<?xml version='1.0' encoding='UTF-8'?><!DOCTYPE paula SYSTEM "paula_feat.dtd">
<paula version="1.1">
	<header paula_id="scriptorium.YA547-550.mark_lemma"/>
	<featList xmlns:xlink="http://www.w3.org/1999/xlink" type="lemma" xml:base="scriptorium.YA547-550.mark.xml">
		<feat xlink:href="#sSpan1" value="ⲁⲩⲱ"/>
		<feat xlink:href="#sSpan12" value="ϩⲁⲧⲛ"/>
		<feat xlink:href="#sSpan16" value="ⲛⲧⲱⲧⲛ"/>
		<feat xlink:href="#sSpan19" value="·"/>
		<feat xlink:href="#sSpan23" value="ϫⲉⲕⲁⲥ"/>
		<feat xlink:href="#sSpan30" value="ⲛⲁⲙⲉ"/>
		<feat xlink:href="#sSpan35" value="ⲉⲣⲉ"/>
		<feat xlink:href="#sSpan39" value="ⲁⲛⲟⲛ"/>
		<feat xlink:href="#sSpan41" value="ⲛⲁ"/>
		<feat xlink:href="#sSpan43" value="ϣⲱⲡⲉ"/>
		<feat xlink:href="#sSpan45" value="ⲛ"/>
		<feat xlink:href="#sSpan50" value="ϣⲏⲣⲉ"/>
		<feat xlink:href="#sSpan53" value="ⲛ"/>
		<feat xlink:href="#sSpan58" value="ⲁⲃⲣⲁϩⲁⲙ"/>
		<feat xlink:href="#sSpan62" value="·"/>
		<feat xlink:href="#sSpan66" value="ⲁⲩⲱ"/>
		<feat xlink:href="#sSpan70" value="ⲡ"/>
		<feat xlink:href="#sSpan75" value="ϣⲏⲣⲉ"/>
		<feat xlink:href="#sSpan78" value="ⲛ"/>
		<feat xlink:href="#sSpan82" value="ⲡⲉⲛ"/>
		<feat xlink:href="#sSpan85" value="ⲉⲓⲱⲧ"/>
		<feat xlink:href="#sSpan88" value="ⲧⲏⲣ"/>
		<feat xlink:href="#sSpan92" value="ⲛⲧⲟⲟⲩ"/>
		<feat xlink:href="#sSpan94" value="ⲛ"/>
		<feat xlink:href="#sSpan99" value="ⲁⲣⲭⲁⲓⲟⲥ"/>
		<feat xlink:href="#sSpan102" value="·"/>
		<feat xlink:href="#sSpan106" value="ⲡⲁⲓ"/>
		<feat xlink:href="#sSpan114" value="ⲉⲧⲉⲣⲉ"/>
		<feat xlink:href="#sSpan119" value="ⲁ"/>
		<feat xlink:href="#sSpan121" value="ⲡ"/>
		<feat xlink:href="#sSpan124" value="ϫⲟⲉⲓⲥ"/>
		<feat xlink:href="#sSpan126" value="ⲥⲙⲟⲩ"/>
		<feat xlink:href="#sSpan130" value="ⲉ"/>
		<feat xlink:href="#sSpan135" value="ⲛⲧⲟⲟⲩ"/>
		<feat xlink:href="#sSpan137" value="·"/>
		<feat xlink:href="#sSpan141" value="ϫⲉ"/>
		<feat xlink:href="#sSpan148" value="ⲁ"/>
		<feat xlink:href="#sSpan150" value="ⲛⲧⲟⲟⲩ"/>
		<feat xlink:href="#sSpan152" value="ⲙⲉ"/>
		<feat xlink:href="#sSpan155" value="ⲡⲉⲩ"/>
		<feat xlink:href="#sSpan158" value="ϣⲏⲣⲉ"/>
		<feat xlink:href="#sSpan160" value="ⲙⲛ"/>
		<feat xlink:href="#sSpan165" value="ⲡⲉⲩ"/>
		<feat xlink:href="#sSpan168" value="ϣⲉⲉⲣⲉ"/>
		<feat xlink:href="#sSpan170" value="ⲛⲧⲉ"/>
		<feat xlink:href="#sSpan175" value="ⲡ"/>
		<feat xlink:href="#sSpan179" value="ⲥⲁⲣⲝ"/>
		<feat xlink:href="#sSpan181" value="ⲙⲙⲁⲧⲉ"/>
		<feat xlink:href="#sSpan186" value="ⲁⲛ"/>
		<feat xlink:href="#sSpan190" value="·"/>
		<feat xlink:href="#sSpan194" value="ⲙⲛ"/>
		<feat xlink:href="#sSpan198" value="ⲡ"/>
		<feat xlink:href="#sSpan201" value="ⲉⲧⲉⲣⲉ"/>
		<feat xlink:href="#sSpan203" value="ⲱⲡ"/>
		<feat xlink:href="#sSpan206" value="ⲧⲏⲣ"/>
		<feat xlink:href="#sSpan210" value="ⲛⲧⲟⲟⲩ"/>
		<feat xlink:href="#sSpan212" value="ⲉ"/>
		<feat xlink:href="#sSpan216" value="ⲛⲧⲟⲟⲩ"/>
		<feat xlink:href="#sSpan219" value="·"/>
		<feat xlink:href="#sSpan224" value="ⲁⲗⲗⲁ"/>
		<feat xlink:href="#sSpan231" value="ⲁ"/>
		<feat xlink:href="#sSpan235" value="ⲛⲧⲟⲟⲩ"/>
		<feat xlink:href="#sSpan237" value="ⲙⲉ"/>
		<feat xlink:href="#sSpan240" value="ⲟⲩⲟⲛ"/>
		<feat xlink:href="#sSpan244" value="ⲛⲓⲙ"/>
		<feat xlink:href="#sSpan248" value="ⲉⲧⲉⲣⲉ"/>
		<feat xlink:href="#sSpan254" value="ⲡⲓⲥⲧⲉⲩⲉ"/>
		<feat xlink:href="#sSpan256" value="ⲉ"/>
		<feat xlink:href="#sSpan260" value="ⲡ"/>
		<feat xlink:href="#sSpan264" value="ⲛⲟⲩⲧⲉ"/>
		<feat xlink:href="#sSpan266" value="·"/>
		<feat xlink:href="#sSpan270" value="ⲁⲩⲱ"/>
		<feat xlink:href="#sSpan274" value="ⲉⲧⲉⲣⲉ"/>
		<feat xlink:href="#sSpan279" value="ϩⲁⲣⲉϩ"/>
		<feat xlink:href="#sSpan281" value="ⲉ"/>
		<feat xlink:href="#sSpan285" value="ⲡ"/>
		<feat xlink:href="#sSpan289" value="ⲉⲛⲧⲟⲗⲏ"/>
		<feat xlink:href="#sSpan292" value="ⲛ"/>
		<feat xlink:href="#sSpan296" value="ⲡ"/>
		<feat xlink:href="#sSpan299" value="ⲛⲟⲩⲧⲉ"/>
		<feat xlink:href="#sSpan302" value="·"/>
		<feat xlink:href="#sSpan306" value="ⲁⲩⲱ"/>
		<feat xlink:href="#sSpan313" value="ⲛ"/>
		<feat xlink:href="#sSpan317" value="ⲡⲉⲓ"/>
		<feat xlink:href="#sSpan319" value="ϩⲉ"/>
		<feat xlink:href="#sSpan322" value="ⲁ"/>
		<feat xlink:href="#sSpan326" value="ⲡⲉⲩ"/>
		<feat xlink:href="#sSpan330" value="ⲥⲡⲉⲣⲙⲁ"/>
		<feat xlink:href="#sSpan334" value="ⲕⲗⲏⲣⲟⲛⲟⲙⲉⲓ"/>
		<feat xlink:href="#sSpan339" value="ⲛ"/>
		<feat xlink:href="#sSpan343" value="ⲟⲩⲟⲛ"/>
		<feat xlink:href="#sSpan347" value="ⲛⲓⲙ"/>
		<feat xlink:href="#sSpan351" value="ⲉⲧⲉⲣⲉ"/>
		<feat xlink:href="#sSpan356" value="ⲛⲁ"/>
		<feat xlink:href="#sSpan358" value="ϣⲱⲡⲉ"/>
		<feat xlink:href="#sSpan360" value="ⲛ"/>
		<feat xlink:href="#sSpan366" value="ⲡⲓⲥⲧⲟⲥ"/>
		<feat xlink:href="#sSpan369" value="·"/>
		<feat xlink:href="#sSpan373" value="ⲁⲩⲱ"/>
		<feat xlink:href="#sSpan378" value="ⲡ"/>
		<feat xlink:href="#sSpan384" value="ⲇⲓⲕⲁⲓⲟⲥ"/>
		<feat xlink:href="#sSpan386" value="ϫⲓⲛ"/>
		<feat xlink:href="#sSpan394" value="ⲡ"/>
		<feat xlink:href="#sSpan396" value="ϣⲟⲣⲡ"/>
		<feat xlink:href="#sSpan398" value="ϣⲁϩⲣⲁⲓ"/>
		<feat xlink:href="#sSpan404" value="ⲉ"/>
		<feat xlink:href="#sSpan408" value="ⲡ"/>
		<feat xlink:href="#sSpan410" value="ϩⲟⲟⲩ"/>
		<feat xlink:href="#sSpan412" value="ⲛ"/>
		<feat xlink:href="#sSpan416" value="ϩⲟⲟⲩ"/>
		<feat xlink:href="#sSpan419" value="ⲁⲩⲱ"/>
		<feat xlink:href="#sSpan423" value="ϣⲁ"/>
		<feat xlink:href="#sSpan427" value="ⲉⲛⲉϩ"/>
		<feat xlink:href="#sSpan431" value="·"/>
		<feat xlink:href="#sSpan435" value="ⲉϣϫⲉ"/>
		<feat xlink:href="#sSpan444" value="ⲁ"/>
		<feat xlink:href="#sSpan448" value="ⲟⲩ"/>
		<feat xlink:href="#sSpan451" value="ϣⲏⲣⲉ"/>
		<feat xlink:href="#sSpan454" value="ⲇⲉ"/>
		<feat xlink:href="#sSpan458" value="ⲡ"/>
		<feat xlink:href="#sSpan463" value="ⲁⲧⲥⲱⲧⲙ"/>
		<feat xlink:href="#sSpan466" value="ⲁⲩⲱ"/>
		<feat xlink:href="#sSpan470" value="ⲛ"/>
		<feat xlink:href="#sSpan477" value="ⲣⲉϥⲣⲛⲟⲃⲉ"/>
		<feat xlink:href="#sSpan481" value="ϣⲱⲡⲉ"/>
		<feat xlink:href="#sSpan486" value="ⲛ"/>
		<feat xlink:href="#sSpan490" value="ⲡⲉⲛ"/>
		<feat xlink:href="#sSpan493" value="ⲉⲓⲱⲧ"/>
		<feat xlink:href="#sSpan496" value="ⲛ"/>
		<feat xlink:href="#sSpan501" value="ⲁⲣⲭⲁⲓⲟⲥ"/>
		<feat xlink:href="#sSpan504" value="·"/>
		<feat xlink:href="#sSpan508" value="ⲙⲡⲉ"/>
		<feat xlink:href="#sSpan515" value="ⲛⲧⲟⲟⲩ"/>
		<feat xlink:href="#sSpan517" value="ⲁⲑⲉⲧⲓ"/>
		<feat xlink:href="#sSpan520" value="ⲛ"/>
		<feat xlink:href="#sSpan524" value="ⲡⲉⲩ"/>
		<feat xlink:href="#sSpan527" value="ϣⲏⲣⲉ"/>
		<feat xlink:href="#sSpan529" value="ⲛ"/>
		<feat xlink:href="#sSpan535" value="ⲇⲓⲕⲁⲓⲟⲥ"/>
		<feat xlink:href="#sSpan537" value="ⲉ"/>
		<feat xlink:href="#sSpan541" value="ⲧⲣⲉ"/>
		<feat xlink:href="#sSpan543" value="ⲛⲧⲟⲟⲩ"/>
		<feat xlink:href="#sSpan545" value="ⲡⲱⲧ"/>
		<feat xlink:href="#sSpan549" value="ⲉⲃⲟⲗ"/>
		<feat xlink:href="#sSpan553" value="ⲛ"/>
		<feat xlink:href="#sSpan557" value="ⲛⲧⲟⲟⲩ"/>
		<feat xlink:href="#sSpan560" value="·"/>
		<feat xlink:href="#sSpan564" value="ⲉⲧⲃⲉ"/>
		<feat xlink:href="#sSpan571" value="ⲡ"/>
		<feat xlink:href="#sSpan574" value="ⲁϣⲁⲓ"/>
		<feat xlink:href="#sSpan577" value="ⲛ"/>
		<feat xlink:href="#sSpan581" value="ⲛ"/>
		<feat xlink:href="#sSpan584" value="ⲙⲛⲧⲁⲧⲥⲃⲱ"/>
		<feat xlink:href="#sSpan590" value="ⲛ"/>
		<feat xlink:href="#sSpan594" value="ⲡ"/>
		<feat xlink:href="#sSpan597" value="ϣⲏⲣⲉ"/>
		<feat xlink:href="#sSpan599" value="ⲉⲧⲉⲣⲉ"/>
		<feat xlink:href="#sSpan604" value="ϩⲟⲟⲩ"/>
		<feat xlink:href="#sSpan606" value="·"/>
		<feat xlink:href="#sSpan611" value="ⲁⲗⲗⲁ"/>
		<feat xlink:href="#sSpan618" value="ⲉⲣⲉ"/>
		<feat xlink:href="#sSpan623" value="ⲁ"/>
		<feat xlink:href="#sSpan625" value="ⲛⲧⲟⲟⲩ"/>
		<feat xlink:href="#sSpan627" value="ϣⲱⲱⲧ"/>
		<feat xlink:href="#sSpan630" value="ⲉⲃⲟⲗ"/>
		<feat xlink:href="#sSpan635" value="ⲛ"/>
		<feat xlink:href="#sSpan639" value="ⲛⲧⲟⲟⲩ"/>
		<feat xlink:href="#sSpan641" value="ⲛ"/>
		<feat xlink:href="#sSpan645" value="ⲡ"/>
		<feat xlink:href="#sSpan649" value="ϣⲏⲣⲉ"/>
		<feat xlink:href="#sSpan651" value="ⲛ"/>
		<feat xlink:href="#sSpan656" value="ⲣⲉϥⲣⲛⲟⲃⲉ"/>
		<feat xlink:href="#sSpan661" value="·"/>
		<feat xlink:href="#sSpan665" value="ⲁ"/>
		<feat xlink:href="#sSpan672" value="ⲛⲧⲟⲟⲩ"/>
		<feat xlink:href="#sSpan674" value="ϭⲱ"/>
		<feat xlink:href="#sSpan676" value="ⲙⲛ"/>
		<feat xlink:href="#sSpan680" value="ⲡⲉⲩ"/>
		<feat xlink:href="#sSpan684" value="ϣⲏⲣⲉ"/>
		<feat xlink:href="#sSpan686" value="ⲛ"/>
		<feat xlink:href="#sSpan691" value="ⲇⲓⲕⲁⲓⲟⲥ"/>
		<feat xlink:href="#sSpan694" value="ⲛ"/>
		<feat xlink:href="#sSpan698" value="ⲡ"/>
		<feat xlink:href="#sSpan701" value="ϩⲟⲟⲩ"/>
		<feat xlink:href="#sSpan704" value="ⲧⲏⲣ"/>
		<feat xlink:href="#sSpan708" value="ⲛⲧⲟⲟⲩ"/>
		<feat xlink:href="#sSpan710" value="ⲛ"/>
		<feat xlink:href="#sSpan714" value="ⲡⲉⲩ"/>
		<feat xlink:href="#sSpan718" value="ⲱⲛϩ"/>
		<feat xlink:href="#sSpan720" value="·"/>
		<feat xlink:href="#sSpan725" value="ⲉⲧⲃⲉ"/>
		<feat xlink:href="#sSpan734" value="ⲡⲁⲓ"/>
		<feat xlink:href="#sSpan738" value="ⲕⲁⲧⲁ"/>
		<feat xlink:href="#sSpan742" value="ⲡ"/>
		<feat xlink:href="#sSpan745" value="ϩⲉ"/>
		<feat xlink:href="#sSpan747" value="ⲉⲧⲉⲣⲉ"/>
		<feat xlink:href="#sSpan751" value="ⲁ"/>
		<feat xlink:href="#sSpan753" value="ϩⲁϩ"/>
		<feat xlink:href="#sSpan756" value="ⲛ"/>
		<feat xlink:href="#sSpan760" value="ϣⲏⲣⲉ"/>
		<feat xlink:href="#sSpan763" value="ⲛ"/>
		<feat xlink:href="#sSpan768" value="ⲣⲉϥⲣⲛⲟⲃⲉ"/>
		<feat xlink:href="#sSpan774" value="ⲗⲩⲡⲉⲓ"/>
		<feat xlink:href="#sSpan778" value="ⲛ"/>
		<feat xlink:href="#sSpan782" value="ⲡⲉⲛ"/>
		<feat xlink:href="#sSpan785" value="ⲉⲓⲱⲧ"/>
		<feat xlink:href="#sSpan788" value="ⲛ"/>
		<feat xlink:href="#sSpan793" value="ⲁⲣⲭⲁⲓⲟⲥ"/>
		<feat xlink:href="#sSpan796" value="·"/>
		<feat xlink:href="#sSpan800" value="ⲡⲁⲓ"/>
		<feat xlink:href="#sSpan808" value="ⲟⲛ"/>
		<feat xlink:href="#sSpan812" value="ⲡⲉ"/>
		<feat xlink:href="#sSpan816" value="ⲡ"/>
		<feat xlink:href="#sSpan821" value="ϩⲉ"/>
		<feat xlink:href="#sSpan823" value="ⲉⲧⲉⲣⲉ"/>
		<feat xlink:href="#sSpan827" value="ⲁ"/>
		<feat xlink:href="#sSpan829" value="ϩⲁϩ"/>
		<feat xlink:href="#sSpan832" value="ⲛ"/>
		<feat xlink:href="#sSpan836" value="ϣⲏⲣⲉ"/>
		<feat xlink:href="#sSpan839" value="ⲛ"/>
		<feat xlink:href="#sSpan844" value="ⲇⲓⲕⲁⲓⲟⲥ"/>
		<feat xlink:href="#sSpan848" value="ⲉⲩⲫⲣⲁⲛⲉ"/>
		<feat xlink:href="#sSpan852" value="ⲛ"/>
		<feat xlink:href="#sSpan857" value="ⲛⲧⲟⲟⲩ"/>
		<feat xlink:href="#sSpan859" value="·"/>
		<feat xlink:href="#sSpan863" value="ⲁⲩⲱ"/>
		<feat xlink:href="#sSpan871" value="ⲕⲁⲧⲁ"/>
		<feat xlink:href="#sSpan876" value="ⲡ"/>
		<feat xlink:href="#sSpan878" value="ϩⲉ"/>
		<feat xlink:href="#sSpan880" value="ⲉⲧⲉⲣⲉ"/>
		<feat xlink:href="#sSpan884" value="ϣⲁⲣⲉ"/>
		<feat xlink:href="#sSpan886" value="ⲡ"/>
		<feat xlink:href="#sSpan892" value="ⲛⲟⲩⲧⲉ"/>
		<feat xlink:href="#sSpan894" value="ϭⲱⲛⲧ"/>
		<feat xlink:href="#sSpan898" value="ⲛ"/>
		<feat xlink:href="#sSpan903" value="ϩⲁϩ"/>
		<feat xlink:href="#sSpan906" value="ⲛ"/>
		<feat xlink:href="#sSpan910" value="ⲥⲟⲡ"/>
		<feat xlink:href="#sSpan913" value="ϩⲱⲥⲧⲉ"/>
		<feat xlink:href="#sSpan918" value="ⲉ"/>
		<feat xlink:href="#sSpan922" value="ⲧⲣⲉ"/>
		<feat xlink:href="#sSpan924" value="ⲛⲧⲟϥ"/>
		<feat xlink:href="#sSpan926" value="ϥⲱⲧⲉ"/>
		<feat xlink:href="#sSpan930" value="ⲉⲃⲟⲗ"/>
		<feat xlink:href="#sSpan934" value="ⲛ"/>
		<feat xlink:href="#sSpan938" value="ϩⲁϩ"/>
		<feat xlink:href="#sSpan941" value="ⲛ"/>
		<feat xlink:href="#sSpan946" value="ⲗⲁⲟⲥ"/>
		<feat xlink:href="#sSpan949" value="ⲛ"/>
		<feat xlink:href="#sSpan954" value="ⲁⲣⲭⲁⲓⲟⲥ"/>
		<feat xlink:href="#sSpan956" value="ⲉⲧⲃⲉ"/>
		<feat xlink:href="#sSpan961" value="ϩⲁϩ"/>
		<feat xlink:href="#sSpan964" value="ⲛ"/>
		<feat xlink:href="#sSpan968" value="ϣⲏⲣⲉ"/>
		<feat xlink:href="#sSpan970" value="ⲛ"/>
		<feat xlink:href="#sSpan976" value="ⲣⲉϥⲣⲛⲟⲃⲉ"/>
		<feat xlink:href="#sSpan980" value="ϩⲣⲁⲓ"/>
		<feat xlink:href="#sSpan984" value="ϩⲛ"/>
		<feat xlink:href="#sSpan989" value="ⲛⲧⲟⲟⲩ"/>
		<feat xlink:href="#sSpan991" value="·"/>
		<feat xlink:href="#sSpan996" value="ⲡⲁⲓ"/>
		<feat xlink:href="#sSpan1006" value="ⲟⲛ"/>
		<feat xlink:href="#sSpan1010" value="ⲡⲉ"/>
		<feat xlink:href="#sSpan1014" value="ⲡ"/>
		<feat xlink:href="#sSpan1018" value="ϩⲉ"/>
		<feat xlink:href="#sSpan1020" value="ⲉⲧⲉⲣⲉ"/>
		<feat xlink:href="#sSpan1025" value="ⲡ"/>
		<feat xlink:href="#sSpan1028" value="ⲛⲟⲩⲧⲉ"/>
		<feat xlink:href="#sSpan1030" value="ⲕⲧⲟ"/>
		<feat xlink:href="#sSpan1033" value="ⲉⲃⲟⲗ"/>
		<feat xlink:href="#sSpan1038" value="ⲛ"/>
		<feat xlink:href="#sSpan1042" value="ⲡⲉϥ"/>
		<feat xlink:href="#sSpan1046" value="ⲟⲣⲅⲏ"/>
		<feat xlink:href="#sSpan1049" value="ⲛ"/>
		<feat xlink:href="#sSpan1053" value="ϩⲁϩ"/>
		<feat xlink:href="#sSpan1056" value="ⲛ"/>
		<feat xlink:href="#sSpan1060" value="ⲥⲟⲡ"/>
		<feat xlink:href="#sSpan1062" value="ⲉⲃⲟⲗ"/>
		<feat xlink:href="#sSpan1068" value="ϩⲓϫⲛ"/>
		<feat xlink:href="#sSpan1072" value="ϩⲁϩ"/>
		<feat xlink:href="#sSpan1075" value="ⲛ"/>
		<feat xlink:href="#sSpan1081" value="ⲗⲁⲟⲥ"/>
		<feat xlink:href="#sSpan1084" value="ⲛ"/>
		<feat xlink:href="#sSpan1089" value="ⲁⲣⲭⲁⲓⲟⲥ"/>
		<feat xlink:href="#sSpan1091" value="·"/>
		<feat xlink:href="#sSpan1095" value="ⲉⲧⲃⲉ"/>
		<feat xlink:href="#sSpan1100" value="ⲡ"/>
		<feat xlink:href="#sSpan1103" value="ϣⲏⲣⲉ"/>
		<feat xlink:href="#sSpan1105" value="ⲛ"/>
		<feat xlink:href="#sSpan1110" value="ⲇⲓⲕⲁⲓⲟⲥ"/>
		<feat xlink:href="#sSpan1113" value="ⲉⲧⲉⲣⲉ"/>
		<feat xlink:href="#sSpan1117" value="ⲁ"/>
		<feat xlink:href="#sSpan1119" value="ⲛⲧⲟⲟⲩ"/>
		<feat xlink:href="#sSpan1121" value="ϣⲱⲡⲉ"/>
		<feat xlink:href="#sSpan1124" value="ϩⲣⲁⲓ"/>
		<feat xlink:href="#sSpan1128" value="ϩⲛ"/>
		<feat xlink:href="#sSpan1133" value="ⲛⲧⲟⲟⲩ"/>
		<feat xlink:href="#sSpan1135" value="·"/>
		<feat xlink:href="#sSpan1139" value="ⲁⲩⲱ"/>
		<feat xlink:href="#sSpan1147" value="ⲕⲁⲧⲁ"/>
		<feat xlink:href="#sSpan1152" value="ⲡ"/>
		<feat xlink:href="#sSpan1154" value="ϩⲉ"/>
		<feat xlink:href="#sSpan1156" value="ⲉⲧⲉⲣⲉ"/>
		<feat xlink:href="#sSpan1160" value="ⲁ"/>
		<feat xlink:href="#sSpan1162" value="ⲟⲩ"/>
		<feat xlink:href="#sSpan1165" value="ⲙⲏⲏϣⲉ"/>
		<feat xlink:href="#sSpan1168" value="ⲉⲣⲉ"/>
		<feat xlink:href="#sSpan1172" value="ⲛⲁϣⲉ"/>
		<feat xlink:href="#sSpan1174" value="ⲛⲧⲟⲟⲩ"/>
		<feat xlink:href="#sSpan1176" value="ⲙⲟⲩ"/>
		<feat xlink:href="#sSpan1181" value="ϩⲣⲁⲓ"/>
		<feat xlink:href="#sSpan1186" value="ϩⲛ"/>
		<feat xlink:href="#sSpan1190" value="ⲡⲉⲩ"/>
		<feat xlink:href="#sSpan1193" value="ⲙⲛⲧϣⲁϥⲧⲉ"/>
		<feat xlink:href="#sSpan1196" value="·"/>
		<feat xlink:href="#sSpan1200" value="ϩⲣⲁⲓ"/>
		<feat xlink:href="#sSpan1206" value="ϩⲛ"/>
		<feat xlink:href="#sSpan1209" value="ⲁⲛⲟⲙⲓⲁ"/>
		<feat xlink:href="#sSpan1212" value="ⲛⲓⲙ"/>
		<feat xlink:href="#sSpan1217" value="ⲉⲧⲃⲉ"/>
		<feat xlink:href="#sSpan1221" value="ϩⲁϩ"/>
		<feat xlink:href="#sSpan1224" value="ⲛ"/>
		<feat xlink:href="#sSpan1229" value="ⲡⲣⲟⲫⲏⲧⲏⲥ"/>
		<feat xlink:href="#sSpan1232" value="ⲛ"/>
		<feat xlink:href="#sSpan1236" value="ⲛⲟⲩϫ"/>
		<feat xlink:href="#sSpan1239" value="·"/>
		<feat xlink:href="#sSpan1243" value="ⲉⲣⲉ"/>
		<feat xlink:href="#sSpan1250" value="ⲁ"/>
		<feat xlink:href="#sSpan1252" value="ⲛⲧⲟⲟⲩ"/>
		<feat xlink:href="#sSpan1254" value="ϣⲱⲡⲉ"/>
		<feat xlink:href="#sSpan1257" value="ϩⲣⲁⲓ"/>
		<feat xlink:href="#sSpan1262" value="ϩⲛ"/>
		<feat xlink:href="#sSpan1266" value="ϩⲁϩ"/>
		<feat xlink:href="#sSpan1269" value="ⲛ"/>
		<feat xlink:href="#sSpan1274" value="ⲗⲁⲟⲥ"/>
		<feat xlink:href="#sSpan1277" value="ⲛ"/>
		<feat xlink:href="#sSpan1282" value="ⲁⲣⲭⲁⲓⲟⲥ"/>
		<feat xlink:href="#sSpan1284" value="·"/>
		<feat xlink:href="#sSpan1288" value="ⲉⲣⲉ"/>
		<feat xlink:href="#sSpan1291" value="ⲛⲧⲟⲟⲩ"/>
		<feat xlink:href="#sSpan1293" value="ⲧⲙⲁⲓⲟ"/>
		<feat xlink:href="#sSpan1295" value="ⲛ"/>
		<feat xlink:href="#sSpan1299" value="ⲟⲩ"/>
		<feat xlink:href="#sSpan1301" value="ⲉⲣⲉ"/>
		<feat xlink:href="#sSpan1306" value="ⲛⲧⲟⲟⲩ"/>
		<feat xlink:href="#sSpan1308" value="ⲡⲗⲁⲛⲁ"/>
		<feat xlink:href="#sSpan1310" value="ⲛ"/>
		<feat xlink:href="#sSpan1314" value="ⲛⲧⲟⲟⲩ"/>
		<feat xlink:href="#sSpan1316" value="ⲉⲣⲉ"/>
		<feat xlink:href="#sSpan1321" value="ⲛⲧⲟⲟⲩ"/>
		<feat xlink:href="#sSpan1323" value="ⲥⲱⲕ"/>
		<feat xlink:href="#sSpan1325" value="ⲉϩⲣⲁⲓ"/>
		<feat xlink:href="#sSpan1329" value="ⲉϫⲛ"/>
		<feat xlink:href="#sSpan1333" value="ⲛⲧⲟⲟⲩ"/>
		<feat xlink:href="#sSpan1336" value="ⲙⲛ"/>
		<feat xlink:href="#sSpan1340" value="ⲛⲧⲟⲟⲩ"/>
		<feat xlink:href="#sSpan1342" value="ⲛ"/>
		<feat xlink:href="#sSpan1346" value="ⲡ"/>
		<feat xlink:href="#sSpan1350" value="ⲟⲣⲅⲏ"/>
		<feat xlink:href="#sSpan1353" value="ⲛ"/>
		<feat xlink:href="#sSpan1358" value="ⲡ"/>
		<feat xlink:href="#sSpan1361" value="ⲛⲟⲩⲧⲉ"/>
		<feat xlink:href="#sSpan1364" value="ⲡⲁⲓ"/>
		<feat xlink:href="#sSpan1374" value="ⲟⲛ"/>
		<feat xlink:href="#sSpan1378" value="ⲡⲉ"/>
		<feat xlink:href="#sSpan1382" value="ⲡ"/>
		<feat xlink:href="#sSpan1386" value="ϩⲉ"/>
		<feat xlink:href="#sSpan1388" value="ⲉⲧⲉⲣⲉ"/>
		<feat xlink:href="#sSpan1392" value="ⲁ"/>
		<feat xlink:href="#sSpan1394" value="ⲛⲧⲟⲟⲩ"/>
		<feat xlink:href="#sSpan1396" value="ⲱⲛϩ"/>
		<feat xlink:href="#sSpan1399" value="ⲛϭⲓ"/>
		<feat xlink:href="#sSpan1403" value="ⲟⲩ"/>
		<feat xlink:href="#sSpan1406" value="ⲙⲏⲏϣⲉ"/>
		<feat xlink:href="#sSpan1409" value="ⲉⲣⲉ"/>
		<feat xlink:href="#sSpan1413" value="ⲛⲁϣⲉ"/>
		<feat xlink:href="#sSpan1415" value="ⲛⲧⲟⲟⲩ"/>
		<feat xlink:href="#sSpan1417" value="ϩⲣⲁⲓ"/>
		<feat xlink:href="#sSpan1423" value="ϩⲛ"/>
		<feat xlink:href="#sSpan1428" value="ⲇⲓⲕⲁⲓⲟⲥⲩⲛⲏ"/>
		<feat xlink:href="#sSpan1431" value="ⲛⲓⲙ"/>
		<feat xlink:href="#sSpan1436" value="ⲉⲧⲃⲉ"/>
		<feat xlink:href="#sSpan1440" value="ϩⲁϩ"/>
		<feat xlink:href="#sSpan1443" value="ⲛ"/>
		<feat xlink:href="#sSpan1448" value="ⲡⲣⲟⲫⲏⲧⲏⲥ"/>
		<feat xlink:href="#sSpan1451" value="ⲛⲧⲉ"/>
		<feat xlink:href="#sSpan1456" value="ⲡ"/>
		<feat xlink:href="#sSpan1459" value="ϫⲟⲉⲓⲥ"/>
		<feat xlink:href="#sSpan1461" value="ⲡ"/>
		<feat xlink:href="#sSpan1465" value="ⲛⲟⲩⲧⲉ"/>
		<feat xlink:href="#sSpan1468" value="ⲉⲧⲉⲣⲉ"/>
		<feat xlink:href="#sSpan1475" value="ⲁ"/>
		<feat xlink:href="#sSpan1477" value="ⲛⲧⲟⲟⲩ"/>
		<feat xlink:href="#sSpan1479" value="ϣⲱⲡⲉ"/>
		<feat xlink:href="#sSpan1481" value="ϩⲣⲁⲓ"/>
		<feat xlink:href="#sSpan1487" value="ϩⲛ"/>
		<feat xlink:href="#sSpan1491" value="ϩⲁϩ"/>
		<feat xlink:href="#sSpan1494" value="ⲛ"/>
		<feat xlink:href="#sSpan1499" value="ⲗⲁⲟⲥ"/>
		<feat xlink:href="#sSpan1502" value="ⲛ"/>
		<feat xlink:href="#sSpan1507" value="ⲁⲣⲭⲁⲓⲟⲥ"/>
		<feat xlink:href="#sSpan1509" value="ⲉⲣⲉ"/>
		<feat xlink:href="#sSpan1513" value="ⲛⲧⲟⲟⲩ"/>
		<feat xlink:href="#sSpan1515" value="ϫⲱ"/>
		<feat xlink:href="#sSpan1518" value="ⲛ"/>
		<feat xlink:href="#sSpan1522" value="ⲡ"/>
		<feat xlink:href="#sSpan1525" value="ⲙⲉ"/>
		<feat xlink:href="#sSpan1527" value="·"/>
		<feat xlink:href="#sSpan1531" value="ⲁⲩⲱ"/>
		<feat xlink:href="#sSpan1538" value="ⲉⲣⲉ"/>
		<feat xlink:href="#sSpan1543" value="ⲛⲧⲟⲟⲩ"/>
		<feat xlink:href="#sSpan1545" value="ϫⲡⲓⲟ"/>
		<feat xlink:href="#sSpan1547" value="ⲛ"/>
		<feat xlink:href="#sSpan1551" value="ⲡ"/>
		<feat xlink:href="#sSpan1554" value="ⲉⲧⲉⲣⲉ"/>
		<feat xlink:href="#sSpan1557" value="ⲣⲛⲟⲃⲉ"/>
		<feat xlink:href="#sSpan1561" value="ⲉⲣⲉ"/>
		<feat xlink:href="#sSpan1565" value="ⲛⲧⲟⲟⲩ"/>
		<feat xlink:href="#sSpan1568" value="ⲙⲁⲕⲁⲣⲓⲍⲉ"/>
		<feat xlink:href="#sSpan1571" value="ⲛ"/>
		<feat xlink:href="#sSpan1575" value="ⲡ"/>
		<feat xlink:href="#sSpan1578" value="ⲉⲧⲉⲣⲉ"/>
		<feat xlink:href="#sSpan1580" value="ⲉⲓⲣⲉ"/>
		<feat xlink:href="#sSpan1582" value="ⲛ"/>
		<feat xlink:href="#sSpan1587" value="ⲡ"/>
		<feat xlink:href="#sSpan1591" value="ⲁⲅⲁⲑⲟⲛ"/>
		<feat xlink:href="#sSpan1593" value="·"/>
		<feat xlink:href="#sSpan1598" value="ⲁⲩⲱ"/>
		<feat xlink:href="#sSpan1607" value="ⲕⲁⲧⲁ"/>
		<feat xlink:href="#sSpan1611" value="ⲡ"/>
		<feat xlink:href="#sSpan1613" value="ϩⲉ"/>
		<feat xlink:href="#sSpan1615" value="ⲉⲧⲉⲣⲉ"/>
		<feat xlink:href="#sSpan1619" value="ⲟⲩ"/>
		<feat xlink:href="#sSpan1623" value="ⲉⲃⲟⲗ"/>
		<feat xlink:href="#sSpan1626" value="ϩⲛ"/>
		<feat xlink:href="#sSpan1630" value="ⲡ"/>
		<feat xlink:href="#sSpan1634" value="ⲗⲁⲟⲥ"/>
		<feat xlink:href="#sSpan1637" value="ⲛ"/>
		<feat xlink:href="#sSpan1642" value="ⲁⲣⲭⲁⲓⲟⲥ"/>
		<feat xlink:href="#sSpan1644" value="ⲡⲉ"/>
		<feat xlink:href="#sSpan1649" value="ⲡ"/>
		<feat xlink:href="#sSpan1654" value="ⲉⲧⲉⲣⲉ"/>
		<feat xlink:href="#sSpan1656" value="ⲁ"/>
		<feat xlink:href="#sSpan1658" value="ⲛⲧⲟⲟⲩ"/>
		<feat xlink:href="#sSpan1661" value="ⲡⲗⲁⲛⲁ"/>
		<feat xlink:href="#sSpan1664" value="ⲛ"/>
		<feat xlink:href="#sSpan1668" value="ⲟⲩ"/>
		<feat xlink:href="#sSpan1670" value="ⲉⲧⲉⲣⲉ"/>
		<feat xlink:href="#sSpan1674" value="ⲟⲩ"/>
		<feat xlink:href="#sSpan1679" value="ⲡⲣⲟⲫⲏⲧⲏⲥ"/>
		<feat xlink:href="#sSpan1681" value="ⲛ"/>
		<feat xlink:href="#sSpan1686" value="ⲛⲟⲩϫ"/>
		<feat xlink:href="#sSpan1688" value="ⲡⲉ"/>
		<feat xlink:href="#sSpan1692" value="ⲙⲛ"/>
		<feat xlink:href="#sSpan1696" value="ⲡ"/>
		<feat xlink:href="#sSpan1700" value="ⲟⲩⲏⲏⲃ"/>
		<feat xlink:href="#sSpan1702" value="ⲉⲧⲉⲣⲉ"/>
		<feat xlink:href="#sSpan1706" value="ⲡⲗⲁⲛⲁ"/>
		<feat xlink:href="#sSpan1709" value="·"/>
		<feat xlink:href="#sSpan1713" value="ⲡⲁⲓ"/>
		<feat xlink:href="#sSpan1721" value="ⲟⲛ"/>
		<feat xlink:href="#sSpan1725" value="ⲡⲉ"/>
		<feat xlink:href="#sSpan1730" value="ⲡ"/>
		<feat xlink:href="#sSpan1735" value="ϩⲉ"/>
		<feat xlink:href="#sSpan1738" value="ⲉⲣⲉ"/>
		<feat xlink:href="#sSpan1742" value="ⲟⲩ"/>
		<feat xlink:href="#sSpan1745" value="ⲉⲃⲟⲗ"/>
		<feat xlink:href="#sSpan1747" value="ⲡⲉ"/>
		<feat xlink:href="#sSpan1751" value="ϩⲛ"/>
		<feat xlink:href="#sSpan1756" value="ⲡ"/>
		<feat xlink:href="#sSpan1760" value="ⲗⲁⲟⲥ"/>
		<feat xlink:href="#sSpan1762" value="ⲛ"/>
		<feat xlink:href="#sSpan1767" value="ⲁⲣⲭⲁⲓⲟⲥ"/>
		<feat xlink:href="#sSpan1770" value="ⲡⲉ"/>
		<feat xlink:href="#sSpan1774" value="ⲡ"/>
		<feat xlink:href="#sSpan1780" value="ⲡⲣⲟⲫⲏⲧⲏⲥ"/>
		<feat xlink:href="#sSpan1783" value="ⲛ"/>
		<feat xlink:href="#sSpan1787" value="ⲡ"/>
		<feat xlink:href="#sSpan1790" value="ϫⲟⲉⲓⲥ"/>
		<feat xlink:href="#sSpan1792" value="ⲡ"/>
		<feat xlink:href="#sSpan1797" value="ⲛⲟⲩⲧⲉ"/>
		<feat xlink:href="#sSpan1799" value="ⲉⲧⲉⲣⲉ"/>
		<feat xlink:href="#sSpan1803" value="ⲡⲁⲓ"/>
		<feat xlink:href="#sSpan1806" value="ⲡⲉ"/>
		<feat xlink:href="#sSpan1810" value="·"/>
		<feat xlink:href="#sSpan1815" value="ⲙⲱⲩⲥⲏⲥ"/>
		<feat xlink:href="#sSpan1824" value="·"/>
		<feat xlink:href="#sSpan1828" value="ⲙⲛ"/>
		<feat xlink:href="#sSpan1833" value="ⲓⲏⲥⲟⲩⲥ"/>
		<feat xlink:href="#sSpan1836" value="ⲡ"/>
		<feat xlink:href="#sSpan1841" value="ⲡⲣⲟⲫⲏⲧⲏⲥ"/>
		<feat xlink:href="#sSpan1844" value="·"/>
		<feat xlink:href="#sSpan1848" value="ⲙⲛ"/>
		<feat xlink:href="#sSpan1856" value="ⲏⲥⲁⲓⲁⲥ"/>
		<feat xlink:href="#sSpan1859" value="·"/>
		<feat xlink:href="#sSpan1863" value="ⲙⲛ"/>
		<feat xlink:href="#sSpan1868" value="ⲓⲉⲣⲉⲙⲓⲁⲥ"/>
		<feat xlink:href="#sSpan1872" value="·"/>
		<feat xlink:href="#sSpan1876" value="ⲙⲛ"/>
		<feat xlink:href="#sSpan1881" value="ⲓⲉⲍⲉⲕⲓⲏⲗ"/>
		<feat xlink:href="#sSpan1885" value="·"/>
		<feat xlink:href="#sSpan1889" value="ⲙⲛ"/>
		<feat xlink:href="#sSpan1896" value="ⲡ"/>
		<feat xlink:href="#sSpan1900" value="ⲡⲣⲟⲫⲏⲧⲏⲥ"/>
		<feat xlink:href="#sSpan1903" value="ⲧⲏⲣ"/>
		<feat xlink:href="#sSpan1908" value="ⲛⲧⲟⲟⲩ"/>
		<feat xlink:href="#sSpan1910" value="ⲡⲁⲓ"/>
		<feat xlink:href="#sSpan1914" value="ⲉⲧⲉⲣⲉ"/>
		<feat xlink:href="#sSpan1918" value="ⲁ"/>
		<feat xlink:href="#sSpan1920" value="ⲛⲧⲟⲟⲩ"/>
		<feat xlink:href="#sSpan1922" value="ϫⲡⲓⲟ"/>
		<feat xlink:href="#sSpan1925" value="ⲛ"/>
		<feat xlink:href="#sSpan1929" value="ⲟⲩⲟⲛ"/>
		<feat xlink:href="#sSpan1933" value="ⲛⲓⲙ"/>
		<feat xlink:href="#sSpan1937" value="ⲉⲧⲉⲣⲉ"/>
		<feat xlink:href="#sSpan1942" value="ⲁ"/>
		<feat xlink:href="#sSpan1944" value="ⲛⲧⲟⲟⲩ"/>
		<feat xlink:href="#sSpan1947" value="ⲣⲛⲟⲃⲉ"/>
		<feat xlink:href="#sSpan1951" value="ⲏ"/>
		<feat xlink:href="#sSpan1955" value="ⲉⲧⲉⲣⲉ"/>
		<feat xlink:href="#sSpan1959" value="ⲛⲁ"/>
		<feat xlink:href="#sSpan1963" value="ⲣⲛⲟⲃⲉ"/>
		<feat xlink:href="#sSpan1966" value="ⲛ"/>
		<feat xlink:href="#sSpan1970" value="ⲡ"/>
		<feat xlink:href="#sSpan1973" value="ⲙⲧⲟ"/>
		<feat xlink:href="#sSpan1976" value="ⲉⲃⲟⲗ"/>
		<feat xlink:href="#sSpan1980" value="ⲛ"/>
		<feat xlink:href="#sSpan1984" value="ⲡ"/>
		<feat xlink:href="#sSpan1987" value="ϫⲟⲉⲓⲥ"/>
		<feat xlink:href="#sSpan1990" value="·"/>
		<feat xlink:href="#sSpan1994" value="ⲁⲩⲱ"/>
		<feat xlink:href="#sSpan2001" value="ⲉⲣⲉ"/>
		<feat xlink:href="#sSpan2005" value="ⲁ"/>
		<feat xlink:href="#sSpan2007" value="ⲛⲧⲟⲟⲩ"/>
		<feat xlink:href="#sSpan2010" value="ⲡⲁⲣⲁⲕⲁⲗⲉⲓ"/>
		<feat xlink:href="#sSpan2013" value="ⲛ"/>
		<feat xlink:href="#sSpan2017" value="ⲟⲩⲟⲛ"/>
		<feat xlink:href="#sSpan2021" value="ⲛⲓⲙ"/>
		<feat xlink:href="#sSpan2026" value="ⲉⲧⲉⲣⲉ"/>
		<feat xlink:href="#sSpan2030" value="ⲁ"/>
		<feat xlink:href="#sSpan2032" value="ⲛⲧⲟⲟⲩ"/>
		<feat xlink:href="#sSpan2034" value="ⲉⲓⲣⲉ"/>
		<feat xlink:href="#sSpan2037" value="ⲏ"/>
		<feat xlink:href="#sSpan2042" value="ⲉⲧⲉⲣⲉ"/>
		<feat xlink:href="#sSpan2046" value="ⲛⲁ"/>
		<feat xlink:href="#sSpan2048" value="ⲉⲓⲣⲉ"/>
		<feat xlink:href="#sSpan2051" value="ⲛ"/>
		<feat xlink:href="#sSpan2056" value="ⲇⲓⲕⲁⲓⲟⲥⲩⲛⲏ"/>
		<feat xlink:href="#sSpan2060" value="ⲛⲓⲙ"/>
		<feat xlink:href="#sSpan2065" value="ⲡ"/>
		<feat xlink:href="#sSpan2076" value="ⲡⲣⲟⲫⲏⲧⲏⲥ"/>
		<feat xlink:href="#sSpan2079" value="ⲇⲉ"/>
		<feat xlink:href="#sSpan2083" value="ⲧⲏⲣ"/>
		<feat xlink:href="#sSpan2088" value="ⲛⲧⲟⲟⲩ"/>
		<feat xlink:href="#sSpan2090" value="ⲛ"/>
		<feat xlink:href="#sSpan2094" value="ⲡ"/>
		<feat xlink:href="#sSpan2097" value="ϫⲟⲉⲓⲥ"/>
		<feat xlink:href="#sSpan2099" value="ⲡ"/>
		<feat xlink:href="#sSpan2104" value="ⲛⲟⲩⲧⲉ"/>
		<feat xlink:href="#sSpan2106" value="·"/>
		<feat xlink:href="#sSpan2110" value="ⲁⲩⲱ"/>
		<feat xlink:href="#sSpan2114" value="ⲡ"/>
		<feat xlink:href="#sSpan2120" value="ⲁⲡⲟⲥⲧⲟⲗⲟⲥ"/>
		<feat xlink:href="#sSpan2122" value="ⲛⲧⲉ"/>
		<feat xlink:href="#sSpan2127" value="ⲡⲉⲛ"/>
		<feat xlink:href="#sSpan2130" value="ϫⲟⲉⲓⲥ"/>
		<feat xlink:href="#sSpan2133" value="ⲓⲏⲥⲟⲩⲥ"/>
		<feat xlink:href="#sSpan2138" value="·"/>
		<feat xlink:href="#sSpan2142" value="ⲟⲩ"/>
		<feat xlink:href="#sSpan2150" value="ⲉⲃⲟⲗ"/>
		<feat xlink:href="#sSpan2152" value="ⲧⲏⲣ"/>
		<feat xlink:href="#sSpan2157" value="ⲛⲧⲟⲟⲩ"/>
		<feat xlink:href="#sSpan2159" value="ⲡⲉ"/>
		<feat xlink:href="#sSpan2163" value="ϩⲛ"/>
		<feat xlink:href="#sSpan2167" value="ⲡ"/>
		<feat xlink:href="#sSpan2170" value="ⲥⲡⲉⲣⲙⲁ"/>
		<feat xlink:href="#sSpan2173" value="ⲛ"/>
		<feat xlink:href="#sSpan2177" value="ⲡⲉⲛ"/>
		<feat xlink:href="#sSpan2180" value="ⲉⲓⲱⲧ"/>
		<feat xlink:href="#sSpan2184" value="ⲁⲃⲣⲁϩⲁⲙ"/>
		<feat xlink:href="#sSpan2188" value="·"/>
		<feat xlink:href="#sSpan2192" value="ⲁⲩⲱ"/>
		<feat xlink:href="#sSpan2200" value="ⲙⲡⲉ"/>
		<feat xlink:href="#sSpan2204" value="ⲛⲧⲟⲟⲩ"/>
		<feat xlink:href="#sSpan2207" value="ϯⲥⲟ"/>
		<feat xlink:href="#sSpan2210" value="ⲉ"/>
		<feat xlink:href="#sSpan2215" value="ⲡ"/>
		<feat xlink:href="#sSpan2218" value="ⲉⲃⲟⲗ"/>
		<feat xlink:href="#sSpan2221" value="ϩⲛ"/>
		<feat xlink:href="#sSpan2226" value="ⲁⲃⲣⲁϩⲁⲙ"/>
		<feat xlink:href="#sSpan2230" value="ⲛⲧⲉⲣⲉ"/>
		<feat xlink:href="#sSpan2234" value="ⲛⲧⲟⲟⲩ"/>
		<feat xlink:href="#sSpan2237" value="ⲣⲛⲟⲃⲉ"/>
		<feat xlink:href="#sSpan2241" value="ⲛ"/>
		<feat xlink:href="#sSpan2245" value="ⲡ"/>
		<feat xlink:href="#sSpan2248" value="ⲙⲧⲟ"/>
		<feat xlink:href="#sSpan2251" value="ⲉⲃⲟⲗ"/>
		<feat xlink:href="#sSpan2255" value="ⲙ"/>
		<feat xlink:href="#sSpan2259" value="ⲡ"/>
		<feat xlink:href="#sSpan2262" value="ⲛⲟⲩⲧⲉ"/>
		<feat xlink:href="#sSpan2265" value="ⲉⲧⲉⲣⲉ"/>
		<feat xlink:href="#sSpan2269" value="ⲁ"/>
		<feat xlink:href="#sSpan2271" value="ⲛⲧⲟϥ"/>
		<feat xlink:href="#sSpan2273" value="ⲧⲁⲙⲓⲟ"/>
		<feat xlink:href="#sSpan2276" value="ⲛⲧⲟⲟⲩ"/>
		<feat xlink:href="#sSpan2278" value="·"/>
		<feat xlink:href="#sSpan2283" value="ⲁⲗⲗⲁ"/>
		<feat xlink:href="#sSpan2290" value="ⲉⲣⲉ"/>
		<feat xlink:href="#sSpan2294" value="ⲁ"/>
		<feat xlink:href="#sSpan2296" value="ⲛⲧⲟⲟⲩ"/>
		<feat xlink:href="#sSpan2298" value="ⲉⲓⲛⲉ"/>
		<feat xlink:href="#sSpan2302" value="ⲉϩⲣⲁⲓ"/>
		<feat xlink:href="#sSpan2306" value="ⲉϫⲛ"/>
		<feat xlink:href="#sSpan2310" value="ⲡⲉⲩ"/>
		<feat xlink:href="#sSpan2314" value="ⲥⲟⲛ"/>
		<feat xlink:href="#sSpan2316" value="ⲛ"/>
		<feat xlink:href="#sSpan2320" value="ⲉⲃⲟⲗ"/>
		<feat xlink:href="#sSpan2324" value="ⲛ"/>
		<feat xlink:href="#sSpan2328" value="ⲛⲧⲟⲟⲩ"/>
		<feat xlink:href="#sSpan2330" value="ⲛ"/>
		<feat xlink:href="#sSpan2334" value="ⲟⲩ"/>
		<feat xlink:href="#sSpan2338" value="ⲛⲟϭ"/>
		<feat xlink:href="#sSpan2340" value="ⲛ"/>
		<feat xlink:href="#sSpan2344" value="ⲥⲁϩⲟⲩ"/>
		<feat xlink:href="#sSpan2346" value="·"/>
		<feat xlink:href="#sSpan2351" value="ⲕⲁⲧⲁ"/>
		<feat xlink:href="#sSpan2359" value="ⲡ"/>
		<feat xlink:href="#sSpan2362" value="ⲉⲧⲉⲣⲉ"/>
		<feat xlink:href="#sSpan2364" value="ⲥϩⲁⲓ"/>
		<feat xlink:href="#sSpan2366" value="ⲧⲏⲣ"/>
		<feat xlink:href="#sSpan2371" value="ⲛⲧⲟⲟⲩ"/>
		<feat xlink:href="#sSpan2373" value="ϩⲛ"/>
		<feat xlink:href="#sSpan2377" value="ⲡ"/>
		<feat xlink:href="#sSpan2381" value="ⲛⲟⲙⲟⲥ"/>
		<feat xlink:href="#sSpan2384" value="ⲛ"/>
		<feat xlink:href="#sSpan2389" value="ⲙⲱⲩⲥⲏⲥ"/>
		<feat xlink:href="#sSpan2392" value="·"/>
		<feat xlink:href="#sSpan2397" value="ⲁⲩⲱ"/>
		<feat xlink:href="#sSpan2405" value="ⲟⲛ"/>
		<feat xlink:href="#sSpan2409" value="ⲉⲣⲉ"/>
		<feat xlink:href="#sSpan2413" value="ⲁ"/>
		<feat xlink:href="#sSpan2415" value="ⲛⲧⲟⲟⲩ"/>
		<feat xlink:href="#sSpan2417" value="ⲥⲙⲟⲩ"/>
		<feat xlink:href="#sSpan2419" value="ⲉ"/>
		<feat xlink:href="#sSpan2424" value="ⲟⲩⲟⲛ"/>
		<feat xlink:href="#sSpan2428" value="ⲛⲓⲙ"/>
		<feat xlink:href="#sSpan2432" value="ⲉⲧⲉⲣⲉ"/>
		<feat xlink:href="#sSpan2436" value="ⲁ"/>
		<feat xlink:href="#sSpan2438" value="ⲛⲧⲟⲟⲩ"/>
		<feat xlink:href="#sSpan2441" value="ϯⲉⲟⲟⲩ"/>
		<feat xlink:href="#sSpan2445" value="ⲛ"/>
		<feat xlink:href="#sSpan2449" value="ⲡ"/>
		<feat xlink:href="#sSpan2452" value="ϫⲟⲉⲓⲥ"/>
		<feat xlink:href="#sSpan2454" value="ⲡ"/>
		<feat xlink:href="#sSpan2460" value="ⲛⲟⲩⲧⲉ"/>
		<feat xlink:href="#sSpan2462" value="ϩⲛ"/>
		<feat xlink:href="#sSpan2466" value="ⲡⲉⲩ"/>
		<feat xlink:href="#sSpan2469" value="ϩⲱⲃ"/>
		<feat xlink:href="#sSpan2472" value="ⲛ"/>
		<feat xlink:href="#sSpan2477" value="ⲇⲓⲕⲁⲓⲟⲥⲩⲛⲏ"/>
		<feat xlink:href="#sSpan2480" value="·"/>
		<feat xlink:href="#sSpan2485" value="ⲛ"/>
		<feat xlink:href="#sSpan2493" value="ϩⲟⲩⲟ"/>
		<feat xlink:href="#sSpan2497" value="ⲇⲉ"/>
		<feat xlink:href="#sSpan2501" value="ⲉ"/>
		<feat xlink:href="#sSpan2505" value="ⲡ"/>
		<feat xlink:href="#sSpan2507" value="ϩⲟⲩⲟ"/>
		<feat xlink:href="#sSpan2510" value="ⲉⲧⲉⲣⲉ"/>
		<feat xlink:href="#sSpan2514" value="ⲁ"/>
		<feat xlink:href="#sSpan2516" value="ⲛⲧⲟⲟⲩ"/>
		<feat xlink:href="#sSpan2518" value="ⲥϩⲟⲩⲣ"/>
		<feat xlink:href="#sSpan2522" value="ⲡⲣⲟⲫⲏⲧⲏⲥ"/>
		<feat xlink:href="#sSpan2525" value="ⲛⲓⲙ"/>
		<feat xlink:href="#sSpan2530" value="ⲁⲛⲟⲛ"/>
		<feat xlink:href="#sSpan2534" value="ⲛⲟⲩϫ"/>
		<feat xlink:href="#sSpan2536" value="·"/>
		<feat xlink:href="#sSpan2540" value="ⲙⲛ"/>
		<feat xlink:href="#sSpan2544" value="ⲡ"/>
		<feat xlink:href="#sSpan2548" value="ⲟⲩⲏⲏⲃ"/>
		<feat xlink:href="#sSpan2550" value="ⲧⲏⲣ"/>
		<feat xlink:href="#sSpan2554" value="ⲛⲧⲟⲟⲩ"/>
		<feat xlink:href="#sSpan2556" value="ⲉⲧⲉⲣⲉ"/>
		<feat xlink:href="#sSpan2562" value="ⲡⲗⲁⲛⲁ"/>
		<feat xlink:href="#sSpan2564" value="·"/>
		<feat xlink:href="#sSpan2568" value="ⲙⲛ"/>
		<feat xlink:href="#sSpan2573" value="ⲁⲛⲧⲓⲭⲣⲓⲥⲧⲟⲥ"/>
		<feat xlink:href="#sSpan2577" value="ⲛⲓⲙ"/>
		<feat xlink:href="#sSpan2582" value="·"/>
		<feat xlink:href="#sSpan2586" value="ⲙⲛ"/>
		<feat xlink:href="#sSpan2593" value="ⲡ"/>
		<feat xlink:href="#sSpan2596" value="ⲥⲁϩ"/>
		<feat xlink:href="#sSpan2598" value="ⲧⲏⲣ"/>
		<feat xlink:href="#sSpan2603" value="ⲛⲧⲟⲟⲩ"/>
		<feat xlink:href="#sSpan2605" value="ⲛ"/>
		<feat xlink:href="#sSpan2609" value="ⲛⲟⲩϫ"/>
		<feat xlink:href="#sSpan2612" value="ⲙⲛ"/>
		<feat xlink:href="#sSpan2617" value="ⲟⲩⲟⲛ"/>
		<feat xlink:href="#sSpan2621" value="ⲛⲓⲙ"/>
		<feat xlink:href="#sSpan2625" value="ⲉⲧⲉⲣⲉ"/>
		<feat xlink:href="#sSpan2630" value="ⲉⲓⲣⲉ"/>
		<feat xlink:href="#sSpan2632" value="ⲛ"/>
		<feat xlink:href="#sSpan2637" value="ⲁⲧⲛⲁϩⲧⲉ"/>
		<feat xlink:href="#sSpan2642" value="ⲉ"/>
		<feat xlink:href="#sSpan2646" value="ⲡⲉⲛ"/>
		<feat xlink:href="#sSpan2649" value="ϫⲟⲉⲓⲥ"/>
		<feat xlink:href="#sSpan2652" value="ⲓⲏⲥⲟⲩⲥ"/>
		<feat xlink:href="#sSpan2657" value="ϫⲓⲛ"/>
		<feat xlink:href="#sSpan2661" value="ⲡ"/>
		<feat xlink:href="#sSpan2663" value="ϣⲟⲣⲡ"/>
		<feat xlink:href="#sSpan2665" value="ϣⲁϩⲣⲁⲓ"/>
		<feat xlink:href="#sSpan2670" value="ⲉ"/>
		<feat xlink:href="#sSpan2674" value="ⲧⲉⲛⲟⲩ"/>
		<feat xlink:href="#sSpan2677" value="·"/>
		<feat xlink:href="#sSpan2681" value="ⲉϣϫⲉ"/>
		<feat xlink:href="#sSpan2691" value="ⲡ"/>
		<feat xlink:href="#sSpan2697" value="ⲡⲣⲟⲫⲏⲧⲏⲥ"/>
		<feat xlink:href="#sSpan2701" value="ⲇⲉ"/>
		<feat xlink:href="#sSpan2705" value="ⲧⲏⲣ"/>
		<feat xlink:href="#sSpan2709" value="ⲛⲧⲟⲟⲩ"/>
		<feat xlink:href="#sSpan2711" value="·"/>
		<feat xlink:href="#sSpan2715" value="ⲁⲩⲱ"/>
		<feat xlink:href="#sSpan2720" value="ⲡ"/>
		<feat xlink:href="#sSpan2726" value="ⲁⲡⲟⲥⲧⲟⲗⲟⲥ"/>
		<feat xlink:href="#sSpan2729" value="ⲧⲏⲣ"/>
		<feat xlink:href="#sSpan2733" value="ⲛⲧⲟⲟⲩ"/>
		<feat xlink:href="#sSpan2735" value="·"/>
		<feat xlink:href="#sSpan2739" value="ⲁⲩⲱ"/>
		<feat xlink:href="#sSpan2744" value="ⲡⲉⲛ"/>
		<feat xlink:href="#sSpan2749" value="ⲉⲓⲱⲧ"/>
		<feat xlink:href="#sSpan2752" value="ⲧⲏⲣ"/>
		<feat xlink:href="#sSpan2756" value="ⲛⲧⲟⲟⲩ"/>
		<feat xlink:href="#sSpan2758" value="ⲛ"/>
		<feat xlink:href="#sSpan2763" value="ⲁⲣⲭⲁⲓⲟⲥ"/>
		<feat xlink:href="#sSpan2768" value="·"/>
		<feat xlink:href="#sSpan2772" value="ⲁⲩⲱ"/>
		<feat xlink:href="#sSpan2776" value="ⲡ"/>
		<feat xlink:href="#sSpan2782" value="ⲇⲓⲕⲁⲓⲟⲥ"/>
		<feat xlink:href="#sSpan2785" value="ⲧⲏⲣ"/>
		<feat xlink:href="#sSpan2789" value="ⲛⲧⲟⲟⲩ"/>
		<feat xlink:href="#sSpan2791" value="ϫⲓⲛ"/>
		<feat xlink:href="#sSpan2795" value="ⲡ"/>
		<feat xlink:href="#sSpan2798" value="ϣⲟⲣⲡ"/>
		<feat xlink:href="#sSpan2800" value="ϣⲁϩⲣⲁⲓ"/>
		<feat xlink:href="#sSpan2805" value="ⲉ"/>
		<feat xlink:href="#sSpan2810" value="ⲡ"/>
		<feat xlink:href="#sSpan2812" value="ϩⲟⲟⲩ"/>
		<feat xlink:href="#sSpan2814" value="ⲛ"/>
		<feat xlink:href="#sSpan2818" value="ϩⲟⲟⲩ"/>
		<feat xlink:href="#sSpan2820" value="·"/>
		<feat xlink:href="#sSpan2824" value="ⲟⲩ"/>
		<feat xlink:href="#sSpan2833" value="ⲣⲱⲙⲉ"/>
		<feat xlink:href="#sSpan2835" value="ⲡⲉ"/>
		<feat xlink:href="#sSpan2839" value="ⲉⲣⲉ"/>
		<feat xlink:href="#sSpan2844" value="ⲛⲧⲟⲟⲩ"/>
		<feat xlink:href="#sSpan2846" value="ⲉⲓⲣⲉ"/>
		<feat xlink:href="#sSpan2849" value="ⲛ"/>
		<feat xlink:href="#sSpan2853" value="ⲡ"/>
		<feat xlink:href="#sSpan2856" value="ⲙⲉ"/>
		<feat xlink:href="#sSpan2858" value="·"/>
		<feat xlink:href="#sSpan2862" value="ⲁⲩⲱ"/>
		<feat xlink:href="#sSpan2867" value="ⲉⲣⲉ"/>
		<feat xlink:href="#sSpan2871" value="ⲛⲧⲟⲟⲩ"/>
		<feat xlink:href="#sSpan2873" value="ϫⲱ"/>
		<feat xlink:href="#sSpan2875" value="ⲛ"/>
		<feat xlink:href="#sSpan2879" value="ⲡ"/>
		<feat xlink:href="#sSpan2883" value="ⲙⲉ"/>
		<feat xlink:href="#sSpan2885" value="ϫⲉ"/>
		<feat xlink:href="#sSpan2892" value="ⲡ"/>
		<feat xlink:href="#sSpan2895" value="ⲙⲉ"/>
		<feat xlink:href="#sSpan2897" value="ϣⲱⲡⲉ"/>
		<feat xlink:href="#sSpan2902" value="ϩⲣⲁⲓ"/>
		<feat xlink:href="#sSpan2906" value="ϩⲛ"/>
		<feat xlink:href="#sSpan2910" value="ⲛⲧⲟⲟⲩ"/>
		<feat xlink:href="#sSpan2912" value="·"/>
		<feat xlink:href="#sSpan2916" value="ⲁⲩⲱ"/>
		<feat xlink:href="#sSpan2924" value="ⲡⲁⲓ"/>
		<feat xlink:href="#sSpan2929" value="ⲡⲉ"/>
		<feat xlink:href="#sSpan2933" value="ⲡ"/>
		<feat xlink:href="#sSpan2937" value="ϩⲉ"/>
		<feat xlink:href="#sSpan2939" value="ⲉⲧⲉⲣⲉ"/>
		<feat xlink:href="#sSpan2944" value="ⲁ"/>
		<feat xlink:href="#sSpan2946" value="ⲛⲧⲟⲟⲩ"/>
		<feat xlink:href="#sSpan2948" value="ⲥⲟⲟⲩⲧⲛ"/>
		<feat xlink:href="#sSpan2950" value="ϩⲛ"/>
		<feat xlink:href="#sSpan2955" value="ⲡⲉⲩ"/>
		<feat xlink:href="#sSpan2958" value="ϩⲱⲃ"/>
		<feat xlink:href="#sSpan2960" value="ⲧⲏⲣ"/>
		<feat xlink:href="#sSpan2965" value="ⲛⲧⲟⲟⲩ"/>
		<feat xlink:href="#sSpan2967" value="ⲉⲃⲟⲗ"/>
		<feat xlink:href="#sSpan2971" value="ϩⲓⲧⲛ"/>
		<feat xlink:href="#sSpan2976" value="ⲡ"/>
		<feat xlink:href="#sSpan2979" value="ⲛⲟⲩⲧⲉ"/>
		<feat xlink:href="#sSpan2981" value="·"/>
		<feat xlink:href="#sSpan2986" value="ⲁⲛⲟⲛ"/>
		<feat xlink:href="#sSpan2994" value="ϩⲱⲱ"/>
		<feat xlink:href="#sSpan2998" value="ⲁⲛⲟⲛ"/>
		<feat xlink:href="#sSpan3001" value="ⲱ"/>
		<feat xlink:href="#sSpan3005" value="ⲡ"/>
		<feat xlink:href="#sSpan3011" value="ⲥⲟⲛ"/>
		<feat xlink:href="#sSpan3013" value="ⲙⲁⲣⲉ"/>
		<feat xlink:href="#sSpan3017" value="ⲁⲛⲟⲛ"/>
		<feat xlink:href="#sSpan3019" value="ⲉⲓⲣⲉ"/>
		<feat xlink:href="#sSpan3022" value="ⲡ"/>
		<feat xlink:href="#sSpan3025" value="ⲙⲉ"/>
		<feat xlink:href="#sSpan3027" value="ⲁⲩⲱ"/>
		<feat xlink:href="#sSpan3031" value="ⲛⲧⲉ"/>
		<feat xlink:href="#sSpan3035" value="ⲁⲛⲟⲛ"/>
		<feat xlink:href="#sSpan3037" value="ϫⲱ"/>
		<feat xlink:href="#sSpan3040" value="ⲛ"/>
		<feat xlink:href="#sSpan3044" value="ⲡ"/>
		<feat xlink:href="#sSpan3047" value="ⲙⲉ"/>
		<feat xlink:href="#sSpan3049" value="ϫⲉⲕⲁⲥ"/>
		<feat xlink:href="#sSpan3054" value="ⲉⲣⲉ_ⲁⲛⲟⲛ"/>
		<feat xlink:href="#sSpan3058" value="ⲥⲟⲟⲩⲧⲛ"/>
		<feat xlink:href="#sSpan3061" value="ϩⲛ"/>
		<feat xlink:href="#sSpan3065" value="ⲡⲉⲛ"/>
		<feat xlink:href="#sSpan3068" value="ϩⲱⲃ"/>
		<feat xlink:href="#sSpan3070" value="ⲧⲏⲣ"/>
		<feat xlink:href="#sSpan3075" value="ⲛⲧⲟⲟⲩ"/>
		<feat xlink:href="#sSpan3077" value="·"/>
		<feat xlink:href="#sSpan3081" value="ⲁⲩⲱ"/>
		<feat xlink:href="#sSpan3088" value="ϫⲉⲕⲁⲥ"/>
		<feat xlink:href="#sSpan3093" value="ⲉⲣⲉ_ⲁⲛⲟⲛ"/>
		<feat xlink:href="#sSpan3097" value="ϣⲱⲡⲉ"/>
		<feat xlink:href="#sSpan3100" value="ⲉⲣⲉ"/>
		<feat xlink:href="#sSpan3104" value="ⲁⲛⲟⲛ"/>
		<feat xlink:href="#sSpan3106" value="ⲱⲡ"/>
		<feat xlink:href="#sSpan3108" value="ⲉ"/>
		<feat xlink:href="#sSpan3113" value="ⲡ"/>
		<feat xlink:href="#sSpan3117" value="ⲡⲣⲟⲫⲏⲧⲏⲥ"/>
		<feat xlink:href="#sSpan3119" value="ⲙⲛ"/>
		<feat xlink:href="#sSpan3124" value="ⲡ"/>
		<feat xlink:href="#sSpan3128" value="ⲁⲡⲟⲥⲧⲟⲗⲟⲥ"/>
		<feat xlink:href="#sSpan3131" value="·"/>
		<feat xlink:href="#sSpan3135" value="ⲙⲛ"/>
		<feat xlink:href="#sSpan3139" value="ⲡ"/>
		<feat xlink:href="#sSpan3142" value="ⲉⲧⲉⲣⲉ"/>
		<feat xlink:href="#sSpan3144" value="ⲟⲩⲟⲡ"/>
		<feat xlink:href="#sSpan3147" value="ⲧⲏⲣ"/>
		<feat xlink:href="#sSpan3151" value="ⲛⲧⲟⲟⲩ"/>
		<feat xlink:href="#sSpan3153" value="·"/>
		<feat xlink:href="#sSpan3157" value="ⲁⲩⲱ"/>
		<feat xlink:href="#sSpan3165" value="ⲛⲧⲉ"/>
		<feat xlink:href="#sSpan3169" value="ⲁⲛⲟⲛ"/>
		<feat xlink:href="#sSpan3171" value="ⲉⲓⲣⲉ"/>
		<feat xlink:href="#sSpan3173" value="ⲙⲡϣⲁ"/>
		<feat xlink:href="#sSpan3176" value="ⲛ"/>
		<feat xlink:href="#sSpan3181" value="ⲡ"/>
		<feat xlink:href="#sSpan3184" value="ⲛⲟⲩⲧⲉ"/>
		<feat xlink:href="#sSpan3186" value="·"/>
		<feat xlink:href="#sSpan3190" value="ϫⲉ"/>
		<feat xlink:href="#sSpan3195" value="ⲟⲩ"/>
		<feat xlink:href="#sSpan3198" value="ⲙⲉ"/>
		<feat xlink:href="#sSpan3200" value="ⲡⲉ"/>
		<feat xlink:href="#sSpan3204" value="ⲡ"/>
		<feat xlink:href="#sSpan3210" value="ⲛⲟⲩⲧⲉ"/>
		<feat xlink:href="#sSpan3212" value="·"/>
		<feat xlink:href="#sSpan3216" value="ⲁⲩⲱ"/>
		<feat xlink:href="#sSpan3223" value="ⲟⲩ"/>
		<feat xlink:href="#sSpan3229" value="ⲙⲉ"/>
		<feat xlink:href="#sSpan3233" value="ⲡⲉ"/>
		<feat xlink:href="#sSpan3237" value="ⲡⲉⲛ"/>
		<feat xlink:href="#sSpan3242" value="ϫⲟⲉⲓⲥ"/>
		<feat xlink:href="#sSpan3247" value="ⲓⲏⲥⲟⲩⲥ"/>
		<feat xlink:href="#sSpan3251" value="ⲡⲁⲓ"/>
		<feat xlink:href="#sSpan3255" value="ⲉⲧⲉⲣⲉ"/>
		<feat xlink:href="#sSpan3259" value="ⲁ"/>
		<feat xlink:href="#sSpan3261" value="ⲛⲧⲟϥ"/>
		<feat xlink:href="#sSpan3263" value="ϫⲱ"/>
		<feat xlink:href="#sSpan3266" value="ⲛⲧⲟⲥ"/>
		<feat xlink:href="#sSpan3268" value="ϫⲉ"/>
		<feat xlink:href="#sSpan3272" value="ⲁⲛⲟⲕ"/>
		<feat xlink:href="#sSpan3274" value="ⲡⲉ"/>
		<feat xlink:href="#sSpan3279" value="ⲡ"/>
		<feat xlink:href="#sSpan3284" value="ⲙⲉ"/>
		<feat xlink:href="#sSpan3286" value="·"/>
		<feat xlink:href="#sSpan3291" value="ⲉⲧⲃⲉ"/>
		<feat xlink:href="#sSpan3301" value="ⲡⲁⲓ"/>
		<feat xlink:href="#sSpan3304" value="ⲙⲡⲣⲧⲣⲉ"/>
		<feat xlink:href="#sSpan3308" value="ⲁⲛⲟⲛ"/>
		<feat xlink:href="#sSpan3310" value="ϣⲱⲡⲉ"/>
		<feat xlink:href="#sSpan3313" value="ⲉⲣⲉ"/>
		<feat xlink:href="#sSpan3317" value="ⲁⲛⲟⲛ"/>
		<feat xlink:href="#sSpan3319" value="ϫⲱ"/>
		<feat xlink:href="#sSpan3321" value="ⲛ"/>
		<feat xlink:href="#sSpan3325" value="ⲡ"/>
		<feat xlink:href="#sSpan3329" value="ϭⲟⲗ"/>
		<feat xlink:href="#sSpan3331" value="·"/>
		<feat xlink:href="#sSpan3335" value="ⲉⲧⲃⲉ"/>
		<feat xlink:href="#sSpan3342" value="ⲡⲉⲛ"/>
		<feat xlink:href="#sSpan3345" value="ϩⲱⲃ"/>
		<feat xlink:href="#sSpan3348" value="ⲉⲧⲉⲣⲉ"/>
		<feat xlink:href="#sSpan3352" value="ϩⲟⲟⲩ"/>
		<feat xlink:href="#sSpan3354" value="ⲉⲧⲉⲣⲉ"/>
		<feat xlink:href="#sSpan3359" value="ⲁⲛⲟⲛ"/>
		<feat xlink:href="#sSpan3361" value="ⲉⲓⲣⲉ"/>
		<feat xlink:href="#sSpan3363" value="ⲛ"/>
		<feat xlink:href="#sSpan3367" value="ⲛⲧⲟⲟⲩ"/>
		<feat xlink:href="#sSpan3369" value="ϩⲛ"/>
		<feat xlink:href="#sSpan3374" value="ⲡ"/>
		<feat xlink:href="#sSpan3377" value="ⲕⲁⲕⲉ"/>
		<feat xlink:href="#sSpan3379" value="·"/>
		<feat xlink:href="#sSpan3383" value="ϫⲉ"/>
		<feat xlink:href="#sSpan3390" value="ⲉⲣⲉ"/>
		<feat xlink:href="#sSpan3393" value="ⲛⲛⲉ"/>
		<feat xlink:href="#sSpan3395" value="ⲁⲛⲟⲛ"/>
		<feat xlink:href="#sSpan3397" value="ϣⲱⲡⲉ"/>
		<feat xlink:href="#sSpan3399" value="ⲉ"/>
		<feat xlink:href="#sSpan3404" value="ⲁⲛⲟⲛ"/>
		<feat xlink:href="#sSpan3406" value="ⲱⲡ"/>
		<feat xlink:href="#sSpan3408" value="ⲉ"/>
		<feat xlink:href="#sSpan3412" value="ⲡ"/>
		<feat xlink:href="#sSpan3416" value="ⲥⲁⲧⲁⲛⲁⲥ"/>
		<feat xlink:href="#sSpan3419" value="·"/>
		<feat xlink:href="#sSpan3423" value="ⲡⲁⲓ"/>
		<feat xlink:href="#sSpan3431" value="ⲉⲧⲉⲣⲉ"/>
		<feat xlink:href="#sSpan3435" value="ⲙⲛ"/>
		<feat xlink:href="#sSpan3437" value="ⲙⲉ"/>
		<feat xlink:href="#sSpan3441" value="ϣⲱⲡⲉ"/>
		<feat xlink:href="#sSpan3445" value="ϩⲣⲁⲓ"/>
		<feat xlink:href="#sSpan3449" value="ϩⲛ"/>
		<feat xlink:href="#sSpan3454" value="ⲛⲧⲟϥ"/>
		<feat xlink:href="#sSpan3456" value="ϫⲉ"/>
		<feat xlink:href="#sSpan3463" value="ⲟⲩ"/>
		<feat xlink:href="#sSpan3467" value="ⲣⲉϥϫⲓϭⲟⲗ"/>
		<feat xlink:href="#sSpan3472" value="ⲡⲉ"/>
		<feat xlink:href="#sSpan3476" value="·"/>
		<feat xlink:href="#sSpan3480" value="ⲁⲩⲱ"/>
		<feat xlink:href="#sSpan3487" value="ⲙⲡⲉ"/>
		<feat xlink:href="#sSpan3492" value="ⲛⲧⲟϥ"/>
		<feat xlink:href="#sSpan3494" value="ⲱϩⲉ"/>
		<feat xlink:href="#sSpan3496" value="ⲣⲁⲧ"/>
		<feat xlink:href="#sSpan3498" value="ⲛⲧⲟϥ"/>
		<feat xlink:href="#sSpan3500" value="ϩⲛ"/>
		<feat xlink:href="#sSpan3504" value="ⲙⲉ"/>
		<feat xlink:href="#sSpan3508" value="ⲉⲛⲉϩ"/>
		<feat xlink:href="#sSpan3512" value="ⲉⲧⲃⲉ"/>
		<feat xlink:href="#sSpan3521" value="ⲡⲁⲓ"/>
		<feat xlink:href="#sSpan3524" value="ⲣⲟ"/>
		<feat xlink:href="#sSpan3528" value="ⲛⲧⲟϥ"/>
		<feat xlink:href="#sSpan3532" value="ⲥⲁϩⲟⲩ"/>
		<feat xlink:href="#sSpan3536" value="ⲉⲣⲉ"/>
		<feat xlink:href="#sSpan3540" value="ⲛⲧⲟϥ"/>
		<feat xlink:href="#sSpan3542" value="ϫⲟ"/>
		<feat xlink:href="#sSpan3544" value="ⲛ"/>
		<feat xlink:href="#sSpan3548" value="ⲡ"/>
		<feat xlink:href="#sSpan3551" value="ϭⲟⲗ"/>
		<feat xlink:href="#sSpan3553" value="ⲙⲛ"/>
		<feat xlink:href="#sSpan3558" value="ⲛⲟⲃⲉ"/>
		<feat xlink:href="#sSpan3561" value="ⲛⲓⲙ"/>
		<feat xlink:href="#sSpan3565" value="ϩⲣⲁⲓ"/>
		<feat xlink:href="#sSpan3571" value="ϩⲛ"/>
		<feat xlink:href="#sSpan3575" value="ⲡ"/>
		<feat xlink:href="#sSpan3578" value="ⲉⲧⲉⲣⲉ"/>
		<feat xlink:href="#sSpan3580" value="ⲡⲱϥ"/>
		<feat xlink:href="#sSpan3583" value="ⲡⲉ"/>
		<feat xlink:href="#sSpan3588" value="ⲕⲁⲧⲁ"/>
		<feat xlink:href="#sSpan3592" value="ⲡ"/>
		<feat xlink:href="#sSpan3595" value="ϩⲉ"/>
		<feat xlink:href="#sSpan3597" value="ⲉⲧⲉⲣⲉ"/>
		<feat xlink:href="#sSpan3601" value="ⲥϩⲁⲓ"/>
		<feat xlink:href="#sSpan3603" value="·"/>
		<feat xlink:href="#sSpan3607" value="ϫⲉ"/>
		<feat xlink:href="#sSpan3616" value="ϩⲟⲧⲁⲛ"/>
		<feat xlink:href="#sSpan3618" value="ⲉⲣⲉ"/>
		<feat xlink:href="#sSpan3622" value="ⲡ"/>
		<feat xlink:href="#sSpan3626" value="ϭⲟⲗ"/>
		<feat xlink:href="#sSpan3628" value="ⲛⲁ"/>
		<feat xlink:href="#sSpan3632" value="ϣⲁϫⲉ"/>
		<feat xlink:href="#sSpan3634" value="ϣⲁⲣⲉ"/>
		<feat xlink:href="#sSpan3639" value="ⲛⲧⲟϥ"/>
		<feat xlink:href="#sSpan3641" value="ϣⲁϫⲉ"/>
		<feat xlink:href="#sSpan3643" value="ⲉⲃⲟⲗ"/>
		<feat xlink:href="#sSpan3648" value="ϩⲛ"/>
		<feat xlink:href="#sSpan3653" value="ⲡ"/>
		<feat xlink:href="#sSpan3656" value="ⲉⲧⲉⲣⲉ"/>
		<feat xlink:href="#sSpan3658" value="ⲡⲱϥ"/>
		<feat xlink:href="#sSpan3660" value="ⲡⲉ"/>
		<feat xlink:href="#sSpan3666" value="ⲛⲟⲉⲓ"/>
		<feat xlink:href="#sSpan3671" value="ⲟⲩⲛ"/>
		<feat xlink:href="#sSpan3675" value="ϫⲉ"/>
		<feat xlink:href="#sSpan3680" value="ⲟⲩⲟⲛ"/>
		<feat xlink:href="#sSpan3684" value="ⲛⲓⲙ"/>
		<feat xlink:href="#sSpan3688" value="ⲉⲧⲉⲣⲉ"/>
		<feat xlink:href="#sSpan3692" value="ⲉⲓⲣⲉ"/>
		<feat xlink:href="#sSpan3695" value="ⲛ"/>
		<feat xlink:href="#sSpan3699" value="ⲡ"/>
		<feat xlink:href="#sSpan3702" value="ⲛⲟⲃⲉ"/>
		<feat xlink:href="#sSpan3704" value="·"/>
		<feat xlink:href="#sSpan3708" value="ⲁⲩⲱ"/>
		<feat xlink:href="#sSpan3713" value="ⲉⲧⲉⲣⲉ"/>
		<feat xlink:href="#sSpan3717" value="ϫⲱ"/>
		<feat xlink:href="#sSpan3719" value="ⲛ"/>
		<feat xlink:href="#sSpan3723" value="ⲡ"/>
		<feat xlink:href="#sSpan3727" value="ϭⲟⲗ"/>
		<feat xlink:href="#sSpan3729" value="ⲉⲣⲉ"/>
		<feat xlink:href="#sSpan3733" value="ⲛⲧⲟⲟⲩ"/>
		<feat xlink:href="#sSpan3735" value="ⲱⲡ"/>
		<feat xlink:href="#sSpan3737" value="ⲉ"/></featList></paula>