<?xml version='1.0' encoding='UTF-8'?><!DOCTYPE paula SYSTEM "paula_rel.dtd">
<paula version="1.1">
	<header paula_id="scriptorium.YA547-550.head"/>
	<relList xmlns:xlink="http://www.w3.org/1999/xlink" type="head">
		<rel id="sPointingRel1773" xlink:href="scriptorium.YA547-550.mark.xml#sSpan3289" target="scriptorium.YA547-550.mark.xml#sSpan3295"/>
		<rel id="sPointingRel1775" xlink:href="scriptorium.YA547-550.mark.xml#sSpan76" target="scriptorium.YA547-550.mark.xml#sSpan77"/>
		<rel id="sPointingRel1777" xlink:href="scriptorium.YA547-550.mark.xml#sSpan2970" target="scriptorium.YA547-550.mark.xml#sSpan2968"/>
		<rel id="sPointingRel1779" xlink:href="scriptorium.YA547-550.mark.xml#sSpan2049" target="scriptorium.YA547-550.mark.xml#sSpan2046"/>
		<rel id="sPointingRel1781" xlink:href="scriptorium.YA547-550.mark.xml#sSpan267" target="scriptorium.YA547-550.mark.xml#sSpan269"/>
		<rel id="sPointingRel1783" xlink:href="scriptorium.YA547-550.mark.xml#sSpan386" target="scriptorium.YA547-550.mark.xml#sSpan390"/>
		<rel id="sPointingRel1785" xlink:href="scriptorium.YA547-550.mark.xml#sSpan1656" target="scriptorium.YA547-550.mark.xml#sSpan1658"/>
		<rel id="sPointingRel1787" xlink:href="scriptorium.YA547-550.mark.xml#sSpan2279" target="scriptorium.YA547-550.mark.xml#sSpan2280"/>
		<rel id="sPointingRel1789" xlink:href="scriptorium.YA547-550.mark.xml#sSpan535" target="scriptorium.YA547-550.mark.xml#sSpan536"/>
		<rel id="sPointingRel1791" xlink:href="scriptorium.YA547-550.mark.xml#sSpan695" target="scriptorium.YA547-550.mark.xml#sSpan696"/>
		<rel id="sPointingRel1793" xlink:href="scriptorium.YA547-550.mark.xml#sSpan3781" target="scriptorium.YA547-550.mark.xml#sSpan3783"/>
		<rel id="sPointingRel1795" xlink:href="scriptorium.YA547-550.mark.xml#sSpan2159" target="scriptorium.YA547-550.mark.xml#sSpan2163"/>
		<rel id="sPointingRel1797" xlink:href="scriptorium.YA547-550.mark.xml#sSpan1367" target="scriptorium.YA547-550.mark.xml#sSpan1369"/>
		<rel id="sPointingRel1799" xlink:href="scriptorium.YA547-550.mark.xml#sSpan2087" target="scriptorium.YA547-550.mark.xml#sSpan2085"/>
		<rel id="sPointingRel1801" xlink:href="scriptorium.YA547-550.mark.xml#sSpan903" target="scriptorium.YA547-550.mark.xml#sSpan907"/>
		<rel id="sPointingRel1803" xlink:href="scriptorium.YA547-550.mark.xml#sSpan1043" target="scriptorium.YA547-550.mark.xml#sSpan1044"/>
		<rel id="sPointingRel1805" xlink:href="scriptorium.YA547-550.mark.xml#sSpan2845" target="scriptorium.YA547-550.mark.xml#sSpan2853"/>
		<rel id="sPointingRel1807" xlink:href="scriptorium.YA547-550.mark.xml#sSpan1240" target="scriptorium.YA547-550.mark.xml#sSpan1246"/>
		<rel id="sPointingRel1809" xlink:href="scriptorium.YA547-550.mark.xml#sSpan815" target="scriptorium.YA547-550.mark.xml#sSpan813"/>
		<rel id="sPointingRel1811" xlink:href="scriptorium.YA547-550.mark.xml#sSpan374" target="scriptorium.YA547-550.mark.xml#sSpan372"/>
		<rel id="sPointingRel1813" xlink:href="scriptorium.YA547-550.mark.xml#sSpan2870" target="scriptorium.YA547-550.mark.xml#sSpan2875"/>
		<rel id="sPointingRel1815" xlink:href="scriptorium.YA547-550.mark.xml#sSpan2505" target="scriptorium.YA547-550.mark.xml#sSpan2506"/>
		<rel id="sPointingRel1817" xlink:href="scriptorium.YA547-550.mark.xml#sSpan468" target="scriptorium.YA547-550.mark.xml#sSpan471"/>
		<rel id="sPointingRel1819" xlink:href="scriptorium.YA547-550.mark.xml#sSpan2937" target="scriptorium.YA547-550.mark.xml#sSpan2938"/>
		<rel id="sPointingRel1821" xlink:href="scriptorium.YA547-550.mark.xml#sSpan1118" target="scriptorium.YA547-550.mark.xml#sSpan1119"/>
		<rel id="sPointingRel1823" xlink:href="scriptorium.YA547-550.mark.xml#sSpan1379" target="scriptorium.YA547-550.mark.xml#sSpan1380"/>
		<rel id="sPointingRel1825" xlink:href="scriptorium.YA547-550.mark.xml#sSpan2414" target="scriptorium.YA547-550.mark.xml#sSpan2416"/>
		<rel id="sPointingRel1827" xlink:href="scriptorium.YA547-550.mark.xml#sSpan3253" target="scriptorium.YA547-550.mark.xml#sSpan3257"/>
		<rel id="sPointingRel1829" xlink:href="scriptorium.YA547-550.mark.xml#sSpan2176" target="scriptorium.YA547-550.mark.xml#sSpan2201"/>
		<rel id="sPointingRel1831" xlink:href="scriptorium.YA547-550.mark.xml#sSpan2126" target="scriptorium.YA547-550.mark.xml#sSpan2127"/>
		<rel id="sPointingRel1833" xlink:href="scriptorium.YA547-550.mark.xml#sSpan978" target="scriptorium.YA547-550.mark.xml#sSpan983"/>
		<rel id="sPointingRel1835" xlink:href="scriptorium.YA547-550.mark.xml#sSpan3739" target="scriptorium.YA547-550.mark.xml#sSpan3736"/>
		<rel id="sPointingRel1837" xlink:href="scriptorium.YA547-550.mark.xml#sSpan1803" target="scriptorium.YA547-550.mark.xml#sSpan1805"/>
		<rel id="sPointingRel1839" xlink:href="scriptorium.YA547-550.mark.xml#sSpan2396" target="scriptorium.YA547-550.mark.xml#sSpan2394"/>
		<rel id="sPointingRel1841" xlink:href="scriptorium.YA547-550.mark.xml#sSpan2586" target="scriptorium.YA547-550.mark.xml#sSpan2587"/>
		<rel id="sPointingRel1843" xlink:href="scriptorium.YA547-550.mark.xml#sSpan1769" target="scriptorium.YA547-550.mark.xml#sSpan1785"/>
		<rel id="sPointingRel1845" xlink:href="scriptorium.YA547-550.mark.xml#sSpan3711" target="scriptorium.YA547-550.mark.xml#sSpan3709"/>
		<rel id="sPointingRel1847" xlink:href="scriptorium.YA547-550.mark.xml#sSpan2347" target="scriptorium.YA547-550.mark.xml#sSpan2348"/>
		<rel id="sPointingRel1849" xlink:href="scriptorium.YA547-550.mark.xml#sSpan1576" target="scriptorium.YA547-550.mark.xml#sSpan1574"/>
		<rel id="sPointingRel1851" xlink:href="scriptorium.YA547-550.mark.xml#sSpan3329" target="scriptorium.YA547-550.mark.xml#sSpan3332"/>
		<rel id="sPointingRel1853" xlink:href="scriptorium.YA547-550.mark.xml#sSpan1181" target="scriptorium.YA547-550.mark.xml#sSpan1182"/>
		<rel id="sPointingRel1855" xlink:href="scriptorium.YA547-550.mark.xml#sSpan86" target="scriptorium.YA547-550.mark.xml#sSpan87"/>
		<rel id="sPointingRel1857" xlink:href="scriptorium.YA547-550.mark.xml#sSpan2249" target="scriptorium.YA547-550.mark.xml#sSpan2247"/>
		<rel id="sPointingRel1859" xlink:href="scriptorium.YA547-550.mark.xml#sSpan659" target="scriptorium.YA547-550.mark.xml#sSpan660"/>
		<rel id="sPointingRel1861" xlink:href="scriptorium.YA547-550.mark.xml#sSpan2096" target="scriptorium.YA547-550.mark.xml#sSpan2106"/>
		<rel id="sPointingRel1863" xlink:href="scriptorium.YA547-550.mark.xml#sSpan1925" target="scriptorium.YA547-550.mark.xml#sSpan1927"/>
		<rel id="sPointingRel1865" xlink:href="scriptorium.YA547-550.mark.xml#sSpan3605" target="scriptorium.YA547-550.mark.xml#sSpan3606"/>
		<rel id="sPointingRel1867" xlink:href="scriptorium.YA547-550.mark.xml#sSpan1677" target="scriptorium.YA547-550.mark.xml#sSpan1673"/>
		<rel id="sPointingRel1869" xlink:href="scriptorium.YA547-550.mark.xml#sSpan3244" target="scriptorium.YA547-550.mark.xml#sSpan3245"/>
		<rel id="sPointingRel1871" xlink:href="scriptorium.YA547-550.mark.xml#sSpan2370" target="scriptorium.YA547-550.mark.xml#sSpan2378"/>
		<rel id="sPointingRel1873" xlink:href="scriptorium.YA547-550.mark.xml#sSpan1861" target="scriptorium.YA547-550.mark.xml#sSpan1859"/>
		<rel id="sPointingRel1875" xlink:href="scriptorium.YA547-550.mark.xml#sSpan1478" target="scriptorium.YA547-550.mark.xml#sSpan1479"/>
		<rel id="sPointingRel1877" xlink:href="scriptorium.YA547-550.mark.xml#sSpan1071" target="scriptorium.YA547-550.mark.xml#sSpan1076"/>
		<rel id="sPointingRel1879" xlink:href="scriptorium.YA547-550.mark.xml#sSpan54" target="scriptorium.YA547-550.mark.xml#sSpan52"/>
		<rel id="sPointingRel1881" xlink:href="scriptorium.YA547-550.mark.xml#sSpan1723" target="scriptorium.YA547-550.mark.xml#sSpan1724"/>
		<rel id="sPointingRel1883" xlink:href="scriptorium.YA547-550.mark.xml#sSpan303" target="scriptorium.YA547-550.mark.xml#sSpan304"/>
		<rel id="sPointingRel1885" xlink:href="scriptorium.YA547-550.mark.xml#sSpan1646" target="scriptorium.YA547-550.mark.xml#sSpan1658"/>
		<rel id="sPointingRel1887" xlink:href="scriptorium.YA547-550.mark.xml#sSpan1060" target="scriptorium.YA547-550.mark.xml#sSpan1062"/>
		<rel id="sPointingRel1889" xlink:href="scriptorium.YA547-550.mark.xml#sSpan3001" target="scriptorium.YA547-550.mark.xml#sSpan3002"/>
		<rel id="sPointingRel1891" xlink:href="scriptorium.YA547-550.mark.xml#sSpan2821" target="scriptorium.YA547-550.mark.xml#sSpan2823"/>
		<rel id="sPointingRel1893" xlink:href="scriptorium.YA547-550.mark.xml#sSpan2897" target="scriptorium.YA547-550.mark.xml#sSpan2898"/>
		<rel id="sPointingRel1895" xlink:href="scriptorium.YA547-550.mark.xml#sSpan3187" target="scriptorium.YA547-550.mark.xml#sSpan3185"/>
		<rel id="sPointingRel1897" xlink:href="scriptorium.YA547-550.mark.xml#sSpan1959" target="scriptorium.YA547-550.mark.xml#sSpan1956"/>
		<rel id="sPointingRel1899" xlink:href="scriptorium.YA547-550.mark.xml#sSpan768" target="scriptorium.YA547-550.mark.xml#sSpan773"/>
		<rel id="sPointingRel1901" xlink:href="scriptorium.YA547-550.mark.xml#sSpan1612" target="scriptorium.YA547-550.mark.xml#sSpan1614"/>
		<rel id="sPointingRel1903" xlink:href="scriptorium.YA547-550.mark.xml#sSpan3091" target="scriptorium.YA547-550.mark.xml#sSpan3092"/>
		<rel id="sPointingRel1905" xlink:href="scriptorium.YA547-550.mark.xml#sSpan3275" target="scriptorium.YA547-550.mark.xml#sSpan3277"/>
		<rel id="sPointingRel1907" xlink:href="scriptorium.YA547-550.mark.xml#sSpan728" target="scriptorium.YA547-550.mark.xml#sSpan730"/>
		<rel id="sPointingRel1909" xlink:href="scriptorium.YA547-550.mark.xml#sSpan1450" target="scriptorium.YA547-550.mark.xml#sSpan1448"/>
		<rel id="sPointingRel1911" xlink:href="scriptorium.YA547-550.mark.xml#sSpan1999" target="scriptorium.YA547-550.mark.xml#sSpan2000"/>
		<rel id="sPointingRel1913" xlink:href="scriptorium.YA547-550.mark.xml#sSpan2660" target="scriptorium.YA547-550.mark.xml#sSpan2658"/>
		<rel id="sPointingRel1915" xlink:href="scriptorium.YA547-550.mark.xml#sSpan3222" target="scriptorium.YA547-550.mark.xml#sSpan3220"/>
		<rel id="sPointingRel1917" xlink:href="scriptorium.YA547-550.mark.xml#sSpan2496" target="scriptorium.YA547-550.mark.xml#sSpan2497"/>
		<rel id="sPointingRel1919" xlink:href="scriptorium.YA547-550.mark.xml#sSpan2260" target="scriptorium.YA547-550.mark.xml#sSpan2258"/>
		<rel id="sPointingRel1921" xlink:href="scriptorium.YA547-550.mark.xml#sSpan3465" target="scriptorium.YA547-550.mark.xml#sSpan3467"/>
		<rel id="sPointingRel1923" xlink:href="scriptorium.YA547-550.mark.xml#sSpan2563" target="scriptorium.YA547-550.mark.xml#sSpan2561"/>
		<rel id="sPointingRel1925" xlink:href="scriptorium.YA547-550.mark.xml#sSpan1546" target="scriptorium.YA547-550.mark.xml#sSpan1547"/>
		<rel id="sPointingRel1927" xlink:href="scriptorium.YA547-550.mark.xml#sSpan2615" target="scriptorium.YA547-550.mark.xml#sSpan2612"/>
		<rel id="sPointingRel1929" xlink:href="scriptorium.YA547-550.mark.xml#sSpan1515" target="scriptorium.YA547-550.mark.xml#sSpan1521"/>
		<rel id="sPointingRel1931" xlink:href="scriptorium.YA547-550.mark.xml#sSpan1814" target="scriptorium.YA547-550.mark.xml#sSpan1815"/>
		<rel id="sPointingRel1933" xlink:href="scriptorium.YA547-550.mark.xml#sSpan1228" target="scriptorium.YA547-550.mark.xml#sSpan1226"/>
		<rel id="sPointingRel1935" xlink:href="scriptorium.YA547-550.mark.xml#sSpan161" target="scriptorium.YA547-550.mark.xml#sSpan162"/>
		<rel id="sPointingRel1937" xlink:href="scriptorium.YA547-550.mark.xml#sSpan3578" target="scriptorium.YA547-550.mark.xml#sSpan3576"/>
		<rel id="sPointingRel1939" xlink:href="scriptorium.YA547-550.mark.xml#sSpan1909" target="scriptorium.YA547-550.mark.xml#sSpan1907"/>
		<rel id="sPointingRel1941" xlink:href="scriptorium.YA547-550.mark.xml#sSpan334" target="scriptorium.YA547-550.mark.xml#sSpan336"/>
		<rel id="sPointingRel1943" xlink:href="scriptorium.YA547-550.mark.xml#sSpan3352" target="scriptorium.YA547-550.mark.xml#sSpan3350"/>
		<rel id="sPointingRel1945" xlink:href="scriptorium.YA547-550.mark.xml#sSpan606" target="scriptorium.YA547-550.mark.xml#sSpan607"/>
		<rel id="sPointingRel1947" xlink:href="scriptorium.YA547-550.mark.xml#sSpan3376" target="scriptorium.YA547-550.mark.xml#sSpan3378"/>
		<rel id="sPointingRel1949" xlink:href="scriptorium.YA547-550.mark.xml#sSpan1896" target="scriptorium.YA547-550.mark.xml#sSpan1894"/>
		<rel id="sPointingRel1951" xlink:href="scriptorium.YA547-550.mark.xml#sSpan436" target="scriptorium.YA547-550.mark.xml#sSpan434"/>
		<rel id="sPointingRel1953" xlink:href="scriptorium.YA547-550.mark.xml#sSpan955" target="scriptorium.YA547-550.mark.xml#sSpan961"/>
		<rel id="sPointingRel1955" xlink:href="scriptorium.YA547-550.mark.xml#sSpan2464" target="scriptorium.YA547-550.mark.xml#sSpan2461"/>
		<rel id="sPointingRel1957" xlink:href="scriptorium.YA547-550.mark.xml#sSpan2765" target="scriptorium.YA547-550.mark.xml#sSpan2767"/>
		<rel id="sPointingRel1959" xlink:href="scriptorium.YA547-550.mark.xml#sSpan171" target="scriptorium.YA547-550.mark.xml#sSpan172"/>
		<rel id="sPointingRel1961" xlink:href="scriptorium.YA547-550.mark.xml#sSpan2488" target="scriptorium.YA547-550.mark.xml#sSpan2489"/>
		<rel id="sPointingRel1963" xlink:href="scriptorium.YA547-550.mark.xml#sSpan3172" target="scriptorium.YA547-550.mark.xml#sSpan3174"/>
		<rel id="sPointingRel1965" xlink:href="scriptorium.YA547-550.mark.xml#sSpan248" target="scriptorium.YA547-550.mark.xml#sSpan245"/>
		<rel id="sPointingRel1967" xlink:href="scriptorium.YA547-550.mark.xml#sSpan3757" target="scriptorium.YA547-550.mark.xml#sSpan3758"/>
		<rel id="sPointingRel1969" xlink:href="scriptorium.YA547-550.mark.xml#sSpan797" target="scriptorium.YA547-550.mark.xml#sSpan798"/>
		<rel id="sPointingRel1971" xlink:href="scriptorium.YA547-550.mark.xml#sSpan126" target="scriptorium.YA547-550.mark.xml#sSpan127"/>
		<rel id="sPointingRel1973" xlink:href="scriptorium.YA547-550.mark.xml#sSpan3680" target="scriptorium.YA547-550.mark.xml#sSpan3682"/>
		<rel id="sPointingRel1975" xlink:href="scriptorium.YA547-550.mark.xml#sSpan3052" target="scriptorium.YA547-550.mark.xml#sSpan3056"/>
		<rel id="sPointingRel1977" xlink:href="scriptorium.YA547-550.mark.xml#sSpan204" target="scriptorium.YA547-550.mark.xml#sSpan202"/>
		<rel id="sPointingRel1979" xlink:href="scriptorium.YA547-550.mark.xml#sSpan1884" target="scriptorium.YA547-550.mark.xml#sSpan1882"/>
		<rel id="sPointingRel1981" xlink:href="scriptorium.YA547-550.mark.xml#sSpan1287" target="scriptorium.YA547-550.mark.xml#sSpan1293"/>
		<rel id="sPointingRel1983" xlink:href="scriptorium.YA547-550.mark.xml#sSpan2688" target="scriptorium.YA547-550.mark.xml#sSpan2692"/>
		<rel id="sPointingRel1985" xlink:href="scriptorium.YA547-550.mark.xml#sSpan920" target="scriptorium.YA547-550.mark.xml#sSpan925"/>
		<rel id="sPointingRel1987" xlink:href="scriptorium.YA547-550.mark.xml#sSpan3112" target="scriptorium.YA547-550.mark.xml#sSpan3113"/>
		<rel id="sPointingRel1989" xlink:href="scriptorium.YA547-550.mark.xml#sSpan2679" target="scriptorium.YA547-550.mark.xml#sSpan2677"/>
		<rel id="sPointingRel1991" xlink:href="scriptorium.YA547-550.mark.xml#sSpan2426" target="scriptorium.YA547-550.mark.xml#sSpan2424"/>
		<rel id="sPointingRel1993" xlink:href="scriptorium.YA547-550.mark.xml#sSpan712" target="scriptorium.YA547-550.mark.xml#sSpan713"/>
		<rel id="sPointingRel1995" xlink:href="scriptorium.YA547-550.mark.xml#sSpan1090" target="scriptorium.YA547-550.mark.xml#sSpan1088"/>
		<rel id="sPointingRel1997" xlink:href="scriptorium.YA547-550.mark.xml#sSpan1739" target="scriptorium.YA547-550.mark.xml#sSpan1737"/>
		<rel id="sPointingRel1999" xlink:href="scriptorium.YA547-550.mark.xml#sSpan1425" target="scriptorium.YA547-550.mark.xml#sSpan1426"/>
		<rel id="sPointingRel2001" xlink:href="scriptorium.YA547-550.mark.xml#sSpan3560" target="scriptorium.YA547-550.mark.xml#sSpan3558"/>
		<rel id="sPointingRel2003" xlink:href="scriptorium.YA547-550.mark.xml#sSpan1462" target="scriptorium.YA547-550.mark.xml#sSpan1468"/>
		<rel id="sPointingRel2005" xlink:href="scriptorium.YA547-550.mark.xml#sSpan292" target="scriptorium.YA547-550.mark.xml#sSpan294"/>
		<rel id="sPointingRel2007" xlink:href="scriptorium.YA547-550.mark.xml#sSpan3394" target="scriptorium.YA547-550.mark.xml#sSpan3395"/>
		<rel id="sPointingRel2009" xlink:href="scriptorium.YA547-550.mark.xml#sSpan596" target="scriptorium.YA547-550.mark.xml#sSpan594"/>
		<rel id="sPointingRel2011" xlink:href="scriptorium.YA547-550.mark.xml#sSpan1209" target="scriptorium.YA547-550.mark.xml#sSpan1210"/>
		<rel id="sPointingRel2013" xlink:href="scriptorium.YA547-550.mark.xml#sSpan1013" target="scriptorium.YA547-550.mark.xml#sSpan1011"/>
		<rel id="sPointingRel2015" xlink:href="scriptorium.YA547-550.mark.xml#sSpan3615" target="scriptorium.YA547-550.mark.xml#sSpan3613"/>
		<rel id="sPointingRel2017" xlink:href="scriptorium.YA547-550.mark.xml#sSpan2734" target="scriptorium.YA547-550.mark.xml#sSpan2738"/>
		<rel id="sPointingRel2019" xlink:href="scriptorium.YA547-550.mark.xml#sSpan3426" target="scriptorium.YA547-550.mark.xml#sSpan3427"/>
		<rel id="sPointingRel2021" xlink:href="scriptorium.YA547-550.mark.xml#sSpan2635" target="scriptorium.YA547-550.mark.xml#sSpan2636"/>
		<rel id="sPointingRel2023" xlink:href="scriptorium.YA547-550.mark.xml#sSpan181" target="scriptorium.YA547-550.mark.xml#sSpan183"/>
		<rel id="sPointingRel2025" xlink:href="scriptorium.YA547-550.mark.xml#sSpan2789" target="scriptorium.YA547-550.mark.xml#sSpan2790"/>
		<rel id="sPointingRel2027" xlink:href="scriptorium.YA547-550.mark.xml#sSpan3480" target="scriptorium.YA547-550.mark.xml#sSpan3474"/>
		<rel id="sPointingRel2029" xlink:href="scriptorium.YA547-550.mark.xml#sSpan3161" target="scriptorium.YA547-550.mark.xml#sSpan3163"/>
		<rel id="sPointingRel2031" xlink:href="scriptorium.YA547-550.mark.xml#sSpan3518" target="scriptorium.YA547-550.mark.xml#sSpan3520"/>
		<rel id="sPointingRel2033" xlink:href="scriptorium.YA547-550.mark.xml#sSpan500" target="scriptorium.YA547-550.mark.xml#sSpan501"/>
		<rel id="sPointingRel2035" xlink:href="scriptorium.YA547-550.mark.xml#sSpan3022" target="scriptorium.YA547-550.mark.xml#sSpan3023"/>
		<rel id="sPointingRel2037" xlink:href="scriptorium.YA547-550.mark.xml#sSpan3491" target="scriptorium.YA547-550.mark.xml#sSpan3489"/>
		<rel id="sPointingRel2039" xlink:href="scriptorium.YA547-550.mark.xml#sSpan3632" target="scriptorium.YA547-550.mark.xml#sSpan3630"/>
		<rel id="sPointingRel2041" xlink:href="scriptorium.YA547-550.mark.xml#sSpan2533" target="scriptorium.YA547-550.mark.xml#sSpan2545"/>
		<rel id="sPointingRel2043" xlink:href="scriptorium.YA547-550.mark.xml#sSpan1385" target="scriptorium.YA547-550.mark.xml#sSpan1383"/>
		<rel id="sPointingRel2045" xlink:href="scriptorium.YA547-550.mark.xml#sSpan749" target="scriptorium.YA547-550.mark.xml#sSpan758"/>
		<rel id="sPointingRel2047" xlink:href="scriptorium.YA547-550.mark.xml#sSpan1600" target="scriptorium.YA547-550.mark.xml#sSpan1598"/>
		<rel id="sPointingRel2049" xlink:href="scriptorium.YA547-550.mark.xml#sSpan62" target="scriptorium.YA547-550.mark.xml#sSpan60"/>
		<rel id="sPointingRel2051" xlink:href="scriptorium.YA547-550.mark.xml#sSpan2013" target="scriptorium.YA547-550.mark.xml#sSpan2014"/>
		<rel id="sPointingRel2053" xlink:href="scriptorium.YA547-550.mark.xml#sSpan1701" target="scriptorium.YA547-550.mark.xml#sSpan1703"/>
		<rel id="sPointingRel2055" xlink:href="scriptorium.YA547-550.mark.xml#sSpan2923" target="scriptorium.YA547-550.mark.xml#sSpan2925"/>
		<rel id="sPointingRel2057" xlink:href="scriptorium.YA547-550.mark.xml#sSpan480" target="scriptorium.YA547-550.mark.xml#sSpan485"/>
		<rel id="sPointingRel2059" xlink:href="scriptorium.YA547-550.mark.xml#sSpan1842" target="scriptorium.YA547-550.mark.xml#sSpan1840"/>
		<rel id="sPointingRel2061" xlink:href="scriptorium.YA547-550.mark.xml#sSpan458" target="scriptorium.YA547-550.mark.xml#sSpan459"/>
		<rel id="sPointingRel2063" xlink:href="scriptorium.YA547-550.mark.xml#sSpan1783" target="scriptorium.YA547-550.mark.xml#sSpan1785"/>
		<rel id="sPointingRel2065" xlink:href="scriptorium.YA547-550.mark.xml#sSpan583" target="scriptorium.YA547-550.mark.xml#sSpan584"/>
		<rel id="sPointingRel2067" xlink:href="scriptorium.YA547-550.mark.xml#sSpan2210" target="scriptorium.YA547-550.mark.xml#sSpan2215"/>
		<rel id="sPointingRel2069" xlink:href="scriptorium.YA547-550.mark.xml#sSpan2293" target="scriptorium.YA547-550.mark.xml#sSpan2294"/>
		<rel id="sPointingRel2071" xlink:href="scriptorium.YA547-550.mark.xml#sSpan2651" target="scriptorium.YA547-550.mark.xml#sSpan2649"/>
		<rel id="sPointingRel2073" xlink:href="scriptorium.YA547-550.mark.xml#sSpan845" target="scriptorium.YA547-550.mark.xml#sSpan850"/>
		<rel id="sPointingRel2075" xlink:href="scriptorium.YA547-550.mark.xml#sSpan352" target="scriptorium.YA547-550.mark.xml#sSpan349"/>
		<rel id="sPointingRel2077" xlink:href="scriptorium.YA547-550.mark.xml#sSpan3230" target="scriptorium.YA547-550.mark.xml#sSpan3231"/>
		<rel id="sPointingRel2079" xlink:href="scriptorium.YA547-550.mark.xml#sSpan112" target="scriptorium.YA547-550.mark.xml#sSpan108"/>
		<rel id="sPointingRel2081" xlink:href="scriptorium.YA547-550.mark.xml#sSpan409" target="scriptorium.YA547-550.mark.xml#sSpan417"/>
		<rel id="sPointingRel2083" xlink:href="scriptorium.YA547-550.mark.xml#sSpan3069" target="scriptorium.YA547-550.mark.xml#sSpan3070"/></relList></paula>