<?xml version='1.0' encoding='UTF-8'?><!DOCTYPE paula SYSTEM "paula_feat.dtd">
<paula version="1.1">
	<header paula_id="scriptorium.YA547-550.mark_hi_rend"/>
	<featList xmlns:xlink="http://www.w3.org/1999/xlink" type="hi_rend" xml:base="scriptorium.YA547-550.mark.xml">
		<feat xlink:href="#sSpan443" value="ekthetic large"/>
		<feat xlink:href="#sSpan724" value="ekthetic large"/>
		<feat xlink:href="#sSpan995" value="ekthetic large"/>
		<feat xlink:href="#sSpan1352" value="superscript"/>
		<feat xlink:href="#sSpan1363" value="ekthetic large"/>
		<feat xlink:href="#sSpan1597" value="ekthetic large"/>
		<feat xlink:href="#sSpan1729" value="ekthetic large"/>
		<feat xlink:href="#sSpan2064" value="ekthetic large"/>
		<feat xlink:href="#sSpan2396" value="ekthetic large"/>
		<feat xlink:href="#sSpan2484" value="ekthetic large"/>
		<feat xlink:href="#sSpan2689" value="ekthetic large"/>
		<feat xlink:href="#sSpan2985" value="ekthetic large"/>
		<feat xlink:href="#sSpan3290" value="ekthetic large"/></featList></paula>