<?xml version='1.0' encoding='UTF-8'?><!DOCTYPE paula SYSTEM "paula_feat.dtd">
<paula version="1.1">
	<header paula_id="scriptorium.YA547-550.mark_pos"/>
	<featList xmlns:xlink="http://www.w3.org/1999/xlink" type="pos" xml:base="scriptorium.YA547-550.mark.xml">
		<feat xlink:href="#sSpan1" value="CONJ"/>
		<feat xlink:href="#sSpan12" value="PREP"/>
		<feat xlink:href="#sSpan16" value="PPERO"/>
		<feat xlink:href="#sSpan19" value="PUNCT"/>
		<feat xlink:href="#sSpan23" value="CONJ"/>
		<feat xlink:href="#sSpan30" value="ADV"/>
		<feat xlink:href="#sSpan35" value="CFOC"/>
		<feat xlink:href="#sSpan39" value="PPERS"/>
		<feat xlink:href="#sSpan41" value="FUT"/>
		<feat xlink:href="#sSpan43" value="V"/>
		<feat xlink:href="#sSpan45" value="PREP"/>
		<feat xlink:href="#sSpan50" value="N"/>
		<feat xlink:href="#sSpan53" value="PREP"/>
		<feat xlink:href="#sSpan58" value="NPROP"/>
		<feat xlink:href="#sSpan62" value="PUNCT"/>
		<feat xlink:href="#sSpan66" value="CONJ"/>
		<feat xlink:href="#sSpan70" value="ART"/>
		<feat xlink:href="#sSpan75" value="N"/>
		<feat xlink:href="#sSpan78" value="PREP"/>
		<feat xlink:href="#sSpan82" value="PPOS"/>
		<feat xlink:href="#sSpan85" value="N"/>
		<feat xlink:href="#sSpan88" value="IMOD"/>
		<feat xlink:href="#sSpan92" value="PPERO"/>
		<feat xlink:href="#sSpan94" value="PREP"/>
		<feat xlink:href="#sSpan99" value="N"/>
		<feat xlink:href="#sSpan102" value="PUNCT"/>
		<feat xlink:href="#sSpan106" value="PDEM"/>
		<feat xlink:href="#sSpan114" value="CREL"/>
		<feat xlink:href="#sSpan119" value="APST"/>
		<feat xlink:href="#sSpan121" value="ART"/>
		<feat xlink:href="#sSpan124" value="N"/>
		<feat xlink:href="#sSpan126" value="V"/>
		<feat xlink:href="#sSpan130" value="PREP"/>
		<feat xlink:href="#sSpan135" value="PPERO"/>
		<feat xlink:href="#sSpan137" value="PUNCT"/>
		<feat xlink:href="#sSpan141" value="CONJ"/>
		<feat xlink:href="#sSpan148" value="APST"/>
		<feat xlink:href="#sSpan150" value="PPERS"/>
		<feat xlink:href="#sSpan152" value="V"/>
		<feat xlink:href="#sSpan155" value="PPOS"/>
		<feat xlink:href="#sSpan158" value="N"/>
		<feat xlink:href="#sSpan160" value="PREP"/>
		<feat xlink:href="#sSpan165" value="PPOS"/>
		<feat xlink:href="#sSpan168" value="N"/>
		<feat xlink:href="#sSpan170" value="PREP"/>
		<feat xlink:href="#sSpan175" value="ART"/>
		<feat xlink:href="#sSpan179" value="N"/>
		<feat xlink:href="#sSpan181" value="ADV"/>
		<feat xlink:href="#sSpan186" value="NEG"/>
		<feat xlink:href="#sSpan190" value="PUNCT"/>
		<feat xlink:href="#sSpan194" value="PREP"/>
		<feat xlink:href="#sSpan198" value="ART"/>
		<feat xlink:href="#sSpan201" value="CREL"/>
		<feat xlink:href="#sSpan203" value="VSTAT"/>
		<feat xlink:href="#sSpan206" value="IMOD"/>
		<feat xlink:href="#sSpan210" value="PPERO"/>
		<feat xlink:href="#sSpan212" value="PREP"/>
		<feat xlink:href="#sSpan216" value="PPERO"/>
		<feat xlink:href="#sSpan219" value="PUNCT"/>
		<feat xlink:href="#sSpan224" value="CONJ"/>
		<feat xlink:href="#sSpan231" value="APST"/>
		<feat xlink:href="#sSpan235" value="PPERS"/>
		<feat xlink:href="#sSpan237" value="V"/>
		<feat xlink:href="#sSpan240" value="N"/>
		<feat xlink:href="#sSpan244" value="PINT"/>
		<feat xlink:href="#sSpan248" value="CREL"/>
		<feat xlink:href="#sSpan254" value="V"/>
		<feat xlink:href="#sSpan256" value="PREP"/>
		<feat xlink:href="#sSpan260" value="ART"/>
		<feat xlink:href="#sSpan264" value="N"/>
		<feat xlink:href="#sSpan266" value="PUNCT"/>
		<feat xlink:href="#sSpan270" value="CONJ"/>
		<feat xlink:href="#sSpan274" value="CREL"/>
		<feat xlink:href="#sSpan279" value="V"/>
		<feat xlink:href="#sSpan281" value="PREP"/>
		<feat xlink:href="#sSpan285" value="ART"/>
		<feat xlink:href="#sSpan289" value="N"/>
		<feat xlink:href="#sSpan292" value="PREP"/>
		<feat xlink:href="#sSpan296" value="ART"/>
		<feat xlink:href="#sSpan299" value="N"/>
		<feat xlink:href="#sSpan302" value="PUNCT"/>
		<feat xlink:href="#sSpan306" value="CONJ"/>
		<feat xlink:href="#sSpan313" value="PREP"/>
		<feat xlink:href="#sSpan317" value="PDEM"/>
		<feat xlink:href="#sSpan319" value="N"/>
		<feat xlink:href="#sSpan322" value="APST"/>
		<feat xlink:href="#sSpan326" value="PPOS"/>
		<feat xlink:href="#sSpan330" value="N"/>
		<feat xlink:href="#sSpan334" value="V"/>
		<feat xlink:href="#sSpan339" value="PREP"/>
		<feat xlink:href="#sSpan343" value="N"/>
		<feat xlink:href="#sSpan347" value="PINT"/>
		<feat xlink:href="#sSpan351" value="CREL"/>
		<feat xlink:href="#sSpan356" value="FUT"/>
		<feat xlink:href="#sSpan358" value="V"/>
		<feat xlink:href="#sSpan360" value="PREP"/>
		<feat xlink:href="#sSpan366" value="N"/>
		<feat xlink:href="#sSpan369" value="PUNCT"/>
		<feat xlink:href="#sSpan373" value="CONJ"/>
		<feat xlink:href="#sSpan378" value="ART"/>
		<feat xlink:href="#sSpan384" value="N"/>
		<feat xlink:href="#sSpan386" value="PREP"/>
		<feat xlink:href="#sSpan394" value="ART"/>
		<feat xlink:href="#sSpan396" value="N"/>
		<feat xlink:href="#sSpan398" value="ADV"/>
		<feat xlink:href="#sSpan404" value="PREP"/>
		<feat xlink:href="#sSpan408" value="ART"/>
		<feat xlink:href="#sSpan410" value="N"/>
		<feat xlink:href="#sSpan412" value="PREP"/>
		<feat xlink:href="#sSpan416" value="N"/>
		<feat xlink:href="#sSpan419" value="CONJ"/>
		<feat xlink:href="#sSpan423" value="PREP"/>
		<feat xlink:href="#sSpan427" value="N"/>
		<feat xlink:href="#sSpan431" value="PUNCT"/>
		<feat xlink:href="#sSpan435" value="CONJ"/>
		<feat xlink:href="#sSpan444" value="APST"/>
		<feat xlink:href="#sSpan448" value="ART"/>
		<feat xlink:href="#sSpan451" value="N"/>
		<feat xlink:href="#sSpan454" value="PTC"/>
		<feat xlink:href="#sSpan458" value="ART"/>
		<feat xlink:href="#sSpan463" value="N"/>
		<feat xlink:href="#sSpan466" value="CONJ"/>
		<feat xlink:href="#sSpan470" value="ART"/>
		<feat xlink:href="#sSpan477" value="N"/>
		<feat xlink:href="#sSpan481" value="V"/>
		<feat xlink:href="#sSpan486" value="PREP"/>
		<feat xlink:href="#sSpan490" value="PPOS"/>
		<feat xlink:href="#sSpan493" value="N"/>
		<feat xlink:href="#sSpan496" value="PREP"/>
		<feat xlink:href="#sSpan501" value="N"/>
		<feat xlink:href="#sSpan504" value="PUNCT"/>
		<feat xlink:href="#sSpan508" value="ANEGPST"/>
		<feat xlink:href="#sSpan515" value="PPERS"/>
		<feat xlink:href="#sSpan517" value="V"/>
		<feat xlink:href="#sSpan520" value="PREP"/>
		<feat xlink:href="#sSpan524" value="PPOS"/>
		<feat xlink:href="#sSpan527" value="N"/>
		<feat xlink:href="#sSpan529" value="PREP"/>
		<feat xlink:href="#sSpan535" value="N"/>
		<feat xlink:href="#sSpan537" value="PREP"/>
		<feat xlink:href="#sSpan541" value="ACAUS"/>
		<feat xlink:href="#sSpan543" value="PPERS"/>
		<feat xlink:href="#sSpan545" value="V"/>
		<feat xlink:href="#sSpan549" value="ADV"/>
		<feat xlink:href="#sSpan553" value="PREP"/>
		<feat xlink:href="#sSpan557" value="PPERO"/>
		<feat xlink:href="#sSpan560" value="PUNCT"/>
		<feat xlink:href="#sSpan564" value="PREP"/>
		<feat xlink:href="#sSpan571" value="ART"/>
		<feat xlink:href="#sSpan574" value="N"/>
		<feat xlink:href="#sSpan577" value="PREP"/>
		<feat xlink:href="#sSpan581" value="PREP"/>
		<feat xlink:href="#sSpan584" value="N"/>
		<feat xlink:href="#sSpan590" value="PREP"/>
		<feat xlink:href="#sSpan594" value="ART"/>
		<feat xlink:href="#sSpan597" value="N"/>
		<feat xlink:href="#sSpan599" value="CREL"/>
		<feat xlink:href="#sSpan604" value="VSTAT"/>
		<feat xlink:href="#sSpan606" value="PUNCT"/>
		<feat xlink:href="#sSpan611" value="CONJ"/>
		<feat xlink:href="#sSpan618" value="CFOC"/>
		<feat xlink:href="#sSpan623" value="APST"/>
		<feat xlink:href="#sSpan625" value="PPERS"/>
		<feat xlink:href="#sSpan627" value="V"/>
		<feat xlink:href="#sSpan630" value="ADV"/>
		<feat xlink:href="#sSpan635" value="PREP"/>
		<feat xlink:href="#sSpan639" value="PPERO"/>
		<feat xlink:href="#sSpan641" value="PREP"/>
		<feat xlink:href="#sSpan645" value="ART"/>
		<feat xlink:href="#sSpan649" value="N"/>
		<feat xlink:href="#sSpan651" value="PREP"/>
		<feat xlink:href="#sSpan656" value="N"/>
		<feat xlink:href="#sSpan661" value="PUNCT"/>
		<feat xlink:href="#sSpan665" value="APST"/>
		<feat xlink:href="#sSpan672" value="PPERS"/>
		<feat xlink:href="#sSpan674" value="V"/>
		<feat xlink:href="#sSpan676" value="PREP"/>
		<feat xlink:href="#sSpan680" value="PPOS"/>
		<feat xlink:href="#sSpan684" value="N"/>
		<feat xlink:href="#sSpan686" value="PREP"/>
		<feat xlink:href="#sSpan691" value="N"/>
		<feat xlink:href="#sSpan694" value="PREP"/>
		<feat xlink:href="#sSpan698" value="ART"/>
		<feat xlink:href="#sSpan701" value="N"/>
		<feat xlink:href="#sSpan704" value="IMOD"/>
		<feat xlink:href="#sSpan708" value="PPERO"/>
		<feat xlink:href="#sSpan710" value="PREP"/>
		<feat xlink:href="#sSpan714" value="PPOS"/>
		<feat xlink:href="#sSpan718" value="N"/>
		<feat xlink:href="#sSpan720" value="PUNCT"/>
		<feat xlink:href="#sSpan725" value="PREP"/>
		<feat xlink:href="#sSpan734" value="PDEM"/>
		<feat xlink:href="#sSpan738" value="PREP"/>
		<feat xlink:href="#sSpan742" value="ART"/>
		<feat xlink:href="#sSpan745" value="N"/>
		<feat xlink:href="#sSpan747" value="CREL"/>
		<feat xlink:href="#sSpan751" value="APST"/>
		<feat xlink:href="#sSpan753" value="N"/>
		<feat xlink:href="#sSpan756" value="PREP"/>
		<feat xlink:href="#sSpan760" value="N"/>
		<feat xlink:href="#sSpan763" value="PREP"/>
		<feat xlink:href="#sSpan768" value="N"/>
		<feat xlink:href="#sSpan774" value="V"/>
		<feat xlink:href="#sSpan778" value="PREP"/>
		<feat xlink:href="#sSpan782" value="PPOS"/>
		<feat xlink:href="#sSpan785" value="N"/>
		<feat xlink:href="#sSpan788" value="PREP"/>
		<feat xlink:href="#sSpan793" value="N"/>
		<feat xlink:href="#sSpan796" value="PUNCT"/>
		<feat xlink:href="#sSpan800" value="PDEM"/>
		<feat xlink:href="#sSpan808" value="ADV"/>
		<feat xlink:href="#sSpan812" value="COP"/>
		<feat xlink:href="#sSpan816" value="ART"/>
		<feat xlink:href="#sSpan821" value="N"/>
		<feat xlink:href="#sSpan823" value="CREL"/>
		<feat xlink:href="#sSpan827" value="APST"/>
		<feat xlink:href="#sSpan829" value="N"/>
		<feat xlink:href="#sSpan832" value="PREP"/>
		<feat xlink:href="#sSpan836" value="N"/>
		<feat xlink:href="#sSpan839" value="PREP"/>
		<feat xlink:href="#sSpan844" value="N"/>
		<feat xlink:href="#sSpan848" value="V"/>
		<feat xlink:href="#sSpan852" value="PREP"/>
		<feat xlink:href="#sSpan857" value="PPERO"/>
		<feat xlink:href="#sSpan859" value="PUNCT"/>
		<feat xlink:href="#sSpan863" value="CONJ"/>
		<feat xlink:href="#sSpan871" value="PREP"/>
		<feat xlink:href="#sSpan876" value="ART"/>
		<feat xlink:href="#sSpan878" value="N"/>
		<feat xlink:href="#sSpan880" value="CREL"/>
		<feat xlink:href="#sSpan884" value="AAOR"/>
		<feat xlink:href="#sSpan886" value="ART"/>
		<feat xlink:href="#sSpan892" value="N"/>
		<feat xlink:href="#sSpan894" value="V"/>
		<feat xlink:href="#sSpan898" value="PREP"/>
		<feat xlink:href="#sSpan903" value="N"/>
		<feat xlink:href="#sSpan906" value="PREP"/>
		<feat xlink:href="#sSpan910" value="N"/>
		<feat xlink:href="#sSpan913" value="CONJ"/>
		<feat xlink:href="#sSpan918" value="PREP"/>
		<feat xlink:href="#sSpan922" value="ACAUS"/>
		<feat xlink:href="#sSpan924" value="PPERO"/>
		<feat xlink:href="#sSpan926" value="V"/>
		<feat xlink:href="#sSpan930" value="ADV"/>
		<feat xlink:href="#sSpan934" value="PREP"/>
		<feat xlink:href="#sSpan938" value="N"/>
		<feat xlink:href="#sSpan941" value="PREP"/>
		<feat xlink:href="#sSpan946" value="N"/>
		<feat xlink:href="#sSpan949" value="PREP"/>
		<feat xlink:href="#sSpan954" value="N"/>
		<feat xlink:href="#sSpan956" value="PREP"/>
		<feat xlink:href="#sSpan961" value="N"/>
		<feat xlink:href="#sSpan964" value="PREP"/>
		<feat xlink:href="#sSpan968" value="N"/>
		<feat xlink:href="#sSpan970" value="PREP"/>
		<feat xlink:href="#sSpan976" value="N"/>
		<feat xlink:href="#sSpan980" value="ADV"/>
		<feat xlink:href="#sSpan984" value="PREP"/>
		<feat xlink:href="#sSpan989" value="PPERO"/>
		<feat xlink:href="#sSpan991" value="PUNCT"/>
		<feat xlink:href="#sSpan996" value="PDEM"/>
		<feat xlink:href="#sSpan1006" value="ADV"/>
		<feat xlink:href="#sSpan1010" value="COP"/>
		<feat xlink:href="#sSpan1014" value="ART"/>
		<feat xlink:href="#sSpan1018" value="N"/>
		<feat xlink:href="#sSpan1020" value="CREL"/>
		<feat xlink:href="#sSpan1025" value="ART"/>
		<feat xlink:href="#sSpan1028" value="N"/>
		<feat xlink:href="#sSpan1030" value="V"/>
		<feat xlink:href="#sSpan1033" value="ADV"/>
		<feat xlink:href="#sSpan1038" value="PREP"/>
		<feat xlink:href="#sSpan1042" value="PPOS"/>
		<feat xlink:href="#sSpan1046" value="N"/>
		<feat xlink:href="#sSpan1049" value="PREP"/>
		<feat xlink:href="#sSpan1053" value="N"/>
		<feat xlink:href="#sSpan1056" value="PREP"/>
		<feat xlink:href="#sSpan1060" value="N"/>
		<feat xlink:href="#sSpan1062" value="ADV"/>
		<feat xlink:href="#sSpan1068" value="PREP"/>
		<feat xlink:href="#sSpan1072" value="N"/>
		<feat xlink:href="#sSpan1075" value="PREP"/>
		<feat xlink:href="#sSpan1081" value="N"/>
		<feat xlink:href="#sSpan1084" value="PREP"/>
		<feat xlink:href="#sSpan1089" value="N"/>
		<feat xlink:href="#sSpan1091" value="PUNCT"/>
		<feat xlink:href="#sSpan1095" value="PREP"/>
		<feat xlink:href="#sSpan1100" value="ART"/>
		<feat xlink:href="#sSpan1103" value="N"/>
		<feat xlink:href="#sSpan1105" value="PREP"/>
		<feat xlink:href="#sSpan1110" value="N"/>
		<feat xlink:href="#sSpan1113" value="CREL"/>
		<feat xlink:href="#sSpan1117" value="APST"/>
		<feat xlink:href="#sSpan1119" value="PPERS"/>
		<feat xlink:href="#sSpan1121" value="V"/>
		<feat xlink:href="#sSpan1124" value="ADV"/>
		<feat xlink:href="#sSpan1128" value="PREP"/>
		<feat xlink:href="#sSpan1133" value="PPERO"/>
		<feat xlink:href="#sSpan1135" value="PUNCT"/>
		<feat xlink:href="#sSpan1139" value="CONJ"/>
		<feat xlink:href="#sSpan1147" value="PREP"/>
		<feat xlink:href="#sSpan1152" value="ART"/>
		<feat xlink:href="#sSpan1154" value="N"/>
		<feat xlink:href="#sSpan1156" value="CREL"/>
		<feat xlink:href="#sSpan1160" value="APST"/>
		<feat xlink:href="#sSpan1162" value="ART"/>
		<feat xlink:href="#sSpan1165" value="N"/>
		<feat xlink:href="#sSpan1168" value="CCIRC"/>
		<feat xlink:href="#sSpan1172" value="VBD"/>
		<feat xlink:href="#sSpan1174" value="PPERS"/>
		<feat xlink:href="#sSpan1176" value="V"/>
		<feat xlink:href="#sSpan1181" value="ADV"/>
		<feat xlink:href="#sSpan1186" value="PREP"/>
		<feat xlink:href="#sSpan1190" value="PPOS"/>
		<feat xlink:href="#sSpan1193" value="N"/>
		<feat xlink:href="#sSpan1196" value="PUNCT"/>
		<feat xlink:href="#sSpan1200" value="PREP"/>
		<feat xlink:href="#sSpan1206" value="PREP"/>
		<feat xlink:href="#sSpan1209" value="N"/>
		<feat xlink:href="#sSpan1212" value="PINT"/>
		<feat xlink:href="#sSpan1217" value="PREP"/>
		<feat xlink:href="#sSpan1221" value="N"/>
		<feat xlink:href="#sSpan1224" value="PREP"/>
		<feat xlink:href="#sSpan1229" value="N"/>
		<feat xlink:href="#sSpan1232" value="PREP"/>
		<feat xlink:href="#sSpan1236" value="N"/>
		<feat xlink:href="#sSpan1239" value="PUNCT"/>
		<feat xlink:href="#sSpan1243" value="CCIRC"/>
		<feat xlink:href="#sSpan1250" value="APST"/>
		<feat xlink:href="#sSpan1252" value="PPERS"/>
		<feat xlink:href="#sSpan1254" value="V"/>
		<feat xlink:href="#sSpan1257" value="ADV"/>
		<feat xlink:href="#sSpan1262" value="PREP"/>
		<feat xlink:href="#sSpan1266" value="N"/>
		<feat xlink:href="#sSpan1269" value="PREP"/>
		<feat xlink:href="#sSpan1274" value="N"/>
		<feat xlink:href="#sSpan1277" value="PREP"/>
		<feat xlink:href="#sSpan1282" value="N"/>
		<feat xlink:href="#sSpan1284" value="PUNCT"/>
		<feat xlink:href="#sSpan1288" value="CCIRC"/>
		<feat xlink:href="#sSpan1291" value="PPERS"/>
		<feat xlink:href="#sSpan1293" value="V"/>
		<feat xlink:href="#sSpan1295" value="PREP"/>
		<feat xlink:href="#sSpan1299" value="ART"/>
		<feat xlink:href="#sSpan1301" value="CCIRC"/>
		<feat xlink:href="#sSpan1306" value="PPERS"/>
		<feat xlink:href="#sSpan1308" value="V"/>
		<feat xlink:href="#sSpan1310" value="PREP"/>
		<feat xlink:href="#sSpan1314" value="PPERO"/>
		<feat xlink:href="#sSpan1316" value="CCIRC"/>
		<feat xlink:href="#sSpan1321" value="PPERS"/>
		<feat xlink:href="#sSpan1323" value="V"/>
		<feat xlink:href="#sSpan1325" value="ADV"/>
		<feat xlink:href="#sSpan1329" value="PREP"/>
		<feat xlink:href="#sSpan1333" value="PPERO"/>
		<feat xlink:href="#sSpan1336" value="PREP"/>
		<feat xlink:href="#sSpan1340" value="PPERS"/>
		<feat xlink:href="#sSpan1342" value="PREP"/>
		<feat xlink:href="#sSpan1346" value="ART"/>
		<feat xlink:href="#sSpan1350" value="N"/>
		<feat xlink:href="#sSpan1353" value="PREP"/>
		<feat xlink:href="#sSpan1358" value="ART"/>
		<feat xlink:href="#sSpan1361" value="N"/>
		<feat xlink:href="#sSpan1364" value="PDEM"/>
		<feat xlink:href="#sSpan1374" value="ADV"/>
		<feat xlink:href="#sSpan1378" value="COP"/>
		<feat xlink:href="#sSpan1382" value="ART"/>
		<feat xlink:href="#sSpan1386" value="N"/>
		<feat xlink:href="#sSpan1388" value="CREL"/>
		<feat xlink:href="#sSpan1392" value="APST"/>
		<feat xlink:href="#sSpan1394" value="PPERS"/>
		<feat xlink:href="#sSpan1396" value="V"/>
		<feat xlink:href="#sSpan1399" value="PTC"/>
		<feat xlink:href="#sSpan1403" value="ART"/>
		<feat xlink:href="#sSpan1406" value="N"/>
		<feat xlink:href="#sSpan1409" value="CCIRC"/>
		<feat xlink:href="#sSpan1413" value="VBD"/>
		<feat xlink:href="#sSpan1415" value="PPERS"/>
		<feat xlink:href="#sSpan1417" value="ADV"/>
		<feat xlink:href="#sSpan1423" value="PREP"/>
		<feat xlink:href="#sSpan1428" value="N"/>
		<feat xlink:href="#sSpan1431" value="PINT"/>
		<feat xlink:href="#sSpan1436" value="PREP"/>
		<feat xlink:href="#sSpan1440" value="N"/>
		<feat xlink:href="#sSpan1443" value="PREP"/>
		<feat xlink:href="#sSpan1448" value="N"/>
		<feat xlink:href="#sSpan1451" value="PREP"/>
		<feat xlink:href="#sSpan1456" value="ART"/>
		<feat xlink:href="#sSpan1459" value="N"/>
		<feat xlink:href="#sSpan1461" value="ART"/>
		<feat xlink:href="#sSpan1465" value="N"/>
		<feat xlink:href="#sSpan1468" value="CREL"/>
		<feat xlink:href="#sSpan1475" value="APST"/>
		<feat xlink:href="#sSpan1477" value="PPERS"/>
		<feat xlink:href="#sSpan1479" value="V"/>
		<feat xlink:href="#sSpan1481" value="ADV"/>
		<feat xlink:href="#sSpan1487" value="PREP"/>
		<feat xlink:href="#sSpan1491" value="N"/>
		<feat xlink:href="#sSpan1494" value="PREP"/>
		<feat xlink:href="#sSpan1499" value="N"/>
		<feat xlink:href="#sSpan1502" value="PREP"/>
		<feat xlink:href="#sSpan1507" value="N"/>
		<feat xlink:href="#sSpan1509" value="CCIRC"/>
		<feat xlink:href="#sSpan1513" value="PPERS"/>
		<feat xlink:href="#sSpan1515" value="V"/>
		<feat xlink:href="#sSpan1518" value="PREP"/>
		<feat xlink:href="#sSpan1522" value="ART"/>
		<feat xlink:href="#sSpan1525" value="N"/>
		<feat xlink:href="#sSpan1527" value="PUNCT"/>
		<feat xlink:href="#sSpan1531" value="CONJ"/>
		<feat xlink:href="#sSpan1538" value="CCIRC"/>
		<feat xlink:href="#sSpan1543" value="PPERS"/>
		<feat xlink:href="#sSpan1545" value="V"/>
		<feat xlink:href="#sSpan1547" value="PREP"/>
		<feat xlink:href="#sSpan1551" value="ART"/>
		<feat xlink:href="#sSpan1554" value="CREL"/>
		<feat xlink:href="#sSpan1557" value="V"/>
		<feat xlink:href="#sSpan1561" value="CCIRC"/>
		<feat xlink:href="#sSpan1565" value="PPERS"/>
		<feat xlink:href="#sSpan1568" value="V"/>
		<feat xlink:href="#sSpan1571" value="PREP"/>
		<feat xlink:href="#sSpan1575" value="ART"/>
		<feat xlink:href="#sSpan1578" value="CREL"/>
		<feat xlink:href="#sSpan1580" value="V"/>
		<feat xlink:href="#sSpan1582" value="PREP"/>
		<feat xlink:href="#sSpan1587" value="ART"/>
		<feat xlink:href="#sSpan1591" value="N"/>
		<feat xlink:href="#sSpan1593" value="PUNCT"/>
		<feat xlink:href="#sSpan1598" value="CONJ"/>
		<feat xlink:href="#sSpan1607" value="PREP"/>
		<feat xlink:href="#sSpan1611" value="ART"/>
		<feat xlink:href="#sSpan1613" value="N"/>
		<feat xlink:href="#sSpan1615" value="CREL"/>
		<feat xlink:href="#sSpan1619" value="ART"/>
		<feat xlink:href="#sSpan1623" value="ADV"/>
		<feat xlink:href="#sSpan1626" value="PREP"/>
		<feat xlink:href="#sSpan1630" value="ART"/>
		<feat xlink:href="#sSpan1634" value="N"/>
		<feat xlink:href="#sSpan1637" value="PREP"/>
		<feat xlink:href="#sSpan1642" value="N"/>
		<feat xlink:href="#sSpan1644" value="COP"/>
		<feat xlink:href="#sSpan1649" value="ART"/>
		<feat xlink:href="#sSpan1654" value="CREL"/>
		<feat xlink:href="#sSpan1656" value="APST"/>
		<feat xlink:href="#sSpan1658" value="PPERS"/>
		<feat xlink:href="#sSpan1661" value="V"/>
		<feat xlink:href="#sSpan1664" value="PREP"/>
		<feat xlink:href="#sSpan1668" value="ART"/>
		<feat xlink:href="#sSpan1670" value="CREL"/>
		<feat xlink:href="#sSpan1674" value="ART"/>
		<feat xlink:href="#sSpan1679" value="N"/>
		<feat xlink:href="#sSpan1681" value="PREP"/>
		<feat xlink:href="#sSpan1686" value="N"/>
		<feat xlink:href="#sSpan1688" value="COP"/>
		<feat xlink:href="#sSpan1692" value="PREP"/>
		<feat xlink:href="#sSpan1696" value="ART"/>
		<feat xlink:href="#sSpan1700" value="N"/>
		<feat xlink:href="#sSpan1702" value="CREL"/>
		<feat xlink:href="#sSpan1706" value="V"/>
		<feat xlink:href="#sSpan1709" value="PUNCT"/>
		<feat xlink:href="#sSpan1713" value="PDEM"/>
		<feat xlink:href="#sSpan1721" value="ADV"/>
		<feat xlink:href="#sSpan1725" value="COP"/>
		<feat xlink:href="#sSpan1730" value="ART"/>
		<feat xlink:href="#sSpan1735" value="N"/>
		<feat xlink:href="#sSpan1738" value="CCIRC"/>
		<feat xlink:href="#sSpan1742" value="ART"/>
		<feat xlink:href="#sSpan1745" value="ADV"/>
		<feat xlink:href="#sSpan1747" value="COP"/>
		<feat xlink:href="#sSpan1751" value="PREP"/>
		<feat xlink:href="#sSpan1756" value="ART"/>
		<feat xlink:href="#sSpan1760" value="N"/>
		<feat xlink:href="#sSpan1762" value="PREP"/>
		<feat xlink:href="#sSpan1767" value="N"/>
		<feat xlink:href="#sSpan1770" value="COP"/>
		<feat xlink:href="#sSpan1774" value="ART"/>
		<feat xlink:href="#sSpan1780" value="N"/>
		<feat xlink:href="#sSpan1783" value="PREP"/>
		<feat xlink:href="#sSpan1787" value="ART"/>
		<feat xlink:href="#sSpan1790" value="N"/>
		<feat xlink:href="#sSpan1792" value="ART"/>
		<feat xlink:href="#sSpan1797" value="N"/>
		<feat xlink:href="#sSpan1799" value="CREL"/>
		<feat xlink:href="#sSpan1803" value="PDEM"/>
		<feat xlink:href="#sSpan1806" value="COP"/>
		<feat xlink:href="#sSpan1810" value="PUNCT"/>
		<feat xlink:href="#sSpan1815" value="NPROP"/>
		<feat xlink:href="#sSpan1824" value="PUNCT"/>
		<feat xlink:href="#sSpan1828" value="PREP"/>
		<feat xlink:href="#sSpan1833" value="NPROP"/>
		<feat xlink:href="#sSpan1836" value="ART"/>
		<feat xlink:href="#sSpan1841" value="N"/>
		<feat xlink:href="#sSpan1844" value="PUNCT"/>
		<feat xlink:href="#sSpan1848" value="PREP"/>
		<feat xlink:href="#sSpan1856" value="NPROP"/>
		<feat xlink:href="#sSpan1859" value="PUNCT"/>
		<feat xlink:href="#sSpan1863" value="PREP"/>
		<feat xlink:href="#sSpan1868" value="NPROP"/>
		<feat xlink:href="#sSpan1872" value="PUNCT"/>
		<feat xlink:href="#sSpan1876" value="PREP"/>
		<feat xlink:href="#sSpan1881" value="NPROP"/>
		<feat xlink:href="#sSpan1885" value="PUNCT"/>
		<feat xlink:href="#sSpan1889" value="PREP"/>
		<feat xlink:href="#sSpan1896" value="ART"/>
		<feat xlink:href="#sSpan1900" value="N"/>
		<feat xlink:href="#sSpan1903" value="IMOD"/>
		<feat xlink:href="#sSpan1908" value="PPERO"/>
		<feat xlink:href="#sSpan1910" value="PDEM"/>
		<feat xlink:href="#sSpan1914" value="CREL"/>
		<feat xlink:href="#sSpan1918" value="APST"/>
		<feat xlink:href="#sSpan1920" value="PPERS"/>
		<feat xlink:href="#sSpan1922" value="V"/>
		<feat xlink:href="#sSpan1925" value="PREP"/>
		<feat xlink:href="#sSpan1929" value="N"/>
		<feat xlink:href="#sSpan1933" value="PINT"/>
		<feat xlink:href="#sSpan1937" value="CREL"/>
		<feat xlink:href="#sSpan1942" value="APST"/>
		<feat xlink:href="#sSpan1944" value="PPERS"/>
		<feat xlink:href="#sSpan1947" value="V"/>
		<feat xlink:href="#sSpan1951" value="CONJ"/>
		<feat xlink:href="#sSpan1955" value="CREL"/>
		<feat xlink:href="#sSpan1959" value="FUT"/>
		<feat xlink:href="#sSpan1963" value="V"/>
		<feat xlink:href="#sSpan1966" value="PREP"/>
		<feat xlink:href="#sSpan1970" value="ART"/>
		<feat xlink:href="#sSpan1973" value="N"/>
		<feat xlink:href="#sSpan1976" value="ADV"/>
		<feat xlink:href="#sSpan1980" value="PREP"/>
		<feat xlink:href="#sSpan1984" value="ART"/>
		<feat xlink:href="#sSpan1987" value="N"/>
		<feat xlink:href="#sSpan1990" value="PUNCT"/>
		<feat xlink:href="#sSpan1994" value="CONJ"/>
		<feat xlink:href="#sSpan2001" value="CCIRC"/>
		<feat xlink:href="#sSpan2005" value="APST"/>
		<feat xlink:href="#sSpan2007" value="PPERS"/>
		<feat xlink:href="#sSpan2010" value="V"/>
		<feat xlink:href="#sSpan2013" value="PREP"/>
		<feat xlink:href="#sSpan2017" value="N"/>
		<feat xlink:href="#sSpan2021" value="PINT"/>
		<feat xlink:href="#sSpan2026" value="CREL"/>
		<feat xlink:href="#sSpan2030" value="APST"/>
		<feat xlink:href="#sSpan2032" value="PPERS"/>
		<feat xlink:href="#sSpan2034" value="V"/>
		<feat xlink:href="#sSpan2037" value="CONJ"/>
		<feat xlink:href="#sSpan2042" value="CREL"/>
		<feat xlink:href="#sSpan2046" value="FUT"/>
		<feat xlink:href="#sSpan2048" value="V"/>
		<feat xlink:href="#sSpan2051" value="PREP"/>
		<feat xlink:href="#sSpan2056" value="N"/>
		<feat xlink:href="#sSpan2060" value="PINT"/>
		<feat xlink:href="#sSpan2065" value="ART"/>
		<feat xlink:href="#sSpan2076" value="N"/>
		<feat xlink:href="#sSpan2079" value="PTC"/>
		<feat xlink:href="#sSpan2083" value="IMOD"/>
		<feat xlink:href="#sSpan2088" value="PPERO"/>
		<feat xlink:href="#sSpan2090" value="PREP"/>
		<feat xlink:href="#sSpan2094" value="ART"/>
		<feat xlink:href="#sSpan2097" value="N"/>
		<feat xlink:href="#sSpan2099" value="ART"/>
		<feat xlink:href="#sSpan2104" value="N"/>
		<feat xlink:href="#sSpan2106" value="PUNCT"/>
		<feat xlink:href="#sSpan2110" value="CONJ"/>
		<feat xlink:href="#sSpan2114" value="ART"/>
		<feat xlink:href="#sSpan2120" value="N"/>
		<feat xlink:href="#sSpan2122" value="PREP"/>
		<feat xlink:href="#sSpan2127" value="PPOS"/>
		<feat xlink:href="#sSpan2130" value="N"/>
		<feat xlink:href="#sSpan2133" value="NPROP"/>
		<feat xlink:href="#sSpan2138" value="PUNCT"/>
		<feat xlink:href="#sSpan2142" value="ART"/>
		<feat xlink:href="#sSpan2150" value="ADV"/>
		<feat xlink:href="#sSpan2152" value="IMOD"/>
		<feat xlink:href="#sSpan2157" value="PPERO"/>
		<feat xlink:href="#sSpan2159" value="COP"/>
		<feat xlink:href="#sSpan2163" value="PREP"/>
		<feat xlink:href="#sSpan2167" value="ART"/>
		<feat xlink:href="#sSpan2170" value="N"/>
		<feat xlink:href="#sSpan2173" value="PREP"/>
		<feat xlink:href="#sSpan2177" value="PPOS"/>
		<feat xlink:href="#sSpan2180" value="N"/>
		<feat xlink:href="#sSpan2184" value="NPROP"/>
		<feat xlink:href="#sSpan2188" value="PUNCT"/>
		<feat xlink:href="#sSpan2192" value="CONJ"/>
		<feat xlink:href="#sSpan2200" value="ANEGPST"/>
		<feat xlink:href="#sSpan2204" value="PPERS"/>
		<feat xlink:href="#sSpan2207" value="V"/>
		<feat xlink:href="#sSpan2210" value="PREP"/>
		<feat xlink:href="#sSpan2215" value="ART"/>
		<feat xlink:href="#sSpan2218" value="ADV"/>
		<feat xlink:href="#sSpan2221" value="PREP"/>
		<feat xlink:href="#sSpan2226" value="NPROP"/>
		<feat xlink:href="#sSpan2230" value="APREC"/>
		<feat xlink:href="#sSpan2234" value="PPERS"/>
		<feat xlink:href="#sSpan2237" value="V"/>
		<feat xlink:href="#sSpan2241" value="PREP"/>
		<feat xlink:href="#sSpan2245" value="ART"/>
		<feat xlink:href="#sSpan2248" value="N"/>
		<feat xlink:href="#sSpan2251" value="ADV"/>
		<feat xlink:href="#sSpan2255" value="PREP"/>
		<feat xlink:href="#sSpan2259" value="ART"/>
		<feat xlink:href="#sSpan2262" value="N"/>
		<feat xlink:href="#sSpan2265" value="CREL"/>
		<feat xlink:href="#sSpan2269" value="APST"/>
		<feat xlink:href="#sSpan2271" value="PPERO"/>
		<feat xlink:href="#sSpan2273" value="V"/>
		<feat xlink:href="#sSpan2276" value="PPERO"/>
		<feat xlink:href="#sSpan2278" value="PUNCT"/>
		<feat xlink:href="#sSpan2283" value="CONJ"/>
		<feat xlink:href="#sSpan2290" value="CCIRC"/>
		<feat xlink:href="#sSpan2294" value="APST"/>
		<feat xlink:href="#sSpan2296" value="PPERS"/>
		<feat xlink:href="#sSpan2298" value="V"/>
		<feat xlink:href="#sSpan2302" value="ADV"/>
		<feat xlink:href="#sSpan2306" value="PREP"/>
		<feat xlink:href="#sSpan2310" value="PPOS"/>
		<feat xlink:href="#sSpan2314" value="N"/>
		<feat xlink:href="#sSpan2316" value="PREP"/>
		<feat xlink:href="#sSpan2320" value="ADV"/>
		<feat xlink:href="#sSpan2324" value="PREP"/>
		<feat xlink:href="#sSpan2328" value="PPERO"/>
		<feat xlink:href="#sSpan2330" value="PREP"/>
		<feat xlink:href="#sSpan2334" value="ART"/>
		<feat xlink:href="#sSpan2338" value="N"/>
		<feat xlink:href="#sSpan2340" value="PREP"/>
		<feat xlink:href="#sSpan2344" value="N"/>
		<feat xlink:href="#sSpan2346" value="PUNCT"/>
		<feat xlink:href="#sSpan2351" value="PREP"/>
		<feat xlink:href="#sSpan2359" value="ART"/>
		<feat xlink:href="#sSpan2362" value="CREL"/>
		<feat xlink:href="#sSpan2364" value="VSTAT"/>
		<feat xlink:href="#sSpan2366" value="IMOD"/>
		<feat xlink:href="#sSpan2371" value="PPERO"/>
		<feat xlink:href="#sSpan2373" value="PREP"/>
		<feat xlink:href="#sSpan2377" value="ART"/>
		<feat xlink:href="#sSpan2381" value="N"/>
		<feat xlink:href="#sSpan2384" value="PREP"/>
		<feat xlink:href="#sSpan2389" value="NPROP"/>
		<feat xlink:href="#sSpan2392" value="PUNCT"/>
		<feat xlink:href="#sSpan2397" value="CONJ"/>
		<feat xlink:href="#sSpan2405" value="ADV"/>
		<feat xlink:href="#sSpan2409" value="CCIRC"/>
		<feat xlink:href="#sSpan2413" value="APST"/>
		<feat xlink:href="#sSpan2415" value="PPERS"/>
		<feat xlink:href="#sSpan2417" value="V"/>
		<feat xlink:href="#sSpan2419" value="PREP"/>
		<feat xlink:href="#sSpan2424" value="N"/>
		<feat xlink:href="#sSpan2428" value="PINT"/>
		<feat xlink:href="#sSpan2432" value="CREL"/>
		<feat xlink:href="#sSpan2436" value="APST"/>
		<feat xlink:href="#sSpan2438" value="PPERS"/>
		<feat xlink:href="#sSpan2441" value="V"/>
		<feat xlink:href="#sSpan2445" value="PREP"/>
		<feat xlink:href="#sSpan2449" value="ART"/>
		<feat xlink:href="#sSpan2452" value="N"/>
		<feat xlink:href="#sSpan2454" value="ART"/>
		<feat xlink:href="#sSpan2460" value="N"/>
		<feat xlink:href="#sSpan2462" value="PREP"/>
		<feat xlink:href="#sSpan2466" value="PPOS"/>
		<feat xlink:href="#sSpan2469" value="N"/>
		<feat xlink:href="#sSpan2472" value="PREP"/>
		<feat xlink:href="#sSpan2477" value="N"/>
		<feat xlink:href="#sSpan2480" value="PUNCT"/>
		<feat xlink:href="#sSpan2485" value="PREP"/>
		<feat xlink:href="#sSpan2493" value="N"/>
		<feat xlink:href="#sSpan2497" value="PTC"/>
		<feat xlink:href="#sSpan2501" value="PREP"/>
		<feat xlink:href="#sSpan2505" value="ART"/>
		<feat xlink:href="#sSpan2507" value="N"/>
		<feat xlink:href="#sSpan2510" value="CREL"/>
		<feat xlink:href="#sSpan2514" value="APST"/>
		<feat xlink:href="#sSpan2516" value="PPERS"/>
		<feat xlink:href="#sSpan2518" value="V"/>
		<feat xlink:href="#sSpan2522" value="N"/>
		<feat xlink:href="#sSpan2525" value="PINT"/>
		<feat xlink:href="#sSpan2530" value="PPERS"/>
		<feat xlink:href="#sSpan2534" value="N"/>
		<feat xlink:href="#sSpan2536" value="PUNCT"/>
		<feat xlink:href="#sSpan2540" value="PREP"/>
		<feat xlink:href="#sSpan2544" value="ART"/>
		<feat xlink:href="#sSpan2548" value="N"/>
		<feat xlink:href="#sSpan2550" value="IMOD"/>
		<feat xlink:href="#sSpan2554" value="PPERO"/>
		<feat xlink:href="#sSpan2556" value="CREL"/>
		<feat xlink:href="#sSpan2562" value="V"/>
		<feat xlink:href="#sSpan2564" value="PUNCT"/>
		<feat xlink:href="#sSpan2568" value="PREP"/>
		<feat xlink:href="#sSpan2573" value="NPROP"/>
		<feat xlink:href="#sSpan2577" value="PINT"/>
		<feat xlink:href="#sSpan2582" value="PUNCT"/>
		<feat xlink:href="#sSpan2586" value="PREP"/>
		<feat xlink:href="#sSpan2593" value="ART"/>
		<feat xlink:href="#sSpan2596" value="N"/>
		<feat xlink:href="#sSpan2598" value="IMOD"/>
		<feat xlink:href="#sSpan2603" value="PPERO"/>
		<feat xlink:href="#sSpan2605" value="PREP"/>
		<feat xlink:href="#sSpan2609" value="N"/>
		<feat xlink:href="#sSpan2612" value="PREP"/>
		<feat xlink:href="#sSpan2617" value="N"/>
		<feat xlink:href="#sSpan2621" value="PINT"/>
		<feat xlink:href="#sSpan2625" value="CREL"/>
		<feat xlink:href="#sSpan2630" value="VSTAT"/>
		<feat xlink:href="#sSpan2632" value="PREP"/>
		<feat xlink:href="#sSpan2637" value="N"/>
		<feat xlink:href="#sSpan2642" value="PREP"/>
		<feat xlink:href="#sSpan2646" value="PPOS"/>
		<feat xlink:href="#sSpan2649" value="N"/>
		<feat xlink:href="#sSpan2652" value="NPROP"/>
		<feat xlink:href="#sSpan2657" value="PREP"/>
		<feat xlink:href="#sSpan2661" value="ART"/>
		<feat xlink:href="#sSpan2663" value="N"/>
		<feat xlink:href="#sSpan2665" value="ADV"/>
		<feat xlink:href="#sSpan2670" value="PREP"/>
		<feat xlink:href="#sSpan2674" value="ADV"/>
		<feat xlink:href="#sSpan2677" value="PUNCT"/>
		<feat xlink:href="#sSpan2681" value="CONJ"/>
		<feat xlink:href="#sSpan2691" value="ART"/>
		<feat xlink:href="#sSpan2697" value="N"/>
		<feat xlink:href="#sSpan2701" value="PTC"/>
		<feat xlink:href="#sSpan2705" value="IMOD"/>
		<feat xlink:href="#sSpan2709" value="PPERO"/>
		<feat xlink:href="#sSpan2711" value="PUNCT"/>
		<feat xlink:href="#sSpan2715" value="CONJ"/>
		<feat xlink:href="#sSpan2720" value="ART"/>
		<feat xlink:href="#sSpan2726" value="N"/>
		<feat xlink:href="#sSpan2729" value="IMOD"/>
		<feat xlink:href="#sSpan2733" value="PPERO"/>
		<feat xlink:href="#sSpan2735" value="PUNCT"/>
		<feat xlink:href="#sSpan2739" value="CONJ"/>
		<feat xlink:href="#sSpan2744" value="PPOS"/>
		<feat xlink:href="#sSpan2749" value="N"/>
		<feat xlink:href="#sSpan2752" value="IMOD"/>
		<feat xlink:href="#sSpan2756" value="PPERO"/>
		<feat xlink:href="#sSpan2758" value="PREP"/>
		<feat xlink:href="#sSpan2763" value="N"/>
		<feat xlink:href="#sSpan2768" value="PUNCT"/>
		<feat xlink:href="#sSpan2772" value="CONJ"/>
		<feat xlink:href="#sSpan2776" value="ART"/>
		<feat xlink:href="#sSpan2782" value="N"/>
		<feat xlink:href="#sSpan2785" value="IMOD"/>
		<feat xlink:href="#sSpan2789" value="PPERO"/>
		<feat xlink:href="#sSpan2791" value="PREP"/>
		<feat xlink:href="#sSpan2795" value="ART"/>
		<feat xlink:href="#sSpan2798" value="N"/>
		<feat xlink:href="#sSpan2800" value="ADV"/>
		<feat xlink:href="#sSpan2805" value="PREP"/>
		<feat xlink:href="#sSpan2810" value="ART"/>
		<feat xlink:href="#sSpan2812" value="N"/>
		<feat xlink:href="#sSpan2814" value="PREP"/>
		<feat xlink:href="#sSpan2818" value="N"/>
		<feat xlink:href="#sSpan2820" value="PUNCT"/>
		<feat xlink:href="#sSpan2824" value="ART"/>
		<feat xlink:href="#sSpan2833" value="N"/>
		<feat xlink:href="#sSpan2835" value="COP"/>
		<feat xlink:href="#sSpan2839" value="CCIRC"/>
		<feat xlink:href="#sSpan2844" value="PPERS"/>
		<feat xlink:href="#sSpan2846" value="V"/>
		<feat xlink:href="#sSpan2849" value="PREP"/>
		<feat xlink:href="#sSpan2853" value="ART"/>
		<feat xlink:href="#sSpan2856" value="N"/>
		<feat xlink:href="#sSpan2858" value="PUNCT"/>
		<feat xlink:href="#sSpan2862" value="CONJ"/>
		<feat xlink:href="#sSpan2867" value="CCIRC"/>
		<feat xlink:href="#sSpan2871" value="PPERS"/>
		<feat xlink:href="#sSpan2873" value="V"/>
		<feat xlink:href="#sSpan2875" value="PREP"/>
		<feat xlink:href="#sSpan2879" value="ART"/>
		<feat xlink:href="#sSpan2883" value="N"/>
		<feat xlink:href="#sSpan2885" value="CONJ"/>
		<feat xlink:href="#sSpan2892" value="ART"/>
		<feat xlink:href="#sSpan2895" value="N"/>
		<feat xlink:href="#sSpan2897" value="VSTAT"/>
		<feat xlink:href="#sSpan2902" value="ADV"/>
		<feat xlink:href="#sSpan2906" value="PREP"/>
		<feat xlink:href="#sSpan2910" value="PPERO"/>
		<feat xlink:href="#sSpan2912" value="PUNCT"/>
		<feat xlink:href="#sSpan2916" value="CONJ"/>
		<feat xlink:href="#sSpan2924" value="PDEM"/>
		<feat xlink:href="#sSpan2929" value="COP"/>
		<feat xlink:href="#sSpan2933" value="ART"/>
		<feat xlink:href="#sSpan2937" value="N"/>
		<feat xlink:href="#sSpan2939" value="CREL"/>
		<feat xlink:href="#sSpan2944" value="APST"/>
		<feat xlink:href="#sSpan2946" value="PPERS"/>
		<feat xlink:href="#sSpan2948" value="V"/>
		<feat xlink:href="#sSpan2950" value="PREP"/>
		<feat xlink:href="#sSpan2955" value="PPOS"/>
		<feat xlink:href="#sSpan2958" value="N"/>
		<feat xlink:href="#sSpan2960" value="IMOD"/>
		<feat xlink:href="#sSpan2965" value="PPERO"/>
		<feat xlink:href="#sSpan2967" value="ADV"/>
		<feat xlink:href="#sSpan2971" value="PREP"/>
		<feat xlink:href="#sSpan2976" value="ART"/>
		<feat xlink:href="#sSpan2979" value="N"/>
		<feat xlink:href="#sSpan2981" value="PUNCT"/>
		<feat xlink:href="#sSpan2986" value="PPERI"/>
		<feat xlink:href="#sSpan2994" value="IMOD"/>
		<feat xlink:href="#sSpan2998" value="PPERO"/>
		<feat xlink:href="#sSpan3001" value="PTC"/>
		<feat xlink:href="#sSpan3005" value="ART"/>
		<feat xlink:href="#sSpan3011" value="N"/>
		<feat xlink:href="#sSpan3013" value="AJUS"/>
		<feat xlink:href="#sSpan3017" value="PPERS"/>
		<feat xlink:href="#sSpan3019" value="V"/>
		<feat xlink:href="#sSpan3022" value="ART"/>
		<feat xlink:href="#sSpan3025" value="N"/>
		<feat xlink:href="#sSpan3027" value="CONJ"/>
		<feat xlink:href="#sSpan3031" value="ACONJ"/>
		<feat xlink:href="#sSpan3035" value="PPERS"/>
		<feat xlink:href="#sSpan3037" value="V"/>
		<feat xlink:href="#sSpan3040" value="PREP"/>
		<feat xlink:href="#sSpan3044" value="ART"/>
		<feat xlink:href="#sSpan3047" value="N"/>
		<feat xlink:href="#sSpan3049" value="CONJ"/>
		<feat xlink:href="#sSpan3054" value="AOPT_PPERS"/>
		<feat xlink:href="#sSpan3058" value="V"/>
		<feat xlink:href="#sSpan3061" value="PREP"/>
		<feat xlink:href="#sSpan3065" value="PPOS"/>
		<feat xlink:href="#sSpan3068" value="N"/>
		<feat xlink:href="#sSpan3070" value="IMOD"/>
		<feat xlink:href="#sSpan3075" value="PPERO"/>
		<feat xlink:href="#sSpan3077" value="PUNCT"/>
		<feat xlink:href="#sSpan3081" value="CONJ"/>
		<feat xlink:href="#sSpan3088" value="CONJ"/>
		<feat xlink:href="#sSpan3093" value="AOPT_PPERS"/>
		<feat xlink:href="#sSpan3097" value="V"/>
		<feat xlink:href="#sSpan3100" value="CCIRC"/>
		<feat xlink:href="#sSpan3104" value="PPERO"/>
		<feat xlink:href="#sSpan3106" value="VSTAT"/>
		<feat xlink:href="#sSpan3108" value="PREP"/>
		<feat xlink:href="#sSpan3113" value="ART"/>
		<feat xlink:href="#sSpan3117" value="N"/>
		<feat xlink:href="#sSpan3119" value="PREP"/>
		<feat xlink:href="#sSpan3124" value="ART"/>
		<feat xlink:href="#sSpan3128" value="N"/>
		<feat xlink:href="#sSpan3131" value="PUNCT"/>
		<feat xlink:href="#sSpan3135" value="PREP"/>
		<feat xlink:href="#sSpan3139" value="ART"/>
		<feat xlink:href="#sSpan3142" value="CREL"/>
		<feat xlink:href="#sSpan3144" value="VSTAT"/>
		<feat xlink:href="#sSpan3147" value="IMOD"/>
		<feat xlink:href="#sSpan3151" value="PPERO"/>
		<feat xlink:href="#sSpan3153" value="PUNCT"/>
		<feat xlink:href="#sSpan3157" value="CONJ"/>
		<feat xlink:href="#sSpan3165" value="ACONJ"/>
		<feat xlink:href="#sSpan3169" value="PPERS"/>
		<feat xlink:href="#sSpan3171" value="V"/>
		<feat xlink:href="#sSpan3173" value="N"/>
		<feat xlink:href="#sSpan3176" value="PREP"/>
		<feat xlink:href="#sSpan3181" value="ART"/>
		<feat xlink:href="#sSpan3184" value="N"/>
		<feat xlink:href="#sSpan3186" value="PUNCT"/>
		<feat xlink:href="#sSpan3190" value="CONJ"/>
		<feat xlink:href="#sSpan3195" value="ART"/>
		<feat xlink:href="#sSpan3198" value="N"/>
		<feat xlink:href="#sSpan3200" value="COP"/>
		<feat xlink:href="#sSpan3204" value="ART"/>
		<feat xlink:href="#sSpan3210" value="N"/>
		<feat xlink:href="#sSpan3212" value="PUNCT"/>
		<feat xlink:href="#sSpan3216" value="CONJ"/>
		<feat xlink:href="#sSpan3223" value="ART"/>
		<feat xlink:href="#sSpan3229" value="N"/>
		<feat xlink:href="#sSpan3233" value="COP"/>
		<feat xlink:href="#sSpan3237" value="PPOS"/>
		<feat xlink:href="#sSpan3242" value="N"/>
		<feat xlink:href="#sSpan3247" value="NPROP"/>
		<feat xlink:href="#sSpan3251" value="PDEM"/>
		<feat xlink:href="#sSpan3255" value="CREL"/>
		<feat xlink:href="#sSpan3259" value="APST"/>
		<feat xlink:href="#sSpan3261" value="PPERO"/>
		<feat xlink:href="#sSpan3263" value="V"/>
		<feat xlink:href="#sSpan3266" value="PPERO"/>
		<feat xlink:href="#sSpan3268" value="CONJ"/>
		<feat xlink:href="#sSpan3272" value="PPERI"/>
		<feat xlink:href="#sSpan3274" value="COP"/>
		<feat xlink:href="#sSpan3279" value="ART"/>
		<feat xlink:href="#sSpan3284" value="N"/>
		<feat xlink:href="#sSpan3286" value="PUNCT"/>
		<feat xlink:href="#sSpan3291" value="PREP"/>
		<feat xlink:href="#sSpan3301" value="PDEM"/>
		<feat xlink:href="#sSpan3304" value="ANEGJUS"/>
		<feat xlink:href="#sSpan3308" value="PPERS"/>
		<feat xlink:href="#sSpan3310" value="V"/>
		<feat xlink:href="#sSpan3313" value="CCIRC"/>
		<feat xlink:href="#sSpan3317" value="PPERS"/>
		<feat xlink:href="#sSpan3319" value="V"/>
		<feat xlink:href="#sSpan3321" value="PREP"/>
		<feat xlink:href="#sSpan3325" value="ART"/>
		<feat xlink:href="#sSpan3329" value="N"/>
		<feat xlink:href="#sSpan3331" value="PUNCT"/>
		<feat xlink:href="#sSpan3335" value="PREP"/>
		<feat xlink:href="#sSpan3342" value="PPOS"/>
		<feat xlink:href="#sSpan3345" value="N"/>
		<feat xlink:href="#sSpan3348" value="CREL"/>
		<feat xlink:href="#sSpan3352" value="VSTAT"/>
		<feat xlink:href="#sSpan3354" value="CREL"/>
		<feat xlink:href="#sSpan3359" value="PPERS"/>
		<feat xlink:href="#sSpan3361" value="V"/>
		<feat xlink:href="#sSpan3363" value="PREP"/>
		<feat xlink:href="#sSpan3367" value="PPERO"/>
		<feat xlink:href="#sSpan3369" value="PREP"/>
		<feat xlink:href="#sSpan3374" value="ART"/>
		<feat xlink:href="#sSpan3377" value="N"/>
		<feat xlink:href="#sSpan3379" value="PUNCT"/>
		<feat xlink:href="#sSpan3383" value="CONJ"/>
		<feat xlink:href="#sSpan3390" value="CFOC"/>
		<feat xlink:href="#sSpan3393" value="ANEGOPT"/>
		<feat xlink:href="#sSpan3395" value="PPERS"/>
		<feat xlink:href="#sSpan3397" value="V"/>
		<feat xlink:href="#sSpan3399" value="PREP"/>
		<feat xlink:href="#sSpan3404" value="PPERO"/>
		<feat xlink:href="#sSpan3406" value="VSTAT"/>
		<feat xlink:href="#sSpan3408" value="PREP"/>
		<feat xlink:href="#sSpan3412" value="ART"/>
		<feat xlink:href="#sSpan3416" value="NPROP"/>
		<feat xlink:href="#sSpan3419" value="PUNCT"/>
		<feat xlink:href="#sSpan3423" value="PDEM"/>
		<feat xlink:href="#sSpan3431" value="CREL"/>
		<feat xlink:href="#sSpan3435" value="EXIST"/>
		<feat xlink:href="#sSpan3437" value="N"/>
		<feat xlink:href="#sSpan3441" value="VSTAT"/>
		<feat xlink:href="#sSpan3445" value="ADV"/>
		<feat xlink:href="#sSpan3449" value="PREP"/>
		<feat xlink:href="#sSpan3454" value="PPERO"/>
		<feat xlink:href="#sSpan3456" value="CONJ"/>
		<feat xlink:href="#sSpan3463" value="ART"/>
		<feat xlink:href="#sSpan3467" value="N"/>
		<feat xlink:href="#sSpan3472" value="COP"/>
		<feat xlink:href="#sSpan3476" value="PUNCT"/>
		<feat xlink:href="#sSpan3480" value="CONJ"/>
		<feat xlink:href="#sSpan3487" value="ANEGPST"/>
		<feat xlink:href="#sSpan3492" value="PPERS"/>
		<feat xlink:href="#sSpan3494" value="V"/>
		<feat xlink:href="#sSpan3496" value="N"/>
		<feat xlink:href="#sSpan3498" value="PPERO"/>
		<feat xlink:href="#sSpan3500" value="PREP"/>
		<feat xlink:href="#sSpan3504" value="N"/>
		<feat xlink:href="#sSpan3508" value="ADV"/>
		<feat xlink:href="#sSpan3512" value="PREP"/>
		<feat xlink:href="#sSpan3521" value="PDEM"/>
		<feat xlink:href="#sSpan3524" value="PTC"/>
		<feat xlink:href="#sSpan3528" value="PPERS"/>
		<feat xlink:href="#sSpan3532" value="VSTAT"/>
		<feat xlink:href="#sSpan3536" value="CCIRC"/>
		<feat xlink:href="#sSpan3540" value="PPERS"/>
		<feat xlink:href="#sSpan3542" value="V"/>
		<feat xlink:href="#sSpan3544" value="PREP"/>
		<feat xlink:href="#sSpan3548" value="ART"/>
		<feat xlink:href="#sSpan3551" value="N"/>
		<feat xlink:href="#sSpan3553" value="PREP"/>
		<feat xlink:href="#sSpan3558" value="N"/>
		<feat xlink:href="#sSpan3561" value="PINT"/>
		<feat xlink:href="#sSpan3565" value="ADV"/>
		<feat xlink:href="#sSpan3571" value="PREP"/>
		<feat xlink:href="#sSpan3575" value="ART"/>
		<feat xlink:href="#sSpan3578" value="CREL"/>
		<feat xlink:href="#sSpan3580" value="PPOS"/>
		<feat xlink:href="#sSpan3583" value="COP"/>
		<feat xlink:href="#sSpan3588" value="PREP"/>
		<feat xlink:href="#sSpan3592" value="ART"/>
		<feat xlink:href="#sSpan3595" value="N"/>
		<feat xlink:href="#sSpan3597" value="CREL"/>
		<feat xlink:href="#sSpan3601" value="VSTAT"/>
		<feat xlink:href="#sSpan3603" value="PUNCT"/>
		<feat xlink:href="#sSpan3607" value="CONJ"/>
		<feat xlink:href="#sSpan3616" value="CONJ"/>
		<feat xlink:href="#sSpan3618" value="CCIRC"/>
		<feat xlink:href="#sSpan3622" value="ART"/>
		<feat xlink:href="#sSpan3626" value="N"/>
		<feat xlink:href="#sSpan3628" value="FUT"/>
		<feat xlink:href="#sSpan3632" value="V"/>
		<feat xlink:href="#sSpan3634" value="AAOR"/>
		<feat xlink:href="#sSpan3639" value="PPERO"/>
		<feat xlink:href="#sSpan3641" value="V"/>
		<feat xlink:href="#sSpan3643" value="ADV"/>
		<feat xlink:href="#sSpan3648" value="PREP"/>
		<feat xlink:href="#sSpan3653" value="ART"/>
		<feat xlink:href="#sSpan3656" value="CREL"/>
		<feat xlink:href="#sSpan3658" value="PPOS"/>
		<feat xlink:href="#sSpan3660" value="COP"/>
		<feat xlink:href="#sSpan3666" value="V"/>
		<feat xlink:href="#sSpan3671" value="PTC"/>
		<feat xlink:href="#sSpan3675" value="CONJ"/>
		<feat xlink:href="#sSpan3680" value="N"/>
		<feat xlink:href="#sSpan3684" value="PINT"/>
		<feat xlink:href="#sSpan3688" value="CREL"/>
		<feat xlink:href="#sSpan3692" value="V"/>
		<feat xlink:href="#sSpan3695" value="PREP"/>
		<feat xlink:href="#sSpan3699" value="ART"/>
		<feat xlink:href="#sSpan3702" value="N"/>
		<feat xlink:href="#sSpan3704" value="PUNCT"/>
		<feat xlink:href="#sSpan3708" value="CONJ"/>
		<feat xlink:href="#sSpan3713" value="CREL"/>
		<feat xlink:href="#sSpan3717" value="V"/>
		<feat xlink:href="#sSpan3719" value="PREP"/>
		<feat xlink:href="#sSpan3723" value="ART"/>
		<feat xlink:href="#sSpan3727" value="N"/>
		<feat xlink:href="#sSpan3729" value="CCIRC"/>
		<feat xlink:href="#sSpan3733" value="PPERS"/>
		<feat xlink:href="#sSpan3735" value="VSTAT"/>
		<feat xlink:href="#sSpan3737" value="PREP"/></featList></paula>