<?xml version="1.0" encoding="UTF-8" standalone="no"?>

<!DOCTYPE paula SYSTEM "paula_mark.dtd">
<paula version="1.0">

<header paula_id="sahidica.nt.1_John_2_origSeg"/>

<markList xmlns:xlink="http://www.w3.org/1999/xlink" type="origSeg" xml:base="sahidica.nt.1_John_2.tok.xml">
<mark id="orig_1" xlink:href="#tok_1"/><!-- ⲛⲁ -->
<mark id="orig_2" xlink:href="#tok_2"/><!-- ϣⲏⲣⲉ -->
<mark id="orig_3" xlink:href="#tok_3"/><!-- ⲛⲁⲓ -->
<mark id="orig_4" xlink:href="#tok_4"/><!-- ⲉ -->
<mark id="orig_5" xlink:href="#tok_5"/><!-- ⲓ -->
<mark id="orig_6" xlink:href="#tok_6"/><!-- ⲥϩⲁⲓ -->
<mark id="orig_7" xlink:href="#tok_7"/><!-- ⲙⲙⲟ -->
<mark id="orig_8" xlink:href="#tok_8"/><!-- ⲟⲩ -->
<mark id="orig_9" xlink:href="#tok_9"/><!-- ⲛⲏ -->
<mark id="orig_10" xlink:href="#tok_10"/><!-- ⲧⲛ -->
<mark id="orig_11" xlink:href="#tok_11"/><!-- ϫⲉⲕⲁⲁⲥ -->
<mark id="orig_12" xlink:href="#tok_12"/><!-- ⲛ -->
<mark id="orig_13" xlink:href="#tok_13"/><!-- ⲛⲉⲧⲛ -->
<mark id="orig_14" xlink:href="#tok_14"/><!-- ⲣ -->
<mark id="orig_15" xlink:href="#tok_15"/><!-- ⲛⲟⲃⲉ -->
<mark id="orig_16" xlink:href="#tok_16"/><!-- ⲁⲩⲱ -->
<mark id="orig_17" xlink:href="#tok_17"/><!-- ⲉϣⲱⲡⲉ -->
<mark id="orig_18" xlink:href="#tok_18"/><!-- ⲉⲛϣⲁⲛ -->
<mark id="orig_19" xlink:href="#tok_19"/><!-- ⲣ -->
<mark id="orig_20" xlink:href="#tok_20"/><!-- ⲛⲟⲃⲉ -->
<mark id="orig_21" xlink:href="#tok_21"/><!-- ⲟⲩⲛⲧⲁ -->
<mark id="orig_22" xlink:href="#tok_22"/><!-- ⲛ -->
<mark id="orig_23" xlink:href="#tok_23"/><!-- ⲙⲙⲁⲩ -->
<mark id="orig_24" xlink:href="#tok_24"/><!-- ⲙ -->
<mark id="orig_25" xlink:href="#tok_25"/><!-- ⲡ -->
<mark id="orig_26" xlink:href="#tok_26"/><!-- ⲉⲧ -->
<mark id="orig_27" xlink:href="#tok_27"/><!-- ⲥⲟⲡⲥ -->
<mark id="orig_28" xlink:href="#tok_28"/><!-- ⲉϫⲱ -->
<mark id="orig_29" xlink:href="#tok_29"/><!-- ⲛ -->
<mark id="orig_30" xlink:href="#tok_30"/><!-- ⲛⲁϩⲣⲙ -->
<mark id="orig_31" xlink:href="#tok_31"/><!-- ⲡ -->
<mark id="orig_32" xlink:href="#tok_32"/><!-- ⲉⲓⲱⲧ -->
<mark id="orig_33" xlink:href="#tok_33"/><!-- ⲓⲏⲥⲟⲩⲥ -->
<mark id="orig_34" xlink:href="#tok_34"/><!-- ⲡⲉ -->
<mark id="orig_35" xlink:href="#tok_35"/><!-- ⲭⲣⲓⲥⲧⲟⲥ -->
<mark id="orig_36" xlink:href="#tok_36"/><!-- ⲡ -->
<mark id="orig_37" xlink:href="#tok_37"/><!-- ⲇⲓⲕⲁⲓⲟⲥ -->
<mark id="orig_38" xlink:href="#tok_38"/><!-- ⲁⲩⲱ -->
<mark id="orig_39" xlink:href="#tok_39"/><!-- ⲛⲧⲟϥ -->
<mark id="orig_40" xlink:href="#tok_40"/><!-- ⲡⲉ -->
<mark id="orig_41" xlink:href="#tok_41"/><!-- ⲡ -->
<mark id="orig_42" xlink:href="#tok_42"/><!-- ⲉⲧ -->
<mark id="orig_43" xlink:href="#tok_43"/><!-- ⲥⲟⲡⲥ -->
<mark id="orig_44" xlink:href="#tok_44"/><!-- ⲉⲧⲃⲉ -->
<mark id="orig_45" xlink:href="#tok_45"/><!-- ⲛⲉ -->
<mark id="orig_46" xlink:href="#tok_46"/><!-- ⲛ -->
<mark id="orig_47" xlink:href="#tok_47"/><!-- ⲟⲃⲉ -->
<mark id="orig_48" xlink:href="#tok_48"/><!-- ⲉⲧⲃⲉ -->
<mark id="orig_49" xlink:href="#tok_49"/><!-- ⲛ -->
<mark id="orig_50" xlink:href="#tok_50"/><!-- ⲛ -->
<mark id="orig_51" xlink:href="#tok_51"/><!-- ⲟⲩⲛ -->
<mark id="orig_52" xlink:href="#tok_52"/><!-- ⲇⲉ -->
<mark id="orig_53" xlink:href="#tok_53"/><!-- ⲙⲁⲩⲁⲁ -->
<mark id="orig_54" xlink:href="#tok_54"/><!-- ⲛ -->
<mark id="orig_55" xlink:href="#tok_55"/><!-- ⲁⲛ -->
<mark id="orig_56" xlink:href="#tok_56"/><!-- ⲁⲗⲗⲁ -->
<mark id="orig_57" xlink:href="#tok_57"/><!-- ⲉⲧⲃⲉ -->
<mark id="orig_58" xlink:href="#tok_58"/><!-- ⲛⲁ -->
<mark id="orig_59" xlink:href="#tok_59"/><!-- ⲡ -->
<mark id="orig_60" xlink:href="#tok_60"/><!-- ⲕⲟⲥⲙⲟⲥ -->
<mark id="orig_61" xlink:href="#tok_61"/><!-- ⲧⲏⲣϥ -->
<mark id="orig_62" xlink:href="#tok_62"/><!-- . -->
<mark id="orig_63" xlink:href="#tok_63"/><!-- ⲁⲩⲱ -->
<mark id="orig_64" xlink:href="#tok_64"/><!-- ϩⲙ -->
<mark id="orig_65" xlink:href="#tok_65"/><!-- ⲡⲁⲓ -->
<mark id="orig_66" xlink:href="#tok_66"/><!-- ⲧⲉⲛⲉⲓⲙⲉ -->
<mark id="orig_67" xlink:href="#tok_67"/><!-- ϫⲉ -->
<mark id="orig_68" xlink:href="#tok_68"/><!-- ⲁ -->
<mark id="orig_69" xlink:href="#tok_69"/><!-- ⲛ -->
<mark id="orig_70" xlink:href="#tok_70"/><!-- ⲥⲟⲩⲱⲛ -->
<mark id="orig_71" xlink:href="#tok_71"/><!-- ϥ -->
<mark id="orig_72" xlink:href="#tok_72"/><!-- ⲉϣⲱⲡⲉ -->
<mark id="orig_73" xlink:href="#tok_73"/><!-- ⲉⲛϣⲁⲛ -->
<mark id="orig_74" xlink:href="#tok_74"/><!-- ϩⲁⲣⲉϩ -->
<mark id="orig_75" xlink:href="#tok_75"/><!-- ⲛ -->
<mark id="orig_76" xlink:href="#tok_76"/><!-- ⲛⲉϥ -->
<mark id="orig_77" xlink:href="#tok_77"/><!-- ⲉⲛⲧⲟⲗⲏ -->
<mark id="orig_78" xlink:href="#tok_78"/><!-- ⲡ -->
<mark id="orig_79" xlink:href="#tok_79"/><!-- ⲉⲧ -->
<mark id="orig_80" xlink:href="#tok_80"/><!-- ϫⲱ -->
<mark id="orig_81" xlink:href="#tok_81"/><!-- ⲙⲙⲟ -->
<mark id="orig_82" xlink:href="#tok_82"/><!-- ⲥ -->
<mark id="orig_83" xlink:href="#tok_83"/><!-- ϫⲉ -->
<mark id="orig_84" xlink:href="#tok_84"/><!-- ⲁ -->
<mark id="orig_85" xlink:href="#tok_85"/><!-- ⲓ -->
<mark id="orig_86" xlink:href="#tok_86"/><!-- ⲥⲟⲩⲱⲛ -->
<mark id="orig_87" xlink:href="#tok_87"/><!-- ϥ -->
<mark id="orig_88" xlink:href="#tok_88"/><!-- ⲛ -->
<mark id="orig_89" xlink:href="#tok_89"/><!-- ϥ -->
<mark id="orig_90" xlink:href="#tok_90"/><!-- ϩⲁⲣⲉϩ -->
<mark id="orig_91" xlink:href="#tok_91"/><!-- ⲁⲛ -->
<mark id="orig_92" xlink:href="#tok_92"/><!-- ⲛ -->
<mark id="orig_93" xlink:href="#tok_93"/><!-- ⲛⲉϥ -->
<mark id="orig_94" xlink:href="#tok_94"/><!-- ⲉⲛⲧⲟⲗⲏ -->
<mark id="orig_95" xlink:href="#tok_95"/><!-- ⲟⲩⲣⲉϥϫⲓ -->
<mark id="orig_96" xlink:href="#tok_96"/><!-- ϭⲟⲗ -->
<mark id="orig_97" xlink:href="#tok_97"/><!-- ⲡⲉ -->
<mark id="orig_98" xlink:href="#tok_98"/><!-- ⲁⲩⲱ -->
<mark id="orig_99" xlink:href="#tok_99"/><!-- ⲧ -->
<mark id="orig_100" xlink:href="#tok_100"/><!-- ⲙⲉ -->
<mark id="orig_101" xlink:href="#tok_101"/><!-- ϣⲟⲟⲡ -->
<mark id="orig_102" xlink:href="#tok_102"/><!-- ϩⲙ -->
<mark id="orig_103" xlink:href="#tok_103"/><!-- ⲡⲁⲓ -->
<mark id="orig_104" xlink:href="#tok_104"/><!-- ⲡ -->
<mark id="orig_105" xlink:href="#tok_105"/><!-- ⲉⲧ -->
<mark id="orig_106" xlink:href="#tok_106"/><!-- ⲛⲁ -->
<mark id="orig_107" xlink:href="#tok_107"/><!-- ϩⲁⲣⲉϩ -->
<mark id="orig_108" xlink:href="#tok_108"/><!-- ⲇⲉ -->
<mark id="orig_109" xlink:href="#tok_109"/><!-- ⲉ -->
<mark id="orig_110" xlink:href="#tok_110"/><!-- ⲡⲉϥ -->
<mark id="orig_111" xlink:href="#tok_111"/><!-- ϣⲁϫⲉ -->
<mark id="orig_112" xlink:href="#tok_112"/><!-- ⲛⲁⲙⲉ -->
<mark id="orig_113" xlink:href="#tok_113"/><!-- ⲁⲧⲁⲅⲁⲡⲏ -->
<mark id="orig_114" xlink:href="#tok_114"/><!-- ⲙ -->
<mark id="orig_115" xlink:href="#tok_115"/><!-- ⲡ -->
<mark id="orig_116" xlink:href="#tok_116"/><!-- ⲛⲟⲩⲧⲉ -->
<mark id="orig_117" xlink:href="#tok_117"/><!-- ϫⲱ -->
<mark id="orig_118" xlink:href="#tok_118"/><!-- ⲕ -->
<mark id="orig_119" xlink:href="#tok_119"/><!-- ⲉⲃⲟⲗ -->
<mark id="orig_120" xlink:href="#tok_120"/><!-- ϩⲙ -->
<mark id="orig_121" xlink:href="#tok_121"/><!-- ⲡⲁⲓ -->
<mark id="orig_122" xlink:href="#tok_122"/><!-- ⲁⲩⲱ -->
<mark id="orig_123" xlink:href="#tok_123"/><!-- ϩⲙ -->
<mark id="orig_124" xlink:href="#tok_124"/><!-- ⲡⲉⲓ -->
<mark id="orig_125" xlink:href="#tok_125"/><!-- ⲧⲉⲛⲉⲓⲙⲉ -->
<mark id="orig_126" xlink:href="#tok_126"/><!-- ϫⲉ -->
<mark id="orig_127" xlink:href="#tok_127"/><!-- ⲧⲉⲛϣⲟⲟⲡ -->
<mark id="orig_128" xlink:href="#tok_128"/><!-- ϩⲣⲁⲓ -->
<mark id="orig_129" xlink:href="#tok_129"/><!-- ⲛϩⲏⲧ -->
<mark id="orig_130" xlink:href="#tok_130"/><!-- ϥ -->
<mark id="orig_131" xlink:href="#tok_131"/><!-- ⲡ -->
<mark id="orig_132" xlink:href="#tok_132"/><!-- ⲉⲧ -->
<mark id="orig_133" xlink:href="#tok_133"/><!-- ϫⲱ -->
<mark id="orig_134" xlink:href="#tok_134"/><!-- ⲙⲙⲟ -->
<mark id="orig_135" xlink:href="#tok_135"/><!-- ⲥ -->
<mark id="orig_136" xlink:href="#tok_136"/><!-- ϫⲉ -->
<mark id="orig_137" xlink:href="#tok_137"/><!-- ϯⲥⲟⲟⲡ -->
<mark id="orig_138" xlink:href="#tok_138"/><!-- ϩⲣⲁⲓ -->
<mark id="orig_139" xlink:href="#tok_139"/><!-- ⲛϩⲏⲧ -->
<mark id="orig_140" xlink:href="#tok_140"/><!-- ϥ -->
<mark id="orig_141" xlink:href="#tok_141"/><!-- ϣϣⲉ -->
<mark id="orig_142" xlink:href="#tok_142"/><!-- ⲉⲣⲟ -->
<mark id="orig_143" xlink:href="#tok_143"/><!-- ϥ -->
<mark id="orig_144" xlink:href="#tok_144"/><!-- ϩⲱⲱ -->
<mark id="orig_145" xlink:href="#tok_145"/><!-- ϥ -->
<mark id="orig_146" xlink:href="#tok_146"/><!-- ⲉ -->
<mark id="orig_147" xlink:href="#tok_147"/><!-- ⲙⲟⲟϣⲉ -->
<mark id="orig_148" xlink:href="#tok_148"/><!-- ⲕⲁⲧⲁ -->
<mark id="orig_149" xlink:href="#tok_149"/><!-- ⲧ -->
<mark id="orig_150" xlink:href="#tok_150"/><!-- ϩⲉ -->
<mark id="orig_151" xlink:href="#tok_151"/><!-- ⲉⲧⲉⲣⲉⲡⲏ -->
<mark id="orig_152" xlink:href="#tok_152"/><!-- ⲙⲟⲟϣⲉ -->
<mark id="orig_153" xlink:href="#tok_153"/><!-- ⲙⲙⲟ -->
<mark id="orig_154" xlink:href="#tok_154"/><!-- ⲥ -->
<mark id="orig_155" xlink:href="#tok_155"/><!-- . -->
<mark id="orig_156" xlink:href="#tok_156"/><!-- ⲛⲁ -->
<mark id="orig_157" xlink:href="#tok_157"/><!-- ⲙⲉⲣⲁⲧⲉ -->
<mark id="orig_158" xlink:href="#tok_158"/><!-- ⲛ -->
<mark id="orig_159" xlink:href="#tok_159"/><!-- ⲟⲩ -->
<mark id="orig_160" xlink:href="#tok_160"/><!-- ⲉⲛⲧⲟⲗⲏ -->
<mark id="orig_161" xlink:href="#tok_161"/><!-- ⲛ -->
<mark id="orig_162" xlink:href="#tok_162"/><!-- ⲃⲣⲣⲉ -->
<mark id="orig_163" xlink:href="#tok_163"/><!-- ⲁⲛ -->
<mark id="orig_164" xlink:href="#tok_164"/><!-- ⲧⲉϯⲥϩⲁⲓ -->
<mark id="orig_165" xlink:href="#tok_165"/><!-- ⲙⲙⲟ -->
<mark id="orig_166" xlink:href="#tok_166"/><!-- ⲥ -->
<mark id="orig_167" xlink:href="#tok_167"/><!-- ⲛⲏ -->
<mark id="orig_168" xlink:href="#tok_168"/><!-- ⲧⲛ -->
<mark id="orig_169" xlink:href="#tok_169"/><!-- ⲁⲗⲗⲁ -->
<mark id="orig_170" xlink:href="#tok_170"/><!-- ⲟⲩ -->
<mark id="orig_171" xlink:href="#tok_171"/><!-- ⲉⲛⲧⲟⲗⲏ -->
<mark id="orig_172" xlink:href="#tok_172"/><!-- ⲛⲁ -->
<mark id="orig_173" xlink:href="#tok_173"/><!-- ⲥ -->
<mark id="orig_174" xlink:href="#tok_174"/><!-- ⲧⲉ -->
<mark id="orig_175" xlink:href="#tok_175"/><!-- ⲧⲁⲓ -->
<mark id="orig_176" xlink:href="#tok_176"/><!-- ⲉⲧⲉ -->
<mark id="orig_177" xlink:href="#tok_177"/><!-- ⲟⲩⲛⲧⲏⲧⲛⲥ -->
<mark id="orig_178" xlink:href="#tok_178"/><!-- ⲛϫⲓⲛ -->
<mark id="orig_179" xlink:href="#tok_179"/><!-- ⲧⲉϩⲟⲩⲉⲓⲧⲉ -->
<mark id="orig_180" xlink:href="#tok_180"/><!-- ⲧ -->
<mark id="orig_181" xlink:href="#tok_181"/><!-- ⲉⲛⲧⲟⲗⲏ -->
<mark id="orig_182" xlink:href="#tok_182"/><!-- ⲛⲁ -->
<mark id="orig_183" xlink:href="#tok_183"/><!-- ⲥ -->
<mark id="orig_184" xlink:href="#tok_184"/><!-- ⲡⲉ -->
<mark id="orig_185" xlink:href="#tok_185"/><!-- ⲡ -->
<mark id="orig_186" xlink:href="#tok_186"/><!-- ϣⲁϫⲉ -->
<mark id="orig_187" xlink:href="#tok_187"/><!-- ⲛⲧⲁⲧⲉⲛⲥⲱⲧⲙ -->
<mark id="orig_188" xlink:href="#tok_188"/><!-- ⲉⲣⲟ -->
<mark id="orig_189" xlink:href="#tok_189"/><!-- ϥ -->
<mark id="orig_190" xlink:href="#tok_190"/><!-- ⲡⲁⲗⲓⲛ -->
<mark id="orig_191" xlink:href="#tok_191"/><!-- ⲟⲛ -->
<mark id="orig_192" xlink:href="#tok_192"/><!-- ⲛ -->
<mark id="orig_193" xlink:href="#tok_193"/><!-- ⲟⲩ -->
<mark id="orig_194" xlink:href="#tok_194"/><!-- ⲉⲛⲧⲟⲗⲏ -->
<mark id="orig_195" xlink:href="#tok_195"/><!-- ⲛ -->
<mark id="orig_196" xlink:href="#tok_196"/><!-- ⲃⲣⲣⲉ -->
<mark id="orig_197" xlink:href="#tok_197"/><!-- ⲁⲛ -->
<mark id="orig_198" xlink:href="#tok_198"/><!-- ⲧⲉϯⲥϩⲁⲓ -->
<mark id="orig_199" xlink:href="#tok_199"/><!-- ⲙⲙⲟ -->
<mark id="orig_200" xlink:href="#tok_200"/><!-- ⲥ -->
<mark id="orig_201" xlink:href="#tok_201"/><!-- ⲛⲏ -->
<mark id="orig_202" xlink:href="#tok_202"/><!-- ⲧⲛ -->
<mark id="orig_203" xlink:href="#tok_203"/><!-- ⲡⲁⲓ -->
<mark id="orig_204" xlink:href="#tok_204"/><!-- ⲟⲩ -->
<mark id="orig_205" xlink:href="#tok_205"/><!-- ⲙⲉ -->
<mark id="orig_206" xlink:href="#tok_206"/><!-- ⲡⲉ -->
<mark id="orig_207" xlink:href="#tok_207"/><!-- ⲛϩⲏⲧ -->
<mark id="orig_208" xlink:href="#tok_208"/><!-- ϥ -->
<mark id="orig_209" xlink:href="#tok_209"/><!-- ⲁⲩⲱ -->
<mark id="orig_210" xlink:href="#tok_210"/><!-- ⲛϩⲏⲧ -->
<mark id="orig_211" xlink:href="#tok_211"/><!-- ⲧⲏⲩⲧⲛ -->
<mark id="orig_212" xlink:href="#tok_212"/><!-- ϫⲉ -->
<mark id="orig_213" xlink:href="#tok_213"/><!-- ⲡ -->
<mark id="orig_214" xlink:href="#tok_214"/><!-- ⲕⲁⲕⲉ -->
<mark id="orig_215" xlink:href="#tok_215"/><!-- ⲛⲁⲡⲁⲣⲁⲕⲉ -->
<mark id="orig_216" xlink:href="#tok_216"/><!-- ⲁⲩⲱ -->
<mark id="orig_217" xlink:href="#tok_217"/><!-- ⲡ -->
<mark id="orig_218" xlink:href="#tok_218"/><!-- ⲟⲩⲟⲉⲓⲛ -->
<mark id="orig_219" xlink:href="#tok_219"/><!-- ⲙ -->
<mark id="orig_220" xlink:href="#tok_220"/><!-- ⲙⲉ -->
<mark id="orig_221" xlink:href="#tok_221"/><!-- ϫⲓⲛ -->
<mark id="orig_222" xlink:href="#tok_222"/><!-- ⲧⲉⲛⲟⲩ -->
<mark id="orig_223" xlink:href="#tok_223"/><!-- ϥ -->
<mark id="orig_224" xlink:href="#tok_224"/><!-- ⲣ -->
<mark id="orig_225" xlink:href="#tok_225"/><!-- ⲟⲩⲟⲉⲓⲛ -->
<mark id="orig_226" xlink:href="#tok_226"/><!-- . -->
<mark id="orig_227" xlink:href="#tok_227"/><!-- ⲡ -->
<mark id="orig_228" xlink:href="#tok_228"/><!-- ⲉⲧ -->
<mark id="orig_229" xlink:href="#tok_229"/><!-- ϫⲱ -->
<mark id="orig_230" xlink:href="#tok_230"/><!-- ⲙⲙⲟ -->
<mark id="orig_231" xlink:href="#tok_231"/><!-- ⲥ -->
<mark id="orig_232" xlink:href="#tok_232"/><!-- ϫⲉ -->
<mark id="orig_233" xlink:href="#tok_233"/><!-- ϯ -->
<mark id="orig_234" xlink:href="#tok_234"/><!-- ϣⲟⲟⲡ -->
<mark id="orig_235" xlink:href="#tok_235"/><!-- ϩⲙ -->
<mark id="orig_236" xlink:href="#tok_236"/><!-- ⲡⲟⲩ -->
<mark id="orig_237" xlink:href="#tok_237"/><!-- ⲁⲩⲱ -->
<mark id="orig_238" xlink:href="#tok_238"/><!-- ϥ -->
<mark id="orig_239" xlink:href="#tok_239"/><!-- ⲙⲟⲥⲧⲉ -->
<mark id="orig_240" xlink:href="#tok_240"/><!-- ⲙ -->
<mark id="orig_241" xlink:href="#tok_241"/><!-- ⲡⲉϥ -->
<mark id="orig_242" xlink:href="#tok_242"/><!-- ⲥⲟⲛ -->
<mark id="orig_243" xlink:href="#tok_243"/><!-- ϥ -->
<mark id="orig_244" xlink:href="#tok_244"/><!-- ϣⲟⲟⲡ -->
<mark id="orig_245" xlink:href="#tok_245"/><!-- ϩⲙ -->
<mark id="orig_246" xlink:href="#tok_246"/><!-- ⲡ -->
<mark id="orig_247" xlink:href="#tok_247"/><!-- ⲕⲁⲕⲉ -->
<mark id="orig_248" xlink:href="#tok_248"/><!-- ϣⲁϩⲣⲁⲓ -->
<mark id="orig_249" xlink:href="#tok_249"/><!-- ⲉⲧⲉⲛⲟⲩ -->
<mark id="orig_250" xlink:href="#tok_250"/><!-- ⲡ -->
<mark id="orig_251" xlink:href="#tok_251"/><!-- ⲉⲧ -->
<mark id="orig_252" xlink:href="#tok_252"/><!-- ⲙⲉ -->
<mark id="orig_253" xlink:href="#tok_253"/><!-- ⲇⲉ -->
<mark id="orig_254" xlink:href="#tok_254"/><!-- ⲛⲧⲟϥ -->
<mark id="orig_255" xlink:href="#tok_255"/><!-- ⲙ -->
<mark id="orig_256" xlink:href="#tok_256"/><!-- ⲡⲉϥ -->
<mark id="orig_257" xlink:href="#tok_257"/><!-- ⲥⲟⲛ -->
<mark id="orig_258" xlink:href="#tok_258"/><!-- ϥ -->
<mark id="orig_259" xlink:href="#tok_259"/><!-- ϣⲟⲟⲡ -->
<mark id="orig_260" xlink:href="#tok_260"/><!-- ϩⲣⲁⲓ -->
<mark id="orig_261" xlink:href="#tok_261"/><!-- ϩⲙ -->
<mark id="orig_262" xlink:href="#tok_262"/><!-- ⲡ -->
<mark id="orig_263" xlink:href="#tok_263"/><!-- ⲟⲩⲟⲉⲓⲛ -->
<mark id="orig_264" xlink:href="#tok_264"/><!-- ⲁⲩⲱ -->
<mark id="orig_265" xlink:href="#tok_265"/><!-- ⲙⲛ -->
<mark id="orig_266" xlink:href="#tok_266"/><!-- ⲥⲕⲁⲛⲧⲁⲗⲗⲟⲛ -->
<mark id="orig_267" xlink:href="#tok_267"/><!-- ϣⲟⲟⲡ -->
<mark id="orig_268" xlink:href="#tok_268"/><!-- ϩⲣⲁⲓ -->
<mark id="orig_269" xlink:href="#tok_269"/><!-- ⲛϩⲏⲧ -->
<mark id="orig_270" xlink:href="#tok_270"/><!-- ϥ -->
<mark id="orig_271" xlink:href="#tok_271"/><!-- ⲡ -->
<mark id="orig_272" xlink:href="#tok_272"/><!-- ⲉⲧ -->
<mark id="orig_273" xlink:href="#tok_273"/><!-- ⲙⲟⲥⲧⲉ -->
<mark id="orig_274" xlink:href="#tok_274"/><!-- ⲇⲉ -->
<mark id="orig_275" xlink:href="#tok_275"/><!-- ⲙ -->
<mark id="orig_276" xlink:href="#tok_276"/><!-- ⲡⲉϥ -->
<mark id="orig_277" xlink:href="#tok_277"/><!-- ⲥⲟⲛ -->
<mark id="orig_278" xlink:href="#tok_278"/><!-- ϥ -->
<mark id="orig_279" xlink:href="#tok_279"/><!-- ϣⲟⲟⲡ -->
<mark id="orig_280" xlink:href="#tok_280"/><!-- ϩⲣⲁⲓ -->
<mark id="orig_281" xlink:href="#tok_281"/><!-- ϩⲙ -->
<mark id="orig_282" xlink:href="#tok_282"/><!-- ⲡ -->
<mark id="orig_283" xlink:href="#tok_283"/><!-- ⲕⲁⲕⲉ -->
<mark id="orig_284" xlink:href="#tok_284"/><!-- ⲁⲩⲱ -->
<mark id="orig_285" xlink:href="#tok_285"/><!-- ⲉ -->
<mark id="orig_286" xlink:href="#tok_286"/><!-- ϥ -->
<mark id="orig_287" xlink:href="#tok_287"/><!-- ⲙⲟⲟϣⲉ -->
<mark id="orig_288" xlink:href="#tok_288"/><!-- ϩⲙ -->
<mark id="orig_289" xlink:href="#tok_289"/><!-- ⲡ -->
<mark id="orig_290" xlink:href="#tok_290"/><!-- ⲕⲁⲕⲉ -->
<mark id="orig_291" xlink:href="#tok_291"/><!-- ⲛ -->
<mark id="orig_292" xlink:href="#tok_292"/><!-- ϥ -->
<mark id="orig_293" xlink:href="#tok_293"/><!-- ⲥⲟⲟⲩⲛ -->
<mark id="orig_294" xlink:href="#tok_294"/><!-- ⲁⲛ -->
<mark id="orig_295" xlink:href="#tok_295"/><!-- ϫⲉ -->
<mark id="orig_296" xlink:href="#tok_296"/><!-- ⲉ -->
<mark id="orig_297" xlink:href="#tok_297"/><!-- ϥ -->
<mark id="orig_298" xlink:href="#tok_298"/><!-- ⲃⲏⲕ -->
<mark id="orig_299" xlink:href="#tok_299"/><!-- ⲉ -->
<mark id="orig_300" xlink:href="#tok_300"/><!-- ⲧⲱⲛ -->
<mark id="orig_301" xlink:href="#tok_301"/><!-- ϫⲉ -->
<mark id="orig_302" xlink:href="#tok_302"/><!-- ⲁⲡⲕⲁⲕⲉ -->
<mark id="orig_303" xlink:href="#tok_303"/><!-- ⲧⲱⲙ -->
<mark id="orig_304" xlink:href="#tok_304"/><!-- ⲛ -->
<mark id="orig_305" xlink:href="#tok_305"/><!-- ⲛⲉϥ -->
<mark id="orig_306" xlink:href="#tok_306"/><!-- ⲃⲁⲗ -->
<mark id="orig_307" xlink:href="#tok_307"/><!-- ϯ -->
<mark id="orig_308" xlink:href="#tok_308"/><!-- ⲥϩⲁⲓ -->
<mark id="orig_309" xlink:href="#tok_309"/><!-- ⲛⲏ -->
<mark id="orig_310" xlink:href="#tok_310"/><!-- ⲧⲛ -->
<mark id="orig_311" xlink:href="#tok_311"/><!-- ⲛ -->
<mark id="orig_312" xlink:href="#tok_312"/><!-- ϣⲏⲣⲉ -->
<mark id="orig_313" xlink:href="#tok_313"/><!-- ϣⲏⲙ -->
<mark id="orig_314" xlink:href="#tok_314"/><!-- ϫⲉ -->
<mark id="orig_315" xlink:href="#tok_315"/><!-- ⲁ -->
<mark id="orig_316" xlink:href="#tok_316"/><!-- ⲩ -->
<mark id="orig_317" xlink:href="#tok_317"/><!-- ⲕⲱ -->
<mark id="orig_318" xlink:href="#tok_318"/><!-- ⲛⲏ -->
<mark id="orig_319" xlink:href="#tok_319"/><!-- ⲧⲛ -->
<mark id="orig_320" xlink:href="#tok_320"/><!-- ⲉⲃⲟⲗ -->
<mark id="orig_321" xlink:href="#tok_321"/><!-- ⲛ -->
<mark id="orig_322" xlink:href="#tok_322"/><!-- ⲛⲉⲧⲛ -->
<mark id="orig_323" xlink:href="#tok_323"/><!-- ⲛⲟⲃⲉ -->
<mark id="orig_324" xlink:href="#tok_324"/><!-- ⲉⲧⲃⲉ -->
<mark id="orig_325" xlink:href="#tok_325"/><!-- ⲡⲉϥ -->
<mark id="orig_326" xlink:href="#tok_326"/><!-- ⲣⲁⲛ -->
<mark id="orig_327" xlink:href="#tok_327"/><!-- ϯ -->
<mark id="orig_328" xlink:href="#tok_328"/><!-- ⲥϩⲁⲓ -->
<mark id="orig_329" xlink:href="#tok_329"/><!-- ⲛⲏ -->
<mark id="orig_330" xlink:href="#tok_330"/><!-- ⲧⲛ -->
<mark id="orig_331" xlink:href="#tok_331"/><!-- ⲛ -->
<mark id="orig_332" xlink:href="#tok_332"/><!-- ⲉⲓⲟⲧⲉ -->
<mark id="orig_333" xlink:href="#tok_333"/><!-- ϫⲉ -->
<mark id="orig_334" xlink:href="#tok_334"/><!-- ⲁ -->
<mark id="orig_335" xlink:href="#tok_335"/><!-- ⲧⲉⲧⲛ -->
<mark id="orig_336" xlink:href="#tok_336"/><!-- ⲥⲟⲩⲉⲛ -->
<mark id="orig_337" xlink:href="#tok_337"/><!-- ⲡ -->
<mark id="orig_338" xlink:href="#tok_338"/><!-- ⲉⲧ -->
<mark id="orig_339" xlink:href="#tok_339"/><!-- ϣⲟⲟⲡ -->
<mark id="orig_340" xlink:href="#tok_340"/><!-- ⲛϫⲓⲛ -->
<mark id="orig_341" xlink:href="#tok_341"/><!-- ϣⲟⲣⲡ -->
<mark id="orig_342" xlink:href="#tok_342"/><!-- ϯ -->
<mark id="orig_343" xlink:href="#tok_343"/><!-- ⲥϩⲁⲓ -->
<mark id="orig_344" xlink:href="#tok_344"/><!-- ⲛⲏ -->
<mark id="orig_345" xlink:href="#tok_345"/><!-- ⲧⲛ -->
<mark id="orig_346" xlink:href="#tok_346"/><!-- ⲛϩⲓⲣϣⲉⲣⲉ -->
<mark id="orig_347" xlink:href="#tok_347"/><!-- ϫⲉ -->
<mark id="orig_348" xlink:href="#tok_348"/><!-- ⲁ -->
<mark id="orig_349" xlink:href="#tok_349"/><!-- ⲧⲉⲧⲛ -->
<mark id="orig_350" xlink:href="#tok_350"/><!-- ϫⲣⲟ -->
<mark id="orig_351" xlink:href="#tok_351"/><!-- ⲉ -->
<mark id="orig_352" xlink:href="#tok_352"/><!-- ⲡⲟⲛⲏⲣⲟⲥ -->
<mark id="orig_353" xlink:href="#tok_353"/><!-- ⲁ -->
<mark id="orig_354" xlink:href="#tok_354"/><!-- ⲓ -->
<mark id="orig_355" xlink:href="#tok_355"/><!-- ⲥϩⲁⲓ -->
<mark id="orig_356" xlink:href="#tok_356"/><!-- ⲛⲏ -->
<mark id="orig_357" xlink:href="#tok_357"/><!-- ⲧⲛ -->
<mark id="orig_358" xlink:href="#tok_358"/><!-- ⲛ -->
<mark id="orig_359" xlink:href="#tok_359"/><!-- ϣⲏⲣⲉ -->
<mark id="orig_360" xlink:href="#tok_360"/><!-- ϣⲏⲙ -->
<mark id="orig_361" xlink:href="#tok_361"/><!-- ϫⲉ -->
<mark id="orig_362" xlink:href="#tok_362"/><!-- ⲁ -->
<mark id="orig_363" xlink:href="#tok_363"/><!-- ⲧⲉⲧⲛ -->
<mark id="orig_364" xlink:href="#tok_364"/><!-- ⲥⲟⲩⲉⲛ -->
<mark id="orig_365" xlink:href="#tok_365"/><!-- ⲡ -->
<mark id="orig_366" xlink:href="#tok_366"/><!-- ⲉⲓⲱⲧ -->
<mark id="orig_367" xlink:href="#tok_367"/><!-- . -->
<mark id="orig_368" xlink:href="#tok_368"/><!-- ⲁ -->
<mark id="orig_369" xlink:href="#tok_369"/><!-- ⲓ -->
<mark id="orig_370" xlink:href="#tok_370"/><!-- ⲥϩⲁⲓ -->
<mark id="orig_371" xlink:href="#tok_371"/><!-- ⲛⲏ -->
<mark id="orig_372" xlink:href="#tok_372"/><!-- ⲧⲛ -->
<mark id="orig_373" xlink:href="#tok_373"/><!-- ⲛ -->
<mark id="orig_374" xlink:href="#tok_374"/><!-- ⲉⲓⲟⲧⲉ -->
<mark id="orig_375" xlink:href="#tok_375"/><!-- ϫⲉ -->
<mark id="orig_376" xlink:href="#tok_376"/><!-- ⲁ -->
<mark id="orig_377" xlink:href="#tok_377"/><!-- ⲧⲉⲧⲛ -->
<mark id="orig_378" xlink:href="#tok_378"/><!-- ⲥⲟⲩⲉⲛ -->
<mark id="orig_379" xlink:href="#tok_379"/><!-- ⲡ -->
<mark id="orig_380" xlink:href="#tok_380"/><!-- ⲉⲧ -->
<mark id="orig_381" xlink:href="#tok_381"/><!-- ϣⲟⲟⲡ -->
<mark id="orig_382" xlink:href="#tok_382"/><!-- ⲛϫⲓⲛ -->
<mark id="orig_383" xlink:href="#tok_383"/><!-- ⲧⲉϩⲟⲩⲉⲓⲧⲉ -->
<mark id="orig_384" xlink:href="#tok_384"/><!-- ⲁ -->
<mark id="orig_385" xlink:href="#tok_385"/><!-- ⲓ -->
<mark id="orig_386" xlink:href="#tok_386"/><!-- ⲥϩⲁⲓ -->
<mark id="orig_387" xlink:href="#tok_387"/><!-- ⲛⲏ -->
<mark id="orig_388" xlink:href="#tok_388"/><!-- ⲧⲛ -->
<mark id="orig_389" xlink:href="#tok_389"/><!-- ⲛϩⲓⲣϣⲉⲣⲓ -->
<mark id="orig_390" xlink:href="#tok_390"/><!-- ϫⲉ -->
<mark id="orig_391" xlink:href="#tok_391"/><!-- ⲧⲉⲧⲛ -->
<mark id="orig_392" xlink:href="#tok_392"/><!-- ϫⲟⲟⲣ -->
<mark id="orig_393" xlink:href="#tok_393"/><!-- . -->
<mark id="orig_394" xlink:href="#tok_394"/><!-- ⲁⲩⲱ -->
<mark id="orig_395" xlink:href="#tok_395"/><!-- ⲡ -->
<mark id="orig_396" xlink:href="#tok_396"/><!-- ϣⲁϫⲉ -->
<mark id="orig_397" xlink:href="#tok_397"/><!-- ϣⲟⲟⲡ -->
<mark id="orig_398" xlink:href="#tok_398"/><!-- ⲛϩⲏⲧ -->
<mark id="orig_399" xlink:href="#tok_399"/><!-- ⲧⲏⲩⲧⲛ -->
<mark id="orig_400" xlink:href="#tok_400"/><!-- ⲁⲩⲱ -->
<mark id="orig_401" xlink:href="#tok_401"/><!-- ⲁ -->
<mark id="orig_402" xlink:href="#tok_402"/><!-- ⲧⲉⲧⲛ -->
<mark id="orig_403" xlink:href="#tok_403"/><!-- ϫⲣⲟ -->
<mark id="orig_404" xlink:href="#tok_404"/><!-- ⲉ -->
<mark id="orig_405" xlink:href="#tok_405"/><!-- ⲡⲟⲛⲏⲣⲟⲥ -->
<mark id="orig_406" xlink:href="#tok_406"/><!-- ⲙⲡⲉⲣⲙⲉⲣⲓ -->
<mark id="orig_407" xlink:href="#tok_407"/><!-- ⲡ -->
<mark id="orig_408" xlink:href="#tok_408"/><!-- ⲕⲟⲥⲙⲟⲥ -->
<mark id="orig_409" xlink:href="#tok_409"/><!-- ⲟⲩⲇⲉ -->
<mark id="orig_410" xlink:href="#tok_410"/><!-- ⲛⲉⲧϩⲙ -->
<mark id="orig_411" xlink:href="#tok_411"/><!-- ⲡ -->
<mark id="orig_412" xlink:href="#tok_412"/><!-- ⲕⲟⲥⲙⲟⲥ -->
<mark id="orig_413" xlink:href="#tok_413"/><!-- ⲉϣⲱⲡⲉ -->
<mark id="orig_414" xlink:href="#tok_414"/><!-- ⲉⲣⲉϣⲁⲛⲟⲩⲁ -->
<mark id="orig_415" xlink:href="#tok_415"/><!-- ⲙⲉⲣ -->
<mark id="orig_416" xlink:href="#tok_416"/><!-- ⲓ -->
<mark id="orig_417" xlink:href="#tok_417"/><!-- ⲡ -->
<mark id="orig_418" xlink:href="#tok_418"/><!-- ⲕⲟⲥⲙⲟⲥ -->
<mark id="orig_419" xlink:href="#tok_419"/><!-- ⲉⲓⲉ -->
<mark id="orig_420" xlink:href="#tok_420"/><!-- ⲛ -->
<mark id="orig_421" xlink:href="#tok_421"/><!-- ⲧ -->
<mark id="orig_422" xlink:href="#tok_422"/><!-- ⲁⲅⲁⲡⲏ -->
<mark id="orig_423" xlink:href="#tok_423"/><!-- ⲙ -->
<mark id="orig_424" xlink:href="#tok_424"/><!-- ⲡ -->
<mark id="orig_425" xlink:href="#tok_425"/><!-- ⲉⲓⲱⲧ -->
<mark id="orig_426" xlink:href="#tok_426"/><!-- ϣⲟⲟⲡ -->
<mark id="orig_427" xlink:href="#tok_427"/><!-- ⲁⲛ -->
<mark id="orig_428" xlink:href="#tok_428"/><!-- ⲉϩⲣⲁⲓ -->
<mark id="orig_429" xlink:href="#tok_429"/><!-- ⲛϩⲏⲧ -->
<mark id="orig_430" xlink:href="#tok_430"/><!-- ϥ -->
<mark id="orig_431" xlink:href="#tok_431"/><!-- . -->
<mark id="orig_432" xlink:href="#tok_432"/><!-- ϫⲉ -->
<mark id="orig_433" xlink:href="#tok_433"/><!-- ϩⲱⲃ -->
<mark id="orig_434" xlink:href="#tok_434"/><!-- ⲛⲓⲙ -->
<mark id="orig_435" xlink:href="#tok_435"/><!-- ⲉⲧ -->
<mark id="orig_436" xlink:href="#tok_436"/><!-- ϩⲙ -->
<mark id="orig_437" xlink:href="#tok_437"/><!-- ⲡ -->
<mark id="orig_438" xlink:href="#tok_438"/><!-- ⲕⲟⲥⲙⲟⲥ -->
<mark id="orig_439" xlink:href="#tok_439"/><!-- ⲧⲉⲡⲉⲓⲑⲩⲙⲉⲓⲁ -->
<mark id="orig_440" xlink:href="#tok_440"/><!-- ⲛ -->
<mark id="orig_441" xlink:href="#tok_441"/><!-- ⲧ -->
<mark id="orig_442" xlink:href="#tok_442"/><!-- ⲥⲁⲣⲝ -->
<mark id="orig_443" xlink:href="#tok_443"/><!-- ⲙⲛ -->
<mark id="orig_444" xlink:href="#tok_444"/><!-- ⲧⲉⲡⲉⲓⲑⲩⲙⲉⲓⲁ -->
<mark id="orig_445" xlink:href="#tok_445"/><!-- ⲛⲛⲉⲃⲁⲗ -->
<mark id="orig_446" xlink:href="#tok_446"/><!-- ⲙⲛ -->
<mark id="orig_447" xlink:href="#tok_447"/><!-- ⲡ -->
<mark id="orig_448" xlink:href="#tok_448"/><!-- ϣⲟⲩϣⲟⲩ -->
<mark id="orig_449" xlink:href="#tok_449"/><!-- ⲙ -->
<mark id="orig_450" xlink:href="#tok_450"/><!-- ⲡ -->
<mark id="orig_451" xlink:href="#tok_451"/><!-- ⲃⲓⲟⲥ -->
<mark id="orig_452" xlink:href="#tok_452"/><!-- ⲛϩⲉⲛⲛⲉⲃⲁⲗ -->
<mark id="orig_453" xlink:href="#tok_453"/><!-- ⲁⲛ -->
<mark id="orig_454" xlink:href="#tok_454"/><!-- ⲛⲉ -->
<mark id="orig_455" xlink:href="#tok_455"/><!-- ϩⲙ -->
<mark id="orig_456" xlink:href="#tok_456"/><!-- ⲡ -->
<mark id="orig_457" xlink:href="#tok_457"/><!-- ⲉⲓⲱⲧ -->
<mark id="orig_458" xlink:href="#tok_458"/><!-- ⲁⲗⲗⲁ -->
<mark id="orig_459" xlink:href="#tok_459"/><!-- ϩⲉⲛⲛⲉⲃⲟⲗ -->
<mark id="orig_460" xlink:href="#tok_460"/><!-- ⲛⲉ -->
<mark id="orig_461" xlink:href="#tok_461"/><!-- ϩⲙ -->
<mark id="orig_462" xlink:href="#tok_462"/><!-- ⲡ -->
<mark id="orig_463" xlink:href="#tok_463"/><!-- ⲕⲟⲥⲙⲟⲥ -->
<mark id="orig_464" xlink:href="#tok_464"/><!-- ⲁⲩⲱ -->
<mark id="orig_465" xlink:href="#tok_465"/><!-- ⲡ -->
<mark id="orig_466" xlink:href="#tok_466"/><!-- ⲕⲟⲥⲙⲟⲥ -->
<mark id="orig_467" xlink:href="#tok_467"/><!-- ⲛⲁ -->
<mark id="orig_468" xlink:href="#tok_468"/><!-- ⲡⲁⲣⲁⲅⲉ -->
<mark id="orig_469" xlink:href="#tok_469"/><!-- ⲙⲛ -->
<mark id="orig_470" xlink:href="#tok_470"/><!-- ⲧⲉϥⲉⲉⲡⲉⲓⲑⲩⲙⲓⲁ -->
<mark id="orig_471" xlink:href="#tok_471"/><!-- ⲡ -->
<mark id="orig_472" xlink:href="#tok_472"/><!-- ⲉⲧ -->
<mark id="orig_473" xlink:href="#tok_473"/><!-- ⲉⲓⲣⲉ -->
<mark id="orig_474" xlink:href="#tok_474"/><!-- ⲇⲉ -->
<mark id="orig_475" xlink:href="#tok_475"/><!-- ⲙ -->
<mark id="orig_476" xlink:href="#tok_476"/><!-- ⲡ -->
<mark id="orig_477" xlink:href="#tok_477"/><!-- ⲟⲩⲱϣ -->
<mark id="orig_478" xlink:href="#tok_478"/><!-- ⲙ -->
<mark id="orig_479" xlink:href="#tok_479"/><!-- ⲡ -->
<mark id="orig_480" xlink:href="#tok_480"/><!-- ⲛⲟⲩⲧⲉ -->
<mark id="orig_481" xlink:href="#tok_481"/><!-- ϥ -->
<mark id="orig_482" xlink:href="#tok_482"/><!-- ⲛⲁ -->
<mark id="orig_483" xlink:href="#tok_483"/><!-- ϣⲱⲡⲉ -->
<mark id="orig_484" xlink:href="#tok_484"/><!-- ⲛϣⲁ -->
<mark id="orig_485" xlink:href="#tok_485"/><!-- ⲉⲛⲉϩ -->
<mark id="orig_486" xlink:href="#tok_486"/><!-- ⲕⲁⲧⲁ -->
<mark id="orig_487" xlink:href="#tok_487"/><!-- ⲧ -->
<mark id="orig_488" xlink:href="#tok_488"/><!-- ϩⲉ -->
<mark id="orig_489" xlink:href="#tok_489"/><!-- ⲙⲡⲏ -->
<mark id="orig_490" xlink:href="#tok_490"/><!-- ⲉⲧ -->
<mark id="orig_491" xlink:href="#tok_491"/><!-- ϣⲟⲟⲡ -->
<mark id="orig_492" xlink:href="#tok_492"/><!-- ⲛϣⲁ -->
<mark id="orig_493" xlink:href="#tok_493"/><!-- ⲉⲛⲉϩ -->
<mark id="orig_494" xlink:href="#tok_494"/><!-- . -->
<mark id="orig_495" xlink:href="#tok_495"/><!-- ⲛⲁ -->
<mark id="orig_496" xlink:href="#tok_496"/><!-- ϣⲏⲣⲉ -->
<mark id="orig_497" xlink:href="#tok_497"/><!-- ⲧ -->
<mark id="orig_498" xlink:href="#tok_498"/><!-- ϩⲁⲏ -->
<mark id="orig_499" xlink:href="#tok_499"/><!-- ⲛ -->
<mark id="orig_500" xlink:href="#tok_500"/><!-- ⲟⲩ -->
<mark id="orig_501" xlink:href="#tok_501"/><!-- ⲛⲟⲩ -->
<mark id="orig_502" xlink:href="#tok_502"/><!-- ⲧⲉ -->
<mark id="orig_503" xlink:href="#tok_503"/><!-- ⲁⲩⲱ -->
<mark id="orig_504" xlink:href="#tok_504"/><!-- ⲕⲁⲧⲁ -->
<mark id="orig_505" xlink:href="#tok_505"/><!-- ⲧ -->
<mark id="orig_506" xlink:href="#tok_506"/><!-- ϩⲉ -->
<mark id="orig_507" xlink:href="#tok_507"/><!-- ⲛⲧ -->
<mark id="orig_508" xlink:href="#tok_508"/><!-- ⲁ -->
<mark id="orig_509" xlink:href="#tok_509"/><!-- ⲧⲉⲧⲛ -->
<mark id="orig_510" xlink:href="#tok_510"/><!-- ⲥⲱⲧⲙ -->
<mark id="orig_511" xlink:href="#tok_511"/><!-- ϫⲉ -->
<mark id="orig_512" xlink:href="#tok_512"/><!-- ⲡⲁⲛⲇⲓⲭⲣⲏⲥⲧⲟⲥ -->
<mark id="orig_513" xlink:href="#tok_513"/><!-- ⲛⲏ -->
<mark id="orig_514" xlink:href="#tok_514"/><!-- ⲩ -->
<mark id="orig_515" xlink:href="#tok_515"/><!-- ⲧⲉⲛⲟⲩ -->
<mark id="orig_516" xlink:href="#tok_516"/><!-- ⲁϩⲁϩ -->
<mark id="orig_517" xlink:href="#tok_517"/><!-- ⲛⲁⲛⲇⲓⲭⲣⲏⲥⲧⲟⲥ -->
<mark id="orig_518" xlink:href="#tok_518"/><!-- ϣⲱⲡⲉ -->
<mark id="orig_519" xlink:href="#tok_519"/><!-- ϩⲙ -->
<mark id="orig_520" xlink:href="#tok_520"/><!-- ⲡⲁⲓ -->
<mark id="orig_521" xlink:href="#tok_521"/><!-- ⲧⲉⲛⲉⲓⲙⲉ -->
<mark id="orig_522" xlink:href="#tok_522"/><!-- ϫⲉ -->
<mark id="orig_523" xlink:href="#tok_523"/><!-- ⲧ -->
<mark id="orig_524" xlink:href="#tok_524"/><!-- ϩⲁⲏ -->
<mark id="orig_525" xlink:href="#tok_525"/><!-- ⲛ -->
<mark id="orig_526" xlink:href="#tok_526"/><!-- ⲟⲩ -->
<mark id="orig_527" xlink:href="#tok_527"/><!-- ⲛⲟⲩ -->
<mark id="orig_528" xlink:href="#tok_528"/><!-- ⲧⲉ -->
<mark id="orig_529" xlink:href="#tok_529"/><!-- . -->
<mark id="orig_530" xlink:href="#tok_530"/><!-- ⲛⲧ -->
<mark id="orig_531" xlink:href="#tok_531"/><!-- ⲁ -->
<mark id="orig_532" xlink:href="#tok_532"/><!-- ⲩ -->
<mark id="orig_533" xlink:href="#tok_533"/><!-- ⲉⲓ -->
<mark id="orig_534" xlink:href="#tok_534"/><!-- ⲉⲃⲟⲗ -->
<mark id="orig_535" xlink:href="#tok_535"/><!-- ⲛϩⲏⲧ -->
<mark id="orig_536" xlink:href="#tok_536"/><!-- ⲛ -->
<mark id="orig_537" xlink:href="#tok_537"/><!-- ⲁⲗⲗⲁ -->
<mark id="orig_538" xlink:href="#tok_538"/><!-- ⲛϩⲉⲛⲛⲉⲃⲁⲗ -->
<mark id="orig_539" xlink:href="#tok_539"/><!-- ⲛϩⲏⲧ -->
<mark id="orig_540" xlink:href="#tok_540"/><!-- ⲛ -->
<mark id="orig_541" xlink:href="#tok_541"/><!-- ⲁⲛ -->
<mark id="orig_542" xlink:href="#tok_542"/><!-- ⲛⲉ -->
<mark id="orig_543" xlink:href="#tok_543"/><!-- ⲉⲛⲉϩ -->
<mark id="orig_544" xlink:href="#tok_544"/><!-- ⲉⲛⲛⲉϩⲉⲛⲛⲉⲃⲁⲗ -->
<mark id="orig_545" xlink:href="#tok_545"/><!-- ⲅⲁⲣ -->
<mark id="orig_546" xlink:href="#tok_546"/><!-- ⲛϩⲏⲧ -->
<mark id="orig_547" xlink:href="#tok_547"/><!-- ⲛ -->
<mark id="orig_548" xlink:href="#tok_548"/><!-- ⲛⲉ -->
<mark id="orig_549" xlink:href="#tok_549"/><!-- ⲛⲉ -->
<mark id="orig_550" xlink:href="#tok_550"/><!-- ⲩ -->
<mark id="orig_551" xlink:href="#tok_551"/><!-- ⲛⲁ -->
<mark id="orig_552" xlink:href="#tok_552"/><!-- ϭⲱ -->
<mark id="orig_553" xlink:href="#tok_553"/><!-- ⲛⲙⲙⲟⲛ -->
<mark id="orig_554" xlink:href="#tok_554"/><!-- ⲡⲉ -->
<mark id="orig_555" xlink:href="#tok_555"/><!-- ⲁⲗⲗⲁ -->
<mark id="orig_556" xlink:href="#tok_556"/><!-- ϫⲉⲕⲁⲁⲥ -->
<mark id="orig_557" xlink:href="#tok_557"/><!-- ⲉ -->
<mark id="orig_558" xlink:href="#tok_558"/><!-- ⲩ -->
<mark id="orig_559" xlink:href="#tok_559"/><!-- ⲛⲁ -->
<mark id="orig_560" xlink:href="#tok_560"/><!-- ⲟⲩ -->
<mark id="orig_561" xlink:href="#tok_561"/><!-- ⲱⲛϩ -->
<mark id="orig_562" xlink:href="#tok_562"/><!-- ⲉⲃⲟⲗ -->
<mark id="orig_563" xlink:href="#tok_563"/><!-- ϫⲉ -->
<mark id="orig_564" xlink:href="#tok_564"/><!-- ϩⲉⲛⲛⲉⲃⲟⲗ -->
<mark id="orig_565" xlink:href="#tok_565"/><!-- ⲛϩⲏⲧ -->
<mark id="orig_566" xlink:href="#tok_566"/><!-- ⲛ -->
<mark id="orig_567" xlink:href="#tok_567"/><!-- ⲧⲏⲣ -->
<mark id="orig_568" xlink:href="#tok_568"/><!-- ⲟⲩ -->
<mark id="orig_569" xlink:href="#tok_569"/><!-- ⲁⲛ -->
<mark id="orig_570" xlink:href="#tok_570"/><!-- ⲛⲉ -->
<mark id="orig_571" xlink:href="#tok_571"/><!-- ⲁⲩⲱ -->
<mark id="orig_572" xlink:href="#tok_572"/><!-- ⲛⲧⲱⲧⲛ -->
<mark id="orig_573" xlink:href="#tok_573"/><!-- ϩⲱⲱ -->
<mark id="orig_574" xlink:href="#tok_574"/><!-- ⲧⲏⲩⲧⲛ -->
<mark id="orig_575" xlink:href="#tok_575"/><!-- ⲟⲩⲛⲧⲏⲧⲛ -->
<mark id="orig_576" xlink:href="#tok_576"/><!-- ⲙⲙⲟ -->
<mark id="orig_577" xlink:href="#tok_577"/><!-- ⲩ -->
<mark id="orig_578" xlink:href="#tok_578"/><!-- ⲛ -->
<mark id="orig_579" xlink:href="#tok_579"/><!-- ⲟⲩ -->
<mark id="orig_580" xlink:href="#tok_580"/><!-- ⲧⲱϩ -->
<mark id="orig_581" xlink:href="#tok_581"/><!-- ⲥ -->
<mark id="orig_582" xlink:href="#tok_582"/><!-- ⲉⲃⲟⲗ -->
<mark id="orig_583" xlink:href="#tok_583"/><!-- ϩⲓⲧⲙ -->
<mark id="orig_584" xlink:href="#tok_584"/><!-- ⲡⲡⲉⲧⲟⲩⲁⲁⲃ -->
<mark id="orig_585" xlink:href="#tok_585"/><!-- ⲧⲉⲧⲛ -->
<mark id="orig_586" xlink:href="#tok_586"/><!-- ⲥⲟⲟⲩⲛ -->
<mark id="orig_587" xlink:href="#tok_587"/><!-- ⲧⲏⲣ -->
<mark id="orig_588" xlink:href="#tok_588"/><!-- ⲧⲛ -->
<mark id="orig_589" xlink:href="#tok_589"/><!-- ⲛⲧ -->
<mark id="orig_590" xlink:href="#tok_590"/><!-- ⲁ -->
<mark id="orig_591" xlink:href="#tok_591"/><!-- ⲓ -->
<mark id="orig_592" xlink:href="#tok_592"/><!-- ⲥϩⲁⲓ -->
<mark id="orig_593" xlink:href="#tok_593"/><!-- ⲛⲏ -->
<mark id="orig_594" xlink:href="#tok_594"/><!-- ⲧⲛ -->
<mark id="orig_595" xlink:href="#tok_595"/><!-- ⲁⲛ -->
<mark id="orig_596" xlink:href="#tok_596"/><!-- ϫⲉ -->
<mark id="orig_597" xlink:href="#tok_597"/><!-- ⲛ -->
<mark id="orig_598" xlink:href="#tok_598"/><!-- ⲧⲉⲧⲛ -->
<mark id="orig_599" xlink:href="#tok_599"/><!-- ⲥⲟⲟⲩⲛ -->
<mark id="orig_600" xlink:href="#tok_600"/><!-- ⲁⲛ -->
<mark id="orig_601" xlink:href="#tok_601"/><!-- ⲉ -->
<mark id="orig_602" xlink:href="#tok_602"/><!-- ⲧ -->
<mark id="orig_603" xlink:href="#tok_603"/><!-- ⲙⲉ -->
<mark id="orig_604" xlink:href="#tok_604"/><!-- ⲁⲗⲗⲁ -->
<mark id="orig_605" xlink:href="#tok_605"/><!-- ϫⲉ -->
<mark id="orig_606" xlink:href="#tok_606"/><!-- ⲧⲉⲧⲛ -->
<mark id="orig_607" xlink:href="#tok_607"/><!-- ⲥⲟⲟⲩⲛ -->
<mark id="orig_608" xlink:href="#tok_608"/><!-- ⲙⲙⲟ -->
<mark id="orig_609" xlink:href="#tok_609"/><!-- ⲥ -->
<mark id="orig_610" xlink:href="#tok_610"/><!-- ⲁⲩⲱ -->
<mark id="orig_611" xlink:href="#tok_611"/><!-- ϫⲉ -->
<mark id="orig_612" xlink:href="#tok_612"/><!-- ϭⲟⲗ -->
<mark id="orig_613" xlink:href="#tok_613"/><!-- ⲛⲓⲙ -->
<mark id="orig_614" xlink:href="#tok_614"/><!-- ϩⲉⲛⲛⲉⲃⲟⲗ -->
<mark id="orig_615" xlink:href="#tok_615"/><!-- ⲏⲛ -->
<mark id="orig_616" xlink:href="#tok_616"/><!-- ⲧ -->
<mark id="orig_617" xlink:href="#tok_617"/><!-- ⲙⲉ -->
<mark id="orig_618" xlink:href="#tok_618"/><!-- ⲁⲛ -->
<mark id="orig_619" xlink:href="#tok_619"/><!-- ⲛⲉ -->
<mark id="orig_620" xlink:href="#tok_620"/><!-- ⲛⲓⲙ -->
<mark id="orig_621" xlink:href="#tok_621"/><!-- ⲡⲉ -->
<mark id="orig_622" xlink:href="#tok_622"/><!-- ⲡⲣⲉϥϫⲓ -->
<mark id="orig_623" xlink:href="#tok_623"/><!-- ϭⲟⲗ -->
<mark id="orig_624" xlink:href="#tok_624"/><!-- ⲉ -->
<mark id="orig_625" xlink:href="#tok_625"/><!-- ⲓ -->
<mark id="orig_626" xlink:href="#tok_626"/><!-- ⲙⲏⲧⲉⲓ -->
<mark id="orig_627" xlink:href="#tok_627"/><!-- ⲡ -->
<mark id="orig_628" xlink:href="#tok_628"/><!-- ⲉⲧ -->
<mark id="orig_629" xlink:href="#tok_629"/><!-- ⲁⲣⲛⲁ -->
<mark id="orig_630" xlink:href="#tok_630"/><!-- ϫⲉ -->
<mark id="orig_631" xlink:href="#tok_631"/><!-- ⲓⲏⲥⲟⲩⲥ -->
<mark id="orig_632" xlink:href="#tok_632"/><!-- ⲁⲛ -->
<mark id="orig_633" xlink:href="#tok_633"/><!-- ⲡⲉ -->
<mark id="orig_634" xlink:href="#tok_634"/><!-- ⲡⲉ -->
<mark id="orig_635" xlink:href="#tok_635"/><!-- ⲭⲣⲓⲥⲧⲟⲥ -->
<mark id="orig_636" xlink:href="#tok_636"/><!-- ⲡⲁⲓ -->
<mark id="orig_637" xlink:href="#tok_637"/><!-- ⲡⲉ -->
<mark id="orig_638" xlink:href="#tok_638"/><!-- ⲡⲁⲛⲇⲓⲭⲣⲏⲥⲧⲟⲥ -->
<mark id="orig_639" xlink:href="#tok_639"/><!-- ⲡ -->
<mark id="orig_640" xlink:href="#tok_640"/><!-- ⲉⲧ -->
<mark id="orig_641" xlink:href="#tok_641"/><!-- ⲁⲣⲛⲁ -->
<mark id="orig_642" xlink:href="#tok_642"/><!-- ⲙ -->
<mark id="orig_643" xlink:href="#tok_643"/><!-- ⲡ -->
<mark id="orig_644" xlink:href="#tok_644"/><!-- ⲉⲓⲱⲧ -->
<mark id="orig_645" xlink:href="#tok_645"/><!-- ⲁⲩⲱ -->
<mark id="orig_646" xlink:href="#tok_646"/><!-- ⲡ -->
<mark id="orig_647" xlink:href="#tok_647"/><!-- ϣⲏⲣⲉ -->
<mark id="orig_648" xlink:href="#tok_648"/><!-- ⲟⲩⲟⲛ -->
<mark id="orig_649" xlink:href="#tok_649"/><!-- ⲛⲓⲙ -->
<mark id="orig_650" xlink:href="#tok_650"/><!-- ⲉⲧ -->
<mark id="orig_651" xlink:href="#tok_651"/><!-- ⲁⲣⲛⲁ -->
<mark id="orig_652" xlink:href="#tok_652"/><!-- ⲙ -->
<mark id="orig_653" xlink:href="#tok_653"/><!-- ⲡ -->
<mark id="orig_654" xlink:href="#tok_654"/><!-- ϣⲏⲣⲉ -->
<mark id="orig_655" xlink:href="#tok_655"/><!-- ⲙⲛ -->
<mark id="orig_656" xlink:href="#tok_656"/><!-- ⲧ -->
<mark id="orig_657" xlink:href="#tok_657"/><!-- ⲁϥ -->
<mark id="orig_658" xlink:href="#tok_658"/><!-- ⲟⲛ -->
<mark id="orig_659" xlink:href="#tok_659"/><!-- ⲙⲙⲁⲩ -->
<mark id="orig_660" xlink:href="#tok_660"/><!-- ⲙ -->
<mark id="orig_661" xlink:href="#tok_661"/><!-- ⲡ -->
<mark id="orig_662" xlink:href="#tok_662"/><!-- ⲉⲓⲱⲧ -->
<mark id="orig_663" xlink:href="#tok_663"/><!-- ⲡ -->
<mark id="orig_664" xlink:href="#tok_664"/><!-- ⲉⲧ -->
<mark id="orig_665" xlink:href="#tok_665"/><!-- ϩⲟⲙⲟⲗⲟⲅⲉⲓ -->
<mark id="orig_666" xlink:href="#tok_666"/><!-- ⲙ -->
<mark id="orig_667" xlink:href="#tok_667"/><!-- ⲡ -->
<mark id="orig_668" xlink:href="#tok_668"/><!-- ϣⲏⲣⲉ -->
<mark id="orig_669" xlink:href="#tok_669"/><!-- ⲟⲩⲛⲧⲁ -->
<mark id="orig_670" xlink:href="#tok_670"/><!-- ϥ -->
<mark id="orig_671" xlink:href="#tok_671"/><!-- ⲙⲙⲁⲩ -->
<mark id="orig_672" xlink:href="#tok_672"/><!-- ⲙ -->
<mark id="orig_673" xlink:href="#tok_673"/><!-- ⲡ -->
<mark id="orig_674" xlink:href="#tok_674"/><!-- ⲉⲓⲱⲧ -->
<mark id="orig_675" xlink:href="#tok_675"/><!-- ⲛⲧⲱⲧⲛ -->
<mark id="orig_676" xlink:href="#tok_676"/><!-- ⲇⲉ -->
<mark id="orig_677" xlink:href="#tok_677"/><!-- ⲡⲉⲛⲧⲁⲧⲛⲥⲱⲧⲙ -->
<mark id="orig_678" xlink:href="#tok_678"/><!-- ⲉⲣⲟ -->
<mark id="orig_679" xlink:href="#tok_679"/><!-- ϥ -->
<mark id="orig_680" xlink:href="#tok_680"/><!-- ϫⲓⲛ -->
<mark id="orig_681" xlink:href="#tok_681"/><!-- ϣⲟⲣⲡ -->
<mark id="orig_682" xlink:href="#tok_682"/><!-- ⲙⲁⲣⲉ -->
<mark id="orig_683" xlink:href="#tok_683"/><!-- ϥ -->
<mark id="orig_684" xlink:href="#tok_684"/><!-- ϣⲱⲡⲉ -->
<mark id="orig_685" xlink:href="#tok_685"/><!-- ⲉϩⲣⲁⲓ -->
<mark id="orig_686" xlink:href="#tok_686"/><!-- ⲛϩⲏⲧ -->
<mark id="orig_687" xlink:href="#tok_687"/><!-- ⲧⲏⲩⲧⲛ -->
<mark id="orig_688" xlink:href="#tok_688"/><!-- ⲉϣⲱⲡⲉ -->
<mark id="orig_689" xlink:href="#tok_689"/><!-- ⲉϥϣⲁⲛ -->
<mark id="orig_690" xlink:href="#tok_690"/><!-- ϭⲱ -->
<mark id="orig_691" xlink:href="#tok_691"/><!-- ⲉϩⲣⲁⲓ -->
<mark id="orig_692" xlink:href="#tok_692"/><!-- ⲛϩⲏⲧ -->
<mark id="orig_693" xlink:href="#tok_693"/><!-- ⲧⲏⲩⲧⲛ -->
<mark id="orig_694" xlink:href="#tok_694"/><!-- ⲛϭⲓ -->
<mark id="orig_695" xlink:href="#tok_695"/><!-- ⲡⲉⲛⲧⲁⲧⲉⲧⲛⲥⲱⲧⲙⲉϥ -->
<mark id="orig_696" xlink:href="#tok_696"/><!-- ⲛϫⲓⲛ -->
<mark id="orig_697" xlink:href="#tok_697"/><!-- ϣⲟⲣⲡ -->
<mark id="orig_698" xlink:href="#tok_698"/><!-- ⲛⲧⲱⲧⲛ -->
<mark id="orig_699" xlink:href="#tok_699"/><!-- ϭⲱⲱ -->
<mark id="orig_700" xlink:href="#tok_700"/><!-- ⲧⲏⲩⲧⲛ -->
<mark id="orig_701" xlink:href="#tok_701"/><!-- ⲧⲉⲧⲛ -->
<mark id="orig_702" xlink:href="#tok_702"/><!-- ⲛⲁ -->
<mark id="orig_703" xlink:href="#tok_703"/><!-- ϣⲱⲡⲉ -->
<mark id="orig_704" xlink:href="#tok_704"/><!-- ϩⲙ -->
<mark id="orig_705" xlink:href="#tok_705"/><!-- ⲡ -->
<mark id="orig_706" xlink:href="#tok_706"/><!-- ϣⲏⲣⲉ -->
<mark id="orig_707" xlink:href="#tok_707"/><!-- ⲁⲩⲱ -->
<mark id="orig_708" xlink:href="#tok_708"/><!-- ϩⲙ -->
<mark id="orig_709" xlink:href="#tok_709"/><!-- ⲡ -->
<mark id="orig_710" xlink:href="#tok_710"/><!-- ⲉⲓⲱⲧ -->
<mark id="orig_711" xlink:href="#tok_711"/><!-- ⲁⲩⲱ -->
<mark id="orig_712" xlink:href="#tok_712"/><!-- ⲡⲁⲓ -->
<mark id="orig_713" xlink:href="#tok_713"/><!-- ⲡⲉ -->
<mark id="orig_714" xlink:href="#tok_714"/><!-- ⲡⲉⲣⲏⲧ -->
<mark id="orig_715" xlink:href="#tok_715"/><!-- ⲛⲧ -->
<mark id="orig_716" xlink:href="#tok_716"/><!-- ⲁ -->
<mark id="orig_717" xlink:href="#tok_717"/><!-- ϥ -->
<mark id="orig_718" xlink:href="#tok_718"/><!-- ⲉⲣⲏⲧ -->
<mark id="orig_719" xlink:href="#tok_719"/><!-- ⲙⲙⲟ -->
<mark id="orig_720" xlink:href="#tok_720"/><!-- ϥ -->
<mark id="orig_721" xlink:href="#tok_721"/><!-- ⲛⲁ -->
<mark id="orig_722" xlink:href="#tok_722"/><!-- ⲛ -->
<mark id="orig_723" xlink:href="#tok_723"/><!-- ⲡ -->
<mark id="orig_724" xlink:href="#tok_724"/><!-- ⲱⲛϩ -->
<mark id="orig_725" xlink:href="#tok_725"/><!-- ϣⲁ -->
<mark id="orig_726" xlink:href="#tok_726"/><!-- ⲉⲛⲉϩ -->
<mark id="orig_727" xlink:href="#tok_727"/><!-- ⲛⲁⲓ -->
<mark id="orig_728" xlink:href="#tok_728"/><!-- ⲉ -->
<mark id="orig_729" xlink:href="#tok_729"/><!-- ⲓ -->
<mark id="orig_730" xlink:href="#tok_730"/><!-- ⲥϩⲁⲓ -->
<mark id="orig_731" xlink:href="#tok_731"/><!-- ⲙⲙⲟ -->
<mark id="orig_732" xlink:href="#tok_732"/><!-- ⲟⲩ -->
<mark id="orig_733" xlink:href="#tok_733"/><!-- ⲛⲏ -->
<mark id="orig_734" xlink:href="#tok_734"/><!-- ⲧⲛ -->
<mark id="orig_735" xlink:href="#tok_735"/><!-- ⲉⲧⲃⲉ -->
<mark id="orig_736" xlink:href="#tok_736"/><!-- ⲛ -->
<mark id="orig_737" xlink:href="#tok_737"/><!-- ⲉⲧ -->
<mark id="orig_738" xlink:href="#tok_738"/><!-- ⲡⲗⲁⲛⲁ -->
<mark id="orig_739" xlink:href="#tok_739"/><!-- ⲙⲙⲱ -->
<mark id="orig_740" xlink:href="#tok_740"/><!-- ⲧⲛ -->
<mark id="orig_741" xlink:href="#tok_741"/><!-- ⲁⲩⲱ -->
<mark id="orig_742" xlink:href="#tok_742"/><!-- ⲛⲧⲱⲧⲛ -->
<mark id="orig_743" xlink:href="#tok_743"/><!-- ⲡⲧⲱϩⲥ -->
<mark id="orig_744" xlink:href="#tok_744"/><!-- ⲛⲧ -->
<mark id="orig_745" xlink:href="#tok_745"/><!-- ⲁ -->
<mark id="orig_746" xlink:href="#tok_746"/><!-- ⲧⲉⲧⲛ -->
<mark id="orig_747" xlink:href="#tok_747"/><!-- ϫⲓⲧ -->
<mark id="orig_748" xlink:href="#tok_748"/><!-- ϥ -->
<mark id="orig_749" xlink:href="#tok_749"/><!-- ⲉⲃⲟⲗ -->
<mark id="orig_750" xlink:href="#tok_750"/><!-- ϩⲓⲧⲟⲟⲧ -->
<mark id="orig_751" xlink:href="#tok_751"/><!-- ϥ -->
<mark id="orig_752" xlink:href="#tok_752"/><!-- ϥ -->
<mark id="orig_753" xlink:href="#tok_753"/><!-- ϣⲟⲟⲡ -->
<mark id="orig_754" xlink:href="#tok_754"/><!-- ⲛϩⲏⲧ -->
<mark id="orig_755" xlink:href="#tok_755"/><!-- ⲧⲏⲩⲧⲛ -->
<mark id="orig_756" xlink:href="#tok_756"/><!-- ⲁⲩⲱ -->
<mark id="orig_757" xlink:href="#tok_757"/><!-- ⲛ -->
<mark id="orig_758" xlink:href="#tok_758"/><!-- ⲧⲉⲧⲛ -->
<mark id="orig_759" xlink:href="#tok_759"/><!-- ⲣ -->
<mark id="orig_760" xlink:href="#tok_760"/><!-- ⲭⲣⲓⲁ -->
<mark id="orig_761" xlink:href="#tok_761"/><!-- ⲁⲛ -->
<mark id="orig_762" xlink:href="#tok_762"/><!-- ϫⲉⲕⲁⲁⲥ -->
<mark id="orig_763" xlink:href="#tok_763"/><!-- ⲉⲣⲉⲟⲩⲁ -->
<mark id="orig_764" xlink:href="#tok_764"/><!-- ϯ -->
<mark id="orig_765" xlink:href="#tok_765"/><!-- ⲥⲃⲱ -->
<mark id="orig_766" xlink:href="#tok_766"/><!-- ⲛⲏ -->
<mark id="orig_767" xlink:href="#tok_767"/><!-- ⲧⲛ -->
<mark id="orig_768" xlink:href="#tok_768"/><!-- ⲁⲗⲗⲁ -->
<mark id="orig_769" xlink:href="#tok_769"/><!-- ⲛ -->
<mark id="orig_770" xlink:href="#tok_770"/><!-- ⲧ -->
<mark id="orig_771" xlink:href="#tok_771"/><!-- ϩⲉ -->
<mark id="orig_772" xlink:href="#tok_772"/><!-- ⲙⲡⲉ -->
<mark id="orig_773" xlink:href="#tok_773"/><!-- ϥ -->
<mark id="orig_774" xlink:href="#tok_774"/><!-- ⲧⲱϩ -->
<mark id="orig_775" xlink:href="#tok_775"/><!-- ⲥ -->
<mark id="orig_776" xlink:href="#tok_776"/><!-- ⲉ -->
<mark id="orig_777" xlink:href="#tok_777"/><!-- ϥ -->
<mark id="orig_778" xlink:href="#tok_778"/><!-- ϯ -->
<mark id="orig_779" xlink:href="#tok_779"/><!-- ⲥⲃⲱ -->
<mark id="orig_780" xlink:href="#tok_780"/><!-- ⲛⲏ -->
<mark id="orig_781" xlink:href="#tok_781"/><!-- ⲧⲛ -->
<mark id="orig_782" xlink:href="#tok_782"/><!-- ⲉⲧⲃⲉ -->
<mark id="orig_783" xlink:href="#tok_783"/><!-- ϩⲱⲃ -->
<mark id="orig_784" xlink:href="#tok_784"/><!-- ⲛⲓⲙ -->
<mark id="orig_785" xlink:href="#tok_785"/><!-- ⲁⲩⲱ -->
<mark id="orig_786" xlink:href="#tok_786"/><!-- ⲟⲩ -->
<mark id="orig_787" xlink:href="#tok_787"/><!-- ⲙⲉ -->
<mark id="orig_788" xlink:href="#tok_788"/><!-- ⲡⲉ -->
<mark id="orig_789" xlink:href="#tok_789"/><!-- ⲁⲩⲱ -->
<mark id="orig_790" xlink:href="#tok_790"/><!-- ⲙⲛ -->
<mark id="orig_791" xlink:href="#tok_791"/><!-- ϭⲟⲗ -->
<mark id="orig_792" xlink:href="#tok_792"/><!-- ϣⲟⲟⲡ -->
<mark id="orig_793" xlink:href="#tok_793"/><!-- ϩⲣⲁⲓ -->
<mark id="orig_794" xlink:href="#tok_794"/><!-- ⲛϩⲏⲧ -->
<mark id="orig_795" xlink:href="#tok_795"/><!-- ϥ -->
<mark id="orig_796" xlink:href="#tok_796"/><!-- ⲕⲁⲧⲁ -->
<mark id="orig_797" xlink:href="#tok_797"/><!-- ⲧ -->
<mark id="orig_798" xlink:href="#tok_798"/><!-- ϩⲉ -->
<mark id="orig_799" xlink:href="#tok_799"/><!-- ⲛⲧ -->
<mark id="orig_800" xlink:href="#tok_800"/><!-- ⲁ -->
<mark id="orig_801" xlink:href="#tok_801"/><!-- ϥ -->
<mark id="orig_802" xlink:href="#tok_802"/><!-- ϯ -->
<mark id="orig_803" xlink:href="#tok_803"/><!-- ⲥⲃⲱ -->
<mark id="orig_804" xlink:href="#tok_804"/><!-- ⲛⲏ -->
<mark id="orig_805" xlink:href="#tok_805"/><!-- ⲧⲛ -->
<mark id="orig_806" xlink:href="#tok_806"/><!-- ⲧⲉⲧⲛ -->
<mark id="orig_807" xlink:href="#tok_807"/><!-- ϭⲉⲉⲧ -->
<mark id="orig_808" xlink:href="#tok_808"/><!-- ϩⲣⲁⲓ -->
<mark id="orig_809" xlink:href="#tok_809"/><!-- ⲛϩⲏⲧ -->
<mark id="orig_810" xlink:href="#tok_810"/><!-- ϥ -->
<mark id="orig_811" xlink:href="#tok_811"/><!-- ⲧⲉⲛⲟⲩ -->
<mark id="orig_812" xlink:href="#tok_812"/><!-- ⲟⲛ -->
<mark id="orig_813" xlink:href="#tok_813"/><!-- ⲛⲁ -->
<mark id="orig_814" xlink:href="#tok_814"/><!-- ϣⲏⲣⲉ -->
<mark id="orig_815" xlink:href="#tok_815"/><!-- ϭⲱ -->
<mark id="orig_816" xlink:href="#tok_816"/><!-- ⲉϩⲣⲁⲓ -->
<mark id="orig_817" xlink:href="#tok_817"/><!-- ⲛϩⲏⲧ -->
<mark id="orig_818" xlink:href="#tok_818"/><!-- ϥ -->
<mark id="orig_819" xlink:href="#tok_819"/><!-- ϫⲉⲕⲁⲁⲥ -->
<mark id="orig_820" xlink:href="#tok_820"/><!-- ⲉϥϣⲁⲛ -->
<mark id="orig_821" xlink:href="#tok_821"/><!-- ⲟⲩⲱⲛϩ -->
<mark id="orig_822" xlink:href="#tok_822"/><!-- ⲉⲃⲟⲗ -->
<mark id="orig_823" xlink:href="#tok_823"/><!-- ⲉⲛⲉ -->
<mark id="orig_824" xlink:href="#tok_824"/><!-- ϫⲓ -->
<mark id="orig_825" xlink:href="#tok_825"/><!-- ⲛ -->
<mark id="orig_826" xlink:href="#tok_826"/><!-- ⲟⲩ -->
<mark id="orig_827" xlink:href="#tok_827"/><!-- ⲡⲁⲣⲣⲏⲥⲓⲁ -->
<mark id="orig_828" xlink:href="#tok_828"/><!-- ⲁⲩⲱ -->
<mark id="orig_829" xlink:href="#tok_829"/><!-- ⲛⲧⲛⲧⲙϫⲓ -->
<mark id="orig_830" xlink:href="#tok_830"/><!-- ϣⲓⲡⲉ -->
<mark id="orig_831" xlink:href="#tok_831"/><!-- ⲉⲃⲟⲗ -->
<mark id="orig_832" xlink:href="#tok_832"/><!-- ϩⲓⲧⲟⲟⲧ -->
<mark id="orig_833" xlink:href="#tok_833"/><!-- ϥ -->
<mark id="orig_834" xlink:href="#tok_834"/><!-- ϩⲛ -->
<mark id="orig_835" xlink:href="#tok_835"/><!-- ⲧⲉϥⲡⲁⲣϩⲟⲩⲥⲓⲁ -->
<mark id="orig_836" xlink:href="#tok_836"/><!-- ⲉϣⲱⲡⲉ -->
<mark id="orig_837" xlink:href="#tok_837"/><!-- ⲇⲉ -->
<mark id="orig_838" xlink:href="#tok_838"/><!-- ⲉⲧⲉⲧⲛϣⲁⲛ -->
<mark id="orig_839" xlink:href="#tok_839"/><!-- ⲉⲓⲙⲉ -->
<mark id="orig_840" xlink:href="#tok_840"/><!-- ϫⲉ -->
<mark id="orig_841" xlink:href="#tok_841"/><!-- ⲟⲩ -->
<mark id="orig_842" xlink:href="#tok_842"/><!-- ⲇⲓⲕⲁⲓⲟⲥ -->
<mark id="orig_843" xlink:href="#tok_843"/><!-- ⲡⲉ -->
<mark id="orig_844" xlink:href="#tok_844"/><!-- ⲉ -->
<mark id="orig_845" xlink:href="#tok_845"/><!-- ⲓ -->
<mark id="orig_846" xlink:href="#tok_846"/><!-- ⲧⲉⲧⲛ -->
<mark id="orig_847" xlink:href="#tok_847"/><!-- ⲛⲁ -->
<mark id="orig_848" xlink:href="#tok_848"/><!-- ⲉⲓⲙⲉ -->
<mark id="orig_849" xlink:href="#tok_849"/><!-- ⲟⲛ -->
<mark id="orig_850" xlink:href="#tok_850"/><!-- ϫⲉ -->
<mark id="orig_851" xlink:href="#tok_851"/><!-- ⲟⲩⲟⲛ -->
<mark id="orig_852" xlink:href="#tok_852"/><!-- ⲛⲓⲙ -->
<mark id="orig_853" xlink:href="#tok_853"/><!-- ⲉⲧ -->
<mark id="orig_854" xlink:href="#tok_854"/><!-- ⲉⲓⲣⲉ -->
<mark id="orig_855" xlink:href="#tok_855"/><!-- ⲛ -->
<mark id="orig_856" xlink:href="#tok_856"/><!-- ⲧ -->
<mark id="orig_857" xlink:href="#tok_857"/><!-- ⲇⲓⲕⲁⲓⲟⲥⲩⲛⲏ -->
<mark id="orig_858" xlink:href="#tok_858"/><!-- ⲛⲧ -->
<mark id="orig_859" xlink:href="#tok_859"/><!-- ⲁ -->
<mark id="orig_860" xlink:href="#tok_860"/><!-- ⲩ -->
<mark id="orig_861" xlink:href="#tok_861"/><!-- ϫⲡⲟ -->
<mark id="orig_862" xlink:href="#tok_862"/><!-- ϥ -->
<mark id="orig_863" xlink:href="#tok_863"/><!-- ⲉⲃⲟⲗ -->
<mark id="orig_864" xlink:href="#tok_864"/><!-- ⲛϩⲏⲧ -->
<mark id="orig_865" xlink:href="#tok_865"/><!-- ϥ -->
<mark id="orig_866" xlink:href="#tok_866"/><!-- . -->
</markList>
</paula>
