<?xml version="1.0" encoding="UTF-8" standalone="no"?>

<!DOCTYPE paula SYSTEM "paula_feat.dtd">
<paula version="1.0">

<header paula_id="sahidica.nt.1_John_2_orig_group"/>

<featList xmlns:xlink="http://www.w3.org/1999/xlink" type="orig_group" xml:base="sahidica.nt.1_John_2.orig_groupSeg.xml">
<feat xlink:href="#orig_group_1" value="ⲛⲁϣⲏⲣⲉ"/><!-- ⲛⲁ...ϣⲏⲣⲉ -->
<feat xlink:href="#orig_group_3" value="ⲛⲁⲓ"/><!-- ⲛⲁⲓ -->
<feat xlink:href="#orig_group_4" value="ⲉⲓⲥϩⲁⲓ"/><!-- ⲉ...ⲥϩⲁⲓ -->
<feat xlink:href="#orig_group_7" value="ⲙⲙⲟⲟⲩ"/><!-- ⲙⲙⲟ...ⲟⲩ -->
<feat xlink:href="#orig_group_9" value="ⲛⲏⲧⲛ"/><!-- ⲛⲏ...ⲧⲛ -->
<feat xlink:href="#orig_group_11" value="ϫⲉⲕⲁⲁⲥ"/><!-- ϫⲉⲕⲁⲁⲥ -->
<feat xlink:href="#orig_group_12" value="ⲛⲛⲉⲧⲛⲣ"/><!-- ⲛ...ⲣ -->
<feat xlink:href="#orig_group_15" value="ⲛⲟⲃⲉ"/><!-- ⲛⲟⲃⲉ -->
<feat xlink:href="#orig_group_16" value="ⲁⲩⲱ"/><!-- ⲁⲩⲱ -->
<feat xlink:href="#orig_group_17" value="ⲉϣⲱⲡⲉ"/><!-- ⲉϣⲱⲡⲉ -->
<feat xlink:href="#orig_group_18" value="ⲉⲛϣⲁⲛⲣ"/><!-- ⲉⲛϣⲁⲛ...ⲣ -->
<feat xlink:href="#orig_group_20" value="ⲛⲟⲃⲉ"/><!-- ⲛⲟⲃⲉ -->
<feat xlink:href="#orig_group_21" value="ⲟⲩⲛⲧⲁⲛ"/><!-- ⲟⲩⲛⲧⲁ...ⲛ -->
<feat xlink:href="#orig_group_23" value="ⲙⲙⲁⲩ"/><!-- ⲙⲙⲁⲩ -->
<feat xlink:href="#orig_group_24" value="ⲙⲡⲉⲧⲥⲟⲡⲥ"/><!-- ⲙ...ⲥⲟⲡⲥ -->
<feat xlink:href="#orig_group_28" value="ⲉϫⲱⲛ"/><!-- ⲉϫⲱ...ⲛ -->
<feat xlink:href="#orig_group_30" value="ⲛⲁϩⲣⲙ"/><!-- ⲛⲁϩⲣⲙ -->
<feat xlink:href="#orig_group_31" value="ⲡⲉⲓⲱⲧ"/><!-- ⲡ...ⲉⲓⲱⲧ -->
<feat xlink:href="#orig_group_33" value="ⲓⲏⲥⲟⲩⲥ"/><!-- ⲓⲏⲥⲟⲩⲥ -->
<feat xlink:href="#orig_group_34" value="ⲡⲉⲭⲣⲓⲥⲧⲟⲥ"/><!-- ⲡⲉ...ⲭⲣⲓⲥⲧⲟⲥ -->
<feat xlink:href="#orig_group_36" value="ⲡⲇⲓⲕⲁⲓⲟⲥ"/><!-- ⲡ...ⲇⲓⲕⲁⲓⲟⲥ -->
<feat xlink:href="#orig_group_38" value="ⲁⲩⲱ"/><!-- ⲁⲩⲱ -->
<feat xlink:href="#orig_group_39" value="ⲛⲧⲟϥ"/><!-- ⲛⲧⲟϥ -->
<feat xlink:href="#orig_group_40" value="ⲡⲉ"/><!-- ⲡⲉ -->
<feat xlink:href="#orig_group_41" value="ⲡⲉⲧⲥⲟⲡⲥ"/><!-- ⲡ...ⲥⲟⲡⲥ -->
<feat xlink:href="#orig_group_44" value="ⲉⲧⲃⲉ"/><!-- ⲉⲧⲃⲉ -->
<feat xlink:href="#orig_group_45" value="ⲛⲉⲛⲟⲃⲉ"/><!-- ⲛⲉ...ⲟⲃⲉ -->
<feat xlink:href="#orig_group_48" value="ⲉⲧⲃⲉ"/><!-- ⲉⲧⲃⲉ -->
<feat xlink:href="#orig_group_49" value="ⲛⲛⲟⲩⲛ"/><!-- ⲛ...ⲟⲩⲛ -->
<feat xlink:href="#orig_group_52" value="ⲇⲉ"/><!-- ⲇⲉ -->
<feat xlink:href="#orig_group_53" value="ⲙⲁⲩⲁⲁⲛ"/><!-- ⲙⲁⲩⲁⲁ...ⲛ -->
<feat xlink:href="#orig_group_55" value="ⲁⲛ"/><!-- ⲁⲛ -->
<feat xlink:href="#orig_group_56" value="ⲁⲗⲗⲁ"/><!-- ⲁⲗⲗⲁ -->
<feat xlink:href="#orig_group_57" value="ⲉⲧⲃⲉ"/><!-- ⲉⲧⲃⲉ -->
<feat xlink:href="#orig_group_58" value="ⲛⲁ"/><!-- ⲛⲁ -->
<feat xlink:href="#orig_group_59" value="ⲡⲕⲟⲥⲙⲟⲥ"/><!-- ⲡ...ⲕⲟⲥⲙⲟⲥ -->
<feat xlink:href="#orig_group_61" value="ⲧⲏⲣϥ"/><!-- ⲧⲏⲣϥ -->
<feat xlink:href="#orig_group_62" value="."/><!-- . -->
<feat xlink:href="#orig_group_63" value="ⲁⲩⲱ"/><!-- ⲁⲩⲱ -->
<feat xlink:href="#orig_group_64" value="ϩⲙ"/><!-- ϩⲙ -->
<feat xlink:href="#orig_group_65" value="ⲡⲁⲓ"/><!-- ⲡⲁⲓ -->
<feat xlink:href="#orig_group_66" value="ⲧⲉⲛⲉⲓⲙⲉ"/><!-- ⲧⲉⲛⲉⲓⲙⲉ -->
<feat xlink:href="#orig_group_67" value="ϫⲉ"/><!-- ϫⲉ -->
<feat xlink:href="#orig_group_68" value="ⲁⲛⲥⲟⲩⲱⲛϥ"/><!-- ⲁ...ϥ -->
<feat xlink:href="#orig_group_72" value="ⲉϣⲱⲡⲉ"/><!-- ⲉϣⲱⲡⲉ -->
<feat xlink:href="#orig_group_73" value="ⲉⲛϣⲁⲛϩⲁⲣⲉϩ"/><!-- ⲉⲛϣⲁⲛ...ϩⲁⲣⲉϩ -->
<feat xlink:href="#orig_group_75" value="ⲛⲛⲉϥⲉⲛⲧⲟⲗⲏ"/><!-- ⲛ...ⲉⲛⲧⲟⲗⲏ -->
<feat xlink:href="#orig_group_78" value="ⲡⲉⲧϫⲱ"/><!-- ⲡ...ϫⲱ -->
<feat xlink:href="#orig_group_81" value="ⲙⲙⲟⲥ"/><!-- ⲙⲙⲟ...ⲥ -->
<feat xlink:href="#orig_group_83" value="ϫⲉ"/><!-- ϫⲉ -->
<feat xlink:href="#orig_group_84" value="ⲁⲓⲥⲟⲩⲱⲛϥ"/><!-- ⲁ...ϥ -->
<feat xlink:href="#orig_group_88" value="ⲛϥϩⲁⲣⲉϩ"/><!-- ⲛ...ϩⲁⲣⲉϩ -->
<feat xlink:href="#orig_group_91" value="ⲁⲛ"/><!-- ⲁⲛ -->
<feat xlink:href="#orig_group_92" value="ⲛⲛⲉϥⲉⲛⲧⲟⲗⲏ"/><!-- ⲛ...ⲉⲛⲧⲟⲗⲏ -->
<feat xlink:href="#orig_group_95" value="ⲟⲩⲣⲉϥϫⲓ"/><!-- ⲟⲩⲣⲉϥϫⲓ -->
<feat xlink:href="#orig_group_96" value="ϭⲟⲗ"/><!-- ϭⲟⲗ -->
<feat xlink:href="#orig_group_97" value="ⲡⲉ"/><!-- ⲡⲉ -->
<feat xlink:href="#orig_group_98" value="ⲁⲩⲱ"/><!-- ⲁⲩⲱ -->
<feat xlink:href="#orig_group_99" value="ⲧⲙⲉ"/><!-- ⲧ...ⲙⲉ -->
<feat xlink:href="#orig_group_101" value="ϣⲟⲟⲡ"/><!-- ϣⲟⲟⲡ -->
<feat xlink:href="#orig_group_102" value="ϩⲙ"/><!-- ϩⲙ -->
<feat xlink:href="#orig_group_103" value="ⲡⲁⲓ"/><!-- ⲡⲁⲓ -->
<feat xlink:href="#orig_group_104" value="ⲡⲉⲧⲛⲁϩⲁⲣⲉϩ"/><!-- ⲡ...ϩⲁⲣⲉϩ -->
<feat xlink:href="#orig_group_108" value="ⲇⲉ"/><!-- ⲇⲉ -->
<feat xlink:href="#orig_group_109" value="ⲉⲡⲉϥϣⲁϫⲉ"/><!-- ⲉ...ϣⲁϫⲉ -->
<feat xlink:href="#orig_group_112" value="ⲛⲁⲙⲉ"/><!-- ⲛⲁⲙⲉ -->
<feat xlink:href="#orig_group_113" value="ⲁⲧⲁⲅⲁⲡⲏ"/><!-- ⲁⲧⲁⲅⲁⲡⲏ -->
<feat xlink:href="#orig_group_114" value="ⲙⲡⲛⲟⲩⲧⲉ"/><!-- ⲙ...ⲛⲟⲩⲧⲉ -->
<feat xlink:href="#orig_group_117" value="ϫⲱⲕ"/><!-- ϫⲱ...ⲕ -->
<feat xlink:href="#orig_group_119" value="ⲉⲃⲟⲗ"/><!-- ⲉⲃⲟⲗ -->
<feat xlink:href="#orig_group_120" value="ϩⲙ"/><!-- ϩⲙ -->
<feat xlink:href="#orig_group_121" value="ⲡⲁⲓ"/><!-- ⲡⲁⲓ -->
<feat xlink:href="#orig_group_122" value="ⲁⲩⲱ"/><!-- ⲁⲩⲱ -->
<feat xlink:href="#orig_group_123" value="ϩⲙ"/><!-- ϩⲙ -->
<feat xlink:href="#orig_group_124" value="ⲡⲉⲓ"/><!-- ⲡⲉⲓ -->
<feat xlink:href="#orig_group_125" value="ⲧⲉⲛⲉⲓⲙⲉ"/><!-- ⲧⲉⲛⲉⲓⲙⲉ -->
<feat xlink:href="#orig_group_126" value="ϫⲉ"/><!-- ϫⲉ -->
<feat xlink:href="#orig_group_127" value="ⲧⲉⲛϣⲟⲟⲡ"/><!-- ⲧⲉⲛϣⲟⲟⲡ -->
<feat xlink:href="#orig_group_128" value="ϩⲣⲁⲓ"/><!-- ϩⲣⲁⲓ -->
<feat xlink:href="#orig_group_129" value="ⲛϩⲏⲧϥ"/><!-- ⲛϩⲏⲧ...ϥ -->
<feat xlink:href="#orig_group_131" value="ⲡⲉⲧϫⲱ"/><!-- ⲡ...ϫⲱ -->
<feat xlink:href="#orig_group_134" value="ⲙⲙⲟⲥ"/><!-- ⲙⲙⲟ...ⲥ -->
<feat xlink:href="#orig_group_136" value="ϫⲉ"/><!-- ϫⲉ -->
<feat xlink:href="#orig_group_137" value="ϯⲥⲟⲟⲡ"/><!-- ϯⲥⲟⲟⲡ -->
<feat xlink:href="#orig_group_138" value="ϩⲣⲁⲓ"/><!-- ϩⲣⲁⲓ -->
<feat xlink:href="#orig_group_139" value="ⲛϩⲏⲧϥ"/><!-- ⲛϩⲏⲧ...ϥ -->
<feat xlink:href="#orig_group_141" value="ϣϣⲉ"/><!-- ϣϣⲉ -->
<feat xlink:href="#orig_group_142" value="ⲉⲣⲟϥ"/><!-- ⲉⲣⲟ...ϥ -->
<feat xlink:href="#orig_group_144" value="ϩⲱⲱϥ"/><!-- ϩⲱⲱ...ϥ -->
<feat xlink:href="#orig_group_146" value="ⲉⲙⲟⲟϣⲉ"/><!-- ⲉ...ⲙⲟⲟϣⲉ -->
<feat xlink:href="#orig_group_148" value="ⲕⲁⲧⲁ"/><!-- ⲕⲁⲧⲁ -->
<feat xlink:href="#orig_group_149" value="ⲧϩⲉ"/><!-- ⲧ...ϩⲉ -->
<feat xlink:href="#orig_group_151" value="ⲉⲧⲉⲣⲉⲡⲏ"/><!-- ⲉⲧⲉⲣⲉⲡⲏ -->
<feat xlink:href="#orig_group_152" value="ⲙⲟⲟϣⲉ"/><!-- ⲙⲟⲟϣⲉ -->
<feat xlink:href="#orig_group_153" value="ⲙⲙⲟⲥ"/><!-- ⲙⲙⲟ...ⲥ -->
<feat xlink:href="#orig_group_155" value="."/><!-- . -->
<feat xlink:href="#orig_group_156" value="ⲛⲁⲙⲉⲣⲁⲧⲉ"/><!-- ⲛⲁ...ⲙⲉⲣⲁⲧⲉ -->
<feat xlink:href="#orig_group_158" value="ⲛⲟⲩⲉⲛⲧⲟⲗⲏ"/><!-- ⲛ...ⲉⲛⲧⲟⲗⲏ -->
<feat xlink:href="#orig_group_161" value="ⲛⲃⲣⲣⲉ"/><!-- ⲛ...ⲃⲣⲣⲉ -->
<feat xlink:href="#orig_group_163" value="ⲁⲛ"/><!-- ⲁⲛ -->
<feat xlink:href="#orig_group_164" value="ⲧⲉϯⲥϩⲁⲓ"/><!-- ⲧⲉϯⲥϩⲁⲓ -->
<feat xlink:href="#orig_group_165" value="ⲙⲙⲟⲥ"/><!-- ⲙⲙⲟ...ⲥ -->
<feat xlink:href="#orig_group_167" value="ⲛⲏⲧⲛ"/><!-- ⲛⲏ...ⲧⲛ -->
<feat xlink:href="#orig_group_169" value="ⲁⲗⲗⲁ"/><!-- ⲁⲗⲗⲁ -->
<feat xlink:href="#orig_group_170" value="ⲟⲩⲉⲛⲧⲟⲗⲏ"/><!-- ⲟⲩ...ⲉⲛⲧⲟⲗⲏ -->
<feat xlink:href="#orig_group_172" value="ⲛⲁⲥ"/><!-- ⲛⲁ...ⲥ -->
<feat xlink:href="#orig_group_174" value="ⲧⲉ"/><!-- ⲧⲉ -->
<feat xlink:href="#orig_group_175" value="ⲧⲁⲓ"/><!-- ⲧⲁⲓ -->
<feat xlink:href="#orig_group_176" value="ⲉⲧⲉ"/><!-- ⲉⲧⲉ -->
<feat xlink:href="#orig_group_177" value="ⲟⲩⲛⲧⲏⲧⲛⲥ"/><!-- ⲟⲩⲛⲧⲏⲧⲛⲥ -->
<feat xlink:href="#orig_group_178" value="ⲛϫⲓⲛ"/><!-- ⲛϫⲓⲛ -->
<feat xlink:href="#orig_group_179" value="ⲧⲉϩⲟⲩⲉⲓⲧⲉ"/><!-- ⲧⲉϩⲟⲩⲉⲓⲧⲉ -->
<feat xlink:href="#orig_group_180" value="ⲧⲉⲛⲧⲟⲗⲏ"/><!-- ⲧ...ⲉⲛⲧⲟⲗⲏ -->
<feat xlink:href="#orig_group_182" value="ⲛⲁⲥ"/><!-- ⲛⲁ...ⲥ -->
<feat xlink:href="#orig_group_184" value="ⲡⲉ"/><!-- ⲡⲉ -->
<feat xlink:href="#orig_group_185" value="ⲡϣⲁϫⲉ"/><!-- ⲡ...ϣⲁϫⲉ -->
<feat xlink:href="#orig_group_187" value="ⲛⲧⲁⲧⲉⲛⲥⲱⲧⲙ"/><!-- ⲛⲧⲁⲧⲉⲛⲥⲱⲧⲙ -->
<feat xlink:href="#orig_group_188" value="ⲉⲣⲟϥ"/><!-- ⲉⲣⲟ...ϥ -->
<feat xlink:href="#orig_group_190" value="ⲡⲁⲗⲓⲛ"/><!-- ⲡⲁⲗⲓⲛ -->
<feat xlink:href="#orig_group_191" value="ⲟⲛ"/><!-- ⲟⲛ -->
<feat xlink:href="#orig_group_192" value="ⲛⲟⲩⲉⲛⲧⲟⲗⲏ"/><!-- ⲛ...ⲉⲛⲧⲟⲗⲏ -->
<feat xlink:href="#orig_group_195" value="ⲛⲃⲣⲣⲉ"/><!-- ⲛ...ⲃⲣⲣⲉ -->
<feat xlink:href="#orig_group_197" value="ⲁⲛ"/><!-- ⲁⲛ -->
<feat xlink:href="#orig_group_198" value="ⲧⲉϯⲥϩⲁⲓ"/><!-- ⲧⲉϯⲥϩⲁⲓ -->
<feat xlink:href="#orig_group_199" value="ⲙⲙⲟⲥ"/><!-- ⲙⲙⲟ...ⲥ -->
<feat xlink:href="#orig_group_201" value="ⲛⲏⲧⲛ"/><!-- ⲛⲏ...ⲧⲛ -->
<feat xlink:href="#orig_group_203" value="ⲡⲁⲓ"/><!-- ⲡⲁⲓ -->
<feat xlink:href="#orig_group_204" value="ⲟⲩⲙⲉ"/><!-- ⲟⲩ...ⲙⲉ -->
<feat xlink:href="#orig_group_206" value="ⲡⲉ"/><!-- ⲡⲉ -->
<feat xlink:href="#orig_group_207" value="ⲛϩⲏⲧϥ"/><!-- ⲛϩⲏⲧ...ϥ -->
<feat xlink:href="#orig_group_209" value="ⲁⲩⲱ"/><!-- ⲁⲩⲱ -->
<feat xlink:href="#orig_group_210" value="ⲛϩⲏⲧ"/><!-- ⲛϩⲏⲧ -->
<feat xlink:href="#orig_group_211" value="ⲧⲏⲩⲧⲛ"/><!-- ⲧⲏⲩⲧⲛ -->
<feat xlink:href="#orig_group_212" value="ϫⲉ"/><!-- ϫⲉ -->
<feat xlink:href="#orig_group_213" value="ⲡⲕⲁⲕⲉ"/><!-- ⲡ...ⲕⲁⲕⲉ -->
<feat xlink:href="#orig_group_215" value="ⲛⲁⲡⲁⲣⲁⲕⲉ"/><!-- ⲛⲁⲡⲁⲣⲁⲕⲉ -->
<feat xlink:href="#orig_group_216" value="ⲁⲩⲱ"/><!-- ⲁⲩⲱ -->
<feat xlink:href="#orig_group_217" value="ⲡⲟⲩⲟⲉⲓⲛ"/><!-- ⲡ...ⲟⲩⲟⲉⲓⲛ -->
<feat xlink:href="#orig_group_219" value="ⲙⲙⲉ"/><!-- ⲙ...ⲙⲉ -->
<feat xlink:href="#orig_group_221" value="ϫⲓⲛ"/><!-- ϫⲓⲛ -->
<feat xlink:href="#orig_group_222" value="ⲧⲉⲛⲟⲩ"/><!-- ⲧⲉⲛⲟⲩ -->
<feat xlink:href="#orig_group_223" value="ϥⲣ"/><!-- ϥ...ⲣ -->
<feat xlink:href="#orig_group_225" value="ⲟⲩⲟⲉⲓⲛ"/><!-- ⲟⲩⲟⲉⲓⲛ -->
<feat xlink:href="#orig_group_226" value="."/><!-- . -->
<feat xlink:href="#orig_group_227" value="ⲡⲉⲧϫⲱ"/><!-- ⲡ...ϫⲱ -->
<feat xlink:href="#orig_group_230" value="ⲙⲙⲟⲥ"/><!-- ⲙⲙⲟ...ⲥ -->
<feat xlink:href="#orig_group_232" value="ϫⲉ"/><!-- ϫⲉ -->
<feat xlink:href="#orig_group_233" value="ϯϣⲟⲟⲡ"/><!-- ϯ...ϣⲟⲟⲡ -->
<feat xlink:href="#orig_group_235" value="ϩⲙ"/><!-- ϩⲙ -->
<feat xlink:href="#orig_group_236" value="ⲡⲟⲩ"/><!-- ⲡⲟⲩ -->
<feat xlink:href="#orig_group_237" value="ⲁⲩⲱ"/><!-- ⲁⲩⲱ -->
<feat xlink:href="#orig_group_238" value="ϥⲙⲟⲥⲧⲉ"/><!-- ϥ...ⲙⲟⲥⲧⲉ -->
<feat xlink:href="#orig_group_240" value="ⲙⲡⲉϥⲥⲟⲛ"/><!-- ⲙ...ⲥⲟⲛ -->
<feat xlink:href="#orig_group_243" value="ϥϣⲟⲟⲡ"/><!-- ϥ...ϣⲟⲟⲡ -->
<feat xlink:href="#orig_group_245" value="ϩⲙ"/><!-- ϩⲙ -->
<feat xlink:href="#orig_group_246" value="ⲡⲕⲁⲕⲉ"/><!-- ⲡ...ⲕⲁⲕⲉ -->
<feat xlink:href="#orig_group_248" value="ϣⲁϩⲣⲁⲓ"/><!-- ϣⲁϩⲣⲁⲓ -->
<feat xlink:href="#orig_group_249" value="ⲉⲧⲉⲛⲟⲩ"/><!-- ⲉⲧⲉⲛⲟⲩ -->
<feat xlink:href="#orig_group_250" value="ⲡⲉⲧⲙⲉ"/><!-- ⲡ...ⲙⲉ -->
<feat xlink:href="#orig_group_253" value="ⲇⲉ"/><!-- ⲇⲉ -->
<feat xlink:href="#orig_group_254" value="ⲛⲧⲟϥ"/><!-- ⲛⲧⲟϥ -->
<feat xlink:href="#orig_group_255" value="ⲙⲡⲉϥⲥⲟⲛ"/><!-- ⲙ...ⲥⲟⲛ -->
<feat xlink:href="#orig_group_258" value="ϥϣⲟⲟⲡ"/><!-- ϥ...ϣⲟⲟⲡ -->
<feat xlink:href="#orig_group_260" value="ϩⲣⲁⲓ"/><!-- ϩⲣⲁⲓ -->
<feat xlink:href="#orig_group_261" value="ϩⲙ"/><!-- ϩⲙ -->
<feat xlink:href="#orig_group_262" value="ⲡⲟⲩⲟⲉⲓⲛ"/><!-- ⲡ...ⲟⲩⲟⲉⲓⲛ -->
<feat xlink:href="#orig_group_264" value="ⲁⲩⲱ"/><!-- ⲁⲩⲱ -->
<feat xlink:href="#orig_group_265" value="ⲙⲛ"/><!-- ⲙⲛ -->
<feat xlink:href="#orig_group_266" value="ⲥⲕⲁⲛⲧⲁⲗⲗⲟⲛ"/><!-- ⲥⲕⲁⲛⲧⲁⲗⲗⲟⲛ -->
<feat xlink:href="#orig_group_267" value="ϣⲟⲟⲡ"/><!-- ϣⲟⲟⲡ -->
<feat xlink:href="#orig_group_268" value="ϩⲣⲁⲓ"/><!-- ϩⲣⲁⲓ -->
<feat xlink:href="#orig_group_269" value="ⲛϩⲏⲧϥ"/><!-- ⲛϩⲏⲧ...ϥ -->
<feat xlink:href="#orig_group_271" value="ⲡⲉⲧⲙⲟⲥⲧⲉ"/><!-- ⲡ...ⲙⲟⲥⲧⲉ -->
<feat xlink:href="#orig_group_274" value="ⲇⲉ"/><!-- ⲇⲉ -->
<feat xlink:href="#orig_group_275" value="ⲙⲡⲉϥⲥⲟⲛ"/><!-- ⲙ...ⲥⲟⲛ -->
<feat xlink:href="#orig_group_278" value="ϥϣⲟⲟⲡ"/><!-- ϥ...ϣⲟⲟⲡ -->
<feat xlink:href="#orig_group_280" value="ϩⲣⲁⲓ"/><!-- ϩⲣⲁⲓ -->
<feat xlink:href="#orig_group_281" value="ϩⲙ"/><!-- ϩⲙ -->
<feat xlink:href="#orig_group_282" value="ⲡⲕⲁⲕⲉ"/><!-- ⲡ...ⲕⲁⲕⲉ -->
<feat xlink:href="#orig_group_284" value="ⲁⲩⲱ"/><!-- ⲁⲩⲱ -->
<feat xlink:href="#orig_group_285" value="ⲉϥⲙⲟⲟϣⲉ"/><!-- ⲉ...ⲙⲟⲟϣⲉ -->
<feat xlink:href="#orig_group_288" value="ϩⲙ"/><!-- ϩⲙ -->
<feat xlink:href="#orig_group_289" value="ⲡⲕⲁⲕⲉ"/><!-- ⲡ...ⲕⲁⲕⲉ -->
<feat xlink:href="#orig_group_291" value="ⲛϥⲥⲟⲟⲩⲛ"/><!-- ⲛ...ⲥⲟⲟⲩⲛ -->
<feat xlink:href="#orig_group_294" value="ⲁⲛ"/><!-- ⲁⲛ -->
<feat xlink:href="#orig_group_295" value="ϫⲉ"/><!-- ϫⲉ -->
<feat xlink:href="#orig_group_296" value="ⲉϥⲃⲏⲕ"/><!-- ⲉ...ⲃⲏⲕ -->
<feat xlink:href="#orig_group_299" value="ⲉⲧⲱⲛ"/><!-- ⲉ...ⲧⲱⲛ -->
<feat xlink:href="#orig_group_301" value="ϫⲉ"/><!-- ϫⲉ -->
<feat xlink:href="#orig_group_302" value="ⲁⲡⲕⲁⲕⲉ"/><!-- ⲁⲡⲕⲁⲕⲉ -->
<feat xlink:href="#orig_group_303" value="ⲧⲱⲙ"/><!-- ⲧⲱⲙ -->
<feat xlink:href="#orig_group_304" value="ⲛⲛⲉϥⲃⲁⲗ"/><!-- ⲛ...ⲃⲁⲗ -->
<feat xlink:href="#orig_group_307" value="ϯⲥϩⲁⲓ"/><!-- ϯ...ⲥϩⲁⲓ -->
<feat xlink:href="#orig_group_309" value="ⲛⲏⲧⲛ"/><!-- ⲛⲏ...ⲧⲛ -->
<feat xlink:href="#orig_group_311" value="ⲛϣⲏⲣⲉ"/><!-- ⲛ...ϣⲏⲣⲉ -->
<feat xlink:href="#orig_group_313" value="ϣⲏⲙ"/><!-- ϣⲏⲙ -->
<feat xlink:href="#orig_group_314" value="ϫⲉ"/><!-- ϫⲉ -->
<feat xlink:href="#orig_group_315" value="ⲁⲩⲕⲱ"/><!-- ⲁ...ⲕⲱ -->
<feat xlink:href="#orig_group_318" value="ⲛⲏⲧⲛ"/><!-- ⲛⲏ...ⲧⲛ -->
<feat xlink:href="#orig_group_320" value="ⲉⲃⲟⲗ"/><!-- ⲉⲃⲟⲗ -->
<feat xlink:href="#orig_group_321" value="ⲛⲛⲉⲧⲛⲛⲟⲃⲉ"/><!-- ⲛ...ⲛⲟⲃⲉ -->
<feat xlink:href="#orig_group_324" value="ⲉⲧⲃⲉ"/><!-- ⲉⲧⲃⲉ -->
<feat xlink:href="#orig_group_325" value="ⲡⲉϥⲣⲁⲛ"/><!-- ⲡⲉϥ...ⲣⲁⲛ -->
<feat xlink:href="#orig_group_327" value="ϯⲥϩⲁⲓ"/><!-- ϯ...ⲥϩⲁⲓ -->
<feat xlink:href="#orig_group_329" value="ⲛⲏⲧⲛ"/><!-- ⲛⲏ...ⲧⲛ -->
<feat xlink:href="#orig_group_331" value="ⲛⲉⲓⲟⲧⲉ"/><!-- ⲛ...ⲉⲓⲟⲧⲉ -->
<feat xlink:href="#orig_group_333" value="ϫⲉ"/><!-- ϫⲉ -->
<feat xlink:href="#orig_group_334" value="ⲁⲧⲉⲧⲛⲥⲟⲩⲉⲛ"/><!-- ⲁ...ⲥⲟⲩⲉⲛ -->
<feat xlink:href="#orig_group_337" value="ⲡⲉⲧϣⲟⲟⲡ"/><!-- ⲡ...ϣⲟⲟⲡ -->
<feat xlink:href="#orig_group_340" value="ⲛϫⲓⲛ"/><!-- ⲛϫⲓⲛ -->
<feat xlink:href="#orig_group_341" value="ϣⲟⲣⲡ"/><!-- ϣⲟⲣⲡ -->
<feat xlink:href="#orig_group_342" value="ϯⲥϩⲁⲓ"/><!-- ϯ...ⲥϩⲁⲓ -->
<feat xlink:href="#orig_group_344" value="ⲛⲏⲧⲛ"/><!-- ⲛⲏ...ⲧⲛ -->
<feat xlink:href="#orig_group_346" value="ⲛϩⲓⲣϣⲉⲣⲉ"/><!-- ⲛϩⲓⲣϣⲉⲣⲉ -->
<feat xlink:href="#orig_group_347" value="ϫⲉ"/><!-- ϫⲉ -->
<feat xlink:href="#orig_group_348" value="ⲁⲧⲉⲧⲛϫⲣⲟ"/><!-- ⲁ...ϫⲣⲟ -->
<feat xlink:href="#orig_group_351" value="ⲉⲡⲟⲛⲏⲣⲟⲥ"/><!-- ⲉ...ⲡⲟⲛⲏⲣⲟⲥ -->
<feat xlink:href="#orig_group_353" value="ⲁⲓⲥϩⲁⲓ"/><!-- ⲁ...ⲥϩⲁⲓ -->
<feat xlink:href="#orig_group_356" value="ⲛⲏⲧⲛ"/><!-- ⲛⲏ...ⲧⲛ -->
<feat xlink:href="#orig_group_358" value="ⲛϣⲏⲣⲉ"/><!-- ⲛ...ϣⲏⲣⲉ -->
<feat xlink:href="#orig_group_360" value="ϣⲏⲙ"/><!-- ϣⲏⲙ -->
<feat xlink:href="#orig_group_361" value="ϫⲉ"/><!-- ϫⲉ -->
<feat xlink:href="#orig_group_362" value="ⲁⲧⲉⲧⲛⲥⲟⲩⲉⲛ"/><!-- ⲁ...ⲥⲟⲩⲉⲛ -->
<feat xlink:href="#orig_group_365" value="ⲡⲉⲓⲱⲧ"/><!-- ⲡ...ⲉⲓⲱⲧ -->
<feat xlink:href="#orig_group_367" value="."/><!-- . -->
<feat xlink:href="#orig_group_368" value="ⲁⲓⲥϩⲁⲓ"/><!-- ⲁ...ⲥϩⲁⲓ -->
<feat xlink:href="#orig_group_371" value="ⲛⲏⲧⲛ"/><!-- ⲛⲏ...ⲧⲛ -->
<feat xlink:href="#orig_group_373" value="ⲛⲉⲓⲟⲧⲉ"/><!-- ⲛ...ⲉⲓⲟⲧⲉ -->
<feat xlink:href="#orig_group_375" value="ϫⲉ"/><!-- ϫⲉ -->
<feat xlink:href="#orig_group_376" value="ⲁⲧⲉⲧⲛⲥⲟⲩⲉⲛ"/><!-- ⲁ...ⲥⲟⲩⲉⲛ -->
<feat xlink:href="#orig_group_379" value="ⲡⲉⲧϣⲟⲟⲡ"/><!-- ⲡ...ϣⲟⲟⲡ -->
<feat xlink:href="#orig_group_382" value="ⲛϫⲓⲛ"/><!-- ⲛϫⲓⲛ -->
<feat xlink:href="#orig_group_383" value="ⲧⲉϩⲟⲩⲉⲓⲧⲉ"/><!-- ⲧⲉϩⲟⲩⲉⲓⲧⲉ -->
<feat xlink:href="#orig_group_384" value="ⲁⲓⲥϩⲁⲓ"/><!-- ⲁ...ⲥϩⲁⲓ -->
<feat xlink:href="#orig_group_387" value="ⲛⲏⲧⲛ"/><!-- ⲛⲏ...ⲧⲛ -->
<feat xlink:href="#orig_group_389" value="ⲛϩⲓⲣϣⲉⲣⲓ"/><!-- ⲛϩⲓⲣϣⲉⲣⲓ -->
<feat xlink:href="#orig_group_390" value="ϫⲉ"/><!-- ϫⲉ -->
<feat xlink:href="#orig_group_391" value="ⲧⲉⲧⲛϫⲟⲟⲣ"/><!-- ⲧⲉⲧⲛ...ϫⲟⲟⲣ -->
<feat xlink:href="#orig_group_393" value="."/><!-- . -->
<feat xlink:href="#orig_group_394" value="ⲁⲩⲱ"/><!-- ⲁⲩⲱ -->
<feat xlink:href="#orig_group_395" value="ⲡϣⲁϫⲉ"/><!-- ⲡ...ϣⲁϫⲉ -->
<feat xlink:href="#orig_group_397" value="ϣⲟⲟⲡ"/><!-- ϣⲟⲟⲡ -->
<feat xlink:href="#orig_group_398" value="ⲛϩⲏⲧ"/><!-- ⲛϩⲏⲧ -->
<feat xlink:href="#orig_group_399" value="ⲧⲏⲩⲧⲛ"/><!-- ⲧⲏⲩⲧⲛ -->
<feat xlink:href="#orig_group_400" value="ⲁⲩⲱ"/><!-- ⲁⲩⲱ -->
<feat xlink:href="#orig_group_401" value="ⲁⲧⲉⲧⲛϫⲣⲟ"/><!-- ⲁ...ϫⲣⲟ -->
<feat xlink:href="#orig_group_404" value="ⲉⲡⲟⲛⲏⲣⲟⲥ"/><!-- ⲉ...ⲡⲟⲛⲏⲣⲟⲥ -->
<feat xlink:href="#orig_group_406" value="ⲙⲡⲉⲣⲙⲉⲣⲓ"/><!-- ⲙⲡⲉⲣⲙⲉⲣⲓ -->
<feat xlink:href="#orig_group_407" value="ⲡⲕⲟⲥⲙⲟⲥ"/><!-- ⲡ...ⲕⲟⲥⲙⲟⲥ -->
<feat xlink:href="#orig_group_409" value="ⲟⲩⲇⲉ"/><!-- ⲟⲩⲇⲉ -->
<feat xlink:href="#orig_group_410" value="ⲛⲉⲧϩⲙ"/><!-- ⲛⲉⲧϩⲙ -->
<feat xlink:href="#orig_group_411" value="ⲡⲕⲟⲥⲙⲟⲥ"/><!-- ⲡ...ⲕⲟⲥⲙⲟⲥ -->
<feat xlink:href="#orig_group_413" value="ⲉϣⲱⲡⲉ"/><!-- ⲉϣⲱⲡⲉ -->
<feat xlink:href="#orig_group_414" value="ⲉⲣⲉϣⲁⲛⲟⲩⲁ"/><!-- ⲉⲣⲉϣⲁⲛⲟⲩⲁ -->
<feat xlink:href="#orig_group_415" value="ⲙⲉⲣⲓ"/><!-- ⲙⲉⲣ...ⲓ -->
<feat xlink:href="#orig_group_417" value="ⲡⲕⲟⲥⲙⲟⲥ"/><!-- ⲡ...ⲕⲟⲥⲙⲟⲥ -->
<feat xlink:href="#orig_group_419" value="ⲉⲓⲉ"/><!-- ⲉⲓⲉ -->
<feat xlink:href="#orig_group_420" value="ⲛⲧⲁⲅⲁⲡⲏ"/><!-- ⲛ...ⲁⲅⲁⲡⲏ -->
<feat xlink:href="#orig_group_423" value="ⲙⲡⲉⲓⲱⲧ"/><!-- ⲙ...ⲉⲓⲱⲧ -->
<feat xlink:href="#orig_group_426" value="ϣⲟⲟⲡ"/><!-- ϣⲟⲟⲡ -->
<feat xlink:href="#orig_group_427" value="ⲁⲛ"/><!-- ⲁⲛ -->
<feat xlink:href="#orig_group_428" value="ⲉϩⲣⲁⲓ"/><!-- ⲉϩⲣⲁⲓ -->
<feat xlink:href="#orig_group_429" value="ⲛϩⲏⲧϥ"/><!-- ⲛϩⲏⲧ...ϥ -->
<feat xlink:href="#orig_group_431" value="."/><!-- . -->
<feat xlink:href="#orig_group_432" value="ϫⲉ"/><!-- ϫⲉ -->
<feat xlink:href="#orig_group_433" value="ϩⲱⲃ"/><!-- ϩⲱⲃ -->
<feat xlink:href="#orig_group_434" value="ⲛⲓⲙ"/><!-- ⲛⲓⲙ -->
<feat xlink:href="#orig_group_435" value="ⲉⲧϩⲙ"/><!-- ⲉⲧ...ϩⲙ -->
<feat xlink:href="#orig_group_437" value="ⲡⲕⲟⲥⲙⲟⲥ"/><!-- ⲡ...ⲕⲟⲥⲙⲟⲥ -->
<feat xlink:href="#orig_group_439" value="ⲧⲉⲡⲉⲓⲑⲩⲙⲉⲓⲁ"/><!-- ⲧⲉⲡⲉⲓⲑⲩⲙⲉⲓⲁ -->
<feat xlink:href="#orig_group_440" value="ⲛⲧⲥⲁⲣⲝ"/><!-- ⲛ...ⲥⲁⲣⲝ -->
<feat xlink:href="#orig_group_443" value="ⲙⲛ"/><!-- ⲙⲛ -->
<feat xlink:href="#orig_group_444" value="ⲧⲉⲡⲉⲓⲑⲩⲙⲉⲓⲁ"/><!-- ⲧⲉⲡⲉⲓⲑⲩⲙⲉⲓⲁ -->
<feat xlink:href="#orig_group_445" value="ⲛⲛⲉⲃⲁⲗ"/><!-- ⲛⲛⲉⲃⲁⲗ -->
<feat xlink:href="#orig_group_446" value="ⲙⲛ"/><!-- ⲙⲛ -->
<feat xlink:href="#orig_group_447" value="ⲡϣⲟⲩϣⲟⲩ"/><!-- ⲡ...ϣⲟⲩϣⲟⲩ -->
<feat xlink:href="#orig_group_449" value="ⲙⲡⲃⲓⲟⲥ"/><!-- ⲙ...ⲃⲓⲟⲥ -->
<feat xlink:href="#orig_group_452" value="ⲛϩⲉⲛⲛⲉⲃⲁⲗ"/><!-- ⲛϩⲉⲛⲛⲉⲃⲁⲗ -->
<feat xlink:href="#orig_group_453" value="ⲁⲛ"/><!-- ⲁⲛ -->
<feat xlink:href="#orig_group_454" value="ⲛⲉ"/><!-- ⲛⲉ -->
<feat xlink:href="#orig_group_455" value="ϩⲙ"/><!-- ϩⲙ -->
<feat xlink:href="#orig_group_456" value="ⲡⲉⲓⲱⲧ"/><!-- ⲡ...ⲉⲓⲱⲧ -->
<feat xlink:href="#orig_group_458" value="ⲁⲗⲗⲁ"/><!-- ⲁⲗⲗⲁ -->
<feat xlink:href="#orig_group_459" value="ϩⲉⲛⲛⲉⲃⲟⲗ"/><!-- ϩⲉⲛⲛⲉⲃⲟⲗ -->
<feat xlink:href="#orig_group_460" value="ⲛⲉ"/><!-- ⲛⲉ -->
<feat xlink:href="#orig_group_461" value="ϩⲙ"/><!-- ϩⲙ -->
<feat xlink:href="#orig_group_462" value="ⲡⲕⲟⲥⲙⲟⲥ"/><!-- ⲡ...ⲕⲟⲥⲙⲟⲥ -->
<feat xlink:href="#orig_group_464" value="ⲁⲩⲱ"/><!-- ⲁⲩⲱ -->
<feat xlink:href="#orig_group_465" value="ⲡⲕⲟⲥⲙⲟⲥ"/><!-- ⲡ...ⲕⲟⲥⲙⲟⲥ -->
<feat xlink:href="#orig_group_467" value="ⲛⲁⲡⲁⲣⲁⲅⲉ"/><!-- ⲛⲁ...ⲡⲁⲣⲁⲅⲉ -->
<feat xlink:href="#orig_group_469" value="ⲙⲛ"/><!-- ⲙⲛ -->
<feat xlink:href="#orig_group_470" value="ⲧⲉϥⲉⲉⲡⲉⲓⲑⲩⲙⲓⲁ"/><!-- ⲧⲉϥⲉⲉⲡⲉⲓⲑⲩⲙⲓⲁ -->
<feat xlink:href="#orig_group_471" value="ⲡⲉⲧⲉⲓⲣⲉ"/><!-- ⲡ...ⲉⲓⲣⲉ -->
<feat xlink:href="#orig_group_474" value="ⲇⲉ"/><!-- ⲇⲉ -->
<feat xlink:href="#orig_group_475" value="ⲙⲡⲟⲩⲱϣ"/><!-- ⲙ...ⲟⲩⲱϣ -->
<feat xlink:href="#orig_group_478" value="ⲙⲡⲛⲟⲩⲧⲉ"/><!-- ⲙ...ⲛⲟⲩⲧⲉ -->
<feat xlink:href="#orig_group_481" value="ϥⲛⲁϣⲱⲡⲉ"/><!-- ϥ...ϣⲱⲡⲉ -->
<feat xlink:href="#orig_group_484" value="ⲛϣⲁ"/><!-- ⲛϣⲁ -->
<feat xlink:href="#orig_group_485" value="ⲉⲛⲉϩ"/><!-- ⲉⲛⲉϩ -->
<feat xlink:href="#orig_group_486" value="ⲕⲁⲧⲁ"/><!-- ⲕⲁⲧⲁ -->
<feat xlink:href="#orig_group_487" value="ⲧϩⲉ"/><!-- ⲧ...ϩⲉ -->
<feat xlink:href="#orig_group_489" value="ⲙⲡⲏ"/><!-- ⲙⲡⲏ -->
<feat xlink:href="#orig_group_490" value="ⲉⲧϣⲟⲟⲡ"/><!-- ⲉⲧ...ϣⲟⲟⲡ -->
<feat xlink:href="#orig_group_492" value="ⲛϣⲁ"/><!-- ⲛϣⲁ -->
<feat xlink:href="#orig_group_493" value="ⲉⲛⲉϩ"/><!-- ⲉⲛⲉϩ -->
<feat xlink:href="#orig_group_494" value="."/><!-- . -->
<feat xlink:href="#orig_group_495" value="ⲛⲁϣⲏⲣⲉ"/><!-- ⲛⲁ...ϣⲏⲣⲉ -->
<feat xlink:href="#orig_group_497" value="ⲧϩⲁⲏ"/><!-- ⲧ...ϩⲁⲏ -->
<feat xlink:href="#orig_group_499" value="ⲛⲟⲩⲛⲟⲩ"/><!-- ⲛ...ⲛⲟⲩ -->
<feat xlink:href="#orig_group_502" value="ⲧⲉ"/><!-- ⲧⲉ -->
<feat xlink:href="#orig_group_503" value="ⲁⲩⲱ"/><!-- ⲁⲩⲱ -->
<feat xlink:href="#orig_group_504" value="ⲕⲁⲧⲁ"/><!-- ⲕⲁⲧⲁ -->
<feat xlink:href="#orig_group_505" value="ⲧϩⲉ"/><!-- ⲧ...ϩⲉ -->
<feat xlink:href="#orig_group_507" value="ⲛⲧⲁⲧⲉⲧⲛⲥⲱⲧⲙ"/><!-- ⲛⲧ...ⲥⲱⲧⲙ -->
<feat xlink:href="#orig_group_511" value="ϫⲉ"/><!-- ϫⲉ -->
<feat xlink:href="#orig_group_512" value="ⲡⲁⲛⲇⲓⲭⲣⲏⲥⲧⲟⲥ"/><!-- ⲡⲁⲛⲇⲓⲭⲣⲏⲥⲧⲟⲥ -->
<feat xlink:href="#orig_group_513" value="ⲛⲏⲩ"/><!-- ⲛⲏ...ⲩ -->
<feat xlink:href="#orig_group_515" value="ⲧⲉⲛⲟⲩ"/><!-- ⲧⲉⲛⲟⲩ -->
<feat xlink:href="#orig_group_516" value="ⲁϩⲁϩ"/><!-- ⲁϩⲁϩ -->
<feat xlink:href="#orig_group_517" value="ⲛⲁⲛⲇⲓⲭⲣⲏⲥⲧⲟⲥ"/><!-- ⲛⲁⲛⲇⲓⲭⲣⲏⲥⲧⲟⲥ -->
<feat xlink:href="#orig_group_518" value="ϣⲱⲡⲉ"/><!-- ϣⲱⲡⲉ -->
<feat xlink:href="#orig_group_519" value="ϩⲙ"/><!-- ϩⲙ -->
<feat xlink:href="#orig_group_520" value="ⲡⲁⲓ"/><!-- ⲡⲁⲓ -->
<feat xlink:href="#orig_group_521" value="ⲧⲉⲛⲉⲓⲙⲉ"/><!-- ⲧⲉⲛⲉⲓⲙⲉ -->
<feat xlink:href="#orig_group_522" value="ϫⲉ"/><!-- ϫⲉ -->
<feat xlink:href="#orig_group_523" value="ⲧϩⲁⲏ"/><!-- ⲧ...ϩⲁⲏ -->
<feat xlink:href="#orig_group_525" value="ⲛⲟⲩⲛⲟⲩ"/><!-- ⲛ...ⲛⲟⲩ -->
<feat xlink:href="#orig_group_528" value="ⲧⲉ"/><!-- ⲧⲉ -->
<feat xlink:href="#orig_group_529" value="."/><!-- . -->
<feat xlink:href="#orig_group_530" value="ⲛⲧⲁⲩⲉⲓ"/><!-- ⲛⲧ...ⲉⲓ -->
<feat xlink:href="#orig_group_534" value="ⲉⲃⲟⲗ"/><!-- ⲉⲃⲟⲗ -->
<feat xlink:href="#orig_group_535" value="ⲛϩⲏⲧⲛ"/><!-- ⲛϩⲏⲧ...ⲛ -->
<feat xlink:href="#orig_group_537" value="ⲁⲗⲗⲁ"/><!-- ⲁⲗⲗⲁ -->
<feat xlink:href="#orig_group_538" value="ⲛϩⲉⲛⲛⲉⲃⲁⲗ"/><!-- ⲛϩⲉⲛⲛⲉⲃⲁⲗ -->
<feat xlink:href="#orig_group_539" value="ⲛϩⲏⲧⲛ"/><!-- ⲛϩⲏⲧ...ⲛ -->
<feat xlink:href="#orig_group_541" value="ⲁⲛ"/><!-- ⲁⲛ -->
<feat xlink:href="#orig_group_542" value="ⲛⲉ"/><!-- ⲛⲉ -->
<feat xlink:href="#orig_group_543" value="ⲉⲛⲉϩ"/><!-- ⲉⲛⲉϩ -->
<feat xlink:href="#orig_group_544" value="ⲉⲛⲛⲉϩⲉⲛⲛⲉⲃⲁⲗ"/><!-- ⲉⲛⲛⲉϩⲉⲛⲛⲉⲃⲁⲗ -->
<feat xlink:href="#orig_group_545" value="ⲅⲁⲣ"/><!-- ⲅⲁⲣ -->
<feat xlink:href="#orig_group_546" value="ⲛϩⲏⲧⲛ"/><!-- ⲛϩⲏⲧ...ⲛ -->
<feat xlink:href="#orig_group_548" value="ⲛⲉ"/><!-- ⲛⲉ -->
<feat xlink:href="#orig_group_549" value="ⲛⲉⲩⲛⲁϭⲱ"/><!-- ⲛⲉ...ϭⲱ -->
<feat xlink:href="#orig_group_553" value="ⲛⲙⲙⲟⲛ"/><!-- ⲛⲙⲙⲟⲛ -->
<feat xlink:href="#orig_group_554" value="ⲡⲉ"/><!-- ⲡⲉ -->
<feat xlink:href="#orig_group_555" value="ⲁⲗⲗⲁ"/><!-- ⲁⲗⲗⲁ -->
<feat xlink:href="#orig_group_556" value="ϫⲉⲕⲁⲁⲥ"/><!-- ϫⲉⲕⲁⲁⲥ -->
<feat xlink:href="#orig_group_557" value="ⲉⲩⲛⲁⲟⲩⲱⲛϩ"/><!-- ⲉ...ⲱⲛϩ -->
<feat xlink:href="#orig_group_562" value="ⲉⲃⲟⲗ"/><!-- ⲉⲃⲟⲗ -->
<feat xlink:href="#orig_group_563" value="ϫⲉ"/><!-- ϫⲉ -->
<feat xlink:href="#orig_group_564" value="ϩⲉⲛⲛⲉⲃⲟⲗ"/><!-- ϩⲉⲛⲛⲉⲃⲟⲗ -->
<feat xlink:href="#orig_group_565" value="ⲛϩⲏⲧⲛ"/><!-- ⲛϩⲏⲧ...ⲛ -->
<feat xlink:href="#orig_group_567" value="ⲧⲏⲣⲟⲩ"/><!-- ⲧⲏⲣ...ⲟⲩ -->
<feat xlink:href="#orig_group_569" value="ⲁⲛ"/><!-- ⲁⲛ -->
<feat xlink:href="#orig_group_570" value="ⲛⲉ"/><!-- ⲛⲉ -->
<feat xlink:href="#orig_group_571" value="ⲁⲩⲱ"/><!-- ⲁⲩⲱ -->
<feat xlink:href="#orig_group_572" value="ⲛⲧⲱⲧⲛ"/><!-- ⲛⲧⲱⲧⲛ -->
<feat xlink:href="#orig_group_573" value="ϩⲱⲱ"/><!-- ϩⲱⲱ -->
<feat xlink:href="#orig_group_574" value="ⲧⲏⲩⲧⲛ"/><!-- ⲧⲏⲩⲧⲛ -->
<feat xlink:href="#orig_group_575" value="ⲟⲩⲛⲧⲏⲧⲛ"/><!-- ⲟⲩⲛⲧⲏⲧⲛ -->
<feat xlink:href="#orig_group_576" value="ⲙⲙⲟⲩ"/><!-- ⲙⲙⲟ...ⲩ -->
<feat xlink:href="#orig_group_578" value="ⲛⲟⲩⲧⲱϩⲥ"/><!-- ⲛ...ⲥ -->
<feat xlink:href="#orig_group_582" value="ⲉⲃⲟⲗ"/><!-- ⲉⲃⲟⲗ -->
<feat xlink:href="#orig_group_583" value="ϩⲓⲧⲙ"/><!-- ϩⲓⲧⲙ -->
<feat xlink:href="#orig_group_584" value="ⲡⲡⲉⲧⲟⲩⲁⲁⲃ"/><!-- ⲡⲡⲉⲧⲟⲩⲁⲁⲃ -->
<feat xlink:href="#orig_group_585" value="ⲧⲉⲧⲛⲥⲟⲟⲩⲛ"/><!-- ⲧⲉⲧⲛ...ⲥⲟⲟⲩⲛ -->
<feat xlink:href="#orig_group_587" value="ⲧⲏⲣⲧⲛ"/><!-- ⲧⲏⲣ...ⲧⲛ -->
<feat xlink:href="#orig_group_589" value="ⲛⲧⲁⲓⲥϩⲁⲓ"/><!-- ⲛⲧ...ⲥϩⲁⲓ -->
<feat xlink:href="#orig_group_593" value="ⲛⲏⲧⲛ"/><!-- ⲛⲏ...ⲧⲛ -->
<feat xlink:href="#orig_group_595" value="ⲁⲛ"/><!-- ⲁⲛ -->
<feat xlink:href="#orig_group_596" value="ϫⲉ"/><!-- ϫⲉ -->
<feat xlink:href="#orig_group_597" value="ⲛⲧⲉⲧⲛⲥⲟⲟⲩⲛ"/><!-- ⲛ...ⲥⲟⲟⲩⲛ -->
<feat xlink:href="#orig_group_600" value="ⲁⲛ"/><!-- ⲁⲛ -->
<feat xlink:href="#orig_group_601" value="ⲉⲧⲙⲉ"/><!-- ⲉ...ⲙⲉ -->
<feat xlink:href="#orig_group_604" value="ⲁⲗⲗⲁ"/><!-- ⲁⲗⲗⲁ -->
<feat xlink:href="#orig_group_605" value="ϫⲉ"/><!-- ϫⲉ -->
<feat xlink:href="#orig_group_606" value="ⲧⲉⲧⲛⲥⲟⲟⲩⲛ"/><!-- ⲧⲉⲧⲛ...ⲥⲟⲟⲩⲛ -->
<feat xlink:href="#orig_group_608" value="ⲙⲙⲟⲥ"/><!-- ⲙⲙⲟ...ⲥ -->
<feat xlink:href="#orig_group_610" value="ⲁⲩⲱ"/><!-- ⲁⲩⲱ -->
<feat xlink:href="#orig_group_611" value="ϫⲉ"/><!-- ϫⲉ -->
<feat xlink:href="#orig_group_612" value="ϭⲟⲗ"/><!-- ϭⲟⲗ -->
<feat xlink:href="#orig_group_613" value="ⲛⲓⲙ"/><!-- ⲛⲓⲙ -->
<feat xlink:href="#orig_group_614" value="ϩⲉⲛⲛⲉⲃⲟⲗ"/><!-- ϩⲉⲛⲛⲉⲃⲟⲗ -->
<feat xlink:href="#orig_group_615" value="ⲏⲛ"/><!-- ⲏⲛ -->
<feat xlink:href="#orig_group_616" value="ⲧⲙⲉ"/><!-- ⲧ...ⲙⲉ -->
<feat xlink:href="#orig_group_618" value="ⲁⲛ"/><!-- ⲁⲛ -->
<feat xlink:href="#orig_group_619" value="ⲛⲉ"/><!-- ⲛⲉ -->
<feat xlink:href="#orig_group_620" value="ⲛⲓⲙ"/><!-- ⲛⲓⲙ -->
<feat xlink:href="#orig_group_621" value="ⲡⲉ"/><!-- ⲡⲉ -->
<feat xlink:href="#orig_group_622" value="ⲡⲣⲉϥϫⲓ"/><!-- ⲡⲣⲉϥϫⲓ -->
<feat xlink:href="#orig_group_623" value="ϭⲟⲗ"/><!-- ϭⲟⲗ -->
<feat xlink:href="#orig_group_624" value="ⲉⲓ"/><!-- ⲉ...ⲓ -->
<feat xlink:href="#orig_group_626" value="ⲙⲏⲧⲉⲓ"/><!-- ⲙⲏⲧⲉⲓ -->
<feat xlink:href="#orig_group_627" value="ⲡⲉⲧⲁⲣⲛⲁ"/><!-- ⲡ...ⲁⲣⲛⲁ -->
<feat xlink:href="#orig_group_630" value="ϫⲉ"/><!-- ϫⲉ -->
<feat xlink:href="#orig_group_631" value="ⲓⲏⲥⲟⲩⲥ"/><!-- ⲓⲏⲥⲟⲩⲥ -->
<feat xlink:href="#orig_group_632" value="ⲁⲛ"/><!-- ⲁⲛ -->
<feat xlink:href="#orig_group_633" value="ⲡⲉ"/><!-- ⲡⲉ -->
<feat xlink:href="#orig_group_634" value="ⲡⲉⲭⲣⲓⲥⲧⲟⲥ"/><!-- ⲡⲉ...ⲭⲣⲓⲥⲧⲟⲥ -->
<feat xlink:href="#orig_group_636" value="ⲡⲁⲓ"/><!-- ⲡⲁⲓ -->
<feat xlink:href="#orig_group_637" value="ⲡⲉ"/><!-- ⲡⲉ -->
<feat xlink:href="#orig_group_638" value="ⲡⲁⲛⲇⲓⲭⲣⲏⲥⲧⲟⲥ"/><!-- ⲡⲁⲛⲇⲓⲭⲣⲏⲥⲧⲟⲥ -->
<feat xlink:href="#orig_group_639" value="ⲡⲉⲧⲁⲣⲛⲁ"/><!-- ⲡ...ⲁⲣⲛⲁ -->
<feat xlink:href="#orig_group_642" value="ⲙⲡⲉⲓⲱⲧ"/><!-- ⲙ...ⲉⲓⲱⲧ -->
<feat xlink:href="#orig_group_645" value="ⲁⲩⲱ"/><!-- ⲁⲩⲱ -->
<feat xlink:href="#orig_group_646" value="ⲡϣⲏⲣⲉ"/><!-- ⲡ...ϣⲏⲣⲉ -->
<feat xlink:href="#orig_group_648" value="ⲟⲩⲟⲛ"/><!-- ⲟⲩⲟⲛ -->
<feat xlink:href="#orig_group_649" value="ⲛⲓⲙ"/><!-- ⲛⲓⲙ -->
<feat xlink:href="#orig_group_650" value="ⲉⲧⲁⲣⲛⲁ"/><!-- ⲉⲧ...ⲁⲣⲛⲁ -->
<feat xlink:href="#orig_group_652" value="ⲙⲡϣⲏⲣⲉ"/><!-- ⲙ...ϣⲏⲣⲉ -->
<feat xlink:href="#orig_group_655" value="ⲙⲛⲧⲁϥ"/><!-- ⲙⲛ...ⲁϥ -->
<feat xlink:href="#orig_group_658" value="ⲟⲛ"/><!-- ⲟⲛ -->
<feat xlink:href="#orig_group_659" value="ⲙⲙⲁⲩ"/><!-- ⲙⲙⲁⲩ -->
<feat xlink:href="#orig_group_660" value="ⲙⲡⲉⲓⲱⲧ"/><!-- ⲙ...ⲉⲓⲱⲧ -->
<feat xlink:href="#orig_group_663" value="ⲡⲉⲧϩⲟⲙⲟⲗⲟⲅⲉⲓ"/><!-- ⲡ...ϩⲟⲙⲟⲗⲟⲅⲉⲓ -->
<feat xlink:href="#orig_group_666" value="ⲙⲡϣⲏⲣⲉ"/><!-- ⲙ...ϣⲏⲣⲉ -->
<feat xlink:href="#orig_group_669" value="ⲟⲩⲛⲧⲁϥ"/><!-- ⲟⲩⲛⲧⲁ...ϥ -->
<feat xlink:href="#orig_group_671" value="ⲙⲙⲁⲩ"/><!-- ⲙⲙⲁⲩ -->
<feat xlink:href="#orig_group_672" value="ⲙⲡⲉⲓⲱⲧ"/><!-- ⲙ...ⲉⲓⲱⲧ -->
<feat xlink:href="#orig_group_675" value="ⲛⲧⲱⲧⲛ"/><!-- ⲛⲧⲱⲧⲛ -->
<feat xlink:href="#orig_group_676" value="ⲇⲉ"/><!-- ⲇⲉ -->
<feat xlink:href="#orig_group_677" value="ⲡⲉⲛⲧⲁⲧⲛⲥⲱⲧⲙ"/><!-- ⲡⲉⲛⲧⲁⲧⲛⲥⲱⲧⲙ -->
<feat xlink:href="#orig_group_678" value="ⲉⲣⲟϥ"/><!-- ⲉⲣⲟ...ϥ -->
<feat xlink:href="#orig_group_680" value="ϫⲓⲛ"/><!-- ϫⲓⲛ -->
<feat xlink:href="#orig_group_681" value="ϣⲟⲣⲡ"/><!-- ϣⲟⲣⲡ -->
<feat xlink:href="#orig_group_682" value="ⲙⲁⲣⲉϥϣⲱⲡⲉ"/><!-- ⲙⲁⲣⲉ...ϣⲱⲡⲉ -->
<feat xlink:href="#orig_group_685" value="ⲉϩⲣⲁⲓ"/><!-- ⲉϩⲣⲁⲓ -->
<feat xlink:href="#orig_group_686" value="ⲛϩⲏⲧ"/><!-- ⲛϩⲏⲧ -->
<feat xlink:href="#orig_group_687" value="ⲧⲏⲩⲧⲛ"/><!-- ⲧⲏⲩⲧⲛ -->
<feat xlink:href="#orig_group_688" value="ⲉϣⲱⲡⲉ"/><!-- ⲉϣⲱⲡⲉ -->
<feat xlink:href="#orig_group_689" value="ⲉϥϣⲁⲛϭⲱ"/><!-- ⲉϥϣⲁⲛ...ϭⲱ -->
<feat xlink:href="#orig_group_691" value="ⲉϩⲣⲁⲓ"/><!-- ⲉϩⲣⲁⲓ -->
<feat xlink:href="#orig_group_692" value="ⲛϩⲏⲧ"/><!-- ⲛϩⲏⲧ -->
<feat xlink:href="#orig_group_693" value="ⲧⲏⲩⲧⲛ"/><!-- ⲧⲏⲩⲧⲛ -->
<feat xlink:href="#orig_group_694" value="ⲛϭⲓ"/><!-- ⲛϭⲓ -->
<feat xlink:href="#orig_group_695" value="ⲡⲉⲛⲧⲁⲧⲉⲧⲛⲥⲱⲧⲙⲉϥ"/><!-- ⲡⲉⲛⲧⲁⲧⲉⲧⲛⲥⲱⲧⲙⲉϥ -->
<feat xlink:href="#orig_group_696" value="ⲛϫⲓⲛ"/><!-- ⲛϫⲓⲛ -->
<feat xlink:href="#orig_group_697" value="ϣⲟⲣⲡ"/><!-- ϣⲟⲣⲡ -->
<feat xlink:href="#orig_group_698" value="ⲛⲧⲱⲧⲛ"/><!-- ⲛⲧⲱⲧⲛ -->
<feat xlink:href="#orig_group_699" value="ϭⲱⲱ"/><!-- ϭⲱⲱ -->
<feat xlink:href="#orig_group_700" value="ⲧⲏⲩⲧⲛ"/><!-- ⲧⲏⲩⲧⲛ -->
<feat xlink:href="#orig_group_701" value="ⲧⲉⲧⲛⲛⲁϣⲱⲡⲉ"/><!-- ⲧⲉⲧⲛ...ϣⲱⲡⲉ -->
<feat xlink:href="#orig_group_704" value="ϩⲙ"/><!-- ϩⲙ -->
<feat xlink:href="#orig_group_705" value="ⲡϣⲏⲣⲉ"/><!-- ⲡ...ϣⲏⲣⲉ -->
<feat xlink:href="#orig_group_707" value="ⲁⲩⲱ"/><!-- ⲁⲩⲱ -->
<feat xlink:href="#orig_group_708" value="ϩⲙ"/><!-- ϩⲙ -->
<feat xlink:href="#orig_group_709" value="ⲡⲉⲓⲱⲧ"/><!-- ⲡ...ⲉⲓⲱⲧ -->
<feat xlink:href="#orig_group_711" value="ⲁⲩⲱ"/><!-- ⲁⲩⲱ -->
<feat xlink:href="#orig_group_712" value="ⲡⲁⲓ"/><!-- ⲡⲁⲓ -->
<feat xlink:href="#orig_group_713" value="ⲡⲉ"/><!-- ⲡⲉ -->
<feat xlink:href="#orig_group_714" value="ⲡⲉⲣⲏⲧ"/><!-- ⲡⲉⲣⲏⲧ -->
<feat xlink:href="#orig_group_715" value="ⲛⲧⲁϥⲉⲣⲏⲧ"/><!-- ⲛⲧ...ⲉⲣⲏⲧ -->
<feat xlink:href="#orig_group_719" value="ⲙⲙⲟϥ"/><!-- ⲙⲙⲟ...ϥ -->
<feat xlink:href="#orig_group_721" value="ⲛⲁⲛ"/><!-- ⲛⲁ...ⲛ -->
<feat xlink:href="#orig_group_723" value="ⲡⲱⲛϩ"/><!-- ⲡ...ⲱⲛϩ -->
<feat xlink:href="#orig_group_725" value="ϣⲁ"/><!-- ϣⲁ -->
<feat xlink:href="#orig_group_726" value="ⲉⲛⲉϩ"/><!-- ⲉⲛⲉϩ -->
<feat xlink:href="#orig_group_727" value="ⲛⲁⲓ"/><!-- ⲛⲁⲓ -->
<feat xlink:href="#orig_group_728" value="ⲉⲓⲥϩⲁⲓ"/><!-- ⲉ...ⲥϩⲁⲓ -->
<feat xlink:href="#orig_group_731" value="ⲙⲙⲟⲟⲩ"/><!-- ⲙⲙⲟ...ⲟⲩ -->
<feat xlink:href="#orig_group_733" value="ⲛⲏⲧⲛ"/><!-- ⲛⲏ...ⲧⲛ -->
<feat xlink:href="#orig_group_735" value="ⲉⲧⲃⲉ"/><!-- ⲉⲧⲃⲉ -->
<feat xlink:href="#orig_group_736" value="ⲛⲉⲧⲡⲗⲁⲛⲁ"/><!-- ⲛ...ⲡⲗⲁⲛⲁ -->
<feat xlink:href="#orig_group_739" value="ⲙⲙⲱⲧⲛ"/><!-- ⲙⲙⲱ...ⲧⲛ -->
<feat xlink:href="#orig_group_741" value="ⲁⲩⲱ"/><!-- ⲁⲩⲱ -->
<feat xlink:href="#orig_group_742" value="ⲛⲧⲱⲧⲛ"/><!-- ⲛⲧⲱⲧⲛ -->
<feat xlink:href="#orig_group_743" value="ⲡⲧⲱϩⲥ"/><!-- ⲡⲧⲱϩⲥ -->
<feat xlink:href="#orig_group_744" value="ⲛⲧⲁⲧⲉⲧⲛϫⲓⲧϥ"/><!-- ⲛⲧ...ϥ -->
<feat xlink:href="#orig_group_749" value="ⲉⲃⲟⲗ"/><!-- ⲉⲃⲟⲗ -->
<feat xlink:href="#orig_group_750" value="ϩⲓⲧⲟⲟⲧϥ"/><!-- ϩⲓⲧⲟⲟⲧ...ϥ -->
<feat xlink:href="#orig_group_752" value="ϥϣⲟⲟⲡ"/><!-- ϥ...ϣⲟⲟⲡ -->
<feat xlink:href="#orig_group_754" value="ⲛϩⲏⲧ"/><!-- ⲛϩⲏⲧ -->
<feat xlink:href="#orig_group_755" value="ⲧⲏⲩⲧⲛ"/><!-- ⲧⲏⲩⲧⲛ -->
<feat xlink:href="#orig_group_756" value="ⲁⲩⲱ"/><!-- ⲁⲩⲱ -->
<feat xlink:href="#orig_group_757" value="ⲛⲧⲉⲧⲛⲣ"/><!-- ⲛ...ⲣ -->
<feat xlink:href="#orig_group_760" value="ⲭⲣⲓⲁ"/><!-- ⲭⲣⲓⲁ -->
<feat xlink:href="#orig_group_761" value="ⲁⲛ"/><!-- ⲁⲛ -->
<feat xlink:href="#orig_group_762" value="ϫⲉⲕⲁⲁⲥ"/><!-- ϫⲉⲕⲁⲁⲥ -->
<feat xlink:href="#orig_group_763" value="ⲉⲣⲉⲟⲩⲁ"/><!-- ⲉⲣⲉⲟⲩⲁ -->
<feat xlink:href="#orig_group_764" value="ϯ"/><!-- ϯ -->
<feat xlink:href="#orig_group_765" value="ⲥⲃⲱ"/><!-- ⲥⲃⲱ -->
<feat xlink:href="#orig_group_766" value="ⲛⲏⲧⲛ"/><!-- ⲛⲏ...ⲧⲛ -->
<feat xlink:href="#orig_group_768" value="ⲁⲗⲗⲁ"/><!-- ⲁⲗⲗⲁ -->
<feat xlink:href="#orig_group_769" value="ⲛⲧϩⲉ"/><!-- ⲛ...ϩⲉ -->
<feat xlink:href="#orig_group_772" value="ⲙⲡⲉϥⲧⲱϩⲥ"/><!-- ⲙⲡⲉ...ⲥ -->
<feat xlink:href="#orig_group_776" value="ⲉϥϯ"/><!-- ⲉ...ϯ -->
<feat xlink:href="#orig_group_779" value="ⲥⲃⲱ"/><!-- ⲥⲃⲱ -->
<feat xlink:href="#orig_group_780" value="ⲛⲏⲧⲛ"/><!-- ⲛⲏ...ⲧⲛ -->
<feat xlink:href="#orig_group_782" value="ⲉⲧⲃⲉ"/><!-- ⲉⲧⲃⲉ -->
<feat xlink:href="#orig_group_783" value="ϩⲱⲃ"/><!-- ϩⲱⲃ -->
<feat xlink:href="#orig_group_784" value="ⲛⲓⲙ"/><!-- ⲛⲓⲙ -->
<feat xlink:href="#orig_group_785" value="ⲁⲩⲱ"/><!-- ⲁⲩⲱ -->
<feat xlink:href="#orig_group_786" value="ⲟⲩⲙⲉ"/><!-- ⲟⲩ...ⲙⲉ -->
<feat xlink:href="#orig_group_788" value="ⲡⲉ"/><!-- ⲡⲉ -->
<feat xlink:href="#orig_group_789" value="ⲁⲩⲱ"/><!-- ⲁⲩⲱ -->
<feat xlink:href="#orig_group_790" value="ⲙⲛ"/><!-- ⲙⲛ -->
<feat xlink:href="#orig_group_791" value="ϭⲟⲗ"/><!-- ϭⲟⲗ -->
<feat xlink:href="#orig_group_792" value="ϣⲟⲟⲡ"/><!-- ϣⲟⲟⲡ -->
<feat xlink:href="#orig_group_793" value="ϩⲣⲁⲓ"/><!-- ϩⲣⲁⲓ -->
<feat xlink:href="#orig_group_794" value="ⲛϩⲏⲧϥ"/><!-- ⲛϩⲏⲧ...ϥ -->
<feat xlink:href="#orig_group_796" value="ⲕⲁⲧⲁ"/><!-- ⲕⲁⲧⲁ -->
<feat xlink:href="#orig_group_797" value="ⲧϩⲉ"/><!-- ⲧ...ϩⲉ -->
<feat xlink:href="#orig_group_799" value="ⲛⲧⲁϥϯ"/><!-- ⲛⲧ...ϯ -->
<feat xlink:href="#orig_group_803" value="ⲥⲃⲱ"/><!-- ⲥⲃⲱ -->
<feat xlink:href="#orig_group_804" value="ⲛⲏⲧⲛ"/><!-- ⲛⲏ...ⲧⲛ -->
<feat xlink:href="#orig_group_806" value="ⲧⲉⲧⲛϭⲉⲉⲧ"/><!-- ⲧⲉⲧⲛ...ϭⲉⲉⲧ -->
<feat xlink:href="#orig_group_808" value="ϩⲣⲁⲓ"/><!-- ϩⲣⲁⲓ -->
<feat xlink:href="#orig_group_809" value="ⲛϩⲏⲧϥ"/><!-- ⲛϩⲏⲧ...ϥ -->
<feat xlink:href="#orig_group_811" value="ⲧⲉⲛⲟⲩ"/><!-- ⲧⲉⲛⲟⲩ -->
<feat xlink:href="#orig_group_812" value="ⲟⲛ"/><!-- ⲟⲛ -->
<feat xlink:href="#orig_group_813" value="ⲛⲁϣⲏⲣⲉ"/><!-- ⲛⲁ...ϣⲏⲣⲉ -->
<feat xlink:href="#orig_group_815" value="ϭⲱ"/><!-- ϭⲱ -->
<feat xlink:href="#orig_group_816" value="ⲉϩⲣⲁⲓ"/><!-- ⲉϩⲣⲁⲓ -->
<feat xlink:href="#orig_group_817" value="ⲛϩⲏⲧϥ"/><!-- ⲛϩⲏⲧ...ϥ -->
<feat xlink:href="#orig_group_819" value="ϫⲉⲕⲁⲁⲥ"/><!-- ϫⲉⲕⲁⲁⲥ -->
<feat xlink:href="#orig_group_820" value="ⲉϥϣⲁⲛⲟⲩⲱⲛϩ"/><!-- ⲉϥϣⲁⲛ...ⲟⲩⲱⲛϩ -->
<feat xlink:href="#orig_group_822" value="ⲉⲃⲟⲗ"/><!-- ⲉⲃⲟⲗ -->
<feat xlink:href="#orig_group_823" value="ⲉⲛⲉϫⲓ"/><!-- ⲉⲛⲉ...ϫⲓ -->
<feat xlink:href="#orig_group_825" value="ⲛⲟⲩⲡⲁⲣⲣⲏⲥⲓⲁ"/><!-- ⲛ...ⲡⲁⲣⲣⲏⲥⲓⲁ -->
<feat xlink:href="#orig_group_828" value="ⲁⲩⲱ"/><!-- ⲁⲩⲱ -->
<feat xlink:href="#orig_group_829" value="ⲛⲧⲛⲧⲙϫⲓ"/><!-- ⲛⲧⲛⲧⲙϫⲓ -->
<feat xlink:href="#orig_group_830" value="ϣⲓⲡⲉ"/><!-- ϣⲓⲡⲉ -->
<feat xlink:href="#orig_group_831" value="ⲉⲃⲟⲗ"/><!-- ⲉⲃⲟⲗ -->
<feat xlink:href="#orig_group_832" value="ϩⲓⲧⲟⲟⲧϥ"/><!-- ϩⲓⲧⲟⲟⲧ...ϥ -->
<feat xlink:href="#orig_group_834" value="ϩⲛ"/><!-- ϩⲛ -->
<feat xlink:href="#orig_group_835" value="ⲧⲉϥⲡⲁⲣϩⲟⲩⲥⲓⲁ"/><!-- ⲧⲉϥⲡⲁⲣϩⲟⲩⲥⲓⲁ -->
<feat xlink:href="#orig_group_836" value="ⲉϣⲱⲡⲉ"/><!-- ⲉϣⲱⲡⲉ -->
<feat xlink:href="#orig_group_837" value="ⲇⲉ"/><!-- ⲇⲉ -->
<feat xlink:href="#orig_group_838" value="ⲉⲧⲉⲧⲛϣⲁⲛⲉⲓⲙⲉ"/><!-- ⲉⲧⲉⲧⲛϣⲁⲛ...ⲉⲓⲙⲉ -->
<feat xlink:href="#orig_group_840" value="ϫⲉ"/><!-- ϫⲉ -->
<feat xlink:href="#orig_group_841" value="ⲟⲩⲇⲓⲕⲁⲓⲟⲥ"/><!-- ⲟⲩ...ⲇⲓⲕⲁⲓⲟⲥ -->
<feat xlink:href="#orig_group_843" value="ⲡⲉ"/><!-- ⲡⲉ -->
<feat xlink:href="#orig_group_844" value="ⲉⲓ"/><!-- ⲉ...ⲓ -->
<feat xlink:href="#orig_group_846" value="ⲧⲉⲧⲛⲛⲁⲉⲓⲙⲉ"/><!-- ⲧⲉⲧⲛ...ⲉⲓⲙⲉ -->
<feat xlink:href="#orig_group_849" value="ⲟⲛ"/><!-- ⲟⲛ -->
<feat xlink:href="#orig_group_850" value="ϫⲉ"/><!-- ϫⲉ -->
<feat xlink:href="#orig_group_851" value="ⲟⲩⲟⲛ"/><!-- ⲟⲩⲟⲛ -->
<feat xlink:href="#orig_group_852" value="ⲛⲓⲙ"/><!-- ⲛⲓⲙ -->
<feat xlink:href="#orig_group_853" value="ⲉⲧⲉⲓⲣⲉ"/><!-- ⲉⲧ...ⲉⲓⲣⲉ -->
<feat xlink:href="#orig_group_855" value="ⲛⲧⲇⲓⲕⲁⲓⲟⲥⲩⲛⲏ"/><!-- ⲛ...ⲇⲓⲕⲁⲓⲟⲥⲩⲛⲏ -->
<feat xlink:href="#orig_group_858" value="ⲛⲧⲁⲩϫⲡⲟϥ"/><!-- ⲛⲧ...ϥ -->
<feat xlink:href="#orig_group_863" value="ⲉⲃⲟⲗ"/><!-- ⲉⲃⲟⲗ -->
<feat xlink:href="#orig_group_864" value="ⲛϩⲏⲧϥ"/><!-- ⲛϩⲏⲧ...ϥ -->
<feat xlink:href="#orig_group_866" value="."/><!-- . -->
</featList>
</paula>
