<?xml version='1.0' encoding='UTF-8'?><!DOCTYPE paula SYSTEM "paula_feat.dtd">
<paula version="1.1">
	<header paula_id="scriptorium.bohairic.Mark_04.mark_func"/>
	<featList xmlns:xlink="http://www.w3.org/1999/xlink" type="func" xml:base="scriptorium.bohairic.Mark_04.mark.xml">
		<feat xlink:href="#sSpan1" value="cc"/>
		<feat xlink:href="#sSpan8" value="advmod"/>
		<feat xlink:href="#sSpan12" value="aux"/>
		<feat xlink:href="#sSpan16" value="nsubj"/>
		<feat xlink:href="#sSpan18" value="root"/>
		<feat xlink:href="#sSpan20" value="obj"/>
		<feat xlink:href="#sSpan22" value="nmod:poss"/>
		<feat xlink:href="#sSpan24" value="mark"/>
		<feat xlink:href="#sSpan29" value="xcomp"/>
		<feat xlink:href="#sSpan32" value="case"/>
		<feat xlink:href="#sSpan36" value="det"/>
		<feat xlink:href="#sSpan38" value="obl"/>
		<feat xlink:href="#sSpan40" value="cc"/>
		<feat xlink:href="#sSpan44" value="aux"/>
		<feat xlink:href="#sSpan48" value="nsubj"/>
		<feat xlink:href="#sSpan50" value="conj"/>
		<feat xlink:href="#sSpan52" value="case"/>
		<feat xlink:href="#sSpan56" value="obl"/>
		<feat xlink:href="#sSpan58" value="case"/>
		<feat xlink:href="#sSpan62" value="det"/>
		<feat xlink:href="#sSpan64" value="dislocated"/>
		<feat xlink:href="#sSpan66" value="mark"/>
		<feat xlink:href="#sSpan70" value="nsubj"/>
		<feat xlink:href="#sSpan72" value="acl:relcl"/>
		<feat xlink:href="#sSpan75" value="mark"/>
		<feat xlink:href="#sSpan79" value="aux"/>
		<feat xlink:href="#sSpan83" value="nsubj"/>
		<feat xlink:href="#sSpan85" value="advcl"/>
		<feat xlink:href="#sSpan87" value="case"/>
		<feat xlink:href="#sSpan91" value="det"/>
		<feat xlink:href="#sSpan93" value="obl"/>
		<feat xlink:href="#sSpan95" value="aux"/>
		<feat xlink:href="#sSpan99" value="nsubj"/>
		<feat xlink:href="#sSpan101" value="advcl"/>
		<feat xlink:href="#sSpan103" value="case"/>
		<feat xlink:href="#sSpan107" value="det"/>
		<feat xlink:href="#sSpan109" value="obl"/>
		<feat xlink:href="#sSpan111" value="case"/>
		<feat xlink:href="#sSpan115" value="det"/>
		<feat xlink:href="#sSpan117" value="obl"/>
		<feat xlink:href="#sSpan119" value="punct"/>
		<feat xlink:href="#sSpan123" value="cc"/>
		<feat xlink:href="#sSpan129" value="aux"/>
		<feat xlink:href="#sSpan133" value="nsubj"/>
		<feat xlink:href="#sSpan136" value="root"/>
		<feat xlink:href="#sSpan139" value="case"/>
		<feat xlink:href="#sSpan143" value="obl"/>
		<feat xlink:href="#sSpan145" value="case"/>
		<feat xlink:href="#sSpan149" value="det"/>
		<feat xlink:href="#sSpan151" value="obj"/>
		<feat xlink:href="#sSpan153" value="case"/>
		<feat xlink:href="#sSpan157" value="det"/>
		<feat xlink:href="#sSpan160" value="obl"/>
		<feat xlink:href="#sSpan162" value="cc"/>
		<feat xlink:href="#sSpan166" value="aux"/>
		<feat xlink:href="#sSpan170" value="nsubj"/>
		<feat xlink:href="#sSpan172" value="conj"/>
		<feat xlink:href="#sSpan174" value="case"/>
		<feat xlink:href="#sSpan178" value="obj"/>
		<feat xlink:href="#sSpan180" value="case"/>
		<feat xlink:href="#sSpan184" value="obl"/>
		<feat xlink:href="#sSpan186" value="case"/>
		<feat xlink:href="#sSpan190" value="nmod:poss"/>
		<feat xlink:href="#sSpan192" value="obl"/>
		<feat xlink:href="#sSpan194" value="mark"/>
		<feat xlink:href="#sSpan200" value="root"/>
		<feat xlink:href="#sSpan204" value="advmod"/>
		<feat xlink:href="#sSpan208" value="aux"/>
		<feat xlink:href="#sSpan212" value="nsubj"/>
		<feat xlink:href="#sSpan214" value="parataxis"/>
		<feat xlink:href="#sSpan216" value="case"/>
		<feat xlink:href="#sSpan220" value="dislocated"/>
		<feat xlink:href="#sSpan222" value="mark"/>
		<feat xlink:href="#sSpan226" value="acl:relcl"/>
		<feat xlink:href="#sSpan228" value="punct"/>
		<feat xlink:href="#sSpan232" value="cc"/>
		<feat xlink:href="#sSpan238" value="aux"/>
		<feat xlink:href="#sSpan242" value="nsubj"/>
		<feat xlink:href="#sSpan244" value="root"/>
		<feat xlink:href="#sSpan246" value="case"/>
		<feat xlink:href="#sSpan250" value="det"/>
		<feat xlink:href="#sSpan253" value="obl"/>
		<feat xlink:href="#sSpan258" value="cc"/>
		<feat xlink:href="#sSpan262" value="dislocated"/>
		<feat xlink:href="#sSpan267" value="advmod"/>
		<feat xlink:href="#sSpan271" value="aux"/>
		<feat xlink:href="#sSpan275" value="nsubj"/>
		<feat xlink:href="#sSpan277" value="conj"/>
		<feat xlink:href="#sSpan279" value="case"/>
		<feat xlink:href="#sSpan283" value="det"/>
		<feat xlink:href="#sSpan285" value="obl"/>
		<feat xlink:href="#sSpan287" value="cc"/>
		<feat xlink:href="#sSpan291" value="aux"/>
		<feat xlink:href="#sSpan295" value="nsubj"/>
		<feat xlink:href="#sSpan297" value="conj"/>
		<feat xlink:href="#sSpan299" value="case"/>
		<feat xlink:href="#sSpan303" value="det"/>
		<feat xlink:href="#sSpan305" value="dislocated"/>
		<feat xlink:href="#sSpan307" value="aux"/>
		<feat xlink:href="#sSpan311" value="nsubj"/>
		<feat xlink:href="#sSpan313" value="parataxis"/>
		<feat xlink:href="#sSpan315" value="obj"/>
		<feat xlink:href="#sSpan317" value="cc"/>
		<feat xlink:href="#sSpan323" value="det"/>
		<feat xlink:href="#sSpan327" value="dislocated"/>
		<feat xlink:href="#sSpan329" value="aux"/>
		<feat xlink:href="#sSpan333" value="nsubj"/>
		<feat xlink:href="#sSpan335" value="root"/>
		<feat xlink:href="#sSpan337" value="case"/>
		<feat xlink:href="#sSpan341" value="det"/>
		<feat xlink:href="#sSpan343" value="obl"/>
		<feat xlink:href="#sSpan345" value="case"/>
		<feat xlink:href="#sSpan350" value="nmod"/>
		<feat xlink:href="#sSpan352" value="det"/>
		<feat xlink:href="#sSpan356" value="appos"/>
		<feat xlink:href="#sSpan358" value="mark"/>
		<feat xlink:href="#sSpan362" value="acl:relcl"/>
		<feat xlink:href="#sSpan364" value="nsubj"/>
		<feat xlink:href="#sSpan366" value="case"/>
		<feat xlink:href="#sSpan370" value="nmod"/>
		<feat xlink:href="#sSpan372" value="advmod"/>
		<feat xlink:href="#sSpan376" value="cc"/>
		<feat xlink:href="#sSpan380" value="obl:unmarked"/>
		<feat xlink:href="#sSpan384" value="nmod:poss"/>
		<feat xlink:href="#sSpan386" value="aux"/>
		<feat xlink:href="#sSpan390" value="nsubj"/>
		<feat xlink:href="#sSpan392" value="conj"/>
		<feat xlink:href="#sSpan394" value="mark"/>
		<feat xlink:href="#sSpan398" value="fixed"/>
		<feat xlink:href="#sSpan400" value="advcl"/>
		<feat xlink:href="#sSpan402" value="iobj"/>
		<feat xlink:href="#sSpan404" value="nsubj"/>
		<feat xlink:href="#sSpan408" value="case"/>
		<feat xlink:href="#sSpan412" value="obl"/>
		<feat xlink:href="#sSpan414" value="cc"/>
		<feat xlink:href="#sSpan421" value="mark"/>
		<feat xlink:href="#sSpan425" value="aux"/>
		<feat xlink:href="#sSpan429" value="aux"/>
		<feat xlink:href="#sSpan431" value="nsubj"/>
		<feat xlink:href="#sSpan433" value="advcl"/>
		<feat xlink:href="#sSpan435" value="case"/>
		<feat xlink:href="#sSpan439" value="det"/>
		<feat xlink:href="#sSpan441" value="dislocated"/>
		<feat xlink:href="#sSpan443" value="aux"/>
		<feat xlink:href="#sSpan447" value="nsubj"/>
		<feat xlink:href="#sSpan450" value="root"/>
		<feat xlink:href="#sSpan454" value="cc"/>
		<feat xlink:href="#sSpan458" value="mark"/>
		<feat xlink:href="#sSpan462" value="fixed"/>
		<feat xlink:href="#sSpan464" value="advcl"/>
		<feat xlink:href="#sSpan466" value="iobj"/>
		<feat xlink:href="#sSpan468" value="nsubj"/>
		<feat xlink:href="#sSpan472" value="aux"/>
		<feat xlink:href="#sSpan476" value="nsubj"/>
		<feat xlink:href="#sSpan478" value="conj"/>
		<feat xlink:href="#sSpan480" value="cc"/>
		<feat xlink:href="#sSpan486" value="det"/>
		<feat xlink:href="#sSpan490" value="dislocated"/>
		<feat xlink:href="#sSpan492" value="aux"/>
		<feat xlink:href="#sSpan496" value="nsubj"/>
		<feat xlink:href="#sSpan498" value="root"/>
		<feat xlink:href="#sSpan500" value="case"/>
		<feat xlink:href="#sSpan504" value="det"/>
		<feat xlink:href="#sSpan506" value="obl"/>
		<feat xlink:href="#sSpan508" value="cc"/>
		<feat xlink:href="#sSpan512" value="aux"/>
		<feat xlink:href="#sSpan516" value="aux"/>
		<feat xlink:href="#sSpan518" value="nsubj"/>
		<feat xlink:href="#sSpan520" value="advcl"/>
		<feat xlink:href="#sSpan522" value="advmod"/>
		<feat xlink:href="#sSpan526" value="case"/>
		<feat xlink:href="#sSpan530" value="det"/>
		<feat xlink:href="#sSpan532" value="dislocated"/>
		<feat xlink:href="#sSpan534" value="aux"/>
		<feat xlink:href="#sSpan538" value="nsubj"/>
		<feat xlink:href="#sSpan540" value="conj"/>
		<feat xlink:href="#sSpan542" value="obj"/>
		<feat xlink:href="#sSpan544" value="cc"/>
		<feat xlink:href="#sSpan548" value="aux"/>
		<feat xlink:href="#sSpan552" value="nsubj"/>
		<feat xlink:href="#sSpan555" value="conj"/>
		<feat xlink:href="#sSpan558" value="cc"/>
		<feat xlink:href="#sSpan564" value="det"/>
		<feat xlink:href="#sSpan568" value="det"/>
		<feat xlink:href="#sSpan570" value="dislocated"/>
		<feat xlink:href="#sSpan572" value="aux"/>
		<feat xlink:href="#sSpan576" value="nsubj"/>
		<feat xlink:href="#sSpan578" value="root"/>
		<feat xlink:href="#sSpan580" value="case"/>
		<feat xlink:href="#sSpan584" value="det"/>
		<feat xlink:href="#sSpan586" value="obl"/>
		<feat xlink:href="#sSpan588" value="mark"/>
		<feat xlink:href="#sSpan592" value="acl:relcl"/>
		<feat xlink:href="#sSpan594" value="nsubj"/>
		<feat xlink:href="#sSpan596" value="cc"/>
		<feat xlink:href="#sSpan600" value="aux"/>
		<feat xlink:href="#sSpan604" value="nsubj"/>
		<feat xlink:href="#sSpan607" value="conj"/>
		<feat xlink:href="#sSpan610" value="mark"/>
		<feat xlink:href="#sSpan614" value="nsubj"/>
		<feat xlink:href="#sSpan616" value="advcl"/>
		<feat xlink:href="#sSpan618" value="advmod"/>
		<feat xlink:href="#sSpan622" value="aux"/>
		<feat xlink:href="#sSpan626" value="nsubj"/>
		<feat xlink:href="#sSpan629" value="parataxis"/>
		<feat xlink:href="#sSpan633" value="cc"/>
		<feat xlink:href="#sSpan637" value="obl:unmarked"/>
		<feat xlink:href="#sSpan641" value="aux"/>
		<feat xlink:href="#sSpan645" value="nsubj"/>
		<feat xlink:href="#sSpan647" value="conj"/>
		<feat xlink:href="#sSpan649" value="obj"/>
		<feat xlink:href="#sSpan651" value="det"/>
		<feat xlink:href="#sSpan655" value="conj"/>
		<feat xlink:href="#sSpan657" value="case"/>
		<feat xlink:href="#sSpan661" value="orphan"/>
		<feat xlink:href="#sSpan663" value="det"/>
		<feat xlink:href="#sSpan667" value="conj"/>
		<feat xlink:href="#sSpan669" value="case"/>
		<feat xlink:href="#sSpan673" value="orphan"/>
		<feat xlink:href="#sSpan675" value="punct"/>
		<feat xlink:href="#sSpan679" value="cc"/>
		<feat xlink:href="#sSpan685" value="aux"/>
		<feat xlink:href="#sSpan689" value="nsubj"/>
		<feat xlink:href="#sSpan691" value="root"/>
		<feat xlink:href="#sSpan693" value="case"/>
		<feat xlink:href="#sSpan697" value="expl"/>
		<feat xlink:href="#sSpan699" value="mark"/>
		<feat xlink:href="#sSpan703" value="dislocated"/>
		<feat xlink:href="#sSpan705" value="mark"/>
		<feat xlink:href="#sSpan709" value="acl:relcl"/>
		<feat xlink:href="#sSpan711" value="det"/>
		<feat xlink:href="#sSpan715" value="nsubj"/>
		<feat xlink:href="#sSpan717" value="case"/>
		<feat xlink:href="#sSpan721" value="obl"/>
		<feat xlink:href="#sSpan723" value="mark"/>
		<feat xlink:href="#sSpan727" value="acl"/>
		<feat xlink:href="#sSpan729" value="aux"/>
		<feat xlink:href="#sSpan733" value="nsubj"/>
		<feat xlink:href="#sSpan735" value="ccomp"/>
		<feat xlink:href="#sSpan737" value="punct"/>
		<feat xlink:href="#sSpan741" value="cc"/>
		<feat xlink:href="#sSpan747" value="aux"/>
		<feat xlink:href="#sSpan751" value="aux"/>
		<feat xlink:href="#sSpan753" value="nsubj"/>
		<feat xlink:href="#sSpan755" value="advcl"/>
		<feat xlink:href="#sSpan757" value="obl:unmarked"/>
		<feat xlink:href="#sSpan761" value="nmod:poss"/>
		<feat xlink:href="#sSpan763" value="aux"/>
		<feat xlink:href="#sSpan767" value="obl"/>
		<feat xlink:href="#sSpan770" value="root"/>
		<feat xlink:href="#sSpan773" value="case"/>
		<feat xlink:href="#sSpan777" value="obl"/>
		<feat xlink:href="#sSpan779" value="case"/>
		<feat xlink:href="#sSpan783" value="dislocated"/>
		<feat xlink:href="#sSpan785" value="mark"/>
		<feat xlink:href="#sSpan789" value="acl:relcl"/>
		<feat xlink:href="#sSpan791" value="case"/>
		<feat xlink:href="#sSpan795" value="obl"/>
		<feat xlink:href="#sSpan797" value="cc"/>
		<feat xlink:href="#sSpan801" value="det"/>
		<feat xlink:href="#sSpan803" value="conj"/>
		<feat xlink:href="#sSpan805" value="case"/>
		<feat xlink:href="#sSpan809" value="det"/>
		<feat xlink:href="#sSpan812" value="obl"/>
		<feat xlink:href="#sSpan814" value="cc"/>
		<feat xlink:href="#sSpan820" value="aux"/>
		<feat xlink:href="#sSpan824" value="nsubj"/>
		<feat xlink:href="#sSpan826" value="root"/>
		<feat xlink:href="#sSpan828" value="case"/>
		<feat xlink:href="#sSpan832" value="expl"/>
		<feat xlink:href="#sSpan834" value="case"/>
		<feat xlink:href="#sSpan838" value="obl"/>
		<feat xlink:href="#sSpan840" value="cop"/>
		<feat xlink:href="#sSpan844" value="mark"/>
		<feat xlink:href="#sSpan848" value="ccomp"/>
		<feat xlink:href="#sSpan850" value="mark"/>
		<feat xlink:href="#sSpan854" value="det"/>
		<feat xlink:href="#sSpan857" value="nsubj"/>
		<feat xlink:href="#sSpan860" value="csubj"/>
		<feat xlink:href="#sSpan864" value="case"/>
		<feat xlink:href="#sSpan868" value="obl"/>
		<feat xlink:href="#sSpan870" value="case"/>
		<feat xlink:href="#sSpan874" value="det"/>
		<feat xlink:href="#sSpan877" value="nmod"/>
		<feat xlink:href="#sSpan880" value="case"/>
		<feat xlink:href="#sSpan884" value="det"/>
		<feat xlink:href="#sSpan886" value="nmod"/>
		<feat xlink:href="#sSpan888" value="dislocated"/>
		<feat xlink:href="#sSpan893" value="advmod"/>
		<feat xlink:href="#sSpan897" value="dislocated"/>
		<feat xlink:href="#sSpan901" value="mark"/>
		<feat xlink:href="#sSpan905" value="acl:relcl"/>
		<feat xlink:href="#sSpan907" value="aux"/>
		<feat xlink:href="#sSpan911" value="det"/>
		<feat xlink:href="#sSpan914" value="nsubj"/>
		<feat xlink:href="#sSpan917" value="conj"/>
		<feat xlink:href="#sSpan921" value="case"/>
		<feat xlink:href="#sSpan925" value="obl"/>
		<feat xlink:href="#sSpan927" value="case"/>
		<feat xlink:href="#sSpan931" value="det"/>
		<feat xlink:href="#sSpan934" value="obl"/>
		<feat xlink:href="#sSpan937" value="mark"/>
		<feat xlink:href="#sSpan943" value="mark"/>
		<feat xlink:href="#sSpan947" value="nsubj"/>
		<feat xlink:href="#sSpan949" value="root"/>
		<feat xlink:href="#sSpan951" value="aux"/>
		<feat xlink:href="#sSpan955" value="nsubj"/>
		<feat xlink:href="#sSpan957" value="advcl"/>
		<feat xlink:href="#sSpan959" value="cc"/>
		<feat xlink:href="#sSpan963" value="aux"/>
		<feat xlink:href="#sSpan967" value="nsubj"/>
		<feat xlink:href="#sSpan969" value="advmod"/>
		<feat xlink:href="#sSpan971" value="conj"/>
		<feat xlink:href="#sSpan973" value="cc"/>
		<feat xlink:href="#sSpan977" value="mark"/>
		<feat xlink:href="#sSpan981" value="nsubj"/>
		<feat xlink:href="#sSpan983" value="conj"/>
		<feat xlink:href="#sSpan985" value="aux"/>
		<feat xlink:href="#sSpan989" value="nsubj"/>
		<feat xlink:href="#sSpan991" value="advcl"/>
		<feat xlink:href="#sSpan993" value="cc"/>
		<feat xlink:href="#sSpan997" value="aux"/>
		<feat xlink:href="#sSpan1001" value="nsubj"/>
		<feat xlink:href="#sSpan1003" value="advmod"/>
		<feat xlink:href="#sSpan1005" value="conj"/>
		<feat xlink:href="#sSpan1008" value="mark"/>
		<feat xlink:href="#sSpan1012" value="aux"/>
		<feat xlink:href="#sSpan1016" value="nsubj"/>
		<feat xlink:href="#sSpan1018" value="advcl"/>
		<feat xlink:href="#sSpan1020" value="obj"/>
		<feat xlink:href="#sSpan1022" value="cc"/>
		<feat xlink:href="#sSpan1026" value="aux"/>
		<feat xlink:href="#sSpan1030" value="nsubj"/>
		<feat xlink:href="#sSpan1032" value="conj"/>
		<feat xlink:href="#sSpan1034" value="case"/>
		<feat xlink:href="#sSpan1038" value="obl"/>
		<feat xlink:href="#sSpan1040" value="advmod"/>
		<feat xlink:href="#sSpan1044" value="punct"/>
		<feat xlink:href="#sSpan1048" value="cc"/>
		<feat xlink:href="#sSpan1054" value="root"/>
		<feat xlink:href="#sSpan1058" value="nsubj"/>
		<feat xlink:href="#sSpan1060" value="case"/>
		<feat xlink:href="#sSpan1064" value="obl"/>
		<feat xlink:href="#sSpan1066" value="mark"/>
		<feat xlink:href="#sSpan1070" value="nsubj"/>
		<feat xlink:href="#sSpan1074" value="ccomp"/>
		<feat xlink:href="#sSpan1076" value="advmod"/>
		<feat xlink:href="#sSpan1080" value="case"/>
		<feat xlink:href="#sSpan1084" value="det"/>
		<feat xlink:href="#sSpan1087" value="obl"/>
		<feat xlink:href="#sSpan1089" value="cc"/>
		<feat xlink:href="#sSpan1094" value="advmod"/>
		<feat xlink:href="#sSpan1098" value="det"/>
		<feat xlink:href="#sSpan1102" value="det"/>
		<feat xlink:href="#sSpan1105" value="dislocated"/>
		<feat xlink:href="#sSpan1107" value="nmod:unmarked"/>
		<feat xlink:href="#sSpan1111" value="nmod:poss"/>
		<feat xlink:href="#sSpan1113" value="nsubj"/>
		<feat xlink:href="#sSpan1117" value="aux"/>
		<feat xlink:href="#sSpan1119" value="conj"/>
		<feat xlink:href="#sSpan1121" value="obj"/>
		<feat xlink:href="#sSpan1123" value="dislocated"/>
		<feat xlink:href="#sSpan1129" value="mark"/>
		<feat xlink:href="#sSpan1133" value="acl:relcl"/>
		<feat xlink:href="#sSpan1135" value="aux"/>
		<feat xlink:href="#sSpan1139" value="nsubj"/>
		<feat xlink:href="#sSpan1141" value="root"/>
		<feat xlink:href="#sSpan1143" value="case"/>
		<feat xlink:href="#sSpan1147" value="det"/>
		<feat xlink:href="#sSpan1149" value="obj"/>
		<feat xlink:href="#sSpan1151" value="punct"/>
		<feat xlink:href="#sSpan1155" value="root"/>
		<feat xlink:href="#sSpan1162" value="advmod"/>
		<feat xlink:href="#sSpan1166" value="cop"/>
		<feat xlink:href="#sSpan1170" value="nsubj"/>
		<feat xlink:href="#sSpan1174" value="mark"/>
		<feat xlink:href="#sSpan1178" value="case"/>
		<feat xlink:href="#sSpan1180" value="det"/>
		<feat xlink:href="#sSpan1182" value="acl:relcl"/>
		<feat xlink:href="#sSpan1184" value="det"/>
		<feat xlink:href="#sSpan1188" value="appos"/>
		<feat xlink:href="#sSpan1190" value="mark"/>
		<feat xlink:href="#sSpan1194" value="aux"/>
		<feat xlink:href="#sSpan1196" value="nsubj"/>
		<feat xlink:href="#sSpan1198" value="acl:relcl"/>
		<feat xlink:href="#sSpan1200" value="case"/>
		<feat xlink:href="#sSpan1204" value="det"/>
		<feat xlink:href="#sSpan1206" value="obj"/>
		<feat xlink:href="#sSpan1208" value="case"/>
		<feat xlink:href="#sSpan1212" value="obl"/>
		<feat xlink:href="#sSpan1214" value="cc"/>
		<feat xlink:href="#sSpan1218" value="mark"/>
		<feat xlink:href="#sSpan1222" value="aux"/>
		<feat xlink:href="#sSpan1226" value="nsubj"/>
		<feat xlink:href="#sSpan1228" value="advcl"/>
		<feat xlink:href="#sSpan1230" value="obl:unmarked"/>
		<feat xlink:href="#sSpan1234" value="nmod:poss"/>
		<feat xlink:href="#sSpan1237" value="advmod"/>
		<feat xlink:href="#sSpan1241" value="aux"/>
		<feat xlink:href="#sSpan1245" value="nsubj"/>
		<feat xlink:href="#sSpan1247" value="parataxis"/>
		<feat xlink:href="#sSpan1249" value="case"/>
		<feat xlink:href="#sSpan1253" value="det"/>
		<feat xlink:href="#sSpan1256" value="dislocated"/>
		<feat xlink:href="#sSpan1258" value="cc"/>
		<feat xlink:href="#sSpan1262" value="aux"/>
		<feat xlink:href="#sSpan1266" value="nsubj"/>
		<feat xlink:href="#sSpan1268" value="conj"/>
		<feat xlink:href="#sSpan1270" value="case"/>
		<feat xlink:href="#sSpan1274" value="det"/>
		<feat xlink:href="#sSpan1276" value="obj"/>
		<feat xlink:href="#sSpan1278" value="mark"/>
		<feat xlink:href="#sSpan1282" value="aux"/>
		<feat xlink:href="#sSpan1284" value="nsubj"/>
		<feat xlink:href="#sSpan1286" value="acl:relcl"/>
		<feat xlink:href="#sSpan1288" value="obj"/>
		<feat xlink:href="#sSpan1290" value="case"/>
		<feat xlink:href="#sSpan1294" value="obl"/>
		<feat xlink:href="#sSpan1296" value="cc"/>
		<feat xlink:href="#sSpan1302" value="root"/>
		<feat xlink:href="#sSpan1306" value="advmod"/>
		<feat xlink:href="#sSpan1310" value="case"/>
		<feat xlink:href="#sSpan1314" value="det"/>
		<feat xlink:href="#sSpan1316" value="nmod"/>
		<feat xlink:href="#sSpan1318" value="cop"/>
		<feat xlink:href="#sSpan1322" value="nsubj"/>
		<feat xlink:href="#sSpan1326" value="mark"/>
		<feat xlink:href="#sSpan1330" value="aux"/>
		<feat xlink:href="#sSpan1332" value="nsubj"/>
		<feat xlink:href="#sSpan1334" value="acl:relcl"/>
		<feat xlink:href="#sSpan1336" value="obj"/>
		<feat xlink:href="#sSpan1338" value="case"/>
		<feat xlink:href="#sSpan1342" value="det"/>
		<feat xlink:href="#sSpan1344" value="obl"/>
		<feat xlink:href="#sSpan1346" value="case"/>
		<feat xlink:href="#sSpan1351" value="nmod"/>
		<feat xlink:href="#sSpan1353" value="appos"/>
		<feat xlink:href="#sSpan1357" value="mark"/>
		<feat xlink:href="#sSpan1361" value="nsubj"/>
		<feat xlink:href="#sSpan1363" value="advcl"/>
		<feat xlink:href="#sSpan1365" value="case"/>
		<feat xlink:href="#sSpan1369" value="det"/>
		<feat xlink:href="#sSpan1371" value="obl"/>
		<feat xlink:href="#sSpan1373" value="aux"/>
		<feat xlink:href="#sSpan1377" value="nsubj"/>
		<feat xlink:href="#sSpan1379" value="acl:relcl"/>
		<feat xlink:href="#sSpan1381" value="obj"/>
		<feat xlink:href="#sSpan1383" value="case"/>
		<feat xlink:href="#sSpan1387" value="nmod:poss"/>
		<feat xlink:href="#sSpan1389" value="obl"/>
		<feat xlink:href="#sSpan1391" value="cc"/>
		<feat xlink:href="#sSpan1397" value="root"/>
		<feat xlink:href="#sSpan1401" value="nsubj"/>
		<feat xlink:href="#sSpan1403" value="case"/>
		<feat xlink:href="#sSpan1407" value="obl"/>
		<feat xlink:href="#sSpan1410" value="cc"/>
		<feat xlink:href="#sSpan1414" value="det"/>
		<feat xlink:href="#sSpan1419" value="conj"/>
		<feat xlink:href="#sSpan1421" value="cop"/>
		<feat xlink:href="#sSpan1426" value="advmod"/>
		<feat xlink:href="#sSpan1430" value="aux"/>
		<feat xlink:href="#sSpan1434" value="det"/>
		<feat xlink:href="#sSpan1436" value="nsubj"/>
		<feat xlink:href="#sSpan1438" value="advcl"/>
		<feat xlink:href="#sSpan1442" value="cc"/>
		<feat xlink:href="#sSpan1446" value="det"/>
		<feat xlink:href="#sSpan1451" value="conj"/>
		<feat xlink:href="#sSpan1453" value="case"/>
		<feat xlink:href="#sSpan1457" value="det"/>
		<feat xlink:href="#sSpan1459" value="obl"/>
		<feat xlink:href="#sSpan1461" value="obl:unmarked"/>
		<feat xlink:href="#sSpan1465" value="nmod:poss"/>
		<feat xlink:href="#sSpan1467" value="aux"/>
		<feat xlink:href="#sSpan1471" value="nsubj"/>
		<feat xlink:href="#sSpan1474" value="parataxis"/>
		<feat xlink:href="#sSpan1478" value="punct"/>
		<feat xlink:href="#sSpan1482" value="cc"/>
		<feat xlink:href="#sSpan1488" value="det"/>
		<feat xlink:href="#sSpan1492" value="det"/>
		<feat xlink:href="#sSpan1494" value="root"/>
		<feat xlink:href="#sSpan1496" value="cop"/>
		<feat xlink:href="#sSpan1500" value="nsubj"/>
		<feat xlink:href="#sSpan1504" value="mark"/>
		<feat xlink:href="#sSpan1508" value="aux"/>
		<feat xlink:href="#sSpan1510" value="nsubj"/>
		<feat xlink:href="#sSpan1512" value="acl:relcl"/>
		<feat xlink:href="#sSpan1514" value="obj"/>
		<feat xlink:href="#sSpan1516" value="case"/>
		<feat xlink:href="#sSpan1520" value="det"/>
		<feat xlink:href="#sSpan1522" value="obl"/>
		<feat xlink:href="#sSpan1524" value="parataxis"/>
		<feat xlink:href="#sSpan1528" value="cop"/>
		<feat xlink:href="#sSpan1532" value="nsubj"/>
		<feat xlink:href="#sSpan1536" value="mark"/>
		<feat xlink:href="#sSpan1540" value="aux"/>
		<feat xlink:href="#sSpan1542" value="nsubj"/>
		<feat xlink:href="#sSpan1544" value="acl:relcl"/>
		<feat xlink:href="#sSpan1546" value="case"/>
		<feat xlink:href="#sSpan1550" value="det"/>
		<feat xlink:href="#sSpan1552" value="obl"/>
		<feat xlink:href="#sSpan1554" value="cc"/>
		<feat xlink:href="#sSpan1560" value="det"/>
		<feat xlink:href="#sSpan1564" value="dislocated"/>
		<feat xlink:href="#sSpan1566" value="case"/>
		<feat xlink:href="#sSpan1570" value="det"/>
		<feat xlink:href="#sSpan1572" value="nmod"/>
		<feat xlink:href="#sSpan1574" value="cc"/>
		<feat xlink:href="#sSpan1578" value="det"/>
		<feat xlink:href="#sSpan1581" value="conj"/>
		<feat xlink:href="#sSpan1583" value="case"/>
		<feat xlink:href="#sSpan1587" value="det"/>
		<feat xlink:href="#sSpan1590" value="nmod"/>
		<feat xlink:href="#sSpan1594" value="cc"/>
		<feat xlink:href="#sSpan1598" value="det"/>
		<feat xlink:href="#sSpan1601" value="conj"/>
		<feat xlink:href="#sSpan1603" value="case"/>
		<feat xlink:href="#sSpan1607" value="det"/>
		<feat xlink:href="#sSpan1609" value="det"/>
		<feat xlink:href="#sSpan1611" value="nmod"/>
		<feat xlink:href="#sSpan1613" value="mark"/>
		<feat xlink:href="#sSpan1617" value="nsubj"/>
		<feat xlink:href="#sSpan1619" value="acl:relcl"/>
		<feat xlink:href="#sSpan1621" value="case"/>
		<feat xlink:href="#sSpan1625" value="obl"/>
		<feat xlink:href="#sSpan1627" value="nsubj"/>
		<feat xlink:href="#sSpan1631" value="root"/>
		<feat xlink:href="#sSpan1633" value="case"/>
		<feat xlink:href="#sSpan1637" value="det"/>
		<feat xlink:href="#sSpan1639" value="obj"/>
		<feat xlink:href="#sSpan1641" value="cc"/>
		<feat xlink:href="#sSpan1645" value="aux"/>
		<feat xlink:href="#sSpan1649" value="nsubj"/>
		<feat xlink:href="#sSpan1652" value="conj"/>
		<feat xlink:href="#sSpan1656" value="cc"/>
		<feat xlink:href="#sSpan1662" value="root"/>
		<feat xlink:href="#sSpan1666" value="obl:unmarked"/>
		<feat xlink:href="#sSpan1670" value="nmod:poss"/>
		<feat xlink:href="#sSpan1672" value="aux"/>
		<feat xlink:href="#sSpan1676" value="aux"/>
		<feat xlink:href="#sSpan1678" value="nsubj"/>
		<feat xlink:href="#sSpan1680" value="acl:relcl"/>
		<feat xlink:href="#sSpan1682" value="obj"/>
		<feat xlink:href="#sSpan1684" value="case"/>
		<feat xlink:href="#sSpan1688" value="det"/>
		<feat xlink:href="#sSpan1690" value="obl"/>
		<feat xlink:href="#sSpan1692" value="mark"/>
		<feat xlink:href="#sSpan1696" value="acl:relcl"/>
		<feat xlink:href="#sSpan1698" value="obj"/>
		<feat xlink:href="#sSpan1700" value="parataxis"/>
		<feat xlink:href="#sSpan1704" value="mark"/>
		<feat xlink:href="#sSpan1708" value="nsubj"/>
		<feat xlink:href="#sSpan1710" value="advcl"/>
		<feat xlink:href="#sSpan1712" value="case"/>
		<feat xlink:href="#sSpan1716" value="det"/>
		<feat xlink:href="#sSpan1718" value="obl"/>
		<feat xlink:href="#sSpan1720" value="aux"/>
		<feat xlink:href="#sSpan1724" value="nsubj"/>
		<feat xlink:href="#sSpan1726" value="acl:relcl"/>
		<feat xlink:href="#sSpan1728" value="obj"/>
		<feat xlink:href="#sSpan1730" value="case"/>
		<feat xlink:href="#sSpan1734" value="obl"/>
		<feat xlink:href="#sSpan1736" value="cc"/>
		<feat xlink:href="#sSpan1740" value="aux"/>
		<feat xlink:href="#sSpan1744" value="nsubj"/>
		<feat xlink:href="#sSpan1747" value="conj"/>
		<feat xlink:href="#sSpan1750" value="conj"/>
		<feat xlink:href="#sSpan1754" value="case"/>
		<feat xlink:href="#sSpan1758" value="orphan"/>
		<feat xlink:href="#sSpan1760" value="conj"/>
		<feat xlink:href="#sSpan1764" value="case"/>
		<feat xlink:href="#sSpan1768" value="orphan"/>
		<feat xlink:href="#sSpan1770" value="conj"/>
		<feat xlink:href="#sSpan1774" value="case"/>
		<feat xlink:href="#sSpan1778" value="orphan"/>
		<feat xlink:href="#sSpan1780" value="punct"/>
		<feat xlink:href="#sSpan1784" value="cc"/>
		<feat xlink:href="#sSpan1790" value="aux"/>
		<feat xlink:href="#sSpan1794" value="nsubj"/>
		<feat xlink:href="#sSpan1796" value="root"/>
		<feat xlink:href="#sSpan1798" value="case"/>
		<feat xlink:href="#sSpan1802" value="expl"/>
		<feat xlink:href="#sSpan1804" value="case"/>
		<feat xlink:href="#sSpan1808" value="obl"/>
		<feat xlink:href="#sSpan1810" value="mark"/>
		<feat xlink:href="#sSpan1815" value="mark"/>
		<feat xlink:href="#sSpan1817" value="aux"/>
		<feat xlink:href="#sSpan1821" value="nsubj"/>
		<feat xlink:href="#sSpan1823" value="ccomp"/>
		<feat xlink:href="#sSpan1825" value="det"/>
		<feat xlink:href="#sSpan1827" value="obj"/>
		<feat xlink:href="#sSpan1830" value="mark"/>
		<feat xlink:href="#sSpan1834" value="aux"/>
		<feat xlink:href="#sSpan1838" value="nsubj"/>
		<feat xlink:href="#sSpan1840" value="advcl"/>
		<feat xlink:href="#sSpan1842" value="obj"/>
		<feat xlink:href="#sSpan1844" value="case"/>
		<feat xlink:href="#sSpan1848" value="det"/>
		<feat xlink:href="#sSpan1850" value="obl"/>
		<feat xlink:href="#sSpan1852" value="cc"/>
		<feat xlink:href="#sSpan1856" value="case"/>
		<feat xlink:href="#sSpan1860" value="det"/>
		<feat xlink:href="#sSpan1862" value="conj"/>
		<feat xlink:href="#sSpan1865" value="advmod"/>
		<feat xlink:href="#sSpan1870" value="mark"/>
		<feat xlink:href="#sSpan1874" value="aux"/>
		<feat xlink:href="#sSpan1878" value="nsubj"/>
		<feat xlink:href="#sSpan1880" value="advcl"/>
		<feat xlink:href="#sSpan1882" value="obj"/>
		<feat xlink:href="#sSpan1884" value="case"/>
		<feat xlink:href="#sSpan1888" value="det"/>
		<feat xlink:href="#sSpan1891" value="obl"/>
		<feat xlink:href="#sSpan1893" value="punct"/>
		<feat xlink:href="#sSpan1898" value="root"/>
		<feat xlink:href="#sSpan1905" value="advmod"/>
		<feat xlink:href="#sSpan1909" value="parataxis"/>
		<feat xlink:href="#sSpan1913" value="nsubj"/>
		<feat xlink:href="#sSpan1917" value="mark"/>
		<feat xlink:href="#sSpan1919" value="acl:relcl"/>
		<feat xlink:href="#sSpan1921" value="mark"/>
		<feat xlink:href="#sSpan1925" value="nsubj"/>
		<feat xlink:href="#sSpan1927" value="advmod"/>
		<feat xlink:href="#sSpan1929" value="parataxis"/>
		<feat xlink:href="#sSpan1932" value="advmod"/>
		<feat xlink:href="#sSpan1937" value="cc"/>
		<feat xlink:href="#sSpan1941" value="aux"/>
		<feat xlink:href="#sSpan1945" value="nsubj"/>
		<feat xlink:href="#sSpan1947" value="conj"/>
		<feat xlink:href="#sSpan1949" value="mark"/>
		<feat xlink:href="#sSpan1953" value="nsubj"/>
		<feat xlink:href="#sSpan1955" value="advcl"/>
		<feat xlink:href="#sSpan1957" value="mark"/>
		<feat xlink:href="#sSpan1961" value="fixed"/>
		<feat xlink:href="#sSpan1966" value="mark"/>
		<feat xlink:href="#sSpan1968" value="aux"/>
		<feat xlink:href="#sSpan1972" value="nsubj"/>
		<feat xlink:href="#sSpan1974" value="advcl"/>
		<feat xlink:href="#sSpan1976" value="mark"/>
		<feat xlink:href="#sSpan1980" value="nsubj"/>
		<feat xlink:href="#sSpan1982" value="advcl"/>
		<feat xlink:href="#sSpan1984" value="punct"/>
		<feat xlink:href="#sSpan1988" value="dislocated"/>
		<feat xlink:href="#sSpan1994" value="mark"/>
		<feat xlink:href="#sSpan1996" value="acl:relcl"/>
		<feat xlink:href="#sSpan1998" value="det"/>
		<feat xlink:href="#sSpan2002" value="nsubj"/>
		<feat xlink:href="#sSpan2004" value="case"/>
		<feat xlink:href="#sSpan2008" value="obl"/>
		<feat xlink:href="#sSpan2010" value="mark"/>
		<feat xlink:href="#sSpan2014" value="acl"/>
		<feat xlink:href="#sSpan2016" value="aux"/>
		<feat xlink:href="#sSpan2020" value="nsubj"/>
		<feat xlink:href="#sSpan2022" value="root"/>
		<feat xlink:href="#sSpan2024" value="cc"/>
		<feat xlink:href="#sSpan2030" value="aux"/>
		<feat xlink:href="#sSpan2034" value="nsubj"/>
		<feat xlink:href="#sSpan2036" value="root"/>
		<feat xlink:href="#sSpan2038" value="case"/>
		<feat xlink:href="#sSpan2042" value="expl"/>
		<feat xlink:href="#sSpan2044" value="case"/>
		<feat xlink:href="#sSpan2048" value="obl"/>
		<feat xlink:href="#sSpan2050" value="advmod"/>
		<feat xlink:href="#sSpan2054" value="mark"/>
		<feat xlink:href="#sSpan2058" value="ccomp"/>
		<feat xlink:href="#sSpan2060" value="mark"/>
		<feat xlink:href="#sSpan2064" value="ccomp"/>
		<feat xlink:href="#sSpan2066" value="cop"/>
		<feat xlink:href="#sSpan2070" value="mark"/>
		<feat xlink:href="#sSpan2072" value="nsubj"/>
		<feat xlink:href="#sSpan2074" value="csubj"/>
		<feat xlink:href="#sSpan2076" value="case"/>
		<feat xlink:href="#sSpan2080" value="obl"/>
		<feat xlink:href="#sSpan2082" value="case"/>
		<feat xlink:href="#sSpan2086" value="det"/>
		<feat xlink:href="#sSpan2088" value="obl"/>
		<feat xlink:href="#sSpan2090" value="mark"/>
		<feat xlink:href="#sSpan2094" value="nsubj"/>
		<feat xlink:href="#sSpan2096" value="aux"/>
		<feat xlink:href="#sSpan2098" value="acl:relcl"/>
		<feat xlink:href="#sSpan2100" value="case"/>
		<feat xlink:href="#sSpan2104" value="obj"/>
		<feat xlink:href="#sSpan2106" value="mark"/>
		<feat xlink:href="#sSpan2110" value="nsubj"/>
		<feat xlink:href="#sSpan2112" value="aux"/>
		<feat xlink:href="#sSpan2114" value="parataxis"/>
		<feat xlink:href="#sSpan2116" value="case"/>
		<feat xlink:href="#sSpan2120" value="obl"/>
		<feat xlink:href="#sSpan2122" value="case"/>
		<feat xlink:href="#sSpan2126" value="obj"/>
		<feat xlink:href="#sSpan2128" value="cc"/>
		<feat xlink:href="#sSpan2132" value="aux"/>
		<feat xlink:href="#sSpan2136" value="nsubj"/>
		<feat xlink:href="#sSpan2138" value="conj"/>
		<feat xlink:href="#sSpan2140" value="case"/>
		<feat xlink:href="#sSpan2144" value="obl"/>
		<feat xlink:href="#sSpan2146" value="punct"/>
		<feat xlink:href="#sSpan2150" value="dislocated"/>
		<feat xlink:href="#sSpan2157" value="advmod"/>
		<feat xlink:href="#sSpan2161" value="mark"/>
		<feat xlink:href="#sSpan2165" value="acl:relcl"/>
		<feat xlink:href="#sSpan2169" value="iobj"/>
		<feat xlink:href="#sSpan2171" value="nsubj"/>
		<feat xlink:href="#sSpan2175" value="root"/>
		<feat xlink:href="#sSpan2177" value="case"/>
		<feat xlink:href="#sSpan2181" value="obl"/>
		<feat xlink:href="#sSpan2183" value="cc"/>
		<feat xlink:href="#sSpan2187" value="dislocated"/>
		<feat xlink:href="#sSpan2191" value="mark"/>
		<feat xlink:href="#sSpan2195" value="acl:relcl"/>
		<feat xlink:href="#sSpan2199" value="iobj"/>
		<feat xlink:href="#sSpan2201" value="cc"/>
		<feat xlink:href="#sSpan2205" value="conj"/>
		<feat xlink:href="#sSpan2209" value="mark"/>
		<feat xlink:href="#sSpan2213" value="case"/>
		<feat xlink:href="#sSpan2217" value="acl:relcl"/>
		<feat xlink:href="#sSpan2219" value="aux"/>
		<feat xlink:href="#sSpan2223" value="nsubj"/>
		<feat xlink:href="#sSpan2225" value="conj"/>
		<feat xlink:href="#sSpan2227" value="obj"/>
		<feat xlink:href="#sSpan2229" value="case"/>
		<feat xlink:href="#sSpan2233" value="obl"/>
		<feat xlink:href="#sSpan2235" value="punct"/>
		<feat xlink:href="#sSpan2239" value="cc"/>
		<feat xlink:href="#sSpan2245" value="aux"/>
		<feat xlink:href="#sSpan2249" value="nsubj"/>
		<feat xlink:href="#sSpan2251" value="root"/>
		<feat xlink:href="#sSpan2253" value="case"/>
		<feat xlink:href="#sSpan2257" value="expl"/>
		<feat xlink:href="#sSpan2259" value="mark"/>
		<feat xlink:href="#sSpan2263" value="det"/>
		<feat xlink:href="#sSpan2267" value="ccomp"/>
		<feat xlink:href="#sSpan2269" value="cop"/>
		<feat xlink:href="#sSpan2273" value="det"/>
		<feat xlink:href="#sSpan2278" value="nsubj"/>
		<feat xlink:href="#sSpan2281" value="case"/>
		<feat xlink:href="#sSpan2285" value="det"/>
		<feat xlink:href="#sSpan2287" value="nmod"/>
		<feat xlink:href="#sSpan2289" value="case"/>
		<feat xlink:href="#sSpan2293" value="det"/>
		<feat xlink:href="#sSpan2295" value="parataxis"/>
		<feat xlink:href="#sSpan2297" value="case"/>
		<feat xlink:href="#sSpan2301" value="det"/>
		<feat xlink:href="#sSpan2303" value="nmod"/>
		<feat xlink:href="#sSpan2305" value="mark"/>
		<feat xlink:href="#sSpan2309" value="nsubj"/>
		<feat xlink:href="#sSpan2311" value="acl:relcl"/>
		<feat xlink:href="#sSpan2313" value="case"/>
		<feat xlink:href="#sSpan2317" value="nmod:poss"/>
		<feat xlink:href="#sSpan2319" value="obj"/>
		<feat xlink:href="#sSpan2321" value="case"/>
		<feat xlink:href="#sSpan2325" value="det"/>
		<feat xlink:href="#sSpan2327" value="obl"/>
		<feat xlink:href="#sSpan2329" value="punct"/>
		<feat xlink:href="#sSpan2333" value="cc"/>
		<feat xlink:href="#sSpan2339" value="aux"/>
		<feat xlink:href="#sSpan2343" value="nsubj"/>
		<feat xlink:href="#sSpan2345" value="root"/>
		<feat xlink:href="#sSpan2347" value="cc"/>
		<feat xlink:href="#sSpan2351" value="aux"/>
		<feat xlink:href="#sSpan2355" value="nsubj"/>
		<feat xlink:href="#sSpan2357" value="conj"/>
		<feat xlink:href="#sSpan2359" value="obj"/>
		<feat xlink:href="#sSpan2361" value="case"/>
		<feat xlink:href="#sSpan2365" value="det"/>
		<feat xlink:href="#sSpan2367" value="obl"/>
		<feat xlink:href="#sSpan2369" value="cc"/>
		<feat xlink:href="#sSpan2373" value="det"/>
		<feat xlink:href="#sSpan2375" value="conj"/>
		<feat xlink:href="#sSpan2377" value="cc"/>
		<feat xlink:href="#sSpan2381" value="aux"/>
		<feat xlink:href="#sSpan2385" value="det"/>
		<feat xlink:href="#sSpan2387" value="nsubj"/>
		<feat xlink:href="#sSpan2389" value="conj"/>
		<feat xlink:href="#sSpan2393" value="cc"/>
		<feat xlink:href="#sSpan2397" value="aux"/>
		<feat xlink:href="#sSpan2401" value="nsubj"/>
		<feat xlink:href="#sSpan2403" value="conj"/>
		<feat xlink:href="#sSpan2406" value="obj"/>
		<feat xlink:href="#sSpan2410" value="advmod"/>
		<feat xlink:href="#sSpan2414" value="nsubj"/>
		<feat xlink:href="#sSpan2416" value="parataxis"/>
		<feat xlink:href="#sSpan2418" value="advmod"/>
		<feat xlink:href="#sSpan2422" value="obl:unmarked"/>
		<feat xlink:href="#sSpan2426" value="aux"/>
		<feat xlink:href="#sSpan2432" value="det"/>
		<feat xlink:href="#sSpan2434" value="nsubj"/>
		<feat xlink:href="#sSpan2436" value="nmod:unmarked"/>
		<feat xlink:href="#sSpan2440" value="nmod:poss"/>
		<feat xlink:href="#sSpan2443" value="root"/>
		<feat xlink:href="#sSpan2448" value="case"/>
		<feat xlink:href="#sSpan2452" value="orphan"/>
		<feat xlink:href="#sSpan2454" value="case"/>
		<feat xlink:href="#sSpan2458" value="det"/>
		<feat xlink:href="#sSpan2460" value="parataxis"/>
		<feat xlink:href="#sSpan2462" value="case"/>
		<feat xlink:href="#sSpan2466" value="det"/>
		<feat xlink:href="#sSpan2470" value="conj"/>
		<feat xlink:href="#sSpan2472" value="cc"/>
		<feat xlink:href="#sSpan2476" value="aux"/>
		<feat xlink:href="#sSpan2480" value="nsubj"/>
		<feat xlink:href="#sSpan2482" value="conj"/>
		<feat xlink:href="#sSpan2484" value="case"/>
		<feat xlink:href="#sSpan2488" value="dislocated"/>
		<feat xlink:href="#sSpan2490" value="mark"/>
		<feat xlink:href="#sSpan2494" value="case"/>
		<feat xlink:href="#sSpan2496" value="det"/>
		<feat xlink:href="#sSpan2498" value="acl:relcl"/>
		<feat xlink:href="#sSpan2500" value="mark"/>
		<feat xlink:href="#sSpan2507" value="advmod"/>
		<feat xlink:href="#sSpan2511" value="nsubj"/>
		<feat xlink:href="#sSpan2515" value="advcl"/>
		<feat xlink:href="#sSpan2517" value="case"/>
		<feat xlink:href="#sSpan2521" value="det"/>
		<feat xlink:href="#sSpan2523" value="dislocated"/>
		<feat xlink:href="#sSpan2525" value="obl:unmarked"/>
		<feat xlink:href="#sSpan2529" value="nmod:poss"/>
		<feat xlink:href="#sSpan2531" value="aux"/>
		<feat xlink:href="#sSpan2535" value="nsubj"/>
		<feat xlink:href="#sSpan2537" value="root"/>
		<feat xlink:href="#sSpan2539" value="case"/>
		<feat xlink:href="#sSpan2543" value="det"/>
		<feat xlink:href="#sSpan2545" value="obj"/>
		<feat xlink:href="#sSpan2547" value="mark"/>
		<feat xlink:href="#sSpan2551" value="advmod"/>
		<feat xlink:href="#sSpan2554" value="advmod"/>
		<feat xlink:href="#sSpan2558" value="aux"/>
		<feat xlink:href="#sSpan2562" value="nsubj"/>
		<feat xlink:href="#sSpan2564" value="advcl"/>
		<feat xlink:href="#sSpan2566" value="case"/>
		<feat xlink:href="#sSpan2570" value="det"/>
		<feat xlink:href="#sSpan2572" value="dislocated"/>
		<feat xlink:href="#sSpan2574" value="cc"/>
		<feat xlink:href="#sSpan2580" value="aux"/>
		<feat xlink:href="#sSpan2584" value="nsubj"/>
		<feat xlink:href="#sSpan2586" value="root"/>
		<feat xlink:href="#sSpan2588" value="case"/>
		<feat xlink:href="#sSpan2592" value="expl"/>
		<feat xlink:href="#sSpan2594" value="mark"/>
		<feat xlink:href="#sSpan2598" value="mark"/>
		<feat xlink:href="#sSpan2600" value="nsubj"/>
		<feat xlink:href="#sSpan2602" value="aux"/>
		<feat xlink:href="#sSpan2604" value="ccomp"/>
		<feat xlink:href="#sSpan2606" value="det"/>
		<feat xlink:href="#sSpan2611" value="obj"/>
		<feat xlink:href="#sSpan2614" value="case"/>
		<feat xlink:href="#sSpan2618" value="det"/>
		<feat xlink:href="#sSpan2620" value="nmod"/>
		<feat xlink:href="#sSpan2622" value="case"/>
		<feat xlink:href="#sSpan2626" value="obl"/>
		<feat xlink:href="#sSpan2628" value="cc"/>
		<feat xlink:href="#sSpan2632" value="mark"/>
		<feat xlink:href="#sSpan2636" value="nsubj"/>
		<feat xlink:href="#sSpan2638" value="aux"/>
		<feat xlink:href="#sSpan2640" value="conj"/>
		<feat xlink:href="#sSpan2642" value="obj"/>
		<feat xlink:href="#sSpan2644" value="case"/>
		<feat xlink:href="#sSpan2648" value="obl"/>
		<feat xlink:href="#sSpan2650" value="case"/>
		<feat xlink:href="#sSpan2655" value="nmod"/>
		<feat xlink:href="#sSpan2657" value="mark"/>
		<feat xlink:href="#sSpan2663" value="nsubj"/>
		<feat xlink:href="#sSpan2665" value="case"/>
		<feat xlink:href="#sSpan2667" value="det"/>
		<feat xlink:href="#sSpan2669" value="root"/>
		<feat xlink:href="#sSpan2671" value="case"/>
		<feat xlink:href="#sSpan2675" value="det"/>
		<feat xlink:href="#sSpan2677" value="nmod"/>
		<feat xlink:href="#sSpan2679" value="case"/>
		<feat xlink:href="#sSpan2683" value="nmod"/>
		<feat xlink:href="#sSpan2685" value="appos"/>
		<feat xlink:href="#sSpan2689" value="mark"/>
		<feat xlink:href="#sSpan2693" value="nsubj"/>
		<feat xlink:href="#sSpan2695" value="advcl"/>
		<feat xlink:href="#sSpan2697" value="obj"/>
		<feat xlink:href="#sSpan2699" value="case"/>
		<feat xlink:href="#sSpan2703" value="det"/>
		<feat xlink:href="#sSpan2705" value="obl"/>
		<feat xlink:href="#sSpan2707" value="mark"/>
		<feat xlink:href="#sSpan2711" value="det"/>
		<feat xlink:href="#sSpan2713" value="acl:relcl"/>
		<feat xlink:href="#sSpan2715" value="cop"/>
		<feat xlink:href="#sSpan2719" value="case"/>
		<feat xlink:href="#sSpan2723" value="det"/>
		<feat xlink:href="#sSpan2725" value="obl"/>
		<feat xlink:href="#sSpan2727" value="nmod:unmarked"/>
		<feat xlink:href="#sSpan2731" value="nmod:poss"/>
		<feat xlink:href="#sSpan2733" value="appos"/>
		<feat xlink:href="#sSpan2737" value="mark"/>
		<feat xlink:href="#sSpan2741" value="case"/>
		<feat xlink:href="#sSpan2743" value="det"/>
		<feat xlink:href="#sSpan2745" value="acl:relcl"/>
		<feat xlink:href="#sSpan2747" value="cc"/>
		<feat xlink:href="#sSpan2753" value="mark"/>
		<feat xlink:href="#sSpan2757" value="aux"/>
		<feat xlink:href="#sSpan2761" value="nsubj"/>
		<feat xlink:href="#sSpan2763" value="advcl"/>
		<feat xlink:href="#sSpan2765" value="obj"/>
		<feat xlink:href="#sSpan2767" value="aux"/>
		<feat xlink:href="#sSpan2771" value="nsubj"/>
		<feat xlink:href="#sSpan2773" value="root"/>
		<feat xlink:href="#sSpan2775" value="obj"/>
		<feat xlink:href="#sSpan2779" value="cc"/>
		<feat xlink:href="#sSpan2783" value="aux"/>
		<feat xlink:href="#sSpan2787" value="nsubj"/>
		<feat xlink:href="#sSpan2789" value="conj"/>
		<feat xlink:href="#sSpan2791" value="mark"/>
		<feat xlink:href="#sSpan2795" value="nsubj"/>
		<feat xlink:href="#sSpan2797" value="advcl"/>
		<feat xlink:href="#sSpan2799" value="case"/>
		<feat xlink:href="#sSpan2803" value="obl"/>
		<feat xlink:href="#sSpan2805" value="case"/>
		<feat xlink:href="#sSpan2809" value="det"/>
		<feat xlink:href="#sSpan2811" value="nmod"/>
		<feat xlink:href="#sSpan2813" value="nmod:unmarked"/>
		<feat xlink:href="#sSpan2817" value="nmod:poss"/>
		<feat xlink:href="#sSpan2819" value="cc"/>
		<feat xlink:href="#sSpan2823" value="aux"/>
		<feat xlink:href="#sSpan2827" value="nsubj"/>
		<feat xlink:href="#sSpan2829" value="conj"/>
		<feat xlink:href="#sSpan2831" value="case"/>
		<feat xlink:href="#sSpan2835" value="det"/>
		<feat xlink:href="#sSpan2837" value="obj"/>
		<feat xlink:href="#sSpan2839" value="case"/>
		<feat xlink:href="#sSpan2843" value="nmod"/>
		<feat xlink:href="#sSpan2846" value="mark"/>
		<feat xlink:href="#sSpan2850" value="aux"/>
		<feat xlink:href="#sSpan2854" value="nsubj"/>
		<feat xlink:href="#sSpan2857" value="advcl"/>
		<feat xlink:href="#sSpan2860" value="case"/>
		<feat xlink:href="#sSpan2864" value="det"/>
		<feat xlink:href="#sSpan2866" value="dislocated"/>
		<feat xlink:href="#sSpan2868" value="case"/>
		<feat xlink:href="#sSpan2872" value="det"/>
		<feat xlink:href="#sSpan2874" value="nmod"/>
		<feat xlink:href="#sSpan2876" value="mark"/>
		<feat xlink:href="#sSpan2880" value="xcomp"/>
		<feat xlink:href="#sSpan2882" value="case"/>
		<feat xlink:href="#sSpan2886" value="nmod:poss"/>
		<feat xlink:href="#sSpan2888" value="obl"/>
		<feat xlink:href="#sSpan2890" value="cc"/>
		<feat xlink:href="#sSpan2896" value="aux"/>
		<feat xlink:href="#sSpan2900" value="nsubj"/>
		<feat xlink:href="#sSpan2902" value="root"/>
		<feat xlink:href="#sSpan2904" value="case"/>
		<feat xlink:href="#sSpan2908" value="obl"/>
		<feat xlink:href="#sSpan2910" value="case"/>
		<feat xlink:href="#sSpan2914" value="det"/>
		<feat xlink:href="#sSpan2916" value="obj"/>
		<feat xlink:href="#sSpan2918" value="case"/>
		<feat xlink:href="#sSpan2922" value="det"/>
		<feat xlink:href="#sSpan2925" value="obl"/>
		<feat xlink:href="#sSpan2927" value="case"/>
		<feat xlink:href="#sSpan2931" value="det"/>
		<feat xlink:href="#sSpan2933" value="nmod"/>
		<feat xlink:href="#sSpan2936" value="case"/>
		<feat xlink:href="#sSpan2940" value="det"/>
		<feat xlink:href="#sSpan2944" value="obl"/>
		<feat xlink:href="#sSpan2946" value="mark"/>
		<feat xlink:href="#sSpan2950" value="aux"/>
		<feat xlink:href="#sSpan2952" value="nsubj"/>
		<feat xlink:href="#sSpan2955" value="acl:relcl"/>
		<feat xlink:href="#sSpan2958" value="case"/>
		<feat xlink:href="#sSpan2962" value="xcomp"/>
		<feat xlink:href="#sSpan2964" value="cc"/>
		<feat xlink:href="#sSpan2971" value="case"/>
		<feat xlink:href="#sSpan2976" value="obl"/>
		<feat xlink:href="#sSpan2980" value="aux"/>
		<feat xlink:href="#sSpan2984" value="nsubj"/>
		<feat xlink:href="#sSpan2986" value="root"/>
		<feat xlink:href="#sSpan2988" value="case"/>
		<feat xlink:href="#sSpan2992" value="obl"/>
		<feat xlink:href="#sSpan2994" value="advmod"/>
		<feat xlink:href="#sSpan2998" value="cop"/>
		<feat xlink:href="#sSpan3002" value="case"/>
		<feat xlink:href="#sSpan3006" value="det"/>
		<feat xlink:href="#sSpan3008" value="obl"/>
		<feat xlink:href="#sSpan3011" value="advmod"/>
		<feat xlink:href="#sSpan3015" value="aux"/>
		<feat xlink:href="#sSpan3019" value="nsubj"/>
		<feat xlink:href="#sSpan3021" value="parataxis"/>
		<feat xlink:href="#sSpan3023" value="case"/>
		<feat xlink:href="#sSpan3027" value="det"/>
		<feat xlink:href="#sSpan3030" value="obj"/>
		<feat xlink:href="#sSpan3033" value="case"/>
		<feat xlink:href="#sSpan3037" value="nmod:poss"/>
		<feat xlink:href="#sSpan3040" value="obl"/>
		<feat xlink:href="#sSpan3042" value="punct"/>
		<feat xlink:href="#sSpan3046" value="cc"/>
		<feat xlink:href="#sSpan3052" value="root"/>
		<feat xlink:href="#sSpan3056" value="nsubj"/>
		<feat xlink:href="#sSpan3058" value="case"/>
		<feat xlink:href="#sSpan3062" value="obl"/>
		<feat xlink:href="#sSpan3064" value="case"/>
		<feat xlink:href="#sSpan3068" value="det"/>
		<feat xlink:href="#sSpan3070" value="obl"/>
		<feat xlink:href="#sSpan3072" value="mark"/>
		<feat xlink:href="#sSpan3076" value="acl:relcl"/>
		<feat xlink:href="#sSpan3078" value="aux"/>
		<feat xlink:href="#sSpan3082" value="aux"/>
		<feat xlink:href="#sSpan3084" value="nsubj"/>
		<feat xlink:href="#sSpan3086" value="advcl"/>
		<feat xlink:href="#sSpan3090" value="mark"/>
		<feat xlink:href="#sSpan3094" value="aux"/>
		<feat xlink:href="#sSpan3096" value="nsubj"/>
		<feat xlink:href="#sSpan3098" value="ccomp"/>
		<feat xlink:href="#sSpan3100" value="mark"/>
		<feat xlink:href="#sSpan3104" value="obl"/>
		<feat xlink:href="#sSpan3106" value="cc"/>
		<feat xlink:href="#sSpan3112" value="aux"/>
		<feat xlink:href="#sSpan3116" value="aux"/>
		<feat xlink:href="#sSpan3118" value="nsubj"/>
		<feat xlink:href="#sSpan3120" value="advcl"/>
		<feat xlink:href="#sSpan3122" value="det"/>
		<feat xlink:href="#sSpan3124" value="obj"/>
		<feat xlink:href="#sSpan3126" value="case"/>
		<feat xlink:href="#sSpan3130" value="obl"/>
		<feat xlink:href="#sSpan3132" value="aux"/>
		<feat xlink:href="#sSpan3136" value="nsubj"/>
		<feat xlink:href="#sSpan3138" value="root"/>
		<feat xlink:href="#sSpan3140" value="obj"/>
		<feat xlink:href="#sSpan3142" value="case"/>
		<feat xlink:href="#sSpan3146" value="obl"/>
		<feat xlink:href="#sSpan3148" value="obl:unmarked"/>
		<feat xlink:href="#sSpan3152" value="nmod:poss"/>
		<feat xlink:href="#sSpan3154" value="case"/>
		<feat xlink:href="#sSpan3158" value="det"/>
		<feat xlink:href="#sSpan3160" value="obl"/>
		<feat xlink:href="#sSpan3162" value="cc"/>
		<feat xlink:href="#sSpan3166" value="aux"/>
		<feat xlink:href="#sSpan3170" value="det"/>
		<feat xlink:href="#sSpan3172" value="det"/>
		<feat xlink:href="#sSpan3174" value="nsubj"/>
		<feat xlink:href="#sSpan3176" value="case"/>
		<feat xlink:href="#sSpan3180" value="conj"/>
		<feat xlink:href="#sSpan3182" value="punct"/>
		<feat xlink:href="#sSpan3186" value="cc"/>
		<feat xlink:href="#sSpan3192" value="aux"/>
		<feat xlink:href="#sSpan3196" value="det"/>
		<feat xlink:href="#sSpan3198" value="nsubj"/>
		<feat xlink:href="#sSpan3200" value="case"/>
		<feat xlink:href="#sSpan3204" value="nmod"/>
		<feat xlink:href="#sSpan3206" value="root"/>
		<feat xlink:href="#sSpan3210" value="cc"/>
		<feat xlink:href="#sSpan3214" value="det"/>
		<feat xlink:href="#sSpan3218" value="dislocated"/>
		<feat xlink:href="#sSpan3220" value="aux"/>
		<feat xlink:href="#sSpan3224" value="nsubj"/>
		<feat xlink:href="#sSpan3226" value="conj"/>
		<feat xlink:href="#sSpan3228" value="case"/>
		<feat xlink:href="#sSpan3232" value="obj"/>
		<feat xlink:href="#sSpan3234" value="case"/>
		<feat xlink:href="#sSpan3238" value="det"/>
		<feat xlink:href="#sSpan3240" value="obl"/>
		<feat xlink:href="#sSpan3243" value="mark"/>
		<feat xlink:href="#sSpan3248" value="mark"/>
		<feat xlink:href="#sSpan3252" value="aux"/>
		<feat xlink:href="#sSpan3256" value="nsubj"/>
		<feat xlink:href="#sSpan3258" value="advcl"/>
		<feat xlink:href="#sSpan3260" value="case"/>
		<feat xlink:href="#sSpan3264" value="det"/>
		<feat xlink:href="#sSpan3266" value="dislocated"/>
		<feat xlink:href="#sSpan3268" value="punct"/>
		<feat xlink:href="#sSpan3272" value="cc"/>
		<feat xlink:href="#sSpan3278" value="dislocated"/>
		<feat xlink:href="#sSpan3282" value="aux"/>
		<feat xlink:href="#sSpan3286" value="nsubj"/>
		<feat xlink:href="#sSpan3288" value="root"/>
		<feat xlink:href="#sSpan3290" value="case"/>
		<feat xlink:href="#sSpan3294" value="obl"/>
		<feat xlink:href="#sSpan3296" value="case"/>
		<feat xlink:href="#sSpan3300" value="det"/>
		<feat xlink:href="#sSpan3302" value="obl"/>
		<feat xlink:href="#sSpan3304" value="cc"/>
		<feat xlink:href="#sSpan3308" value="aux"/>
		<feat xlink:href="#sSpan3312" value="nsubj"/>
		<feat xlink:href="#sSpan3314" value="conj"/>
		<feat xlink:href="#sSpan3316" value="case"/>
		<feat xlink:href="#sSpan3320" value="obj"/>
		<feat xlink:href="#sSpan3322" value="cc"/>
		<feat xlink:href="#sSpan3326" value="conj"/>
		<feat xlink:href="#sSpan3330" value="nsubj"/>
		<feat xlink:href="#sSpan3332" value="case"/>
		<feat xlink:href="#sSpan3336" value="obl"/>
		<feat xlink:href="#sSpan3338" value="mark"/>
		<feat xlink:href="#sSpan3342" value="det"/>
		<feat xlink:href="#sSpan3345" value="vocative"/>
		<feat xlink:href="#sSpan3349" value="nsubj"/>
		<feat xlink:href="#sSpan3354" value="ccomp"/>
		<feat xlink:href="#sSpan3358" value="case"/>
		<feat xlink:href="#sSpan3362" value="obl"/>
		<feat xlink:href="#sSpan3364" value="advmod"/>
		<feat xlink:href="#sSpan3368" value="mark"/>
		<feat xlink:href="#sSpan3372" value="nsubj"/>
		<feat xlink:href="#sSpan3374" value="aux"/>
		<feat xlink:href="#sSpan3376" value="advcl"/>
		<feat xlink:href="#sSpan3378" value="cc"/>
		<feat xlink:href="#sSpan3384" value="aux"/>
		<feat xlink:href="#sSpan3388" value="aux"/>
		<feat xlink:href="#sSpan3390" value="nsubj"/>
		<feat xlink:href="#sSpan3392" value="advcl"/>
		<feat xlink:href="#sSpan3394" value="obj"/>
		<feat xlink:href="#sSpan3396" value="aux"/>
		<feat xlink:href="#sSpan3400" value="nsubj"/>
		<feat xlink:href="#sSpan3403" value="root"/>
		<feat xlink:href="#sSpan3407" value="case"/>
		<feat xlink:href="#sSpan3411" value="det"/>
		<feat xlink:href="#sSpan3413" value="obj"/>
		<feat xlink:href="#sSpan3415" value="cc"/>
		<feat xlink:href="#sSpan3419" value="conj"/>
		<feat xlink:href="#sSpan3423" value="nsubj"/>
		<feat xlink:href="#sSpan3425" value="case"/>
		<feat xlink:href="#sSpan3429" value="det"/>
		<feat xlink:href="#sSpan3431" value="obl"/>
		<feat xlink:href="#sSpan3433" value="mark"/>
		<feat xlink:href="#sSpan3437" value="ccomp"/>
		<feat xlink:href="#sSpan3440" value="obj"/>
		<feat xlink:href="#sSpan3442" value="nmod:poss"/>
		<feat xlink:href="#sSpan3444" value="cc"/>
		<feat xlink:href="#sSpan3448" value="conj"/>
		<feat xlink:href="#sSpan3452" value="case"/>
		<feat xlink:href="#sSpan3456" value="obj"/>
		<feat xlink:href="#sSpan3458" value="nmod:poss"/>
		<feat xlink:href="#sSpan3460" value="cc"/>
		<feat xlink:href="#sSpan3464" value="aux"/>
		<feat xlink:href="#sSpan3468" value="nsubj"/>
		<feat xlink:href="#sSpan3470" value="conj"/>
		<feat xlink:href="#sSpan3472" value="case"/>
		<feat xlink:href="#sSpan3476" value="det"/>
		<feat xlink:href="#sSpan3478" value="dislocated"/>
		<feat xlink:href="#sSpan3480" value="cc"/>
		<feat xlink:href="#sSpan3484" value="aux"/>
		<feat xlink:href="#sSpan3488" value="nsubj"/>
		<feat xlink:href="#sSpan3490" value="conj"/>
		<feat xlink:href="#sSpan3492" value="case"/>
		<feat xlink:href="#sSpan3496" value="det"/>
		<feat xlink:href="#sSpan3498" value="dislocated"/>
		<feat xlink:href="#sSpan3500" value="case"/>
		<feat xlink:href="#sSpan3504" value="nmod"/>
		<feat xlink:href="#sSpan3506" value="punct"/>
		<feat xlink:href="#sSpan3510" value="cc"/>
		<feat xlink:href="#sSpan3516" value="root"/>
		<feat xlink:href="#sSpan3520" value="nsubj"/>
		<feat xlink:href="#sSpan3522" value="case"/>
		<feat xlink:href="#sSpan3526" value="obl"/>
		<feat xlink:href="#sSpan3528" value="mark"/>
		<feat xlink:href="#sSpan3532" value="case"/>
		<feat xlink:href="#sSpan3534" value="obl"/>
		<feat xlink:href="#sSpan3536" value="nsubj"/>
		<feat xlink:href="#sSpan3541" value="ccomp"/>
		<feat xlink:href="#sSpan3544" value="aux"/>
		<feat xlink:href="#sSpan3548" value="nsubj"/>
		<feat xlink:href="#sSpan3550" value="advcl"/>
		<feat xlink:href="#sSpan3554" value="case"/>
		<feat xlink:href="#sSpan3558" value="obl"/>
		<feat xlink:href="#sSpan3560" value="punct"/>
		<feat xlink:href="#sSpan3564" value="cc"/>
		<feat xlink:href="#sSpan3570" value="aux"/>
		<feat xlink:href="#sSpan3574" value="nsubj"/>
		<feat xlink:href="#sSpan3577" value="root"/>
		<feat xlink:href="#sSpan3580" value="case"/>
		<feat xlink:href="#sSpan3584" value="det"/>
		<feat xlink:href="#sSpan3586" value="obl"/>
		<feat xlink:href="#sSpan3588" value="case"/>
		<feat xlink:href="#sSpan3592" value="nmod"/>
		<feat xlink:href="#sSpan3594" value="cc"/>
		<feat xlink:href="#sSpan3598" value="aux"/>
		<feat xlink:href="#sSpan3602" value="nsubj"/>
		<feat xlink:href="#sSpan3604" value="conj"/>
		<feat xlink:href="#sSpan3606" value="case"/>
		<feat xlink:href="#sSpan3610" value="expl"/>
		<feat xlink:href="#sSpan3612" value="case"/>
		<feat xlink:href="#sSpan3616" value="nmod:poss"/>
		<feat xlink:href="#sSpan3618" value="obl"/>
		<feat xlink:href="#sSpan3620" value="mark"/>
		<feat xlink:href="#sSpan3624" value="ccomp"/>
		<feat xlink:href="#sSpan3627" value="parataxis"/>
		<feat xlink:href="#sSpan3631" value="cop"/>
		<feat xlink:href="#sSpan3635" value="det"/>
		<feat xlink:href="#sSpan3639" value="nsubj"/>
		<feat xlink:href="#sSpan3641" value="mark"/>
		<feat xlink:href="#sSpan3645" value="det"/>
		<feat xlink:href="#sSpan3647" value="dislocated"/>
		<feat xlink:href="#sSpan3649" value="cc"/>
		<feat xlink:href="#sSpan3653" value="det"/>
		<feat xlink:href="#sSpan3655" value="conj"/>
		<feat xlink:href="#sSpan3657" value="nsubj"/>
		<feat xlink:href="#sSpan3661" value="advcl"/>
		<feat xlink:href="#sSpan3663" value="case"/>
		<feat xlink:href="#sSpan3667" value="obl"/>
		<feat xlink:href="#sSpan3669" value="punct"/></featList></paula>