<?xml version='1.0' encoding='UTF-8'?><!DOCTYPE paula SYSTEM "paula_feat.dtd">
<paula version="1.1">
	<header paula_id="scriptorium.bohairic.Mark_04.mark_verse_n"/>
	<featList xmlns:xlink="http://www.w3.org/1999/xlink" type="verse_n" xml:base="scriptorium.bohairic.Mark_04.mark.xml">
		<feat xlink:href="#sSpan6" value="1"/>
		<feat xlink:href="#sSpan128" value="2"/>
		<feat xlink:href="#sSpan199" value="3"/>
		<feat xlink:href="#sSpan237" value="4"/>
		<feat xlink:href="#sSpan322" value="5"/>
		<feat xlink:href="#sSpan419" value="6"/>
		<feat xlink:href="#sSpan485" value="7"/>
		<feat xlink:href="#sSpan563" value="8"/>
		<feat xlink:href="#sSpan684" value="9"/>
		<feat xlink:href="#sSpan746" value="10"/>
		<feat xlink:href="#sSpan819" value="11"/>
		<feat xlink:href="#sSpan942" value="12"/>
		<feat xlink:href="#sSpan1053" value="13"/>
		<feat xlink:href="#sSpan1128" value="14"/>
		<feat xlink:href="#sSpan1160" value="15"/>
		<feat xlink:href="#sSpan1301" value="16"/>
		<feat xlink:href="#sSpan1396" value="17"/>
		<feat xlink:href="#sSpan1487" value="18"/>
		<feat xlink:href="#sSpan1559" value="19"/>
		<feat xlink:href="#sSpan1661" value="20"/>
		<feat xlink:href="#sSpan1789" value="21"/>
		<feat xlink:href="#sSpan1903" value="22"/>
		<feat xlink:href="#sSpan1993" value="23"/>
		<feat xlink:href="#sSpan2029" value="24"/>
		<feat xlink:href="#sSpan2155" value="25"/>
		<feat xlink:href="#sSpan2244" value="26"/>
		<feat xlink:href="#sSpan2338" value="27"/>
		<feat xlink:href="#sSpan2431" value="28"/>
		<feat xlink:href="#sSpan2505" value="29"/>
		<feat xlink:href="#sSpan2579" value="30"/>
		<feat xlink:href="#sSpan2662" value="31"/>
		<feat xlink:href="#sSpan2752" value="32"/>
		<feat xlink:href="#sSpan2895" value="33"/>
		<feat xlink:href="#sSpan2969" value="34"/>
		<feat xlink:href="#sSpan3051" value="35"/>
		<feat xlink:href="#sSpan3111" value="36"/>
		<feat xlink:href="#sSpan3191" value="37"/>
		<feat xlink:href="#sSpan3277" value="38"/>
		<feat xlink:href="#sSpan3383" value="39"/>
		<feat xlink:href="#sSpan3515" value="40"/>
		<feat xlink:href="#sSpan3569" value="41"/></featList></paula>