<?xml version='1.0' encoding='UTF-8'?><!DOCTYPE paula SYSTEM "paula_feat.dtd">
<paula version="1.1">
	<header paula_id="scriptorium.bohairic.Mark_04.mark_norm"/>
	<featList xmlns:xlink="http://www.w3.org/1999/xlink" type="norm" xml:base="scriptorium.bohairic.Mark_04.mark.xml">
		<feat xlink:href="#sSpan1" value="ⲟⲩⲟϩ"/>
		<feat xlink:href="#sSpan8" value="ⲡⲁⲗⲓⲛ"/>
		<feat xlink:href="#sSpan12" value="ⲁ"/>
		<feat xlink:href="#sSpan16" value="ϥ"/>
		<feat xlink:href="#sSpan18" value="ⲉⲣ"/>
		<feat xlink:href="#sSpan20" value="ϩⲏⲧ"/>
		<feat xlink:href="#sSpan22" value="ⲥ"/>
		<feat xlink:href="#sSpan24" value="ⲛ"/>
		<feat xlink:href="#sSpan29" value="ϯⲥⲃⲱ"/>
		<feat xlink:href="#sSpan32" value="ⲉⲥⲕⲉⲛ"/>
		<feat xlink:href="#sSpan36" value="ⲫ"/>
		<feat xlink:href="#sSpan38" value="ⲓⲟⲙ"/>
		<feat xlink:href="#sSpan40" value="ⲟⲩⲟϩ"/>
		<feat xlink:href="#sSpan44" value="ⲁ"/>
		<feat xlink:href="#sSpan48" value="ⲩ"/>
		<feat xlink:href="#sSpan50" value="ⲑⲱⲟⲩϯ"/>
		<feat xlink:href="#sSpan52" value="ⲉⲣⲟ"/>
		<feat xlink:href="#sSpan56" value="ϥ"/>
		<feat xlink:href="#sSpan58" value="ⲛϫⲉ"/>
		<feat xlink:href="#sSpan62" value="ⲟⲩ"/>
		<feat xlink:href="#sSpan64" value="ⲙⲏϣ"/>
		<feat xlink:href="#sSpan66" value="ⲉ"/>
		<feat xlink:href="#sSpan70" value="ϥ"/>
		<feat xlink:href="#sSpan72" value="ⲟϣ"/>
		<feat xlink:href="#sSpan75" value="ϩⲱⲥⲧⲉ"/>
		<feat xlink:href="#sSpan79" value="ⲛⲧⲉ"/>
		<feat xlink:href="#sSpan83" value="ϥ"/>
		<feat xlink:href="#sSpan85" value="ⲁⲗⲏⲓ"/>
		<feat xlink:href="#sSpan87" value="ⲉ"/>
		<feat xlink:href="#sSpan91" value="ⲡⲓ"/>
		<feat xlink:href="#sSpan93" value="ϫⲟⲓ"/>
		<feat xlink:href="#sSpan95" value="ⲛⲧⲉ"/>
		<feat xlink:href="#sSpan99" value="ϥ"/>
		<feat xlink:href="#sSpan101" value="ϩⲉⲙⲥⲓ"/>
		<feat xlink:href="#sSpan103" value="ϧⲉⲛ"/>
		<feat xlink:href="#sSpan107" value="ⲫ"/>
		<feat xlink:href="#sSpan109" value="ⲓⲟⲙ"/>
		<feat xlink:href="#sSpan111" value="ϩⲓ"/>
		<feat xlink:href="#sSpan115" value="ⲡⲓ"/>
		<feat xlink:href="#sSpan117" value="ⲭⲣⲟ"/>
		<feat xlink:href="#sSpan119" value="."/>
		<feat xlink:href="#sSpan123" value="ⲟⲩⲟϩ"/>
		<feat xlink:href="#sSpan129" value="ⲛⲁ"/>
		<feat xlink:href="#sSpan133" value="ϥ"/>
		<feat xlink:href="#sSpan136" value="ϯⲥⲃⲱ"/>
		<feat xlink:href="#sSpan139" value="ⲛⲱ"/>
		<feat xlink:href="#sSpan143" value="ⲟⲩ"/>
		<feat xlink:href="#sSpan145" value="ⲛ"/>
		<feat xlink:href="#sSpan149" value="ϩⲁⲛ"/>
		<feat xlink:href="#sSpan151" value="ⲙⲏϣ"/>
		<feat xlink:href="#sSpan153" value="ϧⲉⲛ"/>
		<feat xlink:href="#sSpan157" value="ϩⲁⲛ"/>
		<feat xlink:href="#sSpan160" value="ⲡⲁⲣⲁⲃⲟⲗⲏ"/>
		<feat xlink:href="#sSpan162" value="ⲟⲩⲟϩ"/>
		<feat xlink:href="#sSpan166" value="ⲛⲁ"/>
		<feat xlink:href="#sSpan170" value="ϥ"/>
		<feat xlink:href="#sSpan172" value="ϫⲱ"/>
		<feat xlink:href="#sSpan174" value="ⲙⲙⲟ"/>
		<feat xlink:href="#sSpan178" value="ⲥ"/>
		<feat xlink:href="#sSpan180" value="ⲛⲱ"/>
		<feat xlink:href="#sSpan184" value="ⲟⲩ"/>
		<feat xlink:href="#sSpan186" value="ϧⲉⲛ"/>
		<feat xlink:href="#sSpan190" value="ⲧⲉϥ"/>
		<feat xlink:href="#sSpan192" value="ⲥⲃⲱ"/>
		<feat xlink:href="#sSpan194" value="ϫⲉ"/>
		<feat xlink:href="#sSpan200" value="ⲥⲱⲧⲉⲙ"/>
		<feat xlink:href="#sSpan204" value="ϩⲏⲡⲡⲉ"/>
		<feat xlink:href="#sSpan208" value="ⲁ"/>
		<feat xlink:href="#sSpan212" value="ϥ"/>
		<feat xlink:href="#sSpan214" value="ⲓ"/>
		<feat xlink:href="#sSpan216" value="ⲛϫⲉ"/>
		<feat xlink:href="#sSpan220" value="ⲫⲏ"/>
		<feat xlink:href="#sSpan222" value="ⲉⲧ"/>
		<feat xlink:href="#sSpan226" value="ⲥⲓϯ"/>
		<feat xlink:href="#sSpan228" value="."/>
		<feat xlink:href="#sSpan232" value="ⲟⲩⲟϩ"/>
		<feat xlink:href="#sSpan238" value="ⲁ"/>
		<feat xlink:href="#sSpan242" value="ⲥ"/>
		<feat xlink:href="#sSpan244" value="ϣⲱⲡⲓ"/>
		<feat xlink:href="#sSpan246" value="ϧⲉⲛ"/>
		<feat xlink:href="#sSpan250" value="ⲡ"/>
		<feat xlink:href="#sSpan253" value="ϫⲓⲛⲑⲣⲉϥⲥⲓϯ"/>
		<feat xlink:href="#sSpan258" value="ⲟⲩⲟϩ"/>
		<feat xlink:href="#sSpan262" value="ⲟⲩⲁⲓ"/>
		<feat xlink:href="#sSpan267" value="ⲙⲉⲛ"/>
		<feat xlink:href="#sSpan271" value="ⲁ"/>
		<feat xlink:href="#sSpan275" value="ϥ"/>
		<feat xlink:href="#sSpan277" value="ϩⲉⲓ"/>
		<feat xlink:href="#sSpan279" value="ⲉⲥⲕⲉⲛ"/>
		<feat xlink:href="#sSpan283" value="ⲡⲓ"/>
		<feat xlink:href="#sSpan285" value="ⲙⲱⲓⲧ"/>
		<feat xlink:href="#sSpan287" value="ⲟⲩⲟϩ"/>
		<feat xlink:href="#sSpan291" value="ⲁ"/>
		<feat xlink:href="#sSpan295" value="ⲩ"/>
		<feat xlink:href="#sSpan297" value="ⲓ"/>
		<feat xlink:href="#sSpan299" value="ⲛϫⲉ"/>
		<feat xlink:href="#sSpan303" value="ⲛⲓ"/>
		<feat xlink:href="#sSpan305" value="ϩⲁⲗⲁϯ"/>
		<feat xlink:href="#sSpan307" value="ⲁ"/>
		<feat xlink:href="#sSpan311" value="ⲩ"/>
		<feat xlink:href="#sSpan313" value="ⲟⲩⲟⲙ"/>
		<feat xlink:href="#sSpan315" value="ϥ"/>
		<feat xlink:href="#sSpan317" value="ⲟⲩⲟϩ"/>
		<feat xlink:href="#sSpan323" value="ⲕⲉ"/>
		<feat xlink:href="#sSpan327" value="ⲟⲩⲁⲓ"/>
		<feat xlink:href="#sSpan329" value="ⲁ"/>
		<feat xlink:href="#sSpan333" value="ϥ"/>
		<feat xlink:href="#sSpan335" value="ϩⲉⲓ"/>
		<feat xlink:href="#sSpan337" value="ⲉϫⲉⲛ"/>
		<feat xlink:href="#sSpan341" value="ⲡⲓ"/>
		<feat xlink:href="#sSpan343" value="ⲙⲁ"/>
		<feat xlink:href="#sSpan345" value="ⲙ"/>
		<feat xlink:href="#sSpan350" value="ⲡⲉⲧⲣⲁ"/>
		<feat xlink:href="#sSpan352" value="ⲡⲓ"/>
		<feat xlink:href="#sSpan356" value="ⲙⲁ"/>
		<feat xlink:href="#sSpan358" value="ⲉⲧⲉ"/>
		<feat xlink:href="#sSpan362" value="ⲙⲙⲟⲛ"/>
		<feat xlink:href="#sSpan364" value="ⲙⲏϣ"/>
		<feat xlink:href="#sSpan366" value="ⲛ"/>
		<feat xlink:href="#sSpan370" value="ⲕⲁϩⲓ"/>
		<feat xlink:href="#sSpan372" value="ⲙⲙⲁⲩ"/>
		<feat xlink:href="#sSpan376" value="ⲟⲩⲟϩ"/>
		<feat xlink:href="#sSpan380" value="ⲥⲁⲧⲟⲧ"/>
		<feat xlink:href="#sSpan384" value="ϥ"/>
		<feat xlink:href="#sSpan386" value="ⲁ"/>
		<feat xlink:href="#sSpan390" value="ϥ"/>
		<feat xlink:href="#sSpan392" value="ⲣⲱⲧ"/>
		<feat xlink:href="#sSpan394" value="ⲉⲑⲃⲉ"/>
		<feat xlink:href="#sSpan398" value="ϫⲉ"/>
		<feat xlink:href="#sSpan400" value="ⲙⲙⲟⲛⲧⲉ"/>
		<feat xlink:href="#sSpan402" value="ϥ"/>
		<feat xlink:href="#sSpan404" value="ϣⲱⲕ"/>
		<feat xlink:href="#sSpan408" value="ⲛ"/>
		<feat xlink:href="#sSpan412" value="ⲕⲁϩⲓ"/>
		<feat xlink:href="#sSpan414" value="ⲟⲩⲟϩ"/>
		<feat xlink:href="#sSpan421" value="ϩⲟⲧⲉ"/>
		<feat xlink:href="#sSpan425" value="ⲉⲧ"/>
		<feat xlink:href="#sSpan429" value="ⲁ"/>
		<feat xlink:href="#sSpan431" value="ϥ"/>
		<feat xlink:href="#sSpan433" value="ϣⲁⲓ"/>
		<feat xlink:href="#sSpan435" value="ⲛϫⲉ"/>
		<feat xlink:href="#sSpan439" value="ⲫ"/>
		<feat xlink:href="#sSpan441" value="ⲣⲏ"/>
		<feat xlink:href="#sSpan443" value="ⲁ"/>
		<feat xlink:href="#sSpan447" value="ϥ"/>
		<feat xlink:href="#sSpan450" value="ⲉⲣⲕⲁⲩⲙⲁ"/>
		<feat xlink:href="#sSpan454" value="ⲟⲩⲟϩ"/>
		<feat xlink:href="#sSpan458" value="ⲉⲑⲃⲉ"/>
		<feat xlink:href="#sSpan462" value="ϫⲉ"/>
		<feat xlink:href="#sSpan464" value="ⲙⲙⲟⲛⲧⲉ"/>
		<feat xlink:href="#sSpan466" value="ϥ"/>
		<feat xlink:href="#sSpan468" value="ⲛⲟⲩⲛⲓ"/>
		<feat xlink:href="#sSpan472" value="ⲁ"/>
		<feat xlink:href="#sSpan476" value="ϥ"/>
		<feat xlink:href="#sSpan478" value="ϣⲱⲟⲩⲓ"/>
		<feat xlink:href="#sSpan480" value="ⲟⲩⲟϩ"/>
		<feat xlink:href="#sSpan486" value="ⲕⲉ"/>
		<feat xlink:href="#sSpan490" value="ⲟⲩⲁⲓ"/>
		<feat xlink:href="#sSpan492" value="ⲁ"/>
		<feat xlink:href="#sSpan496" value="ϥ"/>
		<feat xlink:href="#sSpan498" value="ϩⲉⲓ"/>
		<feat xlink:href="#sSpan500" value="ⲉϫⲉⲛ"/>
		<feat xlink:href="#sSpan504" value="ⲛⲓ"/>
		<feat xlink:href="#sSpan506" value="ⲥⲟⲩⲣⲓ"/>
		<feat xlink:href="#sSpan508" value="ⲟⲩⲟϩ"/>
		<feat xlink:href="#sSpan512" value="ⲉⲧ"/>
		<feat xlink:href="#sSpan516" value="ⲁ"/>
		<feat xlink:href="#sSpan518" value="ⲩ"/>
		<feat xlink:href="#sSpan520" value="ⲓ"/>
		<feat xlink:href="#sSpan522" value="ⲉϩⲣⲏⲓ"/>
		<feat xlink:href="#sSpan526" value="ⲛϫⲉ"/>
		<feat xlink:href="#sSpan530" value="ⲛⲓ"/>
		<feat xlink:href="#sSpan532" value="ⲥⲟⲩⲣⲓ"/>
		<feat xlink:href="#sSpan534" value="ⲁ"/>
		<feat xlink:href="#sSpan538" value="ⲩ"/>
		<feat xlink:href="#sSpan540" value="ⲟϫϩ"/>
		<feat xlink:href="#sSpan542" value="ϥ"/>
		<feat xlink:href="#sSpan544" value="ⲟⲩⲟϩ"/>
		<feat xlink:href="#sSpan548" value="ⲙⲡⲉ"/>
		<feat xlink:href="#sSpan552" value="ϥ"/>
		<feat xlink:href="#sSpan555" value="ϯⲟⲩⲧⲁϩ"/>
		<feat xlink:href="#sSpan558" value="ⲟⲩⲟϩ"/>
		<feat xlink:href="#sSpan564" value="ϩⲁⲛ"/>
		<feat xlink:href="#sSpan568" value="ⲕⲉ"/>
		<feat xlink:href="#sSpan570" value="ⲟⲩⲟⲛ"/>
		<feat xlink:href="#sSpan572" value="ⲁ"/>
		<feat xlink:href="#sSpan576" value="ⲩ"/>
		<feat xlink:href="#sSpan578" value="ϩⲉⲓ"/>
		<feat xlink:href="#sSpan580" value="ⲉϫⲉⲛ"/>
		<feat xlink:href="#sSpan584" value="ⲟⲩ"/>
		<feat xlink:href="#sSpan586" value="ⲕⲁϩⲓ"/>
		<feat xlink:href="#sSpan588" value="ⲉⲑ"/>
		<feat xlink:href="#sSpan592" value="ⲛⲁⲛⲉ"/>
		<feat xlink:href="#sSpan594" value="ϥ"/>
		<feat xlink:href="#sSpan596" value="ⲟⲩⲟϩ"/>
		<feat xlink:href="#sSpan600" value="ⲁ"/>
		<feat xlink:href="#sSpan604" value="ⲩ"/>
		<feat xlink:href="#sSpan607" value="ϯⲟⲩⲧⲁϩ"/>
		<feat xlink:href="#sSpan610" value="ⲉ"/>
		<feat xlink:href="#sSpan614" value="ϥ"/>
		<feat xlink:href="#sSpan616" value="ⲛⲏⲟⲩ"/>
		<feat xlink:href="#sSpan618" value="ⲉϩⲣⲏⲓ"/>
		<feat xlink:href="#sSpan622" value="ⲁ"/>
		<feat xlink:href="#sSpan626" value="ϥ"/>
		<feat xlink:href="#sSpan629" value="ⲉⲣⲉⲩⲑⲏⲛⲓⲛ"/>
		<feat xlink:href="#sSpan633" value="ⲟⲩⲟϩ"/>
		<feat xlink:href="#sSpan637" value="ⲟⲩⲁⲓ"/>
		<feat xlink:href="#sSpan641" value="ⲁ"/>
		<feat xlink:href="#sSpan645" value="ϥ"/>
		<feat xlink:href="#sSpan647" value="ⲉⲛ"/>
		<feat xlink:href="#sSpan649" value="ⲗ"/>
		<feat xlink:href="#sSpan651" value="ⲕⲉ"/>
		<feat xlink:href="#sSpan655" value="ⲟⲩⲁⲓ"/>
		<feat xlink:href="#sSpan657" value="ⲛ"/>
		<feat xlink:href="#sSpan661" value="ⲝ"/>
		<feat xlink:href="#sSpan663" value="ⲕⲉ"/>
		<feat xlink:href="#sSpan667" value="ⲟⲩⲁⲓ"/>
		<feat xlink:href="#sSpan669" value="ⲛ"/>
		<feat xlink:href="#sSpan673" value="ⲣ"/>
		<feat xlink:href="#sSpan675" value="."/>
		<feat xlink:href="#sSpan679" value="ⲟⲩⲟϩ"/>
		<feat xlink:href="#sSpan685" value="ⲛⲁ"/>
		<feat xlink:href="#sSpan689" value="ϥ"/>
		<feat xlink:href="#sSpan691" value="ϫⲱ"/>
		<feat xlink:href="#sSpan693" value="ⲙⲙⲟ"/>
		<feat xlink:href="#sSpan697" value="ⲥ"/>
		<feat xlink:href="#sSpan699" value="ϫⲉ"/>
		<feat xlink:href="#sSpan703" value="ⲫⲏ"/>
		<feat xlink:href="#sSpan705" value="ⲉⲧⲉ"/>
		<feat xlink:href="#sSpan709" value="ⲟⲩⲟⲛ"/>
		<feat xlink:href="#sSpan711" value="ⲟⲩ"/>
		<feat xlink:href="#sSpan715" value="ⲙⲁϣϫ"/>
		<feat xlink:href="#sSpan717" value="ⲙⲙⲟ"/>
		<feat xlink:href="#sSpan721" value="ϥ"/>
		<feat xlink:href="#sSpan723" value="ⲉ"/>
		<feat xlink:href="#sSpan727" value="ⲥⲱⲧⲉⲙ"/>
		<feat xlink:href="#sSpan729" value="ⲙⲁⲣⲉ"/>
		<feat xlink:href="#sSpan733" value="ϥ"/>
		<feat xlink:href="#sSpan735" value="ⲥⲱⲧⲉⲙ"/>
		<feat xlink:href="#sSpan737" value="."/>
		<feat xlink:href="#sSpan741" value="ⲟⲩⲟϩ"/>
		<feat xlink:href="#sSpan747" value="ⲉⲧ"/>
		<feat xlink:href="#sSpan751" value="ⲁ"/>
		<feat xlink:href="#sSpan753" value="ϥ"/>
		<feat xlink:href="#sSpan755" value="ϣⲱⲡⲓ"/>
		<feat xlink:href="#sSpan757" value="ⲙⲙⲁⲩⲁⲧ"/>
		<feat xlink:href="#sSpan761" value="ϥ"/>
		<feat xlink:href="#sSpan763" value="ⲛⲁ"/>
		<feat xlink:href="#sSpan767" value="ⲩ"/>
		<feat xlink:href="#sSpan770" value="ϯϩⲟ"/>
		<feat xlink:href="#sSpan773" value="ⲉⲣⲟ"/>
		<feat xlink:href="#sSpan777" value="ϥ"/>
		<feat xlink:href="#sSpan779" value="ⲛϫⲉ"/>
		<feat xlink:href="#sSpan783" value="ⲛⲏ"/>
		<feat xlink:href="#sSpan785" value="ⲉⲧ"/>
		<feat xlink:href="#sSpan789" value="ⲕⲱϯ"/>
		<feat xlink:href="#sSpan791" value="ⲉⲣⲟ"/>
		<feat xlink:href="#sSpan795" value="ϥ"/>
		<feat xlink:href="#sSpan797" value="ⲛⲉⲙ"/>
		<feat xlink:href="#sSpan801" value="ⲡⲓ"/>
		<feat xlink:href="#sSpan803" value="ⲓⲃ"/>
		<feat xlink:href="#sSpan805" value="ⲉⲑⲃⲉ"/>
		<feat xlink:href="#sSpan809" value="ⲛⲓ"/>
		<feat xlink:href="#sSpan812" value="ⲡⲁⲣⲁⲃⲟⲗⲏ"/>
		<feat xlink:href="#sSpan814" value="ⲟⲩⲟϩ"/>
		<feat xlink:href="#sSpan820" value="ⲛⲁ"/>
		<feat xlink:href="#sSpan824" value="ϥ"/>
		<feat xlink:href="#sSpan826" value="ϫⲱ"/>
		<feat xlink:href="#sSpan828" value="ⲙⲙⲟ"/>
		<feat xlink:href="#sSpan832" value="ⲥ"/>
		<feat xlink:href="#sSpan834" value="ⲛⲱ"/>
		<feat xlink:href="#sSpan838" value="ⲟⲩ"/>
		<feat xlink:href="#sSpan840" value="ⲡⲉ"/>
		<feat xlink:href="#sSpan844" value="ϫⲉ"/>
		<feat xlink:href="#sSpan848" value="ⲛⲑⲱⲧⲉⲛ"/>
		<feat xlink:href="#sSpan850" value="ⲉⲧⲉ"/>
		<feat xlink:href="#sSpan854" value="ⲛⲓ"/>
		<feat xlink:href="#sSpan857" value="ⲙⲩⲥⲧⲏⲣⲓⲟⲛ"/>
		<feat xlink:href="#sSpan860" value="ⲧⲟⲓ"/>
		<feat xlink:href="#sSpan864" value="ⲛⲱ"/>
		<feat xlink:href="#sSpan868" value="ⲧⲉⲛ"/>
		<feat xlink:href="#sSpan870" value="ⲛⲧⲉ"/>
		<feat xlink:href="#sSpan874" value="ϯ"/>
		<feat xlink:href="#sSpan877" value="ⲙⲉⲧⲟⲩⲣⲟ"/>
		<feat xlink:href="#sSpan880" value="ⲛⲧⲉ"/>
		<feat xlink:href="#sSpan884" value="ⲫ"/>
		<feat xlink:href="#sSpan886" value="ⲛⲟⲩϯ"/>
		<feat xlink:href="#sSpan888" value="ⲛⲏ"/>
		<feat xlink:href="#sSpan893" value="ⲇⲉ"/>
		<feat xlink:href="#sSpan897" value="ⲛⲑⲱⲟⲩ"/>
		<feat xlink:href="#sSpan901" value="ⲉⲧ"/>
		<feat xlink:href="#sSpan905" value="ⲥⲁⲃⲟⲗ"/>
		<feat xlink:href="#sSpan907" value="ϣⲁⲣⲉ"/>
		<feat xlink:href="#sSpan911" value="ⲡ"/>
		<feat xlink:href="#sSpan914" value="ⲧⲏⲣϥ"/>
		<feat xlink:href="#sSpan917" value="ϣⲱⲡⲓ"/>
		<feat xlink:href="#sSpan921" value="ⲛⲱ"/>
		<feat xlink:href="#sSpan925" value="ⲟⲩ"/>
		<feat xlink:href="#sSpan927" value="ϧⲉⲛ"/>
		<feat xlink:href="#sSpan931" value="ϩⲁⲛ"/>
		<feat xlink:href="#sSpan934" value="ⲡⲁⲣⲁⲃⲟⲗⲏ"/>
		<feat xlink:href="#sSpan937" value="ϩⲓⲛⲁ"/>
		<feat xlink:href="#sSpan943" value="ⲉ"/>
		<feat xlink:href="#sSpan947" value="ⲩ"/>
		<feat xlink:href="#sSpan949" value="ⲛⲁⲩ"/>
		<feat xlink:href="#sSpan951" value="ⲛⲧ"/>
		<feat xlink:href="#sSpan955" value="ⲟⲩ"/>
		<feat xlink:href="#sSpan957" value="ⲛⲁⲩ"/>
		<feat xlink:href="#sSpan959" value="ⲟⲩⲟϩ"/>
		<feat xlink:href="#sSpan963" value="ⲛⲧ"/>
		<feat xlink:href="#sSpan967" value="ⲟⲩ"/>
		<feat xlink:href="#sSpan969" value="ϣⲧⲉⲙ"/>
		<feat xlink:href="#sSpan971" value="ⲛⲁⲩ"/>
		<feat xlink:href="#sSpan973" value="ⲟⲩⲟϩ"/>
		<feat xlink:href="#sSpan977" value="ⲉ"/>
		<feat xlink:href="#sSpan981" value="ⲩ"/>
		<feat xlink:href="#sSpan983" value="ⲥⲱⲧⲉⲙ"/>
		<feat xlink:href="#sSpan985" value="ⲛⲧ"/>
		<feat xlink:href="#sSpan989" value="ⲟⲩ"/>
		<feat xlink:href="#sSpan991" value="ⲥⲱⲧⲉⲙ"/>
		<feat xlink:href="#sSpan993" value="ⲟⲩⲟϩ"/>
		<feat xlink:href="#sSpan997" value="ⲛⲧ"/>
		<feat xlink:href="#sSpan1001" value="ⲟⲩ"/>
		<feat xlink:href="#sSpan1003" value="ϣⲧⲉⲙ"/>
		<feat xlink:href="#sSpan1005" value="ⲕⲁϯ"/>
		<feat xlink:href="#sSpan1008" value="ⲙⲏⲡⲟⲧⲉ"/>
		<feat xlink:href="#sSpan1012" value="ⲛⲧ"/>
		<feat xlink:href="#sSpan1016" value="ⲟⲩ"/>
		<feat xlink:href="#sSpan1018" value="ⲕⲟⲧ"/>
		<feat xlink:href="#sSpan1020" value="ⲟⲩ"/>
		<feat xlink:href="#sSpan1022" value="ⲟⲩⲟϩ"/>
		<feat xlink:href="#sSpan1026" value="ⲛⲧ"/>
		<feat xlink:href="#sSpan1030" value="ⲟⲩ"/>
		<feat xlink:href="#sSpan1032" value="ⲭⲱ"/>
		<feat xlink:href="#sSpan1034" value="ⲛⲱ"/>
		<feat xlink:href="#sSpan1038" value="ⲟⲩ"/>
		<feat xlink:href="#sSpan1040" value="ⲉⲃⲟⲗ"/>
		<feat xlink:href="#sSpan1044" value="."/>
		<feat xlink:href="#sSpan1048" value="ⲟⲩⲟϩ"/>
		<feat xlink:href="#sSpan1054" value="ⲡⲉϫⲁ"/>
		<feat xlink:href="#sSpan1058" value="ϥ"/>
		<feat xlink:href="#sSpan1060" value="ⲛⲱ"/>
		<feat xlink:href="#sSpan1064" value="ⲟⲩ"/>
		<feat xlink:href="#sSpan1066" value="ϫⲉ"/>
		<feat xlink:href="#sSpan1070" value="ⲧⲉⲧⲉⲛ"/>
		<feat xlink:href="#sSpan1074" value="ⲉⲙⲓ"/>
		<feat xlink:href="#sSpan1076" value="ⲁⲛ"/>
		<feat xlink:href="#sSpan1080" value="ⲉ"/>
		<feat xlink:href="#sSpan1084" value="ⲧⲁⲓ"/>
		<feat xlink:href="#sSpan1087" value="ⲡⲁⲣⲁⲃⲟⲗⲏ"/>
		<feat xlink:href="#sSpan1089" value="ⲟⲩⲟϩ"/>
		<feat xlink:href="#sSpan1094" value="ⲡⲱⲥ"/>
		<feat xlink:href="#sSpan1098" value="ⲛⲓ"/>
		<feat xlink:href="#sSpan1102" value="ⲕⲉ"/>
		<feat xlink:href="#sSpan1105" value="ⲡⲁⲣⲁⲃⲟⲗⲏ"/>
		<feat xlink:href="#sSpan1107" value="ⲧⲏⲣ"/>
		<feat xlink:href="#sSpan1111" value="ⲟⲩ"/>
		<feat xlink:href="#sSpan1113" value="ⲧⲉⲧⲉⲛ"/>
		<feat xlink:href="#sSpan1117" value="ⲛⲁ"/>
		<feat xlink:href="#sSpan1119" value="ⲥⲟⲩⲱⲛ"/>
		<feat xlink:href="#sSpan1121" value="ⲟⲩ"/>
		<feat xlink:href="#sSpan1123" value="ⲫⲏ"/>
		<feat xlink:href="#sSpan1129" value="ⲉⲧ"/>
		<feat xlink:href="#sSpan1133" value="ⲥⲓϯ"/>
		<feat xlink:href="#sSpan1135" value="ⲁ"/>
		<feat xlink:href="#sSpan1139" value="ϥ"/>
		<feat xlink:href="#sSpan1141" value="ⲥⲓϯ"/>
		<feat xlink:href="#sSpan1143" value="ⲙ"/>
		<feat xlink:href="#sSpan1147" value="ⲡⲓ"/>
		<feat xlink:href="#sSpan1149" value="ⲥⲁϫⲓ"/>
		<feat xlink:href="#sSpan1151" value="."/>
		<feat xlink:href="#sSpan1155" value="ⲛⲁⲓ"/>
		<feat xlink:href="#sSpan1162" value="ⲇⲉ"/>
		<feat xlink:href="#sSpan1166" value="ⲛⲉ"/>
		<feat xlink:href="#sSpan1170" value="ⲛⲏ"/>
		<feat xlink:href="#sSpan1174" value="ⲉⲧ"/>
		<feat xlink:href="#sSpan1178" value="ϩⲓⲥⲕⲉⲛ"/>
		<feat xlink:href="#sSpan1180" value="ⲡⲓ"/>
		<feat xlink:href="#sSpan1182" value="ⲙⲱⲓⲧ"/>
		<feat xlink:href="#sSpan1184" value="ⲡⲓ"/>
		<feat xlink:href="#sSpan1188" value="ⲙⲁ"/>
		<feat xlink:href="#sSpan1190" value="ⲉⲧ"/>
		<feat xlink:href="#sSpan1194" value="ⲁ"/>
		<feat xlink:href="#sSpan1196" value="ⲩ"/>
		<feat xlink:href="#sSpan1198" value="ⲥⲓϯ"/>
		<feat xlink:href="#sSpan1200" value="ⲙ"/>
		<feat xlink:href="#sSpan1204" value="ⲡⲓ"/>
		<feat xlink:href="#sSpan1206" value="ⲥⲁϫⲓ"/>
		<feat xlink:href="#sSpan1208" value="ⲙⲙⲟ"/>
		<feat xlink:href="#sSpan1212" value="ϥ"/>
		<feat xlink:href="#sSpan1214" value="ⲟⲩⲟϩ"/>
		<feat xlink:href="#sSpan1218" value="ⲉϣⲱⲡ"/>
		<feat xlink:href="#sSpan1222" value="ⲛⲧ"/>
		<feat xlink:href="#sSpan1226" value="ⲟⲩ"/>
		<feat xlink:href="#sSpan1228" value="ⲥⲱⲧⲉⲙ"/>
		<feat xlink:href="#sSpan1230" value="ⲥⲁⲧⲟⲧ"/>
		<feat xlink:href="#sSpan1234" value="ϥ"/>
		<feat xlink:href="#sSpan1237" value="ⲇⲉ"/>
		<feat xlink:href="#sSpan1241" value="ϣⲁ"/>
		<feat xlink:href="#sSpan1245" value="ϥ"/>
		<feat xlink:href="#sSpan1247" value="ⲓ"/>
		<feat xlink:href="#sSpan1249" value="ⲛϫⲉ"/>
		<feat xlink:href="#sSpan1253" value="ⲡ"/>
		<feat xlink:href="#sSpan1256" value="ⲥⲁⲧⲁⲛⲁⲥ"/>
		<feat xlink:href="#sSpan1258" value="ⲟⲩⲟϩ"/>
		<feat xlink:href="#sSpan1262" value="ⲛⲧⲉ"/>
		<feat xlink:href="#sSpan1266" value="ϥ"/>
		<feat xlink:href="#sSpan1268" value="ⲱⲗⲓ"/>
		<feat xlink:href="#sSpan1270" value="ⲙ"/>
		<feat xlink:href="#sSpan1274" value="ⲡⲓ"/>
		<feat xlink:href="#sSpan1276" value="ⲥⲁϫⲓ"/>
		<feat xlink:href="#sSpan1278" value="ⲉⲧ"/>
		<feat xlink:href="#sSpan1282" value="ⲁ"/>
		<feat xlink:href="#sSpan1284" value="ⲩ"/>
		<feat xlink:href="#sSpan1286" value="ⲥⲁⲧ"/>
		<feat xlink:href="#sSpan1288" value="ϥ"/>
		<feat xlink:href="#sSpan1290" value="ⲛϧⲏⲧ"/>
		<feat xlink:href="#sSpan1294" value="ⲟⲩ"/>
		<feat xlink:href="#sSpan1296" value="ⲟⲩⲟϩ"/>
		<feat xlink:href="#sSpan1302" value="ⲛⲁⲓ"/>
		<feat xlink:href="#sSpan1306" value="ⲟⲛ"/>
		<feat xlink:href="#sSpan1310" value="ⲙ"/>
		<feat xlink:href="#sSpan1314" value="ⲡⲁⲓ"/>
		<feat xlink:href="#sSpan1316" value="ⲣⲏϯ"/>
		<feat xlink:href="#sSpan1318" value="ⲛⲉ"/>
		<feat xlink:href="#sSpan1322" value="ⲛⲏ"/>
		<feat xlink:href="#sSpan1326" value="ⲉⲧ"/>
		<feat xlink:href="#sSpan1330" value="ⲁ"/>
		<feat xlink:href="#sSpan1332" value="ⲩ"/>
		<feat xlink:href="#sSpan1334" value="ⲥⲁⲧ"/>
		<feat xlink:href="#sSpan1336" value="ⲟⲩ"/>
		<feat xlink:href="#sSpan1338" value="ϩⲓϫⲉⲛ"/>
		<feat xlink:href="#sSpan1342" value="ⲛⲓ"/>
		<feat xlink:href="#sSpan1344" value="ⲙⲁ"/>
		<feat xlink:href="#sSpan1346" value="ⲙ"/>
		<feat xlink:href="#sSpan1351" value="ⲡⲉⲧⲣⲁ"/>
		<feat xlink:href="#sSpan1353" value="ⲛⲏ"/>
		<feat xlink:href="#sSpan1357" value="ⲉⲧ"/>
		<feat xlink:href="#sSpan1361" value="ⲁⲩϣⲁⲛ"/>
		<feat xlink:href="#sSpan1363" value="ⲥⲱⲧⲉⲙ"/>
		<feat xlink:href="#sSpan1365" value="ⲉ"/>
		<feat xlink:href="#sSpan1369" value="ⲡⲓ"/>
		<feat xlink:href="#sSpan1371" value="ⲥⲁϫⲓ"/>
		<feat xlink:href="#sSpan1373" value="ϣⲁ"/>
		<feat xlink:href="#sSpan1377" value="ⲩ"/>
		<feat xlink:href="#sSpan1379" value="ϭⲓⲧ"/>
		<feat xlink:href="#sSpan1381" value="ϥ"/>
		<feat xlink:href="#sSpan1383" value="ϧⲉⲛ"/>
		<feat xlink:href="#sSpan1387" value="ⲟⲩ"/>
		<feat xlink:href="#sSpan1389" value="ⲣⲁϣⲓ"/>
		<feat xlink:href="#sSpan1391" value="ⲟⲩⲟϩ"/>
		<feat xlink:href="#sSpan1397" value="ⲙⲙⲟⲛ"/>
		<feat xlink:href="#sSpan1401" value="ⲛⲟⲩⲛⲓ"/>
		<feat xlink:href="#sSpan1403" value="ⲛϧⲏⲧ"/>
		<feat xlink:href="#sSpan1407" value="ⲟⲩ"/>
		<feat xlink:href="#sSpan1410" value="ⲁⲗⲗⲁ"/>
		<feat xlink:href="#sSpan1414" value="ϩⲁⲛ"/>
		<feat xlink:href="#sSpan1419" value="ⲡⲣⲟⲥⲟⲩⲥⲏⲟⲩ"/>
		<feat xlink:href="#sSpan1421" value="ⲛⲉ"/>
		<feat xlink:href="#sSpan1426" value="ⲓⲧⲁ"/>
		<feat xlink:href="#sSpan1430" value="ⲁⲣⲉϣⲁⲛ"/>
		<feat xlink:href="#sSpan1434" value="ⲟⲩ"/>
		<feat xlink:href="#sSpan1436" value="ϩⲟϫϩⲉϫ"/>
		<feat xlink:href="#sSpan1438" value="ϣⲱⲡⲓ"/>
		<feat xlink:href="#sSpan1442" value="ⲓⲉ"/>
		<feat xlink:href="#sSpan1446" value="ⲟⲩ"/>
		<feat xlink:href="#sSpan1451" value="ⲇⲓⲱⲅⲙⲟⲥ"/>
		<feat xlink:href="#sSpan1453" value="ⲉⲑⲃⲉ"/>
		<feat xlink:href="#sSpan1457" value="ⲡⲓ"/>
		<feat xlink:href="#sSpan1459" value="ⲥⲁϫⲓ"/>
		<feat xlink:href="#sSpan1461" value="ⲥⲁⲧⲟⲧ"/>
		<feat xlink:href="#sSpan1465" value="ⲟⲩ"/>
		<feat xlink:href="#sSpan1467" value="ϣⲁ"/>
		<feat xlink:href="#sSpan1471" value="ⲩ"/>
		<feat xlink:href="#sSpan1474" value="ⲉⲣⲥⲕⲁⲛⲇⲁⲗⲓⲍⲉⲥⲑⲉ"/>
		<feat xlink:href="#sSpan1478" value="."/>
		<feat xlink:href="#sSpan1482" value="ⲟⲩⲟϩ"/>
		<feat xlink:href="#sSpan1488" value="ϩⲁⲛ"/>
		<feat xlink:href="#sSpan1492" value="ⲕⲉ"/>
		<feat xlink:href="#sSpan1494" value="ⲟⲩⲟⲛ"/>
		<feat xlink:href="#sSpan1496" value="ⲛⲉ"/>
		<feat xlink:href="#sSpan1500" value="ⲛⲏ"/>
		<feat xlink:href="#sSpan1504" value="ⲉⲧ"/>
		<feat xlink:href="#sSpan1508" value="ⲁ"/>
		<feat xlink:href="#sSpan1510" value="ⲩ"/>
		<feat xlink:href="#sSpan1512" value="ⲥⲁⲧ"/>
		<feat xlink:href="#sSpan1514" value="ⲟⲩ"/>
		<feat xlink:href="#sSpan1516" value="ϩⲓϫⲉⲛ"/>
		<feat xlink:href="#sSpan1520" value="ⲛⲓ"/>
		<feat xlink:href="#sSpan1522" value="ⲥⲟⲩⲣⲓ"/>
		<feat xlink:href="#sSpan1524" value="ⲛⲁⲓ"/>
		<feat xlink:href="#sSpan1528" value="ⲛⲉ"/>
		<feat xlink:href="#sSpan1532" value="ⲛⲏ"/>
		<feat xlink:href="#sSpan1536" value="ⲉⲧ"/>
		<feat xlink:href="#sSpan1540" value="ⲁ"/>
		<feat xlink:href="#sSpan1542" value="ⲩ"/>
		<feat xlink:href="#sSpan1544" value="ⲥⲱⲧⲉⲙ"/>
		<feat xlink:href="#sSpan1546" value="ⲉ"/>
		<feat xlink:href="#sSpan1550" value="ⲡⲓ"/>
		<feat xlink:href="#sSpan1552" value="ⲥⲁϫⲓ"/>
		<feat xlink:href="#sSpan1554" value="ⲟⲩⲟϩ"/>
		<feat xlink:href="#sSpan1560" value="ⲡⲓ"/>
		<feat xlink:href="#sSpan1564" value="ⲣⲱⲟⲩϣ"/>
		<feat xlink:href="#sSpan1566" value="ⲛⲧⲉ"/>
		<feat xlink:href="#sSpan1570" value="ⲡⲁⲓ"/>
		<feat xlink:href="#sSpan1572" value="ⲉⲛⲉϩ"/>
		<feat xlink:href="#sSpan1574" value="ⲛⲉⲙ"/>
		<feat xlink:href="#sSpan1578" value="ϯ"/>
		<feat xlink:href="#sSpan1581" value="ⲁⲡⲁⲧⲏ"/>
		<feat xlink:href="#sSpan1583" value="ⲛⲧⲉ"/>
		<feat xlink:href="#sSpan1587" value="ϯ"/>
		<feat xlink:href="#sSpan1590" value="ⲙⲉⲧⲣⲁⲙⲁⲟ"/>
		<feat xlink:href="#sSpan1594" value="ⲛⲉⲙ"/>
		<feat xlink:href="#sSpan1598" value="ⲛⲓ"/>
		<feat xlink:href="#sSpan1601" value="ⲉⲡⲓⲑⲩⲙⲓⲁ"/>
		<feat xlink:href="#sSpan1603" value="ⲛⲧⲉ"/>
		<feat xlink:href="#sSpan1607" value="ⲛⲓ"/>
		<feat xlink:href="#sSpan1609" value="ⲕⲉ"/>
		<feat xlink:href="#sSpan1611" value="ⲥⲱϫⲡ"/>
		<feat xlink:href="#sSpan1613" value="ⲉ"/>
		<feat xlink:href="#sSpan1617" value="ⲩ"/>
		<feat xlink:href="#sSpan1619" value="ⲙⲟϣⲓ"/>
		<feat xlink:href="#sSpan1621" value="ⲛϧⲏⲧ"/>
		<feat xlink:href="#sSpan1625" value="ⲟⲩ"/>
		<feat xlink:href="#sSpan1627" value="ⲥⲉ"/>
		<feat xlink:href="#sSpan1631" value="ⲱϫϩ"/>
		<feat xlink:href="#sSpan1633" value="ⲙ"/>
		<feat xlink:href="#sSpan1637" value="ⲡⲓ"/>
		<feat xlink:href="#sSpan1639" value="ⲥⲁϫⲓ"/>
		<feat xlink:href="#sSpan1641" value="ⲟⲩⲟϩ"/>
		<feat xlink:href="#sSpan1645" value="ϣⲁ"/>
		<feat xlink:href="#sSpan1649" value="ϥ"/>
		<feat xlink:href="#sSpan1652" value="ⲉⲣⲁⲧⲟⲩⲧⲁϩ"/>
		<feat xlink:href="#sSpan1656" value="ⲟⲩⲟϩ"/>
		<feat xlink:href="#sSpan1662" value="ⲛⲏ"/>
		<feat xlink:href="#sSpan1666" value="ϩⲱ"/>
		<feat xlink:href="#sSpan1670" value="ⲟⲩ"/>
		<feat xlink:href="#sSpan1672" value="ⲉⲧ"/>
		<feat xlink:href="#sSpan1676" value="ⲁ"/>
		<feat xlink:href="#sSpan1678" value="ⲩ"/>
		<feat xlink:href="#sSpan1680" value="ⲥⲁⲧ"/>
		<feat xlink:href="#sSpan1682" value="ⲟⲩ"/>
		<feat xlink:href="#sSpan1684" value="ϩⲓϫⲉⲛ"/>
		<feat xlink:href="#sSpan1688" value="ⲡⲓ"/>
		<feat xlink:href="#sSpan1690" value="ⲕⲁϩⲓ"/>
		<feat xlink:href="#sSpan1692" value="ⲉⲑ"/>
		<feat xlink:href="#sSpan1696" value="ⲛⲁⲛⲉ"/>
		<feat xlink:href="#sSpan1698" value="ϥ"/>
		<feat xlink:href="#sSpan1700" value="ⲛⲏ"/>
		<feat xlink:href="#sSpan1704" value="ⲉⲧ"/>
		<feat xlink:href="#sSpan1708" value="ⲁⲩϣⲁⲛ"/>
		<feat xlink:href="#sSpan1710" value="ⲥⲱⲧⲉⲙ"/>
		<feat xlink:href="#sSpan1712" value="ⲉ"/>
		<feat xlink:href="#sSpan1716" value="ⲡⲓ"/>
		<feat xlink:href="#sSpan1718" value="ⲥⲁϫⲓ"/>
		<feat xlink:href="#sSpan1720" value="ϣⲁ"/>
		<feat xlink:href="#sSpan1724" value="ⲩ"/>
		<feat xlink:href="#sSpan1726" value="ϣⲟⲡ"/>
		<feat xlink:href="#sSpan1728" value="ϥ"/>
		<feat xlink:href="#sSpan1730" value="ⲉⲣⲱ"/>
		<feat xlink:href="#sSpan1734" value="ⲟⲩ"/>
		<feat xlink:href="#sSpan1736" value="ⲟⲩⲟϩ"/>
		<feat xlink:href="#sSpan1740" value="ϣⲁ"/>
		<feat xlink:href="#sSpan1744" value="ⲩ"/>
		<feat xlink:href="#sSpan1747" value="ϯⲟⲩⲧⲁϩ"/>
		<feat xlink:href="#sSpan1750" value="ⲟⲩⲁⲓ"/>
		<feat xlink:href="#sSpan1754" value="ⲛ"/>
		<feat xlink:href="#sSpan1758" value="ⲗ"/>
		<feat xlink:href="#sSpan1760" value="ⲟⲩⲁⲓ"/>
		<feat xlink:href="#sSpan1764" value="ⲛ"/>
		<feat xlink:href="#sSpan1768" value="ⲝ"/>
		<feat xlink:href="#sSpan1770" value="ⲟⲩⲁⲓ"/>
		<feat xlink:href="#sSpan1774" value="ⲛ"/>
		<feat xlink:href="#sSpan1778" value="ⲣ"/>
		<feat xlink:href="#sSpan1780" value="."/>
		<feat xlink:href="#sSpan1784" value="ⲟⲩⲟϩ"/>
		<feat xlink:href="#sSpan1790" value="ⲛⲁ"/>
		<feat xlink:href="#sSpan1794" value="ϥ"/>
		<feat xlink:href="#sSpan1796" value="ϫⲱ"/>
		<feat xlink:href="#sSpan1798" value="ⲙⲙⲟ"/>
		<feat xlink:href="#sSpan1802" value="ⲥ"/>
		<feat xlink:href="#sSpan1804" value="ⲛⲱ"/>
		<feat xlink:href="#sSpan1808" value="ⲟⲩ"/>
		<feat xlink:href="#sSpan1810" value="ϫⲉ"/>
		<feat xlink:href="#sSpan1815" value="ⲙⲏⲧⲓ"/>
		<feat xlink:href="#sSpan1817" value="ϣⲁ"/>
		<feat xlink:href="#sSpan1821" value="ⲩ"/>
		<feat xlink:href="#sSpan1823" value="ϭⲉⲣⲉ"/>
		<feat xlink:href="#sSpan1825" value="ⲟⲩ"/>
		<feat xlink:href="#sSpan1827" value="ϧⲏⲃⲥ"/>
		<feat xlink:href="#sSpan1830" value="ϩⲓⲛⲁ"/>
		<feat xlink:href="#sSpan1834" value="ⲛ"/>
		<feat xlink:href="#sSpan1838" value="ⲥⲉ"/>
		<feat xlink:href="#sSpan1840" value="ⲭⲁ"/>
		<feat xlink:href="#sSpan1842" value="ϥ"/>
		<feat xlink:href="#sSpan1844" value="ϧⲁ"/>
		<feat xlink:href="#sSpan1848" value="ⲡⲓ"/>
		<feat xlink:href="#sSpan1850" value="ⲙⲉⲛⲧ"/>
		<feat xlink:href="#sSpan1852" value="ⲓⲉ"/>
		<feat xlink:href="#sSpan1856" value="ϧⲁ"/>
		<feat xlink:href="#sSpan1860" value="ⲡⲓ"/>
		<feat xlink:href="#sSpan1862" value="ϭⲗⲟϫ"/>
		<feat xlink:href="#sSpan1865" value="ⲟⲩⲭⲓ"/>
		<feat xlink:href="#sSpan1870" value="ϩⲓⲛⲁ"/>
		<feat xlink:href="#sSpan1874" value="ⲛ"/>
		<feat xlink:href="#sSpan1878" value="ⲥⲉ"/>
		<feat xlink:href="#sSpan1880" value="ⲭⲁ"/>
		<feat xlink:href="#sSpan1882" value="ϥ"/>
		<feat xlink:href="#sSpan1884" value="ϩⲓϫⲉⲛ"/>
		<feat xlink:href="#sSpan1888" value="ϯ"/>
		<feat xlink:href="#sSpan1891" value="ⲗⲩⲭⲛⲓⲁ"/>
		<feat xlink:href="#sSpan1893" value="."/>
		<feat xlink:href="#sSpan1898" value="ⲟⲩ"/>
		<feat xlink:href="#sSpan1905" value="ⲅⲁⲣ"/>
		<feat xlink:href="#sSpan1909" value="ⲙⲙⲟⲛ"/>
		<feat xlink:href="#sSpan1913" value="ⲡ"/>
		<feat xlink:href="#sSpan1917" value="ⲉⲧ"/>
		<feat xlink:href="#sSpan1919" value="ϩⲏⲡ"/>
		<feat xlink:href="#sSpan1921" value="ⲁ"/>
		<feat xlink:href="#sSpan1925" value="ϥ"/>
		<feat xlink:href="#sSpan1927" value="ϣⲧⲉⲙ"/>
		<feat xlink:href="#sSpan1929" value="ⲟⲩⲱⲛϩ"/>
		<feat xlink:href="#sSpan1932" value="ⲉⲃⲟⲗ"/>
		<feat xlink:href="#sSpan1937" value="ⲟⲩⲇⲉ"/>
		<feat xlink:href="#sSpan1941" value="ⲙⲡⲁ"/>
		<feat xlink:href="#sSpan1945" value="ϥ"/>
		<feat xlink:href="#sSpan1947" value="ϣⲱⲡⲓ"/>
		<feat xlink:href="#sSpan1949" value="ⲉ"/>
		<feat xlink:href="#sSpan1953" value="ϥ"/>
		<feat xlink:href="#sSpan1955" value="ϩⲏⲡ"/>
		<feat xlink:href="#sSpan1957" value="ⲉⲃⲏⲗ"/>
		<feat xlink:href="#sSpan1961" value="ϫⲉ"/>
		<feat xlink:href="#sSpan1966" value="ϩⲓⲛⲁ"/>
		<feat xlink:href="#sSpan1968" value="ⲛⲧⲉ"/>
		<feat xlink:href="#sSpan1972" value="ϥ"/>
		<feat xlink:href="#sSpan1974" value="ⲓ"/>
		<feat xlink:href="#sSpan1976" value="ⲉ"/>
		<feat xlink:href="#sSpan1980" value="ϥ"/>
		<feat xlink:href="#sSpan1982" value="ⲟⲩⲱⲛϩ"/>
		<feat xlink:href="#sSpan1984" value="."/>
		<feat xlink:href="#sSpan1988" value="ⲡ"/>
		<feat xlink:href="#sSpan1994" value="ⲉⲧⲉ"/>
		<feat xlink:href="#sSpan1996" value="ⲟⲩⲟⲛ"/>
		<feat xlink:href="#sSpan1998" value="ⲟⲩ"/>
		<feat xlink:href="#sSpan2002" value="ⲙⲁϣϫ"/>
		<feat xlink:href="#sSpan2004" value="ⲙⲙⲟ"/>
		<feat xlink:href="#sSpan2008" value="ϥ"/>
		<feat xlink:href="#sSpan2010" value="ⲉ"/>
		<feat xlink:href="#sSpan2014" value="ⲥⲱⲧⲉⲙ"/>
		<feat xlink:href="#sSpan2016" value="ⲙⲁⲣⲉ"/>
		<feat xlink:href="#sSpan2020" value="ϥ"/>
		<feat xlink:href="#sSpan2022" value="ⲥⲱⲧⲉⲙ"/>
		<feat xlink:href="#sSpan2024" value="ⲟⲩⲟϩ"/>
		<feat xlink:href="#sSpan2030" value="ⲛⲁ"/>
		<feat xlink:href="#sSpan2034" value="ϥ"/>
		<feat xlink:href="#sSpan2036" value="ϫⲱ"/>
		<feat xlink:href="#sSpan2038" value="ⲙⲙⲟ"/>
		<feat xlink:href="#sSpan2042" value="ⲥ"/>
		<feat xlink:href="#sSpan2044" value="ⲛⲱ"/>
		<feat xlink:href="#sSpan2048" value="ⲟⲩ"/>
		<feat xlink:href="#sSpan2050" value="ⲟⲛ"/>
		<feat xlink:href="#sSpan2054" value="ϫⲉ"/>
		<feat xlink:href="#sSpan2058" value="ⲁⲛⲁⲩ"/>
		<feat xlink:href="#sSpan2060" value="ϫⲉ"/>
		<feat xlink:href="#sSpan2064" value="ⲟⲩ"/>
		<feat xlink:href="#sSpan2066" value="ⲡ"/>
		<feat xlink:href="#sSpan2070" value="ⲉⲧⲉ"/>
		<feat xlink:href="#sSpan2072" value="ⲧⲉⲛ"/>
		<feat xlink:href="#sSpan2074" value="ⲥⲱⲧⲉⲙ"/>
		<feat xlink:href="#sSpan2076" value="ⲉⲣⲟ"/>
		<feat xlink:href="#sSpan2080" value="ϥ"/>
		<feat xlink:href="#sSpan2082" value="ϧⲉⲛ"/>
		<feat xlink:href="#sSpan2086" value="ⲡⲓ"/>
		<feat xlink:href="#sSpan2088" value="ϣⲓ"/>
		<feat xlink:href="#sSpan2090" value="ⲉⲧⲉ"/>
		<feat xlink:href="#sSpan2094" value="ⲧⲉⲛ"/>
		<feat xlink:href="#sSpan2096" value="ⲛⲁ"/>
		<feat xlink:href="#sSpan2098" value="ϣⲓ"/>
		<feat xlink:href="#sSpan2100" value="ⲙⲙⲟ"/>
		<feat xlink:href="#sSpan2104" value="ϥ"/>
		<feat xlink:href="#sSpan2106" value="ⲉ"/>
		<feat xlink:href="#sSpan2110" value="ⲩ"/>
		<feat xlink:href="#sSpan2112" value="ⲛⲁ"/>
		<feat xlink:href="#sSpan2114" value="ϣⲓ"/>
		<feat xlink:href="#sSpan2116" value="ⲛⲱ"/>
		<feat xlink:href="#sSpan2120" value="ⲧⲉⲛ"/>
		<feat xlink:href="#sSpan2122" value="ⲙⲙⲟ"/>
		<feat xlink:href="#sSpan2126" value="ϥ"/>
		<feat xlink:href="#sSpan2128" value="ⲟⲩⲟϩ"/>
		<feat xlink:href="#sSpan2132" value="ⲛⲧ"/>
		<feat xlink:href="#sSpan2136" value="ⲟⲩ"/>
		<feat xlink:href="#sSpan2138" value="ⲧⲟⲩϩⲟ"/>
		<feat xlink:href="#sSpan2140" value="ⲛⲱ"/>
		<feat xlink:href="#sSpan2144" value="ⲧⲉⲛ"/>
		<feat xlink:href="#sSpan2146" value="."/>
		<feat xlink:href="#sSpan2150" value="ⲫⲏ"/>
		<feat xlink:href="#sSpan2157" value="ⲅⲁⲣ"/>
		<feat xlink:href="#sSpan2161" value="ⲉⲧⲉ"/>
		<feat xlink:href="#sSpan2165" value="ⲟⲩⲟⲛⲛⲧⲁ"/>
		<feat xlink:href="#sSpan2169" value="ϥ"/>
		<feat xlink:href="#sSpan2171" value="ⲉⲩⲉ"/>
		<feat xlink:href="#sSpan2175" value="ϯ"/>
		<feat xlink:href="#sSpan2177" value="ⲛⲁ"/>
		<feat xlink:href="#sSpan2181" value="ϥ"/>
		<feat xlink:href="#sSpan2183" value="ⲟⲩⲟϩ"/>
		<feat xlink:href="#sSpan2187" value="ⲫⲏ"/>
		<feat xlink:href="#sSpan2191" value="ⲉⲧⲉ"/>
		<feat xlink:href="#sSpan2195" value="ⲙⲙⲟⲛⲛⲧⲁ"/>
		<feat xlink:href="#sSpan2199" value="ϥ"/>
		<feat xlink:href="#sSpan2201" value="ⲟⲩⲟϩ"/>
		<feat xlink:href="#sSpan2205" value="ⲫⲏ"/>
		<feat xlink:href="#sSpan2209" value="ⲉⲧⲉ"/>
		<feat xlink:href="#sSpan2213" value="ⲛⲧⲟⲧ"/>
		<feat xlink:href="#sSpan2217" value="ϥ"/>
		<feat xlink:href="#sSpan2219" value="ϣⲁ"/>
		<feat xlink:href="#sSpan2223" value="ⲩ"/>
		<feat xlink:href="#sSpan2225" value="ⲟⲗ"/>
		<feat xlink:href="#sSpan2227" value="ϥ"/>
		<feat xlink:href="#sSpan2229" value="ⲛⲧⲟⲧ"/>
		<feat xlink:href="#sSpan2233" value="ϥ"/>
		<feat xlink:href="#sSpan2235" value="."/>
		<feat xlink:href="#sSpan2239" value="ⲟⲩⲟϩ"/>
		<feat xlink:href="#sSpan2245" value="ⲛⲁ"/>
		<feat xlink:href="#sSpan2249" value="ϥ"/>
		<feat xlink:href="#sSpan2251" value="ϫⲱ"/>
		<feat xlink:href="#sSpan2253" value="ⲙⲙⲟ"/>
		<feat xlink:href="#sSpan2257" value="ⲥ"/>
		<feat xlink:href="#sSpan2259" value="ϫⲉ"/>
		<feat xlink:href="#sSpan2263" value="ⲡⲁⲓ"/>
		<feat xlink:href="#sSpan2267" value="ⲣⲏϯ"/>
		<feat xlink:href="#sSpan2269" value="ⲡⲉ"/>
		<feat xlink:href="#sSpan2273" value="ϯ"/>
		<feat xlink:href="#sSpan2278" value="ⲙⲉⲧⲟⲩⲣⲟ"/>
		<feat xlink:href="#sSpan2281" value="ⲛⲧⲉ"/>
		<feat xlink:href="#sSpan2285" value="ⲫ"/>
		<feat xlink:href="#sSpan2287" value="ⲛⲟⲩϯ"/>
		<feat xlink:href="#sSpan2289" value="ⲙ"/>
		<feat xlink:href="#sSpan2293" value="ⲫ"/>
		<feat xlink:href="#sSpan2295" value="ⲣⲏϯ"/>
		<feat xlink:href="#sSpan2297" value="ⲛ"/>
		<feat xlink:href="#sSpan2301" value="ⲟⲩ"/>
		<feat xlink:href="#sSpan2303" value="ⲣⲱⲙⲓ"/>
		<feat xlink:href="#sSpan2305" value="ⲉ"/>
		<feat xlink:href="#sSpan2309" value="ϥ"/>
		<feat xlink:href="#sSpan2311" value="ϩⲓⲟⲩⲓ"/>
		<feat xlink:href="#sSpan2313" value="ⲙ"/>
		<feat xlink:href="#sSpan2317" value="ⲡⲉϥ"/>
		<feat xlink:href="#sSpan2319" value="ϫⲣⲟϫ"/>
		<feat xlink:href="#sSpan2321" value="ϩⲓϫⲉⲛ"/>
		<feat xlink:href="#sSpan2325" value="ⲡⲓ"/>
		<feat xlink:href="#sSpan2327" value="ⲕⲁϩⲓ"/>
		<feat xlink:href="#sSpan2329" value="."/>
		<feat xlink:href="#sSpan2333" value="ⲟⲩⲟϩ"/>
		<feat xlink:href="#sSpan2339" value="ⲛⲧⲉ"/>
		<feat xlink:href="#sSpan2343" value="ϥ"/>
		<feat xlink:href="#sSpan2345" value="ⲛⲕⲟⲧ"/>
		<feat xlink:href="#sSpan2347" value="ⲟⲩⲟϩ"/>
		<feat xlink:href="#sSpan2351" value="ϣⲁ"/>
		<feat xlink:href="#sSpan2355" value="ϥ"/>
		<feat xlink:href="#sSpan2357" value="ⲧⲱⲛ"/>
		<feat xlink:href="#sSpan2359" value="ϥ"/>
		<feat xlink:href="#sSpan2361" value="ⲙ"/>
		<feat xlink:href="#sSpan2365" value="ⲡⲓ"/>
		<feat xlink:href="#sSpan2367" value="ⲉϫⲱⲣϩ"/>
		<feat xlink:href="#sSpan2369" value="ⲛⲉⲙ"/>
		<feat xlink:href="#sSpan2373" value="ⲡⲓ"/>
		<feat xlink:href="#sSpan2375" value="ⲉϩⲟⲟⲩ"/>
		<feat xlink:href="#sSpan2377" value="ⲟⲩⲟϩ"/>
		<feat xlink:href="#sSpan2381" value="ϣⲁⲣⲉ"/>
		<feat xlink:href="#sSpan2385" value="ⲡⲓ"/>
		<feat xlink:href="#sSpan2387" value="ϫⲣⲟϫ"/>
		<feat xlink:href="#sSpan2389" value="ⲑⲏⲛⲓ"/>
		<feat xlink:href="#sSpan2393" value="ⲟⲩⲟϩ"/>
		<feat xlink:href="#sSpan2397" value="ϣⲁ"/>
		<feat xlink:href="#sSpan2401" value="ϥ"/>
		<feat xlink:href="#sSpan2403" value="ϣⲓⲏ"/>
		<feat xlink:href="#sSpan2406" value="ϩⲱⲥ"/>
		<feat xlink:href="#sSpan2410" value="ⲛ"/>
		<feat xlink:href="#sSpan2414" value="ϥ"/>
		<feat xlink:href="#sSpan2416" value="ⲉⲙⲓ"/>
		<feat xlink:href="#sSpan2418" value="ⲁⲛ"/>
		<feat xlink:href="#sSpan2422" value="ⲛⲑⲟϥ"/>
		<feat xlink:href="#sSpan2426" value="ϣⲁⲣⲉ"/>
		<feat xlink:href="#sSpan2432" value="ⲡⲓ"/>
		<feat xlink:href="#sSpan2434" value="ⲕⲁϩⲓ"/>
		<feat xlink:href="#sSpan2436" value="ⲙⲙⲁⲩⲁⲧ"/>
		<feat xlink:href="#sSpan2440" value="ϥ"/>
		<feat xlink:href="#sSpan2443" value="ϯⲟⲩⲧⲁϩ"/>
		<feat xlink:href="#sSpan2448" value="ⲛ"/>
		<feat xlink:href="#sSpan2452" value="ϣⲟⲣⲡ"/>
		<feat xlink:href="#sSpan2454" value="ⲛ"/>
		<feat xlink:href="#sSpan2458" value="ⲟⲩ"/>
		<feat xlink:href="#sSpan2460" value="ⲥⲓⲙ"/>
		<feat xlink:href="#sSpan2462" value="ⲓⲧⲁ"/>
		<feat xlink:href="#sSpan2466" value="ⲟⲩ"/>
		<feat xlink:href="#sSpan2470" value="ϧⲉⲙⲥ"/>
		<feat xlink:href="#sSpan2472" value="ⲓⲧⲁ"/>
		<feat xlink:href="#sSpan2476" value="ϣⲁ"/>
		<feat xlink:href="#sSpan2480" value="ϥ"/>
		<feat xlink:href="#sSpan2482" value="ⲙⲟϩ"/>
		<feat xlink:href="#sSpan2484" value="ⲛϫⲉ"/>
		<feat xlink:href="#sSpan2488" value="ⲫⲏ"/>
		<feat xlink:href="#sSpan2490" value="ⲉⲧ"/>
		<feat xlink:href="#sSpan2494" value="ϧⲉⲛ"/>
		<feat xlink:href="#sSpan2496" value="ⲡⲓ"/>
		<feat xlink:href="#sSpan2498" value="ϧⲉⲙⲥ"/>
		<feat xlink:href="#sSpan2500" value="ⲉϣⲱⲡ"/>
		<feat xlink:href="#sSpan2507" value="ⲇⲉ"/>
		<feat xlink:href="#sSpan2511" value="ⲁϥϣⲁⲛ"/>
		<feat xlink:href="#sSpan2515" value="ⲫⲟϩ"/>
		<feat xlink:href="#sSpan2517" value="ⲛϫⲉ"/>
		<feat xlink:href="#sSpan2521" value="ⲡⲓ"/>
		<feat xlink:href="#sSpan2523" value="ⲟⲩⲧⲁϩ"/>
		<feat xlink:href="#sSpan2525" value="ⲥⲁⲧⲟⲧ"/>
		<feat xlink:href="#sSpan2529" value="ϥ"/>
		<feat xlink:href="#sSpan2531" value="ϣⲁ"/>
		<feat xlink:href="#sSpan2535" value="ϥ"/>
		<feat xlink:href="#sSpan2537" value="ⲟⲩⲱⲣⲡ"/>
		<feat xlink:href="#sSpan2539" value="ⲙ"/>
		<feat xlink:href="#sSpan2543" value="ⲡⲓ"/>
		<feat xlink:href="#sSpan2545" value="ⲟⲥϧ"/>
		<feat xlink:href="#sSpan2547" value="ϫⲉ"/>
		<feat xlink:href="#sSpan2551" value="ⲟⲩⲏⲓ"/>
		<feat xlink:href="#sSpan2554" value="ⲅⲁⲣ"/>
		<feat xlink:href="#sSpan2558" value="ⲁ"/>
		<feat xlink:href="#sSpan2562" value="ϥ"/>
		<feat xlink:href="#sSpan2564" value="ⲓ"/>
		<feat xlink:href="#sSpan2566" value="ⲛϫⲉ"/>
		<feat xlink:href="#sSpan2570" value="ⲡⲓ"/>
		<feat xlink:href="#sSpan2572" value="ⲱⲥϧ"/>
		<feat xlink:href="#sSpan2574" value="ⲟⲩⲟϩ"/>
		<feat xlink:href="#sSpan2580" value="ⲛⲁ"/>
		<feat xlink:href="#sSpan2584" value="ϥ"/>
		<feat xlink:href="#sSpan2586" value="ϫⲱ"/>
		<feat xlink:href="#sSpan2588" value="ⲙⲙⲟ"/>
		<feat xlink:href="#sSpan2592" value="ⲥ"/>
		<feat xlink:href="#sSpan2594" value="ϫⲉ"/>
		<feat xlink:href="#sSpan2598" value="ⲁ"/>
		<feat xlink:href="#sSpan2600" value="ⲛ"/>
		<feat xlink:href="#sSpan2602" value="ⲛⲁ"/>
		<feat xlink:href="#sSpan2604" value="ⲧⲉⲛⲑⲱⲛ"/>
		<feat xlink:href="#sSpan2606" value="ϯ"/>
		<feat xlink:href="#sSpan2611" value="ⲙⲉⲧⲟⲩⲣⲟ"/>
		<feat xlink:href="#sSpan2614" value="ⲛⲧⲉ"/>
		<feat xlink:href="#sSpan2618" value="ⲫ"/>
		<feat xlink:href="#sSpan2620" value="ⲛⲟⲩϯ"/>
		<feat xlink:href="#sSpan2622" value="ⲉ"/>
		<feat xlink:href="#sSpan2626" value="ⲟⲩ"/>
		<feat xlink:href="#sSpan2628" value="ⲓⲉ"/>
		<feat xlink:href="#sSpan2632" value="ⲁ"/>
		<feat xlink:href="#sSpan2636" value="ⲛ"/>
		<feat xlink:href="#sSpan2638" value="ⲛⲁ"/>
		<feat xlink:href="#sSpan2640" value="ⲭⲁ"/>
		<feat xlink:href="#sSpan2642" value="ⲥ"/>
		<feat xlink:href="#sSpan2644" value="ϧⲉⲛ"/>
		<feat xlink:href="#sSpan2648" value="ⲁϣ"/>
		<feat xlink:href="#sSpan2650" value="ⲙ"/>
		<feat xlink:href="#sSpan2655" value="ⲡⲁⲣⲁⲃⲟⲗⲏ"/>
		<feat xlink:href="#sSpan2657" value="ⲁ"/>
		<feat xlink:href="#sSpan2663" value="ⲥ"/>
		<feat xlink:href="#sSpan2665" value="ⲙ"/>
		<feat xlink:href="#sSpan2667" value="ⲫ"/>
		<feat xlink:href="#sSpan2669" value="ⲣⲏϯ"/>
		<feat xlink:href="#sSpan2671" value="ⲛ"/>
		<feat xlink:href="#sSpan2675" value="ⲟⲩ"/>
		<feat xlink:href="#sSpan2677" value="ⲛⲁⲫⲣⲓ"/>
		<feat xlink:href="#sSpan2679" value="ⲛ"/>
		<feat xlink:href="#sSpan2683" value="ϣⲉⲗⲧⲁⲙ"/>
		<feat xlink:href="#sSpan2685" value="ⲑⲏ"/>
		<feat xlink:href="#sSpan2689" value="ⲉⲧ"/>
		<feat xlink:href="#sSpan2693" value="ⲁⲩϣⲁⲛ"/>
		<feat xlink:href="#sSpan2695" value="ⲥⲁⲧ"/>
		<feat xlink:href="#sSpan2697" value="ⲥ"/>
		<feat xlink:href="#sSpan2699" value="ⲉϫⲉⲛ"/>
		<feat xlink:href="#sSpan2703" value="ⲡⲓ"/>
		<feat xlink:href="#sSpan2705" value="ⲕⲁϩⲓ"/>
		<feat xlink:href="#sSpan2707" value="ⲉ"/>
		<feat xlink:href="#sSpan2711" value="ⲟⲩ"/>
		<feat xlink:href="#sSpan2713" value="ⲕⲟⲩϫⲓ"/>
		<feat xlink:href="#sSpan2715" value="ⲧⲉ"/>
		<feat xlink:href="#sSpan2719" value="ⲉ"/>
		<feat xlink:href="#sSpan2723" value="ⲛⲓ"/>
		<feat xlink:href="#sSpan2725" value="ϫⲣⲟϫ"/>
		<feat xlink:href="#sSpan2727" value="ⲧⲏⲣ"/>
		<feat xlink:href="#sSpan2731" value="ⲟⲩ"/>
		<feat xlink:href="#sSpan2733" value="ⲛⲏ"/>
		<feat xlink:href="#sSpan2737" value="ⲉⲧ"/>
		<feat xlink:href="#sSpan2741" value="ϩⲓϫⲉⲛ"/>
		<feat xlink:href="#sSpan2743" value="ⲡⲓ"/>
		<feat xlink:href="#sSpan2745" value="ⲕⲁϩⲓ"/>
		<feat xlink:href="#sSpan2747" value="ⲟⲩⲟϩ"/>
		<feat xlink:href="#sSpan2753" value="ⲉϣⲱⲡ"/>
		<feat xlink:href="#sSpan2757" value="ⲛⲧ"/>
		<feat xlink:href="#sSpan2761" value="ⲟⲩ"/>
		<feat xlink:href="#sSpan2763" value="ⲥⲁⲧ"/>
		<feat xlink:href="#sSpan2765" value="ⲥ"/>
		<feat xlink:href="#sSpan2767" value="ϣⲁ"/>
		<feat xlink:href="#sSpan2771" value="ⲥ"/>
		<feat xlink:href="#sSpan2773" value="ⲓ"/>
		<feat xlink:href="#sSpan2775" value="ⲉϩⲣⲏⲓ"/>
		<feat xlink:href="#sSpan2779" value="ⲟⲩⲟϩ"/>
		<feat xlink:href="#sSpan2783" value="ϣⲁ"/>
		<feat xlink:href="#sSpan2787" value="ⲥ"/>
		<feat xlink:href="#sSpan2789" value="ϣⲱⲡⲓ"/>
		<feat xlink:href="#sSpan2791" value="ⲉ"/>
		<feat xlink:href="#sSpan2795" value="ⲥ"/>
		<feat xlink:href="#sSpan2797" value="ⲟⲓ"/>
		<feat xlink:href="#sSpan2799" value="ⲛ"/>
		<feat xlink:href="#sSpan2803" value="ⲛⲓϣϯ"/>
		<feat xlink:href="#sSpan2805" value="ⲉ"/>
		<feat xlink:href="#sSpan2809" value="ⲛⲓ"/>
		<feat xlink:href="#sSpan2811" value="ⲟⲩⲟϯ"/>
		<feat xlink:href="#sSpan2813" value="ⲧⲏⲣ"/>
		<feat xlink:href="#sSpan2817" value="ⲟⲩ"/>
		<feat xlink:href="#sSpan2819" value="ⲟⲩⲟϩ"/>
		<feat xlink:href="#sSpan2823" value="ϣⲁ"/>
		<feat xlink:href="#sSpan2827" value="ⲥ"/>
		<feat xlink:href="#sSpan2829" value="ⲓⲣⲓ"/>
		<feat xlink:href="#sSpan2831" value="ⲛ"/>
		<feat xlink:href="#sSpan2835" value="ϩⲁⲛ"/>
		<feat xlink:href="#sSpan2837" value="ⲛⲓϣϯ"/>
		<feat xlink:href="#sSpan2839" value="ⲛ"/>
		<feat xlink:href="#sSpan2843" value="ϫⲁⲗ"/>
		<feat xlink:href="#sSpan2846" value="ϩⲱⲥⲧⲉ"/>
		<feat xlink:href="#sSpan2850" value="ⲛⲧ"/>
		<feat xlink:href="#sSpan2854" value="ⲟⲩ"/>
		<feat xlink:href="#sSpan2857" value="ϣϫⲉⲙϫⲟⲙ"/>
		<feat xlink:href="#sSpan2860" value="ⲛϫⲉ"/>
		<feat xlink:href="#sSpan2864" value="ⲛⲓ"/>
		<feat xlink:href="#sSpan2866" value="ϩⲁⲗⲁϯ"/>
		<feat xlink:href="#sSpan2868" value="ⲛⲧⲉ"/>
		<feat xlink:href="#sSpan2872" value="ⲧ"/>
		<feat xlink:href="#sSpan2874" value="ⲫⲉ"/>
		<feat xlink:href="#sSpan2876" value="ⲉ"/>
		<feat xlink:href="#sSpan2880" value="ⲟⲩⲟϩ"/>
		<feat xlink:href="#sSpan2882" value="ϧⲁ"/>
		<feat xlink:href="#sSpan2886" value="ⲧⲉⲥ"/>
		<feat xlink:href="#sSpan2888" value="ϧⲏⲓⲃⲓ"/>
		<feat xlink:href="#sSpan2890" value="ⲟⲩⲟϩ"/>
		<feat xlink:href="#sSpan2896" value="ⲛⲁ"/>
		<feat xlink:href="#sSpan2900" value="ϥ"/>
		<feat xlink:href="#sSpan2902" value="ⲥⲁϫⲓ"/>
		<feat xlink:href="#sSpan2904" value="ⲛⲉⲙⲱ"/>
		<feat xlink:href="#sSpan2908" value="ⲟⲩ"/>
		<feat xlink:href="#sSpan2910" value="ⲙ"/>
		<feat xlink:href="#sSpan2914" value="ⲡⲓ"/>
		<feat xlink:href="#sSpan2916" value="ⲥⲁϫⲓ"/>
		<feat xlink:href="#sSpan2918" value="ⲛ"/>
		<feat xlink:href="#sSpan2922" value="ϩⲁⲛ"/>
		<feat xlink:href="#sSpan2925" value="ⲡⲁⲣⲁⲃⲟⲗⲏ"/>
		<feat xlink:href="#sSpan2927" value="ⲙ"/>
		<feat xlink:href="#sSpan2931" value="ⲡⲁⲓ"/>
		<feat xlink:href="#sSpan2933" value="ⲣⲏϯ"/>
		<feat xlink:href="#sSpan2936" value="ⲕⲁⲧⲁ"/>
		<feat xlink:href="#sSpan2940" value="ⲫ"/>
		<feat xlink:href="#sSpan2944" value="ⲣⲏϯ"/>
		<feat xlink:href="#sSpan2946" value="ⲉ"/>
		<feat xlink:href="#sSpan2950" value="ⲛⲁ"/>
		<feat xlink:href="#sSpan2952" value="ⲩ"/>
		<feat xlink:href="#sSpan2955" value="ϣϫⲉⲙϫⲟⲙ"/>
		<feat xlink:href="#sSpan2958" value="ⲛ"/>
		<feat xlink:href="#sSpan2962" value="ⲥⲱⲧⲉⲙ"/>
		<feat xlink:href="#sSpan2964" value="ⲟⲩⲟϩ"/>
		<feat xlink:href="#sSpan2971" value="ⲭⲱⲣⲓⲥ"/>
		<feat xlink:href="#sSpan2976" value="ⲡⲁⲣⲁⲃⲟⲗⲏ"/>
		<feat xlink:href="#sSpan2980" value="ⲛⲁ"/>
		<feat xlink:href="#sSpan2984" value="ϥ"/>
		<feat xlink:href="#sSpan2986" value="ⲥⲁϫⲓ"/>
		<feat xlink:href="#sSpan2988" value="ⲛⲉⲙⲱ"/>
		<feat xlink:href="#sSpan2992" value="ⲟⲩ"/>
		<feat xlink:href="#sSpan2994" value="ⲁⲛ"/>
		<feat xlink:href="#sSpan2998" value="ⲡⲉ"/>
		<feat xlink:href="#sSpan3002" value="ⲥⲁ"/>
		<feat xlink:href="#sSpan3006" value="ⲡ"/>
		<feat xlink:href="#sSpan3008" value="ⲥⲁ"/>
		<feat xlink:href="#sSpan3011" value="ⲇⲉ"/>
		<feat xlink:href="#sSpan3015" value="ⲛⲁ"/>
		<feat xlink:href="#sSpan3019" value="ϥ"/>
		<feat xlink:href="#sSpan3021" value="ⲃⲱⲗ"/>
		<feat xlink:href="#sSpan3023" value="ⲙ"/>
		<feat xlink:href="#sSpan3027" value="ⲡ"/>
		<feat xlink:href="#sSpan3030" value="ⲧⲏⲣϥ"/>
		<feat xlink:href="#sSpan3033" value="ⲉ"/>
		<feat xlink:href="#sSpan3037" value="ⲛⲉϥ"/>
		<feat xlink:href="#sSpan3040" value="ⲙⲁⲑⲏⲧⲏⲥ"/>
		<feat xlink:href="#sSpan3042" value="."/>
		<feat xlink:href="#sSpan3046" value="ⲟⲩⲟϩ"/>
		<feat xlink:href="#sSpan3052" value="ⲡⲉϫⲁ"/>
		<feat xlink:href="#sSpan3056" value="ϥ"/>
		<feat xlink:href="#sSpan3058" value="ⲛⲱ"/>
		<feat xlink:href="#sSpan3062" value="ⲟⲩ"/>
		<feat xlink:href="#sSpan3064" value="ϧⲉⲛ"/>
		<feat xlink:href="#sSpan3068" value="ⲡⲓ"/>
		<feat xlink:href="#sSpan3070" value="ⲉϩⲟⲟⲩ"/>
		<feat xlink:href="#sSpan3072" value="ⲉⲧⲉ"/>
		<feat xlink:href="#sSpan3076" value="ⲙⲙⲁⲩ"/>
		<feat xlink:href="#sSpan3078" value="ⲉⲧ"/>
		<feat xlink:href="#sSpan3082" value="ⲁ"/>
		<feat xlink:href="#sSpan3084" value="ⲣⲟⲩϩⲓ"/>
		<feat xlink:href="#sSpan3086" value="ϣⲱⲡⲓ"/>
		<feat xlink:href="#sSpan3090" value="ϫⲉ"/>
		<feat xlink:href="#sSpan3094" value="ⲙⲁⲣⲉ"/>
		<feat xlink:href="#sSpan3096" value="ⲛ"/>
		<feat xlink:href="#sSpan3098" value="ⲥⲓⲛⲓ"/>
		<feat xlink:href="#sSpan3100" value="ⲉ"/>
		<feat xlink:href="#sSpan3104" value="ⲙⲏⲣ"/>
		<feat xlink:href="#sSpan3106" value="ⲟⲩⲟϩ"/>
		<feat xlink:href="#sSpan3112" value="ⲉⲧ"/>
		<feat xlink:href="#sSpan3116" value="ⲁ"/>
		<feat xlink:href="#sSpan3118" value="ⲩ"/>
		<feat xlink:href="#sSpan3120" value="ⲭⲁ"/>
		<feat xlink:href="#sSpan3122" value="ⲡⲓ"/>
		<feat xlink:href="#sSpan3124" value="ⲙⲏϣ"/>
		<feat xlink:href="#sSpan3126" value="ⲛⲥⲱ"/>
		<feat xlink:href="#sSpan3130" value="ⲟⲩ"/>
		<feat xlink:href="#sSpan3132" value="ⲁ"/>
		<feat xlink:href="#sSpan3136" value="ⲩ"/>
		<feat xlink:href="#sSpan3138" value="ⲟⲗ"/>
		<feat xlink:href="#sSpan3140" value="ϥ"/>
		<feat xlink:href="#sSpan3142" value="ⲛⲉⲙⲱ"/>
		<feat xlink:href="#sSpan3146" value="ⲟⲩ"/>
		<feat xlink:href="#sSpan3148" value="ϩⲱ"/>
		<feat xlink:href="#sSpan3152" value="ϥ"/>
		<feat xlink:href="#sSpan3154" value="ϩⲓ"/>
		<feat xlink:href="#sSpan3158" value="ⲡⲓ"/>
		<feat xlink:href="#sSpan3160" value="ϫⲟⲓ"/>
		<feat xlink:href="#sSpan3162" value="ⲟⲩⲟϩ"/>
		<feat xlink:href="#sSpan3166" value="ⲛⲁⲣⲉ"/>
		<feat xlink:href="#sSpan3170" value="ϩⲁⲛ"/>
		<feat xlink:href="#sSpan3172" value="ⲕⲉ"/>
		<feat xlink:href="#sSpan3174" value="ⲉϫⲏⲟⲩ"/>
		<feat xlink:href="#sSpan3176" value="ⲛⲉⲙⲁ"/>
		<feat xlink:href="#sSpan3180" value="ϥ"/>
		<feat xlink:href="#sSpan3182" value="."/>
		<feat xlink:href="#sSpan3186" value="ⲟⲩⲟϩ"/>
		<feat xlink:href="#sSpan3192" value="ⲁ"/>
		<feat xlink:href="#sSpan3196" value="ⲟⲩ"/>
		<feat xlink:href="#sSpan3198" value="ⲛⲓϣϯ"/>
		<feat xlink:href="#sSpan3200" value="ⲛ"/>
		<feat xlink:href="#sSpan3204" value="ⲑⲏⲟⲩ"/>
		<feat xlink:href="#sSpan3206" value="ϣⲱⲡⲓ"/>
		<feat xlink:href="#sSpan3210" value="ⲟⲩⲟϩ"/>
		<feat xlink:href="#sSpan3214" value="ⲛⲓ"/>
		<feat xlink:href="#sSpan3218" value="ϫⲟⲗ"/>
		<feat xlink:href="#sSpan3220" value="ⲛⲁ"/>
		<feat xlink:href="#sSpan3224" value="ⲩ"/>
		<feat xlink:href="#sSpan3226" value="ϩⲓⲟⲩⲓ"/>
		<feat xlink:href="#sSpan3228" value="ⲙⲙⲱ"/>
		<feat xlink:href="#sSpan3232" value="ⲟⲩ"/>
		<feat xlink:href="#sSpan3234" value="ⲉ"/>
		<feat xlink:href="#sSpan3238" value="ⲡⲓ"/>
		<feat xlink:href="#sSpan3240" value="ϫⲟⲓ"/>
		<feat xlink:href="#sSpan3243" value="ϩⲱⲥⲧⲉ"/>
		<feat xlink:href="#sSpan3248" value="ϩⲏⲇⲏ"/>
		<feat xlink:href="#sSpan3252" value="ⲛⲧⲉ"/>
		<feat xlink:href="#sSpan3256" value="ϥ"/>
		<feat xlink:href="#sSpan3258" value="ⲙⲟϩ"/>
		<feat xlink:href="#sSpan3260" value="ⲛϫⲉ"/>
		<feat xlink:href="#sSpan3264" value="ⲡⲓ"/>
		<feat xlink:href="#sSpan3266" value="ϫⲟⲓ"/>
		<feat xlink:href="#sSpan3268" value="."/>
		<feat xlink:href="#sSpan3272" value="ⲟⲩⲟϩ"/>
		<feat xlink:href="#sSpan3278" value="ⲛⲑⲟϥ"/>
		<feat xlink:href="#sSpan3282" value="ⲛⲁ"/>
		<feat xlink:href="#sSpan3286" value="ϥ"/>
		<feat xlink:href="#sSpan3288" value="ⲛⲕⲟⲧ"/>
		<feat xlink:href="#sSpan3290" value="ϩⲓ"/>
		<feat xlink:href="#sSpan3294" value="ⲫⲁϩⲟⲩ"/>
		<feat xlink:href="#sSpan3296" value="ϩⲓϫⲉⲛ"/>
		<feat xlink:href="#sSpan3300" value="ⲡⲓ"/>
		<feat xlink:href="#sSpan3302" value="ϣϣⲟⲧ"/>
		<feat xlink:href="#sSpan3304" value="ⲟⲩⲟϩ"/>
		<feat xlink:href="#sSpan3308" value="ⲁ"/>
		<feat xlink:href="#sSpan3312" value="ⲩ"/>
		<feat xlink:href="#sSpan3314" value="ⲛⲉϩⲥⲓ"/>
		<feat xlink:href="#sSpan3316" value="ⲙⲙⲟ"/>
		<feat xlink:href="#sSpan3320" value="ϥ"/>
		<feat xlink:href="#sSpan3322" value="ⲟⲩⲟϩ"/>
		<feat xlink:href="#sSpan3326" value="ⲡⲉϫⲱ"/>
		<feat xlink:href="#sSpan3330" value="ⲟⲩ"/>
		<feat xlink:href="#sSpan3332" value="ⲛⲁ"/>
		<feat xlink:href="#sSpan3336" value="ϥ"/>
		<feat xlink:href="#sSpan3338" value="ϫⲉ"/>
		<feat xlink:href="#sSpan3342" value="ⲫ"/>
		<feat xlink:href="#sSpan3345" value="ⲣⲉϥϯⲥⲃⲱ"/>
		<feat xlink:href="#sSpan3349" value="ⲥ"/>
		<feat xlink:href="#sSpan3354" value="ⲉⲣⲙⲉⲗⲓⲛ"/>
		<feat xlink:href="#sSpan3358" value="ⲛⲁ"/>
		<feat xlink:href="#sSpan3362" value="ⲕ"/>
		<feat xlink:href="#sSpan3364" value="ⲁⲛ"/>
		<feat xlink:href="#sSpan3368" value="ϫⲉ"/>
		<feat xlink:href="#sSpan3372" value="ⲧⲉⲛ"/>
		<feat xlink:href="#sSpan3374" value="ⲛⲁ"/>
		<feat xlink:href="#sSpan3376" value="ⲧⲁⲕⲟ"/>
		<feat xlink:href="#sSpan3378" value="ⲟⲩⲟϩ"/>
		<feat xlink:href="#sSpan3384" value="ⲉⲧ"/>
		<feat xlink:href="#sSpan3388" value="ⲁ"/>
		<feat xlink:href="#sSpan3390" value="ϥ"/>
		<feat xlink:href="#sSpan3392" value="ⲧⲱⲛ"/>
		<feat xlink:href="#sSpan3394" value="ϥ"/>
		<feat xlink:href="#sSpan3396" value="ⲁ"/>
		<feat xlink:href="#sSpan3400" value="ϥ"/>
		<feat xlink:href="#sSpan3403" value="ⲉⲣⲉⲡⲓⲧⲓⲙⲁⲛ"/>
		<feat xlink:href="#sSpan3407" value="ⲙ"/>
		<feat xlink:href="#sSpan3411" value="ⲡⲓ"/>
		<feat xlink:href="#sSpan3413" value="ⲑⲏⲟⲩ"/>
		<feat xlink:href="#sSpan3415" value="ⲟⲩⲟϩ"/>
		<feat xlink:href="#sSpan3419" value="ⲡⲉϫⲁ"/>
		<feat xlink:href="#sSpan3423" value="ϥ"/>
		<feat xlink:href="#sSpan3425" value="ⲙ"/>
		<feat xlink:href="#sSpan3429" value="ⲫ"/>
		<feat xlink:href="#sSpan3431" value="ⲓⲟⲙ"/>
		<feat xlink:href="#sSpan3433" value="ϫⲉ"/>
		<feat xlink:href="#sSpan3437" value="ⲭⲁ"/>
		<feat xlink:href="#sSpan3440" value="ⲣⲱ"/>
		<feat xlink:href="#sSpan3442" value="ⲕ"/>
		<feat xlink:href="#sSpan3444" value="ⲟⲩⲟϩ"/>
		<feat xlink:href="#sSpan3448" value="ⲑⲱⲙ"/>
		<feat xlink:href="#sSpan3452" value="ⲛ"/>
		<feat xlink:href="#sSpan3456" value="ⲣⲱ"/>
		<feat xlink:href="#sSpan3458" value="ⲕ"/>
		<feat xlink:href="#sSpan3460" value="ⲟⲩⲟϩ"/>
		<feat xlink:href="#sSpan3464" value="ⲁ"/>
		<feat xlink:href="#sSpan3468" value="ϥ"/>
		<feat xlink:href="#sSpan3470" value="ⲕⲏⲛ"/>
		<feat xlink:href="#sSpan3472" value="ⲛϫⲉ"/>
		<feat xlink:href="#sSpan3476" value="ⲡⲓ"/>
		<feat xlink:href="#sSpan3478" value="ⲑⲏⲟⲩ"/>
		<feat xlink:href="#sSpan3480" value="ⲟⲩⲟϩ"/>
		<feat xlink:href="#sSpan3484" value="ⲁ"/>
		<feat xlink:href="#sSpan3488" value="ⲥ"/>
		<feat xlink:href="#sSpan3490" value="ϣⲱⲡⲓ"/>
		<feat xlink:href="#sSpan3492" value="ⲛϫⲉ"/>
		<feat xlink:href="#sSpan3496" value="ⲟⲩ"/>
		<feat xlink:href="#sSpan3498" value="ⲛⲓϣϯ"/>
		<feat xlink:href="#sSpan3500" value="ⲛ"/>
		<feat xlink:href="#sSpan3504" value="ϫⲁⲙⲏ"/>
		<feat xlink:href="#sSpan3506" value="."/>
		<feat xlink:href="#sSpan3510" value="ⲟⲩⲟϩ"/>
		<feat xlink:href="#sSpan3516" value="ⲡⲉϫⲁ"/>
		<feat xlink:href="#sSpan3520" value="ϥ"/>
		<feat xlink:href="#sSpan3522" value="ⲛⲱ"/>
		<feat xlink:href="#sSpan3526" value="ⲟⲩ"/>
		<feat xlink:href="#sSpan3528" value="ϫⲉ"/>
		<feat xlink:href="#sSpan3532" value="ⲉⲑⲃⲉ"/>
		<feat xlink:href="#sSpan3534" value="ⲟⲩ"/>
		<feat xlink:href="#sSpan3536" value="ⲧⲉⲧⲉⲛ"/>
		<feat xlink:href="#sSpan3541" value="ⲉⲣϩⲟϯ"/>
		<feat xlink:href="#sSpan3544" value="ⲙⲡⲁⲧⲉ"/>
		<feat xlink:href="#sSpan3548" value="ⲛⲁϩϯ"/>
		<feat xlink:href="#sSpan3550" value="ϣⲱⲡⲓ"/>
		<feat xlink:href="#sSpan3554" value="ϧⲉⲛ"/>
		<feat xlink:href="#sSpan3558" value="ⲑⲏⲛⲟⲩ"/>
		<feat xlink:href="#sSpan3560" value="."/>
		<feat xlink:href="#sSpan3564" value="ⲟⲩⲟϩ"/>
		<feat xlink:href="#sSpan3570" value="ⲁ"/>
		<feat xlink:href="#sSpan3574" value="ⲩ"/>
		<feat xlink:href="#sSpan3577" value="ⲉⲣϩⲟϯ"/>
		<feat xlink:href="#sSpan3580" value="ϧⲉⲛ"/>
		<feat xlink:href="#sSpan3584" value="ⲟⲩ"/>
		<feat xlink:href="#sSpan3586" value="ⲛⲓϣϯ"/>
		<feat xlink:href="#sSpan3588" value="ⲛ"/>
		<feat xlink:href="#sSpan3592" value="ϩⲟϯ"/>
		<feat xlink:href="#sSpan3594" value="ⲟⲩⲟϩ"/>
		<feat xlink:href="#sSpan3598" value="ⲛⲁ"/>
		<feat xlink:href="#sSpan3602" value="ⲩ"/>
		<feat xlink:href="#sSpan3604" value="ϫⲱ"/>
		<feat xlink:href="#sSpan3606" value="ⲙⲙⲟ"/>
		<feat xlink:href="#sSpan3610" value="ⲥ"/>
		<feat xlink:href="#sSpan3612" value="ⲛ"/>
		<feat xlink:href="#sSpan3616" value="ⲛⲟⲩ"/>
		<feat xlink:href="#sSpan3618" value="ⲉⲣⲏⲟⲩ"/>
		<feat xlink:href="#sSpan3620" value="ϫⲉ"/>
		<feat xlink:href="#sSpan3624" value="ⲛⲓⲙ"/>
		<feat xlink:href="#sSpan3627" value="ϩⲁⲣⲁ"/>
		<feat xlink:href="#sSpan3631" value="ⲡⲉ"/>
		<feat xlink:href="#sSpan3635" value="ⲡ"/>
		<feat xlink:href="#sSpan3639" value="ϩⲁⲓ"/>
		<feat xlink:href="#sSpan3641" value="ϫⲉ"/>
		<feat xlink:href="#sSpan3645" value="ⲛⲓ"/>
		<feat xlink:href="#sSpan3647" value="ⲑⲏⲟⲩ"/>
		<feat xlink:href="#sSpan3649" value="ⲛⲉⲙ"/>
		<feat xlink:href="#sSpan3653" value="ⲫ"/>
		<feat xlink:href="#sSpan3655" value="ⲓⲟⲙ"/>
		<feat xlink:href="#sSpan3657" value="ⲥⲉ"/>
		<feat xlink:href="#sSpan3661" value="ⲥⲱⲧⲉⲙ"/>
		<feat xlink:href="#sSpan3663" value="ⲛⲁ"/>
		<feat xlink:href="#sSpan3667" value="ϥ"/>
		<feat xlink:href="#sSpan3669" value="."/></featList></paula>