<?xml version='1.0' encoding='UTF-8'?><!DOCTYPE paula SYSTEM "paula_feat.dtd">
<paula version="1.1">
	<header paula_id="scriptorium.01_Genesis_31.mark_norm_group"/>
	<featList xmlns:xlink="http://www.w3.org/1999/xlink" type="norm_group" xml:base="scriptorium.01_Genesis_31.mark.xml">
		<feat xlink:href="#sSpan3" value="ⲁⲓⲁⲕⲱⲃ"/>
		<feat xlink:href="#sSpan6" value="ⲇⲉ"/>
		<feat xlink:href="#sSpan8" value="ⲥⲱⲧⲙ"/>
		<feat xlink:href="#sSpan10" value="ⲉⲛϣⲁϫⲉ"/>
		<feat xlink:href="#sSpan14" value="ⲛⲛϣⲏⲣⲉ"/>
		<feat xlink:href="#sSpan18" value="ⲛⲗⲁⲃⲁⲛ"/>
		<feat xlink:href="#sSpan21" value="ⲉⲩϫⲱ"/>
		<feat xlink:href="#sSpan25" value="ⲙⲙⲟⲥ"/>
		<feat xlink:href="#sSpan28" value="ϫⲉ"/>
		<feat xlink:href="#sSpan30" value="ⲁⲓⲁⲕⲱⲃ"/>
		<feat xlink:href="#sSpan33" value="ϫⲓ"/>
		<feat xlink:href="#sSpan35" value="ⲛⲛⲕⲁ"/>
		<feat xlink:href="#sSpan38" value="ⲧⲏⲣⲟⲩ"/>
		<feat xlink:href="#sSpan41" value="ⲙⲡⲉⲛⲉⲓⲱⲧ"/>
		<feat xlink:href="#sSpan45" value="ⲁⲩⲱ"/>
		<feat xlink:href="#sSpan47" value="ⲉⲃⲟⲗ"/>
		<feat xlink:href="#sSpan49" value="ϩⲛ"/>
		<feat xlink:href="#sSpan51" value="ⲛⲕⲁ"/>
		<feat xlink:href="#sSpan54" value="ⲙⲡⲉⲛⲉⲓⲱⲧ"/>
		<feat xlink:href="#sSpan58" value="ⲁϥϫⲡⲟ"/>
		<feat xlink:href="#sSpan62" value="ⲛⲁϥ"/>
		<feat xlink:href="#sSpan65" value="ⲙⲡⲉⲓⲉⲟⲟⲩ"/>
		<feat xlink:href="#sSpan69" value="ⲧⲏⲣϥ"/></featList></paula>