<?xml version='1.0' encoding='UTF-8'?><!DOCTYPE paula SYSTEM "paula_feat.dtd">
<paula version="1.1">
	<header paula_id="scriptorium.bohairic.Mark_09.mark_norm_group"/>
	<featList xmlns:xlink="http://www.w3.org/1999/xlink" type="norm_group" xml:base="scriptorium.bohairic.Mark_09.mark.xml">
		<feat xlink:href="#sSpan3" value="ⲟⲩⲟϩ"/>
		<feat xlink:href="#sSpan9" value="ⲛⲁϥϫⲱ"/>
		<feat xlink:href="#sSpan17" value="ⲙⲙⲟⲥ"/>
		<feat xlink:href="#sSpan23" value="ⲛⲱⲟⲩ"/>
		<feat xlink:href="#sSpan29" value="ϫⲉⲁⲙⲏⲛ"/>
		<feat xlink:href="#sSpan36" value="ϯϫⲱ"/>
		<feat xlink:href="#sSpan42" value="ⲙⲙⲟⲥ"/>
		<feat xlink:href="#sSpan48" value="ⲛⲱⲧⲉⲛ"/>
		<feat xlink:href="#sSpan54" value="ϫⲉⲟⲩⲟⲛ"/>
		<feat xlink:href="#sSpan60" value="ϩⲁⲛⲟⲩⲟⲛ"/>
		<feat xlink:href="#sSpan66" value="ϧⲉⲛⲛⲏ"/>
		<feat xlink:href="#sSpan72" value="ⲉⲧⲟϩⲓ"/>
		<feat xlink:href="#sSpan78" value="ⲉⲣⲁⲧⲟⲩ"/>
		<feat xlink:href="#sSpan84" value="ⲙⲡⲁⲓⲙⲁ"/>
		<feat xlink:href="#sSpan92" value="ⲛⲥⲉⲛⲁϫⲉⲙϯⲡⲓ"/>
		<feat xlink:href="#sSpan104" value="ⲙⲫⲙⲟⲩ"/>
		<feat xlink:href="#sSpan112" value="ⲁⲛ"/>
		<feat xlink:href="#sSpan116" value="ϣⲁⲧⲟⲩⲛⲁⲩ"/>
		<feat xlink:href="#sSpan124" value="ⲉϯⲙⲉⲧⲟⲩⲣⲟ"/>
		<feat xlink:href="#sSpan134" value="ⲛⲧⲉⲫⲛⲟⲩϯ"/>
		<feat xlink:href="#sSpan142" value="ⲁⲥⲓ"/>
		<feat xlink:href="#sSpan150" value="ϧⲉⲛⲟⲩϫⲟⲙ"/>
		<feat xlink:href="#sSpan158" value="."/>
		<feat xlink:href="#sSpan162" value="ⲟⲩⲟϩ"/>
		<feat xlink:href="#sSpan168" value="ⲙⲉⲛⲉⲛⲥⲁⲋ"/>
		<feat xlink:href="#sSpan174" value="ⲛⲉϩⲟⲟⲩ"/>
		<feat xlink:href="#sSpan180" value="ⲁϥϭⲓ"/>
		<feat xlink:href="#sSpan188" value="ⲛϫⲉⲓⲏⲥⲟⲩⲥ"/>
		<feat xlink:href="#sSpan195" value="ⲙⲡⲉⲧⲣⲟⲥ"/>
		<feat xlink:href="#sSpan202" value="ⲛⲉⲙⲓⲁⲕⲱⲃⲟⲥ"/>
		<feat xlink:href="#sSpan209" value="ⲛⲉⲙⲓⲱⲁⲛⲛⲏⲥ"/>
		<feat xlink:href="#sSpan216" value="ⲟⲩⲟϩ"/>
		<feat xlink:href="#sSpan220" value="ⲁϥⲟⲗⲟⲩ"/>
		<feat xlink:href="#sSpan230" value="ⲉϩⲣⲏⲓ"/>
		<feat xlink:href="#sSpan234" value="ⲉϫⲉⲛⲟⲩⲧⲱⲟⲩ"/>
		<feat xlink:href="#sSpan242" value="ⲉϥϭⲟⲥⲓ"/>
		<feat xlink:href="#sSpan250" value="ⲥⲁⲡⲥⲁ"/>
		<feat xlink:href="#sSpan258" value="ⲙⲙⲁⲩⲁⲧⲟⲩ"/>
		<feat xlink:href="#sSpan264" value="ⲁϥϣⲟⲃⲧϥ"/>
		<feat xlink:href="#sSpan274" value="ⲙⲡⲟⲩⲙⲑⲟ"/>
		<feat xlink:href="#sSpan282" value="ⲉⲃⲟⲗ"/>
		<feat xlink:href="#sSpan286" value="."/>
		<feat xlink:href="#sSpan290" value="ⲟⲩⲟϩ"/>
		<feat xlink:href="#sSpan296" value="ⲛⲉϥϩⲃⲱⲥ"/>
		<feat xlink:href="#sSpan302" value="ⲁⲩϣⲱⲡⲓ"/>
		<feat xlink:href="#sSpan310" value="ⲉⲩⲫⲟⲣⲉⲓ"/>
		<feat xlink:href="#sSpan319" value="ⲙⲫⲣⲏϯ"/>
		<feat xlink:href="#sSpan327" value="ⲛⲟⲩⲭⲓⲱⲛ"/>
		<feat xlink:href="#sSpan336" value="ⲟⲩⲟϩ"/>
		<feat xlink:href="#sSpan340" value="ⲉⲩⲟⲩⲟⲃϣ"/>
		<feat xlink:href="#sSpan348" value="ⲉⲙⲁϣⲱ"/>
		<feat xlink:href="#sSpan352" value="ⲛⲏ"/>
		<feat xlink:href="#sSpan356" value="ⲉⲧⲉ"/>
		<feat xlink:href="#sSpan360" value="ⲙⲙⲟⲛ"/>
		<feat xlink:href="#sSpan364" value="ϣϫⲟⲙ"/>
		<feat xlink:href="#sSpan368" value="ⲛⲧⲉⲣⲁϧⲧ"/>
		<feat xlink:href="#sSpan374" value="ⲉⲧϩⲓϫⲉⲛⲡⲓⲕⲁϩⲓ"/>
		<feat xlink:href="#sSpan384" value="ⲉⲑⲣⲉⲟⲩⲟⲛ"/>
		<feat xlink:href="#sSpan392" value="ⲟⲩⲃⲁϣ"/>
		<feat xlink:href="#sSpan396" value="ⲙⲡⲁⲓⲣⲏϯ"/>
		<feat xlink:href="#sSpan404" value="."/>
		<feat xlink:href="#sSpan408" value="ⲟⲩⲟϩ"/>
		<feat xlink:href="#sSpan414" value="ⲁⲩⲟⲩⲟⲛϩⲟⲩ"/>
		<feat xlink:href="#sSpan424" value="ⲉⲣⲱⲟⲩ"/>
		<feat xlink:href="#sSpan430" value="ⲛϫⲉⲏⲗⲓⲁⲥ"/>
		<feat xlink:href="#sSpan437" value="ⲛⲉⲙⲙⲱⲩⲥⲏⲥ"/>
		<feat xlink:href="#sSpan444" value="ⲟⲩⲟϩ"/>
		<feat xlink:href="#sSpan448" value="ⲛⲁⲩⲥⲁϫⲓ"/>
		<feat xlink:href="#sSpan456" value="ⲛⲉⲙⲓⲏⲥⲟⲩⲥ"/>
		<feat xlink:href="#sSpan463" value="."/>
		<feat xlink:href="#sSpan467" value="ⲟⲩⲟϩ"/>
		<feat xlink:href="#sSpan474" value="ⲧⲟⲧⲉ"/>
		<feat xlink:href="#sSpan478" value="ⲉⲧⲁϥⲉⲣⲟⲩⲱ"/>
		<feat xlink:href="#sSpan490" value="ⲛϫⲉⲡⲉⲧⲣⲟⲥ"/>
		<feat xlink:href="#sSpan497" value="ⲡⲉϫⲁϥ"/>
		<feat xlink:href="#sSpan503" value="ⲛⲓⲏⲥⲟⲩⲥ"/>
		<feat xlink:href="#sSpan510" value="ϫⲉⲣⲁⲃⲃⲓ"/>
		<feat xlink:href="#sSpan517" value="ⲛⲁⲛⲉⲥ"/>
		<feat xlink:href="#sSpan523" value="ⲛⲁⲛ"/>
		<feat xlink:href="#sSpan529" value="ⲛⲧⲉⲛϣⲱⲡⲓ"/>
		<feat xlink:href="#sSpan537" value="ⲙⲡⲁⲓⲙⲁ"/>
		<feat xlink:href="#sSpan545" value="ⲟⲩⲟϩ"/>
		<feat xlink:href="#sSpan549" value="ⲛⲧⲉⲛⲑⲁⲙⲓⲟ"/>
		<feat xlink:href="#sSpan557" value="ⲛⲅ"/>
		<feat xlink:href="#sSpan563" value="ⲛⲥⲕⲩⲛⲏ"/>
		<feat xlink:href="#sSpan569" value="ⲟⲩⲓ"/>
		<feat xlink:href="#sSpan573" value="ⲛⲁⲕ"/>
		<feat xlink:href="#sSpan579" value="ⲛⲉⲙⲟⲩⲓ"/>
		<feat xlink:href="#sSpan585" value="ⲙⲙⲱⲩⲥⲏⲥ"/>
		<feat xlink:href="#sSpan592" value="ⲟⲩⲟϩ"/>
		<feat xlink:href="#sSpan596" value="ⲟⲩⲓ"/>
		<feat xlink:href="#sSpan600" value="ⲛⲏⲗⲓⲁⲥ"/>
		<feat xlink:href="#sSpan607" value="."/>
		<feat xlink:href="#sSpan611" value="ⲛⲁϥⲉⲙⲓ"/>
		<feat xlink:href="#sSpan622" value="ⲅⲁⲣ"/>
		<feat xlink:href="#sSpan626" value="ⲁⲛ"/>
		<feat xlink:href="#sSpan630" value="ⲡⲉ"/>
		<feat xlink:href="#sSpan634" value="ϫⲉⲟⲩ"/>
		<feat xlink:href="#sSpan640" value="ⲡⲉⲧⲉϥⲛⲁⲉⲣⲟⲩⲱ"/>
		<feat xlink:href="#sSpan654" value="ⲙⲙⲟϥ"/>
		<feat xlink:href="#sSpan660" value="ⲁⲩϣⲱⲡⲓ"/>
		<feat xlink:href="#sSpan669" value="ⲅⲁⲣ"/>
		<feat xlink:href="#sSpan673" value="ⲉⲩⲙⲉϩ"/>
		<feat xlink:href="#sSpan681" value="ⲛϩⲟϯ"/>
		<feat xlink:href="#sSpan687" value="."/>
		<feat xlink:href="#sSpan691" value="ⲟⲩⲟϩ"/>
		<feat xlink:href="#sSpan697" value="ⲁⲥϣⲱⲡⲓ"/>
		<feat xlink:href="#sSpan705" value="ⲛϫⲉⲟⲩϭⲏⲡⲓ"/>
		<feat xlink:href="#sSpan713" value="ⲉⲥⲉⲣϧⲏⲓⲃⲓ"/>
		<feat xlink:href="#sSpan723" value="ⲉⲣⲱⲟⲩ"/>
		<feat xlink:href="#sSpan729" value="ⲟⲩⲟϩ"/>
		<feat xlink:href="#sSpan733" value="ⲁⲥϣⲱⲡⲓ"/>
		<feat xlink:href="#sSpan741" value="ⲛϫⲉⲟⲩⲥⲙⲏ"/>
		<feat xlink:href="#sSpan749" value="ⲉⲃⲟⲗ"/>
		<feat xlink:href="#sSpan753" value="ϧⲉⲛϯϭⲏⲡⲓ"/>
		<feat xlink:href="#sSpan761" value="ϫⲉⲫⲁⲓ"/>
		<feat xlink:href="#sSpan767" value="ⲡⲉ"/>
		<feat xlink:href="#sSpan771" value="ⲡⲁϣⲏⲣⲓ"/>
		<feat xlink:href="#sSpan777" value="ⲡⲁⲙⲉⲛⲣⲓⲧ"/>
		<feat xlink:href="#sSpan783" value="ⲥⲱⲧⲉⲙ"/>
		<feat xlink:href="#sSpan787" value="ⲛⲥⲱϥ"/>
		<feat xlink:href="#sSpan793" value="."/>
		<feat xlink:href="#sSpan797" value="ⲟⲩⲟϩ"/>
		<feat xlink:href="#sSpan803" value="ⲉⲧⲁⲩϫⲟⲩϣⲧ"/>
		<feat xlink:href="#sSpan814" value="ⲉⲝⲁⲡⲓⲛⲁ"/>
		<feat xlink:href="#sSpan818" value="ⲙⲡⲟⲩⲛⲁⲩ"/>
		<feat xlink:href="#sSpan826" value="ⲉϩⲗⲓ"/>
		<feat xlink:href="#sSpan832" value="ⲉⲃⲏⲗ"/>
		<feat xlink:href="#sSpan837" value="ⲉⲓⲏⲥⲟⲩⲥ"/>
		<feat xlink:href="#sSpan844" value="ⲙⲙⲁⲩⲁⲧϥ"/>
		<feat xlink:href="#sSpan850" value="ⲛⲉⲙⲱⲟⲩ"/>
		<feat xlink:href="#sSpan856" value="."/>
		<feat xlink:href="#sSpan860" value="ⲟⲩⲟϩ"/>
		<feat xlink:href="#sSpan866" value="ⲉⲩⲛⲏⲟⲩ"/>
		<feat xlink:href="#sSpan875" value="ⲉϧⲣⲏⲓ"/>
		<feat xlink:href="#sSpan879" value="ⲉⲃⲟⲗ"/>
		<feat xlink:href="#sSpan883" value="ϩⲓⲡⲓⲧⲱⲟⲩ"/>
		<feat xlink:href="#sSpan891" value="ⲁϥϩⲟⲛϩⲉⲛ"/>
		<feat xlink:href="#sSpan899" value="ⲉⲧⲟⲧⲟⲩ"/>
		<feat xlink:href="#sSpan906" value="ϩⲓⲛⲁ"/>
		<feat xlink:href="#sSpan910" value="ⲛⲧⲟⲩϣⲧⲉⲙⲥⲁϫⲓ"/>
		<feat xlink:href="#sSpan920" value="ϧⲁⲧⲉⲛϩⲗⲓ"/>
		<feat xlink:href="#sSpan926" value="ⲙⲡⲉⲧⲁⲩⲛⲁⲩ"/>
		<feat xlink:href="#sSpan940" value="ⲉⲣⲟϥ"/>
		<feat xlink:href="#sSpan946" value="ⲉⲃⲏⲗ"/>
		<feat xlink:href="#sSpan950" value="ⲛⲧⲉⲡϣⲏⲣⲓ"/>
		<feat xlink:href="#sSpan958" value="ⲙⲫⲣⲱⲙⲓ"/>
		<feat xlink:href="#sSpan966" value="ⲧⲱⲛϥ"/>
		<feat xlink:href="#sSpan972" value="ⲉⲃⲟⲗ"/>
		<feat xlink:href="#sSpan976" value="ϧⲉⲛⲛⲏ"/>
		<feat xlink:href="#sSpan982" value="ⲉⲑⲙⲱⲟⲩⲧ"/>
		<feat xlink:href="#sSpan988" value="."/>
		<feat xlink:href="#sSpan992" value="ⲟⲩⲟϩ"/>
		<feat xlink:href="#sSpan998" value="ⲁⲩⲁⲙⲟⲛⲓ"/>
		<feat xlink:href="#sSpan1006" value="ⲙⲡⲓⲥⲁϫⲓ"/>
		<feat xlink:href="#sSpan1014" value="ⲛϧⲏⲧⲟⲩ"/>
		<feat xlink:href="#sSpan1020" value="ⲉⲩⲕⲱϯ"/>
		<feat xlink:href="#sSpan1028" value="ⲛⲉⲛⲛⲟⲩⲉⲣⲏⲩ"/>
		<feat xlink:href="#sSpan1036" value="ϫⲉⲟⲩ"/>
		<feat xlink:href="#sSpan1042" value="ⲡⲉ"/>
		<feat xlink:href="#sSpan1046" value="ⲡⲓⲧⲱⲛϥ"/>
		<feat xlink:href="#sSpan1054" value="ⲉⲃⲟⲗ"/>
		<feat xlink:href="#sSpan1058" value="ϧⲉⲛⲛⲏ"/>
		<feat xlink:href="#sSpan1064" value="ⲉⲑⲙⲱⲟⲩⲧ"/>
		<feat xlink:href="#sSpan1070" value="."/>
		<feat xlink:href="#sSpan1074" value="ⲟⲩⲟϩ"/>
		<feat xlink:href="#sSpan1080" value="ⲁⲩϣⲉⲛϥ"/>
		<feat xlink:href="#sSpan1090" value="ⲉⲩϫⲱ"/>
		<feat xlink:href="#sSpan1098" value="ⲙⲙⲟⲥ"/>
		<feat xlink:href="#sSpan1104" value="ϫⲉⲉⲑⲃⲉⲟⲩ"/>
		<feat xlink:href="#sSpan1112" value="ⲛⲓⲥⲁϧ"/>
		<feat xlink:href="#sSpan1118" value="ⲥⲉϫⲱ"/>
		<feat xlink:href="#sSpan1124" value="ⲙⲙⲟⲥ"/>
		<feat xlink:href="#sSpan1130" value="ϫⲉϩⲱϯ"/>
		<feat xlink:href="#sSpan1136" value="ⲡⲉ"/>
		<feat xlink:href="#sSpan1140" value="ⲛⲧⲉⲏⲗⲓⲁⲥ"/>
		<feat xlink:href="#sSpan1147" value="ⲓ"/>
		<feat xlink:href="#sSpan1151" value="ⲛϣⲟⲣⲡ"/>
		<feat xlink:href="#sSpan1157" value="."/>
		<feat xlink:href="#sSpan1161" value="ⲛⲑⲟϥ"/>
		<feat xlink:href="#sSpan1168" value="ⲇⲉ"/>
		<feat xlink:href="#sSpan1172" value="ⲡⲉϫⲁϥ"/>
		<feat xlink:href="#sSpan1178" value="ⲛⲱⲟⲩ"/>
		<feat xlink:href="#sSpan1184" value="ϫⲉⲏⲗⲓⲁⲥ"/>
		<feat xlink:href="#sSpan1192" value="ⲙⲉⲛ"/>
		<feat xlink:href="#sSpan1196" value="ⲓ"/>
		<feat xlink:href="#sSpan1200" value="ⲛϣⲟⲣⲡ"/>
		<feat xlink:href="#sSpan1206" value="ⲟⲩⲟϩ"/>
		<feat xlink:href="#sSpan1210" value="ϥⲛⲁⲧⲫⲉ"/>
		<feat xlink:href="#sSpan1218" value="ϩⲱⲃ"/>
		<feat xlink:href="#sSpan1222" value="ⲛⲓⲃⲉⲛ"/>
		<feat xlink:href="#sSpan1226" value="ⲟⲩⲟϩ"/>
		<feat xlink:href="#sSpan1231" value="ⲡⲱⲥ"/>
		<feat xlink:href="#sSpan1235" value="ⲥϧⲏⲟⲩⲧ"/>
		<feat xlink:href="#sSpan1239" value="ⲉϫⲉⲛⲡϣⲏⲣⲓ"/>
		<feat xlink:href="#sSpan1247" value="ⲙⲫⲣⲱⲙⲓ"/>
		<feat xlink:href="#sSpan1256" value="ϩⲓⲛⲁ"/>
		<feat xlink:href="#sSpan1260" value="ⲛⲧⲉϥϭⲓ"/>
		<feat xlink:href="#sSpan1268" value="ⲟⲩⲙⲏϣ"/>
		<feat xlink:href="#sSpan1274" value="ⲛϧⲓⲥⲓ"/>
		<feat xlink:href="#sSpan1280" value="ⲟⲩⲟϩ"/>
		<feat xlink:href="#sSpan1284" value="ⲛⲧⲟⲩϣⲟϣϥ"/>
		<feat xlink:href="#sSpan1294" value="."/>
		<feat xlink:href="#sSpan1299" value="ⲁⲗⲗⲁ"/>
		<feat xlink:href="#sSpan1305" value="ϯϫⲱ"/>
		<feat xlink:href="#sSpan1311" value="ⲙⲙⲟⲥ"/>
		<feat xlink:href="#sSpan1317" value="ⲛⲱⲧⲉⲛ"/>
		<feat xlink:href="#sSpan1323" value="ϫⲉⲏⲗⲓⲁⲥ"/>
		<feat xlink:href="#sSpan1330" value="ⲁϥⲓ"/>
		<feat xlink:href="#sSpan1338" value="ⲟⲩⲟϩ"/>
		<feat xlink:href="#sSpan1342" value="ⲁⲩⲓⲣⲓ"/>
		<feat xlink:href="#sSpan1350" value="ⲛⲁϥ"/>
		<feat xlink:href="#sSpan1356" value="ⲙⲡⲉⲧⲟⲩⲟⲩⲁϣϥ"/>
		<feat xlink:href="#sSpan1371" value="ⲕⲁⲧⲁⲫⲣⲏϯ"/>
		<feat xlink:href="#sSpan1379" value="ⲉⲧⲥϧⲏⲟⲩⲧ"/>
		<feat xlink:href="#sSpan1385" value="ⲉϫⲱϥ"/>
		<feat xlink:href="#sSpan1391" value="."/>
		<feat xlink:href="#sSpan1395" value="ⲟⲩⲟϩ"/>
		<feat xlink:href="#sSpan1401" value="ⲉⲧⲁϥⲓ"/>
		<feat xlink:href="#sSpan1411" value="ϩⲁⲛⲓⲙⲁⲑⲏⲧⲏⲥ"/>
		<feat xlink:href="#sSpan1420" value="ⲁϥⲛⲁⲩ"/>
		<feat xlink:href="#sSpan1428" value="ⲉⲟⲩⲙⲏϣ"/>
		<feat xlink:href="#sSpan1436" value="ⲉϥⲟϣ"/>
		<feat xlink:href="#sSpan1444" value="ⲙⲡⲟⲩⲕⲱϯ"/>
		<feat xlink:href="#sSpan1452" value="ⲟⲩⲟϩ"/>
		<feat xlink:href="#sSpan1456" value="ϩⲁⲛⲥⲁϧ"/>
		<feat xlink:href="#sSpan1462" value="ⲉⲩⲕⲱϯ"/>
		<feat xlink:href="#sSpan1470" value="ⲛⲉⲙⲱⲟⲩ"/>
		<feat xlink:href="#sSpan1476" value="."/>
		<feat xlink:href="#sSpan1480" value="ⲟⲩⲟϩ"/>
		<feat xlink:href="#sSpan1486" value="ⲥⲁⲧⲟⲧϥ"/>
		<feat xlink:href="#sSpan1492" value="ⲡⲓⲙⲏϣ"/>
		<feat xlink:href="#sSpan1498" value="ⲧⲏⲣϥ"/>
		<feat xlink:href="#sSpan1504" value="ⲉⲧⲁⲩⲛⲁⲩ"/>
		<feat xlink:href="#sSpan1514" value="ⲉⲣⲟϥ"/>
		<feat xlink:href="#sSpan1520" value="ⲁⲩⲉⲣϩⲟϯ"/>
		<feat xlink:href="#sSpan1530" value="ⲟⲩⲟϩ"/>
		<feat xlink:href="#sSpan1534" value="ⲉⲧⲁⲩϭⲟϫⲓ"/>
		<feat xlink:href="#sSpan1544" value="ⲁⲩⲉⲣⲁⲥⲡⲁⲍⲉⲥⲑⲉ"/>
		<feat xlink:href="#sSpan1555" value="ⲙⲙⲟϥ"/>
		<feat xlink:href="#sSpan1561" value="."/>
		<feat xlink:href="#sSpan1565" value="ⲟⲩⲟϩ"/>
		<feat xlink:href="#sSpan1571" value="ⲁϥϣⲉⲛⲟⲩ"/>
		<feat xlink:href="#sSpan1581" value="ϫⲉⲁⲣⲉⲧⲉⲛⲕⲱϯ"/>
		<feat xlink:href="#sSpan1591" value="ⲛⲥⲁⲟⲩ"/>
		<feat xlink:href="#sSpan1597" value="ⲛⲧⲟⲧⲟⲩ"/>
		<feat xlink:href="#sSpan1603" value="."/>
		<feat xlink:href="#sSpan1607" value="ⲟⲩⲟϩ"/>
		<feat xlink:href="#sSpan1613" value="ⲁϥⲉⲣⲟⲩⲱ"/>
		<feat xlink:href="#sSpan1623" value="ⲛⲁϥ"/>
		<feat xlink:href="#sSpan1629" value="ⲛϫⲉⲟⲩⲁⲓ"/>
		<feat xlink:href="#sSpan1635" value="ⲉⲃⲟⲗ"/>
		<feat xlink:href="#sSpan1639" value="ϧⲉⲛⲡⲓⲙⲏϣ"/>
		<feat xlink:href="#sSpan1647" value="ϫⲉⲫⲣⲉϥϯⲥⲃⲱ"/>
		<feat xlink:href="#sSpan1658" value="ⲁⲓⲉⲛⲡⲁϣⲏⲣⲓ"/>
		<feat xlink:href="#sSpan1670" value="ϩⲁⲣⲟⲕ"/>
		<feat xlink:href="#sSpan1676" value="ⲉⲟⲩⲟⲛ"/>
		<feat xlink:href="#sSpan1682" value="ⲟⲩⲡⲛⲉⲩⲙⲁ"/>
		<feat xlink:href="#sSpan1689" value="ⲛⲁⲧⲥⲁϫⲓ"/>
		<feat xlink:href="#sSpan1697" value="ⲛⲉⲙⲁϥ"/>
		<feat xlink:href="#sSpan1703" value="."/>
		<feat xlink:href="#sSpan1707" value="ⲟⲩⲟϩ"/>
		<feat xlink:href="#sSpan1713" value="ⲡⲓⲙⲁ"/>
		<feat xlink:href="#sSpan1719" value="ⲉⲧⲉϥⲛⲁⲧⲁϩⲟϥ"/>
		<feat xlink:href="#sSpan1731" value="ⲙⲙⲁⲩ"/>
		<feat xlink:href="#sSpan1735" value="ϣⲁϥⲉⲛϥ"/>
		<feat xlink:href="#sSpan1745" value="ⲉⲡⲉⲥⲏⲧ"/>
		<feat xlink:href="#sSpan1753" value="ⲟⲩⲟϩ"/>
		<feat xlink:href="#sSpan1757" value="ⲛⲧⲉⲣⲱϥ"/>
		<feat xlink:href="#sSpan1766" value="ϫⲉϣⲥⲫⲏⲓϯ"/>
		<feat xlink:href="#sSpan1771" value="ⲉⲃⲟⲗ"/>
		<feat xlink:href="#sSpan1775" value="ⲉϥϧⲣⲁϫⲣⲉϫ"/>
		<feat xlink:href="#sSpan1783" value="ⲛⲛⲉϥⲛⲁϫϩⲓ"/>
		<feat xlink:href="#sSpan1791" value="ⲟⲩⲟϩ"/>
		<feat xlink:href="#sSpan1795" value="ϣⲁϥϣⲱⲟⲩⲓ"/>
		<feat xlink:href="#sSpan1803" value="ⲟⲩⲟϩ"/>
		<feat xlink:href="#sSpan1807" value="ⲁⲓϫⲟⲥ"/>
		<feat xlink:href="#sSpan1817" value="ⲛⲛⲉⲕⲙⲁⲑⲏⲧⲏⲥ"/>
		<feat xlink:href="#sSpan1827" value="ϩⲓⲛⲁ"/>
		<feat xlink:href="#sSpan1831" value="ⲛⲧⲟⲩϩⲓⲧϥ"/>
		<feat xlink:href="#sSpan1841" value="ⲉⲃⲟⲗ"/>
		<feat xlink:href="#sSpan1845" value="ⲟⲩⲟϩ"/>
		<feat xlink:href="#sSpan1849" value="ⲙⲡⲟⲩϣϫⲉⲙϫⲟⲙ"/>
		<feat xlink:href="#sSpan1859" value="."/>
		<feat xlink:href="#sSpan1863" value="ⲟⲩⲟϩ"/>
		<feat xlink:href="#sSpan1869" value="ⲛⲑⲟϥ"/>
		<feat xlink:href="#sSpan1873" value="ⲉⲧⲁϥⲉⲣⲟⲩⲱ"/>
		<feat xlink:href="#sSpan1885" value="ⲡⲉϫⲁϥ"/>
		<feat xlink:href="#sSpan1891" value="ⲛⲱⲟⲩ"/>
		<feat xlink:href="#sSpan1897" value="ϫⲉⲱⲡⲓϫⲱⲟⲩ"/>
		<feat xlink:href="#sSpan1908" value="ⲛⲁⲑⲛⲁϩϯ"/>
		<feat xlink:href="#sSpan1916" value="ϣⲁⲑⲛⲁⲩ"/>
		<feat xlink:href="#sSpan1924" value="ϯⲛⲁϣⲱⲡⲓ"/>
		<feat xlink:href="#sSpan1932" value="ⲛⲉⲙⲱⲧⲉⲛ"/>
		<feat xlink:href="#sSpan1938" value="ϣⲁⲑⲛⲁⲩ"/>
		<feat xlink:href="#sSpan1946" value="ϯⲛⲁⲉⲣⲁⲛⲉⲭⲉⲥⲑⲉ"/>
		<feat xlink:href="#sSpan1957" value="ⲙⲙⲱⲧⲉⲛ"/>
		<feat xlink:href="#sSpan1963" value="ⲁⲛⲓⲧϥ"/>
		<feat xlink:href="#sSpan1969" value="ϩⲁⲣⲟⲓ"/>
		<feat xlink:href="#sSpan1975" value="."/>
		<feat xlink:href="#sSpan1979" value="ⲟⲩⲟϩ"/>
		<feat xlink:href="#sSpan1985" value="ⲉⲧⲁϥⲛⲁⲩ"/>
		<feat xlink:href="#sSpan1995" value="ⲉⲣⲟϥ"/>
		<feat xlink:href="#sSpan2001" value="ⲛϫⲉⲡⲓⲡⲛⲉⲩⲙⲁ"/>
		<feat xlink:href="#sSpan2010" value="ⲥⲁⲧⲟⲧϥ"/>
		<feat xlink:href="#sSpan2016" value="ⲁϥϣⲧⲉⲣⲑⲱⲣϥ"/>
		<feat xlink:href="#sSpan2026" value="ⲟⲩⲟϩ"/>
		<feat xlink:href="#sSpan2030" value="ⲉⲧⲁϥϩⲉⲓ"/>
		<feat xlink:href="#sSpan2040" value="ⲉϫⲉⲛⲡⲕⲁϩⲓ"/>
		<feat xlink:href="#sSpan2048" value="ⲛⲁϥⲥⲑⲉⲣⲧⲉⲣ"/>
		<feat xlink:href="#sSpan2056" value="ⲡⲉ"/>
		<feat xlink:href="#sSpan2060" value="ⲉⲣⲉⲣⲱϥ"/>
		<feat xlink:href="#sSpan2069" value="ϫⲉϣⲥⲫⲏⲓϯ"/>
		<feat xlink:href="#sSpan2074" value="ⲉⲃⲟⲗ"/>
		<feat xlink:href="#sSpan2078" value="."/>
		<feat xlink:href="#sSpan2082" value="ⲟⲩⲟϩ"/>
		<feat xlink:href="#sSpan2088" value="ⲁϥϣⲉⲛ"/>
		<feat xlink:href="#sSpan2096" value="ⲡⲉϥⲉⲓⲱⲧ"/>
		<feat xlink:href="#sSpan2102" value="ϫⲉⲓⲥ"/>
		<feat xlink:href="#sSpan2108" value="ⲟⲩⲏⲣ"/>
		<feat xlink:href="#sSpan2112" value="ⲛⲭⲣⲟⲛⲟⲥ"/>
		<feat xlink:href="#sSpan2119" value="ⲓⲥϫⲉⲛⲉⲧⲁⲫⲁⲓ"/>
		<feat xlink:href="#sSpan2129" value="ϣⲱⲡⲓ"/>
		<feat xlink:href="#sSpan2133" value="ⲙⲙⲟϥ"/>
		<feat xlink:href="#sSpan2139" value="ⲛⲑⲟϥ"/>
		<feat xlink:href="#sSpan2144" value="ⲇⲉ"/>
		<feat xlink:href="#sSpan2148" value="ⲡⲉϫⲁϥ"/>
		<feat xlink:href="#sSpan2154" value="ϫⲉⲓⲥϫⲉⲛⲧⲉϥⲙⲉⲧⲁⲗⲟⲩ"/>
		<feat xlink:href="#sSpan2166" value="."/>
		<feat xlink:href="#sSpan2170" value="ⲟⲩⲟϩ"/>
		<feat xlink:href="#sSpan2176" value="ⲟⲩⲙⲏϣ"/>
		<feat xlink:href="#sSpan2182" value="ⲛⲥⲟⲡ"/>
		<feat xlink:href="#sSpan2188" value="ϣⲁϥϩⲓⲧϥ"/>
		<feat xlink:href="#sSpan2198" value="ⲉⲡⲓⲭⲣⲱⲙ"/>
		<feat xlink:href="#sSpan2206" value="ⲛⲉⲙⲡⲓⲙⲱⲟⲩ"/>
		<feat xlink:href="#sSpan2215" value="ϩⲓⲛⲁ"/>
		<feat xlink:href="#sSpan2219" value="ⲛⲧⲉϥⲧⲁⲕⲟϥ"/>
		<feat xlink:href="#sSpan2230" value="ⲁⲗⲗⲁ"/>
		<feat xlink:href="#sSpan2234" value="ⲡⲉⲧⲉⲟⲩⲟⲛ"/>
		<feat xlink:href="#sSpan2242" value="ϣϫⲟⲙ"/>
		<feat xlink:href="#sSpan2246" value="ⲙⲙⲟⲕ"/>
		<feat xlink:href="#sSpan2252" value="ⲉⲣⲟϥ"/>
		<feat xlink:href="#sSpan2259" value="ⲁⲣⲓⲃⲟⲏⲑⲓⲛ"/>
		<feat xlink:href="#sSpan2265" value="ⲉⲣⲟⲛ"/>
		<feat xlink:href="#sSpan2272" value="ⲉⲁⲕϣⲉⲛϩⲏⲧ"/>
		<feat xlink:href="#sSpan2284" value="ⲉϫⲱⲛ"/>
		<feat xlink:href="#sSpan2290" value="."/>
		<feat xlink:href="#sSpan2295" value="ⲓⲏⲥⲟⲩⲥ"/>
		<feat xlink:href="#sSpan2302" value="ⲇⲉ"/>
		<feat xlink:href="#sSpan2306" value="ⲡⲉϫⲁϥ"/>
		<feat xlink:href="#sSpan2312" value="ⲛⲁϥ"/>
		<feat xlink:href="#sSpan2318" value="ϫⲉⲟⲩ"/>
		<feat xlink:href="#sSpan2324" value="ⲡⲉ"/>
		<feat xlink:href="#sSpan2328" value="ϫⲉⲫⲏ"/>
		<feat xlink:href="#sSpan2334" value="ⲉⲧⲉⲟⲩⲟⲛ"/>
		<feat xlink:href="#sSpan2340" value="ϣϫⲟⲙ"/>
		<feat xlink:href="#sSpan2344" value="ⲙⲙⲟⲕ"/>
		<feat xlink:href="#sSpan2350" value="ⲉⲣⲟϥ"/>
		<feat xlink:href="#sSpan2356" value="ⲟⲩⲟⲛϣϫⲟⲙ"/>
		<feat xlink:href="#sSpan2362" value="ⲉϩⲱⲃ"/>
		<feat xlink:href="#sSpan2368" value="ⲛⲓⲃⲉⲛ"/>
		<feat xlink:href="#sSpan2372" value="ⲙⲫⲏ"/>
		<feat xlink:href="#sSpan2378" value="ⲉⲑⲛⲁϩϯ"/>
		<feat xlink:href="#sSpan2384" value="."/>
		<feat xlink:href="#sSpan2388" value="ⲥⲁⲧⲟⲧϥ"/>
		<feat xlink:href="#sSpan2396" value="ⲁϥⲱϣ"/>
		<feat xlink:href="#sSpan2405" value="ⲉⲃⲟⲗ"/>
		<feat xlink:href="#sSpan2409" value="ⲛϫⲉⲫⲓⲱⲧ"/>
		<feat xlink:href="#sSpan2417" value="ⲙⲡⲓⲁⲗⲟⲩ"/>
		<feat xlink:href="#sSpan2425" value="ⲉϥϫⲱ"/>
		<feat xlink:href="#sSpan2433" value="ⲙⲙⲟⲥ"/>
		<feat xlink:href="#sSpan2439" value="ϫⲉϯⲛⲁϩϯ"/>
		<feat xlink:href="#sSpan2448" value="ⲁⲣⲓⲃⲟⲏⲑⲓⲛ"/>
		<feat xlink:href="#sSpan2454" value="ⲉⲧⲁⲙⲉⲧⲁⲑⲛⲁϩϯ"/>
		<feat xlink:href="#sSpan2465" value="."/>
		<feat xlink:href="#sSpan2469" value="ⲉⲧⲁϥⲛⲁⲩ"/>
		<feat xlink:href="#sSpan2481" value="ⲛϫⲉⲓⲏⲥⲟⲩⲥ"/>
		<feat xlink:href="#sSpan2488" value="ϫⲉⲡⲓⲙⲏϣ"/>
		<feat xlink:href="#sSpan2496" value="ϭⲟϫⲓ"/>
		<feat xlink:href="#sSpan2500" value="ⲁϥⲉⲣⲉⲡⲓⲧⲓⲙⲁⲛ"/>
		<feat xlink:href="#sSpan2511" value="ⲙⲡⲓⲡⲛⲉⲩⲙⲁ"/>
		<feat xlink:href="#sSpan2520" value="ⲛⲁⲕⲁⲑⲁⲣⲧⲟⲛ"/>
		<feat xlink:href="#sSpan2527" value="ⲉϥϫⲱ"/>
		<feat xlink:href="#sSpan2535" value="ⲙⲙⲟⲥ"/>
		<feat xlink:href="#sSpan2541" value="ⲛⲁϥ"/>
		<feat xlink:href="#sSpan2547" value="ϫⲉⲡⲓⲁⲧⲥⲁϫⲓ"/>
		<feat xlink:href="#sSpan2557" value="ⲟⲩⲟϩ"/>
		<feat xlink:href="#sSpan2561" value="ⲛⲕⲟⲩⲣ"/>
		<feat xlink:href="#sSpan2567" value="ⲙⲡⲛⲉⲩⲙⲁ"/>
		<feat xlink:href="#sSpan2574" value="ⲁⲛⲟⲕ"/>
		<feat xlink:href="#sSpan2578" value="ⲡⲉⲧⲓⲟⲩⲁϩⲥⲁϩⲛⲓ"/>
		<feat xlink:href="#sSpan2590" value="ⲙⲙⲟⲕ"/>
		<feat xlink:href="#sSpan2596" value="ⲁⲙⲟⲩ"/>
		<feat xlink:href="#sSpan2600" value="ⲉⲃⲟⲗ"/>
		<feat xlink:href="#sSpan2604" value="ⲛϧⲏⲧϥ"/>
		<feat xlink:href="#sSpan2610" value="ⲟⲩⲟϩ"/>
		<feat xlink:href="#sSpan2614" value="ⲙⲡⲣϣⲉ"/>
		<feat xlink:href="#sSpan2620" value="ϫⲉ"/>
		<feat xlink:href="#sSpan2624" value="ⲉϧⲟⲩⲛ"/>
		<feat xlink:href="#sSpan2628" value="ⲉⲣⲟϥ"/>
		<feat xlink:href="#sSpan2634" value="."/>
		<feat xlink:href="#sSpan2638" value="ⲟⲩⲟϩ"/>
		<feat xlink:href="#sSpan2644" value="ⲉⲧⲁϥⲱϣ"/>
		<feat xlink:href="#sSpan2655" value="ⲉⲃⲟⲗ"/>
		<feat xlink:href="#sSpan2659" value="ⲟⲩⲟϩ"/>
		<feat xlink:href="#sSpan2663" value="ⲉⲧⲁϥϣⲧⲉⲣⲑⲱⲣϥ"/>
		<feat xlink:href="#sSpan2675" value="ⲛⲟⲩⲙⲏϣ"/>
		<feat xlink:href="#sSpan2683" value="ⲁϥⲓ"/>
		<feat xlink:href="#sSpan2691" value="ⲉⲃⲟⲗ"/>
		<feat xlink:href="#sSpan2695" value="ⲟⲩⲟϩ"/>
		<feat xlink:href="#sSpan2699" value="ⲁϥⲉⲣⲙⲫⲣⲏϯ"/>
		<feat xlink:href="#sSpan2713" value="ⲛⲟⲩⲣⲉϥⲙⲱⲟⲩⲧ"/>
		<feat xlink:href="#sSpan2724" value="ϩⲱⲥⲧⲉ"/>
		<feat xlink:href="#sSpan2728" value="ⲛⲧⲉⲟⲩⲙⲏϣ"/>
		<feat xlink:href="#sSpan2736" value="ϫⲟⲥ"/>
		<feat xlink:href="#sSpan2742" value="ϫⲉⲁϥⲙⲟⲩ"/>
		<feat xlink:href="#sSpan2752" value="."/>
		<feat xlink:href="#sSpan2757" value="ⲓⲏⲥⲟⲩⲥ"/>
		<feat xlink:href="#sSpan2764" value="ⲇⲉ"/>
		<feat xlink:href="#sSpan2768" value="ⲁϥⲁⲙⲟⲛⲓ"/>
		<feat xlink:href="#sSpan2776" value="ⲛⲧⲉϥϫⲓϫ"/>
		<feat xlink:href="#sSpan2784" value="ⲁϥⲧⲟⲩⲛⲟⲥϥ"/>
		<feat xlink:href="#sSpan2794" value="ⲟⲩⲟϩ"/>
		<feat xlink:href="#sSpan2798" value="ⲁϥⲧⲱⲛϥ"/>
		<feat xlink:href="#sSpan2808" value="."/>
		<feat xlink:href="#sSpan2812" value="ⲟⲩⲟϩ"/>
		<feat xlink:href="#sSpan2818" value="ⲁϥϣⲉ"/>
		<feat xlink:href="#sSpan2826" value="ⲛⲁϥ"/>
		<feat xlink:href="#sSpan2832" value="ⲉϧⲟⲩⲛ"/>
		<feat xlink:href="#sSpan2836" value="ⲉⲡⲉϥⲏⲓ"/>
		<feat xlink:href="#sSpan2844" value="ⲁⲛⲉϥⲙⲁⲑⲏⲧⲏⲥ"/>
		<feat xlink:href="#sSpan2853" value="ϣⲉⲛϥ"/>
		<feat xlink:href="#sSpan2859" value="ⲥⲁⲡⲥⲁ"/>
		<feat xlink:href="#sSpan2867" value="ϫⲉⲉⲑⲃⲉⲟⲩ"/>
		<feat xlink:href="#sSpan2875" value="ⲁⲛⲟⲛ"/>
		<feat xlink:href="#sSpan2879" value="ⲙⲡⲉⲛϣϫⲉⲙϫⲟⲙ"/>
		<feat xlink:href="#sSpan2889" value="ⲛϩⲓⲧϥ"/>
		<feat xlink:href="#sSpan2897" value="ⲉⲃⲟⲗ"/>
		<feat xlink:href="#sSpan2901" value="."/>
		<feat xlink:href="#sSpan2905" value="ⲟⲩⲟϩ"/>
		<feat xlink:href="#sSpan2911" value="ⲡⲉϫⲁϥ"/>
		<feat xlink:href="#sSpan2917" value="ⲛⲱⲟⲩ"/>
		<feat xlink:href="#sSpan2923" value="ϫⲉⲡⲁⲓⲅⲉⲛⲟⲥ"/>
		<feat xlink:href="#sSpan2932" value="ⲙⲙⲟⲛ"/>
		<feat xlink:href="#sSpan2936" value="ϣϫⲟⲙ"/>
		<feat xlink:href="#sSpan2940" value="ⲛⲧⲉϥⲓ"/>
		<feat xlink:href="#sSpan2948" value="ⲉⲃⲟⲗ"/>
		<feat xlink:href="#sSpan2952" value="ϧⲉⲛϩⲗⲓ"/>
		<feat xlink:href="#sSpan2958" value="ⲉⲃⲏⲗ"/>
		<feat xlink:href="#sSpan2962" value="ϧⲉⲛⲟⲩⲡⲣⲟⲥⲉⲩⲭⲏ"/>
		<feat xlink:href="#sSpan2971" value="ⲛⲉⲙⲟⲩⲛⲏⲥⲧⲓⲁ"/>
		<feat xlink:href="#sSpan2980" value="."/>
		<feat xlink:href="#sSpan2984" value="ⲟⲩⲟϩ"/>
		<feat xlink:href="#sSpan2990" value="ⲉⲧⲁϥⲓ"/>
		<feat xlink:href="#sSpan3000" value="ⲉⲃⲟⲗ"/>
		<feat xlink:href="#sSpan3004" value="ⲙⲙⲁⲩ"/>
		<feat xlink:href="#sSpan3008" value="ⲛⲁϥⲥⲓⲛⲓⲱⲟⲩ"/>
		<feat xlink:href="#sSpan3016" value="ⲡⲉ"/>
		<feat xlink:href="#sSpan3020" value="ⲉⲃⲟⲗ"/>
		<feat xlink:href="#sSpan3024" value="ϩⲓⲧⲉⲛϯⲅⲁⲗⲓⲗⲉⲁ"/>
		<feat xlink:href="#sSpan3033" value="ⲟⲩⲟϩ"/>
		<feat xlink:href="#sSpan3037" value="ⲁϥⲟⲩⲱϣ"/>
		<feat xlink:href="#sSpan3045" value="ⲁⲛ"/>
		<feat xlink:href="#sSpan3049" value="ⲡⲉ"/>
		<feat xlink:href="#sSpan3054" value="ϩⲓⲛⲁ"/>
		<feat xlink:href="#sSpan3058" value="ⲛⲧⲉϩⲗⲓ"/>
		<feat xlink:href="#sSpan3064" value="ⲉⲙⲓ"/>
		<feat xlink:href="#sSpan3068" value="."/>
		<feat xlink:href="#sSpan3072" value="ⲛⲁϥϯⲥⲃⲱ"/>
		<feat xlink:href="#sSpan3085" value="ⲅⲁⲣ"/>
		<feat xlink:href="#sSpan3089" value="ⲡⲉ"/>
		<feat xlink:href="#sSpan3093" value="ⲛⲛⲉϥⲙⲁⲑⲏⲧⲏⲥ"/>
		<feat xlink:href="#sSpan3102" value="ⲟⲩⲟϩ"/>
		<feat xlink:href="#sSpan3106" value="ⲛⲁϥϫⲱ"/>
		<feat xlink:href="#sSpan3114" value="ⲙⲙⲟⲥ"/>
		<feat xlink:href="#sSpan3120" value="ⲛⲱⲟⲩ"/>
		<feat xlink:href="#sSpan3126" value="ϫⲉⲡϣⲏⲣⲓ"/>
		<feat xlink:href="#sSpan3134" value="ⲙⲫⲣⲱⲙⲓ"/>
		<feat xlink:href="#sSpan3142" value="ⲥⲉⲛⲁⲧⲏⲓϥ"/>
		<feat xlink:href="#sSpan3152" value="ⲉϧⲣⲏⲓ"/>
		<feat xlink:href="#sSpan3156" value="ⲉⲛⲉⲛϫⲓϫ"/>
		<feat xlink:href="#sSpan3164" value="ⲛⲛⲓⲣⲱⲙⲓ"/>
		<feat xlink:href="#sSpan3172" value="ⲟⲩⲟϩ"/>
		<feat xlink:href="#sSpan3176" value="ⲥⲉⲛⲁϧⲟⲑⲃϥ"/>
		<feat xlink:href="#sSpan3186" value="ⲙⲉⲛⲉⲛⲥⲁⲅ"/>
		<feat xlink:href="#sSpan3192" value="ⲛⲉϩⲟⲟⲩ"/>
		<feat xlink:href="#sSpan3198" value="ϥⲛⲁⲧⲱⲛϥ"/>
		<feat xlink:href="#sSpan3208" value="."/>
		<feat xlink:href="#sSpan3212" value="ⲛⲑⲱⲟⲩ"/>
		<feat xlink:href="#sSpan3219" value="ⲇⲉ"/>
		<feat xlink:href="#sSpan3223" value="ⲛⲁⲩⲟⲓ"/>
		<feat xlink:href="#sSpan3231" value="ⲛⲁⲧⲉⲙⲓ"/>
		<feat xlink:href="#sSpan3239" value="ⲉⲡⲓⲥⲁϫⲓ"/>
		<feat xlink:href="#sSpan3247" value="ⲟⲩⲟϩ"/>
		<feat xlink:href="#sSpan3251" value="ⲛⲁⲩⲉⲣϩⲟϯ"/>
		<feat xlink:href="#sSpan3261" value="ⲉϣⲉⲛϥ"/>
		<feat xlink:href="#sSpan3269" value="ⲡⲉ"/>
		<feat xlink:href="#sSpan3273" value="."/>
		<feat xlink:href="#sSpan3277" value="ⲟⲩⲟϩ"/>
		<feat xlink:href="#sSpan3283" value="ⲁϥⲓ"/>
		<feat xlink:href="#sSpan3291" value="ⲉϧⲟⲩⲛ"/>
		<feat xlink:href="#sSpan3295" value="ⲉⲕⲁⲫⲁⲣⲛⲁⲟⲩⲙ"/>
		<feat xlink:href="#sSpan3302" value="ⲟⲩⲟϩ"/>
		<feat xlink:href="#sSpan3306" value="ⲉⲧⲁϥⲓ"/>
		<feat xlink:href="#sSpan3316" value="ⲉϧⲟⲩⲛ"/>
		<feat xlink:href="#sSpan3320" value="ⲉⲡⲓⲏⲓ"/>
		<feat xlink:href="#sSpan3328" value="ⲛⲁϥϣⲓⲛⲓ"/>
		<feat xlink:href="#sSpan3336" value="ⲙⲙⲱⲟⲩ"/>
		<feat xlink:href="#sSpan3342" value="ϫⲉⲟⲩ"/>
		<feat xlink:href="#sSpan3348" value="ⲉⲛⲁⲣⲉⲧⲉⲛⲙⲟⲕⲙⲉⲕ"/>
		<feat xlink:href="#sSpan3358" value="ⲉⲣⲱⲟⲩ"/>
		<feat xlink:href="#sSpan3364" value="ϩⲓⲫⲙⲱⲓⲧ"/>
		<feat xlink:href="#sSpan3372" value="."/>
		<feat xlink:href="#sSpan3376" value="ⲛⲑⲱⲟⲩ"/>
		<feat xlink:href="#sSpan3383" value="ⲇⲉ"/>
		<feat xlink:href="#sSpan3387" value="ⲁⲩⲭⲱ"/>
		<feat xlink:href="#sSpan3395" value="ⲛⲣⲱⲟⲩ"/>
		<feat xlink:href="#sSpan3403" value="ⲛⲁⲩⲥⲁϫⲓ"/>
		<feat xlink:href="#sSpan3412" value="ⲅⲁⲣ"/>
		<feat xlink:href="#sSpan3416" value="ⲡⲉ"/>
		<feat xlink:href="#sSpan3420" value="ⲛⲉⲛⲛⲟⲩⲉⲣⲏⲩ"/>
		<feat xlink:href="#sSpan3428" value="ϩⲓⲫⲙⲱⲓⲧ"/>
		<feat xlink:href="#sSpan3436" value="ϫⲉⲛⲓⲙ"/>
		<feat xlink:href="#sSpan3442" value="ⲙⲙⲱⲟⲩ"/>
		<feat xlink:href="#sSpan3448" value="ⲡⲉ"/>
		<feat xlink:href="#sSpan3452" value="ⲡⲓⲛⲓϣϯ"/>
		<feat xlink:href="#sSpan3458" value="."/>
		<feat xlink:href="#sSpan3462" value="ⲟⲩⲟϩ"/>
		<feat xlink:href="#sSpan3468" value="ⲉⲧⲁϥϩⲉⲙⲥⲓ"/>
		<feat xlink:href="#sSpan3478" value="ⲁϥⲙⲟⲩϯ"/>
		<feat xlink:href="#sSpan3486" value="ⲉⲡⲓⲓⲃ"/>
		<feat xlink:href="#sSpan3494" value="ⲟⲩⲟϩ"/>
		<feat xlink:href="#sSpan3498" value="ⲡⲉϫⲁϥ"/>
		<feat xlink:href="#sSpan3504" value="ⲛⲱⲟⲩ"/>
		<feat xlink:href="#sSpan3510" value="ϫⲉⲫⲏ"/>
		<feat xlink:href="#sSpan3516" value="ⲉⲧⲟⲩⲱϣ"/>
		<feat xlink:href="#sSpan3522" value="ⲉⲉⲣϩⲟⲩⲓⲧ"/>
		<feat xlink:href="#sSpan3530" value="ⲉϥⲉⲉⲣϧⲁⲉ"/>
		<feat xlink:href="#sSpan3538" value="ⲉⲟⲩⲟⲛ"/>
		<feat xlink:href="#sSpan3544" value="ⲛⲓⲃⲉⲛ"/>
		<feat xlink:href="#sSpan3548" value="ⲛⲉⲙⲇⲓⲁⲕⲱⲛ"/>
		<feat xlink:href="#sSpan3555" value="ⲛⲟⲩⲟⲛ"/>
		<feat xlink:href="#sSpan3561" value="ⲛⲓⲃⲉⲛ"/>
		<feat xlink:href="#sSpan3565" value="."/>
		<feat xlink:href="#sSpan3569" value="ⲟⲩⲟϩ"/>
		<feat xlink:href="#sSpan3575" value="ⲉⲧⲁϥϭⲓ"/>
		<feat xlink:href="#sSpan3585" value="ⲛⲟⲩⲁⲗⲟⲩ"/>
		<feat xlink:href="#sSpan3593" value="ⲁϥⲧⲁϩⲟϥ"/>
		<feat xlink:href="#sSpan3603" value="ⲉⲣⲁⲧϥ"/>
		<feat xlink:href="#sSpan3609" value="ϧⲉⲛⲧⲟⲩⲙⲏϯ"/>
		<feat xlink:href="#sSpan3617" value="ⲟⲩⲟϩ"/>
		<feat xlink:href="#sSpan3621" value="ⲉⲧⲁϥⲁⲙⲟⲛⲓ"/>
		<feat xlink:href="#sSpan3631" value="ⲙⲙⲟϥ"/>
		<feat xlink:href="#sSpan3637" value="ⲡⲉϫⲁϥ"/>
		<feat xlink:href="#sSpan3643" value="ⲛⲱⲟⲩ"/>
		<feat xlink:href="#sSpan3649" value="ϫⲉⲫⲏ"/>
		<feat xlink:href="#sSpan3657" value="ⲉⲧⲛⲁϣⲉⲡⲟⲩⲁⲓ"/>
		<feat xlink:href="#sSpan3667" value="ⲛⲛⲁⲓⲁⲗⲱⲟⲩⲓ"/>
		<feat xlink:href="#sSpan3675" value="ⲙⲡⲁⲓⲣⲏϯ"/>
		<feat xlink:href="#sSpan3683" value="ⲉⲡⲁⲣⲁⲛ"/>
		<feat xlink:href="#sSpan3691" value="ⲁⲛⲟⲕ"/>
		<feat xlink:href="#sSpan3695" value="ⲡⲉⲧⲉϥϣⲱⲡ"/>
		<feat xlink:href="#sSpan3705" value="ⲙⲙⲟⲓ"/>
		<feat xlink:href="#sSpan3711" value="ⲟⲩⲟϩ"/>
		<feat xlink:href="#sSpan3715" value="ⲫⲏ"/>
		<feat xlink:href="#sSpan3719" value="ⲉⲧϣⲱⲡ"/>
		<feat xlink:href="#sSpan3725" value="ⲙⲙⲟⲓ"/>
		<feat xlink:href="#sSpan3731" value="ⲁⲛⲟⲕ"/>
		<feat xlink:href="#sSpan3735" value="ⲁⲛ"/>
		<feat xlink:href="#sSpan3739" value="ⲡⲉⲧⲉϥϣⲱⲡ"/>
		<feat xlink:href="#sSpan3749" value="ⲙⲙⲟⲓ"/>
		<feat xlink:href="#sSpan3756" value="ⲁⲗⲗⲁ"/>
		<feat xlink:href="#sSpan3760" value="ⲁϥϣⲱⲡ"/>
		<feat xlink:href="#sSpan3768" value="ⲙⲫⲏ"/>
		<feat xlink:href="#sSpan3774" value="ⲉⲧⲁϥⲧⲁⲟⲩⲟⲓ"/>
		<feat xlink:href="#sSpan3786" value="."/>
		<feat xlink:href="#sSpan3790" value="ⲡⲉϫⲁϥ"/>
		<feat xlink:href="#sSpan3798" value="ⲛⲁϥ"/>
		<feat xlink:href="#sSpan3804" value="ⲛϫⲉⲓⲱⲁⲛⲛⲏⲥ"/>
		<feat xlink:href="#sSpan3811" value="ϫⲉⲫⲣⲉϥϯⲥⲃⲱ"/>
		<feat xlink:href="#sSpan3822" value="ⲁⲛⲛⲁⲩ"/>
		<feat xlink:href="#sSpan3830" value="ⲉⲟⲩⲁⲓ"/>
		<feat xlink:href="#sSpan3836" value="ⲉϥϩⲓⲇⲉⲙⲱⲛ"/>
		<feat xlink:href="#sSpan3846" value="ⲉⲃⲟⲗ"/>
		<feat xlink:href="#sSpan3850" value="ϧⲉⲛⲡⲉⲕⲣⲁⲛ"/>
		<feat xlink:href="#sSpan3858" value="ⲟⲩⲟϩ"/>
		<feat xlink:href="#sSpan3862" value="ⲁⲛⲧⲁϩⲛⲟ"/>
		<feat xlink:href="#sSpan3870" value="ⲙⲙⲟϥ"/>
		<feat xlink:href="#sSpan3876" value="ϫⲉⲛϥⲟⲩⲉϩ"/>
		<feat xlink:href="#sSpan3886" value="ⲛⲥⲱⲛ"/>
		<feat xlink:href="#sSpan3893" value="ⲁⲛ"/>
		<feat xlink:href="#sSpan3897" value="."/>
		<feat xlink:href="#sSpan3902" value="ⲓⲏⲥⲟⲩⲥ"/>
		<feat xlink:href="#sSpan3909" value="ⲇⲉ"/>
		<feat xlink:href="#sSpan3913" value="ⲡⲉϫⲁϥ"/>
		<feat xlink:href="#sSpan3919" value="ⲛⲁϥ"/>
		<feat xlink:href="#sSpan3925" value="ϫⲉⲙⲡⲣⲧⲁϩⲛⲟ"/>
		<feat xlink:href="#sSpan3933" value="ⲙⲙⲟϥ"/>
		<feat xlink:href="#sSpan3939" value="ⲙⲙⲟⲛ"/>
		<feat xlink:href="#sSpan3943" value="ϩⲗⲓ"/>
		<feat xlink:href="#sSpan3948" value="ⲅⲁⲣ"/>
		<feat xlink:href="#sSpan3952" value="ⲫⲏ"/>
		<feat xlink:href="#sSpan3956" value="ⲉⲑⲛⲁⲓⲣⲓ"/>
		<feat xlink:href="#sSpan3964" value="ⲛⲟⲩϫⲟⲙ"/>
		<feat xlink:href="#sSpan3972" value="ⲉϫⲉⲛⲡⲁⲣⲁⲛ"/>
		<feat xlink:href="#sSpan3980" value="ⲟⲩⲟϩ"/>
		<feat xlink:href="#sSpan3984" value="ⲛⲧⲉϥϣϫⲉⲙϫⲟⲙ"/>
		<feat xlink:href="#sSpan3994" value="ⲛⲭⲱⲗⲉⲙ"/>
		<feat xlink:href="#sSpan4000" value="ⲉⲥⲁϫⲓ"/>
		<feat xlink:href="#sSpan4006" value="ⲉϥϩⲱⲟⲩ"/>
		<feat xlink:href="#sSpan4014" value="ϧⲁⲣⲟⲓ"/>
		<feat xlink:href="#sSpan4020" value="."/>
		<feat xlink:href="#sSpan4024" value="ⲫⲏ"/>
		<feat xlink:href="#sSpan4031" value="ⲅⲁⲣ"/>
		<feat xlink:href="#sSpan4035" value="ⲉⲧⲉⲛϥⲟⲩⲃⲏⲛ"/>
		<feat xlink:href="#sSpan4048" value="ⲁⲛ"/>
		<feat xlink:href="#sSpan4052" value="ⲁϥϯ"/>
		<feat xlink:href="#sSpan4060" value="ⲉϫⲱⲛ"/>
		<feat xlink:href="#sSpan4066" value="."/>
		<feat xlink:href="#sSpan4070" value="ⲫⲏ"/>
		<feat xlink:href="#sSpan4077" value="ⲅⲁⲣ"/>
		<feat xlink:href="#sSpan4081" value="ⲉⲧⲛⲁⲧⲥⲉⲑⲏⲛⲟⲩ"/>
		<feat xlink:href="#sSpan4091" value="ⲛⲟⲩⲁⲫⲟⲧ"/>
		<feat xlink:href="#sSpan4099" value="ⲙⲙⲱⲟⲩ"/>
		<feat xlink:href="#sSpan4105" value="ϧⲉⲛⲡⲁⲣⲁⲛ"/>
		<feat xlink:href="#sSpan4113" value="ϫⲉⲛⲑⲱⲧⲉⲛ"/>
		<feat xlink:href="#sSpan4119" value="ⲛⲁⲡⲭⲣⲓⲥⲧⲟⲥ"/>
		<feat xlink:href="#sSpan4129" value="ⲁⲙⲏⲛ"/>
		<feat xlink:href="#sSpan4133" value="ϯϫⲱ"/>
		<feat xlink:href="#sSpan4139" value="ⲙⲙⲟⲥ"/>
		<feat xlink:href="#sSpan4145" value="ⲛⲱⲧⲉⲛ"/>
		<feat xlink:href="#sSpan4151" value="ϫⲉⲛⲛⲉϥⲧⲁⲕⲟ"/>
		<feat xlink:href="#sSpan4161" value="ⲛϫⲉⲡⲉϥⲃⲉⲭⲉ"/>
		<feat xlink:href="#sSpan4169" value="."/>
		<feat xlink:href="#sSpan4173" value="ⲟⲩⲟϩ"/>
		<feat xlink:href="#sSpan4179" value="ⲫⲏ"/>
		<feat xlink:href="#sSpan4183" value="ⲉⲑⲛⲁⲉⲣⲥⲕⲁⲛⲇⲁⲗⲓⲍⲉⲥⲑⲉ"/>
		<feat xlink:href="#sSpan4194" value="ⲛⲟⲩⲁⲓ"/>
		<feat xlink:href="#sSpan4200" value="ⲛⲛⲁⲓⲕⲟⲩϫⲓ"/>
		<feat xlink:href="#sSpan4208" value="ⲉⲑⲛⲁϩϯ"/>
		<feat xlink:href="#sSpan4214" value="ⲛⲁⲛⲉⲥ"/>
		<feat xlink:href="#sSpan4220" value="ⲛⲁϥ"/>
		<feat xlink:href="#sSpan4227" value="ⲙⲁⲗⲗⲟⲛ"/>
		<feat xlink:href="#sSpan4231" value="ⲉⲉϣⲟⲩⲱⲛⲓ"/>
		<feat xlink:href="#sSpan4241" value="ⲙⲙⲟⲩⲗⲟⲛ"/>
		<feat xlink:href="#sSpan4248" value="ⲉϧⲏⲧϥ"/>
		<feat xlink:href="#sSpan4256" value="ⲟⲩⲟϩ"/>
		<feat xlink:href="#sSpan4260" value="ⲛⲧⲟⲩϩⲓⲧϥ"/>
		<feat xlink:href="#sSpan4270" value="ⲉⲫⲓⲟⲙ"/>
		<feat xlink:href="#sSpan4278" value="."/>
		<feat xlink:href="#sSpan4282" value="ⲟⲩⲟϩ"/>
		<feat xlink:href="#sSpan4288" value="ⲉϣⲱⲡ"/>
		<feat xlink:href="#sSpan4292" value="ⲛⲧⲉⲧⲉⲕϫⲓϫ"/>
		<feat xlink:href="#sSpan4301" value="ⲉⲣⲥⲕⲁⲛⲇⲁⲗⲓⲍⲉⲥⲑⲉ"/>
		<feat xlink:href="#sSpan4307" value="ⲙⲙⲟⲕ"/>
		<feat xlink:href="#sSpan4313" value="ϫⲟϫⲥ"/>
		<feat xlink:href="#sSpan4319" value="ⲉⲃⲟⲗ"/>
		<feat xlink:href="#sSpan4323" value="ⲛⲁⲛⲉⲥ"/>
		<feat xlink:href="#sSpan4329" value="ⲛⲁⲕ"/>
		<feat xlink:href="#sSpan4335" value="ⲛⲧⲉⲕⲓ"/>
		<feat xlink:href="#sSpan4343" value="ⲉϧⲟⲩⲛ"/>
		<feat xlink:href="#sSpan4347" value="ⲉⲡⲓⲱⲛϧ"/>
		<feat xlink:href="#sSpan4355" value="ⲉⲕⲟⲓ"/>
		<feat xlink:href="#sSpan4363" value="ⲛϫⲁϭⲏ"/>
		<feat xlink:href="#sSpan4369" value="ⲓⲉ"/>
		<feat xlink:href="#sSpan4373" value="ⲉⲣⲉϫⲓϫ"/>
		<feat xlink:href="#sSpan4379" value="ⲥⲛⲟⲩϯ"/>
		<feat xlink:href="#sSpan4383" value="ⲉⲣⲟⲕ"/>
		<feat xlink:href="#sSpan4389" value="ⲛⲧⲉⲕϣⲉ"/>
		<feat xlink:href="#sSpan4397" value="ⲉϯⲅⲉⲉⲛⲛⲁ"/>
		<feat xlink:href="#sSpan4406" value="ⲉⲡⲓⲭⲣⲱⲙ"/>
		<feat xlink:href="#sSpan4414" value="ⲛⲁⲧϭⲉⲛⲟ"/>
		<feat xlink:href="#sSpan4422" value="."/>
		<feat xlink:href="#sSpan4427" value="..."/>
		<feat xlink:href="#sSpan4433" value="ⲟⲩⲟϩ"/>
		<feat xlink:href="#sSpan4439" value="ⲉϣⲱⲡ"/>
		<feat xlink:href="#sSpan4443" value="ⲛⲧⲉⲧⲉⲕϭⲁⲗⲟϫ"/>
		<feat xlink:href="#sSpan4452" value="ⲉⲣⲥⲕⲁⲛⲇⲁⲗⲓⲍⲉⲥⲑⲉ"/>
		<feat xlink:href="#sSpan4458" value="ⲙⲙⲟⲕ"/>
		<feat xlink:href="#sSpan4464" value="ϫⲟϫⲥ"/>
		<feat xlink:href="#sSpan4470" value="ϩⲓⲧⲥ"/>
		<feat xlink:href="#sSpan4476" value="ⲉⲃⲟⲗ"/>
		<feat xlink:href="#sSpan4480" value="ⲛⲁⲛⲉⲥ"/>
		<feat xlink:href="#sSpan4486" value="ⲛⲁⲕ"/>
		<feat xlink:href="#sSpan4492" value="ⲛⲧⲉⲕⲓ"/>
		<feat xlink:href="#sSpan4500" value="ⲉϧⲟⲩⲛ"/>
		<feat xlink:href="#sSpan4504" value="ⲉⲡⲓⲱⲛϧ"/>
		<feat xlink:href="#sSpan4512" value="ⲉⲕⲟⲓ"/>
		<feat xlink:href="#sSpan4520" value="ⲛϭⲁⲗⲉ"/>
		<feat xlink:href="#sSpan4526" value="ⲉϩⲟⲧⲉ"/>
		<feat xlink:href="#sSpan4530" value="ⲉⲣⲉⲟⲩⲟⲛ"/>
		<feat xlink:href="#sSpan4536" value="ϭⲁⲗⲟϫ"/>
		<feat xlink:href="#sSpan4540" value="ⲥⲛⲟⲩϯ"/>
		<feat xlink:href="#sSpan4544" value="ⲉⲣⲟⲕ"/>
		<feat xlink:href="#sSpan4550" value="ⲛⲥⲉϩⲓⲧⲕ"/>
		<feat xlink:href="#sSpan4560" value="ⲉϯⲅⲉⲉⲛⲛⲁ"/>
		<feat xlink:href="#sSpan4570" value="..."/>
		<feat xlink:href="#sSpan4576" value="ⲟⲩⲟϩ"/>
		<feat xlink:href="#sSpan4582" value="ⲉϣⲱⲡ"/>
		<feat xlink:href="#sSpan4586" value="ⲛⲧⲉⲡⲉⲕⲃⲁⲗ"/>
		<feat xlink:href="#sSpan4595" value="ⲉⲣⲥⲕⲁⲛⲇⲁⲗⲓⲍⲉⲥⲑⲉ"/>
		<feat xlink:href="#sSpan4601" value="ⲙⲙⲟⲕ"/>
		<feat xlink:href="#sSpan4607" value="ⲫⲟⲣⲕϥ"/>
		<feat xlink:href="#sSpan4613" value="ⲉⲃⲟⲗ"/>
		<feat xlink:href="#sSpan4617" value="ⲛⲁⲛⲉⲥ"/>
		<feat xlink:href="#sSpan4623" value="ⲛⲁⲕ"/>
		<feat xlink:href="#sSpan4629" value="ⲛⲧⲉⲕⲓ"/>
		<feat xlink:href="#sSpan4637" value="ⲉϧⲟⲩⲛ"/>
		<feat xlink:href="#sSpan4641" value="ⲉϯⲙⲉⲧⲟⲩⲣⲟ"/>
		<feat xlink:href="#sSpan4651" value="ⲛⲧⲉⲫⲛⲟⲩϯ"/>
		<feat xlink:href="#sSpan4659" value="ⲉⲟⲩⲃⲁⲗ"/>
		<feat xlink:href="#sSpan4667" value="ⲙⲙⲁⲩⲁⲧϥ"/>
		<feat xlink:href="#sSpan4673" value="ⲉⲧⲉⲣⲟⲕ"/>
		<feat xlink:href="#sSpan4681" value="ⲉϩⲟⲧⲉ"/>
		<feat xlink:href="#sSpan4685" value="ⲉⲟⲩⲟⲛ"/>
		<feat xlink:href="#sSpan4691" value="ⲃⲁⲗ"/>
		<feat xlink:href="#sSpan4695" value="ⲙⲙⲟⲕ"/>
		<feat xlink:href="#sSpan4701" value="ⲛⲥⲉϩⲓⲧⲕ"/>
		<feat xlink:href="#sSpan4711" value="ⲉϯⲅⲉⲉⲛⲛⲁ"/>
		<feat xlink:href="#sSpan4720" value="ⲡⲓⲙⲁ"/>
		<feat xlink:href="#sSpan4728" value="ⲉⲧⲉⲙⲡⲁⲣⲉⲡⲟⲩϥⲉⲛⲧ"/>
		<feat xlink:href="#sSpan4738" value="ⲙⲟⲩ"/>
		<feat xlink:href="#sSpan4742" value="ⲟⲩⲟϩ"/>
		<feat xlink:href="#sSpan4746" value="ⲡⲟⲩⲭⲣⲱⲙ"/>
		<feat xlink:href="#sSpan4752" value="ⲙⲡⲁϥϭⲉⲛⲟ"/>
		<feat xlink:href="#sSpan4760" value="."/>
		<feat xlink:href="#sSpan4764" value="ⲟⲩⲟⲛ"/>
		<feat xlink:href="#sSpan4770" value="ⲛⲓⲃⲉⲛ"/>
		<feat xlink:href="#sSpan4774" value="ϣⲁⲩⲙⲟⲗϩϥ"/>
		<feat xlink:href="#sSpan4784" value="ⲙⲡⲓⲭⲣⲱⲙ"/>
		<feat xlink:href="#sSpan4792" value="."/>
		<feat xlink:href="#sSpan4796" value="ⲛⲁⲛⲉ"/>
		<feat xlink:href="#sSpan4802" value="ⲡⲓϩⲙⲟⲩ"/>
		<feat xlink:href="#sSpan4808" value="ⲉϣⲱⲡ"/>
		<feat xlink:href="#sSpan4813" value="ⲇⲉ"/>
		<feat xlink:href="#sSpan4817" value="ⲛⲧⲉⲡⲓϩⲙⲟⲩ"/>
		<feat xlink:href="#sSpan4826" value="ⲉⲣⲁⲧϩⲙⲟⲩ"/>
		<feat xlink:href="#sSpan4832" value="ⲉϣⲁⲩⲙⲟⲗϩϥ"/>
		<feat xlink:href="#sSpan4844" value="ϧⲉⲛⲟⲩ"/>
		<feat xlink:href="#sSpan4850" value="ⲙⲁⲣⲉϩⲙⲟⲩ"/>
		<feat xlink:href="#sSpan4856" value="ϣⲱⲡⲓ"/>
		<feat xlink:href="#sSpan4860" value="ϧⲉⲛⲑⲏⲛⲟⲩ"/>
		<feat xlink:href="#sSpan4866" value="ⲟⲩⲟϩ"/>
		<feat xlink:href="#sSpan4871" value="ⲁⲣⲓϩⲓⲣⲏⲛⲏ"/>
		<feat xlink:href="#sSpan4877" value="ϧⲉⲛⲛⲉⲧⲛⲉⲣⲏⲩ"/>
		<feat xlink:href="#sSpan4885" value="."/></featList></paula>