<?xml version="1.0" encoding="UTF-8" standalone="no"?>

<!DOCTYPE paula SYSTEM "paula_feat.dtd">
<paula version="1.0">

<header paula_id="Abraham.ZHfrgmts1a_d_merge_pos"/>

<featList xmlns:xlink="http://www.w3.org/1999/xlink" type="pos" xml:base="Abraham.ZHfrgmts1a_d_merge.posSeg.xml">
<feat xlink:href="#pos_1" value="ART"/><!-- ϩ̣ⲉⲛ -->
<feat xlink:href="#pos_2" value="N"/><!-- ⲣⲱⲙⲉ -->
<feat xlink:href="#pos_3" value="PTC"/><!-- ⲇⲉ -->
<feat xlink:href="#pos_4" value="PPERI"/><!-- ⲛ̄ⲧⲟϥ -->
<feat xlink:href="#pos_5" value="CREL"/><!-- ⲉ -->
<feat xlink:href="#pos_6" value="EXIST"/><!-- ⲙ︤ⲛ︦ⲧ︥ⲁ -->
<feat xlink:href="#pos_7" value="PPERS"/><!-- ⲩ -->
<feat xlink:href="#pos_8" value="N"/><!-- ⲙ̄ -->
<feat xlink:href="#pos_10" value="PPERS"/><!-- ⲩ -->
<feat xlink:href="#pos_11" value="PREP"/><!-- ⲛ̄ -->
<feat xlink:href="#pos_12" value="ART"/><!-- ϩⲉⲛ -->
<feat xlink:href="#pos_13" value="N"/><!-- ϣⲏⲣⲉ -->
<feat xlink:href="#pos_14" value="PREP"/><!-- ⲙ︤ⲛ︥ -->
<feat xlink:href="#pos_15" value="ART"/><!-- ϩⲉⲛ -->
<feat xlink:href="#pos_16" value="N"/><!-- ϣⲉⲉⲣⲉ -->
<feat xlink:href="#pos_17" value="PREP"/><!-- ⲕⲁⲧⲁ -->
<feat xlink:href="#pos_18" value="N"/><!-- ⲥⲁⲣⲝ -->
<feat xlink:href="#pos_19" value="PUNCT"/><!-- · -->
<feat xlink:href="#pos_20" value="CONJ"/><!-- ⲏ̂ -->
<feat xlink:href="#pos_21" value="PPERI"/><!-- ⲛ̄ⲧⲟϥ` -->
<feat xlink:href="#pos_22" value="PREP"/><!-- ⲉ -->
<feat xlink:href="#pos_23" value="N"/><!-- ⲩ -->
<feat xlink:href="#pos_25" value="PPERS"/><!-- ⲩ -->
<feat xlink:href="#pos_26" value="PUNCT"/><!-- , -->
<feat xlink:href="#pos_27" value="CONJ"/><!-- ⲁⲩⲱ -->
<feat xlink:href="#pos_28" value="PREP"/><!-- ⲛ̄ -->
<feat xlink:href="#pos_29" value="PPERS"/><!-- ⲥⲉ -->
<feat xlink:href="#pos_30" value="V"/><!-- ⲁⲡⲟ -->
<feat xlink:href="#pos_32" value="PREP"/><!-- ⲙ̄ⲙⲟ -->
<feat xlink:href="#pos_33" value="PPERO"/><!-- ⲟⲩ -->
<feat xlink:href="#pos_34" value="PREP"/><!-- ⲙ︤ⲛ︥ -->
<feat xlink:href="#pos_35" value="ART"/><!-- ϩⲉ⳯ -->
<feat xlink:href="#pos_36" value="N"/><!-- ϩⲩⲡⲁⲣⲭⲟ⳯ -->
<feat xlink:href="#pos_38" value="CREL"/><!-- ⲉ -->
<feat xlink:href="#pos_39" value="VBD"/><!-- ⲛⲁϣⲱ -->
<feat xlink:href="#pos_40" value="ART"/><!-- ⲟⲩ -->
<feat xlink:href="#pos_41" value="PUNCT"/><!-- · -->
<feat xlink:href="#pos_42" value="CCIRC"/><!-- ⲉ -->
<feat xlink:href="#pos_43" value="PPERS"/><!-- ⲩ -->
<feat xlink:href="#pos_44" value="V"/><!-- ⲟⲩ -->
<feat xlink:href="#pos_46" value="PREP"/><!-- ⲉ -->
<feat xlink:href="#pos_47" value="V"/><!-- ⲙⲟ -->
<feat xlink:href="#pos_49" value="PREP"/><!-- ⲕⲁⲧⲁ -->
<feat xlink:href="#pos_50" value="ART"/><!-- ⲡⲉ -->
<feat xlink:href="#pos_51" value="V"/><!-- ⲙⲡϣⲁ -->
<feat xlink:href="#pos_52" value="PREP"/><!-- ⲙ̄ -->
<feat xlink:href="#pos_53" value="ART"/><!-- ⲡ -->
<feat xlink:href="#pos_54" value="V"/><!-- ⲧⲱϩ︤ⲙ︥ -->
<feat xlink:href="#pos_55" value="PREP"/><!-- ⲙ̄ -->
<feat xlink:href="#pos_56" value="ART"/><!-- ⲡⲉ -->
<feat xlink:href="#pos_57" value="CREL"/><!-- ⲛⲧ -->
<feat xlink:href="#pos_58" value="APST"/><!-- ⲁ -->
<feat xlink:href="#pos_59" value="PPERO"/><!-- ϥ -->
<feat xlink:href="#pos_60" value="V"/><!-- ⲧⲁϩ︤ⲙ︥ -->
<feat xlink:href="#pos_61" value="PPERO"/><!-- ⲟⲩ -->
<feat xlink:href="#pos_62" value="PREP"/><!-- ⲉ -->
<feat xlink:href="#pos_63" value="PDEM"/><!-- ⲡⲉⲓ̈ -->
<feat xlink:href="#pos_64" value="N"/><!-- ⲃⲓⲟⲥ -->
<feat xlink:href="#pos_65" value="PDEM"/><!-- ⲡⲁⲓ̈ -->
<feat xlink:href="#pos_66" value="PUNCT"/><!-- · -->
<feat xlink:href="#pos_67" value="PDEM"/><!-- ⲛⲁⲓ̈ -->
<feat xlink:href="#pos_68" value="CPRET"/><!-- ⲛⲉ -->
<feat xlink:href="#pos_69" value="PREP"/><!-- ⲛ̄ -->
<feat xlink:href="#pos_70" value="N"/><!-- ⲥⲓⲟⲩⲣ -->
<feat xlink:href="#pos_71" value="PREP"/><!-- ⲙ︤ⲛ︥ -->
<feat xlink:href="#pos_72" value="PREP"/><!-- ⲙ̄ -->
<feat xlink:href="#pos_73" value="N"/><!-- ⲡⲁⲣ -->
<feat xlink:href="#pos_75" value="PUNCT"/><!-- . -->
<feat xlink:href="#pos_76" value="CREL"/><!-- ⲉ -->
<feat xlink:href="#pos_78" value="PPERI"/><!-- ⲛ̄ⲧⲱⲧ︤ⲛ︥ -->
<feat xlink:href="#pos_79" value="COP"/><!-- ⲡⲉ -->
<feat xlink:href="#pos_80" value="CPRET"/><!-- ⲛⲉ -->
<feat xlink:href="#pos_81" value="N"/><!-- ⲥⲛⲏⲩ -->
<feat xlink:href="#pos_82" value="PREP"/><!-- ⲙ︤ⲛ︥ -->
<feat xlink:href="#pos_83" value="N"/><!-- ⲟⲩⲟⲛ -->
<feat xlink:href="#pos_84" value="PINT"/><!-- ⲛⲓⲙ -->
<feat xlink:href="#pos_85" value="CREL"/><!-- ⲉⲧ -->
<feat xlink:href="#pos_86" value="V"/><!-- ⲉⲅ -->
<feat xlink:href="#pos_88" value="PREP"/><!-- ⲙ̄ⲙⲟ -->
<feat xlink:href="#pos_89" value="PPERO"/><!-- ⲟⲩ -->
<feat xlink:href="#pos_90" value="PREP"/><!-- ϩ︤ⲙ︥ -->
<feat xlink:href="#pos_91" value="N"/><!-- ⲙⲁ⳱ -->
<feat xlink:href="#pos_92" value="PINT"/><!-- ⲛⲓⲙ -->
<feat xlink:href="#pos_93" value="PREP"/><!-- ϩ︤ⲙ︥ -->
<feat xlink:href="#pos_94" value="ART"/><!-- ⲡ -->
<feat xlink:href="#pos_95" value="N"/><!-- ⲕⲁϩ -->
<feat xlink:href="#pos_96" value="IMOD"/><!-- ⲧⲏⲣ︤ -->
<feat xlink:href="#pos_97" value="PPERO"/><!-- ϥ︥ -->
<feat xlink:href="#pos_98" value="PUNCT"/><!-- · -->
<feat xlink:href="#pos_99" value="CONJ"/><!-- ⲉⲓⲧⲉ -->
<feat xlink:href="#pos_100" value="ART"/><!-- ⲛ -->
<feat xlink:href="#pos_101" value="CREL"/><!-- ⲉⲧⲉ -->
<feat xlink:href="#pos_102" value="PPERO"/><!-- ⲛ̄ -->
<feat xlink:href="#pos_103" value="PPERS"/><!-- ⲥⲉ -->
<feat xlink:href="#pos_104" value="V"/><!-- ⲥⲟⲟⲩ⳯ -->
<feat xlink:href="#pos_105" value="NEG"/><!-- ⲁⲛ -->
<feat xlink:href="#pos_106" value="CONJ"/><!-- ϫⲉ -->
<feat xlink:href="#pos_107" value="ART"/><!-- ⲟ᷍ⲩ -->
<feat xlink:href="#pos_108" value="COP"/><!-- ⲡⲉ -->
<feat xlink:href="#pos_109" value="ART"/><!-- ⲡ -->
<feat xlink:href="#pos_110" value="N"/><!-- ⲅⲁⲙⲟⲥ -->
<feat xlink:href="#pos_111" value="CREL"/><!-- ⲉⲧ -->
<feat xlink:href="#pos_112" value="VSTAT"/><!-- ⲧⲁⲉⲓⲏⲩ -->
<feat xlink:href="#pos_113" value="PREP"/><!-- ⲙ︤ⲛ︥ -->
<feat xlink:href="#pos_114" value="ART"/><!-- ⲡ -->
<feat xlink:href="#pos_115" value="N"/><!-- ⲙⲁ⳱ -->
<feat xlink:href="#pos_116" value="PREP"/><!-- ⲛ̄ -->
<feat xlink:href="#pos_117" value="V"/><!-- ⲛ̄ⲕⲟ -->
<feat xlink:href="#pos_119" value="N"/><!-- ⲉⲧ︤ⲃ︥ⲃⲏ -->
<feat xlink:href="#pos_120" value="PPERS"/><!-- ⲩ -->
<feat xlink:href="#pos_121" value="PUNCT"/><!-- · -->
<feat xlink:href="#pos_122" value="CONJ"/><!-- ⲉⲓⲧⲉ -->
<feat xlink:href="#pos_123" value="CPRET"/><!-- ⲛⲉ -->
<feat xlink:href="#pos_124" value="CREL"/><!-- ⲛⲧ -->
<feat xlink:href="#pos_125" value="APST"/><!-- ⲁ -->
<feat xlink:href="#pos_126" value="PPERS"/><!-- ⲩ -->
<feat xlink:href="#pos_127" value="V"/><!-- ϫⲓ -->
<feat xlink:href="#pos_128" value="N"/><!-- ϩⲓⲙⲉ -->
<feat xlink:href="#pos_129" value="PREP"/><!-- ⲙ︤ⲛ︥ -->
<feat xlink:href="#pos_130" value="ART"/><!-- ⲛⲉ -->
<feat xlink:href="#pos_131" value="CREL"/><!-- ⲛⲧ -->
<feat xlink:href="#pos_132" value="APST"/><!-- ⲁ -->
<feat xlink:href="#pos_133" value="PPERS"/><!-- ⲩ -->
<feat xlink:href="#pos_134" value="V"/><!-- ϫⲓ -->
<feat xlink:href="#pos_135" value="N"/><!-- ϩⲁⲓ̈ -->
<feat xlink:href="#pos_136" value="PUNCT"/><!-- · -->
<feat xlink:href="#pos_138" value="CONJ"/><!-- ⲁⲩⲱ -->
<feat xlink:href="#pos_139" value="APREC"/><!-- ⲛ̄ⲧⲉⲣ -->
<feat xlink:href="#pos_140" value="PPERS"/><!-- ⲟⲩ -->
<feat xlink:href="#pos_141" value="V"/><!-- ⲣ̄ -->
<feat xlink:href="#pos_142" value="ADV"/><!-- ϩⲛⲁⲩ -->
<feat xlink:href="#pos_143" value="ADV"/><!-- ⲉⲃⲟⲗ -->
<feat xlink:href="#pos_144" value="PREP"/><!-- ϩⲓⲧ︤ⲙ︥ -->
<feat xlink:href="#pos_145" value="ART"/><!-- ⲡ -->
<feat xlink:href="#pos_146" value="N"/><!-- ⲛ -->
<feat xlink:href="#pos_150" value="PREP"/><!-- ϩ︤ⲙ︥ -->
<feat xlink:href="#pos_151" value="ART"/><!-- ⲡ -->
<feat xlink:href="#pos_152" value="N"/><!-- ϣⲟ -->
<feat xlink:href="#pos_154" value="PREP"/><!-- ⲙ̄ -->
<feat xlink:href="#pos_155" value="ART"/><!-- ⲡⲉ -->
<feat xlink:href="#pos_156" value="CREL"/><!-- ⲛ -->
<feat xlink:href="#pos_158" value="APST"/><!-- ⲁ -->
<feat xlink:href="#pos_159" value="PPERO"/><!-- ϥ -->
<feat xlink:href="#pos_160" value="V"/><!-- ϫⲟⲟ -->
<feat xlink:href="#pos_161" value="PPERO"/><!-- ⲥ -->
<feat xlink:href="#pos_162" value="CONJ"/><!-- ϫⲉ -->
<feat xlink:href="#pos_163" value="ART"/><!-- ⲡ -->
<feat xlink:href="#pos_164" value="CREL"/><!-- ⲉⲧⲉ -->
<feat xlink:href="#pos_165" value="EXIST"/><!-- ⲟⲩⲛ -->
<feat xlink:href="#pos_166" value="N"/><!-- ϭⲟⲙ -->
<feat xlink:href="#pos_167" value="PREP"/><!-- ⲙ̄ⲙⲟ -->
<feat xlink:href="#pos_168" value="PPERO"/><!-- ϥ -->
<feat xlink:href="#pos_169" value="PREP"/><!-- ⲉ -->
<feat xlink:href="#pos_170" value="V"/><!-- ϥⲓ̂ -->
<feat xlink:href="#pos_171" value="PUNCT"/><!-- . -->
<feat xlink:href="#pos_172" value="AJUS"/><!-- ⲙⲁⲣⲉ -->
<feat xlink:href="#pos_173" value="PPERO"/><!-- ϥ -->
<feat xlink:href="#pos_174" value="V"/><!-- ϥⲓ -->
<feat xlink:href="#pos_175" value="PUNCT"/><!-- · -->
<feat xlink:href="#pos_176" value="APST"/><!-- ⲁ -->
<feat xlink:href="#pos_177" value="PPERS"/><!-- ⲩ -->
<feat xlink:href="#pos_178" value="V"/><!-- ⲁⲡⲟⲧⲁⲥ -->
<feat xlink:href="#pos_180" value="PREP"/><!-- ⲙ̄ -->
<feat xlink:href="#pos_181" value="ART"/><!-- ⲡ -->
<feat xlink:href="#pos_182" value="N"/><!-- ⲅⲁ -->
<feat xlink:href="#pos_184" value="CREL"/><!-- ⲉⲧ -->
<feat xlink:href="#pos_185" value="VSTAT"/><!-- ⲧⲁ -->
<feat xlink:href="#pos_187" value="PUNCT"/><!-- , -->
<feat xlink:href="#pos_188" value="PREP"/><!-- ⲙ︤ⲛ︥ -->
<feat xlink:href="#pos_189" value="ART"/><!-- ⲡ -->
<feat xlink:href="#pos_190" value="N"/><!-- ⲙⲁ⳱ -->
<feat xlink:href="#pos_191" value="PREP"/><!-- ⲛ̄ -->
<feat xlink:href="#pos_192" value="V"/><!-- ⲛ̄ⲕⲟ -->
<feat xlink:href="#pos_194" value="CREL"/><!-- ⲉⲧ -->
<feat xlink:href="#pos_195" value="VSTAT"/><!-- ⲧ︤ⲃ︥ -->
<feat xlink:href="#pos_197" value="CONJ"/><!-- ⲁⲩⲱ -->
<feat xlink:href="#pos_198" value="APST"/><!-- ⲁ -->
<feat xlink:href="#pos_199" value="PPERS"/><!-- ⲩ -->
<feat xlink:href="#pos_200" value="V"/><!-- ⲁⲡⲟⲧⲁⲥⲥⲉ -->
<feat xlink:href="#pos_201" value="PREP"/><!-- ⲛ̄ -->
<feat xlink:href="#pos_202" value="PPOS"/><!-- ⲛⲉⲩ -->
<feat xlink:href="#pos_203" value="N"/><!-- ϣⲏ -->
<feat xlink:href="#pos_205" value="PREP"/><!-- ⲙ︤ⲛ︥ -->
<feat xlink:href="#pos_206" value="PPOS"/><!-- ⲛⲉⲩ -->
<feat xlink:href="#pos_207" value="N"/><!-- ϣⲉⲉⲣⲉ -->
<feat xlink:href="#pos_208" value="PUNCT"/><!-- · -->
<feat xlink:href="#pos_209" value="N"/><!-- ⸖ -->
<feat xlink:href="#pos_210" value="PREP"/><!-- ⲙ︤ⲛ︥ -->
<feat xlink:href="#pos_211" value="PPOS"/><!-- ⲛⲉⲩ -->
<feat xlink:href="#pos_212" value="N"/><!-- ⲥⲛⲏⲩ -->
<feat xlink:href="#pos_213" value="PREP"/><!-- ⲙ︤ⲛ︥ -->
<feat xlink:href="#pos_214" value="PPOS"/><!-- ⲛⲉⲩ -->
<feat xlink:href="#pos_215" value="N"/><!-- ⲉⲓ -->
<feat xlink:href="#pos_217" value="PUNCT"/><!-- . -->
<feat xlink:href="#pos_219" value="PREP"/><!-- ⲙ︤ⲛ︥ -->
<feat xlink:href="#pos_220" value="N"/><!-- ϩⲛⲁⲩ -->
<feat xlink:href="#pos_221" value="PINT"/><!-- ⲛⲓⲙ -->
<feat xlink:href="#pos_222" value="CREL"/><!-- ⲉⲧ -->
<feat xlink:href="#pos_223" value="VSTAT"/><!-- ϣⲟⲟⲡ -->
<feat xlink:href="#pos_224" value="PREP"/><!-- ⲛⲁ -->
<feat xlink:href="#pos_225" value="PPERS"/><!-- ⲩ -->
<feat xlink:href="#pos_226" value="PUNCT"/><!-- · -->
<feat xlink:href="#pos_227" value="CCIRC"/><!-- ⲉ -->
<feat xlink:href="#pos_228" value="PPERS"/><!-- ⲩ -->
<feat xlink:href="#pos_229" value="V"/><!-- ⲉⲓ̈ -->
<feat xlink:href="#pos_231" value="PREP"/><!-- ⲙ̄ -->
<feat xlink:href="#pos_232" value="ART"/><!-- ⲡ -->
<feat xlink:href="#pos_233" value="V"/><!-- ⲙⲉ -->
<feat xlink:href="#pos_235" value="PUNCT"/><!-- , -->
<feat xlink:href="#pos_236" value="PREP"/><!-- ⲙ̄ -->
<feat xlink:href="#pos_237" value="ART"/><!-- ⲡ -->
<feat xlink:href="#pos_238" value="V"/><!-- ϣⲁ -->
<feat xlink:href="#pos_240" value="PREP"/><!-- ⲙ̄ -->
<feat xlink:href="#pos_241" value="ART"/><!-- ⲡ -->
<feat xlink:href="#pos_242" value="N"/><!-- ϫⲟ -->
<feat xlink:href="#pos_244" value="PUNCT"/><!-- . -->
<feat xlink:href="#pos_245" value="CONJ"/><!-- ϫⲉ -->
<feat xlink:href="#pos_246" value="ART"/><!-- ⲡ -->
<feat xlink:href="#pos_247" value="CREL"/><!-- [ⲉ̣ⲧ] -->
<feat xlink:href="#pos_248" value="VSTAT"/><!-- ⲛⲏⲩ -->
<feat xlink:href="#pos_249" value="PREP"/><!-- ϣⲁⲣ[ⲟ̣] -->
<feat xlink:href="#pos_250" value="V"/><!-- ⲉⲓ -->
<feat xlink:href="#pos_251" value="PUNCT"/><!-- , -->
<feat xlink:href="#pos_252" value="CCIRC"/><!-- ⲉ -->
<feat xlink:href="#pos_253" value="PPERO"/><!-- ϥ -->
<feat xlink:href="#pos_254" value="V"/><!-- ⲙⲟⲥⲧⲉ -->
<feat xlink:href="#pos_255" value="PREP"/><!-- ⲙ̄ -->
<feat xlink:href="#pos_256" value="PPOS"/><!-- ⲡⲉϥ -->
<feat xlink:href="#pos_257" value="N"/><!-- ⲉⲓⲱⲧ -->
<feat xlink:href="#pos_258" value="PREP"/><!-- ⲙ︤ⲛ︥ -->
<feat xlink:href="#pos_259" value="ART"/><!-- ⲧⲉ -->
<feat xlink:href="#pos_260" value="PPERO"/><!-- ϥ -->
<feat xlink:href="#pos_261" value="N"/><!-- ⲙⲁ -->
<feat xlink:href="#pos_263" value="PUNCT"/><!-- · -->
<feat xlink:href="#pos_264" value="PREP"/><!-- ⲙ︤ⲛ︥ -->
<feat xlink:href="#pos_265" value="PPOS"/><!-- ⲛⲉϥ -->
<feat xlink:href="#pos_266" value="N"/><!-- ϣⲏⲣⲉ -->
<feat xlink:href="#pos_267" value="PUNCT"/><!-- · -->
<feat xlink:href="#pos_268" value="PREP"/><!-- ⲙ︤ⲛ︥ -->
<feat xlink:href="#pos_269" value="PPOS"/><!-- ⲛⲉϥ -->
<feat xlink:href="#pos_270" value="N"/><!-- ⲥⲛⲏⲩ -->
<feat xlink:href="#pos_271" value="PREP"/><!-- ⲙ︤ⲛ︥ -->
<feat xlink:href="#pos_272" value="PPOS"/><!-- ⲛⲉϥ -->
<feat xlink:href="#pos_273" value="N"/><!-- ⲥⲱ -->
<feat xlink:href="#pos_275" value="PUNCT"/><!-- , -->
<feat xlink:href="#pos_276" value="ADV"/><!-- ⲉⲧⲓ -->
<feat xlink:href="#pos_277" value="PTC"/><!-- ⲇⲉ -->
<feat xlink:href="#pos_278" value="COP"/><!-- ⲧⲉ -->
<feat xlink:href="#pos_279" value="PPERO"/><!-- ϥ -->
<feat xlink:href="#pos_280" value="N"/><!-- ⲕⲉ -->
<feat xlink:href="#pos_281" value="N"/><!-- ⲯⲩ -->
<feat xlink:href="#pos_283" value="PUNCT"/><!-- . -->
<feat xlink:href="#pos_284" value="PDEM"/><!-- ⲛⲁⲓ̈ -->
<feat xlink:href="#pos_285" value="PREP"/><!-- ⲛ̄ -->
<feat xlink:href="#pos_286" value="PDEM"/><!-- ⲧⲉⲓ̈ -->
<feat xlink:href="#pos_287" value="N"/><!-- ϩⲉ -->
<feat xlink:href="#pos_288" value="ACONJ"/><!-- ⲛ -->
<feat xlink:href="#pos_289" value="CREL"/><!-- ⲉⲧ -->
<feat xlink:href="#pos_290" value="FUT"/><!-- ⲛⲁ -->
<feat xlink:href="#pos_291" value="V"/><!-- ϣ -->
<feat xlink:href="#pos_292" value="V"/><!-- ϭ︤ⲙ︥ϭⲟⲙ -->
<feat xlink:href="#pos_293" value="PREP"/><!-- ⲉ -->
<feat xlink:href="#pos_294" value="V"/><!-- ⲣ̂ -->
<feat xlink:href="#pos_295" value="N"/><!-- ⲙⲁⲑⲏ -->
<feat xlink:href="#pos_297" value="PREP"/><!-- ⲙ̄ -->
<feat xlink:href="#pos_298" value="ART"/><!-- ⲡ -->
<feat xlink:href="#pos_299" value="N"/><!-- ϫⲟ -->
<feat xlink:href="#pos_301" value="PREP"/><!-- ⲕⲁⲧⲁ -->
<feat xlink:href="#pos_302" value="ART"/><!-- ⲛⲉ -->
<feat xlink:href="#pos_303" value="N"/><!-- ⲅⲣⲁⲫⲏ -->
<feat xlink:href="#pos_304" value="PUNCT"/><!-- · -->
<feat xlink:href="#pos_305" value="CONJ"/><!-- ⲁⲩⲱ -->
<feat xlink:href="#pos_306" value="PDEM"/><!-- ⲛⲁⲓ̈ -->
<feat xlink:href="#pos_307" value="CPRET"/><!-- ⲛⲉ -->
<feat xlink:href="#pos_308" value="CPRET"/><!-- ⲛⲉ -->
<feat xlink:href="#pos_309" value="N"/><!-- ⲥⲓⲟⲩⲣ -->
<feat xlink:href="#pos_310" value="CREL"/><!-- ⲉⲧⲉ -->
<feat xlink:href="#pos_311" value="EXIST"/><!-- ⲙ︤ⲛ︥ⲧ -->
<feat xlink:href="#pos_312" value="ART"/><!-- ⲟⲩ -->
<feat xlink:href="#pos_313" value="N"/><!-- ϣⲏⲣⲉ -->
<feat xlink:href="#pos_314" value="ADV"/><!-- ⲙ̄ⲙⲁⲩ -->
<feat xlink:href="#pos_315" value="PREP"/><!-- ⲛ̄ⲧⲉ -->
<feat xlink:href="#pos_316" value="ART"/><!-- ⲧ -->
<feat xlink:href="#pos_317" value="N"/><!-- ⲥⲁⲣ︤ⲝ︥ -->
<feat xlink:href="#pos_318" value="PUNCT"/><!-- · -->
<feat xlink:href="#pos_319" value="CCIRC"/><!-- ⲉ -->
<feat xlink:href="#pos_320" value="APST"/><!-- ⲁ -->
<feat xlink:href="#pos_321" value="PPERS"/><!-- ⲩ -->
<feat xlink:href="#pos_322" value="V"/><!-- ϣⲱⲡⲉ -->
<feat xlink:href="#pos_323" value="PTC"/><!-- ⲇⲉ -->
<feat xlink:href="#pos_324" value="PREP"/><!-- ⲛ̄ -->
<feat xlink:href="#pos_325" value="N"/><!-- ⲉⲓⲱⲧ -->
<feat xlink:href="#pos_326" value="PREP"/><!-- ⲛ̣̄ -->
<feat xlink:href="#pos_327" value="N"/><!-- ϩⲁϩ -->
<feat xlink:href="#pos_328" value="PREP"/><!-- ⲛ̄ -->
<feat xlink:href="#pos_329" value="N"/><!-- ϣⲏ -->
<feat xlink:href="#pos_331" value="PUNCT"/><!-- · -->
<feat xlink:href="#pos_332" value="PREP"/><!-- ⲛ̄ⲧⲉ -->
<feat xlink:href="#pos_333" value="ART"/><!-- ⲡ -->
<feat xlink:href="#pos_334" value="N"/><!-- ⲛ -->
<feat xlink:href="#pos_338" value="PUNCT"/><!-- · -->
<feat xlink:href="#pos_339" value="ADV"/><!-- ⲉⲃⲟⲗ -->
<feat xlink:href="#pos_340" value="CONJ"/><!-- ϫⲉ -->
<feat xlink:href="#pos_341" value="CONJ"/><!-- ⲕⲁⲛ` -->
<feat xlink:href="#pos_342" value="CONJ"/><!-- ⲉϣ -->
<feat xlink:href="#pos_344" value="N"/><!-- ⲙ︤ⲛ︥ⲧⲟⲩ -->
<feat xlink:href="#pos_345" value="N"/><!-- ϣⲏⲣⲉ -->
<feat xlink:href="#pos_346" value="PUNCT"/><!-- , -->
<feat xlink:href="#pos_347" value="ADV"/><!-- ⲙ̄ -->
<feat xlink:href="#pos_349" value="PUNCT"/><!-- . -->
<feat xlink:href="#pos_350" value="CONJ"/><!-- ⲏ⳱ -->
<feat xlink:href="#pos_351" value="CONJ"/><!-- ⲉϣ -->
<feat xlink:href="#pos_353" value="EXIST"/><!-- ⲟⲩⲛ̄ⲧⲁ -->
<feat xlink:href="#pos_354" value="PPERS"/><!-- ⲩ -->
<feat xlink:href="#pos_355" value="PUNCT"/><!-- . -->
<feat xlink:href="#pos_356" value="PPERI"/><!-- ⲛ̄ⲧⲟϥ -->
<feat xlink:href="#pos_357" value="ADV"/><!-- ⲙ̄ⲙⲁⲩ -->
<feat xlink:href="#pos_358" value="PUNCT"/><!-- . -->
<feat xlink:href="#pos_359" value="CCIRC"/><!-- ⲉ -->
<feat xlink:href="#pos_360" value="APST"/><!-- ⲁ -->
<feat xlink:href="#pos_361" value="PPERS"/><!-- ⲩ -->
<feat xlink:href="#pos_362" value="V"/><!-- ⲁⲡⲟⲧⲁⲥ -->
<feat xlink:href="#pos_364" value="PREP"/><!-- ⲙ̄ⲙⲟ -->
<feat xlink:href="#pos_365" value="ART"/><!-- ⲟⲩ -->
<feat xlink:href="#pos_366" value="IMOD"/><!-- ⲧⲏⲣ -->
<feat xlink:href="#pos_367" value="ART"/><!-- ⲟⲩ -->
<feat xlink:href="#pos_368" value="PREP"/><!-- ⲙ︤ⲛ︥ -->
<feat xlink:href="#pos_369" value="N"/><!-- ϩⲛⲁⲩ -->
<feat xlink:href="#pos_370" value="PINT"/><!-- ⲛⲓⲙ -->
<feat xlink:href="#pos_371" value="CREL"/><!-- ⲉⲧ -->
<feat xlink:href="#pos_372" value="VSTAT"/><!-- ϣⲟⲟⲡ -->
<feat xlink:href="#pos_373" value="PREP"/><!-- ⲛⲁ -->
<feat xlink:href="#pos_374" value="PPERS"/><!-- ⲩ -->
<feat xlink:href="#pos_375" value="PUNCT"/><!-- . -->
<feat xlink:href="#pos_377" value="APST"/><!-- ⲁ -->
<feat xlink:href="#pos_378" value="PPERS"/><!-- ⲩ -->
<feat xlink:href="#pos_379" value="V"/><!-- ϥⲓ -->
<feat xlink:href="#pos_380" value="PREP"/><!-- ⲙ̄ -->
<feat xlink:href="#pos_381" value="PPOS"/><!-- ⲡⲉⲩ -->
<feat xlink:href="#pos_382" value="N"/><!-- ⲥⳁⲟⲥ -->
<feat xlink:href="#pos_383" value="APST"/><!-- ⲁ -->
<feat xlink:href="#pos_384" value="PPERS"/><!-- ⲩ -->
<feat xlink:href="#pos_385" value="V"/><!-- ⲟⲩⲁϩ -->
<feat xlink:href="#pos_386" value="PPERO"/><!-- ⲟⲩ -->
<feat xlink:href="#pos_387" value="ART"/><!-- ⲛ̄ -->
<feat xlink:href="#pos_388" value="N"/><!-- ⲥⲁ -->
<feat xlink:href="#pos_389" value="ART"/><!-- ⲡ -->
<feat xlink:href="#pos_390" value="N"/><!-- ϫⲟⲉⲓⲥ -->
<feat xlink:href="#pos_391" value="PUNCT"/><!-- · -->
<feat xlink:href="#pos_392" value="ART"/><!-- ϩⲉⲛ -->
<feat xlink:href="#pos_393" value="PDEM"/><!-- ⲧⲉⲓ̈ -->
<feat xlink:href="#pos_394" value="N"/><!-- ⲙⲓ -->
<feat xlink:href="#pos_396" value="PTC"/><!-- ⲇⲉ -->
<feat xlink:href="#pos_397" value="CPRET"/><!-- ⲛⲉ -->
<feat xlink:href="#pos_398" value="PPOS"/><!-- ⲛⲉ⳯ -->
<feat xlink:href="#pos_399" value="N"/><!-- ⲉⲓⲟⲧⲉ -->
<feat xlink:href="#pos_400" value="PUNCT"/><!-- , -->
<feat xlink:href="#pos_401" value="CCIRC"/><!-- ⲉ -->
<feat xlink:href="#pos_402" value="N"/><!-- ⲧⲟⲩ -->
<feat xlink:href="#pos_404" value="CPRET"/><!-- ⲛⲉ -->
<feat xlink:href="#pos_405" value="N"/><!-- ⲡⲣⲟ -->
<feat xlink:href="#pos_407" value="PREP"/><!-- ⲙ︤ⲛ︥ -->
<feat xlink:href="#pos_408" value="ART"/><!-- ⲛ̄ -->
<feat xlink:href="#pos_409" value="N"/><!-- ⲁⲡⲟⲥⲧⲟ -->
<feat xlink:href="#pos_411" value="PUNCT"/><!-- · -->
<feat xlink:href="#pos_412" value="PDEM"/><!-- ⲛⲁⲓ̈ -->
<feat xlink:href="#pos_413" value="ADV"/><!-- ⲛⲁⲙⲉ -->
<feat xlink:href="#pos_414" value="N"/><!-- ⲛ̄ⲧⲁ -->
<feat xlink:href="#pos_415" value="PPERS"/><!-- ⲩ -->
<feat xlink:href="#pos_416" value="V"/><!-- ϣⲱⲡⲉ -->
<feat xlink:href="#pos_417" value="PREP"/><!-- ⲛ̄ -->
<feat xlink:href="#pos_418" value="N"/><!-- ⲥⲓ -->
<feat xlink:href="#pos_420" value="PREP"/><!-- ⲉⲧⲃⲉ -->
<feat xlink:href="#pos_421" value="ART"/><!-- ⲧ -->
<feat xlink:href="#pos_422" value="N"/><!-- ⲙ︤ⲛ︦ⲧ︥ⲉⲣⲟ̂ -->
<feat xlink:href="#pos_423" value="PREP"/><!-- ⲙ̄ -->
<feat xlink:href="#pos_424" value="ART"/><!-- ⲡ -->
<feat xlink:href="#pos_425" value="N"/><!-- ⲛⲟⲩⲧⲉ -->
<feat xlink:href="#pos_426" value="PUNCT"/><!-- · -->
<feat xlink:href="#pos_427" value="CONJ"/><!-- ⲁⲩⲱ -->
<feat xlink:href="#pos_428" value="PDEM"/><!-- ⲧⲁⲓ̈ -->
<feat xlink:href="#pos_429" value="COP"/><!-- ⲧⲉ -->
<feat xlink:href="#pos_430" value="NPROP"/><!-- ⲑ -->
<feat xlink:href="#pos_431" value="CCIRC"/><!-- ⲉ -->
<feat xlink:href="#pos_432" value="CREL"/><!-- ⲉⲛⲧ -->
<feat xlink:href="#pos_433" value="APST"/><!-- ⲁ -->
<feat xlink:href="#pos_434" value="PPERS"/><!-- ⲩ -->
<feat xlink:href="#pos_435" value="V"/><!-- ϣⲱⲡⲉ -->
<feat xlink:href="#pos_436" value="PREP"/><!-- ⲛ̄ -->
<feat xlink:href="#pos_437" value="N"/><!-- ⲉⲓ -->
<feat xlink:href="#pos_439" value="PREP"/><!-- ⲛ̄ -->
<feat xlink:href="#pos_440" value="N"/><!-- ϩⲁϩ` -->
<feat xlink:href="#pos_441" value="PREP"/><!-- ⲛ̄ -->
<feat xlink:href="#pos_442" value="N"/><!-- ⲗⲁⲟⲥ -->
<feat xlink:href="#pos_443" value="PUNCT"/><!-- · -->
<feat xlink:href="#pos_444" value="PREP"/><!-- ⲕⲁⲧⲁ -->
<feat xlink:href="#pos_445" value="ART"/><!-- ⲡ -->
<feat xlink:href="#pos_446" value="V"/><!-- ϣⲁϫⲉ -->
<feat xlink:href="#pos_447" value="PREP"/><!-- ⲙ̄ -->
<feat xlink:href="#pos_448" value="ART"/><!-- ⲡ -->
<feat xlink:href="#pos_449" value="N"/><!-- ϫⲟⲉⲓⲥ -->
<feat xlink:href="#pos_450" value="CONJ"/><!-- ϫⲉ -->
<feat xlink:href="#pos_451" value="N"/><!-- ⲟⲩⲟⲛ -->
<feat xlink:href="#pos_452" value="PINT"/><!-- ⲛⲓⲙ -->
<feat xlink:href="#pos_453" value="CREL"/><!-- ⲉⲛⲧ -->
<feat xlink:href="#pos_454" value="APST"/><!-- ⲁ -->
<feat xlink:href="#pos_455" value="PPERO"/><!-- ϥ -->
<feat xlink:href="#pos_456" value="V"/><!-- ⲕⲁ -->
<feat xlink:href="#pos_457" value="V"/><!-- ⲏⲉⲓ -->
<feat xlink:href="#pos_458" value="PREP"/><!-- ⲛ̄ⲥⲱ -->
<feat xlink:href="#pos_459" value="PPERO"/><!-- ϥ -->
<feat xlink:href="#pos_460" value="PUNCT"/><!-- · -->
<feat xlink:href="#pos_461" value="CONJ"/><!-- ⲏ̂ -->
<feat xlink:href="#pos_462" value="N"/><!-- ⲥⲟⲛ -->
<feat xlink:href="#pos_463" value="PUNCT"/><!-- . -->
<feat xlink:href="#pos_464" value="CONJ"/><!-- ⲏ̂ -->
<feat xlink:href="#pos_465" value="N"/><!-- ⲥⲱⲛⲉ -->
<feat xlink:href="#pos_466" value="PUNCT"/><!-- · -->
<feat xlink:href="#pos_467" value="CONJ"/><!-- ⲏ̂ -->
<feat xlink:href="#pos_468" value="N"/><!-- ⲉⲓⲱⲧ -->
<feat xlink:href="#pos_469" value="PUNCT"/><!-- · -->
<feat xlink:href="#pos_470" value="CONJ"/><!-- ⲏ̂ -->
<feat xlink:href="#pos_471" value="N"/><!-- ⲙⲁⲁⲩ -->
<feat xlink:href="#pos_472" value="PUNCT"/><!-- · -->
<feat xlink:href="#pos_473" value="CONJ"/><!-- ⲏ̂ -->
<feat xlink:href="#pos_474" value="N"/><!-- ⲥϩⲓ -->
<feat xlink:href="#pos_476" value="PUNCT"/><!-- · -->
<feat xlink:href="#pos_477" value="CONJ"/><!-- ⲏ̂ -->
<feat xlink:href="#pos_478" value="N"/><!-- ϣⲏ -->
<feat xlink:href="#pos_480" value="PUNCT"/><!-- · -->
<feat xlink:href="#pos_481" value="CONJ"/><!-- ⲏ̂ -->
<feat xlink:href="#pos_482" value="N"/><!-- ϣⲉⲉ -->
<feat xlink:href="#pos_484" value="PUNCT"/><!-- · -->
<feat xlink:href="#pos_485" value="CONJ"/><!-- ⲏ̂ -->
<feat xlink:href="#pos_486" value="N"/><!-- ⲥⲱ -->
<feat xlink:href="#pos_488" value="PUNCT"/><!-- , -->
<feat xlink:href="#pos_489" value="PREP"/><!-- ⲉⲧⲃⲉ -->
<feat xlink:href="#pos_490" value="PPOS"/><!-- ⲡⲁ -->
<feat xlink:href="#pos_491" value="N"/><!-- ⲣⲁⲛ -->
<feat xlink:href="#pos_492" value="PUNCT"/><!-- . -->
<feat xlink:href="#pos_493" value="PPERO"/><!-- ϥ -->
<feat xlink:href="#pos_494" value="FUT"/><!-- ⲛⲁ -->
<feat xlink:href="#pos_495" value="V"/><!-- ϫⲓⲧ -->
<feat xlink:href="#pos_496" value="PPERO"/><!-- ⲟⲩ -->
<feat xlink:href="#pos_497" value="PREP"/><!-- ⲛ̄ -->
<feat xlink:href="#pos_498" value="N"/><!-- ϩⲁϩ` -->
<feat xlink:href="#pos_499" value="PREP"/><!-- ⲛ̄ -->
<feat xlink:href="#pos_500" value="V"/><!-- ⲕⲱⲃ` -->
<feat xlink:href="#pos_501" value="CONJ"/><!-- ⲁⲩⲱ -->
<feat xlink:href="#pos_502" value="PREP"/><!-- ⲛ︤ -->
<feat xlink:href="#pos_503" value="PPERO"/><!-- ϥ︥ -->
<feat xlink:href="#pos_504" value="V"/><!-- ⲕⲗⲏⲣⲟ -->
<feat xlink:href="#pos_506" value="PUNCT"/><!-- , -->
<feat xlink:href="#pos_507" value="PREP"/><!-- ⲙ̄ -->
<feat xlink:href="#pos_508" value="ART"/><!-- ⲡ -->
<feat xlink:href="#pos_509" value="N"/><!-- ⲱⲛ︤ϩ︥ -->
<feat xlink:href="#pos_510" value="AAOR"/><!-- ϣⲁ -->
<feat xlink:href="#pos_511" value="N"/><!-- ⲉⲛⲉϩ -->
<feat xlink:href="#pos_512" value="PUNCT"/><!-- : -->
<feat xlink:href="#pos_513" value="PREP"/><!-- ⲉ -->
<feat xlink:href="#pos_516" value="PDEM"/><!-- ⲡⲁⲓ̈ -->
<feat xlink:href="#pos_517" value="ART"/><!-- ⲛⲉ -->
<feat xlink:href="#pos_518" value="N"/><!-- ⲥⲛⲏⲩ -->
<feat xlink:href="#pos_519" value="PUNCT"/><!-- , -->
<feat xlink:href="#pos_520" value="N"/><!-- ⲙ̄ -->
<feat xlink:href="#pos_522" value="PREP"/><!-- ⲉ -->
<feat xlink:href="#pos_523" value="ACAUS"/><!-- ⲧⲣⲉ -->
<feat xlink:href="#pos_524" value="ART"/><!-- ⲡ -->
<feat xlink:href="#pos_525" value="NUM"/><!-- ⲟⲩⲁ` -->
<feat xlink:href="#pos_526" value="ART"/><!-- ⲡ -->
<feat xlink:href="#pos_527" value="NUM"/><!-- ⲟⲩⲁ` -->
<feat xlink:href="#pos_528" value="PREP"/><!-- ⲙ̄ⲙⲟ -->
<feat xlink:href="#pos_529" value="ART"/><!-- ⲛ -->
<feat xlink:href="#pos_530" value="V"/><!-- ϩⲣⲟϣ` -->
<feat xlink:href="#pos_531" value="PREP"/><!-- ⲉ -->
<feat xlink:href="#pos_532" value="ART"/><!-- ⲡ -->
<feat xlink:href="#pos_533" value="CREL"/><!-- ⲉⲧ -->
<feat xlink:href="#pos_534" value="PREP"/><!-- ϩⲓⲧⲟⲩⲱ -->
<feat xlink:href="#pos_535" value="PPERO"/><!-- ϥ -->
<feat xlink:href="#pos_536" value="PREP"/><!-- ϩ︤ⲙ︥ -->
<feat xlink:href="#pos_537" value="PPOS"/><!-- ⲡⲉⲛ -->
<feat xlink:href="#pos_538" value="V"/><!-- ⲙⲉⲉⲩⲉ -->
<feat xlink:href="#pos_539" value="PREP"/><!-- ⲙ̄ -->
<feat xlink:href="#pos_540" value="N"/><!-- ⲙ︤ⲛ︦ⲧ︥ϣ︤ⲙ︥ⲙⲟ̂ -->
<feat xlink:href="#pos_541" value="CREL"/><!-- ⲉⲧ -->
<feat xlink:href="#pos_542" value="VSTAT"/><!-- ϣⲟⲟⲡ -->
<feat xlink:href="#pos_543" value="PREP"/><!-- ⲛϩⲏⲧ︤ -->
<feat xlink:href="#pos_544" value="PPERO"/><!-- ⲛ︥ -->
<feat xlink:href="#pos_545" value="PUNCT"/><!-- . -->
<feat xlink:href="#pos_546" value="CCIRC"/><!-- ⲉ -->
<feat xlink:href="#pos_547" value="PPERS"/><!-- ⲛ -->
<feat xlink:href="#pos_548" value="VSTAT"/><!-- ⲡⲏϣ -->
<feat xlink:href="#pos_549" value="PREP"/><!-- ϩ︤ⲙ︥ -->
<feat xlink:href="#pos_550" value="PPOS"/><!-- ⲡⲉⲛ -->
<feat xlink:href="#pos_551" value="N"/><!-- ϩⲏⲧ -->
<feat xlink:href="#pos_552" value="ADV"/><!-- ⲉϩⲟⲩⲛ -->
<feat xlink:href="#pos_553" value="PREP"/><!-- ⲉ -->
<feat xlink:href="#pos_554" value="PPOS"/><!-- ⲛⲉ⳯ -->
<feat xlink:href="#pos_555" value="N"/><!-- ⲉⲣⲏⲩ -->
<feat xlink:href="#pos_556" value="PUNCT"/><!-- · -->
<feat xlink:href="#pos_557" value="CONJ"/><!-- ϫⲉ -->
<feat xlink:href="#pos_558" value="PPERS"/><!-- ⲥⲉ -->
<feat xlink:href="#pos_559" value="V"/><!-- ⲁⲛⲁⲅⲕⲁ -->
<feat xlink:href="#pos_561" value="PREP"/><!-- ⲙ̄ⲙⲟ -->
<feat xlink:href="#pos_562" value="PPERO"/><!-- ⲛ -->
<feat xlink:href="#pos_563" value="PREP"/><!-- ϩ︤ⲛ︥ -->
<feat xlink:href="#pos_564" value="PPOS"/><!-- ⲛⲉⲛ -->
<feat xlink:href="#pos_565" value="V"/><!-- ⲙⲟⲕ -->
<feat xlink:href="#pos_567" value="PREP"/><!-- ⲙ̄ -->
<feat xlink:href="#pos_568" value="N"/><!-- ⲙ︤ⲛ︦ⲧ︥ -->
<feat xlink:href="#pos_570" value="PREP"/><!-- ⲛⲁ -->
<feat xlink:href="#pos_571" value="ART"/><!-- ⲛ̣ -->
<feat xlink:href="#pos_572" value="UNKNOWN"/><!-- [..] -->
<feat xlink:href="#pos_573" value="IMOD"/><!-- ⲙⲁⲩⲁⲁ -->
<feat xlink:href="#pos_574" value="PREP"/><!-- ⲛ -->
<feat xlink:href="#pos_575" value="UNKNOWN"/><!-- [..] -->
<feat xlink:href="#pos_576" value="NEG"/><!-- ⲧ︤ⲙ︥ -->
<feat xlink:href="#pos_577" value="ACAUS"/><!-- ⲧⲣⲉ -->
<feat xlink:href="#pos_578" value="PPERS"/><!-- ⲛ -->
<feat xlink:href="#pos_579" value="V"/><!-- ϥⲓ -->
<feat xlink:href="#pos_580" value="ART"/><!-- ⲡ -->
<feat xlink:href="#pos_581" value="N"/><!-- ⲣⲟⲟⲩϣ -->
<feat xlink:href="#pos_582" value="PREP"/><!-- ⲛ̄ -->
<feat xlink:href="#pos_583" value="PPOS"/><!-- ⲛⲉⲛ -->
<feat xlink:href="#pos_584" value="N"/><!-- ⲉⲣⲏⲩ -->
<feat xlink:href="#pos_585" value="PUNCT"/><!-- · -->
<feat xlink:href="#pos_586" value="CONJ"/><!-- ⲁⲗⲗⲁ -->
<feat xlink:href="#pos_587" value="CONJ"/><!-- ϩⲱⲥ -->
<feat xlink:href="#pos_588" value="N"/><!-- ϣⲃ︤ⲣ︥ -->
<feat xlink:href="#pos_589" value="V"/><!-- ⲣ̂ -->
<feat xlink:href="#pos_590" value="N"/><!-- ϩⲱⲃ -->
<feat xlink:href="#pos_591" value="PREP"/><!-- ⲛ̄ⲧⲉ -->
<feat xlink:href="#pos_592" value="ART"/><!-- ⲡ -->
<feat xlink:href="#pos_593" value="N"/><!-- ⲛⲟⲩ -->
<feat xlink:href="#pos_595" value="PUNCT"/><!-- . -->
<feat xlink:href="#pos_596" value="AJUS"/><!-- ⲙⲁⲣⲉ -->
<feat xlink:href="#pos_597" value="ART"/><!-- ⲡ -->
<feat xlink:href="#pos_598" value="NUM"/><!-- ⲟⲩⲁ` -->
<feat xlink:href="#pos_599" value="ART"/><!-- ⲡ -->
<feat xlink:href="#pos_600" value="NUM"/><!-- ⲟⲩⲁ` -->
<feat xlink:href="#pos_601" value="PREP"/><!-- ⲙ̄ⲙⲟ -->
<feat xlink:href="#pos_602" value="ART"/><!-- ⲛ -->
<feat xlink:href="#pos_603" value="V"/><!-- ϥⲓ` -->
<feat xlink:href="#pos_604" value="PREP"/><!-- ϩⲁ -->
<feat xlink:href="#pos_605" value="ART"/><!-- ⲡ -->
<feat xlink:href="#pos_606" value="CREL"/><!-- ⲉⲧ -->
<feat xlink:href="#pos_607" value="V"/><!-- ϩⲓⲧ -->
<feat xlink:href="#pos_608" value="N"/><!-- ⲟⲩ -->
<feat xlink:href="#pos_610" value="CONJ"/><!-- ⲉⲓⲧⲉ -->
<feat xlink:href="#pos_611" value="N"/><!-- ⲛⲟϭ -->
<feat xlink:href="#pos_612" value="PUNCT"/><!-- . -->
<feat xlink:href="#pos_613" value="CONJ"/><!-- ⲉⲓⲧⲉ -->
<feat xlink:href="#pos_614" value="N"/><!-- ⲕⲟⲩⲓ̈ -->
<feat xlink:href="#pos_615" value="PUNCT"/><!-- · -->
<feat xlink:href="#pos_616" value="CONJ"/><!-- ⲁⲩⲱ -->
<feat xlink:href="#pos_617" value="PREP"/><!-- ⲛ̄ -->
<feat xlink:href="#pos_618" value="PPERO"/><!-- ⲧ︤ⲛ︥ -->
<feat xlink:href="#pos_619" value="N"/><!-- ⲙⲉⲣⲉ -->
<feat xlink:href="#pos_620" value="V"/><!-- ⲟⲩⲱϩ` -->
<feat xlink:href="#pos_621" value="PREP"/><!-- ⲙ︤ⲛ︥ -->
<feat xlink:href="#pos_622" value="PPOS"/><!-- ⲛⲉⲛ -->
<feat xlink:href="#pos_623" value="N"/><!-- ⲉⲣⲏⲩ -->
<feat xlink:href="#pos_624" value="PREP"/><!-- ϩ︤ⲛ︥ -->
<feat xlink:href="#pos_625" value="ART"/><!-- ⲟⲩ -->
<feat xlink:href="#pos_626" value="N"/><!-- ⲉⲓⲣⲏ -->
<feat xlink:href="#pos_628" value="PUNCT"/><!-- . -->
<feat xlink:href="#pos_629" value="PREP"/><!-- ⲁϫ︤ⲛ︥ -->
<feat xlink:href="#pos_630" value="N"/><!-- ⲛⲟ -->
<feat xlink:href="#pos_632" value="PREP"/><!-- ϩⲓ -->
<feat xlink:href="#pos_633" value="N"/><!-- ⲕⲣⲟϥ -->
<feat xlink:href="#pos_634" value="PUNCT"/><!-- · -->
<feat xlink:href="#pos_635" value="PREP"/><!-- ⲛ̄ -->
<feat xlink:href="#pos_636" value="ART"/><!-- ⲑ -->
<feat xlink:href="#pos_637" value="N"/><!-- ⲉ -->
<feat xlink:href="#pos_638" value="PREP"/><!-- ⲙ̄ -->
<feat xlink:href="#pos_639" value="ART"/><!-- ⲡ -->
<feat xlink:href="#pos_640" value="N"/><!-- ⲛ -->
<feat xlink:href="#pos_644" value="PREP"/><!-- ⲙ︤ⲛ︥ -->
<feat xlink:href="#pos_645" value="PPOS"/><!-- ⲛⲉϥ -->
<feat xlink:href="#pos_646" value="N"/><!-- ⲁⲅⲅⲉⲗⲟⲥ -->
<feat xlink:href="#pos_647" value="CREL"/><!-- ⲉⲧ -->
<feat xlink:href="#pos_648" value="VSTAT"/><!-- ⲟⲩⲏϩ` -->
<feat xlink:href="#pos_649" value="UNKNOWN"/><!-- [.]ⲛ -->
<feat xlink:href="#pos_650" value="PREP"/><!-- ⲙ̄ -->
<feat xlink:href="#pos_651" value="N"/><!-- ⲡⲏⲩⲉ -->
<feat xlink:href="#pos_652" value="PUNCT"/><!-- : -->
<feat xlink:href="#pos_653" value="UNKNOWN"/><!-- [.]ⲙ -->
<feat xlink:href="#pos_654" value="PREP"/><!-- ⲛ̄ -->
<feat xlink:href="#pos_655" value="N"/><!-- ϣⲏⲣⲉ -->
<feat xlink:href="#pos_656" value="PREP"/><!-- ⲛ̄ -->
<feat xlink:href="#pos_657" value="V"/><!-- ⲣ︤ⲙ︦ⲛ︥ -->
<feat xlink:href="#pos_658" value="N"/><!-- ϩⲏⲧ -->
<feat xlink:href="#pos_659" value="ACONJ"/><!-- ⲛ -->
<feat xlink:href="#pos_660" value="CREL"/><!-- ⲉⲧ -->
<feat xlink:href="#pos_661" value="FUT"/><!-- ⲛⲁ -->
<feat xlink:href="#pos_662" value="V"/><!-- ⲉⲡⲓ -->
<feat xlink:href="#pos_664" value="NEG"/><!-- ⲁⲛ` -->
<feat xlink:href="#pos_665" value="PREP"/><!-- ⲉ -->
<feat xlink:href="#pos_666" value="V"/><!-- ⲣ̂ -->
<feat xlink:href="#pos_667" value="N"/><!-- ϩⲱⲃ` -->
<feat xlink:href="#pos_668" value="PREP"/><!-- ⲉ -->
<feat xlink:href="#pos_669" value="ART"/><!-- ⲛ -->
<feat xlink:href="#pos_670" value="N"/><!-- ϩⲱⲃ` -->
<feat xlink:href="#pos_671" value="V"/><!-- ⲉⲧⲉ -->
<feat xlink:href="#pos_673" value="PPOS"/><!-- ⲡⲉⲩ -->
<feat xlink:href="#pos_674" value="N"/><!-- ⲉⲓⲱⲧ -->
<feat xlink:href="#pos_675" value="PREP"/><!-- ⲛ̄ -->
<feat xlink:href="#pos_676" value="N"/><!-- ⲇⲓⲕⲁⲓⲟⲥ -->
<feat xlink:href="#pos_677" value="V"/><!-- ⲣ̂ -->
<feat xlink:href="#pos_678" value="N"/><!-- ϩⲱⲃ` -->
<feat xlink:href="#pos_679" value="PREP"/><!-- ⲉⲣⲟ -->
<feat xlink:href="#pos_680" value="PPERO"/><!-- ϥ -->
<feat xlink:href="#pos_681" value="PUNCT"/><!-- · -->
<feat xlink:href="#pos_682" value="PINT"/><!-- ⲛ -->
<feat xlink:href="#pos_684" value="PREP"/><!-- ⲛ̄ -->
<feat xlink:href="#pos_685" value="N"/><!-- ⲥⲟⲛ -->
<feat xlink:href="#pos_686" value="PREP"/><!-- ⲛ̄ -->
<feat xlink:href="#pos_687" value="N"/><!-- ⲥⲁⲃⲉ -->
<feat xlink:href="#pos_688" value="ACONJ"/><!-- ⲛ̄ -->
<feat xlink:href="#pos_689" value="CREL"/><!-- ⲉⲧ -->
<feat xlink:href="#pos_690" value="FUT"/><!-- ⲛⲁ -->
<feat xlink:href="#pos_691" value="V"/><!-- ⲟⲩⲁϩ -->
<feat xlink:href="#pos_692" value="PPERO"/><!-- ⲟⲩ -->
<feat xlink:href="#pos_693" value="NEG"/><!-- ⲁⲛ -->
<feat xlink:href="#pos_694" value="PREP"/><!-- ⲛⲥⲁ -->
<feat xlink:href="#pos_695" value="ART"/><!-- ⲡⲉ -->
<feat xlink:href="#pos_696" value="N"/><!-- ⲥⲙⲟⲧ -->
<feat xlink:href="#pos_697" value="PREP"/><!-- ⲛ̄ -->
<feat xlink:href="#pos_698" value="PPOS"/><!-- ⲛⲉⲩ -->
<feat xlink:href="#pos_699" value="N"/><!-- ⲥⲛⲏⲩ -->
<feat xlink:href="#pos_700" value="PREP"/><!-- ⲙ̄ -->
<feat xlink:href="#pos_701" value="N"/><!-- ⲡⲓ -->
<feat xlink:href="#pos_703" value="CREL"/><!-- ⲉ -->
<feat xlink:href="#pos_704" value="VSTAT"/><!-- ⲟ̂ -->
<feat xlink:href="#pos_705" value="PREP"/><!-- ⲛ̄ -->
<feat xlink:href="#pos_706" value="N"/><!-- ⲛⲟϭ -->
<feat xlink:href="#pos_707" value="PREP"/><!-- ⲉⲣⲟ -->
<feat xlink:href="#pos_708" value="PPERO"/><!-- ⲟⲩ -->
<feat xlink:href="#pos_709" value="PUNCT"/><!-- : -->
<feat xlink:href="#pos_711" value="CREL"/><!-- ⲉⲧⲉ -->
<feat xlink:href="#pos_712" value="PDEM"/><!-- ⲡⲁⲓ̈ -->
<feat xlink:href="#pos_713" value="COP"/><!-- ⲡⲉ -->
<feat xlink:href="#pos_714" value="CONJ"/><!-- ϫⲉ -->
<feat xlink:href="#pos_715" value="PINT"/><!-- ⲛⲓⲙ -->
<feat xlink:href="#pos_716" value="PREP"/><!-- ⲛ̄ -->
<feat xlink:href="#pos_717" value="N"/><!-- ⲣⲱ -->
<feat xlink:href="#pos_719" value="PREP"/><!-- ⲛ̄ -->
<feat xlink:href="#pos_720" value="N"/><!-- ⲥⲟⲫⲟⲥ -->
<feat xlink:href="#pos_721" value="ACONJ"/><!-- ⲛ -->
<feat xlink:href="#pos_722" value="CREL"/><!-- ⲉⲧ -->
<feat xlink:href="#pos_723" value="FUT"/><!-- ⲛⲁ -->
<feat xlink:href="#pos_724" value="V"/><!-- ⲉ -->
<feat xlink:href="#pos_726" value="NEG"/><!-- ⲁⲛ -->
<feat xlink:href="#pos_727" value="PREP"/><!-- ⲉ -->
<feat xlink:href="#pos_728" value="V"/><!-- ⲣ̂ -->
<feat xlink:href="#pos_729" value="N"/><!-- ϩⲱⲃ` -->
<feat xlink:href="#pos_730" value="PREP"/><!-- ⲉ -->
<feat xlink:href="#pos_731" value="ART"/><!-- ⲛⲉ -->
<feat xlink:href="#pos_732" value="N"/><!-- ϩⲃⲏⲩⲉ -->
<feat xlink:href="#pos_733" value="PREP"/><!-- ⲉ -->
<feat xlink:href="#pos_734" value="ACAUS"/><!-- ⲧⲣⲉ -->
<feat xlink:href="#pos_735" value="PPOS"/><!-- ⲡⲉⲩ -->
<feat xlink:href="#pos_736" value="N"/><!-- ⲉⲓⲱⲧ` -->
<feat xlink:href="#pos_737" value="CREL"/><!-- ⲉⲧ -->
<feat xlink:href="#pos_738" value="PREP"/><!-- ϩ︤ⲛ︥ -->
<feat xlink:href="#pos_739" value="PREP"/><!-- ⲙ̄ -->
<feat xlink:href="#pos_740" value="N"/><!-- ⲡⲏⲩⲉ -->
<feat xlink:href="#pos_741" value="V"/><!-- ⲣ -->
<feat xlink:href="#pos_742" value="N"/><!-- ϩⲱⲃ -->
<feat xlink:href="#pos_743" value="PREP"/><!-- ⲉⲣⲟ -->
<feat xlink:href="#pos_744" value="ART"/><!-- ⲟⲩ -->
<feat xlink:href="#pos_745" value="CREL"/><!-- ⲉⲧⲉ -->
<feat xlink:href="#pos_746" value="ART"/><!-- ⲡ -->
<feat xlink:href="#pos_747" value="N"/><!-- ⲛ -->
<feat xlink:href="#pos_751" value="COP"/><!-- ⲡⲉ -->
<feat xlink:href="#pos_752" value="PREP"/><!-- ⲙ︤ⲛ︥ -->
<feat xlink:href="#pos_753" value="PPOS"/><!-- ⲡⲉ⳯ -->
<feat xlink:href="#pos_754" value="N"/><!-- ϫⲟⲉⲓⲥ -->
<feat xlink:href="#pos_755" value="NPROP"/><!-- ⲓ︤ⲥ︥ -->
<feat xlink:href="#pos_756" value="CONJ"/><!-- ⲁⲩⲱ -->
<feat xlink:href="#pos_757" value="PREP"/><!-- ⲛ̄ -->
<feat xlink:href="#pos_758" value="PPERS"/><!-- ⲥⲉ -->
<feat xlink:href="#pos_759" value="V"/><!-- ⲟⲩ -->
<feat xlink:href="#pos_761" value="PPERO"/><!-- ⲟⲩ -->
<feat xlink:href="#pos_762" value="PREP"/><!-- ⲛ̄ⲥⲁ -->
<feat xlink:href="#pos_763" value="ART"/><!-- ⲡⲉ -->
<feat xlink:href="#pos_764" value="N"/><!-- ⲥⲙⲟⲧ -->
<feat xlink:href="#pos_765" value="PREP"/><!-- ⲛ̄ -->
<feat xlink:href="#pos_766" value="ART"/><!-- ⲛ̄ -->
<feat xlink:href="#pos_767" value="N"/><!-- ⲁⲅⲅⲉⲗⲟⲥ -->
<feat xlink:href="#pos_768" value="PREP"/><!-- ⲙ̄ -->
<feat xlink:href="#pos_769" value="ART"/><!-- ⲡ -->
<feat xlink:href="#pos_770" value="N"/><!-- ϫⲟⲉⲓⲥ -->
<feat xlink:href="#pos_771" value="PUNCT"/><!-- . -->
<feat xlink:href="#pos_772" value="PREP"/><!-- ⲙ︤ⲛ︥ -->
<feat xlink:href="#pos_773" value="ART"/><!-- ⲡⲉ -->
<feat xlink:href="#pos_774" value="N"/><!-- ⲥⲙⲟⲧ -->
<feat xlink:href="#pos_775" value="PREP"/><!-- ⲛ̄ -->
<feat xlink:href="#pos_776" value="ART"/><!-- ⲛⲉ -->
<feat xlink:href="#pos_777" value="N"/><!-- ⲡⲣⲟⲫⲏ -->
<feat xlink:href="#pos_779" value="PUNCT"/><!-- . -->
<feat xlink:href="#pos_780" value="PREP"/><!-- ⲙ︤ⲛ︥ -->
<feat xlink:href="#pos_781" value="ART"/><!-- ⲡⲉ -->
<feat xlink:href="#pos_782" value="N"/><!-- ⲥⲙⲟⲧ -->
<feat xlink:href="#pos_783" value="PREP"/><!-- ⲙ̄ -->
<feat xlink:href="#pos_784" value="NPROP"/><!-- ⲡⲁⲩⲗⲟⲥ -->
<feat xlink:href="#pos_785" value="PREP"/><!-- ⲙ︤ⲛ︥ -->
<feat xlink:href="#pos_786" value="ART"/><!-- ⲛ̄ -->
<feat xlink:href="#pos_787" value="N"/><!-- ⲁⲡⲟ -->
<feat xlink:href="#pos_789" value="IMOD"/><!-- ⲧⲏⲣ -->
<feat xlink:href="#pos_790" value="ART"/><!-- ⲟⲩ -->
<feat xlink:href="#pos_791" value="PDEM"/><!-- ⲛⲁⲓ̈ -->
<feat xlink:href="#pos_792" value="CREL"/><!-- ⲉⲛⲧ -->
<feat xlink:href="#pos_793" value="APST"/><!-- ⲁ -->
<feat xlink:href="#pos_794" value="PPERS"/><!-- ⲩ -->
<feat xlink:href="#pos_795" value="V"/><!-- ϫⲟ -->
<feat xlink:href="#pos_797" value="PPERO"/><!-- ⲥ -->
<feat xlink:href="#pos_798" value="CONJ"/><!-- ϫⲉ -->
<feat xlink:href="#pos_799" value="V"/><!-- ⲟⲩ -->
<feat xlink:href="#pos_801" value="PPERO"/><!-- ⲧⲏⲩⲧ︤ⲛ︥ -->
<feat xlink:href="#pos_802" value="PREP"/><!-- ⲛ̄ⲥⲁ -->
<feat xlink:href="#pos_803" value="PPOS"/><!-- ⲡⲉⲛ -->
<feat xlink:href="#pos_804" value="N"/><!-- ⲥⲙⲟⲧ -->
<feat xlink:href="#pos_805" value="PPOS"/><!-- ⲡⲉ⳯ -->
<feat xlink:href="#pos_806" value="V"/><!-- ⲧⲱϣ -->
<feat xlink:href="#pos_807" value="PUNCT"/><!-- . -->
<feat xlink:href="#pos_808" value="COP"/><!-- ⲧⲉ -->
<feat xlink:href="#pos_809" value="PREP"/><!-- ⲛ -->
<feat xlink:href="#pos_810" value="N"/><!-- ⲡⲓⲥⲧⲓⲥ -->
<feat xlink:href="#pos_811" value="PPOS"/><!-- ⲧⲉ⳯ -->
<feat xlink:href="#pos_812" value="V"/><!-- ⲙ︤ⲛ︦ⲧ︥ϩⲁⲣ︤ϣ︥ -->
<feat xlink:href="#pos_813" value="N"/><!-- ϩⲏⲧ` -->
<feat xlink:href="#pos_814" value="COP"/><!-- ⲧⲉ -->
<feat xlink:href="#pos_815" value="PREP"/><!-- ⲛ -->
<feat xlink:href="#pos_816" value="N"/><!-- ⲁⲅⲁⲡⲏ -->
<feat xlink:href="#pos_817" value="PUNCT"/><!-- · -->
<feat xlink:href="#pos_818" value="PPOS"/><!-- ⲧⲉ⳯ -->
<feat xlink:href="#pos_819" value="N"/><!-- ϩⲩⲡⲟⲙⲟ -->
<feat xlink:href="#pos_822" value="PUNCT"/><!-- · -->
<feat xlink:href="#pos_823" value="PPOS"/><!-- ⲛⲉⲛ -->
<feat xlink:href="#pos_824" value="N"/><!-- ⲇⲓⲱⲅⲙⲟⲥ -->
<feat xlink:href="#pos_825" value="PUNCT"/><!-- · -->
<feat xlink:href="#pos_826" value="PPOS"/><!-- ⲛⲉⲛ -->
<feat xlink:href="#pos_827" value="N"/><!-- ϩⲓⲥⲉ -->
<feat xlink:href="#pos_828" value="PUNCT"/><!-- · -->
<feat xlink:href="#pos_829" value="CONJ"/><!-- ⲉⲓⲧⲁ -->
<feat xlink:href="#pos_830" value="ADV"/><!-- ⲟⲛ -->
<feat xlink:href="#pos_831" value="CONJ"/><!-- ϫⲉ -->
<feat xlink:href="#pos_832" value="APST"/><!-- ⲁ -->
<feat xlink:href="#pos_833" value="PPERS"/><!-- ⲛ -->
<feat xlink:href="#pos_834" value="V"/><!-- ⲧⲁⲁ -->
<feat xlink:href="#pos_835" value="PPERO"/><!-- ⲛ` -->
<feat xlink:href="#pos_836" value="PREP"/><!-- ⲛⲏ -->
<feat xlink:href="#pos_837" value="PPERO"/><!-- ⲧ︤ⲛ︥ -->
<feat xlink:href="#pos_838" value="PREP"/><!-- ⲛ̄ -->
<feat xlink:href="#pos_839" value="N"/><!-- ⲥⲙⲟⲧ -->
<feat xlink:href="#pos_840" value="PUNCT"/><!-- · -->
<feat xlink:href="#pos_841" value="CONJ"/><!-- ⲁⲩⲱ -->
<feat xlink:href="#pos_842" value="ADV"/><!-- ⲟⲛ -->
<feat xlink:href="#pos_843" value="CONJ"/><!-- ϫⲉ -->
<feat xlink:href="#pos_844" value="PREP"/><!-- ϫⲓ̂ -->
<feat xlink:href="#pos_845" value="ART"/><!-- ϭⲉ -->
<feat xlink:href="#pos_846" value="PREP"/><!-- ⲙ̄ -->
<feat xlink:href="#pos_847" value="ART"/><!-- ⲡⲉ -->
<feat xlink:href="#pos_848" value="N"/><!-- ⲥⲙⲟⲧ` -->
<feat xlink:href="#pos_849" value="PREP"/><!-- ⲛⲁ -->
<feat xlink:href="#pos_850" value="N"/><!-- ⲥⲛⲏⲩ -->
<feat xlink:href="#pos_851" value="PREP"/><!-- ⲙ̄ -->
<feat xlink:href="#pos_852" value="ART"/><!-- ⲡ -->
<feat xlink:href="#pos_853" value="N"/><!-- ϩⲓ -->
<feat xlink:href="#pos_855" value="PREP"/><!-- ⲙ︤ⲛ︥ -->
<feat xlink:href="#pos_856" value="ART"/><!-- ⲧ -->
<feat xlink:href="#pos_857" value="V"/><!-- ⲙ︤ⲛ︦ⲧ︥ -->
<feat xlink:href="#pos_859" value="N"/><!-- ϩⲏⲧ -->
<feat xlink:href="#pos_860" value="PREP"/><!-- ⲛ̄ -->
<feat xlink:href="#pos_861" value="ART"/><!-- ⲛⲉ -->
<feat xlink:href="#pos_862" value="N"/><!-- ⲡⲣⲟ -->
<feat xlink:href="#pos_864" value="PUNCT"/><!-- · -->
<feat xlink:href="#pos_865" value="N"/><!-- ⸖ -->
<feat xlink:href="#pos_866" value="CONJ"/><!-- ⲡⲁⲗⲓⲛ -->
<feat xlink:href="#pos_867" value="ADV"/><!-- ⲟⲛ -->
<feat xlink:href="#pos_868" value="CONJ"/><!-- ϫⲉ -->
<feat xlink:href="#pos_869" value="N"/><!-- ⲉⲕⲉ -->
<feat xlink:href="#pos_870" value="V"/><!-- ⲉⲓⲣⲉ -->
<feat xlink:href="#pos_871" value="PREP"/><!-- ⲙ̄ⲙⲟ -->
<feat xlink:href="#pos_872" value="PPERO"/><!-- ⲕ` -->
<feat xlink:href="#pos_873" value="PREP"/><!-- ⲛ̄ -->
<feat xlink:href="#pos_874" value="N"/><!-- ⲥⲙⲟⲧ` -->
<feat xlink:href="#pos_875" value="PREP"/><!-- ϩ︤ⲛ︥ -->
<feat xlink:href="#pos_876" value="N"/><!-- ϩⲱⲃ -->
<feat xlink:href="#pos_877" value="PINT"/><!-- ⲛⲓⲙ -->
<feat xlink:href="#pos_878" value="CONJ"/><!-- ⲉⲓⲧⲁ -->
<feat xlink:href="#pos_879" value="ADV"/><!-- ⲟⲛ -->
<feat xlink:href="#pos_880" value="UNKNOWN"/><!-- ϫ[ⲉ] -->
<feat xlink:href="#pos_881" value="PREP"/><!-- ⲛ̄ -->
<feat xlink:href="#pos_882" value="N"/><!-- ϩ︤ⲗ︥ⲗⲱ̂ -->
<feat xlink:href="#pos_883" value="ADV"/><!-- ⲟⲛ -->
<feat xlink:href="#pos_884" value="PREP"/><!-- ⲛ̄ -->
<feat xlink:href="#pos_885" value="PDEM"/><!-- ⲧⲉⲓ̈ -->
<feat xlink:href="#pos_886" value="N"/><!-- ϩⲉ` -->
<feat xlink:href="#pos_887" value="PREP"/><!-- ϩ︤ⲛ︥ -->
<feat xlink:href="#pos_888" value="ART"/><!-- ⲟⲩ -->
<feat xlink:href="#pos_889" value="N"/><!-- ⲥⲙⲟⲧ -->
<feat xlink:href="#pos_890" value="PREP"/><!-- ⲉ -->
<feat xlink:href="#pos_891" value="PPERO"/><!-- ϥ -->
<feat xlink:href="#pos_892" value="VSTAT"/><!-- ⲟⲩⲁⲁⲃ -->
<feat xlink:href="#pos_893" value="PUNCT"/><!-- · -->
<feat xlink:href="#pos_894" value="ADV"/><!-- ⲙⲁⲗⲓⲥⲧⲁ -->
<feat xlink:href="#pos_895" value="PTC"/><!-- ⲇⲉ -->
<feat xlink:href="#pos_896" value="CCIRC"/><!-- ⲉⲣⲉ -->
<feat xlink:href="#pos_897" value="ART"/><!-- ⲧⲉ -->
<feat xlink:href="#pos_898" value="N"/><!-- ⲅⲣⲁ -->
<feat xlink:href="#pos_900" value="V"/><!-- ⲧⲁⲙⲟ̂ -->
<feat xlink:href="#pos_901" value="PREP"/><!-- ⲙ̄ -->
<feat xlink:href="#pos_903" value="PPERO"/><!-- ⲛ` -->
<feat xlink:href="#pos_904" value="PREP"/><!-- ⲉⲧⲃⲉ -->
<feat xlink:href="#pos_905" value="PPOS"/><!-- ⲡⲉⲛ -->
<feat xlink:href="#pos_906" value="N"/><!-- ϫⲟⲉⲓⲥ -->
<feat xlink:href="#pos_907" value="NPROP"/><!-- ⲓ︤ⲥ︥ -->
<feat xlink:href="#pos_908" value="PUNCT"/><!-- . -->
<feat xlink:href="#pos_910" value="CONJ"/><!-- ϫⲉ -->
<feat xlink:href="#pos_911" value="PDEM"/><!-- ⲡⲁⲓ̈ -->
<feat xlink:href="#pos_912" value="CREL"/><!-- ⲉⲛⲧ -->
<feat xlink:href="#pos_913" value="APST"/><!-- ⲁ -->
<feat xlink:href="#pos_914" value="PPERO"/><!-- ϥ -->
<feat xlink:href="#pos_915" value="V"/><!-- ⲕⲱ̂ -->
<feat xlink:href="#pos_916" value="PREP"/><!-- ⲛⲏ -->
<feat xlink:href="#pos_917" value="PPERO"/><!-- ⲧ︤ⲛ︥ -->
<feat xlink:href="#pos_918" value="PREP"/><!-- ⲛ̄ -->
<feat xlink:href="#pos_919" value="ART"/><!-- ⲟⲩ -->
<feat xlink:href="#pos_920" value="N"/><!-- ⲥⲙⲟⲧ` -->
<feat xlink:href="#pos_921" value="CONJ"/><!-- ϫⲉ -->
<feat xlink:href="#pos_923" value="CCIRC"/><!-- ⲉ -->
<feat xlink:href="#pos_924" value="ACAUS"/><!-- ⲧⲣⲉ -->
<feat xlink:href="#pos_925" value="CREL"/><!-- ⲉ -->
<feat xlink:href="#pos_927" value="FUT"/><!-- ⲛⲁ -->
<feat xlink:href="#pos_928" value="V"/><!-- ⲟⲩⲉϩ -->
<feat xlink:href="#pos_929" value="PPERO"/><!-- ⲧⲏⲩⲧ︤ⲛ︥ -->
<feat xlink:href="#pos_930" value="PREP"/><!-- ⲛ̄ -->
<feat xlink:href="#pos_932" value="PPOS"/><!-- ⲛⲉϥ -->
<feat xlink:href="#pos_933" value="N"/><!-- ϩⲓⲟ -->
<feat xlink:href="#pos_935" value="PUNCT"/><!-- · -->
<feat xlink:href="#pos_936" value="PINT"/><!-- ⲟ᷍ⲩ -->
<feat xlink:href="#pos_937" value="COP"/><!-- ⲡⲉ -->
<feat xlink:href="#pos_938" value="ART"/><!-- ⲡ -->
<feat xlink:href="#pos_939" value="N"/><!-- ϩⲱⲃ` -->
<feat xlink:href="#pos_940" value="PREP"/><!-- ⲙ̄ -->
<feat xlink:href="#pos_941" value="ART"/><!-- ⲡ -->
<feat xlink:href="#pos_942" value="N"/><!-- ⲛⲟⲩⲧⲉ -->
<feat xlink:href="#pos_943" value="PREP"/><!-- ⲙ︤ⲛ︥ -->
<feat xlink:href="#pos_944" value="PPOS"/><!-- ⲡⲉⲛ -->
<feat xlink:href="#pos_945" value="N"/><!-- ϫⲟ -->
<feat xlink:href="#pos_947" value="NPROP"/><!-- ⲓ︤ⲥ︥ -->
<feat xlink:href="#pos_948" value="PUNCT"/><!-- . -->
<feat xlink:href="#pos_950" value="CONJ"/><!-- ⲉⲓⲙⲏⲧⲓ -->
<feat xlink:href="#pos_951" value="PUNCT"/><!-- , -->
<feat xlink:href="#pos_952" value="N"/><!-- [ϩ̣]ⲃⲏⲩⲉ -->
<feat xlink:href="#pos_953" value="PREP"/><!-- ⲛ̄ -->
<feat xlink:href="#pos_954" value="UNKNOWN"/><!-- [.]ⲉ -->
<feat xlink:href="#pos_955" value="PPERO"/><!-- ϥ -->
<feat xlink:href="#pos_956" value="N"/><!-- ϭⲓϫ -->
<feat xlink:href="#pos_957" value="PUNCT"/><!-- · -->
<feat xlink:href="#pos_958" value="N"/><!-- ⸖ -->
<feat xlink:href="#pos_959" value="PPOS"/><!-- ⲛ̣ⲉϥ -->
<feat xlink:href="#pos_960" value="N"/><!-- ϭⲓϫ -->
<feat xlink:href="#pos_961" value="CPRET"/><!-- ⲛⲉ -->
<feat xlink:href="#pos_962" value="CREL"/><!-- ⳯ⲧ -->
<feat xlink:href="#pos_963" value="APST"/><!-- ⲁ -->
<feat xlink:href="#pos_964" value="PPERS"/><!-- ⲩ -->
<feat xlink:href="#pos_965" value="V"/><!-- ⲡⲗⲁⲥⲥⲉ -->
<feat xlink:href="#pos_966" value="PREP"/><!-- ⲙ̄ⲙⲟ -->
<feat xlink:href="#pos_967" value="PPERO"/><!-- ⲛ` -->
<feat xlink:href="#pos_968" value="APST"/><!-- ⲁ -->
<feat xlink:href="#pos_969" value="PPERS"/><!-- ⲩ -->
<feat xlink:href="#pos_970" value="V"/><!-- ⲧⲁ -->
<feat xlink:href="#pos_972" value="PPERO"/><!-- ⲛ -->
<feat xlink:href="#pos_973" value="PUNCT"/><!-- : -->
<feat xlink:href="#pos_974" value="PREP"/><!-- ⲉ -->
<feat xlink:href="#pos_977" value="PDEM"/><!-- ⲡⲁⲓ̈ -->
<feat xlink:href="#pos_978" value="PREP"/><!-- ⲕⲁⲧⲁ -->
<feat xlink:href="#pos_979" value="ART"/><!-- ⲛⲉ -->
<feat xlink:href="#pos_980" value="N"/><!-- ⲅⲣⲁⲫⲏ -->
<feat xlink:href="#pos_981" value="ART"/><!-- ⲡ -->
<feat xlink:href="#pos_982" value="N"/><!-- ⲛⲟⲩⲧⲉ -->
<feat xlink:href="#pos_983" value="CONJ"/><!-- ⲁⲩⲱ -->
<feat xlink:href="#pos_984" value="PPOS"/><!-- ⲡⲉⲛ -->
<feat xlink:href="#pos_985" value="N"/><!-- ϫⲟ -->
<feat xlink:href="#pos_987" value="NPROP"/><!-- ⲓ︤ⲥ︥ -->
<feat xlink:href="#pos_988" value="V"/><!-- ⲣ̄ -->
<feat xlink:href="#pos_989" value="N"/><!-- ϩⲱⲃ -->
<feat xlink:href="#pos_990" value="PREP"/><!-- ⲉ -->
<feat xlink:href="#pos_991" value="ART"/><!-- ⲡ -->
<feat xlink:href="#pos_992" value="V"/><!-- ⲟⲩϫⲁⲓ̈ -->
<feat xlink:href="#pos_993" value="PREP"/><!-- ⲛ̄ -->
<feat xlink:href="#pos_994" value="N"/><!-- ⲣⲱⲙⲉ -->
<feat xlink:href="#pos_995" value="PINT"/><!-- ⲛⲓⲙ -->
<feat xlink:href="#pos_996" value="AAOR"/><!-- ϣⲁ -->
<feat xlink:href="#pos_997" value="ADV"/><!-- ϩⲣⲁⲓ̈ -->
<feat xlink:href="#pos_998" value="PUNCT"/><!-- , -->
<feat xlink:href="#pos_999" value="CCIRC"/><!-- ⲉ -->
<feat xlink:href="#pos_1000" value="ADV"/><!-- ⲧⲉⲛⲟⲩ -->
<feat xlink:href="#pos_1001" value="PUNCT"/><!-- · -->
<feat xlink:href="#pos_1002" value="N"/><!-- ⸖ -->
<feat xlink:href="#pos_1003" value="PREP"/><!-- ⲕⲁⲧⲁ -->
<feat xlink:href="#pos_1004" value="ART"/><!-- ⲡ -->
<feat xlink:href="#pos_1005" value="V"/><!-- ϣⲁ -->
<feat xlink:href="#pos_1007" value="PREP"/><!-- ⲙ̄ -->
<feat xlink:href="#pos_1008" value="ART"/><!-- ⲡ -->
<feat xlink:href="#pos_1009" value="N"/><!-- ⲁⲡⲟ -->
<feat xlink:href="#pos_1012" value="COP"/><!-- ⲡⲉ -->
<feat xlink:href="#pos_1013" value="CREL"/><!-- ⲛⲧ -->
<feat xlink:href="#pos_1014" value="APST"/><!-- ⲁ -->
<feat xlink:href="#pos_1015" value="PPERO"/><!-- ϥ -->
<feat xlink:href="#pos_1017" value="N"/><!-- ϩⲱⲃ -->
<feat xlink:href="#pos_1018" value="PTC"/><!-- ⲇⲉ -->
<feat xlink:href="#pos_1019" value="PREP"/><!-- ⲉ -->
<feat xlink:href="#pos_1021" value="PPERO"/><!-- ⲛ -->
<feat xlink:href="#pos_1022" value="PREP"/><!-- ⲉ -->
<feat xlink:href="#pos_1023" value="PDEM"/><!-- ⲡⲁⲓ̈ -->
<feat xlink:href="#pos_1025" value="ART"/><!-- ⲡ -->
<feat xlink:href="#pos_1026" value="N"/><!-- ⲛⲟⲩ -->
<feat xlink:href="#pos_1028" value="N"/><!-- ⲁϣ -->
<feat xlink:href="#pos_1029" value="COP"/><!-- ⲡⲉ -->
<feat xlink:href="#pos_1030" value="ART"/><!-- ⲡⲉ -->
<feat xlink:href="#pos_1031" value="N"/><!-- ⲥⲙⲟⲧ -->
<feat xlink:href="#pos_1032" value="PREP"/><!-- ⲛ̄ -->
<feat xlink:href="#pos_1033" value="ART"/><!-- ⲛ̄ -->
<feat xlink:href="#pos_1034" value="N"/><!-- ⲁⲅⲅⲉⲗⲟⲥ -->
<feat xlink:href="#pos_1035" value="CREL"/><!-- ⲉⲧ -->
<feat xlink:href="#pos_1036" value="PREP"/><!-- ϩ︤ⲛ︥ -->
<feat xlink:href="#pos_1037" value="PREP"/><!-- ⲙ̄ -->
<feat xlink:href="#pos_1038" value="N"/><!-- ⲡⲏ -->
<feat xlink:href="#pos_1040" value="PUNCT"/><!-- . -->
<feat xlink:href="#pos_1041" value="CONJ"/><!-- ⲉⲓⲙⲏ -->
<feat xlink:href="#pos_1043" value="PUNCT"/><!-- , -->
<feat xlink:href="#pos_1044" value="CCIRC"/><!-- ⲉ -->
<feat xlink:href="#pos_1045" value="ACAUS"/><!-- ⲧⲣⲉ -->
<feat xlink:href="#pos_1046" value="PPERS"/><!-- ⲩ -->
<feat xlink:href="#pos_1047" value="V"/><!-- ϫⲱⲕ -->
<feat xlink:href="#pos_1048" value="ADV"/><!-- ⲉⲃⲟⲗ -->
<feat xlink:href="#pos_1049" value="ADV"/><!-- ⲙ̄ⲙⲏⲛⲉ -->
<feat xlink:href="#pos_1050" value="PREP"/><!-- ⲛ̄ -->
<feat xlink:href="#pos_1051" value="PPOS"/><!-- ⲛⲉⲩ -->
<feat xlink:href="#pos_1052" value="N"/><!-- ϩⲃⲏⲩⲉ -->
<feat xlink:href="#pos_1053" value="CREL"/><!-- ⲉⲧ -->
<feat xlink:href="#pos_1054" value="PREP"/><!-- ϩⲁ -->
<feat xlink:href="#pos_1055" value="N"/><!-- ⲉⲟⲟⲩ -->
<feat xlink:href="#pos_1056" value="PUNCT"/><!-- . -->
<feat xlink:href="#pos_1057" value="CCIRC"/><!-- ⲉ -->
<feat xlink:href="#pos_1058" value="PPERS"/><!-- ⲩ -->
<feat xlink:href="#pos_1059" value="V"/><!-- ⲥⲙⲟⲩ -->
<feat xlink:href="#pos_1060" value="CONJ"/><!-- ⲁⲩⲱ -->
<feat xlink:href="#pos_1061" value="CCIRC"/><!-- ⲉ -->
<feat xlink:href="#pos_1062" value="PPERS"/><!-- ⲩ -->
<feat xlink:href="#pos_1063" value="V"/><!-- ϯ -->
<feat xlink:href="#pos_1064" value="N"/><!-- ⲉ -->
<feat xlink:href="#pos_1066" value="PREP"/><!-- ⲙ̄ -->
<feat xlink:href="#pos_1067" value="ART"/><!-- ⲡ -->
<feat xlink:href="#pos_1068" value="N"/><!-- ⲛ -->
<feat xlink:href="#pos_1072" value="PREP"/><!-- ⲙ︤ⲛ︥ -->
<feat xlink:href="#pos_1073" value="PPOS"/><!-- ⲡⲉⲛ -->
<feat xlink:href="#pos_1074" value="N"/><!-- ϫⲟⲉⲓⲥ -->
<feat xlink:href="#pos_1075" value="NPROP"/><!-- ⲓ︤ⲥ︥ -->
<feat xlink:href="#pos_1076" value="PUNCT"/><!-- · -->
<feat xlink:href="#pos_1077" value="CONJ"/><!-- ⲁⲩⲱ -->
<feat xlink:href="#pos_1078" value="CCIRC"/><!-- ⲉ -->
<feat xlink:href="#pos_1079" value="ACAUS"/><!-- ⲧⲣⲉ -->
<feat xlink:href="#pos_1080" value="PPERS"/><!-- ⲩ -->
<feat xlink:href="#pos_1081" value="V"/><!-- ϫⲱⲕ -->
<feat xlink:href="#pos_1082" value="ADV"/><!-- ⲉⲃⲟⲗ -->
<feat xlink:href="#pos_1083" value="PREP"/><!-- ⲛ̄ -->
<feat xlink:href="#pos_1084" value="ART"/><!-- ϩⲉⲛ -->
<feat xlink:href="#pos_1085" value="N"/><!-- ⲇⲓⲁ -->
<feat xlink:href="#pos_1087" value="AAOR"/><!-- ϣⲁ -->
<feat xlink:href="#pos_1088" value="ART"/><!-- ⲛ -->
<feat xlink:href="#pos_1089" value="CREL"/><!-- ⲉⲧ -->
<feat xlink:href="#pos_1090" value="VSTAT"/><!-- ϣⲟⲟⲡ -->
<feat xlink:href="#pos_1091" value="PREP"/><!-- ϩⲓϫ︤ⲙ︥ -->
<feat xlink:href="#pos_1092" value="ART"/><!-- ⲡ -->
<feat xlink:href="#pos_1093" value="N"/><!-- ⲕⲁϩ -->
<feat xlink:href="#pos_1094" value="PREP"/><!-- ⲉ -->
<feat xlink:href="#pos_1095" value="ACAUS"/><!-- ⲧⲣⲉ -->
<feat xlink:href="#pos_1096" value="PPERS"/><!-- ⲩ -->
<feat xlink:href="#pos_1097" value="V"/><!-- ⲕⲗⲏ -->
<feat xlink:href="#pos_1099" value="PREP"/><!-- ⲛ̄ -->
<feat xlink:href="#pos_1100" value="ART"/><!-- ⲟⲩ -->
<feat xlink:href="#pos_1101" value="V"/><!-- ⲟⲩϫⲁⲓ̈ -->
<feat xlink:href="#pos_1102" value="PUNCT"/><!-- · -->
<feat xlink:href="#pos_1103" value="N"/><!-- ⲁϣ -->
<feat xlink:href="#pos_1104" value="COP"/><!-- ⲡⲉ -->
<feat xlink:href="#pos_1105" value="ART"/><!-- ⲡⲉ -->
<feat xlink:href="#pos_1106" value="N"/><!-- ⲥⲙⲟⲧ` -->
<feat xlink:href="#pos_1107" value="PREP"/><!-- [ⲛ̣̄] -->
<feat xlink:href="#pos_1108" value="ART"/><!-- ⲛⲉ -->
<feat xlink:href="#pos_1109" value="N"/><!-- ⲡⲣⲟⲫⲏ -->
<feat xlink:href="#pos_1111" value="PREP"/><!-- ⲙ︤ⲛ︥ -->
<feat xlink:href="#pos_1112" value="ART"/><!-- ⲛ̄ -->
<feat xlink:href="#pos_1113" value="N"/><!-- ⲁⲡⲟⲥⲧⲟⲗⲟⲥ -->
<feat xlink:href="#pos_1114" value="CONJ"/><!-- ⲉⲓⲙⲏⲧⲓ -->
<feat xlink:href="#pos_1115" value="CCIRC"/><!-- ⲉ -->
<feat xlink:href="#pos_1116" value="ACAUS"/><!-- ⲧⲣⲉ -->
<feat xlink:href="#pos_1117" value="PPERS"/><!-- ⲩ -->
<feat xlink:href="#pos_1118" value="V"/><!-- ⲥⲟⲧ -->
<feat xlink:href="#pos_1120" value="PREP"/><!-- ⲛⲁ -->
<feat xlink:href="#pos_1121" value="PPERS"/><!-- ⲩ -->
<feat xlink:href="#pos_1122" value="PUNCT"/><!-- . -->
<feat xlink:href="#pos_1123" value="PREP"/><!-- ⲉ -->
<feat xlink:href="#pos_1124" value="V"/><!-- ϣ︤ⲡ︥ -->
<feat xlink:href="#pos_1125" value="N"/><!-- ϩⲓⲥⲉ -->
<feat xlink:href="#pos_1126" value="PREP"/><!-- ⲙ︤ⲛ︥ -->
<feat xlink:href="#pos_1127" value="ART"/><!-- ϩⲉⲛ -->
<feat xlink:href="#pos_1128" value="N"/><!-- ⲕⲟ -->
<feat xlink:href="#pos_1130" value="AAOR"/><!-- ϣⲁ -->
<feat xlink:href="#pos_1131" value="ADV"/><!-- ϩⲣⲁⲓ̈ -->
<feat xlink:href="#pos_1132" value="PREP"/><!-- ⲉ -->
<feat xlink:href="#pos_1133" value="ART"/><!-- ⲡ -->
<feat xlink:href="#pos_1134" value="V"/><!-- ⲙⲟⲩ -->
<feat xlink:href="#pos_1135" value="PUNCT"/><!-- · -->
<feat xlink:href="#pos_1136" value="CONJ"/><!-- ⲁⲩⲱ -->
<feat xlink:href="#pos_1137" value="PREP"/><!-- ϩ︤ⲛ︥ -->
<feat xlink:href="#pos_1138" value="PDEM"/><!-- ⲛⲁⲓ̈ -->
<feat xlink:href="#pos_1139" value="IMOD"/><!-- ⲧⲏⲣ -->
<feat xlink:href="#pos_1140" value="ART"/><!-- ⲟⲩ -->
<feat xlink:href="#pos_1141" value="CCIRC"/><!-- ⲉ -->
<feat xlink:href="#pos_1142" value="PPERS"/><!-- ⲩ -->
<feat xlink:href="#pos_1143" value="V"/><!-- ϣ︤ⲡ︥ -->
<feat xlink:href="#pos_1144" value="N"/><!-- ϩⲙⲟⲧ -->
<feat xlink:href="#pos_1145" value="ACONJ"/><!-- ⲛ̄ -->
<feat xlink:href="#pos_1146" value="NEG"/><!-- ⲧ︤ⲙ︥ -->
<feat xlink:href="#pos_1147" value="ART"/><!-- ⲡ -->
<feat xlink:href="#pos_1148" value="N"/><!-- ϫⲟ -->
<feat xlink:href="#pos_1150" value="PUNCT"/><!-- . -->
<feat xlink:href="#pos_1151" value="CCIRC"/><!-- ⲉ -->
<feat xlink:href="#pos_1152" value="PPERS"/><!-- ⲩ -->
<feat xlink:href="#pos_1153" value="V"/><!-- ⲥⲙⲟⲩ -->
<feat xlink:href="#pos_1154" value="PREP"/><!-- ⲉ -->
<feat xlink:href="#pos_1155" value="ART"/><!-- ⲛ -->
<feat xlink:href="#pos_1156" value="CREL"/><!-- ⲉⲧ -->
<feat xlink:href="#pos_1157" value="V"/><!-- ⲥⲁ -->
<feat xlink:href="#pos_1159" value="PREP"/><!-- ⲙ̄ⲙⲟ -->
<feat xlink:href="#pos_1160" value="PPERO"/><!-- ⲟⲩ -->
<feat xlink:href="#pos_1161" value="PUNCT"/><!-- . -->
<feat xlink:href="#pos_1162" value="CCIRC"/><!-- ⲉ -->
<feat xlink:href="#pos_1163" value="PPERS"/><!-- ⲩ -->
<feat xlink:href="#pos_1164" value="V"/><!-- ϣⲗⲏⲗ -->
<feat xlink:href="#pos_1165" value="PREP"/><!-- ⲉϫ︤ⲛ︥ -->
<feat xlink:href="#pos_1166" value="ART"/><!-- ⲛ -->
<feat xlink:href="#pos_1167" value="CREL"/><!-- ⲉⲧ -->
<feat xlink:href="#pos_1168" value="VSTAT"/><!-- ⲡⲏⲧ` -->
<feat xlink:href="#pos_1169" value="PREP"/><!-- ⲛ̄ⲥⲱ -->
<feat xlink:href="#pos_1170" value="PPERO"/><!-- ⲟⲩ -->
<feat xlink:href="#pos_1171" value="PUNCT"/><!-- · -->
<feat xlink:href="#pos_1172" value="CONJ"/><!-- ⲁⲩⲱ -->
<feat xlink:href="#pos_1173" value="CCIRC"/><!-- ⲉ -->
<feat xlink:href="#pos_1174" value="PPERS"/><!-- ⲩ -->
<feat xlink:href="#pos_1175" value="V"/><!-- ϣⲗⲏⲗ` -->
<feat xlink:href="#pos_1176" value="ADV"/><!-- ⲉ -->
<feat xlink:href="#pos_1178" value="PREP"/><!-- ⲉ -->
<feat xlink:href="#pos_1179" value="ART"/><!-- ⲡ -->
<feat xlink:href="#pos_1180" value="N"/><!-- ⲛ -->
<feat xlink:href="#pos_1184" value="NEG"/><!-- ⲧ︤ⲙ︥ -->
<feat xlink:href="#pos_1185" value="ACAUS"/><!-- ⲧⲣ -->
<feat xlink:href="#pos_1187" value="PPERO"/><!-- ϥ -->
<feat xlink:href="#pos_1188" value="V"/><!-- ⲧⲱⲱⲃⲉ -->
<feat xlink:href="#pos_1189" value="PREP"/><!-- ⲛ̄ -->
<feat xlink:href="#pos_1190" value="ART"/><!-- ⲛ -->
<feat xlink:href="#pos_1191" value="CREL"/><!-- ⲉⲧ -->
<feat xlink:href="#pos_1192" value="V"/><!-- ⲙⲟⲩ -->
<feat xlink:href="#pos_1194" value="PUNCT"/><!-- , -->
<feat xlink:href="#pos_1195" value="PREP"/><!-- ⲙ̄ⲙⲟ -->
<feat xlink:href="#pos_1196" value="PPERO"/><!-- ⲟⲩ -->
<feat xlink:href="#pos_1197" value="PUNCT"/><!-- . -->
<feat xlink:href="#pos_1199" value="CONJ"/><!-- ⲁⲩⲱ -->
<feat xlink:href="#pos_1200" value="CCIRC"/><!-- [ⲉ -->
<feat xlink:href="#pos_1201" value="ART"/><!-- ⲧ] -->
<feat xlink:href="#pos_1202" value="N"/><!-- ⲙⲁⲥⲧⲓⲕ[ⲟⲩ] -->
<feat xlink:href="#pos_1203" value="PREP"/><!-- ⲙ̄ⲙⲟ -->
<feat xlink:href="#pos_1204" value="PPERO"/><!-- ⲟⲩ -->
<feat xlink:href="#pos_1205" value="PUNCT"/><!-- · -->
<feat xlink:href="#pos_1206" value="PREP"/><!-- ⲛ̄ -->
<feat xlink:href="#pos_1207" value="ART"/><!-- ⲑ -->
<feat xlink:href="#pos_1208" value="N"/><!-- ⲉ -->
<feat xlink:href="#pos_1209" value="CCIRC"/><!-- ⲉ -->
<feat xlink:href="#pos_1210" value="AAOR"/><!-- ϣⲁ -->
<feat xlink:href="#pos_1211" value="PPERS"/><!-- ⲩ -->
<feat xlink:href="#pos_1212" value="V"/><!-- ⲥⲩⲣ -->
<feat xlink:href="#pos_1214" value="PREP"/><!-- ⲙ̄ⲙⲟ -->
<feat xlink:href="#pos_1215" value="PPERO"/><!-- ⲟⲩ -->
<feat xlink:href="#pos_1216" value="ACONJ"/><!-- ⲛ̄ -->
<feat xlink:href="#pos_1217" value="PPERS"/><!-- ⲥⲉ -->
<feat xlink:href="#pos_1218" value="V"/><!-- ⲛⲟ -->
<feat xlink:href="#pos_1220" value="PPERO"/><!-- ⲟⲩ -->
<feat xlink:href="#pos_1221" value="ADV"/><!-- ⲉⲃⲟⲗ -->
<feat xlink:href="#pos_1222" value="ART"/><!-- ⲡ -->
<feat xlink:href="#pos_1223" value="N"/><!-- ⲃⲟⲗ -->
<feat xlink:href="#pos_1224" value="PREP"/><!-- ⲛ̄ -->
<feat xlink:href="#pos_1225" value="ART"/><!-- ⲧ -->
<feat xlink:href="#pos_1226" value="N"/><!-- ⲡⲟ -->
<feat xlink:href="#pos_1228" value="PUNCT"/><!-- . -->
<feat xlink:href="#pos_1229" value="PREP"/><!-- ⲙ︤ⲛ︥ -->
<feat xlink:href="#pos_1230" value="ART"/><!-- ⲛⲉ -->
<feat xlink:href="#pos_1231" value="AAOR"/><!-- ϣⲁ -->
<feat xlink:href="#pos_1232" value="PPERS"/><!-- ⲩ -->
<feat xlink:href="#pos_1233" value="V"/><!-- ⲁⲁ -->
<feat xlink:href="#pos_1234" value="PPERS"/><!-- ⲩ -->
<feat xlink:href="#pos_1235" value="FUT"/><!-- ⲛⲁ -->
<feat xlink:href="#pos_1236" value="PPERS"/><!-- ⲩ -->
<feat xlink:href="#pos_1237" value="IMOD"/><!-- ⲧⲏⲣ -->
<feat xlink:href="#pos_1238" value="ART"/><!-- ⲟⲩ -->
<feat xlink:href="#pos_1239" value="PREP"/><!-- ϩ︤ⲛ︥ -->
<feat xlink:href="#pos_1240" value="ART"/><!-- ⲛ̄ -->
<feat xlink:href="#pos_1241" value="N"/><!-- ⲥⲩⲛⲁ -->
<feat xlink:href="#pos_1243" value="CONJ"/><!-- ⲁⲩⲱ -->
<feat xlink:href="#pos_1244" value="PREP"/><!-- ϩ︤ⲛ︥ -->
<feat xlink:href="#pos_1245" value="ART"/><!-- ⲛ̄ -->
<feat xlink:href="#pos_1246" value="N"/><!-- ⲥⲩⲛ -->
<feat xlink:href="#pos_1248" value="PUNCT"/><!-- · -->
<feat xlink:href="#pos_1249" value="PREP"/><!-- ⲙ︤ⲛ︥ -->
<feat xlink:href="#pos_1250" value="ART"/><!-- ⲑ -->
<feat xlink:href="#pos_1251" value="N"/><!-- ⲉ -->
<feat xlink:href="#pos_1252" value="CREL"/><!-- ⲉⲧⲉ -->
<feat xlink:href="#pos_1253" value="AAOR"/><!-- ϣⲁ -->
<feat xlink:href="#pos_1254" value="PPERS"/><!-- ⲩ -->
<feat xlink:href="#pos_1255" value="V"/><!-- ϫⲓⲧ -->
<feat xlink:href="#pos_1256" value="PPERO"/><!-- ⲟⲩ -->
<feat xlink:href="#pos_1257" value="PREP"/><!-- ⲉ -->
<feat xlink:href="#pos_1258" value="ART"/><!-- ⲛ -->
<feat xlink:href="#pos_1259" value="N"/><!-- ϩⲏⲅⲉ -->
<feat xlink:href="#pos_1261" value="PREP"/><!-- ⲙ︤ⲛ︥ -->
<feat xlink:href="#pos_1262" value="ART"/><!-- ⲛⲉ -->
<feat xlink:href="#pos_1263" value="N"/><!-- ⲣⲱ -->
<feat xlink:href="#pos_1264" value="ART"/><!-- ⲟⲩ -->
<feat xlink:href="#pos_1265" value="PUNCT"/><!-- . -->
<feat xlink:href="#pos_1266" value="PREP"/><!-- ⲙ︤ⲛ︥ -->
<feat xlink:href="#pos_1267" value="ART"/><!-- ϩⲉⲛ -->
<feat xlink:href="#pos_1268" value="N"/><!-- ⲛⲟϭ -->
<feat xlink:href="#pos_1269" value="PREP"/><!-- ⲛ̄ -->
<feat xlink:href="#pos_1270" value="N"/><!-- ϩⲓ -->
<feat xlink:href="#pos_1272" value="PUNCT"/><!-- , -->
<feat xlink:href="#pos_1273" value="AAOR"/><!-- ϣⲁ -->
<feat xlink:href="#pos_1274" value="ADV"/><!-- ϩⲣⲁⲓ̈ -->
<feat xlink:href="#pos_1275" value="PREP"/><!-- ⲉ -->
<feat xlink:href="#pos_1276" value="ART"/><!-- ⲡ -->
<feat xlink:href="#pos_1277" value="V"/><!-- ⲙⲟⲩ -->
<feat xlink:href="#pos_1278" value="PUNCT"/><!-- . -->
<feat xlink:href="#pos_1279" value="CCIRC"/><!-- ⲉ -->
<feat xlink:href="#pos_1280" value="PPERS"/><!-- ⲛ -->
<feat xlink:href="#pos_1281" value="V"/><!-- ⲉⲓⲣⲉ -->
<feat xlink:href="#pos_1282" value="ART"/><!-- ϭⲉ -->
</featList>
</paula>
