<?xml version='1.0' encoding='UTF-8'?><!DOCTYPE paula SYSTEM "paula_feat.dtd">
<paula version="1.1">
	<header paula_id="scriptorium.life.aphou.02.mark_lang"/>
	<featList xmlns:xlink="http://www.w3.org/1999/xlink" type="lang" xml:base="scriptorium.life.aphou.02.mark.xml">
		<feat xlink:href="#sSpan40" value="Greek"/>
		<feat xlink:href="#sSpan64" value="Greek"/>
		<feat xlink:href="#sSpan98" value="Greek"/>
		<feat xlink:href="#sSpan127" value="Greek"/>
		<feat xlink:href="#sSpan142" value="Greek"/>
		<feat xlink:href="#sSpan182" value="Greek"/>
		<feat xlink:href="#sSpan204" value="Greek"/>
		<feat xlink:href="#sSpan213" value="Greek"/>
		<feat xlink:href="#sSpan242" value="Greek"/>
		<feat xlink:href="#sSpan256" value="Greek"/>
		<feat xlink:href="#sSpan288" value="Greek"/>
		<feat xlink:href="#sSpan300" value="Greek"/>
		<feat xlink:href="#sSpan340" value="Greek"/>
		<feat xlink:href="#sSpan352" value="Greek"/>
		<feat xlink:href="#sSpan358" value="Greek"/>
		<feat xlink:href="#sSpan364" value="Greek"/>
		<feat xlink:href="#sSpan418" value="Greek"/>
		<feat xlink:href="#sSpan428" value="Greek"/>
		<feat xlink:href="#sSpan455" value="Greek"/>
		<feat xlink:href="#sSpan600" value="Greek"/>
		<feat xlink:href="#sSpan682" value="Greek"/>
		<feat xlink:href="#sSpan718" value="Greek"/>
		<feat xlink:href="#sSpan727" value="Greek"/>
		<feat xlink:href="#sSpan746" value="Greek"/>
		<feat xlink:href="#sSpan757" value="Greek"/>
		<feat xlink:href="#sSpan768" value="Greek"/>
		<feat xlink:href="#sSpan802" value="Greek"/>
		<feat xlink:href="#sSpan845" value="Greek"/>
		<feat xlink:href="#sSpan872" value="Hebrew"/>
		<feat xlink:href="#sSpan932" value="Greek"/>
		<feat xlink:href="#sSpan954" value="Greek"/>
		<feat xlink:href="#sSpan1009" value="Greek"/>
		<feat xlink:href="#sSpan1090" value="Greek"/>
		<feat xlink:href="#sSpan1153" value="Greek"/>
		<feat xlink:href="#sSpan1164" value="Greek"/>
		<feat xlink:href="#sSpan1254" value="Greek"/>
		<feat xlink:href="#sSpan1264" value="Greek"/>
		<feat xlink:href="#sSpan1280" value="Greek"/>
		<feat xlink:href="#sSpan1359" value="Greek"/>
		<feat xlink:href="#sSpan1401" value="Greek"/>
		<feat xlink:href="#sSpan1422" value="Greek"/>
		<feat xlink:href="#sSpan1430" value="Greek"/>
		<feat xlink:href="#sSpan1440" value="Greek"/>
		<feat xlink:href="#sSpan1468" value="Greek"/>
		<feat xlink:href="#sSpan1494" value="Greek"/>
		<feat xlink:href="#sSpan1511" value="Greek"/>
		<feat xlink:href="#sSpan1558" value="Greek"/>
		<feat xlink:href="#sSpan1575" value="Greek"/>
		<feat xlink:href="#sSpan1593" value="Greek"/>
		<feat xlink:href="#sSpan1614" value="Greek"/>
		<feat xlink:href="#sSpan1617" value="Hebrew"/>
		<feat xlink:href="#sSpan1667" value="Greek"/>
		<feat xlink:href="#sSpan1683" value="Greek"/>
		<feat xlink:href="#sSpan1723" value="Greek"/>
		<feat xlink:href="#sSpan1735" value="Greek"/>
		<feat xlink:href="#sSpan1747" value="Greek"/>
		<feat xlink:href="#sSpan1790" value="Greek"/>
		<feat xlink:href="#sSpan1865" value="Greek"/>
		<feat xlink:href="#sSpan1882" value="Greek"/>
		<feat xlink:href="#sSpan1969" value="Greek"/>
		<feat xlink:href="#sSpan2009" value="Greek"/>
		<feat xlink:href="#sSpan2079" value="Greek"/>
		<feat xlink:href="#sSpan2101" value="Greek"/>
		<feat xlink:href="#sSpan2113" value="Greek"/>
		<feat xlink:href="#sSpan2128" value="Greek"/>
		<feat xlink:href="#sSpan2131" value="Greek"/>
		<feat xlink:href="#sSpan2156" value="Greek"/>
		<feat xlink:href="#sSpan2195" value="Greek"/>
		<feat xlink:href="#sSpan2271" value="Greek"/>
		<feat xlink:href="#sSpan2287" value="Greek"/>
		<feat xlink:href="#sSpan2320" value="Greek"/>
		<feat xlink:href="#sSpan2331" value="Greek"/>
		<feat xlink:href="#sSpan2435" value="Greek"/>
		<feat xlink:href="#sSpan2553" value="Greek"/>
		<feat xlink:href="#sSpan2614" value="Greek"/>
		<feat xlink:href="#sSpan2940" value="Greek"/>
		<feat xlink:href="#sSpan2957" value="Greek"/>
		<feat xlink:href="#sSpan3087" value="Greek"/>
		<feat xlink:href="#sSpan3203" value="Hebrew"/>
		<feat xlink:href="#sSpan3270" value="Greek"/>
		<feat xlink:href="#sSpan3288" value="Greek"/>
		<feat xlink:href="#sSpan3371" value="Greek"/>
		<feat xlink:href="#sSpan3427" value="Greek"/>
		<feat xlink:href="#sSpan3462" value="Greek"/>
		<feat xlink:href="#sSpan3465" value="Greek"/>
		<feat xlink:href="#sSpan3476" value="Greek"/>
		<feat xlink:href="#sSpan3641" value="Greek"/>
		<feat xlink:href="#sSpan3669" value="Greek"/>
		<feat xlink:href="#sSpan3688" value="Hebrew"/>
		<feat xlink:href="#sSpan3726" value="Greek"/>
		<feat xlink:href="#sSpan3757" value="Greek"/>
		<feat xlink:href="#sSpan3852" value="Greek"/>
		<feat xlink:href="#sSpan3930" value="Greek"/>
		<feat xlink:href="#sSpan3940" value="Greek"/>
		<feat xlink:href="#sSpan3943" value="Greek"/>
		<feat xlink:href="#sSpan3960" value="Greek"/>
		<feat xlink:href="#sSpan3967" value="Greek"/>
		<feat xlink:href="#sSpan4006" value="Greek"/>
		<feat xlink:href="#sSpan4007" value="Greek"/>
		<feat xlink:href="#sSpan4066" value="Greek"/>
		<feat xlink:href="#sSpan4069" value="Greek"/>
		<feat xlink:href="#sSpan4122" value="Greek"/>
		<feat xlink:href="#sSpan4158" value="Greek"/>
		<feat xlink:href="#sSpan4177" value="Greek"/>
		<feat xlink:href="#sSpan4185" value="Hebrew"/>
		<feat xlink:href="#sSpan4188" value="Greek"/>
		<feat xlink:href="#sSpan4212" value="Greek"/>
		<feat xlink:href="#sSpan4230" value="Greek"/>
		<feat xlink:href="#sSpan4300" value="Hebrew"/>
		<feat xlink:href="#sSpan4319" value="Greek"/>
		<feat xlink:href="#sSpan4338" value="Greek"/>
		<feat xlink:href="#sSpan4366" value="Greek"/>
		<feat xlink:href="#sSpan4425" value="Greek"/>
		<feat xlink:href="#sSpan4448" value="Greek"/>
		<feat xlink:href="#sSpan4458" value="Hebrew"/>
		<feat xlink:href="#sSpan4472" value="Greek"/>
		<feat xlink:href="#sSpan4475" value="Greek"/>
		<feat xlink:href="#sSpan4488" value="Greek"/>
		<feat xlink:href="#sSpan4515" value="Greek"/>
		<feat xlink:href="#sSpan4544" value="Greek"/>
		<feat xlink:href="#sSpan4582" value="Greek"/>
		<feat xlink:href="#sSpan4638" value="Greek"/>
		<feat xlink:href="#sSpan4673" value="Greek"/>
		<feat xlink:href="#sSpan4693" value="Greek"/>
		<feat xlink:href="#sSpan4737" value="Greek"/>
		<feat xlink:href="#sSpan4747" value="Greek"/>
		<feat xlink:href="#sSpan4762" value="Greek"/>
		<feat xlink:href="#sSpan4803" value="Greek"/>
		<feat xlink:href="#sSpan4844" value="Greek"/>
		<feat xlink:href="#sSpan4886" value="Greek"/>
		<feat xlink:href="#sSpan4914" value="Greek"/>
		<feat xlink:href="#sSpan4931" value="Hebrew"/>
		<feat xlink:href="#sSpan4934" value="Greek"/>
		<feat xlink:href="#sSpan4969" value="Greek"/>
		<feat xlink:href="#sSpan5010" value="Greek"/>
		<feat xlink:href="#sSpan5127" value="Greek"/>
		<feat xlink:href="#sSpan5161" value="Greek"/>
		<feat xlink:href="#sSpan5199" value="Greek"/>
		<feat xlink:href="#sSpan5211" value="Greek"/>
		<feat xlink:href="#sSpan5286" value="Greek"/>
		<feat xlink:href="#sSpan5337" value="Greek"/>
		<feat xlink:href="#sSpan5356" value="Greek"/>
		<feat xlink:href="#sSpan5391" value="Greek"/>
		<feat xlink:href="#sSpan5438" value="Greek"/>
		<feat xlink:href="#sSpan5476" value="Greek"/>
		<feat xlink:href="#sSpan5481" value="Greek"/>
		<feat xlink:href="#sSpan5485" value="Greek"/>
		<feat xlink:href="#sSpan5518" value="Greek"/>
		<feat xlink:href="#sSpan5539" value="Greek"/>
		<feat xlink:href="#sSpan5705" value="Greek"/>
		<feat xlink:href="#sSpan5768" value="Greek"/>
		<feat xlink:href="#sSpan5772" value="Greek"/>
		<feat xlink:href="#sSpan5789" value="Greek"/>
		<feat xlink:href="#sSpan5801" value="Greek"/>
		<feat xlink:href="#sSpan5816" value="Greek"/>
		<feat xlink:href="#sSpan5985" value="Greek"/>
		<feat xlink:href="#sSpan6012" value="Greek"/>
		<feat xlink:href="#sSpan6056" value="Greek"/>
		<feat xlink:href="#sSpan6068" value="Greek"/>
		<feat xlink:href="#sSpan6078" value="Greek"/>
		<feat xlink:href="#sSpan6226" value="Greek"/>
		<feat xlink:href="#sSpan6292" value="Greek"/>
		<feat xlink:href="#sSpan6367" value="Greek"/>
		<feat xlink:href="#sSpan6444" value="Greek"/>
		<feat xlink:href="#sSpan6469" value="Greek"/>
		<feat xlink:href="#sSpan6484" value="Greek"/>
		<feat xlink:href="#sSpan6497" value="Greek"/>
		<feat xlink:href="#sSpan6507" value="Greek"/>
		<feat xlink:href="#sSpan6520" value="Greek"/>
		<feat xlink:href="#sSpan6540" value="Greek"/>
		<feat xlink:href="#sSpan6550" value="Greek"/>
		<feat xlink:href="#sSpan6553" value="Greek"/>
		<feat xlink:href="#sSpan6576" value="Greek"/>
		<feat xlink:href="#sSpan6625" value="Greek"/>
		<feat xlink:href="#sSpan6715" value="Greek"/>
		<feat xlink:href="#sSpan6736" value="Greek"/>
		<feat xlink:href="#sSpan6815" value="Greek"/>
		<feat xlink:href="#sSpan6855" value="Greek"/>
		<feat xlink:href="#sSpan6884" value="Greek"/>
		<feat xlink:href="#sSpan6898" value="Greek"/>
		<feat xlink:href="#sSpan6907" value="Greek"/>
		<feat xlink:href="#sSpan6996" value="Greek"/>
		<feat xlink:href="#sSpan7087" value="Greek"/>
		<feat xlink:href="#sSpan7108" value="Greek"/>
		<feat xlink:href="#sSpan7118" value="Greek"/>
		<feat xlink:href="#sSpan7152" value="Greek"/>
		<feat xlink:href="#sSpan7202" value="Greek"/>
		<feat xlink:href="#sSpan7218" value="Greek"/>
		<feat xlink:href="#sSpan7219" value="Greek"/>
		<feat xlink:href="#sSpan7275" value="Greek"/>
		<feat xlink:href="#sSpan7362" value="Greek"/>
		<feat xlink:href="#sSpan7385" value="Greek"/>
		<feat xlink:href="#sSpan7396" value="Greek"/>
		<feat xlink:href="#sSpan7410" value="Greek"/>
		<feat xlink:href="#sSpan7417" value="Greek"/>
		<feat xlink:href="#sSpan7431" value="Greek"/>
		<feat xlink:href="#sSpan7444" value="Greek"/>
		<feat xlink:href="#sSpan7451" value="Greek"/>
		<feat xlink:href="#sSpan7464" value="Greek"/>
		<feat xlink:href="#sSpan7475" value="Greek"/>
		<feat xlink:href="#sSpan7487" value="Greek"/>
		<feat xlink:href="#sSpan7497" value="Greek"/>
		<feat xlink:href="#sSpan7507" value="Greek"/>
		<feat xlink:href="#sSpan7517" value="Greek"/>
		<feat xlink:href="#sSpan7529" value="Greek"/>
		<feat xlink:href="#sSpan7536" value="Hebrew"/>
		<feat xlink:href="#sSpan7556" value="Greek"/>
		<feat xlink:href="#sSpan7627" value="Greek"/>
		<feat xlink:href="#sSpan7659" value="Greek"/>
		<feat xlink:href="#sSpan7723" value="Greek"/>
		<feat xlink:href="#sSpan7733" value="Greek"/>
		<feat xlink:href="#sSpan7757" value="Greek"/>
		<feat xlink:href="#sSpan7779" value="Greek"/>
		<feat xlink:href="#sSpan7817" value="Greek"/>
		<feat xlink:href="#sSpan7890" value="Greek"/>
		<feat xlink:href="#sSpan7900" value="Greek"/>
		<feat xlink:href="#sSpan7951" value="Greek"/>
		<feat xlink:href="#sSpan7954" value="Greek"/>
		<feat xlink:href="#sSpan7993" value="Greek"/>
		<feat xlink:href="#sSpan8022" value="Greek"/>
		<feat xlink:href="#sSpan8025" value="Hebrew"/>
		<feat xlink:href="#sSpan8086" value="Greek"/>
		<feat xlink:href="#sSpan8108" value="Hebrew"/></featList></paula>