<?xml version='1.0' encoding='UTF-8'?><!DOCTYPE paula SYSTEM "paula_feat.dtd">
<paula version="1.1">
	<header paula_id="scriptorium.life.aphou.02.mark_translation"/>
	<featList xmlns:xlink="http://www.w3.org/1999/xlink" type="translation" xml:base="scriptorium.life.aphou.02.mark.xml">
		<feat xlink:href="#sSpan6" value="..."/>
		<feat xlink:href="#sSpan118" value="..."/>
		<feat xlink:href="#sSpan249" value="..."/>
		<feat xlink:href="#sSpan305" value="..."/>
		<feat xlink:href="#sSpan394" value="..."/>
		<feat xlink:href="#sSpan417" value="..."/>
		<feat xlink:href="#sSpan520" value="..."/>
		<feat xlink:href="#sSpan595" value="..."/>
		<feat xlink:href="#sSpan794" value="..."/>
		<feat xlink:href="#sSpan988" value="..."/>
		<feat xlink:href="#sSpan1130" value="..."/>
		<feat xlink:href="#sSpan1251" value="..."/>
		<feat xlink:href="#sSpan1393" value="..."/>
		<feat xlink:href="#sSpan1455" value="..."/>
		<feat xlink:href="#sSpan1555" value="..."/>
		<feat xlink:href="#sSpan1601" value="..."/>
		<feat xlink:href="#sSpan1823" value="..."/>
		<feat xlink:href="#sSpan1930" value="..."/>
		<feat xlink:href="#sSpan1980" value="..."/>
		<feat xlink:href="#sSpan2030" value="..."/>
		<feat xlink:href="#sSpan2080" value="..."/>
		<feat xlink:href="#sSpan2144" value="..."/>
		<feat xlink:href="#sSpan2267" value="..."/>
		<feat xlink:href="#sSpan2409" value="..."/>
		<feat xlink:href="#sSpan2500" value="..."/>
		<feat xlink:href="#sSpan2559" value="..."/>
		<feat xlink:href="#sSpan2641" value="..."/>
		<feat xlink:href="#sSpan2678" value="..."/>
		<feat xlink:href="#sSpan2748" value="..."/>
		<feat xlink:href="#sSpan2806" value="..."/>
		<feat xlink:href="#sSpan2891" value="..."/>
		<feat xlink:href="#sSpan3128" value="..."/>
		<feat xlink:href="#sSpan3387" value="..."/>
		<feat xlink:href="#sSpan3433" value="..."/>
		<feat xlink:href="#sSpan3586" value="..."/>
		<feat xlink:href="#sSpan3700" value="..."/>
		<feat xlink:href="#sSpan3763" value="..."/>
		<feat xlink:href="#sSpan3818" value="..."/>
		<feat xlink:href="#sSpan3911" value="..."/>
		<feat xlink:href="#sSpan4041" value="..."/>
		<feat xlink:href="#sSpan4287" value="..."/>
		<feat xlink:href="#sSpan4369" value="..."/>
		<feat xlink:href="#sSpan4453" value="..."/>
		<feat xlink:href="#sSpan4643" value="..."/>
		<feat xlink:href="#sSpan4709" value="..."/>
		<feat xlink:href="#sSpan4748" value="..."/>
		<feat xlink:href="#sSpan4815" value="..."/>
		<feat xlink:href="#sSpan4904" value="..."/>
		<feat xlink:href="#sSpan5149" value="..."/>
		<feat xlink:href="#sSpan5345" value="..."/>
		<feat xlink:href="#sSpan5434" value="..."/>
		<feat xlink:href="#sSpan5534" value="..."/>
		<feat xlink:href="#sSpan5576" value="..."/>
		<feat xlink:href="#sSpan5780" value="..."/>
		<feat xlink:href="#sSpan5863" value="..."/>
		<feat xlink:href="#sSpan5945" value="..."/>
		<feat xlink:href="#sSpan6081" value="..."/>
		<feat xlink:href="#sSpan6148" value="..."/>
		<feat xlink:href="#sSpan6224" value="..."/>
		<feat xlink:href="#sSpan6316" value="..."/>
		<feat xlink:href="#sSpan6388" value="..."/>
		<feat xlink:href="#sSpan6493" value="..."/>
		<feat xlink:href="#sSpan6590" value="..."/>
		<feat xlink:href="#sSpan6639" value="..."/>
		<feat xlink:href="#sSpan6846" value="..."/>
		<feat xlink:href="#sSpan6966" value="..."/>
		<feat xlink:href="#sSpan7057" value="..."/>
		<feat xlink:href="#sSpan7179" value="..."/>
		<feat xlink:href="#sSpan7305" value="..."/>
		<feat xlink:href="#sSpan7388" value="..."/>
		<feat xlink:href="#sSpan7572" value="..."/></featList></paula>