<?xml version='1.0' encoding='UTF-8'?><!DOCTYPE paula SYSTEM "paula_feat.dtd">
<paula version="1.1">
	<header paula_id="scriptorium.exhortations.mark_func"/>
	<featList xmlns:xlink="http://www.w3.org/1999/xlink" type="func" xml:base="scriptorium.exhortations.mark.xml">
		<feat xlink:href="#sSpan2" value="root"/>
		<feat xlink:href="#sSpan15" value="mark"/>
		<feat xlink:href="#sSpan19" value="nsubj"/>
		<feat xlink:href="#sSpan21" value="advcl"/>
		<feat xlink:href="#sSpan25" value="case"/>
		<feat xlink:href="#sSpan29" value="det"/>
		<feat xlink:href="#sSpan32" value="obl"/>
		<feat xlink:href="#sSpan34" value="cc"/>
		<feat xlink:href="#sSpan39" value="det"/>
		<feat xlink:href="#sSpan42" value="conj"/>
		<feat xlink:href="#sSpan44" value="punct"/>
		<feat xlink:href="#sSpan48" value="cc"/>
		<feat xlink:href="#sSpan53" value="det"/>
		<feat xlink:href="#sSpan56" value="conj"/>
		<feat xlink:href="#sSpan58" value="punct"/>
		<feat xlink:href="#sSpan62" value="cc"/>
		<feat xlink:href="#sSpan67" value="det"/>
		<feat xlink:href="#sSpan70" value="conj"/>
		<feat xlink:href="#sSpan72" value="punct"/>
		<feat xlink:href="#sSpan76" value="cc"/>
		<feat xlink:href="#sSpan80" value="det"/>
		<feat xlink:href="#sSpan85" value="conj"/>
		<feat xlink:href="#sSpan92" value="mark"/>
		<feat xlink:href="#sSpan97" value="acl"/>
		<feat xlink:href="#sSpan99" value="punct"/>
		<feat xlink:href="#sSpan103" value="mark"/>
		<feat xlink:href="#sSpan108" value="nsubj"/>
		<feat xlink:href="#sSpan110" value="root"/>
		<feat xlink:href="#sSpan114" value="case"/>
		<feat xlink:href="#sSpan118" value="det"/>
		<feat xlink:href="#sSpan122" value="obl"/>
		<feat xlink:href="#sSpan125" value="cc"/>
		<feat xlink:href="#sSpan129" value="det"/>
		<feat xlink:href="#sSpan133" value="conj"/>
		<feat xlink:href="#sSpan136" value="punct"/>
		<feat xlink:href="#sSpan140" value="mark"/>
		<feat xlink:href="#sSpan144" value="nsubj"/>
		<feat xlink:href="#sSpan146" value="parataxis"/>
		<feat xlink:href="#sSpan149" value="case"/>
		<feat xlink:href="#sSpan153" value="obl"/>
		<feat xlink:href="#sSpan156" value="mark"/>
		<feat xlink:href="#sSpan161" value="nsubj"/>
		<feat xlink:href="#sSpan163" value="advcl"/>
		<feat xlink:href="#sSpan165" value="case"/>
		<feat xlink:href="#sSpan169" value="det"/>
		<feat xlink:href="#sSpan172" value="obj"/>
		<feat xlink:href="#sSpan174" value="punct"/>
		<feat xlink:href="#sSpan178" value="mark"/>
		<feat xlink:href="#sSpan184" value="nsubj"/>
		<feat xlink:href="#sSpan186" value="root"/>
		<feat xlink:href="#sSpan188" value="case"/>
		<feat xlink:href="#sSpan193" value="obl"/>
		<feat xlink:href="#sSpan198" value="punct"/>
		<feat xlink:href="#sSpan202" value="mark"/>
		<feat xlink:href="#sSpan206" value="nsubj"/>
		<feat xlink:href="#sSpan209" value="parataxis"/>
		<feat xlink:href="#sSpan212" value="punct"/>
		<feat xlink:href="#sSpan216" value="mark"/>
		<feat xlink:href="#sSpan221" value="nsubj"/>
		<feat xlink:href="#sSpan223" value="root"/>
		<feat xlink:href="#sSpan226" value="case"/>
		<feat xlink:href="#sSpan230" value="det"/>
		<feat xlink:href="#sSpan234" value="obl"/>
		<feat xlink:href="#sSpan239" value="case"/>
		<feat xlink:href="#sSpan243" value="det"/>
		<feat xlink:href="#sSpan246" value="nmod"/>
		<feat xlink:href="#sSpan249" value="punct"/>
		<feat xlink:href="#sSpan253" value="mark"/>
		<feat xlink:href="#sSpan257" value="nsubj"/>
		<feat xlink:href="#sSpan259" value="parataxis"/>
		<feat xlink:href="#sSpan261" value="case"/>
		<feat xlink:href="#sSpan265" value="obl"/>
		<feat xlink:href="#sSpan269" value="case"/>
		<feat xlink:href="#sSpan273" value="det"/>
		<feat xlink:href="#sSpan276" value="obl"/>
		<feat xlink:href="#sSpan279" value="punct"/>
		<feat xlink:href="#sSpan283" value="mark"/>
		<feat xlink:href="#sSpan288" value="nsubj"/>
		<feat xlink:href="#sSpan290" value="root"/>
		<feat xlink:href="#sSpan293" value="case"/>
		<feat xlink:href="#sSpan298" value="obl"/>
		<feat xlink:href="#sSpan302" value="case"/>
		<feat xlink:href="#sSpan306" value="det"/>
		<feat xlink:href="#sSpan309" value="nmod"/>
		<feat xlink:href="#sSpan311" value="case"/>
		<feat xlink:href="#sSpan316" value="det"/>
		<feat xlink:href="#sSpan319" value="nmod"/>
		<feat xlink:href="#sSpan321" value="punct"/>
		<feat xlink:href="#sSpan325" value="case"/>
		<feat xlink:href="#sSpan330" value="det"/>
		<feat xlink:href="#sSpan334" value="obl"/>
		<feat xlink:href="#sSpan339" value="mark"/>
		<feat xlink:href="#sSpan343" value="acl"/>
		<feat xlink:href="#sSpan346" value="case"/>
		<feat xlink:href="#sSpan350" value="obl"/>
		<feat xlink:href="#sSpan352" value="case"/>
		<feat xlink:href="#sSpan357" value="det"/>
		<feat xlink:href="#sSpan360" value="obl"/>
		<feat xlink:href="#sSpan362" value="case"/>
		<feat xlink:href="#sSpan368" value="nmod"/>
		<feat xlink:href="#sSpan370" value="punct"/>
		<feat xlink:href="#sSpan374" value="mark"/>
		<feat xlink:href="#sSpan379" value="aux"/>
		<feat xlink:href="#sSpan381" value="nsubj"/>
		<feat xlink:href="#sSpan383" value="root"/>
		<feat xlink:href="#sSpan386" value="obj"/>
		<feat xlink:href="#sSpan388" value="advmod"/>
		<feat xlink:href="#sSpan392" value="det"/>
		<feat xlink:href="#sSpan394" value="case"/>
		<feat xlink:href="#sSpan399" value="det"/>
		<feat xlink:href="#sSpan402" value="obl"/>
		<feat xlink:href="#sSpan404" value="cc"/>
		<feat xlink:href="#sSpan408" value="det"/>
		<feat xlink:href="#sSpan413" value="conj"/>
		<feat xlink:href="#sSpan416" value="case"/>
		<feat xlink:href="#sSpan421" value="nmod"/>
		<feat xlink:href="#sSpan425" value="det"/>
		<feat xlink:href="#sSpan429" value="punct"/>
		<feat xlink:href="#sSpan434" value="advmod"/>
		<feat xlink:href="#sSpan445" value="advmod"/>
		<feat xlink:href="#sSpan449" value="mark"/>
		<feat xlink:href="#sSpan454" value="aux"/>
		<feat xlink:href="#sSpan456" value="nsubj"/>
		<feat xlink:href="#sSpan458" value="root"/>
		<feat xlink:href="#sSpan460" value="obj"/>
		<feat xlink:href="#sSpan463" value="advmod"/>
		<feat xlink:href="#sSpan468" value="case"/>
		<feat xlink:href="#sSpan472" value="det"/>
		<feat xlink:href="#sSpan474" value="obl"/>
		<feat xlink:href="#sSpan476" value="punct"/>
		<feat xlink:href="#sSpan481" value="cc"/>
		<feat xlink:href="#sSpan487" value="mark"/>
		<feat xlink:href="#sSpan491" value="aux"/>
		<feat xlink:href="#sSpan493" value="nsubj"/>
		<feat xlink:href="#sSpan496" value="root"/>
		<feat xlink:href="#sSpan500" value="case"/>
		<feat xlink:href="#sSpan504" value="obl"/>
		<feat xlink:href="#sSpan506" value="mark"/>
		<feat xlink:href="#sSpan510" value="case"/>
		<feat xlink:href="#sSpan513" value="det"/>
		<feat xlink:href="#sSpan516" value="obl"/>
		<feat xlink:href="#sSpan518" value="cc"/>
		<feat xlink:href="#sSpan523" value="det"/>
		<feat xlink:href="#sSpan526" value="conj"/>
		<feat xlink:href="#sSpan529" value="ccomp"/>
		<feat xlink:href="#sSpan535" value="case"/>
		<feat xlink:href="#sSpan539" value="det"/>
		<feat xlink:href="#sSpan543" value="obl"/>
		<feat xlink:href="#sSpan545" value="punct"/>
		<feat xlink:href="#sSpan549" value="det"/>
		<feat xlink:href="#sSpan556" value="root"/>
		<feat xlink:href="#sSpan559" value="advmod"/>
		<feat xlink:href="#sSpan563" value="cop"/>
		<feat xlink:href="#sSpan568" value="mark"/>
		<feat xlink:href="#sSpan571" value="csubj"/>
		<feat xlink:href="#sSpan573" value="case"/>
		<feat xlink:href="#sSpan578" value="obl"/>
		<feat xlink:href="#sSpan580" value="case"/>
		<feat xlink:href="#sSpan585" value="det"/>
		<feat xlink:href="#sSpan588" value="obj"/>
		<feat xlink:href="#sSpan590" value="cc"/>
		<feat xlink:href="#sSpan595" value="det"/>
		<feat xlink:href="#sSpan598" value="conj"/>
		<feat xlink:href="#sSpan600" value="advmod"/>
		<feat xlink:href="#sSpan605" value="case"/>
		<feat xlink:href="#sSpan609" value="det"/>
		<feat xlink:href="#sSpan612" value="nmod"/>
		<feat xlink:href="#sSpan615" value="punct"/>
		<feat xlink:href="#sSpan621" value="cc"/>
		<feat xlink:href="#sSpan634" value="advmod"/>
		<feat xlink:href="#sSpan638" value="det"/>
		<feat xlink:href="#sSpan643" value="dislocated"/>
		<feat xlink:href="#sSpan645" value="case"/>
		<feat xlink:href="#sSpan650" value="det"/>
		<feat xlink:href="#sSpan654" value="nmod"/>
		<feat xlink:href="#sSpan656" value="case"/>
		<feat xlink:href="#sSpan660" value="det"/>
		<feat xlink:href="#sSpan663" value="obl"/>
		<feat xlink:href="#sSpan666" value="aux"/>
		<feat xlink:href="#sSpan671" value="nsubj"/>
		<feat xlink:href="#sSpan675" value="root"/>
		<feat xlink:href="#sSpan679" value="case"/>
		<feat xlink:href="#sSpan683" value="obl"/>
		<feat xlink:href="#sSpan686" value="case"/>
		<feat xlink:href="#sSpan690" value="det"/>
		<feat xlink:href="#sSpan692" value="obl"/>
		<feat xlink:href="#sSpan694" value="mark"/>
		<feat xlink:href="#sSpan698" value="nsubj"/>
		<feat xlink:href="#sSpan700" value="acl"/>
		<feat xlink:href="#sSpan703" value="mark"/>
		<feat xlink:href="#sSpan707" value="xcomp"/>
		<feat xlink:href="#sSpan710" value="det"/>
		<feat xlink:href="#sSpan713" value="obj"/>
		<feat xlink:href="#sSpan716" value="case"/>
		<feat xlink:href="#sSpan720" value="det"/>
		<feat xlink:href="#sSpan724" value="nmod"/>
		<feat xlink:href="#sSpan727" value="case"/>
		<feat xlink:href="#sSpan731" value="det"/>
		<feat xlink:href="#sSpan734" value="nmod"/>
		<feat xlink:href="#sSpan736" value="aux"/>
		<feat xlink:href="#sSpan744" value="nsubj"/>
		<feat xlink:href="#sSpan747" value="root"/>
		<feat xlink:href="#sSpan750" value="case"/>
		<feat xlink:href="#sSpan755" value="obl"/>
		<feat xlink:href="#sSpan757" value="mark"/>
		<feat xlink:href="#sSpan761" value="xcomp"/>
		<feat xlink:href="#sSpan763" value="nsubj"/>
		<feat xlink:href="#sSpan765" value="xcomp"/>
		<feat xlink:href="#sSpan768" value="case"/>
		<feat xlink:href="#sSpan772" value="det"/>
		<feat xlink:href="#sSpan775" value="obj"/>
		<feat xlink:href="#sSpan778" value="case"/>
		<feat xlink:href="#sSpan782" value="det"/>
		<feat xlink:href="#sSpan786" value="obl"/>
		<feat xlink:href="#sSpan789" value="case"/>
		<feat xlink:href="#sSpan793" value="det"/>
		<feat xlink:href="#sSpan796" value="nmod"/>
		<feat xlink:href="#sSpan799" value="punct"/>
		<feat xlink:href="#sSpan803" value="mark"/>
		<feat xlink:href="#sSpan807" value="mark"/>
		<feat xlink:href="#sSpan812" value="nsubj"/>
		<feat xlink:href="#sSpan814" value="aux"/>
		<feat xlink:href="#sSpan816" value="advcl"/>
		<feat xlink:href="#sSpan818" value="case"/>
		<feat xlink:href="#sSpan822" value="obl"/>
		<feat xlink:href="#sSpan825" value="aux"/>
		<feat xlink:href="#sSpan829" value="nsubj"/>
		<feat xlink:href="#sSpan831" value="advcl"/>
		<feat xlink:href="#sSpan833" value="det"/>
		<feat xlink:href="#sSpan836" value="obj"/>
		<feat xlink:href="#sSpan839" value="case"/>
		<feat xlink:href="#sSpan843" value="det"/>
		<feat xlink:href="#sSpan847" value="nmod"/>
		<feat xlink:href="#sSpan850" value="case"/>
		<feat xlink:href="#sSpan854" value="det"/>
		<feat xlink:href="#sSpan857" value="nmod"/>
		<feat xlink:href="#sSpan859" value="aux"/>
		<feat xlink:href="#sSpan864" value="nsubj"/>
		<feat xlink:href="#sSpan866" value="advmod"/>
		<feat xlink:href="#sSpan868" value="advcl"/>
		<feat xlink:href="#sSpan870" value="det"/>
		<feat xlink:href="#sSpan873" value="obj"/>
		<feat xlink:href="#sSpan876" value="punct"/>
		<feat xlink:href="#sSpan881" value="dislocated"/>
		<feat xlink:href="#sSpan889" value="advmod"/>
		<feat xlink:href="#sSpan893" value="advmod"/>
		<feat xlink:href="#sSpan897" value="det"/>
		<feat xlink:href="#sSpan899" value="aux"/>
		<feat xlink:href="#sSpan904" value="nsubj"/>
		<feat xlink:href="#sSpan906" value="root"/>
		<feat xlink:href="#sSpan908" value="case"/>
		<feat xlink:href="#sSpan912" value="obl"/>
		<feat xlink:href="#sSpan914" value="case"/>
		<feat xlink:href="#sSpan919" value="det"/>
		<feat xlink:href="#sSpan922" value="obj"/>
		<feat xlink:href="#sSpan924" value="case"/>
		<feat xlink:href="#sSpan928" value="det"/>
		<feat xlink:href="#sSpan931" value="nmod"/>
		<feat xlink:href="#sSpan935" value="case"/>
		<feat xlink:href="#sSpan939" value="det"/>
		<feat xlink:href="#sSpan942" value="obl"/>
		<feat xlink:href="#sSpan944" value="case"/>
		<feat xlink:href="#sSpan949" value="det"/>
		<feat xlink:href="#sSpan952" value="obl"/>
		<feat xlink:href="#sSpan954" value="case"/>
		<feat xlink:href="#sSpan958" value="det"/>
		<feat xlink:href="#sSpan961" value="nmod"/>
		<feat xlink:href="#sSpan964" value="punct"/>
		<feat xlink:href="#sSpan968" value="mark"/>
		<feat xlink:href="#sSpan972" value="aux"/>
		<feat xlink:href="#sSpan977" value="nsubj"/>
		<feat xlink:href="#sSpan979" value="advcl"/>
		<feat xlink:href="#sSpan982" value="det"/>
		<feat xlink:href="#sSpan985" value="obj"/>
		<feat xlink:href="#sSpan987" value="case"/>
		<feat xlink:href="#sSpan992" value="det"/>
		<feat xlink:href="#sSpan996" value="nmod"/>
		<feat xlink:href="#sSpan998" value="mark"/>
		<feat xlink:href="#sSpan1003" value="aux"/>
		<feat xlink:href="#sSpan1005" value="det"/>
		<feat xlink:href="#sSpan1008" value="nsubj"/>
		<feat xlink:href="#sSpan1011" value="acl"/>
		<feat xlink:href="#sSpan1015" value="obj"/>
		<feat xlink:href="#sSpan1017" value="case"/>
		<feat xlink:href="#sSpan1022" value="obl"/>
		<feat xlink:href="#sSpan1024" value="punct"/>
		<feat xlink:href="#sSpan1029" value="case"/>
		<feat xlink:href="#sSpan1039" value="obl"/>
		<feat xlink:href="#sSpan1041" value="advmod"/>
		<feat xlink:href="#sSpan1045" value="det"/>
		<feat xlink:href="#sSpan1050" value="vocative"/>
		<feat xlink:href="#sSpan1053" value="aux"/>
		<feat xlink:href="#sSpan1057" value="nsubj"/>
		<feat xlink:href="#sSpan1059" value="root"/>
		<feat xlink:href="#sSpan1062" value="obj"/>
		<feat xlink:href="#sSpan1064" value="aux"/>
		<feat xlink:href="#sSpan1068" value="nsubj"/>
		<feat xlink:href="#sSpan1071" value="advcl"/>
		<feat xlink:href="#sSpan1074" value="mark"/>
		<feat xlink:href="#sSpan1079" value="aux"/>
		<feat xlink:href="#sSpan1081" value="det"/>
		<feat xlink:href="#sSpan1085" value="nsubj"/>
		<feat xlink:href="#sSpan1088" value="advcl"/>
		<feat xlink:href="#sSpan1092" value="case"/>
		<feat xlink:href="#sSpan1098" value="obl"/>
		<feat xlink:href="#sSpan1102" value="punct"/>
		<feat xlink:href="#sSpan1106" value="cc"/>
		<feat xlink:href="#sSpan1111" value="mark"/>
		<feat xlink:href="#sSpan1115" value="mark"/>
		<feat xlink:href="#sSpan1120" value="det"/>
		<feat xlink:href="#sSpan1123" value="nsubj"/>
		<feat xlink:href="#sSpan1125" value="conj"/>
		<feat xlink:href="#sSpan1130" value="case"/>
		<feat xlink:href="#sSpan1134" value="obl"/>
		<feat xlink:href="#sSpan1136" value="mark"/>
		<feat xlink:href="#sSpan1141" value="det"/>
		<feat xlink:href="#sSpan1144" value="acl"/>
		<feat xlink:href="#sSpan1147" value="cop"/>
		<feat xlink:href="#sSpan1151" value="case"/>
		<feat xlink:href="#sSpan1155" value="det"/>
		<feat xlink:href="#sSpan1158" value="nmod"/>
		<feat xlink:href="#sSpan1161" value="punct"/>
		<feat xlink:href="#sSpan1165" value="case"/>
		<feat xlink:href="#sSpan1170" value="det"/>
		<feat xlink:href="#sSpan1172" value="root"/>
		<feat xlink:href="#sSpan1175" value="mark"/>
		<feat xlink:href="#sSpan1180" value="aux"/>
		<feat xlink:href="#sSpan1182" value="det"/>
		<feat xlink:href="#sSpan1185" value="nsubj"/>
		<feat xlink:href="#sSpan1188" value="xcomp"/>
		<feat xlink:href="#sSpan1193" value="obj"/>
		<feat xlink:href="#sSpan1195" value="mark"/>
		<feat xlink:href="#sSpan1199" value="ccomp"/>
		<feat xlink:href="#sSpan1204" value="advmod"/>
		<feat xlink:href="#sSpan1209" value="mark"/>
		<feat xlink:href="#sSpan1214" value="advcl"/>
		<feat xlink:href="#sSpan1216" value="iobj"/>
		<feat xlink:href="#sSpan1219" value="det"/>
		<feat xlink:href="#sSpan1225" value="nsubj"/>
		<feat xlink:href="#sSpan1227" value="punct"/>
		<feat xlink:href="#sSpan1231" value="mark"/>
		<feat xlink:href="#sSpan1236" value="aux"/>
		<feat xlink:href="#sSpan1239" value="det"/>
		<feat xlink:href="#sSpan1242" value="nsubj"/>
		<feat xlink:href="#sSpan1245" value="advcl"/>
		<feat xlink:href="#sSpan1250" value="obj"/>
		<feat xlink:href="#sSpan1252" value="punct"/>
		<feat xlink:href="#sSpan1256" value="punct"/>
		<feat xlink:href="#sSpan1261" value="cc"/>
		<feat xlink:href="#sSpan1267" value="mark"/>
		<feat xlink:href="#sSpan1273" value="mark"/>
		<feat xlink:href="#sSpan1276" value="mark"/>
		<feat xlink:href="#sSpan1281" value="nsubj"/>
		<feat xlink:href="#sSpan1283" value="case"/>
		<feat xlink:href="#sSpan1285" value="det"/>
		<feat xlink:href="#sSpan1288" value="advcl"/>
		<feat xlink:href="#sSpan1292" value="punct"/>
		<feat xlink:href="#sSpan1296" value="aux"/>
		<feat xlink:href="#sSpan1300" value="nsubj"/>
		<feat xlink:href="#sSpan1302" value="root"/>
		<feat xlink:href="#sSpan1306" value="mark"/>
		<feat xlink:href="#sSpan1310" value="nsubj"/>
		<feat xlink:href="#sSpan1312" value="advcl"/>
		<feat xlink:href="#sSpan1316" value="punct"/>
		<feat xlink:href="#sSpan1320" value="cc"/>
		<feat xlink:href="#sSpan1326" value="mark"/>
		<feat xlink:href="#sSpan1331" value="dislocated"/>
		<feat xlink:href="#sSpan1334" value="mark"/>
		<feat xlink:href="#sSpan1336" value="acl"/>
		<feat xlink:href="#sSpan1341" value="advmod"/>
		<feat xlink:href="#sSpan1345" value="punct"/>
		<feat xlink:href="#sSpan1349" value="mark"/>
		<feat xlink:href="#sSpan1353" value="nsubj"/>
		<feat xlink:href="#sSpan1355" value="root"/>
		<feat xlink:href="#sSpan1360" value="case"/>
		<feat xlink:href="#sSpan1364" value="det"/>
		<feat xlink:href="#sSpan1367" value="obl"/>
		<feat xlink:href="#sSpan1369" value="punct"/>
		<feat xlink:href="#sSpan1373" value="cc"/>
		<feat xlink:href="#sSpan1379" value="dislocated"/>
		<feat xlink:href="#sSpan1384" value="mark"/>
		<feat xlink:href="#sSpan1386" value="acl"/>
		<feat xlink:href="#sSpan1390" value="punct"/>
		<feat xlink:href="#sSpan1394" value="mark"/>
		<feat xlink:href="#sSpan1398" value="nsubj"/>
		<feat xlink:href="#sSpan1400" value="root"/>
		<feat xlink:href="#sSpan1403" value="case"/>
		<feat xlink:href="#sSpan1408" value="det"/>
		<feat xlink:href="#sSpan1411" value="obl"/>
		<feat xlink:href="#sSpan1413" value="punct"/>
		<feat xlink:href="#sSpan1418" value="dislocated"/>
		<feat xlink:href="#sSpan1425" value="advmod"/>
		<feat xlink:href="#sSpan1429" value="nsubj"/>
		<feat xlink:href="#sSpan1433" value="root"/>
		<feat xlink:href="#sSpan1438" value="det"/>
		<feat xlink:href="#sSpan1441" value="nmod"/>
		<feat xlink:href="#sSpan1444" value="aux"/>
		<feat xlink:href="#sSpan1449" value="nsubj"/>
		<feat xlink:href="#sSpan1452" value="parataxis"/>
		<feat xlink:href="#sSpan1454" value="punct"/>
		<feat xlink:href="#sSpan1459" value="mark"/>
		<feat xlink:href="#sSpan1464" value="aux"/>
		<feat xlink:href="#sSpan1466" value="nsubj"/>
		<feat xlink:href="#sSpan1468" value="advcl"/>
		<feat xlink:href="#sSpan1470" value="case"/>
		<feat xlink:href="#sSpan1474" value="obl"/>
		<feat xlink:href="#sSpan1477" value="case"/>
		<feat xlink:href="#sSpan1482" value="det"/>
		<feat xlink:href="#sSpan1485" value="obl"/>
		<feat xlink:href="#sSpan1487" value="case"/>
		<feat xlink:href="#sSpan1491" value="det"/>
		<feat xlink:href="#sSpan1495" value="nmod"/></featList></paula>