<?xml version='1.0' encoding='UTF-8'?><!DOCTYPE paula SYSTEM "paula_feat.dtd">
<paula version="1.1">
	<header paula_id="scriptorium.exhortations.mark_morph"/>
	<featList xmlns:xlink="http://www.w3.org/1999/xlink" type="morph" xml:base="scriptorium.exhortations.mark.xml">
		<feat xlink:href="#sSpan83" value="ⲙⲛⲧ"/>
		<feat xlink:href="#sSpan87" value="ⲣⲉϥ"/>
		<feat xlink:href="#sSpan88" value="ϣⲙϣⲉ"/>
		<feat xlink:href="#sSpan90" value="ⲉⲓⲇⲱⲗⲟⲛ"/>
		<feat xlink:href="#sSpan194" value="ⲁⲧ"/>
		<feat xlink:href="#sSpan198" value="ⲥⲱⲧⲙ"/>
		<feat xlink:href="#sSpan236" value="ⲡ"/>
		<feat xlink:href="#sSpan239" value="ⲉⲧ"/>
		<feat xlink:href="#sSpan240" value="ϣⲟⲩⲉⲓⲧ"/>
		<feat xlink:href="#sSpan337" value="ⲙⲛⲧ"/>
		<feat xlink:href="#sSpan340" value="ⲁⲧ"/>
		<feat xlink:href="#sSpan341" value="ⲥⲟⲟⲩⲛ"/>
		<feat xlink:href="#sSpan418" value="ⲣ"/>
		<feat xlink:href="#sSpan421" value="ϩⲱⲃ"/>
		<feat xlink:href="#sSpan502" value="ϯ"/>
		<feat xlink:href="#sSpan506" value="ⲥⲃⲱ"/>
		<feat xlink:href="#sSpan535" value="ⲁⲣⲓ"/>
		<feat xlink:href="#sSpan541" value="ϩⲱⲃ"/>
		<feat xlink:href="#sSpan754" value="ⲟⲩⲉϩ"/>
		<feat xlink:href="#sSpan757" value="ⲥⲁϩⲛⲉ"/></featList></paula>