<?xml version='1.0' encoding='UTF-8'?><!DOCTYPE paula SYSTEM "paula_rel.dtd">
<paula version="1.1">
	<header paula_id="scriptorium.exhortations.head"/>
	<relList xmlns:xlink="http://www.w3.org/1999/xlink" type="head">
		<rel id="sPointingRel789" xlink:href="scriptorium.exhortations.mark.xml#sSpan1056" target="scriptorium.exhortations.mark.xml#sSpan1059"/>
		<rel id="sPointingRel791" xlink:href="scriptorium.exhortations.mark.xml#sSpan132" target="scriptorium.exhortations.mark.xml#sSpan134"/>
		<rel id="sPointingRel793" xlink:href="scriptorium.exhortations.mark.xml#sSpan1152" target="scriptorium.exhortations.mark.xml#sSpan1153"/>
		<rel id="sPointingRel795" xlink:href="scriptorium.exhortations.mark.xml#sSpan669" target="scriptorium.exhortations.mark.xml#sSpan670"/>
		<rel id="sPointingRel797" xlink:href="scriptorium.exhortations.mark.xml#sSpan1423" target="scriptorium.exhortations.mark.xml#sSpan1424"/>
		<rel id="sPointingRel799" xlink:href="scriptorium.exhortations.mark.xml#sSpan843" target="scriptorium.exhortations.mark.xml#sSpan844"/>
		<rel id="sPointingRel801" xlink:href="scriptorium.exhortations.mark.xml#sSpan1131" target="scriptorium.exhortations.mark.xml#sSpan1134"/>
		<rel id="sPointingRel803" xlink:href="scriptorium.exhortations.mark.xml#sSpan417" target="scriptorium.exhortations.mark.xml#sSpan419"/>
		<rel id="sPointingRel805" xlink:href="scriptorium.exhortations.mark.xml#sSpan853" target="scriptorium.exhortations.mark.xml#sSpan855"/>
		<rel id="sPointingRel807" xlink:href="scriptorium.exhortations.mark.xml#sSpan680" target="scriptorium.exhortations.mark.xml#sSpan678"/>
		<rel id="sPointingRel809" xlink:href="scriptorium.exhortations.mark.xml#sSpan1394" target="scriptorium.exhortations.mark.xml#sSpan1392"/>
		<rel id="sPointingRel811" xlink:href="scriptorium.exhortations.mark.xml#sSpan969" target="scriptorium.exhortations.mark.xml#sSpan970"/>
		<rel id="sPointingRel813" xlink:href="scriptorium.exhortations.mark.xml#sSpan864" target="scriptorium.exhortations.mark.xml#sSpan865"/>
		<rel id="sPointingRel815" xlink:href="scriptorium.exhortations.mark.xml#sSpan605" target="scriptorium.exhortations.mark.xml#sSpan606"/>
		<rel id="sPointingRel817" xlink:href="scriptorium.exhortations.mark.xml#sSpan69" target="scriptorium.exhortations.mark.xml#sSpan70"/>
		<rel id="sPointingRel819" xlink:href="scriptorium.exhortations.mark.xml#sSpan156" target="scriptorium.exhortations.mark.xml#sSpan154"/>
		<rel id="sPointingRel821" xlink:href="scriptorium.exhortations.mark.xml#sSpan1251" target="scriptorium.exhortations.mark.xml#sSpan1252"/>
		<rel id="sPointingRel823" xlink:href="scriptorium.exhortations.mark.xml#sSpan31" target="scriptorium.exhortations.mark.xml#sSpan32"/>
		<rel id="sPointingRel825" xlink:href="scriptorium.exhortations.mark.xml#sSpan248" target="scriptorium.exhortations.mark.xml#sSpan249"/>
		<rel id="sPointingRel827" xlink:href="scriptorium.exhortations.mark.xml#sSpan1016" target="scriptorium.exhortations.mark.xml#sSpan1017"/>
		<rel id="sPointingRel829" xlink:href="scriptorium.exhortations.mark.xml#sSpan4" target="scriptorium.exhortations.mark.xml#sSpan2"/>
		<rel id="sPointingRel831" xlink:href="scriptorium.exhortations.mark.xml#sSpan1454" target="scriptorium.exhortations.mark.xml#sSpan1455"/>
		<rel id="sPointingRel833" xlink:href="scriptorium.exhortations.mark.xml#sSpan803" target="scriptorium.exhortations.mark.xml#sSpan804"/>
		<rel id="sPointingRel835" xlink:href="scriptorium.exhortations.mark.xml#sSpan950" target="scriptorium.exhortations.mark.xml#sSpan951"/>
		<rel id="sPointingRel837" xlink:href="scriptorium.exhortations.mark.xml#sSpan792" target="scriptorium.exhortations.mark.xml#sSpan794"/>
		<rel id="sPointingRel839" xlink:href="scriptorium.exhortations.mark.xml#sSpan960" target="scriptorium.exhortations.mark.xml#sSpan961"/>
		<rel id="sPointingRel841" xlink:href="scriptorium.exhortations.mark.xml#sSpan619" target="scriptorium.exhortations.mark.xml#sSpan620"/>
		<rel id="sPointingRel843" xlink:href="scriptorium.exhortations.mark.xml#sSpan304" target="scriptorium.exhortations.mark.xml#sSpan302"/>
		<rel id="sPointingRel845" xlink:href="scriptorium.exhortations.mark.xml#sSpan532" target="scriptorium.exhortations.mark.xml#sSpan533"/>
		<rel id="sPointingRel847" xlink:href="scriptorium.exhortations.mark.xml#sSpan649" target="scriptorium.exhortations.mark.xml#sSpan650"/>
		<rel id="sPointingRel849" xlink:href="scriptorium.exhortations.mark.xml#sSpan429" target="scriptorium.exhortations.mark.xml#sSpan427"/>
		<rel id="sPointingRel851" xlink:href="scriptorium.exhortations.mark.xml#sSpan278" target="scriptorium.exhortations.mark.xml#sSpan279"/>
		<rel id="sPointingRel853" xlink:href="scriptorium.exhortations.mark.xml#sSpan1499" target="scriptorium.exhortations.mark.xml#sSpan1500"/>
		<rel id="sPointingRel855" xlink:href="scriptorium.exhortations.mark.xml#sSpan322" target="scriptorium.exhortations.mark.xml#sSpan323"/>
		<rel id="sPointingRel857" xlink:href="scriptorium.exhortations.mark.xml#sSpan407" target="scriptorium.exhortations.mark.xml#sSpan408"/>
		<rel id="sPointingRel859" xlink:href="scriptorium.exhortations.mark.xml#sSpan880" target="scriptorium.exhortations.mark.xml#sSpan881"/>
		<rel id="sPointingRel861" xlink:href="scriptorium.exhortations.mark.xml#sSpan548" target="scriptorium.exhortations.mark.xml#sSpan550"/>
		<rel id="sPointingRel863" xlink:href="scriptorium.exhortations.mark.xml#sSpan1003" target="scriptorium.exhortations.mark.xml#sSpan1005"/>
		<rel id="sPointingRel865" xlink:href="scriptorium.exhortations.mark.xml#sSpan1194" target="scriptorium.exhortations.mark.xml#sSpan1195"/>
		<rel id="sPointingRel867" xlink:href="scriptorium.exhortations.mark.xml#sSpan1345" target="scriptorium.exhortations.mark.xml#sSpan1343"/>
		<rel id="sPointingRel869" xlink:href="scriptorium.exhortations.mark.xml#sSpan782" target="scriptorium.exhortations.mark.xml#sSpan783"/>
		<rel id="sPointingRel871" xlink:href="scriptorium.exhortations.mark.xml#sSpan719" target="scriptorium.exhortations.mark.xml#sSpan720"/>
		<rel id="sPointingRel873" xlink:href="scriptorium.exhortations.mark.xml#sSpan197" target="scriptorium.exhortations.mark.xml#sSpan195"/>
		<rel id="sPointingRel875" xlink:href="scriptorium.exhortations.mark.xml#sSpan312" target="scriptorium.exhortations.mark.xml#sSpan313"/>
		<rel id="sPointingRel877" xlink:href="scriptorium.exhortations.mark.xml#sSpan740" target="scriptorium.exhortations.mark.xml#sSpan741"/>
		<rel id="sPointingRel879" xlink:href="scriptorium.exhortations.mark.xml#sSpan121" target="scriptorium.exhortations.mark.xml#sSpan123"/>
		<rel id="sPointingRel881" xlink:href="scriptorium.exhortations.mark.xml#sSpan235" target="scriptorium.exhortations.mark.xml#sSpan237"/>
		<rel id="sPointingRel883" xlink:href="scriptorium.exhortations.mark.xml#sSpan729" target="scriptorium.exhortations.mark.xml#sSpan731"/>
		<rel id="sPointingRel885" xlink:href="scriptorium.exhortations.mark.xml#sSpan270" target="scriptorium.exhortations.mark.xml#sSpan268"/>
		<rel id="sPointingRel887" xlink:href="scriptorium.exhortations.mark.xml#sSpan336" target="scriptorium.exhortations.mark.xml#sSpan338"/>
		<rel id="sPointingRel889" xlink:href="scriptorium.exhortations.mark.xml#sSpan659" target="scriptorium.exhortations.mark.xml#sSpan661"/>
		<rel id="sPointingRel891" xlink:href="scriptorium.exhortations.mark.xml#sSpan55" target="scriptorium.exhortations.mark.xml#sSpan56"/>
		<rel id="sPointingRel893" xlink:href="scriptorium.exhortations.mark.xml#sSpan1166" target="scriptorium.exhortations.mark.xml#sSpan1167"/>
		<rel id="sPointingRel895" xlink:href="scriptorium.exhortations.mark.xml#sSpan1092" target="scriptorium.exhortations.mark.xml#sSpan1094"/>
		<rel id="sPointingRel897" xlink:href="scriptorium.exhortations.mark.xml#sSpan1298" target="scriptorium.exhortations.mark.xml#sSpan1299"/>
		<rel id="sPointingRel899" xlink:href="scriptorium.exhortations.mark.xml#sSpan1231" target="scriptorium.exhortations.mark.xml#sSpan1235"/>
		<rel id="sPointingRel901" xlink:href="scriptorium.exhortations.mark.xml#sSpan595" target="scriptorium.exhortations.mark.xml#sSpan596"/>
		<rel id="sPointingRel903" xlink:href="scriptorium.exhortations.mark.xml#sSpan930" target="scriptorium.exhortations.mark.xml#sSpan931"/>
		<rel id="sPointingRel905" xlink:href="scriptorium.exhortations.mark.xml#sSpan522" target="scriptorium.exhortations.mark.xml#sSpan523"/>
		<rel id="sPointingRel907" xlink:href="scriptorium.exhortations.mark.xml#sSpan939" target="scriptorium.exhortations.mark.xml#sSpan940"/>
		<rel id="sPointingRel909" xlink:href="scriptorium.exhortations.mark.xml#sSpan82" target="scriptorium.exhortations.mark.xml#sSpan85"/>
		<rel id="sPointingRel911" xlink:href="scriptorium.exhortations.mark.xml#sSpan363" target="scriptorium.exhortations.mark.xml#sSpan364"/>
		<rel id="sPointingRel913" xlink:href="scriptorium.exhortations.mark.xml#sSpan1508" target="scriptorium.exhortations.mark.xml#sSpan1510"/>
		<rel id="sPointingRel915" xlink:href="scriptorium.exhortations.mark.xml#sSpan993" target="scriptorium.exhortations.mark.xml#sSpan994"/>
		<rel id="sPointingRel917" xlink:href="scriptorium.exhortations.mark.xml#sSpan41" target="scriptorium.exhortations.mark.xml#sSpan42"/>
		<rel id="sPointingRel919" xlink:href="scriptorium.exhortations.mark.xml#sSpan1378" target="scriptorium.exhortations.mark.xml#sSpan1379"/>
		<rel id="sPointingRel921" xlink:href="scriptorium.exhortations.mark.xml#sSpan561" target="scriptorium.exhortations.mark.xml#sSpan564"/></relList></paula>