<?xml version='1.0' encoding='UTF-8'?><!DOCTYPE paula SYSTEM "paula_feat.dtd">
<paula version="1.1">
	<header paula_id="scriptorium.exhortations.mark_lang"/>
	<featList xmlns:xlink="http://www.w3.org/1999/xlink" type="lang" xml:base="scriptorium.exhortations.mark.xml">
		<feat xlink:href="#sSpan1" value="Greek"/>
		<feat xlink:href="#sSpan91" value="Greek"/>
		<feat xlink:href="#sSpan121" value="Greek"/>
		<feat xlink:href="#sSpan132" value="Greek"/>
		<feat xlink:href="#sSpan208" value="Greek"/>
		<feat xlink:href="#sSpan297" value="Greek"/>
		<feat xlink:href="#sSpan421" value="Greek"/>
		<feat xlink:href="#sSpan445" value="Greek"/>
		<feat xlink:href="#sSpan481" value="Greek"/>
		<feat xlink:href="#sSpan559" value="Greek"/>
		<feat xlink:href="#sSpan571" value="Greek"/>
		<feat xlink:href="#sSpan621" value="Greek"/>
		<feat xlink:href="#sSpan633" value="Greek"/>
		<feat xlink:href="#sSpan653" value="Hebrew"/>
		<feat xlink:href="#sSpan670" value="Hebrew"/>
		<feat xlink:href="#sSpan723" value="Greek"/>
		<feat xlink:href="#sSpan846" value="Greek"/>
		<feat xlink:href="#sSpan888" value="Greek"/>
		<feat xlink:href="#sSpan995" value="Greek"/>
		<feat xlink:href="#sSpan1070" value="Greek"/>
		<feat xlink:href="#sSpan1084" value="Greek"/>
		<feat xlink:href="#sSpan1110" value="Greek"/>
		<feat xlink:href="#sSpan1203" value="Greek"/>
		<feat xlink:href="#sSpan1272" value="Greek"/>
		<feat xlink:href="#sSpan1340" value="Greek"/>
		<feat xlink:href="#sSpan1424" value="Greek"/>
		<feat xlink:href="#sSpan1451" value="Greek"/>
		<feat xlink:href="#sSpan1495" value="Greek"/></featList></paula>