<?xml version='1.0' encoding='UTF-8'?><!DOCTYPE paula SYSTEM "paula_feat.dtd">
<paula version="1.1">
	<header paula_id="scriptorium.mysteries.john.02.mark_new_sent"/>
	<featList xmlns:xlink="http://www.w3.org/1999/xlink" type="new_sent" xml:base="scriptorium.mysteries.john.02.mark.xml">
		<feat xlink:href="#sSpan1" value="true"/>
		<feat xlink:href="#sSpan66" value="true"/>
		<feat xlink:href="#sSpan133" value="true"/>
		<feat xlink:href="#sSpan200" value="true"/>
		<feat xlink:href="#sSpan269" value="true"/>
		<feat xlink:href="#sSpan293" value="true"/>
		<feat xlink:href="#sSpan367" value="true"/>
		<feat xlink:href="#sSpan402" value="true"/>
		<feat xlink:href="#sSpan440" value="true"/>
		<feat xlink:href="#sSpan507" value="true"/>
		<feat xlink:href="#sSpan553" value="true"/>
		<feat xlink:href="#sSpan592" value="true"/>
		<feat xlink:href="#sSpan647" value="true"/>
		<feat xlink:href="#sSpan716" value="true"/>
		<feat xlink:href="#sSpan768" value="true"/>
		<feat xlink:href="#sSpan818" value="true"/>
		<feat xlink:href="#sSpan898" value="true"/>
		<feat xlink:href="#sSpan1033" value="true"/>
		<feat xlink:href="#sSpan1161" value="true"/>
		<feat xlink:href="#sSpan1244" value="true"/>
		<feat xlink:href="#sSpan1341" value="true"/>
		<feat xlink:href="#sSpan1430" value="true"/>
		<feat xlink:href="#sSpan1498" value="true"/>
		<feat xlink:href="#sSpan1547" value="true"/>
		<feat xlink:href="#sSpan1648" value="true"/>
		<feat xlink:href="#sSpan1699" value="true"/>
		<feat xlink:href="#sSpan1868" value="true"/>
		<feat xlink:href="#sSpan2002" value="true"/>
		<feat xlink:href="#sSpan2084" value="true"/>
		<feat xlink:href="#sSpan2168" value="true"/>
		<feat xlink:href="#sSpan2198" value="true"/>
		<feat xlink:href="#sSpan2280" value="true"/>
		<feat xlink:href="#sSpan2376" value="true"/>
		<feat xlink:href="#sSpan2414" value="true"/>
		<feat xlink:href="#sSpan2465" value="true"/>
		<feat xlink:href="#sSpan2576" value="true"/>
		<feat xlink:href="#sSpan2637" value="true"/>
		<feat xlink:href="#sSpan2736" value="true"/>
		<feat xlink:href="#sSpan2794" value="true"/>
		<feat xlink:href="#sSpan2836" value="true"/>
		<feat xlink:href="#sSpan2867" value="true"/>
		<feat xlink:href="#sSpan2934" value="true"/>
		<feat xlink:href="#sSpan3015" value="true"/>
		<feat xlink:href="#sSpan3087" value="true"/>
		<feat xlink:href="#sSpan3142" value="true"/>
		<feat xlink:href="#sSpan3184" value="true"/>
		<feat xlink:href="#sSpan3235" value="true"/>
		<feat xlink:href="#sSpan3359" value="true"/>
		<feat xlink:href="#sSpan3405" value="true"/>
		<feat xlink:href="#sSpan3438" value="true"/>
		<feat xlink:href="#sSpan3481" value="true"/>
		<feat xlink:href="#sSpan3588" value="true"/>
		<feat xlink:href="#sSpan3655" value="true"/>
		<feat xlink:href="#sSpan3710" value="true"/>
		<feat xlink:href="#sSpan3772" value="true"/>
		<feat xlink:href="#sSpan3800" value="true"/>
		<feat xlink:href="#sSpan3844" value="true"/>
		<feat xlink:href="#sSpan3954" value="true"/>
		<feat xlink:href="#sSpan4009" value="true"/>
		<feat xlink:href="#sSpan4066" value="true"/>
		<feat xlink:href="#sSpan4121" value="true"/>
		<feat xlink:href="#sSpan4156" value="true"/>
		<feat xlink:href="#sSpan4209" value="true"/>
		<feat xlink:href="#sSpan4262" value="true"/>
		<feat xlink:href="#sSpan4316" value="true"/>
		<feat xlink:href="#sSpan4444" value="true"/>
		<feat xlink:href="#sSpan4498" value="true"/>
		<feat xlink:href="#sSpan4595" value="true"/>
		<feat xlink:href="#sSpan4665" value="true"/>
		<feat xlink:href="#sSpan4717" value="true"/>
		<feat xlink:href="#sSpan4800" value="true"/>
		<feat xlink:href="#sSpan4851" value="true"/>
		<feat xlink:href="#sSpan4989" value="true"/>
		<feat xlink:href="#sSpan5029" value="true"/>
		<feat xlink:href="#sSpan5175" value="true"/>
		<feat xlink:href="#sSpan5238" value="true"/>
		<feat xlink:href="#sSpan5277" value="true"/>
		<feat xlink:href="#sSpan5348" value="true"/>
		<feat xlink:href="#sSpan5388" value="true"/>
		<feat xlink:href="#sSpan5472" value="true"/>
		<feat xlink:href="#sSpan5655" value="true"/>
		<feat xlink:href="#sSpan5688" value="true"/>
		<feat xlink:href="#sSpan5826" value="true"/>
		<feat xlink:href="#sSpan5868" value="true"/>
		<feat xlink:href="#sSpan5930" value="true"/>
		<feat xlink:href="#sSpan5991" value="true"/>
		<feat xlink:href="#sSpan6083" value="true"/>
		<feat xlink:href="#sSpan6193" value="true"/>
		<feat xlink:href="#sSpan6253" value="true"/>
		<feat xlink:href="#sSpan6344" value="true"/>
		<feat xlink:href="#sSpan6369" value="true"/>
		<feat xlink:href="#sSpan6428" value="true"/>
		<feat xlink:href="#sSpan6477" value="true"/>
		<feat xlink:href="#sSpan6550" value="true"/>
		<feat xlink:href="#sSpan6590" value="true"/>
		<feat xlink:href="#sSpan6619" value="true"/>
		<feat xlink:href="#sSpan6668" value="true"/>
		<feat xlink:href="#sSpan6723" value="true"/>
		<feat xlink:href="#sSpan6789" value="true"/>
		<feat xlink:href="#sSpan6830" value="true"/>
		<feat xlink:href="#sSpan6947" value="true"/>
		<feat xlink:href="#sSpan7010" value="true"/>
		<feat xlink:href="#sSpan7086" value="true"/>
		<feat xlink:href="#sSpan7152" value="true"/>
		<feat xlink:href="#sSpan7237" value="true"/>
		<feat xlink:href="#sSpan7299" value="true"/>
		<feat xlink:href="#sSpan7346" value="true"/>
		<feat xlink:href="#sSpan7435" value="true"/>
		<feat xlink:href="#sSpan7474" value="true"/>
		<feat xlink:href="#sSpan7544" value="true"/>
		<feat xlink:href="#sSpan7595" value="true"/>
		<feat xlink:href="#sSpan7749" value="true"/>
		<feat xlink:href="#sSpan7853" value="true"/>
		<feat xlink:href="#sSpan7963" value="true"/>
		<feat xlink:href="#sSpan8013" value="true"/>
		<feat xlink:href="#sSpan8054" value="true"/>
		<feat xlink:href="#sSpan8092" value="true"/>
		<feat xlink:href="#sSpan8141" value="true"/>
		<feat xlink:href="#sSpan8179" value="true"/>
		<feat xlink:href="#sSpan8211" value="true"/>
		<feat xlink:href="#sSpan8269" value="true"/>
		<feat xlink:href="#sSpan8329" value="true"/>
		<feat xlink:href="#sSpan8372" value="true"/>
		<feat xlink:href="#sSpan8402" value="true"/>
		<feat xlink:href="#sSpan8455" value="true"/>
		<feat xlink:href="#sSpan8486" value="true"/>
		<feat xlink:href="#sSpan8616" value="true"/>
		<feat xlink:href="#sSpan8730" value="true"/>
		<feat xlink:href="#sSpan8772" value="true"/>
		<feat xlink:href="#sSpan8822" value="true"/>
		<feat xlink:href="#sSpan8893" value="true"/>
		<feat xlink:href="#sSpan8944" value="true"/>
		<feat xlink:href="#sSpan9025" value="true"/>
		<feat xlink:href="#sSpan9067" value="true"/>
		<feat xlink:href="#sSpan9095" value="true"/>
		<feat xlink:href="#sSpan9143" value="true"/>
		<feat xlink:href="#sSpan9202" value="true"/>
		<feat xlink:href="#sSpan9268" value="true"/>
		<feat xlink:href="#sSpan9299" value="true"/>
		<feat xlink:href="#sSpan9335" value="true"/>
		<feat xlink:href="#sSpan9351" value="true"/>
		<feat xlink:href="#sSpan9376" value="true"/>
		<feat xlink:href="#sSpan9417" value="true"/>
		<feat xlink:href="#sSpan9461" value="true"/>
		<feat xlink:href="#sSpan9507" value="true"/>
		<feat xlink:href="#sSpan9548" value="true"/>
		<feat xlink:href="#sSpan9574" value="true"/>
		<feat xlink:href="#sSpan9638" value="true"/>
		<feat xlink:href="#sSpan9782" value="true"/>
		<feat xlink:href="#sSpan9836" value="true"/>
		<feat xlink:href="#sSpan9937" value="true"/>
		<feat xlink:href="#sSpan10037" value="true"/>
		<feat xlink:href="#sSpan10086" value="true"/>
		<feat xlink:href="#sSpan10133" value="true"/>
		<feat xlink:href="#sSpan10221" value="true"/>
		<feat xlink:href="#sSpan10286" value="true"/>
		<feat xlink:href="#sSpan10314" value="true"/>
		<feat xlink:href="#sSpan10355" value="true"/>
		<feat xlink:href="#sSpan10415" value="true"/>
		<feat xlink:href="#sSpan10459" value="true"/>
		<feat xlink:href="#sSpan10511" value="true"/>
		<feat xlink:href="#sSpan10570" value="true"/>
		<feat xlink:href="#sSpan10612" value="true"/>
		<feat xlink:href="#sSpan10737" value="true"/>
		<feat xlink:href="#sSpan10930" value="true"/></featList></paula>