<?xml version='1.0' encoding='UTF-8'?><!DOCTYPE paula SYSTEM "paula_feat.dtd">
<paula version="1.1">
	<header paula_id="scriptorium.mysteries.john.02.mark_pb_xml_id"/>
	<featList xmlns:xlink="http://www.w3.org/1999/xlink" type="pb_xml_id" xml:base="scriptorium.mysteries.john.02.mark.xml">
		<feat xlink:href="#sSpan8" value="MERC.AQ19"/>
		<feat xlink:href="#sSpan195" value="MERC.AQ20"/>
		<feat xlink:href="#sSpan811" value="MERC.AQ21"/>
		<feat xlink:href="#sSpan1413" value="MERC.AQ22"/>
		<feat xlink:href="#sSpan1934" value="MERC.AQ23"/>
		<feat xlink:href="#sSpan2501" value="MERC.AQ24"/>
		<feat xlink:href="#sSpan3068" value="MERC.AQ25"/>
		<feat xlink:href="#sSpan3630" value="MERC.AQ26"/>
		<feat xlink:href="#sSpan4146" value="MERC.AQ27"/>
		<feat xlink:href="#sSpan4712" value="MERC.AQ28"/>
		<feat xlink:href="#sSpan5245" value="MERC.AQ29"/>
		<feat xlink:href="#sSpan5748" value="MERC.AQ30"/>
		<feat xlink:href="#sSpan6274" value="MERC.AQ31"/>
		<feat xlink:href="#sSpan6846" value="MERC.AQ32"/>
		<feat xlink:href="#sSpan7294" value="MERC.AQ33"/>
		<feat xlink:href="#sSpan7797" value="MERC.AQ34"/>
		<feat xlink:href="#sSpan8353" value="MERC.AQ35"/>
		<feat xlink:href="#sSpan8951" value="MERC.AQ36"/>
		<feat xlink:href="#sSpan9542" value="MERC.AQ37"/>
		<feat xlink:href="#sSpan10139" value="MERC.AQ38"/>
		<feat xlink:href="#sSpan10743" value="MERC.AQ39"/></featList></paula>