<?xml version="1.0" encoding="UTF-8" standalone="no"?>

<!DOCTYPE paula SYSTEM "paula_mark.dtd">
<paula version="1.0">

<header paula_id="AP.114.theophilus_lb_nSeg"/>

<markList xmlns:xlink="http://www.w3.org/1999/xlink" type="lb_nSeg" xml:base="AP.114.theophilus.tok.xml">
<mark id="lb_n_1" xlink:href="#xpointer(id('tok_1')/range-to(id('tok_3')))"/><!-- ⲁ...ⲃⲱⲕ -->
<mark id="lb_n_4" xlink:href="#xpointer(id('tok_4')/range-to(id('tok_9')))"/><!-- Ⲛ̄...ⲡ -->
<mark id="lb_n_10" xlink:href="#xpointer(id('tok_10')/range-to(id('tok_12')))"/><!-- ⲙⲁⲕⲁⲣⲓⲟⲥ...ⲑⲉⲱ -->
<mark id="lb_n_13" xlink:href="#xpointer(id('tok_13')/range-to(id('tok_15')))"/><!-- ⲫⲓⲗⲟⲥ...ⲁⲣⲭⲏⲉⲡⲓⲥ -->
<mark id="lb_n_16" xlink:href="#xpointer(id('tok_16')/range-to(id('tok_21')))"/><!-- ⲕⲟⲡⲟⲥ...ⲇⲉ -->
<mark id="lb_n_22" xlink:href="#xpointer(id('tok_22')/range-to(id('tok_28')))"/><!-- ⲛ̇ϭⲓ...ⲥ -->
<mark id="lb_n_29" xlink:href="#xpointer(id('tok_29')/range-to(id('tok_33')))"/><!-- ⲛ...ⲧⲁ -->
<mark id="lb_n_34" xlink:href="#xpointer(id('tok_34')/range-to(id('tok_38')))"/><!-- ⲟⲩⲉ...ⲟⲩⲱⲧ -->
<mark id="lb_n_39" xlink:href="#xpointer(id('tok_39')/range-to(id('tok_44')))"/><!-- ⲉ...ϯ -->
<mark id="lb_n_45" xlink:href="#xpointer(id('tok_45')/range-to(id('tok_48')))"/><!-- ϩⲏⲩ...ϥ -->
<mark id="lb_n_49" xlink:href="#xpointer(id('tok_49')/range-to(id('tok_55')))"/><!-- Ⲛ̄ⲁ...ⲉϣⲱ -->
<mark id="lb_n_56" xlink:href="#xpointer(id('tok_56')/range-to(id('tok_63')))"/><!-- ⲡⲉ...ⲕⲁ -->
<mark id="lb_n_64" xlink:href="#xpointer(id('tok_64')/range-to(id('tok_68')))"/><!-- ⲣⲱϥ...ϣⲁ -->
<mark id="lb_n_69" xlink:href="#xpointer(id('tok_69')/range-to(id('tok_77')))"/><!-- ϫⲉ...· -->
</markList>
</paula>
