<?xml version='1.0' encoding='UTF-8'?><!DOCTYPE paula SYSTEM "paula_mark.dtd">
<paula version="1.1">
	<header paula_id="bohairic.Mark_02.tok"/>
	<markList xmlns:xlink="http://www.w3.org/1999/xlink" type="tok" xml:base="bohairic.Mark_02.text.xml">
		<!--ⲟⲩⲟϩ-->
		<mark id="sTok1" xlink:href="#xpointer(string-range(//body,'',1,4))"/>
		<!--ⲁ-->
		<mark id="sTok2" xlink:href="#xpointer(string-range(//body,'',6,1))"/>
		<!--ϥ-->
		<mark id="sTok3" xlink:href="#xpointer(string-range(//body,'',8,1))"/>
		<!--ⲓ-->
		<mark id="sTok4" xlink:href="#xpointer(string-range(//body,'',10,1))"/>
		<!--ⲟⲛ-->
		<mark id="sTok5" xlink:href="#xpointer(string-range(//body,'',12,2))"/>
		<!--ⲉϧⲟⲩⲛ-->
		<mark id="sTok6" xlink:href="#xpointer(string-range(//body,'',15,5))"/>
		<!--ⲉ-->
		<mark id="sTok7" xlink:href="#xpointer(string-range(//body,'',21,1))"/>
		<!--ⲕⲁⲫⲁⲣⲛⲁⲟⲩⲙ-->
		<mark id="sTok8" xlink:href="#xpointer(string-range(//body,'',23,10))"/>
		<!--ⲙⲉⲛⲉⲛⲥⲁ-->
		<mark id="sTok9" xlink:href="#xpointer(string-range(//body,'',34,7))"/>
		<!--ϩⲁⲛ-->
		<mark id="sTok10" xlink:href="#xpointer(string-range(//body,'',42,3))"/>
		<!--ⲉϩⲟⲟⲩ-->
		<mark id="sTok11" xlink:href="#xpointer(string-range(//body,'',46,5))"/>
		<!--ⲁ-->
		<mark id="sTok12" xlink:href="#xpointer(string-range(//body,'',52,1))"/>
		<!--ⲩ-->
		<mark id="sTok13" xlink:href="#xpointer(string-range(//body,'',54,1))"/>
		<!--ⲥⲱⲧⲉⲙ-->
		<mark id="sTok14" xlink:href="#xpointer(string-range(//body,'',56,5))"/>
		<!--ϫⲉ-->
		<mark id="sTok15" xlink:href="#xpointer(string-range(//body,'',62,2))"/>
		<!--ϥ-->
		<mark id="sTok16" xlink:href="#xpointer(string-range(//body,'',65,1))"/>
		<!--ⲛϧⲟⲩⲛ-->
		<mark id="sTok17" xlink:href="#xpointer(string-range(//body,'',67,5))"/>
		<!--ϧⲉⲛ-->
		<mark id="sTok18" xlink:href="#xpointer(string-range(//body,'',73,3))"/>
		<!--ⲟⲩ-->
		<mark id="sTok19" xlink:href="#xpointer(string-range(//body,'',77,2))"/>
		<!--ⲏⲓ-->
		<mark id="sTok20" xlink:href="#xpointer(string-range(//body,'',80,2))"/>
		<!--.-->
		<mark id="sTok21" xlink:href="#xpointer(string-range(//body,'',83,1))"/>
		<!--ⲟⲩⲟϩ-->
		<mark id="sTok22" xlink:href="#xpointer(string-range(//body,'',85,4))"/>
		<!--ⲁ-->
		<mark id="sTok23" xlink:href="#xpointer(string-range(//body,'',90,1))"/>
		<!--ⲟⲩ-->
		<mark id="sTok24" xlink:href="#xpointer(string-range(//body,'',92,2))"/>
		<!--ⲙⲏϣ-->
		<mark id="sTok25" xlink:href="#xpointer(string-range(//body,'',95,3))"/>
		<!--ⲑⲱⲟⲩϯ-->
		<mark id="sTok26" xlink:href="#xpointer(string-range(//body,'',99,5))"/>
		<!--ⲉⲙⲁⲩ-->
		<mark id="sTok27" xlink:href="#xpointer(string-range(//body,'',105,4))"/>
		<!--ϩⲱⲥⲧⲉ-->
		<mark id="sTok28" xlink:href="#xpointer(string-range(//body,'',110,5))"/>
		<!--ⲛⲧⲉ-->
		<mark id="sTok29" xlink:href="#xpointer(string-range(//body,'',116,3))"/>
		<!--ϣⲧⲉⲙ-->
		<mark id="sTok30" xlink:href="#xpointer(string-range(//body,'',120,4))"/>
		<!--ⲡⲓ-->
		<mark id="sTok31" xlink:href="#xpointer(string-range(//body,'',125,2))"/>
		<!--ⲏⲓ-->
		<mark id="sTok32" xlink:href="#xpointer(string-range(//body,'',128,2))"/>
		<!--ⲱⲗⲓ-->
		<mark id="sTok33" xlink:href="#xpointer(string-range(//body,'',131,3))"/>
		<!--ϫⲉ-->
		<mark id="sTok34" xlink:href="#xpointer(string-range(//body,'',135,2))"/>
		<!--ⲟⲩⲇⲉ-->
		<mark id="sTok35" xlink:href="#xpointer(string-range(//body,'',138,4))"/>
		<!--ϩⲓⲣⲉⲛ-->
		<mark id="sTok36" xlink:href="#xpointer(string-range(//body,'',143,5))"/>
		<!--ⲡⲓ-->
		<mark id="sTok37" xlink:href="#xpointer(string-range(//body,'',149,2))"/>
		<!--ⲣⲟ-->
		<mark id="sTok38" xlink:href="#xpointer(string-range(//body,'',152,2))"/>
		<!--ⲟⲩⲟϩ-->
		<mark id="sTok39" xlink:href="#xpointer(string-range(//body,'',155,4))"/>
		<!--ⲁ-->
		<mark id="sTok40" xlink:href="#xpointer(string-range(//body,'',160,1))"/>
		<!--ϥ-->
		<mark id="sTok41" xlink:href="#xpointer(string-range(//body,'',162,1))"/>
		<!--ⲥⲁϫⲓ-->
		<mark id="sTok42" xlink:href="#xpointer(string-range(//body,'',164,4))"/>
		<!--ⲛⲉⲙⲱ-->
		<mark id="sTok43" xlink:href="#xpointer(string-range(//body,'',169,4))"/>
		<!--ⲟⲩ-->
		<mark id="sTok44" xlink:href="#xpointer(string-range(//body,'',174,2))"/>
		<!--ⲙ-->
		<mark id="sTok45" xlink:href="#xpointer(string-range(//body,'',177,1))"/>
		<!--ⲡⲓ-->
		<mark id="sTok46" xlink:href="#xpointer(string-range(//body,'',179,2))"/>
		<!--ⲥⲁϫⲓ-->
		<mark id="sTok47" xlink:href="#xpointer(string-range(//body,'',182,4))"/>
		<!--ⲟⲩⲟϩ-->
		<mark id="sTok48" xlink:href="#xpointer(string-range(//body,'',187,4))"/>
		<!--ⲁ-->
		<mark id="sTok49" xlink:href="#xpointer(string-range(//body,'',192,1))"/>
		<!--ⲩ-->
		<mark id="sTok50" xlink:href="#xpointer(string-range(//body,'',194,1))"/>
		<!--ⲓⲛⲓ-->
		<mark id="sTok51" xlink:href="#xpointer(string-range(//body,'',196,3))"/>
		<!--ⲛⲁ-->
		<mark id="sTok52" xlink:href="#xpointer(string-range(//body,'',200,2))"/>
		<!--ϥ-->
		<mark id="sTok53" xlink:href="#xpointer(string-range(//body,'',203,1))"/>
		<!--ⲛ-->
		<mark id="sTok54" xlink:href="#xpointer(string-range(//body,'',205,1))"/>
		<!--ⲟⲩⲁⲓ-->
		<mark id="sTok55" xlink:href="#xpointer(string-range(//body,'',207,4))"/>
		<!--ⲉ-->
		<mark id="sTok56" xlink:href="#xpointer(string-range(//body,'',212,1))"/>
		<!--ϥ-->
		<mark id="sTok57" xlink:href="#xpointer(string-range(//body,'',214,1))"/>
		<!--ϣⲏⲗ-->
		<mark id="sTok58" xlink:href="#xpointer(string-range(//body,'',216,3))"/>
		<!--ⲉⲃⲟⲗ-->
		<mark id="sTok59" xlink:href="#xpointer(string-range(//body,'',220,4))"/>
		<!--ⲉ-->
		<mark id="sTok60" xlink:href="#xpointer(string-range(//body,'',225,1))"/>
		<!--ⲩ-->
		<mark id="sTok61" xlink:href="#xpointer(string-range(//body,'',227,1))"/>
		<!--ϥⲁⲓ-->
		<mark id="sTok62" xlink:href="#xpointer(string-range(//body,'',229,3))"/>
		<!--ⲙⲙⲟ-->
		<mark id="sTok63" xlink:href="#xpointer(string-range(//body,'',233,3))"/>
		<!--ϥ-->
		<mark id="sTok64" xlink:href="#xpointer(string-range(//body,'',237,1))"/>
		<!--ⲛϫⲉ-->
		<mark id="sTok65" xlink:href="#xpointer(string-range(//body,'',239,3))"/>
		<!--ⲇ-->
		<mark id="sTok66" xlink:href="#xpointer(string-range(//body,'',243,1))"/>
		<!--ⲛ-->
		<mark id="sTok67" xlink:href="#xpointer(string-range(//body,'',245,1))"/>
		<!--ⲣⲱⲙⲓ-->
		<mark id="sTok68" xlink:href="#xpointer(string-range(//body,'',247,4))"/>
		<!--ⲟⲩⲟϩ-->
		<mark id="sTok69" xlink:href="#xpointer(string-range(//body,'',252,4))"/>
		<!--ⲉⲧⲉ-->
		<mark id="sTok70" xlink:href="#xpointer(string-range(//body,'',257,3))"/>
		<!--ⲙⲡ-->
		<mark id="sTok71" xlink:href="#xpointer(string-range(//body,'',261,2))"/>
		<!--ⲟⲩ-->
		<mark id="sTok72" xlink:href="#xpointer(string-range(//body,'',264,2))"/>
		<!--ϣ-->
		<mark id="sTok73" xlink:href="#xpointer(string-range(//body,'',267,1))"/>
		<!--ϫⲉⲙϫⲟⲙ-->
		<mark id="sTok74" xlink:href="#xpointer(string-range(//body,'',269,6))"/>
		<!--ⲛ-->
		<mark id="sTok75" xlink:href="#xpointer(string-range(//body,'',276,1))"/>
		<!--ⲉⲛ-->
		<mark id="sTok76" xlink:href="#xpointer(string-range(//body,'',278,2))"/>
		<!--ϥ-->
		<mark id="sTok77" xlink:href="#xpointer(string-range(//body,'',281,1))"/>
		<!--ⲉϧⲟⲩⲛ-->
		<mark id="sTok78" xlink:href="#xpointer(string-range(//body,'',283,5))"/>
		<!--ⲉⲑⲃⲉ-->
		<mark id="sTok79" xlink:href="#xpointer(string-range(//body,'',289,4))"/>
		<!--ⲡⲓ-->
		<mark id="sTok80" xlink:href="#xpointer(string-range(//body,'',294,2))"/>
		<!--ⲙⲏϣ-->
		<mark id="sTok81" xlink:href="#xpointer(string-range(//body,'',297,3))"/>
		<!--ⲁ-->
		<mark id="sTok82" xlink:href="#xpointer(string-range(//body,'',301,1))"/>
		<!--ⲩ-->
		<mark id="sTok83" xlink:href="#xpointer(string-range(//body,'',303,1))"/>
		<!--ϣⲉ-->
		<mark id="sTok84" xlink:href="#xpointer(string-range(//body,'',305,2))"/>
		<!--ⲛⲱ-->
		<mark id="sTok85" xlink:href="#xpointer(string-range(//body,'',308,2))"/>
		<!--ⲟⲩ-->
		<mark id="sTok86" xlink:href="#xpointer(string-range(//body,'',311,2))"/>
		<!--ⲉϫⲉⲛ-->
		<mark id="sTok87" xlink:href="#xpointer(string-range(//body,'',314,4))"/>
		<!--ⲡ-->
		<mark id="sTok88" xlink:href="#xpointer(string-range(//body,'',319,1))"/>
		<!--ϫⲉⲛⲉⲫⲱⲣ-->
		<mark id="sTok89" xlink:href="#xpointer(string-range(//body,'',321,7))"/>
		<!--ⲁ-->
		<mark id="sTok90" xlink:href="#xpointer(string-range(//body,'',329,1))"/>
		<!--ⲩ-->
		<mark id="sTok91" xlink:href="#xpointer(string-range(//body,'',331,1))"/>
		<!--ϭⲱⲣⲡ-->
		<mark id="sTok92" xlink:href="#xpointer(string-range(//body,'',333,4))"/>
		<!--ⲛ-->
		<mark id="sTok93" xlink:href="#xpointer(string-range(//body,'',338,1))"/>
		<!--ϯ-->
		<mark id="sTok94" xlink:href="#xpointer(string-range(//body,'',340,1))"/>
		<!--ⲟⲩⲁϩⲥⲟⲓ-->
		<mark id="sTok95" xlink:href="#xpointer(string-range(//body,'',342,7))"/>
		<!--ⲉⲃⲟⲗ-->
		<mark id="sTok96" xlink:href="#xpointer(string-range(//body,'',350,4))"/>
		<!--ⲛⲧⲉ-->
		<mark id="sTok97" xlink:href="#xpointer(string-range(//body,'',355,3))"/>
		<!--ⲡⲓ-->
		<mark id="sTok98" xlink:href="#xpointer(string-range(//body,'',359,2))"/>
		<!--ⲏⲓ-->
		<mark id="sTok99" xlink:href="#xpointer(string-range(//body,'',362,2))"/>
		<!--ⲉ-->
		<mark id="sTok100" xlink:href="#xpointer(string-range(//body,'',365,1))"/>
		<!--ⲛⲁ-->
		<mark id="sTok101" xlink:href="#xpointer(string-range(//body,'',367,2))"/>
		<!--ⲩ-->
		<mark id="sTok102" xlink:href="#xpointer(string-range(//body,'',370,1))"/>
		<!--ⲭⲏ-->
		<mark id="sTok103" xlink:href="#xpointer(string-range(//body,'',372,2))"/>
		<!--ⲛϧⲏⲧ-->
		<mark id="sTok104" xlink:href="#xpointer(string-range(//body,'',375,4))"/>
		<!--ϥ-->
		<mark id="sTok105" xlink:href="#xpointer(string-range(//body,'',380,1))"/>
		<!--ⲟⲩⲟϩ-->
		<mark id="sTok106" xlink:href="#xpointer(string-range(//body,'',382,4))"/>
		<!--ⲉⲧ-->
		<mark id="sTok107" xlink:href="#xpointer(string-range(//body,'',387,2))"/>
		<!--ⲁ-->
		<mark id="sTok108" xlink:href="#xpointer(string-range(//body,'',390,1))"/>
		<!--ⲩ-->
		<mark id="sTok109" xlink:href="#xpointer(string-range(//body,'',392,1))"/>
		<!--ϣⲱⲕⲓ-->
		<mark id="sTok110" xlink:href="#xpointer(string-range(//body,'',394,4))"/>
		<!--ⲁ-->
		<mark id="sTok111" xlink:href="#xpointer(string-range(//body,'',399,1))"/>
		<!--ⲩ-->
		<mark id="sTok112" xlink:href="#xpointer(string-range(//body,'',401,1))"/>
		<!--ⲭⲱ-->
		<mark id="sTok113" xlink:href="#xpointer(string-range(//body,'',403,2))"/>
		<!--ⲙ-->
		<mark id="sTok114" xlink:href="#xpointer(string-range(//body,'',406,1))"/>
		<!--ⲡⲓ-->
		<mark id="sTok115" xlink:href="#xpointer(string-range(//body,'',408,2))"/>
		<!--ϭⲗⲟϫ-->
		<mark id="sTok116" xlink:href="#xpointer(string-range(//body,'',411,4))"/>
		<!--ⲉ-->
		<mark id="sTok117" xlink:href="#xpointer(string-range(//body,'',416,1))"/>
		<!--ⲡ-->
		<mark id="sTok118" xlink:href="#xpointer(string-range(//body,'',418,1))"/>
		<!--ⲉⲥⲏⲧ-->
		<mark id="sTok119" xlink:href="#xpointer(string-range(//body,'',420,4))"/>
		<!--ⲉⲧⲉ-->
		<mark id="sTok120" xlink:href="#xpointer(string-range(//body,'',425,3))"/>
		<!--ⲫⲏ-->
		<mark id="sTok121" xlink:href="#xpointer(string-range(//body,'',429,2))"/>
		<!--ⲉⲧ-->
		<mark id="sTok122" xlink:href="#xpointer(string-range(//body,'',432,2))"/>
		<!--ϣⲏⲗ-->
		<mark id="sTok123" xlink:href="#xpointer(string-range(//body,'',435,3))"/>
		<!--ⲉⲃⲟⲗ-->
		<mark id="sTok124" xlink:href="#xpointer(string-range(//body,'',439,4))"/>
		<!--ⲛⲕⲟⲧ-->
		<mark id="sTok125" xlink:href="#xpointer(string-range(//body,'',444,4))"/>
		<!--ϩⲓⲱⲧ-->
		<mark id="sTok126" xlink:href="#xpointer(string-range(//body,'',449,4))"/>
		<!--ϥ-->
		<mark id="sTok127" xlink:href="#xpointer(string-range(//body,'',454,1))"/>
		<!--.-->
		<mark id="sTok128" xlink:href="#xpointer(string-range(//body,'',456,1))"/>
		<!--ⲟⲩⲟϩ-->
		<mark id="sTok129" xlink:href="#xpointer(string-range(//body,'',458,4))"/>
		<!--ⲉⲧ-->
		<mark id="sTok130" xlink:href="#xpointer(string-range(//body,'',463,2))"/>
		<!--ⲁ-->
		<mark id="sTok131" xlink:href="#xpointer(string-range(//body,'',466,1))"/>
		<!--ϥ-->
		<mark id="sTok132" xlink:href="#xpointer(string-range(//body,'',468,1))"/>
		<!--ⲛⲁⲩ-->
		<mark id="sTok133" xlink:href="#xpointer(string-range(//body,'',470,3))"/>
		<!--ⲛϫⲉ-->
		<mark id="sTok134" xlink:href="#xpointer(string-range(//body,'',474,3))"/>
		<!--ⲓⲏⲥⲟⲩⲥ-->
		<mark id="sTok135" xlink:href="#xpointer(string-range(//body,'',478,6))"/>
		<!--ⲉ-->
		<mark id="sTok136" xlink:href="#xpointer(string-range(//body,'',485,1))"/>
		<!--ⲡⲟⲩ-->
		<mark id="sTok137" xlink:href="#xpointer(string-range(//body,'',487,3))"/>
		<!--ⲛⲁϩϯ-->
		<mark id="sTok138" xlink:href="#xpointer(string-range(//body,'',491,4))"/>
		<!--ⲡⲉϫⲁ-->
		<mark id="sTok139" xlink:href="#xpointer(string-range(//body,'',496,4))"/>
		<!--ϥ-->
		<mark id="sTok140" xlink:href="#xpointer(string-range(//body,'',501,1))"/>
		<!--ⲙ-->
		<mark id="sTok141" xlink:href="#xpointer(string-range(//body,'',503,1))"/>
		<!--ⲫⲏ-->
		<mark id="sTok142" xlink:href="#xpointer(string-range(//body,'',505,2))"/>
		<!--ⲉⲧ-->
		<mark id="sTok143" xlink:href="#xpointer(string-range(//body,'',508,2))"/>
		<!--ϣⲏⲗ-->
		<mark id="sTok144" xlink:href="#xpointer(string-range(//body,'',511,3))"/>
		<!--ⲉⲃⲟⲗ-->
		<mark id="sTok145" xlink:href="#xpointer(string-range(//body,'',515,4))"/>
		<!--ϫⲉ-->
		<mark id="sTok146" xlink:href="#xpointer(string-range(//body,'',520,2))"/>
		<!--ⲡⲁ-->
		<mark id="sTok147" xlink:href="#xpointer(string-range(//body,'',523,2))"/>
		<!--ϣⲏⲣⲓ-->
		<mark id="sTok148" xlink:href="#xpointer(string-range(//body,'',526,4))"/>
		<!--ⲛⲉⲕ-->
		<mark id="sTok149" xlink:href="#xpointer(string-range(//body,'',531,3))"/>
		<!--ⲛⲟⲃⲓ-->
		<mark id="sTok150" xlink:href="#xpointer(string-range(//body,'',535,4))"/>
		<!--ⲥⲉ-->
		<mark id="sTok151" xlink:href="#xpointer(string-range(//body,'',540,2))"/>
		<!--ⲭⲏ-->
		<mark id="sTok152" xlink:href="#xpointer(string-range(//body,'',543,2))"/>
		<!--ⲛⲁ-->
		<mark id="sTok153" xlink:href="#xpointer(string-range(//body,'',546,2))"/>
		<!--ⲕ-->
		<mark id="sTok154" xlink:href="#xpointer(string-range(//body,'',549,1))"/>
		<!--ⲉⲃⲟⲗ-->
		<mark id="sTok155" xlink:href="#xpointer(string-range(//body,'',551,4))"/>
		<!--.-->
		<mark id="sTok156" xlink:href="#xpointer(string-range(//body,'',556,1))"/>
		<!--ⲛⲉ-->
		<mark id="sTok157" xlink:href="#xpointer(string-range(//body,'',558,2))"/>
		<!--ⲟⲩⲟⲛ-->
		<mark id="sTok158" xlink:href="#xpointer(string-range(//body,'',561,4))"/>
		<!--ϩⲁⲛ-->
		<mark id="sTok159" xlink:href="#xpointer(string-range(//body,'',566,3))"/>
		<!--ⲟⲩⲟⲛ-->
		<mark id="sTok160" xlink:href="#xpointer(string-range(//body,'',570,4))"/>
		<!--ⲇⲉ-->
		<mark id="sTok161" xlink:href="#xpointer(string-range(//body,'',575,2))"/>
		<!--ⲛⲧⲉ-->
		<mark id="sTok162" xlink:href="#xpointer(string-range(//body,'',578,3))"/>
		<!--ⲛⲓ-->
		<mark id="sTok163" xlink:href="#xpointer(string-range(//body,'',582,2))"/>
		<!--ⲥⲁϧ-->
		<mark id="sTok164" xlink:href="#xpointer(string-range(//body,'',585,3))"/>
		<!--ⲙⲙⲁⲩ-->
		<mark id="sTok165" xlink:href="#xpointer(string-range(//body,'',589,4))"/>
		<!--ⲉ-->
		<mark id="sTok166" xlink:href="#xpointer(string-range(//body,'',594,1))"/>
		<!--ⲩ-->
		<mark id="sTok167" xlink:href="#xpointer(string-range(//body,'',596,1))"/>
		<!--ϩⲉⲙⲥⲓ-->
		<mark id="sTok168" xlink:href="#xpointer(string-range(//body,'',598,5))"/>
		<!--ⲟⲩⲟϩ-->
		<mark id="sTok169" xlink:href="#xpointer(string-range(//body,'',604,4))"/>
		<!--ⲛⲁ-->
		<mark id="sTok170" xlink:href="#xpointer(string-range(//body,'',609,2))"/>
		<!--ⲩ-->
		<mark id="sTok171" xlink:href="#xpointer(string-range(//body,'',612,1))"/>
		<!--ⲙⲟⲕⲙⲉⲕ-->
		<mark id="sTok172" xlink:href="#xpointer(string-range(//body,'',614,6))"/>
		<!--ϧⲉⲛ-->
		<mark id="sTok173" xlink:href="#xpointer(string-range(//body,'',621,3))"/>
		<!--ⲡⲟⲩ-->
		<mark id="sTok174" xlink:href="#xpointer(string-range(//body,'',625,3))"/>
		<!--ϩⲏⲧ-->
		<mark id="sTok175" xlink:href="#xpointer(string-range(//body,'',629,3))"/>
		<!--ϫⲉ-->
		<mark id="sTok176" xlink:href="#xpointer(string-range(//body,'',633,2))"/>
		<!--ⲉⲑⲃⲉ-->
		<mark id="sTok177" xlink:href="#xpointer(string-range(//body,'',636,4))"/>
		<!--ⲟⲩ-->
		<mark id="sTok178" xlink:href="#xpointer(string-range(//body,'',641,2))"/>
		<!--ⲫⲁⲓ-->
		<mark id="sTok179" xlink:href="#xpointer(string-range(//body,'',644,3))"/>
		<!--ⲙ-->
		<mark id="sTok180" xlink:href="#xpointer(string-range(//body,'',648,1))"/>
		<!--ⲡⲁⲓ-->
		<mark id="sTok181" xlink:href="#xpointer(string-range(//body,'',650,3))"/>
		<!--ⲣⲏϯ-->
		<mark id="sTok182" xlink:href="#xpointer(string-range(//body,'',654,3))"/>
		<!--ϫⲉ-->
		<mark id="sTok183" xlink:href="#xpointer(string-range(//body,'',658,2))"/>
		<!--ⲟⲩⲁ-->
		<mark id="sTok184" xlink:href="#xpointer(string-range(//body,'',661,3))"/>
		<!--ⲛⲓⲙ-->
		<mark id="sTok185" xlink:href="#xpointer(string-range(//body,'',665,3))"/>
		<!--ⲉⲧⲉ-->
		<mark id="sTok186" xlink:href="#xpointer(string-range(//body,'',669,3))"/>
		<!--ⲟⲩⲟⲛ-->
		<mark id="sTok187" xlink:href="#xpointer(string-range(//body,'',673,4))"/>
		<!--ϣ-->
		<mark id="sTok188" xlink:href="#xpointer(string-range(//body,'',678,1))"/>
		<!--ϫⲟⲙ-->
		<mark id="sTok189" xlink:href="#xpointer(string-range(//body,'',680,3))"/>
		<!--ⲙⲙⲟ-->
		<mark id="sTok190" xlink:href="#xpointer(string-range(//body,'',684,3))"/>
		<!--ϥ-->
		<mark id="sTok191" xlink:href="#xpointer(string-range(//body,'',688,1))"/>
		<!--ⲉ-->
		<mark id="sTok192" xlink:href="#xpointer(string-range(//body,'',690,1))"/>
		<!--ⲭⲁ-->
		<mark id="sTok193" xlink:href="#xpointer(string-range(//body,'',692,2))"/>
		<!--ⲛⲟⲃⲓ-->
		<mark id="sTok194" xlink:href="#xpointer(string-range(//body,'',695,4))"/>
		<!--ⲉⲃⲟⲗ-->
		<mark id="sTok195" xlink:href="#xpointer(string-range(//body,'',700,4))"/>
		<!--ⲉⲃⲏⲗ-->
		<mark id="sTok196" xlink:href="#xpointer(string-range(//body,'',705,4))"/>
		<!--ⲉ-->
		<mark id="sTok197" xlink:href="#xpointer(string-range(//body,'',710,1))"/>
		<!--ⲡⲓ-->
		<mark id="sTok198" xlink:href="#xpointer(string-range(//body,'',712,2))"/>
		<!--ⲟⲩⲁⲓ-->
		<mark id="sTok199" xlink:href="#xpointer(string-range(//body,'',715,4))"/>
		<!--ⲙⲙⲁⲩⲁⲧ-->
		<mark id="sTok200" xlink:href="#xpointer(string-range(//body,'',720,6))"/>
		<!--ϥ-->
		<mark id="sTok201" xlink:href="#xpointer(string-range(//body,'',727,1))"/>
		<!--ⲫ-->
		<mark id="sTok202" xlink:href="#xpointer(string-range(//body,'',729,1))"/>
		<!--ⲛⲟⲩϯ-->
		<mark id="sTok203" xlink:href="#xpointer(string-range(//body,'',731,4))"/>
		<!--.-->
		<mark id="sTok204" xlink:href="#xpointer(string-range(//body,'',736,1))"/>
		<!--ⲟⲩⲟϩ-->
		<mark id="sTok205" xlink:href="#xpointer(string-range(//body,'',738,4))"/>
		<!--ⲥⲁⲧⲟⲧ-->
		<mark id="sTok206" xlink:href="#xpointer(string-range(//body,'',743,5))"/>
		<!--ϥ-->
		<mark id="sTok207" xlink:href="#xpointer(string-range(//body,'',749,1))"/>
		<!--ⲁ-->
		<mark id="sTok208" xlink:href="#xpointer(string-range(//body,'',751,1))"/>
		<!--ⲓⲏⲥⲟⲩⲥ-->
		<mark id="sTok209" xlink:href="#xpointer(string-range(//body,'',753,6))"/>
		<!--ⲉⲙⲓ-->
		<mark id="sTok210" xlink:href="#xpointer(string-range(//body,'',760,3))"/>
		<!--ϧⲉⲛ-->
		<mark id="sTok211" xlink:href="#xpointer(string-range(//body,'',764,3))"/>
		<!--ⲡⲉϥ-->
		<mark id="sTok212" xlink:href="#xpointer(string-range(//body,'',768,3))"/>
		<!--ⲡⲛⲉⲩⲙⲁ-->
		<mark id="sTok213" xlink:href="#xpointer(string-range(//body,'',772,6))"/>
		<!--ϫⲉ-->
		<mark id="sTok214" xlink:href="#xpointer(string-range(//body,'',779,2))"/>
		<!--ⲥⲉ-->
		<mark id="sTok215" xlink:href="#xpointer(string-range(//body,'',782,2))"/>
		<!--ⲙⲟⲕⲙⲉⲕ-->
		<mark id="sTok216" xlink:href="#xpointer(string-range(//body,'',785,6))"/>
		<!--ⲙ-->
		<mark id="sTok217" xlink:href="#xpointer(string-range(//body,'',792,1))"/>
		<!--ⲡⲁⲓ-->
		<mark id="sTok218" xlink:href="#xpointer(string-range(//body,'',794,3))"/>
		<!--ⲣⲏϯ-->
		<mark id="sTok219" xlink:href="#xpointer(string-range(//body,'',798,3))"/>
		<!--ⲛϧⲣⲏⲓ-->
		<mark id="sTok220" xlink:href="#xpointer(string-range(//body,'',802,5))"/>
		<!--ⲛϧⲏⲧ-->
		<mark id="sTok221" xlink:href="#xpointer(string-range(//body,'',808,4))"/>
		<!--ⲟⲩ-->
		<mark id="sTok222" xlink:href="#xpointer(string-range(//body,'',813,2))"/>
		<!--ⲡⲉϫⲁ-->
		<mark id="sTok223" xlink:href="#xpointer(string-range(//body,'',816,4))"/>
		<!--ϥ-->
		<mark id="sTok224" xlink:href="#xpointer(string-range(//body,'',821,1))"/>
		<!--ⲛⲱ-->
		<mark id="sTok225" xlink:href="#xpointer(string-range(//body,'',823,2))"/>
		<!--ⲟⲩ-->
		<mark id="sTok226" xlink:href="#xpointer(string-range(//body,'',826,2))"/>
		<!--ϫⲉ-->
		<mark id="sTok227" xlink:href="#xpointer(string-range(//body,'',829,2))"/>
		<!--ⲉⲑⲃⲉ-->
		<mark id="sTok228" xlink:href="#xpointer(string-range(//body,'',832,4))"/>
		<!--ⲟⲩ-->
		<mark id="sTok229" xlink:href="#xpointer(string-range(//body,'',837,2))"/>
		<!--ⲧⲉⲧⲉⲛ-->
		<mark id="sTok230" xlink:href="#xpointer(string-range(//body,'',840,5))"/>
		<!--ⲙⲟⲕⲙⲉⲕ-->
		<mark id="sTok231" xlink:href="#xpointer(string-range(//body,'',846,6))"/>
		<!--ⲉ-->
		<mark id="sTok232" xlink:href="#xpointer(string-range(//body,'',853,1))"/>
		<!--ⲛⲁⲓ-->
		<mark id="sTok233" xlink:href="#xpointer(string-range(//body,'',855,3))"/>
		<!--ϧⲉⲛ-->
		<mark id="sTok234" xlink:href="#xpointer(string-range(//body,'',859,3))"/>
		<!--ⲛⲉⲧⲉⲛ-->
		<mark id="sTok235" xlink:href="#xpointer(string-range(//body,'',863,5))"/>
		<!--ϩⲏⲧ-->
		<mark id="sTok236" xlink:href="#xpointer(string-range(//body,'',869,3))"/>
		<!--ⲟⲩ-->
		<mark id="sTok237" xlink:href="#xpointer(string-range(//body,'',873,2))"/>
		<!--ⲡ-->
		<mark id="sTok238" xlink:href="#xpointer(string-range(//body,'',876,1))"/>
		<!--ⲉⲑ-->
		<mark id="sTok239" xlink:href="#xpointer(string-range(//body,'',878,2))"/>
		<!--ⲙⲟⲧⲉⲛ-->
		<mark id="sTok240" xlink:href="#xpointer(string-range(//body,'',881,5))"/>
		<!--ⲉ-->
		<mark id="sTok241" xlink:href="#xpointer(string-range(//body,'',887,1))"/>
		<!--ϫⲟ-->
		<mark id="sTok242" xlink:href="#xpointer(string-range(//body,'',889,2))"/>
		<!--ⲥ-->
		<mark id="sTok243" xlink:href="#xpointer(string-range(//body,'',892,1))"/>
		<!--ⲙ-->
		<mark id="sTok244" xlink:href="#xpointer(string-range(//body,'',894,1))"/>
		<!--ⲫⲏ-->
		<mark id="sTok245" xlink:href="#xpointer(string-range(//body,'',896,2))"/>
		<!--ⲉⲧ-->
		<mark id="sTok246" xlink:href="#xpointer(string-range(//body,'',899,2))"/>
		<!--ϣⲏⲗ-->
		<mark id="sTok247" xlink:href="#xpointer(string-range(//body,'',902,3))"/>
		<!--ⲉⲃⲟⲗ-->
		<mark id="sTok248" xlink:href="#xpointer(string-range(//body,'',906,4))"/>
		<!--ϫⲉ-->
		<mark id="sTok249" xlink:href="#xpointer(string-range(//body,'',911,2))"/>
		<!--ⲛⲉⲕ-->
		<mark id="sTok250" xlink:href="#xpointer(string-range(//body,'',914,3))"/>
		<!--ⲛⲟⲃⲓ-->
		<mark id="sTok251" xlink:href="#xpointer(string-range(//body,'',918,4))"/>
		<!--ⲥⲉ-->
		<mark id="sTok252" xlink:href="#xpointer(string-range(//body,'',923,2))"/>
		<!--ⲭⲏ-->
		<mark id="sTok253" xlink:href="#xpointer(string-range(//body,'',926,2))"/>
		<!--ⲛⲁ-->
		<mark id="sTok254" xlink:href="#xpointer(string-range(//body,'',929,2))"/>
		<!--ⲕ-->
		<mark id="sTok255" xlink:href="#xpointer(string-range(//body,'',932,1))"/>
		<!--ⲉⲃⲟⲗ-->
		<mark id="sTok256" xlink:href="#xpointer(string-range(//body,'',934,4))"/>
		<!--ϣⲁⲛ-->
		<mark id="sTok257" xlink:href="#xpointer(string-range(//body,'',939,3))"/>
		<!--ⲉ-->
		<mark id="sTok258" xlink:href="#xpointer(string-range(//body,'',943,1))"/>
		<!--ϫⲟ-->
		<mark id="sTok259" xlink:href="#xpointer(string-range(//body,'',945,2))"/>
		<!--ⲥ-->
		<mark id="sTok260" xlink:href="#xpointer(string-range(//body,'',948,1))"/>
		<!--ϫⲉ-->
		<mark id="sTok261" xlink:href="#xpointer(string-range(//body,'',950,2))"/>
		<!--ⲧⲱⲛ-->
		<mark id="sTok262" xlink:href="#xpointer(string-range(//body,'',953,3))"/>
		<!--ⲕ-->
		<mark id="sTok263" xlink:href="#xpointer(string-range(//body,'',957,1))"/>
		<!--ⲱⲗⲓ-->
		<mark id="sTok264" xlink:href="#xpointer(string-range(//body,'',959,3))"/>
		<!--ⲙ-->
		<mark id="sTok265" xlink:href="#xpointer(string-range(//body,'',963,1))"/>
		<!--ⲡⲉⲕ-->
		<mark id="sTok266" xlink:href="#xpointer(string-range(//body,'',965,3))"/>
		<!--ϭⲗⲟϫ-->
		<mark id="sTok267" xlink:href="#xpointer(string-range(//body,'',969,4))"/>
		<!--ⲟⲩⲟϩ-->
		<mark id="sTok268" xlink:href="#xpointer(string-range(//body,'',974,4))"/>
		<!--ⲙⲁϣⲉ-->
		<mark id="sTok269" xlink:href="#xpointer(string-range(//body,'',979,4))"/>
		<!--ⲛⲁ-->
		<mark id="sTok270" xlink:href="#xpointer(string-range(//body,'',984,2))"/>
		<!--ⲕ-->
		<mark id="sTok271" xlink:href="#xpointer(string-range(//body,'',987,1))"/>
		<!--ϩⲓⲛⲁ-->
		<mark id="sTok272" xlink:href="#xpointer(string-range(//body,'',989,4))"/>
		<!--ⲛⲧⲉ-->
		<mark id="sTok273" xlink:href="#xpointer(string-range(//body,'',994,3))"/>
		<!--ⲧⲉⲛ-->
		<mark id="sTok274" xlink:href="#xpointer(string-range(//body,'',998,3))"/>
		<!--ⲉⲙⲓ-->
		<mark id="sTok275" xlink:href="#xpointer(string-range(//body,'',1002,3))"/>
		<!--ϫⲉ-->
		<mark id="sTok276" xlink:href="#xpointer(string-range(//body,'',1006,2))"/>
		<!--ⲡ-->
		<mark id="sTok277" xlink:href="#xpointer(string-range(//body,'',1009,1))"/>
		<!--ⲉⲣϣⲓϣⲓ-->
		<mark id="sTok278" xlink:href="#xpointer(string-range(//body,'',1011,6))"/>
		<!--ⲛⲧⲉ-->
		<mark id="sTok279" xlink:href="#xpointer(string-range(//body,'',1018,3))"/>
		<!--ⲡ-->
		<mark id="sTok280" xlink:href="#xpointer(string-range(//body,'',1022,1))"/>
		<!--ϣⲏⲣⲓ-->
		<mark id="sTok281" xlink:href="#xpointer(string-range(//body,'',1024,4))"/>
		<!--ⲙ-->
		<mark id="sTok282" xlink:href="#xpointer(string-range(//body,'',1029,1))"/>
		<!--ⲫ-->
		<mark id="sTok283" xlink:href="#xpointer(string-range(//body,'',1031,1))"/>
		<!--ⲣⲱⲙⲓ-->
		<mark id="sTok284" xlink:href="#xpointer(string-range(//body,'',1033,4))"/>
		<!--ⲉϫⲉⲛ-->
		<mark id="sTok285" xlink:href="#xpointer(string-range(//body,'',1038,4))"/>
		<!--ⲡⲓ-->
		<mark id="sTok286" xlink:href="#xpointer(string-range(//body,'',1043,2))"/>
		<!--ⲕⲁϩⲓ-->
		<mark id="sTok287" xlink:href="#xpointer(string-range(//body,'',1046,4))"/>
		<!--ⲉ-->
		<mark id="sTok288" xlink:href="#xpointer(string-range(//body,'',1051,1))"/>
		<!--ⲭⲁ-->
		<mark id="sTok289" xlink:href="#xpointer(string-range(//body,'',1053,2))"/>
		<!--ⲛⲟⲃⲓ-->
		<mark id="sTok290" xlink:href="#xpointer(string-range(//body,'',1056,4))"/>
		<!--ⲉⲃⲟⲗ-->
		<mark id="sTok291" xlink:href="#xpointer(string-range(//body,'',1061,4))"/>
		<!--ⲡⲉϫⲁ-->
		<mark id="sTok292" xlink:href="#xpointer(string-range(//body,'',1066,4))"/>
		<!--ϥ-->
		<mark id="sTok293" xlink:href="#xpointer(string-range(//body,'',1071,1))"/>
		<!--ⲙ-->
		<mark id="sTok294" xlink:href="#xpointer(string-range(//body,'',1073,1))"/>
		<!--ⲫⲏ-->
		<mark id="sTok295" xlink:href="#xpointer(string-range(//body,'',1075,2))"/>
		<!--ⲉⲧ-->
		<mark id="sTok296" xlink:href="#xpointer(string-range(//body,'',1078,2))"/>
		<!--ϣⲏⲗ-->
		<mark id="sTok297" xlink:href="#xpointer(string-range(//body,'',1081,3))"/>
		<!--ⲉⲃⲟⲗ-->
		<mark id="sTok298" xlink:href="#xpointer(string-range(//body,'',1085,4))"/>
		<!--ϫⲉ-->
		<mark id="sTok299" xlink:href="#xpointer(string-range(//body,'',1090,2))"/>
		<!--ⲛⲑⲟⲕ-->
		<mark id="sTok300" xlink:href="#xpointer(string-range(//body,'',1093,4))"/>
		<!--ⲡ-->
		<mark id="sTok301" xlink:href="#xpointer(string-range(//body,'',1098,1))"/>
		<!--ⲉ-->
		<mark id="sTok302" xlink:href="#xpointer(string-range(//body,'',1100,1))"/>
		<!--ϯ-->
		<mark id="sTok303" xlink:href="#xpointer(string-range(//body,'',1102,1))"/>
		<!--ϫⲱ-->
		<mark id="sTok304" xlink:href="#xpointer(string-range(//body,'',1104,2))"/>
		<!--ⲙⲙⲟ-->
		<mark id="sTok305" xlink:href="#xpointer(string-range(//body,'',1107,3))"/>
		<!--ⲥ-->
		<mark id="sTok306" xlink:href="#xpointer(string-range(//body,'',1111,1))"/>
		<!--ⲛⲁ-->
		<mark id="sTok307" xlink:href="#xpointer(string-range(//body,'',1113,2))"/>
		<!--ⲕ-->
		<mark id="sTok308" xlink:href="#xpointer(string-range(//body,'',1116,1))"/>
		<!--ⲧⲱⲛ-->
		<mark id="sTok309" xlink:href="#xpointer(string-range(//body,'',1118,3))"/>
		<!--ⲕ-->
		<mark id="sTok310" xlink:href="#xpointer(string-range(//body,'',1122,1))"/>
		<!--ⲱⲗⲓ-->
		<mark id="sTok311" xlink:href="#xpointer(string-range(//body,'',1124,3))"/>
		<!--ⲙ-->
		<mark id="sTok312" xlink:href="#xpointer(string-range(//body,'',1128,1))"/>
		<!--ⲡⲉⲕ-->
		<mark id="sTok313" xlink:href="#xpointer(string-range(//body,'',1130,3))"/>
		<!--ϭⲗⲟϫ-->
		<mark id="sTok314" xlink:href="#xpointer(string-range(//body,'',1134,4))"/>
		<!--ⲟⲩⲟϩ-->
		<mark id="sTok315" xlink:href="#xpointer(string-range(//body,'',1139,4))"/>
		<!--ⲙⲁϣⲉ-->
		<mark id="sTok316" xlink:href="#xpointer(string-range(//body,'',1144,4))"/>
		<!--ⲛⲁ-->
		<mark id="sTok317" xlink:href="#xpointer(string-range(//body,'',1149,2))"/>
		<!--ⲕ-->
		<mark id="sTok318" xlink:href="#xpointer(string-range(//body,'',1152,1))"/>
		<!--ⲉ-->
		<mark id="sTok319" xlink:href="#xpointer(string-range(//body,'',1154,1))"/>
		<!--ⲡⲉⲕ-->
		<mark id="sTok320" xlink:href="#xpointer(string-range(//body,'',1156,3))"/>
		<!--ⲏⲓ-->
		<mark id="sTok321" xlink:href="#xpointer(string-range(//body,'',1160,2))"/>
		<!--ⲟⲩⲟϩ-->
		<mark id="sTok322" xlink:href="#xpointer(string-range(//body,'',1163,4))"/>
		<!--ⲥⲁⲧⲟⲧ-->
		<mark id="sTok323" xlink:href="#xpointer(string-range(//body,'',1168,5))"/>
		<!--ϥ-->
		<mark id="sTok324" xlink:href="#xpointer(string-range(//body,'',1174,1))"/>
		<!--ⲁ-->
		<mark id="sTok325" xlink:href="#xpointer(string-range(//body,'',1176,1))"/>
		<!--ϥ-->
		<mark id="sTok326" xlink:href="#xpointer(string-range(//body,'',1178,1))"/>
		<!--ⲧⲱⲛ-->
		<mark id="sTok327" xlink:href="#xpointer(string-range(//body,'',1180,3))"/>
		<!--ϥ-->
		<mark id="sTok328" xlink:href="#xpointer(string-range(//body,'',1184,1))"/>
		<!--ⲁ-->
		<mark id="sTok329" xlink:href="#xpointer(string-range(//body,'',1186,1))"/>
		<!--ϥ-->
		<mark id="sTok330" xlink:href="#xpointer(string-range(//body,'',1188,1))"/>
		<!--ⲱⲗⲓ-->
		<mark id="sTok331" xlink:href="#xpointer(string-range(//body,'',1190,3))"/>
		<!--ⲙ-->
		<mark id="sTok332" xlink:href="#xpointer(string-range(//body,'',1194,1))"/>
		<!--ⲡⲉϥ-->
		<mark id="sTok333" xlink:href="#xpointer(string-range(//body,'',1196,3))"/>
		<!--ϭⲗⲟϫ-->
		<mark id="sTok334" xlink:href="#xpointer(string-range(//body,'',1200,4))"/>
		<!--ⲟⲩⲟϩ-->
		<mark id="sTok335" xlink:href="#xpointer(string-range(//body,'',1205,4))"/>
		<!--ⲁ-->
		<mark id="sTok336" xlink:href="#xpointer(string-range(//body,'',1210,1))"/>
		<!--ϥ-->
		<mark id="sTok337" xlink:href="#xpointer(string-range(//body,'',1212,1))"/>
		<!--ⲓ-->
		<mark id="sTok338" xlink:href="#xpointer(string-range(//body,'',1214,1))"/>
		<!--ⲉⲃⲟⲗ-->
		<mark id="sTok339" xlink:href="#xpointer(string-range(//body,'',1216,4))"/>
		<!--ⲙ-->
		<mark id="sTok340" xlink:href="#xpointer(string-range(//body,'',1221,1))"/>
		<!--ⲡⲉ-->
		<mark id="sTok341" xlink:href="#xpointer(string-range(//body,'',1223,2))"/>
		<!--ⲙⲑⲟ-->
		<mark id="sTok342" xlink:href="#xpointer(string-range(//body,'',1226,3))"/>
		<!--ⲛ-->
		<mark id="sTok343" xlink:href="#xpointer(string-range(//body,'',1230,1))"/>
		<!--ⲟⲩⲟⲛ-->
		<mark id="sTok344" xlink:href="#xpointer(string-range(//body,'',1232,4))"/>
		<!--ⲛⲓⲃⲉⲛ-->
		<mark id="sTok345" xlink:href="#xpointer(string-range(//body,'',1237,5))"/>
		<!--ϩⲱⲥⲧⲉ-->
		<mark id="sTok346" xlink:href="#xpointer(string-range(//body,'',1243,5))"/>
		<!--ⲛⲧ-->
		<mark id="sTok347" xlink:href="#xpointer(string-range(//body,'',1249,2))"/>
		<!--ⲟⲩ-->
		<mark id="sTok348" xlink:href="#xpointer(string-range(//body,'',1252,2))"/>
		<!--ⲉⲣ-->
		<mark id="sTok349" xlink:href="#xpointer(string-range(//body,'',1255,2))"/>
		<!--ϣⲫⲏⲣⲓ-->
		<mark id="sTok350" xlink:href="#xpointer(string-range(//body,'',1258,5))"/>
		<!--ⲧⲏⲣ-->
		<mark id="sTok351" xlink:href="#xpointer(string-range(//body,'',1264,3))"/>
		<!--ⲟⲩ-->
		<mark id="sTok352" xlink:href="#xpointer(string-range(//body,'',1268,2))"/>
		<!--ⲟⲩⲟϩ-->
		<mark id="sTok353" xlink:href="#xpointer(string-range(//body,'',1271,4))"/>
		<!--ⲛⲧ-->
		<mark id="sTok354" xlink:href="#xpointer(string-range(//body,'',1276,2))"/>
		<!--ⲟⲩ-->
		<mark id="sTok355" xlink:href="#xpointer(string-range(//body,'',1279,2))"/>
		<!--ϯ-->
		<mark id="sTok356" xlink:href="#xpointer(string-range(//body,'',1282,1))"/>
		<!--ⲱⲟⲩ-->
		<mark id="sTok357" xlink:href="#xpointer(string-range(//body,'',1284,3))"/>
		<!--ⲙ-->
		<mark id="sTok358" xlink:href="#xpointer(string-range(//body,'',1288,1))"/>
		<!--ⲫ-->
		<mark id="sTok359" xlink:href="#xpointer(string-range(//body,'',1290,1))"/>
		<!--ⲛⲟⲩϯ-->
		<mark id="sTok360" xlink:href="#xpointer(string-range(//body,'',1292,4))"/>
		<!--ⲉ-->
		<mark id="sTok361" xlink:href="#xpointer(string-range(//body,'',1297,1))"/>
		<!--ⲩ-->
		<mark id="sTok362" xlink:href="#xpointer(string-range(//body,'',1299,1))"/>
		<!--ϫⲱ-->
		<mark id="sTok363" xlink:href="#xpointer(string-range(//body,'',1301,2))"/>
		<!--ⲙⲙⲟ-->
		<mark id="sTok364" xlink:href="#xpointer(string-range(//body,'',1304,3))"/>
		<!--ⲥ-->
		<mark id="sTok365" xlink:href="#xpointer(string-range(//body,'',1308,1))"/>
		<!--ϫⲉ-->
		<mark id="sTok366" xlink:href="#xpointer(string-range(//body,'',1310,2))"/>
		<!--ⲙⲡⲉ-->
		<mark id="sTok367" xlink:href="#xpointer(string-range(//body,'',1313,3))"/>
		<!--ⲛ-->
		<mark id="sTok368" xlink:href="#xpointer(string-range(//body,'',1317,1))"/>
		<!--ⲛⲁⲩ-->
		<mark id="sTok369" xlink:href="#xpointer(string-range(//body,'',1319,3))"/>
		<!--ⲉ-->
		<mark id="sTok370" xlink:href="#xpointer(string-range(//body,'',1323,1))"/>
		<!--ⲟⲩⲟⲛ-->
		<mark id="sTok371" xlink:href="#xpointer(string-range(//body,'',1325,4))"/>
		<!--ⲡⲁⲓ-->
		<mark id="sTok372" xlink:href="#xpointer(string-range(//body,'',1330,3))"/>
		<!--ⲣⲏϯ-->
		<mark id="sTok373" xlink:href="#xpointer(string-range(//body,'',1334,3))"/>
		<!--ⲉⲛⲉϩ-->
		<mark id="sTok374" xlink:href="#xpointer(string-range(//body,'',1338,4))"/>
		<!--.-->
		<mark id="sTok375" xlink:href="#xpointer(string-range(//body,'',1343,1))"/>
		<!--ⲟⲩⲟϩ-->
		<mark id="sTok376" xlink:href="#xpointer(string-range(//body,'',1345,4))"/>
		<!--ⲁ-->
		<mark id="sTok377" xlink:href="#xpointer(string-range(//body,'',1350,1))"/>
		<!--ϥ-->
		<mark id="sTok378" xlink:href="#xpointer(string-range(//body,'',1352,1))"/>
		<!--ⲓ-->
		<mark id="sTok379" xlink:href="#xpointer(string-range(//body,'',1354,1))"/>
		<!--ⲉⲃⲟⲗ-->
		<mark id="sTok380" xlink:href="#xpointer(string-range(//body,'',1356,4))"/>
		<!--ϩⲁ-->
		<mark id="sTok381" xlink:href="#xpointer(string-range(//body,'',1361,2))"/>
		<!--ⲫ-->
		<mark id="sTok382" xlink:href="#xpointer(string-range(//body,'',1364,1))"/>
		<!--ⲓⲟⲙ-->
		<mark id="sTok383" xlink:href="#xpointer(string-range(//body,'',1366,3))"/>
		<!--ⲟⲩⲟϩ-->
		<mark id="sTok384" xlink:href="#xpointer(string-range(//body,'',1370,4))"/>
		<!--ⲡⲓ-->
		<mark id="sTok385" xlink:href="#xpointer(string-range(//body,'',1375,2))"/>
		<!--ⲙⲏϣ-->
		<mark id="sTok386" xlink:href="#xpointer(string-range(//body,'',1378,3))"/>
		<!--ⲧⲏⲣ-->
		<mark id="sTok387" xlink:href="#xpointer(string-range(//body,'',1382,3))"/>
		<!--ϥ-->
		<mark id="sTok388" xlink:href="#xpointer(string-range(//body,'',1386,1))"/>
		<!--ⲉ-->
		<mark id="sTok389" xlink:href="#xpointer(string-range(//body,'',1388,1))"/>
		<!--ⲛⲁ-->
		<mark id="sTok390" xlink:href="#xpointer(string-range(//body,'',1390,2))"/>
		<!--ϥ-->
		<mark id="sTok391" xlink:href="#xpointer(string-range(//body,'',1393,1))"/>
		<!--ⲛⲏⲟⲩ-->
		<mark id="sTok392" xlink:href="#xpointer(string-range(//body,'',1395,4))"/>
		<!--ϩⲁⲣⲟ-->
		<mark id="sTok393" xlink:href="#xpointer(string-range(//body,'',1400,4))"/>
		<!--ϥ-->
		<mark id="sTok394" xlink:href="#xpointer(string-range(//body,'',1405,1))"/>
		<!--ⲟⲩⲟϩ-->
		<mark id="sTok395" xlink:href="#xpointer(string-range(//body,'',1407,4))"/>
		<!--ⲛⲁ-->
		<mark id="sTok396" xlink:href="#xpointer(string-range(//body,'',1412,2))"/>
		<!--ϥ-->
		<mark id="sTok397" xlink:href="#xpointer(string-range(//body,'',1415,1))"/>
		<!--ϯ-->
		<mark id="sTok398" xlink:href="#xpointer(string-range(//body,'',1417,1))"/>
		<!--ⲥⲃⲱ-->
		<mark id="sTok399" xlink:href="#xpointer(string-range(//body,'',1419,3))"/>
		<!--ⲛⲱ-->
		<mark id="sTok400" xlink:href="#xpointer(string-range(//body,'',1423,2))"/>
		<!--ⲟⲩ-->
		<mark id="sTok401" xlink:href="#xpointer(string-range(//body,'',1426,2))"/>
		<!--ⲡⲉ-->
		<mark id="sTok402" xlink:href="#xpointer(string-range(//body,'',1429,2))"/>
		<!--ⲟⲩⲟϩ-->
		<mark id="sTok403" xlink:href="#xpointer(string-range(//body,'',1432,4))"/>
		<!--ⲉ-->
		<mark id="sTok404" xlink:href="#xpointer(string-range(//body,'',1437,1))"/>
		<!--ϥ-->
		<mark id="sTok405" xlink:href="#xpointer(string-range(//body,'',1439,1))"/>
		<!--ⲥⲓⲛⲓⲱⲟⲩ-->
		<mark id="sTok406" xlink:href="#xpointer(string-range(//body,'',1441,7))"/>
		<!--ⲁ-->
		<mark id="sTok407" xlink:href="#xpointer(string-range(//body,'',1449,1))"/>
		<!--ϥ-->
		<mark id="sTok408" xlink:href="#xpointer(string-range(//body,'',1451,1))"/>
		<!--ⲛⲁⲩ-->
		<mark id="sTok409" xlink:href="#xpointer(string-range(//body,'',1453,3))"/>
		<!--ⲉ-->
		<mark id="sTok410" xlink:href="#xpointer(string-range(//body,'',1457,1))"/>
		<!--ⲗⲉⲩⲓ-->
		<mark id="sTok411" xlink:href="#xpointer(string-range(//body,'',1459,4))"/>
		<!--ⲛⲧⲉ-->
		<mark id="sTok412" xlink:href="#xpointer(string-range(//body,'',1464,3))"/>
		<!--ⲁⲗⲫⲉⲟⲥ-->
		<mark id="sTok413" xlink:href="#xpointer(string-range(//body,'',1468,6))"/>
		<!--ⲉ-->
		<mark id="sTok414" xlink:href="#xpointer(string-range(//body,'',1475,1))"/>
		<!--ϥ-->
		<mark id="sTok415" xlink:href="#xpointer(string-range(//body,'',1477,1))"/>
		<!--ϩⲉⲙⲥⲓ-->
		<mark id="sTok416" xlink:href="#xpointer(string-range(//body,'',1479,5))"/>
		<!--ϩⲓ-->
		<mark id="sTok417" xlink:href="#xpointer(string-range(//body,'',1485,2))"/>
		<!--ⲡⲓ-->
		<mark id="sTok418" xlink:href="#xpointer(string-range(//body,'',1488,2))"/>
		<!--ⲧⲉⲗⲱⲛⲓⲟⲛ-->
		<mark id="sTok419" xlink:href="#xpointer(string-range(//body,'',1491,8))"/>
		<!--ⲟⲩⲟϩ-->
		<mark id="sTok420" xlink:href="#xpointer(string-range(//body,'',1500,4))"/>
		<!--ⲡⲉϫⲁ-->
		<mark id="sTok421" xlink:href="#xpointer(string-range(//body,'',1505,4))"/>
		<!--ϥ-->
		<mark id="sTok422" xlink:href="#xpointer(string-range(//body,'',1510,1))"/>
		<!--ⲛⲁ-->
		<mark id="sTok423" xlink:href="#xpointer(string-range(//body,'',1512,2))"/>
		<!--ϥ-->
		<mark id="sTok424" xlink:href="#xpointer(string-range(//body,'',1515,1))"/>
		<!--ϫⲉ-->
		<mark id="sTok425" xlink:href="#xpointer(string-range(//body,'',1517,2))"/>
		<!--ⲙⲟϣⲓ-->
		<mark id="sTok426" xlink:href="#xpointer(string-range(//body,'',1520,4))"/>
		<!--ⲛⲥⲱ-->
		<mark id="sTok427" xlink:href="#xpointer(string-range(//body,'',1525,3))"/>
		<!--ⲓ-->
		<mark id="sTok428" xlink:href="#xpointer(string-range(//body,'',1529,1))"/>
		<!--ⲟⲩⲟϩ-->
		<mark id="sTok429" xlink:href="#xpointer(string-range(//body,'',1531,4))"/>
		<!--ⲁ-->
		<mark id="sTok430" xlink:href="#xpointer(string-range(//body,'',1536,1))"/>
		<!--ϥ-->
		<mark id="sTok431" xlink:href="#xpointer(string-range(//body,'',1538,1))"/>
		<!--ⲧⲱⲛ-->
		<mark id="sTok432" xlink:href="#xpointer(string-range(//body,'',1540,3))"/>
		<!--ϥ-->
		<mark id="sTok433" xlink:href="#xpointer(string-range(//body,'',1544,1))"/>
		<!--ⲁ-->
		<mark id="sTok434" xlink:href="#xpointer(string-range(//body,'',1546,1))"/>
		<!--ϥ-->
		<mark id="sTok435" xlink:href="#xpointer(string-range(//body,'',1548,1))"/>
		<!--ⲙⲟϣⲓ-->
		<mark id="sTok436" xlink:href="#xpointer(string-range(//body,'',1550,4))"/>
		<!--ⲛⲥⲱ-->
		<mark id="sTok437" xlink:href="#xpointer(string-range(//body,'',1555,3))"/>
		<!--ϥ-->
		<mark id="sTok438" xlink:href="#xpointer(string-range(//body,'',1559,1))"/>
		<!--.-->
		<mark id="sTok439" xlink:href="#xpointer(string-range(//body,'',1561,1))"/>
		<!--ⲟⲩⲟϩ-->
		<mark id="sTok440" xlink:href="#xpointer(string-range(//body,'',1563,4))"/>
		<!--ⲁ-->
		<mark id="sTok441" xlink:href="#xpointer(string-range(//body,'',1568,1))"/>
		<!--ⲥ-->
		<mark id="sTok442" xlink:href="#xpointer(string-range(//body,'',1570,1))"/>
		<!--ϣⲱⲡⲓ-->
		<mark id="sTok443" xlink:href="#xpointer(string-range(//body,'',1572,4))"/>
		<!--ⲉ-->
		<mark id="sTok444" xlink:href="#xpointer(string-range(//body,'',1577,1))"/>
		<!--ϥ-->
		<mark id="sTok445" xlink:href="#xpointer(string-range(//body,'',1579,1))"/>
		<!--ⲣⲟⲧⲉⲃ-->
		<mark id="sTok446" xlink:href="#xpointer(string-range(//body,'',1581,5))"/>
		<!--ϧⲉⲛ-->
		<mark id="sTok447" xlink:href="#xpointer(string-range(//body,'',1587,3))"/>
		<!--ⲡⲉϥ-->
		<mark id="sTok448" xlink:href="#xpointer(string-range(//body,'',1591,3))"/>
		<!--ⲏⲓ-->
		<mark id="sTok449" xlink:href="#xpointer(string-range(//body,'',1595,2))"/>
		<!--ⲛⲉ-->
		<mark id="sTok450" xlink:href="#xpointer(string-range(//body,'',1598,2))"/>
		<!--ⲟⲩⲟⲛ-->
		<mark id="sTok451" xlink:href="#xpointer(string-range(//body,'',1601,4))"/>
		<!--ϩⲁⲛ-->
		<mark id="sTok452" xlink:href="#xpointer(string-range(//body,'',1606,3))"/>
		<!--ⲙⲏϣ-->
		<mark id="sTok453" xlink:href="#xpointer(string-range(//body,'',1610,3))"/>
		<!--ⲛ-->
		<mark id="sTok454" xlink:href="#xpointer(string-range(//body,'',1614,1))"/>
		<!--ⲧⲉⲗⲱⲛⲏⲥ-->
		<mark id="sTok455" xlink:href="#xpointer(string-range(//body,'',1616,7))"/>
		<!--ⲛⲉⲙ-->
		<mark id="sTok456" xlink:href="#xpointer(string-range(//body,'',1624,3))"/>
		<!--ϩⲁⲛ-->
		<mark id="sTok457" xlink:href="#xpointer(string-range(//body,'',1628,3))"/>
		<!--ⲣⲉϥ-->
		<mark id="sTok458" xlink:href="#xpointer(string-range(//body,'',1632,3))"/>
		<!--ⲉⲣ-->
		<mark id="sTok459" xlink:href="#xpointer(string-range(//body,'',1636,2))"/>
		<!--ⲛⲟⲃⲓ-->
		<mark id="sTok460" xlink:href="#xpointer(string-range(//body,'',1639,4))"/>
		<!--ⲛⲁ-->
		<mark id="sTok461" xlink:href="#xpointer(string-range(//body,'',1644,2))"/>
		<!--ⲩ-->
		<mark id="sTok462" xlink:href="#xpointer(string-range(//body,'',1647,1))"/>
		<!--ⲣⲟⲧⲉⲃ-->
		<mark id="sTok463" xlink:href="#xpointer(string-range(//body,'',1649,5))"/>
		<!--ⲛⲉⲙ-->
		<mark id="sTok464" xlink:href="#xpointer(string-range(//body,'',1655,3))"/>
		<!--ⲓⲏⲥⲟⲩⲥ-->
		<mark id="sTok465" xlink:href="#xpointer(string-range(//body,'',1659,6))"/>
		<!--ⲛⲉⲙ-->
		<mark id="sTok466" xlink:href="#xpointer(string-range(//body,'',1666,3))"/>
		<!--ⲛⲉϥ-->
		<mark id="sTok467" xlink:href="#xpointer(string-range(//body,'',1670,3))"/>
		<!--ⲙⲁⲑⲏⲧⲏⲥ-->
		<mark id="sTok468" xlink:href="#xpointer(string-range(//body,'',1674,7))"/>
		<!--ⲛⲉ-->
		<mark id="sTok469" xlink:href="#xpointer(string-range(//body,'',1682,2))"/>
		<!--ⲟⲩⲟⲛ-->
		<mark id="sTok470" xlink:href="#xpointer(string-range(//body,'',1685,4))"/>
		<!--ⲟⲩ-->
		<mark id="sTok471" xlink:href="#xpointer(string-range(//body,'',1690,2))"/>
		<!--ⲙⲏϣ-->
		<mark id="sTok472" xlink:href="#xpointer(string-range(//body,'',1693,3))"/>
		<!--ⲙⲙⲁⲩ-->
		<mark id="sTok473" xlink:href="#xpointer(string-range(//body,'',1697,4))"/>
		<!--ⲡⲉ-->
		<mark id="sTok474" xlink:href="#xpointer(string-range(//body,'',1702,2))"/>
		<!--ⲟⲩⲟϩ-->
		<mark id="sTok475" xlink:href="#xpointer(string-range(//body,'',1705,4))"/>
		<!--ⲛⲁ-->
		<mark id="sTok476" xlink:href="#xpointer(string-range(//body,'',1710,2))"/>
		<!--ⲩ-->
		<mark id="sTok477" xlink:href="#xpointer(string-range(//body,'',1713,1))"/>
		<!--ⲙⲟϣⲓ-->
		<mark id="sTok478" xlink:href="#xpointer(string-range(//body,'',1715,4))"/>
		<!--ⲛⲥⲱ-->
		<mark id="sTok479" xlink:href="#xpointer(string-range(//body,'',1720,3))"/>
		<!--ϥ-->
		<mark id="sTok480" xlink:href="#xpointer(string-range(//body,'',1724,1))"/>
		<!--ⲡⲉ-->
		<mark id="sTok481" xlink:href="#xpointer(string-range(//body,'',1726,2))"/>
		<!--ⲛϫⲉ-->
		<mark id="sTok482" xlink:href="#xpointer(string-range(//body,'',1729,3))"/>
		<!--ⲛⲓ-->
		<mark id="sTok483" xlink:href="#xpointer(string-range(//body,'',1733,2))"/>
		<!--ⲥⲁϧ-->
		<mark id="sTok484" xlink:href="#xpointer(string-range(//body,'',1736,3))"/>
		<!--ⲛⲉⲙ-->
		<mark id="sTok485" xlink:href="#xpointer(string-range(//body,'',1740,3))"/>
		<!--ⲛⲓ-->
		<mark id="sTok486" xlink:href="#xpointer(string-range(//body,'',1744,2))"/>
		<!--ⲫⲁⲣⲓⲥⲉⲟⲥ-->
		<mark id="sTok487" xlink:href="#xpointer(string-range(//body,'',1747,8))"/>
		<!--.-->
		<mark id="sTok488" xlink:href="#xpointer(string-range(//body,'',1756,1))"/>
		<!--ⲟⲩⲟϩ-->
		<mark id="sTok489" xlink:href="#xpointer(string-range(//body,'',1758,4))"/>
		<!--ⲉⲧ-->
		<mark id="sTok490" xlink:href="#xpointer(string-range(//body,'',1763,2))"/>
		<!--ⲁ-->
		<mark id="sTok491" xlink:href="#xpointer(string-range(//body,'',1766,1))"/>
		<!--ⲩ-->
		<mark id="sTok492" xlink:href="#xpointer(string-range(//body,'',1768,1))"/>
		<!--ⲛⲁⲩ-->
		<mark id="sTok493" xlink:href="#xpointer(string-range(//body,'',1770,3))"/>
		<!--ϫⲉ-->
		<mark id="sTok494" xlink:href="#xpointer(string-range(//body,'',1774,2))"/>
		<!--ϥ-->
		<mark id="sTok495" xlink:href="#xpointer(string-range(//body,'',1777,1))"/>
		<!--ⲟⲩⲱⲙ-->
		<mark id="sTok496" xlink:href="#xpointer(string-range(//body,'',1779,4))"/>
		<!--ⲛⲉⲙ-->
		<mark id="sTok497" xlink:href="#xpointer(string-range(//body,'',1784,3))"/>
		<!--ⲛⲓ-->
		<mark id="sTok498" xlink:href="#xpointer(string-range(//body,'',1788,2))"/>
		<!--ⲧⲉⲗⲱⲛⲏⲥ-->
		<mark id="sTok499" xlink:href="#xpointer(string-range(//body,'',1791,7))"/>
		<!--ⲛⲉⲙ-->
		<mark id="sTok500" xlink:href="#xpointer(string-range(//body,'',1799,3))"/>
		<!--ⲛⲓ-->
		<mark id="sTok501" xlink:href="#xpointer(string-range(//body,'',1803,2))"/>
		<!--ⲣⲉϥ-->
		<mark id="sTok502" xlink:href="#xpointer(string-range(//body,'',1806,3))"/>
		<!--ⲉⲣ-->
		<mark id="sTok503" xlink:href="#xpointer(string-range(//body,'',1810,2))"/>
		<!--ⲛⲟⲃⲓ-->
		<mark id="sTok504" xlink:href="#xpointer(string-range(//body,'',1813,4))"/>
		<!--ⲛⲁ-->
		<mark id="sTok505" xlink:href="#xpointer(string-range(//body,'',1818,2))"/>
		<!--ⲩ-->
		<mark id="sTok506" xlink:href="#xpointer(string-range(//body,'',1821,1))"/>
		<!--ϫⲱ-->
		<mark id="sTok507" xlink:href="#xpointer(string-range(//body,'',1823,2))"/>
		<!--ⲙⲙⲟ-->
		<mark id="sTok508" xlink:href="#xpointer(string-range(//body,'',1826,3))"/>
		<!--ⲥ-->
		<mark id="sTok509" xlink:href="#xpointer(string-range(//body,'',1830,1))"/>
		<!--ⲛ-->
		<mark id="sTok510" xlink:href="#xpointer(string-range(//body,'',1832,1))"/>
		<!--ⲛⲉϥ-->
		<mark id="sTok511" xlink:href="#xpointer(string-range(//body,'',1834,3))"/>
		<!--ⲙⲁⲑⲏⲧⲏⲥ-->
		<mark id="sTok512" xlink:href="#xpointer(string-range(//body,'',1838,7))"/>
		<!--ϫⲉ-->
		<mark id="sTok513" xlink:href="#xpointer(string-range(//body,'',1846,2))"/>
		<!--ⲉⲑⲃⲉ-->
		<mark id="sTok514" xlink:href="#xpointer(string-range(//body,'',1849,4))"/>
		<!--ⲟⲩ-->
		<mark id="sTok515" xlink:href="#xpointer(string-range(//body,'',1854,2))"/>
		<!--ϥ-->
		<mark id="sTok516" xlink:href="#xpointer(string-range(//body,'',1857,1))"/>
		<!--ⲟⲩⲱⲙ-->
		<mark id="sTok517" xlink:href="#xpointer(string-range(//body,'',1859,4))"/>
		<!--ⲟⲩⲟϩ-->
		<mark id="sTok518" xlink:href="#xpointer(string-range(//body,'',1864,4))"/>
		<!--ϥ-->
		<mark id="sTok519" xlink:href="#xpointer(string-range(//body,'',1869,1))"/>
		<!--ⲥⲱ-->
		<mark id="sTok520" xlink:href="#xpointer(string-range(//body,'',1871,2))"/>
		<!--ⲛⲉⲙ-->
		<mark id="sTok521" xlink:href="#xpointer(string-range(//body,'',1874,3))"/>
		<!--ⲛⲓ-->
		<mark id="sTok522" xlink:href="#xpointer(string-range(//body,'',1878,2))"/>
		<!--ⲧⲉⲗⲱⲛⲏⲥ-->
		<mark id="sTok523" xlink:href="#xpointer(string-range(//body,'',1881,7))"/>
		<!--ⲛⲉⲙ-->
		<mark id="sTok524" xlink:href="#xpointer(string-range(//body,'',1889,3))"/>
		<!--ⲛⲓ-->
		<mark id="sTok525" xlink:href="#xpointer(string-range(//body,'',1893,2))"/>
		<!--ⲣⲉϥ-->
		<mark id="sTok526" xlink:href="#xpointer(string-range(//body,'',1896,3))"/>
		<!--ⲉⲣ-->
		<mark id="sTok527" xlink:href="#xpointer(string-range(//body,'',1900,2))"/>
		<!--ⲛⲟⲃⲓ-->
		<mark id="sTok528" xlink:href="#xpointer(string-range(//body,'',1903,4))"/>
		<!--ⲛϫⲉ-->
		<mark id="sTok529" xlink:href="#xpointer(string-range(//body,'',1908,3))"/>
		<!--ⲡⲉⲧⲉⲛ-->
		<mark id="sTok530" xlink:href="#xpointer(string-range(//body,'',1912,5))"/>
		<!--ⲣⲉϥ-->
		<mark id="sTok531" xlink:href="#xpointer(string-range(//body,'',1918,3))"/>
		<!--ϯ-->
		<mark id="sTok532" xlink:href="#xpointer(string-range(//body,'',1922,1))"/>
		<!--ⲥⲃⲱ-->
		<mark id="sTok533" xlink:href="#xpointer(string-range(//body,'',1924,3))"/>
		<!--ⲟⲩⲟϩ-->
		<mark id="sTok534" xlink:href="#xpointer(string-range(//body,'',1928,4))"/>
		<!--ⲉⲧ-->
		<mark id="sTok535" xlink:href="#xpointer(string-range(//body,'',1933,2))"/>
		<!--ⲁ-->
		<mark id="sTok536" xlink:href="#xpointer(string-range(//body,'',1936,1))"/>
		<!--ϥ-->
		<mark id="sTok537" xlink:href="#xpointer(string-range(//body,'',1938,1))"/>
		<!--ⲥⲱⲧⲉⲙ-->
		<mark id="sTok538" xlink:href="#xpointer(string-range(//body,'',1940,5))"/>
		<!--ⲛϫⲉ-->
		<mark id="sTok539" xlink:href="#xpointer(string-range(//body,'',1946,3))"/>
		<!--ⲓⲏⲥⲟⲩⲥ-->
		<mark id="sTok540" xlink:href="#xpointer(string-range(//body,'',1950,6))"/>
		<!--ⲡⲉϫⲁ-->
		<mark id="sTok541" xlink:href="#xpointer(string-range(//body,'',1957,4))"/>
		<!--ϥ-->
		<mark id="sTok542" xlink:href="#xpointer(string-range(//body,'',1962,1))"/>
		<!--ⲛⲱ-->
		<mark id="sTok543" xlink:href="#xpointer(string-range(//body,'',1964,2))"/>
		<!--ⲟⲩ-->
		<mark id="sTok544" xlink:href="#xpointer(string-range(//body,'',1967,2))"/>
		<!--ϫⲉ-->
		<mark id="sTok545" xlink:href="#xpointer(string-range(//body,'',1970,2))"/>
		<!--ⲥⲉ-->
		<mark id="sTok546" xlink:href="#xpointer(string-range(//body,'',1973,2))"/>
		<!--ⲉⲣ-->
		<mark id="sTok547" xlink:href="#xpointer(string-range(//body,'',1976,2))"/>
		<!--ⲭⲣⲓⲁ-->
		<mark id="sTok548" xlink:href="#xpointer(string-range(//body,'',1979,4))"/>
		<!--ⲁⲛ-->
		<mark id="sTok549" xlink:href="#xpointer(string-range(//body,'',1984,2))"/>
		<!--ⲛϫⲉ-->
		<mark id="sTok550" xlink:href="#xpointer(string-range(//body,'',1987,3))"/>
		<!--ⲛⲏ-->
		<mark id="sTok551" xlink:href="#xpointer(string-range(//body,'',1991,2))"/>
		<!--ⲉⲧ-->
		<mark id="sTok552" xlink:href="#xpointer(string-range(//body,'',1994,2))"/>
		<!--ϫⲟⲣ-->
		<mark id="sTok553" xlink:href="#xpointer(string-range(//body,'',1997,3))"/>
		<!--ⲙ-->
		<mark id="sTok554" xlink:href="#xpointer(string-range(//body,'',2001,1))"/>
		<!--ⲡⲓ-->
		<mark id="sTok555" xlink:href="#xpointer(string-range(//body,'',2003,2))"/>
		<!--ⲥⲏⲓⲛⲓ-->
		<mark id="sTok556" xlink:href="#xpointer(string-range(//body,'',2006,5))"/>
		<!--ⲁⲗⲗⲁ-->
		<mark id="sTok557" xlink:href="#xpointer(string-range(//body,'',2012,4))"/>
		<!--ⲛⲏ-->
		<mark id="sTok558" xlink:href="#xpointer(string-range(//body,'',2017,2))"/>
		<!--ⲉⲑ-->
		<mark id="sTok559" xlink:href="#xpointer(string-range(//body,'',2020,2))"/>
		<!--ⲙⲟⲕϩ-->
		<mark id="sTok560" xlink:href="#xpointer(string-range(//body,'',2023,4))"/>
		<!--ⲛ-->
		<mark id="sTok561" xlink:href="#xpointer(string-range(//body,'',2028,1))"/>
		<!--ⲉⲧ-->
		<mark id="sTok562" xlink:href="#xpointer(string-range(//body,'',2030,2))"/>
		<!--ⲁ-->
		<mark id="sTok563" xlink:href="#xpointer(string-range(//body,'',2033,1))"/>
		<!--ⲓ-->
		<mark id="sTok564" xlink:href="#xpointer(string-range(//body,'',2035,1))"/>
		<!--ⲓ-->
		<mark id="sTok565" xlink:href="#xpointer(string-range(//body,'',2037,1))"/>
		<!--ⲅⲁⲣ-->
		<mark id="sTok566" xlink:href="#xpointer(string-range(//body,'',2039,3))"/>
		<!--ⲁⲛ-->
		<mark id="sTok567" xlink:href="#xpointer(string-range(//body,'',2043,2))"/>
		<!--ⲉ-->
		<mark id="sTok568" xlink:href="#xpointer(string-range(//body,'',2046,1))"/>
		<!--ⲑⲁϩⲉⲙ-->
		<mark id="sTok569" xlink:href="#xpointer(string-range(//body,'',2048,5))"/>
		<!--ⲛⲓ-->
		<mark id="sTok570" xlink:href="#xpointer(string-range(//body,'',2054,2))"/>
		<!--ⲑⲙⲏⲓ-->
		<mark id="sTok571" xlink:href="#xpointer(string-range(//body,'',2057,4))"/>
		<!--ⲁⲗⲗⲁ-->
		<mark id="sTok572" xlink:href="#xpointer(string-range(//body,'',2062,4))"/>
		<!--ⲛⲓ-->
		<mark id="sTok573" xlink:href="#xpointer(string-range(//body,'',2067,2))"/>
		<!--ⲣⲉϥ-->
		<mark id="sTok574" xlink:href="#xpointer(string-range(//body,'',2070,3))"/>
		<!--ⲉⲣ-->
		<mark id="sTok575" xlink:href="#xpointer(string-range(//body,'',2074,2))"/>
		<!--ⲛⲟⲃⲓ-->
		<mark id="sTok576" xlink:href="#xpointer(string-range(//body,'',2077,4))"/>
		<!--.-->
		<mark id="sTok577" xlink:href="#xpointer(string-range(//body,'',2082,1))"/>
		<!--ⲟⲩⲟϩ-->
		<mark id="sTok578" xlink:href="#xpointer(string-range(//body,'',2084,4))"/>
		<!--ⲛⲁⲣⲉ-->
		<mark id="sTok579" xlink:href="#xpointer(string-range(//body,'',2089,4))"/>
		<!--ⲛⲓ-->
		<mark id="sTok580" xlink:href="#xpointer(string-range(//body,'',2094,2))"/>
		<!--ⲙⲁⲑⲏⲧⲏⲥ-->
		<mark id="sTok581" xlink:href="#xpointer(string-range(//body,'',2097,7))"/>
		<!--ⲛⲧⲉ-->
		<mark id="sTok582" xlink:href="#xpointer(string-range(//body,'',2105,3))"/>
		<!--ⲓⲱⲁⲛⲛⲏⲥ-->
		<mark id="sTok583" xlink:href="#xpointer(string-range(//body,'',2109,7))"/>
		<!--ⲛⲉⲙ-->
		<mark id="sTok584" xlink:href="#xpointer(string-range(//body,'',2117,3))"/>
		<!--ⲛⲁ-->
		<mark id="sTok585" xlink:href="#xpointer(string-range(//body,'',2121,2))"/>
		<!--ⲛⲓ-->
		<mark id="sTok586" xlink:href="#xpointer(string-range(//body,'',2124,2))"/>
		<!--ⲫⲁⲣⲓⲥⲉⲟⲥ-->
		<mark id="sTok587" xlink:href="#xpointer(string-range(//body,'',2127,8))"/>
		<!--ⲉⲣ-->
		<mark id="sTok588" xlink:href="#xpointer(string-range(//body,'',2136,2))"/>
		<!--ⲛⲏⲥⲧⲉⲩⲓⲛ-->
		<mark id="sTok589" xlink:href="#xpointer(string-range(//body,'',2139,8))"/>
		<!--ⲟⲩⲟϩ-->
		<mark id="sTok590" xlink:href="#xpointer(string-range(//body,'',2148,4))"/>
		<!--ⲁ-->
		<mark id="sTok591" xlink:href="#xpointer(string-range(//body,'',2153,1))"/>
		<!--ⲩ-->
		<mark id="sTok592" xlink:href="#xpointer(string-range(//body,'',2155,1))"/>
		<!--ⲓ-->
		<mark id="sTok593" xlink:href="#xpointer(string-range(//body,'',2157,1))"/>
		<!--ⲡⲉϫⲱ-->
		<mark id="sTok594" xlink:href="#xpointer(string-range(//body,'',2159,4))"/>
		<!--ⲟⲩ-->
		<mark id="sTok595" xlink:href="#xpointer(string-range(//body,'',2164,2))"/>
		<!--ⲛⲁ-->
		<mark id="sTok596" xlink:href="#xpointer(string-range(//body,'',2167,2))"/>
		<!--ϥ-->
		<mark id="sTok597" xlink:href="#xpointer(string-range(//body,'',2170,1))"/>
		<!--ϫⲉ-->
		<mark id="sTok598" xlink:href="#xpointer(string-range(//body,'',2172,2))"/>
		<!--ⲉⲑⲃⲉ-->
		<mark id="sTok599" xlink:href="#xpointer(string-range(//body,'',2175,4))"/>
		<!--ⲟⲩ-->
		<mark id="sTok600" xlink:href="#xpointer(string-range(//body,'',2180,2))"/>
		<!--ⲛⲓ-->
		<mark id="sTok601" xlink:href="#xpointer(string-range(//body,'',2183,2))"/>
		<!--ⲙⲁⲑⲏⲧⲏⲥ-->
		<mark id="sTok602" xlink:href="#xpointer(string-range(//body,'',2186,7))"/>
		<!--ⲛⲧⲉ-->
		<mark id="sTok603" xlink:href="#xpointer(string-range(//body,'',2194,3))"/>
		<!--ⲓⲱⲁⲛⲛⲏⲥ-->
		<mark id="sTok604" xlink:href="#xpointer(string-range(//body,'',2198,7))"/>
		<!--ⲛⲉⲙ-->
		<mark id="sTok605" xlink:href="#xpointer(string-range(//body,'',2206,3))"/>
		<!--ⲛⲁ-->
		<mark id="sTok606" xlink:href="#xpointer(string-range(//body,'',2210,2))"/>
		<!--ⲛⲓ-->
		<mark id="sTok607" xlink:href="#xpointer(string-range(//body,'',2213,2))"/>
		<!--ⲫⲁⲣⲓⲥⲉⲟⲥ-->
		<mark id="sTok608" xlink:href="#xpointer(string-range(//body,'',2216,8))"/>
		<!--ⲥⲉ-->
		<mark id="sTok609" xlink:href="#xpointer(string-range(//body,'',2225,2))"/>
		<!--ⲉⲣ-->
		<mark id="sTok610" xlink:href="#xpointer(string-range(//body,'',2228,2))"/>
		<!--ⲛⲏⲥⲧⲉⲩⲓⲛ-->
		<mark id="sTok611" xlink:href="#xpointer(string-range(//body,'',2231,8))"/>
		<!--ⲛⲟⲩⲕ-->
		<mark id="sTok612" xlink:href="#xpointer(string-range(//body,'',2240,4))"/>
		<!--ⲇⲉ-->
		<mark id="sTok613" xlink:href="#xpointer(string-range(//body,'',2245,2))"/>
		<!--ⲥⲉ-->
		<mark id="sTok614" xlink:href="#xpointer(string-range(//body,'',2248,2))"/>
		<!--ⲉⲣ-->
		<mark id="sTok615" xlink:href="#xpointer(string-range(//body,'',2251,2))"/>
		<!--ⲛⲏⲥⲧⲉⲩⲓⲛ-->
		<mark id="sTok616" xlink:href="#xpointer(string-range(//body,'',2254,8))"/>
		<!--ⲁⲛ-->
		<mark id="sTok617" xlink:href="#xpointer(string-range(//body,'',2263,2))"/>
		<!--ⲟⲩⲟϩ-->
		<mark id="sTok618" xlink:href="#xpointer(string-range(//body,'',2266,4))"/>
		<!--ⲁ-->
		<mark id="sTok619" xlink:href="#xpointer(string-range(//body,'',2271,1))"/>
		<!--ϥ-->
		<mark id="sTok620" xlink:href="#xpointer(string-range(//body,'',2273,1))"/>
		<!--ⲉⲣ-->
		<mark id="sTok621" xlink:href="#xpointer(string-range(//body,'',2275,2))"/>
		<!--ⲟⲩⲱ-->
		<mark id="sTok622" xlink:href="#xpointer(string-range(//body,'',2278,3))"/>
		<!--ⲛϫⲉ-->
		<mark id="sTok623" xlink:href="#xpointer(string-range(//body,'',2282,3))"/>
		<!--ⲓⲏⲥⲟⲩⲥ-->
		<mark id="sTok624" xlink:href="#xpointer(string-range(//body,'',2286,6))"/>
		<!--ⲡⲉϫⲁ-->
		<mark id="sTok625" xlink:href="#xpointer(string-range(//body,'',2293,4))"/>
		<!--ϥ-->
		<mark id="sTok626" xlink:href="#xpointer(string-range(//body,'',2298,1))"/>
		<!--ⲛⲱ-->
		<mark id="sTok627" xlink:href="#xpointer(string-range(//body,'',2300,2))"/>
		<!--ⲟⲩ-->
		<mark id="sTok628" xlink:href="#xpointer(string-range(//body,'',2303,2))"/>
		<!--ϫⲉ-->
		<mark id="sTok629" xlink:href="#xpointer(string-range(//body,'',2306,2))"/>
		<!--ⲙⲏⲧⲓ-->
		<mark id="sTok630" xlink:href="#xpointer(string-range(//body,'',2309,4))"/>
		<!--ⲟⲩⲟⲛ-->
		<mark id="sTok631" xlink:href="#xpointer(string-range(//body,'',2314,4))"/>
		<!--ϣ-->
		<mark id="sTok632" xlink:href="#xpointer(string-range(//body,'',2319,1))"/>
		<!--ϫⲟⲙ-->
		<mark id="sTok633" xlink:href="#xpointer(string-range(//body,'',2321,3))"/>
		<!--ⲉ-->
		<mark id="sTok634" xlink:href="#xpointer(string-range(//body,'',2325,1))"/>
		<!--ⲑⲣⲉ-->
		<mark id="sTok635" xlink:href="#xpointer(string-range(//body,'',2327,3))"/>
		<!--ⲛⲉⲛ-->
		<mark id="sTok636" xlink:href="#xpointer(string-range(//body,'',2331,3))"/>
		<!--ϣⲏⲣⲓ-->
		<mark id="sTok637" xlink:href="#xpointer(string-range(//body,'',2335,4))"/>
		<!--ⲙ-->
		<mark id="sTok638" xlink:href="#xpointer(string-range(//body,'',2340,1))"/>
		<!--ⲡⲓ-->
		<mark id="sTok639" xlink:href="#xpointer(string-range(//body,'',2342,2))"/>
		<!--ⲡⲁ-->
		<mark id="sTok640" xlink:href="#xpointer(string-range(//body,'',2345,2))"/>
		<!--ⲧ-->
		<mark id="sTok641" xlink:href="#xpointer(string-range(//body,'',2348,1))"/>
		<!--ϣⲉⲗⲉⲧ-->
		<mark id="sTok642" xlink:href="#xpointer(string-range(//body,'',2350,5))"/>
		<!--ⲉⲣ-->
		<mark id="sTok643" xlink:href="#xpointer(string-range(//body,'',2356,2))"/>
		<!--ⲛⲏⲥⲧⲉⲩⲓⲛ-->
		<mark id="sTok644" xlink:href="#xpointer(string-range(//body,'',2359,8))"/>
		<!--ϩⲱⲥ-->
		<mark id="sTok645" xlink:href="#xpointer(string-range(//body,'',2368,3))"/>
		<!--ⲉ-->
		<mark id="sTok646" xlink:href="#xpointer(string-range(//body,'',2372,1))"/>
		<!--ϥ-->
		<mark id="sTok647" xlink:href="#xpointer(string-range(//body,'',2374,1))"/>
		<!--ⲛⲉⲙⲱ-->
		<mark id="sTok648" xlink:href="#xpointer(string-range(//body,'',2376,4))"/>
		<!--ⲟⲩ-->
		<mark id="sTok649" xlink:href="#xpointer(string-range(//body,'',2381,2))"/>
		<!--ⲛϫⲉ-->
		<mark id="sTok650" xlink:href="#xpointer(string-range(//body,'',2384,3))"/>
		<!--ⲡⲓ-->
		<mark id="sTok651" xlink:href="#xpointer(string-range(//body,'',2388,2))"/>
		<!--ⲡ-->
		<mark id="sTok652" xlink:href="#xpointer(string-range(//body,'',2391,1))"/>
		<!--ⲁⲧ-->
		<mark id="sTok653" xlink:href="#xpointer(string-range(//body,'',2393,2))"/>
		<!--ϣⲉⲗⲉⲧ-->
		<mark id="sTok654" xlink:href="#xpointer(string-range(//body,'',2396,5))"/>
		<!--ⲭⲣⲟⲛⲟⲥ-->
		<mark id="sTok655" xlink:href="#xpointer(string-range(//body,'',2402,6))"/>
		<!--ⲛⲓⲃⲉⲛ-->
		<mark id="sTok656" xlink:href="#xpointer(string-range(//body,'',2409,5))"/>
		<!--ϩⲱⲥ-->
		<mark id="sTok657" xlink:href="#xpointer(string-range(//body,'',2415,3))"/>
		<!--ⲡⲓ-->
		<mark id="sTok658" xlink:href="#xpointer(string-range(//body,'',2419,2))"/>
		<!--ⲡⲁ-->
		<mark id="sTok659" xlink:href="#xpointer(string-range(//body,'',2422,2))"/>
		<!--ⲧ-->
		<mark id="sTok660" xlink:href="#xpointer(string-range(//body,'',2425,1))"/>
		<!--ϣⲉⲗⲉⲧ-->
		<mark id="sTok661" xlink:href="#xpointer(string-range(//body,'',2427,5))"/>
		<!--ⲛⲉⲙⲱ-->
		<mark id="sTok662" xlink:href="#xpointer(string-range(//body,'',2433,4))"/>
		<!--ⲟⲩ-->
		<mark id="sTok663" xlink:href="#xpointer(string-range(//body,'',2438,2))"/>
		<!--ⲙⲙⲟⲛ-->
		<mark id="sTok664" xlink:href="#xpointer(string-range(//body,'',2441,4))"/>
		<!--ϣ-->
		<mark id="sTok665" xlink:href="#xpointer(string-range(//body,'',2446,1))"/>
		<!--ϫⲟⲙ-->
		<mark id="sTok666" xlink:href="#xpointer(string-range(//body,'',2448,3))"/>
		<!--ⲙⲙⲱ-->
		<mark id="sTok667" xlink:href="#xpointer(string-range(//body,'',2452,3))"/>
		<!--ⲟⲩ-->
		<mark id="sTok668" xlink:href="#xpointer(string-range(//body,'',2456,2))"/>
		<!--ⲉ-->
		<mark id="sTok669" xlink:href="#xpointer(string-range(//body,'',2459,1))"/>
		<!--ⲉⲣ-->
		<mark id="sTok670" xlink:href="#xpointer(string-range(//body,'',2461,2))"/>
		<!--ⲛⲏⲥⲧⲉⲩⲓⲛ-->
		<mark id="sTok671" xlink:href="#xpointer(string-range(//body,'',2464,8))"/>
		<!--.-->
		<mark id="sTok672" xlink:href="#xpointer(string-range(//body,'',2473,1))"/>
		<!--ⲥⲉ-->
		<mark id="sTok673" xlink:href="#xpointer(string-range(//body,'',2475,2))"/>
		<!--ⲛⲏⲟⲩ-->
		<mark id="sTok674" xlink:href="#xpointer(string-range(//body,'',2478,4))"/>
		<!--ⲇⲉ-->
		<mark id="sTok675" xlink:href="#xpointer(string-range(//body,'',2483,2))"/>
		<!--ⲛϫⲉ-->
		<mark id="sTok676" xlink:href="#xpointer(string-range(//body,'',2486,3))"/>
		<!--ϩⲁⲛ-->
		<mark id="sTok677" xlink:href="#xpointer(string-range(//body,'',2490,3))"/>
		<!--ⲉϩⲟⲟⲩ-->
		<mark id="sTok678" xlink:href="#xpointer(string-range(//body,'',2494,5))"/>
		<!--ϩⲟⲧⲁⲛ-->
		<mark id="sTok679" xlink:href="#xpointer(string-range(//body,'',2500,5))"/>
		<!--ⲁⲩϣⲁⲛ-->
		<mark id="sTok680" xlink:href="#xpointer(string-range(//body,'',2506,5))"/>
		<!--ⲱⲗⲓ-->
		<mark id="sTok681" xlink:href="#xpointer(string-range(//body,'',2512,3))"/>
		<!--ⲙ-->
		<mark id="sTok682" xlink:href="#xpointer(string-range(//body,'',2516,1))"/>
		<!--ⲡⲓ-->
		<mark id="sTok683" xlink:href="#xpointer(string-range(//body,'',2518,2))"/>
		<!--ⲡⲁ-->
		<mark id="sTok684" xlink:href="#xpointer(string-range(//body,'',2521,2))"/>
		<!--ⲧ-->
		<mark id="sTok685" xlink:href="#xpointer(string-range(//body,'',2524,1))"/>
		<!--ϣⲉⲗⲉⲧ-->
		<mark id="sTok686" xlink:href="#xpointer(string-range(//body,'',2526,5))"/>
		<!--ⲛⲧⲟⲧ-->
		<mark id="sTok687" xlink:href="#xpointer(string-range(//body,'',2532,4))"/>
		<!--ⲟⲩ-->
		<mark id="sTok688" xlink:href="#xpointer(string-range(//body,'',2537,2))"/>
		<!--ⲧⲟⲧⲉ-->
		<mark id="sTok689" xlink:href="#xpointer(string-range(//body,'',2540,4))"/>
		<!--ⲥⲉ-->
		<mark id="sTok690" xlink:href="#xpointer(string-range(//body,'',2545,2))"/>
		<!--ⲛⲁ-->
		<mark id="sTok691" xlink:href="#xpointer(string-range(//body,'',2548,2))"/>
		<!--ⲉⲣ-->
		<mark id="sTok692" xlink:href="#xpointer(string-range(//body,'',2551,2))"/>
		<!--ⲛⲏⲥⲧⲉⲩⲓⲛ-->
		<mark id="sTok693" xlink:href="#xpointer(string-range(//body,'',2554,8))"/>
		<!--ϧⲉⲛ-->
		<mark id="sTok694" xlink:href="#xpointer(string-range(//body,'',2563,3))"/>
		<!--ⲛⲓ-->
		<mark id="sTok695" xlink:href="#xpointer(string-range(//body,'',2567,2))"/>
		<!--ⲉϩⲟⲟⲩ-->
		<mark id="sTok696" xlink:href="#xpointer(string-range(//body,'',2570,5))"/>
		<!--ⲉⲧⲉ-->
		<mark id="sTok697" xlink:href="#xpointer(string-range(//body,'',2576,3))"/>
		<!--ⲙⲙⲁⲩ-->
		<mark id="sTok698" xlink:href="#xpointer(string-range(//body,'',2580,4))"/>
		<!--ⲟⲩ-->
		<mark id="sTok699" xlink:href="#xpointer(string-range(//body,'',2585,2))"/>
		<!--ⲅⲁⲣ-->
		<mark id="sTok700" xlink:href="#xpointer(string-range(//body,'',2588,3))"/>
		<!--ⲙⲡⲁⲣⲉ-->
		<mark id="sTok701" xlink:href="#xpointer(string-range(//body,'',2592,5))"/>
		<!--ϩⲗⲓ-->
		<mark id="sTok702" xlink:href="#xpointer(string-range(//body,'',2598,3))"/>
		<!--ϩⲓ-->
		<mark id="sTok703" xlink:href="#xpointer(string-range(//body,'',2602,2))"/>
		<!--ⲟⲩ-->
		<mark id="sTok704" xlink:href="#xpointer(string-range(//body,'',2605,2))"/>
		<!--ⲧⲱⲓⲥ-->
		<mark id="sTok705" xlink:href="#xpointer(string-range(//body,'',2608,4))"/>
		<!--ⲙ-->
		<mark id="sTok706" xlink:href="#xpointer(string-range(//body,'',2613,1))"/>
		<!--ⲃⲉⲣⲓ-->
		<mark id="sTok707" xlink:href="#xpointer(string-range(//body,'',2615,4))"/>
		<!--ⲉ-->
		<mark id="sTok708" xlink:href="#xpointer(string-range(//body,'',2620,1))"/>
		<!--ⲟⲩ-->
		<mark id="sTok709" xlink:href="#xpointer(string-range(//body,'',2622,2))"/>
		<!--ϩⲃⲟⲥ-->
		<mark id="sTok710" xlink:href="#xpointer(string-range(//body,'',2625,4))"/>
		<!--ⲛ-->
		<mark id="sTok711" xlink:href="#xpointer(string-range(//body,'',2630,1))"/>
		<!--ⲁⲡⲁⲥ-->
		<mark id="sTok712" xlink:href="#xpointer(string-range(//body,'',2632,4))"/>
		<!--ⲙⲙⲟⲛ-->
		<mark id="sTok713" xlink:href="#xpointer(string-range(//body,'',2637,4))"/>
		<!--ϣⲁⲣⲉ-->
		<mark id="sTok714" xlink:href="#xpointer(string-range(//body,'',2642,4))"/>
		<!--ⲡⲓ-->
		<mark id="sTok715" xlink:href="#xpointer(string-range(//body,'',2647,2))"/>
		<!--ⲃⲉⲣⲓ-->
		<mark id="sTok716" xlink:href="#xpointer(string-range(//body,'',2650,4))"/>
		<!--ⲉⲗ-->
		<mark id="sTok717" xlink:href="#xpointer(string-range(//body,'',2655,2))"/>
		<!--ⲡⲓ-->
		<mark id="sTok718" xlink:href="#xpointer(string-range(//body,'',2658,2))"/>
		<!--ⲙⲟϩ-->
		<mark id="sTok719" xlink:href="#xpointer(string-range(//body,'',2661,3))"/>
		<!--ⲛⲧⲉ-->
		<mark id="sTok720" xlink:href="#xpointer(string-range(//body,'',2665,3))"/>
		<!--ⲡⲓ-->
		<mark id="sTok721" xlink:href="#xpointer(string-range(//body,'',2669,2))"/>
		<!--ⲁⲡⲁⲥ-->
		<mark id="sTok722" xlink:href="#xpointer(string-range(//body,'',2672,4))"/>
		<!--ⲟⲩⲟϩ-->
		<mark id="sTok723" xlink:href="#xpointer(string-range(//body,'',2677,4))"/>
		<!--ⲛⲧⲉ-->
		<mark id="sTok724" xlink:href="#xpointer(string-range(//body,'',2682,3))"/>
		<!--ⲟⲩ-->
		<mark id="sTok725" xlink:href="#xpointer(string-range(//body,'',2686,2))"/>
		<!--ⲫⲱϧ-->
		<mark id="sTok726" xlink:href="#xpointer(string-range(//body,'',2689,3))"/>
		<!--ϣⲱⲡⲓ-->
		<mark id="sTok727" xlink:href="#xpointer(string-range(//body,'',2693,4))"/>
		<!--ⲉ-->
		<mark id="sTok728" xlink:href="#xpointer(string-range(//body,'',2698,1))"/>
		<!--ϥ-->
		<mark id="sTok729" xlink:href="#xpointer(string-range(//body,'',2700,1))"/>
		<!--ϩⲱⲟⲩ-->
		<mark id="sTok730" xlink:href="#xpointer(string-range(//body,'',2702,4))"/>
		<!--ⲛ-->
		<mark id="sTok731" xlink:href="#xpointer(string-range(//body,'',2707,1))"/>
		<!--ϩⲟⲩⲟ-->
		<mark id="sTok732" xlink:href="#xpointer(string-range(//body,'',2709,4))"/>
		<!--.-->
		<mark id="sTok733" xlink:href="#xpointer(string-range(//body,'',2714,1))"/>
		<!--ⲟⲩⲟϩ-->
		<mark id="sTok734" xlink:href="#xpointer(string-range(//body,'',2716,4))"/>
		<!--ⲙⲡⲁ-->
		<mark id="sTok735" xlink:href="#xpointer(string-range(//body,'',2721,3))"/>
		<!--ⲩ-->
		<mark id="sTok736" xlink:href="#xpointer(string-range(//body,'',2725,1))"/>
		<!--ϩⲓ-->
		<mark id="sTok737" xlink:href="#xpointer(string-range(//body,'',2727,2))"/>
		<!--ⲏⲣⲡ-->
		<mark id="sTok738" xlink:href="#xpointer(string-range(//body,'',2730,3))"/>
		<!--ⲙ-->
		<mark id="sTok739" xlink:href="#xpointer(string-range(//body,'',2734,1))"/>
		<!--ⲃⲉⲣⲓ-->
		<mark id="sTok740" xlink:href="#xpointer(string-range(//body,'',2736,4))"/>
		<!--ⲉ-->
		<mark id="sTok741" xlink:href="#xpointer(string-range(//body,'',2741,1))"/>
		<!--ⲁⲥⲕⲟⲥ-->
		<mark id="sTok742" xlink:href="#xpointer(string-range(//body,'',2743,5))"/>
		<!--ⲛ-->
		<mark id="sTok743" xlink:href="#xpointer(string-range(//body,'',2749,1))"/>
		<!--ⲁⲡⲁⲥ-->
		<mark id="sTok744" xlink:href="#xpointer(string-range(//body,'',2751,4))"/>
		<!--ⲙⲙⲟⲛ-->
		<mark id="sTok745" xlink:href="#xpointer(string-range(//body,'',2756,4))"/>
		<!--ϣⲁⲣⲉ-->
		<mark id="sTok746" xlink:href="#xpointer(string-range(//body,'',2761,4))"/>
		<!--ⲡⲓ-->
		<mark id="sTok747" xlink:href="#xpointer(string-range(//body,'',2766,2))"/>
		<!--ⲏⲣⲡ-->
		<mark id="sTok748" xlink:href="#xpointer(string-range(//body,'',2769,3))"/>
		<!--ⲫⲉϧ-->
		<mark id="sTok749" xlink:href="#xpointer(string-range(//body,'',2773,3))"/>
		<!--ⲛⲓ-->
		<mark id="sTok750" xlink:href="#xpointer(string-range(//body,'',2777,2))"/>
		<!--ⲁⲥⲕⲟⲥ-->
		<mark id="sTok751" xlink:href="#xpointer(string-range(//body,'',2780,5))"/>
		<!--ⲟⲩⲟϩ-->
		<mark id="sTok752" xlink:href="#xpointer(string-range(//body,'',2786,4))"/>
		<!--ϣⲁⲣⲉ-->
		<mark id="sTok753" xlink:href="#xpointer(string-range(//body,'',2791,4))"/>
		<!--ⲡⲓ-->
		<mark id="sTok754" xlink:href="#xpointer(string-range(//body,'',2796,2))"/>
		<!--ⲏⲣⲡ-->
		<mark id="sTok755" xlink:href="#xpointer(string-range(//body,'',2799,3))"/>
		<!--ⲧⲁⲕⲟ-->
		<mark id="sTok756" xlink:href="#xpointer(string-range(//body,'',2803,4))"/>
		<!--ⲛⲉⲙ-->
		<mark id="sTok757" xlink:href="#xpointer(string-range(//body,'',2808,3))"/>
		<!--ⲛⲓ-->
		<mark id="sTok758" xlink:href="#xpointer(string-range(//body,'',2812,2))"/>
		<!--ⲁⲥⲕⲟⲥ-->
		<mark id="sTok759" xlink:href="#xpointer(string-range(//body,'',2815,5))"/>
		<!--ⲁⲗⲗⲁ-->
		<mark id="sTok760" xlink:href="#xpointer(string-range(//body,'',2821,4))"/>
		<!--ϣⲁ-->
		<mark id="sTok761" xlink:href="#xpointer(string-range(//body,'',2826,2))"/>
		<!--ⲩ-->
		<mark id="sTok762" xlink:href="#xpointer(string-range(//body,'',2829,1))"/>
		<!--ϩⲓ-->
		<mark id="sTok763" xlink:href="#xpointer(string-range(//body,'',2831,2))"/>
		<!--ⲏⲣⲡ-->
		<mark id="sTok764" xlink:href="#xpointer(string-range(//body,'',2834,3))"/>
		<!--ⲙ-->
		<mark id="sTok765" xlink:href="#xpointer(string-range(//body,'',2838,1))"/>
		<!--ⲃⲉⲣⲓ-->
		<mark id="sTok766" xlink:href="#xpointer(string-range(//body,'',2840,4))"/>
		<!--ⲉ-->
		<mark id="sTok767" xlink:href="#xpointer(string-range(//body,'',2845,1))"/>
		<!--ⲁⲥⲕⲟⲥ-->
		<mark id="sTok768" xlink:href="#xpointer(string-range(//body,'',2847,5))"/>
		<!--ⲙ-->
		<mark id="sTok769" xlink:href="#xpointer(string-range(//body,'',2853,1))"/>
		<!--ⲃⲉⲣⲓ-->
		<mark id="sTok770" xlink:href="#xpointer(string-range(//body,'',2855,4))"/>
		<!--.-->
		<mark id="sTok771" xlink:href="#xpointer(string-range(//body,'',2860,1))"/>
		<!--ⲟⲩⲟϩ-->
		<mark id="sTok772" xlink:href="#xpointer(string-range(//body,'',2862,4))"/>
		<!--ⲁ-->
		<mark id="sTok773" xlink:href="#xpointer(string-range(//body,'',2867,1))"/>
		<!--ⲥ-->
		<mark id="sTok774" xlink:href="#xpointer(string-range(//body,'',2869,1))"/>
		<!--ϣⲱⲡⲓ-->
		<mark id="sTok775" xlink:href="#xpointer(string-range(//body,'',2871,4))"/>
		<!--ⲉⲧ-->
		<mark id="sTok776" xlink:href="#xpointer(string-range(//body,'',2876,2))"/>
		<!--ⲁ-->
		<mark id="sTok777" xlink:href="#xpointer(string-range(//body,'',2879,1))"/>
		<!--ϥ-->
		<mark id="sTok778" xlink:href="#xpointer(string-range(//body,'',2881,1))"/>
		<!--ⲙⲟϣⲓ-->
		<mark id="sTok779" xlink:href="#xpointer(string-range(//body,'',2883,4))"/>
		<!--ϧⲉⲛ-->
		<mark id="sTok780" xlink:href="#xpointer(string-range(//body,'',2888,3))"/>
		<!--ⲛⲓ-->
		<mark id="sTok781" xlink:href="#xpointer(string-range(//body,'',2892,2))"/>
		<!--ⲥⲁⲃⲃⲁⲧⲟⲛ-->
		<mark id="sTok782" xlink:href="#xpointer(string-range(//body,'',2895,8))"/>
		<!--ⲉⲃⲟⲗ-->
		<mark id="sTok783" xlink:href="#xpointer(string-range(//body,'',2904,4))"/>
		<!--ϩⲓⲧⲟⲧ-->
		<mark id="sTok784" xlink:href="#xpointer(string-range(//body,'',2909,5))"/>
		<!--ⲟⲩ-->
		<mark id="sTok785" xlink:href="#xpointer(string-range(//body,'',2915,2))"/>
		<!--ⲛ-->
		<mark id="sTok786" xlink:href="#xpointer(string-range(//body,'',2918,1))"/>
		<!--ⲛⲓ-->
		<mark id="sTok787" xlink:href="#xpointer(string-range(//body,'',2920,2))"/>
		<!--ⲣⲟϯ-->
		<mark id="sTok788" xlink:href="#xpointer(string-range(//body,'',2923,3))"/>
		<!--ⲟⲩⲟϩ-->
		<mark id="sTok789" xlink:href="#xpointer(string-range(//body,'',2927,4))"/>
		<!--ⲛⲉϥ-->
		<mark id="sTok790" xlink:href="#xpointer(string-range(//body,'',2932,3))"/>
		<!--ⲙⲁⲑⲏⲧⲏⲥ-->
		<mark id="sTok791" xlink:href="#xpointer(string-range(//body,'',2936,7))"/>
		<!--ⲁ-->
		<mark id="sTok792" xlink:href="#xpointer(string-range(//body,'',2944,1))"/>
		<!--ⲩ-->
		<mark id="sTok793" xlink:href="#xpointer(string-range(//body,'',2946,1))"/>
		<!--ⲉⲣ-->
		<mark id="sTok794" xlink:href="#xpointer(string-range(//body,'',2948,2))"/>
		<!--ϩⲏⲧ-->
		<mark id="sTok795" xlink:href="#xpointer(string-range(//body,'',2951,3))"/>
		<!--ⲥ-->
		<mark id="sTok796" xlink:href="#xpointer(string-range(//body,'',2955,1))"/>
		<!--ⲉ-->
		<mark id="sTok797" xlink:href="#xpointer(string-range(//body,'',2957,1))"/>
		<!--ⲩ-->
		<mark id="sTok798" xlink:href="#xpointer(string-range(//body,'',2959,1))"/>
		<!--ⲙⲟϣⲓ-->
		<mark id="sTok799" xlink:href="#xpointer(string-range(//body,'',2961,4))"/>
		<!--ⲉ-->
		<mark id="sTok800" xlink:href="#xpointer(string-range(//body,'',2966,1))"/>
		<!--ϥⲉϫ-->
		<mark id="sTok801" xlink:href="#xpointer(string-range(//body,'',2968,3))"/>
		<!--ϧⲉⲙⲥ-->
		<mark id="sTok802" xlink:href="#xpointer(string-range(//body,'',2972,4))"/>
		<!--.-->
		<mark id="sTok803" xlink:href="#xpointer(string-range(//body,'',2977,1))"/>
		<!--ⲟⲩⲟϩ-->
		<mark id="sTok804" xlink:href="#xpointer(string-range(//body,'',2979,4))"/>
		<!--ⲛⲁⲣⲉ-->
		<mark id="sTok805" xlink:href="#xpointer(string-range(//body,'',2984,4))"/>
		<!--ⲛⲓ-->
		<mark id="sTok806" xlink:href="#xpointer(string-range(//body,'',2989,2))"/>
		<!--ⲫⲁⲣⲓⲥⲉⲟⲥ-->
		<mark id="sTok807" xlink:href="#xpointer(string-range(//body,'',2992,8))"/>
		<!--ϫⲱ-->
		<mark id="sTok808" xlink:href="#xpointer(string-range(//body,'',3001,2))"/>
		<!--ⲙⲙⲟ-->
		<mark id="sTok809" xlink:href="#xpointer(string-range(//body,'',3004,3))"/>
		<!--ⲥ-->
		<mark id="sTok810" xlink:href="#xpointer(string-range(//body,'',3008,1))"/>
		<!--ⲛⲁ-->
		<mark id="sTok811" xlink:href="#xpointer(string-range(//body,'',3010,2))"/>
		<!--ϥ-->
		<mark id="sTok812" xlink:href="#xpointer(string-range(//body,'',3013,1))"/>
		<!--ϫⲉ-->
		<mark id="sTok813" xlink:href="#xpointer(string-range(//body,'',3015,2))"/>
		<!--ⲁⲛⲁⲩ-->
		<mark id="sTok814" xlink:href="#xpointer(string-range(//body,'',3018,4))"/>
		<!--ϫⲉ-->
		<mark id="sTok815" xlink:href="#xpointer(string-range(//body,'',3023,2))"/>
		<!--ⲟⲩ-->
		<mark id="sTok816" xlink:href="#xpointer(string-range(//body,'',3026,2))"/>
		<!--ⲡ-->
		<mark id="sTok817" xlink:href="#xpointer(string-range(//body,'',3029,1))"/>
		<!--ⲉⲧ-->
		<mark id="sTok818" xlink:href="#xpointer(string-range(//body,'',3031,2))"/>
		<!--ⲟⲩ-->
		<mark id="sTok819" xlink:href="#xpointer(string-range(//body,'',3034,2))"/>
		<!--ⲓⲣⲓ-->
		<mark id="sTok820" xlink:href="#xpointer(string-range(//body,'',3037,3))"/>
		<!--ⲙⲙⲟ-->
		<mark id="sTok821" xlink:href="#xpointer(string-range(//body,'',3041,3))"/>
		<!--ϥ-->
		<mark id="sTok822" xlink:href="#xpointer(string-range(//body,'',3045,1))"/>
		<!--ϧⲉⲛ-->
		<mark id="sTok823" xlink:href="#xpointer(string-range(//body,'',3047,3))"/>
		<!--ⲛⲓ-->
		<mark id="sTok824" xlink:href="#xpointer(string-range(//body,'',3051,2))"/>
		<!--ⲥⲁⲃⲃⲁⲧⲟⲛ-->
		<mark id="sTok825" xlink:href="#xpointer(string-range(//body,'',3054,8))"/>
		<!--ⲛ-->
		<mark id="sTok826" xlink:href="#xpointer(string-range(//body,'',3063,1))"/>
		<!--ⲥϣⲉ-->
		<mark id="sTok827" xlink:href="#xpointer(string-range(//body,'',3065,3))"/>
		<!--ⲛ-->
		<mark id="sTok828" xlink:href="#xpointer(string-range(//body,'',3069,1))"/>
		<!--ⲁⲓ-->
		<mark id="sTok829" xlink:href="#xpointer(string-range(//body,'',3071,2))"/>
		<!--ϥ-->
		<mark id="sTok830" xlink:href="#xpointer(string-range(//body,'',3074,1))"/>
		<!--ⲁⲛ-->
		<mark id="sTok831" xlink:href="#xpointer(string-range(//body,'',3076,2))"/>
		<!--.-->
		<mark id="sTok832" xlink:href="#xpointer(string-range(//body,'',3079,1))"/>
		<!--ⲟⲩⲟϩ-->
		<mark id="sTok833" xlink:href="#xpointer(string-range(//body,'',3081,4))"/>
		<!--ⲛⲁ-->
		<mark id="sTok834" xlink:href="#xpointer(string-range(//body,'',3086,2))"/>
		<!--ϥ-->
		<mark id="sTok835" xlink:href="#xpointer(string-range(//body,'',3089,1))"/>
		<!--ϫⲱ-->
		<mark id="sTok836" xlink:href="#xpointer(string-range(//body,'',3091,2))"/>
		<!--ⲙⲙⲟ-->
		<mark id="sTok837" xlink:href="#xpointer(string-range(//body,'',3094,3))"/>
		<!--ⲥ-->
		<mark id="sTok838" xlink:href="#xpointer(string-range(//body,'',3098,1))"/>
		<!--ⲛⲱ-->
		<mark id="sTok839" xlink:href="#xpointer(string-range(//body,'',3100,2))"/>
		<!--ⲟⲩ-->
		<mark id="sTok840" xlink:href="#xpointer(string-range(//body,'',3103,2))"/>
		<!--ϫⲉ-->
		<mark id="sTok841" xlink:href="#xpointer(string-range(//body,'',3106,2))"/>
		<!--ⲙⲡⲉ-->
		<mark id="sTok842" xlink:href="#xpointer(string-range(//body,'',3109,3))"/>
		<!--ⲧⲉⲛ-->
		<mark id="sTok843" xlink:href="#xpointer(string-range(//body,'',3113,3))"/>
		<!--ⲱϣ-->
		<mark id="sTok844" xlink:href="#xpointer(string-range(//body,'',3117,2))"/>
		<!--ⲉⲛⲉϩ-->
		<mark id="sTok845" xlink:href="#xpointer(string-range(//body,'',3120,4))"/>
		<!--ϫⲉ-->
		<mark id="sTok846" xlink:href="#xpointer(string-range(//body,'',3125,2))"/>
		<!--ⲟⲩ-->
		<mark id="sTok847" xlink:href="#xpointer(string-range(//body,'',3128,2))"/>
		<!--ⲡ-->
		<mark id="sTok848" xlink:href="#xpointer(string-range(//body,'',3131,1))"/>
		<!--ⲉⲧ-->
		<mark id="sTok849" xlink:href="#xpointer(string-range(//body,'',3133,2))"/>
		<!--ⲁ-->
		<mark id="sTok850" xlink:href="#xpointer(string-range(//body,'',3136,1))"/>
		<!--ϥ-->
		<mark id="sTok851" xlink:href="#xpointer(string-range(//body,'',3138,1))"/>
		<!--ⲁⲓ-->
		<mark id="sTok852" xlink:href="#xpointer(string-range(//body,'',3140,2))"/>
		<!--ϥ-->
		<mark id="sTok853" xlink:href="#xpointer(string-range(//body,'',3143,1))"/>
		<!--ⲛϫⲉ-->
		<mark id="sTok854" xlink:href="#xpointer(string-range(//body,'',3145,3))"/>
		<!--ⲇⲁⲩⲓⲇ-->
		<mark id="sTok855" xlink:href="#xpointer(string-range(//body,'',3149,5))"/>
		<!--ϩⲟⲧⲉ-->
		<mark id="sTok856" xlink:href="#xpointer(string-range(//body,'',3155,4))"/>
		<!--ⲉⲧ-->
		<mark id="sTok857" xlink:href="#xpointer(string-range(//body,'',3160,2))"/>
		<!--ⲁ-->
		<mark id="sTok858" xlink:href="#xpointer(string-range(//body,'',3163,1))"/>
		<!--ϥ-->
		<mark id="sTok859" xlink:href="#xpointer(string-range(//body,'',3165,1))"/>
		<!--ⲉⲣ-->
		<mark id="sTok860" xlink:href="#xpointer(string-range(//body,'',3167,2))"/>
		<!--ⲭⲣⲓⲁ-->
		<mark id="sTok861" xlink:href="#xpointer(string-range(//body,'',3170,4))"/>
		<!--ⲟⲩⲟϩ-->
		<mark id="sTok862" xlink:href="#xpointer(string-range(//body,'',3175,4))"/>
		<!--ⲉⲧ-->
		<mark id="sTok863" xlink:href="#xpointer(string-range(//body,'',3180,2))"/>
		<!--ⲁ-->
		<mark id="sTok864" xlink:href="#xpointer(string-range(//body,'',3183,1))"/>
		<!--ϥ-->
		<mark id="sTok865" xlink:href="#xpointer(string-range(//body,'',3185,1))"/>
		<!--ϩⲕⲟ-->
		<mark id="sTok866" xlink:href="#xpointer(string-range(//body,'',3187,3))"/>
		<!--ⲛⲉⲙ-->
		<mark id="sTok867" xlink:href="#xpointer(string-range(//body,'',3191,3))"/>
		<!--ⲛⲏ-->
		<mark id="sTok868" xlink:href="#xpointer(string-range(//body,'',3195,2))"/>
		<!--ⲉⲑ-->
		<mark id="sTok869" xlink:href="#xpointer(string-range(//body,'',3198,2))"/>
		<!--ⲛⲉⲙⲁ-->
		<mark id="sTok870" xlink:href="#xpointer(string-range(//body,'',3201,4))"/>
		<!--ϥ-->
		<mark id="sTok871" xlink:href="#xpointer(string-range(//body,'',3206,1))"/>
		<!--ⲡⲱⲥ-->
		<mark id="sTok872" xlink:href="#xpointer(string-range(//body,'',3208,3))"/>
		<!--ⲁ-->
		<mark id="sTok873" xlink:href="#xpointer(string-range(//body,'',3212,1))"/>
		<!--ϥ-->
		<mark id="sTok874" xlink:href="#xpointer(string-range(//body,'',3214,1))"/>
		<!--ϣⲉ-->
		<mark id="sTok875" xlink:href="#xpointer(string-range(//body,'',3216,2))"/>
		<!--ⲛⲁ-->
		<mark id="sTok876" xlink:href="#xpointer(string-range(//body,'',3219,2))"/>
		<!--ϥ-->
		<mark id="sTok877" xlink:href="#xpointer(string-range(//body,'',3222,1))"/>
		<!--ⲉϧⲟⲩⲛ-->
		<mark id="sTok878" xlink:href="#xpointer(string-range(//body,'',3224,5))"/>
		<!--ⲉ-->
		<mark id="sTok879" xlink:href="#xpointer(string-range(//body,'',3230,1))"/>
		<!--ⲡ-->
		<mark id="sTok880" xlink:href="#xpointer(string-range(//body,'',3232,1))"/>
		<!--ⲏⲓ-->
		<mark id="sTok881" xlink:href="#xpointer(string-range(//body,'',3234,2))"/>
		<!--ⲙ-->
		<mark id="sTok882" xlink:href="#xpointer(string-range(//body,'',3237,1))"/>
		<!--ⲫ-->
		<mark id="sTok883" xlink:href="#xpointer(string-range(//body,'',3239,1))"/>
		<!--ⲛⲟⲩϯ-->
		<mark id="sTok884" xlink:href="#xpointer(string-range(//body,'',3241,4))"/>
		<!--ⲛⲁϩⲣⲁ-->
		<mark id="sTok885" xlink:href="#xpointer(string-range(//body,'',3246,5))"/>
		<!--ϥ-->
		<mark id="sTok886" xlink:href="#xpointer(string-range(//body,'',3252,1))"/>
		<!--ⲛ-->
		<mark id="sTok887" xlink:href="#xpointer(string-range(//body,'',3254,1))"/>
		<!--ⲁⲃⲓⲁⲑⲁⲣ-->
		<mark id="sTok888" xlink:href="#xpointer(string-range(//body,'',3256,7))"/>
		<!--ⲡⲓ-->
		<mark id="sTok889" xlink:href="#xpointer(string-range(//body,'',3264,2))"/>
		<!--ⲁⲣⲭⲓⲉⲣⲉⲩⲥ-->
		<mark id="sTok890" xlink:href="#xpointer(string-range(//body,'',3267,9))"/>
		<!--ⲟⲩⲟϩ-->
		<mark id="sTok891" xlink:href="#xpointer(string-range(//body,'',3277,4))"/>
		<!--ⲛⲓ-->
		<mark id="sTok892" xlink:href="#xpointer(string-range(//body,'',3282,2))"/>
		<!--ⲱⲓⲕ-->
		<mark id="sTok893" xlink:href="#xpointer(string-range(//body,'',3285,3))"/>
		<!--ⲛⲧⲉ-->
		<mark id="sTok894" xlink:href="#xpointer(string-range(//body,'',3289,3))"/>
		<!--ϯ-->
		<mark id="sTok895" xlink:href="#xpointer(string-range(//body,'',3293,1))"/>
		<!--ⲡⲣⲟⲑⲉⲥⲓⲥ-->
		<mark id="sTok896" xlink:href="#xpointer(string-range(//body,'',3295,8))"/>
		<!--ⲁ-->
		<mark id="sTok897" xlink:href="#xpointer(string-range(//body,'',3304,1))"/>
		<!--ϥ-->
		<mark id="sTok898" xlink:href="#xpointer(string-range(//body,'',3306,1))"/>
		<!--ⲟⲩⲟⲙ-->
		<mark id="sTok899" xlink:href="#xpointer(string-range(//body,'',3308,4))"/>
		<!--ⲟⲩ-->
		<mark id="sTok900" xlink:href="#xpointer(string-range(//body,'',3313,2))"/>
		<!--ⲛ-->
		<mark id="sTok901" xlink:href="#xpointer(string-range(//body,'',3316,1))"/>
		<!--ⲉⲧⲉ-->
		<mark id="sTok902" xlink:href="#xpointer(string-range(//body,'',3318,3))"/>
		<!--ⲛ-->
		<mark id="sTok903" xlink:href="#xpointer(string-range(//body,'',3322,1))"/>
		<!--ⲥϣⲉ-->
		<mark id="sTok904" xlink:href="#xpointer(string-range(//body,'',3324,3))"/>
		<!--ⲛⲁ-->
		<mark id="sTok905" xlink:href="#xpointer(string-range(//body,'',3328,2))"/>
		<!--ϥ-->
		<mark id="sTok906" xlink:href="#xpointer(string-range(//body,'',3331,1))"/>
		<!--ⲁⲛ-->
		<mark id="sTok907" xlink:href="#xpointer(string-range(//body,'',3333,2))"/>
		<!--ⲉ-->
		<mark id="sTok908" xlink:href="#xpointer(string-range(//body,'',3336,1))"/>
		<!--ⲟⲩⲟⲙ-->
		<mark id="sTok909" xlink:href="#xpointer(string-range(//body,'',3338,4))"/>
		<!--ⲟⲩ-->
		<mark id="sTok910" xlink:href="#xpointer(string-range(//body,'',3343,2))"/>
		<!--ⲉⲃⲏⲗ-->
		<mark id="sTok911" xlink:href="#xpointer(string-range(//body,'',3346,4))"/>
		<!--ⲉ-->
		<mark id="sTok912" xlink:href="#xpointer(string-range(//body,'',3351,1))"/>
		<!--ⲛⲓ-->
		<mark id="sTok913" xlink:href="#xpointer(string-range(//body,'',3353,2))"/>
		<!--ⲟⲩⲏⲃ-->
		<mark id="sTok914" xlink:href="#xpointer(string-range(//body,'',3356,4))"/>
		<!--ⲙⲙⲁⲩⲁⲧ-->
		<mark id="sTok915" xlink:href="#xpointer(string-range(//body,'',3361,6))"/>
		<!--ⲟⲩ-->
		<mark id="sTok916" xlink:href="#xpointer(string-range(//body,'',3368,2))"/>
		<!--ⲟⲩⲟϩ-->
		<mark id="sTok917" xlink:href="#xpointer(string-range(//body,'',3371,4))"/>
		<!--ⲁ-->
		<mark id="sTok918" xlink:href="#xpointer(string-range(//body,'',3376,1))"/>
		<!--ϥ-->
		<mark id="sTok919" xlink:href="#xpointer(string-range(//body,'',3378,1))"/>
		<!--ϯ-->
		<mark id="sTok920" xlink:href="#xpointer(string-range(//body,'',3380,1))"/>
		<!--ⲛ-->
		<mark id="sTok921" xlink:href="#xpointer(string-range(//body,'',3382,1))"/>
		<!--ⲛⲓ-->
		<mark id="sTok922" xlink:href="#xpointer(string-range(//body,'',3384,2))"/>
		<!--ⲕⲉ-->
		<mark id="sTok923" xlink:href="#xpointer(string-range(//body,'',3387,2))"/>
		<!--ⲭⲱⲟⲩⲛⲓ-->
		<mark id="sTok924" xlink:href="#xpointer(string-range(//body,'',3390,6))"/>
		<!--ⲉ-->
		<mark id="sTok925" xlink:href="#xpointer(string-range(//body,'',3397,1))"/>
		<!--ⲛⲁ-->
		<mark id="sTok926" xlink:href="#xpointer(string-range(//body,'',3399,2))"/>
		<!--ⲩ-->
		<mark id="sTok927" xlink:href="#xpointer(string-range(//body,'',3402,1))"/>
		<!--ⲭⲏ-->
		<mark id="sTok928" xlink:href="#xpointer(string-range(//body,'',3404,2))"/>
		<!--ⲛⲉⲙⲁ-->
		<mark id="sTok929" xlink:href="#xpointer(string-range(//body,'',3407,4))"/>
		<!--ϥ-->
		<mark id="sTok930" xlink:href="#xpointer(string-range(//body,'',3412,1))"/>
		<!--ⲙⲙⲁⲩ-->
		<mark id="sTok931" xlink:href="#xpointer(string-range(//body,'',3414,4))"/>
		<!--.-->
		<mark id="sTok932" xlink:href="#xpointer(string-range(//body,'',3419,1))"/>
		<!--ⲟⲩⲟϩ-->
		<mark id="sTok933" xlink:href="#xpointer(string-range(//body,'',3421,4))"/>
		<!--ⲡⲉϫⲁ-->
		<mark id="sTok934" xlink:href="#xpointer(string-range(//body,'',3426,4))"/>
		<!--ϥ-->
		<mark id="sTok935" xlink:href="#xpointer(string-range(//body,'',3431,1))"/>
		<!--ⲛⲱ-->
		<mark id="sTok936" xlink:href="#xpointer(string-range(//body,'',3433,2))"/>
		<!--ⲟⲩ-->
		<mark id="sTok937" xlink:href="#xpointer(string-range(//body,'',3436,2))"/>
		<!--ϫⲉ-->
		<mark id="sTok938" xlink:href="#xpointer(string-range(//body,'',3439,2))"/>
		<!--ⲉⲧ-->
		<mark id="sTok939" xlink:href="#xpointer(string-range(//body,'',3442,2))"/>
		<!--ⲁ-->
		<mark id="sTok940" xlink:href="#xpointer(string-range(//body,'',3445,1))"/>
		<!--ⲡⲓ-->
		<mark id="sTok941" xlink:href="#xpointer(string-range(//body,'',3447,2))"/>
		<!--ⲥⲁⲃⲃⲁⲧⲟⲛ-->
		<mark id="sTok942" xlink:href="#xpointer(string-range(//body,'',3450,8))"/>
		<!--ϣⲱⲡⲓ-->
		<mark id="sTok943" xlink:href="#xpointer(string-range(//body,'',3459,4))"/>
		<!--ⲉⲑⲃⲉ-->
		<mark id="sTok944" xlink:href="#xpointer(string-range(//body,'',3464,4))"/>
		<!--ⲡⲓ-->
		<mark id="sTok945" xlink:href="#xpointer(string-range(//body,'',3469,2))"/>
		<!--ⲣⲱⲙⲓ-->
		<mark id="sTok946" xlink:href="#xpointer(string-range(//body,'',3472,4))"/>
		<!--ⲟⲩⲟϩ-->
		<mark id="sTok947" xlink:href="#xpointer(string-range(//body,'',3477,4))"/>
		<!--ⲡⲓ-->
		<mark id="sTok948" xlink:href="#xpointer(string-range(//body,'',3482,2))"/>
		<!--ⲣⲱⲙⲓ-->
		<mark id="sTok949" xlink:href="#xpointer(string-range(//body,'',3485,4))"/>
		<!--ⲁⲛ-->
		<mark id="sTok950" xlink:href="#xpointer(string-range(//body,'',3490,2))"/>
		<!--ⲉⲑⲃⲉ-->
		<mark id="sTok951" xlink:href="#xpointer(string-range(//body,'',3493,4))"/>
		<!--ⲡⲓ-->
		<mark id="sTok952" xlink:href="#xpointer(string-range(//body,'',3498,2))"/>
		<!--ⲥⲁⲃⲃⲁⲧⲟⲛ-->
		<mark id="sTok953" xlink:href="#xpointer(string-range(//body,'',3501,8))"/>
		<!--.-->
		<mark id="sTok954" xlink:href="#xpointer(string-range(//body,'',3510,1))"/>
		<!--ϩⲱⲥⲧⲉ-->
		<mark id="sTok955" xlink:href="#xpointer(string-range(//body,'',3512,5))"/>
		<!--ⲡ-->
		<mark id="sTok956" xlink:href="#xpointer(string-range(//body,'',3518,1))"/>
		<!--ϭⲟⲓⲥ-->
		<mark id="sTok957" xlink:href="#xpointer(string-range(//body,'',3520,4))"/>
		<!--ⲙ-->
		<mark id="sTok958" xlink:href="#xpointer(string-range(//body,'',3525,1))"/>
		<!--ⲡⲓ-->
		<mark id="sTok959" xlink:href="#xpointer(string-range(//body,'',3527,2))"/>
		<!--ⲥⲁⲃⲃⲁⲧⲟⲛ-->
		<mark id="sTok960" xlink:href="#xpointer(string-range(//body,'',3530,8))"/>
		<!--ⲡⲉ-->
		<mark id="sTok961" xlink:href="#xpointer(string-range(//body,'',3539,2))"/>
		<!--ⲡ-->
		<mark id="sTok962" xlink:href="#xpointer(string-range(//body,'',3542,1))"/>
		<!--ϣⲏⲣⲓ-->
		<mark id="sTok963" xlink:href="#xpointer(string-range(//body,'',3544,4))"/>
		<!--ⲙ-->
		<mark id="sTok964" xlink:href="#xpointer(string-range(//body,'',3549,1))"/>
		<!--ⲫ-->
		<mark id="sTok965" xlink:href="#xpointer(string-range(//body,'',3551,1))"/>
		<!--ⲣⲱⲙⲓ-->
		<mark id="sTok966" xlink:href="#xpointer(string-range(//body,'',3553,4))"/>
		<!--.-->
		<mark id="sTok967" xlink:href="#xpointer(string-range(//body,'',3558,1))"/></markList></paula>