<?xml version='1.0' encoding='UTF-8'?><!DOCTYPE paula SYSTEM "paula_feat.dtd">
<paula version="1.1">
	<header paula_id="scriptorium.bohairic.Mark_02.dep_func"/>
	<featList xmlns:xlink="http://www.w3.org/1999/xlink" type="func" xml:base="scriptorium.bohairic.Mark_02.dep.xml">
		<feat xlink:href="#sPointingRel1" value="acl:relcl"/>
		<feat xlink:href="#sPointingRel3" value="nsubj"/>
		<feat xlink:href="#sPointingRel5" value="aux"/>
		<feat xlink:href="#sPointingRel7" value="advmod"/>
		<feat xlink:href="#sPointingRel9" value="obj"/>
		<feat xlink:href="#sPointingRel11" value="nsubj"/>
		<feat xlink:href="#sPointingRel13" value="advcl"/>
		<feat xlink:href="#sPointingRel15" value="obj"/>
		<feat xlink:href="#sPointingRel17" value="case"/>
		<feat xlink:href="#sPointingRel19" value="det"/>
		<feat xlink:href="#sPointingRel21" value="det"/>
		<feat xlink:href="#sPointingRel23" value="nsubj"/>
		<feat xlink:href="#sPointingRel25" value="nmod"/>
		<feat xlink:href="#sPointingRel27" value="nsubj"/>
		<feat xlink:href="#sPointingRel29" value="aux"/>
		<feat xlink:href="#sPointingRel31" value="obl"/>
		<feat xlink:href="#sPointingRel33" value="nsubj"/>
		<feat xlink:href="#sPointingRel35" value="aux"/>
		<feat xlink:href="#sPointingRel37" value="obl"/>
		<feat xlink:href="#sPointingRel39" value="nmod"/>
		<feat xlink:href="#sPointingRel41" value="aux"/>
		<feat xlink:href="#sPointingRel43" value="nsubj"/>
		<feat xlink:href="#sPointingRel45" value="case"/>
		<feat xlink:href="#sPointingRel47" value="case"/>
		<feat xlink:href="#sPointingRel49" value="advmod"/>
		<feat xlink:href="#sPointingRel51" value="mark"/>
		<feat xlink:href="#sPointingRel53" value="det"/>
		<feat xlink:href="#sPointingRel55" value="obj"/>
		<feat xlink:href="#sPointingRel57" value="det"/>
		<feat xlink:href="#sPointingRel59" value="advmod"/>
		<feat xlink:href="#sPointingRel61" value="mark"/>
		<feat xlink:href="#sPointingRel63" value="case"/>
		<feat xlink:href="#sPointingRel65" value="nsubj"/>
		<feat xlink:href="#sPointingRel67" value="det"/>
		<feat xlink:href="#sPointingRel69" value="nmod"/>
		<feat xlink:href="#sPointingRel71" value="det"/>
		<feat xlink:href="#sPointingRel73" value="nmod"/>
		<feat xlink:href="#sPointingRel75" value="mark"/>
		<feat xlink:href="#sPointingRel77" value="det"/>
		<feat xlink:href="#sPointingRel79" value="aux"/>
		<feat xlink:href="#sPointingRel81" value="obl"/>
		<feat xlink:href="#sPointingRel83" value="advmod"/>
		<feat xlink:href="#sPointingRel85" value="aux"/>
		<feat xlink:href="#sPointingRel87" value="aux"/>
		<feat xlink:href="#sPointingRel89" value="det"/>
		<feat xlink:href="#sPointingRel91" value="conj"/>
		<feat xlink:href="#sPointingRel93" value="nsubj"/>
		<feat xlink:href="#sPointingRel95" value="nsubj"/>
		<feat xlink:href="#sPointingRel97" value="det"/>
		<feat xlink:href="#sPointingRel99" value="case"/>
		<feat xlink:href="#sPointingRel101" value="advmod"/>
		<feat xlink:href="#sPointingRel103" value="aux"/>
		<feat xlink:href="#sPointingRel105" value="obl"/>
		<feat xlink:href="#sPointingRel107" value="case"/>
		<feat xlink:href="#sPointingRel109" value="advmod"/>
		<feat xlink:href="#sPointingRel111" value="case"/>
		<feat xlink:href="#sPointingRel113" value="nsubj"/>
		<feat xlink:href="#sPointingRel115" value="nsubj"/>
		<feat xlink:href="#sPointingRel117" value="case"/>
		<feat xlink:href="#sPointingRel119" value="fixed"/>
		<feat xlink:href="#sPointingRel121" value="cc"/>
		<feat xlink:href="#sPointingRel123" value="aux"/>
		<feat xlink:href="#sPointingRel125" value="advmod"/>
		<feat xlink:href="#sPointingRel127" value="mark"/>
		<feat xlink:href="#sPointingRel129" value="det"/>
		<feat xlink:href="#sPointingRel131" value="obl"/>
		<feat xlink:href="#sPointingRel133" value="mark"/>
		<feat xlink:href="#sPointingRel135" value="mark"/>
		<feat xlink:href="#sPointingRel137" value="nsubj"/>
		<feat xlink:href="#sPointingRel139" value="conj"/>
		<feat xlink:href="#sPointingRel141" value="nmod"/>
		<feat xlink:href="#sPointingRel143" value="punct"/>
		<feat xlink:href="#sPointingRel145" value="det"/>
		<feat xlink:href="#sPointingRel147" value="nummod"/>
		<feat xlink:href="#sPointingRel149" value="cop"/>
		<feat xlink:href="#sPointingRel151" value="mark"/>
		<feat xlink:href="#sPointingRel153" value="punct"/>
		<feat xlink:href="#sPointingRel155" value="case"/>
		<feat xlink:href="#sPointingRel157" value="nsubj"/>
		<feat xlink:href="#sPointingRel159" value="aux"/>
		<feat xlink:href="#sPointingRel161" value="cc"/>
		<feat xlink:href="#sPointingRel163" value="nsubj"/>
		<feat xlink:href="#sPointingRel165" value="cc"/>
		<feat xlink:href="#sPointingRel167" value="ccomp"/>
		<feat xlink:href="#sPointingRel169" value="advmod"/>
		<feat xlink:href="#sPointingRel171" value="ccomp"/>
		<feat xlink:href="#sPointingRel173" value="nsubj"/>
		<feat xlink:href="#sPointingRel175" value="advmod"/>
		<feat xlink:href="#sPointingRel177" value="case"/>
		<feat xlink:href="#sPointingRel179" value="nmod"/>
		<feat xlink:href="#sPointingRel181" value="nsubj"/>
		<feat xlink:href="#sPointingRel183" value="conj"/>
		<feat xlink:href="#sPointingRel185" value="parataxis"/>
		<feat xlink:href="#sPointingRel187" value="obj"/>
		<feat xlink:href="#sPointingRel189" value="obl"/>
		<feat xlink:href="#sPointingRel191" value="mark"/>
		<feat xlink:href="#sPointingRel193" value="case"/>
		<feat xlink:href="#sPointingRel195" value="nsubj"/>
		<feat xlink:href="#sPointingRel197" value="case"/>
		<feat xlink:href="#sPointingRel199" value="nsubj"/>
		<feat xlink:href="#sPointingRel201" value="det"/>
		<feat xlink:href="#sPointingRel203" value="obl"/>
		<feat xlink:href="#sPointingRel205" value="aux"/>
		<feat xlink:href="#sPointingRel207" value="obl"/>
		<feat xlink:href="#sPointingRel209" value="case"/>
		<feat xlink:href="#sPointingRel211" value="advmod"/>
		<feat xlink:href="#sPointingRel213" value="case"/>
		<feat xlink:href="#sPointingRel215" value="nsubj"/>
		<feat xlink:href="#sPointingRel217" value="nmod"/>
		<feat xlink:href="#sPointingRel219" value="det"/>
		<feat xlink:href="#sPointingRel221" value="obl"/>
		<feat xlink:href="#sPointingRel223" value="case"/>
		<feat xlink:href="#sPointingRel225" value="cc"/>
		<feat xlink:href="#sPointingRel227" value="parataxis"/>
		<feat xlink:href="#sPointingRel229" value="punct"/>
		<feat xlink:href="#sPointingRel231" value="xcomp"/>
		<feat xlink:href="#sPointingRel233" value="aux"/>
		<feat xlink:href="#sPointingRel235" value="nsubj"/>
		<feat xlink:href="#sPointingRel237" value="advcl"/>
		<feat xlink:href="#sPointingRel239" value="case"/>
		<feat xlink:href="#sPointingRel241" value="obl"/>
		<feat xlink:href="#sPointingRel243" value="cc"/>
		<feat xlink:href="#sPointingRel245" value="mark"/>
		<feat xlink:href="#sPointingRel247" value="case"/>
		<feat xlink:href="#sPointingRel249" value="det"/>
		<feat xlink:href="#sPointingRel251" value="case"/>
		<feat xlink:href="#sPointingRel253" value="ccomp"/>
		<feat xlink:href="#sPointingRel255" value="advmod"/>
		<feat xlink:href="#sPointingRel257" value="obj"/>
		<feat xlink:href="#sPointingRel259" value="nsubj"/>
		<feat xlink:href="#sPointingRel261" value="mark"/>
		<feat xlink:href="#sPointingRel263" value="case"/>
		<feat xlink:href="#sPointingRel265" value="advcl"/>
		<feat xlink:href="#sPointingRel267" value="advcl"/>
		<feat xlink:href="#sPointingRel269" value="mark"/>
		<feat xlink:href="#sPointingRel271" value="mark"/>
		<feat xlink:href="#sPointingRel273" value="nsubj"/>
		<feat xlink:href="#sPointingRel275" value="obl"/>
		<feat xlink:href="#sPointingRel277" value="cc"/>
		<feat xlink:href="#sPointingRel279" value="case"/>
		<feat xlink:href="#sPointingRel281" value="obl"/>
		<feat xlink:href="#sPointingRel283" value="nsubj"/>
		<feat xlink:href="#sPointingRel285" value="cc"/>
		<feat xlink:href="#sPointingRel287" value="det"/>
		<feat xlink:href="#sPointingRel289" value="obl"/>
		<feat xlink:href="#sPointingRel291" value="acl:relcl"/>
		<feat xlink:href="#sPointingRel293" value="aux"/>
		<feat xlink:href="#sPointingRel295" value="mark"/>
		<feat xlink:href="#sPointingRel297" value="obl"/>
		<feat xlink:href="#sPointingRel299" value="det"/>
		<feat xlink:href="#sPointingRel301" value="advmod"/>
		<feat xlink:href="#sPointingRel303" value="obl"/>
		<feat xlink:href="#sPointingRel305" value="cc"/>
		<feat xlink:href="#sPointingRel307" value="conj"/>
		<feat xlink:href="#sPointingRel309" value="aux"/>
		<feat xlink:href="#sPointingRel311" value="dislocated"/>
		<feat xlink:href="#sPointingRel313" value="case"/>
		<feat xlink:href="#sPointingRel315" value="nsubj"/>
		<feat xlink:href="#sPointingRel317" value="case"/>
		<feat xlink:href="#sPointingRel319" value="acl:relcl"/>
		<feat xlink:href="#sPointingRel321" value="aux"/>
		<feat xlink:href="#sPointingRel323" value="aux"/>
		<feat xlink:href="#sPointingRel325" value="cc"/>
		<feat xlink:href="#sPointingRel327" value="nsubj"/>
		<feat xlink:href="#sPointingRel329" value="nsubj"/>
		<feat xlink:href="#sPointingRel331" value="case"/>
		<feat xlink:href="#sPointingRel333" value="dislocated"/>
		<feat xlink:href="#sPointingRel335" value="obl"/>
		<feat xlink:href="#sPointingRel337" value="mark"/>
		<feat xlink:href="#sPointingRel339" value="parataxis"/>
		<feat xlink:href="#sPointingRel341" value="det"/>
		<feat xlink:href="#sPointingRel343" value="mark"/>
		<feat xlink:href="#sPointingRel345" value="case"/>
		<feat xlink:href="#sPointingRel347" value="advmod"/>
		<feat xlink:href="#sPointingRel349" value="case"/>
		<feat xlink:href="#sPointingRel351" value="cc"/>
		<feat xlink:href="#sPointingRel353" value="case"/>
		<feat xlink:href="#sPointingRel355" value="case"/>
		<feat xlink:href="#sPointingRel357" value="conj"/>
		<feat xlink:href="#sPointingRel359" value="ccomp"/>
		<feat xlink:href="#sPointingRel361" value="obj"/>
		<feat xlink:href="#sPointingRel363" value="ccomp"/>
		<feat xlink:href="#sPointingRel365" value="parataxis"/>
		<feat xlink:href="#sPointingRel367" value="obl"/>
		<feat xlink:href="#sPointingRel369" value="obj"/>
		<feat xlink:href="#sPointingRel371" value="case"/>
		<feat xlink:href="#sPointingRel373" value="aux"/>
		<feat xlink:href="#sPointingRel375" value="aux"/>
		<feat xlink:href="#sPointingRel377" value="advcl"/>
		<feat xlink:href="#sPointingRel379" value="obl"/>
		<feat xlink:href="#sPointingRel381" value="mark"/>
		<feat xlink:href="#sPointingRel383" value="punct"/>
		<feat xlink:href="#sPointingRel385" value="obl"/>
		<feat xlink:href="#sPointingRel387" value="obl"/>
		<feat xlink:href="#sPointingRel389" value="ccomp"/>
		<feat xlink:href="#sPointingRel391" value="nsubj"/>
		<feat xlink:href="#sPointingRel393" value="cc"/>
		<feat xlink:href="#sPointingRel395" value="case"/>
		<feat xlink:href="#sPointingRel397" value="punct"/>
		<feat xlink:href="#sPointingRel399" value="case"/>
		<feat xlink:href="#sPointingRel401" value="aux"/>
		<feat xlink:href="#sPointingRel403" value="nsubj"/>
		<feat xlink:href="#sPointingRel405" value="obl:npmod"/>
		<feat xlink:href="#sPointingRel407" value="ccomp"/>
		<feat xlink:href="#sPointingRel409" value="case"/>
		<feat xlink:href="#sPointingRel411" value="case"/>
		<feat xlink:href="#sPointingRel413" value="nsubj"/>
		<feat xlink:href="#sPointingRel415" value="det"/>
		<feat xlink:href="#sPointingRel417" value="case"/>
		<feat xlink:href="#sPointingRel419" value="obl:npmod"/>
		<feat xlink:href="#sPointingRel421" value="nsubj"/>
		<feat xlink:href="#sPointingRel423" value="advcl"/>
		<feat xlink:href="#sPointingRel425" value="advmod"/>
		<feat xlink:href="#sPointingRel427" value="obl"/>
		<feat xlink:href="#sPointingRel429" value="mark"/>
		<feat xlink:href="#sPointingRel431" value="fixed"/>
		<feat xlink:href="#sPointingRel433" value="aux"/>
		<feat xlink:href="#sPointingRel435" value="conj"/>
		<feat xlink:href="#sPointingRel437" value="det"/>
		<feat xlink:href="#sPointingRel439" value="obl"/>
		<feat xlink:href="#sPointingRel441" value="iobj"/>
		<feat xlink:href="#sPointingRel443" value="conj"/>
		<feat xlink:href="#sPointingRel445" value="case"/>
		<feat xlink:href="#sPointingRel447" value="obj"/>
		<feat xlink:href="#sPointingRel449" value="det"/>
		<feat xlink:href="#sPointingRel451" value="case"/>
		<feat xlink:href="#sPointingRel453" value="cc"/>
		<feat xlink:href="#sPointingRel455" value="nsubj"/>
		<feat xlink:href="#sPointingRel457" value="case"/>
		<feat xlink:href="#sPointingRel459" value="conj"/>
		<feat xlink:href="#sPointingRel461" value="cc"/>
		<feat xlink:href="#sPointingRel463" value="nsubj"/>
		<feat xlink:href="#sPointingRel465" value="case"/>
		<feat xlink:href="#sPointingRel467" value="case"/>
		<feat xlink:href="#sPointingRel469" value="mark"/>
		<feat xlink:href="#sPointingRel471" value="case"/>
		<feat xlink:href="#sPointingRel473" value="case"/>
		<feat xlink:href="#sPointingRel475" value="obj"/>
		<feat xlink:href="#sPointingRel477" value="case"/>
		<feat xlink:href="#sPointingRel479" value="parataxis"/>
		<feat xlink:href="#sPointingRel481" value="mark"/>
		<feat xlink:href="#sPointingRel483" value="punct"/>
		<feat xlink:href="#sPointingRel485" value="nsubj"/>
		<feat xlink:href="#sPointingRel487" value="aux"/>
		<feat xlink:href="#sPointingRel489" value="det"/>
		<feat xlink:href="#sPointingRel491" value="case"/>
		<feat xlink:href="#sPointingRel493" value="punct"/>
		<feat xlink:href="#sPointingRel495" value="case"/>
		<feat xlink:href="#sPointingRel497" value="appos"/>
		<feat xlink:href="#sPointingRel499" value="case"/>
		<feat xlink:href="#sPointingRel501" value="cc"/>
		<feat xlink:href="#sPointingRel503" value="aux"/>
		<feat xlink:href="#sPointingRel505" value="conj"/>
		<feat xlink:href="#sPointingRel507" value="obl"/>
		<feat xlink:href="#sPointingRel509" value="obl"/>
		<feat xlink:href="#sPointingRel511" value="det"/>
		<feat xlink:href="#sPointingRel513" value="det"/>
		<feat xlink:href="#sPointingRel515" value="nsubj"/>
		<feat xlink:href="#sPointingRel517" value="ccomp"/>
		<feat xlink:href="#sPointingRel519" value="mark"/>
		<feat xlink:href="#sPointingRel521" value="mark"/>
		<feat xlink:href="#sPointingRel523" value="obj"/>
		<feat xlink:href="#sPointingRel525" value="conj"/>
		<feat xlink:href="#sPointingRel527" value="obj"/>
		<feat xlink:href="#sPointingRel529" value="obl"/>
		<feat xlink:href="#sPointingRel531" value="ccomp"/>
		<feat xlink:href="#sPointingRel533" value="case"/>
		<feat xlink:href="#sPointingRel535" value="case"/>
		<feat xlink:href="#sPointingRel537" value="aux"/>
		<feat xlink:href="#sPointingRel539" value="advmod"/>
		<feat xlink:href="#sPointingRel541" value="cop"/>
		<feat xlink:href="#sPointingRel543" value="det"/>
		<feat xlink:href="#sPointingRel545" value="conj"/>
		<feat xlink:href="#sPointingRel547" value="case"/>
		<feat xlink:href="#sPointingRel549" value="cc"/>
		<feat xlink:href="#sPointingRel551" value="mark"/>
		<feat xlink:href="#sPointingRel553" value="mark"/>
		<feat xlink:href="#sPointingRel555" value="det"/>
		<feat xlink:href="#sPointingRel557" value="aux"/>
		<feat xlink:href="#sPointingRel559" value="det"/>
		<feat xlink:href="#sPointingRel561" value="cc"/>
		<feat xlink:href="#sPointingRel563" value="nsubj"/>
		<feat xlink:href="#sPointingRel565" value="dislocated"/>
		<feat xlink:href="#sPointingRel567" value="nsubj"/>
		<feat xlink:href="#sPointingRel569" value="advmod"/>
		<feat xlink:href="#sPointingRel571" value="nsubj"/>
		<feat xlink:href="#sPointingRel573" value="nsubj"/>
		<feat xlink:href="#sPointingRel575" value="nsubj"/>
		<feat xlink:href="#sPointingRel577" value="nsubj"/>
		<feat xlink:href="#sPointingRel579" value="nsubj"/>
		<feat xlink:href="#sPointingRel581" value="aux"/>
		<feat xlink:href="#sPointingRel583" value="det"/>
		<feat xlink:href="#sPointingRel585" value="cc"/>
		<feat xlink:href="#sPointingRel587" value="dislocated"/>
		<feat xlink:href="#sPointingRel589" value="mark"/>
		<feat xlink:href="#sPointingRel591" value="xcomp"/>
		<feat xlink:href="#sPointingRel593" value="advmod"/>
		<feat xlink:href="#sPointingRel595" value="obl"/>
		<feat xlink:href="#sPointingRel597" value="obj"/>
		<feat xlink:href="#sPointingRel599" value="parataxis"/>
		<feat xlink:href="#sPointingRel601" value="parataxis"/>
		<feat xlink:href="#sPointingRel603" value="case"/>
		<feat xlink:href="#sPointingRel605" value="conj"/>
		<feat xlink:href="#sPointingRel607" value="advcl"/>
		<feat xlink:href="#sPointingRel609" value="det"/>
		<feat xlink:href="#sPointingRel611" value="det"/>
		<feat xlink:href="#sPointingRel613" value="case"/>
		<feat xlink:href="#sPointingRel615" value="aux"/>
		<feat xlink:href="#sPointingRel617" value="nsubj"/>
		<feat xlink:href="#sPointingRel619" value="obj"/>
		<feat xlink:href="#sPointingRel621" value="nsubj"/>
		<feat xlink:href="#sPointingRel623" value="advmod"/>
		<feat xlink:href="#sPointingRel625" value="nmod"/>
		<feat xlink:href="#sPointingRel627" value="aux"/>
		<feat xlink:href="#sPointingRel629" value="xcomp"/>
		<feat xlink:href="#sPointingRel631" value="mark"/>
		<feat xlink:href="#sPointingRel633" value="cop"/>
		<feat xlink:href="#sPointingRel635" value="det"/>
		<feat xlink:href="#sPointingRel637" value="obj"/>
		<feat xlink:href="#sPointingRel639" value="det"/>
		<feat xlink:href="#sPointingRel641" value="mark"/>
		<feat xlink:href="#sPointingRel643" value="csubj"/>
		<feat xlink:href="#sPointingRel645" value="advcl"/>
		<feat xlink:href="#sPointingRel647" value="aux"/>
		<feat xlink:href="#sPointingRel649" value="obl"/>
		<feat xlink:href="#sPointingRel651" value="obj"/>
		<feat xlink:href="#sPointingRel653" value="advcl"/>
		<feat xlink:href="#sPointingRel655" value="case"/>
		<feat xlink:href="#sPointingRel657" value="case"/>
		<feat xlink:href="#sPointingRel659" value="det"/>
		<feat xlink:href="#sPointingRel661" value="fixed"/>
		<feat xlink:href="#sPointingRel663" value="obl"/>
		<feat xlink:href="#sPointingRel665" value="obl"/>
		<feat xlink:href="#sPointingRel667" value="advmod"/>
		<feat xlink:href="#sPointingRel669" value="csubj"/>
		<feat xlink:href="#sPointingRel671" value="case"/>
		<feat xlink:href="#sPointingRel673" value="det"/>
		<feat xlink:href="#sPointingRel675" value="nsubj"/>
		<feat xlink:href="#sPointingRel677" value="case"/>
		<feat xlink:href="#sPointingRel679" value="case"/>
		<feat xlink:href="#sPointingRel681" value="advmod"/>
		<feat xlink:href="#sPointingRel683" value="cc"/>
		<feat xlink:href="#sPointingRel685" value="dislocated"/>
		<feat xlink:href="#sPointingRel687" value="nsubj"/>
		<feat xlink:href="#sPointingRel689" value="det"/>
		<feat xlink:href="#sPointingRel691" value="dislocated"/>
		<feat xlink:href="#sPointingRel693" value="case"/>
		<feat xlink:href="#sPointingRel695" value="det"/>
		<feat xlink:href="#sPointingRel697" value="cc"/>
		<feat xlink:href="#sPointingRel699" value="xcomp"/>
		<feat xlink:href="#sPointingRel701" value="det"/>
		<feat xlink:href="#sPointingRel703" value="nsubj"/>
		<feat xlink:href="#sPointingRel705" value="cop"/>
		<feat xlink:href="#sPointingRel707" value="aux"/>
		<feat xlink:href="#sPointingRel709" value="obl"/>
		<feat xlink:href="#sPointingRel711" value="obl"/>
		<feat xlink:href="#sPointingRel713" value="advmod"/>
		<feat xlink:href="#sPointingRel715" value="advmod"/>
		<feat xlink:href="#sPointingRel717" value="det"/>
		<feat xlink:href="#sPointingRel719" value="nmod"/>
		<feat xlink:href="#sPointingRel721" value="det"/>
		<feat xlink:href="#sPointingRel723" value="case"/>
		<feat xlink:href="#sPointingRel725" value="aux"/>
		<feat xlink:href="#sPointingRel727" value="obl"/>
		<feat xlink:href="#sPointingRel729" value="det"/>
		<feat xlink:href="#sPointingRel731" value="obj"/>
		<feat xlink:href="#sPointingRel733" value="obj"/>
		<feat xlink:href="#sPointingRel735" value="mark"/>
		<feat xlink:href="#sPointingRel737" value="nsubj"/>
		<feat xlink:href="#sPointingRel739" value="obl"/>
		<feat xlink:href="#sPointingRel741" value="obl"/>
		<feat xlink:href="#sPointingRel743" value="mark"/>
		<feat xlink:href="#sPointingRel745" value="cc"/>
		<feat xlink:href="#sPointingRel747" value="det"/>
		<feat xlink:href="#sPointingRel749" value="det"/>
		<feat xlink:href="#sPointingRel751" value="obl"/>
		<feat xlink:href="#sPointingRel753" value="dislocated"/>
		<feat xlink:href="#sPointingRel755" value="mark"/>
		<feat xlink:href="#sPointingRel757" value="obl"/>
		<feat xlink:href="#sPointingRel759" value="nsubj"/>
		<feat xlink:href="#sPointingRel761" value="det"/>
		<feat xlink:href="#sPointingRel763" value="case"/>
		<feat xlink:href="#sPointingRel765" value="nsubj"/>
		<feat xlink:href="#sPointingRel767" value="advmod"/>
		<feat xlink:href="#sPointingRel769" value="case"/>
		<feat xlink:href="#sPointingRel771" value="case"/>
		<feat xlink:href="#sPointingRel773" value="cc"/>
		<feat xlink:href="#sPointingRel775" value="mark"/>
		<feat xlink:href="#sPointingRel777" value="dislocated"/>
		<feat xlink:href="#sPointingRel779" value="case"/>
		<feat xlink:href="#sPointingRel781" value="case"/>
		<feat xlink:href="#sPointingRel783" value="obl"/>
		<feat xlink:href="#sPointingRel785" value="advmod"/>
		<feat xlink:href="#sPointingRel787" value="det"/>
		<feat xlink:href="#sPointingRel789" value="advmod"/>
		<feat xlink:href="#sPointingRel791" value="csubj"/>
		<feat xlink:href="#sPointingRel793" value="det"/>
		<feat xlink:href="#sPointingRel795" value="nsubj"/>
		<feat xlink:href="#sPointingRel797" value="cc"/>
		<feat xlink:href="#sPointingRel799" value="det"/>
		<feat xlink:href="#sPointingRel801" value="mark"/>
		<feat xlink:href="#sPointingRel803" value="case"/>
		<feat xlink:href="#sPointingRel805" value="cc"/>
		<feat xlink:href="#sPointingRel807" value="obj"/>
		<feat xlink:href="#sPointingRel809" value="nmod"/>
		<feat xlink:href="#sPointingRel811" value="cc"/>
		<feat xlink:href="#sPointingRel813" value="csubj"/>
		<feat xlink:href="#sPointingRel815" value="obl"/>
		<feat xlink:href="#sPointingRel817" value="acl:relcl"/>
		<feat xlink:href="#sPointingRel819" value="parataxis"/>
		<feat xlink:href="#sPointingRel821" value="nsubj"/>
		<feat xlink:href="#sPointingRel823" value="advcl"/>
		<feat xlink:href="#sPointingRel825" value="obj"/>
		<feat xlink:href="#sPointingRel827" value="parataxis"/>
		<feat xlink:href="#sPointingRel829" value="det"/>
		<feat xlink:href="#sPointingRel831" value="det"/>
		<feat xlink:href="#sPointingRel833" value="obl"/>
		<feat xlink:href="#sPointingRel835" value="mark"/>
		<feat xlink:href="#sPointingRel837" value="nsubj"/>
		<feat xlink:href="#sPointingRel839" value="nsubj"/>
		<feat xlink:href="#sPointingRel841" value="obl"/>
		<feat xlink:href="#sPointingRel843" value="det"/>
		<feat xlink:href="#sPointingRel845" value="dislocated"/>
		<feat xlink:href="#sPointingRel847" value="det"/>
		<feat xlink:href="#sPointingRel849" value="det"/>
		<feat xlink:href="#sPointingRel851" value="acl:relcl"/>
		<feat xlink:href="#sPointingRel853" value="case"/>
		<feat xlink:href="#sPointingRel855" value="nmod"/>
		<feat xlink:href="#sPointingRel857" value="cop"/>
		<feat xlink:href="#sPointingRel859" value="case"/>
		<feat xlink:href="#sPointingRel861" value="det"/>
		<feat xlink:href="#sPointingRel863" value="advmod"/>
		<feat xlink:href="#sPointingRel865" value="conj"/>
		<feat xlink:href="#sPointingRel867" value="parataxis"/>
		<feat xlink:href="#sPointingRel869" value="det"/>
		<feat xlink:href="#sPointingRel871" value="nsubj"/>
		<feat xlink:href="#sPointingRel873" value="nsubj"/>
		<feat xlink:href="#sPointingRel875" value="mark"/>
		<feat xlink:href="#sPointingRel877" value="ccomp"/>
		<feat xlink:href="#sPointingRel879" value="aux"/>
		<feat xlink:href="#sPointingRel881" value="case"/>
		<feat xlink:href="#sPointingRel883" value="det"/>
		<feat xlink:href="#sPointingRel885" value="nmod"/>
		<feat xlink:href="#sPointingRel887" value="nsubj"/>
		<feat xlink:href="#sPointingRel889" value="aux"/>
		<feat xlink:href="#sPointingRel891" value="nsubj"/>
		<feat xlink:href="#sPointingRel893" value="case"/>
		<feat xlink:href="#sPointingRel895" value="case"/>
		<feat xlink:href="#sPointingRel897" value="mark"/>
		<feat xlink:href="#sPointingRel899" value="obl"/>
		<feat xlink:href="#sPointingRel901" value="case"/>
		<feat xlink:href="#sPointingRel903" value="det"/>
		<feat xlink:href="#sPointingRel905" value="mark"/>
		<feat xlink:href="#sPointingRel907" value="nmod"/>
		<feat xlink:href="#sPointingRel909" value="advmod"/>
		<feat xlink:href="#sPointingRel911" value="mark"/>
		<feat xlink:href="#sPointingRel913" value="dislocated"/>
		<feat xlink:href="#sPointingRel915" value="mark"/>
		<feat xlink:href="#sPointingRel917" value="conj"/>
		<feat xlink:href="#sPointingRel919" value="mark"/>
		<feat xlink:href="#sPointingRel921" value="cc"/>
		<feat xlink:href="#sPointingRel923" value="cc"/>
		<feat xlink:href="#sPointingRel925" value="det"/>
		<feat xlink:href="#sPointingRel927" value="case"/>
		<feat xlink:href="#sPointingRel929" value="xcomp"/>
		<feat xlink:href="#sPointingRel931" value="case"/>
		<feat xlink:href="#sPointingRel933" value="det"/>
		<feat xlink:href="#sPointingRel935" value="aux"/>
		<feat xlink:href="#sPointingRel937" value="nsubj"/>
		<feat xlink:href="#sPointingRel939" value="cc"/>
		<feat xlink:href="#sPointingRel941" value="conj"/>
		<feat xlink:href="#sPointingRel943" value="aux"/>
		<feat xlink:href="#sPointingRel945" value="mark"/>
		<feat xlink:href="#sPointingRel947" value="case"/>
		<feat xlink:href="#sPointingRel949" value="advmod"/>
		<feat xlink:href="#sPointingRel951" value="case"/>
		<feat xlink:href="#sPointingRel953" value="case"/>
		<feat xlink:href="#sPointingRel955" value="aux"/>
		<feat xlink:href="#sPointingRel957" value="det"/>
		<feat xlink:href="#sPointingRel959" value="case"/>
		<feat xlink:href="#sPointingRel961" value="obl"/>
		<feat xlink:href="#sPointingRel963" value="conj"/>
		<feat xlink:href="#sPointingRel965" value="nsubj"/>
		<feat xlink:href="#sPointingRel967" value="parataxis"/>
		<feat xlink:href="#sPointingRel969" value="mark"/>
		<feat xlink:href="#sPointingRel971" value="mark"/>
		<feat xlink:href="#sPointingRel973" value="conj"/>
		<feat xlink:href="#sPointingRel975" value="aux"/>
		<feat xlink:href="#sPointingRel977" value="nsubj"/>
		<feat xlink:href="#sPointingRel979" value="cop"/>
		<feat xlink:href="#sPointingRel981" value="det"/>
		<feat xlink:href="#sPointingRel983" value="cc"/>
		<feat xlink:href="#sPointingRel985" value="obl"/>
		<feat xlink:href="#sPointingRel987" value="advmod"/>
		<feat xlink:href="#sPointingRel989" value="nsubj"/>
		<feat xlink:href="#sPointingRel991" value="nsubj"/>
		<feat xlink:href="#sPointingRel993" value="aux"/>
		<feat xlink:href="#sPointingRel995" value="case"/>
		<feat xlink:href="#sPointingRel997" value="advcl"/>
		<feat xlink:href="#sPointingRel999" value="obl"/>
		<feat xlink:href="#sPointingRel1001" value="obl"/>
		<feat xlink:href="#sPointingRel1003" value="nsubj"/>
		<feat xlink:href="#sPointingRel1005" value="det"/>
		<feat xlink:href="#sPointingRel1007" value="case"/>
		<feat xlink:href="#sPointingRel1009" value="aux"/>
		<feat xlink:href="#sPointingRel1011" value="obl"/>
		<feat xlink:href="#sPointingRel1013" value="aux"/>
		<feat xlink:href="#sPointingRel1015" value="det"/>
		<feat xlink:href="#sPointingRel1017" value="aux"/>
		<feat xlink:href="#sPointingRel1019" value="obl"/>
		<feat xlink:href="#sPointingRel1021" value="advmod"/>
		<feat xlink:href="#sPointingRel1023" value="cc"/>
		<feat xlink:href="#sPointingRel1025" value="obj"/>
		<feat xlink:href="#sPointingRel1027" value="nsubj"/>
		<feat xlink:href="#sPointingRel1029" value="aux"/>
		<feat xlink:href="#sPointingRel1031" value="punct"/>
		<feat xlink:href="#sPointingRel1033" value="csubj"/>
		<feat xlink:href="#sPointingRel1035" value="nsubj"/>
		<feat xlink:href="#sPointingRel1037" value="case"/>
		<feat xlink:href="#sPointingRel1039" value="nmod"/>
		<feat xlink:href="#sPointingRel1041" value="cc"/>
		<feat xlink:href="#sPointingRel1043" value="orphan"/>
		<feat xlink:href="#sPointingRel1045" value="det"/>
		<feat xlink:href="#sPointingRel1047" value="nsubj"/>
		<feat xlink:href="#sPointingRel1049" value="obl"/>
		<feat xlink:href="#sPointingRel1051" value="conj"/>
		<feat xlink:href="#sPointingRel1053" value="case"/>
		<feat xlink:href="#sPointingRel1055" value="mark"/>
		<feat xlink:href="#sPointingRel1057" value="case"/>
		<feat xlink:href="#sPointingRel1059" value="dislocated"/>
		<feat xlink:href="#sPointingRel1061" value="nsubj"/>
		<feat xlink:href="#sPointingRel1063" value="det"/>
		<feat xlink:href="#sPointingRel1065" value="obj"/>
		<feat xlink:href="#sPointingRel1067" value="cc"/>
		<feat xlink:href="#sPointingRel1069" value="cop"/>
		<feat xlink:href="#sPointingRel1071" value="case"/>
		<feat xlink:href="#sPointingRel1073" value="cc"/>
		<feat xlink:href="#sPointingRel1075" value="conj"/>
		<feat xlink:href="#sPointingRel1077" value="advmod"/>
		<feat xlink:href="#sPointingRel1079" value="obl"/>
		<feat xlink:href="#sPointingRel1081" value="mark"/>
		<feat xlink:href="#sPointingRel1083" value="cc"/>
		<feat xlink:href="#sPointingRel1085" value="nmod"/>
		<feat xlink:href="#sPointingRel1087" value="cc"/>
		<feat xlink:href="#sPointingRel1089" value="nsubj"/>
		<feat xlink:href="#sPointingRel1091" value="nsubj"/>
		<feat xlink:href="#sPointingRel1093" value="aux"/>
		<feat xlink:href="#sPointingRel1095" value="case"/>
		<feat xlink:href="#sPointingRel1097" value="obj"/>
		<feat xlink:href="#sPointingRel1099" value="det"/>
		<feat xlink:href="#sPointingRel1101" value="conj"/>
		<feat xlink:href="#sPointingRel1103" value="parataxis"/>
		<feat xlink:href="#sPointingRel1105" value="obl"/>
		<feat xlink:href="#sPointingRel1107" value="det"/>
		<feat xlink:href="#sPointingRel1109" value="nsubj"/>
		<feat xlink:href="#sPointingRel1111" value="case"/>
		<feat xlink:href="#sPointingRel1113" value="advcl"/>
		<feat xlink:href="#sPointingRel1115" value="acl"/>
		<feat xlink:href="#sPointingRel1117" value="nsubj"/>
		<feat xlink:href="#sPointingRel1119" value="obj"/>
		<feat xlink:href="#sPointingRel1121" value="case"/>
		<feat xlink:href="#sPointingRel1123" value="advmod"/>
		<feat xlink:href="#sPointingRel1125" value="advmod"/>
		<feat xlink:href="#sPointingRel1127" value="det"/>
		<feat xlink:href="#sPointingRel1129" value="mark"/>
		<feat xlink:href="#sPointingRel1131" value="obj"/>
		<feat xlink:href="#sPointingRel1133" value="nsubj"/>
		<feat xlink:href="#sPointingRel1135" value="det"/>
		<feat xlink:href="#sPointingRel1137" value="det"/>
		<feat xlink:href="#sPointingRel1139" value="conj"/>
		<feat xlink:href="#sPointingRel1141" value="cc"/>
		<feat xlink:href="#sPointingRel1143" value="punct"/>
		<feat xlink:href="#sPointingRel1145" value="nmod"/>
		<feat xlink:href="#sPointingRel1147" value="det"/>
		<feat xlink:href="#sPointingRel1149" value="case"/>
		<feat xlink:href="#sPointingRel1151" value="conj"/>
		<feat xlink:href="#sPointingRel1153" value="advmod"/>
		<feat xlink:href="#sPointingRel1155" value="nsubj"/>
		<feat xlink:href="#sPointingRel1157" value="advcl"/>
		<feat xlink:href="#sPointingRel1159" value="nsubj"/>
		<feat xlink:href="#sPointingRel1161" value="obl"/>
		<feat xlink:href="#sPointingRel1163" value="acl:relcl"/>
		<feat xlink:href="#sPointingRel1165" value="det"/>
		<feat xlink:href="#sPointingRel1167" value="mark"/>
		<feat xlink:href="#sPointingRel1169" value="det"/>
		<feat xlink:href="#sPointingRel1171" value="obl"/>
		<feat xlink:href="#sPointingRel1173" value="aux"/>
		<feat xlink:href="#sPointingRel1175" value="obl"/>
		<feat xlink:href="#sPointingRel1177" value="obj"/>
		<feat xlink:href="#sPointingRel1179" value="mark"/>
		<feat xlink:href="#sPointingRel1181" value="det"/>
		<feat xlink:href="#sPointingRel1183" value="case"/>
		<feat xlink:href="#sPointingRel1185" value="aux"/>
		<feat xlink:href="#sPointingRel1187" value="aux"/>
		<feat xlink:href="#sPointingRel1189" value="mark"/>
		<feat xlink:href="#sPointingRel1191" value="case"/>
		<feat xlink:href="#sPointingRel1193" value="obj"/>
		<feat xlink:href="#sPointingRel1195" value="nsubj"/>
		<feat xlink:href="#sPointingRel1197" value="cc"/>
		<feat xlink:href="#sPointingRel1199" value="mark"/>
		<feat xlink:href="#sPointingRel1201" value="nmod"/>
		<feat xlink:href="#sPointingRel1203" value="aux"/>
		<feat xlink:href="#sPointingRel1205" value="case"/>
		<feat xlink:href="#sPointingRel1207" value="acl:relcl"/>
		<feat xlink:href="#sPointingRel1209" value="det"/>
		<feat xlink:href="#sPointingRel1211" value="obj"/>
		<feat xlink:href="#sPointingRel1213" value="obl"/>
		<feat xlink:href="#sPointingRel1215" value="case"/>
		<feat xlink:href="#sPointingRel1217" value="nsubj"/>
		<feat xlink:href="#sPointingRel1219" value="conj"/>
		<feat xlink:href="#sPointingRel1221" value="cc"/>
		<feat xlink:href="#sPointingRel1223" value="nsubj"/>
		<feat xlink:href="#sPointingRel1225" value="aux"/>
		<feat xlink:href="#sPointingRel1227" value="det"/>
		<feat xlink:href="#sPointingRel1229" value="aux"/>
		<feat xlink:href="#sPointingRel1231" value="case"/>
		<feat xlink:href="#sPointingRel1233" value="conj"/>
		<feat xlink:href="#sPointingRel1235" value="aux"/>
		<feat xlink:href="#sPointingRel1237" value="obl"/>
		<feat xlink:href="#sPointingRel1239" value="nmod"/>
		<feat xlink:href="#sPointingRel1241" value="nsubj"/>
		<feat xlink:href="#sPointingRel1243" value="obj"/>
		<feat xlink:href="#sPointingRel1245" value="case"/>
		<feat xlink:href="#sPointingRel1247" value="ccomp"/>
		<feat xlink:href="#sPointingRel1249" value="nsubj"/>
		<feat xlink:href="#sPointingRel1251" value="mark"/>
		<feat xlink:href="#sPointingRel1253" value="det"/>
		<feat xlink:href="#sPointingRel1255" value="nmod"/>
		<feat xlink:href="#sPointingRel1257" value="acl:relcl"/>
		<feat xlink:href="#sPointingRel1259" value="nsubj"/>
		<feat xlink:href="#sPointingRel1261" value="obj"/>
		<feat xlink:href="#sPointingRel1263" value="obj"/>
		<feat xlink:href="#sPointingRel1265" value="ccomp"/>
		<feat xlink:href="#sPointingRel1267" value="dislocated"/>
		<feat xlink:href="#sPointingRel1269" value="case"/>
		<feat xlink:href="#sPointingRel1271" value="cc"/>
		<feat xlink:href="#sPointingRel1273" value="mark"/>
		<feat xlink:href="#sPointingRel1275" value="obl"/>
		<feat xlink:href="#sPointingRel1277" value="nsubj"/>
		<feat xlink:href="#sPointingRel1279" value="case"/>
		<feat xlink:href="#sPointingRel1281" value="case"/>
		<feat xlink:href="#sPointingRel1283" value="conj"/>
		<feat xlink:href="#sPointingRel1285" value="mark"/>
		<feat xlink:href="#sPointingRel1287" value="nsubj"/>
		<feat xlink:href="#sPointingRel1289" value="advmod"/>
		<feat xlink:href="#sPointingRel1291" value="ccomp"/>
		<feat xlink:href="#sPointingRel1293" value="conj"/>
		<feat xlink:href="#sPointingRel1295" value="acl:relcl"/>
		<feat xlink:href="#sPointingRel1297" value="det"/>
		<feat xlink:href="#sPointingRel1299" value="mark"/>
		<feat xlink:href="#sPointingRel1301" value="parataxis"/>
		<feat xlink:href="#sPointingRel1303" value="case"/>
		<feat xlink:href="#sPointingRel1305" value="mark"/>
		<feat xlink:href="#sPointingRel1307" value="advmod"/>
		<feat xlink:href="#sPointingRel1309" value="case"/>
		<feat xlink:href="#sPointingRel1311" value="det"/>
		<feat xlink:href="#sPointingRel1313" value="obl"/>
		<feat xlink:href="#sPointingRel1315" value="obl"/>
		<feat xlink:href="#sPointingRel1317" value="ccomp"/>
		<feat xlink:href="#sPointingRel1319" value="xcomp"/>
		<feat xlink:href="#sPointingRel1321" value="mark"/>
		<feat xlink:href="#sPointingRel1323" value="aux"/>
		<feat xlink:href="#sPointingRel1325" value="cc"/>
		<feat xlink:href="#sPointingRel1327" value="det"/>
		<feat xlink:href="#sPointingRel1329" value="det"/>
		<feat xlink:href="#sPointingRel1331" value="nmod"/>
		<feat xlink:href="#sPointingRel1333" value="nsubj"/>
		<feat xlink:href="#sPointingRel1335" value="aux"/>
		<feat xlink:href="#sPointingRel1337" value="dislocated"/>
		<feat xlink:href="#sPointingRel1339" value="mark"/>
		<feat xlink:href="#sPointingRel1341" value="dislocated"/>
		<feat xlink:href="#sPointingRel1343" value="nsubj"/>
		<feat xlink:href="#sPointingRel1345" value="det"/>
		<feat xlink:href="#sPointingRel1347" value="mark"/>
		<feat xlink:href="#sPointingRel1349" value="conj"/>
		<feat xlink:href="#sPointingRel1351" value="case"/>
		<feat xlink:href="#sPointingRel1353" value="aux"/>
		<feat xlink:href="#sPointingRel1355" value="det"/>
		<feat xlink:href="#sPointingRel1357" value="acl:relcl"/>
		<feat xlink:href="#sPointingRel1359" value="case"/>
		<feat xlink:href="#sPointingRel1361" value="mark"/>
		<feat xlink:href="#sPointingRel1363" value="aux"/>
		<feat xlink:href="#sPointingRel1365" value="mark"/>
		<feat xlink:href="#sPointingRel1367" value="parataxis"/>
		<feat xlink:href="#sPointingRel1369" value="advcl"/>
		<feat xlink:href="#sPointingRel1371" value="parataxis"/>
		<feat xlink:href="#sPointingRel1373" value="det"/>
		<feat xlink:href="#sPointingRel1375" value="advmod"/>
		<feat xlink:href="#sPointingRel1377" value="aux"/>
		<feat xlink:href="#sPointingRel1379" value="nsubj"/>
		<feat xlink:href="#sPointingRel1381" value="aux"/>
		<feat xlink:href="#sPointingRel1383" value="case"/>
		<feat xlink:href="#sPointingRel1385" value="advmod"/>
		<feat xlink:href="#sPointingRel1387" value="det"/>
		<feat xlink:href="#sPointingRel1389" value="ccomp"/>
		<feat xlink:href="#sPointingRel1391" value="punct"/>
		<feat xlink:href="#sPointingRel1393" value="advmod"/>
		<feat xlink:href="#sPointingRel1395" value="case"/>
		<feat xlink:href="#sPointingRel1397" value="dislocated"/>
		<feat xlink:href="#sPointingRel1399" value="det"/>
		<feat xlink:href="#sPointingRel1401" value="nmod"/>
		<feat xlink:href="#sPointingRel1403" value="cc"/>
		<feat xlink:href="#sPointingRel1405" value="case"/>
		<feat xlink:href="#sPointingRel1407" value="nsubj"/>
		<feat xlink:href="#sPointingRel1409" value="case"/>
		<feat xlink:href="#sPointingRel1411" value="det"/>
		<feat xlink:href="#sPointingRel1413" value="case"/>
		<feat xlink:href="#sPointingRel1415" value="case"/>
		<feat xlink:href="#sPointingRel1417" value="case"/>
		<feat xlink:href="#sPointingRel1419" value="cop"/>
		<feat xlink:href="#sPointingRel1421" value="nmod"/>
		<feat xlink:href="#sPointingRel1423" value="nsubj"/>
		<feat xlink:href="#sPointingRel1425" value="mark"/>
		<feat xlink:href="#sPointingRel1427" value="det"/>
		<feat xlink:href="#sPointingRel1429" value="dislocated"/>
		<feat xlink:href="#sPointingRel1431" value="obl"/>
		<feat xlink:href="#sPointingRel1433" value="obj"/>
		<feat xlink:href="#sPointingRel1435" value="punct"/>
		<feat xlink:href="#sPointingRel1437" value="dislocated"/>
		<feat xlink:href="#sPointingRel1439" value="cc"/>
		<feat xlink:href="#sPointingRel1441" value="fixed"/>
		<feat xlink:href="#sPointingRel1443" value="advcl"/>
		<feat xlink:href="#sPointingRel1445" value="cc"/>
		<feat xlink:href="#sPointingRel1447" value="case"/>
		<feat xlink:href="#sPointingRel1449" value="conj"/>
		<feat xlink:href="#sPointingRel1451" value="mark"/>
		<feat xlink:href="#sPointingRel1453" value="acl:relcl"/>
		<feat xlink:href="#sPointingRel1455" value="fixed"/>
		<feat xlink:href="#sPointingRel1457" value="det"/>
		<feat xlink:href="#sPointingRel1459" value="mark"/>
		<feat xlink:href="#sPointingRel1461" value="nsubj"/>
		<feat xlink:href="#sPointingRel1463" value="nsubj"/>
		<feat xlink:href="#sPointingRel1465" value="case"/>
		<feat xlink:href="#sPointingRel1467" value="mark"/>
		<feat xlink:href="#sPointingRel1469" value="cc"/>
		<feat xlink:href="#sPointingRel1471" value="obl"/>
		<feat xlink:href="#sPointingRel1473" value="nsubj"/>
		<feat xlink:href="#sPointingRel1475" value="obl"/>
		<feat xlink:href="#sPointingRel1477" value="advmod"/>
		<feat xlink:href="#sPointingRel1479" value="case"/>
		<feat xlink:href="#sPointingRel1481" value="advmod"/>
		<feat xlink:href="#sPointingRel1483" value="mark"/>
		<feat xlink:href="#sPointingRel1485" value="case"/>
		<feat xlink:href="#sPointingRel1487" value="advmod"/>
		<feat xlink:href="#sPointingRel1489" value="aux"/>
		<feat xlink:href="#sPointingRel1491" value="nmod"/>
		<feat xlink:href="#sPointingRel1493" value="obl"/>
		<feat xlink:href="#sPointingRel1495" value="nmod"/>
		<feat xlink:href="#sPointingRel1497" value="aux"/>
		<feat xlink:href="#sPointingRel1499" value="obl"/>
		<feat xlink:href="#sPointingRel1501" value="case"/>
		<feat xlink:href="#sPointingRel1503" value="mark"/>
		<feat xlink:href="#sPointingRel1505" value="punct"/>
		<feat xlink:href="#sPointingRel1507" value="acl:relcl"/>
		<feat xlink:href="#sPointingRel1509" value="case"/>
		<feat xlink:href="#sPointingRel1511" value="case"/>
		<feat xlink:href="#sPointingRel1513" value="obl"/>
		<feat xlink:href="#sPointingRel1515" value="mark"/>
		<feat xlink:href="#sPointingRel1517" value="aux"/>
		<feat xlink:href="#sPointingRel1519" value="obl"/>
		<feat xlink:href="#sPointingRel1521" value="obl"/>
		<feat xlink:href="#sPointingRel1523" value="acl:relcl"/>
		<feat xlink:href="#sPointingRel1525" value="mark"/>
		<feat xlink:href="#sPointingRel1527" value="obj"/>
		<feat xlink:href="#sPointingRel1529" value="case"/>
		<feat xlink:href="#sPointingRel1531" value="case"/>
		<feat xlink:href="#sPointingRel1533" value="punct"/>
		<feat xlink:href="#sPointingRel1535" value="nsubj"/>
		<feat xlink:href="#sPointingRel1537" value="advcl"/>
		<feat xlink:href="#sPointingRel1539" value="dislocated"/>
		<feat xlink:href="#sPointingRel1541" value="case"/>
		<feat xlink:href="#sPointingRel1543" value="conj"/>
		<feat xlink:href="#sPointingRel1545" value="advmod"/>
		<feat xlink:href="#sPointingRel1547" value="csubj"/>
		<feat xlink:href="#sPointingRel1549" value="parataxis"/>
		<feat xlink:href="#sPointingRel1551" value="obl"/>
		<feat xlink:href="#sPointingRel1553" value="obl"/>
		<feat xlink:href="#sPointingRel1555" value="conj"/>
		<feat xlink:href="#sPointingRel1557" value="cc"/>
		<feat xlink:href="#sPointingRel1559" value="case"/>
		<feat xlink:href="#sPointingRel1561" value="det"/>
		<feat xlink:href="#sPointingRel1563" value="nsubj"/>
		<feat xlink:href="#sPointingRel1565" value="det"/>
		<feat xlink:href="#sPointingRel1567" value="case"/>
		<feat xlink:href="#sPointingRel1569" value="conj"/>
		<feat xlink:href="#sPointingRel1571" value="det"/>
		<feat xlink:href="#sPointingRel1573" value="cc"/>
		<feat xlink:href="#sPointingRel1575" value="ccomp"/>
		<feat xlink:href="#sPointingRel1577" value="advcl"/>
		<feat xlink:href="#sPointingRel1579" value="obj"/>
		<feat xlink:href="#sPointingRel1581" value="parataxis"/>
		<feat xlink:href="#sPointingRel1583" value="cc"/>
		<feat xlink:href="#sPointingRel1585" value="case"/>
		<feat xlink:href="#sPointingRel1587" value="mark"/>
		<feat xlink:href="#sPointingRel1589" value="acl:relcl"/>
		<feat xlink:href="#sPointingRel1591" value="det"/>
		<feat xlink:href="#sPointingRel1593" value="appos"/>
		<feat xlink:href="#sPointingRel1595" value="case"/>
		<feat xlink:href="#sPointingRel1597" value="det"/>
		<feat xlink:href="#sPointingRel1599" value="det"/>
		<feat xlink:href="#sPointingRel1601" value="nsubj"/>
		<feat xlink:href="#sPointingRel1603" value="conj"/>
		<feat xlink:href="#sPointingRel1605" value="det"/>
		<feat xlink:href="#sPointingRel1607" value="case"/>
		<feat xlink:href="#sPointingRel1609" value="case"/>
		<feat xlink:href="#sPointingRel1611" value="obl"/>
		<feat xlink:href="#sPointingRel1613" value="cc"/>
		<feat xlink:href="#sPointingRel1615" value="det"/>
		<feat xlink:href="#sPointingRel1617" value="ccomp"/>
		<feat xlink:href="#sPointingRel1619" value="cc"/>
		<feat xlink:href="#sPointingRel1621" value="case"/>
		<feat xlink:href="#sPointingRel1623" value="nmod"/>
		<feat xlink:href="#sPointingRel1625" value="nsubj"/>
		<feat xlink:href="#sPointingRel1627" value="case"/>
		<feat xlink:href="#sPointingRel1629" value="cc"/>
		<feat xlink:href="#sPointingRel1631" value="case"/>
		<feat xlink:href="#sPointingRel1633" value="det"/>
		<feat xlink:href="#sPointingRel1635" value="nsubj"/>
		<feat xlink:href="#sPointingRel1637" value="obl"/>
		<feat xlink:href="#sPointingRel1639" value="case"/>
		<feat xlink:href="#sPointingRel1641" value="advcl"/>
		<feat xlink:href="#sPointingRel1643" value="nsubj"/>
		<feat xlink:href="#sPointingRel1645" value="aux"/>
		<feat xlink:href="#sPointingRel1647" value="aux"/>
		<feat xlink:href="#sPointingRel1649" value="mark"/>
		<feat xlink:href="#sPointingRel1651" value="nsubj"/>
		<feat xlink:href="#sPointingRel1653" value="case"/>
		<feat xlink:href="#sPointingRel1655" value="xcomp"/>
		<feat xlink:href="#sPointingRel1657" value="cc"/>
		<feat xlink:href="#sPointingRel1659" value="nsubj"/>
		<feat xlink:href="#sPointingRel1661" value="aux"/>
		<feat xlink:href="#sPointingRel1663" value="parataxis"/>
		<feat xlink:href="#sPointingRel1665" value="punct"/>
		<feat xlink:href="#sPointingRel1667" value="case"/>
		<feat xlink:href="#sPointingRel1669" value="case"/>
		<feat xlink:href="#sPointingRel1671" value="ccomp"/>
		<feat xlink:href="#sPointingRel1673" value="obl"/>
		<feat xlink:href="#sPointingRel1675" value="case"/>
		<feat xlink:href="#sPointingRel1677" value="case"/>
		<feat xlink:href="#sPointingRel1679" value="ccomp"/>
		<feat xlink:href="#sPointingRel1681" value="ccomp"/>
		<feat xlink:href="#sPointingRel1683" value="aux"/>
		<feat xlink:href="#sPointingRel1685" value="case"/>
		<feat xlink:href="#sPointingRel1687" value="nsubj"/>
		<feat xlink:href="#sPointingRel1689" value="det"/>
		<feat xlink:href="#sPointingRel1691" value="nsubj"/>
		<feat xlink:href="#sPointingRel1693" value="advmod"/>
		<feat xlink:href="#sPointingRel1695" value="aux"/>
		<feat xlink:href="#sPointingRel1697" value="cc"/>
		<feat xlink:href="#sPointingRel1699" value="punct"/>
		<feat xlink:href="#sPointingRel1701" value="case"/>
		<feat xlink:href="#sPointingRel1703" value="det"/>
		<feat xlink:href="#sPointingRel1705" value="mark"/>
		<feat xlink:href="#sPointingRel1707" value="obl"/>
		<feat xlink:href="#sPointingRel1709" value="ccomp"/>
		<feat xlink:href="#sPointingRel1711" value="cc"/>
		<feat xlink:href="#sPointingRel1713" value="mark"/>
		<feat xlink:href="#sPointingRel1715" value="obl"/>
		<feat xlink:href="#sPointingRel1717" value="mark"/>
		<feat xlink:href="#sPointingRel1719" value="det"/>
		<feat xlink:href="#sPointingRel1721" value="aux"/>
		<feat xlink:href="#sPointingRel1723" value="obl"/>
		<feat xlink:href="#sPointingRel1725" value="cc"/>
		<feat xlink:href="#sPointingRel1727" value="nsubj"/>
		<feat xlink:href="#sPointingRel1729" value="obj"/>
		<feat xlink:href="#sPointingRel1731" value="csubj"/>
		<feat xlink:href="#sPointingRel1733" value="det"/>
		<feat xlink:href="#sPointingRel1735" value="obj"/>
		<feat xlink:href="#sPointingRel1737" value="det"/>
		<feat xlink:href="#sPointingRel1739" value="advmod"/>
		<feat xlink:href="#sPointingRel1741" value="case"/>
		<feat xlink:href="#sPointingRel1743" value="cc"/>
		<feat xlink:href="#sPointingRel1745" value="advmod"/>
		<feat xlink:href="#sPointingRel1747" value="punct"/>
		<feat xlink:href="#sPointingRel1749" value="det"/>
		<feat xlink:href="#sPointingRel1751" value="nsubj"/>
		<feat xlink:href="#sPointingRel1753" value="vocative"/>
		<feat xlink:href="#sPointingRel1755" value="advmod"/>
		<feat xlink:href="#sPointingRel1757" value="case"/>
		<feat xlink:href="#sPointingRel1759" value="nsubj"/>
		<feat xlink:href="#sPointingRel1761" value="advmod"/>
		<feat xlink:href="#sPointingRel1763" value="det"/>
		<feat xlink:href="#sPointingRel1765" value="det"/>
		<feat xlink:href="#sPointingRel1767" value="conj"/>
		<feat xlink:href="#sPointingRel1769" value="det"/>
		<feat xlink:href="#sPointingRel1771" value="acl:relcl"/>
		<feat xlink:href="#sPointingRel1773" value="obl"/>
		<feat xlink:href="#sPointingRel1775" value="advmod"/>
		<feat xlink:href="#sPointingRel1777" value="det"/>
		<feat xlink:href="#sPointingRel1779" value="aux"/>
		<feat xlink:href="#sPointingRel1781" value="aux"/>
		<feat xlink:href="#sPointingRel1783" value="obl"/>
		<feat xlink:href="#sPointingRel1785" value="det"/>
		<feat xlink:href="#sPointingRel1787" value="obl"/>
		<feat xlink:href="#sPointingRel1789" value="conj"/>
		<feat xlink:href="#sPointingRel1791" value="obl"/>
		<feat xlink:href="#sPointingRel1793" value="case"/>
		<feat xlink:href="#sPointingRel1795" value="acl:relcl"/>
		<feat xlink:href="#sPointingRel1797" value="det"/>
		<feat xlink:href="#sPointingRel1799" value="case"/>
		<feat xlink:href="#sPointingRel1801" value="nsubj"/></featList></paula>