<?xml version='1.0' encoding='UTF-8'?><!DOCTYPE paula SYSTEM "paula_feat.dtd">
<paula version="1.1">
	<header paula_id="scriptorium.bohairic.Mark_02.mark_norm"/>
	<featList xmlns:xlink="http://www.w3.org/1999/xlink" type="norm" xml:base="scriptorium.bohairic.Mark_02.mark.xml">
		<feat xlink:href="#sSpan1" value="ⲟⲩⲟϩ"/>
		<feat xlink:href="#sSpan7" value="ⲁ"/>
		<feat xlink:href="#sSpan11" value="ϥ"/>
		<feat xlink:href="#sSpan13" value="ⲓ"/>
		<feat xlink:href="#sSpan15" value="ⲟⲛ"/>
		<feat xlink:href="#sSpan19" value="ⲉϧⲟⲩⲛ"/>
		<feat xlink:href="#sSpan23" value="ⲉ"/>
		<feat xlink:href="#sSpan28" value="ⲕⲁⲫⲁⲣⲛⲁⲟⲩⲙ"/>
		<feat xlink:href="#sSpan30" value="ⲙⲉⲛⲉⲛⲥⲁ"/>
		<feat xlink:href="#sSpan34" value="ϩⲁⲛ"/>
		<feat xlink:href="#sSpan36" value="ⲉϩⲟⲟⲩ"/>
		<feat xlink:href="#sSpan38" value="ⲁ"/>
		<feat xlink:href="#sSpan42" value="ⲩ"/>
		<feat xlink:href="#sSpan44" value="ⲥⲱⲧⲉⲙ"/>
		<feat xlink:href="#sSpan46" value="ϫⲉ"/>
		<feat xlink:href="#sSpan50" value="ϥ"/>
		<feat xlink:href="#sSpan52" value="ⲛϧⲟⲩⲛ"/>
		<feat xlink:href="#sSpan54" value="ϧⲉⲛ"/>
		<feat xlink:href="#sSpan58" value="ⲟⲩ"/>
		<feat xlink:href="#sSpan60" value="ⲏⲓ"/>
		<feat xlink:href="#sSpan62" value="."/>
		<feat xlink:href="#sSpan66" value="ⲟⲩⲟϩ"/>
		<feat xlink:href="#sSpan72" value="ⲁ"/>
		<feat xlink:href="#sSpan76" value="ⲟⲩ"/>
		<feat xlink:href="#sSpan78" value="ⲙⲏϣ"/>
		<feat xlink:href="#sSpan80" value="ⲑⲱⲟⲩϯ"/>
		<feat xlink:href="#sSpan84" value="ⲉⲙⲁⲩ"/>
		<feat xlink:href="#sSpan89" value="ϩⲱⲥⲧⲉ"/>
		<feat xlink:href="#sSpan93" value="ⲛⲧⲉ"/>
		<feat xlink:href="#sSpan97" value="ϣⲧⲉⲙ"/>
		<feat xlink:href="#sSpan99" value="ⲡⲓ"/>
		<feat xlink:href="#sSpan101" value="ⲏⲓ"/>
		<feat xlink:href="#sSpan103" value="ⲱⲗⲓ"/>
		<feat xlink:href="#sSpan107" value="ϫⲉ"/>
		<feat xlink:href="#sSpan112" value="ⲟⲩⲇⲉ"/>
		<feat xlink:href="#sSpan114" value="ϩⲓⲣⲉⲛ"/>
		<feat xlink:href="#sSpan118" value="ⲡⲓ"/>
		<feat xlink:href="#sSpan120" value="ⲣⲟ"/>
		<feat xlink:href="#sSpan122" value="ⲟⲩⲟϩ"/>
		<feat xlink:href="#sSpan126" value="ⲁ"/>
		<feat xlink:href="#sSpan130" value="ϥ"/>
		<feat xlink:href="#sSpan132" value="ⲥⲁϫⲓ"/>
		<feat xlink:href="#sSpan134" value="ⲛⲉⲙⲱ"/>
		<feat xlink:href="#sSpan138" value="ⲟⲩ"/>
		<feat xlink:href="#sSpan140" value="ⲙ"/>
		<feat xlink:href="#sSpan144" value="ⲡⲓ"/>
		<feat xlink:href="#sSpan146" value="ⲥⲁϫⲓ"/>
		<feat xlink:href="#sSpan148" value="ⲟⲩⲟϩ"/>
		<feat xlink:href="#sSpan154" value="ⲁ"/>
		<feat xlink:href="#sSpan158" value="ⲩ"/>
		<feat xlink:href="#sSpan160" value="ⲓⲛⲓ"/>
		<feat xlink:href="#sSpan162" value="ⲛⲁ"/>
		<feat xlink:href="#sSpan166" value="ϥ"/>
		<feat xlink:href="#sSpan168" value="ⲛ"/>
		<feat xlink:href="#sSpan172" value="ⲟⲩⲁⲓ"/>
		<feat xlink:href="#sSpan174" value="ⲉ"/>
		<feat xlink:href="#sSpan178" value="ϥ"/>
		<feat xlink:href="#sSpan180" value="ϣⲏⲗ"/>
		<feat xlink:href="#sSpan182" value="ⲉⲃⲟⲗ"/>
		<feat xlink:href="#sSpan186" value="ⲉ"/>
		<feat xlink:href="#sSpan190" value="ⲩ"/>
		<feat xlink:href="#sSpan192" value="ϥⲁⲓ"/>
		<feat xlink:href="#sSpan194" value="ⲙⲙⲟ"/>
		<feat xlink:href="#sSpan198" value="ϥ"/>
		<feat xlink:href="#sSpan200" value="ⲛϫⲉ"/>
		<feat xlink:href="#sSpan204" value="ⲇ"/>
		<feat xlink:href="#sSpan206" value="ⲛ"/>
		<feat xlink:href="#sSpan210" value="ⲣⲱⲙⲓ"/>
		<feat xlink:href="#sSpan212" value="ⲟⲩⲟϩ"/>
		<feat xlink:href="#sSpan218" value="ⲉⲧⲉ"/>
		<feat xlink:href="#sSpan222" value="ⲙⲡ"/>
		<feat xlink:href="#sSpan224" value="ⲟⲩ"/>
		<feat xlink:href="#sSpan227" value="ϣϫⲉⲙϫⲟⲙ"/>
		<feat xlink:href="#sSpan230" value="ⲛ"/>
		<feat xlink:href="#sSpan234" value="ⲉⲛ"/>
		<feat xlink:href="#sSpan236" value="ϥ"/>
		<feat xlink:href="#sSpan238" value="ⲉϧⲟⲩⲛ"/>
		<feat xlink:href="#sSpan242" value="ⲉⲑⲃⲉ"/>
		<feat xlink:href="#sSpan246" value="ⲡⲓ"/>
		<feat xlink:href="#sSpan248" value="ⲙⲏϣ"/>
		<feat xlink:href="#sSpan250" value="ⲁ"/>
		<feat xlink:href="#sSpan254" value="ⲩ"/>
		<feat xlink:href="#sSpan256" value="ϣⲉ"/>
		<feat xlink:href="#sSpan258" value="ⲛⲱ"/>
		<feat xlink:href="#sSpan262" value="ⲟⲩ"/>
		<feat xlink:href="#sSpan264" value="ⲉϫⲉⲛ"/>
		<feat xlink:href="#sSpan268" value="ⲡ"/>
		<feat xlink:href="#sSpan270" value="ϫⲉⲛⲉⲫⲱⲣ"/>
		<feat xlink:href="#sSpan272" value="ⲁ"/>
		<feat xlink:href="#sSpan276" value="ⲩ"/>
		<feat xlink:href="#sSpan278" value="ϭⲱⲣⲡ"/>
		<feat xlink:href="#sSpan280" value="ⲛ"/>
		<feat xlink:href="#sSpan284" value="ϯ"/>
		<feat xlink:href="#sSpan286" value="ⲟⲩⲁϩⲥⲟⲓ"/>
		<feat xlink:href="#sSpan288" value="ⲉⲃⲟⲗ"/>
		<feat xlink:href="#sSpan292" value="ⲛⲧⲉ"/>
		<feat xlink:href="#sSpan296" value="ⲡⲓ"/>
		<feat xlink:href="#sSpan298" value="ⲏⲓ"/>
		<feat xlink:href="#sSpan300" value="ⲉ"/>
		<feat xlink:href="#sSpan304" value="ⲛⲁ"/>
		<feat xlink:href="#sSpan306" value="ⲩ"/>
		<feat xlink:href="#sSpan308" value="ⲭⲏ"/>
		<feat xlink:href="#sSpan310" value="ⲛϧⲏⲧ"/>
		<feat xlink:href="#sSpan314" value="ϥ"/>
		<feat xlink:href="#sSpan316" value="ⲟⲩⲟϩ"/>
		<feat xlink:href="#sSpan320" value="ⲉⲧ"/>
		<feat xlink:href="#sSpan324" value="ⲁ"/>
		<feat xlink:href="#sSpan326" value="ⲩ"/>
		<feat xlink:href="#sSpan328" value="ϣⲱⲕⲓ"/>
		<feat xlink:href="#sSpan330" value="ⲁ"/>
		<feat xlink:href="#sSpan334" value="ⲩ"/>
		<feat xlink:href="#sSpan336" value="ⲭⲱ"/>
		<feat xlink:href="#sSpan338" value="ⲙ"/>
		<feat xlink:href="#sSpan342" value="ⲡⲓ"/>
		<feat xlink:href="#sSpan344" value="ϭⲗⲟϫ"/>
		<feat xlink:href="#sSpan346" value="ⲉ"/>
		<feat xlink:href="#sSpan350" value="ⲡ"/>
		<feat xlink:href="#sSpan352" value="ⲉⲥⲏⲧ"/>
		<feat xlink:href="#sSpan354" value="ⲉⲧⲉ"/>
		<feat xlink:href="#sSpan358" value="ⲫⲏ"/>
		<feat xlink:href="#sSpan360" value="ⲉⲧ"/>
		<feat xlink:href="#sSpan364" value="ϣⲏⲗ"/>
		<feat xlink:href="#sSpan366" value="ⲉⲃⲟⲗ"/>
		<feat xlink:href="#sSpan370" value="ⲛⲕⲟⲧ"/>
		<feat xlink:href="#sSpan374" value="ϩⲓⲱⲧ"/>
		<feat xlink:href="#sSpan378" value="ϥ"/>
		<feat xlink:href="#sSpan380" value="."/>
		<feat xlink:href="#sSpan384" value="ⲟⲩⲟϩ"/>
		<feat xlink:href="#sSpan390" value="ⲉⲧ"/>
		<feat xlink:href="#sSpan394" value="ⲁ"/>
		<feat xlink:href="#sSpan396" value="ϥ"/>
		<feat xlink:href="#sSpan398" value="ⲛⲁⲩ"/>
		<feat xlink:href="#sSpan400" value="ⲛϫⲉ"/>
		<feat xlink:href="#sSpan405" value="ⲓⲏⲥⲟⲩⲥ"/>
		<feat xlink:href="#sSpan407" value="ⲉ"/>
		<feat xlink:href="#sSpan411" value="ⲡⲟⲩ"/>
		<feat xlink:href="#sSpan413" value="ⲛⲁϩϯ"/>
		<feat xlink:href="#sSpan415" value="ⲡⲉϫⲁ"/>
		<feat xlink:href="#sSpan419" value="ϥ"/>
		<feat xlink:href="#sSpan421" value="ⲙ"/>
		<feat xlink:href="#sSpan425" value="ⲫⲏ"/>
		<feat xlink:href="#sSpan427" value="ⲉⲧ"/>
		<feat xlink:href="#sSpan431" value="ϣⲏⲗ"/>
		<feat xlink:href="#sSpan433" value="ⲉⲃⲟⲗ"/>
		<feat xlink:href="#sSpan438" value="ϫⲉ"/>
		<feat xlink:href="#sSpan442" value="ⲡⲁ"/>
		<feat xlink:href="#sSpan444" value="ϣⲏⲣⲓ"/>
		<feat xlink:href="#sSpan446" value="ⲛⲉⲕ"/>
		<feat xlink:href="#sSpan450" value="ⲛⲟⲃⲓ"/>
		<feat xlink:href="#sSpan452" value="ⲥⲉ"/>
		<feat xlink:href="#sSpan456" value="ⲭⲏ"/>
		<feat xlink:href="#sSpan458" value="ⲛⲁ"/>
		<feat xlink:href="#sSpan462" value="ⲕ"/>
		<feat xlink:href="#sSpan464" value="ⲉⲃⲟⲗ"/>
		<feat xlink:href="#sSpan468" value="."/>
		<feat xlink:href="#sSpan472" value="ⲛⲉ"/>
		<feat xlink:href="#sSpan478" value="ⲟⲩⲟⲛ"/>
		<feat xlink:href="#sSpan480" value="ϩⲁⲛ"/>
		<feat xlink:href="#sSpan484" value="ⲟⲩⲟⲛ"/>
		<feat xlink:href="#sSpan487" value="ⲇⲉ"/>
		<feat xlink:href="#sSpan491" value="ⲛⲧⲉ"/>
		<feat xlink:href="#sSpan495" value="ⲛⲓ"/>
		<feat xlink:href="#sSpan497" value="ⲥⲁϧ"/>
		<feat xlink:href="#sSpan499" value="ⲙⲙⲁⲩ"/>
		<feat xlink:href="#sSpan503" value="ⲉ"/>
		<feat xlink:href="#sSpan507" value="ⲩ"/>
		<feat xlink:href="#sSpan509" value="ϩⲉⲙⲥⲓ"/>
		<feat xlink:href="#sSpan511" value="ⲟⲩⲟϩ"/>
		<feat xlink:href="#sSpan515" value="ⲛⲁ"/>
		<feat xlink:href="#sSpan519" value="ⲩ"/>
		<feat xlink:href="#sSpan521" value="ⲙⲟⲕⲙⲉⲕ"/>
		<feat xlink:href="#sSpan523" value="ϧⲉⲛ"/>
		<feat xlink:href="#sSpan527" value="ⲡⲟⲩ"/>
		<feat xlink:href="#sSpan529" value="ϩⲏⲧ"/>
		<feat xlink:href="#sSpan531" value="ϫⲉ"/>
		<feat xlink:href="#sSpan537" value="ⲉⲑⲃⲉ"/>
		<feat xlink:href="#sSpan539" value="ⲟⲩ"/>
		<feat xlink:href="#sSpan541" value="ⲫⲁⲓ"/>
		<feat xlink:href="#sSpan545" value="ⲙ"/>
		<feat xlink:href="#sSpan549" value="ⲡⲁⲓ"/>
		<feat xlink:href="#sSpan551" value="ⲣⲏϯ"/>
		<feat xlink:href="#sSpan554" value="ϫⲉⲟⲩⲁ"/>
		<feat xlink:href="#sSpan559" value="ⲛⲓⲙ"/>
		<feat xlink:href="#sSpan563" value="ⲉⲧⲉ"/>
		<feat xlink:href="#sSpan567" value="ⲟⲩⲟⲛ"/>
		<feat xlink:href="#sSpan570" value="ϣϫⲟⲙ"/>
		<feat xlink:href="#sSpan575" value="ⲙⲙⲟ"/>
		<feat xlink:href="#sSpan579" value="ϥ"/>
		<feat xlink:href="#sSpan581" value="ⲉ"/>
		<feat xlink:href="#sSpan586" value="ⲭⲁⲛⲟⲃⲓ"/>
		<feat xlink:href="#sSpan589" value="ⲉⲃⲟⲗ"/>
		<feat xlink:href="#sSpan593" value="ⲉⲃⲏⲗ"/>
		<feat xlink:href="#sSpan598" value="ⲉ"/>
		<feat xlink:href="#sSpan602" value="ⲡⲓ"/>
		<feat xlink:href="#sSpan604" value="ⲟⲩⲁⲓ"/>
		<feat xlink:href="#sSpan606" value="ⲙⲙⲁⲩⲁⲧ"/>
		<feat xlink:href="#sSpan610" value="ϥ"/>
		<feat xlink:href="#sSpan612" value="ⲫ"/>
		<feat xlink:href="#sSpan616" value="ⲛⲟⲩϯ"/>
		<feat xlink:href="#sSpan618" value="."/>
		<feat xlink:href="#sSpan622" value="ⲟⲩⲟϩ"/>
		<feat xlink:href="#sSpan628" value="ⲥⲁⲧⲟⲧ"/>
		<feat xlink:href="#sSpan632" value="ϥ"/>
		<feat xlink:href="#sSpan634" value="ⲁ"/>
		<feat xlink:href="#sSpan639" value="ⲓⲏⲥⲟⲩⲥ"/>
		<feat xlink:href="#sSpan641" value="ⲉⲙⲓ"/>
		<feat xlink:href="#sSpan645" value="ϧⲉⲛ"/>
		<feat xlink:href="#sSpan649" value="ⲡⲉϥ"/>
		<feat xlink:href="#sSpan652" value="ⲡⲛⲉⲩⲙⲁ"/>
		<feat xlink:href="#sSpan654" value="ϫⲉ"/>
		<feat xlink:href="#sSpan658" value="ⲥⲉ"/>
		<feat xlink:href="#sSpan660" value="ⲙⲟⲕⲙⲉⲕ"/>
		<feat xlink:href="#sSpan662" value="ⲙ"/>
		<feat xlink:href="#sSpan666" value="ⲡⲁⲓ"/>
		<feat xlink:href="#sSpan668" value="ⲣⲏϯ"/>
		<feat xlink:href="#sSpan670" value="ⲛϧⲣⲏⲓ"/>
		<feat xlink:href="#sSpan674" value="ⲛϧⲏⲧ"/>
		<feat xlink:href="#sSpan678" value="ⲟⲩ"/>
		<feat xlink:href="#sSpan680" value="ⲡⲉϫⲁ"/>
		<feat xlink:href="#sSpan684" value="ϥ"/>
		<feat xlink:href="#sSpan686" value="ⲛⲱ"/>
		<feat xlink:href="#sSpan690" value="ⲟⲩ"/>
		<feat xlink:href="#sSpan692" value="ϫⲉ"/>
		<feat xlink:href="#sSpan696" value="ⲉⲑⲃⲉ"/>
		<feat xlink:href="#sSpan698" value="ⲟⲩ"/>
		<feat xlink:href="#sSpan700" value="ⲧⲉⲧⲉⲛ"/>
		<feat xlink:href="#sSpan704" value="ⲙⲟⲕⲙⲉⲕ"/>
		<feat xlink:href="#sSpan706" value="ⲉ"/>
		<feat xlink:href="#sSpan710" value="ⲛⲁⲓ"/>
		<feat xlink:href="#sSpan712" value="ϧⲉⲛ"/>
		<feat xlink:href="#sSpan716" value="ⲛⲉⲧⲉⲛ"/>
		<feat xlink:href="#sSpan718" value="ϩⲏⲧ"/>
		<feat xlink:href="#sSpan720" value="ⲟⲩ"/>
		<feat xlink:href="#sSpan726" value="ⲡ"/>
		<feat xlink:href="#sSpan730" value="ⲉⲑ"/>
		<feat xlink:href="#sSpan732" value="ⲙⲟⲧⲉⲛ"/>
		<feat xlink:href="#sSpan734" value="ⲉ"/>
		<feat xlink:href="#sSpan738" value="ϫⲟ"/>
		<feat xlink:href="#sSpan740" value="ⲥ"/>
		<feat xlink:href="#sSpan742" value="ⲙ"/>
		<feat xlink:href="#sSpan746" value="ⲫⲏ"/>
		<feat xlink:href="#sSpan748" value="ⲉⲧ"/>
		<feat xlink:href="#sSpan752" value="ϣⲏⲗ"/>
		<feat xlink:href="#sSpan754" value="ⲉⲃⲟⲗ"/>
		<feat xlink:href="#sSpan759" value="ϫⲉ"/>
		<feat xlink:href="#sSpan763" value="ⲛⲉⲕ"/>
		<feat xlink:href="#sSpan765" value="ⲛⲟⲃⲓ"/>
		<feat xlink:href="#sSpan767" value="ⲥⲉ"/>
		<feat xlink:href="#sSpan771" value="ⲭⲏ"/>
		<feat xlink:href="#sSpan773" value="ⲛⲁ"/>
		<feat xlink:href="#sSpan777" value="ⲕ"/>
		<feat xlink:href="#sSpan779" value="ⲉⲃⲟⲗ"/>
		<feat xlink:href="#sSpan783" value="ϣⲁⲛ"/>
		<feat xlink:href="#sSpan787" value="ⲉ"/>
		<feat xlink:href="#sSpan791" value="ϫⲟ"/>
		<feat xlink:href="#sSpan793" value="ⲥ"/>
		<feat xlink:href="#sSpan795" value="ϫⲉ"/>
		<feat xlink:href="#sSpan799" value="ⲧⲱⲛ"/>
		<feat xlink:href="#sSpan801" value="ⲕ"/>
		<feat xlink:href="#sSpan803" value="ⲱⲗⲓ"/>
		<feat xlink:href="#sSpan807" value="ⲙ"/>
		<feat xlink:href="#sSpan811" value="ⲡⲉⲕ"/>
		<feat xlink:href="#sSpan813" value="ϭⲗⲟϫ"/>
		<feat xlink:href="#sSpan815" value="ⲟⲩⲟϩ"/>
		<feat xlink:href="#sSpan819" value="ⲙⲁϣⲉ"/>
		<feat xlink:href="#sSpan823" value="ⲛⲁ"/>
		<feat xlink:href="#sSpan827" value="ⲕ"/>
		<feat xlink:href="#sSpan830" value="ϩⲓⲛⲁ"/>
		<feat xlink:href="#sSpan836" value="ⲛⲧⲉ"/>
		<feat xlink:href="#sSpan840" value="ⲧⲉⲛ"/>
		<feat xlink:href="#sSpan842" value="ⲉⲙⲓ"/>
		<feat xlink:href="#sSpan844" value="ϫⲉ"/>
		<feat xlink:href="#sSpan848" value="ⲡ"/>
		<feat xlink:href="#sSpan850" value="ⲉⲣϣⲓϣⲓ"/>
		<feat xlink:href="#sSpan852" value="ⲛⲧⲉ"/>
		<feat xlink:href="#sSpan856" value="ⲡ"/>
		<feat xlink:href="#sSpan858" value="ϣⲏⲣⲓ"/>
		<feat xlink:href="#sSpan860" value="ⲙ"/>
		<feat xlink:href="#sSpan864" value="ⲫ"/>
		<feat xlink:href="#sSpan866" value="ⲣⲱⲙⲓ"/>
		<feat xlink:href="#sSpan868" value="ⲉϫⲉⲛ"/>
		<feat xlink:href="#sSpan872" value="ⲡⲓ"/>
		<feat xlink:href="#sSpan874" value="ⲕⲁϩⲓ"/>
		<feat xlink:href="#sSpan876" value="ⲉ"/>
		<feat xlink:href="#sSpan881" value="ⲭⲁⲛⲟⲃⲓ"/>
		<feat xlink:href="#sSpan884" value="ⲉⲃⲟⲗ"/>
		<feat xlink:href="#sSpan888" value="ⲡⲉϫⲁ"/>
		<feat xlink:href="#sSpan892" value="ϥ"/>
		<feat xlink:href="#sSpan894" value="ⲙ"/>
		<feat xlink:href="#sSpan898" value="ⲫⲏ"/>
		<feat xlink:href="#sSpan900" value="ⲉⲧ"/>
		<feat xlink:href="#sSpan904" value="ϣⲏⲗ"/>
		<feat xlink:href="#sSpan906" value="ⲉⲃⲟⲗ"/>
		<feat xlink:href="#sSpan911" value="ϫⲉ"/>
		<feat xlink:href="#sSpan917" value="ⲛⲑⲟⲕ"/>
		<feat xlink:href="#sSpan919" value="ⲡ"/>
		<feat xlink:href="#sSpan923" value="ⲉⲧ"/>
		<feat xlink:href="#sSpan925" value="ⲓ"/>
		<feat xlink:href="#sSpan927" value="ϫⲱ"/>
		<feat xlink:href="#sSpan929" value="ⲙⲙⲟ"/>
		<feat xlink:href="#sSpan933" value="ⲥ"/>
		<feat xlink:href="#sSpan935" value="ⲛⲁ"/>
		<feat xlink:href="#sSpan939" value="ⲕ"/>
		<feat xlink:href="#sSpan941" value="ⲧⲱⲛ"/>
		<feat xlink:href="#sSpan945" value="ⲕ"/>
		<feat xlink:href="#sSpan947" value="ⲱⲗⲓ"/>
		<feat xlink:href="#sSpan951" value="ⲙ"/>
		<feat xlink:href="#sSpan955" value="ⲡⲉⲕ"/>
		<feat xlink:href="#sSpan957" value="ϭⲗⲟϫ"/>
		<feat xlink:href="#sSpan959" value="ⲟⲩⲟϩ"/>
		<feat xlink:href="#sSpan963" value="ⲙⲁϣⲉ"/>
		<feat xlink:href="#sSpan967" value="ⲛⲁ"/>
		<feat xlink:href="#sSpan971" value="ⲕ"/>
		<feat xlink:href="#sSpan973" value="ⲉ"/>
		<feat xlink:href="#sSpan977" value="ⲡⲉⲕ"/>
		<feat xlink:href="#sSpan979" value="ⲏⲓ"/>
		<feat xlink:href="#sSpan981" value="ⲟⲩⲟϩ"/>
		<feat xlink:href="#sSpan987" value="ⲥⲁⲧⲟⲧ"/>
		<feat xlink:href="#sSpan991" value="ϥ"/>
		<feat xlink:href="#sSpan993" value="ⲁ"/>
		<feat xlink:href="#sSpan997" value="ϥ"/>
		<feat xlink:href="#sSpan999" value="ⲧⲱⲛ"/>
		<feat xlink:href="#sSpan1001" value="ϥ"/>
		<feat xlink:href="#sSpan1003" value="ⲁ"/>
		<feat xlink:href="#sSpan1007" value="ϥ"/>
		<feat xlink:href="#sSpan1009" value="ⲱⲗⲓ"/>
		<feat xlink:href="#sSpan1011" value="ⲙ"/>
		<feat xlink:href="#sSpan1015" value="ⲡⲉϥ"/>
		<feat xlink:href="#sSpan1017" value="ϭⲗⲟϫ"/>
		<feat xlink:href="#sSpan1019" value="ⲟⲩⲟϩ"/>
		<feat xlink:href="#sSpan1023" value="ⲁ"/>
		<feat xlink:href="#sSpan1027" value="ϥ"/>
		<feat xlink:href="#sSpan1029" value="ⲓ"/>
		<feat xlink:href="#sSpan1031" value="ⲉⲃⲟⲗ"/>
		<feat xlink:href="#sSpan1035" value="ⲙ"/>
		<feat xlink:href="#sSpan1039" value="ⲡⲉ"/>
		<feat xlink:href="#sSpan1041" value="ⲙⲑⲟ"/>
		<feat xlink:href="#sSpan1043" value="ⲛ"/>
		<feat xlink:href="#sSpan1047" value="ⲟⲩⲟⲛ"/>
		<feat xlink:href="#sSpan1049" value="ⲛⲓⲃⲉⲛ"/>
		<feat xlink:href="#sSpan1054" value="ϩⲱⲥⲧⲉ"/>
		<feat xlink:href="#sSpan1058" value="ⲛⲧ"/>
		<feat xlink:href="#sSpan1062" value="ⲟⲩ"/>
		<feat xlink:href="#sSpan1065" value="ⲉⲣϣⲫⲏⲣⲓ"/>
		<feat xlink:href="#sSpan1068" value="ⲧⲏⲣ"/>
		<feat xlink:href="#sSpan1072" value="ⲟⲩ"/>
		<feat xlink:href="#sSpan1074" value="ⲟⲩⲟϩ"/>
		<feat xlink:href="#sSpan1078" value="ⲛⲧ"/>
		<feat xlink:href="#sSpan1082" value="ⲟⲩ"/>
		<feat xlink:href="#sSpan1085" value="ϯⲱⲟⲩ"/>
		<feat xlink:href="#sSpan1088" value="ⲙ"/>
		<feat xlink:href="#sSpan1092" value="ⲫ"/>
		<feat xlink:href="#sSpan1094" value="ⲛⲟⲩϯ"/>
		<feat xlink:href="#sSpan1096" value="ⲉ"/>
		<feat xlink:href="#sSpan1100" value="ⲩ"/>
		<feat xlink:href="#sSpan1102" value="ϫⲱ"/>
		<feat xlink:href="#sSpan1104" value="ⲙⲙⲟ"/>
		<feat xlink:href="#sSpan1108" value="ⲥ"/>
		<feat xlink:href="#sSpan1110" value="ϫⲉ"/>
		<feat xlink:href="#sSpan1114" value="ⲙⲡⲉ"/>
		<feat xlink:href="#sSpan1116" value="ⲛ"/>
		<feat xlink:href="#sSpan1118" value="ⲛⲁⲩ"/>
		<feat xlink:href="#sSpan1120" value="ⲉ"/>
		<feat xlink:href="#sSpan1124" value="ⲟⲩⲟⲛ"/>
		<feat xlink:href="#sSpan1126" value="ⲡⲁⲓ"/>
		<feat xlink:href="#sSpan1130" value="ⲣⲏϯ"/>
		<feat xlink:href="#sSpan1132" value="ⲉⲛⲉϩ"/>
		<feat xlink:href="#sSpan1136" value="."/>
		<feat xlink:href="#sSpan1140" value="ⲟⲩⲟϩ"/>
		<feat xlink:href="#sSpan1146" value="ⲁ"/>
		<feat xlink:href="#sSpan1150" value="ϥ"/>
		<feat xlink:href="#sSpan1152" value="ⲓ"/>
		<feat xlink:href="#sSpan1154" value="ⲉⲃⲟⲗ"/>
		<feat xlink:href="#sSpan1159" value="ϩⲁ"/>
		<feat xlink:href="#sSpan1163" value="ⲫ"/>
		<feat xlink:href="#sSpan1165" value="ⲓⲟⲙ"/>
		<feat xlink:href="#sSpan1167" value="ⲟⲩⲟϩ"/>
		<feat xlink:href="#sSpan1171" value="ⲡⲓ"/>
		<feat xlink:href="#sSpan1175" value="ⲙⲏϣ"/>
		<feat xlink:href="#sSpan1177" value="ⲧⲏⲣ"/>
		<feat xlink:href="#sSpan1181" value="ϥ"/>
		<feat xlink:href="#sSpan1183" value="ⲉ"/>
		<feat xlink:href="#sSpan1187" value="ⲛⲁ"/>
		<feat xlink:href="#sSpan1189" value="ϥ"/>
		<feat xlink:href="#sSpan1191" value="ⲛⲏⲟⲩ"/>
		<feat xlink:href="#sSpan1193" value="ϩⲁⲣⲟ"/>
		<feat xlink:href="#sSpan1197" value="ϥ"/>
		<feat xlink:href="#sSpan1199" value="ⲟⲩⲟϩ"/>
		<feat xlink:href="#sSpan1203" value="ⲛⲁ"/>
		<feat xlink:href="#sSpan1207" value="ϥ"/>
		<feat xlink:href="#sSpan1210" value="ϯⲥⲃⲱ"/>
		<feat xlink:href="#sSpan1213" value="ⲛⲱ"/>
		<feat xlink:href="#sSpan1217" value="ⲟⲩ"/>
		<feat xlink:href="#sSpan1219" value="ⲡⲉ"/>
		<feat xlink:href="#sSpan1223" value="ⲟⲩⲟϩ"/>
		<feat xlink:href="#sSpan1229" value="ⲉ"/>
		<feat xlink:href="#sSpan1233" value="ϥ"/>
		<feat xlink:href="#sSpan1235" value="ⲥⲓⲛⲓⲱⲟⲩ"/>
		<feat xlink:href="#sSpan1237" value="ⲁ"/>
		<feat xlink:href="#sSpan1241" value="ϥ"/>
		<feat xlink:href="#sSpan1243" value="ⲛⲁⲩ"/>
		<feat xlink:href="#sSpan1245" value="ⲉ"/>
		<feat xlink:href="#sSpan1250" value="ⲗⲉⲩⲓ"/>
		<feat xlink:href="#sSpan1252" value="ⲛⲧⲉ"/>
		<feat xlink:href="#sSpan1257" value="ⲁⲗⲫⲉⲟⲥ"/>
		<feat xlink:href="#sSpan1259" value="ⲉ"/>
		<feat xlink:href="#sSpan1263" value="ϥ"/>
		<feat xlink:href="#sSpan1265" value="ϩⲉⲙⲥⲓ"/>
		<feat xlink:href="#sSpan1267" value="ϩⲓ"/>
		<feat xlink:href="#sSpan1271" value="ⲡⲓ"/>
		<feat xlink:href="#sSpan1274" value="ⲧⲉⲗⲱⲛⲓⲟⲛ"/>
		<feat xlink:href="#sSpan1276" value="ⲟⲩⲟϩ"/>
		<feat xlink:href="#sSpan1280" value="ⲡⲉϫⲁ"/>
		<feat xlink:href="#sSpan1284" value="ϥ"/>
		<feat xlink:href="#sSpan1286" value="ⲛⲁ"/>
		<feat xlink:href="#sSpan1290" value="ϥ"/>
		<feat xlink:href="#sSpan1292" value="ϫⲉ"/>
		<feat xlink:href="#sSpan1296" value="ⲙⲟϣⲓ"/>
		<feat xlink:href="#sSpan1298" value="ⲛⲥⲱ"/>
		<feat xlink:href="#sSpan1302" value="ⲓ"/>
		<feat xlink:href="#sSpan1304" value="ⲟⲩⲟϩ"/>
		<feat xlink:href="#sSpan1308" value="ⲁ"/>
		<feat xlink:href="#sSpan1312" value="ϥ"/>
		<feat xlink:href="#sSpan1314" value="ⲧⲱⲛ"/>
		<feat xlink:href="#sSpan1316" value="ϥ"/>
		<feat xlink:href="#sSpan1318" value="ⲁ"/>
		<feat xlink:href="#sSpan1322" value="ϥ"/>
		<feat xlink:href="#sSpan1324" value="ⲙⲟϣⲓ"/>
		<feat xlink:href="#sSpan1326" value="ⲛⲥⲱ"/>
		<feat xlink:href="#sSpan1330" value="ϥ"/>
		<feat xlink:href="#sSpan1332" value="."/>
		<feat xlink:href="#sSpan1336" value="ⲟⲩⲟϩ"/>
		<feat xlink:href="#sSpan1342" value="ⲁ"/>
		<feat xlink:href="#sSpan1346" value="ⲥ"/>
		<feat xlink:href="#sSpan1348" value="ϣⲱⲡⲓ"/>
		<feat xlink:href="#sSpan1350" value="ⲉ"/>
		<feat xlink:href="#sSpan1354" value="ϥ"/>
		<feat xlink:href="#sSpan1356" value="ⲣⲟⲧⲉⲃ"/>
		<feat xlink:href="#sSpan1358" value="ϧⲉⲛ"/>
		<feat xlink:href="#sSpan1362" value="ⲡⲉϥ"/>
		<feat xlink:href="#sSpan1364" value="ⲏⲓ"/>
		<feat xlink:href="#sSpan1366" value="ⲛⲉ"/>
		<feat xlink:href="#sSpan1370" value="ⲟⲩⲟⲛ"/>
		<feat xlink:href="#sSpan1372" value="ϩⲁⲛ"/>
		<feat xlink:href="#sSpan1376" value="ⲙⲏϣ"/>
		<feat xlink:href="#sSpan1378" value="ⲛ"/>
		<feat xlink:href="#sSpan1383" value="ⲧⲉⲗⲱⲛⲏⲥ"/>
		<feat xlink:href="#sSpan1385" value="ⲛⲉⲙ"/>
		<feat xlink:href="#sSpan1389" value="ϩⲁⲛ"/>
		<feat xlink:href="#sSpan1392" value="ⲣⲉϥⲉⲣⲛⲟⲃⲓ"/>
		<feat xlink:href="#sSpan1396" value="ⲛⲁ"/>
		<feat xlink:href="#sSpan1400" value="ⲩ"/>
		<feat xlink:href="#sSpan1402" value="ⲣⲟⲧⲉⲃ"/>
		<feat xlink:href="#sSpan1404" value="ⲛⲉⲙ"/>
		<feat xlink:href="#sSpan1409" value="ⲓⲏⲥⲟⲩⲥ"/>
		<feat xlink:href="#sSpan1411" value="ⲛⲉⲙ"/>
		<feat xlink:href="#sSpan1415" value="ⲛⲉϥ"/>
		<feat xlink:href="#sSpan1418" value="ⲙⲁⲑⲏⲧⲏⲥ"/>
		<feat xlink:href="#sSpan1420" value="ⲛⲉ"/>
		<feat xlink:href="#sSpan1424" value="ⲟⲩⲟⲛ"/>
		<feat xlink:href="#sSpan1426" value="ⲟⲩ"/>
		<feat xlink:href="#sSpan1430" value="ⲙⲏϣ"/>
		<feat xlink:href="#sSpan1432" value="ⲙⲙⲁⲩ"/>
		<feat xlink:href="#sSpan1436" value="ⲡⲉ"/>
		<feat xlink:href="#sSpan1440" value="ⲟⲩⲟϩ"/>
		<feat xlink:href="#sSpan1444" value="ⲛⲁ"/>
		<feat xlink:href="#sSpan1448" value="ⲩ"/>
		<feat xlink:href="#sSpan1450" value="ⲙⲟϣⲓ"/>
		<feat xlink:href="#sSpan1452" value="ⲛⲥⲱ"/>
		<feat xlink:href="#sSpan1456" value="ϥ"/>
		<feat xlink:href="#sSpan1458" value="ⲡⲉ"/>
		<feat xlink:href="#sSpan1462" value="ⲛϫⲉ"/>
		<feat xlink:href="#sSpan1466" value="ⲛⲓ"/>
		<feat xlink:href="#sSpan1468" value="ⲥⲁϧ"/>
		<feat xlink:href="#sSpan1470" value="ⲛⲉⲙ"/>
		<feat xlink:href="#sSpan1474" value="ⲛⲓ"/>
		<feat xlink:href="#sSpan1477" value="ⲫⲁⲣⲓⲥⲉⲟⲥ"/>
		<feat xlink:href="#sSpan1479" value="."/>
		<feat xlink:href="#sSpan1483" value="ⲟⲩⲟϩ"/>
		<feat xlink:href="#sSpan1489" value="ⲉⲧ"/>
		<feat xlink:href="#sSpan1493" value="ⲁ"/>
		<feat xlink:href="#sSpan1495" value="ⲩ"/>
		<feat xlink:href="#sSpan1497" value="ⲛⲁⲩ"/>
		<feat xlink:href="#sSpan1499" value="ϫⲉ"/>
		<feat xlink:href="#sSpan1503" value="ϥ"/>
		<feat xlink:href="#sSpan1505" value="ⲟⲩⲱⲙ"/>
		<feat xlink:href="#sSpan1507" value="ⲛⲉⲙ"/>
		<feat xlink:href="#sSpan1511" value="ⲛⲓ"/>
		<feat xlink:href="#sSpan1514" value="ⲧⲉⲗⲱⲛⲏⲥ"/>
		<feat xlink:href="#sSpan1516" value="ⲛⲉⲙ"/>
		<feat xlink:href="#sSpan1520" value="ⲛⲓ"/>
		<feat xlink:href="#sSpan1523" value="ⲣⲉϥⲉⲣⲛⲟⲃⲓ"/>
		<feat xlink:href="#sSpan1527" value="ⲛⲁ"/>
		<feat xlink:href="#sSpan1531" value="ⲩ"/>
		<feat xlink:href="#sSpan1533" value="ϫⲱ"/>
		<feat xlink:href="#sSpan1535" value="ⲙⲙⲟ"/>
		<feat xlink:href="#sSpan1539" value="ⲥ"/>
		<feat xlink:href="#sSpan1541" value="ⲛ"/>
		<feat xlink:href="#sSpan1545" value="ⲛⲉϥ"/>
		<feat xlink:href="#sSpan1548" value="ⲙⲁⲑⲏⲧⲏⲥ"/>
		<feat xlink:href="#sSpan1550" value="ϫⲉ"/>
		<feat xlink:href="#sSpan1554" value="ⲉⲑⲃⲉ"/>
		<feat xlink:href="#sSpan1556" value="ⲟⲩ"/>
		<feat xlink:href="#sSpan1558" value="ϥ"/>
		<feat xlink:href="#sSpan1562" value="ⲟⲩⲱⲙ"/>
		<feat xlink:href="#sSpan1564" value="ⲟⲩⲟϩ"/>
		<feat xlink:href="#sSpan1568" value="ϥ"/>
		<feat xlink:href="#sSpan1572" value="ⲥⲱ"/>
		<feat xlink:href="#sSpan1574" value="ⲛⲉⲙ"/>
		<feat xlink:href="#sSpan1578" value="ⲛⲓ"/>
		<feat xlink:href="#sSpan1581" value="ⲧⲉⲗⲱⲛⲏⲥ"/>
		<feat xlink:href="#sSpan1583" value="ⲛⲉⲙ"/>
		<feat xlink:href="#sSpan1587" value="ⲛⲓ"/>
		<feat xlink:href="#sSpan1590" value="ⲣⲉϥⲉⲣⲛⲟⲃⲓ"/>
		<feat xlink:href="#sSpan1594" value="ⲛϫⲉ"/>
		<feat xlink:href="#sSpan1598" value="ⲡⲉⲧⲉⲛ"/>
		<feat xlink:href="#sSpan1601" value="ⲣⲉϥϯⲥⲃⲱ"/>
		<feat xlink:href="#sSpan1605" value="ⲟⲩⲟϩ"/>
		<feat xlink:href="#sSpan1611" value="ⲉⲧ"/>
		<feat xlink:href="#sSpan1615" value="ⲁ"/>
		<feat xlink:href="#sSpan1617" value="ϥ"/>
		<feat xlink:href="#sSpan1619" value="ⲥⲱⲧⲉⲙ"/>
		<feat xlink:href="#sSpan1621" value="ⲛϫⲉ"/>
		<feat xlink:href="#sSpan1626" value="ⲓⲏⲥⲟⲩⲥ"/>
		<feat xlink:href="#sSpan1628" value="ⲡⲉϫⲁ"/>
		<feat xlink:href="#sSpan1632" value="ϥ"/>
		<feat xlink:href="#sSpan1634" value="ⲛⲱ"/>
		<feat xlink:href="#sSpan1638" value="ⲟⲩ"/>
		<feat xlink:href="#sSpan1640" value="ϫⲉ"/>
		<feat xlink:href="#sSpan1644" value="ⲥⲉ"/>
		<feat xlink:href="#sSpan1647" value="ⲉⲣⲭⲣⲓⲁ"/>
		<feat xlink:href="#sSpan1651" value="ⲁⲛ"/>
		<feat xlink:href="#sSpan1655" value="ⲛϫⲉ"/>
		<feat xlink:href="#sSpan1659" value="ⲛⲏ"/>
		<feat xlink:href="#sSpan1661" value="ⲉⲧ"/>
		<feat xlink:href="#sSpan1665" value="ϫⲟⲣ"/>
		<feat xlink:href="#sSpan1667" value="ⲙ"/>
		<feat xlink:href="#sSpan1671" value="ⲡⲓ"/>
		<feat xlink:href="#sSpan1673" value="ⲥⲏⲓⲛⲓ"/>
		<feat xlink:href="#sSpan1676" value="ⲁⲗⲗⲁ"/>
		<feat xlink:href="#sSpan1680" value="ⲛⲏ"/>
		<feat xlink:href="#sSpan1684" value="ⲉⲑ"/>
		<feat xlink:href="#sSpan1688" value="ⲙⲟⲕϩ"/>
		<feat xlink:href="#sSpan1690" value="ⲛ"/>
		<feat xlink:href="#sSpan1694" value="ⲉⲧ"/>
		<feat xlink:href="#sSpan1696" value="ⲁ"/>
		<feat xlink:href="#sSpan1698" value="ⲓ"/>
		<feat xlink:href="#sSpan1700" value="ⲓ"/>
		<feat xlink:href="#sSpan1703" value="ⲅⲁⲣ"/>
		<feat xlink:href="#sSpan1707" value="ⲁⲛ"/>
		<feat xlink:href="#sSpan1711" value="ⲉ"/>
		<feat xlink:href="#sSpan1715" value="ⲑⲁϩⲉⲙ"/>
		<feat xlink:href="#sSpan1717" value="ⲛⲓ"/>
		<feat xlink:href="#sSpan1719" value="ⲑⲙⲏⲓ"/>
		<feat xlink:href="#sSpan1722" value="ⲁⲗⲗⲁ"/>
		<feat xlink:href="#sSpan1726" value="ⲛⲓ"/>
		<feat xlink:href="#sSpan1731" value="ⲣⲉϥⲉⲣⲛⲟⲃⲓ"/>
		<feat xlink:href="#sSpan1735" value="."/>
		<feat xlink:href="#sSpan1739" value="ⲟⲩⲟϩ"/>
		<feat xlink:href="#sSpan1745" value="ⲛⲁⲣⲉ"/>
		<feat xlink:href="#sSpan1749" value="ⲛⲓ"/>
		<feat xlink:href="#sSpan1752" value="ⲙⲁⲑⲏⲧⲏⲥ"/>
		<feat xlink:href="#sSpan1754" value="ⲛⲧⲉ"/>
		<feat xlink:href="#sSpan1759" value="ⲓⲱⲁⲛⲛⲏⲥ"/>
		<feat xlink:href="#sSpan1761" value="ⲛⲉⲙ"/>
		<feat xlink:href="#sSpan1765" value="ⲛⲁ"/>
		<feat xlink:href="#sSpan1767" value="ⲛⲓ"/>
		<feat xlink:href="#sSpan1770" value="ⲫⲁⲣⲓⲥⲉⲟⲥ"/>
		<feat xlink:href="#sSpan1773" value="ⲉⲣⲛⲏⲥⲧⲉⲩⲓⲛ"/>
		<feat xlink:href="#sSpan1778" value="ⲟⲩⲟϩ"/>
		<feat xlink:href="#sSpan1782" value="ⲁ"/>
		<feat xlink:href="#sSpan1786" value="ⲩ"/>
		<feat xlink:href="#sSpan1788" value="ⲓ"/>
		<feat xlink:href="#sSpan1790" value="ⲡⲉϫⲱ"/>
		<feat xlink:href="#sSpan1794" value="ⲟⲩ"/>
		<feat xlink:href="#sSpan1796" value="ⲛⲁ"/>
		<feat xlink:href="#sSpan1800" value="ϥ"/>
		<feat xlink:href="#sSpan1802" value="ϫⲉ"/>
		<feat xlink:href="#sSpan1806" value="ⲉⲑⲃⲉ"/>
		<feat xlink:href="#sSpan1808" value="ⲟⲩ"/>
		<feat xlink:href="#sSpan1810" value="ⲛⲓ"/>
		<feat xlink:href="#sSpan1815" value="ⲙⲁⲑⲏⲧⲏⲥ"/>
		<feat xlink:href="#sSpan1817" value="ⲛⲧⲉ"/>
		<feat xlink:href="#sSpan1822" value="ⲓⲱⲁⲛⲛⲏⲥ"/>
		<feat xlink:href="#sSpan1824" value="ⲛⲉⲙ"/>
		<feat xlink:href="#sSpan1828" value="ⲛⲁ"/>
		<feat xlink:href="#sSpan1830" value="ⲛⲓ"/>
		<feat xlink:href="#sSpan1833" value="ⲫⲁⲣⲓⲥⲉⲟⲥ"/>
		<feat xlink:href="#sSpan1835" value="ⲥⲉ"/>
		<feat xlink:href="#sSpan1840" value="ⲉⲣⲛⲏⲥⲧⲉⲩⲓⲛ"/>
		<feat xlink:href="#sSpan1843" value="ⲛⲟⲩⲕ"/>
		<feat xlink:href="#sSpan1848" value="ⲇⲉ"/>
		<feat xlink:href="#sSpan1852" value="ⲥⲉ"/>
		<feat xlink:href="#sSpan1857" value="ⲉⲣⲛⲏⲥⲧⲉⲩⲓⲛ"/>
		<feat xlink:href="#sSpan1860" value="ⲁⲛ"/>
		<feat xlink:href="#sSpan1864" value="ⲟⲩⲟϩ"/>
		<feat xlink:href="#sSpan1870" value="ⲁ"/>
		<feat xlink:href="#sSpan1874" value="ϥ"/>
		<feat xlink:href="#sSpan1877" value="ⲉⲣⲟⲩⲱ"/>
		<feat xlink:href="#sSpan1880" value="ⲛϫⲉ"/>
		<feat xlink:href="#sSpan1885" value="ⲓⲏⲥⲟⲩⲥ"/>
		<feat xlink:href="#sSpan1887" value="ⲡⲉϫⲁ"/>
		<feat xlink:href="#sSpan1891" value="ϥ"/>
		<feat xlink:href="#sSpan1893" value="ⲛⲱ"/>
		<feat xlink:href="#sSpan1897" value="ⲟⲩ"/>
		<feat xlink:href="#sSpan1899" value="ϫⲉ"/>
		<feat xlink:href="#sSpan1904" value="ⲙⲏⲧⲓ"/>
		<feat xlink:href="#sSpan1906" value="ⲟⲩⲟⲛ"/>
		<feat xlink:href="#sSpan1911" value="ϣϫⲟⲙ"/>
		<feat xlink:href="#sSpan1916" value="ⲉ"/>
		<feat xlink:href="#sSpan1920" value="ⲑⲣⲉ"/>
		<feat xlink:href="#sSpan1922" value="ⲛⲉⲛ"/>
		<feat xlink:href="#sSpan1924" value="ϣⲏⲣⲓ"/>
		<feat xlink:href="#sSpan1926" value="ⲙ"/>
		<feat xlink:href="#sSpan1930" value="ⲡⲓ"/>
		<feat xlink:href="#sSpan1933" value="ⲡⲁⲧϣⲉⲗⲉⲧ"/>
		<feat xlink:href="#sSpan1938" value="ⲉⲣⲛⲏⲥⲧⲉⲩⲓⲛ"/>
		<feat xlink:href="#sSpan1944" value="ϩⲱⲥ"/>
		<feat xlink:href="#sSpan1948" value="ⲉ"/>
		<feat xlink:href="#sSpan1952" value="ϥ"/>
		<feat xlink:href="#sSpan1954" value="ⲛⲉⲙⲱ"/>
		<feat xlink:href="#sSpan1956" value="ⲟⲩ"/>
		<feat xlink:href="#sSpan1958" value="ⲛϫⲉ"/>
		<feat xlink:href="#sSpan1962" value="ⲡⲓ"/>
		<feat xlink:href="#sSpan1965" value="ⲡⲁⲧϣⲉⲗⲉⲧ"/>
		<feat xlink:href="#sSpan1970" value="ⲭⲣⲟⲛⲟⲥ"/>
		<feat xlink:href="#sSpan1974" value="ⲛⲓⲃⲉⲛ"/>
		<feat xlink:href="#sSpan1979" value="ϩⲱⲥ"/>
		<feat xlink:href="#sSpan1983" value="ⲡⲓ"/>
		<feat xlink:href="#sSpan1988" value="ⲡⲁⲧϣⲉⲗⲉⲧ"/>
		<feat xlink:href="#sSpan1992" value="ⲛⲉⲙⲱ"/>
		<feat xlink:href="#sSpan1996" value="ⲟⲩ"/>
		<feat xlink:href="#sSpan1998" value="ⲙⲙⲟⲛ"/>
		<feat xlink:href="#sSpan2003" value="ϣϫⲟⲙ"/>
		<feat xlink:href="#sSpan2006" value="ⲙⲙⲱ"/>
		<feat xlink:href="#sSpan2010" value="ⲟⲩ"/>
		<feat xlink:href="#sSpan2012" value="ⲉ"/>
		<feat xlink:href="#sSpan2017" value="ⲉⲣⲛⲏⲥⲧⲉⲩⲓⲛ"/>
		<feat xlink:href="#sSpan2020" value="."/>
		<feat xlink:href="#sSpan2024" value="ⲥⲉ"/>
		<feat xlink:href="#sSpan2030" value="ⲛⲏⲟⲩ"/>
		<feat xlink:href="#sSpan2033" value="ⲇⲉ"/>
		<feat xlink:href="#sSpan2037" value="ⲛϫⲉ"/>
		<feat xlink:href="#sSpan2041" value="ϩⲁⲛ"/>
		<feat xlink:href="#sSpan2043" value="ⲉϩⲟⲟⲩ"/>
		<feat xlink:href="#sSpan2046" value="ϩⲟⲧⲁⲛ"/>
		<feat xlink:href="#sSpan2050" value="ⲁⲩϣⲁⲛ"/>
		<feat xlink:href="#sSpan2054" value="ⲱⲗⲓ"/>
		<feat xlink:href="#sSpan2056" value="ⲙ"/>
		<feat xlink:href="#sSpan2060" value="ⲡⲓ"/>
		<feat xlink:href="#sSpan2063" value="ⲡⲁⲧϣⲉⲗⲉⲧ"/>
		<feat xlink:href="#sSpan2067" value="ⲛⲧⲟⲧ"/>
		<feat xlink:href="#sSpan2071" value="ⲟⲩ"/>
		<feat xlink:href="#sSpan2074" value="ⲧⲟⲧⲉ"/>
		<feat xlink:href="#sSpan2078" value="ⲥⲉ"/>
		<feat xlink:href="#sSpan2082" value="ⲛⲁ"/>
		<feat xlink:href="#sSpan2085" value="ⲉⲣⲛⲏⲥⲧⲉⲩⲓⲛ"/>
		<feat xlink:href="#sSpan2088" value="ϧⲉⲛ"/>
		<feat xlink:href="#sSpan2092" value="ⲛⲓ"/>
		<feat xlink:href="#sSpan2094" value="ⲉϩⲟⲟⲩ"/>
		<feat xlink:href="#sSpan2096" value="ⲉⲧⲉ"/>
		<feat xlink:href="#sSpan2100" value="ⲙⲙⲁⲩ"/>
		<feat xlink:href="#sSpan2102" value="ⲟⲩ"/>
		<feat xlink:href="#sSpan2109" value="ⲅⲁⲣ"/>
		<feat xlink:href="#sSpan2113" value="ⲙⲡⲁⲣⲉ"/>
		<feat xlink:href="#sSpan2117" value="ϩⲗⲓ"/>
		<feat xlink:href="#sSpan2119" value="ϩⲓ"/>
		<feat xlink:href="#sSpan2123" value="ⲟⲩ"/>
		<feat xlink:href="#sSpan2125" value="ⲧⲱⲓⲥ"/>
		<feat xlink:href="#sSpan2127" value="ⲙ"/>
		<feat xlink:href="#sSpan2131" value="ⲃⲉⲣⲓ"/>
		<feat xlink:href="#sSpan2133" value="ⲉ"/>
		<feat xlink:href="#sSpan2137" value="ⲟⲩ"/>
		<feat xlink:href="#sSpan2139" value="ϩⲃⲟⲥ"/>
		<feat xlink:href="#sSpan2141" value="ⲛ"/>
		<feat xlink:href="#sSpan2145" value="ⲁⲡⲁⲥ"/>
		<feat xlink:href="#sSpan2147" value="ⲙⲙⲟⲛ"/>
		<feat xlink:href="#sSpan2151" value="ϣⲁⲣⲉ"/>
		<feat xlink:href="#sSpan2155" value="ⲡⲓ"/>
		<feat xlink:href="#sSpan2157" value="ⲃⲉⲣⲓ"/>
		<feat xlink:href="#sSpan2159" value="ⲉⲗ"/>
		<feat xlink:href="#sSpan2163" value="ⲡⲓ"/>
		<feat xlink:href="#sSpan2165" value="ⲙⲟϩ"/>
		<feat xlink:href="#sSpan2167" value="ⲛⲧⲉ"/>
		<feat xlink:href="#sSpan2171" value="ⲡⲓ"/>
		<feat xlink:href="#sSpan2173" value="ⲁⲡⲁⲥ"/>
		<feat xlink:href="#sSpan2175" value="ⲟⲩⲟϩ"/>
		<feat xlink:href="#sSpan2179" value="ⲛⲧⲉ"/>
		<feat xlink:href="#sSpan2183" value="ⲟⲩ"/>
		<feat xlink:href="#sSpan2185" value="ⲫⲱϧ"/>
		<feat xlink:href="#sSpan2187" value="ϣⲱⲡⲓ"/>
		<feat xlink:href="#sSpan2191" value="ⲉ"/>
		<feat xlink:href="#sSpan2195" value="ϥ"/>
		<feat xlink:href="#sSpan2197" value="ϩⲱⲟⲩ"/>
		<feat xlink:href="#sSpan2199" value="ⲛ"/>
		<feat xlink:href="#sSpan2203" value="ϩⲟⲩⲟ"/>
		<feat xlink:href="#sSpan2205" value="."/>
		<feat xlink:href="#sSpan2209" value="ⲟⲩⲟϩ"/>
		<feat xlink:href="#sSpan2215" value="ⲙⲡⲁ"/>
		<feat xlink:href="#sSpan2219" value="ⲩ"/>
		<feat xlink:href="#sSpan2221" value="ϩⲓ"/>
		<feat xlink:href="#sSpan2223" value="ⲏⲣⲡ"/>
		<feat xlink:href="#sSpan2225" value="ⲙ"/>
		<feat xlink:href="#sSpan2229" value="ⲃⲉⲣⲓ"/>
		<feat xlink:href="#sSpan2231" value="ⲉ"/>
		<feat xlink:href="#sSpan2236" value="ⲁⲥⲕⲟⲥ"/>
		<feat xlink:href="#sSpan2238" value="ⲛ"/>
		<feat xlink:href="#sSpan2242" value="ⲁⲡⲁⲥ"/>
		<feat xlink:href="#sSpan2244" value="ⲙⲙⲟⲛ"/>
		<feat xlink:href="#sSpan2248" value="ϣⲁⲣⲉ"/>
		<feat xlink:href="#sSpan2252" value="ⲡⲓ"/>
		<feat xlink:href="#sSpan2254" value="ⲏⲣⲡ"/>
		<feat xlink:href="#sSpan2256" value="ⲫⲉϧ"/>
		<feat xlink:href="#sSpan2260" value="ⲛⲓ"/>
		<feat xlink:href="#sSpan2265" value="ⲁⲥⲕⲟⲥ"/>
		<feat xlink:href="#sSpan2267" value="ⲟⲩⲟϩ"/>
		<feat xlink:href="#sSpan2271" value="ϣⲁⲣⲉ"/>
		<feat xlink:href="#sSpan2275" value="ⲡⲓ"/>
		<feat xlink:href="#sSpan2277" value="ⲏⲣⲡ"/>
		<feat xlink:href="#sSpan2279" value="ⲧⲁⲕⲟ"/>
		<feat xlink:href="#sSpan2283" value="ⲛⲉⲙ"/>
		<feat xlink:href="#sSpan2287" value="ⲛⲓ"/>
		<feat xlink:href="#sSpan2290" value="ⲁⲥⲕⲟⲥ"/>
		<feat xlink:href="#sSpan2293" value="ⲁⲗⲗⲁ"/>
		<feat xlink:href="#sSpan2297" value="ϣⲁ"/>
		<feat xlink:href="#sSpan2301" value="ⲩ"/>
		<feat xlink:href="#sSpan2303" value="ϩⲓ"/>
		<feat xlink:href="#sSpan2305" value="ⲏⲣⲡ"/>
		<feat xlink:href="#sSpan2307" value="ⲙ"/>
		<feat xlink:href="#sSpan2311" value="ⲃⲉⲣⲓ"/>
		<feat xlink:href="#sSpan2313" value="ⲉ"/>
		<feat xlink:href="#sSpan2318" value="ⲁⲥⲕⲟⲥ"/>
		<feat xlink:href="#sSpan2320" value="ⲙ"/>
		<feat xlink:href="#sSpan2324" value="ⲃⲉⲣⲓ"/>
		<feat xlink:href="#sSpan2326" value="."/>
		<feat xlink:href="#sSpan2330" value="ⲟⲩⲟϩ"/>
		<feat xlink:href="#sSpan2336" value="ⲁ"/>
		<feat xlink:href="#sSpan2340" value="ⲥ"/>
		<feat xlink:href="#sSpan2342" value="ϣⲱⲡⲓ"/>
		<feat xlink:href="#sSpan2344" value="ⲉⲧ"/>
		<feat xlink:href="#sSpan2348" value="ⲁ"/>
		<feat xlink:href="#sSpan2350" value="ϥ"/>
		<feat xlink:href="#sSpan2352" value="ⲙⲟϣⲓ"/>
		<feat xlink:href="#sSpan2354" value="ϧⲉⲛ"/>
		<feat xlink:href="#sSpan2358" value="ⲛⲓ"/>
		<feat xlink:href="#sSpan2361" value="ⲥⲁⲃⲃⲁⲧⲟⲛ"/>
		<feat xlink:href="#sSpan2363" value="ⲉⲃⲟⲗ"/>
		<feat xlink:href="#sSpan2367" value="ϩⲓⲧⲟⲧ"/>
		<feat xlink:href="#sSpan2371" value="ⲟⲩ"/>
		<feat xlink:href="#sSpan2373" value="ⲛ"/>
		<feat xlink:href="#sSpan2377" value="ⲛⲓ"/>
		<feat xlink:href="#sSpan2379" value="ⲣⲟϯ"/>
		<feat xlink:href="#sSpan2381" value="ⲟⲩⲟϩ"/>
		<feat xlink:href="#sSpan2385" value="ⲛⲉϥ"/>
		<feat xlink:href="#sSpan2390" value="ⲙⲁⲑⲏⲧⲏⲥ"/>
		<feat xlink:href="#sSpan2392" value="ⲁ"/>
		<feat xlink:href="#sSpan2396" value="ⲩ"/>
		<feat xlink:href="#sSpan2398" value="ⲉⲣ"/>
		<feat xlink:href="#sSpan2400" value="ϩⲏⲧ"/>
		<feat xlink:href="#sSpan2402" value="ⲥ"/>
		<feat xlink:href="#sSpan2404" value="ⲉ"/>
		<feat xlink:href="#sSpan2408" value="ⲩ"/>
		<feat xlink:href="#sSpan2410" value="ⲙⲟϣⲓ"/>
		<feat xlink:href="#sSpan2412" value="ⲉ"/>
		<feat xlink:href="#sSpan2417" value="ϥⲉϫϧⲉⲙⲥ"/>
		<feat xlink:href="#sSpan2420" value="."/>
		<feat xlink:href="#sSpan2424" value="ⲟⲩⲟϩ"/>
		<feat xlink:href="#sSpan2430" value="ⲛⲁⲣⲉ"/>
		<feat xlink:href="#sSpan2434" value="ⲛⲓ"/>
		<feat xlink:href="#sSpan2437" value="ⲫⲁⲣⲓⲥⲉⲟⲥ"/>
		<feat xlink:href="#sSpan2439" value="ϫⲱ"/>
		<feat xlink:href="#sSpan2443" value="ⲙⲙⲟ"/>
		<feat xlink:href="#sSpan2447" value="ⲥ"/>
		<feat xlink:href="#sSpan2449" value="ⲛⲁ"/>
		<feat xlink:href="#sSpan2453" value="ϥ"/>
		<feat xlink:href="#sSpan2455" value="ϫⲉ"/>
		<feat xlink:href="#sSpan2459" value="ⲁⲛⲁⲩ"/>
		<feat xlink:href="#sSpan2461" value="ϫⲉ"/>
		<feat xlink:href="#sSpan2465" value="ⲟⲩ"/>
		<feat xlink:href="#sSpan2467" value="ⲡ"/>
		<feat xlink:href="#sSpan2471" value="ⲉⲧ"/>
		<feat xlink:href="#sSpan2473" value="ⲟⲩ"/>
		<feat xlink:href="#sSpan2475" value="ⲓⲣⲓ"/>
		<feat xlink:href="#sSpan2477" value="ⲙⲙⲟ"/>
		<feat xlink:href="#sSpan2481" value="ϥ"/>
		<feat xlink:href="#sSpan2483" value="ϧⲉⲛ"/>
		<feat xlink:href="#sSpan2487" value="ⲛⲓ"/>
		<feat xlink:href="#sSpan2490" value="ⲥⲁⲃⲃⲁⲧⲟⲛ"/>
		<feat xlink:href="#sSpan2492" value="ⲛ"/>
		<feat xlink:href="#sSpan2496" value="ⲥϣⲉ"/>
		<feat xlink:href="#sSpan2498" value="ⲛ"/>
		<feat xlink:href="#sSpan2502" value="ⲁⲓ"/>
		<feat xlink:href="#sSpan2504" value="ϥ"/>
		<feat xlink:href="#sSpan2506" value="ⲁⲛ"/>
		<feat xlink:href="#sSpan2510" value="."/>
		<feat xlink:href="#sSpan2514" value="ⲟⲩⲟϩ"/>
		<feat xlink:href="#sSpan2520" value="ⲛⲁ"/>
		<feat xlink:href="#sSpan2524" value="ϥ"/>
		<feat xlink:href="#sSpan2526" value="ϫⲱ"/>
		<feat xlink:href="#sSpan2528" value="ⲙⲙⲟ"/>
		<feat xlink:href="#sSpan2532" value="ⲥ"/>
		<feat xlink:href="#sSpan2534" value="ⲛⲱ"/>
		<feat xlink:href="#sSpan2538" value="ⲟⲩ"/>
		<feat xlink:href="#sSpan2540" value="ϫⲉ"/>
		<feat xlink:href="#sSpan2544" value="ⲙⲡⲉ"/>
		<feat xlink:href="#sSpan2546" value="ⲧⲉⲛ"/>
		<feat xlink:href="#sSpan2548" value="ⲱϣ"/>
		<feat xlink:href="#sSpan2550" value="ⲉⲛⲉϩ"/>
		<feat xlink:href="#sSpan2554" value="ϫⲉ"/>
		<feat xlink:href="#sSpan2558" value="ⲟⲩ"/>
		<feat xlink:href="#sSpan2560" value="ⲡ"/>
		<feat xlink:href="#sSpan2564" value="ⲉⲧ"/>
		<feat xlink:href="#sSpan2566" value="ⲁ"/>
		<feat xlink:href="#sSpan2568" value="ϥ"/>
		<feat xlink:href="#sSpan2570" value="ⲁⲓ"/>
		<feat xlink:href="#sSpan2572" value="ϥ"/>
		<feat xlink:href="#sSpan2574" value="ⲛϫⲉ"/>
		<feat xlink:href="#sSpan2579" value="ⲇⲁⲩⲓⲇ"/>
		<feat xlink:href="#sSpan2581" value="ϩⲟⲧⲉ"/>
		<feat xlink:href="#sSpan2585" value="ⲉⲧ"/>
		<feat xlink:href="#sSpan2589" value="ⲁ"/>
		<feat xlink:href="#sSpan2591" value="ϥ"/>
		<feat xlink:href="#sSpan2594" value="ⲉⲣⲭⲣⲓⲁ"/>
		<feat xlink:href="#sSpan2598" value="ⲟⲩⲟϩ"/>
		<feat xlink:href="#sSpan2602" value="ⲉⲧ"/>
		<feat xlink:href="#sSpan2606" value="ⲁ"/>
		<feat xlink:href="#sSpan2608" value="ϥ"/>
		<feat xlink:href="#sSpan2610" value="ϩⲕⲟ"/>
		<feat xlink:href="#sSpan2612" value="ⲛⲉⲙ"/>
		<feat xlink:href="#sSpan2616" value="ⲛⲏ"/>
		<feat xlink:href="#sSpan2618" value="ⲉⲑ"/>
		<feat xlink:href="#sSpan2622" value="ⲛⲉⲙⲁ"/>
		<feat xlink:href="#sSpan2624" value="ϥ"/>
		<feat xlink:href="#sSpan2627" value="ⲡⲱⲥ"/>
		<feat xlink:href="#sSpan2633" value="ⲁ"/>
		<feat xlink:href="#sSpan2637" value="ϥ"/>
		<feat xlink:href="#sSpan2639" value="ϣⲉ"/>
		<feat xlink:href="#sSpan2641" value="ⲛⲁ"/>
		<feat xlink:href="#sSpan2645" value="ϥ"/>
		<feat xlink:href="#sSpan2647" value="ⲉϧⲟⲩⲛ"/>
		<feat xlink:href="#sSpan2651" value="ⲉ"/>
		<feat xlink:href="#sSpan2655" value="ⲡ"/>
		<feat xlink:href="#sSpan2657" value="ⲏⲓ"/>
		<feat xlink:href="#sSpan2659" value="ⲙ"/>
		<feat xlink:href="#sSpan2663" value="ⲫ"/>
		<feat xlink:href="#sSpan2665" value="ⲛⲟⲩϯ"/>
		<feat xlink:href="#sSpan2667" value="ⲛⲁϩⲣⲁ"/>
		<feat xlink:href="#sSpan2671" value="ϥ"/>
		<feat xlink:href="#sSpan2673" value="ⲛ"/>
		<feat xlink:href="#sSpan2678" value="ⲁⲃⲓⲁⲑⲁⲣ"/>
		<feat xlink:href="#sSpan2680" value="ⲡⲓ"/>
		<feat xlink:href="#sSpan2685" value="ⲁⲣⲭⲓⲉⲣⲉⲩⲥ"/>
		<feat xlink:href="#sSpan2687" value="ⲟⲩⲟϩ"/>
		<feat xlink:href="#sSpan2691" value="ⲛⲓ"/>
		<feat xlink:href="#sSpan2695" value="ⲱⲓⲕ"/>
		<feat xlink:href="#sSpan2697" value="ⲛⲧⲉ"/>
		<feat xlink:href="#sSpan2701" value="ϯ"/>
		<feat xlink:href="#sSpan2704" value="ⲡⲣⲟⲑⲉⲥⲓⲥ"/>
		<feat xlink:href="#sSpan2706" value="ⲁ"/>
		<feat xlink:href="#sSpan2710" value="ϥ"/>
		<feat xlink:href="#sSpan2712" value="ⲟⲩⲟⲙ"/>
		<feat xlink:href="#sSpan2714" value="ⲟⲩ"/>
		<feat xlink:href="#sSpan2716" value="ⲛ"/>
		<feat xlink:href="#sSpan2720" value="ⲉⲧⲉ"/>
		<feat xlink:href="#sSpan2722" value="ⲛ"/>
		<feat xlink:href="#sSpan2724" value="ⲥϣⲉ"/>
		<feat xlink:href="#sSpan2726" value="ⲛⲁ"/>
		<feat xlink:href="#sSpan2730" value="ϥ"/>
		<feat xlink:href="#sSpan2732" value="ⲁⲛ"/>
		<feat xlink:href="#sSpan2736" value="ⲉ"/>
		<feat xlink:href="#sSpan2740" value="ⲟⲩⲟⲙ"/>
		<feat xlink:href="#sSpan2742" value="ⲟⲩ"/>
		<feat xlink:href="#sSpan2744" value="ⲉⲃⲏⲗ"/>
		<feat xlink:href="#sSpan2749" value="ⲉ"/>
		<feat xlink:href="#sSpan2753" value="ⲛⲓ"/>
		<feat xlink:href="#sSpan2755" value="ⲟⲩⲏⲃ"/>
		<feat xlink:href="#sSpan2757" value="ⲙⲙⲁⲩⲁⲧ"/>
		<feat xlink:href="#sSpan2761" value="ⲟⲩ"/>
		<feat xlink:href="#sSpan2763" value="ⲟⲩⲟϩ"/>
		<feat xlink:href="#sSpan2767" value="ⲁ"/>
		<feat xlink:href="#sSpan2771" value="ϥ"/>
		<feat xlink:href="#sSpan2773" value="ϯ"/>
		<feat xlink:href="#sSpan2775" value="ⲛ"/>
		<feat xlink:href="#sSpan2779" value="ⲛⲓ"/>
		<feat xlink:href="#sSpan2781" value="ⲕⲉ"/>
		<feat xlink:href="#sSpan2783" value="ⲭⲱⲟⲩⲛⲓ"/>
		<feat xlink:href="#sSpan2785" value="ⲉ"/>
		<feat xlink:href="#sSpan2789" value="ⲛⲁ"/>
		<feat xlink:href="#sSpan2791" value="ⲩ"/>
		<feat xlink:href="#sSpan2793" value="ⲭⲏ"/>
		<feat xlink:href="#sSpan2795" value="ⲛⲉⲙⲁ"/>
		<feat xlink:href="#sSpan2799" value="ϥ"/>
		<feat xlink:href="#sSpan2801" value="ⲙⲙⲁⲩ"/>
		<feat xlink:href="#sSpan2805" value="."/>
		<feat xlink:href="#sSpan2809" value="ⲟⲩⲟϩ"/>
		<feat xlink:href="#sSpan2815" value="ⲡⲉϫⲁ"/>
		<feat xlink:href="#sSpan2819" value="ϥ"/>
		<feat xlink:href="#sSpan2821" value="ⲛⲱ"/>
		<feat xlink:href="#sSpan2825" value="ⲟⲩ"/>
		<feat xlink:href="#sSpan2827" value="ϫⲉ"/>
		<feat xlink:href="#sSpan2831" value="ⲉⲧ"/>
		<feat xlink:href="#sSpan2833" value="ⲁ"/>
		<feat xlink:href="#sSpan2835" value="ⲡⲓ"/>
		<feat xlink:href="#sSpan2838" value="ⲥⲁⲃⲃⲁⲧⲟⲛ"/>
		<feat xlink:href="#sSpan2840" value="ϣⲱⲡⲓ"/>
		<feat xlink:href="#sSpan2844" value="ⲉⲑⲃⲉ"/>
		<feat xlink:href="#sSpan2848" value="ⲡⲓ"/>
		<feat xlink:href="#sSpan2850" value="ⲣⲱⲙⲓ"/>
		<feat xlink:href="#sSpan2852" value="ⲟⲩⲟϩ"/>
		<feat xlink:href="#sSpan2856" value="ⲡⲓ"/>
		<feat xlink:href="#sSpan2860" value="ⲣⲱⲙⲓ"/>
		<feat xlink:href="#sSpan2862" value="ⲁⲛ"/>
		<feat xlink:href="#sSpan2866" value="ⲉⲑⲃⲉ"/>
		<feat xlink:href="#sSpan2870" value="ⲡⲓ"/>
		<feat xlink:href="#sSpan2873" value="ⲥⲁⲃⲃⲁⲧⲟⲛ"/>
		<feat xlink:href="#sSpan2875" value="."/>
		<feat xlink:href="#sSpan2880" value="ϩⲱⲥⲧⲉ"/>
		<feat xlink:href="#sSpan2886" value="ⲡ"/>
		<feat xlink:href="#sSpan2890" value="ϭⲟⲓⲥ"/>
		<feat xlink:href="#sSpan2892" value="ⲙ"/>
		<feat xlink:href="#sSpan2896" value="ⲡⲓ"/>
		<feat xlink:href="#sSpan2899" value="ⲥⲁⲃⲃⲁⲧⲟⲛ"/>
		<feat xlink:href="#sSpan2901" value="ⲡⲉ"/>
		<feat xlink:href="#sSpan2905" value="ⲡ"/>
		<feat xlink:href="#sSpan2909" value="ϣⲏⲣⲓ"/>
		<feat xlink:href="#sSpan2911" value="ⲙ"/>
		<feat xlink:href="#sSpan2915" value="ⲫ"/>
		<feat xlink:href="#sSpan2917" value="ⲣⲱⲙⲓ"/>
		<feat xlink:href="#sSpan2919" value="."/></featList></paula>