<?xml version='1.0' encoding='UTF-8'?><!DOCTYPE paula SYSTEM "paula_feat.dtd">
<paula version="1.1">
	<header paula_id="scriptorium.life.phib.02.mark_placeName_type"/>
	<featList xmlns:xlink="http://www.w3.org/1999/xlink" type="placeName_type" xml:base="scriptorium.life.phib.02.mark.xml">
		<feat xlink:href="#sSpan51" value="monastery"/>
		<feat xlink:href="#sSpan378" value="monastery"/>
		<feat xlink:href="#sSpan2420" value="monastery"/>
		<feat xlink:href="#sSpan3110" value="monastery"/>
		<feat xlink:href="#sSpan3218" value="mount"/>
		<feat xlink:href="#sSpan3249" value="city_village"/>
		<feat xlink:href="#sSpan3402" value="monastery"/>
		<feat xlink:href="#sSpan3991" value="monastery"/>
		<feat xlink:href="#sSpan5177" value="church_basilica"/>
		<feat xlink:href="#sSpan5498" value="church_basilica"/>
		<feat xlink:href="#sSpan5749" value="church_basilica"/>
		<feat xlink:href="#sSpan7594" value="church_basilica"/></featList></paula>