<?xml version='1.0' encoding='UTF-8'?><!DOCTYPE paula SYSTEM "paula_feat.dtd">
<paula version="1.1">
	<header paula_id="scriptorium.life.phib.02.mark_placeName_type"/>
	<featList xmlns:xlink="http://www.w3.org/1999/xlink" type="placeName_type" xml:base="scriptorium.life.phib.02.mark.xml">
		<feat xlink:href="#sSpan64" value="monastery"/>
		<feat xlink:href="#sSpan431" value="monastery"/>
		<feat xlink:href="#sSpan2488" value="monastery"/>
		<feat xlink:href="#sSpan3182" value="monastery"/>
		<feat xlink:href="#sSpan3290" value="mount"/>
		<feat xlink:href="#sSpan3321" value="city_village"/>
		<feat xlink:href="#sSpan3476" value="monastery"/>
		<feat xlink:href="#sSpan4070" value="monastery"/>
		<feat xlink:href="#sSpan5268" value="church_basilica"/>
		<feat xlink:href="#sSpan5592" value="church_basilica"/>
		<feat xlink:href="#sSpan5846" value="church_basilica"/>
		<feat xlink:href="#sSpan7707" value="church_basilica"/></featList></paula>