<?xml version='1.0' encoding='UTF-8'?><!DOCTYPE paula SYSTEM "paula_feat.dtd">
<paula version="1.1">
	<header paula_id="scriptorium.1Cor_04.mark_orig_group"/>
	<featList xmlns:xlink="http://www.w3.org/1999/xlink" type="orig_group" xml:base="scriptorium.1Cor_04.mark.xml">
		<feat xlink:href="#sSpan5" value="ⲧⲁⲓ"/>
		<feat xlink:href="#sSpan16" value="ⲧⲉ"/>
		<feat xlink:href="#sSpan21" value="ⲧϩⲉ"/>
		<feat xlink:href="#sSpan27" value="ⲙⲁⲣⲉⲛⲣⲱⲙⲉ"/>
		<feat xlink:href="#sSpan36" value="ⲟⲡⲛ"/>
		<feat xlink:href="#sSpan43" value="ϩⲱⲥ"/>
		<feat xlink:href="#sSpan48" value="ϩⲩⲡⲏⲣⲉⲧⲏⲥ"/>
		<feat xlink:href="#sSpan53" value="ⲙⲡⲉⲭⲣⲓⲥⲧⲟⲥ"/>
		<feat xlink:href="#sSpan63" value="."/>
		<feat xlink:href="#sSpan67" value="ⲁⲩⲱ"/>
		<feat xlink:href="#sSpan71" value="ⲛⲟⲓⲕⲟⲛⲟⲙⲟⲥ"/>
		<feat xlink:href="#sSpan79" value="ⲛⲙⲙⲩⲥⲧⲏⲣⲓⲟⲛ"/>
		<feat xlink:href="#sSpan89" value="ⲙⲡⲛⲟⲩⲧⲉ"/>
		<feat xlink:href="#sSpan98" value="."/>
		<feat xlink:href="#sSpan102" value="ⲉⲩϣⲓⲛⲉ"/>
		<feat xlink:href="#sSpan116" value="ϭⲉ"/>
		<feat xlink:href="#sSpan120" value="ⲙⲡⲉⲓⲙⲁ"/>
		<feat xlink:href="#sSpan129" value="ϩⲛ"/>
		<feat xlink:href="#sSpan134" value="ⲛⲟⲓⲕⲟⲛⲟⲙⲟⲥ"/>
		<feat xlink:href="#sSpan141" value="ϫⲉ"/>
		<feat xlink:href="#sSpan145" value="ⲉⲩⲉϩⲉ"/>
		<feat xlink:href="#sSpan152" value="ⲉⲩⲡⲓⲥⲧⲟⲥ"/>
		<feat xlink:href="#sSpan162" value="."/>
		<feat xlink:href="#sSpan166" value="ⲁⲛⲟⲕ"/>
		<feat xlink:href="#sSpan176" value="ⲇⲉ"/>
		<feat xlink:href="#sSpan181" value="ⲟⲩⲉⲗⲁⲭⲓⲥⲧⲟⲛ"/>
		<feat xlink:href="#sSpan188" value="ⲛⲁⲓ"/>
		<feat xlink:href="#sSpan194" value="ⲡⲉ"/>
		<feat xlink:href="#sSpan198" value="ⲉⲧⲣⲉⲩⲁⲛⲁⲕⲣⲓⲛⲉ"/>
		<feat xlink:href="#sSpan209" value="ⲙⲙⲟⲓ"/>
		<feat xlink:href="#sSpan215" value="ϩⲓⲧⲛⲧⲏⲩⲧⲛ"/>
		<feat xlink:href="#sSpan221" value="."/>
		<feat xlink:href="#sSpan226" value="ⲏ"/>
		<feat xlink:href="#sSpan230" value="ϩⲓⲧⲛⲟⲩϩⲟⲟⲩ"/>
		<feat xlink:href="#sSpan239" value="ⲛⲣⲱⲙⲉ"/>
		<feat xlink:href="#sSpan246" value="."/>
		<feat xlink:href="#sSpan251" value="ⲁⲗⲗⲁ"/>
		<feat xlink:href="#sSpan256" value="ⲟⲩⲇⲉ"/>
		<feat xlink:href="#sSpan260" value="ⲁⲛⲟⲕ"/>
		<feat xlink:href="#sSpan264" value="ⲛϯⲁⲛⲁⲕⲣⲓⲛⲉ"/>
		<feat xlink:href="#sSpan273" value="ⲙⲙⲟⲓ"/>
		<feat xlink:href="#sSpan279" value="ⲁⲛ"/>
		<feat xlink:href="#sSpan283" value="."/>
		<feat xlink:href="#sSpan287" value="ⲛϯⲥⲟⲟⲩⲛ"/>
		<feat xlink:href="#sSpan301" value="ⲅⲁⲣ"/>
		<feat xlink:href="#sSpan305" value="ⲁⲛ"/>
		<feat xlink:href="#sSpan309" value="ⲛⲗⲁⲁⲩ"/>
		<feat xlink:href="#sSpan317" value="ⲉⲁⲓⲁⲁϥ"/>
		<feat xlink:href="#sSpan329" value="."/>
		<feat xlink:href="#sSpan334" value="ⲁⲗⲗⲁ"/>
		<feat xlink:href="#sSpan338" value="ⲛⲉⲓⲧⲙⲁⲓⲏⲩ"/>
		<feat xlink:href="#sSpan348" value="ⲁⲛ"/>
		<feat xlink:href="#sSpan352" value="ϩⲙⲡⲁⲓ"/>
		<feat xlink:href="#sSpan359" value="."/>
		<feat xlink:href="#sSpan364" value="ⲡⲉⲧⲁⲛⲁⲕⲣⲓⲛⲉ"/>
		<feat xlink:href="#sSpan374" value="ⲇⲉ"/>
		<feat xlink:href="#sSpan378" value="ⲙⲙⲟⲓ"/>
		<feat xlink:href="#sSpan384" value="ⲡⲉ"/>
		<feat xlink:href="#sSpan389" value="ⲡϫⲟⲉⲓⲥ"/>
		<feat xlink:href="#sSpan395" value="."/>
		<feat xlink:href="#sSpan400" value="ϩⲱⲥⲧⲉ"/>
		<feat xlink:href="#sSpan409" value="ⲙⲡⲣⲕⲣⲓⲛⲉ"/>
		<feat xlink:href="#sSpan416" value="ⲛⲗⲁⲁⲩ"/>
		<feat xlink:href="#sSpan423" value="ϩⲁⲑⲏ"/>
		<feat xlink:href="#sSpan432" value="ⲙⲡⲉⲩⲟⲉⲓϣ"/>
		<feat xlink:href="#sSpan441" value="ϣⲁⲛⲧⲉⲡϫⲟⲉⲓⲥ"/>
		<feat xlink:href="#sSpan450" value="ⲉⲓ"/>
		<feat xlink:href="#sSpan454" value="."/>
		<feat xlink:href="#sSpan458" value="ⲡⲁⲓ"/>
		<feat xlink:href="#sSpan463" value="ⲉⲧⲛⲁⲣⲟⲩⲟⲉⲓⲛ"/>
		<feat xlink:href="#sSpan473" value="ⲉⲛⲉⲑⲏⲡ"/>
		<feat xlink:href="#sSpan484" value="ϩⲙⲡⲕⲁⲕⲉ"/>
		<feat xlink:href="#sSpan494" value="ⲁⲩⲱ"/>
		<feat xlink:href="#sSpan498" value="ⲛϥⲟⲩⲱⲛϩ"/>
		<feat xlink:href="#sSpan507" value="ⲉⲃⲟⲗ"/>
		<feat xlink:href="#sSpan511" value="ⲛⲛϣⲟϫⲛⲉ"/>
		<feat xlink:href="#sSpan520" value="ⲛⲛϩⲏⲧ"/>
		<feat xlink:href="#sSpan529" value="."/>
		<feat xlink:href="#sSpan534" value="ⲧⲟⲧⲉ"/>
		<feat xlink:href="#sSpan538" value="ⲡⲧⲁⲉⲓⲟ"/>
		<feat xlink:href="#sSpan545" value="ⲙⲡⲟⲩⲁ"/>
		<feat xlink:href="#sSpan554" value="ⲡⲟⲩⲁ"/>
		<feat xlink:href="#sSpan560" value="ⲛⲁϣⲱⲡⲉ"/>
		<feat xlink:href="#sSpan566" value="ⲉⲃⲟⲗ"/>
		<feat xlink:href="#sSpan570" value="ϩⲓⲧⲙⲡⲛⲟⲩⲧⲉ"/>
		<feat xlink:href="#sSpan579" value="."/>
		<feat xlink:href="#sSpan583" value="ⲛⲁⲓ"/>
		<feat xlink:href="#sSpan595" value="ⲇⲉ"/>
		<feat xlink:href="#sSpan600" value="ⲛⲁⲥⲛⲏⲩ"/>
		<feat xlink:href="#sSpan606" value="ⲛⲧⲁⲓϫⲓⲧⲟⲩ"/>
		<feat xlink:href="#sSpan618" value="ⲛⲥⲙⲟⲧ"/>
		<feat xlink:href="#sSpan625" value="ⲉϩⲣⲁⲓ"/>
		<feat xlink:href="#sSpan629" value="ⲉϫⲱⲓ"/>
		<feat xlink:href="#sSpan635" value="ⲙⲛⲁⲡⲟⲗⲗⲱ"/>
		<feat xlink:href="#sSpan643" value="ⲉⲧⲃⲉⲧⲏⲩⲧⲛ"/>
		<feat xlink:href="#sSpan649" value="."/>
		<feat xlink:href="#sSpan653" value="ϫⲉⲕⲁⲁⲥ"/>
		<feat xlink:href="#sSpan657" value="ⲉⲧⲉⲧⲛⲉⲥⲃⲟ"/>
		<feat xlink:href="#sSpan663" value="ⲛϩⲏⲧⲛ"/>
		<feat xlink:href="#sSpan669" value="ⲉⲧⲙⲣϩⲟⲩⲟ"/>
		<feat xlink:href="#sSpan679" value="ⲉⲛⲉⲧⲥⲏϩ"/>
		<feat xlink:href="#sSpan690" value="ϫⲉⲛⲛⲉⲟⲩⲁ"/>
		<feat xlink:href="#sSpan699" value="ϣⲟⲩϣⲟⲩ"/>
		<feat xlink:href="#sSpan703" value="ⲙⲙⲟϥ"/>
		<feat xlink:href="#sSpan709" value="ⲉϫⲛⲟⲩⲁ"/>
		<feat xlink:href="#sSpan716" value="ϩⲁⲟⲩⲁ"/>
		<feat xlink:href="#sSpan723" value="."/>
		<feat xlink:href="#sSpan727" value="ⲛⲓⲙ"/>
		<feat xlink:href="#sSpan737" value="ⲅⲁⲣ"/>
		<feat xlink:href="#sSpan741" value="ⲡⲉⲧⲇⲓⲁⲕⲣⲓⲛⲉ"/>
		<feat xlink:href="#sSpan751" value="ⲙⲙⲟⲕ"/>
		<feat xlink:href="#sSpan758" value="ⲟⲩⲇⲉ"/>
		<feat xlink:href="#sSpan763" value="ⲡⲉⲧⲛⲧⲟⲟⲧⲕ"/>
		<feat xlink:href="#sSpan773" value="ⲉⲙⲡⲕϫⲓⲧϥ"/>
		<feat xlink:href="#sSpan785" value="ⲉϣϫⲉ"/>
		<feat xlink:href="#sSpan789" value="ⲁⲕⲣⲡⲕⲉϫⲓ"/>
		<feat xlink:href="#sSpan805" value="ⲁϩⲣⲟⲕ"/>
		<feat xlink:href="#sSpan811" value="ⲕϣⲟⲩϣⲟⲩ"/>
		<feat xlink:href="#sSpan817" value="ⲙⲙⲟⲕ"/>
		<feat xlink:href="#sSpan824" value="ϩⲱⲥ"/>
		<feat xlink:href="#sSpan828" value="ⲉⲙⲡⲕϫⲓ"/>
		<feat xlink:href="#sSpan838" value="."/>
		<feat xlink:href="#sSpan843" value="ⲏⲇⲏ"/>
		<feat xlink:href="#sSpan852" value="ⲧⲉⲧⲛⲥⲏⲩ"/>
		<feat xlink:href="#sSpan859" value="ⲏⲇⲏ"/>
		<feat xlink:href="#sSpan863" value="ⲁⲧⲉⲧⲛⲣⲣⲙⲙⲁⲟ"/>
		<feat xlink:href="#sSpan873" value="ⲁϫⲛⲧⲛ"/>
		<feat xlink:href="#sSpan879" value="ⲁⲧⲉⲧⲛⲣⲣⲣⲟ"/>
		<feat xlink:href="#sSpan889" value="ⲛⲁⲛⲟⲩⲥ"/>
		<feat xlink:href="#sSpan896" value="ⲇⲉ"/>
		<feat xlink:href="#sSpan900" value="ⲉϣϫⲉⲁⲧⲉⲧⲛⲣⲣⲣⲟ"/>
		<feat xlink:href="#sSpan912" value="ϫⲉⲕⲁⲁⲥ"/>
		<feat xlink:href="#sSpan916" value="ⲉⲛⲉⲣⲣⲣⲟ"/>
		<feat xlink:href="#sSpan924" value="ϩⲱⲱⲛ"/>
		<feat xlink:href="#sSpan930" value="ⲛⲙⲙⲏⲧⲛ"/>
		<feat xlink:href="#sSpan936" value="."/>
		<feat xlink:href="#sSpan940" value="ⲁⲣⲏⲩ"/>
		<feat xlink:href="#sSpan951" value="ⲅⲁⲣ"/>
		<feat xlink:href="#sSpan955" value="ⲛⲧⲁⲡⲛⲟⲩⲧⲉ"/>
		<feat xlink:href="#sSpan966" value="ⲕⲁⲁⲛ"/>
		<feat xlink:href="#sSpan973" value="ⲛⲁⲡⲟⲥⲧⲟⲗⲟⲥ"/>
		<feat xlink:href="#sSpan980" value="ⲛϩⲁⲉ"/>
		<feat xlink:href="#sSpan987" value="ⲛⲧϩⲉ"/>
		<feat xlink:href="#sSpan995" value="ⲛⲛⲓⲉⲡⲓⲑⲁⲛⲁⲧⲏⲥ"/>
		<feat xlink:href="#sSpan1005" value="."/>
		<feat xlink:href="#sSpan1009" value="ϫⲉⲁⲛϣⲱⲡⲉ"/>
		<feat xlink:href="#sSpan1019" value="ⲛⲑⲉⲁⲧⲣⲟⲛ"/>
		<feat xlink:href="#sSpan1027" value="ⲙⲡⲕⲟⲥⲙⲟⲥ"/>
		<feat xlink:href="#sSpan1037" value="ⲁⲩⲱ"/>
		<feat xlink:href="#sSpan1041" value="ⲛⲛⲁⲅⲅⲉⲗⲟⲥ"/>
		<feat xlink:href="#sSpan1051" value="ⲙⲛⲛⲣⲱⲙⲉ"/>
		<feat xlink:href="#sSpan1060" value="."/>
		<feat xlink:href="#sSpan1064" value="ⲁⲛⲟⲛ"/>
		<feat xlink:href="#sSpan1073" value="ⲁⲛⲣⲥⲟϭ"/>
		<feat xlink:href="#sSpan1083" value="ⲉⲧⲃⲉⲡⲉⲭⲣⲓⲥⲧⲟⲥ"/>
		<feat xlink:href="#sSpan1093" value="ⲛⲧⲱⲧⲛ"/>
		<feat xlink:href="#sSpan1098" value="ⲇⲉ"/>
		<feat xlink:href="#sSpan1102" value="ⲛⲧⲉⲧⲛ"/>
		<feat xlink:href="#sSpan1106" value="ϩⲉⲛⲥⲁⲃⲉ"/>
		<feat xlink:href="#sSpan1113" value="ϩⲙⲡⲉⲭⲣⲓⲥⲧⲟⲥ"/>
		<feat xlink:href="#sSpan1123" value="ⲁⲛⲟⲛ"/>
		<feat xlink:href="#sSpan1127" value="ⲧⲛϭⲟⲟⲃ"/>
		<feat xlink:href="#sSpan1133" value="ⲛⲧⲱⲧⲛ"/>
		<feat xlink:href="#sSpan1138" value="ⲇⲉ"/>
		<feat xlink:href="#sSpan1142" value="ⲧⲉⲧⲛϫⲟⲟⲣ"/>
		<feat xlink:href="#sSpan1148" value="ⲛⲧⲱⲧⲛ"/>
		<feat xlink:href="#sSpan1152" value="ⲧⲉⲧⲛⲧⲁⲉⲓⲏⲩ"/>
		<feat xlink:href="#sSpan1158" value="ⲁⲛⲟⲛ"/>
		<feat xlink:href="#sSpan1163" value="ⲇⲉ"/>
		<feat xlink:href="#sSpan1167" value="ⲧⲛⲥⲏϣ"/>
		<feat xlink:href="#sSpan1174" value="ϣⲁϩⲣⲁⲓ"/>
		<feat xlink:href="#sSpan1183" value="ⲉⲧⲉⲉⲓⲟⲩⲛⲟⲩ"/>
		<feat xlink:href="#sSpan1192" value="ⲧⲛϩⲕⲁⲉⲓⲧ"/>
		<feat xlink:href="#sSpan1198" value="ⲧⲛⲟⲃⲉ"/>
		<feat xlink:href="#sSpan1204" value="ⲧⲛⲕⲏⲕⲁϩⲏⲩ"/>
		<feat xlink:href="#sSpan1212" value="ⲥⲉϯⲕⲗⲯ"/>
		<feat xlink:href="#sSpan1221" value="ⲉϫⲱⲛ"/>
		<feat xlink:href="#sSpan1227" value="ⲧⲛϣⲧⲣⲧⲱⲣ"/>
		<feat xlink:href="#sSpan1233" value="."/>
		<feat xlink:href="#sSpan1237" value="ⲧⲛϩⲟⲥⲉ"/>
		<feat xlink:href="#sSpan1248" value="ⲉⲛⲣϩⲱⲃ"/>
		<feat xlink:href="#sSpan1258" value="ϩⲛⲛⲉⲛϭⲓϫ"/>
		<feat xlink:href="#sSpan1267" value="ⲙⲙⲓⲛⲙⲙⲟ"/>
		<feat xlink:href="#sSpan1271" value="ⲛ"/>
		<feat xlink:href="#sSpan1275" value="ⲉⲩⲥⲁϩⲟⲩ"/>
		<feat xlink:href="#sSpan1283" value="ⲙⲙⲟⲛ"/>
		<feat xlink:href="#sSpan1289" value="ⲧⲛⲥⲙⲟⲩ"/>
		<feat xlink:href="#sSpan1295" value="ⲉⲣⲟⲟⲩ"/>
		<feat xlink:href="#sSpan1301" value="ⲉⲩⲡⲏⲧ"/>
		<feat xlink:href="#sSpan1309" value="ⲛⲥⲱⲛ"/>
		<feat xlink:href="#sSpan1315" value="ⲧⲛⲁⲛⲉⲭⲉ"/>
		<feat xlink:href="#sSpan1322" value="ⲙⲙⲟⲟⲩ"/>
		<feat xlink:href="#sSpan1328" value="."/>
		<feat xlink:href="#sSpan1332" value="ⲉⲩϫⲓⲟⲩⲁ"/>
		<feat xlink:href="#sSpan1348" value="ⲉⲣⲟⲛ"/>
		<feat xlink:href="#sSpan1354" value="."/>
		<feat xlink:href="#sSpan1358" value="ⲧⲛⲡⲁⲣⲁⲕⲁⲗⲉⲓ"/>
		<feat xlink:href="#sSpan1365" value="ⲙⲙⲟⲟⲩ"/>
		<feat xlink:href="#sSpan1371" value="ⲛⲧϩⲉ"/>
		<feat xlink:href="#sSpan1379" value="ⲛⲛⲓⲡⲉⲣⲓⲕⲁⲑⲁⲣⲙⲁ"/>
		<feat xlink:href="#sSpan1389" value="ⲙⲡⲕⲟⲥⲙⲟⲥ"/>
		<feat xlink:href="#sSpan1399" value="ⲁⲛⲣϣϥⲉ"/>
		<feat xlink:href="#sSpan1409" value="ⲛⲟⲩⲟⲛ"/>
		<feat xlink:href="#sSpan1417" value="ⲛⲓⲙ"/>
		<feat xlink:href="#sSpan1421" value="ϣⲁϩⲣⲁⲓ"/>
		<feat xlink:href="#sSpan1425" value="ⲉⲧⲉⲓⲟⲩⲛⲟⲩ"/>
		<feat xlink:href="#sSpan1434" value="."/>
		<feat xlink:href="#sSpan1438" value="ⲛⲛⲉⲉⲓϯϣⲓⲡⲉ"/>
		<feat xlink:href="#sSpan1458" value="ⲛⲏⲧⲛ"/>
		<feat xlink:href="#sSpan1464" value="ⲁⲛ"/>
		<feat xlink:href="#sSpan1468" value="ⲉⲓⲥϩⲁⲓ"/>
		<feat xlink:href="#sSpan1476" value="ⲛⲏⲧⲛ"/>
		<feat xlink:href="#sSpan1482" value="ⲛⲛⲁⲓ"/>
		<feat xlink:href="#sSpan1489" value="."/>
		<feat xlink:href="#sSpan1494" value="ⲁⲗⲗⲁ"/>
		<feat xlink:href="#sSpan1498" value="ⲉⲓϯⲥⲃⲱ"/>
		<feat xlink:href="#sSpan1508" value="ⲛⲏⲧⲛ"/>
		<feat xlink:href="#sSpan1515" value="ϩⲱⲥ"/>
		<feat xlink:href="#sSpan1519" value="ϣⲏⲣⲉ"/>
		<feat xlink:href="#sSpan1524" value="ⲙⲙⲉⲣⲓⲧ"/>
		<feat xlink:href="#sSpan1530" value="."/>
		<feat xlink:href="#sSpan1535" value="ⲕⲁⲛ"/>
		<feat xlink:href="#sSpan1544" value="ⲉϣⲱⲡⲉ"/>
		<feat xlink:href="#sSpan1548" value="ⲟⲩⲛⲧⲏⲧⲛ"/>
		<feat xlink:href="#sSpan1554" value="ⲙⲙⲁⲩ"/>
		<feat xlink:href="#sSpan1558" value="ⲛⲟⲩⲧⲃⲁ"/>
		<feat xlink:href="#sSpan1567" value="ⲙⲡⲁⲓⲇⲁⲅⲱⲅⲟⲥ"/>
		<feat xlink:href="#sSpan1574" value="ϩⲙⲡⲉⲭⲣⲓⲥⲧⲟⲥ"/>
		<feat xlink:href="#sSpan1584" value="."/>
		<feat xlink:href="#sSpan1589" value="ⲁⲗⲗⲁ"/>
		<feat xlink:href="#sSpan1593" value="ⲛϩⲁϩ"/>
		<feat xlink:href="#sSpan1600" value="ⲛⲉⲓⲱⲧ"/>
		<feat xlink:href="#sSpan1606" value="ⲁⲛ"/>
		<feat xlink:href="#sSpan1610" value="."/>
		<feat xlink:href="#sSpan1614" value="ⲁⲛⲟⲕ"/>
		<feat xlink:href="#sSpan1619" value="ⲅⲁⲣ"/>
		<feat xlink:href="#sSpan1623" value="ⲁⲓϫⲡⲉⲧⲏⲩⲧⲛ"/>
		<feat xlink:href="#sSpan1633" value="ϩⲙⲡⲉⲭⲣⲓⲥⲧⲟⲥ"/>
		<feat xlink:href="#sSpan1644" value="ⲓⲏⲥⲟⲩⲥ"/>
		<feat xlink:href="#sSpan1648" value="ϩⲓⲧⲙⲡⲉⲩⲁⲅⲅⲉⲗⲓⲟⲛ"/>
		<feat xlink:href="#sSpan1658" value="."/>
		<feat xlink:href="#sSpan1662" value="ϯⲡⲁⲣⲁⲕⲁⲗⲉⲓ"/>
		<feat xlink:href="#sSpan1674" value="ϭⲉ"/>
		<feat xlink:href="#sSpan1678" value="ⲙⲙⲱⲧⲛ"/>
		<feat xlink:href="#sSpan1684" value="ⲧⲛⲧⲛⲧⲏⲩⲧⲛ"/>
		<feat xlink:href="#sSpan1690" value="ⲉⲣⲟⲓ"/>
		<feat xlink:href="#sSpan1696" value="."/>
		<feat xlink:href="#sSpan1701" value="ⲉⲧⲃⲉⲡⲁⲓ"/>
		<feat xlink:href="#sSpan1714" value="ⲁⲓ‎ⲧⲛⲛⲉⲩⲧⲓⲙⲟⲑⲉⲟⲥ"/>
		<feat xlink:href="#sSpan1726" value="ⲛⲏⲧⲛ"/>
		<feat xlink:href="#sSpan1732" value="ⲉⲧⲉⲡⲁⲓ"/>
		<feat xlink:href="#sSpan1738" value="ⲡⲉ"/>
		<feat xlink:href="#sSpan1742" value="ⲡⲁϣⲏⲣⲉ"/>
		<feat xlink:href="#sSpan1748" value="ⲙⲙⲉⲣⲓⲧ"/>
		<feat xlink:href="#sSpan1754" value="ⲁⲩⲱ"/>
		<feat xlink:href="#sSpan1758" value="ⲙⲡⲓⲥⲧⲟⲥ"/>
		<feat xlink:href="#sSpan1765" value="ϩⲙⲡϫⲟⲉⲓⲥ"/>
		<feat xlink:href="#sSpan1774" value="ⲡⲁⲓ"/>
		<feat xlink:href="#sSpan1778" value="ⲉⲧⲛⲁⲧⲣⲉⲧⲛⲣ‎ⲡⲙⲉⲉⲩⲉ"/>
		<feat xlink:href="#sSpan1794" value="ⲛⲛⲁϩⲓⲟⲟⲩⲉ"/>
		<feat xlink:href="#sSpan1803" value="ⲉⲧϩⲙⲡⲉⲭⲣⲓⲥⲧⲟⲥ"/>
		<feat xlink:href="#sSpan1815" value="ⲛⲧϩⲉ"/>
		<feat xlink:href="#sSpan1824" value="ⲉϯϯⲥⲃⲱ"/>
		<feat xlink:href="#sSpan1834" value="ⲙⲙⲟⲥ"/>
		<feat xlink:href="#sSpan1840" value="ϩⲛⲛⲉⲕⲕⲗⲏⲥⲓⲁ"/>
		<feat xlink:href="#sSpan1850" value="ⲧⲏⲣⲟⲩ"/>
		<feat xlink:href="#sSpan1856" value="ϩⲙⲙⲁ"/>
		<feat xlink:href="#sSpan1863" value="ⲛⲓⲙ"/>
		<feat xlink:href="#sSpan1867" value="."/>
		<feat xlink:href="#sSpan1872" value="ϩⲱⲥ"/>
		<feat xlink:href="#sSpan1881" value="ⲉⲛϯⲛⲏⲩ"/>
		<feat xlink:href="#sSpan1892" value="ⲇⲉ"/>
		<feat xlink:href="#sSpan1896" value="ⲁⲛ"/>
		<feat xlink:href="#sSpan1900" value="ϣⲁⲣⲱⲧⲛ"/>
		<feat xlink:href="#sSpan1906" value="ⲁϩⲟⲓⲛⲉ"/>
		<feat xlink:href="#sSpan1913" value="ϫⲓⲥⲉ"/>
		<feat xlink:href="#sSpan1917" value="ⲛϩⲏⲧ"/>
		<feat xlink:href="#sSpan1923" value="ϯⲛⲏⲩ"/>
		<feat xlink:href="#sSpan1935" value="ⲇⲉ"/>
		<feat xlink:href="#sSpan1939" value="ϣⲁⲣⲱⲧⲛ"/>
		<feat xlink:href="#sSpan1945" value="ϩⲛ"/>
		<feat xlink:href="#sSpan1949" value="ⲟⲩϭⲉⲡⲏ"/>
		<feat xlink:href="#sSpan1955" value="ⲉⲣϣⲁⲛⲡϫⲟⲉⲓⲥ"/>
		<feat xlink:href="#sSpan1964" value="ⲣϩⲛⲁϥ"/>
		<feat xlink:href="#sSpan1972" value="."/>
		<feat xlink:href="#sSpan1976" value="ⲛⲧⲁⲉⲓⲙⲉ"/>
		<feat xlink:href="#sSpan1984" value="ⲁⲛ"/>
		<feat xlink:href="#sSpan1988" value="ⲉⲡϣⲁϫⲉ"/>
		<feat xlink:href="#sSpan1997" value="ⲛⲛⲉⲧϫⲟⲥⲉ"/>
		<feat xlink:href="#sSpan2008" value="ⲛϩⲏⲧ"/>
		<feat xlink:href="#sSpan2014" value="."/>
		<feat xlink:href="#sSpan2019" value="ⲁⲗⲗⲁ"/>
		<feat xlink:href="#sSpan2024" value="ⲧⲉⲩϭⲟⲙ"/>
		<feat xlink:href="#sSpan2030" value="."/>
		<feat xlink:href="#sSpan2034" value="ⲧⲙⲛⲧⲣⲣⲟ"/>
		<feat xlink:href="#sSpan2049" value="ⲅⲁⲣ"/>
		<feat xlink:href="#sSpan2053" value="ⲙⲡⲛⲟⲩⲧⲉ"/>
		<feat xlink:href="#sSpan2062" value="ⲛⲉⲥϩⲛϣⲁϫⲉ"/>
		<feat xlink:href="#sSpan2075" value="ⲁⲛ"/>
		<feat xlink:href="#sSpan2079" value="."/>
		<feat xlink:href="#sSpan2084" value="ⲁⲗⲗⲁ"/>
		<feat xlink:href="#sSpan2088" value="ϩⲛⲟⲩϭⲟⲙ"/>
		<feat xlink:href="#sSpan2097" value="."/>
		<feat xlink:href="#sSpan2101" value="ⲟⲩ"/>
		<feat xlink:href="#sSpan2111" value="ⲡⲉⲧⲉⲧⲛⲟⲩⲁϣϥ"/>
		<feat xlink:href="#sSpan2123" value="."/>
		<feat xlink:href="#sSpan2127" value="ⲧⲁⲉⲓ"/>
		<feat xlink:href="#sSpan2133" value="ϣⲁⲣⲱⲧⲛ"/>
		<feat xlink:href="#sSpan2139" value="ϩⲛⲟⲩϭⲉⲣⲱⲃ"/>
		<feat xlink:href="#sSpan2148" value="ϫⲛϩⲛⲟⲩⲁⲅⲁⲡⲏ"/>
		<feat xlink:href="#sSpan2160" value="ⲙⲛⲟⲩⲡⲛⲉⲩⲙⲁ"/>
		<feat xlink:href="#sSpan2170" value="ⲙⲙⲛⲧⲣⲙⲣⲁϣ"/>
		<feat xlink:href="#sSpan2179" value="."/></featList></paula>