<?xml version='1.0' encoding='UTF-8'?><!DOCTYPE paula SYSTEM "paula_feat.dtd">
<paula version="1.1">
	<header paula_id="scriptorium.1Cor_04.mark_orig"/>
	<featList xmlns:xlink="http://www.w3.org/1999/xlink" type="orig" xml:base="scriptorium.1Cor_04.mark.xml">
		<feat xlink:href="#sSpan2" value="ⲧⲁⲓ"/>
		<feat xlink:href="#sSpan13" value="ⲧⲉ"/>
		<feat xlink:href="#sSpan17" value="ⲧ"/>
		<feat xlink:href="#sSpan22" value="ϩⲉ"/>
		<feat xlink:href="#sSpan24" value="ⲙⲁⲣⲉ"/>
		<feat xlink:href="#sSpan28" value="ⲛ"/>
		<feat xlink:href="#sSpan31" value="ⲣⲱⲙⲉ"/>
		<feat xlink:href="#sSpan33" value="ⲟⲡ"/>
		<feat xlink:href="#sSpan37" value="ⲛ"/>
		<feat xlink:href="#sSpan40" value="ϩⲱⲥ"/>
		<feat xlink:href="#sSpan45" value="ϩⲩⲡⲏⲣⲉⲧⲏⲥ"/>
		<feat xlink:href="#sSpan50" value="ⲙ"/>
		<feat xlink:href="#sSpan54" value="ⲡⲉ"/>
		<feat xlink:href="#sSpan58" value="ⲭⲣⲓⲥⲧⲟⲥ"/>
		<feat xlink:href="#sSpan60" value="."/>
		<feat xlink:href="#sSpan64" value="ⲁⲩⲱ"/>
		<feat xlink:href="#sSpan68" value="ⲛ"/>
		<feat xlink:href="#sSpan74" value="ⲟⲓⲕⲟⲛⲟⲙⲟⲥ"/>
		<feat xlink:href="#sSpan76" value="ⲛ"/>
		<feat xlink:href="#sSpan80" value="ⲙ"/>
		<feat xlink:href="#sSpan84" value="ⲙⲩⲥⲧⲏⲣⲓⲟⲛ"/>
		<feat xlink:href="#sSpan86" value="ⲙ"/>
		<feat xlink:href="#sSpan90" value="ⲡ"/>
		<feat xlink:href="#sSpan93" value="ⲛⲟⲩⲧⲉ"/>
		<feat xlink:href="#sSpan95" value="."/>
		<feat xlink:href="#sSpan99" value="ⲉ"/>
		<feat xlink:href="#sSpan109" value="ⲩ"/>
		<feat xlink:href="#sSpan111" value="ϣⲓⲛⲉ"/>
		<feat xlink:href="#sSpan113" value="ϭⲉ"/>
		<feat xlink:href="#sSpan117" value="ⲙ"/>
		<feat xlink:href="#sSpan121" value="ⲡⲉⲓ"/>
		<feat xlink:href="#sSpan124" value="ⲙⲁ"/>
		<feat xlink:href="#sSpan126" value="ϩⲛ"/>
		<feat xlink:href="#sSpan130" value="ⲛ"/>
		<feat xlink:href="#sSpan136" value="ⲟⲓⲕⲟⲛⲟⲙⲟⲥ"/>
		<feat xlink:href="#sSpan138" value="ϫⲉ"/>
		<feat xlink:href="#sSpan142" value="ⲉⲩⲉ"/>
		<feat xlink:href="#sSpan146" value="ϩⲉ"/>
		<feat xlink:href="#sSpan149" value="ⲉ"/>
		<feat xlink:href="#sSpan153" value="ⲩ"/>
		<feat xlink:href="#sSpan157" value="ⲡⲓⲥⲧⲟⲥ"/>
		<feat xlink:href="#sSpan159" value="."/>
		<feat xlink:href="#sSpan163" value="ⲁⲛⲟⲕ"/>
		<feat xlink:href="#sSpan173" value="ⲇⲉ"/>
		<feat xlink:href="#sSpan177" value="ⲟⲩ"/>
		<feat xlink:href="#sSpan183" value="ⲉⲗⲁⲭⲓⲥⲧⲟⲛ"/>
		<feat xlink:href="#sSpan185" value="ⲛⲁ"/>
		<feat xlink:href="#sSpan189" value="ⲓ"/>
		<feat xlink:href="#sSpan191" value="ⲡⲉ"/>
		<feat xlink:href="#sSpan195" value="ⲉ"/>
		<feat xlink:href="#sSpan199" value="ⲧⲣⲉ"/>
		<feat xlink:href="#sSpan201" value="ⲩ"/>
		<feat xlink:href="#sSpan204" value="ⲁⲛⲁⲕⲣⲓⲛⲉ"/>
		<feat xlink:href="#sSpan206" value="ⲙⲙⲟ"/>
		<feat xlink:href="#sSpan210" value="ⲓ"/>
		<feat xlink:href="#sSpan212" value="ϩⲓⲧⲛ"/>
		<feat xlink:href="#sSpan216" value="ⲧⲏⲩⲧⲛ"/>
		<feat xlink:href="#sSpan218" value="."/>
		<feat xlink:href="#sSpan223" value="ⲏ"/>
		<feat xlink:href="#sSpan227" value="ϩⲓⲧⲛ"/>
		<feat xlink:href="#sSpan231" value="ⲟⲩ"/>
		<feat xlink:href="#sSpan234" value="ϩⲟⲟⲩ"/>
		<feat xlink:href="#sSpan236" value="ⲛ"/>
		<feat xlink:href="#sSpan240" value="ⲣⲱⲙⲉ"/>
		<feat xlink:href="#sSpan243" value="."/>
		<feat xlink:href="#sSpan248" value="ⲁⲗⲗⲁ"/>
		<feat xlink:href="#sSpan253" value="ⲟⲩⲇⲉ"/>
		<feat xlink:href="#sSpan257" value="ⲁⲛⲟⲕ"/>
		<feat xlink:href="#sSpan261" value="ⲛ"/>
		<feat xlink:href="#sSpan265" value="ϯ"/>
		<feat xlink:href="#sSpan268" value="ⲁⲛⲁⲕⲣⲓⲛⲉ"/>
		<feat xlink:href="#sSpan270" value="ⲙⲙⲟ"/>
		<feat xlink:href="#sSpan274" value="ⲓ"/>
		<feat xlink:href="#sSpan276" value="ⲁⲛ"/>
		<feat xlink:href="#sSpan280" value="."/>
		<feat xlink:href="#sSpan284" value="ⲛ"/>
		<feat xlink:href="#sSpan293" value="ϯ"/>
		<feat xlink:href="#sSpan295" value="ⲥⲟⲟⲩⲛ"/>
		<feat xlink:href="#sSpan298" value="ⲅⲁⲣ"/>
		<feat xlink:href="#sSpan302" value="ⲁⲛ"/>
		<feat xlink:href="#sSpan306" value="ⲛ"/>
		<feat xlink:href="#sSpan310" value="ⲗⲁⲁⲩ"/>
		<feat xlink:href="#sSpan313" value="ⲉ"/>
		<feat xlink:href="#sSpan318" value="ⲁ"/>
		<feat xlink:href="#sSpan320" value="ⲓ"/>
		<feat xlink:href="#sSpan322" value="ⲁⲁ"/>
		<feat xlink:href="#sSpan324" value="ϥ"/>
		<feat xlink:href="#sSpan326" value="."/>
		<feat xlink:href="#sSpan331" value="ⲁⲗⲗⲁ"/>
		<feat xlink:href="#sSpan335" value="ⲛ"/>
		<feat xlink:href="#sSpan339" value="ⲉ"/>
		<feat xlink:href="#sSpan341" value="ⲓ"/>
		<feat xlink:href="#sSpan343" value="ⲧⲙⲁⲓⲏⲩ"/>
		<feat xlink:href="#sSpan345" value="ⲁⲛ"/>
		<feat xlink:href="#sSpan349" value="ϩⲙ"/>
		<feat xlink:href="#sSpan353" value="ⲡⲁⲓ"/>
		<feat xlink:href="#sSpan356" value="."/>
		<feat xlink:href="#sSpan360" value="ⲡ"/>
		<feat xlink:href="#sSpan365" value="ⲉⲧ"/>
		<feat xlink:href="#sSpan368" value="ⲁⲛⲁⲕⲣⲓⲛⲉ"/>
		<feat xlink:href="#sSpan371" value="ⲇⲉ"/>
		<feat xlink:href="#sSpan375" value="ⲙⲙⲟ"/>
		<feat xlink:href="#sSpan379" value="ⲓ"/>
		<feat xlink:href="#sSpan381" value="ⲡⲉ"/>
		<feat xlink:href="#sSpan385" value="ⲡ"/>
		<feat xlink:href="#sSpan390" value="ϫⲟⲉⲓⲥ"/>
		<feat xlink:href="#sSpan392" value="."/>
		<feat xlink:href="#sSpan397" value="ϩⲱⲥⲧⲉ"/>
		<feat xlink:href="#sSpan406" value="ⲙⲡⲣ"/>
		<feat xlink:href="#sSpan411" value="ⲕⲣⲓⲛⲉ"/>
		<feat xlink:href="#sSpan413" value="ⲛ"/>
		<feat xlink:href="#sSpan417" value="ⲗⲁⲁⲩ"/>
		<feat xlink:href="#sSpan420" value="ϩⲁ"/>
		<feat xlink:href="#sSpan424" value="ⲑ"/>
		<feat xlink:href="#sSpan427" value="ⲏ"/>
		<feat xlink:href="#sSpan429" value="ⲙ"/>
		<feat xlink:href="#sSpan433" value="ⲡⲉ"/>
		<feat xlink:href="#sSpan436" value="ⲩⲟⲉⲓϣ"/>
		<feat xlink:href="#sSpan438" value="ϣⲁⲛⲧⲉ"/>
		<feat xlink:href="#sSpan442" value="ⲡ"/>
		<feat xlink:href="#sSpan445" value="ϫⲟⲉⲓⲥ"/>
		<feat xlink:href="#sSpan447" value="ⲉⲓ"/>
		<feat xlink:href="#sSpan451" value="."/>
		<feat xlink:href="#sSpan455" value="ⲡⲁⲓ"/>
		<feat xlink:href="#sSpan460" value="ⲉⲧ"/>
		<feat xlink:href="#sSpan464" value="ⲛⲁ"/>
		<feat xlink:href="#sSpan467" value="ⲣⲟⲩⲟⲉⲓⲛ"/>
		<feat xlink:href="#sSpan470" value="ⲉ"/>
		<feat xlink:href="#sSpan474" value="ⲛ"/>
		<feat xlink:href="#sSpan477" value="ⲉ"/>
		<feat xlink:href="#sSpan479" value="ⲑⲏⲡ"/>
		<feat xlink:href="#sSpan481" value="ϩⲙ"/>
		<feat xlink:href="#sSpan485" value="ⲡ"/>
		<feat xlink:href="#sSpan489" value="ⲕⲁⲕⲉ"/>
		<feat xlink:href="#sSpan491" value="ⲁⲩⲱ"/>
		<feat xlink:href="#sSpan495" value="ⲛ"/>
		<feat xlink:href="#sSpan499" value="ϥ"/>
		<feat xlink:href="#sSpan501" value="ⲟⲩⲱⲛϩ"/>
		<feat xlink:href="#sSpan504" value="ⲉⲃⲟⲗ"/>
		<feat xlink:href="#sSpan508" value="ⲛ"/>
		<feat xlink:href="#sSpan512" value="ⲛ"/>
		<feat xlink:href="#sSpan515" value="ϣⲟϫⲛⲉ"/>
		<feat xlink:href="#sSpan517" value="ⲛ"/>
		<feat xlink:href="#sSpan521" value="ⲛ"/>
		<feat xlink:href="#sSpan524" value="ϩⲏⲧ"/>
		<feat xlink:href="#sSpan526" value="."/>
		<feat xlink:href="#sSpan531" value="ⲧⲟⲧⲉ"/>
		<feat xlink:href="#sSpan535" value="ⲡ"/>
		<feat xlink:href="#sSpan540" value="ⲧⲁⲉⲓⲟ"/>
		<feat xlink:href="#sSpan542" value="ⲙ"/>
		<feat xlink:href="#sSpan546" value="ⲡ"/>
		<feat xlink:href="#sSpan549" value="ⲟⲩⲁ"/>
		<feat xlink:href="#sSpan551" value="ⲡ"/>
		<feat xlink:href="#sSpan555" value="ⲟⲩⲁ"/>
		<feat xlink:href="#sSpan557" value="ⲛⲁ"/>
		<feat xlink:href="#sSpan561" value="ϣⲱⲡⲉ"/>
		<feat xlink:href="#sSpan563" value="ⲉⲃⲟⲗ"/>
		<feat xlink:href="#sSpan567" value="ϩⲓⲧⲙ"/>
		<feat xlink:href="#sSpan571" value="ⲡ"/>
		<feat xlink:href="#sSpan574" value="ⲛⲟⲩⲧⲉ"/>
		<feat xlink:href="#sSpan576" value="."/>
		<feat xlink:href="#sSpan580" value="ⲛⲁⲓ"/>
		<feat xlink:href="#sSpan592" value="ⲇⲉ"/>
		<feat xlink:href="#sSpan596" value="ⲛⲁ"/>
		<feat xlink:href="#sSpan601" value="ⲥⲛⲏⲩ"/>
		<feat xlink:href="#sSpan603" value="ⲛⲧ"/>
		<feat xlink:href="#sSpan607" value="ⲁ"/>
		<feat xlink:href="#sSpan609" value="ⲓ"/>
		<feat xlink:href="#sSpan611" value="ϫⲓⲧ"/>
		<feat xlink:href="#sSpan613" value="ⲟⲩ"/>
		<feat xlink:href="#sSpan615" value="ⲛ"/>
		<feat xlink:href="#sSpan619" value="ⲥⲙⲟⲧ"/>
		<feat xlink:href="#sSpan622" value="ⲉϩⲣⲁⲓ"/>
		<feat xlink:href="#sSpan626" value="ⲉϫⲱ"/>
		<feat xlink:href="#sSpan630" value="ⲓ"/>
		<feat xlink:href="#sSpan632" value="ⲙⲛ"/>
		<feat xlink:href="#sSpan637" value="ⲁⲡⲟⲗⲗⲱ"/>
		<feat xlink:href="#sSpan640" value="ⲉⲧⲃⲉ"/>
		<feat xlink:href="#sSpan644" value="ⲧⲏⲩⲧⲛ"/>
		<feat xlink:href="#sSpan646" value="."/>
		<feat xlink:href="#sSpan650" value="ϫⲉⲕⲁⲁⲥ"/>
		<feat xlink:href="#sSpan654" value="ⲉⲧⲉⲧⲛⲉ"/>
		<feat xlink:href="#sSpan658" value="ⲥⲃⲟ"/>
		<feat xlink:href="#sSpan660" value="ⲛϩⲏⲧ"/>
		<feat xlink:href="#sSpan664" value="ⲛ"/>
		<feat xlink:href="#sSpan666" value="ⲉ"/>
		<feat xlink:href="#sSpan670" value="ⲧⲙ"/>
		<feat xlink:href="#sSpan673" value="ⲣϩⲟⲩⲟ"/>
		<feat xlink:href="#sSpan676" value="ⲉ"/>
		<feat xlink:href="#sSpan680" value="ⲛ"/>
		<feat xlink:href="#sSpan683" value="ⲉⲧ"/>
		<feat xlink:href="#sSpan685" value="ⲥⲏϩ"/>
		<feat xlink:href="#sSpan687" value="ϫⲉ"/>
		<feat xlink:href="#sSpan691" value="ⲛⲛⲉ"/>
		<feat xlink:href="#sSpan693" value="ⲟⲩⲁ"/>
		<feat xlink:href="#sSpan696" value="ϣⲟⲩϣⲟⲩ"/>
		<feat xlink:href="#sSpan700" value="ⲙⲙⲟ"/>
		<feat xlink:href="#sSpan704" value="ϥ"/>
		<feat xlink:href="#sSpan706" value="ⲉϫⲛ"/>
		<feat xlink:href="#sSpan710" value="ⲟⲩⲁ"/>
		<feat xlink:href="#sSpan713" value="ϩⲁ"/>
		<feat xlink:href="#sSpan717" value="ⲟⲩⲁ"/>
		<feat xlink:href="#sSpan720" value="."/>
		<feat xlink:href="#sSpan724" value="ⲛⲓⲙ"/>
		<feat xlink:href="#sSpan734" value="ⲅⲁⲣ"/>
		<feat xlink:href="#sSpan738" value="ⲡ"/>
		<feat xlink:href="#sSpan743" value="ⲉⲧ"/>
		<feat xlink:href="#sSpan746" value="ⲇⲓⲁⲕⲣⲓⲛⲉ"/>
		<feat xlink:href="#sSpan748" value="ⲙⲙⲟ"/>
		<feat xlink:href="#sSpan752" value="ⲕ"/>
		<feat xlink:href="#sSpan755" value="ⲟⲩⲇⲉ"/>
		<feat xlink:href="#sSpan759" value="ⲡ"/>
		<feat xlink:href="#sSpan764" value="ⲉⲧ"/>
		<feat xlink:href="#sSpan766" value="ⲛⲧⲟⲟⲧ"/>
		<feat xlink:href="#sSpan768" value="ⲕ"/>
		<feat xlink:href="#sSpan770" value="ⲉ"/>
		<feat xlink:href="#sSpan774" value="ⲙⲡ"/>
		<feat xlink:href="#sSpan776" value="ⲕ"/>
		<feat xlink:href="#sSpan778" value="ϫⲓⲧ"/>
		<feat xlink:href="#sSpan780" value="ϥ"/>
		<feat xlink:href="#sSpan782" value="ⲉϣϫⲉ"/>
		<feat xlink:href="#sSpan786" value="ⲁ"/>
		<feat xlink:href="#sSpan790" value="ⲕ"/>
		<feat xlink:href="#sSpan792" value="ⲣ"/>
		<feat xlink:href="#sSpan795" value="ⲡ"/>
		<feat xlink:href="#sSpan798" value="ⲕⲉ"/>
		<feat xlink:href="#sSpan800" value="ϫⲓ"/>
		<feat xlink:href="#sSpan802" value="ⲁϩⲣⲟ"/>
		<feat xlink:href="#sSpan806" value="ⲕ"/>
		<feat xlink:href="#sSpan808" value="ⲕ"/>
		<feat xlink:href="#sSpan812" value="ϣⲟⲩϣⲟⲩ"/>
		<feat xlink:href="#sSpan814" value="ⲙⲙⲟ"/>
		<feat xlink:href="#sSpan818" value="ⲕ"/>
		<feat xlink:href="#sSpan821" value="ϩⲱⲥ"/>
		<feat xlink:href="#sSpan825" value="ⲉ"/>
		<feat xlink:href="#sSpan829" value="ⲙⲡ"/>
		<feat xlink:href="#sSpan831" value="ⲕ"/>
		<feat xlink:href="#sSpan833" value="ϫⲓ"/>
		<feat xlink:href="#sSpan835" value="."/>
		<feat xlink:href="#sSpan840" value="ⲏⲇⲏ"/>
		<feat xlink:href="#sSpan849" value="ⲧⲉⲧⲛ"/>
		<feat xlink:href="#sSpan853" value="ⲥⲏⲩ"/>
		<feat xlink:href="#sSpan856" value="ⲏⲇⲏ"/>
		<feat xlink:href="#sSpan860" value="ⲁ"/>
		<feat xlink:href="#sSpan864" value="ⲧⲉⲧⲛ"/>
		<feat xlink:href="#sSpan867" value="ⲣⲣⲙⲙⲁⲟ"/>
		<feat xlink:href="#sSpan870" value="ⲁϫⲛⲧ"/>
		<feat xlink:href="#sSpan874" value="ⲛ"/>
		<feat xlink:href="#sSpan876" value="ⲁ"/>
		<feat xlink:href="#sSpan880" value="ⲧⲉⲧⲛ"/>
		<feat xlink:href="#sSpan883" value="ⲣⲣⲣⲟ"/>
		<feat xlink:href="#sSpan886" value="ⲛⲁⲛⲟⲩ"/>
		<feat xlink:href="#sSpan890" value="ⲥ"/>
		<feat xlink:href="#sSpan893" value="ⲇⲉ"/>
		<feat xlink:href="#sSpan897" value="ⲉϣϫⲉ"/>
		<feat xlink:href="#sSpan901" value="ⲁ"/>
		<feat xlink:href="#sSpan905" value="ⲧⲉⲧⲛ"/>
		<feat xlink:href="#sSpan908" value="ⲣⲣⲣⲟ"/>
		<feat xlink:href="#sSpan911" value="ϫⲉⲕⲁⲁⲥ"/>
		<feat xlink:href="#sSpan915" value="ⲉⲛⲉ"/>
		<feat xlink:href="#sSpan920" value="ⲣⲣⲣⲟ"/>
		<feat xlink:href="#sSpan923" value="ϩⲱⲱ"/>
		<feat xlink:href="#sSpan927" value="ⲛ"/>
		<feat xlink:href="#sSpan929" value="ⲛⲙⲙⲏ"/>
		<feat xlink:href="#sSpan933" value="ⲧⲛ"/>
		<feat xlink:href="#sSpan935" value="."/>
		<feat xlink:href="#sSpan939" value="ⲁⲣⲏⲩ"/>
		<feat xlink:href="#sSpan950" value="ⲅⲁⲣ"/>
		<feat xlink:href="#sSpan954" value="ⲛⲧ"/>
		<feat xlink:href="#sSpan958" value="ⲁ"/>
		<feat xlink:href="#sSpan960" value="ⲡ"/>
		<feat xlink:href="#sSpan963" value="ⲛⲟⲩⲧⲉ"/>
		<feat xlink:href="#sSpan965" value="ⲕⲁⲁ"/>
		<feat xlink:href="#sSpan969" value="ⲛ"/>
		<feat xlink:href="#sSpan971" value="ⲛ"/>
		<feat xlink:href="#sSpan977" value="ⲁⲡⲟⲥⲧⲟⲗⲟⲥ"/>
		<feat xlink:href="#sSpan979" value="ⲛ"/>
		<feat xlink:href="#sSpan983" value="ϩⲁⲉ"/>
		<feat xlink:href="#sSpan986" value="ⲛ"/>
		<feat xlink:href="#sSpan990" value="ⲧ"/>
		<feat xlink:href="#sSpan992" value="ϩⲉ"/>
		<feat xlink:href="#sSpan994" value="ⲛ"/>
		<feat xlink:href="#sSpan998" value="ⲛⲓ"/>
		<feat xlink:href="#sSpan1002" value="ⲉⲡⲓⲑⲁⲛⲁⲧⲏⲥ"/>
		<feat xlink:href="#sSpan1004" value="."/>
		<feat xlink:href="#sSpan1008" value="ϫⲉ"/>
		<feat xlink:href="#sSpan1012" value="ⲁ"/>
		<feat xlink:href="#sSpan1014" value="ⲛ"/>
		<feat xlink:href="#sSpan1016" value="ϣⲱⲡⲉ"/>
		<feat xlink:href="#sSpan1018" value="ⲛ"/>
		<feat xlink:href="#sSpan1023" value="ⲑⲉⲁⲧⲣⲟⲛ"/>
		<feat xlink:href="#sSpan1026" value="ⲙ"/>
		<feat xlink:href="#sSpan1030" value="ⲡ"/>
		<feat xlink:href="#sSpan1034" value="ⲕⲟⲥⲙⲟⲥ"/>
		<feat xlink:href="#sSpan1036" value="ⲁⲩⲱ"/>
		<feat xlink:href="#sSpan1040" value="ⲛ"/>
		<feat xlink:href="#sSpan1044" value="ⲛ"/>
		<feat xlink:href="#sSpan1048" value="ⲁⲅⲅⲉⲗⲟⲥ"/>
		<feat xlink:href="#sSpan1050" value="ⲙⲛ"/>
		<feat xlink:href="#sSpan1054" value="ⲛ"/>
		<feat xlink:href="#sSpan1057" value="ⲣⲱⲙⲉ"/>
		<feat xlink:href="#sSpan1059" value="."/>
		<feat xlink:href="#sSpan1063" value="ⲁⲛⲟⲛ"/>
		<feat xlink:href="#sSpan1072" value="ⲁ"/>
		<feat xlink:href="#sSpan1076" value="ⲛ"/>
		<feat xlink:href="#sSpan1079" value="ⲣⲥⲟϭ"/>
		<feat xlink:href="#sSpan1082" value="ⲉⲧⲃⲉ"/>
		<feat xlink:href="#sSpan1086" value="ⲡⲉ"/>
		<feat xlink:href="#sSpan1090" value="ⲭⲣⲓⲥⲧⲟⲥ"/>
		<feat xlink:href="#sSpan1092" value="ⲛⲧⲱⲧⲛ"/>
		<feat xlink:href="#sSpan1097" value="ⲇⲉ"/>
		<feat xlink:href="#sSpan1101" value="ⲛⲧⲉⲧⲛ"/>
		<feat xlink:href="#sSpan1105" value="ϩⲉⲛ"/>
		<feat xlink:href="#sSpan1110" value="ⲥⲁⲃⲉ"/>
		<feat xlink:href="#sSpan1112" value="ϩⲙ"/>
		<feat xlink:href="#sSpan1116" value="ⲡⲉ"/>
		<feat xlink:href="#sSpan1120" value="ⲭⲣⲓⲥⲧⲟⲥ"/>
		<feat xlink:href="#sSpan1122" value="ⲁⲛⲟⲛ"/>
		<feat xlink:href="#sSpan1126" value="ⲧⲛ"/>
		<feat xlink:href="#sSpan1130" value="ϭⲟⲟⲃ"/>
		<feat xlink:href="#sSpan1132" value="ⲛⲧⲱⲧⲛ"/>
		<feat xlink:href="#sSpan1137" value="ⲇⲉ"/>
		<feat xlink:href="#sSpan1141" value="ⲧⲉⲧⲛ"/>
		<feat xlink:href="#sSpan1145" value="ϫⲟⲟⲣ"/>
		<feat xlink:href="#sSpan1147" value="ⲛⲧⲱⲧⲛ"/>
		<feat xlink:href="#sSpan1151" value="ⲧⲉⲧⲛ"/>
		<feat xlink:href="#sSpan1155" value="ⲧⲁⲉⲓⲏⲩ"/>
		<feat xlink:href="#sSpan1157" value="ⲁⲛⲟⲛ"/>
		<feat xlink:href="#sSpan1162" value="ⲇⲉ"/>
		<feat xlink:href="#sSpan1166" value="ⲧⲛ"/>
		<feat xlink:href="#sSpan1170" value="ⲥⲏϣ"/>
		<feat xlink:href="#sSpan1173" value="ϣⲁϩⲣⲁⲓ"/>
		<feat xlink:href="#sSpan1182" value="ⲉ"/>
		<feat xlink:href="#sSpan1186" value="ⲧⲉⲉⲓ"/>
		<feat xlink:href="#sSpan1189" value="ⲟⲩⲛⲟⲩ"/>
		<feat xlink:href="#sSpan1191" value="ⲧⲛ"/>
		<feat xlink:href="#sSpan1195" value="ϩⲕⲁⲉⲓⲧ"/>
		<feat xlink:href="#sSpan1197" value="ⲧⲛ"/>
		<feat xlink:href="#sSpan1201" value="ⲟⲃⲉ"/>
		<feat xlink:href="#sSpan1203" value="ⲧⲛ"/>
		<feat xlink:href="#sSpan1208" value="ⲕⲏⲕⲁϩⲏⲩ"/>
		<feat xlink:href="#sSpan1211" value="ⲥⲉ"/>
		<feat xlink:href="#sSpan1216" value="ϯⲕⲗⲯ"/>
		<feat xlink:href="#sSpan1220" value="ⲉϫⲱ"/>
		<feat xlink:href="#sSpan1224" value="ⲛ"/>
		<feat xlink:href="#sSpan1226" value="ⲧⲛ"/>
		<feat xlink:href="#sSpan1230" value="ϣⲧⲣⲧⲱⲣ"/>
		<feat xlink:href="#sSpan1232" value="."/>
		<feat xlink:href="#sSpan1236" value="ⲧⲛ"/>
		<feat xlink:href="#sSpan1245" value="ϩⲟⲥⲉ"/>
		<feat xlink:href="#sSpan1247" value="ⲉ"/>
		<feat xlink:href="#sSpan1251" value="ⲛ"/>
		<feat xlink:href="#sSpan1254" value="ⲣϩⲱⲃ"/>
		<feat xlink:href="#sSpan1257" value="ϩⲛ"/>
		<feat xlink:href="#sSpan1261" value="ⲛⲉⲛ"/>
		<feat xlink:href="#sSpan1264" value="ϭⲓϫ"/>
		<feat xlink:href="#sSpan1266" value="ⲙⲙⲓⲛⲙⲙⲟ"/>
		<feat xlink:href="#sSpan1270" value="ⲛ"/>
		<feat xlink:href="#sSpan1274" value="ⲉ"/>
		<feat xlink:href="#sSpan1278" value="ⲩ"/>
		<feat xlink:href="#sSpan1280" value="ⲥⲁϩⲟⲩ"/>
		<feat xlink:href="#sSpan1282" value="ⲙⲙⲟ"/>
		<feat xlink:href="#sSpan1286" value="ⲛ"/>
		<feat xlink:href="#sSpan1288" value="ⲧⲛ"/>
		<feat xlink:href="#sSpan1292" value="ⲥⲙⲟⲩ"/>
		<feat xlink:href="#sSpan1294" value="ⲉⲣⲟ"/>
		<feat xlink:href="#sSpan1298" value="ⲟⲩ"/>
		<feat xlink:href="#sSpan1300" value="ⲉ"/>
		<feat xlink:href="#sSpan1304" value="ⲩ"/>
		<feat xlink:href="#sSpan1306" value="ⲡⲏⲧ"/>
		<feat xlink:href="#sSpan1308" value="ⲛⲥⲱ"/>
		<feat xlink:href="#sSpan1312" value="ⲛ"/>
		<feat xlink:href="#sSpan1314" value="ⲧⲛ"/>
		<feat xlink:href="#sSpan1319" value="ⲁⲛⲉⲭⲉ"/>
		<feat xlink:href="#sSpan1321" value="ⲙⲙⲟ"/>
		<feat xlink:href="#sSpan1325" value="ⲟⲩ"/>
		<feat xlink:href="#sSpan1327" value="."/>
		<feat xlink:href="#sSpan1331" value="ⲉ"/>
		<feat xlink:href="#sSpan1341" value="ⲩ"/>
		<feat xlink:href="#sSpan1344" value="ϫⲓⲟⲩⲁ"/>
		<feat xlink:href="#sSpan1347" value="ⲉⲣⲟ"/>
		<feat xlink:href="#sSpan1351" value="ⲛ"/>
		<feat xlink:href="#sSpan1353" value="."/>
		<feat xlink:href="#sSpan1357" value="ⲧⲛ"/>
		<feat xlink:href="#sSpan1362" value="ⲡⲁⲣⲁⲕⲁⲗⲉⲓ"/>
		<feat xlink:href="#sSpan1364" value="ⲙⲙⲟ"/>
		<feat xlink:href="#sSpan1368" value="ⲟⲩ"/>
		<feat xlink:href="#sSpan1370" value="ⲛ"/>
		<feat xlink:href="#sSpan1374" value="ⲧ"/>
		<feat xlink:href="#sSpan1376" value="ϩⲉ"/>
		<feat xlink:href="#sSpan1378" value="ⲛ"/>
		<feat xlink:href="#sSpan1382" value="ⲛⲓ"/>
		<feat xlink:href="#sSpan1386" value="ⲡⲉⲣⲓⲕⲁⲑⲁⲣⲙⲁ"/>
		<feat xlink:href="#sSpan1388" value="ⲙ"/>
		<feat xlink:href="#sSpan1392" value="ⲡ"/>
		<feat xlink:href="#sSpan1396" value="ⲕⲟⲥⲙⲟⲥ"/>
		<feat xlink:href="#sSpan1398" value="ⲁ"/>
		<feat xlink:href="#sSpan1402" value="ⲛ"/>
		<feat xlink:href="#sSpan1405" value="ⲣϣϥⲉ"/>
		<feat xlink:href="#sSpan1408" value="ⲛ"/>
		<feat xlink:href="#sSpan1412" value="ⲟⲩⲟⲛ"/>
		<feat xlink:href="#sSpan1416" value="ⲛⲓⲙ"/>
		<feat xlink:href="#sSpan1420" value="ϣⲁϩⲣⲁⲓ"/>
		<feat xlink:href="#sSpan1424" value="ⲉ"/>
		<feat xlink:href="#sSpan1428" value="ⲧⲉⲓ"/>
		<feat xlink:href="#sSpan1431" value="ⲟⲩⲛⲟⲩ"/>
		<feat xlink:href="#sSpan1433" value="."/>
		<feat xlink:href="#sSpan1437" value="ⲛ"/>
		<feat xlink:href="#sSpan1447" value="ⲛⲉ"/>
		<feat xlink:href="#sSpan1449" value="ⲉ"/>
		<feat xlink:href="#sSpan1451" value="ⲓ"/>
		<feat xlink:href="#sSpan1454" value="ϯϣⲓⲡⲉ"/>
		<feat xlink:href="#sSpan1457" value="ⲛⲏ"/>
		<feat xlink:href="#sSpan1461" value="ⲧⲛ"/>
		<feat xlink:href="#sSpan1463" value="ⲁⲛ"/>
		<feat xlink:href="#sSpan1467" value="ⲉ"/>
		<feat xlink:href="#sSpan1471" value="ⲓ"/>
		<feat xlink:href="#sSpan1473" value="ⲥϩⲁⲓ"/>
		<feat xlink:href="#sSpan1475" value="ⲛⲏ"/>
		<feat xlink:href="#sSpan1479" value="ⲧⲛ"/>
		<feat xlink:href="#sSpan1481" value="ⲛ"/>
		<feat xlink:href="#sSpan1485" value="ⲛⲁⲓ"/>
		<feat xlink:href="#sSpan1488" value="."/>
		<feat xlink:href="#sSpan1493" value="ⲁⲗⲗⲁ"/>
		<feat xlink:href="#sSpan1497" value="ⲉ"/>
		<feat xlink:href="#sSpan1501" value="ⲓ"/>
		<feat xlink:href="#sSpan1504" value="ϯⲥⲃⲱ"/>
		<feat xlink:href="#sSpan1507" value="ⲛⲏ"/>
		<feat xlink:href="#sSpan1511" value="ⲧⲛ"/>
		<feat xlink:href="#sSpan1514" value="ϩⲱⲥ"/>
		<feat xlink:href="#sSpan1518" value="ϣⲏⲣⲉ"/>
		<feat xlink:href="#sSpan1523" value="ⲙ"/>
		<feat xlink:href="#sSpan1527" value="ⲙⲉⲣⲓⲧ"/>
		<feat xlink:href="#sSpan1529" value="."/>
		<feat xlink:href="#sSpan1534" value="ⲕⲁⲛ"/>
		<feat xlink:href="#sSpan1543" value="ⲉϣⲱⲡⲉ"/>
		<feat xlink:href="#sSpan1547" value="ⲟⲩⲛⲧⲏ"/>
		<feat xlink:href="#sSpan1551" value="ⲧⲛ"/>
		<feat xlink:href="#sSpan1553" value="ⲙⲙⲁⲩ"/>
		<feat xlink:href="#sSpan1557" value="ⲛ"/>
		<feat xlink:href="#sSpan1561" value="ⲟⲩ"/>
		<feat xlink:href="#sSpan1564" value="ⲧⲃⲁ"/>
		<feat xlink:href="#sSpan1566" value="ⲙ"/>
		<feat xlink:href="#sSpan1571" value="ⲡⲁⲓⲇⲁⲅⲱⲅⲟⲥ"/>
		<feat xlink:href="#sSpan1573" value="ϩⲙ"/>
		<feat xlink:href="#sSpan1577" value="ⲡⲉ"/>
		<feat xlink:href="#sSpan1581" value="ⲭⲣⲓⲥⲧⲟⲥ"/>
		<feat xlink:href="#sSpan1583" value="."/>
		<feat xlink:href="#sSpan1588" value="ⲁⲗⲗⲁ"/>
		<feat xlink:href="#sSpan1592" value="ⲛ"/>
		<feat xlink:href="#sSpan1596" value="ϩⲁϩ"/>
		<feat xlink:href="#sSpan1599" value="ⲛ"/>
		<feat xlink:href="#sSpan1603" value="ⲉⲓⲱⲧ"/>
		<feat xlink:href="#sSpan1605" value="ⲁⲛ"/>
		<feat xlink:href="#sSpan1609" value="."/>
		<feat xlink:href="#sSpan1613" value="ⲁⲛⲟⲕ"/>
		<feat xlink:href="#sSpan1618" value="ⲅⲁⲣ"/>
		<feat xlink:href="#sSpan1622" value="ⲁ"/>
		<feat xlink:href="#sSpan1626" value="ⲓ"/>
		<feat xlink:href="#sSpan1628" value="ϫⲡⲉ"/>
		<feat xlink:href="#sSpan1630" value="ⲧⲏⲩⲧⲛ"/>
		<feat xlink:href="#sSpan1632" value="ϩⲙ"/>
		<feat xlink:href="#sSpan1636" value="ⲡⲉ"/>
		<feat xlink:href="#sSpan1641" value="ⲭⲣⲓⲥⲧⲟⲥ"/>
		<feat xlink:href="#sSpan1644" value="ⲓⲏⲥⲟⲩⲥ"/>
		<feat xlink:href="#sSpan1648" value="ϩⲓⲧⲙ"/>
		<feat xlink:href="#sSpan1652" value="ⲡ"/>
		<feat xlink:href="#sSpan1656" value="ⲉⲩⲁⲅⲅⲉⲗⲓⲟⲛ"/>
		<feat xlink:href="#sSpan1658" value="."/>
		<feat xlink:href="#sSpan1662" value="ϯ"/>
		<feat xlink:href="#sSpan1672" value="ⲡⲁⲣⲁⲕⲁⲗⲉⲓ"/>
		<feat xlink:href="#sSpan1674" value="ϭⲉ"/>
		<feat xlink:href="#sSpan1678" value="ⲙⲙⲱ"/>
		<feat xlink:href="#sSpan1682" value="ⲧⲛ"/>
		<feat xlink:href="#sSpan1684" value="ⲧⲛⲧⲛ"/>
		<feat xlink:href="#sSpan1688" value="ⲧⲏⲩⲧⲛ"/>
		<feat xlink:href="#sSpan1690" value="ⲉⲣⲟ"/>
		<feat xlink:href="#sSpan1694" value="ⲓ"/>
		<feat xlink:href="#sSpan1696" value="."/>
		<feat xlink:href="#sSpan1700" value="ⲉⲧⲃⲉ"/>
		<feat xlink:href="#sSpan1711" value="ⲡⲁⲓ"/>
		<feat xlink:href="#sSpan1714" value="ⲁ"/>
		<feat xlink:href="#sSpan1718" value="ⲓ‎"/>
		<feat xlink:href="#sSpan1720" value="ⲧⲛⲛⲉⲩ"/>
		<feat xlink:href="#sSpan1723" value="ⲧⲓⲙⲟⲑⲉⲟⲥ"/>
		<feat xlink:href="#sSpan1727" value="ⲛⲏ"/>
		<feat xlink:href="#sSpan1731" value="ⲧⲛ"/>
		<feat xlink:href="#sSpan1733" value="ⲉⲧⲉ"/>
		<feat xlink:href="#sSpan1737" value="ⲡⲁⲓ"/>
		<feat xlink:href="#sSpan1739" value="ⲡⲉ"/>
		<feat xlink:href="#sSpan1743" value="ⲡⲁ"/>
		<feat xlink:href="#sSpan1747" value="ϣⲏⲣⲉ"/>
		<feat xlink:href="#sSpan1749" value="ⲙ"/>
		<feat xlink:href="#sSpan1753" value="ⲙⲉⲣⲓⲧ"/>
		<feat xlink:href="#sSpan1755" value="ⲁⲩⲱ"/>
		<feat xlink:href="#sSpan1759" value="ⲙ"/>
		<feat xlink:href="#sSpan1764" value="ⲡⲓⲥⲧⲟⲥ"/>
		<feat xlink:href="#sSpan1766" value="ϩⲙ"/>
		<feat xlink:href="#sSpan1770" value="ⲡ"/>
		<feat xlink:href="#sSpan1773" value="ϫⲟⲉⲓⲥ"/>
		<feat xlink:href="#sSpan1775" value="ⲡⲁⲓ"/>
		<feat xlink:href="#sSpan1779" value="ⲉⲧ"/>
		<feat xlink:href="#sSpan1783" value="ⲛⲁ"/>
		<feat xlink:href="#sSpan1785" value="ⲧⲣⲉ"/>
		<feat xlink:href="#sSpan1787" value="ⲧⲛ"/>
		<feat xlink:href="#sSpan1789" value="ⲣ"/>
		<feat xlink:href="#sSpan1791" value="ⲡ"/>
		<feat xlink:href="#sSpan1793" value="ⲙⲉⲉⲩⲉ"/>
		<feat xlink:href="#sSpan1795" value="ⲛ"/>
		<feat xlink:href="#sSpan1799" value="ⲛⲁ"/>
		<feat xlink:href="#sSpan1802" value="ϩⲓⲟⲟⲩⲉ"/>
		<feat xlink:href="#sSpan1804" value="ⲉⲧ"/>
		<feat xlink:href="#sSpan1808" value="ϩⲙ"/>
		<feat xlink:href="#sSpan1810" value="ⲡⲉ"/>
		<feat xlink:href="#sSpan1814" value="ⲭⲣⲓⲥⲧⲟⲥ"/>
		<feat xlink:href="#sSpan1816" value="ⲛ"/>
		<feat xlink:href="#sSpan1820" value="ⲧ"/>
		<feat xlink:href="#sSpan1822" value="ϩⲉ"/>
		<feat xlink:href="#sSpan1825" value="ⲉ"/>
		<feat xlink:href="#sSpan1829" value="ϯ"/>
		<feat xlink:href="#sSpan1832" value="ϯⲥⲃⲱ"/>
		<feat xlink:href="#sSpan1835" value="ⲙⲙⲟ"/>
		<feat xlink:href="#sSpan1839" value="ⲥ"/>
		<feat xlink:href="#sSpan1841" value="ϩⲛ"/>
		<feat xlink:href="#sSpan1845" value="ⲛ"/>
		<feat xlink:href="#sSpan1849" value="ⲉⲕⲕⲗⲏⲥⲓⲁ"/>
		<feat xlink:href="#sSpan1851" value="ⲧⲏⲣ"/>
		<feat xlink:href="#sSpan1855" value="ⲟⲩ"/>
		<feat xlink:href="#sSpan1857" value="ϩⲙ"/>
		<feat xlink:href="#sSpan1861" value="ⲙⲁ"/>
		<feat xlink:href="#sSpan1864" value="ⲛⲓⲙ"/>
		<feat xlink:href="#sSpan1868" value="."/>
		<feat xlink:href="#sSpan1873" value="ϩⲱⲥ"/>
		<feat xlink:href="#sSpan1882" value="ⲉ"/>
		<feat xlink:href="#sSpan1886" value="ⲛ"/>
		<feat xlink:href="#sSpan1888" value="ϯ"/>
		<feat xlink:href="#sSpan1890" value="ⲛⲏⲩ"/>
		<feat xlink:href="#sSpan1893" value="ⲇⲉ"/>
		<feat xlink:href="#sSpan1897" value="ⲁⲛ"/>
		<feat xlink:href="#sSpan1901" value="ϣⲁⲣⲱ"/>
		<feat xlink:href="#sSpan1905" value="ⲧⲛ"/>
		<feat xlink:href="#sSpan1907" value="ⲁ"/>
		<feat xlink:href="#sSpan1911" value="ϩⲟⲓⲛⲉ"/>
		<feat xlink:href="#sSpan1914" value="ϫⲓⲥⲉ"/>
		<feat xlink:href="#sSpan1918" value="ⲛ"/>
		<feat xlink:href="#sSpan1922" value="ϩⲏⲧ"/>
		<feat xlink:href="#sSpan1924" value="ϯ"/>
		<feat xlink:href="#sSpan1933" value="ⲛⲏⲩ"/>
		<feat xlink:href="#sSpan1936" value="ⲇⲉ"/>
		<feat xlink:href="#sSpan1940" value="ϣⲁⲣⲱ"/>
		<feat xlink:href="#sSpan1944" value="ⲧⲛ"/>
		<feat xlink:href="#sSpan1946" value="ϩⲛ"/>
		<feat xlink:href="#sSpan1950" value="ⲟⲩ"/>
		<feat xlink:href="#sSpan1954" value="ϭⲉⲡⲏ"/>
		<feat xlink:href="#sSpan1956" value="ⲉⲣϣⲁⲛ"/>
		<feat xlink:href="#sSpan1960" value="ⲡ"/>
		<feat xlink:href="#sSpan1963" value="ϫⲟⲉⲓⲥ"/>
		<feat xlink:href="#sSpan1965" value="ⲣ"/>
		<feat xlink:href="#sSpan1969" value="ϩⲛⲁ"/>
		<feat xlink:href="#sSpan1971" value="ϥ"/>
		<feat xlink:href="#sSpan1973" value="."/>
		<feat xlink:href="#sSpan1977" value="ⲛ"/>
		<feat xlink:href="#sSpan1981" value="ⲧⲁ"/>
		<feat xlink:href="#sSpan1983" value="ⲉⲓⲙⲉ"/>
		<feat xlink:href="#sSpan1985" value="ⲁⲛ"/>
		<feat xlink:href="#sSpan1989" value="ⲉ"/>
		<feat xlink:href="#sSpan1993" value="ⲡ"/>
		<feat xlink:href="#sSpan1996" value="ϣⲁϫⲉ"/>
		<feat xlink:href="#sSpan1998" value="ⲛ"/>
		<feat xlink:href="#sSpan2002" value="ⲛ"/>
		<feat xlink:href="#sSpan2005" value="ⲉⲧ"/>
		<feat xlink:href="#sSpan2007" value="ϫⲟⲥⲉ"/>
		<feat xlink:href="#sSpan2009" value="ⲛ"/>
		<feat xlink:href="#sSpan2013" value="ϩⲏⲧ"/>
		<feat xlink:href="#sSpan2015" value="."/>
		<feat xlink:href="#sSpan2020" value="ⲁⲗⲗⲁ"/>
		<feat xlink:href="#sSpan2024" value="ⲧⲉⲩ"/>
		<feat xlink:href="#sSpan2029" value="ϭⲟⲙ"/>
		<feat xlink:href="#sSpan2031" value="."/>
		<feat xlink:href="#sSpan2035" value="ⲧ"/>
		<feat xlink:href="#sSpan2046" value="ⲙⲛⲧⲣⲣⲟ"/>
		<feat xlink:href="#sSpan2050" value="ⲅⲁⲣ"/>
		<feat xlink:href="#sSpan2054" value="ⲙ"/>
		<feat xlink:href="#sSpan2058" value="ⲡ"/>
		<feat xlink:href="#sSpan2061" value="ⲛⲟⲩⲧⲉ"/>
		<feat xlink:href="#sSpan2063" value="ⲛ"/>
		<feat xlink:href="#sSpan2067" value="ⲉ"/>
		<feat xlink:href="#sSpan2069" value="ⲥ"/>
		<feat xlink:href="#sSpan2071" value="ϩⲛ"/>
		<feat xlink:href="#sSpan2073" value="ϣⲁϫⲉ"/>
		<feat xlink:href="#sSpan2076" value="ⲁⲛ"/>
		<feat xlink:href="#sSpan2080" value="."/>
		<feat xlink:href="#sSpan2085" value="ⲁⲗⲗⲁ"/>
		<feat xlink:href="#sSpan2089" value="ϩⲛ"/>
		<feat xlink:href="#sSpan2093" value="ⲟⲩ"/>
		<feat xlink:href="#sSpan2096" value="ϭⲟⲙ"/>
		<feat xlink:href="#sSpan2098" value="."/>
		<feat xlink:href="#sSpan2102" value="ⲟⲩ"/>
		<feat xlink:href="#sSpan2111" value="ⲡ"/>
		<feat xlink:href="#sSpan2116" value="ⲉⲧⲉ"/>
		<feat xlink:href="#sSpan2118" value="ⲧⲛ"/>
		<feat xlink:href="#sSpan2120" value="ⲟⲩⲁϣ"/>
		<feat xlink:href="#sSpan2122" value="ϥ"/>
		<feat xlink:href="#sSpan2124" value="."/>
		<feat xlink:href="#sSpan2128" value="ⲧⲁ"/>
		<feat xlink:href="#sSpan2132" value="ⲉⲓ"/>
		<feat xlink:href="#sSpan2134" value="ϣⲁⲣⲱ"/>
		<feat xlink:href="#sSpan2138" value="ⲧⲛ"/>
		<feat xlink:href="#sSpan2140" value="ϩⲛ"/>
		<feat xlink:href="#sSpan2144" value="ⲟⲩ"/>
		<feat xlink:href="#sSpan2147" value="ϭⲉⲣⲱⲃ"/>
		<feat xlink:href="#sSpan2149" value="ϫⲛ"/>
		<feat xlink:href="#sSpan2153" value="ϩⲛ"/>
		<feat xlink:href="#sSpan2155" value="ⲟⲩ"/>
		<feat xlink:href="#sSpan2159" value="ⲁⲅⲁⲡⲏ"/>
		<feat xlink:href="#sSpan2161" value="ⲙⲛ"/>
		<feat xlink:href="#sSpan2165" value="ⲟⲩ"/>
		<feat xlink:href="#sSpan2169" value="ⲡⲛⲉⲩⲙⲁ"/>
		<feat xlink:href="#sSpan2171" value="ⲙ"/>
		<feat xlink:href="#sSpan2176" value="ⲙⲛⲧⲣⲙⲣⲁϣ"/>
		<feat xlink:href="#sSpan2180" value="."/></featList></paula>