<?xml version='1.0' encoding='UTF-8'?><!DOCTYPE paula SYSTEM "paula_feat.dtd">
<paula version="1.1">
	<header paula_id="scriptorium.1Cor_04.mark_lang"/>
	<featList xmlns:xlink="http://www.w3.org/1999/xlink" type="lang" xml:base="scriptorium.1Cor_04.mark.xml">
		<feat xlink:href="#sSpan38" value="Greek"/>
		<feat xlink:href="#sSpan43" value="Greek"/>
		<feat xlink:href="#sSpan56" value="Greek"/>
		<feat xlink:href="#sSpan72" value="Greek"/>
		<feat xlink:href="#sSpan82" value="Greek"/>
		<feat xlink:href="#sSpan132" value="Greek"/>
		<feat xlink:href="#sSpan153" value="Greek"/>
		<feat xlink:href="#sSpan169" value="Greek"/>
		<feat xlink:href="#sSpan179" value="Greek"/>
		<feat xlink:href="#sSpan200" value="Greek"/>
		<feat xlink:href="#sSpan219" value="Greek"/>
		<feat xlink:href="#sSpan244" value="Greek"/>
		<feat xlink:href="#sSpan249" value="Greek"/>
		<feat xlink:href="#sSpan264" value="Greek"/>
		<feat xlink:href="#sSpan294" value="Greek"/>
		<feat xlink:href="#sSpan327" value="Greek"/>
		<feat xlink:href="#sSpan364" value="Greek"/>
		<feat xlink:href="#sSpan367" value="Greek"/>
		<feat xlink:href="#sSpan393" value="Greek"/>
		<feat xlink:href="#sSpan407" value="Greek"/>
		<feat xlink:href="#sSpan485" value="Greek"/>
		<feat xlink:href="#sSpan527" value="Greek"/>
		<feat xlink:href="#sSpan588" value="Greek"/>
		<feat xlink:href="#sSpan633" value="Greek"/>
		<feat xlink:href="#sSpan730" value="Greek"/>
		<feat xlink:href="#sSpan742" value="Greek"/>
		<feat xlink:href="#sSpan751" value="Greek"/>
		<feat xlink:href="#sSpan817" value="Greek"/>
		<feat xlink:href="#sSpan836" value="Greek"/>
		<feat xlink:href="#sSpan852" value="Greek"/>
		<feat xlink:href="#sSpan889" value="Greek"/>
		<feat xlink:href="#sSpan946" value="Greek"/>
		<feat xlink:href="#sSpan973" value="Greek"/>
		<feat xlink:href="#sSpan998" value="Greek"/>
		<feat xlink:href="#sSpan1019" value="Greek"/>
		<feat xlink:href="#sSpan1030" value="Greek"/>
		<feat xlink:href="#sSpan1044" value="Greek"/>
		<feat xlink:href="#sSpan1086" value="Greek"/>
		<feat xlink:href="#sSpan1093" value="Greek"/>
		<feat xlink:href="#sSpan1116" value="Greek"/>
		<feat xlink:href="#sSpan1133" value="Greek"/>
		<feat xlink:href="#sSpan1158" value="Greek"/>
		<feat xlink:href="#sSpan1169" value="Greek"/>
		<feat xlink:href="#sSpan1216" value="Greek"/>
		<feat xlink:href="#sSpan1315" value="Greek"/>
		<feat xlink:href="#sSpan1358" value="Greek"/>
		<feat xlink:href="#sSpan1382" value="Greek"/>
		<feat xlink:href="#sSpan1392" value="Greek"/>
		<feat xlink:href="#sSpan1489" value="Greek"/>
		<feat xlink:href="#sSpan1510" value="Greek"/>
		<feat xlink:href="#sSpan1530" value="Greek"/>
		<feat xlink:href="#sSpan1567" value="Greek"/>
		<feat xlink:href="#sSpan1577" value="Greek"/>
		<feat xlink:href="#sSpan1584" value="Greek"/>
		<feat xlink:href="#sSpan1614" value="Greek"/>
		<feat xlink:href="#sSpan1637" value="Greek"/>
		<feat xlink:href="#sSpan1640" value="Hebrew"/>
		<feat xlink:href="#sSpan1652" value="Greek"/>
		<feat xlink:href="#sSpan1668" value="Greek"/>
		<feat xlink:href="#sSpan1719" value="Greek"/>
		<feat xlink:href="#sSpan1760" value="Greek"/>
		<feat xlink:href="#sSpan1810" value="Greek"/>
		<feat xlink:href="#sSpan1845" value="Greek"/>
		<feat xlink:href="#sSpan1869" value="Greek"/>
		<feat xlink:href="#sSpan1889" value="Greek"/>
		<feat xlink:href="#sSpan1932" value="Greek"/>
		<feat xlink:href="#sSpan2014" value="Greek"/>
		<feat xlink:href="#sSpan2044" value="Greek"/>
		<feat xlink:href="#sSpan2079" value="Greek"/>
		<feat xlink:href="#sSpan2153" value="Greek"/>
		<feat xlink:href="#sSpan2163" value="Greek"/></featList></paula>