<?xml version='1.0' encoding='UTF-8'?><!DOCTYPE paula SYSTEM "paula_feat.dtd">
<paula version="1.1">
	<header paula_id="scriptorium.1Cor_04.mark_pos"/>
	<featList xmlns:xlink="http://www.w3.org/1999/xlink" type="pos" xml:base="scriptorium.1Cor_04.mark.xml">
		<feat xlink:href="#sSpan1" value="PDEM"/>
		<feat xlink:href="#sSpan12" value="COP"/>
		<feat xlink:href="#sSpan16" value="ART"/>
		<feat xlink:href="#sSpan21" value="N"/>
		<feat xlink:href="#sSpan23" value="AJUS"/>
		<feat xlink:href="#sSpan27" value="ART"/>
		<feat xlink:href="#sSpan30" value="N"/>
		<feat xlink:href="#sSpan32" value="V"/>
		<feat xlink:href="#sSpan36" value="PPERO"/>
		<feat xlink:href="#sSpan39" value="CONJ"/>
		<feat xlink:href="#sSpan44" value="N"/>
		<feat xlink:href="#sSpan49" value="PREP"/>
		<feat xlink:href="#sSpan53" value="ART"/>
		<feat xlink:href="#sSpan57" value="N"/>
		<feat xlink:href="#sSpan59" value="PUNCT"/>
		<feat xlink:href="#sSpan63" value="CONJ"/>
		<feat xlink:href="#sSpan67" value="ART"/>
		<feat xlink:href="#sSpan73" value="N"/>
		<feat xlink:href="#sSpan75" value="PREP"/>
		<feat xlink:href="#sSpan79" value="ART"/>
		<feat xlink:href="#sSpan83" value="N"/>
		<feat xlink:href="#sSpan85" value="PREP"/>
		<feat xlink:href="#sSpan89" value="ART"/>
		<feat xlink:href="#sSpan92" value="N"/>
		<feat xlink:href="#sSpan94" value="PUNCT"/>
		<feat xlink:href="#sSpan98" value="CFOC"/>
		<feat xlink:href="#sSpan108" value="PPERS"/>
		<feat xlink:href="#sSpan110" value="V"/>
		<feat xlink:href="#sSpan112" value="PTC"/>
		<feat xlink:href="#sSpan116" value="PREP"/>
		<feat xlink:href="#sSpan120" value="PDEM"/>
		<feat xlink:href="#sSpan123" value="N"/>
		<feat xlink:href="#sSpan125" value="PREP"/>
		<feat xlink:href="#sSpan129" value="ART"/>
		<feat xlink:href="#sSpan133" value="N"/>
		<feat xlink:href="#sSpan135" value="CONJ"/>
		<feat xlink:href="#sSpan139" value="AOPT_PPERS"/>
		<feat xlink:href="#sSpan143" value="V"/>
		<feat xlink:href="#sSpan146" value="CCIRC"/>
		<feat xlink:href="#sSpan150" value="PPERS"/>
		<feat xlink:href="#sSpan154" value="N"/>
		<feat xlink:href="#sSpan156" value="PUNCT"/>
		<feat xlink:href="#sSpan160" value="PPERI"/>
		<feat xlink:href="#sSpan170" value="PTC"/>
		<feat xlink:href="#sSpan174" value="ART"/>
		<feat xlink:href="#sSpan180" value="N"/>
		<feat xlink:href="#sSpan182" value="PREP"/>
		<feat xlink:href="#sSpan186" value="PPERO"/>
		<feat xlink:href="#sSpan188" value="COP"/>
		<feat xlink:href="#sSpan192" value="PREP"/>
		<feat xlink:href="#sSpan196" value="ACAUS"/>
		<feat xlink:href="#sSpan198" value="PPERS"/>
		<feat xlink:href="#sSpan201" value="V"/>
		<feat xlink:href="#sSpan203" value="PREP"/>
		<feat xlink:href="#sSpan207" value="PPERO"/>
		<feat xlink:href="#sSpan209" value="PREP"/>
		<feat xlink:href="#sSpan213" value="PPERO"/>
		<feat xlink:href="#sSpan215" value="PUNCT"/>
		<feat xlink:href="#sSpan220" value="CONJ"/>
		<feat xlink:href="#sSpan224" value="PREP"/>
		<feat xlink:href="#sSpan228" value="ART"/>
		<feat xlink:href="#sSpan231" value="N"/>
		<feat xlink:href="#sSpan233" value="PREP"/>
		<feat xlink:href="#sSpan237" value="N"/>
		<feat xlink:href="#sSpan240" value="PUNCT"/>
		<feat xlink:href="#sSpan245" value="CONJ"/>
		<feat xlink:href="#sSpan250" value="CONJ"/>
		<feat xlink:href="#sSpan254" value="PPERI"/>
		<feat xlink:href="#sSpan258" value="NEG"/>
		<feat xlink:href="#sSpan262" value="PPERS"/>
		<feat xlink:href="#sSpan265" value="V"/>
		<feat xlink:href="#sSpan267" value="PREP"/>
		<feat xlink:href="#sSpan271" value="PPERO"/>
		<feat xlink:href="#sSpan273" value="NEG"/>
		<feat xlink:href="#sSpan277" value="PUNCT"/>
		<feat xlink:href="#sSpan281" value="NEG"/>
		<feat xlink:href="#sSpan290" value="PPERS"/>
		<feat xlink:href="#sSpan292" value="V"/>
		<feat xlink:href="#sSpan295" value="PTC"/>
		<feat xlink:href="#sSpan299" value="NEG"/>
		<feat xlink:href="#sSpan303" value="PREP"/>
		<feat xlink:href="#sSpan307" value="N"/>
		<feat xlink:href="#sSpan310" value="CREL"/>
		<feat xlink:href="#sSpan315" value="APST"/>
		<feat xlink:href="#sSpan317" value="PPERS"/>
		<feat xlink:href="#sSpan319" value="V"/>
		<feat xlink:href="#sSpan321" value="PPERO"/>
		<feat xlink:href="#sSpan323" value="PUNCT"/>
		<feat xlink:href="#sSpan328" value="CONJ"/>
		<feat xlink:href="#sSpan332" value="NEG"/>
		<feat xlink:href="#sSpan336" value="CFOC"/>
		<feat xlink:href="#sSpan338" value="PPERS"/>
		<feat xlink:href="#sSpan340" value="VSTAT"/>
		<feat xlink:href="#sSpan342" value="NEG"/>
		<feat xlink:href="#sSpan346" value="PREP"/>
		<feat xlink:href="#sSpan350" value="PDEM"/>
		<feat xlink:href="#sSpan353" value="PUNCT"/>
		<feat xlink:href="#sSpan357" value="ART"/>
		<feat xlink:href="#sSpan362" value="CREL"/>
		<feat xlink:href="#sSpan365" value="V"/>
		<feat xlink:href="#sSpan368" value="PTC"/>
		<feat xlink:href="#sSpan372" value="PREP"/>
		<feat xlink:href="#sSpan376" value="PPERO"/>
		<feat xlink:href="#sSpan378" value="COP"/>
		<feat xlink:href="#sSpan382" value="ART"/>
		<feat xlink:href="#sSpan387" value="N"/>
		<feat xlink:href="#sSpan389" value="PUNCT"/>
		<feat xlink:href="#sSpan394" value="CONJ"/>
		<feat xlink:href="#sSpan403" value="NEG"/>
		<feat xlink:href="#sSpan408" value="V"/>
		<feat xlink:href="#sSpan410" value="PREP"/>
		<feat xlink:href="#sSpan414" value="N"/>
		<feat xlink:href="#sSpan417" value="PREP"/>
		<feat xlink:href="#sSpan421" value="ART"/>
		<feat xlink:href="#sSpan424" value="N"/>
		<feat xlink:href="#sSpan426" value="PREP"/>
		<feat xlink:href="#sSpan430" value="ART"/>
		<feat xlink:href="#sSpan433" value="N"/>
		<feat xlink:href="#sSpan435" value="ALIM"/>
		<feat xlink:href="#sSpan439" value="ART"/>
		<feat xlink:href="#sSpan442" value="N"/>
		<feat xlink:href="#sSpan444" value="V"/>
		<feat xlink:href="#sSpan448" value="PUNCT"/>
		<feat xlink:href="#sSpan452" value="PDEM"/>
		<feat xlink:href="#sSpan457" value="CREL"/>
		<feat xlink:href="#sSpan461" value="FUT"/>
		<feat xlink:href="#sSpan464" value="V"/>
		<feat xlink:href="#sSpan467" value="PREP"/>
		<feat xlink:href="#sSpan471" value="ART"/>
		<feat xlink:href="#sSpan474" value="CREL"/>
		<feat xlink:href="#sSpan476" value="VSTAT"/>
		<feat xlink:href="#sSpan478" value="PREP"/>
		<feat xlink:href="#sSpan482" value="ART"/>
		<feat xlink:href="#sSpan486" value="N"/>
		<feat xlink:href="#sSpan488" value="CONJ"/>
		<feat xlink:href="#sSpan492" value="ACONJ"/>
		<feat xlink:href="#sSpan496" value="PPERS"/>
		<feat xlink:href="#sSpan498" value="V"/>
		<feat xlink:href="#sSpan501" value="ADV"/>
		<feat xlink:href="#sSpan505" value="PREP"/>
		<feat xlink:href="#sSpan509" value="ART"/>
		<feat xlink:href="#sSpan512" value="N"/>
		<feat xlink:href="#sSpan514" value="PREP"/>
		<feat xlink:href="#sSpan518" value="ART"/>
		<feat xlink:href="#sSpan521" value="N"/>
		<feat xlink:href="#sSpan523" value="PUNCT"/>
		<feat xlink:href="#sSpan528" value="ADV"/>
		<feat xlink:href="#sSpan532" value="ART"/>
		<feat xlink:href="#sSpan537" value="N"/>
		<feat xlink:href="#sSpan539" value="PREP"/>
		<feat xlink:href="#sSpan543" value="ART"/>
		<feat xlink:href="#sSpan546" value="NUM"/>
		<feat xlink:href="#sSpan548" value="ART"/>
		<feat xlink:href="#sSpan552" value="NUM"/>
		<feat xlink:href="#sSpan554" value="FUT"/>
		<feat xlink:href="#sSpan558" value="V"/>
		<feat xlink:href="#sSpan560" value="ADV"/>
		<feat xlink:href="#sSpan564" value="PREP"/>
		<feat xlink:href="#sSpan568" value="ART"/>
		<feat xlink:href="#sSpan571" value="N"/>
		<feat xlink:href="#sSpan573" value="PUNCT"/>
		<feat xlink:href="#sSpan577" value="PDEM"/>
		<feat xlink:href="#sSpan589" value="PTC"/>
		<feat xlink:href="#sSpan593" value="PPOS"/>
		<feat xlink:href="#sSpan598" value="N"/>
		<feat xlink:href="#sSpan600" value="CREL"/>
		<feat xlink:href="#sSpan604" value="APST"/>
		<feat xlink:href="#sSpan606" value="PPERS"/>
		<feat xlink:href="#sSpan608" value="V"/>
		<feat xlink:href="#sSpan610" value="PPERO"/>
		<feat xlink:href="#sSpan612" value="PREP"/>
		<feat xlink:href="#sSpan616" value="N"/>
		<feat xlink:href="#sSpan619" value="ADV"/>
		<feat xlink:href="#sSpan623" value="PREP"/>
		<feat xlink:href="#sSpan627" value="PPERO"/>
		<feat xlink:href="#sSpan629" value="PREP"/>
		<feat xlink:href="#sSpan634" value="NPROP"/>
		<feat xlink:href="#sSpan637" value="PREP"/>
		<feat xlink:href="#sSpan641" value="PPERO"/>
		<feat xlink:href="#sSpan643" value="PUNCT"/>
		<feat xlink:href="#sSpan647" value="CONJ"/>
		<feat xlink:href="#sSpan651" value="AOPT_PPERS"/>
		<feat xlink:href="#sSpan655" value="V"/>
		<feat xlink:href="#sSpan657" value="PREP"/>
		<feat xlink:href="#sSpan661" value="PPERO"/>
		<feat xlink:href="#sSpan663" value="PREP"/>
		<feat xlink:href="#sSpan667" value="NEG"/>
		<feat xlink:href="#sSpan670" value="V"/>
		<feat xlink:href="#sSpan673" value="PREP"/>
		<feat xlink:href="#sSpan677" value="ART"/>
		<feat xlink:href="#sSpan680" value="CREL"/>
		<feat xlink:href="#sSpan682" value="VSTAT"/>
		<feat xlink:href="#sSpan684" value="CONJ"/>
		<feat xlink:href="#sSpan688" value="ANEGOPT"/>
		<feat xlink:href="#sSpan690" value="NUM"/>
		<feat xlink:href="#sSpan693" value="V"/>
		<feat xlink:href="#sSpan697" value="PREP"/>
		<feat xlink:href="#sSpan701" value="PPERO"/>
		<feat xlink:href="#sSpan703" value="PREP"/>
		<feat xlink:href="#sSpan707" value="NUM"/>
		<feat xlink:href="#sSpan710" value="PREP"/>
		<feat xlink:href="#sSpan714" value="NUM"/>
		<feat xlink:href="#sSpan717" value="PUNCT"/>
		<feat xlink:href="#sSpan721" value="PINT"/>
		<feat xlink:href="#sSpan731" value="PTC"/>
		<feat xlink:href="#sSpan735" value="ART"/>
		<feat xlink:href="#sSpan740" value="CREL"/>
		<feat xlink:href="#sSpan743" value="V"/>
		<feat xlink:href="#sSpan745" value="PREP"/>
		<feat xlink:href="#sSpan749" value="PPERO"/>
		<feat xlink:href="#sSpan752" value="CONJ"/>
		<feat xlink:href="#sSpan756" value="ART"/>
		<feat xlink:href="#sSpan761" value="CREL"/>
		<feat xlink:href="#sSpan763" value="PREP"/>
		<feat xlink:href="#sSpan765" value="PPERO"/>
		<feat xlink:href="#sSpan767" value="CCIRC"/>
		<feat xlink:href="#sSpan771" value="ANEGPST"/>
		<feat xlink:href="#sSpan773" value="PPERS"/>
		<feat xlink:href="#sSpan775" value="V"/>
		<feat xlink:href="#sSpan777" value="PPERO"/>
		<feat xlink:href="#sSpan779" value="CONJ"/>
		<feat xlink:href="#sSpan783" value="APST"/>
		<feat xlink:href="#sSpan787" value="PPERS"/>
		<feat xlink:href="#sSpan789" value="V"/>
		<feat xlink:href="#sSpan792" value="ART"/>
		<feat xlink:href="#sSpan795" value="ART"/>
		<feat xlink:href="#sSpan797" value="N"/>
		<feat xlink:href="#sSpan799" value="VBD"/>
		<feat xlink:href="#sSpan803" value="PPERS"/>
		<feat xlink:href="#sSpan805" value="PPERS"/>
		<feat xlink:href="#sSpan809" value="V"/>
		<feat xlink:href="#sSpan811" value="PREP"/>
		<feat xlink:href="#sSpan815" value="PPERO"/>
		<feat xlink:href="#sSpan818" value="CONJ"/>
		<feat xlink:href="#sSpan822" value="CFOC"/>
		<feat xlink:href="#sSpan826" value="ANEGPST"/>
		<feat xlink:href="#sSpan828" value="PPERS"/>
		<feat xlink:href="#sSpan830" value="V"/>
		<feat xlink:href="#sSpan832" value="PUNCT"/>
		<feat xlink:href="#sSpan837" value="ADV"/>
		<feat xlink:href="#sSpan846" value="PPERS"/>
		<feat xlink:href="#sSpan850" value="VSTAT"/>
		<feat xlink:href="#sSpan853" value="ADV"/>
		<feat xlink:href="#sSpan857" value="APST"/>
		<feat xlink:href="#sSpan861" value="PPERS"/>
		<feat xlink:href="#sSpan864" value="V"/>
		<feat xlink:href="#sSpan867" value="PREP"/>
		<feat xlink:href="#sSpan871" value="PPERO"/>
		<feat xlink:href="#sSpan873" value="APST"/>
		<feat xlink:href="#sSpan877" value="PPERS"/>
		<feat xlink:href="#sSpan880" value="V"/>
		<feat xlink:href="#sSpan883" value="VBD"/>
		<feat xlink:href="#sSpan887" value="PPERS"/>
		<feat xlink:href="#sSpan890" value="PTC"/>
		<feat xlink:href="#sSpan894" value="CONJ"/>
		<feat xlink:href="#sSpan898" value="APST"/>
		<feat xlink:href="#sSpan902" value="PPERS"/>
		<feat xlink:href="#sSpan905" value="V"/>
		<feat xlink:href="#sSpan908" value="CONJ"/>
		<feat xlink:href="#sSpan912" value="AOPT_PPERS"/>
		<feat xlink:href="#sSpan917" value="V"/>
		<feat xlink:href="#sSpan920" value="IMOD"/>
		<feat xlink:href="#sSpan924" value="PPERO"/>
		<feat xlink:href="#sSpan926" value="PREP"/>
		<feat xlink:href="#sSpan930" value="PPERO"/>
		<feat xlink:href="#sSpan932" value="PUNCT"/>
		<feat xlink:href="#sSpan936" value="ADV"/>
		<feat xlink:href="#sSpan947" value="PTC"/>
		<feat xlink:href="#sSpan951" value="CFOC"/>
		<feat xlink:href="#sSpan955" value="APST"/>
		<feat xlink:href="#sSpan957" value="ART"/>
		<feat xlink:href="#sSpan960" value="N"/>
		<feat xlink:href="#sSpan962" value="V"/>
		<feat xlink:href="#sSpan966" value="PPERO"/>
		<feat xlink:href="#sSpan968" value="ART"/>
		<feat xlink:href="#sSpan974" value="N"/>
		<feat xlink:href="#sSpan976" value="PREP"/>
		<feat xlink:href="#sSpan980" value="N"/>
		<feat xlink:href="#sSpan983" value="PREP"/>
		<feat xlink:href="#sSpan987" value="ART"/>
		<feat xlink:href="#sSpan989" value="N"/>
		<feat xlink:href="#sSpan991" value="PREP"/>
		<feat xlink:href="#sSpan995" value="PDEM"/>
		<feat xlink:href="#sSpan999" value="N"/>
		<feat xlink:href="#sSpan1001" value="PUNCT"/>
		<feat xlink:href="#sSpan1005" value="CONJ"/>
		<feat xlink:href="#sSpan1009" value="APST"/>
		<feat xlink:href="#sSpan1011" value="PPERS"/>
		<feat xlink:href="#sSpan1013" value="V"/>
		<feat xlink:href="#sSpan1015" value="PREP"/>
		<feat xlink:href="#sSpan1020" value="N"/>
		<feat xlink:href="#sSpan1023" value="PREP"/>
		<feat xlink:href="#sSpan1027" value="ART"/>
		<feat xlink:href="#sSpan1031" value="N"/>
		<feat xlink:href="#sSpan1033" value="CONJ"/>
		<feat xlink:href="#sSpan1037" value="PREP"/>
		<feat xlink:href="#sSpan1041" value="ART"/>
		<feat xlink:href="#sSpan1045" value="N"/>
		<feat xlink:href="#sSpan1047" value="PREP"/>
		<feat xlink:href="#sSpan1051" value="ART"/>
		<feat xlink:href="#sSpan1054" value="N"/>
		<feat xlink:href="#sSpan1056" value="PUNCT"/>
		<feat xlink:href="#sSpan1060" value="PPERI"/>
		<feat xlink:href="#sSpan1069" value="APST"/>
		<feat xlink:href="#sSpan1073" value="PPERS"/>
		<feat xlink:href="#sSpan1076" value="V"/>
		<feat xlink:href="#sSpan1079" value="PREP"/>
		<feat xlink:href="#sSpan1083" value="ART"/>
		<feat xlink:href="#sSpan1087" value="N"/>
		<feat xlink:href="#sSpan1089" value="PPERI"/>
		<feat xlink:href="#sSpan1094" value="PTC"/>
		<feat xlink:href="#sSpan1098" value="PPERI"/>
		<feat xlink:href="#sSpan1102" value="ART"/>
		<feat xlink:href="#sSpan1107" value="N"/>
		<feat xlink:href="#sSpan1109" value="PREP"/>
		<feat xlink:href="#sSpan1113" value="ART"/>
		<feat xlink:href="#sSpan1117" value="N"/>
		<feat xlink:href="#sSpan1119" value="PPERI"/>
		<feat xlink:href="#sSpan1123" value="PPERS"/>
		<feat xlink:href="#sSpan1127" value="VSTAT"/>
		<feat xlink:href="#sSpan1129" value="PPERI"/>
		<feat xlink:href="#sSpan1134" value="PTC"/>
		<feat xlink:href="#sSpan1138" value="PPERS"/>
		<feat xlink:href="#sSpan1142" value="VSTAT"/>
		<feat xlink:href="#sSpan1144" value="PPERI"/>
		<feat xlink:href="#sSpan1148" value="PPERS"/>
		<feat xlink:href="#sSpan1152" value="VSTAT"/>
		<feat xlink:href="#sSpan1154" value="PPERI"/>
		<feat xlink:href="#sSpan1159" value="PTC"/>
		<feat xlink:href="#sSpan1163" value="PPERS"/>
		<feat xlink:href="#sSpan1167" value="VSTAT"/>
		<feat xlink:href="#sSpan1170" value="ADV"/>
		<feat xlink:href="#sSpan1179" value="PREP"/>
		<feat xlink:href="#sSpan1183" value="PDEM"/>
		<feat xlink:href="#sSpan1186" value="N"/>
		<feat xlink:href="#sSpan1188" value="PPERS"/>
		<feat xlink:href="#sSpan1192" value="VSTAT"/>
		<feat xlink:href="#sSpan1194" value="PPERS"/>
		<feat xlink:href="#sSpan1198" value="VSTAT"/>
		<feat xlink:href="#sSpan1200" value="PPERS"/>
		<feat xlink:href="#sSpan1205" value="VSTAT"/>
		<feat xlink:href="#sSpan1208" value="PPERS"/>
		<feat xlink:href="#sSpan1213" value="V"/>
		<feat xlink:href="#sSpan1217" value="PREP"/>
		<feat xlink:href="#sSpan1221" value="PPERO"/>
		<feat xlink:href="#sSpan1223" value="PPERS"/>
		<feat xlink:href="#sSpan1227" value="VSTAT"/>
		<feat xlink:href="#sSpan1229" value="PUNCT"/>
		<feat xlink:href="#sSpan1233" value="PPERS"/>
		<feat xlink:href="#sSpan1242" value="VSTAT"/>
		<feat xlink:href="#sSpan1244" value="CCIRC"/>
		<feat xlink:href="#sSpan1248" value="PPERS"/>
		<feat xlink:href="#sSpan1251" value="V"/>
		<feat xlink:href="#sSpan1254" value="PREP"/>
		<feat xlink:href="#sSpan1258" value="PPOS"/>
		<feat xlink:href="#sSpan1261" value="N"/>
		<feat xlink:href="#sSpan1263" value="IMOD"/>
		<feat xlink:href="#sSpan1267" value="PPERO"/>
		<feat xlink:href="#sSpan1271" value="CCIRC"/>
		<feat xlink:href="#sSpan1275" value="PPERS"/>
		<feat xlink:href="#sSpan1277" value="V"/>
		<feat xlink:href="#sSpan1279" value="PREP"/>
		<feat xlink:href="#sSpan1283" value="PPERO"/>
		<feat xlink:href="#sSpan1285" value="PPERS"/>
		<feat xlink:href="#sSpan1289" value="V"/>
		<feat xlink:href="#sSpan1291" value="PREP"/>
		<feat xlink:href="#sSpan1295" value="PPERO"/>
		<feat xlink:href="#sSpan1297" value="CCIRC"/>
		<feat xlink:href="#sSpan1301" value="PPERS"/>
		<feat xlink:href="#sSpan1303" value="VSTAT"/>
		<feat xlink:href="#sSpan1305" value="PREP"/>
		<feat xlink:href="#sSpan1309" value="PPERO"/>
		<feat xlink:href="#sSpan1311" value="PPERS"/>
		<feat xlink:href="#sSpan1316" value="V"/>
		<feat xlink:href="#sSpan1318" value="PREP"/>
		<feat xlink:href="#sSpan1322" value="PPERO"/>
		<feat xlink:href="#sSpan1324" value="PUNCT"/>
		<feat xlink:href="#sSpan1328" value="CCIRC"/>
		<feat xlink:href="#sSpan1338" value="PPERS"/>
		<feat xlink:href="#sSpan1341" value="V"/>
		<feat xlink:href="#sSpan1344" value="PREP"/>
		<feat xlink:href="#sSpan1348" value="PPERO"/>
		<feat xlink:href="#sSpan1350" value="PUNCT"/>
		<feat xlink:href="#sSpan1354" value="PPERS"/>
		<feat xlink:href="#sSpan1359" value="V"/>
		<feat xlink:href="#sSpan1361" value="PREP"/>
		<feat xlink:href="#sSpan1365" value="PPERO"/>
		<feat xlink:href="#sSpan1367" value="PREP"/>
		<feat xlink:href="#sSpan1371" value="ART"/>
		<feat xlink:href="#sSpan1373" value="N"/>
		<feat xlink:href="#sSpan1375" value="PREP"/>
		<feat xlink:href="#sSpan1379" value="PDEM"/>
		<feat xlink:href="#sSpan1383" value="N"/>
		<feat xlink:href="#sSpan1385" value="PREP"/>
		<feat xlink:href="#sSpan1389" value="ART"/>
		<feat xlink:href="#sSpan1393" value="N"/>
		<feat xlink:href="#sSpan1395" value="APST"/>
		<feat xlink:href="#sSpan1399" value="PPERS"/>
		<feat xlink:href="#sSpan1402" value="V"/>
		<feat xlink:href="#sSpan1405" value="PREP"/>
		<feat xlink:href="#sSpan1409" value="N"/>
		<feat xlink:href="#sSpan1413" value="PINT"/>
		<feat xlink:href="#sSpan1417" value="ADV"/>
		<feat xlink:href="#sSpan1421" value="PREP"/>
		<feat xlink:href="#sSpan1425" value="PDEM"/>
		<feat xlink:href="#sSpan1428" value="N"/>
		<feat xlink:href="#sSpan1430" value="PUNCT"/>
		<feat xlink:href="#sSpan1434" value="NEG"/>
		<feat xlink:href="#sSpan1444" value="CPRET"/>
		<feat xlink:href="#sSpan1446" value="CFOC"/>
		<feat xlink:href="#sSpan1448" value="PPERS"/>
		<feat xlink:href="#sSpan1451" value="V"/>
		<feat xlink:href="#sSpan1454" value="PREP"/>
		<feat xlink:href="#sSpan1458" value="PPERO"/>
		<feat xlink:href="#sSpan1460" value="NEG"/>
		<feat xlink:href="#sSpan1464" value="CCIRC"/>
		<feat xlink:href="#sSpan1468" value="PPERS"/>
		<feat xlink:href="#sSpan1470" value="V"/>
		<feat xlink:href="#sSpan1472" value="PREP"/>
		<feat xlink:href="#sSpan1476" value="PPERO"/>
		<feat xlink:href="#sSpan1478" value="PREP"/>
		<feat xlink:href="#sSpan1482" value="PDEM"/>
		<feat xlink:href="#sSpan1485" value="PUNCT"/>
		<feat xlink:href="#sSpan1490" value="CONJ"/>
		<feat xlink:href="#sSpan1494" value="CFOC"/>
		<feat xlink:href="#sSpan1498" value="PPERS"/>
		<feat xlink:href="#sSpan1501" value="V"/>
		<feat xlink:href="#sSpan1504" value="PREP"/>
		<feat xlink:href="#sSpan1508" value="PPERO"/>
		<feat xlink:href="#sSpan1511" value="CONJ"/>
		<feat xlink:href="#sSpan1515" value="N"/>
		<feat xlink:href="#sSpan1520" value="PREP"/>
		<feat xlink:href="#sSpan1524" value="N"/>
		<feat xlink:href="#sSpan1526" value="PUNCT"/>
		<feat xlink:href="#sSpan1531" value="CONJ"/>
		<feat xlink:href="#sSpan1540" value="CONJ"/>
		<feat xlink:href="#sSpan1544" value="EXIST"/>
		<feat xlink:href="#sSpan1548" value="PPERO"/>
		<feat xlink:href="#sSpan1550" value="ADV"/>
		<feat xlink:href="#sSpan1554" value="PREP"/>
		<feat xlink:href="#sSpan1558" value="ART"/>
		<feat xlink:href="#sSpan1561" value="NUM"/>
		<feat xlink:href="#sSpan1563" value="PREP"/>
		<feat xlink:href="#sSpan1568" value="N"/>
		<feat xlink:href="#sSpan1570" value="PREP"/>
		<feat xlink:href="#sSpan1574" value="ART"/>
		<feat xlink:href="#sSpan1578" value="N"/>
		<feat xlink:href="#sSpan1580" value="PUNCT"/>
		<feat xlink:href="#sSpan1585" value="CONJ"/>
		<feat xlink:href="#sSpan1589" value="NEG"/>
		<feat xlink:href="#sSpan1593" value="N"/>
		<feat xlink:href="#sSpan1596" value="PREP"/>
		<feat xlink:href="#sSpan1600" value="N"/>
		<feat xlink:href="#sSpan1602" value="NEG"/>
		<feat xlink:href="#sSpan1606" value="PUNCT"/>
		<feat xlink:href="#sSpan1610" value="PPERI"/>
		<feat xlink:href="#sSpan1615" value="PTC"/>
		<feat xlink:href="#sSpan1619" value="APST"/>
		<feat xlink:href="#sSpan1623" value="PPERS"/>
		<feat xlink:href="#sSpan1625" value="V"/>
		<feat xlink:href="#sSpan1627" value="PPERO"/>
		<feat xlink:href="#sSpan1629" value="PREP"/>
		<feat xlink:href="#sSpan1633" value="ART"/>
		<feat xlink:href="#sSpan1638" value="N"/>
		<feat xlink:href="#sSpan1641" value="NPROP"/>
		<feat xlink:href="#sSpan1645" value="PREP"/>
		<feat xlink:href="#sSpan1649" value="ART"/>
		<feat xlink:href="#sSpan1653" value="N"/>
		<feat xlink:href="#sSpan1655" value="PUNCT"/>
		<feat xlink:href="#sSpan1659" value="PPERS"/>
		<feat xlink:href="#sSpan1669" value="V"/>
		<feat xlink:href="#sSpan1671" value="PTC"/>
		<feat xlink:href="#sSpan1675" value="PREP"/>
		<feat xlink:href="#sSpan1679" value="PPERO"/>
		<feat xlink:href="#sSpan1681" value="V"/>
		<feat xlink:href="#sSpan1685" value="PPERO"/>
		<feat xlink:href="#sSpan1687" value="PREP"/>
		<feat xlink:href="#sSpan1691" value="PPERO"/>
		<feat xlink:href="#sSpan1693" value="PUNCT"/>
		<feat xlink:href="#sSpan1697" value="PREP"/>
		<feat xlink:href="#sSpan1708" value="PDEM"/>
		<feat xlink:href="#sSpan1711" value="APST"/>
		<feat xlink:href="#sSpan1715" value="PPERS"/>
		<feat xlink:href="#sSpan1717" value="V"/>
		<feat xlink:href="#sSpan1720" value="NPROP"/>
		<feat xlink:href="#sSpan1724" value="PREP"/>
		<feat xlink:href="#sSpan1728" value="PPERO"/>
		<feat xlink:href="#sSpan1730" value="CREL"/>
		<feat xlink:href="#sSpan1734" value="PDEM"/>
		<feat xlink:href="#sSpan1736" value="COP"/>
		<feat xlink:href="#sSpan1740" value="PPOS"/>
		<feat xlink:href="#sSpan1744" value="N"/>
		<feat xlink:href="#sSpan1746" value="PREP"/>
		<feat xlink:href="#sSpan1750" value="N"/>
		<feat xlink:href="#sSpan1752" value="CONJ"/>
		<feat xlink:href="#sSpan1756" value="ART"/>
		<feat xlink:href="#sSpan1761" value="N"/>
		<feat xlink:href="#sSpan1763" value="PREP"/>
		<feat xlink:href="#sSpan1767" value="ART"/>
		<feat xlink:href="#sSpan1770" value="N"/>
		<feat xlink:href="#sSpan1772" value="PDEM"/>
		<feat xlink:href="#sSpan1776" value="CREL"/>
		<feat xlink:href="#sSpan1780" value="PREP"/>
		<feat xlink:href="#sSpan1782" value="ACAUS"/>
		<feat xlink:href="#sSpan1784" value="PPERS"/>
		<feat xlink:href="#sSpan1786" value="V"/>
		<feat xlink:href="#sSpan1788" value="ART"/>
		<feat xlink:href="#sSpan1790" value="N"/>
		<feat xlink:href="#sSpan1792" value="PREP"/>
		<feat xlink:href="#sSpan1796" value="PPOS"/>
		<feat xlink:href="#sSpan1799" value="N"/>
		<feat xlink:href="#sSpan1801" value="CREL"/>
		<feat xlink:href="#sSpan1805" value="PREP"/>
		<feat xlink:href="#sSpan1807" value="ART"/>
		<feat xlink:href="#sSpan1811" value="N"/>
		<feat xlink:href="#sSpan1813" value="PREP"/>
		<feat xlink:href="#sSpan1817" value="ART"/>
		<feat xlink:href="#sSpan1819" value="N"/>
		<feat xlink:href="#sSpan1822" value="CREL"/>
		<feat xlink:href="#sSpan1826" value="PPERS"/>
		<feat xlink:href="#sSpan1829" value="V"/>
		<feat xlink:href="#sSpan1832" value="PREP"/>
		<feat xlink:href="#sSpan1836" value="PPERO"/>
		<feat xlink:href="#sSpan1838" value="PREP"/>
		<feat xlink:href="#sSpan1842" value="ART"/>
		<feat xlink:href="#sSpan1846" value="N"/>
		<feat xlink:href="#sSpan1848" value="IMOD"/>
		<feat xlink:href="#sSpan1852" value="PPERO"/>
		<feat xlink:href="#sSpan1854" value="PREP"/>
		<feat xlink:href="#sSpan1858" value="N"/>
		<feat xlink:href="#sSpan1861" value="PINT"/>
		<feat xlink:href="#sSpan1865" value="PUNCT"/>
		<feat xlink:href="#sSpan1870" value="CONJ"/>
		<feat xlink:href="#sSpan1879" value="CCIRC"/>
		<feat xlink:href="#sSpan1883" value="NEG"/>
		<feat xlink:href="#sSpan1885" value="PPERS"/>
		<feat xlink:href="#sSpan1887" value="VSTAT"/>
		<feat xlink:href="#sSpan1890" value="PTC"/>
		<feat xlink:href="#sSpan1894" value="NEG"/>
		<feat xlink:href="#sSpan1898" value="PREP"/>
		<feat xlink:href="#sSpan1902" value="PPERO"/>
		<feat xlink:href="#sSpan1904" value="APST"/>
		<feat xlink:href="#sSpan1908" value="N"/>
		<feat xlink:href="#sSpan1911" value="V"/>
		<feat xlink:href="#sSpan1915" value="PREP"/>
		<feat xlink:href="#sSpan1919" value="N"/>
		<feat xlink:href="#sSpan1921" value="PPERS"/>
		<feat xlink:href="#sSpan1930" value="VSTAT"/>
		<feat xlink:href="#sSpan1933" value="PTC"/>
		<feat xlink:href="#sSpan1937" value="PREP"/>
		<feat xlink:href="#sSpan1941" value="PPERO"/>
		<feat xlink:href="#sSpan1943" value="PREP"/>
		<feat xlink:href="#sSpan1947" value="ART"/>
		<feat xlink:href="#sSpan1949" value="V"/>
		<feat xlink:href="#sSpan1951" value="ACOND"/>
		<feat xlink:href="#sSpan1955" value="ART"/>
		<feat xlink:href="#sSpan1958" value="N"/>
		<feat xlink:href="#sSpan1960" value="V"/>
		<feat xlink:href="#sSpan1964" value="N"/>
		<feat xlink:href="#sSpan1966" value="PPERO"/>
		<feat xlink:href="#sSpan1968" value="PUNCT"/>
		<feat xlink:href="#sSpan1972" value="ACONJ"/>
		<feat xlink:href="#sSpan1976" value="PPERS"/>
		<feat xlink:href="#sSpan1978" value="V"/>
		<feat xlink:href="#sSpan1980" value="NEG"/>
		<feat xlink:href="#sSpan1984" value="PREP"/>
		<feat xlink:href="#sSpan1988" value="ART"/>
		<feat xlink:href="#sSpan1991" value="N"/>
		<feat xlink:href="#sSpan1993" value="PREP"/>
		<feat xlink:href="#sSpan1997" value="ART"/>
		<feat xlink:href="#sSpan2000" value="CREL"/>
		<feat xlink:href="#sSpan2002" value="VSTAT"/>
		<feat xlink:href="#sSpan2004" value="PREP"/>
		<feat xlink:href="#sSpan2008" value="N"/>
		<feat xlink:href="#sSpan2010" value="PUNCT"/>
		<feat xlink:href="#sSpan2015" value="CONJ"/>
		<feat xlink:href="#sSpan2019" value="PPOS"/>
		<feat xlink:href="#sSpan2024" value="N"/>
		<feat xlink:href="#sSpan2026" value="PUNCT"/>
		<feat xlink:href="#sSpan2030" value="ART"/>
		<feat xlink:href="#sSpan2041" value="N"/>
		<feat xlink:href="#sSpan2045" value="PTC"/>
		<feat xlink:href="#sSpan2049" value="PREP"/>
		<feat xlink:href="#sSpan2053" value="ART"/>
		<feat xlink:href="#sSpan2056" value="N"/>
		<feat xlink:href="#sSpan2058" value="NEG"/>
		<feat xlink:href="#sSpan2062" value="CFOC"/>
		<feat xlink:href="#sSpan2064" value="PPERS"/>
		<feat xlink:href="#sSpan2066" value="PREP"/>
		<feat xlink:href="#sSpan2068" value="N"/>
		<feat xlink:href="#sSpan2071" value="NEG"/>
		<feat xlink:href="#sSpan2075" value="PUNCT"/>
		<feat xlink:href="#sSpan2080" value="CONJ"/>
		<feat xlink:href="#sSpan2084" value="PREP"/>
		<feat xlink:href="#sSpan2088" value="ART"/>
		<feat xlink:href="#sSpan2091" value="N"/>
		<feat xlink:href="#sSpan2093" value="PUNCT"/>
		<feat xlink:href="#sSpan2097" value="PINT"/>
		<feat xlink:href="#sSpan2106" value="COP"/>
		<feat xlink:href="#sSpan2111" value="CREL"/>
		<feat xlink:href="#sSpan2113" value="PPERS"/>
		<feat xlink:href="#sSpan2115" value="V"/>
		<feat xlink:href="#sSpan2117" value="PPERO"/>
		<feat xlink:href="#sSpan2119" value="PUNCT"/>
		<feat xlink:href="#sSpan2123" value="ACONJ_PPERS"/>
		<feat xlink:href="#sSpan2127" value="V"/>
		<feat xlink:href="#sSpan2129" value="PREP"/>
		<feat xlink:href="#sSpan2133" value="PPERO"/>
		<feat xlink:href="#sSpan2135" value="PREP"/>
		<feat xlink:href="#sSpan2139" value="ART"/>
		<feat xlink:href="#sSpan2142" value="N"/>
		<feat xlink:href="#sSpan2144" value="CONJ"/>
		<feat xlink:href="#sSpan2148" value="PREP"/>
		<feat xlink:href="#sSpan2150" value="ART"/>
		<feat xlink:href="#sSpan2154" value="N"/>
		<feat xlink:href="#sSpan2156" value="PREP"/>
		<feat xlink:href="#sSpan2160" value="ART"/>
		<feat xlink:href="#sSpan2164" value="N"/>
		<feat xlink:href="#sSpan2166" value="PREP"/>
		<feat xlink:href="#sSpan2171" value="N"/>
		<feat xlink:href="#sSpan2175" value="PUNCT"/></featList></paula>