<?xml version='1.0' encoding='UTF-8'?><!DOCTYPE paula SYSTEM "paula_feat.dtd">
<paula version="1.1">
	<header paula_id="scriptorium.1Cor_04.mark_func"/>
	<featList xmlns:xlink="http://www.w3.org/1999/xlink" type="func" xml:base="scriptorium.1Cor_04.mark.xml">
		<feat xlink:href="#sSpan1" value="root"/>
		<feat xlink:href="#sSpan13" value="cop"/>
		<feat xlink:href="#sSpan17" value="det"/>
		<feat xlink:href="#sSpan22" value="nsubj"/>
		<feat xlink:href="#sSpan24" value="aux"/>
		<feat xlink:href="#sSpan28" value="det"/>
		<feat xlink:href="#sSpan31" value="nsubj"/>
		<feat xlink:href="#sSpan33" value="parataxis"/>
		<feat xlink:href="#sSpan37" value="obj"/>
		<feat xlink:href="#sSpan40" value="mark"/>
		<feat xlink:href="#sSpan45" value="advcl"/>
		<feat xlink:href="#sSpan50" value="case"/>
		<feat xlink:href="#sSpan54" value="det"/>
		<feat xlink:href="#sSpan58" value="nmod"/>
		<feat xlink:href="#sSpan60" value="punct"/>
		<feat xlink:href="#sSpan64" value="cc"/>
		<feat xlink:href="#sSpan68" value="det"/>
		<feat xlink:href="#sSpan74" value="conj"/>
		<feat xlink:href="#sSpan76" value="case"/>
		<feat xlink:href="#sSpan80" value="det"/>
		<feat xlink:href="#sSpan84" value="nmod"/>
		<feat xlink:href="#sSpan86" value="case"/>
		<feat xlink:href="#sSpan90" value="det"/>
		<feat xlink:href="#sSpan93" value="nmod"/>
		<feat xlink:href="#sSpan95" value="punct"/>
		<feat xlink:href="#sSpan99" value="mark"/>
		<feat xlink:href="#sSpan109" value="nsubj"/>
		<feat xlink:href="#sSpan111" value="root"/>
		<feat xlink:href="#sSpan113" value="advmod"/>
		<feat xlink:href="#sSpan117" value="case"/>
		<feat xlink:href="#sSpan121" value="det"/>
		<feat xlink:href="#sSpan124" value="obl"/>
		<feat xlink:href="#sSpan126" value="case"/>
		<feat xlink:href="#sSpan130" value="det"/>
		<feat xlink:href="#sSpan136" value="obl"/>
		<feat xlink:href="#sSpan138" value="mark"/>
		<feat xlink:href="#sSpan142" value="nsubj"/>
		<feat xlink:href="#sSpan146" value="ccomp"/>
		<feat xlink:href="#sSpan149" value="case"/>
		<feat xlink:href="#sSpan153" value="det"/>
		<feat xlink:href="#sSpan157" value="advcl"/>
		<feat xlink:href="#sSpan159" value="punct"/>
		<feat xlink:href="#sSpan163" value="dislocated"/>
		<feat xlink:href="#sSpan173" value="advmod"/>
		<feat xlink:href="#sSpan177" value="det"/>
		<feat xlink:href="#sSpan183" value="root"/>
		<feat xlink:href="#sSpan185" value="case"/>
		<feat xlink:href="#sSpan189" value="obl"/>
		<feat xlink:href="#sSpan191" value="cop"/>
		<feat xlink:href="#sSpan195" value="mark"/>
		<feat xlink:href="#sSpan199" value="csubj"/>
		<feat xlink:href="#sSpan201" value="obj"/>
		<feat xlink:href="#sSpan204" value="xcomp"/>
		<feat xlink:href="#sSpan206" value="case"/>
		<feat xlink:href="#sSpan210" value="obj"/>
		<feat xlink:href="#sSpan212" value="case"/>
		<feat xlink:href="#sSpan216" value="obl"/>
		<feat xlink:href="#sSpan218" value="punct"/>
		<feat xlink:href="#sSpan223" value="cc"/>
		<feat xlink:href="#sSpan227" value="case"/>
		<feat xlink:href="#sSpan231" value="det"/>
		<feat xlink:href="#sSpan234" value="conj"/>
		<feat xlink:href="#sSpan236" value="case"/>
		<feat xlink:href="#sSpan240" value="nmod"/>
		<feat xlink:href="#sSpan243" value="punct"/>
		<feat xlink:href="#sSpan248" value="cc"/>
		<feat xlink:href="#sSpan253" value="mark"/>
		<feat xlink:href="#sSpan257" value="dislocated"/>
		<feat xlink:href="#sSpan261" value="advmod"/>
		<feat xlink:href="#sSpan265" value="nsubj"/>
		<feat xlink:href="#sSpan268" value="conj"/>
		<feat xlink:href="#sSpan270" value="case"/>
		<feat xlink:href="#sSpan274" value="obj"/>
		<feat xlink:href="#sSpan276" value="advmod"/>
		<feat xlink:href="#sSpan280" value="punct"/>
		<feat xlink:href="#sSpan284" value="advmod"/>
		<feat xlink:href="#sSpan293" value="nsubj"/>
		<feat xlink:href="#sSpan295" value="root"/>
		<feat xlink:href="#sSpan298" value="advmod"/>
		<feat xlink:href="#sSpan302" value="advmod"/>
		<feat xlink:href="#sSpan306" value="case"/>
		<feat xlink:href="#sSpan310" value="obj"/>
		<feat xlink:href="#sSpan313" value="mark"/>
		<feat xlink:href="#sSpan318" value="aux"/>
		<feat xlink:href="#sSpan320" value="nsubj"/>
		<feat xlink:href="#sSpan322" value="acl:relcl"/>
		<feat xlink:href="#sSpan324" value="obj"/>
		<feat xlink:href="#sSpan326" value="punct"/>
		<feat xlink:href="#sSpan331" value="cc"/>
		<feat xlink:href="#sSpan335" value="advmod"/>
		<feat xlink:href="#sSpan339" value="mark"/>
		<feat xlink:href="#sSpan341" value="nsubj"/>
		<feat xlink:href="#sSpan343" value="conj"/>
		<feat xlink:href="#sSpan345" value="advmod"/>
		<feat xlink:href="#sSpan349" value="case"/>
		<feat xlink:href="#sSpan353" value="obl"/>
		<feat xlink:href="#sSpan356" value="punct"/>
		<feat xlink:href="#sSpan360" value="parataxis"/>
		<feat xlink:href="#sSpan365" value="mark"/>
		<feat xlink:href="#sSpan368" value="acl:relcl"/>
		<feat xlink:href="#sSpan371" value="advmod"/>
		<feat xlink:href="#sSpan375" value="case"/>
		<feat xlink:href="#sSpan379" value="obl"/>
		<feat xlink:href="#sSpan381" value="cop"/>
		<feat xlink:href="#sSpan385" value="det"/>
		<feat xlink:href="#sSpan390" value="nsubj"/>
		<feat xlink:href="#sSpan392" value="punct"/>
		<feat xlink:href="#sSpan397" value="mark"/>
		<feat xlink:href="#sSpan406" value="advmod"/>
		<feat xlink:href="#sSpan411" value="root"/>
		<feat xlink:href="#sSpan413" value="case"/>
		<feat xlink:href="#sSpan417" value="obj"/>
		<feat xlink:href="#sSpan420" value="case"/>
		<feat xlink:href="#sSpan424" value="det"/>
		<feat xlink:href="#sSpan427" value="obl"/>
		<feat xlink:href="#sSpan429" value="case"/>
		<feat xlink:href="#sSpan433" value="det"/>
		<feat xlink:href="#sSpan436" value="nmod"/>
		<feat xlink:href="#sSpan438" value="aux"/>
		<feat xlink:href="#sSpan442" value="det"/>
		<feat xlink:href="#sSpan445" value="nsubj"/>
		<feat xlink:href="#sSpan447" value="advcl"/>
		<feat xlink:href="#sSpan451" value="punct"/>
		<feat xlink:href="#sSpan455" value="dislocated"/>
		<feat xlink:href="#sSpan460" value="mark"/>
		<feat xlink:href="#sSpan464" value="aux"/>
		<feat xlink:href="#sSpan467" value="acl:relcl"/>
		<feat xlink:href="#sSpan470" value="case"/>
		<feat xlink:href="#sSpan474" value="obl"/>
		<feat xlink:href="#sSpan477" value="mark"/>
		<feat xlink:href="#sSpan479" value="acl:relcl"/>
		<feat xlink:href="#sSpan481" value="case"/>
		<feat xlink:href="#sSpan485" value="det"/>
		<feat xlink:href="#sSpan489" value="obl"/>
		<feat xlink:href="#sSpan491" value="cc"/>
		<feat xlink:href="#sSpan495" value="aux"/>
		<feat xlink:href="#sSpan499" value="nsubj"/>
		<feat xlink:href="#sSpan501" value="conj"/>
		<feat xlink:href="#sSpan504" value="advmod"/>
		<feat xlink:href="#sSpan508" value="case"/>
		<feat xlink:href="#sSpan512" value="det"/>
		<feat xlink:href="#sSpan515" value="obj"/>
		<feat xlink:href="#sSpan517" value="case"/>
		<feat xlink:href="#sSpan521" value="det"/>
		<feat xlink:href="#sSpan524" value="nmod"/>
		<feat xlink:href="#sSpan526" value="punct"/>
		<feat xlink:href="#sSpan531" value="advmod"/>
		<feat xlink:href="#sSpan535" value="det"/>
		<feat xlink:href="#sSpan540" value="nsubj"/>
		<feat xlink:href="#sSpan542" value="case"/>
		<feat xlink:href="#sSpan546" value="det"/>
		<feat xlink:href="#sSpan549" value="nmod"/>
		<feat xlink:href="#sSpan551" value="det"/>
		<feat xlink:href="#sSpan555" value="obl:npmod"/>
		<feat xlink:href="#sSpan557" value="aux"/>
		<feat xlink:href="#sSpan561" value="parataxis"/>
		<feat xlink:href="#sSpan563" value="case"/>
		<feat xlink:href="#sSpan567" value="fixed"/>
		<feat xlink:href="#sSpan571" value="det"/>
		<feat xlink:href="#sSpan574" value="obl"/>
		<feat xlink:href="#sSpan576" value="punct"/>
		<feat xlink:href="#sSpan580" value="root"/>
		<feat xlink:href="#sSpan592" value="advmod"/>
		<feat xlink:href="#sSpan596" value="det"/>
		<feat xlink:href="#sSpan601" value="vocative"/>
		<feat xlink:href="#sSpan603" value="mark"/>
		<feat xlink:href="#sSpan607" value="aux"/>
		<feat xlink:href="#sSpan609" value="nsubj"/>
		<feat xlink:href="#sSpan611" value="acl:relcl"/>
		<feat xlink:href="#sSpan613" value="obj"/>
		<feat xlink:href="#sSpan615" value="case"/>
		<feat xlink:href="#sSpan619" value="obl"/>
		<feat xlink:href="#sSpan622" value="advmod"/>
		<feat xlink:href="#sSpan626" value="case"/>
		<feat xlink:href="#sSpan630" value="obl"/>
		<feat xlink:href="#sSpan632" value="case"/>
		<feat xlink:href="#sSpan637" value="obl"/>
		<feat xlink:href="#sSpan640" value="case"/>
		<feat xlink:href="#sSpan644" value="obl"/>
		<feat xlink:href="#sSpan646" value="punct"/>
		<feat xlink:href="#sSpan650" value="mark"/>
		<feat xlink:href="#sSpan654" value="nsubj"/>
		<feat xlink:href="#sSpan658" value="advcl"/>
		<feat xlink:href="#sSpan660" value="case"/>
		<feat xlink:href="#sSpan664" value="obl"/>
		<feat xlink:href="#sSpan666" value="mark"/>
		<feat xlink:href="#sSpan670" value="advmod"/>
		<feat xlink:href="#sSpan673" value="xcomp"/>
		<feat xlink:href="#sSpan676" value="case"/>
		<feat xlink:href="#sSpan680" value="obl"/>
		<feat xlink:href="#sSpan683" value="mark"/>
		<feat xlink:href="#sSpan685" value="acl:relcl"/>
		<feat xlink:href="#sSpan687" value="mark"/>
		<feat xlink:href="#sSpan691" value="aux"/>
		<feat xlink:href="#sSpan693" value="nsubj"/>
		<feat xlink:href="#sSpan696" value="advcl"/>
		<feat xlink:href="#sSpan700" value="case"/>
		<feat xlink:href="#sSpan704" value="obl"/>
		<feat xlink:href="#sSpan706" value="case"/>
		<feat xlink:href="#sSpan710" value="obl"/>
		<feat xlink:href="#sSpan713" value="case"/>
		<feat xlink:href="#sSpan717" value="nmod"/>
		<feat xlink:href="#sSpan720" value="punct"/>
		<feat xlink:href="#sSpan724" value="root"/>
		<feat xlink:href="#sSpan734" value="advmod"/>
		<feat xlink:href="#sSpan738" value="nsubj"/>
		<feat xlink:href="#sSpan743" value="mark"/>
		<feat xlink:href="#sSpan746" value="acl:relcl"/>
		<feat xlink:href="#sSpan748" value="case"/>
		<feat xlink:href="#sSpan752" value="obj"/>
		<feat xlink:href="#sSpan755" value="cc"/>
		<feat xlink:href="#sSpan759" value="conj"/>
		<feat xlink:href="#sSpan764" value="mark"/>
		<feat xlink:href="#sSpan766" value="case"/>
		<feat xlink:href="#sSpan768" value="acl:relcl"/>
		<feat xlink:href="#sSpan770" value="mark"/>
		<feat xlink:href="#sSpan774" value="aux"/>
		<feat xlink:href="#sSpan776" value="nsubj"/>
		<feat xlink:href="#sSpan778" value="advcl"/>
		<feat xlink:href="#sSpan780" value="obj"/>
		<feat xlink:href="#sSpan782" value="mark"/>
		<feat xlink:href="#sSpan786" value="aux"/>
		<feat xlink:href="#sSpan790" value="nsubj"/>
		<feat xlink:href="#sSpan792" value="advcl"/>
		<feat xlink:href="#sSpan795" value="det"/>
		<feat xlink:href="#sSpan798" value="det"/>
		<feat xlink:href="#sSpan800" value="obj"/>
		<feat xlink:href="#sSpan802" value="parataxis"/>
		<feat xlink:href="#sSpan806" value="nsubj"/>
		<feat xlink:href="#sSpan808" value="nsubj"/>
		<feat xlink:href="#sSpan812" value="ccomp"/>
		<feat xlink:href="#sSpan814" value="case"/>
		<feat xlink:href="#sSpan818" value="obj"/>
		<feat xlink:href="#sSpan821" value="mark"/>
		<feat xlink:href="#sSpan825" value="mark"/>
		<feat xlink:href="#sSpan829" value="aux"/>
		<feat xlink:href="#sSpan831" value="nsubj"/>
		<feat xlink:href="#sSpan833" value="advcl"/>
		<feat xlink:href="#sSpan835" value="punct"/>
		<feat xlink:href="#sSpan840" value="advmod"/>
		<feat xlink:href="#sSpan849" value="nsubj"/>
		<feat xlink:href="#sSpan853" value="root"/>
		<feat xlink:href="#sSpan856" value="advmod"/>
		<feat xlink:href="#sSpan860" value="aux"/>
		<feat xlink:href="#sSpan864" value="nsubj"/>
		<feat xlink:href="#sSpan867" value="parataxis"/>
		<feat xlink:href="#sSpan870" value="case"/>
		<feat xlink:href="#sSpan874" value="obl"/>
		<feat xlink:href="#sSpan876" value="aux"/>
		<feat xlink:href="#sSpan880" value="nsubj"/>
		<feat xlink:href="#sSpan883" value="parataxis"/>
		<feat xlink:href="#sSpan886" value="parataxis"/>
		<feat xlink:href="#sSpan890" value="nsubj"/>
		<feat xlink:href="#sSpan893" value="advmod"/>
		<feat xlink:href="#sSpan897" value="mark"/>
		<feat xlink:href="#sSpan901" value="aux"/>
		<feat xlink:href="#sSpan903" value="nsubj"/>
		<feat xlink:href="#sSpan906" value="dislocated"/>
		<feat xlink:href="#sSpan909" value="mark"/>
		<feat xlink:href="#sSpan913" value="nsubj"/>
		<feat xlink:href="#sSpan918" value="advcl"/>
		<feat xlink:href="#sSpan921" value="advmod"/>
		<feat xlink:href="#sSpan925" value="det"/>
		<feat xlink:href="#sSpan927" value="case"/>
		<feat xlink:href="#sSpan931" value="advcl"/>
		<feat xlink:href="#sSpan933" value="punct"/>
		<feat xlink:href="#sSpan937" value="advmod"/>
		<feat xlink:href="#sSpan948" value="advmod"/>
		<feat xlink:href="#sSpan952" value="mark"/>
		<feat xlink:href="#sSpan956" value="aux"/>
		<feat xlink:href="#sSpan958" value="det"/>
		<feat xlink:href="#sSpan961" value="nsubj"/>
		<feat xlink:href="#sSpan963" value="root"/>
		<feat xlink:href="#sSpan967" value="obj"/>
		<feat xlink:href="#sSpan969" value="det"/>
		<feat xlink:href="#sSpan975" value="appos"/>
		<feat xlink:href="#sSpan977" value="case"/>
		<feat xlink:href="#sSpan981" value="obl"/>
		<feat xlink:href="#sSpan984" value="case"/>
		<feat xlink:href="#sSpan988" value="det"/>
		<feat xlink:href="#sSpan990" value="obl"/>
		<feat xlink:href="#sSpan992" value="case"/>
		<feat xlink:href="#sSpan996" value="det"/>
		<feat xlink:href="#sSpan1000" value="nmod"/>
		<feat xlink:href="#sSpan1002" value="punct"/>
		<feat xlink:href="#sSpan1006" value="mark"/>
		<feat xlink:href="#sSpan1010" value="aux"/>
		<feat xlink:href="#sSpan1012" value="nsubj"/>
		<feat xlink:href="#sSpan1014" value="advcl"/>
		<feat xlink:href="#sSpan1016" value="case"/>
		<feat xlink:href="#sSpan1021" value="xcomp"/>
		<feat xlink:href="#sSpan1024" value="case"/>
		<feat xlink:href="#sSpan1028" value="det"/>
		<feat xlink:href="#sSpan1032" value="nmod"/>
		<feat xlink:href="#sSpan1034" value="cc"/>
		<feat xlink:href="#sSpan1038" value="case"/>
		<feat xlink:href="#sSpan1042" value="det"/>
		<feat xlink:href="#sSpan1046" value="conj"/>
		<feat xlink:href="#sSpan1048" value="cc"/>
		<feat xlink:href="#sSpan1052" value="det"/>
		<feat xlink:href="#sSpan1055" value="conj"/>
		<feat xlink:href="#sSpan1057" value="punct"/>
		<feat xlink:href="#sSpan1061" value="dislocated"/>
		<feat xlink:href="#sSpan1070" value="aux"/>
		<feat xlink:href="#sSpan1074" value="nsubj"/>
		<feat xlink:href="#sSpan1077" value="root"/>
		<feat xlink:href="#sSpan1080" value="case"/>
		<feat xlink:href="#sSpan1084" value="det"/>
		<feat xlink:href="#sSpan1088" value="obl"/>
		<feat xlink:href="#sSpan1090" value="dislocated"/>
		<feat xlink:href="#sSpan1095" value="advmod"/>
		<feat xlink:href="#sSpan1099" value="nsubj"/>
		<feat xlink:href="#sSpan1103" value="det"/>
		<feat xlink:href="#sSpan1108" value="parataxis"/>
		<feat xlink:href="#sSpan1110" value="case"/>
		<feat xlink:href="#sSpan1114" value="det"/>
		<feat xlink:href="#sSpan1118" value="nmod"/>
		<feat xlink:href="#sSpan1120" value="dislocated"/>
		<feat xlink:href="#sSpan1124" value="nsubj"/>
		<feat xlink:href="#sSpan1128" value="parataxis"/>
		<feat xlink:href="#sSpan1130" value="dislocated"/>
		<feat xlink:href="#sSpan1135" value="advmod"/>
		<feat xlink:href="#sSpan1139" value="nsubj"/>
		<feat xlink:href="#sSpan1143" value="parataxis"/>
		<feat xlink:href="#sSpan1145" value="dislocated"/>
		<feat xlink:href="#sSpan1149" value="nsubj"/>
		<feat xlink:href="#sSpan1153" value="parataxis"/>
		<feat xlink:href="#sSpan1155" value="dislocated"/>
		<feat xlink:href="#sSpan1160" value="advmod"/>
		<feat xlink:href="#sSpan1164" value="nsubj"/>
		<feat xlink:href="#sSpan1168" value="parataxis"/>
		<feat xlink:href="#sSpan1171" value="advmod"/>
		<feat xlink:href="#sSpan1180" value="case"/>
		<feat xlink:href="#sSpan1184" value="det"/>
		<feat xlink:href="#sSpan1187" value="advcl"/>
		<feat xlink:href="#sSpan1189" value="nsubj"/>
		<feat xlink:href="#sSpan1193" value="root"/>
		<feat xlink:href="#sSpan1195" value="nsubj"/>
		<feat xlink:href="#sSpan1199" value="parataxis"/>
		<feat xlink:href="#sSpan1201" value="nsubj"/>
		<feat xlink:href="#sSpan1206" value="parataxis"/>
		<feat xlink:href="#sSpan1209" value="nsubj"/>
		<feat xlink:href="#sSpan1214" value="parataxis"/>
		<feat xlink:href="#sSpan1218" value="case"/>
		<feat xlink:href="#sSpan1222" value="obl"/>
		<feat xlink:href="#sSpan1224" value="nsubj"/>
		<feat xlink:href="#sSpan1228" value="parataxis"/>
		<feat xlink:href="#sSpan1230" value="punct"/>
		<feat xlink:href="#sSpan1234" value="nsubj"/>
		<feat xlink:href="#sSpan1243" value="root"/>
		<feat xlink:href="#sSpan1245" value="mark"/>
		<feat xlink:href="#sSpan1249" value="nsubj"/>
		<feat xlink:href="#sSpan1252" value="advcl"/>
		<feat xlink:href="#sSpan1255" value="case"/>
		<feat xlink:href="#sSpan1259" value="det"/>
		<feat xlink:href="#sSpan1262" value="obl"/>
		<feat xlink:href="#sSpan1264" value="advmod"/>
		<feat xlink:href="#sSpan1268" value="det"/>
		<feat xlink:href="#sSpan1272" value="mark"/>
		<feat xlink:href="#sSpan1276" value="nsubj"/>
		<feat xlink:href="#sSpan1278" value="advcl"/>
		<feat xlink:href="#sSpan1280" value="mark"/>
		<feat xlink:href="#sSpan1284" value="obj"/>
		<feat xlink:href="#sSpan1286" value="nsubj"/>
		<feat xlink:href="#sSpan1290" value="parataxis"/>
		<feat xlink:href="#sSpan1292" value="case"/>
		<feat xlink:href="#sSpan1296" value="obl"/>
		<feat xlink:href="#sSpan1298" value="mark"/>
		<feat xlink:href="#sSpan1302" value="nsubj"/>
		<feat xlink:href="#sSpan1304" value="advcl"/>
		<feat xlink:href="#sSpan1306" value="case"/>
		<feat xlink:href="#sSpan1310" value="obl"/>
		<feat xlink:href="#sSpan1312" value="nsubj"/>
		<feat xlink:href="#sSpan1317" value="parataxis"/>
		<feat xlink:href="#sSpan1319" value="case"/>
		<feat xlink:href="#sSpan1323" value="obj"/>
		<feat xlink:href="#sSpan1325" value="punct"/>
		<feat xlink:href="#sSpan1329" value="mark"/>
		<feat xlink:href="#sSpan1339" value="nsubj"/>
		<feat xlink:href="#sSpan1342" value="advcl"/>
		<feat xlink:href="#sSpan1345" value="case"/>
		<feat xlink:href="#sSpan1349" value="obl"/>
		<feat xlink:href="#sSpan1351" value="punct"/>
		<feat xlink:href="#sSpan1355" value="nsubj"/>
		<feat xlink:href="#sSpan1360" value="root"/>
		<feat xlink:href="#sSpan1362" value="case"/>
		<feat xlink:href="#sSpan1366" value="obl"/>
		<feat xlink:href="#sSpan1368" value="case"/>
		<feat xlink:href="#sSpan1372" value="det"/>
		<feat xlink:href="#sSpan1374" value="obl"/>
		<feat xlink:href="#sSpan1376" value="case"/>
		<feat xlink:href="#sSpan1380" value="det"/>
		<feat xlink:href="#sSpan1384" value="nmod"/>
		<feat xlink:href="#sSpan1386" value="case"/>
		<feat xlink:href="#sSpan1390" value="det"/>
		<feat xlink:href="#sSpan1394" value="nmod"/>
		<feat xlink:href="#sSpan1396" value="aux"/>
		<feat xlink:href="#sSpan1400" value="nsubj"/>
		<feat xlink:href="#sSpan1403" value="parataxis"/>
		<feat xlink:href="#sSpan1406" value="case"/>
		<feat xlink:href="#sSpan1410" value="obl"/>
		<feat xlink:href="#sSpan1414" value="det"/>
		<feat xlink:href="#sSpan1418" value="advmod"/>
		<feat xlink:href="#sSpan1422" value="case"/>
		<feat xlink:href="#sSpan1426" value="det"/>
		<feat xlink:href="#sSpan1429" value="obl"/>
		<feat xlink:href="#sSpan1431" value="punct"/>
		<feat xlink:href="#sSpan1435" value="advmod"/>
		<feat xlink:href="#sSpan1445" value="aux"/>
		<feat xlink:href="#sSpan1447" value="mark"/>
		<feat xlink:href="#sSpan1449" value="nsubj"/>
		<feat xlink:href="#sSpan1452" value="root"/>
		<feat xlink:href="#sSpan1455" value="case"/>
		<feat xlink:href="#sSpan1459" value="obl"/>
		<feat xlink:href="#sSpan1461" value="advmod"/>
		<feat xlink:href="#sSpan1465" value="mark"/>
		<feat xlink:href="#sSpan1469" value="nsubj"/>
		<feat xlink:href="#sSpan1471" value="advcl"/>
		<feat xlink:href="#sSpan1473" value="case"/>
		<feat xlink:href="#sSpan1477" value="obl"/>
		<feat xlink:href="#sSpan1479" value="case"/>
		<feat xlink:href="#sSpan1483" value="obj"/>
		<feat xlink:href="#sSpan1486" value="punct"/>
		<feat xlink:href="#sSpan1491" value="cc"/>
		<feat xlink:href="#sSpan1495" value="mark"/>
		<feat xlink:href="#sSpan1499" value="nsubj"/>
		<feat xlink:href="#sSpan1502" value="conj"/>
		<feat xlink:href="#sSpan1505" value="case"/>
		<feat xlink:href="#sSpan1509" value="obl"/>
		<feat xlink:href="#sSpan1512" value="mark"/>
		<feat xlink:href="#sSpan1516" value="advcl"/>
		<feat xlink:href="#sSpan1521" value="case"/>
		<feat xlink:href="#sSpan1525" value="nmod"/>
		<feat xlink:href="#sSpan1527" value="punct"/>
		<feat xlink:href="#sSpan1532" value="mark"/>
		<feat xlink:href="#sSpan1541" value="mark"/>
		<feat xlink:href="#sSpan1545" value="root"/>
		<feat xlink:href="#sSpan1549" value="iobj"/>
		<feat xlink:href="#sSpan1551" value="advmod"/>
		<feat xlink:href="#sSpan1555" value="case"/>
		<feat xlink:href="#sSpan1559" value="det"/>
		<feat xlink:href="#sSpan1562" value="nummod"/>
		<feat xlink:href="#sSpan1564" value="case"/>
		<feat xlink:href="#sSpan1569" value="nsubj"/>
		<feat xlink:href="#sSpan1571" value="case"/>
		<feat xlink:href="#sSpan1575" value="det"/>
		<feat xlink:href="#sSpan1579" value="obl"/>
		<feat xlink:href="#sSpan1581" value="punct"/>
		<feat xlink:href="#sSpan1586" value="cc"/>
		<feat xlink:href="#sSpan1590" value="advmod"/>
		<feat xlink:href="#sSpan1594" value="conj"/>
		<feat xlink:href="#sSpan1597" value="case"/>
		<feat xlink:href="#sSpan1601" value="nmod"/>
		<feat xlink:href="#sSpan1603" value="advmod"/>
		<feat xlink:href="#sSpan1607" value="punct"/>
		<feat xlink:href="#sSpan1611" value="dislocated"/>
		<feat xlink:href="#sSpan1616" value="advmod"/>
		<feat xlink:href="#sSpan1620" value="aux"/>
		<feat xlink:href="#sSpan1624" value="nsubj"/>
		<feat xlink:href="#sSpan1626" value="parataxis"/>
		<feat xlink:href="#sSpan1628" value="obj"/>
		<feat xlink:href="#sSpan1630" value="case"/>
		<feat xlink:href="#sSpan1634" value="det"/>
		<feat xlink:href="#sSpan1638" value="obl"/>
		<feat xlink:href="#sSpan1641" value="appos"/>
		<feat xlink:href="#sSpan1645" value="case"/>
		<feat xlink:href="#sSpan1649" value="det"/>
		<feat xlink:href="#sSpan1653" value="obl"/>
		<feat xlink:href="#sSpan1655" value="punct"/>
		<feat xlink:href="#sSpan1659" value="nsubj"/>
		<feat xlink:href="#sSpan1669" value="root"/>
		<feat xlink:href="#sSpan1671" value="advmod"/>
		<feat xlink:href="#sSpan1675" value="case"/>
		<feat xlink:href="#sSpan1679" value="obl"/>
		<feat xlink:href="#sSpan1681" value="ccomp"/>
		<feat xlink:href="#sSpan1685" value="obj"/>
		<feat xlink:href="#sSpan1687" value="case"/>
		<feat xlink:href="#sSpan1691" value="obl"/>
		<feat xlink:href="#sSpan1693" value="punct"/>
		<feat xlink:href="#sSpan1697" value="case"/>
		<feat xlink:href="#sSpan1708" value="obl"/>
		<feat xlink:href="#sSpan1711" value="aux"/>
		<feat xlink:href="#sSpan1715" value="nsubj"/>
		<feat xlink:href="#sSpan1717" value="root"/>
		<feat xlink:href="#sSpan1720" value="obj"/>
		<feat xlink:href="#sSpan1723" value="case"/>
		<feat xlink:href="#sSpan1727" value="obl"/>
		<feat xlink:href="#sSpan1729" value="mark"/>
		<feat xlink:href="#sSpan1733" value="acl:relcl"/>
		<feat xlink:href="#sSpan1735" value="cop"/>
		<feat xlink:href="#sSpan1739" value="det"/>
		<feat xlink:href="#sSpan1743" value="nsubj"/>
		<feat xlink:href="#sSpan1745" value="case"/>
		<feat xlink:href="#sSpan1749" value="nmod"/>
		<feat xlink:href="#sSpan1751" value="cc"/>
		<feat xlink:href="#sSpan1755" value="det"/>
		<feat xlink:href="#sSpan1760" value="conj"/>
		<feat xlink:href="#sSpan1762" value="case"/>
		<feat xlink:href="#sSpan1766" value="det"/>
		<feat xlink:href="#sSpan1769" value="nmod"/>
		<feat xlink:href="#sSpan1771" value="appos"/>
		<feat xlink:href="#sSpan1775" value="mark"/>
		<feat xlink:href="#sSpan1779" value="mark"/>
		<feat xlink:href="#sSpan1781" value="acl:relcl"/>
		<feat xlink:href="#sSpan1783" value="obj"/>
		<feat xlink:href="#sSpan1785" value="xcomp"/>
		<feat xlink:href="#sSpan1787" value="det"/>
		<feat xlink:href="#sSpan1789" value="obj"/>
		<feat xlink:href="#sSpan1791" value="case"/>
		<feat xlink:href="#sSpan1795" value="det"/>
		<feat xlink:href="#sSpan1798" value="obl"/>
		<feat xlink:href="#sSpan1800" value="mark"/>
		<feat xlink:href="#sSpan1804" value="case"/>
		<feat xlink:href="#sSpan1806" value="det"/>
		<feat xlink:href="#sSpan1810" value="acl:relcl"/>
		<feat xlink:href="#sSpan1812" value="case"/>
		<feat xlink:href="#sSpan1816" value="det"/>
		<feat xlink:href="#sSpan1818" value="obl"/>
		<feat xlink:href="#sSpan1821" value="mark"/>
		<feat xlink:href="#sSpan1825" value="nsubj"/>
		<feat xlink:href="#sSpan1828" value="acl:relcl"/>
		<feat xlink:href="#sSpan1831" value="case"/>
		<feat xlink:href="#sSpan1835" value="obl"/>
		<feat xlink:href="#sSpan1837" value="case"/>
		<feat xlink:href="#sSpan1841" value="det"/>
		<feat xlink:href="#sSpan1845" value="obl"/>
		<feat xlink:href="#sSpan1847" value="advmod"/>
		<feat xlink:href="#sSpan1851" value="det"/>
		<feat xlink:href="#sSpan1853" value="case"/>
		<feat xlink:href="#sSpan1857" value="obl"/>
		<feat xlink:href="#sSpan1860" value="det"/>
		<feat xlink:href="#sSpan1864" value="punct"/>
		<feat xlink:href="#sSpan1869" value="mark"/>
		<feat xlink:href="#sSpan1878" value="mark"/>
		<feat xlink:href="#sSpan1882" value="advmod"/>
		<feat xlink:href="#sSpan1884" value="nsubj"/>
		<feat xlink:href="#sSpan1886" value="advcl"/>
		<feat xlink:href="#sSpan1889" value="advmod"/>
		<feat xlink:href="#sSpan1893" value="advmod"/>
		<feat xlink:href="#sSpan1897" value="case"/>
		<feat xlink:href="#sSpan1901" value="obl"/>
		<feat xlink:href="#sSpan1903" value="aux"/>
		<feat xlink:href="#sSpan1907" value="nsubj"/>
		<feat xlink:href="#sSpan1910" value="root"/>
		<feat xlink:href="#sSpan1914" value="case"/>
		<feat xlink:href="#sSpan1918" value="obl"/>
		<feat xlink:href="#sSpan1920" value="nsubj"/>
		<feat xlink:href="#sSpan1929" value="root"/>
		<feat xlink:href="#sSpan1932" value="advmod"/>
		<feat xlink:href="#sSpan1936" value="case"/>
		<feat xlink:href="#sSpan1940" value="obl"/>
		<feat xlink:href="#sSpan1942" value="case"/>
		<feat xlink:href="#sSpan1946" value="det"/>
		<feat xlink:href="#sSpan1950" value="obl"/>
		<feat xlink:href="#sSpan1952" value="aux"/>
		<feat xlink:href="#sSpan1956" value="det"/>
		<feat xlink:href="#sSpan1959" value="nsubj"/>
		<feat xlink:href="#sSpan1961" value="advcl"/>
		<feat xlink:href="#sSpan1965" value="obj"/>
		<feat xlink:href="#sSpan1967" value="det"/>
		<feat xlink:href="#sSpan1969" value="punct"/>
		<feat xlink:href="#sSpan1973" value="aux"/>
		<feat xlink:href="#sSpan1977" value="nsubj"/>
		<feat xlink:href="#sSpan1979" value="advcl"/>
		<feat xlink:href="#sSpan1981" value="advmod"/>
		<feat xlink:href="#sSpan1985" value="case"/>
		<feat xlink:href="#sSpan1989" value="det"/>
		<feat xlink:href="#sSpan1992" value="obl"/>
		<feat xlink:href="#sSpan1994" value="case"/>
		<feat xlink:href="#sSpan1998" value="nmod"/>
		<feat xlink:href="#sSpan2001" value="mark"/>
		<feat xlink:href="#sSpan2003" value="acl:relcl"/>
		<feat xlink:href="#sSpan2005" value="case"/>
		<feat xlink:href="#sSpan2009" value="obl"/>
		<feat xlink:href="#sSpan2011" value="punct"/>
		<feat xlink:href="#sSpan2016" value="cc"/>
		<feat xlink:href="#sSpan2020" value="det"/>
		<feat xlink:href="#sSpan2025" value="conj"/>
		<feat xlink:href="#sSpan2027" value="punct"/>
		<feat xlink:href="#sSpan2031" value="det"/>
		<feat xlink:href="#sSpan2042" value="dislocated"/>
		<feat xlink:href="#sSpan2046" value="advmod"/>
		<feat xlink:href="#sSpan2050" value="case"/>
		<feat xlink:href="#sSpan2054" value="det"/>
		<feat xlink:href="#sSpan2057" value="nmod"/>
		<feat xlink:href="#sSpan2059" value="advmod"/>
		<feat xlink:href="#sSpan2063" value="mark"/>
		<feat xlink:href="#sSpan2065" value="nsubj"/>
		<feat xlink:href="#sSpan2067" value="case"/>
		<feat xlink:href="#sSpan2069" value="root"/>
		<feat xlink:href="#sSpan2072" value="advmod"/>
		<feat xlink:href="#sSpan2076" value="punct"/>
		<feat xlink:href="#sSpan2081" value="cc"/>
		<feat xlink:href="#sSpan2085" value="case"/>
		<feat xlink:href="#sSpan2089" value="det"/>
		<feat xlink:href="#sSpan2092" value="conj"/>
		<feat xlink:href="#sSpan2094" value="punct"/>
		<feat xlink:href="#sSpan2098" value="root"/>
		<feat xlink:href="#sSpan2107" value="cop"/>
		<feat xlink:href="#sSpan2112" value="mark"/>
		<feat xlink:href="#sSpan2114" value="nsubj"/>
		<feat xlink:href="#sSpan2116" value="csubj"/>
		<feat xlink:href="#sSpan2118" value="obj"/>
		<feat xlink:href="#sSpan2120" value="punct"/>
		<feat xlink:href="#sSpan2124" value="nsubj"/>
		<feat xlink:href="#sSpan2128" value="advcl"/>
		<feat xlink:href="#sSpan2130" value="case"/>
		<feat xlink:href="#sSpan2134" value="obl"/>
		<feat xlink:href="#sSpan2136" value="case"/>
		<feat xlink:href="#sSpan2140" value="det"/>
		<feat xlink:href="#sSpan2143" value="obl"/>
		<feat xlink:href="#sSpan2145" value="cc"/>
		<feat xlink:href="#sSpan2149" value="case"/>
		<feat xlink:href="#sSpan2151" value="det"/>
		<feat xlink:href="#sSpan2155" value="conj"/>
		<feat xlink:href="#sSpan2157" value="cc"/>
		<feat xlink:href="#sSpan2161" value="det"/>
		<feat xlink:href="#sSpan2165" value="conj"/>
		<feat xlink:href="#sSpan2167" value="case"/>
		<feat xlink:href="#sSpan2172" value="nmod"/>
		<feat xlink:href="#sSpan2176" value="punct"/></featList></paula>