<?xml version='1.0' encoding='UTF-8'?><!DOCTYPE paula SYSTEM "paula_feat.dtd">
<paula version="1.1">
	<header paula_id="scriptorium.1Cor_04.mark_multiword"/>
	<featList xmlns:xlink="http://www.w3.org/1999/xlink" type="multiword" xml:base="scriptorium.1Cor_04.mark.xml">
		<feat xlink:href="#sSpan148" value="ϩⲉ ⲉ"/>
		<feat xlink:href="#sSpan315" value="ⲉ ⲁ"/>
		<feat xlink:href="#sSpan503" value="ⲟⲩⲱⲛϩ ⲉⲃⲟⲗ"/>
		<feat xlink:href="#sSpan794" value="ⲣ ⲡ ⲕⲉ"/>
		<feat xlink:href="#sSpan1412" value="ⲟⲩⲟⲛ ⲛⲓⲙ"/>
		<feat xlink:href="#sSpan1699" value="ⲉⲧⲃⲉ ⲡⲁⲓ"/>
		<feat xlink:href="#sSpan1820" value="ϩⲉ ⲉ"/></featList></paula>