<?xml version='1.0' encoding='UTF-8'?><!DOCTYPE paula SYSTEM "paula_feat.dtd">
<paula version="1.1">
	<header paula_id="scriptorium.1Cor_04.mark_verse_n"/>
	<featList xmlns:xlink="http://www.w3.org/1999/xlink" type="verse_n" xml:base="scriptorium.1Cor_04.mark.xml">
		<feat xlink:href="#sSpan10" value="1"/>
		<feat xlink:href="#sSpan108" value="2"/>
		<feat xlink:href="#sSpan171" value="3"/>
		<feat xlink:href="#sSpan292" value="4"/>
		<feat xlink:href="#sSpan405" value="5"/>
		<feat xlink:href="#sSpan590" value="6"/>
		<feat xlink:href="#sSpan732" value="7"/>
		<feat xlink:href="#sSpan848" value="8"/>
		<feat xlink:href="#sSpan946" value="9"/>
		<feat xlink:href="#sSpan1069" value="10"/>
		<feat xlink:href="#sSpan1179" value="11"/>
		<feat xlink:href="#sSpan1242" value="12"/>
		<feat xlink:href="#sSpan1338" value="13"/>
		<feat xlink:href="#sSpan1444" value="14"/>
		<feat xlink:href="#sSpan1540" value="15"/>
		<feat xlink:href="#sSpan1667" value="16"/>
		<feat xlink:href="#sSpan1707" value="17"/>
		<feat xlink:href="#sSpan1877" value="18"/>
		<feat xlink:href="#sSpan1928" value="19"/>
		<feat xlink:href="#sSpan2040" value="20"/>
		<feat xlink:href="#sSpan2106" value="21"/></featList></paula>