<?xml version='1.0' encoding='UTF-8'?><!DOCTYPE paula SYSTEM "paula_feat.dtd">
<paula version="1.1">
	<header paula_id="scriptorium.life.longinus.lucius.04.mark_orig_group"/>
	<featList xmlns:xlink="http://www.w3.org/1999/xlink" type="orig_group" xml:base="scriptorium.life.longinus.lucius.04.mark.xml">
		<feat xlink:href="#sSpan4" value="ⲁⲥϣⲱⲡⲉ"/>
		<feat xlink:href="#sSpan17" value="ⲇⲉ"/>
		<feat xlink:href="#sSpan21" value="ⲛⲛⲟⲩϩⲟⲟⲩ"/>
		<feat xlink:href="#sSpan30" value="ⲁⲩⲥϩⲓⲙⲉ"/>
		<feat xlink:href="#sSpan39" value="ⲉⲓⲛⲉ"/>
		<feat xlink:href="#sSpan43" value="ϣⲁⲣⲟϥ"/>
		<feat xlink:href="#sSpan49" value="ⲙⲡⲉⲥϣⲏⲣⲉ"/>
		<feat xlink:href="#sSpan58" value="ⲉⲣⲉⲟⲩⲇⲁⲓⲙⲟⲛⲓⲟⲛ"/>
		<feat xlink:href="#sSpan69" value="ⲛⲙⲙⲁϥ"/>
		<feat xlink:href="#sSpan75" value=","/>
		<feat xlink:href="#sSpan79" value="ⲉⲁⲡⲉϥϩⲟ"/>
		<feat xlink:href="#sSpan90" value="ϭⲱⲟⲩϭ"/>
		<feat xlink:href="#sSpan94" value="ⲛⲥⲁⲡⲁϩⲟⲩ"/>
		<feat xlink:href="#sSpan102" value="ϩⲓⲧⲛⲧⲉⲛⲉⲣⲅⲓⲁ"/>
		<feat xlink:href="#sSpan112" value="ⲙⲡⲇⲁⲓⲙⲱⲛ"/>
		<feat xlink:href="#sSpan123" value="ⲁⲩⲱ"/>
		<feat xlink:href="#sSpan127" value="ⲛⲉϥϩⲓⲧⲉ"/>
		<feat xlink:href="#sSpan135" value="ⲙⲙⲟϥ"/>
		<feat xlink:href="#sSpan141" value="ⲙⲙⲏⲛⲉ"/>
		<feat xlink:href="#sSpan147" value="ⲉϥⲑⲗⲓⲃⲉ"/>
		<feat xlink:href="#sSpan156" value="ⲙⲙⲟϥ"/>
		<feat xlink:href="#sSpan162" value="·"/>
		<feat xlink:href="#sSpan167" value="ⲧⲉϥⲙⲁⲁⲩ"/>
		<feat xlink:href="#sSpan175" value="ⲇⲉ"/>
		<feat xlink:href="#sSpan179" value="ⲁⲥⲡⲁⲣⲁⲕⲁⲗⲉⲓ"/>
		<feat xlink:href="#sSpan189" value="ⲙⲡⲡⲉⲧⲟⲩⲁⲁⲃ"/>
		<feat xlink:href="#sSpan201" value="ⲉⲧⲣⲉϥϣⲗⲏⲗ"/>
		<feat xlink:href="#sSpan211" value="ⲉϫⲱϥ"/>
		<feat xlink:href="#sSpan217" value="·"/>
		<feat xlink:href="#sSpan221" value="ⲛⲧⲟϥ"/>
		<feat xlink:href="#sSpan227" value="ⲇⲉ"/>
		<feat xlink:href="#sSpan231" value="ⲁϥⲡⲉⲣϣⲛⲉϥϭⲓϫ"/>
		<feat xlink:href="#sSpan244" value="ⲉⲃⲟⲗ"/>
		<feat xlink:href="#sSpan249" value="ⲁϥϣⲗⲏⲗ"/>
		<feat xlink:href="#sSpan257" value="ⲉϥϫⲱ"/>
		<feat xlink:href="#sSpan265" value="ⲙⲙⲟⲥ"/>
		<feat xlink:href="#sSpan271" value="ϫⲉ"/>
		<feat xlink:href="#sSpan275" value="·"/>
		<feat xlink:href="#sSpan279" value="ⲡϫⲟⲉⲓⲥ"/>
		<feat xlink:href="#sSpan287" value="ⲓ̅ⲥ̅"/>
		<feat xlink:href="#sSpan291" value="ⲡⲉⲭ︦ⲥ︥"/>
		<feat xlink:href="#sSpan298" value="ⲡⲉⲧⲣϩⲱⲃ"/>
		<feat xlink:href="#sSpan308" value="ⲉⲡⲉⲛⲟⲩϫⲁⲓ"/>
		<feat xlink:href="#sSpan317" value=","/>
		<feat xlink:href="#sSpan321" value="ⲉϣⲱⲡⲉ"/>
		<feat xlink:href="#sSpan327" value="ⲡⲉⲕⲟⲩⲱϣ"/>
		<feat xlink:href="#sSpan333" value="ⲡⲉ"/>
		<feat xlink:href="#sSpan337" value=","/>
		<feat xlink:href="#sSpan341" value="ⲉⲕⲉⲭⲁⲣⲓⲍⲉ"/>
		<feat xlink:href="#sSpan348" value="ⲙⲡⲧⲁⲗϭⲟ"/>
		<feat xlink:href="#sSpan357" value="ⲙⲡⲉⲓϣⲏⲣⲉ"/>
		<feat xlink:href="#sSpan367" value="ϣⲏⲙ"/>
		<feat xlink:href="#sSpan371" value="·"/>
		<feat xlink:href="#sSpan375" value="ⲁⲩⲱ"/>
		<feat xlink:href="#sSpan380" value="ⲛⲧⲉⲓϩⲉ"/>
		<feat xlink:href="#sSpan389" value="ⲉϥⲛⲓϥⲉ"/>
		<feat xlink:href="#sSpan398" value="ⲁϩⲟⲩⲛ"/>
		<feat xlink:href="#sSpan402" value="ϩⲙⲡϩⲟ"/>
		<feat xlink:href="#sSpan411" value="ⲙⲡϣⲏⲣϥⲉ"/>
		<feat xlink:href="#sSpan421" value="ϣⲏⲙ"/>
		<feat xlink:href="#sSpan425" value="·"/>
		<feat xlink:href="#sSpan429" value="ⲛⲧⲉⲩⲛⲟⲩ"/>
		<feat xlink:href="#sSpan438" value="ⲁⲡⲇⲁⲓⲙⲱⲛⲓⲟⲛ"/>
		<feat xlink:href="#sSpan448" value="ⲉⲓ"/>
		<feat xlink:href="#sSpan453" value="ⲉⲃⲟⲗ"/>
		<feat xlink:href="#sSpan458" value="ⲛϩⲏⲧϥ"/>
		<feat xlink:href="#sSpan464" value="ⲁⲡⲉϥϩⲟ"/>
		<feat xlink:href="#sSpan473" value="ϣⲱⲡⲉ"/>
		<feat xlink:href="#sSpan477" value="ⲛⲑⲉ"/>
		<feat xlink:href="#sSpan486" value="ⲉⲛⲉϥⲟ"/>
		<feat xlink:href="#sSpan496" value="ⲙⲙⲟⲥ"/>
		<feat xlink:href="#sSpan502" value="ⲛϣⲟⲣⲡ"/>
		<feat xlink:href="#sSpan508" value="·"/>
		<feat xlink:href="#sSpan512" value="ⲁⲩⲡⲱⲧ"/>
		<feat xlink:href="#sSpan520" value="ⲉⲡⲉⲩⲏⲓ"/>
		<feat xlink:href="#sSpan529" value="ⲉⲩϯⲉⲟⲟⲩ"/>
		<feat xlink:href="#sSpan540" value="ⲙⲡⲛⲟⲩⲧⲉ"/>
		<feat xlink:href="#sSpan549" value="·"/>
		<feat xlink:href="#sSpan553" value="ⲁⲩⲱ"/>
		<feat xlink:href="#sSpan558" value="ⲛⲧⲉⲣⲟⲩⲛⲁⲩ"/>
		<feat xlink:href="#sSpan566" value="ⲉϩⲁϩ"/>
		<feat xlink:href="#sSpan573" value="ⲉⲩⲛⲏⲩ"/>
		<feat xlink:href="#sSpan581" value="ϣⲁⲣⲟⲟⲩ"/>
		<feat xlink:href="#sSpan587" value="ⲁⲧⲉⲭⲣⲓⲁ"/>
		<feat xlink:href="#sSpan597" value="ϣⲱⲡⲉ"/>
		<feat xlink:href="#sSpan601" value="ⲉⲧⲣⲉⲩⲧⲱϭ"/>
		<feat xlink:href="#sSpan612" value="ⲛϩⲉⲛⲕⲟⲩⲓ"/>
		<feat xlink:href="#sSpan621" value="ⲛⲛⲟⲉⲓⲕ"/>
		<feat xlink:href="#sSpan627" value="ⲉⲧⲃⲉⲧⲉⲩⲭⲣⲓⲁ"/>
		<feat xlink:href="#sSpan637" value="ⲙⲛⲛⲛϣⲙⲙⲟ"/>
		<feat xlink:href="#sSpan646" value="ⲙⲛⲛⲉⲧⲛⲏⲩ"/>
		<feat xlink:href="#sSpan657" value="ϣⲁⲣⲟⲟⲩ"/>
		<feat xlink:href="#sSpan664" value="·"/>
		<feat xlink:href="#sSpan669" value="ⲁⲓⲧⲉⲓ"/>
		<feat xlink:href="#sSpan674" value="ⲉⲣⲉⲛⲟⲉⲓⲕ"/>
		<feat xlink:href="#sSpan683" value="ⲡⲟⲣϣ"/>
		<feat xlink:href="#sSpan687" value="ϩⲙⲡⲣⲏ"/>
		<feat xlink:href="#sSpan696" value="ⲁⲩⲛⲟϭ"/>
		<feat xlink:href="#sSpan705" value="ⲙⲙⲟⲩ"/>
		<feat xlink:href="#sSpan711" value="ⲛϩⲱⲟⲩ"/>
		<feat xlink:href="#sSpan718" value="ϣⲟⲩⲟ"/>
		<feat xlink:href="#sSpan722" value="ⲉⲡⲉⲥⲏⲧ"/>
		<feat xlink:href="#sSpan731" value="ϩⲛⲟⲩϣⲡⲛϣⲱⲡ"/>
		<feat xlink:href="#sSpan743" value="·"/>
		<feat xlink:href="#sSpan747" value="ⲁⲩⲱ"/>
		<feat xlink:href="#sSpan752" value="ⲛⲧⲉⲩⲛⲟⲩ"/>
		<feat xlink:href="#sSpan760" value="ⲁⲡⲡⲉⲧⲟⲩⲁⲁⲃ"/>
		<feat xlink:href="#sSpan773" value="ⲁⲡⲁ"/>
		<feat xlink:href="#sSpan779" value="ⲗⲟⲅⲅⲓⲛⲟⲥ"/>
		<feat xlink:href="#sSpan783" value="ⲁϩⲉⲣⲁⲧϥ"/>
		<feat xlink:href="#sSpan792" value="ⲁϥϣⲗⲏⲗ"/>
		<feat xlink:href="#sSpan800" value="ⲉϥϫⲱ"/>
		<feat xlink:href="#sSpan808" value="ⲙⲙⲟⲥ"/>
		<feat xlink:href="#sSpan814" value="ϫⲉ"/>
		<feat xlink:href="#sSpan818" value="·"/>
		<feat xlink:href="#sSpan822" value="ⲡⲛⲟⲩⲧⲉ"/>
		<feat xlink:href="#sSpan829" value="ⲙⲡⲧⲏⲣϥ"/>
		<feat xlink:href="#sSpan840" value="ⲁⲩⲱ"/>
		<feat xlink:href="#sSpan844" value="ⲡⲇⲩⲙⲓⲟⲩⲣⲅⲟⲥ"/>
		<feat xlink:href="#sSpan851" value="ⲛⲧⲉⲕϯⲥⲓⲥ"/>
		<feat xlink:href="#sSpan862" value=","/>
		<feat xlink:href="#sSpan866" value="ⲉⲕⲉⲟⲩⲉϩⲥⲁϩⲛⲉ"/>
		<feat xlink:href="#sSpan874" value="ⲙⲡⲉⲓⲙⲟⲩ"/>
		<feat xlink:href="#sSpan883" value="ⲛϩⲱⲟⲩ"/>
		<feat xlink:href="#sSpan890" value="ⲛϥⲡⲁⲣⲁⲅⲉ"/>
		<feat xlink:href="#sSpan899" value="ⲙⲙⲟⲛ"/>
		<feat xlink:href="#sSpan905" value="·"/>
		<feat xlink:href="#sSpan909" value="ⲁⲩⲱ"/>
		<feat xlink:href="#sSpan914" value="ⲛⲧⲉⲩⲛⲟⲩ"/>
		<feat xlink:href="#sSpan922" value="ⲁⲛⲉⲕⲗⲟⲟⲗⲉ"/>
		<feat xlink:href="#sSpan932" value="ⲥⲓⲛⲉ"/>
		<feat xlink:href="#sSpan937" value="ⲉⲃⲟⲗ"/>
		<feat xlink:href="#sSpan941" value="ϩⲙⲡⲙⲁ"/>
		<feat xlink:href="#sSpan950" value="ⲉⲧⲙⲙⲁⲩ"/>
		<feat xlink:href="#sSpan956" value="ⲉⲧⲉⲣⲉⲛⲟⲉⲓⲕ"/>
		<feat xlink:href="#sSpan965" value="ⲛϩⲏⲧϥ"/>
		<feat xlink:href="#sSpan971" value="ⲙⲡⲉⲟⲩⲧⲗϯⲗⲉ"/>
		<feat xlink:href="#sSpan981" value="ⲛⲟⲩⲱⲧ"/>
		<feat xlink:href="#sSpan987" value="ϩⲉ"/>
		<feat xlink:href="#sSpan991" value="ⲉϫⲛ"/>
		<feat xlink:href="#sSpan996" value="ⲛⲟⲉⲓⲕ"/>
		<feat xlink:href="#sSpan1002" value=","/>
		<feat xlink:href="#sSpan1006" value="ⲉⲁⲡⲉϥϣⲗⲏⲗ"/>
		<feat xlink:href="#sSpan1018" value="ⲣⲑⲉ"/>
		<feat xlink:href="#sSpan1026" value="ⲛⲛⲟⲩⲥⲕⲏⲡⲉ"/>
		<feat xlink:href="#sSpan1035" value="ϩⲙⲡⲙⲁ"/>
		<feat xlink:href="#sSpan1044" value="ⲉⲧⲉⲣⲉⲛⲟⲉⲓⲕ"/>
		<feat xlink:href="#sSpan1054" value="ⲛϩⲏⲧϥ"/>
		<feat xlink:href="#sSpan1060" value="ⲙⲡⲉⲟⲩⲧⲗϯⲗⲉ"/>
		<feat xlink:href="#sSpan1069" value="ⲛⲛⲟⲩⲱⲧ"/>
		<feat xlink:href="#sSpan1075" value="ϩⲉ"/>
		<feat xlink:href="#sSpan1079" value="ⲉϫⲛ"/>
		<feat xlink:href="#sSpan1084" value="ⲛⲟⲉⲓⲕ"/>
		<feat xlink:href="#sSpan1090" value="·"/>
		<feat xlink:href="#sSpan1094" value="ⲁⲥϣⲱⲡⲉ"/>
		<feat xlink:href="#sSpan1107" value="ⲇⲉ"/>
		<feat xlink:href="#sSpan1112" value="ⲟⲛ"/>
		<feat xlink:href="#sSpan1116" value="ⲛⲟⲩⲥⲟⲡ"/>
		<feat xlink:href="#sSpan1125" value="ⲉϥϩⲙⲟⲟⲥ"/>
		<feat xlink:href="#sSpan1133" value="ϩⲛⲧⲉϥⲣⲉⲓ"/>
		<feat xlink:href="#sSpan1142" value="ⲉϥⲣϩⲱⲃ"/>
		<feat xlink:href="#sSpan1152" value="ⲉⲛⲉⲥⲭⲟⲗⲁⲕⲓⲛ"/>
		<feat xlink:href="#sSpan1162" value="ⲁⲩⲱ"/>
		<feat xlink:href="#sSpan1166" value="ⲉϥⲙⲉⲗⲉⲧⲁ"/>
		<feat xlink:href="#sSpan1175" value="ⲙⲡϣⲁϫⲉ"/>
		<feat xlink:href="#sSpan1184" value="ⲙⲡⲛⲟⲩⲧⲉ"/>
		<feat xlink:href="#sSpan1193" value=","/>
		<feat xlink:href="#sSpan1197" value="ⲁⲥⲉⲓ"/>
		<feat xlink:href="#sSpan1205" value="ϣⲁⲣⲟϥ"/>
		<feat xlink:href="#sSpan1211" value="ⲛϭⲓⲟⲩⲥϩⲓⲙⲉ"/>
		<feat xlink:href="#sSpan1220" value="ⲉⲥϣⲱⲛⲉ"/>
		<feat xlink:href="#sSpan1229" value="ⲉⲧⲉⲥϭⲓϫ"/>
		<feat xlink:href="#sSpan1238" value="ⲉϣⲁⲩⲙⲟⲩⲧⲉ"/>
		<feat xlink:href="#sSpan1248" value="ⲉⲣⲟϥ"/>
		<feat xlink:href="#sSpan1254" value="ϩⲓⲧⲛⲛⲛⲥⲁⲉⲓⲛ"/>
		<feat xlink:href="#sSpan1263" value="ϫⲉⲁⲙⲓⲁⲛⲧⲱⲛ"/>
		<feat xlink:href="#sSpan1269" value="ⲉⲧⲉⲡⲁⲓ"/>
		<feat xlink:href="#sSpan1277" value="ⲡⲉ"/>
		<feat xlink:href="#sSpan1283" value="ⲁⲧⲧⲁⲗϭⲟ"/>
		<feat xlink:href="#sSpan1288" value="·"/>
		<feat xlink:href="#sSpan1292" value="ⲁⲥⲉⲓ"/>
		<feat xlink:href="#sSpan1301" value="ⲛⲥⲁⲡⲁϩⲟⲩ"/>
		<feat xlink:href="#sSpan1310" value="ⲛⲧⲣⲉⲓ"/>
		<feat xlink:href="#sSpan1319" value="ⲁⲥⲡⲁⲣⲁⲕⲁⲗⲉⲓ"/>
		<feat xlink:href="#sSpan1328" value="ⲙⲙⲟϥ"/>
		<feat xlink:href="#sSpan1334" value="ⲉⲥϫⲱ"/>
		<feat xlink:href="#sSpan1342" value="ⲙⲙⲟⲥ"/>
		<feat xlink:href="#sSpan1349" value="ϫⲉ"/>
		<feat xlink:href="#sSpan1353" value="·"/>
		<feat xlink:href="#sSpan1357" value="ⲁⲣⲓⲧⲁⲅⲁⲡⲏ"/>
		<feat xlink:href="#sSpan1366" value="ⲛⲅϣⲗⲏⲗ"/>
		<feat xlink:href="#sSpan1374" value="ⲉϫⲱⲓ"/>
		<feat xlink:href="#sSpan1380" value="·"/>
		<feat xlink:href="#sSpan1384" value="ⲛⲧⲟϥ"/>
		<feat xlink:href="#sSpan1390" value="ⲇⲉ"/>
		<feat xlink:href="#sSpan1394" value="ⲁϥⲁⲡⲉⲓⲗⲏ"/>
		<feat xlink:href="#sSpan1403" value="ⲉⲣⲟⲥ"/>
		<feat xlink:href="#sSpan1409" value="ⲉⲧⲣⲉⲥⲁⲛⲁⲭⲱⲣⲉⲓ"/>
		<feat xlink:href="#sSpan1421" value="ⲛⲁⲥ"/>
		<feat xlink:href="#sSpan1427" value="·"/>
		<feat xlink:href="#sSpan1431" value="ⲁⲥϭⲱ"/>
		<feat xlink:href="#sSpan1440" value="ⲉⲥⲕⲱ"/>
		<feat xlink:href="#sSpan1448" value="ⲛⲣⲱⲥ"/>
		<feat xlink:href="#sSpan1457" value="ⲉⲥⲣϩⲟⲧⲉ"/>
		<feat xlink:href="#sSpan1467" value="ⲉϣⲁϫⲉ"/>
		<feat xlink:href="#sSpan1473" value="·"/>
		<feat xlink:href="#sSpan1477" value="ⲛⲧⲟϥ"/>
		<feat xlink:href="#sSpan1483" value="ⲇⲉ"/>
		<feat xlink:href="#sSpan1487" value="ⲛⲧⲉⲣⲉϥⲉⲓⲙⲉ"/>
		<feat xlink:href="#sSpan1496" value="ϩⲙⲡⲉⲡ︤ⲛ︦ⲁ︥"/>
		<feat xlink:href="#sSpan1506" value="ⲉⲡⲛⲟϭ"/>
		<feat xlink:href="#sSpan1515" value="ⲛϩⲓⲥⲉ"/>
		<feat xlink:href="#sSpan1521" value="ⲉⲧϩⲓϫⲱⲥ"/>
		<feat xlink:href="#sSpan1529" value="ⲁϥⲧⲱⲟⲩⲛ"/>
		<feat xlink:href="#sSpan1537" value="ⲁϥϣⲧⲁⲙ"/>
		<feat xlink:href="#sSpan1545" value="ⲙⲡⲣⲟ"/>
		<feat xlink:href="#sSpan1554" value="ⲙⲡϣⲟⲩϣⲧ"/>
		<feat xlink:href="#sSpan1564" value="ⲉⲧⲥϭⲱϣⲧ"/>
		<feat xlink:href="#sSpan1572" value="ⲉϩⲟⲩⲛ"/>
		<feat xlink:href="#sSpan1576" value="ⲛϩⲏⲧϥ"/>
		<feat xlink:href="#sSpan1582" value="ⲡⲉϫⲁϥ"/>
		<feat xlink:href="#sSpan1588" value="ⲛⲁⲥ"/>
		<feat xlink:href="#sSpan1594" value="ϫⲉ"/>
		<feat xlink:href="#sSpan1598" value="·"/>
		<feat xlink:href="#sSpan1602" value="ⲃⲱⲕ"/>
		<feat xlink:href="#sSpan1606" value="ϩⲛⲟⲩⲉⲓⲣⲏⲛⲏ"/>
		<feat xlink:href="#sSpan1616" value=","/>
		<feat xlink:href="#sSpan1620" value="ⲉⲣⲉⲡϫⲟⲉⲓⲥ"/>
		<feat xlink:href="#sSpan1631" value="ⲭⲁⲣⲓⲍⲉ"/>
		<feat xlink:href="#sSpan1635" value="ⲛⲏ"/>
		<feat xlink:href="#sSpan1642" value="ⲙⲡⲧⲗϭⲟ"/>
		<feat xlink:href="#sSpan1651" value="·"/>
		<feat xlink:href="#sSpan1655" value="ⲁⲩⲱ"/>
		<feat xlink:href="#sSpan1659" value="ⲁⲥⲟⲩϫⲁⲓ"/>
		<feat xlink:href="#sSpan1667" value="ⲛϭⲓⲧⲉⲥϩⲓⲙⲉ"/>
		<feat xlink:href="#sSpan1676" value="ϫⲓⲛⲛ"/>
		<feat xlink:href="#sSpan1680" value="ⲉⲧⲉⲩⲛⲟⲩ"/>
		<feat xlink:href="#sSpan1689" value="ⲉⲧⲙⲙⲁⲩ"/>
		<feat xlink:href="#sSpan1695" value="·"/>
		<feat xlink:href="#sSpan1699" value="ⲁⲥϣⲱⲡⲉ"/>
		<feat xlink:href="#sSpan1709" value="ⲇⲉ"/>
		<feat xlink:href="#sSpan1713" value="ⲛⲛⲟⲩϩⲟⲟⲩ"/>
		<feat xlink:href="#sSpan1722" value="ⲁⲩⲣⲱⲙⲉ"/>
		<feat xlink:href="#sSpan1731" value="ⲉⲓ"/>
		<feat xlink:href="#sSpan1735" value="ϣⲁⲣⲟϥ"/>
		<feat xlink:href="#sSpan1741" value="ⲉⲧⲉϥϫⲓ"/>
		<feat xlink:href="#sSpan1749" value="ⲉⲃⲟⲗ"/>
		<feat xlink:href="#sSpan1755" value="ϩⲓⲧⲟⲟⲧϥ"/>
		<feat xlink:href="#sSpan1761" value="ⲁⲩⲱ"/>
		<feat xlink:href="#sSpan1765" value="ⲁϥⲥⲡⲥⲱⲡϥ"/>
		<feat xlink:href="#sSpan1775" value="ⲉⲧⲣⲉϥϯ"/>
		<feat xlink:href="#sSpan1785" value="ⲛⲁϥ"/>
		<feat xlink:href="#sSpan1791" value="ⲛⲛⲟⲩⲕⲗⲁϥⲧ"/>
		<feat xlink:href="#sSpan1801" value="ⲉⲧⲱϥ"/>
		<feat xlink:href="#sSpan1807" value="ⲧⲉ"/>
		<feat xlink:href="#sSpan1811" value="ϫⲉⲕⲁⲥ"/>
		<feat xlink:href="#sSpan1816" value="ⲉⲥⲉϣⲱⲡⲉ"/>
		<feat xlink:href="#sSpan1822" value="ⲛⲁϥ"/>
		<feat xlink:href="#sSpan1828" value="ⲛⲛⲁϣⲧⲉ"/>
		<feat xlink:href="#sSpan1835" value="·"/>
		<feat xlink:href="#sSpan1839" value="ⲛⲧⲉⲣⲉϥϫⲓⲧⲥ"/>
		<feat xlink:href="#sSpan1851" value="ⲇⲉ"/>
		<feat xlink:href="#sSpan1855" value="ⲁϥⲉⲓ"/>
		<feat xlink:href="#sSpan1864" value="ⲉⲃⲟⲗ"/>
		<feat xlink:href="#sSpan1868" value="ϩⲓⲧⲟⲟⲧϥ"/>
		<feat xlink:href="#sSpan1874" value="·"/>
		<feat xlink:href="#sSpan1878" value="ⲛⲧⲉⲣⲉϥⲃⲱⲕ"/>
		<feat xlink:href="#sSpan1889" value="ⲇⲉ"/>
		<feat xlink:href="#sSpan1893" value="ⲉⲡⲉϥⲏⲓ"/>
		<feat xlink:href="#sSpan1902" value="ⲛⲉⲣⲉⲟⲩⲣⲱⲙⲉ"/>
		<feat xlink:href="#sSpan1911" value="ϩⲙⲡⲙⲁ"/>
		<feat xlink:href="#sSpan1920" value="ⲉⲧⲙⲙⲁⲩ"/>
		<feat xlink:href="#sSpan1926" value="ⲉⲣⲉⲟⲩⲇⲁⲓⲙⲱⲛⲓⲟⲛ"/>
		<feat xlink:href="#sSpan1936" value="ϩⲓⲱⲱϥ"/>
		<feat xlink:href="#sSpan1943" value="·"/>
		<feat xlink:href="#sSpan1947" value="ⲁⲩⲱ"/>
		<feat xlink:href="#sSpan1952" value="ⲛⲧⲉⲣⲉϥⲛⲁⲩ"/>
		<feat xlink:href="#sSpan1960" value="ⲉⲡⲣⲱⲙⲉ"/>
		<feat xlink:href="#sSpan1969" value="ⲉⲧⲉⲣⲉⲧⲉⲕⲗⲁϥⲧ"/>
		<feat xlink:href="#sSpan1979" value="ⲛⲛⲁⲡⲁ"/>
		<feat xlink:href="#sSpan1989" value="ⲗⲟⲅⲅⲓⲛⲟⲥ"/>
		<feat xlink:href="#sSpan1993" value="ⲛⲧⲟⲟⲧϥ"/>
		<feat xlink:href="#sSpan2000" value="ⲁⲡⲇⲁⲓⲙⲱⲛ"/>
		<feat xlink:href="#sSpan2010" value="ⲣⲁϩⲧϥ"/>
		<feat xlink:href="#sSpan2016" value="ⲉⲡⲕⲁϩ"/>
		<feat xlink:href="#sSpan2025" value="ⲁϥⲱϣ"/>
		<feat xlink:href="#sSpan2034" value="ⲉⲃⲟⲗ"/>
		<feat xlink:href="#sSpan2038" value="ⲉϥϫⲱ"/>
		<feat xlink:href="#sSpan2046" value="ⲙⲙⲟⲥ"/>
		<feat xlink:href="#sSpan2052" value="ϫⲉ"/>
		<feat xlink:href="#sSpan2056" value="·"/>
		<feat xlink:href="#sSpan2061" value="ⲉⲧⲃⲉⲟⲩ"/>
		<feat xlink:href="#sSpan2068" value="ⲁⲧⲉⲧⲛⲉⲓⲛⲉ"/>
		<feat xlink:href="#sSpan2078" value="ⲛⲛⲁⲡⲁ"/>
		<feat xlink:href="#sSpan2088" value="ⲗⲟⲅⲅⲓⲛⲟⲥ"/>
		<feat xlink:href="#sSpan2092" value="ⲉⲡⲉⲓⲙⲁ"/>
		<feat xlink:href="#sSpan2101" value="ⲉⲧⲣⲉϥⲇⲓⲱⲕⲉⲓ"/>
		<feat xlink:href="#sSpan2112" value="ⲛⲛⲣⲱⲙⲉ"/>
		<feat xlink:href="#sSpan2121" value=";"/>
		<feat xlink:href="#sSpan2126" value="ⲛⲉⲧϩⲙⲡⲏⲓ"/>
		<feat xlink:href="#sSpan2142" value="ⲇⲉ"/>
		<feat xlink:href="#sSpan2146" value="ⲛⲉⲩⲣϣⲡⲏⲣⲉ"/>
		<feat xlink:href="#sSpan2156" value="ⲛⲛⲉⲧⲉⲣⲉⲡⲇⲁⲓⲙⲱⲛ"/>
		<feat xlink:href="#sSpan2171" value="ϫⲱ"/>
		<feat xlink:href="#sSpan2175" value="ⲙⲙⲟⲟⲩ"/>
		<feat xlink:href="#sSpan2181" value="·"/>
		<feat xlink:href="#sSpan2186" value="ⲡⲣⲱⲙⲉ"/>
		<feat xlink:href="#sSpan2194" value="ⲇⲉ"/>
		<feat xlink:href="#sSpan2198" value="ⲁϥⲣϣⲡⲏⲣⲉ"/>
		<feat xlink:href="#sSpan2209" value="ⲁⲩⲱ"/>
		<feat xlink:href="#sSpan2213" value="ⲁϥⲁⲓⲥⲑⲁⲛⲉ"/>
		<feat xlink:href="#sSpan2222" value="ϫⲉⲛⲧⲁⲛⲁⲓ"/>
		<feat xlink:href="#sSpan2233" value="ϣⲱⲡⲉ"/>
		<feat xlink:href="#sSpan2237" value="ⲉⲧⲃⲉ"/>
		<feat xlink:href="#sSpan2241" value="ⲧⲉⲕⲗⲁϥⲧ"/>
		<feat xlink:href="#sSpan2249" value="ⲛⲛⲁⲡⲁ"/>
		<feat xlink:href="#sSpan2259" value="ⲗⲟⲅⲅⲓⲛⲟⲥ"/>
		<feat xlink:href="#sSpan2263" value="·"/>
		<feat xlink:href="#sSpan2267" value="ⲁⲩⲱ"/>
		<feat xlink:href="#sSpan2273" value="ⲛⲧⲉⲩⲛⲟⲩ"/>
		<feat xlink:href="#sSpan2281" value="ⲁϥϫⲓⲧⲥ"/>
		<feat xlink:href="#sSpan2291" value="ⲁϥⲟⲩⲁϩⲥ"/>
		<feat xlink:href="#sSpan2301" value="ⲉϫⲙⲡⲉⲧⲟ"/>
		<feat xlink:href="#sSpan2312" value="ⲛⲇⲁⲓⲙⲱⲛⲓⲟⲛ"/>
		<feat xlink:href="#sSpan2320" value="ⲉϥϫⲱ"/>
		<feat xlink:href="#sSpan2328" value="ⲙⲙⲟⲥ"/>
		<feat xlink:href="#sSpan2334" value="ϫⲉ"/>
		<feat xlink:href="#sSpan2338" value="·"/>
		<feat xlink:href="#sSpan2342" value="ϩⲙⲡⲣⲁⲛ"/>
		<feat xlink:href="#sSpan2352" value="ⲙⲡⲛⲟⲩⲧⲉ"/>
		<feat xlink:href="#sSpan2361" value="ⲛⲛⲉ"/>
		<feat xlink:href="#sSpan2365" value="ⲙⲡⲁⲉⲓⲱⲧ"/>
		<feat xlink:href="#sSpan2375" value="ⲁⲡⲁ"/>
		<feat xlink:href="#sSpan2381" value="ⲗⲟⲅⲅⲓⲛⲟⲥ"/>
		<feat xlink:href="#sSpan2385" value=","/>
		<feat xlink:href="#sSpan2389" value="ⲉⲕⲉⲉⲓ"/>
		<feat xlink:href="#sSpan2396" value="ⲉⲃⲟⲗ"/>
		<feat xlink:href="#sSpan2400" value="ⲛϩⲏⲧϥ"/>
		<feat xlink:href="#sSpan2407" value="·"/>
		<feat xlink:href="#sSpan2411" value="ⲁⲩⲱ"/>
		<feat xlink:href="#sSpan2416" value="ⲛⲧⲉⲩⲛⲟⲩ"/>
		<feat xlink:href="#sSpan2424" value="ⲁⲡⲇⲁⲓⲙⲱⲛ"/>
		<feat xlink:href="#sSpan2434" value="ⲉⲓ"/>
		<feat xlink:href="#sSpan2439" value="ⲉⲃⲟⲗ"/>
		<feat xlink:href="#sSpan2443" value="ⲛϩⲏⲧϥ"/>
		<feat xlink:href="#sSpan2449" value="·"/>
		<feat xlink:href="#sSpan2453" value="ⲛⲣⲱⲙⲉ"/>
		<feat xlink:href="#sSpan2462" value="ⲇⲉ"/>
		<feat xlink:href="#sSpan2466" value="ⲛⲧⲉⲣⲟⲩⲛⲁⲩ"/>
		<feat xlink:href="#sSpan2474" value="ⲉⲡⲉⲛⲧⲁϥϣⲱⲡⲉ"/>
		<feat xlink:href="#sSpan2490" value="ⲁⲩϯⲉⲟⲟⲩ"/>
		<feat xlink:href="#sSpan2500" value="ⲙⲡⲛⲟⲩⲧⲉ"/>
		<feat xlink:href="#sSpan2509" value="ⲡⲉⲧⲉⲓⲣⲉ"/>
		<feat xlink:href="#sSpan2520" value="ⲛⲛⲉⲓϣⲡⲏⲣⲉ"/>
		<feat xlink:href="#sSpan2529" value="ϩⲓⲧⲛⲛϥⲡⲉⲧⲟⲩⲁⲁⲃ"/>
		<feat xlink:href="#sSpan2542" value="·"/>
		<feat xlink:href="#sSpan2546" value="ⲉϥϩⲙⲟⲟⲥ"/>
		<feat xlink:href="#sSpan2559" value="ⲇⲉ"/>
		<feat xlink:href="#sSpan2564" value="ⲟⲛ"/>
		<feat xlink:href="#sSpan2568" value="ⲛⲟⲩϩⲟⲟⲩ"/>
		<feat xlink:href="#sSpan2577" value="ⲉⲣⲉⲛϩⲗⲗⲟ"/>
		<feat xlink:href="#sSpan2586" value="ⲉⲛⲁⲧⲗⲁⲩⲣⲁ"/>
		<feat xlink:href="#sSpan2600" value="ⲛⲉ"/>
		<feat xlink:href="#sSpan2604" value="ϩⲙⲟⲟⲥ"/>
		<feat xlink:href="#sSpan2608" value="ϩⲁϩⲧⲏϥ"/>
		<feat xlink:href="#sSpan2615" value="ⲉⲁⲩⲉⲓ"/>
		<feat xlink:href="#sSpan2625" value="ϣⲁⲣⲟϥ"/>
		<feat xlink:href="#sSpan2631" value="ⲉϭⲙⲡⲉϥϣⲓⲛⲉ"/>
		<feat xlink:href="#sSpan2641" value=","/>
		<feat xlink:href="#sSpan2646" value="ⲁⲓⲧⲉⲓ"/>
		<feat xlink:href="#sSpan2652" value="ⲇⲉ"/>
		<feat xlink:href="#sSpan2656" value="ⲉⲩϣⲁϫⲉ"/>
		<feat xlink:href="#sSpan2664" value="ⲉⲧⲃⲉ"/>
		<feat xlink:href="#sSpan2668" value="ⲡϩⲏⲧ"/>
		<feat xlink:href="#sSpan2675" value="ⲛⲛⲉⲩⲯⲩⲭⲏ"/>
		<feat xlink:href="#sSpan2686" value=","/>
		<feat xlink:href="#sSpan2690" value="ⲁϥⲧⲱⲟⲩⲛ"/>
		<feat xlink:href="#sSpan2698" value="ⲛⲧⲉⲩⲛⲟⲩ"/>
		<feat xlink:href="#sSpan2707" value="ϩⲱⲥ"/>
		<feat xlink:href="#sSpan2712" value="ⲉϣϫⲉ"/>
		<feat xlink:href="#sSpan2716" value="ⲛⲧⲁⲩⲙⲟⲩⲧⲉ"/>
		<feat xlink:href="#sSpan2726" value="ⲉⲣⲟϥ"/>
		<feat xlink:href="#sSpan2732" value=","/>
		<feat xlink:href="#sSpan2736" value="ⲁϥⲉⲓ"/>
		<feat xlink:href="#sSpan2745" value="ⲉⲃⲟⲗ"/>
		<feat xlink:href="#sSpan2749" value="ϩⲛⲧⲣⲉⲓ"/>
		<feat xlink:href="#sSpan2761" value="ⲁϥⲃⲱⲕ"/>
		<feat xlink:href="#sSpan2770" value="ⲉϫⲛⲧⲗⲓⲙⲏ"/>
		<feat xlink:href="#sSpan2779" value="·"/>
		<feat xlink:href="#sSpan2783" value="ⲁϥϭⲛⲟⲩϫⲟⲓ"/>
		<feat xlink:href="#sSpan2796" value="ⲉⲁϥⲉⲓ"/>
		<feat xlink:href="#sSpan2806" value="ϩⲙⲡⲙⲁⲣⲏⲥ"/>
		<feat xlink:href="#sSpan2815" value="ⲉⲣⲉⲟⲩϩⲗⲗⲟ"/>
		<feat xlink:href="#sSpan2825" value="ⲙⲡⲡⲉⲧⲟⲩⲁⲁⲃ"/>
		<feat xlink:href="#sSpan2836" value="ⲧⲁⲗⲏⲩ"/>
		<feat xlink:href="#sSpan2840" value="ⲉⲣⲟϥ"/>
		<feat xlink:href="#sSpan2846" value="·"/>
		<feat xlink:href="#sSpan2850" value="ⲁⲩⲱ"/>
		<feat xlink:href="#sSpan2855" value="ⲛⲧⲉⲣⲉϥⲛⲁⲩ"/>
		<feat xlink:href="#sSpan2863" value="ⲉⲣⲟϥ"/>
		<feat xlink:href="#sSpan2869" value="ⲛϭⲓⲡϩⲗⲗⲟ"/>
		<feat xlink:href="#sSpan2878" value="ⲁϥⲁⲥⲡⲁⲍⲉ"/>
		<feat xlink:href="#sSpan2888" value="ⲙⲙⲟϥ"/>
		<feat xlink:href="#sSpan2894" value="ϩⲛⲟⲩⲡⲉⲓ"/>
		<feat xlink:href="#sSpan2903" value="ⲉⲥⲟⲩⲁⲁⲃ"/>
		<feat xlink:href="#sSpan2911" value="·"/>
		<feat xlink:href="#sSpan2916" value="ⲡϩⲗⲗⲟ"/>
		<feat xlink:href="#sSpan2924" value="ⲇⲉ"/>
		<feat xlink:href="#sSpan2928" value="ⲁϥϥⲉⲓ"/>
		<feat xlink:href="#sSpan2936" value="ⲛⲛϥⲃⲁⲗ"/>
		<feat xlink:href="#sSpan2945" value="ⲉϩⲣⲁⲓ"/>
		<feat xlink:href="#sSpan2949" value="ⲉⲧⲡⲉ"/>
		<feat xlink:href="#sSpan2959" value="ⲉϥϫⲱ"/>
		<feat xlink:href="#sSpan2967" value="ⲙⲙⲟⲥ"/>
		<feat xlink:href="#sSpan2973" value="ϫⲉ"/>
		<feat xlink:href="#sSpan2977" value="·"/>
		<feat xlink:href="#sSpan2982" value="ⲡϫⲟⲉⲓⲥ"/>
		<feat xlink:href="#sSpan2989" value="ⲙⲏ"/>
		<feat xlink:href="#sSpan2993" value="ⲙⲡⲉⲓⲡⲁⲣⲁⲕⲁⲗⲉⲓ"/>
		<feat xlink:href="#sSpan3002" value="ⲙⲙⲟⲕ"/>
		<feat xlink:href="#sSpan3008" value="ϫⲉⲙⲡⲣⲕⲁⲡⲉⲓⲡⲉⲧⲟⲩⲁⲁⲃ"/>
		<feat xlink:href="#sSpan3025" value="ⲉⲓⲙⲉ"/>
		<feat xlink:href="#sSpan3029" value="ϫⲉϯⲛⲏⲩ"/>
		<feat xlink:href="#sSpan3037" value="ϣⲁⲣⲟϥ"/>
		<feat xlink:href="#sSpan3043" value=","/>
		<feat xlink:href="#sSpan3047" value="ϫⲉⲛⲛⲉϥϯϩⲓⲥⲉ"/>
		<feat xlink:href="#sSpan3060" value="ⲛⲁϥ"/>
		<feat xlink:href="#sSpan3066" value="ⲛϥⲉⲓ"/>
		<feat xlink:href="#sSpan3075" value="ⲉⲃⲟⲗ"/>
		<feat xlink:href="#sSpan3079" value="ⲛϩⲏⲧ"/>
		<feat xlink:href="#sSpan3084" value=";"/>
		<feat xlink:href="#sSpan3088" value="ⲁϥⲕⲟⲧϥ"/>
		<feat xlink:href="#sSpan3098" value="ⲉⲁⲡⲁ"/>
		<feat xlink:href="#sSpan3108" value="ⲗⲟⲅⲅⲓⲛⲟⲥ"/>
		<feat xlink:href="#sSpan3112" value="ⲡⲉϫⲁϥ"/>
		<feat xlink:href="#sSpan3118" value="ⲛⲁϥ"/>
		<feat xlink:href="#sSpan3124" value="ϫⲉ"/>
		<feat xlink:href="#sSpan3128" value="·"/>
		<feat xlink:href="#sSpan3132" value="ⲁⲡⲁⲟⲩⲟⲉⲓϣ"/>
		<feat xlink:href="#sSpan3141" value="ϩⲱⲛ"/>
		<feat xlink:href="#sSpan3145" value="ⲉϩⲟⲩⲛ"/>
		<feat xlink:href="#sSpan3149" value="ⲉⲧⲣⲁⲉⲓ"/>
		<feat xlink:href="#sSpan3161" value="ⲉⲃⲟⲗ"/>
		<feat xlink:href="#sSpan3165" value="ϩⲙⲡⲉⲓⲃⲓⲟⲥ"/>
		<feat xlink:href="#sSpan3175" value="·"/>
		<feat xlink:href="#sSpan3180" value="ⲉⲧⲃⲉⲡⲁⲓ"/>
		<feat xlink:href="#sSpan3188" value="ⲛⲧⲁⲡϫⲟⲉⲓⲥ"/>
		<feat xlink:href="#sSpan3199" value="ⲧⲛⲛⲟⲟⲩⲧ"/>
		<feat xlink:href="#sSpan3205" value="ϣⲁⲣⲟⲕ"/>
		<feat xlink:href="#sSpan3211" value="ⲉⲧⲣⲉⲕⲕⲱ"/>
		<feat xlink:href="#sSpan3222" value="ⲛⲛⲉⲕϭⲓϫ"/>
		<feat xlink:href="#sSpan3231" value="ⲉϫⲛ"/>
		<feat xlink:href="#sSpan3236" value="ⲛⲁⲃⲁⲗ"/>
		<feat xlink:href="#sSpan3242" value="·"/>
		<feat xlink:href="#sSpan3246" value="ⲁⲩⲱ"/>
		<feat xlink:href="#sSpan3251" value="ⲛⲧⲉⲓϩⲉ"/>
		<feat xlink:href="#sSpan3259" value="ⲁⲩⲙⲟⲟϣⲉ"/>
		<feat xlink:href="#sSpan3267" value="ⲙⲡⲉⲥⲛⲁⲩ"/>
		<feat xlink:href="#sSpan3276" value="ⲁⲩⲃⲱⲕ"/>
		<feat xlink:href="#sSpan3285" value="ⲉϩⲟⲩⲛ"/>
		<feat xlink:href="#sSpan3290" value="ⲉⲧⲣⲉⲓ"/>
		<feat xlink:href="#sSpan3301" value="ⲛⲛⲁⲡⲁ"/>
		<feat xlink:href="#sSpan3310" value="ⲗⲟⲅⲅⲓⲛⲟⲥ"/>
		<feat xlink:href="#sSpan3314" value="ⲁⲩⲱ"/>
		<feat xlink:href="#sSpan3318" value="ⲙⲛⲛⲥⲁϣⲟⲙⲛⲧ"/>
		<feat xlink:href="#sSpan3325" value="ⲛϩⲟⲟⲩ"/>
		<feat xlink:href="#sSpan3331" value="ⲁϥⲙⲧⲟⲛ"/>
		<feat xlink:href="#sSpan3339" value="ⲙⲙⲟϥ"/>
		<feat xlink:href="#sSpan3346" value="ⲛϭⲓⲡϩⲗⲗⲟ"/>
		<feat xlink:href="#sSpan3355" value="ϩⲛⲟⲩⲙⲛⲧϩⲗⲗⲟ"/>
		<feat xlink:href="#sSpan3366" value="ⲉⲛⲁⲛⲟⲩⲥ"/>
		<feat xlink:href="#sSpan3374" value=","/>
		<feat xlink:href="#sSpan3378" value="ⲉⲁⲡⲡⲉⲧⲟⲩⲁⲁⲃ"/>
		<feat xlink:href="#sSpan3393" value="ⲁⲡⲁ"/>
		<feat xlink:href="#sSpan3399" value="ⲗⲟⲅⲅⲓⲛⲟⲥ"/>
		<feat xlink:href="#sSpan3403" value="ⲕⲁⲧⲟⲟⲧϥ"/>
		<feat xlink:href="#sSpan3413" value="ⲉϫⲛ"/>
		<feat xlink:href="#sSpan3418" value="ⲛⲉϥⲃⲁⲗ"/>
		<feat xlink:href="#sSpan3424" value=","/>
		<feat xlink:href="#sSpan3428" value="ⲁϥϫⲱⲕ"/>
		<feat xlink:href="#sSpan3436" value="ⲉⲃⲟⲗ"/>
		<feat xlink:href="#sSpan3440" value="ⲙⲡⲉϥⲃⲓⲟⲥ"/>
		<feat xlink:href="#sSpan3450" value="ϩⲛⲟⲩⲙⲛⲧϩⲗⲗⲟ"/>
		<feat xlink:href="#sSpan3461" value="ⲉⲛⲁⲛⲟⲩⲥ"/>
		<feat xlink:href="#sSpan3470" value="·"/>
		<feat xlink:href="#sSpan3474" value="ⲁⲥϣⲱⲡⲉ"/>
		<feat xlink:href="#sSpan3487" value="ⲇⲉ"/>
		<feat xlink:href="#sSpan3492" value="ⲟⲛ"/>
		<feat xlink:href="#sSpan3496" value="ⲛⲟⲩⲥⲟⲡ"/>
		<feat xlink:href="#sSpan3505" value="ⲉϥⲛⲁⲃⲱⲕ"/>
		<feat xlink:href="#sSpan3516" value="ⲉϩⲟⲩⲛ"/>
		<feat xlink:href="#sSpan3520" value="ⲉⲧⲣⲉⲓ"/>
		<feat xlink:href="#sSpan3531" value="ⲛⲛⲟⲩⲙⲁⲑⲏⲧⲏⲥ"/>
		<feat xlink:href="#sSpan3541" value="ⲉⲡⲱϥ"/>
		<feat xlink:href="#sSpan3548" value="ⲡⲉ"/>
		<feat xlink:href="#sSpan3552" value="ⲉⲡⲉϥⲣⲁⲛ"/>
		<feat xlink:href="#sSpan3561" value="ⲡⲉ"/>
		<feat xlink:href="#sSpan3567" value="ⲁⲣⲕⲁⲇⲓⲟⲥ"/>
		<feat xlink:href="#sSpan3571" value="–"/>
		<feat xlink:href="#sSpan3575" value="ⲛⲧⲟϥ"/>
		<feat xlink:href="#sSpan3581" value="ⲇⲉ"/>
		<feat xlink:href="#sSpan3587" value="ⲁⲣⲕⲁⲇⲓⲟⲥ"/>
		<feat xlink:href="#sSpan3591" value="ⲛⲉϥⲣϩⲱⲃ"/>
		<feat xlink:href="#sSpan3601" value="ⲉⲩⲥⲭⲟⲗⲁⲕⲓⲛ"/>
		<feat xlink:href="#sSpan3610" value="ⲉⲁϥϩⲱⲛ"/>
		<feat xlink:href="#sSpan3620" value="ⲉϩⲟⲩⲛ"/>
		<feat xlink:href="#sSpan3624" value="ⲉⲟⲩⲟⲟϫϥ"/>
		<feat xlink:href="#sSpan3632" value="–"/>
		<feat xlink:href="#sSpan3636" value="ⲡⲉϫⲉⲁⲡⲁ"/>
		<feat xlink:href="#sSpan3647" value="ⲗⲟⲅⲅⲓⲛⲟⲥ"/>
		<feat xlink:href="#sSpan3651" value="ⲛⲁϥ"/>
		<feat xlink:href="#sSpan3657" value="ϫⲉ"/>
		<feat xlink:href="#sSpan3661" value="·"/>
		<feat xlink:href="#sSpan3665" value="ⲡⲁϣⲏⲣⲉ"/>
		<feat xlink:href="#sSpan3674" value="ⲁⲣⲕⲁⲇⲓⲟⲥ"/>
		<feat xlink:href="#sSpan3678" value="ϭⲉⲡⲏ"/>
		<feat xlink:href="#sSpan3682" value="ⲙⲙⲟⲕ"/>
		<feat xlink:href="#sSpan3688" value="ⲛⲅϫⲟⲕϥ"/>
		<feat xlink:href="#sSpan3698" value="ⲉⲃⲟⲗ"/>
		<feat xlink:href="#sSpan3702" value=","/>
		<feat xlink:href="#sSpan3706" value="ϫⲉⲡⲛⲟⲩⲧⲉ"/>
		<feat xlink:href="#sSpan3715" value="ⲛⲁⲧⲛⲛⲟⲟⲩ"/>
		<feat xlink:href="#sSpan3721" value="ⲛⲥⲱⲕ"/>
		<feat xlink:href="#sSpan3728" value="ⲧⲉⲛⲟⲩ"/>
		<feat xlink:href="#sSpan3732" value="·"/>
		<feat xlink:href="#sSpan3736" value="ⲛⲧⲉⲣⲉϥϫⲱⲕ"/>
		<feat xlink:href="#sSpan3746" value="ⲇⲉ"/>
		<feat xlink:href="#sSpan3750" value="ⲉⲃⲟⲗ"/>
		<feat xlink:href="#sSpan3754" value="ⲙⲡⲉⲥⲭⲟⲗⲁⲕⲓⲛ"/>
		<feat xlink:href="#sSpan3763" value="ⲁϥⲁⲙⲁϩⲧⲉ"/>
		<feat xlink:href="#sSpan3771" value="ⲛⲧⲉϥϭⲓϫ"/>
		<feat xlink:href="#sSpan3780" value="ⲁϥϣⲧⲁϥ"/>
		<feat xlink:href="#sSpan3791" value="ⲉϫⲛⲧⲉⲧⲙⲏ"/>
		<feat xlink:href="#sSpan3800" value="ⲁϥⲕⲧⲉⲡⲉϥϩⲟ"/>
		<feat xlink:href="#sSpan3813" value="ⲉⲡⲥⲁ"/>
		<feat xlink:href="#sSpan3823" value="ⲛⲧⲁⲛⲁⲧⲟⲗⲏ"/>
		<feat xlink:href="#sSpan3833" value="ⲁⲩⲱ"/>
		<feat xlink:href="#sSpan3837" value="ⲛⲧⲉⲩⲛⲟⲩ"/>
		<feat xlink:href="#sSpan3845" value="ⲁⲡⲙⲁⲑⲏⲧⲏⲥ"/>
		<feat xlink:href="#sSpan3856" value="ϯ"/>
		<feat xlink:href="#sSpan3860" value="ⲙⲡⲉϥⲡ︤ⲛ︦ⲁ︥"/>
		<feat xlink:href="#sSpan3870" value="ⲉⲛⲉϭⲓϫ"/>
		<feat xlink:href="#sSpan3879" value="ⲙⲡⲛⲟⲩⲧⲉ"/>
		<feat xlink:href="#sSpan3888" value="ϩⲛⲟⲩⲉⲓⲣⲏⲛⲏ"/>
		<feat xlink:href="#sSpan3898" value="·"/>
		<feat xlink:href="#sSpan3902" value="ⲁⲥϣⲱⲡⲉ"/>
		<feat xlink:href="#sSpan3912" value="ⲇⲉ"/>
		<feat xlink:href="#sSpan3917" value="ⲟⲛ"/>
		<feat xlink:href="#sSpan3921" value="ⲛⲟⲩϩⲟⲟⲩ"/>
		<feat xlink:href="#sSpan3931" value="ⲁⲩⲉⲓⲛⲉ"/>
		<feat xlink:href="#sSpan3939" value="ϣⲁⲣⲟϥ"/>
		<feat xlink:href="#sSpan3945" value="ⲛⲛⲟⲩⲁ"/>
		<feat xlink:href="#sSpan3952" value="ⲉϥⲟ"/>
		<feat xlink:href="#sSpan3960" value="ⲛⲇⲁⲓⲙⲱⲛⲓⲟⲛ"/>
		<feat xlink:href="#sSpan3968" value=","/>
		<feat xlink:href="#sSpan3972" value="ⲁⲩⲡⲁⲣⲁⲕⲁⲗⲉⲓ"/>
		<feat xlink:href="#sSpan3981" value="ⲙⲙⲟϥ"/>
		<feat xlink:href="#sSpan3987" value="ⲉⲧⲣⲉϥⲛⲟϫϥ"/>
		<feat xlink:href="#sSpan4000" value="ⲉⲃⲟⲗ"/>
		<feat xlink:href="#sSpan4004" value="ⲛϩⲏⲧϥ"/>
		<feat xlink:href="#sSpan4010" value="·"/>
		<feat xlink:href="#sSpan4015" value="ⲁⲡⲁ"/>
		<feat xlink:href="#sSpan4023" value="ⲗⲟⲅⲅⲓⲛⲟⲥ"/>
		<feat xlink:href="#sSpan4028" value="ⲇⲉ"/>
		<feat xlink:href="#sSpan4032" value="ⲡⲉϫⲁϥ"/>
		<feat xlink:href="#sSpan4038" value="ⲛⲁϥ"/>
		<feat xlink:href="#sSpan4044" value="ϩⲛⲟⲩⲑⲃⲃⲓⲟ"/>
		<feat xlink:href="#sSpan4053" value="ⲛϩⲏⲧ"/>
		<feat xlink:href="#sSpan4060" value="ϫⲉ"/>
		<feat xlink:href="#sSpan4064" value="·"/>
		<feat xlink:href="#sSpan4068" value="ⲛϯⲥⲟⲟⲩⲛ"/>
		<feat xlink:href="#sSpan4076" value="ⲁⲛ"/>
		<feat xlink:href="#sSpan4080" value="ϫⲉⲟⲩ"/>
		<feat xlink:href="#sSpan4087" value="ⲡⲉϯⲛⲁⲁϥ"/>
		<feat xlink:href="#sSpan4091" value="ⲛⲁϥ"/>
		<feat xlink:href="#sSpan4097" value=","/>
		<feat xlink:href="#sSpan4102" value="ⲁⲗⲗⲁ"/>
		<feat xlink:href="#sSpan4107" value="ⲃⲱⲕ"/>
		<feat xlink:href="#sSpan4111" value="ⲛⲧⲟϥ"/>
		<feat xlink:href="#sSpan4115" value="ϣⲁⲁⲡⲁ"/>
		<feat xlink:href="#sSpan4124" value="ⲍⲏⲛⲱⲛ"/>
		<feat xlink:href="#sSpan4129" value="ⲁⲩⲱ"/>
		<feat xlink:href="#sSpan4133" value="ϯⲡⲓⲥⲧⲉⲩⲉ"/>
		<feat xlink:href="#sSpan4140" value="ⲉⲡⲛⲟⲩⲧⲉ"/>
		<feat xlink:href="#sSpan4149" value="ϫⲉϥⲛⲁⲭⲁⲣⲓⲍⲉ"/>
		<feat xlink:href="#sSpan4160" value="ⲛⲁϥ"/>
		<feat xlink:href="#sSpan4166" value="ⲙⲡⲧⲁⲗϭⲟ"/>
		<feat xlink:href="#sSpan4175" value="·"/>
		<feat xlink:href="#sSpan4179" value="ⲛⲧⲉⲣⲟⲩⲃⲱⲕ"/>
		<feat xlink:href="#sSpan4190" value="ⲇⲉ"/>
		<feat xlink:href="#sSpan4194" value="ϣⲁⲁⲡⲁ"/>
		<feat xlink:href="#sSpan4203" value="ⲍⲏⲛⲱⲛ"/>
		<feat xlink:href="#sSpan4207" value="ⲁⲩⲡⲁⲣⲁⲕⲁⲗⲉⲓ"/>
		<feat xlink:href="#sSpan4216" value="ⲙⲙⲟϥ"/>
		<feat xlink:href="#sSpan4222" value="ⲉⲧⲣⲉϥϣⲗⲏⲗ"/>
		<feat xlink:href="#sSpan4232" value="ⲉϫⲱϥ"/>
		<feat xlink:href="#sSpan4238" value=","/>
		<feat xlink:href="#sSpan4242" value="ⲁⲧⲱ"/>
		<feat xlink:href="#sSpan4250" value="ⲛⲧⲉⲣⲉϥⲁⲣⲭⲉⲓ"/>
		<feat xlink:href="#sSpan4260" value="ⲛϣⲗⲏⲗ"/>
		<feat xlink:href="#sSpan4266" value="ⲛϭⲓⲁⲡⲁ"/>
		<feat xlink:href="#sSpan4275" value="ⲍⲏⲛⲱⲛ"/>
		<feat xlink:href="#sSpan4279" value=","/>
		<feat xlink:href="#sSpan4283" value="ⲁⲡⲇⲁⲓⲙⲱⲛ"/>
		<feat xlink:href="#sSpan4293" value="ⲱϣ"/>
		<feat xlink:href="#sSpan4298" value="ⲉⲃⲟⲗ"/>
		<feat xlink:href="#sSpan4302" value="ϫⲉ"/>
		<feat xlink:href="#sSpan4306" value="·"/>
		<feat xlink:href="#sSpan4310" value="ⲉⲕⲙⲉⲉⲩⲉ"/>
		<feat xlink:href="#sSpan4318" value="ϫⲉⲉⲓⲛⲏⲩ"/>
		<feat xlink:href="#sSpan4330" value="ⲉⲃⲟⲗ"/>
		<feat xlink:href="#sSpan4334" value="ⲉⲧⲃⲏⲏⲧⲕ"/>
		<feat xlink:href="#sSpan4340" value=";"/>
		<feat xlink:href="#sSpan4345" value="ⲁⲗⲗⲁ"/>
		<feat xlink:href="#sSpan4349" value="ⲉⲓⲥ"/>
		<feat xlink:href="#sSpan4354" value="ⲁⲡⲁ"/>
		<feat xlink:href="#sSpan4361" value="ⲗⲟⲅⲅⲓⲛⲟⲥ"/>
		<feat xlink:href="#sSpan4365" value="ϩⲓⲡⲉⲓⲥⲁ"/>
		<feat xlink:href="#sSpan4374" value="ⲉϥϣⲗⲗ"/>
		<feat xlink:href="#sSpan4382" value=","/>
		<feat xlink:href="#sSpan4386" value="ⲁⲩⲱ"/>
		<feat xlink:href="#sSpan4391" value="ⲉⲓⲣϩⲟⲧⲉ"/>
		<feat xlink:href="#sSpan4401" value="ϩⲏⲧⲟⲩ"/>
		<feat xlink:href="#sSpan4407" value="ⲛⲛⲉϥϣⲗⲏⲗ"/>
		<feat xlink:href="#sSpan4416" value="ⲉⲓⲛⲏⲩ"/>
		<feat xlink:href="#sSpan4425" value="ⲉⲃⲟⲗ"/>
		<feat xlink:href="#sSpan4429" value="·"/>
		<feat xlink:href="#sSpan4433" value="ⲙⲙⲟⲛ"/>
		<feat xlink:href="#sSpan4437" value="ⲛϯⲛⲁⲟⲩⲱϣⲃ"/>
		<feat xlink:href="#sSpan4447" value="ⲛⲁⲕ"/>
		<feat xlink:href="#sSpan4453" value="ⲁⲛ"/>
		<feat xlink:href="#sSpan4458" value="ⲡⲉ"/>
		<feat xlink:href="#sSpan4462" value="·"/>
		<feat xlink:href="#sSpan4466" value="ⲛⲧⲉⲣⲉϥϫⲉⲛⲁⲓ"/>
		<feat xlink:href="#sSpan4477" value="ⲛϭⲓⲡⲉⲡ︤ⲛ︦ⲁ︥"/>
		<feat xlink:href="#sSpan4487" value="ⲛⲛⲁⲕⲁⲑⲁⲣⲧⲟⲛ"/>
		<feat xlink:href="#sSpan4494" value="ⲁϥⲉⲓ"/>
		<feat xlink:href="#sSpan4503" value="ⲉⲃⲟⲗ"/>
		<feat xlink:href="#sSpan4507" value="ϩⲙⲡⲣⲱⲙⲉ"/>
		<feat xlink:href="#sSpan4517" value="·"/>
		<feat xlink:href="#sSpan4521" value="ⲛⲉⲩⲛⲟⲩⲙⲁⲑⲏⲧⲏⲥ"/>
		<feat xlink:href="#sSpan4535" value="ⲇⲉ"/>
		<feat xlink:href="#sSpan4540" value="ⲟⲛ"/>
		<feat xlink:href="#sSpan4544" value="ⲉⲡⲱϥ"/>
		<feat xlink:href="#sSpan4550" value="ⲡⲉ"/>
		<feat xlink:href="#sSpan4554" value="ⲉⲁϥⲉⲓⲣⲉ"/>
		<feat xlink:href="#sSpan4565" value="ⲛϩⲉⲛϩⲏⲏⲩⲉ"/>
		<feat xlink:href="#sSpan4574" value="ⲉⲛϣϣⲉ"/>
		<feat xlink:href="#sSpan4582" value="ⲁⲛ"/>
		<feat xlink:href="#sSpan4586" value="·"/>
		<feat xlink:href="#sSpan4590" value="ⲛⲧⲉⲣⲉϥⲉⲓⲙⲉ"/>
		<feat xlink:href="#sSpan4600" value="ⲛϭⲓⲁⲡⲁ"/>
		<feat xlink:href="#sSpan4610" value="ⲑⲉⲟⲇⲱⲣⲟⲥ"/>
		<feat xlink:href="#sSpan4614" value="ⲡⲁⲡϩⲉⲛⲁⲧⲟⲛ"/>
		<feat xlink:href="#sSpan4625" value="ⲁϥⲉⲓ"/>
		<feat xlink:href="#sSpan4633" value="ϣⲁⲣⲟϥ"/>
		<feat xlink:href="#sSpan4639" value="ⲙⲛϩⲉⲛⲕⲉϩⲗⲗⲟ"/>
		<feat xlink:href="#sSpan4651" value="ⲁⲩⲡⲁⲣⲁⲕⲁⲗⲉⲓ"/>
		<feat xlink:href="#sSpan4660" value="ⲙⲙⲟϥ"/>
		<feat xlink:href="#sSpan4666" value="ⲉⲧⲣⲉϥⲛⲟϫϥ"/>
		<feat xlink:href="#sSpan4678" value="ⲉⲃⲟⲗ"/>
		<feat xlink:href="#sSpan4682" value="ϩⲁⲧⲏϥ"/>
		<feat xlink:href="#sSpan4688" value="·"/>
		<feat xlink:href="#sSpan4692" value="ⲛⲧⲟϥ"/>
		<feat xlink:href="#sSpan4698" value="ⲇⲉⲙⲡⲉϥⲥⲱⲧⲙ"/>
		<feat xlink:href="#sSpan4708" value="ⲛⲥⲱⲟⲩ"/>
		<feat xlink:href="#sSpan4715" value="ϫⲉⲙⲉϣⲁⲕ"/>
		<feat xlink:href="#sSpan4721" value="ϥⲛⲁⲙⲉⲧⲁⲛⲟⲓ"/>
		<feat xlink:href="#sSpan4730" value="ⲛⲧⲉⲡⲛⲟⲩⲧⲉ"/>
		<feat xlink:href="#sSpan4739" value="ⲕⲱ"/>
		<feat xlink:href="#sSpan4743" value="ⲛⲁϥ"/>
		<feat xlink:href="#sSpan4749" value="ⲉⲃⲟⲗ"/>
		<feat xlink:href="#sSpan4753" value=","/>
		<feat xlink:href="#sSpan4757" value="ⲡⲁⲓ"/>
		<feat xlink:href="#sSpan4762" value="ⲉⲧⲉⲛϥⲟⲩⲉϣⲡⲙⲟⲩ"/>
		<feat xlink:href="#sSpan4778" value="ⲁⲛ"/>
		<feat xlink:href="#sSpan4782" value="ⲙⲡⲣⲉϥⲣⲛⲟⲃⲉ"/>
		<feat xlink:href="#sSpan4794" value="ⲛⲑⲉ"/>
		<feat xlink:href="#sSpan4803" value="ⲉⲧⲣⲉϥⲙⲉⲧⲁⲛⲟⲓ"/>
		<feat xlink:href="#sSpan4814" value="ⲛϥⲱⲛϩ"/>
		<feat xlink:href="#sSpan4822" value="·"/>
		<feat xlink:href="#sSpan4827" value="ⲡⲗⲏⲛ"/>
		<feat xlink:href="#sSpan4832" value="ⲁϥϫⲱ"/>
		<feat xlink:href="#sSpan4840" value="ⲛⲁⲩ"/>
		<feat xlink:href="#sSpan4847" value="ⲙⲡⲉⲓϣⲁϫⲉ"/>
		<feat xlink:href="#sSpan4856" value="ⲛⲛⲟⲩⲱⲧ"/>
		<feat xlink:href="#sSpan4862" value="ϫⲉ"/>
		<feat xlink:href="#sSpan4866" value="·"/>
		<feat xlink:href="#sSpan4870" value="ⲟⲩⲟⲓ"/>
		<feat xlink:href="#sSpan4874" value="ⲛⲁⲛ"/>
		<feat xlink:href="#sSpan4880" value="ϫⲉϣⲁⲛⲁⲡⲟⲧⲁⲥⲥⲉ"/>
		<feat xlink:href="#sSpan4891" value="ⲙⲡⲕⲟⲥⲙⲟⲥ"/>
		<feat xlink:href="#sSpan4901" value="ⲛⲧⲛⲉⲓ"/>
		<feat xlink:href="#sSpan4911" value="ⲉⲡⲉⲓⲃⲓⲟⲥ"/>
		<feat xlink:href="#sSpan4921" value="ⲛⲧⲉⲧⲙⲛⲧⲙⲟⲛⲁⲭⲟⲥ"/>
		<feat xlink:href="#sSpan4933" value="ⲉⲛϫⲱ"/>
		<feat xlink:href="#sSpan4941" value="ⲙⲙⲟⲥ"/>
		<feat xlink:href="#sSpan4947" value="ϫⲉϣⲁⲛϣⲱⲡⲉ"/>
		<feat xlink:href="#sSpan4957" value="ⲛⲑⲉ"/>
		<feat xlink:href="#sSpan4965" value="ⲛⲛⲁⲅⲅⲉⲗⲟⲥ"/>
		<feat xlink:href="#sSpan4976" value=","/>
		<feat xlink:href="#sSpan4980" value="ⲛⲧⲛϣⲱⲡⲉ"/>
		<feat xlink:href="#sSpan4988" value="ϩⲱⲱϥ"/>
		<feat xlink:href="#sSpan4994" value="ⲉⲛϩⲟⲟⲩ"/>
		<feat xlink:href="#sSpan5004" value="ⲡⲁⲣⲁ"/>
		<feat xlink:href="#sSpan5008" value="ⲛⲉⲡ︤ⲛ︦ⲁ︥"/>
		<feat xlink:href="#sSpan5016" value="ⲛⲛⲁⲕⲁⲑⲁⲣⲧⲟⲛ"/>
		<feat xlink:href="#sSpan5023" value="·"/>
		<feat xlink:href="#sSpan5027" value="ⲁϥⲉⲓ"/>
		<feat xlink:href="#sSpan5040" value="ⲇⲉ"/>
		<feat xlink:href="#sSpan5045" value="ⲟⲛ"/>
		<feat xlink:href="#sSpan5049" value="ϣⲁⲣⲟϥ"/>
		<feat xlink:href="#sSpan5055" value="ⲛⲟⲩϩⲟⲟⲩ"/>
		<feat xlink:href="#sSpan5064" value="ⲛϭⲓⲟⲩⲛⲟϭ"/>
		<feat xlink:href="#sSpan5073" value="ⲛⲛⲁⲩⲕⲗⲏⲣⲟⲥ"/>
		<feat xlink:href="#sSpan5080" value="ⲁϥⲉⲓⲛⲉ"/>
		<feat xlink:href="#sSpan5088" value="ⲛⲁϥ"/>
		<feat xlink:href="#sSpan5095" value="ⲛϩⲉⲛⲛⲟϭ"/>
		<feat xlink:href="#sSpan5104" value="ⲛⲭⲣⲏⲙⲁ"/>
		<feat xlink:href="#sSpan5111" value="ⲉⲩⲟϣ"/>
		<feat xlink:href="#sSpan5119" value=","/>
		<feat xlink:href="#sSpan5123" value="ⲉⲧⲣⲉϥⲧⲁⲁϥ"/>
		<feat xlink:href="#sSpan5135" value="ⲛⲁϥ"/>
		<feat xlink:href="#sSpan5141" value="·"/>
		<feat xlink:href="#sSpan5145" value="ⲛⲧⲟϥ"/>
		<feat xlink:href="#sSpan5151" value="ⲇⲉ"/>
		<feat xlink:href="#sSpan5155" value="ⲙⲡⲉϥϫⲓⲗⲁⲁⲩ"/>
		<feat xlink:href="#sSpan5166" value="ⲛⲧⲟⲟⲧϥ"/>
		<feat xlink:href="#sSpan5173" value="ⲉϥϫⲱ"/>
		<feat xlink:href="#sSpan5181" value="ⲙⲙⲟⲥ"/>
		<feat xlink:href="#sSpan5187" value="ϫⲉ"/>
		<feat xlink:href="#sSpan5191" value="·"/>
		<feat xlink:href="#sSpan5195" value="ⲛⲧⲛⲣⲭⲣⲓⲁ"/>
		<feat xlink:href="#sSpan5206" value="ⲁⲛ"/>
		<feat xlink:href="#sSpan5210" value="ⲛϩⲱⲃ"/>
		<feat xlink:href="#sSpan5217" value="ⲛⲧⲉⲓⲙⲓⲛⲉ"/>
		<feat xlink:href="#sSpan5225" value="·"/>
		<feat xlink:href="#sSpan5229" value="ⲡⲉⲛϩⲱⲃ"/>
		<feat xlink:href="#sSpan5236" value="ⲛϭⲓϫ"/>
		<feat xlink:href="#sSpan5242" value="ⲛⲣⲱⲙⲉ"/>
		<feat xlink:href="#sSpan5249" value="ⲣⲱϣⲉ"/>
		<feat xlink:href="#sSpan5253" value="ⲉⲣⲟⲛ"/>
		<feat xlink:href="#sSpan5259" value="·"/>
		<feat xlink:href="#sSpan5264" value="ⲁⲗⲗⲁ"/>
		<feat xlink:href="#sSpan5269" value="ⲁⲣⲓⲧⲁⲅⲁⲡⲏ"/>
		<feat xlink:href="#sSpan5278" value="ⲛⲅⲧⲁⲗⲉ"/>
		<feat xlink:href="#sSpan5286" value="ⲉⲡⲉⲕⲉⲓⲱ"/>
		<feat xlink:href="#sSpan5295" value="ⲛⲅⲃⲱⲕ"/>
		<feat xlink:href="#sSpan5303" value="ϩⲛⲟⲩϭⲉⲡⲏ"/>
		<feat xlink:href="#sSpan5312" value="ⲉⲧⲇⲓⲁⲃⲁⲑⲣⲁ"/>
		<feat xlink:href="#sSpan5323" value="ⲙⲡϩⲁⲅⲓⲟⲥ"/>
		<feat xlink:href="#sSpan5334" value="ⲡⲉⲧⲣⲟⲥ"/>
		<feat xlink:href="#sSpan5338" value="ⲁⲩⲱ"/>
		<feat xlink:href="#sSpan5342" value="ⲕⲛⲁϭⲛⲟⲩⲣⲱⲙⲉ"/>
		<feat xlink:href="#sSpan5355" value="ⲙⲙⲁⲩ"/>
		<feat xlink:href="#sSpan5359" value="ⲉⲣⲉϩⲉⲛϩⲟⲓⲧⲉ"/>
		<feat xlink:href="#sSpan5369" value="ⲛⲛⲁϣ"/>
		<feat xlink:href="#sSpan5375" value="ⲙⲙⲓⲛⲉ"/>
		<feat xlink:href="#sSpan5381" value="ⲧⲟ"/>
		<feat xlink:href="#sSpan5385" value="ϩⲓⲱⲱϥ"/>
		<feat xlink:href="#sSpan5391" value="ⲁⲩⲱ"/>
		<feat xlink:href="#sSpan5395" value="ⲉⲩⲛⲕⲉⲙⲁⲉⲓⲛ"/>
		<feat xlink:href="#sSpan5408" value="ϩⲙⲡⲉϥϩⲟ"/>
		<feat xlink:href="#sSpan5417" value="–"/>
		<feat xlink:href="#sSpan5421" value="ⲛⲁⲓ"/>
		<feat xlink:href="#sSpan5427" value="ϭⲉ"/>
		<feat xlink:href="#sSpan5432" value="ⲛⲧⲁⲡⲛⲟⲩⲧⲉ"/>
		<feat xlink:href="#sSpan5443" value="ϭⲟⲗⲡⲟⲩ"/>
		<feat xlink:href="#sSpan5449" value="ⲛⲁⲓ"/>
		<feat xlink:href="#sSpan5455" value="ⲉⲃⲟⲗ"/>
		<feat xlink:href="#sSpan5459" value="ⲧⲉⲛⲟⲩ"/>
		<feat xlink:href="#sSpan5463" value="–"/>
		<feat xlink:href="#sSpan5467" value="ⲁⲩⲱ"/>
		<feat xlink:href="#sSpan5471" value="ϫⲛⲟⲩϥ"/>
		<feat xlink:href="#sSpan5477" value="ϫⲉ"/>
		<feat xlink:href="#sSpan5481" value="·"/>
		<feat xlink:href="#sSpan5485" value="ⲉⲕⲛⲁ"/>
		<feat xlink:href="#sSpan5494" value="ⲉⲧⲱⲛ"/>
		<feat xlink:href="#sSpan5501" value=","/>
		<feat xlink:href="#sSpan5505" value="ⲁⲩⲱ"/>
		<feat xlink:href="#sSpan5509" value="ⲟⲩ"/>
		<feat xlink:href="#sSpan5513" value="ⲡⲉ"/>
		<feat xlink:href="#sSpan5517" value="ⲡⲁⲓ"/>
		<feat xlink:href="#sSpan5522" value="ⲉⲧⲛⲧⲟⲟⲧⲕ"/>
		<feat xlink:href="#sSpan5530" value=";"/>
		<feat xlink:href="#sSpan5535" value="ⲡⲛⲁⲩⲕⲗⲏⲣⲟⲥ"/>
		<feat xlink:href="#sSpan5544" value="ⲇⲉ"/>
		<feat xlink:href="#sSpan5548" value="ⲁϥⲃⲱⲕ"/>
		<feat xlink:href="#sSpan5556" value="ϩⲛⲟⲩϭⲉⲡⲏ"/>
		<feat xlink:href="#sSpan5565" value="ⲕⲁⲧⲁⲧⲕⲉⲗⲉⲩⲥⲓⲥ"/>
		<feat xlink:href="#sSpan5576" value="ⲙⲡϩⲗⲗⲟ"/>
		<feat xlink:href="#sSpan5585" value="·"/>
		<feat xlink:href="#sSpan5589" value="ⲛⲧⲉⲣⲉϥⲃⲱⲕ"/>
		<feat xlink:href="#sSpan5598" value="ⲉϫⲛⲇⲓⲁⲃⲁⲑⲣⲁ"/>
		<feat xlink:href="#sSpan5605" value="ⲁϥϭⲛⲡⲣⲱⲙⲉ"/>
		<feat xlink:href="#sSpan5618" value="ⲛⲧⲁⲁⲡⲁ"/>
		<feat xlink:href="#sSpan5629" value="ⲗⲟⲅⲅⲓⲛⲟⲥ"/>
		<feat xlink:href="#sSpan5633" value="ϫⲟⲟⲥ"/>
		<feat xlink:href="#sSpan5639" value="ⲛⲁϥ"/>
		<feat xlink:href="#sSpan5645" value="ⲉⲧⲃⲏⲏⲧϥ"/>
		<feat xlink:href="#sSpan5651" value=","/>
		<feat xlink:href="#sSpan5655" value="ⲁϥϯⲡⲉϥⲟⲩⲟⲓ"/>
		<feat xlink:href="#sSpan5668" value="ⲉⲣⲟϥ"/>
		<feat xlink:href="#sSpan5674" value="ⲁϥϣⲉϫⲉ"/>
		<feat xlink:href="#sSpan5682" value="ⲛⲙⲙⲁϥ"/>
		<feat xlink:href="#sSpan5689" value="·"/>
		<feat xlink:href="#sSpan5694" value="ⲡⲏ"/>
		<feat xlink:href="#sSpan5700" value="ⲇⲉ"/>
		<feat xlink:href="#sSpan5704" value="ⲙⲡⲉϥⲟⲩⲟϣⲃ"/>
		<feat xlink:href="#sSpan5712" value="ⲉϥϩⲟⲗⲱⲥ"/>
		<feat xlink:href="#sSpan5721" value="ⲉⲧⲃⲉⲧⲉⲑⲗⲓⲯⲓⲥ"/>
		<feat xlink:href="#sSpan5731" value="ⲉⲧϥⲛϩⲏⲧⲥ"/>
		<feat xlink:href="#sSpan5741" value=","/>
		<feat xlink:href="#sSpan5746" value="ⲁⲗⲗⲁ"/>
		<feat xlink:href="#sSpan5750" value="ⲛⲉϥϭⲉⲡⲏ"/>
		<feat xlink:href="#sSpan5759" value="ⲉⲉⲓ"/>
		<feat xlink:href="#sSpan5766" value="ⲉⲃⲟⲗ"/>
		<feat xlink:href="#sSpan5770" value="ϩⲛⲧⲡⲟⲗⲓⲥ"/>
		<feat xlink:href="#sSpan5780" value="ⲛϥⲣⲛⲉⲧϩⲙⲡⲉϥϩⲏⲧ"/>
		<feat xlink:href="#sSpan5800" value="·"/>
		<feat xlink:href="#sSpan5804" value="ⲛⲧⲉⲣⲉⲡⲛⲁⲩⲕⲗⲏⲣⲟⲥ"/>
		<feat xlink:href="#sSpan5816" value="ⲛⲁⲩ"/>
		<feat xlink:href="#sSpan5820" value="ⲉⲡⲉϥϩⲟⲩϫϩϫ"/>
		<feat xlink:href="#sSpan5829" value="ⲙⲛⲑⲉ"/>
		<feat xlink:href="#sSpan5837" value="ⲉⲧϥϣⲧⲣⲧⲱⲣ"/>
		<feat xlink:href="#sSpan5845" value="ⲙⲙⲟⲥ"/>
		<feat xlink:href="#sSpan5851" value="ⲡⲉϣⲁϥ"/>
		<feat xlink:href="#sSpan5857" value="ⲛⲁϥ"/>
		<feat xlink:href="#sSpan5863" value="ϫⲉ"/>
		<feat xlink:href="#sSpan5867" value="·"/>
		<feat xlink:href="#sSpan5871" value="ⲛⲧⲁⲓⲉⲓ"/>
		<feat xlink:href="#sSpan5881" value="ϩⲙⲡϩⲉⲛⲁⲧⲟⲛ"/>
		<feat xlink:href="#sSpan5893" value="ⲧⲉⲛⲟⲩ"/>
		<feat xlink:href="#sSpan5897" value="ϩⲁⲧⲙⲡⲁⲉⲓⲱⲧ"/>
		<feat xlink:href="#sSpan5907" value="ⲁⲡⲁ"/>
		<feat xlink:href="#sSpan5913" value="ⲗⲟⲅⲅⲓⲛⲟⲥ"/>
		<feat xlink:href="#sSpan5917" value="·"/>
		<feat xlink:href="#sSpan5921" value="ⲛⲧⲟϥ"/>
		<feat xlink:href="#sSpan5925" value="ⲡⲉⲛⲧⲁϥⲧⲛⲛⲟⲟⲩⲧ"/>
		<feat xlink:href="#sSpan5940" value="ϣⲁⲣⲟⲕ"/>
		<feat xlink:href="#sSpan5946" value="·"/>
		<feat xlink:href="#sSpan5950" value="ⲛⲧⲉⲣⲉ"/>
		<feat xlink:href="#sSpan5956" value="ⲡⲣⲱⲙⲉ"/>
		<feat xlink:href="#sSpan5962" value="ⲥⲱⲧⲙ"/>
		<feat xlink:href="#sSpan5966" value="ⲉⲡⲣⲁⲛ"/>
		<feat xlink:href="#sSpan5975" value="ⲛⲛⲁⲡⲁ"/>
		<feat xlink:href="#sSpan5985" value="ⲗⲟⲅⲅⲓⲛⲟⲥ"/>
		<feat xlink:href="#sSpan5989" value="ⲁϥⲁϩⲉⲣⲁⲧϥ"/>
		<feat xlink:href="#sSpan6001" value="·"/>
		<feat xlink:href="#sSpan6006" value="ⲡⲛⲁⲩⲕⲗⲏⲣⲟⲥ"/>
		<feat xlink:href="#sSpan6016" value="ⲇⲉ"/>
		<feat xlink:href="#sSpan6020" value="ⲁϥϯ"/>
		<feat xlink:href="#sSpan6028" value="ⲛⲁϥ"/>
		<feat xlink:href="#sSpan6034" value="ⲛⲛⲉⲭⲣⲏⲙⲁ"/>
		<feat xlink:href="#sSpan6044" value="·"/>
		<feat xlink:href="#sSpan6049" value="ⲡⲣⲱⲙⲉ"/>
		<feat xlink:href="#sSpan6057" value="ⲇⲉ"/>
		<feat xlink:href="#sSpan6061" value="ⲁϥϫⲱ"/>
		<feat xlink:href="#sSpan6069" value="ⲉⲣⲟϥ"/>
		<feat xlink:href="#sSpan6075" value="ⲛⲧⲉϥⲑⲗⲓⲯⲓⲥ"/>
		<feat xlink:href="#sSpan6085" value="ⲉϥϫⲱ"/>
		<feat xlink:href="#sSpan6094" value="ⲙⲙⲟⲥ"/>
		<feat xlink:href="#sSpan6100" value="ϫⲉ"/>
		<feat xlink:href="#sSpan6104" value="·"/>
		<feat xlink:href="#sSpan6108" value="ⲉⲣⲉϩⲁϩ"/>
		<feat xlink:href="#sSpan6115" value="ⲛⲭⲣⲉⲟⲥ"/>
		<feat xlink:href="#sSpan6121" value="ⲉⲣⲟⲓ"/>
		<feat xlink:href="#sSpan6127" value="ⲁⲩⲱ"/>
		<feat xlink:href="#sSpan6131" value="ⲉⲣⲉⲛⲇⲁⲛⲓⲥⲧⲏⲥ"/>
		<feat xlink:href="#sSpan6141" value="ϯⲁⲛⲁⲅⲕⲏ"/>
		<feat xlink:href="#sSpan6149" value="ⲉⲣⲟⲓ"/>
		<feat xlink:href="#sSpan6156" value="ⲉⲧⲃⲏⲏⲧⲟⲩ"/>
		<feat xlink:href="#sSpan6163" value="ⲙⲡⲉⲓϭⲛⲑⲉ"/>
		<feat xlink:href="#sSpan6167" value="ⲛⲧⲁⲁⲩ"/>
		<feat xlink:href="#sSpan6175" value=","/>
		<feat xlink:href="#sSpan6179" value="ⲁⲓⲕⲁⲁⲥ"/>
		<feat xlink:href="#sSpan6189" value="ϩⲙⲡⲁϩⲏⲧ"/>
		<feat xlink:href="#sSpan6198" value="ⲉⲧⲣⲁⲣⲡⲃⲟⲗ"/>
		<feat xlink:href="#sSpan6213" value="ⲛⲧⲡⲟⲗⲓⲥ"/>
		<feat xlink:href="#sSpan6224" value="ⲧⲁⲟϭⲧ"/>
		<feat xlink:href="#sSpan6230" value="ⲙⲁⲩⲁⲁⲧ"/>
		<feat xlink:href="#sSpan6236" value="ⲉⲧⲃⲉⲡⲁϣⲁⲓ"/>
		<feat xlink:href="#sSpan6245" value="ⲛⲛⲉⲑⲗⲓⲯⲓⲥ"/>
		<feat xlink:href="#sSpan6255" value="ⲉⲧϩⲓϫⲱⲓ"/>
		<feat xlink:href="#sSpan6263" value="·"/>
		<feat xlink:href="#sSpan6267" value="ⲁⲩⲱ"/>
		<feat xlink:href="#sSpan6272" value="ϫⲉⲕⲁⲥ"/>
		<feat xlink:href="#sSpan6276" value="ⲉⲕⲉⲉⲓⲙⲉ"/>
		<feat xlink:href="#sSpan6283" value="ⲉⲧⲙⲉ"/>
		<feat xlink:href="#sSpan6292" value=","/>
		<feat xlink:href="#sSpan6296" value="ⲉⲓⲥ"/>
		<feat xlink:href="#sSpan6300" value="ⲡⲛⲟⲩϩ"/>
		<feat xlink:href="#sSpan6307" value="ⲛⲧⲟⲟⲧ"/>
		<feat xlink:href="#sSpan6311" value="ⲉⲓⲛⲁⲟϭⲧ"/>
		<feat xlink:href="#sSpan6321" value="ⲛϩⲏⲧϥ"/>
		<feat xlink:href="#sSpan6327" value="·"/>
		<feat xlink:href="#sSpan6331" value="ⲁⲩⲱ"/>
		<feat xlink:href="#sSpan6335" value="ⲁϥⲧⲁⲙⲟϥ"/>
		<feat xlink:href="#sSpan6345" value="ⲉⲡⲛⲟⲩϩ"/>
		<feat xlink:href="#sSpan6355" value="ⲉϥⲛⲧⲟⲟⲧϥ"/>
		<feat xlink:href="#sSpan6365" value="·"/>
		<feat xlink:href="#sSpan6370" value="ⲡⲛⲁⲩⲕⲗⲏⲣⲟⲥ"/>
		<feat xlink:href="#sSpan6379" value="ⲇⲉ"/>
		<feat xlink:href="#sSpan6383" value="ⲁϥⲣϣⲡⲏⲣⲉ"/>
		<feat xlink:href="#sSpan6393" value="ⲙⲡϣⲁϫⲉ"/>
		<feat xlink:href="#sSpan6402" value="ⲛⲛⲁⲡⲁ"/>
		<feat xlink:href="#sSpan6412" value="ⲗⲟⲅⲅⲓⲛⲟⲥ"/>
		<feat xlink:href="#sSpan6416" value="ⲁϥϯ"/>
		<feat xlink:href="#sSpan6425" value="ⲛⲛⲉⲛⲟⲩⲃ"/>
		<feat xlink:href="#sSpan6434" value="ⲙⲡⲣⲱⲙⲉ"/>
		<feat xlink:href="#sSpan6443" value="ⲁϥⲃⲱⲕ"/>
		<feat xlink:href="#sSpan6452" value="ⲉⲡⲉϥⲏⲓ"/>
		<feat xlink:href="#sSpan6461" value="·"/>
		<feat xlink:href="#sSpan6465" value="ⲁϥⲕⲟⲧϥ"/>
		<feat xlink:href="#sSpan6476" value="ⲛϭⲓⲡⲛⲁⲩⲕⲗⲏⲣⲟⲥ"/>
		<feat xlink:href="#sSpan6486" value="ϣⲁⲁⲡⲁ"/>
		<feat xlink:href="#sSpan6497" value="ⲗⲟⲅⲅⲓⲛⲟⲥ"/>
		<feat xlink:href="#sSpan6501" value="ⲁϥϫⲱ"/>
		<feat xlink:href="#sSpan6509" value="ⲉⲣⲟϥ"/>
		<feat xlink:href="#sSpan6515" value="ⲛϩⲱⲃ"/>
		<feat xlink:href="#sSpan6523" value="ⲛⲓⲙ"/>
		<feat xlink:href="#sSpan6527" value="ⲛⲧⲁⲩϣⲱⲡⲉ"/>
		<feat xlink:href="#sSpan6537" value="·"/>
		<feat xlink:href="#sSpan6541" value="ⲡⲉϫⲉⲡϩⲗⲗⲟ"/>
		<feat xlink:href="#sSpan6551" value="ⲛⲁϥ"/>
		<feat xlink:href="#sSpan6557" value="ϫⲉ"/>
		<feat xlink:href="#sSpan6561" value="·"/>
		<feat xlink:href="#sSpan6566" value="ⲡⲓⲥⲧⲉⲩⲉ"/>
		<feat xlink:href="#sSpan6571" value="ⲛⲁⲓ"/>
		<feat xlink:href="#sSpan6578" value="ⲡⲁϣⲏⲣⲉ"/>
		<feat xlink:href="#sSpan6584" value="ϫⲉⲉⲛⲉⲛⲧⲁⲛⲁⲙⲉⲗⲉⲓ"/>
		<feat xlink:href="#sSpan6602" value="ⲛⲕⲉⲕⲟⲩⲓ"/>
		<feat xlink:href="#sSpan6611" value="ϣⲁⲣⲉⲡⲛⲟⲩⲧⲉ"/>
		<feat xlink:href="#sSpan6621" value="ⲕⲣⲓⲛⲉ"/>
		<feat xlink:href="#sSpan6626" value="ⲙⲙⲟⲛ"/>
		<feat xlink:href="#sSpan6632" value="ⲙⲡⲉⲥⲛⲁⲩ"/>
		<feat xlink:href="#sSpan6641" value="ⲉⲧⲃⲉⲧⲉⲯⲩⲭⲏ"/>
		<feat xlink:href="#sSpan6651" value="ⲙⲡⲉⲧⲙⲙⲁⲩ"/>
		<feat xlink:href="#sSpan6662" value="·"/>
		<feat xlink:href="#sSpan6666" value="ⲁⲥϣⲱⲡⲉ"/>
		<feat xlink:href="#sSpan6679" value="ⲇⲉ"/>
		<feat xlink:href="#sSpan6683" value="ⲙⲡⲉⲩⲟⲉⲓϣ"/>
		<feat xlink:href="#sSpan6692" value="ⲉⲧⲙⲙⲁⲩ"/>
		<feat xlink:href="#sSpan6698" value="ⲛⲧⲉⲣⲉⲡⲣⲣⲟ"/>
		<feat xlink:href="#sSpan6708" value="ⲙⲁⲣⲕⲓⲁⲛⲟⲥ"/>
		<feat xlink:href="#sSpan6712" value="ⲟⲩⲱϣ"/>
		<feat xlink:href="#sSpan6716" value="ⲉⲧⲛⲛⲟⲟⲩ"/>
		<feat xlink:href="#sSpan6723" value="ⲛⲛⲟⲩⲙⲁⲅⲓⲥⲧⲣⲓⲁⲛⲟⲥ"/>
		<feat xlink:href="#sSpan6733" value="ⲉⲣⲁⲕⲟⲧⲉ"/>
		<feat xlink:href="#sSpan6741" value="ⲙⲛⲡⲧⲟⲙⲟⲥ"/>
		<feat xlink:href="#sSpan6751" value="ⲛⲗⲉⲱⲛ"/>
		<feat xlink:href="#sSpan6759" value="ⲡⲁⲥⲉⲃⲏⲥ"/>
		<feat xlink:href="#sSpan6766" value=","/>
		<feat xlink:href="#sSpan6770" value="ⲁϥⲕⲉⲗⲉⲩⲉ"/>
		<feat xlink:href="#sSpan6780" value="ⲉⲧⲣⲉⲧⲡⲟⲗⲓⲥ"/>
		<feat xlink:href="#sSpan6793" value="ⲣⲁⲕⲟⲧⲉ"/>
		<feat xlink:href="#sSpan6798" value="ϩⲩⲡⲟⲅⲣⲁⲫⲏ"/>
		<feat xlink:href="#sSpan6802" value="ⲉⲣⲟϥ"/>
		<feat xlink:href="#sSpan6808" value=","/>
		<feat xlink:href="#sSpan6812" value="ⲛϩⲟⲩⲟ"/>
		<feat xlink:href="#sSpan6820" value="ⲇⲉ"/>
		<feat xlink:href="#sSpan6824" value="ⲙⲙⲟⲛⲁⲭⲟⲥ"/>
		<feat xlink:href="#sSpan6833" value="ⲙⲡϩⲉⲛⲁⲧⲟⲛ"/>
		<feat xlink:href="#sSpan6845" value="ⲇⲉ"/>
		<feat xlink:href="#sSpan6849" value="ⲁϥϭⲉⲗⲡ"/>
		<feat xlink:href="#sSpan6858" value="ⲡⲉⲓϩⲱⲃ"/>
		<feat xlink:href="#sSpan6864" value="ⲉⲃⲟⲗ"/>
		<feat xlink:href="#sSpan6868" value="ⲉⲡⲡⲉⲧⲟⲩⲁⲁⲃ"/>
		<feat xlink:href="#sSpan6881" value="ⲁⲡⲁ"/>
		<feat xlink:href="#sSpan6887" value="ⲗⲟⲅⲅⲓⲛⲟⲥ"/>
		<feat xlink:href="#sSpan6892" value="ϩⲁⲑⲏ"/>
		<feat xlink:href="#sSpan6901" value="ⲛϣⲟⲙⲛⲧ"/>
		<feat xlink:href="#sSpan6908" value="ⲛⲛⲉⲃⲟⲧ"/>
		<feat xlink:href="#sSpan6914" value=","/>
		<feat xlink:href="#sSpan6918" value="ⲁϥⲟⲩⲉϩⲥⲁϩⲛⲉ"/>
		<feat xlink:href="#sSpan6928" value="ϩⲙⲡϭⲱⲗⲡ"/>
		<feat xlink:href="#sSpan6938" value="ⲉⲃⲟⲗ"/>
		<feat xlink:href="#sSpan6942" value="ⲛⲧⲁⲩⲧⲥⲁⲃⲟϥ"/>
		<feat xlink:href="#sSpan6955" value="ⲉⲣⲟϥ"/>
		<feat xlink:href="#sSpan6961" value="ⲉⲧⲣⲉϥⲥⲱⲟⲩϩ"/>
		<feat xlink:href="#sSpan6971" value="ⲉϩⲟⲩⲛ"/>
		<feat xlink:href="#sSpan6975" value="ⲛⲛⲙⲙⲟⲛⲁⲭⲟⲥ"/>
		<feat xlink:href="#sSpan6985" value="ⲙⲡϩⲉⲛⲁⲧⲟⲛ"/>
		<feat xlink:href="#sSpan6996" value="ⲧⲏⲣⲟⲩ"/>
		<feat xlink:href="#sSpan7002" value="ⲛϥⲧⲁⲙⲟⲟⲩ"/>
		<feat xlink:href="#sSpan7013" value="ⲉⲡⲉⲛⲧⲁϥϣⲱⲡⲉ"/>
		<feat xlink:href="#sSpan7028" value="·"/>
		<feat xlink:href="#sSpan7032" value="ⲁⲩⲱ"/>
		<feat xlink:href="#sSpan7037" value="ⲁϥⲟⲩⲉϩⲥⲁϩⲛⲉ"/>
		<feat xlink:href="#sSpan7047" value="ⲉⲧⲙϫⲓ"/>
		<feat xlink:href="#sSpan7055" value="ⲙⲡⲇⲟⲅⲙⲁ"/>
		<feat xlink:href="#sSpan7065" value="ⲉⲧⲙⲙⲁⲩ"/>
		<feat xlink:href="#sSpan7071" value="ⲉⲡⲧⲏⲣϥ"/>
		<feat xlink:href="#sSpan7083" value="ⲟⲩⲇⲉ"/>
		<feat xlink:href="#sSpan7087" value="ⲉⲧⲙϩⲩⲡⲟⲅⲣⲁⲫⲉ"/>
		<feat xlink:href="#sSpan7096" value="ⲉⲣⲟϥ"/>
		<feat xlink:href="#sSpan7102" value="·"/>
		<feat xlink:href="#sSpan7106" value="ⲛⲧⲟϥ"/>
		<feat xlink:href="#sSpan7112" value="ⲇⲉ"/>
		<feat xlink:href="#sSpan7117" value="ⲁⲡⲁ"/>
		<feat xlink:href="#sSpan7124" value="ⲗⲟⲅⲅⲓⲛⲟⲥ"/>
		<feat xlink:href="#sSpan7128" value="ⲁϥⲥⲱⲟⲩϩ"/>
		<feat xlink:href="#sSpan7136" value="ⲉϩⲟⲩⲛ"/>
		<feat xlink:href="#sSpan7141" value="ⲛⲛⲟⲩⲟⲛ"/>
		<feat xlink:href="#sSpan7149" value="ⲛⲓⲙ"/>
		<feat xlink:href="#sSpan7153" value="ⲉⲧϩⲛⲧⲗⲁⲩⲣⲁ"/>
		<feat xlink:href="#sSpan7165" value="ⲁϥϫⲱ"/>
		<feat xlink:href="#sSpan7173" value="ⲉⲣⲟⲟⲩ"/>
		<feat xlink:href="#sSpan7179" value="ⲛⲛⲧⲁⲡϫⲟⲉⲓⲥ"/>
		<feat xlink:href="#sSpan7192" value="ϭⲟⲗⲡⲟⲩ"/>
		<feat xlink:href="#sSpan7198" value="ⲛⲁϥ"/>
		<feat xlink:href="#sSpan7205" value="ⲉⲃⲟⲗ"/>
		<feat xlink:href="#sSpan7209" value="ϩⲙⲡϩⲟⲣⲟⲙⲁ"/>
		<feat xlink:href="#sSpan7219" value="ⲁⲩⲱ"/>
		<feat xlink:href="#sSpan7223" value="ⲁϥⲟⲩⲉϩⲥⲁϩⲛⲉ"/>
		<feat xlink:href="#sSpan7233" value="ⲛⲁⲩ"/>
		<feat xlink:href="#sSpan7239" value="ⲉϩⲁⲣⲉϩ"/>
		<feat xlink:href="#sSpan7245" value="ⲛⲇⲓⲕⲁⲓⲟⲱⲙⲁ"/>
		<feat xlink:href="#sSpan7253" value="ⲙⲡϫⲟⲉⲓⲥ"/>
		<feat xlink:href="#sSpan7263" value="ϩⲛⲟⲩⲱⲣϫ"/>
		<feat xlink:href="#sSpan7271" value="ⲁⲩⲱ"/>
		<feat xlink:href="#sSpan7275" value="ⲉⲧⲣⲉⲩⲁⲅⲱⲛⲓⲍⲉ"/>
		<feat xlink:href="#sSpan7286" value="ⲉϫⲛⲧⲡⲓⲥⲧⲓⲥ"/>
		<feat xlink:href="#sSpan7296" value="ⲛⲛⲟⲣⲑⲟⲇⲟⲝⲟⲥ"/>
		<feat xlink:href="#sSpan7306" value="ϣⲁϩⲣⲁⲓ"/>
		<feat xlink:href="#sSpan7311" value="ⲉⲡⲙⲟⲩ"/>
		<feat xlink:href="#sSpan7320" value="·"/>
		<feat xlink:href="#sSpan7324" value="ⲛⲧⲟⲟⲩ"/>
		<feat xlink:href="#sSpan7330" value="ⲇⲉ"/>
		<feat xlink:href="#sSpan7334" value="ⲛⲧⲉⲣⲟⲩⲥⲱⲧⲙ"/>
		<feat xlink:href="#sSpan7342" value="ⲉⲛⲁⲓ"/>
		<feat xlink:href="#sSpan7349" value="ⲛⲧⲟⲟⲧϥ"/>
		<feat xlink:href="#sSpan7355" value="ⲛⲛⲁⲡⲁ"/>
		<feat xlink:href="#sSpan7365" value="ⲗⲟⲅⲅⲓⲛⲟⲥ"/>
		<feat xlink:href="#sSpan7369" value="·"/>
		<feat xlink:href="#sSpan7373" value="ⲁⲩⲣⲁϣⲉ"/>
		<feat xlink:href="#sSpan7383" value="ⲉⲡⲉϩⲟⲩⲟ"/>
		<feat xlink:href="#sSpan7391" value="ⲁⲩϫⲓϣⲟϫⲛⲉ"/>
		<feat xlink:href="#sSpan7401" value="ⲙⲛⲛⲉⲩⲉⲣⲏⲩ"/>
		<feat xlink:href="#sSpan7409" value="ⲉⲩϫⲱ"/>
		<feat xlink:href="#sSpan7417" value="ⲙⲙⲟⲥ"/>
		<feat xlink:href="#sSpan7423" value="ϫⲉ"/>
		<feat xlink:href="#sSpan7427" value="·"/>
		<feat xlink:href="#sSpan7431" value="ⲙⲛⲣⲱⲙⲉ"/>
		<feat xlink:href="#sSpan7439" value="ⲛⲁϣⲕⲁⲧⲁⲣⲅⲉⲓ"/>
		<feat xlink:href="#sSpan7449" value="ⲙⲡⲉⲓⲇⲟⲅⲙⲁ"/>
		<feat xlink:href="#sSpan7459" value="ⲉⲧϫⲁϩⲙ"/>
		<feat xlink:href="#sSpan7466" value="ⲉⲓⲉⲙⲏⲧⲉⲓ"/>
		<feat xlink:href="#sSpan7470" value="ⲡⲉⲛⲧⲁⲡϫⲟⲉⲓⲥ"/>
		<feat xlink:href="#sSpan7484" value="ϭⲉⲗⲡⲡⲉⲓⲙⲩⲥⲧⲏⲣⲓⲟⲛ"/>
		<feat xlink:href="#sSpan7495" value="ⲛⲁϥ"/>
		<feat xlink:href="#sSpan7501" value="ⲉⲃⲟⲗ"/>
		<feat xlink:href="#sSpan7505" value="ⲉⲁϥⲧⲁⲙⲟϥ"/>
		<feat xlink:href="#sSpan7517" value="ⲉⲧⲉⲑⲗⲓⲯⲓⲥ"/>
		<feat xlink:href="#sSpan7527" value="ⲉⲧⲧⲏϣ"/>
		<feat xlink:href="#sSpan7533" value="ⲉϣⲱⲡⲉ"/>
		<feat xlink:href="#sSpan7537" value="·"/>
		<feat xlink:href="#sSpan7542" value="ⲧⲟⲧⲉ"/>
		<feat xlink:href="#sSpan7546" value="ⲁⲩⲡⲁⲣⲁⲕⲁⲗⲉⲓ"/>
		<feat xlink:href="#sSpan7556" value="ⲙⲡⲙⲁⲕⲁⲣⲓⲟⲥ"/>
		<feat xlink:href="#sSpan7567" value="ⲁⲡⲁ"/>
		<feat xlink:href="#sSpan7573" value="ⲗⲟⲅⲅⲓⲛⲟⲥ"/>
		<feat xlink:href="#sSpan7577" value="ⲉⲧⲣⲉϥϣⲱⲡⲉ"/>
		<feat xlink:href="#sSpan7587" value="ⲛⲁⲩ"/>
		<feat xlink:href="#sSpan7593" value="ⲛⲓⲱⲧ"/>
		<feat xlink:href="#sSpan7599" value="ⲁⲩⲱ"/>
		<feat xlink:href="#sSpan7604" value="ⲛϫⲁⲩⲙⲁⲉⲓⲧ"/>
		<feat xlink:href="#sSpan7613" value="ⲁⲩⲱ"/>
		<feat xlink:href="#sSpan7617" value="ⲛϩⲩⲅⲟⲩⲙⲉⲛⲟⲥ"/>
		<feat xlink:href="#sSpan7624" value="ⲉϫⲛⲛⲙⲙⲟⲛⲁⲥⲧⲏⲣⲓⲟⲛ"/>
		<feat xlink:href="#sSpan7635" value="ⲙⲡϩⲉⲛⲁⲧⲟⲛ"/>
		<feat xlink:href="#sSpan7644" value="·"/></featList></paula>