<?xml version='1.0' encoding='UTF-8'?><!DOCTYPE paula SYSTEM "paula_mark.dtd">
<paula version="1.1">
	<header paula_id="GL29.tok"/>
	<markList xmlns:xlink="http://www.w3.org/1999/xlink" type="tok" xml:base="GL29.text.xml">
		<!--ⲛ-->
		<mark id="sTok1" xlink:href="#xpointer(string-range(//body,'',1,1))"/>
		<!--ⲟⲩⲟⲉⲓ̈ϣ-->
		<mark id="sTok2" xlink:href="#xpointer(string-range(//body,'',3,7))"/>
		<!--ⲛⲓ̈ⲙ-->
		<mark id="sTok3" xlink:href="#xpointer(string-range(//body,'',11,4))"/>
		<!--ⲁ-->
		<mark id="sTok4" xlink:href="#xpointer(string-range(//body,'',16,1))"/>
		<!--ⲩⲱ-->
		<mark id="sTok5" xlink:href="#xpointer(string-range(//body,'',18,2))"/>
		<!--ⲉⲧ-->
		<mark id="sTok6" xlink:href="#xpointer(string-range(//body,'',21,2))"/>
		<!--ⲱϭⲉ-->
		<mark id="sTok7" xlink:href="#xpointer(string-range(//body,'',24,3))"/>
		<!--·-->
		<mark id="sTok8" xlink:href="#xpointer(string-range(//body,'',28,1))"/>
		<!--ⲏ̄-->
		<mark id="sTok9" xlink:href="#xpointer(string-range(//body,'',30,2))"/>
		<!--ⲉ-->
		<mark id="sTok10" xlink:href="#xpointer(string-range(//body,'',33,1))"/>
		<!--ϫⲓ-->
		<mark id="sTok11" xlink:href="#xpointer(string-range(//body,'',35,2))"/>
		<!--ⲉϩⲟⲩⲛ-->
		<mark id="sTok12" xlink:href="#xpointer(string-range(//body,'',38,5))"/>
		<!--ⲉⲣⲟ-->
		<mark id="sTok13" xlink:href="#xpointer(string-range(//body,'',44,3))"/>
		<!--ⲟⲩ-->
		<mark id="sTok14" xlink:href="#xpointer(string-range(//body,'',48,2))"/>
		<!--ⲛ̄-->
		<mark id="sTok15" xlink:href="#xpointer(string-range(//body,'',51,2))"/>
		<!--ϩⲉⲛ-->
		<mark id="sTok16" xlink:href="#xpointer(string-range(//body,'',54,3))"/>
		<!--ⲣⲱⲙⲉ-->
		<mark id="sTok17" xlink:href="#xpointer(string-range(//body,'',58,4))"/>
		<!--·-->
		<mark id="sTok18" xlink:href="#xpointer(string-range(//body,'',63,1))"/>
		<!--ⲉ-->
		<mark id="sTok19" xlink:href="#xpointer(string-range(//body,'',65,1))"/>
		<!--ⲩ-->
		<mark id="sTok20" xlink:href="#xpointer(string-range(//body,'',67,1))"/>
		<!--ⲛⲁ-->
		<mark id="sTok21" xlink:href="#xpointer(string-range(//body,'',69,2))"/>
		<!--ⲥⲟⲩⲛ-->
		<mark id="sTok22" xlink:href="#xpointer(string-range(//body,'',72,4))"/>
		<!--ⲧⲉ-->
		<mark id="sTok23" xlink:href="#xpointer(string-range(//body,'',77,2))"/>
		<!--ⲭⲁⲣⲓⲥ-->
		<mark id="sTok24" xlink:href="#xpointer(string-range(//body,'',80,5))"/>
		<!--ⲙ̄-->
		<mark id="sTok25" xlink:href="#xpointer(string-range(//body,'',86,2))"/>
		<!--ⲡ-->
		<mark id="sTok26" xlink:href="#xpointer(string-range(//body,'',89,1))"/>
		<!--ⲉⲛⲧ-->
		<mark id="sTok27" xlink:href="#xpointer(string-range(//body,'',91,3))"/>
		<!--ⲁ-->
		<mark id="sTok28" xlink:href="#xpointer(string-range(//body,'',95,1))"/>
		<!--ϥ-->
		<mark id="sTok29" xlink:href="#xpointer(string-range(//body,'',97,1))"/>
		<!--ϯ-->
		<mark id="sTok30" xlink:href="#xpointer(string-range(//body,'',99,1))"/>
		<!--ⲉⲟⲟⲩ-->
		<mark id="sTok31" xlink:href="#xpointer(string-range(//body,'',101,4))"/>
		<!--ⲛⲁ-->
		<mark id="sTok32" xlink:href="#xpointer(string-range(//body,'',106,2))"/>
		<!--ⲩ-->
		<mark id="sTok33" xlink:href="#xpointer(string-range(//body,'',109,1))"/>
		<!--ⲡⲉ-->
		<mark id="sTok34" xlink:href="#xpointer(string-range(//body,'',111,2))"/></markList></paula>