<?xml version='1.0' encoding='UTF-8'?><!DOCTYPE paula SYSTEM "paula_feat.dtd">
<paula version="1.1">
	<header paula_id="scriptorium.GL29.mark_norm"/>
	<featList xmlns:xlink="http://www.w3.org/1999/xlink" type="norm" xml:base="scriptorium.GL29.mark.xml">
		<feat xlink:href="#sSpan2" value="ⲛ"/>
		<feat xlink:href="#sSpan11" value="ⲟⲩⲟⲉⲓϣ"/>
		<feat xlink:href="#sSpan14" value="ⲛⲓⲙ"/>
		<feat xlink:href="#sSpan19" value="ⲁⲩⲱ"/>
		<feat xlink:href="#sSpan24" value="ⲉⲧ"/>
		<feat xlink:href="#sSpan28" value="ⲱϭⲉ"/>
		<feat xlink:href="#sSpan30" value="·"/>
		<feat xlink:href="#sSpan35" value="ⲏ"/>
		<feat xlink:href="#sSpan41" value="ⲉ"/>
		<feat xlink:href="#sSpan45" value="ϫⲓ"/>
		<feat xlink:href="#sSpan48" value="ⲉϩⲟⲩⲛ"/>
		<feat xlink:href="#sSpan52" value="ⲉⲣⲟ"/>
		<feat xlink:href="#sSpan56" value="ⲟⲩ"/>
		<feat xlink:href="#sSpan58" value="ⲛ"/>
		<feat xlink:href="#sSpan62" value="ϩⲉⲛ"/>
		<feat xlink:href="#sSpan66" value="ⲣⲱⲙⲉ"/>
		<feat xlink:href="#sSpan68" value="·"/>
		<feat xlink:href="#sSpan72" value="ⲉ"/>
		<feat xlink:href="#sSpan77" value="ⲩ"/>
		<feat xlink:href="#sSpan79" value="ⲛⲁ"/>
		<feat xlink:href="#sSpan81" value="ⲥⲟⲩⲛ"/>
		<feat xlink:href="#sSpan84" value="ⲧⲉ"/>
		<feat xlink:href="#sSpan88" value="ⲭⲁⲣⲓⲥ"/>
		<feat xlink:href="#sSpan90" value="ⲙ"/>
		<feat xlink:href="#sSpan94" value="ⲡ"/>
		<feat xlink:href="#sSpan98" value="ⲉⲛⲧ"/>
		<feat xlink:href="#sSpan100" value="ⲁ"/>
		<feat xlink:href="#sSpan102" value="ϥ"/>
		<feat xlink:href="#sSpan105" value="ϯⲉⲟⲟⲩ"/>
		<feat xlink:href="#sSpan108" value="ⲛⲁ"/>
		<feat xlink:href="#sSpan113" value="ⲩ"/>
		<feat xlink:href="#sSpan116" value="ⲡⲉ"/></featList></paula>