<?xml version='1.0' encoding='UTF-8'?><!DOCTYPE paula SYSTEM "paula_feat.dtd">
<paula version="1.1">
	<header paula_id="scriptorium.GL29.mark_func"/>
	<featList xmlns:xlink="http://www.w3.org/1999/xlink" type="func" xml:base="scriptorium.GL29.mark.xml">
		<feat xlink:href="#sSpan2" value="case"/>
		<feat xlink:href="#sSpan11" value="root"/>
		<feat xlink:href="#sSpan14" value="det"/>
		<feat xlink:href="#sSpan19" value="cc"/>
		<feat xlink:href="#sSpan24" value="mark"/>
		<feat xlink:href="#sSpan28" value="conj"/>
		<feat xlink:href="#sSpan30" value="punct"/>
		<feat xlink:href="#sSpan35" value="cc"/>
		<feat xlink:href="#sSpan41" value="mark"/>
		<feat xlink:href="#sSpan45" value="root"/>
		<feat xlink:href="#sSpan48" value="advmod"/>
		<feat xlink:href="#sSpan52" value="case"/>
		<feat xlink:href="#sSpan56" value="obl"/>
		<feat xlink:href="#sSpan58" value="case"/>
		<feat xlink:href="#sSpan62" value="det"/>
		<feat xlink:href="#sSpan66" value="obj"/>
		<feat xlink:href="#sSpan68" value="punct"/>
		<feat xlink:href="#sSpan72" value="mark"/>
		<feat xlink:href="#sSpan77" value="nsubj"/>
		<feat xlink:href="#sSpan79" value="aux"/>
		<feat xlink:href="#sSpan81" value="root"/>
		<feat xlink:href="#sSpan84" value="det"/>
		<feat xlink:href="#sSpan88" value="obj"/>
		<feat xlink:href="#sSpan90" value="case"/>
		<feat xlink:href="#sSpan94" value="nmod"/>
		<feat xlink:href="#sSpan98" value="mark"/>
		<feat xlink:href="#sSpan100" value="aux"/>
		<feat xlink:href="#sSpan102" value="nsubj"/>
		<feat xlink:href="#sSpan105" value="acl:relcl"/>
		<feat xlink:href="#sSpan108" value="case"/>
		<feat xlink:href="#sSpan113" value="obl"/>
		<feat xlink:href="#sSpan116" value="cop"/></featList></paula>