<?xml version='1.0' encoding='UTF-8'?><!DOCTYPE paula SYSTEM "paula_mark.dtd">
<paula version="1.1">
	<header paula_id="scriptorium.GL29.mark"/>
	<markList xmlns:xlink="http://www.w3.org/1999/xlink" type="scriptorium" xml:base="GL29.tok.xml">
		<!--ⲛ-->
		<mark id="sSpan1" xlink:href="#sTok1"/>
		<!--ⲛ-->
		<mark id="sSpan2" xlink:href="#sTok1"/>
		<!--ⲛ-->
		<mark id="sSpan3" xlink:href="#sTok1"/>
		<!--ⲛ ⲟⲩⲟⲉⲓ̈ϣ-->
		<mark id="sSpan4" xlink:href="#sTok1 #sTok2"/>
		<!--ⲛ ⲟⲩⲟⲉⲓ̈ϣ-->
		<mark id="sSpan5" xlink:href="#sTok1 #sTok2"/>
		<!--ⲛ ⲟⲩⲟⲉⲓ̈ϣ ⲛⲓ̈ⲙ-->
		<mark id="sSpan6" xlink:href="#sTok1 #sTok2 #sTok3"/>
		<!--ⲛ ⲟⲩⲟⲉⲓ̈ϣ ⲛⲓ̈ⲙ ⲁ ⲩⲱ ⲉⲧ ⲱϭⲉ ·-->
		<mark id="sSpan7" xlink:href="#sTok1 #sTok2 #sTok3 #sTok4 #sTok5 #sTok6 #sTok7 #sTok8"/>
		<!--ⲛ ⲟⲩⲟⲉⲓ̈ϣ ⲛⲓ̈ⲙ ⲁ ⲩⲱ ⲉⲧ ⲱϭⲉ ·-->
		<mark id="sSpan8" xlink:href="#sTok1 #sTok2 #sTok3 #sTok4 #sTok5 #sTok6 #sTok7 #sTok8"/>
		<!--ⲛ ⲟⲩⲟⲉⲓ̈ϣ ⲛⲓ̈ⲙ ⲁ ⲩⲱ ⲉⲧ ⲱϭⲉ · ⲏ̄ ⲉ ϫⲓ ⲉϩⲟⲩⲛ ⲉⲣⲟ ⲟⲩ ⲛ̄ ϩⲉⲛ ⲣⲱⲙⲉ · ⲉ ⲩ ⲛⲁ ⲥⲟⲩⲛ ⲧⲉ ⲭⲁⲣⲓⲥ ⲙ̄ ⲡ ⲉⲛⲧ ⲁ ϥ ϯ ⲉⲟⲟⲩ ⲛⲁ ⲩ ⲡⲉ-->
		<mark id="sSpan9" xlink:href="#sTok1 #sTok2 #sTok3 #sTok4 #sTok5 #sTok6 #sTok7 #sTok8 #sTok9 #sTok10 #sTok11 #sTok12 #sTok13 #sTok14 #sTok15 #sTok16 #sTok17 #sTok18 #sTok19 #sTok20 #sTok21 #sTok22 #sTok23 #sTok24 #sTok25 #sTok26 #sTok27 #sTok28 #sTok29 #sTok30 #sTok31 #sTok32 #sTok33 #sTok34"/>
		<!--ⲛ ⲟⲩⲟⲉⲓ̈ϣ ⲛⲓ̈ⲙ ⲁ ⲩⲱ ⲉⲧ ⲱϭⲉ · ⲏ̄ ⲉ ϫⲓ ⲉϩⲟⲩⲛ ⲉⲣⲟ ⲟⲩ ⲛ̄ ϩⲉⲛ ⲣⲱⲙⲉ · ⲉ ⲩ ⲛⲁ ⲥⲟⲩⲛ ⲧⲉ ⲭⲁⲣⲓⲥ ⲙ̄ ⲡ ⲉⲛⲧ ⲁ ϥ ϯ ⲉⲟⲟⲩ ⲛⲁ ⲩ ⲡⲉ-->
		<mark id="sSpan10" xlink:href="#sTok1 #sTok2 #sTok3 #sTok4 #sTok5 #sTok6 #sTok7 #sTok8 #sTok9 #sTok10 #sTok11 #sTok12 #sTok13 #sTok14 #sTok15 #sTok16 #sTok17 #sTok18 #sTok19 #sTok20 #sTok21 #sTok22 #sTok23 #sTok24 #sTok25 #sTok26 #sTok27 #sTok28 #sTok29 #sTok30 #sTok31 #sTok32 #sTok33 #sTok34"/>
		<!--ⲟⲩⲟⲉⲓ̈ϣ-->
		<mark id="sSpan11" xlink:href="#sTok2"/>
		<!--ⲟⲩⲟⲉⲓ̈ϣ-->
		<mark id="sSpan12" xlink:href="#sTok2"/>
		<!--ⲟⲩⲟⲉⲓ̈ϣ ⲛⲓ̈ⲙ-->
		<mark id="sSpan13" xlink:href="#sTok2 #sTok3"/>
		<!--ⲛⲓ̈ⲙ-->
		<mark id="sSpan14" xlink:href="#sTok3"/>
		<!--ⲛⲓ̈ⲙ-->
		<mark id="sSpan15" xlink:href="#sTok3"/>
		<!--ⲛⲓ̈ⲙ-->
		<mark id="sSpan16" xlink:href="#sTok3"/>
		<!--ⲛⲓ̈ⲙ-->
		<mark id="sSpan17" xlink:href="#sTok3"/>
		<!--ⲁ-->
		<mark id="sSpan18" xlink:href="#sTok4"/>
		<!--ⲁ ⲩⲱ-->
		<mark id="sSpan19" xlink:href="#sTok4 #sTok5"/>
		<!--ⲁ ⲩⲱ-->
		<mark id="sSpan20" xlink:href="#sTok4 #sTok5"/>
		<!--ⲁ ⲩⲱ-->
		<mark id="sSpan21" xlink:href="#sTok4 #sTok5"/>
		<!--ⲁ ⲩⲱ-->
		<mark id="sSpan22" xlink:href="#sTok4 #sTok5"/>
		<!--ⲁ ⲩⲱ ⲉⲧ ⲱϭⲉ · ⲏ̄ ⲉ-->
		<mark id="sSpan23" xlink:href="#sTok4 #sTok5 #sTok6 #sTok7 #sTok8 #sTok9 #sTok10"/>
		<!--ⲉⲧ-->
		<mark id="sSpan24" xlink:href="#sTok6"/>
		<!--ⲉⲧ-->
		<mark id="sSpan25" xlink:href="#sTok6"/>
		<!--ⲉⲧ ⲱϭⲉ-->
		<mark id="sSpan26" xlink:href="#sTok6 #sTok7"/>
		<!--ⲉⲧ ⲱϭⲉ-->
		<mark id="sSpan27" xlink:href="#sTok6 #sTok7"/>
		<!--ⲱϭⲉ-->
		<mark id="sSpan28" xlink:href="#sTok7"/>
		<!--ⲱϭⲉ-->
		<mark id="sSpan29" xlink:href="#sTok7"/>
		<!--·-->
		<mark id="sSpan30" xlink:href="#sTok8"/>
		<!--·-->
		<mark id="sSpan31" xlink:href="#sTok8"/>
		<!--·-->
		<mark id="sSpan32" xlink:href="#sTok8"/>
		<!--·-->
		<mark id="sSpan33" xlink:href="#sTok8"/>
		<!--ⲏ̄-->
		<mark id="sSpan34" xlink:href="#sTok9"/>
		<!--ⲏ̄-->
		<mark id="sSpan35" xlink:href="#sTok9"/>
		<!--ⲏ̄-->
		<mark id="sSpan36" xlink:href="#sTok9"/>
		<!--ⲏ̄-->
		<mark id="sSpan37" xlink:href="#sTok9"/>
		<!--ⲏ̄-->
		<mark id="sSpan38" xlink:href="#sTok9"/>
		<!--ⲏ̄ ⲉ ϫⲓ ⲉϩⲟⲩⲛ ⲉⲣⲟ ⲟⲩ ⲛ̄ ϩⲉⲛ ⲣⲱⲙⲉ ·-->
		<mark id="sSpan39" xlink:href="#sTok9 #sTok10 #sTok11 #sTok12 #sTok13 #sTok14 #sTok15 #sTok16 #sTok17 #sTok18"/>
		<!--ⲏ̄ ⲉ ϫⲓ ⲉϩⲟⲩⲛ ⲉⲣⲟ ⲟⲩ ⲛ̄ ϩⲉⲛ ⲣⲱⲙⲉ · ⲉ ⲩ ⲛⲁ ⲥⲟⲩⲛ ⲧⲉ ⲭⲁⲣⲓⲥ ⲙ̄ ⲡ ⲉⲛⲧ ⲁ ϥ ϯ ⲉⲟⲟⲩ ⲛⲁ ⲩ ⲡⲉ-->
		<mark id="sSpan40" xlink:href="#sTok9 #sTok10 #sTok11 #sTok12 #sTok13 #sTok14 #sTok15 #sTok16 #sTok17 #sTok18 #sTok19 #sTok20 #sTok21 #sTok22 #sTok23 #sTok24 #sTok25 #sTok26 #sTok27 #sTok28 #sTok29 #sTok30 #sTok31 #sTok32 #sTok33 #sTok34"/>
		<!--ⲉ-->
		<mark id="sSpan41" xlink:href="#sTok10"/>
		<!--ⲉ-->
		<mark id="sSpan42" xlink:href="#sTok10"/>
		<!--ⲉ ϫⲓ-->
		<mark id="sSpan43" xlink:href="#sTok10 #sTok11"/>
		<!--ⲉ ϫⲓ-->
		<mark id="sSpan44" xlink:href="#sTok10 #sTok11"/>
		<!--ϫⲓ-->
		<mark id="sSpan45" xlink:href="#sTok11"/>
		<!--ϫⲓ-->
		<mark id="sSpan46" xlink:href="#sTok11"/>
		<!--ϫⲓ ⲉϩⲟⲩⲛ ⲉⲣⲟ ⲟⲩ ⲛ̄-->
		<mark id="sSpan47" xlink:href="#sTok11 #sTok12 #sTok13 #sTok14 #sTok15"/>
		<!--ⲉϩⲟⲩⲛ-->
		<mark id="sSpan48" xlink:href="#sTok12"/>
		<!--ⲉϩⲟⲩⲛ-->
		<mark id="sSpan49" xlink:href="#sTok12"/>
		<!--ⲉϩⲟⲩⲛ-->
		<mark id="sSpan50" xlink:href="#sTok12"/>
		<!--ⲉϩⲟⲩⲛ-->
		<mark id="sSpan51" xlink:href="#sTok12"/>
		<!--ⲉⲣⲟ-->
		<mark id="sSpan52" xlink:href="#sTok13"/>
		<!--ⲉⲣⲟ-->
		<mark id="sSpan53" xlink:href="#sTok13"/>
		<!--ⲉⲣⲟ ⲟⲩ-->
		<mark id="sSpan54" xlink:href="#sTok13 #sTok14"/>
		<!--ⲉⲣⲟ ⲟⲩ-->
		<mark id="sSpan55" xlink:href="#sTok13 #sTok14"/>
		<!--ⲟⲩ-->
		<mark id="sSpan56" xlink:href="#sTok14"/>
		<!--ⲟⲩ-->
		<mark id="sSpan57" xlink:href="#sTok14"/>
		<!--ⲛ̄-->
		<mark id="sSpan58" xlink:href="#sTok15"/>
		<!--ⲛ̄-->
		<mark id="sSpan59" xlink:href="#sTok15"/>
		<!--ⲛ̄ ϩⲉⲛ ⲣⲱⲙⲉ-->
		<mark id="sSpan60" xlink:href="#sTok15 #sTok16 #sTok17"/>
		<!--ⲛ̄ ϩⲉⲛ ⲣⲱⲙⲉ-->
		<mark id="sSpan61" xlink:href="#sTok15 #sTok16 #sTok17"/>
		<!--ϩⲉⲛ-->
		<mark id="sSpan62" xlink:href="#sTok16"/>
		<!--ϩⲉⲛ-->
		<mark id="sSpan63" xlink:href="#sTok16"/>
		<!--ϩⲉⲛ ⲣⲱⲙⲉ-->
		<mark id="sSpan64" xlink:href="#sTok16 #sTok17"/>
		<!--ϩⲉⲛ ⲣⲱⲙⲉ · ⲉ ⲩ ⲛⲁ-->
		<mark id="sSpan65" xlink:href="#sTok16 #sTok17 #sTok18 #sTok19 #sTok20 #sTok21"/>
		<!--ⲣⲱⲙⲉ-->
		<mark id="sSpan66" xlink:href="#sTok17"/>
		<!--ⲣⲱⲙⲉ-->
		<mark id="sSpan67" xlink:href="#sTok17"/>
		<!--·-->
		<mark id="sSpan68" xlink:href="#sTok18"/>
		<!--·-->
		<mark id="sSpan69" xlink:href="#sTok18"/>
		<!--·-->
		<mark id="sSpan70" xlink:href="#sTok18"/>
		<!--·-->
		<mark id="sSpan71" xlink:href="#sTok18"/>
		<!--ⲉ-->
		<mark id="sSpan72" xlink:href="#sTok19"/>
		<!--ⲉ-->
		<mark id="sSpan73" xlink:href="#sTok19"/>
		<!--ⲉ ⲩ ⲛⲁ ⲥⲟⲩⲛ ⲧⲉ ⲭⲁⲣⲓⲥ-->
		<mark id="sSpan74" xlink:href="#sTok19 #sTok20 #sTok21 #sTok22 #sTok23 #sTok24"/>
		<!--ⲉ ⲩ ⲛⲁ ⲥⲟⲩⲛ ⲧⲉ ⲭⲁⲣⲓⲥ-->
		<mark id="sSpan75" xlink:href="#sTok19 #sTok20 #sTok21 #sTok22 #sTok23 #sTok24"/>
		<!--ⲉ ⲩ ⲛⲁ ⲥⲟⲩⲛ ⲧⲉ ⲭⲁⲣⲓⲥ ⲙ̄ ⲡ ⲉⲛⲧ ⲁ ϥ ϯ ⲉⲟⲟⲩ ⲛⲁ ⲩ ⲡⲉ-->
		<mark id="sSpan76" xlink:href="#sTok19 #sTok20 #sTok21 #sTok22 #sTok23 #sTok24 #sTok25 #sTok26 #sTok27 #sTok28 #sTok29 #sTok30 #sTok31 #sTok32 #sTok33 #sTok34"/>
		<!--ⲩ-->
		<mark id="sSpan77" xlink:href="#sTok20"/>
		<!--ⲩ-->
		<mark id="sSpan78" xlink:href="#sTok20"/>
		<!--ⲛⲁ-->
		<mark id="sSpan79" xlink:href="#sTok21"/>
		<!--ⲛⲁ-->
		<mark id="sSpan80" xlink:href="#sTok21"/>
		<!--ⲥⲟⲩⲛ-->
		<mark id="sSpan81" xlink:href="#sTok22"/>
		<!--ⲥⲟⲩⲛ-->
		<mark id="sSpan82" xlink:href="#sTok22"/>
		<!--ⲥⲟⲩⲛ ⲧⲉ ⲭⲁⲣⲓⲥ ⲙ̄-->
		<mark id="sSpan83" xlink:href="#sTok22 #sTok23 #sTok24 #sTok25"/>
		<!--ⲧⲉ-->
		<mark id="sSpan84" xlink:href="#sTok23"/>
		<!--ⲧⲉ-->
		<mark id="sSpan85" xlink:href="#sTok23"/>
		<!--ⲧⲉ ⲭⲁⲣⲓⲥ ⲙ̄ ⲡ ⲉⲛⲧ ⲁ ϥ ϯ ⲉⲟⲟⲩ ⲛⲁ ⲩ-->
		<mark id="sSpan86" xlink:href="#sTok23 #sTok24 #sTok25 #sTok26 #sTok27 #sTok28 #sTok29 #sTok30 #sTok31 #sTok32 #sTok33"/>
		<!--ⲭⲁⲣⲓⲥ-->
		<mark id="sSpan87" xlink:href="#sTok24"/>
		<!--ⲭⲁⲣⲓⲥ-->
		<mark id="sSpan88" xlink:href="#sTok24"/>
		<!--ⲭⲁⲣⲓⲥ-->
		<mark id="sSpan89" xlink:href="#sTok24"/>
		<!--ⲙ̄-->
		<mark id="sSpan90" xlink:href="#sTok25"/>
		<!--ⲙ̄-->
		<mark id="sSpan91" xlink:href="#sTok25"/>
		<!--ⲙ̄ ⲡ ⲉⲛⲧ ⲁ ϥ ϯ ⲉⲟⲟⲩ-->
		<mark id="sSpan92" xlink:href="#sTok25 #sTok26 #sTok27 #sTok28 #sTok29 #sTok30 #sTok31"/>
		<!--ⲙ̄ ⲡ ⲉⲛⲧ ⲁ ϥ ϯ ⲉⲟⲟⲩ-->
		<mark id="sSpan93" xlink:href="#sTok25 #sTok26 #sTok27 #sTok28 #sTok29 #sTok30 #sTok31"/>
		<!--ⲡ-->
		<mark id="sSpan94" xlink:href="#sTok26"/>
		<!--ⲡ-->
		<mark id="sSpan95" xlink:href="#sTok26"/>
		<!--ⲡ ⲉⲛⲧ ⲁ ϥ ϯ ⲉⲟⲟⲩ-->
		<mark id="sSpan96" xlink:href="#sTok26 #sTok27 #sTok28 #sTok29 #sTok30 #sTok31"/>
		<!--ⲡ ⲉⲛⲧ ⲁ ϥ ϯ ⲉⲟⲟⲩ ⲛⲁ ⲩ-->
		<mark id="sSpan97" xlink:href="#sTok26 #sTok27 #sTok28 #sTok29 #sTok30 #sTok31 #sTok32 #sTok33"/>
		<!--ⲉⲛⲧ-->
		<mark id="sSpan98" xlink:href="#sTok27"/>
		<!--ⲉⲛⲧ-->
		<mark id="sSpan99" xlink:href="#sTok27"/>
		<!--ⲁ-->
		<mark id="sSpan100" xlink:href="#sTok28"/>
		<!--ⲁ-->
		<mark id="sSpan101" xlink:href="#sTok28"/>
		<!--ϥ-->
		<mark id="sSpan102" xlink:href="#sTok29"/>
		<!--ϥ-->
		<mark id="sSpan103" xlink:href="#sTok29"/>
		<!--ϯ-->
		<mark id="sSpan104" xlink:href="#sTok30"/>
		<!--ϯ ⲉⲟⲟⲩ-->
		<mark id="sSpan105" xlink:href="#sTok30 #sTok31"/>
		<!--ϯ ⲉⲟⲟⲩ-->
		<mark id="sSpan106" xlink:href="#sTok30 #sTok31"/>
		<!--ⲉⲟⲟⲩ-->
		<mark id="sSpan107" xlink:href="#sTok31"/>
		<!--ⲛⲁ-->
		<mark id="sSpan108" xlink:href="#sTok32"/>
		<!--ⲛⲁ-->
		<mark id="sSpan109" xlink:href="#sTok32"/>
		<!--ⲛⲁ ⲩ-->
		<mark id="sSpan110" xlink:href="#sTok32 #sTok33"/>
		<!--ⲛⲁ ⲩ-->
		<mark id="sSpan111" xlink:href="#sTok32 #sTok33"/>
		<!--ⲛⲁ ⲩ ⲡⲉ-->
		<mark id="sSpan112" xlink:href="#sTok32 #sTok33 #sTok34"/>
		<!--ⲩ-->
		<mark id="sSpan113" xlink:href="#sTok33"/>
		<!--ⲩ-->
		<mark id="sSpan114" xlink:href="#sTok33"/>
		<!--ⲡⲉ-->
		<mark id="sSpan115" xlink:href="#sTok34"/>
		<!--ⲡⲉ-->
		<mark id="sSpan116" xlink:href="#sTok34"/>
		<!--ⲡⲉ-->
		<mark id="sSpan117" xlink:href="#sTok34"/>
		<!--ⲡⲉ-->
		<mark id="sSpan118" xlink:href="#sTok34"/>
		<!--ⲡⲉ-->
		<mark id="sSpan119" xlink:href="#sTok34"/></markList></paula>