<?xml version='1.0' encoding='UTF-8'?><!DOCTYPE paula SYSTEM "paula_feat.dtd">
<paula version="1.1">
	<header paula_id="scriptorium.AP.001.n135.mother.mark_lemma"/>
	<featList xmlns:xlink="http://www.w3.org/1999/xlink" type="lemma" xml:base="scriptorium.AP.001.n135.mother.mark.xml">
		<feat xlink:href="#sSpan1" value="unknown"/>
		<feat xlink:href="#sSpan12" value="ⲉⲣⲉ"/>
		<feat xlink:href="#sSpan16" value="ⲛⲧⲟϥ"/>
		<feat xlink:href="#sSpan19" value="ϫⲱ"/>
		<feat xlink:href="#sSpan21" value="ⲛ"/>
		<feat xlink:href="#sSpan25" value="ⲛⲧⲟⲥ"/>
		<feat xlink:href="#sSpan28" value="."/>
		<feat xlink:href="#sSpan32" value="ϫⲉ"/>
		<feat xlink:href="#sSpan37" value="ⲉⲣⲉ"/>
		<feat xlink:href="#sSpan39" value="ⲁⲛⲟⲕ"/>
		<feat xlink:href="#sSpan41" value="ⲟⲩⲱϣ"/>
		<feat xlink:href="#sSpan43" value="ⲉ"/>
		<feat xlink:href="#sSpan47" value="ⲧⲟⲩϫⲟ"/>
		<feat xlink:href="#sSpan50" value="ⲡⲁ"/>
		<feat xlink:href="#sSpan54" value="ⲯⲩⲭⲏ"/>
		<feat xlink:href="#sSpan57" value="."/>
		<feat xlink:href="#sSpan62" value="ⲛⲧⲟⲥ"/>
		<feat xlink:href="#sSpan71" value="ⲇⲉ"/>
		<feat xlink:href="#sSpan75" value="ⲁ"/>
		<feat xlink:href="#sSpan79" value="ⲛⲧⲟⲥ"/>
		<feat xlink:href="#sSpan81" value="ϩⲓⲥⲉ"/>
		<feat xlink:href="#sSpan83" value="ⲉⲣⲉ"/>
		<feat xlink:href="#sSpan87" value="ⲛⲧⲟⲥ"/>
		<feat xlink:href="#sSpan89" value="ϣⲱϣⲧ"/>
		<feat xlink:href="#sSpan92" value="ⲛ"/>
		<feat xlink:href="#sSpan96" value="ⲛⲧⲟϥ"/>
		<feat xlink:href="#sSpan98" value="ⲙⲡⲉ"/>
		<feat xlink:href="#sSpan103" value="ⲛⲧⲟⲥ"/>
		<feat xlink:href="#sSpan105" value="ϣ"/>
		<feat xlink:href="#sSpan107" value="ϭⲙϭⲟⲙ"/>
		<feat xlink:href="#sSpan109" value="ⲉ"/>
		<feat xlink:href="#sSpan113" value="ⲛⲧⲟϥ"/>
		<feat xlink:href="#sSpan115" value="ⲙⲛⲛⲥⲁ"/>
		<feat xlink:href="#sSpan123" value="ⲛⲧⲟⲥ"/>
		<feat xlink:href="#sSpan125" value="ⲁ"/>
		<feat xlink:href="#sSpan129" value="ⲛⲧⲟⲥ"/>
		<feat xlink:href="#sSpan131" value="ⲕⲱ"/>
		<feat xlink:href="#sSpan133" value="ⲛⲧⲟϥ"/>
		<feat xlink:href="#sSpan135" value="ⲉⲃⲟⲗ"/>
		<feat xlink:href="#sSpan142" value="."/>
		<feat xlink:href="#sSpan146" value="ⲛⲧⲉⲣⲉ"/>
		<feat xlink:href="#sSpan153" value="ⲛⲧⲟϥ"/>
		<feat xlink:href="#sSpan156" value="ⲃⲱⲕ"/>
		<feat xlink:href="#sSpan160" value="ⲇⲉ"/>
		<feat xlink:href="#sSpan164" value="ⲛⲧⲉ"/>
		<feat xlink:href="#sSpan168" value="ⲛⲧⲟϥ"/>
		<feat xlink:href="#sSpan171" value="ⲣⲙⲟⲛⲁⲭⲟⲥ"/>
		<feat xlink:href="#sSpan176" value="ⲁ"/>
		<feat xlink:href="#sSpan180" value="ⲛⲧⲟϥ"/>
		<feat xlink:href="#sSpan182" value="ϣⲱⲡⲉ"/>
		<feat xlink:href="#sSpan184" value="ϩⲛ"/>
		<feat xlink:href="#sSpan188" value="ⲟⲩ"/>
		<feat xlink:href="#sSpan192" value="ⲁⲙⲉⲗⲓⲁ"/>
		<feat xlink:href="#sSpan196" value="."/>
		<feat xlink:href="#sSpan200" value="ⲁⲩⲱ"/>
		<feat xlink:href="#sSpan204" value="ⲁ"/>
		<feat xlink:href="#sSpan208" value="ⲛⲧⲟϥ"/>
		<feat xlink:href="#sSpan210" value="ϫⲟ"/>
		<feat xlink:href="#sSpan213" value="ⲡⲉϥ"/>
		<feat xlink:href="#sSpan216" value="ⲁϩⲉ"/>
		<feat xlink:href="#sSpan218" value="ⲉⲃⲟⲗ"/>
		<feat xlink:href="#sSpan223" value="ⲕⲁⲕⲱⲥ"/>
		<feat xlink:href="#sSpan229" value="."/>
		<feat xlink:href="#sSpan233" value="ⲁ"/>
		<feat xlink:href="#sSpan240" value="ⲛⲧⲟⲥ"/>
		<feat xlink:href="#sSpan242" value="ϣⲱⲡⲉ"/>
		<feat xlink:href="#sSpan247" value="ⲇⲉ"/>
		<feat xlink:href="#sSpan251" value="ⲛⲧⲉⲣⲉ"/>
		<feat xlink:href="#sSpan255" value="ⲡⲉϥ"/>
		<feat xlink:href="#sSpan258" value="ⲙⲁⲁⲩ"/>
		<feat xlink:href="#sSpan260" value="ⲙⲟⲩ"/>
		<feat xlink:href="#sSpan265" value="."/>
		<feat xlink:href="#sSpan269" value="ⲙⲛⲛⲥⲁ"/>
		<feat xlink:href="#sSpan273" value="ⲟⲩⲟⲉⲓϣ"/>
		<feat xlink:href="#sSpan277" value="ⲇⲉ"/>
		<feat xlink:href="#sSpan282" value="ⲁ"/>
		<feat xlink:href="#sSpan286" value="ⲛⲧⲟϥ"/>
		<feat xlink:href="#sSpan288" value="ϣⲱⲛⲉ"/>
		<feat xlink:href="#sSpan290" value="ϩⲛ"/>
		<feat xlink:href="#sSpan294" value="ⲟⲩ"/>
		<feat xlink:href="#sSpan297" value="ⲛⲟϭ"/>
		<feat xlink:href="#sSpan299" value="ⲛ"/>
		<feat xlink:href="#sSpan304" value="ϣⲱⲛⲉ"/>
		<feat xlink:href="#sSpan307" value="."/>
		<feat xlink:href="#sSpan312" value="ϩⲱⲥⲧⲉ"/>
		<feat xlink:href="#sSpan316" value="ⲛⲧⲉ"/>
		<feat xlink:href="#sSpan321" value="ⲛⲧⲟϥ"/>
		<feat xlink:href="#sSpan323" value="ϣⲱⲡⲉ"/>
		<feat xlink:href="#sSpan325" value="ϩⲛ"/>
		<feat xlink:href="#sSpan329" value="ⲟⲩ"/>
		<feat xlink:href="#sSpan333" value="ⲉⲕⲥⲧⲁⲥⲓⲥ"/>
		<feat xlink:href="#sSpan336" value="ⲉ"/>
		<feat xlink:href="#sSpan340" value="ⲧⲣⲉ"/>
		<feat xlink:href="#sSpan342" value="ⲛⲧⲟⲟⲩ"/>
		<feat xlink:href="#sSpan344" value="ⲧⲱⲣⲡ"/>
		<feat xlink:href="#sSpan346" value="ⲛⲧⲟϥ"/>
		<feat xlink:href="#sSpan348" value="ⲉ"/>
		<feat xlink:href="#sSpan352" value="ⲡ"/>
		<feat xlink:href="#sSpan357" value="ⲕⲣⲓⲥⲓⲥ"/>
		<feat xlink:href="#sSpan360" value="."/>
		<feat xlink:href="#sSpan364" value="ⲁⲩⲱ"/>
		<feat xlink:href="#sSpan371" value="ⲁ"/>
		<feat xlink:href="#sSpan376" value="ⲛⲧⲟϥ"/>
		<feat xlink:href="#sSpan378" value="ϭⲓⲛⲉ"/>
		<feat xlink:href="#sSpan380" value="ⲛ"/>
		<feat xlink:href="#sSpan384" value="ⲡⲉϥ"/>
		<feat xlink:href="#sSpan387" value="ⲙⲁⲁⲩ"/>
		<feat xlink:href="#sSpan389" value="ⲙⲙⲁⲩ"/>
		<feat xlink:href="#sSpan394" value="ⲙⲛ"/>
		<feat xlink:href="#sSpan398" value="ⲡ"/>
		<feat xlink:href="#sSpan401" value="ⲉⲧⲉ"/>
		<feat xlink:href="#sSpan403" value="ⲛⲧⲟⲟⲩ"/>
		<feat xlink:href="#sSpan406" value="ⲕⲣⲓⲛⲉ"/>
		<feat xlink:href="#sSpan409" value="ⲛ"/>
		<feat xlink:href="#sSpan413" value="ⲛⲧⲟⲟⲩ"/>
		<feat xlink:href="#sSpan416" value="."/>
		<feat xlink:href="#sSpan421" value="ⲛⲧⲟⲥ"/>
		<feat xlink:href="#sSpan430" value="ⲇⲉ"/>
		<feat xlink:href="#sSpan434" value="ⲛⲧⲉⲣⲉ"/>
		<feat xlink:href="#sSpan438" value="ⲛⲧⲟⲥ"/>
		<feat xlink:href="#sSpan440" value="ⲛⲁⲩ"/>
		<feat xlink:href="#sSpan442" value="ⲉ"/>
		<feat xlink:href="#sSpan447" value="ⲛⲧⲟϥ"/>
		<feat xlink:href="#sSpan449" value="ⲁ"/>
		<feat xlink:href="#sSpan453" value="ⲛⲧⲟⲥ"/>
		<feat xlink:href="#sSpan455" value="ⲡⲱϣⲥ"/>
		<feat xlink:href="#sSpan457" value="."/>
		<feat xlink:href="#sSpan461" value="ⲁⲩⲱ"/>
		<feat xlink:href="#sSpan468" value="ⲡⲉϫⲉ"/>
		<feat xlink:href="#sSpan473" value="ⲛⲧⲟⲥ"/>
		<feat xlink:href="#sSpan475" value="ⲛⲁ"/>
		<feat xlink:href="#sSpan479" value="ⲛⲧⲟϥ"/>
		<feat xlink:href="#sSpan481" value="."/>
		<feat xlink:href="#sSpan485" value="ϫⲉ"/>
		<feat xlink:href="#sSpan489" value="ⲟⲩ"/>
		<feat xlink:href="#sSpan491" value="ⲡⲉ"/>
		<feat xlink:href="#sSpan496" value="ⲡⲁⲓ"/>
		<feat xlink:href="#sSpan501" value="ⲡⲁ"/>
		<feat xlink:href="#sSpan506" value="ϣⲏⲣⲉ"/>
		<feat xlink:href="#sSpan508" value="ⲉ"/>
		<feat xlink:href="#sSpan512" value="ⲧⲣⲉ"/>
		<feat xlink:href="#sSpan515" value="ⲛⲧⲟⲕ"/>
		<feat xlink:href="#sSpan517" value="ⲉⲓ"/>
		<feat xlink:href="#sSpan519" value="ϩⲱⲱ"/>
		<feat xlink:href="#sSpan523" value="ⲛⲧⲟⲕ"/>
		<feat xlink:href="#sSpan525" value="ⲉ"/>
		<feat xlink:href="#sSpan529" value="ⲡⲉⲓ"/>
		<feat xlink:href="#sSpan532" value="ⲙⲁ"/>
		<feat xlink:href="#sSpan535" value="ϩⲱⲥⲧⲉ"/>
		<feat xlink:href="#sSpan540" value="ⲉ"/>
		<feat xlink:href="#sSpan544" value="ⲧⲣⲉ"/>
		<feat xlink:href="#sSpan546" value="ⲛⲧⲟⲟⲩ"/>
		<feat xlink:href="#sSpan549" value="ⲕⲣⲓⲛⲉ"/>
		<feat xlink:href="#sSpan551" value="ⲛ"/>
		<feat xlink:href="#sSpan556" value="ⲛⲧⲟⲕ"/>
		<feat xlink:href="#sSpan558" value="ϩⲱⲱ"/>
		<feat xlink:href="#sSpan562" value="ⲛⲧⲟⲕ"/>
		<feat xlink:href="#sSpan565" value="."/>
		<feat xlink:href="#sSpan570" value="ⲉⲣⲉ"/>
		<feat xlink:href="#sSpan578" value="ⲛⲧⲟⲟⲩ"/>
		<feat xlink:href="#sSpan580" value="ⲧⲱⲛ"/>
		<feat xlink:href="#sSpan582" value="ⲡⲉⲕ"/>
		<feat xlink:href="#sSpan587" value="ϣⲁϫⲉ"/>
		<feat xlink:href="#sSpan589" value="ⲉⲧⲉⲣⲉ"/>
		<feat xlink:href="#sSpan594" value="ⲛⲧⲟⲕ"/>
		<feat xlink:href="#sSpan596" value="ϫⲱ"/>
		<feat xlink:href="#sSpan598" value="ⲛ"/>
		<feat xlink:href="#sSpan602" value="ⲛⲧⲟⲟⲩ"/>
		<feat xlink:href="#sSpan604" value="ϫⲉ"/>
		<feat xlink:href="#sSpan608" value="ⲉⲣⲉ"/>
		<feat xlink:href="#sSpan611" value="ⲁⲛⲟⲕ"/>
		<feat xlink:href="#sSpan613" value="ⲟⲩⲱϣ"/>
		<feat xlink:href="#sSpan615" value="ⲉ"/>
		<feat xlink:href="#sSpan619" value="ⲧⲟⲩϫⲟ"/>
		<feat xlink:href="#sSpan621" value="ⲡⲁ"/>
		<feat xlink:href="#sSpan625" value="ⲯⲩⲭⲏ"/>
		<feat xlink:href="#sSpan629" value="."/>
		<feat xlink:href="#sSpan633" value="ⲁ"/>
		<feat xlink:href="#sSpan640" value="ⲛⲧⲟϥ"/>
		<feat xlink:href="#sSpan642" value="ϣⲓⲡⲉ"/>
		<feat xlink:href="#sSpan646" value="ⲇⲉ"/>
		<feat xlink:href="#sSpan651" value="ⲉϫⲛ"/>
		<feat xlink:href="#sSpan655" value="ⲡ"/>
		<feat xlink:href="#sSpan660" value="ⲉⲧⲉⲣⲉ"/>
		<feat xlink:href="#sSpan662" value="ⲁ"/>
		<feat xlink:href="#sSpan664" value="ⲛⲧⲟϥ"/>
		<feat xlink:href="#sSpan666" value="ⲥⲱⲧⲙ"/>
		<feat xlink:href="#sSpan669" value="ⲛⲧⲟⲟⲩ"/>
		<feat xlink:href="#sSpan671" value="ⲁ"/>
		<feat xlink:href="#sSpan678" value="ⲛⲧⲟϥ"/>
		<feat xlink:href="#sSpan680" value="ⲱϩⲉ"/>
		<feat xlink:href="#sSpan682" value="ⲣⲁⲧ"/>
		<feat xlink:href="#sSpan684" value="ⲛⲧⲟϥ"/>
		<feat xlink:href="#sSpan686" value="ⲉⲣⲉ"/>
		<feat xlink:href="#sSpan690" value="ⲛⲧⲟϥ"/>
		<feat xlink:href="#sSpan692" value="ⲱⲕⲙ"/>
		<feat xlink:href="#sSpan696" value="."/>
		<feat xlink:href="#sSpan700" value="ⲉⲣⲉ"/>
		<feat xlink:href="#sSpan704" value="ⲙⲛⲧⲁ"/>
		<feat xlink:href="#sSpan706" value="ⲛⲧⲟϥ"/>
		<feat xlink:href="#sSpan708" value="ⲗⲁⲁⲩ"/>
		<feat xlink:href="#sSpan713" value="ⲛ"/>
		<feat xlink:href="#sSpan719" value="ⲁⲡⲟⲗⲟⲅⲓⲁ"/>
		<feat xlink:href="#sSpan721" value="ⲉ"/>
		<feat xlink:href="#sSpan725" value="ϫⲱ"/>
		<feat xlink:href="#sSpan727" value="ⲛⲁ"/>
		<feat xlink:href="#sSpan734" value="ⲛⲧⲟⲥ"/>
		<feat xlink:href="#sSpan737" value="."/>
		<feat xlink:href="#sSpan742" value="ⲕⲁⲧⲁ"/>
		<feat xlink:href="#sSpan749" value="ⲟⲩ"/>
		<feat xlink:href="#sSpan753" value="ⲟⲓⲕⲟⲛⲟⲙⲓⲁ"/>
		<feat xlink:href="#sSpan758" value="ⲇⲉ"/>
		<feat xlink:href="#sSpan762" value="ⲛⲧⲉ"/>
		<feat xlink:href="#sSpan767" value="ⲡ"/>
		<feat xlink:href="#sSpan772" value="ⲛⲟⲩⲧⲉ"/>
		<feat xlink:href="#sSpan775" value="ⲡ"/>
		<feat xlink:href="#sSpan780" value="ⲙⲁⲓⲣⲱⲙⲉ"/>
		<feat xlink:href="#sSpan786" value=".."/>
		<feat xlink:href="#sSpan791" value="ϣⲱⲡⲉ"/>
		<feat xlink:href="#sSpan795" value="ⲉ"/>
		<feat xlink:href="#sSpan799" value="ⲧⲣⲉ"/>
		<feat xlink:href="#sSpan801" value="ⲛⲧⲟϥ"/>
		<feat xlink:href="#sSpan803" value="ⲗⲁϭⲉ"/>
		<feat xlink:href="#sSpan807" value="ⲛ"/>
		<feat xlink:href="#sSpan811" value="ⲡ"/>
		<feat xlink:href="#sSpan814" value="ϣⲱⲛⲉ"/>
		<feat xlink:href="#sSpan816" value="ⲙⲛⲛⲥⲁ"/>
		<feat xlink:href="#sSpan820" value="ⲉ"/>
		<feat xlink:href="#sSpan826" value="ⲧⲣⲉ"/>
		<feat xlink:href="#sSpan828" value="ⲛⲧⲟϥ"/>
		<feat xlink:href="#sSpan830" value="ⲛⲁⲩ"/>
		<feat xlink:href="#sSpan836" value="....."/>
		<feat xlink:href="#sSpan840" value="ⲛⲟⲓ"/>
		<feat xlink:href="#sSpan845" value="ϩⲛ"/>
		<feat xlink:href="#sSpan849" value="ⲡⲉϥ"/>
		<feat xlink:href="#sSpan854" value="...."/>
		<feat xlink:href="#sSpan858" value="ⲉⲧⲉⲣⲉ"/>
		<feat xlink:href="#sSpan866" value="ⲁ"/>
		<feat xlink:href="#sSpan868" value="ⲡⲉⲓ"/>
		<feat xlink:href="#sSpan872" value="ϭⲙϣⲓⲛⲉ"/>
		<feat xlink:href="#sSpan876" value="ϣⲱⲡⲉ"/>
		<feat xlink:href="#sSpan881" value="ⲛ"/>
		<feat xlink:href="#sSpan888" value=".."/>
		<feat xlink:href="#sSpan893" value="ⲉⲃⲟⲗ"/>
		<feat xlink:href="#sSpan897" value="ϩⲓⲧⲛ"/>
		<feat xlink:href="#sSpan902" value="ⲡ"/>
		<feat xlink:href="#sSpan907" value="ⲛⲟⲩⲧⲉ"/>
		<feat xlink:href="#sSpan911" value="."/>
		<feat xlink:href="#sSpan916" value="ⲁ"/>
		<feat xlink:href="#sSpan921" value="ⲛⲧⲟϥ"/>
		<feat xlink:href="#sSpan923" value="ⲱⲧⲡ"/>
		<feat xlink:href="#sSpan925" value="ⲛⲧⲟϥ"/>
		<feat xlink:href="#sSpan928" value="ϭⲉ"/>
		<feat xlink:href="#sSpan933" value="ⲉϩⲟⲩⲛ"/>
		<feat xlink:href="#sSpan937" value="ⲙⲁⲩⲁⲁ"/>
		<feat xlink:href="#sSpan942" value="ⲛⲧⲟϥ"/>
		<feat xlink:href="#sSpan945" value="."/>
		<feat xlink:href="#sSpan949" value="ⲙⲛⲛⲥⲁ"/>
		<feat xlink:href="#sSpan956" value="ⲛⲧⲟⲥ"/>
		<feat xlink:href="#sSpan958" value="ⲁ"/>
		<feat xlink:href="#sSpan962" value="ⲛⲧⲟϥ"/>
		<feat xlink:href="#sSpan964" value="ϩⲙⲟⲟⲥ"/>
		<feat xlink:href="#sSpan967" value="ⲉϩⲣⲁⲓ"/>
		<feat xlink:href="#sSpan971" value="ⲉⲣⲉ"/>
		<feat xlink:href="#sSpan975" value="ⲛⲧⲟϥ"/>
		<feat xlink:href="#sSpan979" value="ⲫⲣⲟⲛⲧⲓⲍⲉ"/>
		<feat xlink:href="#sSpan982" value="ⲉ"/>
		<feat xlink:href="#sSpan986" value="ⲡⲉϥ"/>
		<feat xlink:href="#sSpan989" value="ⲟⲩϫⲁⲓ"/>
		<feat xlink:href="#sSpan992" value="."/>
		<feat xlink:href="#sSpan997" value="ⲁⲩⲱ"/>
		<feat xlink:href="#sSpan1002" value="ⲉⲣⲉ"/>
		<feat xlink:href="#sSpan1006" value="ⲛⲧⲟϥ"/>
		<feat xlink:href="#sSpan1008" value="ⲣⲓⲙⲉ"/>
		<feat xlink:href="#sSpan1010" value="ⲉϫⲛ"/>
		<feat xlink:href="#sSpan1014" value="ⲡ"/>
		<feat xlink:href="#sSpan1017" value="ⲉⲧⲉⲣⲉ"/>
		<feat xlink:href="#sSpan1020" value="ⲁ"/>
		<feat xlink:href="#sSpan1022" value="ⲛⲧⲟϥ"/>
		<feat xlink:href="#sSpan1024" value="ⲉⲓⲣⲉ"/>
		<feat xlink:href="#sSpan1026" value="ⲛⲧⲟⲟⲩ"/>
		<feat xlink:href="#sSpan1028" value="ϩⲛ"/>
		<feat xlink:href="#sSpan1032" value="ⲛⲧⲟⲟⲩ"/>
		<feat xlink:href="#sSpan1036" value="ⲙⲛⲧⲁⲙⲉⲗⲏⲥ"/>
		<feat xlink:href="#sSpan1041" value="ⲛ"/>
		<feat xlink:href="#sSpan1045" value="ϣⲟⲣⲡ"/>
		<feat xlink:href="#sSpan1048" value="."/>
		<feat xlink:href="#sSpan1053" value="ⲁ"/>
		<feat xlink:href="#sSpan1061" value="ⲟⲩ"/>
		<feat xlink:href="#sSpan1064" value="ⲧⲱⲃⲥ"/>
		<feat xlink:href="#sSpan1066" value="ϣⲱⲡⲉ"/>
		<feat xlink:href="#sSpan1070" value="ⲛⲁ"/>
		<feat xlink:href="#sSpan1074" value="ⲛⲧⲟϥ"/>
		<feat xlink:href="#sSpan1076" value="ⲛ"/>
		<feat xlink:href="#sSpan1080" value="ⲡⲉⲓ"/>
		<feat xlink:href="#sSpan1084" value="ϭⲟⲧ"/>
		<feat xlink:href="#sSpan1087" value="."/>
		<feat xlink:href="#sSpan1092" value="ϩⲱⲥⲧⲉ"/>
		<feat xlink:href="#sSpan1096" value="ⲉ"/>
		<feat xlink:href="#sSpan1100" value="ⲧⲣⲉ"/>
		<feat xlink:href="#sSpan1103" value="ⲟⲩ"/>
		<feat xlink:href="#sSpan1106" value="ⲙⲏⲏϣⲉ"/>
		<feat xlink:href="#sSpan1109" value="ⲡⲁⲣⲁⲕⲁⲗⲉⲓ"/>
		<feat xlink:href="#sSpan1114" value="ⲛ"/>
		<feat xlink:href="#sSpan1118" value="ⲛⲧⲟϥ"/>
		<feat xlink:href="#sSpan1120" value="ⲉ"/>
		<feat xlink:href="#sSpan1124" value="ⲧⲣⲉ"/>
		<feat xlink:href="#sSpan1126" value="ⲛⲧⲟϥ"/>
		<feat xlink:href="#sSpan1129" value="ϯⲙⲧⲟⲛ"/>
		<feat xlink:href="#sSpan1133" value="ⲛⲁ"/>
		<feat xlink:href="#sSpan1137" value="ⲛⲧⲟϥ"/>
		<feat xlink:href="#sSpan1139" value="ⲛ"/>
		<feat xlink:href="#sSpan1143" value="ⲟⲩ"/>
		<feat xlink:href="#sSpan1145" value="ⲕⲟⲩⲓ"/>
		<feat xlink:href="#sSpan1147" value="ϫⲉ"/>
		<feat xlink:href="#sSpan1151" value="ⲛⲛⲉ"/>
		<feat xlink:href="#sSpan1154" value="ⲛⲧⲟϥ"/>
		<feat xlink:href="#sSpan1156" value="ϣⲱϭⲉ"/>
		<feat xlink:href="#sSpan1158" value="ϩⲓⲧⲛ"/>
		<feat xlink:href="#sSpan1162" value="ⲡ"/>
		<feat xlink:href="#sSpan1165" value="ⲁϣⲁⲓ"/>
		<feat xlink:href="#sSpan1168" value="ⲛ"/>
		<feat xlink:href="#sSpan1172" value="ⲡ"/>
		<feat xlink:href="#sSpan1175" value="ⲣⲓⲙⲉ"/>
		<feat xlink:href="#sSpan1178" value="."/>
		<feat xlink:href="#sSpan1183" value="ⲛⲧⲟϥ"/>
		<feat xlink:href="#sSpan1192" value="ⲇⲉ"/>
		<feat xlink:href="#sSpan1196" value="ⲙⲡⲉ"/>
		<feat xlink:href="#sSpan1200" value="ⲛⲧⲟϥ"/>
		<feat xlink:href="#sSpan1202" value="ⲟⲩⲱϣ"/>
		<feat xlink:href="#sSpan1204" value="ⲉ"/>
		<feat xlink:href="#sSpan1209" value="ⲥⲟⲗⲥⲗ"/>
		<feat xlink:href="#sSpan1211" value="ⲛⲧⲟϥ"/>
		<feat xlink:href="#sSpan1213" value="ⲉⲣⲉ"/>
		<feat xlink:href="#sSpan1217" value="ⲛⲧⲟϥ"/>
		<feat xlink:href="#sSpan1219" value="ϫⲱ"/>
		<feat xlink:href="#sSpan1221" value="ⲛ"/>
		<feat xlink:href="#sSpan1226" value="ⲛⲧⲟⲥ"/>
		<feat xlink:href="#sSpan1228" value="."/>
		<feat xlink:href="#sSpan1232" value="ϫⲉ"/>
		<feat xlink:href="#sSpan1236" value="ⲉϣϫⲉ"/>
		<feat xlink:href="#sSpan1238" value="ⲙⲡⲉ"/>
		<feat xlink:href="#sSpan1243" value="ⲁⲛⲟⲕ"/>
		<feat xlink:href="#sSpan1245" value="ϣ"/>
		<feat xlink:href="#sSpan1247" value="ϭⲙϭⲟⲙ"/>
		<feat xlink:href="#sSpan1249" value="ⲉ"/>
		<feat xlink:href="#sSpan1253" value="ⲧⲱⲟⲩⲛ"/>
		<feat xlink:href="#sSpan1256" value="ϩⲁ"/>
		<feat xlink:href="#sSpan1261" value="ⲡ"/>
		<feat xlink:href="#sSpan1264" value="ⲛⲟϭⲛⲉϭ"/>
		<feat xlink:href="#sSpan1266" value="ⲛ"/>
		<feat xlink:href="#sSpan1270" value="ⲡⲁ"/>
		<feat xlink:href="#sSpan1273" value="ⲙⲁⲁⲩ"/>
		<feat xlink:href="#sSpan1277" value="."/>
		<feat xlink:href="#sSpan1281" value="ⲛ"/>
		<feat xlink:href="#sSpan1285" value="ⲁϣ"/>
		<feat xlink:href="#sSpan1287" value="ⲛ"/>
		<feat xlink:href="#sSpan1291" value="ϩⲉ"/>
		<feat xlink:href="#sSpan1294" value="ⲉⲣⲉ"/>
		<feat xlink:href="#sSpan1298" value="ⲁⲛⲟⲕ"/>
		<feat xlink:href="#sSpan1300" value="ⲛⲁ"/>
		<feat xlink:href="#sSpan1302" value="ϣ"/>
		<feat xlink:href="#sSpan1305" value="ⲧⲱⲟⲩⲛ"/>
		<feat xlink:href="#sSpan1308" value="ϩⲁ"/>
		<feat xlink:href="#sSpan1312" value="ⲡ"/>
		<feat xlink:href="#sSpan1315" value="ϣⲓⲡⲉ"/>
		<feat xlink:href="#sSpan1317" value="ⲛ"/>
		<feat xlink:href="#sSpan1322" value="ⲡ"/>
		<feat xlink:href="#sSpan1325" value="ϩⲟⲟⲩ"/>
		<feat xlink:href="#sSpan1327" value="ⲛ"/>
		<feat xlink:href="#sSpan1331" value="ⲡ"/>
		<feat xlink:href="#sSpan1335" value="ⲕⲣⲓⲥⲓⲥ"/>
		<feat xlink:href="#sSpan1337" value="ϩⲓ"/>
		<feat xlink:href="#sSpan1342" value="ⲡ"/>
		<feat xlink:href="#sSpan1345" value="ϩⲏ"/>
		<feat xlink:href="#sSpan1347" value="ⲛ"/>
		<feat xlink:href="#sSpan1351" value="ⲡ"/>
		<feat xlink:href="#sSpan1355" value="ⲭⲣⲓⲥⲧⲟⲥ"/>
		<feat xlink:href="#sSpan1357" value="ⲙⲛ"/>
		<feat xlink:href="#sSpan1361" value="ⲡⲉϥ"/>
		<feat xlink:href="#sSpan1365" value="ⲁⲅⲅⲉⲗⲟⲥ"/>
		<feat xlink:href="#sSpan1368" value="ⲧⲏⲣ"/>
		<feat xlink:href="#sSpan1372" value="ⲛⲧⲟⲟⲩ"/>
		<feat xlink:href="#sSpan1374" value="."/></featList></paula>