<?xml version='1.0' encoding='UTF-8'?><!DOCTYPE paula SYSTEM "paula_rel.dtd">
<paula version="1.1">
	<header paula_id="scriptorium.AP.001.n135.mother.head"/>
	<relList xmlns:xlink="http://www.w3.org/1999/xlink" type="head">
		<rel id="sPointingRel737" xlink:href="scriptorium.AP.001.n135.mother.mark.xml#sSpan1314" target="scriptorium.AP.001.n135.mother.mark.xml#sSpan1315"/>
		<rel id="sPointingRel739" xlink:href="scriptorium.AP.001.n135.mother.mark.xml#sSpan771" target="scriptorium.AP.001.n135.mother.mark.xml#sSpan772"/>
		<rel id="sPointingRel741" xlink:href="scriptorium.AP.001.n135.mother.mark.xml#sSpan354" target="scriptorium.AP.001.n135.mother.mark.xml#sSpan357"/>
		<rel id="sPointingRel743" xlink:href="scriptorium.AP.001.n135.mother.mark.xml#sSpan190" target="scriptorium.AP.001.n135.mother.mark.xml#sSpan192"/>
		<rel id="sPointingRel745" xlink:href="scriptorium.AP.001.n135.mother.mark.xml#sSpan1263" target="scriptorium.AP.001.n135.mother.mark.xml#sSpan1264"/>
		<rel id="sPointingRel747" xlink:href="scriptorium.AP.001.n135.mother.mark.xml#sSpan1105" target="scriptorium.AP.001.n135.mother.mark.xml#sSpan1106"/>
		<rel id="sPointingRel749" xlink:href="scriptorium.AP.001.n135.mother.mark.xml#sSpan904" target="scriptorium.AP.001.n135.mother.mark.xml#sSpan907"/>
		<rel id="sPointingRel751" xlink:href="scriptorium.AP.001.n135.mother.mark.xml#sSpan1344" target="scriptorium.AP.001.n135.mother.mark.xml#sSpan1345"/>
		<rel id="sPointingRel753" xlink:href="scriptorium.AP.001.n135.mother.mark.xml#sSpan386" target="scriptorium.AP.001.n135.mother.mark.xml#sSpan387"/>
		<rel id="sPointingRel755" xlink:href="scriptorium.AP.001.n135.mother.mark.xml#sSpan275" target="scriptorium.AP.001.n135.mother.mark.xml#sSpan273"/>
		<rel id="sPointingRel757" xlink:href="scriptorium.AP.001.n135.mother.mark.xml#sSpan503" target="scriptorium.AP.001.n135.mother.mark.xml#sSpan506"/>
		<rel id="sPointingRel759" xlink:href="scriptorium.AP.001.n135.mother.mark.xml#sSpan586" target="scriptorium.AP.001.n135.mother.mark.xml#sSpan587"/>
		<rel id="sPointingRel761" xlink:href="scriptorium.AP.001.n135.mother.mark.xml#sSpan215" target="scriptorium.AP.001.n135.mother.mark.xml#sSpan216"/>
		<rel id="sPointingRel763" xlink:href="scriptorium.AP.001.n135.mother.mark.xml#sSpan870" target="scriptorium.AP.001.n135.mother.mark.xml#sSpan872"/>
		<rel id="sPointingRel765" xlink:href="scriptorium.AP.001.n135.mother.mark.xml#sSpan1164" target="scriptorium.AP.001.n135.mother.mark.xml#sSpan1165"/>
		<rel id="sPointingRel767" xlink:href="scriptorium.AP.001.n135.mother.mark.xml#sSpan1034" target="scriptorium.AP.001.n135.mother.mark.xml#sSpan1036"/>
		<rel id="sPointingRel769" xlink:href="scriptorium.AP.001.n135.mother.mark.xml#sSpan498" target="scriptorium.AP.001.n135.mother.mark.xml#sSpan496"/>
		<rel id="sPointingRel771" xlink:href="scriptorium.AP.001.n135.mother.mark.xml#sSpan1272" target="scriptorium.AP.001.n135.mother.mark.xml#sSpan1273"/>
		<rel id="sPointingRel773" xlink:href="scriptorium.AP.001.n135.mother.mark.xml#sSpan1016" target="scriptorium.AP.001.n135.mother.mark.xml#sSpan1014"/>
		<rel id="sPointingRel775" xlink:href="scriptorium.AP.001.n135.mother.mark.xml#sSpan400" target="scriptorium.AP.001.n135.mother.mark.xml#sSpan398"/>
		<rel id="sPointingRel777" xlink:href="scriptorium.AP.001.n135.mother.mark.xml#sSpan257" target="scriptorium.AP.001.n135.mother.mark.xml#sSpan258"/>
		<rel id="sPointingRel779" xlink:href="scriptorium.AP.001.n135.mother.mark.xml#sSpan1353" target="scriptorium.AP.001.n135.mother.mark.xml#sSpan1355"/>
		<rel id="sPointingRel781" xlink:href="scriptorium.AP.001.n135.mother.mark.xml#sSpan988" target="scriptorium.AP.001.n135.mother.mark.xml#sSpan989"/>
		<rel id="sPointingRel783" xlink:href="scriptorium.AP.001.n135.mother.mark.xml#sSpan331" target="scriptorium.AP.001.n135.mother.mark.xml#sSpan333"/>
		<rel id="sPointingRel785" xlink:href="scriptorium.AP.001.n135.mother.mark.xml#sSpan712" target="scriptorium.AP.001.n135.mother.mark.xml#sSpan708"/>
		<rel id="sPointingRel787" xlink:href="scriptorium.AP.001.n135.mother.mark.xml#sSpan657" target="scriptorium.AP.001.n135.mother.mark.xml#sSpan655"/>
		<rel id="sPointingRel789" xlink:href="scriptorium.AP.001.n135.mother.mark.xml#sSpan751" target="scriptorium.AP.001.n135.mother.mark.xml#sSpan753"/>
		<rel id="sPointingRel791" xlink:href="scriptorium.AP.001.n135.mother.mark.xml#sSpan1174" target="scriptorium.AP.001.n135.mother.mark.xml#sSpan1175"/>
		<rel id="sPointingRel793" xlink:href="scriptorium.AP.001.n135.mother.mark.xml#sSpan296" target="scriptorium.AP.001.n135.mother.mark.xml#sSpan304"/>
		<rel id="sPointingRel795" xlink:href="scriptorium.AP.001.n135.mother.mark.xml#sSpan1363" target="scriptorium.AP.001.n135.mother.mark.xml#sSpan1365"/>
		<rel id="sPointingRel797" xlink:href="scriptorium.AP.001.n135.mother.mark.xml#sSpan1082" target="scriptorium.AP.001.n135.mother.mark.xml#sSpan1084"/>
		<rel id="sPointingRel799" xlink:href="scriptorium.AP.001.n135.mother.mark.xml#sSpan1324" target="scriptorium.AP.001.n135.mother.mark.xml#sSpan1325"/>
		<rel id="sPointingRel801" xlink:href="scriptorium.AP.001.n135.mother.mark.xml#sSpan813" target="scriptorium.AP.001.n135.mother.mark.xml#sSpan814"/>
		<rel id="sPointingRel803" xlink:href="scriptorium.AP.001.n135.mother.mark.xml#sSpan623" target="scriptorium.AP.001.n135.mother.mark.xml#sSpan625"/>
		<rel id="sPointingRel805" xlink:href="scriptorium.AP.001.n135.mother.mark.xml#sSpan531" target="scriptorium.AP.001.n135.mother.mark.xml#sSpan532"/>
		<rel id="sPointingRel807" xlink:href="scriptorium.AP.001.n135.mother.mark.xml#sSpan1333" target="scriptorium.AP.001.n135.mother.mark.xml#sSpan1335"/>
		<rel id="sPointingRel809" xlink:href="scriptorium.AP.001.n135.mother.mark.xml#sSpan1063" target="scriptorium.AP.001.n135.mother.mark.xml#sSpan1064"/>
		<rel id="sPointingRel811" xlink:href="scriptorium.AP.001.n135.mother.mark.xml#sSpan52" target="scriptorium.AP.001.n135.mother.mark.xml#sSpan54"/></relList></paula>