<?xml version='1.0' encoding='UTF-8'?><!DOCTYPE paula SYSTEM "paula_feat.dtd">
<paula version="1.1">
	<header paula_id="scriptorium.AP.001.n135.mother.mark_vid_n"/>
	<featList xmlns:xlink="http://www.w3.org/1999/xlink" type="vid_n" xml:base="scriptorium.AP.001.n135.mother.mark.xml">
		<feat xlink:href="#sSpan7" value="urn:cts:copticLit:ap.1.monbeg:1.2"/>
		<feat xlink:href="#sSpan69" value="urn:cts:copticLit:ap.1.monbeg:1.3"/>
		<feat xlink:href="#sSpan123" value="urn:cts:copticLit:ap.1.monbeg:1.4"/>
		<feat xlink:href="#sSpan154" value="urn:cts:copticLit:ap.1.monbeg:1.7"/>
		<feat xlink:href="#sSpan242" value="urn:cts:copticLit:ap.1.monbeg:1.6"/>
		<feat xlink:href="#sSpan374" value="urn:cts:copticLit:ap.1.monbeg:1.7"/>
		<feat xlink:href="#sSpan433" value="urn:cts:copticLit:ap.1.monbeg:1.8"/>
		<feat xlink:href="#sSpan473" value="urn:cts:copticLit:ap.1.monbeg:1.9"/>
		<feat xlink:href="#sSpan584" value="urn:cts:copticLit:ap.1.monbeg:1.10"/>
		<feat xlink:href="#sSpan647" value="urn:cts:copticLit:ap.1.monbeg:1.11"/>
		<feat xlink:href="#sSpan686" value="urn:cts:copticLit:ap.1.monbeg:1.12"/>
		<feat xlink:href="#sSpan758" value="urn:cts:copticLit:ap.1.monbeg:1.12"/>
		<feat xlink:href="#sSpan876" value="urn:cts:copticLit:ap.1.monbeg:1.13"/>
		<feat xlink:href="#sSpan967" value="urn:cts:copticLit:ap.1.monbeg:1.13"/>
		<feat xlink:href="#sSpan1073" value="urn:cts:copticLit:ap.1.monbeg:1.16"/>
		<feat xlink:href="#sSpan1204" value="urn:cts:copticLit:ap.1.monbeg:1.17"/></featList></paula>