<?xml version='1.0' encoding='UTF-8'?><!DOCTYPE paula SYSTEM "paula_feat.dtd">
<paula version="1.1">
	<header paula_id="scriptorium.AP.001.n135.mother.mark_pos"/>
	<featList xmlns:xlink="http://www.w3.org/1999/xlink" type="pos" xml:base="scriptorium.AP.001.n135.mother.mark.xml">
		<feat xlink:href="#sSpan1" value="UNKNOWN"/>
		<feat xlink:href="#sSpan12" value="CCIRC"/>
		<feat xlink:href="#sSpan16" value="PPERS"/>
		<feat xlink:href="#sSpan19" value="V"/>
		<feat xlink:href="#sSpan21" value="PREP"/>
		<feat xlink:href="#sSpan25" value="PPERO"/>
		<feat xlink:href="#sSpan28" value="PUNCT"/>
		<feat xlink:href="#sSpan32" value="CONJ"/>
		<feat xlink:href="#sSpan37" value="CFOC"/>
		<feat xlink:href="#sSpan39" value="PPERS"/>
		<feat xlink:href="#sSpan41" value="V"/>
		<feat xlink:href="#sSpan43" value="PREP"/>
		<feat xlink:href="#sSpan47" value="V"/>
		<feat xlink:href="#sSpan50" value="PPOS"/>
		<feat xlink:href="#sSpan54" value="N"/>
		<feat xlink:href="#sSpan57" value="PUNCT"/>
		<feat xlink:href="#sSpan62" value="PPERI"/>
		<feat xlink:href="#sSpan71" value="PTC"/>
		<feat xlink:href="#sSpan75" value="APST"/>
		<feat xlink:href="#sSpan79" value="PPERS"/>
		<feat xlink:href="#sSpan81" value="V"/>
		<feat xlink:href="#sSpan83" value="CCIRC"/>
		<feat xlink:href="#sSpan87" value="PPERS"/>
		<feat xlink:href="#sSpan89" value="V"/>
		<feat xlink:href="#sSpan92" value="PREP"/>
		<feat xlink:href="#sSpan96" value="PPERO"/>
		<feat xlink:href="#sSpan98" value="ANEGPST"/>
		<feat xlink:href="#sSpan103" value="PPERS"/>
		<feat xlink:href="#sSpan105" value="V"/>
		<feat xlink:href="#sSpan107" value="V"/>
		<feat xlink:href="#sSpan109" value="PREP"/>
		<feat xlink:href="#sSpan113" value="PPERO"/>
		<feat xlink:href="#sSpan115" value="PREP"/>
		<feat xlink:href="#sSpan123" value="PPERO"/>
		<feat xlink:href="#sSpan125" value="APST"/>
		<feat xlink:href="#sSpan129" value="PPERS"/>
		<feat xlink:href="#sSpan131" value="V"/>
		<feat xlink:href="#sSpan133" value="PPERO"/>
		<feat xlink:href="#sSpan135" value="ADV"/>
		<feat xlink:href="#sSpan142" value="PUNCT"/>
		<feat xlink:href="#sSpan146" value="APREC"/>
		<feat xlink:href="#sSpan153" value="PPERS"/>
		<feat xlink:href="#sSpan156" value="V"/>
		<feat xlink:href="#sSpan160" value="PTC"/>
		<feat xlink:href="#sSpan164" value="ACONJ"/>
		<feat xlink:href="#sSpan168" value="PPERS"/>
		<feat xlink:href="#sSpan171" value="V"/>
		<feat xlink:href="#sSpan176" value="APST"/>
		<feat xlink:href="#sSpan180" value="PPERS"/>
		<feat xlink:href="#sSpan182" value="V"/>
		<feat xlink:href="#sSpan184" value="PREP"/>
		<feat xlink:href="#sSpan188" value="ART"/>
		<feat xlink:href="#sSpan192" value="N"/>
		<feat xlink:href="#sSpan196" value="PUNCT"/>
		<feat xlink:href="#sSpan200" value="CONJ"/>
		<feat xlink:href="#sSpan204" value="APST"/>
		<feat xlink:href="#sSpan208" value="PPERS"/>
		<feat xlink:href="#sSpan210" value="V"/>
		<feat xlink:href="#sSpan213" value="PPOS"/>
		<feat xlink:href="#sSpan216" value="N"/>
		<feat xlink:href="#sSpan218" value="ADV"/>
		<feat xlink:href="#sSpan223" value="ADV"/>
		<feat xlink:href="#sSpan229" value="PUNCT"/>
		<feat xlink:href="#sSpan233" value="APST"/>
		<feat xlink:href="#sSpan240" value="PPERS"/>
		<feat xlink:href="#sSpan242" value="V"/>
		<feat xlink:href="#sSpan247" value="PTC"/>
		<feat xlink:href="#sSpan251" value="APREC"/>
		<feat xlink:href="#sSpan255" value="PPOS"/>
		<feat xlink:href="#sSpan258" value="N"/>
		<feat xlink:href="#sSpan260" value="V"/>
		<feat xlink:href="#sSpan265" value="PUNCT"/>
		<feat xlink:href="#sSpan269" value="PREP"/>
		<feat xlink:href="#sSpan273" value="N"/>
		<feat xlink:href="#sSpan277" value="PTC"/>
		<feat xlink:href="#sSpan282" value="APST"/>
		<feat xlink:href="#sSpan286" value="PPERS"/>
		<feat xlink:href="#sSpan288" value="V"/>
		<feat xlink:href="#sSpan290" value="PREP"/>
		<feat xlink:href="#sSpan294" value="ART"/>
		<feat xlink:href="#sSpan297" value="N"/>
		<feat xlink:href="#sSpan299" value="PREP"/>
		<feat xlink:href="#sSpan304" value="N"/>
		<feat xlink:href="#sSpan307" value="PUNCT"/>
		<feat xlink:href="#sSpan312" value="CONJ"/>
		<feat xlink:href="#sSpan316" value="ACONJ"/>
		<feat xlink:href="#sSpan321" value="PPERS"/>
		<feat xlink:href="#sSpan323" value="V"/>
		<feat xlink:href="#sSpan325" value="PREP"/>
		<feat xlink:href="#sSpan329" value="ART"/>
		<feat xlink:href="#sSpan333" value="N"/>
		<feat xlink:href="#sSpan336" value="PREP"/>
		<feat xlink:href="#sSpan340" value="ACAUS"/>
		<feat xlink:href="#sSpan342" value="PPERS"/>
		<feat xlink:href="#sSpan344" value="V"/>
		<feat xlink:href="#sSpan346" value="PPERO"/>
		<feat xlink:href="#sSpan348" value="PREP"/>
		<feat xlink:href="#sSpan352" value="ART"/>
		<feat xlink:href="#sSpan357" value="N"/>
		<feat xlink:href="#sSpan360" value="PUNCT"/>
		<feat xlink:href="#sSpan364" value="CONJ"/>
		<feat xlink:href="#sSpan371" value="APST"/>
		<feat xlink:href="#sSpan376" value="PPERS"/>
		<feat xlink:href="#sSpan378" value="V"/>
		<feat xlink:href="#sSpan380" value="PREP"/>
		<feat xlink:href="#sSpan384" value="PPOS"/>
		<feat xlink:href="#sSpan387" value="N"/>
		<feat xlink:href="#sSpan389" value="ADV"/>
		<feat xlink:href="#sSpan394" value="PREP"/>
		<feat xlink:href="#sSpan398" value="ART"/>
		<feat xlink:href="#sSpan401" value="CREL"/>
		<feat xlink:href="#sSpan403" value="PPERS"/>
		<feat xlink:href="#sSpan406" value="V"/>
		<feat xlink:href="#sSpan409" value="PREP"/>
		<feat xlink:href="#sSpan413" value="PPERO"/>
		<feat xlink:href="#sSpan416" value="PUNCT"/>
		<feat xlink:href="#sSpan421" value="PPERI"/>
		<feat xlink:href="#sSpan430" value="PTC"/>
		<feat xlink:href="#sSpan434" value="APREC"/>
		<feat xlink:href="#sSpan438" value="PPERS"/>
		<feat xlink:href="#sSpan440" value="V"/>
		<feat xlink:href="#sSpan442" value="PREP"/>
		<feat xlink:href="#sSpan447" value="PPERO"/>
		<feat xlink:href="#sSpan449" value="APST"/>
		<feat xlink:href="#sSpan453" value="PPERS"/>
		<feat xlink:href="#sSpan455" value="V"/>
		<feat xlink:href="#sSpan457" value="PUNCT"/>
		<feat xlink:href="#sSpan461" value="CONJ"/>
		<feat xlink:href="#sSpan468" value="VBD"/>
		<feat xlink:href="#sSpan473" value="PPERS"/>
		<feat xlink:href="#sSpan475" value="PREP"/>
		<feat xlink:href="#sSpan479" value="PPERO"/>
		<feat xlink:href="#sSpan481" value="PUNCT"/>
		<feat xlink:href="#sSpan485" value="CONJ"/>
		<feat xlink:href="#sSpan489" value="PINT"/>
		<feat xlink:href="#sSpan491" value="COP"/>
		<feat xlink:href="#sSpan496" value="PDEM"/>
		<feat xlink:href="#sSpan501" value="PPOS"/>
		<feat xlink:href="#sSpan506" value="N"/>
		<feat xlink:href="#sSpan508" value="PREP"/>
		<feat xlink:href="#sSpan512" value="ACAUS"/>
		<feat xlink:href="#sSpan515" value="PPERS"/>
		<feat xlink:href="#sSpan517" value="V"/>
		<feat xlink:href="#sSpan519" value="IMOD"/>
		<feat xlink:href="#sSpan523" value="PPERO"/>
		<feat xlink:href="#sSpan525" value="PREP"/>
		<feat xlink:href="#sSpan529" value="PDEM"/>
		<feat xlink:href="#sSpan532" value="N"/>
		<feat xlink:href="#sSpan535" value="CONJ"/>
		<feat xlink:href="#sSpan540" value="PREP"/>
		<feat xlink:href="#sSpan544" value="ACAUS"/>
		<feat xlink:href="#sSpan546" value="PPERS"/>
		<feat xlink:href="#sSpan549" value="V"/>
		<feat xlink:href="#sSpan551" value="PREP"/>
		<feat xlink:href="#sSpan556" value="PPERO"/>
		<feat xlink:href="#sSpan558" value="IMOD"/>
		<feat xlink:href="#sSpan562" value="PPERO"/>
		<feat xlink:href="#sSpan565" value="PUNCT"/>
		<feat xlink:href="#sSpan570" value="CFOC"/>
		<feat xlink:href="#sSpan578" value="PPERS"/>
		<feat xlink:href="#sSpan580" value="PINT"/>
		<feat xlink:href="#sSpan582" value="PPOS"/>
		<feat xlink:href="#sSpan587" value="N"/>
		<feat xlink:href="#sSpan589" value="CREL"/>
		<feat xlink:href="#sSpan594" value="PPERS"/>
		<feat xlink:href="#sSpan596" value="V"/>
		<feat xlink:href="#sSpan598" value="PREP"/>
		<feat xlink:href="#sSpan602" value="PPERO"/>
		<feat xlink:href="#sSpan604" value="CONJ"/>
		<feat xlink:href="#sSpan608" value="CFOC"/>
		<feat xlink:href="#sSpan611" value="PPERS"/>
		<feat xlink:href="#sSpan613" value="V"/>
		<feat xlink:href="#sSpan615" value="PREP"/>
		<feat xlink:href="#sSpan619" value="V"/>
		<feat xlink:href="#sSpan621" value="PPOS"/>
		<feat xlink:href="#sSpan625" value="N"/>
		<feat xlink:href="#sSpan629" value="PUNCT"/>
		<feat xlink:href="#sSpan633" value="APST"/>
		<feat xlink:href="#sSpan640" value="PPERS"/>
		<feat xlink:href="#sSpan642" value="V"/>
		<feat xlink:href="#sSpan646" value="PTC"/>
		<feat xlink:href="#sSpan651" value="PREP"/>
		<feat xlink:href="#sSpan655" value="ART"/>
		<feat xlink:href="#sSpan660" value="CREL"/>
		<feat xlink:href="#sSpan662" value="APST"/>
		<feat xlink:href="#sSpan664" value="PPERS"/>
		<feat xlink:href="#sSpan666" value="V"/>
		<feat xlink:href="#sSpan669" value="PPERO"/>
		<feat xlink:href="#sSpan671" value="APST"/>
		<feat xlink:href="#sSpan678" value="PPERS"/>
		<feat xlink:href="#sSpan680" value="V"/>
		<feat xlink:href="#sSpan682" value="N"/>
		<feat xlink:href="#sSpan684" value="PPERO"/>
		<feat xlink:href="#sSpan686" value="CCIRC"/>
		<feat xlink:href="#sSpan690" value="PPERS"/>
		<feat xlink:href="#sSpan692" value="VSTAT"/>
		<feat xlink:href="#sSpan696" value="PUNCT"/>
		<feat xlink:href="#sSpan700" value="CCIRC"/>
		<feat xlink:href="#sSpan704" value="EXIST"/>
		<feat xlink:href="#sSpan706" value="PPERO"/>
		<feat xlink:href="#sSpan708" value="N"/>
		<feat xlink:href="#sSpan713" value="PREP"/>
		<feat xlink:href="#sSpan719" value="N"/>
		<feat xlink:href="#sSpan721" value="PREP"/>
		<feat xlink:href="#sSpan725" value="V"/>
		<feat xlink:href="#sSpan727" value="PREP"/>
		<feat xlink:href="#sSpan734" value="PPERO"/>
		<feat xlink:href="#sSpan737" value="PUNCT"/>
		<feat xlink:href="#sSpan742" value="PREP"/>
		<feat xlink:href="#sSpan749" value="ART"/>
		<feat xlink:href="#sSpan753" value="N"/>
		<feat xlink:href="#sSpan758" value="PTC"/>
		<feat xlink:href="#sSpan762" value="PREP"/>
		<feat xlink:href="#sSpan767" value="ART"/>
		<feat xlink:href="#sSpan772" value="N"/>
		<feat xlink:href="#sSpan775" value="ART"/>
		<feat xlink:href="#sSpan780" value="N"/>
		<feat xlink:href="#sSpan786" value="UNKNOWN"/>
		<feat xlink:href="#sSpan791" value="V"/>
		<feat xlink:href="#sSpan795" value="PREP"/>
		<feat xlink:href="#sSpan799" value="ACAUS"/>
		<feat xlink:href="#sSpan801" value="PPERS"/>
		<feat xlink:href="#sSpan803" value="V"/>
		<feat xlink:href="#sSpan807" value="PREP"/>
		<feat xlink:href="#sSpan811" value="ART"/>
		<feat xlink:href="#sSpan814" value="N"/>
		<feat xlink:href="#sSpan816" value="PREP"/>
		<feat xlink:href="#sSpan820" value="PREP"/>
		<feat xlink:href="#sSpan826" value="ACAUS"/>
		<feat xlink:href="#sSpan828" value="PPERS"/>
		<feat xlink:href="#sSpan830" value="V"/>
		<feat xlink:href="#sSpan836" value="UNKNOWN"/>
		<feat xlink:href="#sSpan840" value="UNKNOWN"/>
		<feat xlink:href="#sSpan845" value="PREP"/>
		<feat xlink:href="#sSpan849" value="PPOS"/>
		<feat xlink:href="#sSpan854" value="UNKNOWN"/>
		<feat xlink:href="#sSpan858" value="CREL"/>
		<feat xlink:href="#sSpan866" value="APST"/>
		<feat xlink:href="#sSpan868" value="PDEM"/>
		<feat xlink:href="#sSpan872" value="N"/>
		<feat xlink:href="#sSpan876" value="V"/>
		<feat xlink:href="#sSpan881" value="PREP"/>
		<feat xlink:href="#sSpan888" value="UNKNOWN"/>
		<feat xlink:href="#sSpan893" value="ADV"/>
		<feat xlink:href="#sSpan897" value="PREP"/>
		<feat xlink:href="#sSpan902" value="ART"/>
		<feat xlink:href="#sSpan907" value="N"/>
		<feat xlink:href="#sSpan911" value="PUNCT"/>
		<feat xlink:href="#sSpan916" value="APST"/>
		<feat xlink:href="#sSpan921" value="PPERS"/>
		<feat xlink:href="#sSpan923" value="VSTAT"/>
		<feat xlink:href="#sSpan925" value="PPERO"/>
		<feat xlink:href="#sSpan928" value="PTC"/>
		<feat xlink:href="#sSpan933" value="ADV"/>
		<feat xlink:href="#sSpan937" value="IMOD"/>
		<feat xlink:href="#sSpan942" value="PPERO"/>
		<feat xlink:href="#sSpan945" value="PUNCT"/>
		<feat xlink:href="#sSpan949" value="PREP"/>
		<feat xlink:href="#sSpan956" value="PPERO"/>
		<feat xlink:href="#sSpan958" value="APST"/>
		<feat xlink:href="#sSpan962" value="PPERS"/>
		<feat xlink:href="#sSpan964" value="V"/>
		<feat xlink:href="#sSpan967" value="ADV"/>
		<feat xlink:href="#sSpan971" value="CCIRC"/>
		<feat xlink:href="#sSpan975" value="PPERS"/>
		<feat xlink:href="#sSpan979" value="V"/>
		<feat xlink:href="#sSpan982" value="PREP"/>
		<feat xlink:href="#sSpan986" value="PPOS"/>
		<feat xlink:href="#sSpan989" value="N"/>
		<feat xlink:href="#sSpan992" value="PUNCT"/>
		<feat xlink:href="#sSpan997" value="CONJ"/>
		<feat xlink:href="#sSpan1002" value="CFOC"/>
		<feat xlink:href="#sSpan1006" value="PPERS"/>
		<feat xlink:href="#sSpan1008" value="V"/>
		<feat xlink:href="#sSpan1010" value="PREP"/>
		<feat xlink:href="#sSpan1014" value="ART"/>
		<feat xlink:href="#sSpan1017" value="CREL"/>
		<feat xlink:href="#sSpan1020" value="APST"/>
		<feat xlink:href="#sSpan1022" value="PPERS"/>
		<feat xlink:href="#sSpan1024" value="V"/>
		<feat xlink:href="#sSpan1026" value="PPERO"/>
		<feat xlink:href="#sSpan1028" value="PREP"/>
		<feat xlink:href="#sSpan1032" value="ART"/>
		<feat xlink:href="#sSpan1036" value="N"/>
		<feat xlink:href="#sSpan1041" value="PREP"/>
		<feat xlink:href="#sSpan1045" value="N"/>
		<feat xlink:href="#sSpan1048" value="PUNCT"/>
		<feat xlink:href="#sSpan1053" value="APST"/>
		<feat xlink:href="#sSpan1061" value="ART"/>
		<feat xlink:href="#sSpan1064" value="N"/>
		<feat xlink:href="#sSpan1066" value="V"/>
		<feat xlink:href="#sSpan1070" value="PREP"/>
		<feat xlink:href="#sSpan1074" value="PPERO"/>
		<feat xlink:href="#sSpan1076" value="PREP"/>
		<feat xlink:href="#sSpan1080" value="PDEM"/>
		<feat xlink:href="#sSpan1084" value="N"/>
		<feat xlink:href="#sSpan1087" value="PUNCT"/>
		<feat xlink:href="#sSpan1092" value="CONJ"/>
		<feat xlink:href="#sSpan1096" value="PREP"/>
		<feat xlink:href="#sSpan1100" value="ACAUS"/>
		<feat xlink:href="#sSpan1103" value="ART"/>
		<feat xlink:href="#sSpan1106" value="N"/>
		<feat xlink:href="#sSpan1109" value="V"/>
		<feat xlink:href="#sSpan1114" value="PREP"/>
		<feat xlink:href="#sSpan1118" value="PPERO"/>
		<feat xlink:href="#sSpan1120" value="PREP"/>
		<feat xlink:href="#sSpan1124" value="ACAUS"/>
		<feat xlink:href="#sSpan1126" value="PPERO"/>
		<feat xlink:href="#sSpan1129" value="V"/>
		<feat xlink:href="#sSpan1133" value="PREP"/>
		<feat xlink:href="#sSpan1137" value="PPERO"/>
		<feat xlink:href="#sSpan1139" value="PREP"/>
		<feat xlink:href="#sSpan1143" value="ART"/>
		<feat xlink:href="#sSpan1145" value="N"/>
		<feat xlink:href="#sSpan1147" value="CONJ"/>
		<feat xlink:href="#sSpan1151" value="ANEGOPT"/>
		<feat xlink:href="#sSpan1154" value="PPERS"/>
		<feat xlink:href="#sSpan1156" value="V"/>
		<feat xlink:href="#sSpan1158" value="PREP"/>
		<feat xlink:href="#sSpan1162" value="ART"/>
		<feat xlink:href="#sSpan1165" value="N"/>
		<feat xlink:href="#sSpan1168" value="PREP"/>
		<feat xlink:href="#sSpan1172" value="ART"/>
		<feat xlink:href="#sSpan1175" value="V"/>
		<feat xlink:href="#sSpan1178" value="PUNCT"/>
		<feat xlink:href="#sSpan1183" value="PPERI"/>
		<feat xlink:href="#sSpan1192" value="PTC"/>
		<feat xlink:href="#sSpan1196" value="ANEGPST"/>
		<feat xlink:href="#sSpan1200" value="PPERS"/>
		<feat xlink:href="#sSpan1202" value="V"/>
		<feat xlink:href="#sSpan1204" value="PREP"/>
		<feat xlink:href="#sSpan1209" value="V"/>
		<feat xlink:href="#sSpan1211" value="PPERO"/>
		<feat xlink:href="#sSpan1213" value="CCIRC"/>
		<feat xlink:href="#sSpan1217" value="PPERS"/>
		<feat xlink:href="#sSpan1219" value="V"/>
		<feat xlink:href="#sSpan1221" value="PREP"/>
		<feat xlink:href="#sSpan1226" value="PPERO"/>
		<feat xlink:href="#sSpan1228" value="PUNCT"/>
		<feat xlink:href="#sSpan1232" value="CONJ"/>
		<feat xlink:href="#sSpan1236" value="CONJ"/>
		<feat xlink:href="#sSpan1238" value="ANEGPST"/>
		<feat xlink:href="#sSpan1243" value="PPERS"/>
		<feat xlink:href="#sSpan1245" value="V"/>
		<feat xlink:href="#sSpan1247" value="V"/>
		<feat xlink:href="#sSpan1249" value="PREP"/>
		<feat xlink:href="#sSpan1253" value="V"/>
		<feat xlink:href="#sSpan1256" value="PREP"/>
		<feat xlink:href="#sSpan1261" value="ART"/>
		<feat xlink:href="#sSpan1264" value="N"/>
		<feat xlink:href="#sSpan1266" value="PREP"/>
		<feat xlink:href="#sSpan1270" value="PPOS"/>
		<feat xlink:href="#sSpan1273" value="N"/>
		<feat xlink:href="#sSpan1277" value="PUNCT"/>
		<feat xlink:href="#sSpan1281" value="PREP"/>
		<feat xlink:href="#sSpan1285" value="PINT"/>
		<feat xlink:href="#sSpan1287" value="PREP"/>
		<feat xlink:href="#sSpan1291" value="N"/>
		<feat xlink:href="#sSpan1294" value="CCIRC"/>
		<feat xlink:href="#sSpan1298" value="PPERS"/>
		<feat xlink:href="#sSpan1300" value="FUT"/>
		<feat xlink:href="#sSpan1302" value="V"/>
		<feat xlink:href="#sSpan1305" value="V"/>
		<feat xlink:href="#sSpan1308" value="PREP"/>
		<feat xlink:href="#sSpan1312" value="ART"/>
		<feat xlink:href="#sSpan1315" value="N"/>
		<feat xlink:href="#sSpan1317" value="PREP"/>
		<feat xlink:href="#sSpan1322" value="ART"/>
		<feat xlink:href="#sSpan1325" value="N"/>
		<feat xlink:href="#sSpan1327" value="PREP"/>
		<feat xlink:href="#sSpan1331" value="ART"/>
		<feat xlink:href="#sSpan1335" value="N"/>
		<feat xlink:href="#sSpan1337" value="PREP"/>
		<feat xlink:href="#sSpan1342" value="ART"/>
		<feat xlink:href="#sSpan1345" value="N"/>
		<feat xlink:href="#sSpan1347" value="PREP"/>
		<feat xlink:href="#sSpan1351" value="ART"/>
		<feat xlink:href="#sSpan1355" value="N"/>
		<feat xlink:href="#sSpan1357" value="PREP"/>
		<feat xlink:href="#sSpan1361" value="PPOS"/>
		<feat xlink:href="#sSpan1365" value="N"/>
		<feat xlink:href="#sSpan1368" value="IMOD"/>
		<feat xlink:href="#sSpan1372" value="PPERO"/>
		<feat xlink:href="#sSpan1374" value="PUNCT"/></featList></paula>