<?xml version='1.0' encoding='UTF-8'?><!DOCTYPE paula SYSTEM "paula_rel.dtd">
<paula version="1.1">
	<header paula_id="scriptorium.AP.001.n135.mother.dep"/>
	<relList xmlns:xlink="http://www.w3.org/1999/xlink" type="dep">
		<rel id="sPointingRel1" xlink:href="scriptorium.AP.001.n135.mother.mark.xml#sSpan293" target="scriptorium.AP.001.n135.mother.mark.xml#sSpan328"/>
		<rel id="sPointingRel3" xlink:href="scriptorium.AP.001.n135.mother.mark.xml#sSpan247" target="scriptorium.AP.001.n135.mother.mark.xml#sSpan252"/>
		<rel id="sPointingRel5" xlink:href="scriptorium.AP.001.n135.mother.mark.xml#sSpan462" target="scriptorium.AP.001.n135.mother.mark.xml#sSpan456"/>
		<rel id="sPointingRel7" xlink:href="scriptorium.AP.001.n135.mother.mark.xml#sSpan1050" target="scriptorium.AP.001.n135.mother.mark.xml#sSpan1042"/>
		<rel id="sPointingRel9" xlink:href="scriptorium.AP.001.n135.mother.mark.xml#sSpan1341" target="scriptorium.AP.001.n135.mother.mark.xml#sSpan1333"/>
		<rel id="sPointingRel11" xlink:href="scriptorium.AP.001.n135.mother.mark.xml#sSpan1218" target="scriptorium.AP.001.n135.mother.mark.xml#sSpan1216"/>
		<rel id="sPointingRel13" xlink:href="scriptorium.AP.001.n135.mother.mark.xml#sSpan462" target="scriptorium.AP.001.n135.mother.mark.xml#sSpan447"/>
		<rel id="sPointingRel15" xlink:href="scriptorium.AP.001.n135.mother.mark.xml#sSpan589" target="scriptorium.AP.001.n135.mother.mark.xml#sSpan578"/>
		<rel id="sPointingRel17" xlink:href="scriptorium.AP.001.n135.mother.mark.xml#sSpan42" target="scriptorium.AP.001.n135.mother.mark.xml#sSpan40"/>
		<rel id="sPointingRel19" xlink:href="scriptorium.AP.001.n135.mother.mark.xml#sSpan993" target="scriptorium.AP.001.n135.mother.mark.xml#sSpan1006"/>
		<rel id="sPointingRel21" xlink:href="scriptorium.AP.001.n135.mother.mark.xml#sSpan160" target="scriptorium.AP.001.n135.mother.mark.xml#sSpan164"/>
		<rel id="sPointingRel23" xlink:href="scriptorium.AP.001.n135.mother.mark.xml#sSpan605" target="scriptorium.AP.001.n135.mother.mark.xml#sSpan611"/>
		<rel id="sPointingRel25" xlink:href="scriptorium.AP.001.n135.mother.mark.xml#sSpan628" target="scriptorium.AP.001.n135.mother.mark.xml#sSpan624"/>
		<rel id="sPointingRel27" xlink:href="scriptorium.AP.001.n135.mother.mark.xml#sSpan889" target="scriptorium.AP.001.n135.mother.mark.xml#sSpan924"/>
		<rel id="sPointingRel29" xlink:href="scriptorium.AP.001.n135.mother.mark.xml#sSpan1180" target="scriptorium.AP.001.n135.mother.mark.xml#sSpan1173"/>
		<rel id="sPointingRel31" xlink:href="scriptorium.AP.001.n135.mother.mark.xml#sSpan302" target="scriptorium.AP.001.n135.mother.mark.xml#sSpan299"/>
		<rel id="sPointingRel33" xlink:href="scriptorium.AP.001.n135.mother.mark.xml#sSpan1381" target="scriptorium.AP.001.n135.mother.mark.xml#sSpan1384"/>
		<rel id="sPointingRel35" xlink:href="scriptorium.AP.001.n135.mother.mark.xml#sSpan676" target="scriptorium.AP.001.n135.mother.mark.xml#sSpan670"/>
		<rel id="sPointingRel37" xlink:href="scriptorium.AP.001.n135.mother.mark.xml#sSpan993" target="scriptorium.AP.001.n135.mother.mark.xml#sSpan1003"/>
		<rel id="sPointingRel39" xlink:href="scriptorium.AP.001.n135.mother.mark.xml#sSpan1139" target="scriptorium.AP.001.n135.mother.mark.xml#sSpan1141"/>
		<rel id="sPointingRel41" xlink:href="scriptorium.AP.001.n135.mother.mark.xml#sSpan784" target="scriptorium.AP.001.n135.mother.mark.xml#sSpan774"/>
		<rel id="sPointingRel43" xlink:href="scriptorium.AP.001.n135.mother.mark.xml#sSpan186" target="scriptorium.AP.001.n135.mother.mark.xml#sSpan184"/>
		<rel id="sPointingRel45" xlink:href="scriptorium.AP.001.n135.mother.mark.xml#sSpan1269" target="scriptorium.AP.001.n135.mother.mark.xml#sSpan1265"/>
		<rel id="sPointingRel47" xlink:href="scriptorium.AP.001.n135.mother.mark.xml#sSpan1235" target="scriptorium.AP.001.n135.mother.mark.xml#sSpan1229"/>
		<rel id="sPointingRel49" xlink:href="scriptorium.AP.001.n135.mother.mark.xml#sSpan1022" target="scriptorium.AP.001.n135.mother.mark.xml#sSpan1011"/>
		<rel id="sPointingRel51" xlink:href="scriptorium.AP.001.n135.mother.mark.xml#sSpan719" target="scriptorium.AP.001.n135.mother.mark.xml#sSpan736"/>
		<rel id="sPointingRel53" xlink:href="scriptorium.AP.001.n135.mother.mark.xml#sSpan557" target="scriptorium.AP.001.n135.mother.mark.xml#sSpan564"/>
		<rel id="sPointingRel55" xlink:href="scriptorium.AP.001.n135.mother.mark.xml#sSpan525" target="scriptorium.AP.001.n135.mother.mark.xml#sSpan527"/>
		<rel id="sPointingRel57" xlink:href="scriptorium.AP.001.n135.mother.mark.xml#sSpan214" target="scriptorium.AP.001.n135.mother.mark.xml#sSpan227"/>
		<rel id="sPointingRel59" xlink:href="scriptorium.AP.001.n135.mother.mark.xml#sSpan1171" target="scriptorium.AP.001.n135.mother.mark.xml#sSpan1166"/>
		<rel id="sPointingRel61" xlink:href="scriptorium.AP.001.n135.mother.mark.xml#sSpan520" target="scriptorium.AP.001.n135.mother.mark.xml#sSpan525"/>
		<rel id="sPointingRel63" xlink:href="scriptorium.AP.001.n135.mother.mark.xml#sSpan134" target="scriptorium.AP.001.n135.mother.mark.xml#sSpan138"/>
		<rel id="sPointingRel65" xlink:href="scriptorium.AP.001.n135.mother.mark.xml#sSpan20" target="scriptorium.AP.001.n135.mother.mark.xml#sSpan29"/>
		<rel id="sPointingRel67" xlink:href="scriptorium.AP.001.n135.mother.mark.xml#sSpan247" target="scriptorium.AP.001.n135.mother.mark.xml#sSpan265"/>
		<rel id="sPointingRel69" xlink:href="scriptorium.AP.001.n135.mother.mark.xml#sSpan1218" target="scriptorium.AP.001.n135.mother.mark.xml#sSpan1390"/>
		<rel id="sPointingRel71" xlink:href="scriptorium.AP.001.n135.mother.mark.xml#sSpan552" target="scriptorium.AP.001.n135.mother.mark.xml#sSpan554"/>
		<rel id="sPointingRel73" xlink:href="scriptorium.AP.001.n135.mother.mark.xml#sSpan993" target="scriptorium.AP.001.n135.mother.mark.xml#sSpan985"/>
		<rel id="sPointingRel75" xlink:href="scriptorium.AP.001.n135.mother.mark.xml#sSpan1263" target="scriptorium.AP.001.n135.mother.mark.xml#sSpan1269"/>
		<rel id="sPointingRel77" xlink:href="scriptorium.AP.001.n135.mother.mark.xml#sSpan815" target="scriptorium.AP.001.n135.mother.mark.xml#sSpan826"/>
		<rel id="sPointingRel79" xlink:href="scriptorium.AP.001.n135.mother.mark.xml#sSpan1361" target="scriptorium.AP.001.n135.mother.mark.xml#sSpan1371"/>
		<rel id="sPointingRel81" xlink:href="scriptorium.AP.001.n135.mother.mark.xml#sSpan362" target="scriptorium.AP.001.n135.mother.mark.xml#sSpan353"/>
		<rel id="sPointingRel83" xlink:href="scriptorium.AP.001.n135.mother.mark.xml#sSpan384" target="scriptorium.AP.001.n135.mother.mark.xml#sSpan395"/>
		<rel id="sPointingRel85" xlink:href="scriptorium.AP.001.n135.mother.mark.xml#sSpan1115" target="scriptorium.AP.001.n135.mother.mark.xml#sSpan1107"/>
		<rel id="sPointingRel87" xlink:href="scriptorium.AP.001.n135.mother.mark.xml#sSpan936" target="scriptorium.AP.001.n135.mother.mark.xml#sSpan958"/>
		<rel id="sPointingRel89" xlink:href="scriptorium.AP.001.n135.mother.mark.xml#sSpan936" target="scriptorium.AP.001.n135.mother.mark.xml#sSpan934"/>
		<rel id="sPointingRel91" xlink:href="scriptorium.AP.001.n135.mother.mark.xml#sSpan384" target="scriptorium.AP.001.n135.mother.mark.xml#sSpan422"/>
		<rel id="sPointingRel93" xlink:href="scriptorium.AP.001.n135.mother.mark.xml#sSpan134" target="scriptorium.AP.001.n135.mother.mark.xml#sSpan132"/>
		<rel id="sPointingRel95" xlink:href="scriptorium.AP.001.n135.mother.mark.xml#sSpan1171" target="scriptorium.AP.001.n135.mother.mark.xml#sSpan1169"/>
		<rel id="sPointingRel97" xlink:href="scriptorium.AP.001.n135.mother.mark.xml#sSpan476" target="scriptorium.AP.001.n135.mother.mark.xml#sSpan481"/>
		<rel id="sPointingRel99" xlink:href="scriptorium.AP.001.n135.mother.mark.xml#sSpan703" target="scriptorium.AP.001.n135.mother.mark.xml#sSpan701"/>
		<rel id="sPointingRel101" xlink:href="scriptorium.AP.001.n135.mother.mark.xml#sSpan745" target="scriptorium.AP.001.n135.mother.mark.xml#sSpan738"/>
		<rel id="sPointingRel103" xlink:href="scriptorium.AP.001.n135.mother.mark.xml#sSpan265" target="scriptorium.AP.001.n135.mother.mark.xml#sSpan263"/>
		<rel id="sPointingRel105" xlink:href="scriptorium.AP.001.n135.mother.mark.xml#sSpan247" target="scriptorium.AP.001.n135.mother.mark.xml#sSpan245"/>
		<rel id="sPointingRel107" xlink:href="scriptorium.AP.001.n135.mother.mark.xml#sSpan1235" target="scriptorium.AP.001.n135.mother.mark.xml#sSpan1242"/>
		<rel id="sPointingRel109" xlink:href="scriptorium.AP.001.n135.mother.mark.xml#sSpan1003" target="scriptorium.AP.001.n135.mother.mark.xml#sSpan996"/>
		<rel id="sPointingRel111" xlink:href="scriptorium.AP.001.n135.mother.mark.xml#sSpan564" target="scriptorium.AP.001.n135.mother.mark.xml#sSpan559"/>
		<rel id="sPointingRel113" xlink:href="scriptorium.AP.001.n135.mother.mark.xml#sSpan552" target="scriptorium.AP.001.n135.mother.mark.xml#sSpan548"/>
		<rel id="sPointingRel115" xlink:href="scriptorium.AP.001.n135.mother.mark.xml#sSpan476" target="scriptorium.AP.001.n135.mother.mark.xml#sSpan489"/>
		<rel id="sPointingRel117" xlink:href="scriptorium.AP.001.n135.mother.mark.xml#sSpan826" target="scriptorium.AP.001.n135.mother.mark.xml#sSpan819"/>
		<rel id="sPointingRel119" xlink:href="scriptorium.AP.001.n135.mother.mark.xml#sSpan596" target="scriptorium.AP.001.n135.mother.mark.xml#sSpan591"/>
		<rel id="sPointingRel121" xlink:href="scriptorium.AP.001.n135.mother.mark.xml#sSpan1235" target="scriptorium.AP.001.n135.mother.mark.xml#sSpan1233"/>
		<rel id="sPointingRel123" xlink:href="scriptorium.AP.001.n135.mother.mark.xml#sSpan134" target="scriptorium.AP.001.n135.mother.mark.xml#sSpan126"/>
		<rel id="sPointingRel125" xlink:href="scriptorium.AP.001.n135.mother.mark.xml#sSpan978" target="scriptorium.AP.001.n135.mother.mark.xml#sSpan981"/>
		<rel id="sPointingRel127" xlink:href="scriptorium.AP.001.n135.mother.mark.xml#sSpan811" target="scriptorium.AP.001.n135.mother.mark.xml#sSpan815"/>
		<rel id="sPointingRel129" xlink:href="scriptorium.AP.001.n135.mother.mark.xml#sSpan1351" target="scriptorium.AP.001.n135.mother.mark.xml#sSpan1347"/>
		<rel id="sPointingRel131" xlink:href="scriptorium.AP.001.n135.mother.mark.xml#sSpan1022" target="scriptorium.AP.001.n135.mother.mark.xml#sSpan1016"/>
		<rel id="sPointingRel133" xlink:href="scriptorium.AP.001.n135.mother.mark.xml#sSpan885" target="scriptorium.AP.001.n135.mother.mark.xml#sSpan881"/>
		<rel id="sPointingRel135" xlink:href="scriptorium.AP.001.n135.mother.mark.xml#sSpan328" target="scriptorium.AP.001.n135.mother.mark.xml#sSpan345"/>
		<rel id="sPointingRel137" xlink:href="scriptorium.AP.001.n135.mother.mark.xml#sSpan1321" target="scriptorium.AP.001.n135.mother.mark.xml#sSpan1301"/>
		<rel id="sPointingRel139" xlink:href="scriptorium.AP.001.n135.mother.mark.xml#sSpan993" target="scriptorium.AP.001.n135.mother.mark.xml#sSpan1022"/>
		<rel id="sPointingRel141" xlink:href="scriptorium.AP.001.n135.mother.mark.xml#sSpan838" target="scriptorium.AP.001.n135.mother.mark.xml#sSpan832"/>
		<rel id="sPointingRel143" xlink:href="scriptorium.AP.001.n135.mother.mark.xml#sSpan263" target="scriptorium.AP.001.n135.mother.mark.xml#sSpan260"/>
		<rel id="sPointingRel145" xlink:href="scriptorium.AP.001.n135.mother.mark.xml#sSpan1079" target="scriptorium.AP.001.n135.mother.mark.xml#sSpan1076"/>
		<rel id="sPointingRel147" xlink:href="scriptorium.AP.001.n135.mother.mark.xml#sSpan1225" target="scriptorium.AP.001.n135.mother.mark.xml#sSpan1220"/>
		<rel id="sPointingRel149" xlink:href="scriptorium.AP.001.n135.mother.mark.xml#sSpan126" target="scriptorium.AP.001.n135.mother.mark.xml#sSpan117"/>
		<rel id="sPointingRel151" xlink:href="scriptorium.AP.001.n135.mother.mark.xml#sSpan652" target="scriptorium.AP.001.n135.mother.mark.xml#sSpan656"/>
		<rel id="sPointingRel153" xlink:href="scriptorium.AP.001.n135.mother.mark.xml#sSpan1331" target="scriptorium.AP.001.n135.mother.mark.xml#sSpan1324"/>
		<rel id="sPointingRel155" xlink:href="scriptorium.AP.001.n135.mother.mark.xml#sSpan404" target="scriptorium.AP.001.n135.mother.mark.xml#sSpan400"/>
		<rel id="sPointingRel157" xlink:href="scriptorium.AP.001.n135.mother.mark.xml#sSpan1171" target="scriptorium.AP.001.n135.mother.mark.xml#sSpan1180"/>
		<rel id="sPointingRel159" xlink:href="scriptorium.AP.001.n135.mother.mark.xml#sSpan1160" target="scriptorium.AP.001.n135.mother.mark.xml#sSpan1154"/>
		<rel id="sPointingRel161" xlink:href="scriptorium.AP.001.n135.mother.mark.xml#sSpan220" target="scriptorium.AP.001.n135.mother.mark.xml#sSpan217"/>
		<rel id="sPointingRel163" xlink:href="scriptorium.AP.001.n135.mother.mark.xml#sSpan1289" target="scriptorium.AP.001.n135.mother.mark.xml#sSpan1282"/>
		<rel id="sPointingRel165" xlink:href="scriptorium.AP.001.n135.mother.mark.xml#sSpan676" target="scriptorium.AP.001.n135.mother.mark.xml#sSpan679"/>
		<rel id="sPointingRel167" xlink:href="scriptorium.AP.001.n135.mother.mark.xml#sSpan497" target="scriptorium.AP.001.n135.mother.mark.xml#sSpan504"/>
		<rel id="sPointingRel169" xlink:href="scriptorium.AP.001.n135.mother.mark.xml#sSpan26" target="scriptorium.AP.001.n135.mother.mark.xml#sSpan22"/>
		<rel id="sPointingRel171" xlink:href="scriptorium.AP.001.n135.mother.mark.xml#sSpan520" target="scriptorium.AP.001.n135.mother.mark.xml#sSpan523"/>
		<rel id="sPointingRel173" xlink:href="scriptorium.AP.001.n135.mother.mark.xml#sSpan1371" target="scriptorium.AP.001.n135.mother.mark.xml#sSpan1381"/>
		<rel id="sPointingRel175" xlink:href="scriptorium.AP.001.n135.mother.mark.xml#sSpan160" target="scriptorium.AP.001.n135.mother.mark.xml#sSpan175"/>
		<rel id="sPointingRel177" xlink:href="scriptorium.AP.001.n135.mother.mark.xml#sSpan447" target="scriptorium.AP.001.n135.mother.mark.xml#sSpan454"/>
		<rel id="sPointingRel179" xlink:href="scriptorium.AP.001.n135.mother.mark.xml#sSpan1028" target="scriptorium.AP.001.n135.mother.mark.xml#sSpan1038"/>
		<rel id="sPointingRel181" xlink:href="scriptorium.AP.001.n135.mother.mark.xml#sSpan497" target="scriptorium.AP.001.n135.mother.mark.xml#sSpan493"/>
		<rel id="sPointingRel183" xlink:href="scriptorium.AP.001.n135.mother.mark.xml#sSpan920" target="scriptorium.AP.001.n135.mother.mark.xml#sSpan906"/>
		<rel id="sPointingRel185" xlink:href="scriptorium.AP.001.n135.mother.mark.xml#sSpan487" target="scriptorium.AP.001.n135.mother.mark.xml#sSpan483"/>
		<rel id="sPointingRel187" xlink:href="scriptorium.AP.001.n135.mother.mark.xml#sSpan676" target="scriptorium.AP.001.n135.mother.mark.xml#sSpan674"/>
		<rel id="sPointingRel189" xlink:href="scriptorium.AP.001.n135.mother.mark.xml#sSpan1263" target="scriptorium.AP.001.n135.mother.mark.xml#sSpan1254"/>
		<rel id="sPointingRel191" xlink:href="scriptorium.AP.001.n135.mother.mark.xml#sSpan803" target="scriptorium.AP.001.n135.mother.mark.xml#sSpan848"/>
		<rel id="sPointingRel193" xlink:href="scriptorium.AP.001.n135.mother.mark.xml#sSpan1321" target="scriptorium.AP.001.n135.mother.mark.xml#sSpan1248"/>
		<rel id="sPointingRel195" xlink:href="scriptorium.AP.001.n135.mother.mark.xml#sSpan214" target="scriptorium.AP.001.n135.mother.mark.xml#sSpan204"/>
		<rel id="sPointingRel197" xlink:href="scriptorium.AP.001.n135.mother.mark.xml#sSpan214" target="scriptorium.AP.001.n135.mother.mark.xml#sSpan208"/>
		<rel id="sPointingRel199" xlink:href="scriptorium.AP.001.n135.mother.mark.xml#sSpan1022" target="scriptorium.AP.001.n135.mother.mark.xml#sSpan1020"/>
		<rel id="sPointingRel201" xlink:href="scriptorium.AP.001.n135.mother.mark.xml#sSpan936" target="scriptorium.AP.001.n135.mother.mark.xml#sSpan946"/>
		<rel id="sPointingRel203" xlink:href="scriptorium.AP.001.n135.mother.mark.xml#sSpan1022" target="scriptorium.AP.001.n135.mother.mark.xml#sSpan1028"/>
		<rel id="sPointingRel205" xlink:href="scriptorium.AP.001.n135.mother.mark.xml#sSpan730" target="scriptorium.AP.001.n135.mother.mark.xml#sSpan724"/>
		<rel id="sPointingRel207" xlink:href="scriptorium.AP.001.n135.mother.mark.xml#sSpan362" target="scriptorium.AP.001.n135.mother.mark.xml#sSpan357"/>
		<rel id="sPointingRel209" xlink:href="scriptorium.AP.001.n135.mother.mark.xml#sSpan691" target="scriptorium.AP.001.n135.mother.mark.xml#sSpan693"/>
		<rel id="sPointingRel211" xlink:href="scriptorium.AP.001.n135.mother.mark.xml#sSpan134" target="scriptorium.AP.001.n135.mother.mark.xml#sSpan128"/>
		<rel id="sPointingRel213" xlink:href="scriptorium.AP.001.n135.mother.mark.xml#sSpan605" target="scriptorium.AP.001.n135.mother.mark.xml#sSpan603"/>
		<rel id="sPointingRel215" xlink:href="scriptorium.AP.001.n135.mother.mark.xml#sSpan302" target="scriptorium.AP.001.n135.mother.mark.xml#sSpan295"/>
		<rel id="sPointingRel217" xlink:href="scriptorium.AP.001.n135.mother.mark.xml#sSpan1351" target="scriptorium.AP.001.n135.mother.mark.xml#sSpan1343"/>
		<rel id="sPointingRel219" xlink:href="scriptorium.AP.001.n135.mother.mark.xml#sSpan1263" target="scriptorium.AP.001.n135.mother.mark.xml#sSpan1259"/>
		<rel id="sPointingRel221" xlink:href="scriptorium.AP.001.n135.mother.mark.xml#sSpan1301" target="scriptorium.AP.001.n135.mother.mark.xml#sSpan1297"/>
		<rel id="sPointingRel223" xlink:href="scriptorium.AP.001.n135.mother.mark.xml#sSpan589" target="scriptorium.AP.001.n135.mother.mark.xml#sSpan587"/>
		<rel id="sPointingRel225" xlink:href="scriptorium.AP.001.n135.mother.mark.xml#sSpan1124" target="scriptorium.AP.001.n135.mother.mark.xml#sSpan1133"/>
		<rel id="sPointingRel227" xlink:href="scriptorium.AP.001.n135.mother.mark.xml#sSpan936" target="scriptorium.AP.001.n135.mother.mark.xml#sSpan938"/>
		<rel id="sPointingRel229" xlink:href="scriptorium.AP.001.n135.mother.mark.xml#sSpan866" target="scriptorium.AP.001.n135.mother.mark.xml#sSpan861"/>
		<rel id="sPointingRel231" xlink:href="scriptorium.AP.001.n135.mother.mark.xml#sSpan384" target="scriptorium.AP.001.n135.mother.mark.xml#sSpan382"/>
		<rel id="sPointingRel233" xlink:href="scriptorium.AP.001.n135.mother.mark.xml#sSpan1225" target="scriptorium.AP.001.n135.mother.mark.xml#sSpan1227"/>
		<rel id="sPointingRel235" xlink:href="scriptorium.AP.001.n135.mother.mark.xml#sSpan889" target="scriptorium.AP.001.n135.mother.mark.xml#sSpan870"/>
		<rel id="sPointingRel237" xlink:href="scriptorium.AP.001.n135.mother.mark.xml#sSpan1050" target="scriptorium.AP.001.n135.mother.mark.xml#sSpan1059"/>
		<rel id="sPointingRel239" xlink:href="scriptorium.AP.001.n135.mother.mark.xml#sSpan1115" target="scriptorium.AP.001.n135.mother.mark.xml#sSpan1121"/>
		<rel id="sPointingRel241" xlink:href="scriptorium.AP.001.n135.mother.mark.xml#sSpan1089" target="scriptorium.AP.001.n135.mother.mark.xml#sSpan1085"/>
		<rel id="sPointingRel243" xlink:href="scriptorium.AP.001.n135.mother.mark.xml#sSpan540" target="scriptorium.AP.001.n135.mother.mark.xml#sSpan533"/>
		<rel id="sPointingRel245" xlink:href="scriptorium.AP.001.n135.mother.mark.xml#sSpan265" target="scriptorium.AP.001.n135.mother.mark.xml#sSpan256"/>
		<rel id="sPointingRel247" xlink:href="scriptorium.AP.001.n135.mother.mark.xml#sSpan247" target="scriptorium.AP.001.n135.mother.mark.xml#sSpan237"/>
		<rel id="sPointingRel249" xlink:href="scriptorium.AP.001.n135.mother.mark.xml#sSpan55" target="scriptorium.AP.001.n135.mother.mark.xml#sSpan51"/>
		<rel id="sPointingRel251" xlink:href="scriptorium.AP.001.n135.mother.mark.xml#sSpan950" target="scriptorium.AP.001.n135.mother.mark.xml#sSpan955"/>
		<rel id="sPointingRel253" xlink:href="scriptorium.AP.001.n135.mother.mark.xml#sSpan412" target="scriptorium.AP.001.n135.mother.mark.xml#sSpan409"/>
		<rel id="sPointingRel255" xlink:href="scriptorium.AP.001.n135.mother.mark.xml#sSpan186" target="scriptorium.AP.001.n135.mother.mark.xml#sSpan180"/>
		<rel id="sPointingRel257" xlink:href="scriptorium.AP.001.n135.mother.mark.xml#sSpan1003" target="scriptorium.AP.001.n135.mother.mark.xml#sSpan1000"/>
		<rel id="sPointingRel259" xlink:href="scriptorium.AP.001.n135.mother.mark.xml#sSpan719" target="scriptorium.AP.001.n135.mother.mark.xml#sSpan730"/>
		<rel id="sPointingRel261" xlink:href="scriptorium.AP.001.n135.mother.mark.xml#sSpan652" target="scriptorium.AP.001.n135.mother.mark.xml#sSpan665"/>
		<rel id="sPointingRel263" xlink:href="scriptorium.AP.001.n135.mother.mark.xml#sSpan838" target="scriptorium.AP.001.n135.mother.mark.xml#sSpan842"/>
		<rel id="sPointingRel265" xlink:href="scriptorium.AP.001.n135.mother.mark.xml#sSpan566" target="scriptorium.AP.001.n135.mother.mark.xml#sSpan570"/>
		<rel id="sPointingRel267" xlink:href="scriptorium.AP.001.n135.mother.mark.xml#sSpan293" target="scriptorium.AP.001.n135.mother.mark.xml#sSpan278"/>
		<rel id="sPointingRel269" xlink:href="scriptorium.AP.001.n135.mother.mark.xml#sSpan384" target="scriptorium.AP.001.n135.mother.mark.xml#sSpan369"/>
		<rel id="sPointingRel271" xlink:href="scriptorium.AP.001.n135.mother.mark.xml#sSpan765" target="scriptorium.AP.001.n135.mother.mark.xml#sSpan784"/>
		<rel id="sPointingRel273" xlink:href="scriptorium.AP.001.n135.mother.mark.xml#sSpan345" target="scriptorium.AP.001.n135.mother.mark.xml#sSpan349"/>
		<rel id="sPointingRel275" xlink:href="scriptorium.AP.001.n135.mother.mark.xml#sSpan525" target="scriptorium.AP.001.n135.mother.mark.xml#sSpan540"/>
		<rel id="sPointingRel277" xlink:href="scriptorium.AP.001.n135.mother.mark.xml#sSpan1301" target="scriptorium.AP.001.n135.mother.mark.xml#sSpan1307"/>
		<rel id="sPointingRel279" xlink:href="scriptorium.AP.001.n135.mother.mark.xml#sSpan936" target="scriptorium.AP.001.n135.mother.mark.xml#sSpan889"/>
		<rel id="sPointingRel281" xlink:href="scriptorium.AP.001.n135.mother.mark.xml#sSpan803" target="scriptorium.AP.001.n135.mother.mark.xml#sSpan770"/>
		<rel id="sPointingRel283" xlink:href="scriptorium.AP.001.n135.mother.mark.xml#sSpan1139" target="scriptorium.AP.001.n135.mother.mark.xml#sSpan1144"/>
		<rel id="sPointingRel285" xlink:href="scriptorium.AP.001.n135.mother.mark.xml#sSpan715" target="scriptorium.AP.001.n135.mother.mark.xml#sSpan717"/>
		<rel id="sPointingRel287" xlink:href="scriptorium.AP.001.n135.mother.mark.xml#sSpan247" target="scriptorium.AP.001.n135.mother.mark.xml#sSpan270"/>
		<rel id="sPointingRel289" xlink:href="scriptorium.AP.001.n135.mother.mark.xml#sSpan811" target="scriptorium.AP.001.n135.mother.mark.xml#sSpan807"/>
		<rel id="sPointingRel291" xlink:href="scriptorium.AP.001.n135.mother.mark.xml#sSpan328" target="scriptorium.AP.001.n135.mother.mark.xml#sSpan321"/>
		<rel id="sPointingRel293" xlink:href="scriptorium.AP.001.n135.mother.mark.xml#sSpan596" target="scriptorium.AP.001.n135.mother.mark.xml#sSpan605"/>
		<rel id="sPointingRel295" xlink:href="scriptorium.AP.001.n135.mother.mark.xml#sSpan338" target="scriptorium.AP.001.n135.mother.mark.xml#sSpan334"/>
		<rel id="sPointingRel297" xlink:href="scriptorium.AP.001.n135.mother.mark.xml#sSpan1038" target="scriptorium.AP.001.n135.mother.mark.xml#sSpan1036"/>
		<rel id="sPointingRel299" xlink:href="scriptorium.AP.001.n135.mother.mark.xml#sSpan605" target="scriptorium.AP.001.n135.mother.mark.xml#sSpan598"/>
		<rel id="sPointingRel301" xlink:href="scriptorium.AP.001.n135.mother.mark.xml#sSpan1190" target="scriptorium.AP.001.n135.mother.mark.xml#sSpan1183"/>
		<rel id="sPointingRel303" xlink:href="scriptorium.AP.001.n135.mother.mark.xml#sSpan1133" target="scriptorium.AP.001.n135.mother.mark.xml#sSpan1129"/>
		<rel id="sPointingRel305" xlink:href="scriptorium.AP.001.n135.mother.mark.xml#sSpan993" target="scriptorium.AP.001.n135.mother.mark.xml#sSpan989"/>
		<rel id="sPointingRel307" xlink:href="scriptorium.AP.001.n135.mother.mark.xml#sSpan765" target="scriptorium.AP.001.n135.mother.mark.xml#sSpan753"/>
		<rel id="sPointingRel309" xlink:href="scriptorium.AP.001.n135.mother.mark.xml#sSpan1081" target="scriptorium.AP.001.n135.mother.mark.xml#sSpan1099"/>
		<rel id="sPointingRel311" xlink:href="scriptorium.AP.001.n135.mother.mark.xml#sSpan345" target="scriptorium.AP.001.n135.mother.mark.xml#sSpan341"/>
		<rel id="sPointingRel313" xlink:href="scriptorium.AP.001.n135.mother.mark.xml#sSpan20" target="scriptorium.AP.001.n135.mother.mark.xml#sSpan1"/>
		<rel id="sPointingRel315" xlink:href="scriptorium.AP.001.n135.mother.mark.xml#sSpan1361" target="scriptorium.AP.001.n135.mother.mark.xml#sSpan1358"/>
		<rel id="sPointingRel317" xlink:href="scriptorium.AP.001.n135.mother.mark.xml#sSpan293" target="scriptorium.AP.001.n135.mother.mark.xml#sSpan287"/>
		<rel id="sPointingRel319" xlink:href="scriptorium.AP.001.n135.mother.mark.xml#sSpan20" target="scriptorium.AP.001.n135.mother.mark.xml#sSpan58"/>
		<rel id="sPointingRel321" xlink:href="scriptorium.AP.001.n135.mother.mark.xml#sSpan978" target="scriptorium.AP.001.n135.mother.mark.xml#sSpan970"/>
		<rel id="sPointingRel323" xlink:href="scriptorium.AP.001.n135.mother.mark.xml#sSpan1144" target="scriptorium.AP.001.n135.mother.mark.xml#sSpan1160"/>
		<rel id="sPointingRel325" xlink:href="scriptorium.AP.001.n135.mother.mark.xml#sSpan476" target="scriptorium.AP.001.n135.mother.mark.xml#sSpan487"/>
		<rel id="sPointingRel327" xlink:href="scriptorium.AP.001.n135.mother.mark.xml#sSpan936" target="scriptorium.AP.001.n135.mother.mark.xml#sSpan941"/>
		<rel id="sPointingRel329" xlink:href="scriptorium.AP.001.n135.mother.mark.xml#sSpan1038" target="scriptorium.AP.001.n135.mother.mark.xml#sSpan1040"/>
		<rel id="sPointingRel331" xlink:href="scriptorium.AP.001.n135.mother.mark.xml#sSpan1321" target="scriptorium.AP.001.n135.mother.mark.xml#sSpan1331"/>
		<rel id="sPointingRel333" xlink:href="scriptorium.AP.001.n135.mother.mark.xml#sSpan1038" target="scriptorium.AP.001.n135.mother.mark.xml#sSpan1050"/>
		<rel id="sPointingRel335" xlink:href="scriptorium.AP.001.n135.mother.mark.xml#sSpan1218" target="scriptorium.AP.001.n135.mother.mark.xml#sSpan1225"/>
		<rel id="sPointingRel337" xlink:href="scriptorium.AP.001.n135.mother.mark.xml#sSpan447" target="scriptorium.AP.001.n135.mother.mark.xml#sSpan441"/>
		<rel id="sPointingRel339" xlink:href="scriptorium.AP.001.n135.mother.mark.xml#sSpan889" target="scriptorium.AP.001.n135.mother.mark.xml#sSpan885"/>
		<rel id="sPointingRel341" xlink:href="scriptorium.AP.001.n135.mother.mark.xml#sSpan338" target="scriptorium.AP.001.n135.mother.mark.xml#sSpan330"/>
		<rel id="sPointingRel343" xlink:href="scriptorium.AP.001.n135.mother.mark.xml#sSpan552" target="scriptorium.AP.001.n135.mother.mark.xml#sSpan557"/>
		<rel id="sPointingRel345" xlink:href="scriptorium.AP.001.n135.mother.mark.xml#sSpan1289" target="scriptorium.AP.001.n135.mother.mark.xml#sSpan1286"/>
		<rel id="sPointingRel347" xlink:href="scriptorium.AP.001.n135.mother.mark.xml#sSpan525" target="scriptorium.AP.001.n135.mother.mark.xml#sSpan552"/>
		<rel id="sPointingRel349" xlink:href="scriptorium.AP.001.n135.mother.mark.xml#sSpan462" target="scriptorium.AP.001.n135.mother.mark.xml#sSpan437"/>
		<rel id="sPointingRel351" xlink:href="scriptorium.AP.001.n135.mother.mark.xml#sSpan1099" target="scriptorium.AP.001.n135.mother.mark.xml#sSpan1095"/>
		<rel id="sPointingRel353" xlink:href="scriptorium.AP.001.n135.mother.mark.xml#sSpan552" target="scriptorium.AP.001.n135.mother.mark.xml#sSpan543"/>
		<rel id="sPointingRel355" xlink:href="scriptorium.AP.001.n135.mother.mark.xml#sSpan1081" target="scriptorium.AP.001.n135.mother.mark.xml#sSpan1067"/>
		<rel id="sPointingRel357" xlink:href="scriptorium.AP.001.n135.mother.mark.xml#sSpan20" target="scriptorium.AP.001.n135.mother.mark.xml#sSpan17"/>
		<rel id="sPointingRel359" xlink:href="scriptorium.AP.001.n135.mother.mark.xml#sSpan803" target="scriptorium.AP.001.n135.mother.mark.xml#sSpan811"/>
		<rel id="sPointingRel361" xlink:href="scriptorium.AP.001.n135.mother.mark.xml#sSpan605" target="scriptorium.AP.001.n135.mother.mark.xml#sSpan622"/>
		<rel id="sPointingRel363" xlink:href="scriptorium.AP.001.n135.mother.mark.xml#sSpan1371" target="scriptorium.AP.001.n135.mother.mark.xml#sSpan1363"/>
		<rel id="sPointingRel365" xlink:href="scriptorium.AP.001.n135.mother.mark.xml#sSpan736" target="scriptorium.AP.001.n135.mother.mark.xml#sSpan732"/>
		<rel id="sPointingRel367" xlink:href="scriptorium.AP.001.n135.mother.mark.xml#sSpan715" target="scriptorium.AP.001.n135.mother.mark.xml#sSpan719"/>
		<rel id="sPointingRel369" xlink:href="scriptorium.AP.001.n135.mother.mark.xml#sSpan293" target="scriptorium.AP.001.n135.mother.mark.xml#sSpan282"/>
		<rel id="sPointingRel371" xlink:href="scriptorium.AP.001.n135.mother.mark.xml#sSpan98" target="scriptorium.AP.001.n135.mother.mark.xml#sSpan94"/>
		<rel id="sPointingRel373" xlink:href="scriptorium.AP.001.n135.mother.mark.xml#sSpan1341" target="scriptorium.AP.001.n135.mother.mark.xml#sSpan1338"/>
		<rel id="sPointingRel375" xlink:href="scriptorium.AP.001.n135.mother.mark.xml#sSpan349" target="scriptorium.AP.001.n135.mother.mark.xml#sSpan362"/>
		<rel id="sPointingRel377" xlink:href="scriptorium.AP.001.n135.mother.mark.xml#sSpan866" target="scriptorium.AP.001.n135.mother.mark.xml#sSpan857"/>
		<rel id="sPointingRel379" xlink:href="scriptorium.AP.001.n135.mother.mark.xml#sSpan1280" target="scriptorium.AP.001.n135.mother.mark.xml#sSpan1289"/>
		<rel id="sPointingRel381" xlink:href="scriptorium.AP.001.n135.mother.mark.xml#sSpan906" target="scriptorium.AP.001.n135.mother.mark.xml#sSpan910"/>
		<rel id="sPointingRel383" xlink:href="scriptorium.AP.001.n135.mother.mark.xml#sSpan48" target="scriptorium.AP.001.n135.mother.mark.xml#sSpan44"/>
		<rel id="sPointingRel385" xlink:href="scriptorium.AP.001.n135.mother.mark.xml#sSpan970" target="scriptorium.AP.001.n135.mother.mark.xml#sSpan962"/>
		<rel id="sPointingRel387" xlink:href="scriptorium.AP.001.n135.mother.mark.xml#sSpan978" target="scriptorium.AP.001.n135.mother.mark.xml#sSpan972"/>
		<rel id="sPointingRel389" xlink:href="scriptorium.AP.001.n135.mother.mark.xml#sSpan691" target="scriptorium.AP.001.n135.mother.mark.xml#sSpan748"/>
		<rel id="sPointingRel391" xlink:href="scriptorium.AP.001.n135.mother.mark.xml#sSpan652" target="scriptorium.AP.001.n135.mother.mark.xml#sSpan650"/>
		<rel id="sPointingRel393" xlink:href="scriptorium.AP.001.n135.mother.mark.xml#sSpan589" target="scriptorium.AP.001.n135.mother.mark.xml#sSpan596"/>
		<rel id="sPointingRel395" xlink:href="scriptorium.AP.001.n135.mother.mark.xml#sSpan196" target="scriptorium.AP.001.n135.mother.mark.xml#sSpan188"/>
		<rel id="sPointingRel397" xlink:href="scriptorium.AP.001.n135.mother.mark.xml#sSpan1341" target="scriptorium.AP.001.n135.mother.mark.xml#sSpan1351"/>
		<rel id="sPointingRel399" xlink:href="scriptorium.AP.001.n135.mother.mark.xml#sSpan404" target="scriptorium.AP.001.n135.mother.mark.xml#sSpan412"/>
		<rel id="sPointingRel401" xlink:href="scriptorium.AP.001.n135.mother.mark.xml#sSpan765" target="scriptorium.AP.001.n135.mother.mark.xml#sSpan761"/>
		<rel id="sPointingRel403" xlink:href="scriptorium.AP.001.n135.mother.mark.xml#sSpan83" target="scriptorium.AP.001.n135.mother.mark.xml#sSpan77"/>
		<rel id="sPointingRel405" xlink:href="scriptorium.AP.001.n135.mother.mark.xml#sSpan447" target="scriptorium.AP.001.n135.mother.mark.xml#sSpan445"/>
		<rel id="sPointingRel407" xlink:href="scriptorium.AP.001.n135.mother.mark.xml#sSpan293" target="scriptorium.AP.001.n135.mother.mark.xml#sSpan302"/>
		<rel id="sPointingRel409" xlink:href="scriptorium.AP.001.n135.mother.mark.xml#sSpan1180" target="scriptorium.AP.001.n135.mother.mark.xml#sSpan1177"/>
		<rel id="sPointingRel411" xlink:href="scriptorium.AP.001.n135.mother.mark.xml#sSpan826" target="scriptorium.AP.001.n135.mother.mark.xml#sSpan823"/>
		<rel id="sPointingRel413" xlink:href="scriptorium.AP.001.n135.mother.mark.xml#sSpan83" target="scriptorium.AP.001.n135.mother.mark.xml#sSpan73"/>
		<rel id="sPointingRel415" xlink:href="scriptorium.AP.001.n135.mother.mark.xml#sSpan691" target="scriptorium.AP.001.n135.mother.mark.xml#sSpan681"/>
		<rel id="sPointingRel417" xlink:href="scriptorium.AP.001.n135.mother.mark.xml#sSpan691" target="scriptorium.AP.001.n135.mother.mark.xml#sSpan689"/>
		<rel id="sPointingRel419" xlink:href="scriptorium.AP.001.n135.mother.mark.xml#sSpan1307" target="scriptorium.AP.001.n135.mother.mark.xml#sSpan1303"/>
		<rel id="sPointingRel421" xlink:href="scriptorium.AP.001.n135.mother.mark.xml#sSpan293" target="scriptorium.AP.001.n135.mother.mark.xml#sSpan291"/>
		<rel id="sPointingRel423" xlink:href="scriptorium.AP.001.n135.mother.mark.xml#sSpan1152" target="scriptorium.AP.001.n135.mother.mark.xml#sSpan1148"/>
		<rel id="sPointingRel425" xlink:href="scriptorium.AP.001.n135.mother.mark.xml#sSpan497" target="scriptorium.AP.001.n135.mother.mark.xml#sSpan520"/>
		<rel id="sPointingRel427" xlink:href="scriptorium.AP.001.n135.mother.mark.xml#sSpan1263" target="scriptorium.AP.001.n135.mother.mark.xml#sSpan1261"/>
		<rel id="sPointingRel429" xlink:href="scriptorium.AP.001.n135.mother.mark.xml#sSpan784" target="scriptorium.AP.001.n135.mother.mark.xml#sSpan792"/>
		<rel id="sPointingRel431" xlink:href="scriptorium.AP.001.n135.mother.mark.xml#sSpan1321" target="scriptorium.AP.001.n135.mother.mark.xml#sSpan1314"/>
		<rel id="sPointingRel433" xlink:href="scriptorium.AP.001.n135.mother.mark.xml#sSpan1280" target="scriptorium.AP.001.n135.mother.mark.xml#sSpan1272"/>
		<rel id="sPointingRel435" xlink:href="scriptorium.AP.001.n135.mother.mark.xml#sSpan838" target="scriptorium.AP.001.n135.mother.mark.xml#sSpan840"/>
		<rel id="sPointingRel437" xlink:href="scriptorium.AP.001.n135.mother.mark.xml#sSpan803" target="scriptorium.AP.001.n135.mother.mark.xml#sSpan765"/>
		<rel id="sPointingRel439" xlink:href="scriptorium.AP.001.n135.mother.mark.xml#sSpan622" target="scriptorium.AP.001.n135.mother.mark.xml#sSpan613"/>
		<rel id="sPointingRel441" xlink:href="scriptorium.AP.001.n135.mother.mark.xml#sSpan803" target="scriptorium.AP.001.n135.mother.mark.xml#sSpan852"/>
		<rel id="sPointingRel443" xlink:href="scriptorium.AP.001.n135.mother.mark.xml#sSpan412" target="scriptorium.AP.001.n135.mother.mark.xml#sSpan419"/>
		<rel id="sPointingRel445" xlink:href="scriptorium.AP.001.n135.mother.mark.xml#sSpan476" target="scriptorium.AP.001.n135.mother.mark.xml#sSpan497"/>
		<rel id="sPointingRel447" xlink:href="scriptorium.AP.001.n135.mother.mark.xml#sSpan186" target="scriptorium.AP.001.n135.mother.mark.xml#sSpan196"/>
		<rel id="sPointingRel449" xlink:href="scriptorium.AP.001.n135.mother.mark.xml#sSpan83" target="scriptorium.AP.001.n135.mother.mark.xml#sSpan91"/>
		<rel id="sPointingRel451" xlink:href="scriptorium.AP.001.n135.mother.mark.xml#sSpan589" target="scriptorium.AP.001.n135.mother.mark.xml#sSpan638"/>
		<rel id="sPointingRel453" xlink:href="scriptorium.AP.001.n135.mother.mark.xml#sSpan1381" target="scriptorium.AP.001.n135.mother.mark.xml#sSpan1377"/>
		<rel id="sPointingRel455" xlink:href="scriptorium.AP.001.n135.mother.mark.xml#sSpan1081" target="scriptorium.AP.001.n135.mother.mark.xml#sSpan1102"/>
		<rel id="sPointingRel457" xlink:href="scriptorium.AP.001.n135.mother.mark.xml#sSpan1331" target="scriptorium.AP.001.n135.mother.mark.xml#sSpan1328"/>
		<rel id="sPointingRel459" xlink:href="scriptorium.AP.001.n135.mother.mark.xml#sSpan175" target="scriptorium.AP.001.n135.mother.mark.xml#sSpan168"/>
		<rel id="sPointingRel461" xlink:href="scriptorium.AP.001.n135.mother.mark.xml#sSpan214" target="scriptorium.AP.001.n135.mother.mark.xml#sSpan212"/>
		<rel id="sPointingRel463" xlink:href="scriptorium.AP.001.n135.mother.mark.xml#sSpan803" target="scriptorium.AP.001.n135.mother.mark.xml#sSpan798"/>
		<rel id="sPointingRel465" xlink:href="scriptorium.AP.001.n135.mother.mark.xml#sSpan1321" target="scriptorium.AP.001.n135.mother.mark.xml#sSpan1316"/>
		<rel id="sPointingRel467" xlink:href="scriptorium.AP.001.n135.mother.mark.xml#sSpan520" target="scriptorium.AP.001.n135.mother.mark.xml#sSpan516"/>
		<rel id="sPointingRel469" xlink:href="scriptorium.AP.001.n135.mother.mark.xml#sSpan175" target="scriptorium.AP.001.n135.mother.mark.xml#sSpan172"/>
		<rel id="sPointingRel471" xlink:href="scriptorium.AP.001.n135.mother.mark.xml#sSpan1235" target="scriptorium.AP.001.n135.mother.mark.xml#sSpan1244"/>
		<rel id="sPointingRel473" xlink:href="scriptorium.AP.001.n135.mother.mark.xml#sSpan920" target="scriptorium.AP.001.n135.mother.mark.xml#sSpan915"/>
		<rel id="sPointingRel475" xlink:href="scriptorium.AP.001.n135.mother.mark.xml#sSpan1263" target="scriptorium.AP.001.n135.mother.mark.xml#sSpan1293"/>
		<rel id="sPointingRel477" xlink:href="scriptorium.AP.001.n135.mother.mark.xml#sSpan691" target="scriptorium.AP.001.n135.mother.mark.xml#sSpan707"/>
		<rel id="sPointingRel479" xlink:href="scriptorium.AP.001.n135.mother.mark.xml#sSpan1144" target="scriptorium.AP.001.n135.mother.mark.xml#sSpan1171"/>
		<rel id="sPointingRel481" xlink:href="scriptorium.AP.001.n135.mother.mark.xml#sSpan1038" target="scriptorium.AP.001.n135.mother.mark.xml#sSpan1034"/>
		<rel id="sPointingRel483" xlink:href="scriptorium.AP.001.n135.mother.mark.xml#sSpan247" target="scriptorium.AP.001.n135.mother.mark.xml#sSpan365"/>
		<rel id="sPointingRel485" xlink:href="scriptorium.AP.001.n135.mother.mark.xml#sSpan1384" target="scriptorium.AP.001.n135.mother.mark.xml#sSpan1388"/>
		<rel id="sPointingRel487" xlink:href="scriptorium.AP.001.n135.mother.mark.xml#sSpan1144" target="scriptorium.AP.001.n135.mother.mark.xml#sSpan1152"/>
		<rel id="sPointingRel489" xlink:href="scriptorium.AP.001.n135.mother.mark.xml#sSpan1124" target="scriptorium.AP.001.n135.mother.mark.xml#sSpan1139"/>
		<rel id="sPointingRel491" xlink:href="scriptorium.AP.001.n135.mother.mark.xml#sSpan349" target="scriptorium.AP.001.n135.mother.mark.xml#sSpan351"/>
		<rel id="sPointingRel493" xlink:href="scriptorium.AP.001.n135.mother.mark.xml#sSpan186" target="scriptorium.AP.001.n135.mother.mark.xml#sSpan214"/>
		<rel id="sPointingRel495" xlink:href="scriptorium.AP.001.n135.mother.mark.xml#sSpan1371" target="scriptorium.AP.001.n135.mother.mark.xml#sSpan1367"/>
		<rel id="sPointingRel497" xlink:href="scriptorium.AP.001.n135.mother.mark.xml#sSpan42" target="scriptorium.AP.001.n135.mother.mark.xml#sSpan38"/>
		<rel id="sPointingRel499" xlink:href="scriptorium.AP.001.n135.mother.mark.xml#sSpan514" target="scriptorium.AP.001.n135.mother.mark.xml#sSpan509"/>
		<rel id="sPointingRel501" xlink:href="scriptorium.AP.001.n135.mother.mark.xml#sSpan278" target="scriptorium.AP.001.n135.mother.mark.xml#sSpan274"/>
		<rel id="sPointingRel503" xlink:href="scriptorium.AP.001.n135.mother.mark.xml#sSpan196" target="scriptorium.AP.001.n135.mother.mark.xml#sSpan192"/>
		<rel id="sPointingRel505" xlink:href="scriptorium.AP.001.n135.mother.mark.xml#sSpan1115" target="scriptorium.AP.001.n135.mother.mark.xml#sSpan1111"/>
		<rel id="sPointingRel507" xlink:href="scriptorium.AP.001.n135.mother.mark.xml#sSpan691" target="scriptorium.AP.001.n135.mother.mark.xml#sSpan703"/>
		<rel id="sPointingRel509" xlink:href="scriptorium.AP.001.n135.mother.mark.xml#sSpan1099" target="scriptorium.AP.001.n135.mother.mark.xml#sSpan1091"/>
		<rel id="sPointingRel511" xlink:href="scriptorium.AP.001.n135.mother.mark.xml#sSpan715" target="scriptorium.AP.001.n135.mother.mark.xml#sSpan711"/>
		<rel id="sPointingRel513" xlink:href="scriptorium.AP.001.n135.mother.mark.xml#sSpan91" target="scriptorium.AP.001.n135.mother.mark.xml#sSpan89"/>
		<rel id="sPointingRel515" xlink:href="scriptorium.AP.001.n135.mother.mark.xml#sSpan665" target="scriptorium.AP.001.n135.mother.mark.xml#sSpan676"/>
		<rel id="sPointingRel517" xlink:href="scriptorium.AP.001.n135.mother.mark.xml#sSpan83" target="scriptorium.AP.001.n135.mother.mark.xml#sSpan81"/>
		<rel id="sPointingRel519" xlink:href="scriptorium.AP.001.n135.mother.mark.xml#sSpan838" target="scriptorium.AP.001.n135.mother.mark.xml#sSpan828"/>
		<rel id="sPointingRel521" xlink:href="scriptorium.AP.001.n135.mother.mark.xml#sSpan48" target="scriptorium.AP.001.n135.mother.mark.xml#sSpan55"/>
		<rel id="sPointingRel523" xlink:href="scriptorium.AP.001.n135.mother.mark.xml#sSpan1361" target="scriptorium.AP.001.n135.mother.mark.xml#sSpan1353"/>
		<rel id="sPointingRel525" xlink:href="scriptorium.AP.001.n135.mother.mark.xml#sSpan497" target="scriptorium.AP.001.n135.mother.mark.xml#sSpan514"/>
		<rel id="sPointingRel527" xlink:href="scriptorium.AP.001.n135.mother.mark.xml#sSpan309" target="scriptorium.AP.001.n135.mother.mark.xml#sSpan304"/>
		<rel id="sPointingRel529" xlink:href="scriptorium.AP.001.n135.mother.mark.xml#sSpan91" target="scriptorium.AP.001.n135.mother.mark.xml#sSpan85"/>
		<rel id="sPointingRel531" xlink:href="scriptorium.AP.001.n135.mother.mark.xml#sSpan20" target="scriptorium.AP.001.n135.mother.mark.xml#sSpan13"/>
		<rel id="sPointingRel533" xlink:href="scriptorium.AP.001.n135.mother.mark.xml#sSpan622" target="scriptorium.AP.001.n135.mother.mark.xml#sSpan620"/>
		<rel id="sPointingRel535" xlink:href="scriptorium.AP.001.n135.mother.mark.xml#sSpan693" target="scriptorium.AP.001.n135.mother.mark.xml#sSpan695"/>
		<rel id="sPointingRel537" xlink:href="scriptorium.AP.001.n135.mother.mark.xml#sSpan384" target="scriptorium.AP.001.n135.mother.mark.xml#sSpan377"/>
		<rel id="sPointingRel539" xlink:href="scriptorium.AP.001.n135.mother.mark.xml#sSpan134" target="scriptorium.AP.001.n135.mother.mark.xml#sSpan145"/>
		<rel id="sPointingRel541" xlink:href="scriptorium.AP.001.n135.mother.mark.xml#sSpan676" target="scriptorium.AP.001.n135.mother.mark.xml#sSpan672"/>
		<rel id="sPointingRel543" xlink:href="scriptorium.AP.001.n135.mother.mark.xml#sSpan1218" target="scriptorium.AP.001.n135.mother.mark.xml#sSpan1212"/>
		<rel id="sPointingRel545" xlink:href="scriptorium.AP.001.n135.mother.mark.xml#sSpan462" target="scriptorium.AP.001.n135.mother.mark.xml#sSpan464"/>
		<rel id="sPointingRel547" xlink:href="scriptorium.AP.001.n135.mother.mark.xml#sSpan497" target="scriptorium.AP.001.n135.mother.mark.xml#sSpan499"/>
		<rel id="sPointingRel549" xlink:href="scriptorium.AP.001.n135.mother.mark.xml#sSpan889" target="scriptorium.AP.001.n135.mother.mark.xml#sSpan879"/>
		<rel id="sPointingRel551" xlink:href="scriptorium.AP.001.n135.mother.mark.xml#sSpan634" target="scriptorium.AP.001.n135.mother.mark.xml#sSpan630"/>
		<rel id="sPointingRel553" xlink:href="scriptorium.AP.001.n135.mother.mark.xml#sSpan454" target="scriptorium.AP.001.n135.mother.mark.xml#sSpan449"/>
		<rel id="sPointingRel555" xlink:href="scriptorium.AP.001.n135.mother.mark.xml#sSpan42" target="scriptorium.AP.001.n135.mother.mark.xml#sSpan48"/>
		<rel id="sPointingRel557" xlink:href="scriptorium.AP.001.n135.mother.mark.xml#sSpan665" target="scriptorium.AP.001.n135.mother.mark.xml#sSpan661"/>
		<rel id="sPointingRel559" xlink:href="scriptorium.AP.001.n135.mother.mark.xml#sSpan1059" target="scriptorium.AP.001.n135.mother.mark.xml#sSpan1055"/>
		<rel id="sPointingRel561" xlink:href="scriptorium.AP.001.n135.mother.mark.xml#sSpan393" target="scriptorium.AP.001.n135.mother.mark.xml#sSpan390"/>
		<rel id="sPointingRel563" xlink:href="scriptorium.AP.001.n135.mother.mark.xml#sSpan1218" target="scriptorium.AP.001.n135.mother.mark.xml#sSpan1235"/>
		<rel id="sPointingRel565" xlink:href="scriptorium.AP.001.n135.mother.mark.xml#sSpan393" target="scriptorium.AP.001.n135.mother.mark.xml#sSpan386"/>
		<rel id="sPointingRel567" xlink:href="scriptorium.AP.001.n135.mother.mark.xml#sSpan109" target="scriptorium.AP.001.n135.mother.mark.xml#sSpan105"/>
		<rel id="sPointingRel569" xlink:href="scriptorium.AP.001.n135.mother.mark.xml#sSpan115" target="scriptorium.AP.001.n135.mother.mark.xml#sSpan111"/>
		<rel id="sPointingRel571" xlink:href="scriptorium.AP.001.n135.mother.mark.xml#sSpan20" target="scriptorium.AP.001.n135.mother.mark.xml#sSpan42"/>
		<rel id="sPointingRel573" xlink:href="scriptorium.AP.001.n135.mother.mark.xml#sSpan1050" target="scriptorium.AP.001.n135.mother.mark.xml#sSpan1046"/>
		<rel id="sPointingRel575" xlink:href="scriptorium.AP.001.n135.mother.mark.xml#sSpan393" target="scriptorium.AP.001.n135.mother.mark.xml#sSpan404"/>
		<rel id="sPointingRel577" xlink:href="scriptorium.AP.001.n135.mother.mark.xml#sSpan811" target="scriptorium.AP.001.n135.mother.mark.xml#sSpan813"/>
		<rel id="sPointingRel579" xlink:href="scriptorium.AP.001.n135.mother.mark.xml#sSpan1321" target="scriptorium.AP.001.n135.mother.mark.xml#sSpan1318"/>
		<rel id="sPointingRel581" xlink:href="scriptorium.AP.001.n135.mother.mark.xml#sSpan109" target="scriptorium.AP.001.n135.mother.mark.xml#sSpan100"/>
		<rel id="sPointingRel583" xlink:href="scriptorium.AP.001.n135.mother.mark.xml#sSpan1218" target="scriptorium.AP.001.n135.mother.mark.xml#sSpan1208"/>
		<rel id="sPointingRel585" xlink:href="scriptorium.AP.001.n135.mother.mark.xml#sSpan186" target="scriptorium.AP.001.n135.mother.mark.xml#sSpan233"/>
		<rel id="sPointingRel587" xlink:href="scriptorium.AP.001.n135.mother.mark.xml#sSpan384" target="scriptorium.AP.001.n135.mother.mark.xml#sSpan393"/>
		<rel id="sPointingRel589" xlink:href="scriptorium.AP.001.n135.mother.mark.xml#sSpan622" target="scriptorium.AP.001.n135.mother.mark.xml#sSpan617"/>
		<rel id="sPointingRel591" xlink:href="scriptorium.AP.001.n135.mother.mark.xml#sSpan247" target="scriptorium.AP.001.n135.mother.mark.xml#sSpan293"/>
		<rel id="sPointingRel593" xlink:href="scriptorium.AP.001.n135.mother.mark.xml#sSpan1180" target="scriptorium.AP.001.n135.mother.mark.xml#sSpan1190"/>
		<rel id="sPointingRel595" xlink:href="scriptorium.AP.001.n135.mother.mark.xml#sSpan462" target="scriptorium.AP.001.n135.mother.mark.xml#sSpan460"/>
		<rel id="sPointingRel597" xlink:href="scriptorium.AP.001.n135.mother.mark.xml#sSpan936" target="scriptorium.AP.001.n135.mother.mark.xml#sSpan950"/>
		<rel id="sPointingRel599" xlink:href="scriptorium.AP.001.n135.mother.mark.xml#sSpan1028" target="scriptorium.AP.001.n135.mother.mark.xml#sSpan1024"/>
		<rel id="sPointingRel601" xlink:href="scriptorium.AP.001.n135.mother.mark.xml#sSpan889" target="scriptorium.AP.001.n135.mother.mark.xml#sSpan920"/>
		<rel id="sPointingRel603" xlink:href="scriptorium.AP.001.n135.mother.mark.xml#sSpan978" target="scriptorium.AP.001.n135.mother.mark.xml#sSpan976"/>
		<rel id="sPointingRel605" xlink:href="scriptorium.AP.001.n135.mother.mark.xml#sSpan1321" target="scriptorium.AP.001.n135.mother.mark.xml#sSpan1361"/>
		<rel id="sPointingRel607" xlink:href="scriptorium.AP.001.n135.mother.mark.xml#sSpan1331" target="scriptorium.AP.001.n135.mother.mark.xml#sSpan1341"/>
		<rel id="sPointingRel609" xlink:href="scriptorium.AP.001.n135.mother.mark.xml#sSpan1269" target="scriptorium.AP.001.n135.mother.mark.xml#sSpan1280"/>
		<rel id="sPointingRel611" xlink:href="scriptorium.AP.001.n135.mother.mark.xml#sSpan412" target="scriptorium.AP.001.n135.mother.mark.xml#sSpan407"/>
		<rel id="sPointingRel613" xlink:href="scriptorium.AP.001.n135.mother.mark.xml#sSpan160" target="scriptorium.AP.001.n135.mother.mark.xml#sSpan149"/>
		<rel id="sPointingRel615" xlink:href="scriptorium.AP.001.n135.mother.mark.xml#sSpan527" target="scriptorium.AP.001.n135.mother.mark.xml#sSpan531"/>
		<rel id="sPointingRel617" xlink:href="scriptorium.AP.001.n135.mother.mark.xml#sSpan1280" target="scriptorium.AP.001.n135.mother.mark.xml#sSpan1277"/>
		<rel id="sPointingRel619" xlink:href="scriptorium.AP.001.n135.mother.mark.xml#sSpan1081" target="scriptorium.AP.001.n135.mother.mark.xml#sSpan1089"/>
		<rel id="sPointingRel621" xlink:href="scriptorium.AP.001.n135.mother.mark.xml#sSpan1321" target="scriptorium.AP.001.n135.mother.mark.xml#sSpan1310"/>
		<rel id="sPointingRel623" xlink:href="scriptorium.AP.001.n135.mother.mark.xml#sSpan1171" target="scriptorium.AP.001.n135.mother.mark.xml#sSpan1162"/>
		<rel id="sPointingRel625" xlink:href="scriptorium.AP.001.n135.mother.mark.xml#sSpan622" target="scriptorium.AP.001.n135.mother.mark.xml#sSpan628"/>
		<rel id="sPointingRel627" xlink:href="scriptorium.AP.001.n135.mother.mark.xml#sSpan1190" target="scriptorium.AP.001.n135.mother.mark.xml#sSpan1187"/>
		<rel id="sPointingRel629" xlink:href="scriptorium.AP.001.n135.mother.mark.xml#sSpan628" target="scriptorium.AP.001.n135.mother.mark.xml#sSpan634"/>
		<rel id="sPointingRel631" xlink:href="scriptorium.AP.001.n135.mother.mark.xml#sSpan1081" target="scriptorium.AP.001.n135.mother.mark.xml#sSpan1079"/>
		<rel id="sPointingRel633" xlink:href="scriptorium.AP.001.n135.mother.mark.xml#sSpan419" target="scriptorium.AP.001.n135.mother.mark.xml#sSpan415"/>
		<rel id="sPointingRel635" xlink:href="scriptorium.AP.001.n135.mother.mark.xml#sSpan1242" target="scriptorium.AP.001.n135.mother.mark.xml#sSpan1237"/>
		<rel id="sPointingRel637" xlink:href="scriptorium.AP.001.n135.mother.mark.xml#sSpan328" target="scriptorium.AP.001.n135.mother.mark.xml#sSpan338"/>
		<rel id="sPointingRel639" xlink:href="scriptorium.AP.001.n135.mother.mark.xml#sSpan42" target="scriptorium.AP.001.n135.mother.mark.xml#sSpan33"/>
		<rel id="sPointingRel641" xlink:href="scriptorium.AP.001.n135.mother.mark.xml#sSpan703" target="scriptorium.AP.001.n135.mother.mark.xml#sSpan697"/>
		<rel id="sPointingRel643" xlink:href="scriptorium.AP.001.n135.mother.mark.xml#sSpan803" target="scriptorium.AP.001.n135.mother.mark.xml#sSpan866"/>
		<rel id="sPointingRel645" xlink:href="scriptorium.AP.001.n135.mother.mark.xml#sSpan91" target="scriptorium.AP.001.n135.mother.mark.xml#sSpan98"/>
		<rel id="sPointingRel647" xlink:href="scriptorium.AP.001.n135.mother.mark.xml#sSpan784" target="scriptorium.AP.001.n135.mother.mark.xml#sSpan779"/>
		<rel id="sPointingRel649" xlink:href="scriptorium.AP.001.n135.mother.mark.xml#sSpan328" target="scriptorium.AP.001.n135.mother.mark.xml#sSpan326"/>
		<rel id="sPointingRel651" xlink:href="scriptorium.AP.001.n135.mother.mark.xml#sSpan1038" target="scriptorium.AP.001.n135.mother.mark.xml#sSpan1031"/>
		<rel id="sPointingRel653" xlink:href="scriptorium.AP.001.n135.mother.mark.xml#sSpan328" target="scriptorium.AP.001.n135.mother.mark.xml#sSpan317"/>
		<rel id="sPointingRel655" xlink:href="scriptorium.AP.001.n135.mother.mark.xml#sSpan186" target="scriptorium.AP.001.n135.mother.mark.xml#sSpan160"/>
		<rel id="sPointingRel657" xlink:href="scriptorium.AP.001.n135.mother.mark.xml#sSpan792" target="scriptorium.AP.001.n135.mother.mark.xml#sSpan787"/>
		<rel id="sPointingRel659" xlink:href="scriptorium.AP.001.n135.mother.mark.xml#sSpan557" target="scriptorium.AP.001.n135.mother.mark.xml#sSpan566"/>
		<rel id="sPointingRel661" xlink:href="scriptorium.AP.001.n135.mother.mark.xml#sSpan91" target="scriptorium.AP.001.n135.mother.mark.xml#sSpan109"/>
		<rel id="sPointingRel663" xlink:href="scriptorium.AP.001.n135.mother.mark.xml#sSpan1235" target="scriptorium.AP.001.n135.mother.mark.xml#sSpan1321"/>
		<rel id="sPointingRel665" xlink:href="scriptorium.AP.001.n135.mother.mark.xml#sSpan20" target="scriptorium.AP.001.n135.mother.mark.xml#sSpan26"/>
		<rel id="sPointingRel667" xlink:href="scriptorium.AP.001.n135.mother.mark.xml#sSpan83" target="scriptorium.AP.001.n135.mother.mark.xml#sSpan63"/>
		<rel id="sPointingRel669" xlink:href="scriptorium.AP.001.n135.mother.mark.xml#sSpan186" target="scriptorium.AP.001.n135.mother.mark.xml#sSpan200"/>
		<rel id="sPointingRel671" xlink:href="scriptorium.AP.001.n135.mother.mark.xml#sSpan1121" target="scriptorium.AP.001.n135.mother.mark.xml#sSpan1118"/>
		<rel id="sPointingRel673" xlink:href="scriptorium.AP.001.n135.mother.mark.xml#sSpan540" target="scriptorium.AP.001.n135.mother.mark.xml#sSpan537"/>
		<rel id="sPointingRel675" xlink:href="scriptorium.AP.001.n135.mother.mark.xml#sSpan1160" target="scriptorium.AP.001.n135.mother.mark.xml#sSpan1158"/>
		<rel id="sPointingRel677" xlink:href="scriptorium.AP.001.n135.mother.mark.xml#sSpan1263" target="scriptorium.AP.001.n135.mother.mark.xml#sSpan1252"/>
		<rel id="sPointingRel679" xlink:href="scriptorium.AP.001.n135.mother.mark.xml#sSpan1139" target="scriptorium.AP.001.n135.mother.mark.xml#sSpan1135"/>
		<rel id="sPointingRel681" xlink:href="scriptorium.AP.001.n135.mother.mark.xml#sSpan476" target="scriptorium.AP.001.n135.mother.mark.xml#sSpan468"/>
		<rel id="sPointingRel683" xlink:href="scriptorium.AP.001.n135.mother.mark.xml#sSpan1081" target="scriptorium.AP.001.n135.mother.mark.xml#sSpan1115"/>
		<rel id="sPointingRel685" xlink:href="scriptorium.AP.001.n135.mother.mark.xml#sSpan476" target="scriptorium.AP.001.n135.mother.mark.xml#sSpan573"/>
		<rel id="sPointingRel687" xlink:href="scriptorium.AP.001.n135.mother.mark.xml#sSpan160" target="scriptorium.AP.001.n135.mother.mark.xml#sSpan157"/>
		<rel id="sPointingRel689" xlink:href="scriptorium.AP.001.n135.mother.mark.xml#sSpan462" target="scriptorium.AP.001.n135.mother.mark.xml#sSpan427"/>
		<rel id="sPointingRel691" xlink:href="scriptorium.AP.001.n135.mother.mark.xml#sSpan134" target="scriptorium.AP.001.n135.mother.mark.xml#sSpan136"/>
		<rel id="sPointingRel693" xlink:href="scriptorium.AP.001.n135.mother.mark.xml#sSpan936" target="scriptorium.AP.001.n135.mother.mark.xml#sSpan929"/>
		<rel id="sPointingRel695" xlink:href="scriptorium.AP.001.n135.mother.mark.xml#sSpan901" target="scriptorium.AP.001.n135.mother.mark.xml#sSpan894"/>
		<rel id="sPointingRel697" xlink:href="scriptorium.AP.001.n135.mother.mark.xml#sSpan1381" target="scriptorium.AP.001.n135.mother.mark.xml#sSpan1373"/>
		<rel id="sPointingRel699" xlink:href="scriptorium.AP.001.n135.mother.mark.xml#sSpan214" target="scriptorium.AP.001.n135.mother.mark.xml#sSpan222"/>
		<rel id="sPointingRel701" xlink:href="scriptorium.AP.001.n135.mother.mark.xml#sSpan1218" target="scriptorium.AP.001.n135.mother.mark.xml#sSpan1198"/>
		<rel id="sPointingRel703" xlink:href="scriptorium.AP.001.n135.mother.mark.xml#sSpan109" target="scriptorium.AP.001.n135.mother.mark.xml#sSpan115"/>
		<rel id="sPointingRel705" xlink:href="scriptorium.AP.001.n135.mother.mark.xml#sSpan889" target="scriptorium.AP.001.n135.mother.mark.xml#sSpan901"/>
		<rel id="sPointingRel707" xlink:href="scriptorium.AP.001.n135.mother.mark.xml#sSpan1081" target="scriptorium.AP.001.n135.mother.mark.xml#sSpan1193"/>
		<rel id="sPointingRel709" xlink:href="scriptorium.AP.001.n135.mother.mark.xml#sSpan345" target="scriptorium.AP.001.n135.mother.mark.xml#sSpan347"/>
		<rel id="sPointingRel711" xlink:href="scriptorium.AP.001.n135.mother.mark.xml#sSpan978" target="scriptorium.AP.001.n135.mother.mark.xml#sSpan993"/>
		<rel id="sPointingRel713" xlink:href="scriptorium.AP.001.n135.mother.mark.xml#sSpan691" target="scriptorium.AP.001.n135.mother.mark.xml#sSpan715"/>
		<rel id="sPointingRel715" xlink:href="scriptorium.AP.001.n135.mother.mark.xml#sSpan1115" target="scriptorium.AP.001.n135.mother.mark.xml#sSpan1124"/>
		<rel id="sPointingRel717" xlink:href="scriptorium.AP.001.n135.mother.mark.xml#sSpan109" target="scriptorium.AP.001.n135.mother.mark.xml#sSpan107"/>
		<rel id="sPointingRel719" xlink:href="scriptorium.AP.001.n135.mother.mark.xml#sSpan214" target="scriptorium.AP.001.n135.mother.mark.xml#sSpan220"/>
		<rel id="sPointingRel721" xlink:href="scriptorium.AP.001.n135.mother.mark.xml#sSpan652" target="scriptorium.AP.001.n135.mother.mark.xml#sSpan642"/>
		<rel id="sPointingRel723" xlink:href="scriptorium.AP.001.n135.mother.mark.xml#sSpan978" target="scriptorium.AP.001.n135.mother.mark.xml#sSpan1062"/>
		<rel id="sPointingRel725" xlink:href="scriptorium.AP.001.n135.mother.mark.xml#sSpan611" target="scriptorium.AP.001.n135.mother.mark.xml#sSpan607"/>
		<rel id="sPointingRel727" xlink:href="scriptorium.AP.001.n135.mother.mark.xml#sSpan1321" target="scriptorium.AP.001.n135.mother.mark.xml#sSpan1263"/>
		<rel id="sPointingRel729" xlink:href="scriptorium.AP.001.n135.mother.mark.xml#sSpan736" target="scriptorium.AP.001.n135.mother.mark.xml#sSpan745"/>
		<rel id="sPointingRel731" xlink:href="scriptorium.AP.001.n135.mother.mark.xml#sSpan293" target="scriptorium.AP.001.n135.mother.mark.xml#sSpan312"/>
		<rel id="sPointingRel733" xlink:href="scriptorium.AP.001.n135.mother.mark.xml#sSpan302" target="scriptorium.AP.001.n135.mother.mark.xml#sSpan309"/>
		<rel id="sPointingRel735" xlink:href="scriptorium.AP.001.n135.mother.mark.xml#sSpan826" target="scriptorium.AP.001.n135.mother.mark.xml#sSpan838"/></relList></paula>