<?xml version='1.0' encoding='UTF-8'?><!DOCTYPE paula SYSTEM "paula_feat.dtd">
<paula version="1.1">
	<header paula_id="scriptorium.AP.001.n135.mother.mark_orig"/>
	<featList xmlns:xlink="http://www.w3.org/1999/xlink" type="orig" xml:base="scriptorium.AP.001.n135.mother.mark.xml">
		<feat xlink:href="#sSpan2" value="ⲉⲩⲉ"/>
		<feat xlink:href="#sSpan14" value="ⲉ̇"/>
		<feat xlink:href="#sSpan18" value="ϥ"/>
		<feat xlink:href="#sSpan21" value="ϫⲱ"/>
		<feat xlink:href="#sSpan23" value="ⲙ̇ⲙⲟ"/>
		<feat xlink:href="#sSpan27" value="ⲥ"/>
		<feat xlink:href="#sSpan30" value="·"/>
		<feat xlink:href="#sSpan34" value="ϫⲉ"/>
		<feat xlink:href="#sSpan39" value="ⲉ"/>
		<feat xlink:href="#sSpan41" value="ⲓ̇"/>
		<feat xlink:href="#sSpan43" value="ⲟⲩⲱϣ"/>
		<feat xlink:href="#sSpan45" value="ⲉ̇"/>
		<feat xlink:href="#sSpan49" value="ⲧⲟⲩϫⲉ"/>
		<feat xlink:href="#sSpan52" value="ⲧⲁ"/>
		<feat xlink:href="#sSpan56" value="ⲯⲩⲭⲏ"/>
		<feat xlink:href="#sSpan59" value="ⲻ"/>
		<feat xlink:href="#sSpan64" value="ⲛ̄ⲧⲟⲥ"/>
		<feat xlink:href="#sSpan74" value="ⲇⲉ"/>
		<feat xlink:href="#sSpan78" value="ⲁ̇"/>
		<feat xlink:href="#sSpan82" value="ⲥ"/>
		<feat xlink:href="#sSpan84" value="ϩⲓ̇ⲥⲉ"/>
		<feat xlink:href="#sSpan86" value="ⲉ̇"/>
		<feat xlink:href="#sSpan90" value="ⲥ"/>
		<feat xlink:href="#sSpan92" value="ϣⲱϣⲧ̇"/>
		<feat xlink:href="#sSpan95" value="ⲙ̇ⲙⲟ"/>
		<feat xlink:href="#sSpan99" value="ϥ"/>
		<feat xlink:href="#sSpan101" value="ⲙ̇ⲡⲉ"/>
		<feat xlink:href="#sSpan106" value="ⲥ"/>
		<feat xlink:href="#sSpan108" value="ϣ̇"/>
		<feat xlink:href="#sSpan110" value="ϭⲙ̇ϭⲟⲙ"/>
		<feat xlink:href="#sSpan112" value="ⲉ̇ⲣⲟ"/>
		<feat xlink:href="#sSpan116" value="ϥ"/>
		<feat xlink:href="#sSpan118" value="ⲙⲛ̇ⲛⲥⲱ"/>
		<feat xlink:href="#sSpan127" value="ⲥ"/>
		<feat xlink:href="#sSpan129" value="ⲁ̇"/>
		<feat xlink:href="#sSpan133" value="ⲥ"/>
		<feat xlink:href="#sSpan135" value="ⲕⲁⲁ̇"/>
		<feat xlink:href="#sSpan137" value="ϥ"/>
		<feat xlink:href="#sSpan139" value="ⲉ̇ⲃⲟⲗ"/>
		<feat xlink:href="#sSpan146" value="·"/>
		<feat xlink:href="#sSpan150" value="ⲛⲧⲉⲣⲉ"/>
		<feat xlink:href="#sSpan158" value="ϥ"/>
		<feat xlink:href="#sSpan161" value="ⲃⲱⲕ"/>
		<feat xlink:href="#sSpan165" value="ⲇⲉ"/>
		<feat xlink:href="#sSpan169" value="ⲛ̇"/>
		<feat xlink:href="#sSpan173" value="ϥ"/>
		<feat xlink:href="#sSpan176" value="ⲣⲙⲟⲛⲁⲭⲟⲥ"/>
		<feat xlink:href="#sSpan181" value="ⲁ̇"/>
		<feat xlink:href="#sSpan185" value="ϥ"/>
		<feat xlink:href="#sSpan187" value="ϣⲱⲡⲉ"/>
		<feat xlink:href="#sSpan189" value="ϩⲛ̇"/>
		<feat xlink:href="#sSpan193" value="ⲟⲩ"/>
		<feat xlink:href="#sSpan197" value="ⲁⲙⲉⲗⲓ̇ⲁ̇"/>
		<feat xlink:href="#sSpan201" value="·"/>
		<feat xlink:href="#sSpan205" value="ⲁⲩⲱ̇"/>
		<feat xlink:href="#sSpan209" value="ⲁ̇"/>
		<feat xlink:href="#sSpan213" value="ϥ"/>
		<feat xlink:href="#sSpan215" value="ϫⲉ"/>
		<feat xlink:href="#sSpan218" value="ⲡⲉϥ"/>
		<feat xlink:href="#sSpan221" value="ⲁ̇ϩⲉ"/>
		<feat xlink:href="#sSpan223" value="ⲉ̇ⲃⲟⲗ"/>
		<feat xlink:href="#sSpan228" value="ⲕⲁⲕⲱⲥ"/>
		<feat xlink:href="#sSpan234" value="·"/>
		<feat xlink:href="#sSpan238" value="ⲁ̇"/>
		<feat xlink:href="#sSpan246" value="ⲥ"/>
		<feat xlink:href="#sSpan248" value="ϣⲱⲡⲉ"/>
		<feat xlink:href="#sSpan253" value="ⲇⲉ"/>
		<feat xlink:href="#sSpan257" value="ⲛ̇ⲧⲉⲣⲉ"/>
		<feat xlink:href="#sSpan261" value="ⲧⲉϥ"/>
		<feat xlink:href="#sSpan264" value="ⲙⲁⲁ̇ⲩ"/>
		<feat xlink:href="#sSpan266" value="ⲙⲟⲩ"/>
		<feat xlink:href="#sSpan271" value="."/>
		<feat xlink:href="#sSpan275" value="ⲙⲛ̇ⲛ̇ⲥⲁ"/>
		<feat xlink:href="#sSpan279" value="ⲟⲩⲟⲉ̇ⲓ̇ϣ"/>
		<feat xlink:href="#sSpan283" value="ⲇⲉ"/>
		<feat xlink:href="#sSpan288" value="ⲁ̇"/>
		<feat xlink:href="#sSpan292" value="ϥ"/>
		<feat xlink:href="#sSpan294" value="ϣⲱⲛⲉ"/>
		<feat xlink:href="#sSpan296" value="ϩⲛ̇"/>
		<feat xlink:href="#sSpan300" value="ⲟⲩ"/>
		<feat xlink:href="#sSpan303" value="ⲛⲟϭ"/>
		<feat xlink:href="#sSpan305" value="ⲛ̇"/>
		<feat xlink:href="#sSpan310" value="ϣⲱⲛⲉ"/>
		<feat xlink:href="#sSpan313" value="·"/>
		<feat xlink:href="#sSpan318" value="ϩⲱⲥⲧⲉ"/>
		<feat xlink:href="#sSpan322" value="ⲛ"/>
		<feat xlink:href="#sSpan327" value="ϥ̇"/>
		<feat xlink:href="#sSpan329" value="ϣⲱⲡⲉ"/>
		<feat xlink:href="#sSpan331" value="ϩⲛ̇"/>
		<feat xlink:href="#sSpan335" value="ⲟⲩ"/>
		<feat xlink:href="#sSpan339" value="ⲉ̇ⲕⲥⲧⲁⲥⲓⲥ"/>
		<feat xlink:href="#sSpan342" value="ⲉ̇"/>
		<feat xlink:href="#sSpan346" value="ⲧⲣⲉ"/>
		<feat xlink:href="#sSpan348" value="ⲩ"/>
		<feat xlink:href="#sSpan350" value="ⲧⲟⲣⲡ"/>
		<feat xlink:href="#sSpan352" value="ϥ̇"/>
		<feat xlink:href="#sSpan354" value="ⲉ̇"/>
		<feat xlink:href="#sSpan358" value="ⲧⲉ"/>
		<feat xlink:href="#sSpan363" value="ⲕⲣⲓ̇ⲥⲓ̇ⲥ"/>
		<feat xlink:href="#sSpan366" value="·"/>
		<feat xlink:href="#sSpan370" value="ⲁⲩⲱ̇"/>
		<feat xlink:href="#sSpan378" value="ⲁ̇"/>
		<feat xlink:href="#sSpan383" value="ϥ"/>
		<feat xlink:href="#sSpan385" value="ϭⲓ̇ⲛⲉ"/>
		<feat xlink:href="#sSpan387" value="ⲛ̇"/>
		<feat xlink:href="#sSpan391" value="ⲧⲉϥ"/>
		<feat xlink:href="#sSpan394" value="ⲙⲁⲁ̇ⲩ"/>
		<feat xlink:href="#sSpan396" value="ⲙ̇ⲙⲁⲩ"/>
		<feat xlink:href="#sSpan401" value="ⲙⲛ̇"/>
		<feat xlink:href="#sSpan405" value="ⲛ"/>
		<feat xlink:href="#sSpan408" value="ⲉⲧ"/>
		<feat xlink:href="#sSpan410" value="ⲟⲩ"/>
		<feat xlink:href="#sSpan413" value="ⲕ̇ⲣⲓ̇ⲛⲉ"/>
		<feat xlink:href="#sSpan416" value="ⲙ̇ⲙⲟ"/>
		<feat xlink:href="#sSpan420" value="ⲟⲩ"/>
		<feat xlink:href="#sSpan423" value="·ⲻ"/>
		<feat xlink:href="#sSpan428" value="ⲛ̄ⲧⲟⲥ"/>
		<feat xlink:href="#sSpan438" value="ⲇⲉ"/>
		<feat xlink:href="#sSpan442" value="ⲛ̇ⲧⲉⲣⲉ"/>
		<feat xlink:href="#sSpan446" value="ⲥ"/>
		<feat xlink:href="#sSpan448" value="ⲛⲁⲩ"/>
		<feat xlink:href="#sSpan450" value="ⲉ̇ⲣⲟ"/>
		<feat xlink:href="#sSpan455" value="ϥ"/>
		<feat xlink:href="#sSpan457" value="ⲁ̇"/>
		<feat xlink:href="#sSpan461" value="ⲥ"/>
		<feat xlink:href="#sSpan463" value="ⲡⲱϣⲥ̇"/>
		<feat xlink:href="#sSpan465" value="·"/>
		<feat xlink:href="#sSpan469" value="ⲁⲩⲱ̇"/>
		<feat xlink:href="#sSpan477" value="ⲡⲉϫⲁ"/>
		<feat xlink:href="#sSpan482" value="ⲥ"/>
		<feat xlink:href="#sSpan484" value="ⲛⲁ"/>
		<feat xlink:href="#sSpan488" value="ϥ"/>
		<feat xlink:href="#sSpan490" value="·"/>
		<feat xlink:href="#sSpan494" value="ϫⲉ"/>
		<feat xlink:href="#sSpan498" value="ⲟⲩ"/>
		<feat xlink:href="#sSpan500" value="ⲡⲉ"/>
		<feat xlink:href="#sSpan505" value="ⲡⲁⲓ"/>
		<feat xlink:href="#sSpan510" value="ⲡⲁ"/>
		<feat xlink:href="#sSpan515" value="ϣⲏⲣⲉ"/>
		<feat xlink:href="#sSpan517" value="ⲉ̇"/>
		<feat xlink:href="#sSpan521" value="ⲧⲣⲉ"/>
		<feat xlink:href="#sSpan524" value="ⲕ"/>
		<feat xlink:href="#sSpan526" value="ⲉⲓ̇"/>
		<feat xlink:href="#sSpan528" value="ϩⲱ̇ⲱ̇"/>
		<feat xlink:href="#sSpan532" value="ⲕ"/>
		<feat xlink:href="#sSpan534" value="ⲉ̇"/>
		<feat xlink:href="#sSpan538" value="ⲡⲉⲓ̇"/>
		<feat xlink:href="#sSpan541" value="ⲙⲁ"/>
		<feat xlink:href="#sSpan544" value="ϩⲱⲥⲧⲉ"/>
		<feat xlink:href="#sSpan549" value="ⲉ̇"/>
		<feat xlink:href="#sSpan553" value="ⲧⲣⲉ"/>
		<feat xlink:href="#sSpan555" value="ⲩ"/>
		<feat xlink:href="#sSpan558" value="ⲕⲣⲓ̇ⲛⲉ"/>
		<feat xlink:href="#sSpan560" value="ⲙ̇ⲙⲟ"/>
		<feat xlink:href="#sSpan565" value="ⲕ"/>
		<feat xlink:href="#sSpan567" value="ϩⲱ̇ⲱ"/>
		<feat xlink:href="#sSpan571" value="ⲕ"/>
		<feat xlink:href="#sSpan574" value="·ⲻ"/>
		<feat xlink:href="#sSpan579" value="ⲉ"/>
		<feat xlink:href="#sSpan588" value="ⲩ"/>
		<feat xlink:href="#sSpan590" value="ⲧⲱⲛ"/>
		<feat xlink:href="#sSpan592" value="ⲛⲉⲕ"/>
		<feat xlink:href="#sSpan597" value="ϣⲁϫⲉ"/>
		<feat xlink:href="#sSpan599" value="ⲉ̇ⲧⲉ"/>
		<feat xlink:href="#sSpan604" value="ⲕ"/>
		<feat xlink:href="#sSpan606" value="ϫⲱ"/>
		<feat xlink:href="#sSpan608" value="ⲙ̇ⲙⲟ"/>
		<feat xlink:href="#sSpan612" value="ⲟⲩ"/>
		<feat xlink:href="#sSpan614" value="ϫⲉ"/>
		<feat xlink:href="#sSpan618" value="ⲉ"/>
		<feat xlink:href="#sSpan621" value="ⲓ̈"/>
		<feat xlink:href="#sSpan623" value="ⲟⲩⲉ̇ϣ"/>
		<feat xlink:href="#sSpan625" value="ⲉ"/>
		<feat xlink:href="#sSpan629" value="ⲧⲟⲩϫⲉ"/>
		<feat xlink:href="#sSpan631" value="ⲧⲁ"/>
		<feat xlink:href="#sSpan635" value="ⲯⲩⲭⲏ"/>
		<feat xlink:href="#sSpan639" value="·"/>
		<feat xlink:href="#sSpan643" value="ⲁ̇"/>
		<feat xlink:href="#sSpan651" value="ϥ"/>
		<feat xlink:href="#sSpan653" value="ϣⲓ̇ⲡⲉ"/>
		<feat xlink:href="#sSpan657" value="ⲇⲉ"/>
		<feat xlink:href="#sSpan662" value="ⲉ̇ϫⲛ̇"/>
		<feat xlink:href="#sSpan666" value="ⲛ"/>
		<feat xlink:href="#sSpan669" value="ⲉⲛⲧ"/>
		<feat xlink:href="#sSpan671" value="ⲁ"/>
		<feat xlink:href="#sSpan673" value="ϥ"/>
		<feat xlink:href="#sSpan675" value="ⲥⲟⲧⲙ"/>
		<feat xlink:href="#sSpan678" value="ⲟⲩ"/>
		<feat xlink:href="#sSpan680" value="ⲁ̇"/>
		<feat xlink:href="#sSpan688" value="ϥ"/>
		<feat xlink:href="#sSpan690" value="ⲁ̇ϩⲉ"/>
		<feat xlink:href="#sSpan692" value="ⲣⲁⲧ"/>
		<feat xlink:href="#sSpan694" value="ϥ̇"/>
		<feat xlink:href="#sSpan696" value="ⲉ̇"/>
		<feat xlink:href="#sSpan700" value="ϥ"/>
		<feat xlink:href="#sSpan702" value="ⲟ̇ⲕⲙ̇"/>
		<feat xlink:href="#sSpan706" value="·"/>
		<feat xlink:href="#sSpan710" value="ⲉ̇"/>
		<feat xlink:href="#sSpan714" value="ⲙⲛ̇ⲧ"/>
		<feat xlink:href="#sSpan716" value="ϥ̇"/>
		<feat xlink:href="#sSpan718" value="ⲗⲁⲁ̇ⲩ"/>
		<feat xlink:href="#sSpan723" value="ⲛ"/>
		<feat xlink:href="#sSpan729" value="ⲁⲡⲟⲗⲟⲅⲓ̇ⲁ̇"/>
		<feat xlink:href="#sSpan731" value="ⲉ̇"/>
		<feat xlink:href="#sSpan735" value="ϫⲱ"/>
		<feat xlink:href="#sSpan737" value="ⲛⲁ"/>
		<feat xlink:href="#sSpan744" value="ⲥ"/>
		<feat xlink:href="#sSpan747" value="·"/>
		<feat xlink:href="#sSpan752" value="ⲕⲁⲧⲁ"/>
		<feat xlink:href="#sSpan760" value="ⲟⲩ"/>
		<feat xlink:href="#sSpan764" value="ⲟⲓ̇[ⲕ]ⲟ̣ⲛ̣ⲟ̣ⲙⲓⲁ"/>
		<feat xlink:href="#sSpan769" value="ⲇⲉ"/>
		<feat xlink:href="#sSpan773" value="ⲛ̇ⲧⲉ"/>
		<feat xlink:href="#sSpan778" value="[ⲡ̇]"/>
		<feat xlink:href="#sSpan781" value="ⲛ̣ⲟⲩⲧⲉ"/>
		<feat xlink:href="#sSpan784" value="ⲡ̇"/>
		<feat xlink:href="#sSpan789" value="ⲙⲁⲓⲣⲱⲙⲉ"/>
		<feat xlink:href="#sSpan795" value="[..]"/>
		<feat xlink:href="#sSpan800" value="ϣ̣ⲱⲡⲉ"/>
		<feat xlink:href="#sSpan804" value="ⲉ̇"/>
		<feat xlink:href="#sSpan808" value="ⲧⲣⲉ"/>
		<feat xlink:href="#sSpan810" value="ϥ"/>
		<feat xlink:href="#sSpan812" value="ⲗⲟ[ϭ"/>
		<feat xlink:href="#sSpan816" value="ⲙ]"/>
		<feat xlink:href="#sSpan820" value="ⲡ"/>
		<feat xlink:href="#sSpan823" value="ϣⲱⲛⲉ"/>
		<feat xlink:href="#sSpan825" value="ⲙⲛ̇ⲛ̇ⲥⲁ"/>
		<feat xlink:href="#sSpan829" value="ⲉ"/>
		<feat xlink:href="#sSpan835" value="ⲧⲣⲉ"/>
		<feat xlink:href="#sSpan837" value="ϥ"/>
		<feat xlink:href="#sSpan839" value="ⲛⲁⲩ"/>
		<feat xlink:href="#sSpan845" value="[.....]"/>
		<feat xlink:href="#sSpan849" value="ⲛⲟⲓ"/>
		<feat xlink:href="#sSpan854" value="ϩ̇ⲙ"/>
		<feat xlink:href="#sSpan858" value="ⲡⲉϥ"/>
		<feat xlink:href="#sSpan863" value="[....]"/>
		<feat xlink:href="#sSpan867" value="ⲛ̇ⲧ"/>
		<feat xlink:href="#sSpan876" value="ⲁ"/>
		<feat xlink:href="#sSpan878" value="ⲡⲉⲓ̇"/>
		<feat xlink:href="#sSpan882" value="ϭⲙ[ϣⲓ]ⲛⲉ"/>
		<feat xlink:href="#sSpan886" value="ϣⲱⲡⲉ"/>
		<feat xlink:href="#sSpan891" value="ⲛ"/>
		<feat xlink:href="#sSpan898" value="[..]"/>
		<feat xlink:href="#sSpan903" value="[ⲉⲃⲟ]ⲗ"/>
		<feat xlink:href="#sSpan907" value="ϩⲓⲧⲙ̇"/>
		<feat xlink:href="#sSpan912" value="ⲡ̇"/>
		<feat xlink:href="#sSpan915" value="ⲛⲟⲩ[ⲧⲉ]"/>
		<feat xlink:href="#sSpan919" value="ⲻ"/>
		<feat xlink:href="#sSpan924" value="ⲁ"/>
		<feat xlink:href="#sSpan929" value="ϥ"/>
		<feat xlink:href="#sSpan931" value="ⲟ̇ⲧⲡ"/>
		<feat xlink:href="#sSpan933" value="ϥ̇"/>
		<feat xlink:href="#sSpan936" value="ϭⲉ"/>
		<feat xlink:href="#sSpan941" value="ⲉϩⲟⲩ]ⲛ"/>
		<feat xlink:href="#sSpan945" value="ⲙⲁⲩⲁ̇ⲁ"/>
		<feat xlink:href="#sSpan950" value="ϥ"/>
		<feat xlink:href="#sSpan953" value="·"/>
		<feat xlink:href="#sSpan957" value="ⲙⲛⲛⲥⲱ"/>
		<feat xlink:href="#sSpan965" value="ⲥ"/>
		<feat xlink:href="#sSpan967" value="ⲁ̇"/>
		<feat xlink:href="#sSpan971" value="ϥ"/>
		<feat xlink:href="#sSpan973" value="ϩⲙⲟⲟ̇ⲥ"/>
		<feat xlink:href="#sSpan976" value="ⲉϩⲣⲁⲓ̇"/>
		<feat xlink:href="#sSpan980" value="ⲉ̇"/>
		<feat xlink:href="#sSpan984" value="ϥ"/>
		<feat xlink:href="#sSpan988" value="ⲫⲣⲟⲛⲧⲓ̇ⲍⲉ"/>
		<feat xlink:href="#sSpan991" value="ⲉ"/>
		<feat xlink:href="#sSpan995" value="ⲡⲉϥ"/>
		<feat xlink:href="#sSpan998" value="ⲟⲩϫⲁⲓ"/>
		<feat xlink:href="#sSpan1001" value="·ⲻ"/>
		<feat xlink:href="#sSpan1006" value="ⲁⲩⲱ̇"/>
		<feat xlink:href="#sSpan1011" value="ⲉ̇"/>
		<feat xlink:href="#sSpan1015" value="ϥ"/>
		<feat xlink:href="#sSpan1017" value="ⲣⲓⲙⲉ"/>
		<feat xlink:href="#sSpan1019" value="ⲉϫⲛ̇"/>
		<feat xlink:href="#sSpan1023" value="ⲛ"/>
		<feat xlink:href="#sSpan1026" value="ⲉⲛⲧ"/>
		<feat xlink:href="#sSpan1029" value="ⲁ"/>
		<feat xlink:href="#sSpan1031" value="ϥ"/>
		<feat xlink:href="#sSpan1033" value="ⲁ̇ⲁ"/>
		<feat xlink:href="#sSpan1035" value="ⲩ"/>
		<feat xlink:href="#sSpan1037" value="ϩⲛ̇"/>
		<feat xlink:href="#sSpan1041" value="ⲟⲩ"/>
		<feat xlink:href="#sSpan1045" value="ⲙⲛⲧ̇ⲁ̇ⲙⲉⲗⲏⲥ"/>
		<feat xlink:href="#sSpan1050" value="ⲛ̇"/>
		<feat xlink:href="#sSpan1054" value="ϣⲟⲣⲡ"/>
		<feat xlink:href="#sSpan1057" value="ⲻ"/>
		<feat xlink:href="#sSpan1062" value="ⲁ"/>
		<feat xlink:href="#sSpan1071" value="ⲩ"/>
		<feat xlink:href="#sSpan1074" value="ⲧⲱⲃⲥ̇"/>
		<feat xlink:href="#sSpan1076" value="ϣⲱⲡⲉ"/>
		<feat xlink:href="#sSpan1080" value="ⲛⲁ"/>
		<feat xlink:href="#sSpan1084" value="ϥ"/>
		<feat xlink:href="#sSpan1086" value="ⲛ̇"/>
		<feat xlink:href="#sSpan1090" value="ⲧⲉⲓ̇"/>
		<feat xlink:href="#sSpan1094" value="ϭⲟⲧ"/>
		<feat xlink:href="#sSpan1097" value="."/>
		<feat xlink:href="#sSpan1102" value="ϩⲱⲥⲧⲉ"/>
		<feat xlink:href="#sSpan1106" value="ⲉ̇"/>
		<feat xlink:href="#sSpan1110" value="ⲧⲣ̇ⲉ"/>
		<feat xlink:href="#sSpan1113" value="ⲟⲩ"/>
		<feat xlink:href="#sSpan1116" value="ⲙⲏⲏϣⲉ"/>
		<feat xlink:href="#sSpan1119" value="ⲡⲁⲣⲁⲕⲁⲗⲉⲓ̇"/>
		<feat xlink:href="#sSpan1124" value="ⲙ̇ⲙⲟ"/>
		<feat xlink:href="#sSpan1128" value="ϥ"/>
		<feat xlink:href="#sSpan1130" value="ⲉ̇"/>
		<feat xlink:href="#sSpan1134" value="ⲧⲣⲉ"/>
		<feat xlink:href="#sSpan1136" value="ϥ"/>
		<feat xlink:href="#sSpan1139" value="ϯⲙⲧⲟⲛ"/>
		<feat xlink:href="#sSpan1143" value="ⲛⲁ"/>
		<feat xlink:href="#sSpan1147" value="ϥ"/>
		<feat xlink:href="#sSpan1149" value="ⲛ"/>
		<feat xlink:href="#sSpan1153" value="ⲟⲩ"/>
		<feat xlink:href="#sSpan1155" value="ⲕⲟⲩⲓ"/>
		<feat xlink:href="#sSpan1157" value="ϫⲉ"/>
		<feat xlink:href="#sSpan1161" value="ⲛ̇ⲛⲉ"/>
		<feat xlink:href="#sSpan1164" value="ϥ"/>
		<feat xlink:href="#sSpan1166" value="ϣⲱϭⲉ"/>
		<feat xlink:href="#sSpan1168" value="ϩⲓ̇ⲧⲙ̇"/>
		<feat xlink:href="#sSpan1172" value="ⲡ"/>
		<feat xlink:href="#sSpan1175" value="ⲁϣⲁⲓ̇"/>
		<feat xlink:href="#sSpan1178" value="ⲙ̇"/>
		<feat xlink:href="#sSpan1182" value="ⲡ̇"/>
		<feat xlink:href="#sSpan1185" value="ⲣⲓ̇ⲙⲉ"/>
		<feat xlink:href="#sSpan1188" value="·ⲻ"/>
		<feat xlink:href="#sSpan1193" value="ⲛⲧⲟϥ"/>
		<feat xlink:href="#sSpan1203" value="ⲇⲉ"/>
		<feat xlink:href="#sSpan1207" value="ⲙ̇ⲡⲉ"/>
		<feat xlink:href="#sSpan1211" value="ϥ"/>
		<feat xlink:href="#sSpan1213" value="ⲟⲩⲱ̇ϣ"/>
		<feat xlink:href="#sSpan1215" value="ⲉ̇"/>
		<feat xlink:href="#sSpan1220" value="ⲥ̇ⲗⲥⲱⲗ"/>
		<feat xlink:href="#sSpan1222" value="ϥ̇"/>
		<feat xlink:href="#sSpan1224" value="ⲉ"/>
		<feat xlink:href="#sSpan1228" value="ϥ̇"/>
		<feat xlink:href="#sSpan1230" value="ϫⲱ"/>
		<feat xlink:href="#sSpan1232" value="ⲙ̇ⲙⲟ"/>
		<feat xlink:href="#sSpan1237" value="ⲥ"/>
		<feat xlink:href="#sSpan1239" value="·"/>
		<feat xlink:href="#sSpan1243" value="ϫⲉ"/>
		<feat xlink:href="#sSpan1247" value="ⲉ̇ϣϫⲉ"/>
		<feat xlink:href="#sSpan1249" value="ⲙ̇ⲡ"/>
		<feat xlink:href="#sSpan1254" value="ⲓ"/>
		<feat xlink:href="#sSpan1256" value="ϣ"/>
		<feat xlink:href="#sSpan1258" value="ϭⲙ̇ϭⲟⲙ"/>
		<feat xlink:href="#sSpan1260" value="ⲉ̇"/>
		<feat xlink:href="#sSpan1264" value="ⲧⲱⲟⲩⲛ̇"/>
		<feat xlink:href="#sSpan1267" value="ϩⲁ"/>
		<feat xlink:href="#sSpan1272" value="ⲡ̇"/>
		<feat xlink:href="#sSpan1275" value="ⲛⲟϭⲛⲉϭ"/>
		<feat xlink:href="#sSpan1277" value="ⲛ̇"/>
		<feat xlink:href="#sSpan1281" value="ⲧⲁ"/>
		<feat xlink:href="#sSpan1284" value="ⲙⲁⲁⲩ"/>
		<feat xlink:href="#sSpan1288" value="·"/>
		<feat xlink:href="#sSpan1292" value="ⲛ"/>
		<feat xlink:href="#sSpan1296" value="ⲁϣ"/>
		<feat xlink:href="#sSpan1298" value="ⲛ̇"/>
		<feat xlink:href="#sSpan1302" value="ϩⲉ"/>
		<feat xlink:href="#sSpan1305" value="ⲉ̇"/>
		<feat xlink:href="#sSpan1309" value="ⲓ"/>
		<feat xlink:href="#sSpan1311" value="ⲛⲁ"/>
		<feat xlink:href="#sSpan1313" value="ϣ̇"/>
		<feat xlink:href="#sSpan1316" value="ⲧⲱⲟⲩⲛ"/>
		<feat xlink:href="#sSpan1319" value="ϩⲁ"/>
		<feat xlink:href="#sSpan1323" value="ⲡ̇"/>
		<feat xlink:href="#sSpan1326" value="ϣⲓ̇ⲡⲉ"/>
		<feat xlink:href="#sSpan1328" value="ⲙ̇"/>
		<feat xlink:href="#sSpan1333" value="ⲡⲉ"/>
		<feat xlink:href="#sSpan1336" value="ϩⲟⲟⲩ"/>
		<feat xlink:href="#sSpan1338" value="ⲛ̇"/>
		<feat xlink:href="#sSpan1342" value="ⲧⲉ"/>
		<feat xlink:href="#sSpan1346" value="ⲕⲣⲓ̇ⲥⲓ̇ⲥ"/>
		<feat xlink:href="#sSpan1348" value="ϩⲓ̇"/>
		<feat xlink:href="#sSpan1353" value="ⲑ"/>
		<feat xlink:href="#sSpan1356" value="ⲏ"/>
		<feat xlink:href="#sSpan1358" value="ⲙ̇"/>
		<feat xlink:href="#sSpan1362" value="ⲡⲉ"/>
		<feat xlink:href="#sSpan1366" value="ⲭ︤ⲥ︥"/>
		<feat xlink:href="#sSpan1368" value="ⲙⲛ̇"/>
		<feat xlink:href="#sSpan1372" value="ⲛⲉϥ"/>
		<feat xlink:href="#sSpan1376" value="ⲁ̇ⲅⲅⲉⲗⲟⲥ"/>
		<feat xlink:href="#sSpan1379" value="ⲧⲏⲣ"/>
		<feat xlink:href="#sSpan1383" value="ⲟⲩ"/>
		<feat xlink:href="#sSpan1385" value="ⲻ"/></featList></paula>