<?xml version='1.0' encoding='UTF-8'?><!DOCTYPE paula SYSTEM "paula_feat.dtd">
<paula version="1.1">
	<header paula_id="scriptorium.AP.001.n135.mother.mark_norm"/>
	<featList xmlns:xlink="http://www.w3.org/1999/xlink" type="norm" xml:base="scriptorium.AP.001.n135.mother.mark.xml">
		<feat xlink:href="#sSpan1" value="ⲉⲩⲉ"/>
		<feat xlink:href="#sSpan13" value="ⲉ"/>
		<feat xlink:href="#sSpan17" value="ϥ"/>
		<feat xlink:href="#sSpan20" value="ϫⲱ"/>
		<feat xlink:href="#sSpan22" value="ⲙⲙⲟ"/>
		<feat xlink:href="#sSpan26" value="ⲥ"/>
		<feat xlink:href="#sSpan29" value="."/>
		<feat xlink:href="#sSpan33" value="ϫⲉ"/>
		<feat xlink:href="#sSpan38" value="ⲉ"/>
		<feat xlink:href="#sSpan40" value="ⲓ"/>
		<feat xlink:href="#sSpan42" value="ⲟⲩⲱϣ"/>
		<feat xlink:href="#sSpan44" value="ⲉ"/>
		<feat xlink:href="#sSpan48" value="ⲧⲟⲩϫⲉ"/>
		<feat xlink:href="#sSpan51" value="ⲧⲁ"/>
		<feat xlink:href="#sSpan55" value="ⲯⲩⲭⲏ"/>
		<feat xlink:href="#sSpan58" value="."/>
		<feat xlink:href="#sSpan63" value="ⲛⲧⲟⲥ"/>
		<feat xlink:href="#sSpan73" value="ⲇⲉ"/>
		<feat xlink:href="#sSpan77" value="ⲁ"/>
		<feat xlink:href="#sSpan81" value="ⲥ"/>
		<feat xlink:href="#sSpan83" value="ϩⲓⲥⲉ"/>
		<feat xlink:href="#sSpan85" value="ⲉ"/>
		<feat xlink:href="#sSpan89" value="ⲥ"/>
		<feat xlink:href="#sSpan91" value="ϣⲱϣⲧ"/>
		<feat xlink:href="#sSpan94" value="ⲙⲙⲟ"/>
		<feat xlink:href="#sSpan98" value="ϥ"/>
		<feat xlink:href="#sSpan100" value="ⲙⲡⲉ"/>
		<feat xlink:href="#sSpan105" value="ⲥ"/>
		<feat xlink:href="#sSpan107" value="ϣ"/>
		<feat xlink:href="#sSpan109" value="ϭⲙϭⲟⲙ"/>
		<feat xlink:href="#sSpan111" value="ⲉⲣⲟ"/>
		<feat xlink:href="#sSpan115" value="ϥ"/>
		<feat xlink:href="#sSpan117" value="ⲙⲛⲛⲥⲱ"/>
		<feat xlink:href="#sSpan126" value="ⲥ"/>
		<feat xlink:href="#sSpan128" value="ⲁ"/>
		<feat xlink:href="#sSpan132" value="ⲥ"/>
		<feat xlink:href="#sSpan134" value="ⲕⲁⲁ"/>
		<feat xlink:href="#sSpan136" value="ϥ"/>
		<feat xlink:href="#sSpan138" value="ⲉⲃⲟⲗ"/>
		<feat xlink:href="#sSpan145" value="."/>
		<feat xlink:href="#sSpan149" value="ⲛⲧⲉⲣⲉ"/>
		<feat xlink:href="#sSpan157" value="ϥ"/>
		<feat xlink:href="#sSpan160" value="ⲃⲱⲕ"/>
		<feat xlink:href="#sSpan164" value="ⲇⲉ"/>
		<feat xlink:href="#sSpan168" value="ⲛ"/>
		<feat xlink:href="#sSpan172" value="ϥ"/>
		<feat xlink:href="#sSpan175" value="ⲣⲙⲟⲛⲁⲭⲟⲥ"/>
		<feat xlink:href="#sSpan180" value="ⲁ"/>
		<feat xlink:href="#sSpan184" value="ϥ"/>
		<feat xlink:href="#sSpan186" value="ϣⲱⲡⲉ"/>
		<feat xlink:href="#sSpan188" value="ϩⲛ"/>
		<feat xlink:href="#sSpan192" value="ⲟⲩ"/>
		<feat xlink:href="#sSpan196" value="ⲁⲙⲉⲗⲓⲁ"/>
		<feat xlink:href="#sSpan200" value="."/>
		<feat xlink:href="#sSpan204" value="ⲁⲩⲱ"/>
		<feat xlink:href="#sSpan208" value="ⲁ"/>
		<feat xlink:href="#sSpan212" value="ϥ"/>
		<feat xlink:href="#sSpan214" value="ϫⲉ"/>
		<feat xlink:href="#sSpan217" value="ⲡⲉϥ"/>
		<feat xlink:href="#sSpan220" value="ⲁϩⲉ"/>
		<feat xlink:href="#sSpan222" value="ⲉⲃⲟⲗ"/>
		<feat xlink:href="#sSpan227" value="ⲕⲁⲕⲱⲥ"/>
		<feat xlink:href="#sSpan233" value="."/>
		<feat xlink:href="#sSpan237" value="ⲁ"/>
		<feat xlink:href="#sSpan245" value="ⲥ"/>
		<feat xlink:href="#sSpan247" value="ϣⲱⲡⲉ"/>
		<feat xlink:href="#sSpan252" value="ⲇⲉ"/>
		<feat xlink:href="#sSpan256" value="ⲛⲧⲉⲣⲉ"/>
		<feat xlink:href="#sSpan260" value="ⲧⲉϥ"/>
		<feat xlink:href="#sSpan263" value="ⲙⲁⲁⲩ"/>
		<feat xlink:href="#sSpan265" value="ⲙⲟⲩ"/>
		<feat xlink:href="#sSpan270" value="."/>
		<feat xlink:href="#sSpan274" value="ⲙⲛⲛⲥⲁ"/>
		<feat xlink:href="#sSpan278" value="ⲟⲩⲟⲉⲓϣ"/>
		<feat xlink:href="#sSpan282" value="ⲇⲉ"/>
		<feat xlink:href="#sSpan287" value="ⲁ"/>
		<feat xlink:href="#sSpan291" value="ϥ"/>
		<feat xlink:href="#sSpan293" value="ϣⲱⲛⲉ"/>
		<feat xlink:href="#sSpan295" value="ϩⲛ"/>
		<feat xlink:href="#sSpan299" value="ⲟⲩ"/>
		<feat xlink:href="#sSpan302" value="ⲛⲟϭ"/>
		<feat xlink:href="#sSpan304" value="ⲛ"/>
		<feat xlink:href="#sSpan309" value="ϣⲱⲛⲉ"/>
		<feat xlink:href="#sSpan312" value="."/>
		<feat xlink:href="#sSpan317" value="ϩⲱⲥⲧⲉ"/>
		<feat xlink:href="#sSpan321" value="ⲛ"/>
		<feat xlink:href="#sSpan326" value="ϥ"/>
		<feat xlink:href="#sSpan328" value="ϣⲱⲡⲉ"/>
		<feat xlink:href="#sSpan330" value="ϩⲛ"/>
		<feat xlink:href="#sSpan334" value="ⲟⲩ"/>
		<feat xlink:href="#sSpan338" value="ⲉⲕⲥⲧⲁⲥⲓⲥ"/>
		<feat xlink:href="#sSpan341" value="ⲉ"/>
		<feat xlink:href="#sSpan345" value="ⲧⲣⲉ"/>
		<feat xlink:href="#sSpan347" value="ⲩ"/>
		<feat xlink:href="#sSpan349" value="ⲧⲟⲣⲡ"/>
		<feat xlink:href="#sSpan351" value="ϥ"/>
		<feat xlink:href="#sSpan353" value="ⲉ"/>
		<feat xlink:href="#sSpan357" value="ⲧⲉ"/>
		<feat xlink:href="#sSpan362" value="ⲕⲣⲓⲥⲓⲥ"/>
		<feat xlink:href="#sSpan365" value="."/>
		<feat xlink:href="#sSpan369" value="ⲁⲩⲱ"/>
		<feat xlink:href="#sSpan377" value="ⲁ"/>
		<feat xlink:href="#sSpan382" value="ϥ"/>
		<feat xlink:href="#sSpan384" value="ϭⲓⲛⲉ"/>
		<feat xlink:href="#sSpan386" value="ⲛ"/>
		<feat xlink:href="#sSpan390" value="ⲧⲉϥ"/>
		<feat xlink:href="#sSpan393" value="ⲙⲁⲁⲩ"/>
		<feat xlink:href="#sSpan395" value="ⲙⲙⲁⲩ"/>
		<feat xlink:href="#sSpan400" value="ⲙⲛ"/>
		<feat xlink:href="#sSpan404" value="ⲛ"/>
		<feat xlink:href="#sSpan407" value="ⲉⲧ"/>
		<feat xlink:href="#sSpan409" value="ⲟⲩ"/>
		<feat xlink:href="#sSpan412" value="ⲕⲣⲓⲛⲉ"/>
		<feat xlink:href="#sSpan415" value="ⲙⲙⲟ"/>
		<feat xlink:href="#sSpan419" value="ⲟⲩ"/>
		<feat xlink:href="#sSpan422" value="."/>
		<feat xlink:href="#sSpan427" value="ⲛⲧⲟⲥ"/>
		<feat xlink:href="#sSpan437" value="ⲇⲉ"/>
		<feat xlink:href="#sSpan441" value="ⲛⲧⲉⲣⲉ"/>
		<feat xlink:href="#sSpan445" value="ⲥ"/>
		<feat xlink:href="#sSpan447" value="ⲛⲁⲩ"/>
		<feat xlink:href="#sSpan449" value="ⲉⲣⲟ"/>
		<feat xlink:href="#sSpan454" value="ϥ"/>
		<feat xlink:href="#sSpan456" value="ⲁ"/>
		<feat xlink:href="#sSpan460" value="ⲥ"/>
		<feat xlink:href="#sSpan462" value="ⲡⲱϣⲥ"/>
		<feat xlink:href="#sSpan464" value="."/>
		<feat xlink:href="#sSpan468" value="ⲁⲩⲱ"/>
		<feat xlink:href="#sSpan476" value="ⲡⲉϫⲁ"/>
		<feat xlink:href="#sSpan481" value="ⲥ"/>
		<feat xlink:href="#sSpan483" value="ⲛⲁ"/>
		<feat xlink:href="#sSpan487" value="ϥ"/>
		<feat xlink:href="#sSpan489" value="."/>
		<feat xlink:href="#sSpan493" value="ϫⲉ"/>
		<feat xlink:href="#sSpan497" value="ⲟⲩ"/>
		<feat xlink:href="#sSpan499" value="ⲡⲉ"/>
		<feat xlink:href="#sSpan504" value="ⲡⲁⲓ"/>
		<feat xlink:href="#sSpan509" value="ⲡⲁ"/>
		<feat xlink:href="#sSpan514" value="ϣⲏⲣⲉ"/>
		<feat xlink:href="#sSpan516" value="ⲉ"/>
		<feat xlink:href="#sSpan520" value="ⲧⲣⲉ"/>
		<feat xlink:href="#sSpan523" value="ⲕ"/>
		<feat xlink:href="#sSpan525" value="ⲉⲓ"/>
		<feat xlink:href="#sSpan527" value="ϩⲱⲱ"/>
		<feat xlink:href="#sSpan531" value="ⲕ"/>
		<feat xlink:href="#sSpan533" value="ⲉ"/>
		<feat xlink:href="#sSpan537" value="ⲡⲉⲓ"/>
		<feat xlink:href="#sSpan540" value="ⲙⲁ"/>
		<feat xlink:href="#sSpan543" value="ϩⲱⲥⲧⲉ"/>
		<feat xlink:href="#sSpan548" value="ⲉ"/>
		<feat xlink:href="#sSpan552" value="ⲧⲣⲉ"/>
		<feat xlink:href="#sSpan554" value="ⲩ"/>
		<feat xlink:href="#sSpan557" value="ⲕⲣⲓⲛⲉ"/>
		<feat xlink:href="#sSpan559" value="ⲙⲙⲟ"/>
		<feat xlink:href="#sSpan564" value="ⲕ"/>
		<feat xlink:href="#sSpan566" value="ϩⲱⲱ"/>
		<feat xlink:href="#sSpan570" value="ⲕ"/>
		<feat xlink:href="#sSpan573" value="."/>
		<feat xlink:href="#sSpan578" value="ⲉ"/>
		<feat xlink:href="#sSpan587" value="ⲩ"/>
		<feat xlink:href="#sSpan589" value="ⲧⲱⲛ"/>
		<feat xlink:href="#sSpan591" value="ⲛⲉⲕ"/>
		<feat xlink:href="#sSpan596" value="ϣⲁϫⲉ"/>
		<feat xlink:href="#sSpan598" value="ⲉⲧⲉ"/>
		<feat xlink:href="#sSpan603" value="ⲕ"/>
		<feat xlink:href="#sSpan605" value="ϫⲱ"/>
		<feat xlink:href="#sSpan607" value="ⲙⲙⲟ"/>
		<feat xlink:href="#sSpan611" value="ⲟⲩ"/>
		<feat xlink:href="#sSpan613" value="ϫⲉ"/>
		<feat xlink:href="#sSpan617" value="ⲉ"/>
		<feat xlink:href="#sSpan620" value="ⲓ"/>
		<feat xlink:href="#sSpan622" value="ⲟⲩⲉϣ"/>
		<feat xlink:href="#sSpan624" value="ⲉ"/>
		<feat xlink:href="#sSpan628" value="ⲧⲟⲩϫⲉ"/>
		<feat xlink:href="#sSpan630" value="ⲧⲁ"/>
		<feat xlink:href="#sSpan634" value="ⲯⲩⲭⲏ"/>
		<feat xlink:href="#sSpan638" value="."/>
		<feat xlink:href="#sSpan642" value="ⲁ"/>
		<feat xlink:href="#sSpan650" value="ϥ"/>
		<feat xlink:href="#sSpan652" value="ϣⲓⲡⲉ"/>
		<feat xlink:href="#sSpan656" value="ⲇⲉ"/>
		<feat xlink:href="#sSpan661" value="ⲉϫⲛ"/>
		<feat xlink:href="#sSpan665" value="ⲛ"/>
		<feat xlink:href="#sSpan670" value="ⲉⲛⲧ"/>
		<feat xlink:href="#sSpan672" value="ⲁ"/>
		<feat xlink:href="#sSpan674" value="ϥ"/>
		<feat xlink:href="#sSpan676" value="ⲥⲟⲧⲙ"/>
		<feat xlink:href="#sSpan679" value="ⲟⲩ"/>
		<feat xlink:href="#sSpan681" value="ⲁ"/>
		<feat xlink:href="#sSpan689" value="ϥ"/>
		<feat xlink:href="#sSpan691" value="ⲁϩⲉ"/>
		<feat xlink:href="#sSpan693" value="ⲣⲁⲧ"/>
		<feat xlink:href="#sSpan695" value="ϥ"/>
		<feat xlink:href="#sSpan697" value="ⲉ"/>
		<feat xlink:href="#sSpan701" value="ϥ"/>
		<feat xlink:href="#sSpan703" value="ⲟⲕⲙ"/>
		<feat xlink:href="#sSpan707" value="."/>
		<feat xlink:href="#sSpan711" value="ⲉ"/>
		<feat xlink:href="#sSpan715" value="ⲙⲛⲧ"/>
		<feat xlink:href="#sSpan717" value="ϥ"/>
		<feat xlink:href="#sSpan719" value="ⲗⲁⲁⲩ"/>
		<feat xlink:href="#sSpan724" value="ⲛ"/>
		<feat xlink:href="#sSpan730" value="ⲁⲡⲟⲗⲟⲅⲓⲁ"/>
		<feat xlink:href="#sSpan732" value="ⲉ"/>
		<feat xlink:href="#sSpan736" value="ϫⲱ"/>
		<feat xlink:href="#sSpan738" value="ⲛⲁ"/>
		<feat xlink:href="#sSpan745" value="ⲥ"/>
		<feat xlink:href="#sSpan748" value="."/>
		<feat xlink:href="#sSpan753" value="ⲕⲁⲧⲁ"/>
		<feat xlink:href="#sSpan761" value="ⲟⲩ"/>
		<feat xlink:href="#sSpan765" value="ⲟⲓⲕⲟⲛⲟⲙⲓⲁ"/>
		<feat xlink:href="#sSpan770" value="ⲇⲉ"/>
		<feat xlink:href="#sSpan774" value="ⲛⲧⲉ"/>
		<feat xlink:href="#sSpan779" value="ⲡ"/>
		<feat xlink:href="#sSpan784" value="ⲛⲟⲩⲧⲉ"/>
		<feat xlink:href="#sSpan787" value="ⲡ"/>
		<feat xlink:href="#sSpan792" value="ⲙⲁⲓⲣⲱⲙⲉ"/>
		<feat xlink:href="#sSpan798" value=".."/>
		<feat xlink:href="#sSpan803" value="ϣⲱⲡⲉ"/>
		<feat xlink:href="#sSpan807" value="ⲉ"/>
		<feat xlink:href="#sSpan811" value="ⲧⲣⲉ"/>
		<feat xlink:href="#sSpan813" value="ϥ"/>
		<feat xlink:href="#sSpan815" value="ⲗⲟϭ"/>
		<feat xlink:href="#sSpan819" value="ⲙ"/>
		<feat xlink:href="#sSpan823" value="ⲡ"/>
		<feat xlink:href="#sSpan826" value="ϣⲱⲛⲉ"/>
		<feat xlink:href="#sSpan828" value="ⲙⲛⲛⲥⲁ"/>
		<feat xlink:href="#sSpan832" value="ⲉ"/>
		<feat xlink:href="#sSpan838" value="ⲧⲣⲉ"/>
		<feat xlink:href="#sSpan840" value="ϥ"/>
		<feat xlink:href="#sSpan842" value="ⲛⲁⲩ"/>
		<feat xlink:href="#sSpan848" value="....."/>
		<feat xlink:href="#sSpan852" value="ⲛⲟⲓ"/>
		<feat xlink:href="#sSpan857" value="ϩⲙ"/>
		<feat xlink:href="#sSpan861" value="ⲡⲉϥ"/>
		<feat xlink:href="#sSpan866" value="...."/>
		<feat xlink:href="#sSpan870" value="ⲛⲧ"/>
		<feat xlink:href="#sSpan879" value="ⲁ"/>
		<feat xlink:href="#sSpan881" value="ⲡⲉⲓ"/>
		<feat xlink:href="#sSpan885" value="ϭⲙϣⲓⲛⲉ"/>
		<feat xlink:href="#sSpan889" value="ϣⲱⲡⲉ"/>
		<feat xlink:href="#sSpan894" value="ⲛ"/>
		<feat xlink:href="#sSpan901" value=".."/>
		<feat xlink:href="#sSpan906" value="ⲉⲃⲟⲗ"/>
		<feat xlink:href="#sSpan910" value="ϩⲓⲧⲙ"/>
		<feat xlink:href="#sSpan915" value="ⲡ"/>
		<feat xlink:href="#sSpan920" value="ⲛⲟⲩⲧⲉ"/>
		<feat xlink:href="#sSpan924" value="."/>
		<feat xlink:href="#sSpan929" value="ⲁ"/>
		<feat xlink:href="#sSpan934" value="ϥ"/>
		<feat xlink:href="#sSpan936" value="ⲟⲧⲡ"/>
		<feat xlink:href="#sSpan938" value="ϥ"/>
		<feat xlink:href="#sSpan941" value="ϭⲉ"/>
		<feat xlink:href="#sSpan946" value="ⲉϩⲟⲩⲛ"/>
		<feat xlink:href="#sSpan950" value="ⲙⲁⲩⲁⲁ"/>
		<feat xlink:href="#sSpan955" value="ϥ"/>
		<feat xlink:href="#sSpan958" value="."/>
		<feat xlink:href="#sSpan962" value="ⲙⲛⲛⲥⲱ"/>
		<feat xlink:href="#sSpan970" value="ⲥ"/>
		<feat xlink:href="#sSpan972" value="ⲁ"/>
		<feat xlink:href="#sSpan976" value="ϥ"/>
		<feat xlink:href="#sSpan978" value="ϩⲙⲟⲟⲥ"/>
		<feat xlink:href="#sSpan981" value="ⲉϩⲣⲁⲓ"/>
		<feat xlink:href="#sSpan985" value="ⲉ"/>
		<feat xlink:href="#sSpan989" value="ϥ"/>
		<feat xlink:href="#sSpan993" value="ⲫⲣⲟⲛⲧⲓⲍⲉ"/>
		<feat xlink:href="#sSpan996" value="ⲉ"/>
		<feat xlink:href="#sSpan1000" value="ⲡⲉϥ"/>
		<feat xlink:href="#sSpan1003" value="ⲟⲩϫⲁⲓ"/>
		<feat xlink:href="#sSpan1006" value="."/>
		<feat xlink:href="#sSpan1011" value="ⲁⲩⲱ"/>
		<feat xlink:href="#sSpan1016" value="ⲉ"/>
		<feat xlink:href="#sSpan1020" value="ϥ"/>
		<feat xlink:href="#sSpan1022" value="ⲣⲓⲙⲉ"/>
		<feat xlink:href="#sSpan1024" value="ⲉϫⲛ"/>
		<feat xlink:href="#sSpan1028" value="ⲛ"/>
		<feat xlink:href="#sSpan1031" value="ⲉⲛⲧ"/>
		<feat xlink:href="#sSpan1034" value="ⲁ"/>
		<feat xlink:href="#sSpan1036" value="ϥ"/>
		<feat xlink:href="#sSpan1038" value="ⲁⲁ"/>
		<feat xlink:href="#sSpan1040" value="ⲩ"/>
		<feat xlink:href="#sSpan1042" value="ϩⲛ"/>
		<feat xlink:href="#sSpan1046" value="ⲟⲩ"/>
		<feat xlink:href="#sSpan1050" value="ⲙⲛⲧⲁⲙⲉⲗⲏⲥ"/>
		<feat xlink:href="#sSpan1055" value="ⲛ"/>
		<feat xlink:href="#sSpan1059" value="ϣⲟⲣⲡ"/>
		<feat xlink:href="#sSpan1062" value="."/>
		<feat xlink:href="#sSpan1067" value="ⲁ"/>
		<feat xlink:href="#sSpan1076" value="ⲩ"/>
		<feat xlink:href="#sSpan1079" value="ⲧⲱⲃⲥ"/>
		<feat xlink:href="#sSpan1081" value="ϣⲱⲡⲉ"/>
		<feat xlink:href="#sSpan1085" value="ⲛⲁ"/>
		<feat xlink:href="#sSpan1089" value="ϥ"/>
		<feat xlink:href="#sSpan1091" value="ⲛ"/>
		<feat xlink:href="#sSpan1095" value="ⲧⲉⲓ"/>
		<feat xlink:href="#sSpan1099" value="ϭⲟⲧ"/>
		<feat xlink:href="#sSpan1102" value="."/>
		<feat xlink:href="#sSpan1107" value="ϩⲱⲥⲧⲉ"/>
		<feat xlink:href="#sSpan1111" value="ⲉ"/>
		<feat xlink:href="#sSpan1115" value="ⲧⲣⲉ"/>
		<feat xlink:href="#sSpan1118" value="ⲟⲩ"/>
		<feat xlink:href="#sSpan1121" value="ⲙⲏⲏϣⲉ"/>
		<feat xlink:href="#sSpan1124" value="ⲡⲁⲣⲁⲕⲁⲗⲉⲓ"/>
		<feat xlink:href="#sSpan1129" value="ⲙⲙⲟ"/>
		<feat xlink:href="#sSpan1133" value="ϥ"/>
		<feat xlink:href="#sSpan1135" value="ⲉ"/>
		<feat xlink:href="#sSpan1139" value="ⲧⲣⲉ"/>
		<feat xlink:href="#sSpan1141" value="ϥ"/>
		<feat xlink:href="#sSpan1144" value="ϯⲙⲧⲟⲛ"/>
		<feat xlink:href="#sSpan1148" value="ⲛⲁ"/>
		<feat xlink:href="#sSpan1152" value="ϥ"/>
		<feat xlink:href="#sSpan1154" value="ⲛ"/>
		<feat xlink:href="#sSpan1158" value="ⲟⲩ"/>
		<feat xlink:href="#sSpan1160" value="ⲕⲟⲩⲓ"/>
		<feat xlink:href="#sSpan1162" value="ϫⲉ"/>
		<feat xlink:href="#sSpan1166" value="ⲛⲛⲉ"/>
		<feat xlink:href="#sSpan1169" value="ϥ"/>
		<feat xlink:href="#sSpan1171" value="ϣⲱϭⲉ"/>
		<feat xlink:href="#sSpan1173" value="ϩⲓⲧⲙ"/>
		<feat xlink:href="#sSpan1177" value="ⲡ"/>
		<feat xlink:href="#sSpan1180" value="ⲁϣⲁⲓ"/>
		<feat xlink:href="#sSpan1183" value="ⲙ"/>
		<feat xlink:href="#sSpan1187" value="ⲡ"/>
		<feat xlink:href="#sSpan1190" value="ⲣⲓⲙⲉ"/>
		<feat xlink:href="#sSpan1193" value="."/>
		<feat xlink:href="#sSpan1198" value="ⲛⲧⲟϥ"/>
		<feat xlink:href="#sSpan1208" value="ⲇⲉ"/>
		<feat xlink:href="#sSpan1212" value="ⲙⲡⲉ"/>
		<feat xlink:href="#sSpan1216" value="ϥ"/>
		<feat xlink:href="#sSpan1218" value="ⲟⲩⲱϣ"/>
		<feat xlink:href="#sSpan1220" value="ⲉ"/>
		<feat xlink:href="#sSpan1225" value="ⲥⲗⲥⲱⲗ"/>
		<feat xlink:href="#sSpan1227" value="ϥ"/>
		<feat xlink:href="#sSpan1229" value="ⲉ"/>
		<feat xlink:href="#sSpan1233" value="ϥ"/>
		<feat xlink:href="#sSpan1235" value="ϫⲱ"/>
		<feat xlink:href="#sSpan1237" value="ⲙⲙⲟ"/>
		<feat xlink:href="#sSpan1242" value="ⲥ"/>
		<feat xlink:href="#sSpan1244" value="."/>
		<feat xlink:href="#sSpan1248" value="ϫⲉ"/>
		<feat xlink:href="#sSpan1252" value="ⲉϣϫⲉ"/>
		<feat xlink:href="#sSpan1254" value="ⲙⲡ"/>
		<feat xlink:href="#sSpan1259" value="ⲓ"/>
		<feat xlink:href="#sSpan1261" value="ϣ"/>
		<feat xlink:href="#sSpan1263" value="ϭⲙϭⲟⲙ"/>
		<feat xlink:href="#sSpan1265" value="ⲉ"/>
		<feat xlink:href="#sSpan1269" value="ⲧⲱⲟⲩⲛ"/>
		<feat xlink:href="#sSpan1272" value="ϩⲁ"/>
		<feat xlink:href="#sSpan1277" value="ⲡ"/>
		<feat xlink:href="#sSpan1280" value="ⲛⲟϭⲛⲉϭ"/>
		<feat xlink:href="#sSpan1282" value="ⲛ"/>
		<feat xlink:href="#sSpan1286" value="ⲧⲁ"/>
		<feat xlink:href="#sSpan1289" value="ⲙⲁⲁⲩ"/>
		<feat xlink:href="#sSpan1293" value="."/>
		<feat xlink:href="#sSpan1297" value="ⲛ"/>
		<feat xlink:href="#sSpan1301" value="ⲁϣ"/>
		<feat xlink:href="#sSpan1303" value="ⲛ"/>
		<feat xlink:href="#sSpan1307" value="ϩⲉ"/>
		<feat xlink:href="#sSpan1310" value="ⲉ"/>
		<feat xlink:href="#sSpan1314" value="ⲓ"/>
		<feat xlink:href="#sSpan1316" value="ⲛⲁ"/>
		<feat xlink:href="#sSpan1318" value="ϣ"/>
		<feat xlink:href="#sSpan1321" value="ⲧⲱⲟⲩⲛ"/>
		<feat xlink:href="#sSpan1324" value="ϩⲁ"/>
		<feat xlink:href="#sSpan1328" value="ⲡ"/>
		<feat xlink:href="#sSpan1331" value="ϣⲓⲡⲉ"/>
		<feat xlink:href="#sSpan1333" value="ⲙ"/>
		<feat xlink:href="#sSpan1338" value="ⲡⲉ"/>
		<feat xlink:href="#sSpan1341" value="ϩⲟⲟⲩ"/>
		<feat xlink:href="#sSpan1343" value="ⲛ"/>
		<feat xlink:href="#sSpan1347" value="ⲧⲉ"/>
		<feat xlink:href="#sSpan1351" value="ⲕⲣⲓⲥⲓⲥ"/>
		<feat xlink:href="#sSpan1353" value="ϩⲓ"/>
		<feat xlink:href="#sSpan1358" value="ⲧ"/>
		<feat xlink:href="#sSpan1361" value="ϩⲏ"/>
		<feat xlink:href="#sSpan1363" value="ⲙ"/>
		<feat xlink:href="#sSpan1367" value="ⲡⲉ"/>
		<feat xlink:href="#sSpan1371" value="ⲭⲣⲓⲥⲧⲟⲥ"/>
		<feat xlink:href="#sSpan1373" value="ⲙⲛ"/>
		<feat xlink:href="#sSpan1377" value="ⲛⲉϥ"/>
		<feat xlink:href="#sSpan1381" value="ⲁⲅⲅⲉⲗⲟⲥ"/>
		<feat xlink:href="#sSpan1384" value="ⲧⲏⲣ"/>
		<feat xlink:href="#sSpan1388" value="ⲟⲩ"/>
		<feat xlink:href="#sSpan1390" value="."/></featList></paula>