<?xml version='1.0' encoding='UTF-8'?><!DOCTYPE paula SYSTEM "paula_feat.dtd">
<paula version="1.1">
	<header paula_id="scriptorium.AP.001.n135.mother.mark_pos"/>
	<featList xmlns:xlink="http://www.w3.org/1999/xlink" type="pos" xml:base="scriptorium.AP.001.n135.mother.mark.xml">
		<feat xlink:href="#sSpan1" value="UNKNOWN"/>
		<feat xlink:href="#sSpan13" value="CCIRC"/>
		<feat xlink:href="#sSpan17" value="PPERS"/>
		<feat xlink:href="#sSpan20" value="V"/>
		<feat xlink:href="#sSpan22" value="PREP"/>
		<feat xlink:href="#sSpan26" value="PPERO"/>
		<feat xlink:href="#sSpan29" value="PUNCT"/>
		<feat xlink:href="#sSpan33" value="CONJ"/>
		<feat xlink:href="#sSpan38" value="CFOC"/>
		<feat xlink:href="#sSpan40" value="PPERS"/>
		<feat xlink:href="#sSpan42" value="V"/>
		<feat xlink:href="#sSpan44" value="PREP"/>
		<feat xlink:href="#sSpan48" value="V"/>
		<feat xlink:href="#sSpan51" value="PPOS"/>
		<feat xlink:href="#sSpan55" value="N"/>
		<feat xlink:href="#sSpan58" value="PUNCT"/>
		<feat xlink:href="#sSpan63" value="PPERI"/>
		<feat xlink:href="#sSpan73" value="PTC"/>
		<feat xlink:href="#sSpan77" value="APST"/>
		<feat xlink:href="#sSpan81" value="PPERS"/>
		<feat xlink:href="#sSpan83" value="V"/>
		<feat xlink:href="#sSpan85" value="CCIRC"/>
		<feat xlink:href="#sSpan89" value="PPERS"/>
		<feat xlink:href="#sSpan91" value="V"/>
		<feat xlink:href="#sSpan94" value="PREP"/>
		<feat xlink:href="#sSpan98" value="PPERO"/>
		<feat xlink:href="#sSpan100" value="ANEGPST"/>
		<feat xlink:href="#sSpan105" value="PPERS"/>
		<feat xlink:href="#sSpan107" value="V"/>
		<feat xlink:href="#sSpan109" value="V"/>
		<feat xlink:href="#sSpan111" value="PREP"/>
		<feat xlink:href="#sSpan115" value="PPERO"/>
		<feat xlink:href="#sSpan117" value="PREP"/>
		<feat xlink:href="#sSpan126" value="PPERO"/>
		<feat xlink:href="#sSpan128" value="APST"/>
		<feat xlink:href="#sSpan132" value="PPERS"/>
		<feat xlink:href="#sSpan134" value="V"/>
		<feat xlink:href="#sSpan136" value="PPERO"/>
		<feat xlink:href="#sSpan138" value="ADV"/>
		<feat xlink:href="#sSpan145" value="PUNCT"/>
		<feat xlink:href="#sSpan149" value="APREC"/>
		<feat xlink:href="#sSpan157" value="PPERS"/>
		<feat xlink:href="#sSpan160" value="V"/>
		<feat xlink:href="#sSpan164" value="PTC"/>
		<feat xlink:href="#sSpan168" value="ACONJ"/>
		<feat xlink:href="#sSpan172" value="PPERS"/>
		<feat xlink:href="#sSpan175" value="V"/>
		<feat xlink:href="#sSpan180" value="APST"/>
		<feat xlink:href="#sSpan184" value="PPERS"/>
		<feat xlink:href="#sSpan186" value="V"/>
		<feat xlink:href="#sSpan188" value="PREP"/>
		<feat xlink:href="#sSpan192" value="ART"/>
		<feat xlink:href="#sSpan196" value="N"/>
		<feat xlink:href="#sSpan200" value="PUNCT"/>
		<feat xlink:href="#sSpan204" value="CONJ"/>
		<feat xlink:href="#sSpan208" value="APST"/>
		<feat xlink:href="#sSpan212" value="PPERS"/>
		<feat xlink:href="#sSpan214" value="V"/>
		<feat xlink:href="#sSpan217" value="PPOS"/>
		<feat xlink:href="#sSpan220" value="N"/>
		<feat xlink:href="#sSpan222" value="ADV"/>
		<feat xlink:href="#sSpan227" value="ADV"/>
		<feat xlink:href="#sSpan233" value="PUNCT"/>
		<feat xlink:href="#sSpan237" value="APST"/>
		<feat xlink:href="#sSpan245" value="PPERS"/>
		<feat xlink:href="#sSpan247" value="V"/>
		<feat xlink:href="#sSpan252" value="PTC"/>
		<feat xlink:href="#sSpan256" value="APREC"/>
		<feat xlink:href="#sSpan260" value="PPOS"/>
		<feat xlink:href="#sSpan263" value="N"/>
		<feat xlink:href="#sSpan265" value="V"/>
		<feat xlink:href="#sSpan270" value="PUNCT"/>
		<feat xlink:href="#sSpan274" value="PREP"/>
		<feat xlink:href="#sSpan278" value="N"/>
		<feat xlink:href="#sSpan282" value="PTC"/>
		<feat xlink:href="#sSpan287" value="APST"/>
		<feat xlink:href="#sSpan291" value="PPERS"/>
		<feat xlink:href="#sSpan293" value="V"/>
		<feat xlink:href="#sSpan295" value="PREP"/>
		<feat xlink:href="#sSpan299" value="ART"/>
		<feat xlink:href="#sSpan302" value="N"/>
		<feat xlink:href="#sSpan304" value="PREP"/>
		<feat xlink:href="#sSpan309" value="N"/>
		<feat xlink:href="#sSpan312" value="PUNCT"/>
		<feat xlink:href="#sSpan317" value="CONJ"/>
		<feat xlink:href="#sSpan321" value="ACONJ"/>
		<feat xlink:href="#sSpan326" value="PPERS"/>
		<feat xlink:href="#sSpan328" value="V"/>
		<feat xlink:href="#sSpan330" value="PREP"/>
		<feat xlink:href="#sSpan334" value="ART"/>
		<feat xlink:href="#sSpan338" value="N"/>
		<feat xlink:href="#sSpan341" value="PREP"/>
		<feat xlink:href="#sSpan345" value="ACAUS"/>
		<feat xlink:href="#sSpan347" value="PPERS"/>
		<feat xlink:href="#sSpan349" value="V"/>
		<feat xlink:href="#sSpan351" value="PPERO"/>
		<feat xlink:href="#sSpan353" value="PREP"/>
		<feat xlink:href="#sSpan357" value="ART"/>
		<feat xlink:href="#sSpan362" value="N"/>
		<feat xlink:href="#sSpan365" value="PUNCT"/>
		<feat xlink:href="#sSpan369" value="CONJ"/>
		<feat xlink:href="#sSpan377" value="APST"/>
		<feat xlink:href="#sSpan382" value="PPERS"/>
		<feat xlink:href="#sSpan384" value="V"/>
		<feat xlink:href="#sSpan386" value="PREP"/>
		<feat xlink:href="#sSpan390" value="PPOS"/>
		<feat xlink:href="#sSpan393" value="N"/>
		<feat xlink:href="#sSpan395" value="ADV"/>
		<feat xlink:href="#sSpan400" value="PREP"/>
		<feat xlink:href="#sSpan404" value="ART"/>
		<feat xlink:href="#sSpan407" value="CREL"/>
		<feat xlink:href="#sSpan409" value="PPERS"/>
		<feat xlink:href="#sSpan412" value="V"/>
		<feat xlink:href="#sSpan415" value="PREP"/>
		<feat xlink:href="#sSpan419" value="PPERO"/>
		<feat xlink:href="#sSpan422" value="PUNCT"/>
		<feat xlink:href="#sSpan427" value="PPERI"/>
		<feat xlink:href="#sSpan437" value="PTC"/>
		<feat xlink:href="#sSpan441" value="APREC"/>
		<feat xlink:href="#sSpan445" value="PPERS"/>
		<feat xlink:href="#sSpan447" value="V"/>
		<feat xlink:href="#sSpan449" value="PREP"/>
		<feat xlink:href="#sSpan454" value="PPERO"/>
		<feat xlink:href="#sSpan456" value="APST"/>
		<feat xlink:href="#sSpan460" value="PPERS"/>
		<feat xlink:href="#sSpan462" value="V"/>
		<feat xlink:href="#sSpan464" value="PUNCT"/>
		<feat xlink:href="#sSpan468" value="CONJ"/>
		<feat xlink:href="#sSpan476" value="VBD"/>
		<feat xlink:href="#sSpan481" value="PPERS"/>
		<feat xlink:href="#sSpan483" value="PREP"/>
		<feat xlink:href="#sSpan487" value="PPERO"/>
		<feat xlink:href="#sSpan489" value="PUNCT"/>
		<feat xlink:href="#sSpan493" value="CONJ"/>
		<feat xlink:href="#sSpan497" value="PINT"/>
		<feat xlink:href="#sSpan499" value="COP"/>
		<feat xlink:href="#sSpan504" value="PDEM"/>
		<feat xlink:href="#sSpan509" value="PPOS"/>
		<feat xlink:href="#sSpan514" value="N"/>
		<feat xlink:href="#sSpan516" value="PREP"/>
		<feat xlink:href="#sSpan520" value="ACAUS"/>
		<feat xlink:href="#sSpan523" value="PPERS"/>
		<feat xlink:href="#sSpan525" value="V"/>
		<feat xlink:href="#sSpan527" value="IMOD"/>
		<feat xlink:href="#sSpan531" value="PPERO"/>
		<feat xlink:href="#sSpan533" value="PREP"/>
		<feat xlink:href="#sSpan537" value="PDEM"/>
		<feat xlink:href="#sSpan540" value="N"/>
		<feat xlink:href="#sSpan543" value="CONJ"/>
		<feat xlink:href="#sSpan548" value="PREP"/>
		<feat xlink:href="#sSpan552" value="ACAUS"/>
		<feat xlink:href="#sSpan554" value="PPERS"/>
		<feat xlink:href="#sSpan557" value="V"/>
		<feat xlink:href="#sSpan559" value="PREP"/>
		<feat xlink:href="#sSpan564" value="PPERO"/>
		<feat xlink:href="#sSpan566" value="IMOD"/>
		<feat xlink:href="#sSpan570" value="PPERO"/>
		<feat xlink:href="#sSpan573" value="PUNCT"/>
		<feat xlink:href="#sSpan578" value="CFOC"/>
		<feat xlink:href="#sSpan587" value="PPERS"/>
		<feat xlink:href="#sSpan589" value="PINT"/>
		<feat xlink:href="#sSpan591" value="PPOS"/>
		<feat xlink:href="#sSpan596" value="N"/>
		<feat xlink:href="#sSpan598" value="CREL"/>
		<feat xlink:href="#sSpan603" value="PPERS"/>
		<feat xlink:href="#sSpan605" value="V"/>
		<feat xlink:href="#sSpan607" value="PREP"/>
		<feat xlink:href="#sSpan611" value="PPERO"/>
		<feat xlink:href="#sSpan613" value="CONJ"/>
		<feat xlink:href="#sSpan617" value="CFOC"/>
		<feat xlink:href="#sSpan620" value="PPERS"/>
		<feat xlink:href="#sSpan622" value="V"/>
		<feat xlink:href="#sSpan624" value="PREP"/>
		<feat xlink:href="#sSpan628" value="V"/>
		<feat xlink:href="#sSpan630" value="PPOS"/>
		<feat xlink:href="#sSpan634" value="N"/>
		<feat xlink:href="#sSpan638" value="PUNCT"/>
		<feat xlink:href="#sSpan642" value="APST"/>
		<feat xlink:href="#sSpan650" value="PPERS"/>
		<feat xlink:href="#sSpan652" value="V"/>
		<feat xlink:href="#sSpan656" value="PTC"/>
		<feat xlink:href="#sSpan661" value="PREP"/>
		<feat xlink:href="#sSpan665" value="ART"/>
		<feat xlink:href="#sSpan670" value="CREL"/>
		<feat xlink:href="#sSpan672" value="APST"/>
		<feat xlink:href="#sSpan674" value="PPERS"/>
		<feat xlink:href="#sSpan676" value="V"/>
		<feat xlink:href="#sSpan679" value="PPERO"/>
		<feat xlink:href="#sSpan681" value="APST"/>
		<feat xlink:href="#sSpan689" value="PPERS"/>
		<feat xlink:href="#sSpan691" value="V"/>
		<feat xlink:href="#sSpan693" value="N"/>
		<feat xlink:href="#sSpan695" value="PPERO"/>
		<feat xlink:href="#sSpan697" value="CCIRC"/>
		<feat xlink:href="#sSpan701" value="PPERS"/>
		<feat xlink:href="#sSpan703" value="VSTAT"/>
		<feat xlink:href="#sSpan707" value="PUNCT"/>
		<feat xlink:href="#sSpan711" value="CCIRC"/>
		<feat xlink:href="#sSpan715" value="EXIST"/>
		<feat xlink:href="#sSpan717" value="PPERO"/>
		<feat xlink:href="#sSpan719" value="N"/>
		<feat xlink:href="#sSpan724" value="PREP"/>
		<feat xlink:href="#sSpan730" value="N"/>
		<feat xlink:href="#sSpan732" value="PREP"/>
		<feat xlink:href="#sSpan736" value="V"/>
		<feat xlink:href="#sSpan738" value="PREP"/>
		<feat xlink:href="#sSpan745" value="PPERO"/>
		<feat xlink:href="#sSpan748" value="PUNCT"/>
		<feat xlink:href="#sSpan753" value="PREP"/>
		<feat xlink:href="#sSpan761" value="ART"/>
		<feat xlink:href="#sSpan765" value="N"/>
		<feat xlink:href="#sSpan770" value="PTC"/>
		<feat xlink:href="#sSpan774" value="PREP"/>
		<feat xlink:href="#sSpan779" value="ART"/>
		<feat xlink:href="#sSpan784" value="N"/>
		<feat xlink:href="#sSpan787" value="ART"/>
		<feat xlink:href="#sSpan792" value="N"/>
		<feat xlink:href="#sSpan798" value="UNKNOWN"/>
		<feat xlink:href="#sSpan803" value="V"/>
		<feat xlink:href="#sSpan807" value="PREP"/>
		<feat xlink:href="#sSpan811" value="ACAUS"/>
		<feat xlink:href="#sSpan813" value="PPERS"/>
		<feat xlink:href="#sSpan815" value="V"/>
		<feat xlink:href="#sSpan819" value="PREP"/>
		<feat xlink:href="#sSpan823" value="ART"/>
		<feat xlink:href="#sSpan826" value="N"/>
		<feat xlink:href="#sSpan828" value="PREP"/>
		<feat xlink:href="#sSpan832" value="PREP"/>
		<feat xlink:href="#sSpan838" value="ACAUS"/>
		<feat xlink:href="#sSpan840" value="PPERS"/>
		<feat xlink:href="#sSpan842" value="V"/>
		<feat xlink:href="#sSpan848" value="UNKNOWN"/>
		<feat xlink:href="#sSpan852" value="UNKNOWN"/>
		<feat xlink:href="#sSpan857" value="PREP"/>
		<feat xlink:href="#sSpan861" value="PPOS"/>
		<feat xlink:href="#sSpan866" value="UNKNOWN"/>
		<feat xlink:href="#sSpan870" value="CREL"/>
		<feat xlink:href="#sSpan879" value="APST"/>
		<feat xlink:href="#sSpan881" value="PDEM"/>
		<feat xlink:href="#sSpan885" value="N"/>
		<feat xlink:href="#sSpan889" value="V"/>
		<feat xlink:href="#sSpan894" value="PREP"/>
		<feat xlink:href="#sSpan901" value="UNKNOWN"/>
		<feat xlink:href="#sSpan906" value="ADV"/>
		<feat xlink:href="#sSpan910" value="PREP"/>
		<feat xlink:href="#sSpan915" value="ART"/>
		<feat xlink:href="#sSpan920" value="N"/>
		<feat xlink:href="#sSpan924" value="PUNCT"/>
		<feat xlink:href="#sSpan929" value="APST"/>
		<feat xlink:href="#sSpan934" value="PPERS"/>
		<feat xlink:href="#sSpan936" value="VSTAT"/>
		<feat xlink:href="#sSpan938" value="PPERO"/>
		<feat xlink:href="#sSpan941" value="PTC"/>
		<feat xlink:href="#sSpan946" value="ADV"/>
		<feat xlink:href="#sSpan950" value="IMOD"/>
		<feat xlink:href="#sSpan955" value="PPERO"/>
		<feat xlink:href="#sSpan958" value="PUNCT"/>
		<feat xlink:href="#sSpan962" value="PREP"/>
		<feat xlink:href="#sSpan970" value="PPERO"/>
		<feat xlink:href="#sSpan972" value="APST"/>
		<feat xlink:href="#sSpan976" value="PPERS"/>
		<feat xlink:href="#sSpan978" value="V"/>
		<feat xlink:href="#sSpan981" value="ADV"/>
		<feat xlink:href="#sSpan985" value="CCIRC"/>
		<feat xlink:href="#sSpan989" value="PPERS"/>
		<feat xlink:href="#sSpan993" value="V"/>
		<feat xlink:href="#sSpan996" value="PREP"/>
		<feat xlink:href="#sSpan1000" value="PPOS"/>
		<feat xlink:href="#sSpan1003" value="N"/>
		<feat xlink:href="#sSpan1006" value="PUNCT"/>
		<feat xlink:href="#sSpan1011" value="CONJ"/>
		<feat xlink:href="#sSpan1016" value="CFOC"/>
		<feat xlink:href="#sSpan1020" value="PPERS"/>
		<feat xlink:href="#sSpan1022" value="V"/>
		<feat xlink:href="#sSpan1024" value="PREP"/>
		<feat xlink:href="#sSpan1028" value="ART"/>
		<feat xlink:href="#sSpan1031" value="CREL"/>
		<feat xlink:href="#sSpan1034" value="APST"/>
		<feat xlink:href="#sSpan1036" value="PPERS"/>
		<feat xlink:href="#sSpan1038" value="V"/>
		<feat xlink:href="#sSpan1040" value="PPERO"/>
		<feat xlink:href="#sSpan1042" value="PREP"/>
		<feat xlink:href="#sSpan1046" value="ART"/>
		<feat xlink:href="#sSpan1050" value="N"/>
		<feat xlink:href="#sSpan1055" value="PREP"/>
		<feat xlink:href="#sSpan1059" value="N"/>
		<feat xlink:href="#sSpan1062" value="PUNCT"/>
		<feat xlink:href="#sSpan1067" value="APST"/>
		<feat xlink:href="#sSpan1076" value="ART"/>
		<feat xlink:href="#sSpan1079" value="N"/>
		<feat xlink:href="#sSpan1081" value="V"/>
		<feat xlink:href="#sSpan1085" value="PREP"/>
		<feat xlink:href="#sSpan1089" value="PPERO"/>
		<feat xlink:href="#sSpan1091" value="PREP"/>
		<feat xlink:href="#sSpan1095" value="PDEM"/>
		<feat xlink:href="#sSpan1099" value="N"/>
		<feat xlink:href="#sSpan1102" value="PUNCT"/>
		<feat xlink:href="#sSpan1107" value="CONJ"/>
		<feat xlink:href="#sSpan1111" value="PREP"/>
		<feat xlink:href="#sSpan1115" value="ACAUS"/>
		<feat xlink:href="#sSpan1118" value="ART"/>
		<feat xlink:href="#sSpan1121" value="N"/>
		<feat xlink:href="#sSpan1124" value="V"/>
		<feat xlink:href="#sSpan1129" value="PREP"/>
		<feat xlink:href="#sSpan1133" value="PPERO"/>
		<feat xlink:href="#sSpan1135" value="PREP"/>
		<feat xlink:href="#sSpan1139" value="ACAUS"/>
		<feat xlink:href="#sSpan1141" value="PPERO"/>
		<feat xlink:href="#sSpan1144" value="V"/>
		<feat xlink:href="#sSpan1148" value="PREP"/>
		<feat xlink:href="#sSpan1152" value="PPERO"/>
		<feat xlink:href="#sSpan1154" value="PREP"/>
		<feat xlink:href="#sSpan1158" value="ART"/>
		<feat xlink:href="#sSpan1160" value="N"/>
		<feat xlink:href="#sSpan1162" value="CONJ"/>
		<feat xlink:href="#sSpan1166" value="ANEGOPT"/>
		<feat xlink:href="#sSpan1169" value="PPERS"/>
		<feat xlink:href="#sSpan1171" value="V"/>
		<feat xlink:href="#sSpan1173" value="PREP"/>
		<feat xlink:href="#sSpan1177" value="ART"/>
		<feat xlink:href="#sSpan1180" value="N"/>
		<feat xlink:href="#sSpan1183" value="PREP"/>
		<feat xlink:href="#sSpan1187" value="ART"/>
		<feat xlink:href="#sSpan1190" value="V"/>
		<feat xlink:href="#sSpan1193" value="PUNCT"/>
		<feat xlink:href="#sSpan1198" value="PPERI"/>
		<feat xlink:href="#sSpan1208" value="PTC"/>
		<feat xlink:href="#sSpan1212" value="ANEGPST"/>
		<feat xlink:href="#sSpan1216" value="PPERS"/>
		<feat xlink:href="#sSpan1218" value="V"/>
		<feat xlink:href="#sSpan1220" value="PREP"/>
		<feat xlink:href="#sSpan1225" value="V"/>
		<feat xlink:href="#sSpan1227" value="PPERO"/>
		<feat xlink:href="#sSpan1229" value="CCIRC"/>
		<feat xlink:href="#sSpan1233" value="PPERS"/>
		<feat xlink:href="#sSpan1235" value="V"/>
		<feat xlink:href="#sSpan1237" value="PREP"/>
		<feat xlink:href="#sSpan1242" value="PPERO"/>
		<feat xlink:href="#sSpan1244" value="PUNCT"/>
		<feat xlink:href="#sSpan1248" value="CONJ"/>
		<feat xlink:href="#sSpan1252" value="CONJ"/>
		<feat xlink:href="#sSpan1254" value="ANEGPST"/>
		<feat xlink:href="#sSpan1259" value="PPERS"/>
		<feat xlink:href="#sSpan1261" value="V"/>
		<feat xlink:href="#sSpan1263" value="V"/>
		<feat xlink:href="#sSpan1265" value="PREP"/>
		<feat xlink:href="#sSpan1269" value="V"/>
		<feat xlink:href="#sSpan1272" value="PREP"/>
		<feat xlink:href="#sSpan1277" value="ART"/>
		<feat xlink:href="#sSpan1280" value="N"/>
		<feat xlink:href="#sSpan1282" value="PREP"/>
		<feat xlink:href="#sSpan1286" value="PPOS"/>
		<feat xlink:href="#sSpan1289" value="N"/>
		<feat xlink:href="#sSpan1293" value="PUNCT"/>
		<feat xlink:href="#sSpan1297" value="PREP"/>
		<feat xlink:href="#sSpan1301" value="PINT"/>
		<feat xlink:href="#sSpan1303" value="PREP"/>
		<feat xlink:href="#sSpan1307" value="N"/>
		<feat xlink:href="#sSpan1310" value="CCIRC"/>
		<feat xlink:href="#sSpan1314" value="PPERS"/>
		<feat xlink:href="#sSpan1316" value="FUT"/>
		<feat xlink:href="#sSpan1318" value="V"/>
		<feat xlink:href="#sSpan1321" value="V"/>
		<feat xlink:href="#sSpan1324" value="PREP"/>
		<feat xlink:href="#sSpan1328" value="ART"/>
		<feat xlink:href="#sSpan1331" value="N"/>
		<feat xlink:href="#sSpan1333" value="PREP"/>
		<feat xlink:href="#sSpan1338" value="ART"/>
		<feat xlink:href="#sSpan1341" value="N"/>
		<feat xlink:href="#sSpan1343" value="PREP"/>
		<feat xlink:href="#sSpan1347" value="ART"/>
		<feat xlink:href="#sSpan1351" value="N"/>
		<feat xlink:href="#sSpan1353" value="PREP"/>
		<feat xlink:href="#sSpan1358" value="ART"/>
		<feat xlink:href="#sSpan1361" value="N"/>
		<feat xlink:href="#sSpan1363" value="PREP"/>
		<feat xlink:href="#sSpan1367" value="ART"/>
		<feat xlink:href="#sSpan1371" value="N"/>
		<feat xlink:href="#sSpan1373" value="PREP"/>
		<feat xlink:href="#sSpan1377" value="PPOS"/>
		<feat xlink:href="#sSpan1381" value="N"/>
		<feat xlink:href="#sSpan1384" value="IMOD"/>
		<feat xlink:href="#sSpan1388" value="PPERO"/>
		<feat xlink:href="#sSpan1390" value="PUNCT"/></featList></paula>