<?xml version='1.0' encoding='UTF-8'?><!DOCTYPE paula SYSTEM "paula_feat.dtd">
<paula version="1.1">
	<header paula_id="scriptorium.AP.001.n135.mother.mark_lb_n"/>
	<featList xmlns:xlink="http://www.w3.org/1999/xlink" type="lb_n" xml:base="scriptorium.AP.001.n135.mother.mark.xml">
		<feat xlink:href="#sSpan5" value="1"/>
		<feat xlink:href="#sSpan37" value="2"/>
		<feat xlink:href="#sSpan50" value="3"/>
		<feat xlink:href="#sSpan67" value="4"/>
		<feat xlink:href="#sSpan93" value="5"/>
		<feat xlink:href="#sSpan104" value="6"/>
		<feat xlink:href="#sSpan121" value="7"/>
		<feat xlink:href="#sSpan142" value="8"/>
		<feat xlink:href="#sSpan162" value="9"/>
		<feat xlink:href="#sSpan179" value="10"/>
		<feat xlink:href="#sSpan198" value="11"/>
		<feat xlink:href="#sSpan216" value="12"/>
		<feat xlink:href="#sSpan231" value="13"/>
		<feat xlink:href="#sSpan250" value="14"/>
		<feat xlink:href="#sSpan269" value="15"/>
		<feat xlink:href="#sSpan286" value="16"/>
		<feat xlink:href="#sSpan308" value="17"/>
		<feat xlink:href="#sSpan325" value="18"/>
		<feat xlink:href="#sSpan340" value="19"/>
		<feat xlink:href="#sSpan360" value="20"/>
		<feat xlink:href="#sSpan381" value="21"/>
		<feat xlink:href="#sSpan399" value="22"/>
		<feat xlink:href="#sSpan414" value="23"/>
		<feat xlink:href="#sSpan431" value="24"/>
		<feat xlink:href="#sSpan453" value="25"/>
		<feat xlink:href="#sSpan480" value="26"/>
		<feat xlink:href="#sSpan503" value="27"/>
		<feat xlink:href="#sSpan522" value="28"/>
		<feat xlink:href="#sSpan547" value="29"/>
		<feat xlink:href="#sSpan563" value="30"/>
		<feat xlink:href="#sSpan582" value="31"/>
		<feat xlink:href="#sSpan602" value="32"/>
		<feat xlink:href="#sSpan619" value="33"/>
		<feat xlink:href="#sSpan636" value="34"/>
		<feat xlink:href="#sSpan660" value="35"/>
		<feat xlink:href="#sSpan676" value="36"/>
		<feat xlink:href="#sSpan703" value="37"/>
		<feat xlink:href="#sSpan726" value="38"/>
		<feat xlink:href="#sSpan741" value="39"/>
		<feat xlink:href="#sSpan766" value="40"/>
		<feat xlink:href="#sSpan782" value="41"/>
		<feat xlink:href="#sSpan798" value="42"/>
		<feat xlink:href="#sSpan814" value="43"/>
		<feat xlink:href="#sSpan830" value="1"/>
		<feat xlink:href="#sSpan852" value="2"/>
		<feat xlink:href="#sSpan870" value="3"/>
		<feat xlink:href="#sSpan889" value="4"/>
		<feat xlink:href="#sSpan910" value="5"/>
		<feat xlink:href="#sSpan927" value="6"/>
		<feat xlink:href="#sSpan948" value="7"/>
		<feat xlink:href="#sSpan974" value="8"/>
		<feat xlink:href="#sSpan989" value="9"/>
		<feat xlink:href="#sSpan1009" value="10"/>
		<feat xlink:href="#sSpan1027" value="11"/>
		<feat xlink:href="#sSpan1048" value="12"/>
		<feat xlink:href="#sSpan1065" value="13"/>
		<feat xlink:href="#sSpan1092" value="14"/>
		<feat xlink:href="#sSpan1111" value="15"/>
		<feat xlink:href="#sSpan1122" value="16"/>
		<feat xlink:href="#sSpan1141" value="17"/>
		<feat xlink:href="#sSpan1162" value="18"/>
		<feat xlink:href="#sSpan1176" value="19"/>
		<feat xlink:href="#sSpan1196" value="20"/>
		<feat xlink:href="#sSpan1218" value="21"/>
		<feat xlink:href="#sSpan1235" value="22"/>
		<feat xlink:href="#sSpan1252" value="23"/>
		<feat xlink:href="#sSpan1270" value="24"/>
		<feat xlink:href="#sSpan1285" value="25"/>
		<feat xlink:href="#sSpan1314" value="26"/>
		<feat xlink:href="#sSpan1331" value="27"/>
		<feat xlink:href="#sSpan1351" value="28"/>
		<feat xlink:href="#sSpan1377" value="29"/></featList></paula>