<?xml version='1.0' encoding='UTF-8'?><!DOCTYPE paula SYSTEM "paula_feat.dtd">
<paula version="1.1">
	<header paula_id="scriptorium.02_Exodus_03.mark_norm"/>
	<featList xmlns:xlink="http://www.w3.org/1999/xlink" type="norm" xml:base="scriptorium.02_Exodus_03.mark.xml">
		<feat xlink:href="#sSpan2" value="ⲙⲱⲩⲥⲏⲥ"/>
		<feat xlink:href="#sSpan4" value="ⲇⲉ"/>
		<feat xlink:href="#sSpan6" value="ⲛⲉ"/>
		<feat xlink:href="#sSpan8" value="ϥ"/>
		<feat xlink:href="#sSpan9" value="ⲙⲟⲟⲛⲉ"/>
		<feat xlink:href="#sSpan10" value="ⲛ"/>
		<feat xlink:href="#sSpan12" value="ⲛ"/>
		<feat xlink:href="#sSpan13" value="ⲉⲥⲟⲟⲩ"/>
		<feat xlink:href="#sSpan14" value="ⲙⲡⲉϥ"/>
		<feat xlink:href="#sSpan16" value="ϣⲟⲙ"/>
		<feat xlink:href="#sSpan17" value="ⲡ"/>
		<feat xlink:href="#sSpan19" value="ⲟⲩⲏⲏⲃ"/>
		<feat xlink:href="#sSpan20" value="ⲙⲙⲁⲇⲓϩⲁⲙ"/>
		<feat xlink:href="#sSpan22" value="ⲁ"/>
		<feat xlink:href="#sSpan24" value="ϥ"/>
		<feat xlink:href="#sSpan25" value="ⲉⲓⲛⲉ"/>
		<feat xlink:href="#sSpan26" value="ⲛ"/>
		<feat xlink:href="#sSpan28" value="ⲛ"/>
		<feat xlink:href="#sSpan29" value="ⲉⲥⲟⲟⲩ"/>
		<feat xlink:href="#sSpan30" value="ϩⲁⲣⲁⲧ"/>
		<feat xlink:href="#sSpan32" value="ⲥ"/>
		<feat xlink:href="#sSpan33" value="ⲛ"/>
		<feat xlink:href="#sSpan35" value="ⲧ"/>
		<feat xlink:href="#sSpan36" value="ⲉⲣⲏⲙⲟⲥ"/>
		<feat xlink:href="#sSpan37" value="ⲁ"/>
		<feat xlink:href="#sSpan39" value="ϥ"/>
		<feat xlink:href="#sSpan40" value="ⲉⲓ"/>
		<feat xlink:href="#sSpan41" value="ⲉϩⲣⲁⲓ"/>
		<feat xlink:href="#sSpan43" value="ⲉ"/>
		<feat xlink:href="#sSpan45" value="ⲡ"/>
		<feat xlink:href="#sSpan46" value="ⲧⲟⲟⲩ"/>
		<feat xlink:href="#sSpan47" value="ⲙ"/>
		<feat xlink:href="#sSpan49" value="ⲡ"/>
		<feat xlink:href="#sSpan50" value="ⲛⲟⲩⲧⲉ"/>
		<feat xlink:href="#sSpan51" value="ⲭⲱⲣⲏⲃ"/>
		<feat xlink:href="#sSpan53" value="ⲡ"/>
		<feat xlink:href="#sSpan55" value="ⲧⲟⲟⲩ"/>
		<feat xlink:href="#sSpan56" value="ⲙ"/>
		<feat xlink:href="#sSpan58" value="ⲡ"/>
		<feat xlink:href="#sSpan59" value="ϫⲟⲉⲓⲥ"/>
		<feat xlink:href="#sSpan60" value="ⲡ"/>
		<feat xlink:href="#sSpan62" value="ⲛⲟⲩⲧⲉ"/>
		<feat xlink:href="#sSpan64" value="ⲁ"/>
		<feat xlink:href="#sSpan66" value="ϥ"/>
		<feat xlink:href="#sSpan67" value="ⲟⲩⲱⲛϩ"/>
		<feat xlink:href="#sSpan68" value="ⲇⲉ"/>
		<feat xlink:href="#sSpan70" value="ⲛⲁ"/>
		<feat xlink:href="#sSpan72" value="ϥ"/>
		<feat xlink:href="#sSpan73" value="ⲉⲃⲟⲗ"/>
		<feat xlink:href="#sSpan75" value="ⲛϭⲓ"/>
		<feat xlink:href="#sSpan77" value="ⲡ"/>
		<feat xlink:href="#sSpan79" value="ⲁⲅⲅⲉⲗⲟⲥ"/>
		<feat xlink:href="#sSpan80" value="ⲙ"/>
		<feat xlink:href="#sSpan82" value="ⲡ"/>
		<feat xlink:href="#sSpan83" value="ϫⲟⲉⲓⲥ"/>
		<feat xlink:href="#sSpan84" value="ϩⲛ"/>
		<feat xlink:href="#sSpan86" value="ⲟⲩ"/>
		<feat xlink:href="#sSpan88" value="ϣⲁϩ"/>
		<feat xlink:href="#sSpan89" value="ⲛ"/>
		<feat xlink:href="#sSpan91" value="ⲥⲁⲧⲉ"/>
		<feat xlink:href="#sSpan92" value="ⲉⲃⲟⲗ"/>
		<feat xlink:href="#sSpan94" value="ϩⲛ"/>
		<feat xlink:href="#sSpan96" value="ⲟⲩ"/>
		<feat xlink:href="#sSpan98" value="ⲃⲁⲧⲟⲥ"/>
		<feat xlink:href="#sSpan99" value="ⲁⲩⲱ"/>
		<feat xlink:href="#sSpan101" value="ⲁ"/>
		<feat xlink:href="#sSpan103" value="ϥ"/>
		<feat xlink:href="#sSpan104" value="ⲛⲁⲩ"/>
		<feat xlink:href="#sSpan105" value="ϫⲉ"/>
		<feat xlink:href="#sSpan107" value="ⲡ"/>
		<feat xlink:href="#sSpan109" value="ϣⲏⲛ"/>
		<feat xlink:href="#sSpan110" value="ⲙⲉⲛ"/>
		<feat xlink:href="#sSpan112" value="ⲙⲟⲩϩ"/>
		<feat xlink:href="#sSpan114" value="ϩⲛ"/>
		<feat xlink:href="#sSpan116" value="ⲟⲩ"/>
		<feat xlink:href="#sSpan118" value="ⲕⲱϩⲧ"/>
		<feat xlink:href="#sSpan119" value="ⲡ"/>
		<feat xlink:href="#sSpan121" value="ϣⲏⲛ"/>
		<feat xlink:href="#sSpan122" value="ⲛ"/>
		<feat xlink:href="#sSpan124" value="ⲇⲉ"/>
		<feat xlink:href="#sSpan125" value="ⲛⲉ"/>
		<feat xlink:href="#sSpan127" value="ϥ"/>
		<feat xlink:href="#sSpan128" value="ⲣⲱⲕϩ"/>
		<feat xlink:href="#sSpan129" value="ⲁⲛ"/>
		<feat xlink:href="#sSpan131" value="ⲡⲉ"/>
		<feat xlink:href="#sSpan134" value="ⲡⲉϫⲁ"/>
		<feat xlink:href="#sSpan136" value="ϥ"/>
		<feat xlink:href="#sSpan137" value="ⲛ"/>
		<feat xlink:href="#sSpan139" value="ⲇⲉ"/>
		<feat xlink:href="#sSpan140" value="ⲛϭⲓ"/>
		<feat xlink:href="#sSpan142" value="ⲙⲱⲩⲥⲏⲥ"/>
		<feat xlink:href="#sSpan144" value="ϫⲉ"/>
		<feat xlink:href="#sSpan146" value="ϯ"/>
		<feat xlink:href="#sSpan148" value="ⲛⲁ"/>
		<feat xlink:href="#sSpan149" value="ⲃⲱⲕ"/>
		<feat xlink:href="#sSpan150" value="ⲧⲁ"/>
		<feat xlink:href="#sSpan152" value="ⲛⲁⲩ"/>
		<feat xlink:href="#sSpan153" value="ⲉⲡⲉⲉⲓⲛⲟϭ"/>
		<feat xlink:href="#sSpan155" value="ⲛ"/>
		<feat xlink:href="#sSpan157" value="ϩⲟⲣⲁⲙⲁ"/>
		<feat xlink:href="#sSpan158" value="ϫⲉ"/>
		<feat xlink:href="#sSpan160" value="ⲙ"/>
		<feat xlink:href="#sSpan162" value="ⲡ"/>
		<feat xlink:href="#sSpan163" value="ϣⲏⲛ"/>
		<feat xlink:href="#sSpan164" value="ⲣⲱⲕϩ"/>
		<feat xlink:href="#sSpan166" value="ⲁⲛ"/>
		<feat xlink:href="#sSpan169" value="ⲛⲧⲉⲣⲉ"/>
		<feat xlink:href="#sSpan171" value="ⲡ"/>
		<feat xlink:href="#sSpan172" value="ϫⲟⲉⲓⲥ"/>
		<feat xlink:href="#sSpan173" value="ⲛ"/>
		<feat xlink:href="#sSpan175" value="ⲇⲉ"/>
		<feat xlink:href="#sSpan176" value="ⲛⲁ"/>
		<feat xlink:href="#sSpan178" value="ⲩ"/>
		<feat xlink:href="#sSpan179" value="ϫⲉ"/>
		<feat xlink:href="#sSpan181" value="ϥ"/>
		<feat xlink:href="#sSpan183" value="ⲛⲁ"/>
		<feat xlink:href="#sSpan184" value="ϩⲱⲛ"/>
		<feat xlink:href="#sSpan185" value="ⲉϩⲟⲩⲛ"/>
		<feat xlink:href="#sSpan187" value="ⲁ"/>
		<feat xlink:href="#sSpan189" value="ⲡ"/>
		<feat xlink:href="#sSpan190" value="ϫⲟⲉⲓⲥ"/>
		<feat xlink:href="#sSpan191" value="ⲙⲟⲩⲧⲉ"/>
		<feat xlink:href="#sSpan193" value="ⲉⲣⲟ"/>
		<feat xlink:href="#sSpan195" value="ϥ"/>
		<feat xlink:href="#sSpan196" value="ⲉⲃⲟⲗ"/>
		<feat xlink:href="#sSpan198" value="ϩⲛ"/>
		<feat xlink:href="#sSpan200" value="ⲡ"/>
		<feat xlink:href="#sSpan202" value="ϣⲏⲛ"/>
		<feat xlink:href="#sSpan203" value="ⲉ"/>
		<feat xlink:href="#sSpan205" value="ϥ"/>
		<feat xlink:href="#sSpan206" value="ϫⲱ"/>
		<feat xlink:href="#sSpan207" value="ⲙⲙⲟ"/>
		<feat xlink:href="#sSpan209" value="ⲥ"/>
		<feat xlink:href="#sSpan210" value="ϫⲉ"/>
		<feat xlink:href="#sSpan212" value="ⲙⲱⲩⲥⲏⲥ"/>
		<feat xlink:href="#sSpan214" value="ⲙⲱⲩⲥⲏⲥ"/>
		<feat xlink:href="#sSpan216" value="ⲛⲧⲟϥ"/>
		<feat xlink:href="#sSpan218" value="ⲇⲉ"/>
		<feat xlink:href="#sSpan220" value="ⲡⲉϫⲁ"/>
		<feat xlink:href="#sSpan222" value="ϥ"/>
		<feat xlink:href="#sSpan223" value="ϫⲉ"/>
		<feat xlink:href="#sSpan225" value="ⲟⲩ"/>
		<feat xlink:href="#sSpan227" value="ⲡ"/>
		<feat xlink:href="#sSpan229" value="ⲉⲧ"/>
		<feat xlink:href="#sSpan230" value="ϣⲟⲟⲡ"/>
		<feat xlink:href="#sSpan232" value="ⲡⲉϫⲁ"/>
		<feat xlink:href="#sSpan234" value="ϥ"/>
		<feat xlink:href="#sSpan235" value="ⲛ"/>
		<feat xlink:href="#sSpan237" value="ⲇⲉ"/>
		<feat xlink:href="#sSpan238" value="ⲛⲁ"/>
		<feat xlink:href="#sSpan240" value="ϥ"/>
		<feat xlink:href="#sSpan241" value="ϫⲉ"/>
		<feat xlink:href="#sSpan243" value="ⲙⲡⲣ"/>
		<feat xlink:href="#sSpan245" value="ϩⲱⲛ"/>
		<feat xlink:href="#sSpan246" value="ⲉϩⲟⲩⲛ"/>
		<feat xlink:href="#sSpan248" value="ⲉⲡⲉ"/>
		<feat xlink:href="#sSpan250" value="ⲉⲓ"/>
		<feat xlink:href="#sSpan251" value="ⲙⲁ"/>
		<feat xlink:href="#sSpan252" value="ⲃⲱⲗ"/>
		<feat xlink:href="#sSpan254" value="ⲉⲃⲟⲗ"/>
		<feat xlink:href="#sSpan256" value="ⲙ"/>
		<feat xlink:href="#sSpan258" value="ⲡ"/>
		<feat xlink:href="#sSpan259" value="ⲧⲟⲟⲩⲉ"/>
		<feat xlink:href="#sSpan260" value="ⲉⲧ"/>
		<feat xlink:href="#sSpan262" value="ϩⲛ"/>
		<feat xlink:href="#sSpan263" value="ⲛⲉⲕ"/>
		<feat xlink:href="#sSpan265" value="ⲟⲩⲉⲣⲏⲧⲉ"/>
		<feat xlink:href="#sSpan266" value="ⲡ"/>
		<feat xlink:href="#sSpan268" value="ⲙⲁ"/>
		<feat xlink:href="#sSpan269" value="ⲅⲁⲣ"/>
		<feat xlink:href="#sSpan271" value="ⲉⲧ"/>
		<feat xlink:href="#sSpan273" value="ⲕⲁϩⲉⲣⲁⲧ"/>
		<feat xlink:href="#sSpan274" value="ⲕ"/>
		<feat xlink:href="#sSpan276" value="ⲛϩⲏⲧ"/>
		<feat xlink:href="#sSpan279" value="ϥ"/>
		<feat xlink:href="#sSpan280" value="ⲟⲩ"/>
		<feat xlink:href="#sSpan282" value="ⲕⲁϩ"/>
		<feat xlink:href="#sSpan283" value="ⲉ"/>
		<feat xlink:href="#sSpan285" value="ϥ"/>
		<feat xlink:href="#sSpan286" value="ⲟⲩⲁⲁⲃ"/>
		<feat xlink:href="#sSpan287" value="ⲡⲉ"/>
		<feat xlink:href="#sSpan290" value="ⲡⲉϫⲁ"/>
		<feat xlink:href="#sSpan292" value="ϥ"/>
		<feat xlink:href="#sSpan293" value="ⲟⲛ"/>
		<feat xlink:href="#sSpan295" value="ⲛⲁ"/>
		<feat xlink:href="#sSpan297" value="ϥ"/>
		<feat xlink:href="#sSpan298" value="ϫⲉ"/>
		<feat xlink:href="#sSpan300" value="ⲁⲛⲟⲕ"/>
		<feat xlink:href="#sSpan302" value="ⲡⲉ"/>
		<feat xlink:href="#sSpan304" value="ⲡ"/>
		<feat xlink:href="#sSpan306" value="ⲛⲟⲩⲧⲉ"/>
		<feat xlink:href="#sSpan307" value="ⲙ"/>
		<feat xlink:href="#sSpan309" value="ⲡⲉⲕ"/>
		<feat xlink:href="#sSpan310" value="ⲉⲓⲱⲧ"/>
		<feat xlink:href="#sSpan311" value="ⲁⲃⲣⲁϩⲁⲙ"/>
		<feat xlink:href="#sSpan313" value="ⲡ"/>
		<feat xlink:href="#sSpan315" value="ⲛⲟⲩⲧⲉ"/>
		<feat xlink:href="#sSpan316" value="ⲛ"/>
		<feat xlink:href="#sSpan318" value="ⲓⲥⲁⲕ"/>
		<feat xlink:href="#sSpan319" value="ⲡ"/>
		<feat xlink:href="#sSpan321" value="ⲛⲟⲩⲧⲉ"/>
		<feat xlink:href="#sSpan322" value="ⲛ"/>
		<feat xlink:href="#sSpan324" value="ⲓⲁⲕⲱⲃ"/>
		<feat xlink:href="#sSpan325" value="ⲁ"/>
		<feat xlink:href="#sSpan327" value="ϥ"/>
		<feat xlink:href="#sSpan328" value="ⲕⲱⲧⲉ"/>
		<feat xlink:href="#sSpan329" value="ⲇⲉ"/>
		<feat xlink:href="#sSpan331" value="ⲙ"/>
		<feat xlink:href="#sSpan333" value="ⲡⲉϥ"/>
		<feat xlink:href="#sSpan334" value="ϩⲟ"/>
		<feat xlink:href="#sSpan335" value="ⲉⲃⲟⲗ"/>
		<feat xlink:href="#sSpan337" value="ⲛϭⲓ"/>
		<feat xlink:href="#sSpan339" value="ⲙⲱⲩⲥⲏⲥ"/>
		<feat xlink:href="#sSpan341" value="ⲛⲉⲁ"/>
		<feat xlink:href="#sSpan343" value="ϥ"/>
		<feat xlink:href="#sSpan344" value="ⲣ"/>
		<feat xlink:href="#sSpan345" value="ϩⲟⲧⲉ"/>
		<feat xlink:href="#sSpan347" value="ⲅⲁⲣ"/>
		<feat xlink:href="#sSpan349" value="ⲉ"/>
		<feat xlink:href="#sSpan351" value="ϭⲱϣⲧ"/>
		<feat xlink:href="#sSpan352" value="ⲙ"/>
		<feat xlink:href="#sSpan354" value="ⲡⲉ"/>
		<feat xlink:href="#sSpan355" value="ⲙⲧⲟ"/>
		<feat xlink:href="#sSpan356" value="ⲉⲃⲟⲗ"/>
		<feat xlink:href="#sSpan358" value="ⲙ"/>
		<feat xlink:href="#sSpan360" value="ⲡ"/>
		<feat xlink:href="#sSpan361" value="ⲛⲟⲩⲧⲉ"/>
		<feat xlink:href="#sSpan363" value="ⲡⲉϫⲁ"/>
		<feat xlink:href="#sSpan365" value="ϥ"/>
		<feat xlink:href="#sSpan366" value="ⲛ"/>
		<feat xlink:href="#sSpan368" value="ⲇⲉ"/>
		<feat xlink:href="#sSpan369" value="ⲛϭⲓ"/>
		<feat xlink:href="#sSpan371" value="ⲡ"/>
		<feat xlink:href="#sSpan373" value="ϫⲟⲉⲓⲥ"/>
		<feat xlink:href="#sSpan374" value="ⲙ"/>
		<feat xlink:href="#sSpan376" value="ⲙⲱⲩⲥⲏⲥ"/>
		<feat xlink:href="#sSpan377" value="ϫⲉ"/>
		<feat xlink:href="#sSpan379" value="ϩⲛ"/>
		<feat xlink:href="#sSpan381" value="ⲟⲩ"/>
		<feat xlink:href="#sSpan383" value="ⲛⲁⲩ"/>
		<feat xlink:href="#sSpan384" value="ⲁ"/>
		<feat xlink:href="#sSpan386" value="ⲓ"/>
		<feat xlink:href="#sSpan387" value="ⲛⲁⲩ"/>
		<feat xlink:href="#sSpan388" value="ⲉⲡⲉⲧ"/>
		<feat xlink:href="#sSpan390" value="ϩⲙ"/>
		<feat xlink:href="#sSpan391" value="ⲕⲟ"/>
		<feat xlink:href="#sSpan392" value="ⲙ"/>
		<feat xlink:href="#sSpan394" value="ⲡⲁ"/>
		<feat xlink:href="#sSpan395" value="ⲗⲁⲟⲥ"/>
		<feat xlink:href="#sSpan396" value="ⲡⲁⲓ"/>
		<feat xlink:href="#sSpan398" value="ⲉⲧ"/>
		<feat xlink:href="#sSpan400" value="ϣⲟⲟⲡ"/>
		<feat xlink:href="#sSpan401" value="ϩⲛ"/>
		<feat xlink:href="#sSpan403" value="ⲕⲏⲙⲉ"/>
		<feat xlink:href="#sSpan405" value="ⲁⲩⲱ"/>
		<feat xlink:href="#sSpan407" value="ⲁ"/>
		<feat xlink:href="#sSpan409" value="ⲓ"/>
		<feat xlink:href="#sSpan410" value="ⲥⲱⲧⲙ"/>
		<feat xlink:href="#sSpan411" value="ⲉⲡⲉⲩⲁϣⲕⲁⲕ"/>
		<feat xlink:href="#sSpan413" value="ⲉⲃⲟⲗ"/>
		<feat xlink:href="#sSpan415" value="ϩⲛ"/>
		<feat xlink:href="#sSpan417" value="ⲛ"/>
		<feat xlink:href="#sSpan419" value="ⲉⲣⲅⲟⲇⲓⲱⲕⲧⲏⲥ"/>
		<feat xlink:href="#sSpan420" value="ϯ"/>
		<feat xlink:href="#sSpan422" value="ⲥⲟⲟⲩⲛ"/>
		<feat xlink:href="#sSpan423" value="ⲅⲁⲣ"/>
		<feat xlink:href="#sSpan425" value="ⲙ"/>
		<feat xlink:href="#sSpan427" value="ⲡⲉⲩ"/>
		<feat xlink:href="#sSpan428" value="ϩⲓⲥⲉ"/>
		<feat xlink:href="#sSpan430" value="ⲁⲩⲱ"/>
		<feat xlink:href="#sSpan432" value="ⲁ"/>
		<feat xlink:href="#sSpan434" value="ⲓ"/>
		<feat xlink:href="#sSpan435" value="ⲉⲓ"/>
		<feat xlink:href="#sSpan436" value="ⲉ"/>
		<feat xlink:href="#sSpan438" value="ⲡ"/>
		<feat xlink:href="#sSpan439" value="ⲉⲥⲏⲧ"/>
		<feat xlink:href="#sSpan440" value="ⲉ"/>
		<feat xlink:href="#sSpan442" value="ⲛⲁ"/>
		<feat xlink:href="#sSpan443" value="ϩⲙⲟⲩ"/>
		<feat xlink:href="#sSpan444" value="ⲉⲃⲟⲗ"/>
		<feat xlink:href="#sSpan446" value="ϩⲛ"/>
		<feat xlink:href="#sSpan448" value="ⲧ"/>
		<feat xlink:href="#sSpan450" value="ϭⲓϫ"/>
		<feat xlink:href="#sSpan451" value="ⲛⲣⲣⲙⲛ"/>
		<feat xlink:href="#sSpan453" value="ⲕⲏⲙⲉ"/>
		<feat xlink:href="#sSpan454" value="ⲉ"/>
		<feat xlink:href="#sSpan456" value="ⲛⲧ"/>
		<feat xlink:href="#sSpan457" value="ⲟⲩ"/>
		<feat xlink:href="#sSpan458" value="ⲉⲃⲟⲗ"/>
		<feat xlink:href="#sSpan460" value="ϩⲛ"/>
		<feat xlink:href="#sSpan462" value="ⲡ"/>
		<feat xlink:href="#sSpan464" value="ⲕⲁϩ"/>
		<feat xlink:href="#sSpan465" value="ⲛ"/>
		<feat xlink:href="#sSpan467" value="ⲕⲏⲙⲉ"/>
		<feat xlink:href="#sSpan468" value="ⲉ"/>
		<feat xlink:href="#sSpan470" value="ϫⲓⲧⲟ"/>
		<feat xlink:href="#sSpan471" value="ⲩ"/>
		<feat xlink:href="#sSpan472" value="ⲉϩⲟⲩⲛ"/>
		<feat xlink:href="#sSpan474" value="ⲉ"/>
		<feat xlink:href="#sSpan476" value="ⲩ"/>
		<feat xlink:href="#sSpan477" value="ⲕⲁϩ"/>
		<feat xlink:href="#sSpan478" value="ⲉ"/>
		<feat xlink:href="#sSpan480" value="ⲛⲁⲛⲟⲩ"/>
		<feat xlink:href="#sSpan481" value="ϥ"/>
		<feat xlink:href="#sSpan482" value="ⲁⲩⲱ"/>
		<feat xlink:href="#sSpan484" value="ⲉ"/>
		<feat xlink:href="#sSpan486" value="ⲛⲁϣⲱ"/>
		<feat xlink:href="#sSpan487" value="ϥ"/>
		<feat xlink:href="#sSpan488" value="ⲉ"/>
		<feat xlink:href="#sSpan490" value="ⲩ"/>
		<feat xlink:href="#sSpan491" value="ⲕⲁϩ"/>
		<feat xlink:href="#sSpan492" value="ⲉ"/>
		<feat xlink:href="#sSpan494" value="ϥ"/>
		<feat xlink:href="#sSpan495" value="ϣⲟⲩⲉ"/>
		<feat xlink:href="#sSpan496" value="ⲉⲣⲱⲧⲉ"/>
		<feat xlink:href="#sSpan498" value="ⲉⲃⲟⲗ"/>
		<feat xlink:href="#sSpan500" value="ϩⲓ"/>
		<feat xlink:href="#sSpan502" value="ⲉⲃⲓⲱ"/>
		<feat xlink:href="#sSpan504" value="ⲉϩⲣⲁⲓ"/>
		<feat xlink:href="#sSpan506" value="ⲉ"/>
		<feat xlink:href="#sSpan508" value="ⲡ"/>
		<feat xlink:href="#sSpan509" value="ⲙⲁ"/>
		<feat xlink:href="#sSpan510" value="ⲛ"/>
		<feat xlink:href="#sSpan512" value="ⲛⲉ"/>
		<feat xlink:href="#sSpan513" value="ⲭⲁⲛⲁⲛⲁⲓⲟⲥ"/>
		<feat xlink:href="#sSpan514" value="ⲙⲛ"/>
		<feat xlink:href="#sSpan516" value="ⲛⲉ"/>
		<feat xlink:href="#sSpan518" value="ⲭⲉⲧⲧⲁⲓⲟⲥ"/>
		<feat xlink:href="#sSpan519" value="ⲙⲛ"/>
		<feat xlink:href="#sSpan521" value="ⲛⲁⲙⲟⲣⲣⲁⲓⲟⲥ"/>
		<feat xlink:href="#sSpan523" value="ⲙⲛ"/>
		<feat xlink:href="#sSpan525" value="ⲛⲉ"/>
		<feat xlink:href="#sSpan527" value="ⲫⲉⲣⲉⲍⲁⲓⲟⲥ"/>
		<feat xlink:href="#sSpan528" value="ⲙⲛ"/>
		<feat xlink:href="#sSpan530" value="ⲛⲉ"/>
		<feat xlink:href="#sSpan532" value="ⲩⲁⲓⲟⲥ"/>
		<feat xlink:href="#sSpan533" value="ⲙⲛ"/>
		<feat xlink:href="#sSpan535" value="ⲛⲉⲅⲉⲣⲅⲉⲥⲁⲓⲟⲥ"/>
		<feat xlink:href="#sSpan537" value="ⲙⲛ"/>
		<feat xlink:href="#sSpan539" value="ⲓⲉⲃⲟⲩⲥⲁⲓⲟⲥ"/>
		<feat xlink:href="#sSpan542" value="ⲧⲉⲛⲟⲩ"/>
		<feat xlink:href="#sSpan544" value="ϭⲉ"/>
		<feat xlink:href="#sSpan546" value="ⲉⲓⲥ"/>
		<feat xlink:href="#sSpan548" value="ⲡⲁ"/>
		<feat xlink:href="#sSpan550" value="ϣⲕⲁⲕ"/>
		<feat xlink:href="#sSpan551" value="ⲛ"/>
		<feat xlink:href="#sSpan553" value="ⲛ"/>
		<feat xlink:href="#sSpan554" value="ϣⲏⲣⲉ"/>
		<feat xlink:href="#sSpan555" value="ⲙ"/>
		<feat xlink:href="#sSpan557" value="ⲡ"/>
		<feat xlink:href="#sSpan558" value="ⲓⲏ"/>
		<feat xlink:href="#sSpan559" value="ⲁ"/>
		<feat xlink:href="#sSpan561" value="ϥ"/>
		<feat xlink:href="#sSpan562" value="ⲉⲓ"/>
		<feat xlink:href="#sSpan563" value="ⲉϩⲣⲁⲓ"/>
		<feat xlink:href="#sSpan565" value="ⲉⲣⲟ"/>
		<feat xlink:href="#sSpan567" value="ⲓ"/>
		<feat xlink:href="#sSpan568" value="ⲁⲛⲟⲕ"/>
		<feat xlink:href="#sSpan570" value="ⲁ"/>
		<feat xlink:href="#sSpan572" value="ⲓ"/>
		<feat xlink:href="#sSpan573" value="ⲛⲁⲩ"/>
		<feat xlink:href="#sSpan574" value="ⲉⲡⲉⲩϩⲟϫϫ"/>
		<feat xlink:href="#sSpan576" value="ⲛⲁⲓ"/>
		<feat xlink:href="#sSpan578" value="ⲉⲧⲉⲣⲉ"/>
		<feat xlink:href="#sSpan580" value="ⲛⲣⲙⲛ"/>
		<feat xlink:href="#sSpan581" value="ⲕⲏⲙⲉ"/>
		<feat xlink:href="#sSpan582" value="ⲑⲗⲓⲃⲉ"/>
		<feat xlink:href="#sSpan584" value="ⲙⲙⲟ"/>
		<feat xlink:href="#sSpan586" value="ⲟⲩ"/>
		<feat xlink:href="#sSpan588" value="ⲛϩⲏⲧ"/>
		<feat xlink:href="#sSpan591" value="ϥ"/>
		<feat xlink:href="#sSpan593" value="ⲧⲉⲛⲟⲩ"/>
		<feat xlink:href="#sSpan595" value="ϭⲉ"/>
		<feat xlink:href="#sSpan597" value="ⲁⲙⲟⲩ"/>
		<feat xlink:href="#sSpan599" value="ⲧⲁϫⲟⲟⲩⲕ"/>
		<feat xlink:href="#sSpan601" value="ϣⲁ"/>
		<feat xlink:href="#sSpan603" value="ⲫⲁⲣⲁⲱ"/>
		<feat xlink:href="#sSpan605" value="ⲡ"/>
		<feat xlink:href="#sSpan607" value="ⲣⲣⲟ"/>
		<feat xlink:href="#sSpan608" value="ⲛ"/>
		<feat xlink:href="#sSpan610" value="ⲕⲏⲙⲉ"/>
		<feat xlink:href="#sSpan611" value="ⲛ"/>
		<feat xlink:href="#sSpan613" value="ⲅ"/>
		<feat xlink:href="#sSpan614" value="ⲉⲓⲛⲉ"/>
		<feat xlink:href="#sSpan615" value="ⲙ"/>
		<feat xlink:href="#sSpan617" value="ⲡⲁ"/>
		<feat xlink:href="#sSpan618" value="ⲗⲁⲟⲥ"/>
		<feat xlink:href="#sSpan619" value="ⲉⲃⲟⲗ"/>
		<feat xlink:href="#sSpan621" value="ⲛ"/>
		<feat xlink:href="#sSpan623" value="ϣⲏⲣⲉ"/>
		<feat xlink:href="#sSpan624" value="ⲙ"/>
		<feat xlink:href="#sSpan626" value="ⲡ"/>
		<feat xlink:href="#sSpan627" value="ⲓⲏ"/>
		<feat xlink:href="#sSpan628" value="ⲉⲃⲟⲗ"/>
		<feat xlink:href="#sSpan630" value="ϩⲛ"/>
		<feat xlink:href="#sSpan632" value="ⲡ"/>
		<feat xlink:href="#sSpan634" value="ⲕⲁϩ"/>
		<feat xlink:href="#sSpan635" value="ⲛ"/>
		<feat xlink:href="#sSpan637" value="ⲕⲏⲙⲉ"/>
		<feat xlink:href="#sSpan639" value="ⲡⲉϫⲁ"/>
		<feat xlink:href="#sSpan641" value="ϥ"/>
		<feat xlink:href="#sSpan642" value="ⲛ"/>
		<feat xlink:href="#sSpan644" value="ⲇⲉ"/>
		<feat xlink:href="#sSpan645" value="ⲛϭⲓ"/>
		<feat xlink:href="#sSpan647" value="ⲙⲱⲩⲥⲏⲥ"/>
		<feat xlink:href="#sSpan649" value="ⲛ"/>
		<feat xlink:href="#sSpan651" value="ⲛⲁϩⲣⲛ"/>
		<feat xlink:href="#sSpan652" value="ⲡ"/>
		<feat xlink:href="#sSpan654" value="ⲛⲟⲩⲧⲉ"/>
		<feat xlink:href="#sSpan655" value="ϫⲉ"/>
		<feat xlink:href="#sSpan657" value="ⲁⲛⲅ"/>
		<feat xlink:href="#sSpan659" value="ⲛⲓⲙ"/>
		<feat xlink:href="#sSpan661" value="ⲁⲛⲟⲕ"/>
		<feat xlink:href="#sSpan663" value="ϫⲉ"/>
		<feat xlink:href="#sSpan665" value="ⲉⲉⲓⲉ"/>
		<feat xlink:href="#sSpan667" value="ⲃⲱⲕ"/>
		<feat xlink:href="#sSpan668" value="ϣⲁ"/>
		<feat xlink:href="#sSpan670" value="ⲫⲁⲣⲁⲱ"/>
		<feat xlink:href="#sSpan672" value="ⲡ"/>
		<feat xlink:href="#sSpan674" value="ⲣⲣⲟ"/>
		<feat xlink:href="#sSpan675" value="ⲛ"/>
		<feat xlink:href="#sSpan677" value="ⲕⲏⲙⲉ"/>
		<feat xlink:href="#sSpan678" value="ⲁⲩⲱ"/>
		<feat xlink:href="#sSpan680" value="ϫⲉ"/>
		<feat xlink:href="#sSpan682" value="ⲉⲉⲓⲉ"/>
		<feat xlink:href="#sSpan684" value="ⲉⲓⲛⲉ"/>
		<feat xlink:href="#sSpan685" value="ⲉⲃⲟⲗ"/>
		<feat xlink:href="#sSpan687" value="ϩⲛ"/>
		<feat xlink:href="#sSpan689" value="ⲡ"/>
		<feat xlink:href="#sSpan691" value="ⲕⲁϩ"/>
		<feat xlink:href="#sSpan692" value="ⲛ"/>
		<feat xlink:href="#sSpan694" value="ⲕⲏⲙⲉ"/>
		<feat xlink:href="#sSpan695" value="ⲙ"/>
		<feat xlink:href="#sSpan697" value="ⲡ"/>
		<feat xlink:href="#sSpan698" value="ⲗⲁⲟⲥ"/>
		<feat xlink:href="#sSpan700" value="ⲡⲉϫⲁ"/>
		<feat xlink:href="#sSpan702" value="ϥ"/>
		<feat xlink:href="#sSpan703" value="ⲛ"/>
		<feat xlink:href="#sSpan705" value="ⲇⲉ"/>
		<feat xlink:href="#sSpan706" value="ⲛϭⲓ"/>
		<feat xlink:href="#sSpan708" value="ⲡ"/>
		<feat xlink:href="#sSpan710" value="ⲛⲟⲩⲧⲉ"/>
		<feat xlink:href="#sSpan711" value="ⲙ"/>
		<feat xlink:href="#sSpan713" value="ⲙⲱⲩⲥⲏⲥ"/>
		<feat xlink:href="#sSpan714" value="ⲉ"/>
		<feat xlink:href="#sSpan716" value="ϥ"/>
		<feat xlink:href="#sSpan717" value="ϫⲱ"/>
		<feat xlink:href="#sSpan718" value="ⲙⲙⲟ"/>
		<feat xlink:href="#sSpan720" value="ⲥ"/>
		<feat xlink:href="#sSpan721" value="ϫⲉ"/>
		<feat xlink:href="#sSpan723" value="ϯ"/>
		<feat xlink:href="#sSpan725" value="ⲛⲁ"/>
		<feat xlink:href="#sSpan726" value="ϣⲱⲡⲉ"/>
		<feat xlink:href="#sSpan727" value="ⲛⲙⲙⲁ"/>
		<feat xlink:href="#sSpan729" value="ⲕ"/>
		<feat xlink:href="#sSpan730" value="ⲁⲩⲱ"/>
		<feat xlink:href="#sSpan732" value="ⲡⲁⲓ"/>
		<feat xlink:href="#sSpan734" value="ⲛⲁ"/>
		<feat xlink:href="#sSpan736" value="ϣⲱⲡⲉ"/>
		<feat xlink:href="#sSpan737" value="ⲛⲁ"/>
		<feat xlink:href="#sSpan739" value="ⲕ"/>
		<feat xlink:href="#sSpan740" value="ⲙ"/>
		<feat xlink:href="#sSpan742" value="ⲙⲁⲉⲓⲛ"/>
		<feat xlink:href="#sSpan743" value="ϫⲉ"/>
		<feat xlink:href="#sSpan745" value="ⲁⲛⲟⲕ"/>
		<feat xlink:href="#sSpan747" value="ⲡ"/>
		<feat xlink:href="#sSpan749" value="ⲉⲧ"/>
		<feat xlink:href="#sSpan750" value="ⲛⲁϫⲟⲟⲩⲕ"/>
		<feat xlink:href="#sSpan751" value="ϩⲙ"/>
		<feat xlink:href="#sSpan753" value="ⲡ"/>
		<feat xlink:href="#sSpan755" value="ⲧⲣⲉ"/>
		<feat xlink:href="#sSpan756" value="ⲕ"/>
		<feat xlink:href="#sSpan757" value="ⲉⲓⲛⲉ"/>
		<feat xlink:href="#sSpan758" value="ⲉⲃⲟⲗ"/>
		<feat xlink:href="#sSpan760" value="ⲙ"/>
		<feat xlink:href="#sSpan762" value="ⲡⲁ"/>
		<feat xlink:href="#sSpan763" value="ⲗⲁⲟⲥ"/>
		<feat xlink:href="#sSpan764" value="ϩⲙ"/>
		<feat xlink:href="#sSpan766" value="ⲡ"/>
		<feat xlink:href="#sSpan768" value="ⲕⲁϩ"/>
		<feat xlink:href="#sSpan769" value="ⲛ"/>
		<feat xlink:href="#sSpan771" value="ⲕⲏⲙⲉ"/>
		<feat xlink:href="#sSpan772" value="ⲛ"/>
		<feat xlink:href="#sSpan774" value="ⲧⲉⲧⲛ"/>
		<feat xlink:href="#sSpan775" value="ϣⲙϣⲉ"/>
		<feat xlink:href="#sSpan776" value="ⲙ"/>
		<feat xlink:href="#sSpan778" value="ⲡ"/>
		<feat xlink:href="#sSpan779" value="ⲛⲟⲩⲧⲉ"/>
		<feat xlink:href="#sSpan780" value="ϩⲣⲁⲓ"/>
		<feat xlink:href="#sSpan782" value="ϩⲙ"/>
		<feat xlink:href="#sSpan784" value="ⲡ"/>
		<feat xlink:href="#sSpan786" value="ⲧⲟⲟⲩ"/>
		<feat xlink:href="#sSpan788" value="ⲡⲉϫⲁ"/>
		<feat xlink:href="#sSpan790" value="ϥ"/>
		<feat xlink:href="#sSpan791" value="ⲛ"/>
		<feat xlink:href="#sSpan793" value="ⲇⲉ"/>
		<feat xlink:href="#sSpan794" value="ⲛϭⲓ"/>
		<feat xlink:href="#sSpan796" value="ⲙⲱⲩⲥⲏⲥ"/>
		<feat xlink:href="#sSpan798" value="ⲛ"/>
		<feat xlink:href="#sSpan800" value="ⲛⲁϩⲣⲛ"/>
		<feat xlink:href="#sSpan801" value="ⲡ"/>
		<feat xlink:href="#sSpan803" value="ⲛⲟⲩⲧⲉ"/>
		<feat xlink:href="#sSpan804" value="ϫⲉ"/>
		<feat xlink:href="#sSpan806" value="ⲉⲓⲥ"/>
		<feat xlink:href="#sSpan808" value="ϩⲏⲏⲧⲉ"/>
		<feat xlink:href="#sSpan810" value="ⲁⲛⲟⲕ"/>
		<feat xlink:href="#sSpan812" value="ϯ"/>
		<feat xlink:href="#sSpan814" value="ⲛⲁ"/>
		<feat xlink:href="#sSpan815" value="ⲃⲱⲕ"/>
		<feat xlink:href="#sSpan816" value="ϣⲁ"/>
		<feat xlink:href="#sSpan818" value="ⲛ"/>
		<feat xlink:href="#sSpan820" value="ϣⲏⲣⲉ"/>
		<feat xlink:href="#sSpan821" value="ⲙ"/>
		<feat xlink:href="#sSpan823" value="ⲡ"/>
		<feat xlink:href="#sSpan824" value="ⲓⲏ"/>
		<feat xlink:href="#sSpan825" value="ⲧⲁ"/>
		<feat xlink:href="#sSpan827" value="ϫⲟⲟ"/>
		<feat xlink:href="#sSpan828" value="ⲥ"/>
		<feat xlink:href="#sSpan829" value="ⲛⲁ"/>
		<feat xlink:href="#sSpan831" value="ⲩ"/>
		<feat xlink:href="#sSpan832" value="ϫⲉ"/>
		<feat xlink:href="#sSpan834" value="ⲡ"/>
		<feat xlink:href="#sSpan836" value="ⲛⲟⲩⲧⲉ"/>
		<feat xlink:href="#sSpan837" value="ⲛ"/>
		<feat xlink:href="#sSpan839" value="ⲛⲉⲧⲛ"/>
		<feat xlink:href="#sSpan840" value="ⲉⲓⲟⲧⲉ"/>
		<feat xlink:href="#sSpan841" value="ⲡ"/>
		<feat xlink:href="#sSpan843" value="ⲉⲛⲧ"/>
		<feat xlink:href="#sSpan844" value="ⲁ"/>
		<feat xlink:href="#sSpan845" value="ϥ"/>
		<feat xlink:href="#sSpan846" value="ⲧⲛⲛⲟⲟⲩ"/>
		<feat xlink:href="#sSpan847" value="ⲧ"/>
		<feat xlink:href="#sSpan848" value="ϣⲁⲣⲱ"/>
		<feat xlink:href="#sSpan850" value="ⲧⲛ"/>
		<feat xlink:href="#sSpan851" value="ⲛ"/>
		<feat xlink:href="#sSpan853" value="ⲥⲉ"/>
		<feat xlink:href="#sSpan854" value="ϫⲛ"/>
		<feat xlink:href="#sSpan855" value="ⲟⲩⲉⲓ"/>
		<feat xlink:href="#sSpan856" value="ϫⲉ"/>
		<feat xlink:href="#sSpan858" value="ⲛⲓⲙ"/>
		<feat xlink:href="#sSpan860" value="ⲡⲉ"/>
		<feat xlink:href="#sSpan862" value="ⲡⲉϥ"/>
		<feat xlink:href="#sSpan864" value="ⲣⲁⲛ"/>
		<feat xlink:href="#sSpan865" value="ⲉⲉⲓ"/>
		<feat xlink:href="#sSpan867" value="ⲛⲁ"/>
		<feat xlink:href="#sSpan868" value="ϫⲟⲟ"/>
		<feat xlink:href="#sSpan869" value="ⲥ"/>
		<feat xlink:href="#sSpan870" value="ⲛⲁ"/>
		<feat xlink:href="#sSpan872" value="ⲩ"/>
		<feat xlink:href="#sSpan873" value="ϫⲉ"/>
		<feat xlink:href="#sSpan875" value="ⲟⲩ"/>
		<feat xlink:href="#sSpan878" value="ⲡⲉϫⲁ"/>
		<feat xlink:href="#sSpan880" value="ϥ"/>
		<feat xlink:href="#sSpan881" value="ⲛϭⲓ"/>
		<feat xlink:href="#sSpan883" value="ⲡ"/>
		<feat xlink:href="#sSpan885" value="ⲛⲟⲩⲧⲉ"/>
		<feat xlink:href="#sSpan886" value="ⲙ"/>
		<feat xlink:href="#sSpan888" value="ⲙⲱⲩⲥⲏⲥ"/>
		<feat xlink:href="#sSpan889" value="ϫⲉ"/>
		<feat xlink:href="#sSpan891" value="ⲁⲛⲟⲕ"/>
		<feat xlink:href="#sSpan893" value="ⲡⲉ"/>
		<feat xlink:href="#sSpan895" value="ⲡ"/>
		<feat xlink:href="#sSpan897" value="ⲉⲧ"/>
		<feat xlink:href="#sSpan898" value="ϣⲟⲟⲡ"/>
		<feat xlink:href="#sSpan899" value="ⲧⲁⲓ"/>
		<feat xlink:href="#sSpan901" value="ⲧⲉ"/>
		<feat xlink:href="#sSpan903" value="ⲧ"/>
		<feat xlink:href="#sSpan905" value="ϩⲉ"/>
		<feat xlink:href="#sSpan906" value="ⲉⲧ"/>
		<feat xlink:href="#sSpan908" value="ⲕ"/>
		<feat xlink:href="#sSpan909" value="ⲛⲁ"/>
		<feat xlink:href="#sSpan910" value="ϫⲟⲟ"/>
		<feat xlink:href="#sSpan911" value="ⲥ"/>
		<feat xlink:href="#sSpan912" value="ⲛ"/>
		<feat xlink:href="#sSpan914" value="ⲛ"/>
		<feat xlink:href="#sSpan915" value="ϣⲏⲣⲉ"/>
		<feat xlink:href="#sSpan916" value="ⲙ"/>
		<feat xlink:href="#sSpan918" value="ⲡ"/>
		<feat xlink:href="#sSpan919" value="ⲓⲏ"/>
		<feat xlink:href="#sSpan920" value="ϫⲉ"/>
		<feat xlink:href="#sSpan922" value="ⲡ"/>
		<feat xlink:href="#sSpan924" value="ⲉⲧ"/>
		<feat xlink:href="#sSpan925" value="ϣⲟⲟⲡ"/>
		<feat xlink:href="#sSpan926" value="ⲡⲉ"/>
		<feat xlink:href="#sSpan928" value="ⲛⲧ"/>
		<feat xlink:href="#sSpan930" value="ⲁ"/>
		<feat xlink:href="#sSpan931" value="ϥ"/>
		<feat xlink:href="#sSpan932" value="ⲧⲛⲛⲟⲟⲩ"/>
		<feat xlink:href="#sSpan933" value="ⲧ"/>
		<feat xlink:href="#sSpan934" value="ϣⲁⲣⲱ"/>
		<feat xlink:href="#sSpan936" value="ⲧⲛ"/>
		<feat xlink:href="#sSpan938" value="ⲡⲉϫⲁ"/>
		<feat xlink:href="#sSpan940" value="ϥ"/>
		<feat xlink:href="#sSpan941" value="ⲟⲛ"/>
		<feat xlink:href="#sSpan943" value="ⲛϭⲓ"/>
		<feat xlink:href="#sSpan945" value="ⲡ"/>
		<feat xlink:href="#sSpan947" value="ⲛⲟⲩⲧⲉ"/>
		<feat xlink:href="#sSpan948" value="ⲙ"/>
		<feat xlink:href="#sSpan950" value="ⲙⲱⲩⲥⲏⲥ"/>
		<feat xlink:href="#sSpan951" value="ϫⲉ"/>
		<feat xlink:href="#sSpan953" value="ⲧⲁⲓ"/>
		<feat xlink:href="#sSpan955" value="ⲧⲉ"/>
		<feat xlink:href="#sSpan957" value="ⲧ"/>
		<feat xlink:href="#sSpan959" value="ϩⲉ"/>
		<feat xlink:href="#sSpan960" value="ⲉⲧ"/>
		<feat xlink:href="#sSpan962" value="ⲕ"/>
		<feat xlink:href="#sSpan963" value="ⲛⲁ"/>
		<feat xlink:href="#sSpan964" value="ϫⲟⲟ"/>
		<feat xlink:href="#sSpan965" value="ⲥ"/>
		<feat xlink:href="#sSpan966" value="ⲛ"/>
		<feat xlink:href="#sSpan968" value="ⲛ"/>
		<feat xlink:href="#sSpan969" value="ϣⲏⲣⲉ"/>
		<feat xlink:href="#sSpan970" value="ⲙ"/>
		<feat xlink:href="#sSpan972" value="ⲡ"/>
		<feat xlink:href="#sSpan973" value="ⲓⲏ"/>
		<feat xlink:href="#sSpan974" value="ϫⲉ"/>
		<feat xlink:href="#sSpan976" value="ⲡ"/>
		<feat xlink:href="#sSpan978" value="ϫⲟⲉⲓⲥ"/>
		<feat xlink:href="#sSpan979" value="ⲡ"/>
		<feat xlink:href="#sSpan981" value="ⲛⲟⲩⲧⲉ"/>
		<feat xlink:href="#sSpan982" value="ⲛ"/>
		<feat xlink:href="#sSpan984" value="ⲛⲉⲧⲛ"/>
		<feat xlink:href="#sSpan985" value="ⲉⲓⲟⲧⲉ"/>
		<feat xlink:href="#sSpan986" value="ⲡ"/>
		<feat xlink:href="#sSpan988" value="ⲛⲟⲩⲧⲉ"/>
		<feat xlink:href="#sSpan989" value="ⲛ"/>
		<feat xlink:href="#sSpan991" value="ⲁⲃⲣⲁϩⲁⲙ"/>
		<feat xlink:href="#sSpan992" value="ⲡ"/>
		<feat xlink:href="#sSpan994" value="ⲛⲟⲩⲧⲉ"/>
		<feat xlink:href="#sSpan995" value="ⲛ"/>
		<feat xlink:href="#sSpan997" value="ⲓⲥⲁⲕ"/>
		<feat xlink:href="#sSpan998" value="ⲡ"/>
		<feat xlink:href="#sSpan1000" value="ⲛⲟⲩⲧⲉ"/>
		<feat xlink:href="#sSpan1001" value="ⲛ"/>
		<feat xlink:href="#sSpan1003" value="ⲓⲁⲕⲱⲃ"/>
		<feat xlink:href="#sSpan1004" value="ⲡⲉ"/>
		<feat xlink:href="#sSpan1006" value="ⲛⲧ"/>
		<feat xlink:href="#sSpan1008" value="ⲁ"/>
		<feat xlink:href="#sSpan1009" value="ϥ"/>
		<feat xlink:href="#sSpan1010" value="ⲧⲛⲛⲟⲟⲩ"/>
		<feat xlink:href="#sSpan1011" value="ⲧ"/>
		<feat xlink:href="#sSpan1012" value="ϣⲁⲣⲱ"/>
		<feat xlink:href="#sSpan1014" value="ⲧⲛ"/>
		<feat xlink:href="#sSpan1015" value="ⲡⲁⲓ"/>
		<feat xlink:href="#sSpan1017" value="ⲡⲉ"/>
		<feat xlink:href="#sSpan1019" value="ⲡⲁⲣⲁ"/>
		<feat xlink:href="#sSpan1021" value="ⲛ"/>
		<feat xlink:href="#sSpan1022" value="ⲛ"/>
		<feat xlink:href="#sSpan1024" value="ϣⲁ"/>
		<feat xlink:href="#sSpan1025" value="ⲉⲛⲉϩ"/>
		<feat xlink:href="#sSpan1027" value="ⲁⲩⲱ"/>
		<feat xlink:href="#sSpan1029" value="ⲛ"/>
		<feat xlink:href="#sSpan1031" value="ⲣ"/>
		<feat xlink:href="#sSpan1032" value="ⲡ"/>
		<feat xlink:href="#sSpan1034" value="ⲙⲉⲉⲩⲉ"/>
		<feat xlink:href="#sSpan1035" value="ϫⲓⲛ"/>
		<feat xlink:href="#sSpan1037" value="ⲛϫⲱⲙ"/>
		<feat xlink:href="#sSpan1039" value="ϣⲁ"/>
		<feat xlink:href="#sSpan1041" value="ϫⲱ"/>
		<feat xlink:href="#sSpan1043" value="ⲙ"/>
		<feat xlink:href="#sSpan1045" value="ⲃⲱⲕ"/>
		<feat xlink:href="#sSpan1047" value="ⲉϩⲟⲩⲛ"/>
		<feat xlink:href="#sSpan1049" value="ⲛ"/>
		<feat xlink:href="#sSpan1051" value="ⲅ"/>
		<feat xlink:href="#sSpan1052" value="ⲥⲱⲟⲩϩ"/>
		<feat xlink:href="#sSpan1053" value="ⲛⲛϩⲗⲗⲟ"/>
		<feat xlink:href="#sSpan1055" value="ⲉⲓ"/>
		<feat xlink:href="#sSpan1056" value="ⲛ"/>
		<feat xlink:href="#sSpan1058" value="ⲛ"/>
		<feat xlink:href="#sSpan1059" value="ϣⲏⲣⲉ"/>
		<feat xlink:href="#sSpan1060" value="ⲙ"/>
		<feat xlink:href="#sSpan1062" value="ⲡ"/>
		<feat xlink:href="#sSpan1063" value="ⲓⲏ"/>
		<feat xlink:href="#sSpan1064" value="ⲛ"/>
		<feat xlink:href="#sSpan1066" value="ⲅ"/>
		<feat xlink:href="#sSpan1067" value="ϫⲟⲟ"/>
		<feat xlink:href="#sSpan1068" value="ⲥ"/>
		<feat xlink:href="#sSpan1069" value="ⲛⲁ"/>
		<feat xlink:href="#sSpan1071" value="ⲩ"/>
		<feat xlink:href="#sSpan1072" value="ϫⲉ"/>
		<feat xlink:href="#sSpan1074" value="ⲡ"/>
		<feat xlink:href="#sSpan1076" value="ϫⲟⲉⲓⲥ"/>
		<feat xlink:href="#sSpan1077" value="ⲡ"/>
		<feat xlink:href="#sSpan1079" value="ⲛⲟⲩⲧⲉ"/>
		<feat xlink:href="#sSpan1080" value="ⲛ"/>
		<feat xlink:href="#sSpan1082" value="ⲛⲉⲧⲛ"/>
		<feat xlink:href="#sSpan1083" value="ⲉⲓⲟⲧⲉ"/>
		<feat xlink:href="#sSpan1084" value="ⲡⲉ"/>
		<feat xlink:href="#sSpan1086" value="ⲛⲧ"/>
		<feat xlink:href="#sSpan1088" value="ⲁ"/>
		<feat xlink:href="#sSpan1089" value="ϥ"/>
		<feat xlink:href="#sSpan1090" value="ⲟⲩⲱⲛϩ"/>
		<feat xlink:href="#sSpan1091" value="ⲛⲁⲓ"/>
		<feat xlink:href="#sSpan1093" value="ⲉⲃⲟⲗ"/>
		<feat xlink:href="#sSpan1095" value="ⲡ"/>
		<feat xlink:href="#sSpan1097" value="ⲛⲟⲩⲧⲉ"/>
		<feat xlink:href="#sSpan1098" value="ⲛ"/>
		<feat xlink:href="#sSpan1100" value="ⲁⲃⲣⲁϩⲁⲙ"/>
		<feat xlink:href="#sSpan1101" value="ⲡ"/>
		<feat xlink:href="#sSpan1103" value="ⲛⲟⲩⲧⲉ"/>
		<feat xlink:href="#sSpan1104" value="ⲛ"/>
		<feat xlink:href="#sSpan1106" value="ⲓⲥⲁⲕ"/>
		<feat xlink:href="#sSpan1107" value="ⲡ"/>
		<feat xlink:href="#sSpan1109" value="ⲛⲟⲩⲧⲉ"/>
		<feat xlink:href="#sSpan1110" value="ⲛ"/>
		<feat xlink:href="#sSpan1112" value="ⲓⲁⲕⲱⲃ"/>
		<feat xlink:href="#sSpan1113" value="ⲉ"/>
		<feat xlink:href="#sSpan1115" value="ϥ"/>
		<feat xlink:href="#sSpan1116" value="ϫⲱ"/>
		<feat xlink:href="#sSpan1117" value="ⲙⲙⲟ"/>
		<feat xlink:href="#sSpan1119" value="ⲥ"/>
		<feat xlink:href="#sSpan1120" value="ϫⲉ"/>
		<feat xlink:href="#sSpan1122" value="ϩⲛ"/>
		<feat xlink:href="#sSpan1124" value="ⲟⲩϭⲙ"/>
		<feat xlink:href="#sSpan1126" value="ⲡ"/>
		<feat xlink:href="#sSpan1128" value="ϣⲓⲛⲉ"/>
		<feat xlink:href="#sSpan1129" value="ⲁ"/>
		<feat xlink:href="#sSpan1131" value="ⲓ"/>
		<feat xlink:href="#sSpan1132" value="ϭⲛ"/>
		<feat xlink:href="#sSpan1133" value="ⲡⲉⲧⲛ"/>
		<feat xlink:href="#sSpan1135" value="ϣⲓⲛⲉ"/>
		<feat xlink:href="#sSpan1136" value="ⲁⲩⲱ"/>
		<feat xlink:href="#sSpan1138" value="ⲛ"/>
		<feat xlink:href="#sSpan1140" value="ⲉⲛⲧ"/>
		<feat xlink:href="#sSpan1141" value="ⲁ"/>
		<feat xlink:href="#sSpan1142" value="ⲩ"/>
		<feat xlink:href="#sSpan1143" value="ϣⲱⲡⲉ"/>
		<feat xlink:href="#sSpan1144" value="ⲙⲙⲱ"/>
		<feat xlink:href="#sSpan1146" value="ⲧⲛ"/>
		<feat xlink:href="#sSpan1147" value="ϩⲣⲁⲓ"/>
		<feat xlink:href="#sSpan1149" value="ϩⲛ"/>
		<feat xlink:href="#sSpan1151" value="ⲡ"/>
		<feat xlink:href="#sSpan1153" value="ⲕⲁϩ"/>
		<feat xlink:href="#sSpan1154" value="ⲛ"/>
		<feat xlink:href="#sSpan1156" value="ⲕⲏⲙⲉ"/>
		<feat xlink:href="#sSpan1158" value="ⲁ"/>
		<feat xlink:href="#sSpan1160" value="ⲓ"/>
		<feat xlink:href="#sSpan1161" value="ϫⲟⲟ"/>
		<feat xlink:href="#sSpan1162" value="ⲥ"/>
		<feat xlink:href="#sSpan1163" value="ϫⲉ"/>
		<feat xlink:href="#sSpan1165" value="ϯ"/>
		<feat xlink:href="#sSpan1167" value="ⲛⲁ"/>
		<feat xlink:href="#sSpan1168" value="ⲛ"/>
		<feat xlink:href="#sSpan1169" value="ⲧⲏⲩⲧⲛ"/>
		<feat xlink:href="#sSpan1170" value="ⲉⲃⲟⲗ"/>
		<feat xlink:href="#sSpan1172" value="ϩⲛ"/>
		<feat xlink:href="#sSpan1174" value="ⲡⲉⲧ"/>
		<feat xlink:href="#sSpan1176" value="ϩⲙ"/>
		<feat xlink:href="#sSpan1177" value="ⲕⲟ"/>
		<feat xlink:href="#sSpan1178" value="ⲛⲣⲣⲙⲛ"/>
		<feat xlink:href="#sSpan1180" value="ⲕⲏⲙⲉ"/>
		<feat xlink:href="#sSpan1181" value="ⲉϩⲣⲁⲓ"/>
		<feat xlink:href="#sSpan1183" value="ⲉ"/>
		<feat xlink:href="#sSpan1185" value="ⲡ"/>
		<feat xlink:href="#sSpan1186" value="ⲕⲁϩ"/>
		<feat xlink:href="#sSpan1187" value="ⲛ"/>
		<feat xlink:href="#sSpan1189" value="ⲛⲉ"/>
		<feat xlink:href="#sSpan1190" value="ⲭⲁⲛⲁⲛⲁⲓⲟⲥ"/>
		<feat xlink:href="#sSpan1191" value="ⲙⲛ"/>
		<feat xlink:href="#sSpan1193" value="ⲛⲉ"/>
		<feat xlink:href="#sSpan1195" value="ⲭⲉⲧⲧⲁⲓⲟⲥ"/>
		<feat xlink:href="#sSpan1196" value="ⲙⲛ"/>
		<feat xlink:href="#sSpan1198" value="ⲛⲁⲙⲟⲣⲣⲁⲓⲟⲥ"/>
		<feat xlink:href="#sSpan1200" value="ⲙⲛ"/>
		<feat xlink:href="#sSpan1202" value="ⲛⲉ"/>
		<feat xlink:href="#sSpan1204" value="ⲫⲉⲣⲉⲍⲁⲓⲟⲥ"/>
		<feat xlink:href="#sSpan1205" value="ⲙⲛ"/>
		<feat xlink:href="#sSpan1207" value="ⲛ"/>
		<feat xlink:href="#sSpan1209" value="ⲅⲉⲣⲅⲉⲥⲁⲓⲟⲥ"/>
		<feat xlink:href="#sSpan1210" value="ⲙⲛ"/>
		<feat xlink:href="#sSpan1212" value="ⲓⲉⲃⲟⲩⲥⲁⲓⲟⲥ"/>
		<feat xlink:href="#sSpan1214" value="ⲉ"/>
		<feat xlink:href="#sSpan1216" value="ⲩ"/>
		<feat xlink:href="#sSpan1217" value="ⲕⲁϩ"/>
		<feat xlink:href="#sSpan1218" value="ⲉ"/>
		<feat xlink:href="#sSpan1220" value="ϥ"/>
		<feat xlink:href="#sSpan1221" value="ϣⲟⲩⲉ"/>
		<feat xlink:href="#sSpan1222" value="ⲉⲣⲱⲧⲉ"/>
		<feat xlink:href="#sSpan1224" value="ⲉⲃⲟⲗ"/>
		<feat xlink:href="#sSpan1226" value="ϩⲓ"/>
		<feat xlink:href="#sSpan1228" value="ⲉⲃⲓⲱ"/>
		<feat xlink:href="#sSpan1231" value="ⲁⲩⲱ"/>
		<feat xlink:href="#sSpan1233" value="ⲥⲉ"/>
		<feat xlink:href="#sSpan1235" value="ⲛⲁ"/>
		<feat xlink:href="#sSpan1236" value="ⲥⲱⲧⲙ"/>
		<feat xlink:href="#sSpan1237" value="ⲉ"/>
		<feat xlink:href="#sSpan1239" value="ⲡⲉⲕ"/>
		<feat xlink:href="#sSpan1240" value="ϩⲣⲟⲟⲩ"/>
		<feat xlink:href="#sSpan1241" value="ⲉⲕⲉ"/>
		<feat xlink:href="#sSpan1243" value="ⲃⲱⲕ"/>
		<feat xlink:href="#sSpan1244" value="ⲛ"/>
		<feat xlink:href="#sSpan1246" value="ⲇⲉ"/>
		<feat xlink:href="#sSpan1247" value="ⲉϩⲟⲩⲛ"/>
		<feat xlink:href="#sSpan1249" value="ⲛⲧⲟⲕ"/>
		<feat xlink:href="#sSpan1251" value="ⲙⲛ"/>
		<feat xlink:href="#sSpan1253" value="ⲛϩⲗⲗⲟ"/>
		<feat xlink:href="#sSpan1255" value="ⲉⲓ"/>
		<feat xlink:href="#sSpan1256" value="ⲛ"/>
		<feat xlink:href="#sSpan1258" value="ⲛ"/>
		<feat xlink:href="#sSpan1259" value="ϣⲏⲣⲉ"/>
		<feat xlink:href="#sSpan1260" value="ⲙ"/>
		<feat xlink:href="#sSpan1262" value="ⲡ"/>
		<feat xlink:href="#sSpan1263" value="ⲓⲏ"/>
		<feat xlink:href="#sSpan1264" value="ϣⲁ"/>
		<feat xlink:href="#sSpan1266" value="ⲫⲁⲣⲁⲱ"/>
		<feat xlink:href="#sSpan1268" value="ⲡ"/>
		<feat xlink:href="#sSpan1270" value="ⲣⲣⲟ"/>
		<feat xlink:href="#sSpan1271" value="ⲛ"/>
		<feat xlink:href="#sSpan1273" value="ⲕⲏⲙⲉ"/>
		<feat xlink:href="#sSpan1274" value="ⲛ"/>
		<feat xlink:href="#sSpan1276" value="ⲅ"/>
		<feat xlink:href="#sSpan1277" value="ϫⲟⲟ"/>
		<feat xlink:href="#sSpan1278" value="ⲥ"/>
		<feat xlink:href="#sSpan1279" value="ⲛⲁ"/>
		<feat xlink:href="#sSpan1281" value="ϥ"/>
		<feat xlink:href="#sSpan1282" value="ϫⲉ"/>
		<feat xlink:href="#sSpan1284" value="ⲡ"/>
		<feat xlink:href="#sSpan1286" value="ϫⲟⲉⲓⲥ"/>
		<feat xlink:href="#sSpan1287" value="ⲡ"/>
		<feat xlink:href="#sSpan1289" value="ⲛⲟⲩⲧⲉ"/>
		<feat xlink:href="#sSpan1290" value="ⲛ"/>
		<feat xlink:href="#sSpan1292" value="ⲛ"/>
		<feat xlink:href="#sSpan1293" value="ϩⲉⲃⲣⲁⲓⲟⲥ"/>
		<feat xlink:href="#sSpan1294" value="ⲡ"/>
		<feat xlink:href="#sSpan1296" value="ⲉⲛⲧ"/>
		<feat xlink:href="#sSpan1297" value="ⲁ"/>
		<feat xlink:href="#sSpan1298" value="ϥ"/>
		<feat xlink:href="#sSpan1299" value="ⲧⲁϩⲙ"/>
		<feat xlink:href="#sSpan1300" value="ⲛ"/>
		<feat xlink:href="#sSpan1301" value="ⲧⲛ"/>
		<feat xlink:href="#sSpan1303" value="ⲛⲁ"/>
		<feat xlink:href="#sSpan1304" value="ⲃⲱⲕ"/>
		<feat xlink:href="#sSpan1305" value="ϭⲉ"/>
		<feat xlink:href="#sSpan1307" value="ⲛ"/>
		<feat xlink:href="#sSpan1309" value="ⲟⲩ"/>
		<feat xlink:href="#sSpan1310" value="ϩⲓⲏ"/>
		<feat xlink:href="#sSpan1311" value="ⲛ"/>
		<feat xlink:href="#sSpan1313" value="ϣⲟⲙⲧ"/>
		<feat xlink:href="#sSpan1314" value="ⲛ"/>
		<feat xlink:href="#sSpan1316" value="ϩⲟⲟⲩ"/>
		<feat xlink:href="#sSpan1317" value="ⲙ"/>
		<feat xlink:href="#sSpan1319" value="ⲙⲟⲟϣⲉ"/>
		<feat xlink:href="#sSpan1320" value="ⲉϩⲣⲁⲓ"/>
		<feat xlink:href="#sSpan1322" value="ⲉ"/>
		<feat xlink:href="#sSpan1324" value="ⲡ"/>
		<feat xlink:href="#sSpan1325" value="ϫⲁⲓⲉ"/>
		<feat xlink:href="#sSpan1326" value="ϫⲉⲕⲁⲁⲥ"/>
		<feat xlink:href="#sSpan1328" value="ⲉⲛⲉ"/>
		<feat xlink:href="#sSpan1330" value="ϣⲱⲱⲧ"/>
		<feat xlink:href="#sSpan1331" value="ⲛ"/>
		<feat xlink:href="#sSpan1333" value="ⲛⲁϩⲣⲛ"/>
		<feat xlink:href="#sSpan1334" value="ⲡ"/>
		<feat xlink:href="#sSpan1336" value="ϫⲟⲉⲓⲥ"/>
		<feat xlink:href="#sSpan1337" value="ⲡⲉⲛ"/>
		<feat xlink:href="#sSpan1339" value="ⲛⲟⲩⲧⲉ"/>
		<feat xlink:href="#sSpan1341" value="ⲁⲛⲟⲕ"/>
		<feat xlink:href="#sSpan1343" value="ⲛ"/>
		<feat xlink:href="#sSpan1345" value="ⲇⲉ"/>
		<feat xlink:href="#sSpan1346" value="ϯ"/>
		<feat xlink:href="#sSpan1348" value="ⲥⲟⲟⲩⲛ"/>
		<feat xlink:href="#sSpan1349" value="ϫⲉ"/>
		<feat xlink:href="#sSpan1351" value="ⲛ"/>
		<feat xlink:href="#sSpan1353" value="ϥ"/>
		<feat xlink:href="#sSpan1354" value="ⲛⲁ"/>
		<feat xlink:href="#sSpan1355" value="ⲕⲁ"/>
		<feat xlink:href="#sSpan1356" value="ⲧⲏⲩⲧⲛ"/>
		<feat xlink:href="#sSpan1358" value="ⲉⲃⲟⲗ"/>
		<feat xlink:href="#sSpan1360" value="ⲁⲛ"/>
		<feat xlink:href="#sSpan1362" value="ⲛϭⲓ"/>
		<feat xlink:href="#sSpan1364" value="ⲫⲁⲣⲁⲱ"/>
		<feat xlink:href="#sSpan1366" value="ⲡ"/>
		<feat xlink:href="#sSpan1368" value="ⲣⲣⲟ"/>
		<feat xlink:href="#sSpan1369" value="ⲛ"/>
		<feat xlink:href="#sSpan1371" value="ⲕⲏⲙⲉ"/>
		<feat xlink:href="#sSpan1372" value="ⲉ"/>
		<feat xlink:href="#sSpan1374" value="ⲃⲱⲕ"/>
		<feat xlink:href="#sSpan1375" value="ⲉⲓⲙⲏⲧⲓ"/>
		<feat xlink:href="#sSpan1377" value="ϩⲛ"/>
		<feat xlink:href="#sSpan1379" value="ⲟⲩ"/>
		<feat xlink:href="#sSpan1381" value="ϭⲓϫ"/>
		<feat xlink:href="#sSpan1382" value="ⲉ"/>
		<feat xlink:href="#sSpan1384" value="ⲥ"/>
		<feat xlink:href="#sSpan1385" value="ϫⲟⲟⲣ"/>
		<feat xlink:href="#sSpan1387" value="ⲧⲁⲥⲟⲟⲩⲧⲛ"/>
		<feat xlink:href="#sSpan1389" value="ⲉⲃⲟⲗ"/>
		<feat xlink:href="#sSpan1391" value="ⲛ"/>
		<feat xlink:href="#sSpan1393" value="ⲧⲁ"/>
		<feat xlink:href="#sSpan1394" value="ϭⲓϫ"/>
		<feat xlink:href="#sSpan1395" value="ⲧⲁϣⲁⲁⲣⲉ"/>
		<feat xlink:href="#sSpan1397" value="ⲉⲛⲣⲣⲙⲛ"/>
		<feat xlink:href="#sSpan1399" value="ⲕⲏⲙⲉ"/>
		<feat xlink:href="#sSpan1400" value="ϩⲣⲁⲓ"/>
		<feat xlink:href="#sSpan1402" value="ϩⲛ"/>
		<feat xlink:href="#sSpan1404" value="ⲛⲁ"/>
		<feat xlink:href="#sSpan1406" value="ϣⲡⲏⲣⲉ"/>
		<feat xlink:href="#sSpan1407" value="ⲧⲏⲣ"/>
		<feat xlink:href="#sSpan1409" value="ⲟⲩ"/>
		<feat xlink:href="#sSpan1410" value="ⲉϯ"/>
		<feat xlink:href="#sSpan1412" value="ⲛⲁ"/>
		<feat xlink:href="#sSpan1413" value="ⲁⲁ"/>
		<feat xlink:href="#sSpan1414" value="ⲩ"/>
		<feat xlink:href="#sSpan1415" value="ϩⲣⲁⲓ"/>
		<feat xlink:href="#sSpan1418" value="ⲛϩⲏⲧ"/>
		<feat xlink:href="#sSpan1421" value="ⲟⲩ"/>
		<feat xlink:href="#sSpan1422" value="ⲙⲛⲛⲥⲁ"/>
		<feat xlink:href="#sSpan1424" value="ⲛⲁⲓ"/>
		<feat xlink:href="#sSpan1426" value="ϥ"/>
		<feat xlink:href="#sSpan1428" value="ⲛⲁ"/>
		<feat xlink:href="#sSpan1429" value="ⲕⲁ"/>
		<feat xlink:href="#sSpan1430" value="ⲧⲏⲩⲧⲛ"/>
		<feat xlink:href="#sSpan1432" value="ⲉⲃⲟⲗ"/>
		<feat xlink:href="#sSpan1435" value="ⲛ"/>
		<feat xlink:href="#sSpan1437" value="ⲧⲁ"/>
		<feat xlink:href="#sSpan1438" value="ϯ"/>
		<feat xlink:href="#sSpan1439" value="ⲛ"/>
		<feat xlink:href="#sSpan1441" value="ⲟⲩ"/>
		<feat xlink:href="#sSpan1442" value="ⲭⲁⲣⲓⲥ"/>
		<feat xlink:href="#sSpan1443" value="ⲙⲡⲉⲉⲓ"/>
		<feat xlink:href="#sSpan1445" value="ⲗⲁⲟⲥ"/>
		<feat xlink:href="#sSpan1446" value="ⲙ"/>
		<feat xlink:href="#sSpan1448" value="ⲡⲉ"/>
		<feat xlink:href="#sSpan1449" value="ⲙⲧⲟ"/>
		<feat xlink:href="#sSpan1450" value="ⲉⲃⲟⲗ"/>
		<feat xlink:href="#sSpan1452" value="ⲛⲣⲣⲙⲛ"/>
		<feat xlink:href="#sSpan1454" value="ⲕⲏⲙⲉ"/>
		<feat xlink:href="#sSpan1455" value="ⲉ"/>
		<feat xlink:href="#sSpan1457" value="ⲧ"/>
		<feat xlink:href="#sSpan1458" value="ⲉⲧ"/>
		<feat xlink:href="#sSpan1459" value="ⲛⲉⲓ"/>
		<feat xlink:href="#sSpan1460" value="ⲇⲉ"/>
		<feat xlink:href="#sSpan1462" value="ⲉ"/>
		<feat xlink:href="#sSpan1464" value="ⲧⲉⲧⲛ"/>
		<feat xlink:href="#sSpan1465" value="ⲛⲁ"/>
		<feat xlink:href="#sSpan1466" value="ⲃⲱⲕ"/>
		<feat xlink:href="#sSpan1467" value="ⲉⲃⲟⲗ"/>
		<feat xlink:href="#sSpan1469" value="ⲛⲛⲉⲧⲛ"/>
		<feat xlink:href="#sSpan1471" value="ⲃⲱⲕ"/>
		<feat xlink:href="#sSpan1472" value="ⲉ"/>
		<feat xlink:href="#sSpan1474" value="ⲧⲉⲧⲛ"/>
		<feat xlink:href="#sSpan1475" value="ϣⲟⲩⲉⲓⲧ"/>
		<feat xlink:href="#sSpan1477" value="ⲉⲥⲉ"/>
		<feat xlink:href="#sSpan1479" value="ϫⲓ"/>
		<feat xlink:href="#sSpan1480" value="ⲛϭⲓ"/>
		<feat xlink:href="#sSpan1482" value="ⲟⲩ"/>
		<feat xlink:href="#sSpan1484" value="ⲥϩⲓⲙⲉ"/>
		<feat xlink:href="#sSpan1485" value="ⲉⲃⲟⲗ"/>
		<feat xlink:href="#sSpan1487" value="ϩⲓ"/>
		<feat xlink:href="#sSpan1489" value="ⲧⲟⲟⲧ"/>
		<feat xlink:href="#sSpan1490" value="ⲥ"/>
		<feat xlink:href="#sSpan1491" value="ⲛ"/>
		<feat xlink:href="#sSpan1493" value="ⲧ"/>
		<feat xlink:href="#sSpan1494" value="ⲉⲧ"/>
		<feat xlink:href="#sSpan1495" value="ϩⲓⲧⲟⲩⲱ"/>
		<feat xlink:href="#sSpan1496" value="ⲥ"/>
		<feat xlink:href="#sSpan1497" value="ⲙⲛ"/>
		<feat xlink:href="#sSpan1499" value="ⲧⲉⲥⲣⲙⲛ"/>
		<feat xlink:href="#sSpan1501" value="ⲏⲉⲓ"/>
		<feat xlink:href="#sSpan1502" value="ⲛϩⲛ"/>
		<feat xlink:href="#sSpan1504" value="ϩⲛⲁⲁⲩ"/>
		<feat xlink:href="#sSpan1505" value="ⲛ"/>
		<feat xlink:href="#sSpan1507" value="ϩⲁⲧ"/>
		<feat xlink:href="#sSpan1508" value="ⲙⲛ"/>
		<feat xlink:href="#sSpan1510" value="ⲛ"/>
		<feat xlink:href="#sSpan1512" value="ϩⲛⲁⲁⲩ"/>
		<feat xlink:href="#sSpan1513" value="ⲛ"/>
		<feat xlink:href="#sSpan1515" value="ⲛⲟⲩⲃ"/>
		<feat xlink:href="#sSpan1516" value="ⲙⲛ"/>
		<feat xlink:href="#sSpan1518" value="ϩⲛ"/>
		<feat xlink:href="#sSpan1520" value="ϩⲟⲉⲓⲧⲉ"/>
		<feat xlink:href="#sSpan1521" value="ⲛ"/>
		<feat xlink:href="#sSpan1523" value="ⲧⲉⲧⲛ"/>
		<feat xlink:href="#sSpan1524" value="ⲧⲁⲗⲟ"/>
		<feat xlink:href="#sSpan1525" value="ⲟⲩ"/>
		<feat xlink:href="#sSpan1526" value="ⲉϩⲣⲁⲓ"/>
		<feat xlink:href="#sSpan1528" value="ⲉϫⲛ"/>
		<feat xlink:href="#sSpan1530" value="ⲛⲉⲧⲛ"/>
		<feat xlink:href="#sSpan1532" value="ϣⲏⲣⲉ"/>
		<feat xlink:href="#sSpan1533" value="ⲙⲛ"/>
		<feat xlink:href="#sSpan1535" value="ⲛⲉⲧⲛ"/>
		<feat xlink:href="#sSpan1537" value="ϣⲉⲉⲣⲉ"/>
		<feat xlink:href="#sSpan1538" value="ⲛ"/>
		<feat xlink:href="#sSpan1540" value="ⲧⲉⲧⲛ"/>
		<feat xlink:href="#sSpan1541" value="ϣⲱⲗ"/>
		<feat xlink:href="#sSpan1542" value="ⲛ"/>
		<feat xlink:href="#sSpan1544" value="ⲛ"/>
		<feat xlink:href="#sSpan1545" value="ⲣⲙⲛⲕⲏⲙⲉ"/></featList></paula>