<?xml version="1.0" encoding="UTF-8" standalone="no"?>

<!DOCTYPE paula SYSTEM "paula_mark.dtd">
<paula version="1.0">

<header paula_id="scriptorium.sahidic.ot.02_Exodus_03_translationSeg"/>

<markList xmlns:xlink="http://www.w3.org/1999/xlink" type="translationSeg" xml:base="scriptorium.sahidic.ot.02_Exodus_03.tok.xml">
<mark id="translation_1" xlink:href="#xpointer(id('tok_1')/range-to(id('tok_41')))"/><!-- ⲙⲱⲩⲥⲏⲥ...ⲛⲟⲩⲧⲉ -->
<mark id="translation_42" xlink:href="#xpointer(id('tok_42')/range-to(id('tok_83')))"/><!-- ⲁ...ⲡⲉ -->
<mark id="translation_84" xlink:href="#xpointer(id('tok_84')/range-to(id('tok_103')))"/><!-- ⲡⲉϫⲁ...ⲁⲛ -->
<mark id="translation_104" xlink:href="#xpointer(id('tok_104')/range-to(id('tok_145')))"/><!-- ⲛⲧⲉⲣⲉ...ϣⲟⲟⲡ -->
<mark id="translation_146" xlink:href="#xpointer(id('tok_146')/range-to(id('tok_176')))"/><!-- ⲡⲉϫⲁ...ⲡⲉ -->
<mark id="translation_177" xlink:href="#xpointer(id('tok_177')/range-to(id('tok_220')))"/><!-- ⲡⲉϫⲁ...ⲛⲟⲩⲧⲉ -->
<mark id="translation_221" xlink:href="#xpointer(id('tok_221')/range-to(id('tok_259')))"/><!-- ⲡⲉϫⲁ...ϩⲓⲥⲉ -->
<mark id="translation_260" xlink:href="#xpointer(id('tok_260')/range-to(id('tok_326')))"/><!-- ⲁⲩⲱ...ⲓⲉⲃⲟⲩⲥⲁⲓⲟⲥ -->
<mark id="translation_327" xlink:href="#xpointer(id('tok_327')/range-to(id('tok_355')))"/><!-- ⲧⲉⲛⲟⲩ...ϥ -->
<mark id="translation_356" xlink:href="#xpointer(id('tok_356')/range-to(id('tok_383')))"/><!-- ⲧⲉⲛⲟⲩ...ⲕⲏⲙⲉ -->
<mark id="translation_384" xlink:href="#xpointer(id('tok_384')/range-to(id('tok_415')))"/><!-- ⲡⲉϫⲁ...ⲗⲁⲟⲥ -->
<mark id="translation_416" xlink:href="#xpointer(id('tok_416')/range-to(id('tok_469')))"/><!-- ⲡⲉϫⲁ...ⲧⲟⲟⲩ -->
<mark id="translation_470" xlink:href="#xpointer(id('tok_470')/range-to(id('tok_523')))"/><!-- ⲡⲉϫⲁ...ⲟⲩ -->
<mark id="translation_524" xlink:href="#xpointer(id('tok_524')/range-to(id('tok_563')))"/><!-- ⲡⲉϫⲁ...ⲧⲛ -->
<mark id="translation_564" xlink:href="#xpointer(id('tok_564')/range-to(id('tok_630')))"/><!-- ⲡⲉϫⲁ...ϫⲱⲙ -->
<mark id="translation_631" xlink:href="#xpointer(id('tok_631')/range-to(id('tok_704')))"/><!-- ⲃⲱⲕ...ⲕⲏⲙⲉ -->
<mark id="translation_705" xlink:href="#xpointer(id('tok_705')/range-to(id('tok_747')))"/><!-- ⲁ...ⲉⲃⲓⲱ -->
<mark id="translation_748" xlink:href="#xpointer(id('tok_748')/range-to(id('tok_817')))"/><!-- ⲁⲩⲱ...ⲛⲟⲩⲧⲉ -->
<mark id="translation_818" xlink:href="#xpointer(id('tok_818')/range-to(id('tok_844')))"/><!-- ⲁⲛⲟⲕ...ϫⲟⲟⲣ -->
<mark id="translation_845" xlink:href="#xpointer(id('tok_845')/range-to(id('tok_868')))"/><!-- ⲧⲁⲥⲟⲟⲩⲧⲛ...ⲉⲃⲟⲗ -->
<mark id="translation_869" xlink:href="#xpointer(id('tok_869')/range-to(id('tok_897')))"/><!-- ⲛ...ϣⲟⲩⲉⲓⲧ -->
<mark id="translation_898" xlink:href="#xpointer(id('tok_898')/range-to(id('tok_941')))"/><!-- ⲉⲥⲉ...ⲣⲙⲛⲕⲏⲙⲉ -->
</markList>
</paula>
