<?xml version='1.0' encoding='UTF-8'?><!DOCTYPE paula SYSTEM "paula_feat.dtd">
<paula version="1.1">
	<header paula_id="scriptorium.02_Exodus_03.mark_norm_group"/>
	<featList xmlns:xlink="http://www.w3.org/1999/xlink" type="norm_group" xml:base="scriptorium.02_Exodus_03.mark.xml">
		<feat xlink:href="#sSpan3" value="ⲙⲱⲩⲥⲏⲥ"/>
		<feat xlink:href="#sSpan5" value="ⲇⲉ"/>
		<feat xlink:href="#sSpan7" value="ⲛⲉϥⲙⲟⲟⲛⲉ"/>
		<feat xlink:href="#sSpan11" value="ⲛⲛⲉⲥⲟⲟⲩ"/>
		<feat xlink:href="#sSpan15" value="ⲙⲡⲉϥϣⲟⲙ"/>
		<feat xlink:href="#sSpan18" value="ⲡⲟⲩⲏⲏⲃ"/>
		<feat xlink:href="#sSpan21" value="ⲙⲙⲁⲇⲓϩⲁⲙ"/>
		<feat xlink:href="#sSpan23" value="ⲁϥⲉⲓⲛⲉ"/>
		<feat xlink:href="#sSpan27" value="ⲛⲛⲉⲥⲟⲟⲩ"/>
		<feat xlink:href="#sSpan31" value="ϩⲁⲣⲁⲧⲥ"/>
		<feat xlink:href="#sSpan34" value="ⲛⲧⲉⲣⲏⲙⲟⲥ"/>
		<feat xlink:href="#sSpan38" value="ⲁϥⲉⲓ"/>
		<feat xlink:href="#sSpan42" value="ⲉϩⲣⲁⲓ"/>
		<feat xlink:href="#sSpan44" value="ⲉⲡⲧⲟⲟⲩ"/>
		<feat xlink:href="#sSpan48" value="ⲙⲡⲛⲟⲩⲧⲉ"/>
		<feat xlink:href="#sSpan52" value="ⲭⲱⲣⲏⲃ"/>
		<feat xlink:href="#sSpan54" value="ⲡⲧⲟⲟⲩ"/>
		<feat xlink:href="#sSpan57" value="ⲙⲡϫⲟⲉⲓⲥ"/>
		<feat xlink:href="#sSpan61" value="ⲡⲛⲟⲩⲧⲉ"/>
		<feat xlink:href="#sSpan65" value="ⲁϥⲟⲩⲱⲛϩ"/>
		<feat xlink:href="#sSpan69" value="ⲇⲉ"/>
		<feat xlink:href="#sSpan71" value="ⲛⲁϥ"/>
		<feat xlink:href="#sSpan74" value="ⲉⲃⲟⲗ"/>
		<feat xlink:href="#sSpan76" value="ⲛϭⲓ"/>
		<feat xlink:href="#sSpan78" value="ⲡⲁⲅⲅⲉⲗⲟⲥ"/>
		<feat xlink:href="#sSpan81" value="ⲙⲡϫⲟⲉⲓⲥ"/>
		<feat xlink:href="#sSpan85" value="ϩⲛ"/>
		<feat xlink:href="#sSpan87" value="ⲟⲩϣⲁϩ"/>
		<feat xlink:href="#sSpan90" value="ⲛⲥⲁⲧⲉ"/>
		<feat xlink:href="#sSpan93" value="ⲉⲃⲟⲗ"/>
		<feat xlink:href="#sSpan95" value="ϩⲛ"/>
		<feat xlink:href="#sSpan97" value="ⲟⲩⲃⲁⲧⲟⲥ"/>
		<feat xlink:href="#sSpan100" value="ⲁⲩⲱ"/>
		<feat xlink:href="#sSpan102" value="ⲁϥⲛⲁⲩ"/>
		<feat xlink:href="#sSpan106" value="ϫⲉ"/>
		<feat xlink:href="#sSpan108" value="ⲡϣⲏⲛ"/>
		<feat xlink:href="#sSpan111" value="ⲙⲉⲛ"/>
		<feat xlink:href="#sSpan113" value="ⲙⲟⲩϩ"/>
		<feat xlink:href="#sSpan115" value="ϩⲛ"/>
		<feat xlink:href="#sSpan117" value="ⲟⲩⲕⲱϩⲧ"/>
		<feat xlink:href="#sSpan120" value="ⲡϣⲏⲛ"/>
		<feat xlink:href="#sSpan123" value="ⲛⲇⲉ"/>
		<feat xlink:href="#sSpan126" value="ⲛⲉϥⲣⲱⲕϩ"/>
		<feat xlink:href="#sSpan130" value="ⲁⲛ"/>
		<feat xlink:href="#sSpan132" value="ⲡⲉ"/>
		<feat xlink:href="#sSpan135" value="ⲡⲉϫⲁϥ"/>
		<feat xlink:href="#sSpan138" value="ⲛⲇⲉ"/>
		<feat xlink:href="#sSpan141" value="ⲛϭⲓ"/>
		<feat xlink:href="#sSpan143" value="ⲙⲱⲩⲥⲏⲥ"/>
		<feat xlink:href="#sSpan145" value="ϫⲉ"/>
		<feat xlink:href="#sSpan147" value="ϯⲛⲁⲃⲱⲕ"/>
		<feat xlink:href="#sSpan151" value="ⲧⲁⲛⲁⲩ"/>
		<feat xlink:href="#sSpan154" value="ⲉⲡⲉⲉⲓⲛⲟϭ"/>
		<feat xlink:href="#sSpan156" value="ⲛϩⲟⲣⲁⲙⲁ"/>
		<feat xlink:href="#sSpan159" value="ϫⲉ"/>
		<feat xlink:href="#sSpan161" value="ⲙⲡϣⲏⲛ"/>
		<feat xlink:href="#sSpan165" value="ⲣⲱⲕϩ"/>
		<feat xlink:href="#sSpan167" value="ⲁⲛ"/>
		<feat xlink:href="#sSpan170" value="ⲛⲧⲉⲣⲉⲡϫⲟⲉⲓⲥ"/>
		<feat xlink:href="#sSpan174" value="ⲛⲇⲉ"/>
		<feat xlink:href="#sSpan177" value="ⲛⲁⲩ"/>
		<feat xlink:href="#sSpan180" value="ϫⲉ"/>
		<feat xlink:href="#sSpan182" value="ϥⲛⲁϩⲱⲛ"/>
		<feat xlink:href="#sSpan186" value="ⲉϩⲟⲩⲛ"/>
		<feat xlink:href="#sSpan188" value="ⲁⲡϫⲟⲉⲓⲥ"/>
		<feat xlink:href="#sSpan192" value="ⲙⲟⲩⲧⲉ"/>
		<feat xlink:href="#sSpan194" value="ⲉⲣⲟϥ"/>
		<feat xlink:href="#sSpan197" value="ⲉⲃⲟⲗ"/>
		<feat xlink:href="#sSpan199" value="ϩⲛ"/>
		<feat xlink:href="#sSpan201" value="ⲡϣⲏⲛ"/>
		<feat xlink:href="#sSpan204" value="ⲉϥϫⲱ"/>
		<feat xlink:href="#sSpan208" value="ⲙⲙⲟⲥ"/>
		<feat xlink:href="#sSpan211" value="ϫⲉ"/>
		<feat xlink:href="#sSpan213" value="ⲙⲱⲩⲥⲏⲥ"/>
		<feat xlink:href="#sSpan215" value="ⲙⲱⲩⲥⲏⲥ"/>
		<feat xlink:href="#sSpan217" value="ⲛⲧⲟϥ"/>
		<feat xlink:href="#sSpan219" value="ⲇⲉ"/>
		<feat xlink:href="#sSpan221" value="ⲡⲉϫⲁϥ"/>
		<feat xlink:href="#sSpan224" value="ϫⲉ"/>
		<feat xlink:href="#sSpan226" value="ⲟⲩ"/>
		<feat xlink:href="#sSpan228" value="ⲡⲉⲧϣⲟⲟⲡ"/>
		<feat xlink:href="#sSpan233" value="ⲡⲉϫⲁϥ"/>
		<feat xlink:href="#sSpan236" value="ⲛⲇⲉ"/>
		<feat xlink:href="#sSpan239" value="ⲛⲁϥ"/>
		<feat xlink:href="#sSpan242" value="ϫⲉ"/>
		<feat xlink:href="#sSpan244" value="ⲙⲡⲣϩⲱⲛ"/>
		<feat xlink:href="#sSpan247" value="ⲉϩⲟⲩⲛ"/>
		<feat xlink:href="#sSpan249" value="ⲉⲡⲉⲉⲓⲙⲁ"/>
		<feat xlink:href="#sSpan253" value="ⲃⲱⲗ"/>
		<feat xlink:href="#sSpan255" value="ⲉⲃⲟⲗ"/>
		<feat xlink:href="#sSpan257" value="ⲙⲡⲧⲟⲟⲩⲉ"/>
		<feat xlink:href="#sSpan261" value="ⲉⲧϩⲛ"/>
		<feat xlink:href="#sSpan264" value="ⲛⲉⲕⲟⲩⲉⲣⲏⲧⲉ"/>
		<feat xlink:href="#sSpan267" value="ⲡⲙⲁ"/>
		<feat xlink:href="#sSpan270" value="ⲅⲁⲣ"/>
		<feat xlink:href="#sSpan272" value="ⲉⲧⲕⲁϩⲉⲣⲁⲧⲕ"/>
		<feat xlink:href="#sSpan277" value="ⲛϩⲏⲧϥ"/>
		<feat xlink:href="#sSpan281" value="ⲟⲩⲕⲁϩ"/>
		<feat xlink:href="#sSpan284" value="ⲉϥⲟⲩⲁⲁⲃ"/>
		<feat xlink:href="#sSpan288" value="ⲡⲉ"/>
		<feat xlink:href="#sSpan291" value="ⲡⲉϫⲁϥ"/>
		<feat xlink:href="#sSpan294" value="ⲟⲛ"/>
		<feat xlink:href="#sSpan296" value="ⲛⲁϥ"/>
		<feat xlink:href="#sSpan299" value="ϫⲉ"/>
		<feat xlink:href="#sSpan301" value="ⲁⲛⲟⲕ"/>
		<feat xlink:href="#sSpan303" value="ⲡⲉ"/>
		<feat xlink:href="#sSpan305" value="ⲡⲛⲟⲩⲧⲉ"/>
		<feat xlink:href="#sSpan308" value="ⲙⲡⲉⲕⲉⲓⲱⲧ"/>
		<feat xlink:href="#sSpan312" value="ⲁⲃⲣⲁϩⲁⲙ"/>
		<feat xlink:href="#sSpan314" value="ⲡⲛⲟⲩⲧⲉ"/>
		<feat xlink:href="#sSpan317" value="ⲛⲓⲥⲁⲕ"/>
		<feat xlink:href="#sSpan320" value="ⲡⲛⲟⲩⲧⲉ"/>
		<feat xlink:href="#sSpan323" value="ⲛⲓⲁⲕⲱⲃ"/>
		<feat xlink:href="#sSpan326" value="ⲁϥⲕⲱⲧⲉ"/>
		<feat xlink:href="#sSpan330" value="ⲇⲉ"/>
		<feat xlink:href="#sSpan332" value="ⲙⲡⲉϥϩⲟ"/>
		<feat xlink:href="#sSpan336" value="ⲉⲃⲟⲗ"/>
		<feat xlink:href="#sSpan338" value="ⲛϭⲓ"/>
		<feat xlink:href="#sSpan340" value="ⲙⲱⲩⲥⲏⲥ"/>
		<feat xlink:href="#sSpan342" value="ⲛⲉⲁϥⲣ"/>
		<feat xlink:href="#sSpan346" value="ϩⲟⲧⲉ"/>
		<feat xlink:href="#sSpan348" value="ⲅⲁⲣ"/>
		<feat xlink:href="#sSpan350" value="ⲉϭⲱϣⲧ"/>
		<feat xlink:href="#sSpan353" value="ⲙⲡⲉⲙⲧⲟ"/>
		<feat xlink:href="#sSpan357" value="ⲉⲃⲟⲗ"/>
		<feat xlink:href="#sSpan359" value="ⲙⲡⲛⲟⲩⲧⲉ"/>
		<feat xlink:href="#sSpan364" value="ⲡⲉϫⲁϥ"/>
		<feat xlink:href="#sSpan367" value="ⲛⲇⲉ"/>
		<feat xlink:href="#sSpan370" value="ⲛϭⲓ"/>
		<feat xlink:href="#sSpan372" value="ⲡϫⲟⲉⲓⲥ"/>
		<feat xlink:href="#sSpan375" value="ⲙⲙⲱⲩⲥⲏⲥ"/>
		<feat xlink:href="#sSpan378" value="ϫⲉ"/>
		<feat xlink:href="#sSpan380" value="ϩⲛ"/>
		<feat xlink:href="#sSpan382" value="ⲟⲩⲛⲁⲩ"/>
		<feat xlink:href="#sSpan385" value="ⲁⲓⲛⲁⲩ"/>
		<feat xlink:href="#sSpan389" value="ⲉⲡⲉⲧϩⲙⲕⲟ"/>
		<feat xlink:href="#sSpan393" value="ⲙⲡⲁⲗⲁⲟⲥ"/>
		<feat xlink:href="#sSpan397" value="ⲡⲁⲓ"/>
		<feat xlink:href="#sSpan399" value="ⲉⲧϣⲟⲟⲡ"/>
		<feat xlink:href="#sSpan402" value="ϩⲛ"/>
		<feat xlink:href="#sSpan404" value="ⲕⲏⲙⲉ"/>
		<feat xlink:href="#sSpan406" value="ⲁⲩⲱ"/>
		<feat xlink:href="#sSpan408" value="ⲁⲓⲥⲱⲧⲙ"/>
		<feat xlink:href="#sSpan412" value="ⲉⲡⲉⲩⲁϣⲕⲁⲕ"/>
		<feat xlink:href="#sSpan414" value="ⲉⲃⲟⲗ"/>
		<feat xlink:href="#sSpan416" value="ϩⲛ"/>
		<feat xlink:href="#sSpan418" value="ⲛⲉⲣⲅⲟⲇⲓⲱⲕⲧⲏⲥ"/>
		<feat xlink:href="#sSpan421" value="ϯⲥⲟⲟⲩⲛ"/>
		<feat xlink:href="#sSpan424" value="ⲅⲁⲣ"/>
		<feat xlink:href="#sSpan426" value="ⲙⲡⲉⲩϩⲓⲥⲉ"/>
		<feat xlink:href="#sSpan431" value="ⲁⲩⲱ"/>
		<feat xlink:href="#sSpan433" value="ⲁⲓⲉⲓ"/>
		<feat xlink:href="#sSpan437" value="ⲉⲡⲉⲥⲏⲧ"/>
		<feat xlink:href="#sSpan441" value="ⲉⲛⲁϩⲙⲟⲩ"/>
		<feat xlink:href="#sSpan445" value="ⲉⲃⲟⲗ"/>
		<feat xlink:href="#sSpan447" value="ϩⲛ"/>
		<feat xlink:href="#sSpan449" value="ⲧϭⲓϫ"/>
		<feat xlink:href="#sSpan452" value="ⲛⲣⲣⲙⲛⲕⲏⲙⲉ"/>
		<feat xlink:href="#sSpan455" value="ⲉⲛⲧⲟⲩ"/>
		<feat xlink:href="#sSpan459" value="ⲉⲃⲟⲗ"/>
		<feat xlink:href="#sSpan461" value="ϩⲛ"/>
		<feat xlink:href="#sSpan463" value="ⲡⲕⲁϩ"/>
		<feat xlink:href="#sSpan466" value="ⲛⲕⲏⲙⲉ"/>
		<feat xlink:href="#sSpan469" value="ⲉϫⲓⲧⲟⲩ"/>
		<feat xlink:href="#sSpan473" value="ⲉϩⲟⲩⲛ"/>
		<feat xlink:href="#sSpan475" value="ⲉⲩⲕⲁϩ"/>
		<feat xlink:href="#sSpan479" value="ⲉⲛⲁⲛⲟⲩϥ"/>
		<feat xlink:href="#sSpan483" value="ⲁⲩⲱ"/>
		<feat xlink:href="#sSpan485" value="ⲉⲛⲁϣⲱϥ"/>
		<feat xlink:href="#sSpan489" value="ⲉⲩⲕⲁϩ"/>
		<feat xlink:href="#sSpan493" value="ⲉϥϣⲟⲩⲉ"/>
		<feat xlink:href="#sSpan497" value="ⲉⲣⲱⲧⲉ"/>
		<feat xlink:href="#sSpan499" value="ⲉⲃⲟⲗ"/>
		<feat xlink:href="#sSpan501" value="ϩⲓ"/>
		<feat xlink:href="#sSpan503" value="ⲉⲃⲓⲱ"/>
		<feat xlink:href="#sSpan505" value="ⲉϩⲣⲁⲓ"/>
		<feat xlink:href="#sSpan507" value="ⲉⲡⲙⲁ"/>
		<feat xlink:href="#sSpan511" value="ⲛⲛⲉⲭⲁⲛⲁⲛⲁⲓⲟⲥ"/>
		<feat xlink:href="#sSpan515" value="ⲙⲛ"/>
		<feat xlink:href="#sSpan517" value="ⲛⲉⲭⲉⲧⲧⲁⲓⲟⲥ"/>
		<feat xlink:href="#sSpan520" value="ⲙⲛ"/>
		<feat xlink:href="#sSpan522" value="ⲛⲁⲙⲟⲣⲣⲁⲓⲟⲥ"/>
		<feat xlink:href="#sSpan524" value="ⲙⲛ"/>
		<feat xlink:href="#sSpan526" value="ⲛⲉⲫⲉⲣⲉⲍⲁⲓⲟⲥ"/>
		<feat xlink:href="#sSpan529" value="ⲙⲛ"/>
		<feat xlink:href="#sSpan531" value="ⲛⲉⲩⲁⲓⲟⲥ"/>
		<feat xlink:href="#sSpan534" value="ⲙⲛ"/>
		<feat xlink:href="#sSpan536" value="ⲛⲉⲅⲉⲣⲅⲉⲥⲁⲓⲟⲥ"/>
		<feat xlink:href="#sSpan538" value="ⲙⲛ"/>
		<feat xlink:href="#sSpan540" value="ⲓⲉⲃⲟⲩⲥⲁⲓⲟⲥ"/>
		<feat xlink:href="#sSpan543" value="ⲧⲉⲛⲟⲩ"/>
		<feat xlink:href="#sSpan545" value="ϭⲉ"/>
		<feat xlink:href="#sSpan547" value="ⲉⲓⲥ"/>
		<feat xlink:href="#sSpan549" value="ⲡⲁϣⲕⲁⲕ"/>
		<feat xlink:href="#sSpan552" value="ⲛⲛϣⲏⲣⲉ"/>
		<feat xlink:href="#sSpan556" value="ⲙⲡⲓⲏ"/>
		<feat xlink:href="#sSpan560" value="ⲁϥⲉⲓ"/>
		<feat xlink:href="#sSpan564" value="ⲉϩⲣⲁⲓ"/>
		<feat xlink:href="#sSpan566" value="ⲉⲣⲟⲓ"/>
		<feat xlink:href="#sSpan569" value="ⲁⲛⲟⲕ"/>
		<feat xlink:href="#sSpan571" value="ⲁⲓⲛⲁⲩ"/>
		<feat xlink:href="#sSpan575" value="ⲉⲡⲉⲩϩⲟϫϫ"/>
		<feat xlink:href="#sSpan577" value="ⲛⲁⲓ"/>
		<feat xlink:href="#sSpan579" value="ⲉⲧⲉⲣⲉⲛⲣⲙⲛⲕⲏⲙⲉ"/>
		<feat xlink:href="#sSpan583" value="ⲑⲗⲓⲃⲉ"/>
		<feat xlink:href="#sSpan585" value="ⲙⲙⲟⲟⲩ"/>
		<feat xlink:href="#sSpan589" value="ⲛϩⲏⲧϥ"/>
		<feat xlink:href="#sSpan594" value="ⲧⲉⲛⲟⲩ"/>
		<feat xlink:href="#sSpan596" value="ϭⲉ"/>
		<feat xlink:href="#sSpan598" value="ⲁⲙⲟⲩ"/>
		<feat xlink:href="#sSpan600" value="ⲧⲁϫⲟⲟⲩⲕ"/>
		<feat xlink:href="#sSpan602" value="ϣⲁ"/>
		<feat xlink:href="#sSpan604" value="ⲫⲁⲣⲁⲱ"/>
		<feat xlink:href="#sSpan606" value="ⲡⲣⲣⲟ"/>
		<feat xlink:href="#sSpan609" value="ⲛⲕⲏⲙⲉ"/>
		<feat xlink:href="#sSpan612" value="ⲛⲅⲉⲓⲛⲉ"/>
		<feat xlink:href="#sSpan616" value="ⲙⲡⲁⲗⲁⲟⲥ"/>
		<feat xlink:href="#sSpan620" value="ⲉⲃⲟⲗ"/>
		<feat xlink:href="#sSpan622" value="ⲛϣⲏⲣⲉ"/>
		<feat xlink:href="#sSpan625" value="ⲙⲡⲓⲏ"/>
		<feat xlink:href="#sSpan629" value="ⲉⲃⲟⲗ"/>
		<feat xlink:href="#sSpan631" value="ϩⲛ"/>
		<feat xlink:href="#sSpan633" value="ⲡⲕⲁϩ"/>
		<feat xlink:href="#sSpan636" value="ⲛⲕⲏⲙⲉ"/>
		<feat xlink:href="#sSpan640" value="ⲡⲉϫⲁϥ"/>
		<feat xlink:href="#sSpan643" value="ⲛⲇⲉ"/>
		<feat xlink:href="#sSpan646" value="ⲛϭⲓ"/>
		<feat xlink:href="#sSpan648" value="ⲙⲱⲩⲥⲏⲥ"/>
		<feat xlink:href="#sSpan650" value="ⲛⲛⲁϩⲣⲛ"/>
		<feat xlink:href="#sSpan653" value="ⲡⲛⲟⲩⲧⲉ"/>
		<feat xlink:href="#sSpan656" value="ϫⲉ"/>
		<feat xlink:href="#sSpan658" value="ⲁⲛⲅ"/>
		<feat xlink:href="#sSpan660" value="ⲛⲓⲙ"/>
		<feat xlink:href="#sSpan662" value="ⲁⲛⲟⲕ"/>
		<feat xlink:href="#sSpan664" value="ϫⲉ"/>
		<feat xlink:href="#sSpan666" value="ⲉⲉⲓⲉⲃⲱⲕ"/>
		<feat xlink:href="#sSpan669" value="ϣⲁ"/>
		<feat xlink:href="#sSpan671" value="ⲫⲁⲣⲁⲱ"/>
		<feat xlink:href="#sSpan673" value="ⲡⲣⲣⲟ"/>
		<feat xlink:href="#sSpan676" value="ⲛⲕⲏⲙⲉ"/>
		<feat xlink:href="#sSpan679" value="ⲁⲩⲱ"/>
		<feat xlink:href="#sSpan681" value="ϫⲉ"/>
		<feat xlink:href="#sSpan683" value="ⲉⲉⲓⲉⲉⲓⲛⲉ"/>
		<feat xlink:href="#sSpan686" value="ⲉⲃⲟⲗ"/>
		<feat xlink:href="#sSpan688" value="ϩⲛ"/>
		<feat xlink:href="#sSpan690" value="ⲡⲕⲁϩ"/>
		<feat xlink:href="#sSpan693" value="ⲛⲕⲏⲙⲉ"/>
		<feat xlink:href="#sSpan696" value="ⲙⲡⲗⲁⲟⲥ"/>
		<feat xlink:href="#sSpan701" value="ⲡⲉϫⲁϥ"/>
		<feat xlink:href="#sSpan704" value="ⲛⲇⲉ"/>
		<feat xlink:href="#sSpan707" value="ⲛϭⲓ"/>
		<feat xlink:href="#sSpan709" value="ⲡⲛⲟⲩⲧⲉ"/>
		<feat xlink:href="#sSpan712" value="ⲙⲙⲱⲩⲥⲏⲥ"/>
		<feat xlink:href="#sSpan715" value="ⲉϥϫⲱ"/>
		<feat xlink:href="#sSpan719" value="ⲙⲙⲟⲥ"/>
		<feat xlink:href="#sSpan722" value="ϫⲉ"/>
		<feat xlink:href="#sSpan724" value="ϯⲛⲁϣⲱⲡⲉ"/>
		<feat xlink:href="#sSpan728" value="ⲛⲙⲙⲁⲕ"/>
		<feat xlink:href="#sSpan731" value="ⲁⲩⲱ"/>
		<feat xlink:href="#sSpan733" value="ⲡⲁⲓ"/>
		<feat xlink:href="#sSpan735" value="ⲛⲁϣⲱⲡⲉ"/>
		<feat xlink:href="#sSpan738" value="ⲛⲁⲕ"/>
		<feat xlink:href="#sSpan741" value="ⲙⲙⲁⲉⲓⲛ"/>
		<feat xlink:href="#sSpan744" value="ϫⲉ"/>
		<feat xlink:href="#sSpan746" value="ⲁⲛⲟⲕ"/>
		<feat xlink:href="#sSpan748" value="ⲡⲉⲧⲛⲁϫⲟⲟⲩⲕ"/>
		<feat xlink:href="#sSpan752" value="ϩⲙ"/>
		<feat xlink:href="#sSpan754" value="ⲡⲧⲣⲉⲕⲉⲓⲛⲉ"/>
		<feat xlink:href="#sSpan759" value="ⲉⲃⲟⲗ"/>
		<feat xlink:href="#sSpan761" value="ⲙⲡⲁⲗⲁⲟⲥ"/>
		<feat xlink:href="#sSpan765" value="ϩⲙ"/>
		<feat xlink:href="#sSpan767" value="ⲡⲕⲁϩ"/>
		<feat xlink:href="#sSpan770" value="ⲛⲕⲏⲙⲉ"/>
		<feat xlink:href="#sSpan773" value="ⲛⲧⲉⲧⲛϣⲙϣⲉ"/>
		<feat xlink:href="#sSpan777" value="ⲙⲡⲛⲟⲩⲧⲉ"/>
		<feat xlink:href="#sSpan781" value="ϩⲣⲁⲓ"/>
		<feat xlink:href="#sSpan783" value="ϩⲙ"/>
		<feat xlink:href="#sSpan785" value="ⲡⲧⲟⲟⲩ"/>
		<feat xlink:href="#sSpan789" value="ⲡⲉϫⲁϥ"/>
		<feat xlink:href="#sSpan792" value="ⲛⲇⲉ"/>
		<feat xlink:href="#sSpan795" value="ⲛϭⲓ"/>
		<feat xlink:href="#sSpan797" value="ⲙⲱⲩⲥⲏⲥ"/>
		<feat xlink:href="#sSpan799" value="ⲛⲛⲁϩⲣⲛ"/>
		<feat xlink:href="#sSpan802" value="ⲡⲛⲟⲩⲧⲉ"/>
		<feat xlink:href="#sSpan805" value="ϫⲉ"/>
		<feat xlink:href="#sSpan807" value="ⲉⲓⲥ"/>
		<feat xlink:href="#sSpan809" value="ϩⲏⲏⲧⲉ"/>
		<feat xlink:href="#sSpan811" value="ⲁⲛⲟⲕ"/>
		<feat xlink:href="#sSpan813" value="ϯⲛⲁⲃⲱⲕ"/>
		<feat xlink:href="#sSpan817" value="ϣⲁ"/>
		<feat xlink:href="#sSpan819" value="ⲛϣⲏⲣⲉ"/>
		<feat xlink:href="#sSpan822" value="ⲙⲡⲓⲏ"/>
		<feat xlink:href="#sSpan826" value="ⲧⲁϫⲟⲟⲥ"/>
		<feat xlink:href="#sSpan830" value="ⲛⲁⲩ"/>
		<feat xlink:href="#sSpan833" value="ϫⲉ"/>
		<feat xlink:href="#sSpan835" value="ⲡⲛⲟⲩⲧⲉ"/>
		<feat xlink:href="#sSpan838" value="ⲛⲛⲉⲧⲛⲉⲓⲟⲧⲉ"/>
		<feat xlink:href="#sSpan842" value="ⲡⲉⲛⲧⲁϥⲧⲛⲛⲟⲟⲩⲧ"/>
		<feat xlink:href="#sSpan849" value="ϣⲁⲣⲱⲧⲛ"/>
		<feat xlink:href="#sSpan852" value="ⲛⲥⲉϫⲛⲟⲩⲉⲓ"/>
		<feat xlink:href="#sSpan857" value="ϫⲉ"/>
		<feat xlink:href="#sSpan859" value="ⲛⲓⲙ"/>
		<feat xlink:href="#sSpan861" value="ⲡⲉ"/>
		<feat xlink:href="#sSpan863" value="ⲡⲉϥⲣⲁⲛ"/>
		<feat xlink:href="#sSpan866" value="ⲉⲉⲓⲛⲁϫⲟⲟⲥ"/>
		<feat xlink:href="#sSpan871" value="ⲛⲁⲩ"/>
		<feat xlink:href="#sSpan874" value="ϫⲉ"/>
		<feat xlink:href="#sSpan876" value="ⲟⲩ"/>
		<feat xlink:href="#sSpan879" value="ⲡⲉϫⲁϥ"/>
		<feat xlink:href="#sSpan882" value="ⲛϭⲓ"/>
		<feat xlink:href="#sSpan884" value="ⲡⲛⲟⲩⲧⲉ"/>
		<feat xlink:href="#sSpan887" value="ⲙⲙⲱⲩⲥⲏⲥ"/>
		<feat xlink:href="#sSpan890" value="ϫⲉ"/>
		<feat xlink:href="#sSpan892" value="ⲁⲛⲟⲕ"/>
		<feat xlink:href="#sSpan894" value="ⲡⲉ"/>
		<feat xlink:href="#sSpan896" value="ⲡⲉⲧϣⲟⲟⲡ"/>
		<feat xlink:href="#sSpan900" value="ⲧⲁⲓ"/>
		<feat xlink:href="#sSpan902" value="ⲧⲉ"/>
		<feat xlink:href="#sSpan904" value="ⲧϩⲉ"/>
		<feat xlink:href="#sSpan907" value="ⲉⲧⲕⲛⲁϫⲟⲟⲥ"/>
		<feat xlink:href="#sSpan913" value="ⲛⲛϣⲏⲣⲉ"/>
		<feat xlink:href="#sSpan917" value="ⲙⲡⲓⲏ"/>
		<feat xlink:href="#sSpan921" value="ϫⲉ"/>
		<feat xlink:href="#sSpan923" value="ⲡⲉⲧϣⲟⲟⲡ"/>
		<feat xlink:href="#sSpan927" value="ⲡⲉ"/>
		<feat xlink:href="#sSpan929" value="ⲛⲧⲁϥⲧⲛⲛⲟⲟⲩⲧ"/>
		<feat xlink:href="#sSpan935" value="ϣⲁⲣⲱⲧⲛ"/>
		<feat xlink:href="#sSpan939" value="ⲡⲉϫⲁϥ"/>
		<feat xlink:href="#sSpan942" value="ⲟⲛ"/>
		<feat xlink:href="#sSpan944" value="ⲛϭⲓ"/>
		<feat xlink:href="#sSpan946" value="ⲡⲛⲟⲩⲧⲉ"/>
		<feat xlink:href="#sSpan949" value="ⲙⲙⲱⲩⲥⲏⲥ"/>
		<feat xlink:href="#sSpan952" value="ϫⲉ"/>
		<feat xlink:href="#sSpan954" value="ⲧⲁⲓ"/>
		<feat xlink:href="#sSpan956" value="ⲧⲉ"/>
		<feat xlink:href="#sSpan958" value="ⲧϩⲉ"/>
		<feat xlink:href="#sSpan961" value="ⲉⲧⲕⲛⲁϫⲟⲟⲥ"/>
		<feat xlink:href="#sSpan967" value="ⲛⲛϣⲏⲣⲉ"/>
		<feat xlink:href="#sSpan971" value="ⲙⲡⲓⲏ"/>
		<feat xlink:href="#sSpan975" value="ϫⲉ"/>
		<feat xlink:href="#sSpan977" value="ⲡϫⲟⲉⲓⲥ"/>
		<feat xlink:href="#sSpan980" value="ⲡⲛⲟⲩⲧⲉ"/>
		<feat xlink:href="#sSpan983" value="ⲛⲛⲉⲧⲛⲉⲓⲟⲧⲉ"/>
		<feat xlink:href="#sSpan987" value="ⲡⲛⲟⲩⲧⲉ"/>
		<feat xlink:href="#sSpan990" value="ⲛⲁⲃⲣⲁϩⲁⲙ"/>
		<feat xlink:href="#sSpan993" value="ⲡⲛⲟⲩⲧⲉ"/>
		<feat xlink:href="#sSpan996" value="ⲛⲓⲥⲁⲕ"/>
		<feat xlink:href="#sSpan999" value="ⲡⲛⲟⲩⲧⲉ"/>
		<feat xlink:href="#sSpan1002" value="ⲛⲓⲁⲕⲱⲃ"/>
		<feat xlink:href="#sSpan1005" value="ⲡⲉ"/>
		<feat xlink:href="#sSpan1007" value="ⲛⲧⲁϥⲧⲛⲛⲟⲟⲩⲧ"/>
		<feat xlink:href="#sSpan1013" value="ϣⲁⲣⲱⲧⲛ"/>
		<feat xlink:href="#sSpan1016" value="ⲡⲁⲓ"/>
		<feat xlink:href="#sSpan1018" value="ⲡⲉ"/>
		<feat xlink:href="#sSpan1020" value="ⲡⲁⲣⲁⲛ"/>
		<feat xlink:href="#sSpan1023" value="ⲛϣⲁ"/>
		<feat xlink:href="#sSpan1026" value="ⲉⲛⲉϩ"/>
		<feat xlink:href="#sSpan1028" value="ⲁⲩⲱ"/>
		<feat xlink:href="#sSpan1030" value="ⲛⲣ"/>
		<feat xlink:href="#sSpan1033" value="ⲡⲙⲉⲉⲩⲉ"/>
		<feat xlink:href="#sSpan1036" value="ϫⲓⲛ"/>
		<feat xlink:href="#sSpan1038" value="ⲛϫⲱⲙ"/>
		<feat xlink:href="#sSpan1040" value="ϣⲁ"/>
		<feat xlink:href="#sSpan1042" value="ϫⲱⲙ"/>
		<feat xlink:href="#sSpan1046" value="ⲃⲱⲕ"/>
		<feat xlink:href="#sSpan1048" value="ⲉϩⲟⲩⲛ"/>
		<feat xlink:href="#sSpan1050" value="ⲛⲅⲥⲱⲟⲩϩ"/>
		<feat xlink:href="#sSpan1054" value="ⲛⲛϩⲗⲗⲟⲉⲓ"/>
		<feat xlink:href="#sSpan1057" value="ⲛⲛϣⲏⲣⲉ"/>
		<feat xlink:href="#sSpan1061" value="ⲙⲡⲓⲏ"/>
		<feat xlink:href="#sSpan1065" value="ⲛⲅϫⲟⲟⲥ"/>
		<feat xlink:href="#sSpan1070" value="ⲛⲁⲩ"/>
		<feat xlink:href="#sSpan1073" value="ϫⲉ"/>
		<feat xlink:href="#sSpan1075" value="ⲡϫⲟⲉⲓⲥ"/>
		<feat xlink:href="#sSpan1078" value="ⲡⲛⲟⲩⲧⲉ"/>
		<feat xlink:href="#sSpan1081" value="ⲛⲛⲉⲧⲛⲉⲓⲟⲧⲉ"/>
		<feat xlink:href="#sSpan1085" value="ⲡⲉ"/>
		<feat xlink:href="#sSpan1087" value="ⲛⲧⲁϥⲟⲩⲱⲛϩ"/>
		<feat xlink:href="#sSpan1092" value="ⲛⲁⲓ"/>
		<feat xlink:href="#sSpan1094" value="ⲉⲃⲟⲗ"/>
		<feat xlink:href="#sSpan1096" value="ⲡⲛⲟⲩⲧⲉ"/>
		<feat xlink:href="#sSpan1099" value="ⲛⲁⲃⲣⲁϩⲁⲙ"/>
		<feat xlink:href="#sSpan1102" value="ⲡⲛⲟⲩⲧⲉ"/>
		<feat xlink:href="#sSpan1105" value="ⲛⲓⲥⲁⲕ"/>
		<feat xlink:href="#sSpan1108" value="ⲡⲛⲟⲩⲧⲉ"/>
		<feat xlink:href="#sSpan1111" value="ⲛⲓⲁⲕⲱⲃ"/>
		<feat xlink:href="#sSpan1114" value="ⲉϥϫⲱ"/>
		<feat xlink:href="#sSpan1118" value="ⲙⲙⲟⲥ"/>
		<feat xlink:href="#sSpan1121" value="ϫⲉ"/>
		<feat xlink:href="#sSpan1123" value="ϩⲛ"/>
		<feat xlink:href="#sSpan1125" value="ⲟⲩϭⲙ"/>
		<feat xlink:href="#sSpan1127" value="ⲡϣⲓⲛⲉ"/>
		<feat xlink:href="#sSpan1130" value="ⲁⲓϭⲛ"/>
		<feat xlink:href="#sSpan1134" value="ⲡⲉⲧⲛϣⲓⲛⲉ"/>
		<feat xlink:href="#sSpan1137" value="ⲁⲩⲱ"/>
		<feat xlink:href="#sSpan1139" value="ⲛⲉⲛⲧⲁⲩϣⲱⲡⲉ"/>
		<feat xlink:href="#sSpan1145" value="ⲙⲙⲱⲧⲛ"/>
		<feat xlink:href="#sSpan1148" value="ϩⲣⲁⲓ"/>
		<feat xlink:href="#sSpan1150" value="ϩⲛ"/>
		<feat xlink:href="#sSpan1152" value="ⲡⲕⲁϩ"/>
		<feat xlink:href="#sSpan1155" value="ⲛⲕⲏⲙⲉ"/>
		<feat xlink:href="#sSpan1159" value="ⲁⲓϫⲟⲟⲥ"/>
		<feat xlink:href="#sSpan1164" value="ϫⲉ"/>
		<feat xlink:href="#sSpan1166" value="ϯⲛⲁⲛⲧⲏⲩⲧⲛ"/>
		<feat xlink:href="#sSpan1171" value="ⲉⲃⲟⲗ"/>
		<feat xlink:href="#sSpan1173" value="ϩⲛ"/>
		<feat xlink:href="#sSpan1175" value="ⲡⲉⲧϩⲙⲕⲟ"/>
		<feat xlink:href="#sSpan1179" value="ⲛⲣⲣⲙⲛⲕⲏⲙⲉ"/>
		<feat xlink:href="#sSpan1182" value="ⲉϩⲣⲁⲓ"/>
		<feat xlink:href="#sSpan1184" value="ⲉⲡⲕⲁϩ"/>
		<feat xlink:href="#sSpan1188" value="ⲛⲛⲉⲭⲁⲛⲁⲛⲁⲓⲟⲥ"/>
		<feat xlink:href="#sSpan1192" value="ⲙⲛ"/>
		<feat xlink:href="#sSpan1194" value="ⲛⲉⲭⲉⲧⲧⲁⲓⲟⲥ"/>
		<feat xlink:href="#sSpan1197" value="ⲙⲛ"/>
		<feat xlink:href="#sSpan1199" value="ⲛⲁⲙⲟⲣⲣⲁⲓⲟⲥ"/>
		<feat xlink:href="#sSpan1201" value="ⲙⲛ"/>
		<feat xlink:href="#sSpan1203" value="ⲛⲉⲫⲉⲣⲉⲍⲁⲓⲟⲥ"/>
		<feat xlink:href="#sSpan1206" value="ⲙⲛ"/>
		<feat xlink:href="#sSpan1208" value="ⲛⲅⲉⲣⲅⲉⲥⲁⲓⲟⲥ"/>
		<feat xlink:href="#sSpan1211" value="ⲙⲛ"/>
		<feat xlink:href="#sSpan1213" value="ⲓⲉⲃⲟⲩⲥⲁⲓⲟⲥ"/>
		<feat xlink:href="#sSpan1215" value="ⲉⲩⲕⲁϩ"/>
		<feat xlink:href="#sSpan1219" value="ⲉϥϣⲟⲩⲉ"/>
		<feat xlink:href="#sSpan1223" value="ⲉⲣⲱⲧⲉ"/>
		<feat xlink:href="#sSpan1225" value="ⲉⲃⲟⲗ"/>
		<feat xlink:href="#sSpan1227" value="ϩⲓ"/>
		<feat xlink:href="#sSpan1229" value="ⲉⲃⲓⲱ"/>
		<feat xlink:href="#sSpan1232" value="ⲁⲩⲱ"/>
		<feat xlink:href="#sSpan1234" value="ⲥⲉⲛⲁⲥⲱⲧⲙ"/>
		<feat xlink:href="#sSpan1238" value="ⲉⲡⲉⲕϩⲣⲟⲟⲩ"/>
		<feat xlink:href="#sSpan1242" value="ⲉⲕⲉⲃⲱⲕ"/>
		<feat xlink:href="#sSpan1245" value="ⲛⲇⲉ"/>
		<feat xlink:href="#sSpan1248" value="ⲉϩⲟⲩⲛ"/>
		<feat xlink:href="#sSpan1250" value="ⲛⲧⲟⲕ"/>
		<feat xlink:href="#sSpan1252" value="ⲙⲛ"/>
		<feat xlink:href="#sSpan1254" value="ⲛϩⲗⲗⲟⲉⲓ"/>
		<feat xlink:href="#sSpan1257" value="ⲛⲛϣⲏⲣⲉ"/>
		<feat xlink:href="#sSpan1261" value="ⲙⲡⲓⲏ"/>
		<feat xlink:href="#sSpan1265" value="ϣⲁ"/>
		<feat xlink:href="#sSpan1267" value="ⲫⲁⲣⲁⲱ"/>
		<feat xlink:href="#sSpan1269" value="ⲡⲣⲣⲟ"/>
		<feat xlink:href="#sSpan1272" value="ⲛⲕⲏⲙⲉ"/>
		<feat xlink:href="#sSpan1275" value="ⲛⲅϫⲟⲟⲥ"/>
		<feat xlink:href="#sSpan1280" value="ⲛⲁϥ"/>
		<feat xlink:href="#sSpan1283" value="ϫⲉ"/>
		<feat xlink:href="#sSpan1285" value="ⲡϫⲟⲉⲓⲥ"/>
		<feat xlink:href="#sSpan1288" value="ⲡⲛⲟⲩⲧⲉ"/>
		<feat xlink:href="#sSpan1291" value="ⲛⲛϩⲉⲃⲣⲁⲓⲟⲥ"/>
		<feat xlink:href="#sSpan1295" value="ⲡⲉⲛⲧⲁϥⲧⲁϩⲙⲛ"/>
		<feat xlink:href="#sSpan1302" value="ⲧⲛⲛⲁⲃⲱⲕ"/>
		<feat xlink:href="#sSpan1306" value="ϭⲉ"/>
		<feat xlink:href="#sSpan1308" value="ⲛⲟⲩϩⲓⲏ"/>
		<feat xlink:href="#sSpan1312" value="ⲛϣⲟⲙⲧ"/>
		<feat xlink:href="#sSpan1315" value="ⲛϩⲟⲟⲩ"/>
		<feat xlink:href="#sSpan1318" value="ⲙⲙⲟⲟϣⲉ"/>
		<feat xlink:href="#sSpan1321" value="ⲉϩⲣⲁⲓ"/>
		<feat xlink:href="#sSpan1323" value="ⲉⲡϫⲁⲓⲉ"/>
		<feat xlink:href="#sSpan1327" value="ϫⲉⲕⲁⲁⲥ"/>
		<feat xlink:href="#sSpan1329" value="ⲉⲛⲉϣⲱⲱⲧ"/>
		<feat xlink:href="#sSpan1332" value="ⲛⲛⲁϩⲣⲛ"/>
		<feat xlink:href="#sSpan1335" value="ⲡϫⲟⲉⲓⲥ"/>
		<feat xlink:href="#sSpan1338" value="ⲡⲉⲛⲛⲟⲩⲧⲉ"/>
		<feat xlink:href="#sSpan1342" value="ⲁⲛⲟⲕ"/>
		<feat xlink:href="#sSpan1344" value="ⲛⲇⲉ"/>
		<feat xlink:href="#sSpan1347" value="ϯⲥⲟⲟⲩⲛ"/>
		<feat xlink:href="#sSpan1350" value="ϫⲉ"/>
		<feat xlink:href="#sSpan1352" value="ⲛϥⲛⲁⲕⲁ"/>
		<feat xlink:href="#sSpan1357" value="ⲧⲏⲩⲧⲛ"/>
		<feat xlink:href="#sSpan1359" value="ⲉⲃⲟⲗ"/>
		<feat xlink:href="#sSpan1361" value="ⲁⲛ"/>
		<feat xlink:href="#sSpan1363" value="ⲛϭⲓ"/>
		<feat xlink:href="#sSpan1365" value="ⲫⲁⲣⲁⲱ"/>
		<feat xlink:href="#sSpan1367" value="ⲡⲣⲣⲟ"/>
		<feat xlink:href="#sSpan1370" value="ⲛⲕⲏⲙⲉ"/>
		<feat xlink:href="#sSpan1373" value="ⲉⲃⲱⲕ"/>
		<feat xlink:href="#sSpan1376" value="ⲉⲓⲙⲏⲧⲓ"/>
		<feat xlink:href="#sSpan1378" value="ϩⲛ"/>
		<feat xlink:href="#sSpan1380" value="ⲟⲩϭⲓϫ"/>
		<feat xlink:href="#sSpan1383" value="ⲉⲥϫⲟⲟⲣ"/>
		<feat xlink:href="#sSpan1388" value="ⲧⲁⲥⲟⲟⲩⲧⲛ"/>
		<feat xlink:href="#sSpan1390" value="ⲉⲃⲟⲗ"/>
		<feat xlink:href="#sSpan1392" value="ⲛⲧⲁϭⲓϫ"/>
		<feat xlink:href="#sSpan1396" value="ⲧⲁϣⲁⲁⲣⲉ"/>
		<feat xlink:href="#sSpan1398" value="ⲉⲛⲣⲣⲙⲛⲕⲏⲙⲉ"/>
		<feat xlink:href="#sSpan1401" value="ϩⲣⲁⲓ"/>
		<feat xlink:href="#sSpan1403" value="ϩⲛ"/>
		<feat xlink:href="#sSpan1405" value="ⲛⲁϣⲡⲏⲣⲉ"/>
		<feat xlink:href="#sSpan1408" value="ⲧⲏⲣⲟⲩ"/>
		<feat xlink:href="#sSpan1411" value="ⲉϯⲛⲁⲁⲁⲩ"/>
		<feat xlink:href="#sSpan1416" value="ϩⲣⲁⲓ"/>
		<feat xlink:href="#sSpan1419" value="ⲛϩⲏⲧⲟⲩ"/>
		<feat xlink:href="#sSpan1423" value="ⲙⲛⲛⲥⲁ"/>
		<feat xlink:href="#sSpan1425" value="ⲛⲁⲓ"/>
		<feat xlink:href="#sSpan1427" value="ϥⲛⲁⲕⲁ"/>
		<feat xlink:href="#sSpan1431" value="ⲧⲏⲩⲧⲛ"/>
		<feat xlink:href="#sSpan1433" value="ⲉⲃⲟⲗ"/>
		<feat xlink:href="#sSpan1436" value="ⲛⲧⲁϯ"/>
		<feat xlink:href="#sSpan1440" value="ⲛⲟⲩⲭⲁⲣⲓⲥ"/>
		<feat xlink:href="#sSpan1444" value="ⲙⲡⲉⲉⲓⲗⲁⲟⲥ"/>
		<feat xlink:href="#sSpan1447" value="ⲙⲡⲉⲙⲧⲟ"/>
		<feat xlink:href="#sSpan1451" value="ⲉⲃⲟⲗ"/>
		<feat xlink:href="#sSpan1453" value="ⲛⲣⲣⲙⲛⲕⲏⲙⲉ"/>
		<feat xlink:href="#sSpan1456" value="ⲉⲧⲉⲧⲛⲉⲓ"/>
		<feat xlink:href="#sSpan1461" value="ⲇⲉ"/>
		<feat xlink:href="#sSpan1463" value="ⲉⲧⲉⲧⲛⲛⲁⲃⲱⲕ"/>
		<feat xlink:href="#sSpan1468" value="ⲉⲃⲟⲗ"/>
		<feat xlink:href="#sSpan1470" value="ⲛⲛⲉⲧⲛⲃⲱⲕ"/>
		<feat xlink:href="#sSpan1473" value="ⲉⲧⲉⲧⲛϣⲟⲩⲉⲓⲧ"/>
		<feat xlink:href="#sSpan1478" value="ⲉⲥⲉϫⲓ"/>
		<feat xlink:href="#sSpan1481" value="ⲛϭⲓ"/>
		<feat xlink:href="#sSpan1483" value="ⲟⲩⲥϩⲓⲙⲉ"/>
		<feat xlink:href="#sSpan1486" value="ⲉⲃⲟⲗ"/>
		<feat xlink:href="#sSpan1488" value="ϩⲓⲧⲟⲟⲧⲥ"/>
		<feat xlink:href="#sSpan1492" value="ⲛⲧⲉⲧϩⲓⲧⲟⲩⲱⲥ"/>
		<feat xlink:href="#sSpan1498" value="ⲙⲛ"/>
		<feat xlink:href="#sSpan1500" value="ⲧⲉⲥⲣⲙⲛⲏⲉⲓ"/>
		<feat xlink:href="#sSpan1503" value="ⲛϩⲛϩⲛⲁⲁⲩ"/>
		<feat xlink:href="#sSpan1506" value="ⲛϩⲁⲧ"/>
		<feat xlink:href="#sSpan1509" value="ⲙⲛ"/>
		<feat xlink:href="#sSpan1511" value="ⲛϩⲛⲁⲁⲩ"/>
		<feat xlink:href="#sSpan1514" value="ⲛⲛⲟⲩⲃ"/>
		<feat xlink:href="#sSpan1517" value="ⲙⲛ"/>
		<feat xlink:href="#sSpan1519" value="ϩⲛϩⲟⲉⲓⲧⲉ"/>
		<feat xlink:href="#sSpan1522" value="ⲛⲧⲉⲧⲛⲧⲁⲗⲟⲟⲩ"/>
		<feat xlink:href="#sSpan1527" value="ⲉϩⲣⲁⲓ"/>
		<feat xlink:href="#sSpan1529" value="ⲉϫⲛ"/>
		<feat xlink:href="#sSpan1531" value="ⲛⲉⲧⲛϣⲏⲣⲉ"/>
		<feat xlink:href="#sSpan1534" value="ⲙⲛ"/>
		<feat xlink:href="#sSpan1536" value="ⲛⲉⲧⲛϣⲉⲉⲣⲉ"/>
		<feat xlink:href="#sSpan1539" value="ⲛⲧⲉⲧⲛϣⲱⲗ"/>
		<feat xlink:href="#sSpan1543" value="ⲛⲛⲣⲙⲛⲕⲏⲙⲉ"/></featList></paula>