<?xml version="1.0" encoding="UTF-8" standalone="no"?>

<!DOCTYPE paula SYSTEM "paula_mark.dtd">
<paula version="1.0">

<header paula_id="scriptorium.sahidic.ot.01_Genesis_48_norm_groupSeg"/>

<markList xmlns:xlink="http://www.w3.org/1999/xlink" type="norm_groupSeg" xml:base="scriptorium.sahidic.ot.01_Genesis_48.tok.xml">
<mark id="norm_group_1" xlink:href="#xpointer(id('tok_1')/range-to(id('tok_3')))"/><!-- ⲁ...ϣⲱⲡⲉ -->
<mark id="norm_group_4" xlink:href="#tok_4"/><!-- ⲇⲉ -->
<mark id="norm_group_5" xlink:href="#tok_5"/><!-- ⲙⲛⲛⲥⲁ -->
<mark id="norm_group_6" xlink:href="#xpointer(id('tok_6')/range-to(id('tok_8')))"/><!-- ⲛ...ϣⲁϫⲉ -->
<mark id="norm_group_9" xlink:href="#xpointer(id('tok_9')/range-to(id('tok_11')))"/><!-- ⲁ...ϫⲓ -->
<mark id="norm_group_12" xlink:href="#xpointer(id('tok_12')/range-to(id('tok_13')))"/><!-- ⲡ...ⲟⲩⲱ -->
<mark id="norm_group_14" xlink:href="#xpointer(id('tok_14')/range-to(id('tok_15')))"/><!-- ⲛ...ⲓⲱⲥⲏⲫ -->
<mark id="norm_group_16" xlink:href="#tok_16"/><!-- ϫⲉ -->
<mark id="norm_group_17" xlink:href="#xpointer(id('tok_17')/range-to(id('tok_18')))"/><!-- ⲡⲉⲕ...ⲉⲓⲱⲧ -->
<mark id="norm_group_19" xlink:href="#tok_19"/><!-- ⲙⲟⲕϩ -->
<mark id="norm_group_20" xlink:href="#xpointer(id('tok_20')/range-to(id('tok_21')))"/><!-- ⲛ...ϣⲱⲛⲉ -->
<mark id="norm_group_22" xlink:href="#xpointer(id('tok_22')/range-to(id('tok_24')))"/><!-- ⲁ...ϥⲓ -->
<mark id="norm_group_25" xlink:href="#xpointer(id('tok_25')/range-to(id('tok_27')))"/><!-- ⲙ...ϣⲏⲣⲉ -->
<mark id="norm_group_28" xlink:href="#tok_28"/><!-- ⲥⲛⲁⲩ -->
<mark id="norm_group_29" xlink:href="#tok_29"/><!-- ⲙⲛ -->
<mark id="norm_group_30" xlink:href="#tok_30"/><!-- ⲙⲁⲛⲁⲥⲥⲏ -->
<mark id="norm_group_31" xlink:href="#tok_31"/><!-- ⲙⲛ -->
<mark id="norm_group_32" xlink:href="#tok_32"/><!-- ⲉⲫⲣⲁⲓⲙ -->
<mark id="norm_group_33" xlink:href="#xpointer(id('tok_33')/range-to(id('tok_35')))"/><!-- ⲁ...ⲃⲱⲕ -->
<mark id="norm_group_36" xlink:href="#xpointer(id('tok_36')/range-to(id('tok_37')))"/><!-- ϣⲁⲣⲟ...ϥ -->
<mark id="norm_group_38" xlink:href="#xpointer(id('tok_38')/range-to(id('tok_40')))"/><!-- ⲁ...ⲧⲁⲙⲉ -->
<mark id="norm_group_41" xlink:href="#tok_41"/><!-- ⲓⲁⲕⲱⲃ -->
<mark id="norm_group_42" xlink:href="#tok_42"/><!-- ϫⲉ -->
<mark id="norm_group_43" xlink:href="#tok_43"/><!-- ⲓⲱⲥⲏⲫ -->
<mark id="norm_group_44" xlink:href="#xpointer(id('tok_44')/range-to(id('tok_45')))"/><!-- ⲡⲉⲕ...ϣⲏⲣⲉ -->
<mark id="norm_group_46" xlink:href="#tok_46"/><!-- ⲁϥⲓ -->
<mark id="norm_group_47" xlink:href="#xpointer(id('tok_47')/range-to(id('tok_48')))"/><!-- ϣⲁⲣⲟ...ⲕ -->
<mark id="norm_group_49" xlink:href="#tok_49"/><!-- ⲡⲓⲏⲗ -->
<mark id="norm_group_50" xlink:href="#tok_50"/><!-- ⲇⲉ -->
<mark id="norm_group_51" xlink:href="#xpointer(id('tok_51')/range-to(id('tok_53')))"/><!-- ⲁ...ϭⲙϭⲟⲙ -->
<mark id="norm_group_54" xlink:href="#xpointer(id('tok_54')/range-to(id('tok_56')))"/><!-- ⲁ...ϩⲙⲟⲟⲥ -->
<mark id="norm_group_57" xlink:href="#tok_57"/><!-- ϩⲓϫⲛ -->
<mark id="norm_group_58" xlink:href="#tok_58"/><!-- ⲡⲉϥⲙⲁⲛⲛⲕⲟⲧⲕ -->
<mark id="norm_group_59" xlink:href="#xpointer(id('tok_59')/range-to(id('tok_60')))"/><!-- ⲡⲉϫⲁ...ϥ -->
<mark id="norm_group_61" xlink:href="#tok_61"/><!-- ⲛϭⲓ -->
<mark id="norm_group_62" xlink:href="#tok_62"/><!-- ⲓⲁⲕⲱⲃ -->
<mark id="norm_group_63" xlink:href="#xpointer(id('tok_63')/range-to(id('tok_64')))"/><!-- ⲛ...ⲓⲱⲥⲏⲫ -->
<mark id="norm_group_65" xlink:href="#tok_65"/><!-- ϫⲉ -->
<mark id="norm_group_66" xlink:href="#xpointer(id('tok_66')/range-to(id('tok_68')))"/><!-- ⲁ...ⲛⲟⲩⲧⲉ -->
<mark id="norm_group_69" xlink:href="#tok_69"/><!-- ⲟⲩⲱⲛϩ -->
<mark id="norm_group_70" xlink:href="#tok_70"/><!-- ⲛⲁⲓ -->
<mark id="norm_group_71" xlink:href="#tok_71"/><!-- ⲉⲃⲟⲗ -->
<mark id="norm_group_72" xlink:href="#tok_72"/><!-- ϩⲛ -->
<mark id="norm_group_73" xlink:href="#xpointer(id('tok_73')/range-to(id('tok_74')))"/><!-- ⲟⲩ...ⲣⲁⲥⲟⲩ -->
<mark id="norm_group_75" xlink:href="#tok_75"/><!-- ϩⲙ -->
<mark id="norm_group_76" xlink:href="#xpointer(id('tok_76')/range-to(id('tok_77')))"/><!-- ⲡ...ⲕⲁϩ -->
<mark id="norm_group_78" xlink:href="#xpointer(id('tok_78')/range-to(id('tok_79')))"/><!-- ⲛ...ⲭⲁⲛⲁⲁⲛ -->
<mark id="norm_group_80" xlink:href="#xpointer(id('tok_80')/range-to(id('tok_82')))"/><!-- ⲁ...ⲥⲙⲟⲩ -->
<mark id="norm_group_83" xlink:href="#xpointer(id('tok_83')/range-to(id('tok_84')))"/><!-- ⲉⲣⲟ...ⲓ -->
<mark id="norm_group_85" xlink:href="#xpointer(id('tok_85')/range-to(id('tok_86')))"/><!-- ⲡⲉϫⲁ...ϥ -->
<mark id="norm_group_87" xlink:href="#tok_87"/><!-- ⲛⲁⲓ -->
<mark id="norm_group_88" xlink:href="#tok_88"/><!-- ϫⲉ -->
<mark id="norm_group_89" xlink:href="#tok_89"/><!-- ⲉⲓⲥ -->
<mark id="norm_group_90" xlink:href="#tok_90"/><!-- ϩⲏⲏⲧⲉ -->
<mark id="norm_group_91" xlink:href="#tok_91"/><!-- ϯⲛⲁⲧⲣⲉⲕⲁϣⲁⲓ -->
<mark id="norm_group_92" xlink:href="#tok_92"/><!-- ⲛⲅⲁⲓⲁⲓ -->
<mark id="norm_group_93" xlink:href="#tok_93"/><!-- ⲁⲩⲱ -->
<mark id="norm_group_94" xlink:href="#xpointer(id('tok_94')/range-to(id('tok_97')))"/><!-- ϯ...ⲕ -->
<mark id="norm_group_98" xlink:href="#tok_98"/><!-- ⲛϩⲛⲥⲩⲛⲁⲅⲱⲅⲏ -->
<mark id="norm_group_99" xlink:href="#tok_99"/><!-- ⲛⲛϩⲑⲛⲟⲥ -->
<mark id="norm_group_100" xlink:href="#xpointer(id('tok_100')/range-to(id('tok_102')))"/><!-- ϯ...ϯ -->
<mark id="norm_group_103" xlink:href="#xpointer(id('tok_103')/range-to(id('tok_104')))"/><!-- ⲛⲁ...ⲕ -->
<mark id="norm_group_105" xlink:href="#xpointer(id('tok_105')/range-to(id('tok_107')))"/><!-- ⲙ...ⲕⲁϩ -->
<mark id="norm_group_108" xlink:href="#tok_108"/><!-- ⲙⲛ -->
<mark id="norm_group_109" xlink:href="#xpointer(id('tok_109')/range-to(id('tok_110')))"/><!-- ⲡⲉⲕ...ⲥⲡⲉⲣⲙⲁ -->
<mark id="norm_group_111" xlink:href="#xpointer(id('tok_111')/range-to(id('tok_112')))"/><!-- ⲙⲛⲛⲥⲱ...ⲕ -->
<mark id="norm_group_113" xlink:href="#xpointer(id('tok_113')/range-to(id('tok_115')))"/><!-- ⲉ...ⲙⲁ -->
<mark id="norm_group_116" xlink:href="#tok_116"/><!-- ⲛⲁⲙⲁϩⲧⲉ -->
<mark id="norm_group_117" xlink:href="#tok_117"/><!-- ϣⲁ -->
<mark id="norm_group_118" xlink:href="#tok_118"/><!-- ⲉⲛⲉϩ -->
<mark id="norm_group_119" xlink:href="#tok_119"/><!-- ⲧⲉⲛⲟⲩ -->
<mark id="norm_group_120" xlink:href="#tok_120"/><!-- ϭⲉ -->
<mark id="norm_group_121" xlink:href="#xpointer(id('tok_121')/range-to(id('tok_122')))"/><!-- ⲡⲉⲕ...ϣⲏⲣⲉ -->
<mark id="norm_group_123" xlink:href="#tok_123"/><!-- ⲥⲛⲁⲩ -->
<mark id="norm_group_124" xlink:href="#xpointer(id('tok_124')/range-to(id('tok_127')))"/><!-- ⲛⲧ...ϣⲱⲡⲉ -->
<mark id="norm_group_128" xlink:href="#xpointer(id('tok_128')/range-to(id('tok_129')))"/><!-- ⲛⲁ...ⲕ -->
<mark id="norm_group_130" xlink:href="#tok_130"/><!-- ϩⲙ -->
<mark id="norm_group_131" xlink:href="#xpointer(id('tok_131')/range-to(id('tok_132')))"/><!-- ⲡ...ⲕⲁϩ -->
<mark id="norm_group_133" xlink:href="#xpointer(id('tok_133')/range-to(id('tok_134')))"/><!-- ⲛ...ⲕⲏⲙⲉ -->
<mark id="norm_group_135" xlink:href="#xpointer(id('tok_135')/range-to(id('tok_137')))"/><!-- ϩⲁ...ⲏ -->
<mark id="norm_group_138" xlink:href="#tok_138"/><!-- ⲙⲡⲁϯⲉⲓ -->
<mark id="norm_group_139" xlink:href="#xpointer(id('tok_139')/range-to(id('tok_140')))"/><!-- ϣⲁⲣⲟ...ⲕ -->
<mark id="norm_group_141" xlink:href="#tok_141"/><!-- ⲛⲟⲩⲓ -->
<mark id="norm_group_142" xlink:href="#tok_142"/><!-- ⲛⲉ -->
<mark id="norm_group_143" xlink:href="#xpointer(id('tok_143')/range-to(id('tok_146')))"/><!-- ⲉ...ϣⲱⲡⲉ -->
<mark id="norm_group_147" xlink:href="#tok_147"/><!-- ⲛⲁⲓ -->
<mark id="norm_group_148" xlink:href="#tok_148"/><!-- ⲉⲩⲫⲣⲁⲓⲙ -->
<mark id="norm_group_149" xlink:href="#tok_149"/><!-- ⲙⲛ -->
<mark id="norm_group_150" xlink:href="#tok_150"/><!-- ⲙⲁⲛⲁⲥⲥⲏ -->
<mark id="norm_group_151" xlink:href="#xpointer(id('tok_151')/range-to(id('tok_153')))"/><!-- ⲛ...ⲉ -->
<mark id="norm_group_154" xlink:href="#tok_154"/><!-- ⲛϩⲣⲟⲩⲃⲓⲛ -->
<mark id="norm_group_155" xlink:href="#tok_155"/><!-- ⲙⲛ -->
<mark id="norm_group_156" xlink:href="#tok_156"/><!-- ⲥⲩⲙⲉⲱⲛ -->
<mark id="norm_group_157" xlink:href="#xpointer(id('tok_157')/range-to(id('tok_158')))"/><!-- ⲛ...ϣⲏⲣⲉ -->
<mark id="norm_group_159" xlink:href="#tok_159"/><!-- ⲇⲉ -->
<mark id="norm_group_160" xlink:href="#xpointer(id('tok_160')/range-to(id('tok_162')))"/><!-- ⲉⲧ...ϣⲱⲡⲉ -->
<mark id="norm_group_163" xlink:href="#xpointer(id('tok_163')/range-to(id('tok_164')))"/><!-- ⲛⲁ...ⲕ -->
<mark id="norm_group_165" xlink:href="#tok_165"/><!-- ⲙⲛⲛⲥⲁ -->
<mark id="norm_group_166" xlink:href="#tok_166"/><!-- ⲛⲁⲓ -->
<mark id="norm_group_167" xlink:href="#xpointer(id('tok_167')/range-to(id('tok_168')))"/><!-- ⲉⲩⲉ...ⲙⲟⲩⲧⲉ -->
<mark id="norm_group_169" xlink:href="#xpointer(id('tok_169')/range-to(id('tok_171')))"/><!-- ⲉ...ⲣⲁⲛ -->
<mark id="norm_group_172" xlink:href="#tok_172"/><!-- ⲉϩⲣⲁⲓ -->
<mark id="norm_group_173" xlink:href="#xpointer(id('tok_173')/range-to(id('tok_174')))"/><!-- ⲉϫⲱ...ⲟⲩ -->
<mark id="norm_group_175" xlink:href="#xpointer(id('tok_175')/range-to(id('tok_176')))"/><!-- ⲉⲩⲉ...ⲙⲟⲩⲧⲉ -->
<mark id="norm_group_177" xlink:href="#xpointer(id('tok_177')/range-to(id('tok_178')))"/><!-- ⲉⲣⲟ...ⲟⲩ -->
<mark id="norm_group_179" xlink:href="#xpointer(id('tok_179')/range-to(id('tok_181')))"/><!-- ⲉ...ⲣⲁⲛ -->
<mark id="norm_group_182" xlink:href="#xpointer(id('tok_182')/range-to(id('tok_184')))"/><!-- ⲛ...ⲥⲛⲏⲩ -->
<mark id="norm_group_185" xlink:href="#tok_185"/><!-- ⲁⲩⲱ -->
<mark id="norm_group_186" xlink:href="#xpointer(id('tok_186')/range-to(id('tok_189')))"/><!-- ⲉ...ϫⲉ -->
<mark id="norm_group_190" xlink:href="#xpointer(id('tok_190')/range-to(id('tok_191')))"/><!-- ⲡⲉⲕ...ⲣⲁⲛ -->
<mark id="norm_group_192" xlink:href="#tok_192"/><!-- ϩⲛ -->
<mark id="norm_group_193" xlink:href="#xpointer(id('tok_193')/range-to(id('tok_194')))"/><!-- ⲛⲉ...ⲕⲗⲏⲣⲟⲥ -->
<mark id="norm_group_195" xlink:href="#xpointer(id('tok_195')/range-to(id('tok_196')))"/><!-- ⲉⲧ...ⲙⲙⲁⲩ -->
<mark id="norm_group_197" xlink:href="#tok_197"/><!-- ⲁⲛⲟⲕ -->
<mark id="norm_group_198" xlink:href="#tok_198"/><!-- ⲇⲉ -->
<mark id="norm_group_199" xlink:href="#xpointer(id('tok_199')/range-to(id('tok_201')))"/><!-- ⲛⲧⲉⲣ...ⲉⲓ -->
<mark id="norm_group_202" xlink:href="#tok_202"/><!-- ⲉⲃⲟⲗ -->
<mark id="norm_group_203" xlink:href="#tok_203"/><!-- ϩⲛ -->
<mark id="norm_group_204" xlink:href="#tok_204"/><!-- ⲧⲙⲉⲥⲟⲡⲟⲇⲁⲙⲓⲁ -->
<mark id="norm_group_205" xlink:href="#xpointer(id('tok_205')/range-to(id('tok_207')))"/><!-- ⲛ...ⲥⲩⲣⲓⲁ -->
<mark id="norm_group_208" xlink:href="#xpointer(id('tok_208')/range-to(id('tok_210')))"/><!-- ⲁ...ⲙⲟⲩ -->
<mark id="norm_group_211" xlink:href="#tok_211"/><!-- ⲛϭⲓ -->
<mark id="norm_group_212" xlink:href="#tok_212"/><!-- ϩⲣⲁⲭⲏⲗ -->
<mark id="norm_group_213" xlink:href="#xpointer(id('tok_213')/range-to(id('tok_214')))"/><!-- ⲧⲉⲕ...ⲙⲁⲁⲩ -->
<mark id="norm_group_215" xlink:href="#tok_215"/><!-- ϩⲙ -->
<mark id="norm_group_216" xlink:href="#xpointer(id('tok_216')/range-to(id('tok_217')))"/><!-- ⲡ...ⲕⲁϩ -->
<mark id="norm_group_218" xlink:href="#xpointer(id('tok_218')/range-to(id('tok_219')))"/><!-- ⲛ...ⲭⲁⲛⲁⲁⲛ -->
<mark id="norm_group_220" xlink:href="#tok_220"/><!-- ⲛⲧⲉⲓⲣⲓϩⲱⲛ -->
<mark id="norm_group_221" xlink:href="#tok_221"/><!-- ⲉϩⲟⲩⲛ -->
<mark id="norm_group_222" xlink:href="#tok_222"/><!-- ⲉⲡϩⲓⲡⲟⲧⲣⲟⲙⲟⲥ -->
<mark id="norm_group_223" xlink:href="#tok_223"/><!-- ⲛⲧⲉ -->
<mark id="norm_group_224" xlink:href="#tok_224"/><!-- ⲭⲁⲃⲣⲁⲑⲁ -->
<mark id="norm_group_225" xlink:href="#tok_225"/><!-- ⲛⲧⲉⲓⲣⲉⲓϩⲱⲛ -->
<mark id="norm_group_226" xlink:href="#tok_226"/><!-- ⲉϩⲟⲩⲛ -->
<mark id="norm_group_227" xlink:href="#tok_227"/><!-- ⲉⲫⲣⲁⲑⲁ -->
<mark id="norm_group_228" xlink:href="#xpointer(id('tok_228')/range-to(id('tok_230')))"/><!-- ⲁ...ⲧⲱⲙⲥ -->
<mark id="norm_group_231" xlink:href="#xpointer(id('tok_231')/range-to(id('tok_232')))"/><!-- ⲙⲙⲟ...ⲥ -->
<mark id="norm_group_233" xlink:href="#tok_233"/><!-- ϩⲛ -->
<mark id="norm_group_234" xlink:href="#xpointer(id('tok_234')/range-to(id('tok_235')))"/><!-- ⲧⲉ...ϩⲓⲏ -->
<mark id="norm_group_236" xlink:href="#tok_236"/><!-- ⲙⲡϩⲓⲙⲟⲧⲣⲟⲙⲟⲥ -->
<mark id="norm_group_237" xlink:href="#tok_237"/><!-- ⲉⲧⲉ -->
<mark id="norm_group_238" xlink:href="#tok_238"/><!-- ⲧⲁⲓ -->
<mark id="norm_group_239" xlink:href="#tok_239"/><!-- ⲧⲉ -->
<mark id="norm_group_240" xlink:href="#tok_240"/><!-- ⲃⲏⲑⲗⲉⲉⲙ -->
<mark id="norm_group_241" xlink:href="#xpointer(id('tok_241')/range-to(id('tok_244')))"/><!-- ⲛⲧ...ⲧⲱⲙⲥ -->
<mark id="norm_group_245" xlink:href="#xpointer(id('tok_245')/range-to(id('tok_246')))"/><!-- ⲛ...ⲁⲃⲣⲁϩⲁⲙ -->
<mark id="norm_group_247" xlink:href="#tok_247"/><!-- ⲙⲙⲁⲩ -->
<mark id="norm_group_248" xlink:href="#xpointer(id('tok_248')/range-to(id('tok_251')))"/><!-- ⲛⲧ...ⲧⲟⲙⲥ -->
<mark id="norm_group_252" xlink:href="#tok_252"/><!-- ⲟⲡ -->
<mark id="norm_group_253" xlink:href="#tok_253"/><!-- ⲛⲓⲉⲥⲁⲁⲕ -->
<mark id="norm_group_254" xlink:href="#tok_254"/><!-- ⲙⲙⲁⲩ -->
<mark id="norm_group_255" xlink:href="#tok_255"/><!-- ϩⲙ -->
<mark id="norm_group_256" xlink:href="#xpointer(id('tok_256')/range-to(id('tok_257')))"/><!-- ⲡⲉ...ⲙϩⲁⲁⲩ -->
<mark id="norm_group_258" xlink:href="#xpointer(id('tok_258')/range-to(id('tok_259')))"/><!-- ⲉⲧ...ⲟ -->
<mark id="norm_group_260" xlink:href="#xpointer(id('tok_260')/range-to(id('tok_262')))"/><!-- ⲛ...ⲛⲁⲩ -->
<mark id="norm_group_263" xlink:href="#tok_263"/><!-- ⲛⲧⲁ -->
<mark id="norm_group_264" xlink:href="#tok_264"/><!-- ⲁⲃⲣⲁϩⲁⲙ -->
<mark id="norm_group_265" xlink:href="#xpointer(id('tok_265')/range-to(id('tok_266')))"/><!-- ϣⲟⲡ...ϥ -->
<mark id="norm_group_267" xlink:href="#tok_267"/><!-- ⲛⲧⲉ -->
<mark id="norm_group_268" xlink:href="#xpointer(id('tok_268')/range-to(id('tok_269')))"/><!-- ⲛⲉ...ⲛϣⲏⲣⲉ -->
<mark id="norm_group_270" xlink:href="#tok_270"/><!-- ⲛⲭⲉⲑ -->
<mark id="norm_group_271" xlink:href="#tok_271"/><!-- ⲡⲓⲏⲗ -->
<mark id="norm_group_272" xlink:href="#tok_272"/><!-- ⲇⲉ -->
<mark id="norm_group_273" xlink:href="#xpointer(id('tok_273')/range-to(id('tok_275')))"/><!-- ⲛⲧⲉⲣⲉ...ⲛⲁⲩ -->
<mark id="norm_group_276" xlink:href="#xpointer(id('tok_276')/range-to(id('tok_277')))"/><!-- ⲛ...ϣⲏⲣⲉ -->
<mark id="norm_group_278" xlink:href="#xpointer(id('tok_278')/range-to(id('tok_279')))"/><!-- ⲛ...ⲓⲱⲥⲏⲫ -->
<mark id="norm_group_280" xlink:href="#xpointer(id('tok_280')/range-to(id('tok_281')))"/><!-- ⲡⲉϫⲁ...ϥ -->
<mark id="norm_group_282" xlink:href="#tok_282"/><!-- ϫⲉ -->
<mark id="norm_group_283" xlink:href="#tok_283"/><!-- ⲟⲩ -->
<mark id="norm_group_284" xlink:href="#xpointer(id('tok_284')/range-to(id('tok_285')))"/><!-- ⲉⲣⲟ...ⲕ -->
<mark id="norm_group_286" xlink:href="#tok_286"/><!-- ⲛⲉ -->
<mark id="norm_group_287" xlink:href="#tok_287"/><!-- ⲛⲁⲓ -->
<mark id="norm_group_288" xlink:href="#xpointer(id('tok_288')/range-to(id('tok_289')))"/><!-- ⲡⲉϫⲁ...ϥ -->
<mark id="norm_group_290" xlink:href="#xpointer(id('tok_290')/range-to(id('tok_291')))"/><!-- ⲛⲁ...ϥ -->
<mark id="norm_group_292" xlink:href="#tok_292"/><!-- ϫⲉ -->
<mark id="norm_group_293" xlink:href="#xpointer(id('tok_293')/range-to(id('tok_294')))"/><!-- ⲛⲁ...ϣⲏⲣⲉ -->
<mark id="norm_group_295" xlink:href="#tok_295"/><!-- ⲛⲉ -->
<mark id="norm_group_296" xlink:href="#tok_296"/><!-- ⲛⲁⲓ -->
<mark id="norm_group_297" xlink:href="#tok_297"/><!-- ⲛⲧⲁ -->
<mark id="norm_group_298" xlink:href="#xpointer(id('tok_298')/range-to(id('tok_299')))"/><!-- ⲡ...ⲛⲟⲩⲧⲉ -->
<mark id="norm_group_300" xlink:href="#xpointer(id('tok_300')/range-to(id('tok_301')))"/><!-- ⲧⲁⲁ...ⲩ -->
<mark id="norm_group_302" xlink:href="#tok_302"/><!-- ⲛⲁⲓ -->
<mark id="norm_group_303" xlink:href="#xpointer(id('tok_303')/range-to(id('tok_305')))"/><!-- ⲙ...ⲙⲁ -->
<mark id="norm_group_306" xlink:href="#xpointer(id('tok_306')/range-to(id('tok_307')))"/><!-- ⲡⲉϫⲁ...ϥ -->
<mark id="norm_group_308" xlink:href="#xpointer(id('tok_308')/range-to(id('tok_309')))"/><!-- ⲛⲁ...ϥ -->
<mark id="norm_group_310" xlink:href="#tok_310"/><!-- ϫⲉ -->
<mark id="norm_group_311" xlink:href="#xpointer(id('tok_311')/range-to(id('tok_313')))"/><!-- ⲉ...ⲟⲩ -->
<mark id="norm_group_314" xlink:href="#xpointer(id('tok_314')/range-to(id('tok_315')))"/><!-- ⲉⲣⲟ...ⲓ -->
<mark id="norm_group_316" xlink:href="#tok_316"/><!-- ϫⲉⲕⲁⲥ -->
<mark id="norm_group_317" xlink:href="#xpointer(id('tok_317')/range-to(id('tok_318')))"/><!-- ⲉⲓⲉ...ⲥⲙⲟⲩ -->
<mark id="norm_group_319" xlink:href="#xpointer(id('tok_319')/range-to(id('tok_320')))"/><!-- ⲉⲣⲟ...ⲟⲩ -->
<mark id="norm_group_321" xlink:href="#xpointer(id('tok_321')/range-to(id('tok_322')))"/><!-- ⲛ...ⲃⲁⲗ -->
<mark id="norm_group_323" xlink:href="#tok_323"/><!-- ⲇⲉ -->
<mark id="norm_group_324" xlink:href="#xpointer(id('tok_324')/range-to(id('tok_326')))"/><!-- ⲙ...ⲓⲥⲣⲁⲏⲗ -->
<mark id="norm_group_327" xlink:href="#xpointer(id('tok_327')/range-to(id('tok_329')))"/><!-- ⲁ...ϩⲣⲟϣ -->
<mark id="norm_group_330" xlink:href="#xpointer(id('tok_330')/range-to(id('tok_331')))"/><!-- ⲉⲣⲟ...ϥ -->
<mark id="norm_group_332" xlink:href="#xpointer(id('tok_332')/range-to(id('tok_335')))"/><!-- ⲉ...ϣϭⲙϭⲟⲙ -->
<mark id="norm_group_336" xlink:href="#tok_336"/><!-- ⲉⲓⲱⲣϩ -->
<mark id="norm_group_337" xlink:href="#xpointer(id('tok_337')/range-to(id('tok_340')))"/><!-- ⲁ...ⲟⲩ -->
<mark id="norm_group_341" xlink:href="#xpointer(id('tok_341')/range-to(id('tok_342')))"/><!-- ϣⲁⲣⲟ...ϥ -->
<mark id="norm_group_343" xlink:href="#tok_343"/><!-- ⲁϥϯⲡⲉⲓ -->
<mark id="norm_group_344" xlink:href="#xpointer(id('tok_344')/range-to(id('tok_345')))"/><!-- ⲉⲣⲟ...ⲟⲩ -->
<mark id="norm_group_346" xlink:href="#tok_346"/><!-- ⲁϥϩⲛⲧⲟⲩ -->
<mark id="norm_group_347" xlink:href="#tok_347"/><!-- ⲉϩⲟⲩⲛ -->
<mark id="norm_group_348" xlink:href="#xpointer(id('tok_348')/range-to(id('tok_349')))"/><!-- ⲉⲣⲟ...ϥ -->
<mark id="norm_group_350" xlink:href="#xpointer(id('tok_350')/range-to(id('tok_351')))"/><!-- ⲡⲉϫⲁ...ϥ -->
<mark id="norm_group_352" xlink:href="#tok_352"/><!-- ⲇⲉ -->
<mark id="norm_group_353" xlink:href="#tok_353"/><!-- ⲛϭⲓ -->
<mark id="norm_group_354" xlink:href="#tok_354"/><!-- ⲡⲓⲏⲗ -->
<mark id="norm_group_355" xlink:href="#xpointer(id('tok_355')/range-to(id('tok_356')))"/><!-- ⲛ...ⲓⲱⲥⲏⲫ -->
<mark id="norm_group_357" xlink:href="#tok_357"/><!-- ϫⲉ -->
<mark id="norm_group_358" xlink:href="#tok_358"/><!-- ⲉⲓⲥ -->
<mark id="norm_group_359" xlink:href="#tok_359"/><!-- ϩⲏⲏⲧⲉ -->
<mark id="norm_group_360" xlink:href="#tok_360"/><!-- ⲁⲛⲟⲕ -->
<mark id="norm_group_361" xlink:href="#tok_361"/><!-- ⲙⲡⲉ -->
<mark id="norm_group_362" xlink:href="#xpointer(id('tok_362')/range-to(id('tok_363')))"/><!-- ⲡ...ⲛⲟⲩⲧⲉ -->
<mark id="norm_group_364" xlink:href="#tok_364"/><!-- ϩⲟⲩⲣⲱⲧ -->
<mark id="norm_group_365" xlink:href="#xpointer(id('tok_365')/range-to(id('tok_367')))"/><!-- ⲙ...ϩⲟ -->
<mark id="norm_group_368" xlink:href="#tok_368"/><!-- ⲁⲩⲱ -->
<mark id="norm_group_369" xlink:href="#xpointer(id('tok_369')/range-to(id('tok_372')))"/><!-- ⲁ...ⲓ -->
<mark id="norm_group_373" xlink:href="#xpointer(id('tok_373')/range-to(id('tok_375')))"/><!-- ⲉ...ⲥⲡⲉⲣⲙⲁ -->
<mark id="norm_group_376" xlink:href="#xpointer(id('tok_376')/range-to(id('tok_377')))"/><!-- ⲁ...ⲓⲱⲥⲏⲫ -->
<mark id="norm_group_378" xlink:href="#tok_378"/><!-- ϩⲓⲧⲟⲩ -->
<mark id="norm_group_379" xlink:href="#xpointer(id('tok_379')/range-to(id('tok_381')))"/><!-- ⲛ...ⲡⲁⲧ -->
<mark id="norm_group_382" xlink:href="#tok_382"/><!-- ⲁⲩⲱ -->
<mark id="norm_group_383" xlink:href="#xpointer(id('tok_383')/range-to(id('tok_385')))"/><!-- ⲁ...ⲟⲩⲱϣⲧ -->
<mark id="norm_group_386" xlink:href="#xpointer(id('tok_386')/range-to(id('tok_387')))"/><!-- ⲛⲁ...ϥ -->
<mark id="norm_group_388" xlink:href="#tok_388"/><!-- ϩⲓϫⲙ -->
<mark id="norm_group_389" xlink:href="#xpointer(id('tok_389')/range-to(id('tok_390')))"/><!-- ⲡ...ⲕⲁϩ -->
<mark id="norm_group_391" xlink:href="#tok_391"/><!-- ⲓⲱⲥⲏⲫ -->
<mark id="norm_group_392" xlink:href="#tok_392"/><!-- ⲇⲉ -->
<mark id="norm_group_393" xlink:href="#xpointer(id('tok_393')/range-to(id('tok_395')))"/><!-- ⲁ...ϫⲓ -->
<mark id="norm_group_396" xlink:href="#xpointer(id('tok_396')/range-to(id('tok_398')))"/><!-- ⲙ...ϣⲏⲣⲉ -->
<mark id="norm_group_399" xlink:href="#tok_399"/><!-- ⲥⲛⲁⲩ -->
<mark id="norm_group_400" xlink:href="#xpointer(id('tok_400')/range-to(id('tok_402')))"/><!-- ⲁ...ⲧⲁϩⲟ -->
<mark id="norm_group_403" xlink:href="#xpointer(id('tok_403')/range-to(id('tok_404')))"/><!-- ⲉⲣⲁⲧ...ϥ -->
<mark id="norm_group_405" xlink:href="#tok_405"/><!-- ⲛⲉⲫⲣⲁⲓⲙ -->
<mark id="norm_group_406" xlink:href="#tok_406"/><!-- ϩⲛ -->
<mark id="norm_group_407" xlink:href="#xpointer(id('tok_407')/range-to(id('tok_408')))"/><!-- ⲧⲉϥ...ⲟⲩⲛⲁⲙ -->
<mark id="norm_group_409" xlink:href="#tok_409"/><!-- ⲙⲁⲛⲁⲥⲥⲏ -->
<mark id="norm_group_410" xlink:href="#tok_410"/><!-- ⲇⲉ -->
<mark id="norm_group_411" xlink:href="#xpointer(id('tok_411')/range-to(id('tok_412')))"/><!-- ϩⲱⲱ...ϥ -->
<mark id="norm_group_413" xlink:href="#tok_413"/><!-- ⲛⲥⲁ -->
<mark id="norm_group_414" xlink:href="#tok_414"/><!-- ϩⲃⲟⲩⲣ -->
<mark id="norm_group_415" xlink:href="#xpointer(id('tok_415')/range-to(id('tok_417')))"/><!-- ⲙ...ⲓⲥⲣⲁⲏⲗ -->
<mark id="norm_group_418" xlink:href="#tok_418"/><!-- ⲡⲓⲏⲗ -->
<mark id="norm_group_419" xlink:href="#tok_419"/><!-- ⲇⲉ -->
<mark id="norm_group_420" xlink:href="#xpointer(id('tok_420')/range-to(id('tok_422')))"/><!-- ⲁ...ⲥⲟⲟⲩⲧⲛ -->
<mark id="norm_group_423" xlink:href="#xpointer(id('tok_423')/range-to(id('tok_425')))"/><!-- ⲛ...ϭⲓϫ -->
<mark id="norm_group_426" xlink:href="#xpointer(id('tok_426')/range-to(id('tok_427')))"/><!-- ⲛ...ⲟⲩⲛⲁⲙ -->
<mark id="norm_group_428" xlink:href="#tok_428"/><!-- ⲉⲃⲟⲗ -->
<mark id="norm_group_429" xlink:href="#xpointer(id('tok_429')/range-to(id('tok_432')))"/><!-- ⲁ...ⲥ -->
<mark id="norm_group_433" xlink:href="#tok_433"/><!-- ⲉϫⲛ -->
<mark id="norm_group_434" xlink:href="#xpointer(id('tok_434')/range-to(id('tok_435')))"/><!-- ⲧ...ⲁⲡⲉ -->
<mark id="norm_group_436" xlink:href="#tok_436"/><!-- ⲛⲉⲫⲣⲁⲓⲙ -->
<mark id="norm_group_437" xlink:href="#tok_437"/><!-- ⲉⲧⲉ -->
<mark id="norm_group_438" xlink:href="#xpointer(id('tok_438')/range-to(id('tok_439')))"/><!-- ⲡ...ⲕⲟⲩⲓ -->
<mark id="norm_group_440" xlink:href="#tok_440"/><!-- ⲡⲉ -->
<mark id="norm_group_441" xlink:href="#tok_441"/><!-- ⲁⲩⲱ -->
<mark id="norm_group_442" xlink:href="#xpointer(id('tok_442')/range-to(id('tok_444')))"/><!-- ⲁ...ⲕⲱ -->
<mark id="norm_group_445" xlink:href="#xpointer(id('tok_445')/range-to(id('tok_447')))"/><!-- ⲛ...ϩⲃⲟⲩⲣ -->
<mark id="norm_group_448" xlink:href="#tok_448"/><!-- ⲉϫⲛ -->
<mark id="norm_group_449" xlink:href="#xpointer(id('tok_449')/range-to(id('tok_450')))"/><!-- ⲧ...ⲁⲡⲉ -->
<mark id="norm_group_451" xlink:href="#xpointer(id('tok_451')/range-to(id('tok_452')))"/><!-- ⲙ...ⲙⲁⲛⲁⲥⲥⲏ -->
<mark id="norm_group_453" xlink:href="#tok_453"/><!-- ⲉⲛⲉ -->
<mark id="norm_group_454" xlink:href="#tok_454"/><!-- ⲡⲁⲓ -->
<mark id="norm_group_455" xlink:href="#tok_455"/><!-- ⲅⲁⲣ -->
<mark id="norm_group_456" xlink:href="#tok_456"/><!-- ϥⲉ -->
<mark id="norm_group_457" xlink:href="#tok_457"/><!-- ⲡϣⲣⲡ -->
<mark id="norm_group_458" xlink:href="#xpointer(id('tok_458')/range-to(id('tok_459')))"/><!-- ⲙ...ⲙⲓⲥⲉ -->
<mark id="norm_group_460" xlink:href="#xpointer(id('tok_460')/range-to(id('tok_462')))"/><!-- ⲁ...ⲡⲱⲱⲛⲉ -->
<mark id="norm_group_463" xlink:href="#xpointer(id('tok_463')/range-to(id('tok_465')))"/><!-- ⲛ...ϭⲓϫ -->
<mark id="norm_group_466" xlink:href="#xpointer(id('tok_466')/range-to(id('tok_468')))"/><!-- ⲁ...ⲥⲙⲟⲩ -->
<mark id="norm_group_469" xlink:href="#xpointer(id('tok_469')/range-to(id('tok_470')))"/><!-- ⲉⲣⲟ...ⲟⲩ -->
<mark id="norm_group_471" xlink:href="#xpointer(id('tok_471')/range-to(id('tok_472')))"/><!-- ⲡⲉϫⲁ...ϥ -->
<mark id="norm_group_473" xlink:href="#tok_473"/><!-- ϫⲉ -->
<mark id="norm_group_474" xlink:href="#xpointer(id('tok_474')/range-to(id('tok_475')))"/><!-- ⲡⲁ...ⲛⲟⲩⲧⲉ -->
<mark id="norm_group_476" xlink:href="#tok_476"/><!-- ⲛⲧⲁ -->
<mark id="norm_group_477" xlink:href="#xpointer(id('tok_477')/range-to(id('tok_478')))"/><!-- ⲛⲁ...ⲉⲓⲟⲧⲉ -->
<mark id="norm_group_479" xlink:href="#xpointer(id('tok_479')/range-to(id('tok_480')))"/><!-- ⲣⲁⲛⲁ...ϥ -->
<mark id="norm_group_481" xlink:href="#xpointer(id('tok_481')/range-to(id('tok_483')))"/><!-- ⲙ...ⲙⲧⲟ -->
<mark id="norm_group_484" xlink:href="#tok_484"/><!-- ⲉⲃⲟⲗ -->
<mark id="norm_group_485" xlink:href="#tok_485"/><!-- ⲁⲃⲣⲁϩⲁⲙ -->
<mark id="norm_group_486" xlink:href="#tok_486"/><!-- ⲙⲛ -->
<mark id="norm_group_487" xlink:href="#tok_487"/><!-- ⲓⲥⲁⲁⲕ -->
<mark id="norm_group_488" xlink:href="#xpointer(id('tok_488')/range-to(id('tok_489')))"/><!-- ⲡ...ⲛⲟⲩⲧⲉ -->
<mark id="norm_group_490" xlink:href="#tok_490"/><!-- ⲛⲧⲁϥⲥⲁⲛⲟⲩϣⲧ -->
<mark id="norm_group_491" xlink:href="#tok_491"/><!-- ϫⲓⲛ -->
<mark id="norm_group_492" xlink:href="#xpointer(id('tok_492')/range-to(id('tok_494')))"/><!-- ⲧⲁ...ⲕⲟⲩⲓ -->
<mark id="norm_group_495" xlink:href="#xpointer(id('tok_495')/range-to(id('tok_496')))"/><!-- ϣⲁϩ...ⲟⲩⲛ -->
<mark id="norm_group_497" xlink:href="#xpointer(id('tok_497')/range-to(id('tok_499')))"/><!-- ⲉ...ⲟⲟⲩ -->
<mark id="norm_group_500" xlink:href="#xpointer(id('tok_500')/range-to(id('tok_501')))"/><!-- ⲡ...ⲁⲅⲅⲉⲗⲟⲥ -->
<mark id="norm_group_502" xlink:href="#tok_502"/><!-- ⲛⲧⲁϥⲛⲁϩⲙⲉⲧ -->
<mark id="norm_group_503" xlink:href="#tok_503"/><!-- ⲉⲃⲟⲗ -->
<mark id="norm_group_504" xlink:href="#tok_504"/><!-- ϩⲛ -->
<mark id="norm_group_505" xlink:href="#tok_505"/><!-- ⲑⲗⲓⲯⲓⲥ -->
<mark id="norm_group_506" xlink:href="#tok_506"/><!-- ⲛⲓⲙ -->
<mark id="norm_group_507" xlink:href="#xpointer(id('tok_507')/range-to(id('tok_508')))"/><!-- ⲉⲕⲉ...ⲥⲙⲟⲩ -->
<mark id="norm_group_509" xlink:href="#xpointer(id('tok_509')/range-to(id('tok_511')))"/><!-- ⲉ...ⲉⲓ -->
<mark id="norm_group_512" xlink:href="#tok_512"/><!-- ϣⲏⲣⲉ -->
<mark id="norm_group_513" xlink:href="#tok_513"/><!-- ϣⲏⲙ -->
<mark id="norm_group_514" xlink:href="#xpointer(id('tok_514')/range-to(id('tok_515')))"/><!-- ⲉⲩⲉ...ϯ -->
<mark id="norm_group_516" xlink:href="#xpointer(id('tok_516')/range-to(id('tok_518')))"/><!-- ⲙ...ⲣⲁⲛ -->
<mark id="norm_group_519" xlink:href="#tok_519"/><!-- ⲉϩⲣⲁⲓ -->
<mark id="norm_group_520" xlink:href="#xpointer(id('tok_520')/range-to(id('tok_521')))"/><!-- ⲉϫⲱ...ⲟⲩ -->
<mark id="norm_group_522" xlink:href="#tok_522"/><!-- ⲁⲩⲱ -->
<mark id="norm_group_523" xlink:href="#xpointer(id('tok_523')/range-to(id('tok_524')))"/><!-- ⲡ...ⲣⲁⲛ -->
<mark id="norm_group_525" xlink:href="#xpointer(id('tok_525')/range-to(id('tok_527')))"/><!-- ⲛ...ⲉⲓⲟⲧⲉ -->
<mark id="norm_group_528" xlink:href="#tok_528"/><!-- ⲁⲃⲣⲁϩⲁⲙ -->
<mark id="norm_group_529" xlink:href="#tok_529"/><!-- ⲙⲛ -->
<mark id="norm_group_530" xlink:href="#tok_530"/><!-- ⲓⲥⲁⲁⲕ -->
<mark id="norm_group_531" xlink:href="#xpointer(id('tok_531')/range-to(id('tok_532')))"/><!-- ⲉⲩⲉ...ⲁϣⲁⲓ -->
<mark id="norm_group_533" xlink:href="#xpointer(id('tok_533')/range-to(id('tok_534')))"/><!-- ⲉⲩⲉ...ⲡⲉ -->
<mark id="norm_group_535" xlink:href="#xpointer(id('tok_535')/range-to(id('tok_537')))"/><!-- ⲉ...ⲥ -->
<mark id="norm_group_538" xlink:href="#tok_538"/><!-- ϩⲓϫⲙ -->
<mark id="norm_group_539" xlink:href="#xpointer(id('tok_539')/range-to(id('tok_540')))"/><!-- ⲡ...ⲕⲁϩ -->
<mark id="norm_group_541" xlink:href="#xpointer(id('tok_541')/range-to(id('tok_543')))"/><!-- ⲛⲧⲉⲣⲉ...ⲛⲁⲩ -->
<mark id="norm_group_544" xlink:href="#tok_544"/><!-- ⲇⲉ -->
<mark id="norm_group_545" xlink:href="#tok_545"/><!-- ⲛϭⲓ -->
<mark id="norm_group_546" xlink:href="#tok_546"/><!-- ⲓⲱⲥⲏⲫ -->
<mark id="norm_group_547" xlink:href="#tok_547"/><!-- ϫⲉ -->
<mark id="norm_group_548" xlink:href="#xpointer(id('tok_548')/range-to(id('tok_551')))"/><!-- ⲁ...ⲧ -->
<mark id="norm_group_552" xlink:href="#tok_552"/><!-- ⲕⲱ -->
<mark id="norm_group_553" xlink:href="#xpointer(id('tok_553')/range-to(id('tok_555')))"/><!-- ⲛ...ϭⲓϫ -->
<mark id="norm_group_556" xlink:href="#xpointer(id('tok_556')/range-to(id('tok_557')))"/><!-- ⲛ...ⲟⲩⲛⲁⲙ -->
<mark id="norm_group_558" xlink:href="#tok_558"/><!-- ϩⲓϫⲛ -->
<mark id="norm_group_559" xlink:href="#xpointer(id('tok_559')/range-to(id('tok_560')))"/><!-- ⲧ...ⲁⲡⲉ -->
<mark id="norm_group_561" xlink:href="#tok_561"/><!-- ⲛⲉⲫⲣⲁⲓⲙ -->
<mark id="norm_group_562" xlink:href="#xpointer(id('tok_562')/range-to(id('tok_564')))"/><!-- ⲁ...ϩⲱⲃ -->
<mark id="norm_group_565" xlink:href="#tok_565"/><!-- ϣⲱⲡⲉ -->
<mark id="norm_group_566" xlink:href="#xpointer(id('tok_566')/range-to(id('tok_568')))"/><!-- ⲉ...ⲛⲁϣⲧ -->
<mark id="norm_group_569" xlink:href="#xpointer(id('tok_569')/range-to(id('tok_571')))"/><!-- ⲙ...ⲙⲧⲟ -->
<mark id="norm_group_572" xlink:href="#tok_572"/><!-- ⲉⲃⲟⲗ -->
<mark id="norm_group_573" xlink:href="#tok_573"/><!-- ⲓⲱⲥⲏⲫ -->
<mark id="norm_group_574" xlink:href="#tok_574"/><!-- ⲇⲉ -->
<mark id="norm_group_575" xlink:href="#xpointer(id('tok_575')/range-to(id('tok_577')))"/><!-- ⲁ...ⲁⲙⲁϩⲧⲉ -->
<mark id="norm_group_578" xlink:href="#xpointer(id('tok_578')/range-to(id('tok_580')))"/><!-- ⲛ...ϭⲓϫ -->
<mark id="norm_group_581" xlink:href="#xpointer(id('tok_581')/range-to(id('tok_583')))"/><!-- ⲙ...ⲉⲓⲱⲧ -->
<mark id="norm_group_584" xlink:href="#tok_584"/><!-- ⲁϥⲃⲓⲧⲥ -->
<mark id="norm_group_585" xlink:href="#tok_585"/><!-- ⲙⲙⲁⲩ -->
<mark id="norm_group_586" xlink:href="#tok_586"/><!-- ϩⲓϫⲛ -->
<mark id="norm_group_587" xlink:href="#xpointer(id('tok_587')/range-to(id('tok_588')))"/><!-- ⲧ...ⲁⲡⲉ -->
<mark id="norm_group_589" xlink:href="#tok_589"/><!-- ⲛⲉⲫⲣⲁⲓⲙ -->
<mark id="norm_group_590" xlink:href="#xpointer(id('tok_590')/range-to(id('tok_593')))"/><!-- ⲁ...ⲥ -->
<mark id="norm_group_594" xlink:href="#tok_594"/><!-- ⲉϫⲛ -->
<mark id="norm_group_595" xlink:href="#xpointer(id('tok_595')/range-to(id('tok_596')))"/><!-- ⲧ...ⲁⲡⲉ -->
<mark id="norm_group_597" xlink:href="#xpointer(id('tok_597')/range-to(id('tok_598')))"/><!-- ⲙ...ⲙⲁⲛⲁⲥⲥⲏ -->
<mark id="norm_group_599" xlink:href="#tok_599"/><!-- ⲓⲱⲥⲏⲫ -->
<mark id="norm_group_600" xlink:href="#tok_600"/><!-- ⲇⲉ -->
<mark id="norm_group_601" xlink:href="#xpointer(id('tok_601')/range-to(id('tok_602')))"/><!-- ⲡⲉϫⲁ...ϥ -->
<mark id="norm_group_603" xlink:href="#xpointer(id('tok_603')/range-to(id('tok_605')))"/><!-- ⲙ...ⲉⲓⲱⲧ -->
<mark id="norm_group_606" xlink:href="#tok_606"/><!-- ϫⲉ -->
<mark id="norm_group_607" xlink:href="#xpointer(id('tok_607')/range-to(id('tok_609')))"/><!-- ⲛ...ϩⲉ -->
<mark id="norm_group_610" xlink:href="#tok_610"/><!-- ⲁⲛ -->
<mark id="norm_group_611" xlink:href="#tok_611"/><!-- ⲧⲉ -->
<mark id="norm_group_612" xlink:href="#xpointer(id('tok_612')/range-to(id('tok_613')))"/><!-- ⲡⲁ...ⲉⲓⲱⲧ -->
<mark id="norm_group_614" xlink:href="#tok_614"/><!-- ⲡⲁⲓ -->
<mark id="norm_group_615" xlink:href="#tok_615"/><!-- ⲅⲁⲣ -->
<mark id="norm_group_616" xlink:href="#tok_616"/><!-- ⲡⲉ -->
<mark id="norm_group_617" xlink:href="#tok_617"/><!-- ⲡϣⲣⲡ -->
<mark id="norm_group_618" xlink:href="#xpointer(id('tok_618')/range-to(id('tok_619')))"/><!-- ⲙ...ⲙⲓⲥⲉ -->
<mark id="norm_group_620" xlink:href="#tok_620"/><!-- ⲕⲱ -->
<mark id="norm_group_621" xlink:href="#tok_621"/><!-- ⲛⲧⲉⲕϭⲉϫ -->
<mark id="norm_group_622" xlink:href="#xpointer(id('tok_622')/range-to(id('tok_623')))"/><!-- ⲛ...ⲟⲩⲛⲁⲙ -->
<mark id="norm_group_624" xlink:href="#tok_624"/><!-- ⲉϫⲛ -->
<mark id="norm_group_625" xlink:href="#xpointer(id('tok_625')/range-to(id('tok_626')))"/><!-- ⲧⲉϥ...ⲁⲡⲉ -->
<mark id="norm_group_627" xlink:href="#xpointer(id('tok_627')/range-to(id('tok_629')))"/><!-- ⲙ...ⲣ -->
<mark id="norm_group_630" xlink:href="#xpointer(id('tok_630')/range-to(id('tok_631')))"/><!-- ϩⲛⲁ...ϥ -->
<mark id="norm_group_632" xlink:href="#tok_632"/><!-- ⲇⲉ -->
<mark id="norm_group_633" xlink:href="#tok_633"/><!-- ⲛϭⲓ -->
<mark id="norm_group_634" xlink:href="#xpointer(id('tok_634')/range-to(id('tok_635')))"/><!-- ⲡⲉϥ...ⲉⲓⲱⲧ -->
<mark id="norm_group_636" xlink:href="#xpointer(id('tok_636')/range-to(id('tok_638')))"/><!-- ⲉ...ϫⲱ -->
<mark id="norm_group_639" xlink:href="#xpointer(id('tok_639')/range-to(id('tok_640')))"/><!-- ⲙⲙⲟ...ⲥ -->
<mark id="norm_group_641" xlink:href="#tok_641"/><!-- ϫⲉ -->
<mark id="norm_group_642" xlink:href="#xpointer(id('tok_642')/range-to(id('tok_643')))"/><!-- ϯ...ⲥⲟⲟⲩⲛ -->
<mark id="norm_group_644" xlink:href="#tok_644"/><!-- ϩⲱ -->
<mark id="norm_group_645" xlink:href="#xpointer(id('tok_645')/range-to(id('tok_646')))"/><!-- ⲡⲁ...ϣⲏⲣⲉ -->
<mark id="norm_group_647" xlink:href="#tok_647"/><!-- ⲡⲁⲓ -->
<mark id="norm_group_648" xlink:href="#xpointer(id('tok_648')/range-to(id('tok_649')))"/><!-- ϩⲱⲱ...ϥ -->
<mark id="norm_group_650" xlink:href="#tok_650"/><!-- ⲟⲛ -->
<mark id="norm_group_651" xlink:href="#xpointer(id('tok_651')/range-to(id('tok_652')))"/><!-- ⲛⲁ...ϣⲱⲡⲉ -->
<mark id="norm_group_653" xlink:href="#xpointer(id('tok_653')/range-to(id('tok_655')))"/><!-- ⲛ...ⲗⲁⲟⲥ -->
<mark id="norm_group_656" xlink:href="#xpointer(id('tok_656')/range-to(id('tok_658')))"/><!-- ⲉ...ⲟϣ -->
<mark id="norm_group_659" xlink:href="#tok_659"/><!-- ⲁⲩⲱ -->
<mark id="norm_group_660" xlink:href="#xpointer(id('tok_660')/range-to(id('tok_662')))"/><!-- ϥ...ϫⲓⲥⲉ -->
<mark id="norm_group_663" xlink:href="#tok_663"/><!-- ⲁⲗⲗⲁ -->
<mark id="norm_group_664" xlink:href="#xpointer(id('tok_664')/range-to(id('tok_665')))"/><!-- ⲡⲉϥ...ⲥⲟⲛ -->
<mark id="norm_group_666" xlink:href="#tok_666"/><!-- ⲕⲟⲩⲓ -->
<mark id="norm_group_667" xlink:href="#xpointer(id('tok_667')/range-to(id('tok_668')))"/><!-- ⲛⲁ...ϫⲓⲥⲉ -->
<mark id="norm_group_669" xlink:href="#tok_669"/><!-- ⲉϩⲟⲩⲉ -->
<mark id="norm_group_670" xlink:href="#xpointer(id('tok_670')/range-to(id('tok_671')))"/><!-- ⲉⲣⲟ...ϥ -->
<mark id="norm_group_672" xlink:href="#tok_672"/><!-- ⲁⲩⲱ -->
<mark id="norm_group_673" xlink:href="#xpointer(id('tok_673')/range-to(id('tok_674')))"/><!-- ⲡⲉϥ...ⲥⲡⲉⲣⲙⲁ -->
<mark id="norm_group_675" xlink:href="#xpointer(id('tok_675')/range-to(id('tok_676')))"/><!-- ⲛⲁ...ϣⲱⲡⲉ -->
<mark id="norm_group_677" xlink:href="#xpointer(id('tok_677')/range-to(id('tok_679')))"/><!-- ⲉ...ⲙⲏⲏϣⲉ -->
<mark id="norm_group_680" xlink:href="#xpointer(id('tok_680')/range-to(id('tok_681')))"/><!-- ⲛ...ϩⲉⲑⲛⲟⲥ -->
</markList>
</paula>
