<?xml version='1.0' encoding='UTF-8'?><!DOCTYPE paula SYSTEM "paula_feat.dtd">
<paula version="1.1">
	<header paula_id="scriptorium.01_Genesis_48.mark_norm"/>
	<featList xmlns:xlink="http://www.w3.org/1999/xlink" type="norm" xml:base="scriptorium.01_Genesis_48.mark.xml">
		<feat xlink:href="#sSpan2" value="ⲁ"/>
		<feat xlink:href="#sSpan4" value="ⲥ"/>
		<feat xlink:href="#sSpan5" value="ϣⲱⲡⲉ"/>
		<feat xlink:href="#sSpan6" value="ⲇⲉ"/>
		<feat xlink:href="#sSpan8" value="ⲙⲛⲛⲥⲁ"/>
		<feat xlink:href="#sSpan10" value="ⲛ"/>
		<feat xlink:href="#sSpan12" value="ⲓ"/>
		<feat xlink:href="#sSpan13" value="ϣⲁϫⲉ"/>
		<feat xlink:href="#sSpan14" value="ⲁ"/>
		<feat xlink:href="#sSpan16" value="ⲩ"/>
		<feat xlink:href="#sSpan17" value="ϫⲓ"/>
		<feat xlink:href="#sSpan18" value="ⲡ"/>
		<feat xlink:href="#sSpan20" value="ⲟⲩⲱ"/>
		<feat xlink:href="#sSpan21" value="ⲛ"/>
		<feat xlink:href="#sSpan23" value="ⲓⲱⲥⲏⲫ"/>
		<feat xlink:href="#sSpan24" value="ϫⲉ"/>
		<feat xlink:href="#sSpan26" value="ⲡⲉⲕ"/>
		<feat xlink:href="#sSpan28" value="ⲉⲓⲱⲧ"/>
		<feat xlink:href="#sSpan29" value="ⲙⲟⲕϩ"/>
		<feat xlink:href="#sSpan31" value="ⲛ"/>
		<feat xlink:href="#sSpan33" value="ϣⲱⲛⲉ"/>
		<feat xlink:href="#sSpan34" value="ⲁ"/>
		<feat xlink:href="#sSpan36" value="ϥ"/>
		<feat xlink:href="#sSpan37" value="ϥⲓ"/>
		<feat xlink:href="#sSpan38" value="ⲙ"/>
		<feat xlink:href="#sSpan40" value="ⲡⲉϥ"/>
		<feat xlink:href="#sSpan41" value="ϣⲏⲣⲉ"/>
		<feat xlink:href="#sSpan42" value="ⲥⲛⲁⲩ"/>
		<feat xlink:href="#sSpan44" value="ⲙⲛ"/>
		<feat xlink:href="#sSpan46" value="ⲙⲁⲛⲁⲥⲥⲏ"/>
		<feat xlink:href="#sSpan48" value="ⲙⲛ"/>
		<feat xlink:href="#sSpan50" value="ⲉⲫⲣⲁⲓⲙ"/>
		<feat xlink:href="#sSpan52" value="ⲁ"/>
		<feat xlink:href="#sSpan54" value="ϥ"/>
		<feat xlink:href="#sSpan55" value="ⲃⲱⲕ"/>
		<feat xlink:href="#sSpan56" value="ϣⲁⲣⲟ"/>
		<feat xlink:href="#sSpan58" value="ϥ"/>
		<feat xlink:href="#sSpan60" value="ⲁ"/>
		<feat xlink:href="#sSpan62" value="ⲩ"/>
		<feat xlink:href="#sSpan63" value="ⲧⲁⲙⲉ"/>
		<feat xlink:href="#sSpan64" value="ⲓⲁⲕⲱⲃ"/>
		<feat xlink:href="#sSpan66" value="ϫⲉ"/>
		<feat xlink:href="#sSpan68" value="ⲓⲱⲥⲏⲫ"/>
		<feat xlink:href="#sSpan70" value="ⲡⲉⲕ"/>
		<feat xlink:href="#sSpan72" value="ϣⲏⲣⲉ"/>
		<feat xlink:href="#sSpan73" value="ⲁ"/>
		<feat xlink:href="#sSpan75" value="ϥⲓ"/>
		<feat xlink:href="#sSpan76" value="ϣⲁⲣⲟ"/>
		<feat xlink:href="#sSpan78" value="ⲕ"/>
		<feat xlink:href="#sSpan79" value="ⲡⲓⲏⲗ"/>
		<feat xlink:href="#sSpan81" value="ⲇⲉ"/>
		<feat xlink:href="#sSpan83" value="ⲁ"/>
		<feat xlink:href="#sSpan85" value="ϥ"/>
		<feat xlink:href="#sSpan87" value="ϭⲙϭⲟⲙ"/>
		<feat xlink:href="#sSpan89" value="ⲁ"/>
		<feat xlink:href="#sSpan91" value="ϥ"/>
		<feat xlink:href="#sSpan92" value="ϩⲙⲟⲟⲥ"/>
		<feat xlink:href="#sSpan93" value="ϩⲓϫⲛ"/>
		<feat xlink:href="#sSpan95" value="ⲡⲉϥ"/>
		<feat xlink:href="#sSpan97" value="ⲙⲁ"/>
		<feat xlink:href="#sSpan98" value="ⲛ"/>
		<feat xlink:href="#sSpan99" value="ⲛⲕⲟⲧⲕ"/>
		<feat xlink:href="#sSpan101" value="ⲡⲉϫⲁ"/>
		<feat xlink:href="#sSpan103" value="ϥ"/>
		<feat xlink:href="#sSpan104" value="ⲛϭⲓ"/>
		<feat xlink:href="#sSpan106" value="ⲓⲁⲕⲱⲃ"/>
		<feat xlink:href="#sSpan108" value="ⲛ"/>
		<feat xlink:href="#sSpan110" value="ⲓⲱⲥⲏⲫ"/>
		<feat xlink:href="#sSpan111" value="ϫⲉ"/>
		<feat xlink:href="#sSpan113" value="ⲁ"/>
		<feat xlink:href="#sSpan115" value="ⲡ"/>
		<feat xlink:href="#sSpan116" value="ⲛⲟⲩⲧⲉ"/>
		<feat xlink:href="#sSpan117" value="ⲟⲩⲱⲛϩ"/>
		<feat xlink:href="#sSpan119" value="ⲛⲁⲓ"/>
		<feat xlink:href="#sSpan121" value="ⲉⲃⲟⲗ"/>
		<feat xlink:href="#sSpan123" value="ϩⲛ"/>
		<feat xlink:href="#sSpan125" value="ⲟⲩ"/>
		<feat xlink:href="#sSpan127" value="ⲣⲁⲥⲟⲩ"/>
		<feat xlink:href="#sSpan128" value="ϩⲙ"/>
		<feat xlink:href="#sSpan130" value="ⲡ"/>
		<feat xlink:href="#sSpan132" value="ⲕⲁϩ"/>
		<feat xlink:href="#sSpan133" value="ⲛ"/>
		<feat xlink:href="#sSpan135" value="ⲭⲁⲛⲁⲁⲛ"/>
		<feat xlink:href="#sSpan136" value="ⲁ"/>
		<feat xlink:href="#sSpan138" value="ϥ"/>
		<feat xlink:href="#sSpan139" value="ⲥⲙⲟⲩ"/>
		<feat xlink:href="#sSpan140" value="ⲉⲣⲟ"/>
		<feat xlink:href="#sSpan142" value="ⲓ"/>
		<feat xlink:href="#sSpan144" value="ⲡⲉϫⲁ"/>
		<feat xlink:href="#sSpan146" value="ϥ"/>
		<feat xlink:href="#sSpan147" value="ⲛⲁⲓ"/>
		<feat xlink:href="#sSpan149" value="ϫⲉ"/>
		<feat xlink:href="#sSpan151" value="ⲉⲓⲥ"/>
		<feat xlink:href="#sSpan153" value="ϩⲏⲏⲧⲉ"/>
		<feat xlink:href="#sSpan155" value="ϯⲛⲁ"/>
		<feat xlink:href="#sSpan157" value="ⲧⲣⲉⲕⲁϣⲁⲓ"/>
		<feat xlink:href="#sSpan158" value="ⲛⲅⲁⲓⲁⲓ"/>
		<feat xlink:href="#sSpan160" value="ⲁⲩⲱ"/>
		<feat xlink:href="#sSpan162" value="ϯ"/>
		<feat xlink:href="#sSpan164" value="ⲛⲁ"/>
		<feat xlink:href="#sSpan165" value="ⲁⲁ"/>
		<feat xlink:href="#sSpan166" value="ⲕ"/>
		<feat xlink:href="#sSpan167" value="ⲛϩⲛ"/>
		<feat xlink:href="#sSpan169" value="ⲥⲩⲛⲁⲅⲱⲅⲏ"/>
		<feat xlink:href="#sSpan170" value="ⲛⲛϩⲑⲛⲟⲥ"/>
		<feat xlink:href="#sSpan172" value="ϯ"/>
		<feat xlink:href="#sSpan174" value="ⲛⲁ"/>
		<feat xlink:href="#sSpan175" value="ϯ"/>
		<feat xlink:href="#sSpan176" value="ⲛⲁ"/>
		<feat xlink:href="#sSpan178" value="ⲕ"/>
		<feat xlink:href="#sSpan179" value="ⲙ"/>
		<feat xlink:href="#sSpan181" value="ⲡⲓ"/>
		<feat xlink:href="#sSpan182" value="ⲕⲁϩ"/>
		<feat xlink:href="#sSpan183" value="ⲙⲛ"/>
		<feat xlink:href="#sSpan185" value="ⲡⲉⲕ"/>
		<feat xlink:href="#sSpan187" value="ⲥⲡⲉⲣⲙⲁ"/>
		<feat xlink:href="#sSpan188" value="ⲙⲛⲛⲥⲱ"/>
		<feat xlink:href="#sSpan190" value="ⲕ"/>
		<feat xlink:href="#sSpan191" value="ⲉ"/>
		<feat xlink:href="#sSpan193" value="ⲩ"/>
		<feat xlink:href="#sSpan194" value="ⲙⲁ"/>
		<feat xlink:href="#sSpan195" value="ⲛ"/>
		<feat xlink:href="#sSpan197" value="ⲁⲙⲁϩⲧⲉ"/>
		<feat xlink:href="#sSpan198" value="ϣⲁ"/>
		<feat xlink:href="#sSpan200" value="ⲉⲛⲉϩ"/>
		<feat xlink:href="#sSpan203" value="ⲧⲉⲛⲟⲩ"/>
		<feat xlink:href="#sSpan205" value="ϭⲉ"/>
		<feat xlink:href="#sSpan207" value="ⲡⲉⲕ"/>
		<feat xlink:href="#sSpan209" value="ϣⲏⲣⲉ"/>
		<feat xlink:href="#sSpan210" value="ⲥⲛⲁⲩ"/>
		<feat xlink:href="#sSpan212" value="ⲛⲧ"/>
		<feat xlink:href="#sSpan214" value="ⲁ"/>
		<feat xlink:href="#sSpan215" value="ⲩ"/>
		<feat xlink:href="#sSpan216" value="ϣⲱⲡⲉ"/>
		<feat xlink:href="#sSpan217" value="ⲛⲁ"/>
		<feat xlink:href="#sSpan219" value="ⲕ"/>
		<feat xlink:href="#sSpan220" value="ϩⲙ"/>
		<feat xlink:href="#sSpan222" value="ⲡ"/>
		<feat xlink:href="#sSpan224" value="ⲕⲁϩ"/>
		<feat xlink:href="#sSpan225" value="ⲛ"/>
		<feat xlink:href="#sSpan227" value="ⲕⲏⲙⲉ"/>
		<feat xlink:href="#sSpan228" value="ϩⲁ"/>
		<feat xlink:href="#sSpan230" value="ⲧ"/>
		<feat xlink:href="#sSpan231" value="ϩⲏ"/>
		<feat xlink:href="#sSpan232" value="ⲙⲡⲁϯⲉⲓ"/>
		<feat xlink:href="#sSpan234" value="ϣⲁⲣⲟ"/>
		<feat xlink:href="#sSpan236" value="ⲕ"/>
		<feat xlink:href="#sSpan237" value="ⲛⲟⲩⲓ"/>
		<feat xlink:href="#sSpan239" value="ⲛⲉ"/>
		<feat xlink:href="#sSpan241" value="ⲉ"/>
		<feat xlink:href="#sSpan243" value="ⲩ"/>
		<feat xlink:href="#sSpan244" value="ⲛⲁ"/>
		<feat xlink:href="#sSpan245" value="ϣⲱⲡⲉ"/>
		<feat xlink:href="#sSpan246" value="ⲛⲁⲓ"/>
		<feat xlink:href="#sSpan248" value="ⲉ"/>
		<feat xlink:href="#sSpan250" value="ⲩⲫⲣⲁⲓⲙ"/>
		<feat xlink:href="#sSpan251" value="ⲙⲛ"/>
		<feat xlink:href="#sSpan253" value="ⲙⲁⲛⲁⲥⲥⲏ"/>
		<feat xlink:href="#sSpan255" value="ⲛ"/>
		<feat xlink:href="#sSpan257" value="ⲧ"/>
		<feat xlink:href="#sSpan258" value="ϩⲉ"/>
		<feat xlink:href="#sSpan259" value="ⲛϩⲣⲟⲩⲃⲓⲛ"/>
		<feat xlink:href="#sSpan261" value="ⲙⲛ"/>
		<feat xlink:href="#sSpan263" value="ⲥⲩⲙⲉⲱⲛ"/>
		<feat xlink:href="#sSpan266" value="ⲛ"/>
		<feat xlink:href="#sSpan268" value="ϣⲏⲣⲉ"/>
		<feat xlink:href="#sSpan269" value="ⲇⲉ"/>
		<feat xlink:href="#sSpan271" value="ⲉⲧ"/>
		<feat xlink:href="#sSpan273" value="ⲛⲁ"/>
		<feat xlink:href="#sSpan274" value="ϣⲱⲡⲉ"/>
		<feat xlink:href="#sSpan275" value="ⲛⲁ"/>
		<feat xlink:href="#sSpan277" value="ⲕ"/>
		<feat xlink:href="#sSpan278" value="ⲙⲛⲛⲥⲁ"/>
		<feat xlink:href="#sSpan280" value="ⲛⲁⲓ"/>
		<feat xlink:href="#sSpan282" value="ⲉⲩⲉ"/>
		<feat xlink:href="#sSpan284" value="ⲙⲟⲩⲧⲉ"/>
		<feat xlink:href="#sSpan285" value="ⲉ"/>
		<feat xlink:href="#sSpan287" value="ⲡⲉⲕ"/>
		<feat xlink:href="#sSpan288" value="ⲣⲁⲛ"/>
		<feat xlink:href="#sSpan289" value="ⲉϩⲣⲁⲓ"/>
		<feat xlink:href="#sSpan291" value="ⲉϫⲱ"/>
		<feat xlink:href="#sSpan293" value="ⲟⲩ"/>
		<feat xlink:href="#sSpan294" value="ⲉⲩⲉ"/>
		<feat xlink:href="#sSpan296" value="ⲙⲟⲩⲧⲉ"/>
		<feat xlink:href="#sSpan297" value="ⲉⲣⲟ"/>
		<feat xlink:href="#sSpan299" value="ⲟⲩ"/>
		<feat xlink:href="#sSpan300" value="ⲉ"/>
		<feat xlink:href="#sSpan302" value="ⲡ"/>
		<feat xlink:href="#sSpan303" value="ⲣⲁⲛ"/>
		<feat xlink:href="#sSpan304" value="ⲛ"/>
		<feat xlink:href="#sSpan306" value="ⲛⲉⲕ"/>
		<feat xlink:href="#sSpan307" value="ⲥⲛⲏⲩ"/>
		<feat xlink:href="#sSpan308" value="ⲁⲩⲱ"/>
		<feat xlink:href="#sSpan310" value="ⲉ"/>
		<feat xlink:href="#sSpan312" value="ⲩ"/>
		<feat xlink:href="#sSpan313" value="ⲛⲁ"/>
		<feat xlink:href="#sSpan314" value="ϫⲉ"/>
		<feat xlink:href="#sSpan315" value="ⲡⲉⲕ"/>
		<feat xlink:href="#sSpan317" value="ⲣⲁⲛ"/>
		<feat xlink:href="#sSpan318" value="ϩⲛ"/>
		<feat xlink:href="#sSpan320" value="ⲛⲉ"/>
		<feat xlink:href="#sSpan322" value="ⲕⲗⲏⲣⲟⲥ"/>
		<feat xlink:href="#sSpan323" value="ⲉⲧ"/>
		<feat xlink:href="#sSpan325" value="ⲙⲙⲁⲩ"/>
		<feat xlink:href="#sSpan327" value="ⲁⲛⲟⲕ"/>
		<feat xlink:href="#sSpan329" value="ⲇⲉ"/>
		<feat xlink:href="#sSpan331" value="ⲛⲧⲉⲣ"/>
		<feat xlink:href="#sSpan333" value="ⲓ"/>
		<feat xlink:href="#sSpan334" value="ⲉⲓ"/>
		<feat xlink:href="#sSpan335" value="ⲉⲃⲟⲗ"/>
		<feat xlink:href="#sSpan337" value="ϩⲛ"/>
		<feat xlink:href="#sSpan339" value="ⲧⲙⲉⲥⲟⲡⲟⲇⲁⲙⲓⲁ"/>
		<feat xlink:href="#sSpan341" value="ⲛ"/>
		<feat xlink:href="#sSpan343" value="ⲧ"/>
		<feat xlink:href="#sSpan344" value="ⲥⲩⲣⲓⲁ"/>
		<feat xlink:href="#sSpan345" value="ⲁ"/>
		<feat xlink:href="#sSpan347" value="ⲥ"/>
		<feat xlink:href="#sSpan348" value="ⲙⲟⲩ"/>
		<feat xlink:href="#sSpan349" value="ⲛϭⲓ"/>
		<feat xlink:href="#sSpan351" value="ϩⲣⲁⲭⲏⲗ"/>
		<feat xlink:href="#sSpan353" value="ⲧⲉⲕ"/>
		<feat xlink:href="#sSpan355" value="ⲙⲁⲁⲩ"/>
		<feat xlink:href="#sSpan356" value="ϩⲙ"/>
		<feat xlink:href="#sSpan358" value="ⲡ"/>
		<feat xlink:href="#sSpan360" value="ⲕⲁϩ"/>
		<feat xlink:href="#sSpan361" value="ⲛ"/>
		<feat xlink:href="#sSpan363" value="ⲭⲁⲛⲁⲁⲛ"/>
		<feat xlink:href="#sSpan364" value="ⲛⲧⲉⲓⲣⲓϩⲱⲛ"/>
		<feat xlink:href="#sSpan366" value="ⲉϩⲟⲩⲛ"/>
		<feat xlink:href="#sSpan368" value="ⲉⲡϩⲓⲡⲟⲧⲣⲟⲙⲟⲥ"/>
		<feat xlink:href="#sSpan370" value="ⲛⲧⲉ"/>
		<feat xlink:href="#sSpan372" value="ⲭⲁⲃⲣⲁⲑⲁ"/>
		<feat xlink:href="#sSpan374" value="ⲛⲧⲉⲓⲣⲉⲓϩⲱⲛ"/>
		<feat xlink:href="#sSpan376" value="ⲉϩⲟⲩⲛ"/>
		<feat xlink:href="#sSpan378" value="ⲉⲫⲣⲁⲑⲁ"/>
		<feat xlink:href="#sSpan380" value="ⲁ"/>
		<feat xlink:href="#sSpan382" value="ⲓ"/>
		<feat xlink:href="#sSpan383" value="ⲧⲱⲙⲥ"/>
		<feat xlink:href="#sSpan384" value="ⲙⲙⲟ"/>
		<feat xlink:href="#sSpan386" value="ⲥ"/>
		<feat xlink:href="#sSpan387" value="ϩⲛ"/>
		<feat xlink:href="#sSpan389" value="ⲧⲉ"/>
		<feat xlink:href="#sSpan391" value="ϩⲓⲏ"/>
		<feat xlink:href="#sSpan392" value="ⲙⲡϩⲓⲙⲟⲧⲣⲟⲙⲟⲥ"/>
		<feat xlink:href="#sSpan394" value="ⲉⲧⲉ"/>
		<feat xlink:href="#sSpan396" value="ⲧⲁⲓ"/>
		<feat xlink:href="#sSpan398" value="ⲧⲉ"/>
		<feat xlink:href="#sSpan400" value="ⲃⲏⲑⲗⲉⲉⲙ"/>
		<feat xlink:href="#sSpan402" value="ⲛⲧ"/>
		<feat xlink:href="#sSpan404" value="ⲁ"/>
		<feat xlink:href="#sSpan405" value="ⲩ"/>
		<feat xlink:href="#sSpan406" value="ⲧⲱⲙⲥ"/>
		<feat xlink:href="#sSpan407" value="ⲛ"/>
		<feat xlink:href="#sSpan409" value="ⲁⲃⲣⲁϩⲁⲙ"/>
		<feat xlink:href="#sSpan410" value="ⲙⲙⲁⲩ"/>
		<feat xlink:href="#sSpan412" value="ⲛⲧ"/>
		<feat xlink:href="#sSpan414" value="ⲁ"/>
		<feat xlink:href="#sSpan415" value="ⲩ"/>
		<feat xlink:href="#sSpan416" value="ⲧⲟⲙⲥ"/>
		<feat xlink:href="#sSpan417" value="ⲟⲡ"/>
		<feat xlink:href="#sSpan419" value="ⲛⲓⲉⲥⲁⲁⲕ"/>
		<feat xlink:href="#sSpan421" value="ⲙⲙⲁⲩ"/>
		<feat xlink:href="#sSpan423" value="ϩⲙ"/>
		<feat xlink:href="#sSpan425" value="ⲡⲉ"/>
		<feat xlink:href="#sSpan427" value="ⲙϩⲁⲁⲩ"/>
		<feat xlink:href="#sSpan428" value="ⲉⲧ"/>
		<feat xlink:href="#sSpan430" value="ⲟ"/>
		<feat xlink:href="#sSpan431" value="ⲛ"/>
		<feat xlink:href="#sSpan433" value="ⲥ"/>
		<feat xlink:href="#sSpan434" value="ⲛⲁⲩ"/>
		<feat xlink:href="#sSpan435" value="ⲛⲧⲁ"/>
		<feat xlink:href="#sSpan437" value="ⲁⲃⲣⲁϩⲁⲙ"/>
		<feat xlink:href="#sSpan439" value="ϣⲟⲡ"/>
		<feat xlink:href="#sSpan441" value="ϥ"/>
		<feat xlink:href="#sSpan442" value="ⲛ"/>
		<feat xlink:href="#sSpan444" value="ⲧⲉ"/>
		<feat xlink:href="#sSpan445" value="ⲛⲉ"/>
		<feat xlink:href="#sSpan447" value="ⲛϣⲏⲣⲉ"/>
		<feat xlink:href="#sSpan448" value="ⲛⲭⲉⲑ"/>
		<feat xlink:href="#sSpan451" value="ⲡⲓⲏⲗ"/>
		<feat xlink:href="#sSpan453" value="ⲇⲉ"/>
		<feat xlink:href="#sSpan455" value="ⲛⲧⲉⲣⲉ"/>
		<feat xlink:href="#sSpan457" value="ϥ"/>
		<feat xlink:href="#sSpan458" value="ⲛⲁⲩ"/>
		<feat xlink:href="#sSpan459" value="ⲛ"/>
		<feat xlink:href="#sSpan461" value="ϣⲏⲣⲉ"/>
		<feat xlink:href="#sSpan462" value="ⲛ"/>
		<feat xlink:href="#sSpan464" value="ⲓⲱⲥⲏⲫ"/>
		<feat xlink:href="#sSpan465" value="ⲡⲉϫⲁ"/>
		<feat xlink:href="#sSpan467" value="ϥ"/>
		<feat xlink:href="#sSpan468" value="ϫⲉ"/>
		<feat xlink:href="#sSpan470" value="ⲟⲩ"/>
		<feat xlink:href="#sSpan472" value="ⲉⲣⲟ"/>
		<feat xlink:href="#sSpan474" value="ⲕ"/>
		<feat xlink:href="#sSpan475" value="ⲛⲉ"/>
		<feat xlink:href="#sSpan477" value="ⲛⲁⲓ"/>
		<feat xlink:href="#sSpan480" value="ⲡⲉϫⲁ"/>
		<feat xlink:href="#sSpan482" value="ϥ"/>
		<feat xlink:href="#sSpan483" value="ⲛⲁ"/>
		<feat xlink:href="#sSpan485" value="ϥ"/>
		<feat xlink:href="#sSpan486" value="ϫⲉ"/>
		<feat xlink:href="#sSpan488" value="ⲛⲁ"/>
		<feat xlink:href="#sSpan490" value="ϣⲏⲣⲉ"/>
		<feat xlink:href="#sSpan491" value="ⲛⲉ"/>
		<feat xlink:href="#sSpan493" value="ⲛⲁⲓ"/>
		<feat xlink:href="#sSpan495" value="ⲛ"/>
		<feat xlink:href="#sSpan497" value="ⲧⲁ"/>
		<feat xlink:href="#sSpan498" value="ⲡ"/>
		<feat xlink:href="#sSpan500" value="ⲛⲟⲩⲧⲉ"/>
		<feat xlink:href="#sSpan501" value="ⲧⲁⲁ"/>
		<feat xlink:href="#sSpan503" value="ⲩ"/>
		<feat xlink:href="#sSpan504" value="ⲛⲁⲓ"/>
		<feat xlink:href="#sSpan506" value="ⲙ"/>
		<feat xlink:href="#sSpan508" value="ⲡⲉⲓ"/>
		<feat xlink:href="#sSpan509" value="ⲙⲁ"/>
		<feat xlink:href="#sSpan510" value="ⲡⲉϫⲁ"/>
		<feat xlink:href="#sSpan512" value="ϥ"/>
		<feat xlink:href="#sSpan513" value="ⲛⲁ"/>
		<feat xlink:href="#sSpan515" value="ϥ"/>
		<feat xlink:href="#sSpan516" value="ϫⲉ"/>
		<feat xlink:href="#sSpan518" value="ⲉ"/>
		<feat xlink:href="#sSpan520" value="ⲛⲧ"/>
		<feat xlink:href="#sSpan521" value="ⲟⲩ"/>
		<feat xlink:href="#sSpan522" value="ⲉⲣⲟ"/>
		<feat xlink:href="#sSpan524" value="ⲓ"/>
		<feat xlink:href="#sSpan525" value="ϫⲉⲕⲁⲥ"/>
		<feat xlink:href="#sSpan527" value="ⲉⲓⲉ"/>
		<feat xlink:href="#sSpan529" value="ⲥⲙⲟⲩ"/>
		<feat xlink:href="#sSpan530" value="ⲉⲣⲟ"/>
		<feat xlink:href="#sSpan532" value="ⲟⲩ"/>
		<feat xlink:href="#sSpan534" value="ⲛ"/>
		<feat xlink:href="#sSpan536" value="ⲃⲁⲗ"/>
		<feat xlink:href="#sSpan537" value="ⲇⲉ"/>
		<feat xlink:href="#sSpan539" value="ⲙ"/>
		<feat xlink:href="#sSpan541" value="ⲡ"/>
		<feat xlink:href="#sSpan542" value="ⲓⲏ"/>
		<feat xlink:href="#sSpan543" value="ⲁ"/>
		<feat xlink:href="#sSpan545" value="ⲩ"/>
		<feat xlink:href="#sSpan546" value="ϩⲣⲟϣ"/>
		<feat xlink:href="#sSpan547" value="ⲉⲣⲟ"/>
		<feat xlink:href="#sSpan549" value="ϥ"/>
		<feat xlink:href="#sSpan550" value="ⲉ"/>
		<feat xlink:href="#sSpan552" value="ⲧ"/>
		<feat xlink:href="#sSpan553" value="ⲙⲉ"/>
		<feat xlink:href="#sSpan555" value="ϣϭⲙϭⲟⲙ"/>
		<feat xlink:href="#sSpan557" value="ⲉⲓⲱⲣϩ"/>
		<feat xlink:href="#sSpan559" value="ⲁ"/>
		<feat xlink:href="#sSpan561" value="ϥ"/>
		<feat xlink:href="#sSpan562" value="ⲛⲧ"/>
		<feat xlink:href="#sSpan563" value="ⲟⲩ"/>
		<feat xlink:href="#sSpan564" value="ϣⲁⲣⲟ"/>
		<feat xlink:href="#sSpan566" value="ϥ"/>
		<feat xlink:href="#sSpan567" value="ⲁϥϯ"/>
		<feat xlink:href="#sSpan569" value="ⲡⲉⲓ"/>
		<feat xlink:href="#sSpan570" value="ⲉⲣⲟ"/>
		<feat xlink:href="#sSpan572" value="ⲟⲩ"/>
		<feat xlink:href="#sSpan573" value="ⲁϥϩⲛⲧ"/>
		<feat xlink:href="#sSpan575" value="ⲟⲩ"/>
		<feat xlink:href="#sSpan576" value="ⲉϩⲟⲩⲛ"/>
		<feat xlink:href="#sSpan578" value="ⲉⲣⲟ"/>
		<feat xlink:href="#sSpan580" value="ϥ"/>
		<feat xlink:href="#sSpan582" value="ⲡⲉϫⲁ"/>
		<feat xlink:href="#sSpan584" value="ϥ"/>
		<feat xlink:href="#sSpan585" value="ⲇⲉ"/>
		<feat xlink:href="#sSpan587" value="ⲛϭⲓ"/>
		<feat xlink:href="#sSpan589" value="ⲡⲓⲏⲗ"/>
		<feat xlink:href="#sSpan591" value="ⲛ"/>
		<feat xlink:href="#sSpan593" value="ⲓⲱⲥⲏⲫ"/>
		<feat xlink:href="#sSpan594" value="ϫⲉ"/>
		<feat xlink:href="#sSpan596" value="ⲉⲓⲥ"/>
		<feat xlink:href="#sSpan598" value="ϩⲏⲏⲧⲉ"/>
		<feat xlink:href="#sSpan600" value="ⲁⲛⲟⲕ"/>
		<feat xlink:href="#sSpan602" value="ⲙⲡⲉ"/>
		<feat xlink:href="#sSpan604" value="ⲡ"/>
		<feat xlink:href="#sSpan606" value="ⲛⲟⲩⲧⲉ"/>
		<feat xlink:href="#sSpan607" value="ϩⲟⲩⲣⲱⲧ"/>
		<feat xlink:href="#sSpan609" value="ⲙ"/>
		<feat xlink:href="#sSpan611" value="ⲡⲉⲕ"/>
		<feat xlink:href="#sSpan612" value="ϩⲟ"/>
		<feat xlink:href="#sSpan613" value="ⲁⲩⲱ"/>
		<feat xlink:href="#sSpan615" value="ⲁ"/>
		<feat xlink:href="#sSpan617" value="ϥ"/>
		<feat xlink:href="#sSpan618" value="ⲧⲁⲙⲟ"/>
		<feat xlink:href="#sSpan619" value="ⲓ"/>
		<feat xlink:href="#sSpan620" value="ⲉ"/>
		<feat xlink:href="#sSpan622" value="ⲡⲉⲕ"/>
		<feat xlink:href="#sSpan623" value="ⲥⲡⲉⲣⲙⲁ"/>
		<feat xlink:href="#sSpan625" value="ⲁ"/>
		<feat xlink:href="#sSpan627" value="ⲓⲱⲥⲏⲫ"/>
		<feat xlink:href="#sSpan628" value="ϩⲓ"/>
		<feat xlink:href="#sSpan630" value="ⲧⲟⲩ"/>
		<feat xlink:href="#sSpan631" value="ⲛ"/>
		<feat xlink:href="#sSpan633" value="ⲛⲉϥ"/>
		<feat xlink:href="#sSpan634" value="ⲡⲁⲧ"/>
		<feat xlink:href="#sSpan635" value="ⲁⲩⲱ"/>
		<feat xlink:href="#sSpan637" value="ⲁ"/>
		<feat xlink:href="#sSpan639" value="ⲩ"/>
		<feat xlink:href="#sSpan640" value="ⲟⲩⲱϣⲧ"/>
		<feat xlink:href="#sSpan641" value="ⲛⲁ"/>
		<feat xlink:href="#sSpan643" value="ϥ"/>
		<feat xlink:href="#sSpan644" value="ϩⲓϫⲙ"/>
		<feat xlink:href="#sSpan646" value="ⲡ"/>
		<feat xlink:href="#sSpan648" value="ⲕⲁϩ"/>
		<feat xlink:href="#sSpan650" value="ⲓⲱⲥⲏⲫ"/>
		<feat xlink:href="#sSpan652" value="ⲇⲉ"/>
		<feat xlink:href="#sSpan654" value="ⲁ"/>
		<feat xlink:href="#sSpan656" value="ϥ"/>
		<feat xlink:href="#sSpan657" value="ϫⲓ"/>
		<feat xlink:href="#sSpan658" value="ⲙ"/>
		<feat xlink:href="#sSpan660" value="ⲡⲉϥ"/>
		<feat xlink:href="#sSpan661" value="ϣⲏⲣⲉ"/>
		<feat xlink:href="#sSpan662" value="ⲥⲛⲁⲩ"/>
		<feat xlink:href="#sSpan664" value="ⲁ"/>
		<feat xlink:href="#sSpan666" value="ϥ"/>
		<feat xlink:href="#sSpan667" value="ⲧⲁϩⲟ"/>
		<feat xlink:href="#sSpan668" value="ⲉⲣⲁⲧ"/>
		<feat xlink:href="#sSpan670" value="ϥ"/>
		<feat xlink:href="#sSpan671" value="ⲛⲉⲫⲣⲁⲓⲙ"/>
		<feat xlink:href="#sSpan673" value="ϩⲛ"/>
		<feat xlink:href="#sSpan675" value="ⲧⲉϥ"/>
		<feat xlink:href="#sSpan677" value="ⲟⲩⲛⲁⲙ"/>
		<feat xlink:href="#sSpan678" value="ⲙⲁⲛⲁⲥⲥⲏ"/>
		<feat xlink:href="#sSpan680" value="ⲇⲉ"/>
		<feat xlink:href="#sSpan682" value="ϩⲱⲱ"/>
		<feat xlink:href="#sSpan684" value="ϥ"/>
		<feat xlink:href="#sSpan685" value="ⲛ"/>
		<feat xlink:href="#sSpan687" value="ⲥⲁ"/>
		<feat xlink:href="#sSpan688" value="ϩⲃⲟⲩⲣ"/>
		<feat xlink:href="#sSpan690" value="ⲙ"/>
		<feat xlink:href="#sSpan692" value="ⲡ"/>
		<feat xlink:href="#sSpan693" value="ⲓⲏ"/>
		<feat xlink:href="#sSpan695" value="ⲡⲓⲏⲗ"/>
		<feat xlink:href="#sSpan697" value="ⲇⲉ"/>
		<feat xlink:href="#sSpan699" value="ⲁ"/>
		<feat xlink:href="#sSpan701" value="ϥ"/>
		<feat xlink:href="#sSpan702" value="ⲥⲟⲟⲩⲧⲛ"/>
		<feat xlink:href="#sSpan703" value="ⲛ"/>
		<feat xlink:href="#sSpan705" value="ⲧⲉϥ"/>
		<feat xlink:href="#sSpan706" value="ϭⲓϫ"/>
		<feat xlink:href="#sSpan707" value="ⲛ"/>
		<feat xlink:href="#sSpan709" value="ⲟⲩⲛⲁⲙ"/>
		<feat xlink:href="#sSpan710" value="ⲉⲃⲟⲗ"/>
		<feat xlink:href="#sSpan712" value="ⲁ"/>
		<feat xlink:href="#sSpan714" value="ϥ"/>
		<feat xlink:href="#sSpan715" value="ⲕⲁⲁ"/>
		<feat xlink:href="#sSpan716" value="ⲥ"/>
		<feat xlink:href="#sSpan717" value="ⲉϫⲛ"/>
		<feat xlink:href="#sSpan719" value="ⲧ"/>
		<feat xlink:href="#sSpan721" value="ⲁⲡⲉ"/>
		<feat xlink:href="#sSpan722" value="ⲛⲉⲫⲣⲁⲓⲙ"/>
		<feat xlink:href="#sSpan724" value="ⲉⲧⲉ"/>
		<feat xlink:href="#sSpan726" value="ⲡ"/>
		<feat xlink:href="#sSpan728" value="ⲕⲟⲩⲓ"/>
		<feat xlink:href="#sSpan729" value="ⲡⲉ"/>
		<feat xlink:href="#sSpan731" value="ⲁⲩⲱ"/>
		<feat xlink:href="#sSpan733" value="ⲁ"/>
		<feat xlink:href="#sSpan735" value="ϥ"/>
		<feat xlink:href="#sSpan736" value="ⲕⲱ"/>
		<feat xlink:href="#sSpan737" value="ⲛ"/>
		<feat xlink:href="#sSpan739" value="ⲧⲉϥ"/>
		<feat xlink:href="#sSpan740" value="ϩⲃⲟⲩⲣ"/>
		<feat xlink:href="#sSpan741" value="ⲉϫⲛ"/>
		<feat xlink:href="#sSpan743" value="ⲧ"/>
		<feat xlink:href="#sSpan745" value="ⲁⲡⲉ"/>
		<feat xlink:href="#sSpan746" value="ⲙ"/>
		<feat xlink:href="#sSpan748" value="ⲙⲁⲛⲁⲥⲥⲏ"/>
		<feat xlink:href="#sSpan749" value="ⲉⲛⲉ"/>
		<feat xlink:href="#sSpan751" value="ⲡⲁⲓ"/>
		<feat xlink:href="#sSpan753" value="ⲅⲁⲣ"/>
		<feat xlink:href="#sSpan755" value="ϥ"/>
		<feat xlink:href="#sSpan757" value="ⲉ"/>
		<feat xlink:href="#sSpan758" value="ⲡϣⲣⲡ"/>
		<feat xlink:href="#sSpan760" value="ⲙ"/>
		<feat xlink:href="#sSpan762" value="ⲙⲓⲥⲉ"/>
		<feat xlink:href="#sSpan763" value="ⲁ"/>
		<feat xlink:href="#sSpan765" value="ϥ"/>
		<feat xlink:href="#sSpan766" value="ⲡⲱⲱⲛⲉ"/>
		<feat xlink:href="#sSpan767" value="ⲛ"/>
		<feat xlink:href="#sSpan769" value="ⲧⲉϥ"/>
		<feat xlink:href="#sSpan770" value="ϭⲓϫ"/>
		<feat xlink:href="#sSpan772" value="ⲁ"/>
		<feat xlink:href="#sSpan774" value="ϥ"/>
		<feat xlink:href="#sSpan775" value="ⲥⲙⲟⲩ"/>
		<feat xlink:href="#sSpan776" value="ⲉⲣⲟ"/>
		<feat xlink:href="#sSpan778" value="ⲟⲩ"/>
		<feat xlink:href="#sSpan779" value="ⲡⲉϫⲁ"/>
		<feat xlink:href="#sSpan781" value="ϥ"/>
		<feat xlink:href="#sSpan782" value="ϫⲉ"/>
		<feat xlink:href="#sSpan784" value="ⲡⲁ"/>
		<feat xlink:href="#sSpan786" value="ⲛⲟⲩⲧⲉ"/>
		<feat xlink:href="#sSpan787" value="ⲛ"/>
		<feat xlink:href="#sSpan789" value="ⲧⲁ"/>
		<feat xlink:href="#sSpan790" value="ⲛⲁ"/>
		<feat xlink:href="#sSpan792" value="ⲉⲓⲟⲧⲉ"/>
		<feat xlink:href="#sSpan794" value="ⲣⲁⲛⲁ"/>
		<feat xlink:href="#sSpan797" value="ϥ"/>
		<feat xlink:href="#sSpan798" value="ⲙ"/>
		<feat xlink:href="#sSpan800" value="ⲡⲉϥ"/>
		<feat xlink:href="#sSpan801" value="ⲙⲧⲟ"/>
		<feat xlink:href="#sSpan802" value="ⲉⲃⲟⲗ"/>
		<feat xlink:href="#sSpan804" value="ⲁⲃⲣⲁϩⲁⲙ"/>
		<feat xlink:href="#sSpan806" value="ⲙⲛ"/>
		<feat xlink:href="#sSpan808" value="ⲓⲥⲁⲁⲕ"/>
		<feat xlink:href="#sSpan810" value="ⲡ"/>
		<feat xlink:href="#sSpan812" value="ⲛⲟⲩⲧⲉ"/>
		<feat xlink:href="#sSpan813" value="ⲛⲧⲁ"/>
		<feat xlink:href="#sSpan815" value="ϥ"/>
		<feat xlink:href="#sSpan816" value="ⲥⲁⲛⲟⲩϣⲧ"/>
		<feat xlink:href="#sSpan817" value="ϫⲓⲛ"/>
		<feat xlink:href="#sSpan819" value="ⲧⲁ"/>
		<feat xlink:href="#sSpan822" value="ⲙⲛⲧⲕⲟⲩⲓ"/>
		<feat xlink:href="#sSpan824" value="ϣⲁ"/>
		<feat xlink:href="#sSpan826" value="ϩⲟⲩⲛ"/>
		<feat xlink:href="#sSpan827" value="ⲉ"/>
		<feat xlink:href="#sSpan829" value="ⲡ"/>
		<feat xlink:href="#sSpan830" value="ϩⲟⲟⲩ"/>
		<feat xlink:href="#sSpan832" value="ⲡ"/>
		<feat xlink:href="#sSpan834" value="ⲁⲅⲅⲉⲗⲟⲥ"/>
		<feat xlink:href="#sSpan835" value="ⲛⲧⲁ"/>
		<feat xlink:href="#sSpan837" value="ϥ"/>
		<feat xlink:href="#sSpan838" value="ⲛⲁϩⲙ"/>
		<feat xlink:href="#sSpan839" value="ⲉⲧ"/>
		<feat xlink:href="#sSpan840" value="ⲉⲃⲟⲗ"/>
		<feat xlink:href="#sSpan842" value="ϩⲛ"/>
		<feat xlink:href="#sSpan844" value="ⲑⲗⲓⲯⲓⲥ"/>
		<feat xlink:href="#sSpan846" value="ⲛⲓⲙ"/>
		<feat xlink:href="#sSpan848" value="ⲉⲕⲉ"/>
		<feat xlink:href="#sSpan850" value="ⲥⲙⲟⲩ"/>
		<feat xlink:href="#sSpan851" value="ⲉ"/>
		<feat xlink:href="#sSpan853" value="ⲛ"/>
		<feat xlink:href="#sSpan854" value="ⲉⲓ"/>
		<feat xlink:href="#sSpan855" value="ϣⲏⲣⲉ"/>
		<feat xlink:href="#sSpan857" value="ϣⲏⲙ"/>
		<feat xlink:href="#sSpan859" value="ⲉⲩⲉ"/>
		<feat xlink:href="#sSpan861" value="ϯ"/>
		<feat xlink:href="#sSpan862" value="ⲙ"/>
		<feat xlink:href="#sSpan864" value="ⲡⲁ"/>
		<feat xlink:href="#sSpan865" value="ⲣⲁⲛ"/>
		<feat xlink:href="#sSpan866" value="ⲉϩⲣⲁⲓ"/>
		<feat xlink:href="#sSpan868" value="ⲉϫⲱ"/>
		<feat xlink:href="#sSpan870" value="ⲟⲩ"/>
		<feat xlink:href="#sSpan871" value="ⲁⲩⲱ"/>
		<feat xlink:href="#sSpan873" value="ⲡ"/>
		<feat xlink:href="#sSpan875" value="ⲣⲁⲛ"/>
		<feat xlink:href="#sSpan876" value="ⲛ"/>
		<feat xlink:href="#sSpan878" value="ⲛⲁ"/>
		<feat xlink:href="#sSpan879" value="ⲉⲓⲟⲧⲉ"/>
		<feat xlink:href="#sSpan880" value="ⲁⲃⲣⲁϩⲁⲙ"/>
		<feat xlink:href="#sSpan882" value="ⲙⲛ"/>
		<feat xlink:href="#sSpan884" value="ⲓⲥⲁⲁⲕ"/>
		<feat xlink:href="#sSpan886" value="ⲉ"/>
		<feat xlink:href="#sSpan888" value="ⲩⲉ"/>
		<feat xlink:href="#sSpan889" value="ⲁϣⲁⲓ"/>
		<feat xlink:href="#sSpan890" value="ⲉ"/>
		<feat xlink:href="#sSpan892" value="ⲩⲉ"/>
		<feat xlink:href="#sSpan893" value="ⲡⲉ"/>
		<feat xlink:href="#sSpan894" value="ⲉ"/>
		<feat xlink:href="#sSpan896" value="ⲛⲁϣⲱ"/>
		<feat xlink:href="#sSpan897" value="ⲥ"/>
		<feat xlink:href="#sSpan898" value="ϩⲓϫⲙ"/>
		<feat xlink:href="#sSpan900" value="ⲡ"/>
		<feat xlink:href="#sSpan902" value="ⲕⲁϩ"/>
		<feat xlink:href="#sSpan904" value="ⲛⲧⲉⲣⲉ"/>
		<feat xlink:href="#sSpan906" value="ϥ"/>
		<feat xlink:href="#sSpan907" value="ⲛⲁⲩ"/>
		<feat xlink:href="#sSpan908" value="ⲇⲉ"/>
		<feat xlink:href="#sSpan910" value="ⲛϭⲓ"/>
		<feat xlink:href="#sSpan912" value="ⲓⲱⲥⲏⲫ"/>
		<feat xlink:href="#sSpan914" value="ϫⲉ"/>
		<feat xlink:href="#sSpan916" value="ⲁ"/>
		<feat xlink:href="#sSpan918" value="ⲡⲉϥ"/>
		<feat xlink:href="#sSpan919" value="ⲉⲓⲱⲧ"/>
		<feat xlink:href="#sSpan920" value="ⲕⲱ"/>
		<feat xlink:href="#sSpan922" value="ⲛ"/>
		<feat xlink:href="#sSpan924" value="ⲧⲉϥ"/>
		<feat xlink:href="#sSpan925" value="ϭⲓϫ"/>
		<feat xlink:href="#sSpan926" value="ⲛ"/>
		<feat xlink:href="#sSpan928" value="ⲟⲩⲛⲁⲙ"/>
		<feat xlink:href="#sSpan929" value="ϩⲓϫⲛ"/>
		<feat xlink:href="#sSpan931" value="ⲧ"/>
		<feat xlink:href="#sSpan933" value="ⲁⲡⲉ"/>
		<feat xlink:href="#sSpan934" value="ⲛⲉⲫⲣⲁⲓⲙ"/>
		<feat xlink:href="#sSpan936" value="ⲁ"/>
		<feat xlink:href="#sSpan938" value="ⲡ"/>
		<feat xlink:href="#sSpan939" value="ϩⲱⲃ"/>
		<feat xlink:href="#sSpan940" value="ϣⲱⲡⲉ"/>
		<feat xlink:href="#sSpan942" value="ⲉ"/>
		<feat xlink:href="#sSpan944" value="ϥ"/>
		<feat xlink:href="#sSpan945" value="ⲛⲁϣⲧ"/>
		<feat xlink:href="#sSpan946" value="ⲙ"/>
		<feat xlink:href="#sSpan948" value="ⲡⲉϥ"/>
		<feat xlink:href="#sSpan949" value="ⲙⲧⲟ"/>
		<feat xlink:href="#sSpan950" value="ⲉⲃⲟⲗ"/>
		<feat xlink:href="#sSpan952" value="ⲓⲱⲥⲏⲫ"/>
		<feat xlink:href="#sSpan954" value="ⲇⲉ"/>
		<feat xlink:href="#sSpan956" value="ⲁ"/>
		<feat xlink:href="#sSpan958" value="ϥ"/>
		<feat xlink:href="#sSpan959" value="ⲁⲙⲁϩⲧⲉ"/>
		<feat xlink:href="#sSpan960" value="ⲛ"/>
		<feat xlink:href="#sSpan962" value="ⲧ"/>
		<feat xlink:href="#sSpan963" value="ϭⲓϫ"/>
		<feat xlink:href="#sSpan964" value="ⲙ"/>
		<feat xlink:href="#sSpan966" value="ⲡⲉϥ"/>
		<feat xlink:href="#sSpan967" value="ⲉⲓⲱⲧ"/>
		<feat xlink:href="#sSpan968" value="ⲁϥⲃⲓⲧⲥ"/>
		<feat xlink:href="#sSpan970" value="ⲙⲙⲁⲩ"/>
		<feat xlink:href="#sSpan972" value="ϩⲓϫⲛ"/>
		<feat xlink:href="#sSpan974" value="ⲧ"/>
		<feat xlink:href="#sSpan976" value="ⲁⲡⲉ"/>
		<feat xlink:href="#sSpan977" value="ⲛⲉⲫⲣⲁⲓⲙ"/>
		<feat xlink:href="#sSpan979" value="ⲁ"/>
		<feat xlink:href="#sSpan981" value="ϥ"/>
		<feat xlink:href="#sSpan982" value="ⲟⲩⲁϩ"/>
		<feat xlink:href="#sSpan983" value="ⲥ"/>
		<feat xlink:href="#sSpan984" value="ⲉϫⲛ"/>
		<feat xlink:href="#sSpan986" value="ⲧ"/>
		<feat xlink:href="#sSpan988" value="ⲁⲡⲉ"/>
		<feat xlink:href="#sSpan989" value="ⲙ"/>
		<feat xlink:href="#sSpan991" value="ⲙⲁⲛⲁⲥⲥⲏ"/>
		<feat xlink:href="#sSpan993" value="ⲓⲱⲥⲏⲫ"/>
		<feat xlink:href="#sSpan995" value="ⲇⲉ"/>
		<feat xlink:href="#sSpan997" value="ⲡⲉϫⲁ"/>
		<feat xlink:href="#sSpan999" value="ϥ"/>
		<feat xlink:href="#sSpan1000" value="ⲙ"/>
		<feat xlink:href="#sSpan1002" value="ⲡⲉϥ"/>
		<feat xlink:href="#sSpan1003" value="ⲉⲓⲱⲧ"/>
		<feat xlink:href="#sSpan1004" value="ϫⲉ"/>
		<feat xlink:href="#sSpan1006" value="ⲛ"/>
		<feat xlink:href="#sSpan1008" value="ⲧⲉⲓ"/>
		<feat xlink:href="#sSpan1009" value="ϩⲉ"/>
		<feat xlink:href="#sSpan1010" value="ⲁⲛ"/>
		<feat xlink:href="#sSpan1012" value="ⲧⲉ"/>
		<feat xlink:href="#sSpan1014" value="ⲡⲁ"/>
		<feat xlink:href="#sSpan1016" value="ⲉⲓⲱⲧ"/>
		<feat xlink:href="#sSpan1017" value="ⲡⲁⲓ"/>
		<feat xlink:href="#sSpan1019" value="ⲅⲁⲣ"/>
		<feat xlink:href="#sSpan1021" value="ⲡⲉ"/>
		<feat xlink:href="#sSpan1023" value="ⲡϣⲣⲡ"/>
		<feat xlink:href="#sSpan1025" value="ⲙ"/>
		<feat xlink:href="#sSpan1027" value="ⲙⲓⲥⲉ"/>
		<feat xlink:href="#sSpan1028" value="ⲕⲱ"/>
		<feat xlink:href="#sSpan1030" value="ⲛⲧⲉⲕ"/>
		<feat xlink:href="#sSpan1032" value="ϭⲉϫ"/>
		<feat xlink:href="#sSpan1033" value="ⲛ"/>
		<feat xlink:href="#sSpan1035" value="ⲟⲩⲛⲁⲙ"/>
		<feat xlink:href="#sSpan1036" value="ⲉϫⲛ"/>
		<feat xlink:href="#sSpan1038" value="ⲧⲉϥ"/>
		<feat xlink:href="#sSpan1040" value="ⲁⲡⲉ"/>
		<feat xlink:href="#sSpan1042" value="ⲙ"/>
		<feat xlink:href="#sSpan1044" value="ⲡⲉϥ"/>
		<feat xlink:href="#sSpan1045" value="ⲣ"/>
		<feat xlink:href="#sSpan1046" value="ϩⲛⲁ"/>
		<feat xlink:href="#sSpan1048" value="ϥ"/>
		<feat xlink:href="#sSpan1049" value="ⲇⲉ"/>
		<feat xlink:href="#sSpan1051" value="ⲛϭⲓ"/>
		<feat xlink:href="#sSpan1053" value="ⲡⲉϥ"/>
		<feat xlink:href="#sSpan1055" value="ⲉⲓⲱⲧ"/>
		<feat xlink:href="#sSpan1056" value="ⲉ"/>
		<feat xlink:href="#sSpan1058" value="ϥ"/>
		<feat xlink:href="#sSpan1059" value="ϫⲱ"/>
		<feat xlink:href="#sSpan1060" value="ⲙⲙⲟ"/>
		<feat xlink:href="#sSpan1062" value="ⲥ"/>
		<feat xlink:href="#sSpan1063" value="ϫⲉ"/>
		<feat xlink:href="#sSpan1065" value="ϯ"/>
		<feat xlink:href="#sSpan1067" value="ⲥⲟⲟⲩⲛ"/>
		<feat xlink:href="#sSpan1068" value="ϩⲱ"/>
		<feat xlink:href="#sSpan1070" value="ⲡⲁ"/>
		<feat xlink:href="#sSpan1072" value="ϣⲏⲣⲉ"/>
		<feat xlink:href="#sSpan1073" value="ⲡⲁⲓ"/>
		<feat xlink:href="#sSpan1075" value="ϩⲱⲱ"/>
		<feat xlink:href="#sSpan1077" value="ϥ"/>
		<feat xlink:href="#sSpan1078" value="ⲟⲛ"/>
		<feat xlink:href="#sSpan1080" value="ⲛⲁ"/>
		<feat xlink:href="#sSpan1082" value="ϣⲱⲡⲉ"/>
		<feat xlink:href="#sSpan1083" value="ⲛ"/>
		<feat xlink:href="#sSpan1085" value="ⲟⲩ"/>
		<feat xlink:href="#sSpan1086" value="ⲗⲁⲟⲥ"/>
		<feat xlink:href="#sSpan1087" value="ⲉ"/>
		<feat xlink:href="#sSpan1089" value="ϥ"/>
		<feat xlink:href="#sSpan1090" value="ⲟϣ"/>
		<feat xlink:href="#sSpan1091" value="ⲁⲩⲱ"/>
		<feat xlink:href="#sSpan1093" value="ϥ"/>
		<feat xlink:href="#sSpan1095" value="ⲛⲁ"/>
		<feat xlink:href="#sSpan1096" value="ϫⲓⲥⲉ"/>
		<feat xlink:href="#sSpan1097" value="ⲁⲗⲗⲁ"/>
		<feat xlink:href="#sSpan1099" value="ⲡⲉϥ"/>
		<feat xlink:href="#sSpan1101" value="ⲥⲟⲛ"/>
		<feat xlink:href="#sSpan1102" value="ⲕⲟⲩⲓ"/>
		<feat xlink:href="#sSpan1104" value="ⲛⲁ"/>
		<feat xlink:href="#sSpan1106" value="ϫⲓⲥⲉ"/>
		<feat xlink:href="#sSpan1107" value="ⲉϩⲟⲩⲉ"/>
		<feat xlink:href="#sSpan1109" value="ⲉⲣⲟ"/>
		<feat xlink:href="#sSpan1111" value="ϥ"/>
		<feat xlink:href="#sSpan1112" value="ⲁⲩⲱ"/>
		<feat xlink:href="#sSpan1114" value="ⲡⲉϥ"/>
		<feat xlink:href="#sSpan1116" value="ⲥⲡⲉⲣⲙⲁ"/>
		<feat xlink:href="#sSpan1117" value="ⲛⲁ"/>
		<feat xlink:href="#sSpan1119" value="ϣⲱⲡⲉ"/>
		<feat xlink:href="#sSpan1120" value="ⲉ"/>
		<feat xlink:href="#sSpan1122" value="ⲩ"/>
		<feat xlink:href="#sSpan1123" value="ⲙⲏⲏϣⲉ"/>
		<feat xlink:href="#sSpan1124" value="ⲛ"/>
		<feat xlink:href="#sSpan1126" value="ϩⲉⲑⲛⲟⲥ"/></featList></paula>