<?xml version='1.0' encoding='UTF-8'?><!DOCTYPE paula SYSTEM "paula_feat.dtd">
<paula version="1.1">
	<header paula_id="scriptorium.01_Genesis_17.mark_norm"/>
	<featList xmlns:xlink="http://www.w3.org/1999/xlink" type="norm" xml:base="scriptorium.01_Genesis_17.mark.xml">
		<feat xlink:href="#sSpan2" value="."/>
		<feat xlink:href="#sSpan4" value="."/>
		<feat xlink:href="#sSpan6" value="."/>
		<feat xlink:href="#sSpan8" value="ⲁ"/>
		<feat xlink:href="#sSpan10" value="ⲕⲣⲟⲃⲩⲥⲧⲓⲁ"/>
		<feat xlink:href="#sSpan11" value="ⲁⲩⲱ"/>
		<feat xlink:href="#sSpan13" value="ⲉϥⲉ"/>
		<feat xlink:href="#sSpan15" value="ϣⲱⲡⲉ"/>
		<feat xlink:href="#sSpan16" value="ⲛ"/>
		<feat xlink:href="#sSpan18" value="ⲟⲩ"/>
		<feat xlink:href="#sSpan19" value="ⲙⲁⲉⲓⲛ"/>
		<feat xlink:href="#sSpan20" value="ⲛ"/>
		<feat xlink:href="#sSpan22" value="ⲧ"/>
		<feat xlink:href="#sSpan23" value="ⲇⲓⲁⲑⲏⲕⲏ"/>
		<feat xlink:href="#sSpan24" value="ϩⲛ"/>
		<feat xlink:href="#sSpan26" value="ⲧⲁ"/>
		<feat xlink:href="#sSpan27" value="ⲙⲏⲧⲉ"/>
		<feat xlink:href="#sSpan28" value="ⲙⲛ"/>
		<feat xlink:href="#sSpan30" value="ⲧⲉⲧⲛ"/>
		<feat xlink:href="#sSpan31" value="ⲙⲏⲧⲉ"/>
		<feat xlink:href="#sSpan33" value="ⲛ"/>
		<feat xlink:href="#sSpan35" value="ⲧⲉⲧⲛ"/>
		<feat xlink:href="#sSpan36" value="ⲥⲃⲃⲉ"/>
		<feat xlink:href="#sSpan37" value="ⲛⲏ"/>
		<feat xlink:href="#sSpan39" value="ⲧⲛ"/>
		<feat xlink:href="#sSpan40" value="ⲛ"/>
		<feat xlink:href="#sSpan42" value="ϣⲏⲣⲉ"/>
		<feat xlink:href="#sSpan44" value="ϣⲏⲙ"/>
		<feat xlink:href="#sSpan46" value="ⲛⲓⲙ"/>
		<feat xlink:href="#sSpan48" value="ϩⲙ"/>
		<feat xlink:href="#sSpan50" value="ⲡⲉϥ"/>
		<feat xlink:href="#sSpan51" value="ⲙⲉϩϣⲙⲟⲩⲛ"/>
		<feat xlink:href="#sSpan52" value="ⲛ"/>
		<feat xlink:href="#sSpan54" value="ϩⲟⲟⲩ"/>
		<feat xlink:href="#sSpan55" value="ϩⲟⲟⲩⲧ"/>
		<feat xlink:href="#sSpan57" value="ⲛⲓⲙ"/>
		<feat xlink:href="#sSpan59" value="ϣⲁⲛⲉⲧⲛ"/>
		<feat xlink:href="#sSpan61" value="ϫⲱⲙ"/>
		<feat xlink:href="#sSpan62" value="ⲡⲙⲉⲥϩⲛⲏⲓ"/>
		<feat xlink:href="#sSpan64" value="ⲛⲧⲉ"/>
		<feat xlink:href="#sSpan66" value="ⲡⲉⲕ"/>
		<feat xlink:href="#sSpan67" value="ⲏⲓ"/>
		<feat xlink:href="#sSpan68" value="ⲙⲛ"/>
		<feat xlink:href="#sSpan70" value="ⲡ"/>
		<feat xlink:href="#sSpan71" value="ϣⲱⲡ"/>
		<feat xlink:href="#sSpan72" value="ϩⲁ"/>
		<feat xlink:href="#sSpan74" value="ϩⲁⲧ"/>
		<feat xlink:href="#sSpan75" value="ⲉⲃⲟⲗ"/>
		<feat xlink:href="#sSpan78" value="ϩⲛ"/>
		<feat xlink:href="#sSpan80" value="ϣⲏⲣⲉ"/>
		<feat xlink:href="#sSpan82" value="ϣⲏⲙ"/>
		<feat xlink:href="#sSpan84" value="ⲛⲓⲙ"/>
		<feat xlink:href="#sSpan86" value="ⲛ"/>
		<feat xlink:href="#sSpan88" value="ϣⲙⲙⲟ"/>
		<feat xlink:href="#sSpan89" value="ⲉⲧⲉ"/>
		<feat xlink:href="#sSpan91" value="ⲛ"/>
		<feat xlink:href="#sSpan92" value="ⲟⲩⲉ"/>
		<feat xlink:href="#sSpan93" value="ⲃⲟⲗ"/>
		<feat xlink:href="#sSpan94" value="ⲁ"/>
		<feat xlink:href="#sSpan96" value="ⲛ"/>
		<feat xlink:href="#sSpan97" value="ⲡⲉ"/>
		<feat xlink:href="#sSpan98" value="ϩⲙ"/>
		<feat xlink:href="#sSpan100" value="ⲡⲉⲕ"/>
		<feat xlink:href="#sSpan101" value="ⲥⲡⲉⲣⲙⲁ"/>
		<feat xlink:href="#sSpan103" value="ϩⲛ"/>
		<feat xlink:href="#sSpan105" value="ⲟⲩ"/>
		<feat xlink:href="#sSpan106" value="ⲥⲃⲃⲉ"/>
		<feat xlink:href="#sSpan107" value="ⲉ"/>
		<feat xlink:href="#sSpan109" value="ⲩ"/>
		<feat xlink:href="#sSpan110" value="ⲛⲁ"/>
		<feat xlink:href="#sSpan111" value="ⲥⲃⲃⲉ"/>
		<feat xlink:href="#sSpan112" value="ⲙⲙⲉⲥϩⲛⲏⲓ"/>
		<feat xlink:href="#sSpan114" value="ⲛⲓⲙ"/>
		<feat xlink:href="#sSpan116" value="ⲙ"/>
		<feat xlink:href="#sSpan118" value="ⲡⲉⲕ"/>
		<feat xlink:href="#sSpan119" value="ⲏⲓ"/>
		<feat xlink:href="#sSpan120" value="ⲙⲛ"/>
		<feat xlink:href="#sSpan122" value="ⲛ"/>
		<feat xlink:href="#sSpan123" value="ϣⲱⲡ"/>
		<feat xlink:href="#sSpan124" value="ϩⲁ"/>
		<feat xlink:href="#sSpan126" value="ϩⲁⲧ"/>
		<feat xlink:href="#sSpan127" value="ⲉϥⲉ"/>
		<feat xlink:href="#sSpan129" value="ϣⲱⲡⲉ"/>
		<feat xlink:href="#sSpan130" value="."/>
		<feat xlink:href="#sSpan132" value="."/>
		<feat xlink:href="#sSpan134" value="."/>
		<feat xlink:href="#sSpan137" value="ⲛ"/>
		<feat xlink:href="#sSpan139" value="ⲣⲱⲙⲉ"/>
		<feat xlink:href="#sSpan140" value="ⲇⲉ"/>
		<feat xlink:href="#sSpan142" value="ⲧⲏⲣ"/>
		<feat xlink:href="#sSpan144" value="ⲟⲩ"/>
		<feat xlink:href="#sSpan145" value="ⲙ"/>
		<feat xlink:href="#sSpan147" value="ⲡⲉϥ"/>
		<feat xlink:href="#sSpan148" value="ⲏⲓ"/>
		<feat xlink:href="#sSpan149" value="ⲙⲛ"/>
		<feat xlink:href="#sSpan151" value="ⲙⲙⲉⲥϩⲛⲏⲓ"/>
		<feat xlink:href="#sSpan152" value="ⲙⲛ"/>
		<feat xlink:href="#sSpan154" value="ⲛ"/>
		<feat xlink:href="#sSpan155" value="ϣⲱⲡ"/>
		<feat xlink:href="#sSpan156" value="ⲧⲏⲣ"/>
		<feat xlink:href="#sSpan158" value="ⲟⲩ"/>
		<feat xlink:href="#sSpan159" value="ϩⲁ"/>
		<feat xlink:href="#sSpan161" value="ϩⲁⲧ"/>
		<feat xlink:href="#sSpan162" value="ϩⲉⲛ"/>
		<feat xlink:href="#sSpan164" value="ⲉⲃⲟⲗ"/>
		<feat xlink:href="#sSpan166" value="ϩⲛ"/>
		<feat xlink:href="#sSpan168" value="ⲛ"/>
		<feat xlink:href="#sSpan169" value="ⲕⲉ"/>
		<feat xlink:href="#sSpan170" value="ⲅⲉⲛⲟⲥ"/>
		<feat xlink:href="#sSpan171" value="ⲁ"/>
		<feat xlink:href="#sSpan173" value="ϥ"/>
		<feat xlink:href="#sSpan174" value="ⲥⲃⲃⲏⲧ"/>
		<feat xlink:href="#sSpan175" value="ⲟⲩ"/></featList></paula>