<?xml version='1.0' encoding='UTF-8'?><!DOCTYPE paula SYSTEM "paula_feat.dtd">
<paula version="1.1">
	<header paula_id="scriptorium.01_Genesis_17.mark_pos"/>
	<featList xmlns:xlink="http://www.w3.org/1999/xlink" type="pos" xml:base="scriptorium.01_Genesis_17.mark.xml">
		<feat xlink:href="#sSpan2" value="PUNCT"/>
		<feat xlink:href="#sSpan4" value="PUNCT"/>
		<feat xlink:href="#sSpan6" value="PUNCT"/>
		<feat xlink:href="#sSpan8" value="APST"/>
		<feat xlink:href="#sSpan10" value="N"/>
		<feat xlink:href="#sSpan11" value="CONJ"/>
		<feat xlink:href="#sSpan13" value="AOPT_PPERS"/>
		<feat xlink:href="#sSpan15" value="V"/>
		<feat xlink:href="#sSpan16" value="PREP"/>
		<feat xlink:href="#sSpan18" value="ART"/>
		<feat xlink:href="#sSpan19" value="N"/>
		<feat xlink:href="#sSpan20" value="PREP"/>
		<feat xlink:href="#sSpan22" value="ART"/>
		<feat xlink:href="#sSpan23" value="N"/>
		<feat xlink:href="#sSpan24" value="PREP"/>
		<feat xlink:href="#sSpan26" value="PPOS"/>
		<feat xlink:href="#sSpan27" value="N"/>
		<feat xlink:href="#sSpan28" value="PREP"/>
		<feat xlink:href="#sSpan30" value="PPOS"/>
		<feat xlink:href="#sSpan31" value="N"/>
		<feat xlink:href="#sSpan33" value="ACONJ"/>
		<feat xlink:href="#sSpan35" value="PPERS"/>
		<feat xlink:href="#sSpan36" value="V"/>
		<feat xlink:href="#sSpan37" value="PREP"/>
		<feat xlink:href="#sSpan39" value="PPERO"/>
		<feat xlink:href="#sSpan40" value="PREP"/>
		<feat xlink:href="#sSpan42" value="N"/>
		<feat xlink:href="#sSpan44" value="N"/>
		<feat xlink:href="#sSpan46" value="PINT"/>
		<feat xlink:href="#sSpan48" value="PREP"/>
		<feat xlink:href="#sSpan50" value="PPOS"/>
		<feat xlink:href="#sSpan51" value="N"/>
		<feat xlink:href="#sSpan52" value="PREP"/>
		<feat xlink:href="#sSpan54" value="N"/>
		<feat xlink:href="#sSpan55" value="N"/>
		<feat xlink:href="#sSpan57" value="PINT"/>
		<feat xlink:href="#sSpan59" value="N"/>
		<feat xlink:href="#sSpan61" value="V"/>
		<feat xlink:href="#sSpan62" value="N"/>
		<feat xlink:href="#sSpan64" value="PREP"/>
		<feat xlink:href="#sSpan66" value="PPOS"/>
		<feat xlink:href="#sSpan67" value="N"/>
		<feat xlink:href="#sSpan68" value="PREP"/>
		<feat xlink:href="#sSpan70" value="ART"/>
		<feat xlink:href="#sSpan71" value="V"/>
		<feat xlink:href="#sSpan72" value="PREP"/>
		<feat xlink:href="#sSpan74" value="N"/>
		<feat xlink:href="#sSpan75" value="ADV"/>
		<feat xlink:href="#sSpan78" value="PREP"/>
		<feat xlink:href="#sSpan80" value="N"/>
		<feat xlink:href="#sSpan82" value="N"/>
		<feat xlink:href="#sSpan84" value="PINT"/>
		<feat xlink:href="#sSpan86" value="PREP"/>
		<feat xlink:href="#sSpan88" value="N"/>
		<feat xlink:href="#sSpan89" value="CREL"/>
		<feat xlink:href="#sSpan91" value="ART"/>
		<feat xlink:href="#sSpan92" value="N"/>
		<feat xlink:href="#sSpan93" value="N"/>
		<feat xlink:href="#sSpan94" value="APST"/>
		<feat xlink:href="#sSpan96" value="ART"/>
		<feat xlink:href="#sSpan97" value="N"/>
		<feat xlink:href="#sSpan98" value="PREP"/>
		<feat xlink:href="#sSpan100" value="PPOS"/>
		<feat xlink:href="#sSpan101" value="N"/>
		<feat xlink:href="#sSpan103" value="PREP"/>
		<feat xlink:href="#sSpan105" value="ART"/>
		<feat xlink:href="#sSpan106" value="N"/>
		<feat xlink:href="#sSpan107" value="CCIRC"/>
		<feat xlink:href="#sSpan109" value="PPERS"/>
		<feat xlink:href="#sSpan110" value="FUT"/>
		<feat xlink:href="#sSpan111" value="V"/>
		<feat xlink:href="#sSpan112" value="N"/>
		<feat xlink:href="#sSpan114" value="PINT"/>
		<feat xlink:href="#sSpan116" value="PREP"/>
		<feat xlink:href="#sSpan118" value="PPOS"/>
		<feat xlink:href="#sSpan119" value="N"/>
		<feat xlink:href="#sSpan120" value="PREP"/>
		<feat xlink:href="#sSpan122" value="ART"/>
		<feat xlink:href="#sSpan123" value="V"/>
		<feat xlink:href="#sSpan124" value="PREP"/>
		<feat xlink:href="#sSpan126" value="N"/>
		<feat xlink:href="#sSpan127" value="AOPT_PPERS"/>
		<feat xlink:href="#sSpan129" value="V"/>
		<feat xlink:href="#sSpan130" value="PUNCT"/>
		<feat xlink:href="#sSpan132" value="PUNCT"/>
		<feat xlink:href="#sSpan134" value="PUNCT"/>
		<feat xlink:href="#sSpan137" value="ART"/>
		<feat xlink:href="#sSpan139" value="N"/>
		<feat xlink:href="#sSpan140" value="PTC"/>
		<feat xlink:href="#sSpan142" value="IMOD"/>
		<feat xlink:href="#sSpan144" value="PPERO"/>
		<feat xlink:href="#sSpan145" value="PREP"/>
		<feat xlink:href="#sSpan147" value="PPOS"/>
		<feat xlink:href="#sSpan148" value="N"/>
		<feat xlink:href="#sSpan149" value="PREP"/>
		<feat xlink:href="#sSpan151" value="N"/>
		<feat xlink:href="#sSpan152" value="PREP"/>
		<feat xlink:href="#sSpan154" value="ART"/>
		<feat xlink:href="#sSpan155" value="V"/>
		<feat xlink:href="#sSpan156" value="IMOD"/>
		<feat xlink:href="#sSpan158" value="PPERO"/>
		<feat xlink:href="#sSpan159" value="PREP"/>
		<feat xlink:href="#sSpan161" value="N"/>
		<feat xlink:href="#sSpan162" value="ART"/>
		<feat xlink:href="#sSpan164" value="ADV"/>
		<feat xlink:href="#sSpan166" value="PREP"/>
		<feat xlink:href="#sSpan168" value="ART"/>
		<feat xlink:href="#sSpan169" value="ART"/>
		<feat xlink:href="#sSpan170" value="N"/>
		<feat xlink:href="#sSpan171" value="APST"/>
		<feat xlink:href="#sSpan173" value="PPERS"/>
		<feat xlink:href="#sSpan174" value="V"/>
		<feat xlink:href="#sSpan175" value="PPERO"/></featList></paula>