<?xml version='1.0' encoding='UTF-8'?><!DOCTYPE paula SYSTEM "paula_feat.dtd">
<paula version="1.1">
	<header paula_id="scriptorium.pscelestinus.encomium.02.mark_new_sent"/>
	<featList xmlns:xlink="http://www.w3.org/1999/xlink" type="new_sent" xml:base="scriptorium.pscelestinus.encomium.02.mark.xml">
		<feat xlink:href="#sSpan1" value="true"/>
		<feat xlink:href="#sSpan86" value="true"/>
		<feat xlink:href="#sSpan259" value="true"/>
		<feat xlink:href="#sSpan336" value="true"/>
		<feat xlink:href="#sSpan384" value="true"/>
		<feat xlink:href="#sSpan466" value="true"/>
		<feat xlink:href="#sSpan497" value="true"/>
		<feat xlink:href="#sSpan527" value="true"/>
		<feat xlink:href="#sSpan575" value="true"/>
		<feat xlink:href="#sSpan613" value="true"/>
		<feat xlink:href="#sSpan766" value="true"/>
		<feat xlink:href="#sSpan812" value="true"/>
		<feat xlink:href="#sSpan904" value="true"/>
		<feat xlink:href="#sSpan968" value="true"/>
		<feat xlink:href="#sSpan1008" value="true"/>
		<feat xlink:href="#sSpan1080" value="true"/>
		<feat xlink:href="#sSpan1198" value="true"/>
		<feat xlink:href="#sSpan1240" value="true"/>
		<feat xlink:href="#sSpan1310" value="true"/>
		<feat xlink:href="#sSpan1335" value="true"/>
		<feat xlink:href="#sSpan1361" value="true"/>
		<feat xlink:href="#sSpan1429" value="true"/>
		<feat xlink:href="#sSpan1485" value="true"/>
		<feat xlink:href="#sSpan1512" value="true"/>
		<feat xlink:href="#sSpan1672" value="true"/>
		<feat xlink:href="#sSpan1723" value="true"/>
		<feat xlink:href="#sSpan1794" value="true"/>
		<feat xlink:href="#sSpan1927" value="true"/>
		<feat xlink:href="#sSpan1970" value="true"/>
		<feat xlink:href="#sSpan2065" value="true"/>
		<feat xlink:href="#sSpan2210" value="true"/>
		<feat xlink:href="#sSpan2321" value="true"/>
		<feat xlink:href="#sSpan2442" value="true"/>
		<feat xlink:href="#sSpan2509" value="true"/>
		<feat xlink:href="#sSpan2530" value="true"/>
		<feat xlink:href="#sSpan2595" value="true"/>
		<feat xlink:href="#sSpan2644" value="true"/>
		<feat xlink:href="#sSpan2699" value="true"/>
		<feat xlink:href="#sSpan2776" value="true"/>
		<feat xlink:href="#sSpan2908" value="true"/>
		<feat xlink:href="#sSpan2988" value="true"/>
		<feat xlink:href="#sSpan3144" value="true"/>
		<feat xlink:href="#sSpan3252" value="true"/>
		<feat xlink:href="#sSpan3308" value="true"/>
		<feat xlink:href="#sSpan3423" value="true"/>
		<feat xlink:href="#sSpan3565" value="true"/>
		<feat xlink:href="#sSpan3691" value="true"/>
		<feat xlink:href="#sSpan3742" value="true"/>
		<feat xlink:href="#sSpan3790" value="true"/>
		<feat xlink:href="#sSpan3844" value="true"/>
		<feat xlink:href="#sSpan3903" value="true"/>
		<feat xlink:href="#sSpan4058" value="true"/>
		<feat xlink:href="#sSpan4203" value="true"/>
		<feat xlink:href="#sSpan4329" value="true"/>
		<feat xlink:href="#sSpan4382" value="true"/>
		<feat xlink:href="#sSpan4472" value="true"/>
		<feat xlink:href="#sSpan4510" value="true"/>
		<feat xlink:href="#sSpan4588" value="true"/>
		<feat xlink:href="#sSpan4686" value="true"/>
		<feat xlink:href="#sSpan4793" value="true"/>
		<feat xlink:href="#sSpan4863" value="true"/>
		<feat xlink:href="#sSpan4996" value="true"/>
		<feat xlink:href="#sSpan5042" value="true"/>
		<feat xlink:href="#sSpan5091" value="true"/>
		<feat xlink:href="#sSpan5118" value="true"/>
		<feat xlink:href="#sSpan5237" value="true"/>
		<feat xlink:href="#sSpan5288" value="true"/>
		<feat xlink:href="#sSpan5414" value="true"/>
		<feat xlink:href="#sSpan5486" value="true"/>
		<feat xlink:href="#sSpan5679" value="true"/>
		<feat xlink:href="#sSpan5828" value="true"/>
		<feat xlink:href="#sSpan5868" value="true"/>
		<feat xlink:href="#sSpan5950" value="true"/>
		<feat xlink:href="#sSpan5996" value="true"/>
		<feat xlink:href="#sSpan6021" value="true"/>
		<feat xlink:href="#sSpan6087" value="true"/>
		<feat xlink:href="#sSpan6120" value="true"/>
		<feat xlink:href="#sSpan6292" value="true"/>
		<feat xlink:href="#sSpan6374" value="true"/>
		<feat xlink:href="#sSpan6460" value="true"/>
		<feat xlink:href="#sSpan6518" value="true"/>
		<feat xlink:href="#sSpan6593" value="true"/>
		<feat xlink:href="#sSpan6653" value="true"/>
		<feat xlink:href="#sSpan6748" value="true"/>
		<feat xlink:href="#sSpan6856" value="true"/>
		<feat xlink:href="#sSpan6979" value="true"/>
		<feat xlink:href="#sSpan7014" value="true"/>
		<feat xlink:href="#sSpan7125" value="true"/>
		<feat xlink:href="#sSpan7203" value="true"/>
		<feat xlink:href="#sSpan7261" value="true"/>
		<feat xlink:href="#sSpan7307" value="true"/>
		<feat xlink:href="#sSpan7376" value="true"/>
		<feat xlink:href="#sSpan7496" value="true"/>
		<feat xlink:href="#sSpan7592" value="true"/>
		<feat xlink:href="#sSpan7663" value="true"/>
		<feat xlink:href="#sSpan7791" value="true"/>
		<feat xlink:href="#sSpan7866" value="true"/>
		<feat xlink:href="#sSpan7908" value="true"/>
		<feat xlink:href="#sSpan7966" value="true"/>
		<feat xlink:href="#sSpan8085" value="true"/>
		<feat xlink:href="#sSpan8211" value="true"/>
		<feat xlink:href="#sSpan8285" value="true"/>
		<feat xlink:href="#sSpan8330" value="true"/>
		<feat xlink:href="#sSpan8408" value="true"/>
		<feat xlink:href="#sSpan8502" value="true"/>
		<feat xlink:href="#sSpan8575" value="true"/>
		<feat xlink:href="#sSpan8620" value="true"/>
		<feat xlink:href="#sSpan8796" value="true"/>
		<feat xlink:href="#sSpan8986" value="true"/>
		<feat xlink:href="#sSpan9109" value="true"/>
		<feat xlink:href="#sSpan9150" value="true"/>
		<feat xlink:href="#sSpan9332" value="true"/>
		<feat xlink:href="#sSpan9407" value="true"/>
		<feat xlink:href="#sSpan9478" value="true"/>
		<feat xlink:href="#sSpan9579" value="true"/>
		<feat xlink:href="#sSpan9696" value="true"/>
		<feat xlink:href="#sSpan9794" value="true"/>
		<feat xlink:href="#sSpan9892" value="true"/>
		<feat xlink:href="#sSpan10125" value="true"/>
		<feat xlink:href="#sSpan10312" value="true"/>
		<feat xlink:href="#sSpan10438" value="true"/>
		<feat xlink:href="#sSpan10625" value="true"/>
		<feat xlink:href="#sSpan10734" value="true"/>
		<feat xlink:href="#sSpan10822" value="true"/>
		<feat xlink:href="#sSpan10947" value="true"/>
		<feat xlink:href="#sSpan10988" value="true"/>
		<feat xlink:href="#sSpan11088" value="true"/>
		<feat xlink:href="#sSpan11244" value="true"/>
		<feat xlink:href="#sSpan11341" value="true"/>
		<feat xlink:href="#sSpan11411" value="true"/>
		<feat xlink:href="#sSpan11486" value="true"/>
		<feat xlink:href="#sSpan11622" value="true"/>
		<feat xlink:href="#sSpan11673" value="true"/>
		<feat xlink:href="#sSpan11722" value="true"/>
		<feat xlink:href="#sSpan11765" value="true"/>
		<feat xlink:href="#sSpan11836" value="true"/>
		<feat xlink:href="#sSpan11904" value="true"/>
		<feat xlink:href="#sSpan11963" value="true"/>
		<feat xlink:href="#sSpan12058" value="true"/>
		<feat xlink:href="#sSpan12086" value="true"/>
		<feat xlink:href="#sSpan12172" value="true"/>
		<feat xlink:href="#sSpan12285" value="true"/>
		<feat xlink:href="#sSpan12332" value="true"/>
		<feat xlink:href="#sSpan12485" value="true"/>
		<feat xlink:href="#sSpan12580" value="true"/>
		<feat xlink:href="#sSpan12735" value="true"/>
		<feat xlink:href="#sSpan12908" value="true"/>
		<feat xlink:href="#sSpan12979" value="true"/>
		<feat xlink:href="#sSpan13249" value="true"/>
		<feat xlink:href="#sSpan13390" value="true"/>
		<feat xlink:href="#sSpan13430" value="true"/>
		<feat xlink:href="#sSpan13574" value="true"/>
		<feat xlink:href="#sSpan13709" value="true"/>
		<feat xlink:href="#sSpan13762" value="true"/>
		<feat xlink:href="#sSpan13844" value="true"/>
		<feat xlink:href="#sSpan13929" value="true"/>
		<feat xlink:href="#sSpan13986" value="true"/>
		<feat xlink:href="#sSpan14061" value="true"/>
		<feat xlink:href="#sSpan14234" value="true"/>
		<feat xlink:href="#sSpan14267" value="true"/>
		<feat xlink:href="#sSpan14412" value="true"/>
		<feat xlink:href="#sSpan14471" value="true"/>
		<feat xlink:href="#sSpan14557" value="true"/>
		<feat xlink:href="#sSpan14714" value="true"/>
		<feat xlink:href="#sSpan14795" value="true"/>
		<feat xlink:href="#sSpan14866" value="true"/>
		<feat xlink:href="#sSpan14909" value="true"/>
		<feat xlink:href="#sSpan15040" value="true"/>
		<feat xlink:href="#sSpan15103" value="true"/>
		<feat xlink:href="#sSpan15215" value="true"/>
		<feat xlink:href="#sSpan15295" value="true"/>
		<feat xlink:href="#sSpan15324" value="true"/>
		<feat xlink:href="#sSpan15438" value="true"/>
		<feat xlink:href="#sSpan15611" value="true"/>
		<feat xlink:href="#sSpan15685" value="true"/>
		<feat xlink:href="#sSpan15732" value="true"/>
		<feat xlink:href="#sSpan15792" value="true"/>
		<feat xlink:href="#sSpan15836" value="true"/>
		<feat xlink:href="#sSpan15892" value="true"/>
		<feat xlink:href="#sSpan16006" value="true"/>
		<feat xlink:href="#sSpan16098" value="true"/>
		<feat xlink:href="#sSpan16200" value="true"/>
		<feat xlink:href="#sSpan16251" value="true"/>
		<feat xlink:href="#sSpan16336" value="true"/>
		<feat xlink:href="#sSpan16418" value="true"/>
		<feat xlink:href="#sSpan16488" value="true"/>
		<feat xlink:href="#sSpan16702" value="true"/>
		<feat xlink:href="#sSpan16829" value="true"/>
		<feat xlink:href="#sSpan16871" value="true"/>
		<feat xlink:href="#sSpan16906" value="true"/>
		<feat xlink:href="#sSpan16930" value="true"/>
		<feat xlink:href="#sSpan17043" value="true"/>
		<feat xlink:href="#sSpan17172" value="true"/>
		<feat xlink:href="#sSpan17287" value="true"/>
		<feat xlink:href="#sSpan17334" value="true"/>
		<feat xlink:href="#sSpan17393" value="true"/>
		<feat xlink:href="#sSpan17460" value="true"/>
		<feat xlink:href="#sSpan17595" value="true"/>
		<feat xlink:href="#sSpan17699" value="true"/>
		<feat xlink:href="#sSpan17991" value="true"/>
		<feat xlink:href="#sSpan18059" value="true"/>
		<feat xlink:href="#sSpan18097" value="true"/>
		<feat xlink:href="#sSpan18222" value="true"/>
		<feat xlink:href="#sSpan18279" value="true"/>
		<feat xlink:href="#sSpan18334" value="true"/>
		<feat xlink:href="#sSpan18407" value="true"/>
		<feat xlink:href="#sSpan18558" value="true"/>
		<feat xlink:href="#sSpan18592" value="true"/>
		<feat xlink:href="#sSpan18616" value="true"/>
		<feat xlink:href="#sSpan18644" value="true"/>
		<feat xlink:href="#sSpan18702" value="true"/>
		<feat xlink:href="#sSpan18734" value="true"/>
		<feat xlink:href="#sSpan18755" value="true"/>
		<feat xlink:href="#sSpan18808" value="true"/>
		<feat xlink:href="#sSpan18842" value="true"/>
		<feat xlink:href="#sSpan18943" value="true"/>
		<feat xlink:href="#sSpan19055" value="true"/>
		<feat xlink:href="#sSpan19139" value="true"/>
		<feat xlink:href="#sSpan19209" value="true"/>
		<feat xlink:href="#sSpan19281" value="true"/>
		<feat xlink:href="#sSpan19357" value="true"/>
		<feat xlink:href="#sSpan19414" value="true"/>
		<feat xlink:href="#sSpan19525" value="true"/>
		<feat xlink:href="#sSpan19623" value="true"/>
		<feat xlink:href="#sSpan19712" value="true"/>
		<feat xlink:href="#sSpan19791" value="true"/>
		<feat xlink:href="#sSpan19849" value="true"/>
		<feat xlink:href="#sSpan19968" value="true"/>
		<feat xlink:href="#sSpan20014" value="true"/>
		<feat xlink:href="#sSpan20041" value="true"/>
		<feat xlink:href="#sSpan20070" value="true"/>
		<feat xlink:href="#sSpan20135" value="true"/>
		<feat xlink:href="#sSpan20192" value="true"/>
		<feat xlink:href="#sSpan20335" value="true"/>
		<feat xlink:href="#sSpan20519" value="true"/>
		<feat xlink:href="#sSpan20640" value="true"/>
		<feat xlink:href="#sSpan20828" value="true"/>
		<feat xlink:href="#sSpan21053" value="true"/>
		<feat xlink:href="#sSpan21142" value="true"/>
		<feat xlink:href="#sSpan21181" value="true"/>
		<feat xlink:href="#sSpan21210" value="true"/>
		<feat xlink:href="#sSpan21234" value="true"/>
		<feat xlink:href="#sSpan21273" value="true"/>
		<feat xlink:href="#sSpan21317" value="true"/>
		<feat xlink:href="#sSpan21437" value="true"/>
		<feat xlink:href="#sSpan21533" value="true"/>
		<feat xlink:href="#sSpan21612" value="true"/>
		<feat xlink:href="#sSpan21678" value="true"/>
		<feat xlink:href="#sSpan21808" value="true"/>
		<feat xlink:href="#sSpan21866" value="true"/>
		<feat xlink:href="#sSpan21988" value="true"/>
		<feat xlink:href="#sSpan22182" value="true"/>
		<feat xlink:href="#sSpan22361" value="true"/>
		<feat xlink:href="#sSpan22461" value="true"/>
		<feat xlink:href="#sSpan22642" value="true"/>
		<feat xlink:href="#sSpan22715" value="true"/>
		<feat xlink:href="#sSpan22783" value="true"/>
		<feat xlink:href="#sSpan22864" value="true"/>
		<feat xlink:href="#sSpan22913" value="true"/>
		<feat xlink:href="#sSpan22985" value="true"/>
		<feat xlink:href="#sSpan23047" value="true"/>
		<feat xlink:href="#sSpan23110" value="true"/>
		<feat xlink:href="#sSpan23161" value="true"/>
		<feat xlink:href="#sSpan23205" value="true"/>
		<feat xlink:href="#sSpan23231" value="true"/>
		<feat xlink:href="#sSpan23254" value="true"/>
		<feat xlink:href="#sSpan23277" value="true"/>
		<feat xlink:href="#sSpan23333" value="true"/>
		<feat xlink:href="#sSpan23442" value="true"/>
		<feat xlink:href="#sSpan23586" value="true"/>
		<feat xlink:href="#sSpan23660" value="true"/>
		<feat xlink:href="#sSpan23691" value="true"/>
		<feat xlink:href="#sSpan23746" value="true"/>
		<feat xlink:href="#sSpan23809" value="true"/>
		<feat xlink:href="#sSpan23945" value="true"/>
		<feat xlink:href="#sSpan23979" value="true"/>
		<feat xlink:href="#sSpan24087" value="true"/>
		<feat xlink:href="#sSpan24118" value="true"/></featList></paula>