<?xml version='1.0' encoding='UTF-8'?><!DOCTYPE paula SYSTEM "paula_mark.dtd">
<paula version="1.1">
	<header paula_id="AP.001.n135.mother.tok"/>
	<markList xmlns:xlink="http://www.w3.org/1999/xlink" type="tok" xml:base="AP.001.n135.mother.text.xml">
		<!--ⲉⲩⲉ-->
		<mark id="sTok1" xlink:href="#xpointer(string-range(//body,'',1,3))"/>
		<!--ⲉ̇-->
		<mark id="sTok2" xlink:href="#xpointer(string-range(//body,'',5,2))"/>
		<!--ϥ-->
		<mark id="sTok3" xlink:href="#xpointer(string-range(//body,'',8,1))"/>
		<!--ϫ-->
		<mark id="sTok4" xlink:href="#xpointer(string-range(//body,'',10,1))"/>
		<!--ⲱ-->
		<mark id="sTok5" xlink:href="#xpointer(string-range(//body,'',12,1))"/>
		<!--ⲙ̇ⲙⲟ-->
		<mark id="sTok6" xlink:href="#xpointer(string-range(//body,'',14,4))"/>
		<!--ⲥ-->
		<mark id="sTok7" xlink:href="#xpointer(string-range(//body,'',19,1))"/>
		<!--·-->
		<mark id="sTok8" xlink:href="#xpointer(string-range(//body,'',21,1))"/>
		<!--ϫⲉ-->
		<mark id="sTok9" xlink:href="#xpointer(string-range(//body,'',23,2))"/>
		<!--ⲉ-->
		<mark id="sTok10" xlink:href="#xpointer(string-range(//body,'',26,1))"/>
		<!--ⲓ̇-->
		<mark id="sTok11" xlink:href="#xpointer(string-range(//body,'',28,2))"/>
		<!--ⲟⲩⲱϣ-->
		<mark id="sTok12" xlink:href="#xpointer(string-range(//body,'',31,4))"/>
		<!--ⲉ̇-->
		<mark id="sTok13" xlink:href="#xpointer(string-range(//body,'',36,2))"/>
		<!--ⲧⲟⲩ-->
		<mark id="sTok14" xlink:href="#xpointer(string-range(//body,'',39,3))"/>
		<!--ϫ-->
		<mark id="sTok15" xlink:href="#xpointer(string-range(//body,'',43,1))"/>
		<!--ⲧⲁ-->
		<mark id="sTok16" xlink:href="#xpointer(string-range(//body,'',45,2))"/>
		<!--ⲯⲩⲭⲏ-->
		<mark id="sTok17" xlink:href="#xpointer(string-range(//body,'',48,4))"/>
		<!--ⲻ-->
		<mark id="sTok18" xlink:href="#xpointer(string-range(//body,'',53,1))"/>
		<!--ⲛ̄-->
		<mark id="sTok19" xlink:href="#xpointer(string-range(//body,'',55,2))"/>
		<!--ⲧⲟⲥ-->
		<mark id="sTok20" xlink:href="#xpointer(string-range(//body,'',58,3))"/>
		<!--ⲇⲉ-->
		<mark id="sTok21" xlink:href="#xpointer(string-range(//body,'',62,2))"/>
		<!--ⲁ̇-->
		<mark id="sTok22" xlink:href="#xpointer(string-range(//body,'',65,2))"/>
		<!--ⲥ-->
		<mark id="sTok23" xlink:href="#xpointer(string-range(//body,'',68,1))"/>
		<!--ϩⲓ̇ⲥⲉ-->
		<mark id="sTok24" xlink:href="#xpointer(string-range(//body,'',70,5))"/>
		<!--ⲉ̇-->
		<mark id="sTok25" xlink:href="#xpointer(string-range(//body,'',76,2))"/>
		<!--ⲥ-->
		<mark id="sTok26" xlink:href="#xpointer(string-range(//body,'',79,1))"/>
		<!--ϣⲱϣⲧ̇-->
		<mark id="sTok27" xlink:href="#xpointer(string-range(//body,'',81,5))"/>
		<!--ⲙ̇ⲙⲟ-->
		<mark id="sTok28" xlink:href="#xpointer(string-range(//body,'',87,4))"/>
		<!--ϥ-->
		<mark id="sTok29" xlink:href="#xpointer(string-range(//body,'',92,1))"/>
		<!--ⲙ̇-->
		<mark id="sTok30" xlink:href="#xpointer(string-range(//body,'',94,2))"/>
		<!--ⲡⲉ-->
		<mark id="sTok31" xlink:href="#xpointer(string-range(//body,'',97,2))"/>
		<!--ⲥ-->
		<mark id="sTok32" xlink:href="#xpointer(string-range(//body,'',100,1))"/>
		<!--ϣ̇-->
		<mark id="sTok33" xlink:href="#xpointer(string-range(//body,'',102,2))"/>
		<!--ϭⲙ̇ϭⲟⲙ-->
		<mark id="sTok34" xlink:href="#xpointer(string-range(//body,'',105,6))"/>
		<!--ⲉ̇ⲣⲟ-->
		<mark id="sTok35" xlink:href="#xpointer(string-range(//body,'',112,4))"/>
		<!--ϥ-->
		<mark id="sTok36" xlink:href="#xpointer(string-range(//body,'',117,1))"/>
		<!--ⲙⲛ̇ⲛⲥⲱ-->
		<mark id="sTok37" xlink:href="#xpointer(string-range(//body,'',119,6))"/>
		<!--ⲥ-->
		<mark id="sTok38" xlink:href="#xpointer(string-range(//body,'',126,1))"/>
		<!--ⲁ̇-->
		<mark id="sTok39" xlink:href="#xpointer(string-range(//body,'',128,2))"/>
		<!--ⲥ-->
		<mark id="sTok40" xlink:href="#xpointer(string-range(//body,'',131,1))"/>
		<!--ⲕⲁⲁ̇-->
		<mark id="sTok41" xlink:href="#xpointer(string-range(//body,'',133,4))"/>
		<!--ϥ-->
		<mark id="sTok42" xlink:href="#xpointer(string-range(//body,'',138,1))"/>
		<!--ⲉ̇-->
		<mark id="sTok43" xlink:href="#xpointer(string-range(//body,'',140,2))"/>
		<!--ⲃⲟ-->
		<mark id="sTok44" xlink:href="#xpointer(string-range(//body,'',143,2))"/>
		<!--ⲗ-->
		<mark id="sTok45" xlink:href="#xpointer(string-range(//body,'',146,1))"/>
		<!--·-->
		<mark id="sTok46" xlink:href="#xpointer(string-range(//body,'',148,1))"/>
		<!--ⲛⲧⲉⲣⲉ-->
		<mark id="sTok47" xlink:href="#xpointer(string-range(//body,'',150,5))"/>
		<!--ϥ-->
		<mark id="sTok48" xlink:href="#xpointer(string-range(//body,'',156,1))"/>
		<!--ⲃ-->
		<mark id="sTok49" xlink:href="#xpointer(string-range(//body,'',158,1))"/>
		<!--ⲱⲕ-->
		<mark id="sTok50" xlink:href="#xpointer(string-range(//body,'',160,2))"/>
		<!--ⲇⲉ-->
		<mark id="sTok51" xlink:href="#xpointer(string-range(//body,'',163,2))"/>
		<!--ⲛ̇-->
		<mark id="sTok52" xlink:href="#xpointer(string-range(//body,'',166,2))"/>
		<!--ϥ-->
		<mark id="sTok53" xlink:href="#xpointer(string-range(//body,'',169,1))"/>
		<!--ⲣ-->
		<mark id="sTok54" xlink:href="#xpointer(string-range(//body,'',171,1))"/>
		<!--ⲙⲟⲛⲁ-->
		<mark id="sTok55" xlink:href="#xpointer(string-range(//body,'',173,4))"/>
		<!--ⲭⲟⲥ-->
		<mark id="sTok56" xlink:href="#xpointer(string-range(//body,'',178,3))"/>
		<!--ⲁ̇-->
		<mark id="sTok57" xlink:href="#xpointer(string-range(//body,'',182,2))"/>
		<!--ϥ-->
		<mark id="sTok58" xlink:href="#xpointer(string-range(//body,'',185,1))"/>
		<!--ϣⲱⲡⲉ-->
		<mark id="sTok59" xlink:href="#xpointer(string-range(//body,'',187,4))"/>
		<!--ϩⲛ̇-->
		<mark id="sTok60" xlink:href="#xpointer(string-range(//body,'',192,3))"/>
		<!--ⲟⲩ-->
		<mark id="sTok61" xlink:href="#xpointer(string-range(//body,'',196,2))"/>
		<!--ⲁⲙⲉⲗⲓ̇ⲁ̇-->
		<mark id="sTok62" xlink:href="#xpointer(string-range(//body,'',199,8))"/>
		<!--·-->
		<mark id="sTok63" xlink:href="#xpointer(string-range(//body,'',208,1))"/>
		<!--ⲁⲩⲱ̇-->
		<mark id="sTok64" xlink:href="#xpointer(string-range(//body,'',210,4))"/>
		<!--ⲁ̇-->
		<mark id="sTok65" xlink:href="#xpointer(string-range(//body,'',215,2))"/>
		<!--ϥ-->
		<mark id="sTok66" xlink:href="#xpointer(string-range(//body,'',218,1))"/>
		<!--ϫⲉ-->
		<mark id="sTok67" xlink:href="#xpointer(string-range(//body,'',220,2))"/>
		<!--ⲡⲉϥ-->
		<mark id="sTok68" xlink:href="#xpointer(string-range(//body,'',223,3))"/>
		<!--ⲁ̇ϩⲉ-->
		<mark id="sTok69" xlink:href="#xpointer(string-range(//body,'',227,4))"/>
		<!--ⲉ̇ⲃⲟⲗ-->
		<mark id="sTok70" xlink:href="#xpointer(string-range(//body,'',232,5))"/>
		<!--ⲕⲁ-->
		<mark id="sTok71" xlink:href="#xpointer(string-range(//body,'',238,2))"/>
		<!--ⲕⲱⲥ-->
		<mark id="sTok72" xlink:href="#xpointer(string-range(//body,'',241,3))"/>
		<!--·-->
		<mark id="sTok73" xlink:href="#xpointer(string-range(//body,'',245,1))"/>
		<!--ⲁ̇-->
		<mark id="sTok74" xlink:href="#xpointer(string-range(//body,'',247,2))"/>
		<!--ⲥ-->
		<mark id="sTok75" xlink:href="#xpointer(string-range(//body,'',250,1))"/>
		<!--ϣⲱ-->
		<mark id="sTok76" xlink:href="#xpointer(string-range(//body,'',252,2))"/>
		<!--ⲡ-->
		<mark id="sTok77" xlink:href="#xpointer(string-range(//body,'',255,1))"/>
		<!--ⲉ-->
		<mark id="sTok78" xlink:href="#xpointer(string-range(//body,'',257,1))"/>
		<!--ⲇⲉ-->
		<mark id="sTok79" xlink:href="#xpointer(string-range(//body,'',259,2))"/>
		<!--ⲛ̇ⲧⲉⲣⲉ-->
		<mark id="sTok80" xlink:href="#xpointer(string-range(//body,'',262,6))"/>
		<!--ⲧⲉϥ-->
		<mark id="sTok81" xlink:href="#xpointer(string-range(//body,'',269,3))"/>
		<!--ⲙⲁⲁ̇ⲩ-->
		<mark id="sTok82" xlink:href="#xpointer(string-range(//body,'',273,5))"/>
		<!--ⲙⲟⲩ-->
		<mark id="sTok83" xlink:href="#xpointer(string-range(//body,'',279,3))"/>
		<!--.-->
		<mark id="sTok84" xlink:href="#xpointer(string-range(//body,'',283,1))"/>
		<!--ⲙⲛ̇ⲛ̇ⲥⲁ-->
		<mark id="sTok85" xlink:href="#xpointer(string-range(//body,'',285,7))"/>
		<!--ⲟⲩⲟⲉ̇ⲓ̇ϣ-->
		<mark id="sTok86" xlink:href="#xpointer(string-range(//body,'',293,8))"/>
		<!--ⲇⲉ-->
		<mark id="sTok87" xlink:href="#xpointer(string-range(//body,'',302,2))"/>
		<!--ⲁ̇-->
		<mark id="sTok88" xlink:href="#xpointer(string-range(//body,'',305,2))"/>
		<!--ϥ-->
		<mark id="sTok89" xlink:href="#xpointer(string-range(//body,'',308,1))"/>
		<!--ϣⲱⲛⲉ-->
		<mark id="sTok90" xlink:href="#xpointer(string-range(//body,'',310,4))"/>
		<!--ϩⲛ̇-->
		<mark id="sTok91" xlink:href="#xpointer(string-range(//body,'',315,3))"/>
		<!--ⲟⲩ-->
		<mark id="sTok92" xlink:href="#xpointer(string-range(//body,'',319,2))"/>
		<!--ⲛⲟϭ-->
		<mark id="sTok93" xlink:href="#xpointer(string-range(//body,'',322,3))"/>
		<!--ⲛ̇-->
		<mark id="sTok94" xlink:href="#xpointer(string-range(//body,'',326,2))"/>
		<!--ϣⲱⲛⲉ-->
		<mark id="sTok95" xlink:href="#xpointer(string-range(//body,'',329,4))"/>
		<!--·-->
		<mark id="sTok96" xlink:href="#xpointer(string-range(//body,'',334,1))"/>
		<!--ϩⲱⲥⲧⲉ-->
		<mark id="sTok97" xlink:href="#xpointer(string-range(//body,'',336,5))"/>
		<!--ⲛ-->
		<mark id="sTok98" xlink:href="#xpointer(string-range(//body,'',342,1))"/>
		<!--ϥ̇-->
		<mark id="sTok99" xlink:href="#xpointer(string-range(//body,'',344,2))"/>
		<!--ϣⲱⲡⲉ-->
		<mark id="sTok100" xlink:href="#xpointer(string-range(//body,'',347,4))"/>
		<!--ϩⲛ̇-->
		<mark id="sTok101" xlink:href="#xpointer(string-range(//body,'',352,3))"/>
		<!--ⲟⲩ-->
		<mark id="sTok102" xlink:href="#xpointer(string-range(//body,'',356,2))"/>
		<!--ⲉ̇ⲕⲥ-->
		<mark id="sTok103" xlink:href="#xpointer(string-range(//body,'',359,4))"/>
		<!--ⲧⲁⲥⲓⲥ-->
		<mark id="sTok104" xlink:href="#xpointer(string-range(//body,'',364,5))"/>
		<!--ⲉ̇-->
		<mark id="sTok105" xlink:href="#xpointer(string-range(//body,'',370,2))"/>
		<!--ⲧⲣⲉ-->
		<mark id="sTok106" xlink:href="#xpointer(string-range(//body,'',373,3))"/>
		<!--ⲩ-->
		<mark id="sTok107" xlink:href="#xpointer(string-range(//body,'',377,1))"/>
		<!--ⲧⲟⲣⲡ-->
		<mark id="sTok108" xlink:href="#xpointer(string-range(//body,'',379,4))"/>
		<!--ϥ̇-->
		<mark id="sTok109" xlink:href="#xpointer(string-range(//body,'',384,2))"/>
		<!--ⲉ̇-->
		<mark id="sTok110" xlink:href="#xpointer(string-range(//body,'',387,2))"/>
		<!--ⲧⲉ-->
		<mark id="sTok111" xlink:href="#xpointer(string-range(//body,'',390,2))"/>
		<!--ⲕⲣⲓ̇ⲥⲓ̇ⲥ-->
		<mark id="sTok112" xlink:href="#xpointer(string-range(//body,'',393,8))"/>
		<!--·-->
		<mark id="sTok113" xlink:href="#xpointer(string-range(//body,'',402,1))"/>
		<!--ⲁⲩⲱ̇-->
		<mark id="sTok114" xlink:href="#xpointer(string-range(//body,'',404,4))"/>
		<!--ⲁ̇-->
		<mark id="sTok115" xlink:href="#xpointer(string-range(//body,'',409,2))"/>
		<!--ϥ-->
		<mark id="sTok116" xlink:href="#xpointer(string-range(//body,'',412,1))"/>
		<!--ϭⲓ̇ⲛⲉ-->
		<mark id="sTok117" xlink:href="#xpointer(string-range(//body,'',414,5))"/>
		<!--ⲛ̇-->
		<mark id="sTok118" xlink:href="#xpointer(string-range(//body,'',420,2))"/>
		<!--ⲧⲉϥ-->
		<mark id="sTok119" xlink:href="#xpointer(string-range(//body,'',423,3))"/>
		<!--ⲙⲁⲁ̇ⲩ-->
		<mark id="sTok120" xlink:href="#xpointer(string-range(//body,'',427,5))"/>
		<!--ⲙ̇ⲙⲁⲩ-->
		<mark id="sTok121" xlink:href="#xpointer(string-range(//body,'',433,5))"/>
		<!--ⲙⲛ̇-->
		<mark id="sTok122" xlink:href="#xpointer(string-range(//body,'',439,3))"/>
		<!--ⲛ-->
		<mark id="sTok123" xlink:href="#xpointer(string-range(//body,'',443,1))"/>
		<!--ⲉⲧ-->
		<mark id="sTok124" xlink:href="#xpointer(string-range(//body,'',445,2))"/>
		<!--ⲟⲩ-->
		<mark id="sTok125" xlink:href="#xpointer(string-range(//body,'',448,2))"/>
		<!--ⲕ̇ⲣⲓ̇-->
		<mark id="sTok126" xlink:href="#xpointer(string-range(//body,'',451,5))"/>
		<!--ⲛⲉ-->
		<mark id="sTok127" xlink:href="#xpointer(string-range(//body,'',457,2))"/>
		<!--ⲙ̇ⲙⲟ-->
		<mark id="sTok128" xlink:href="#xpointer(string-range(//body,'',460,4))"/>
		<!--ⲟⲩ-->
		<mark id="sTok129" xlink:href="#xpointer(string-range(//body,'',465,2))"/>
		<!--·ⲻ-->
		<mark id="sTok130" xlink:href="#xpointer(string-range(//body,'',468,2))"/>
		<!--ⲛ̄-->
		<mark id="sTok131" xlink:href="#xpointer(string-range(//body,'',471,2))"/>
		<!--ⲧⲟⲥ-->
		<mark id="sTok132" xlink:href="#xpointer(string-range(//body,'',474,3))"/>
		<!--ⲇⲉ-->
		<mark id="sTok133" xlink:href="#xpointer(string-range(//body,'',478,2))"/>
		<!--ⲛ̇ⲧⲉⲣⲉ-->
		<mark id="sTok134" xlink:href="#xpointer(string-range(//body,'',481,6))"/>
		<!--ⲥ-->
		<mark id="sTok135" xlink:href="#xpointer(string-range(//body,'',488,1))"/>
		<!--ⲛⲁⲩ-->
		<mark id="sTok136" xlink:href="#xpointer(string-range(//body,'',490,3))"/>
		<!--ⲉ̇ⲣⲟ-->
		<mark id="sTok137" xlink:href="#xpointer(string-range(//body,'',494,4))"/>
		<!--ϥ-->
		<mark id="sTok138" xlink:href="#xpointer(string-range(//body,'',499,1))"/>
		<!--ⲁ̇-->
		<mark id="sTok139" xlink:href="#xpointer(string-range(//body,'',501,2))"/>
		<!--ⲥ-->
		<mark id="sTok140" xlink:href="#xpointer(string-range(//body,'',504,1))"/>
		<!--ⲡⲱϣⲥ̇-->
		<mark id="sTok141" xlink:href="#xpointer(string-range(//body,'',506,5))"/>
		<!--·-->
		<mark id="sTok142" xlink:href="#xpointer(string-range(//body,'',512,1))"/>
		<!--ⲁⲩⲱ̇-->
		<mark id="sTok143" xlink:href="#xpointer(string-range(//body,'',514,4))"/>
		<!--ⲡⲉϫⲁ-->
		<mark id="sTok144" xlink:href="#xpointer(string-range(//body,'',519,4))"/>
		<!--ⲥ-->
		<mark id="sTok145" xlink:href="#xpointer(string-range(//body,'',524,1))"/>
		<!--ⲛⲁ-->
		<mark id="sTok146" xlink:href="#xpointer(string-range(//body,'',526,2))"/>
		<!--ϥ-->
		<mark id="sTok147" xlink:href="#xpointer(string-range(//body,'',529,1))"/>
		<!--·-->
		<mark id="sTok148" xlink:href="#xpointer(string-range(//body,'',531,1))"/>
		<!--ϫⲉ-->
		<mark id="sTok149" xlink:href="#xpointer(string-range(//body,'',533,2))"/>
		<!--ⲟⲩ-->
		<mark id="sTok150" xlink:href="#xpointer(string-range(//body,'',536,2))"/>
		<!--ⲡⲉ-->
		<mark id="sTok151" xlink:href="#xpointer(string-range(//body,'',539,2))"/>
		<!--ⲡⲁⲓ-->
		<mark id="sTok152" xlink:href="#xpointer(string-range(//body,'',542,3))"/>
		<!--ⲡⲁ-->
		<mark id="sTok153" xlink:href="#xpointer(string-range(//body,'',546,2))"/>
		<!--ϣⲏⲣⲉ-->
		<mark id="sTok154" xlink:href="#xpointer(string-range(//body,'',549,4))"/>
		<!--ⲉ̇-->
		<mark id="sTok155" xlink:href="#xpointer(string-range(//body,'',554,2))"/>
		<!--ⲧ-->
		<mark id="sTok156" xlink:href="#xpointer(string-range(//body,'',557,1))"/>
		<!--ⲣⲉ-->
		<mark id="sTok157" xlink:href="#xpointer(string-range(//body,'',559,2))"/>
		<!--ⲕ-->
		<mark id="sTok158" xlink:href="#xpointer(string-range(//body,'',562,1))"/>
		<!--ⲉⲓ̇-->
		<mark id="sTok159" xlink:href="#xpointer(string-range(//body,'',564,3))"/>
		<!--ϩⲱ̇ⲱ̇-->
		<mark id="sTok160" xlink:href="#xpointer(string-range(//body,'',568,5))"/>
		<!--ⲕ-->
		<mark id="sTok161" xlink:href="#xpointer(string-range(//body,'',574,1))"/>
		<!--ⲉ̇-->
		<mark id="sTok162" xlink:href="#xpointer(string-range(//body,'',576,2))"/>
		<!--ⲡⲉⲓ̇-->
		<mark id="sTok163" xlink:href="#xpointer(string-range(//body,'',579,4))"/>
		<!--ⲙⲁ-->
		<mark id="sTok164" xlink:href="#xpointer(string-range(//body,'',584,2))"/>
		<!--ϩⲱⲥⲧⲉ-->
		<mark id="sTok165" xlink:href="#xpointer(string-range(//body,'',587,5))"/>
		<!--ⲉ̇-->
		<mark id="sTok166" xlink:href="#xpointer(string-range(//body,'',593,2))"/>
		<!--ⲧⲣⲉ-->
		<mark id="sTok167" xlink:href="#xpointer(string-range(//body,'',596,3))"/>
		<!--ⲩ-->
		<mark id="sTok168" xlink:href="#xpointer(string-range(//body,'',600,1))"/>
		<!--ⲕⲣⲓ̇ⲛⲉ-->
		<mark id="sTok169" xlink:href="#xpointer(string-range(//body,'',602,6))"/>
		<!--ⲙ̇ⲙⲟ-->
		<mark id="sTok170" xlink:href="#xpointer(string-range(//body,'',609,4))"/>
		<!--ⲕ-->
		<mark id="sTok171" xlink:href="#xpointer(string-range(//body,'',614,1))"/>
		<!--ϩⲱ̇ⲱ-->
		<mark id="sTok172" xlink:href="#xpointer(string-range(//body,'',616,4))"/>
		<!--ⲕ-->
		<mark id="sTok173" xlink:href="#xpointer(string-range(//body,'',621,1))"/>
		<!--·ⲻ-->
		<mark id="sTok174" xlink:href="#xpointer(string-range(//body,'',623,2))"/>
		<!--ⲉ-->
		<mark id="sTok175" xlink:href="#xpointer(string-range(//body,'',626,1))"/>
		<!--ⲩ-->
		<mark id="sTok176" xlink:href="#xpointer(string-range(//body,'',628,1))"/>
		<!--ⲧⲱⲛ-->
		<mark id="sTok177" xlink:href="#xpointer(string-range(//body,'',630,3))"/>
		<!--ⲛⲉⲕ-->
		<mark id="sTok178" xlink:href="#xpointer(string-range(//body,'',634,3))"/>
		<!--ϣⲁϫⲉ-->
		<mark id="sTok179" xlink:href="#xpointer(string-range(//body,'',638,4))"/>
		<!--ⲉ̇-->
		<mark id="sTok180" xlink:href="#xpointer(string-range(//body,'',643,2))"/>
		<!--ⲧⲉ-->
		<mark id="sTok181" xlink:href="#xpointer(string-range(//body,'',646,2))"/>
		<!--ⲕ-->
		<mark id="sTok182" xlink:href="#xpointer(string-range(//body,'',649,1))"/>
		<!--ϫⲱ-->
		<mark id="sTok183" xlink:href="#xpointer(string-range(//body,'',651,2))"/>
		<!--ⲙ̇ⲙⲟ-->
		<mark id="sTok184" xlink:href="#xpointer(string-range(//body,'',654,4))"/>
		<!--ⲟⲩ-->
		<mark id="sTok185" xlink:href="#xpointer(string-range(//body,'',659,2))"/>
		<!--ϫⲉ-->
		<mark id="sTok186" xlink:href="#xpointer(string-range(//body,'',662,2))"/>
		<!--ⲉ-->
		<mark id="sTok187" xlink:href="#xpointer(string-range(//body,'',665,1))"/>
		<!--ⲓ̈-->
		<mark id="sTok188" xlink:href="#xpointer(string-range(//body,'',667,2))"/>
		<!--ⲟⲩⲉ̇ϣ-->
		<mark id="sTok189" xlink:href="#xpointer(string-range(//body,'',670,5))"/>
		<!--ⲉ-->
		<mark id="sTok190" xlink:href="#xpointer(string-range(//body,'',676,1))"/>
		<!--ⲧⲟⲩϫⲉ-->
		<mark id="sTok191" xlink:href="#xpointer(string-range(//body,'',678,5))"/>
		<!--ⲧⲁ-->
		<mark id="sTok192" xlink:href="#xpointer(string-range(//body,'',684,2))"/>
		<!--ⲯⲩⲭⲏ-->
		<mark id="sTok193" xlink:href="#xpointer(string-range(//body,'',687,4))"/>
		<!--·-->
		<mark id="sTok194" xlink:href="#xpointer(string-range(//body,'',692,1))"/>
		<!--ⲁ̇-->
		<mark id="sTok195" xlink:href="#xpointer(string-range(//body,'',694,2))"/>
		<!--ϥ-->
		<mark id="sTok196" xlink:href="#xpointer(string-range(//body,'',697,1))"/>
		<!--ϣⲓ̇ⲡⲉ-->
		<mark id="sTok197" xlink:href="#xpointer(string-range(//body,'',699,5))"/>
		<!--ⲇ-->
		<mark id="sTok198" xlink:href="#xpointer(string-range(//body,'',705,1))"/>
		<!--ⲉ-->
		<mark id="sTok199" xlink:href="#xpointer(string-range(//body,'',707,1))"/>
		<!--ⲉ̇ϫⲛ̇-->
		<mark id="sTok200" xlink:href="#xpointer(string-range(//body,'',709,5))"/>
		<!--ⲛ-->
		<mark id="sTok201" xlink:href="#xpointer(string-range(//body,'',715,1))"/>
		<!--ⲉⲛⲧ-->
		<mark id="sTok202" xlink:href="#xpointer(string-range(//body,'',717,3))"/>
		<!--ⲁ-->
		<mark id="sTok203" xlink:href="#xpointer(string-range(//body,'',721,1))"/>
		<!--ϥ-->
		<mark id="sTok204" xlink:href="#xpointer(string-range(//body,'',723,1))"/>
		<!--ⲥⲟⲧ-->
		<mark id="sTok205" xlink:href="#xpointer(string-range(//body,'',725,3))"/>
		<!--ⲙ-->
		<mark id="sTok206" xlink:href="#xpointer(string-range(//body,'',729,1))"/>
		<!--ⲟⲩ-->
		<mark id="sTok207" xlink:href="#xpointer(string-range(//body,'',731,2))"/>
		<!--ⲁ̇-->
		<mark id="sTok208" xlink:href="#xpointer(string-range(//body,'',734,2))"/>
		<!--ϥ-->
		<mark id="sTok209" xlink:href="#xpointer(string-range(//body,'',737,1))"/>
		<!--ⲁ̇ϩⲉ-->
		<mark id="sTok210" xlink:href="#xpointer(string-range(//body,'',739,4))"/>
		<!--ⲣⲁⲧ-->
		<mark id="sTok211" xlink:href="#xpointer(string-range(//body,'',744,3))"/>
		<!--ϥ̇-->
		<mark id="sTok212" xlink:href="#xpointer(string-range(//body,'',748,2))"/>
		<!--ⲉ̇-->
		<mark id="sTok213" xlink:href="#xpointer(string-range(//body,'',751,2))"/>
		<!--ϥ-->
		<mark id="sTok214" xlink:href="#xpointer(string-range(//body,'',754,1))"/>
		<!--ⲟ̇-->
		<mark id="sTok215" xlink:href="#xpointer(string-range(//body,'',756,2))"/>
		<!--ⲕⲙ̇-->
		<mark id="sTok216" xlink:href="#xpointer(string-range(//body,'',759,3))"/>
		<!--·-->
		<mark id="sTok217" xlink:href="#xpointer(string-range(//body,'',763,1))"/>
		<!--ⲉ̇-->
		<mark id="sTok218" xlink:href="#xpointer(string-range(//body,'',765,2))"/>
		<!--ⲙⲛ̇ⲧ-->
		<mark id="sTok219" xlink:href="#xpointer(string-range(//body,'',768,4))"/>
		<!--ϥ̇-->
		<mark id="sTok220" xlink:href="#xpointer(string-range(//body,'',773,2))"/>
		<!--ⲗⲁⲁ̇ⲩ-->
		<mark id="sTok221" xlink:href="#xpointer(string-range(//body,'',776,5))"/>
		<!--ⲛ-->
		<mark id="sTok222" xlink:href="#xpointer(string-range(//body,'',782,1))"/>
		<!--ⲁⲡⲟⲗⲟⲅⲓ̇ⲁ̇-->
		<mark id="sTok223" xlink:href="#xpointer(string-range(//body,'',784,10))"/>
		<!--ⲉ̇-->
		<mark id="sTok224" xlink:href="#xpointer(string-range(//body,'',795,2))"/>
		<!--ϫⲱ-->
		<mark id="sTok225" xlink:href="#xpointer(string-range(//body,'',798,2))"/>
		<!--[ⲛⲁ-->
		<mark id="sTok226" xlink:href="#xpointer(string-range(//body,'',801,3))"/>
		<!--ⲥ]-->
		<mark id="sTok227" xlink:href="#xpointer(string-range(//body,'',805,2))"/>
		<!--·-->
		<mark id="sTok228" xlink:href="#xpointer(string-range(//body,'',808,1))"/>
		<!--ⲕⲁⲧⲁ-->
		<mark id="sTok229" xlink:href="#xpointer(string-range(//body,'',810,4))"/>
		<!--ⲟⲩ-->
		<mark id="sTok230" xlink:href="#xpointer(string-range(//body,'',815,2))"/>
		<!--ⲟⲓ̇-->
		<mark id="sTok231" xlink:href="#xpointer(string-range(//body,'',818,3))"/>
		<!--[ⲕ]-->
		<mark id="sTok232" xlink:href="#xpointer(string-range(//body,'',822,3))"/>
		<!--ⲟ̣ⲛ̣ⲟ̣ⲙⲓⲁ-->
		<mark id="sTok233" xlink:href="#xpointer(string-range(//body,'',826,9))"/>
		<!--ⲇⲉ-->
		<mark id="sTok234" xlink:href="#xpointer(string-range(//body,'',836,2))"/>
		<!--ⲛ̇ⲧⲉ-->
		<mark id="sTok235" xlink:href="#xpointer(string-range(//body,'',839,4))"/>
		<!--[ⲡ̇]-->
		<mark id="sTok236" xlink:href="#xpointer(string-range(//body,'',844,4))"/>
		<!--ⲛ̣ⲟⲩⲧⲉ-->
		<mark id="sTok237" xlink:href="#xpointer(string-range(//body,'',849,6))"/>
		<!--ⲡ̇-->
		<mark id="sTok238" xlink:href="#xpointer(string-range(//body,'',856,2))"/>
		<!--ⲙⲁⲓ-->
		<mark id="sTok239" xlink:href="#xpointer(string-range(//body,'',859,3))"/>
		<!--ⲣⲱⲙⲉ-->
		<mark id="sTok240" xlink:href="#xpointer(string-range(//body,'',863,4))"/>
		<!--[..]-->
		<mark id="sTok241" xlink:href="#xpointer(string-range(//body,'',868,4))"/>
		<!--ϣ̣ⲱⲡⲉ-->
		<mark id="sTok242" xlink:href="#xpointer(string-range(//body,'',873,5))"/>
		<!--ⲉ̇-->
		<mark id="sTok243" xlink:href="#xpointer(string-range(//body,'',879,2))"/>
		<!--ⲧⲣⲉ-->
		<mark id="sTok244" xlink:href="#xpointer(string-range(//body,'',882,3))"/>
		<!--ϥ-->
		<mark id="sTok245" xlink:href="#xpointer(string-range(//body,'',886,1))"/>
		<!--ⲗⲟ-->
		<mark id="sTok246" xlink:href="#xpointer(string-range(//body,'',888,2))"/>
		<!--[ϭ-->
		<mark id="sTok247" xlink:href="#xpointer(string-range(//body,'',891,2))"/>
		<!--ⲙ]-->
		<mark id="sTok248" xlink:href="#xpointer(string-range(//body,'',894,2))"/>
		<!--ⲡ-->
		<mark id="sTok249" xlink:href="#xpointer(string-range(//body,'',897,1))"/>
		<!--ϣⲱⲛⲉ-->
		<mark id="sTok250" xlink:href="#xpointer(string-range(//body,'',899,4))"/>
		<!--ⲙⲛ̇ⲛ̇ⲥⲁ-->
		<mark id="sTok251" xlink:href="#xpointer(string-range(//body,'',904,7))"/>
		<!--ⲉ-->
		<mark id="sTok252" xlink:href="#xpointer(string-range(//body,'',912,1))"/>
		<!--ⲧ-->
		<mark id="sTok253" xlink:href="#xpointer(string-range(//body,'',914,1))"/>
		<!--ⲣⲉ-->
		<mark id="sTok254" xlink:href="#xpointer(string-range(//body,'',916,2))"/>
		<!--ϥ-->
		<mark id="sTok255" xlink:href="#xpointer(string-range(//body,'',919,1))"/>
		<!--ⲛⲁ-->
		<mark id="sTok256" xlink:href="#xpointer(string-range(//body,'',921,2))"/>
		<!--ⲩ-->
		<mark id="sTok257" xlink:href="#xpointer(string-range(//body,'',924,1))"/>
		<!--[.....]-->
		<mark id="sTok258" xlink:href="#xpointer(string-range(//body,'',926,7))"/>
		<!--ⲛⲟⲓ-->
		<mark id="sTok259" xlink:href="#xpointer(string-range(//body,'',934,3))"/>
		<!--ϩ̇ⲙ-->
		<mark id="sTok260" xlink:href="#xpointer(string-range(//body,'',938,3))"/>
		<!--ⲡⲉϥ-->
		<mark id="sTok261" xlink:href="#xpointer(string-range(//body,'',942,3))"/>
		<!--[....]-->
		<mark id="sTok262" xlink:href="#xpointer(string-range(//body,'',946,6))"/>
		<!--ⲛ̇ⲧ-->
		<mark id="sTok263" xlink:href="#xpointer(string-range(//body,'',953,3))"/>
		<!--ⲁ-->
		<mark id="sTok264" xlink:href="#xpointer(string-range(//body,'',957,1))"/>
		<!--ⲡⲉⲓ̇-->
		<mark id="sTok265" xlink:href="#xpointer(string-range(//body,'',959,4))"/>
		<!--ϭⲙ-->
		<mark id="sTok266" xlink:href="#xpointer(string-range(//body,'',964,2))"/>
		<!--[ϣⲓ]-->
		<mark id="sTok267" xlink:href="#xpointer(string-range(//body,'',967,4))"/>
		<!--ⲛⲉ-->
		<mark id="sTok268" xlink:href="#xpointer(string-range(//body,'',972,2))"/>
		<!--ϣⲱⲡⲉ-->
		<mark id="sTok269" xlink:href="#xpointer(string-range(//body,'',975,4))"/>
		<!--ⲛ-->
		<mark id="sTok270" xlink:href="#xpointer(string-range(//body,'',980,1))"/>
		<!--[..]-->
		<mark id="sTok271" xlink:href="#xpointer(string-range(//body,'',982,4))"/>
		<!--[ⲉⲃⲟ]ⲗ-->
		<mark id="sTok272" xlink:href="#xpointer(string-range(//body,'',987,6))"/>
		<!--ϩⲓ-->
		<mark id="sTok273" xlink:href="#xpointer(string-range(//body,'',994,2))"/>
		<!--ⲧⲙ̇-->
		<mark id="sTok274" xlink:href="#xpointer(string-range(//body,'',997,3))"/>
		<!--ⲡ̇-->
		<mark id="sTok275" xlink:href="#xpointer(string-range(//body,'',1001,2))"/>
		<!--ⲛⲟⲩ-->
		<mark id="sTok276" xlink:href="#xpointer(string-range(//body,'',1004,3))"/>
		<!--[ⲧⲉ]-->
		<mark id="sTok277" xlink:href="#xpointer(string-range(//body,'',1008,4))"/>
		<!--ⲻ-->
		<mark id="sTok278" xlink:href="#xpointer(string-range(//body,'',1013,1))"/>
		<!--ⲁ-->
		<mark id="sTok279" xlink:href="#xpointer(string-range(//body,'',1015,1))"/>
		<!--ϥ-->
		<mark id="sTok280" xlink:href="#xpointer(string-range(//body,'',1017,1))"/>
		<!--ⲟ̇ⲧⲡ-->
		<mark id="sTok281" xlink:href="#xpointer(string-range(//body,'',1019,4))"/>
		<!--ϥ̇-->
		<mark id="sTok282" xlink:href="#xpointer(string-range(//body,'',1024,2))"/>
		<!--[ϭⲉ-->
		<mark id="sTok283" xlink:href="#xpointer(string-range(//body,'',1027,3))"/>
		<!--ⲉϩⲟⲩ]-->
		<mark id="sTok284" xlink:href="#xpointer(string-range(//body,'',1031,5))"/>
		<!--ⲛ-->
		<mark id="sTok285" xlink:href="#xpointer(string-range(//body,'',1037,1))"/>
		<!--ⲙⲁⲩ-->
		<mark id="sTok286" xlink:href="#xpointer(string-range(//body,'',1039,3))"/>
		<!--ⲁ̇ⲁ-->
		<mark id="sTok287" xlink:href="#xpointer(string-range(//body,'',1043,3))"/>
		<!--ϥ-->
		<mark id="sTok288" xlink:href="#xpointer(string-range(//body,'',1047,1))"/>
		<!--·-->
		<mark id="sTok289" xlink:href="#xpointer(string-range(//body,'',1049,1))"/>
		<!--ⲙⲛⲛⲥⲱ-->
		<mark id="sTok290" xlink:href="#xpointer(string-range(//body,'',1051,5))"/>
		<!--ⲥ-->
		<mark id="sTok291" xlink:href="#xpointer(string-range(//body,'',1057,1))"/>
		<!--ⲁ̇-->
		<mark id="sTok292" xlink:href="#xpointer(string-range(//body,'',1059,2))"/>
		<!--ϥ-->
		<mark id="sTok293" xlink:href="#xpointer(string-range(//body,'',1062,1))"/>
		<!--ϩ-->
		<mark id="sTok294" xlink:href="#xpointer(string-range(//body,'',1064,1))"/>
		<!--ⲙⲟⲟ̇ⲥ-->
		<mark id="sTok295" xlink:href="#xpointer(string-range(//body,'',1066,5))"/>
		<!--ⲉϩⲣⲁⲓ̇-->
		<mark id="sTok296" xlink:href="#xpointer(string-range(//body,'',1072,6))"/>
		<!--ⲉ̇-->
		<mark id="sTok297" xlink:href="#xpointer(string-range(//body,'',1079,2))"/>
		<!--ϥ-->
		<mark id="sTok298" xlink:href="#xpointer(string-range(//body,'',1082,1))"/>
		<!--ⲫ-->
		<mark id="sTok299" xlink:href="#xpointer(string-range(//body,'',1084,1))"/>
		<!--ⲣⲟⲛ-->
		<mark id="sTok300" xlink:href="#xpointer(string-range(//body,'',1086,3))"/>
		<!--ⲧⲓ̇ⲍⲉ-->
		<mark id="sTok301" xlink:href="#xpointer(string-range(//body,'',1090,5))"/>
		<!--ⲉ-->
		<mark id="sTok302" xlink:href="#xpointer(string-range(//body,'',1096,1))"/>
		<!--ⲡⲉϥ-->
		<mark id="sTok303" xlink:href="#xpointer(string-range(//body,'',1098,3))"/>
		<!--ⲟⲩϫⲁⲓ-->
		<mark id="sTok304" xlink:href="#xpointer(string-range(//body,'',1102,5))"/>
		<!--·ⲻ-->
		<mark id="sTok305" xlink:href="#xpointer(string-range(//body,'',1108,2))"/>
		<!--ⲁ-->
		<mark id="sTok306" xlink:href="#xpointer(string-range(//body,'',1111,1))"/>
		<!--ⲩⲱ̇-->
		<mark id="sTok307" xlink:href="#xpointer(string-range(//body,'',1113,3))"/>
		<!--ⲉ̇-->
		<mark id="sTok308" xlink:href="#xpointer(string-range(//body,'',1117,2))"/>
		<!--ϥ-->
		<mark id="sTok309" xlink:href="#xpointer(string-range(//body,'',1120,1))"/>
		<!--ⲣⲓⲙⲉ-->
		<mark id="sTok310" xlink:href="#xpointer(string-range(//body,'',1122,4))"/>
		<!--ⲉϫⲛ̇-->
		<mark id="sTok311" xlink:href="#xpointer(string-range(//body,'',1127,4))"/>
		<!--ⲛ-->
		<mark id="sTok312" xlink:href="#xpointer(string-range(//body,'',1132,1))"/>
		<!--ⲉⲛ-->
		<mark id="sTok313" xlink:href="#xpointer(string-range(//body,'',1134,2))"/>
		<!--ⲧ-->
		<mark id="sTok314" xlink:href="#xpointer(string-range(//body,'',1137,1))"/>
		<!--ⲁ-->
		<mark id="sTok315" xlink:href="#xpointer(string-range(//body,'',1139,1))"/>
		<!--ϥ-->
		<mark id="sTok316" xlink:href="#xpointer(string-range(//body,'',1141,1))"/>
		<!--ⲁ̇ⲁ-->
		<mark id="sTok317" xlink:href="#xpointer(string-range(//body,'',1143,3))"/>
		<!--ⲩ-->
		<mark id="sTok318" xlink:href="#xpointer(string-range(//body,'',1147,1))"/>
		<!--ϩⲛ̇-->
		<mark id="sTok319" xlink:href="#xpointer(string-range(//body,'',1149,3))"/>
		<!--ⲟⲩ-->
		<mark id="sTok320" xlink:href="#xpointer(string-range(//body,'',1153,2))"/>
		<!--ⲙⲛⲧ̇-->
		<mark id="sTok321" xlink:href="#xpointer(string-range(//body,'',1156,4))"/>
		<!--ⲁ̇-->
		<mark id="sTok322" xlink:href="#xpointer(string-range(//body,'',1161,2))"/>
		<!--ⲙⲉⲗⲏⲥ-->
		<mark id="sTok323" xlink:href="#xpointer(string-range(//body,'',1164,5))"/>
		<!--ⲛ̇-->
		<mark id="sTok324" xlink:href="#xpointer(string-range(//body,'',1170,2))"/>
		<!--ϣⲟⲣⲡ-->
		<mark id="sTok325" xlink:href="#xpointer(string-range(//body,'',1173,4))"/>
		<!--ⲻ-->
		<mark id="sTok326" xlink:href="#xpointer(string-range(//body,'',1178,1))"/>
		<!--ⲁ-->
		<mark id="sTok327" xlink:href="#xpointer(string-range(//body,'',1180,1))"/>
		<!--ⲩ-->
		<mark id="sTok328" xlink:href="#xpointer(string-range(//body,'',1182,1))"/>
		<!--ⲧⲱⲃⲥ̇-->
		<mark id="sTok329" xlink:href="#xpointer(string-range(//body,'',1184,5))"/>
		<!--ϣⲱⲡⲉ-->
		<mark id="sTok330" xlink:href="#xpointer(string-range(//body,'',1190,4))"/>
		<!--ⲛⲁ-->
		<mark id="sTok331" xlink:href="#xpointer(string-range(//body,'',1195,2))"/>
		<!--ϥ-->
		<mark id="sTok332" xlink:href="#xpointer(string-range(//body,'',1198,1))"/>
		<!--ⲛ̇-->
		<mark id="sTok333" xlink:href="#xpointer(string-range(//body,'',1200,2))"/>
		<!--ⲧⲉⲓ̇-->
		<mark id="sTok334" xlink:href="#xpointer(string-range(//body,'',1203,4))"/>
		<!--ϭⲟⲧ-->
		<mark id="sTok335" xlink:href="#xpointer(string-range(//body,'',1208,3))"/>
		<!--.-->
		<mark id="sTok336" xlink:href="#xpointer(string-range(//body,'',1212,1))"/>
		<!--ϩⲱⲥⲧⲉ-->
		<mark id="sTok337" xlink:href="#xpointer(string-range(//body,'',1214,5))"/>
		<!--ⲉ̇-->
		<mark id="sTok338" xlink:href="#xpointer(string-range(//body,'',1220,2))"/>
		<!--ⲧ-->
		<mark id="sTok339" xlink:href="#xpointer(string-range(//body,'',1223,1))"/>
		<!--ⲣ̇ⲉ-->
		<mark id="sTok340" xlink:href="#xpointer(string-range(//body,'',1225,3))"/>
		<!--ⲟⲩ-->
		<mark id="sTok341" xlink:href="#xpointer(string-range(//body,'',1229,2))"/>
		<!--ⲙⲏⲏϣⲉ-->
		<mark id="sTok342" xlink:href="#xpointer(string-range(//body,'',1232,5))"/>
		<!--ⲡⲁⲣⲁⲕⲁ-->
		<mark id="sTok343" xlink:href="#xpointer(string-range(//body,'',1238,6))"/>
		<!--ⲗⲉⲓ̇-->
		<mark id="sTok344" xlink:href="#xpointer(string-range(//body,'',1245,4))"/>
		<!--ⲙ̇ⲙⲟ-->
		<mark id="sTok345" xlink:href="#xpointer(string-range(//body,'',1250,4))"/>
		<!--ϥ-->
		<mark id="sTok346" xlink:href="#xpointer(string-range(//body,'',1255,1))"/>
		<!--ⲉ̇-->
		<mark id="sTok347" xlink:href="#xpointer(string-range(//body,'',1257,2))"/>
		<!--ⲧⲣⲉ-->
		<mark id="sTok348" xlink:href="#xpointer(string-range(//body,'',1260,3))"/>
		<!--ϥ-->
		<mark id="sTok349" xlink:href="#xpointer(string-range(//body,'',1264,1))"/>
		<!--ϯ-->
		<mark id="sTok350" xlink:href="#xpointer(string-range(//body,'',1266,1))"/>
		<!--ⲙ-->
		<mark id="sTok351" xlink:href="#xpointer(string-range(//body,'',1268,1))"/>
		<!--ⲧⲟⲛ-->
		<mark id="sTok352" xlink:href="#xpointer(string-range(//body,'',1270,3))"/>
		<!--ⲛⲁ-->
		<mark id="sTok353" xlink:href="#xpointer(string-range(//body,'',1274,2))"/>
		<!--ϥ-->
		<mark id="sTok354" xlink:href="#xpointer(string-range(//body,'',1277,1))"/>
		<!--ⲛ-->
		<mark id="sTok355" xlink:href="#xpointer(string-range(//body,'',1279,1))"/>
		<!--ⲟⲩ-->
		<mark id="sTok356" xlink:href="#xpointer(string-range(//body,'',1281,2))"/>
		<!--ⲕⲟⲩⲓ-->
		<mark id="sTok357" xlink:href="#xpointer(string-range(//body,'',1284,4))"/>
		<!--ϫⲉ-->
		<mark id="sTok358" xlink:href="#xpointer(string-range(//body,'',1289,2))"/>
		<!--ⲛ̇ⲛⲉ-->
		<mark id="sTok359" xlink:href="#xpointer(string-range(//body,'',1292,4))"/>
		<!--ϥ-->
		<mark id="sTok360" xlink:href="#xpointer(string-range(//body,'',1297,1))"/>
		<!--ϣⲱϭⲉ-->
		<mark id="sTok361" xlink:href="#xpointer(string-range(//body,'',1299,4))"/>
		<!--ϩⲓ̇ⲧⲙ̇-->
		<mark id="sTok362" xlink:href="#xpointer(string-range(//body,'',1304,6))"/>
		<!--ⲡ-->
		<mark id="sTok363" xlink:href="#xpointer(string-range(//body,'',1311,1))"/>
		<!--ⲁ-->
		<mark id="sTok364" xlink:href="#xpointer(string-range(//body,'',1313,1))"/>
		<!--ϣⲁⲓ̇-->
		<mark id="sTok365" xlink:href="#xpointer(string-range(//body,'',1315,4))"/>
		<!--ⲙ̇-->
		<mark id="sTok366" xlink:href="#xpointer(string-range(//body,'',1320,2))"/>
		<!--ⲡ̇-->
		<mark id="sTok367" xlink:href="#xpointer(string-range(//body,'',1323,2))"/>
		<!--ⲣⲓ̇ⲙⲉ-->
		<mark id="sTok368" xlink:href="#xpointer(string-range(//body,'',1326,5))"/>
		<!--·ⲻ-->
		<mark id="sTok369" xlink:href="#xpointer(string-range(//body,'',1332,2))"/>
		<!--ⲛ-->
		<mark id="sTok370" xlink:href="#xpointer(string-range(//body,'',1335,1))"/>
		<!--ⲧⲟϥ-->
		<mark id="sTok371" xlink:href="#xpointer(string-range(//body,'',1337,3))"/>
		<!--ⲇⲉ-->
		<mark id="sTok372" xlink:href="#xpointer(string-range(//body,'',1341,2))"/>
		<!--ⲙ̇ⲡⲉ-->
		<mark id="sTok373" xlink:href="#xpointer(string-range(//body,'',1344,4))"/>
		<!--ϥ-->
		<mark id="sTok374" xlink:href="#xpointer(string-range(//body,'',1349,1))"/>
		<!--ⲟⲩⲱ̇ϣ-->
		<mark id="sTok375" xlink:href="#xpointer(string-range(//body,'',1351,5))"/>
		<!--ⲉ̇-->
		<mark id="sTok376" xlink:href="#xpointer(string-range(//body,'',1357,2))"/>
		<!--ⲥ̇ⲗⲥⲱⲗ-->
		<mark id="sTok377" xlink:href="#xpointer(string-range(//body,'',1360,6))"/>
		<!--ϥ̇-->
		<mark id="sTok378" xlink:href="#xpointer(string-range(//body,'',1367,2))"/>
		<!--ⲉ-->
		<mark id="sTok379" xlink:href="#xpointer(string-range(//body,'',1370,1))"/>
		<!--ϥ̇-->
		<mark id="sTok380" xlink:href="#xpointer(string-range(//body,'',1372,2))"/>
		<!--ϫⲱ-->
		<mark id="sTok381" xlink:href="#xpointer(string-range(//body,'',1375,2))"/>
		<!--ⲙ̇-->
		<mark id="sTok382" xlink:href="#xpointer(string-range(//body,'',1378,2))"/>
		<!--ⲙⲟ-->
		<mark id="sTok383" xlink:href="#xpointer(string-range(//body,'',1381,2))"/>
		<!--ⲥ-->
		<mark id="sTok384" xlink:href="#xpointer(string-range(//body,'',1384,1))"/>
		<!--·-->
		<mark id="sTok385" xlink:href="#xpointer(string-range(//body,'',1386,1))"/>
		<!--ϫⲉ-->
		<mark id="sTok386" xlink:href="#xpointer(string-range(//body,'',1388,2))"/>
		<!--ⲉ̇ϣϫⲉ-->
		<mark id="sTok387" xlink:href="#xpointer(string-range(//body,'',1391,5))"/>
		<!--ⲙ̇-->
		<mark id="sTok388" xlink:href="#xpointer(string-range(//body,'',1397,2))"/>
		<!--ⲡ-->
		<mark id="sTok389" xlink:href="#xpointer(string-range(//body,'',1400,1))"/>
		<!--ⲓ-->
		<mark id="sTok390" xlink:href="#xpointer(string-range(//body,'',1402,1))"/>
		<!--ϣ-->
		<mark id="sTok391" xlink:href="#xpointer(string-range(//body,'',1404,1))"/>
		<!--ϭⲙ̇ϭⲟⲙ-->
		<mark id="sTok392" xlink:href="#xpointer(string-range(//body,'',1406,6))"/>
		<!--ⲉ̇-->
		<mark id="sTok393" xlink:href="#xpointer(string-range(//body,'',1413,2))"/>
		<!--ⲧⲱⲟⲩⲛ̇-->
		<mark id="sTok394" xlink:href="#xpointer(string-range(//body,'',1416,6))"/>
		<!--ϩⲁ-->
		<mark id="sTok395" xlink:href="#xpointer(string-range(//body,'',1423,2))"/>
		<!--ⲡ̇-->
		<mark id="sTok396" xlink:href="#xpointer(string-range(//body,'',1426,2))"/>
		<!--ⲛⲟϭⲛⲉϭ-->
		<mark id="sTok397" xlink:href="#xpointer(string-range(//body,'',1429,6))"/>
		<!--ⲛ̇-->
		<mark id="sTok398" xlink:href="#xpointer(string-range(//body,'',1436,2))"/>
		<!--ⲧⲁ-->
		<mark id="sTok399" xlink:href="#xpointer(string-range(//body,'',1439,2))"/>
		<!--ⲙⲁ-->
		<mark id="sTok400" xlink:href="#xpointer(string-range(//body,'',1442,2))"/>
		<!--ⲁⲩ-->
		<mark id="sTok401" xlink:href="#xpointer(string-range(//body,'',1445,2))"/>
		<!--·-->
		<mark id="sTok402" xlink:href="#xpointer(string-range(//body,'',1448,1))"/>
		<!--ⲛ-->
		<mark id="sTok403" xlink:href="#xpointer(string-range(//body,'',1450,1))"/>
		<!--ⲁϣ-->
		<mark id="sTok404" xlink:href="#xpointer(string-range(//body,'',1452,2))"/>
		<!--ⲛ̇-->
		<mark id="sTok405" xlink:href="#xpointer(string-range(//body,'',1455,2))"/>
		<!--ϩⲉ-->
		<mark id="sTok406" xlink:href="#xpointer(string-range(//body,'',1458,2))"/>
		<!--ⲉ̇-->
		<mark id="sTok407" xlink:href="#xpointer(string-range(//body,'',1461,2))"/>
		<!--ⲓ-->
		<mark id="sTok408" xlink:href="#xpointer(string-range(//body,'',1464,1))"/>
		<!--ⲛⲁ-->
		<mark id="sTok409" xlink:href="#xpointer(string-range(//body,'',1466,2))"/>
		<!--ϣ̇-->
		<mark id="sTok410" xlink:href="#xpointer(string-range(//body,'',1469,2))"/>
		<!--ⲧⲱⲟⲩⲛ-->
		<mark id="sTok411" xlink:href="#xpointer(string-range(//body,'',1472,5))"/>
		<!--ϩⲁ-->
		<mark id="sTok412" xlink:href="#xpointer(string-range(//body,'',1478,2))"/>
		<!--ⲡ̇-->
		<mark id="sTok413" xlink:href="#xpointer(string-range(//body,'',1481,2))"/>
		<!--ϣⲓ̇ⲡⲉ-->
		<mark id="sTok414" xlink:href="#xpointer(string-range(//body,'',1484,5))"/>
		<!--ⲙ̇-->
		<mark id="sTok415" xlink:href="#xpointer(string-range(//body,'',1490,2))"/>
		<!--ⲡⲉ-->
		<mark id="sTok416" xlink:href="#xpointer(string-range(//body,'',1493,2))"/>
		<!--ϩⲟⲟⲩ-->
		<mark id="sTok417" xlink:href="#xpointer(string-range(//body,'',1496,4))"/>
		<!--ⲛ̇-->
		<mark id="sTok418" xlink:href="#xpointer(string-range(//body,'',1501,2))"/>
		<!--ⲧⲉ-->
		<mark id="sTok419" xlink:href="#xpointer(string-range(//body,'',1504,2))"/>
		<!--ⲕⲣⲓ̇ⲥⲓ̇ⲥ-->
		<mark id="sTok420" xlink:href="#xpointer(string-range(//body,'',1507,8))"/>
		<!--ϩⲓ̇-->
		<mark id="sTok421" xlink:href="#xpointer(string-range(//body,'',1516,3))"/>
		<!--ⲑ-->
		<mark id="sTok422" xlink:href="#xpointer(string-range(//body,'',1520,1))"/>
		<!--ⲏ-->
		<mark id="sTok423" xlink:href="#xpointer(string-range(//body,'',1522,1))"/>
		<!--ⲙ̇-->
		<mark id="sTok424" xlink:href="#xpointer(string-range(//body,'',1524,2))"/>
		<!--ⲡⲉ-->
		<mark id="sTok425" xlink:href="#xpointer(string-range(//body,'',1527,2))"/>
		<!--ⲭ︤ⲥ︥-->
		<mark id="sTok426" xlink:href="#xpointer(string-range(//body,'',1530,4))"/>
		<!--ⲙⲛ̇-->
		<mark id="sTok427" xlink:href="#xpointer(string-range(//body,'',1535,3))"/>
		<!--ⲛⲉϥ-->
		<mark id="sTok428" xlink:href="#xpointer(string-range(//body,'',1539,3))"/>
		<!--ⲁ̇ⲅⲅⲉⲗⲟⲥ-->
		<mark id="sTok429" xlink:href="#xpointer(string-range(//body,'',1543,8))"/>
		<!--ⲧⲏⲣ-->
		<mark id="sTok430" xlink:href="#xpointer(string-range(//body,'',1552,3))"/>
		<!--ⲟⲩ-->
		<mark id="sTok431" xlink:href="#xpointer(string-range(//body,'',1556,2))"/>
		<!--ⲻ-->
		<mark id="sTok432" xlink:href="#xpointer(string-range(//body,'',1559,1))"/></markList></paula>