<?xml version="1.0" encoding="UTF-8" standalone="no"?>
<!DOCTYPE paula SYSTEM "paula_feat.dtd">

<paula version="1.0">
<header paula_id="aof.XL93-94.annoFeat"/> <featList type="annoFeat" xml:base="aof.XL93-94.anno.xml" xmlns:xlink="http://www.w3.org/1999/xlink">
  <feat xlink:href="#rel_1" value="text" />
  <feat xlink:href="#rel_2" value="tok" />
  <feat xlink:href="#rel_3" value="orig_groupSeg_orig_group" />
  <feat xlink:href="#rel_4" value="orig_groupSeg" />
  <feat xlink:href="#rel_5" value="origSeg_orig" />
  <feat xlink:href="#rel_6" value="origSeg" />
  <feat xlink:href="#rel_7" value="normSeg_norm" />
  <feat xlink:href="#rel_8" value="normSeg" />
  <feat xlink:href="#rel_9" value="norm_groupSeg_norm_group" />
  <feat xlink:href="#rel_10" value="norm_groupSeg" />
  <feat xlink:href="#rel_11" value="posSeg_pos" />
  <feat xlink:href="#rel_12" value="posSeg" />
  <feat xlink:href="#rel_13" value="langSeg_lang" />
  <feat xlink:href="#rel_14" value="langSeg" />
  <feat xlink:href="#rel_15" value="translationSeg_translation" />
  <feat xlink:href="#rel_16" value="translationSeg" />
  <feat xlink:href="#rel_17" value="lb_nSeg_lb_n" />
  <feat xlink:href="#rel_18" value="lb_nSeg" />
  <feat xlink:href="#rel_19" value="cb_nSeg_cb_n" />
  <feat xlink:href="#rel_20" value="cb_nSeg" />
  <feat xlink:href="#rel_21" value="pb_xml_idSeg_pb_xml_id" />
  <feat xlink:href="#rel_22" value="pb_xml_idSeg" />
  <feat xlink:href="#rel_23" value="hi_rendSeg_hi_rend" />
  <feat xlink:href="#rel_24" value="hi_rendSeg" />
  <feat xlink:href="#rel_25" value="add_placeSeg_add_place" />
  <feat xlink:href="#rel_26" value="add_placeSeg" />
  <feat xlink:href="#rel_27" value="pSeg_p" />
  <feat xlink:href="#rel_28" value="pSeg" />
 </featList>
</paula>