<?xml version="1.0" encoding="UTF-8" standalone="no"?>

<!DOCTYPE paula SYSTEM "paula_feat.dtd">
<paula version="1.0">

<header paula_id="aof.XL93-94_norm"/>

<featList xmlns:xlink="http://www.w3.org/1999/xlink" type="norm" xml:base="aof.XL93-94.normSeg.xml">
<feat xlink:href="#norm_1" value="ϭⲟⲗ"/><!-- ϭⲟⲗ -->
<feat xlink:href="#norm_2" value="·"/><!-- · -->
<feat xlink:href="#norm_3" value="ⲛⲉ"/><!-- ⲛⲉ -->
<feat xlink:href="#norm_4" value="ⲛⲧ"/><!-- ⲛⲧ -->
<feat xlink:href="#norm_5" value="ⲁ"/><!-- ⲁ -->
<feat xlink:href="#norm_6" value="ⲩ"/><!-- ⲩ -->
<feat xlink:href="#norm_7" value="ⲕⲗⲏⲣⲟⲛⲟⲙⲉⲓ"/><!-- ⲕⲗⲏ -->
<feat xlink:href="#norm_9" value="ⲉⲛⲉϩ"/><!-- ⲉⲛⲉϩ` -->
<feat xlink:href="#norm_10" value="ⲛ"/><!-- ⲛ̄ -->
<feat xlink:href="#norm_11" value="ⲧ"/><!-- ⲧ -->
<feat xlink:href="#norm_12" value="ⲙⲛⲧⲉⲣⲟ"/><!-- ⲙ︤ⲛ︦ⲧ︥ⲉⲣⲟ` -->
<feat xlink:href="#norm_13" value="ⲙ"/><!-- ⲙ̄ -->
<feat xlink:href="#norm_14" value="ⲡ"/><!-- ⲡ -->
<feat xlink:href="#norm_15" value="ⲛⲟⲩⲧⲉ"/><!-- ⲛⲟⲩ -->
<feat xlink:href="#norm_17" value="·"/><!-- · -->
<feat xlink:href="#norm_18" value="ⲙⲁⲗⲓⲥⲧⲁ"/><!-- ⲙⲁⲗⲓⲥⲧⲁ` -->
<feat xlink:href="#norm_19" value="ⲇⲉ"/><!-- ⲇⲉ` -->
<feat xlink:href="#norm_20" value="ϫⲉ"/><!-- ϫⲉ -->
<feat xlink:href="#norm_21" value="ϩⲉⲛ"/><!-- ϩⲉⲛ -->
<feat xlink:href="#norm_22" value="ⲁⲕⲁⲑⲁⲣⲧⲟⲥ"/><!-- ⲁⲕⲁⲑⲁⲣ -->
<feat xlink:href="#norm_24" value="ⲙ"/><!-- ⲙ̄ -->
<feat xlink:href="#norm_25" value="ⲙⲁⲗⲁⲕⲟⲥ"/><!-- ⲙⲁⲗⲁⲕⲟⲥ -->
<feat xlink:href="#norm_26" value="·"/><!-- · -->
<feat xlink:href="#norm_27" value="ⲙⲛ"/><!-- ⲙ︤ⲛ︥ -->
<feat xlink:href="#norm_28" value="ⲛ"/><!-- ⲛ̄ -->
<feat xlink:href="#norm_29" value="ⲣⲉϥⲛⲕⲟⲧⲕ"/><!-- ⲣⲉϥⲛ̄ⲕⲟⲧ︤ⲕ︥ -->
<feat xlink:href="#norm_30" value="ⲙⲛ"/><!-- ⲙ︤ⲛ︥ -->
<feat xlink:href="#norm_31" value="ⲛ"/><!-- ⲛ̄ -->
<feat xlink:href="#norm_32" value="ϩⲟⲟⲩⲧ"/><!-- ϩⲟⲟⲩⲧ -->
<feat xlink:href="#norm_33" value="·"/><!-- · -->
<feat xlink:href="#norm_34" value="ⲙⲛ"/><!-- ⲙ︤ⲛ︥ -->
<feat xlink:href="#norm_35" value="ⲟⲩⲟⲛ"/><!-- ⲟⲩⲟⲛ` -->
<feat xlink:href="#norm_36" value="ⲛⲓⲙ"/><!-- ⲛⲓⲙ` -->
<feat xlink:href="#norm_37" value="ⲉⲧ"/><!-- ⲉⲧ -->
<feat xlink:href="#norm_38" value="ⲛⲁ"/><!-- ⲛⲁ -->
<feat xlink:href="#norm_39" value="ϫⲁϩⲙ"/><!-- ϫⲁϩⲙ -->
<feat xlink:href="#norm_40" value="ⲟⲩ"/><!-- ⲟⲩ` -->
<feat xlink:href="#norm_41" value="ⲕⲁⲧⲁ"/><!-- ⲕⲁⲧⲁ -->
<feat xlink:href="#norm_42" value="ⲗⲁⲁⲩ"/><!-- ⲗⲁ -->
<feat xlink:href="#norm_44" value="ⲛ"/><!-- ⲛ̄ -->
<feat xlink:href="#norm_45" value="ⲥⲙⲟⲧ"/><!-- ⲥⲙⲟⲧ -->
<feat xlink:href="#norm_46" value="·"/><!-- · -->
<feat xlink:href="#norm_47" value="ⲉⲓⲧⲉ"/><!-- ⲉⲓⲧⲉ` -->
<feat xlink:href="#norm_48" value="ϩⲟⲟⲩⲧ"/><!-- ϩⲟⲟⲩⲧ` -->
<feat xlink:href="#norm_49" value="·"/><!-- · -->
<feat xlink:href="#norm_50" value="ⲉⲓⲧⲉ"/><!-- ⲉⲓⲧⲉ` -->
<feat xlink:href="#norm_51" value="ⲥϩⲓⲙⲉ"/><!-- ⲥϩⲓⲙⲉ` -->
<feat xlink:href="#norm_52" value="ϩⲣⲁⲓ"/><!-- ϩⲣⲁⲓ̈ -->
<feat xlink:href="#norm_53" value="ϩⲛ"/><!-- ϩ︤ⲛ︥ -->
<feat xlink:href="#norm_54" value="ⲉ"/><!-- ⲉ -->
<feat xlink:href="#norm_55" value="ⲩ"/><!-- ⲩ -->
<feat xlink:href="#norm_56" value="ⲥⲩⲛⲁⲅⲱⲅⲏ"/><!-- ⲥⲩⲛⲁⲅⲱ -->
<feat xlink:href="#norm_58" value="ⲛⲓⲙ"/><!-- ⲛⲓⲙ` -->
<feat xlink:href="#norm_59" value="ⲉⲧ"/><!-- ⲉⲧ -->
<feat xlink:href="#norm_60" value="ϣⲟⲟⲡ"/><!-- ϣⲟⲟⲡ` -->
<feat xlink:href="#norm_61" value="ⲕⲁⲧⲁ"/><!-- ⲕⲁⲧⲁ -->
<feat xlink:href="#norm_62" value="ⲡⲉ"/><!-- ⲡⲉ -->
<feat xlink:href="#norm_63" value="ⲛ"/><!-- ⲛ -->
<feat xlink:href="#norm_64" value="ⲃⲓⲟⲥ"/><!-- ⲃⲓⲟⲥ` -->
<feat xlink:href="#norm_65" value="ⲡⲁⲓ"/><!-- ⲡⲁⲓ̈ -->
<feat xlink:href="#norm_66" value="·"/><!-- · -->
<feat xlink:href="#norm_67" value="ⲙⲛ"/><!-- ⲙ︤ⲛ︥ -->
<feat xlink:href="#norm_68" value="ⲟⲩⲟⲛ"/><!-- ⲟⲩⲟⲛ` -->
<feat xlink:href="#norm_69" value="ⲛⲓⲙ"/><!-- ⲛⲓⲙ` -->
<feat xlink:href="#norm_70" value="ⲉⲧ"/><!-- ⲉⲧ -->
<feat xlink:href="#norm_71" value="ⲉⲓⲣⲉ"/><!-- ⲉⲓ̈ⲣⲉ -->
<feat xlink:href="#norm_72" value="ⲛ"/><!-- ⲛ̄ -->
<feat xlink:href="#norm_73" value="ϩⲉⲛ"/><!-- ϩⲉⲛ -->
<feat xlink:href="#norm_74" value="ⲕⲣⲟϥ"/><!-- ⲕⲣⲟϥ -->
<feat xlink:href="#norm_75" value="·"/><!-- · -->
<feat xlink:href="#norm_76" value="ⲙ"/><!-- ⲙ̄ -->
<feat xlink:href="#norm_77" value="ⲙⲁⲁ"/><!-- ⲙⲁⲁ -->
<feat xlink:href="#norm_78" value="ⲩ"/><!-- ⲩ` -->
<feat xlink:href="#norm_79" value="ⲛⲓⲙ"/><!-- ⲛⲓⲙ -->
<feat xlink:href="#norm_80" value="ⲙ"/><!-- ⲙ̣̄ -->
<feat xlink:href="#norm_81" value="ⲡⲉ"/><!-- ⲡ̣ⲉ -->
<feat xlink:href="#norm_82" value="ⲙⲧⲟ"/><!-- ⲙⲧⲟ` -->
<feat xlink:href="#norm_83" value="ⲉⲃⲟⲗ"/><!-- ⲉⲃⲟⲗ -->
<feat xlink:href="#norm_84" value="ⲙ"/><!-- ⲙ̄ -->
<feat xlink:href="#norm_85" value="ⲡⲛⲟⲩⲧⲉ"/><!-- ⲡⲛⲟⲩⲧⲉ` -->
<feat xlink:href="#norm_86" value="ϩⲛ"/><!-- ϩ︤ⲛ︥ -->
<feat xlink:href="#norm_87" value="ⲟⲩ"/><!-- ⲟⲩ -->
<feat xlink:href="#norm_88" value="ϩⲱⲡ"/><!-- ϩⲱⲡ` -->
<feat xlink:href="#norm_89" value="·"/><!-- · -->
<feat xlink:href="#norm_90" value="ⲏ"/><!-- ⲏ` -->
<feat xlink:href="#norm_91" value="ϩⲛ"/><!-- ϩ︤ⲛ︥ -->
<feat xlink:href="#norm_92" value="ⲟⲩ"/><!-- ⲟⲩ -->
<feat xlink:href="#norm_93" value="ⲟⲩⲱⲛϩ"/><!-- ⲟⲩ -->
<feat xlink:href="#norm_95" value="ⲉⲃⲟⲗ"/><!-- ⲉⲃⲟⲗ` -->
<feat xlink:href="#norm_96" value=":"/><!-- : -->
<feat xlink:href="#norm_97" value="ⲉϣⲱⲡⲉ"/><!-- Ⲉϣⲱⲡⲉ` -->
<feat xlink:href="#norm_98" value="ⲉ"/><!-- ⲉ -->
<feat xlink:href="#norm_99" value="ⲧⲉⲧⲛ"/><!-- ⲧⲉⲧ︤ⲛ︥ -->
<feat xlink:href="#norm_100" value="ϣⲁ"/><!-- ϣⲁ -->
<feat xlink:href="#norm_101" value="ⲛ"/><!-- ⲛ -->
<feat xlink:href="#norm_102" value="ⲧⲙ"/><!-- ⲧ︤ⲙ︥ -->
<feat xlink:href="#norm_103" value="ⲛⲁⲩ"/><!-- ⲛⲁⲩ` -->
<feat xlink:href="#norm_104" value="ⲉⲣⲱ"/><!-- ⲉ -->
<feat xlink:href="#norm_106" value="ⲧⲛ"/><!-- ⲧⲛ︥ -->
<feat xlink:href="#norm_107" value="ⲙⲙⲓⲛⲙⲙⲱ"/><!-- ⲙ̄ⲙⲓⲛ` -->
<feat xlink:href="#norm_110" value="ⲧⲛ"/><!-- ⲧ︤ⲛ︥ -->
<feat xlink:href="#norm_111" value="ⲉ"/><!-- ⲉ -->
<feat xlink:href="#norm_112" value="ⲧⲉⲧⲛ"/><!-- ⲧⲉⲧ︤ⲛ︥ -->
<feat xlink:href="#norm_113" value="ⲟ"/><!-- ⲟ̣` -->
<feat xlink:href="#norm_114" value="ⲛ"/><!-- ⲛ̄ -->
<feat xlink:href="#norm_115" value="ⲧ"/><!-- ⲑ -->
<feat xlink:href="#norm_116" value="ϩⲉ"/><!-- ⲉ -->
<feat xlink:href="#norm_117" value="ⲙ"/><!-- ⲙ̄ -->
<feat xlink:href="#norm_118" value="ⲡ"/><!-- ⲡ -->
<feat xlink:href="#norm_119" value="ⲥⲁⲧⲁⲛⲁⲥ"/><!-- ⲥⲁⲧⲁⲛⲁⲥ` -->
<feat xlink:href="#norm_120" value="ϩⲣⲁⲓ"/><!-- ϩⲣⲁⲓ̈ -->
<feat xlink:href="#norm_121" value="ϩⲛ"/><!-- ϩ︤ⲛ︥ -->
<feat xlink:href="#norm_122" value="ⲧⲉ"/><!-- ⲧⲉ -->
<feat xlink:href="#norm_123" value="ϩⲣⲱ"/><!-- ϩⲣⲱ̂ -->
<feat xlink:href="#norm_124" value="ⲛ"/><!-- ⲛ̄ -->
<feat xlink:href="#norm_125" value="ⲕⲱϩⲧ"/><!-- ⲕⲱϩ︤ⲧ︥ -->
<feat xlink:href="#norm_126" value="ⲉⲧ"/><!-- ⲉⲧ -->
<feat xlink:href="#norm_127" value="ⲙⲟⲩϩ"/><!-- ⲙⲟⲩϩ` -->
<feat xlink:href="#norm_128" value="·"/><!-- · -->
<feat xlink:href="#norm_129" value="ⲉ"/><!-- ⲉ -->
<feat xlink:href="#norm_130" value="ⲩ"/><!-- ⲩ -->
<feat xlink:href="#norm_131" value="ⲕⲟⲗⲁⲍⲉ"/><!-- ⲕⲟⲗⲁⲍⲉ -->
<feat xlink:href="#norm_132" value="ⲙⲙⲱ"/><!-- ⲙ̄ⲙⲱ -->
<feat xlink:href="#norm_133" value="ⲧⲛ"/><!-- ⲧ︤ⲛ︥ -->
<feat xlink:href="#norm_134" value="ϩⲓ"/><!-- ϩⲓ -->
<feat xlink:href="#norm_135" value="ⲟⲩ"/><!-- ⲟⲩ -->
<feat xlink:href="#norm_136" value="ⲥⲟⲡ"/><!-- ⲥⲟⲡ` -->
<feat xlink:href="#norm_137" value="ϩⲣⲁⲓ"/><!-- ϩⲣⲁⲓ̈ -->
<feat xlink:href="#norm_138" value="ϩⲛ"/><!-- ϩ︤ⲛ︥ -->
<feat xlink:href="#norm_139" value="ⲁⲙⲛⲧⲉ"/><!-- ⲁⲙ︤ⲛ︦ⲧ︥ⲉ -->
<feat xlink:href="#norm_140" value="·"/><!-- · -->
<feat xlink:href="#norm_141" value="ⲉⲓⲉ"/><!-- ⲉⲓ̣̈ⲉ -->
<feat xlink:href="#norm_142" value="ⲛⲉⲧⲛ"/><!-- ⲛⲉ -->
<feat xlink:href="#norm_144" value="ϩⲃⲏⲩⲉ"/><!-- ϩⲃⲏⲩⲉ` -->
<feat xlink:href="#norm_145" value="ⲧⲏⲣ"/><!-- ⲧⲏⲣ -->
<feat xlink:href="#norm_146" value="ⲟⲩ"/><!-- ⲟⲩ -->
<feat xlink:href="#norm_147" value="ⲁⲩⲱ"/><!-- ⲁⲩⲱ -->
<feat xlink:href="#norm_148" value="ⲛⲉⲧⲛ"/><!-- ⲛⲉⲧ︤ⲛ︥ -->
<feat xlink:href="#norm_149" value="ϣⲟϫⲛⲉ"/><!-- ϣⲟ -->
<feat xlink:href="#norm_151" value="ⲧⲏⲣ"/><!-- ⲧⲏⲣ -->
<feat xlink:href="#norm_152" value="ⲟⲩ"/><!-- ⲟⲩ` -->
<feat xlink:href="#norm_153" value="ϩⲉⲛ"/><!-- ϩⲉⲛ -->
<feat xlink:href="#norm_154" value="ⲙⲉ"/><!-- ⲙⲉ` -->
<feat xlink:href="#norm_155" value="ⲛⲉ"/><!-- ⲛⲉ` -->
<feat xlink:href="#norm_156" value="·"/><!-- · -->
<feat xlink:href="#norm_157" value="ⲛ"/><!-- ⲛ̄ -->
<feat xlink:href="#norm_158" value="ϣⲁϫⲉ"/><!-- ϣⲁϫⲉ -->
<feat xlink:href="#norm_159" value="ⲙ"/><!-- ⲙ̄ -->
<feat xlink:href="#norm_160" value="ⲡⲁⲓ"/><!-- ⲡⲁⲓ̈ -->
<feat xlink:href="#norm_161" value="ⲉⲧ"/><!-- ⲉⲧ -->
<feat xlink:href="#norm_162" value="ϫⲱ"/><!-- ϫⲱ̂ -->
<feat xlink:href="#norm_163" value="ⲛ"/><!-- ⲛ̄ -->
<feat xlink:href="#norm_164" value="ⲛⲁⲓ"/><!-- ⲛⲁⲓ̈ -->
<feat xlink:href="#norm_165" value="ϩⲉⲛ"/><!-- ϩⲉⲛ -->
<feat xlink:href="#norm_166" value="ϭⲟⲗ"/><!-- ϭⲟⲗ -->
<feat xlink:href="#norm_167" value="ⲛⲉ"/><!-- ⲛⲉ` -->
<feat xlink:href="#norm_168" value=":"/><!-- : -->
<feat xlink:href="#norm_169" value="ⲧⲟⲩ"/><!-- ⲧⲟⲩ -->
<feat xlink:href="#norm_170" value="ⲁⲩⲧⲟⲩ"/><!-- ⲁⲩⲧⲟⲩ` -->
<feat xlink:href="#norm_171" value=":"/><!-- : -->
<feat xlink:href="#norm_172" value="ⲉⲧⲃⲉ"/><!-- Ⲉⲧⲃⲉ -->
<feat xlink:href="#norm_173" value="ⲡⲁⲓ"/><!-- ⲡⲁⲓ̈ -->
<feat xlink:href="#norm_174" value="ⲙⲡⲣ"/><!-- ⲙ̄ⲡ︤ⲣ︥ -->
<feat xlink:href="#norm_175" value="ⲧⲣⲉ"/><!-- ⲧⲣⲉ -->
<feat xlink:href="#norm_176" value="ⲛ"/><!-- ⲛ̄ -->
<feat xlink:href="#norm_177" value="ⲁⲡⲟⲧⲁⲥⲥⲉ"/><!-- ⲁⲡⲟⲧⲁⲥⲥⲉ` -->
<feat xlink:href="#norm_178" value="ⲉ"/><!-- ⲉ -->
<feat xlink:href="#norm_179" value="ⲧⲙ"/><!-- ⲧ︤ⲙ︥ -->
<feat xlink:href="#norm_180" value="ϥⲓ"/><!-- ϥⲓ` -->
<feat xlink:href="#norm_181" value="ϩⲁ"/><!-- ϩⲁ -->
<feat xlink:href="#norm_182" value="ⲛⲉⲛ"/><!-- ⲛⲉⲛ -->
<feat xlink:href="#norm_183" value="ⲉⲣⲏⲩ"/><!-- ⲉ -->
<feat xlink:href="#norm_185" value="ϫⲉ"/><!-- ϫⲉ -->
<feat xlink:href="#norm_186" value="ⲛⲛⲉ"/><!-- ⲛ̄ⲛⲉ -->
<feat xlink:href="#norm_187" value="ⲡ"/><!-- ⲡ -->
<feat xlink:href="#norm_188" value="ⲛⲟⲩⲧⲉ"/><!-- ⲛ -->
<feat xlink:href="#norm_192" value="ϭⲱⲛⲧ"/><!-- ϭⲱⲛⲧ︥ -->
<feat xlink:href="#norm_193" value="ⲉⲣⲟ"/><!-- ⲉⲣⲟ -->
<feat xlink:href="#norm_194" value="ⲛ"/><!-- ⲛ` -->
<feat xlink:href="#norm_195" value="ϫⲉ"/><!-- ϫⲉ -->
<feat xlink:href="#norm_196" value="ⲙⲡⲁ"/><!-- ⲙ̄ⲡⲁ -->
<feat xlink:href="#norm_197" value="ⲧⲛ"/><!-- ⲧⲛ︥ -->
<feat xlink:href="#norm_198" value="ⲱⲥⲕ"/><!-- ⲱⲥⲕ︥ -->
<feat xlink:href="#norm_199" value="ⲅⲁⲣ"/><!-- ⲅⲁⲣ` -->
<feat xlink:href="#norm_200" value="ⲉ"/><!-- ⲉ -->
<feat xlink:href="#norm_201" value="ⲛ"/><!-- ⲛ -->
<feat xlink:href="#norm_202" value="ϥⲓ"/><!-- ϥⲓ` -->
<feat xlink:href="#norm_203" value="ϩⲁ"/><!-- ϩⲁ -->
<feat xlink:href="#norm_204" value="ⲛⲉⲛ"/><!-- ⲛⲉⲛ -->
<feat xlink:href="#norm_205" value="ⲉⲣⲏⲩ"/><!-- ⲉⲣⲏⲩ` -->
<feat xlink:href="#norm_206" value="ⲛ"/><!-- ⲛ̄ -->
<feat xlink:href="#norm_207" value="ⲧ"/><!-- ⲑ -->
<feat xlink:href="#norm_208" value="ϩⲉ"/><!-- ⲉ` -->
<feat xlink:href="#norm_209" value="ⲙ"/><!-- ⲙ̄ -->
<feat xlink:href="#norm_210" value="ⲡ"/><!-- ⲡ -->
<feat xlink:href="#norm_211" value="ϫⲟⲉⲓⲥ"/><!-- ϫⲟ -->
<feat xlink:href="#norm_213" value="ⲁⲩⲱ"/><!-- ⲁⲩⲱ -->
<feat xlink:href="#norm_214" value="ⲡⲉϥ"/><!-- ⲡⲉϥ -->
<feat xlink:href="#norm_215" value="ⲭⲣⲓⲥⲧⲟⲥ"/><!-- ⲭ︤ⲣ︦ⲥ︥ -->
<feat xlink:href="#norm_216" value="ⲙⲛ"/><!-- ⲙ︤ⲛ︥ -->
<feat xlink:href="#norm_217" value="ⲛⲉϥ"/><!-- ⲛⲉϥ -->
<feat xlink:href="#norm_218" value="ⲁⲅⲅⲉⲗⲟⲥ"/><!-- ⲁⲅⲅⲉⲗⲟⲥ` -->
<feat xlink:href="#norm_219" value="ⲉⲧ"/><!-- ⲉⲧ -->
<feat xlink:href="#norm_220" value="ⲟⲩⲁⲁⲃ"/><!-- ⲟⲩⲁⲁⲃ` -->
<feat xlink:href="#norm_221" value="ⲉⲧ"/><!-- ⲉⲧ -->
<feat xlink:href="#norm_222" value="ϥⲓ"/><!-- ϥⲓ` -->
<feat xlink:href="#norm_223" value="ϩⲁⲣⲟ"/><!-- ϩⲁ -->
<feat xlink:href="#norm_225" value="ⲛ"/><!-- ⲛ` -->
<feat xlink:href="#norm_226" value="ϫⲓⲛ"/><!-- ϫⲓⲛ -->
<feat xlink:href="#norm_227" value="ⲧ"/><!-- ⲧ -->
<feat xlink:href="#norm_228" value="ⲁⲣⲭⲏ"/><!-- ⲁⲣⲭⲏ -->
<feat xlink:href="#norm_229" value="ⲙ"/><!-- ⲙ̄ -->
<feat xlink:href="#norm_230" value="ⲡ"/><!-- ⲡ -->
<feat xlink:href="#norm_231" value="ⲥⲱⲛⲧ"/><!-- ⲥⲱⲛ︤ⲧ︥ -->
<feat xlink:href="#norm_232" value="ϣⲁ"/><!-- ϣⲁ -->
<feat xlink:href="#norm_233" value="ϩⲣⲁⲓ"/><!-- ϩⲣⲁⲓ̈ -->
<feat xlink:href="#norm_234" value="ⲉ"/><!-- ⲉ -->
<feat xlink:href="#norm_235" value="ⲡ"/><!-- ⲡ -->
<feat xlink:href="#norm_236" value="ⲟⲟⲩ"/><!-- ⲟⲟⲩ -->
<feat xlink:href="#norm_237" value="ⲛ"/><!-- ⲛ̄ -->
<feat xlink:href="#norm_238" value="ϩⲟⲟⲩ"/><!-- ϩⲟⲟⲩ -->
<feat xlink:href="#norm_239" value="ⲁⲩⲱ"/><!-- ⲁⲩⲱ -->
<feat xlink:href="#norm_240" value="ⲟⲛ"/><!-- ⲟⲛ` -->
<feat xlink:href="#norm_241" value="ϣⲁ"/><!-- ϣⲁ -->
<feat xlink:href="#norm_242" value="ⲉⲛⲉϩ"/><!-- ⲉⲛⲉϩ -->
<feat xlink:href="#norm_243" value="·"/><!-- · -->
<feat xlink:href="#norm_244" value="ⲁⲗⲗⲁ"/><!-- ⲁⲗⲗⲁ` -->
<feat xlink:href="#norm_245" value="ⲙⲁⲣⲛ"/><!-- ⲙⲁⲣ︤ⲛ︥ -->
<feat xlink:href="#norm_246" value="ⲣ"/><!-- ⲣ` -->
<feat xlink:href="#norm_247" value="ϩⲙ"/><!-- ϩⲙ︥ -->
<feat xlink:href="#norm_248" value="ϩⲁⲗ"/><!-- ϩⲁⲗ` -->
<feat xlink:href="#norm_249" value="ⲛⲛⲉ"/><!-- ⲛ̄ⲛⲉ -->
<feat xlink:href="#norm_250" value="ⲛ"/><!-- ⲛ -->
<feat xlink:href="#norm_251" value="ⲉⲣⲏⲩ"/><!-- ⲉⲣⲏⲩ -->
<feat xlink:href="#norm_252" value="ⲛ"/><!-- ⲛ̄ -->
<feat xlink:href="#norm_253" value="ⲧ"/><!-- ⲑ -->
<feat xlink:href="#norm_254" value="ϩⲉ"/><!-- ⲉ` -->
<feat xlink:href="#norm_255" value="ⲛ"/><!-- ⲛ̄ -->
<feat xlink:href="#norm_256" value="ⲓⲏⲥⲟⲩⲥ"/><!-- ⲓ︤ⲥ︥ -->
<feat xlink:href="#norm_257" value="·"/><!-- · -->
<feat xlink:href="#norm_258" value="ⲡⲁⲓ"/><!-- ⲡⲁⲓ̈ -->
<feat xlink:href="#norm_259" value="ⲛⲧ"/><!-- ⲛ̄ -->
<feat xlink:href="#norm_261" value="ⲁ"/><!-- ⲁ -->
<feat xlink:href="#norm_262" value="ϥ"/><!-- ϥ -->
<feat xlink:href="#norm_263" value="ϫⲓ"/><!-- ϫⲓ` -->
<feat xlink:href="#norm_264" value="ⲛ"/><!-- ⲛ̄ -->
<feat xlink:href="#norm_265" value="ⲟⲩ"/><!-- ⲟⲩ -->
<feat xlink:href="#norm_266" value="ⲙⲟⲣⲫⲏ"/><!-- ⲙⲟⲣ -->
<feat xlink:href="#norm_268" value="ⲛ"/><!-- ⲛ̄ -->
<feat xlink:href="#norm_269" value="ϩⲙϩⲁⲗ"/><!-- ϩ︤ⲙ︥ϩⲁⲗ` -->
<feat xlink:href="#norm_270" value="ⲉⲧⲃⲏⲏ"/><!-- ⲉⲧⲃ -->
<feat xlink:href="#norm_273" value="ⲧⲛ"/><!-- ⲧⲛ︥ -->
<feat xlink:href="#norm_274" value="·"/><!-- · -->
<feat xlink:href="#norm_275" value="ⲁⲩⲱ"/><!-- ⲁⲩⲱ -->
<feat xlink:href="#norm_276" value="ⲛ"/><!-- ⲛ̄ -->
<feat xlink:href="#norm_277" value="ⲧ"/><!-- ⲑ -->
<feat xlink:href="#norm_278" value="ϩⲉ"/><!-- ⲉ -->
<feat xlink:href="#norm_279" value="ⲙ"/><!-- ⲙ̄ -->
<feat xlink:href="#norm_280" value="ⲡⲁⲩⲗⲟⲥ"/><!-- ⲡⲁⲩⲗⲟⲥ` -->
<feat xlink:href="#norm_281" value="ⲡ"/><!-- ⲡ -->
<feat xlink:href="#norm_282" value="ϩⲙϩⲁⲗ"/><!-- ϩⲙ︥ -->
<feat xlink:href="#norm_284" value="ⲛ"/><!-- ⲛ̄ -->
<feat xlink:href="#norm_285" value="ⲓⲏⲥⲟⲩⲥ"/><!-- ⲓ︤ⲥ︥ -->
<feat xlink:href="#norm_286" value="·"/><!-- · -->
<feat xlink:href="#norm_287" value="ⲁⲩⲱ"/><!-- ⲁⲩⲱ -->
<feat xlink:href="#norm_288" value="ⲛ"/><!-- ⲛ̄ -->
<feat xlink:href="#norm_289" value="ⲧ"/><!-- ⲑ -->
<feat xlink:href="#norm_290" value="ϩⲉ"/><!-- ⲉ` -->
<feat xlink:href="#norm_291" value="ⲛ"/><!-- ⲛ̄ -->
<feat xlink:href="#norm_292" value="ⲛ"/><!-- ⲛ̄ -->
<feat xlink:href="#norm_293" value="ⲁⲡⲟⲥⲧⲟⲗⲟⲥ"/><!-- ⲁⲡⲟⲥⲧⲟ -->
<feat xlink:href="#norm_295" value="ⲧⲏⲣ"/><!-- ⲧⲏⲣ -->
<feat xlink:href="#norm_296" value="ⲟⲩ"/><!-- ⲟⲩ` -->
<feat xlink:href="#norm_297" value="ⲙⲛ"/><!-- ⲙⲛ̄ -->
<feat xlink:href="#norm_298" value="ⲛⲉ"/><!-- ⲛⲉ -->
<feat xlink:href="#norm_299" value="ⲡⲣⲟⲫⲏⲧⲏⲥ"/><!-- ⲡⲣⲟⲫⲏⲧⲏⲥ` -->
<feat xlink:href="#norm_300" value="ⲧⲏⲣ"/><!-- ⲧⲏⲣ -->
<feat xlink:href="#norm_301" value="ⲟⲩ"/><!-- ⲟⲩ -->
<feat xlink:href="#norm_302" value="·"/><!-- · -->
<feat xlink:href="#norm_303" value="ⲛⲁⲓ"/><!-- ⲛⲁⲓ̣̈ -->
<feat xlink:href="#norm_304" value="ⲛⲧ"/><!-- [ⲛ̄ⲧ -->
<feat xlink:href="#norm_305" value="ⲁ"/><!-- ⲁ -->
<feat xlink:href="#norm_306" value="ⲩ"/><!-- ⲩ] -->
<feat xlink:href="#norm_307" value="ϣⲱⲡⲉ"/><!-- ϣⲱⲡⲉ` -->
<feat xlink:href="#norm_308" value="ⲛ"/><!-- [ⲛ̣̄ -->
<feat xlink:href="#norm_309" value="ϩⲙϩⲁⲗ"/><!-- ϩ︤ⲙ︥ϩⲁⲗ] -->
<feat xlink:href="#norm_310" value="ⲙ"/><!-- ⲙ̄ -->
<feat xlink:href="#norm_311" value="ⲡ"/><!-- ⲡ -->
<feat xlink:href="#norm_312" value="ϫⲟⲉⲓⲥ"/><!-- ϫ̣[ⲟⲉⲓⲥ] -->
<feat xlink:href="#norm_313" value="ⲡⲉϥ"/><!-- ⲡⲉϥ -->
<feat xlink:href="#norm_314" value="ⲭⲣⲓⲥⲧⲟⲥ"/><!-- ⲭ︤ⲣ︦ⲥ︥ -->
<feat xlink:href="#norm_315" value="ⲓⲏⲥⲟⲩⲥ"/><!-- ⲓ︤ⲥ︥ -->
<feat xlink:href="#norm_316" value="ⲛ"/><!-- ⲛ̄ -->
<feat xlink:href="#norm_317" value="ⲕⲁⲧⲁ"/><!-- ⲕⲁⲧⲁ -->
<feat xlink:href="#norm_318" value="ⲛⲉ"/><!-- ⲛⲉ -->
<feat xlink:href="#norm_319" value="ⲅⲣⲁⲫⲏ"/><!-- ⲅⲣⲁⲫⲏ` -->
<feat xlink:href="#norm_320" value="ϫⲉ"/><!-- ϫⲉ -->
<feat xlink:href="#norm_321" value="ⲁ"/><!-- ⲁ -->
<feat xlink:href="#norm_322" value="ⲓ"/><!-- ⲓ̈ -->
<feat xlink:href="#norm_323" value="ⲧⲛⲛⲟ"/><!-- ⲧ︤ⲛ︥ -->
<feat xlink:href="#norm_325" value="ⲟⲩ"/><!-- ⲟⲩ -->
<feat xlink:href="#norm_326" value="ϣⲁ"/><!-- ϣⲁ -->
<feat xlink:href="#norm_327" value="ⲣⲱ"/><!-- ⲣⲱ -->
<feat xlink:href="#norm_328" value="ⲧⲛ"/><!-- ⲧ︤ⲛ︥ -->
<feat xlink:href="#norm_329" value="ⲛ"/><!-- ⲛ̄ -->
<feat xlink:href="#norm_330" value="ⲛ"/><!-- ⲛ -->
<feat xlink:href="#norm_331" value="ⲁ"/><!-- ⲁ -->
<feat xlink:href="#norm_332" value="ϩⲙϩⲁⲗ"/><!-- ϩ︤ⲙ︥ϩⲁⲗ -->
<feat xlink:href="#norm_333" value="ⲛⲉ"/><!-- ⲛⲉ -->
<feat xlink:href="#norm_334" value="ⲡⲣⲟⲫⲏⲧⲏⲥ"/><!-- ⲡⲣⲟ -->
<feat xlink:href="#norm_336" value="ⲙ"/><!-- ⲙ̄ -->
<feat xlink:href="#norm_337" value="ⲡ"/><!-- ⲡ -->
<feat xlink:href="#norm_338" value="ϫⲡⲉ"/><!-- ϫ̣ⲡⲉ -->
<feat xlink:href="#norm_339" value="ϩⲟⲟⲩ"/><!-- ϩⲟⲟⲩ -->
<feat xlink:href="#norm_340" value="ⲙ"/><!-- ⲙ̄ -->
<feat xlink:href="#norm_341" value="ⲡ"/><!-- ⲡ -->
<feat xlink:href="#norm_342" value="ⲛⲁⲩ"/><!-- ⲛⲁⲩ -->
<feat xlink:href="#norm_343" value="ⲛ"/><!-- ⲛ̄ -->
<feat xlink:href="#norm_344" value="ϣⲱⲣⲡ"/><!-- ϣⲱ -->
<feat xlink:href="#norm_346" value="ⲁⲩⲱ"/><!-- ⲁⲩⲱ -->
<feat xlink:href="#norm_347" value="ⲁ"/><!-- ⲁ -->
<feat xlink:href="#norm_348" value="ⲓ"/><!-- ⲓ̈ -->
<feat xlink:href="#norm_349" value="ⲧⲛⲛⲟⲟⲩ"/><!-- ⲧ︤ⲛ︥ⲛⲟ -->
<feat xlink:href="#norm_351" value="ⲟⲟⲩ"/><!-- ⲟⲟⲩ -->
<feat xlink:href="#norm_352" value="·"/><!-- · -->
<feat xlink:href="#norm_353" value="ⲁⲩⲱ"/><!-- ⲁⲩⲱ -->
<feat xlink:href="#norm_354" value="ⲙ"/><!-- ⲙ̄ -->
<feat xlink:href="#norm_355" value="ⲡⲉ"/><!-- ⲡⲉ -->
<feat xlink:href="#norm_356" value="ⲧⲛ"/><!-- ⲧ︤ⲛ︥ -->
<feat xlink:href="#norm_357" value="ⲥⲱⲧⲙ"/><!-- ⲥⲱⲧ︤ⲙ︥ -->
<feat xlink:href="#norm_358" value=":"/><!-- : -->
<feat xlink:href="#norm_359" value="ⲛⲧ"/><!-- Ⲛ̄ⲧ -->
<feat xlink:href="#norm_360" value="ⲁ"/><!-- ⲁ -->
<feat xlink:href="#norm_361" value="ⲛⲉ"/><!-- ⲛⲉ -->
<feat xlink:href="#norm_362" value="ⲡⲣⲟⲫⲏⲧⲏⲥ"/><!-- ⲡⲣⲟⲫⲏⲧⲏⲥ -->
<feat xlink:href="#norm_363" value="ⲙⲛ"/><!-- ⲙ︤ⲛ︥ -->
<feat xlink:href="#norm_364" value="ⲛ"/><!-- ⲛ -->
<feat xlink:href="#norm_365" value="ⲁⲡⲟⲥⲧⲟⲗⲟⲥ"/><!-- ⲁⲡⲟⲥⲧⲟⲗⲟⲥ` -->
<feat xlink:href="#norm_366" value="ⲣ"/><!-- ⲣ` -->
<feat xlink:href="#norm_367" value="ϩⲙ"/><!-- ϩ︤ⲙ︥ -->
<feat xlink:href="#norm_368" value="ϩⲁⲗ"/><!-- ϩⲁⲗ` -->
<feat xlink:href="#norm_369" value="ⲙ"/><!-- ⲙ̄ -->
<feat xlink:href="#norm_370" value="ⲡ"/><!-- ⲡ -->
<feat xlink:href="#norm_371" value="ϫⲟⲉⲓⲥ"/><!-- ϫⲟ -->
<feat xlink:href="#norm_373" value="ⲏ"/><!-- ⲏ̂ -->
<feat xlink:href="#norm_374" value="ⲡⲉϥ"/><!-- ⲡⲉϥ -->
<feat xlink:href="#norm_375" value="ⲭⲣⲓⲥⲧⲟⲥ"/><!-- ⲭ︤ⲣ︦ⲥ︥ -->
<feat xlink:href="#norm_376" value="ϩⲛ"/><!-- ϩ︤ⲛ︥ -->
<feat xlink:href="#norm_377" value="ⲟⲩ"/><!-- ⲟⲩ -->
<feat xlink:href="#norm_378" value="ⲭⲉⲓⲙⲏⲧⲓ"/><!-- ⲭⲉⲓⲙⲏⲧⲓ` -->
<feat xlink:href="#norm_379" value="ⲉ"/><!-- ⲉ̣ -->
<feat xlink:href="#norm_380" value="ⲧⲣⲉ"/><!-- ⲧⲣⲉ -->
<feat xlink:href="#norm_381" value="ⲩ"/><!-- ⲩ -->
<feat xlink:href="#norm_382" value="ϩⲟⲧⲡ"/><!-- ϩⲟⲧⲡ -->
<feat xlink:href="#norm_383" value="ⲥⲛⲁⲩ"/><!-- ⲥⲛⲁⲩ` -->
<feat xlink:href="#norm_384" value="ⲉ"/><!-- ⲉ -->
<feat xlink:href="#norm_385" value="ϣⲡ"/><!-- ϣ︤ⲡ︥ -->
<feat xlink:href="#norm_386" value="ϩⲓⲥⲉ"/><!-- ϩⲓⲥⲉ` -->
<feat xlink:href="#norm_387" value="ⲙⲛ"/><!-- ⲙⲛ̄ -->
<feat xlink:href="#norm_388" value="ϩⲉⲛ"/><!-- ϩⲉⲛ -->
<feat xlink:href="#norm_389" value="ⲕⲟⲟⲩⲉ"/><!-- ⲕⲟ -->
<feat xlink:href="#norm_391" value="·"/><!-- · -->
<feat xlink:href="#norm_392" value="ⲁⲩⲱ"/><!-- ⲁⲩⲱ -->
<feat xlink:href="#norm_393" value="ⲛ"/><!-- ⲛ̄ -->
<feat xlink:href="#norm_394" value="ⲥⲉ"/><!-- ⲥⲉ -->
<feat xlink:href="#norm_395" value="ⲙⲟⲩ"/><!-- ⲙⲟⲩ -->
<feat xlink:href="#norm_396" value="ϩⲁ"/><!-- ϩⲁ -->
<feat xlink:href="#norm_397" value="ⲡ"/><!-- ⲡ -->
<feat xlink:href="#norm_398" value="ⲣⲁⲛ"/><!-- ⲣⲁⲛ -->
<feat xlink:href="#norm_399" value="ⲛ"/><!-- ⲛ̄ -->
<feat xlink:href="#norm_400" value="ⲓⲏⲥⲟⲩⲥ"/><!-- ⲓ︤ⲥ︥ -->
<feat xlink:href="#norm_401" value=":"/><!-- : -->
<feat xlink:href="#norm_402" value="ⲉⲧⲃⲉ"/><!-- Ⲉⲧⲃⲉ -->
<feat xlink:href="#norm_403" value="ⲡⲁⲓ"/><!-- ⲡⲁⲓ̈ -->
<feat xlink:href="#norm_404" value="ⲛⲧⲉⲣⲉ"/><!-- ⲛ̄ⲧⲉⲣⲉ -->
<feat xlink:href="#norm_405" value="ϥ"/><!-- ϥ -->
<feat xlink:href="#norm_406" value="ϣⲣⲡ"/><!-- ϣ︤ⲣ︦ⲡ︥ -->
<feat xlink:href="#norm_407" value="ⲉⲓⲙⲉ"/><!-- ⲉⲓⲙⲉ` -->
<feat xlink:href="#norm_408" value="ⲛϭⲓ"/><!-- ⲛ̄ϭⲓ -->
<feat xlink:href="#norm_409" value="ⲡ"/><!-- ⲡ -->
<feat xlink:href="#norm_410" value="ϫⲟⲉⲓⲥ"/><!-- ϫⲟⲉⲓⲥ` -->
<feat xlink:href="#norm_411" value="ⲓⲏⲥⲟⲩⲥ"/><!-- ⲓ︤ⲥ︥ -->
<feat xlink:href="#norm_412" value="ϫⲉ"/><!-- ϫⲉ -->
<feat xlink:href="#norm_413" value="ⲛⲉ"/><!-- ⲛⲉ -->
<feat xlink:href="#norm_414" value="ⲛ"/><!-- ⲛ -->
<feat xlink:href="#norm_415" value="ⲉⲓⲟⲧⲉ"/><!-- ⲉⲓⲟⲧⲉ -->
<feat xlink:href="#norm_416" value="ⲛ"/><!-- ⲛ̄ -->
<feat xlink:href="#norm_417" value="ⲁⲡⲟⲥⲧⲟⲗⲟⲥ"/><!-- ⲁⲡⲟⲥⲧⲟ -->
<feat xlink:href="#norm_419" value="ⲛⲁ"/><!-- ⲛⲁ -->
<feat xlink:href="#norm_420" value="ⲉⲓⲣⲉ"/><!-- ⲉⲓⲣⲉ` -->
<feat xlink:href="#norm_421" value="ⲛ"/><!-- ⲛ̄ -->
<feat xlink:href="#norm_422" value="ϩⲱⲃ"/><!-- ϩⲱⲃ` -->
<feat xlink:href="#norm_423" value="ⲛⲓⲙ"/><!-- ⲛⲓⲙ` -->
<feat xlink:href="#norm_424" value="ⲉ"/><!-- ⲉ -->
<feat xlink:href="#norm_425" value="ⲛⲧ"/><!-- ⲛⲧ -->
<feat xlink:href="#norm_426" value="ⲁ"/><!-- ⲁ -->
<feat xlink:href="#norm_427" value="ϥ"/><!-- ϥ -->
<feat xlink:href="#norm_428" value="ⲟⲩⲉϩ"/><!-- ⲟⲩⲉϩ -->
<feat xlink:href="#norm_429" value="ⲥⲁϩⲛⲉ"/><!-- ⲥⲁϩⲛⲉ` -->
<feat xlink:href="#norm_430" value="ⲙⲙⲟ"/><!-- ⲙ̄ⲙⲟ -->
<feat xlink:href="#norm_431" value="ⲟⲩ"/><!-- ⲟⲩ` -->
<feat xlink:href="#norm_432" value="ⲉ"/><!-- ⲉ -->
<feat xlink:href="#norm_433" value="ϥ"/><!-- ϥ -->
<feat xlink:href="#norm_434" value="ⲛⲁ"/><!-- ⲛⲁ -->
<feat xlink:href="#norm_435" value="ⲃⲱⲕ"/><!-- ⲃⲱⲕ` -->
<feat xlink:href="#norm_436" value="ⲉⲃⲟⲗ"/><!-- ⲉⲃⲟⲗ` -->
<feat xlink:href="#norm_437" value="ϩⲓⲧⲟⲟⲧ"/><!-- ϩⲓ -->
<feat xlink:href="#norm_439" value="ⲟⲩ"/><!-- ⲟⲩ` -->
<feat xlink:href="#norm_440" value="ⲉ"/><!-- ⲉ -->
<feat xlink:href="#norm_441" value="ϩⲣⲁⲓ"/><!-- ϩⲣⲁⲓ̈ -->
<feat xlink:href="#norm_442" value="ⲉ"/><!-- ⲉ -->
<feat xlink:href="#norm_443" value="ⲙ"/><!-- ⲙ -->
<feat xlink:href="#norm_444" value="ⲡⲏⲩⲉ"/><!-- ⲡⲏⲩⲉ` -->
<feat xlink:href="#norm_445" value="ⲕⲁⲧⲁ"/><!-- ⲕⲁⲧⲁ -->
<feat xlink:href="#norm_446" value="ⲛⲉ"/><!-- ⲛⲉ -->
<feat xlink:href="#norm_447" value="ⲅⲣⲁⲫⲏ"/><!-- ⲅⲣⲁⲫⲏ` -->
<feat xlink:href="#norm_448" value="·"/><!-- · -->
<feat xlink:href="#norm_449" value="ⲁⲩⲱ"/><!-- ⲁⲩⲱ -->
<feat xlink:href="#norm_450" value="ⲛ"/><!-- ⲛ̄ -->
<feat xlink:href="#norm_451" value="ⲧ"/><!-- ⲑ -->
<feat xlink:href="#norm_452" value="ϩⲉ"/><!-- ⲉ -->
<feat xlink:href="#norm_453" value="ⲟⲛ"/><!-- ⲟⲛ` -->
<feat xlink:href="#norm_454" value="ⲛⲧ"/><!-- ⲛ̄ⲧ -->
<feat xlink:href="#norm_455" value="ⲁ"/><!-- ⲁ -->
<feat xlink:href="#norm_456" value="ⲩ"/><!-- ⲩ -->
<feat xlink:href="#norm_457" value="ϫⲱⲕ"/><!-- ϫⲱⲕ` -->
<feat xlink:href="#norm_458" value="ⲉⲃⲟⲗ"/><!-- ⲉⲃⲟⲗ` -->
<feat xlink:href="#norm_459" value="ⲛ"/><!-- ⲛ̄ -->
<feat xlink:href="#norm_460" value="ⲛⲉ"/><!-- ⲛⲉ -->
<feat xlink:href="#norm_461" value="ⲛⲧ"/><!-- ⲛⲧ -->
<feat xlink:href="#norm_462" value="ⲁ"/><!-- ⲁ -->
<feat xlink:href="#norm_463" value="ϥ"/><!-- ϥ -->
<feat xlink:href="#norm_464" value="ⲟⲩⲉϩ"/><!-- [ⲟⲩⲉϩ] -->
<feat xlink:href="#norm_465" value="ⲥⲁϩⲛⲉ"/><!-- ⲥⲁϩⲛⲉ` -->
<feat xlink:href="#norm_466" value="ⲙⲙⲟ"/><!-- ⲙ̄ⲙⲟ -->
<feat xlink:href="#norm_467" value="ⲟⲩ"/><!-- [ⲟⲩ -->
<feat xlink:href="#norm_468" value="ⲛⲁ"/><!-- ⲛⲁ -->
<feat xlink:href="#norm_469" value="ⲩ"/><!-- ⲩ] -->
<feat xlink:href="#norm_470" value="ϫⲓⲛ"/><!-- ϫ̣ⲓⲛ -->
<feat xlink:href="#norm_471" value="ⲛ"/><!-- ⲛ̄ -->
<feat xlink:href="#norm_472" value="ϣⲟⲣⲡ"/><!-- ϣⲟ -->
<feat xlink:href="#norm_474" value="ⲉ"/><!-- ⲉ -->
<feat xlink:href="#norm_475" value="ϥ"/><!-- ϥ -->
<feat xlink:href="#norm_476" value="ϣⲟⲟⲡ"/><!-- ϣⲟ]ⲟ̣ⲡ` -->
<feat xlink:href="#norm_477" value="ⲛⲙⲙⲁ"/><!-- ⲛⲙ︥ -->
<feat xlink:href="#norm_479" value="ⲩ"/><!-- ⲩ` -->
<feat xlink:href="#norm_480" value="ⲛϭⲓ"/><!-- ⲛ̄ϭⲓ -->
<feat xlink:href="#norm_481" value="ⲡ"/><!-- ⲡ -->
<feat xlink:href="#norm_482" value="ϫⲟⲉⲓⲥ"/><!-- ϫⲟⲉⲓⲥ` -->
<feat xlink:href="#norm_483" value="ⲙ"/><!-- ⲙ̄ -->
<feat xlink:href="#norm_484" value="ⲡ"/><!-- ⲡ -->
<feat xlink:href="#norm_485" value="ⲉⲟⲟⲩ"/><!-- ⲉⲟⲟⲩ -->
<feat xlink:href="#norm_486" value="ⲓⲏⲥⲟⲩⲥ"/><!-- ⲓ︤ⲥ︥ -->
<feat xlink:href="#norm_487" value=":"/><!-- : -->
<feat xlink:href="#norm_488" value="ⲉⲧⲃⲉ"/><!-- Ⲉⲧⲃⲉ -->
<feat xlink:href="#norm_489" value="ⲡⲁⲓ"/><!-- ⲡⲁⲓ̈ -->
<feat xlink:href="#norm_490" value="ⲡⲉϫⲁ"/><!-- ⲡⲉϫⲁ -->
<feat xlink:href="#norm_491" value="ϥ"/><!-- ϥ` -->
<feat xlink:href="#norm_492" value="ⲛⲁ"/><!-- ⲛⲁ -->
<feat xlink:href="#norm_493" value="ⲩ"/><!-- ⲩ` -->
<feat xlink:href="#norm_494" value="ϫⲉ"/><!-- ϫⲉ` -->
<feat xlink:href="#norm_495" value="ⲛ"/><!-- ⲛ̄ -->
<feat xlink:href="#norm_496" value="ϯ"/><!-- ϯ -->
<feat xlink:href="#norm_497" value="ⲛⲁ"/><!-- ⲛⲁ -->
<feat xlink:href="#norm_498" value="ⲙⲟⲩⲧⲉ"/><!-- ⲙⲟⲩ -->
<feat xlink:href="#norm_500" value="ϭⲉ"/><!-- ϭⲉ -->
<feat xlink:href="#norm_501" value="ⲁⲛ"/><!-- ⲁⲛ` -->
<feat xlink:href="#norm_502" value="ⲉⲣⲱ"/><!-- ⲉⲣⲱ -->
<feat xlink:href="#norm_503" value="ⲧⲛ"/><!-- ⲧⲛ̄ -->
<feat xlink:href="#norm_504" value="ϫⲉ"/><!-- ϫⲉ -->
<feat xlink:href="#norm_505" value="ⲛⲁ"/><!-- ⲛⲁ -->
<feat xlink:href="#norm_506" value="ϩⲙ"/><!-- ϩ︤ⲙ︥ -->
<feat xlink:href="#norm_507" value="ϩⲁϩ"/><!-- ϩⲁϩ` -->
<feat xlink:href="#norm_508" value="ϫⲉ"/><!-- ϫⲉ` -->
<feat xlink:href="#norm_509" value="ⲙ"/><!-- ⲙ̄ -->
<feat xlink:href="#norm_510" value="ⲡ"/><!-- ⲡ -->
<feat xlink:href="#norm_511" value="ϩⲙϩⲁⲗ"/><!-- ϩ︤ⲙ︥ϩⲁⲗ` -->
<feat xlink:href="#norm_512" value="ⲥⲟⲟⲩⲛ"/><!-- ⲥⲟⲟⲩⲛ` -->
<feat xlink:href="#norm_513" value="ⲁⲛ"/><!-- ⲁⲛ` -->
<feat xlink:href="#norm_514" value="ϫⲉ"/><!-- ϫⲉ -->
<feat xlink:href="#norm_515" value="ⲟⲩ"/><!-- ⲟ᷍ⲩ -->
<feat xlink:href="#norm_516" value="ⲡ"/><!-- ⲡ -->
<feat xlink:href="#norm_517" value="ⲉⲧⲉⲣⲉ"/><!-- ⲉⲧⲉⲣⲉ -->
<feat xlink:href="#norm_518" value="ⲡⲉ"/><!-- ⲡⲉ -->
<feat xlink:href="#norm_519" value="ϥ"/><!-- ϥ -->
<feat xlink:href="#norm_520" value="ϫⲟⲉⲓⲥ"/><!-- ϫⲟⲉⲓⲥ` -->
<feat xlink:href="#norm_521" value="ⲉⲓⲣⲉ"/><!-- ⲉⲓⲣⲉ` -->
<feat xlink:href="#norm_522" value="ⲙⲙⲟ"/><!-- ⲙ̄ -->
<feat xlink:href="#norm_524" value="ϥ"/><!-- ϥ` -->
<feat xlink:href="#norm_525" value="·"/><!-- · -->
<feat xlink:href="#norm_526" value="ⲁⲗⲗⲁ"/><!-- ⲁⲗⲗⲁ` -->
<feat xlink:href="#norm_527" value="ⲉ"/><!-- ⲉ -->
<feat xlink:href="#norm_528" value="ⲓ"/><!-- ⲓ -->
<feat xlink:href="#norm_529" value="ⲛⲁ"/><!-- ⲛⲁ -->
<feat xlink:href="#norm_530" value="ⲙⲟⲩⲧⲉ"/><!-- ⲙⲟⲩⲧⲉ` -->
<feat xlink:href="#norm_531" value="ⲉⲣⲱ"/><!-- ⲉⲣⲱ -->
<feat xlink:href="#norm_532" value="ⲧⲛ"/><!-- ⲧⲛ̄ -->
<feat xlink:href="#norm_533" value="ϫⲉ"/><!-- ϫⲉ -->
<feat xlink:href="#norm_534" value="ⲛⲁ"/><!-- ⲛⲁ -->
<feat xlink:href="#norm_535" value="ⲥⲛⲏⲩ"/><!-- ⲥⲛⲏⲩ` -->
<feat xlink:href="#norm_536" value="ⲁⲩⲱ"/><!-- ⲁⲩⲱ -->
<feat xlink:href="#norm_537" value="ⲛⲁ"/><!-- ⲛⲁ -->
<feat xlink:href="#norm_538" value="ϣⲃⲉⲉⲣ"/><!-- ϣⲃⲉⲉⲣ` -->
<feat xlink:href="#norm_539" value="·"/><!-- · -->
<feat xlink:href="#norm_540" value="ϫⲉ"/><!-- ϫⲉ -->
<feat xlink:href="#norm_541" value="ⲛ"/><!-- ⲛ -->
<feat xlink:href="#norm_542" value="ⲉ"/><!-- ⲉ -->
<feat xlink:href="#norm_543" value="ⲛⲧ"/><!-- ⳯ -->
<feat xlink:href="#norm_545" value="ⲁ"/><!-- ⲁ -->
<feat xlink:href="#norm_546" value="ⲓ"/><!-- ⲓ̈ -->
<feat xlink:href="#norm_547" value="ⲥⲟⲧⲙ"/><!-- ⲥⲟⲧⲙ -->
<feat xlink:href="#norm_548" value="ⲟⲩ"/><!-- ⲟⲩ` -->
<feat xlink:href="#norm_549" value="ⲧⲏⲣ"/><!-- ⲧⲏ -->
<feat xlink:href="#norm_551" value="ⲟⲩ"/><!-- ⲟⲩ` -->
<feat xlink:href="#norm_552" value="ⲛⲧⲉ"/><!-- ⲛ̄ⲧⲉ -->
<feat xlink:href="#norm_553" value="ⲡⲁ"/><!-- ⲡⲁ -->
<feat xlink:href="#norm_554" value="ⲉⲓⲱⲧ"/><!-- ⲉⲓⲱⲧ` -->
<feat xlink:href="#norm_555" value="ⲁ"/><!-- ⲁ -->
<feat xlink:href="#norm_556" value="ⲓ"/><!-- ⲓ̈ -->
<feat xlink:href="#norm_557" value="ⲧⲁⲙⲱ"/><!-- ⲧⲁⲙⲱ -->
<feat xlink:href="#norm_558" value="ⲧⲛ"/><!-- ⲧⲛ̄ -->
<feat xlink:href="#norm_559" value="ⲉⲣⲟ"/><!-- ⲉⲣⲟ -->
<feat xlink:href="#norm_560" value="ⲟⲩ"/><!-- ⲟⲩ` -->
<feat xlink:href="#norm_561" value="·"/><!-- · -->
<feat xlink:href="#norm_562" value="ⲛⲧⲱⲧⲛ"/><!-- ⲛ̄ⲧⲱⲧ︤ⲛ︥ -->
<feat xlink:href="#norm_563" value="ⲁⲛ"/><!-- ⲁⲛ` -->
<feat xlink:href="#norm_564" value="ⲡⲉϫⲁ"/><!-- ⲡⲉϫⲁ -->
<feat xlink:href="#norm_565" value="ϥ"/><!-- ϥ` -->
<feat xlink:href="#norm_566" value="ⲁ"/><!-- ⲁ -->
<feat xlink:href="#norm_567" value="ⲧⲉⲧⲛ"/><!-- ⲧⲉⲧⲛ̄ -->
<feat xlink:href="#norm_568" value="ⲥⲟⲧⲡ"/><!-- ⲥⲟⲧⲡ︤ -->
<feat xlink:href="#norm_569" value="ⲧ"/><!-- ⲧ︥ -->
<feat xlink:href="#norm_570" value="·"/><!-- · -->
<feat xlink:href="#norm_571" value="ⲁⲗⲗⲁ"/><!-- ⲁⲗⲗⲁ -->
<feat xlink:href="#norm_572" value="ⲁⲛⲟⲕ"/><!-- ⲁⲛⲟⲕ` -->
<feat xlink:href="#norm_573" value="ⲁ"/><!-- ⲁ -->
<feat xlink:href="#norm_574" value="ⲓ"/><!-- ⲓ̈ -->
<feat xlink:href="#norm_575" value="ⲥⲉⲧⲡ"/><!-- ⲥⲉⲧ︤ⲡ︥ -->
<feat xlink:href="#norm_576" value="ⲧⲏⲩⲧⲛ"/><!-- ⲧⲏⲩ -->
<feat xlink:href="#norm_578" value="·"/><!-- · -->
<feat xlink:href="#norm_579" value="ⲁⲩⲱ"/><!-- ⲁⲩⲱ -->
<feat xlink:href="#norm_580" value="ϯ"/><!-- ϯ -->
<feat xlink:href="#norm_581" value="ϫⲟⲟ"/><!-- ϫⲟⲟ -->
<feat xlink:href="#norm_582" value="ⲩ"/><!-- ⲩ -->
<feat xlink:href="#norm_583" value="ⲙⲙⲱ"/><!-- ⲙ̄ⲙⲱ -->
<feat xlink:href="#norm_584" value="ⲧⲛ"/><!-- ⲧⲛ̄ -->
<feat xlink:href="#norm_585" value="ⲛ"/><!-- ⲛ̄ -->
<feat xlink:href="#norm_586" value="ⲧ"/><!-- ⲑ -->
<feat xlink:href="#norm_587" value="ϩⲉ"/><!-- ϩⲉ` -->
<feat xlink:href="#norm_588" value="ⲛ"/><!-- ⲛ̄ -->
<feat xlink:href="#norm_589" value="ϩⲉⲛ"/><!-- ϩⲉⲛ -->
<feat xlink:href="#norm_590" value="ⲉⲥⲟⲟⲩ"/><!-- ⲉⲥⲟⲟⲩ` -->
<feat xlink:href="#norm_591" value="ⲛ"/><!-- ⲛ̄ -->
<feat xlink:href="#norm_592" value="ⲧ"/><!-- ⲧ -->
<feat xlink:href="#norm_593" value="ⲙⲏⲧⲉ"/><!-- ⲙⲏ -->
<feat xlink:href="#norm_595" value="ⲛ"/><!-- ⲛ̄ -->
<feat xlink:href="#norm_596" value="ϩⲉⲛ"/><!-- ϩⲉⲛ -->
<feat xlink:href="#norm_597" value="ⲟⲩⲱⲛϣ"/><!-- ⲟⲩⲱⲛϣ̄ -->
<feat xlink:href="#norm_598" value=":"/><!-- : -->
<feat xlink:href="#norm_599" value="ⲙⲡⲣ"/><!-- Ⲙ̄ⲡ︤ⲣ︥ -->
<feat xlink:href="#norm_600" value="ⲣ"/><!-- ⲣ` -->
<feat xlink:href="#norm_601" value="ϩⲟⲧⲉ"/><!-- ϩⲟⲧⲉ` -->
<feat xlink:href="#norm_602" value="ϩⲏⲧ"/><!-- ϩⲏⲧ -->
<feat xlink:href="#norm_603" value="ⲟⲩ"/><!-- ⲟⲩ -->
<feat xlink:href="#norm_604" value="ⲛ"/><!-- ⲛ̄ -->
<feat xlink:href="#norm_605" value="ⲛⲉⲧ"/><!-- ⲛⲉⲧ -->
<feat xlink:href="#norm_606" value="ⲛⲁ"/><!-- ⲛⲁ -->
<feat xlink:href="#norm_607" value="ⲙⲟⲩⲟⲩⲧ"/><!-- ⲙⲟⲩⲟⲩⲧ -->
<feat xlink:href="#norm_608" value="ⲙ"/><!-- ⲙ̄ -->
<feat xlink:href="#norm_609" value="ⲡⲉⲧⲛ"/><!-- ⲡⲉⲧ︤ⲛ︥ -->
<feat xlink:href="#norm_610" value="ⲥⲱⲙⲁ"/><!-- ⲥⲱⲙⲁ` -->
<feat xlink:href="#norm_611" value="·"/><!-- · -->
<feat xlink:href="#norm_612" value="ⲉϣϫⲉ"/><!-- ⲉϣϫⲉ -->
<feat xlink:href="#norm_613" value="ⲁ"/><!-- ⲁ -->
<feat xlink:href="#norm_614" value="ⲩ"/><!-- ⲩ -->
<feat xlink:href="#norm_615" value="ⲡⲱⲧ"/><!-- ⲡⲱⲧ` -->
<feat xlink:href="#norm_616" value="ⲛ"/><!-- ⲛ̄ -->
<feat xlink:href="#norm_617" value="ⲥⲱ"/><!-- ⲥⲱ -->
<feat xlink:href="#norm_618" value="ⲓ"/><!-- ⲓ̈ -->
<feat xlink:href="#norm_619" value="ⲥⲉ"/><!-- ⲥⲉ -->
<feat xlink:href="#norm_620" value="ⲛⲁ"/><!-- ⲛⲁ -->
<feat xlink:href="#norm_621" value="ⲡⲱⲧ"/><!-- ⲡⲱⲧ` -->
<feat xlink:href="#norm_622" value="ⲛ"/><!-- ⲛ̄ -->
<feat xlink:href="#norm_623" value="ⲥⲁ"/><!-- ⲥⲁ -->
<feat xlink:href="#norm_624" value="ⲧⲏⲩⲧⲛ"/><!-- ⲧⲏⲩⲧ︤ⲛ︥ -->
<feat xlink:href="#norm_625" value="·"/><!-- · -->
<feat xlink:href="#norm_626" value="ⲉϣϫⲉ"/><!-- ⲉϣ -->
<feat xlink:href="#norm_628" value="ⲁ"/><!-- ⲁ -->
<feat xlink:href="#norm_629" value="ⲩ"/><!-- ⲩ -->
<feat xlink:href="#norm_630" value="ϩⲁⲣⲉϩ"/><!-- ϩⲁⲣⲉϩ` -->
<feat xlink:href="#norm_631" value="ⲉ"/><!-- ⲉ -->
<feat xlink:href="#norm_632" value="ⲡⲁ"/><!-- ⲡⲁ -->
<feat xlink:href="#norm_633" value="ϣⲁϫⲉ"/><!-- ϣⲁϫⲉ` -->
<feat xlink:href="#norm_634" value="ⲥⲉ"/><!-- ⲥⲉ -->
<feat xlink:href="#norm_635" value="ⲛⲁ"/><!-- ⲛⲁ -->
<feat xlink:href="#norm_636" value="ϩⲁⲣⲉϩ"/><!-- ϩⲁⲣⲉϩ` -->
<feat xlink:href="#norm_637" value="ⲟⲛ"/><!-- ⲟⲛ` -->
<feat xlink:href="#norm_638" value="ⲉ"/><!-- ⲉ -->
<feat xlink:href="#norm_639" value="ⲡⲱ"/><!-- ⲡⲱ -->
<feat xlink:href="#norm_640" value="ⲧⲛ"/><!-- ⲧ︤ⲛ︥ -->
<feat xlink:href="#norm_641" value=":"/><!-- : -->
<feat xlink:href="#norm_642" value="ⲉϣϫⲉ"/><!-- ⲉϣ -->
<feat xlink:href="#norm_644" value="ⲁ"/><!-- ⲁ -->
<feat xlink:href="#norm_645" value="ⲩ"/><!-- ⲩ -->
<feat xlink:href="#norm_646" value="ⲙⲟⲩⲧⲉ"/><!-- ⲙⲟⲩⲧⲉ` -->
<feat xlink:href="#norm_647" value="ⲉ"/><!-- ⲉ -->
</featList>
</paula>
