<?xml version="1.0" encoding="UTF-8" standalone="no"?>

<!DOCTYPE paula SYSTEM "paula_mark.dtd">
<paula version="1.0">

<header paula_id="aof.XL93-94_lb_nSeg"/>

<markList xmlns:xlink="http://www.w3.org/1999/xlink" type="lb_nSeg" xml:base="aof.XL93-94.tok.xml">
<mark id="lb_n_1" xlink:href="#xpointer(id('tok_1')/range-to(id('tok_7')))"/><!-- ϭⲟⲗ...ⲕⲗⲏ -->
<mark id="lb_n_8" xlink:href="#xpointer(id('tok_8')/range-to(id('tok_10')))"/><!-- ⲣⲟⲛⲟⲙⲉⲓ`...ⲛ̄ -->
<mark id="lb_n_11" xlink:href="#xpointer(id('tok_11')/range-to(id('tok_15')))"/><!-- ⲧ...ⲛⲟⲩ -->
<mark id="lb_n_16" xlink:href="#xpointer(id('tok_16')/range-to(id('tok_19')))"/><!-- ⲧⲉ`...ⲇⲉ` -->
<mark id="lb_n_20" xlink:href="#xpointer(id('tok_20')/range-to(id('tok_22')))"/><!-- ϫⲉ...ⲁⲕⲁⲑⲁⲣ -->
<mark id="lb_n_23" xlink:href="#xpointer(id('tok_23')/range-to(id('tok_26')))"/><!-- ⲧⲟⲥ`...· -->
<mark id="lb_n_27" xlink:href="#xpointer(id('tok_27')/range-to(id('tok_29')))"/><!-- ⲙ︤ⲛ︥...ⲣⲉϥⲛ̄ⲕⲟⲧ︤ⲕ︥ -->
<mark id="lb_n_30" xlink:href="#xpointer(id('tok_30')/range-to(id('tok_34')))"/><!-- ⲙ︤ⲛ︥...ⲙ︤ⲛ︥ -->
<mark id="lb_n_35" xlink:href="#xpointer(id('tok_35')/range-to(id('tok_38')))"/><!-- ⲟⲩⲟⲛ`...ⲛⲁ -->
<mark id="lb_n_39" xlink:href="#xpointer(id('tok_39')/range-to(id('tok_42')))"/><!-- ϫⲁϩⲙ...ⲗⲁ -->
<mark id="lb_n_43" xlink:href="#xpointer(id('tok_43')/range-to(id('tok_47')))"/><!-- ⲁⲩ`...ⲉⲓⲧⲉ` -->
<mark id="lb_n_48" xlink:href="#xpointer(id('tok_48')/range-to(id('tok_51')))"/><!-- ϩⲟⲟⲩⲧ`...ⲥϩⲓⲙⲉ` -->
<mark id="lb_n_52" xlink:href="#xpointer(id('tok_52')/range-to(id('tok_56')))"/><!-- ϩⲣⲁⲓ̈...ⲥⲩⲛⲁⲅⲱ -->
<mark id="lb_n_57" xlink:href="#xpointer(id('tok_57')/range-to(id('tok_60')))"/><!-- ⲅⲏ`...ϣⲟⲟⲡ` -->
<mark id="lb_n_61" xlink:href="#xpointer(id('tok_61')/range-to(id('tok_64')))"/><!-- ⲕⲁⲧⲁ...ⲃⲓⲟⲥ` -->
<mark id="lb_n_65" xlink:href="#xpointer(id('tok_65')/range-to(id('tok_68')))"/><!-- ⲡⲁⲓ̈...ⲟⲩⲟⲛ` -->
<mark id="lb_n_69" xlink:href="#xpointer(id('tok_69')/range-to(id('tok_73')))"/><!-- ⲛⲓⲙ`...ϩⲉⲛ -->
<mark id="lb_n_74" xlink:href="#xpointer(id('tok_74')/range-to(id('tok_79')))"/><!-- ⲕⲣⲟϥ...ⲛⲓⲙ -->
<mark id="lb_n_80" xlink:href="#xpointer(id('tok_80')/range-to(id('tok_84')))"/><!-- ⲙ̣̄...ⲙ̄ -->
<mark id="lb_n_85" xlink:href="#xpointer(id('tok_85')/range-to(id('tok_87')))"/><!-- ⲡⲛⲟⲩⲧⲉ`...ⲟⲩ -->
<mark id="lb_n_88" xlink:href="#xpointer(id('tok_88')/range-to(id('tok_93')))"/><!-- ϩⲱⲡ`...ⲟⲩ -->
<mark id="lb_n_94" xlink:href="#xpointer(id('tok_94')/range-to(id('tok_96')))"/><!-- ⲱⲛϩ̄...: -->
<mark id="lb_n_97" xlink:href="#xpointer(id('tok_97')/range-to(id('tok_99')))"/><!-- Ⲉϣⲱⲡⲉ`...ⲧⲉⲧ︤ⲛ︥ -->
<mark id="lb_n_100" xlink:href="#xpointer(id('tok_100')/range-to(id('tok_104')))"/><!-- ϣⲁ...ⲉ -->
<mark id="lb_n_105" xlink:href="#xpointer(id('tok_105')/range-to(id('tok_108')))"/><!-- ⲣⲱ...ⲙ̄ -->
<mark id="lb_n_109" xlink:href="#xpointer(id('tok_109')/range-to(id('tok_113')))"/><!-- ⲙⲱ...ⲟ̣` -->
<mark id="lb_n_114" xlink:href="#xpointer(id('tok_114')/range-to(id('tok_119')))"/><!-- ⲛ̄...ⲥⲁⲧⲁⲛⲁⲥ` -->
<mark id="lb_n_120" xlink:href="#xpointer(id('tok_120')/range-to(id('tok_124')))"/><!-- ϩⲣⲁⲓ̈...ⲛ̄ -->
<mark id="lb_n_125" xlink:href="#xpointer(id('tok_125')/range-to(id('tok_128')))"/><!-- ⲕⲱϩ︤ⲧ︥...· -->
<mark id="lb_n_129" xlink:href="#xpointer(id('tok_129')/range-to(id('tok_132')))"/><!-- ⲉ...ⲙ̄ⲙⲱ -->
<mark id="lb_n_133" xlink:href="#xpointer(id('tok_133')/range-to(id('tok_137')))"/><!-- ⲧ︤ⲛ︥...ϩⲣⲁⲓ̈ -->
<mark id="lb_n_138" xlink:href="#xpointer(id('tok_138')/range-to(id('tok_142')))"/><!-- ϩ︤ⲛ︥...ⲛⲉ -->
<mark id="lb_n_143" xlink:href="#xpointer(id('tok_143')/range-to(id('tok_146')))"/><!-- ⲧⲛ︥...ⲟⲩ -->
<mark id="lb_n_147" xlink:href="#xpointer(id('tok_147')/range-to(id('tok_149')))"/><!-- ⲁⲩⲱ...ϣⲟ -->
<mark id="lb_n_150" xlink:href="#xpointer(id('tok_150')/range-to(id('tok_153')))"/><!-- ϫⲛⲉ`...ϩⲉⲛ -->
<mark id="lb_n_154" xlink:href="#xpointer(id('tok_154')/range-to(id('tok_159')))"/><!-- ⲙⲉ`...ⲙ̄ -->
<mark id="lb_n_160" xlink:href="#xpointer(id('tok_160')/range-to(id('tok_164')))"/><!-- ⲡⲁⲓ̈...ⲛⲁⲓ̈ -->
<mark id="lb_n_165" xlink:href="#xpointer(id('tok_165')/range-to(id('tok_168')))"/><!-- ϩⲉⲛ...: -->
<mark id="lb_n_169" xlink:href="#xpointer(id('tok_169')/range-to(id('tok_171')))"/><!-- ⲧⲟⲩ...: -->
<mark id="lb_n_172" xlink:href="#xpointer(id('tok_172')/range-to(id('tok_174')))"/><!-- Ⲉⲧⲃⲉ...ⲙ̄ⲡ︤ⲣ︥ -->
<mark id="lb_n_175" xlink:href="#xpointer(id('tok_175')/range-to(id('tok_177')))"/><!-- ⲧⲣⲉ...ⲁⲡⲟⲧⲁⲥⲥⲉ` -->
<mark id="lb_n_178" xlink:href="#xpointer(id('tok_178')/range-to(id('tok_183')))"/><!-- ⲉ...ⲉ -->
<mark id="lb_n_184" xlink:href="#xpointer(id('tok_184')/range-to(id('tok_190')))"/><!-- ⲣⲏⲩ`...ⲩ -->
<mark id="lb_n_191" xlink:href="#xpointer(id('tok_191')/range-to(id('tok_194')))"/><!-- ⲧⲉ`...ⲛ` -->
<mark id="lb_n_195" xlink:href="#xpointer(id('tok_195')/range-to(id('tok_198')))"/><!-- ϫⲉ...ⲱⲥⲕ︥ -->
<mark id="lb_n_199" xlink:href="#xpointer(id('tok_199')/range-to(id('tok_204')))"/><!-- ⲅⲁⲣ`...ⲛⲉⲛ -->
<mark id="lb_n_205" xlink:href="#xpointer(id('tok_205')/range-to(id('tok_211')))"/><!-- ⲉⲣⲏⲩ`...ϫⲟ -->
<mark id="lb_n_212" xlink:href="#xpointer(id('tok_212')/range-to(id('tok_215')))"/><!-- ⲉⲓⲥ`...ⲭ︤ⲣ︦ⲥ︥ -->
<mark id="lb_n_216" xlink:href="#xpointer(id('tok_216')/range-to(id('tok_218')))"/><!-- ⲙ︤ⲛ︥...ⲁⲅⲅⲉⲗⲟⲥ` -->
<mark id="lb_n_219" xlink:href="#xpointer(id('tok_219')/range-to(id('tok_223')))"/><!-- ⲉⲧ...ϩⲁ -->
<mark id="lb_n_224" xlink:href="#xpointer(id('tok_224')/range-to(id('tok_228')))"/><!-- ⲣⲟ...ⲁⲣⲭⲏ -->
<mark id="lb_n_229" xlink:href="#xpointer(id('tok_229')/range-to(id('tok_232')))"/><!-- ⲙ̄...ϣⲁ -->
<mark id="lb_n_233" xlink:href="#xpointer(id('tok_233')/range-to(id('tok_238')))"/><!-- ϩⲣⲁⲓ̈...ϩⲟⲟⲩ -->
<mark id="lb_n_239" xlink:href="#xpointer(id('tok_239')/range-to(id('tok_243')))"/><!-- ⲁⲩⲱ...· -->
<mark id="lb_n_244" xlink:href="#xpointer(id('tok_244')/range-to(id('tok_247')))"/><!-- ⲁⲗⲗⲁ`...ϩⲙ︥ -->
<mark id="lb_n_248" xlink:href="#xpointer(id('tok_248')/range-to(id('tok_251')))"/><!-- ϩⲁⲗ`...ⲉⲣⲏⲩ -->
<mark id="lb_n_252" xlink:href="#xpointer(id('tok_252')/range-to(id('tok_259')))"/><!-- ⲛ̄...ⲛ̄ -->
<mark id="lb_n_260" xlink:href="#xpointer(id('tok_260')/range-to(id('tok_266')))"/><!-- ⲧ...ⲙⲟⲣ -->
<mark id="lb_n_267" xlink:href="#xpointer(id('tok_267')/range-to(id('tok_271')))"/><!-- ⲫⲏ`...ⲏ -->
<mark id="lb_n_272" xlink:href="#xpointer(id('tok_272')/range-to(id('tok_278')))"/><!-- ⲏ...ⲉ -->
<mark id="lb_n_279" xlink:href="#xpointer(id('tok_279')/range-to(id('tok_282')))"/><!-- ⲙ̄...ϩⲙ︥ -->
<mark id="lb_n_283" xlink:href="#xpointer(id('tok_283')/range-to(id('tok_287')))"/><!-- ϩⲁⲗ`...ⲁⲩⲱ -->
<mark id="lb_n_288" xlink:href="#xpointer(id('tok_288')/range-to(id('tok_293')))"/><!-- ⲛ̄...ⲁⲡⲟⲥⲧⲟ -->
<mark id="lb_n_294" xlink:href="#xpointer(id('tok_294')/range-to(id('tok_297')))"/><!-- ⲗⲟⲥ...ⲙⲛ̄ -->
<mark id="lb_n_298" xlink:href="#xpointer(id('tok_298')/range-to(id('tok_299')))"/><!-- ⲛⲉ...ⲡⲣⲟⲫⲏⲧⲏⲥ` -->
<mark id="lb_n_300" xlink:href="#xpointer(id('tok_300')/range-to(id('tok_306')))"/><!-- ⲧⲏⲣ...ⲩ] -->
<mark id="lb_n_307" xlink:href="#xpointer(id('tok_307')/range-to(id('tok_309')))"/><!-- ϣⲱⲡⲉ`...ϩ︤ⲙ︥ϩⲁⲗ] -->
<mark id="lb_n_310" xlink:href="#xpointer(id('tok_310')/range-to(id('tok_312')))"/><!-- ⲙ̄...ϫ̣[ⲟⲉⲓⲥ] -->
<mark id="lb_n_313" xlink:href="#xpointer(id('tok_313')/range-to(id('tok_318')))"/><!-- ⲡⲉϥ...ⲛⲉ -->
<mark id="lb_n_319" xlink:href="#xpointer(id('tok_319')/range-to(id('tok_323')))"/><!-- ⲅⲣⲁⲫⲏ`...ⲧ︤ⲛ︥ -->
<mark id="lb_n_324" xlink:href="#xpointer(id('tok_324')/range-to(id('tok_329')))"/><!-- ⲛⲟ...ⲛ̄ -->
<mark id="lb_n_330" xlink:href="#xpointer(id('tok_330')/range-to(id('tok_334')))"/><!-- ⲛ...ⲡⲣⲟ -->
<mark id="lb_n_335" xlink:href="#xpointer(id('tok_335')/range-to(id('tok_339')))"/><!-- ⲫⲏⲧⲏⲥ`...ϩⲟⲟⲩ -->
<mark id="lb_n_340" xlink:href="#xpointer(id('tok_340')/range-to(id('tok_344')))"/><!-- ⲙ̄...ϣⲱ -->
<mark id="lb_n_345" xlink:href="#xpointer(id('tok_345')/range-to(id('tok_349')))"/><!-- ⲣ︤ⲡ︥...ⲧ︤ⲛ︥ⲛⲟ -->
<mark id="lb_n_350" xlink:href="#xpointer(id('tok_350')/range-to(id('tok_355')))"/><!-- ⲟⲩ...ⲡⲉ -->
<mark id="lb_n_356" xlink:href="#xpointer(id('tok_356')/range-to(id('tok_358')))"/><!-- ⲧ︤ⲛ︥...: -->
<mark id="lb_n_359" xlink:href="#xpointer(id('tok_359')/range-to(id('tok_362')))"/><!-- Ⲛ̄ⲧ...ⲡⲣⲟⲫⲏⲧⲏⲥ -->
<mark id="lb_n_363" xlink:href="#xpointer(id('tok_363')/range-to(id('tok_365')))"/><!-- ⲙ︤ⲛ︥...ⲁⲡⲟⲥⲧⲟⲗⲟⲥ` -->
<mark id="lb_n_366" xlink:href="#xpointer(id('tok_366')/range-to(id('tok_371')))"/><!-- ⲣ`...ϫⲟ -->
<mark id="lb_n_372" xlink:href="#xpointer(id('tok_372')/range-to(id('tok_376')))"/><!-- ⲉⲓⲥ`...ϩ︤ⲛ︥ -->
<mark id="lb_n_377" xlink:href="#xpointer(id('tok_377')/range-to(id('tok_381')))"/><!-- ⲟⲩ...ⲩ -->
<mark id="lb_n_382" xlink:href="#xpointer(id('tok_382')/range-to(id('tok_385')))"/><!-- ϩⲟⲧⲡ...ϣ︤ⲡ︥ -->
<mark id="lb_n_386" xlink:href="#xpointer(id('tok_386')/range-to(id('tok_389')))"/><!-- ϩⲓⲥⲉ`...ⲕⲟ -->
<mark id="lb_n_390" xlink:href="#xpointer(id('tok_390')/range-to(id('tok_394')))"/><!-- ⲟⲩⲉ`...ⲥⲉ -->
<mark id="lb_n_395" xlink:href="#xpointer(id('tok_395')/range-to(id('tok_401')))"/><!-- ⲙⲟⲩ...: -->
<mark id="lb_n_402" xlink:href="#xpointer(id('tok_402')/range-to(id('tok_405')))"/><!-- Ⲉⲧⲃⲉ...ϥ -->
<mark id="lb_n_406" xlink:href="#xpointer(id('tok_406')/range-to(id('tok_408')))"/><!-- ϣ︤ⲣ︦ⲡ︥...ⲛ̄ϭⲓ -->
<mark id="lb_n_409" xlink:href="#xpointer(id('tok_409')/range-to(id('tok_414')))"/><!-- ⲡ...ⲛ -->
<mark id="lb_n_415" xlink:href="#xpointer(id('tok_415')/range-to(id('tok_417')))"/><!-- ⲉⲓⲟⲧⲉ...ⲁⲡⲟⲥⲧⲟ -->
<mark id="lb_n_418" xlink:href="#xpointer(id('tok_418')/range-to(id('tok_422')))"/><!-- ⲗⲟⲥ`...ϩⲱⲃ` -->
<mark id="lb_n_423" xlink:href="#xpointer(id('tok_423')/range-to(id('tok_428')))"/><!-- ⲛⲓⲙ`...ⲟⲩⲉϩ -->
<mark id="lb_n_429" xlink:href="#xpointer(id('tok_429')/range-to(id('tok_433')))"/><!-- ⲥⲁϩⲛⲉ`...ϥ -->
<mark id="lb_n_434" xlink:href="#xpointer(id('tok_434')/range-to(id('tok_437')))"/><!-- ⲛⲁ...ϩⲓ -->
<mark id="lb_n_438" xlink:href="#xpointer(id('tok_438')/range-to(id('tok_443')))"/><!-- ⲧⲟⲟⲧ...ⲙ -->
<mark id="lb_n_444" xlink:href="#xpointer(id('tok_444')/range-to(id('tok_446')))"/><!-- ⲡⲏⲩⲉ`...ⲛⲉ -->
<mark id="lb_n_447" xlink:href="#xpointer(id('tok_447')/range-to(id('tok_449')))"/><!-- ⲅⲣⲁⲫⲏ`...ⲁⲩⲱ -->
<mark id="lb_n_450" xlink:href="#xpointer(id('tok_450')/range-to(id('tok_457')))"/><!-- ⲛ̄...ϫⲱⲕ` -->
<mark id="lb_n_458" xlink:href="#xpointer(id('tok_458')/range-to(id('tok_463')))"/><!-- ⲉⲃⲟⲗ`...ϥ -->
<mark id="lb_n_464" xlink:href="#xpointer(id('tok_464')/range-to(id('tok_466')))"/><!-- [ⲟⲩⲉϩ]...ⲙ̄ⲙⲟ -->
<mark id="lb_n_467" xlink:href="#xpointer(id('tok_467')/range-to(id('tok_472')))"/><!-- [ⲟⲩ...ϣⲟ -->
<mark id="lb_n_473" xlink:href="#xpointer(id('tok_473')/range-to(id('tok_477')))"/><!-- [ⲣⲡ̄...ⲛⲙ︥ -->
<mark id="lb_n_478" xlink:href="#xpointer(id('tok_478')/range-to(id('tok_482')))"/><!-- ⲙⲁ...ϫⲟⲉⲓⲥ` -->
<mark id="lb_n_483" xlink:href="#xpointer(id('tok_483')/range-to(id('tok_487')))"/><!-- ⲙ̄...: -->
<mark id="lb_n_488" xlink:href="#xpointer(id('tok_488')/range-to(id('tok_491')))"/><!-- Ⲉⲧⲃⲉ...ϥ` -->
<mark id="lb_n_492" xlink:href="#xpointer(id('tok_492')/range-to(id('tok_498')))"/><!-- ⲛⲁ...ⲙⲟⲩ -->
<mark id="lb_n_499" xlink:href="#xpointer(id('tok_499')/range-to(id('tok_503')))"/><!-- ⲧⲉ`...ⲧⲛ̄ -->
<mark id="lb_n_504" xlink:href="#xpointer(id('tok_504')/range-to(id('tok_508')))"/><!-- ϫⲉ...ϫⲉ` -->
<mark id="lb_n_509" xlink:href="#xpointer(id('tok_509')/range-to(id('tok_512')))"/><!-- ⲙ̄...ⲥⲟⲟⲩⲛ` -->
<mark id="lb_n_513" xlink:href="#xpointer(id('tok_513')/range-to(id('tok_517')))"/><!-- ⲁⲛ`...ⲉⲧⲉⲣⲉ -->
<mark id="lb_n_518" xlink:href="#xpointer(id('tok_518')/range-to(id('tok_522')))"/><!-- ⲡⲉ...ⲙ̄ -->
<mark id="lb_n_523" xlink:href="#xpointer(id('tok_523')/range-to(id('tok_529')))"/><!-- ⲙⲟ...ⲛⲁ -->
<mark id="lb_n_530" xlink:href="#xpointer(id('tok_530')/range-to(id('tok_532')))"/><!-- ⲙⲟⲩⲧⲉ`...ⲧⲛ̄ -->
<mark id="lb_n_533" xlink:href="#xpointer(id('tok_533')/range-to(id('tok_536')))"/><!-- ϫⲉ...ⲁⲩⲱ -->
<mark id="lb_n_537" xlink:href="#xpointer(id('tok_537')/range-to(id('tok_543')))"/><!-- ⲛⲁ...⳯ -->
<mark id="lb_n_544" xlink:href="#xpointer(id('tok_544')/range-to(id('tok_549')))"/><!-- ⲧ...ⲧⲏ -->
<mark id="lb_n_550" xlink:href="#xpointer(id('tok_550')/range-to(id('tok_554')))"/><!-- ⲣ...ⲉⲓⲱⲧ` -->
<mark id="lb_n_555" xlink:href="#xpointer(id('tok_555')/range-to(id('tok_559')))"/><!-- ⲁ...ⲉⲣⲟ -->
<mark id="lb_n_560" xlink:href="#xpointer(id('tok_560')/range-to(id('tok_563')))"/><!-- ⲟⲩ`...ⲁⲛ` -->
<mark id="lb_n_564" xlink:href="#xpointer(id('tok_564')/range-to(id('tok_567')))"/><!-- ⲡⲉϫⲁ...ⲧⲉⲧⲛ̄ -->
<mark id="lb_n_568" xlink:href="#xpointer(id('tok_568')/range-to(id('tok_571')))"/><!-- ⲥⲟⲧⲡ︤...ⲁⲗⲗⲁ -->
<mark id="lb_n_572" xlink:href="#xpointer(id('tok_572')/range-to(id('tok_576')))"/><!-- ⲁⲛⲟⲕ`...ⲧⲏⲩ -->
<mark id="lb_n_577" xlink:href="#xpointer(id('tok_577')/range-to(id('tok_582')))"/><!-- ⲧⲛ̄...ⲩ -->
<mark id="lb_n_583" xlink:href="#xpointer(id('tok_583')/range-to(id('tok_588')))"/><!-- ⲙ̄ⲙⲱ...ⲛ̄ -->
<mark id="lb_n_589" xlink:href="#xpointer(id('tok_589')/range-to(id('tok_593')))"/><!-- ϩⲉⲛ...ⲙⲏ -->
<mark id="lb_n_594" xlink:href="#xpointer(id('tok_594')/range-to(id('tok_598')))"/><!-- ⲧⲉ`...: -->
<mark id="lb_n_599" xlink:href="#xpointer(id('tok_599')/range-to(id('tok_603')))"/><!-- Ⲙ̄ⲡ︤ⲣ︥...ⲟⲩ -->
<mark id="lb_n_604" xlink:href="#xpointer(id('tok_604')/range-to(id('tok_607')))"/><!-- ⲛ̄...ⲙⲟⲩⲟⲩⲧ -->
<mark id="lb_n_608" xlink:href="#xpointer(id('tok_608')/range-to(id('tok_611')))"/><!-- ⲙ̄...· -->
<mark id="lb_n_612" xlink:href="#xpointer(id('tok_612')/range-to(id('tok_616')))"/><!-- ⲉϣϫⲉ...ⲛ̄ -->
<mark id="lb_n_617" xlink:href="#xpointer(id('tok_617')/range-to(id('tok_621')))"/><!-- ⲥⲱ...ⲡⲱⲧ` -->
<mark id="lb_n_622" xlink:href="#xpointer(id('tok_622')/range-to(id('tok_626')))"/><!-- ⲛ̄...ⲉϣ -->
<mark id="lb_n_627" xlink:href="#xpointer(id('tok_627')/range-to(id('tok_632')))"/><!-- ϫⲉ`...ⲡⲁ -->
<mark id="lb_n_633" xlink:href="#xpointer(id('tok_633')/range-to(id('tok_636')))"/><!-- ϣⲁϫⲉ`...ϩⲁⲣⲉϩ` -->
<mark id="lb_n_637" xlink:href="#xpointer(id('tok_637')/range-to(id('tok_642')))"/><!-- ⲟⲛ`...ⲉϣ -->
<mark id="lb_n_643" xlink:href="#xpointer(id('tok_643')/range-to(id('tok_647')))"/><!-- ϫⲉ`...ⲉ -->
</markList>
</paula>
