<?xml version='1.0' encoding='UTF-8'?><!DOCTYPE paula SYSTEM "paula_feat.dtd">
<paula version="1.1">
	<header paula_id="scriptorium.bohairic.Mark_07.mark_norm_group"/>
	<featList xmlns:xlink="http://www.w3.org/1999/xlink" type="norm_group" xml:base="scriptorium.bohairic.Mark_07.mark.xml">
		<feat xlink:href="#sSpan3" value="ⲟⲩⲟϩ"/>
		<feat xlink:href="#sSpan9" value="ⲁⲩⲑⲱⲟⲩϯ"/>
		<feat xlink:href="#sSpan17" value="ϩⲁⲣⲟϥ"/>
		<feat xlink:href="#sSpan23" value="ⲛϫⲉⲛⲓⲫⲁⲣⲓⲥⲁⲓⲟⲥ"/>
		<feat xlink:href="#sSpan32" value="ⲛⲉⲙϩⲁⲛⲟⲩⲟⲛ"/>
		<feat xlink:href="#sSpan40" value="ⲉⲃⲟⲗ"/>
		<feat xlink:href="#sSpan44" value="ϧⲉⲛⲛⲓⲥⲁϧ"/>
		<feat xlink:href="#sSpan53" value="ⲉⲁⲩⲓ"/>
		<feat xlink:href="#sSpan63" value="ⲉⲃⲟⲗ"/>
		<feat xlink:href="#sSpan67" value="ϧⲉⲛϩⲓⲉⲣⲟⲩⲥⲁⲗⲏⲙ"/>
		<feat xlink:href="#sSpan74" value="ⲟⲩⲟϩ"/>
		<feat xlink:href="#sSpan80" value="ⲉⲧⲁⲩⲛⲁⲩ"/>
		<feat xlink:href="#sSpan90" value="ⲉϩⲁⲛⲟⲩⲟⲛ"/>
		<feat xlink:href="#sSpan98" value="ⲛⲧⲉⲛⲉϥⲙⲁⲑⲏⲧⲏⲥ"/>
		<feat xlink:href="#sSpan107" value="ϫⲉⲥⲉⲟⲩⲱⲙ"/>
		<feat xlink:href="#sSpan115" value="ⲛⲛⲓⲱⲓⲕ"/>
		<feat xlink:href="#sSpan123" value="ⲉⲣⲉⲛⲟⲩϫⲓϫ"/>
		<feat xlink:href="#sSpan131" value="ⲑⲱⲗⲉⲃ"/>
		<feat xlink:href="#sSpan135" value="ⲉⲧⲉⲫⲁⲓ"/>
		<feat xlink:href="#sSpan141" value="ⲡⲉ"/>
		<feat xlink:href="#sSpan145" value="ϫⲉⲛⲁⲧⲓⲁⲧⲟⲧⲟⲩ"/>
		<feat xlink:href="#sSpan157" value="ⲛⲓⲫⲁⲣⲓⲥⲁⲓⲟⲥ"/>
		<feat xlink:href="#sSpan167" value="ⲅⲁⲣ"/>
		<feat xlink:href="#sSpan171" value="ⲛⲉⲙⲛⲓⲓⲟⲩⲇⲁⲓ"/>
		<feat xlink:href="#sSpan180" value="ⲧⲏⲣⲟⲩ"/>
		<feat xlink:href="#sSpan186" value="ⲙⲡⲁⲩⲟⲩⲱⲙ"/>
		<feat xlink:href="#sSpan194" value="ⲁⲩϣⲧⲉⲙⲓⲁⲧⲟⲧⲟⲩ"/>
		<feat xlink:href="#sSpan208" value="ⲛⲟⲩⲙⲏϣ"/>
		<feat xlink:href="#sSpan216" value="ⲛⲥⲟⲡ"/>
		<feat xlink:href="#sSpan222" value="ⲉⲩⲁⲙⲟⲛⲓ"/>
		<feat xlink:href="#sSpan230" value="ⲛϯⲡⲁⲣⲁⲇⲟⲥⲓⲥ"/>
		<feat xlink:href="#sSpan239" value="ⲛⲧⲉⲛⲓⲡⲣⲉⲥⲃⲩⲧⲉⲣⲟⲥ"/>
		<feat xlink:href="#sSpan248" value="ⲟⲩⲟϩ"/>
		<feat xlink:href="#sSpan254" value="ⲉϣⲱⲡ"/>
		<feat xlink:href="#sSpan258" value="ⲁⲩϣⲧⲉⲙⲟⲙⲥⲟⲩ"/>
		<feat xlink:href="#sSpan270" value="ⲉⲃⲟⲗ"/>
		<feat xlink:href="#sSpan274" value="ϧⲉⲛϯⲁⲅⲟⲣⲁ"/>
		<feat xlink:href="#sSpan283" value="ⲙⲡⲁⲩⲟⲩⲱⲙ"/>
		<feat xlink:href="#sSpan291" value="ⲟⲩⲟϩ"/>
		<feat xlink:href="#sSpan295" value="ⲛⲉⲟⲩⲟⲛ"/>
		<feat xlink:href="#sSpan301" value="ϩⲁⲛⲕⲉⲙⲏϣ"/>
		<feat xlink:href="#sSpan310" value="ⲉⲁⲩϭⲓⲧⲟⲩ"/>
		<feat xlink:href="#sSpan323" value="ⲉⲁⲩⲁⲙⲟⲛⲓ"/>
		<feat xlink:href="#sSpan333" value="ⲙⲙⲱⲟⲩ"/>
		<feat xlink:href="#sSpan339" value="ϩⲁⲛⲱⲙⲥ"/>
		<feat xlink:href="#sSpan345" value="ⲛⲧⲉϩⲁⲛⲁⲫⲟⲧ"/>
		<feat xlink:href="#sSpan353" value="ⲛⲉⲙϩⲁⲛⲝⲉⲥⲧⲏⲥ"/>
		<feat xlink:href="#sSpan362" value="ⲛⲉⲙϩⲁⲛⲭⲁⲗⲕⲓⲛ"/>
		<feat xlink:href="#sSpan371" value="ⲟⲩⲟϩ"/>
		<feat xlink:href="#sSpan377" value="ⲁⲩϣⲉⲛϥ"/>
		<feat xlink:href="#sSpan387" value="ⲛϫⲉⲛⲓⲫⲁⲣⲓⲥⲁⲓⲟⲥ"/>
		<feat xlink:href="#sSpan396" value="ⲛⲉⲙⲛⲓⲥⲁϧ"/>
		<feat xlink:href="#sSpan404" value="ϫⲉⲉⲑⲃⲉⲟⲩ"/>
		<feat xlink:href="#sSpan412" value="ⲥⲉⲙⲟϣⲓ"/>
		<feat xlink:href="#sSpan418" value="ⲁⲛ"/>
		<feat xlink:href="#sSpan422" value="ⲛϫⲉⲛⲉⲕⲙⲁⲑⲏⲧⲏⲥ"/>
		<feat xlink:href="#sSpan432" value="ⲕⲁⲧⲁϯⲡⲁⲣⲁⲇⲟⲥⲓⲥ"/>
		<feat xlink:href="#sSpan441" value="ⲛⲧⲉⲛⲓⲡⲣⲉⲥⲃⲩⲧⲉⲣⲟⲥ"/>
		<feat xlink:href="#sSpan451" value="ⲁⲗⲗⲁ"/>
		<feat xlink:href="#sSpan455" value="ϧⲉⲛϩⲁⲛϫⲓϫ"/>
		<feat xlink:href="#sSpan463" value="ⲉⲩⲑⲟⲗⲉⲃ"/>
		<feat xlink:href="#sSpan471" value="ⲥⲉⲟⲩⲱⲙ"/>
		<feat xlink:href="#sSpan477" value="ⲙⲡⲓⲱⲓⲕ"/>
		<feat xlink:href="#sSpan485" value="."/>
		<feat xlink:href="#sSpan489" value="ⲛⲑⲟϥ"/>
		<feat xlink:href="#sSpan496" value="ⲇⲉ"/>
		<feat xlink:href="#sSpan500" value="ⲡⲉϫⲁϥ"/>
		<feat xlink:href="#sSpan506" value="ⲛⲱⲟⲩ"/>
		<feat xlink:href="#sSpan512" value="ϫⲉⲕⲁⲗⲱⲥ"/>
		<feat xlink:href="#sSpan519" value="ⲁϥⲉⲣⲡⲣⲟⲫⲏⲧⲉⲩⲓⲛ"/>
		<feat xlink:href="#sSpan530" value="ⲉⲑⲃⲉⲑⲏⲛⲟⲩ"/>
		<feat xlink:href="#sSpan536" value="ⲛϫⲉⲏⲥⲁⲓⲁⲥ"/>
		<feat xlink:href="#sSpan543" value="ϧⲁⲛⲓϣⲟⲃⲓ"/>
		<feat xlink:href="#sSpan551" value="ⲙⲫⲣⲏϯ"/>
		<feat xlink:href="#sSpan559" value="ⲉⲧⲥϧⲏⲟⲩⲧ"/>
		<feat xlink:href="#sSpan565" value="ϫⲉⲡⲁⲓⲗⲁⲟⲥ"/>
		<feat xlink:href="#sSpan575" value="ⲉⲣⲧⲓⲙⲁⲛ"/>
		<feat xlink:href="#sSpan581" value="ⲙⲙⲟⲓ"/>
		<feat xlink:href="#sSpan587" value="ϧⲉⲛⲛⲟⲩⲥⲫⲟⲧⲟⲩ"/>
		<feat xlink:href="#sSpan595" value="ⲡⲟⲩϩⲏⲧ"/>
		<feat xlink:href="#sSpan602" value="ⲇⲉ"/>
		<feat xlink:href="#sSpan606" value="ϥⲟⲩⲏⲟⲩ"/>
		<feat xlink:href="#sSpan612" value="ⲥⲁⲃⲟⲗ"/>
		<feat xlink:href="#sSpan616" value="ⲙⲙⲟⲓ"/>
		<feat xlink:href="#sSpan622" value="ⲉⲩⲉⲣⲥⲉⲃⲉⲥⲑⲉ"/>
		<feat xlink:href="#sSpan635" value="ⲙⲙⲟⲓ"/>
		<feat xlink:href="#sSpan641" value="ⲉⲫⲗⲏⲟⲩ"/>
		<feat xlink:href="#sSpan649" value="ⲉⲩϯⲥⲃⲱ"/>
		<feat xlink:href="#sSpan659" value="ⲛϩⲁⲛⲥⲃⲱ"/>
		<feat xlink:href="#sSpan667" value="ⲛϩⲟⲛϩⲉⲛ"/>
		<feat xlink:href="#sSpan673" value="ⲛⲣⲱⲙⲓ"/>
		<feat xlink:href="#sSpan679" value="."/>
		<feat xlink:href="#sSpan684" value="ⲉⲁⲧⲉⲧⲛⲭⲁϯⲉⲛⲧⲟⲗⲏ"/>
		<feat xlink:href="#sSpan701" value="ⲛⲧⲉⲫⲛⲟⲩϯ"/>
		<feat xlink:href="#sSpan709" value="ⲛⲥⲁⲑⲏⲛⲟⲩ"/>
		<feat xlink:href="#sSpan715" value="ⲧⲉⲧⲛⲁⲙⲟⲛⲓ"/>
		<feat xlink:href="#sSpan721" value="ⲛϯⲡⲁⲣⲁⲇⲟⲥⲓⲥ"/>
		<feat xlink:href="#sSpan730" value="ⲛⲧⲉⲛⲓⲣⲱⲙⲓ"/>
		<feat xlink:href="#sSpan738" value="ⲟⲩⲟϩ"/>
		<feat xlink:href="#sSpan744" value="ⲛⲁϥϫⲱ"/>
		<feat xlink:href="#sSpan752" value="ⲙⲙⲟⲥ"/>
		<feat xlink:href="#sSpan758" value="ⲛⲱⲟⲩ"/>
		<feat xlink:href="#sSpan764" value="ϫⲉⲕⲁⲗⲱⲥ"/>
		<feat xlink:href="#sSpan771" value="ⲧⲉⲧⲛⲉⲣⲁⲑⲉⲧⲓⲛ"/>
		<feat xlink:href="#sSpan780" value="ⲛϯⲉⲛⲧⲟⲗⲏ"/>
		<feat xlink:href="#sSpan789" value="ⲛⲧⲉⲫⲛⲟⲩϯ"/>
		<feat xlink:href="#sSpan798" value="ϩⲓⲛⲁ"/>
		<feat xlink:href="#sSpan802" value="ⲛⲧⲉⲧⲉⲛⲁⲣⲉϩ"/>
		<feat xlink:href="#sSpan810" value="ⲉⲧⲉⲧⲉⲛⲡⲁⲣⲁⲇⲟⲥⲓⲥ"/>
		<feat xlink:href="#sSpan820" value="ⲙⲱⲩⲥⲏⲥ"/>
		<feat xlink:href="#sSpan827" value="ⲅⲁⲣ"/>
		<feat xlink:href="#sSpan831" value="ⲁϥϫⲟⲥ"/>
		<feat xlink:href="#sSpan841" value="ϫⲉⲁⲣⲓⲧⲓⲙⲁⲛ"/>
		<feat xlink:href="#sSpan850" value="ⲙⲡⲉⲕⲉⲓⲱⲧ"/>
		<feat xlink:href="#sSpan858" value="ⲛⲉⲙⲧⲉⲕⲙⲁⲩ"/>
		<feat xlink:href="#sSpan866" value="ⲟⲩⲟϩ"/>
		<feat xlink:href="#sSpan870" value="ⲫⲏ"/>
		<feat xlink:href="#sSpan874" value="ⲉⲑⲛⲁⲥⲁϫⲓ"/>
		<feat xlink:href="#sSpan882" value="ⲉϥϩⲱⲟⲩ"/>
		<feat xlink:href="#sSpan890" value="ⲛⲥⲁⲡⲉϥⲉⲓⲱⲧ"/>
		<feat xlink:href="#sSpan898" value="ⲛⲉⲙⲧⲉϥⲙⲁⲩ"/>
		<feat xlink:href="#sSpan906" value="ⲙⲁⲣⲉϥⲙⲟⲩ"/>
		<feat xlink:href="#sSpan914" value="ⲛⲟⲩⲙⲟⲩ"/>
		<feat xlink:href="#sSpan922" value="."/>
		<feat xlink:href="#sSpan926" value="ⲛⲑⲱⲧⲉⲛ"/>
		<feat xlink:href="#sSpan933" value="ⲇⲉ"/>
		<feat xlink:href="#sSpan937" value="ⲧⲉⲧⲉⲛϫⲱ"/>
		<feat xlink:href="#sSpan943" value="ⲙⲙⲟⲥ"/>
		<feat xlink:href="#sSpan949" value="ϫⲉⲁⲣⲉϣⲁⲛⲟⲩⲣⲱⲙⲓ"/>
		<feat xlink:href="#sSpan959" value="ϫⲟⲥ"/>
		<feat xlink:href="#sSpan965" value="ⲙⲡⲉϥⲓⲱⲧ"/>
		<feat xlink:href="#sSpan973" value="ⲛⲉⲙⲧⲉϥⲙⲁⲩ"/>
		<feat xlink:href="#sSpan981" value="ϫⲉⲕⲟⲣⲃⲁⲛ"/>
		<feat xlink:href="#sSpan988" value="ⲉⲧⲉⲟⲩⲧⲁⲓⲟ"/>
		<feat xlink:href="#sSpan996" value="ⲡⲉ"/>
		<feat xlink:href="#sSpan1000" value="ⲁⲕϣⲁⲛϫⲉⲙϩⲏⲟⲩ"/>
		<feat xlink:href="#sSpan1008" value="ⲙⲙⲟϥ"/>
		<feat xlink:href="#sSpan1014" value="ⲉⲃⲟⲗ"/>
		<feat xlink:href="#sSpan1018" value="ⲙⲙⲟⲓ"/>
		<feat xlink:href="#sSpan1024" value="ⲛⲧⲉⲧⲉⲛⲭⲱ"/>
		<feat xlink:href="#sSpan1034" value="ⲙⲙⲟϥ"/>
		<feat xlink:href="#sSpan1040" value="ⲁⲛ"/>
		<feat xlink:href="#sSpan1044" value="ⲉⲉⲣϩⲗⲓ"/>
		<feat xlink:href="#sSpan1052" value="ⲙⲡⲉϥⲓⲱⲧ"/>
		<feat xlink:href="#sSpan1060" value="ⲓⲉ"/>
		<feat xlink:href="#sSpan1064" value="ⲧⲉϥⲙⲁⲩ"/>
		<feat xlink:href="#sSpan1070" value="ⲉⲣⲉⲧⲉⲛⲕⲱⲣϥ"/>
		<feat xlink:href="#sSpan1080" value="ⲙⲡⲓⲥⲁϫⲓ"/>
		<feat xlink:href="#sSpan1088" value="ⲛⲧⲉⲫⲛⲟⲩϯ"/>
		<feat xlink:href="#sSpan1096" value="ϧⲉⲛⲧⲉⲧⲛⲡⲁⲣⲁⲇⲟⲥⲓⲥ"/>
		<feat xlink:href="#sSpan1105" value="ⲑⲏ"/>
		<feat xlink:href="#sSpan1109" value="ⲉⲧⲁⲣⲉⲧⲉⲛⲧⲏⲓⲥ"/>
		<feat xlink:href="#sSpan1121" value="ⲟⲩⲟϩ"/>
		<feat xlink:href="#sSpan1125" value="ϩⲁⲛⲙⲏϣ"/>
		<feat xlink:href="#sSpan1131" value="ⲙⲡⲁⲓⲣⲏϯ"/>
		<feat xlink:href="#sSpan1139" value="ⲉⲩⲟⲛⲓ"/>
		<feat xlink:href="#sSpan1147" value="ⲛⲛⲁⲓ"/>
		<feat xlink:href="#sSpan1153" value="ⲧⲉⲧⲉⲛⲣⲁ"/>
		<feat xlink:href="#sSpan1159" value="ⲙⲙⲱⲟⲩ"/>
		<feat xlink:href="#sSpan1165" value="."/>
		<feat xlink:href="#sSpan1169" value="ⲟⲩⲟϩ"/>
		<feat xlink:href="#sSpan1175" value="ⲉⲧⲁϥⲙⲟⲩϯ"/>
		<feat xlink:href="#sSpan1185" value="ⲟⲛ"/>
		<feat xlink:href="#sSpan1189" value="ⲉⲡⲓⲙⲏϣ"/>
		<feat xlink:href="#sSpan1197" value="ⲡⲉϫⲁϥ"/>
		<feat xlink:href="#sSpan1203" value="ⲛⲱⲟⲩ"/>
		<feat xlink:href="#sSpan1209" value="ϫⲉⲥⲱⲧⲉⲙ"/>
		<feat xlink:href="#sSpan1215" value="ⲉⲣⲟⲓ"/>
		<feat xlink:href="#sSpan1221" value="ⲟⲩⲟϩ"/>
		<feat xlink:href="#sSpan1225" value="ⲕⲁϯ"/>
		<feat xlink:href="#sSpan1229" value="ⲙⲙⲟⲛ"/>
		<feat xlink:href="#sSpan1235" value="ϩⲗⲓ"/>
		<feat xlink:href="#sSpan1239" value="ⲥⲁⲃⲟⲗ"/>
		<feat xlink:href="#sSpan1243" value="ⲙⲡⲓⲣⲱⲙⲓ"/>
		<feat xlink:href="#sSpan1251" value="ⲉϥⲛⲁ"/>
		<feat xlink:href="#sSpan1259" value="ⲉϧⲟⲩⲛ"/>
		<feat xlink:href="#sSpan1263" value="ⲉⲣⲱϥ"/>
		<feat xlink:href="#sSpan1271" value="ⲉⲟⲩⲟⲛ"/>
		<feat xlink:href="#sSpan1277" value="ϣϫⲟⲙ"/>
		<feat xlink:href="#sSpan1281" value="ⲙⲙⲟϥ"/>
		<feat xlink:href="#sSpan1287" value="ⲉⲥⲟϥϥ"/>
		<feat xlink:href="#sSpan1296" value="ⲁⲗⲗⲁ"/>
		<feat xlink:href="#sSpan1300" value="ⲛⲏ"/>
		<feat xlink:href="#sSpan1304" value="ⲉⲑⲛⲏⲟⲩ"/>
		<feat xlink:href="#sSpan1310" value="ⲉⲃⲟⲗ"/>
		<feat xlink:href="#sSpan1314" value="ϧⲉⲛⲣⲱϥ"/>
		<feat xlink:href="#sSpan1322" value="ⲙⲡⲓⲣⲱⲙⲓ"/>
		<feat xlink:href="#sSpan1330" value="."/>
		<feat xlink:href="#sSpan1334" value="ⲫⲏ"/>
		<feat xlink:href="#sSpan1340" value="ⲉⲧⲉ"/>
		<feat xlink:href="#sSpan1344" value="ⲟⲩⲟⲛ"/>
		<feat xlink:href="#sSpan1348" value="ⲙⲁϣϫ"/>
		<feat xlink:href="#sSpan1352" value="ⲙⲙⲟϥ"/>
		<feat xlink:href="#sSpan1358" value="ⲉⲥⲱⲧⲉⲙ"/>
		<feat xlink:href="#sSpan1364" value="ⲙⲁⲣⲉϥⲥⲱⲧⲉⲙ"/>
		<feat xlink:href="#sSpan1372" value="ⲟⲩⲟϩ"/>
		<feat xlink:href="#sSpan1378" value="ϩⲟⲧⲉ"/>
		<feat xlink:href="#sSpan1382" value="ⲉⲧⲁⲩⲓ"/>
		<feat xlink:href="#sSpan1392" value="ⲉϧⲟⲩⲛ"/>
		<feat xlink:href="#sSpan1396" value="ⲉⲡⲓⲏⲓ"/>
		<feat xlink:href="#sSpan1404" value="ⲉⲃⲟⲗ"/>
		<feat xlink:href="#sSpan1409" value="ϩⲁⲡⲓⲙⲏϣ"/>
		<feat xlink:href="#sSpan1417" value="ⲛⲁⲩϣⲓⲛⲓ"/>
		<feat xlink:href="#sSpan1425" value="ⲙⲙⲟϥ"/>
		<feat xlink:href="#sSpan1431" value="ⲛϫⲉⲛⲉϥⲙⲁⲑⲏⲧⲏⲥ"/>
		<feat xlink:href="#sSpan1440" value="ⲉϯⲡⲁⲣⲁⲃⲟⲗⲏ"/>
		<feat xlink:href="#sSpan1449" value="ⲟⲩⲟϩ"/>
		<feat xlink:href="#sSpan1455" value="ⲡⲉϫⲁϥ"/>
		<feat xlink:href="#sSpan1461" value="ⲛⲱⲟⲩ"/>
		<feat xlink:href="#sSpan1467" value="ϫⲉⲡⲁⲓⲣⲏϯ"/>
		<feat xlink:href="#sSpan1475" value="ⲛⲑⲱⲧⲉⲛ"/>
		<feat xlink:href="#sSpan1479" value="ϩⲁⲛⲁⲧⲕⲁϯ"/>
		<feat xlink:href="#sSpan1487" value="ⲛⲑⲱⲧⲉⲛ"/>
		<feat xlink:href="#sSpan1491" value="ⲙⲡⲉⲧⲉⲛⲕⲁϯ"/>
		<feat xlink:href="#sSpan1499" value="ϫⲉϩⲱⲃ"/>
		<feat xlink:href="#sSpan1505" value="ⲛⲓⲃⲉⲛ"/>
		<feat xlink:href="#sSpan1509" value="ⲉⲧⲥⲁⲃⲟⲗ"/>
		<feat xlink:href="#sSpan1515" value="ⲉⲑⲛⲁ"/>
		<feat xlink:href="#sSpan1521" value="ⲉϧⲟⲩⲛ"/>
		<feat xlink:href="#sSpan1525" value="ⲉⲣⲱϥ"/>
		<feat xlink:href="#sSpan1533" value="ⲙⲡⲓⲣⲱⲙⲓ"/>
		<feat xlink:href="#sSpan1541" value="ⲙⲙⲟⲛ"/>
		<feat xlink:href="#sSpan1545" value="ϣϫⲟⲙ"/>
		<feat xlink:href="#sSpan1549" value="ⲙⲙⲱⲟⲩ"/>
		<feat xlink:href="#sSpan1555" value="ⲉⲥⲟϥϥ"/>
		<feat xlink:href="#sSpan1563" value="ϫⲉⲥⲉⲛⲁ"/>
		<feat xlink:href="#sSpan1573" value="ⲉϧⲟⲩⲛ"/>
		<feat xlink:href="#sSpan1577" value="ⲉⲡⲉϥϩⲏⲧ"/>
		<feat xlink:href="#sSpan1585" value="ⲁⲛ"/>
		<feat xlink:href="#sSpan1590" value="ⲁⲗⲗⲁ"/>
		<feat xlink:href="#sSpan1594" value="ⲧⲉϥⲛⲉϫⲓ"/>
		<feat xlink:href="#sSpan1600" value="ⲟⲩⲟϩ"/>
		<feat xlink:href="#sSpan1604" value="ϣⲁⲩϣⲉ"/>
		<feat xlink:href="#sSpan1612" value="ⲛⲱⲟⲩ"/>
		<feat xlink:href="#sSpan1618" value="ⲉⲛⲓⲙⲁ"/>
		<feat xlink:href="#sSpan1626" value="ⲛϩⲉⲙⲥⲓ"/>
		<feat xlink:href="#sSpan1632" value="ⲉϥⲧⲟⲩⲃⲟ"/>
		<feat xlink:href="#sSpan1640" value="ⲛⲛⲓϧⲣⲏⲟⲩⲓ"/>
		<feat xlink:href="#sSpan1648" value="ⲧⲏⲣⲟⲩ"/>
		<feat xlink:href="#sSpan1654" value="."/>
		<feat xlink:href="#sSpan1658" value="ⲛⲁϥϫⲱ"/>
		<feat xlink:href="#sSpan1669" value="ⲇⲉ"/>
		<feat xlink:href="#sSpan1673" value="ⲙⲙⲟⲥ"/>
		<feat xlink:href="#sSpan1679" value="ϫⲉⲡⲉⲑⲛⲏⲟⲩ"/>
		<feat xlink:href="#sSpan1689" value="ⲉⲃⲟⲗ"/>
		<feat xlink:href="#sSpan1693" value="ϧⲉⲛⲣⲱϥ"/>
		<feat xlink:href="#sSpan1701" value="ⲙⲡⲓⲣⲱⲓⲙⲓ"/>
		<feat xlink:href="#sSpan1709" value="ⲛⲑⲟϥ"/>
		<feat xlink:href="#sSpan1713" value="ⲉⲧⲥⲱϥ"/>
		<feat xlink:href="#sSpan1719" value="ⲙⲡⲓⲣⲱⲙⲓ"/>
		<feat xlink:href="#sSpan1727" value="."/>
		<feat xlink:href="#sSpan1731" value="ⲉⲃⲟⲗ"/>
		<feat xlink:href="#sSpan1738" value="ⲅⲁⲣ"/>
		<feat xlink:href="#sSpan1742" value="ⲥⲁϧⲟⲩⲛ"/>
		<feat xlink:href="#sSpan1746" value="ⲉⲃⲟⲗ"/>
		<feat xlink:href="#sSpan1750" value="ϧⲉⲛⲡⲓϩⲏⲧ"/>
		<feat xlink:href="#sSpan1758" value="ⲛⲧⲉⲛⲓⲣⲱⲙⲓ"/>
		<feat xlink:href="#sSpan1766" value="ϣⲁⲩⲓ"/>
		<feat xlink:href="#sSpan1774" value="ⲉⲃⲟⲗ"/>
		<feat xlink:href="#sSpan1778" value="ⲛϫⲉⲡⲓⲙⲟⲕⲙⲉⲕ"/>
		<feat xlink:href="#sSpan1786" value="ⲉⲧϩⲱⲟⲩ"/>
		<feat xlink:href="#sSpan1792" value="ⲛⲓⲡⲟⲣⲛⲓⲁ"/>
		<feat xlink:href="#sSpan1799" value="ⲛⲓϭⲓⲟⲩⲓ"/>
		<feat xlink:href="#sSpan1805" value="ⲛⲓϧⲱⲧⲉⲃ"/>
		<feat xlink:href="#sSpan1811" value="ⲛⲓⲙⲉⲧⲛⲱⲓⲕ"/>
		<feat xlink:href="#sSpan1819" value="."/>
		<feat xlink:href="#sSpan1823" value="ⲛⲓⲙⲉⲧϭⲓⲛϫⲟⲛⲥ"/>
		<feat xlink:href="#sSpan1835" value="ⲛⲓⲙⲉⲧⲡⲉⲧϩⲱⲟⲩ"/>
		<feat xlink:href="#sSpan1845" value="ⲛⲓⲙⲉⲧⲇⲟⲗⲟⲥ"/>
		<feat xlink:href="#sSpan1854" value="ⲛⲓⲥⲱϥ"/>
		<feat xlink:href="#sSpan1860" value="ⲛⲓⲃⲁⲗ"/>
		<feat xlink:href="#sSpan1866" value="ⲉⲧϩⲱⲟⲩ"/>
		<feat xlink:href="#sSpan1872" value="ⲛⲓϫⲉⲟⲩⲁ"/>
		<feat xlink:href="#sSpan1880" value="ⲟⲩϭⲓⲥⲓ"/>
		<feat xlink:href="#sSpan1886" value="ⲛϩⲏⲧ"/>
		<feat xlink:href="#sSpan1892" value="ⲟⲩⲙⲉⲧⲁⲧⲕⲁϯ"/>
		<feat xlink:href="#sSpan1901" value="ⲛⲁⲓ"/>
		<feat xlink:href="#sSpan1907" value="ⲧⲏⲣⲟⲩ"/>
		<feat xlink:href="#sSpan1913" value="ⲉⲧϩⲱⲟⲩ"/>
		<feat xlink:href="#sSpan1919" value="ⲉⲩⲛⲏⲟⲩ"/>
		<feat xlink:href="#sSpan1927" value="ⲉⲃⲟⲗ"/>
		<feat xlink:href="#sSpan1931" value="ⲥⲁϧⲟⲩⲛ"/>
		<feat xlink:href="#sSpan1935" value="ⲟⲩⲟϩ"/>
		<feat xlink:href="#sSpan1939" value="ⲥⲉⲥⲱϥ"/>
		<feat xlink:href="#sSpan1945" value="ⲙⲡⲓⲣⲱⲙⲓ"/>
		<feat xlink:href="#sSpan1953" value="."/>
		<feat xlink:href="#sSpan1957" value="ⲉⲧⲁϥⲧⲱⲛϥ"/>
		<feat xlink:href="#sSpan1972" value="ⲇⲉ"/>
		<feat xlink:href="#sSpan1976" value="ⲉⲃⲟⲗ"/>
		<feat xlink:href="#sSpan1980" value="ⲙⲙⲁⲩ"/>
		<feat xlink:href="#sSpan1984" value="ⲁϥϣⲉ"/>
		<feat xlink:href="#sSpan1992" value="ⲛⲁϥ"/>
		<feat xlink:href="#sSpan1998" value="ⲉⲛⲓⲥⲁ"/>
		<feat xlink:href="#sSpan2006" value="ⲛⲧⲉⲧⲩⲣⲟⲥ"/>
		<feat xlink:href="#sSpan2013" value="ⲛⲉⲙⲧⲥⲓⲇⲱⲛ"/>
		<feat xlink:href="#sSpan2022" value="ⲟⲩⲟϩ"/>
		<feat xlink:href="#sSpan2026" value="ⲉⲧⲁϥϣⲉ"/>
		<feat xlink:href="#sSpan2036" value="ⲛⲁϥ"/>
		<feat xlink:href="#sSpan2042" value="ⲉϧⲟⲩⲛ"/>
		<feat xlink:href="#sSpan2046" value="ⲉⲟⲩⲏⲓ"/>
		<feat xlink:href="#sSpan2054" value="ⲛⲁϥⲟⲩⲱϣ"/>
		<feat xlink:href="#sSpan2062" value="ⲁⲛ"/>
		<feat xlink:href="#sSpan2066" value="ⲡⲉ"/>
		<feat xlink:href="#sSpan2070" value="ⲛⲧⲉϩⲗⲓ"/>
		<feat xlink:href="#sSpan2076" value="ⲉⲙⲓ"/>
		<feat xlink:href="#sSpan2080" value="ⲟⲩⲟϩ"/>
		<feat xlink:href="#sSpan2084" value="ⲙⲡⲉϥϣϫⲉⲙϫⲟⲙ"/>
		<feat xlink:href="#sSpan2094" value="ⲛⲱⲃϣ"/>
		<feat xlink:href="#sSpan2100" value="ⲟⲩⲟϩ"/>
		<feat xlink:href="#sSpan2106" value="ⲥⲁⲧⲟⲧⲥ"/>
		<feat xlink:href="#sSpan2112" value="ⲁⲥⲥⲱⲧⲉⲙ"/>
		<feat xlink:href="#sSpan2120" value="ⲛϫⲉⲟⲩⲥϩⲓⲙⲓ"/>
		<feat xlink:href="#sSpan2128" value="ⲉⲑⲃⲏⲧϥ"/>
		<feat xlink:href="#sSpan2134" value="ⲑⲏ"/>
		<feat xlink:href="#sSpan2138" value="ⲉⲧⲉⲟⲩⲟⲛ"/>
		<feat xlink:href="#sSpan2144" value="ⲟⲩⲡⲛⲉⲩⲙⲁ"/>
		<feat xlink:href="#sSpan2151" value="ⲛⲁⲕⲁⲑⲁⲣⲧⲟⲛ"/>
		<feat xlink:href="#sSpan2158" value="ⲛⲉⲙⲧⲉⲥϣⲉⲣⲓ"/>
		<feat xlink:href="#sSpan2166" value="ⲉⲧⲁⲥⲓ"/>
		<feat xlink:href="#sSpan2176" value="ⲉϧⲟⲩⲛ"/>
		<feat xlink:href="#sSpan2180" value="ⲁⲥϩⲓⲧⲥ"/>
		<feat xlink:href="#sSpan2190" value="ⲉϧⲣⲏⲓ"/>
		<feat xlink:href="#sSpan2194" value="ϧⲁⲛⲉϥϭⲁⲗⲁⲩϫ"/>
		<feat xlink:href="#sSpan2202" value="ϯⲥϩⲓⲙⲓ"/>
		<feat xlink:href="#sSpan2211" value="ⲇⲉ"/>
		<feat xlink:href="#sSpan2215" value="ⲛⲉⲟⲩⲉⲓⲛⲓⲛ"/>
		<feat xlink:href="#sSpan2222" value="ⲛⲧⲉⲛⲥⲩⲣⲓⲁ"/>
		<feat xlink:href="#sSpan2229" value="ⲡⲉⲥⲅⲉⲛⲟⲥ"/>
		<feat xlink:href="#sSpan2236" value="ⲟⲩⲉⲃⲟⲗ"/>
		<feat xlink:href="#sSpan2242" value="ϧⲉⲛϯⲫⲟⲓⲛⲓⲕⲏ"/>
		<feat xlink:href="#sSpan2251" value="ⲡⲉ"/>
		<feat xlink:href="#sSpan2255" value="ⲟⲩⲟϩ"/>
		<feat xlink:href="#sSpan2259" value="ⲛⲁⲥϯϩⲟ"/>
		<feat xlink:href="#sSpan2269" value="ⲉⲣⲟϥ"/>
		<feat xlink:href="#sSpan2276" value="ϩⲓⲛⲁ"/>
		<feat xlink:href="#sSpan2280" value="ⲛⲧⲉϥϩⲓⲇⲉⲙⲱⲛ"/>
		<feat xlink:href="#sSpan2291" value="ⲉⲃⲟⲗ"/>
		<feat xlink:href="#sSpan2295" value="ⲛⲧⲉⲥϣⲉⲣⲓ"/>
		<feat xlink:href="#sSpan2303" value="ⲟⲩⲟϩ"/>
		<feat xlink:href="#sSpan2309" value="ⲛⲁϥϫⲱ"/>
		<feat xlink:href="#sSpan2317" value="ⲙⲙⲟⲥ"/>
		<feat xlink:href="#sSpan2323" value="ⲛⲁⲥ"/>
		<feat xlink:href="#sSpan2329" value="ϫⲉⲭⲁⲥ"/>
		<feat xlink:href="#sSpan2337" value="ⲛϣⲟⲣⲡ"/>
		<feat xlink:href="#sSpan2343" value="ⲛⲧⲟⲩⲥⲓ"/>
		<feat xlink:href="#sSpan2351" value="ⲛϫⲉⲛⲓϣⲏⲣⲓ"/>
		<feat xlink:href="#sSpan2359" value="ⲟⲩ"/>
		<feat xlink:href="#sSpan2364" value="ⲅⲁⲣ"/>
		<feat xlink:href="#sSpan2368" value="ⲛⲁⲛⲉⲥ"/>
		<feat xlink:href="#sSpan2374" value="ⲁⲛ"/>
		<feat xlink:href="#sSpan2378" value="ⲉⲉⲗⲡⲱⲓⲕ"/>
		<feat xlink:href="#sSpan2388" value="ⲛⲛⲓϣⲏⲣⲓ"/>
		<feat xlink:href="#sSpan2396" value="ⲉⲧⲏⲓϥ"/>
		<feat xlink:href="#sSpan2404" value="ⲛⲛⲓⲟⲩϩⲱⲣ"/>
		<feat xlink:href="#sSpan2412" value="."/>
		<feat xlink:href="#sSpan2417" value="ⲛⲑⲟⲥ"/>
		<feat xlink:href="#sSpan2424" value="ⲇⲉ"/>
		<feat xlink:href="#sSpan2428" value="ⲁⲥⲉⲣⲟⲩⲱ"/>
		<feat xlink:href="#sSpan2438" value="ⲡⲉϫⲁⲥ"/>
		<feat xlink:href="#sSpan2444" value="ⲛⲁϥ"/>
		<feat xlink:href="#sSpan2450" value="ϫⲉⲥⲉ"/>
		<feat xlink:href="#sSpan2456" value="ⲡⲁϭⲟⲓⲥ"/>
		<feat xlink:href="#sSpan2462" value="ⲛⲓⲕⲉⲟⲩϩⲱⲣ"/>
		<feat xlink:href="#sSpan2470" value="ⲥⲉⲟⲩⲱⲙ"/>
		<feat xlink:href="#sSpan2476" value="ⲉϧⲣⲏⲓ"/>
		<feat xlink:href="#sSpan2480" value="ⲛϯⲧⲣⲁⲡⲉⲍⲁ"/>
		<feat xlink:href="#sSpan2489" value="ⲉⲃⲟⲗ"/>
		<feat xlink:href="#sSpan2493" value="ϧⲉⲛⲛⲓⲗⲉϥⲗⲓϥⲓ"/>
		<feat xlink:href="#sSpan2501" value="ⲛⲧⲉⲛⲓⲁⲗⲱⲟⲩⲓ"/>
		<feat xlink:href="#sSpan2509" value="."/>
		<feat xlink:href="#sSpan2513" value="ⲟⲩⲟϩ"/>
		<feat xlink:href="#sSpan2519" value="ⲡⲉϫⲁϥ"/>
		<feat xlink:href="#sSpan2525" value="ⲛⲁⲥ"/>
		<feat xlink:href="#sSpan2531" value="ϫⲉⲉⲑⲃⲉⲡⲁⲓⲥⲁϫⲓ"/>
		<feat xlink:href="#sSpan2541" value="ⲙⲁϣⲉ"/>
		<feat xlink:href="#sSpan2545" value="ⲛⲉ"/>
		<feat xlink:href="#sSpan2552" value="ⲁϥϣⲉ"/>
		<feat xlink:href="#sSpan2560" value="ⲛⲁϥ"/>
		<feat xlink:href="#sSpan2566" value="ⲉⲃⲟⲗ"/>
		<feat xlink:href="#sSpan2570" value="ϩⲓⲧⲉϣⲉⲣⲓ"/>
		<feat xlink:href="#sSpan2578" value="ⲛϫⲉⲡⲓⲇⲁⲓⲙⲱⲛ"/>
		<feat xlink:href="#sSpan2587" value="."/>
		<feat xlink:href="#sSpan2591" value="ⲟⲩⲟϩ"/>
		<feat xlink:href="#sSpan2597" value="ⲉⲧⲁⲥϣⲉ"/>
		<feat xlink:href="#sSpan2607" value="ⲛⲁⲥ"/>
		<feat xlink:href="#sSpan2613" value="ⲉⲡⲉⲥⲏⲓ"/>
		<feat xlink:href="#sSpan2621" value="ⲁⲥϫⲓⲙⲓ"/>
		<feat xlink:href="#sSpan2629" value="ⲛϯⲁⲗⲟⲩ"/>
		<feat xlink:href="#sSpan2637" value="ϩⲓϫⲉⲛⲡⲓϭⲗⲟϫ"/>
		<feat xlink:href="#sSpan2645" value="ⲟⲩⲟϩ"/>
		<feat xlink:href="#sSpan2649" value="ⲡⲓⲇⲁⲓⲙⲱⲛ"/>
		<feat xlink:href="#sSpan2656" value="ⲁϥϣⲉ"/>
		<feat xlink:href="#sSpan2664" value="ⲛⲁϥ"/>
		<feat xlink:href="#sSpan2670" value="ⲉⲃⲟⲗ"/>
		<feat xlink:href="#sSpan2674" value="ϩⲓⲱⲧⲥ"/>
		<feat xlink:href="#sSpan2680" value="."/>
		<feat xlink:href="#sSpan2684" value="ⲟⲩⲟϩ"/>
		<feat xlink:href="#sSpan2690" value="ⲉⲧⲁϥⲓ"/>
		<feat xlink:href="#sSpan2700" value="ⲟⲛ"/>
		<feat xlink:href="#sSpan2704" value="ⲉⲃⲟⲗ"/>
		<feat xlink:href="#sSpan2708" value="ϧⲉⲛⲛⲓⲑⲟϣ"/>
		<feat xlink:href="#sSpan2716" value="ⲛⲧⲉⲧⲩⲣⲟⲥ"/>
		<feat xlink:href="#sSpan2723" value="ⲛⲁϥⲥⲓⲛⲓ"/>
		<feat xlink:href="#sSpan2731" value="ⲉⲃⲟⲗ"/>
		<feat xlink:href="#sSpan2735" value="ϩⲓⲧⲉⲛⲧⲥⲓⲇⲱⲛ"/>
		<feat xlink:href="#sSpan2744" value="ⲉⲫⲓⲟⲙ"/>
		<feat xlink:href="#sSpan2752" value="ⲛⲧⲉϯⲅⲁⲗⲓⲗⲉⲁ"/>
		<feat xlink:href="#sSpan2762" value="ⲟⲩⲧⲉ"/>
		<feat xlink:href="#sSpan2766" value="ⲛⲓⲑⲟϣ"/>
		<feat xlink:href="#sSpan2772" value="ⲛⲧⲉϯⲙⲏϯ"/>
		<feat xlink:href="#sSpan2780" value="ⲙⲃⲁⲕⲓ"/>
		<feat xlink:href="#sSpan2786" value="ⲟⲩⲟϩ"/>
		<feat xlink:href="#sSpan2792" value="ⲁⲩⲓⲛⲓ"/>
		<feat xlink:href="#sSpan2800" value="ⲛⲁϥ"/>
		<feat xlink:href="#sSpan2806" value="ⲛⲟⲩⲕⲟⲩⲣ"/>
		<feat xlink:href="#sSpan2814" value="ⲛⲉⲃⲟ"/>
		<feat xlink:href="#sSpan2820" value="ⲟⲩⲟϩ"/>
		<feat xlink:href="#sSpan2824" value="ⲁⲩϯϩⲟ"/>
		<feat xlink:href="#sSpan2834" value="ⲉⲣⲟϥ"/>
		<feat xlink:href="#sSpan2841" value="ϩⲓⲛⲁ"/>
		<feat xlink:href="#sSpan2845" value="ⲛⲧⲉϥⲭⲁϫⲓϫ"/>
		<feat xlink:href="#sSpan2855" value="ϩⲓϫⲱϥ"/>
		<feat xlink:href="#sSpan2861" value="."/>
		<feat xlink:href="#sSpan2865" value="ⲟⲩⲟϩ"/>
		<feat xlink:href="#sSpan2871" value="ⲁϥⲟⲗϥ"/>
		<feat xlink:href="#sSpan2881" value="ⲥⲁⲡⲥⲁ"/>
		<feat xlink:href="#sSpan2889" value="ⲉⲃⲟⲗ"/>
		<feat xlink:href="#sSpan2894" value="ϩⲁⲡⲓⲙⲏϣ"/>
		<feat xlink:href="#sSpan2902" value="ⲁϥϩⲓⲛⲉϥⲧⲏⲃ"/>
		<feat xlink:href="#sSpan2914" value="ⲉϧⲟⲩⲛ"/>
		<feat xlink:href="#sSpan2918" value="ⲉⲛⲉϥⲙⲁϣϫ"/>
		<feat xlink:href="#sSpan2926" value="ⲟⲩⲟϩ"/>
		<feat xlink:href="#sSpan2930" value="ⲉⲧⲁϥϩⲓⲑⲁϥ"/>
		<feat xlink:href="#sSpan2942" value="ⲁϥϭⲓ"/>
		<feat xlink:href="#sSpan2950" value="ⲛⲉⲙⲡⲉϥⲗⲁⲥ"/>
		<feat xlink:href="#sSpan2958" value="ⲟⲩⲟϩ"/>
		<feat xlink:href="#sSpan2964" value="ⲉⲧⲁϥϫⲟⲩϣⲧ"/>
		<feat xlink:href="#sSpan2974" value="ⲉⲡϣⲱⲓ"/>
		<feat xlink:href="#sSpan2982" value="ⲉⲧⲫⲉ"/>
		<feat xlink:href="#sSpan2990" value="ⲁϥϥⲓⲁϩⲟⲙ"/>
		<feat xlink:href="#sSpan3000" value="ⲟⲩⲟϩ"/>
		<feat xlink:href="#sSpan3004" value="ⲡⲉϫⲁϥ"/>
		<feat xlink:href="#sSpan3010" value="ⲛⲁϥ"/>
		<feat xlink:href="#sSpan3016" value="ϫⲉⲉⲡⲫⲁⲑⲁ"/>
		<feat xlink:href="#sSpan3023" value="ⲉⲧⲉⲫⲁⲓ"/>
		<feat xlink:href="#sSpan3029" value="ⲡⲉ"/>
		<feat xlink:href="#sSpan3033" value="ϫⲉⲁⲟⲩⲱⲛ"/>
		<feat xlink:href="#sSpan3039" value="."/>
		<feat xlink:href="#sSpan3043" value="ⲟⲩⲟϩ"/>
		<feat xlink:href="#sSpan3049" value="ⲁⲩⲟⲩⲱⲛ"/>
		<feat xlink:href="#sSpan3057" value="ⲛϫⲉⲛⲉϥⲙⲁϣϫ"/>
		<feat xlink:href="#sSpan3065" value="ⲟⲩⲟϩ"/>
		<feat xlink:href="#sSpan3069" value="ⲁϥϯⲟⲩⲱ"/>
		<feat xlink:href="#sSpan3079" value="ⲛϫⲉⲡⲓⲥⲛⲁϩ"/>
		<feat xlink:href="#sSpan3087" value="ⲛⲧⲉⲡⲉϥⲗⲁⲥ"/>
		<feat xlink:href="#sSpan3095" value="ⲟⲩⲟϩ"/>
		<feat xlink:href="#sSpan3099" value="ⲛⲁϥⲥⲁϫⲓ"/>
		<feat xlink:href="#sSpan3107" value="ⲡⲉ"/>
		<feat xlink:href="#sSpan3111" value="ⲉϥⲥⲟⲩⲧⲱⲛ"/>
		<feat xlink:href="#sSpan3119" value="ⲟⲩⲟϩ"/>
		<feat xlink:href="#sSpan3125" value="ⲁϥϩⲟⲛϩⲉⲛ"/>
		<feat xlink:href="#sSpan3133" value="ⲉⲧⲟⲧⲟⲩ"/>
		<feat xlink:href="#sSpan3140" value="ϩⲓⲛⲁ"/>
		<feat xlink:href="#sSpan3144" value="ⲛⲧⲟⲩϣⲧⲉⲙϫⲟⲥ"/>
		<feat xlink:href="#sSpan3156" value="ⲛϩⲗⲓ"/>
		<feat xlink:href="#sSpan3162" value="ϩⲟⲥⲇⲉ"/>
		<feat xlink:href="#sSpan3167" value="ⲙⲁⲗⲗⲟⲛ"/>
		<feat xlink:href="#sSpan3171" value="ⲛⲁⲩϩⲓⲱⲓϣ"/>
		<feat xlink:href="#sSpan3181" value="ⲛϩⲟⲩⲟ"/>
		<feat xlink:href="#sSpan3187" value="ⲛⲁⲩⲉⲣϣⲫⲏⲣⲓ"/>
		<feat xlink:href="#sSpan3199" value="ⲉⲩϫⲱ"/>
		<feat xlink:href="#sSpan3207" value="ⲙⲙⲟⲥ"/>
		<feat xlink:href="#sSpan3213" value="ϫⲉⲕⲁⲗⲱⲥ"/>
		<feat xlink:href="#sSpan3220" value="ⲁϥⲁⲓⲧⲟⲩ"/>
		<feat xlink:href="#sSpan3230" value="ⲧⲏⲣⲟⲩ"/>
		<feat xlink:href="#sSpan3236" value="ⲉⲧⲁϥⲑⲣⲉⲛⲓⲕⲟⲩⲣ"/>
		<feat xlink:href="#sSpan3250" value="ⲥⲱⲧⲉⲙ"/>
		<feat xlink:href="#sSpan3254" value="ⲟⲩⲟϩ"/>
		<feat xlink:href="#sSpan3258" value="ⲛⲓⲁⲧⲥⲁϫⲓ"/>
		<feat xlink:href="#sSpan3266" value="ⲛⲧⲟⲩⲥⲁϫⲓ"/>
		<feat xlink:href="#sSpan3274" value="."/></featList></paula>