<?xml version='1.0' encoding='UTF-8'?><!DOCTYPE paula SYSTEM "paula_feat.dtd">
<paula version="1.1">
	<header paula_id="scriptorium.bohairic.Mark_07.mark_lemma"/>
	<featList xmlns:xlink="http://www.w3.org/1999/xlink" type="lemma" xml:base="scriptorium.bohairic.Mark_07.mark.xml">
		<feat xlink:href="#sSpan1" value="ⲟⲩⲟϩ"/>
		<feat xlink:href="#sSpan7" value="ⲁ"/>
		<feat xlink:href="#sSpan11" value="ⲛⲑⲱⲟⲩ"/>
		<feat xlink:href="#sSpan13" value="ⲑⲱⲟⲩϯ"/>
		<feat xlink:href="#sSpan15" value="ϩⲁ"/>
		<feat xlink:href="#sSpan19" value="ⲛⲑⲟϥ"/>
		<feat xlink:href="#sSpan21" value="ⲛϫⲉ"/>
		<feat xlink:href="#sSpan25" value="ⲡⲓ"/>
		<feat xlink:href="#sSpan28" value="ⲫⲁⲣⲓⲥⲁⲓⲟⲥ"/>
		<feat xlink:href="#sSpan30" value="ⲛⲉⲙ"/>
		<feat xlink:href="#sSpan34" value="ⲟⲩ"/>
		<feat xlink:href="#sSpan36" value="ⲟⲩⲟⲛ"/>
		<feat xlink:href="#sSpan38" value="ⲉⲃⲟⲗ"/>
		<feat xlink:href="#sSpan42" value="ϧⲉⲛ"/>
		<feat xlink:href="#sSpan46" value="ⲡⲓ"/>
		<feat xlink:href="#sSpan48" value="ⲥⲁϧ"/>
		<feat xlink:href="#sSpan50" value="ⲉⲣⲉ"/>
		<feat xlink:href="#sSpan55" value="ⲁ"/>
		<feat xlink:href="#sSpan57" value="ⲛⲑⲱⲟⲩ"/>
		<feat xlink:href="#sSpan59" value="ⲓ"/>
		<feat xlink:href="#sSpan61" value="ⲉⲃⲟⲗ"/>
		<feat xlink:href="#sSpan65" value="ϧⲉⲛ"/>
		<feat xlink:href="#sSpan70" value="ϩⲓⲉⲣⲟⲩⲥⲁⲗⲏⲙ"/>
		<feat xlink:href="#sSpan72" value="ⲟⲩⲟϩ"/>
		<feat xlink:href="#sSpan78" value="ⲉⲧ"/>
		<feat xlink:href="#sSpan82" value="ⲁ"/>
		<feat xlink:href="#sSpan84" value="ⲛⲑⲱⲟⲩ"/>
		<feat xlink:href="#sSpan86" value="ⲛⲁⲩ"/>
		<feat xlink:href="#sSpan88" value="ⲉ"/>
		<feat xlink:href="#sSpan92" value="ⲟⲩ"/>
		<feat xlink:href="#sSpan94" value="ⲟⲩⲟⲛ"/>
		<feat xlink:href="#sSpan96" value="ⲛⲧⲉ"/>
		<feat xlink:href="#sSpan100" value="ⲡⲉϥ"/>
		<feat xlink:href="#sSpan103" value="ⲙⲁⲑⲏⲧⲏⲥ"/>
		<feat xlink:href="#sSpan105" value="ϫⲉ"/>
		<feat xlink:href="#sSpan109" value="ⲛⲑⲱⲟⲩ"/>
		<feat xlink:href="#sSpan111" value="ⲟⲩⲱⲙ"/>
		<feat xlink:href="#sSpan113" value="ⲛ"/>
		<feat xlink:href="#sSpan117" value="ⲡⲓ"/>
		<feat xlink:href="#sSpan119" value="ⲱⲓⲕ"/>
		<feat xlink:href="#sSpan121" value="ⲉⲣⲉ"/>
		<feat xlink:href="#sSpan125" value="ⲡⲟⲩ"/>
		<feat xlink:href="#sSpan127" value="ϫⲓϫ"/>
		<feat xlink:href="#sSpan129" value="ⲑⲱⲗⲉⲃ"/>
		<feat xlink:href="#sSpan133" value="ⲉⲧⲉ"/>
		<feat xlink:href="#sSpan137" value="ⲫⲁⲓ"/>
		<feat xlink:href="#sSpan139" value="ⲡⲉ"/>
		<feat xlink:href="#sSpan143" value="ϫⲉ"/>
		<feat xlink:href="#sSpan147" value="ⲛ"/>
		<feat xlink:href="#sSpan150" value="ⲁⲧⲓⲁⲧⲟⲧⲟⲩ"/>
		<feat xlink:href="#sSpan155" value="ⲡⲓ"/>
		<feat xlink:href="#sSpan162" value="ⲫⲁⲣⲓⲥⲁⲓⲟⲥ"/>
		<feat xlink:href="#sSpan165" value="ⲅⲁⲣ"/>
		<feat xlink:href="#sSpan169" value="ⲛⲉⲙ"/>
		<feat xlink:href="#sSpan173" value="ⲡⲓ"/>
		<feat xlink:href="#sSpan176" value="ⲓⲟⲩⲇⲁⲓ"/>
		<feat xlink:href="#sSpan178" value="ⲧⲏⲣ"/>
		<feat xlink:href="#sSpan182" value="ⲛⲑⲱⲟⲩ"/>
		<feat xlink:href="#sSpan184" value="ⲙⲡⲁⲣⲉ"/>
		<feat xlink:href="#sSpan188" value="ⲛⲑⲱⲟⲩ"/>
		<feat xlink:href="#sSpan190" value="ⲟⲩⲱⲙ"/>
		<feat xlink:href="#sSpan192" value="ⲁ"/>
		<feat xlink:href="#sSpan196" value="ⲛⲑⲱⲟⲩ"/>
		<feat xlink:href="#sSpan198" value="ϣⲧⲉⲙ"/>
		<feat xlink:href="#sSpan200" value="ⲓⲱⲓ"/>
		<feat xlink:href="#sSpan202" value="ⲧⲱⲣⲓ"/>
		<feat xlink:href="#sSpan204" value="ⲛⲑⲱⲟⲩ"/>
		<feat xlink:href="#sSpan206" value="ⲛ"/>
		<feat xlink:href="#sSpan210" value="ⲟⲩ"/>
		<feat xlink:href="#sSpan212" value="ⲙⲏϣ"/>
		<feat xlink:href="#sSpan214" value="ⲛ"/>
		<feat xlink:href="#sSpan218" value="ⲥⲟⲡ"/>
		<feat xlink:href="#sSpan220" value="ⲉⲣⲉ"/>
		<feat xlink:href="#sSpan224" value="ⲛⲑⲱⲟⲩ"/>
		<feat xlink:href="#sSpan226" value="ⲁⲙⲟⲛⲓ"/>
		<feat xlink:href="#sSpan228" value="ⲛ"/>
		<feat xlink:href="#sSpan232" value="ⲡⲓ"/>
		<feat xlink:href="#sSpan235" value="ⲡⲁⲣⲁⲇⲟⲥⲓⲥ"/>
		<feat xlink:href="#sSpan237" value="ⲛⲧⲉ"/>
		<feat xlink:href="#sSpan241" value="ⲡⲓ"/>
		<feat xlink:href="#sSpan244" value="ⲡⲣⲉⲥⲃⲩⲧⲉⲣⲟⲥ"/>
		<feat xlink:href="#sSpan246" value="ⲟⲩⲟϩ"/>
		<feat xlink:href="#sSpan252" value="ⲉϣⲱⲡ"/>
		<feat xlink:href="#sSpan256" value="ⲁ"/>
		<feat xlink:href="#sSpan260" value="ⲛⲑⲱⲟⲩ"/>
		<feat xlink:href="#sSpan262" value="ϣⲧⲉⲙ"/>
		<feat xlink:href="#sSpan264" value="ⲱⲙⲥ"/>
		<feat xlink:href="#sSpan266" value="ⲛⲑⲱⲟⲩ"/>
		<feat xlink:href="#sSpan268" value="ⲉⲃⲟⲗ"/>
		<feat xlink:href="#sSpan272" value="ϧⲉⲛ"/>
		<feat xlink:href="#sSpan276" value="ⲡⲓ"/>
		<feat xlink:href="#sSpan279" value="ⲁⲅⲟⲣⲁ"/>
		<feat xlink:href="#sSpan281" value="ⲙⲡⲁⲣⲉ"/>
		<feat xlink:href="#sSpan285" value="ⲛⲑⲱⲟⲩ"/>
		<feat xlink:href="#sSpan287" value="ⲟⲩⲱⲙ"/>
		<feat xlink:href="#sSpan289" value="ⲟⲩⲟϩ"/>
		<feat xlink:href="#sSpan293" value="ⲛⲁⲣⲉ"/>
		<feat xlink:href="#sSpan297" value="ⲟⲩⲟⲛ"/>
		<feat xlink:href="#sSpan299" value="ⲟⲩ"/>
		<feat xlink:href="#sSpan303" value="ⲕⲉ"/>
		<feat xlink:href="#sSpan305" value="ⲙⲏϣ"/>
		<feat xlink:href="#sSpan307" value="ⲉⲣⲉ"/>
		<feat xlink:href="#sSpan312" value="ⲁ"/>
		<feat xlink:href="#sSpan314" value="ⲛⲑⲱⲟⲩ"/>
		<feat xlink:href="#sSpan316" value="ϭⲓ"/>
		<feat xlink:href="#sSpan318" value="ⲛⲑⲱⲟⲩ"/>
		<feat xlink:href="#sSpan320" value="ⲉⲣⲉ"/>
		<feat xlink:href="#sSpan325" value="ⲁ"/>
		<feat xlink:href="#sSpan327" value="ⲛⲑⲱⲟⲩ"/>
		<feat xlink:href="#sSpan329" value="ⲁⲙⲟⲛⲓ"/>
		<feat xlink:href="#sSpan331" value="ⲛ"/>
		<feat xlink:href="#sSpan335" value="ⲛⲑⲱⲟⲩ"/>
		<feat xlink:href="#sSpan337" value="ⲟⲩ"/>
		<feat xlink:href="#sSpan341" value="ⲱⲙⲥ"/>
		<feat xlink:href="#sSpan343" value="ⲛⲧⲉ"/>
		<feat xlink:href="#sSpan347" value="ⲟⲩ"/>
		<feat xlink:href="#sSpan349" value="ⲁⲫⲟⲧ"/>
		<feat xlink:href="#sSpan351" value="ⲛⲉⲙ"/>
		<feat xlink:href="#sSpan355" value="ⲟⲩ"/>
		<feat xlink:href="#sSpan358" value="ⲝⲉⲥⲧⲏⲥ"/>
		<feat xlink:href="#sSpan360" value="ⲛⲉⲙ"/>
		<feat xlink:href="#sSpan364" value="ⲟⲩ"/>
		<feat xlink:href="#sSpan367" value="ⲭⲁⲗⲕⲓⲛ"/>
		<feat xlink:href="#sSpan369" value="ⲟⲩⲟϩ"/>
		<feat xlink:href="#sSpan375" value="ⲁ"/>
		<feat xlink:href="#sSpan379" value="ⲛⲑⲱⲟⲩ"/>
		<feat xlink:href="#sSpan381" value="ϣⲓⲛⲓ"/>
		<feat xlink:href="#sSpan383" value="ⲛⲑⲟϥ"/>
		<feat xlink:href="#sSpan385" value="ⲛϫⲉ"/>
		<feat xlink:href="#sSpan389" value="ⲡⲓ"/>
		<feat xlink:href="#sSpan392" value="ⲫⲁⲣⲓⲥⲁⲓⲟⲥ"/>
		<feat xlink:href="#sSpan394" value="ⲛⲉⲙ"/>
		<feat xlink:href="#sSpan398" value="ⲡⲓ"/>
		<feat xlink:href="#sSpan400" value="ⲥⲁϧ"/>
		<feat xlink:href="#sSpan402" value="ϫⲉ"/>
		<feat xlink:href="#sSpan406" value="ⲉⲑⲃⲉ"/>
		<feat xlink:href="#sSpan408" value="ⲟⲩ"/>
		<feat xlink:href="#sSpan410" value="ⲛⲑⲱⲟⲩ"/>
		<feat xlink:href="#sSpan414" value="ⲙⲟϣⲓ"/>
		<feat xlink:href="#sSpan416" value="ⲁⲛ"/>
		<feat xlink:href="#sSpan420" value="ⲛϫⲉ"/>
		<feat xlink:href="#sSpan424" value="ⲡⲉⲕ"/>
		<feat xlink:href="#sSpan427" value="ⲙⲁⲑⲏⲧⲏⲥ"/>
		<feat xlink:href="#sSpan430" value="ⲕⲁⲧⲁ"/>
		<feat xlink:href="#sSpan434" value="ⲡⲓ"/>
		<feat xlink:href="#sSpan437" value="ⲡⲁⲣⲁⲇⲟⲥⲓⲥ"/>
		<feat xlink:href="#sSpan439" value="ⲛⲧⲉ"/>
		<feat xlink:href="#sSpan443" value="ⲡⲓ"/>
		<feat xlink:href="#sSpan446" value="ⲡⲣⲉⲥⲃⲩⲧⲉⲣⲟⲥ"/>
		<feat xlink:href="#sSpan449" value="ⲁⲗⲗⲁ"/>
		<feat xlink:href="#sSpan453" value="ϧⲉⲛ"/>
		<feat xlink:href="#sSpan457" value="ⲟⲩ"/>
		<feat xlink:href="#sSpan459" value="ϫⲓϫ"/>
		<feat xlink:href="#sSpan461" value="ⲉⲣⲉ"/>
		<feat xlink:href="#sSpan465" value="ⲛⲑⲱⲟⲩ"/>
		<feat xlink:href="#sSpan467" value="ⲑⲱⲗⲉⲃ"/>
		<feat xlink:href="#sSpan469" value="ⲛⲑⲱⲟⲩ"/>
		<feat xlink:href="#sSpan473" value="ⲟⲩⲱⲙ"/>
		<feat xlink:href="#sSpan475" value="ⲛ"/>
		<feat xlink:href="#sSpan479" value="ⲡⲓ"/>
		<feat xlink:href="#sSpan481" value="ⲱⲓⲕ"/>
		<feat xlink:href="#sSpan483" value="."/>
		<feat xlink:href="#sSpan487" value="ⲛⲑⲟϥ"/>
		<feat xlink:href="#sSpan494" value="ⲇⲉ"/>
		<feat xlink:href="#sSpan498" value="ⲡⲉϫⲉ"/>
		<feat xlink:href="#sSpan502" value="ⲛⲑⲟϥ"/>
		<feat xlink:href="#sSpan504" value="ⲛⲁ"/>
		<feat xlink:href="#sSpan508" value="ⲛⲑⲱⲟⲩ"/>
		<feat xlink:href="#sSpan510" value="ϫⲉ"/>
		<feat xlink:href="#sSpan515" value="ⲕⲁⲗⲱⲥ"/>
		<feat xlink:href="#sSpan517" value="ⲁ"/>
		<feat xlink:href="#sSpan521" value="ⲛⲑⲟϥ"/>
		<feat xlink:href="#sSpan524" value="ⲉⲣⲡⲣⲟⲫⲏⲧⲉⲩⲓⲛ"/>
		<feat xlink:href="#sSpan528" value="ⲉⲑⲃⲉ"/>
		<feat xlink:href="#sSpan532" value="ⲛⲑⲱⲧⲉⲛ"/>
		<feat xlink:href="#sSpan534" value="ⲛϫⲉ"/>
		<feat xlink:href="#sSpan539" value="ⲏⲥⲁⲓⲁⲥ"/>
		<feat xlink:href="#sSpan541" value="ϧⲁ"/>
		<feat xlink:href="#sSpan545" value="ⲡⲓ"/>
		<feat xlink:href="#sSpan547" value="ϣⲟⲃⲓ"/>
		<feat xlink:href="#sSpan549" value="ⲛ"/>
		<feat xlink:href="#sSpan553" value="ⲡ"/>
		<feat xlink:href="#sSpan555" value="ⲣⲏϯ"/>
		<feat xlink:href="#sSpan557" value="ⲉⲧⲉ"/>
		<feat xlink:href="#sSpan561" value="ⲥϧⲁⲓ"/>
		<feat xlink:href="#sSpan563" value="ϫⲉ"/>
		<feat xlink:href="#sSpan567" value="ⲫⲁⲓ"/>
		<feat xlink:href="#sSpan570" value="ⲗⲁⲟⲥ"/>
		<feat xlink:href="#sSpan573" value="ⲉⲣⲧⲓⲙⲁⲛ"/>
		<feat xlink:href="#sSpan579" value="ⲛ"/>
		<feat xlink:href="#sSpan583" value="ⲁⲛⲟⲕ"/>
		<feat xlink:href="#sSpan585" value="ϧⲉⲛ"/>
		<feat xlink:href="#sSpan589" value="ⲡⲟⲩ"/>
		<feat xlink:href="#sSpan591" value="ⲥⲫⲟⲧⲟⲩ"/>
		<feat xlink:href="#sSpan593" value="ⲡⲟⲩ"/>
		<feat xlink:href="#sSpan597" value="ϩⲏ"/>
		<feat xlink:href="#sSpan600" value="ⲇⲉ"/>
		<feat xlink:href="#sSpan604" value="ⲛⲑⲟϥ"/>
		<feat xlink:href="#sSpan608" value="ⲟⲩⲉⲓ"/>
		<feat xlink:href="#sSpan610" value="ⲥⲁⲃⲟⲗ"/>
		<feat xlink:href="#sSpan614" value="ⲛ"/>
		<feat xlink:href="#sSpan618" value="ⲁⲛⲟⲕ"/>
		<feat xlink:href="#sSpan620" value="ⲉⲣⲉ"/>
		<feat xlink:href="#sSpan626" value="ⲛⲑⲱⲟⲩ"/>
		<feat xlink:href="#sSpan629" value="ⲉⲣⲥⲉⲃⲉⲥⲑⲉ"/>
		<feat xlink:href="#sSpan633" value="ⲛ"/>
		<feat xlink:href="#sSpan637" value="ⲁⲛⲟⲕ"/>
		<feat xlink:href="#sSpan639" value="ⲉ"/>
		<feat xlink:href="#sSpan643" value="ⲡ"/>
		<feat xlink:href="#sSpan645" value="ⲗⲏⲟⲩ"/>
		<feat xlink:href="#sSpan647" value="ⲉⲣⲉ"/>
		<feat xlink:href="#sSpan651" value="ⲛⲑⲱⲟⲩ"/>
		<feat xlink:href="#sSpan654" value="ϯⲥⲃⲱ"/>
		<feat xlink:href="#sSpan657" value="ⲛ"/>
		<feat xlink:href="#sSpan661" value="ⲟⲩ"/>
		<feat xlink:href="#sSpan663" value="ⲥⲃⲱ"/>
		<feat xlink:href="#sSpan665" value="ⲛ"/>
		<feat xlink:href="#sSpan669" value="ϩⲟⲛϩⲉⲛ"/>
		<feat xlink:href="#sSpan671" value="ⲛ"/>
		<feat xlink:href="#sSpan675" value="ⲣⲱⲙⲓ"/>
		<feat xlink:href="#sSpan677" value="."/>
		<feat xlink:href="#sSpan681" value="ⲉⲣⲉ"/>
		<feat xlink:href="#sSpan688" value="ⲁ"/>
		<feat xlink:href="#sSpan690" value="ⲛⲑⲱⲧⲛ"/>
		<feat xlink:href="#sSpan692" value="ⲭⲱ"/>
		<feat xlink:href="#sSpan694" value="ⲡⲓ"/>
		<feat xlink:href="#sSpan697" value="ⲉⲛⲧⲟⲗⲏ"/>
		<feat xlink:href="#sSpan699" value="ⲛⲧⲉ"/>
		<feat xlink:href="#sSpan703" value="ⲡ"/>
		<feat xlink:href="#sSpan705" value="ⲛⲟⲩϯ"/>
		<feat xlink:href="#sSpan707" value="ⲛⲥⲁ"/>
		<feat xlink:href="#sSpan711" value="ⲛⲑⲱⲧⲉⲛ"/>
		<feat xlink:href="#sSpan713" value="ⲛⲑⲱⲧⲛ"/>
		<feat xlink:href="#sSpan717" value="ⲁⲙⲟⲛⲓ"/>
		<feat xlink:href="#sSpan719" value="ⲛ"/>
		<feat xlink:href="#sSpan723" value="ⲡⲓ"/>
		<feat xlink:href="#sSpan726" value="ⲡⲁⲣⲁⲇⲟⲥⲓⲥ"/>
		<feat xlink:href="#sSpan728" value="ⲛⲧⲉ"/>
		<feat xlink:href="#sSpan732" value="ⲡⲓ"/>
		<feat xlink:href="#sSpan734" value="ⲣⲱⲙⲓ"/>
		<feat xlink:href="#sSpan736" value="ⲟⲩⲟϩ"/>
		<feat xlink:href="#sSpan742" value="ⲛⲁⲣⲉ"/>
		<feat xlink:href="#sSpan746" value="ⲛⲑⲟϥ"/>
		<feat xlink:href="#sSpan748" value="ϫⲱ"/>
		<feat xlink:href="#sSpan750" value="ⲛ"/>
		<feat xlink:href="#sSpan754" value="ⲛⲑⲟⲥ"/>
		<feat xlink:href="#sSpan756" value="ⲛⲁ"/>
		<feat xlink:href="#sSpan760" value="ⲛⲑⲱⲟⲩ"/>
		<feat xlink:href="#sSpan762" value="ϫⲉ"/>
		<feat xlink:href="#sSpan767" value="ⲕⲁⲗⲱⲥ"/>
		<feat xlink:href="#sSpan769" value="ⲛⲑⲱⲧⲛ"/>
		<feat xlink:href="#sSpan774" value="ⲉⲣⲁⲑⲉⲧⲓⲛ"/>
		<feat xlink:href="#sSpan778" value="ⲛ"/>
		<feat xlink:href="#sSpan782" value="ⲡⲓ"/>
		<feat xlink:href="#sSpan785" value="ⲉⲛⲧⲟⲗⲏ"/>
		<feat xlink:href="#sSpan787" value="ⲛⲧⲉ"/>
		<feat xlink:href="#sSpan791" value="ⲡ"/>
		<feat xlink:href="#sSpan793" value="ⲛⲟⲩϯ"/>
		<feat xlink:href="#sSpan796" value="ϩⲓⲛⲁ"/>
		<feat xlink:href="#sSpan800" value="ⲛⲧⲉ"/>
		<feat xlink:href="#sSpan804" value="ⲛⲑⲱⲧⲛ"/>
		<feat xlink:href="#sSpan806" value="ⲁⲣⲉϩ"/>
		<feat xlink:href="#sSpan808" value="ⲉⲣⲉ"/>
		<feat xlink:href="#sSpan812" value="ⲛⲑⲱⲧⲛ"/>
		<feat xlink:href="#sSpan815" value="ⲡⲁⲣⲁⲇⲟⲥⲓⲥ"/>
		<feat xlink:href="#sSpan818" value="ⲙⲱⲩⲥⲏⲥ"/>
		<feat xlink:href="#sSpan825" value="ⲅⲁⲣ"/>
		<feat xlink:href="#sSpan829" value="ⲁ"/>
		<feat xlink:href="#sSpan833" value="ⲛⲑⲟϥ"/>
		<feat xlink:href="#sSpan835" value="ϫⲟ"/>
		<feat xlink:href="#sSpan837" value="ⲛⲑⲟⲥ"/>
		<feat xlink:href="#sSpan839" value="ϫⲉ"/>
		<feat xlink:href="#sSpan844" value="ⲁⲣⲓⲧⲓⲙⲁⲛ"/>
		<feat xlink:href="#sSpan848" value="ⲛ"/>
		<feat xlink:href="#sSpan852" value="ⲡⲉⲕ"/>
		<feat xlink:href="#sSpan854" value="ⲉⲓⲱⲧ"/>
		<feat xlink:href="#sSpan856" value="ⲛⲉⲙ"/>
		<feat xlink:href="#sSpan860" value="ⲡⲉⲕ"/>
		<feat xlink:href="#sSpan862" value="ⲙⲁⲩ"/>
		<feat xlink:href="#sSpan864" value="ⲟⲩⲟϩ"/>
		<feat xlink:href="#sSpan868" value="ⲫⲏ"/>
		<feat xlink:href="#sSpan872" value="ⲉⲧⲉ"/>
		<feat xlink:href="#sSpan876" value="ⲛⲁ"/>
		<feat xlink:href="#sSpan878" value="ⲥⲁϫⲓ"/>
		<feat xlink:href="#sSpan880" value="ⲉⲣⲉ"/>
		<feat xlink:href="#sSpan884" value="ⲛⲑⲟϥ"/>
		<feat xlink:href="#sSpan886" value="ϩⲱⲟⲩ"/>
		<feat xlink:href="#sSpan888" value="ⲛⲥⲁ"/>
		<feat xlink:href="#sSpan892" value="ⲡⲉϥ"/>
		<feat xlink:href="#sSpan894" value="ⲉⲓⲱⲧ"/>
		<feat xlink:href="#sSpan896" value="ⲛⲉⲙ"/>
		<feat xlink:href="#sSpan900" value="ⲡⲉϥ"/>
		<feat xlink:href="#sSpan902" value="ⲙⲁⲩ"/>
		<feat xlink:href="#sSpan904" value="ⲙⲁⲣⲉ"/>
		<feat xlink:href="#sSpan908" value="ⲛⲑⲟϥ"/>
		<feat xlink:href="#sSpan910" value="ⲙⲟⲩ"/>
		<feat xlink:href="#sSpan912" value="ⲛ"/>
		<feat xlink:href="#sSpan916" value="ⲟⲩ"/>
		<feat xlink:href="#sSpan918" value="ⲙⲁ"/>
		<feat xlink:href="#sSpan920" value="."/>
		<feat xlink:href="#sSpan924" value="ⲛⲑⲱⲧⲉⲛ"/>
		<feat xlink:href="#sSpan931" value="ⲇⲉ"/>
		<feat xlink:href="#sSpan935" value="ⲛⲑⲱⲧⲛ"/>
		<feat xlink:href="#sSpan939" value="ϫⲱ"/>
		<feat xlink:href="#sSpan941" value="ⲛ"/>
		<feat xlink:href="#sSpan945" value="ⲛⲑⲟⲥ"/>
		<feat xlink:href="#sSpan947" value="ϫⲉ"/>
		<feat xlink:href="#sSpan951" value="ⲁⲣⲉϣⲁⲛ"/>
		<feat xlink:href="#sSpan953" value="ⲟⲩ"/>
		<feat xlink:href="#sSpan955" value="ⲣⲱⲙⲓ"/>
		<feat xlink:href="#sSpan957" value="ϫⲟ"/>
		<feat xlink:href="#sSpan961" value="ⲛⲑⲟⲥ"/>
		<feat xlink:href="#sSpan963" value="ⲛ"/>
		<feat xlink:href="#sSpan967" value="ⲡⲉϥ"/>
		<feat xlink:href="#sSpan969" value="ⲓⲱⲧ"/>
		<feat xlink:href="#sSpan971" value="ⲛⲉⲙ"/>
		<feat xlink:href="#sSpan975" value="ⲡⲉϥ"/>
		<feat xlink:href="#sSpan977" value="ⲙⲁⲩ"/>
		<feat xlink:href="#sSpan979" value="ϫⲉ"/>
		<feat xlink:href="#sSpan984" value="ⲕⲟⲣⲃⲁⲛ"/>
		<feat xlink:href="#sSpan986" value="ⲉⲧⲉ"/>
		<feat xlink:href="#sSpan990" value="ⲟⲩ"/>
		<feat xlink:href="#sSpan992" value="ⲧⲁⲓⲟ"/>
		<feat xlink:href="#sSpan994" value="ⲡⲉ"/>
		<feat xlink:href="#sSpan998" value="ⲁⲣⲉϣⲁⲛ_ⲛⲑⲟⲕ"/>
		<feat xlink:href="#sSpan1003" value="ϫⲉⲙϩⲏⲟⲩ"/>
		<feat xlink:href="#sSpan1006" value="ⲛ"/>
		<feat xlink:href="#sSpan1010" value="ⲛⲑⲟϥ"/>
		<feat xlink:href="#sSpan1012" value="ⲉⲃⲟⲗ"/>
		<feat xlink:href="#sSpan1016" value="ⲛ"/>
		<feat xlink:href="#sSpan1020" value="ⲁⲛⲟⲕ"/>
		<feat xlink:href="#sSpan1022" value="ⲛⲧⲉ"/>
		<feat xlink:href="#sSpan1028" value="ⲛⲑⲱⲧⲉⲛ"/>
		<feat xlink:href="#sSpan1030" value="ⲭⲱ"/>
		<feat xlink:href="#sSpan1032" value="ⲛ"/>
		<feat xlink:href="#sSpan1036" value="ⲛⲑⲟϥ"/>
		<feat xlink:href="#sSpan1038" value="ⲁⲛ"/>
		<feat xlink:href="#sSpan1042" value="ⲉ"/>
		<feat xlink:href="#sSpan1046" value="ⲓⲣⲓ"/>
		<feat xlink:href="#sSpan1048" value="ϩⲗⲓ"/>
		<feat xlink:href="#sSpan1050" value="ⲛ"/>
		<feat xlink:href="#sSpan1054" value="ⲡⲉϥ"/>
		<feat xlink:href="#sSpan1056" value="ⲓⲱⲧ"/>
		<feat xlink:href="#sSpan1058" value="ⲓⲉ"/>
		<feat xlink:href="#sSpan1062" value="ⲡⲉϥ"/>
		<feat xlink:href="#sSpan1066" value="ⲙⲁⲩ"/>
		<feat xlink:href="#sSpan1068" value="ⲉⲣⲉ"/>
		<feat xlink:href="#sSpan1074" value="ⲛⲑⲱⲧⲉⲛ"/>
		<feat xlink:href="#sSpan1076" value="ⲕⲱⲣϥ"/>
		<feat xlink:href="#sSpan1078" value="ⲛ"/>
		<feat xlink:href="#sSpan1082" value="ⲡⲓ"/>
		<feat xlink:href="#sSpan1084" value="ⲥⲁϫⲓ"/>
		<feat xlink:href="#sSpan1086" value="ⲛⲧⲉ"/>
		<feat xlink:href="#sSpan1090" value="ⲡ"/>
		<feat xlink:href="#sSpan1092" value="ⲛⲟⲩϯ"/>
		<feat xlink:href="#sSpan1094" value="ϧⲉⲛ"/>
		<feat xlink:href="#sSpan1098" value="ⲛⲑⲱⲧⲛ"/>
		<feat xlink:href="#sSpan1101" value="ⲡⲁⲣⲁⲇⲟⲥⲓⲥ"/>
		<feat xlink:href="#sSpan1103" value="ⲫⲏ"/>
		<feat xlink:href="#sSpan1107" value="ⲉⲧⲉ"/>
		<feat xlink:href="#sSpan1111" value="ⲁ"/>
		<feat xlink:href="#sSpan1113" value="ⲛⲑⲱⲧⲉⲛ"/>
		<feat xlink:href="#sSpan1115" value="ϯ"/>
		<feat xlink:href="#sSpan1117" value="ⲛⲑⲟⲥ"/>
		<feat xlink:href="#sSpan1119" value="ⲟⲩⲟϩ"/>
		<feat xlink:href="#sSpan1123" value="ⲟⲩ"/>
		<feat xlink:href="#sSpan1127" value="ⲙⲏϣ"/>
		<feat xlink:href="#sSpan1129" value="ⲛ"/>
		<feat xlink:href="#sSpan1133" value="ⲫⲁⲓ"/>
		<feat xlink:href="#sSpan1135" value="ⲣⲏϯ"/>
		<feat xlink:href="#sSpan1137" value="ⲉⲣⲉ"/>
		<feat xlink:href="#sSpan1141" value="ⲛⲑⲱⲟⲩ"/>
		<feat xlink:href="#sSpan1143" value="ⲓⲛⲓ"/>
		<feat xlink:href="#sSpan1145" value="ⲛ"/>
		<feat xlink:href="#sSpan1149" value="ⲫⲁⲓ"/>
		<feat xlink:href="#sSpan1151" value="ⲛⲑⲱⲧⲛ"/>
		<feat xlink:href="#sSpan1155" value="ⲓⲣⲓ"/>
		<feat xlink:href="#sSpan1157" value="ⲛ"/>
		<feat xlink:href="#sSpan1161" value="ⲛⲑⲱⲟⲩ"/>
		<feat xlink:href="#sSpan1163" value="."/>
		<feat xlink:href="#sSpan1167" value="ⲟⲩⲟϩ"/>
		<feat xlink:href="#sSpan1173" value="ⲉⲧ"/>
		<feat xlink:href="#sSpan1177" value="ⲁ"/>
		<feat xlink:href="#sSpan1179" value="ⲛⲑⲟϥ"/>
		<feat xlink:href="#sSpan1181" value="ⲙⲟⲩϯ"/>
		<feat xlink:href="#sSpan1183" value="ⲟⲛ"/>
		<feat xlink:href="#sSpan1187" value="ⲉ"/>
		<feat xlink:href="#sSpan1191" value="ⲡⲓ"/>
		<feat xlink:href="#sSpan1193" value="ⲙⲏϣ"/>
		<feat xlink:href="#sSpan1195" value="ⲡⲉϫⲉ"/>
		<feat xlink:href="#sSpan1199" value="ⲛⲑⲟϥ"/>
		<feat xlink:href="#sSpan1201" value="ⲛⲁ"/>
		<feat xlink:href="#sSpan1205" value="ⲛⲑⲱⲟⲩ"/>
		<feat xlink:href="#sSpan1207" value="ϫⲉ"/>
		<feat xlink:href="#sSpan1211" value="ⲥⲱⲧⲉⲙ"/>
		<feat xlink:href="#sSpan1213" value="ⲉ"/>
		<feat xlink:href="#sSpan1217" value="ⲁⲛⲟⲕ"/>
		<feat xlink:href="#sSpan1219" value="ⲟⲩⲟϩ"/>
		<feat xlink:href="#sSpan1223" value="ⲕⲁϯ"/>
		<feat xlink:href="#sSpan1227" value="ⲙⲙⲟⲛ"/>
		<feat xlink:href="#sSpan1233" value="ϩⲗⲓ"/>
		<feat xlink:href="#sSpan1237" value="ⲥⲁⲃⲟⲗ"/>
		<feat xlink:href="#sSpan1241" value="ⲛ"/>
		<feat xlink:href="#sSpan1245" value="ⲡⲓ"/>
		<feat xlink:href="#sSpan1247" value="ⲣⲱⲙⲓ"/>
		<feat xlink:href="#sSpan1249" value="ⲉⲣⲉ"/>
		<feat xlink:href="#sSpan1253" value="ⲛⲑⲟϥ"/>
		<feat xlink:href="#sSpan1255" value="ⲛⲁ"/>
		<feat xlink:href="#sSpan1257" value="ⲉϧⲟⲩⲛ"/>
		<feat xlink:href="#sSpan1261" value="ⲉ"/>
		<feat xlink:href="#sSpan1265" value="ⲣⲟ"/>
		<feat xlink:href="#sSpan1267" value="ⲛⲑⲟϥ"/>
		<feat xlink:href="#sSpan1269" value="ⲉⲣⲉ"/>
		<feat xlink:href="#sSpan1273" value="ⲟⲩⲟⲛ"/>
		<feat xlink:href="#sSpan1275" value="ϣϫⲟⲙ"/>
		<feat xlink:href="#sSpan1279" value="ⲛ"/>
		<feat xlink:href="#sSpan1283" value="ⲛⲑⲟϥ"/>
		<feat xlink:href="#sSpan1285" value="ⲉ"/>
		<feat xlink:href="#sSpan1289" value="ⲥⲱϥ"/>
		<feat xlink:href="#sSpan1291" value="ⲛⲑⲟϥ"/>
		<feat xlink:href="#sSpan1294" value="ⲁⲗⲗⲁ"/>
		<feat xlink:href="#sSpan1298" value="ⲫⲏ"/>
		<feat xlink:href="#sSpan1302" value="ⲉⲧⲉ"/>
		<feat xlink:href="#sSpan1306" value="ⲓ"/>
		<feat xlink:href="#sSpan1308" value="ⲉⲃⲟⲗ"/>
		<feat xlink:href="#sSpan1312" value="ϧⲉⲛ"/>
		<feat xlink:href="#sSpan1316" value="ⲣⲟ"/>
		<feat xlink:href="#sSpan1318" value="ⲛⲑⲟϥ"/>
		<feat xlink:href="#sSpan1320" value="ⲛ"/>
		<feat xlink:href="#sSpan1324" value="ⲡⲓ"/>
		<feat xlink:href="#sSpan1326" value="ⲣⲱⲙⲓ"/>
		<feat xlink:href="#sSpan1328" value="."/>
		<feat xlink:href="#sSpan1332" value="ⲫⲏ"/>
		<feat xlink:href="#sSpan1338" value="ⲉⲧⲉ"/>
		<feat xlink:href="#sSpan1342" value="ⲟⲩⲟⲛ"/>
		<feat xlink:href="#sSpan1346" value="ⲙⲁϣϫ"/>
		<feat xlink:href="#sSpan1350" value="ⲛ"/>
		<feat xlink:href="#sSpan1354" value="ⲛⲑⲟϥ"/>
		<feat xlink:href="#sSpan1356" value="ⲉ"/>
		<feat xlink:href="#sSpan1360" value="ⲥⲱⲧⲉⲙ"/>
		<feat xlink:href="#sSpan1362" value="ⲙⲁⲣⲉ"/>
		<feat xlink:href="#sSpan1366" value="ⲛⲑⲟϥ"/>
		<feat xlink:href="#sSpan1368" value="ⲥⲱⲧⲉⲙ"/>
		<feat xlink:href="#sSpan1370" value="ⲟⲩⲟϩ"/>
		<feat xlink:href="#sSpan1376" value="ϩⲟⲧⲉ"/>
		<feat xlink:href="#sSpan1380" value="ⲉⲧ"/>
		<feat xlink:href="#sSpan1384" value="ⲁ"/>
		<feat xlink:href="#sSpan1386" value="ⲛⲑⲱⲟⲩ"/>
		<feat xlink:href="#sSpan1388" value="ⲉⲓ"/>
		<feat xlink:href="#sSpan1390" value="ⲉϧⲟⲩⲛ"/>
		<feat xlink:href="#sSpan1394" value="ⲉ"/>
		<feat xlink:href="#sSpan1398" value="ⲡⲓ"/>
		<feat xlink:href="#sSpan1400" value="ⲏⲓ"/>
		<feat xlink:href="#sSpan1402" value="ⲉⲃⲟⲗ"/>
		<feat xlink:href="#sSpan1407" value="ϩⲁ"/>
		<feat xlink:href="#sSpan1411" value="ⲡⲓ"/>
		<feat xlink:href="#sSpan1413" value="ⲙⲏϣ"/>
		<feat xlink:href="#sSpan1415" value="ⲛⲁⲣⲉ"/>
		<feat xlink:href="#sSpan1419" value="ⲛⲑⲱⲟⲩ"/>
		<feat xlink:href="#sSpan1421" value="ϣⲓⲛⲓ"/>
		<feat xlink:href="#sSpan1423" value="ⲛ"/>
		<feat xlink:href="#sSpan1427" value="ⲛⲑⲟϥ"/>
		<feat xlink:href="#sSpan1429" value="ⲛϫⲉ"/>
		<feat xlink:href="#sSpan1433" value="ⲡⲉϥ"/>
		<feat xlink:href="#sSpan1436" value="ⲙⲁⲑⲏⲧⲏⲥ"/>
		<feat xlink:href="#sSpan1438" value="ⲉ"/>
		<feat xlink:href="#sSpan1442" value="ⲡⲓ"/>
		<feat xlink:href="#sSpan1445" value="ⲡⲁⲣⲁⲃⲟⲗⲏ"/>
		<feat xlink:href="#sSpan1447" value="ⲟⲩⲟϩ"/>
		<feat xlink:href="#sSpan1453" value="ⲡⲉϫⲉ"/>
		<feat xlink:href="#sSpan1457" value="ⲛⲑⲟϥ"/>
		<feat xlink:href="#sSpan1459" value="ⲛⲁ"/>
		<feat xlink:href="#sSpan1463" value="ⲛⲑⲱⲟⲩ"/>
		<feat xlink:href="#sSpan1465" value="ϫⲉ"/>
		<feat xlink:href="#sSpan1469" value="ⲫⲁⲓ"/>
		<feat xlink:href="#sSpan1471" value="ⲣⲏϯ"/>
		<feat xlink:href="#sSpan1473" value="ⲛⲑⲱⲧⲉⲛ"/>
		<feat xlink:href="#sSpan1477" value="ⲟⲩ"/>
		<feat xlink:href="#sSpan1482" value="ⲁⲧⲕⲁϯ"/>
		<feat xlink:href="#sSpan1485" value="ⲛⲑⲱⲧⲉⲛ"/>
		<feat xlink:href="#sSpan1489" value="ⲙⲡⲉ"/>
		<feat xlink:href="#sSpan1493" value="ⲛⲑⲱⲧⲉⲛ"/>
		<feat xlink:href="#sSpan1495" value="ⲕⲁϯ"/>
		<feat xlink:href="#sSpan1497" value="ϫⲉ"/>
		<feat xlink:href="#sSpan1501" value="ϩⲱⲃ"/>
		<feat xlink:href="#sSpan1503" value="ⲛⲓⲃⲉⲛ"/>
		<feat xlink:href="#sSpan1507" value="ⲉⲧⲉ"/>
		<feat xlink:href="#sSpan1511" value="ⲥⲁⲃⲟⲗ"/>
		<feat xlink:href="#sSpan1513" value="ⲉⲧⲉ"/>
		<feat xlink:href="#sSpan1517" value="ⲛⲁ"/>
		<feat xlink:href="#sSpan1519" value="ⲉϧⲟⲩⲛ"/>
		<feat xlink:href="#sSpan1523" value="ⲉ"/>
		<feat xlink:href="#sSpan1527" value="ⲣⲟ"/>
		<feat xlink:href="#sSpan1529" value="ⲛⲑⲟϥ"/>
		<feat xlink:href="#sSpan1531" value="ⲛ"/>
		<feat xlink:href="#sSpan1535" value="ⲡⲓ"/>
		<feat xlink:href="#sSpan1537" value="ⲣⲱⲙⲓ"/>
		<feat xlink:href="#sSpan1539" value="ⲙⲙⲟⲛ"/>
		<feat xlink:href="#sSpan1543" value="ϣϫⲟⲙ"/>
		<feat xlink:href="#sSpan1547" value="ⲛ"/>
		<feat xlink:href="#sSpan1551" value="ⲛⲑⲱⲟⲩ"/>
		<feat xlink:href="#sSpan1553" value="ⲉ"/>
		<feat xlink:href="#sSpan1557" value="ⲥⲱϥ"/>
		<feat xlink:href="#sSpan1559" value="ⲛⲑⲟϥ"/>
		<feat xlink:href="#sSpan1561" value="ϫⲉ"/>
		<feat xlink:href="#sSpan1567" value="ⲛⲑⲱⲟⲩ"/>
		<feat xlink:href="#sSpan1569" value="ⲛⲁ"/>
		<feat xlink:href="#sSpan1571" value="ⲉϧⲟⲩⲛ"/>
		<feat xlink:href="#sSpan1575" value="ⲉ"/>
		<feat xlink:href="#sSpan1579" value="ⲡⲉϥ"/>
		<feat xlink:href="#sSpan1581" value="ϩⲏⲧ"/>
		<feat xlink:href="#sSpan1583" value="ⲁⲛ"/>
		<feat xlink:href="#sSpan1588" value="ⲁⲗⲗⲁ"/>
		<feat xlink:href="#sSpan1592" value="ⲡⲉϥ"/>
		<feat xlink:href="#sSpan1596" value="ⲛⲉϫⲓ"/>
		<feat xlink:href="#sSpan1598" value="ⲟⲩⲟϩ"/>
		<feat xlink:href="#sSpan1602" value="ϣⲁⲣⲉ"/>
		<feat xlink:href="#sSpan1606" value="ⲛⲑⲱⲟⲩ"/>
		<feat xlink:href="#sSpan1608" value="ϣⲉ"/>
		<feat xlink:href="#sSpan1610" value="ⲛⲁ"/>
		<feat xlink:href="#sSpan1614" value="ⲛⲑⲱⲟⲩ"/>
		<feat xlink:href="#sSpan1616" value="ⲉ"/>
		<feat xlink:href="#sSpan1620" value="ⲡⲓ"/>
		<feat xlink:href="#sSpan1622" value="ⲙⲁ"/>
		<feat xlink:href="#sSpan1624" value="ⲛ"/>
		<feat xlink:href="#sSpan1628" value="ϩⲉⲙⲥⲓ"/>
		<feat xlink:href="#sSpan1630" value="ⲉⲣⲉ"/>
		<feat xlink:href="#sSpan1634" value="ⲛⲑⲟϥ"/>
		<feat xlink:href="#sSpan1636" value="ⲧⲟⲩⲃⲟ"/>
		<feat xlink:href="#sSpan1638" value="ⲛ"/>
		<feat xlink:href="#sSpan1642" value="ⲡⲓ"/>
		<feat xlink:href="#sSpan1644" value="ϧⲣⲉ"/>
		<feat xlink:href="#sSpan1646" value="ⲧⲏⲣ"/>
		<feat xlink:href="#sSpan1650" value="ⲛⲑⲱⲟⲩ"/>
		<feat xlink:href="#sSpan1652" value="."/>
		<feat xlink:href="#sSpan1656" value="ⲛⲁⲣⲉ"/>
		<feat xlink:href="#sSpan1662" value="ⲛⲑⲟϥ"/>
		<feat xlink:href="#sSpan1664" value="ϫⲱ"/>
		<feat xlink:href="#sSpan1667" value="ⲇⲉ"/>
		<feat xlink:href="#sSpan1671" value="ⲛ"/>
		<feat xlink:href="#sSpan1675" value="ⲛⲑⲟⲥ"/>
		<feat xlink:href="#sSpan1677" value="ϫⲉ"/>
		<feat xlink:href="#sSpan1681" value="ⲡ"/>
		<feat xlink:href="#sSpan1683" value="ⲉⲧⲉ"/>
		<feat xlink:href="#sSpan1685" value="ⲓ"/>
		<feat xlink:href="#sSpan1687" value="ⲉⲃⲟⲗ"/>
		<feat xlink:href="#sSpan1691" value="ϧⲉⲛ"/>
		<feat xlink:href="#sSpan1695" value="ⲣⲟ"/>
		<feat xlink:href="#sSpan1697" value="ⲛⲑⲟϥ"/>
		<feat xlink:href="#sSpan1699" value="ⲛ"/>
		<feat xlink:href="#sSpan1703" value="ⲡⲓ"/>
		<feat xlink:href="#sSpan1705" value="ⲣⲱⲓⲙⲓ"/>
		<feat xlink:href="#sSpan1707" value="ⲛⲑⲟϥ"/>
		<feat xlink:href="#sSpan1711" value="ⲉⲧⲉ"/>
		<feat xlink:href="#sSpan1715" value="ⲥⲱϥ"/>
		<feat xlink:href="#sSpan1717" value="ⲛ"/>
		<feat xlink:href="#sSpan1721" value="ⲡⲓ"/>
		<feat xlink:href="#sSpan1723" value="ⲣⲱⲙⲓ"/>
		<feat xlink:href="#sSpan1725" value="."/>
		<feat xlink:href="#sSpan1729" value="ⲉⲃⲟⲗ"/>
		<feat xlink:href="#sSpan1736" value="ⲅⲁⲣ"/>
		<feat xlink:href="#sSpan1740" value="ⲥⲁϧⲟⲩⲛ"/>
		<feat xlink:href="#sSpan1744" value="ⲉⲃⲟⲗ"/>
		<feat xlink:href="#sSpan1748" value="ϧⲉⲛ"/>
		<feat xlink:href="#sSpan1752" value="ⲡⲓ"/>
		<feat xlink:href="#sSpan1754" value="ϩⲏⲧ"/>
		<feat xlink:href="#sSpan1756" value="ⲛⲧⲉ"/>
		<feat xlink:href="#sSpan1760" value="ⲡⲓ"/>
		<feat xlink:href="#sSpan1762" value="ⲣⲱⲙⲓ"/>
		<feat xlink:href="#sSpan1764" value="ϣⲁⲣⲉ"/>
		<feat xlink:href="#sSpan1768" value="ⲛⲑⲱⲟⲩ"/>
		<feat xlink:href="#sSpan1770" value="ⲓ"/>
		<feat xlink:href="#sSpan1772" value="ⲉⲃⲟⲗ"/>
		<feat xlink:href="#sSpan1776" value="ⲛϫⲉ"/>
		<feat xlink:href="#sSpan1780" value="ⲡⲓ"/>
		<feat xlink:href="#sSpan1782" value="ⲙⲟⲕⲙⲉⲕ"/>
		<feat xlink:href="#sSpan1784" value="ⲉⲧⲉ"/>
		<feat xlink:href="#sSpan1788" value="ϩⲱⲟⲩ"/>
		<feat xlink:href="#sSpan1790" value="ⲡⲓ"/>
		<feat xlink:href="#sSpan1795" value="ⲡⲟⲣⲛⲓⲁ"/>
		<feat xlink:href="#sSpan1797" value="ⲡⲓ"/>
		<feat xlink:href="#sSpan1801" value="ϭⲓⲟⲩⲓ"/>
		<feat xlink:href="#sSpan1803" value="ⲡⲓ"/>
		<feat xlink:href="#sSpan1807" value="ϧⲱⲧⲉⲃ"/>
		<feat xlink:href="#sSpan1809" value="ⲡⲓ"/>
		<feat xlink:href="#sSpan1814" value="ⲙⲉⲧⲛⲱⲓⲕ"/>
		<feat xlink:href="#sSpan1817" value="."/>
		<feat xlink:href="#sSpan1821" value="ⲡⲓ"/>
		<feat xlink:href="#sSpan1828" value="ⲙⲉⲧϭⲓⲛϫⲟⲛⲥ"/>
		<feat xlink:href="#sSpan1833" value="ⲡⲓ"/>
		<feat xlink:href="#sSpan1838" value="ⲙⲉⲧⲡⲉⲧϩⲱⲟⲩ"/>
		<feat xlink:href="#sSpan1843" value="ⲡⲓ"/>
		<feat xlink:href="#sSpan1848" value="ⲙⲉⲧⲇⲟⲗⲟⲥ"/>
		<feat xlink:href="#sSpan1852" value="ⲡⲓ"/>
		<feat xlink:href="#sSpan1856" value="ⲥⲱϥ"/>
		<feat xlink:href="#sSpan1858" value="ⲡⲓ"/>
		<feat xlink:href="#sSpan1862" value="ⲃⲁⲗ"/>
		<feat xlink:href="#sSpan1864" value="ⲉⲧⲉ"/>
		<feat xlink:href="#sSpan1868" value="ϩⲱⲟⲩ"/>
		<feat xlink:href="#sSpan1870" value="ⲡⲓ"/>
		<feat xlink:href="#sSpan1875" value="ϫⲉⲟⲩⲁ"/>
		<feat xlink:href="#sSpan1878" value="ⲟⲩ"/>
		<feat xlink:href="#sSpan1882" value="ϭⲓⲥⲓ"/>
		<feat xlink:href="#sSpan1884" value="ⲛ"/>
		<feat xlink:href="#sSpan1888" value="ϩⲏ"/>
		<feat xlink:href="#sSpan1890" value="ⲟⲩ"/>
		<feat xlink:href="#sSpan1895" value="ⲙⲉⲧⲁⲧⲕⲁϯ"/>
		<feat xlink:href="#sSpan1899" value="ⲫⲁⲓ"/>
		<feat xlink:href="#sSpan1905" value="ⲧⲏⲣ"/>
		<feat xlink:href="#sSpan1909" value="ⲛⲑⲱⲟⲩ"/>
		<feat xlink:href="#sSpan1911" value="ⲉⲧⲉ"/>
		<feat xlink:href="#sSpan1915" value="ϩⲱⲟⲩ"/>
		<feat xlink:href="#sSpan1917" value="ⲉⲣⲉ"/>
		<feat xlink:href="#sSpan1921" value="ⲛⲑⲱⲟⲩ"/>
		<feat xlink:href="#sSpan1923" value="ⲓ"/>
		<feat xlink:href="#sSpan1925" value="ⲉⲃⲟⲗ"/>
		<feat xlink:href="#sSpan1929" value="ⲥⲁϧⲟⲩⲛ"/>
		<feat xlink:href="#sSpan1933" value="ⲟⲩⲟϩ"/>
		<feat xlink:href="#sSpan1937" value="ⲛⲑⲱⲟⲩ"/>
		<feat xlink:href="#sSpan1941" value="ⲥⲱϥ"/>
		<feat xlink:href="#sSpan1943" value="ⲛ"/>
		<feat xlink:href="#sSpan1947" value="ⲡⲓ"/>
		<feat xlink:href="#sSpan1949" value="ⲣⲱⲙⲓ"/>
		<feat xlink:href="#sSpan1951" value="."/>
		<feat xlink:href="#sSpan1955" value="ⲉⲧ"/>
		<feat xlink:href="#sSpan1961" value="ⲁ"/>
		<feat xlink:href="#sSpan1963" value="ⲛⲑⲟϥ"/>
		<feat xlink:href="#sSpan1965" value="ⲧⲱⲟⲩⲛ"/>
		<feat xlink:href="#sSpan1967" value="ⲛⲑⲟϥ"/>
		<feat xlink:href="#sSpan1970" value="ⲇⲉ"/>
		<feat xlink:href="#sSpan1974" value="ⲉⲃⲟⲗ"/>
		<feat xlink:href="#sSpan1978" value="ⲙⲙⲁⲩ"/>
		<feat xlink:href="#sSpan1982" value="ⲁ"/>
		<feat xlink:href="#sSpan1986" value="ⲛⲑⲟϥ"/>
		<feat xlink:href="#sSpan1988" value="ϣⲉ"/>
		<feat xlink:href="#sSpan1990" value="ⲛⲁ"/>
		<feat xlink:href="#sSpan1994" value="ⲛⲑⲟϥ"/>
		<feat xlink:href="#sSpan1996" value="ⲉ"/>
		<feat xlink:href="#sSpan2000" value="ⲡⲓ"/>
		<feat xlink:href="#sSpan2002" value="ⲥⲁ"/>
		<feat xlink:href="#sSpan2004" value="ⲛⲧⲉ"/>
		<feat xlink:href="#sSpan2009" value="ⲧⲩⲣⲟⲥ"/>
		<feat xlink:href="#sSpan2011" value="ⲛⲉⲙ"/>
		<feat xlink:href="#sSpan2015" value="ⲡ"/>
		<feat xlink:href="#sSpan2018" value="ⲥⲓⲇⲱⲛ"/>
		<feat xlink:href="#sSpan2020" value="ⲟⲩⲟϩ"/>
		<feat xlink:href="#sSpan2024" value="ⲉⲧ"/>
		<feat xlink:href="#sSpan2028" value="ⲁ"/>
		<feat xlink:href="#sSpan2030" value="ⲛⲑⲟϥ"/>
		<feat xlink:href="#sSpan2032" value="ϣⲉ"/>
		<feat xlink:href="#sSpan2034" value="ⲛⲁ"/>
		<feat xlink:href="#sSpan2038" value="ⲛⲑⲟϥ"/>
		<feat xlink:href="#sSpan2040" value="ⲉϧⲟⲩⲛ"/>
		<feat xlink:href="#sSpan2044" value="ⲉ"/>
		<feat xlink:href="#sSpan2048" value="ⲟⲩ"/>
		<feat xlink:href="#sSpan2050" value="ⲏⲓ"/>
		<feat xlink:href="#sSpan2052" value="ⲛⲁⲣⲉ"/>
		<feat xlink:href="#sSpan2056" value="ⲛⲑⲟϥ"/>
		<feat xlink:href="#sSpan2058" value="ⲟⲩⲱϣ"/>
		<feat xlink:href="#sSpan2060" value="ⲁⲛ"/>
		<feat xlink:href="#sSpan2064" value="ⲡⲉ"/>
		<feat xlink:href="#sSpan2068" value="ⲛⲧⲉ"/>
		<feat xlink:href="#sSpan2072" value="ϩⲗⲓ"/>
		<feat xlink:href="#sSpan2074" value="ⲉⲙⲓ"/>
		<feat xlink:href="#sSpan2078" value="ⲟⲩⲟϩ"/>
		<feat xlink:href="#sSpan2082" value="ⲙⲡⲉ"/>
		<feat xlink:href="#sSpan2086" value="ⲛⲑⲟϥ"/>
		<feat xlink:href="#sSpan2088" value="ϣ"/>
		<feat xlink:href="#sSpan2090" value="ϫⲉⲙϫⲟⲙ"/>
		<feat xlink:href="#sSpan2092" value="ⲛ"/>
		<feat xlink:href="#sSpan2096" value="ⲱⲃϣ"/>
		<feat xlink:href="#sSpan2098" value="ⲟⲩⲟϩ"/>
		<feat xlink:href="#sSpan2104" value="ⲥⲁⲧⲟⲧ"/>
		<feat xlink:href="#sSpan2108" value="ⲛⲑⲟⲥ"/>
		<feat xlink:href="#sSpan2110" value="ⲁ"/>
		<feat xlink:href="#sSpan2114" value="ⲛⲑⲟⲥ"/>
		<feat xlink:href="#sSpan2116" value="ⲥⲱⲧⲉⲙ"/>
		<feat xlink:href="#sSpan2118" value="ⲛϫⲉ"/>
		<feat xlink:href="#sSpan2122" value="ⲟⲩ"/>
		<feat xlink:href="#sSpan2124" value="ⲥϩⲓⲙⲓ"/>
		<feat xlink:href="#sSpan2126" value="ⲉⲑⲃⲏⲧ"/>
		<feat xlink:href="#sSpan2130" value="ⲛⲑⲟϥ"/>
		<feat xlink:href="#sSpan2132" value="ⲫⲏ"/>
		<feat xlink:href="#sSpan2136" value="ⲉⲧⲉ"/>
		<feat xlink:href="#sSpan2140" value="ⲟⲩⲟⲛ"/>
		<feat xlink:href="#sSpan2142" value="ⲟⲩ"/>
		<feat xlink:href="#sSpan2147" value="ⲡⲛⲉⲩⲙⲁ"/>
		<feat xlink:href="#sSpan2149" value="ⲛ"/>
		<feat xlink:href="#sSpan2154" value="ⲁⲕⲁⲑⲁⲣⲧⲟⲛ"/>
		<feat xlink:href="#sSpan2156" value="ⲛⲉⲙ"/>
		<feat xlink:href="#sSpan2160" value="ⲡⲉⲥ"/>
		<feat xlink:href="#sSpan2162" value="ϣⲏⲣⲓ"/>
		<feat xlink:href="#sSpan2164" value="ⲉⲧ"/>
		<feat xlink:href="#sSpan2168" value="ⲁ"/>
		<feat xlink:href="#sSpan2170" value="ⲛⲑⲟⲥ"/>
		<feat xlink:href="#sSpan2172" value="ⲓ"/>
		<feat xlink:href="#sSpan2174" value="ⲉϧⲟⲩⲛ"/>
		<feat xlink:href="#sSpan2178" value="ⲁ"/>
		<feat xlink:href="#sSpan2182" value="ⲛⲑⲟⲥ"/>
		<feat xlink:href="#sSpan2184" value="ϧⲓϯ"/>
		<feat xlink:href="#sSpan2186" value="ⲛⲑⲟⲥ"/>
		<feat xlink:href="#sSpan2188" value="ⲉϧⲣⲏⲓ"/>
		<feat xlink:href="#sSpan2192" value="ϧⲁ"/>
		<feat xlink:href="#sSpan2196" value="ⲡⲉϥ"/>
		<feat xlink:href="#sSpan2198" value="ϭⲁⲗⲟϫ"/>
		<feat xlink:href="#sSpan2200" value="ⲡⲓ"/>
		<feat xlink:href="#sSpan2206" value="ⲥϩⲓⲙⲓ"/>
		<feat xlink:href="#sSpan2209" value="ⲇⲉ"/>
		<feat xlink:href="#sSpan2213" value="ⲛⲁⲣⲉ"/>
		<feat xlink:href="#sSpan2218" value="ⲟⲩⲉⲓⲛⲓⲛ"/>
		<feat xlink:href="#sSpan2220" value="ⲛⲧⲉ"/>
		<feat xlink:href="#sSpan2224" value="ⲡ"/>
		<feat xlink:href="#sSpan2227" value="ⲥⲩⲣⲓⲁ"/>
		<feat xlink:href="#sSpan2229" value="ⲡⲉⲥ"/>
		<feat xlink:href="#sSpan2234" value="ⲅⲉⲛⲟⲥ"/>
		<feat xlink:href="#sSpan2236" value="ⲟⲩ"/>
		<feat xlink:href="#sSpan2240" value="ⲉⲃⲟⲗ"/>
		<feat xlink:href="#sSpan2242" value="ϧⲉⲛ"/>
		<feat xlink:href="#sSpan2246" value="ⲡⲓ"/>
		<feat xlink:href="#sSpan2249" value="ⲫⲟⲓⲛⲓⲕⲏ"/>
		<feat xlink:href="#sSpan2251" value="ⲡⲉ"/>
		<feat xlink:href="#sSpan2255" value="ⲟⲩⲟϩ"/>
		<feat xlink:href="#sSpan2259" value="ⲛⲁⲣⲉ"/>
		<feat xlink:href="#sSpan2263" value="ⲛⲑⲟⲥ"/>
		<feat xlink:href="#sSpan2266" value="ϯϩⲟ"/>
		<feat xlink:href="#sSpan2269" value="ⲉ"/>
		<feat xlink:href="#sSpan2273" value="ⲛⲑⲟϥ"/>
		<feat xlink:href="#sSpan2276" value="ϩⲓⲛⲁ"/>
		<feat xlink:href="#sSpan2280" value="ⲛⲧⲉ"/>
		<feat xlink:href="#sSpan2284" value="ⲛⲑⲟϥ"/>
		<feat xlink:href="#sSpan2287" value="ϩⲓⲇⲉⲙⲱⲛ"/>
		<feat xlink:href="#sSpan2290" value="ⲉⲃⲟⲗ"/>
		<feat xlink:href="#sSpan2294" value="ⲛ"/>
		<feat xlink:href="#sSpan2298" value="ⲡⲉⲥ"/>
		<feat xlink:href="#sSpan2300" value="ϣⲏⲣⲓ"/>
		<feat xlink:href="#sSpan2302" value="ⲟⲩⲟϩ"/>
		<feat xlink:href="#sSpan2308" value="ⲛⲁⲣⲉ"/>
		<feat xlink:href="#sSpan2312" value="ⲛⲑⲟϥ"/>
		<feat xlink:href="#sSpan2314" value="ϫⲱ"/>
		<feat xlink:href="#sSpan2316" value="ⲛ"/>
		<feat xlink:href="#sSpan2320" value="ⲛⲑⲟⲥ"/>
		<feat xlink:href="#sSpan2322" value="ⲛⲁ"/>
		<feat xlink:href="#sSpan2326" value="ⲛⲑⲟⲥ"/>
		<feat xlink:href="#sSpan2328" value="ϫⲉ"/>
		<feat xlink:href="#sSpan2332" value="ⲭⲱ"/>
		<feat xlink:href="#sSpan2334" value="ⲛⲑⲟⲥ"/>
		<feat xlink:href="#sSpan2336" value="ⲛ"/>
		<feat xlink:href="#sSpan2340" value="ϣⲟⲣⲡ"/>
		<feat xlink:href="#sSpan2342" value="ⲛⲧⲉ"/>
		<feat xlink:href="#sSpan2346" value="ⲛⲑⲱⲟⲩ"/>
		<feat xlink:href="#sSpan2348" value="ⲥⲓ"/>
		<feat xlink:href="#sSpan2350" value="ⲛϫⲉ"/>
		<feat xlink:href="#sSpan2354" value="ⲡⲓ"/>
		<feat xlink:href="#sSpan2356" value="ϣⲏⲣⲓ"/>
		<feat xlink:href="#sSpan2358" value="ⲟⲩ"/>
		<feat xlink:href="#sSpan2363" value="ⲅⲁⲣ"/>
		<feat xlink:href="#sSpan2367" value="ⲛⲁⲛⲉ"/>
		<feat xlink:href="#sSpan2371" value="ⲛⲑⲟⲥ"/>
		<feat xlink:href="#sSpan2373" value="ⲁⲛ"/>
		<feat xlink:href="#sSpan2377" value="ⲉ"/>
		<feat xlink:href="#sSpan2381" value="ⲱⲗⲓ"/>
		<feat xlink:href="#sSpan2383" value="ⲡ"/>
		<feat xlink:href="#sSpan2385" value="ⲱⲓⲕ"/>
		<feat xlink:href="#sSpan2387" value="ⲛ"/>
		<feat xlink:href="#sSpan2391" value="ⲡⲓ"/>
		<feat xlink:href="#sSpan2393" value="ϣⲏⲣⲓ"/>
		<feat xlink:href="#sSpan2395" value="ⲉ"/>
		<feat xlink:href="#sSpan2399" value="ϯ"/>
		<feat xlink:href="#sSpan2401" value="ⲛⲑⲟϥ"/>
		<feat xlink:href="#sSpan2403" value="ⲛ"/>
		<feat xlink:href="#sSpan2407" value="ⲡⲓ"/>
		<feat xlink:href="#sSpan2409" value="ⲟⲩϩⲟⲣ"/>
		<feat xlink:href="#sSpan2411" value="."/>
		<feat xlink:href="#sSpan2416" value="ⲛⲑⲟⲥ"/>
		<feat xlink:href="#sSpan2423" value="ⲇⲉ"/>
		<feat xlink:href="#sSpan2427" value="ⲁ"/>
		<feat xlink:href="#sSpan2431" value="ⲛⲑⲟⲥ"/>
		<feat xlink:href="#sSpan2434" value="ⲉⲣⲟⲩⲱ"/>
		<feat xlink:href="#sSpan2437" value="ⲡⲉϫⲉ"/>
		<feat xlink:href="#sSpan2441" value="ⲛⲑⲟⲥ"/>
		<feat xlink:href="#sSpan2443" value="ⲛⲁ"/>
		<feat xlink:href="#sSpan2447" value="ⲛⲑⲟϥ"/>
		<feat xlink:href="#sSpan2449" value="ϫⲉ"/>
		<feat xlink:href="#sSpan2453" value="ⲥⲉ"/>
		<feat xlink:href="#sSpan2455" value="ⲡⲁ"/>
		<feat xlink:href="#sSpan2459" value="ϭⲟⲓⲥ"/>
		<feat xlink:href="#sSpan2461" value="ⲡⲓ"/>
		<feat xlink:href="#sSpan2465" value="ⲕⲉ"/>
		<feat xlink:href="#sSpan2467" value="ⲟⲩϩⲟⲣ"/>
		<feat xlink:href="#sSpan2469" value="ⲛⲑⲱⲟⲩ"/>
		<feat xlink:href="#sSpan2473" value="ⲟⲩⲱⲙ"/>
		<feat xlink:href="#sSpan2475" value="ⲉϧⲣⲏⲓ"/>
		<feat xlink:href="#sSpan2479" value="ⲛ"/>
		<feat xlink:href="#sSpan2483" value="ⲡⲓ"/>
		<feat xlink:href="#sSpan2486" value="ⲧⲣⲁⲡⲉⲍⲁ"/>
		<feat xlink:href="#sSpan2488" value="ⲉⲃⲟⲗ"/>
		<feat xlink:href="#sSpan2492" value="ϧⲉⲛ"/>
		<feat xlink:href="#sSpan2496" value="ⲡⲓ"/>
		<feat xlink:href="#sSpan2498" value="ⲗⲉϥⲗⲓϥⲓ"/>
		<feat xlink:href="#sSpan2500" value="ⲛⲧⲉ"/>
		<feat xlink:href="#sSpan2504" value="ⲡⲓ"/>
		<feat xlink:href="#sSpan2506" value="ⲁⲗⲟⲩ"/>
		<feat xlink:href="#sSpan2508" value="."/>
		<feat xlink:href="#sSpan2512" value="ⲟⲩⲟϩ"/>
		<feat xlink:href="#sSpan2518" value="ⲡⲉϫⲉ"/>
		<feat xlink:href="#sSpan2522" value="ⲛⲑⲟϥ"/>
		<feat xlink:href="#sSpan2524" value="ⲛⲁ"/>
		<feat xlink:href="#sSpan2528" value="ⲛⲑⲟⲥ"/>
		<feat xlink:href="#sSpan2530" value="ϫⲉ"/>
		<feat xlink:href="#sSpan2534" value="ⲉⲑⲃⲉ"/>
		<feat xlink:href="#sSpan2536" value="ⲡⲁⲓ"/>
		<feat xlink:href="#sSpan2538" value="ⲥⲁϫⲓ"/>
		<feat xlink:href="#sSpan2540" value="ϣⲉ"/>
		<feat xlink:href="#sSpan2544" value="ⲛⲁ"/>
		<feat xlink:href="#sSpan2548" value="ⲛⲑⲟ"/>
		<feat xlink:href="#sSpan2551" value="ⲁ"/>
		<feat xlink:href="#sSpan2555" value="ⲛⲑⲟϥ"/>
		<feat xlink:href="#sSpan2557" value="ϣⲉ"/>
		<feat xlink:href="#sSpan2559" value="ⲛⲁ"/>
		<feat xlink:href="#sSpan2563" value="ⲛⲑⲟϥ"/>
		<feat xlink:href="#sSpan2565" value="ⲉⲃⲟⲗ"/>
		<feat xlink:href="#sSpan2569" value="ϩⲓ"/>
		<feat xlink:href="#sSpan2573" value="ⲡⲉ"/>
		<feat xlink:href="#sSpan2575" value="ϣⲏⲣⲓ"/>
		<feat xlink:href="#sSpan2577" value="ⲛϫⲉ"/>
		<feat xlink:href="#sSpan2581" value="ⲡⲓ"/>
		<feat xlink:href="#sSpan2584" value="ⲇⲁⲓⲙⲱⲛ"/>
		<feat xlink:href="#sSpan2586" value="."/>
		<feat xlink:href="#sSpan2590" value="ⲟⲩⲟϩ"/>
		<feat xlink:href="#sSpan2596" value="ⲉⲧ"/>
		<feat xlink:href="#sSpan2600" value="ⲁ"/>
		<feat xlink:href="#sSpan2602" value="ⲛⲑⲟⲥ"/>
		<feat xlink:href="#sSpan2604" value="ϣⲉ"/>
		<feat xlink:href="#sSpan2606" value="ⲛⲁ"/>
		<feat xlink:href="#sSpan2610" value="ⲛⲑⲟⲥ"/>
		<feat xlink:href="#sSpan2612" value="ⲉ"/>
		<feat xlink:href="#sSpan2616" value="ⲡⲉⲥ"/>
		<feat xlink:href="#sSpan2618" value="ⲏⲓ"/>
		<feat xlink:href="#sSpan2620" value="ⲁ"/>
		<feat xlink:href="#sSpan2624" value="ⲛⲑⲟⲥ"/>
		<feat xlink:href="#sSpan2626" value="ϫⲓⲙⲓ"/>
		<feat xlink:href="#sSpan2628" value="ⲛ"/>
		<feat xlink:href="#sSpan2632" value="ⲡⲓ"/>
		<feat xlink:href="#sSpan2634" value="ⲁⲗⲟⲩ"/>
		<feat xlink:href="#sSpan2636" value="ϩⲓϫⲉⲛ"/>
		<feat xlink:href="#sSpan2640" value="ⲡⲓ"/>
		<feat xlink:href="#sSpan2642" value="ϭⲗⲟϫ"/>
		<feat xlink:href="#sSpan2644" value="ⲟⲩⲟϩ"/>
		<feat xlink:href="#sSpan2648" value="ⲡⲓ"/>
		<feat xlink:href="#sSpan2653" value="ⲇⲁⲓⲙⲱⲛ"/>
		<feat xlink:href="#sSpan2655" value="ⲁ"/>
		<feat xlink:href="#sSpan2659" value="ⲛⲑⲟϥ"/>
		<feat xlink:href="#sSpan2661" value="ϣⲉ"/>
		<feat xlink:href="#sSpan2663" value="ⲛⲁ"/>
		<feat xlink:href="#sSpan2667" value="ⲛⲑⲟϥ"/>
		<feat xlink:href="#sSpan2669" value="ⲉⲃⲟⲗ"/>
		<feat xlink:href="#sSpan2673" value="ϩⲓ"/>
		<feat xlink:href="#sSpan2677" value="ⲛⲑⲟⲥ"/>
		<feat xlink:href="#sSpan2679" value="."/>
		<feat xlink:href="#sSpan2683" value="ⲟⲩⲟϩ"/>
		<feat xlink:href="#sSpan2689" value="ⲉⲧ"/>
		<feat xlink:href="#sSpan2693" value="ⲁ"/>
		<feat xlink:href="#sSpan2695" value="ⲛⲑⲟϥ"/>
		<feat xlink:href="#sSpan2697" value="ⲓ"/>
		<feat xlink:href="#sSpan2699" value="ⲟⲛ"/>
		<feat xlink:href="#sSpan2703" value="ⲉⲃⲟⲗ"/>
		<feat xlink:href="#sSpan2707" value="ϧⲉⲛ"/>
		<feat xlink:href="#sSpan2711" value="ⲡⲓ"/>
		<feat xlink:href="#sSpan2713" value="ⲑⲟϣ"/>
		<feat xlink:href="#sSpan2715" value="ⲛⲧⲉ"/>
		<feat xlink:href="#sSpan2720" value="ⲧⲩⲣⲟⲥ"/>
		<feat xlink:href="#sSpan2722" value="ⲛⲁⲣⲉ"/>
		<feat xlink:href="#sSpan2726" value="ⲛⲑⲟϥ"/>
		<feat xlink:href="#sSpan2728" value="ⲥⲓⲛⲓ"/>
		<feat xlink:href="#sSpan2730" value="ⲉⲃⲟⲗ"/>
		<feat xlink:href="#sSpan2734" value="ϩⲓⲧⲉⲛ"/>
		<feat xlink:href="#sSpan2738" value="ⲡ"/>
		<feat xlink:href="#sSpan2741" value="ⲥⲓⲇⲱⲛ"/>
		<feat xlink:href="#sSpan2743" value="ⲉ"/>
		<feat xlink:href="#sSpan2747" value="ⲡ"/>
		<feat xlink:href="#sSpan2749" value="ⲓⲟⲙ"/>
		<feat xlink:href="#sSpan2751" value="ⲛⲧⲉ"/>
		<feat xlink:href="#sSpan2755" value="ⲡⲓ"/>
		<feat xlink:href="#sSpan2758" value="ⲅⲁⲗⲓⲗⲉⲁ"/>
		<feat xlink:href="#sSpan2761" value="ⲟⲩⲧⲉ"/>
		<feat xlink:href="#sSpan2765" value="ⲡⲓ"/>
		<feat xlink:href="#sSpan2769" value="ⲑⲟϣ"/>
		<feat xlink:href="#sSpan2771" value="ⲛⲧⲉ"/>
		<feat xlink:href="#sSpan2775" value="ⲡⲓ"/>
		<feat xlink:href="#sSpan2777" value="ⲙⲏϯ"/>
		<feat xlink:href="#sSpan2779" value="ⲛ"/>
		<feat xlink:href="#sSpan2783" value="ⲃⲁⲕⲓ"/>
		<feat xlink:href="#sSpan2785" value="ⲟⲩⲟϩ"/>
		<feat xlink:href="#sSpan2791" value="ⲁ"/>
		<feat xlink:href="#sSpan2795" value="ⲛⲑⲱⲟⲩ"/>
		<feat xlink:href="#sSpan2797" value="ⲓⲛⲓ"/>
		<feat xlink:href="#sSpan2799" value="ⲛⲁ"/>
		<feat xlink:href="#sSpan2803" value="ⲛⲑⲟϥ"/>
		<feat xlink:href="#sSpan2805" value="ⲛ"/>
		<feat xlink:href="#sSpan2809" value="ⲟⲩ"/>
		<feat xlink:href="#sSpan2811" value="ⲕⲟⲩⲣ"/>
		<feat xlink:href="#sSpan2813" value="ⲛ"/>
		<feat xlink:href="#sSpan2817" value="ⲉⲃⲟ"/>
		<feat xlink:href="#sSpan2819" value="ⲟⲩⲟϩ"/>
		<feat xlink:href="#sSpan2823" value="ⲁ"/>
		<feat xlink:href="#sSpan2827" value="ⲛⲑⲱⲟⲩ"/>
		<feat xlink:href="#sSpan2830" value="ϯϩⲟ"/>
		<feat xlink:href="#sSpan2833" value="ⲉ"/>
		<feat xlink:href="#sSpan2837" value="ⲛⲑⲟϥ"/>
		<feat xlink:href="#sSpan2840" value="ϩⲓⲛⲁ"/>
		<feat xlink:href="#sSpan2844" value="ⲛⲧⲉ"/>
		<feat xlink:href="#sSpan2848" value="ⲛⲑⲟϥ"/>
		<feat xlink:href="#sSpan2851" value="ⲭⲁϫⲓϫ"/>
		<feat xlink:href="#sSpan2854" value="ϩⲓϫⲱ"/>
		<feat xlink:href="#sSpan2858" value="ⲛⲑⲟϥ"/>
		<feat xlink:href="#sSpan2860" value="."/>
		<feat xlink:href="#sSpan2864" value="ⲟⲩⲟϩ"/>
		<feat xlink:href="#sSpan2870" value="ⲁ"/>
		<feat xlink:href="#sSpan2874" value="ⲛⲑⲟϥ"/>
		<feat xlink:href="#sSpan2876" value="ⲱⲗⲓ"/>
		<feat xlink:href="#sSpan2878" value="ⲛⲑⲟϥ"/>
		<feat xlink:href="#sSpan2880" value="ⲥⲁ"/>
		<feat xlink:href="#sSpan2884" value="ⲡ"/>
		<feat xlink:href="#sSpan2886" value="ⲥⲁ"/>
		<feat xlink:href="#sSpan2888" value="ⲉⲃⲟⲗ"/>
		<feat xlink:href="#sSpan2893" value="ϩⲁ"/>
		<feat xlink:href="#sSpan2897" value="ⲡⲓ"/>
		<feat xlink:href="#sSpan2899" value="ⲙⲏϣ"/>
		<feat xlink:href="#sSpan2901" value="ⲁ"/>
		<feat xlink:href="#sSpan2905" value="ⲛⲑⲟϥ"/>
		<feat xlink:href="#sSpan2907" value="ϩⲓⲟⲩⲓ"/>
		<feat xlink:href="#sSpan2909" value="ⲡⲉϥ"/>
		<feat xlink:href="#sSpan2911" value="ⲧⲏⲃ"/>
		<feat xlink:href="#sSpan2913" value="ⲉϧⲟⲩⲛ"/>
		<feat xlink:href="#sSpan2917" value="ⲉ"/>
		<feat xlink:href="#sSpan2921" value="ⲡⲉϥ"/>
		<feat xlink:href="#sSpan2923" value="ⲙⲁϣϫ"/>
		<feat xlink:href="#sSpan2925" value="ⲟⲩⲟϩ"/>
		<feat xlink:href="#sSpan2929" value="ⲉⲧ"/>
		<feat xlink:href="#sSpan2933" value="ⲁ"/>
		<feat xlink:href="#sSpan2935" value="ⲛⲑⲟϥ"/>
		<feat xlink:href="#sSpan2938" value="ϩⲓⲑⲁϥ"/>
		<feat xlink:href="#sSpan2941" value="ⲁ"/>
		<feat xlink:href="#sSpan2945" value="ⲛⲑⲟϥ"/>
		<feat xlink:href="#sSpan2947" value="ϭⲓ"/>
		<feat xlink:href="#sSpan2949" value="ⲛⲉⲙ"/>
		<feat xlink:href="#sSpan2953" value="ⲡⲉϥ"/>
		<feat xlink:href="#sSpan2955" value="ⲗⲁⲥ"/>
		<feat xlink:href="#sSpan2957" value="ⲟⲩⲟϩ"/>
		<feat xlink:href="#sSpan2963" value="ⲉⲧ"/>
		<feat xlink:href="#sSpan2967" value="ⲁ"/>
		<feat xlink:href="#sSpan2969" value="ⲛⲑⲟϥ"/>
		<feat xlink:href="#sSpan2971" value="ϫⲟⲩϣⲧ"/>
		<feat xlink:href="#sSpan2973" value="ⲉ"/>
		<feat xlink:href="#sSpan2977" value="ⲡ"/>
		<feat xlink:href="#sSpan2979" value="ϣⲱⲓ"/>
		<feat xlink:href="#sSpan2981" value="ⲉ"/>
		<feat xlink:href="#sSpan2985" value="ⲡ"/>
		<feat xlink:href="#sSpan2987" value="ⲫⲉ"/>
		<feat xlink:href="#sSpan2989" value="ⲁ"/>
		<feat xlink:href="#sSpan2993" value="ⲛⲑⲟϥ"/>
		<feat xlink:href="#sSpan2996" value="ϥⲓⲁϩⲟⲙ"/>
		<feat xlink:href="#sSpan2999" value="ⲟⲩⲟϩ"/>
		<feat xlink:href="#sSpan3003" value="ⲡⲉϫⲉ"/>
		<feat xlink:href="#sSpan3007" value="ⲛⲑⲟϥ"/>
		<feat xlink:href="#sSpan3009" value="ⲛⲁ"/>
		<feat xlink:href="#sSpan3013" value="ⲛⲑⲟϥ"/>
		<feat xlink:href="#sSpan3015" value="ϫⲉ"/>
		<feat xlink:href="#sSpan3020" value="ⲉⲡⲫⲁⲑⲁ"/>
		<feat xlink:href="#sSpan3022" value="ⲉⲧⲉ"/>
		<feat xlink:href="#sSpan3026" value="ⲫⲁⲓ"/>
		<feat xlink:href="#sSpan3028" value="ⲡⲉ"/>
		<feat xlink:href="#sSpan3032" value="ϫⲉ"/>
		<feat xlink:href="#sSpan3036" value="ⲟⲩⲱⲛ"/>
		<feat xlink:href="#sSpan3038" value="."/>
		<feat xlink:href="#sSpan3042" value="ⲟⲩⲟϩ"/>
		<feat xlink:href="#sSpan3048" value="ⲁ"/>
		<feat xlink:href="#sSpan3052" value="ⲛⲑⲱⲟⲩ"/>
		<feat xlink:href="#sSpan3054" value="ⲟⲩⲱⲛ"/>
		<feat xlink:href="#sSpan3056" value="ⲛϫⲉ"/>
		<feat xlink:href="#sSpan3060" value="ⲡⲉϥ"/>
		<feat xlink:href="#sSpan3062" value="ⲙⲁϣϫ"/>
		<feat xlink:href="#sSpan3064" value="ⲟⲩⲟϩ"/>
		<feat xlink:href="#sSpan3068" value="ⲁ"/>
		<feat xlink:href="#sSpan3072" value="ⲛⲑⲟϥ"/>
		<feat xlink:href="#sSpan3075" value="ϯⲟⲩⲱ"/>
		<feat xlink:href="#sSpan3078" value="ⲛϫⲉ"/>
		<feat xlink:href="#sSpan3082" value="ⲡⲓ"/>
		<feat xlink:href="#sSpan3084" value="ⲥⲛⲁϩ"/>
		<feat xlink:href="#sSpan3086" value="ⲛⲧⲉ"/>
		<feat xlink:href="#sSpan3090" value="ⲡⲉϥ"/>
		<feat xlink:href="#sSpan3092" value="ⲗⲁⲥ"/>
		<feat xlink:href="#sSpan3094" value="ⲟⲩⲟϩ"/>
		<feat xlink:href="#sSpan3098" value="ⲛⲁⲣⲉ"/>
		<feat xlink:href="#sSpan3102" value="ⲛⲑⲟϥ"/>
		<feat xlink:href="#sSpan3104" value="ⲥⲁϫⲓ"/>
		<feat xlink:href="#sSpan3106" value="ⲡⲉ"/>
		<feat xlink:href="#sSpan3110" value="ⲉⲣⲉ"/>
		<feat xlink:href="#sSpan3114" value="ⲛⲑⲟϥ"/>
		<feat xlink:href="#sSpan3116" value="ⲥⲱⲟⲩⲧⲉⲛ"/>
		<feat xlink:href="#sSpan3118" value="ⲟⲩⲟϩ"/>
		<feat xlink:href="#sSpan3124" value="ⲁ"/>
		<feat xlink:href="#sSpan3128" value="ⲛⲑⲟϥ"/>
		<feat xlink:href="#sSpan3130" value="ϩⲟⲛϩⲉⲛ"/>
		<feat xlink:href="#sSpan3132" value="ⲉⲧⲉⲛ"/>
		<feat xlink:href="#sSpan3136" value="ⲛⲑⲱⲟⲩ"/>
		<feat xlink:href="#sSpan3139" value="ϩⲓⲛⲁ"/>
		<feat xlink:href="#sSpan3143" value="ⲛⲧⲉ"/>
		<feat xlink:href="#sSpan3147" value="ⲛⲑⲱⲟⲩ"/>
		<feat xlink:href="#sSpan3149" value="ϣⲧⲉⲙ"/>
		<feat xlink:href="#sSpan3151" value="ϫⲟ"/>
		<feat xlink:href="#sSpan3153" value="ⲛⲑⲟⲥ"/>
		<feat xlink:href="#sSpan3155" value="ⲛ"/>
		<feat xlink:href="#sSpan3159" value="ϩⲗⲓ"/>
		<feat xlink:href="#sSpan3161" value="ϩⲟⲥⲇⲉ"/>
		<feat xlink:href="#sSpan3166" value="ⲙⲁⲗⲗⲟⲛ"/>
		<feat xlink:href="#sSpan3170" value="ⲛⲁⲣⲉ"/>
		<feat xlink:href="#sSpan3174" value="ⲛⲑⲱⲟⲩ"/>
		<feat xlink:href="#sSpan3177" value="ϩⲓⲱⲓϣ"/>
		<feat xlink:href="#sSpan3180" value="ⲛ"/>
		<feat xlink:href="#sSpan3184" value="ϩⲟⲩⲟ"/>
		<feat xlink:href="#sSpan3186" value="ⲛⲁⲣⲉ"/>
		<feat xlink:href="#sSpan3192" value="ⲛⲑⲱⲟⲩ"/>
		<feat xlink:href="#sSpan3195" value="ⲉⲣϣⲫⲏⲣⲓ"/>
		<feat xlink:href="#sSpan3198" value="ⲉⲣⲉ"/>
		<feat xlink:href="#sSpan3202" value="ⲛⲑⲱⲟⲩ"/>
		<feat xlink:href="#sSpan3204" value="ϫⲱ"/>
		<feat xlink:href="#sSpan3206" value="ⲛ"/>
		<feat xlink:href="#sSpan3210" value="ⲛⲑⲟⲥ"/>
		<feat xlink:href="#sSpan3212" value="ϫⲉ"/>
		<feat xlink:href="#sSpan3217" value="ⲕⲁⲗⲱⲥ"/>
		<feat xlink:href="#sSpan3219" value="ⲁ"/>
		<feat xlink:href="#sSpan3223" value="ⲛⲑⲟϥ"/>
		<feat xlink:href="#sSpan3225" value="ⲓⲣⲓ"/>
		<feat xlink:href="#sSpan3227" value="ⲛⲑⲱⲟⲩ"/>
		<feat xlink:href="#sSpan3229" value="ⲧⲏⲣ"/>
		<feat xlink:href="#sSpan3233" value="ⲛⲑⲱⲟⲩ"/>
		<feat xlink:href="#sSpan3235" value="ⲉⲧⲉ"/>
		<feat xlink:href="#sSpan3239" value="ⲁ"/>
		<feat xlink:href="#sSpan3241" value="ⲛⲑⲟϥ"/>
		<feat xlink:href="#sSpan3243" value="ⲑⲣⲉ"/>
		<feat xlink:href="#sSpan3245" value="ⲡⲓ"/>
		<feat xlink:href="#sSpan3247" value="ⲕⲟⲩⲣ"/>
		<feat xlink:href="#sSpan3249" value="ⲥⲱⲧⲉⲙ"/>
		<feat xlink:href="#sSpan3253" value="ⲟⲩⲟϩ"/>
		<feat xlink:href="#sSpan3257" value="ⲡⲓ"/>
		<feat xlink:href="#sSpan3262" value="ⲁⲧⲥⲁϫⲓ"/>
		<feat xlink:href="#sSpan3265" value="ⲛⲧⲉ"/>
		<feat xlink:href="#sSpan3269" value="ⲛⲑⲱⲟⲩ"/>
		<feat xlink:href="#sSpan3271" value="ⲥⲁϫⲓ"/>
		<feat xlink:href="#sSpan3273" value="."/></featList></paula>