<?xml version='1.0' encoding='UTF-8'?><!DOCTYPE paula SYSTEM "paula_feat.dtd">
<paula version="1.1">
	<header paula_id="scriptorium.bohairic.Mark_01.mark_lang"/>
	<featList xmlns:xlink="http://www.w3.org/1999/xlink" type="lang" xml:base="scriptorium.bohairic.Mark_01.mark.xml">
		<feat xlink:href="#sSpan7" value="Greek"/>
		<feat xlink:href="#sSpan16" value="Greek"/>
		<feat xlink:href="#sSpan23" value="Hebrew"/>
		<feat xlink:href="#sSpan30" value="Greek"/>
		<feat xlink:href="#sSpan51" value="Greek"/>
		<feat xlink:href="#sSpan72" value="Hebrew"/>
		<feat xlink:href="#sSpan79" value="Greek"/>
		<feat xlink:href="#sSpan102" value="Greek"/>
		<feat xlink:href="#sSpan228" value="Greek"/>
		<feat xlink:href="#sSpan237" value="Hebrew"/>
		<feat xlink:href="#sSpan283" value="Greek"/>
		<feat xlink:href="#sSpan342" value="Hebrew"/>
		<feat xlink:href="#sSpan355" value="Greek"/>
		<feat xlink:href="#sSpan364" value="Hebrew"/>
		<feat xlink:href="#sSpan399" value="Hebrew"/>
		<feat xlink:href="#sSpan432" value="Hebrew"/>
		<feat xlink:href="#sSpan439" value="Greek"/>
		<feat xlink:href="#sSpan690" value="Greek"/>
		<feat xlink:href="#sSpan711" value="Greek"/>
		<feat xlink:href="#sSpan766" value="Hebrew"/>
		<feat xlink:href="#sSpan777" value="Hebrew"/>
		<feat xlink:href="#sSpan786" value="Hebrew"/>
		<feat xlink:href="#sSpan809" value="Hebrew"/>
		<feat xlink:href="#sSpan822" value="Hebrew"/>
		<feat xlink:href="#sSpan900" value="Greek"/>
		<feat xlink:href="#sSpan1027" value="Greek"/>
		<feat xlink:href="#sSpan1104" value="Greek"/>
		<feat xlink:href="#sSpan1117" value="Hebrew"/>
		<feat xlink:href="#sSpan1142" value="Greek"/>
		<feat xlink:href="#sSpan1153" value="Greek"/>
		<feat xlink:href="#sSpan1186" value="Greek"/>
		<feat xlink:href="#sSpan1195" value="Hebrew"/>
		<feat xlink:href="#sSpan1210" value="Hebrew"/>
		<feat xlink:href="#sSpan1219" value="Hebrew"/>
		<feat xlink:href="#sSpan1238" value="Greek"/>
		<feat xlink:href="#sSpan1327" value="Greek"/>
		<feat xlink:href="#sSpan1342" value="Greek"/>
		<feat xlink:href="#sSpan1386" value="Hebrew"/>
		<feat xlink:href="#sSpan1401" value="Hebrew"/>
		<feat xlink:href="#sSpan1408" value="Greek"/>
		<feat xlink:href="#sSpan1421" value="Hebrew"/>
		<feat xlink:href="#sSpan1454" value="Greek"/>
		<feat xlink:href="#sSpan1497" value="Hebrew"/>
		<feat xlink:href="#sSpan1635" value="Hebrew"/>
		<feat xlink:href="#sSpan1648" value="Hebrew"/>
		<feat xlink:href="#sSpan1655" value="Hebrew"/>
		<feat xlink:href="#sSpan1756" value="Hebrew"/>
		<feat xlink:href="#sSpan1775" value="Greek"/>
		<feat xlink:href="#sSpan1834" value="Hebrew"/>
		<feat xlink:href="#sSpan1863" value="Hebrew"/>
		<feat xlink:href="#sSpan1872" value="Greek"/>
		<feat xlink:href="#sSpan1909" value="Greek"/>
		<feat xlink:href="#sSpan1924" value="Greek"/>
		<feat xlink:href="#sSpan1999" value="Greek"/>
		<feat xlink:href="#sSpan2012" value="Greek"/>
		<feat xlink:href="#sSpan2019" value="Greek"/>
		<feat xlink:href="#sSpan2069" value="Hebrew"/>
		<feat xlink:href="#sSpan2082" value="Hebrew"/>
		<feat xlink:href="#sSpan2127" value="Greek"/>
		<feat xlink:href="#sSpan2168" value="Hebrew"/>
		<feat xlink:href="#sSpan2239" value="Greek"/>
		<feat xlink:href="#sSpan2246" value="Greek"/>
		<feat xlink:href="#sSpan2320" value="Greek"/>
		<feat xlink:href="#sSpan2411" value="Greek"/>
		<feat xlink:href="#sSpan2418" value="Greek"/>
		<feat xlink:href="#sSpan2462" value="Greek"/>
		<feat xlink:href="#sSpan2477" value="Hebrew"/>
		<feat xlink:href="#sSpan2516" value="Greek"/>
		<feat xlink:href="#sSpan2543" value="Hebrew"/>
		<feat xlink:href="#sSpan2550" value="Greek"/>
		<feat xlink:href="#sSpan2557" value="Hebrew"/>
		<feat xlink:href="#sSpan2564" value="Hebrew"/>
		<feat xlink:href="#sSpan2581" value="Greek"/>
		<feat xlink:href="#sSpan2590" value="Hebrew"/>
		<feat xlink:href="#sSpan2746" value="Greek"/>
		<feat xlink:href="#sSpan2755" value="Greek"/>
		<feat xlink:href="#sSpan2816" value="Greek"/>
		<feat xlink:href="#sSpan2937" value="Greek"/>
		<feat xlink:href="#sSpan2962" value="Greek"/>
		<feat xlink:href="#sSpan2985" value="Greek"/>
		<feat xlink:href="#sSpan3018" value="Greek"/>
		<feat xlink:href="#sSpan3099" value="Greek"/>
		<feat xlink:href="#sSpan3128" value="Hebrew"/>
		<feat xlink:href="#sSpan3235" value="Greek"/>
		<feat xlink:href="#sSpan3250" value="Greek"/>
		<feat xlink:href="#sSpan3285" value="Greek"/>
		<feat xlink:href="#sSpan3330" value="Greek"/>
		<feat xlink:href="#sSpan3339" value="Hebrew"/>
		<feat xlink:href="#sSpan3356" value="Greek"/>
		<feat xlink:href="#sSpan3713" value="Greek"/>
		<feat xlink:href="#sSpan3756" value="Greek"/>
		<feat xlink:href="#sSpan3781" value="Hebrew"/>
		<feat xlink:href="#sSpan3822" value="Greek"/>
		<feat xlink:href="#sSpan3887" value="Greek"/>
		<feat xlink:href="#sSpan3926" value="Greek"/></featList></paula>