<?xml version='1.0' encoding='UTF-8'?><!DOCTYPE paula SYSTEM "paula_feat.dtd">
<paula version="1.1">
	<header paula_id="scriptorium.01_Genesis_19.mark_vname"/>
	<featList xmlns:xlink="http://www.w3.org/1999/xlink" type="vname" xml:base="scriptorium.01_Genesis_19.mark.xml">
		<feat xlink:href="#sSpan1" value="Genesis 19:12"/>
		<feat xlink:href="#sSpan19" value="Genesis 19:13"/>
		<feat xlink:href="#sSpan60" value="Genesis 19:14"/>
		<feat xlink:href="#sSpan142" value="Genesis 19:15"/>
		<feat xlink:href="#sSpan165" value="Genesis 19:17"/>
		<feat xlink:href="#sSpan204" value="Genesis 19:18"/>
		<feat xlink:href="#sSpan220" value="Genesis 19:19"/>
		<feat xlink:href="#sSpan303" value="Genesis 19:20"/>
		<feat xlink:href="#sSpan318" value="Genesis 19:34"/>
		<feat xlink:href="#sSpan367" value="Genesis 19:35"/>
		<feat xlink:href="#sSpan433" value="Genesis 19:36"/></featList></paula>