<?xml version='1.0' encoding='UTF-8'?><!DOCTYPE paula SYSTEM "paula_feat.dtd">
<paula version="1.1">
	<header paula_id="scriptorium.life.pisentius.01.mark_ed_line_n"/>
	<featList xmlns:xlink="http://www.w3.org/1999/xlink" type="ed_line_n" xml:base="scriptorium.life.pisentius.01.mark.xml">
		<feat xlink:href="#sSpan6" value="1"/>
		<feat xlink:href="#sSpan40" value="2"/>
		<feat xlink:href="#sSpan62" value="3"/>
		<feat xlink:href="#sSpan81" value="4"/>
		<feat xlink:href="#sSpan112" value="5"/>
		<feat xlink:href="#sSpan134" value="6"/>
		<feat xlink:href="#sSpan162" value="7"/>
		<feat xlink:href="#sSpan184" value="8"/>
		<feat xlink:href="#sSpan210" value="9"/>
		<feat xlink:href="#sSpan224" value="10"/>
		<feat xlink:href="#sSpan279" value="11"/>
		<feat xlink:href="#sSpan319" value="12"/>
		<feat xlink:href="#sSpan358" value="13"/>
		<feat xlink:href="#sSpan395" value="14"/>
		<feat xlink:href="#sSpan437" value="15"/>
		<feat xlink:href="#sSpan481" value="16"/>
		<feat xlink:href="#sSpan525" value="17"/>
		<feat xlink:href="#sSpan567" value="18"/>
		<feat xlink:href="#sSpan603" value="19"/>
		<feat xlink:href="#sSpan656" value="20"/>
		<feat xlink:href="#sSpan700" value="21"/>
		<feat xlink:href="#sSpan735" value="22"/>
		<feat xlink:href="#sSpan777" value="23"/>
		<feat xlink:href="#sSpan818" value="24"/>
		<feat xlink:href="#sSpan862" value="1"/>
		<feat xlink:href="#sSpan900" value="2"/>
		<feat xlink:href="#sSpan937" value="3"/>
		<feat xlink:href="#sSpan948" value="4"/>
		<feat xlink:href="#sSpan987" value="5"/>
		<feat xlink:href="#sSpan1023" value="6"/>
		<feat xlink:href="#sSpan1068" value="7"/>
		<feat xlink:href="#sSpan1108" value="8"/>
		<feat xlink:href="#sSpan1140" value="9"/>
		<feat xlink:href="#sSpan1193" value="10"/>
		<feat xlink:href="#sSpan1241" value="11"/>
		<feat xlink:href="#sSpan1282" value="12"/>
		<feat xlink:href="#sSpan1323" value="13"/>
		<feat xlink:href="#sSpan1371" value="14"/>
		<feat xlink:href="#sSpan1418" value="15"/>
		<feat xlink:href="#sSpan1460" value="16"/>
		<feat xlink:href="#sSpan1510" value="17"/>
		<feat xlink:href="#sSpan1520" value="18"/>
		<feat xlink:href="#sSpan1556" value="19"/>
		<feat xlink:href="#sSpan1601" value="20"/>
		<feat xlink:href="#sSpan1653" value="21"/>
		<feat xlink:href="#sSpan1690" value="22"/>
		<feat xlink:href="#sSpan1737" value="23"/>
		<feat xlink:href="#sSpan1787" value="24"/>
		<feat xlink:href="#sSpan1820" value="25"/>
		<feat xlink:href="#sSpan1866" value="26"/>
		<feat xlink:href="#sSpan1890" value="27"/>
		<feat xlink:href="#sSpan1931" value="28"/>
		<feat xlink:href="#sSpan1969" value="29"/>
		<feat xlink:href="#sSpan2012" value="30"/>
		<feat xlink:href="#sSpan2057" value="31"/>
		<feat xlink:href="#sSpan2099" value="32"/>
		<feat xlink:href="#sSpan2147" value="33"/>
		<feat xlink:href="#sSpan2188" value="34"/>
		<feat xlink:href="#sSpan2228" value="1"/>
		<feat xlink:href="#sSpan2276" value="2"/>
		<feat xlink:href="#sSpan2323" value="3"/>
		<feat xlink:href="#sSpan2372" value="4"/>
		<feat xlink:href="#sSpan2411" value="5"/>
		<feat xlink:href="#sSpan2450" value="6"/>
		<feat xlink:href="#sSpan2492" value="7"/>
		<feat xlink:href="#sSpan2539" value="8"/>
		<feat xlink:href="#sSpan2580" value="9"/>
		<feat xlink:href="#sSpan2598" value="10"/>
		<feat xlink:href="#sSpan2634" value="11"/>
		<feat xlink:href="#sSpan2682" value="12"/>
		<feat xlink:href="#sSpan2724" value="13"/>
		<feat xlink:href="#sSpan2770" value="14"/>
		<feat xlink:href="#sSpan2811" value="15"/>
		<feat xlink:href="#sSpan2850" value="16"/>
		<feat xlink:href="#sSpan2896" value="17"/>
		<feat xlink:href="#sSpan2931" value="18"/>
		<feat xlink:href="#sSpan2982" value="19"/>
		<feat xlink:href="#sSpan3018" value="20"/>
		<feat xlink:href="#sSpan3070" value="21"/>
		<feat xlink:href="#sSpan3108" value="22"/>
		<feat xlink:href="#sSpan3147" value="23"/>
		<feat xlink:href="#sSpan3187" value="24"/>
		<feat xlink:href="#sSpan3209" value="25"/>
		<feat xlink:href="#sSpan3250" value="26"/>
		<feat xlink:href="#sSpan3286" value="27"/>
		<feat xlink:href="#sSpan3330" value="28"/>
		<feat xlink:href="#sSpan3363" value="29"/>
		<feat xlink:href="#sSpan3407" value="30"/>
		<feat xlink:href="#sSpan3446" value="31"/>
		<feat xlink:href="#sSpan3493" value="32"/>
		<feat xlink:href="#sSpan3543" value="33"/>
		<feat xlink:href="#sSpan3588" value="34"/>
		<feat xlink:href="#sSpan3625" value="1"/>
		<feat xlink:href="#sSpan3664" value="2"/>
		<feat xlink:href="#sSpan3700" value="3"/>
		<feat xlink:href="#sSpan3736" value="4"/>
		<feat xlink:href="#sSpan3776" value="5"/>
		<feat xlink:href="#sSpan3833" value="6"/>
		<feat xlink:href="#sSpan3884" value="7"/>
		<feat xlink:href="#sSpan3898" value="8"/>
		<feat xlink:href="#sSpan3939" value="9"/>
		<feat xlink:href="#sSpan3976" value="10"/>
		<feat xlink:href="#sSpan4021" value="11"/>
		<feat xlink:href="#sSpan4062" value="12"/>
		<feat xlink:href="#sSpan4114" value="13"/>
		<feat xlink:href="#sSpan4151" value="14"/>
		<feat xlink:href="#sSpan4197" value="15"/>
		<feat xlink:href="#sSpan4244" value="16"/>
		<feat xlink:href="#sSpan4286" value="17"/>
		<feat xlink:href="#sSpan4322" value="18"/>
		<feat xlink:href="#sSpan4359" value="19"/>
		<feat xlink:href="#sSpan4418" value="20"/>
		<feat xlink:href="#sSpan4461" value="21"/>
		<feat xlink:href="#sSpan4501" value="22"/>
		<feat xlink:href="#sSpan4548" value="23"/>
		<feat xlink:href="#sSpan4596" value="24"/>
		<feat xlink:href="#sSpan4635" value="25"/>
		<feat xlink:href="#sSpan4680" value="26"/>
		<feat xlink:href="#sSpan4736" value="27"/>
		<feat xlink:href="#sSpan4790" value="28"/>
		<feat xlink:href="#sSpan4834" value="29"/>
		<feat xlink:href="#sSpan4880" value="30"/>
		<feat xlink:href="#sSpan4931" value="31"/>
		<feat xlink:href="#sSpan4970" value="32"/>
		<feat xlink:href="#sSpan5010" value="33"/>
		<feat xlink:href="#sSpan5051" value="34"/>
		<feat xlink:href="#sSpan5102" value="1"/>
		<feat xlink:href="#sSpan5146" value="2"/>
		<feat xlink:href="#sSpan5188" value="3"/>
		<feat xlink:href="#sSpan5238" value="4"/>
		<feat xlink:href="#sSpan5283" value="5"/>
		<feat xlink:href="#sSpan5321" value="6"/>
		<feat xlink:href="#sSpan5336" value="7"/>
		<feat xlink:href="#sSpan5371" value="8"/>
		<feat xlink:href="#sSpan5420" value="9"/>
		<feat xlink:href="#sSpan5462" value="10"/>
		<feat xlink:href="#sSpan5505" value="11"/>
		<feat xlink:href="#sSpan5549" value="12"/>
		<feat xlink:href="#sSpan5599" value="13"/>
		<feat xlink:href="#sSpan5642" value="14"/>
		<feat xlink:href="#sSpan5690" value="15"/>
		<feat xlink:href="#sSpan5712" value="16"/>
		<feat xlink:href="#sSpan5757" value="17"/>
		<feat xlink:href="#sSpan5801" value="18"/>
		<feat xlink:href="#sSpan5842" value="19"/>
		<feat xlink:href="#sSpan5890" value="20"/>
		<feat xlink:href="#sSpan5941" value="21"/>
		<feat xlink:href="#sSpan5987" value="22"/>
		<feat xlink:href="#sSpan6034" value="23"/>
		<feat xlink:href="#sSpan6069" value="24"/>
		<feat xlink:href="#sSpan6107" value="25"/>
		<feat xlink:href="#sSpan6150" value="26"/>
		<feat xlink:href="#sSpan6198" value="27"/>
		<feat xlink:href="#sSpan6234" value="28"/>
		<feat xlink:href="#sSpan6289" value="29"/>
		<feat xlink:href="#sSpan6340" value="30"/>
		<feat xlink:href="#sSpan6388" value="31"/>
		<feat xlink:href="#sSpan6428" value="32"/>
		<feat xlink:href="#sSpan6481" value="33"/>
		<feat xlink:href="#sSpan6520" value="34"/>
		<feat xlink:href="#sSpan6567" value="1"/>
		<feat xlink:href="#sSpan6620" value="2"/>
		<feat xlink:href="#sSpan6668" value="3"/>
		<feat xlink:href="#sSpan6710" value="4"/>
		<feat xlink:href="#sSpan6753" value="5"/>
		<feat xlink:href="#sSpan6801" value="6"/>
		<feat xlink:href="#sSpan6834" value="7"/>
		<feat xlink:href="#sSpan6879" value="8"/>
		<feat xlink:href="#sSpan6924" value="9"/>
		<feat xlink:href="#sSpan6972" value="10"/>
		<feat xlink:href="#sSpan7009" value="11"/>
		<feat xlink:href="#sSpan7045" value="12"/>
		<feat xlink:href="#sSpan7098" value="13"/>
		<feat xlink:href="#sSpan7122" value="14"/>
		<feat xlink:href="#sSpan7169" value="15"/>
		<feat xlink:href="#sSpan7210" value="16"/>
		<feat xlink:href="#sSpan7256" value="17"/>
		<feat xlink:href="#sSpan7298" value="18"/>
		<feat xlink:href="#sSpan7339" value="19"/>
		<feat xlink:href="#sSpan7379" value="20"/>
		<feat xlink:href="#sSpan7422" value="21"/>
		<feat xlink:href="#sSpan7466" value="22"/>
		<feat xlink:href="#sSpan7508" value="23"/>
		<feat xlink:href="#sSpan7547" value="24"/>
		<feat xlink:href="#sSpan7606" value="25"/>
		<feat xlink:href="#sSpan7649" value="26"/>
		<feat xlink:href="#sSpan7699" value="27"/>
		<feat xlink:href="#sSpan7737" value="28"/>
		<feat xlink:href="#sSpan7777" value="29"/>
		<feat xlink:href="#sSpan7824" value="30"/>
		<feat xlink:href="#sSpan7873" value="31"/>
		<feat xlink:href="#sSpan7924" value="32"/>
		<feat xlink:href="#sSpan7971" value="33"/>
		<feat xlink:href="#sSpan8009" value="34"/>
		<feat xlink:href="#sSpan8056" value="1"/>
		<feat xlink:href="#sSpan8092" value="2"/>
		<feat xlink:href="#sSpan8138" value="3"/>
		<feat xlink:href="#sSpan8165" value="4"/>
		<feat xlink:href="#sSpan8211" value="5"/>
		<feat xlink:href="#sSpan8257" value="6"/>
		<feat xlink:href="#sSpan8302" value="7"/>
		<feat xlink:href="#sSpan8350" value="8"/>
		<feat xlink:href="#sSpan8396" value="9"/>
		<feat xlink:href="#sSpan8441" value="10"/>
		<feat xlink:href="#sSpan8495" value="11"/>
		<feat xlink:href="#sSpan8538" value="12"/>
		<feat xlink:href="#sSpan8584" value="13"/>
		<feat xlink:href="#sSpan8627" value="14"/>
		<feat xlink:href="#sSpan8679" value="15"/>
		<feat xlink:href="#sSpan8729" value="16"/>
		<feat xlink:href="#sSpan8763" value="17"/>
		<feat xlink:href="#sSpan8805" value="18"/>
		<feat xlink:href="#sSpan8842" value="19"/>
		<feat xlink:href="#sSpan8894" value="20"/>
		<feat xlink:href="#sSpan8942" value="21"/>
		<feat xlink:href="#sSpan8986" value="22"/>
		<feat xlink:href="#sSpan9027" value="23"/>
		<feat xlink:href="#sSpan9068" value="24"/>
		<feat xlink:href="#sSpan9110" value="25"/>
		<feat xlink:href="#sSpan9156" value="26"/>
		<feat xlink:href="#sSpan9198" value="27"/>
		<feat xlink:href="#sSpan9233" value="28"/>
		<feat xlink:href="#sSpan9269" value="29"/>
		<feat xlink:href="#sSpan9307" value="30"/>
		<feat xlink:href="#sSpan9357" value="31"/>
		<feat xlink:href="#sSpan9400" value="32"/>
		<feat xlink:href="#sSpan9454" value="33"/>
		<feat xlink:href="#sSpan9492" value="34"/>
		<feat xlink:href="#sSpan9532" value="1"/>
		<feat xlink:href="#sSpan9575" value="2"/>
		<feat xlink:href="#sSpan9615" value="3"/>
		<feat xlink:href="#sSpan9656" value="4"/>
		<feat xlink:href="#sSpan9694" value="5"/>
		<feat xlink:href="#sSpan9743" value="6"/>
		<feat xlink:href="#sSpan9788" value="7"/>
		<feat xlink:href="#sSpan9828" value="8"/>
		<feat xlink:href="#sSpan9864" value="9"/>
		<feat xlink:href="#sSpan9901" value="10"/>
		<feat xlink:href="#sSpan9949" value="11"/>
		<feat xlink:href="#sSpan9980" value="12"/>
		<feat xlink:href="#sSpan10013" value="13"/>
		<feat xlink:href="#sSpan10026" value="14"/>
		<feat xlink:href="#sSpan10073" value="15"/>
		<feat xlink:href="#sSpan10116" value="16"/>
		<feat xlink:href="#sSpan10150" value="17"/>
		<feat xlink:href="#sSpan10190" value="18"/>
		<feat xlink:href="#sSpan10228" value="19"/>
		<feat xlink:href="#sSpan10264" value="20"/>
		<feat xlink:href="#sSpan10287" value="21"/>
		<feat xlink:href="#sSpan10311" value="22"/>
		<feat xlink:href="#sSpan10352" value="23"/>
		<feat xlink:href="#sSpan10393" value="24"/>
		<feat xlink:href="#sSpan10430" value="25"/>
		<feat xlink:href="#sSpan10469" value="26"/>
		<feat xlink:href="#sSpan10510" value="27"/>
		<feat xlink:href="#sSpan10553" value="28"/>
		<feat xlink:href="#sSpan10586" value="29"/>
		<feat xlink:href="#sSpan10630" value="30"/>
		<feat xlink:href="#sSpan10672" value="31"/>
		<feat xlink:href="#sSpan10713" value="32"/>
		<feat xlink:href="#sSpan10757" value="33"/>
		<feat xlink:href="#sSpan10800" value="34"/>
		<feat xlink:href="#sSpan10838" value="1"/>
		<feat xlink:href="#sSpan10879" value="2"/>
		<feat xlink:href="#sSpan10916" value="3"/>
		<feat xlink:href="#sSpan10945" value="4"/>
		<feat xlink:href="#sSpan10992" value="5"/>
		<feat xlink:href="#sSpan11029" value="6"/>
		<feat xlink:href="#sSpan11079" value="7"/>
		<feat xlink:href="#sSpan11125" value="8"/>
		<feat xlink:href="#sSpan11171" value="9"/>
		<feat xlink:href="#sSpan11210" value="10"/>
		<feat xlink:href="#sSpan11252" value="11"/>
		<feat xlink:href="#sSpan11289" value="12"/>
		<feat xlink:href="#sSpan11338" value="13"/>
		<feat xlink:href="#sSpan11388" value="14"/>
		<feat xlink:href="#sSpan11430" value="15"/>
		<feat xlink:href="#sSpan11485" value="16"/>
		<feat xlink:href="#sSpan11537" value="17"/>
		<feat xlink:href="#sSpan11582" value="18"/>
		<feat xlink:href="#sSpan11625" value="19"/>
		<feat xlink:href="#sSpan11679" value="20"/>
		<feat xlink:href="#sSpan11730" value="21"/>
		<feat xlink:href="#sSpan11771" value="22"/>
		<feat xlink:href="#sSpan11809" value="23"/>
		<feat xlink:href="#sSpan11853" value="24"/>
		<feat xlink:href="#sSpan11897" value="25"/>
		<feat xlink:href="#sSpan11940" value="26"/>
		<feat xlink:href="#sSpan11977" value="27"/>
		<feat xlink:href="#sSpan12024" value="28"/>
		<feat xlink:href="#sSpan12039" value="29"/>
		<feat xlink:href="#sSpan12086" value="30"/>
		<feat xlink:href="#sSpan12130" value="31"/>
		<feat xlink:href="#sSpan12178" value="32"/>
		<feat xlink:href="#sSpan12224" value="33"/>
		<feat xlink:href="#sSpan12263" value="34"/>
		<feat xlink:href="#sSpan12315" value="1"/>
		<feat xlink:href="#sSpan12366" value="2"/>
		<feat xlink:href="#sSpan12404" value="3"/>
		<feat xlink:href="#sSpan12448" value="4"/>
		<feat xlink:href="#sSpan12487" value="5"/>
		<feat xlink:href="#sSpan12521" value="6"/>
		<feat xlink:href="#sSpan12565" value="7"/>
		<feat xlink:href="#sSpan12588" value="8"/>
		<feat xlink:href="#sSpan12632" value="9"/>
		<feat xlink:href="#sSpan12677" value="10"/>
		<feat xlink:href="#sSpan12731" value="11"/>
		<feat xlink:href="#sSpan12771" value="12"/>
		<feat xlink:href="#sSpan12819" value="13"/>
		<feat xlink:href="#sSpan12868" value="14"/>
		<feat xlink:href="#sSpan12916" value="15"/>
		<feat xlink:href="#sSpan12961" value="16"/>
		<feat xlink:href="#sSpan13007" value="17"/>
		<feat xlink:href="#sSpan13052" value="18"/>
		<feat xlink:href="#sSpan13096" value="19"/>
		<feat xlink:href="#sSpan13146" value="20"/>
		<feat xlink:href="#sSpan13196" value="21"/>
		<feat xlink:href="#sSpan13245" value="22"/>
		<feat xlink:href="#sSpan13293" value="23"/>
		<feat xlink:href="#sSpan13338" value="24"/>
		<feat xlink:href="#sSpan13374" value="25"/>
		<feat xlink:href="#sSpan13420" value="26"/>
		<feat xlink:href="#sSpan13460" value="27"/>
		<feat xlink:href="#sSpan13499" value="28"/>
		<feat xlink:href="#sSpan13542" value="29"/>
		<feat xlink:href="#sSpan13575" value="30"/>
		<feat xlink:href="#sSpan13615" value="31"/>
		<feat xlink:href="#sSpan13653" value="32"/>
		<feat xlink:href="#sSpan13693" value="33"/>
		<feat xlink:href="#sSpan13736" value="34"/>
		<feat xlink:href="#sSpan13778" value="1"/>
		<feat xlink:href="#sSpan13819" value="2"/>
		<feat xlink:href="#sSpan13865" value="3"/>
		<feat xlink:href="#sSpan13902" value="4"/>
		<feat xlink:href="#sSpan13943" value="5"/>
		<feat xlink:href="#sSpan13985" value="6"/>
		<feat xlink:href="#sSpan14029" value="7"/>
		<feat xlink:href="#sSpan14073" value="8"/>
		<feat xlink:href="#sSpan14124" value="9"/>
		<feat xlink:href="#sSpan14150" value="10"/>
		<feat xlink:href="#sSpan14190" value="11"/>
		<feat xlink:href="#sSpan14248" value="12"/>
		<feat xlink:href="#sSpan14295" value="13"/>
		<feat xlink:href="#sSpan14337" value="14"/>
		<feat xlink:href="#sSpan14376" value="15"/>
		<feat xlink:href="#sSpan14413" value="16"/>
		<feat xlink:href="#sSpan14464" value="17"/>
		<feat xlink:href="#sSpan14514" value="18"/>
		<feat xlink:href="#sSpan14553" value="19"/>
		<feat xlink:href="#sSpan14589" value="20"/>
		<feat xlink:href="#sSpan14640" value="21"/>
		<feat xlink:href="#sSpan14653" value="22"/>
		<feat xlink:href="#sSpan14697" value="23"/>
		<feat xlink:href="#sSpan14749" value="24"/>
		<feat xlink:href="#sSpan14783" value="25"/>
		<feat xlink:href="#sSpan14819" value="26"/>
		<feat xlink:href="#sSpan14863" value="27"/>
		<feat xlink:href="#sSpan14904" value="28"/>
		<feat xlink:href="#sSpan14945" value="29"/>
		<feat xlink:href="#sSpan14996" value="30"/>
		<feat xlink:href="#sSpan15037" value="31"/>
		<feat xlink:href="#sSpan15087" value="32"/>
		<feat xlink:href="#sSpan15131" value="33"/>
		<feat xlink:href="#sSpan15174" value="34"/>
		<feat xlink:href="#sSpan15221" value="1"/>
		<feat xlink:href="#sSpan15263" value="2"/>
		<feat xlink:href="#sSpan15311" value="3"/>
		<feat xlink:href="#sSpan15364" value="4"/>
		<feat xlink:href="#sSpan15411" value="5"/>
		<feat xlink:href="#sSpan15457" value="6"/>
		<feat xlink:href="#sSpan15506" value="7"/>
		<feat xlink:href="#sSpan15556" value="8"/>
		<feat xlink:href="#sSpan15604" value="9"/>
		<feat xlink:href="#sSpan15645" value="10"/>
		<feat xlink:href="#sSpan15687" value="11"/>
		<feat xlink:href="#sSpan15728" value="12"/>
		<feat xlink:href="#sSpan15772" value="13"/>
		<feat xlink:href="#sSpan15813" value="14"/>
		<feat xlink:href="#sSpan15852" value="15"/>
		<feat xlink:href="#sSpan15887" value="16"/>
		<feat xlink:href="#sSpan15928" value="17"/>
		<feat xlink:href="#sSpan15969" value="18"/>
		<feat xlink:href="#sSpan16010" value="19"/>
		<feat xlink:href="#sSpan16042" value="20"/>
		<feat xlink:href="#sSpan16100" value="21"/>
		<feat xlink:href="#sSpan16140" value="22"/>
		<feat xlink:href="#sSpan16186" value="23"/>
		<feat xlink:href="#sSpan16229" value="24"/>
		<feat xlink:href="#sSpan16269" value="25"/>
		<feat xlink:href="#sSpan16304" value="26"/>
		<feat xlink:href="#sSpan16353" value="27"/>
		<feat xlink:href="#sSpan16384" value="28"/>
		<feat xlink:href="#sSpan16440" value="29"/>
		<feat xlink:href="#sSpan16482" value="30"/>
		<feat xlink:href="#sSpan16509" value="31"/>
		<feat xlink:href="#sSpan16554" value="32"/>
		<feat xlink:href="#sSpan16598" value="33"/>
		<feat xlink:href="#sSpan16643" value="34"/>
		<feat xlink:href="#sSpan16687" value="1"/>
		<feat xlink:href="#sSpan16731" value="2"/>
		<feat xlink:href="#sSpan16778" value="3"/>
		<feat xlink:href="#sSpan16830" value="4"/>
		<feat xlink:href="#sSpan16875" value="5"/>
		<feat xlink:href="#sSpan16920" value="6"/>
		<feat xlink:href="#sSpan16954" value="7"/>
		<feat xlink:href="#sSpan17005" value="8"/>
		<feat xlink:href="#sSpan17053" value="9"/>
		<feat xlink:href="#sSpan17091" value="10"/>
		<feat xlink:href="#sSpan17143" value="11"/>
		<feat xlink:href="#sSpan17196" value="12"/>
		<feat xlink:href="#sSpan17237" value="13"/>
		<feat xlink:href="#sSpan17286" value="14"/>
		<feat xlink:href="#sSpan17339" value="15"/>
		<feat xlink:href="#sSpan17382" value="16"/>
		<feat xlink:href="#sSpan17430" value="17"/>
		<feat xlink:href="#sSpan17482" value="18"/>
		<feat xlink:href="#sSpan17524" value="19"/>
		<feat xlink:href="#sSpan17573" value="20"/>
		<feat xlink:href="#sSpan17615" value="21"/>
		<feat xlink:href="#sSpan17663" value="22"/>
		<feat xlink:href="#sSpan17709" value="23"/>
		<feat xlink:href="#sSpan17734" value="24"/>
		<feat xlink:href="#sSpan17773" value="25"/>
		<feat xlink:href="#sSpan17820" value="26"/>
		<feat xlink:href="#sSpan17876" value="27"/>
		<feat xlink:href="#sSpan17920" value="28"/>
		<feat xlink:href="#sSpan17960" value="29"/>
		<feat xlink:href="#sSpan18005" value="30"/>
		<feat xlink:href="#sSpan18047" value="31"/>
		<feat xlink:href="#sSpan18087" value="32"/>
		<feat xlink:href="#sSpan18138" value="33"/>
		<feat xlink:href="#sSpan18191" value="34"/>
		<feat xlink:href="#sSpan18230" value="1"/>
		<feat xlink:href="#sSpan18277" value="2"/>
		<feat xlink:href="#sSpan18323" value="3"/>
		<feat xlink:href="#sSpan18356" value="4"/>
		<feat xlink:href="#sSpan18410" value="5"/>
		<feat xlink:href="#sSpan18451" value="6"/>
		<feat xlink:href="#sSpan18491" value="7"/>
		<feat xlink:href="#sSpan18531" value="8"/>
		<feat xlink:href="#sSpan18570" value="9"/>
		<feat xlink:href="#sSpan18604" value="10"/>
		<feat xlink:href="#sSpan18646" value="11"/>
		<feat xlink:href="#sSpan18688" value="12"/>
		<feat xlink:href="#sSpan18732" value="13"/>
		<feat xlink:href="#sSpan18773" value="14"/>
		<feat xlink:href="#sSpan18812" value="15"/>
		<feat xlink:href="#sSpan18851" value="16"/>
		<feat xlink:href="#sSpan18895" value="17"/>
		<feat xlink:href="#sSpan18941" value="18"/>
		<feat xlink:href="#sSpan18978" value="19"/>
		<feat xlink:href="#sSpan19013" value="20"/>
		<feat xlink:href="#sSpan19057" value="21"/>
		<feat xlink:href="#sSpan19092" value="22"/>
		<feat xlink:href="#sSpan19135" value="23"/>
		<feat xlink:href="#sSpan19178" value="24"/>
		<feat xlink:href="#sSpan19221" value="25"/>
		<feat xlink:href="#sSpan19264" value="26"/>
		<feat xlink:href="#sSpan19306" value="27"/>
		<feat xlink:href="#sSpan19354" value="28"/>
		<feat xlink:href="#sSpan19399" value="29"/>
		<feat xlink:href="#sSpan19444" value="30"/>
		<feat xlink:href="#sSpan19479" value="31"/>
		<feat xlink:href="#sSpan19526" value="32"/>
		<feat xlink:href="#sSpan19553" value="33"/>
		<feat xlink:href="#sSpan19595" value="34"/>
		<feat xlink:href="#sSpan19638" value="1"/>
		<feat xlink:href="#sSpan19683" value="2"/>
		<feat xlink:href="#sSpan19726" value="3"/>
		<feat xlink:href="#sSpan19754" value="4"/>
		<feat xlink:href="#sSpan19804" value="5"/>
		<feat xlink:href="#sSpan19844" value="6"/>
		<feat xlink:href="#sSpan19885" value="7"/>
		<feat xlink:href="#sSpan19925" value="8"/>
		<feat xlink:href="#sSpan19977" value="9"/>
		<feat xlink:href="#sSpan20012" value="10"/>
		<feat xlink:href="#sSpan20050" value="11"/>
		<feat xlink:href="#sSpan20096" value="12"/>
		<feat xlink:href="#sSpan20144" value="13"/>
		<feat xlink:href="#sSpan20180" value="14"/>
		<feat xlink:href="#sSpan20232" value="15"/>
		<feat xlink:href="#sSpan20253" value="16"/>
		<feat xlink:href="#sSpan20301" value="17"/>
		<feat xlink:href="#sSpan20346" value="18"/>
		<feat xlink:href="#sSpan20394" value="19"/>
		<feat xlink:href="#sSpan20441" value="20"/>
		<feat xlink:href="#sSpan20486" value="21"/>
		<feat xlink:href="#sSpan20528" value="22"/>
		<feat xlink:href="#sSpan20571" value="23"/>
		<feat xlink:href="#sSpan20614" value="24"/>
		<feat xlink:href="#sSpan20659" value="25"/>
		<feat xlink:href="#sSpan20701" value="26"/>
		<feat xlink:href="#sSpan20745" value="27"/>
		<feat xlink:href="#sSpan20791" value="28"/>
		<feat xlink:href="#sSpan20841" value="29"/>
		<feat xlink:href="#sSpan20887" value="30"/>
		<feat xlink:href="#sSpan20922" value="31"/>
		<feat xlink:href="#sSpan20961" value="32"/>
		<feat xlink:href="#sSpan21000" value="33"/>
		<feat xlink:href="#sSpan21039" value="34"/>
		<feat xlink:href="#sSpan21079" value="1"/>
		<feat xlink:href="#sSpan21124" value="2"/>
		<feat xlink:href="#sSpan21164" value="3"/>
		<feat xlink:href="#sSpan21215" value="4"/>
		<feat xlink:href="#sSpan21259" value="5"/>
		<feat xlink:href="#sSpan21315" value="6"/>
		<feat xlink:href="#sSpan21371" value="7"/>
		<feat xlink:href="#sSpan21410" value="8"/>
		<feat xlink:href="#sSpan21457" value="9"/>
		<feat xlink:href="#sSpan21499" value="10"/>
		<feat xlink:href="#sSpan21546" value="11"/>
		<feat xlink:href="#sSpan21592" value="12"/>
		<feat xlink:href="#sSpan21636" value="13"/>
		<feat xlink:href="#sSpan21679" value="14"/>
		<feat xlink:href="#sSpan21711" value="15"/>
		<feat xlink:href="#sSpan21755" value="16"/>
		<feat xlink:href="#sSpan21772" value="17"/>
		<feat xlink:href="#sSpan21811" value="18"/>
		<feat xlink:href="#sSpan21856" value="19"/>
		<feat xlink:href="#sSpan21903" value="20"/>
		<feat xlink:href="#sSpan21942" value="21"/>
		<feat xlink:href="#sSpan21987" value="22"/>
		<feat xlink:href="#sSpan22031" value="23"/>
		<feat xlink:href="#sSpan22078" value="24"/>
		<feat xlink:href="#sSpan22114" value="25"/>
		<feat xlink:href="#sSpan22170" value="26"/>
		<feat xlink:href="#sSpan22222" value="27"/>
		<feat xlink:href="#sSpan22262" value="28"/>
		<feat xlink:href="#sSpan22299" value="29"/>
		<feat xlink:href="#sSpan22342" value="30"/>
		<feat xlink:href="#sSpan22382" value="31"/>
		<feat xlink:href="#sSpan22410" value="32"/>
		<feat xlink:href="#sSpan22451" value="33"/>
		<feat xlink:href="#sSpan22480" value="34"/>
		<feat xlink:href="#sSpan22522" value="1"/>
		<feat xlink:href="#sSpan22568" value="2"/>
		<feat xlink:href="#sSpan22612" value="3"/>
		<feat xlink:href="#sSpan22658" value="4"/>
		<feat xlink:href="#sSpan22704" value="5"/>
		<feat xlink:href="#sSpan22743" value="6"/>
		<feat xlink:href="#sSpan22787" value="7"/>
		<feat xlink:href="#sSpan22830" value="8"/>
		<feat xlink:href="#sSpan22869" value="9"/>
		<feat xlink:href="#sSpan22914" value="10"/>
		<feat xlink:href="#sSpan22961" value="11"/>
		<feat xlink:href="#sSpan23000" value="12"/>
		<feat xlink:href="#sSpan23049" value="13"/>
		<feat xlink:href="#sSpan23089" value="14"/>
		<feat xlink:href="#sSpan23133" value="15"/>
		<feat xlink:href="#sSpan23181" value="16"/>
		<feat xlink:href="#sSpan23222" value="17"/>
		<feat xlink:href="#sSpan23260" value="18"/>
		<feat xlink:href="#sSpan23304" value="19"/>
		<feat xlink:href="#sSpan23353" value="20"/>
		<feat xlink:href="#sSpan23392" value="21"/>
		<feat xlink:href="#sSpan23435" value="22"/>
		<feat xlink:href="#sSpan23479" value="23"/>
		<feat xlink:href="#sSpan23525" value="24"/>
		<feat xlink:href="#sSpan23568" value="25"/>
		<feat xlink:href="#sSpan23603" value="26"/>
		<feat xlink:href="#sSpan23647" value="27"/>
		<feat xlink:href="#sSpan23700" value="28"/>
		<feat xlink:href="#sSpan23737" value="29"/>
		<feat xlink:href="#sSpan23783" value="30"/>
		<feat xlink:href="#sSpan23825" value="31"/>
		<feat xlink:href="#sSpan23867" value="32"/>
		<feat xlink:href="#sSpan23909" value="33"/>
		<feat xlink:href="#sSpan23954" value="34"/>
		<feat xlink:href="#sSpan23995" value="1"/>
		<feat xlink:href="#sSpan24037" value="2"/>
		<feat xlink:href="#sSpan24089" value="3"/>
		<feat xlink:href="#sSpan24136" value="4"/>
		<feat xlink:href="#sSpan24175" value="5"/>
		<feat xlink:href="#sSpan24218" value="6"/>
		<feat xlink:href="#sSpan24265" value="7"/>
		<feat xlink:href="#sSpan24307" value="8"/>
		<feat xlink:href="#sSpan24356" value="9"/>
		<feat xlink:href="#sSpan24414" value="10"/>
		<feat xlink:href="#sSpan24457" value="11"/>
		<feat xlink:href="#sSpan24493" value="12"/>
		<feat xlink:href="#sSpan24530" value="13"/>
		<feat xlink:href="#sSpan24580" value="14"/>
		<feat xlink:href="#sSpan24617" value="15"/>
		<feat xlink:href="#sSpan24660" value="16"/>
		<feat xlink:href="#sSpan24703" value="17"/>
		<feat xlink:href="#sSpan24724" value="18"/>
		<feat xlink:href="#sSpan24769" value="19"/>
		<feat xlink:href="#sSpan24818" value="20"/>
		<feat xlink:href="#sSpan24861" value="21"/>
		<feat xlink:href="#sSpan24902" value="22"/>
		<feat xlink:href="#sSpan24944" value="23"/>
		<feat xlink:href="#sSpan24987" value="24"/>
		<feat xlink:href="#sSpan25028" value="25"/>
		<feat xlink:href="#sSpan25059" value="26"/>
		<feat xlink:href="#sSpan25100" value="27"/>
		<feat xlink:href="#sSpan25140" value="28"/>
		<feat xlink:href="#sSpan25185" value="29"/>
		<feat xlink:href="#sSpan25235" value="30"/>
		<feat xlink:href="#sSpan25279" value="31"/>
		<feat xlink:href="#sSpan25311" value="32"/>
		<feat xlink:href="#sSpan25357" value="33"/>
		<feat xlink:href="#sSpan25398" value="34"/>
		<feat xlink:href="#sSpan25432" value="1"/>
		<feat xlink:href="#sSpan25470" value="2"/>
		<feat xlink:href="#sSpan25522" value="3"/>
		<feat xlink:href="#sSpan25563" value="4"/>
		<feat xlink:href="#sSpan25601" value="5"/>
		<feat xlink:href="#sSpan25633" value="6"/>
		<feat xlink:href="#sSpan25678" value="7"/>
		<feat xlink:href="#sSpan25725" value="8"/>
		<feat xlink:href="#sSpan25769" value="9"/>
		<feat xlink:href="#sSpan25806" value="10"/>
		<feat xlink:href="#sSpan25853" value="11"/>
		<feat xlink:href="#sSpan25889" value="12"/>
		<feat xlink:href="#sSpan25944" value="13"/>
		<feat xlink:href="#sSpan25992" value="14"/>
		<feat xlink:href="#sSpan26035" value="15"/></featList></paula>