<?xml version='1.0' encoding='UTF-8'?><!DOCTYPE paula SYSTEM "paula_feat.dtd">
<paula version="1.1">
	<header paula_id="scriptorium.life.pisentius.01.mark_chapter_n"/>
	<featList xmlns:xlink="http://www.w3.org/1999/xlink" type="chapter_n" xml:base="scriptorium.life.pisentius.01.mark.xml">
		<feat xlink:href="#sSpan8" value="1"/>
		<feat xlink:href="#sSpan283" value="2"/>
		<feat xlink:href="#sSpan951" value="3"/>
		<feat xlink:href="#sSpan1523" value="4"/>
		<feat xlink:href="#sSpan1891" value="5"/>
		<feat xlink:href="#sSpan2601" value="6"/>
		<feat xlink:href="#sSpan3210" value="7"/>
		<feat xlink:href="#sSpan3901" value="8"/>
		<feat xlink:href="#sSpan4325" value="9"/>
		<feat xlink:href="#sSpan4638" value="10"/>
		<feat xlink:href="#sSpan5324" value="11"/>
		<feat xlink:href="#sSpan5715" value="12"/>
		<feat xlink:href="#sSpan6920" value="13"/>
		<feat xlink:href="#sSpan10027" value="14"/>
		<feat xlink:href="#sSpan10314" value="15"/>
		<feat xlink:href="#sSpan10919" value="16"/>
		<feat xlink:href="#sSpan12042" value="17"/>
		<feat xlink:href="#sSpan12591" value="18"/>
		<feat xlink:href="#sSpan12919" value="19"/>
		<feat xlink:href="#sSpan14153" value="20"/>
		<feat xlink:href="#sSpan14656" value="21"/>
		<feat xlink:href="#sSpan15690" value="22"/>
		<feat xlink:href="#sSpan16512" value="23"/>
		<feat xlink:href="#sSpan17199" value="24"/>
		<feat xlink:href="#sSpan17737" value="25"/>
		<feat xlink:href="#sSpan18534" value="26"/>
		<feat xlink:href="#sSpan19757" value="27"/>
		<feat xlink:href="#sSpan20256" value="28"/>
		<feat xlink:href="#sSpan21775" value="29"/>
		<feat xlink:href="#sSpan22413" value="30"/>
		<feat xlink:href="#sSpan24727" value="31"/></featList></paula>