<?xml version='1.0' encoding='UTF-8'?><!DOCTYPE paula SYSTEM "paula_feat.dtd">
<paula version="1.1">
	<header paula_id="scriptorium.Jonah_04.mark_translation"/>
	<featList xmlns:xlink="http://www.w3.org/1999/xlink" type="translation" xml:base="scriptorium.Jonah_04.mark.xml">
		<feat xlink:href="#sSpan7" value="But Jonas was very deeply grieved, and he was confounded."/>
		<feat xlink:href="#sSpan71" value="And he prayed to the Lord, and said, O Lord, were not these my words when I was yet in my land? therefore I made haste to flee to Tharsis; because I knew that thou are merciful and compassionate, long-suffering, and abundant in kindness, and repentest of evil."/>
		<feat xlink:href="#sSpan326" value="And now, Lord God, take my life from me; for it is better for me to die than to live."/>
		<feat xlink:href="#sSpan395" value="And the Lord said to Jonas, Art thou very much grieved?"/>
		<feat xlink:href="#sSpan451" value="And Jonas went out from the city, and sat over against the city; and he made for himself there a booth, and he sat under it, until he should perceive what would become of the city."/>
		<feat xlink:href="#sSpan635" value="And the Lord God commanded a gourd, and it came up over the head of Jonas, to be a shadow over his head, to shade him from his calamities: and Jonas rejoiced with great joy for the gourd."/>
		<feat xlink:href="#sSpan783" value="And God commanded a worm the next morning, and it smote the gourd, and it withered away."/>
		<feat xlink:href="#sSpan874" value="And it came to pass at the rising of the sun, that God commanded a burning east wind; and the sun smote on the head of Jonas, and he fainted, and despaired of his life, and said, It is better for me to die than to live."/>
		<feat xlink:href="#sSpan1064" value="And God said to Jonas, Art thou very much grieved for the gourd? And he said, I am very much grieved, even to death."/>
		<feat xlink:href="#sSpan1190" value="And the Lord said, Thou hadst pity on the gourd, for which thou has not suffered, neither didst thou rear it; which came up before night, and perished before another night:"/>
		<feat xlink:href="#sSpan1325" value="and shall not I spare Nineve, the great city, in which dwell more than twelve myriads of human beings, who do not know their right hand or their left hand; and also much cattle?"/></featList></paula>