<?xml version='1.0' encoding='UTF-8'?><!DOCTYPE paula SYSTEM "paula_feat.dtd">
<paula version="1.1">
	<header paula_id="scriptorium.life.paul.tamma.01.mark_entity"/>
	<featList xmlns:xlink="http://www.w3.org/1999/xlink" type="entity" xml:base="scriptorium.life.paul.tamma.01.mark.xml">
		<feat xlink:href="#sSpan5" value="abstract"/>
		<feat xlink:href="#sSpan20" value="person"/>
		<feat xlink:href="#sSpan74" value="time"/>
		<feat xlink:href="#sSpan83" value="time"/>
		<feat xlink:href="#sSpan96" value="abstract"/>
		<feat xlink:href="#sSpan127" value="abstract"/>
		<feat xlink:href="#sSpan137" value="person"/>
		<feat xlink:href="#sSpan156" value="person"/>
		<feat xlink:href="#sSpan165" value="abstract"/>
		<feat xlink:href="#sSpan213" value="person"/>
		<feat xlink:href="#sSpan237" value="abstract"/>
		<feat xlink:href="#sSpan250" value="abstract"/>
		<feat xlink:href="#sSpan263" value="abstract"/>
		<feat xlink:href="#sSpan282" value="person"/>
		<feat xlink:href="#sSpan303" value="person"/>
		<feat xlink:href="#sSpan317" value="time"/>
		<feat xlink:href="#sSpan333" value="time"/>
		<feat xlink:href="#sSpan344" value="time"/>
		<feat xlink:href="#sSpan368" value="person"/>
		<feat xlink:href="#sSpan436" value="person"/>
		<feat xlink:href="#sSpan455" value="person"/>
		<feat xlink:href="#sSpan471" value="object"/>
		<feat xlink:href="#sSpan481" value="time"/>
		<feat xlink:href="#sSpan498" value="object"/>
		<feat xlink:href="#sSpan505" value="abstract"/>
		<feat xlink:href="#sSpan541" value="place"/>
		<feat xlink:href="#sSpan550" value="abstract"/>
		<feat xlink:href="#sSpan626" value="person"/>
		<feat xlink:href="#sSpan643" value="abstract"/>
		<feat xlink:href="#sSpan646" value="person"/>
		<feat xlink:href="#sSpan657" value="person"/>
		<feat xlink:href="#sSpan675" value="person"/>
		<feat xlink:href="#sSpan682" value="person"/>
		<feat xlink:href="#sSpan709" value="person"/>
		<feat xlink:href="#sSpan732" value="object"/>
		<feat xlink:href="#sSpan746" value="place"/>
		<feat xlink:href="#sSpan774" value="person"/>
		<feat xlink:href="#sSpan869" value="object"/>
		<feat xlink:href="#sSpan890" value="person"/>
		<feat xlink:href="#sSpan904" value="person"/>
		<feat xlink:href="#sSpan927" value="person"/>
		<feat xlink:href="#sSpan960" value="object"/>
		<feat xlink:href="#sSpan973" value="person"/>
		<feat xlink:href="#sSpan1005" value="object"/>
		<feat xlink:href="#sSpan1026" value="animal"/>
		<feat xlink:href="#sSpan1037" value="person"/>
		<feat xlink:href="#sSpan1056" value="person"/>
		<feat xlink:href="#sSpan1069" value="person"/>
		<feat xlink:href="#sSpan1086" value="object"/>
		<feat xlink:href="#sSpan1121" value="time"/>
		<feat xlink:href="#sSpan1128" value="person"/>
		<feat xlink:href="#sSpan1148" value="person"/>
		<feat xlink:href="#sSpan1159" value="place"/>
		<feat xlink:href="#sSpan1168" value="animal"/>
		<feat xlink:href="#sSpan1186" value="person"/>
		<feat xlink:href="#sSpan1199" value="object"/>
		<feat xlink:href="#sSpan1209" value="object"/>
		<feat xlink:href="#sSpan1233" value="time"/>
		<feat xlink:href="#sSpan1256" value="object"/>
		<feat xlink:href="#sSpan1269" value="place"/>
		<feat xlink:href="#sSpan1282" value="person"/>
		<feat xlink:href="#sSpan1291" value="person"/>
		<feat xlink:href="#sSpan1313" value="object"/>
		<feat xlink:href="#sSpan1338" value="object"/>
		<feat xlink:href="#sSpan1354" value="object"/>
		<feat xlink:href="#sSpan1389" value="place"/>
		<feat xlink:href="#sSpan1401" value="person"/>
		<feat xlink:href="#sSpan1434" value="object"/>
		<feat xlink:href="#sSpan1443" value="place"/>
		<feat xlink:href="#sSpan1475" value="substance"/>
		<feat xlink:href="#sSpan1500" value="object"/>
		<feat xlink:href="#sSpan1534" value="object"/>
		<feat xlink:href="#sSpan1549" value="abstract"/>
		<feat xlink:href="#sSpan1558" value="person"/>
		<feat xlink:href="#sSpan1578" value="person"/>
		<feat xlink:href="#sSpan1593" value="person"/>
		<feat xlink:href="#sSpan1634" value="time"/>
		<feat xlink:href="#sSpan1649" value="time"/>
		<feat xlink:href="#sSpan1664" value="object"/>
		<feat xlink:href="#sSpan1675" value="place"/>
		<feat xlink:href="#sSpan1685" value="person"/>
		<feat xlink:href="#sSpan1720" value="object"/>
		<feat xlink:href="#sSpan1733" value="person"/>
		<feat xlink:href="#sSpan1754" value="person"/>
		<feat xlink:href="#sSpan1764" value="time"/>
		<feat xlink:href="#sSpan1779" value="object"/>
		<feat xlink:href="#sSpan1849" value="time"/>
		<feat xlink:href="#sSpan1856" value="time"/>
		<feat xlink:href="#sSpan1886" value="event"/>
		<feat xlink:href="#sSpan1895" value="time"/>
		<feat xlink:href="#sSpan1905" value="abstract"/>
		<feat xlink:href="#sSpan1915" value="person"/>
		<feat xlink:href="#sSpan1943" value="abstract"/>
		<feat xlink:href="#sSpan1986" value="time"/>
		<feat xlink:href="#sSpan1999" value="time"/>
		<feat xlink:href="#sSpan2027" value="person"/>
		<feat xlink:href="#sSpan2037" value="person"/>
		<feat xlink:href="#sSpan2065" value="object"/>
		<feat xlink:href="#sSpan2083" value="abstract"/>
		<feat xlink:href="#sSpan2103" value="object"/>
		<feat xlink:href="#sSpan2116" value="place"/>
		<feat xlink:href="#sSpan2133" value="person"/>
		<feat xlink:href="#sSpan2156" value="person"/>
		<feat xlink:href="#sSpan2183" value="person"/>
		<feat xlink:href="#sSpan2202" value="time"/>
		<feat xlink:href="#sSpan2225" value="object"/>
		<feat xlink:href="#sSpan2257" value="abstract"/>
		<feat xlink:href="#sSpan2282" value="place"/>
		<feat xlink:href="#sSpan2299" value="place"/>
		<feat xlink:href="#sSpan2316" value="person"/>
		<feat xlink:href="#sSpan2337" value="person"/>
		<feat xlink:href="#sSpan2346" value="person"/>
		<feat xlink:href="#sSpan2355" value="object"/>
		<feat xlink:href="#sSpan2366" value="person"/>
		<feat xlink:href="#sSpan2389" value="object"/>
		<feat xlink:href="#sSpan2398" value="object"/>
		<feat xlink:href="#sSpan2421" value="person"/>
		<feat xlink:href="#sSpan2434" value="person"/>
		<feat xlink:href="#sSpan2461" value="object"/>
		<feat xlink:href="#sSpan2491" value="object"/>
		<feat xlink:href="#sSpan2502" value="person"/>
		<feat xlink:href="#sSpan2523" value="person"/>
		<feat xlink:href="#sSpan2555" value="object"/>
		<feat xlink:href="#sSpan2564" value="object"/>
		<feat xlink:href="#sSpan2594" value="object"/>
		<feat xlink:href="#sSpan2604" value="substance"/>
		<feat xlink:href="#sSpan2620" value="object"/>
		<feat xlink:href="#sSpan2640" value="substance"/>
		<feat xlink:href="#sSpan2660" value="place"/>
		<feat xlink:href="#sSpan2677" value="place"/>
		<feat xlink:href="#sSpan2705" value="person"/>
		<feat xlink:href="#sSpan2743" value="person"/>
		<feat xlink:href="#sSpan2778" value="abstract"/>
		<feat xlink:href="#sSpan2788" value="person"/>
		<feat xlink:href="#sSpan2799" value="person"/>
		<feat xlink:href="#sSpan2815" value="person"/>
		<feat xlink:href="#sSpan2837" value="abstract"/>
		<feat xlink:href="#sSpan2849" value="organization"/>
		<feat xlink:href="#sSpan2870" value="person"/>
		<feat xlink:href="#sSpan2891" value="place"/>
		<feat xlink:href="#sSpan2900" value="person"/>
		<feat xlink:href="#sSpan2928" value="place"/>
		<feat xlink:href="#sSpan2937" value="object"/>
		<feat xlink:href="#sSpan2954" value="substance"/>
		<feat xlink:href="#sSpan2961" value="plant"/>
		<feat xlink:href="#sSpan2968" value="object"/>
		<feat xlink:href="#sSpan2984" value="abstract"/>
		<feat xlink:href="#sSpan2985" value="abstract"/>
		<feat xlink:href="#sSpan3012" value="substance"/>
		<feat xlink:href="#sSpan3024" value="plant"/>
		<feat xlink:href="#sSpan3031" value="object"/>
		<feat xlink:href="#sSpan3052" value="object"/>
		<feat xlink:href="#sSpan3079" value="person"/>
		<feat xlink:href="#sSpan3114" value="object"/>
		<feat xlink:href="#sSpan3131" value="place"/>
		<feat xlink:href="#sSpan3165" value="person"/>
		<feat xlink:href="#sSpan3193" value="person"/>
		<feat xlink:href="#sSpan3220" value="place"/>
		<feat xlink:href="#sSpan3229" value="person"/>
		<feat xlink:href="#sSpan3275" value="person"/>
		<feat xlink:href="#sSpan3290" value="abstract"/>
		<feat xlink:href="#sSpan3342" value="abstract"/>
		<feat xlink:href="#sSpan3372" value="abstract"/>
		<feat xlink:href="#sSpan3385" value="abstract"/>
		<feat xlink:href="#sSpan3394" value="abstract"/>
		<feat xlink:href="#sSpan3404" value="person"/>
		<feat xlink:href="#sSpan3430" value="abstract"/>
		<feat xlink:href="#sSpan3439" value="object"/>
		<feat xlink:href="#sSpan3449" value="substance"/>
		<feat xlink:href="#sSpan3467" value="abstract"/>
		<feat xlink:href="#sSpan3518" value="place"/>
		<feat xlink:href="#sSpan3527" value="abstract"/>
		<feat xlink:href="#sSpan3536" value="abstract"/>
		<feat xlink:href="#sSpan3563" value="person"/>
		<feat xlink:href="#sSpan3575" value="place"/>
		<feat xlink:href="#sSpan3655" value="object"/>
		<feat xlink:href="#sSpan3664" value="person"/>
		<feat xlink:href="#sSpan3684" value="substance"/>
		<feat xlink:href="#sSpan3695" value="object"/>
		<feat xlink:href="#sSpan3726" value="place"/>
		<feat xlink:href="#sSpan3748" value="place"/>
		<feat xlink:href="#sSpan3755" value="place"/>
		<feat xlink:href="#sSpan3816" value="abstract"/>
		<feat xlink:href="#sSpan3821" value="person"/>
		<feat xlink:href="#sSpan3849" value="abstract"/>
		<feat xlink:href="#sSpan3885" value="person"/>
		<feat xlink:href="#sSpan3906" value="person"/>
		<feat xlink:href="#sSpan3913" value="abstract"/>
		<feat xlink:href="#sSpan3938" value="person"/>
		<feat xlink:href="#sSpan3949" value="person"/>
		<feat xlink:href="#sSpan3979" value="person"/>
		<feat xlink:href="#sSpan4001" value="person"/>
		<feat xlink:href="#sSpan4044" value="place"/>
		<feat xlink:href="#sSpan4053" value="time"/>
		<feat xlink:href="#sSpan4058" value="person"/>
		<feat xlink:href="#sSpan4095" value="person"/>
		<feat xlink:href="#sSpan4107" value="object"/>
		<feat xlink:href="#sSpan4138" value="person"/>
		<feat xlink:href="#sSpan4189" value="abstract"/>
		<feat xlink:href="#sSpan4207" value="person"/>
		<feat xlink:href="#sSpan4215" value="person"/>
		<feat xlink:href="#sSpan4245" value="person"/>
		<feat xlink:href="#sSpan4257" value="abstract"/>
		<feat xlink:href="#sSpan4273" value="person"/>
		<feat xlink:href="#sSpan4303" value="person"/>
		<feat xlink:href="#sSpan4312" value="time"/>
		<feat xlink:href="#sSpan4334" value="person"/>
		<feat xlink:href="#sSpan4347" value="person"/>
		<feat xlink:href="#sSpan4373" value="person"/>
		<feat xlink:href="#sSpan4382" value="time"/>
		<feat xlink:href="#sSpan4396" value="time"/>
		<feat xlink:href="#sSpan4424" value="person"/>
		<feat xlink:href="#sSpan4458" value="object"/>
		<feat xlink:href="#sSpan4479" value="person"/>
		<feat xlink:href="#sSpan4488" value="abstract"/>
		<feat xlink:href="#sSpan4498" value="abstract"/>
		<feat xlink:href="#sSpan4518" value="person"/>
		<feat xlink:href="#sSpan4551" value="object"/>
		<feat xlink:href="#sSpan4606" value="person"/>
		<feat xlink:href="#sSpan4627" value="time"/>
		<feat xlink:href="#sSpan4642" value="person"/>
		<feat xlink:href="#sSpan4651" value="person"/>
		<feat xlink:href="#sSpan4667" value="person"/>
		<feat xlink:href="#sSpan4687" value="person"/>
		<feat xlink:href="#sSpan4698" value="time"/>
		<feat xlink:href="#sSpan4729" value="time"/>
		<feat xlink:href="#sSpan4770" value="time"/>
		<feat xlink:href="#sSpan4807" value="time"/>
		<feat xlink:href="#sSpan4816" value="event"/>
		<feat xlink:href="#sSpan4826" value="person"/>
		<feat xlink:href="#sSpan4839" value="abstract"/>
		<feat xlink:href="#sSpan4867" value="person"/>
		<feat xlink:href="#sSpan4891" value="organization"/>
		<feat xlink:href="#sSpan4916" value="organization"/>
		<feat xlink:href="#sSpan4936" value="place"/>
		<feat xlink:href="#sSpan4956" value="person"/>
		<feat xlink:href="#sSpan4968" value="object"/>
		<feat xlink:href="#sSpan4999" value="abstract"/>
		<feat xlink:href="#sSpan5036" value="person"/>
		<feat xlink:href="#sSpan5074" value="time"/>
		<feat xlink:href="#sSpan5110" value="abstract"/>
		<feat xlink:href="#sSpan5117" value="person"/>
		<feat xlink:href="#sSpan5189" value="person"/>
		<feat xlink:href="#sSpan5214" value="abstract"/>
		<feat xlink:href="#sSpan5223" value="abstract"/>
		<feat xlink:href="#sSpan5235" value="person"/>
		<feat xlink:href="#sSpan5246" value="time"/>
		<feat xlink:href="#sSpan5284" value="person"/>
		<feat xlink:href="#sSpan5305" value="person"/>
		<feat xlink:href="#sSpan5326" value="person"/>
		<feat xlink:href="#sSpan5342" value="person"/>
		<feat xlink:href="#sSpan5374" value="person"/>
		<feat xlink:href="#sSpan5411" value="person"/>
		<feat xlink:href="#sSpan5442" value="abstract"/>
		<feat xlink:href="#sSpan5465" value="object"/>
		<feat xlink:href="#sSpan5476" value="person"/>
		<feat xlink:href="#sSpan5485" value="person"/>
		<feat xlink:href="#sSpan5492" value="abstract"/>
		<feat xlink:href="#sSpan5499" value="abstract"/>
		<feat xlink:href="#sSpan5509" value="person"/>
		<feat xlink:href="#sSpan5522" value="person"/>
		<feat xlink:href="#sSpan5535" value="person"/>
		<feat xlink:href="#sSpan5548" value="person"/>
		<feat xlink:href="#sSpan5584" value="time"/>
		<feat xlink:href="#sSpan5599" value="person"/>
		<feat xlink:href="#sSpan5623" value="place"/>
		<feat xlink:href="#sSpan5636" value="object"/>
		<feat xlink:href="#sSpan5669" value="person"/>
		<feat xlink:href="#sSpan5680" value="abstract"/>
		<feat xlink:href="#sSpan5720" value="person"/>
		<feat xlink:href="#sSpan5748" value="place"/>
		<feat xlink:href="#sSpan5757" value="object"/>
		<feat xlink:href="#sSpan5763" value="person"/>
		<feat xlink:href="#sSpan5807" value="place"/>
		<feat xlink:href="#sSpan5817" value="place"/>
		<feat xlink:href="#sSpan5829" value="abstract"/>
		<feat xlink:href="#sSpan5835" value="person"/>
		<feat xlink:href="#sSpan5879" value="place"/>
		<feat xlink:href="#sSpan5888" value="place"/>
		<feat xlink:href="#sSpan5915" value="person"/>
		<feat xlink:href="#sSpan5950" value="place"/>
		<feat xlink:href="#sSpan5959" value="place"/>
		<feat xlink:href="#sSpan5995" value="abstract"/>
		<feat xlink:href="#sSpan6026" value="place"/>
		<feat xlink:href="#sSpan6033" value="place"/>
		<feat xlink:href="#sSpan6057" value="place"/>
		<feat xlink:href="#sSpan6067" value="abstract"/>
		<feat xlink:href="#sSpan6074" value="time"/>
		<feat xlink:href="#sSpan6089" value="abstract"/>
		<feat xlink:href="#sSpan6098" value="place"/>
		<feat xlink:href="#sSpan6105" value="abstract"/>
		<feat xlink:href="#sSpan6112" value="person"/>
		<feat xlink:href="#sSpan6123" value="place"/>
		<feat xlink:href="#sSpan6128" value="person"/>
		<feat xlink:href="#sSpan6196" value="abstract"/>
		<feat xlink:href="#sSpan6216" value="abstract"/>
		<feat xlink:href="#sSpan6223" value="abstract"/>
		<feat xlink:href="#sSpan6240" value="person"/>
		<feat xlink:href="#sSpan6259" value="person"/>
		<feat xlink:href="#sSpan6286" value="person"/>
		<feat xlink:href="#sSpan6309" value="time"/>
		<feat xlink:href="#sSpan6318" value="place"/>
		<feat xlink:href="#sSpan6345" value="time"/>
		<feat xlink:href="#sSpan6361" value="person"/>
		<feat xlink:href="#sSpan6385" value="person"/>
		<feat xlink:href="#sSpan6397" value="object"/>
		<feat xlink:href="#sSpan6420" value="person"/>
		<feat xlink:href="#sSpan6434" value="place"/>
		<feat xlink:href="#sSpan6448" value="person"/>
		<feat xlink:href="#sSpan6477" value="abstract"/>
		<feat xlink:href="#sSpan6489" value="person"/>
		<feat xlink:href="#sSpan6515" value="person"/>
		<feat xlink:href="#sSpan6542" value="abstract"/>
		<feat xlink:href="#sSpan6551" value="plant"/>
		<feat xlink:href="#sSpan6560" value="place"/>
		<feat xlink:href="#sSpan6569" value="abstract"/>
		<feat xlink:href="#sSpan6581" value="person"/>
		<feat xlink:href="#sSpan6606" value="time"/>
		<feat xlink:href="#sSpan6628" value="time"/>
		<feat xlink:href="#sSpan6653" value="time"/>
		<feat xlink:href="#sSpan6676" value="place"/>
		<feat xlink:href="#sSpan6685" value="abstract"/>
		<feat xlink:href="#sSpan6698" value="abstract"/>
		<feat xlink:href="#sSpan6711" value="abstract"/>
		<feat xlink:href="#sSpan6720" value="object"/>
		<feat xlink:href="#sSpan6732" value="time"/>
		<feat xlink:href="#sSpan6793" value="abstract"/>
		<feat xlink:href="#sSpan6816" value="person"/>
		<feat xlink:href="#sSpan6841" value="person"/>
		<feat xlink:href="#sSpan6859" value="person"/>
		<feat xlink:href="#sSpan6867" value="abstract"/></featList></paula>