<?xml version='1.0' encoding='UTF-8'?><!DOCTYPE paula SYSTEM "paula_feat.dtd">
<paula version="1.1">
	<header paula_id="scriptorium.life.paul.tamma.01.mark_note"/>
	<featList xmlns:xlink="http://www.w3.org/1999/xlink" type="note" xml:base="scriptorium.life.paul.tamma.01.mark.xml">
		<feat xlink:href="#sSpan592" value="lacuna"/>
		<feat xlink:href="#sSpan3621" value="lacuna"/>
		<feat xlink:href="#sSpan3814" value="lacuna"/>
		<feat xlink:href="#sSpan4035" value="lacuna"/>
		<feat xlink:href="#sSpan4285" value="lacuna"/>
		<feat xlink:href="#sSpan4427" value="lacuna"/></featList></paula>