<?xml version='1.0' encoding='UTF-8'?><!DOCTYPE paula SYSTEM "paula_feat.dtd">
<paula version="1.1">
	<header paula_id="scriptorium.AP_006_n196_worms.mark_hi_rend"/>
	<featList xmlns:xlink="http://www.w3.org/1999/xlink" type="hi_rend" xml:base="scriptorium.AP_006_n196_worms.mark.xml">
		<feat xlink:href="#sSpan1" value="large ekthetic tall red"/>
		<feat xlink:href="#sSpan68" value="large ekthetic red"/>
		<feat xlink:href="#sSpan123" value="long"/>
		<feat xlink:href="#sSpan130" value="2 space right"/>
		<feat xlink:href="#sSpan188" value="large ekthetic red"/></featList></paula>