<?xml version='1.0' encoding='UTF-8'?><!DOCTYPE paula SYSTEM "paula_feat.dtd">
<paula version="1.1">
	<header paula_id="scriptorium.PMich_inv_1523.dep_func"/>
	<featList xmlns:xlink="http://www.w3.org/1999/xlink" type="func" xml:base="scriptorium.PMich_inv_1523.dep.xml">
		<feat xlink:href="#sPointingRel1" value="case"/>
		<feat xlink:href="#sPointingRel3" value="cc"/>
		<feat xlink:href="#sPointingRel5" value="nsubj"/>
		<feat xlink:href="#sPointingRel7" value="case"/>
		<feat xlink:href="#sPointingRel9" value="dislocated"/>
		<feat xlink:href="#sPointingRel11" value="mark"/>
		<feat xlink:href="#sPointingRel13" value="conj"/>
		<feat xlink:href="#sPointingRel15" value="mark"/>
		<feat xlink:href="#sPointingRel17" value="obl"/>
		<feat xlink:href="#sPointingRel19" value="obj"/>
		<feat xlink:href="#sPointingRel21" value="det"/>
		<feat xlink:href="#sPointingRel23" value="nsubj"/>
		<feat xlink:href="#sPointingRel25" value="case"/>
		<feat xlink:href="#sPointingRel27" value="acl"/>
		<feat xlink:href="#sPointingRel29" value="obl"/>
		<feat xlink:href="#sPointingRel31" value="obl"/>
		<feat xlink:href="#sPointingRel33" value="cc"/>
		<feat xlink:href="#sPointingRel35" value="det"/>
		<feat xlink:href="#sPointingRel37" value="obl"/>
		<feat xlink:href="#sPointingRel39" value="nsubj"/>
		<feat xlink:href="#sPointingRel41" value="case"/>
		<feat xlink:href="#sPointingRel43" value="nsubj"/>
		<feat xlink:href="#sPointingRel45" value="obl"/>
		<feat xlink:href="#sPointingRel47" value="obl"/>
		<feat xlink:href="#sPointingRel49" value="advcl"/>
		<feat xlink:href="#sPointingRel51" value="obl"/>
		<feat xlink:href="#sPointingRel53" value="det"/>
		<feat xlink:href="#sPointingRel55" value="obj"/>
		<feat xlink:href="#sPointingRel57" value="det"/>
		<feat xlink:href="#sPointingRel59" value="obj"/>
		<feat xlink:href="#sPointingRel61" value="cc"/>
		<feat xlink:href="#sPointingRel63" value="nmod"/>
		<feat xlink:href="#sPointingRel65" value="nsubj"/>
		<feat xlink:href="#sPointingRel67" value="advmod"/>
		<feat xlink:href="#sPointingRel69" value="det"/>
		<feat xlink:href="#sPointingRel71" value="det"/>
		<feat xlink:href="#sPointingRel73" value="det"/>
		<feat xlink:href="#sPointingRel75" value="det"/>
		<feat xlink:href="#sPointingRel77" value="det"/>
		<feat xlink:href="#sPointingRel79" value="case"/>
		<feat xlink:href="#sPointingRel81" value="conj"/>
		<feat xlink:href="#sPointingRel83" value="advmod"/>
		<feat xlink:href="#sPointingRel85" value="aux"/>
		<feat xlink:href="#sPointingRel87" value="cc"/>
		<feat xlink:href="#sPointingRel89" value="det"/>
		<feat xlink:href="#sPointingRel91" value="case"/>
		<feat xlink:href="#sPointingRel93" value="det"/>
		<feat xlink:href="#sPointingRel95" value="advmod"/>
		<feat xlink:href="#sPointingRel97" value="nsubj"/>
		<feat xlink:href="#sPointingRel99" value="cc"/>
		<feat xlink:href="#sPointingRel101" value="det"/>
		<feat xlink:href="#sPointingRel103" value="acl"/>
		<feat xlink:href="#sPointingRel105" value="case"/>
		<feat xlink:href="#sPointingRel107" value="advmod"/>
		<feat xlink:href="#sPointingRel109" value="conj"/>
		<feat xlink:href="#sPointingRel111" value="obj"/>
		<feat xlink:href="#sPointingRel113" value="case"/>
		<feat xlink:href="#sPointingRel115" value="nmod"/>
		<feat xlink:href="#sPointingRel117" value="nsubj"/>
		<feat xlink:href="#sPointingRel119" value="conj"/>
		<feat xlink:href="#sPointingRel121" value="case"/>
		<feat xlink:href="#sPointingRel123" value="det"/>
		<feat xlink:href="#sPointingRel125" value="obl"/>
		<feat xlink:href="#sPointingRel127" value="conj"/>
		<feat xlink:href="#sPointingRel129" value="det"/>
		<feat xlink:href="#sPointingRel131" value="case"/>
		<feat xlink:href="#sPointingRel133" value="conj"/>
		<feat xlink:href="#sPointingRel135" value="nsubj"/>
		<feat xlink:href="#sPointingRel137" value="case"/>
		<feat xlink:href="#sPointingRel139" value="case"/>
		<feat xlink:href="#sPointingRel141" value="obj"/>
		<feat xlink:href="#sPointingRel143" value="det"/>
		<feat xlink:href="#sPointingRel145" value="nsubj"/>
		<feat xlink:href="#sPointingRel147" value="mark"/>
		<feat xlink:href="#sPointingRel149" value="acl"/>
		<feat xlink:href="#sPointingRel151" value="case"/>
		<feat xlink:href="#sPointingRel153" value="nsubj"/>
		<feat xlink:href="#sPointingRel155" value="obl"/>
		<feat xlink:href="#sPointingRel157" value="parataxis"/>
		<feat xlink:href="#sPointingRel159" value="det"/>
		<feat xlink:href="#sPointingRel161" value="det"/>
		<feat xlink:href="#sPointingRel163" value="det"/>
		<feat xlink:href="#sPointingRel165" value="nmod"/>
		<feat xlink:href="#sPointingRel167" value="dislocated"/>
		<feat xlink:href="#sPointingRel169" value="det"/>
		<feat xlink:href="#sPointingRel171" value="mark"/>
		<feat xlink:href="#sPointingRel173" value="det"/>
		<feat xlink:href="#sPointingRel175" value="nsubj"/>
		<feat xlink:href="#sPointingRel177" value="mark"/>
		<feat xlink:href="#sPointingRel179" value="det"/>
		<feat xlink:href="#sPointingRel181" value="acl"/>
		<feat xlink:href="#sPointingRel183" value="acl"/>
		<feat xlink:href="#sPointingRel185" value="aux"/>
		<feat xlink:href="#sPointingRel187" value="aux"/>
		<feat xlink:href="#sPointingRel189" value="nmod"/>
		<feat xlink:href="#sPointingRel191" value="conj"/>
		<feat xlink:href="#sPointingRel193" value="case"/>
		<feat xlink:href="#sPointingRel195" value="obj"/>
		<feat xlink:href="#sPointingRel197" value="nsubj"/>
		<feat xlink:href="#sPointingRel199" value="det"/>
		<feat xlink:href="#sPointingRel201" value="obj"/>
		<feat xlink:href="#sPointingRel203" value="parataxis"/>
		<feat xlink:href="#sPointingRel205" value="conj"/>
		<feat xlink:href="#sPointingRel207" value="case"/>
		<feat xlink:href="#sPointingRel209" value="advcl"/>
		<feat xlink:href="#sPointingRel211" value="nsubj"/>
		<feat xlink:href="#sPointingRel213" value="obl"/>
		<feat xlink:href="#sPointingRel215" value="mark"/>
		<feat xlink:href="#sPointingRel217" value="nmod"/>
		<feat xlink:href="#sPointingRel219" value="nmod"/>
		<feat xlink:href="#sPointingRel221" value="mark"/>
		<feat xlink:href="#sPointingRel223" value="obj"/>
		<feat xlink:href="#sPointingRel225" value="obl"/>
		<feat xlink:href="#sPointingRel227" value="det"/>
		<feat xlink:href="#sPointingRel229" value="conj"/>
		<feat xlink:href="#sPointingRel231" value="det"/>
		<feat xlink:href="#sPointingRel233" value="case"/>
		<feat xlink:href="#sPointingRel235" value="case"/>
		<feat xlink:href="#sPointingRel237" value="det"/>
		<feat xlink:href="#sPointingRel239" value="nmod"/>
		<feat xlink:href="#sPointingRel241" value="case"/>
		<feat xlink:href="#sPointingRel243" value="advcl"/>
		<feat xlink:href="#sPointingRel245" value="det"/>
		<feat xlink:href="#sPointingRel247" value="case"/>
		<feat xlink:href="#sPointingRel249" value="parataxis"/>
		<feat xlink:href="#sPointingRel251" value="det"/>
		<feat xlink:href="#sPointingRel253" value="cc"/>
		<feat xlink:href="#sPointingRel255" value="mark"/>
		<feat xlink:href="#sPointingRel257" value="case"/>
		<feat xlink:href="#sPointingRel259" value="obj"/>
		<feat xlink:href="#sPointingRel261" value="acl"/>
		<feat xlink:href="#sPointingRel263" value="obj"/>
		<feat xlink:href="#sPointingRel265" value="det"/>
		<feat xlink:href="#sPointingRel267" value="cc"/>
		<feat xlink:href="#sPointingRel269" value="cc"/>
		<feat xlink:href="#sPointingRel271" value="nsubj"/>
		<feat xlink:href="#sPointingRel273" value="obl"/>
		<feat xlink:href="#sPointingRel275" value="cc"/>
		<feat xlink:href="#sPointingRel277" value="det"/>
		<feat xlink:href="#sPointingRel279" value="conj"/>
		<feat xlink:href="#sPointingRel281" value="cc"/>
		<feat xlink:href="#sPointingRel283" value="nsubj"/>
		<feat xlink:href="#sPointingRel285" value="case"/>
		<feat xlink:href="#sPointingRel287" value="nsubj"/>
		<feat xlink:href="#sPointingRel289" value="obl"/>
		<feat xlink:href="#sPointingRel291" value="mark"/>
		<feat xlink:href="#sPointingRel293" value="case"/>
		<feat xlink:href="#sPointingRel295" value="parataxis"/>
		<feat xlink:href="#sPointingRel297" value="case"/>
		<feat xlink:href="#sPointingRel299" value="mark"/>
		<feat xlink:href="#sPointingRel301" value="parataxis"/>
		<feat xlink:href="#sPointingRel303" value="case"/>
		<feat xlink:href="#sPointingRel305" value="conj"/>
		<feat xlink:href="#sPointingRel307" value="case"/>
		<feat xlink:href="#sPointingRel309" value="advcl"/>
		<feat xlink:href="#sPointingRel311" value="obl"/>
		<feat xlink:href="#sPointingRel313" value="nsubj"/>
		<feat xlink:href="#sPointingRel315" value="advmod"/>
		<feat xlink:href="#sPointingRel317" value="cc"/>
		<feat xlink:href="#sPointingRel319" value="obl"/>
		<feat xlink:href="#sPointingRel321" value="advmod"/>
		<feat xlink:href="#sPointingRel323" value="acl"/>
		<feat xlink:href="#sPointingRel325" value="mark"/>
		<feat xlink:href="#sPointingRel327" value="det"/></featList></paula>