<?xml version='1.0' encoding='UTF-8'?><!DOCTYPE paula SYSTEM "paula_feat.dtd">
<paula version="1.1">
	<header paula_id="scriptorium.PMich_inv_1523.mark_verse_n"/>
	<featList xmlns:xlink="http://www.w3.org/1999/xlink" type="verse_n" xml:base="scriptorium.PMich_inv_1523.mark.xml">
		<feat xlink:href="#sSpan7" value="1"/>
		<feat xlink:href="#sSpan50" value="2"/>
		<feat xlink:href="#sSpan82" value="3"/>
		<feat xlink:href="#sSpan180" value="4"/>
		<feat xlink:href="#sSpan213" value="5"/>
		<feat xlink:href="#sSpan315" value="6"/>
		<feat xlink:href="#sSpan469" value="7"/>
		<feat xlink:href="#sSpan510" value="8"/>
		<feat xlink:href="#sSpan539" value="9"/></featList></paula>