<?xml version='1.0' encoding='UTF-8'?><!DOCTYPE paula SYSTEM "paula_feat.dtd">
<paula version="1.1">
	<header paula_id="scriptorium.a22.YA517-518.mark_norm"/>
	<featList xmlns:xlink="http://www.w3.org/1999/xlink" type="norm" xml:base="scriptorium.a22.YA517-518.mark.xml">
		<feat xlink:href="#sSpan1" value="[…..]ⲉⲁ"/>
		<feat xlink:href="#sSpan13" value="ⲙⲕⲁϩ"/>
		<feat xlink:href="#sSpan17" value="[.....]"/>
		<feat xlink:href="#sSpan22" value="ⲉⲙⲁⲧⲉ"/>
		<feat xlink:href="#sSpan26" value="[.....]ⲩⲟ"/>
		<feat xlink:href="#sSpan31" value="ⲉ"/>
		<feat xlink:href="#sSpan38" value="ⲙⲕⲁϩ"/>
		<feat xlink:href="#sSpan41" value="ⲛⲓⲙ"/>
		<feat xlink:href="#sSpan46" value="ⲉ"/>
		<feat xlink:href="#sSpan50" value="ϥ"/>
		<feat xlink:href="#sSpan52" value="ϩⲣⲁⲓ"/>
		<feat xlink:href="#sSpan54" value="ϩⲓϫⲱ"/>
		<feat xlink:href="#sSpan60" value="ⲓ"/>
		<feat xlink:href="#sSpan63" value="·"/>
		<feat xlink:href="#sSpan67" value="ⲉⲧⲃⲉ"/>
		<feat xlink:href="#sSpan76" value="ⲛ"/>
		<feat xlink:href="#sSpan80" value="ϣⲉⲉⲣⲉ"/>
		<feat xlink:href="#sSpan83" value="ⲇⲉ"/>
		<feat xlink:href="#sSpan87" value="ϣⲏⲙ"/>
		<feat xlink:href="#sSpan91" value="ⲛⲧ"/>
		<feat xlink:href="#sSpan96" value="ⲁ"/>
		<feat xlink:href="#sSpan98" value="ⲛ"/>
		<feat xlink:href="#sSpan100" value="ⲥⲱⲧⲙ"/>
		<feat xlink:href="#sSpan102" value="ⲉⲧⲃⲏⲏⲧ"/>
		<feat xlink:href="#sSpan107" value="ⲟⲩ"/>
		<feat xlink:href="#sSpan110" value="·"/>
		<feat xlink:href="#sSpan112" value="ϫⲉ"/>
		<feat xlink:href="#sSpan119" value="ⲥⲉ"/>
		<feat xlink:href="#sSpan122" value="ⲛⲁ"/>
		<feat xlink:href="#sSpan124" value="ⲡⲱⲧ"/>
		<feat xlink:href="#sSpan126" value="ⲉϩⲟⲩⲛ"/>
		<feat xlink:href="#sSpan130" value="ⲉ"/>
		<feat xlink:href="#sSpan135" value="ⲛⲉⲩ"/>
		<feat xlink:href="#sSpan137" value="ⲉⲣⲏⲩ"/>
		<feat xlink:href="#sSpan139" value="ϩⲛ"/>
		<feat xlink:href="#sSpan143" value="ⲟⲩⲱϣ"/>
		<feat xlink:href="#sSpan147" value="ⲛ"/>
		<feat xlink:href="#sSpan152" value="ⲥⲁⲣⲕⲓⲕⲟⲛ"/>
		<feat xlink:href="#sSpan156" value="·"/>
		<feat xlink:href="#sSpan160" value="ⲙⲁ"/>
		<feat xlink:href="#sSpan167" value="ⲧⲁⲙⲟ"/>
		<feat xlink:href="#sSpan170" value="ⲓ"/>
		<feat xlink:href="#sSpan172" value="ⲉⲧⲃⲏⲏⲧ"/>
		<feat xlink:href="#sSpan176" value="ⲟⲩ"/>
		<feat xlink:href="#sSpan178" value="ϩⲛ"/>
		<feat xlink:href="#sSpan183" value="ⲟⲩ"/>
		<feat xlink:href="#sSpan185" value="ⲱⲣϫ"/>
		<feat xlink:href="#sSpan187" value="ϫⲉ"/>
		<feat xlink:href="#sSpan191" value="ⲉⲓⲉ"/>
		<feat xlink:href="#sSpan194" value="ⲉⲓⲙⲉ"/>
		<feat xlink:href="#sSpan196" value="ⲁⲩⲱ"/>
		<feat xlink:href="#sSpan204" value="ϯ"/>
		<feat xlink:href="#sSpan208" value="ⲛⲁ"/>
		<feat xlink:href="#sSpan210" value="ⲧⲁⲙⲱ"/>
		<feat xlink:href="#sSpan212" value="ⲧⲛ"/>
		<feat xlink:href="#sSpan215" value="ϫⲉ"/>
		<feat xlink:href="#sSpan219" value="ⲉ"/>
		<feat xlink:href="#sSpan221" value="ⲧⲉⲧⲛ"/>
		<feat xlink:href="#sSpan223" value="ⲛⲁ"/>
		<feat xlink:href="#sSpan226" value="ⲣ"/>
		<feat xlink:href="#sSpan228" value="ⲟⲩ"/>
		<feat xlink:href="#sSpan230" value="ⲛⲁ"/>
		<feat xlink:href="#sSpan234" value="ⲩ"/>
		<feat xlink:href="#sSpan236" value="·"/>
		<feat xlink:href="#sSpan241" value="ⲉⲧⲃⲉ"/>
		<feat xlink:href="#sSpan249" value="ⲧⲁⲓ"/>
		<feat xlink:href="#sSpan253" value="ⲇⲉ"/>
		<feat xlink:href="#sSpan257" value="ⲟⲛ"/>
		<feat xlink:href="#sSpan261" value="ⲛⲧⲁ"/>
		<feat xlink:href="#sSpan266" value="ⲧⲉⲧⲛ"/>
		<feat xlink:href="#sSpan268" value="ϫⲟⲟ"/>
		<feat xlink:href="#sSpan271" value="ⲥ"/>
		<feat xlink:href="#sSpan273" value="ⲉⲧⲃⲏⲏⲧ"/>
		<feat xlink:href="#sSpan277" value="ⲥ"/>
		<feat xlink:href="#sSpan279" value="ⲉ"/>
		<feat xlink:href="#sSpan287" value="ⲧⲣⲉ"/>
		<feat xlink:href="#sSpan289" value="ⲥ"/>
		<feat xlink:href="#sSpan291" value="ⲃⲱⲕ"/>
		<feat xlink:href="#sSpan294" value="ⲉ"/>
		<feat xlink:href="#sSpan298" value="ⲡ"/>
		<feat xlink:href="#sSpan302" value="ⲙⲁ"/>
		<feat xlink:href="#sSpan304" value="ⲛⲧ"/>
		<feat xlink:href="#sSpan308" value="ⲁ"/>
		<feat xlink:href="#sSpan310" value="ⲧⲉⲧⲛ"/>
		<feat xlink:href="#sSpan313" value="ⲧⲟϣ"/>
		<feat xlink:href="#sSpan315" value="ϥ"/>
		<feat xlink:href="#sSpan317" value="ⲛⲁ"/>
		<feat xlink:href="#sSpan321" value="ⲥ"/>
		<feat xlink:href="#sSpan323" value="ⲉ"/>
		<feat xlink:href="#sSpan331" value="ⲧⲣⲉ"/>
		<feat xlink:href="#sSpan333" value="ⲥ"/>
		<feat xlink:href="#sSpan335" value="ⲣ"/>
		<feat xlink:href="#sSpan337" value="ⲡⲉⲥ"/>
		<feat xlink:href="#sSpan340" value="ϩⲱⲃ"/>
		<feat xlink:href="#sSpan343" value="ⲛϩⲏⲧ"/>
		<feat xlink:href="#sSpan347" value="ϥ"/>
		<feat xlink:href="#sSpan349" value="ⲉ"/>
		<feat xlink:href="#sSpan355" value="ⲁ"/>
		<feat xlink:href="#sSpan357" value="ⲥ"/>
		<feat xlink:href="#sSpan359" value="ϫⲟⲟ"/>
		<feat xlink:href="#sSpan361" value="ⲥ"/>
		<feat xlink:href="#sSpan363" value="ⲛⲏ"/>
		<feat xlink:href="#sSpan367" value="ⲧⲛ"/>
		<feat xlink:href="#sSpan370" value="ϫⲉ"/>
		<feat xlink:href="#sSpan377" value="ⲉϣϫⲉ"/>
		<feat xlink:href="#sSpan379" value="ⲧⲉⲧⲛ"/>
		<feat xlink:href="#sSpan382" value="ⲛⲁ"/>
		<feat xlink:href="#sSpan384" value="ⲛⲧ"/>
		<feat xlink:href="#sSpan386" value="ⲉⲃⲟⲗ"/>
		<feat xlink:href="#sSpan391" value="ϩⲙ"/>
		<feat xlink:href="#sSpan395" value="ⲡⲉⲓ"/>
		<feat xlink:href="#sSpan398" value="ⲙⲁ"/>
		<feat xlink:href="#sSpan400" value="ⲉ"/>
		<feat xlink:href="#sSpan406" value="ⲡⲁⲓ"/>
		<feat xlink:href="#sSpan409" value="ⲛ"/>
		<feat xlink:href="#sSpan416" value="ϯ"/>
		<feat xlink:href="#sSpan418" value="ⲛⲁ"/>
		<feat xlink:href="#sSpan421" value="ⲣϩⲱⲃ"/>
		<feat xlink:href="#sSpan425" value="ⲁⲛ"/>
		<feat xlink:href="#sSpan429" value="ⲉ"/>
		<feat xlink:href="#sSpan433" value="ⲡ"/>
		<feat xlink:href="#sSpan436" value="ϩⲱⲃ"/>
		<feat xlink:href="#sSpan441" value="ⲉⲧ"/>
		<feat xlink:href="#sSpan446" value="ⲓ"/>
		<feat xlink:href="#sSpan449" value="ⲣϩⲱⲃ"/>
		<feat xlink:href="#sSpan452" value="ⲉⲣⲟ"/>
		<feat xlink:href="#sSpan456" value="ϥ"/>
		<feat xlink:href="#sSpan458" value="·"/>
		<feat xlink:href="#sSpan462" value="ⲁⲩⲱ"/>
		<feat xlink:href="#sSpan470" value="ⲉϣⲱⲡⲉ"/>
		<feat xlink:href="#sSpan474" value="ⲙⲡ"/>
		<feat xlink:href="#sSpan479" value="ⲥ"/>
		<feat xlink:href="#sSpan481" value="ⲣ"/>
		<feat xlink:href="#sSpan483" value="ϩⲛⲁ"/>
		<feat xlink:href="#sSpan485" value="ⲥ"/>
		<feat xlink:href="#sSpan487" value="ⲛⲁⲙⲉ"/>
		<feat xlink:href="#sSpan492" value="·"/>
		<feat xlink:href="#sSpan496" value="ⲉⲓⲉ"/>
		<feat xlink:href="#sSpan503" value="ⲁϫⲓ"/>
		<feat xlink:href="#sSpan505" value="ⲥ"/>
		<feat xlink:href="#sSpan507" value="ⲟⲛ"/>
		<feat xlink:href="#sSpan512" value="ⲉⲣⲟ"/>
		<feat xlink:href="#sSpan516" value="ⲓ"/>
		<feat xlink:href="#sSpan518" value="ϯ"/>
		<feat xlink:href="#sSpan522" value="ⲛⲁ"/>
		<feat xlink:href="#sSpan524" value="ⲧⲥⲁⲃⲱ"/>
		<feat xlink:href="#sSpan527" value="ⲧⲛ"/>
		<feat xlink:href="#sSpan529" value="ⲉ"/>
		<feat xlink:href="#sSpan533" value="ⲡ"/>
		<feat xlink:href="#sSpan537" value="ⲉⲧ"/>
		<feat xlink:href="#sSpan539" value="ⲧⲉⲧⲛ"/>
		<feat xlink:href="#sSpan541" value="ⲛⲁ"/>
		<feat xlink:href="#sSpan543" value="ⲁⲁ"/>
		<feat xlink:href="#sSpan546" value="ϥ"/>
		<feat xlink:href="#sSpan548" value="ⲛⲁ"/>
		<feat xlink:href="#sSpan553" value="ⲥ"/>
		<feat xlink:href="#sSpan555" value="·"/>
		<feat xlink:href="#sSpan560" value="ⲛⲧⲱⲧⲛ"/>
		<feat xlink:href="#sSpan570" value="ⲇⲉ"/>
		<feat xlink:href="#sSpan574" value="ⲧⲏⲣ"/>
		<feat xlink:href="#sSpan578" value="ⲧⲛ"/>
		<feat xlink:href="#sSpan581" value="ⲉⲧⲉⲧⲛϣⲁⲛ"/>
		<feat xlink:href="#sSpan585" value="ϩⲱⲡ"/>
		<feat xlink:href="#sSpan587" value="ⲉⲣⲟ"/>
		<feat xlink:href="#sSpan592" value="ⲛ"/>
		<feat xlink:href="#sSpan594" value="ⲛ"/>
		<feat xlink:href="#sSpan598" value="ⲟⲩ"/>
		<feat xlink:href="#sSpan601" value="ϩⲱⲃ"/>
		<feat xlink:href="#sSpan603" value="ⲛ"/>
		<feat xlink:href="#sSpan608" value="ⲕⲣⲟϥ"/>
		<feat xlink:href="#sSpan610" value="ϩⲁ"/>
		<feat xlink:href="#sSpan614" value="ⲧⲛ"/>
		<feat xlink:href="#sSpan616" value="ⲧⲏⲩⲧⲛ"/>
		<feat xlink:href="#sSpan621" value="ⲉ"/>
		<feat xlink:href="#sSpan625" value="ⲧⲙ"/>
		<feat xlink:href="#sSpan627" value="ⲧⲣⲉ"/>
		<feat xlink:href="#sSpan630" value="ⲧⲛ"/>
		<feat xlink:href="#sSpan632" value="ⲧⲁⲙⲟ"/>
		<feat xlink:href="#sSpan635" value="ⲛ"/>
		<feat xlink:href="#sSpan637" value="ⲉⲣⲟ"/>
		<feat xlink:href="#sSpan642" value="ϥ"/>
		<feat xlink:href="#sSpan644" value="·"/>
		<feat xlink:href="#sSpan648" value="ⲉ"/>
		<feat xlink:href="#sSpan656" value="ⲧⲉⲧⲛ"/>
		<feat xlink:href="#sSpan658" value="ⲧⲟⲩⲛⲟⲥ"/>
		<feat xlink:href="#sSpan661" value="ⲙ"/>
		<feat xlink:href="#sSpan665" value="ⲡ"/>
		<feat xlink:href="#sSpan669" value="ⲥⲁⲧⲁⲛⲁⲥ"/>
		<feat xlink:href="#sSpan672" value="ⲉϩⲣⲁⲓ"/>
		<feat xlink:href="#sSpan676" value="ⲉϫⲱ"/>
		<feat xlink:href="#sSpan681" value="ⲧⲛ"/>
		<feat xlink:href="#sSpan683" value="ⲙⲙⲓⲛⲙⲙⲱ"/>
		<feat xlink:href="#sSpan688" value="ⲧⲛ"/>
		<feat xlink:href="#sSpan690" value="·"/>
		<feat xlink:href="#sSpan694" value="ⲁⲩⲱ"/>
		<feat xlink:href="#sSpan701" value="ⲉ"/>
		<feat xlink:href="#sSpan706" value="ⲧⲉⲧⲛ"/>
		<feat xlink:href="#sSpan708" value="ⲕⲧⲟ"/>
		<feat xlink:href="#sSpan711" value="ⲉⲃⲟⲗ"/>
		<feat xlink:href="#sSpan716" value="ⲙⲙⲱ"/>
		<feat xlink:href="#sSpan720" value="ⲧⲛ"/>
		<feat xlink:href="#sSpan722" value="ⲛ"/>
		<feat xlink:href="#sSpan727" value="ⲧ"/>
		<feat xlink:href="#sSpan731" value="ⲃⲟⲏⲑⲓⲁ"/>
		<feat xlink:href="#sSpan733" value="ⲙ"/>
		<feat xlink:href="#sSpan737" value="ⲡ"/>
		<feat xlink:href="#sSpan741" value="ⲛⲟⲩⲧⲉ"/>
		<feat xlink:href="#sSpan743" value="ⲙⲁⲩⲁⲧ"/>
		<feat xlink:href="#sSpan748" value="ⲧⲏⲩⲧⲛ"/>
		<feat xlink:href="#sSpan750" value="·"/>
		<feat xlink:href="#sSpan754" value="ⲉⲓⲥ"/>
		<feat xlink:href="#sSpan762" value="ⲡ"/>
		<feat xlink:href="#sSpan767" value="ϩⲗⲗⲟ"/>
		<feat xlink:href="#sSpan769" value="ⲁ"/>
		<feat xlink:href="#sSpan773" value="ⲓ"/>
		<feat xlink:href="#sSpan775" value="ⲧⲛⲛⲟⲟⲩ"/>
		<feat xlink:href="#sSpan778" value="ϥ"/>
		<feat xlink:href="#sSpan780" value="ϣⲁⲣⲱ"/>
		<feat xlink:href="#sSpan784" value="ⲧⲛ"/>
		<feat xlink:href="#sSpan787" value="ⲙ"/>
		<feat xlink:href="#sSpan791" value="ⲡⲉⲓ"/>
		<feat xlink:href="#sSpan794" value="ⲕⲉ"/>
		<feat xlink:href="#sSpan796" value="ⲥⲟⲡ[.]"/>
		<feat xlink:href="#sSpan803" value="ⲛ"/>
		<feat xlink:href="#sSpan808" value="ϩⲟⲥⲟⲛ"/>
		<feat xlink:href="#sSpan810" value="ⲉ"/>
		<feat xlink:href="#sSpan815" value="ⲛ"/>
		<feat xlink:href="#sSpan817" value="ϣⲟⲟⲡ"/>
		<feat xlink:href="#sSpan819" value=":"/>
		<feat xlink:href="#sSpan824" value="ⲻ"/></featList></paula>