<?xml version='1.0' encoding='UTF-8'?><!DOCTYPE paula SYSTEM "paula_rel.dtd">
<paula version="1.1">
	<header paula_id="scriptorium.a22.YA517-518.dep"/>
	<relList xmlns:xlink="http://www.w3.org/1999/xlink" type="dep">
		<rel id="sPointingRel1" xlink:href="scriptorium.a22.YA517-518.mark.xml#sSpan775" target="scriptorium.a22.YA517-518.mark.xml#sSpan769"/>
		<rel id="sPointingRel3" xlink:href="scriptorium.a22.YA517-518.mark.xml#sSpan775" target="scriptorium.a22.YA517-518.mark.xml#sSpan773"/>
		<rel id="sPointingRel5" xlink:href="scriptorium.a22.YA517-518.mark.xml#sSpan731" target="scriptorium.a22.YA517-518.mark.xml#sSpan727"/>
		<rel id="sPointingRel7" xlink:href="scriptorium.a22.YA517-518.mark.xml#sSpan38" target="scriptorium.a22.YA517-518.mark.xml#sSpan31"/>
		<rel id="sPointingRel9" xlink:href="scriptorium.a22.YA517-518.mark.xml#sSpan100" target="scriptorium.a22.YA517-518.mark.xml#sSpan96"/>
		<rel id="sPointingRel11" xlink:href="scriptorium.a22.YA517-518.mark.xml#sSpan269" target="scriptorium.a22.YA517-518.mark.xml#sSpan249"/>
		<rel id="sPointingRel13" xlink:href="scriptorium.a22.YA517-518.mark.xml#sSpan124" target="scriptorium.a22.YA517-518.mark.xml#sSpan112"/>
		<rel id="sPointingRel15" xlink:href="scriptorium.a22.YA517-518.mark.xml#sSpan332" target="scriptorium.a22.YA517-518.mark.xml#sSpan324"/>
		<rel id="sPointingRel17" xlink:href="scriptorium.a22.YA517-518.mark.xml#sSpan421" target="scriptorium.a22.YA517-518.mark.xml#sSpan425"/>
		<rel id="sPointingRel19" xlink:href="scriptorium.a22.YA517-518.mark.xml#sSpan384" target="scriptorium.a22.YA517-518.mark.xml#sSpan379"/>
		<rel id="sPointingRel21" xlink:href="scriptorium.a22.YA517-518.mark.xml#sSpan336" target="scriptorium.a22.YA517-518.mark.xml#sSpan341"/>
		<rel id="sPointingRel23" xlink:href="scriptorium.a22.YA517-518.mark.xml#sSpan13" target="scriptorium.a22.YA517-518.mark.xml#sSpan22"/>
		<rel id="sPointingRel25" xlink:href="scriptorium.a22.YA517-518.mark.xml#sSpan720" target="scriptorium.a22.YA517-518.mark.xml#sSpan716"/>
		<rel id="sPointingRel27" xlink:href="scriptorium.a22.YA517-518.mark.xml#sSpan124" target="scriptorium.a22.YA517-518.mark.xml#sSpan119"/>
		<rel id="sPointingRel29" xlink:href="scriptorium.a22.YA517-518.mark.xml#sSpan38" target="scriptorium.a22.YA517-518.mark.xml#sSpan52"/>
		<rel id="sPointingRel31" xlink:href="scriptorium.a22.YA517-518.mark.xml#sSpan784" target="scriptorium.a22.YA517-518.mark.xml#sSpan780"/>
		<rel id="sPointingRel33" xlink:href="scriptorium.a22.YA517-518.mark.xml#sSpan421" target="scriptorium.a22.YA517-518.mark.xml#sSpan436"/>
		<rel id="sPointingRel35" xlink:href="scriptorium.a22.YA517-518.mark.xml#sSpan533" target="scriptorium.a22.YA517-518.mark.xml#sSpan529"/>
		<rel id="sPointingRel37" xlink:href="scriptorium.a22.YA517-518.mark.xml#sSpan210" target="scriptorium.a22.YA517-518.mark.xml#sSpan226"/>
		<rel id="sPointingRel39" xlink:href="scriptorium.a22.YA517-518.mark.xml#sSpan143" target="scriptorium.a22.YA517-518.mark.xml#sSpan152"/>
		<rel id="sPointingRel41" xlink:href="scriptorium.a22.YA517-518.mark.xml#sSpan38" target="scriptorium.a22.YA517-518.mark.xml#sSpan50"/>
		<rel id="sPointingRel43" xlink:href="scriptorium.a22.YA517-518.mark.xml#sSpan503" target="scriptorium.a22.YA517-518.mark.xml#sSpan524"/>
		<rel id="sPointingRel45" xlink:href="scriptorium.a22.YA517-518.mark.xml#sSpan269" target="scriptorium.a22.YA517-518.mark.xml#sSpan253"/>
		<rel id="sPointingRel47" xlink:href="scriptorium.a22.YA517-518.mark.xml#sSpan516" target="scriptorium.a22.YA517-518.mark.xml#sSpan512"/>
		<rel id="sPointingRel49" xlink:href="scriptorium.a22.YA517-518.mark.xml#sSpan601" target="scriptorium.a22.YA517-518.mark.xml#sSpan598"/>
		<rel id="sPointingRel51" xlink:href="scriptorium.a22.YA517-518.mark.xml#sSpan731" target="scriptorium.a22.YA517-518.mark.xml#sSpan722"/>
		<rel id="sPointingRel53" xlink:href="scriptorium.a22.YA517-518.mark.xml#sSpan60" target="scriptorium.a22.YA517-518.mark.xml#sSpan54"/>
		<rel id="sPointingRel55" xlink:href="scriptorium.a22.YA517-518.mark.xml#sSpan601" target="scriptorium.a22.YA517-518.mark.xml#sSpan594"/>
		<rel id="sPointingRel57" xlink:href="scriptorium.a22.YA517-518.mark.xml#sSpan543" target="scriptorium.a22.YA517-518.mark.xml#sSpan539"/>
		<rel id="sPointingRel59" xlink:href="scriptorium.a22.YA517-518.mark.xml#sSpan775" target="scriptorium.a22.YA517-518.mark.xml#sSpan767"/>
		<rel id="sPointingRel61" xlink:href="scriptorium.a22.YA517-518.mark.xml#sSpan669" target="scriptorium.a22.YA517-518.mark.xml#sSpan665"/>
		<rel id="sPointingRel63" xlink:href="scriptorium.a22.YA517-518.mark.xml#sSpan167" target="scriptorium.a22.YA517-518.mark.xml#sSpan170"/>
		<rel id="sPointingRel65" xlink:href="scriptorium.a22.YA517-518.mark.xml#sSpan632" target="scriptorium.a22.YA517-518.mark.xml#sSpan642"/>
		<rel id="sPointingRel67" xlink:href="scriptorium.a22.YA517-518.mark.xml#sSpan614" target="scriptorium.a22.YA517-518.mark.xml#sSpan610"/>
		<rel id="sPointingRel69" xlink:href="scriptorium.a22.YA517-518.mark.xml#sSpan743" target="scriptorium.a22.YA517-518.mark.xml#sSpan748"/>
		<rel id="sPointingRel71" xlink:href="scriptorium.a22.YA517-518.mark.xml#sSpan210" target="scriptorium.a22.YA517-518.mark.xml#sSpan212"/>
		<rel id="sPointingRel73" xlink:href="scriptorium.a22.YA517-518.mark.xml#sSpan481" target="scriptorium.a22.YA517-518.mark.xml#sSpan462"/>
		<rel id="sPointingRel75" xlink:href="scriptorium.a22.YA517-518.mark.xml#sSpan731" target="scriptorium.a22.YA517-518.mark.xml#sSpan741"/>
		<rel id="sPointingRel77" xlink:href="scriptorium.a22.YA517-518.mark.xml#sSpan585" target="scriptorium.a22.YA517-518.mark.xml#sSpan616"/>
		<rel id="sPointingRel79" xlink:href="scriptorium.a22.YA517-518.mark.xml#sSpan124" target="scriptorium.a22.YA517-518.mark.xml#sSpan126"/>
		<rel id="sPointingRel81" xlink:href="scriptorium.a22.YA517-518.mark.xml#sSpan658" target="scriptorium.a22.YA517-518.mark.xml#sSpan681"/>
		<rel id="sPointingRel83" xlink:href="scriptorium.a22.YA517-518.mark.xml#sSpan524" target="scriptorium.a22.YA517-518.mark.xml#sSpan533"/>
		<rel id="sPointingRel85" xlink:href="scriptorium.a22.YA517-518.mark.xml#sSpan288" target="scriptorium.a22.YA517-518.mark.xml#sSpan292"/>
		<rel id="sPointingRel87" xlink:href="scriptorium.a22.YA517-518.mark.xml#sSpan367" target="scriptorium.a22.YA517-518.mark.xml#sSpan363"/>
		<rel id="sPointingRel89" xlink:href="scriptorium.a22.YA517-518.mark.xml#sSpan160" target="scriptorium.a22.YA517-518.mark.xml#sSpan167"/>
		<rel id="sPointingRel91" xlink:href="scriptorium.a22.YA517-518.mark.xml#sSpan137" target="scriptorium.a22.YA517-518.mark.xml#sSpan130"/>
		<rel id="sPointingRel93" xlink:href="scriptorium.a22.YA517-518.mark.xml#sSpan681" target="scriptorium.a22.YA517-518.mark.xml#sSpan676"/>
		<rel id="sPointingRel95" xlink:href="scriptorium.a22.YA517-518.mark.xml#sSpan13" target="scriptorium.a22.YA517-518.mark.xml#sSpan1"/>
		<rel id="sPointingRel97" xlink:href="scriptorium.a22.YA517-518.mark.xml#sSpan269" target="scriptorium.a22.YA517-518.mark.xml#sSpan258"/>
		<rel id="sPointingRel99" xlink:href="scriptorium.a22.YA517-518.mark.xml#sSpan269" target="scriptorium.a22.YA517-518.mark.xml#sSpan272"/>
		<rel id="sPointingRel101" xlink:href="scriptorium.a22.YA517-518.mark.xml#sSpan808" target="scriptorium.a22.YA517-518.mark.xml#sSpan803"/>
		<rel id="sPointingRel103" xlink:href="scriptorium.a22.YA517-518.mark.xml#sSpan226" target="scriptorium.a22.YA517-518.mark.xml#sSpan228"/>
		<rel id="sPointingRel105" xlink:href="scriptorium.a22.YA517-518.mark.xml#sSpan449" target="scriptorium.a22.YA517-518.mark.xml#sSpan456"/>
		<rel id="sPointingRel107" xlink:href="scriptorium.a22.YA517-518.mark.xml#sSpan38" target="scriptorium.a22.YA517-518.mark.xml#sSpan41"/>
		<rel id="sPointingRel109" xlink:href="scriptorium.a22.YA517-518.mark.xml#sSpan421" target="scriptorium.a22.YA517-518.mark.xml#sSpan416"/>
		<rel id="sPointingRel111" xlink:href="scriptorium.a22.YA517-518.mark.xml#sSpan210" target="scriptorium.a22.YA517-518.mark.xml#sSpan204"/>
		<rel id="sPointingRel113" xlink:href="scriptorium.a22.YA517-518.mark.xml#sSpan80" target="scriptorium.a22.YA517-518.mark.xml#sSpan100"/>
		<rel id="sPointingRel115" xlink:href="scriptorium.a22.YA517-518.mark.xml#sSpan314" target="scriptorium.a22.YA517-518.mark.xml#sSpan309"/>
		<rel id="sPointingRel117" xlink:href="scriptorium.a22.YA517-518.mark.xml#sSpan817" target="scriptorium.a22.YA517-518.mark.xml#sSpan815"/>
		<rel id="sPointingRel119" xlink:href="scriptorium.a22.YA517-518.mark.xml#sSpan336" target="scriptorium.a22.YA517-518.mark.xml#sSpan359"/>
		<rel id="sPointingRel121" xlink:href="scriptorium.a22.YA517-518.mark.xml#sSpan503" target="scriptorium.a22.YA517-518.mark.xml#sSpan516"/>
		<rel id="sPointingRel123" xlink:href="scriptorium.a22.YA517-518.mark.xml#sSpan80" target="scriptorium.a22.YA517-518.mark.xml#sSpan87"/>
		<rel id="sPointingRel125" xlink:href="scriptorium.a22.YA517-518.mark.xml#sSpan124" target="scriptorium.a22.YA517-518.mark.xml#sSpan122"/>
		<rel id="sPointingRel127" xlink:href="scriptorium.a22.YA517-518.mark.xml#sSpan481" target="scriptorium.a22.YA517-518.mark.xml#sSpan470"/>
		<rel id="sPointingRel129" xlink:href="scriptorium.a22.YA517-518.mark.xml#sSpan384" target="scriptorium.a22.YA517-518.mark.xml#sSpan406"/>
		<rel id="sPointingRel131" xlink:href="scriptorium.a22.YA517-518.mark.xml#sSpan185" target="scriptorium.a22.YA517-518.mark.xml#sSpan183"/>
		<rel id="sPointingRel133" xlink:href="scriptorium.a22.YA517-518.mark.xml#sSpan585" target="scriptorium.a22.YA517-518.mark.xml#sSpan570"/>
		<rel id="sPointingRel135" xlink:href="scriptorium.a22.YA517-518.mark.xml#sSpan194" target="scriptorium.a22.YA517-518.mark.xml#sSpan191"/>
		<rel id="sPointingRel137" xlink:href="scriptorium.a22.YA517-518.mark.xml#sSpan384" target="scriptorium.a22.YA517-518.mark.xml#sSpan370"/>
		<rel id="sPointingRel139" xlink:href="scriptorium.a22.YA517-518.mark.xml#sSpan767" target="scriptorium.a22.YA517-518.mark.xml#sSpan762"/>
		<rel id="sPointingRel141" xlink:href="scriptorium.a22.YA517-518.mark.xml#sSpan292" target="scriptorium.a22.YA517-518.mark.xml#sSpan290"/>
		<rel id="sPointingRel143" xlink:href="scriptorium.a22.YA517-518.mark.xml#sSpan124" target="scriptorium.a22.YA517-518.mark.xml#sSpan143"/>
		<rel id="sPointingRel145" xlink:href="scriptorium.a22.YA517-518.mark.xml#sSpan226" target="scriptorium.a22.YA517-518.mark.xml#sSpan221"/>
		<rel id="sPointingRel147" xlink:href="scriptorium.a22.YA517-518.mark.xml#sSpan314" target="scriptorium.a22.YA517-518.mark.xml#sSpan316"/>
		<rel id="sPointingRel149" xlink:href="scriptorium.a22.YA517-518.mark.xml#sSpan176" target="scriptorium.a22.YA517-518.mark.xml#sSpan172"/>
		<rel id="sPointingRel151" xlink:href="scriptorium.a22.YA517-518.mark.xml#sSpan336" target="scriptorium.a22.YA517-518.mark.xml#sSpan334"/>
		<rel id="sPointingRel153" xlink:href="scriptorium.a22.YA517-518.mark.xml#sSpan143" target="scriptorium.a22.YA517-518.mark.xml#sSpan139"/>
		<rel id="sPointingRel155" xlink:href="scriptorium.a22.YA517-518.mark.xml#sSpan406" target="scriptorium.a22.YA517-518.mark.xml#sSpan400"/>
		<rel id="sPointingRel157" xlink:href="scriptorium.a22.YA517-518.mark.xml#sSpan642" target="scriptorium.a22.YA517-518.mark.xml#sSpan637"/>
		<rel id="sPointingRel159" xlink:href="scriptorium.a22.YA517-518.mark.xml#sSpan483" target="scriptorium.a22.YA517-518.mark.xml#sSpan485"/>
		<rel id="sPointingRel161" xlink:href="scriptorium.a22.YA517-518.mark.xml#sSpan288" target="scriptorium.a22.YA517-518.mark.xml#sSpan280"/>
		<rel id="sPointingRel163" xlink:href="scriptorium.a22.YA517-518.mark.xml#sSpan152" target="scriptorium.a22.YA517-518.mark.xml#sSpan147"/>
		<rel id="sPointingRel165" xlink:href="scriptorium.a22.YA517-518.mark.xml#sSpan503" target="scriptorium.a22.YA517-518.mark.xml#sSpan507"/>
		<rel id="sPointingRel167" xlink:href="scriptorium.a22.YA517-518.mark.xml#sSpan384" target="scriptorium.a22.YA517-518.mark.xml#sSpan377"/>
		<rel id="sPointingRel169" xlink:href="scriptorium.a22.YA517-518.mark.xml#sSpan436" target="scriptorium.a22.YA517-518.mark.xml#sSpan429"/>
		<rel id="sPointingRel171" xlink:href="scriptorium.a22.YA517-518.mark.xml#sSpan741" target="scriptorium.a22.YA517-518.mark.xml#sSpan737"/>
		<rel id="sPointingRel173" xlink:href="scriptorium.a22.YA517-518.mark.xml#sSpan708" target="scriptorium.a22.YA517-518.mark.xml#sSpan706"/>
		<rel id="sPointingRel175" xlink:href="scriptorium.a22.YA517-518.mark.xml#sSpan124" target="scriptorium.a22.YA517-518.mark.xml#sSpan137"/>
		<rel id="sPointingRel177" xlink:href="scriptorium.a22.YA517-518.mark.xml#sSpan269" target="scriptorium.a22.YA517-518.mark.xml#sSpan278"/>
		<rel id="sPointingRel179" xlink:href="scriptorium.a22.YA517-518.mark.xml#sSpan185" target="scriptorium.a22.YA517-518.mark.xml#sSpan178"/>
		<rel id="sPointingRel181" xlink:href="scriptorium.a22.YA517-518.mark.xml#sSpan574" target="scriptorium.a22.YA517-518.mark.xml#sSpan578"/>
		<rel id="sPointingRel183" xlink:href="scriptorium.a22.YA517-518.mark.xml#sSpan456" target="scriptorium.a22.YA517-518.mark.xml#sSpan452"/>
		<rel id="sPointingRel185" xlink:href="scriptorium.a22.YA517-518.mark.xml#sSpan449" target="scriptorium.a22.YA517-518.mark.xml#sSpan446"/>
		<rel id="sPointingRel187" xlink:href="scriptorium.a22.YA517-518.mark.xml#sSpan314" target="scriptorium.a22.YA517-518.mark.xml#sSpan322"/>
		<rel id="sPointingRel189" xlink:href="scriptorium.a22.YA517-518.mark.xml#sSpan384" target="scriptorium.a22.YA517-518.mark.xml#sSpan398"/>
		<rel id="sPointingRel191" xlink:href="scriptorium.a22.YA517-518.mark.xml#sSpan669" target="scriptorium.a22.YA517-518.mark.xml#sSpan661"/>
		<rel id="sPointingRel193" xlink:href="scriptorium.a22.YA517-518.mark.xml#sSpan585" target="scriptorium.a22.YA517-518.mark.xml#sSpan581"/>
		<rel id="sPointingRel195" xlink:href="scriptorium.a22.YA517-518.mark.xml#sSpan226" target="scriptorium.a22.YA517-518.mark.xml#sSpan215"/>
		<rel id="sPointingRel197" xlink:href="scriptorium.a22.YA517-518.mark.xml#sSpan341" target="scriptorium.a22.YA517-518.mark.xml#sSpan338"/>
		<rel id="sPointingRel199" xlink:href="scriptorium.a22.YA517-518.mark.xml#sSpan585" target="scriptorium.a22.YA517-518.mark.xml#sSpan614"/>
		<rel id="sPointingRel201" xlink:href="scriptorium.a22.YA517-518.mark.xml#sSpan314" target="scriptorium.a22.YA517-518.mark.xml#sSpan305"/>
		<rel id="sPointingRel203" xlink:href="scriptorium.a22.YA517-518.mark.xml#sSpan269" target="scriptorium.a22.YA517-518.mark.xml#sSpan267"/>
		<rel id="sPointingRel205" xlink:href="scriptorium.a22.YA517-518.mark.xml#sSpan775" target="scriptorium.a22.YA517-518.mark.xml#sSpan796"/>
		<rel id="sPointingRel207" xlink:href="scriptorium.a22.YA517-518.mark.xml#sSpan796" target="scriptorium.a22.YA517-518.mark.xml#sSpan794"/>
		<rel id="sPointingRel209" xlink:href="scriptorium.a22.YA517-518.mark.xml#sSpan194" target="scriptorium.a22.YA517-518.mark.xml#sSpan187"/>
		<rel id="sPointingRel211" xlink:href="scriptorium.a22.YA517-518.mark.xml#sSpan585" target="scriptorium.a22.YA517-518.mark.xml#sSpan592"/>
		<rel id="sPointingRel213" xlink:href="scriptorium.a22.YA517-518.mark.xml#sSpan292" target="scriptorium.a22.YA517-518.mark.xml#sSpan303"/>
		<rel id="sPointingRel215" xlink:href="scriptorium.a22.YA517-518.mark.xml#sSpan658" target="scriptorium.a22.YA517-518.mark.xml#sSpan672"/>
		<rel id="sPointingRel217" xlink:href="scriptorium.a22.YA517-518.mark.xml#sSpan167" target="scriptorium.a22.YA517-518.mark.xml#sSpan176"/>
		<rel id="sPointingRel219" xlink:href="scriptorium.a22.YA517-518.mark.xml#sSpan421" target="scriptorium.a22.YA517-518.mark.xml#sSpan409"/>
		<rel id="sPointingRel221" xlink:href="scriptorium.a22.YA517-518.mark.xml#sSpan167" target="scriptorium.a22.YA517-518.mark.xml#sSpan194"/>
		<rel id="sPointingRel223" xlink:href="scriptorium.a22.YA517-518.mark.xml#sSpan585" target="scriptorium.a22.YA517-518.mark.xml#sSpan560"/>
		<rel id="sPointingRel225" xlink:href="scriptorium.a22.YA517-518.mark.xml#sSpan708" target="scriptorium.a22.YA517-518.mark.xml#sSpan701"/>
		<rel id="sPointingRel227" xlink:href="scriptorium.a22.YA517-518.mark.xml#sSpan384" target="scriptorium.a22.YA517-518.mark.xml#sSpan386"/>
		<rel id="sPointingRel229" xlink:href="scriptorium.a22.YA517-518.mark.xml#sSpan481" target="scriptorium.a22.YA517-518.mark.xml#sSpan487"/>
		<rel id="sPointingRel231" xlink:href="scriptorium.a22.YA517-518.mark.xml#sSpan543" target="scriptorium.a22.YA517-518.mark.xml#sSpan546"/>
		<rel id="sPointingRel233" xlink:href="scriptorium.a22.YA517-518.mark.xml#sSpan226" target="scriptorium.a22.YA517-518.mark.xml#sSpan219"/>
		<rel id="sPointingRel235" xlink:href="scriptorium.a22.YA517-518.mark.xml#sSpan503" target="scriptorium.a22.YA517-518.mark.xml#sSpan496"/>
		<rel id="sPointingRel237" xlink:href="scriptorium.a22.YA517-518.mark.xml#sSpan708" target="scriptorium.a22.YA517-518.mark.xml#sSpan711"/>
		<rel id="sPointingRel239" xlink:href="scriptorium.a22.YA517-518.mark.xml#sSpan107" target="scriptorium.a22.YA517-518.mark.xml#sSpan102"/>
		<rel id="sPointingRel241" xlink:href="scriptorium.a22.YA517-518.mark.xml#sSpan38" target="scriptorium.a22.YA517-518.mark.xml#sSpan60"/>
		<rel id="sPointingRel243" xlink:href="scriptorium.a22.YA517-518.mark.xml#sSpan80" target="scriptorium.a22.YA517-518.mark.xml#sSpan83"/>
		<rel id="sPointingRel245" xlink:href="scriptorium.a22.YA517-518.mark.xml#sSpan13" target="scriptorium.a22.YA517-518.mark.xml#sSpan26"/>
		<rel id="sPointingRel247" xlink:href="scriptorium.a22.YA517-518.mark.xml#sSpan226" target="scriptorium.a22.YA517-518.mark.xml#sSpan234"/>
		<rel id="sPointingRel249" xlink:href="scriptorium.a22.YA517-518.mark.xml#sSpan332" target="scriptorium.a22.YA517-518.mark.xml#sSpan336"/>
		<rel id="sPointingRel251" xlink:href="scriptorium.a22.YA517-518.mark.xml#sSpan100" target="scriptorium.a22.YA517-518.mark.xml#sSpan98"/>
		<rel id="sPointingRel253" xlink:href="scriptorium.a22.YA517-518.mark.xml#sSpan543" target="scriptorium.a22.YA517-518.mark.xml#sSpan553"/>
		<rel id="sPointingRel255" xlink:href="scriptorium.a22.YA517-518.mark.xml#sSpan627" target="scriptorium.a22.YA517-518.mark.xml#sSpan625"/>
		<rel id="sPointingRel257" xlink:href="scriptorium.a22.YA517-518.mark.xml#sSpan708" target="scriptorium.a22.YA517-518.mark.xml#sSpan731"/>
		<rel id="sPointingRel259" xlink:href="scriptorium.a22.YA517-518.mark.xml#sSpan50" target="scriptorium.a22.YA517-518.mark.xml#sSpan46"/>
		<rel id="sPointingRel261" xlink:href="scriptorium.a22.YA517-518.mark.xml#sSpan796" target="scriptorium.a22.YA517-518.mark.xml#sSpan791"/>
		<rel id="sPointingRel263" xlink:href="scriptorium.a22.YA517-518.mark.xml#sSpan348" target="scriptorium.a22.YA517-518.mark.xml#sSpan344"/>
		<rel id="sPointingRel265" xlink:href="scriptorium.a22.YA517-518.mark.xml#sSpan524" target="scriptorium.a22.YA517-518.mark.xml#sSpan522"/>
		<rel id="sPointingRel267" xlink:href="scriptorium.a22.YA517-518.mark.xml#sSpan658" target="scriptorium.a22.YA517-518.mark.xml#sSpan683"/>
		<rel id="sPointingRel269" xlink:href="scriptorium.a22.YA517-518.mark.xml#sSpan226" target="scriptorium.a22.YA517-518.mark.xml#sSpan223"/>
		<rel id="sPointingRel271" xlink:href="scriptorium.a22.YA517-518.mark.xml#sSpan796" target="scriptorium.a22.YA517-518.mark.xml#sSpan787"/>
		<rel id="sPointingRel273" xlink:href="scriptorium.a22.YA517-518.mark.xml#sSpan601" target="scriptorium.a22.YA517-518.mark.xml#sSpan608"/>
		<rel id="sPointingRel275" xlink:href="scriptorium.a22.YA517-518.mark.xml#sSpan421" target="scriptorium.a22.YA517-518.mark.xml#sSpan418"/>
		<rel id="sPointingRel277" xlink:href="scriptorium.a22.YA517-518.mark.xml#sSpan359" target="scriptorium.a22.YA517-518.mark.xml#sSpan361"/>
		<rel id="sPointingRel279" xlink:href="scriptorium.a22.YA517-518.mark.xml#sSpan632" target="scriptorium.a22.YA517-518.mark.xml#sSpan630"/>
		<rel id="sPointingRel281" xlink:href="scriptorium.a22.YA517-518.mark.xml#sSpan436" target="scriptorium.a22.YA517-518.mark.xml#sSpan433"/>
		<rel id="sPointingRel283" xlink:href="scriptorium.a22.YA517-518.mark.xml#sSpan13" target="scriptorium.a22.YA517-518.mark.xml#sSpan17"/>
		<rel id="sPointingRel285" xlink:href="scriptorium.a22.YA517-518.mark.xml#sSpan303" target="scriptorium.a22.YA517-518.mark.xml#sSpan299"/>
		<rel id="sPointingRel287" xlink:href="scriptorium.a22.YA517-518.mark.xml#sSpan708" target="scriptorium.a22.YA517-518.mark.xml#sSpan743"/>
		<rel id="sPointingRel289" xlink:href="scriptorium.a22.YA517-518.mark.xml#sSpan632" target="scriptorium.a22.YA517-518.mark.xml#sSpan635"/>
		<rel id="sPointingRel291" xlink:href="scriptorium.a22.YA517-518.mark.xml#sSpan775" target="scriptorium.a22.YA517-518.mark.xml#sSpan778"/>
		<rel id="sPointingRel293" xlink:href="scriptorium.a22.YA517-518.mark.xml#sSpan314" target="scriptorium.a22.YA517-518.mark.xml#sSpan311"/>
		<rel id="sPointingRel295" xlink:href="scriptorium.a22.YA517-518.mark.xml#sSpan543" target="scriptorium.a22.YA517-518.mark.xml#sSpan541"/>
		<rel id="sPointingRel297" xlink:href="scriptorium.a22.YA517-518.mark.xml#sSpan269" target="scriptorium.a22.YA517-518.mark.xml#sSpan262"/>
		<rel id="sPointingRel299" xlink:href="scriptorium.a22.YA517-518.mark.xml#sSpan398" target="scriptorium.a22.YA517-518.mark.xml#sSpan391"/>
		<rel id="sPointingRel301" xlink:href="scriptorium.a22.YA517-518.mark.xml#sSpan708" target="scriptorium.a22.YA517-518.mark.xml#sSpan694"/>
		<rel id="sPointingRel303" xlink:href="scriptorium.a22.YA517-518.mark.xml#sSpan608" target="scriptorium.a22.YA517-518.mark.xml#sSpan603"/>
		<rel id="sPointingRel305" xlink:href="scriptorium.a22.YA517-518.mark.xml#sSpan303" target="scriptorium.a22.YA517-518.mark.xml#sSpan314"/>
		<rel id="sPointingRel307" xlink:href="scriptorium.a22.YA517-518.mark.xml#sSpan359" target="scriptorium.a22.YA517-518.mark.xml#sSpan367"/>
		<rel id="sPointingRel309" xlink:href="scriptorium.a22.YA517-518.mark.xml#sSpan585" target="scriptorium.a22.YA517-518.mark.xml#sSpan601"/>
		<rel id="sPointingRel311" xlink:href="scriptorium.a22.YA517-518.mark.xml#sSpan436" target="scriptorium.a22.YA517-518.mark.xml#sSpan449"/>
		<rel id="sPointingRel313" xlink:href="scriptorium.a22.YA517-518.mark.xml#sSpan100" target="scriptorium.a22.YA517-518.mark.xml#sSpan107"/>
		<rel id="sPointingRel315" xlink:href="scriptorium.a22.YA517-518.mark.xml#sSpan627" target="scriptorium.a22.YA517-518.mark.xml#sSpan632"/>
		<rel id="sPointingRel317" xlink:href="scriptorium.a22.YA517-518.mark.xml#sSpan234" target="scriptorium.a22.YA517-518.mark.xml#sSpan230"/>
		<rel id="sPointingRel319" xlink:href="scriptorium.a22.YA517-518.mark.xml#sSpan658" target="scriptorium.a22.YA517-518.mark.xml#sSpan656"/>
		<rel id="sPointingRel321" xlink:href="scriptorium.a22.YA517-518.mark.xml#sSpan683" target="scriptorium.a22.YA517-518.mark.xml#sSpan688"/>
		<rel id="sPointingRel323" xlink:href="scriptorium.a22.YA517-518.mark.xml#sSpan796" target="scriptorium.a22.YA517-518.mark.xml#sSpan817"/>
		<rel id="sPointingRel325" xlink:href="scriptorium.a22.YA517-518.mark.xml#sSpan210" target="scriptorium.a22.YA517-518.mark.xml#sSpan208"/>
		<rel id="sPointingRel327" xlink:href="scriptorium.a22.YA517-518.mark.xml#sSpan775" target="scriptorium.a22.YA517-518.mark.xml#sSpan784"/>
		<rel id="sPointingRel329" xlink:href="scriptorium.a22.YA517-518.mark.xml#sSpan741" target="scriptorium.a22.YA517-518.mark.xml#sSpan733"/>
		<rel id="sPointingRel331" xlink:href="scriptorium.a22.YA517-518.mark.xml#sSpan553" target="scriptorium.a22.YA517-518.mark.xml#sSpan548"/>
		<rel id="sPointingRel333" xlink:href="scriptorium.a22.YA517-518.mark.xml#sSpan336" target="scriptorium.a22.YA517-518.mark.xml#sSpan348"/>
		<rel id="sPointingRel335" xlink:href="scriptorium.a22.YA517-518.mark.xml#sSpan322" target="scriptorium.a22.YA517-518.mark.xml#sSpan318"/>
		<rel id="sPointingRel337" xlink:href="scriptorium.a22.YA517-518.mark.xml#sSpan80" target="scriptorium.a22.YA517-518.mark.xml#sSpan76"/>
		<rel id="sPointingRel339" xlink:href="scriptorium.a22.YA517-518.mark.xml#sSpan503" target="scriptorium.a22.YA517-518.mark.xml#sSpan505"/>
		<rel id="sPointingRel341" xlink:href="scriptorium.a22.YA517-518.mark.xml#sSpan384" target="scriptorium.a22.YA517-518.mark.xml#sSpan382"/>
		<rel id="sPointingRel343" xlink:href="scriptorium.a22.YA517-518.mark.xml#sSpan796" target="scriptorium.a22.YA517-518.mark.xml#sSpan808"/>
		<rel id="sPointingRel345" xlink:href="scriptorium.a22.YA517-518.mark.xml#sSpan533" target="scriptorium.a22.YA517-518.mark.xml#sSpan543"/>
		<rel id="sPointingRel347" xlink:href="scriptorium.a22.YA517-518.mark.xml#sSpan560" target="scriptorium.a22.YA517-518.mark.xml#sSpan574"/>
		<rel id="sPointingRel349" xlink:href="scriptorium.a22.YA517-518.mark.xml#sSpan592" target="scriptorium.a22.YA517-518.mark.xml#sSpan587"/>
		<rel id="sPointingRel351" xlink:href="scriptorium.a22.YA517-518.mark.xml#sSpan359" target="scriptorium.a22.YA517-518.mark.xml#sSpan350"/>
		<rel id="sPointingRel353" xlink:href="scriptorium.a22.YA517-518.mark.xml#sSpan210" target="scriptorium.a22.YA517-518.mark.xml#sSpan196"/>
		<rel id="sPointingRel355" xlink:href="scriptorium.a22.YA517-518.mark.xml#sSpan524" target="scriptorium.a22.YA517-518.mark.xml#sSpan527"/>
		<rel id="sPointingRel357" xlink:href="scriptorium.a22.YA517-518.mark.xml#sSpan249" target="scriptorium.a22.YA517-518.mark.xml#sSpan241"/>
		<rel id="sPointingRel359" xlink:href="scriptorium.a22.YA517-518.mark.xml#sSpan481" target="scriptorium.a22.YA517-518.mark.xml#sSpan479"/>
		<rel id="sPointingRel361" xlink:href="scriptorium.a22.YA517-518.mark.xml#sSpan100" target="scriptorium.a22.YA517-518.mark.xml#sSpan91"/>
		<rel id="sPointingRel363" xlink:href="scriptorium.a22.YA517-518.mark.xml#sSpan658" target="scriptorium.a22.YA517-518.mark.xml#sSpan648"/>
		<rel id="sPointingRel365" xlink:href="scriptorium.a22.YA517-518.mark.xml#sSpan708" target="scriptorium.a22.YA517-518.mark.xml#sSpan720"/>
		<rel id="sPointingRel367" xlink:href="scriptorium.a22.YA517-518.mark.xml#sSpan278" target="scriptorium.a22.YA517-518.mark.xml#sSpan274"/>
		<rel id="sPointingRel369" xlink:href="scriptorium.a22.YA517-518.mark.xml#sSpan627" target="scriptorium.a22.YA517-518.mark.xml#sSpan621"/>
		<rel id="sPointingRel371" xlink:href="scriptorium.a22.YA517-518.mark.xml#sSpan481" target="scriptorium.a22.YA517-518.mark.xml#sSpan474"/>
		<rel id="sPointingRel373" xlink:href="scriptorium.a22.YA517-518.mark.xml#sSpan658" target="scriptorium.a22.YA517-518.mark.xml#sSpan669"/>
		<rel id="sPointingRel375" xlink:href="scriptorium.a22.YA517-518.mark.xml#sSpan303" target="scriptorium.a22.YA517-518.mark.xml#sSpan295"/>
		<rel id="sPointingRel377" xlink:href="scriptorium.a22.YA517-518.mark.xml#sSpan137" target="scriptorium.a22.YA517-518.mark.xml#sSpan135"/>
		<rel id="sPointingRel379" xlink:href="scriptorium.a22.YA517-518.mark.xml#sSpan80" target="scriptorium.a22.YA517-518.mark.xml#sSpan67"/>
		<rel id="sPointingRel381" xlink:href="scriptorium.a22.YA517-518.mark.xml#sSpan167" target="scriptorium.a22.YA517-518.mark.xml#sSpan185"/>
		<rel id="sPointingRel383" xlink:href="scriptorium.a22.YA517-518.mark.xml#sSpan543" target="scriptorium.a22.YA517-518.mark.xml#sSpan537"/>
		<rel id="sPointingRel385" xlink:href="scriptorium.a22.YA517-518.mark.xml#sSpan359" target="scriptorium.a22.YA517-518.mark.xml#sSpan355"/>
		<rel id="sPointingRel387" xlink:href="scriptorium.a22.YA517-518.mark.xml#sSpan585" target="scriptorium.a22.YA517-518.mark.xml#sSpan627"/>
		<rel id="sPointingRel389" xlink:href="scriptorium.a22.YA517-518.mark.xml#sSpan359" target="scriptorium.a22.YA517-518.mark.xml#sSpan357"/>
		<rel id="sPointingRel391" xlink:href="scriptorium.a22.YA517-518.mark.xml#sSpan481" target="scriptorium.a22.YA517-518.mark.xml#sSpan483"/>
		<rel id="sPointingRel393" xlink:href="scriptorium.a22.YA517-518.mark.xml#sSpan524" target="scriptorium.a22.YA517-518.mark.xml#sSpan518"/>
		<rel id="sPointingRel395" xlink:href="scriptorium.a22.YA517-518.mark.xml#sSpan449" target="scriptorium.a22.YA517-518.mark.xml#sSpan441"/>
		<rel id="sPointingRel397" xlink:href="scriptorium.a22.YA517-518.mark.xml#sSpan817" target="scriptorium.a22.YA517-518.mark.xml#sSpan810"/>
		<rel id="sPointingRel399" xlink:href="scriptorium.a22.YA517-518.mark.xml#sSpan775" target="scriptorium.a22.YA517-518.mark.xml#sSpan754"/>
		<rel id="sPointingRel401" xlink:href="scriptorium.a22.YA517-518.mark.xml#sSpan398" target="scriptorium.a22.YA517-518.mark.xml#sSpan395"/></relList></paula>