<?xml version='1.0' encoding='UTF-8'?><!DOCTYPE paula SYSTEM "paula_feat.dtd">
<paula version="1.1">
	<header paula_id="scriptorium.life.onnophrius.03.mark_orig"/>
	<featList xmlns:xlink="http://www.w3.org/1999/xlink" type="orig" xml:base="scriptorium.life.onnophrius.03.mark.xml">
		<feat xlink:href="#sSpan2" value="Ⲛⲧⲉⲣ"/>
		<feat xlink:href="#sSpan13" value="ⲛ̅"/>
		<feat xlink:href="#sSpan15" value="ϫⲱⲕ"/>
		<feat xlink:href="#sSpan18" value="ⲇⲉ"/>
		<feat xlink:href="#sSpan22" value="ⲉⲃⲟⲗ"/>
		<feat xlink:href="#sSpan26" value="ⲙ̅"/>
		<feat xlink:href="#sSpan30" value="ⲡⲉ"/>
		<feat xlink:href="#sSpan33" value="ϣⲗⲏⲗ"/>
		<feat xlink:href="#sSpan35" value="·"/>
		<feat xlink:href="#sSpan39" value="ⲁ"/>
		<feat xlink:href="#sSpan43" value="ⲛ"/>
		<feat xlink:href="#sSpan45" value="ϯ"/>
		<feat xlink:href="#sSpan47" value="ⲙ̅"/>
		<feat xlink:href="#sSpan51" value="ⲡ"/>
		<feat xlink:href="#sSpan55" value="ϩⲁⲙⲏⲛ"/>
		<feat xlink:href="#sSpan57" value="·"/>
		<feat xlink:href="#sSpan61" value="ⲁ"/>
		<feat xlink:href="#sSpan69" value="ⲛ"/>
		<feat xlink:href="#sSpan71" value="ϩⲙⲟⲟⲥ"/>
		<feat xlink:href="#sSpan74" value="ⲇⲉ"/>
		<feat xlink:href="#sSpan78" value="ϩⲓ"/>
		<feat xlink:href="#sSpan82" value="ⲟⲩ"/>
		<feat xlink:href="#sSpan84" value="ⲥⲟⲡ"/>
		<feat xlink:href="#sSpan86" value="ⲁ"/>
		<feat xlink:href="#sSpan93" value="ⲛ"/>
		<feat xlink:href="#sSpan95" value="ϭⲱ"/>
		<feat xlink:href="#sSpan97" value="ⲛ̅"/>
		<feat xlink:href="#sSpan101" value="ϣⲁϫⲉ"/>
		<feat xlink:href="#sSpan104" value="ⲙ̅"/>
		<feat xlink:href="#sSpan109" value="ⲙⲛ̅ⲧ̅ⲛⲟϭ"/>
		<feat xlink:href="#sSpan113" value="ⲙ̅"/>
		<feat xlink:href="#sSpan118" value="ⲡ"/>
		<feat xlink:href="#sSpan121" value="ⲛⲟⲩⲧⲉ"/>
		<feat xlink:href="#sSpan123" value="·"/>
		<feat xlink:href="#sSpan127" value="ⲁⲩⲱ"/>
		<feat xlink:href="#sSpan134" value="ⲙ̅"/>
		<feat xlink:href="#sSpan138" value="ⲡ"/>
		<feat xlink:href="#sSpan141" value="ⲛⲁⲩ"/>
		<feat xlink:href="#sSpan143" value="ⲙ̅"/>
		<feat xlink:href="#sSpan147" value="ⲡ"/>
		<feat xlink:href="#sSpan150" value="ⲣⲏ"/>
		<feat xlink:href="#sSpan152" value="ⲉ"/>
		<feat xlink:href="#sSpan156" value="ϥ"/>
		<feat xlink:href="#sSpan158" value="ⲛⲁ"/>
		<feat xlink:href="#sSpan160" value="ϩⲱⲧⲡ̅"/>
		<feat xlink:href="#sSpan162" value="·"/>
		<feat xlink:href="#sSpan166" value="ⲁ"/>
		<feat xlink:href="#sSpan171" value="ⲓ"/>
		<feat xlink:href="#sSpan173" value="ϭⲱϣⲧ̅"/>
		<feat xlink:href="#sSpan175" value="ⲁ"/>
		<feat xlink:href="#sSpan182" value="ⲓ"/>
		<feat xlink:href="#sSpan184" value="ⲛⲁⲩ"/>
		<feat xlink:href="#sSpan186" value="ⲉ"/>
		<feat xlink:href="#sSpan190" value="ⲩ"/>
		<feat xlink:href="#sSpan193" value="ⲟⲉⲓⲕ"/>
		<feat xlink:href="#sSpan195" value="ⲉ"/>
		<feat xlink:href="#sSpan199" value="ϥ"/>
		<feat xlink:href="#sSpan201" value="ⲕⲏ"/>
		<feat xlink:href="#sSpan203" value="ⲉϩⲣⲁⲓ"/>
		<feat xlink:href="#sSpan207" value="ⲙⲛ̅"/>
		<feat xlink:href="#sSpan211" value="ⲟⲩ"/>
		<feat xlink:href="#sSpan214" value="ϩⲛⲁⲩ"/>
		<feat xlink:href="#sSpan216" value="ⲙ̅"/>
		<feat xlink:href="#sSpan221" value="ⲙⲟⲟⲩ"/>
		<feat xlink:href="#sSpan224" value="·"/>
		<feat xlink:href="#sSpan228" value="ⲡⲉϫⲁ"/>
		<feat xlink:href="#sSpan236" value="ϥ"/>
		<feat xlink:href="#sSpan238" value="ⲛⲁ"/>
		<feat xlink:href="#sSpan242" value="ⲓ̅"/>
		<feat xlink:href="#sSpan244" value="ϫⲉ"/>
		<feat xlink:href="#sSpan248" value="ⲧⲱⲟⲩⲛ"/>
		<feat xlink:href="#sSpan250" value="ⲡⲁ"/>
		<feat xlink:href="#sSpan255" value="ⲥⲟⲛ"/>
		<feat xlink:href="#sSpan257" value="ⲛ"/>
		<feat xlink:href="#sSpan261" value="ⲅ̅"/>
		<feat xlink:href="#sSpan263" value="ⲟⲩⲱⲙ"/>
		<feat xlink:href="#sSpan266" value="·"/>
		<feat xlink:href="#sSpan270" value="ⲁⲩⲱ"/>
		<feat xlink:href="#sSpan274" value="ⲛ"/>
		<feat xlink:href="#sSpan278" value="ⲅ̅"/>
		<feat xlink:href="#sSpan280" value="ⲥⲱ"/>
		<feat xlink:href="#sSpan282" value="ⲙ̅"/>
		<feat xlink:href="#sSpan286" value="ⲡⲉⲓ"/>
		<feat xlink:href="#sSpan289" value="ⲕⲟⲩⲓ"/>
		<feat xlink:href="#sSpan291" value="ⲙ̅"/>
		<feat xlink:href="#sSpan295" value="ⲙⲟⲟⲩ"/>
		<feat xlink:href="#sSpan297" value="·"/>
		<feat xlink:href="#sSpan301" value="ϫⲉ"/>
		<feat xlink:href="#sSpan305" value="ϯ"/>
		<feat xlink:href="#sSpan307" value="ⲛⲁⲩ"/>
		<feat xlink:href="#sSpan310" value="ⲉⲣⲟ"/>
		<feat xlink:href="#sSpan314" value="ⲕ"/>
		<feat xlink:href="#sSpan316" value="ϫⲉ"/>
		<feat xlink:href="#sSpan320" value="ⲉ"/>
		<feat xlink:href="#sSpan322" value="ⲕ"/>
		<feat xlink:href="#sSpan325" value="ⲕⲩⲛⲇⲩⲛⲉⲩⲉ"/>
		<feat xlink:href="#sSpan327" value="·"/>
		<feat xlink:href="#sSpan331" value="ϩⲁ"/>
		<feat xlink:href="#sSpan335" value="ⲡⲉ"/>
		<feat xlink:href="#sSpan338" value="ϩⲕⲟ"/>
		<feat xlink:href="#sSpan340" value="·"/>
		<feat xlink:href="#sSpan344" value="ⲙⲛ̅"/>
		<feat xlink:href="#sSpan348" value="ⲡ"/>
		<feat xlink:href="#sSpan352" value="ⲉⲓⲃⲉ"/>
		<feat xlink:href="#sSpan354" value="ⲙⲛ̅"/>
		<feat xlink:href="#sSpan358" value="ⲡ"/>
		<feat xlink:href="#sSpan361" value="ϩⲓⲥⲉ"/>
		<feat xlink:href="#sSpan363" value="ⲛ̅"/>
		<feat xlink:href="#sSpan367" value="ⲛⲉ"/>
		<feat xlink:href="#sSpan370" value="ϩⲓⲟⲟⲩⲉ"/>
		<feat xlink:href="#sSpan372" value="·"/>
		<feat xlink:href="#sSpan376" value="ⲁⲛⲟⲕ"/>
		<feat xlink:href="#sSpan384" value="ⲇⲉ"/>
		<feat xlink:href="#sSpan388" value="ⲡⲉϫⲁ"/>
		<feat xlink:href="#sSpan392" value="ⲓ"/>
		<feat xlink:href="#sSpan394" value="ⲛⲁ"/>
		<feat xlink:href="#sSpan400" value="ϥ"/>
		<feat xlink:href="#sSpan402" value="ϫⲉ"/>
		<feat xlink:href="#sSpan406" value="ϥ"/>
		<feat xlink:href="#sSpan408" value="ⲟⲛϩ̅"/>
		<feat xlink:href="#sSpan410" value="ⲛ̅ϭⲓ"/>
		<feat xlink:href="#sSpan414" value="ⲡ"/>
		<feat xlink:href="#sSpan417" value="ⲛⲟⲩⲧⲉ"/>
		<feat xlink:href="#sSpan419" value="ⲡ"/>
		<feat xlink:href="#sSpan424" value="ⲡⲁⲛⲧⲱⲕⲣⲁⲧⲱⲣ"/>
		<feat xlink:href="#sSpan426" value="·"/>
		<feat xlink:href="#sSpan430" value="ϫⲉ"/>
		<feat xlink:href="#sSpan434" value="ⲛ̅"/>
		<feat xlink:href="#sSpan437" value="ϯ"/>
		<feat xlink:href="#sSpan439" value="ⲛⲁ"/>
		<feat xlink:href="#sSpan441" value="ⲟⲩⲱⲙ"/>
		<feat xlink:href="#sSpan443" value="ⲁⲛ"/>
		<feat xlink:href="#sSpan448" value="ⲟⲩⲇⲉ"/>
		<feat xlink:href="#sSpan452" value="ⲛ̅"/>
		<feat xlink:href="#sSpan456" value="ϯ"/>
		<feat xlink:href="#sSpan458" value="ⲛⲁ"/>
		<feat xlink:href="#sSpan460" value="ⲥⲱ"/>
		<feat xlink:href="#sSpan462" value="ⲁⲛ"/>
		<feat xlink:href="#sSpan466" value="ϣⲁⲛⲧ"/>
		<feat xlink:href="#sSpan470" value="ⲛ̅"/>
		<feat xlink:href="#sSpan472" value="ⲥⲟⲟⲩⲧⲛ̅"/>
		<feat xlink:href="#sSpan475" value="ⲉⲃⲟⲗ"/>
		<feat xlink:href="#sSpan479" value="ⲛ̅"/>
		<feat xlink:href="#sSpan483" value="ⲧⲛ̅"/>
		<feat xlink:href="#sSpan485" value="ⲟⲩⲱⲙ"/>
		<feat xlink:href="#sSpan487" value="ⲙⲛ̅"/>
		<feat xlink:href="#sSpan491" value="ⲛⲉⲛ"/>
		<feat xlink:href="#sSpan493" value="ⲉⲣⲏⲩ"/>
		<feat xlink:href="#sSpan495" value="·"/>
		<feat xlink:href="#sSpan499" value="Ⲛ̅ⲧⲉⲣ"/>
		<feat xlink:href="#sSpan506" value="ⲉⲓ"/>
		<feat xlink:href="#sSpan509" value="ϭⲱ"/>
		<feat xlink:href="#sSpan512" value="ⲇⲉ"/>
		<feat xlink:href="#sSpan516" value="ⲉ"/>
		<feat xlink:href="#sSpan520" value="ⲓ"/>
		<feat xlink:href="#sSpan522" value="ϭⲱⲣϣ̅"/>
		<feat xlink:href="#sSpan524" value="ⲉⲣⲟ"/>
		<feat xlink:href="#sSpan528" value="ϥ"/>
		<feat xlink:href="#sSpan531" value="ⲙⲟⲅⲓⲥ"/>
		<feat xlink:href="#sSpan535" value="ⲁ"/>
		<feat xlink:href="#sSpan539" value="ⲛ"/>
		<feat xlink:href="#sSpan541" value="ⲥⲟⲟⲩⲧⲛ̅"/>
		<feat xlink:href="#sSpan543" value="ⲉⲃⲟⲗ"/>
		<feat xlink:href="#sSpan547" value="·"/>
		<feat xlink:href="#sSpan551" value="ⲙⲛ̅"/>
		<feat xlink:href="#sSpan556" value="ⲛⲉⲛ"/>
		<feat xlink:href="#sSpan558" value="ⲉⲣⲏⲩ"/>
		<feat xlink:href="#sSpan560" value="·"/>
		<feat xlink:href="#sSpan564" value="ⲁ"/>
		<feat xlink:href="#sSpan571" value="ⲛ"/>
		<feat xlink:href="#sSpan573" value="ⲡⲱϣ"/>
		<feat xlink:href="#sSpan575" value="ⲙ̅"/>
		<feat xlink:href="#sSpan579" value="ⲡ"/>
		<feat xlink:href="#sSpan582" value="ⲟⲉⲓⲕ"/>
		<feat xlink:href="#sSpan584" value="ⲁ"/>
		<feat xlink:href="#sSpan591" value="ⲛ"/>
		<feat xlink:href="#sSpan593" value="ⲟⲩⲱⲙ"/>
		<feat xlink:href="#sSpan595" value="·"/>
		<feat xlink:href="#sSpan599" value="ⲁ"/>
		<feat xlink:href="#sSpan606" value="ⲛ"/>
		<feat xlink:href="#sSpan608" value="ⲕⲱ"/>
		<feat xlink:href="#sSpan611" value="ⲉ"/>
		<feat xlink:href="#sSpan616" value="ⲡⲁϩⲟⲩ"/>
		<feat xlink:href="#sSpan618" value="ⲛ̅ϩⲏⲧ"/>
		<feat xlink:href="#sSpan622" value="ϥ̅"/>
		<feat xlink:href="#sSpan624" value="·"/>
		<feat xlink:href="#sSpan628" value="ⲁ"/>
		<feat xlink:href="#sSpan635" value="ⲛ"/>
		<feat xlink:href="#sSpan637" value="ⲥⲱ"/>
		<feat xlink:href="#sSpan640" value="ⲇⲉ"/>
		<feat xlink:href="#sSpan644" value="ⲟⲛ"/>
		<feat xlink:href="#sSpan648" value="ⲙ̅"/>
		<feat xlink:href="#sSpan652" value="ⲡⲉ"/>
		<feat xlink:href="#sSpan655" value="ⲥⲛⲁⲩ"/>
		<feat xlink:href="#sSpan657" value="ϩⲙ̅"/>
		<feat xlink:href="#sSpan661" value="ⲡⲉ"/>
		<feat xlink:href="#sSpan665" value="ϩⲛⲁⲩ"/>
		<feat xlink:href="#sSpan667" value="ⲙ̅"/>
		<feat xlink:href="#sSpan671" value="ⲙⲟⲟⲩ"/>
		<feat xlink:href="#sSpan674" value="·"/>
		<feat xlink:href="#sSpan678" value="ⲁ"/>
		<feat xlink:href="#sSpan685" value="ⲛ"/>
		<feat xlink:href="#sSpan687" value="ⲥⲉⲓ"/>
		<feat xlink:href="#sSpan689" value="ⲁⲩⲱ"/>
		<feat xlink:href="#sSpan693" value="ⲁ"/>
		<feat xlink:href="#sSpan697" value="ⲛ"/>
		<feat xlink:href="#sSpan699" value="ⲕⲱ"/>
		<feat xlink:href="#sSpan702" value="ⲉ"/>
		<feat xlink:href="#sSpan706" value="ⲡⲁϩⲟⲩ"/>
		<feat xlink:href="#sSpan708" value="ⲛ̅ϩⲏⲧ"/>
		<feat xlink:href="#sSpan713" value="ϥ̅"/>
		<feat xlink:href="#sSpan715" value="·"/>
		<feat xlink:href="#sSpan719" value="ⲁⲩⲱ"/>
		<feat xlink:href="#sSpan726" value="ⲁ"/>
		<feat xlink:href="#sSpan730" value="ⲛ"/>
		<feat xlink:href="#sSpan732" value="ⲣ̅"/>
		<feat xlink:href="#sSpan734" value="ⲧⲉ"/>
		<feat xlink:href="#sSpan737" value="ⲩϣⲏ"/>
		<feat xlink:href="#sSpan739" value="ⲧⲏⲣ"/>
		<feat xlink:href="#sSpan743" value="ⲥ̅"/>
		<feat xlink:href="#sSpan745" value="ⲛ̅"/>
		<feat xlink:href="#sSpan749" value="ϣⲗⲏⲗ"/>
		<feat xlink:href="#sSpan752" value="·"/>
		<feat xlink:href="#sSpan756" value="ⲉ"/>
		<feat xlink:href="#sSpan760" value="ⲡ"/>
		<feat xlink:href="#sSpan763" value="ⲛⲟⲩⲧⲉ"/>
		<feat xlink:href="#sSpan765" value="ϣⲁ"/>
		<feat xlink:href="#sSpan771" value="ϩⲧⲟⲟⲩⲉ"/>
		<feat xlink:href="#sSpan774" value="·"/>
		<feat xlink:href="#sSpan778" value="ⲛ̅ⲧⲉⲣⲉ"/>
		<feat xlink:href="#sSpan785" value="ϩⲧⲟⲟⲩⲉ"/>
		<feat xlink:href="#sSpan789" value="ⲇⲉ"/>
		<feat xlink:href="#sSpan793" value="ϣⲱⲡⲉ"/>
		<feat xlink:href="#sSpan797" value="ⲁ"/>
		<feat xlink:href="#sSpan801" value="ⲓ"/>
		<feat xlink:href="#sSpan803" value="ⲛⲁⲩ"/>
		<feat xlink:href="#sSpan805" value="ⲉ"/>
		<feat xlink:href="#sSpan809" value="ⲡⲉϥ"/>
		<feat xlink:href="#sSpan813" value="ϩⲟ"/>
		<feat xlink:href="#sSpan815" value="ⲛ̅ⲧ"/>
		<feat xlink:href="#sSpan819" value="ⲁ"/>
		<feat xlink:href="#sSpan821" value="ϥ"/>
		<feat xlink:href="#sSpan823" value="ϣⲓⲃⲉ"/>
		<feat xlink:href="#sSpan825" value="ⲁ"/>
		<feat xlink:href="#sSpan832" value="ϥ"/>
		<feat xlink:href="#sSpan834" value="ⲡⲱⲛⲉ"/>
		<feat xlink:href="#sSpan836" value="·"/>
		<feat xlink:href="#sSpan841" value="ϩⲱⲥ"/>
		<feat xlink:href="#sSpan845" value="ⲛ"/>
		<feat xlink:href="#sSpan849" value="ϥ̅"/>
		<feat xlink:href="#sSpan851" value="ⲣ̅"/>
		<feat xlink:href="#sSpan854" value="ⲑ"/>
		<feat xlink:href="#sSpan856" value="ⲉ"/>
		<feat xlink:href="#sSpan858" value="ⲛ̅"/>
		<feat xlink:href="#sSpan862" value="ⲕⲉ"/>
		<feat xlink:href="#sSpan865" value="ⲣⲱⲙⲉ"/>
		<feat xlink:href="#sSpan868" value="ⲁ"/>
		<feat xlink:href="#sSpan875" value="ϥ"/>
		<feat xlink:href="#sSpan877" value="ⲣ̅"/>
		<feat xlink:href="#sSpan880" value="ⲑ"/>
		<feat xlink:href="#sSpan882" value="ⲉ"/>
		<feat xlink:href="#sSpan884" value="ⲛ̅"/>
		<feat xlink:href="#sSpan888" value="ⲟⲩ"/>
		<feat xlink:href="#sSpan891" value="ⲕⲱϩⲧ̅"/>
		<feat xlink:href="#sSpan893" value="ⲧⲏⲣ"/>
		<feat xlink:href="#sSpan897" value="ϥ̅"/>
		<feat xlink:href="#sSpan899" value="·"/>
		<feat xlink:href="#sSpan903" value="ⲁⲩⲱ"/>
		<feat xlink:href="#sSpan910" value="ⲁ"/>
		<feat xlink:href="#sSpan914" value="ⲧⲉϥ"/>
		<feat xlink:href="#sSpan918" value="ⲙⲟⲣⲫⲏ"/>
		<feat xlink:href="#sSpan922" value="ϯϩⲟⲧⲉ"/>
		<feat xlink:href="#sSpan927" value="ⲛⲁ"/>
		<feat xlink:href="#sSpan931" value="ⲓ"/>
		<feat xlink:href="#sSpan933" value="ⲉⲙⲁⲧⲉ"/>
		<feat xlink:href="#sSpan937" value="·"/>
		<feat xlink:href="#sSpan941" value="ⲛ̅ⲧⲟϥ"/>
		<feat xlink:href="#sSpan949" value="ⲇⲉ"/>
		<feat xlink:href="#sSpan953" value="ⲡⲉϫⲁ"/>
		<feat xlink:href="#sSpan957" value="ϥ"/>
		<feat xlink:href="#sSpan959" value="ⲛⲁ"/>
		<feat xlink:href="#sSpan963" value="ⲓ"/>
		<feat xlink:href="#sSpan965" value="·"/>
		<feat xlink:href="#sSpan969" value="ϫⲉ"/>
		<feat xlink:href="#sSpan974" value="ⲙ̅ⲡⲣ̅"/>
		<feat xlink:href="#sSpan977" value="ⲣ̅ϩⲟⲧⲉ"/>
		<feat xlink:href="#sSpan980" value="ⲡⲁ"/>
		<feat xlink:href="#sSpan985" value="ⲥⲟⲛ"/>
		<feat xlink:href="#sSpan987" value="·"/>
		<feat xlink:href="#sSpan991" value="ⲡⲁ"/>
		<feat xlink:href="#sSpan995" value="ⲡ"/>
		<feat xlink:href="#sSpan998" value="ⲛⲟⲩⲧⲉ"/>
		<feat xlink:href="#sSpan1000" value="·"/>
		<feat xlink:href="#sSpan1004" value="ⲛ̅ⲧ"/>
		<feat xlink:href="#sSpan1008" value="ⲁ"/>
		<feat xlink:href="#sSpan1010" value="ⲡ"/>
		<feat xlink:href="#sSpan1013" value="ϫⲥ̅"/>
		<feat xlink:href="#sSpan1016" value="ⲅⲁⲣ"/>
		<feat xlink:href="#sSpan1020" value="ⲧⲛ̅ⲛⲟⲟⲩ"/>
		<feat xlink:href="#sSpan1025" value="ⲕ"/>
		<feat xlink:href="#sSpan1027" value="ⲉ"/>
		<feat xlink:href="#sSpan1031" value="ϥⲓ"/>
		<feat xlink:href="#sSpan1033" value="ⲡ"/>
		<feat xlink:href="#sSpan1038" value="ⲣⲟⲟⲩϣ"/>
		<feat xlink:href="#sSpan1040" value="ⲙ̅"/>
		<feat xlink:href="#sSpan1044" value="ⲡⲁ"/>
		<feat xlink:href="#sSpan1048" value="ⲥⲱⲙⲁ"/>
		<feat xlink:href="#sSpan1050" value="ⲛ"/>
		<feat xlink:href="#sSpan1054" value="ⲅ̅"/>
		<feat xlink:href="#sSpan1056" value="ⲧⲟⲙⲥ"/>
		<feat xlink:href="#sSpan1058" value="ϥ̅"/>
		<feat xlink:href="#sSpan1060" value="ϩⲣⲁⲓ"/>
		<feat xlink:href="#sSpan1070" value="ⲅⲁⲣ"/>
		<feat xlink:href="#sSpan1074" value="ϩⲙ̅"/>
		<feat xlink:href="#sSpan1078" value="ⲡ"/>
		<feat xlink:href="#sSpan1081" value="ⲟⲟⲩ"/>
		<feat xlink:href="#sSpan1083" value="ⲛ̅"/>
		<feat xlink:href="#sSpan1087" value="ϩⲟⲟⲩ"/>
		<feat xlink:href="#sSpan1089" value="ϯ"/>
		<feat xlink:href="#sSpan1093" value="ⲛⲁ"/>
		<feat xlink:href="#sSpan1095" value="ϫⲱⲕ"/>
		<feat xlink:href="#sSpan1097" value="ⲉⲃⲟⲗ"/>
		<feat xlink:href="#sSpan1101" value="ⲛ̅"/>
		<feat xlink:href="#sSpan1105" value="ⲧⲁ"/>
		<feat xlink:href="#sSpan1110" value="ⲟⲓⲕⲟⲛⲟⲙⲓⲁ"/>
		<feat xlink:href="#sSpan1112" value="ⲧⲁ"/>
		<feat xlink:href="#sSpan1116" value="ⲃⲱⲕ"/>
		<feat xlink:href="#sSpan1119" value="ⲉ"/>
		<feat xlink:href="#sSpan1123" value="ⲡ"/>
		<feat xlink:href="#sSpan1126" value="ⲙⲁ"/>
		<feat xlink:href="#sSpan1128" value="ⲛ̅"/>
		<feat xlink:href="#sSpan1132" value="ⲙ̅ⲧⲟⲛ"/>
		<feat xlink:href="#sSpan1135" value="ϣⲁ"/>
		<feat xlink:href="#sSpan1139" value="ⲉⲛⲉϩ"/>
		<feat xlink:href="#sSpan1142" value="·"/>
		<feat xlink:href="#sSpan1146" value="ⲛⲉ"/>
		<feat xlink:href="#sSpan1155" value="ⲥⲟⲩⲙⲛ̅ⲧⲁⲥⲉ"/>
		<feat xlink:href="#sSpan1161" value="ⲅⲁⲣ"/>
		<feat xlink:href="#sSpan1165" value="ⲙ̅"/>
		<feat xlink:href="#sSpan1169" value="ⲡ"/>
		<feat xlink:href="#sSpan1172" value="ⲉⲃⲟⲧ"/>
		<feat xlink:href="#sSpan1174" value="ⲡⲁⲱⲛⲉ"/>
		<feat xlink:href="#sSpan1178" value="ⲡⲉ"/>
		<feat xlink:href="#sSpan1182" value="ⲡⲉ"/>
		<feat xlink:href="#sSpan1187" value="ϩⲟⲟⲩ"/>
		<feat xlink:href="#sSpan1189" value="ⲉⲧ"/>
		<feat xlink:href="#sSpan1194" value="ⲙ̅ⲙⲁⲩ"/>
		<feat xlink:href="#sSpan1196" value="·"/>
		<feat xlink:href="#sSpan1200" value="ⲡⲉϫⲁ"/>
		<feat xlink:href="#sSpan1207" value="ϥ"/>
		<feat xlink:href="#sSpan1209" value="ⲟⲛ"/>
		<feat xlink:href="#sSpan1213" value="ⲛⲁ"/>
		<feat xlink:href="#sSpan1217" value="ⲓ"/>
		<feat xlink:href="#sSpan1219" value="ϫⲉ"/>
		<feat xlink:href="#sSpan1223" value="ⲉⲕϣⲁⲛ"/>
		<feat xlink:href="#sSpan1225" value="ⲃⲱⲕ"/>
		<feat xlink:href="#sSpan1228" value="ⲉ"/>
		<feat xlink:href="#sSpan1232" value="ⲕⲏⲙⲉ"/>
		<feat xlink:href="#sSpan1236" value="ⲧⲁϣⲉⲟⲉⲓϣ"/>
		<feat xlink:href="#sSpan1242" value="ⲙ̅"/>
		<feat xlink:href="#sSpan1246" value="ⲡⲁ"/>
		<feat xlink:href="#sSpan1250" value="ⲣ̅ⲡⲙⲉⲉⲩⲉ"/>
		<feat xlink:href="#sSpan1254" value="·"/>
		<feat xlink:href="#sSpan1258" value="ⲉ"/>
		<feat xlink:href="#sSpan1262" value="ⲟⲩ"/>
		<feat xlink:href="#sSpan1265" value="ⲥϯⲛⲟⲩϥⲉ"/>
		<feat xlink:href="#sSpan1269" value="ⲛ̅"/>
		<feat xlink:href="#sSpan1273" value="ⲛⲉ"/>
		<feat xlink:href="#sSpan1277" value="ⲥⲛⲏⲩ"/>
		<feat xlink:href="#sSpan1279" value="·"/>
		<feat xlink:href="#sSpan1283" value="ⲡ"/>
		<feat xlink:href="#sSpan1291" value="ⲉⲧ"/>
		<feat xlink:href="#sSpan1293" value="ⲛⲁ"/>
		<feat xlink:href="#sSpan1295" value="ϯ"/>
		<feat xlink:href="#sSpan1297" value="ⲛ̅"/>
		<feat xlink:href="#sSpan1301" value="ⲟⲩ"/>
		<feat xlink:href="#sSpan1305" value="ⲡⲣⲟⲥⲫⲟⲣⲁ"/>
		<feat xlink:href="#sSpan1307" value="·"/>
		<feat xlink:href="#sSpan1311" value="ϩⲙ̅"/>
		<feat xlink:href="#sSpan1315" value="ⲡⲁ"/>
		<feat xlink:href="#sSpan1318" value="ⲣⲁⲛ"/>
		<feat xlink:href="#sSpan1320" value="ⲉ"/>
		<feat xlink:href="#sSpan1325" value="ⲩ"/>
		<feat xlink:href="#sSpan1327" value="ⲣ̅"/>
		<feat xlink:href="#sSpan1329" value="ⲡ"/>
		<feat xlink:href="#sSpan1331" value="ⲙⲉⲉⲩⲉ"/>
		<feat xlink:href="#sSpan1333" value="ⲛⲁ"/>
		<feat xlink:href="#sSpan1337" value="ⲓ"/>
		<feat xlink:href="#sSpan1339" value="·"/>
		<feat xlink:href="#sSpan1344" value="ⲓ̅ⲥ̅"/>
		<feat xlink:href="#sSpan1349" value="ϩⲱⲱ"/>
		<feat xlink:href="#sSpan1353" value="ϥ"/>
		<feat xlink:href="#sSpan1355" value="ⲛⲁ"/>
		<feat xlink:href="#sSpan1359" value="ⲛ̅ⲧ"/>
		<feat xlink:href="#sSpan1361" value="ϥ̅"/>
		<feat xlink:href="#sSpan1363" value="ϩⲛ̅"/>
		<feat xlink:href="#sSpan1367" value="ⲧ"/>
		<feat xlink:href="#sSpan1370" value="ϣⲟⲣⲡ̅"/>
		<feat xlink:href="#sSpan1372" value="ⲛ̅"/>
		<feat xlink:href="#sSpan1377" value="ⲟⲩⲛⲟⲩ"/>
		<feat xlink:href="#sSpan1379" value="ⲙ̅"/>
		<feat xlink:href="#sSpan1383" value="ⲡ"/>
		<feat xlink:href="#sSpan1386" value="ϣⲟ"/>
		<feat xlink:href="#sSpan1388" value="ⲛ̅"/>
		<feat xlink:href="#sSpan1392" value="ⲣⲟⲙⲡⲉ"/>
		<feat xlink:href="#sSpan1394" value="·"/>
		<feat xlink:href="#sSpan1398" value="ⲁⲛⲟⲕ"/>
		<feat xlink:href="#sSpan1406" value="ⲇⲉ"/>
		<feat xlink:href="#sSpan1410" value="ⲡⲉϫⲁ"/>
		<feat xlink:href="#sSpan1414" value="ⲓ"/>
		<feat xlink:href="#sSpan1416" value="ⲛⲁ"/>
		<feat xlink:href="#sSpan1420" value="ϥ"/>
		<feat xlink:href="#sSpan1422" value="·"/>
		<feat xlink:href="#sSpan1426" value="ϫⲉ"/>
		<feat xlink:href="#sSpan1431" value="ⲉϣⲱⲡⲉ"/>
		<feat xlink:href="#sSpan1433" value="ⲟⲩ"/>
		<feat xlink:href="#sSpan1438" value="ϩⲏⲕⲉ"/>
		<feat xlink:href="#sSpan1440" value="ⲡⲉ"/>
		<feat xlink:href="#sSpan1444" value="ⲉ"/>
		<feat xlink:href="#sSpan1448" value="ⲙⲛ̅"/>
		<feat xlink:href="#sSpan1451" value="[ϣ]ϭⲟⲙ"/>
		<feat xlink:href="#sSpan1454" value="ⲙ̅ⲙⲟ"/>
		<feat xlink:href="#sSpan1458" value="ϥ"/>
		<feat xlink:href="#sSpan1460" value="·"/>
		<feat xlink:href="#sSpan1464" value="ⲉ"/>
		<feat xlink:href="#sSpan1468" value="ϯ"/>
		<feat xlink:href="#sSpan1470" value="ⲛ̅"/>
		<feat xlink:href="#sSpan1473" value="ⲟⲩ"/>
		<feat xlink:href="#sSpan1477" value="ⲡⲣⲟⲥⲫⲟⲣⲁ"/>
		<feat xlink:href="#sSpan1479" value="ⲙ̅"/>
		<feat xlink:href="#sSpan1483" value="ⲡⲉⲕ"/>
		<feat xlink:href="#sSpan1486" value="ⲣⲁⲛ"/>
		<feat xlink:href="#sSpan1488" value="·"/>
		<feat xlink:href="#sSpan1492" value="ⲡⲉϫⲁ"/>
		<feat xlink:href="#sSpan1499" value="ϥ"/>
		<feat xlink:href="#sSpan1501" value="ⲛⲁ"/>
		<feat xlink:href="#sSpan1505" value="ⲓ"/>
		<feat xlink:href="#sSpan1507" value="ϫⲉ"/>
		<feat xlink:href="#sSpan1511" value="ⲙⲁⲣⲉ"/>
		<feat xlink:href="#sSpan1514" value="ϥ"/>
		<feat xlink:href="#sSpan1516" value="ⲧⲙ̅ⲙⲉ"/>
		<feat xlink:href="#sSpan1518" value="ⲟⲩ"/>
		<feat xlink:href="#sSpan1523" value="ⲥⲟⲛ"/>
		<feat xlink:href="#sSpan1525" value="ⲛ̅"/>
		<feat xlink:href="#sSpan1529" value="ϩⲏⲕⲉ"/>
		<feat xlink:href="#sSpan1531" value="ϩⲙ̅"/>
		<feat xlink:href="#sSpan1535" value="ⲡⲁ"/>
		<feat xlink:href="#sSpan1538" value="ⲣⲁⲛ"/>
		<feat xlink:href="#sSpan1540" value="·"/>
		<feat xlink:href="#sSpan1544" value="Ⲡⲉϫⲁ"/>
		<feat xlink:href="#sSpan1553" value="ϥ"/>
		<feat xlink:href="#sSpan1555" value="ⲛⲁ"/>
		<feat xlink:href="#sSpan1560" value="ⲓ"/>
		<feat xlink:href="#sSpan1562" value="ϫⲉ"/>
		<feat xlink:href="#sSpan1566" value="ⲉϣⲱⲡⲉ"/>
		<feat xlink:href="#sSpan1568" value="ⲟⲩ"/>
		<feat xlink:href="#sSpan1573" value="ϩⲏⲕⲉ"/>
		<feat xlink:href="#sSpan1575" value="ⲡⲉ"/>
		<feat xlink:href="#sSpan1579" value="ⲙⲛ̅"/>
		<feat xlink:href="#sSpan1584" value="ϣϭⲟⲙ"/>
		<feat xlink:href="#sSpan1587" value="ⲙ̅ⲙⲟ"/>
		<feat xlink:href="#sSpan1592" value="ϥ"/>
		<feat xlink:href="#sSpan1594" value="ⲉ"/>
		<feat xlink:href="#sSpan1598" value="ⲧⲙ̅ⲙⲟ"/>
		<feat xlink:href="#sSpan1600" value="ϥ"/>
		<feat xlink:href="#sSpan1602" value="·"/>
		<feat xlink:href="#sSpan1606" value="ⲕ"/>
		<feat xlink:href="#sSpan1610" value="ⲛⲁ"/>
		<feat xlink:href="#sSpan1612" value="ⲛ̅ⲧ"/>
		<feat xlink:href="#sSpan1614" value="ϥ̅"/>
		<feat xlink:href="#sSpan1616" value="ⲁⲛ"/>
		<feat xlink:href="#sSpan1620" value="ⲉ"/>
		<feat xlink:href="#sSpan1624" value="ⲡ"/>
		<feat xlink:href="#sSpan1628" value="ⲇⲩⲡⲛⲟⲛ"/>
		<feat xlink:href="#sSpan1630" value="ⲛ̅"/>
		<feat xlink:href="#sSpan1634" value="ⲧ"/>
		<feat xlink:href="#sSpan1638" value="ϣⲟⲣⲡ̅"/>
		<feat xlink:href="#sSpan1640" value="ⲛ̅"/>
		<feat xlink:href="#sSpan1644" value="ⲟⲩⲛⲟⲩ"/>
		<feat xlink:href="#sSpan1646" value="ⲙ̅"/>
		<feat xlink:href="#sSpan1650" value="ⲡ"/>
		<feat xlink:href="#sSpan1653" value="ϣⲟ"/>
		<feat xlink:href="#sSpan1655" value="ⲛ̅"/>
		<feat xlink:href="#sSpan1659" value="ⲣⲟⲙⲡⲉ"/>
		<feat xlink:href="#sSpan1661" value="·"/>
		<feat xlink:href="#sSpan1665" value="ⲡⲉϫⲁ"/>
		<feat xlink:href="#sSpan1672" value="ϥ"/>
		<feat xlink:href="#sSpan1674" value="ⲛⲁ"/>
		<feat xlink:href="#sSpan1678" value="ⲓ̈"/>
		<feat xlink:href="#sSpan1680" value="ϫⲉ"/>
		<feat xlink:href="#sSpan1685" value="ⲙⲁⲣⲉ"/>
		<feat xlink:href="#sSpan1687" value="ϥ"/>
		<feat xlink:href="#sSpan1689" value="ϯ"/>
		<feat xlink:href="#sSpan1691" value="ⲟⲩ"/>
		<feat xlink:href="#sSpan1696" value="ⲕⲟⲩⲓ"/>
		<feat xlink:href="#sSpan1698" value="ⲛ̅"/>
		<feat xlink:href="#sSpan1702" value="ⲥⲧⲟⲓ"/>
		<feat xlink:href="#sSpan1704" value="ϩⲙ̅"/>
		<feat xlink:href="#sSpan1708" value="ⲡⲁ"/>
		<feat xlink:href="#sSpan1711" value="ⲣⲁⲛ"/>
		<feat xlink:href="#sSpan1713" value="·"/>
		<feat xlink:href="#sSpan1717" value="ⲁⲛⲟⲕ"/>
		<feat xlink:href="#sSpan1725" value="ⲇⲉ"/>
		<feat xlink:href="#sSpan1729" value="ⲡⲉϫⲁ"/>
		<feat xlink:href="#sSpan1734" value="ⲓ"/>
		<feat xlink:href="#sSpan1736" value="ⲛⲁ"/>
		<feat xlink:href="#sSpan1741" value="ϥ"/>
		<feat xlink:href="#sSpan1743" value="·"/>
		<feat xlink:href="#sSpan1747" value="ϫⲉ"/>
		<feat xlink:href="#sSpan1751" value="ⲉϣⲱⲡⲉ"/>
		<feat xlink:href="#sSpan1753" value="·"/>
		<feat xlink:href="#sSpan1757" value="ⲟⲩ"/>
		<feat xlink:href="#sSpan1762" value="ϩⲏⲕⲉ"/>
		<feat xlink:href="#sSpan1764" value="ⲡⲉ"/>
		<feat xlink:href="#sSpan1768" value="ⲙⲛ̅"/>
		<feat xlink:href="#sSpan1772" value="ϣϭⲟⲙ"/>
		<feat xlink:href="#sSpan1775" value="ⲙ̅ⲙⲟ"/>
		<feat xlink:href="#sSpan1780" value="ϥ"/>
		<feat xlink:href="#sSpan1782" value="ⲉ"/>
		<feat xlink:href="#sSpan1787" value="ϯⲥⲧⲟⲓ"/>
		<feat xlink:href="#sSpan1790" value="·"/>
		<feat xlink:href="#sSpan1794" value="ⲉϩⲣⲁⲓ"/>
		<feat xlink:href="#sSpan1798" value="ⲙ̅"/>
		<feat xlink:href="#sSpan1802" value="ⲡⲉⲕ"/>
		<feat xlink:href="#sSpan1805" value="ⲣⲁⲛ"/>
		<feat xlink:href="#sSpan1807" value="·"/>
		<feat xlink:href="#sSpan1811" value="ⲉⲧⲃⲉ"/>
		<feat xlink:href="#sSpan1815" value="ⲧ"/>
		<feat xlink:href="#sSpan1819" value="ⲙⲛ̅ⲧ̅ϩⲏⲕⲉ"/>
		<feat xlink:href="#sSpan1823" value="·"/>
		<feat xlink:href="#sSpan1827" value="ⲁ"/>
		<feat xlink:href="#sSpan1834" value="ⲓ"/>
		<feat xlink:href="#sSpan1836" value="ⲟ"/>
		<feat xlink:href="#sSpan1838" value="ⲡⲁ"/>
		<feat xlink:href="#sSpan1843" value="ⲉⲓⲱⲧ"/>
		<feat xlink:href="#sSpan1845" value="ⲉⲧ"/>
		<feat xlink:href="#sSpan1849" value="ⲛⲁⲛⲟⲩ"/>
		<feat xlink:href="#sSpan1851" value="ϥ"/>
		<feat xlink:href="#sSpan1853" value="ⲙⲁⲣⲉ"/>
		<feat xlink:href="#sSpan1857" value="ⲡⲉⲕ"/>
		<feat xlink:href="#sSpan1860" value="ⲛⲁ"/>
		<feat xlink:href="#sSpan1862" value="ⲧⲁϩⲟ"/>
		<feat xlink:href="#sSpan1866" value="ⲛ"/>
		<feat xlink:href="#sSpan1868" value="ⲧⲏⲣ"/>
		<feat xlink:href="#sSpan1873" value="ⲛ̅"/>
		<feat xlink:href="#sSpan1875" value="ϫⲉ"/>
		<feat xlink:href="#sSpan1879" value="ⲡ"/>
		<feat xlink:href="#sSpan1882" value="ⲉⲧ"/>
		<feat xlink:href="#sSpan1884" value="ⲕ̅"/>
		<feat xlink:href="#sSpan1886" value="ⲛⲁ"/>
		<feat xlink:href="#sSpan1889" value="ⲁⲓⲧⲉⲓ"/>
		<feat xlink:href="#sSpan1891" value="ⲙ̅ⲙⲟ"/>
		<feat xlink:href="#sSpan1895" value="ϥ"/>
		<feat xlink:href="#sSpan1897" value="ⲛ̅ⲧⲙ̅"/>
		<feat xlink:href="#sSpan1901" value="ⲡ"/>
		<feat xlink:href="#sSpan1904" value="ⲛⲟⲩⲧⲉ"/>
		<feat xlink:href="#sSpan1906" value="·"/>
		<feat xlink:href="#sSpan1910" value="ⲡ"/>
		<feat xlink:href="#sSpan1916" value="ⲛⲟⲩⲧⲉ"/>
		<feat xlink:href="#sSpan1918" value="ⲛⲁ"/>
		<feat xlink:href="#sSpan1922" value="ⲧⲁⲁ"/>
		<feat xlink:href="#sSpan1924" value="ϥ"/>
		<feat xlink:href="#sSpan1926" value="ⲛⲁ"/>
		<feat xlink:href="#sSpan1930" value="ⲕ"/>
		<feat xlink:href="#sSpan1932" value="·"/>
		<feat xlink:href="#sSpan1936" value="ⲡⲉϫⲁ"/>
		<feat xlink:href="#sSpan1943" value="ϥ"/>
		<feat xlink:href="#sSpan1945" value="ⲛⲁ"/>
		<feat xlink:href="#sSpan1949" value="ⲓ"/>
		<feat xlink:href="#sSpan1951" value="ϫⲉ"/>
		<feat xlink:href="#sSpan1955" value="ⲙⲁⲣⲉ"/>
		<feat xlink:href="#sSpan1957" value="ϥ"/>
		<feat xlink:href="#sSpan1959" value="ⲁϩⲉ"/>
		<feat xlink:href="#sSpan1961" value="ⲣⲁⲧ"/>
		<feat xlink:href="#sSpan1964" value="ϥ̅"/>
		<feat xlink:href="#sSpan1966" value="ⲛ"/>
		<feat xlink:href="#sSpan1970" value="ϥ̅"/>
		<feat xlink:href="#sSpan1972" value="ϫⲉ"/>
		<feat xlink:href="#sSpan1974" value="ϣⲟⲙⲛ̅ⲧ̅"/>
		<feat xlink:href="#sSpan1977" value="ⲛ̅"/>
		<feat xlink:href="#sSpan1981" value="ⲥⲟⲡ"/>
		<feat xlink:href="#sSpan1983" value="ⲛ̅"/>
		<feat xlink:href="#sSpan1987" value="ϣⲗⲏⲗ"/>
		<feat xlink:href="#sSpan1990" value="ⲉ"/>
		<feat xlink:href="#sSpan1994" value="ⲡ"/>
		<feat xlink:href="#sSpan1997" value="ⲛⲟⲩⲧⲉ"/>
		<feat xlink:href="#sSpan1999" value="·"/>
		<feat xlink:href="#sSpan2003" value="ϩⲙ̅"/>
		<feat xlink:href="#sSpan2008" value="ⲡⲁ"/>
		<feat xlink:href="#sSpan2011" value="ⲣⲁⲛ"/>
		<feat xlink:href="#sSpan2013" value="ⲁⲩⲱ"/>
		<feat xlink:href="#sSpan2017" value="ⲡ"/>
		<feat xlink:href="#sSpan2022" value="ϫⲥ̅"/>
		<feat xlink:href="#sSpan2025" value="ⲓ̅ⲥ̅"/>
		<feat xlink:href="#sSpan2029" value="ⲛⲁ"/>
		<feat xlink:href="#sSpan2033" value="ⲛⲧ"/>
		<feat xlink:href="#sSpan2035" value="ϥ̅"/>
		<feat xlink:href="#sSpan2037" value="ⲉ"/>
		<feat xlink:href="#sSpan2041" value="ⲡ"/>
		<feat xlink:href="#sSpan2044" value="ϣⲟ"/>
		<feat xlink:href="#sSpan2046" value="ⲛ̅"/>
		<feat xlink:href="#sSpan2050" value="ⲣⲟⲙⲡⲉ"/>
		<feat xlink:href="#sSpan2052" value="·"/>
		<feat xlink:href="#sSpan2056" value="ⲛ"/>
		<feat xlink:href="#sSpan2061" value="ϥ̅"/>
		<feat xlink:href="#sSpan2064" value="ⲕⲗⲏⲣⲟⲛⲟⲙⲉⲓ"/>
		<feat xlink:href="#sSpan2066" value="ⲙⲛ̅"/>
		<feat xlink:href="#sSpan2070" value="ⲛ"/>
		<feat xlink:href="#sSpan2073" value="ⲉⲧ"/>
		<feat xlink:href="#sSpan2075" value="ⲟⲩⲁⲁⲃ"/>
		<feat xlink:href="#sSpan2077" value="ⲧⲏⲣ"/>
		<feat xlink:href="#sSpan2081" value="ⲟⲩ"/>
		<feat xlink:href="#sSpan2083" value="·"/>
		<feat xlink:href="#sSpan2087" value="ⲁⲛⲟⲕ"/>
		<feat xlink:href="#sSpan2095" value="ⲇⲉ"/>
		<feat xlink:href="#sSpan2099" value="ⲡⲉϫⲁ"/>
		<feat xlink:href="#sSpan2104" value="ⲓ"/>
		<feat xlink:href="#sSpan2106" value="ⲛⲁ"/>
		<feat xlink:href="#sSpan2110" value="ϥ"/>
		<feat xlink:href="#sSpan2112" value="ϫⲉ"/>
		<feat xlink:href="#sSpan2117" value="ⲱ̅"/>
		<feat xlink:href="#sSpan2119" value="ⲡⲁ"/>
		<feat xlink:href="#sSpan2124" value="ⲉⲓⲱⲧ"/>
		<feat xlink:href="#sSpan2126" value="ⲉⲧ"/>
		<feat xlink:href="#sSpan2130" value="ⲟⲩⲁⲁⲃ"/>
		<feat xlink:href="#sSpan2132" value="·"/>
		<feat xlink:href="#sSpan2136" value="ⲉϣⲱⲡⲉ"/>
		<feat xlink:href="#sSpan2140" value="ϯ"/>
		<feat xlink:href="#sSpan2144" value="ⲙ̅ⲡϣⲁ"/>
		<feat xlink:href="#sSpan2147" value="·"/>
		<feat xlink:href="#sSpan2151" value="ϯ"/>
		<feat xlink:href="#sSpan2155" value="ⲟⲩⲱϣ"/>
		<feat xlink:href="#sSpan2157" value="ⲉ"/>
		<feat xlink:href="#sSpan2161" value="ⲧⲣ"/>
		<feat xlink:href="#sSpan2163" value="ⲁ"/>
		<feat xlink:href="#sSpan2165" value="ϣⲱⲡⲉ"/>
		<feat xlink:href="#sSpan2167" value="·"/>
		<feat xlink:href="#sSpan2171" value="ϩⲙ̅"/>
		<feat xlink:href="#sSpan2175" value="ⲡⲉⲕ"/>
		<feat xlink:href="#sSpan2179" value="ⲧⲟⲡⲟⲥ"/>
		<feat xlink:href="#sSpan2181" value="·"/>
		<feat xlink:href="#sSpan2185" value="ⲉⲧ"/>
		<feat xlink:href="#sSpan2189" value="ⲟⲩⲁⲁⲃ"/>
		<feat xlink:href="#sSpan2192" value="ⲉⲕϣⲁⲛ"/>
		<feat xlink:href="#sSpan2196" value="ⲗⲟ"/>
		<feat xlink:href="#sSpan2198" value="ϩⲙ̅"/>
		<feat xlink:href="#sSpan2202" value="ⲡⲉⲓ"/>
		<feat xlink:href="#sSpan2206" value="ⲥⲱⲙⲁ"/>
		<feat xlink:href="#sSpan2208" value="·"/>
		<feat xlink:href="#sSpan2212" value="ⲡⲉϫⲁ"/>
		<feat xlink:href="#sSpan2219" value="ϥ"/>
		<feat xlink:href="#sSpan2221" value="ⲛⲁ"/>
		<feat xlink:href="#sSpan2225" value="ⲓ"/>
		<feat xlink:href="#sSpan2227" value="ϫⲉ"/>
		<feat xlink:href="#sSpan2231" value="ⲙ̅ⲡⲱⲣ"/>
		<feat xlink:href="#sSpan2234" value="ⲡⲁ"/>
		<feat xlink:href="#sSpan2239" value="ϣⲏⲣⲉ"/>
		<feat xlink:href="#sSpan2241" value="·"/>
		<feat xlink:href="#sSpan2245" value="ⲙ̅ⲡ"/>
		<feat xlink:href="#sSpan2251" value="ⲟⲩ"/>
		<feat xlink:href="#sSpan2253" value="ⲧⲟϣ"/>
		<feat xlink:href="#sSpan2255" value="ⲕ̅"/>
		<feat xlink:href="#sSpan2258" value="ⲅⲁⲣ"/>
		<feat xlink:href="#sSpan2262" value="ⲉ"/>
		<feat xlink:href="#sSpan2266" value="ϯ"/>
		<feat xlink:href="#sSpan2270" value="ⲟⲓⲕⲟⲛⲟⲙⲓⲁ"/>
		<feat xlink:href="#sSpan2273" value="·"/>
		<feat xlink:href="#sSpan2278" value="ⲁⲗⲗⲁ"/>
		<feat xlink:href="#sSpan2282" value="ⲛ̅ⲧ"/>
		<feat xlink:href="#sSpan2286" value="ⲁ"/>
		<feat xlink:href="#sSpan2288" value="ⲡ"/>
		<feat xlink:href="#sSpan2291" value="ϫⲥ̅"/>
		<feat xlink:href="#sSpan2293" value="ⲧⲟϣ"/>
		<feat xlink:href="#sSpan2297" value="ⲕ̅"/>
		<feat xlink:href="#sSpan2299" value="ⲉ"/>
		<feat xlink:href="#sSpan2303" value="ⲩ"/>
		<feat xlink:href="#sSpan2306" value="ⲥⲟⲗⲥⲗ̅"/>
		<feat xlink:href="#sSpan2308" value="ⲛ̅"/>
		<feat xlink:href="#sSpan2312" value="ⲛⲉ"/>
		<feat xlink:href="#sSpan2315" value="ⲥⲛⲏⲩ"/>
		<feat xlink:href="#sSpan2319" value="ⲉⲧ"/>
		<feat xlink:href="#sSpan2323" value="ⲟⲩⲁⲁⲃ"/>
		<feat xlink:href="#sSpan2325" value="·"/>
		<feat xlink:href="#sSpan2329" value="ⲉⲧ"/>
		<feat xlink:href="#sSpan2333" value="ϣⲟⲟⲡ"/>
		<feat xlink:href="#sSpan2335" value="ϩⲙ̅"/>
		<feat xlink:href="#sSpan2339" value="ⲡ"/>
		<feat xlink:href="#sSpan2342" value="ϫⲁⲓⲉ"/>
		<feat xlink:href="#sSpan2344" value="·"/>
		<feat xlink:href="#sSpan2348" value="ⲉ"/>
		<feat xlink:href="#sSpan2352" value="ⲧⲣⲉ"/>
		<feat xlink:href="#sSpan2354" value="ⲕ"/>
		<feat xlink:href="#sSpan2357" value="ⲧⲁϣⲉⲟⲉⲓϣ"/>
		<feat xlink:href="#sSpan2361" value="ⲙ̅ⲙⲟ"/>
		<feat xlink:href="#sSpan2365" value="ⲟⲩ"/>
		<feat xlink:href="#sSpan2367" value="ⲙⲛ̅"/>
		<feat xlink:href="#sSpan2371" value="ⲡⲉⲩ"/>
		<feat xlink:href="#sSpan2375" value="ⲥϯⲛⲟⲩϥⲉ"/>
		<feat xlink:href="#sSpan2378" value="·"/>
		<feat xlink:href="#sSpan2382" value="ϩⲛ̅"/>
		<feat xlink:href="#sSpan2386" value="ⲧ"/>
		<feat xlink:href="#sSpan2389" value="ⲙⲏⲏⲧⲉ"/>
		<feat xlink:href="#sSpan2391" value="ⲛ"/>
		<feat xlink:href="#sSpan2396" value="ⲛⲉ"/>
		<feat xlink:href="#sSpan2399" value="ⲥⲛⲏⲩ"/>
		<feat xlink:href="#sSpan2401" value="·"/>
		<feat xlink:href="#sSpan2405" value="ⲛ̅"/>
		<feat xlink:href="#sSpan2411" value="ⲣϥ̅ϣⲙ̅ϣⲉⲛⲟⲩⲧⲉ"/>
		<feat xlink:href="#sSpan2415" value="ⲉ"/>
		<feat xlink:href="#sSpan2420" value="ⲩ"/>
		<feat xlink:href="#sSpan2423" value="ϩⲏⲩ"/>
		<feat xlink:href="#sSpan2425" value="ⲛ̅"/>
		<feat xlink:href="#sSpan2429" value="ⲛ"/>
		<feat xlink:href="#sSpan2432" value="ⲉⲧ"/>
		<feat xlink:href="#sSpan2434" value="ⲥⲱⲧⲙ̅"/>
		<feat xlink:href="#sSpan2437" value="ⲃⲱⲕ"/>
		<feat xlink:href="#sSpan2443" value="ⲛⲁ"/>
		<feat xlink:href="#sSpan2447" value="ⲕ"/>
		<feat xlink:href="#sSpan2449" value="ⲉⲃⲟⲗ"/>
		<feat xlink:href="#sSpan2453" value="ⲉ"/>
		<feat xlink:href="#sSpan2457" value="ⲕⲏⲙⲉ"/>
		<feat xlink:href="#sSpan2461" value="ⲱ̅"/>
		<feat xlink:href="#sSpan2465" value="ⲡⲁ"/>
		<feat xlink:href="#sSpan2470" value="ϣⲏⲣⲉ"/>
		<feat xlink:href="#sSpan2472" value="ⲛ"/>
		<feat xlink:href="#sSpan2476" value="ⲅ̅"/>
		<feat xlink:href="#sSpan2478" value="ϣⲱⲡⲉ"/>
		<feat xlink:href="#sSpan2481" value="·"/>
		<feat xlink:href="#sSpan2485" value="ⲉ"/>
		<feat xlink:href="#sSpan2489" value="ⲕ"/>
		<feat xlink:href="#sSpan2491" value="ⲙⲏⲛ"/>
		<feat xlink:href="#sSpan2493" value="ⲉⲃⲟⲗ"/>
		<feat xlink:href="#sSpan2497" value="ϩⲙ̅"/>
		<feat xlink:href="#sSpan2501" value="ⲡ"/>
		<feat xlink:href="#sSpan2504" value="ϩⲱⲃ"/>
		<feat xlink:href="#sSpan2506" value="ⲉⲧ"/>
		<feat xlink:href="#sSpan2510" value="ⲛⲁⲛⲟⲩ"/>
		<feat xlink:href="#sSpan2512" value="ϥ"/>
		<feat xlink:href="#sSpan2514" value="·"/>
		<feat xlink:href="#sSpan2518" value="ⲁⲛⲟⲕ"/>
		<feat xlink:href="#sSpan2525" value="ⲇⲉ"/>
		<feat xlink:href="#sSpan2530" value="ⲛ̅"/>
		<feat xlink:href="#sSpan2534" value="ⲧⲉ"/>
		<feat xlink:href="#sSpan2536" value="ⲩⲛⲟⲩ"/>
		<feat xlink:href="#sSpan2538" value="ⲁ"/>
		<feat xlink:href="#sSpan2542" value="ⲓ"/>
		<feat xlink:href="#sSpan2544" value="ⲡⲁϩⲧ̅"/>
		<feat xlink:href="#sSpan2546" value="ⲉϫⲙ̅"/>
		<feat xlink:href="#sSpan2550" value="ⲡ"/>
		<feat xlink:href="#sSpan2553" value="ⲕⲁϩ"/>
		<feat xlink:href="#sSpan2555" value="·"/>
		<feat xlink:href="#sSpan2559" value="ⲡⲉϫⲁ"/>
		<feat xlink:href="#sSpan2565" value="ⲓ"/>
		<feat xlink:href="#sSpan2567" value="ⲛⲁ"/>
		<feat xlink:href="#sSpan2571" value="ϥ"/>
		<feat xlink:href="#sSpan2573" value="ϫⲉ"/>
		<feat xlink:href="#sSpan2578" value="ⲥⲙⲟⲩ"/>
		<feat xlink:href="#sSpan2580" value="ⲉⲣⲟ"/>
		<feat xlink:href="#sSpan2584" value="ⲓ"/>
		<feat xlink:href="#sSpan2586" value="ⲡⲁ"/>
		<feat xlink:href="#sSpan2591" value="ⲉⲓⲱⲧ"/>
		<feat xlink:href="#sSpan2593" value="·"/>
		<feat xlink:href="#sSpan2597" value="ⲛ̅ⲧⲉ"/>
		<feat xlink:href="#sSpan2601" value="ⲟⲩ"/>
		<feat xlink:href="#sSpan2604" value="ⲛⲁ"/>
		<feat xlink:href="#sSpan2606" value="ⲧⲁϩⲟ"/>
		<feat xlink:href="#sSpan2610" value="ⲓ"/>
		<feat xlink:href="#sSpan2612" value="ϩⲁϩⲧⲙ̅"/>
		<feat xlink:href="#sSpan2616" value="ⲡ"/>
		<feat xlink:href="#sSpan2620" value="ⲛⲟⲩⲧⲉ"/>
		<feat xlink:href="#sSpan2622" value="·"/>
		<feat xlink:href="#sSpan2626" value="ⲛ̅"/>
		<feat xlink:href="#sSpan2630" value="ⲑ"/>
		<feat xlink:href="#sSpan2632" value="ⲉ"/>
		<feat xlink:href="#sSpan2634" value="ⲛ̅ⲧ"/>
		<feat xlink:href="#sSpan2638" value="ⲁ"/>
		<feat xlink:href="#sSpan2640" value="ⲓ"/>
		<feat xlink:href="#sSpan2642" value="ⲙ̅ⲡϣⲁ"/>
		<feat xlink:href="#sSpan2644" value="ⲛ̅"/>
		<feat xlink:href="#sSpan2648" value="ⲛⲁⲩ"/>
		<feat xlink:href="#sSpan2650" value="ⲉⲣⲟ"/>
		<feat xlink:href="#sSpan2654" value="ⲕ"/>
		<feat xlink:href="#sSpan2656" value="ϩⲓϫⲙ̅"/>
		<feat xlink:href="#sSpan2660" value="ⲡ"/>
		<feat xlink:href="#sSpan2663" value="ⲕⲁϩ"/>
		<feat xlink:href="#sSpan2665" value="ⲛ̅"/>
		<feat xlink:href="#sSpan2670" value="ⲧⲁ"/>
		<feat xlink:href="#sSpan2672" value="ⲙ̅ⲡϣⲁ"/>
		<feat xlink:href="#sSpan2674" value="ⲟⲛ"/>
		<feat xlink:href="#sSpan2678" value="ⲛ̅"/>
		<feat xlink:href="#sSpan2682" value="ⲛⲁⲩ"/>
		<feat xlink:href="#sSpan2684" value="ⲉⲣⲟ"/>
		<feat xlink:href="#sSpan2688" value="ⲕ"/>
		<feat xlink:href="#sSpan2690" value="ϩⲙ̅"/>
		<feat xlink:href="#sSpan2694" value="ⲡ"/>
		<feat xlink:href="#sSpan2697" value="ⲕⲉ"/>
		<feat xlink:href="#sSpan2700" value="ⲁⲓⲱⲛ"/>
		<feat xlink:href="#sSpan2702" value="·"/>
		<feat xlink:href="#sSpan2706" value="ϩⲁϩⲧⲙ̅"/>
		<feat xlink:href="#sSpan2711" value="ⲡ"/>
		<feat xlink:href="#sSpan2714" value="ϫⲥ̅"/>
		<feat xlink:href="#sSpan2717" value="ⲓⲥ̅"/>
		<feat xlink:href="#sSpan2721" value="ⲡⲉ"/>
		<feat xlink:href="#sSpan2726" value="ⲭⲥ̅"/>
		<feat xlink:href="#sSpan2728" value="·"/>
		<feat xlink:href="#sSpan2732" value="Ⲛ̅ⲧⲟϥ"/>
		<feat xlink:href="#sSpan2741" value="ⲇⲉ"/>
		<feat xlink:href="#sSpan2745" value="ⲡⲉϫⲁ"/>
		<feat xlink:href="#sSpan2749" value="ϥ"/>
		<feat xlink:href="#sSpan2751" value="ⲛⲁ"/>
		<feat xlink:href="#sSpan2755" value="ⲓ̅"/>
		<feat xlink:href="#sSpan2757" value="·"/>
		<feat xlink:href="#sSpan2761" value="ϫⲉ"/>
		<feat xlink:href="#sSpan2765" value="ⲡⲁ"/>
		<feat xlink:href="#sSpan2768" value="ϣⲏⲣⲉ"/>
		<feat xlink:href="#sSpan2770" value="ⲙ̅"/>
		<feat xlink:href="#sSpan2774" value="ⲡ"/>
		<feat xlink:href="#sSpan2777" value="ⲛⲟⲩⲧⲉ"/>
		<feat xlink:href="#sSpan2779" value="ⲛⲁ"/>
		<feat xlink:href="#sSpan2785" value="ⲗⲩⲡⲉⲓ"/>
		<feat xlink:href="#sSpan2787" value="ⲙ̅ⲙⲟ"/>
		<feat xlink:href="#sSpan2791" value="ⲕ"/>
		<feat xlink:href="#sSpan2793" value="ⲁⲛ"/>
		<feat xlink:href="#sSpan2797" value="ϩⲛ̅"/>
		<feat xlink:href="#sSpan2801" value="ⲗⲁⲁⲩ"/>
		<feat xlink:href="#sSpan2804" value="ⲛ̅"/>
		<feat xlink:href="#sSpan2808" value="ϩⲱⲃ"/>
		<feat xlink:href="#sSpan2810" value="ⲉϥⲉ"/>
		<feat xlink:href="#sSpan2814" value="ⲧⲁϫⲣⲟ"/>
		<feat xlink:href="#sSpan2816" value="ⲕ"/>
		<feat xlink:href="#sSpan2818" value="ϩⲛ̅"/>
		<feat xlink:href="#sSpan2823" value="ⲧϥ̅"/>
		<feat xlink:href="#sSpan2827" value="ⲁⲅⲁⲡⲏ"/>
		<feat xlink:href="#sSpan2829" value="·"/>
		<feat xlink:href="#sSpan2833" value="ⲛ̅ⲧⲉ"/>
		<feat xlink:href="#sSpan2837" value="ⲛⲉⲕ"/>
		<feat xlink:href="#sSpan2840" value="ⲃⲁⲗ"/>
		<feat xlink:href="#sSpan2843" value="ϫⲓⲟⲩⲟⲉⲓⲛ"/>
		<feat xlink:href="#sSpan2848" value="·"/>
		<feat xlink:href="#sSpan2852" value="ϩⲛ̅"/>
		<feat xlink:href="#sSpan2856" value="ⲧϥ̅"/>
		<feat xlink:href="#sSpan2860" value="ⲙⲛ̅ⲧ̅ⲛⲟⲩⲧⲉ"/>
		<feat xlink:href="#sSpan2864" value="·"/>
		<feat xlink:href="#sSpan2868" value="ⲛ̅"/>
		<feat xlink:href="#sSpan2872" value="ⲛⲉⲕ"/>
		<feat xlink:href="#sSpan2875" value="ⲣⲓⲕⲉ"/>
		<feat xlink:href="#sSpan2878" value="ⲟⲩⲇⲉ"/>
		<feat xlink:href="#sSpan2882" value="ⲛ̅"/>
		<feat xlink:href="#sSpan2886" value="ⲛⲉⲕ"/>
		<feat xlink:href="#sSpan2889" value="ϩⲉ"/>
		<feat xlink:href="#sSpan2891" value="·"/>
		<feat xlink:href="#sSpan2896" value="ⲁⲗⲗⲁ"/>
		<feat xlink:href="#sSpan2900" value="ⲉ"/>
		<feat xlink:href="#sSpan2905" value="ⲕ"/>
		<feat xlink:href="#sSpan2907" value="ⲛⲁ"/>
		<feat xlink:href="#sSpan2909" value="ⲙⲁⲧⲉ"/>
		<feat xlink:href="#sSpan2911" value="ⲙ̅"/>
		<feat xlink:href="#sSpan2915" value="ⲫ"/>
		<feat xlink:href="#sSpan2918" value="ⲱⲃ"/>
		<feat xlink:href="#sSpan2920" value="·"/>
		<feat xlink:href="#sSpan2924" value="ⲛ̅ⲧ"/>
		<feat xlink:href="#sSpan2928" value="ⲁ"/>
		<feat xlink:href="#sSpan2930" value="ⲕ"/>
		<feat xlink:href="#sSpan2932" value="ϩⲓⲧⲟⲟⲧ"/>
		<feat xlink:href="#sSpan2934" value="ⲕ̅"/>
		<feat xlink:href="#sSpan2936" value="ⲉⲣⲟ"/>
		<feat xlink:href="#sSpan2940" value="ϥ"/>
		<feat xlink:href="#sSpan2942" value="·"/>
		<feat xlink:href="#sSpan2946" value="ⲉⲣⲉ"/>
		<feat xlink:href="#sSpan2953" value="ⲛ̅"/>
		<feat xlink:href="#sSpan2957" value="ⲁⲅⲅⲉⲗⲟⲥ"/>
		<feat xlink:href="#sSpan2960" value="ⲥⲕⲉⲡⲁⲍⲉ"/>
		<feat xlink:href="#sSpan2964" value="ⲙ̅ⲙⲟ"/>
		<feat xlink:href="#sSpan2968" value="ⲕ"/>
		<feat xlink:href="#sSpan2970" value="·"/>
		<feat xlink:href="#sSpan2974" value="ⲛ̅"/>
		<feat xlink:href="#sSpan2978" value="ⲥⲉ"/>
		<feat xlink:href="#sSpan2980" value="ⲛⲁϩⲙⲉ"/>
		<feat xlink:href="#sSpan2982" value="ⲕ"/>
		<feat xlink:href="#sSpan2984" value="ⲉ"/>
		<feat xlink:href="#sSpan2989" value="ⲛ"/>
		<feat xlink:href="#sSpan2993" value="ⲉⲡⲉⲓⲃⲟⲩⲗⲏ"/>
		<feat xlink:href="#sSpan2995" value="ⲛ̅"/>
		<feat xlink:href="#sSpan2999" value="ⲛ"/>
		<feat xlink:href="#sSpan3003" value="ⲓⲟⲩⲇⲁⲓ"/>
		<feat xlink:href="#sSpan3005" value="ⲛ̅ⲛⲉ"/>
		<feat xlink:href="#sSpan3009" value="ⲩ"/>
		<feat xlink:href="#sSpan3011" value="ϩⲉ"/>
		<feat xlink:href="#sSpan3014" value="ⲉ"/>
		<feat xlink:href="#sSpan3018" value="ⲗⲁⲁⲩ"/>
		<feat xlink:href="#sSpan3021" value="ⲛ̅"/>
		<feat xlink:href="#sSpan3026" value="ⲕⲁⲧⲏⲅⲟⲣⲓⲁ"/>
		<feat xlink:href="#sSpan3029" value="ⲉϩⲟⲩⲛ"/>
		<feat xlink:href="#sSpan3033" value="ⲉⲣⲟ"/>
		<feat xlink:href="#sSpan3037" value="ⲕ"/>
		<feat xlink:href="#sSpan3039" value="·"/>
		<feat xlink:href="#sSpan3043" value="ϩⲛ̅"/>
		<feat xlink:href="#sSpan3047" value="ⲧⲉⲕ"/>
		<feat xlink:href="#sSpan3051" value="ϭⲓⲛⲁⲡⲁⲛⲧⲁ"/>
		<feat xlink:href="#sSpan3055" value="ⲉ"/>
		<feat xlink:href="#sSpan3059" value="ⲡ"/>
		<feat xlink:href="#sSpan3063" value="ⲛⲟⲩⲧⲉ"/>
		<feat xlink:href="#sSpan3065" value="·"/>
		<feat xlink:href="#sSpan3069" value="Ⲛ̅ⲧⲉⲣⲉ"/>
		<feat xlink:href="#sSpan3077" value="ϥ"/>
		<feat xlink:href="#sSpan3079" value="ⲟⲩⲱ"/>
		<feat xlink:href="#sSpan3082" value="ⲇⲉ"/>
		<feat xlink:href="#sSpan3086" value="ⲉ"/>
		<feat xlink:href="#sSpan3090" value="ϥ"/>
		<feat xlink:href="#sSpan3092" value="ϫⲱ"/>
		<feat xlink:href="#sSpan3094" value="ⲛ̅"/>
		<feat xlink:href="#sSpan3098" value="ⲛⲁⲓ"/>
		<feat xlink:href="#sSpan3101" value="ⲁ"/>
		<feat xlink:href="#sSpan3106" value="ϥ"/>
		<feat xlink:href="#sSpan3108" value="ⲧⲱⲟⲩⲛ"/>
		<feat xlink:href="#sSpan3110" value="ⲁ"/>
		<feat xlink:href="#sSpan3116" value="ϥ"/>
		<feat xlink:href="#sSpan3118" value="ϣⲗⲏⲗ"/>
		<feat xlink:href="#sSpan3120" value="ⲉ"/>
		<feat xlink:href="#sSpan3125" value="ⲡ"/>
		<feat xlink:href="#sSpan3128" value="ⲛⲟⲩⲧⲉ"/>
		<feat xlink:href="#sSpan3130" value="ϩⲛ̅"/>
		<feat xlink:href="#sSpan3134" value="ϩⲉⲛ"/>
		<feat xlink:href="#sSpan3138" value="ⲁϣⲁϩⲟⲙ"/>
		<feat xlink:href="#sSpan3141" value="ⲙⲛ̅"/>
		<feat xlink:href="#sSpan3145" value="ϩⲉⲛ"/>
		<feat xlink:href="#sSpan3148" value="ⲣⲙ̅ⲉⲓⲟⲟⲩⲉ"/>
		<feat xlink:href="#sSpan3150" value="ⲉ"/>
		<feat xlink:href="#sSpan3155" value="ⲩ"/>
		<feat xlink:href="#sSpan3157" value="ⲟϣ"/>
		<feat xlink:href="#sSpan3159" value="·"/>
		<feat xlink:href="#sSpan3163" value="ⲙⲛ̅ⲛ̅ⲥⲱ"/>
		<feat xlink:href="#sSpan3169" value="ⲥ"/>
		<feat xlink:href="#sSpan3171" value="ⲁ"/>
		<feat xlink:href="#sSpan3175" value="ϥ"/>
		<feat xlink:href="#sSpan3177" value="ⲛ̅ⲕⲟⲧⲕ̅"/>
		<feat xlink:href="#sSpan3180" value="ⲉ"/>
		<feat xlink:href="#sSpan3184" value="ⲡ"/>
		<feat xlink:href="#sSpan3187" value="ⲕⲁϩ"/>
		<feat xlink:href="#sSpan3189" value="·"/>
		<feat xlink:href="#sSpan3193" value="ⲁ"/>
		<feat xlink:href="#sSpan3199" value="ϥ"/>
		<feat xlink:href="#sSpan3201" value="ϫⲱⲕ"/>
		<feat xlink:href="#sSpan3203" value="ⲉⲃⲟⲗ"/>
		<feat xlink:href="#sSpan3207" value="ⲛ̅"/>
		<feat xlink:href="#sSpan3212" value="ⲧⲉϥ"/>
		<feat xlink:href="#sSpan3216" value="ⲟⲓⲕⲟⲛⲟⲙⲓⲁ"/>
		<feat xlink:href="#sSpan3218" value="ⲛ̅ⲧⲉ"/>
		<feat xlink:href="#sSpan3222" value="ⲡ"/>
		<feat xlink:href="#sSpan3225" value="ⲛⲟⲩⲧⲉ"/>
		<feat xlink:href="#sSpan3227" value="·"/>
		<feat xlink:href="#sSpan3231" value="ⲁⲩⲱ"/>
		<feat xlink:href="#sSpan3235" value="ⲁ"/>
		<feat xlink:href="#sSpan3239" value="ϥ"/>
		<feat xlink:href="#sSpan3241" value="ϯ"/>
		<feat xlink:href="#sSpan3243" value="ⲙ̅"/>
		<feat xlink:href="#sSpan3247" value="ⲡϥ̅"/>
		<feat xlink:href="#sSpan3251" value="ⲡⲛⲁ̅"/>
		<feat xlink:href="#sSpan3254" value="ⲛ̅"/>
		<feat xlink:href="#sSpan3258" value="ϭⲓϫ"/>
		<feat xlink:href="#sSpan3261" value="ⲙ̅"/>
		<feat xlink:href="#sSpan3265" value="ⲡ"/>
		<feat xlink:href="#sSpan3268" value="ⲛⲟⲩⲧⲉ"/>
		<feat xlink:href="#sSpan3270" value="ϩⲛ̅"/>
		<feat xlink:href="#sSpan3275" value="ⲥⲟⲩⲙⲛ̅ⲧⲁⲥⲉ"/>
		<feat xlink:href="#sSpan3280" value="ⲙ̅"/>
		<feat xlink:href="#sSpan3284" value="ⲡ"/>
		<feat xlink:href="#sSpan3287" value="ⲉⲃⲟⲧ"/>
		<feat xlink:href="#sSpan3289" value="ⲡⲁⲱⲛⲉ"/>
		<feat xlink:href="#sSpan3294" value="·"/>
		<feat xlink:href="#sSpan3298" value="ⲁⲛⲟⲕ"/>
		<feat xlink:href="#sSpan3305" value="ⲇⲉ"/>
		<feat xlink:href="#sSpan3309" value="ⲁ"/>
		<feat xlink:href="#sSpan3313" value="ⲓ"/>
		<feat xlink:href="#sSpan3315" value="ⲥⲱⲧⲙ̅"/>
		<feat xlink:href="#sSpan3317" value="ⲉ"/>
		<feat xlink:href="#sSpan3321" value="ϩⲉⲛ"/>
		<feat xlink:href="#sSpan3325" value="ⲫⲱⲛⲏ"/>
		<feat xlink:href="#sSpan3327" value="ⲛ̅"/>
		<feat xlink:href="#sSpan3332" value="ⲁⲅⲅⲉⲗⲟⲥ"/>
		<feat xlink:href="#sSpan3336" value="ⲉ"/>
		<feat xlink:href="#sSpan3340" value="ⲩ"/>
		<feat xlink:href="#sSpan3343" value="ϩⲩⲙⲛⲉⲩⲉ"/>
		<feat xlink:href="#sSpan3345" value="ϩⲓⲑⲏ"/>
		<feat xlink:href="#sSpan3349" value="ⲙ̅"/>
		<feat xlink:href="#sSpan3353" value="ⲡ"/>
		<feat xlink:href="#sSpan3357" value="ⲙⲁⲕⲁⲣⲓⲟⲥ"/>
		<feat xlink:href="#sSpan3360" value="ⲁⲡⲁ"/>
		<feat xlink:href="#sSpan3364" value="ⲟⲛⲛⲟϥⲣⲓⲟⲥ"/>
		<feat xlink:href="#sSpan3369" value="·"/>
		<feat xlink:href="#sSpan3373" value="Ⲁⲩⲱ"/>
		<feat xlink:href="#sSpan3377" value="ⲛⲉⲣⲉ"/>
		<feat xlink:href="#sSpan3381" value="ⲟⲩ"/>
		<feat xlink:href="#sSpan3384" value="ⲛⲟϭ"/>
		<feat xlink:href="#sSpan3386" value="ⲛ̅"/>
		<feat xlink:href="#sSpan3390" value="ⲟⲩⲣⲟⲧ"/>
		<feat xlink:href="#sSpan3392" value="ϣⲟⲟⲡ"/>
		<feat xlink:href="#sSpan3396" value="ϩⲛ̅"/>
		<feat xlink:href="#sSpan3400" value="ⲧⲉϥ"/>
		<feat xlink:href="#sSpan3405" value="ϭⲓⲛⲁⲡⲁⲛⲧⲁ"/>
		<feat xlink:href="#sSpan3409" value="ⲉ"/>
		<feat xlink:href="#sSpan3413" value="ⲡ"/>
		<feat xlink:href="#sSpan3416" value="ⲛⲟⲩⲧⲉ"/>
		<feat xlink:href="#sSpan3418" value="·"/>
		<feat xlink:href="#sSpan3422" value="ⲁⲛⲟⲕ"/>
		<feat xlink:href="#sSpan3429" value="ⲇⲉ"/>
		<feat xlink:href="#sSpan3433" value="ⲁ"/>
		<feat xlink:href="#sSpan3437" value="ⲓ"/>
		<feat xlink:href="#sSpan3439" value="ⲕⲁ"/>
		<feat xlink:href="#sSpan3441" value="ⲧ"/>
		<feat xlink:href="#sSpan3444" value="ⲕⲁϩⲏⲩ"/>
		<feat xlink:href="#sSpan3450" value="ⲛ̅"/>
		<feat xlink:href="#sSpan3454" value="ⲧ"/>
		<feat xlink:href="#sSpan3457" value="ⲁⲗⲟⲃⲏⲧⲉ"/>
		<feat xlink:href="#sSpan3459" value="ⲉⲧ"/>
		<feat xlink:href="#sSpan3463" value="ⲧⲟ"/>
		<feat xlink:href="#sSpan3465" value="ϩⲓⲱⲱ"/>
		<feat xlink:href="#sSpan3469" value="ⲧ"/>
		<feat xlink:href="#sSpan3471" value="ⲁ"/>
		<feat xlink:href="#sSpan3477" value="ⲓ"/>
		<feat xlink:href="#sSpan3479" value="ϯ"/>
		<feat xlink:href="#sSpan3481" value="ⲛ̅"/>
		<feat xlink:href="#sSpan3483" value="ⲧⲉⲥ"/>
		<feat xlink:href="#sSpan3486" value="ⲡⲁϣⲉ"/>
		<feat xlink:href="#sSpan3488" value="·"/>
		<feat xlink:href="#sSpan3492" value="ⲉ"/>
		<feat xlink:href="#sSpan3497" value="ⲧ"/>
		<feat xlink:href="#sSpan3500" value="ⲕⲁⲓⲥⲉ"/>
		<feat xlink:href="#sSpan3502" value="·"/>
		<feat xlink:href="#sSpan3506" value="ⲧ"/>
		<feat xlink:href="#sSpan3511" value="ⲕⲉ"/>
		<feat xlink:href="#sSpan3513" value="ⲡⲁϣⲉ"/>
		<feat xlink:href="#sSpan3516" value="ⲇⲉ"/>
		<feat xlink:href="#sSpan3520" value="ⲁ"/>
		<feat xlink:href="#sSpan3524" value="ⲓ"/>
		<feat xlink:href="#sSpan3526" value="ϭⲟⲗ"/>
		<feat xlink:href="#sSpan3528" value="ⲧ̅"/>
		<feat xlink:href="#sSpan3530" value="ⲙ̅ⲙⲟ"/>
		<feat xlink:href="#sSpan3534" value="ⲥ"/>
		<feat xlink:href="#sSpan3536" value="ϫⲉ"/>
		<feat xlink:href="#sSpan3540" value="ⲛ̅ⲛⲉ"/>
		<feat xlink:href="#sSpan3543" value="ⲓ"/>
		<feat xlink:href="#sSpan3545" value="ϭⲱ"/>
		<feat xlink:href="#sSpan3548" value="ⲉ"/>
		<feat xlink:href="#sSpan3552" value="ⲓ"/>
		<feat xlink:href="#sSpan3555" value="ⲕⲏⲕⲁϩⲏⲩ"/>
		<feat xlink:href="#sSpan3558" value="·"/>
		<feat xlink:href="#sSpan3562" value="Ⲁ"/>
		<feat xlink:href="#sSpan3568" value="ⲓ"/>
		<feat xlink:href="#sSpan3570" value="ϯ"/>
		<feat xlink:href="#sSpan3573" value="ⲇⲉ"/>
		<feat xlink:href="#sSpan3577" value="ⲙ̅"/>
		<feat xlink:href="#sSpan3581" value="ⲡϥ̅"/>
		<feat xlink:href="#sSpan3585" value="ⲥⲱⲙⲁ"/>
		<feat xlink:href="#sSpan3587" value="ⲉ"/>
		<feat xlink:href="#sSpan3591" value="ⲡ"/>
		<feat xlink:href="#sSpan3594" value="ⲉⲥⲏⲧ"/>
		<feat xlink:href="#sSpan3596" value="ⲉ"/>
		<feat xlink:href="#sSpan3600" value="ⲡ"/>
		<feat xlink:href="#sSpan3603" value="ⲟⲩⲱϣ"/>
		<feat xlink:href="#sSpan3605" value="ⲛ̅"/>
		<feat xlink:href="#sSpan3609" value="ⲟⲩ"/>
		<feat xlink:href="#sSpan3612" value="ⲡⲉⲧⲣ"/>
		<feat xlink:href="#sSpan3614" value="ⲁ"/>
		<feat xlink:href="#sSpan3620" value="ⲓ"/>
		<feat xlink:href="#sSpan3622" value="ⲥⲱⲧⲙ̅"/>
		<feat xlink:href="#sSpan3624" value="ⲉ"/>
		<feat xlink:href="#sSpan3628" value="ⲡⲉ"/>
		<feat xlink:href="#sSpan3631" value="ϩⲣⲟⲟⲩ"/>
		<feat xlink:href="#sSpan3633" value="ⲛ̅"/>
		<feat xlink:href="#sSpan3638" value="ⲟⲩ"/>
		<feat xlink:href="#sSpan3641" value="ⲙⲏⲏϣⲉ"/>
		<feat xlink:href="#sSpan3644" value="ⲛ̅"/>
		<feat xlink:href="#sSpan3649" value="ⲁⲅⲅⲉⲗⲟⲥ"/>
		<feat xlink:href="#sSpan3651" value="ⲉ"/>
		<feat xlink:href="#sSpan3655" value="ⲩ"/>
		<feat xlink:href="#sSpan3657" value="ⲣⲁϣⲉ"/>
		<feat xlink:href="#sSpan3659" value="ⲁⲩⲱ"/>
		<feat xlink:href="#sSpan3663" value="ⲉ"/>
		<feat xlink:href="#sSpan3667" value="ⲩ"/>
		<feat xlink:href="#sSpan3669" value="ⲱϣ"/>
		<feat xlink:href="#sSpan3672" value="ⲉⲃⲟⲗ"/>
		<feat xlink:href="#sSpan3676" value="ϫⲉ"/>
		<feat xlink:href="#sSpan3682" value="ⲁⲗⲗⲏⲗⲟⲩⲓⲁ"/>
		<feat xlink:href="#sSpan3684" value="·"/>
		<feat xlink:href="#sSpan3688" value="Ⲁ"/>
		<feat xlink:href="#sSpan3697" value="ⲓ"/>
		<feat xlink:href="#sSpan3699" value="ϯ"/>
		<feat xlink:href="#sSpan3702" value="ⲇⲉ"/>
		<feat xlink:href="#sSpan3706" value="ⲙ̅"/>
		<feat xlink:href="#sSpan3710" value="ⲡⲁ"/>
		<feat xlink:href="#sSpan3713" value="ϣⲗⲏⲗ"/>
		<feat xlink:href="#sSpan3715" value="ⲉϩⲣⲁⲓ"/>
		<feat xlink:href="#sSpan3719" value="ⲉϫⲱ"/>
		<feat xlink:href="#sSpan3723" value="ϥ"/>
		<feat xlink:href="#sSpan3725" value="·"/>
		<feat xlink:href="#sSpan3729" value="ⲁⲩⲱ"/>
		<feat xlink:href="#sSpan3733" value="ⲁ"/>
		<feat xlink:href="#sSpan3737" value="ⲓ"/>
		<feat xlink:href="#sSpan3739" value="ϭⲱⲗ"/>
		<feat xlink:href="#sSpan3741" value="ⲛ̅"/>
		<feat xlink:href="#sSpan3745" value="ⲟⲩ"/>
		<feat xlink:href="#sSpan3749" value="ⲁϣⲏ"/>
		<feat xlink:href="#sSpan3751" value="ⲛ̅"/>
		<feat xlink:href="#sSpan3755" value="ⲱⲛⲉ"/>
		<feat xlink:href="#sSpan3757" value="·"/>
		<feat xlink:href="#sSpan3761" value="ⲉϩⲣⲁⲓ"/>
		<feat xlink:href="#sSpan3765" value="ⲉϫⲱ"/>
		<feat xlink:href="#sSpan3769" value="ϥ"/>
		<feat xlink:href="#sSpan3771" value="ⲁ"/>
		<feat xlink:href="#sSpan3777" value="ⲓ"/>
		<feat xlink:href="#sSpan3779" value="ⲁϩⲉ"/>
		<feat xlink:href="#sSpan3782" value="ⲣⲁⲧ"/>
		<feat xlink:href="#sSpan3784" value="ⲁ"/>
		<feat xlink:href="#sSpan3790" value="ⲓ"/>
		<feat xlink:href="#sSpan3792" value="ϣⲗⲏⲗ"/>
		<feat xlink:href="#sSpan3794" value="·"/>
		<feat xlink:href="#sSpan3798" value="ⲡ"/>
		<feat xlink:href="#sSpan3805" value="ⲙⲉϩⲥⲡ̅ⲥⲛⲁⲩ"/>
		<feat xlink:href="#sSpan3809" value="·"/>
		<feat xlink:href="#sSpan3813" value="ⲁⲩⲱ"/>
		<feat xlink:href="#sSpan3817" value="ⲛ̅"/>
		<feat xlink:href="#sSpan3821" value="ⲧⲉ"/>
		<feat xlink:href="#sSpan3823" value="ⲩⲛⲟⲩ"/>
		<feat xlink:href="#sSpan3825" value="ⲁ"/>
		<feat xlink:href="#sSpan3829" value="ⲧ"/>
		<feat xlink:href="#sSpan3832" value="ⲃⲛ̅ⲛⲉ"/>
		<feat xlink:href="#sSpan3834" value="ϩⲉ"/>
		<feat xlink:href="#sSpan3838" value="·"/>
		<feat xlink:href="#sSpan3842" value="ⲁⲛⲟⲕ"/>
		<feat xlink:href="#sSpan3850" value="ⲇⲉ"/>
		<feat xlink:href="#sSpan3854" value="ⲁ"/>
		<feat xlink:href="#sSpan3858" value="ⲓ"/>
		<feat xlink:href="#sSpan3861" value="ⲣ̅ϣⲡⲏⲣⲉ"/>
		<feat xlink:href="#sSpan3864" value="ⲉⲙⲁⲧⲉ"/>
		<feat xlink:href="#sSpan3868" value="·"/>
		<feat xlink:href="#sSpan3872" value="ⲙ̅"/>
		<feat xlink:href="#sSpan3876" value="ⲡ"/>
		<feat xlink:href="#sSpan3879" value="ⲉⲛⲧ"/>
		<feat xlink:href="#sSpan3881" value="ⲁ"/>
		<feat xlink:href="#sSpan3883" value="ϥ"/>
		<feat xlink:href="#sSpan3885" value="ϣⲱⲡⲉ"/>
		<feat xlink:href="#sSpan3887" value="·"/>
		<feat xlink:href="#sSpan3891" value="ⲁ"/>
		<feat xlink:href="#sSpan3898" value="ⲓ"/>
		<feat xlink:href="#sSpan3900" value="ⲟⲩⲱⲙ"/>
		<feat xlink:href="#sSpan3902" value="ⲙ̅"/>
		<feat xlink:href="#sSpan3906" value="ⲡ"/>
		<feat xlink:href="#sSpan3909" value="ⲉⲛⲧ"/>
		<feat xlink:href="#sSpan3911" value="ⲁ"/>
		<feat xlink:href="#sSpan3913" value="ϥ"/>
		<feat xlink:href="#sSpan3915" value="ⲥⲉⲉⲡⲉ"/>
		<feat xlink:href="#sSpan3917" value="ⲙ̅"/>
		<feat xlink:href="#sSpan3921" value="ⲡ"/>
		<feat xlink:href="#sSpan3924" value="ⲟⲉⲓⲕ"/>
		<feat xlink:href="#sSpan3926" value="·"/>
		<feat xlink:href="#sSpan3930" value="ⲁⲩⲱ"/>
		<feat xlink:href="#sSpan3934" value="ⲁ"/>
		<feat xlink:href="#sSpan3938" value="ⲓ"/>
		<feat xlink:href="#sSpan3940" value="ⲥⲱ"/>
		<feat xlink:href="#sSpan3942" value="ⲙ̅"/>
		<feat xlink:href="#sSpan3947" value="ⲡ"/>
		<feat xlink:href="#sSpan3950" value="ⲙⲟⲟⲩ"/>
		<feat xlink:href="#sSpan3952" value="ⲛ̅ⲧ"/>
		<feat xlink:href="#sSpan3956" value="ⲁ"/>
		<feat xlink:href="#sSpan3958" value="ϥ"/>
		<feat xlink:href="#sSpan3960" value="ⲥⲉⲉⲡⲉ"/>
		<feat xlink:href="#sSpan3962" value="ⲉⲣⲟ"/>
		<feat xlink:href="#sSpan3966" value="ⲛ"/>
		<feat xlink:href="#sSpan3968" value="·"/>
		<feat xlink:href="#sSpan3972" value="ⲛ̅ⲧⲉⲣ"/>
		<feat xlink:href="#sSpan3978" value="ⲉⲓ"/>
		<feat xlink:href="#sSpan3980" value="ⲛⲁⲩ"/>
		<feat xlink:href="#sSpan3983" value="ⲇⲉ"/>
		<feat xlink:href="#sSpan3987" value="ϫⲉ"/>
		<feat xlink:href="#sSpan3991" value="ⲙ̅"/>
		<feat xlink:href="#sSpan3994" value="ⲡ"/>
		<feat xlink:href="#sSpan3997" value="ⲟⲩⲱϣ"/>
		<feat xlink:href="#sSpan3999" value="ⲁⲛ"/>
		<feat xlink:href="#sSpan4003" value="ⲙ̅"/>
		<feat xlink:href="#sSpan4007" value="ⲡ"/>
		<feat xlink:href="#sSpan4010" value="ⲛⲟⲩⲧⲉ"/>
		<feat xlink:href="#sSpan4012" value="ⲡⲉ"/>
		<feat xlink:href="#sSpan4016" value="ⲉ"/>
		<feat xlink:href="#sSpan4020" value="ⲧⲣ"/>
		<feat xlink:href="#sSpan4022" value="ⲁ"/>
		<feat xlink:href="#sSpan4024" value="ϭⲱ"/>
		<feat xlink:href="#sSpan4026" value="ⲙ̅"/>
		<feat xlink:href="#sSpan4030" value="ⲡⲉⲓ"/>
		<feat xlink:href="#sSpan4033" value="ⲙⲁ"/>
		<feat xlink:href="#sSpan4035" value="·"/>
		<feat xlink:href="#sSpan4039" value="ⲁ"/>
		<feat xlink:href="#sSpan4044" value="ⲓ"/>
		<feat xlink:href="#sSpan4046" value="ⲡⲉⲣϣ̅"/>
		<feat xlink:href="#sSpan4048" value="ⲧⲟⲟⲧ"/>
		<feat xlink:href="#sSpan4051" value="ⲉⲃⲟⲗ"/>
		<feat xlink:href="#sSpan4055" value="ⲁ"/>
		<feat xlink:href="#sSpan4061" value="ⲓ"/>
		<feat xlink:href="#sSpan4063" value="ϣⲗⲏⲗ"/>
		<feat xlink:href="#sSpan4065" value="ⲉϩⲣⲁⲓ"/>
		<feat xlink:href="#sSpan4069" value="ⲉ"/>
		<feat xlink:href="#sSpan4073" value="ⲡ"/>
		<feat xlink:href="#sSpan4076" value="ϫ̅ⲥ̅"/>
		<feat xlink:href="#sSpan4078" value="·"/>
		<feat xlink:href="#sSpan4082" value="ⲁⲩⲱ"/>
		<feat xlink:href="#sSpan4086" value="ⲉⲓⲥ"/>
		<feat xlink:href="#sSpan4091" value="ⲡ"/>
		<feat xlink:href="#sSpan4094" value="ⲣⲱⲙⲉ"/>
		<feat xlink:href="#sSpan4096" value="ⲛ̅ⲧ"/>
		<feat xlink:href="#sSpan4100" value="ⲁ"/>
		<feat xlink:href="#sSpan4102" value="ϥ"/>
		<feat xlink:href="#sSpan4104" value="ⲉⲓ"/>
		<feat xlink:href="#sSpan4106" value="ϣⲁⲣⲟ"/>
		<feat xlink:href="#sSpan4110" value="ⲓ"/>
		<feat xlink:href="#sSpan4112" value="ⲛ̅"/>
		<feat xlink:href="#sSpan4116" value="ϣⲟⲣⲡ̅"/>
		<feat xlink:href="#sSpan4118" value="ⲁ"/>
		<feat xlink:href="#sSpan4122" value="ϥ"/>
		<feat xlink:href="#sSpan4125" value="ϯϭⲟⲙ"/>
		<feat xlink:href="#sSpan4128" value="ⲛⲁ"/>
		<feat xlink:href="#sSpan4133" value="ⲓ"/>
		<feat xlink:href="#sSpan4135" value="·"/>
		<feat xlink:href="#sSpan4139" value="ⲁ"/>
		<feat xlink:href="#sSpan4143" value="ϥ"/>
		<feat xlink:href="#sSpan4145" value="ⲉⲓ"/>
		<feat xlink:href="#sSpan4147" value="ⲟⲛ"/>
		<feat xlink:href="#sSpan4151" value="ϣⲁⲣⲟ"/>
		<feat xlink:href="#sSpan4155" value="ⲓ"/>
		<feat xlink:href="#sSpan4157" value="ⲛ̅"/>
		<feat xlink:href="#sSpan4161" value="ⲑ"/>
		<feat xlink:href="#sSpan4163" value="ⲉ"/>
		<feat xlink:href="#sSpan4165" value="ⲛ̅"/>
		<feat xlink:href="#sSpan4169" value="ⲧⲉ"/>
		<feat xlink:href="#sSpan4172" value="ϩⲟⲩⲉⲓⲧⲉ"/>
		<feat xlink:href="#sSpan4174" value="·"/>
		<feat xlink:href="#sSpan4178" value="Ⲡⲉϫⲁ"/>
		<feat xlink:href="#sSpan4184" value="ϥ"/>
		<feat xlink:href="#sSpan4186" value="ⲛⲁ"/>
		<feat xlink:href="#sSpan4191" value="ⲓ"/>
		<feat xlink:href="#sSpan4193" value="·"/>
		<feat xlink:href="#sSpan4197" value="ϫⲉ"/>
		<feat xlink:href="#sSpan4201" value="ⲡⲁ"/>
		<feat xlink:href="#sSpan4204" value="ⲡ"/>
		<feat xlink:href="#sSpan4207" value="ⲛⲟⲩⲧⲉ"/>
		<feat xlink:href="#sSpan4209" value="ⲁ"/>
		<feat xlink:href="#sSpan4213" value="ⲡⲉⲛ"/>
		<feat xlink:href="#sSpan4216" value="ϫⲥ̅"/>
		<feat xlink:href="#sSpan4218" value="ⲧⲁⲙⲟ"/>
		<feat xlink:href="#sSpan4222" value="ⲛ"/>
		<feat xlink:href="#sSpan4224" value="ⲙ̅"/>
		<feat xlink:href="#sSpan4228" value="ⲡ"/>
		<feat xlink:href="#sSpan4231" value="ⲟⲟⲩ"/>
		<feat xlink:href="#sSpan4233" value="ϫⲉ"/>
		<feat xlink:href="#sSpan4237" value="ⲕ"/>
		<feat xlink:href="#sSpan4240" value="ⲛⲏⲩ"/>
		<feat xlink:href="#sSpan4242" value="ϣⲁⲣⲟ"/>
		<feat xlink:href="#sSpan4246" value="ⲛ"/>
		<feat xlink:href="#sSpan4248" value="ⲉ"/>
		<feat xlink:href="#sSpan4252" value="ⲡⲉⲓ"/>
		<feat xlink:href="#sSpan4255" value="ⲙⲁ"/>
		<feat xlink:href="#sSpan4257" value="·"/>
		<feat xlink:href="#sSpan4261" value="ⲉⲓⲥ"/>
		<feat xlink:href="#sSpan4267" value="ⲥⲉ"/>
		<feat xlink:href="#sSpan4270" value="ⲛ̅"/>
		<feat xlink:href="#sSpan4274" value="ⲣⲟⲙⲡⲉ"/>
		<feat xlink:href="#sSpan4276" value="ⲙ̅ⲡⲉ"/>
		<feat xlink:href="#sSpan4280" value="ⲛ"/>
		<feat xlink:href="#sSpan4282" value="ⲛⲁⲩ"/>
		<feat xlink:href="#sSpan4285" value="ⲉ"/>
		<feat xlink:href="#sSpan4289" value="ⲣⲱⲙⲉ"/>
		<feat xlink:href="#sSpan4293" value="ⲉⲓⲙⲏⲧⲉⲓ"/>
		<feat xlink:href="#sSpan4297" value="ⲛ̅ⲧⲟⲕ"/>
		<feat xlink:href="#sSpan4301" value="ⲙⲁⲩⲁⲁ"/>
		<feat xlink:href="#sSpan4305" value="ⲕ"/>
		<feat xlink:href="#sSpan4307" value="·"/>
		<feat xlink:href="#sSpan4311" value="ⲛ̅ⲧⲉⲣ"/>
		<feat xlink:href="#sSpan4317" value="ⲛ̅"/>
		<feat xlink:href="#sSpan4319" value="ⲱ̅ⲥⲕ̅"/>
		<feat xlink:href="#sSpan4322" value="ⲇⲉ"/>
		<feat xlink:href="#sSpan4327" value="ⲛ"/>
		<feat xlink:href="#sSpan4331" value="ϣⲁϫⲉ"/>
		<feat xlink:href="#sSpan4333" value="ⲙⲛ̅"/>
		<feat xlink:href="#sSpan4337" value="ⲛⲉⲛ"/>
		<feat xlink:href="#sSpan4339" value="ⲉⲣⲏⲩ"/>
		<feat xlink:href="#sSpan4341" value="·"/>
		<feat xlink:href="#sSpan4346" value="Ⲗⲟⲓⲡⲟⲛ"/>
		<feat xlink:href="#sSpan4354" value="ⲡⲉϫⲁ"/>
		<feat xlink:href="#sSpan4358" value="ⲛ"/>
		<feat xlink:href="#sSpan4360" value="ⲛⲁ"/>
		<feat xlink:href="#sSpan4364" value="ϥ"/>
		<feat xlink:href="#sSpan4366" value="ϫⲉ"/>
		<feat xlink:href="#sSpan4371" value="ⲱ"/>
		<feat xlink:href="#sSpan4373" value="ⲡⲉⲛ"/>
		<feat xlink:href="#sSpan4378" value="ⲥⲟⲛ"/>
		<feat xlink:href="#sSpan4380" value="·"/>
		<feat xlink:href="#sSpan4384" value="ⲥⲙⲛ̅"/>
		<feat xlink:href="#sSpan4388" value="ⲡⲉⲕ"/>
		<feat xlink:href="#sSpan4391" value="ϩⲏⲧ"/>
		<feat xlink:href="#sSpan4393" value="ⲛ̅"/>
		<feat xlink:href="#sSpan4397" value="ⲟⲩ"/>
		<feat xlink:href="#sSpan4400" value="ⲕⲟⲩⲓ"/>
		<feat xlink:href="#sSpan4402" value="ⲛ̅"/>
		<feat xlink:href="#sSpan4406" value="ⲟⲉⲓⲕ"/>
		<feat xlink:href="#sSpan4409" value="ϫⲉ"/>
		<feat xlink:href="#sSpan4413" value="ⲛ̅ⲧ"/>
		<feat xlink:href="#sSpan4415" value="ⲁ"/>
		<feat xlink:href="#sSpan4417" value="ⲕ"/>
		<feat xlink:href="#sSpan4419" value="ⲉⲓ̅"/>
		<feat xlink:href="#sSpan4421" value="ϩⲛ̅"/>
		<feat xlink:href="#sSpan4425" value="ⲟⲩ"/>
		<feat xlink:href="#sSpan4428" value="ϩⲓⲏ"/>
		<feat xlink:href="#sSpan4430" value="ⲉ"/>
		<feat xlink:href="#sSpan4434" value="ⲥ"/>
		<feat xlink:href="#sSpan4436" value="ⲟⲩⲏⲏⲩ"/>
		<feat xlink:href="#sSpan4438" value="·"/>
		<feat xlink:href="#sSpan4442" value="ⲁ"/>
		<feat xlink:href="#sSpan4449" value="ⲡ"/>
		<feat xlink:href="#sSpan4452" value="ϫⲥ̅"/>
		<feat xlink:href="#sSpan4455" value="ⲇⲉ"/>
		<feat xlink:href="#sSpan4459" value="ⲧⲟϣ"/>
		<feat xlink:href="#sSpan4463" value="ⲛ̅"/>
		<feat xlink:href="#sSpan4465" value="ⲉ"/>
		<feat xlink:href="#sSpan4469" value="ⲧⲣ"/>
		<feat xlink:href="#sSpan4471" value="ⲛ̅"/>
		<feat xlink:href="#sSpan4473" value="ϭⲱ"/>
		<feat xlink:href="#sSpan4475" value="ⲙⲛ̅"/>
		<feat xlink:href="#sSpan4479" value="ⲛⲉⲛ"/>
		<feat xlink:href="#sSpan4481" value="ⲉⲣⲏⲩ"/>
		<feat xlink:href="#sSpan4484" value="·"/>
		<feat xlink:href="#sSpan4488" value="ⲛ̅"/>
		<feat xlink:href="#sSpan4492" value="ⲟⲩ"/>
		<feat xlink:href="#sSpan4496" value="ϩⲟⲟⲩ"/>
		<feat xlink:href="#sSpan4498" value="·"/>
		<feat xlink:href="#sSpan4502" value="ⲧⲛ̅"/>
		<feat xlink:href="#sSpan4508" value="ⲣⲁϣⲉ"/>
		<feat xlink:href="#sSpan4511" value="ⲇⲉ"/>
		<feat xlink:href="#sSpan4515" value="ⲛⲙ̅ⲙⲁ"/>
		<feat xlink:href="#sSpan4519" value="ⲕ"/>
		<feat xlink:href="#sSpan4521" value="·"/>
		<feat xlink:href="#sSpan4526" value="ⲱ̅"/>
		<feat xlink:href="#sSpan4530" value="ⲡⲉⲛ"/>
		<feat xlink:href="#sSpan4535" value="ⲥⲟⲛ"/>
		<feat xlink:href="#sSpan4537" value="ⲙ̅"/>
		<feat xlink:href="#sSpan4541" value="ⲙⲉⲣⲓⲧ"/>
		<feat xlink:href="#sSpan4544" value="·"/>
		<feat xlink:href="#sSpan4548" value="Ⲛ̅"/>
		<feat xlink:href="#sSpan4556" value="ϩⲟⲥⲟⲛ"/>
		<feat xlink:href="#sSpan4559" value="ⲇⲉ"/>
		<feat xlink:href="#sSpan4563" value="ⲛ̅"/>
		<feat xlink:href="#sSpan4567" value="ϣⲁϫⲉ"/>
		<feat xlink:href="#sSpan4569" value="ⲙⲛ̅"/>
		<feat xlink:href="#sSpan4573" value="ⲛⲉⲛ"/>
		<feat xlink:href="#sSpan4575" value="ⲉⲣⲏⲩ"/>
		<feat xlink:href="#sSpan4577" value="·"/>
		<feat xlink:href="#sSpan4581" value="ⲉⲓⲥ"/>
		<feat xlink:href="#sSpan4586" value="ϩⲏⲏⲧⲉ"/>
		<feat xlink:href="#sSpan4589" value="·"/>
		<feat xlink:href="#sSpan4593" value="ⲁ"/>
		<feat xlink:href="#sSpan4597" value="ⲩ"/>
		<feat xlink:href="#sSpan4599" value="ⲉⲓⲛⲉ"/>
		<feat xlink:href="#sSpan4602" value="ⲉϩⲟⲩⲛ"/>
		<feat xlink:href="#sSpan4606" value="ⲛ̅"/>
		<feat xlink:href="#sSpan4610" value="ϯⲟⲩ"/>
		<feat xlink:href="#sSpan4613" value="ⲛ̅"/>
		<feat xlink:href="#sSpan4617" value="ⲟⲉⲓⲕ"/>
		<feat xlink:href="#sSpan4619" value="·"/>
		<feat xlink:href="#sSpan4623" value="ⲉ"/>
		<feat xlink:href="#sSpan4627" value="ⲩ"/>
		<feat xlink:href="#sSpan4629" value="ϩⲏⲙ"/>
		<feat xlink:href="#sSpan4631" value="ⲁⲩⲱ"/>
		<feat xlink:href="#sSpan4636" value="ⲉ"/>
		<feat xlink:href="#sSpan4640" value="ⲩ"/>
		<feat xlink:href="#sSpan4642" value="ⲣⲟⲟⲩⲧ"/>
		<feat xlink:href="#sSpan4645" value="ϩⲱⲥ"/>
		<feat xlink:href="#sSpan4649" value="ϫⲉ"/>
		<feat xlink:href="#sSpan4653" value="ⲛ̅ⲧ"/>
		<feat xlink:href="#sSpan4655" value="ⲁ"/>
		<feat xlink:href="#sSpan4657" value="ⲩ"/>
		<feat xlink:href="#sSpan4659" value="ϣⲁⲧ"/>
		<feat xlink:href="#sSpan4661" value="ⲟⲩ"/>
		<feat xlink:href="#sSpan4663" value="ϩⲛ̅"/>
		<feat xlink:href="#sSpan4667" value="ⲧⲉ"/>
		<feat xlink:href="#sSpan4670" value="ⲧⲣⲓⲣ"/>
		<feat xlink:href="#sSpan4672" value="·"/>
		<feat xlink:href="#sSpan4676" value="ⲛ̅"/>
		<feat xlink:href="#sSpan4683" value="ⲧⲉ"/>
		<feat xlink:href="#sSpan4685" value="ⲩⲛⲟⲩ"/>
		<feat xlink:href="#sSpan4687" value="ⲁ"/>
		<feat xlink:href="#sSpan4691" value="ⲩ"/>
		<feat xlink:href="#sSpan4693" value="ⲉⲓⲛⲉ"/>
		<feat xlink:href="#sSpan4696" value="ⲇⲉ"/>
		<feat xlink:href="#sSpan4700" value="ⲟⲛ"/>
		<feat xlink:href="#sSpan4704" value="ⲛ̅"/>
		<feat xlink:href="#sSpan4708" value="ⲟⲩ"/>
		<feat xlink:href="#sSpan4711" value="ⲛ̅ⲕⲁ"/>
		<feat xlink:href="#sSpan4713" value="ⲉ"/>
		<feat xlink:href="#sSpan4717" value="ϣⲁ"/>
		<feat xlink:href="#sSpan4719" value="ⲩ"/>
		<feat xlink:href="#sSpan4721" value="ⲟⲩⲟⲙ"/>
		<feat xlink:href="#sSpan4723" value="ϥ̅"/>
		<feat xlink:href="#sSpan4725" value="ⲁ"/>
		<feat xlink:href="#sSpan4732" value="ⲛ"/>
		<feat xlink:href="#sSpan4734" value="ϩⲙⲟⲟⲥ"/>
		<feat xlink:href="#sSpan4737" value="ⲇⲉ"/>
		<feat xlink:href="#sSpan4741" value="ⲁ"/>
		<feat xlink:href="#sSpan4745" value="ⲛ"/>
		<feat xlink:href="#sSpan4747" value="ⲟⲩⲱⲙ"/>
		<feat xlink:href="#sSpan4749" value="ⲙⲛ̅"/>
		<feat xlink:href="#sSpan4753" value="ⲛⲉⲛ"/>
		<feat xlink:href="#sSpan4755" value="ⲉⲣⲏⲩ"/>
		<feat xlink:href="#sSpan4757" value="·"/>
		<feat xlink:href="#sSpan4761" value="ⲁⲩⲱ"/>
		<feat xlink:href="#sSpan4767" value="ⲡⲉϫⲁ"/>
		<feat xlink:href="#sSpan4771" value="ϥ"/>
		<feat xlink:href="#sSpan4773" value="ⲛⲁ"/>
		<feat xlink:href="#sSpan4778" value="ⲓ"/>
		<feat xlink:href="#sSpan4780" value="ϫⲉ"/>
		<feat xlink:href="#sSpan4784" value="ⲉⲓⲥ"/>
		<feat xlink:href="#sSpan4786" value="ⲧ"/>
		<feat xlink:href="#sSpan4792" value="ⲙⲉϩⲥⲟ"/>
		<feat xlink:href="#sSpan4795" value="ⲛ̅"/>
		<feat xlink:href="#sSpan4799" value="ⲣⲟⲙⲡⲉ"/>
		<feat xlink:href="#sSpan4801" value="ϫⲓⲛ"/>
		<feat xlink:href="#sSpan4805" value="ⲛ̅ⲧ"/>
		<feat xlink:href="#sSpan4807" value="ⲁ"/>
		<feat xlink:href="#sSpan4809" value="ⲛ"/>
		<feat xlink:href="#sSpan4811" value="ⲉⲓ"/>
		<feat xlink:href="#sSpan4814" value="ⲉ"/>
		<feat xlink:href="#sSpan4818" value="ⲡⲉⲓ"/>
		<feat xlink:href="#sSpan4821" value="ⲙⲁ"/>
		<feat xlink:href="#sSpan4824" value="ϥⲧⲟⲟⲩ"/>
		<feat xlink:href="#sSpan4831" value="ⲛ̅"/>
		<feat xlink:href="#sSpan4835" value="ⲟⲉⲓⲕ"/>
		<feat xlink:href="#sSpan4837" value="ⲛ"/>
		<feat xlink:href="#sSpan4841" value="ⲉⲧ"/>
		<feat xlink:href="#sSpan4843" value="ⲧⲏϣ"/>
		<feat xlink:href="#sSpan4845" value="ⲛⲁ"/>
		<feat xlink:href="#sSpan4849" value="ⲛ"/>
		<feat xlink:href="#sSpan4851" value="ⲙ̅"/>
		<feat xlink:href="#sSpan4855" value="ⲙⲏⲏⲛⲉ"/>
		<feat xlink:href="#sSpan4858" value="·"/>
		<feat xlink:href="#sSpan4862" value="ⲉ"/>
		<feat xlink:href="#sSpan4867" value="ⲩ"/>
		<feat xlink:href="#sSpan4869" value="ⲉⲓⲛⲉ"/>
		<feat xlink:href="#sSpan4872" value="ⲙ̅ⲙⲟ"/>
		<feat xlink:href="#sSpan4876" value="ⲟⲩ"/>
		<feat xlink:href="#sSpan4878" value="ⲛⲁ"/>
		<feat xlink:href="#sSpan4882" value="ⲛ"/>
		<feat xlink:href="#sSpan4884" value="ⲉⲃⲟⲗ"/>
		<feat xlink:href="#sSpan4888" value="ϩⲓⲧⲙ̅"/>
		<feat xlink:href="#sSpan4892" value="ⲡ"/>
		<feat xlink:href="#sSpan4895" value="ⲛⲟⲩⲧⲉ"/>
		<feat xlink:href="#sSpan4897" value="·"/>
		<feat xlink:href="#sSpan4901" value="ⲛ̅ⲧⲉⲣ"/>
		<feat xlink:href="#sSpan4907" value="ⲕ̅"/>
		<feat xlink:href="#sSpan4910" value="ⲉⲓ̅"/>
		<feat xlink:href="#sSpan4913" value="ⲇⲉ"/>
		<feat xlink:href="#sSpan4917" value="ϣⲁⲣⲟ"/>
		<feat xlink:href="#sSpan4921" value="ⲛ"/>
		<feat xlink:href="#sSpan4923" value="ⲙ̅"/>
		<feat xlink:href="#sSpan4927" value="ⲡ"/>
		<feat xlink:href="#sSpan4930" value="ⲟⲟⲩ"/>
		<feat xlink:href="#sSpan4932" value="ⲉⲓⲥ"/>
		<feat xlink:href="#sSpan4936" value="ⲧⲕ̅ⲧⲟ"/>
		<feat xlink:href="#sSpan4939" value="ⲁ"/>
		<feat xlink:href="#sSpan4943" value="ⲩ"/>
		<feat xlink:href="#sSpan4945" value="ⲛ̅ⲧ"/>
		<feat xlink:href="#sSpan4947" value="ⲥ̅"/>
		<feat xlink:href="#sSpan4949" value="ⲛⲁ"/>
		<feat xlink:href="#sSpan4953" value="ⲕ"/>
		<feat xlink:href="#sSpan4955" value="·"/>
		<feat xlink:href="#sSpan4959" value="ⲁⲩⲱ"/>
		<feat xlink:href="#sSpan4965" value="ⲉ"/>
		<feat xlink:href="#sSpan4970" value="ⲙⲛ̅"/>
		<feat xlink:href="#sSpan4972" value="ⲉⲓⲙⲉ"/>
		<feat xlink:href="#sSpan4974" value="ⲉⲛⲉϩ"/>
		<feat xlink:href="#sSpan4978" value="ϫⲉ"/>
		<feat xlink:href="#sSpan4982" value="ⲛ̅ⲧ"/>
		<feat xlink:href="#sSpan4984" value="ⲁ"/>
		<feat xlink:href="#sSpan4986" value="ⲩ"/>
		<feat xlink:href="#sSpan4988" value="ⲉⲓ"/>
		<feat xlink:href="#sSpan4990" value="ⲧⲱⲛ"/>
		<feat xlink:href="#sSpan4995" value="ⲁⲗⲗⲁ"/>
		<feat xlink:href="#sSpan4999" value="ⲛ̅"/>
		<feat xlink:href="#sSpan5003" value="ⲛⲏⲩ"/>
		<feat xlink:href="#sSpan5006" value="ⲉϩⲟⲩⲛ"/>
		<feat xlink:href="#sSpan5011" value="ⲛ̅"/>
		<feat xlink:href="#sSpan5015" value="ϩⲉ"/>
		<feat xlink:href="#sSpan5017" value="ⲉⲣⲟ"/>
		<feat xlink:href="#sSpan5021" value="ⲟⲩ"/>
		<feat xlink:href="#sSpan5023" value="ⲉ"/>
		<feat xlink:href="#sSpan5027" value="ⲩ"/>
		<feat xlink:href="#sSpan5029" value="ⲕⲏ"/>
		<feat xlink:href="#sSpan5031" value="ⲉϩⲣⲁⲓ"/>
		<feat xlink:href="#sSpan5035" value="·"/>
		<feat xlink:href="#sSpan5039" value="ⲛ̅ⲧⲉⲣ"/>
		<feat xlink:href="#sSpan5045" value="ⲛ̅"/>
		<feat xlink:href="#sSpan5047" value="ⲟⲩⲱ"/>
		<feat xlink:href="#sSpan5050" value="ⲇⲉ"/>
		<feat xlink:href="#sSpan5054" value="ⲛ̅"/>
		<feat xlink:href="#sSpan5059" value="ⲟⲩⲱⲙ"/>
		<feat xlink:href="#sSpan5061" value="ⲙⲛ̅"/>
		<feat xlink:href="#sSpan5065" value="ⲛⲉⲛ"/>
		<feat xlink:href="#sSpan5067" value="ⲉⲣⲏⲩ"/>
		<feat xlink:href="#sSpan5069" value="ⲁ"/>
		<feat xlink:href="#sSpan5073" value="ⲛ"/>
		<feat xlink:href="#sSpan5075" value="ⲣ̅"/>
		<feat xlink:href="#sSpan5077" value="ⲧⲉ"/>
		<feat xlink:href="#sSpan5080" value="ⲩϣⲏ"/>
		<feat xlink:href="#sSpan5082" value="ⲧⲏⲣ"/>
		<feat xlink:href="#sSpan5086" value="ⲥ̅"/>
		<feat xlink:href="#sSpan5088" value="ⲛ̅"/>
		<feat xlink:href="#sSpan5092" value="ϣⲗⲏⲗ"/>
		<feat xlink:href="#sSpan5095" value="ϣⲁ"/>
		<feat xlink:href="#sSpan5100" value="ϩⲧⲟⲟⲩⲉ"/>
		<feat xlink:href="#sSpan5103" value="·"/>
		<feat xlink:href="#sSpan5107" value="ϩⲧⲟⲟⲩⲉ"/>
		<feat xlink:href="#sSpan5115" value="ⲇⲉ"/>
		<feat xlink:href="#sSpan5119" value="ⲛ̅ⲧⲉⲣⲉ"/>
		<feat xlink:href="#sSpan5123" value="ϥ"/>
		<feat xlink:href="#sSpan5125" value="ϣⲱⲡⲉ"/>
		<feat xlink:href="#sSpan5127" value="·"/>
		<feat xlink:href="#sSpan5131" value="ⲁ"/>
		<feat xlink:href="#sSpan5135" value="ⲓ"/>
		<feat xlink:href="#sSpan5138" value="ⲡⲁⲣⲁⲕⲁⲗⲉⲓ"/>
		<feat xlink:href="#sSpan5141" value="ⲙ̅ⲙⲟ"/>
		<feat xlink:href="#sSpan5146" value="ⲟⲩ"/>
		<feat xlink:href="#sSpan5148" value="ⲉ"/>
		<feat xlink:href="#sSpan5152" value="ⲧⲣⲉ"/>
		<feat xlink:href="#sSpan5154" value="ⲩ"/>
		<feat xlink:href="#sSpan5156" value="ⲕⲁⲁ"/>
		<feat xlink:href="#sSpan5158" value="ⲧ"/>
		<feat xlink:href="#sSpan5160" value="ϩⲁϩⲧⲏ"/>
		<feat xlink:href="#sSpan5164" value="ⲩ"/>
		<feat xlink:href="#sSpan5166" value="ϣⲁ"/>
		<feat xlink:href="#sSpan5170" value="ⲡⲉ"/>
		<feat xlink:href="#sSpan5173" value="ϩⲟⲟⲩ"/>
		<feat xlink:href="#sSpan5175" value="ⲙ̅"/>
		<feat xlink:href="#sSpan5180" value="ⲡⲁ"/>
		<feat xlink:href="#sSpan5183" value="ⲙⲟⲩ"/>
		<feat xlink:href="#sSpan5185" value="·"/>
		<feat xlink:href="#sSpan5189" value="Ⲡⲉϫⲁ"/>
		<feat xlink:href="#sSpan5197" value="ⲩ"/>
		<feat xlink:href="#sSpan5199" value="ⲛⲁ"/>
		<feat xlink:href="#sSpan5203" value="ⲓ"/>
		<feat xlink:href="#sSpan5205" value="ϫⲉ"/>
		<feat xlink:href="#sSpan5210" value="ⲱ̅"/>
		<feat xlink:href="#sSpan5212" value="ⲡⲉⲛ"/>
		<feat xlink:href="#sSpan5217" value="ⲥⲟⲛ"/>
		<feat xlink:href="#sSpan5219" value="ⲙ̅"/>
		<feat xlink:href="#sSpan5223" value="ⲡ"/>
		<feat xlink:href="#sSpan5226" value="ϩⲱⲃ"/>
		<feat xlink:href="#sSpan5228" value="·"/>
		<feat xlink:href="#sSpan5232" value="ⲧⲏϣ"/>
		<feat xlink:href="#sSpan5236" value="ⲛⲁ"/>
		<feat xlink:href="#sSpan5240" value="ⲕ"/>
		<feat xlink:href="#sSpan5242" value="ⲁⲛ"/>
		<feat xlink:href="#sSpan5246" value="ⲉⲃⲟⲗ"/>
		<feat xlink:href="#sSpan5252" value="ⲉ"/>
		<feat xlink:href="#sSpan5256" value="ⲧⲣⲉ"/>
		<feat xlink:href="#sSpan5258" value="ⲕ"/>
		<feat xlink:href="#sSpan5260" value="ϭⲱ"/>
		<feat xlink:href="#sSpan5262" value="ⲙ̅"/>
		<feat xlink:href="#sSpan5266" value="ⲡⲉⲓ"/>
		<feat xlink:href="#sSpan5269" value="ⲙⲁ"/>
		<feat xlink:href="#sSpan5271" value="·"/>
		<feat xlink:href="#sSpan5276" value="ⲁⲗⲗⲁ"/>
		<feat xlink:href="#sSpan5282" value="ⲧⲱⲟⲩⲛ"/>
		<feat xlink:href="#sSpan5286" value="ⲛ"/>
		<feat xlink:href="#sSpan5290" value="ⲅ̅"/>
		<feat xlink:href="#sSpan5292" value="ⲃⲱⲕ"/>
		<feat xlink:href="#sSpan5295" value="ⲉ"/>
		<feat xlink:href="#sSpan5300" value="ⲕⲏⲙⲉ"/>
		<feat xlink:href="#sSpan5303" value="·"/>
		<feat xlink:href="#sSpan5307" value="ⲛ"/>
		<feat xlink:href="#sSpan5311" value="ⲅ̅"/>
		<feat xlink:href="#sSpan5313" value="ϫⲱ"/>
		<feat xlink:href="#sSpan5315" value="ⲛ̅"/>
		<feat xlink:href="#sSpan5319" value="ⲛ"/>
		<feat xlink:href="#sSpan5322" value="ⲉⲛⲧ"/>
		<feat xlink:href="#sSpan5324" value="ⲁ"/>
		<feat xlink:href="#sSpan5326" value="ⲕ"/>
		<feat xlink:href="#sSpan5328" value="ⲛⲁⲩ"/>
		<feat xlink:href="#sSpan5330" value="ⲉⲣⲟ"/>
		<feat xlink:href="#sSpan5334" value="ⲟⲩ"/>
		<feat xlink:href="#sSpan5336" value="·"/>
		<feat xlink:href="#sSpan5340" value="ⲉ"/>
		<feat xlink:href="#sSpan5344" value="ⲛⲉ"/>
		<feat xlink:href="#sSpan5347" value="ⲥⲛⲏⲩ"/>
		<feat xlink:href="#sSpan5349" value="ⲉ"/>
		<feat xlink:href="#sSpan5354" value="ⲩ"/>
		<feat xlink:href="#sSpan5358" value="ⲣ̅ⲡⲙⲉⲉⲩⲉ"/>
		<feat xlink:href="#sSpan5362" value="ⲛⲁ"/>
		<feat xlink:href="#sSpan5366" value="ⲩ"/>
		<feat xlink:href="#sSpan5368" value="·"/>
		<feat xlink:href="#sSpan5372" value="ⲁⲩⲱ"/>
		<feat xlink:href="#sSpan5376" value="ⲉ"/>
		<feat xlink:href="#sSpan5380" value="ⲩ"/>
		<feat xlink:href="#sSpan5383" value="ϩⲏⲩ"/>
		<feat xlink:href="#sSpan5385" value="ⲛ̅"/>
		<feat xlink:href="#sSpan5389" value="ⲛ"/>
		<feat xlink:href="#sSpan5392" value="ⲉⲧ"/>
		<feat xlink:href="#sSpan5394" value="ⲥⲱⲧⲙ̅"/>
		<feat xlink:href="#sSpan5396" value="·"/>
		<feat xlink:href="#sSpan5400" value="ⲁⲛⲟⲕ"/>
		<feat xlink:href="#sSpan5407" value="ⲇⲉ"/>
		<feat xlink:href="#sSpan5412" value="ⲁ"/>
		<feat xlink:href="#sSpan5416" value="ⲓ"/>
		<feat xlink:href="#sSpan5419" value="ⲡⲁⲣⲁⲕⲁⲗⲉⲓ"/>
		<feat xlink:href="#sSpan5421" value="ⲙ̅ⲙⲟ"/>
		<feat xlink:href="#sSpan5425" value="ⲟⲩ"/>
		<feat xlink:href="#sSpan5427" value="ⲉ"/>
		<feat xlink:href="#sSpan5431" value="ⲧⲣⲉ"/>
		<feat xlink:href="#sSpan5433" value="ⲩ"/>
		<feat xlink:href="#sSpan5435" value="ϫⲱ"/>
		<feat xlink:href="#sSpan5437" value="ⲉⲣⲟ"/>
		<feat xlink:href="#sSpan5441" value="ⲓ"/>
		<feat xlink:href="#sSpan5443" value="ⲛ̅"/>
		<feat xlink:href="#sSpan5447" value="ⲛⲉⲩ"/>
		<feat xlink:href="#sSpan5450" value="ⲣⲁⲛ"/>
		<feat xlink:href="#sSpan5453" value="ⲛ̅ⲧⲟⲟⲩ"/>
		<feat xlink:href="#sSpan5458" value="ⲇⲉ"/>
		<feat xlink:href="#sSpan5462" value="ⲙ̅ⲡ"/>
		<feat xlink:href="#sSpan5466" value="ⲟⲩ"/>
		<feat xlink:href="#sSpan5469" value="ⲡⲉⲓⲑⲉ"/>
		<feat xlink:href="#sSpan5471" value="ⲛ̅"/>
		<feat xlink:href="#sSpan5475" value="ϫⲟⲟ"/>
		<feat xlink:href="#sSpan5477" value="ⲩ"/>
		<feat xlink:href="#sSpan5479" value="ⲉⲣⲟ"/>
		<feat xlink:href="#sSpan5483" value="ⲟⲩ"/>
		<feat xlink:href="#sSpan5485" value="·"/>
		<feat xlink:href="#sSpan5489" value="ⲁ"/>
		<feat xlink:href="#sSpan5496" value="ⲓ"/>
		<feat xlink:href="#sSpan5499" value="ⲁⲛⲁⲅⲕⲁⲍⲉ"/>
		<feat xlink:href="#sSpan5501" value="ⲙ̅ⲙⲟ"/>
		<feat xlink:href="#sSpan5505" value="ⲟⲩ"/>
		<feat xlink:href="#sSpan5507" value="ⲁⲩⲱ"/>
		<feat xlink:href="#sSpan5511" value="ⲟⲛ"/>
		<feat xlink:href="#sSpan5515" value="ⲙ̅ⲡ"/>
		<feat xlink:href="#sSpan5519" value="ⲟⲩ"/>
		<feat xlink:href="#sSpan5521" value="ϫⲱ"/>
		<feat xlink:href="#sSpan5523" value="ⲉⲣⲟ"/>
		<feat xlink:href="#sSpan5527" value="ⲓ"/>
		<feat xlink:href="#sSpan5529" value="ⲛ̅"/>
		<feat xlink:href="#sSpan5533" value="ⲛⲉⲩ"/>
		<feat xlink:href="#sSpan5537" value="ⲣⲁⲛ"/>
		<feat xlink:href="#sSpan5539" value="·"/>
		<feat xlink:href="#sSpan5543" value="ⲁ"/>
		<feat xlink:href="#sSpan5549" value="ⲩ"/>
		<feat xlink:href="#sSpan5551" value="ⲟⲩⲱϣⲃ̅"/>
		<feat xlink:href="#sSpan5553" value="ⲡⲉϫⲁ"/>
		<feat xlink:href="#sSpan5557" value="ⲩ"/>
		<feat xlink:href="#sSpan5559" value="ϫⲉ"/>
		<feat xlink:href="#sSpan5563" value="ⲡⲉ"/>
		<feat xlink:href="#sSpan5566" value="ⲛⲧ"/>
		<feat xlink:href="#sSpan5568" value="ⲁ"/>
		<feat xlink:href="#sSpan5570" value="ϥ"/>
		<feat xlink:href="#sSpan5573" value="ϯⲣⲁⲛ"/>
		<feat xlink:href="#sSpan5576" value="ⲉ"/>
		<feat xlink:href="#sSpan5580" value="ⲗⲁⲁⲩ"/>
		<feat xlink:href="#sSpan5584" value="ⲛⲓⲙ"/>
		<feat xlink:href="#sSpan5588" value="·"/>
		<feat xlink:href="#sSpan5592" value="ⲁⲩⲱ"/>
		<feat xlink:href="#sSpan5596" value="ⲉⲧ"/>
		<feat xlink:href="#sSpan5600" value="ⲥⲟⲟⲩⲛ"/>
		<feat xlink:href="#sSpan5602" value="ⲛ̅"/>
		<feat xlink:href="#sSpan5606" value="ϩⲱⲃ"/>
		<feat xlink:href="#sSpan5610" value="ⲛⲓⲙ"/>
		<feat xlink:href="#sSpan5614" value="ⲛ̅ⲧⲟϥ"/>
		<feat xlink:href="#sSpan5618" value="ⲉⲧ"/>
		<feat xlink:href="#sSpan5622" value="ⲥⲟⲟⲩⲛ"/>
		<feat xlink:href="#sSpan5625" value="ⲛ̅"/>
		<feat xlink:href="#sSpan5629" value="ⲛⲉⲛ"/>
		<feat xlink:href="#sSpan5632" value="ⲣⲁⲛ"/>
		<feat xlink:href="#sSpan5634" value="·"/>
		<feat xlink:href="#sSpan5638" value="ⲧⲉⲛⲟⲩ"/>
		<feat xlink:href="#sSpan5644" value="ϭⲉ"/>
		<feat xlink:href="#sSpan5648" value="ⲡⲉⲛ"/>
		<feat xlink:href="#sSpan5653" value="ⲥⲟⲛ"/>
		<feat xlink:href="#sSpan5655" value="ⲁⲣⲓ"/>
		<feat xlink:href="#sSpan5659" value="ⲡⲉⲛ"/>
		<feat xlink:href="#sSpan5661" value="ⲙⲉⲉⲩⲉ"/>
		<feat xlink:href="#sSpan5664" value="ϣⲁⲛⲧ"/>
		<feat xlink:href="#sSpan5668" value="ⲛ̅"/>
		<feat xlink:href="#sSpan5670" value="ⲛⲁⲩ"/>
		<feat xlink:href="#sSpan5672" value="ⲉⲣⲟ"/>
		<feat xlink:href="#sSpan5676" value="ⲕ"/>
		<feat xlink:href="#sSpan5678" value="ϩⲙ̅"/>
		<feat xlink:href="#sSpan5682" value="ⲡ"/>
		<feat xlink:href="#sSpan5685" value="ⲏⲓ"/>
		<feat xlink:href="#sSpan5687" value="ⲙ̅"/>
		<feat xlink:href="#sSpan5691" value="ⲡ"/>
		<feat xlink:href="#sSpan5694" value="ⲛⲟⲩⲧⲉ"/>
		<feat xlink:href="#sSpan5696" value="·"/>
		<feat xlink:href="#sSpan5701" value="ⲥⲡⲟⲩⲇⲁⲍⲉ"/>
		<feat xlink:href="#sSpan5709" value="ⲇⲉ"/>
		<feat xlink:href="#sSpan5713" value="ⲙ̅ⲡⲣ̅"/>
		<feat xlink:href="#sSpan5717" value="ⲕⲁ"/>
		<feat xlink:href="#sSpan5719" value="ⲡ"/>
		<feat xlink:href="#sSpan5723" value="ⲕⲟⲥⲙⲟⲥ"/>
		<feat xlink:href="#sSpan5725" value="ⲉ"/>
		<feat xlink:href="#sSpan5730" value="ⲣ̅ϩⲁⲗ"/>
		<feat xlink:href="#sSpan5733" value="ⲙ̅ⲙⲟ"/>
		<feat xlink:href="#sSpan5738" value="ⲕ"/>
		<feat xlink:href="#sSpan5740" value="·"/>
		<feat xlink:href="#sSpan5744" value="ϫⲉ"/>
		<feat xlink:href="#sSpan5748" value="ⲁ"/>
		<feat xlink:href="#sSpan5750" value="ϥ"/>
		<feat xlink:href="#sSpan5753" value="ⲣ̅ϩⲁⲗ"/>
		<feat xlink:href="#sSpan5756" value="ⲛ"/>
		<feat xlink:href="#sSpan5760" value="ⲟⲩ"/>
		<feat xlink:href="#sSpan5763" value="ⲙⲏⲏϣⲉ"/>
		<feat xlink:href="#sSpan5765" value="·"/>
		<feat xlink:href="#sSpan5769" value="ⲛ̅ⲧⲉⲣ"/>
		<feat xlink:href="#sSpan5775" value="ⲟⲩ"/>
		<feat xlink:href="#sSpan5777" value="ⲱ̅"/>
		<feat xlink:href="#sSpan5780" value="ⲇⲉ"/>
		<feat xlink:href="#sSpan5785" value="ⲛ̅"/>
		<feat xlink:href="#sSpan5790" value="ⲛⲁⲓ"/>
		<feat xlink:href="#sSpan5793" value="·"/>
		<feat xlink:href="#sSpan5797" value="ⲁ"/>
		<feat xlink:href="#sSpan5801" value="ⲩ"/>
		<feat xlink:href="#sSpan5803" value="ⲥⲙⲟⲩ"/>
		<feat xlink:href="#sSpan5805" value="ⲉⲣⲟ"/>
		<feat xlink:href="#sSpan5809" value="ⲓ"/>
		<feat xlink:href="#sSpan5811" value="ⲁⲩⲱ"/>
		<feat xlink:href="#sSpan5815" value="ⲁ"/>
		<feat xlink:href="#sSpan5819" value="ⲩ"/>
		<feat xlink:href="#sSpan5822" value="ⲁⲥⲡⲁⲍⲉ"/>
		<feat xlink:href="#sSpan5824" value="ⲙ̅ⲙⲟ"/>
		<feat xlink:href="#sSpan5828" value="ⲓ"/>
		<feat xlink:href="#sSpan5830" value="·"/>
		<feat xlink:href="#sSpan5834" value="ⲁ"/>
		<feat xlink:href="#sSpan5841" value="ⲓ"/>
		<feat xlink:href="#sSpan5843" value="ⲉⲓ̈"/>
		<feat xlink:href="#sSpan5846" value="ⲉⲃⲟⲗ"/>
		<feat xlink:href="#sSpan5850" value="ϩⲓ"/>
		<feat xlink:href="#sSpan5854" value="ⲧⲟⲟⲩ"/>
		<feat xlink:href="#sSpan5857" value="ⲟⲩ"/>
		<feat xlink:href="#sSpan5859" value="·"/>
		<feat xlink:href="#sSpan5863" value="ⲛ̅ⲧⲉⲣ"/>
		<feat xlink:href="#sSpan5871" value="ⲉⲓ̈"/>
		<feat xlink:href="#sSpan5873" value="ⲟⲩⲉ"/>
		<feat xlink:href="#sSpan5875" value="Ⲙ̅ⲙⲟ"/>
		<feat xlink:href="#sSpan5879" value="ⲟⲩ"/>
		<feat xlink:href="#sSpan5881" value="ⲛ̅ⲁ"/>
		<feat xlink:href="#sSpan5885" value="ⲩ"/>
		<feat xlink:href="#sSpan5888" value="ϩⲟⲟⲩ"/>
		<feat xlink:href="#sSpan5890" value="ⲙ̅"/>
		<feat xlink:href="#sSpan5894" value="ⲙⲟⲟϣⲉ"/>
		<feat xlink:href="#sSpan5897" value="·"/>
		<feat xlink:href="#sSpan5901" value="ⲁ"/>
		<feat xlink:href="#sSpan5905" value="ⲓ"/>
		<feat xlink:href="#sSpan5907" value="ⲉⲓ"/>
		<feat xlink:href="#sSpan5910" value="ⲉⲃⲟⲗ"/>
		<feat xlink:href="#sSpan5914" value="ⲉϩⲣⲁⲓ"/>
		<feat xlink:href="#sSpan5918" value="ⲉϫⲛ̅"/>
		<feat xlink:href="#sSpan5922" value="ⲟⲩ"/>
		<feat xlink:href="#sSpan5927" value="ⲡⲩⲅⲏ"/>
		<feat xlink:href="#sSpan5929" value="ⲙ̅"/>
		<feat xlink:href="#sSpan5933" value="ⲙⲟⲟⲩ"/>
		<feat xlink:href="#sSpan5936" value="·"/>
		<feat xlink:href="#sSpan5940" value="ⲁⲛⲟⲕ"/>
		<feat xlink:href="#sSpan5947" value="ⲇⲉ"/>
		<feat xlink:href="#sSpan5951" value="ⲁ"/>
		<feat xlink:href="#sSpan5955" value="ⲓ"/>
		<feat xlink:href="#sSpan5957" value="ϩⲙⲟⲟⲥ"/>
		<feat xlink:href="#sSpan5959" value="ⲛ̅"/>
		<feat xlink:href="#sSpan5963" value="ⲟⲩ"/>
		<feat xlink:href="#sSpan5965" value="ⲕⲟⲩⲓ"/>
		<feat xlink:href="#sSpan5967" value="ⲉⲧⲃⲉ"/>
		<feat xlink:href="#sSpan5972" value="ⲡ"/>
		<feat xlink:href="#sSpan5975" value="ϩⲓⲥⲉ"/>
		<feat xlink:href="#sSpan5977" value="·"/>
		<feat xlink:href="#sSpan5981" value="ⲁⲩⲱ"/>
		<feat xlink:href="#sSpan5985" value="ⲛⲉ"/>
		<feat xlink:href="#sSpan5989" value="ⲩⲛ̅"/>
		<feat xlink:href="#sSpan5991" value="ϩⲉⲛ"/>
		<feat xlink:href="#sSpan5994" value="ⲛⲟϭ"/>
		<feat xlink:href="#sSpan5996" value="ⲛ̅"/>
		<feat xlink:href="#sSpan6000" value="ϣⲏⲛ"/>
		<feat xlink:href="#sSpan6002" value="ⲣⲏⲧ"/>
		<feat xlink:href="#sSpan6006" value="ϩⲓϫⲛ̅"/>
		<feat xlink:href="#sSpan6011" value="ⲧ"/>
		<feat xlink:href="#sSpan6015" value="ⲡⲩⲅⲏ"/>
		<feat xlink:href="#sSpan6017" value="·"/>
		<feat xlink:href="#sSpan6021" value="ⲛ̅ⲧⲉⲣ"/>
		<feat xlink:href="#sSpan6027" value="ⲉⲓ"/>
		<feat xlink:href="#sSpan6029" value="ⲙⲓⲕⲉ"/>
		<feat xlink:href="#sSpan6031" value="ⲁⲩⲱ"/>
		<feat xlink:href="#sSpan6035" value="ⲛ̅"/>
		<feat xlink:href="#sSpan6039" value="ⲧⲁ"/>
		<feat xlink:href="#sSpan6041" value="ⲙ̅ⲧⲟⲛ"/>
		<feat xlink:href="#sSpan6043" value="ⲛ̅"/>
		<feat xlink:href="#sSpan6047" value="ⲟⲩ"/>
		<feat xlink:href="#sSpan6050" value="ⲕⲟⲩⲓ"/>
		<feat xlink:href="#sSpan6052" value="·"/>
		<feat xlink:href="#sSpan6056" value="ⲁ"/>
		<feat xlink:href="#sSpan6060" value="ⲓ"/>
		<feat xlink:href="#sSpan6062" value="ϭⲱ"/>
		<feat xlink:href="#sSpan6065" value="ⲉ"/>
		<feat xlink:href="#sSpan6069" value="ⲓ"/>
		<feat xlink:href="#sSpan6071" value="ϯ"/>
		<feat xlink:href="#sSpan6073" value="ⲟⲩⲟⲓ"/>
		<feat xlink:href="#sSpan6075" value="ϩⲛ̅"/>
		<feat xlink:href="#sSpan6079" value="ⲛ̅"/>
		<feat xlink:href="#sSpan6082" value="ϣⲏⲛ"/>
		<feat xlink:href="#sSpan6084" value="·"/>
		<feat xlink:href="#sSpan6088" value="ⲉ"/>
		<feat xlink:href="#sSpan6092" value="ⲓ"/>
		<feat xlink:href="#sSpan6095" value="ⲣ̅ϣⲡⲏⲣⲉ"/>
		<feat xlink:href="#sSpan6098" value="·"/>
		<feat xlink:href="#sSpan6102" value="ⲁⲩⲱ"/>
		<feat xlink:href="#sSpan6109" value="ⲉ"/>
		<feat xlink:href="#sSpan6113" value="ⲓ"/>
		<feat xlink:href="#sSpan6115" value="ⲙⲉⲉⲩⲉ"/>
		<feat xlink:href="#sSpan6118" value="ⲉⲃⲟⲗ"/>
		<feat xlink:href="#sSpan6122" value="ϫⲉ"/>
		<feat xlink:href="#sSpan6126" value="ⲛⲓⲙ"/>
		<feat xlink:href="#sSpan6128" value="ⲡⲉ"/>
		<feat xlink:href="#sSpan6132" value="ⲛ̅ⲧ"/>
		<feat xlink:href="#sSpan6136" value="ⲁ"/>
		<feat xlink:href="#sSpan6138" value="ϥ"/>
		<feat xlink:href="#sSpan6140" value="ⲧⲱⲱϭⲉ"/>
		<feat xlink:href="#sSpan6142" value="ⲙ̅ⲙⲟ"/>
		<feat xlink:href="#sSpan6147" value="ⲟⲩ"/>
		<feat xlink:href="#sSpan6149" value="ⲙ̅"/>
		<feat xlink:href="#sSpan6153" value="ⲡⲉⲓ"/>
		<feat xlink:href="#sSpan6156" value="ⲙⲁ"/>
		<feat xlink:href="#sSpan6158" value="·"/>
		<feat xlink:href="#sSpan6162" value="ⲁⲩⲱ"/>
		<feat xlink:href="#sSpan6168" value="ⲟⲛ"/>
		<feat xlink:href="#sSpan6172" value="ⲟⲩⲛ̅"/>
		<feat xlink:href="#sSpan6176" value="ϩⲉⲛ"/>
		<feat xlink:href="#sSpan6179" value="ⲃⲛ̅ⲛⲉ"/>
		<feat xlink:href="#sSpan6181" value="ⲛ̅ϩⲏⲧ"/>
		<feat xlink:href="#sSpan6185" value="ⲟⲩ"/>
		<feat xlink:href="#sSpan6187" value="ⲉ"/>
		<feat xlink:href="#sSpan6192" value="ⲩ"/>
		<feat xlink:href="#sSpan6194" value="ⲟⲧⲡ̅"/>
		<feat xlink:href="#sSpan6196" value="ⲛ̅"/>
		<feat xlink:href="#sSpan6201" value="ⲕⲁⲣⲡⲟⲥ"/>
		<feat xlink:href="#sSpan6204" value="·"/>
		<feat xlink:href="#sSpan6208" value="ⲙⲛ̅"/>
		<feat xlink:href="#sSpan6212" value="ϩⲉⲛ"/>
		<feat xlink:href="#sSpan6215" value="ⲕⲓⲧⲣⲉ"/>
		<feat xlink:href="#sSpan6217" value="ⲁⲩⲱ"/>
		<feat xlink:href="#sSpan6221" value="ϩⲉⲛ"/>
		<feat xlink:href="#sSpan6226" value="ϩⲣ̅ⲙⲁⲛ"/>
		<feat xlink:href="#sSpan6228" value="·"/>
		<feat xlink:href="#sSpan6232" value="ⲙⲛ̅"/>
		<feat xlink:href="#sSpan6237" value="ϩⲉⲛ"/>
		<feat xlink:href="#sSpan6240" value="ⲕⲛ̅ⲧⲉ"/>
		<feat xlink:href="#sSpan6242" value="·"/>
		<feat xlink:href="#sSpan6246" value="ⲙⲛ̅"/>
		<feat xlink:href="#sSpan6250" value="ϩⲉⲛ"/>
		<feat xlink:href="#sSpan6253" value="ϫⲙ̅ⲡⲉϩ"/>
		<feat xlink:href="#sSpan6255" value="·"/>
		<feat xlink:href="#sSpan6259" value="ⲙⲛ̅"/>
		<feat xlink:href="#sSpan6263" value="ϩⲉⲛ"/>
		<feat xlink:href="#sSpan6266" value="ⲉⲗⲟⲟⲗⲉ"/>
		<feat xlink:href="#sSpan6268" value="·"/>
		<feat xlink:href="#sSpan6272" value="ⲁⲩⲱ"/>
		<feat xlink:href="#sSpan6277" value="ϩⲉⲛ"/>
		<feat xlink:href="#sSpan6283" value="ⲇⲟⲣⲁⲕⲓⲟⲛ"/>
		<feat xlink:href="#sSpan6285" value="·"/>
		<feat xlink:href="#sSpan6289" value="ⲙⲛ̅"/>
		<feat xlink:href="#sSpan6293" value="ϩⲉⲛ"/>
		<feat xlink:href="#sSpan6296" value="ⲕⲓⲥⲙⲁ"/>
		<feat xlink:href="#sSpan6298" value="·"/>
		<feat xlink:href="#sSpan6302" value="ⲙⲛ̅"/>
		<feat xlink:href="#sSpan6306" value="ϩⲉⲛ"/>
		<feat xlink:href="#sSpan6309" value="ⲕⲉ"/>
		<feat xlink:href="#sSpan6311" value="ϣⲏⲛ"/>
		<feat xlink:href="#sSpan6314" value="ⲉ"/>
		<feat xlink:href="#sSpan6318" value="ⲩ"/>
		<feat xlink:href="#sSpan6320" value="ϣⲉϣ"/>
		<feat xlink:href="#sSpan6323" value="ⲥϯⲛⲟⲩϥⲉ"/>
		<feat xlink:href="#sSpan6327" value="ⲉⲃⲟⲗ"/>
		<feat xlink:href="#sSpan6331" value="·"/>
		<feat xlink:href="#sSpan6335" value="ⲧ"/>
		<feat xlink:href="#sSpan6343" value="ⲡⲩⲅⲏ"/>
		<feat xlink:href="#sSpan6345" value="ⲛⲉ"/>
		<feat xlink:href="#sSpan6349" value="ⲥ"/>
		<feat xlink:href="#sSpan6351" value="ⲧⲁⲩⲉ"/>
		<feat xlink:href="#sSpan6353" value="ⲙ"/>
		<feat xlink:href="#sSpan6358" value="ⲟⲟⲩ"/>
		<feat xlink:href="#sSpan6361" value="ⲉⲃⲟⲗ"/>
		<feat xlink:href="#sSpan6365" value="ⲉ"/>
		<feat xlink:href="#sSpan6369" value="ⲥ"/>
		<feat xlink:href="#sSpan6371" value="ⲧⲥⲟ"/>
		<feat xlink:href="#sSpan6373" value="ⲛ̅"/>
		<feat xlink:href="#sSpan6377" value="ⲛ̅"/>
		<feat xlink:href="#sSpan6380" value="ϣⲏⲛ"/>
		<feat xlink:href="#sSpan6382" value="ⲧⲏⲣ"/>
		<feat xlink:href="#sSpan6386" value="ⲟⲩ"/>
		<feat xlink:href="#sSpan6388" value="ⲉⲧ"/>
		<feat xlink:href="#sSpan6392" value="ⲣⲏⲧ"/>
		<feat xlink:href="#sSpan6394" value="ϩⲙ̅"/>
		<feat xlink:href="#sSpan6398" value="ⲡ"/>
		<feat xlink:href="#sSpan6402" value="ⲙⲁ"/>
		<feat xlink:href="#sSpan6404" value="ⲉⲧ"/>
		<feat xlink:href="#sSpan6408" value="ⲙ̅ⲙⲁⲩ"/>
		<feat xlink:href="#sSpan6410" value="·"/>
		<feat xlink:href="#sSpan6414" value="ⲛ̅"/>
		<feat xlink:href="#sSpan6421" value="ϩⲟⲥⲟⲛ"/>
		<feat xlink:href="#sSpan6424" value="ⲇⲉ"/>
		<feat xlink:href="#sSpan6429" value="ⲉ"/>
		<feat xlink:href="#sSpan6433" value="ⲓ"/>
		<feat xlink:href="#sSpan6436" value="ⲣ̅ϣⲡⲏⲣⲉ"/>
		<feat xlink:href="#sSpan6439" value="·"/>
		<feat xlink:href="#sSpan6443" value="ⲛ̅"/>
		<feat xlink:href="#sSpan6447" value="ⲛ̅"/>
		<feat xlink:href="#sSpan6451" value="ϣⲏⲛ"/>
		<feat xlink:href="#sSpan6453" value="·"/>
		<feat xlink:href="#sSpan6457" value="ⲁⲩⲱ"/>
		<feat xlink:href="#sSpan6461" value="ⲉ"/>
		<feat xlink:href="#sSpan6465" value="ⲓ"/>
		<feat xlink:href="#sSpan6468" value="ⲑⲉⲱⲣⲉⲓ"/>
		<feat xlink:href="#sSpan6470" value="ⲙ̅ⲙⲟ"/>
		<feat xlink:href="#sSpan6474" value="ⲟⲩ"/>
		<feat xlink:href="#sSpan6476" value="ⲙⲛ̅"/>
		<feat xlink:href="#sSpan6480" value="ⲛⲉⲩ"/>
		<feat xlink:href="#sSpan6484" value="ⲕⲁⲣⲡⲟⲥ"/>
		<feat xlink:href="#sSpan6486" value="·"/>
		<feat xlink:href="#sSpan6490" value="ⲉⲓⲥ"/>
		<feat xlink:href="#sSpan6495" value="ϥⲧⲟⲟⲩ"/>
		<feat xlink:href="#sSpan6498" value="ⲛ̅"/>
		<feat xlink:href="#sSpan6502" value="ϣⲏⲣⲉ"/>
		<feat xlink:href="#sSpan6505" value="ϣⲏⲙ"/>
		<feat xlink:href="#sSpan6509" value="ⲁ"/>
		<feat xlink:href="#sSpan6513" value="ⲩ"/>
		<feat xlink:href="#sSpan6515" value="ⲉⲓ̈"/>
		<feat xlink:href="#sSpan6517" value="ⲙ̅"/>
		<feat xlink:href="#sSpan6521" value="ⲡ"/>
		<feat xlink:href="#sSpan6524" value="ⲟⲩⲉ"/>
		<feat xlink:href="#sSpan6526" value="ⲉ"/>
		<feat xlink:href="#sSpan6530" value="ⲛⲉⲥⲱ"/>
		<feat xlink:href="#sSpan6532" value="ⲟⲩ"/>
		<feat xlink:href="#sSpan6534" value="ϩⲛ̅"/>
		<feat xlink:href="#sSpan6539" value="ⲧⲉⲩ"/>
		<feat xlink:href="#sSpan6543" value="ϩⲓⲕⲱⲛ"/>
		<feat xlink:href="#sSpan6545" value="·"/>
		<feat xlink:href="#sSpan6549" value="ⲉⲣⲉ"/>
		<feat xlink:href="#sSpan6553" value="ϩⲉⲛ"/>
		<feat xlink:href="#sSpan6556" value="ⲃⲁⲗⲟⲧ"/>
		<feat xlink:href="#sSpan6558" value="ⲉ"/>
		<feat xlink:href="#sSpan6562" value="ⲛⲉⲥⲟ"/>
		<feat xlink:href="#sSpan6564" value="ⲟⲩ"/>
		<feat xlink:href="#sSpan6566" value="ⲧⲟ"/>
		<feat xlink:href="#sSpan6570" value="ϩⲓⲱ"/>
		<feat xlink:href="#sSpan6574" value="ⲟⲩ"/>
		<feat xlink:href="#sSpan6576" value="·"/>
		<feat xlink:href="#sSpan6580" value="ⲙ̅"/>
		<feat xlink:href="#sSpan6585" value="ⲡⲉ"/>
		<feat xlink:href="#sSpan6588" value="ⲥⲙⲟⲧ"/>
		<feat xlink:href="#sSpan6590" value="ⲛ̅"/>
		<feat xlink:href="#sSpan6594" value="ϩⲉⲛ"/>
		<feat xlink:href="#sSpan6598" value="ⲡⲉⲣⲓⲥⲱⲙⲁ"/>
		<feat xlink:href="#sSpan6600" value="·"/>
		<feat xlink:href="#sSpan6604" value="ⲛ̅ⲧⲉⲣ"/>
		<feat xlink:href="#sSpan6610" value="ⲟⲩ"/>
		<feat xlink:href="#sSpan6612" value="ⲡⲱϩ"/>
		<feat xlink:href="#sSpan6615" value="ⲇⲉ"/>
		<feat xlink:href="#sSpan6619" value="ⲉⲣⲟ"/>
		<feat xlink:href="#sSpan6624" value="ⲓ"/>
		<feat xlink:href="#sSpan6626" value="ⲡⲉϫⲁ"/>
		<feat xlink:href="#sSpan6630" value="ⲩ"/>
		<feat xlink:href="#sSpan6632" value="ⲛⲁ"/>
		<feat xlink:href="#sSpan6636" value="ⲓ̈"/>
		<feat xlink:href="#sSpan6638" value="ϫⲉ"/>
		<feat xlink:href="#sSpan6643" value="ⲭⲁⲓⲣⲉ"/>
		<feat xlink:href="#sSpan6645" value="ⲡⲁ"/>
		<feat xlink:href="#sSpan6650" value="ⲡ"/>
		<feat xlink:href="#sSpan6653" value="ⲛⲟⲩⲧⲉ"/>
		<feat xlink:href="#sSpan6655" value="ⲡⲉⲛ"/>
		<feat xlink:href="#sSpan6659" value="ⲙⲉⲣⲓⲧ"/>
		<feat xlink:href="#sSpan6661" value="ⲛ̅"/>
		<feat xlink:href="#sSpan6666" value="ⲥⲟⲛ"/>
		<feat xlink:href="#sSpan6668" value="·"/></featList></paula>