<?xml version='1.0' encoding='UTF-8'?><!DOCTYPE paula SYSTEM "paula_feat.dtd">
<paula version="1.1">
	<header paula_id="scriptorium.penitence.02.mark_entity"/>
	<featList xmlns:xlink="http://www.w3.org/1999/xlink" type="entity" xml:base="scriptorium.penitence.02.mark.xml">
		<feat xlink:href="#sSpan38" value="person"/>
		<feat xlink:href="#sSpan82" value="place"/>
		<feat xlink:href="#sSpan93" value="place"/>
		<feat xlink:href="#sSpan137" value="plant"/>
		<feat xlink:href="#sSpan146" value="abstract"/>
		<feat xlink:href="#sSpan168" value="person"/>
		<feat xlink:href="#sSpan201" value="person"/>
		<feat xlink:href="#sSpan221" value="person"/>
		<feat xlink:href="#sSpan246" value="person"/>
		<feat xlink:href="#sSpan257" value="abstract"/>
		<feat xlink:href="#sSpan266" value="abstract"/>
		<feat xlink:href="#sSpan277" value="person"/>
		<feat xlink:href="#sSpan287" value="abstract"/>
		<feat xlink:href="#sSpan309" value="place"/>
		<feat xlink:href="#sSpan322" value="abstract"/>
		<feat xlink:href="#sSpan354" value="time"/>
		<feat xlink:href="#sSpan363" value="person"/>
		<feat xlink:href="#sSpan408" value="abstract"/>
		<feat xlink:href="#sSpan432" value="abstract"/>
		<feat xlink:href="#sSpan441" value="abstract"/>
		<feat xlink:href="#sSpan475" value="abstract"/>
		<feat xlink:href="#sSpan528" value="object"/>
		<feat xlink:href="#sSpan535" value="abstract"/>
		<feat xlink:href="#sSpan567" value="abstract"/>
		<feat xlink:href="#sSpan590" value="abstract"/>
		<feat xlink:href="#sSpan603" value="abstract"/>
		<feat xlink:href="#sSpan612" value="abstract"/>
		<feat xlink:href="#sSpan634" value="abstract"/>
		<feat xlink:href="#sSpan657" value="person"/>
		<feat xlink:href="#sSpan678" value="person"/>
		<feat xlink:href="#sSpan685" value="abstract"/>
		<feat xlink:href="#sSpan724" value="person"/>
		<feat xlink:href="#sSpan761" value="person"/>
		<feat xlink:href="#sSpan789" value="person"/>
		<feat xlink:href="#sSpan806" value="abstract"/>
		<feat xlink:href="#sSpan831" value="person"/>
		<feat xlink:href="#sSpan854" value="abstract"/>
		<feat xlink:href="#sSpan882" value="person"/>
		<feat xlink:href="#sSpan895" value="person"/>
		<feat xlink:href="#sSpan909" value="time"/>
		<feat xlink:href="#sSpan920" value="abstract"/>
		<feat xlink:href="#sSpan930" value="person"/>
		<feat xlink:href="#sSpan965" value="person"/>
		<feat xlink:href="#sSpan1042" value="person"/>
		<feat xlink:href="#sSpan1049" value="abstract"/>
		<feat xlink:href="#sSpan1063" value="abstract"/>
		<feat xlink:href="#sSpan1080" value="abstract"/>
		<feat xlink:href="#sSpan1104" value="abstract"/>
		<feat xlink:href="#sSpan1139" value="time"/>
		<feat xlink:href="#sSpan1159" value="time"/>
		<feat xlink:href="#sSpan1170" value="abstract"/>
		<feat xlink:href="#sSpan1199" value="person"/>
		<feat xlink:href="#sSpan1225" value="person"/>
		<feat xlink:href="#sSpan1273" value="abstract"/>
		<feat xlink:href="#sSpan1294" value="abstract"/>
		<feat xlink:href="#sSpan1320" value="person"/>
		<feat xlink:href="#sSpan1329" value="abstract"/>
		<feat xlink:href="#sSpan1367" value="object"/>
		<feat xlink:href="#sSpan1378" value="person"/>
		<feat xlink:href="#sSpan1401" value="person"/>
		<feat xlink:href="#sSpan1461" value="abstract"/>
		<feat xlink:href="#sSpan1489" value="abstract"/>
		<feat xlink:href="#sSpan1511" value="abstract"/>
		<feat xlink:href="#sSpan1569" value="abstract"/>
		<feat xlink:href="#sSpan1594" value="place"/>
		<feat xlink:href="#sSpan1614" value="person"/>
		<feat xlink:href="#sSpan1639" value="person"/>
		<feat xlink:href="#sSpan1669" value="place"/>
		<feat xlink:href="#sSpan1685" value="person"/>
		<feat xlink:href="#sSpan1715" value="person"/>
		<feat xlink:href="#sSpan1757" value="abstract"/>
		<feat xlink:href="#sSpan1774" value="abstract"/>
		<feat xlink:href="#sSpan1787" value="object"/>
		<feat xlink:href="#sSpan1812" value="object"/>
		<feat xlink:href="#sSpan1843" value="abstract"/>
		<feat xlink:href="#sSpan1852" value="person"/>
		<feat xlink:href="#sSpan1906" value="person"/>
		<feat xlink:href="#sSpan1917" value="person"/>
		<feat xlink:href="#sSpan1955" value="person"/>
		<feat xlink:href="#sSpan1975" value="person"/>
		<feat xlink:href="#sSpan1998" value="event"/>
		<feat xlink:href="#sSpan2018" value="place"/>
		<feat xlink:href="#sSpan2058" value="person"/>
		<feat xlink:href="#sSpan2079" value="abstract"/>
		<feat xlink:href="#sSpan2118" value="abstract"/>
		<feat xlink:href="#sSpan2128" value="person"/>
		<feat xlink:href="#sSpan2152" value="person"/>
		<feat xlink:href="#sSpan2188" value="person"/>
		<feat xlink:href="#sSpan2213" value="time"/>
		<feat xlink:href="#sSpan2236" value="object"/>
		<feat xlink:href="#sSpan2245" value="person"/>
		<feat xlink:href="#sSpan2275" value="abstract"/>
		<feat xlink:href="#sSpan2285" value="abstract"/>
		<feat xlink:href="#sSpan2321" value="place"/>
		<feat xlink:href="#sSpan2338" value="person"/>
		<feat xlink:href="#sSpan2365" value="abstract"/>
		<feat xlink:href="#sSpan2379" value="abstract"/>
		<feat xlink:href="#sSpan2401" value="abstract"/>
		<feat xlink:href="#sSpan2415" value="person"/>
		<feat xlink:href="#sSpan2445" value="place"/>
		<feat xlink:href="#sSpan2474" value="person"/>
		<feat xlink:href="#sSpan2501" value="abstract"/>
		<feat xlink:href="#sSpan2516" value="abstract"/>
		<feat xlink:href="#sSpan2535" value="abstract"/>
		<feat xlink:href="#sSpan2561" value="time"/>
		<feat xlink:href="#sSpan2572" value="abstract"/>
		<feat xlink:href="#sSpan2581" value="event"/>
		<feat xlink:href="#sSpan2592" value="abstract"/>
		<feat xlink:href="#sSpan2620" value="abstract"/>
		<feat xlink:href="#sSpan2636" value="person"/>
		<feat xlink:href="#sSpan2651" value="abstract"/>
		<feat xlink:href="#sSpan2660" value="abstract"/>
		<feat xlink:href="#sSpan2676" value="abstract"/>
		<feat xlink:href="#sSpan2690" value="person"/>
		<feat xlink:href="#sSpan2702" value="abstract"/>
		<feat xlink:href="#sSpan2740" value="abstract"/>
		<feat xlink:href="#sSpan2760" value="abstract"/>
		<feat xlink:href="#sSpan2770" value="abstract"/>
		<feat xlink:href="#sSpan2799" value="abstract"/>
		<feat xlink:href="#sSpan2813" value="abstract"/>
		<feat xlink:href="#sSpan2828" value="abstract"/>
		<feat xlink:href="#sSpan2839" value="event"/>
		<feat xlink:href="#sSpan2850" value="abstract"/>
		<feat xlink:href="#sSpan2867" value="abstract"/>
		<feat xlink:href="#sSpan2879" value="abstract"/>
		<feat xlink:href="#sSpan2890" value="abstract"/>
		<feat xlink:href="#sSpan2901" value="abstract"/>
		<feat xlink:href="#sSpan2913" value="abstract"/>
		<feat xlink:href="#sSpan2928" value="event"/>
		<feat xlink:href="#sSpan2942" value="person"/>
		<feat xlink:href="#sSpan2958" value="abstract"/>
		<feat xlink:href="#sSpan2969" value="person"/>
		<feat xlink:href="#sSpan2987" value="abstract"/>
		<feat xlink:href="#sSpan2994" value="abstract"/>
		<feat xlink:href="#sSpan3014" value="abstract"/>
		<feat xlink:href="#sSpan3031" value="abstract"/>
		<feat xlink:href="#sSpan3048" value="abstract"/>
		<feat xlink:href="#sSpan3063" value="object"/>
		<feat xlink:href="#sSpan3072" value="abstract"/>
		<feat xlink:href="#sSpan3086" value="event"/>
		<feat xlink:href="#sSpan3105" value="abstract"/>
		<feat xlink:href="#sSpan3143" value="abstract"/>
		<feat xlink:href="#sSpan3175" value="time"/>
		<feat xlink:href="#sSpan3197" value="object"/>
		<feat xlink:href="#sSpan3206" value="person"/>
		<feat xlink:href="#sSpan3228" value="object"/>
		<feat xlink:href="#sSpan3241" value="place"/>
		<feat xlink:href="#sSpan3260" value="place"/>
		<feat xlink:href="#sSpan3279" value="abstract"/>
		<feat xlink:href="#sSpan3286" value="abstract"/>
		<feat xlink:href="#sSpan3295" value="abstract"/>
		<feat xlink:href="#sSpan3306" value="abstract"/>
		<feat xlink:href="#sSpan3322" value="abstract"/>
		<feat xlink:href="#sSpan3335" value="object"/>
		<feat xlink:href="#sSpan3355" value="abstract"/>
		<feat xlink:href="#sSpan3358" value="abstract"/>
		<feat xlink:href="#sSpan3369" value="abstract"/>
		<feat xlink:href="#sSpan3410" value="abstract"/>
		<feat xlink:href="#sSpan3450" value="abstract"/>
		<feat xlink:href="#sSpan3489" value="object"/>
		<feat xlink:href="#sSpan3511" value="abstract"/>
		<feat xlink:href="#sSpan3546" value="person"/>
		<feat xlink:href="#sSpan3592" value="abstract"/>
		<feat xlink:href="#sSpan3602" value="person"/>
		<feat xlink:href="#sSpan3656" value="time"/>
		<feat xlink:href="#sSpan3680" value="person"/>
		<feat xlink:href="#sSpan3700" value="person"/>
		<feat xlink:href="#sSpan3719" value="person"/>
		<feat xlink:href="#sSpan3789" value="person"/>
		<feat xlink:href="#sSpan3863" value="time"/>
		<feat xlink:href="#sSpan3890" value="abstract"/>
		<feat xlink:href="#sSpan3900" value="abstract"/>
		<feat xlink:href="#sSpan3922" value="person"/>
		<feat xlink:href="#sSpan3944" value="event"/>
		<feat xlink:href="#sSpan3951" value="time"/>
		<feat xlink:href="#sSpan3964" value="place"/>
		<feat xlink:href="#sSpan3973" value="person"/>
		<feat xlink:href="#sSpan3985" value="person"/>
		<feat xlink:href="#sSpan4030" value="time"/>
		<feat xlink:href="#sSpan4037" value="event"/>
		<feat xlink:href="#sSpan4044" value="time"/>
		<feat xlink:href="#sSpan4071" value="animal"/>
		<feat xlink:href="#sSpan4115" value="event"/>
		<feat xlink:href="#sSpan4122" value="person"/>
		<feat xlink:href="#sSpan4132" value="place"/>
		<feat xlink:href="#sSpan4160" value="abstract"/>
		<feat xlink:href="#sSpan4182" value="event"/>
		<feat xlink:href="#sSpan4197" value="abstract"/>
		<feat xlink:href="#sSpan4206" value="animal"/>
		<feat xlink:href="#sSpan4228" value="person"/>
		<feat xlink:href="#sSpan4271" value="abstract"/>
		<feat xlink:href="#sSpan4281" value="time"/>
		<feat xlink:href="#sSpan4294" value="abstract"/>
		<feat xlink:href="#sSpan4306" value="time"/>
		<feat xlink:href="#sSpan4319" value="abstract"/>
		<feat xlink:href="#sSpan4343" value="object"/>
		<feat xlink:href="#sSpan4366" value="abstract"/>
		<feat xlink:href="#sSpan4377" value="time"/>
		<feat xlink:href="#sSpan4386" value="event"/>
		<feat xlink:href="#sSpan4417" value="animal"/>
		<feat xlink:href="#sSpan4427" value="animal"/>
		<feat xlink:href="#sSpan4461" value="abstract"/>
		<feat xlink:href="#sSpan4476" value="animal"/>
		<feat xlink:href="#sSpan4517" value="abstract"/>
		<feat xlink:href="#sSpan4528" value="abstract"/>
		<feat xlink:href="#sSpan4557" value="abstract"/>
		<feat xlink:href="#sSpan4571" value="abstract"/>
		<feat xlink:href="#sSpan4600" value="object"/>
		<feat xlink:href="#sSpan4632" value="abstract"/>
		<feat xlink:href="#sSpan4665" value="abstract"/>
		<feat xlink:href="#sSpan4691" value="abstract"/>
		<feat xlink:href="#sSpan4700" value="abstract"/>
		<feat xlink:href="#sSpan4710" value="abstract"/>
		<feat xlink:href="#sSpan4719" value="place"/>
		<feat xlink:href="#sSpan4729" value="abstract"/>
		<feat xlink:href="#sSpan4777" value="place"/>
		<feat xlink:href="#sSpan4800" value="abstract"/>
		<feat xlink:href="#sSpan4815" value="event"/>
		<feat xlink:href="#sSpan4832" value="object"/>
		<feat xlink:href="#sSpan4882" value="time"/>
		<feat xlink:href="#sSpan4901" value="place"/>
		<feat xlink:href="#sSpan4911" value="place"/>
		<feat xlink:href="#sSpan4932" value="abstract"/>
		<feat xlink:href="#sSpan4941" value="place"/>
		<feat xlink:href="#sSpan4969" value="person"/>
		<feat xlink:href="#sSpan5012" value="abstract"/>
		<feat xlink:href="#sSpan5035" value="person"/>
		<feat xlink:href="#sSpan5069" value="object"/>
		<feat xlink:href="#sSpan5081" value="abstract"/>
		<feat xlink:href="#sSpan5092" value="place"/>
		<feat xlink:href="#sSpan5101" value="person"/>
		<feat xlink:href="#sSpan5119" value="person"/>
		<feat xlink:href="#sSpan5154" value="person"/>
		<feat xlink:href="#sSpan5175" value="object"/>
		<feat xlink:href="#sSpan5209" value="object"/>
		<feat xlink:href="#sSpan5218" value="place"/>
		<feat xlink:href="#sSpan5244" value="place"/>
		<feat xlink:href="#sSpan5259" value="person"/>
		<feat xlink:href="#sSpan5271" value="person"/>
		<feat xlink:href="#sSpan5343" value="abstract"/>
		<feat xlink:href="#sSpan5356" value="person"/>
		<feat xlink:href="#sSpan5386" value="abstract"/>
		<feat xlink:href="#sSpan5407" value="abstract"/>
		<feat xlink:href="#sSpan5417" value="abstract"/>
		<feat xlink:href="#sSpan5480" value="abstract"/>
		<feat xlink:href="#sSpan5510" value="abstract"/>
		<feat xlink:href="#sSpan5575" value="abstract"/>
		<feat xlink:href="#sSpan5583" value="abstract"/>
		<feat xlink:href="#sSpan5594" value="time"/>
		<feat xlink:href="#sSpan5614" value="abstract"/>
		<feat xlink:href="#sSpan5654" value="person"/>
		<feat xlink:href="#sSpan5692" value="abstract"/>
		<feat xlink:href="#sSpan5722" value="abstract"/>
		<feat xlink:href="#sSpan5744" value="abstract"/>
		<feat xlink:href="#sSpan5774" value="abstract"/>
		<feat xlink:href="#sSpan5781" value="person"/>
		<feat xlink:href="#sSpan5810" value="object"/>
		<feat xlink:href="#sSpan5819" value="object"/>
		<feat xlink:href="#sSpan5840" value="event"/>
		<feat xlink:href="#sSpan5852" value="abstract"/>
		<feat xlink:href="#sSpan5869" value="abstract"/>
		<feat xlink:href="#sSpan5880" value="person"/>
		<feat xlink:href="#sSpan5947" value="person"/>
		<feat xlink:href="#sSpan5967" value="abstract"/>
		<feat xlink:href="#sSpan5976" value="object"/>
		<feat xlink:href="#sSpan6018" value="abstract"/>
		<feat xlink:href="#sSpan6027" value="abstract"/>
		<feat xlink:href="#sSpan6046" value="abstract"/>
		<feat xlink:href="#sSpan6055" value="object"/>
		<feat xlink:href="#sSpan6079" value="abstract"/>
		<feat xlink:href="#sSpan6110" value="abstract"/>
		<feat xlink:href="#sSpan6141" value="abstract"/>
		<feat xlink:href="#sSpan6177" value="person"/>
		<feat xlink:href="#sSpan6190" value="abstract"/>
		<feat xlink:href="#sSpan6197" value="object"/>
		<feat xlink:href="#sSpan6224" value="person"/>
		<feat xlink:href="#sSpan6239" value="object"/>
		<feat xlink:href="#sSpan6250" value="abstract"/>
		<feat xlink:href="#sSpan6288" value="object"/>
		<feat xlink:href="#sSpan6300" value="substance"/>
		<feat xlink:href="#sSpan6313" value="object"/>
		<feat xlink:href="#sSpan6326" value="time"/>
		<feat xlink:href="#sSpan6338" value="abstract"/>
		<feat xlink:href="#sSpan6381" value="person"/>
		<feat xlink:href="#sSpan6400" value="abstract"/>
		<feat xlink:href="#sSpan6409" value="place"/>
		<feat xlink:href="#sSpan6419" value="abstract"/>
		<feat xlink:href="#sSpan6444" value="abstract"/>
		<feat xlink:href="#sSpan6465" value="abstract"/>
		<feat xlink:href="#sSpan6485" value="abstract"/>
		<feat xlink:href="#sSpan6505" value="abstract"/>
		<feat xlink:href="#sSpan6538" value="abstract"/>
		<feat xlink:href="#sSpan6548" value="person"/>
		<feat xlink:href="#sSpan6562" value="time"/>
		<feat xlink:href="#sSpan6573" value="object"/>
		<feat xlink:href="#sSpan6591" value="object"/>
		<feat xlink:href="#sSpan6611" value="abstract"/>
		<feat xlink:href="#sSpan6637" value="abstract"/>
		<feat xlink:href="#sSpan6651" value="abstract"/>
		<feat xlink:href="#sSpan6661" value="person"/>
		<feat xlink:href="#sSpan6677" value="person"/>
		<feat xlink:href="#sSpan6687" value="time"/>
		<feat xlink:href="#sSpan6698" value="abstract"/>
		<feat xlink:href="#sSpan6713" value="object"/>
		<feat xlink:href="#sSpan6768" value="person"/>
		<feat xlink:href="#sSpan6795" value="person"/>
		<feat xlink:href="#sSpan6824" value="abstract"/>
		<feat xlink:href="#sSpan6883" value="plant"/>
		<feat xlink:href="#sSpan6889" value="person"/>
		<feat xlink:href="#sSpan6920" value="object"/>
		<feat xlink:href="#sSpan6949" value="abstract"/>
		<feat xlink:href="#sSpan6958" value="person"/>
		<feat xlink:href="#sSpan6969" value="person"/>
		<feat xlink:href="#sSpan7012" value="event"/>
		<feat xlink:href="#sSpan7025" value="person"/>
		<feat xlink:href="#sSpan7055" value="person"/>
		<feat xlink:href="#sSpan7085" value="abstract"/>
		<feat xlink:href="#sSpan7107" value="abstract"/>
		<feat xlink:href="#sSpan7118" value="object"/>
		<feat xlink:href="#sSpan7144" value="abstract"/>
		<feat xlink:href="#sSpan7187" value="abstract"/>
		<feat xlink:href="#sSpan7199" value="abstract"/>
		<feat xlink:href="#sSpan7204" value="object"/>
		<feat xlink:href="#sSpan7237" value="plant"/>
		<feat xlink:href="#sSpan7260" value="abstract"/>
		<feat xlink:href="#sSpan7285" value="abstract"/>
		<feat xlink:href="#sSpan7294" value="event"/>
		<feat xlink:href="#sSpan7344" value="abstract"/>
		<feat xlink:href="#sSpan7377" value="person"/>
		<feat xlink:href="#sSpan7402" value="place"/>
		<feat xlink:href="#sSpan7414" value="abstract"/>
		<feat xlink:href="#sSpan7449" value="place"/>
		<feat xlink:href="#sSpan7469" value="place"/>
		<feat xlink:href="#sSpan7478" value="person"/>
		<feat xlink:href="#sSpan7493" value="person"/>
		<feat xlink:href="#sSpan7510" value="person"/>
		<feat xlink:href="#sSpan7528" value="person"/>
		<feat xlink:href="#sSpan7556" value="abstract"/>
		<feat xlink:href="#sSpan7573" value="abstract"/>
		<feat xlink:href="#sSpan7585" value="person"/>
		<feat xlink:href="#sSpan7593" value="abstract"/>
		<feat xlink:href="#sSpan7630" value="person"/>
		<feat xlink:href="#sSpan7656" value="abstract"/>
		<feat xlink:href="#sSpan7679" value="plant"/>
		<feat xlink:href="#sSpan7693" value="plant"/>
		<feat xlink:href="#sSpan7712" value="person"/>
		<feat xlink:href="#sSpan7731" value="abstract"/>
		<feat xlink:href="#sSpan7768" value="time"/>
		<feat xlink:href="#sSpan7779" value="abstract"/>
		<feat xlink:href="#sSpan7790" value="person"/>
		<feat xlink:href="#sSpan7821" value="abstract"/>
		<feat xlink:href="#sSpan7831" value="abstract"/>
		<feat xlink:href="#sSpan7843" value="time"/>
		<feat xlink:href="#sSpan7852" value="time"/>
		<feat xlink:href="#sSpan7879" value="place"/>
		<feat xlink:href="#sSpan7895" value="object"/>
		<feat xlink:href="#sSpan7921" value="object"/>
		<feat xlink:href="#sSpan7942" value="object"/>
		<feat xlink:href="#sSpan7967" value="object"/>
		<feat xlink:href="#sSpan7986" value="abstract"/>
		<feat xlink:href="#sSpan8004" value="abstract"/>
		<feat xlink:href="#sSpan8043" value="person"/>
		<feat xlink:href="#sSpan8056" value="person"/>
		<feat xlink:href="#sSpan8065" value="abstract"/>
		<feat xlink:href="#sSpan8083" value="abstract"/>
		<feat xlink:href="#sSpan8098" value="abstract"/>
		<feat xlink:href="#sSpan8128" value="person"/>
		<feat xlink:href="#sSpan8143" value="person"/>
		<feat xlink:href="#sSpan8169" value="abstract"/>
		<feat xlink:href="#sSpan8179" value="person"/>
		<feat xlink:href="#sSpan8202" value="object"/>
		<feat xlink:href="#sSpan8221" value="object"/>
		<feat xlink:href="#sSpan8262" value="abstract"/>
		<feat xlink:href="#sSpan8281" value="object"/>
		<feat xlink:href="#sSpan8310" value="abstract"/>
		<feat xlink:href="#sSpan8330" value="abstract"/>
		<feat xlink:href="#sSpan8339" value="place"/>
		<feat xlink:href="#sSpan8364" value="abstract"/>
		<feat xlink:href="#sSpan8380" value="person"/>
		<feat xlink:href="#sSpan8438" value="place"/>
		<feat xlink:href="#sSpan8451" value="place"/>
		<feat xlink:href="#sSpan8495" value="place"/>
		<feat xlink:href="#sSpan8528" value="person"/>
		<feat xlink:href="#sSpan8567" value="abstract"/>
		<feat xlink:href="#sSpan8587" value="person"/>
		<feat xlink:href="#sSpan8594" value="abstract"/>
		<feat xlink:href="#sSpan8625" value="abstract"/>
		<feat xlink:href="#sSpan8634" value="abstract"/>
		<feat xlink:href="#sSpan8645" value="place"/>
		<feat xlink:href="#sSpan8669" value="abstract"/>
		<feat xlink:href="#sSpan8689" value="place"/>
		<feat xlink:href="#sSpan8698" value="object"/>
		<feat xlink:href="#sSpan8717" value="place"/>
		<feat xlink:href="#sSpan8730" value="object"/>
		<feat xlink:href="#sSpan8740" value="abstract"/>
		<feat xlink:href="#sSpan8775" value="place"/>
		<feat xlink:href="#sSpan8784" value="person"/>
		<feat xlink:href="#sSpan8809" value="person"/>
		<feat xlink:href="#sSpan8812" value="animal"/>
		<feat xlink:href="#sSpan8862" value="abstract"/>
		<feat xlink:href="#sSpan8897" value="organization"/>
		<feat xlink:href="#sSpan8917" value="object"/>
		<feat xlink:href="#sSpan8946" value="object"/>
		<feat xlink:href="#sSpan8959" value="place"/>
		<feat xlink:href="#sSpan8985" value="person"/>
		<feat xlink:href="#sSpan9014" value="abstract"/>
		<feat xlink:href="#sSpan9024" value="abstract"/>
		<feat xlink:href="#sSpan9040" value="abstract"/>
		<feat xlink:href="#sSpan9053" value="abstract"/>
		<feat xlink:href="#sSpan9079" value="abstract"/>
		<feat xlink:href="#sSpan9125" value="place"/>
		<feat xlink:href="#sSpan9134" value="abstract"/>
		<feat xlink:href="#sSpan9143" value="abstract"/>
		<feat xlink:href="#sSpan9157" value="place"/>
		<feat xlink:href="#sSpan9182" value="person"/>
		<feat xlink:href="#sSpan9192" value="person"/>
		<feat xlink:href="#sSpan9213" value="person"/>
		<feat xlink:href="#sSpan9234" value="abstract"/>
		<feat xlink:href="#sSpan9244" value="abstract"/>
		<feat xlink:href="#sSpan9272" value="person"/>
		<feat xlink:href="#sSpan9289" value="abstract"/>
		<feat xlink:href="#sSpan9307" value="abstract"/>
		<feat xlink:href="#sSpan9318" value="place"/>
		<feat xlink:href="#sSpan9339" value="person"/>
		<feat xlink:href="#sSpan9383" value="abstract"/>
		<feat xlink:href="#sSpan9424" value="abstract"/>
		<feat xlink:href="#sSpan9456" value="person"/>
		<feat xlink:href="#sSpan9472" value="object"/>
		<feat xlink:href="#sSpan9494" value="place"/>
		<feat xlink:href="#sSpan9516" value="person"/>
		<feat xlink:href="#sSpan9557" value="person"/>
		<feat xlink:href="#sSpan9591" value="person"/>
		<feat xlink:href="#sSpan9613" value="person"/>
		<feat xlink:href="#sSpan9637" value="object"/>
		<feat xlink:href="#sSpan9647" value="abstract"/>
		<feat xlink:href="#sSpan9654" value="substance"/>
		<feat xlink:href="#sSpan9665" value="substance"/>
		<feat xlink:href="#sSpan9688" value="object"/>
		<feat xlink:href="#sSpan9699" value="person"/>
		<feat xlink:href="#sSpan9720" value="place"/>
		<feat xlink:href="#sSpan9747" value="place"/>
		<feat xlink:href="#sSpan9756" value="plant"/>
		<feat xlink:href="#sSpan9779" value="person"/>
		<feat xlink:href="#sSpan9809" value="abstract"/>
		<feat xlink:href="#sSpan9835" value="abstract"/>
		<feat xlink:href="#sSpan9864" value="abstract"/>
		<feat xlink:href="#sSpan9882" value="place"/>
		<feat xlink:href="#sSpan9902" value="abstract"/>
		<feat xlink:href="#sSpan9921" value="abstract"/>
		<feat xlink:href="#sSpan9953" value="object"/>
		<feat xlink:href="#sSpan9963" value="abstract"/>
		<feat xlink:href="#sSpan9983" value="abstract"/>
		<feat xlink:href="#sSpan10012" value="abstract"/>
		<feat xlink:href="#sSpan10044" value="object"/>
		<feat xlink:href="#sSpan10053" value="person"/>
		<feat xlink:href="#sSpan10089" value="abstract"/>
		<feat xlink:href="#sSpan10099" value="person"/>
		<feat xlink:href="#sSpan10108" value="person"/>
		<feat xlink:href="#sSpan10127" value="abstract"/>
		<feat xlink:href="#sSpan10154" value="person"/>
		<feat xlink:href="#sSpan10181" value="time"/>
		<feat xlink:href="#sSpan10210" value="abstract"/>
		<feat xlink:href="#sSpan10220" value="abstract"/>
		<feat xlink:href="#sSpan10228" value="abstract"/>
		<feat xlink:href="#sSpan10254" value="abstract"/>
		<feat xlink:href="#sSpan10281" value="place"/>
		<feat xlink:href="#sSpan10308" value="abstract"/>
		<feat xlink:href="#sSpan10344" value="abstract"/>
		<feat xlink:href="#sSpan10359" value="time"/>
		<feat xlink:href="#sSpan10400" value="person"/>
		<feat xlink:href="#sSpan10451" value="abstract"/>
		<feat xlink:href="#sSpan10493" value="abstract"/>
		<feat xlink:href="#sSpan10500" value="object"/>
		<feat xlink:href="#sSpan10519" value="abstract"/>
		<feat xlink:href="#sSpan10532" value="abstract"/>
		<feat xlink:href="#sSpan10549" value="abstract"/>
		<feat xlink:href="#sSpan10577" value="abstract"/>
		<feat xlink:href="#sSpan10642" value="object"/>
		<feat xlink:href="#sSpan10656" value="abstract"/>
		<feat xlink:href="#sSpan10669" value="abstract"/>
		<feat xlink:href="#sSpan10699" value="person"/>
		<feat xlink:href="#sSpan10758" value="time"/>
		<feat xlink:href="#sSpan10776" value="place"/>
		<feat xlink:href="#sSpan10790" value="abstract"/>
		<feat xlink:href="#sSpan10820" value="abstract"/>
		<feat xlink:href="#sSpan10831" value="abstract"/>
		<feat xlink:href="#sSpan10843" value="abstract"/>
		<feat xlink:href="#sSpan10912" value="abstract"/>
		<feat xlink:href="#sSpan10953" value="abstract"/>
		<feat xlink:href="#sSpan10975" value="person"/>
		<feat xlink:href="#sSpan10992" value="abstract"/>
		<feat xlink:href="#sSpan11009" value="object"/>
		<feat xlink:href="#sSpan11028" value="object"/>
		<feat xlink:href="#sSpan11057" value="object"/>
		<feat xlink:href="#sSpan11078" value="object"/>
		<feat xlink:href="#sSpan11101" value="abstract"/>
		<feat xlink:href="#sSpan11127" value="abstract"/>
		<feat xlink:href="#sSpan11144" value="person"/>
		<feat xlink:href="#sSpan11157" value="abstract"/>
		<feat xlink:href="#sSpan11169" value="abstract"/>
		<feat xlink:href="#sSpan11185" value="abstract"/>
		<feat xlink:href="#sSpan11200" value="abstract"/>
		<feat xlink:href="#sSpan11211" value="object"/>
		<feat xlink:href="#sSpan11224" value="abstract"/>
		<feat xlink:href="#sSpan11242" value="abstract"/>
		<feat xlink:href="#sSpan11256" value="abstract"/>
		<feat xlink:href="#sSpan11270" value="abstract"/>
		<feat xlink:href="#sSpan11284" value="abstract"/>
		<feat xlink:href="#sSpan11297" value="abstract"/>
		<feat xlink:href="#sSpan11320" value="abstract"/>
		<feat xlink:href="#sSpan11345" value="abstract"/>
		<feat xlink:href="#sSpan11388" value="abstract"/>
		<feat xlink:href="#sSpan11433" value="abstract"/>
		<feat xlink:href="#sSpan11444" value="place"/>
		<feat xlink:href="#sSpan11461" value="person"/>
		<feat xlink:href="#sSpan11492" value="object"/>
		<feat xlink:href="#sSpan11501" value="object"/>
		<feat xlink:href="#sSpan11512" value="person"/>
		<feat xlink:href="#sSpan11530" value="object"/>
		<feat xlink:href="#sSpan11548" value="substance"/>
		<feat xlink:href="#sSpan11573" value="place"/>
		<feat xlink:href="#sSpan11601" value="place"/>
		<feat xlink:href="#sSpan11623" value="person"/>
		<feat xlink:href="#sSpan11633" value="abstract"/>
		<feat xlink:href="#sSpan11655" value="object"/>
		<feat xlink:href="#sSpan11671" value="person"/>
		<feat xlink:href="#sSpan11684" value="person"/>
		<feat xlink:href="#sSpan11751" value="abstract"/>
		<feat xlink:href="#sSpan11769" value="abstract"/>
		<feat xlink:href="#sSpan11774" value="person"/>
		<feat xlink:href="#sSpan11812" value="person"/>
		<feat xlink:href="#sSpan11830" value="person"/>
		<feat xlink:href="#sSpan11856" value="abstract"/>
		<feat xlink:href="#sSpan11867" value="person"/>
		<feat xlink:href="#sSpan11892" value="person"/>
		<feat xlink:href="#sSpan11912" value="abstract"/>
		<feat xlink:href="#sSpan11931" value="abstract"/>
		<feat xlink:href="#sSpan11972" value="abstract"/>
		<feat xlink:href="#sSpan11995" value="object"/>
		<feat xlink:href="#sSpan12033" value="abstract"/>
		<feat xlink:href="#sSpan12056" value="abstract"/>
		<feat xlink:href="#sSpan12078" value="place"/>
		<feat xlink:href="#sSpan12089" value="abstract"/>
		<feat xlink:href="#sSpan12106" value="object"/>
		<feat xlink:href="#sSpan12117" value="object"/>
		<feat xlink:href="#sSpan12133" value="object"/>
		<feat xlink:href="#sSpan12142" value="abstract"/>
		<feat xlink:href="#sSpan12160" value="object"/>
		<feat xlink:href="#sSpan12172" value="person"/>
		<feat xlink:href="#sSpan12218" value="event"/>
		<feat xlink:href="#sSpan12236" value="place"/>
		<feat xlink:href="#sSpan12255" value="abstract"/>
		<feat xlink:href="#sSpan12265" value="abstract"/>
		<feat xlink:href="#sSpan12280" value="object"/>
		<feat xlink:href="#sSpan12292" value="object"/>
		<feat xlink:href="#sSpan12307" value="abstract"/>
		<feat xlink:href="#sSpan12322" value="object"/>
		<feat xlink:href="#sSpan12340" value="abstract"/>
		<feat xlink:href="#sSpan12350" value="abstract"/>
		<feat xlink:href="#sSpan12390" value="object"/>
		<feat xlink:href="#sSpan12400" value="person"/>
		<feat xlink:href="#sSpan12409" value="abstract"/>
		<feat xlink:href="#sSpan12442" value="person"/>
		<feat xlink:href="#sSpan12476" value="abstract"/>
		<feat xlink:href="#sSpan12510" value="plant"/>
		<feat xlink:href="#sSpan12525" value="place"/>
		<feat xlink:href="#sSpan12545" value="abstract"/>
		<feat xlink:href="#sSpan12566" value="abstract"/>
		<feat xlink:href="#sSpan12580" value="place"/>
		<feat xlink:href="#sSpan12595" value="abstract"/>
		<feat xlink:href="#sSpan12629" value="place"/>
		<feat xlink:href="#sSpan12662" value="plant"/>
		<feat xlink:href="#sSpan12669" value="abstract"/>
		<feat xlink:href="#sSpan12683" value="abstract"/>
		<feat xlink:href="#sSpan12707" value="abstract"/>
		<feat xlink:href="#sSpan12736" value="abstract"/>
		<feat xlink:href="#sSpan12745" value="person"/>
		<feat xlink:href="#sSpan12771" value="abstract"/>
		<feat xlink:href="#sSpan12781" value="animal"/>
		<feat xlink:href="#sSpan12804" value="object"/>
		<feat xlink:href="#sSpan12830" value="event"/>
		<feat xlink:href="#sSpan12835" value="person"/>
		<feat xlink:href="#sSpan12855" value="abstract"/>
		<feat xlink:href="#sSpan12877" value="abstract"/>
		<feat xlink:href="#sSpan12912" value="place"/>
		<feat xlink:href="#sSpan12937" value="place"/>
		<feat xlink:href="#sSpan12966" value="event"/>
		<feat xlink:href="#sSpan13005" value="time"/>
		<feat xlink:href="#sSpan13016" value="time"/>
		<feat xlink:href="#sSpan13027" value="abstract"/>
		<feat xlink:href="#sSpan13064" value="substance"/>
		<feat xlink:href="#sSpan13094" value="object"/>
		<feat xlink:href="#sSpan13101" value="event"/>
		<feat xlink:href="#sSpan13123" value="abstract"/>
		<feat xlink:href="#sSpan13134" value="abstract"/>
		<feat xlink:href="#sSpan13144" value="abstract"/>
		<feat xlink:href="#sSpan13163" value="substance"/>
		<feat xlink:href="#sSpan13190" value="abstract"/>
		<feat xlink:href="#sSpan13210" value="abstract"/>
		<feat xlink:href="#sSpan13238" value="abstract"/>
		<feat xlink:href="#sSpan13250" value="person"/>
		<feat xlink:href="#sSpan13263" value="abstract"/>
		<feat xlink:href="#sSpan13275" value="time"/>
		<feat xlink:href="#sSpan13311" value="person"/>
		<feat xlink:href="#sSpan13331" value="person"/>
		<feat xlink:href="#sSpan13340" value="abstract"/>
		<feat xlink:href="#sSpan13353" value="time"/>
		<feat xlink:href="#sSpan13369" value="place"/>
		<feat xlink:href="#sSpan13400" value="abstract"/>
		<feat xlink:href="#sSpan13422" value="object"/>
		<feat xlink:href="#sSpan13448" value="abstract"/>
		<feat xlink:href="#sSpan13461" value="object"/>
		<feat xlink:href="#sSpan13487" value="person"/>
		<feat xlink:href="#sSpan13496" value="abstract"/>
		<feat xlink:href="#sSpan13516" value="place"/>
		<feat xlink:href="#sSpan13552" value="abstract"/>
		<feat xlink:href="#sSpan13558" value="person"/>
		<feat xlink:href="#sSpan13576" value="place"/>
		<feat xlink:href="#sSpan13591" value="abstract"/>
		<feat xlink:href="#sSpan13621" value="person"/>
		<feat xlink:href="#sSpan13638" value="person"/>
		<feat xlink:href="#sSpan13655" value="person"/>
		<feat xlink:href="#sSpan13664" value="person"/>
		<feat xlink:href="#sSpan13683" value="place"/>
		<feat xlink:href="#sSpan13711" value="person"/>
		<feat xlink:href="#sSpan13752" value="person"/>
		<feat xlink:href="#sSpan13788" value="abstract"/>
		<feat xlink:href="#sSpan13802" value="abstract"/>
		<feat xlink:href="#sSpan13818" value="abstract"/>
		<feat xlink:href="#sSpan13842" value="person"/>
		<feat xlink:href="#sSpan13892" value="time"/>
		<feat xlink:href="#sSpan13907" value="time"/>
		<feat xlink:href="#sSpan13925" value="time"/>
		<feat xlink:href="#sSpan13945" value="time"/>
		<feat xlink:href="#sSpan13962" value="time"/>
		<feat xlink:href="#sSpan13982" value="time"/>
		<feat xlink:href="#sSpan14018" value="person"/>
		<feat xlink:href="#sSpan14054" value="abstract"/>
		<feat xlink:href="#sSpan14107" value="abstract"/>
		<feat xlink:href="#sSpan14135" value="person"/>
		<feat xlink:href="#sSpan14144" value="time"/>
		<feat xlink:href="#sSpan14156" value="abstract"/>
		<feat xlink:href="#sSpan14183" value="abstract"/>
		<feat xlink:href="#sSpan14186" value="person"/>
		<feat xlink:href="#sSpan14222" value="abstract"/>
		<feat xlink:href="#sSpan14267" value="person"/>
		<feat xlink:href="#sSpan14294" value="person"/>
		<feat xlink:href="#sSpan14306" value="person"/>
		<feat xlink:href="#sSpan14319" value="abstract"/>
		<feat xlink:href="#sSpan14371" value="person"/>
		<feat xlink:href="#sSpan14404" value="person"/>
		<feat xlink:href="#sSpan14415" value="abstract"/>
		<feat xlink:href="#sSpan14429" value="person"/>
		<feat xlink:href="#sSpan14442" value="person"/>
		<feat xlink:href="#sSpan14452" value="abstract"/>
		<feat xlink:href="#sSpan14475" value="person"/>
		<feat xlink:href="#sSpan14500" value="person"/>
		<feat xlink:href="#sSpan14513" value="person"/>
		<feat xlink:href="#sSpan14532" value="person"/>
		<feat xlink:href="#sSpan14541" value="abstract"/>
		<feat xlink:href="#sSpan14551" value="abstract"/>
		<feat xlink:href="#sSpan14562" value="person"/>
		<feat xlink:href="#sSpan14587" value="event"/>
		<feat xlink:href="#sSpan14607" value="abstract"/>
		<feat xlink:href="#sSpan14625" value="event"/>
		<feat xlink:href="#sSpan14690" value="person"/>
		<feat xlink:href="#sSpan14716" value="abstract"/>
		<feat xlink:href="#sSpan14726" value="person"/>
		<feat xlink:href="#sSpan14735" value="person"/>
		<feat xlink:href="#sSpan14750" value="abstract"/>
		<feat xlink:href="#sSpan14771" value="time"/>
		<feat xlink:href="#sSpan14782" value="time"/>
		<feat xlink:href="#sSpan14800" value="abstract"/>
		<feat xlink:href="#sSpan14817" value="abstract"/>
		<feat xlink:href="#sSpan14835" value="time"/>
		<feat xlink:href="#sSpan14858" value="abstract"/>
		<feat xlink:href="#sSpan14886" value="person"/>
		<feat xlink:href="#sSpan14910" value="place"/>
		<feat xlink:href="#sSpan14937" value="abstract"/>
		<feat xlink:href="#sSpan14959" value="abstract"/>
		<feat xlink:href="#sSpan14972" value="object"/>
		<feat xlink:href="#sSpan14982" value="person"/>
		<feat xlink:href="#sSpan15019" value="person"/>
		<feat xlink:href="#sSpan15051" value="place"/>
		<feat xlink:href="#sSpan15074" value="place"/>
		<feat xlink:href="#sSpan15083" value="object"/>
		<feat xlink:href="#sSpan15092" value="abstract"/>
		<feat xlink:href="#sSpan15100" value="abstract"/>
		<feat xlink:href="#sSpan15114" value="time"/>
		<feat xlink:href="#sSpan15134" value="object"/>
		<feat xlink:href="#sSpan15143" value="abstract"/>
		<feat xlink:href="#sSpan15181" value="place"/>
		<feat xlink:href="#sSpan15190" value="abstract"/>
		<feat xlink:href="#sSpan15216" value="abstract"/>
		<feat xlink:href="#sSpan15225" value="abstract"/>
		<feat xlink:href="#sSpan15251" value="person"/>
		<feat xlink:href="#sSpan15269" value="person"/>
		<feat xlink:href="#sSpan15284" value="time"/>
		<feat xlink:href="#sSpan15302" value="time"/>
		<feat xlink:href="#sSpan15313" value="person"/>
		<feat xlink:href="#sSpan15335" value="abstract"/>
		<feat xlink:href="#sSpan15362" value="person"/>
		<feat xlink:href="#sSpan15381" value="abstract"/>
		<feat xlink:href="#sSpan15391" value="object"/>
		<feat xlink:href="#sSpan15406" value="person"/>
		<feat xlink:href="#sSpan15428" value="abstract"/>
		<feat xlink:href="#sSpan15440" value="abstract"/>
		<feat xlink:href="#sSpan15458" value="time"/>
		<feat xlink:href="#sSpan15477" value="object"/>
		<feat xlink:href="#sSpan15487" value="abstract"/>
		<feat xlink:href="#sSpan15498" value="person"/>
		<feat xlink:href="#sSpan15517" value="abstract"/>
		<feat xlink:href="#sSpan15541" value="time"/>
		<feat xlink:href="#sSpan15596" value="place"/>
		<feat xlink:href="#sSpan15625" value="person"/>
		<feat xlink:href="#sSpan15656" value="person"/>
		<feat xlink:href="#sSpan15682" value="abstract"/>
		<feat xlink:href="#sSpan15693" value="abstract"/>
		<feat xlink:href="#sSpan15724" value="abstract"/>
		<feat xlink:href="#sSpan15733" value="abstract"/>
		<feat xlink:href="#sSpan15758" value="abstract"/>
		<feat xlink:href="#sSpan15767" value="abstract"/>
		<feat xlink:href="#sSpan15776" value="abstract"/>
		<feat xlink:href="#sSpan15792" value="time"/>
		<feat xlink:href="#sSpan15811" value="abstract"/>
		<feat xlink:href="#sSpan15828" value="abstract"/>
		<feat xlink:href="#sSpan15868" value="abstract"/>
		<feat xlink:href="#sSpan15898" value="time"/>
		<feat xlink:href="#sSpan15924" value="abstract"/>
		<feat xlink:href="#sSpan15938" value="place"/>
		<feat xlink:href="#sSpan15965" value="person"/>
		<feat xlink:href="#sSpan15975" value="time"/>
		<feat xlink:href="#sSpan15982" value="abstract"/>
		<feat xlink:href="#sSpan15995" value="object"/>
		<feat xlink:href="#sSpan16002" value="person"/>
		<feat xlink:href="#sSpan16025" value="person"/>
		<feat xlink:href="#sSpan16036" value="person"/>
		<feat xlink:href="#sSpan16063" value="person"/>
		<feat xlink:href="#sSpan16078" value="person"/>
		<feat xlink:href="#sSpan16111" value="person"/>
		<feat xlink:href="#sSpan16121" value="time"/>
		<feat xlink:href="#sSpan16143" value="object"/>
		<feat xlink:href="#sSpan16158" value="abstract"/>
		<feat xlink:href="#sSpan16168" value="object"/>
		<feat xlink:href="#sSpan16182" value="abstract"/>
		<feat xlink:href="#sSpan16193" value="abstract"/>
		<feat xlink:href="#sSpan16200" value="person"/>
		<feat xlink:href="#sSpan16211" value="abstract"/>
		<feat xlink:href="#sSpan16236" value="object"/>
		<feat xlink:href="#sSpan16252" value="person"/>
		<feat xlink:href="#sSpan16269" value="person"/>
		<feat xlink:href="#sSpan16308" value="abstract"/>
		<feat xlink:href="#sSpan16325" value="person"/>
		<feat xlink:href="#sSpan16347" value="abstract"/>
		<feat xlink:href="#sSpan16356" value="abstract"/>
		<feat xlink:href="#sSpan16365" value="abstract"/>
		<feat xlink:href="#sSpan16394" value="object"/>
		<feat xlink:href="#sSpan16403" value="place"/>
		<feat xlink:href="#sSpan16412" value="event"/>
		<feat xlink:href="#sSpan16422" value="place"/>
		<feat xlink:href="#sSpan16442" value="person"/>
		<feat xlink:href="#sSpan16472" value="plant"/>
		<feat xlink:href="#sSpan16495" value="object"/>
		<feat xlink:href="#sSpan16506" value="object"/>
		<feat xlink:href="#sSpan16515" value="person"/>
		<feat xlink:href="#sSpan16540" value="object"/>
		<feat xlink:href="#sSpan16550" value="object"/>
		<feat xlink:href="#sSpan16578" value="abstract"/>
		<feat xlink:href="#sSpan16595" value="person"/>
		<feat xlink:href="#sSpan16620" value="animal"/>
		<feat xlink:href="#sSpan16630" value="abstract"/>
		<feat xlink:href="#sSpan16642" value="person"/>
		<feat xlink:href="#sSpan16651" value="object"/>
		<feat xlink:href="#sSpan16662" value="person"/>
		<feat xlink:href="#sSpan16722" value="time"/>
		<feat xlink:href="#sSpan16733" value="person"/>
		<feat xlink:href="#sSpan16758" value="person"/>
		<feat xlink:href="#sSpan16782" value="person"/>
		<feat xlink:href="#sSpan16796" value="abstract"/>
		<feat xlink:href="#sSpan16828" value="abstract"/>
		<feat xlink:href="#sSpan16863" value="person"/>
		<feat xlink:href="#sSpan16884" value="abstract"/>
		<feat xlink:href="#sSpan16900" value="abstract"/>
		<feat xlink:href="#sSpan16911" value="abstract"/>
		<feat xlink:href="#sSpan16931" value="person"/>
		<feat xlink:href="#sSpan16958" value="abstract"/>
		<feat xlink:href="#sSpan16995" value="object"/>
		<feat xlink:href="#sSpan17004" value="abstract"/>
		<feat xlink:href="#sSpan17019" value="abstract"/>
		<feat xlink:href="#sSpan17039" value="person"/>
		<feat xlink:href="#sSpan17065" value="abstract"/>
		<feat xlink:href="#sSpan17076" value="abstract"/>
		<feat xlink:href="#sSpan17085" value="abstract"/>
		<feat xlink:href="#sSpan17103" value="person"/>
		<feat xlink:href="#sSpan17141" value="abstract"/>
		<feat xlink:href="#sSpan17151" value="time"/>
		<feat xlink:href="#sSpan17160" value="person"/>
		<feat xlink:href="#sSpan17192" value="abstract"/>
		<feat xlink:href="#sSpan17203" value="person"/>
		<feat xlink:href="#sSpan17245" value="abstract"/>
		<feat xlink:href="#sSpan17279" value="abstract"/>
		<feat xlink:href="#sSpan17288" value="abstract"/>
		<feat xlink:href="#sSpan17303" value="abstract"/>
		<feat xlink:href="#sSpan17310" value="person"/>
		<feat xlink:href="#sSpan17327" value="abstract"/>
		<feat xlink:href="#sSpan17371" value="abstract"/>
		<feat xlink:href="#sSpan17407" value="event"/>
		<feat xlink:href="#sSpan17424" value="object"/>
		<feat xlink:href="#sSpan17448" value="person"/>
		<feat xlink:href="#sSpan17474" value="substance"/>
		<feat xlink:href="#sSpan17484" value="object"/>
		<feat xlink:href="#sSpan17499" value="object"/>
		<feat xlink:href="#sSpan17509" value="abstract"/>
		<feat xlink:href="#sSpan17516" value="object"/>
		<feat xlink:href="#sSpan17541" value="abstract"/>
		<feat xlink:href="#sSpan17550" value="time"/>
		<feat xlink:href="#sSpan17559" value="time"/>
		<feat xlink:href="#sSpan17599" value="abstract"/>
		<feat xlink:href="#sSpan17650" value="abstract"/>
		<feat xlink:href="#sSpan17659" value="abstract"/>
		<feat xlink:href="#sSpan17669" value="place"/>
		<feat xlink:href="#sSpan17679" value="abstract"/>
		<feat xlink:href="#sSpan17696" value="abstract"/>
		<feat xlink:href="#sSpan17721" value="abstract"/>
		<feat xlink:href="#sSpan17735" value="person"/>
		<feat xlink:href="#sSpan17762" value="place"/>
		<feat xlink:href="#sSpan17826" value="place"/>
		<feat xlink:href="#sSpan17848" value="abstract"/>
		<feat xlink:href="#sSpan17856" value="person"/>
		<feat xlink:href="#sSpan17867" value="abstract"/>
		<feat xlink:href="#sSpan17884" value="abstract"/>
		<feat xlink:href="#sSpan17894" value="object"/>
		<feat xlink:href="#sSpan17904" value="person"/>
		<feat xlink:href="#sSpan17966" value="object"/>
		<feat xlink:href="#sSpan17982" value="person"/>
		<feat xlink:href="#sSpan17989" value="object"/>
		<feat xlink:href="#sSpan17998" value="object"/>
		<feat xlink:href="#sSpan18011" value="object"/>
		<feat xlink:href="#sSpan18044" value="person"/>
		<feat xlink:href="#sSpan18051" value="person"/>
		<feat xlink:href="#sSpan18062" value="abstract"/>
		<feat xlink:href="#sSpan18082" value="abstract"/>
		<feat xlink:href="#sSpan18092" value="person"/>
		<feat xlink:href="#sSpan18104" value="abstract"/>
		<feat xlink:href="#sSpan18165" value="abstract"/>
		<feat xlink:href="#sSpan18174" value="abstract"/>
		<feat xlink:href="#sSpan18209" value="abstract"/>
		<feat xlink:href="#sSpan18222" value="abstract"/>
		<feat xlink:href="#sSpan18239" value="person"/>
		<feat xlink:href="#sSpan18249" value="place"/>
		<feat xlink:href="#sSpan18258" value="abstract"/>
		<feat xlink:href="#sSpan18272" value="abstract"/>
		<feat xlink:href="#sSpan18328" value="object"/>
		<feat xlink:href="#sSpan18366" value="time"/>
		<feat xlink:href="#sSpan18382" value="person"/>
		<feat xlink:href="#sSpan18395" value="abstract"/>
		<feat xlink:href="#sSpan18450" value="person"/>
		<feat xlink:href="#sSpan18506" value="person"/>
		<feat xlink:href="#sSpan18538" value="place"/>
		<feat xlink:href="#sSpan18566" value="abstract"/>
		<feat xlink:href="#sSpan18593" value="person"/>
		<feat xlink:href="#sSpan18611" value="abstract"/>
		<feat xlink:href="#sSpan18618" value="abstract"/>
		<feat xlink:href="#sSpan18671" value="person"/>
		<feat xlink:href="#sSpan18689" value="animal"/>
		<feat xlink:href="#sSpan18733" value="person"/>
		<feat xlink:href="#sSpan18751" value="abstract"/>
		<feat xlink:href="#sSpan18758" value="abstract"/>
		<feat xlink:href="#sSpan18790" value="abstract"/>
		<feat xlink:href="#sSpan18828" value="person"/>
		<feat xlink:href="#sSpan18837" value="abstract"/>
		<feat xlink:href="#sSpan18867" value="time"/>
		<feat xlink:href="#sSpan18902" value="person"/>
		<feat xlink:href="#sSpan18916" value="person"/>
		<feat xlink:href="#sSpan18938" value="person"/>
		<feat xlink:href="#sSpan18977" value="time"/>
		<feat xlink:href="#sSpan18999" value="abstract"/>
		<feat xlink:href="#sSpan19014" value="time"/>
		<feat xlink:href="#sSpan19029" value="time"/>
		<feat xlink:href="#sSpan19041" value="abstract"/>
		<feat xlink:href="#sSpan19044" value="abstract"/>
		<feat xlink:href="#sSpan19063" value="time"/>
		<feat xlink:href="#sSpan19074" value="object"/>
		<feat xlink:href="#sSpan19091" value="abstract"/>
		<feat xlink:href="#sSpan19098" value="time"/>
		<feat xlink:href="#sSpan19109" value="abstract"/>
		<feat xlink:href="#sSpan19122" value="object"/>
		<feat xlink:href="#sSpan19175" value="abstract"/>
		<feat xlink:href="#sSpan19245" value="object"/>
		<feat xlink:href="#sSpan19301" value="person"/>
		<feat xlink:href="#sSpan19308" value="abstract"/>
		<feat xlink:href="#sSpan19330" value="abstract"/>
		<feat xlink:href="#sSpan19351" value="place"/>
		<feat xlink:href="#sSpan19493" value="plant"/>
		<feat xlink:href="#sSpan19519" value="abstract"/>
		<feat xlink:href="#sSpan19534" value="abstract"/>
		<feat xlink:href="#sSpan19557" value="person"/>
		<feat xlink:href="#sSpan19579" value="abstract"/>
		<feat xlink:href="#sSpan19617" value="abstract"/>
		<feat xlink:href="#sSpan19647" value="object"/>
		<feat xlink:href="#sSpan19656" value="object"/>
		<feat xlink:href="#sSpan19664" value="abstract"/>
		<feat xlink:href="#sSpan19667" value="person"/>
		<feat xlink:href="#sSpan19676" value="person"/>
		<feat xlink:href="#sSpan19713" value="object"/>
		<feat xlink:href="#sSpan19756" value="abstract"/>
		<feat xlink:href="#sSpan19773" value="person"/>
		<feat xlink:href="#sSpan19792" value="abstract"/>
		<feat xlink:href="#sSpan19801" value="abstract"/>
		<feat xlink:href="#sSpan19811" value="place"/>
		<feat xlink:href="#sSpan19822" value="object"/>
		<feat xlink:href="#sSpan19831" value="object"/>
		<feat xlink:href="#sSpan19858" value="place"/>
		<feat xlink:href="#sSpan19875" value="abstract"/>
		<feat xlink:href="#sSpan19902" value="person"/>
		<feat xlink:href="#sSpan19919" value="abstract"/>
		<feat xlink:href="#sSpan19930" value="person"/>
		<feat xlink:href="#sSpan19940" value="object"/>
		<feat xlink:href="#sSpan19966" value="person"/>
		<feat xlink:href="#sSpan19978" value="person"/>
		<feat xlink:href="#sSpan19992" value="abstract"/>
		<feat xlink:href="#sSpan20011" value="abstract"/>
		<feat xlink:href="#sSpan20021" value="abstract"/>
		<feat xlink:href="#sSpan20034" value="person"/>
		<feat xlink:href="#sSpan20069" value="object"/>
		<feat xlink:href="#sSpan20091" value="abstract"/>
		<feat xlink:href="#sSpan20123" value="place"/>
		<feat xlink:href="#sSpan20137" value="person"/>
		<feat xlink:href="#sSpan20166" value="person"/>
		<feat xlink:href="#sSpan20179" value="person"/>
		<feat xlink:href="#sSpan20193" value="abstract"/>
		<feat xlink:href="#sSpan20204" value="person"/>
		<feat xlink:href="#sSpan20217" value="person"/>
		<feat xlink:href="#sSpan20235" value="person"/>
		<feat xlink:href="#sSpan20259" value="person"/>
		<feat xlink:href="#sSpan20268" value="person"/>
		<feat xlink:href="#sSpan20280" value="person"/>
		<feat xlink:href="#sSpan20290" value="person"/>
		<feat xlink:href="#sSpan20323" value="person"/>
		<feat xlink:href="#sSpan20358" value="person"/>
		<feat xlink:href="#sSpan20368" value="person"/>
		<feat xlink:href="#sSpan20377" value="person"/>
		<feat xlink:href="#sSpan20394" value="person"/>
		<feat xlink:href="#sSpan20406" value="person"/>
		<feat xlink:href="#sSpan20440" value="abstract"/>
		<feat xlink:href="#sSpan20457" value="abstract"/>
		<feat xlink:href="#sSpan20468" value="abstract"/>
		<feat xlink:href="#sSpan20487" value="person"/>
		<feat xlink:href="#sSpan20499" value="object"/>
		<feat xlink:href="#sSpan20506" value="place"/>
		<feat xlink:href="#sSpan20513" value="event"/>
		<feat xlink:href="#sSpan20546" value="place"/>
		<feat xlink:href="#sSpan20555" value="event"/>
		<feat xlink:href="#sSpan20568" value="abstract"/>
		<feat xlink:href="#sSpan20575" value="object"/>
		<feat xlink:href="#sSpan20607" value="person"/>
		<feat xlink:href="#sSpan20633" value="abstract"/>
		<feat xlink:href="#sSpan20654" value="abstract"/>
		<feat xlink:href="#sSpan20676" value="person"/>
		<feat xlink:href="#sSpan20711" value="event"/>
		<feat xlink:href="#sSpan20719" value="person"/>
		<feat xlink:href="#sSpan20743" value="object"/>
		<feat xlink:href="#sSpan20752" value="place"/>
		<feat xlink:href="#sSpan20761" value="event"/>
		<feat xlink:href="#sSpan20776" value="person"/>
		<feat xlink:href="#sSpan20780" value="person"/>
		<feat xlink:href="#sSpan20795" value="person"/>
		<feat xlink:href="#sSpan20813" value="abstract"/>
		<feat xlink:href="#sSpan20823" value="person"/>
		<feat xlink:href="#sSpan20843" value="abstract"/>
		<feat xlink:href="#sSpan20875" value="abstract"/>
		<feat xlink:href="#sSpan20884" value="abstract"/>
		<feat xlink:href="#sSpan20911" value="object"/>
		<feat xlink:href="#sSpan20920" value="abstract"/>
		<feat xlink:href="#sSpan20933" value="abstract"/>
		<feat xlink:href="#sSpan20952" value="time"/>
		<feat xlink:href="#sSpan20969" value="abstract"/>
		<feat xlink:href="#sSpan20984" value="place"/>
		<feat xlink:href="#sSpan21021" value="abstract"/>
		<feat xlink:href="#sSpan21062" value="abstract"/>
		<feat xlink:href="#sSpan21081" value="person"/>
		<feat xlink:href="#sSpan21093" value="abstract"/>
		<feat xlink:href="#sSpan21102" value="abstract"/>
		<feat xlink:href="#sSpan21129" value="person"/>
		<feat xlink:href="#sSpan21149" value="abstract"/>
		<feat xlink:href="#sSpan21158" value="abstract"/>
		<feat xlink:href="#sSpan21205" value="person"/>
		<feat xlink:href="#sSpan21230" value="animal"/>
		<feat xlink:href="#sSpan21240" value="place"/>
		<feat xlink:href="#sSpan21253" value="animal"/>
		<feat xlink:href="#sSpan21265" value="person"/>
		<feat xlink:href="#sSpan21282" value="object"/>
		<feat xlink:href="#sSpan21313" value="person"/>
		<feat xlink:href="#sSpan21321" value="place"/>
		<feat xlink:href="#sSpan21348" value="abstract"/>
		<feat xlink:href="#sSpan21361" value="person"/>
		<feat xlink:href="#sSpan21374" value="object"/>
		<feat xlink:href="#sSpan21411" value="abstract"/>
		<feat xlink:href="#sSpan21426" value="abstract"/>
		<feat xlink:href="#sSpan21433" value="abstract"/>
		<feat xlink:href="#sSpan21466" value="abstract"/>
		<feat xlink:href="#sSpan21497" value="person"/>
		<feat xlink:href="#sSpan21508" value="abstract"/>
		<feat xlink:href="#sSpan21539" value="person"/>
		<feat xlink:href="#sSpan21554" value="abstract"/>
		<feat xlink:href="#sSpan21579" value="person"/>
		<feat xlink:href="#sSpan21599" value="abstract"/>
		<feat xlink:href="#sSpan21608" value="substance"/>
		<feat xlink:href="#sSpan21629" value="place"/>
		<feat xlink:href="#sSpan21639" value="abstract"/>
		<feat xlink:href="#sSpan21664" value="person"/>
		<feat xlink:href="#sSpan21686" value="place"/>
		<feat xlink:href="#sSpan21695" value="abstract"/>
		<feat xlink:href="#sSpan21759" value="place"/>
		<feat xlink:href="#sSpan21782" value="person"/>
		<feat xlink:href="#sSpan21792" value="abstract"/>
		<feat xlink:href="#sSpan21809" value="person"/>
		<feat xlink:href="#sSpan21840" value="abstract"/>
		<feat xlink:href="#sSpan21866" value="object"/>
		<feat xlink:href="#sSpan21879" value="place"/>
		<feat xlink:href="#sSpan21888" value="abstract"/>
		<feat xlink:href="#sSpan21919" value="abstract"/>
		<feat xlink:href="#sSpan21928" value="substance"/>
		<feat xlink:href="#sSpan21937" value="place"/>
		<feat xlink:href="#sSpan21993" value="abstract"/>
		<feat xlink:href="#sSpan22009" value="abstract"/>
		<feat xlink:href="#sSpan22025" value="place"/>
		<feat xlink:href="#sSpan22053" value="abstract"/>
		<feat xlink:href="#sSpan22062" value="abstract"/>
		<feat xlink:href="#sSpan22084" value="time"/>
		<feat xlink:href="#sSpan22113" value="person"/>
		<feat xlink:href="#sSpan22136" value="person"/>
		<feat xlink:href="#sSpan22149" value="place"/>
		<feat xlink:href="#sSpan22160" value="abstract"/>
		<feat xlink:href="#sSpan22175" value="abstract"/>
		<feat xlink:href="#sSpan22192" value="person"/>
		<feat xlink:href="#sSpan22208" value="abstract"/>
		<feat xlink:href="#sSpan22220" value="place"/>
		<feat xlink:href="#sSpan22230" value="abstract"/>
		<feat xlink:href="#sSpan22240" value="place"/>
		<feat xlink:href="#sSpan22256" value="abstract"/>
		<feat xlink:href="#sSpan22281" value="abstract"/>
		<feat xlink:href="#sSpan22292" value="place"/>
		<feat xlink:href="#sSpan22302" value="abstract"/>
		<feat xlink:href="#sSpan22351" value="time"/>
		<feat xlink:href="#sSpan22362" value="abstract"/>
		<feat xlink:href="#sSpan22408" value="place"/>
		<feat xlink:href="#sSpan22442" value="object"/>
		<feat xlink:href="#sSpan22471" value="abstract"/>
		<feat xlink:href="#sSpan22486" value="place"/>
		<feat xlink:href="#sSpan22505" value="abstract"/>
		<feat xlink:href="#sSpan22531" value="abstract"/>
		<feat xlink:href="#sSpan22557" value="abstract"/>
		<feat xlink:href="#sSpan22566" value="object"/>
		<feat xlink:href="#sSpan22576" value="abstract"/>
		<feat xlink:href="#sSpan22601" value="place"/>
		<feat xlink:href="#sSpan22624" value="abstract"/>
		<feat xlink:href="#sSpan22658" value="object"/>
		<feat xlink:href="#sSpan22677" value="time"/>
		<feat xlink:href="#sSpan22701" value="abstract"/>
		<feat xlink:href="#sSpan22735" value="abstract"/>
		<feat xlink:href="#sSpan22748" value="place"/>
		<feat xlink:href="#sSpan22804" value="person"/>
		<feat xlink:href="#sSpan22819" value="person"/>
		<feat xlink:href="#sSpan22852" value="abstract"/>
		<feat xlink:href="#sSpan22862" value="place"/>
		<feat xlink:href="#sSpan22914" value="person"/>
		<feat xlink:href="#sSpan22936" value="place"/>
		<feat xlink:href="#sSpan22973" value="abstract"/>
		<feat xlink:href="#sSpan23004" value="person"/>
		<feat xlink:href="#sSpan23036" value="person"/>
		<feat xlink:href="#sSpan23061" value="time"/>
		<feat xlink:href="#sSpan23077" value="time"/>
		<feat xlink:href="#sSpan23086" value="abstract"/>
		<feat xlink:href="#sSpan23096" value="abstract"/>
		<feat xlink:href="#sSpan23107" value="abstract"/>
		<feat xlink:href="#sSpan23131" value="abstract"/>
		<feat xlink:href="#sSpan23142" value="person"/>
		<feat xlink:href="#sSpan23152" value="time"/>
		<feat xlink:href="#sSpan23163" value="abstract"/>
		<feat xlink:href="#sSpan23185" value="abstract"/>
		<feat xlink:href="#sSpan23199" value="person"/>
		<feat xlink:href="#sSpan23221" value="person"/>
		<feat xlink:href="#sSpan23245" value="abstract"/>
		<feat xlink:href="#sSpan23267" value="person"/>
		<feat xlink:href="#sSpan23278" value="person"/>
		<feat xlink:href="#sSpan23289" value="time"/>
		<feat xlink:href="#sSpan23298" value="time"/>
		<feat xlink:href="#sSpan23307" value="abstract"/>
		<feat xlink:href="#sSpan23351" value="person"/>
		<feat xlink:href="#sSpan23397" value="person"/>
		<feat xlink:href="#sSpan23421" value="time"/>
		<feat xlink:href="#sSpan23440" value="abstract"/>
		<feat xlink:href="#sSpan23449" value="abstract"/>
		<feat xlink:href="#sSpan23468" value="abstract"/>
		<feat xlink:href="#sSpan23508" value="event"/>
		<feat xlink:href="#sSpan23525" value="abstract"/>
		<feat xlink:href="#sSpan23538" value="place"/>
		<feat xlink:href="#sSpan23551" value="animal"/>
		<feat xlink:href="#sSpan23560" value="person"/>
		<feat xlink:href="#sSpan23583" value="person"/>
		<feat xlink:href="#sSpan23618" value="person"/>
		<feat xlink:href="#sSpan23631" value="abstract"/>
		<feat xlink:href="#sSpan23662" value="abstract"/>
		<feat xlink:href="#sSpan23746" value="person"/>
		<feat xlink:href="#sSpan23784" value="abstract"/>
		<feat xlink:href="#sSpan23795" value="place"/>
		<feat xlink:href="#sSpan23886" value="person"/>
		<feat xlink:href="#sSpan23927" value="time"/>
		<feat xlink:href="#sSpan23947" value="abstract"/>
		<feat xlink:href="#sSpan23962" value="person"/>
		<feat xlink:href="#sSpan23995" value="time"/>
		<feat xlink:href="#sSpan24021" value="person"/>
		<feat xlink:href="#sSpan24041" value="time"/>
		<feat xlink:href="#sSpan24081" value="place"/>
		<feat xlink:href="#sSpan24099" value="person"/>
		<feat xlink:href="#sSpan24115" value="abstract"/>
		<feat xlink:href="#sSpan24140" value="abstract"/>
		<feat xlink:href="#sSpan24151" value="place"/>
		<feat xlink:href="#sSpan24162" value="person"/>
		<feat xlink:href="#sSpan24190" value="substance"/>
		<feat xlink:href="#sSpan24223" value="object"/>
		<feat xlink:href="#sSpan24255" value="abstract"/>
		<feat xlink:href="#sSpan24286" value="person"/>
		<feat xlink:href="#sSpan24306" value="abstract"/>
		<feat xlink:href="#sSpan24337" value="abstract"/>
		<feat xlink:href="#sSpan24381" value="object"/>
		<feat xlink:href="#sSpan24391" value="abstract"/>
		<feat xlink:href="#sSpan24400" value="person"/>
		<feat xlink:href="#sSpan24435" value="person"/>
		<feat xlink:href="#sSpan24452" value="person"/>
		<feat xlink:href="#sSpan24468" value="person"/>
		<feat xlink:href="#sSpan24486" value="abstract"/>
		<feat xlink:href="#sSpan24506" value="person"/>
		<feat xlink:href="#sSpan24530" value="abstract"/>
		<feat xlink:href="#sSpan24539" value="person"/>
		<feat xlink:href="#sSpan24559" value="abstract"/>
		<feat xlink:href="#sSpan24580" value="person"/>
		<feat xlink:href="#sSpan24596" value="plant"/>
		<feat xlink:href="#sSpan24609" value="abstract"/>
		<feat xlink:href="#sSpan24631" value="abstract"/>
		<feat xlink:href="#sSpan24668" value="abstract"/>
		<feat xlink:href="#sSpan24692" value="abstract"/>
		<feat xlink:href="#sSpan24699" value="abstract"/>
		<feat xlink:href="#sSpan24710" value="place"/>
		<feat xlink:href="#sSpan24726" value="abstract"/>
		<feat xlink:href="#sSpan24759" value="person"/>
		<feat xlink:href="#sSpan24782" value="animal"/>
		<feat xlink:href="#sSpan24797" value="time"/>
		<feat xlink:href="#sSpan24811" value="abstract"/>
		<feat xlink:href="#sSpan24820" value="animal"/>
		<feat xlink:href="#sSpan24839" value="animal"/>
		<feat xlink:href="#sSpan24842" value="animal"/>
		<feat xlink:href="#sSpan24874" value="abstract"/>
		<feat xlink:href="#sSpan24887" value="abstract"/>
		<feat xlink:href="#sSpan24896" value="time"/>
		<feat xlink:href="#sSpan24919" value="abstract"/>
		<feat xlink:href="#sSpan24937" value="abstract"/>
		<feat xlink:href="#sSpan24957" value="person"/>
		<feat xlink:href="#sSpan25050" value="time"/>
		<feat xlink:href="#sSpan25063" value="abstract"/>
		<feat xlink:href="#sSpan25103" value="abstract"/>
		<feat xlink:href="#sSpan25121" value="abstract"/>
		<feat xlink:href="#sSpan25137" value="abstract"/>
		<feat xlink:href="#sSpan25153" value="abstract"/>
		<feat xlink:href="#sSpan25179" value="abstract"/>
		<feat xlink:href="#sSpan25202" value="abstract"/>
		<feat xlink:href="#sSpan25220" value="abstract"/>
		<feat xlink:href="#sSpan25237" value="abstract"/>
		<feat xlink:href="#sSpan25246" value="abstract"/>
		<feat xlink:href="#sSpan25274" value="abstract"/>
		<feat xlink:href="#sSpan25284" value="object"/>
		<feat xlink:href="#sSpan25297" value="object"/>
		<feat xlink:href="#sSpan25331" value="abstract"/>
		<feat xlink:href="#sSpan25356" value="abstract"/>
		<feat xlink:href="#sSpan25366" value="abstract"/>
		<feat xlink:href="#sSpan25394" value="abstract"/>
		<feat xlink:href="#sSpan25404" value="abstract"/>
		<feat xlink:href="#sSpan25427" value="abstract"/>
		<feat xlink:href="#sSpan25449" value="object"/>
		<feat xlink:href="#sSpan25479" value="abstract"/>
		<feat xlink:href="#sSpan25482" value="abstract"/>
		<feat xlink:href="#sSpan25525" value="time"/>
		<feat xlink:href="#sSpan25535" value="abstract"/>
		<feat xlink:href="#sSpan25544" value="abstract"/>
		<feat xlink:href="#sSpan25553" value="animal"/>
		<feat xlink:href="#sSpan25564" value="abstract"/>
		<feat xlink:href="#sSpan25592" value="abstract"/>
		<feat xlink:href="#sSpan25601" value="abstract"/>
		<feat xlink:href="#sSpan25622" value="abstract"/>
		<feat xlink:href="#sSpan25642" value="event"/>
		<feat xlink:href="#sSpan25658" value="abstract"/>
		<feat xlink:href="#sSpan25667" value="abstract"/>
		<feat xlink:href="#sSpan25676" value="abstract"/>
		<feat xlink:href="#sSpan25699" value="abstract"/>
		<feat xlink:href="#sSpan25719" value="person"/>
		<feat xlink:href="#sSpan25730" value="abstract"/>
		<feat xlink:href="#sSpan25743" value="abstract"/>
		<feat xlink:href="#sSpan25754" value="abstract"/>
		<feat xlink:href="#sSpan25787" value="event"/>
		<feat xlink:href="#sSpan25821" value="object"/>
		<feat xlink:href="#sSpan25833" value="abstract"/>
		<feat xlink:href="#sSpan25880" value="abstract"/>
		<feat xlink:href="#sSpan25887" value="abstract"/>
		<feat xlink:href="#sSpan25914" value="person"/>
		<feat xlink:href="#sSpan25933" value="abstract"/>
		<feat xlink:href="#sSpan25936" value="abstract"/>
		<feat xlink:href="#sSpan25990" value="abstract"/>
		<feat xlink:href="#sSpan26028" value="abstract"/>
		<feat xlink:href="#sSpan26047" value="person"/>
		<feat xlink:href="#sSpan26073" value="time"/>
		<feat xlink:href="#sSpan26091" value="person"/>
		<feat xlink:href="#sSpan26104" value="person"/>
		<feat xlink:href="#sSpan26115" value="person"/>
		<feat xlink:href="#sSpan26148" value="abstract"/>
		<feat xlink:href="#sSpan26189" value="abstract"/>
		<feat xlink:href="#sSpan26213" value="abstract"/>
		<feat xlink:href="#sSpan26243" value="abstract"/>
		<feat xlink:href="#sSpan26257" value="abstract"/>
		<feat xlink:href="#sSpan26279" value="abstract"/>
		<feat xlink:href="#sSpan26322" value="abstract"/>
		<feat xlink:href="#sSpan26342" value="abstract"/>
		<feat xlink:href="#sSpan26364" value="object"/>
		<feat xlink:href="#sSpan26388" value="abstract"/>
		<feat xlink:href="#sSpan26397" value="abstract"/>
		<feat xlink:href="#sSpan26424" value="person"/>
		<feat xlink:href="#sSpan26429" value="abstract"/>
		<feat xlink:href="#sSpan26463" value="abstract"/>
		<feat xlink:href="#sSpan26483" value="abstract"/>
		<feat xlink:href="#sSpan26490" value="object"/>
		<feat xlink:href="#sSpan26510" value="abstract"/>
		<feat xlink:href="#sSpan26528" value="abstract"/>
		<feat xlink:href="#sSpan26552" value="abstract"/>
		<feat xlink:href="#sSpan26570" value="abstract"/>
		<feat xlink:href="#sSpan26579" value="event"/>
		<feat xlink:href="#sSpan26588" value="person"/>
		<feat xlink:href="#sSpan26597" value="object"/>
		<feat xlink:href="#sSpan26616" value="abstract"/>
		<feat xlink:href="#sSpan26628" value="abstract"/>
		<feat xlink:href="#sSpan26649" value="abstract"/>
		<feat xlink:href="#sSpan26669" value="person"/>
		<feat xlink:href="#sSpan26676" value="person"/>
		<feat xlink:href="#sSpan26689" value="abstract"/>
		<feat xlink:href="#sSpan26733" value="abstract"/>
		<feat xlink:href="#sSpan26743" value="object"/>
		<feat xlink:href="#sSpan26754" value="time"/>
		<feat xlink:href="#sSpan26786" value="abstract"/>
		<feat xlink:href="#sSpan26829" value="abstract"/>
		<feat xlink:href="#sSpan26839" value="object"/>
		<feat xlink:href="#sSpan26854" value="object"/>
		<feat xlink:href="#sSpan26914" value="abstract"/>
		<feat xlink:href="#sSpan26937" value="time"/>
		<feat xlink:href="#sSpan26962" value="abstract"/>
		<feat xlink:href="#sSpan26975" value="abstract"/>
		<feat xlink:href="#sSpan27007" value="person"/>
		<feat xlink:href="#sSpan27021" value="abstract"/>
		<feat xlink:href="#sSpan27035" value="object"/>
		<feat xlink:href="#sSpan27062" value="object"/>
		<feat xlink:href="#sSpan27078" value="person"/>
		<feat xlink:href="#sSpan27090" value="abstract"/>
		<feat xlink:href="#sSpan27106" value="abstract"/>
		<feat xlink:href="#sSpan27116" value="person"/>
		<feat xlink:href="#sSpan27154" value="abstract"/>
		<feat xlink:href="#sSpan27188" value="object"/>
		<feat xlink:href="#sSpan27197" value="object"/>
		<feat xlink:href="#sSpan27212" value="person"/>
		<feat xlink:href="#sSpan27238" value="abstract"/>
		<feat xlink:href="#sSpan27277" value="place"/>
		<feat xlink:href="#sSpan27297" value="object"/>
		<feat xlink:href="#sSpan27324" value="abstract"/>
		<feat xlink:href="#sSpan27342" value="person"/>
		<feat xlink:href="#sSpan27353" value="abstract"/>
		<feat xlink:href="#sSpan27362" value="substance"/>
		<feat xlink:href="#sSpan27386" value="abstract"/>
		<feat xlink:href="#sSpan27427" value="time"/>
		<feat xlink:href="#sSpan27436" value="abstract"/>
		<feat xlink:href="#sSpan27467" value="person"/>
		<feat xlink:href="#sSpan27482" value="abstract"/>
		<feat xlink:href="#sSpan27491" value="person"/>
		<feat xlink:href="#sSpan27526" value="abstract"/>
		<feat xlink:href="#sSpan27540" value="time"/>
		<feat xlink:href="#sSpan27555" value="abstract"/>
		<feat xlink:href="#sSpan27568" value="event"/>
		<feat xlink:href="#sSpan27581" value="time"/>
		<feat xlink:href="#sSpan27611" value="abstract"/>
		<feat xlink:href="#sSpan27620" value="abstract"/>
		<feat xlink:href="#sSpan27647" value="abstract"/>
		<feat xlink:href="#sSpan27668" value="abstract"/>
		<feat xlink:href="#sSpan27678" value="abstract"/>
		<feat xlink:href="#sSpan27691" value="abstract"/>
		<feat xlink:href="#sSpan27704" value="abstract"/>
		<feat xlink:href="#sSpan27747" value="abstract"/>
		<feat xlink:href="#sSpan27767" value="abstract"/>
		<feat xlink:href="#sSpan27782" value="abstract"/>
		<feat xlink:href="#sSpan27801" value="abstract"/>
		<feat xlink:href="#sSpan27828" value="abstract"/>
		<feat xlink:href="#sSpan27838" value="abstract"/>
		<feat xlink:href="#sSpan27854" value="abstract"/>
		<feat xlink:href="#sSpan27865" value="abstract"/>
		<feat xlink:href="#sSpan27872" value="abstract"/>
		<feat xlink:href="#sSpan27889" value="person"/>
		<feat xlink:href="#sSpan27904" value="abstract"/>
		<feat xlink:href="#sSpan27922" value="plant"/>
		<feat xlink:href="#sSpan27956" value="abstract"/>
		<feat xlink:href="#sSpan27974" value="abstract"/>
		<feat xlink:href="#sSpan28007" value="organization"/>
		<feat xlink:href="#sSpan28027" value="place"/>
		<feat xlink:href="#sSpan28047" value="person"/>
		<feat xlink:href="#sSpan28076" value="place"/>
		<feat xlink:href="#sSpan28093" value="abstract"/>
		<feat xlink:href="#sSpan28112" value="abstract"/>
		<feat xlink:href="#sSpan28121" value="person"/>
		<feat xlink:href="#sSpan28146" value="abstract"/>
		<feat xlink:href="#sSpan28167" value="person"/>
		<feat xlink:href="#sSpan28184" value="organization"/>
		<feat xlink:href="#sSpan28194" value="person"/>
		<feat xlink:href="#sSpan28269" value="abstract"/>
		<feat xlink:href="#sSpan28288" value="abstract"/>
		<feat xlink:href="#sSpan28322" value="abstract"/>
		<feat xlink:href="#sSpan28331" value="abstract"/>
		<feat xlink:href="#sSpan28341" value="event"/>
		<feat xlink:href="#sSpan28372" value="time"/>
		<feat xlink:href="#sSpan28383" value="abstract"/>
		<feat xlink:href="#sSpan28399" value="abstract"/>
		<feat xlink:href="#sSpan28443" value="abstract"/>
		<feat xlink:href="#sSpan28471" value="person"/>
		<feat xlink:href="#sSpan28483" value="person"/>
		<feat xlink:href="#sSpan28492" value="abstract"/>
		<feat xlink:href="#sSpan28523" value="time"/>
		<feat xlink:href="#sSpan28534" value="time"/>
		<feat xlink:href="#sSpan28632" value="person"/></featList></paula>