<?xml version='1.0' encoding='UTF-8'?><!DOCTYPE paula SYSTEM "paula_feat.dtd">
<paula version="1.1">
	<header paula_id="scriptorium.penitence.02.mark_pb_xml_id"/>
	<featList xmlns:xlink="http://www.w3.org/1999/xlink" type="pb_xml_id" xml:base="scriptorium.penitence.02.mark.xml">
		<feat xlink:href="#sSpan10" value="CMCL.AW255"/>
		<feat xlink:href="#sSpan218" value="CMCL.AW256"/>
		<feat xlink:href="#sSpan705" value="CMCL.AW257"/>
		<feat xlink:href="#sSpan1162" value="CMCL.AW258"/>
		<feat xlink:href="#sSpan1647" value="CMCL.AW259"/>
		<feat xlink:href="#sSpan2146" value="CMCL.AW260"/>
		<feat xlink:href="#sSpan2679" value="CMCL.AW261"/>
		<feat xlink:href="#sSpan3207" value="CMCL.AW262"/>
		<feat xlink:href="#sSpan3637" value="CMCL.AW263"/>
		<feat xlink:href="#sSpan4089" value="CMCL.AW264"/>
		<feat xlink:href="#sSpan4613" value="CMCL.AW265"/>
		<feat xlink:href="#sSpan5108" value="CMCL.AW266"/>
		<feat xlink:href="#sSpan5618" value="CMCL.AW267"/>
		<feat xlink:href="#sSpan6001" value="CMCL.AW268"/>
		<feat xlink:href="#sSpan6478" value="CMCL.AW269"/>
		<feat xlink:href="#sSpan6944" value="CMCL.AW270"/>
		<feat xlink:href="#sSpan7406" value="CMCL.AW271"/>
		<feat xlink:href="#sSpan7917" value="CMCL.AW272"/>
		<feat xlink:href="#sSpan8395" value="CMCL.AW273"/>
		<feat xlink:href="#sSpan8846" value="CMCL.AW273.b"/>
		<feat xlink:href="#sSpan9302" value="CMCL.AW274"/>
		<feat xlink:href="#sSpan9740" value="CMCL.AW275"/>
		<feat xlink:href="#sSpan10239" value="CMCL.AW277"/>
		<feat xlink:href="#sSpan10768" value="CMCL.AW278"/>
		<feat xlink:href="#sSpan11265" value="CMCL.AW279"/>
		<feat xlink:href="#sSpan11811" value="CMCL.AW280"/>
		<feat xlink:href="#sSpan12285" value="CMCL.AW281"/>
		<feat xlink:href="#sSpan12724" value="CMCL.AW282"/>
		<feat xlink:href="#sSpan13275" value="CMCL.AW283"/>
		<feat xlink:href="#sSpan13708" value="CMCL.AW283.b"/>
		<feat xlink:href="#sSpan14247" value="CMCL.AW284"/>
		<feat xlink:href="#sSpan14747" value="CMCL.AW285"/>
		<feat xlink:href="#sSpan15254" value="CMCL.AW286"/>
		<feat xlink:href="#sSpan15746" value="CMCL.AW287"/>
		<feat xlink:href="#sSpan16231" value="CMCL.AW288"/>
		<feat xlink:href="#sSpan16750" value="CMCL.AW289"/>
		<feat xlink:href="#sSpan17269" value="CMCL.AW291"/>
		<feat xlink:href="#sSpan17791" value="CMCL.AW292"/>
		<feat xlink:href="#sSpan18329" value="CMCL.AW293"/>
		<feat xlink:href="#sSpan18796" value="CMCL.AW294"/>
		<feat xlink:href="#sSpan19252" value="CMCL.AW295"/>
		<feat xlink:href="#sSpan19762" value="CMCL.AW296"/>
		<feat xlink:href="#sSpan20249" value="CMCL.AW297"/>
		<feat xlink:href="#sSpan20779" value="CMCL.AW298"/>
		<feat xlink:href="#sSpan21271" value="CMCL.AW299"/>
		<feat xlink:href="#sSpan21667" value="CMCL.AW300"/>
		<feat xlink:href="#sSpan22117" value="CMCL.AW301"/>
		<feat xlink:href="#sSpan22589" value="CMCL.AW302"/>
		<feat xlink:href="#sSpan23064" value="CMCL.AW303"/>
		<feat xlink:href="#sSpan23498" value="CMCL.AW304"/>
		<feat xlink:href="#sSpan24038" value="CMCL.AW305"/>
		<feat xlink:href="#sSpan24510" value="CMCL.AW307"/>
		<feat xlink:href="#sSpan24987" value="CMCL.AW308"/>
		<feat xlink:href="#sSpan25476" value="CMCL.AW308.b"/>
		<feat xlink:href="#sSpan25959" value="CMCL.AW309"/>
		<feat xlink:href="#sSpan26466" value="CMCL.AW310"/>
		<feat xlink:href="#sSpan26994" value="CMCL.AW311"/>
		<feat xlink:href="#sSpan27496" value="CMCL.AW312"/>
		<feat xlink:href="#sSpan28025" value="CMCL.AW313"/>
		<feat xlink:href="#sSpan28515" value="CMCL.AW314"/></featList></paula>