<?xml version='1.0' encoding='UTF-8'?><!DOCTYPE paula SYSTEM "paula_feat.dtd">
<paula version="1.1">
	<header paula_id="scriptorium.penitence.02.mark_verse_n"/>
	<featList xmlns:xlink="http://www.w3.org/1999/xlink" type="verse_n" xml:base="scriptorium.penitence.02.mark.xml">
		<feat xlink:href="#sSpan8" value="1"/>
		<feat xlink:href="#sSpan90" value="2"/>
		<feat xlink:href="#sSpan156" value="3"/>
		<feat xlink:href="#sSpan374" value="4"/>
		<feat xlink:href="#sSpan456" value="1"/>
		<feat xlink:href="#sSpan518" value="2"/>
		<feat xlink:href="#sSpan630" value="1"/>
		<feat xlink:href="#sSpan737" value="2"/>
		<feat xlink:href="#sSpan817" value="3"/>
		<feat xlink:href="#sSpan872" value="1"/>
		<feat xlink:href="#sSpan934" value="2"/>
		<feat xlink:href="#sSpan1119" value="1"/>
		<feat xlink:href="#sSpan1306" value="2"/>
		<feat xlink:href="#sSpan1350" value="1"/>
		<feat xlink:href="#sSpan1476" value="1"/>
		<feat xlink:href="#sSpan1580" value="2"/>
		<feat xlink:href="#sSpan1626" value="3"/>
		<feat xlink:href="#sSpan1703" value="4"/>
		<feat xlink:href="#sSpan1863" value="1"/>
		<feat xlink:href="#sSpan1930" value="2"/>
		<feat xlink:href="#sSpan1987" value="3"/>
		<feat xlink:href="#sSpan2050" value="4"/>
		<feat xlink:href="#sSpan2141" value="1"/>
		<feat xlink:href="#sSpan2256" value="2"/>
		<feat xlink:href="#sSpan2361" value="3"/>
		<feat xlink:href="#sSpan2456" value="4"/>
		<feat xlink:href="#sSpan2548" value="1"/>
		<feat xlink:href="#sSpan2594" value="2"/>
		<feat xlink:href="#sSpan2786" value="1"/>
		<feat xlink:href="#sSpan2937" value="2"/>
		<feat xlink:href="#sSpan3119" value="1"/>
		<feat xlink:href="#sSpan3158" value="2"/>
		<feat xlink:href="#sSpan3216" value="3"/>
		<feat xlink:href="#sSpan3406" value="1"/>
		<feat xlink:href="#sSpan3481" value="1"/>
		<feat xlink:href="#sSpan3560" value="1"/>
		<feat xlink:href="#sSpan3613" value="2"/>
		<feat xlink:href="#sSpan3669" value="3"/>
		<feat xlink:href="#sSpan3735" value="4"/>
		<feat xlink:href="#sSpan3824" value="5"/>
		<feat xlink:href="#sSpan3913" value="6"/>
		<feat xlink:href="#sSpan4088" value="1"/>
		<feat xlink:href="#sSpan4216" value="2"/>
		<feat xlink:href="#sSpan4357" value="1"/>
		<feat xlink:href="#sSpan4445" value="2"/>
		<feat xlink:href="#sSpan4573" value="1"/>
		<feat xlink:href="#sSpan4661" value="2"/>
		<feat xlink:href="#sSpan4743" value="1"/>
		<feat xlink:href="#sSpan4796" value="2"/>
		<feat xlink:href="#sSpan4895" value="3"/>
		<feat xlink:href="#sSpan5026" value="1"/>
		<feat xlink:href="#sSpan5145" value="1"/>
		<feat xlink:href="#sSpan5255" value="2"/>
		<feat xlink:href="#sSpan5325" value="1"/>
		<feat xlink:href="#sSpan5411" value="2"/>
		<feat xlink:href="#sSpan5459" value="3"/>
		<feat xlink:href="#sSpan5501" value="1"/>
		<feat xlink:href="#sSpan5595" value="2"/>
		<feat xlink:href="#sSpan5714" value="3"/>
		<feat xlink:href="#sSpan5765" value="1"/>
		<feat xlink:href="#sSpan5842" value="2"/>
		<feat xlink:href="#sSpan5913" value="1"/>
		<feat xlink:href="#sSpan6065" value="2"/>
		<feat xlink:href="#sSpan6210" value="1"/>
		<feat xlink:href="#sSpan6309" value="2"/>
		<feat xlink:href="#sSpan6439" value="1"/>
		<feat xlink:href="#sSpan6530" value="2"/>
		<feat xlink:href="#sSpan6628" value="1"/>
		<feat xlink:href="#sSpan6673" value="2"/>
		<feat xlink:href="#sSpan6780" value="3"/>
		<feat xlink:href="#sSpan6906" value="1"/>
		<feat xlink:href="#sSpan6965" value="2"/>
		<feat xlink:href="#sSpan7041" value="3"/>
		<feat xlink:href="#sSpan7097" value="4"/>
		<feat xlink:href="#sSpan7158" value="1"/>
		<feat xlink:href="#sSpan7207" value="2"/>
		<feat xlink:href="#sSpan7251" value="1"/>
		<feat xlink:href="#sSpan7306" value="2"/>
		<feat xlink:href="#sSpan7362" value="3"/>
		<feat xlink:href="#sSpan7425" value="4"/>
		<feat xlink:href="#sSpan7513" value="5"/>
		<feat xlink:href="#sSpan7598" value="1"/>
		<feat xlink:href="#sSpan7707" value="1"/>
		<feat xlink:href="#sSpan7756" value="2"/>
		<feat xlink:href="#sSpan7908" value="3"/>
		<feat xlink:href="#sSpan8029" value="1"/>
		<feat xlink:href="#sSpan8119" value="2"/>
		<feat xlink:href="#sSpan8189" value="3"/>
		<feat xlink:href="#sSpan8275" value="1"/>
		<feat xlink:href="#sSpan8350" value="2"/>
		<feat xlink:href="#sSpan8420" value="3"/>
		<feat xlink:href="#sSpan8520" value="4"/>
		<feat xlink:href="#sSpan8580" value="1"/>
		<feat xlink:href="#sSpan8663" value="2"/>
		<feat xlink:href="#sSpan8800" value="1"/>
		<feat xlink:href="#sSpan8941" value="1"/>
		<feat xlink:href="#sSpan9043" value="2"/>
		<feat xlink:href="#sSpan9168" value="3"/>
		<feat xlink:href="#sSpan9261" value="1"/>
		<feat xlink:href="#sSpan9329" value="2"/>
		<feat xlink:href="#sSpan9437" value="1"/>
		<feat xlink:href="#sSpan9484" value="2"/>
		<feat xlink:href="#sSpan9549" value="3"/>
		<feat xlink:href="#sSpan9625" value="4"/>
		<feat xlink:href="#sSpan9703" value="1"/>
		<feat xlink:href="#sSpan9795" value="2"/>
		<feat xlink:href="#sSpan9846" value="3"/>
		<feat xlink:href="#sSpan9894" value="4"/>
		<feat xlink:href="#sSpan9976" value="1"/>
		<feat xlink:href="#sSpan10015" value="2"/>
		<feat xlink:href="#sSpan10072" value="1"/>
		<feat xlink:href="#sSpan10157" value="2"/>
		<feat xlink:href="#sSpan10233" value="1"/>
		<feat xlink:href="#sSpan10321" value="2"/>
		<feat xlink:href="#sSpan10372" value="1"/>
		<feat xlink:href="#sSpan10466" value="1"/>
		<feat xlink:href="#sSpan10545" value="2"/>
		<feat xlink:href="#sSpan10683" value="1"/>
		<feat xlink:href="#sSpan10736" value="2"/>
		<feat xlink:href="#sSpan10786" value="3"/>
		<feat xlink:href="#sSpan10860" value="1"/>
		<feat xlink:href="#sSpan10908" value="2"/>
		<feat xlink:href="#sSpan10988" value="3"/>
		<feat xlink:href="#sSpan11112" value="4"/>
		<feat xlink:href="#sSpan11186" value="1"/>
		<feat xlink:href="#sSpan11321" value="2"/>
		<feat xlink:href="#sSpan11422" value="1"/>
		<feat xlink:href="#sSpan11615" value="2"/>
		<feat xlink:href="#sSpan11673" value="1"/>
		<feat xlink:href="#sSpan11764" value="1"/>
		<feat xlink:href="#sSpan11868" value="2"/>
		<feat xlink:href="#sSpan11945" value="1"/>
		<feat xlink:href="#sSpan12021" value="2"/>
		<feat xlink:href="#sSpan12070" value="3"/>
		<feat xlink:href="#sSpan12145" value="4"/>
		<feat xlink:href="#sSpan12249" value="1"/>
		<feat xlink:href="#sSpan12303" value="2"/>
		<feat xlink:href="#sSpan12354" value="3"/>
		<feat xlink:href="#sSpan12456" value="1"/>
		<feat xlink:href="#sSpan12643" value="1"/>
		<feat xlink:href="#sSpan12719" value="2"/>
		<feat xlink:href="#sSpan12891" value="3"/>
		<feat xlink:href="#sSpan12999" value="1"/>
		<feat xlink:href="#sSpan13047" value="2"/>
		<feat xlink:href="#sSpan13233" value="1"/>
		<feat xlink:href="#sSpan13396" value="2"/>
		<feat xlink:href="#sSpan13474" value="1"/>
		<feat xlink:href="#sSpan13527" value="2"/>
		<feat xlink:href="#sSpan13595" value="1"/>
		<feat xlink:href="#sSpan13699" value="2"/>
		<feat xlink:href="#sSpan13770" value="3"/>
		<feat xlink:href="#sSpan13822" value="1"/>
		<feat xlink:href="#sSpan14000" value="2"/>
		<feat xlink:href="#sSpan14067" value="3"/>
		<feat xlink:href="#sSpan14161" value="1"/>
		<feat xlink:href="#sSpan14243" value="1"/>
		<feat xlink:href="#sSpan14320" value="2"/>
		<feat xlink:href="#sSpan14456" value="1"/>
		<feat xlink:href="#sSpan14514" value="2"/>
		<feat xlink:href="#sSpan14563" value="3"/>
		<feat xlink:href="#sSpan14664" value="1"/>
		<feat xlink:href="#sSpan14759" value="2"/>
		<feat xlink:href="#sSpan14830" value="1"/>
		<feat xlink:href="#sSpan14995" value="2"/>
		<feat xlink:href="#sSpan15047" value="3"/>
		<feat xlink:href="#sSpan15110" value="4"/>
		<feat xlink:href="#sSpan15211" value="1"/>
		<feat xlink:href="#sSpan15363" value="2"/>
		<feat xlink:href="#sSpan15453" value="1"/>
		<feat xlink:href="#sSpan15558" value="2"/>
		<feat xlink:href="#sSpan15660" value="1"/>
		<feat xlink:href="#sSpan15788" value="2"/>
		<feat xlink:href="#sSpan15885" value="1"/>
		<feat xlink:href="#sSpan15960" value="2"/>
		<feat xlink:href="#sSpan16051" value="3"/>
		<feat xlink:href="#sSpan16139" value="4"/>
		<feat xlink:href="#sSpan16228" value="1"/>
		<feat xlink:href="#sSpan16273" value="2"/>
		<feat xlink:href="#sSpan16329" value="1"/>
		<feat xlink:href="#sSpan16434" value="2"/>
		<feat xlink:href="#sSpan16516" value="3"/>
		<feat xlink:href="#sSpan16596" value="4"/>
		<feat xlink:href="#sSpan16666" value="1"/>
		<feat xlink:href="#sSpan16734" value="2"/>
		<feat xlink:href="#sSpan16805" value="3"/>
		<feat xlink:href="#sSpan16864" value="1"/>
		<feat xlink:href="#sSpan16932" value="2"/>
		<feat xlink:href="#sSpan16976" value="3"/>
		<feat xlink:href="#sSpan17040" value="4"/>
		<feat xlink:href="#sSpan17105" value="1"/>
		<feat xlink:href="#sSpan17161" value="2"/>
		<feat xlink:href="#sSpan17261" value="3"/>
		<feat xlink:href="#sSpan17323" value="4"/>
		<feat xlink:href="#sSpan17528" value="5"/>
		<feat xlink:href="#sSpan17627" value="1"/>
		<feat xlink:href="#sSpan17707" value="1"/>
		<feat xlink:href="#sSpan17779" value="2"/>
		<feat xlink:href="#sSpan17836" value="3"/>
		<feat xlink:href="#sSpan17938" value="4"/>
		<feat xlink:href="#sSpan18026" value="1"/>
		<feat xlink:href="#sSpan18107" value="2"/>
		<feat xlink:href="#sSpan18200" value="1"/>
		<feat xlink:href="#sSpan18349" value="2"/>
		<feat xlink:href="#sSpan18431" value="1"/>
		<feat xlink:href="#sSpan18579" value="2"/>
		<feat xlink:href="#sSpan18630" value="3"/>
		<feat xlink:href="#sSpan18724" value="1"/>
		<feat xlink:href="#sSpan18770" value="2"/>
		<feat xlink:href="#sSpan18810" value="3"/>
		<feat xlink:href="#sSpan18904" value="1"/>
		<feat xlink:href="#sSpan18956" value="2"/>
		<feat xlink:href="#sSpan19002" value="3"/>
		<feat xlink:href="#sSpan19132" value="4"/>
		<feat xlink:href="#sSpan19190" value="5"/>
		<feat xlink:href="#sSpan19220" value="1"/>
		<feat xlink:href="#sSpan19287" value="2"/>
		<feat xlink:href="#sSpan19365" value="1"/>
		<feat xlink:href="#sSpan19410" value="2"/>
		<feat xlink:href="#sSpan19458" value="3"/>
		<feat xlink:href="#sSpan19592" value="1"/>
		<feat xlink:href="#sSpan19630" value="2"/>
		<feat xlink:href="#sSpan19707" value="3"/>
		<feat xlink:href="#sSpan19871" value="4"/>
		<feat xlink:href="#sSpan20082" value="1"/>
		<feat xlink:href="#sSpan20162" value="2"/>
		<feat xlink:href="#sSpan20249" value="1"/>
		<feat xlink:href="#sSpan20301" value="2"/>
		<feat xlink:href="#sSpan20349" value="3"/>
		<feat xlink:href="#sSpan20420" value="1"/>
		<feat xlink:href="#sSpan20479" value="2"/>
		<feat xlink:href="#sSpan20564" value="3"/>
		<feat xlink:href="#sSpan20595" value="4"/>
		<feat xlink:href="#sSpan20672" value="5"/>
		<feat xlink:href="#sSpan20698" value="1"/>
		<feat xlink:href="#sSpan20770" value="2"/>
		<feat xlink:href="#sSpan20853" value="3"/>
		<feat xlink:href="#sSpan20999" value="1"/>
		<feat xlink:href="#sSpan21134" value="1"/>
		<feat xlink:href="#sSpan21193" value="1"/>
		<feat xlink:href="#sSpan21365" value="1"/>
		<feat xlink:href="#sSpan21469" value="2"/>
		<feat xlink:href="#sSpan21521" value="1"/>
		<feat xlink:href="#sSpan21651" value="2"/>
		<feat xlink:href="#sSpan21723" value="3"/>
		<feat xlink:href="#sSpan21853" value="1"/>
		<feat xlink:href="#sSpan21966" value="2"/>
		<feat xlink:href="#sSpan22038" value="1"/>
		<feat xlink:href="#sSpan22252" value="2"/>
		<feat xlink:href="#sSpan22376" value="1"/>
		<feat xlink:href="#sSpan22545" value="1"/>
		<feat xlink:href="#sSpan22638" value="2"/>
		<feat xlink:href="#sSpan22715" value="1"/>
		<feat xlink:href="#sSpan22791" value="2"/>
		<feat xlink:href="#sSpan22891" value="3"/>
		<feat xlink:href="#sSpan22987" value="1"/>
		<feat xlink:href="#sSpan23110" value="2"/>
		<feat xlink:href="#sSpan23176" value="1"/>
		<feat xlink:href="#sSpan23318" value="2"/>
		<feat xlink:href="#sSpan23372" value="1"/>
		<feat xlink:href="#sSpan23494" value="1"/>
		<feat xlink:href="#sSpan23597" value="2"/>
		<feat xlink:href="#sSpan23711" value="1"/>
		<feat xlink:href="#sSpan23807" value="2"/>
		<feat xlink:href="#sSpan23868" value="1"/>
		<feat xlink:href="#sSpan23963" value="2"/>
		<feat xlink:href="#sSpan24008" value="3"/>
		<feat xlink:href="#sSpan24093" value="4"/>
		<feat xlink:href="#sSpan24165" value="5"/>
		<feat xlink:href="#sSpan24237" value="1"/>
		<feat xlink:href="#sSpan24415" value="1"/>
		<feat xlink:href="#sSpan24570" value="2"/>
		<feat xlink:href="#sSpan24722" value="3"/>
		<feat xlink:href="#sSpan24764" value="1"/>
		<feat xlink:href="#sSpan24869" value="1"/>
		<feat xlink:href="#sSpan25004" value="2"/>
		<feat xlink:href="#sSpan25076" value="1"/>
		<feat xlink:href="#sSpan25149" value="2"/>
		<feat xlink:href="#sSpan25257" value="3"/>
		<feat xlink:href="#sSpan25332" value="4"/>
		<feat xlink:href="#sSpan25472" value="1"/>
		<feat xlink:href="#sSpan25573" value="2"/>
		<feat xlink:href="#sSpan25654" value="3"/>
		<feat xlink:href="#sSpan25703" value="1"/>
		<feat xlink:href="#sSpan25813" value="2"/>
		<feat xlink:href="#sSpan25929" value="3"/>
		<feat xlink:href="#sSpan25971" value="4"/>
		<feat xlink:href="#sSpan26094" value="5"/>
		<feat xlink:href="#sSpan26158" value="1"/>
		<feat xlink:href="#sSpan26198" value="2"/>
		<feat xlink:href="#sSpan26294" value="1"/>
		<feat xlink:href="#sSpan26408" value="2"/>
		<feat xlink:href="#sSpan26457" value="3"/>
		<feat xlink:href="#sSpan26504" value="4"/>
		<feat xlink:href="#sSpan26546" value="5"/>
		<feat xlink:href="#sSpan26608" value="6"/>
		<feat xlink:href="#sSpan26704" value="1"/>
		<feat xlink:href="#sSpan26799" value="2"/>
		<feat xlink:href="#sSpan26850" value="3"/>
		<feat xlink:href="#sSpan26906" value="4"/>
		<feat xlink:href="#sSpan26989" value="1"/>
		<feat xlink:href="#sSpan27073" value="2"/>
		<feat xlink:href="#sSpan27127" value="3"/>
		<feat xlink:href="#sSpan27169" value="1"/>
		<feat xlink:href="#sSpan27224" value="2"/>
		<feat xlink:href="#sSpan27289" value="3"/>
		<feat xlink:href="#sSpan27406" value="1"/>
		<feat xlink:href="#sSpan27501" value="2"/>
		<feat xlink:href="#sSpan27601" value="1"/>
		<feat xlink:href="#sSpan27632" value="2"/>
		<feat xlink:href="#sSpan27734" value="3"/>
		<feat xlink:href="#sSpan27820" value="4"/>
		<feat xlink:href="#sSpan27885" value="5"/>
		<feat xlink:href="#sSpan27987" value="1"/>
		<feat xlink:href="#sSpan28104" value="2"/>
		<feat xlink:href="#sSpan28159" value="3"/>
		<feat xlink:href="#sSpan28254" value="1"/>
		<feat xlink:href="#sSpan28355" value="1"/>
		<feat xlink:href="#sSpan28634" value="2"/></featList></paula>