<?xml version='1.0' encoding='UTF-8'?><!DOCTYPE paula SYSTEM "paula_feat.dtd">
<paula version="1.1">
	<header paula_id="scriptorium.shenoute.those.GF268-270.mark_lemma"/>
	<featList xmlns:xlink="http://www.w3.org/1999/xlink" type="lemma" xml:base="scriptorium.shenoute.those.GF268-270.mark.xml">
		<feat xlink:href="#sSpan2" value="ⲉⲣⲉ"/>
		<feat xlink:href="#sSpan14" value="ⲁ"/>
		<feat xlink:href="#sSpan16" value="ⲛⲧⲟⲟⲩ"/>
		<feat xlink:href="#sSpan18" value="ϫⲱ"/>
		<feat xlink:href="#sSpan20" value="ⲡⲁⲓ"/>
		<feat xlink:href="#sSpan24" value="ⲅⲁⲣ"/>
		<feat xlink:href="#sSpan28" value="ⲉⲃⲟⲗ"/>
		<feat xlink:href="#sSpan33" value="ϫⲉ"/>
		<feat xlink:href="#sSpan38" value="ⲁ"/>
		<feat xlink:href="#sSpan40" value="ⲛⲧⲟⲟⲩ"/>
		<feat xlink:href="#sSpan42" value="ⲥⲱⲧⲙ"/>
		<feat xlink:href="#sSpan44" value="ϩⲛ"/>
		<feat xlink:href="#sSpan48" value="ⲡ"/>
		<feat xlink:href="#sSpan54" value="ⲅⲉⲛⲉⲥⲓⲥ"/>
		<feat xlink:href="#sSpan56" value="ϫⲉ"/>
		<feat xlink:href="#sSpan62" value="ⲁⲇⲁⲙ"/>
		<feat xlink:href="#sSpan66" value="ⲉⲣⲉ"/>
		<feat xlink:href="#sSpan70" value="ⲛⲧⲟⲕ"/>
		<feat xlink:href="#sSpan72" value="ⲧⲱⲛ"/>
		<feat xlink:href="#sSpan74" value="·"/>
		<feat xlink:href="#sSpan78" value="ⲛⲧⲉ"/>
		<feat xlink:href="#sSpan85" value="ⲛⲧⲟⲟⲩ"/>
		<feat xlink:href="#sSpan87" value="ⲥⲟⲟⲩⲛ"/>
		<feat xlink:href="#sSpan89" value="ⲁⲛ"/>
		<feat xlink:href="#sSpan93" value="ϫⲉ"/>
		<feat xlink:href="#sSpan97" value="ⲟⲩⲛ"/>
		<feat xlink:href="#sSpan100" value="ⲟⲩ"/>
		<feat xlink:href="#sSpan104" value="ϭⲓⲛϣⲓⲛⲉ"/>
		<feat xlink:href="#sSpan108" value="ⲛ"/>
		<feat xlink:href="#sSpan112" value="ⲛⲧⲟⲥ"/>
		<feat xlink:href="#sSpan114" value="ϣⲱⲡⲉ"/>
		<feat xlink:href="#sSpan116" value="ⲁⲛ"/>
		<feat xlink:href="#sSpan121" value="ⲉⲧⲃⲉ"/>
		<feat xlink:href="#sSpan125" value="ⲡ"/>
		<feat xlink:href="#sSpan128" value="ϩⲱⲃ"/>
		<feat xlink:href="#sSpan130" value="ⲉⲧⲉⲣⲉ"/>
		<feat xlink:href="#sSpan135" value="ϩⲱⲡ"/>
		<feat xlink:href="#sSpan137" value="·"/>
		<feat xlink:href="#sSpan142" value="ⲁⲗⲗⲁ"/>
		<feat xlink:href="#sSpan146" value="ⲉⲧⲃⲉ"/>
		<feat xlink:href="#sSpan151" value="ⲡ"/>
		<feat xlink:href="#sSpan154" value="ϩⲱⲃ"/>
		<feat xlink:href="#sSpan156" value="ⲉⲧⲉⲣⲉ"/>
		<feat xlink:href="#sSpan161" value="ⲟⲩⲱⲛϩ"/>
		<feat xlink:href="#sSpan163" value="ⲉⲃⲟⲗ"/>
		<feat xlink:href="#sSpan167" value="ⲙⲛ"/>
		<feat xlink:href="#sSpan172" value="ⲡ"/>
		<feat xlink:href="#sSpan175" value="ⲉⲧⲉⲣⲉ"/>
		<feat xlink:href="#sSpan177" value="ⲛⲧⲟⲟⲩ"/>
		<feat xlink:href="#sSpan179" value="ⲥⲟⲟⲩⲛ"/>
		<feat xlink:href="#sSpan181" value="ⲛ"/>
		<feat xlink:href="#sSpan186" value="ⲛⲧⲟⲟⲩ"/>
		<feat xlink:href="#sSpan188" value="·"/>
		<feat xlink:href="#sSpan193" value="ⲛ"/>
		<feat xlink:href="#sSpan198" value="ⲡ"/>
		<feat xlink:href="#sSpan200" value="ϩⲉ"/>
		<feat xlink:href="#sSpan202" value="ⲉⲧⲉⲣⲉ"/>
		<feat xlink:href="#sSpan206" value="ⲁ"/>
		<feat xlink:href="#sSpan208" value="ⲡ"/>
		<feat xlink:href="#sSpan211" value="ⲛⲟⲩⲧⲉ"/>
		<feat xlink:href="#sSpan213" value="ϫⲛⲟⲩ"/>
		<feat xlink:href="#sSpan220" value="ⲙⲱⲩⲥⲏⲥ"/>
		<feat xlink:href="#sSpan223" value="ϫⲉ"/>
		<feat xlink:href="#sSpan228" value="ⲟⲩ"/>
		<feat xlink:href="#sSpan230" value="ⲡⲉ"/>
		<feat xlink:href="#sSpan234" value="ⲡⲁⲓ"/>
		<feat xlink:href="#sSpan239" value="ⲉⲧⲉⲣⲉ"/>
		<feat xlink:href="#sSpan243" value="ϩⲛ"/>
		<feat xlink:href="#sSpan246" value="ⲡⲉⲕ"/>
		<feat xlink:href="#sSpan249" value="ϭⲓϫ"/>
		<feat xlink:href="#sSpan251" value="·"/>
		<feat xlink:href="#sSpan255" value="ⲉⲣⲉ"/>
		<feat xlink:href="#sSpan260" value="ⲁ"/>
		<feat xlink:href="#sSpan264" value="ⲙⲱⲩⲥⲏⲥ"/>
		<feat xlink:href="#sSpan269" value="ϩⲟⲗⲟⲅⲉⲓ"/>
		<feat xlink:href="#sSpan274" value="ϫⲉ"/>
		<feat xlink:href="#sSpan278" value="ⲟⲩ"/>
		<feat xlink:href="#sSpan281" value="ϭⲉⲣⲱⲃ"/>
		<feat xlink:href="#sSpan283" value="ⲡⲉ"/>
		<feat xlink:href="#sSpan288" value="·"/>
		<feat xlink:href="#sSpan293" value="ⲁⲩⲱ"/>
		<feat xlink:href="#sSpan300" value="ⲛ"/>
		<feat xlink:href="#sSpan304" value="ⲡ"/>
		<feat xlink:href="#sSpan306" value="ϩⲉ"/>
		<feat xlink:href="#sSpan308" value="ⲉⲧⲉⲣⲉ"/>
		<feat xlink:href="#sSpan312" value="ⲁ"/>
		<feat xlink:href="#sSpan316" value="ⲓⲱⲥⲏⲫ"/>
		<feat xlink:href="#sSpan321" value="ⲁⲛⲁⲕⲣⲓⲛⲉ"/>
		<feat xlink:href="#sSpan326" value="ⲛ"/>
		<feat xlink:href="#sSpan330" value="ⲡⲉϥ"/>
		<feat xlink:href="#sSpan333" value="ⲥⲟⲛ"/>
		<feat xlink:href="#sSpan335" value="ϫⲉ"/>
		<feat xlink:href="#sSpan340" value="ⲛⲧⲱⲧⲛ"/>
		<feat xlink:href="#sSpan342" value="ϩⲛ"/>
		<feat xlink:href="#sSpan346" value="ⲟⲩ"/>
		<feat xlink:href="#sSpan348" value="·"/>
		<feat xlink:href="#sSpan352" value="ⲁⲩⲱ"/>
		<feat xlink:href="#sSpan358" value="ⲛⲧⲱⲧⲛ"/>
		<feat xlink:href="#sSpan362" value="ⲟⲩ"/>
		<feat xlink:href="#sSpan364" value="ⲉⲃⲟⲗ"/>
		<feat xlink:href="#sSpan368" value="ⲧⲱⲛ"/>
		<feat xlink:href="#sSpan372" value="·"/>
		<feat xlink:href="#sSpan376" value="ⲛⲉⲣⲉ"/>
		<feat xlink:href="#sSpan380" value="ⲛⲧⲟϥ"/>
		<feat xlink:href="#sSpan382" value="ⲉⲓⲣⲉ"/>
		<feat xlink:href="#sSpan385" value="ⲁⲛ"/>
		<feat xlink:href="#sSpan389" value="ⲛ"/>
		<feat xlink:href="#sSpan394" value="ⲁⲧⲥⲟⲟⲩⲛ"/>
		<feat xlink:href="#sSpan397" value="·"/>
		<feat xlink:href="#sSpan402" value="ⲉⲣⲉ"/>
		<feat xlink:href="#sSpan409" value="ⲡ"/>
		<feat xlink:href="#sSpan412" value="ⲉⲧⲉⲣⲉ"/>
		<feat xlink:href="#sSpan414" value="ⲁ"/>
		<feat xlink:href="#sSpan416" value="ⲛⲧⲟⲟⲩ"/>
		<feat xlink:href="#sSpan418" value="ⲉⲓⲙⲉ"/>
		<feat xlink:href="#sSpan421" value="ⲅⲁⲣ"/>
		<feat xlink:href="#sSpan425" value="ⲛⲉⲣⲉ"/>
		<feat xlink:href="#sSpan430" value="ⲛⲧⲟⲟⲩ"/>
		<feat xlink:href="#sSpan432" value="ⲛⲁ"/>
		<feat xlink:href="#sSpan434" value="ⲧⲱⲙ"/>
		<feat xlink:href="#sSpan436" value="ⲣⲟ"/>
		<feat xlink:href="#sSpan439" value="ⲛⲧⲟⲟⲩ"/>
		<feat xlink:href="#sSpan442" value="ⲉⲣⲉ"/>
		<feat xlink:href="#sSpan446" value="ⲧⲙ"/>
		<feat xlink:href="#sSpan448" value="ϫⲱ"/>
		<feat xlink:href="#sSpan450" value="ⲛ"/>
		<feat xlink:href="#sSpan454" value="ⲡⲓ"/>
		<feat xlink:href="#sSpan458" value="ⲙⲛⲧⲁⲥⲉⲃⲏⲥ"/>
		<feat xlink:href="#sSpan463" value="·"/>
		<feat xlink:href="#sSpan467" value="ⲛϭⲓ"/>
		<feat xlink:href="#sSpan472" value="ⲡ"/>
		<feat xlink:href="#sSpan476" value="ⲅⲉⲛⲟⲥ"/>
		<feat xlink:href="#sSpan478" value="ⲛ"/>
		<feat xlink:href="#sSpan482" value="ⲡ"/>
		<feat xlink:href="#sSpan485" value="ⲉⲧⲉⲣⲉ"/>
		<feat xlink:href="#sSpan488" value="ⲁ"/>
		<feat xlink:href="#sSpan490" value="ⲛⲧⲟⲟⲩ"/>
		<feat xlink:href="#sSpan492" value="ϫⲱ"/>
		<feat xlink:href="#sSpan494" value="ⲛⲧⲟⲥ"/>
		<feat xlink:href="#sSpan496" value="ϩⲱ"/>
		<feat xlink:href="#sSpan500" value="ⲛⲧⲟⲟⲩ"/>
		<feat xlink:href="#sSpan502" value="ϫⲓⲛ"/>
		<feat xlink:href="#sSpan507" value="ⲡ"/>
		<feat xlink:href="#sSpan509" value="ϣⲟⲣⲡ"/>
		<feat xlink:href="#sSpan511" value="ϫⲉ"/>
		<feat xlink:href="#sSpan516" value="ⲛ"/>
		<feat xlink:href="#sSpan518" value="ⲁϣ"/>
		<feat xlink:href="#sSpan520" value="ⲛ"/>
		<feat xlink:href="#sSpan524" value="ϩⲉ"/>
		<feat xlink:href="#sSpan526" value="ⲁ"/>
		<feat xlink:href="#sSpan530" value="ⲡ"/>
		<feat xlink:href="#sSpan534" value="ⲛⲟⲩⲧⲉ"/>
		<feat xlink:href="#sSpan536" value="ⲉⲓⲙⲉ"/>
		<feat xlink:href="#sSpan540" value="·"/>
		<feat xlink:href="#sSpan544" value="ⲁⲩⲱ"/>
		<feat xlink:href="#sSpan550" value="ϫⲉ"/>
		<feat xlink:href="#sSpan555" value="ⲟⲩⲛ"/>
		<feat xlink:href="#sSpan557" value="ⲥⲟⲟⲩⲛ"/>
		<feat xlink:href="#sSpan560" value="ϩⲛ"/>
		<feat xlink:href="#sSpan565" value="ⲡ"/>
		<feat xlink:href="#sSpan568" value="ⲉⲧⲉⲣⲉ"/>
		<feat xlink:href="#sSpan570" value="ϫⲓⲥⲉ"/>
		<feat xlink:href="#sSpan572" value="·"/>
		<feat xlink:href="#sSpan577" value="ⲛⲧⲟⲟⲩ"/>
		<feat xlink:href="#sSpan585" value="ⲥⲁϩⲟⲩ"/>
		<feat xlink:href="#sSpan587" value="ⲛϭⲓ"/>
		<feat xlink:href="#sSpan591" value="ⲡ"/>
		<feat xlink:href="#sSpan595" value="ⲉⲧⲉⲣⲉ"/>
		<feat xlink:href="#sSpan597" value="ϫⲱ"/>
		<feat xlink:href="#sSpan599" value="ⲛ"/>
		<feat xlink:href="#sSpan603" value="ⲛⲧⲟⲥ"/>
		<feat xlink:href="#sSpan605" value="·"/>
		<feat xlink:href="#sSpan609" value="ϫⲉ"/>
		<feat xlink:href="#sSpan614" value="ⲉϣϫⲉ"/>
		<feat xlink:href="#sSpan616" value="ⲟⲩ"/>
		<feat xlink:href="#sSpan619" value="ⲛⲟⲩⲧⲉ"/>
		<feat xlink:href="#sSpan622" value="ⲡⲉ"/>
		<feat xlink:href="#sSpan628" value="ⲓⲏⲥⲟⲩⲥ"/>
		<feat xlink:href="#sSpan633" value="·"/>
		<feat xlink:href="#sSpan637" value="ⲉⲧⲃⲉ"/>
		<feat xlink:href="#sSpan642" value="ⲟⲩ"/>
		<feat xlink:href="#sSpan645" value="ⲙⲡⲉ"/>
		<feat xlink:href="#sSpan649" value="ⲛⲧⲟϥ"/>
		<feat xlink:href="#sSpan651" value="ⲉⲓⲙⲉ"/>
		<feat xlink:href="#sSpan653" value="ϫⲉ"/>
		<feat xlink:href="#sSpan658" value="ⲉⲣⲉ"/>
		<feat xlink:href="#sSpan660" value="ⲁ"/>
		<feat xlink:href="#sSpan662" value="ⲛⲧⲟⲟⲩ"/>
		<feat xlink:href="#sSpan664" value="ⲕⲱ"/>
		<feat xlink:href="#sSpan668" value="ⲗⲁⲍⲁⲣⲟⲥ"/>
		<feat xlink:href="#sSpan672" value="ⲧⲱⲛ"/>
		<feat xlink:href="#sSpan676" value="·"/>
		<feat xlink:href="#sSpan681" value="ⲉⲣⲉ"/>
		<feat xlink:href="#sSpan688" value="ⲁ"/>
		<feat xlink:href="#sSpan690" value="ⲛⲧⲟⲟⲩ"/>
		<feat xlink:href="#sSpan692" value="ϫⲱ"/>
		<feat xlink:href="#sSpan694" value="ⲡⲁⲓ"/>
		<feat xlink:href="#sSpan697" value="ⲉⲃⲟⲗ"/>
		<feat xlink:href="#sSpan702" value="ϫⲉ"/>
		<feat xlink:href="#sSpan707" value="ⲁ"/>
		<feat xlink:href="#sSpan709" value="ⲛⲧⲟⲟⲩ"/>
		<feat xlink:href="#sSpan711" value="ⲥⲱⲧⲙ"/>
		<feat xlink:href="#sSpan713" value="ϩⲛ"/>
		<feat xlink:href="#sSpan718" value="ⲡ"/>
		<feat xlink:href="#sSpan722" value="ⲉⲩⲁⲅⲅⲉⲗⲓⲟⲛ"/>
		<feat xlink:href="#sSpan725" value="ϫⲉ"/>
		<feat xlink:href="#sSpan729" value="ⲉⲣⲉ"/>
		<feat xlink:href="#sSpan731" value="ⲁ"/>
		<feat xlink:href="#sSpan734" value="ⲛⲧⲟⲟⲩ"/>
		<feat xlink:href="#sSpan737" value="ⲛⲧⲱⲧⲛ"/>
		<feat xlink:href="#sSpan742" value="ⲕⲱ"/>
		<feat xlink:href="#sSpan744" value="ⲛⲧⲟϥ"/>
		<feat xlink:href="#sSpan746" value="ⲧⲱⲛ"/>
		<feat xlink:href="#sSpan751" value="·"/>
		<feat xlink:href="#sSpan755" value="ⲉⲣⲉ"/>
		<feat xlink:href="#sSpan761" value="ⲛⲧⲟⲟⲩ"/>
		<feat xlink:href="#sSpan763" value="ⲉⲓⲣⲉ"/>
		<feat xlink:href="#sSpan765" value="ⲛ"/>
		<feat xlink:href="#sSpan770" value="ⲁⲧⲥⲟⲟⲩⲛ"/>
		<feat xlink:href="#sSpan775" value="ϫⲉ"/>
		<feat xlink:href="#sSpan779" value="ⲉⲣⲉ"/>
		<feat xlink:href="#sSpan782" value="ⲁ"/>
		<feat xlink:href="#sSpan784" value="ⲡ"/>
		<feat xlink:href="#sSpan787" value="ϫⲟⲉⲓⲥ"/>
		<feat xlink:href="#sSpan789" value="ϣⲓⲛⲉ"/>
		<feat xlink:href="#sSpan795" value="ϩⲱⲥ"/>
		<feat xlink:href="#sSpan799" value="ⲣⲱⲙⲉ"/>
		<feat xlink:href="#sSpan802" value="ⲉⲣⲉ"/>
		<feat xlink:href="#sSpan807" value="ⲡ"/>
		<feat xlink:href="#sSpan810" value="ⲛⲟⲩⲧⲉ"/>
		<feat xlink:href="#sSpan812" value="ⲡⲉ"/>
		<feat xlink:href="#sSpan816" value="·"/>
		<feat xlink:href="#sSpan820" value="ⲁⲩⲱ"/>
		<feat xlink:href="#sSpan825" value="ϫⲉ"/>
		<feat xlink:href="#sSpan829" value="ⲡ"/>
		<feat xlink:href="#sSpan833" value="ⲥⲭⲏⲙⲁ"/>
		<feat xlink:href="#sSpan836" value="ⲛ"/>
		<feat xlink:href="#sSpan840" value="ⲡⲉⲓ"/>
		<feat xlink:href="#sSpan842" value="ⲙⲓⲛⲉ"/>
		<feat xlink:href="#sSpan844" value="ϣⲁⲣⲉ"/>
		<feat xlink:href="#sSpan849" value="ⲛⲧⲟϥ"/>
		<feat xlink:href="#sSpan851" value="ϣⲱⲡⲉ"/>
		<feat xlink:href="#sSpan853" value="ⲛ"/>
		<feat xlink:href="#sSpan857" value="ϩⲁϩ"/>
		<feat xlink:href="#sSpan861" value="ⲛ"/>
		<feat xlink:href="#sSpan865" value="ⲥⲟⲡ"/>
		<feat xlink:href="#sSpan867" value="ϩⲉⲛ"/>
		<feat xlink:href="#sSpan871" value="ⲟⲩ"/>
		<feat xlink:href="#sSpan875" value="ϭⲓⲛϣⲁϫⲉ"/>
		<feat xlink:href="#sSpan879" value="·"/>
		<feat xlink:href="#sSpan884" value="ⲙⲁⲗⲓⲥⲧⲁ"/>
		<feat xlink:href="#sSpan889" value="ⲡ"/>
		<feat xlink:href="#sSpan894" value="ⲣⲱⲙⲉ"/>
		<feat xlink:href="#sSpan896" value="·"/>
		<feat xlink:href="#sSpan902" value="ⲕⲁⲧⲁ"/>
		<feat xlink:href="#sSpan909" value="ⲡ"/>
		<feat xlink:href="#sSpan911" value="ϩⲉ"/>
		<feat xlink:href="#sSpan913" value="ⲉⲧⲉⲣⲉ"/>
		<feat xlink:href="#sSpan917" value="ⲁ"/>
		<feat xlink:href="#sSpan919" value="ⲛⲧⲟϥ"/>
		<feat xlink:href="#sSpan921" value="ϫⲱ"/>
		<feat xlink:href="#sSpan924" value="ⲛⲧⲟⲥ"/>
		<feat xlink:href="#sSpan926" value="·"/>
		<feat xlink:href="#sSpan931" value="ⲏ"/>
		<feat xlink:href="#sSpan935" value="ⲉⲣⲉ"/>
		<feat xlink:href="#sSpan940" value="ⲁ"/>
		<feat xlink:href="#sSpan942" value="ⲛⲧⲟϥ"/>
		<feat xlink:href="#sSpan944" value="ⲉⲓⲣⲉ"/>
		<feat xlink:href="#sSpan946" value="ⲡⲁⲓ"/>
		<feat xlink:href="#sSpan950" value="ⲛⲧⲟϥ"/>
		<feat xlink:href="#sSpan954" value="ⲡ"/>
		<feat xlink:href="#sSpan959" value="ϫⲟⲉⲓⲥ"/>
		<feat xlink:href="#sSpan963" value="ϩⲱⲥ"/>
		<feat xlink:href="#sSpan967" value="ⲣⲱⲙⲉ"/>
		<feat xlink:href="#sSpan970" value="ⲛ"/>
		<feat xlink:href="#sSpan975" value="ⲡ"/>
		<feat xlink:href="#sSpan977" value="ϩⲉ"/>
		<feat xlink:href="#sSpan979" value="ⲉⲧⲉⲣⲉ"/>
		<feat xlink:href="#sSpan983" value="ⲥϩⲁⲓ"/>
		<feat xlink:href="#sSpan985" value="ϩⲛ"/>
		<feat xlink:href="#sSpan989" value="ⲡ"/>
		<feat xlink:href="#sSpan995" value="ⲅⲉⲛⲉⲥⲓⲥ"/>
		<feat xlink:href="#sSpan997" value="·"/>
		<feat xlink:href="#sSpan1002" value="ⲉⲣⲉ"/>
		<feat xlink:href="#sSpan1008" value="ⲁ"/>
		<feat xlink:href="#sSpan1010" value="ⲛⲧⲟϥ"/>
		<feat xlink:href="#sSpan1012" value="ϫⲛⲟⲩ"/>
		<feat xlink:href="#sSpan1016" value="ⲁⲃⲣⲁϩⲁⲙ"/>
		<feat xlink:href="#sSpan1019" value="ϫⲉ"/>
		<feat xlink:href="#sSpan1024" value="ⲉⲣⲉ"/>
		<feat xlink:href="#sSpan1026" value="ⲛⲧⲟⲥ"/>
		<feat xlink:href="#sSpan1028" value="ⲧⲱⲛ"/>
		<feat xlink:href="#sSpan1031" value="ⲥⲁⲣⲣⲁ"/>
		<feat xlink:href="#sSpan1038" value="ⲡⲉⲕ"/>
		<feat xlink:href="#sSpan1042" value="ⲥϩⲓⲙⲉ"/>
		<feat xlink:href="#sSpan1044" value="·"/>
		<feat xlink:href="#sSpan1049" value="ⲛ"/>
		<feat xlink:href="#sSpan1056" value="ⲡ"/>
		<feat xlink:href="#sSpan1058" value="ϩⲉ"/>
		<feat xlink:href="#sSpan1060" value="ⲟⲛ"/>
		<feat xlink:href="#sSpan1064" value="ⲉⲣⲉ"/>
		<feat xlink:href="#sSpan1068" value="ⲁ"/>
		<feat xlink:href="#sSpan1070" value="ⲡ"/>
		<feat xlink:href="#sSpan1074" value="ⲁⲅⲅⲉⲗⲟⲥ"/>
		<feat xlink:href="#sSpan1077" value="·"/>
		<feat xlink:href="#sSpan1081" value="ϫⲛⲉ"/>
		<feat xlink:href="#sSpan1085" value="ⲡ"/>
		<feat xlink:href="#sSpan1088" value="ⲥϩⲓⲙⲉ"/>
		<feat xlink:href="#sSpan1091" value="ϩⲛ"/>
		<feat xlink:href="#sSpan1095" value="ⲡ"/>
		<feat xlink:href="#sSpan1099" value="ⲧⲁⲫⲟⲥ"/>
		<feat xlink:href="#sSpan1102" value="·"/>
		<feat xlink:href="#sSpan1106" value="ϫⲉ"/>
		<feat xlink:href="#sSpan1110" value="ⲉⲣⲉ"/>
		<feat xlink:href="#sSpan1112" value="ⲛⲧⲱⲧⲛ"/>
		<feat xlink:href="#sSpan1116" value="ϣⲓⲛⲉ"/>
		<feat xlink:href="#sSpan1119" value="ⲛⲥⲁ"/>
		<feat xlink:href="#sSpan1123" value="ⲛⲓⲙ"/>
		<feat xlink:href="#sSpan1125" value="·"/>
		<feat xlink:href="#sSpan1130" value="ⲡⲁⲓ"/>
		<feat xlink:href="#sSpan1138" value="ⲟⲛ"/>
		<feat xlink:href="#sSpan1142" value="ⲁ"/>
		<feat xlink:href="#sSpan1146" value="ⲛⲧⲟϥ"/>
		<feat xlink:href="#sSpan1148" value="ⲉⲓⲣⲉ"/>
		<feat xlink:href="#sSpan1150" value="ⲛⲧⲟϥ"/>
		<feat xlink:href="#sSpan1152" value="ⲛϭⲓ"/>
		<feat xlink:href="#sSpan1156" value="ⲡ"/>
		<feat xlink:href="#sSpan1160" value="ϫⲟⲉⲓⲥ"/>
		<feat xlink:href="#sSpan1162" value="·"/>
		<feat xlink:href="#sSpan1166" value="ⲉⲣⲉ"/>
		<feat xlink:href="#sSpan1170" value="ⲛⲧⲟϥ"/>
		<feat xlink:href="#sSpan1172" value="ϫⲱ"/>
		<feat xlink:href="#sSpan1174" value="ⲛ"/>
		<feat xlink:href="#sSpan1179" value="ⲛⲧⲟⲥ"/>
		<feat xlink:href="#sSpan1181" value="ⲛ"/>
		<feat xlink:href="#sSpan1187" value="ⲙⲁⲣⲓⲁ"/>
		<feat xlink:href="#sSpan1191" value="·"/>
		<feat xlink:href="#sSpan1195" value="ϫⲉ"/>
		<feat xlink:href="#sSpan1199" value="ⲡ"/>
		<feat xlink:href="#sSpan1202" value="ⲥϩⲓⲙⲉ"/>
		<feat xlink:href="#sSpan1205" value="ⲁϩⲣⲟ_ⲛⲧⲟ"/>
		<feat xlink:href="#sSpan1209" value="ⲛⲧⲟ"/>
		<feat xlink:href="#sSpan1213" value="ⲣⲓⲙⲉ"/>
		<feat xlink:href="#sSpan1216" value="·"/>
		<feat xlink:href="#sSpan1220" value="ⲉⲣⲉ_ⲛⲧⲟ"/>
		<feat xlink:href="#sSpan1224" value="ϣⲓⲛⲉ"/>
		<feat xlink:href="#sSpan1227" value="ⲛⲥⲁ"/>
		<feat xlink:href="#sSpan1232" value="ⲛⲓⲙ"/>
		<feat xlink:href="#sSpan1234" value="·"/>
		<feat xlink:href="#sSpan1239" value="ⲛ"/>
		<feat xlink:href="#sSpan1246" value="ⲡ"/>
		<feat xlink:href="#sSpan1248" value="ϩⲉ"/>
		<feat xlink:href="#sSpan1250" value="ⲟⲛ"/>
		<feat xlink:href="#sSpan1254" value="ⲉⲣⲉ"/>
		<feat xlink:href="#sSpan1258" value="ⲁ"/>
		<feat xlink:href="#sSpan1260" value="ⲛⲧⲟϥ"/>
		<feat xlink:href="#sSpan1262" value="ϫⲛⲟⲩ"/>
		<feat xlink:href="#sSpan1264" value="ⲡ"/>
		<feat xlink:href="#sSpan1268" value="ⲉⲧⲉⲣⲉ"/>
		<feat xlink:href="#sSpan1270" value="ⲙⲟⲟϣⲉ"/>
		<feat xlink:href="#sSpan1273" value="ⲉ"/>
		<feat xlink:href="#sSpan1279" value="ⲉⲙⲙⲁⲟⲩⲥ"/>
		<feat xlink:href="#sSpan1283" value="·"/>
		<feat xlink:href="#sSpan1287" value="ⲉⲧⲃⲉ"/>
		<feat xlink:href="#sSpan1291" value="ⲡ"/>
		<feat xlink:href="#sSpan1295" value="ⲉⲧⲉⲣⲉ"/>
		<feat xlink:href="#sSpan1297" value="ⲁ"/>
		<feat xlink:href="#sSpan1299" value="ⲛⲧⲟⲟⲩ"/>
		<feat xlink:href="#sSpan1301" value="ϣⲱⲡⲉ"/>
		<feat xlink:href="#sSpan1304" value="ⲛ"/>
		<feat xlink:href="#sSpan1309" value="ⲛⲧⲟϥ"/>
		<feat xlink:href="#sSpan1311" value="·"/>
		<feat xlink:href="#sSpan1316" value="ϫⲉ"/>
		<feat xlink:href="#sSpan1321" value="ⲟⲩ"/>
		<feat xlink:href="#sSpan1323" value="ⲡⲉ"/>
		<feat xlink:href="#sSpan1327" value="ⲡⲉⲓ"/>
		<feat xlink:href="#sSpan1332" value="ϣⲁϫⲉ"/>
		<feat xlink:href="#sSpan1335" value="ⲉⲣⲉ"/>
		<feat xlink:href="#sSpan1339" value="ⲛⲧⲱⲧⲛ"/>
		<feat xlink:href="#sSpan1341" value="ϫⲱ"/>
		<feat xlink:href="#sSpan1343" value="ⲛ"/>
		<feat xlink:href="#sSpan1348" value="ⲛⲧⲟⲟⲩ"/>
		<feat xlink:href="#sSpan1350" value="ⲙⲛ"/>
		<feat xlink:href="#sSpan1354" value="ⲡⲉⲧⲛ"/>
		<feat xlink:href="#sSpan1357" value="ⲉⲣⲏⲩ"/>
		<feat xlink:href="#sSpan1359" value="ⲉⲣⲉ"/>
		<feat xlink:href="#sSpan1363" value="ⲛⲧⲱⲧⲛ"/>
		<feat xlink:href="#sSpan1366" value="ⲙⲟⲟϣⲉ"/>
		<feat xlink:href="#sSpan1369" value="ϩⲓ"/>
		<feat xlink:href="#sSpan1373" value="ⲡ"/>
		<feat xlink:href="#sSpan1377" value="ϩⲓⲏ"/>
		<feat xlink:href="#sSpan1379" value="·"/>
		<feat xlink:href="#sSpan1384" value="ⲁⲩⲱ"/>
		<feat xlink:href="#sSpan1391" value="ⲛ"/>
		<feat xlink:href="#sSpan1395" value="ⲡ"/>
		<feat xlink:href="#sSpan1397" value="ϩⲉ"/>
		<feat xlink:href="#sSpan1399" value="ⲉⲧⲉⲣⲉ"/>
		<feat xlink:href="#sSpan1403" value="ⲁ"/>
		<feat xlink:href="#sSpan1405" value="ⲛⲧⲟϥ"/>
		<feat xlink:href="#sSpan1407" value="ⲙⲟⲩⲧⲉ"/>
		<feat xlink:href="#sSpan1410" value="ⲉ"/>
		<feat xlink:href="#sSpan1414" value="ⲡ"/>
		<feat xlink:href="#sSpan1418" value="ⲁⲡⲟⲥⲧⲟⲗⲟⲥ"/>
		<feat xlink:href="#sSpan1421" value="ⲁ"/>
		<feat xlink:href="#sSpan1425" value="ⲛⲧⲟϥ"/>
		<feat xlink:href="#sSpan1427" value="ϫⲛⲟⲩ"/>
		<feat xlink:href="#sSpan1429" value="ⲛⲧⲟⲟⲩ"/>
		<feat xlink:href="#sSpan1432" value="ⲉⲣⲉ"/>
		<feat xlink:href="#sSpan1436" value="ⲛⲧⲟϥ"/>
		<feat xlink:href="#sSpan1438" value="ϫⲱ"/>
		<feat xlink:href="#sSpan1440" value="ⲛ"/>
		<feat xlink:href="#sSpan1444" value="ⲛⲧⲟⲥ"/>
		<feat xlink:href="#sSpan1447" value="ϫⲉ"/>
		<feat xlink:href="#sSpan1452" value="ⲡⲉⲓ"/>
		<feat xlink:href="#sSpan1455" value="ϣⲏⲣⲉ"/>
		<feat xlink:href="#sSpan1458" value="ϣⲏⲙ"/>
		<feat xlink:href="#sSpan1463" value="ⲙⲏ"/>
		<feat xlink:href="#sSpan1468" value="ⲟⲩⲛ"/>
		<feat xlink:href="#sSpan1472" value="ⲗⲁⲁⲩ"/>
		<feat xlink:href="#sSpan1475" value="ⲛ"/>
		<feat xlink:href="#sSpan1480" value="ⲧⲃⲧ"/>
		<feat xlink:href="#sSpan1485" value="ⲛⲧⲉ"/>
		<feat xlink:href="#sSpan1489" value="ⲛⲧⲱⲧⲛ"/>
		<feat xlink:href="#sSpan1492" value="·"/>
		<feat xlink:href="#sSpan1496" value="ⲉⲣⲉ"/>
		<feat xlink:href="#sSpan1500" value="ⲛⲧⲟϥ"/>
		<feat xlink:href="#sSpan1502" value="ⲥⲟⲟⲩⲛ"/>
		<feat xlink:href="#sSpan1504" value="ϫⲉ"/>
		<feat xlink:href="#sSpan1509" value="ⲙⲡⲉ"/>
		<feat xlink:href="#sSpan1511" value="ⲛⲧⲟⲟⲩ"/>
		<feat xlink:href="#sSpan1513" value="ϭⲱⲡⲉ"/>
		<feat xlink:href="#sSpan1515" value="ⲗⲁⲁⲩ"/>
		<feat xlink:href="#sSpan1519" value="ⲛ"/>
		<feat xlink:href="#sSpan1523" value="ⲡⲉⲩ"/>
		<feat xlink:href="#sSpan1525" value="ϣⲛⲉ"/>
		<feat xlink:href="#sSpan1527" value="ⲉⲧⲉⲣⲉ"/>
		<feat xlink:href="#sSpan1532" value="ⲙⲙⲁⲩ"/>
		<feat xlink:href="#sSpan1535" value="ⲛ"/>
		<feat xlink:href="#sSpan1542" value="ⲡ"/>
		<feat xlink:href="#sSpan1544" value="ϩⲉ"/>
		<feat xlink:href="#sSpan1546" value="ⲟⲛ"/>
		<feat xlink:href="#sSpan1550" value="ⲉⲣⲉ"/>
		<feat xlink:href="#sSpan1554" value="ⲁ"/>
		<feat xlink:href="#sSpan1556" value="ⲛⲧⲟϥ"/>
		<feat xlink:href="#sSpan1558" value="ϫⲛⲟⲩ"/>
		<feat xlink:href="#sSpan1560" value="ⲛⲧⲟⲟⲩ"/>
		<feat xlink:href="#sSpan1563" value="·"/>
		<feat xlink:href="#sSpan1567" value="ϫⲉ"/>
		<feat xlink:href="#sSpan1571" value="ⲟⲩⲏⲣ"/>
		<feat xlink:href="#sSpan1573" value="ⲡ"/>
		<feat xlink:href="#sSpan1579" value="ⲟⲉⲓⲕ"/>
		<feat xlink:href="#sSpan1581" value="ⲛⲧⲉ"/>
		<feat xlink:href="#sSpan1585" value="ⲛⲧⲱⲧⲛ"/>
		<feat xlink:href="#sSpan1588" value="·"/>
		<feat xlink:href="#sSpan1594" value="ⲁⲣⲁ"/>
		<feat xlink:href="#sSpan1601" value="ⲡ"/>
		<feat xlink:href="#sSpan1606" value="ⲉⲧⲉⲣⲉ"/>
		<feat xlink:href="#sSpan1608" value="ⲁ"/>
		<feat xlink:href="#sSpan1610" value="ⲛⲧⲟϥ"/>
		<feat xlink:href="#sSpan1612" value="ⲥⲙⲟⲩ"/>
		<feat xlink:href="#sSpan1614" value="ⲉ"/>
		<feat xlink:href="#sSpan1619" value="ⲡ"/>
		<feat xlink:href="#sSpan1622" value="ⲟⲉⲓⲕ"/>
		<feat xlink:href="#sSpan1624" value="ⲁ"/>
		<feat xlink:href="#sSpan1628" value="ⲛⲧⲟϥ"/>
		<feat xlink:href="#sSpan1630" value="ⲧⲁϣⲟ"/>
		<feat xlink:href="#sSpan1632" value="ⲛⲧⲟⲟⲩ"/>
		<feat xlink:href="#sSpan1635" value="ⲛⲉⲣⲉ"/>
		<feat xlink:href="#sSpan1639" value="ⲛⲧⲟϥ"/>
		<feat xlink:href="#sSpan1641" value="ⲥⲟⲟⲩⲛ"/>
		<feat xlink:href="#sSpan1643" value="ⲁⲛ"/>
		<feat xlink:href="#sSpan1648" value="ϫⲉ"/>
		<feat xlink:href="#sSpan1652" value="ⲟⲩⲏⲣ"/>
		<feat xlink:href="#sSpan1654" value="ⲡⲉ"/>
		<feat xlink:href="#sSpan1658" value="·"/>
		<feat xlink:href="#sSpan1663" value="ⲁⲣⲏⲩ"/>
		<feat xlink:href="#sSpan1671" value="ⲟⲛ"/>
		<feat xlink:href="#sSpan1675" value="ⲛⲉⲣⲉ"/>
		<feat xlink:href="#sSpan1679" value="ⲛⲧⲟϥ"/>
		<feat xlink:href="#sSpan1681" value="ⲥⲟⲟⲩⲛ"/>
		<feat xlink:href="#sSpan1683" value="ⲁⲛ"/>
		<feat xlink:href="#sSpan1688" value="ϫⲉ"/>
		<feat xlink:href="#sSpan1692" value="ⲛⲓⲙ"/>
		<feat xlink:href="#sSpan1694" value="ⲡⲉ"/>
		<feat xlink:href="#sSpan1698" value="ⲉⲧⲉⲣⲉ"/>
		<feat xlink:href="#sSpan1701" value="ⲁ"/>
		<feat xlink:href="#sSpan1703" value="ⲛⲧⲟϥ"/>
		<feat xlink:href="#sSpan1705" value="ϫⲱϩ"/>
		<feat xlink:href="#sSpan1707" value="ⲉ"/>
		<feat xlink:href="#sSpan1711" value="ⲡ"/>
		<feat xlink:href="#sSpan1714" value="ⲧⲟⲡ"/>
		<feat xlink:href="#sSpan1716" value="ⲛ"/>
		<feat xlink:href="#sSpan1721" value="ⲡⲉϥ"/>
		<feat xlink:href="#sSpan1724" value="ϩⲟⲉⲓⲧⲉ"/>
		<feat xlink:href="#sSpan1726" value="·"/>
		<feat xlink:href="#sSpan1730" value="ⲁ"/>
		<feat xlink:href="#sSpan1735" value="ⲡⲉⲥ"/>
		<feat xlink:href="#sSpan1738" value="ⲥⲛⲟϥ"/>
		<feat xlink:href="#sSpan1740" value="ⲗⲟ"/>
		<feat xlink:href="#sSpan1745" value="ⲉⲣⲉ"/>
		<feat xlink:href="#sSpan1750" value="ⲛⲧⲟϥ"/>
		<feat xlink:href="#sSpan1752" value="ϣⲟⲩⲟ"/>
		<feat xlink:href="#sSpan1754" value="·"/>
		<feat xlink:href="#sSpan1760" value="ϩⲟⲙⲟⲓⲱⲥ"/>
		<feat xlink:href="#sSpan1767" value="ⲉⲣϣⲁⲛ"/>
		<feat xlink:href="#sSpan1771" value="ⲡ"/>
		<feat xlink:href="#sSpan1776" value="ⲕⲁⲕⲓⲁ"/>
		<feat xlink:href="#sSpan1778" value="ⲛ"/>
		<feat xlink:href="#sSpan1782" value="ⲡⲉⲕ"/>
		<feat xlink:href="#sSpan1785" value="ⲉⲓⲱⲧ"/>
		<feat xlink:href="#sSpan1788" value="ⲡ"/>
		<feat xlink:href="#sSpan1795" value="ⲥⲁⲧⲁⲛⲁⲥ"/>
		<feat xlink:href="#sSpan1798" value="ⲡⲱϩ"/>
		<feat xlink:href="#sSpan1803" value="ⲏ"/>
		<feat xlink:href="#sSpan1807" value="ⲛⲉⲣⲉ"/>
		<feat xlink:href="#sSpan1811" value="ⲛⲧⲟⲥ"/>
		<feat xlink:href="#sSpan1814" value="ⲡⲱϩ"/>
		<feat xlink:href="#sSpan1817" value="ϩⲛ"/>
		<feat xlink:href="#sSpan1821" value="ⲛⲧⲟⲕ"/>
		<feat xlink:href="#sSpan1823" value="·"/>
		<feat xlink:href="#sSpan1828" value="ⲱ"/>
		<feat xlink:href="#sSpan1834" value="ⲡ"/>
		<feat xlink:href="#sSpan1841" value="ϩⲉⲗⲗⲏⲛ"/>
		<feat xlink:href="#sSpan1843" value="·"/>
		<feat xlink:href="#sSpan1847" value="ⲛⲧⲉ"/>
		<feat xlink:href="#sSpan1852" value="ⲛⲧⲟⲥ"/>
		<feat xlink:href="#sSpan1855" value="ⲣϩⲟⲩⲉⲙⲁϩ"/>
		<feat xlink:href="#sSpan1859" value="ⲛⲧⲟⲕ"/>
		<feat xlink:href="#sSpan1861" value="ⲛ"/>
		<feat xlink:href="#sSpan1867" value="ⲙⲛⲧⲁⲧⲛⲁϩⲧⲉ"/>
		<feat xlink:href="#sSpan1873" value="·"/>
		<feat xlink:href="#sSpan1878" value="ⲁⲛⲟⲕ"/>
		<feat xlink:href="#sSpan1885" value="ⲛⲁ"/>
		<feat xlink:href="#sSpan1887" value="ϫⲱ"/>
		<feat xlink:href="#sSpan1889" value="ⲛⲧⲟⲥ"/>
		<feat xlink:href="#sSpan1891" value="ⲉⲣⲉ"/>
		<feat xlink:href="#sSpan1895" value="ⲁⲛⲟⲕ"/>
		<feat xlink:href="#sSpan1898" value="ϩⲟⲙⲟⲗⲟⲅⲉⲓ"/>
		<feat xlink:href="#sSpan1901" value="ⲛ"/>
		<feat xlink:href="#sSpan1905" value="ⲡ"/>
		<feat xlink:href="#sSpan1908" value="ⲙⲉ"/>
		<feat xlink:href="#sSpan1910" value="·"/>
		<feat xlink:href="#sSpan1914" value="ϫⲉ"/>
		<feat xlink:href="#sSpan1919" value="ⲟⲩ"/>
		<feat xlink:href="#sSpan1923" value="ⲙⲟⲛⲟⲛ"/>
		<feat xlink:href="#sSpan1925" value="ⲛⲧⲟϥ"/>
		<feat xlink:href="#sSpan1929" value="ⲥⲟⲟⲩⲛ"/>
		<feat xlink:href="#sSpan1932" value="ϫⲉ"/>
		<feat xlink:href="#sSpan1936" value="ⲉⲓⲥ"/>
		<feat xlink:href="#sSpan1938" value="ⲡ"/>
		<feat xlink:href="#sSpan1941" value="ⲥⲛⲟϥ"/>
		<feat xlink:href="#sSpan1944" value="ϩⲁ"/>
		<feat xlink:href="#sSpan1948" value="ⲛⲧⲟⲥ"/>
		<feat xlink:href="#sSpan1950" value="ⲛ"/>
		<feat xlink:href="#sSpan1955" value="ⲙⲛⲧⲥⲛⲟⲟⲩⲥ"/>
		<feat xlink:href="#sSpan1960" value="ⲛ"/>
		<feat xlink:href="#sSpan1965" value="ⲣⲟⲙⲡⲉ"/>
		<feat xlink:href="#sSpan1967" value="·"/>
		<feat xlink:href="#sSpan1972" value="ⲁⲗⲗⲁ"/>
		<feat xlink:href="#sSpan1976" value="ⲛⲧⲟϥ"/>
		<feat xlink:href="#sSpan1981" value="ⲥⲟⲟⲩⲛ"/>
		<feat xlink:href="#sSpan1983" value="ⲛ"/>
		<feat xlink:href="#sSpan1987" value="ⲛⲧⲟⲥ"/>
		<feat xlink:href="#sSpan1989" value="ϫⲓⲛ"/>
		<feat xlink:href="#sSpan1994" value="ⲉⲣⲉ"/>
		<feat xlink:href="#sSpan1996" value="ⲛⲧⲟⲥ"/>
		<feat xlink:href="#sSpan1998" value="ϩⲛ"/>
		<feat xlink:href="#sSpan2000" value="ⲛⲧⲟⲥ"/>
		<feat xlink:href="#sSpan2002" value="ⲛ"/>
		<feat xlink:href="#sSpan2007" value="ⲡⲉⲥ"/>
		<feat xlink:href="#sSpan2010" value="ⲙⲁⲁⲩ"/>
		<feat xlink:href="#sSpan2012" value="·"/>
		<feat xlink:href="#sSpan2017" value="ⲉⲣϣⲁⲛ"/>
		<feat xlink:href="#sSpan2024" value="ⲟⲩ"/>
		<feat xlink:href="#sSpan2028" value="ⲕⲉⲣⲁⲙⲉⲩⲥ"/>
		<feat xlink:href="#sSpan2032" value="ⲣⲁⲧⲥⲟⲟⲩⲛ"/>
		<feat xlink:href="#sSpan2038" value="ⲛ"/>
		<feat xlink:href="#sSpan2043" value="ⲡ"/>
		<feat xlink:href="#sSpan2046" value="ϩⲛⲁⲁⲩ"/>
		<feat xlink:href="#sSpan2048" value="ⲉⲧⲉⲣⲉ"/>
		<feat xlink:href="#sSpan2053" value="ⲁ"/>
		<feat xlink:href="#sSpan2055" value="ⲛⲧⲟϥ"/>
		<feat xlink:href="#sSpan2057" value="ⲧⲁⲙⲓⲟ"/>
		<feat xlink:href="#sSpan2059" value="ⲛⲧⲟϥ"/>
		<feat xlink:href="#sSpan2061" value="ϩⲛ"/>
		<feat xlink:href="#sSpan2066" value="ⲡⲉϥ"/>
		<feat xlink:href="#sSpan2069" value="ϭⲓϫ"/>
		<feat xlink:href="#sSpan2071" value="ϩⲛ"/>
		<feat xlink:href="#sSpan2075" value="ⲡⲉϥ"/>
		<feat xlink:href="#sSpan2079" value="ⲱⲛϩ"/>
		<feat xlink:href="#sSpan2081" value="·"/>
		<feat xlink:href="#sSpan2088" value="ⲓⲏⲥⲟⲩⲥ"/>
		<feat xlink:href="#sSpan2094" value="ⲛⲧⲟϥ"/>
		<feat xlink:href="#sSpan2098" value="ⲥⲟⲟⲩⲛ"/>
		<feat xlink:href="#sSpan2102" value="ⲉ"/>
		<feat xlink:href="#sSpan2107" value="ⲡ"/>
		<feat xlink:href="#sSpan2110" value="ⲉⲧⲉⲣⲉ"/>
		<feat xlink:href="#sSpan2112" value="ⲁ"/>
		<feat xlink:href="#sSpan2114" value="ⲛⲧⲟϥ"/>
		<feat xlink:href="#sSpan2117" value="ⲡⲗⲁⲥⲥⲉ"/>
		<feat xlink:href="#sSpan2120" value="ⲛ"/>
		<feat xlink:href="#sSpan2124" value="ⲛⲧⲟⲟⲩ"/>
		<feat xlink:href="#sSpan2126" value="ϩⲛ"/>
		<feat xlink:href="#sSpan2130" value="ⲡ"/>
		<feat xlink:href="#sSpan2134" value="ϩⲏ"/>
		<feat xlink:href="#sSpan2136" value="·"/>
		<feat xlink:href="#sSpan2141" value="ⲡ"/>
		<feat xlink:href="#sSpan2149" value="ⲉⲧⲉⲣⲉ"/>
		<feat xlink:href="#sSpan2151" value="ⲥⲟⲟⲩⲛ"/>
		<feat xlink:href="#sSpan2153" value="ϫⲉ"/>
		<feat xlink:href="#sSpan2157" value="ⲛⲉⲣⲉ"/>
		<feat xlink:href="#sSpan2159" value="ⲛⲧⲟϥ"/></featList></paula>