<?xml version='1.0' encoding='UTF-8'?><!DOCTYPE paula SYSTEM "paula_feat.dtd">
<paula version="1.1">
	<header paula_id="scriptorium.shenoute.those.GF268-270.mark_note"/>
	<featList xmlns:xlink="http://www.w3.org/1999/xlink" type="note" xml:base="scriptorium.shenoute.those.GF268-270.mark.xml">
		<feat xlink:href="#sSpan12" value="Drawing of tree and two birds at bottom of page"/>
		<feat xlink:href="#sSpan13" value="Upper left is ⲥⲝⲏ Upper right is vacat"/>
		<feat xlink:href="#sSpan728" value="Upper left is vacat  Upper right is ⲥⲝⲑ"/>
		<feat xlink:href="#sSpan1291" value="scribal error?"/>
		<feat xlink:href="#sSpan1464" value="Upper left is ⲥⲟ  Upper right is vacat"/>
		<feat xlink:href="#sSpan1797" value="col i has 24 lines but col ii has 25"/>
		<feat xlink:href="#sSpan1823" value="ϩ is written over ⲗ"/></featList></paula>