<?xml version='1.0' encoding='UTF-8'?><!DOCTYPE paula SYSTEM "paula_feat.dtd">
<paula version="1.1">
	<header paula_id="scriptorium.shenoute.those.GF268-270.mark_lemma"/>
	<featList xmlns:xlink="http://www.w3.org/1999/xlink" type="lemma" xml:base="scriptorium.shenoute.those.GF268-270.mark.xml">
		<feat xlink:href="#sSpan2" value="ⲉⲣⲉ"/>
		<feat xlink:href="#sSpan14" value="ⲁ"/>
		<feat xlink:href="#sSpan16" value="ⲛⲧⲟⲟⲩ"/>
		<feat xlink:href="#sSpan18" value="ϫⲱ"/>
		<feat xlink:href="#sSpan20" value="ⲡⲁⲓ"/>
		<feat xlink:href="#sSpan24" value="ⲅⲁⲣ"/>
		<feat xlink:href="#sSpan28" value="ⲉⲃⲟⲗ"/>
		<feat xlink:href="#sSpan33" value="ϫⲉ"/>
		<feat xlink:href="#sSpan38" value="ⲁ"/>
		<feat xlink:href="#sSpan40" value="ⲛⲧⲟⲟⲩ"/>
		<feat xlink:href="#sSpan42" value="ⲥⲱⲧⲙ"/>
		<feat xlink:href="#sSpan44" value="ϩⲛ"/>
		<feat xlink:href="#sSpan48" value="ⲡ"/>
		<feat xlink:href="#sSpan53" value="ⲅⲉⲛⲉⲥⲓⲥ"/>
		<feat xlink:href="#sSpan55" value="ϫⲉ"/>
		<feat xlink:href="#sSpan60" value="ⲁⲇⲁⲙ"/>
		<feat xlink:href="#sSpan64" value="ⲉⲣⲉ"/>
		<feat xlink:href="#sSpan68" value="ⲛⲧⲟⲕ"/>
		<feat xlink:href="#sSpan70" value="ⲧⲱⲛ"/>
		<feat xlink:href="#sSpan72" value="·"/>
		<feat xlink:href="#sSpan76" value="ⲛⲧⲉ"/>
		<feat xlink:href="#sSpan83" value="ⲛⲧⲟⲟⲩ"/>
		<feat xlink:href="#sSpan85" value="ⲥⲟⲟⲩⲛ"/>
		<feat xlink:href="#sSpan87" value="ⲁⲛ"/>
		<feat xlink:href="#sSpan91" value="ϫⲉ"/>
		<feat xlink:href="#sSpan95" value="ⲟⲩⲛ"/>
		<feat xlink:href="#sSpan98" value="ⲟⲩ"/>
		<feat xlink:href="#sSpan102" value="ϭⲓⲛϣⲓⲛⲉ"/>
		<feat xlink:href="#sSpan106" value="ⲛ"/>
		<feat xlink:href="#sSpan110" value="ⲛⲧⲟⲥ"/>
		<feat xlink:href="#sSpan112" value="ϣⲱⲡⲉ"/>
		<feat xlink:href="#sSpan114" value="ⲁⲛ"/>
		<feat xlink:href="#sSpan119" value="ⲉⲧⲃⲉ"/>
		<feat xlink:href="#sSpan123" value="ⲡ"/>
		<feat xlink:href="#sSpan126" value="ϩⲱⲃ"/>
		<feat xlink:href="#sSpan128" value="ⲉⲧⲉⲣⲉ"/>
		<feat xlink:href="#sSpan133" value="ϩⲱⲡ"/>
		<feat xlink:href="#sSpan135" value="·"/>
		<feat xlink:href="#sSpan140" value="ⲁⲗⲗⲁ"/>
		<feat xlink:href="#sSpan144" value="ⲉⲧⲃⲉ"/>
		<feat xlink:href="#sSpan149" value="ⲡ"/>
		<feat xlink:href="#sSpan152" value="ϩⲱⲃ"/>
		<feat xlink:href="#sSpan154" value="ⲉⲧⲉⲣⲉ"/>
		<feat xlink:href="#sSpan159" value="ⲟⲩⲱⲛϩ"/>
		<feat xlink:href="#sSpan161" value="ⲉⲃⲟⲗ"/>
		<feat xlink:href="#sSpan165" value="ⲙⲛ"/>
		<feat xlink:href="#sSpan170" value="ⲡ"/>
		<feat xlink:href="#sSpan173" value="ⲉⲧⲉⲣⲉ"/>
		<feat xlink:href="#sSpan175" value="ⲛⲧⲟⲟⲩ"/>
		<feat xlink:href="#sSpan177" value="ⲥⲟⲟⲩⲛ"/>
		<feat xlink:href="#sSpan179" value="ⲛ"/>
		<feat xlink:href="#sSpan184" value="ⲛⲧⲟⲟⲩ"/>
		<feat xlink:href="#sSpan186" value="·"/>
		<feat xlink:href="#sSpan191" value="ⲛ"/>
		<feat xlink:href="#sSpan196" value="ⲡ"/>
		<feat xlink:href="#sSpan198" value="ϩⲉ"/>
		<feat xlink:href="#sSpan200" value="ⲉⲧⲉⲣⲉ"/>
		<feat xlink:href="#sSpan204" value="ⲁ"/>
		<feat xlink:href="#sSpan206" value="ⲡ"/>
		<feat xlink:href="#sSpan209" value="ⲛⲟⲩⲧⲉ"/>
		<feat xlink:href="#sSpan211" value="ϫⲛⲟⲩ"/>
		<feat xlink:href="#sSpan217" value="ⲙⲱⲩⲥⲏⲥ"/>
		<feat xlink:href="#sSpan220" value="ϫⲉ"/>
		<feat xlink:href="#sSpan225" value="ⲟⲩ"/>
		<feat xlink:href="#sSpan227" value="ⲡⲉ"/>
		<feat xlink:href="#sSpan231" value="ⲡⲁⲓ"/>
		<feat xlink:href="#sSpan236" value="ⲉⲧⲉⲣⲉ"/>
		<feat xlink:href="#sSpan240" value="ϩⲛ"/>
		<feat xlink:href="#sSpan243" value="ⲡⲉⲕ"/>
		<feat xlink:href="#sSpan246" value="ϭⲓϫ"/>
		<feat xlink:href="#sSpan248" value="·"/>
		<feat xlink:href="#sSpan252" value="ⲉⲣⲉ"/>
		<feat xlink:href="#sSpan256" value="ⲁ"/>
		<feat xlink:href="#sSpan259" value="ⲙⲱⲩⲥⲏⲥ"/>
		<feat xlink:href="#sSpan264" value="ϩⲟⲗⲟⲅⲉⲓ"/>
		<feat xlink:href="#sSpan269" value="ϫⲉ"/>
		<feat xlink:href="#sSpan273" value="ⲟⲩ"/>
		<feat xlink:href="#sSpan276" value="ϭⲉⲣⲱⲃ"/>
		<feat xlink:href="#sSpan278" value="ⲡⲉ"/>
		<feat xlink:href="#sSpan283" value="·"/>
		<feat xlink:href="#sSpan288" value="ⲁⲩⲱ"/>
		<feat xlink:href="#sSpan295" value="ⲛ"/>
		<feat xlink:href="#sSpan299" value="ⲡ"/>
		<feat xlink:href="#sSpan301" value="ϩⲉ"/>
		<feat xlink:href="#sSpan303" value="ⲉⲧⲉⲣⲉ"/>
		<feat xlink:href="#sSpan307" value="ⲁ"/>
		<feat xlink:href="#sSpan310" value="ⲓⲱⲥⲏⲫ"/>
		<feat xlink:href="#sSpan315" value="ⲁⲛⲁⲕⲣⲓⲛⲉ"/>
		<feat xlink:href="#sSpan320" value="ⲛ"/>
		<feat xlink:href="#sSpan324" value="ⲡⲉϥ"/>
		<feat xlink:href="#sSpan327" value="ⲥⲟⲛ"/>
		<feat xlink:href="#sSpan329" value="ϫⲉ"/>
		<feat xlink:href="#sSpan334" value="ⲛⲧⲱⲧⲛ"/>
		<feat xlink:href="#sSpan336" value="ϩⲛ"/>
		<feat xlink:href="#sSpan340" value="ⲟⲩ"/>
		<feat xlink:href="#sSpan342" value="·"/>
		<feat xlink:href="#sSpan346" value="ⲁⲩⲱ"/>
		<feat xlink:href="#sSpan352" value="ⲛⲧⲱⲧⲛ"/>
		<feat xlink:href="#sSpan356" value="ⲟⲩ"/>
		<feat xlink:href="#sSpan358" value="ⲉⲃⲟⲗ"/>
		<feat xlink:href="#sSpan362" value="ⲧⲱⲛ"/>
		<feat xlink:href="#sSpan366" value="·"/>
		<feat xlink:href="#sSpan370" value="ⲛⲉⲣⲉ"/>
		<feat xlink:href="#sSpan374" value="ⲛⲧⲟϥ"/>
		<feat xlink:href="#sSpan376" value="ⲉⲓⲣⲉ"/>
		<feat xlink:href="#sSpan379" value="ⲁⲛ"/>
		<feat xlink:href="#sSpan383" value="ⲛ"/>
		<feat xlink:href="#sSpan388" value="ⲁⲧⲥⲟⲟⲩⲛ"/>
		<feat xlink:href="#sSpan391" value="·"/>
		<feat xlink:href="#sSpan396" value="ⲉⲣⲉ"/>
		<feat xlink:href="#sSpan403" value="ⲡ"/>
		<feat xlink:href="#sSpan406" value="ⲉⲧⲉⲣⲉ"/>
		<feat xlink:href="#sSpan408" value="ⲁ"/>
		<feat xlink:href="#sSpan410" value="ⲛⲧⲟⲟⲩ"/>
		<feat xlink:href="#sSpan412" value="ⲉⲓⲙⲉ"/>
		<feat xlink:href="#sSpan415" value="ⲅⲁⲣ"/>
		<feat xlink:href="#sSpan419" value="ⲛⲉⲣⲉ"/>
		<feat xlink:href="#sSpan424" value="ⲛⲧⲟⲟⲩ"/>
		<feat xlink:href="#sSpan426" value="ⲛⲁ"/>
		<feat xlink:href="#sSpan428" value="ⲧⲱⲙ"/>
		<feat xlink:href="#sSpan430" value="ⲣⲟ"/>
		<feat xlink:href="#sSpan433" value="ⲛⲧⲟⲟⲩ"/>
		<feat xlink:href="#sSpan436" value="ⲉⲣⲉ"/>
		<feat xlink:href="#sSpan440" value="ⲧⲙ"/>
		<feat xlink:href="#sSpan442" value="ϫⲱ"/>
		<feat xlink:href="#sSpan444" value="ⲛ"/>
		<feat xlink:href="#sSpan448" value="ⲡⲓ"/>
		<feat xlink:href="#sSpan452" value="ⲙⲛⲧⲁⲥⲉⲃⲏⲥ"/>
		<feat xlink:href="#sSpan457" value="·"/>
		<feat xlink:href="#sSpan461" value="ⲛϭⲓ"/>
		<feat xlink:href="#sSpan466" value="ⲡ"/>
		<feat xlink:href="#sSpan470" value="ⲅⲉⲛⲟⲥ"/>
		<feat xlink:href="#sSpan472" value="ⲛ"/>
		<feat xlink:href="#sSpan476" value="ⲡ"/>
		<feat xlink:href="#sSpan479" value="ⲉⲧⲉⲣⲉ"/>
		<feat xlink:href="#sSpan482" value="ⲁ"/>
		<feat xlink:href="#sSpan484" value="ⲛⲧⲟⲟⲩ"/>
		<feat xlink:href="#sSpan486" value="ϫⲱ"/>
		<feat xlink:href="#sSpan488" value="ⲛⲧⲟⲥ"/>
		<feat xlink:href="#sSpan490" value="ϩⲱ"/>
		<feat xlink:href="#sSpan494" value="ⲛⲧⲟⲟⲩ"/>
		<feat xlink:href="#sSpan496" value="ϫⲓⲛ"/>
		<feat xlink:href="#sSpan501" value="ⲡ"/>
		<feat xlink:href="#sSpan503" value="ϣⲟⲣⲡ"/>
		<feat xlink:href="#sSpan505" value="ϫⲉ"/>
		<feat xlink:href="#sSpan510" value="ⲛ"/>
		<feat xlink:href="#sSpan512" value="ⲁϣ"/>
		<feat xlink:href="#sSpan514" value="ⲛ"/>
		<feat xlink:href="#sSpan518" value="ϩⲉ"/>
		<feat xlink:href="#sSpan520" value="ⲁ"/>
		<feat xlink:href="#sSpan524" value="ⲡ"/>
		<feat xlink:href="#sSpan528" value="ⲛⲟⲩⲧⲉ"/>
		<feat xlink:href="#sSpan530" value="ⲉⲓⲙⲉ"/>
		<feat xlink:href="#sSpan534" value="·"/>
		<feat xlink:href="#sSpan538" value="ⲁⲩⲱ"/>
		<feat xlink:href="#sSpan544" value="ϫⲉ"/>
		<feat xlink:href="#sSpan549" value="ⲟⲩⲛ"/>
		<feat xlink:href="#sSpan551" value="ⲥⲟⲟⲩⲛ"/>
		<feat xlink:href="#sSpan554" value="ϩⲛ"/>
		<feat xlink:href="#sSpan559" value="ⲡ"/>
		<feat xlink:href="#sSpan562" value="ⲉⲧⲉⲣⲉ"/>
		<feat xlink:href="#sSpan564" value="ϫⲓⲥⲉ"/>
		<feat xlink:href="#sSpan566" value="·"/>
		<feat xlink:href="#sSpan571" value="ⲛⲧⲟⲟⲩ"/>
		<feat xlink:href="#sSpan579" value="ⲥⲁϩⲟⲩ"/>
		<feat xlink:href="#sSpan581" value="ⲛϭⲓ"/>
		<feat xlink:href="#sSpan585" value="ⲡ"/>
		<feat xlink:href="#sSpan589" value="ⲉⲧⲉⲣⲉ"/>
		<feat xlink:href="#sSpan591" value="ϫⲱ"/>
		<feat xlink:href="#sSpan593" value="ⲛ"/>
		<feat xlink:href="#sSpan597" value="ⲛⲧⲟⲥ"/>
		<feat xlink:href="#sSpan599" value="·"/>
		<feat xlink:href="#sSpan603" value="ϫⲉ"/>
		<feat xlink:href="#sSpan608" value="ⲉϣϫⲉ"/>
		<feat xlink:href="#sSpan610" value="ⲟⲩ"/>
		<feat xlink:href="#sSpan613" value="ⲛⲟⲩⲧⲉ"/>
		<feat xlink:href="#sSpan616" value="ⲡⲉ"/>
		<feat xlink:href="#sSpan621" value="ⲓⲏⲥⲟⲩⲥ"/>
		<feat xlink:href="#sSpan626" value="·"/>
		<feat xlink:href="#sSpan630" value="ⲉⲧⲃⲉ"/>
		<feat xlink:href="#sSpan635" value="ⲟⲩ"/>
		<feat xlink:href="#sSpan638" value="ⲙⲡⲉ"/>
		<feat xlink:href="#sSpan642" value="ⲛⲧⲟϥ"/>
		<feat xlink:href="#sSpan644" value="ⲉⲓⲙⲉ"/>
		<feat xlink:href="#sSpan646" value="ϫⲉ"/>
		<feat xlink:href="#sSpan651" value="ⲉⲣⲉ"/>
		<feat xlink:href="#sSpan653" value="ⲁ"/>
		<feat xlink:href="#sSpan655" value="ⲛⲧⲟⲟⲩ"/>
		<feat xlink:href="#sSpan657" value="ⲕⲱ"/>
		<feat xlink:href="#sSpan660" value="ⲗⲁⲍⲁⲣⲟⲥ"/>
		<feat xlink:href="#sSpan664" value="ⲧⲱⲛ"/>
		<feat xlink:href="#sSpan668" value="·"/>
		<feat xlink:href="#sSpan673" value="ⲉⲣⲉ"/>
		<feat xlink:href="#sSpan680" value="ⲁ"/>
		<feat xlink:href="#sSpan682" value="ⲛⲧⲟⲟⲩ"/>
		<feat xlink:href="#sSpan684" value="ϫⲱ"/>
		<feat xlink:href="#sSpan686" value="ⲡⲁⲓ"/>
		<feat xlink:href="#sSpan689" value="ⲉⲃⲟⲗ"/>
		<feat xlink:href="#sSpan694" value="ϫⲉ"/>
		<feat xlink:href="#sSpan699" value="ⲁ"/>
		<feat xlink:href="#sSpan701" value="ⲛⲧⲟⲟⲩ"/>
		<feat xlink:href="#sSpan703" value="ⲥⲱⲧⲙ"/>
		<feat xlink:href="#sSpan705" value="ϩⲛ"/>
		<feat xlink:href="#sSpan710" value="ⲡ"/>
		<feat xlink:href="#sSpan714" value="ⲉⲩⲁⲅⲅⲉⲗⲓⲟⲛ"/>
		<feat xlink:href="#sSpan717" value="ϫⲉ"/>
		<feat xlink:href="#sSpan721" value="ⲉⲣⲉ"/>
		<feat xlink:href="#sSpan723" value="ⲁ"/>
		<feat xlink:href="#sSpan726" value="ⲛⲧⲟⲟⲩ"/>
		<feat xlink:href="#sSpan729" value="ⲛⲧⲱⲧⲛ"/>
		<feat xlink:href="#sSpan734" value="ⲕⲱ"/>
		<feat xlink:href="#sSpan736" value="ⲛⲧⲟϥ"/>
		<feat xlink:href="#sSpan738" value="ⲧⲱⲛ"/>
		<feat xlink:href="#sSpan743" value="·"/>
		<feat xlink:href="#sSpan747" value="ⲉⲣⲉ"/>
		<feat xlink:href="#sSpan753" value="ⲛⲧⲟⲟⲩ"/>
		<feat xlink:href="#sSpan755" value="ⲉⲓⲣⲉ"/>
		<feat xlink:href="#sSpan757" value="ⲛ"/>
		<feat xlink:href="#sSpan762" value="ⲁⲧⲥⲟⲟⲩⲛ"/>
		<feat xlink:href="#sSpan767" value="ϫⲉ"/>
		<feat xlink:href="#sSpan771" value="ⲉⲣⲉ"/>
		<feat xlink:href="#sSpan774" value="ⲁ"/>
		<feat xlink:href="#sSpan776" value="ⲡ"/>
		<feat xlink:href="#sSpan779" value="ϫⲟⲉⲓⲥ"/>
		<feat xlink:href="#sSpan781" value="ϣⲓⲛⲉ"/>
		<feat xlink:href="#sSpan787" value="ϩⲱⲥ"/>
		<feat xlink:href="#sSpan791" value="ⲣⲱⲙⲉ"/>
		<feat xlink:href="#sSpan794" value="ⲉⲣⲉ"/>
		<feat xlink:href="#sSpan799" value="ⲡ"/>
		<feat xlink:href="#sSpan802" value="ⲛⲟⲩⲧⲉ"/>
		<feat xlink:href="#sSpan804" value="ⲡⲉ"/>
		<feat xlink:href="#sSpan808" value="·"/>
		<feat xlink:href="#sSpan812" value="ⲁⲩⲱ"/>
		<feat xlink:href="#sSpan817" value="ϫⲉ"/>
		<feat xlink:href="#sSpan821" value="ⲡ"/>
		<feat xlink:href="#sSpan825" value="ⲥⲭⲏⲙⲁ"/>
		<feat xlink:href="#sSpan828" value="ⲛ"/>
		<feat xlink:href="#sSpan832" value="ⲡⲉⲓ"/>
		<feat xlink:href="#sSpan834" value="ⲙⲓⲛⲉ"/>
		<feat xlink:href="#sSpan836" value="ϣⲁⲣⲉ"/>
		<feat xlink:href="#sSpan841" value="ⲛⲧⲟϥ"/>
		<feat xlink:href="#sSpan843" value="ϣⲱⲡⲉ"/>
		<feat xlink:href="#sSpan845" value="ⲛ"/>
		<feat xlink:href="#sSpan849" value="ϩⲁϩ"/>
		<feat xlink:href="#sSpan853" value="ⲛ"/>
		<feat xlink:href="#sSpan857" value="ⲥⲟⲡ"/>
		<feat xlink:href="#sSpan859" value="ϩⲉⲛ"/>
		<feat xlink:href="#sSpan863" value="ⲟⲩ"/>
		<feat xlink:href="#sSpan867" value="ϭⲓⲛϣⲁϫⲉ"/>
		<feat xlink:href="#sSpan871" value="·"/>
		<feat xlink:href="#sSpan876" value="ⲙⲁⲗⲓⲥⲧⲁ"/>
		<feat xlink:href="#sSpan881" value="ⲡ"/>
		<feat xlink:href="#sSpan886" value="ⲣⲱⲙⲉ"/>
		<feat xlink:href="#sSpan888" value="·"/>
		<feat xlink:href="#sSpan894" value="ⲕⲁⲧⲁ"/>
		<feat xlink:href="#sSpan901" value="ⲡ"/>
		<feat xlink:href="#sSpan903" value="ϩⲉ"/>
		<feat xlink:href="#sSpan905" value="ⲉⲧⲉⲣⲉ"/>
		<feat xlink:href="#sSpan909" value="ⲁ"/>
		<feat xlink:href="#sSpan911" value="ⲛⲧⲟϥ"/>
		<feat xlink:href="#sSpan913" value="ϫⲱ"/>
		<feat xlink:href="#sSpan916" value="ⲛⲧⲟⲥ"/>
		<feat xlink:href="#sSpan918" value="·"/>
		<feat xlink:href="#sSpan923" value="ⲏ"/>
		<feat xlink:href="#sSpan927" value="ⲉⲣⲉ"/>
		<feat xlink:href="#sSpan931" value="ⲁ"/>
		<feat xlink:href="#sSpan933" value="ⲛⲧⲟϥ"/>
		<feat xlink:href="#sSpan935" value="ⲉⲓⲣⲉ"/>
		<feat xlink:href="#sSpan937" value="ⲡⲁⲓ"/>
		<feat xlink:href="#sSpan941" value="ⲛⲧⲟϥ"/>
		<feat xlink:href="#sSpan945" value="ⲡ"/>
		<feat xlink:href="#sSpan950" value="ϫⲟⲉⲓⲥ"/>
		<feat xlink:href="#sSpan954" value="ϩⲱⲥ"/>
		<feat xlink:href="#sSpan958" value="ⲣⲱⲙⲉ"/>
		<feat xlink:href="#sSpan961" value="ⲛ"/>
		<feat xlink:href="#sSpan966" value="ⲡ"/>
		<feat xlink:href="#sSpan968" value="ϩⲉ"/>
		<feat xlink:href="#sSpan970" value="ⲉⲧⲉⲣⲉ"/>
		<feat xlink:href="#sSpan974" value="ⲥϩⲁⲓ"/>
		<feat xlink:href="#sSpan976" value="ϩⲛ"/>
		<feat xlink:href="#sSpan980" value="ⲡ"/>
		<feat xlink:href="#sSpan985" value="ⲅⲉⲛⲉⲥⲓⲥ"/>
		<feat xlink:href="#sSpan987" value="·"/>
		<feat xlink:href="#sSpan992" value="ⲉⲣⲉ"/>
		<feat xlink:href="#sSpan997" value="ⲁ"/>
		<feat xlink:href="#sSpan999" value="ⲛⲧⲟϥ"/>
		<feat xlink:href="#sSpan1001" value="ϫⲛⲟⲩ"/>
		<feat xlink:href="#sSpan1004" value="ⲁⲃⲣⲁϩⲁⲙ"/>
		<feat xlink:href="#sSpan1007" value="ϫⲉ"/>
		<feat xlink:href="#sSpan1012" value="ⲉⲣⲉ"/>
		<feat xlink:href="#sSpan1014" value="ⲛⲧⲟⲥ"/>
		<feat xlink:href="#sSpan1016" value="ⲧⲱⲛ"/>
		<feat xlink:href="#sSpan1019" value="ⲥⲁⲣⲣⲁ"/>
		<feat xlink:href="#sSpan1025" value="ⲡⲉⲕ"/>
		<feat xlink:href="#sSpan1029" value="ⲥϩⲓⲙⲉ"/>
		<feat xlink:href="#sSpan1031" value="·"/>
		<feat xlink:href="#sSpan1036" value="ⲛ"/>
		<feat xlink:href="#sSpan1043" value="ⲡ"/>
		<feat xlink:href="#sSpan1045" value="ϩⲉ"/>
		<feat xlink:href="#sSpan1047" value="ⲟⲛ"/>
		<feat xlink:href="#sSpan1051" value="ⲉⲣⲉ"/>
		<feat xlink:href="#sSpan1055" value="ⲁ"/>
		<feat xlink:href="#sSpan1057" value="ⲡ"/>
		<feat xlink:href="#sSpan1061" value="ⲁⲅⲅⲉⲗⲟⲥ"/>
		<feat xlink:href="#sSpan1064" value="·"/>
		<feat xlink:href="#sSpan1068" value="ϫⲛⲉ"/>
		<feat xlink:href="#sSpan1072" value="ⲡ"/>
		<feat xlink:href="#sSpan1075" value="ⲥϩⲓⲙⲉ"/>
		<feat xlink:href="#sSpan1078" value="ϩⲛ"/>
		<feat xlink:href="#sSpan1082" value="ⲡ"/>
		<feat xlink:href="#sSpan1086" value="ⲧⲁⲫⲟⲥ"/>
		<feat xlink:href="#sSpan1089" value="·"/>
		<feat xlink:href="#sSpan1093" value="ϫⲉ"/>
		<feat xlink:href="#sSpan1097" value="ⲉⲣⲉ"/>
		<feat xlink:href="#sSpan1099" value="ⲛⲧⲱⲧⲛ"/>
		<feat xlink:href="#sSpan1103" value="ϣⲓⲛⲉ"/>
		<feat xlink:href="#sSpan1106" value="ⲛⲥⲁ"/>
		<feat xlink:href="#sSpan1110" value="ⲛⲓⲙ"/>
		<feat xlink:href="#sSpan1112" value="·"/>
		<feat xlink:href="#sSpan1117" value="ⲡⲁⲓ"/>
		<feat xlink:href="#sSpan1125" value="ⲟⲛ"/>
		<feat xlink:href="#sSpan1129" value="ⲁ"/>
		<feat xlink:href="#sSpan1133" value="ⲛⲧⲟϥ"/>
		<feat xlink:href="#sSpan1135" value="ⲉⲓⲣⲉ"/>
		<feat xlink:href="#sSpan1137" value="ⲛⲧⲟϥ"/>
		<feat xlink:href="#sSpan1139" value="ⲛϭⲓ"/>
		<feat xlink:href="#sSpan1143" value="ⲡ"/>
		<feat xlink:href="#sSpan1147" value="ϫⲟⲉⲓⲥ"/>
		<feat xlink:href="#sSpan1149" value="·"/>
		<feat xlink:href="#sSpan1153" value="ⲉⲣⲉ"/>
		<feat xlink:href="#sSpan1157" value="ⲛⲧⲟϥ"/>
		<feat xlink:href="#sSpan1159" value="ϫⲱ"/>
		<feat xlink:href="#sSpan1161" value="ⲛ"/>
		<feat xlink:href="#sSpan1166" value="ⲛⲧⲟⲥ"/>
		<feat xlink:href="#sSpan1168" value="ⲛ"/>
		<feat xlink:href="#sSpan1173" value="ⲙⲁⲣⲓⲁ"/>
		<feat xlink:href="#sSpan1177" value="·"/>
		<feat xlink:href="#sSpan1181" value="ϫⲉ"/>
		<feat xlink:href="#sSpan1185" value="ⲡ"/>
		<feat xlink:href="#sSpan1188" value="ⲥϩⲓⲙⲉ"/>
		<feat xlink:href="#sSpan1191" value="ⲁϩⲣⲟ_ⲛⲧⲟ"/>
		<feat xlink:href="#sSpan1195" value="ⲛⲧⲟ"/>
		<feat xlink:href="#sSpan1199" value="ⲣⲓⲙⲉ"/>
		<feat xlink:href="#sSpan1202" value="·"/>
		<feat xlink:href="#sSpan1206" value="ⲉⲣⲉ_ⲛⲧⲟ"/>
		<feat xlink:href="#sSpan1210" value="ϣⲓⲛⲉ"/>
		<feat xlink:href="#sSpan1213" value="ⲛⲥⲁ"/>
		<feat xlink:href="#sSpan1218" value="ⲛⲓⲙ"/>
		<feat xlink:href="#sSpan1220" value="·"/>
		<feat xlink:href="#sSpan1225" value="ⲛ"/>
		<feat xlink:href="#sSpan1232" value="ⲡ"/>
		<feat xlink:href="#sSpan1234" value="ϩⲉ"/>
		<feat xlink:href="#sSpan1236" value="ⲟⲛ"/>
		<feat xlink:href="#sSpan1240" value="ⲉⲣⲉ"/>
		<feat xlink:href="#sSpan1244" value="ⲁ"/>
		<feat xlink:href="#sSpan1246" value="ⲛⲧⲟϥ"/>
		<feat xlink:href="#sSpan1248" value="ϫⲛⲟⲩ"/>
		<feat xlink:href="#sSpan1250" value="ⲡ"/>
		<feat xlink:href="#sSpan1254" value="ⲉⲧⲉⲣⲉ"/>
		<feat xlink:href="#sSpan1256" value="ⲙⲟⲟϣⲉ"/>
		<feat xlink:href="#sSpan1259" value="ⲉ"/>
		<feat xlink:href="#sSpan1264" value="ⲉⲙⲙⲁⲟⲩⲥ"/>
		<feat xlink:href="#sSpan1268" value="·"/>
		<feat xlink:href="#sSpan1272" value="ⲉⲧⲃⲉ"/>
		<feat xlink:href="#sSpan1276" value="ⲡ"/>
		<feat xlink:href="#sSpan1280" value="ⲉⲧⲉⲣⲉ"/>
		<feat xlink:href="#sSpan1282" value="ⲁ"/>
		<feat xlink:href="#sSpan1284" value="ⲛⲧⲟⲟⲩ"/>
		<feat xlink:href="#sSpan1286" value="ϣⲱⲡⲉ"/>
		<feat xlink:href="#sSpan1289" value="ⲛ"/>
		<feat xlink:href="#sSpan1294" value="ⲛⲧⲟϥ"/>
		<feat xlink:href="#sSpan1296" value="·"/>
		<feat xlink:href="#sSpan1301" value="ϫⲉ"/>
		<feat xlink:href="#sSpan1306" value="ⲟⲩ"/>
		<feat xlink:href="#sSpan1308" value="ⲡⲉ"/>
		<feat xlink:href="#sSpan1312" value="ⲡⲉⲓ"/>
		<feat xlink:href="#sSpan1317" value="ϣⲁϫⲉ"/>
		<feat xlink:href="#sSpan1320" value="ⲉⲣⲉ"/>
		<feat xlink:href="#sSpan1324" value="ⲛⲧⲱⲧⲛ"/>
		<feat xlink:href="#sSpan1326" value="ϫⲱ"/>
		<feat xlink:href="#sSpan1328" value="ⲛ"/>
		<feat xlink:href="#sSpan1333" value="ⲛⲧⲟⲟⲩ"/>
		<feat xlink:href="#sSpan1335" value="ⲙⲛ"/>
		<feat xlink:href="#sSpan1339" value="ⲡⲉⲧⲛ"/>
		<feat xlink:href="#sSpan1342" value="ⲉⲣⲏⲩ"/>
		<feat xlink:href="#sSpan1344" value="ⲉⲣⲉ"/>
		<feat xlink:href="#sSpan1348" value="ⲛⲧⲱⲧⲛ"/>
		<feat xlink:href="#sSpan1351" value="ⲙⲟⲟϣⲉ"/>
		<feat xlink:href="#sSpan1354" value="ϩⲓ"/>
		<feat xlink:href="#sSpan1358" value="ⲡ"/>
		<feat xlink:href="#sSpan1362" value="ϩⲓⲏ"/>
		<feat xlink:href="#sSpan1364" value="·"/>
		<feat xlink:href="#sSpan1369" value="ⲁⲩⲱ"/>
		<feat xlink:href="#sSpan1376" value="ⲛ"/>
		<feat xlink:href="#sSpan1380" value="ⲡ"/>
		<feat xlink:href="#sSpan1382" value="ϩⲉ"/>
		<feat xlink:href="#sSpan1384" value="ⲉⲧⲉⲣⲉ"/>
		<feat xlink:href="#sSpan1388" value="ⲁ"/>
		<feat xlink:href="#sSpan1390" value="ⲛⲧⲟϥ"/>
		<feat xlink:href="#sSpan1392" value="ⲙⲟⲩⲧⲉ"/>
		<feat xlink:href="#sSpan1395" value="ⲉ"/>
		<feat xlink:href="#sSpan1399" value="ⲡ"/>
		<feat xlink:href="#sSpan1403" value="ⲁⲡⲟⲥⲧⲟⲗⲟⲥ"/>
		<feat xlink:href="#sSpan1406" value="ⲁ"/>
		<feat xlink:href="#sSpan1410" value="ⲛⲧⲟϥ"/>
		<feat xlink:href="#sSpan1412" value="ϫⲛⲟⲩ"/>
		<feat xlink:href="#sSpan1414" value="ⲛⲧⲟⲟⲩ"/>
		<feat xlink:href="#sSpan1417" value="ⲉⲣⲉ"/>
		<feat xlink:href="#sSpan1421" value="ⲛⲧⲟϥ"/>
		<feat xlink:href="#sSpan1423" value="ϫⲱ"/>
		<feat xlink:href="#sSpan1425" value="ⲛ"/>
		<feat xlink:href="#sSpan1429" value="ⲛⲧⲟⲥ"/>
		<feat xlink:href="#sSpan1432" value="ϫⲉ"/>
		<feat xlink:href="#sSpan1437" value="ⲡⲉⲓ"/>
		<feat xlink:href="#sSpan1440" value="ϣⲏⲣⲉ"/>
		<feat xlink:href="#sSpan1443" value="ϣⲏⲙ"/>
		<feat xlink:href="#sSpan1448" value="ⲙⲏ"/>
		<feat xlink:href="#sSpan1453" value="ⲟⲩⲛ"/>
		<feat xlink:href="#sSpan1457" value="ⲗⲁⲁⲩ"/>
		<feat xlink:href="#sSpan1460" value="ⲛ"/>
		<feat xlink:href="#sSpan1465" value="ⲧⲃⲧ"/>
		<feat xlink:href="#sSpan1470" value="ⲛⲧⲉ"/>
		<feat xlink:href="#sSpan1474" value="ⲛⲧⲱⲧⲛ"/>
		<feat xlink:href="#sSpan1477" value="·"/>
		<feat xlink:href="#sSpan1481" value="ⲉⲣⲉ"/>
		<feat xlink:href="#sSpan1485" value="ⲛⲧⲟϥ"/>
		<feat xlink:href="#sSpan1487" value="ⲥⲟⲟⲩⲛ"/>
		<feat xlink:href="#sSpan1489" value="ϫⲉ"/>
		<feat xlink:href="#sSpan1494" value="ⲙⲡⲉ"/>
		<feat xlink:href="#sSpan1496" value="ⲛⲧⲟⲟⲩ"/>
		<feat xlink:href="#sSpan1498" value="ϭⲱⲡⲉ"/>
		<feat xlink:href="#sSpan1500" value="ⲗⲁⲁⲩ"/>
		<feat xlink:href="#sSpan1504" value="ⲛ"/>
		<feat xlink:href="#sSpan1508" value="ⲡⲉⲩ"/>
		<feat xlink:href="#sSpan1510" value="ϣⲛⲉ"/>
		<feat xlink:href="#sSpan1512" value="ⲉⲧⲉⲣⲉ"/>
		<feat xlink:href="#sSpan1517" value="ⲙⲙⲁⲩ"/>
		<feat xlink:href="#sSpan1520" value="ⲛ"/>
		<feat xlink:href="#sSpan1527" value="ⲡ"/>
		<feat xlink:href="#sSpan1529" value="ϩⲉ"/>
		<feat xlink:href="#sSpan1531" value="ⲟⲛ"/>
		<feat xlink:href="#sSpan1535" value="ⲉⲣⲉ"/>
		<feat xlink:href="#sSpan1539" value="ⲁ"/>
		<feat xlink:href="#sSpan1541" value="ⲛⲧⲟϥ"/>
		<feat xlink:href="#sSpan1543" value="ϫⲛⲟⲩ"/>
		<feat xlink:href="#sSpan1545" value="ⲛⲧⲟⲟⲩ"/>
		<feat xlink:href="#sSpan1548" value="·"/>
		<feat xlink:href="#sSpan1552" value="ϫⲉ"/>
		<feat xlink:href="#sSpan1556" value="ⲟⲩⲏⲣ"/>
		<feat xlink:href="#sSpan1558" value="ⲡ"/>
		<feat xlink:href="#sSpan1564" value="ⲟⲉⲓⲕ"/>
		<feat xlink:href="#sSpan1566" value="ⲛⲧⲉ"/>
		<feat xlink:href="#sSpan1570" value="ⲛⲧⲱⲧⲛ"/>
		<feat xlink:href="#sSpan1573" value="·"/>
		<feat xlink:href="#sSpan1579" value="ⲁⲣⲁ"/>
		<feat xlink:href="#sSpan1586" value="ⲡ"/>
		<feat xlink:href="#sSpan1591" value="ⲉⲧⲉⲣⲉ"/>
		<feat xlink:href="#sSpan1593" value="ⲁ"/>
		<feat xlink:href="#sSpan1595" value="ⲛⲧⲟϥ"/>
		<feat xlink:href="#sSpan1597" value="ⲥⲙⲟⲩ"/>
		<feat xlink:href="#sSpan1599" value="ⲉ"/>
		<feat xlink:href="#sSpan1604" value="ⲡ"/>
		<feat xlink:href="#sSpan1607" value="ⲟⲉⲓⲕ"/>
		<feat xlink:href="#sSpan1609" value="ⲁ"/>
		<feat xlink:href="#sSpan1613" value="ⲛⲧⲟϥ"/>
		<feat xlink:href="#sSpan1615" value="ⲧⲁϣⲟ"/>
		<feat xlink:href="#sSpan1617" value="ⲛⲧⲟⲟⲩ"/>
		<feat xlink:href="#sSpan1620" value="ⲛⲉⲣⲉ"/>
		<feat xlink:href="#sSpan1624" value="ⲛⲧⲟϥ"/>
		<feat xlink:href="#sSpan1626" value="ⲥⲟⲟⲩⲛ"/>
		<feat xlink:href="#sSpan1628" value="ⲁⲛ"/>
		<feat xlink:href="#sSpan1633" value="ϫⲉ"/>
		<feat xlink:href="#sSpan1637" value="ⲟⲩⲏⲣ"/>
		<feat xlink:href="#sSpan1639" value="ⲡⲉ"/>
		<feat xlink:href="#sSpan1643" value="·"/>
		<feat xlink:href="#sSpan1648" value="ⲁⲣⲏⲩ"/>
		<feat xlink:href="#sSpan1656" value="ⲟⲛ"/>
		<feat xlink:href="#sSpan1660" value="ⲛⲉⲣⲉ"/>
		<feat xlink:href="#sSpan1664" value="ⲛⲧⲟϥ"/>
		<feat xlink:href="#sSpan1666" value="ⲥⲟⲟⲩⲛ"/>
		<feat xlink:href="#sSpan1668" value="ⲁⲛ"/>
		<feat xlink:href="#sSpan1673" value="ϫⲉ"/>
		<feat xlink:href="#sSpan1677" value="ⲛⲓⲙ"/>
		<feat xlink:href="#sSpan1679" value="ⲡⲉ"/>
		<feat xlink:href="#sSpan1683" value="ⲉⲧⲉⲣⲉ"/>
		<feat xlink:href="#sSpan1686" value="ⲁ"/>
		<feat xlink:href="#sSpan1688" value="ⲛⲧⲟϥ"/>
		<feat xlink:href="#sSpan1690" value="ϫⲱϩ"/>
		<feat xlink:href="#sSpan1692" value="ⲉ"/>
		<feat xlink:href="#sSpan1696" value="ⲡ"/>
		<feat xlink:href="#sSpan1699" value="ⲧⲟⲡ"/>
		<feat xlink:href="#sSpan1701" value="ⲛ"/>
		<feat xlink:href="#sSpan1706" value="ⲡⲉϥ"/>
		<feat xlink:href="#sSpan1709" value="ϩⲟⲉⲓⲧⲉ"/>
		<feat xlink:href="#sSpan1711" value="·"/>
		<feat xlink:href="#sSpan1715" value="ⲁ"/>
		<feat xlink:href="#sSpan1720" value="ⲡⲉⲥ"/>
		<feat xlink:href="#sSpan1723" value="ⲥⲛⲟϥ"/>
		<feat xlink:href="#sSpan1725" value="ⲗⲟ"/>
		<feat xlink:href="#sSpan1730" value="ⲉⲣⲉ"/>
		<feat xlink:href="#sSpan1735" value="ⲛⲧⲟϥ"/>
		<feat xlink:href="#sSpan1737" value="ϣⲟⲩⲟ"/>
		<feat xlink:href="#sSpan1739" value="·"/>
		<feat xlink:href="#sSpan1745" value="ϩⲟⲙⲟⲓⲱⲥ"/>
		<feat xlink:href="#sSpan1752" value="ⲉⲣϣⲁⲛ"/>
		<feat xlink:href="#sSpan1756" value="ⲡ"/>
		<feat xlink:href="#sSpan1761" value="ⲕⲁⲕⲓⲁ"/>
		<feat xlink:href="#sSpan1763" value="ⲛ"/>
		<feat xlink:href="#sSpan1767" value="ⲡⲉⲕ"/>
		<feat xlink:href="#sSpan1770" value="ⲉⲓⲱⲧ"/>
		<feat xlink:href="#sSpan1773" value="ⲡ"/>
		<feat xlink:href="#sSpan1779" value="ⲥⲁⲧⲁⲛⲁⲥ"/>
		<feat xlink:href="#sSpan1782" value="ⲡⲱϩ"/>
		<feat xlink:href="#sSpan1787" value="ⲏ"/>
		<feat xlink:href="#sSpan1791" value="ⲛⲉⲣⲉ"/>
		<feat xlink:href="#sSpan1795" value="ⲛⲧⲟⲥ"/>
		<feat xlink:href="#sSpan1798" value="ⲡⲱϩ"/>
		<feat xlink:href="#sSpan1801" value="ϩⲛ"/>
		<feat xlink:href="#sSpan1805" value="ⲛⲧⲟⲕ"/>
		<feat xlink:href="#sSpan1807" value="·"/>
		<feat xlink:href="#sSpan1812" value="ⲱ"/>
		<feat xlink:href="#sSpan1818" value="ⲡ"/>
		<feat xlink:href="#sSpan1825" value="ϩⲉⲗⲗⲏⲛ"/>
		<feat xlink:href="#sSpan1827" value="·"/>
		<feat xlink:href="#sSpan1831" value="ⲛⲧⲉ"/>
		<feat xlink:href="#sSpan1836" value="ⲛⲧⲟⲥ"/>
		<feat xlink:href="#sSpan1839" value="ⲣϩⲟⲩⲉⲙⲁϩ"/>
		<feat xlink:href="#sSpan1843" value="ⲛⲧⲟⲕ"/>
		<feat xlink:href="#sSpan1845" value="ⲛ"/>
		<feat xlink:href="#sSpan1851" value="ⲙⲛⲧⲁⲧⲛⲁϩⲧⲉ"/>
		<feat xlink:href="#sSpan1857" value="·"/>
		<feat xlink:href="#sSpan1862" value="ⲁⲛⲟⲕ"/>
		<feat xlink:href="#sSpan1869" value="ⲛⲁ"/>
		<feat xlink:href="#sSpan1871" value="ϫⲱ"/>
		<feat xlink:href="#sSpan1873" value="ⲛⲧⲟⲥ"/>
		<feat xlink:href="#sSpan1875" value="ⲉⲣⲉ"/>
		<feat xlink:href="#sSpan1879" value="ⲁⲛⲟⲕ"/>
		<feat xlink:href="#sSpan1882" value="ϩⲟⲙⲟⲗⲟⲅⲉⲓ"/>
		<feat xlink:href="#sSpan1885" value="ⲛ"/>
		<feat xlink:href="#sSpan1889" value="ⲡ"/>
		<feat xlink:href="#sSpan1892" value="ⲙⲉ"/>
		<feat xlink:href="#sSpan1894" value="·"/>
		<feat xlink:href="#sSpan1898" value="ϫⲉ"/>
		<feat xlink:href="#sSpan1903" value="ⲟⲩ"/>
		<feat xlink:href="#sSpan1907" value="ⲙⲟⲛⲟⲛ"/>
		<feat xlink:href="#sSpan1909" value="ⲛⲧⲟϥ"/>
		<feat xlink:href="#sSpan1913" value="ⲥⲟⲟⲩⲛ"/>
		<feat xlink:href="#sSpan1916" value="ϫⲉ"/>
		<feat xlink:href="#sSpan1920" value="ⲉⲓⲥ"/>
		<feat xlink:href="#sSpan1922" value="ⲡ"/>
		<feat xlink:href="#sSpan1925" value="ⲥⲛⲟϥ"/>
		<feat xlink:href="#sSpan1928" value="ϩⲁ"/>
		<feat xlink:href="#sSpan1932" value="ⲛⲧⲟⲥ"/>
		<feat xlink:href="#sSpan1934" value="ⲛ"/>
		<feat xlink:href="#sSpan1939" value="ⲙⲛⲧⲥⲛⲟⲟⲩⲥ"/>
		<feat xlink:href="#sSpan1944" value="ⲛ"/>
		<feat xlink:href="#sSpan1949" value="ⲣⲟⲙⲡⲉ"/>
		<feat xlink:href="#sSpan1951" value="·"/>
		<feat xlink:href="#sSpan1956" value="ⲁⲗⲗⲁ"/>
		<feat xlink:href="#sSpan1960" value="ⲛⲧⲟϥ"/>
		<feat xlink:href="#sSpan1965" value="ⲥⲟⲟⲩⲛ"/>
		<feat xlink:href="#sSpan1967" value="ⲛ"/>
		<feat xlink:href="#sSpan1971" value="ⲛⲧⲟⲥ"/>
		<feat xlink:href="#sSpan1973" value="ϫⲓⲛ"/>
		<feat xlink:href="#sSpan1978" value="ⲉⲣⲉ"/>
		<feat xlink:href="#sSpan1980" value="ⲛⲧⲟⲥ"/>
		<feat xlink:href="#sSpan1982" value="ϩⲛ"/>
		<feat xlink:href="#sSpan1984" value="ⲛⲧⲟⲥ"/>
		<feat xlink:href="#sSpan1986" value="ⲛ"/>
		<feat xlink:href="#sSpan1991" value="ⲡⲉⲥ"/>
		<feat xlink:href="#sSpan1994" value="ⲙⲁⲁⲩ"/>
		<feat xlink:href="#sSpan1996" value="·"/>
		<feat xlink:href="#sSpan2001" value="ⲉⲣϣⲁⲛ"/>
		<feat xlink:href="#sSpan2008" value="ⲟⲩ"/>
		<feat xlink:href="#sSpan2012" value="ⲕⲉⲣⲁⲙⲉⲩⲥ"/>
		<feat xlink:href="#sSpan2016" value="ⲣⲁⲧⲥⲟⲟⲩⲛ"/>
		<feat xlink:href="#sSpan2022" value="ⲛ"/>
		<feat xlink:href="#sSpan2027" value="ⲡ"/>
		<feat xlink:href="#sSpan2030" value="ϩⲛⲁⲁⲩ"/>
		<feat xlink:href="#sSpan2032" value="ⲉⲧⲉⲣⲉ"/>
		<feat xlink:href="#sSpan2037" value="ⲁ"/>
		<feat xlink:href="#sSpan2039" value="ⲛⲧⲟϥ"/>
		<feat xlink:href="#sSpan2041" value="ⲧⲁⲙⲓⲟ"/>
		<feat xlink:href="#sSpan2043" value="ⲛⲧⲟϥ"/>
		<feat xlink:href="#sSpan2045" value="ϩⲛ"/>
		<feat xlink:href="#sSpan2050" value="ⲡⲉϥ"/>
		<feat xlink:href="#sSpan2053" value="ϭⲓϫ"/>
		<feat xlink:href="#sSpan2055" value="ϩⲛ"/>
		<feat xlink:href="#sSpan2059" value="ⲡⲉϥ"/>
		<feat xlink:href="#sSpan2063" value="ⲱⲛϩ"/>
		<feat xlink:href="#sSpan2065" value="·"/>
		<feat xlink:href="#sSpan2071" value="ⲓⲏⲥⲟⲩⲥ"/>
		<feat xlink:href="#sSpan2077" value="ⲛⲧⲟϥ"/>
		<feat xlink:href="#sSpan2081" value="ⲥⲟⲟⲩⲛ"/>
		<feat xlink:href="#sSpan2085" value="ⲉ"/>
		<feat xlink:href="#sSpan2090" value="ⲡ"/>
		<feat xlink:href="#sSpan2093" value="ⲉⲧⲉⲣⲉ"/>
		<feat xlink:href="#sSpan2095" value="ⲁ"/>
		<feat xlink:href="#sSpan2097" value="ⲛⲧⲟϥ"/>
		<feat xlink:href="#sSpan2100" value="ⲡⲗⲁⲥⲥⲉ"/>
		<feat xlink:href="#sSpan2103" value="ⲛ"/>
		<feat xlink:href="#sSpan2107" value="ⲛⲧⲟⲟⲩ"/>
		<feat xlink:href="#sSpan2109" value="ϩⲛ"/>
		<feat xlink:href="#sSpan2113" value="ⲡ"/>
		<feat xlink:href="#sSpan2117" value="ϩⲏ"/>
		<feat xlink:href="#sSpan2119" value="·"/>
		<feat xlink:href="#sSpan2124" value="ⲡ"/>
		<feat xlink:href="#sSpan2132" value="ⲉⲧⲉⲣⲉ"/>
		<feat xlink:href="#sSpan2134" value="ⲥⲟⲟⲩⲛ"/>
		<feat xlink:href="#sSpan2136" value="ϫⲉ"/>
		<feat xlink:href="#sSpan2140" value="ⲛⲉⲣⲉ"/>
		<feat xlink:href="#sSpan2142" value="ⲛⲧⲟϥ"/></featList></paula>