<?xml version='1.0' encoding='UTF-8'?><!DOCTYPE paula SYSTEM "paula_feat.dtd">
<paula version="1.1">
	<header paula_id="scriptorium.shenoute.those.GF268-270.mark_verse_n"/>
	<featList xmlns:xlink="http://www.w3.org/1999/xlink" type="verse_n" xml:base="scriptorium.shenoute.those.GF268-270.mark.xml">
		<feat xlink:href="#sSpan7" value="2"/>
		<feat xlink:href="#sSpan81" value="3"/>
		<feat xlink:href="#sSpan293" value="4"/>
		<feat xlink:href="#sSpan401" value="5"/>
		<feat xlink:href="#sSpan542" value="6"/>
		<feat xlink:href="#sSpan576" value="1"/>
		<feat xlink:href="#sSpan678" value="2"/>
		<feat xlink:href="#sSpan751" value="3"/>
		<feat xlink:href="#sSpan899" value="4"/>
		<feat xlink:href="#sSpan1041" value="5"/>
		<feat xlink:href="#sSpan1123" value="6"/>
		<feat xlink:href="#sSpan1230" value="7"/>
		<feat xlink:href="#sSpan1374" value="8"/>
		<feat xlink:href="#sSpan1525" value="9"/>
		<feat xlink:href="#sSpan1584" value="10"/>
		<feat xlink:href="#sSpan1653" value="1"/>
		<feat xlink:href="#sSpan1750" value="2"/>
		<feat xlink:href="#sSpan1867" value="3"/>
		<feat xlink:href="#sSpan2006" value="4"/>
		<feat xlink:href="#sSpan2129" value="5"/></featList></paula>