<?xml version='1.0' encoding='UTF-8'?><!DOCTYPE paula SYSTEM "paula_feat.dtd">
<paula version="1.1">
	<header paula_id="scriptorium.shenoute.those.GF268-270.mark_translation"/>
	<featList xmlns:xlink="http://www.w3.org/1999/xlink" type="translation" xml:base="scriptorium.shenoute.those.GF268-270.mark.xml">
		<feat xlink:href="#sSpan7" value="..."/>
		<feat xlink:href="#sSpan83" value="..."/>
		<feat xlink:href="#sSpan298" value="..."/>
		<feat xlink:href="#sSpan407" value="..."/>
		<feat xlink:href="#sSpan548" value="..."/>
		<feat xlink:href="#sSpan582" value="..."/>
		<feat xlink:href="#sSpan686" value="..."/>
		<feat xlink:href="#sSpan759" value="..."/>
		<feat xlink:href="#sSpan907" value="..."/>
		<feat xlink:href="#sSpan1054" value="..."/>
		<feat xlink:href="#sSpan1136" value="..."/>
		<feat xlink:href="#sSpan1244" value="..."/>
		<feat xlink:href="#sSpan1389" value="..."/>
		<feat xlink:href="#sSpan1540" value="..."/>
		<feat xlink:href="#sSpan1599" value="..."/>
		<feat xlink:href="#sSpan1668" value="..."/>
		<feat xlink:href="#sSpan1765" value="..."/>
		<feat xlink:href="#sSpan1883" value="..."/>
		<feat xlink:href="#sSpan2022" value="..."/>
		<feat xlink:href="#sSpan2146" value="..."/></featList></paula>