<?xml version='1.0' encoding='UTF-8'?><!DOCTYPE paula SYSTEM "paula_feat.dtd">
<paula version="1.1">
	<header paula_id="scriptorium.pachomius.instructions.02.mark_pb_xml_id"/>
	<featList xmlns:xlink="http://www.w3.org/1999/xlink" type="pb_xml_id" xml:base="scriptorium.pachomius.instructions.02.mark.xml">
		<feat xlink:href="#sSpan9" value="MERC.AR66"/>
		<feat xlink:href="#sSpan248" value="MERC.AR67"/>
		<feat xlink:href="#sSpan880" value="MERC.AR68"/>
		<feat xlink:href="#sSpan1595" value="MERC.AR69"/>
		<feat xlink:href="#sSpan2342" value="MERC.AR70"/>
		<feat xlink:href="#sSpan3051" value="MERC.AR71"/>
		<feat xlink:href="#sSpan3792" value="MERC.AR72"/>
		<feat xlink:href="#sSpan4559" value="MERC.AR73"/>
		<feat xlink:href="#sSpan5371" value="MERC.AR74"/>
		<feat xlink:href="#sSpan6019" value="MERC.AR75"/>
		<feat xlink:href="#sSpan6681" value="MERC.AR76"/>
		<feat xlink:href="#sSpan7289" value="MERC.AR77"/>
		<feat xlink:href="#sSpan7834" value="MERC.AR78"/>
		<feat xlink:href="#sSpan8586" value="MERC.AR79"/>
		<feat xlink:href="#sSpan9287" value="MERC.AR80"/>
		<feat xlink:href="#sSpan9987" value="MERC.AR81"/>
		<feat xlink:href="#sSpan10637" value="MERC.AR82"/>
		<feat xlink:href="#sSpan11293" value="MERC.AR83"/>
		<feat xlink:href="#sSpan12022" value="MERC.AR84"/>
		<feat xlink:href="#sSpan12787" value="MERC.AR85"/>
		<feat xlink:href="#sSpan13396" value="MERC.AR86"/>
		<feat xlink:href="#sSpan14026" value="MERC.AR87"/>
		<feat xlink:href="#sSpan14642" value="MERC.AR88"/>
		<feat xlink:href="#sSpan15378" value="MERC.AR89"/>
		<feat xlink:href="#sSpan15997" value="MERC.AR90"/>
		<feat xlink:href="#sSpan16683" value="MERC.AR91"/>
		<feat xlink:href="#sSpan17344" value="MERC.AR92"/>
		<feat xlink:href="#sSpan18093" value="MERC.AR93"/>
		<feat xlink:href="#sSpan18765" value="MERC.AR94"/>
		<feat xlink:href="#sSpan19426" value="MERC.AR95"/>
		<feat xlink:href="#sSpan20166" value="MERC.AR96"/>
		<feat xlink:href="#sSpan20829" value="MERC.AR97"/>
		<feat xlink:href="#sSpan21507" value="MERC.AR98"/></featList></paula>