<?xml version='1.0' encoding='UTF-8'?><!DOCTYPE paula SYSTEM "paula_rel.dtd">
<paula version="1.1">
	<header paula_id="scriptorium.01_Genesis_10.dep"/>
	<relList xmlns:xlink="http://www.w3.org/1999/xlink" type="dep">
		<rel id="sPointingRel1" xlink:href="scriptorium.01_Genesis_10.mark.xml#sSpan269" target="scriptorium.01_Genesis_10.mark.xml#sSpan267"/>
		<rel id="sPointingRel3" xlink:href="scriptorium.01_Genesis_10.mark.xml#sSpan59" target="scriptorium.01_Genesis_10.mark.xml#sSpan57"/>
		<rel id="sPointingRel5" xlink:href="scriptorium.01_Genesis_10.mark.xml#sSpan203" target="scriptorium.01_Genesis_10.mark.xml#sSpan206"/>
		<rel id="sPointingRel7" xlink:href="scriptorium.01_Genesis_10.mark.xml#sSpan165" target="scriptorium.01_Genesis_10.mark.xml#sSpan163"/>
		<rel id="sPointingRel9" xlink:href="scriptorium.01_Genesis_10.mark.xml#sSpan93" target="scriptorium.01_Genesis_10.mark.xml#sSpan90"/>
		<rel id="sPointingRel11" xlink:href="scriptorium.01_Genesis_10.mark.xml#sSpan257" target="scriptorium.01_Genesis_10.mark.xml#sSpan254"/>
		<rel id="sPointingRel13" xlink:href="scriptorium.01_Genesis_10.mark.xml#sSpan106" target="scriptorium.01_Genesis_10.mark.xml#sSpan119"/>
		<rel id="sPointingRel15" xlink:href="scriptorium.01_Genesis_10.mark.xml#sSpan235" target="scriptorium.01_Genesis_10.mark.xml#sSpan237"/>
		<rel id="sPointingRel17" xlink:href="scriptorium.01_Genesis_10.mark.xml#sSpan285" target="scriptorium.01_Genesis_10.mark.xml#sSpan292"/>
		<rel id="sPointingRel19" xlink:href="scriptorium.01_Genesis_10.mark.xml#sSpan65" target="scriptorium.01_Genesis_10.mark.xml#sSpan66"/>
		<rel id="sPointingRel21" xlink:href="scriptorium.01_Genesis_10.mark.xml#sSpan203" target="scriptorium.01_Genesis_10.mark.xml#sSpan209"/>
		<rel id="sPointingRel23" xlink:href="scriptorium.01_Genesis_10.mark.xml#sSpan263" target="scriptorium.01_Genesis_10.mark.xml#sSpan259"/>
		<rel id="sPointingRel25" xlink:href="scriptorium.01_Genesis_10.mark.xml#sSpan65" target="scriptorium.01_Genesis_10.mark.xml#sSpan72"/>
		<rel id="sPointingRel27" xlink:href="scriptorium.01_Genesis_10.mark.xml#sSpan285" target="scriptorium.01_Genesis_10.mark.xml#sSpan288"/>
		<rel id="sPointingRel29" xlink:href="scriptorium.01_Genesis_10.mark.xml#sSpan93" target="scriptorium.01_Genesis_10.mark.xml#sSpan95"/>
		<rel id="sPointingRel31" xlink:href="scriptorium.01_Genesis_10.mark.xml#sSpan199" target="scriptorium.01_Genesis_10.mark.xml#sSpan193"/>
		<rel id="sPointingRel33" xlink:href="scriptorium.01_Genesis_10.mark.xml#sSpan82" target="scriptorium.01_Genesis_10.mark.xml#sSpan81"/>
		<rel id="sPointingRel35" xlink:href="scriptorium.01_Genesis_10.mark.xml#sSpan82" target="scriptorium.01_Genesis_10.mark.xml#sSpan76"/>
		<rel id="sPointingRel37" xlink:href="scriptorium.01_Genesis_10.mark.xml#sSpan103" target="scriptorium.01_Genesis_10.mark.xml#sSpan99"/>
		<rel id="sPointingRel39" xlink:href="scriptorium.01_Genesis_10.mark.xml#sSpan143" target="scriptorium.01_Genesis_10.mark.xml#sSpan141"/>
		<rel id="sPointingRel41" xlink:href="scriptorium.01_Genesis_10.mark.xml#sSpan226" target="scriptorium.01_Genesis_10.mark.xml#sSpan224"/>
		<rel id="sPointingRel43" xlink:href="scriptorium.01_Genesis_10.mark.xml#sSpan203" target="scriptorium.01_Genesis_10.mark.xml#sSpan201"/>
		<rel id="sPointingRel45" xlink:href="scriptorium.01_Genesis_10.mark.xml#sSpan181" target="scriptorium.01_Genesis_10.mark.xml#sSpan184"/>
		<rel id="sPointingRel47" xlink:href="scriptorium.01_Genesis_10.mark.xml#sSpan103" target="scriptorium.01_Genesis_10.mark.xml#sSpan106"/>
		<rel id="sPointingRel49" xlink:href="scriptorium.01_Genesis_10.mark.xml#sSpan232" target="scriptorium.01_Genesis_10.mark.xml#sSpan239"/>
		<rel id="sPointingRel51" xlink:href="scriptorium.01_Genesis_10.mark.xml#sSpan249" target="scriptorium.01_Genesis_10.mark.xml#sSpan252"/>
		<rel id="sPointingRel53" xlink:href="scriptorium.01_Genesis_10.mark.xml#sSpan269" target="scriptorium.01_Genesis_10.mark.xml#sSpan274"/>
		<rel id="sPointingRel55" xlink:href="scriptorium.01_Genesis_10.mark.xml#sSpan143" target="scriptorium.01_Genesis_10.mark.xml#sSpan154"/>
		<rel id="sPointingRel57" xlink:href="scriptorium.01_Genesis_10.mark.xml#sSpan106" target="scriptorium.01_Genesis_10.mark.xml#sSpan104"/>
		<rel id="sPointingRel59" xlink:href="scriptorium.01_Genesis_10.mark.xml#sSpan103" target="scriptorium.01_Genesis_10.mark.xml#sSpan101"/>
		<rel id="sPointingRel61" xlink:href="scriptorium.01_Genesis_10.mark.xml#sSpan325" target="scriptorium.01_Genesis_10.mark.xml#sSpan323"/>
		<rel id="sPointingRel63" xlink:href="scriptorium.01_Genesis_10.mark.xml#sSpan41" target="scriptorium.01_Genesis_10.mark.xml#sSpan37"/>
		<rel id="sPointingRel65" xlink:href="scriptorium.01_Genesis_10.mark.xml#sSpan49" target="scriptorium.01_Genesis_10.mark.xml#sSpan47"/>
		<rel id="sPointingRel67" xlink:href="scriptorium.01_Genesis_10.mark.xml#sSpan147" target="scriptorium.01_Genesis_10.mark.xml#sSpan151"/>
		<rel id="sPointingRel69" xlink:href="scriptorium.01_Genesis_10.mark.xml#sSpan303" target="scriptorium.01_Genesis_10.mark.xml#sSpan301"/>
		<rel id="sPointingRel71" xlink:href="scriptorium.01_Genesis_10.mark.xml#sSpan226" target="scriptorium.01_Genesis_10.mark.xml#sSpan232"/>
		<rel id="sPointingRel73" xlink:href="scriptorium.01_Genesis_10.mark.xml#sSpan317" target="scriptorium.01_Genesis_10.mark.xml#sSpan319"/>
		<rel id="sPointingRel75" xlink:href="scriptorium.01_Genesis_10.mark.xml#sSpan176" target="scriptorium.01_Genesis_10.mark.xml#sSpan179"/>
		<rel id="sPointingRel77" xlink:href="scriptorium.01_Genesis_10.mark.xml#sSpan297" target="scriptorium.01_Genesis_10.mark.xml#sSpan303"/>
		<rel id="sPointingRel79" xlink:href="scriptorium.01_Genesis_10.mark.xml#sSpan49" target="scriptorium.01_Genesis_10.mark.xml#sSpan65"/>
		<rel id="sPointingRel81" xlink:href="scriptorium.01_Genesis_10.mark.xml#sSpan189" target="scriptorium.01_Genesis_10.mark.xml#sSpan192"/>
		<rel id="sPointingRel83" xlink:href="scriptorium.01_Genesis_10.mark.xml#sSpan143" target="scriptorium.01_Genesis_10.mark.xml#sSpan147"/>
		<rel id="sPointingRel85" xlink:href="scriptorium.01_Genesis_10.mark.xml#sSpan219" target="scriptorium.01_Genesis_10.mark.xml#sSpan214"/>
		<rel id="sPointingRel87" xlink:href="scriptorium.01_Genesis_10.mark.xml#sSpan325" target="scriptorium.01_Genesis_10.mark.xml#sSpan330"/>
		<rel id="sPointingRel89" xlink:href="scriptorium.01_Genesis_10.mark.xml#sSpan252" target="scriptorium.01_Genesis_10.mark.xml#sSpan250"/>
		<rel id="sPointingRel91" xlink:href="scriptorium.01_Genesis_10.mark.xml#sSpan317" target="scriptorium.01_Genesis_10.mark.xml#sSpan312"/>
		<rel id="sPointingRel93" xlink:href="scriptorium.01_Genesis_10.mark.xml#sSpan106" target="scriptorium.01_Genesis_10.mark.xml#sSpan115"/>
		<rel id="sPointingRel95" xlink:href="scriptorium.01_Genesis_10.mark.xml#sSpan65" target="scriptorium.01_Genesis_10.mark.xml#sSpan61"/>
		<rel id="sPointingRel97" xlink:href="scriptorium.01_Genesis_10.mark.xml#sSpan159" target="scriptorium.01_Genesis_10.mark.xml#sSpan181"/>
		<rel id="sPointingRel99" xlink:href="scriptorium.01_Genesis_10.mark.xml#sSpan133" target="scriptorium.01_Genesis_10.mark.xml#sSpan136"/>
		<rel id="sPointingRel101" xlink:href="scriptorium.01_Genesis_10.mark.xml#sSpan219" target="scriptorium.01_Genesis_10.mark.xml#sSpan244"/>
		<rel id="sPointingRel103" xlink:href="scriptorium.01_Genesis_10.mark.xml#sSpan303" target="scriptorium.01_Genesis_10.mark.xml#sSpan299"/>
		<rel id="sPointingRel105" xlink:href="scriptorium.01_Genesis_10.mark.xml#sSpan176" target="scriptorium.01_Genesis_10.mark.xml#sSpan174"/>
		<rel id="sPointingRel107" xlink:href="scriptorium.01_Genesis_10.mark.xml#sSpan244" target="scriptorium.01_Genesis_10.mark.xml#sSpan242"/>
		<rel id="sPointingRel109" xlink:href="scriptorium.01_Genesis_10.mark.xml#sSpan179" target="scriptorium.01_Genesis_10.mark.xml#sSpan177"/>
		<rel id="sPointingRel111" xlink:href="scriptorium.01_Genesis_10.mark.xml#sSpan140" target="scriptorium.01_Genesis_10.mark.xml#sSpan139"/>
		<rel id="sPointingRel113" xlink:href="scriptorium.01_Genesis_10.mark.xml#sSpan133" target="scriptorium.01_Genesis_10.mark.xml#sSpan127"/>
		<rel id="sPointingRel115" xlink:href="scriptorium.01_Genesis_10.mark.xml#sSpan219" target="scriptorium.01_Genesis_10.mark.xml#sSpan217"/>
		<rel id="sPointingRel117" xlink:href="scriptorium.01_Genesis_10.mark.xml#sSpan147" target="scriptorium.01_Genesis_10.mark.xml#sSpan145"/>
		<rel id="sPointingRel119" xlink:href="scriptorium.01_Genesis_10.mark.xml#sSpan285" target="scriptorium.01_Genesis_10.mark.xml#sSpan283"/>
		<rel id="sPointingRel121" xlink:href="scriptorium.01_Genesis_10.mark.xml#sSpan219" target="scriptorium.01_Genesis_10.mark.xml#sSpan222"/>
		<rel id="sPointingRel123" xlink:href="scriptorium.01_Genesis_10.mark.xml#sSpan239" target="scriptorium.01_Genesis_10.mark.xml#sSpan235"/>
		<rel id="sPointingRel125" xlink:href="scriptorium.01_Genesis_10.mark.xml#sSpan93" target="scriptorium.01_Genesis_10.mark.xml#sSpan97"/>
		<rel id="sPointingRel127" xlink:href="scriptorium.01_Genesis_10.mark.xml#sSpan41" target="scriptorium.01_Genesis_10.mark.xml#sSpan49"/>
		<rel id="sPointingRel129" xlink:href="scriptorium.01_Genesis_10.mark.xml#sSpan274" target="scriptorium.01_Genesis_10.mark.xml#sSpan272"/>
		<rel id="sPointingRel131" xlink:href="scriptorium.01_Genesis_10.mark.xml#sSpan87" target="scriptorium.01_Genesis_10.mark.xml#sSpan93"/>
		<rel id="sPointingRel133" xlink:href="scriptorium.01_Genesis_10.mark.xml#sSpan87" target="scriptorium.01_Genesis_10.mark.xml#sSpan83"/>
		<rel id="sPointingRel135" xlink:href="scriptorium.01_Genesis_10.mark.xml#sSpan297" target="scriptorium.01_Genesis_10.mark.xml#sSpan306"/>
		<rel id="sPointingRel137" xlink:href="scriptorium.01_Genesis_10.mark.xml#sSpan199" target="scriptorium.01_Genesis_10.mark.xml#sSpan197"/>
		<rel id="sPointingRel139" xlink:href="scriptorium.01_Genesis_10.mark.xml#sSpan41" target="scriptorium.01_Genesis_10.mark.xml#sSpan44"/>
		<rel id="sPointingRel141" xlink:href="scriptorium.01_Genesis_10.mark.xml#sSpan37" target="scriptorium.01_Genesis_10.mark.xml#sSpan33"/>
		<rel id="sPointingRel143" xlink:href="scriptorium.01_Genesis_10.mark.xml#sSpan115" target="scriptorium.01_Genesis_10.mark.xml#sSpan111"/>
		<rel id="sPointingRel145" xlink:href="scriptorium.01_Genesis_10.mark.xml#sSpan49" target="scriptorium.01_Genesis_10.mark.xml#sSpan45"/>
		<rel id="sPointingRel147" xlink:href="scriptorium.01_Genesis_10.mark.xml#sSpan56" target="scriptorium.01_Genesis_10.mark.xml#sSpan54"/>
		<rel id="sPointingRel149" xlink:href="scriptorium.01_Genesis_10.mark.xml#sSpan219" target="scriptorium.01_Genesis_10.mark.xml#sSpan226"/>
		<rel id="sPointingRel151" xlink:href="scriptorium.01_Genesis_10.mark.xml#sSpan124" target="scriptorium.01_Genesis_10.mark.xml#sSpan133"/>
		<rel id="sPointingRel153" xlink:href="scriptorium.01_Genesis_10.mark.xml#sSpan52" target="scriptorium.01_Genesis_10.mark.xml#sSpan50"/>
		<rel id="sPointingRel155" xlink:href="scriptorium.01_Genesis_10.mark.xml#sSpan82" target="scriptorium.01_Genesis_10.mark.xml#sSpan87"/>
		<rel id="sPointingRel157" xlink:href="scriptorium.01_Genesis_10.mark.xml#sSpan232" target="scriptorium.01_Genesis_10.mark.xml#sSpan230"/>
		<rel id="sPointingRel159" xlink:href="scriptorium.01_Genesis_10.mark.xml#sSpan249" target="scriptorium.01_Genesis_10.mark.xml#sSpan245"/>
		<rel id="sPointingRel161" xlink:href="scriptorium.01_Genesis_10.mark.xml#sSpan106" target="scriptorium.01_Genesis_10.mark.xml#sSpan108"/>
		<rel id="sPointingRel163" xlink:href="scriptorium.01_Genesis_10.mark.xml#sSpan154" target="scriptorium.01_Genesis_10.mark.xml#sSpan152"/>
		<rel id="sPointingRel165" xlink:href="scriptorium.01_Genesis_10.mark.xml#sSpan119" target="scriptorium.01_Genesis_10.mark.xml#sSpan116"/>
		<rel id="sPointingRel167" xlink:href="scriptorium.01_Genesis_10.mark.xml#sSpan93" target="scriptorium.01_Genesis_10.mark.xml#sSpan88"/>
		<rel id="sPointingRel169" xlink:href="scriptorium.01_Genesis_10.mark.xml#sSpan292" target="scriptorium.01_Genesis_10.mark.xml#sSpan290"/>
		<rel id="sPointingRel171" xlink:href="scriptorium.01_Genesis_10.mark.xml#sSpan317" target="scriptorium.01_Genesis_10.mark.xml#sSpan316"/>
		<rel id="sPointingRel173" xlink:href="scriptorium.01_Genesis_10.mark.xml#sSpan209" target="scriptorium.01_Genesis_10.mark.xml#sSpan204"/>
		<rel id="sPointingRel175" xlink:href="scriptorium.01_Genesis_10.mark.xml#sSpan292" target="scriptorium.01_Genesis_10.mark.xml#sSpan286"/>
		<rel id="sPointingRel177" xlink:href="scriptorium.01_Genesis_10.mark.xml#sSpan279" target="scriptorium.01_Genesis_10.mark.xml#sSpan275"/>
		<rel id="sPointingRel179" xlink:href="scriptorium.01_Genesis_10.mark.xml#sSpan285" target="scriptorium.01_Genesis_10.mark.xml#sSpan280"/>
		<rel id="sPointingRel181" xlink:href="scriptorium.01_Genesis_10.mark.xml#sSpan176" target="scriptorium.01_Genesis_10.mark.xml#sSpan170"/>
		<rel id="sPointingRel183" xlink:href="scriptorium.01_Genesis_10.mark.xml#sSpan279" target="scriptorium.01_Genesis_10.mark.xml#sSpan270"/>
		<rel id="sPointingRel185" xlink:href="scriptorium.01_Genesis_10.mark.xml#sSpan165" target="scriptorium.01_Genesis_10.mark.xml#sSpan161"/>
		<rel id="sPointingRel187" xlink:href="scriptorium.01_Genesis_10.mark.xml#sSpan65" target="scriptorium.01_Genesis_10.mark.xml#sSpan63"/>
		<rel id="sPointingRel189" xlink:href="scriptorium.01_Genesis_10.mark.xml#sSpan252" target="scriptorium.01_Genesis_10.mark.xml#sSpan257"/>
		<rel id="sPointingRel191" xlink:href="scriptorium.01_Genesis_10.mark.xml#sSpan317" target="scriptorium.01_Genesis_10.mark.xml#sSpan308"/>
		<rel id="sPointingRel193" xlink:href="scriptorium.01_Genesis_10.mark.xml#sSpan176" target="scriptorium.01_Genesis_10.mark.xml#sSpan172"/>
		<rel id="sPointingRel195" xlink:href="scriptorium.01_Genesis_10.mark.xml#sSpan317" target="scriptorium.01_Genesis_10.mark.xml#sSpan297"/>
		<rel id="sPointingRel197" xlink:href="scriptorium.01_Genesis_10.mark.xml#sSpan269" target="scriptorium.01_Genesis_10.mark.xml#sSpan279"/>
		<rel id="sPointingRel199" xlink:href="scriptorium.01_Genesis_10.mark.xml#sSpan159" target="scriptorium.01_Genesis_10.mark.xml#sSpan165"/>
		<rel id="sPointingRel201" xlink:href="scriptorium.01_Genesis_10.mark.xml#sSpan232" target="scriptorium.01_Genesis_10.mark.xml#sSpan227"/>
		<rel id="sPointingRel203" xlink:href="scriptorium.01_Genesis_10.mark.xml#sSpan52" target="scriptorium.01_Genesis_10.mark.xml#sSpan56"/>
		<rel id="sPointingRel205" xlink:href="scriptorium.01_Genesis_10.mark.xml#sSpan49" target="scriptorium.01_Genesis_10.mark.xml#sSpan52"/>
		<rel id="sPointingRel207" xlink:href="scriptorium.01_Genesis_10.mark.xml#sSpan192" target="scriptorium.01_Genesis_10.mark.xml#sSpan190"/>
		<rel id="sPointingRel209" xlink:href="scriptorium.01_Genesis_10.mark.xml#sSpan140" target="scriptorium.01_Genesis_10.mark.xml#sSpan143"/>
		<rel id="sPointingRel211" xlink:href="scriptorium.01_Genesis_10.mark.xml#sSpan165" target="scriptorium.01_Genesis_10.mark.xml#sSpan168"/>
		<rel id="sPointingRel213" xlink:href="scriptorium.01_Genesis_10.mark.xml#sSpan44" target="scriptorium.01_Genesis_10.mark.xml#sSpan42"/>
		<rel id="sPointingRel215" xlink:href="scriptorium.01_Genesis_10.mark.xml#sSpan72" target="scriptorium.01_Genesis_10.mark.xml#sSpan75"/>
		<rel id="sPointingRel217" xlink:href="scriptorium.01_Genesis_10.mark.xml#sSpan269" target="scriptorium.01_Genesis_10.mark.xml#sSpan264"/>
		<rel id="sPointingRel219" xlink:href="scriptorium.01_Genesis_10.mark.xml#sSpan165" target="scriptorium.01_Genesis_10.mark.xml#sSpan176"/>
		<rel id="sPointingRel221" xlink:href="scriptorium.01_Genesis_10.mark.xml#sSpan140" target="scriptorium.01_Genesis_10.mark.xml#sSpan137"/>
		<rel id="sPointingRel223" xlink:href="scriptorium.01_Genesis_10.mark.xml#sSpan325" target="scriptorium.01_Genesis_10.mark.xml#sSpan321"/>
		<rel id="sPointingRel225" xlink:href="scriptorium.01_Genesis_10.mark.xml#sSpan56" target="scriptorium.01_Genesis_10.mark.xml#sSpan59"/>
		<rel id="sPointingRel227" xlink:href="scriptorium.01_Genesis_10.mark.xml#sSpan199" target="scriptorium.01_Genesis_10.mark.xml#sSpan212"/>
		<rel id="sPointingRel229" xlink:href="scriptorium.01_Genesis_10.mark.xml#sSpan306" target="scriptorium.01_Genesis_10.mark.xml#sSpan304"/>
		<rel id="sPointingRel231" xlink:href="scriptorium.01_Genesis_10.mark.xml#sSpan93" target="scriptorium.01_Genesis_10.mark.xml#sSpan103"/>
		<rel id="sPointingRel233" xlink:href="scriptorium.01_Genesis_10.mark.xml#sSpan49" target="scriptorium.01_Genesis_10.mark.xml#sSpan48"/>
		<rel id="sPointingRel235" xlink:href="scriptorium.01_Genesis_10.mark.xml#sSpan209" target="scriptorium.01_Genesis_10.mark.xml#sSpan207"/>
		<rel id="sPointingRel237" xlink:href="scriptorium.01_Genesis_10.mark.xml#sSpan232" target="scriptorium.01_Genesis_10.mark.xml#sSpan229"/>
		<rel id="sPointingRel239" xlink:href="scriptorium.01_Genesis_10.mark.xml#sSpan159" target="scriptorium.01_Genesis_10.mark.xml#sSpan156"/>
		<rel id="sPointingRel241" xlink:href="scriptorium.01_Genesis_10.mark.xml#sSpan115" target="scriptorium.01_Genesis_10.mark.xml#sSpan113"/>
		<rel id="sPointingRel243" xlink:href="scriptorium.01_Genesis_10.mark.xml#sSpan127" target="scriptorium.01_Genesis_10.mark.xml#sSpan129"/>
		<rel id="sPointingRel245" xlink:href="scriptorium.01_Genesis_10.mark.xml#sSpan72" target="scriptorium.01_Genesis_10.mark.xml#sSpan70"/>
		<rel id="sPointingRel247" xlink:href="scriptorium.01_Genesis_10.mark.xml#sSpan317" target="scriptorium.01_Genesis_10.mark.xml#sSpan314"/>
		<rel id="sPointingRel249" xlink:href="scriptorium.01_Genesis_10.mark.xml#sSpan168" target="scriptorium.01_Genesis_10.mark.xml#sSpan166"/>
		<rel id="sPointingRel251" xlink:href="scriptorium.01_Genesis_10.mark.xml#sSpan312" target="scriptorium.01_Genesis_10.mark.xml#sSpan310"/>
		<rel id="sPointingRel253" xlink:href="scriptorium.01_Genesis_10.mark.xml#sSpan330" target="scriptorium.01_Genesis_10.mark.xml#sSpan328"/>
		<rel id="sPointingRel255" xlink:href="scriptorium.01_Genesis_10.mark.xml#sSpan82" target="scriptorium.01_Genesis_10.mark.xml#sSpan79"/>
		<rel id="sPointingRel257" xlink:href="scriptorium.01_Genesis_10.mark.xml#sSpan330" target="scriptorium.01_Genesis_10.mark.xml#sSpan326"/>
		<rel id="sPointingRel259" xlink:href="scriptorium.01_Genesis_10.mark.xml#sSpan151" target="scriptorium.01_Genesis_10.mark.xml#sSpan149"/>
		<rel id="sPointingRel261" xlink:href="scriptorium.01_Genesis_10.mark.xml#sSpan75" target="scriptorium.01_Genesis_10.mark.xml#sSpan73"/>
		<rel id="sPointingRel263" xlink:href="scriptorium.01_Genesis_10.mark.xml#sSpan72" target="scriptorium.01_Genesis_10.mark.xml#sSpan68"/>
		<rel id="sPointingRel265" xlink:href="scriptorium.01_Genesis_10.mark.xml#sSpan181" target="scriptorium.01_Genesis_10.mark.xml#sSpan189"/>
		<rel id="sPointingRel267" xlink:href="scriptorium.01_Genesis_10.mark.xml#sSpan119" target="scriptorium.01_Genesis_10.mark.xml#sSpan118"/>
		<rel id="sPointingRel269" xlink:href="scriptorium.01_Genesis_10.mark.xml#sSpan124" target="scriptorium.01_Genesis_10.mark.xml#sSpan140"/>
		<rel id="sPointingRel271" xlink:href="scriptorium.01_Genesis_10.mark.xml#sSpan279" target="scriptorium.01_Genesis_10.mark.xml#sSpan277"/>
		<rel id="sPointingRel273" xlink:href="scriptorium.01_Genesis_10.mark.xml#sSpan87" target="scriptorium.01_Genesis_10.mark.xml#sSpan85"/>
		<rel id="sPointingRel275" xlink:href="scriptorium.01_Genesis_10.mark.xml#sSpan252" target="scriptorium.01_Genesis_10.mark.xml#sSpan263"/>
		<rel id="sPointingRel277" xlink:href="scriptorium.01_Genesis_10.mark.xml#sSpan133" target="scriptorium.01_Genesis_10.mark.xml#sSpan131"/>
		<rel id="sPointingRel279" xlink:href="scriptorium.01_Genesis_10.mark.xml#sSpan136" target="scriptorium.01_Genesis_10.mark.xml#sSpan134"/>
		<rel id="sPointingRel281" xlink:href="scriptorium.01_Genesis_10.mark.xml#sSpan124" target="scriptorium.01_Genesis_10.mark.xml#sSpan120"/>
		<rel id="sPointingRel283" xlink:href="scriptorium.01_Genesis_10.mark.xml#sSpan317" target="scriptorium.01_Genesis_10.mark.xml#sSpan325"/>
		<rel id="sPointingRel285" xlink:href="scriptorium.01_Genesis_10.mark.xml#sSpan263" target="scriptorium.01_Genesis_10.mark.xml#sSpan261"/>
		<rel id="sPointingRel287" xlink:href="scriptorium.01_Genesis_10.mark.xml#sSpan41" target="scriptorium.01_Genesis_10.mark.xml#sSpan39"/>
		<rel id="sPointingRel289" xlink:href="scriptorium.01_Genesis_10.mark.xml#sSpan189" target="scriptorium.01_Genesis_10.mark.xml#sSpan186"/>
		<rel id="sPointingRel291" xlink:href="scriptorium.01_Genesis_10.mark.xml#sSpan297" target="scriptorium.01_Genesis_10.mark.xml#sSpan294"/>
		<rel id="sPointingRel293" xlink:href="scriptorium.01_Genesis_10.mark.xml#sSpan222" target="scriptorium.01_Genesis_10.mark.xml#sSpan220"/>
		<rel id="sPointingRel295" xlink:href="scriptorium.01_Genesis_10.mark.xml#sSpan199" target="scriptorium.01_Genesis_10.mark.xml#sSpan203"/>
		<rel id="sPointingRel297" xlink:href="scriptorium.01_Genesis_10.mark.xml#sSpan335" target="scriptorium.01_Genesis_10.mark.xml#sSpan331"/>
		<rel id="sPointingRel299" xlink:href="scriptorium.01_Genesis_10.mark.xml#sSpan244" target="scriptorium.01_Genesis_10.mark.xml#sSpan240"/></relList></paula>