<?xml version='1.0' encoding='UTF-8'?><!DOCTYPE paula SYSTEM "paula_feat.dtd">
<paula version="1.1">
	<header paula_id="scriptorium.01_Genesis_10.mark_lang"/>
	<featList xmlns:xlink="http://www.w3.org/1999/xlink" type="lang" xml:base="scriptorium.01_Genesis_10.mark.xml">
		<feat xlink:href="#sSpan56" value="Greek"/>
		<feat xlink:href="#sSpan87" value="Greek"/>
		<feat xlink:href="#sSpan143" value="Hebrew"/>
		<feat xlink:href="#sSpan151" value="Greek"/>
		<feat xlink:href="#sSpan168" value="Hebrew"/>
		<feat xlink:href="#sSpan192" value="Greek"/>
		<feat xlink:href="#sSpan197" value="Greek"/>
		<feat xlink:href="#sSpan252" value="Greek"/>
		<feat xlink:href="#sSpan263" value="Greek"/>
		<feat xlink:href="#sSpan269" value="Hebrew"/>
		<feat xlink:href="#sSpan279" value="Greek"/>
		<feat xlink:href="#sSpan285" value="Greek"/>
		<feat xlink:href="#sSpan297" value="Greek"/>
		<feat xlink:href="#sSpan325" value="Greek"/>
		<feat xlink:href="#sSpan330" value="Greek"/></featList></paula>