<?xml version='1.0' encoding='UTF-8'?><!DOCTYPE paula SYSTEM "paula_feat.dtd">
<paula version="1.1">
	<header paula_id="scriptorium.cross_michbr287-290.mark_lb_n"/>
	<featList xmlns:xlink="http://www.w3.org/1999/xlink" type="lb_n" xml:base="scriptorium.cross_michbr287-290.mark.xml">
		<feat xlink:href="#sSpan9" value="1"/>
		<feat xlink:href="#sSpan26" value="2"/>
		<feat xlink:href="#sSpan42" value="3"/>
		<feat xlink:href="#sSpan60" value="4"/>
		<feat xlink:href="#sSpan68" value="5"/>
		<feat xlink:href="#sSpan84" value="6"/>
		<feat xlink:href="#sSpan103" value="7"/>
		<feat xlink:href="#sSpan122" value="8"/>
		<feat xlink:href="#sSpan134" value="9"/>
		<feat xlink:href="#sSpan151" value="10"/>
		<feat xlink:href="#sSpan168" value="11"/>
		<feat xlink:href="#sSpan186" value="12"/>
		<feat xlink:href="#sSpan208" value="13"/>
		<feat xlink:href="#sSpan222" value="14"/>
		<feat xlink:href="#sSpan231" value="15"/>
		<feat xlink:href="#sSpan244" value="16"/>
		<feat xlink:href="#sSpan255" value="17"/>
		<feat xlink:href="#sSpan264" value="18"/>
		<feat xlink:href="#sSpan286" value="19"/>
		<feat xlink:href="#sSpan298" value="20"/>
		<feat xlink:href="#sSpan316" value="21"/>
		<feat xlink:href="#sSpan332" value="22"/>
		<feat xlink:href="#sSpan352" value="23"/>
		<feat xlink:href="#sSpan369" value="24"/>
		<feat xlink:href="#sSpan382" value="25"/>
		<feat xlink:href="#sSpan401" value="26"/>
		<feat xlink:href="#sSpan418" value="27"/>
		<feat xlink:href="#sSpan430" value="28"/>
		<feat xlink:href="#sSpan441" value="29"/>
		<feat xlink:href="#sSpan456" value="30"/>
		<feat xlink:href="#sSpan472" value="31"/>
		<feat xlink:href="#sSpan493" value="32"/>
		<feat xlink:href="#sSpan508" value="33"/>
		<feat xlink:href="#sSpan526" value="34"/>
		<feat xlink:href="#sSpan540" value="35"/>
		<feat xlink:href="#sSpan555" value="1"/>
		<feat xlink:href="#sSpan569" value="2"/>
		<feat xlink:href="#sSpan586" value="3"/>
		<feat xlink:href="#sSpan607" value="4"/>
		<feat xlink:href="#sSpan617" value="5"/>
		<feat xlink:href="#sSpan636" value="6"/>
		<feat xlink:href="#sSpan654" value="7"/>
		<feat xlink:href="#sSpan665" value="8"/>
		<feat xlink:href="#sSpan684" value="9"/>
		<feat xlink:href="#sSpan696" value="10"/>
		<feat xlink:href="#sSpan718" value="11"/>
		<feat xlink:href="#sSpan726" value="12"/>
		<feat xlink:href="#sSpan736" value="13"/>
		<feat xlink:href="#sSpan757" value="14"/>
		<feat xlink:href="#sSpan770" value="15"/>
		<feat xlink:href="#sSpan779" value="16"/>
		<feat xlink:href="#sSpan809" value="17"/>
		<feat xlink:href="#sSpan822" value="18"/>
		<feat xlink:href="#sSpan837" value="19"/>
		<feat xlink:href="#sSpan854" value="20"/>
		<feat xlink:href="#sSpan875" value="21"/>
		<feat xlink:href="#sSpan890" value="22"/>
		<feat xlink:href="#sSpan909" value="23"/>
		<feat xlink:href="#sSpan926" value="24"/>
		<feat xlink:href="#sSpan945" value="25"/>
		<feat xlink:href="#sSpan959" value="26"/>
		<feat xlink:href="#sSpan974" value="27"/>
		<feat xlink:href="#sSpan989" value="28"/>
		<feat xlink:href="#sSpan1002" value="29"/>
		<feat xlink:href="#sSpan1015" value="30"/>
		<feat xlink:href="#sSpan1030" value="31"/>
		<feat xlink:href="#sSpan1043" value="32"/>
		<feat xlink:href="#sSpan1056" value="33"/>
		<feat xlink:href="#sSpan1073" value="34"/>
		<feat xlink:href="#sSpan1088" value="35"/>
		<feat xlink:href="#sSpan1100" value="1"/>
		<feat xlink:href="#sSpan1115" value="2"/>
		<feat xlink:href="#sSpan1132" value="3"/>
		<feat xlink:href="#sSpan1143" value="4"/>
		<feat xlink:href="#sSpan1163" value="5"/>
		<feat xlink:href="#sSpan1175" value="6"/>
		<feat xlink:href="#sSpan1190" value="7"/>
		<feat xlink:href="#sSpan1205" value="8"/>
		<feat xlink:href="#sSpan1215" value="9"/>
		<feat xlink:href="#sSpan1238" value="10"/>
		<feat xlink:href="#sSpan1248" value="11"/>
		<feat xlink:href="#sSpan1269" value="12"/>
		<feat xlink:href="#sSpan1285" value="13"/>
		<feat xlink:href="#sSpan1302" value="14"/>
		<feat xlink:href="#sSpan1315" value="15"/>
		<feat xlink:href="#sSpan1328" value="16"/>
		<feat xlink:href="#sSpan1347" value="17"/>
		<feat xlink:href="#sSpan1365" value="18"/>
		<feat xlink:href="#sSpan1378" value="19"/>
		<feat xlink:href="#sSpan1403" value="20"/>
		<feat xlink:href="#sSpan1420" value="21"/>
		<feat xlink:href="#sSpan1433" value="22"/>
		<feat xlink:href="#sSpan1445" value="23"/>
		<feat xlink:href="#sSpan1460" value="24"/>
		<feat xlink:href="#sSpan1477" value="25"/>
		<feat xlink:href="#sSpan1487" value="26"/>
		<feat xlink:href="#sSpan1506" value="27"/>
		<feat xlink:href="#sSpan1519" value="28"/>
		<feat xlink:href="#sSpan1537" value="29"/>
		<feat xlink:href="#sSpan1557" value="30"/>
		<feat xlink:href="#sSpan1574" value="31"/>
		<feat xlink:href="#sSpan1591" value="32"/>
		<feat xlink:href="#sSpan1605" value="33"/>
		<feat xlink:href="#sSpan1621" value="34"/>
		<feat xlink:href="#sSpan1636" value="35"/>
		<feat xlink:href="#sSpan1651" value="1"/>
		<feat xlink:href="#sSpan1667" value="2"/>
		<feat xlink:href="#sSpan1682" value="3"/>
		<feat xlink:href="#sSpan1701" value="4"/>
		<feat xlink:href="#sSpan1712" value="5"/>
		<feat xlink:href="#sSpan1729" value="6"/>
		<feat xlink:href="#sSpan1738" value="7"/>
		<feat xlink:href="#sSpan1754" value="8"/>
		<feat xlink:href="#sSpan1768" value="9"/>
		<feat xlink:href="#sSpan1782" value="10"/>
		<feat xlink:href="#sSpan1789" value="11"/>
		<feat xlink:href="#sSpan1807" value="12"/>
		<feat xlink:href="#sSpan1820" value="13"/>
		<feat xlink:href="#sSpan1837" value="14"/>
		<feat xlink:href="#sSpan1855" value="15"/>
		<feat xlink:href="#sSpan1873" value="16"/>
		<feat xlink:href="#sSpan1891" value="17"/>
		<feat xlink:href="#sSpan1906" value="18"/>
		<feat xlink:href="#sSpan1923" value="19"/>
		<feat xlink:href="#sSpan1938" value="20"/>
		<feat xlink:href="#sSpan1956" value="21"/>
		<feat xlink:href="#sSpan1979" value="22"/>
		<feat xlink:href="#sSpan1992" value="23"/>
		<feat xlink:href="#sSpan2003" value="24"/>
		<feat xlink:href="#sSpan2021" value="25"/>
		<feat xlink:href="#sSpan2034" value="26"/>
		<feat xlink:href="#sSpan2050" value="27"/>
		<feat xlink:href="#sSpan2064" value="28"/>
		<feat xlink:href="#sSpan2076" value="29"/>
		<feat xlink:href="#sSpan2093" value="30"/>
		<feat xlink:href="#sSpan2101" value="31"/>
		<feat xlink:href="#sSpan2113" value="32"/>
		<feat xlink:href="#sSpan2128" value="33"/>
		<feat xlink:href="#sSpan2142" value="34"/>
		<feat xlink:href="#sSpan2162" value="35"/>
		<feat xlink:href="#sSpan2177" value="1"/>
		<feat xlink:href="#sSpan2199" value="2"/>
		<feat xlink:href="#sSpan2216" value="3"/>
		<feat xlink:href="#sSpan2229" value="4"/>
		<feat xlink:href="#sSpan2246" value="5"/>
		<feat xlink:href="#sSpan2259" value="6"/>
		<feat xlink:href="#sSpan2277" value="7"/>
		<feat xlink:href="#sSpan2288" value="8"/>
		<feat xlink:href="#sSpan2308" value="9"/>
		<feat xlink:href="#sSpan2324" value="10"/>
		<feat xlink:href="#sSpan2338" value="11"/>
		<feat xlink:href="#sSpan2348" value="12"/>
		<feat xlink:href="#sSpan2363" value="13"/>
		<feat xlink:href="#sSpan2384" value="14"/>
		<feat xlink:href="#sSpan2392" value="15"/>
		<feat xlink:href="#sSpan2407" value="16"/>
		<feat xlink:href="#sSpan2429" value="17"/>
		<feat xlink:href="#sSpan2445" value="18"/>
		<feat xlink:href="#sSpan2456" value="19"/>
		<feat xlink:href="#sSpan2475" value="20"/>
		<feat xlink:href="#sSpan2490" value="21"/>
		<feat xlink:href="#sSpan2511" value="22"/>
		<feat xlink:href="#sSpan2531" value="23"/>
		<feat xlink:href="#sSpan2543" value="24"/>
		<feat xlink:href="#sSpan2564" value="25"/>
		<feat xlink:href="#sSpan2577" value="26"/>
		<feat xlink:href="#sSpan2592" value="27"/>
		<feat xlink:href="#sSpan2611" value="28"/>
		<feat xlink:href="#sSpan2628" value="29"/>
		<feat xlink:href="#sSpan2637" value="30"/>
		<feat xlink:href="#sSpan2657" value="31"/>
		<feat xlink:href="#sSpan2670" value="32"/>
		<feat xlink:href="#sSpan2683" value="33"/>
		<feat xlink:href="#sSpan2690" value="34"/>
		<feat xlink:href="#sSpan2705" value="35"/>
		<feat xlink:href="#sSpan2723" value="1"/>
		<feat xlink:href="#sSpan2742" value="2"/>
		<feat xlink:href="#sSpan2755" value="3"/>
		<feat xlink:href="#sSpan2768" value="4"/>
		<feat xlink:href="#sSpan2788" value="5"/>
		<feat xlink:href="#sSpan2807" value="6"/>
		<feat xlink:href="#sSpan2831" value="7"/>
		<feat xlink:href="#sSpan2848" value="8"/>
		<feat xlink:href="#sSpan2867" value="9"/>
		<feat xlink:href="#sSpan2882" value="10"/>
		<feat xlink:href="#sSpan2901" value="11"/>
		<feat xlink:href="#sSpan2928" value="12"/>
		<feat xlink:href="#sSpan2937" value="13"/>
		<feat xlink:href="#sSpan2954" value="14"/>
		<feat xlink:href="#sSpan2969" value="15"/>
		<feat xlink:href="#sSpan2992" value="16"/>
		<feat xlink:href="#sSpan3001" value="17"/>
		<feat xlink:href="#sSpan3016" value="18"/>
		<feat xlink:href="#sSpan3033" value="19"/>
		<feat xlink:href="#sSpan3052" value="20"/>
		<feat xlink:href="#sSpan3065" value="21"/>
		<feat xlink:href="#sSpan3082" value="22"/>
		<feat xlink:href="#sSpan3102" value="23"/>
		<feat xlink:href="#sSpan3122" value="24"/>
		<feat xlink:href="#sSpan3134" value="25"/>
		<feat xlink:href="#sSpan3148" value="26"/>
		<feat xlink:href="#sSpan3167" value="27"/>
		<feat xlink:href="#sSpan3184" value="28"/>
		<feat xlink:href="#sSpan3197" value="29"/>
		<feat xlink:href="#sSpan3219" value="30"/>
		<feat xlink:href="#sSpan3232" value="31"/>
		<feat xlink:href="#sSpan3245" value="32"/>
		<feat xlink:href="#sSpan3267" value="33"/>
		<feat xlink:href="#sSpan3284" value="34"/>
		<feat xlink:href="#sSpan3299" value="35"/>
		<feat xlink:href="#sSpan3322" value="1"/>
		<feat xlink:href="#sSpan3338" value="2"/>
		<feat xlink:href="#sSpan3353" value="3"/>
		<feat xlink:href="#sSpan3369" value="4"/>
		<feat xlink:href="#sSpan3397" value="5"/>
		<feat xlink:href="#sSpan3415" value="6"/>
		<feat xlink:href="#sSpan3430" value="7"/>
		<feat xlink:href="#sSpan3449" value="8"/>
		<feat xlink:href="#sSpan3468" value="9"/>
		<feat xlink:href="#sSpan3483" value="10"/>
		<feat xlink:href="#sSpan3496" value="11"/>
		<feat xlink:href="#sSpan3511" value="12"/>
		<feat xlink:href="#sSpan3526" value="13"/>
		<feat xlink:href="#sSpan3540" value="14"/>
		<feat xlink:href="#sSpan3567" value="15"/>
		<feat xlink:href="#sSpan3596" value="16"/>
		<feat xlink:href="#sSpan3609" value="17"/>
		<feat xlink:href="#sSpan3635" value="18"/>
		<feat xlink:href="#sSpan3653" value="19"/>
		<feat xlink:href="#sSpan3669" value="20"/>
		<feat xlink:href="#sSpan3688" value="21"/>
		<feat xlink:href="#sSpan3705" value="22"/>
		<feat xlink:href="#sSpan3724" value="23"/>
		<feat xlink:href="#sSpan3740" value="24"/>
		<feat xlink:href="#sSpan3763" value="25"/>
		<feat xlink:href="#sSpan3782" value="26"/>
		<feat xlink:href="#sSpan3798" value="27"/>
		<feat xlink:href="#sSpan3813" value="28"/>
		<feat xlink:href="#sSpan3824" value="29"/>
		<feat xlink:href="#sSpan3843" value="30"/>
		<feat xlink:href="#sSpan3856" value="31"/>
		<feat xlink:href="#sSpan3869" value="32"/>
		<feat xlink:href="#sSpan3885" value="33"/>
		<feat xlink:href="#sSpan3896" value="34"/>
		<feat xlink:href="#sSpan3904" value="35"/>
		<feat xlink:href="#sSpan3916" value="1"/>
		<feat xlink:href="#sSpan3927" value="2"/>
		<feat xlink:href="#sSpan3940" value="3"/>
		<feat xlink:href="#sSpan3960" value="4"/>
		<feat xlink:href="#sSpan3975" value="5"/>
		<feat xlink:href="#sSpan3991" value="6"/>
		<feat xlink:href="#sSpan4010" value="7"/>
		<feat xlink:href="#sSpan4033" value="8"/>
		<feat xlink:href="#sSpan4044" value="9"/>
		<feat xlink:href="#sSpan4053" value="10"/>
		<feat xlink:href="#sSpan4066" value="11"/>
		<feat xlink:href="#sSpan4087" value="12"/>
		<feat xlink:href="#sSpan4104" value="13"/>
		<feat xlink:href="#sSpan4117" value="14"/>
		<feat xlink:href="#sSpan4132" value="15"/>
		<feat xlink:href="#sSpan4148" value="16"/>
		<feat xlink:href="#sSpan4160" value="17"/>
		<feat xlink:href="#sSpan4176" value="18"/>
		<feat xlink:href="#sSpan4186" value="19"/>
		<feat xlink:href="#sSpan4197" value="20"/>
		<feat xlink:href="#sSpan4207" value="21"/>
		<feat xlink:href="#sSpan4231" value="22"/>
		<feat xlink:href="#sSpan4242" value="23"/>
		<feat xlink:href="#sSpan4259" value="24"/>
		<feat xlink:href="#sSpan4268" value="25"/>
		<feat xlink:href="#sSpan4285" value="26"/>
		<feat xlink:href="#sSpan4301" value="27"/>
		<feat xlink:href="#sSpan4316" value="28"/>
		<feat xlink:href="#sSpan4325" value="29"/>
		<feat xlink:href="#sSpan4338" value="30"/>
		<feat xlink:href="#sSpan4353" value="31"/>
		<feat xlink:href="#sSpan4375" value="32"/>
		<feat xlink:href="#sSpan4390" value="33"/>
		<feat xlink:href="#sSpan4405" value="34"/>
		<feat xlink:href="#sSpan4421" value="35"/></featList></paula>