<?xml version='1.0' encoding='UTF-8'?><!DOCTYPE paula SYSTEM "paula_feat.dtd">
<paula version="1.1">
	<header paula_id="scriptorium.40_Matthew_10.mark_pos"/>
	<featList xmlns:xlink="http://www.w3.org/1999/xlink" type="pos" xml:base="scriptorium.40_Matthew_10.mark.xml">
		<feat xlink:href="#sSpan2" value="APST"/>
		<feat xlink:href="#sSpan4" value="PPERS"/>
		<feat xlink:href="#sSpan5" value="V"/>
		<feat xlink:href="#sSpan6" value="PTC"/>
		<feat xlink:href="#sSpan8" value="PREP"/>
		<feat xlink:href="#sSpan10" value="PPOS"/>
		<feat xlink:href="#sSpan12" value="N"/>
		<feat xlink:href="#sSpan14" value="PREP"/>
		<feat xlink:href="#sSpan16" value="N"/>
		<feat xlink:href="#sSpan17" value="PUNCT"/>
		<feat xlink:href="#sSpan19" value="APST"/>
		<feat xlink:href="#sSpan21" value="PPERS"/>
		<feat xlink:href="#sSpan22" value="V"/>
		<feat xlink:href="#sSpan23" value="PREP"/>
		<feat xlink:href="#sSpan25" value="PPERO"/>
		<feat xlink:href="#sSpan26" value="PREP"/>
		<feat xlink:href="#sSpan28" value="ART"/>
		<feat xlink:href="#sSpan29" value="N"/>
		<feat xlink:href="#sSpan30" value="PREP"/>
		<feat xlink:href="#sSpan32" value="ART"/>
		<feat xlink:href="#sSpan33" value="N"/>
		<feat xlink:href="#sSpan34" value="PREP"/>
		<feat xlink:href="#sSpan36" value="N"/>
		<feat xlink:href="#sSpan37" value="CCIRC"/>
		<feat xlink:href="#sSpan39" value="V"/>
		<feat xlink:href="#sSpan40" value="ADV"/>
		<feat xlink:href="#sSpan42" value="CONJ"/>
		<feat xlink:href="#sSpan44" value="CFOC"/>
		<feat xlink:href="#sSpan46" value="V"/>
		<feat xlink:href="#sSpan47" value="N"/>
		<feat xlink:href="#sSpan48" value="PREP"/>
		<feat xlink:href="#sSpan50" value="N"/>
		<feat xlink:href="#sSpan51" value="PINT"/>
		<feat xlink:href="#sSpan53" value="V"/>
		<feat xlink:href="#sSpan55" value="PINT"/>
		<feat xlink:href="#sSpan57" value="PUNCT"/>
		<feat xlink:href="#sSpan60" value="PDEM"/>
		<feat xlink:href="#sSpan62" value="PTC"/>
		<feat xlink:href="#sSpan64" value="CPRET"/>
		<feat xlink:href="#sSpan66" value="ART"/>
		<feat xlink:href="#sSpan68" value="N"/>
		<feat xlink:href="#sSpan69" value="PREP"/>
		<feat xlink:href="#sSpan71" value="ART"/>
		<feat xlink:href="#sSpan73" value="NUM"/>
		<feat xlink:href="#sSpan75" value="ART"/>
		<feat xlink:href="#sSpan77" value="N"/>
		<feat xlink:href="#sSpan78" value="PUNCT"/>
		<feat xlink:href="#sSpan80" value="ART"/>
		<feat xlink:href="#sSpan82" value="N"/>
		<feat xlink:href="#sSpan83" value="COP"/>
		<feat xlink:href="#sSpan85" value="NPROP"/>
		<feat xlink:href="#sSpan87" value="ART"/>
		<feat xlink:href="#sSpan89" value="CREL"/>
		<feat xlink:href="#sSpan90" value="AAOR"/>
		<feat xlink:href="#sSpan91" value="PPERS"/>
		<feat xlink:href="#sSpan92" value="V"/>
		<feat xlink:href="#sSpan93" value="PREP"/>
		<feat xlink:href="#sSpan95" value="PPERO"/>
		<feat xlink:href="#sSpan96" value="CONJ"/>
		<feat xlink:href="#sSpan98" value="NPROP"/>
		<feat xlink:href="#sSpan100" value="PREP"/>
		<feat xlink:href="#sSpan102" value="NPROP"/>
		<feat xlink:href="#sSpan104" value="PPOS"/>
		<feat xlink:href="#sSpan106" value="N"/>
		<feat xlink:href="#sSpan107" value="PUNCT"/>
		<feat xlink:href="#sSpan109" value="NPROP"/>
		<feat xlink:href="#sSpan111" value="ART"/>
		<feat xlink:href="#sSpan113" value="N"/>
		<feat xlink:href="#sSpan114" value="PREP"/>
		<feat xlink:href="#sSpan116" value="NPROP"/>
		<feat xlink:href="#sSpan117" value="PREP"/>
		<feat xlink:href="#sSpan119" value="NPROP"/>
		<feat xlink:href="#sSpan121" value="PPOS"/>
		<feat xlink:href="#sSpan123" value="N"/>
		<feat xlink:href="#sSpan124" value="PUNCT"/>
		<feat xlink:href="#sSpan127" value="NPROP"/>
		<feat xlink:href="#sSpan129" value="PREP"/>
		<feat xlink:href="#sSpan131" value="NPROP"/>
		<feat xlink:href="#sSpan133" value="NPROP"/>
		<feat xlink:href="#sSpan135" value="PREP"/>
		<feat xlink:href="#sSpan137" value="N"/>
		<feat xlink:href="#sSpan139" value="ART"/>
		<feat xlink:href="#sSpan141" value="N"/>
		<feat xlink:href="#sSpan142" value="NPROP"/>
		<feat xlink:href="#sSpan144" value="ART"/>
		<feat xlink:href="#sSpan146" value="N"/>
		<feat xlink:href="#sSpan147" value="PREP"/>
		<feat xlink:href="#sSpan149" value="N"/>
		<feat xlink:href="#sSpan150" value="PREP"/>
		<feat xlink:href="#sSpan152" value="N"/>
		<feat xlink:href="#sSpan154" value="PUNCT"/>
		<feat xlink:href="#sSpan157" value="NPROP"/>
		<feat xlink:href="#sSpan159" value="ART"/>
		<feat xlink:href="#sSpan161" value="N"/>
		<feat xlink:href="#sSpan162" value="PREP"/>
		<feat xlink:href="#sSpan164" value="NPROP"/>
		<feat xlink:href="#sSpan166" value="ART"/>
		<feat xlink:href="#sSpan168" value="NPROP"/>
		<feat xlink:href="#sSpan169" value="ART"/>
		<feat xlink:href="#sSpan171" value="CREL"/>
		<feat xlink:href="#sSpan172" value="APST"/>
		<feat xlink:href="#sSpan173" value="PPERS"/>
		<feat xlink:href="#sSpan174" value="V"/>
		<feat xlink:href="#sSpan175" value="PREP"/>
		<feat xlink:href="#sSpan177" value="PPERO"/>
		<feat xlink:href="#sSpan178" value="PUNCT"/>
		<feat xlink:href="#sSpan181" value="PDEM"/>
		<feat xlink:href="#sSpan184" value="NUM"/>
		<feat xlink:href="#sSpan186" value="APST"/>
		<feat xlink:href="#sSpan188" value="PPERS"/>
		<feat xlink:href="#sSpan189" value="V"/>
		<feat xlink:href="#sSpan190" value="PTC"/>
		<feat xlink:href="#sSpan192" value="NPROP"/>
		<feat xlink:href="#sSpan194" value="APST"/>
		<feat xlink:href="#sSpan196" value="PPERS"/>
		<feat xlink:href="#sSpan197" value="V"/>
		<feat xlink:href="#sSpan198" value="PREP"/>
		<feat xlink:href="#sSpan200" value="PPERO"/>
		<feat xlink:href="#sSpan201" value="CCIRC"/>
		<feat xlink:href="#sSpan203" value="PPERS"/>
		<feat xlink:href="#sSpan204" value="V"/>
		<feat xlink:href="#sSpan205" value="PREP"/>
		<feat xlink:href="#sSpan207" value="PPERO"/>
		<feat xlink:href="#sSpan208" value="CONJ"/>
		<feat xlink:href="#sSpan210" value="NEG"/>
		<feat xlink:href="#sSpan212" value="V"/>
		<feat xlink:href="#sSpan213" value="PREP"/>
		<feat xlink:href="#sSpan215" value="N"/>
		<feat xlink:href="#sSpan216" value="PREP"/>
		<feat xlink:href="#sSpan218" value="N"/>
		<feat xlink:href="#sSpan219" value="PUNCT"/>
		<feat xlink:href="#sSpan221" value="CONJ"/>
		<feat xlink:href="#sSpan223" value="NEG"/>
		<feat xlink:href="#sSpan225" value="V"/>
		<feat xlink:href="#sSpan226" value="ADV"/>
		<feat xlink:href="#sSpan228" value="PREP"/>
		<feat xlink:href="#sSpan230" value="N"/>
		<feat xlink:href="#sSpan231" value="PREP"/>
		<feat xlink:href="#sSpan233" value="N"/>
		<feat xlink:href="#sSpan234" value="PUNCT"/>
		<feat xlink:href="#sSpan237" value="V"/>
		<feat xlink:href="#sSpan239" value="PTC"/>
		<feat xlink:href="#sSpan241" value="ART"/>
		<feat xlink:href="#sSpan243" value="N"/>
		<feat xlink:href="#sSpan244" value="PREP"/>
		<feat xlink:href="#sSpan246" value="ART"/>
		<feat xlink:href="#sSpan247" value="N"/>
		<feat xlink:href="#sSpan248" value="CREL"/>
		<feat xlink:href="#sSpan250" value="APST"/>
		<feat xlink:href="#sSpan251" value="PPERS"/>
		<feat xlink:href="#sSpan252" value="V"/>
		<feat xlink:href="#sSpan253" value="PREP"/>
		<feat xlink:href="#sSpan255" value="ART"/>
		<feat xlink:href="#sSpan256" value="N"/>
		<feat xlink:href="#sSpan257" value="PREP"/>
		<feat xlink:href="#sSpan259" value="ART"/>
		<feat xlink:href="#sSpan260" value="NPROP"/>
		<feat xlink:href="#sSpan261" value="PUNCT"/>
		<feat xlink:href="#sSpan264" value="CCIRC"/>
		<feat xlink:href="#sSpan266" value="PPERS"/>
		<feat xlink:href="#sSpan267" value="N"/>
		<feat xlink:href="#sSpan268" value="PTC"/>
		<feat xlink:href="#sSpan270" value="PPOS"/>
		<feat xlink:href="#sSpan272" value="N"/>
		<feat xlink:href="#sSpan273" value="CCIRC"/>
		<feat xlink:href="#sSpan275" value="PPERS"/>
		<feat xlink:href="#sSpan276" value="V"/>
		<feat xlink:href="#sSpan277" value="PREP"/>
		<feat xlink:href="#sSpan279" value="PPERO"/>
		<feat xlink:href="#sSpan280" value="CONJ"/>
		<feat xlink:href="#sSpan282" value="V"/>
		<feat xlink:href="#sSpan284" value="PUNCT"/>
		<feat xlink:href="#sSpan286" value="APST"/>
		<feat xlink:href="#sSpan288" value="PPERS"/>
		<feat xlink:href="#sSpan289" value="V"/>
		<feat xlink:href="#sSpan290" value="PTC"/>
		<feat xlink:href="#sSpan292" value="ADV"/>
		<feat xlink:href="#sSpan294" value="PTC"/>
		<feat xlink:href="#sSpan296" value="ART"/>
		<feat xlink:href="#sSpan299" value="N"/>
		<feat xlink:href="#sSpan301" value="PREP"/>
		<feat xlink:href="#sSpan303" value="ART"/>
		<feat xlink:href="#sSpan304" value="N"/>
		<feat xlink:href="#sSpan305" value="PUNCT"/>
		<feat xlink:href="#sSpan308" value="ART"/>
		<feat xlink:href="#sSpan310" value="CREL"/>
		<feat xlink:href="#sSpan311" value="V"/>
		<feat xlink:href="#sSpan312" value="N"/>
		<feat xlink:href="#sSpan314" value="PREP"/>
		<feat xlink:href="#sSpan316" value="ART"/>
		<feat xlink:href="#sSpan317" value="ART"/>
		<feat xlink:href="#sSpan319" value="CREL"/>
		<feat xlink:href="#sSpan320" value="VSTAT"/>
		<feat xlink:href="#sSpan321" value="V"/>
		<feat xlink:href="#sSpan323" value="PPERO"/>
		<feat xlink:href="#sSpan324" value="PREP"/>
		<feat xlink:href="#sSpan326" value="N"/>
		<feat xlink:href="#sSpan327" value="V"/>
		<feat xlink:href="#sSpan329" value="PPERO"/>
		<feat xlink:href="#sSpan330" value="ADV"/>
		<feat xlink:href="#sSpan332" value="APST"/>
		<feat xlink:href="#sSpan334" value="PPERS"/>
		<feat xlink:href="#sSpan335" value="V"/>
		<feat xlink:href="#sSpan336" value="PREP"/>
		<feat xlink:href="#sSpan338" value="N"/>
		<feat xlink:href="#sSpan339" value="V"/>
		<feat xlink:href="#sSpan341" value="N"/>
		<feat xlink:href="#sSpan342" value="PUNCT"/>
		<feat xlink:href="#sSpan345" value="NEG"/>
		<feat xlink:href="#sSpan347" value="V"/>
		<feat xlink:href="#sSpan348" value="PREP"/>
		<feat xlink:href="#sSpan350" value="PPERO"/>
		<feat xlink:href="#sSpan351" value="PREP"/>
		<feat xlink:href="#sSpan353" value="ART"/>
		<feat xlink:href="#sSpan354" value="N"/>
		<feat xlink:href="#sSpan355" value="PUNCT"/>
		<feat xlink:href="#sSpan357" value="CONJ"/>
		<feat xlink:href="#sSpan359" value="ART"/>
		<feat xlink:href="#sSpan361" value="N"/>
		<feat xlink:href="#sSpan362" value="PUNCT"/>
		<feat xlink:href="#sSpan364" value="CONJ"/>
		<feat xlink:href="#sSpan366" value="N"/>
		<feat xlink:href="#sSpan368" value="PREP"/>
		<feat xlink:href="#sSpan370" value="PPOS"/>
		<feat xlink:href="#sSpan372" value="N"/>
		<feat xlink:href="#sSpan373" value="PUNCT"/>
		<feat xlink:href="#sSpan376" value="CONJ"/>
		<feat xlink:href="#sSpan378" value="N"/>
		<feat xlink:href="#sSpan380" value="PREP"/>
		<feat xlink:href="#sSpan382" value="ART"/>
		<feat xlink:href="#sSpan383" value="N"/>
		<feat xlink:href="#sSpan384" value="CONJ"/>
		<feat xlink:href="#sSpan386" value="N"/>
		<feat xlink:href="#sSpan388" value="N"/>
		<feat xlink:href="#sSpan390" value="CONJ"/>
		<feat xlink:href="#sSpan392" value="ART"/>
		<feat xlink:href="#sSpan394" value="N"/>
		<feat xlink:href="#sSpan395" value="CONJ"/>
		<feat xlink:href="#sSpan397" value="ART"/>
		<feat xlink:href="#sSpan399" value="N"/>
		<feat xlink:href="#sSpan400" value="PPERS"/>
		<feat xlink:href="#sSpan402" value="V"/>
		<feat xlink:href="#sSpan403" value="PTC"/>
		<feat xlink:href="#sSpan405" value="PTC"/>
		<feat xlink:href="#sSpan407" value="ART"/>
		<feat xlink:href="#sSpan409" value="N"/>
		<feat xlink:href="#sSpan410" value="PREP"/>
		<feat xlink:href="#sSpan412" value="PPOS"/>
		<feat xlink:href="#sSpan413" value="N"/>
		<feat xlink:href="#sSpan414" value="PUNCT"/>
		<feat xlink:href="#sSpan417" value="ART"/>
		<feat xlink:href="#sSpan419" value="N"/>
		<feat xlink:href="#sSpan420" value="PTC"/>
		<feat xlink:href="#sSpan422" value="PREP"/>
		<feat xlink:href="#sSpan424" value="PPOS"/>
		<feat xlink:href="#sSpan425" value="N"/>
		<feat xlink:href="#sSpan426" value="ADV"/>
		<feat xlink:href="#sSpan428" value="PREP"/>
		<feat xlink:href="#sSpan430" value="PPERO"/>
		<feat xlink:href="#sSpan431" value="VSTAT"/>
		<feat xlink:href="#sSpan434" value="N"/>
		<feat xlink:href="#sSpan436" value="PUNCT"/>
		<feat xlink:href="#sSpan438" value="V"/>
		<feat xlink:href="#sSpan440" value="ADV"/>
		<feat xlink:href="#sSpan443" value="PREP"/>
		<feat xlink:href="#sSpan446" value="PPERO"/>
		<feat xlink:href="#sSpan447" value="CONJ"/>
		<feat xlink:href="#sSpan449" value="PINT"/>
		<feat xlink:href="#sSpan451" value="ART"/>
		<feat xlink:href="#sSpan453" value="CREL"/>
		<feat xlink:href="#sSpan454" value="V"/>
		<feat xlink:href="#sSpan455" value="ACONJ"/>
		<feat xlink:href="#sSpan457" value="PPERS"/>
		<feat xlink:href="#sSpan458" value="V"/>
		<feat xlink:href="#sSpan459" value="PREP"/>
		<feat xlink:href="#sSpan461" value="ART"/>
		<feat xlink:href="#sSpan463" value="N"/>
		<feat xlink:href="#sSpan464" value="CREL"/>
		<feat xlink:href="#sSpan466" value="ADV"/>
		<feat xlink:href="#sSpan467" value="ALIM"/>
		<feat xlink:href="#sSpan469" value="PPERS"/>
		<feat xlink:href="#sSpan470" value="V"/>
		<feat xlink:href="#sSpan471" value="ADV"/>
		<feat xlink:href="#sSpan473" value="PUNCT"/>
		<feat xlink:href="#sSpan476" value="CCIRC"/>
		<feat xlink:href="#sSpan478" value="PPERS"/>
		<feat xlink:href="#sSpan479" value="VSTAT"/>
		<feat xlink:href="#sSpan480" value="PTC"/>
		<feat xlink:href="#sSpan482" value="ADV"/>
		<feat xlink:href="#sSpan484" value="PREP"/>
		<feat xlink:href="#sSpan486" value="ART"/>
		<feat xlink:href="#sSpan487" value="N"/>
		<feat xlink:href="#sSpan488" value="V"/>
		<feat xlink:href="#sSpan490" value="PREP"/>
		<feat xlink:href="#sSpan492" value="PPERO"/>
		<feat xlink:href="#sSpan493" value="PUNCT"/>
		<feat xlink:href="#sSpan496" value="CONJ"/>
		<feat xlink:href="#sSpan498" value="CONJ"/>
		<feat xlink:href="#sSpan500" value="ART"/>
		<feat xlink:href="#sSpan502" value="N"/>
		<feat xlink:href="#sSpan503" value="PREP"/>
		<feat xlink:href="#sSpan505" value="ART"/>
		<feat xlink:href="#sSpan506" value="N"/>
		<feat xlink:href="#sSpan507" value="AJUS"/>
		<feat xlink:href="#sSpan509" value="PPERS"/>
		<feat xlink:href="#sSpan510" value="N"/>
		<feat xlink:href="#sSpan511" value="V"/>
		<feat xlink:href="#sSpan513" value="ADV"/>
		<feat xlink:href="#sSpan515" value="PREP"/>
		<feat xlink:href="#sSpan517" value="PPERO"/>
		<feat xlink:href="#sSpan518" value="PUNCT"/>
		<feat xlink:href="#sSpan520" value="CONJ"/>
		<feat xlink:href="#sSpan522" value="PTC"/>
		<feat xlink:href="#sSpan524" value="ACONJ"/>
		<feat xlink:href="#sSpan526" value="PPERS"/>
		<feat xlink:href="#sSpan527" value="V"/>
		<feat xlink:href="#sSpan528" value="NEG"/>
		<feat xlink:href="#sSpan530" value="AJUS"/>
		<feat xlink:href="#sSpan532" value="PPERS"/>
		<feat xlink:href="#sSpan533" value="N"/>
		<feat xlink:href="#sSpan534" value="V"/>
		<feat xlink:href="#sSpan536" value="PPERO"/>
		<feat xlink:href="#sSpan537" value="PREP"/>
		<feat xlink:href="#sSpan539" value="PPERO"/>
		<feat xlink:href="#sSpan540" value="PUNCT"/>
		<feat xlink:href="#sSpan543" value="ART"/>
		<feat xlink:href="#sSpan545" value="CREL"/>
		<feat xlink:href="#sSpan546" value="NEG"/>
		<feat xlink:href="#sSpan547" value="PPERS"/>
		<feat xlink:href="#sSpan548" value="FUT"/>
		<feat xlink:href="#sSpan549" value="V"/>
		<feat xlink:href="#sSpan550" value="PPERO"/>
		<feat xlink:href="#sSpan551" value="PTC"/>
		<feat xlink:href="#sSpan553" value="NEG"/>
		<feat xlink:href="#sSpan555" value="CONJ"/>
		<feat xlink:href="#sSpan557" value="ACONJ"/>
		<feat xlink:href="#sSpan559" value="PPERS"/>
		<feat xlink:href="#sSpan560" value="NEG"/>
		<feat xlink:href="#sSpan561" value="V"/>
		<feat xlink:href="#sSpan562" value="CONJ"/>
		<feat xlink:href="#sSpan564" value="ART"/>
		<feat xlink:href="#sSpan565" value="ART"/>
		<feat xlink:href="#sSpan566" value="N"/>
		<feat xlink:href="#sSpan567" value="CCIRC"/>
		<feat xlink:href="#sSpan569" value="PPERS"/>
		<feat xlink:href="#sSpan570" value="VSTAT"/>
		<feat xlink:href="#sSpan571" value="PTC"/>
		<feat xlink:href="#sSpan573" value="ADV"/>
		<feat xlink:href="#sSpan575" value="PREP"/>
		<feat xlink:href="#sSpan577" value="ART"/>
		<feat xlink:href="#sSpan579" value="N"/>
		<feat xlink:href="#sSpan580" value="N"/>
		<feat xlink:href="#sSpan582" value="N"/>
		<feat xlink:href="#sSpan583" value="CREL"/>
		<feat xlink:href="#sSpan585" value="ADV"/>
		<feat xlink:href="#sSpan586" value="VSTAT"/>
		<feat xlink:href="#sSpan589" value="N"/>
		<feat xlink:href="#sSpan591" value="PREP"/>
		<feat xlink:href="#sSpan593" value="ART"/>
		<feat xlink:href="#sSpan594" value="N"/>
		<feat xlink:href="#sSpan595" value="ADV"/>
		<feat xlink:href="#sSpan597" value="PREP"/>
		<feat xlink:href="#sSpan599" value="ART"/>
		<feat xlink:href="#sSpan600" value="N"/>
		<feat xlink:href="#sSpan601" value="PREP"/>
		<feat xlink:href="#sSpan603" value="PPOS"/>
		<feat xlink:href="#sSpan604" value="N"/>
		<feat xlink:href="#sSpan605" value="PUNCT"/>
		<feat xlink:href="#sSpan608" value="PTC"/>
		<feat xlink:href="#sSpan610" value="PPERS"/>
		<feat xlink:href="#sSpan612" value="V"/>
		<feat xlink:href="#sSpan613" value="PREP"/>
		<feat xlink:href="#sSpan615" value="PPERO"/>
		<feat xlink:href="#sSpan616" value="PREP"/>
		<feat xlink:href="#sSpan618" value="PPERO"/>
		<feat xlink:href="#sSpan619" value="PUNCT"/>
		<feat xlink:href="#sSpan621" value="CONJ"/>
		<feat xlink:href="#sSpan623" value="EXIST"/>
		<feat xlink:href="#sSpan625" value="ART"/>
		<feat xlink:href="#sSpan626" value="N"/>
		<feat xlink:href="#sSpan627" value="FUT"/>
		<feat xlink:href="#sSpan629" value="V"/>
		<feat xlink:href="#sSpan630" value="PREP"/>
		<feat xlink:href="#sSpan632" value="ART"/>
		<feat xlink:href="#sSpan634" value="N"/>
		<feat xlink:href="#sSpan635" value="PREP"/>
		<feat xlink:href="#sSpan637" value="NPROP"/>
		<feat xlink:href="#sSpan638" value="PREP"/>
		<feat xlink:href="#sSpan640" value="NPROP"/>
		<feat xlink:href="#sSpan642" value="PREP"/>
		<feat xlink:href="#sSpan644" value="ART"/>
		<feat xlink:href="#sSpan646" value="N"/>
		<feat xlink:href="#sSpan647" value="PREP"/>
		<feat xlink:href="#sSpan649" value="ART"/>
		<feat xlink:href="#sSpan650" value="N"/>
		<feat xlink:href="#sSpan651" value="PREP"/>
		<feat xlink:href="#sSpan653" value="ART"/>
		<feat xlink:href="#sSpan654" value="N"/>
		<feat xlink:href="#sSpan655" value="CREL"/>
		<feat xlink:href="#sSpan657" value="ADV"/>
		<feat xlink:href="#sSpan658" value="PUNCT"/>
		<feat xlink:href="#sSpan661" value="PTC"/>
		<feat xlink:href="#sSpan663" value="N"/>
		<feat xlink:href="#sSpan665" value="PPERI"/>
		<feat xlink:href="#sSpan667" value="PPERS"/>
		<feat xlink:href="#sSpan669" value="V"/>
		<feat xlink:href="#sSpan670" value="PPERO"/>
		<feat xlink:href="#sSpan671" value="PREP"/>
		<feat xlink:href="#sSpan673" value="PPERO"/>
		<feat xlink:href="#sSpan674" value="PREP"/>
		<feat xlink:href="#sSpan676" value="ART"/>
		<feat xlink:href="#sSpan677" value="N"/>
		<feat xlink:href="#sSpan678" value="PREP"/>
		<feat xlink:href="#sSpan680" value="ART"/>
		<feat xlink:href="#sSpan681" value="N"/>
		<feat xlink:href="#sSpan682" value="PREP"/>
		<feat xlink:href="#sSpan684" value="ART"/>
		<feat xlink:href="#sSpan686" value="N"/>
		<feat xlink:href="#sSpan687" value="PREP"/>
		<feat xlink:href="#sSpan689" value="ART"/>
		<feat xlink:href="#sSpan690" value="N"/>
		<feat xlink:href="#sSpan691" value="PUNCT"/>
		<feat xlink:href="#sSpan693" value="V"/>
		<feat xlink:href="#sSpan695" value="ADV"/>
		<feat xlink:href="#sSpan697" value="PREP"/>
		<feat xlink:href="#sSpan699" value="N"/>
		<feat xlink:href="#sSpan700" value="PREP"/>
		<feat xlink:href="#sSpan702" value="ART"/>
		<feat xlink:href="#sSpan703" value="N"/>
		<feat xlink:href="#sSpan704" value="PREP"/>
		<feat xlink:href="#sSpan706" value="ART"/>
		<feat xlink:href="#sSpan707" value="N"/>
		<feat xlink:href="#sSpan708" value="CONJ"/>
		<feat xlink:href="#sSpan710" value="ART"/>
		<feat xlink:href="#sSpan712" value="N"/>
		<feat xlink:href="#sSpan713" value="PREP"/>
		<feat xlink:href="#sSpan715" value="ART"/>
		<feat xlink:href="#sSpan716" value="N"/>
		<feat xlink:href="#sSpan717" value="PREP"/>
		<feat xlink:href="#sSpan719" value="PDEM"/>
		<feat xlink:href="#sSpan720" value="N"/>
		<feat xlink:href="#sSpan721" value="PUNCT"/>
		<feat xlink:href="#sSpan724" value="PDEM"/>
		<feat xlink:href="#sSpan726" value="N"/>
		<feat xlink:href="#sSpan727" value="PPERO"/>
		<feat xlink:href="#sSpan728" value="PTC"/>
		<feat xlink:href="#sSpan730" value="PREP"/>
		<feat xlink:href="#sSpan732" value="PPERO"/>
		<feat xlink:href="#sSpan733" value="ADV"/>
		<feat xlink:href="#sSpan735" value="PREP"/>
		<feat xlink:href="#sSpan737" value="ART"/>
		<feat xlink:href="#sSpan739" value="N"/>
		<feat xlink:href="#sSpan740" value="PUNCT"/>
		<feat xlink:href="#sSpan742" value="PPERS"/>
		<feat xlink:href="#sSpan744" value="FUT"/>
		<feat xlink:href="#sSpan745" value="V"/>
		<feat xlink:href="#sSpan746" value="PTC"/>
		<feat xlink:href="#sSpan748" value="PREP"/>
		<feat xlink:href="#sSpan750" value="PPERO"/>
		<feat xlink:href="#sSpan751" value="PREP"/>
		<feat xlink:href="#sSpan753" value="ART"/>
		<feat xlink:href="#sSpan754" value="N"/>
		<feat xlink:href="#sSpan755" value="CONJ"/>
		<feat xlink:href="#sSpan757" value="ADV"/>
		<feat xlink:href="#sSpan759" value="PREP"/>
		<feat xlink:href="#sSpan761" value="PPOS"/>
		<feat xlink:href="#sSpan763" value="N"/>
		<feat xlink:href="#sSpan764" value="V"/>
		<feat xlink:href="#sSpan766" value="PREP"/>
		<feat xlink:href="#sSpan768" value="PPERO"/>
		<feat xlink:href="#sSpan769" value="PUNCT"/>
		<feat xlink:href="#sSpan772" value="ACONJ"/>
		<feat xlink:href="#sSpan774" value="PPERS"/>
		<feat xlink:href="#sSpan775" value="V"/>
		<feat xlink:href="#sSpan776" value="PPERO"/>
		<feat xlink:href="#sSpan777" value="PREP"/>
		<feat xlink:href="#sSpan779" value="ART"/>
		<feat xlink:href="#sSpan780" value="N"/>
		<feat xlink:href="#sSpan781" value="PREP"/>
		<feat xlink:href="#sSpan783" value="ART"/>
		<feat xlink:href="#sSpan785" value="N"/>
		<feat xlink:href="#sSpan786" value="PREP_PPERO"/>
		<feat xlink:href="#sSpan788" value="PREP"/>
		<feat xlink:href="#sSpan790" value="ART"/>
		<feat xlink:href="#sSpan792" value="N"/>
		<feat xlink:href="#sSpan794" value="PREP"/>
		<feat xlink:href="#sSpan796" value="PPERO"/>
		<feat xlink:href="#sSpan797" value="PREP"/>
		<feat xlink:href="#sSpan799" value="ART"/>
		<feat xlink:href="#sSpan801" value="N"/>
		<feat xlink:href="#sSpan802" value="PUNCT"/>
		<feat xlink:href="#sSpan805" value="CONJ"/>
		<feat xlink:href="#sSpan807" value="PTC"/>
		<feat xlink:href="#sSpan809" value="ACOND_PPERS"/>
		<feat xlink:href="#sSpan811" value="V"/>
		<feat xlink:href="#sSpan812" value="PREP"/>
		<feat xlink:href="#sSpan814" value="PPERO"/>
		<feat xlink:href="#sSpan815" value="NEG"/>
		<feat xlink:href="#sSpan817" value="V"/>
		<feat xlink:href="#sSpan818" value="N"/>
		<feat xlink:href="#sSpan819" value="CONJ"/>
		<feat xlink:href="#sSpan821" value="PREP"/>
		<feat xlink:href="#sSpan823" value="PINT"/>
		<feat xlink:href="#sSpan824" value="PREP"/>
		<feat xlink:href="#sSpan826" value="N"/>
		<feat xlink:href="#sSpan827" value="PUNCT"/>
		<feat xlink:href="#sSpan829" value="N"/>
		<feat xlink:href="#sSpan831" value="FUT"/>
		<feat xlink:href="#sSpan832" value="V"/>
		<feat xlink:href="#sSpan833" value="PPERO"/>
		<feat xlink:href="#sSpan834" value="CONJ"/>
		<feat xlink:href="#sSpan836" value="PINT"/>
		<feat xlink:href="#sSpan838" value="PUNCT"/>
		<feat xlink:href="#sSpan840" value="PPERS"/>
		<feat xlink:href="#sSpan842" value="FUT"/>
		<feat xlink:href="#sSpan843" value="V"/>
		<feat xlink:href="#sSpan844" value="PTC"/>
		<feat xlink:href="#sSpan846" value="PREP"/>
		<feat xlink:href="#sSpan848" value="PPERO"/>
		<feat xlink:href="#sSpan849" value="PREP"/>
		<feat xlink:href="#sSpan851" value="ART"/>
		<feat xlink:href="#sSpan853" value="N"/>
		<feat xlink:href="#sSpan854" value="CREL"/>
		<feat xlink:href="#sSpan856" value="ADV"/>
		<feat xlink:href="#sSpan857" value="CONJ"/>
		<feat xlink:href="#sSpan859" value="PINT"/>
		<feat xlink:href="#sSpan861" value="ART"/>
		<feat xlink:href="#sSpan863" value="CREL"/>
		<feat xlink:href="#sSpan864" value="PPERS"/>
		<feat xlink:href="#sSpan865" value="FUT"/>
		<feat xlink:href="#sSpan866" value="V"/>
		<feat xlink:href="#sSpan867" value="PPERO"/>
		<feat xlink:href="#sSpan868" value="PUNCT"/>
		<feat xlink:href="#sSpan871" value="PPERI"/>
		<feat xlink:href="#sSpan873" value="PTC"/>
		<feat xlink:href="#sSpan875" value="NEG"/>
		<feat xlink:href="#sSpan877" value="ART"/>
		<feat xlink:href="#sSpan879" value="CREL"/>
		<feat xlink:href="#sSpan880" value="V"/>
		<feat xlink:href="#sSpan881" value="CONJ"/>
		<feat xlink:href="#sSpan883" value="ART"/>
		<feat xlink:href="#sSpan885" value="N"/>
		<feat xlink:href="#sSpan886" value="PREP"/>
		<feat xlink:href="#sSpan888" value="PPOS"/>
		<feat xlink:href="#sSpan889" value="N"/>
		<feat xlink:href="#sSpan890" value="ART"/>
		<feat xlink:href="#sSpan892" value="CREL"/>
		<feat xlink:href="#sSpan893" value="V"/>
		<feat xlink:href="#sSpan895" value="PREP"/>
		<feat xlink:href="#sSpan898" value="PPERO"/>
		<feat xlink:href="#sSpan899" value="PUNCT"/>
		<feat xlink:href="#sSpan902" value="EXIST"/>
		<feat xlink:href="#sSpan904" value="ART"/>
		<feat xlink:href="#sSpan905" value="N"/>
		<feat xlink:href="#sSpan906" value="PTC"/>
		<feat xlink:href="#sSpan908" value="FUT"/>
		<feat xlink:href="#sSpan910" value="V"/>
		<feat xlink:href="#sSpan911" value="PREP"/>
		<feat xlink:href="#sSpan913" value="PPOS"/>
		<feat xlink:href="#sSpan914" value="N"/>
		<feat xlink:href="#sSpan915" value="PREP"/>
		<feat xlink:href="#sSpan917" value="ART"/>
		<feat xlink:href="#sSpan918" value="N"/>
		<feat xlink:href="#sSpan919" value="PUNCT"/>
		<feat xlink:href="#sSpan921" value="CONJ"/>
		<feat xlink:href="#sSpan923" value="ART"/>
		<feat xlink:href="#sSpan925" value="N"/>
		<feat xlink:href="#sSpan926" value="PREP"/>
		<feat xlink:href="#sSpan928" value="PPOS"/>
		<feat xlink:href="#sSpan929" value="N"/>
		<feat xlink:href="#sSpan930" value="PUNCT"/>
		<feat xlink:href="#sSpan932" value="PREP"/>
		<feat xlink:href="#sSpan934" value="ART"/>
		<feat xlink:href="#sSpan935" value="N"/>
		<feat xlink:href="#sSpan936" value="V"/>
		<feat xlink:href="#sSpan938" value="PREP"/>
		<feat xlink:href="#sSpan940" value="PPOS"/>
		<feat xlink:href="#sSpan942" value="N"/>
		<feat xlink:href="#sSpan943" value="ACONJ"/>
		<feat xlink:href="#sSpan945" value="PPERS"/>
		<feat xlink:href="#sSpan946" value="V"/>
		<feat xlink:href="#sSpan947" value="PREP"/>
		<feat xlink:href="#sSpan949" value="PPERO"/>
		<feat xlink:href="#sSpan950" value="PUNCT"/>
		<feat xlink:href="#sSpan953" value="ACONJ"/>
		<feat xlink:href="#sSpan955" value="PPERS"/>
		<feat xlink:href="#sSpan956" value="V"/>
		<feat xlink:href="#sSpan957" value="CCIRC"/>
		<feat xlink:href="#sSpan959" value="PPERS"/>
		<feat xlink:href="#sSpan960" value="V"/>
		<feat xlink:href="#sSpan961" value="PREP"/>
		<feat xlink:href="#sSpan963" value="PPERO"/>
		<feat xlink:href="#sSpan964" value="ADV"/>
		<feat xlink:href="#sSpan966" value="PREP"/>
		<feat xlink:href="#sSpan968" value="N"/>
		<feat xlink:href="#sSpan970" value="PINT"/>
		<feat xlink:href="#sSpan972" value="PREP"/>
		<feat xlink:href="#sSpan974" value="PREP"/>
		<feat xlink:href="#sSpan976" value="PPERO"/>
		<feat xlink:href="#sSpan977" value="PUNCT"/>
		<feat xlink:href="#sSpan979" value="ART"/>
		<feat xlink:href="#sSpan981" value="CREL"/>
		<feat xlink:href="#sSpan982" value="FUT"/>
		<feat xlink:href="#sSpan983" value="V"/>
		<feat xlink:href="#sSpan984" value="PTC"/>
		<feat xlink:href="#sSpan986" value="ADV"/>
		<feat xlink:href="#sSpan988" value="PDEM"/>
		<feat xlink:href="#sSpan990" value="ART"/>
		<feat xlink:href="#sSpan992" value="CREL"/>
		<feat xlink:href="#sSpan993" value="FUT"/>
		<feat xlink:href="#sSpan994" value="V"/>
		<feat xlink:href="#sSpan995" value="PUNCT"/>
		<feat xlink:href="#sSpan998" value="CONJ"/>
		<feat xlink:href="#sSpan1000" value="PTC"/>
		<feat xlink:href="#sSpan1002" value="ACOND_PPERS"/>
		<feat xlink:href="#sSpan1004" value="V"/>
		<feat xlink:href="#sSpan1005" value="PREP"/>
		<feat xlink:href="#sSpan1007" value="PPERO"/>
		<feat xlink:href="#sSpan1008" value="PREP"/>
		<feat xlink:href="#sSpan1010" value="PDEM"/>
		<feat xlink:href="#sSpan1012" value="N"/>
		<feat xlink:href="#sSpan1013" value="V"/>
		<feat xlink:href="#sSpan1015" value="ADV"/>
		<feat xlink:href="#sSpan1017" value="N"/>
		<feat xlink:href="#sSpan1019" value="N"/>
		<feat xlink:href="#sSpan1020" value="PPERO"/>
		<feat xlink:href="#sSpan1021" value="PUNCT"/>
		<feat xlink:href="#sSpan1023" value="PTC"/>
		<feat xlink:href="#sSpan1025" value="PTC"/>
		<feat xlink:href="#sSpan1027" value="PPERS"/>
		<feat xlink:href="#sSpan1029" value="V"/>
		<feat xlink:href="#sSpan1030" value="PREP"/>
		<feat xlink:href="#sSpan1032" value="PPERO"/>
		<feat xlink:href="#sSpan1033" value="PREP"/>
		<feat xlink:href="#sSpan1035" value="PPERO"/>
		<feat xlink:href="#sSpan1036" value="CONJ"/>
		<feat xlink:href="#sSpan1038" value="N"/>
		<feat xlink:href="#sSpan1040" value="V"/>
		<feat xlink:href="#sSpan1041" value="ADV"/>
		<feat xlink:href="#sSpan1043" value="PREP"/>
		<feat xlink:href="#sSpan1045" value="ART"/>
		<feat xlink:href="#sSpan1046" value="N"/>
		<feat xlink:href="#sSpan1047" value="PREP"/>
		<feat xlink:href="#sSpan1049" value="ART"/>
		<feat xlink:href="#sSpan1050" value="NPROP"/>
		<feat xlink:href="#sSpan1051" value="ANEGPST"/>
		<feat xlink:href="#sSpan1053" value="ART"/>
		<feat xlink:href="#sSpan1054" value="N"/>
		<feat xlink:href="#sSpan1055" value="PREP"/>
		<feat xlink:href="#sSpan1057" value="ART"/>
		<feat xlink:href="#sSpan1058" value="N"/>
		<feat xlink:href="#sSpan1059" value="V"/>
		<feat xlink:href="#sSpan1061" value="PUNCT"/>
		<feat xlink:href="#sSpan1064" value="PREP"/>
		<feat xlink:href="#sSpan1066" value="N"/>
		<feat xlink:href="#sSpan1067" value="PTC"/>
		<feat xlink:href="#sSpan1069" value="CCIRC"/>
		<feat xlink:href="#sSpan1071" value="PPERS"/>
		<feat xlink:href="#sSpan1072" value="VSTAT"/>
		<feat xlink:href="#sSpan1073" value="PREP"/>
		<feat xlink:href="#sSpan1075" value="N"/>
		<feat xlink:href="#sSpan1076" value="PREP"/>
		<feat xlink:href="#sSpan1078" value="PPOS"/>
		<feat xlink:href="#sSpan1079" value="N"/>
		<feat xlink:href="#sSpan1080" value="PUNCT"/>
		<feat xlink:href="#sSpan1082" value="CONJ"/>
		<feat xlink:href="#sSpan1084" value="EXIST"/>
		<feat xlink:href="#sSpan1086" value="N"/>
		<feat xlink:href="#sSpan1088" value="CCIRC"/>
		<feat xlink:href="#sSpan1090" value="PPERS"/>
		<feat xlink:href="#sSpan1091" value="VSTAT"/>
		<feat xlink:href="#sSpan1092" value="PREP"/>
		<feat xlink:href="#sSpan1094" value="PPOS"/>
		<feat xlink:href="#sSpan1095" value="N"/>
		<feat xlink:href="#sSpan1096" value="PUNCT"/>
		<feat xlink:href="#sSpan1099" value="V"/>
		<feat xlink:href="#sSpan1101" value="PREP"/>
		<feat xlink:href="#sSpan1103" value="ART"/>
		<feat xlink:href="#sSpan1104" value="N"/>
		<feat xlink:href="#sSpan1105" value="CONJ"/>
		<feat xlink:href="#sSpan1107" value="AOPT_PPERS"/>
		<feat xlink:href="#sSpan1109" value="V"/>
		<feat xlink:href="#sSpan1110" value="PREP"/>
		<feat xlink:href="#sSpan1112" value="ART"/>
		<feat xlink:href="#sSpan1113" value="N"/>
		<feat xlink:href="#sSpan1114" value="PREP"/>
		<feat xlink:href="#sSpan1116" value="PPOS"/>
		<feat xlink:href="#sSpan1117" value="N"/>
		<feat xlink:href="#sSpan1118" value="PUNCT"/>
		<feat xlink:href="#sSpan1120" value="CONJ"/>
		<feat xlink:href="#sSpan1122" value="ART"/>
		<feat xlink:href="#sSpan1124" value="N"/>
		<feat xlink:href="#sSpan1125" value="CONJ"/>
		<feat xlink:href="#sSpan1127" value="AOPT_PPERS"/>
		<feat xlink:href="#sSpan1129" value="V"/>
		<feat xlink:href="#sSpan1130" value="PREP"/>
		<feat xlink:href="#sSpan1132" value="ART"/>
		<feat xlink:href="#sSpan1133" value="N"/>
		<feat xlink:href="#sSpan1134" value="PREP"/>
		<feat xlink:href="#sSpan1136" value="PPOS"/>
		<feat xlink:href="#sSpan1137" value="N"/>
		<feat xlink:href="#sSpan1138" value="PUNCT"/>
		<feat xlink:href="#sSpan1140" value="CONJ"/>
		<feat xlink:href="#sSpan1142" value="APST"/>
		<feat xlink:href="#sSpan1144" value="PPERS"/>
		<feat xlink:href="#sSpan1145" value="V"/>
		<feat xlink:href="#sSpan1146" value="PREP"/>
		<feat xlink:href="#sSpan1148" value="ART"/>
		<feat xlink:href="#sSpan1149" value="N"/>
		<feat xlink:href="#sSpan1150" value="CONJ"/>
		<feat xlink:href="#sSpan1152" value="N"/>
		<feat xlink:href="#sSpan1154" value="ART"/>
		<feat xlink:href="#sSpan1156" value="N"/>
		<feat xlink:href="#sSpan1157" value="ADV"/>
		<feat xlink:href="#sSpan1159" value="PPOS"/>
		<feat xlink:href="#sSpan1161" value="N"/>
		<feat xlink:href="#sSpan1162" value="N"/>
		<feat xlink:href="#sSpan1163" value="PUNCT"/>
		<feat xlink:href="#sSpan1166" value="NEG"/>
		<feat xlink:href="#sSpan1169" value="V"/>
		<feat xlink:href="#sSpan1171" value="ART"/>
		<feat xlink:href="#sSpan1173" value="N"/>
		<feat xlink:href="#sSpan1175" value="PINT"/>
		<feat xlink:href="#sSpan1176" value="PUNCT"/>
		<feat xlink:href="#sSpan1178" value="PREP"/>
		<feat xlink:href="#sSpan1180" value="N"/>
		<feat xlink:href="#sSpan1182" value="PTC"/>
		<feat xlink:href="#sSpan1184" value="CCIRC"/>
		<feat xlink:href="#sSpan1186" value="PPERS"/>
		<feat xlink:href="#sSpan1187" value="V"/>
		<feat xlink:href="#sSpan1188" value="ACONJ"/>
		<feat xlink:href="#sSpan1190" value="PPERS"/>
		<feat xlink:href="#sSpan1191" value="FUT"/>
		<feat xlink:href="#sSpan1192" value="V"/>
		<feat xlink:href="#sSpan1193" value="PPERO"/>
		<feat xlink:href="#sSpan1194" value="NEG"/>
		<feat xlink:href="#sSpan1196" value="ADV"/>
		<feat xlink:href="#sSpan1198" value="PUNCT"/>
		<feat xlink:href="#sSpan1200" value="CONJ"/>
		<feat xlink:href="#sSpan1202" value="CFOC"/>
		<feat xlink:href="#sSpan1204" value="PPERS"/>
		<feat xlink:href="#sSpan1205" value="VSTAT"/>
		<feat xlink:href="#sSpan1206" value="CCIRC"/>
		<feat xlink:href="#sSpan1208" value="ACONJ"/>
		<feat xlink:href="#sSpan1209" value="PPERS"/>
		<feat xlink:href="#sSpan1210" value="FUT"/>
		<feat xlink:href="#sSpan1211" value="V"/>
		<feat xlink:href="#sSpan1212" value="NEG"/>
		<feat xlink:href="#sSpan1214" value="ADV"/>
		<feat xlink:href="#sSpan1216" value="PUNCT"/>
		<feat xlink:href="#sSpan1219" value="ART"/>
		<feat xlink:href="#sSpan1221" value="PPERS"/>
		<feat xlink:href="#sSpan1222" value="V"/>
		<feat xlink:href="#sSpan1223" value="PREP"/>
		<feat xlink:href="#sSpan1225" value="PPERO"/>
		<feat xlink:href="#sSpan1226" value="PREP"/>
		<feat xlink:href="#sSpan1228" value="PPERO"/>
		<feat xlink:href="#sSpan1229" value="PREP"/>
		<feat xlink:href="#sSpan1231" value="ART"/>
		<feat xlink:href="#sSpan1233" value="N"/>
		<feat xlink:href="#sSpan1234" value="VIMP"/>
		<feat xlink:href="#sSpan1236" value="PPERO"/>
		<feat xlink:href="#sSpan1237" value="PREP"/>
		<feat xlink:href="#sSpan1239" value="ART"/>
		<feat xlink:href="#sSpan1241" value="N"/>
		<feat xlink:href="#sSpan1242" value="PUNCT"/>
		<feat xlink:href="#sSpan1244" value="CONJ"/>
		<feat xlink:href="#sSpan1246" value="ART"/>
		<feat xlink:href="#sSpan1248" value="CREL"/>
		<feat xlink:href="#sSpan1249" value="PPERS"/>
		<feat xlink:href="#sSpan1250" value="V"/>
		<feat xlink:href="#sSpan1251" value="PREP"/>
		<feat xlink:href="#sSpan1253" value="PPERO"/>
		<feat xlink:href="#sSpan1254" value="PREP"/>
		<feat xlink:href="#sSpan1256" value="PPOS"/>
		<feat xlink:href="#sSpan1258" value="N"/>
		<feat xlink:href="#sSpan1259" value="PPOS"/>
		<feat xlink:href="#sSpan1261" value="N"/>
		<feat xlink:href="#sSpan1262" value="PREP"/>
		<feat xlink:href="#sSpan1264" value="PPERO"/>
		<feat xlink:href="#sSpan1265" value="PREP"/>
		<feat xlink:href="#sSpan1267" value="ART"/>
		<feat xlink:href="#sSpan1269" value="N"/>
		<feat xlink:href="#sSpan1270" value="PUNCT"/>
		<feat xlink:href="#sSpan1273" value="NEG"/>
		<feat xlink:href="#sSpan1276" value="V"/>
		<feat xlink:href="#sSpan1278" value="N"/>
		<feat xlink:href="#sSpan1280" value="PINT"/>
		<feat xlink:href="#sSpan1281" value="PREP"/>
		<feat xlink:href="#sSpan1283" value="ART"/>
		<feat xlink:href="#sSpan1284" value="CREL"/>
		<feat xlink:href="#sSpan1285" value="FUT"/>
		<feat xlink:href="#sSpan1286" value="V"/>
		<feat xlink:href="#sSpan1287" value="PREP"/>
		<feat xlink:href="#sSpan1289" value="ART"/>
		<feat xlink:href="#sSpan1290" value="PPERS"/>
		<feat xlink:href="#sSpan1291" value="N"/>
		<feat xlink:href="#sSpan1292" value="PUNCT"/>
		<feat xlink:href="#sSpan1294" value="CCIRC"/>
		<feat xlink:href="#sSpan1296" value="EXIST"/>
		<feat xlink:href="#sSpan1297" value="N"/>
		<feat xlink:href="#sSpan1298" value="PTC"/>
		<feat xlink:href="#sSpan1300" value="PREP"/>
		<feat xlink:href="#sSpan1302" value="PPERO"/>
		<feat xlink:href="#sSpan1303" value="CCIRC"/>
		<feat xlink:href="#sSpan1305" value="V"/>
		<feat xlink:href="#sSpan1306" value="PREP"/>
		<feat xlink:href="#sSpan1308" value="PPOS"/>
		<feat xlink:href="#sSpan1309" value="N"/>
		<feat xlink:href="#sSpan1310" value="PUNCT"/>
		<feat xlink:href="#sSpan1312" value="VIMP"/>
		<feat xlink:href="#sSpan1314" value="N"/>
		<feat xlink:href="#sSpan1315" value="PTC"/>
		<feat xlink:href="#sSpan1317" value="ART"/>
		<feat xlink:href="#sSpan1319" value="N"/>
		<feat xlink:href="#sSpan1320" value="N"/>
		<feat xlink:href="#sSpan1322" value="PPERO"/>
		<feat xlink:href="#sSpan1323" value="N"/>
		<feat xlink:href="#sSpan1325" value="EXIST"/>
		<feat xlink:href="#sSpan1326" value="N"/>
		<feat xlink:href="#sSpan1327" value="PREP"/>
		<feat xlink:href="#sSpan1329" value="PPERO"/>
		<feat xlink:href="#sSpan1330" value="CCIRC"/>
		<feat xlink:href="#sSpan1332" value="V"/>
		<feat xlink:href="#sSpan1333" value="PREP"/>
		<feat xlink:href="#sSpan1335" value="PPOS"/>
		<feat xlink:href="#sSpan1336" value="N"/>
		<feat xlink:href="#sSpan1337" value="PREP"/>
		<feat xlink:href="#sSpan1339" value="PPOS"/>
		<feat xlink:href="#sSpan1341" value="N"/>
		<feat xlink:href="#sSpan1342" value="ADV"/>
		<feat xlink:href="#sSpan1344" value="PREP"/>
		<feat xlink:href="#sSpan1346" value="ART"/>
		<feat xlink:href="#sSpan1348" value="N"/>
		<feat xlink:href="#sSpan1349" value="PUNCT"/>
		<feat xlink:href="#sSpan1352" value="CONJ"/>
		<feat xlink:href="#sSpan1354" value="N"/>
		<feat xlink:href="#sSpan1356" value="N"/>
		<feat xlink:href="#sSpan1358" value="ACONJ"/>
		<feat xlink:href="#sSpan1360" value="PPERS"/>
		<feat xlink:href="#sSpan1361" value="V"/>
		<feat xlink:href="#sSpan1362" value="PREP"/>
		<feat xlink:href="#sSpan1364" value="PPERO"/>
		<feat xlink:href="#sSpan1365" value="NEG"/>
		<feat xlink:href="#sSpan1367" value="ADV"/>
		<feat xlink:href="#sSpan1369" value="PREP"/>
		<feat xlink:href="#sSpan1371" value="ART"/>
		<feat xlink:href="#sSpan1373" value="N"/>
		<feat xlink:href="#sSpan1374" value="PUNCT"/>
		<feat xlink:href="#sSpan1376" value="CONJ"/>
		<feat xlink:href="#sSpan1378" value="NUM"/>
		<feat xlink:href="#sSpan1380" value="ADV"/>
		<feat xlink:href="#sSpan1383" value="PREP"/>
		<feat xlink:href="#sSpan1386" value="PPERO"/>
		<feat xlink:href="#sSpan1387" value="PREP"/>
		<feat xlink:href="#sSpan1389" value="PPOS"/>
		<feat xlink:href="#sSpan1390" value="N"/>
		<feat xlink:href="#sSpan1391" value="ADV"/>
		<feat xlink:href="#sSpan1393" value="PREP"/>
		<feat xlink:href="#sSpan1395" value="ART"/>
		<feat xlink:href="#sSpan1397" value="N"/>
		<feat xlink:href="#sSpan1398" value="PREP"/>
		<feat xlink:href="#sSpan1400" value="PPOS"/>
		<feat xlink:href="#sSpan1401" value="N"/>
		<feat xlink:href="#sSpan1402" value="CREL"/>
		<feat xlink:href="#sSpan1404" value="PREP"/>
		<feat xlink:href="#sSpan1405" value="ART"/>
		<feat xlink:href="#sSpan1407" value="N"/>
		<feat xlink:href="#sSpan1408" value="PUNCT"/>
		<feat xlink:href="#sSpan1411" value="PREP"/>
		<feat xlink:href="#sSpan1413" value="ART"/>
		<feat xlink:href="#sSpan1414" value="N"/>
		<feat xlink:href="#sSpan1415" value="PTC"/>
		<feat xlink:href="#sSpan1417" value="PREP"/>
		<feat xlink:href="#sSpan1419" value="PPOS"/>
		<feat xlink:href="#sSpan1420" value="N"/>
		<feat xlink:href="#sSpan1421" value="VSTAT"/>
		<feat xlink:href="#sSpan1423" value="IMOD"/>
		<feat xlink:href="#sSpan1425" value="PPERO"/>
		<feat xlink:href="#sSpan1426" value="PUNCT"/>
		<feat xlink:href="#sSpan1429" value="NEG"/>
		<feat xlink:href="#sSpan1432" value="V"/>
		<feat xlink:href="#sSpan1434" value="ART"/>
		<feat xlink:href="#sSpan1436" value="N"/>
		<feat xlink:href="#sSpan1438" value="PINT"/>
		<feat xlink:href="#sSpan1439" value="PPERI"/>
		<feat xlink:href="#sSpan1441" value="PPERS"/>
		<feat xlink:href="#sSpan1443" value="VSTAT"/>
		<feat xlink:href="#sSpan1444" value="PREP"/>
		<feat xlink:href="#sSpan1446" value="N"/>
		<feat xlink:href="#sSpan1447" value="PREP"/>
		<feat xlink:href="#sSpan1449" value="N"/>
		<feat xlink:href="#sSpan1450" value="PUNCT"/>
		<feat xlink:href="#sSpan1453" value="N"/>
		<feat xlink:href="#sSpan1455" value="CONJ"/>
		<feat xlink:href="#sSpan1457" value="PINT"/>
		<feat xlink:href="#sSpan1459" value="CREL"/>
		<feat xlink:href="#sSpan1461" value="FUT"/>
		<feat xlink:href="#sSpan1462" value="V"/>
		<feat xlink:href="#sSpan1463" value="PREP"/>
		<feat xlink:href="#sSpan1465" value="N"/>
		<feat xlink:href="#sSpan1466" value="PREP"/>
		<feat xlink:href="#sSpan1468" value="ART"/>
		<feat xlink:href="#sSpan1469" value="N"/>
		<feat xlink:href="#sSpan1470" value="ADV"/>
		<feat xlink:href="#sSpan1472" value="ANEGOPT"/>
		<feat xlink:href="#sSpan1474" value="N"/>
		<feat xlink:href="#sSpan1475" value="PPERS"/>
		<feat xlink:href="#sSpan1477" value="FUT"/>
		<feat xlink:href="#sSpan1478" value="V"/>
		<feat xlink:href="#sSpan1479" value="V"/>
		<feat xlink:href="#sSpan1482" value="PREP"/>
		<feat xlink:href="#sSpan1485" value="PPERO"/>
		<feat xlink:href="#sSpan1486" value="PREP"/>
		<feat xlink:href="#sSpan1488" value="ART"/>
		<feat xlink:href="#sSpan1489" value="N"/>
		<feat xlink:href="#sSpan1490" value="ADV"/>
		<feat xlink:href="#sSpan1492" value="PREP"/>
		<feat xlink:href="#sSpan1494" value="PPOS"/>
		<feat xlink:href="#sSpan1495" value="N"/>
		<feat xlink:href="#sSpan1496" value="CREL"/>
		<feat xlink:href="#sSpan1498" value="PREP"/>
		<feat xlink:href="#sSpan1499" value="ART"/>
		<feat xlink:href="#sSpan1501" value="N"/>
		<feat xlink:href="#sSpan1502" value="PUNCT"/>
		<feat xlink:href="#sSpan1505" value="ART"/>
		<feat xlink:href="#sSpan1507" value="CREL"/>
		<feat xlink:href="#sSpan1508" value="FUT"/>
		<feat xlink:href="#sSpan1509" value="V"/>
		<feat xlink:href="#sSpan1510" value="PTC"/>
		<feat xlink:href="#sSpan1512" value="PREP"/>
		<feat xlink:href="#sSpan1514" value="PPERO"/>
		<feat xlink:href="#sSpan1515" value="PREP"/>
		<feat xlink:href="#sSpan1517" value="ART"/>
		<feat xlink:href="#sSpan1518" value="N"/>
		<feat xlink:href="#sSpan1519" value="ADV"/>
		<feat xlink:href="#sSpan1521" value="ANEGOPT"/>
		<feat xlink:href="#sSpan1523" value="N"/>
		<feat xlink:href="#sSpan1524" value="PUNCT"/>
		<feat xlink:href="#sSpan1526" value="PPERS"/>
		<feat xlink:href="#sSpan1528" value="FUT"/>
		<feat xlink:href="#sSpan1529" value="V"/>
		<feat xlink:href="#sSpan1530" value="V"/>
		<feat xlink:href="#sSpan1532" value="PREP"/>
		<feat xlink:href="#sSpan1534" value="PPERO"/>
		<feat xlink:href="#sSpan1535" value="PREP"/>
		<feat xlink:href="#sSpan1537" value="ART"/>
		<feat xlink:href="#sSpan1538" value="N"/>
		<feat xlink:href="#sSpan1539" value="ADV"/>
		<feat xlink:href="#sSpan1541" value="PREP"/>
		<feat xlink:href="#sSpan1543" value="PPOS"/>
		<feat xlink:href="#sSpan1544" value="N"/>
		<feat xlink:href="#sSpan1545" value="CREL"/>
		<feat xlink:href="#sSpan1547" value="PREP"/>
		<feat xlink:href="#sSpan1548" value="ART"/>
		<feat xlink:href="#sSpan1550" value="N"/>
		<feat xlink:href="#sSpan1551" value="PUNCT"/>
		<feat xlink:href="#sSpan1554" value="NEG"/>
		<feat xlink:href="#sSpan1556" value="V"/>
		<feat xlink:href="#sSpan1557" value="CONJ"/>
		<feat xlink:href="#sSpan1559" value="CREL"/>
		<feat xlink:href="#sSpan1561" value="APST"/>
		<feat xlink:href="#sSpan1562" value="PPERS"/>
		<feat xlink:href="#sSpan1563" value="V"/>
		<feat xlink:href="#sSpan1564" value="PREP"/>
		<feat xlink:href="#sSpan1566" value="V"/>
		<feat xlink:href="#sSpan1567" value="PREP"/>
		<feat xlink:href="#sSpan1569" value="ART"/>
		<feat xlink:href="#sSpan1570" value="N"/>
		<feat xlink:href="#sSpan1571" value="ADV"/>
		<feat xlink:href="#sSpan1573" value="PREP"/>
		<feat xlink:href="#sSpan1575" value="ART"/>
		<feat xlink:href="#sSpan1577" value="N"/>
		<feat xlink:href="#sSpan1578" value="PUNCT"/>
		<feat xlink:href="#sSpan1580" value="CREL"/>
		<feat xlink:href="#sSpan1582" value="APST"/>
		<feat xlink:href="#sSpan1583" value="PPERS"/>
		<feat xlink:href="#sSpan1584" value="V"/>
		<feat xlink:href="#sSpan1585" value="NEG"/>
		<feat xlink:href="#sSpan1587" value="PREP"/>
		<feat xlink:href="#sSpan1589" value="V"/>
		<feat xlink:href="#sSpan1590" value="PREP"/>
		<feat xlink:href="#sSpan1592" value="ART"/>
		<feat xlink:href="#sSpan1593" value="N"/>
		<feat xlink:href="#sSpan1594" value="PUNCT"/>
		<feat xlink:href="#sSpan1596" value="CONJ"/>
		<feat xlink:href="#sSpan1598" value="CFOC"/>
		<feat xlink:href="#sSpan1600" value="V"/>
		<feat xlink:href="#sSpan1601" value="PREP"/>
		<feat xlink:href="#sSpan1603" value="ART"/>
		<feat xlink:href="#sSpan1604" value="N"/>
		<feat xlink:href="#sSpan1605" value="PUNCT"/>
		<feat xlink:href="#sSpan1608" value="CREL"/>
		<feat xlink:href="#sSpan1610" value="APST"/>
		<feat xlink:href="#sSpan1611" value="PPERS"/>
		<feat xlink:href="#sSpan1612" value="V"/>
		<feat xlink:href="#sSpan1613" value="PTC"/>
		<feat xlink:href="#sSpan1615" value="CCIRC"/>
		<feat xlink:href="#sSpan1617" value="V"/>
		<feat xlink:href="#sSpan1618" value="PREP"/>
		<feat xlink:href="#sSpan1620" value="ART"/>
		<feat xlink:href="#sSpan1621" value="N"/>
		<feat xlink:href="#sSpan1622" value="PREP"/>
		<feat xlink:href="#sSpan1624" value="PPOS"/>
		<feat xlink:href="#sSpan1625" value="N"/>
		<feat xlink:href="#sSpan1626" value="PUNCT"/>
		<feat xlink:href="#sSpan1628" value="CONJ"/>
		<feat xlink:href="#sSpan1630" value="ART"/>
		<feat xlink:href="#sSpan1632" value="N"/>
		<feat xlink:href="#sSpan1633" value="PREP"/>
		<feat xlink:href="#sSpan1635" value="PPOS"/>
		<feat xlink:href="#sSpan1636" value="N"/>
		<feat xlink:href="#sSpan1637" value="CONJ"/>
		<feat xlink:href="#sSpan1639" value="ART"/>
		<feat xlink:href="#sSpan1641" value="N"/>
		<feat xlink:href="#sSpan1642" value="PREP"/>
		<feat xlink:href="#sSpan1644" value="PPOS"/>
		<feat xlink:href="#sSpan1645" value="N"/>
		<feat xlink:href="#sSpan1646" value="PUNCT"/>
		<feat xlink:href="#sSpan1649" value="ART"/>
		<feat xlink:href="#sSpan1651" value="N"/>
		<feat xlink:href="#sSpan1652" value="PREP"/>
		<feat xlink:href="#sSpan1654" value="ART"/>
		<feat xlink:href="#sSpan1655" value="N"/>
		<feat xlink:href="#sSpan1656" value="CPRET"/>
		<feat xlink:href="#sSpan1658" value="PPOS"/>
		<feat xlink:href="#sSpan1660" value="N"/>
		<feat xlink:href="#sSpan1661" value="N"/>
		<feat xlink:href="#sSpan1662" value="PUNCT"/>
		<feat xlink:href="#sSpan1665" value="ART"/>
		<feat xlink:href="#sSpan1667" value="CREL"/>
		<feat xlink:href="#sSpan1668" value="ANEGAOR"/>
		<feat xlink:href="#sSpan1669" value="ART"/>
		<feat xlink:href="#sSpan1671" value="N"/>
		<feat xlink:href="#sSpan1672" value="CONJ"/>
		<feat xlink:href="#sSpan1674" value="N"/>
		<feat xlink:href="#sSpan1675" value="ADV"/>
		<feat xlink:href="#sSpan1677" value="ACONJ"/>
		<feat xlink:href="#sSpan1679" value="PPERS"/>
		<feat xlink:href="#sSpan1680" value="V"/>
		<feat xlink:href="#sSpan1681" value="PREP"/>
		<feat xlink:href="#sSpan1683" value="PPERO"/>
		<feat xlink:href="#sSpan1684" value="NEG"/>
		<feat xlink:href="#sSpan1686" value="PUNCT"/>
		<feat xlink:href="#sSpan1688" value="CONJ"/>
		<feat xlink:href="#sSpan1690" value="ART"/>
		<feat xlink:href="#sSpan1692" value="CREL"/>
		<feat xlink:href="#sSpan1693" value="ANEGAOR"/>
		<feat xlink:href="#sSpan1694" value="ART"/>
		<feat xlink:href="#sSpan1696" value="N"/>
		<feat xlink:href="#sSpan1697" value="PREP"/>
		<feat xlink:href="#sSpan1699" value="N"/>
		<feat xlink:href="#sSpan1700" value="ADV"/>
		<feat xlink:href="#sSpan1702" value="ACONJ"/>
		<feat xlink:href="#sSpan1704" value="PPERS"/>
		<feat xlink:href="#sSpan1705" value="V"/>
		<feat xlink:href="#sSpan1706" value="PREP"/>
		<feat xlink:href="#sSpan1708" value="PPERO"/>
		<feat xlink:href="#sSpan1709" value="NEG"/>
		<feat xlink:href="#sSpan1711" value="PUNCT"/>
		<feat xlink:href="#sSpan1714" value="CONJ"/>
		<feat xlink:href="#sSpan1716" value="ART"/>
		<feat xlink:href="#sSpan1718" value="CREL"/>
		<feat xlink:href="#sSpan1719" value="NEG"/>
		<feat xlink:href="#sSpan1720" value="PPERS"/>
		<feat xlink:href="#sSpan1721" value="FUT"/>
		<feat xlink:href="#sSpan1722" value="V"/>
		<feat xlink:href="#sSpan1723" value="NEG"/>
		<feat xlink:href="#sSpan1725" value="PREP"/>
		<feat xlink:href="#sSpan1727" value="PPOS"/>
		<feat xlink:href="#sSpan1728" value="N"/>
		<feat xlink:href="#sSpan1729" value="ACONJ"/>
		<feat xlink:href="#sSpan1731" value="PPERS"/>
		<feat xlink:href="#sSpan1732" value="V"/>
		<feat xlink:href="#sSpan1733" value="PPERO"/>
		<feat xlink:href="#sSpan1734" value="PREP"/>
		<feat xlink:href="#sSpan1736" value="PPERO"/>
		<feat xlink:href="#sSpan1737" value="ACONJ"/>
		<feat xlink:href="#sSpan1739" value="PPERS"/>
		<feat xlink:href="#sSpan1740" value="V"/>
		<feat xlink:href="#sSpan1741" value="PREP"/>
		<feat xlink:href="#sSpan1743" value="PPERO"/>
		<feat xlink:href="#sSpan1744" value="NEG"/>
		<feat xlink:href="#sSpan1746" value="PUNCT"/>
		<feat xlink:href="#sSpan1749" value="ART"/>
		<feat xlink:href="#sSpan1751" value="CREL"/>
		<feat xlink:href="#sSpan1752" value="APST"/>
		<feat xlink:href="#sSpan1753" value="PPERS"/>
		<feat xlink:href="#sSpan1754" value="V"/>
		<feat xlink:href="#sSpan1755" value="PREP"/>
		<feat xlink:href="#sSpan1757" value="PPOS"/>
		<feat xlink:href="#sSpan1758" value="N"/>
		<feat xlink:href="#sSpan1759" value="PPERS"/>
		<feat xlink:href="#sSpan1761" value="FUT"/>
		<feat xlink:href="#sSpan1762" value="V"/>
		<feat xlink:href="#sSpan1763" value="PPERO"/>
		<feat xlink:href="#sSpan1764" value="PUNCT"/>
		<feat xlink:href="#sSpan1766" value="CONJ"/>
		<feat xlink:href="#sSpan1768" value="ART"/>
		<feat xlink:href="#sSpan1770" value="CREL"/>
		<feat xlink:href="#sSpan1771" value="APST"/>
		<feat xlink:href="#sSpan1772" value="PPERS"/>
		<feat xlink:href="#sSpan1773" value="V"/>
		<feat xlink:href="#sSpan1774" value="PREP"/>
		<feat xlink:href="#sSpan1776" value="PPOS"/>
		<feat xlink:href="#sSpan1777" value="N"/>
		<feat xlink:href="#sSpan1778" value="PREP"/>
		<feat xlink:href="#sSpan1780" value="PPERO"/>
		<feat xlink:href="#sSpan1782" value="PREP"/>
		<feat xlink:href="#sSpan1783" value="N"/>
		<feat xlink:href="#sSpan1784" value="PREP"/>
		<feat xlink:href="#sSpan1786" value="PPERO"/>
		<feat xlink:href="#sSpan1787" value="PUNCT"/>
		<feat xlink:href="#sSpan1790" value="ART"/>
		<feat xlink:href="#sSpan1792" value="CREL"/>
		<feat xlink:href="#sSpan1793" value="V"/>
		<feat xlink:href="#sSpan1794" value="PREP"/>
		<feat xlink:href="#sSpan1796" value="PPERO"/>
		<feat xlink:href="#sSpan1797" value="PREP"/>
		<feat xlink:href="#sSpan1799" value="PPERO"/>
		<feat xlink:href="#sSpan1800" value="CCIRC"/>
		<feat xlink:href="#sSpan1802" value="PPERS"/>
		<feat xlink:href="#sSpan1803" value="V"/>
		<feat xlink:href="#sSpan1804" value="PREP"/>
		<feat xlink:href="#sSpan1806" value="PPERO"/>
		<feat xlink:href="#sSpan1807" value="PREP"/>
		<feat xlink:href="#sSpan1809" value="PPERO"/>
		<feat xlink:href="#sSpan1810" value="PUNCT"/>
		<feat xlink:href="#sSpan1812" value="CONJ"/>
		<feat xlink:href="#sSpan1814" value="ART"/>
		<feat xlink:href="#sSpan1816" value="CREL"/>
		<feat xlink:href="#sSpan1817" value="V"/>
		<feat xlink:href="#sSpan1818" value="PREP"/>
		<feat xlink:href="#sSpan1820" value="PPERO"/>
		<feat xlink:href="#sSpan1821" value="PREP"/>
		<feat xlink:href="#sSpan1823" value="PPERO"/>
		<feat xlink:href="#sSpan1824" value="CCIRC"/>
		<feat xlink:href="#sSpan1826" value="PPERS"/>
		<feat xlink:href="#sSpan1827" value="V"/>
		<feat xlink:href="#sSpan1828" value="PREP"/>
		<feat xlink:href="#sSpan1830" value="PPERO"/>
		<feat xlink:href="#sSpan1831" value="N"/>
		<feat xlink:href="#sSpan1833" value="PPERS"/>
		<feat xlink:href="#sSpan1834" value="V"/>
		<feat xlink:href="#sSpan1835" value="PUNCT"/>
		<feat xlink:href="#sSpan1838" value="ART"/>
		<feat xlink:href="#sSpan1840" value="CREL"/>
		<feat xlink:href="#sSpan1841" value="V"/>
		<feat xlink:href="#sSpan1842" value="PREP"/>
		<feat xlink:href="#sSpan1844" value="PPERO"/>
		<feat xlink:href="#sSpan1845" value="PREP"/>
		<feat xlink:href="#sSpan1847" value="ART"/>
		<feat xlink:href="#sSpan1848" value="N"/>
		<feat xlink:href="#sSpan1849" value="PREP"/>
		<feat xlink:href="#sSpan1851" value="ART"/>
		<feat xlink:href="#sSpan1852" value="N"/>
		<feat xlink:href="#sSpan1853" value="PREP"/>
		<feat xlink:href="#sSpan1855" value="ART"/>
		<feat xlink:href="#sSpan1856" value="N"/>
		<feat xlink:href="#sSpan1857" value="PPERS"/>
		<feat xlink:href="#sSpan1859" value="FUT"/>
		<feat xlink:href="#sSpan1860" value="V"/>
		<feat xlink:href="#sSpan1861" value="PREP"/>
		<feat xlink:href="#sSpan1863" value="ART"/>
		<feat xlink:href="#sSpan1864" value="N"/>
		<feat xlink:href="#sSpan1865" value="PREP"/>
		<feat xlink:href="#sSpan1867" value="ART"/>
		<feat xlink:href="#sSpan1868" value="N"/>
		<feat xlink:href="#sSpan1869" value="PUNCT"/>
		<feat xlink:href="#sSpan1871" value="CONJ"/>
		<feat xlink:href="#sSpan1873" value="ART"/>
		<feat xlink:href="#sSpan1875" value="CREL"/>
		<feat xlink:href="#sSpan1876" value="V"/>
		<feat xlink:href="#sSpan1877" value="PREP"/>
		<feat xlink:href="#sSpan1879" value="PPERO"/>
		<feat xlink:href="#sSpan1880" value="PREP"/>
		<feat xlink:href="#sSpan1882" value="ART"/>
		<feat xlink:href="#sSpan1883" value="N"/>
		<feat xlink:href="#sSpan1884" value="PREP"/>
		<feat xlink:href="#sSpan1886" value="ART"/>
		<feat xlink:href="#sSpan1887" value="N"/>
		<feat xlink:href="#sSpan1888" value="PREP"/>
		<feat xlink:href="#sSpan1890" value="ART"/>
		<feat xlink:href="#sSpan1891" value="N"/>
		<feat xlink:href="#sSpan1892" value="PPERS"/>
		<feat xlink:href="#sSpan1894" value="FUT"/>
		<feat xlink:href="#sSpan1895" value="V"/>
		<feat xlink:href="#sSpan1896" value="PREP"/>
		<feat xlink:href="#sSpan1898" value="ART"/>
		<feat xlink:href="#sSpan1899" value="N"/>
		<feat xlink:href="#sSpan1900" value="PREP"/>
		<feat xlink:href="#sSpan1902" value="ART"/>
		<feat xlink:href="#sSpan1903" value="N"/>
		<feat xlink:href="#sSpan1904" value="PUNCT"/>
		<feat xlink:href="#sSpan1907" value="CONJ"/>
		<feat xlink:href="#sSpan1909" value="ART"/>
		<feat xlink:href="#sSpan1911" value="CREL"/>
		<feat xlink:href="#sSpan1912" value="V"/>
		<feat xlink:href="#sSpan1913" value="NUM"/>
		<feat xlink:href="#sSpan1914" value="PREP"/>
		<feat xlink:href="#sSpan1916" value="PDEM"/>
		<feat xlink:href="#sSpan1917" value="N"/>
		<feat xlink:href="#sSpan1918" value="ACONJ"/>
		<feat xlink:href="#sSpan1920" value="PPERS"/>
		<feat xlink:href="#sSpan1921" value="V"/>
		<feat xlink:href="#sSpan1922" value="PREP"/>
		<feat xlink:href="#sSpan1924" value="PPERO"/>
		<feat xlink:href="#sSpan1925" value="V"/>
		<feat xlink:href="#sSpan1927" value="ADV"/>
		<feat xlink:href="#sSpan1929" value="PREP"/>
		<feat xlink:href="#sSpan1931" value="ART"/>
		<feat xlink:href="#sSpan1932" value="N"/>
		<feat xlink:href="#sSpan1933" value="PREP"/>
		<feat xlink:href="#sSpan1935" value="ART"/>
		<feat xlink:href="#sSpan1936" value="N"/>
		<feat xlink:href="#sSpan1937" value="PUNCT"/>
		<feat xlink:href="#sSpan1939" value="PTC"/>
		<feat xlink:href="#sSpan1941" value="PPERS"/>
		<feat xlink:href="#sSpan1943" value="V"/>
		<feat xlink:href="#sSpan1944" value="PREP"/>
		<feat xlink:href="#sSpan1946" value="PPERO"/>
		<feat xlink:href="#sSpan1947" value="PREP"/>
		<feat xlink:href="#sSpan1949" value="PPERO"/>
		<feat xlink:href="#sSpan1950" value="CONJ"/>
		<feat xlink:href="#sSpan1952" value="ANEGOPT"/>
		<feat xlink:href="#sSpan1954" value="PPERS"/>
		<feat xlink:href="#sSpan1955" value="V"/>
		<feat xlink:href="#sSpan1956" value="PREP"/>
		<feat xlink:href="#sSpan1958" value="PPOS"/>
		<feat xlink:href="#sSpan1959" value="N"/>
		<feat xlink:href="#sSpan1960" value="PUNCT"/></featList></paula>