<?xml version='1.0' encoding='UTF-8'?><!DOCTYPE paula SYSTEM "paula_feat.dtd">
<paula version="1.1">
	<header paula_id="scriptorium.life.longinus.lucius.05.mark_p_n"/>
	<featList xmlns:xlink="http://www.w3.org/1999/xlink" type="p_n" xml:base="scriptorium.life.longinus.lucius.05.mark.xml">
		<feat xlink:href="#sSpan8" value="30"/>
		<feat xlink:href="#sSpan770" value="31"/>
		<feat xlink:href="#sSpan1613" value="32"/>
		<feat xlink:href="#sSpan2404" value="33"/>
		<feat xlink:href="#sSpan3469" value="34"/>
		<feat xlink:href="#sSpan4314" value="35"/>
		<feat xlink:href="#sSpan5174" value="36"/>
		<feat xlink:href="#sSpan6155" value="37"/>
		<feat xlink:href="#sSpan7099" value="38"/>
		<feat xlink:href="#sSpan8457" value="39"/></featList></paula>