<?xml version='1.0' encoding='UTF-8'?><!DOCTYPE paula SYSTEM "paula_feat.dtd">
<paula version="1.1">
	<header paula_id="scriptorium.penitence.01.mark_entity"/>
	<featList xmlns:xlink="http://www.w3.org/1999/xlink" type="entity" xml:base="scriptorium.penitence.01.mark.xml">
		<feat xlink:href="#sSpan7" value="abstract"/>
		<feat xlink:href="#sSpan36" value="person"/>
		<feat xlink:href="#sSpan56" value="place"/>
		<feat xlink:href="#sSpan64" value="abstract"/>
		<feat xlink:href="#sSpan75" value="abstract"/>
		<feat xlink:href="#sSpan89" value="person"/>
		<feat xlink:href="#sSpan114" value="person"/>
		<feat xlink:href="#sSpan143" value="organization"/>
		<feat xlink:href="#sSpan175" value="abstract"/>
		<feat xlink:href="#sSpan186" value="person"/>
		<feat xlink:href="#sSpan193" value="abstract"/>
		<feat xlink:href="#sSpan206" value="person"/>
		<feat xlink:href="#sSpan219" value="event"/>
		<feat xlink:href="#sSpan241" value="abstract"/>
		<feat xlink:href="#sSpan254" value="person"/>
		<feat xlink:href="#sSpan273" value="abstract"/>
		<feat xlink:href="#sSpan283" value="abstract"/>
		<feat xlink:href="#sSpan292" value="abstract"/>
		<feat xlink:href="#sSpan302" value="abstract"/>
		<feat xlink:href="#sSpan314" value="person"/>
		<feat xlink:href="#sSpan332" value="place"/>
		<feat xlink:href="#sSpan344" value="place"/>
		<feat xlink:href="#sSpan362" value="abstract"/>
		<feat xlink:href="#sSpan382" value="abstract"/>
		<feat xlink:href="#sSpan395" value="person"/>
		<feat xlink:href="#sSpan415" value="place"/>
		<feat xlink:href="#sSpan432" value="person"/>
		<feat xlink:href="#sSpan450" value="place"/>
		<feat xlink:href="#sSpan461" value="person"/>
		<feat xlink:href="#sSpan472" value="person"/>
		<feat xlink:href="#sSpan505" value="place"/>
		<feat xlink:href="#sSpan523" value="place"/>
		<feat xlink:href="#sSpan540" value="person"/>
		<feat xlink:href="#sSpan560" value="place"/>
		<feat xlink:href="#sSpan592" value="abstract"/>
		<feat xlink:href="#sSpan601" value="place"/>
		<feat xlink:href="#sSpan610" value="person"/>
		<feat xlink:href="#sSpan630" value="place"/>
		<feat xlink:href="#sSpan644" value="person"/>
		<feat xlink:href="#sSpan654" value="abstract"/>
		<feat xlink:href="#sSpan662" value="abstract"/>
		<feat xlink:href="#sSpan677" value="abstract"/>
		<feat xlink:href="#sSpan691" value="person"/>
		<feat xlink:href="#sSpan703" value="person"/>
		<feat xlink:href="#sSpan716" value="organization"/>
		<feat xlink:href="#sSpan728" value="person"/>
		<feat xlink:href="#sSpan742" value="abstract"/>
		<feat xlink:href="#sSpan756" value="person"/>
		<feat xlink:href="#sSpan768" value="person"/>
		<feat xlink:href="#sSpan784" value="person"/>
		<feat xlink:href="#sSpan794" value="object"/>
		<feat xlink:href="#sSpan810" value="person"/>
		<feat xlink:href="#sSpan819" value="person"/>
		<feat xlink:href="#sSpan832" value="person"/>
		<feat xlink:href="#sSpan851" value="place"/>
		<feat xlink:href="#sSpan872" value="place"/>
		<feat xlink:href="#sSpan901" value="object"/>
		<feat xlink:href="#sSpan930" value="person"/>
		<feat xlink:href="#sSpan958" value="person"/>
		<feat xlink:href="#sSpan978" value="person"/>
		<feat xlink:href="#sSpan1001" value="person"/>
		<feat xlink:href="#sSpan1036" value="abstract"/>
		<feat xlink:href="#sSpan1067" value="abstract"/>
		<feat xlink:href="#sSpan1089" value="abstract"/>
		<feat xlink:href="#sSpan1160" value="person"/>
		<feat xlink:href="#sSpan1181" value="person"/>
		<feat xlink:href="#sSpan1207" value="abstract"/>
		<feat xlink:href="#sSpan1215" value="abstract"/>
		<feat xlink:href="#sSpan1237" value="person"/>
		<feat xlink:href="#sSpan1278" value="time"/>
		<feat xlink:href="#sSpan1302" value="person"/>
		<feat xlink:href="#sSpan1311" value="abstract"/>
		<feat xlink:href="#sSpan1328" value="substance"/>
		<feat xlink:href="#sSpan1340" value="object"/>
		<feat xlink:href="#sSpan1348" value="abstract"/>
		<feat xlink:href="#sSpan1359" value="place"/>
		<feat xlink:href="#sSpan1374" value="abstract"/>
		<feat xlink:href="#sSpan1388" value="place"/>
		<feat xlink:href="#sSpan1424" value="person"/>
		<feat xlink:href="#sSpan1443" value="person"/>
		<feat xlink:href="#sSpan1460" value="abstract"/>
		<feat xlink:href="#sSpan1473" value="person"/>
		<feat xlink:href="#sSpan1492" value="place"/>
		<feat xlink:href="#sSpan1507" value="object"/>
		<feat xlink:href="#sSpan1529" value="person"/>
		<feat xlink:href="#sSpan1538" value="place"/>
		<feat xlink:href="#sSpan1547" value="abstract"/>
		<feat xlink:href="#sSpan1556" value="place"/>
		<feat xlink:href="#sSpan1569" value="person"/>
		<feat xlink:href="#sSpan1602" value="person"/>
		<feat xlink:href="#sSpan1630" value="abstract"/>
		<feat xlink:href="#sSpan1671" value="abstract"/>
		<feat xlink:href="#sSpan1693" value="abstract"/>
		<feat xlink:href="#sSpan1700" value="abstract"/>
		<feat xlink:href="#sSpan1733" value="abstract"/>
		<feat xlink:href="#sSpan1750" value="abstract"/>
		<feat xlink:href="#sSpan1767" value="abstract"/>
		<feat xlink:href="#sSpan1770" value="abstract"/>
		<feat xlink:href="#sSpan1793" value="abstract"/>
		<feat xlink:href="#sSpan1803" value="abstract"/>
		<feat xlink:href="#sSpan1819" value="time"/>
		<feat xlink:href="#sSpan1856" value="person"/>
		<feat xlink:href="#sSpan1873" value="person"/>
		<feat xlink:href="#sSpan1886" value="abstract"/>
		<feat xlink:href="#sSpan1896" value="place"/>
		<feat xlink:href="#sSpan1915" value="event"/>
		<feat xlink:href="#sSpan1920" value="person"/>
		<feat xlink:href="#sSpan1936" value="place"/>
		<feat xlink:href="#sSpan1946" value="abstract"/>
		<feat xlink:href="#sSpan1972" value="person"/>
		<feat xlink:href="#sSpan1986" value="abstract"/>
		<feat xlink:href="#sSpan1993" value="abstract"/>
		<feat xlink:href="#sSpan2032" value="abstract"/>
		<feat xlink:href="#sSpan2063" value="place"/>
		<feat xlink:href="#sSpan2083" value="person"/>
		<feat xlink:href="#sSpan2095" value="object"/>
		<feat xlink:href="#sSpan2112" value="abstract"/>
		<feat xlink:href="#sSpan2138" value="abstract"/>
		<feat xlink:href="#sSpan2156" value="object"/>
		<feat xlink:href="#sSpan2165" value="person"/>
		<feat xlink:href="#sSpan2173" value="person"/>
		<feat xlink:href="#sSpan2230" value="substance"/>
		<feat xlink:href="#sSpan2245" value="abstract"/>
		<feat xlink:href="#sSpan2260" value="person"/>
		<feat xlink:href="#sSpan2272" value="object"/>
		<feat xlink:href="#sSpan2280" value="object"/>
		<feat xlink:href="#sSpan2300" value="object"/>
		<feat xlink:href="#sSpan2319" value="person"/>
		<feat xlink:href="#sSpan2336" value="abstract"/>
		<feat xlink:href="#sSpan2345" value="substance"/>
		<feat xlink:href="#sSpan2372" value="abstract"/>
		<feat xlink:href="#sSpan2389" value="person"/>
		<feat xlink:href="#sSpan2403" value="place"/>
		<feat xlink:href="#sSpan2413" value="place"/>
		<feat xlink:href="#sSpan2423" value="object"/>
		<feat xlink:href="#sSpan2447" value="object"/>
		<feat xlink:href="#sSpan2457" value="plant"/>
		<feat xlink:href="#sSpan2486" value="person"/>
		<feat xlink:href="#sSpan2502" value="event"/>
		<feat xlink:href="#sSpan2511" value="event"/>
		<feat xlink:href="#sSpan2525" value="object"/>
		<feat xlink:href="#sSpan2552" value="abstract"/>
		<feat xlink:href="#sSpan2588" value="abstract"/>
		<feat xlink:href="#sSpan2633" value="person"/>
		<feat xlink:href="#sSpan2656" value="abstract"/>
		<feat xlink:href="#sSpan2664" value="person"/>
		<feat xlink:href="#sSpan2685" value="abstract"/>
		<feat xlink:href="#sSpan2694" value="person"/>
		<feat xlink:href="#sSpan2701" value="place"/>
		<feat xlink:href="#sSpan2709" value="abstract"/>
		<feat xlink:href="#sSpan2724" value="person"/>
		<feat xlink:href="#sSpan2743" value="time"/>
		<feat xlink:href="#sSpan2765" value="time"/>
		<feat xlink:href="#sSpan2800" value="abstract"/>
		<feat xlink:href="#sSpan2836" value="person"/>
		<feat xlink:href="#sSpan2852" value="abstract"/>
		<feat xlink:href="#sSpan2884" value="abstract"/>
		<feat xlink:href="#sSpan2914" value="person"/>
		<feat xlink:href="#sSpan2946" value="abstract"/>
		<feat xlink:href="#sSpan2966" value="time"/>
		<feat xlink:href="#sSpan2982" value="abstract"/>
		<feat xlink:href="#sSpan2994" value="person"/>
		<feat xlink:href="#sSpan3009" value="person"/>
		<feat xlink:href="#sSpan3022" value="person"/>
		<feat xlink:href="#sSpan3040" value="object"/>
		<feat xlink:href="#sSpan3052" value="abstract"/>
		<feat xlink:href="#sSpan3061" value="object"/>
		<feat xlink:href="#sSpan3087" value="abstract"/>
		<feat xlink:href="#sSpan3126" value="person"/>
		<feat xlink:href="#sSpan3143" value="object"/>
		<feat xlink:href="#sSpan3154" value="time"/>
		<feat xlink:href="#sSpan3157" value="time"/>
		<feat xlink:href="#sSpan3180" value="object"/>
		<feat xlink:href="#sSpan3190" value="object"/>
		<feat xlink:href="#sSpan3213" value="object"/>
		<feat xlink:href="#sSpan3233" value="abstract"/>
		<feat xlink:href="#sSpan3242" value="substance"/>
		<feat xlink:href="#sSpan3265" value="abstract"/>
		<feat xlink:href="#sSpan3292" value="abstract"/>
		<feat xlink:href="#sSpan3301" value="object"/>
		<feat xlink:href="#sSpan3327" value="abstract"/>
		<feat xlink:href="#sSpan3355" value="abstract"/>
		<feat xlink:href="#sSpan3364" value="abstract"/>
		<feat xlink:href="#sSpan3412" value="time"/>
		<feat xlink:href="#sSpan3419" value="object"/>
		<feat xlink:href="#sSpan3445" value="object"/>
		<feat xlink:href="#sSpan3454" value="time"/>
		<feat xlink:href="#sSpan3482" value="abstract"/>
		<feat xlink:href="#sSpan3492" value="object"/>
		<feat xlink:href="#sSpan3503" value="object"/>
		<feat xlink:href="#sSpan3551" value="object"/>
		<feat xlink:href="#sSpan3575" value="place"/>
		<feat xlink:href="#sSpan3594" value="time"/>
		<feat xlink:href="#sSpan3603" value="person"/>
		<feat xlink:href="#sSpan3640" value="person"/>
		<feat xlink:href="#sSpan3667" value="abstract"/>
		<feat xlink:href="#sSpan3683" value="person"/>
		<feat xlink:href="#sSpan3709" value="abstract"/>
		<feat xlink:href="#sSpan3739" value="object"/>
		<feat xlink:href="#sSpan3786" value="place"/>
		<feat xlink:href="#sSpan3829" value="abstract"/>
		<feat xlink:href="#sSpan3844" value="abstract"/>
		<feat xlink:href="#sSpan3855" value="abstract"/>
		<feat xlink:href="#sSpan3879" value="object"/>
		<feat xlink:href="#sSpan3923" value="place"/>
		<feat xlink:href="#sSpan3957" value="person"/>
		<feat xlink:href="#sSpan4015" value="object"/>
		<feat xlink:href="#sSpan4024" value="object"/>
		<feat xlink:href="#sSpan4049" value="person"/>
		<feat xlink:href="#sSpan4059" value="person"/>
		<feat xlink:href="#sSpan4116" value="person"/>
		<feat xlink:href="#sSpan4142" value="abstract"/>
		<feat xlink:href="#sSpan4181" value="person"/>
		<feat xlink:href="#sSpan4207" value="place"/>
		<feat xlink:href="#sSpan4225" value="person"/>
		<feat xlink:href="#sSpan4245" value="person"/>
		<feat xlink:href="#sSpan4264" value="person"/>
		<feat xlink:href="#sSpan4275" value="person"/>
		<feat xlink:href="#sSpan4311" value="abstract"/>
		<feat xlink:href="#sSpan4328" value="object"/>
		<feat xlink:href="#sSpan4339" value="abstract"/>
		<feat xlink:href="#sSpan4359" value="object"/>
		<feat xlink:href="#sSpan4370" value="person"/>
		<feat xlink:href="#sSpan4408" value="abstract"/>
		<feat xlink:href="#sSpan4449" value="abstract"/>
		<feat xlink:href="#sSpan4465" value="person"/>
		<feat xlink:href="#sSpan4493" value="person"/>
		<feat xlink:href="#sSpan4501" value="abstract"/>
		<feat xlink:href="#sSpan4518" value="abstract"/>
		<feat xlink:href="#sSpan4528" value="object"/>
		<feat xlink:href="#sSpan4538" value="abstract"/>
		<feat xlink:href="#sSpan4558" value="abstract"/>
		<feat xlink:href="#sSpan4570" value="place"/>
		<feat xlink:href="#sSpan4589" value="abstract"/>
		<feat xlink:href="#sSpan4603" value="abstract"/>
		<feat xlink:href="#sSpan4618" value="substance"/>
		<feat xlink:href="#sSpan4631" value="person"/>
		<feat xlink:href="#sSpan4661" value="object"/>
		<feat xlink:href="#sSpan4694" value="person"/>
		<feat xlink:href="#sSpan4703" value="abstract"/>
		<feat xlink:href="#sSpan4712" value="person"/>
		<feat xlink:href="#sSpan4742" value="person"/>
		<feat xlink:href="#sSpan4761" value="object"/>
		<feat xlink:href="#sSpan4817" value="abstract"/>
		<feat xlink:href="#sSpan4829" value="substance"/>
		<feat xlink:href="#sSpan4850" value="person"/>
		<feat xlink:href="#sSpan4870" value="person"/>
		<feat xlink:href="#sSpan4881" value="abstract"/>
		<feat xlink:href="#sSpan4915" value="plant"/>
		<feat xlink:href="#sSpan4925" value="person"/>
		<feat xlink:href="#sSpan4935" value="abstract"/>
		<feat xlink:href="#sSpan4945" value="person"/>
		<feat xlink:href="#sSpan4978" value="abstract"/>
		<feat xlink:href="#sSpan5012" value="object"/>
		<feat xlink:href="#sSpan5021" value="place"/>
		<feat xlink:href="#sSpan5045" value="object"/>
		<feat xlink:href="#sSpan5064" value="person"/>
		<feat xlink:href="#sSpan5090" value="abstract"/>
		<feat xlink:href="#sSpan5105" value="abstract"/>
		<feat xlink:href="#sSpan5135" value="abstract"/>
		<feat xlink:href="#sSpan5162" value="plant"/>
		<feat xlink:href="#sSpan5190" value="object"/>
		<feat xlink:href="#sSpan5224" value="object"/>
		<feat xlink:href="#sSpan5234" value="substance"/>
		<feat xlink:href="#sSpan5241" value="substance"/>
		<feat xlink:href="#sSpan5263" value="substance"/>
		<feat xlink:href="#sSpan5277" value="substance"/>
		<feat xlink:href="#sSpan5289" value="abstract"/>
		<feat xlink:href="#sSpan5298" value="abstract"/>
		<feat xlink:href="#sSpan5308" value="object"/>
		<feat xlink:href="#sSpan5325" value="abstract"/>
		<feat xlink:href="#sSpan5338" value="person"/>
		<feat xlink:href="#sSpan5378" value="time"/>
		<feat xlink:href="#sSpan5387" value="event"/>
		<feat xlink:href="#sSpan5405" value="abstract"/>
		<feat xlink:href="#sSpan5452" value="place"/>
		<feat xlink:href="#sSpan5469" value="abstract"/>
		<feat xlink:href="#sSpan5488" value="object"/>
		<feat xlink:href="#sSpan5498" value="abstract"/>
		<feat xlink:href="#sSpan5513" value="event"/>
		<feat xlink:href="#sSpan5527" value="person"/>
		<feat xlink:href="#sSpan5555" value="person"/>
		<feat xlink:href="#sSpan5570" value="abstract"/>
		<feat xlink:href="#sSpan5596" value="abstract"/>
		<feat xlink:href="#sSpan5609" value="object"/>
		<feat xlink:href="#sSpan5629" value="abstract"/>
		<feat xlink:href="#sSpan5638" value="person"/>
		<feat xlink:href="#sSpan5657" value="place"/>
		<feat xlink:href="#sSpan5673" value="time"/>
		<feat xlink:href="#sSpan5689" value="abstract"/>
		<feat xlink:href="#sSpan5711" value="abstract"/>
		<feat xlink:href="#sSpan5727" value="place"/>
		<feat xlink:href="#sSpan5752" value="time"/>
		<feat xlink:href="#sSpan5780" value="time"/>
		<feat xlink:href="#sSpan5827" value="person"/>
		<feat xlink:href="#sSpan5846" value="abstract"/>
		<feat xlink:href="#sSpan5855" value="person"/>
		<feat xlink:href="#sSpan5921" value="time"/>
		<feat xlink:href="#sSpan5938" value="abstract"/>
		<feat xlink:href="#sSpan5968" value="time"/>
		<feat xlink:href="#sSpan6006" value="abstract"/>
		<feat xlink:href="#sSpan6039" value="object"/>
		<feat xlink:href="#sSpan6052" value="object"/>
		<feat xlink:href="#sSpan6078" value="abstract"/>
		<feat xlink:href="#sSpan6105" value="place"/>
		<feat xlink:href="#sSpan6112" value="event"/>
		<feat xlink:href="#sSpan6121" value="abstract"/>
		<feat xlink:href="#sSpan6130" value="object"/>
		<feat xlink:href="#sSpan6139" value="place"/>
		<feat xlink:href="#sSpan6195" value="person"/>
		<feat xlink:href="#sSpan6281" value="object"/>
		<feat xlink:href="#sSpan6290" value="object"/>
		<feat xlink:href="#sSpan6312" value="time"/>
		<feat xlink:href="#sSpan6327" value="time"/>
		<feat xlink:href="#sSpan6389" value="time"/>
		<feat xlink:href="#sSpan6403" value="abstract"/>
		<feat xlink:href="#sSpan6435" value="abstract"/>
		<feat xlink:href="#sSpan6458" value="person"/>
		<feat xlink:href="#sSpan6468" value="person"/>
		<feat xlink:href="#sSpan6504" value="object"/>
		<feat xlink:href="#sSpan6524" value="abstract"/>
		<feat xlink:href="#sSpan6601" value="object"/>
		<feat xlink:href="#sSpan6617" value="abstract"/>
		<feat xlink:href="#sSpan6638" value="abstract"/>
		<feat xlink:href="#sSpan6647" value="object"/>
		<feat xlink:href="#sSpan6677" value="abstract"/>
		<feat xlink:href="#sSpan6705" value="place"/>
		<feat xlink:href="#sSpan6717" value="place"/>
		<feat xlink:href="#sSpan6741" value="object"/>
		<feat xlink:href="#sSpan6765" value="person"/>
		<feat xlink:href="#sSpan6781" value="abstract"/>
		<feat xlink:href="#sSpan6791" value="person"/>
		<feat xlink:href="#sSpan6798" value="person"/>
		<feat xlink:href="#sSpan6826" value="abstract"/>
		<feat xlink:href="#sSpan6835" value="person"/>
		<feat xlink:href="#sSpan6851" value="abstract"/>
		<feat xlink:href="#sSpan6879" value="person"/>
		<feat xlink:href="#sSpan6903" value="animal"/>
		<feat xlink:href="#sSpan6914" value="animal"/>
		<feat xlink:href="#sSpan6927" value="event"/>
		<feat xlink:href="#sSpan6943" value="time"/>
		<feat xlink:href="#sSpan6954" value="event"/>
		<feat xlink:href="#sSpan6963" value="person"/>
		<feat xlink:href="#sSpan6973" value="person"/>
		<feat xlink:href="#sSpan6986" value="object"/>
		<feat xlink:href="#sSpan7014" value="person"/>
		<feat xlink:href="#sSpan7056" value="person"/>
		<feat xlink:href="#sSpan7120" value="object"/>
		<feat xlink:href="#sSpan7139" value="person"/>
		<feat xlink:href="#sSpan7148" value="object"/>
		<feat xlink:href="#sSpan7155" value="abstract"/>
		<feat xlink:href="#sSpan7165" value="object"/>
		<feat xlink:href="#sSpan7170" value="abstract"/>
		<feat xlink:href="#sSpan7176" value="abstract"/>
		<feat xlink:href="#sSpan7193" value="person"/>
		<feat xlink:href="#sSpan7208" value="person"/>
		<feat xlink:href="#sSpan7232" value="person"/>
		<feat xlink:href="#sSpan7260" value="person"/>
		<feat xlink:href="#sSpan7282" value="abstract"/>
		<feat xlink:href="#sSpan7303" value="person"/>
		<feat xlink:href="#sSpan7341" value="object"/>
		<feat xlink:href="#sSpan7367" value="object"/>
		<feat xlink:href="#sSpan7386" value="place"/>
		<feat xlink:href="#sSpan7401" value="person"/>
		<feat xlink:href="#sSpan7416" value="substance"/>
		<feat xlink:href="#sSpan7437" value="animal"/>
		<feat xlink:href="#sSpan7451" value="object"/>
		<feat xlink:href="#sSpan7478" value="time"/>
		<feat xlink:href="#sSpan7494" value="abstract"/>
		<feat xlink:href="#sSpan7504" value="abstract"/>
		<feat xlink:href="#sSpan7514" value="abstract"/>
		<feat xlink:href="#sSpan7540" value="place"/>
		<feat xlink:href="#sSpan7557" value="abstract"/>
		<feat xlink:href="#sSpan7572" value="place"/>
		<feat xlink:href="#sSpan7582" value="person"/>
		<feat xlink:href="#sSpan7601" value="abstract"/>
		<feat xlink:href="#sSpan7610" value="abstract"/>
		<feat xlink:href="#sSpan7631" value="person"/>
		<feat xlink:href="#sSpan7637" value="person"/>
		<feat xlink:href="#sSpan7672" value="animal"/>
		<feat xlink:href="#sSpan7700" value="abstract"/>
		<feat xlink:href="#sSpan7729" value="abstract"/>
		<feat xlink:href="#sSpan7736" value="person"/>
		<feat xlink:href="#sSpan7744" value="abstract"/>
		<feat xlink:href="#sSpan7769" value="abstract"/>
		<feat xlink:href="#sSpan7779" value="abstract"/>
		<feat xlink:href="#sSpan7826" value="place"/>
		<feat xlink:href="#sSpan7835" value="person"/>
		<feat xlink:href="#sSpan7853" value="person"/>
		<feat xlink:href="#sSpan7866" value="object"/>
		<feat xlink:href="#sSpan7888" value="abstract"/>
		<feat xlink:href="#sSpan7897" value="abstract"/>
		<feat xlink:href="#sSpan7906" value="object"/>
		<feat xlink:href="#sSpan7923" value="abstract"/>
		<feat xlink:href="#sSpan7959" value="object"/>
		<feat xlink:href="#sSpan7978" value="object"/>
		<feat xlink:href="#sSpan7994" value="person"/>
		<feat xlink:href="#sSpan8020" value="object"/>
		<feat xlink:href="#sSpan8049" value="object"/>
		<feat xlink:href="#sSpan8070" value="abstract"/>
		<feat xlink:href="#sSpan8084" value="plant"/>
		<feat xlink:href="#sSpan8110" value="plant"/>
		<feat xlink:href="#sSpan8119" value="abstract"/>
		<feat xlink:href="#sSpan8134" value="abstract"/>
		<feat xlink:href="#sSpan8156" value="person"/>
		<feat xlink:href="#sSpan8177" value="abstract"/>
		<feat xlink:href="#sSpan8189" value="place"/>
		<feat xlink:href="#sSpan8204" value="abstract"/>
		<feat xlink:href="#sSpan8214" value="person"/>
		<feat xlink:href="#sSpan8236" value="abstract"/>
		<feat xlink:href="#sSpan8243" value="abstract"/>
		<feat xlink:href="#sSpan8253" value="abstract"/>
		<feat xlink:href="#sSpan8311" value="time"/>
		<feat xlink:href="#sSpan8325" value="person"/>
		<feat xlink:href="#sSpan8348" value="place"/>
		<feat xlink:href="#sSpan8359" value="event"/>
		<feat xlink:href="#sSpan8382" value="abstract"/>
		<feat xlink:href="#sSpan8392" value="event"/>
		<feat xlink:href="#sSpan8448" value="abstract"/>
		<feat xlink:href="#sSpan8469" value="object"/>
		<feat xlink:href="#sSpan8494" value="person"/>
		<feat xlink:href="#sSpan8520" value="person"/>
		<feat xlink:href="#sSpan8547" value="person"/>
		<feat xlink:href="#sSpan8564" value="person"/>
		<feat xlink:href="#sSpan8601" value="person"/>
		<feat xlink:href="#sSpan8621" value="person"/>
		<feat xlink:href="#sSpan8681" value="person"/>
		<feat xlink:href="#sSpan8693" value="abstract"/>
		<feat xlink:href="#sSpan8724" value="person"/>
		<feat xlink:href="#sSpan8736" value="abstract"/>
		<feat xlink:href="#sSpan8743" value="person"/>
		<feat xlink:href="#sSpan8785" value="person"/>
		<feat xlink:href="#sSpan8811" value="abstract"/>
		<feat xlink:href="#sSpan8824" value="person"/>
		<feat xlink:href="#sSpan8852" value="person"/>
		<feat xlink:href="#sSpan8888" value="person"/>
		<feat xlink:href="#sSpan8914" value="person"/>
		<feat xlink:href="#sSpan8923" value="person"/>
		<feat xlink:href="#sSpan8944" value="time"/>
		<feat xlink:href="#sSpan8979" value="time"/>
		<feat xlink:href="#sSpan9022" value="place"/>
		<feat xlink:href="#sSpan9040" value="object"/>
		<feat xlink:href="#sSpan9049" value="person"/>
		<feat xlink:href="#sSpan9070" value="person"/>
		<feat xlink:href="#sSpan9089" value="person"/>
		<feat xlink:href="#sSpan9113" value="place"/>
		<feat xlink:href="#sSpan9127" value="person"/>
		<feat xlink:href="#sSpan9185" value="abstract"/>
		<feat xlink:href="#sSpan9218" value="person"/>
		<feat xlink:href="#sSpan9252" value="time"/>
		<feat xlink:href="#sSpan9263" value="event"/>
		<feat xlink:href="#sSpan9273" value="abstract"/>
		<feat xlink:href="#sSpan9280" value="person"/>
		<feat xlink:href="#sSpan9327" value="time"/>
		<feat xlink:href="#sSpan9346" value="person"/>
		<feat xlink:href="#sSpan9400" value="time"/>
		<feat xlink:href="#sSpan9426" value="abstract"/>
		<feat xlink:href="#sSpan9436" value="person"/>
		<feat xlink:href="#sSpan9445" value="abstract"/>
		<feat xlink:href="#sSpan9453" value="abstract"/>
		<feat xlink:href="#sSpan9480" value="event"/>
		<feat xlink:href="#sSpan9497" value="abstract"/>
		<feat xlink:href="#sSpan9516" value="person"/>
		<feat xlink:href="#sSpan9528" value="person"/>
		<feat xlink:href="#sSpan9550" value="object"/>
		<feat xlink:href="#sSpan9559" value="person"/>
		<feat xlink:href="#sSpan9579" value="abstract"/>
		<feat xlink:href="#sSpan9586" value="object"/>
		<feat xlink:href="#sSpan9610" value="abstract"/>
		<feat xlink:href="#sSpan9620" value="abstract"/>
		<feat xlink:href="#sSpan9632" value="person"/>
		<feat xlink:href="#sSpan9645" value="object"/>
		<feat xlink:href="#sSpan9673" value="abstract"/>
		<feat xlink:href="#sSpan9687" value="person"/>
		<feat xlink:href="#sSpan9707" value="object"/>
		<feat xlink:href="#sSpan9727" value="person"/>
		<feat xlink:href="#sSpan9744" value="person"/>
		<feat xlink:href="#sSpan9762" value="object"/>
		<feat xlink:href="#sSpan9787" value="abstract"/>
		<feat xlink:href="#sSpan9800" value="person"/>
		<feat xlink:href="#sSpan9820" value="object"/>
		<feat xlink:href="#sSpan9843" value="abstract"/>
		<feat xlink:href="#sSpan9861" value="abstract"/>
		<feat xlink:href="#sSpan9879" value="person"/>
		<feat xlink:href="#sSpan9905" value="object"/>
		<feat xlink:href="#sSpan9925" value="abstract"/>
		<feat xlink:href="#sSpan9944" value="abstract"/>
		<feat xlink:href="#sSpan9957" value="person"/>
		<feat xlink:href="#sSpan10009" value="abstract"/>
		<feat xlink:href="#sSpan10019" value="person"/>
		<feat xlink:href="#sSpan10033" value="abstract"/>
		<feat xlink:href="#sSpan10043" value="abstract"/>
		<feat xlink:href="#sSpan10055" value="person"/>
		<feat xlink:href="#sSpan10088" value="abstract"/>
		<feat xlink:href="#sSpan10099" value="person"/>
		<feat xlink:href="#sSpan10133" value="object"/>
		<feat xlink:href="#sSpan10144" value="person"/>
		<feat xlink:href="#sSpan10175" value="person"/>
		<feat xlink:href="#sSpan10188" value="abstract"/>
		<feat xlink:href="#sSpan10213" value="person"/>
		<feat xlink:href="#sSpan10222" value="person"/>
		<feat xlink:href="#sSpan10262" value="abstract"/>
		<feat xlink:href="#sSpan10272" value="abstract"/>
		<feat xlink:href="#sSpan10297" value="abstract"/>
		<feat xlink:href="#sSpan10328" value="person"/>
		<feat xlink:href="#sSpan10379" value="place"/>
		<feat xlink:href="#sSpan10407" value="abstract"/>
		<feat xlink:href="#sSpan10433" value="person"/>
		<feat xlink:href="#sSpan10451" value="abstract"/>
		<feat xlink:href="#sSpan10501" value="abstract"/>
		<feat xlink:href="#sSpan10526" value="abstract"/>
		<feat xlink:href="#sSpan10533" value="person"/>
		<feat xlink:href="#sSpan10563" value="abstract"/>
		<feat xlink:href="#sSpan10587" value="abstract"/>
		<feat xlink:href="#sSpan10616" value="time"/>
		<feat xlink:href="#sSpan10647" value="time"/>
		<feat xlink:href="#sSpan10674" value="object"/>
		<feat xlink:href="#sSpan10687" value="abstract"/>
		<feat xlink:href="#sSpan10698" value="time"/>
		<feat xlink:href="#sSpan10739" value="abstract"/>
		<feat xlink:href="#sSpan10763" value="abstract"/>
		<feat xlink:href="#sSpan10772" value="person"/>
		<feat xlink:href="#sSpan10798" value="abstract"/>
		<feat xlink:href="#sSpan10816" value="abstract"/>
		<feat xlink:href="#sSpan10825" value="abstract"/>
		<feat xlink:href="#sSpan10856" value="person"/>
		<feat xlink:href="#sSpan10900" value="person"/>
		<feat xlink:href="#sSpan10949" value="person"/>
		<feat xlink:href="#sSpan10980" value="person"/>
		<feat xlink:href="#sSpan10999" value="abstract"/>
		<feat xlink:href="#sSpan11093" value="object"/>
		<feat xlink:href="#sSpan11142" value="time"/>
		<feat xlink:href="#sSpan11167" value="event"/>
		<feat xlink:href="#sSpan11207" value="time"/>
		<feat xlink:href="#sSpan11218" value="abstract"/>
		<feat xlink:href="#sSpan11235" value="abstract"/>
		<feat xlink:href="#sSpan11248" value="abstract"/>
		<feat xlink:href="#sSpan11257" value="object"/>
		<feat xlink:href="#sSpan11277" value="place"/>
		<feat xlink:href="#sSpan11286" value="substance"/>
		<feat xlink:href="#sSpan11316" value="abstract"/>
		<feat xlink:href="#sSpan11325" value="abstract"/>
		<feat xlink:href="#sSpan11371" value="substance"/>
		<feat xlink:href="#sSpan11380" value="person"/>
		<feat xlink:href="#sSpan11411" value="abstract"/>
		<feat xlink:href="#sSpan11453" value="abstract"/>
		<feat xlink:href="#sSpan11462" value="person"/>
		<feat xlink:href="#sSpan11479" value="person"/>
		<feat xlink:href="#sSpan11511" value="person"/>
		<feat xlink:href="#sSpan11541" value="person"/>
		<feat xlink:href="#sSpan11577" value="person"/>
		<feat xlink:href="#sSpan11632" value="person"/>
		<feat xlink:href="#sSpan11648" value="abstract"/>
		<feat xlink:href="#sSpan11666" value="abstract"/>
		<feat xlink:href="#sSpan11695" value="place"/>
		<feat xlink:href="#sSpan11715" value="place"/>
		<feat xlink:href="#sSpan11759" value="abstract"/>
		<feat xlink:href="#sSpan11769" value="abstract"/>
		<feat xlink:href="#sSpan11798" value="abstract"/>
		<feat xlink:href="#sSpan11808" value="place"/>
		<feat xlink:href="#sSpan11828" value="object"/>
		<feat xlink:href="#sSpan11837" value="place"/>
		<feat xlink:href="#sSpan11853" value="abstract"/>
		<feat xlink:href="#sSpan11880" value="abstract"/>
		<feat xlink:href="#sSpan11899" value="person"/>
		<feat xlink:href="#sSpan11908" value="person"/>
		<feat xlink:href="#sSpan11936" value="place"/>
		<feat xlink:href="#sSpan11955" value="object"/>
		<feat xlink:href="#sSpan11966" value="animal"/>
		<feat xlink:href="#sSpan12042" value="abstract"/>
		<feat xlink:href="#sSpan12076" value="person"/>
		<feat xlink:href="#sSpan12146" value="place"/>
		<feat xlink:href="#sSpan12153" value="abstract"/>
		<feat xlink:href="#sSpan12171" value="abstract"/>
		<feat xlink:href="#sSpan12190" value="place"/>
		<feat xlink:href="#sSpan12228" value="object"/>
		<feat xlink:href="#sSpan12245" value="object"/>
		<feat xlink:href="#sSpan12263" value="person"/>
		<feat xlink:href="#sSpan12272" value="object"/>
		<feat xlink:href="#sSpan12294" value="place"/>
		<feat xlink:href="#sSpan12337" value="abstract"/>
		<feat xlink:href="#sSpan12348" value="person"/>
		<feat xlink:href="#sSpan12389" value="person"/>
		<feat xlink:href="#sSpan12401" value="abstract"/>
		<feat xlink:href="#sSpan12410" value="place"/>
		<feat xlink:href="#sSpan12425" value="abstract"/>
		<feat xlink:href="#sSpan12453" value="place"/>
		<feat xlink:href="#sSpan12466" value="abstract"/>
		<feat xlink:href="#sSpan12515" value="abstract"/>
		<feat xlink:href="#sSpan12524" value="place"/>
		<feat xlink:href="#sSpan12533" value="substance"/>
		<feat xlink:href="#sSpan12559" value="place"/>
		<feat xlink:href="#sSpan12578" value="object"/>
		<feat xlink:href="#sSpan12586" value="object"/>
		<feat xlink:href="#sSpan12609" value="abstract"/>
		<feat xlink:href="#sSpan12617" value="abstract"/>
		<feat xlink:href="#sSpan12627" value="person"/>
		<feat xlink:href="#sSpan12679" value="object"/>
		<feat xlink:href="#sSpan12690" value="abstract"/>
		<feat xlink:href="#sSpan12703" value="abstract"/>
		<feat xlink:href="#sSpan12715" value="abstract"/>
		<feat xlink:href="#sSpan12746" value="substance"/>
		<feat xlink:href="#sSpan12755" value="place"/>
		<feat xlink:href="#sSpan12778" value="object"/>
		<feat xlink:href="#sSpan12787" value="substance"/>
		<feat xlink:href="#sSpan12829" value="plant"/>
		<feat xlink:href="#sSpan12839" value="plant"/>
		<feat xlink:href="#sSpan12870" value="abstract"/>
		<feat xlink:href="#sSpan12880" value="abstract"/>
		<feat xlink:href="#sSpan12909" value="person"/>
		<feat xlink:href="#sSpan12943" value="person"/>
		<feat xlink:href="#sSpan12974" value="place"/>
		<feat xlink:href="#sSpan12985" value="place"/>
		<feat xlink:href="#sSpan13014" value="abstract"/>
		<feat xlink:href="#sSpan13023" value="person"/>
		<feat xlink:href="#sSpan13034" value="place"/>
		<feat xlink:href="#sSpan13089" value="person"/>
		<feat xlink:href="#sSpan13096" value="abstract"/>
		<feat xlink:href="#sSpan13111" value="abstract"/>
		<feat xlink:href="#sSpan13126" value="object"/>
		<feat xlink:href="#sSpan13139" value="person"/>
		<feat xlink:href="#sSpan13154" value="time"/>
		<feat xlink:href="#sSpan13166" value="abstract"/>
		<feat xlink:href="#sSpan13183" value="place"/>
		<feat xlink:href="#sSpan13198" value="abstract"/>
		<feat xlink:href="#sSpan13210" value="abstract"/>
		<feat xlink:href="#sSpan13233" value="abstract"/>
		<feat xlink:href="#sSpan13248" value="place"/>
		<feat xlink:href="#sSpan13292" value="time"/>
		<feat xlink:href="#sSpan13300" value="abstract"/>
		<feat xlink:href="#sSpan13311" value="abstract"/>
		<feat xlink:href="#sSpan13325" value="place"/>
		<feat xlink:href="#sSpan13340" value="object"/>
		<feat xlink:href="#sSpan13358" value="abstract"/>
		<feat xlink:href="#sSpan13401" value="place"/>
		<feat xlink:href="#sSpan13427" value="object"/>
		<feat xlink:href="#sSpan13466" value="abstract"/>
		<feat xlink:href="#sSpan13476" value="time"/>
		<feat xlink:href="#sSpan13500" value="abstract"/>
		<feat xlink:href="#sSpan13516" value="person"/>
		<feat xlink:href="#sSpan13600" value="abstract"/>
		<feat xlink:href="#sSpan13639" value="object"/>
		<feat xlink:href="#sSpan13649" value="place"/>
		<feat xlink:href="#sSpan13676" value="abstract"/>
		<feat xlink:href="#sSpan13721" value="place"/>
		<feat xlink:href="#sSpan13730" value="object"/>
		<feat xlink:href="#sSpan13744" value="abstract"/>
		<feat xlink:href="#sSpan13753" value="object"/>
		<feat xlink:href="#sSpan13763" value="person"/>
		<feat xlink:href="#sSpan13805" value="person"/>
		<feat xlink:href="#sSpan13816" value="object"/>
		<feat xlink:href="#sSpan13849" value="abstract"/>
		<feat xlink:href="#sSpan13869" value="abstract"/>
		<feat xlink:href="#sSpan13902" value="abstract"/>
		<feat xlink:href="#sSpan13911" value="abstract"/>
		<feat xlink:href="#sSpan13942" value="person"/>
		<feat xlink:href="#sSpan13989" value="person"/>
		<feat xlink:href="#sSpan14027" value="time"/>
		<feat xlink:href="#sSpan14054" value="abstract"/>
		<feat xlink:href="#sSpan14063" value="abstract"/>
		<feat xlink:href="#sSpan14078" value="object"/>
		<feat xlink:href="#sSpan14108" value="person"/>
		<feat xlink:href="#sSpan14122" value="event"/>
		<feat xlink:href="#sSpan14134" value="place"/>
		<feat xlink:href="#sSpan14145" value="person"/>
		<feat xlink:href="#sSpan14163" value="object"/>
		<feat xlink:href="#sSpan14207" value="abstract"/>
		<feat xlink:href="#sSpan14246" value="place"/>
		<feat xlink:href="#sSpan14274" value="person"/>
		<feat xlink:href="#sSpan14298" value="object"/>
		<feat xlink:href="#sSpan14307" value="substance"/>
		<feat xlink:href="#sSpan14321" value="abstract"/>
		<feat xlink:href="#sSpan14332" value="abstract"/>
		<feat xlink:href="#sSpan14374" value="person"/>
		<feat xlink:href="#sSpan14412" value="abstract"/>
		<feat xlink:href="#sSpan14437" value="person"/>
		<feat xlink:href="#sSpan14488" value="abstract"/>
		<feat xlink:href="#sSpan14519" value="abstract"/>
		<feat xlink:href="#sSpan14535" value="abstract"/>
		<feat xlink:href="#sSpan14556" value="abstract"/>
		<feat xlink:href="#sSpan14571" value="event"/>
		<feat xlink:href="#sSpan14580" value="abstract"/>
		<feat xlink:href="#sSpan14609" value="time"/>
		<feat xlink:href="#sSpan14636" value="person"/>
		<feat xlink:href="#sSpan14656" value="object"/>
		<feat xlink:href="#sSpan14669" value="time"/>
		<feat xlink:href="#sSpan14683" value="time"/>
		<feat xlink:href="#sSpan14706" value="person"/>
		<feat xlink:href="#sSpan14727" value="time"/>
		<feat xlink:href="#sSpan14748" value="object"/>
		<feat xlink:href="#sSpan14782" value="abstract"/>
		<feat xlink:href="#sSpan14791" value="abstract"/>
		<feat xlink:href="#sSpan14814" value="plant"/>
		<feat xlink:href="#sSpan14832" value="abstract"/>
		<feat xlink:href="#sSpan14859" value="abstract"/>
		<feat xlink:href="#sSpan14883" value="time"/>
		<feat xlink:href="#sSpan14901" value="person"/>
		<feat xlink:href="#sSpan14908" value="abstract"/>
		<feat xlink:href="#sSpan14925" value="object"/>
		<feat xlink:href="#sSpan14934" value="object"/>
		<feat xlink:href="#sSpan14967" value="abstract"/>
		<feat xlink:href="#sSpan14990" value="event"/>
		<feat xlink:href="#sSpan15007" value="object"/>
		<feat xlink:href="#sSpan15042" value="object"/>
		<feat xlink:href="#sSpan15051" value="abstract"/>
		<feat xlink:href="#sSpan15058" value="object"/>
		<feat xlink:href="#sSpan15090" value="person"/>
		<feat xlink:href="#sSpan15093" value="abstract"/>
		<feat xlink:href="#sSpan15103" value="person"/>
		<feat xlink:href="#sSpan15120" value="abstract"/>
		<feat xlink:href="#sSpan15130" value="abstract"/>
		<feat xlink:href="#sSpan15148" value="person"/>
		<feat xlink:href="#sSpan15175" value="abstract"/>
		<feat xlink:href="#sSpan15180" value="abstract"/>
		<feat xlink:href="#sSpan15204" value="time"/>
		<feat xlink:href="#sSpan15245" value="person"/>
		<feat xlink:href="#sSpan15260" value="abstract"/>
		<feat xlink:href="#sSpan15280" value="abstract"/>
		<feat xlink:href="#sSpan15287" value="person"/>
		<feat xlink:href="#sSpan15311" value="person"/>
		<feat xlink:href="#sSpan15329" value="abstract"/>
		<feat xlink:href="#sSpan15336" value="object"/>
		<feat xlink:href="#sSpan15356" value="person"/>
		<feat xlink:href="#sSpan15363" value="place"/>
		<feat xlink:href="#sSpan15405" value="abstract"/>
		<feat xlink:href="#sSpan15414" value="person"/>
		<feat xlink:href="#sSpan15423" value="organization"/>
		<feat xlink:href="#sSpan15445" value="abstract"/>
		<feat xlink:href="#sSpan15464" value="object"/>
		<feat xlink:href="#sSpan15489" value="person"/>
		<feat xlink:href="#sSpan15526" value="abstract"/>
		<feat xlink:href="#sSpan15544" value="object"/>
		<feat xlink:href="#sSpan15558" value="abstract"/>
		<feat xlink:href="#sSpan15623" value="abstract"/>
		<feat xlink:href="#sSpan15665" value="person"/>
		<feat xlink:href="#sSpan15696" value="abstract"/>
		<feat xlink:href="#sSpan15706" value="object"/>
		<feat xlink:href="#sSpan15721" value="place"/>
		<feat xlink:href="#sSpan15754" value="place"/>
		<feat xlink:href="#sSpan15765" value="abstract"/>
		<feat xlink:href="#sSpan15780" value="person"/>
		<feat xlink:href="#sSpan15789" value="abstract"/>
		<feat xlink:href="#sSpan15798" value="time"/>
		<feat xlink:href="#sSpan15809" value="abstract"/>
		<feat xlink:href="#sSpan15841" value="person"/>
		<feat xlink:href="#sSpan15904" value="abstract"/>
		<feat xlink:href="#sSpan15934" value="person"/>
		<feat xlink:href="#sSpan15966" value="abstract"/>
		<feat xlink:href="#sSpan15981" value="object"/>
		<feat xlink:href="#sSpan15990" value="animal"/>
		<feat xlink:href="#sSpan16000" value="abstract"/>
		<feat xlink:href="#sSpan16054" value="person"/>
		<feat xlink:href="#sSpan16081" value="object"/>
		<feat xlink:href="#sSpan16205" value="person"/>
		<feat xlink:href="#sSpan16243" value="abstract"/>
		<feat xlink:href="#sSpan16276" value="person"/>
		<feat xlink:href="#sSpan16317" value="place"/>
		<feat xlink:href="#sSpan16340" value="place"/>
		<feat xlink:href="#sSpan16393" value="event"/>
		<feat xlink:href="#sSpan16417" value="person"/>
		<feat xlink:href="#sSpan16446" value="person"/>
		<feat xlink:href="#sSpan16469" value="place"/>
		<feat xlink:href="#sSpan16478" value="time"/>
		<feat xlink:href="#sSpan16499" value="abstract"/>
		<feat xlink:href="#sSpan16506" value="object"/>
		<feat xlink:href="#sSpan16518" value="object"/>
		<feat xlink:href="#sSpan16557" value="person"/>
		<feat xlink:href="#sSpan16629" value="person"/>
		<feat xlink:href="#sSpan16642" value="abstract"/>
		<feat xlink:href="#sSpan16668" value="person"/>
		<feat xlink:href="#sSpan16684" value="time"/>
		<feat xlink:href="#sSpan16764" value="abstract"/>
		<feat xlink:href="#sSpan16795" value="event"/>
		<feat xlink:href="#sSpan16819" value="abstract"/>
		<feat xlink:href="#sSpan16831" value="person"/>
		<feat xlink:href="#sSpan16867" value="person"/>
		<feat xlink:href="#sSpan16880" value="abstract"/>
		<feat xlink:href="#sSpan16900" value="abstract"/>
		<feat xlink:href="#sSpan16934" value="place"/>
		<feat xlink:href="#sSpan16944" value="abstract"/>
		<feat xlink:href="#sSpan16971" value="object"/>
		<feat xlink:href="#sSpan16980" value="object"/>
		<feat xlink:href="#sSpan17052" value="time"/>
		<feat xlink:href="#sSpan17067" value="abstract"/>
		<feat xlink:href="#sSpan17085" value="abstract"/>
		<feat xlink:href="#sSpan17111" value="person"/>
		<feat xlink:href="#sSpan17136" value="person"/>
		<feat xlink:href="#sSpan17152" value="abstract"/>
		<feat xlink:href="#sSpan17155" value="person"/>
		<feat xlink:href="#sSpan17178" value="person"/>
		<feat xlink:href="#sSpan17225" value="abstract"/>
		<feat xlink:href="#sSpan17259" value="abstract"/>
		<feat xlink:href="#sSpan17274" value="abstract"/>
		<feat xlink:href="#sSpan17286" value="person"/>
		<feat xlink:href="#sSpan17315" value="abstract"/>
		<feat xlink:href="#sSpan17341" value="object"/>
		<feat xlink:href="#sSpan17350" value="abstract"/>
		<feat xlink:href="#sSpan17388" value="person"/>
		<feat xlink:href="#sSpan17401" value="event"/>
		<feat xlink:href="#sSpan17411" value="time"/>
		<feat xlink:href="#sSpan17448" value="person"/>
		<feat xlink:href="#sSpan17504" value="time"/>
		<feat xlink:href="#sSpan17527" value="person"/>
		<feat xlink:href="#sSpan17572" value="abstract"/>
		<feat xlink:href="#sSpan17587" value="object"/>
		<feat xlink:href="#sSpan17606" value="abstract"/>
		<feat xlink:href="#sSpan17613" value="abstract"/>
		<feat xlink:href="#sSpan17661" value="abstract"/>
		<feat xlink:href="#sSpan17671" value="abstract"/>
		<feat xlink:href="#sSpan17680" value="time"/>
		<feat xlink:href="#sSpan17718" value="object"/>
		<feat xlink:href="#sSpan17727" value="place"/>
		<feat xlink:href="#sSpan17783" value="person"/>
		<feat xlink:href="#sSpan17794" value="person"/>
		<feat xlink:href="#sSpan17824" value="object"/>
		<feat xlink:href="#sSpan17880" value="abstract"/>
		<feat xlink:href="#sSpan17914" value="abstract"/>
		<feat xlink:href="#sSpan17926" value="abstract"/>
		<feat xlink:href="#sSpan17938" value="abstract"/>
		<feat xlink:href="#sSpan17946" value="abstract"/>
		<feat xlink:href="#sSpan17956" value="person"/>
		<feat xlink:href="#sSpan17965" value="abstract"/>
		<feat xlink:href="#sSpan18023" value="abstract"/>
		<feat xlink:href="#sSpan18069" value="abstract"/>
		<feat xlink:href="#sSpan18116" value="object"/>
		<feat xlink:href="#sSpan18140" value="object"/>
		<feat xlink:href="#sSpan18169" value="place"/>
		<feat xlink:href="#sSpan18183" value="place"/>
		<feat xlink:href="#sSpan18204" value="object"/>
		<feat xlink:href="#sSpan18223" value="abstract"/>
		<feat xlink:href="#sSpan18252" value="abstract"/>
		<feat xlink:href="#sSpan18276" value="abstract"/>
		<feat xlink:href="#sSpan18331" value="object"/>
		<feat xlink:href="#sSpan18340" value="event"/>
		<feat xlink:href="#sSpan18347" value="abstract"/>
		<feat xlink:href="#sSpan18373" value="person"/>
		<feat xlink:href="#sSpan18388" value="person"/>
		<feat xlink:href="#sSpan18395" value="place"/>
		<feat xlink:href="#sSpan18441" value="abstract"/>
		<feat xlink:href="#sSpan18451" value="abstract"/>
		<feat xlink:href="#sSpan18494" value="abstract"/>
		<feat xlink:href="#sSpan18518" value="abstract"/>
		<feat xlink:href="#sSpan18556" value="time"/>
		<feat xlink:href="#sSpan18575" value="object"/>
		<feat xlink:href="#sSpan18597" value="time"/>
		<feat xlink:href="#sSpan18604" value="abstract"/>
		<feat xlink:href="#sSpan18613" value="event"/>
		<feat xlink:href="#sSpan18674" value="person"/>
		<feat xlink:href="#sSpan18720" value="person"/>
		<feat xlink:href="#sSpan18738" value="abstract"/>
		<feat xlink:href="#sSpan18776" value="abstract"/>
		<feat xlink:href="#sSpan18843" value="object"/>
		<feat xlink:href="#sSpan18860" value="abstract"/>
		<feat xlink:href="#sSpan18871" value="person"/>
		<feat xlink:href="#sSpan18895" value="person"/>
		<feat xlink:href="#sSpan18921" value="place"/>
		<feat xlink:href="#sSpan18931" value="object"/>
		<feat xlink:href="#sSpan18941" value="place"/>
		<feat xlink:href="#sSpan18977" value="object"/>
		<feat xlink:href="#sSpan18984" value="place"/>
		<feat xlink:href="#sSpan18994" value="object"/>
		<feat xlink:href="#sSpan19016" value="abstract"/>
		<feat xlink:href="#sSpan19031" value="substance"/>
		<feat xlink:href="#sSpan19046" value="event"/>
		<feat xlink:href="#sSpan19065" value="animal"/>
		<feat xlink:href="#sSpan19074" value="object"/>
		<feat xlink:href="#sSpan19083" value="object"/>
		<feat xlink:href="#sSpan19115" value="place"/>
		<feat xlink:href="#sSpan19141" value="person"/>
		<feat xlink:href="#sSpan19153" value="abstract"/>
		<feat xlink:href="#sSpan19170" value="person"/>
		<feat xlink:href="#sSpan19182" value="abstract"/>
		<feat xlink:href="#sSpan19205" value="abstract"/>
		<feat xlink:href="#sSpan19255" value="place"/>
		<feat xlink:href="#sSpan19280" value="person"/>
		<feat xlink:href="#sSpan19312" value="abstract"/>
		<feat xlink:href="#sSpan19341" value="person"/>
		<feat xlink:href="#sSpan19352" value="person"/>
		<feat xlink:href="#sSpan19367" value="person"/>
		<feat xlink:href="#sSpan19376" value="place"/>
		<feat xlink:href="#sSpan19406" value="object"/>
		<feat xlink:href="#sSpan19413" value="substance"/>
		<feat xlink:href="#sSpan19434" value="object"/>
		<feat xlink:href="#sSpan19443" value="object"/>
		<feat xlink:href="#sSpan19468" value="person"/>
		<feat xlink:href="#sSpan19496" value="object"/>
		<feat xlink:href="#sSpan19503" value="person"/>
		<feat xlink:href="#sSpan19526" value="person"/>
		<feat xlink:href="#sSpan19537" value="person"/>
		<feat xlink:href="#sSpan19559" value="person"/>
		<feat xlink:href="#sSpan19581" value="place"/>
		<feat xlink:href="#sSpan19592" value="place"/>
		<feat xlink:href="#sSpan19608" value="place"/>
		<feat xlink:href="#sSpan19668" value="place"/>
		<feat xlink:href="#sSpan19676" value="object"/>
		<feat xlink:href="#sSpan19683" value="place"/>
		<feat xlink:href="#sSpan19727" value="abstract"/>
		<feat xlink:href="#sSpan19752" value="place"/>
		<feat xlink:href="#sSpan19801" value="abstract"/>
		<feat xlink:href="#sSpan19837" value="person"/>
		<feat xlink:href="#sSpan19862" value="person"/>
		<feat xlink:href="#sSpan19873" value="abstract"/>
		<feat xlink:href="#sSpan19908" value="person"/>
		<feat xlink:href="#sSpan19924" value="person"/>
		<feat xlink:href="#sSpan19991" value="person"/>
		<feat xlink:href="#sSpan20010" value="person"/>
		<feat xlink:href="#sSpan20034" value="abstract"/>
		<feat xlink:href="#sSpan20045" value="abstract"/>
		<feat xlink:href="#sSpan20078" value="person"/>
		<feat xlink:href="#sSpan20103" value="abstract"/>
		<feat xlink:href="#sSpan20125" value="abstract"/>
		<feat xlink:href="#sSpan20151" value="person"/>
		<feat xlink:href="#sSpan20163" value="abstract"/>
		<feat xlink:href="#sSpan20175" value="person"/>
		<feat xlink:href="#sSpan20211" value="person"/>
		<feat xlink:href="#sSpan20221" value="abstract"/>
		<feat xlink:href="#sSpan20251" value="person"/>
		<feat xlink:href="#sSpan20262" value="abstract"/>
		<feat xlink:href="#sSpan20290" value="person"/>
		<feat xlink:href="#sSpan20297" value="place"/>
		<feat xlink:href="#sSpan20321" value="person"/>
		<feat xlink:href="#sSpan20342" value="person"/>
		<feat xlink:href="#sSpan20349" value="person"/>
		<feat xlink:href="#sSpan20409" value="abstract"/>
		<feat xlink:href="#sSpan20450" value="person"/>
		<feat xlink:href="#sSpan20460" value="person"/>
		<feat xlink:href="#sSpan20471" value="person"/>
		<feat xlink:href="#sSpan20501" value="person"/>
		<feat xlink:href="#sSpan20508" value="person"/>
		<feat xlink:href="#sSpan20531" value="abstract"/>
		<feat xlink:href="#sSpan20546" value="abstract"/>
		<feat xlink:href="#sSpan20568" value="abstract"/>
		<feat xlink:href="#sSpan20589" value="abstract"/>
		<feat xlink:href="#sSpan20622" value="person"/>
		<feat xlink:href="#sSpan20643" value="abstract"/>
		<feat xlink:href="#sSpan20650" value="abstract"/>
		<feat xlink:href="#sSpan20682" value="abstract"/>
		<feat xlink:href="#sSpan20692" value="person"/>
		<feat xlink:href="#sSpan20705" value="object"/>
		<feat xlink:href="#sSpan20725" value="abstract"/>
		<feat xlink:href="#sSpan20742" value="person"/>
		<feat xlink:href="#sSpan20745" value="place"/>
		<feat xlink:href="#sSpan20763" value="abstract"/>
		<feat xlink:href="#sSpan20772" value="abstract"/>
		<feat xlink:href="#sSpan20782" value="person"/>
		<feat xlink:href="#sSpan20801" value="person"/>
		<feat xlink:href="#sSpan20814" value="abstract"/>
		<feat xlink:href="#sSpan20825" value="person"/>
		<feat xlink:href="#sSpan20850" value="person"/>
		<feat xlink:href="#sSpan20857" value="place"/>
		<feat xlink:href="#sSpan20868" value="abstract"/>
		<feat xlink:href="#sSpan20894" value="abstract"/>
		<feat xlink:href="#sSpan20903" value="object"/>
		<feat xlink:href="#sSpan20933" value="abstract"/>
		<feat xlink:href="#sSpan20947" value="abstract"/>
		<feat xlink:href="#sSpan20958" value="abstract"/>
		<feat xlink:href="#sSpan21020" value="person"/>
		<feat xlink:href="#sSpan21030" value="abstract"/>
		<feat xlink:href="#sSpan21046" value="person"/>
		<feat xlink:href="#sSpan21079" value="abstract"/>
		<feat xlink:href="#sSpan21135" value="person"/>
		<feat xlink:href="#sSpan21194" value="abstract"/>
		<feat xlink:href="#sSpan21235" value="object"/>
		<feat xlink:href="#sSpan21244" value="abstract"/>
		<feat xlink:href="#sSpan21251" value="object"/>
		<feat xlink:href="#sSpan21302" value="abstract"/>
		<feat xlink:href="#sSpan21307" value="person"/>
		<feat xlink:href="#sSpan21316" value="abstract"/>
		<feat xlink:href="#sSpan21327" value="abstract"/>
		<feat xlink:href="#sSpan21368" value="abstract"/>
		<feat xlink:href="#sSpan21376" value="person"/>
		<feat xlink:href="#sSpan21391" value="abstract"/>
		<feat xlink:href="#sSpan21400" value="abstract"/>
		<feat xlink:href="#sSpan21455" value="person"/>
		<feat xlink:href="#sSpan21477" value="abstract"/>
		<feat xlink:href="#sSpan21484" value="abstract"/>
		<feat xlink:href="#sSpan21503" value="person"/>
		<feat xlink:href="#sSpan21548" value="person"/>
		<feat xlink:href="#sSpan21553" value="place"/>
		<feat xlink:href="#sSpan21573" value="animal"/>
		<feat xlink:href="#sSpan21584" value="abstract"/>
		<feat xlink:href="#sSpan21598" value="object"/>
		<feat xlink:href="#sSpan21616" value="person"/>
		<feat xlink:href="#sSpan21644" value="abstract"/>
		<feat xlink:href="#sSpan21677" value="person"/>
		<feat xlink:href="#sSpan21686" value="person"/>
		<feat xlink:href="#sSpan21689" value="person"/>
		<feat xlink:href="#sSpan21704" value="abstract"/>
		<feat xlink:href="#sSpan21721" value="abstract"/>
		<feat xlink:href="#sSpan21767" value="person"/>
		<feat xlink:href="#sSpan21798" value="abstract"/>
		<feat xlink:href="#sSpan21825" value="substance"/>
		<feat xlink:href="#sSpan21843" value="person"/>
		<feat xlink:href="#sSpan21864" value="object"/>
		<feat xlink:href="#sSpan21897" value="abstract"/>
		<feat xlink:href="#sSpan21906" value="abstract"/>
		<feat xlink:href="#sSpan21927" value="abstract"/>
		<feat xlink:href="#sSpan21943" value="person"/>
		<feat xlink:href="#sSpan21956" value="abstract"/>
		<feat xlink:href="#sSpan21985" value="abstract"/>
		<feat xlink:href="#sSpan22037" value="abstract"/>
		<feat xlink:href="#sSpan22046" value="person"/>
		<feat xlink:href="#sSpan22056" value="abstract"/>
		<feat xlink:href="#sSpan22081" value="person"/>
		<feat xlink:href="#sSpan22102" value="place"/>
		<feat xlink:href="#sSpan22137" value="abstract"/>
		<feat xlink:href="#sSpan22148" value="abstract"/>
		<feat xlink:href="#sSpan22196" value="abstract"/>
		<feat xlink:href="#sSpan22243" value="object"/>
		<feat xlink:href="#sSpan22253" value="abstract"/>
		<feat xlink:href="#sSpan22280" value="time"/>
		<feat xlink:href="#sSpan22289" value="person"/>
		<feat xlink:href="#sSpan22316" value="abstract"/>
		<feat xlink:href="#sSpan22328" value="abstract"/>
		<feat xlink:href="#sSpan22346" value="place"/>
		<feat xlink:href="#sSpan22356" value="abstract"/>
		<feat xlink:href="#sSpan22384" value="abstract"/>
		<feat xlink:href="#sSpan22398" value="person"/>
		<feat xlink:href="#sSpan22417" value="object"/>
		<feat xlink:href="#sSpan22444" value="abstract"/>
		<feat xlink:href="#sSpan22464" value="person"/>
		<feat xlink:href="#sSpan22475" value="abstract"/>
		<feat xlink:href="#sSpan22499" value="person"/>
		<feat xlink:href="#sSpan22522" value="person"/>
		<feat xlink:href="#sSpan22535" value="place"/>
		<feat xlink:href="#sSpan22555" value="person"/>
		<feat xlink:href="#sSpan22565" value="person"/>
		<feat xlink:href="#sSpan22576" value="event"/>
		<feat xlink:href="#sSpan22623" value="abstract"/>
		<feat xlink:href="#sSpan22635" value="place"/>
		<feat xlink:href="#sSpan22676" value="substance"/>
		<feat xlink:href="#sSpan22700" value="object"/>
		<feat xlink:href="#sSpan22714" value="object"/>
		<feat xlink:href="#sSpan22743" value="abstract"/>
		<feat xlink:href="#sSpan22754" value="place"/>
		<feat xlink:href="#sSpan22763" value="abstract"/>
		<feat xlink:href="#sSpan22782" value="person"/>
		<feat xlink:href="#sSpan22830" value="person"/>
		<feat xlink:href="#sSpan22841" value="abstract"/>
		<feat xlink:href="#sSpan22863" value="time"/>
		<feat xlink:href="#sSpan22888" value="person"/>
		<feat xlink:href="#sSpan22897" value="abstract"/>
		<feat xlink:href="#sSpan22905" value="event"/>
		<feat xlink:href="#sSpan22940" value="person"/>
		<feat xlink:href="#sSpan22959" value="person"/>
		<feat xlink:href="#sSpan22979" value="object"/>
		<feat xlink:href="#sSpan23011" value="abstract"/>
		<feat xlink:href="#sSpan23022" value="abstract"/>
		<feat xlink:href="#sSpan23040" value="abstract"/>
		<feat xlink:href="#sSpan23058" value="object"/>
		<feat xlink:href="#sSpan23080" value="abstract"/>
		<feat xlink:href="#sSpan23087" value="person"/>
		<feat xlink:href="#sSpan23105" value="object"/>
		<feat xlink:href="#sSpan23118" value="abstract"/>
		<feat xlink:href="#sSpan23134" value="object"/>
		<feat xlink:href="#sSpan23154" value="abstract"/>
		<feat xlink:href="#sSpan23163" value="abstract"/>
		<feat xlink:href="#sSpan23181" value="time"/>
		<feat xlink:href="#sSpan23189" value="abstract"/>
		<feat xlink:href="#sSpan23198" value="abstract"/>
		<feat xlink:href="#sSpan23302" value="abstract"/>
		<feat xlink:href="#sSpan23312" value="person"/>
		<feat xlink:href="#sSpan23340" value="time"/>
		<feat xlink:href="#sSpan23349" value="abstract"/>
		<feat xlink:href="#sSpan23407" value="abstract"/>
		<feat xlink:href="#sSpan23457" value="abstract"/>
		<feat xlink:href="#sSpan23498" value="abstract"/>
		<feat xlink:href="#sSpan23535" value="abstract"/>
		<feat xlink:href="#sSpan23561" value="object"/>
		<feat xlink:href="#sSpan23607" value="abstract"/>
		<feat xlink:href="#sSpan23634" value="abstract"/>
		<feat xlink:href="#sSpan23676" value="abstract"/>
		<feat xlink:href="#sSpan23705" value="abstract"/>
		<feat xlink:href="#sSpan23744" value="abstract"/>
		<feat xlink:href="#sSpan23760" value="abstract"/>
		<feat xlink:href="#sSpan23773" value="person"/>
		<feat xlink:href="#sSpan23787" value="abstract"/>
		<feat xlink:href="#sSpan23809" value="person"/>
		<feat xlink:href="#sSpan23875" value="abstract"/>
		<feat xlink:href="#sSpan23896" value="abstract"/>
		<feat xlink:href="#sSpan23915" value="abstract"/>
		<feat xlink:href="#sSpan23945" value="abstract"/>
		<feat xlink:href="#sSpan24006" value="object"/>
		<feat xlink:href="#sSpan24019" value="substance"/>
		<feat xlink:href="#sSpan24051" value="abstract"/>
		<feat xlink:href="#sSpan24085" value="abstract"/>
		<feat xlink:href="#sSpan24109" value="abstract"/>
		<feat xlink:href="#sSpan24118" value="abstract"/>
		<feat xlink:href="#sSpan24129" value="abstract"/>
		<feat xlink:href="#sSpan24161" value="person"/>
		<feat xlink:href="#sSpan24213" value="abstract"/>
		<feat xlink:href="#sSpan24247" value="abstract"/>
		<feat xlink:href="#sSpan24268" value="abstract"/>
		<feat xlink:href="#sSpan24294" value="abstract"/>
		<feat xlink:href="#sSpan24321" value="place"/>
		<feat xlink:href="#sSpan24330" value="person"/>
		<feat xlink:href="#sSpan24345" value="abstract"/>
		<feat xlink:href="#sSpan24362" value="person"/>
		<feat xlink:href="#sSpan24378" value="abstract"/>
		<feat xlink:href="#sSpan24391" value="abstract"/>
		<feat xlink:href="#sSpan24453" value="abstract"/>
		<feat xlink:href="#sSpan24470" value="place"/>
		<feat xlink:href="#sSpan24507" value="place"/>
		<feat xlink:href="#sSpan24518" value="person"/>
		<feat xlink:href="#sSpan24534" value="person"/>
		<feat xlink:href="#sSpan24559" value="abstract"/>
		<feat xlink:href="#sSpan24588" value="place"/>
		<feat xlink:href="#sSpan24598" value="abstract"/>
		<feat xlink:href="#sSpan24619" value="person"/>
		<feat xlink:href="#sSpan24634" value="person"/>
		<feat xlink:href="#sSpan24649" value="person"/>
		<feat xlink:href="#sSpan24670" value="person"/>
		<feat xlink:href="#sSpan24698" value="abstract"/>
		<feat xlink:href="#sSpan24716" value="person"/>
		<feat xlink:href="#sSpan24730" value="abstract"/>
		<feat xlink:href="#sSpan24769" value="abstract"/>
		<feat xlink:href="#sSpan24840" value="abstract"/>
		<feat xlink:href="#sSpan24894" value="abstract"/>
		<feat xlink:href="#sSpan24926" value="person"/>
		<feat xlink:href="#sSpan24939" value="abstract"/>
		<feat xlink:href="#sSpan24958" value="abstract"/>
		<feat xlink:href="#sSpan25010" value="abstract"/>
		<feat xlink:href="#sSpan25024" value="abstract"/>
		<feat xlink:href="#sSpan25039" value="abstract"/>
		<feat xlink:href="#sSpan25080" value="abstract"/>
		<feat xlink:href="#sSpan25158" value="abstract"/>
		<feat xlink:href="#sSpan25186" value="person"/>
		<feat xlink:href="#sSpan25205" value="person"/>
		<feat xlink:href="#sSpan25232" value="person"/>
		<feat xlink:href="#sSpan25251" value="person"/>
		<feat xlink:href="#sSpan25279" value="person"/>
		<feat xlink:href="#sSpan25298" value="person"/>
		<feat xlink:href="#sSpan25330" value="person"/>
		<feat xlink:href="#sSpan25402" value="person"/>
		<feat xlink:href="#sSpan25411" value="abstract"/>
		<feat xlink:href="#sSpan25424" value="abstract"/>
		<feat xlink:href="#sSpan25431" value="abstract"/>
		<feat xlink:href="#sSpan25479" value="object"/>
		<feat xlink:href="#sSpan25505" value="abstract"/>
		<feat xlink:href="#sSpan25531" value="abstract"/>
		<feat xlink:href="#sSpan25540" value="place"/>
		<feat xlink:href="#sSpan25564" value="abstract"/>
		<feat xlink:href="#sSpan25603" value="time"/>
		<feat xlink:href="#sSpan25634" value="person"/>
		<feat xlink:href="#sSpan25641" value="abstract"/>
		<feat xlink:href="#sSpan25674" value="abstract"/>
		<feat xlink:href="#sSpan25685" value="abstract"/>
		<feat xlink:href="#sSpan25702" value="person"/>
		<feat xlink:href="#sSpan25732" value="abstract"/>
		<feat xlink:href="#sSpan25767" value="abstract"/>
		<feat xlink:href="#sSpan25799" value="abstract"/>
		<feat xlink:href="#sSpan25809" value="abstract"/>
		<feat xlink:href="#sSpan25841" value="object"/>
		<feat xlink:href="#sSpan25848" value="object"/>
		<feat xlink:href="#sSpan25889" value="abstract"/>
		<feat xlink:href="#sSpan25903" value="time"/>
		<feat xlink:href="#sSpan25910" value="person"/>
		<feat xlink:href="#sSpan25929" value="abstract"/>
		<feat xlink:href="#sSpan25938" value="abstract"/>
		<feat xlink:href="#sSpan25953" value="abstract"/>
		<feat xlink:href="#sSpan26003" value="place"/>
		<feat xlink:href="#sSpan26032" value="abstract"/>
		<feat xlink:href="#sSpan26068" value="person"/>
		<feat xlink:href="#sSpan26089" value="abstract"/>
		<feat xlink:href="#sSpan26105" value="person"/>
		<feat xlink:href="#sSpan26124" value="place"/>
		<feat xlink:href="#sSpan26134" value="event"/>
		<feat xlink:href="#sSpan26160" value="person"/>
		<feat xlink:href="#sSpan26194" value="abstract"/>
		<feat xlink:href="#sSpan26204" value="abstract"/>
		<feat xlink:href="#sSpan26215" value="abstract"/>
		<feat xlink:href="#sSpan26224" value="abstract"/>
		<feat xlink:href="#sSpan26233" value="abstract"/>
		<feat xlink:href="#sSpan26257" value="abstract"/>
		<feat xlink:href="#sSpan26302" value="person"/>
		<feat xlink:href="#sSpan26309" value="person"/>
		<feat xlink:href="#sSpan26393" value="person"/>
		<feat xlink:href="#sSpan26407" value="abstract"/>
		<feat xlink:href="#sSpan26460" value="abstract"/>
		<feat xlink:href="#sSpan26467" value="person"/>
		<feat xlink:href="#sSpan26501" value="abstract"/>
		<feat xlink:href="#sSpan26516" value="abstract"/>
		<feat xlink:href="#sSpan26532" value="person"/>
		<feat xlink:href="#sSpan26572" value="abstract"/>
		<feat xlink:href="#sSpan26628" value="person"/>
		<feat xlink:href="#sSpan26634" value="person"/>
		<feat xlink:href="#sSpan26672" value="abstract"/>
		<feat xlink:href="#sSpan26682" value="abstract"/>
		<feat xlink:href="#sSpan26696" value="abstract"/>
		<feat xlink:href="#sSpan26720" value="abstract"/>
		<feat xlink:href="#sSpan26731" value="place"/>
		<feat xlink:href="#sSpan26742" value="time"/>
		<feat xlink:href="#sSpan26753" value="abstract"/>
		<feat xlink:href="#sSpan26766" value="object"/>
		<feat xlink:href="#sSpan26807" value="place"/>
		<feat xlink:href="#sSpan26827" value="event"/>
		<feat xlink:href="#sSpan26836" value="abstract"/>
		<feat xlink:href="#sSpan26845" value="time"/>
		<feat xlink:href="#sSpan26858" value="abstract"/>
		<feat xlink:href="#sSpan26871" value="object"/>
		<feat xlink:href="#sSpan26907" value="person"/>
		<feat xlink:href="#sSpan26956" value="abstract"/>
		<feat xlink:href="#sSpan26977" value="event"/>
		<feat xlink:href="#sSpan27019" value="abstract"/>
		<feat xlink:href="#sSpan27026" value="abstract"/>
		<feat xlink:href="#sSpan27060" value="abstract"/>
		<feat xlink:href="#sSpan27079" value="abstract"/>
		<feat xlink:href="#sSpan27087" value="abstract"/>
		<feat xlink:href="#sSpan27131" value="place"/>
		<feat xlink:href="#sSpan27148" value="abstract"/>
		<feat xlink:href="#sSpan27155" value="abstract"/>
		<feat xlink:href="#sSpan27165" value="person"/>
		<feat xlink:href="#sSpan27229" value="person"/>
		<feat xlink:href="#sSpan27267" value="abstract"/>
		<feat xlink:href="#sSpan27292" value="abstract"/>
		<feat xlink:href="#sSpan27312" value="abstract"/>
		<feat xlink:href="#sSpan27337" value="person"/>
		<feat xlink:href="#sSpan27388" value="object"/>
		<feat xlink:href="#sSpan27401" value="place"/>
		<feat xlink:href="#sSpan27410" value="abstract"/>
		<feat xlink:href="#sSpan27422" value="abstract"/>
		<feat xlink:href="#sSpan27471" value="abstract"/>
		<feat xlink:href="#sSpan27494" value="object"/>
		<feat xlink:href="#sSpan27579" value="abstract"/>
		<feat xlink:href="#sSpan27589" value="person"/>
		<feat xlink:href="#sSpan27611" value="person"/>
		<feat xlink:href="#sSpan27660" value="person"/>
		<feat xlink:href="#sSpan27687" value="object"/>
		<feat xlink:href="#sSpan27697" value="place"/>
		<feat xlink:href="#sSpan27706" value="person"/>
		<feat xlink:href="#sSpan27726" value="abstract"/>
		<feat xlink:href="#sSpan27754" value="person"/>
		<feat xlink:href="#sSpan27785" value="abstract"/>
		<feat xlink:href="#sSpan27815" value="object"/>
		<feat xlink:href="#sSpan27837" value="place"/>
		<feat xlink:href="#sSpan27849" value="person"/>
		<feat xlink:href="#sSpan27863" value="object"/>
		<feat xlink:href="#sSpan27904" value="abstract"/>
		<feat xlink:href="#sSpan27925" value="place"/>
		<feat xlink:href="#sSpan27935" value="object"/>
		<feat xlink:href="#sSpan27948" value="abstract"/>
		<feat xlink:href="#sSpan27957" value="object"/>
		<feat xlink:href="#sSpan27967" value="person"/>
		<feat xlink:href="#sSpan27988" value="abstract"/>
		<feat xlink:href="#sSpan27997" value="abstract"/>
		<feat xlink:href="#sSpan28010" value="place"/>
		<feat xlink:href="#sSpan28035" value="object"/>
		<feat xlink:href="#sSpan28045" value="object"/>
		<feat xlink:href="#sSpan28065" value="abstract"/>
		<feat xlink:href="#sSpan28075" value="abstract"/>
		<feat xlink:href="#sSpan28102" value="person"/>
		<feat xlink:href="#sSpan28113" value="abstract"/>
		<feat xlink:href="#sSpan28139" value="event"/>
		<feat xlink:href="#sSpan28160" value="abstract"/>
		<feat xlink:href="#sSpan28172" value="object"/>
		<feat xlink:href="#sSpan28201" value="event"/>
		<feat xlink:href="#sSpan28219" value="object"/>
		<feat xlink:href="#sSpan28259" value="abstract"/>
		<feat xlink:href="#sSpan28276" value="object"/>
		<feat xlink:href="#sSpan28288" value="person"/>
		<feat xlink:href="#sSpan28297" value="abstract"/>
		<feat xlink:href="#sSpan28321" value="abstract"/>
		<feat xlink:href="#sSpan28332" value="place"/>
		<feat xlink:href="#sSpan28345" value="abstract"/>
		<feat xlink:href="#sSpan28370" value="object"/>
		<feat xlink:href="#sSpan28389" value="abstract"/>
		<feat xlink:href="#sSpan28450" value="object"/>
		<feat xlink:href="#sSpan28460" value="abstract"/>
		<feat xlink:href="#sSpan28477" value="abstract"/>
		<feat xlink:href="#sSpan28482" value="person"/>
		<feat xlink:href="#sSpan28531" value="person"/>
		<feat xlink:href="#sSpan28546" value="abstract"/>
		<feat xlink:href="#sSpan28601" value="object"/>
		<feat xlink:href="#sSpan28638" value="person"/>
		<feat xlink:href="#sSpan28651" value="person"/>
		<feat xlink:href="#sSpan28690" value="person"/>
		<feat xlink:href="#sSpan28717" value="person"/>
		<feat xlink:href="#sSpan28753" value="abstract"/>
		<feat xlink:href="#sSpan28765" value="object"/>
		<feat xlink:href="#sSpan28783" value="abstract"/>
		<feat xlink:href="#sSpan28835" value="object"/>
		<feat xlink:href="#sSpan28851" value="person"/>
		<feat xlink:href="#sSpan28928" value="person"/>
		<feat xlink:href="#sSpan28944" value="person"/>
		<feat xlink:href="#sSpan28983" value="abstract"/>
		<feat xlink:href="#sSpan29013" value="time"/>
		<feat xlink:href="#sSpan29087" value="abstract"/>
		<feat xlink:href="#sSpan29099" value="person"/>
		<feat xlink:href="#sSpan29118" value="person"/>
		<feat xlink:href="#sSpan29144" value="person"/>
		<feat xlink:href="#sSpan29151" value="person"/>
		<feat xlink:href="#sSpan29167" value="person"/>
		<feat xlink:href="#sSpan29179" value="person"/>
		<feat xlink:href="#sSpan29215" value="abstract"/>
		<feat xlink:href="#sSpan29228" value="person"/>
		<feat xlink:href="#sSpan29251" value="person"/>
		<feat xlink:href="#sSpan29302" value="object"/>
		<feat xlink:href="#sSpan29385" value="event"/>
		<feat xlink:href="#sSpan29405" value="object"/>
		<feat xlink:href="#sSpan29426" value="abstract"/>
		<feat xlink:href="#sSpan29445" value="abstract"/>
		<feat xlink:href="#sSpan29460" value="abstract"/>
		<feat xlink:href="#sSpan29498" value="object"/>
		<feat xlink:href="#sSpan29541" value="abstract"/>
		<feat xlink:href="#sSpan29569" value="person"/>
		<feat xlink:href="#sSpan29592" value="abstract"/>
		<feat xlink:href="#sSpan29604" value="person"/>
		<feat xlink:href="#sSpan29649" value="person"/>
		<feat xlink:href="#sSpan29677" value="person"/>
		<feat xlink:href="#sSpan29704" value="time"/>
		<feat xlink:href="#sSpan29718" value="abstract"/>
		<feat xlink:href="#sSpan29757" value="person"/>
		<feat xlink:href="#sSpan29797" value="object"/>
		<feat xlink:href="#sSpan29819" value="abstract"/>
		<feat xlink:href="#sSpan29835" value="abstract"/>
		<feat xlink:href="#sSpan29846" value="object"/>
		<feat xlink:href="#sSpan29856" value="abstract"/>
		<feat xlink:href="#sSpan29888" value="person"/>
		<feat xlink:href="#sSpan29911" value="object"/>
		<feat xlink:href="#sSpan29933" value="abstract"/>
		<feat xlink:href="#sSpan29943" value="place"/>
		<feat xlink:href="#sSpan29953" value="abstract"/>
		<feat xlink:href="#sSpan29963" value="abstract"/>
		<feat xlink:href="#sSpan29974" value="place"/>
		<feat xlink:href="#sSpan29985" value="object"/>
		<feat xlink:href="#sSpan30007" value="abstract"/>
		<feat xlink:href="#sSpan30030" value="place"/>
		<feat xlink:href="#sSpan30039" value="abstract"/></featList></paula>