<?xml version='1.0' encoding='UTF-8'?><!DOCTYPE paula SYSTEM "paula_feat.dtd">
<paula version="1.1">
	<header paula_id="scriptorium.01_Genesis_20.mark_norm_group"/>
	<featList xmlns:xlink="http://www.w3.org/1999/xlink" type="norm_group" xml:base="scriptorium.01_Genesis_20.mark.xml">
		<feat xlink:href="#sSpan3" value="."/>
		<feat xlink:href="#sSpan5" value="."/>
		<feat xlink:href="#sSpan7" value="."/>
		<feat xlink:href="#sSpan9" value="ⲁϥⲟⲩⲱϩ"/>
		<feat xlink:href="#sSpan13" value="ϩⲛⲧⲙⲏⲧⲉ"/>
		<feat xlink:href="#sSpan17" value="ⲛⲅⲁⲇⲏⲥ"/>
		<feat xlink:href="#sSpan19" value="ⲁⲩⲱ"/>
		<feat xlink:href="#sSpan21" value="ϩⲛⲧⲙⲏⲧⲉ"/>
		<feat xlink:href="#sSpan25" value="ⲛⲥⲟⲩⲣ"/>
		<feat xlink:href="#sSpan27" value="ⲁϥϭⲟⲉⲓⲗⲉ"/>
		<feat xlink:href="#sSpan31" value="ϩⲁⲧⲛⲅⲉⲣⲁⲣⲟⲥ"/>
		<feat xlink:href="#sSpan35" value="ⲁⲁⲃⲣⲁϩⲁⲙ"/>
		<feat xlink:href="#sSpan38" value="ⲇⲉ"/>
		<feat xlink:href="#sSpan40" value="ϫⲟⲟⲥ"/>
		<feat xlink:href="#sSpan43" value="ⲉⲧⲃⲉⲥⲁⲣⲣⲁ"/>
		<feat xlink:href="#sSpan46" value="ⲧⲉϥⲥϩⲓⲙⲉ"/>
		<feat xlink:href="#sSpan49" value="ϫⲉⲧⲁⲥⲱⲛⲉⲧⲉ"/>
		<feat xlink:href="#sSpan53" value="ⲁⲁⲃⲓⲙⲉⲗⲉⲕ"/>
		<feat xlink:href="#sSpan56" value="ⲇⲉ"/>
		<feat xlink:href="#sSpan58" value="ϫⲟⲟⲩ"/>
		<feat xlink:href="#sSpan61" value="ⲡⲣⲟⲣⲟ"/>
		<feat xlink:href="#sSpan63" value="ⲛⲉⲛⲅⲉⲣⲁⲣⲟⲥ"/>
		<feat xlink:href="#sSpan66" value="ⲁϥϫⲓ"/>
		<feat xlink:href="#sSpan70" value="ⲛⲥⲁⲣⲣⲁ"/>
		<feat xlink:href="#sSpan74" value="ⲁⲡⲛⲟⲩⲧⲉ"/>
		<feat xlink:href="#sSpan79" value="ⲃⲱⲕ"/>
		<feat xlink:href="#sSpan81" value="ⲉϩⲟⲩⲛ"/>
		<feat xlink:href="#sSpan83" value="ϣⲁⲁⲃⲓⲙⲉⲗⲉⲕ"/>
		<feat xlink:href="#sSpan85" value="ⲛⲧⲉⲩϣⲏ"/>
		<feat xlink:href="#sSpan89" value="ϩⲛⲟⲩⲣⲁⲥⲟⲩ"/>
		<feat xlink:href="#sSpan93" value="ⲡⲉϫⲁϥ"/>
		<feat xlink:href="#sSpan96" value="ⲛⲁϥ"/>
		<feat xlink:href="#sSpan99" value="ϫⲉⲉⲓⲥϩⲏⲏⲧⲉ"/>
		<feat xlink:href="#sSpan104" value="ⲛⲧⲟⲕ"/>
		<feat xlink:href="#sSpan106" value="ⲕⲛⲁⲙⲟⲩ"/>
		<feat xlink:href="#sSpan110" value="ⲉⲧⲃⲉⲧⲉⲥϩⲓⲙⲉ"/>
		<feat xlink:href="#sSpan114" value="ⲛⲧⲁⲕϫⲓⲧⲥ"/>
		<feat xlink:href="#sSpan120" value="ⲛⲧⲟⲥ"/>
		<feat xlink:href="#sSpan122" value="ⲇⲉ"/>
		<feat xlink:href="#sSpan124" value="ⲥϩⲙⲟⲟⲥ"/>
		<feat xlink:href="#sSpan127" value="ⲙⲛⲡⲉⲥϩⲁⲓ"/>
		<feat xlink:href="#sSpan132" value="ⲁⲃⲓⲙⲉⲗⲉⲕ"/>
		<feat xlink:href="#sSpan135" value="ⲇⲉ"/>
		<feat xlink:href="#sSpan137" value="ⲙⲡⲉϥϫⲱϩ"/>
		<feat xlink:href="#sSpan141" value="ⲉⲣⲟⲥ"/>
		<feat xlink:href="#sSpan144" value="ⲡⲉϫⲁϥ"/>
		<feat xlink:href="#sSpan147" value="ϫⲉ"/>
		<feat xlink:href="#sSpan149" value="."/>
		<feat xlink:href="#sSpan151" value="."/>
		<feat xlink:href="#sSpan153" value="."/></featList></paula>