<?xml version='1.0' encoding='UTF-8'?><!DOCTYPE paula SYSTEM "paula_feat.dtd">
<paula version="1.1">
	<header paula_id="scriptorium.Encomium_Michael_BL_OR_6781_part3.mark_ed_pg_n"/>
	<featList xmlns:xlink="http://www.w3.org/1999/xlink" type="ed_pg_n" xml:base="scriptorium.Encomium_Michael_BL_OR_6781_part3.mark.xml">
		<feat xlink:href="#sSpan9" value="376"/>
		<feat xlink:href="#sSpan375" value="377"/>
		<feat xlink:href="#sSpan1125" value="378"/>
		<feat xlink:href="#sSpan1843" value="379"/>
		<feat xlink:href="#sSpan2649" value="380"/>
		<feat xlink:href="#sSpan3407" value="381"/>
		<feat xlink:href="#sSpan4110" value="382"/>
		<feat xlink:href="#sSpan4875" value="383"/>
		<feat xlink:href="#sSpan5642" value="384"/>
		<feat xlink:href="#sSpan6348" value="385"/>
		<feat xlink:href="#sSpan7099" value="386"/>
		<feat xlink:href="#sSpan7853" value="387"/>
		<feat xlink:href="#sSpan8592" value="388"/>
		<feat xlink:href="#sSpan9241" value="389"/>
		<feat xlink:href="#sSpan10006" value="390"/>
		<feat xlink:href="#sSpan10726" value="391"/>
		<feat xlink:href="#sSpan11483" value="392"/>
		<feat xlink:href="#sSpan12249" value="393"/>
		<feat xlink:href="#sSpan12984" value="394"/>
		<feat xlink:href="#sSpan13718" value="395"/>
		<feat xlink:href="#sSpan14452" value="396"/>
		<feat xlink:href="#sSpan15225" value="397"/>
		<feat xlink:href="#sSpan15892" value="398"/>
		<feat xlink:href="#sSpan16512" value="399"/>
		<feat xlink:href="#sSpan17209" value="400"/>
		<feat xlink:href="#sSpan17914" value="401"/></featList></paula>