<?xml version='1.0' encoding='UTF-8'?><!DOCTYPE paula SYSTEM "paula_feat.dtd">
<paula version="1.1">
	<header paula_id="scriptorium.Encomium_Michael_BL_OR_6781_part3.mark_new_sent"/>
	<featList xmlns:xlink="http://www.w3.org/1999/xlink" type="new_sent" xml:base="scriptorium.Encomium_Michael_BL_OR_6781_part3.mark.xml">
		<feat xlink:href="#sSpan2" value="true"/>
		<feat xlink:href="#sSpan41" value="true"/>
		<feat xlink:href="#sSpan73" value="true"/>
		<feat xlink:href="#sSpan99" value="true"/>
		<feat xlink:href="#sSpan131" value="true"/>
		<feat xlink:href="#sSpan205" value="true"/>
		<feat xlink:href="#sSpan255" value="true"/>
		<feat xlink:href="#sSpan348" value="true"/>
		<feat xlink:href="#sSpan380" value="true"/>
		<feat xlink:href="#sSpan487" value="true"/>
		<feat xlink:href="#sSpan588" value="true"/>
		<feat xlink:href="#sSpan719" value="true"/>
		<feat xlink:href="#sSpan844" value="true"/>
		<feat xlink:href="#sSpan881" value="true"/>
		<feat xlink:href="#sSpan911" value="true"/>
		<feat xlink:href="#sSpan951" value="true"/>
		<feat xlink:href="#sSpan996" value="true"/>
		<feat xlink:href="#sSpan1056" value="true"/>
		<feat xlink:href="#sSpan1214" value="true"/>
		<feat xlink:href="#sSpan1251" value="true"/>
		<feat xlink:href="#sSpan1279" value="true"/>
		<feat xlink:href="#sSpan1329" value="true"/>
		<feat xlink:href="#sSpan1379" value="true"/>
		<feat xlink:href="#sSpan1433" value="true"/>
		<feat xlink:href="#sSpan1465" value="true"/>
		<feat xlink:href="#sSpan1527" value="true"/>
		<feat xlink:href="#sSpan1648" value="true"/>
		<feat xlink:href="#sSpan1730" value="true"/>
		<feat xlink:href="#sSpan1877" value="true"/>
		<feat xlink:href="#sSpan1920" value="true"/>
		<feat xlink:href="#sSpan1963" value="true"/>
		<feat xlink:href="#sSpan2062" value="true"/>
		<feat xlink:href="#sSpan2100" value="true"/>
		<feat xlink:href="#sSpan2133" value="true"/>
		<feat xlink:href="#sSpan2177" value="true"/>
		<feat xlink:href="#sSpan2224" value="true"/>
		<feat xlink:href="#sSpan2282" value="true"/>
		<feat xlink:href="#sSpan2421" value="true"/>
		<feat xlink:href="#sSpan2464" value="true"/>
		<feat xlink:href="#sSpan2533" value="true"/>
		<feat xlink:href="#sSpan2636" value="true"/>
		<feat xlink:href="#sSpan2719" value="true"/>
		<feat xlink:href="#sSpan2769" value="true"/>
		<feat xlink:href="#sSpan2799" value="true"/>
		<feat xlink:href="#sSpan2816" value="true"/>
		<feat xlink:href="#sSpan2881" value="true"/>
		<feat xlink:href="#sSpan2979" value="true"/>
		<feat xlink:href="#sSpan3112" value="true"/>
		<feat xlink:href="#sSpan3180" value="true"/>
		<feat xlink:href="#sSpan3234" value="true"/>
		<feat xlink:href="#sSpan3305" value="true"/>
		<feat xlink:href="#sSpan3393" value="true"/>
		<feat xlink:href="#sSpan3446" value="true"/>
		<feat xlink:href="#sSpan3591" value="true"/>
		<feat xlink:href="#sSpan3628" value="true"/>
		<feat xlink:href="#sSpan3667" value="true"/>
		<feat xlink:href="#sSpan3709" value="true"/>
		<feat xlink:href="#sSpan3754" value="true"/>
		<feat xlink:href="#sSpan3908" value="true"/>
		<feat xlink:href="#sSpan3987" value="true"/>
		<feat xlink:href="#sSpan4087" value="true"/>
		<feat xlink:href="#sSpan4136" value="true"/>
		<feat xlink:href="#sSpan4185" value="true"/>
		<feat xlink:href="#sSpan4241" value="true"/>
		<feat xlink:href="#sSpan4270" value="true"/>
		<feat xlink:href="#sSpan4320" value="true"/>
		<feat xlink:href="#sSpan4347" value="true"/>
		<feat xlink:href="#sSpan4391" value="true"/>
		<feat xlink:href="#sSpan4474" value="true"/>
		<feat xlink:href="#sSpan4613" value="true"/>
		<feat xlink:href="#sSpan4716" value="true"/>
		<feat xlink:href="#sSpan4777" value="true"/>
		<feat xlink:href="#sSpan4846" value="true"/>
		<feat xlink:href="#sSpan4929" value="true"/>
		<feat xlink:href="#sSpan5024" value="true"/>
		<feat xlink:href="#sSpan5135" value="true"/>
		<feat xlink:href="#sSpan5197" value="true"/>
		<feat xlink:href="#sSpan5275" value="true"/>
		<feat xlink:href="#sSpan5308" value="true"/>
		<feat xlink:href="#sSpan5350" value="true"/>
		<feat xlink:href="#sSpan5447" value="true"/>
		<feat xlink:href="#sSpan5482" value="true"/>
		<feat xlink:href="#sSpan5520" value="true"/>
		<feat xlink:href="#sSpan5570" value="true"/>
		<feat xlink:href="#sSpan5604" value="true"/>
		<feat xlink:href="#sSpan5683" value="true"/>
		<feat xlink:href="#sSpan5714" value="true"/>
		<feat xlink:href="#sSpan5894" value="true"/>
		<feat xlink:href="#sSpan5961" value="true"/>
		<feat xlink:href="#sSpan6013" value="true"/>
		<feat xlink:href="#sSpan6046" value="true"/>
		<feat xlink:href="#sSpan6088" value="true"/>
		<feat xlink:href="#sSpan6179" value="true"/>
		<feat xlink:href="#sSpan6264" value="true"/>
		<feat xlink:href="#sSpan6366" value="true"/>
		<feat xlink:href="#sSpan6413" value="true"/>
		<feat xlink:href="#sSpan6512" value="true"/>
		<feat xlink:href="#sSpan6548" value="true"/>
		<feat xlink:href="#sSpan6571" value="true"/>
		<feat xlink:href="#sSpan6616" value="true"/>
		<feat xlink:href="#sSpan6661" value="true"/>
		<feat xlink:href="#sSpan6741" value="true"/>
		<feat xlink:href="#sSpan6797" value="true"/>
		<feat xlink:href="#sSpan6844" value="true"/>
		<feat xlink:href="#sSpan6893" value="true"/>
		<feat xlink:href="#sSpan6977" value="true"/>
		<feat xlink:href="#sSpan7049" value="true"/>
		<feat xlink:href="#sSpan7146" value="true"/>
		<feat xlink:href="#sSpan7216" value="true"/>
		<feat xlink:href="#sSpan7315" value="true"/>
		<feat xlink:href="#sSpan7362" value="true"/>
		<feat xlink:href="#sSpan7389" value="true"/>
		<feat xlink:href="#sSpan7431" value="true"/>
		<feat xlink:href="#sSpan7540" value="true"/>
		<feat xlink:href="#sSpan7577" value="true"/>
		<feat xlink:href="#sSpan7639" value="true"/>
		<feat xlink:href="#sSpan7659" value="true"/>
		<feat xlink:href="#sSpan7746" value="true"/>
		<feat xlink:href="#sSpan7846" value="true"/>
		<feat xlink:href="#sSpan7881" value="true"/>
		<feat xlink:href="#sSpan8012" value="true"/>
		<feat xlink:href="#sSpan8049" value="true"/>
		<feat xlink:href="#sSpan8095" value="true"/>
		<feat xlink:href="#sSpan8151" value="true"/>
		<feat xlink:href="#sSpan8224" value="true"/>
		<feat xlink:href="#sSpan8270" value="true"/>
		<feat xlink:href="#sSpan8302" value="true"/>
		<feat xlink:href="#sSpan8427" value="true"/>
		<feat xlink:href="#sSpan8526" value="true"/>
		<feat xlink:href="#sSpan8575" value="true"/>
		<feat xlink:href="#sSpan8624" value="true"/>
		<feat xlink:href="#sSpan8667" value="true"/>
		<feat xlink:href="#sSpan8730" value="true"/>
		<feat xlink:href="#sSpan8773" value="true"/>
		<feat xlink:href="#sSpan8798" value="true"/>
		<feat xlink:href="#sSpan8851" value="true"/>
		<feat xlink:href="#sSpan8902" value="true"/>
		<feat xlink:href="#sSpan8950" value="true"/>
		<feat xlink:href="#sSpan9006" value="true"/>
		<feat xlink:href="#sSpan9092" value="true"/>
		<feat xlink:href="#sSpan9179" value="true"/>
		<feat xlink:href="#sSpan9230" value="true"/>
		<feat xlink:href="#sSpan9299" value="true"/>
		<feat xlink:href="#sSpan9330" value="true"/>
		<feat xlink:href="#sSpan9377" value="true"/>
		<feat xlink:href="#sSpan9422" value="true"/>
		<feat xlink:href="#sSpan9484" value="true"/>
		<feat xlink:href="#sSpan9549" value="true"/>
		<feat xlink:href="#sSpan9599" value="true"/>
		<feat xlink:href="#sSpan9729" value="true"/>
		<feat xlink:href="#sSpan9795" value="true"/>
		<feat xlink:href="#sSpan9870" value="true"/>
		<feat xlink:href="#sSpan9920" value="true"/>
		<feat xlink:href="#sSpan9953" value="true"/>
		<feat xlink:href="#sSpan10022" value="true"/>
		<feat xlink:href="#sSpan10059" value="true"/>
		<feat xlink:href="#sSpan10135" value="true"/>
		<feat xlink:href="#sSpan10208" value="true"/>
		<feat xlink:href="#sSpan10267" value="true"/>
		<feat xlink:href="#sSpan10315" value="true"/>
		<feat xlink:href="#sSpan10353" value="true"/>
		<feat xlink:href="#sSpan10437" value="true"/>
		<feat xlink:href="#sSpan10501" value="true"/>
		<feat xlink:href="#sSpan10588" value="true"/>
		<feat xlink:href="#sSpan10672" value="true"/>
		<feat xlink:href="#sSpan10808" value="true"/>
		<feat xlink:href="#sSpan10840" value="true"/>
		<feat xlink:href="#sSpan10872" value="true"/>
		<feat xlink:href="#sSpan10918" value="true"/>
		<feat xlink:href="#sSpan10989" value="true"/>
		<feat xlink:href="#sSpan11034" value="true"/>
		<feat xlink:href="#sSpan11072" value="true"/>
		<feat xlink:href="#sSpan11097" value="true"/>
		<feat xlink:href="#sSpan11162" value="true"/>
		<feat xlink:href="#sSpan11198" value="true"/>
		<feat xlink:href="#sSpan11244" value="true"/>
		<feat xlink:href="#sSpan11264" value="true"/>
		<feat xlink:href="#sSpan11309" value="true"/>
		<feat xlink:href="#sSpan11348" value="true"/>
		<feat xlink:href="#sSpan11387" value="true"/>
		<feat xlink:href="#sSpan11417" value="true"/>
		<feat xlink:href="#sSpan11476" value="true"/>
		<feat xlink:href="#sSpan11565" value="true"/>
		<feat xlink:href="#sSpan11630" value="true"/>
		<feat xlink:href="#sSpan11673" value="true"/>
		<feat xlink:href="#sSpan11725" value="true"/>
		<feat xlink:href="#sSpan11745" value="true"/>
		<feat xlink:href="#sSpan11795" value="true"/>
		<feat xlink:href="#sSpan11853" value="true"/>
		<feat xlink:href="#sSpan11934" value="true"/>
		<feat xlink:href="#sSpan11964" value="true"/>
		<feat xlink:href="#sSpan12001" value="true"/>
		<feat xlink:href="#sSpan12016" value="true"/>
		<feat xlink:href="#sSpan12143" value="true"/>
		<feat xlink:href="#sSpan12175" value="true"/>
		<feat xlink:href="#sSpan12211" value="true"/>
		<feat xlink:href="#sSpan12257" value="true"/>
		<feat xlink:href="#sSpan12348" value="true"/>
		<feat xlink:href="#sSpan12380" value="true"/>
		<feat xlink:href="#sSpan12414" value="true"/>
		<feat xlink:href="#sSpan12455" value="true"/>
		<feat xlink:href="#sSpan12534" value="true"/>
		<feat xlink:href="#sSpan12585" value="true"/>
		<feat xlink:href="#sSpan12610" value="true"/>
		<feat xlink:href="#sSpan12669" value="true"/>
		<feat xlink:href="#sSpan12739" value="true"/>
		<feat xlink:href="#sSpan12856" value="true"/>
		<feat xlink:href="#sSpan12887" value="true"/>
		<feat xlink:href="#sSpan12977" value="true"/>
		<feat xlink:href="#sSpan13033" value="true"/>
		<feat xlink:href="#sSpan13104" value="true"/>
		<feat xlink:href="#sSpan13182" value="true"/>
		<feat xlink:href="#sSpan13239" value="true"/>
		<feat xlink:href="#sSpan13282" value="true"/>
		<feat xlink:href="#sSpan13356" value="true"/>
		<feat xlink:href="#sSpan13438" value="true"/>
		<feat xlink:href="#sSpan13505" value="true"/>
		<feat xlink:href="#sSpan13560" value="true"/>
		<feat xlink:href="#sSpan13602" value="true"/>
		<feat xlink:href="#sSpan13665" value="true"/>
		<feat xlink:href="#sSpan13819" value="true"/>
		<feat xlink:href="#sSpan13893" value="true"/>
		<feat xlink:href="#sSpan13921" value="true"/>
		<feat xlink:href="#sSpan13987" value="true"/>
		<feat xlink:href="#sSpan14062" value="true"/>
		<feat xlink:href="#sSpan14093" value="true"/>
		<feat xlink:href="#sSpan14128" value="true"/>
		<feat xlink:href="#sSpan14207" value="true"/>
		<feat xlink:href="#sSpan14226" value="true"/>
		<feat xlink:href="#sSpan14250" value="true"/>
		<feat xlink:href="#sSpan14303" value="true"/>
		<feat xlink:href="#sSpan14344" value="true"/>
		<feat xlink:href="#sSpan14393" value="true"/>
		<feat xlink:href="#sSpan14445" value="true"/>
		<feat xlink:href="#sSpan14476" value="true"/>
		<feat xlink:href="#sSpan14536" value="true"/>
		<feat xlink:href="#sSpan14612" value="true"/>
		<feat xlink:href="#sSpan14668" value="true"/>
		<feat xlink:href="#sSpan14714" value="true"/>
		<feat xlink:href="#sSpan14804" value="true"/>
		<feat xlink:href="#sSpan14848" value="true"/>
		<feat xlink:href="#sSpan14927" value="true"/>
		<feat xlink:href="#sSpan14960" value="true"/>
		<feat xlink:href="#sSpan15030" value="true"/>
		<feat xlink:href="#sSpan15136" value="true"/>
		<feat xlink:href="#sSpan15244" value="true"/>
		<feat xlink:href="#sSpan15367" value="true"/>
		<feat xlink:href="#sSpan15411" value="true"/>
		<feat xlink:href="#sSpan15461" value="true"/>
		<feat xlink:href="#sSpan15546" value="true"/>
		<feat xlink:href="#sSpan15624" value="true"/>
		<feat xlink:href="#sSpan15660" value="true"/>
		<feat xlink:href="#sSpan15708" value="true"/>
		<feat xlink:href="#sSpan15756" value="true"/>
		<feat xlink:href="#sSpan15803" value="true"/>
		<feat xlink:href="#sSpan15923" value="true"/>
		<feat xlink:href="#sSpan16024" value="true"/>
		<feat xlink:href="#sSpan16095" value="true"/>
		<feat xlink:href="#sSpan16162" value="true"/>
		<feat xlink:href="#sSpan16215" value="true"/>
		<feat xlink:href="#sSpan16311" value="true"/>
		<feat xlink:href="#sSpan16388" value="true"/>
		<feat xlink:href="#sSpan16413" value="true"/>
		<feat xlink:href="#sSpan16455" value="true"/>
		<feat xlink:href="#sSpan16517" value="true"/>
		<feat xlink:href="#sSpan16576" value="true"/>
		<feat xlink:href="#sSpan16668" value="true"/>
		<feat xlink:href="#sSpan16722" value="true"/>
		<feat xlink:href="#sSpan16798" value="true"/>
		<feat xlink:href="#sSpan16852" value="true"/>
		<feat xlink:href="#sSpan16918" value="true"/>
		<feat xlink:href="#sSpan16998" value="true"/>
		<feat xlink:href="#sSpan17096" value="true"/>
		<feat xlink:href="#sSpan17126" value="true"/>
		<feat xlink:href="#sSpan17163" value="true"/>
		<feat xlink:href="#sSpan17235" value="true"/>
		<feat xlink:href="#sSpan17333" value="true"/>
		<feat xlink:href="#sSpan17382" value="true"/>
		<feat xlink:href="#sSpan17429" value="true"/>
		<feat xlink:href="#sSpan17459" value="true"/>
		<feat xlink:href="#sSpan17506" value="true"/>
		<feat xlink:href="#sSpan17590" value="true"/>
		<feat xlink:href="#sSpan17614" value="true"/>
		<feat xlink:href="#sSpan17717" value="true"/>
		<feat xlink:href="#sSpan17753" value="true"/>
		<feat xlink:href="#sSpan17833" value="true"/></featList></paula>