<?xml version='1.0' encoding='UTF-8'?><!DOCTYPE paula SYSTEM "paula_feat.dtd">
<paula version="1.1">
	<header paula_id="scriptorium.bohairic.Mark_06.mark_pos"/>
	<featList xmlns:xlink="http://www.w3.org/1999/xlink" type="pos" xml:base="scriptorium.bohairic.Mark_06.mark.xml">
		<feat xlink:href="#sSpan1" value="CONJ"/>
		<feat xlink:href="#sSpan7" value="APREC"/>
		<feat xlink:href="#sSpan11" value="APST"/>
		<feat xlink:href="#sSpan13" value="PPERS"/>
		<feat xlink:href="#sSpan15" value="V"/>
		<feat xlink:href="#sSpan17" value="ADV"/>
		<feat xlink:href="#sSpan21" value="ADV"/>
		<feat xlink:href="#sSpan25" value="APST"/>
		<feat xlink:href="#sSpan29" value="PPERS"/>
		<feat xlink:href="#sSpan31" value="V"/>
		<feat xlink:href="#sSpan33" value="ADV"/>
		<feat xlink:href="#sSpan37" value="PREP"/>
		<feat xlink:href="#sSpan41" value="PPOS"/>
		<feat xlink:href="#sSpan43" value="N"/>
		<feat xlink:href="#sSpan45" value="CONJ"/>
		<feat xlink:href="#sSpan49" value="APST"/>
		<feat xlink:href="#sSpan53" value="PPERS"/>
		<feat xlink:href="#sSpan55" value="V"/>
		<feat xlink:href="#sSpan57" value="PREP"/>
		<feat xlink:href="#sSpan61" value="PPERO"/>
		<feat xlink:href="#sSpan63" value="PTC"/>
		<feat xlink:href="#sSpan67" value="PPOS"/>
		<feat xlink:href="#sSpan70" value="N"/>
		<feat xlink:href="#sSpan72" value="CONJ"/>
		<feat xlink:href="#sSpan78" value="APREC"/>
		<feat xlink:href="#sSpan82" value="APST"/>
		<feat xlink:href="#sSpan84" value="PPERS"/>
		<feat xlink:href="#sSpan86" value="V"/>
		<feat xlink:href="#sSpan88" value="PTC"/>
		<feat xlink:href="#sSpan92" value="ART"/>
		<feat xlink:href="#sSpan95" value="N"/>
		<feat xlink:href="#sSpan97" value="APST"/>
		<feat xlink:href="#sSpan101" value="PPERS"/>
		<feat xlink:href="#sSpan103" value="V"/>
		<feat xlink:href="#sSpan105" value="N"/>
		<feat xlink:href="#sSpan107" value="PPERO"/>
		<feat xlink:href="#sSpan109" value="PREP"/>
		<feat xlink:href="#sSpan114" value="V"/>
		<feat xlink:href="#sSpan117" value="PREP"/>
		<feat xlink:href="#sSpan121" value="ART"/>
		<feat xlink:href="#sSpan124" value="N"/>
		<feat xlink:href="#sSpan126" value="CONJ"/>
		<feat xlink:href="#sSpan130" value="ART"/>
		<feat xlink:href="#sSpan134" value="N"/>
		<feat xlink:href="#sSpan136" value="APST"/>
		<feat xlink:href="#sSpan140" value="PPERS"/>
		<feat xlink:href="#sSpan142" value="V"/>
		<feat xlink:href="#sSpan144" value="CPRET"/>
		<feat xlink:href="#sSpan148" value="PPERS"/>
		<feat xlink:href="#sSpan151" value="V"/>
		<feat xlink:href="#sSpan154" value="CCIRC"/>
		<feat xlink:href="#sSpan158" value="PPERS"/>
		<feat xlink:href="#sSpan160" value="V"/>
		<feat xlink:href="#sSpan162" value="PREP"/>
		<feat xlink:href="#sSpan166" value="PPERO"/>
		<feat xlink:href="#sSpan168" value="CONJ"/>
		<feat xlink:href="#sSpan172" value="CFOC"/>
		<feat xlink:href="#sSpan174" value="APST"/>
		<feat xlink:href="#sSpan176" value="PDEM"/>
		<feat xlink:href="#sSpan178" value="CONJ"/>
		<feat xlink:href="#sSpan182" value="PREP"/>
		<feat xlink:href="#sSpan184" value="PDEM"/>
		<feat xlink:href="#sSpan186" value="ADV"/>
		<feat xlink:href="#sSpan190" value="CONJ"/>
		<feat xlink:href="#sSpan194" value="PINT"/>
		<feat xlink:href="#sSpan198" value="COP"/>
		<feat xlink:href="#sSpan202" value="PDEM"/>
		<feat xlink:href="#sSpan207" value="N"/>
		<feat xlink:href="#sSpan209" value="CREL"/>
		<feat xlink:href="#sSpan213" value="APST"/>
		<feat xlink:href="#sSpan215" value="PPERS"/>
		<feat xlink:href="#sSpan217" value="V"/>
		<feat xlink:href="#sSpan219" value="PPERO"/>
		<feat xlink:href="#sSpan221" value="PREP"/>
		<feat xlink:href="#sSpan225" value="PDEM"/>
		<feat xlink:href="#sSpan227" value="PREP"/>
		<feat xlink:href="#sSpan231" value="PDEM"/>
		<feat xlink:href="#sSpan233" value="ART"/>
		<feat xlink:href="#sSpan235" value="N"/>
		<feat xlink:href="#sSpan237" value="PREP"/>
		<feat xlink:href="#sSpan241" value="PDEM"/>
		<feat xlink:href="#sSpan243" value="N"/>
		<feat xlink:href="#sSpan245" value="CREL"/>
		<feat xlink:href="#sSpan249" value="VSTAT"/>
		<feat xlink:href="#sSpan251" value="ADV"/>
		<feat xlink:href="#sSpan255" value="PREP"/>
		<feat xlink:href="#sSpan259" value="PPOS"/>
		<feat xlink:href="#sSpan261" value="N"/>
		<feat xlink:href="#sSpan264" value="CONJ"/>
		<feat xlink:href="#sSpan270" value="PDEM"/>
		<feat xlink:href="#sSpan274" value="NEG"/>
		<feat xlink:href="#sSpan278" value="COP"/>
		<feat xlink:href="#sSpan282" value="ART"/>
		<feat xlink:href="#sSpan286" value="N"/>
		<feat xlink:href="#sSpan288" value="ART"/>
		<feat xlink:href="#sSpan292" value="N"/>
		<feat xlink:href="#sSpan294" value="PREP"/>
		<feat xlink:href="#sSpan299" value="NPROP"/>
		<feat xlink:href="#sSpan301" value="CONJ"/>
		<feat xlink:href="#sSpan305" value="ART"/>
		<feat xlink:href="#sSpan309" value="N"/>
		<feat xlink:href="#sSpan311" value="PREP"/>
		<feat xlink:href="#sSpan316" value="NPROP"/>
		<feat xlink:href="#sSpan318" value="PREP"/>
		<feat xlink:href="#sSpan323" value="N"/>
		<feat xlink:href="#sSpan325" value="PREP"/>
		<feat xlink:href="#sSpan330" value="NPROP"/>
		<feat xlink:href="#sSpan332" value="PREP"/>
		<feat xlink:href="#sSpan337" value="NPROP"/>
		<feat xlink:href="#sSpan339" value="CONJ"/>
		<feat xlink:href="#sSpan343" value="PPOS"/>
		<feat xlink:href="#sSpan347" value="N"/>
		<feat xlink:href="#sSpan349" value="PREP"/>
		<feat xlink:href="#sSpan353" value="N"/>
		<feat xlink:href="#sSpan355" value="CPRET"/>
		<feat xlink:href="#sSpan359" value="PPERS"/>
		<feat xlink:href="#sSpan361" value="PREP"/>
		<feat xlink:href="#sSpan363" value="ADV"/>
		<feat xlink:href="#sSpan365" value="PREP"/>
		<feat xlink:href="#sSpan369" value="PPERO"/>
		<feat xlink:href="#sSpan371" value="CONJ"/>
		<feat xlink:href="#sSpan375" value="CPRET"/>
		<feat xlink:href="#sSpan379" value="PPERS"/>
		<feat xlink:href="#sSpan382" value="V"/>
		<feat xlink:href="#sSpan386" value="PREP"/>
		<feat xlink:href="#sSpan390" value="PPERO"/>
		<feat xlink:href="#sSpan392" value="PUNCT"/>
		<feat xlink:href="#sSpan396" value="CONJ"/>
		<feat xlink:href="#sSpan402" value="CPRET"/>
		<feat xlink:href="#sSpan406" value="PPERS"/>
		<feat xlink:href="#sSpan408" value="V"/>
		<feat xlink:href="#sSpan410" value="PREP"/>
		<feat xlink:href="#sSpan414" value="PPERO"/>
		<feat xlink:href="#sSpan416" value="PREP"/>
		<feat xlink:href="#sSpan420" value="PPERO"/>
		<feat xlink:href="#sSpan422" value="PTC"/>
		<feat xlink:href="#sSpan427" value="NPROP"/>
		<feat xlink:href="#sSpan429" value="CONJ"/>
		<feat xlink:href="#sSpan433" value="EXIST"/>
		<feat xlink:href="#sSpan435" value="ART"/>
		<feat xlink:href="#sSpan440" value="N"/>
		<feat xlink:href="#sSpan442" value="CCIRC"/>
		<feat xlink:href="#sSpan446" value="PPERS"/>
		<feat xlink:href="#sSpan448" value="VSTAT"/>
		<feat xlink:href="#sSpan450" value="ADV"/>
		<feat xlink:href="#sSpan454" value="PREP"/>
		<feat xlink:href="#sSpan458" value="PPOS"/>
		<feat xlink:href="#sSpan460" value="N"/>
		<feat xlink:href="#sSpan462" value="PREP"/>
		<feat xlink:href="#sSpan466" value="PPOS"/>
		<feat xlink:href="#sSpan469" value="N"/>
		<feat xlink:href="#sSpan471" value="PREP"/>
		<feat xlink:href="#sSpan475" value="PPOS"/>
		<feat xlink:href="#sSpan477" value="N"/>
		<feat xlink:href="#sSpan479" value="PUNCT"/>
		<feat xlink:href="#sSpan483" value="CONJ"/>
		<feat xlink:href="#sSpan489" value="ANEGPST"/>
		<feat xlink:href="#sSpan493" value="PPERS"/>
		<feat xlink:href="#sSpan495" value="V"/>
		<feat xlink:href="#sSpan497" value="V"/>
		<feat xlink:href="#sSpan499" value="ADV"/>
		<feat xlink:href="#sSpan503" value="PREP"/>
		<feat xlink:href="#sSpan507" value="V"/>
		<feat xlink:href="#sSpan510" value="CONJ"/>
		<feat xlink:href="#sSpan514" value="NUM"/>
		<feat xlink:href="#sSpan518" value="PREP"/>
		<feat xlink:href="#sSpan522" value="N"/>
		<feat xlink:href="#sSpan524" value="ADV"/>
		<feat xlink:href="#sSpan529" value="PREP"/>
		<feat xlink:href="#sSpan533" value="ART"/>
		<feat xlink:href="#sSpan535" value="N"/>
		<feat xlink:href="#sSpan537" value="PREP"/>
		<feat xlink:href="#sSpan542" value="N"/>
		<feat xlink:href="#sSpan545" value="CCIRC"/>
		<feat xlink:href="#sSpan550" value="APST"/>
		<feat xlink:href="#sSpan552" value="PPERS"/>
		<feat xlink:href="#sSpan555" value="V"/>
		<feat xlink:href="#sSpan558" value="PREP"/>
		<feat xlink:href="#sSpan562" value="PPERO"/>
		<feat xlink:href="#sSpan564" value="APST"/>
		<feat xlink:href="#sSpan568" value="PPERS"/>
		<feat xlink:href="#sSpan571" value="V"/>
		<feat xlink:href="#sSpan574" value="PREP"/>
		<feat xlink:href="#sSpan578" value="PPERO"/>
		<feat xlink:href="#sSpan580" value="PUNCT"/>
		<feat xlink:href="#sSpan584" value="CONJ"/>
		<feat xlink:href="#sSpan590" value="APST"/>
		<feat xlink:href="#sSpan594" value="PPERS"/>
		<feat xlink:href="#sSpan597" value="V"/>
		<feat xlink:href="#sSpan600" value="PREP"/>
		<feat xlink:href="#sSpan604" value="PPOS"/>
		<feat xlink:href="#sSpan607" value="V"/>
		<feat xlink:href="#sSpan611" value="CONJ"/>
		<feat xlink:href="#sSpan615" value="APST"/>
		<feat xlink:href="#sSpan619" value="PPERS"/>
		<feat xlink:href="#sSpan621" value="V"/>
		<feat xlink:href="#sSpan623" value="PREP"/>
		<feat xlink:href="#sSpan627" value="ART"/>
		<feat xlink:href="#sSpan629" value="N"/>
		<feat xlink:href="#sSpan631" value="CREL"/>
		<feat xlink:href="#sSpan635" value="PREP"/>
		<feat xlink:href="#sSpan637" value="ART"/>
		<feat xlink:href="#sSpan639" value="N"/>
		<feat xlink:href="#sSpan641" value="CCIRC"/>
		<feat xlink:href="#sSpan645" value="PPERS"/>
		<feat xlink:href="#sSpan648" value="V"/>
		<feat xlink:href="#sSpan651" value="CONJ"/>
		<feat xlink:href="#sSpan657" value="APST"/>
		<feat xlink:href="#sSpan661" value="PPERS"/>
		<feat xlink:href="#sSpan663" value="V"/>
		<feat xlink:href="#sSpan665" value="PREP"/>
		<feat xlink:href="#sSpan669" value="ART"/>
		<feat xlink:href="#sSpan671" value="NUM"/>
		<feat xlink:href="#sSpan673" value="CONJ"/>
		<feat xlink:href="#sSpan677" value="APST"/>
		<feat xlink:href="#sSpan681" value="PPERS"/>
		<feat xlink:href="#sSpan683" value="V"/>
		<feat xlink:href="#sSpan685" value="N"/>
		<feat xlink:href="#sSpan687" value="PPERO"/>
		<feat xlink:href="#sSpan689" value="PREP"/>
		<feat xlink:href="#sSpan693" value="V"/>
		<feat xlink:href="#sSpan695" value="PPERO"/>
		<feat xlink:href="#sSpan697" value="PREP"/>
		<feat xlink:href="#sSpan701" value="NUM"/>
		<feat xlink:href="#sSpan703" value="NUM"/>
		<feat xlink:href="#sSpan707" value="CONJ"/>
		<feat xlink:href="#sSpan711" value="APST"/>
		<feat xlink:href="#sSpan715" value="PPERS"/>
		<feat xlink:href="#sSpan718" value="V"/>
		<feat xlink:href="#sSpan722" value="PREP"/>
		<feat xlink:href="#sSpan726" value="PPERO"/>
		<feat xlink:href="#sSpan728" value="PREP"/>
		<feat xlink:href="#sSpan732" value="ART"/>
		<feat xlink:href="#sSpan735" value="N"/>
		<feat xlink:href="#sSpan737" value="PREP"/>
		<feat xlink:href="#sSpan742" value="N"/>
		<feat xlink:href="#sSpan744" value="CONJ"/>
		<feat xlink:href="#sSpan750" value="APST"/>
		<feat xlink:href="#sSpan754" value="PPERS"/>
		<feat xlink:href="#sSpan756" value="V"/>
		<feat xlink:href="#sSpan758" value="PREP"/>
		<feat xlink:href="#sSpan762" value="PPERO"/>
		<feat xlink:href="#sSpan764" value="PREP"/>
		<feat xlink:href="#sSpan768" value="NEG"/>
		<feat xlink:href="#sSpan770" value="V"/>
		<feat xlink:href="#sSpan772" value="N"/>
		<feat xlink:href="#sSpan774" value="PREP"/>
		<feat xlink:href="#sSpan778" value="PPERO"/>
		<feat xlink:href="#sSpan780" value="PREP"/>
		<feat xlink:href="#sSpan784" value="ART"/>
		<feat xlink:href="#sSpan786" value="N"/>
		<feat xlink:href="#sSpan788" value="ADV"/>
		<feat xlink:href="#sSpan793" value="PREP"/>
		<feat xlink:href="#sSpan797" value="ART"/>
		<feat xlink:href="#sSpan799" value="N"/>
		<feat xlink:href="#sSpan801" value="IMOD"/>
		<feat xlink:href="#sSpan805" value="PPERO"/>
		<feat xlink:href="#sSpan808" value="CONJ"/>
		<feat xlink:href="#sSpan812" value="N"/>
		<feat xlink:href="#sSpan817" value="CONJ"/>
		<feat xlink:href="#sSpan822" value="N"/>
		<feat xlink:href="#sSpan827" value="CONJ"/>
		<feat xlink:href="#sSpan831" value="N"/>
		<feat xlink:href="#sSpan835" value="PREP"/>
		<feat xlink:href="#sSpan839" value="PPOS"/>
		<feat xlink:href="#sSpan841" value="N"/>
		<feat xlink:href="#sSpan844" value="CONJ"/>
		<feat xlink:href="#sSpan850" value="CCIRC"/>
		<feat xlink:href="#sSpan854" value="ART"/>
		<feat xlink:href="#sSpan857" value="N"/>
		<feat xlink:href="#sSpan859" value="VSTAT"/>
		<feat xlink:href="#sSpan863" value="PREP"/>
		<feat xlink:href="#sSpan867" value="N"/>
		<feat xlink:href="#sSpan869" value="PREP"/>
		<feat xlink:href="#sSpan873" value="PPERO"/>
		<feat xlink:href="#sSpan875" value="CONJ"/>
		<feat xlink:href="#sSpan879" value="NEG"/>
		<feat xlink:href="#sSpan883" value="V"/>
		<feat xlink:href="#sSpan885" value="N"/>
		<feat xlink:href="#sSpan887" value="NUM"/>
		<feat xlink:href="#sSpan891" value="PREP"/>
		<feat xlink:href="#sSpan895" value="PPERO"/>
		<feat xlink:href="#sSpan897" value="CONJ"/>
		<feat xlink:href="#sSpan903" value="CPRET"/>
		<feat xlink:href="#sSpan907" value="PPERS"/>
		<feat xlink:href="#sSpan909" value="V"/>
		<feat xlink:href="#sSpan911" value="PREP"/>
		<feat xlink:href="#sSpan915" value="PPERO"/>
		<feat xlink:href="#sSpan917" value="PREP"/>
		<feat xlink:href="#sSpan921" value="PPERO"/>
		<feat xlink:href="#sSpan923" value="CONJ"/>
		<feat xlink:href="#sSpan927" value="ART"/>
		<feat xlink:href="#sSpan929" value="N"/>
		<feat xlink:href="#sSpan931" value="CCIRC"/>
		<feat xlink:href="#sSpan935" value="PPERS"/>
		<feat xlink:href="#sSpan937" value="FUT"/>
		<feat xlink:href="#sSpan939" value="V"/>
		<feat xlink:href="#sSpan941" value="ADV"/>
		<feat xlink:href="#sSpan945" value="PREP"/>
		<feat xlink:href="#sSpan949" value="ART"/>
		<feat xlink:href="#sSpan951" value="N"/>
		<feat xlink:href="#sSpan953" value="PREP"/>
		<feat xlink:href="#sSpan957" value="PPERO"/>
		<feat xlink:href="#sSpan959" value="V"/>
		<feat xlink:href="#sSpan963" value="ADV"/>
		<feat xlink:href="#sSpan967" value="ALIM"/>
		<feat xlink:href="#sSpan971" value="PPERS"/>
		<feat xlink:href="#sSpan973" value="V"/>
		<feat xlink:href="#sSpan975" value="ADV"/>
		<feat xlink:href="#sSpan979" value="ADV"/>
		<feat xlink:href="#sSpan983" value="CONJ"/>
		<feat xlink:href="#sSpan989" value="N"/>
		<feat xlink:href="#sSpan993" value="PINT"/>
		<feat xlink:href="#sSpan997" value="CREL"/>
		<feat xlink:href="#sSpan1001" value="NEG"/>
		<feat xlink:href="#sSpan1003" value="PPERS"/>
		<feat xlink:href="#sSpan1005" value="FUT"/>
		<feat xlink:href="#sSpan1007" value="V"/>
		<feat xlink:href="#sSpan1009" value="PPERO"/>
		<feat xlink:href="#sSpan1011" value="PREP"/>
		<feat xlink:href="#sSpan1015" value="PPERO"/>
		<feat xlink:href="#sSpan1017" value="NEG"/>
		<feat xlink:href="#sSpan1022" value="CONJ"/>
		<feat xlink:href="#sSpan1026" value="ACONJ"/>
		<feat xlink:href="#sSpan1030" value="PPERS"/>
		<feat xlink:href="#sSpan1032" value="NEG"/>
		<feat xlink:href="#sSpan1034" value="V"/>
		<feat xlink:href="#sSpan1036" value="PREP"/>
		<feat xlink:href="#sSpan1040" value="PPERO"/>
		<feat xlink:href="#sSpan1042" value="NEG"/>
		<feat xlink:href="#sSpan1046" value="CCIRC"/>
		<feat xlink:href="#sSpan1050" value="PPERS"/>
		<feat xlink:href="#sSpan1052" value="VSTAT"/>
		<feat xlink:href="#sSpan1054" value="ADV"/>
		<feat xlink:href="#sSpan1058" value="ADV"/>
		<feat xlink:href="#sSpan1062" value="V"/>
		<feat xlink:href="#sSpan1066" value="ART"/>
		<feat xlink:href="#sSpan1068" value="N"/>
		<feat xlink:href="#sSpan1070" value="CREL"/>
		<feat xlink:href="#sSpan1074" value="PREP"/>
		<feat xlink:href="#sSpan1076" value="ADV"/>
		<feat xlink:href="#sSpan1078" value="PREP"/>
		<feat xlink:href="#sSpan1082" value="PPOS"/>
		<feat xlink:href="#sSpan1084" value="N"/>
		<feat xlink:href="#sSpan1086" value="ADV"/>
		<feat xlink:href="#sSpan1090" value="PREP"/>
		<feat xlink:href="#sSpan1094" value="ART"/>
		<feat xlink:href="#sSpan1097" value="N"/>
		<feat xlink:href="#sSpan1100" value="PREP"/>
		<feat xlink:href="#sSpan1104" value="PPERO"/>
		<feat xlink:href="#sSpan1106" value="PUNCT"/>
		<feat xlink:href="#sSpan1110" value="CONJ"/>
		<feat xlink:href="#sSpan1116" value="APREC"/>
		<feat xlink:href="#sSpan1120" value="APST"/>
		<feat xlink:href="#sSpan1122" value="PPERS"/>
		<feat xlink:href="#sSpan1124" value="V"/>
		<feat xlink:href="#sSpan1126" value="ADV"/>
		<feat xlink:href="#sSpan1130" value="APST"/>
		<feat xlink:href="#sSpan1134" value="PPERS"/>
		<feat xlink:href="#sSpan1137" value="V"/>
		<feat xlink:href="#sSpan1141" value="CONJ"/>
		<feat xlink:href="#sSpan1145" value="ACONJ"/>
		<feat xlink:href="#sSpan1149" value="PPERS"/>
		<feat xlink:href="#sSpan1152" value="V"/>
		<feat xlink:href="#sSpan1156" value="CONJ"/>
		<feat xlink:href="#sSpan1162" value="APST"/>
		<feat xlink:href="#sSpan1166" value="PPERS"/>
		<feat xlink:href="#sSpan1168" value="V"/>
		<feat xlink:href="#sSpan1170" value="ART"/>
		<feat xlink:href="#sSpan1172" value="N"/>
		<feat xlink:href="#sSpan1174" value="PREP"/>
		<feat xlink:href="#sSpan1179" value="N"/>
		<feat xlink:href="#sSpan1181" value="ADV"/>
		<feat xlink:href="#sSpan1185" value="ART"/>
		<feat xlink:href="#sSpan1189" value="N"/>
		<feat xlink:href="#sSpan1191" value="PREP"/>
		<feat xlink:href="#sSpan1196" value="N"/>
		<feat xlink:href="#sSpan1199" value="CPRET"/>
		<feat xlink:href="#sSpan1203" value="PPERS"/>
		<feat xlink:href="#sSpan1205" value="V"/>
		<feat xlink:href="#sSpan1207" value="PREP"/>
		<feat xlink:href="#sSpan1211" value="PPERO"/>
		<feat xlink:href="#sSpan1213" value="PREP"/>
		<feat xlink:href="#sSpan1217" value="N"/>
		<feat xlink:href="#sSpan1219" value="CONJ"/>
		<feat xlink:href="#sSpan1223" value="CPRET"/>
		<feat xlink:href="#sSpan1227" value="PPERS"/>
		<feat xlink:href="#sSpan1230" value="V"/>
		<feat xlink:href="#sSpan1233" value="PREP"/>
		<feat xlink:href="#sSpan1237" value="PPERO"/>
		<feat xlink:href="#sSpan1239" value="PUNCT"/>
		<feat xlink:href="#sSpan1243" value="CONJ"/>
		<feat xlink:href="#sSpan1249" value="APST"/>
		<feat xlink:href="#sSpan1253" value="PPERS"/>
		<feat xlink:href="#sSpan1255" value="V"/>
		<feat xlink:href="#sSpan1257" value="PTC"/>
		<feat xlink:href="#sSpan1261" value="ART"/>
		<feat xlink:href="#sSpan1263" value="N"/>
		<feat xlink:href="#sSpan1266" value="NPROP"/>
		<feat xlink:href="#sSpan1270" value="PPOS"/>
		<feat xlink:href="#sSpan1274" value="N"/>
		<feat xlink:href="#sSpan1277" value="PTC"/>
		<feat xlink:href="#sSpan1281" value="APST"/>
		<feat xlink:href="#sSpan1285" value="PPERS"/>
		<feat xlink:href="#sSpan1287" value="V"/>
		<feat xlink:href="#sSpan1289" value="PPERO"/>
		<feat xlink:href="#sSpan1291" value="ADV"/>
		<feat xlink:href="#sSpan1295" value="CONJ"/>
		<feat xlink:href="#sSpan1299" value="CPRET"/>
		<feat xlink:href="#sSpan1303" value="PPERS"/>
		<feat xlink:href="#sSpan1305" value="V"/>
		<feat xlink:href="#sSpan1307" value="PREP"/>
		<feat xlink:href="#sSpan1311" value="PPERO"/>
		<feat xlink:href="#sSpan1313" value="CONJ"/>
		<feat xlink:href="#sSpan1318" value="NPROP"/>
		<feat xlink:href="#sSpan1320" value="ART"/>
		<feat xlink:href="#sSpan1325" value="N"/>
		<feat xlink:href="#sSpan1329" value="APST"/>
		<feat xlink:href="#sSpan1333" value="PPERS"/>
		<feat xlink:href="#sSpan1335" value="V"/>
		<feat xlink:href="#sSpan1337" value="PPERO"/>
		<feat xlink:href="#sSpan1339" value="ADV"/>
		<feat xlink:href="#sSpan1343" value="PREP"/>
		<feat xlink:href="#sSpan1347" value="PDEM"/>
		<feat xlink:href="#sSpan1349" value="CREL"/>
		<feat xlink:href="#sSpan1353" value="VSTAT"/>
		<feat xlink:href="#sSpan1355" value="PREP"/>
		<feat xlink:href="#sSpan1359" value="PDEM"/>
		<feat xlink:href="#sSpan1361" value="ART"/>
		<feat xlink:href="#sSpan1365" value="N"/>
		<feat xlink:href="#sSpan1367" value="PPERS"/>
		<feat xlink:href="#sSpan1372" value="V"/>
		<feat xlink:href="#sSpan1375" value="PREP"/>
		<feat xlink:href="#sSpan1379" value="PPERO"/>
		<feat xlink:href="#sSpan1381" value="PUNCT"/>
		<feat xlink:href="#sSpan1385" value="ART"/>
		<feat xlink:href="#sSpan1391" value="ART"/>
		<feat xlink:href="#sSpan1393" value="N"/>
		<feat xlink:href="#sSpan1396" value="PTC"/>
		<feat xlink:href="#sSpan1400" value="CPRET"/>
		<feat xlink:href="#sSpan1404" value="PPERS"/>
		<feat xlink:href="#sSpan1406" value="V"/>
		<feat xlink:href="#sSpan1408" value="PREP"/>
		<feat xlink:href="#sSpan1412" value="PPERO"/>
		<feat xlink:href="#sSpan1414" value="CONJ"/>
		<feat xlink:href="#sSpan1419" value="NPROP"/>
		<feat xlink:href="#sSpan1421" value="COP"/>
		<feat xlink:href="#sSpan1425" value="ART"/>
		<feat xlink:href="#sSpan1429" value="ART"/>
		<feat xlink:href="#sSpan1431" value="N"/>
		<feat xlink:href="#sSpan1434" value="PTC"/>
		<feat xlink:href="#sSpan1438" value="CPRET"/>
		<feat xlink:href="#sSpan1442" value="PPERS"/>
		<feat xlink:href="#sSpan1444" value="V"/>
		<feat xlink:href="#sSpan1446" value="PREP"/>
		<feat xlink:href="#sSpan1450" value="PPERO"/>
		<feat xlink:href="#sSpan1452" value="CONJ"/>
		<feat xlink:href="#sSpan1456" value="ART"/>
		<feat xlink:href="#sSpan1459" value="N"/>
		<feat xlink:href="#sSpan1461" value="PREP"/>
		<feat xlink:href="#sSpan1465" value="ART"/>
		<feat xlink:href="#sSpan1467" value="N"/>
		<feat xlink:href="#sSpan1469" value="PREP"/>
		<feat xlink:href="#sSpan1473" value="NUM"/>
		<feat xlink:href="#sSpan1475" value="PREP"/>
		<feat xlink:href="#sSpan1479" value="ART"/>
		<feat xlink:href="#sSpan1482" value="N"/>
		<feat xlink:href="#sSpan1484" value="PREP"/>
		<feat xlink:href="#sSpan1489" value="N"/>
		<feat xlink:href="#sSpan1491" value="APREC"/>
		<feat xlink:href="#sSpan1497" value="APST"/>
		<feat xlink:href="#sSpan1499" value="PPERS"/>
		<feat xlink:href="#sSpan1501" value="V"/>
		<feat xlink:href="#sSpan1504" value="PTC"/>
		<feat xlink:href="#sSpan1508" value="PTC"/>
		<feat xlink:href="#sSpan1513" value="NPROP"/>
		<feat xlink:href="#sSpan1515" value="CPRET"/>
		<feat xlink:href="#sSpan1519" value="PPERS"/>
		<feat xlink:href="#sSpan1521" value="V"/>
		<feat xlink:href="#sSpan1523" value="PREP"/>
		<feat xlink:href="#sSpan1527" value="PPERO"/>
		<feat xlink:href="#sSpan1529" value="CONJ"/>
		<feat xlink:href="#sSpan1534" value="NPROP"/>
		<feat xlink:href="#sSpan1536" value="PDEM"/>
		<feat xlink:href="#sSpan1540" value="PPERI"/>
		<feat xlink:href="#sSpan1544" value="CFOC"/>
		<feat xlink:href="#sSpan1548" value="APST"/>
		<feat xlink:href="#sSpan1550" value="PPERS"/>
		<feat xlink:href="#sSpan1552" value="V"/>
		<feat xlink:href="#sSpan1554" value="PPOS"/>
		<feat xlink:href="#sSpan1556" value="N"/>
		<feat xlink:href="#sSpan1558" value="PPERI"/>
		<feat xlink:href="#sSpan1562" value="COP"/>
		<feat xlink:href="#sSpan1566" value="CREL"/>
		<feat xlink:href="#sSpan1568" value="APST"/>
		<feat xlink:href="#sSpan1570" value="PPERS"/>
		<feat xlink:href="#sSpan1572" value="V"/>
		<feat xlink:href="#sSpan1574" value="PPERO"/>
		<feat xlink:href="#sSpan1576" value="PUNCT"/>
		<feat xlink:href="#sSpan1581" value="N"/>
		<feat xlink:href="#sSpan1588" value="PTC"/>
		<feat xlink:href="#sSpan1592" value="CPRET"/>
		<feat xlink:href="#sSpan1596" value="APST"/>
		<feat xlink:href="#sSpan1598" value="PPERS"/>
		<feat xlink:href="#sSpan1600" value="V"/>
		<feat xlink:href="#sSpan1602" value="PREP"/>
		<feat xlink:href="#sSpan1607" value="NPROP"/>
		<feat xlink:href="#sSpan1609" value="CONJ"/>
		<feat xlink:href="#sSpan1613" value="APST"/>
		<feat xlink:href="#sSpan1617" value="PPERS"/>
		<feat xlink:href="#sSpan1619" value="V"/>
		<feat xlink:href="#sSpan1621" value="PPERO"/>
		<feat xlink:href="#sSpan1623" value="PREP"/>
		<feat xlink:href="#sSpan1627" value="ART"/>
		<feat xlink:href="#sSpan1629" value="N"/>
		<feat xlink:href="#sSpan1631" value="PREP"/>
		<feat xlink:href="#sSpan1636" value="NPROP"/>
		<feat xlink:href="#sSpan1638" value="ART"/>
		<feat xlink:href="#sSpan1642" value="N"/>
		<feat xlink:href="#sSpan1644" value="PREP"/>
		<feat xlink:href="#sSpan1649" value="NPROP"/>
		<feat xlink:href="#sSpan1651" value="PPOS"/>
		<feat xlink:href="#sSpan1655" value="N"/>
		<feat xlink:href="#sSpan1657" value="CONJ"/>
		<feat xlink:href="#sSpan1661" value="ADV"/>
		<feat xlink:href="#sSpan1664" value="PTC"/>
		<feat xlink:href="#sSpan1668" value="CPRET"/>
		<feat xlink:href="#sSpan1672" value="APST"/>
		<feat xlink:href="#sSpan1674" value="PPERS"/>
		<feat xlink:href="#sSpan1676" value="V"/>
		<feat xlink:href="#sSpan1678" value="PPERO"/>
		<feat xlink:href="#sSpan1680" value="COP"/>
		<feat xlink:href="#sSpan1684" value="CPRET"/>
		<feat xlink:href="#sSpan1690" value="PPERS"/>
		<feat xlink:href="#sSpan1692" value="V"/>
		<feat xlink:href="#sSpan1695" value="PTC"/>
		<feat xlink:href="#sSpan1699" value="PREP"/>
		<feat xlink:href="#sSpan1703" value="PPERO"/>
		<feat xlink:href="#sSpan1705" value="COP"/>
		<feat xlink:href="#sSpan1709" value="PTC"/>
		<feat xlink:href="#sSpan1714" value="NPROP"/>
		<feat xlink:href="#sSpan1716" value="PREP"/>
		<feat xlink:href="#sSpan1721" value="NPROP"/>
		<feat xlink:href="#sSpan1723" value="CONJ"/>
		<feat xlink:href="#sSpan1727" value="PPERS"/>
		<feat xlink:href="#sSpan1729" value="V"/>
		<feat xlink:href="#sSpan1731" value="PREP"/>
		<feat xlink:href="#sSpan1735" value="PPERO"/>
		<feat xlink:href="#sSpan1737" value="NEG"/>
		<feat xlink:href="#sSpan1741" value="PREP"/>
		<feat xlink:href="#sSpan1745" value="V"/>
		<feat xlink:href="#sSpan1747" value="ART"/>
		<feat xlink:href="#sSpan1749" value="N"/>
		<feat xlink:href="#sSpan1751" value="PREP"/>
		<feat xlink:href="#sSpan1755" value="PPOS"/>
		<feat xlink:href="#sSpan1757" value="N"/>
		<feat xlink:href="#sSpan1759" value="PUNCT"/>
		<feat xlink:href="#sSpan1764" value="N"/>
		<feat xlink:href="#sSpan1771" value="PTC"/>
		<feat xlink:href="#sSpan1775" value="CPRET"/>
		<feat xlink:href="#sSpan1779" value="PPERS"/>
		<feat xlink:href="#sSpan1781" value="V"/>
		<feat xlink:href="#sSpan1783" value="PREP"/>
		<feat xlink:href="#sSpan1787" value="PPERO"/>
		<feat xlink:href="#sSpan1789" value="COP"/>
		<feat xlink:href="#sSpan1793" value="CONJ"/>
		<feat xlink:href="#sSpan1797" value="CPRET"/>
		<feat xlink:href="#sSpan1801" value="PPERS"/>
		<feat xlink:href="#sSpan1803" value="V"/>
		<feat xlink:href="#sSpan1805" value="PREP"/>
		<feat xlink:href="#sSpan1809" value="V"/>
		<feat xlink:href="#sSpan1811" value="PPERO"/>
		<feat xlink:href="#sSpan1813" value="CONJ"/>
		<feat xlink:href="#sSpan1817" value="CPRET"/>
		<feat xlink:href="#sSpan1821" value="PPERS"/>
		<feat xlink:href="#sSpan1823" value="V"/>
		<feat xlink:href="#sSpan1825" value="V"/>
		<feat xlink:href="#sSpan1827" value="NEG"/>
		<feat xlink:href="#sSpan1831" value="COP"/>
		<feat xlink:href="#sSpan1835" value="PUNCT"/>
		<feat xlink:href="#sSpan1840" value="N"/>
		<feat xlink:href="#sSpan1847" value="PTC"/>
		<feat xlink:href="#sSpan1851" value="APST"/>
		<feat xlink:href="#sSpan1855" value="PPERS"/>
		<feat xlink:href="#sSpan1858" value="V"/>
		<feat xlink:href="#sSpan1861" value="PREP"/>
		<feat xlink:href="#sSpan1865" value="ART"/>
		<feat xlink:href="#sSpan1867" value="N"/>
		<feat xlink:href="#sSpan1869" value="PREP"/>
		<feat xlink:href="#sSpan1874" value="NPROP"/>
		<feat xlink:href="#sSpan1876" value="CCIRC"/>
		<feat xlink:href="#sSpan1880" value="PPERS"/>
		<feat xlink:href="#sSpan1882" value="V"/>
		<feat xlink:href="#sSpan1884" value="PREP"/>
		<feat xlink:href="#sSpan1888" value="PPERO"/>
		<feat xlink:href="#sSpan1890" value="CONJ"/>
		<feat xlink:href="#sSpan1894" value="ART"/>
		<feat xlink:href="#sSpan1896" value="N"/>
		<feat xlink:href="#sSpan1898" value="PREP"/>
		<feat xlink:href="#sSpan1903" value="N"/>
		<feat xlink:href="#sSpan1905" value="COP"/>
		<feat xlink:href="#sSpan1909" value="CONJ"/>
		<feat xlink:href="#sSpan1913" value="PPERS"/>
		<feat xlink:href="#sSpan1917" value="VSTAT"/>
		<feat xlink:href="#sSpan1919" value="CONJ"/>
		<feat xlink:href="#sSpan1923" value="CPRET"/>
		<feat xlink:href="#sSpan1927" value="PPERS"/>
		<feat xlink:href="#sSpan1929" value="V"/>
		<feat xlink:href="#sSpan1931" value="PREP"/>
		<feat xlink:href="#sSpan1935" value="PPERO"/>
		<feat xlink:href="#sSpan1937" value="COP"/>
		<feat xlink:href="#sSpan1941" value="CONJ"/>
		<feat xlink:href="#sSpan1945" value="CPRET"/>
		<feat xlink:href="#sSpan1949" value="PPERS"/>
		<feat xlink:href="#sSpan1951" value="V"/>
		<feat xlink:href="#sSpan1953" value="PREP"/>
		<feat xlink:href="#sSpan1957" value="ART"/>
		<feat xlink:href="#sSpan1959" value="N"/>
		<feat xlink:href="#sSpan1961" value="PREP"/>
		<feat xlink:href="#sSpan1965" value="PPERO"/>
		<feat xlink:href="#sSpan1967" value="CONJ"/>
		<feat xlink:href="#sSpan1971" value="CPRET"/>
		<feat xlink:href="#sSpan1975" value="PPERS"/>
		<feat xlink:href="#sSpan1977" value="VSTAT"/>
		<feat xlink:href="#sSpan1979" value="PREP"/>
		<feat xlink:href="#sSpan1983" value="N"/>
		<feat xlink:href="#sSpan1985" value="COP"/>
		<feat xlink:href="#sSpan1989" value="CONJ"/>
		<feat xlink:href="#sSpan1994" value="ADV"/>
		<feat xlink:href="#sSpan1998" value="CPRET"/>
		<feat xlink:href="#sSpan2002" value="PPERS"/>
		<feat xlink:href="#sSpan2004" value="V"/>
		<feat xlink:href="#sSpan2006" value="PREP"/>
		<feat xlink:href="#sSpan2010" value="PPERO"/>
		<feat xlink:href="#sSpan2012" value="PUNCT"/>
		<feat xlink:href="#sSpan2016" value="APREC"/>
		<feat xlink:href="#sSpan2022" value="APST"/>
		<feat xlink:href="#sSpan2024" value="ART"/>
		<feat xlink:href="#sSpan2026" value="N"/>
		<feat xlink:href="#sSpan2029" value="PTC"/>
		<feat xlink:href="#sSpan2033" value="V"/>
		<feat xlink:href="#sSpan2037" value="PREP"/>
		<feat xlink:href="#sSpan2042" value="N"/>
		<feat xlink:href="#sSpan2044" value="CONJ"/>
		<feat xlink:href="#sSpan2048" value="APREC"/>
		<feat xlink:href="#sSpan2052" value="APST"/>
		<feat xlink:href="#sSpan2054" value="N"/>
		<feat xlink:href="#sSpan2056" value="PREP"/>
		<feat xlink:href="#sSpan2060" value="PPOS"/>
		<feat xlink:href="#sSpan2062" value="N"/>
		<feat xlink:href="#sSpan2064" value="PREP"/>
		<feat xlink:href="#sSpan2068" value="N"/>
		<feat xlink:href="#sSpan2070" value="V"/>
		<feat xlink:href="#sSpan2074" value="ART"/>
		<feat xlink:href="#sSpan2077" value="N"/>
		<feat xlink:href="#sSpan2079" value="PREP"/>
		<feat xlink:href="#sSpan2083" value="PPOS"/>
		<feat xlink:href="#sSpan2085" value="N"/>
		<feat xlink:href="#sSpan2087" value="PREP"/>
		<feat xlink:href="#sSpan2091" value="ART"/>
		<feat xlink:href="#sSpan2094" value="N"/>
		<feat xlink:href="#sSpan2096" value="PREP"/>
		<feat xlink:href="#sSpan2100" value="ART"/>
		<feat xlink:href="#sSpan2102" value="N"/>
		<feat xlink:href="#sSpan2104" value="PREP"/>
		<feat xlink:href="#sSpan2108" value="ART"/>
		<feat xlink:href="#sSpan2110" value="NPROP"/>
		<feat xlink:href="#sSpan2112" value="PUNCT"/>
		<feat xlink:href="#sSpan2116" value="CONJ"/>
		<feat xlink:href="#sSpan2122" value="APREC"/>
		<feat xlink:href="#sSpan2126" value="APST"/>
		<feat xlink:href="#sSpan2128" value="PPERS"/>
		<feat xlink:href="#sSpan2130" value="V"/>
		<feat xlink:href="#sSpan2132" value="ADV"/>
		<feat xlink:href="#sSpan2136" value="PTC"/>
		<feat xlink:href="#sSpan2140" value="ART"/>
		<feat xlink:href="#sSpan2142" value="N"/>
		<feat xlink:href="#sSpan2144" value="PREP"/>
		<feat xlink:href="#sSpan2148" value="N"/>
		<feat xlink:href="#sSpan2150" value="CONJ"/>
		<feat xlink:href="#sSpan2154" value="APREC"/>
		<feat xlink:href="#sSpan2158" value="APST"/>
		<feat xlink:href="#sSpan2160" value="PPERS"/>
		<feat xlink:href="#sSpan2162" value="V"/>
		<feat xlink:href="#sSpan2164" value="APST"/>
		<feat xlink:href="#sSpan2168" value="PPERS"/>
		<feat xlink:href="#sSpan2170" value="V"/>
		<feat xlink:href="#sSpan2172" value="N"/>
		<feat xlink:href="#sSpan2174" value="PPERO"/>
		<feat xlink:href="#sSpan2176" value="PREP"/>
		<feat xlink:href="#sSpan2180" value="N"/>
		<feat xlink:href="#sSpan2182" value="PREP"/>
		<feat xlink:href="#sSpan2186" value="PDEM"/>
		<feat xlink:href="#sSpan2188" value="CREL"/>
		<feat xlink:href="#sSpan2192" value="VSTAT"/>
		<feat xlink:href="#sSpan2194" value="PREP"/>
		<feat xlink:href="#sSpan2198" value="PPERO"/>
		<feat xlink:href="#sSpan2200" value="V"/>
		<feat xlink:href="#sSpan2204" value="ART"/>
		<feat xlink:href="#sSpan2206" value="N"/>
		<feat xlink:href="#sSpan2209" value="PTC"/>
		<feat xlink:href="#sSpan2213" value="PREP"/>
		<feat xlink:href="#sSpan2217" value="ART"/>
		<feat xlink:href="#sSpan2219" value="N"/>
		<feat xlink:href="#sSpan2221" value="CONJ"/>
		<feat xlink:href="#sSpan2226" value="V"/>
		<feat xlink:href="#sSpan2230" value="PREP"/>
		<feat xlink:href="#sSpan2234" value="PPERO"/>
		<feat xlink:href="#sSpan2236" value="PREP"/>
		<feat xlink:href="#sSpan2240" value="ART"/>
		<feat xlink:href="#sSpan2242" value="CREL"/>
		<feat xlink:href="#sSpan2244" value="PPERS"/>
		<feat xlink:href="#sSpan2246" value="V"/>
		<feat xlink:href="#sSpan2248" value="PPERO"/>
		<feat xlink:href="#sSpan2250" value="ACONJ"/>
		<feat xlink:href="#sSpan2254" value="PPERS"/>
		<feat xlink:href="#sSpan2256" value="V"/>
		<feat xlink:href="#sSpan2258" value="PPERO"/>
		<feat xlink:href="#sSpan2260" value="PREP"/>
		<feat xlink:href="#sSpan2264" value="PPERO"/>
		<feat xlink:href="#sSpan2266" value="PUNCT"/>
		<feat xlink:href="#sSpan2270" value="CONJ"/>
		<feat xlink:href="#sSpan2276" value="APST"/>
		<feat xlink:href="#sSpan2280" value="PPERS"/>
		<feat xlink:href="#sSpan2282" value="V"/>
		<feat xlink:href="#sSpan2284" value="PREP"/>
		<feat xlink:href="#sSpan2288" value="PPERO"/>
		<feat xlink:href="#sSpan2290" value="CONJ"/>
		<feat xlink:href="#sSpan2294" value="PDEM"/>
		<feat xlink:href="#sSpan2296" value="CCIRC"/>
		<feat xlink:href="#sSpan2300" value="PPERS"/>
		<feat xlink:href="#sSpan2302" value="FUT"/>
		<feat xlink:href="#sSpan2305" value="V"/>
		<feat xlink:href="#sSpan2309" value="PREP"/>
		<feat xlink:href="#sSpan2313" value="PPERO"/>
		<feat xlink:href="#sSpan2315" value="PPERS"/>
		<feat xlink:href="#sSpan2319" value="FUT"/>
		<feat xlink:href="#sSpan2321" value="V"/>
		<feat xlink:href="#sSpan2323" value="PREP"/>
		<feat xlink:href="#sSpan2327" value="PPERO"/>
		<feat xlink:href="#sSpan2329" value="PREP"/>
		<feat xlink:href="#sSpan2333" value="ART"/>
		<feat xlink:href="#sSpan2335" value="N"/>
		<feat xlink:href="#sSpan2337" value="PREP"/>
		<feat xlink:href="#sSpan2341" value="PPOS"/>
		<feat xlink:href="#sSpan2344" value="N"/>
		<feat xlink:href="#sSpan2347" value="PUNCT"/>
		<feat xlink:href="#sSpan2351" value="CONJ"/>
		<feat xlink:href="#sSpan2357" value="APREC"/>
		<feat xlink:href="#sSpan2361" value="APST"/>
		<feat xlink:href="#sSpan2363" value="PPERS"/>
		<feat xlink:href="#sSpan2365" value="V"/>
		<feat xlink:href="#sSpan2367" value="ADV"/>
		<feat xlink:href="#sSpan2371" value="VBD"/>
		<feat xlink:href="#sSpan2375" value="PPERS"/>
		<feat xlink:href="#sSpan2377" value="PREP"/>
		<feat xlink:href="#sSpan2381" value="PPOS"/>
		<feat xlink:href="#sSpan2383" value="N"/>
		<feat xlink:href="#sSpan2385" value="CONJ"/>
		<feat xlink:href="#sSpan2389" value="PINT"/>
		<feat xlink:href="#sSpan2391" value="COP"/>
		<feat xlink:href="#sSpan2395" value="CREL"/>
		<feat xlink:href="#sSpan2397" value="PPERS"/>
		<feat xlink:href="#sSpan2399" value="FUT"/>
		<feat xlink:href="#sSpan2402" value="V"/>
		<feat xlink:href="#sSpan2406" value="PREP"/>
		<feat xlink:href="#sSpan2410" value="PPERO"/>
		<feat xlink:href="#sSpan2413" value="N"/>
		<feat xlink:href="#sSpan2418" value="PTC"/>
		<feat xlink:href="#sSpan2422" value="VBD"/>
		<feat xlink:href="#sSpan2426" value="PPERO"/>
		<feat xlink:href="#sSpan2428" value="CONJ"/>
		<feat xlink:href="#sSpan2432" value="ART"/>
		<feat xlink:href="#sSpan2434" value="N"/>
		<feat xlink:href="#sSpan2436" value="PREP"/>
		<feat xlink:href="#sSpan2440" value="NPROP"/>
		<feat xlink:href="#sSpan2442" value="ART"/>
		<feat xlink:href="#sSpan2447" value="N"/>
		<feat xlink:href="#sSpan2451" value="CONJ"/>
		<feat xlink:href="#sSpan2457" value="APREC"/>
		<feat xlink:href="#sSpan2461" value="APST"/>
		<feat xlink:href="#sSpan2463" value="PPERS"/>
		<feat xlink:href="#sSpan2465" value="V"/>
		<feat xlink:href="#sSpan2467" value="ADV"/>
		<feat xlink:href="#sSpan2471" value="PREP"/>
		<feat xlink:href="#sSpan2475" value="ART"/>
		<feat xlink:href="#sSpan2478" value="N"/>
		<feat xlink:href="#sSpan2480" value="PREP"/>
		<feat xlink:href="#sSpan2484" value="ART"/>
		<feat xlink:href="#sSpan2486" value="N"/>
		<feat xlink:href="#sSpan2488" value="APST"/>
		<feat xlink:href="#sSpan2492" value="PPERS"/>
		<feat xlink:href="#sSpan2495" value="V"/>
		<feat xlink:href="#sSpan2499" value="CCIRC"/>
		<feat xlink:href="#sSpan2503" value="PPERS"/>
		<feat xlink:href="#sSpan2505" value="V"/>
		<feat xlink:href="#sSpan2507" value="PREP"/>
		<feat xlink:href="#sSpan2511" value="PPERO"/>
		<feat xlink:href="#sSpan2513" value="CONJ"/>
		<feat xlink:href="#sSpan2517" value="ART"/>
		<feat xlink:href="#sSpan2519" value="N"/>
		<feat xlink:href="#sSpan2522" value="CONJ"/>
		<feat xlink:href="#sSpan2526" value="ART"/>
		<feat xlink:href="#sSpan2530" value="N"/>
		<feat xlink:href="#sSpan2532" value="ACONJ"/>
		<feat xlink:href="#sSpan2536" value="PPERS"/>
		<feat xlink:href="#sSpan2538" value="V"/>
		<feat xlink:href="#sSpan2540" value="PREP"/>
		<feat xlink:href="#sSpan2544" value="PPERO"/>
		<feat xlink:href="#sSpan2546" value="PREP"/>
		<feat xlink:href="#sSpan2550" value="ART"/>
		<feat xlink:href="#sSpan2552" value="N"/>
		<feat xlink:href="#sSpan2554" value="PREP"/>
		<feat xlink:href="#sSpan2558" value="NPROP"/>
		<feat xlink:href="#sSpan2560" value="ART"/>
		<feat xlink:href="#sSpan2565" value="N"/>
		<feat xlink:href="#sSpan2569" value="PREP"/>
		<feat xlink:href="#sSpan2573" value="ART"/>
		<feat xlink:href="#sSpan2576" value="N"/>
		<feat xlink:href="#sSpan2578" value="PUNCT"/>
		<feat xlink:href="#sSpan2582" value="CONJ"/>
		<feat xlink:href="#sSpan2588" value="CFOC"/>
		<feat xlink:href="#sSpan2592" value="APST"/>
		<feat xlink:href="#sSpan2594" value="ART"/>
		<feat xlink:href="#sSpan2596" value="N"/>
		<feat xlink:href="#sSpan2598" value="PREP"/>
		<feat xlink:href="#sSpan2602" value="ART"/>
		<feat xlink:href="#sSpan2604" value="N"/>
		<feat xlink:href="#sSpan2606" value="V"/>
		<feat xlink:href="#sSpan2610" value="PREP"/>
		<feat xlink:href="#sSpan2614" value="ART"/>
		<feat xlink:href="#sSpan2616" value="N"/>
		<feat xlink:href="#sSpan2618" value="PREP"/>
		<feat xlink:href="#sSpan2622" value="PDEM"/>
		<feat xlink:href="#sSpan2624" value="CREL"/>
		<feat xlink:href="#sSpan2628" value="VSTAT"/>
		<feat xlink:href="#sSpan2630" value="PREP"/>
		<feat xlink:href="#sSpan2634" value="PPERO"/>
		<feat xlink:href="#sSpan2636" value="ANEGPST"/>
		<feat xlink:href="#sSpan2640" value="PPERS"/>
		<feat xlink:href="#sSpan2642" value="V"/>
		<feat xlink:href="#sSpan2644" value="PREP"/>
		<feat xlink:href="#sSpan2648" value="V"/>
		<feat xlink:href="#sSpan2650" value="PPERO"/>
		<feat xlink:href="#sSpan2652" value="PUNCT"/>
		<feat xlink:href="#sSpan2656" value="CONJ"/>
		<feat xlink:href="#sSpan2662" value="IMOD"/>
		<feat xlink:href="#sSpan2666" value="PPERO"/>
		<feat xlink:href="#sSpan2668" value="APST"/>
		<feat xlink:href="#sSpan2672" value="PPERS"/>
		<feat xlink:href="#sSpan2674" value="V"/>
		<feat xlink:href="#sSpan2676" value="PTC"/>
		<feat xlink:href="#sSpan2680" value="ART"/>
		<feat xlink:href="#sSpan2682" value="N"/>
		<feat xlink:href="#sSpan2684" value="PREP"/>
		<feat xlink:href="#sSpan2688" value="ART"/>
		<feat xlink:href="#sSpan2690" value="N"/>
		<feat xlink:href="#sSpan2692" value="APST"/>
		<feat xlink:href="#sSpan2696" value="PPERS"/>
		<feat xlink:href="#sSpan2699" value="V"/>
		<feat xlink:href="#sSpan2702" value="ACONJ"/>
		<feat xlink:href="#sSpan2706" value="PPERS"/>
		<feat xlink:href="#sSpan2708" value="V"/>
		<feat xlink:href="#sSpan2710" value="PREP"/>
		<feat xlink:href="#sSpan2714" value="PPOS"/>
		<feat xlink:href="#sSpan2716" value="N"/>
		<feat xlink:href="#sSpan2718" value="PREP"/>
		<feat xlink:href="#sSpan2722" value="ART"/>
		<feat xlink:href="#sSpan2725" value="N"/>
		<feat xlink:href="#sSpan2727" value="PUNCT"/>
		<feat xlink:href="#sSpan2731" value="CONJ"/>
		<feat xlink:href="#sSpan2737" value="APST"/>
		<feat xlink:href="#sSpan2741" value="PPERS"/>
		<feat xlink:href="#sSpan2743" value="V"/>
		<feat xlink:href="#sSpan2745" value="PPERO"/>
		<feat xlink:href="#sSpan2747" value="PREP"/>
		<feat xlink:href="#sSpan2751" value="ART"/>
		<feat xlink:href="#sSpan2753" value="N"/>
		<feat xlink:href="#sSpan2755" value="CONJ"/>
		<feat xlink:href="#sSpan2759" value="APST"/>
		<feat xlink:href="#sSpan2763" value="ART"/>
		<feat xlink:href="#sSpan2765" value="N"/>
		<feat xlink:href="#sSpan2767" value="V"/>
		<feat xlink:href="#sSpan2771" value="PPERO"/>
		<feat xlink:href="#sSpan2773" value="PREP"/>
		<feat xlink:href="#sSpan2777" value="PPOS"/>
		<feat xlink:href="#sSpan2779" value="N"/>
		<feat xlink:href="#sSpan2781" value="PUNCT"/>
		<feat xlink:href="#sSpan2785" value="CONJ"/>
		<feat xlink:href="#sSpan2791" value="APREC"/>
		<feat xlink:href="#sSpan2795" value="APST"/>
		<feat xlink:href="#sSpan2797" value="PPERS"/>
		<feat xlink:href="#sSpan2799" value="V"/>
		<feat xlink:href="#sSpan2801" value="PTC"/>
		<feat xlink:href="#sSpan2805" value="PPOS"/>
		<feat xlink:href="#sSpan2808" value="N"/>
		<feat xlink:href="#sSpan2810" value="APST"/>
		<feat xlink:href="#sSpan2814" value="PPERS"/>
		<feat xlink:href="#sSpan2816" value="V"/>
		<feat xlink:href="#sSpan2818" value="APST"/>
		<feat xlink:href="#sSpan2822" value="PPERS"/>
		<feat xlink:href="#sSpan2824" value="V"/>
		<feat xlink:href="#sSpan2826" value="PREP"/>
		<feat xlink:href="#sSpan2830" value="ART"/>
		<feat xlink:href="#sSpan2833" value="N"/>
		<feat xlink:href="#sSpan2835" value="CONJ"/>
		<feat xlink:href="#sSpan2839" value="APST"/>
		<feat xlink:href="#sSpan2843" value="PPERS"/>
		<feat xlink:href="#sSpan2845" value="V"/>
		<feat xlink:href="#sSpan2847" value="PPERO"/>
		<feat xlink:href="#sSpan2849" value="ADV"/>
		<feat xlink:href="#sSpan2853" value="PREP"/>
		<feat xlink:href="#sSpan2857" value="ART"/>
		<feat xlink:href="#sSpan2859" value="N"/>
		<feat xlink:href="#sSpan2861" value="PUNCT"/>
		<feat xlink:href="#sSpan2865" value="CONJ"/>
		<feat xlink:href="#sSpan2871" value="APST"/>
		<feat xlink:href="#sSpan2875" value="PPERS"/>
		<feat xlink:href="#sSpan2877" value="V"/>
		<feat xlink:href="#sSpan2879" value="PTC"/>
		<feat xlink:href="#sSpan2883" value="ART"/>
		<feat xlink:href="#sSpan2886" value="N"/>
		<feat xlink:href="#sSpan2888" value="PREP"/>
		<feat xlink:href="#sSpan2893" value="NPROP"/>
		<feat xlink:href="#sSpan2895" value="CONJ"/>
		<feat xlink:href="#sSpan2899" value="APST"/>
		<feat xlink:href="#sSpan2903" value="PPERS"/>
		<feat xlink:href="#sSpan2905" value="V"/>
		<feat xlink:href="#sSpan2907" value="PPERO"/>
		<feat xlink:href="#sSpan2909" value="PREP"/>
		<feat xlink:href="#sSpan2913" value="N"/>
		<feat xlink:href="#sSpan2915" value="PINT"/>
		<feat xlink:href="#sSpan2919" value="APREC"/>
		<feat xlink:href="#sSpan2923" value="APST"/>
		<feat xlink:href="#sSpan2925" value="PPERS"/>
		<feat xlink:href="#sSpan2927" value="V"/>
		<feat xlink:href="#sSpan2929" value="PPERO"/>
		<feat xlink:href="#sSpan2931" value="PREP"/>
		<feat xlink:href="#sSpan2935" value="PDEM"/>
		<feat xlink:href="#sSpan2937" value="CREL"/>
		<feat xlink:href="#sSpan2941" value="APST"/>
		<feat xlink:href="#sSpan2943" value="PPERS"/>
		<feat xlink:href="#sSpan2946" value="V"/>
		<feat xlink:href="#sSpan2949" value="PREP"/>
		<feat xlink:href="#sSpan2953" value="PPERO"/>
		<feat xlink:href="#sSpan2955" value="CONJ"/>
		<feat xlink:href="#sSpan2961" value="VBD"/>
		<feat xlink:href="#sSpan2965" value="PPERS"/>
		<feat xlink:href="#sSpan2967" value="PREP"/>
		<feat xlink:href="#sSpan2971" value="PPERO"/>
		<feat xlink:href="#sSpan2973" value="CONJ"/>
		<feat xlink:href="#sSpan2977" value="VIMP"/>
		<feat xlink:href="#sSpan2979" value="PPERI"/>
		<feat xlink:href="#sSpan2983" value="PREP"/>
		<feat xlink:href="#sSpan2987" value="ART"/>
		<feat xlink:href="#sSpan2989" value="N"/>
		<feat xlink:href="#sSpan2991" value="PREP"/>
		<feat xlink:href="#sSpan2995" value="ART"/>
		<feat xlink:href="#sSpan2997" value="N"/>
		<feat xlink:href="#sSpan2999" value="PREP"/>
		<feat xlink:href="#sSpan3003" value="N"/>
		<feat xlink:href="#sSpan3005" value="CONJ"/>
		<feat xlink:href="#sSpan3009" value="V"/>
		<feat xlink:href="#sSpan3013" value="PREP"/>
		<feat xlink:href="#sSpan3017" value="PPERO"/>
		<feat xlink:href="#sSpan3019" value="PREP"/>
		<feat xlink:href="#sSpan3023" value="ART"/>
		<feat xlink:href="#sSpan3025" value="N"/>
		<feat xlink:href="#sSpan3027" value="PDEM"/>
		<feat xlink:href="#sSpan3032" value="PTC"/>
		<feat xlink:href="#sSpan3036" value="CREL"/>
		<feat xlink:href="#sSpan3040" value="VSTAT"/>
		<feat xlink:href="#sSpan3042" value="PREP"/>
		<feat xlink:href="#sSpan3046" value="PDEM"/>
		<feat xlink:href="#sSpan3048" value="CREL"/>
		<feat xlink:href="#sSpan3052" value="V"/>
		<feat xlink:href="#sSpan3054" value="CPRET"/>
		<feat xlink:href="#sSpan3058" value="PPERS"/>
		<feat xlink:href="#sSpan3060" value="VSTAT"/>
		<feat xlink:href="#sSpan3062" value="COP"/>
		<feat xlink:href="#sSpan3066" value="PUNCT"/>
		<feat xlink:href="#sSpan3070" value="CONJ"/>
		<feat xlink:href="#sSpan3074" value="CPRET"/>
		<feat xlink:href="#sSpan3078" value="PPERS"/>
		<feat xlink:href="#sSpan3081" value="V"/>
		<feat xlink:href="#sSpan3085" value="NEG"/>
		<feat xlink:href="#sSpan3089" value="COP"/>
		<feat xlink:href="#sSpan3093" value="PREP"/>
		<feat xlink:href="#sSpan3097" value="V"/>
		<feat xlink:href="#sSpan3100" value="ART"/>
		<feat xlink:href="#sSpan3102" value="ART"/>
		<feat xlink:href="#sSpan3104" value="N"/>
		<feat xlink:href="#sSpan3106" value="CONJ"/>
		<feat xlink:href="#sSpan3112" value="APST"/>
		<feat xlink:href="#sSpan3116" value="PPERS"/>
		<feat xlink:href="#sSpan3118" value="V"/>
		<feat xlink:href="#sSpan3120" value="PREP"/>
		<feat xlink:href="#sSpan3124" value="PPERO"/>
		<feat xlink:href="#sSpan3126" value="PREP"/>
		<feat xlink:href="#sSpan3130" value="ART"/>
		<feat xlink:href="#sSpan3132" value="N"/>
		<feat xlink:href="#sSpan3134" value="PREP"/>
		<feat xlink:href="#sSpan3138" value="ART"/>
		<feat xlink:href="#sSpan3140" value="N"/>
		<feat xlink:href="#sSpan3142" value="NEG"/>
		<feat xlink:href="#sSpan3146" value="N"/>
		<feat xlink:href="#sSpan3148" value="PREP"/>
		<feat xlink:href="#sSpan3152" value="ART"/>
		<feat xlink:href="#sSpan3154" value="N"/>
		<feat xlink:href="#sSpan3156" value="PUNCT"/>
		<feat xlink:href="#sSpan3160" value="CONJ"/>
		<feat xlink:href="#sSpan3166" value="APST"/>
		<feat xlink:href="#sSpan3170" value="PPERS"/>
		<feat xlink:href="#sSpan3172" value="V"/>
		<feat xlink:href="#sSpan3174" value="PREP"/>
		<feat xlink:href="#sSpan3178" value="PPERO"/>
		<feat xlink:href="#sSpan3180" value="CCIRC"/>
		<feat xlink:href="#sSpan3184" value="PPERS"/>
		<feat xlink:href="#sSpan3186" value="VSTAT"/>
		<feat xlink:href="#sSpan3188" value="CONJ"/>
		<feat xlink:href="#sSpan3192" value="APST"/>
		<feat xlink:href="#sSpan3196" value="PPERS"/>
		<feat xlink:href="#sSpan3198" value="V"/>
		<feat xlink:href="#sSpan3200" value="PPERO"/>
		<feat xlink:href="#sSpan3202" value="PTC"/>
		<feat xlink:href="#sSpan3206" value="ART"/>
		<feat xlink:href="#sSpan3208" value="N"/>
		<feat xlink:href="#sSpan3210" value="CONJ"/>
		<feat xlink:href="#sSpan3214" value="APST"/>
		<feat xlink:href="#sSpan3218" value="PPERS"/>
		<feat xlink:href="#sSpan3220" value="V"/>
		<feat xlink:href="#sSpan3222" value="ADV"/>
		<feat xlink:href="#sSpan3226" value="PREP"/>
		<feat xlink:href="#sSpan3231" value="N"/>
		<feat xlink:href="#sSpan3233" value="PINT"/>
		<feat xlink:href="#sSpan3235" value="ADV"/>
		<feat xlink:href="#sSpan3239" value="PREP"/>
		<feat xlink:href="#sSpan3243" value="N"/>
		<feat xlink:href="#sSpan3245" value="PINT"/>
		<feat xlink:href="#sSpan3249" value="CONJ"/>
		<feat xlink:href="#sSpan3253" value="APST"/>
		<feat xlink:href="#sSpan3257" value="PPERS"/>
		<feat xlink:href="#sSpan3260" value="V"/>
		<feat xlink:href="#sSpan3263" value="PREP"/>
		<feat xlink:href="#sSpan3267" value="PPERO"/>
		<feat xlink:href="#sSpan3269" value="PUNCT"/>
		<feat xlink:href="#sSpan3273" value="CONJ"/>
		<feat xlink:href="#sSpan3279" value="APREC"/>
		<feat xlink:href="#sSpan3283" value="APST"/>
		<feat xlink:href="#sSpan3285" value="PPERS"/>
		<feat xlink:href="#sSpan3287" value="V"/>
		<feat xlink:href="#sSpan3289" value="ADV"/>
		<feat xlink:href="#sSpan3293" value="APST"/>
		<feat xlink:href="#sSpan3297" value="PPERS"/>
		<feat xlink:href="#sSpan3299" value="V"/>
		<feat xlink:href="#sSpan3301" value="PREP"/>
		<feat xlink:href="#sSpan3305" value="ART"/>
		<feat xlink:href="#sSpan3307" value="N"/>
		<feat xlink:href="#sSpan3309" value="CCIRC"/>
		<feat xlink:href="#sSpan3313" value="PPERS"/>
		<feat xlink:href="#sSpan3315" value="VSTAT"/>
		<feat xlink:href="#sSpan3317" value="CONJ"/>
		<feat xlink:href="#sSpan3321" value="APST"/>
		<feat xlink:href="#sSpan3325" value="PPERS"/>
		<feat xlink:href="#sSpan3328" value="V"/>
		<feat xlink:href="#sSpan3331" value="PREP"/>
		<feat xlink:href="#sSpan3335" value="PPERO"/>
		<feat xlink:href="#sSpan3337" value="CONJ"/>
		<feat xlink:href="#sSpan3341" value="CPRET"/>
		<feat xlink:href="#sSpan3343" value="PPERS"/>
		<feat xlink:href="#sSpan3345" value="VSTAT"/>
		<feat xlink:href="#sSpan3347" value="PREP"/>
		<feat xlink:href="#sSpan3351" value="ART"/>
		<feat xlink:href="#sSpan3353" value="N"/>
		<feat xlink:href="#sSpan3355" value="PREP"/>
		<feat xlink:href="#sSpan3359" value="ART"/>
		<feat xlink:href="#sSpan3361" value="N"/>
		<feat xlink:href="#sSpan3363" value="EXIST"/>
		<feat xlink:href="#sSpan3367" value="PPERO"/>
		<feat xlink:href="#sSpan3369" value="N"/>
		<feat xlink:href="#sSpan3373" value="PREP"/>
		<feat xlink:href="#sSpan3377" value="N"/>
		<feat xlink:href="#sSpan3379" value="ADV"/>
		<feat xlink:href="#sSpan3383" value="CONJ"/>
		<feat xlink:href="#sSpan3387" value="APST"/>
		<feat xlink:href="#sSpan3391" value="PPERS"/>
		<feat xlink:href="#sSpan3393" value="V"/>
		<feat xlink:href="#sSpan3395" value="N"/>
		<feat xlink:href="#sSpan3397" value="PPERO"/>
		<feat xlink:href="#sSpan3399" value="PREP"/>
		<feat xlink:href="#sSpan3404" value="V"/>
		<feat xlink:href="#sSpan3407" value="PREP"/>
		<feat xlink:href="#sSpan3411" value="PPERO"/>
		<feat xlink:href="#sSpan3413" value="PREP"/>
		<feat xlink:href="#sSpan3417" value="ART"/>
		<feat xlink:href="#sSpan3419" value="N"/>
		<feat xlink:href="#sSpan3421" value="CONJ"/>
		<feat xlink:href="#sSpan3428" value="ADV"/>
		<feat xlink:href="#sSpan3432" value="APREC"/>
		<feat xlink:href="#sSpan3436" value="APST"/>
		<feat xlink:href="#sSpan3438" value="ART"/>
		<feat xlink:href="#sSpan3440" value="N"/>
		<feat xlink:href="#sSpan3442" value="PREP"/>
		<feat xlink:href="#sSpan3446" value="N"/>
		<feat xlink:href="#sSpan3448" value="V"/>
		<feat xlink:href="#sSpan3452" value="APREC"/>
		<feat xlink:href="#sSpan3456" value="APST"/>
		<feat xlink:href="#sSpan3458" value="PPERS"/>
		<feat xlink:href="#sSpan3460" value="V"/>
		<feat xlink:href="#sSpan3462" value="PREP"/>
		<feat xlink:href="#sSpan3466" value="PPERO"/>
		<feat xlink:href="#sSpan3468" value="PTC"/>
		<feat xlink:href="#sSpan3472" value="PPOS"/>
		<feat xlink:href="#sSpan3475" value="N"/>
		<feat xlink:href="#sSpan3477" value="CPRET"/>
		<feat xlink:href="#sSpan3481" value="PPERS"/>
		<feat xlink:href="#sSpan3483" value="V"/>
		<feat xlink:href="#sSpan3485" value="PREP"/>
		<feat xlink:href="#sSpan3489" value="PPERO"/>
		<feat xlink:href="#sSpan3491" value="CONJ"/>
		<feat xlink:href="#sSpan3495" value="ART"/>
		<feat xlink:href="#sSpan3497" value="N"/>
		<feat xlink:href="#sSpan3499" value="ART"/>
		<feat xlink:href="#sSpan3503" value="N"/>
		<feat xlink:href="#sSpan3505" value="COP"/>
		<feat xlink:href="#sSpan3509" value="CONJ"/>
		<feat xlink:href="#sSpan3514" value="ADV"/>
		<feat xlink:href="#sSpan3518" value="ART"/>
		<feat xlink:href="#sSpan3522" value="N"/>
		<feat xlink:href="#sSpan3524" value="APST"/>
		<feat xlink:href="#sSpan3528" value="PPERS"/>
		<feat xlink:href="#sSpan3530" value="V"/>
		<feat xlink:href="#sSpan3532" value="PUNCT"/>
		<feat xlink:href="#sSpan3536" value="V"/>
		<feat xlink:href="#sSpan3542" value="PPERO"/>
		<feat xlink:href="#sSpan3544" value="ADV"/>
		<feat xlink:href="#sSpan3549" value="CONJ"/>
		<feat xlink:href="#sSpan3553" value="ACONJ"/>
		<feat xlink:href="#sSpan3557" value="PPERS"/>
		<feat xlink:href="#sSpan3559" value="V"/>
		<feat xlink:href="#sSpan3561" value="PREP"/>
		<feat xlink:href="#sSpan3565" value="PPERO"/>
		<feat xlink:href="#sSpan3567" value="PREP"/>
		<feat xlink:href="#sSpan3571" value="ART"/>
		<feat xlink:href="#sSpan3573" value="N"/>
		<feat xlink:href="#sSpan3575" value="CREL"/>
		<feat xlink:href="#sSpan3579" value="V"/>
		<feat xlink:href="#sSpan3581" value="PREP"/>
		<feat xlink:href="#sSpan3585" value="ART"/>
		<feat xlink:href="#sSpan3587" value="N"/>
		<feat xlink:href="#sSpan3589" value="ACONJ"/>
		<feat xlink:href="#sSpan3593" value="PPERS"/>
		<feat xlink:href="#sSpan3595" value="V"/>
		<feat xlink:href="#sSpan3597" value="PREP"/>
		<feat xlink:href="#sSpan3601" value="PPERO"/>
		<feat xlink:href="#sSpan3603" value="PREP"/>
		<feat xlink:href="#sSpan3607" value="ART"/>
		<feat xlink:href="#sSpan3609" value="CREL"/>
		<feat xlink:href="#sSpan3611" value="PPERS"/>
		<feat xlink:href="#sSpan3613" value="FUT"/>
		<feat xlink:href="#sSpan3615" value="V"/>
		<feat xlink:href="#sSpan3617" value="PPERO"/>
		<feat xlink:href="#sSpan3619" value="PUNCT"/>
		<feat xlink:href="#sSpan3623" value="PPERI"/>
		<feat xlink:href="#sSpan3630" value="PTC"/>
		<feat xlink:href="#sSpan3634" value="APST"/>
		<feat xlink:href="#sSpan3638" value="PPERS"/>
		<feat xlink:href="#sSpan3641" value="V"/>
		<feat xlink:href="#sSpan3644" value="VBD"/>
		<feat xlink:href="#sSpan3648" value="PPERS"/>
		<feat xlink:href="#sSpan3650" value="PREP"/>
		<feat xlink:href="#sSpan3654" value="PPERO"/>
		<feat xlink:href="#sSpan3656" value="CONJ"/>
		<feat xlink:href="#sSpan3660" value="VIMP"/>
		<feat xlink:href="#sSpan3662" value="PREP"/>
		<feat xlink:href="#sSpan3666" value="PPERO"/>
		<feat xlink:href="#sSpan3668" value="PPERI"/>
		<feat xlink:href="#sSpan3672" value="AJUS"/>
		<feat xlink:href="#sSpan3676" value="PPERS"/>
		<feat xlink:href="#sSpan3678" value="V"/>
		<feat xlink:href="#sSpan3680" value="CONJ"/>
		<feat xlink:href="#sSpan3684" value="VBD"/>
		<feat xlink:href="#sSpan3688" value="PPERS"/>
		<feat xlink:href="#sSpan3690" value="PREP"/>
		<feat xlink:href="#sSpan3694" value="PPERO"/>
		<feat xlink:href="#sSpan3696" value="CONJ"/>
		<feat xlink:href="#sSpan3700" value="PPERS"/>
		<feat xlink:href="#sSpan3702" value="FUT"/>
		<feat xlink:href="#sSpan3704" value="V"/>
		<feat xlink:href="#sSpan3706" value="PREP"/>
		<feat xlink:href="#sSpan3710" value="PPERO"/>
		<feat xlink:href="#sSpan3712" value="ACONJ"/>
		<feat xlink:href="#sSpan3716" value="PPERS"/>
		<feat xlink:href="#sSpan3718" value="V"/>
		<feat xlink:href="#sSpan3720" value="NUM"/>
		<feat xlink:href="#sSpan3724" value="PREP"/>
		<feat xlink:href="#sSpan3729" value="N"/>
		<feat xlink:href="#sSpan3731" value="PREP"/>
		<feat xlink:href="#sSpan3735" value="N"/>
		<feat xlink:href="#sSpan3737" value="CONJ"/>
		<feat xlink:href="#sSpan3741" value="ACONJ"/>
		<feat xlink:href="#sSpan3745" value="PPERS"/>
		<feat xlink:href="#sSpan3747" value="V"/>
		<feat xlink:href="#sSpan3749" value="PREP"/>
		<feat xlink:href="#sSpan3753" value="PPERO"/>
		<feat xlink:href="#sSpan3755" value="PREP"/>
		<feat xlink:href="#sSpan3759" value="V"/>
		<feat xlink:href="#sSpan3761" value="PUNCT"/>
		<feat xlink:href="#sSpan3765" value="PPERI"/>
		<feat xlink:href="#sSpan3772" value="PTC"/>
		<feat xlink:href="#sSpan3776" value="VBD"/>
		<feat xlink:href="#sSpan3780" value="PPERS"/>
		<feat xlink:href="#sSpan3782" value="PREP"/>
		<feat xlink:href="#sSpan3786" value="PPERO"/>
		<feat xlink:href="#sSpan3788" value="CONJ"/>
		<feat xlink:href="#sSpan3792" value="EXIST"/>
		<feat xlink:href="#sSpan3794" value="PINT"/>
		<feat xlink:href="#sSpan3798" value="PREP"/>
		<feat xlink:href="#sSpan3802" value="N"/>
		<feat xlink:href="#sSpan3804" value="PREP"/>
		<feat xlink:href="#sSpan3808" value="PPERO"/>
		<feat xlink:href="#sSpan3810" value="VIMP"/>
		<feat xlink:href="#sSpan3814" value="PREP"/>
		<feat xlink:href="#sSpan3818" value="PPERO"/>
		<feat xlink:href="#sSpan3820" value="VIMP"/>
		<feat xlink:href="#sSpan3824" value="CONJ"/>
		<feat xlink:href="#sSpan3828" value="APREC"/>
		<feat xlink:href="#sSpan3832" value="APST"/>
		<feat xlink:href="#sSpan3834" value="PPERS"/>
		<feat xlink:href="#sSpan3836" value="V"/>
		<feat xlink:href="#sSpan3838" value="VBD"/>
		<feat xlink:href="#sSpan3842" value="PPERS"/>
		<feat xlink:href="#sSpan3844" value="CONJ"/>
		<feat xlink:href="#sSpan3848" value="NUM"/>
		<feat xlink:href="#sSpan3850" value="PREP"/>
		<feat xlink:href="#sSpan3854" value="N"/>
		<feat xlink:href="#sSpan3856" value="PREP"/>
		<feat xlink:href="#sSpan3860" value="N"/>
		<feat xlink:href="#sSpan3862" value="NUM"/>
		<feat xlink:href="#sSpan3866" value="PUNCT"/>
		<feat xlink:href="#sSpan3870" value="CONJ"/>
		<feat xlink:href="#sSpan3876" value="APST"/>
		<feat xlink:href="#sSpan3880" value="PPERS"/>
		<feat xlink:href="#sSpan3883" value="V"/>
		<feat xlink:href="#sSpan3886" value="PREP"/>
		<feat xlink:href="#sSpan3890" value="PPERO"/>
		<feat xlink:href="#sSpan3892" value="ACONJ"/>
		<feat xlink:href="#sSpan3896" value="PPERS"/>
		<feat xlink:href="#sSpan3898" value="V"/>
		<feat xlink:href="#sSpan3900" value="PREP"/>
		<feat xlink:href="#sSpan3905" value="N"/>
		<feat xlink:href="#sSpan3908" value="N"/>
		<feat xlink:href="#sSpan3912" value="PREP"/>
		<feat xlink:href="#sSpan3916" value="ART"/>
		<feat xlink:href="#sSpan3918" value="N"/>
		<feat xlink:href="#sSpan3920" value="CREL"/>
		<feat xlink:href="#sSpan3924" value="V"/>
		<feat xlink:href="#sSpan3926" value="CONJ"/>
		<feat xlink:href="#sSpan3932" value="APST"/>
		<feat xlink:href="#sSpan3936" value="PPERS"/>
		<feat xlink:href="#sSpan3938" value="V"/>
		<feat xlink:href="#sSpan3940" value="IMOD"/>
		<feat xlink:href="#sSpan3944" value="PPERO"/>
		<feat xlink:href="#sSpan3946" value="PREP"/>
		<feat xlink:href="#sSpan3950" value="N"/>
		<feat xlink:href="#sSpan3952" value="V"/>
		<feat xlink:href="#sSpan3957" value="PREP"/>
		<feat xlink:href="#sSpan3961" value="NUM"/>
		<feat xlink:href="#sSpan3963" value="NUM"/>
		<feat xlink:href="#sSpan3967" value="PREP"/>
		<feat xlink:href="#sSpan3972" value="PREP"/>
		<feat xlink:href="#sSpan3974" value="NUM"/>
		<feat xlink:href="#sSpan3976" value="NUM"/>
		<feat xlink:href="#sSpan3980" value="PUNCT"/>
		<feat xlink:href="#sSpan3984" value="CONJ"/>
		<feat xlink:href="#sSpan3990" value="APREC"/>
		<feat xlink:href="#sSpan3994" value="APST"/>
		<feat xlink:href="#sSpan3996" value="PPERS"/>
		<feat xlink:href="#sSpan3998" value="V"/>
		<feat xlink:href="#sSpan4000" value="PREP"/>
		<feat xlink:href="#sSpan4004" value="ART"/>
		<feat xlink:href="#sSpan4006" value="NUM"/>
		<feat xlink:href="#sSpan4008" value="PREP"/>
		<feat xlink:href="#sSpan4012" value="N"/>
		<feat xlink:href="#sSpan4014" value="PREP"/>
		<feat xlink:href="#sSpan4018" value="ART"/>
		<feat xlink:href="#sSpan4020" value="N"/>
		<feat xlink:href="#sSpan4022" value="NUM"/>
		<feat xlink:href="#sSpan4026" value="APST"/>
		<feat xlink:href="#sSpan4030" value="PPERS"/>
		<feat xlink:href="#sSpan4032" value="V"/>
		<feat xlink:href="#sSpan4034" value="PREP"/>
		<feat xlink:href="#sSpan4038" value="ART"/>
		<feat xlink:href="#sSpan4040" value="N"/>
		<feat xlink:href="#sSpan4042" value="CONJ"/>
		<feat xlink:href="#sSpan4046" value="APST"/>
		<feat xlink:href="#sSpan4050" value="PPERS"/>
		<feat xlink:href="#sSpan4052" value="V"/>
		<feat xlink:href="#sSpan4054" value="CONJ"/>
		<feat xlink:href="#sSpan4058" value="APST"/>
		<feat xlink:href="#sSpan4062" value="PPERS"/>
		<feat xlink:href="#sSpan4064" value="V"/>
		<feat xlink:href="#sSpan4066" value="PREP"/>
		<feat xlink:href="#sSpan4070" value="ART"/>
		<feat xlink:href="#sSpan4072" value="N"/>
		<feat xlink:href="#sSpan4074" value="CONJ"/>
		<feat xlink:href="#sSpan4078" value="APST"/>
		<feat xlink:href="#sSpan4082" value="PPERS"/>
		<feat xlink:href="#sSpan4084" value="V"/>
		<feat xlink:href="#sSpan4086" value="PREP"/>
		<feat xlink:href="#sSpan4090" value="ART"/>
		<feat xlink:href="#sSpan4093" value="N"/>
		<feat xlink:href="#sSpan4096" value="CONJ"/>
		<feat xlink:href="#sSpan4100" value="ACONJ"/>
		<feat xlink:href="#sSpan4104" value="PPERS"/>
		<feat xlink:href="#sSpan4106" value="V"/>
		<feat xlink:href="#sSpan4108" value="PREP"/>
		<feat xlink:href="#sSpan4112" value="PPERO"/>
		<feat xlink:href="#sSpan4114" value="PREP"/>
		<feat xlink:href="#sSpan4118" value="ART"/>
		<feat xlink:href="#sSpan4120" value="ART"/>
		<feat xlink:href="#sSpan4122" value="N"/>
		<feat xlink:href="#sSpan4124" value="NUM"/>
		<feat xlink:href="#sSpan4128" value="APST"/>
		<feat xlink:href="#sSpan4132" value="PPERS"/>
		<feat xlink:href="#sSpan4134" value="V"/>
		<feat xlink:href="#sSpan4136" value="PPERO"/>
		<feat xlink:href="#sSpan4138" value="PREP"/>
		<feat xlink:href="#sSpan4142" value="PPERO"/>
		<feat xlink:href="#sSpan4144" value="IMOD"/>
		<feat xlink:href="#sSpan4148" value="PPERO"/>
		<feat xlink:href="#sSpan4150" value="CONJ"/>
		<feat xlink:href="#sSpan4156" value="APST"/>
		<feat xlink:href="#sSpan4160" value="PPERS"/>
		<feat xlink:href="#sSpan4162" value="V"/>
		<feat xlink:href="#sSpan4164" value="IMOD"/>
		<feat xlink:href="#sSpan4168" value="PPERO"/>
		<feat xlink:href="#sSpan4170" value="CONJ"/>
		<feat xlink:href="#sSpan4174" value="APST"/>
		<feat xlink:href="#sSpan4178" value="PPERS"/>
		<feat xlink:href="#sSpan4180" value="V"/>
		<feat xlink:href="#sSpan4182" value="PUNCT"/>
		<feat xlink:href="#sSpan4186" value="CONJ"/>
		<feat xlink:href="#sSpan4192" value="APST"/>
		<feat xlink:href="#sSpan4196" value="PPERS"/>
		<feat xlink:href="#sSpan4198" value="V"/>
		<feat xlink:href="#sSpan4200" value="PREP"/>
		<feat xlink:href="#sSpan4204" value="NUM"/>
		<feat xlink:href="#sSpan4206" value="PREP"/>
		<feat xlink:href="#sSpan4210" value="N"/>
		<feat xlink:href="#sSpan4212" value="PREP"/>
		<feat xlink:href="#sSpan4216" value="N"/>
		<feat xlink:href="#sSpan4218" value="CCIRC"/>
		<feat xlink:href="#sSpan4222" value="PPERS"/>
		<feat xlink:href="#sSpan4224" value="VSTAT"/>
		<feat xlink:href="#sSpan4226" value="PREP"/>
		<feat xlink:href="#sSpan4230" value="ADV"/>
		<feat xlink:href="#sSpan4232" value="PREP"/>
		<feat xlink:href="#sSpan4236" value="ART"/>
		<feat xlink:href="#sSpan4238" value="ART"/>
		<feat xlink:href="#sSpan4240" value="N"/>
		<feat xlink:href="#sSpan4242" value="PUNCT"/>
		<feat xlink:href="#sSpan4246" value="CONJ"/>
		<feat xlink:href="#sSpan4252" value="PDEM"/>
		<feat xlink:href="#sSpan4256" value="CCIRC"/>
		<feat xlink:href="#sSpan4260" value="CPRET"/>
		<feat xlink:href="#sSpan4262" value="PPERS"/>
		<feat xlink:href="#sSpan4264" value="V"/>
		<feat xlink:href="#sSpan4266" value="PREP"/>
		<feat xlink:href="#sSpan4270" value="ART"/>
		<feat xlink:href="#sSpan4272" value="N"/>
		<feat xlink:href="#sSpan4274" value="CPRET"/>
		<feat xlink:href="#sSpan4278" value="PPERS"/>
		<feat xlink:href="#sSpan4280" value="V"/>
		<feat xlink:href="#sSpan4282" value="PREP"/>
		<feat xlink:href="#sSpan4284" value="NUM"/>
		<feat xlink:href="#sSpan4286" value="PREP"/>
		<feat xlink:href="#sSpan4290" value="N"/>
		<feat xlink:href="#sSpan4292" value="PUNCT"/>
		<feat xlink:href="#sSpan4296" value="CONJ"/>
		<feat xlink:href="#sSpan4302" value="IMOD"/>
		<feat xlink:href="#sSpan4306" value="PPERO"/>
		<feat xlink:href="#sSpan4308" value="APST"/>
		<feat xlink:href="#sSpan4312" value="PPERS"/>
		<feat xlink:href="#sSpan4315" value="V"/>
		<feat xlink:href="#sSpan4318" value="PREP"/>
		<feat xlink:href="#sSpan4322" value="PPOS"/>
		<feat xlink:href="#sSpan4325" value="N"/>
		<feat xlink:href="#sSpan4327" value="PREP"/>
		<feat xlink:href="#sSpan4331" value="V"/>
		<feat xlink:href="#sSpan4333" value="PREP"/>
		<feat xlink:href="#sSpan4337" value="ART"/>
		<feat xlink:href="#sSpan4339" value="N"/>
		<feat xlink:href="#sSpan4341" value="CONJ"/>
		<feat xlink:href="#sSpan4345" value="ACONJ"/>
		<feat xlink:href="#sSpan4349" value="PPERS"/>
		<feat xlink:href="#sSpan4351" value="V"/>
		<feat xlink:href="#sSpan4353" value="PREP"/>
		<feat xlink:href="#sSpan4357" value="PPERO"/>
		<feat xlink:href="#sSpan4359" value="PREP"/>
		<feat xlink:href="#sSpan4363" value="N"/>
		<feat xlink:href="#sSpan4365" value="PREP"/>
		<feat xlink:href="#sSpan4370" value="NPROP"/>
		<feat xlink:href="#sSpan4372" value="ALIM"/>
		<feat xlink:href="#sSpan4376" value="PPERS"/>
		<feat xlink:href="#sSpan4378" value="V"/>
		<feat xlink:href="#sSpan4380" value="ART"/>
		<feat xlink:href="#sSpan4382" value="N"/>
		<feat xlink:href="#sSpan4384" value="ADV"/>
		<feat xlink:href="#sSpan4388" value="PUNCT"/>
		<feat xlink:href="#sSpan4392" value="CONJ"/>
		<feat xlink:href="#sSpan4398" value="APREC"/>
		<feat xlink:href="#sSpan4402" value="APST"/>
		<feat xlink:href="#sSpan4404" value="PPERS"/>
		<feat xlink:href="#sSpan4407" value="V"/>
		<feat xlink:href="#sSpan4411" value="PREP"/>
		<feat xlink:href="#sSpan4415" value="PPERO"/>
		<feat xlink:href="#sSpan4417" value="APST"/>
		<feat xlink:href="#sSpan4421" value="PPERS"/>
		<feat xlink:href="#sSpan4423" value="V"/>
		<feat xlink:href="#sSpan4425" value="PREP"/>
		<feat xlink:href="#sSpan4429" value="PPERO"/>
		<feat xlink:href="#sSpan4431" value="PREP"/>
		<feat xlink:href="#sSpan4435" value="ART"/>
		<feat xlink:href="#sSpan4437" value="N"/>
		<feat xlink:href="#sSpan4439" value="PREP"/>
		<feat xlink:href="#sSpan4444" value="V"/>
		<feat xlink:href="#sSpan4447" value="PUNCT"/>
		<feat xlink:href="#sSpan4451" value="CONJ"/>
		<feat xlink:href="#sSpan4457" value="APREC"/>
		<feat xlink:href="#sSpan4461" value="APST"/>
		<feat xlink:href="#sSpan4463" value="N"/>
		<feat xlink:href="#sSpan4465" value="V"/>
		<feat xlink:href="#sSpan4469" value="CPRET"/>
		<feat xlink:href="#sSpan4473" value="ART"/>
		<feat xlink:href="#sSpan4475" value="N"/>
		<feat xlink:href="#sSpan4477" value="PREP"/>
		<feat xlink:href="#sSpan4481" value="ART"/>
		<feat xlink:href="#sSpan4483" value="N"/>
		<feat xlink:href="#sSpan4485" value="PREP"/>
		<feat xlink:href="#sSpan4489" value="ART"/>
		<feat xlink:href="#sSpan4491" value="N"/>
		<feat xlink:href="#sSpan4493" value="CONJ"/>
		<feat xlink:href="#sSpan4497" value="PPERI"/>
		<feat xlink:href="#sSpan4501" value="IMOD"/>
		<feat xlink:href="#sSpan4505" value="PPERO"/>
		<feat xlink:href="#sSpan4507" value="CPRET"/>
		<feat xlink:href="#sSpan4511" value="PPERS"/>
		<feat xlink:href="#sSpan4513" value="VSTAT"/>
		<feat xlink:href="#sSpan4515" value="PREP"/>
		<feat xlink:href="#sSpan4519" value="ART"/>
		<feat xlink:href="#sSpan4521" value="N"/>
		<feat xlink:href="#sSpan4523" value="PUNCT"/>
		<feat xlink:href="#sSpan4527" value="CONJ"/>
		<feat xlink:href="#sSpan4533" value="APREC"/>
		<feat xlink:href="#sSpan4537" value="APST"/>
		<feat xlink:href="#sSpan4539" value="PPERS"/>
		<feat xlink:href="#sSpan4541" value="V"/>
		<feat xlink:href="#sSpan4543" value="PREP"/>
		<feat xlink:href="#sSpan4547" value="PPERO"/>
		<feat xlink:href="#sSpan4549" value="CCIRC"/>
		<feat xlink:href="#sSpan4553" value="PPERS"/>
		<feat xlink:href="#sSpan4555" value="VSTAT"/>
		<feat xlink:href="#sSpan4557" value="PREP"/>
		<feat xlink:href="#sSpan4561" value="ART"/>
		<feat xlink:href="#sSpan4564" value="N"/>
		<feat xlink:href="#sSpan4568" value="PREP"/>
		<feat xlink:href="#sSpan4572" value="ART"/>
		<feat xlink:href="#sSpan4574" value="N"/>
		<feat xlink:href="#sSpan4577" value="PTC"/>
		<feat xlink:href="#sSpan4581" value="ADV"/>
		<feat xlink:href="#sSpan4585" value="PREP"/>
		<feat xlink:href="#sSpan4589" value="ART"/>
		<feat xlink:href="#sSpan4591" value="COP"/>
		<feat xlink:href="#sSpan4595" value="ADV"/>
		<feat xlink:href="#sSpan4600" value="PTC"/>
		<feat xlink:href="#sSpan4604" value="PREP"/>
		<feat xlink:href="#sSpan4608" value="ART"/>
		<feat xlink:href="#sSpan4611" value="N"/>
		<feat xlink:href="#sSpan4614" value="PREP"/>
		<feat xlink:href="#sSpan4618" value="N"/>
		<feat xlink:href="#sSpan4620" value="PREP"/>
		<feat xlink:href="#sSpan4624" value="ART"/>
		<feat xlink:href="#sSpan4626" value="N"/>
		<feat xlink:href="#sSpan4628" value="APST"/>
		<feat xlink:href="#sSpan4632" value="PPERS"/>
		<feat xlink:href="#sSpan4634" value="V"/>
		<feat xlink:href="#sSpan4636" value="PREP"/>
		<feat xlink:href="#sSpan4640" value="PPERO"/>
		<feat xlink:href="#sSpan4642" value="CCIRC"/>
		<feat xlink:href="#sSpan4646" value="PPERS"/>
		<feat xlink:href="#sSpan4648" value="V"/>
		<feat xlink:href="#sSpan4650" value="PREP"/>
		<feat xlink:href="#sSpan4654" value="ART"/>
		<feat xlink:href="#sSpan4656" value="N"/>
		<feat xlink:href="#sSpan4658" value="CONJ"/>
		<feat xlink:href="#sSpan4662" value="CPRET"/>
		<feat xlink:href="#sSpan4666" value="PPERS"/>
		<feat xlink:href="#sSpan4668" value="V"/>
		<feat xlink:href="#sSpan4670" value="PREP"/>
		<feat xlink:href="#sSpan4674" value="V"/>
		<feat xlink:href="#sSpan4676" value="PPERO"/>
		<feat xlink:href="#sSpan4678" value="COP"/>
		<feat xlink:href="#sSpan4682" value="PUNCT"/>
		<feat xlink:href="#sSpan4686" value="PPERI"/>
		<feat xlink:href="#sSpan4693" value="PTC"/>
		<feat xlink:href="#sSpan4697" value="APREC"/>
		<feat xlink:href="#sSpan4701" value="APST"/>
		<feat xlink:href="#sSpan4703" value="PPERS"/>
		<feat xlink:href="#sSpan4705" value="V"/>
		<feat xlink:href="#sSpan4707" value="PREP"/>
		<feat xlink:href="#sSpan4711" value="PPERO"/>
		<feat xlink:href="#sSpan4713" value="CCIRC"/>
		<feat xlink:href="#sSpan4717" value="PPERS"/>
		<feat xlink:href="#sSpan4719" value="V"/>
		<feat xlink:href="#sSpan4721" value="PREP"/>
		<feat xlink:href="#sSpan4725" value="ART"/>
		<feat xlink:href="#sSpan4727" value="N"/>
		<feat xlink:href="#sSpan4729" value="CPRET"/>
		<feat xlink:href="#sSpan4733" value="PPERS"/>
		<feat xlink:href="#sSpan4735" value="V"/>
		<feat xlink:href="#sSpan4737" value="CONJ"/>
		<feat xlink:href="#sSpan4741" value="ART"/>
		<feat xlink:href="#sSpan4743" value="N"/>
		<feat xlink:href="#sSpan4745" value="COP"/>
		<feat xlink:href="#sSpan4749" value="CONJ"/>
		<feat xlink:href="#sSpan4753" value="APST"/>
		<feat xlink:href="#sSpan4757" value="PPERS"/>
		<feat xlink:href="#sSpan4759" value="V"/>
		<feat xlink:href="#sSpan4762" value="ADV"/>
		<feat xlink:href="#sSpan4766" value="CPRET"/>
		<feat xlink:href="#sSpan4772" value="APST"/>
		<feat xlink:href="#sSpan4774" value="PPERS"/>
		<feat xlink:href="#sSpan4776" value="V"/>
		<feat xlink:href="#sSpan4779" value="PTC"/>
		<feat xlink:href="#sSpan4783" value="PREP"/>
		<feat xlink:href="#sSpan4787" value="PPERO"/>
		<feat xlink:href="#sSpan4789" value="IMOD"/>
		<feat xlink:href="#sSpan4793" value="PPERO"/>
		<feat xlink:href="#sSpan4795" value="COP"/>
		<feat xlink:href="#sSpan4799" value="CONJ"/>
		<feat xlink:href="#sSpan4803" value="APST"/>
		<feat xlink:href="#sSpan4807" value="PPERS"/>
		<feat xlink:href="#sSpan4809" value="V"/>
		<feat xlink:href="#sSpan4811" value="PPERI"/>
		<feat xlink:href="#sSpan4816" value="PTC"/>
		<feat xlink:href="#sSpan4820" value="IMOD"/>
		<feat xlink:href="#sSpan4824" value="PPERO"/>
		<feat xlink:href="#sSpan4826" value="APST"/>
		<feat xlink:href="#sSpan4830" value="PPERS"/>
		<feat xlink:href="#sSpan4832" value="V"/>
		<feat xlink:href="#sSpan4834" value="PREP"/>
		<feat xlink:href="#sSpan4838" value="PPERO"/>
		<feat xlink:href="#sSpan4840" value="CONJ"/>
		<feat xlink:href="#sSpan4844" value="VBD"/>
		<feat xlink:href="#sSpan4848" value="PPERS"/>
		<feat xlink:href="#sSpan4850" value="PREP"/>
		<feat xlink:href="#sSpan4854" value="PPERO"/>
		<feat xlink:href="#sSpan4856" value="CONJ"/>
		<feat xlink:href="#sSpan4861" value="N"/>
		<feat xlink:href="#sSpan4864" value="PPERI"/>
		<feat xlink:href="#sSpan4868" value="COP"/>
		<feat xlink:href="#sSpan4872" value="NEG"/>
		<feat xlink:href="#sSpan4877" value="V"/>
		<feat xlink:href="#sSpan4880" value="CONJ"/>
		<feat xlink:href="#sSpan4886" value="APST"/>
		<feat xlink:href="#sSpan4890" value="PPERS"/>
		<feat xlink:href="#sSpan4892" value="V"/>
		<feat xlink:href="#sSpan4894" value="PREP"/>
		<feat xlink:href="#sSpan4898" value="ART"/>
		<feat xlink:href="#sSpan4900" value="N"/>
		<feat xlink:href="#sSpan4902" value="PREP"/>
		<feat xlink:href="#sSpan4906" value="PPERO"/>
		<feat xlink:href="#sSpan4908" value="CONJ"/>
		<feat xlink:href="#sSpan4912" value="APST"/>
		<feat xlink:href="#sSpan4916" value="PPERS"/>
		<feat xlink:href="#sSpan4918" value="V"/>
		<feat xlink:href="#sSpan4920" value="PTC"/>
		<feat xlink:href="#sSpan4924" value="ART"/>
		<feat xlink:href="#sSpan4926" value="N"/>
		<feat xlink:href="#sSpan4928" value="CONJ"/>
		<feat xlink:href="#sSpan4932" value="CPRET"/>
		<feat xlink:href="#sSpan4936" value="PPERS"/>
		<feat xlink:href="#sSpan4938" value="V"/>
		<feat xlink:href="#sSpan4940" value="ADV"/>
		<feat xlink:href="#sSpan4944" value="COP"/>
		<feat xlink:href="#sSpan4948" value="ADV"/>
		<feat xlink:href="#sSpan4952" value="PREP"/>
		<feat xlink:href="#sSpan4956" value="ART"/>
		<feat xlink:href="#sSpan4958" value="FM"/>
		<feat xlink:href="#sSpan4965" value="PTC"/>
		<feat xlink:href="#sSpan4969" value="ANEGPST"/>
		<feat xlink:href="#sSpan4973" value="PPERS"/>
		<feat xlink:href="#sSpan4975" value="V"/>
		<feat xlink:href="#sSpan4977" value="PREP"/>
		<feat xlink:href="#sSpan4981" value="ART"/>
		<feat xlink:href="#sSpan4983" value="N"/>
		<feat xlink:href="#sSpan4986" value="CONJ"/>
		<feat xlink:href="#sSpan4990" value="CPRET"/>
		<feat xlink:href="#sSpan4994" value="PPOS"/>
		<feat xlink:href="#sSpan4996" value="N"/>
		<feat xlink:href="#sSpan4998" value="VSTAT"/>
		<feat xlink:href="#sSpan5002" value="COP"/>
		<feat xlink:href="#sSpan5006" value="CONJ"/>
		<feat xlink:href="#sSpan5012" value="APREC"/>
		<feat xlink:href="#sSpan5016" value="APST"/>
		<feat xlink:href="#sSpan5018" value="PPERS"/>
		<feat xlink:href="#sSpan5021" value="V"/>
		<feat xlink:href="#sSpan5026" value="PREP"/>
		<feat xlink:href="#sSpan5030" value="N"/>
		<feat xlink:href="#sSpan5032" value="APST"/>
		<feat xlink:href="#sSpan5036" value="PPERS"/>
		<feat xlink:href="#sSpan5038" value="V"/>
		<feat xlink:href="#sSpan5040" value="PREP"/>
		<feat xlink:href="#sSpan5045" value="NPROP"/>
		<feat xlink:href="#sSpan5047" value="CONJ"/>
		<feat xlink:href="#sSpan5051" value="APST"/>
		<feat xlink:href="#sSpan5055" value="PPERS"/>
		<feat xlink:href="#sSpan5057" value="V"/>
		<feat xlink:href="#sSpan5059" value="CONJ"/>
		<feat xlink:href="#sSpan5065" value="APREC"/>
		<feat xlink:href="#sSpan5069" value="APST"/>
		<feat xlink:href="#sSpan5071" value="PPERS"/>
		<feat xlink:href="#sSpan5073" value="V"/>
		<feat xlink:href="#sSpan5075" value="ADV"/>
		<feat xlink:href="#sSpan5079" value="ADV"/>
		<feat xlink:href="#sSpan5083" value="PREP"/>
		<feat xlink:href="#sSpan5087" value="ART"/>
		<feat xlink:href="#sSpan5089" value="N"/>
		<feat xlink:href="#sSpan5091" value="APST"/>
		<feat xlink:href="#sSpan5095" value="PPERS"/>
		<feat xlink:href="#sSpan5097" value="V"/>
		<feat xlink:href="#sSpan5099" value="PPERO"/>
		<feat xlink:href="#sSpan5101" value="IMOD"/>
		<feat xlink:href="#sSpan5105" value="PPERO"/>
		<feat xlink:href="#sSpan5107" value="APST"/>
		<feat xlink:href="#sSpan5113" value="PPERS"/>
		<feat xlink:href="#sSpan5115" value="V"/>
		<feat xlink:href="#sSpan5117" value="PREP"/>
		<feat xlink:href="#sSpan5121" value="ART"/>
		<feat xlink:href="#sSpan5124" value="N"/>
		<feat xlink:href="#sSpan5126" value="IMOD"/>
		<feat xlink:href="#sSpan5130" value="PPERO"/>
		<feat xlink:href="#sSpan5132" value="CREL"/>
		<feat xlink:href="#sSpan5136" value="ADV"/>
		<feat xlink:href="#sSpan5138" value="CONJ"/>
		<feat xlink:href="#sSpan5142" value="APST"/>
		<feat xlink:href="#sSpan5146" value="PPERS"/>
		<feat xlink:href="#sSpan5148" value="V"/>
		<feat xlink:href="#sSpan5150" value="N"/>
		<feat xlink:href="#sSpan5152" value="PPERO"/>
		<feat xlink:href="#sSpan5154" value="PREP"/>
		<feat xlink:href="#sSpan5158" value="V"/>
		<feat xlink:href="#sSpan5160" value="PREP"/>
		<feat xlink:href="#sSpan5164" value="PDEM"/>
		<feat xlink:href="#sSpan5166" value="CREL"/>
		<feat xlink:href="#sSpan5170" value="VSTAT"/>
		<feat xlink:href="#sSpan5172" value="PREP"/>
		<feat xlink:href="#sSpan5176" value="ART"/>
		<feat xlink:href="#sSpan5178" value="N"/>
		<feat xlink:href="#sSpan5180" value="PREP"/>
		<feat xlink:href="#sSpan5184" value="ART"/>
		<feat xlink:href="#sSpan5186" value="N"/>
		<feat xlink:href="#sSpan5188" value="CCIRC"/>
		<feat xlink:href="#sSpan5192" value="AAOR"/>
		<feat xlink:href="#sSpan5194" value="PPERS"/>
		<feat xlink:href="#sSpan5196" value="V"/>
		<feat xlink:href="#sSpan5198" value="CONJ"/>
		<feat xlink:href="#sSpan5202" value="PPERS"/>
		<feat xlink:href="#sSpan5204" value="V"/>
		<feat xlink:href="#sSpan5206" value="PUNCT"/>
		<feat xlink:href="#sSpan5210" value="CONJ"/>
		<feat xlink:href="#sSpan5216" value="ART"/>
		<feat xlink:href="#sSpan5220" value="N"/>
		<feat xlink:href="#sSpan5222" value="CCIRC"/>
		<feat xlink:href="#sSpan5226" value="AAOR"/>
		<feat xlink:href="#sSpan5228" value="PPERS"/>
		<feat xlink:href="#sSpan5230" value="V"/>
		<feat xlink:href="#sSpan5232" value="PREP"/>
		<feat xlink:href="#sSpan5236" value="PPERO"/>
		<feat xlink:href="#sSpan5238" value="ADV"/>
		<feat xlink:href="#sSpan5242" value="PREP"/>
		<feat xlink:href="#sSpan5246" value="PPERO"/>
		<feat xlink:href="#sSpan5248" value="PREP"/>
		<feat xlink:href="#sSpan5252" value="ART"/>
		<feat xlink:href="#sSpan5254" value="N"/>
		<feat xlink:href="#sSpan5256" value="CONJ"/>
		<feat xlink:href="#sSpan5260" value="ART"/>
		<feat xlink:href="#sSpan5264" value="N"/>
		<feat xlink:href="#sSpan5266" value="CONJ"/>
		<feat xlink:href="#sSpan5270" value="ART"/>
		<feat xlink:href="#sSpan5274" value="N"/>
		<feat xlink:href="#sSpan5276" value="CPRET"/>
		<feat xlink:href="#sSpan5280" value="PPERS"/>
		<feat xlink:href="#sSpan5282" value="V"/>
		<feat xlink:href="#sSpan5284" value="PREP"/>
		<feat xlink:href="#sSpan5288" value="PDEM"/>
		<feat xlink:href="#sSpan5290" value="CREL"/>
		<feat xlink:href="#sSpan5294" value="V"/>
		<feat xlink:href="#sSpan5296" value="PREP"/>
		<feat xlink:href="#sSpan5300" value="ART"/>
		<feat xlink:href="#sSpan5303" value="N"/>
		<feat xlink:href="#sSpan5305" value="CONJ"/>
		<feat xlink:href="#sSpan5309" value="CPRET"/>
		<feat xlink:href="#sSpan5313" value="PPERS"/>
		<feat xlink:href="#sSpan5316" value="V"/>
		<feat xlink:href="#sSpan5319" value="PREP"/>
		<feat xlink:href="#sSpan5323" value="PPERO"/>
		<feat xlink:href="#sSpan5326" value="CONJ"/>
		<feat xlink:href="#sSpan5331" value="CONJ"/>
		<feat xlink:href="#sSpan5335" value="ACONJ"/>
		<feat xlink:href="#sSpan5339" value="PPERS"/>
		<feat xlink:href="#sSpan5341" value="V"/>
		<feat xlink:href="#sSpan5343" value="PREP"/>
		<feat xlink:href="#sSpan5347" value="ART"/>
		<feat xlink:href="#sSpan5349" value="N"/>
		<feat xlink:href="#sSpan5351" value="PREP"/>
		<feat xlink:href="#sSpan5355" value="PPOS"/>
		<feat xlink:href="#sSpan5357" value="N"/>
		<feat xlink:href="#sSpan5359" value="CONJ"/>
		<feat xlink:href="#sSpan5363" value="N"/>
		<feat xlink:href="#sSpan5367" value="PINT"/>
		<feat xlink:href="#sSpan5371" value="CCIRC"/>
		<feat xlink:href="#sSpan5375" value="AAOR"/>
		<feat xlink:href="#sSpan5377" value="PPERS"/>
		<feat xlink:href="#sSpan5379" value="V"/>
		<feat xlink:href="#sSpan5381" value="PREP"/>
		<feat xlink:href="#sSpan5385" value="PPERO"/>
		<feat xlink:href="#sSpan5387" value="AAOR"/>
		<feat xlink:href="#sSpan5391" value="PPERS"/>
		<feat xlink:href="#sSpan5393" value="V"/>
		<feat xlink:href="#sSpan5395" value="PUNCT"/></featList></paula>