<?xml version='1.0' encoding='UTF-8'?><!DOCTYPE paula SYSTEM "paula_feat.dtd">
<paula version="1.1">
	<header paula_id="scriptorium.bohairic.Mark_06.mark_new_sent"/>
	<featList xmlns:xlink="http://www.w3.org/1999/xlink" type="new_sent" xml:base="scriptorium.bohairic.Mark_06.mark.xml">
		<feat xlink:href="#sSpan1" value="true"/>
		<feat xlink:href="#sSpan72" value="true"/>
		<feat xlink:href="#sSpan264" value="true"/>
		<feat xlink:href="#sSpan396" value="true"/>
		<feat xlink:href="#sSpan483" value="true"/>
		<feat xlink:href="#sSpan584" value="true"/>
		<feat xlink:href="#sSpan651" value="true"/>
		<feat xlink:href="#sSpan744" value="true"/>
		<feat xlink:href="#sSpan844" value="true"/>
		<feat xlink:href="#sSpan897" value="true"/>
		<feat xlink:href="#sSpan983" value="true"/>
		<feat xlink:href="#sSpan1110" value="true"/>
		<feat xlink:href="#sSpan1156" value="true"/>
		<feat xlink:href="#sSpan1243" value="true"/>
		<feat xlink:href="#sSpan1385" value="true"/>
		<feat xlink:href="#sSpan1491" value="true"/>
		<feat xlink:href="#sSpan1581" value="true"/>
		<feat xlink:href="#sSpan1684" value="true"/>
		<feat xlink:href="#sSpan1764" value="true"/>
		<feat xlink:href="#sSpan1840" value="true"/>
		<feat xlink:href="#sSpan2016" value="true"/>
		<feat xlink:href="#sSpan2116" value="true"/>
		<feat xlink:href="#sSpan2270" value="true"/>
		<feat xlink:href="#sSpan2351" value="true"/>
		<feat xlink:href="#sSpan2451" value="true"/>
		<feat xlink:href="#sSpan2582" value="true"/>
		<feat xlink:href="#sSpan2656" value="true"/>
		<feat xlink:href="#sSpan2731" value="true"/>
		<feat xlink:href="#sSpan2785" value="true"/>
		<feat xlink:href="#sSpan2865" value="true"/>
		<feat xlink:href="#sSpan2955" value="true"/>
		<feat xlink:href="#sSpan3106" value="true"/>
		<feat xlink:href="#sSpan3160" value="true"/>
		<feat xlink:href="#sSpan3273" value="true"/>
		<feat xlink:href="#sSpan3421" value="true"/>
		<feat xlink:href="#sSpan3536" value="true"/>
		<feat xlink:href="#sSpan3623" value="true"/>
		<feat xlink:href="#sSpan3765" value="true"/>
		<feat xlink:href="#sSpan3870" value="true"/>
		<feat xlink:href="#sSpan3926" value="true"/>
		<feat xlink:href="#sSpan3984" value="true"/>
		<feat xlink:href="#sSpan4150" value="true"/>
		<feat xlink:href="#sSpan4186" value="true"/>
		<feat xlink:href="#sSpan4246" value="true"/>
		<feat xlink:href="#sSpan4296" value="true"/>
		<feat xlink:href="#sSpan4392" value="true"/>
		<feat xlink:href="#sSpan4451" value="true"/>
		<feat xlink:href="#sSpan4527" value="true"/>
		<feat xlink:href="#sSpan4686" value="true"/>
		<feat xlink:href="#sSpan4766" value="true"/>
		<feat xlink:href="#sSpan4880" value="true"/>
		<feat xlink:href="#sSpan4958" value="true"/>
		<feat xlink:href="#sSpan5006" value="true"/>
		<feat xlink:href="#sSpan5059" value="true"/>
		<feat xlink:href="#sSpan5107" value="true"/>
		<feat xlink:href="#sSpan5210" value="true"/></featList></paula>