<?xml version='1.0' encoding='UTF-8'?><!DOCTYPE paula SYSTEM "paula_feat.dtd">
<paula version="1.1">
	<header paula_id="scriptorium.shenoute.those.GF259-262.mark_lb_n"/>
	<featList xmlns:xlink="http://www.w3.org/1999/xlink" type="lb_n" xml:base="scriptorium.shenoute.those.GF259-262.mark.xml">
		<feat xlink:href="#sSpan6" value="1"/>
		<feat xlink:href="#sSpan29" value="2"/>
		<feat xlink:href="#sSpan44" value="3"/>
		<feat xlink:href="#sSpan62" value="4"/>
		<feat xlink:href="#sSpan73" value="5"/>
		<feat xlink:href="#sSpan98" value="6"/>
		<feat xlink:href="#sSpan117" value="7"/>
		<feat xlink:href="#sSpan131" value="8"/>
		<feat xlink:href="#sSpan147" value="9"/>
		<feat xlink:href="#sSpan166" value="10"/>
		<feat xlink:href="#sSpan183" value="11"/>
		<feat xlink:href="#sSpan193" value="12"/>
		<feat xlink:href="#sSpan208" value="13"/>
		<feat xlink:href="#sSpan219" value="14"/>
		<feat xlink:href="#sSpan234" value="15"/>
		<feat xlink:href="#sSpan250" value="16"/>
		<feat xlink:href="#sSpan265" value="17"/>
		<feat xlink:href="#sSpan276" value="18"/>
		<feat xlink:href="#sSpan289" value="19"/>
		<feat xlink:href="#sSpan296" value="20"/>
		<feat xlink:href="#sSpan304" value="21"/>
		<feat xlink:href="#sSpan316" value="22"/>
		<feat xlink:href="#sSpan332" value="23"/>
		<feat xlink:href="#sSpan345" value="24"/>
		<feat xlink:href="#sSpan358" value="1"/>
		<feat xlink:href="#sSpan382" value="2"/>
		<feat xlink:href="#sSpan399" value="3"/>
		<feat xlink:href="#sSpan410" value="4"/>
		<feat xlink:href="#sSpan426" value="5"/>
		<feat xlink:href="#sSpan443" value="6"/>
		<feat xlink:href="#sSpan458" value="7"/>
		<feat xlink:href="#sSpan472" value="8"/>
		<feat xlink:href="#sSpan482" value="9"/>
		<feat xlink:href="#sSpan500" value="10"/>
		<feat xlink:href="#sSpan517" value="11"/>
		<feat xlink:href="#sSpan534" value="12"/>
		<feat xlink:href="#sSpan549" value="13"/>
		<feat xlink:href="#sSpan558" value="14"/>
		<feat xlink:href="#sSpan577" value="15"/>
		<feat xlink:href="#sSpan592" value="16"/>
		<feat xlink:href="#sSpan602" value="17"/>
		<feat xlink:href="#sSpan629" value="18"/>
		<feat xlink:href="#sSpan643" value="19"/>
		<feat xlink:href="#sSpan656" value="20"/>
		<feat xlink:href="#sSpan669" value="21"/>
		<feat xlink:href="#sSpan683" value="22"/>
		<feat xlink:href="#sSpan702" value="23"/>
		<feat xlink:href="#sSpan713" value="24"/>
		<feat xlink:href="#sSpan723" value="25"/>
		<feat xlink:href="#sSpan740" value="1"/>
		<feat xlink:href="#sSpan759" value="2"/>
		<feat xlink:href="#sSpan771" value="3"/>
		<feat xlink:href="#sSpan793" value="4"/>
		<feat xlink:href="#sSpan810" value="5"/>
		<feat xlink:href="#sSpan821" value="6"/>
		<feat xlink:href="#sSpan838" value="7"/>
		<feat xlink:href="#sSpan850" value="8"/>
		<feat xlink:href="#sSpan859" value="9"/>
		<feat xlink:href="#sSpan872" value="10"/>
		<feat xlink:href="#sSpan886" value="11"/>
		<feat xlink:href="#sSpan899" value="12"/>
		<feat xlink:href="#sSpan916" value="13"/>
		<feat xlink:href="#sSpan929" value="14"/>
		<feat xlink:href="#sSpan947" value="15"/>
		<feat xlink:href="#sSpan961" value="16"/>
		<feat xlink:href="#sSpan978" value="17"/>
		<feat xlink:href="#sSpan994" value="18"/>
		<feat xlink:href="#sSpan1008" value="19"/>
		<feat xlink:href="#sSpan1029" value="20"/>
		<feat xlink:href="#sSpan1042" value="21"/>
		<feat xlink:href="#sSpan1058" value="22"/>
		<feat xlink:href="#sSpan1069" value="23"/>
		<feat xlink:href="#sSpan1082" value="24"/>
		<feat xlink:href="#sSpan1096" value="25"/>
		<feat xlink:href="#sSpan1107" value="1"/>
		<feat xlink:href="#sSpan1125" value="2"/>
		<feat xlink:href="#sSpan1136" value="3"/>
		<feat xlink:href="#sSpan1155" value="4"/>
		<feat xlink:href="#sSpan1178" value="5"/>
		<feat xlink:href="#sSpan1191" value="6"/>
		<feat xlink:href="#sSpan1200" value="7"/>
		<feat xlink:href="#sSpan1210" value="8"/>
		<feat xlink:href="#sSpan1223" value="9"/>
		<feat xlink:href="#sSpan1237" value="10"/>
		<feat xlink:href="#sSpan1261" value="11"/>
		<feat xlink:href="#sSpan1278" value="12"/>
		<feat xlink:href="#sSpan1291" value="13"/>
		<feat xlink:href="#sSpan1301" value="14"/>
		<feat xlink:href="#sSpan1319" value="15"/>
		<feat xlink:href="#sSpan1327" value="16"/>
		<feat xlink:href="#sSpan1349" value="17"/>
		<feat xlink:href="#sSpan1359" value="18"/>
		<feat xlink:href="#sSpan1368" value="19"/>
		<feat xlink:href="#sSpan1380" value="20"/>
		<feat xlink:href="#sSpan1397" value="21"/>
		<feat xlink:href="#sSpan1409" value="22"/>
		<feat xlink:href="#sSpan1422" value="23"/>
		<feat xlink:href="#sSpan1432" value="24"/>
		<feat xlink:href="#sSpan1444" value="25"/>
		<feat xlink:href="#sSpan1458" value="1"/>
		<feat xlink:href="#sSpan1479" value="2"/>
		<feat xlink:href="#sSpan1490" value="3"/>
		<feat xlink:href="#sSpan1512" value="4"/>
		<feat xlink:href="#sSpan1524" value="5"/>
		<feat xlink:href="#sSpan1542" value="6"/>
		<feat xlink:href="#sSpan1552" value="7"/>
		<feat xlink:href="#sSpan1575" value="8"/>
		<feat xlink:href="#sSpan1586" value="9"/>
		<feat xlink:href="#sSpan1601" value="10"/>
		<feat xlink:href="#sSpan1620" value="11"/>
		<feat xlink:href="#sSpan1631" value="12"/>
		<feat xlink:href="#sSpan1647" value="13"/>
		<feat xlink:href="#sSpan1667" value="14"/>
		<feat xlink:href="#sSpan1680" value="15"/>
		<feat xlink:href="#sSpan1689" value="16"/>
		<feat xlink:href="#sSpan1705" value="17"/>
		<feat xlink:href="#sSpan1714" value="18"/>
		<feat xlink:href="#sSpan1735" value="19"/>
		<feat xlink:href="#sSpan1747" value="20"/>
		<feat xlink:href="#sSpan1764" value="21"/>
		<feat xlink:href="#sSpan1783" value="22"/>
		<feat xlink:href="#sSpan1794" value="23"/>
		<feat xlink:href="#sSpan1807" value="24"/>
		<feat xlink:href="#sSpan1822" value="1"/>
		<feat xlink:href="#sSpan1843" value="2"/>
		<feat xlink:href="#sSpan1859" value="3"/>
		<feat xlink:href="#sSpan1869" value="4"/>
		<feat xlink:href="#sSpan1881" value="5"/>
		<feat xlink:href="#sSpan1902" value="6"/>
		<feat xlink:href="#sSpan1914" value="7"/>
		<feat xlink:href="#sSpan1930" value="8"/>
		<feat xlink:href="#sSpan1938" value="9"/>
		<feat xlink:href="#sSpan1950" value="10"/>
		<feat xlink:href="#sSpan1964" value="11"/>
		<feat xlink:href="#sSpan1979" value="12"/>
		<feat xlink:href="#sSpan1995" value="13"/>
		<feat xlink:href="#sSpan2014" value="14"/>
		<feat xlink:href="#sSpan2021" value="15"/>
		<feat xlink:href="#sSpan2031" value="16"/>
		<feat xlink:href="#sSpan2046" value="17"/>
		<feat xlink:href="#sSpan2064" value="18"/>
		<feat xlink:href="#sSpan2074" value="19"/>
		<feat xlink:href="#sSpan2082" value="20"/>
		<feat xlink:href="#sSpan2091" value="21"/>
		<feat xlink:href="#sSpan2109" value="22"/>
		<feat xlink:href="#sSpan2128" value="23"/>
		<feat xlink:href="#sSpan2142" value="24"/>
		<feat xlink:href="#sSpan2157" value="1"/>
		<feat xlink:href="#sSpan2177" value="2"/>
		<feat xlink:href="#sSpan2195" value="3"/>
		<feat xlink:href="#sSpan2210" value="4"/>
		<feat xlink:href="#sSpan2221" value="5"/>
		<feat xlink:href="#sSpan2237" value="6"/>
		<feat xlink:href="#sSpan2247" value="7"/>
		<feat xlink:href="#sSpan2269" value="8"/>
		<feat xlink:href="#sSpan2278" value="9"/>
		<feat xlink:href="#sSpan2290" value="10"/>
		<feat xlink:href="#sSpan2300" value="11"/>
		<feat xlink:href="#sSpan2317" value="12"/>
		<feat xlink:href="#sSpan2330" value="13"/>
		<feat xlink:href="#sSpan2347" value="14"/>
		<feat xlink:href="#sSpan2357" value="15"/>
		<feat xlink:href="#sSpan2377" value="16"/>
		<feat xlink:href="#sSpan2388" value="17"/>
		<feat xlink:href="#sSpan2403" value="18"/>
		<feat xlink:href="#sSpan2414" value="19"/>
		<feat xlink:href="#sSpan2424" value="20"/>
		<feat xlink:href="#sSpan2437" value="21"/>
		<feat xlink:href="#sSpan2453" value="22"/>
		<feat xlink:href="#sSpan2466" value="23"/>
		<feat xlink:href="#sSpan2483" value="24"/>
		<feat xlink:href="#sSpan2496" value="1"/>
		<feat xlink:href="#sSpan2505" value="2"/>
		<feat xlink:href="#sSpan2528" value="3"/>
		<feat xlink:href="#sSpan2541" value="4"/>
		<feat xlink:href="#sSpan2556" value="5"/>
		<feat xlink:href="#sSpan2569" value="6"/>
		<feat xlink:href="#sSpan2581" value="7"/>
		<feat xlink:href="#sSpan2593" value="8"/>
		<feat xlink:href="#sSpan2609" value="9"/>
		<feat xlink:href="#sSpan2628" value="10"/>
		<feat xlink:href="#sSpan2649" value="11"/>
		<feat xlink:href="#sSpan2663" value="12"/>
		<feat xlink:href="#sSpan2675" value="13"/>
		<feat xlink:href="#sSpan2695" value="14"/>
		<feat xlink:href="#sSpan2711" value="15"/>
		<feat xlink:href="#sSpan2727" value="16"/>
		<feat xlink:href="#sSpan2743" value="17"/>
		<feat xlink:href="#sSpan2760" value="18"/>
		<feat xlink:href="#sSpan2771" value="19"/>
		<feat xlink:href="#sSpan2792" value="20"/>
		<feat xlink:href="#sSpan2805" value="21"/>
		<feat xlink:href="#sSpan2820" value="22"/>
		<feat xlink:href="#sSpan2838" value="23"/>
		<feat xlink:href="#sSpan2851" value="24"/></featList></paula>