<?xml version='1.0' encoding='UTF-8'?><!DOCTYPE paula SYSTEM "paula_feat.dtd">
<paula version="1.1">
	<header paula_id="scriptorium.shenoute.those.GF259-262.mark_norm"/>
	<featList xmlns:xlink="http://www.w3.org/1999/xlink" type="norm" xml:base="scriptorium.shenoute.those.GF259-262.mark.xml">
		<feat xlink:href="#sSpan2" value="ⲡⲉ"/>
		<feat xlink:href="#sSpan12" value="ⲛ"/>
		<feat xlink:href="#sSpan16" value="ⲛ"/>
		<feat xlink:href="#sSpan19" value="ϭⲓϫ"/>
		<feat xlink:href="#sSpan21" value="ⲉ"/>
		<feat xlink:href="#sSpan25" value="ⲩ"/>
		<feat xlink:href="#sSpan27" value="ⲟⲩⲏⲩ"/>
		<feat xlink:href="#sSpan30" value="ⲉⲃⲟⲗ"/>
		<feat xlink:href="#sSpan34" value="ⲙⲙⲟ"/>
		<feat xlink:href="#sSpan38" value="."/>
		<feat xlink:href="#sSpan42" value="ⲛⲉ"/>
		<feat xlink:href="#sSpan49" value="ϣⲁ"/>
		<feat xlink:href="#sSpan51" value="ⲩ"/>
		<feat xlink:href="#sSpan54" value="ⲉϣⲧ"/>
		<feat xlink:href="#sSpan56" value="ϩⲉⲛ"/>
		<feat xlink:href="#sSpan60" value="ⲉⲓⲇⲟⲥ"/>
		<feat xlink:href="#sSpan63" value="ⲉ"/>
		<feat xlink:href="#sSpan67" value="ⲩ"/>
		<feat xlink:href="#sSpan70" value="ⲣϩⲟⲩⲟⲛ"/>
		<feat xlink:href="#sSpan74" value="ϭⲉϭⲟⲩ"/>
		<feat xlink:href="#sSpan77" value="·"/>
		<feat xlink:href="#sSpan82" value="ⲏ"/>
		<feat xlink:href="#sSpan86" value="ⲉ"/>
		<feat xlink:href="#sSpan90" value="ⲩ"/>
		<feat xlink:href="#sSpan92" value="ⲙⲉϩ"/>
		<feat xlink:href="#sSpan94" value="ⲉⲙⲁⲧⲉ"/>
		<feat xlink:href="#sSpan99" value="·"/>
		<feat xlink:href="#sSpan103" value="ⲉ"/>
		<feat xlink:href="#sSpan109" value="ⲓ"/>
		<feat xlink:href="#sSpan111" value="ⲛⲁ"/>
		<feat xlink:href="#sSpan114" value="ⲣϩⲟⲧⲉ"/>
		<feat xlink:href="#sSpan118" value="ϫⲉ"/>
		<feat xlink:href="#sSpan122" value="ⲟⲩ"/>
		<feat xlink:href="#sSpan124" value="ⲉ"/>
		<feat xlink:href="#sSpan128" value="ϩⲏⲧ"/>
		<feat xlink:href="#sSpan132" value="ⲟⲩ"/>
		<feat xlink:href="#sSpan134" value="ⲛ"/>
		<feat xlink:href="#sSpan138" value="ϩⲉⲛ"/>
		<feat xlink:href="#sSpan141" value="ⲣⲱⲙⲉ"/>
		<feat xlink:href="#sSpan143" value="ⲛ"/>
		<feat xlink:href="#sSpan149" value="ⲁⲧϩⲏⲧ"/>
		<feat xlink:href="#sSpan152" value="·"/>
		<feat xlink:href="#sSpan156" value="ⲛ"/>
		<feat xlink:href="#sSpan162" value="ⲥⲉ"/>
		<feat xlink:href="#sSpan164" value="ϣⲓⲡⲉ"/>
		<feat xlink:href="#sSpan167" value="ⲁⲛ"/>
		<feat xlink:href="#sSpan171" value="ⲉ"/>
		<feat xlink:href="#sSpan175" value="ϫⲟⲟ"/>
		<feat xlink:href="#sSpan177" value="ⲥ"/>
		<feat xlink:href="#sSpan179" value="ϫⲉ"/>
		<feat xlink:href="#sSpan184" value="ⲙⲛ"/>
		<feat xlink:href="#sSpan186" value="ⲛⲟⲩⲧⲉ"/>
		<feat xlink:href="#sSpan189" value="ϣⲟⲟⲡ"/>
		<feat xlink:href="#sSpan194" value="·"/>
		<feat xlink:href="#sSpan198" value="ⲧ"/>
		<feat xlink:href="#sSpan206" value="ⲁⲛⲟⲙⲓⲁ"/>
		<feat xlink:href="#sSpan209" value="ⲛ"/>
		<feat xlink:href="#sSpan213" value="ϩⲉⲛ"/>
		<feat xlink:href="#sSpan217" value="ϩⲉⲗⲗⲏⲛ"/>
		<feat xlink:href="#sSpan220" value="·"/>
		<feat xlink:href="#sSpan224" value="ⲛⲁ"/>
		<feat xlink:href="#sSpan228" value="ⲕⲱⲧⲉ"/>
		<feat xlink:href="#sSpan230" value="ⲉⲣⲟ"/>
		<feat xlink:href="#sSpan235" value="ⲓ"/>
		<feat xlink:href="#sSpan237" value="·"/>
		<feat xlink:href="#sSpan241" value="ⲛ"/>
		<feat xlink:href="#sSpan246" value="ⲉⲧ"/>
		<feat xlink:href="#sSpan248" value="ⲛⲁϩⲧⲉ"/>
		<feat xlink:href="#sSpan251" value="ⲉ"/>
		<feat xlink:href="#sSpan255" value="ⲛⲉⲩ"/>
		<feat xlink:href="#sSpan259" value="ⲭⲣⲏⲙⲁ"/>
		<feat xlink:href="#sSpan261" value="ⲁⲩⲱ"/>
		<feat xlink:href="#sSpan266" value="ⲉⲧ"/>
		<feat xlink:href="#sSpan270" value="ϣⲟⲩϣⲟⲩ"/>
		<feat xlink:href="#sSpan272" value="ⲙⲙⲟ"/>
		<feat xlink:href="#sSpan277" value="ⲟⲩ"/>
		<feat xlink:href="#sSpan279" value="ⲉϫⲛ"/>
		<feat xlink:href="#sSpan283" value="ϩⲉⲛ"/>
		<feat xlink:href="#sSpan287" value="ϩⲉⲗⲡⲓⲥ"/>
		<feat xlink:href="#sSpan290" value="ⲉⲧ"/>
		<feat xlink:href="#sSpan294" value="ϣⲟⲩⲉⲓⲧ"/>
		<feat xlink:href="#sSpan297" value="·"/>
		<feat xlink:href="#sSpan302" value="ⲉϣϫⲉ"/>
		<feat xlink:href="#sSpan309" value="ϫⲓⲛ"/>
		<feat xlink:href="#sSpan311" value="ⲉ"/>
		<feat xlink:href="#sSpan313" value="ϣⲟⲣⲡ"/>
		<feat xlink:href="#sSpan317" value="ⲥⲉ"/>
		<feat xlink:href="#sSpan321" value="ϯ"/>
		<feat xlink:href="#sSpan323" value="ⲛ"/>
		<feat xlink:href="#sSpan327" value="ϩⲉⲛ"/>
		<feat xlink:href="#sSpan330" value="ⲥⲟⲉⲓⲧ"/>
		<feat xlink:href="#sSpan333" value="ⲉ"/>
		<feat xlink:href="#sSpan337" value="ⲩ"/>
		<feat xlink:href="#sSpan339" value="ϩⲟⲟⲩ"/>
		<feat xlink:href="#sSpan341" value="ⲛⲥⲁ"/>
		<feat xlink:href="#sSpan346" value="ⲛ"/>
		<feat xlink:href="#sSpan349" value="ⲣⲙⲛⲛⲟⲩⲧⲉ"/>
		<feat xlink:href="#sSpan354" value="ⲛ"/>
		<feat xlink:href="#sSpan360" value="ⲧ"/>
		<feat xlink:href="#sSpan362" value="ϩⲉ"/>
		<feat xlink:href="#sSpan364" value="ⲉⲧ"/>
		<feat xlink:href="#sSpan368" value="ⲥⲏϩ"/>
		<feat xlink:href="#sSpan370" value="·"/>
		<feat xlink:href="#sSpan374" value="ⲁ"/>
		<feat xlink:href="#sSpan378" value="ⲩ"/>
		<feat xlink:href="#sSpan380" value="ϫⲟⲟ"/>
		<feat xlink:href="#sSpan383" value="ⲥ"/>
		<feat xlink:href="#sSpan385" value="ⲟⲛ"/>
		<feat xlink:href="#sSpan389" value="ϫⲉ"/>
		<feat xlink:href="#sSpan393" value="ⲡ"/>
		<feat xlink:href="#sSpan397" value="ⲇⲓⲕⲁⲓⲟⲥ"/>
		<feat xlink:href="#sSpan400" value="ⲛⲁ"/>
		<feat xlink:href="#sSpan404" value="ϣⲱⲡⲉ"/>
		<feat xlink:href="#sSpan406" value="ⲉ"/>
		<feat xlink:href="#sSpan411" value="ⲛⲉ"/>
		<feat xlink:href="#sSpan413" value="ⲣ"/>
		<feat xlink:href="#sSpan415" value="ⲡ"/>
		<feat xlink:href="#sSpan417" value="ⲙⲉⲉⲩⲉ"/>
		<feat xlink:href="#sSpan419" value="ϣⲁ"/>
		<feat xlink:href="#sSpan423" value="ⲉⲛⲉϩ"/>
		<feat xlink:href="#sSpan427" value="·"/>
		<feat xlink:href="#sSpan431" value="ⲛ"/>
		<feat xlink:href="#sSpan435" value="ϥ"/>
		<feat xlink:href="#sSpan437" value="ⲛⲁ"/>
		<feat xlink:href="#sSpan440" value="ⲣϩⲟⲧⲉ"/>
		<feat xlink:href="#sSpan444" value="ⲁⲛ"/>
		<feat xlink:href="#sSpan448" value="ϩⲏⲧ"/>
		<feat xlink:href="#sSpan452" value="ϥ"/>
		<feat xlink:href="#sSpan454" value="ⲛ"/>
		<feat xlink:href="#sSpan459" value="ⲟⲩ"/>
		<feat xlink:href="#sSpan462" value="ⲥⲟⲉⲓⲧ"/>
		<feat xlink:href="#sSpan464" value="ⲉ"/>
		<feat xlink:href="#sSpan468" value="ϥ"/>
		<feat xlink:href="#sSpan470" value="ϩⲟⲟⲩ"/>
		<feat xlink:href="#sSpan473" value="·"/>
		<feat xlink:href="#sSpan478" value="ⲉⲣⲉ"/>
		<feat xlink:href="#sSpan485" value="ⲛ"/>
		<feat xlink:href="#sSpan488" value="ϫⲁϫⲉ"/>
		<feat xlink:href="#sSpan490" value="ⲙ"/>
		<feat xlink:href="#sSpan494" value="ⲡⲉ"/>
		<feat xlink:href="#sSpan498" value="ⲭⲣⲓⲥⲧⲟⲥ"/>
		<feat xlink:href="#sSpan501" value="ⲛⲁ"/>
		<feat xlink:href="#sSpan505" value="ϣⲁϫⲉ"/>
		<feat xlink:href="#sSpan507" value="ⲉⲣⲟ"/>
		<feat xlink:href="#sSpan511" value="ⲓ"/>
		<feat xlink:href="#sSpan513" value="ϩⲛ"/>
		<feat xlink:href="#sSpan518" value="ⲟⲩ"/>
		<feat xlink:href="#sSpan520" value="·"/>
		<feat xlink:href="#sSpan524" value="ⲛⲥⲁ"/>
		<feat xlink:href="#sSpan528" value="ⲛⲉ"/>
		<feat xlink:href="#sSpan531" value="ϫⲓϭⲟⲗ"/>
		<feat xlink:href="#sSpan535" value="ⲉⲃⲟⲗ"/>
		<feat xlink:href="#sSpan540" value="ϩⲛ"/>
		<feat xlink:href="#sSpan544" value="ⲧⲉⲩ"/>
		<feat xlink:href="#sSpan547" value="ⲧⲁⲡⲣⲟ"/>
		<feat xlink:href="#sSpan550" value="ⲉϩⲟⲩⲛ"/>
		<feat xlink:href="#sSpan554" value="ⲉⲣⲟ"/>
		<feat xlink:href="#sSpan559" value="ⲓ"/>
		<feat xlink:href="#sSpan561" value="·"/>
		<feat xlink:href="#sSpan565" value="ϩⲓ"/>
		<feat xlink:href="#sSpan569" value="ϩⲱⲃ"/>
		<feat xlink:href="#sSpan573" value="ⲛⲓⲙ"/>
		<feat xlink:href="#sSpan578" value="ⲉ"/>
		<feat xlink:href="#sSpan582" value="ⲛ"/>
		<feat xlink:href="#sSpan584" value="ϥ"/>
		<feat xlink:href="#sSpan586" value="ϣⲟⲟⲡ"/>
		<feat xlink:href="#sSpan588" value="ⲁⲛ"/>
		<feat xlink:href="#sSpan593" value="·"/>
		<feat xlink:href="#sSpan598" value="ⲛ"/>
		<feat xlink:href="#sSpan605" value="ⲧ"/>
		<feat xlink:href="#sSpan607" value="ϩⲉ"/>
		<feat xlink:href="#sSpan609" value="ⲛⲧ"/>
		<feat xlink:href="#sSpan613" value="ⲁ"/>
		<feat xlink:href="#sSpan615" value="ⲟⲩⲁ"/>
		<feat xlink:href="#sSpan618" value="ϫⲟⲟ"/>
		<feat xlink:href="#sSpan622" value="ⲥ"/>
		<feat xlink:href="#sSpan625" value="ⲕⲁⲛ"/>
		<feat xlink:href="#sSpan630" value="ⲉ"/>
		<feat xlink:href="#sSpan634" value="ϥ"/>
		<feat xlink:href="#sSpan636" value="ⲥⲟⲩⲧⲱⲛ"/>
		<feat xlink:href="#sSpan639" value="ⲕⲁⲛ"/>
		<feat xlink:href="#sSpan644" value="ⲉ"/>
		<feat xlink:href="#sSpan648" value="ϥ"/>
		<feat xlink:href="#sSpan650" value="ⲥⲟⲩⲧⲱⲛ"/>
		<feat xlink:href="#sSpan652" value="ⲁⲛ"/>
		<feat xlink:href="#sSpan657" value="·"/>
		<feat xlink:href="#sSpan661" value="ϫⲉ"/>
		<feat xlink:href="#sSpan665" value="ⲉⲩϣⲁⲛ"/>
		<feat xlink:href="#sSpan667" value="ϣⲁϫⲉ"/>
		<feat xlink:href="#sSpan670" value="ⲉⲣⲟ"/>
		<feat xlink:href="#sSpan674" value="ⲕ"/>
		<feat xlink:href="#sSpan676" value="ϩⲛ"/>
		<feat xlink:href="#sSpan680" value="ⲛ"/>
		<feat xlink:href="#sSpan684" value="ⲏⲓ"/>
		<feat xlink:href="#sSpan686" value="ⲛ"/>
		<feat xlink:href="#sSpan690" value="ⲛ"/>
		<feat xlink:href="#sSpan694" value="ⲣⲙⲙⲁⲟ"/>
		<feat xlink:href="#sSpan698" value="ϣⲁ"/>
		<feat xlink:href="#sSpan703" value="ⲓ"/>
		<feat xlink:href="#sSpan705" value="ϫⲱ"/>
		<feat xlink:href="#sSpan707" value="ⲁⲛⲟⲕ"/>
		<feat xlink:href="#sSpan711" value="ⲙ"/>
		<feat xlink:href="#sSpan716" value="ⲡⲉⲕ"/>
		<feat xlink:href="#sSpan719" value="ⲡⲉⲧⲛⲁⲛⲟⲩϥ"/>
		<feat xlink:href="#sSpan725" value="ⲛⲁϩⲣⲁ"/>
		<feat xlink:href="#sSpan729" value="ⲩ"/>
		<feat xlink:href="#sSpan731" value="·"/>
		<feat xlink:href="#sSpan736" value="ⲛⲛⲁϩⲣⲛ"/>
		<feat xlink:href="#sSpan747" value="ⲣⲱⲙⲉ"/>
		<feat xlink:href="#sSpan751" value="ⲅⲁⲣ"/>
		<feat xlink:href="#sSpan755" value="ⲛⲓⲙ"/>
		<feat xlink:href="#sSpan760" value="ⲉⲧ"/>
		<feat xlink:href="#sSpan765" value="ϩⲉⲗⲡⲓⲥ"/>
		<feat xlink:href="#sSpan767" value="ⲉ"/>
		<feat xlink:href="#sSpan773" value="ⲓⲏⲥⲟⲩⲥ"/>
		<feat xlink:href="#sSpan776" value="·"/>
		<feat xlink:href="#sSpan781" value="ⲟⲩ"/>
		<feat xlink:href="#sSpan785" value="ⲟⲩⲟ"/>
		<feat xlink:href="#sSpan787" value="ⲛ"/>
		<feat xlink:href="#sSpan789" value="ⲟⲩⲟⲛ"/>
		<feat xlink:href="#sSpan794" value="ⲉⲣⲟ"/>
		<feat xlink:href="#sSpan798" value="ⲓ"/>
		<feat xlink:href="#sSpan800" value="ⲛⲧⲟⲟⲧ"/>
		<feat xlink:href="#sSpan804" value="ⲟⲩ"/>
		<feat xlink:href="#sSpan806" value="ⲁⲩⲱ"/>
		<feat xlink:href="#sSpan811" value="ⲟⲩⲛⲧⲁ"/>
		<feat xlink:href="#sSpan815" value="ⲩ"/>
		<feat xlink:href="#sSpan817" value="ⲉⲣⲟ"/>
		<feat xlink:href="#sSpan822" value="ⲓ"/>
		<feat xlink:href="#sSpan824" value="ⲙⲙⲁⲧⲉ"/>
		<feat xlink:href="#sSpan828" value="·"/>
		<feat xlink:href="#sSpan834" value="ⲁⲗⲗⲁ"/>
		<feat xlink:href="#sSpan841" value="ⲛⲛⲁϩⲣⲛ"/>
		<feat xlink:href="#sSpan845" value="ⲛ"/>
		<feat xlink:href="#sSpan848" value="ⲣⲙⲙⲁⲟ"/>
		<feat xlink:href="#sSpan851" value="ⲛ"/>
		<feat xlink:href="#sSpan856" value="ⲣⲉϥϫⲓ"/>
		<feat xlink:href="#sSpan860" value="ⲛ"/>
		<feat xlink:href="#sSpan864" value="ϭⲟⲛⲥ"/>
		<feat xlink:href="#sSpan866" value="ⲉⲧ"/>
		<feat xlink:href="#sSpan870" value="ⲙⲙⲁⲩ"/>
		<feat xlink:href="#sSpan873" value="·"/>
		<feat xlink:href="#sSpan877" value="ⲙⲛⲧ"/>
		<feat xlink:href="#sSpan881" value="ⲟⲩ"/>
		<feat xlink:href="#sSpan883" value="ⲗⲁⲁⲩ"/>
		<feat xlink:href="#sSpan887" value="ⲛ"/>
		<feat xlink:href="#sSpan891" value="ϩⲱⲃ"/>
		<feat xlink:href="#sSpan893" value="ⲉ"/>
		<feat xlink:href="#sSpan897" value="ϫⲱ"/>
		<feat xlink:href="#sSpan900" value="ⲉⲣⲟ"/>
		<feat xlink:href="#sSpan904" value="ⲓ"/>
		<feat xlink:href="#sSpan906" value="·"/>
		<feat xlink:href="#sSpan910" value="ⲛⲥⲁ"/>
		<feat xlink:href="#sSpan914" value="ⲧⲣⲉ"/>
		<feat xlink:href="#sSpan917" value="ⲩ"/>
		<feat xlink:href="#sSpan919" value="ϫⲟⲟ"/>
		<feat xlink:href="#sSpan921" value="ⲥ"/>
		<feat xlink:href="#sSpan923" value="ϫⲉ"/>
		<feat xlink:href="#sSpan927" value="ⲉ"/>
		<feat xlink:href="#sSpan930" value="ⲕ"/>
		<feat xlink:href="#sSpan932" value="ⲕⲧⲟ"/>
		<feat xlink:href="#sSpan934" value="ⲛ"/>
		<feat xlink:href="#sSpan938" value="ⲛ"/>
		<feat xlink:href="#sSpan941" value="ϩⲏⲧ"/>
		<feat xlink:href="#sSpan943" value="ⲛ"/>
		<feat xlink:href="#sSpan948" value="ⲛ"/>
		<feat xlink:href="#sSpan951" value="ϩⲏⲕⲉ"/>
		<feat xlink:href="#sSpan953" value="ⲉⲃⲟⲗ"/>
		<feat xlink:href="#sSpan957" value="ⲙⲙⲟ"/>
		<feat xlink:href="#sSpan962" value="ⲛ"/>
		<feat xlink:href="#sSpan964" value="·"/>
		<feat xlink:href="#sSpan968" value="ⲉ"/>
		<feat xlink:href="#sSpan972" value="ⲧⲙ"/>
		<feat xlink:href="#sSpan975" value="ⲣⲕⲃⲁ"/>
		<feat xlink:href="#sSpan979" value="·"/>
		<feat xlink:href="#sSpan983" value="ϩⲓ"/>
		<feat xlink:href="#sSpan987" value="ϭⲱⲙ"/>
		<feat xlink:href="#sSpan990" value="ϩⲓ"/>
		<feat xlink:href="#sSpan995" value="ϩⲱⲃ"/>
		<feat xlink:href="#sSpan999" value="ⲛⲓⲙ"/>
		<feat xlink:href="#sSpan1004" value="ⲡⲁⲣⲁ"/>
		<feat xlink:href="#sSpan1009" value="ⲧⲉⲩ"/>
		<feat xlink:href="#sSpan1012" value="ϭⲟⲙ"/>
		<feat xlink:href="#sSpan1014" value="·"/>
		<feat xlink:href="#sSpan1018" value="ⲁⲩⲱ"/>
		<feat xlink:href="#sSpan1025" value="ⲉ"/>
		<feat xlink:href="#sSpan1030" value="ⲧⲣⲉ"/>
		<feat xlink:href="#sSpan1032" value="ⲩ"/>
		<feat xlink:href="#sSpan1034" value="ϫⲟⲟ"/>
		<feat xlink:href="#sSpan1036" value="ⲥ"/>
		<feat xlink:href="#sSpan1038" value="ϫⲉ"/>
		<feat xlink:href="#sSpan1043" value="ⲁ"/>
		<feat xlink:href="#sSpan1045" value="ϥ"/>
		<feat xlink:href="#sSpan1047" value="ⲉⲓ"/>
		<feat xlink:href="#sSpan1050" value="ⲉϩⲟⲩⲛ"/>
		<feat xlink:href="#sSpan1054" value="ⲉ"/>
		<feat xlink:href="#sSpan1059" value="ⲛⲉⲛ"/>
		<feat xlink:href="#sSpan1062" value="ⲏⲓ"/>
		<feat xlink:href="#sSpan1065" value="ⲫⲁⲛⲉⲣⲱⲛ"/>
		<feat xlink:href="#sSpan1070" value="·"/>
		<feat xlink:href="#sSpan1074" value="ⲁ"/>
		<feat xlink:href="#sSpan1078" value="ϥ"/>
		<feat xlink:href="#sSpan1080" value="ϥⲓ"/>
		<feat xlink:href="#sSpan1083" value="ⲛ"/>
		<feat xlink:href="#sSpan1087" value="ⲛ"/>
		<feat xlink:href="#sSpan1090" value="ⲉⲧⲉ"/>
		<feat xlink:href="#sSpan1092" value="ⲛ"/>
		<feat xlink:href="#sSpan1094" value="ⲟⲩⲱϣⲧ"/>
		<feat xlink:href="#sSpan1097" value="ⲛⲁ"/>
		<feat xlink:href="#sSpan1101" value="ⲩ"/>
		<feat xlink:href="#sSpan1103" value="ⲉ"/>
		<feat xlink:href="#sSpan1109" value="ⲩ"/>
		<feat xlink:href="#sSpan1111" value="ϣⲓⲡⲉ"/>
		<feat xlink:href="#sSpan1113" value="ⲛⲁ"/>
		<feat xlink:href="#sSpan1117" value="ⲛ"/>
		<feat xlink:href="#sSpan1119" value="ϫⲉ"/>
		<feat xlink:href="#sSpan1123" value="ⲙⲡⲉ"/>
		<feat xlink:href="#sSpan1126" value="ⲛ"/>
		<feat xlink:href="#sSpan1128" value="ⲉϣ"/>
		<feat xlink:href="#sSpan1130" value="ϭⲙϭⲟⲙ"/>
		<feat xlink:href="#sSpan1132" value="ⲉ"/>
		<feat xlink:href="#sSpan1138" value="ⲕⲱⲗⲩ"/>
		<feat xlink:href="#sSpan1140" value="ⲙⲙⲟ"/>
		<feat xlink:href="#sSpan1144" value="ϥ"/>
		<feat xlink:href="#sSpan1146" value="·"/>
		<feat xlink:href="#sSpan1151" value="ⲁϣ"/>
		<feat xlink:href="#sSpan1160" value="ⲅⲁⲣ"/>
		<feat xlink:href="#sSpan1164" value="ⲧⲉ"/>
		<feat xlink:href="#sSpan1168" value="ⲧ"/>
		<feat xlink:href="#sSpan1173" value="ⲕⲉ"/>
		<feat xlink:href="#sSpan1176" value="ⲉⲡⲓⲑⲩⲙⲓⲁ"/>
		<feat xlink:href="#sSpan1179" value="·"/>
		<feat xlink:href="#sSpan1183" value="ⲁⲩⲱ"/>
		<feat xlink:href="#sSpan1187" value="ⲧ"/>
		<feat xlink:href="#sSpan1193" value="ⲕⲉ"/>
		<feat xlink:href="#sSpan1196" value="ⲙⲁⲥⲧⲓⲅⲝ"/>
		<feat xlink:href="#sSpan1198" value="ⲉⲧ"/>
		<feat xlink:href="#sSpan1203" value="ϩⲓϫⲛ"/>
		<feat xlink:href="#sSpan1205" value="ⲛ"/>
		<feat xlink:href="#sSpan1208" value="ⲣⲱⲙⲉ"/>
		<feat xlink:href="#sSpan1211" value="ⲁⲛ"/>
		<feat xlink:href="#sSpan1215" value="ⲛ"/>
		<feat xlink:href="#sSpan1220" value="ⲁⲧⲛⲟⲩⲧⲉ"/>
		<feat xlink:href="#sSpan1224" value="ⲛ"/>
		<feat xlink:href="#sSpan1228" value="ⲥⲉ"/>
		<feat xlink:href="#sSpan1231" value="ⲁⲓⲥⲑⲁⲛⲉ"/>
		<feat xlink:href="#sSpan1233" value="ⲁⲛ"/>
		<feat xlink:href="#sSpan1238" value="·"/>
		<feat xlink:href="#sSpan1243" value="ⲏ"/>
		<feat xlink:href="#sSpan1249" value="ϩⲱ"/>
		<feat xlink:href="#sSpan1253" value="ⲁⲛ"/>
		<feat xlink:href="#sSpan1257" value="ⲉ"/>
		<feat xlink:href="#sSpan1262" value="ϯ"/>
		<feat xlink:href="#sSpan1265" value="ⲛⲟϭ"/>
		<feat xlink:href="#sSpan1267" value="ⲛ"/>
		<feat xlink:href="#sSpan1272" value="ⲟⲣⲅⲏ"/>
		<feat xlink:href="#sSpan1274" value="ⲉⲧ"/>
		<feat xlink:href="#sSpan1279" value="ϩⲓϫⲱ"/>
		<feat xlink:href="#sSpan1281" value="ⲟⲩ"/>
		<feat xlink:href="#sSpan1283" value="ⲉ"/>
		<feat xlink:href="#sSpan1287" value="ⲧⲙ"/>
		<feat xlink:href="#sSpan1289" value="ⲧⲣⲉ"/>
		<feat xlink:href="#sSpan1292" value="ⲩ"/>
		<feat xlink:href="#sSpan1294" value="ⲥⲟⲩⲛ"/>
		<feat xlink:href="#sSpan1296" value="ⲡ"/>
		<feat xlink:href="#sSpan1299" value="ⲛⲟⲩⲧⲉ"/>
		<feat xlink:href="#sSpan1302" value="·"/>
		<feat xlink:href="#sSpan1307" value="ⲁⲗⲗⲁ"/>
		<feat xlink:href="#sSpan1313" value="ⲙⲡⲣ"/>
		<feat xlink:href="#sSpan1317" value="ⲧⲣⲉ"/>
		<feat xlink:href="#sSpan1320" value="ϩⲟⲓⲛⲉ"/>
		<feat xlink:href="#sSpan1323" value="ⲛϩⲏⲧ"/>
		<feat xlink:href="#sSpan1328" value="ⲛ"/>
		<feat xlink:href="#sSpan1330" value="ⲙⲉⲉⲩⲉ"/>
		<feat xlink:href="#sSpan1334" value="ⲉ"/>
		<feat xlink:href="#sSpan1338" value="ⲡⲁⲓ"/>
		<feat xlink:href="#sSpan1341" value="·"/>
		<feat xlink:href="#sSpan1345" value="ϫⲉ"/>
		<feat xlink:href="#sSpan1350" value="ϩⲁⲙⲟⲓ"/>
		<feat xlink:href="#sSpan1352" value="ⲛⲉⲣⲉ"/>
		<feat xlink:href="#sSpan1356" value="ⲡ"/>
		<feat xlink:href="#sSpan1360" value="ⲛⲟⲩⲧⲉ"/>
		<feat xlink:href="#sSpan1362" value="ⲛⲁ"/>
		<feat xlink:href="#sSpan1366" value="ⲧⲱⲱⲃⲉ"/>
		<feat xlink:href="#sSpan1369" value="ⲛ"/>
		<feat xlink:href="#sSpan1373" value="ϩⲉⲛ"/>
		<feat xlink:href="#sSpan1377" value="ⲡⲉⲧϩⲟⲟⲩ"/>
		<feat xlink:href="#sSpan1382" value="ⲛ"/>
		<feat xlink:href="#sSpan1386" value="ⲛ"/>
		<feat xlink:href="#sSpan1389" value="ⲉⲧ"/>
		<feat xlink:href="#sSpan1391" value="ⲥⲱϣ"/>
		<feat xlink:href="#sSpan1393" value="ⲙⲙⲟ"/>
		<feat xlink:href="#sSpan1398" value="ⲛ"/>
		<feat xlink:href="#sSpan1400" value="·"/>
		<feat xlink:href="#sSpan1405" value="ⲁⲣⲓ"/>
		<feat xlink:href="#sSpan1412" value="ⲡ"/>
		<feat xlink:href="#sSpan1414" value="ⲙⲉⲉⲩⲉ"/>
		<feat xlink:href="#sSpan1416" value="ⲛⲧⲟϥ"/>
		<feat xlink:href="#sSpan1420" value="ⲛ"/>
		<feat xlink:href="#sSpan1425" value="ⲧ"/>
		<feat xlink:href="#sSpan1429" value="ⲙⲛⲧϩⲁⲣⲉϣϩⲏⲧ"/>
		<feat xlink:href="#sSpan1433" value="ⲙ"/>
		<feat xlink:href="#sSpan1437" value="ⲡ"/>
		<feat xlink:href="#sSpan1440" value="ϫⲟⲉⲓⲥ"/>
		<feat xlink:href="#sSpan1442" value="ⲉ"/>
		<feat xlink:href="#sSpan1447" value="ⲧⲙ"/>
		<feat xlink:href="#sSpan1449" value="ⲧⲣⲉ"/>
		<feat xlink:href="#sSpan1451" value="ϥ"/>
		<feat xlink:href="#sSpan1453" value="ⲧⲣⲉ"/>
		<feat xlink:href="#sSpan1456" value="ⲡ"/>
		<feat xlink:href="#sSpan1462" value="ⲗⲁⲥ"/>
		<feat xlink:href="#sSpan1464" value="ⲛ"/>
		<feat xlink:href="#sSpan1468" value="ⲛ"/>
		<feat xlink:href="#sSpan1471" value="ⲉⲛⲧ"/>
		<feat xlink:href="#sSpan1473" value="ⲁ"/>
		<feat xlink:href="#sSpan1475" value="ⲩ"/>
		<feat xlink:href="#sSpan1477" value="ⲥⲁϩⲟⲩ"/>
		<feat xlink:href="#sSpan1480" value="ⲙⲙⲟ"/>
		<feat xlink:href="#sSpan1484" value="ϥ"/>
		<feat xlink:href="#sSpan1486" value="ⲡⲱϭⲉ"/>
		<feat xlink:href="#sSpan1491" value="ϩⲛ"/>
		<feat xlink:href="#sSpan1495" value="ⲣⲱ"/>
		<feat xlink:href="#sSpan1498" value="ⲟⲩ"/>
		<feat xlink:href="#sSpan1500" value="·"/>
		<feat xlink:href="#sSpan1504" value="ⲁⲩⲱ"/>
		<feat xlink:href="#sSpan1510" value="ⲙⲡⲉ"/>
		<feat xlink:href="#sSpan1515" value="ϥ"/>
		<feat xlink:href="#sSpan1517" value="ⲧⲣⲉ"/>
		<feat xlink:href="#sSpan1519" value="ⲛ"/>
		<feat xlink:href="#sSpan1522" value="ⲉⲛⲧ"/>
		<feat xlink:href="#sSpan1525" value="ⲁ"/>
		<feat xlink:href="#sSpan1527" value="ⲩ"/>
		<feat xlink:href="#sSpan1530" value="ⲥⲧⲁⲩⲣⲟⲩ"/>
		<feat xlink:href="#sSpan1532" value="ⲙⲙⲟ"/>
		<feat xlink:href="#sSpan1536" value="ϥ"/>
		<feat xlink:href="#sSpan1538" value="ⲡⲱϩ"/>
		<feat xlink:href="#sSpan1543" value="ϩⲛ"/>
		<feat xlink:href="#sSpan1547" value="ⲧⲉⲩ"/>
		<feat xlink:href="#sSpan1550" value="ⲙⲏⲧⲉ"/>
		<feat xlink:href="#sSpan1553" value="·"/>
		<feat xlink:href="#sSpan1557" value="ⲛ"/>
		<feat xlink:href="#sSpan1561" value="ⲧ"/>
		<feat xlink:href="#sSpan1563" value="ϩⲉ"/>
		<feat xlink:href="#sSpan1565" value="ⲟⲛ"/>
		<feat xlink:href="#sSpan1569" value="ⲉⲧ"/>
		<feat xlink:href="#sSpan1573" value="ⲙⲡⲉ"/>
		<feat xlink:href="#sSpan1576" value="ϥ"/>
		<feat xlink:href="#sSpan1578" value="ⲟⲩⲉⲓⲧ"/>
		<feat xlink:href="#sSpan1580" value="ⲙ"/>
		<feat xlink:href="#sSpan1584" value="ⲡ"/>
		<feat xlink:href="#sSpan1588" value="ⲗⲁⲥ"/>
		<feat xlink:href="#sSpan1590" value="ⲛ"/>
		<feat xlink:href="#sSpan1594" value="ⲛ"/>
		<feat xlink:href="#sSpan1597" value="ⲉⲧ"/>
		<feat xlink:href="#sSpan1599" value="ϫⲓⲟⲩⲁ"/>
		<feat xlink:href="#sSpan1602" value="ⲉⲣⲟ"/>
		<feat xlink:href="#sSpan1606" value="ϥ"/>
		<feat xlink:href="#sSpan1608" value="ⲧⲉⲛⲟⲩ"/>
		<feat xlink:href="#sSpan1612" value="·"/>
		<feat xlink:href="#sSpan1616" value="ⲁⲩⲱ"/>
		<feat xlink:href="#sSpan1621" value="ⲙⲡⲉ"/>
		<feat xlink:href="#sSpan1625" value="ϥ"/>
		<feat xlink:href="#sSpan1627" value="ⲧⲣⲉ"/>
		<feat xlink:href="#sSpan1629" value="ⲛ"/>
		<feat xlink:href="#sSpan1634" value="ⲥⲁⲣⲝ"/>
		<feat xlink:href="#sSpan1636" value="ⲛ"/>
		<feat xlink:href="#sSpan1640" value="ⲛ"/>
		<feat xlink:href="#sSpan1643" value="ⲉⲧ"/>
		<feat xlink:href="#sSpan1645" value="ϫⲱ"/>
		<feat xlink:href="#sSpan1648" value="ⲙⲙⲟ"/>
		<feat xlink:href="#sSpan1652" value="ⲥ"/>
		<feat xlink:href="#sSpan1654" value="·"/>
		<feat xlink:href="#sSpan1658" value="ϫⲉ"/>
		<feat xlink:href="#sSpan1662" value="ⲟⲩ"/>
		<feat xlink:href="#sSpan1665" value="ⲛⲟⲩⲧⲉ"/>
		<feat xlink:href="#sSpan1668" value="ⲁⲛ"/>
		<feat xlink:href="#sSpan1672" value="ⲡⲉ"/>
		<feat xlink:href="#sSpan1676" value="ⲡⲟⲧⲡⲉⲧ"/>
		<feat xlink:href="#sSpan1681" value="ⲉ"/>
		<feat xlink:href="#sSpan1685" value="ⲡ"/>
		<feat xlink:href="#sSpan1687" value="ⲉⲥⲏⲧ"/>
		<feat xlink:href="#sSpan1690" value="·"/>
		<feat xlink:href="#sSpan1695" value="ⲁⲗⲗⲁ"/>
		<feat xlink:href="#sSpan1701" value="ⲥⲉ"/>
		<feat xlink:href="#sSpan1706" value="ⲛⲁ"/>
		<feat xlink:href="#sSpan1708" value="ⲡⲟⲧⲡⲉⲧ"/>
		<feat xlink:href="#sSpan1710" value="ϭⲉ"/>
		<feat xlink:href="#sSpan1715" value="ⲁⲩⲱ"/>
		<feat xlink:href="#sSpan1719" value="ⲛ"/>
		<feat xlink:href="#sSpan1723" value="ⲥⲉ"/>
		<feat xlink:href="#sSpan1725" value="ⲡⲱϩ"/>
		<feat xlink:href="#sSpan1727" value="·"/>
		<feat xlink:href="#sSpan1731" value="ⲁⲩⲱ"/>
		<feat xlink:href="#sSpan1736" value="ⲡⲉⲩ"/>
		<feat xlink:href="#sSpan1741" value="ⲗⲁⲥ"/>
		<feat xlink:href="#sSpan1743" value="ⲛⲁ"/>
		<feat xlink:href="#sSpan1748" value="ⲡⲱϩ"/>
		<feat xlink:href="#sSpan1750" value="ϭⲉ"/>
		<feat xlink:href="#sSpan1752" value="·"/>
		<feat xlink:href="#sSpan1756" value="ⲁⲩⲱ"/>
		<feat xlink:href="#sSpan1760" value="ⲛ"/>
		<feat xlink:href="#sSpan1765" value="ϥ"/>
		<feat xlink:href="#sSpan1768" value="ⲉⲓⲧⲉ"/>
		<feat xlink:href="#sSpan1770" value="ⲙ"/>
		<feat xlink:href="#sSpan1774" value="ⲡ"/>
		<feat xlink:href="#sSpan1777" value="ⲥⲟⲡ"/>
		<feat xlink:href="#sSpan1779" value="ⲉⲧⲉⲣⲉ"/>
		<feat xlink:href="#sSpan1784" value="ⲡ"/>
		<feat xlink:href="#sSpan1787" value="ϫⲟⲉⲓⲥ"/>
		<feat xlink:href="#sSpan1790" value="ⲓⲏⲥⲟⲩⲥ"/>
		<feat xlink:href="#sSpan1795" value="ⲛⲁ"/>
		<feat xlink:href="#sSpan1799" value="ⲧⲥⲁⲃⲟ"/>
		<feat xlink:href="#sSpan1801" value="ⲟⲩ"/>
		<feat xlink:href="#sSpan1803" value="ⲉ"/>
		<feat xlink:href="#sSpan1808" value="ⲡ"/>
		<feat xlink:href="#sSpan1811" value="ⲉϩⲟⲟⲩ"/>
		<feat xlink:href="#sSpan1813" value="ⲉ"/>
		<feat xlink:href="#sSpan1817" value="ⲡⲉⲩ"/>
		<feat xlink:href="#sSpan1820" value="ⲕⲱⲛⲥ"/>
		<feat xlink:href="#sSpan1824" value="·"/>
		<feat xlink:href="#sSpan1828" value="ⲥ"/>
		<feat xlink:href="#sSpan1835" value="ⲕⲏ"/>
		<feat xlink:href="#sSpan1839" value="ⲙⲉⲛ"/>
		<feat xlink:href="#sSpan1844" value="ⲉϩⲣⲁⲓ"/>
		<feat xlink:href="#sSpan1848" value="ⲉ"/>
		<feat xlink:href="#sSpan1852" value="ⲧⲣⲉ"/>
		<feat xlink:href="#sSpan1854" value="ⲛ"/>
		<feat xlink:href="#sSpan1857" value="ⲣⲱⲙⲉ"/>
		<feat xlink:href="#sSpan1860" value="ⲙ"/>
		<feat xlink:href="#sSpan1864" value="ⲡ"/>
		<feat xlink:href="#sSpan1867" value="ⲛⲟⲩⲧⲉ"/>
		<feat xlink:href="#sSpan1870" value="ϣⲗⲏⲗ"/>
		<feat xlink:href="#sSpan1874" value="ⲉϫⲛ"/>
		<feat xlink:href="#sSpan1878" value="ⲛ"/>
		<feat xlink:href="#sSpan1882" value="ⲉⲧ"/>
		<feat xlink:href="#sSpan1884" value="ⲡⲏⲧ"/>
		<feat xlink:href="#sSpan1886" value="ⲛⲥⲱ"/>
		<feat xlink:href="#sSpan1890" value="ⲟⲩ"/>
		<feat xlink:href="#sSpan1892" value="·"/>
		<feat xlink:href="#sSpan1897" value="ⲉⲧⲃⲉ"/>
		<feat xlink:href="#sSpan1905" value="ⲡⲁⲓ"/>
		<feat xlink:href="#sSpan1908" value="ⲧⲛ"/>
		<feat xlink:href="#sSpan1912" value="ⲥⲙⲟⲩ"/>
		<feat xlink:href="#sSpan1915" value="ⲉ"/>
		<feat xlink:href="#sSpan1919" value="ⲛ"/>
		<feat xlink:href="#sSpan1922" value="ⲉⲧ"/>
		<feat xlink:href="#sSpan1924" value="ⲥⲁϩⲟⲩ"/>
		<feat xlink:href="#sSpan1926" value="ⲙⲙⲟ"/>
		<feat xlink:href="#sSpan1931" value="ⲛ"/>
		<feat xlink:href="#sSpan1934" value="ⲁⲩⲱ"/>
		<feat xlink:href="#sSpan1940" value="ⲕⲁⲧⲁ"/>
		<feat xlink:href="#sSpan1944" value="ⲧ"/>
		<feat xlink:href="#sSpan1948" value="ⲉⲛⲧⲟⲗⲏ"/>
		<feat xlink:href="#sSpan1951" value="ⲙ"/>
		<feat xlink:href="#sSpan1955" value="ⲡⲉⲛ"/>
		<feat xlink:href="#sSpan1958" value="ⲥⲁϩ"/>
		<feat xlink:href="#sSpan1960" value="ⲁⲩⲱ"/>
		<feat xlink:href="#sSpan1965" value="ⲡ"/>
		<feat xlink:href="#sSpan1970" value="ϫⲟⲉⲓⲥ"/>
		<feat xlink:href="#sSpan1972" value="ⲡⲉ"/>
		<feat xlink:href="#sSpan1977" value="ⲭⲣⲓⲥⲧⲟⲥ"/>
		<feat xlink:href="#sSpan1980" value="·"/>
		<feat xlink:href="#sSpan1984" value="ⲉⲣϣⲁⲛ"/>
		<feat xlink:href="#sSpan1990" value="ⲛⲉϥ"/>
		<feat xlink:href="#sSpan1993" value="ⲥⲃⲟⲩⲓ"/>
		<feat xlink:href="#sSpan1997" value="ⲅⲁⲣ"/>
		<feat xlink:href="#sSpan2001" value="·"/>
		<feat xlink:href="#sSpan2005" value="ⲁⲩⲱ"/>
		<feat xlink:href="#sSpan2009" value="ⲛⲉϥ"/>
		<feat xlink:href="#sSpan2015" value="ϩⲙϩⲁⲗ"/>
		<feat xlink:href="#sSpan2017" value="ⲥϩⲟⲩⲉⲣ"/>
		<feat xlink:href="#sSpan2022" value="ϩⲉⲛ"/>
		<feat xlink:href="#sSpan2025" value="ⲣⲱⲙⲉ"/>
		<feat xlink:href="#sSpan2027" value="ⲉⲧⲃⲏⲏⲧ"/>
		<feat xlink:href="#sSpan2032" value="ⲟⲩ"/>
		<feat xlink:href="#sSpan2034" value="·"/>
		<feat xlink:href="#sSpan2038" value="ϫⲉ"/>
		<feat xlink:href="#sSpan2042" value="ⲥⲉ"/>
		<feat xlink:href="#sSpan2044" value="ϫⲉ"/>
		<feat xlink:href="#sSpan2047" value="ⲡ"/>
		<feat xlink:href="#sSpan2050" value="ⲉⲧ"/>
		<feat xlink:href="#sSpan2052" value="ϩⲟⲟⲩ"/>
		<feat xlink:href="#sSpan2054" value="ⲉⲣⲟ"/>
		<feat xlink:href="#sSpan2058" value="ⲟⲩ"/>
		<feat xlink:href="#sSpan2060" value="ⲟⲩⲉⲛ"/>
		<feat xlink:href="#sSpan2065" value="ⲟⲩⲟⲛ"/>
		<feat xlink:href="#sSpan2068" value="ⲉⲣⲟ"/>
		<feat xlink:href="#sSpan2072" value="ⲟⲩ"/>
		<feat xlink:href="#sSpan2075" value="·"/>
		<feat xlink:href="#sSpan2080" value="ⲉⲩϣⲁⲛ"/>
		<feat xlink:href="#sSpan2087" value="ⲧⲙ"/>
		<feat xlink:href="#sSpan2089" value="ⲥϩⲟⲩⲱⲣ"/>
		<feat xlink:href="#sSpan2092" value="ⲟⲩ"/>
		<feat xlink:href="#sSpan2095" value="ⲇⲉ"/>
		<feat xlink:href="#sSpan2099" value="ⲛⲧⲟⲟⲩ"/>
		<feat xlink:href="#sSpan2103" value="ϫⲉ"/>
		<feat xlink:href="#sSpan2107" value="ⲁ"/>
		<feat xlink:href="#sSpan2110" value="ⲩ"/>
		<feat xlink:href="#sSpan2112" value="ϫⲱ"/>
		<feat xlink:href="#sSpan2114" value="ⲛ"/>
		<feat xlink:href="#sSpan2118" value="ϯ"/>
		<feat xlink:href="#sSpan2121" value="ⲃⲟⲧⲉ"/>
		<feat xlink:href="#sSpan2123" value="ⲉⲃⲟⲗ"/>
		<feat xlink:href="#sSpan2129" value="ϩⲛ"/>
		<feat xlink:href="#sSpan2133" value="ⲣⲱ"/>
		<feat xlink:href="#sSpan2136" value="ⲟⲩ"/>
		<feat xlink:href="#sSpan2138" value="ϫⲉ"/>
		<feat xlink:href="#sSpan2143" value="ⲟⲩ"/>
		<feat xlink:href="#sSpan2146" value="ⲛⲟⲩⲧⲉ"/>
		<feat xlink:href="#sSpan2148" value="ⲁⲛ"/>
		<feat xlink:href="#sSpan2153" value="ⲡⲉ"/>
		<feat xlink:href="#sSpan2160" value="ⲡ"/>
		<feat xlink:href="#sSpan2165" value="ⲛⲟⲩⲧⲉ"/>
		<feat xlink:href="#sSpan2167" value="ⲙ"/>
		<feat xlink:href="#sSpan2171" value="ⲙⲉ"/>
		<feat xlink:href="#sSpan2173" value="ⲙⲁⲩⲁⲁ"/>
		<feat xlink:href="#sSpan2178" value="ϥ"/>
		<feat xlink:href="#sSpan2180" value="·"/>
		<feat xlink:href="#sSpan2184" value="ⲡ"/>
		<feat xlink:href="#sSpan2189" value="ⲉⲓⲱⲧ"/>
		<feat xlink:href="#sSpan2191" value="ⲙ"/>
		<feat xlink:href="#sSpan2196" value="ⲡⲉⲛ"/>
		<feat xlink:href="#sSpan2199" value="ϫⲟⲉⲓⲥ"/>
		<feat xlink:href="#sSpan2202" value="ⲓⲏⲥⲟⲩⲥ"/>
		<feat xlink:href="#sSpan2206" value="ⲥⲉ"/>
		<feat xlink:href="#sSpan2211" value="ⲟ"/>
		<feat xlink:href="#sSpan2213" value="ⲛ"/>
		<feat xlink:href="#sSpan2218" value="ⲕⲟⲓⲛⲱⲛⲟⲥ"/>
		<feat xlink:href="#sSpan2222" value="ⲛⲙⲙⲁ"/>
		<feat xlink:href="#sSpan2226" value="ⲩ"/>
		<feat xlink:href="#sSpan2228" value="ⲉ"/>
		<feat xlink:href="#sSpan2232" value="ⲛⲉⲩ"/>
		<feat xlink:href="#sSpan2235" value="ϩⲃⲏⲩⲉ"/>
		<feat xlink:href="#sSpan2238" value="ⲙⲛ"/>
		<feat xlink:href="#sSpan2242" value="ⲛⲉⲩ"/>
		<feat xlink:href="#sSpan2245" value="ϣⲁϫⲉ"/>
		<feat xlink:href="#sSpan2249" value="⟦·"/>
		<feat xlink:href="#sSpan2253" value="ⲁⲩⲱ"/>
		<feat xlink:href="#sSpan2259" value="ⲥⲉ"/>
		<feat xlink:href="#sSpan2263" value="ⲟ"/>
		<feat xlink:href="#sSpan2265" value="ⲛ"/>
		<feat xlink:href="#sSpan2271" value="ⲕⲟⲓⲛⲱⲛⲟⲥ"/>
		<feat xlink:href="#sSpan2274" value="ⲛⲙⲙⲁ"/>
		<feat xlink:href="#sSpan2279" value="ⲩ"/>
		<feat xlink:href="#sSpan2281" value="ⲉ"/>
		<feat xlink:href="#sSpan2285" value="ⲛⲉⲩ"/>
		<feat xlink:href="#sSpan2288" value="ϩⲃⲏⲩⲉ"/>
		<feat xlink:href="#sSpan2291" value="ⲙⲛ"/>
		<feat xlink:href="#sSpan2295" value="ⲛⲉⲩ"/>
		<feat xlink:href="#sSpan2298" value="ϣⲁϫⲉ"/>
		<feat xlink:href="#sSpan2301" value="·"/>
		<feat xlink:href="#sSpan2305" value="ⲁⲩⲱ"/>
		<feat xlink:href="#sSpan2311" value="ⲥⲉ"/>
		<feat xlink:href="#sSpan2315" value="ⲟ"/>
		<feat xlink:href="#sSpan2318" value="ⲛ"/>
		<feat xlink:href="#sSpan2323" value="ⲉⲛⲟⲭⲟⲥ"/>
		<feat xlink:href="#sSpan2326" value="ⲛⲙⲙⲁ"/>
		<feat xlink:href="#sSpan2331" value="ⲩ"/>
		<feat xlink:href="#sSpan2333" value="ⲉ"/>
		<feat xlink:href="#sSpan2337" value="ⲧⲉⲩ"/>
		<feat xlink:href="#sSpan2341" value="ⲕⲣⲓⲥⲓⲥ"/>
		<feat xlink:href="#sSpan2343" value="ⲙⲛ"/>
		<feat xlink:href="#sSpan2348" value="ⲡⲉⲩ"/>
		<feat xlink:href="#sSpan2351" value="ⲥⲁϩⲟⲩ"/>
		<feat xlink:href="#sSpan2353" value="ⲁⲩⲱ"/>
		<feat xlink:href="#sSpan2358" value="ⲧ"/>
		<feat xlink:href="#sSpan2364" value="ⲟⲣⲅⲏ"/>
		<feat xlink:href="#sSpan2366" value="·"/>
		<feat xlink:href="#sSpan2370" value="ⲙⲛ"/>
		<feat xlink:href="#sSpan2374" value="ⲧ"/>
		<feat xlink:href="#sSpan2379" value="ⲅⲉϩⲉⲛⲛⲁ"/>
		<feat xlink:href="#sSpan2381" value="·"/>
		<feat xlink:href="#sSpan2386" value="ⲉϣϫⲉ"/>
		<feat xlink:href="#sSpan2394" value="ⲙⲡ"/>
		<feat xlink:href="#sSpan2396" value="ⲟⲩ"/>
		<feat xlink:href="#sSpan2398" value="ⲥⲟⲩⲛ"/>
		<feat xlink:href="#sSpan2400" value="ⲡ"/>
		<feat xlink:href="#sSpan2404" value="ⲛⲟⲩⲧⲉ"/>
		<feat xlink:href="#sSpan2406" value="ϭⲉ"/>
		<feat xlink:href="#sSpan2410" value="ⲛϭⲓ"/>
		<feat xlink:href="#sSpan2415" value="ⲛ"/>
		<feat xlink:href="#sSpan2418" value="ⲣⲱⲙⲉ"/>
		<feat xlink:href="#sSpan2420" value="ⲛⲧ"/>
		<feat xlink:href="#sSpan2425" value="ⲁ"/>
		<feat xlink:href="#sSpan2427" value="ⲩ"/>
		<feat xlink:href="#sSpan2430" value="ⲣϩⲟⲩⲉ"/>
		<feat xlink:href="#sSpan2434" value="ⲫⲩⲥⲓⲥ"/>
		<feat xlink:href="#sSpan2438" value="ⲛ"/>
		<feat xlink:href="#sSpan2442" value="ⲧⲃⲛⲏ"/>
		<feat xlink:href="#sSpan2445" value="·"/>
		<feat xlink:href="#sSpan2449" value="ⲁⲩⲱ"/>
		<feat xlink:href="#sSpan2454" value="ⲙⲡ"/>
		<feat xlink:href="#sSpan2458" value="ⲟⲩ"/>
		<feat xlink:href="#sSpan2460" value="ⲉⲓⲙⲉ"/>
		<feat xlink:href="#sSpan2462" value="ⲉ"/>
		<feat xlink:href="#sSpan2467" value="ⲛⲉϥ"/>
		<feat xlink:href="#sSpan2470" value="ⲙⲟⲉⲓϩⲉ"/>
		<feat xlink:href="#sSpan2472" value="·"/>
		<feat xlink:href="#sSpan2476" value="ⲙⲛ"/>
		<feat xlink:href="#sSpan2480" value="ⲛⲉϥ"/>
		<feat xlink:href="#sSpan2484" value="ϭⲟⲙ"/>
		<feat xlink:href="#sSpan2486" value="·"/>
		<feat xlink:href="#sSpan2490" value="ⲙⲛ"/>
		<feat xlink:href="#sSpan2494" value="ⲛⲉϥ"/>
		<feat xlink:href="#sSpan2499" value="ϩⲃⲏⲩⲉ"/>
		<feat xlink:href="#sSpan2501" value="ⲧⲏⲣ"/>
		<feat xlink:href="#sSpan2506" value="ⲟⲩ"/>
		<feat xlink:href="#sSpan2508" value="·"/>
		<feat xlink:href="#sSpan2512" value="ⲛⲁ"/>
		<feat xlink:href="#sSpan2519" value="ⲡ"/>
		<feat xlink:href="#sSpan2522" value="ⲕⲁϩ"/>
		<feat xlink:href="#sSpan2524" value="ⲙⲁⲩⲁⲁ"/>
		<feat xlink:href="#sSpan2529" value="ⲩ"/>
		<feat xlink:href="#sSpan2531" value="ⲁⲛ"/>
		<feat xlink:href="#sSpan2535" value="ⲛ"/>
		<feat xlink:href="#sSpan2539" value="ⲉⲧ"/>
		<feat xlink:href="#sSpan2542" value="ⲟⲩ"/>
		<feat xlink:href="#sSpan2544" value="ⲛⲁⲩ"/>
		<feat xlink:href="#sSpan2546" value="ⲉⲣⲟ"/>
		<feat xlink:href="#sSpan2550" value="ⲟⲩ"/>
		<feat xlink:href="#sSpan2552" value="ⲁⲩⲱ"/>
		<feat xlink:href="#sSpan2557" value="ⲉ"/>
		<feat xlink:href="#sSpan2561" value="ⲩ"/>
		<feat xlink:href="#sSpan2563" value="ⲥⲱⲧⲙ"/>
		<feat xlink:href="#sSpan2565" value="ⲉⲧⲃⲏⲏⲧ"/>
		<feat xlink:href="#sSpan2570" value="ⲟⲩ"/>
		<feat xlink:href="#sSpan2573" value="ⲁⲗⲗⲁ"/>
		<feat xlink:href="#sSpan2577" value="ⲛⲁ"/>
		<feat xlink:href="#sSpan2582" value="ⲙ"/>
		<feat xlink:href="#sSpan2585" value="ⲡⲏⲩⲉ"/>
		<feat xlink:href="#sSpan2587" value="ⲙⲛ"/>
		<feat xlink:href="#sSpan2591" value="ⲛ"/>
		<feat xlink:href="#sSpan2595" value="ⲉⲧⲉ"/>
		<feat xlink:href="#sSpan2597" value="ϥ"/>
		<feat xlink:href="#sSpan2599" value="ⲛⲁ"/>
		<feat xlink:href="#sSpan2601" value="ⲁⲁ"/>
		<feat xlink:href="#sSpan2603" value="ⲩ"/>
		<feat xlink:href="#sSpan2605" value="ⲧⲏⲣ"/>
		<feat xlink:href="#sSpan2610" value="ⲟⲩ"/>
		<feat xlink:href="#sSpan2612" value="ⲟⲛ"/>
		<feat xlink:href="#sSpan2616" value="·"/>
		<feat xlink:href="#sSpan2620" value="ⲛ"/>
		<feat xlink:href="#sSpan2626" value="ⲁϣ"/>
		<feat xlink:href="#sSpan2629" value="ⲛ"/>
		<feat xlink:href="#sSpan2633" value="ϩⲉ"/>
		<feat xlink:href="#sSpan2636" value="ⲉ"/>
		<feat xlink:href="#sSpan2640" value="ⲩ"/>
		<feat xlink:href="#sSpan2642" value="ⲛⲁ"/>
		<feat xlink:href="#sSpan2644" value="ⲥⲟⲩⲛ"/>
		<feat xlink:href="#sSpan2646" value="ⲛⲉϥ"/>
		<feat xlink:href="#sSpan2650" value="ⲣⲱⲙⲉ"/>
		<feat xlink:href="#sSpan2652" value="·"/>
		<feat xlink:href="#sSpan2656" value="ⲙⲛ"/>
		<feat xlink:href="#sSpan2660" value="ⲛⲉⲩ"/>
		<feat xlink:href="#sSpan2664" value="ϩⲃⲏⲩⲉ"/>
		<feat xlink:href="#sSpan2666" value="·"/>
		<feat xlink:href="#sSpan2671" value="ⲡ"/>
		<feat xlink:href="#sSpan2679" value="ⲉⲧ"/>
		<feat xlink:href="#sSpan2682" value="ⲣϩⲟⲧⲉ"/>
		<feat xlink:href="#sSpan2685" value="ϩⲏⲧ"/>
		<feat xlink:href="#sSpan2689" value="ϥ"/>
		<feat xlink:href="#sSpan2691" value="ⲛ"/>
		<feat xlink:href="#sSpan2696" value="ⲟⲩ"/>
		<feat xlink:href="#sSpan2699" value="ⲣⲱⲙⲉ"/>
		<feat xlink:href="#sSpan2701" value="ⲉ"/>
		<feat xlink:href="#sSpan2705" value="ϣⲁ"/>
		<feat xlink:href="#sSpan2707" value="ϥ"/>
		<feat xlink:href="#sSpan2709" value="ⲙⲟⲩ"/>
		<feat xlink:href="#sSpan2712" value="·"/>
		<feat xlink:href="#sSpan2716" value="ⲁⲩⲱ"/>
		<feat xlink:href="#sSpan2720" value="ⲉ"/>
		<feat xlink:href="#sSpan2724" value="ϩⲏⲧ"/>
		<feat xlink:href="#sSpan2728" value="ϥ"/>
		<feat xlink:href="#sSpan2730" value="ⲛ"/>
		<feat xlink:href="#sSpan2734" value="ⲟⲩ"/>
		<feat xlink:href="#sSpan2737" value="ϣⲏⲣⲉ"/>
		<feat xlink:href="#sSpan2739" value="ⲛ"/>
		<feat xlink:href="#sSpan2744" value="ⲣⲱⲙⲉ"/>
		<feat xlink:href="#sSpan2746" value="·"/>
		<feat xlink:href="#sSpan2750" value="ⲛⲁⲓ"/>
		<feat xlink:href="#sSpan2754" value="ⲉ"/>
		<feat xlink:href="#sSpan2758" value="ϣⲁ"/>
		<feat xlink:href="#sSpan2761" value="ⲩ"/>
		<feat xlink:href="#sSpan2763" value="ϣⲟⲟⲩⲉ"/>
		<feat xlink:href="#sSpan2765" value="ⲛ"/>
		<feat xlink:href="#sSpan2769" value="ⲧ"/>
		<feat xlink:href="#sSpan2772" value="ϩⲉ"/>
		<feat xlink:href="#sSpan2774" value="ⲛ"/>
		<feat xlink:href="#sSpan2778" value="ⲟⲩ"/>
		<feat xlink:href="#sSpan2782" value="ⲭⲟⲣⲧⲟⲥ"/>
		<feat xlink:href="#sSpan2784" value="·"/>
		<feat xlink:href="#sSpan2788" value="ⲛⲉ"/>
		<feat xlink:href="#sSpan2793" value="ⲩ"/>
		<feat xlink:href="#sSpan2795" value="ϣⲟⲃⲉ"/>
		<feat xlink:href="#sSpan2797" value="ⲁⲛ"/>
		<feat xlink:href="#sSpan2801" value="ⲉ"/>
		<feat xlink:href="#sSpan2806" value="ϩⲉⲛ"/>
		<feat xlink:href="#sSpan2809" value="ϣⲏⲣⲉ"/>
		<feat xlink:href="#sSpan2812" value="ϣⲏⲙ"/>
		<feat xlink:href="#sSpan2816" value="ⲉ"/>
		<feat xlink:href="#sSpan2821" value="ⲛ"/>
		<feat xlink:href="#sSpan2825" value="ⲁⲧⲥⲟⲟⲩⲛ"/>
		<feat xlink:href="#sSpan2828" value="·"/>
		<feat xlink:href="#sSpan2832" value="ⲉ"/>
		<feat xlink:href="#sSpan2836" value="ϣⲁ"/>
		<feat xlink:href="#sSpan2839" value="ⲩ"/>
		<feat xlink:href="#sSpan2841" value="ϥⲱϭⲉ"/>
		<feat xlink:href="#sSpan2843" value="ⲁⲩⲱ"/>
		<feat xlink:href="#sSpan2847" value="ⲛ"/>
		<feat xlink:href="#sSpan2852" value="ⲥⲉ"/>
		<feat xlink:href="#sSpan2854" value="ⲧⲣⲣⲉ"/>
		<feat xlink:href="#sSpan2856" value="ϩⲙ"/></featList></paula>