<?xml version='1.0' encoding='UTF-8'?><!DOCTYPE paula SYSTEM "paula_feat.dtd">
<paula version="1.1">
	<header paula_id="scriptorium.shenoute.those.GF259-262.mark_pos"/>
	<featList xmlns:xlink="http://www.w3.org/1999/xlink" type="pos" xml:base="scriptorium.shenoute.those.GF259-262.mark.xml">
		<feat xlink:href="#sSpan2" value="COP"/>
		<feat xlink:href="#sSpan12" value="PREP"/>
		<feat xlink:href="#sSpan16" value="ART"/>
		<feat xlink:href="#sSpan19" value="N"/>
		<feat xlink:href="#sSpan21" value="CCIRC"/>
		<feat xlink:href="#sSpan25" value="PPERS"/>
		<feat xlink:href="#sSpan27" value="VSTAT"/>
		<feat xlink:href="#sSpan30" value="ADV"/>
		<feat xlink:href="#sSpan34" value="PREP_PPERO"/>
		<feat xlink:href="#sSpan38" value="PUNCT"/>
		<feat xlink:href="#sSpan42" value="CPRET"/>
		<feat xlink:href="#sSpan49" value="AAOR"/>
		<feat xlink:href="#sSpan51" value="PPERS"/>
		<feat xlink:href="#sSpan54" value="V"/>
		<feat xlink:href="#sSpan56" value="ART"/>
		<feat xlink:href="#sSpan60" value="N"/>
		<feat xlink:href="#sSpan63" value="CCIRC"/>
		<feat xlink:href="#sSpan67" value="PPERS"/>
		<feat xlink:href="#sSpan70" value="V"/>
		<feat xlink:href="#sSpan74" value="N"/>
		<feat xlink:href="#sSpan77" value="PUNCT"/>
		<feat xlink:href="#sSpan82" value="CONJ"/>
		<feat xlink:href="#sSpan86" value="CCIRC"/>
		<feat xlink:href="#sSpan90" value="PPERS"/>
		<feat xlink:href="#sSpan92" value="VSTAT"/>
		<feat xlink:href="#sSpan94" value="ADV"/>
		<feat xlink:href="#sSpan99" value="PUNCT"/>
		<feat xlink:href="#sSpan103" value="CCIRC"/>
		<feat xlink:href="#sSpan109" value="PPERS"/>
		<feat xlink:href="#sSpan111" value="FUT"/>
		<feat xlink:href="#sSpan114" value="V"/>
		<feat xlink:href="#sSpan118" value="CONJ"/>
		<feat xlink:href="#sSpan122" value="PINT"/>
		<feat xlink:href="#sSpan124" value="PREP"/>
		<feat xlink:href="#sSpan128" value="N"/>
		<feat xlink:href="#sSpan132" value="PPERO"/>
		<feat xlink:href="#sSpan134" value="PREP"/>
		<feat xlink:href="#sSpan138" value="ART"/>
		<feat xlink:href="#sSpan141" value="N"/>
		<feat xlink:href="#sSpan143" value="PREP"/>
		<feat xlink:href="#sSpan149" value="N"/>
		<feat xlink:href="#sSpan152" value="PUNCT"/>
		<feat xlink:href="#sSpan156" value="NEG"/>
		<feat xlink:href="#sSpan162" value="PPERS"/>
		<feat xlink:href="#sSpan164" value="V"/>
		<feat xlink:href="#sSpan167" value="NEG"/>
		<feat xlink:href="#sSpan171" value="PREP"/>
		<feat xlink:href="#sSpan175" value="V"/>
		<feat xlink:href="#sSpan177" value="PPERO"/>
		<feat xlink:href="#sSpan179" value="CONJ"/>
		<feat xlink:href="#sSpan184" value="EXIST"/>
		<feat xlink:href="#sSpan186" value="N"/>
		<feat xlink:href="#sSpan189" value="VSTAT"/>
		<feat xlink:href="#sSpan194" value="PUNCT"/>
		<feat xlink:href="#sSpan198" value="ART"/>
		<feat xlink:href="#sSpan206" value="N"/>
		<feat xlink:href="#sSpan209" value="PREP"/>
		<feat xlink:href="#sSpan213" value="ART"/>
		<feat xlink:href="#sSpan217" value="N"/>
		<feat xlink:href="#sSpan220" value="PUNCT"/>
		<feat xlink:href="#sSpan224" value="FUT"/>
		<feat xlink:href="#sSpan228" value="V"/>
		<feat xlink:href="#sSpan230" value="PREP"/>
		<feat xlink:href="#sSpan235" value="PPERO"/>
		<feat xlink:href="#sSpan237" value="PUNCT"/>
		<feat xlink:href="#sSpan241" value="ART"/>
		<feat xlink:href="#sSpan246" value="CREL"/>
		<feat xlink:href="#sSpan248" value="V"/>
		<feat xlink:href="#sSpan251" value="PREP"/>
		<feat xlink:href="#sSpan255" value="PPOS"/>
		<feat xlink:href="#sSpan259" value="N"/>
		<feat xlink:href="#sSpan261" value="CONJ"/>
		<feat xlink:href="#sSpan266" value="CREL"/>
		<feat xlink:href="#sSpan270" value="V"/>
		<feat xlink:href="#sSpan272" value="PREP"/>
		<feat xlink:href="#sSpan277" value="PPERO"/>
		<feat xlink:href="#sSpan279" value="PREP"/>
		<feat xlink:href="#sSpan283" value="ART"/>
		<feat xlink:href="#sSpan287" value="N"/>
		<feat xlink:href="#sSpan290" value="CREL"/>
		<feat xlink:href="#sSpan294" value="VSTAT"/>
		<feat xlink:href="#sSpan297" value="PUNCT"/>
		<feat xlink:href="#sSpan302" value="CONJ"/>
		<feat xlink:href="#sSpan309" value="PREP"/>
		<feat xlink:href="#sSpan311" value="PREP"/>
		<feat xlink:href="#sSpan313" value="N"/>
		<feat xlink:href="#sSpan317" value="PPERS"/>
		<feat xlink:href="#sSpan321" value="V"/>
		<feat xlink:href="#sSpan323" value="PREP"/>
		<feat xlink:href="#sSpan327" value="ART"/>
		<feat xlink:href="#sSpan330" value="N"/>
		<feat xlink:href="#sSpan333" value="CCIRC"/>
		<feat xlink:href="#sSpan337" value="PPERS"/>
		<feat xlink:href="#sSpan339" value="VSTAT"/>
		<feat xlink:href="#sSpan341" value="PREP"/>
		<feat xlink:href="#sSpan346" value="ART"/>
		<feat xlink:href="#sSpan349" value="N"/>
		<feat xlink:href="#sSpan354" value="PREP"/>
		<feat xlink:href="#sSpan360" value="ART"/>
		<feat xlink:href="#sSpan362" value="N"/>
		<feat xlink:href="#sSpan364" value="CREL"/>
		<feat xlink:href="#sSpan368" value="VSTAT"/>
		<feat xlink:href="#sSpan370" value="PUNCT"/>
		<feat xlink:href="#sSpan374" value="APST"/>
		<feat xlink:href="#sSpan378" value="PPERS"/>
		<feat xlink:href="#sSpan380" value="V"/>
		<feat xlink:href="#sSpan383" value="PPERO"/>
		<feat xlink:href="#sSpan385" value="ADV"/>
		<feat xlink:href="#sSpan389" value="CONJ"/>
		<feat xlink:href="#sSpan393" value="ART"/>
		<feat xlink:href="#sSpan397" value="N"/>
		<feat xlink:href="#sSpan400" value="FUT"/>
		<feat xlink:href="#sSpan404" value="V"/>
		<feat xlink:href="#sSpan406" value="PREP"/>
		<feat xlink:href="#sSpan411" value="ART"/>
		<feat xlink:href="#sSpan413" value="V"/>
		<feat xlink:href="#sSpan415" value="ART"/>
		<feat xlink:href="#sSpan417" value="N"/>
		<feat xlink:href="#sSpan419" value="PREP"/>
		<feat xlink:href="#sSpan423" value="N"/>
		<feat xlink:href="#sSpan427" value="PUNCT"/>
		<feat xlink:href="#sSpan431" value="NEG"/>
		<feat xlink:href="#sSpan435" value="PPERS"/>
		<feat xlink:href="#sSpan437" value="FUT"/>
		<feat xlink:href="#sSpan440" value="V"/>
		<feat xlink:href="#sSpan444" value="NEG"/>
		<feat xlink:href="#sSpan448" value="N"/>
		<feat xlink:href="#sSpan452" value="PPERO"/>
		<feat xlink:href="#sSpan454" value="PREP"/>
		<feat xlink:href="#sSpan459" value="ART"/>
		<feat xlink:href="#sSpan462" value="N"/>
		<feat xlink:href="#sSpan464" value="CCIRC"/>
		<feat xlink:href="#sSpan468" value="PPERS"/>
		<feat xlink:href="#sSpan470" value="VSTAT"/>
		<feat xlink:href="#sSpan473" value="PUNCT"/>
		<feat xlink:href="#sSpan478" value="CFOC"/>
		<feat xlink:href="#sSpan485" value="ART"/>
		<feat xlink:href="#sSpan488" value="N"/>
		<feat xlink:href="#sSpan490" value="PREP"/>
		<feat xlink:href="#sSpan494" value="ART"/>
		<feat xlink:href="#sSpan498" value="N"/>
		<feat xlink:href="#sSpan501" value="FUT"/>
		<feat xlink:href="#sSpan505" value="V"/>
		<feat xlink:href="#sSpan507" value="PREP"/>
		<feat xlink:href="#sSpan511" value="PPERO"/>
		<feat xlink:href="#sSpan513" value="PREP"/>
		<feat xlink:href="#sSpan518" value="PINT"/>
		<feat xlink:href="#sSpan520" value="PUNCT"/>
		<feat xlink:href="#sSpan524" value="PREP"/>
		<feat xlink:href="#sSpan528" value="ART"/>
		<feat xlink:href="#sSpan531" value="N"/>
		<feat xlink:href="#sSpan535" value="ADV"/>
		<feat xlink:href="#sSpan540" value="PREP"/>
		<feat xlink:href="#sSpan544" value="PPOS"/>
		<feat xlink:href="#sSpan547" value="N"/>
		<feat xlink:href="#sSpan550" value="ADV"/>
		<feat xlink:href="#sSpan554" value="PREP"/>
		<feat xlink:href="#sSpan559" value="PPERO"/>
		<feat xlink:href="#sSpan561" value="PUNCT"/>
		<feat xlink:href="#sSpan565" value="PREP"/>
		<feat xlink:href="#sSpan569" value="N"/>
		<feat xlink:href="#sSpan573" value="PINT"/>
		<feat xlink:href="#sSpan578" value="CCIRC"/>
		<feat xlink:href="#sSpan582" value="NEG"/>
		<feat xlink:href="#sSpan584" value="PPERS"/>
		<feat xlink:href="#sSpan586" value="VSTAT"/>
		<feat xlink:href="#sSpan588" value="NEG"/>
		<feat xlink:href="#sSpan593" value="PUNCT"/>
		<feat xlink:href="#sSpan598" value="PREP"/>
		<feat xlink:href="#sSpan605" value="ART"/>
		<feat xlink:href="#sSpan607" value="N"/>
		<feat xlink:href="#sSpan609" value="CREL"/>
		<feat xlink:href="#sSpan613" value="APST"/>
		<feat xlink:href="#sSpan615" value="NUM"/>
		<feat xlink:href="#sSpan618" value="V"/>
		<feat xlink:href="#sSpan622" value="PPERO"/>
		<feat xlink:href="#sSpan625" value="CONJ"/>
		<feat xlink:href="#sSpan630" value="CCIRC"/>
		<feat xlink:href="#sSpan634" value="PPERS"/>
		<feat xlink:href="#sSpan636" value="VSTAT"/>
		<feat xlink:href="#sSpan639" value="CONJ"/>
		<feat xlink:href="#sSpan644" value="CCIRC"/>
		<feat xlink:href="#sSpan648" value="PPERS"/>
		<feat xlink:href="#sSpan650" value="VSTAT"/>
		<feat xlink:href="#sSpan652" value="NEG"/>
		<feat xlink:href="#sSpan657" value="PUNCT"/>
		<feat xlink:href="#sSpan661" value="CONJ"/>
		<feat xlink:href="#sSpan665" value="ACOND_PPERS"/>
		<feat xlink:href="#sSpan667" value="V"/>
		<feat xlink:href="#sSpan670" value="PREP"/>
		<feat xlink:href="#sSpan674" value="PPERO"/>
		<feat xlink:href="#sSpan676" value="PREP"/>
		<feat xlink:href="#sSpan680" value="ART"/>
		<feat xlink:href="#sSpan684" value="N"/>
		<feat xlink:href="#sSpan686" value="PREP"/>
		<feat xlink:href="#sSpan690" value="ART"/>
		<feat xlink:href="#sSpan694" value="N"/>
		<feat xlink:href="#sSpan698" value="AAOR"/>
		<feat xlink:href="#sSpan703" value="PPERS"/>
		<feat xlink:href="#sSpan705" value="V"/>
		<feat xlink:href="#sSpan707" value="PPERI"/>
		<feat xlink:href="#sSpan711" value="PREP"/>
		<feat xlink:href="#sSpan716" value="PPOS"/>
		<feat xlink:href="#sSpan719" value="N"/>
		<feat xlink:href="#sSpan725" value="PREP"/>
		<feat xlink:href="#sSpan729" value="PPERO"/>
		<feat xlink:href="#sSpan731" value="PUNCT"/>
		<feat xlink:href="#sSpan736" value="PREP"/>
		<feat xlink:href="#sSpan747" value="N"/>
		<feat xlink:href="#sSpan751" value="PTC"/>
		<feat xlink:href="#sSpan755" value="PINT"/>
		<feat xlink:href="#sSpan760" value="CREL"/>
		<feat xlink:href="#sSpan765" value="V"/>
		<feat xlink:href="#sSpan767" value="PREP"/>
		<feat xlink:href="#sSpan773" value="NPROP"/>
		<feat xlink:href="#sSpan776" value="PUNCT"/>
		<feat xlink:href="#sSpan781" value="ART"/>
		<feat xlink:href="#sSpan785" value="N"/>
		<feat xlink:href="#sSpan787" value="PREP"/>
		<feat xlink:href="#sSpan789" value="N"/>
		<feat xlink:href="#sSpan794" value="PREP"/>
		<feat xlink:href="#sSpan798" value="PPERO"/>
		<feat xlink:href="#sSpan800" value="PREP"/>
		<feat xlink:href="#sSpan804" value="PPERO"/>
		<feat xlink:href="#sSpan806" value="CONJ"/>
		<feat xlink:href="#sSpan811" value="EXIST"/>
		<feat xlink:href="#sSpan815" value="PPERS"/>
		<feat xlink:href="#sSpan817" value="PPERO"/>
		<feat xlink:href="#sSpan822" value="PPERO"/>
		<feat xlink:href="#sSpan824" value="ADV"/>
		<feat xlink:href="#sSpan828" value="PUNCT"/>
		<feat xlink:href="#sSpan834" value="CONJ"/>
		<feat xlink:href="#sSpan841" value="PREP"/>
		<feat xlink:href="#sSpan845" value="ART"/>
		<feat xlink:href="#sSpan848" value="N"/>
		<feat xlink:href="#sSpan851" value="PREP"/>
		<feat xlink:href="#sSpan856" value="N"/>
		<feat xlink:href="#sSpan860" value="PREP"/>
		<feat xlink:href="#sSpan864" value="N"/>
		<feat xlink:href="#sSpan866" value="CREL"/>
		<feat xlink:href="#sSpan870" value="ADV"/>
		<feat xlink:href="#sSpan873" value="PUNCT"/>
		<feat xlink:href="#sSpan877" value="EXIST"/>
		<feat xlink:href="#sSpan881" value="PPERO"/>
		<feat xlink:href="#sSpan883" value="N"/>
		<feat xlink:href="#sSpan887" value="PREP"/>
		<feat xlink:href="#sSpan891" value="N"/>
		<feat xlink:href="#sSpan893" value="PREP"/>
		<feat xlink:href="#sSpan897" value="V"/>
		<feat xlink:href="#sSpan900" value="PREP"/>
		<feat xlink:href="#sSpan904" value="PPERO"/>
		<feat xlink:href="#sSpan906" value="PUNCT"/>
		<feat xlink:href="#sSpan910" value="PREP"/>
		<feat xlink:href="#sSpan914" value="ACAUS"/>
		<feat xlink:href="#sSpan917" value="PPERS"/>
		<feat xlink:href="#sSpan919" value="V"/>
		<feat xlink:href="#sSpan921" value="PPERO"/>
		<feat xlink:href="#sSpan923" value="CONJ"/>
		<feat xlink:href="#sSpan927" value="CFOC"/>
		<feat xlink:href="#sSpan930" value="PPERS"/>
		<feat xlink:href="#sSpan932" value="V"/>
		<feat xlink:href="#sSpan934" value="PREP"/>
		<feat xlink:href="#sSpan938" value="ART"/>
		<feat xlink:href="#sSpan941" value="N"/>
		<feat xlink:href="#sSpan943" value="PREP"/>
		<feat xlink:href="#sSpan948" value="ART"/>
		<feat xlink:href="#sSpan951" value="N"/>
		<feat xlink:href="#sSpan953" value="ADV"/>
		<feat xlink:href="#sSpan957" value="PREP"/>
		<feat xlink:href="#sSpan962" value="PPERO"/>
		<feat xlink:href="#sSpan964" value="PUNCT"/>
		<feat xlink:href="#sSpan968" value="PREP"/>
		<feat xlink:href="#sSpan972" value="NEG"/>
		<feat xlink:href="#sSpan975" value="V"/>
		<feat xlink:href="#sSpan979" value="PUNCT"/>
		<feat xlink:href="#sSpan983" value="PREP"/>
		<feat xlink:href="#sSpan987" value="N"/>
		<feat xlink:href="#sSpan990" value="PREP"/>
		<feat xlink:href="#sSpan995" value="N"/>
		<feat xlink:href="#sSpan999" value="PINT"/>
		<feat xlink:href="#sSpan1004" value="PREP"/>
		<feat xlink:href="#sSpan1009" value="PPOS"/>
		<feat xlink:href="#sSpan1012" value="N"/>
		<feat xlink:href="#sSpan1014" value="PUNCT"/>
		<feat xlink:href="#sSpan1018" value="CONJ"/>
		<feat xlink:href="#sSpan1025" value="CCIRC"/>
		<feat xlink:href="#sSpan1030" value="ACAUS"/>
		<feat xlink:href="#sSpan1032" value="PPERS"/>
		<feat xlink:href="#sSpan1034" value="V"/>
		<feat xlink:href="#sSpan1036" value="PPERO"/>
		<feat xlink:href="#sSpan1038" value="CONJ"/>
		<feat xlink:href="#sSpan1043" value="APST"/>
		<feat xlink:href="#sSpan1045" value="PPERS"/>
		<feat xlink:href="#sSpan1047" value="V"/>
		<feat xlink:href="#sSpan1050" value="ADV"/>
		<feat xlink:href="#sSpan1054" value="PREP"/>
		<feat xlink:href="#sSpan1059" value="PPOS"/>
		<feat xlink:href="#sSpan1062" value="N"/>
		<feat xlink:href="#sSpan1065" value="ADV"/>
		<feat xlink:href="#sSpan1070" value="PUNCT"/>
		<feat xlink:href="#sSpan1074" value="APST"/>
		<feat xlink:href="#sSpan1078" value="PPERS"/>
		<feat xlink:href="#sSpan1080" value="V"/>
		<feat xlink:href="#sSpan1083" value="PREP"/>
		<feat xlink:href="#sSpan1087" value="ART"/>
		<feat xlink:href="#sSpan1090" value="CREL"/>
		<feat xlink:href="#sSpan1092" value="PPERS"/>
		<feat xlink:href="#sSpan1094" value="V"/>
		<feat xlink:href="#sSpan1097" value="PREP"/>
		<feat xlink:href="#sSpan1101" value="PPERO"/>
		<feat xlink:href="#sSpan1103" value="CCIRC"/>
		<feat xlink:href="#sSpan1109" value="PPERS"/>
		<feat xlink:href="#sSpan1111" value="V"/>
		<feat xlink:href="#sSpan1113" value="PREP"/>
		<feat xlink:href="#sSpan1117" value="PPERO"/>
		<feat xlink:href="#sSpan1119" value="CONJ"/>
		<feat xlink:href="#sSpan1123" value="ANEGPST"/>
		<feat xlink:href="#sSpan1126" value="PPERS"/>
		<feat xlink:href="#sSpan1128" value="V"/>
		<feat xlink:href="#sSpan1130" value="V"/>
		<feat xlink:href="#sSpan1132" value="PREP"/>
		<feat xlink:href="#sSpan1138" value="V"/>
		<feat xlink:href="#sSpan1140" value="PREP"/>
		<feat xlink:href="#sSpan1144" value="PPERO"/>
		<feat xlink:href="#sSpan1146" value="PUNCT"/>
		<feat xlink:href="#sSpan1151" value="PINT"/>
		<feat xlink:href="#sSpan1160" value="PTC"/>
		<feat xlink:href="#sSpan1164" value="COP"/>
		<feat xlink:href="#sSpan1168" value="ART"/>
		<feat xlink:href="#sSpan1173" value="ART"/>
		<feat xlink:href="#sSpan1176" value="N"/>
		<feat xlink:href="#sSpan1179" value="PUNCT"/>
		<feat xlink:href="#sSpan1183" value="CONJ"/>
		<feat xlink:href="#sSpan1187" value="ART"/>
		<feat xlink:href="#sSpan1193" value="ART"/>
		<feat xlink:href="#sSpan1196" value="N"/>
		<feat xlink:href="#sSpan1198" value="CREL"/>
		<feat xlink:href="#sSpan1203" value="PREP"/>
		<feat xlink:href="#sSpan1205" value="ART"/>
		<feat xlink:href="#sSpan1208" value="N"/>
		<feat xlink:href="#sSpan1211" value="NEG"/>
		<feat xlink:href="#sSpan1215" value="PREP"/>
		<feat xlink:href="#sSpan1220" value="N"/>
		<feat xlink:href="#sSpan1224" value="NEG"/>
		<feat xlink:href="#sSpan1228" value="PPERS"/>
		<feat xlink:href="#sSpan1231" value="V"/>
		<feat xlink:href="#sSpan1233" value="NEG"/>
		<feat xlink:href="#sSpan1238" value="PUNCT"/>
		<feat xlink:href="#sSpan1243" value="CONJ"/>
		<feat xlink:href="#sSpan1249" value="V"/>
		<feat xlink:href="#sSpan1253" value="NEG"/>
		<feat xlink:href="#sSpan1257" value="PREP"/>
		<feat xlink:href="#sSpan1262" value="PDEM"/>
		<feat xlink:href="#sSpan1265" value="N"/>
		<feat xlink:href="#sSpan1267" value="PREP"/>
		<feat xlink:href="#sSpan1272" value="N"/>
		<feat xlink:href="#sSpan1274" value="CREL"/>
		<feat xlink:href="#sSpan1279" value="PREP"/>
		<feat xlink:href="#sSpan1281" value="PPERO"/>
		<feat xlink:href="#sSpan1283" value="PREP"/>
		<feat xlink:href="#sSpan1287" value="NEG"/>
		<feat xlink:href="#sSpan1289" value="ACAUS"/>
		<feat xlink:href="#sSpan1292" value="PPERS"/>
		<feat xlink:href="#sSpan1294" value="V"/>
		<feat xlink:href="#sSpan1296" value="ART"/>
		<feat xlink:href="#sSpan1299" value="N"/>
		<feat xlink:href="#sSpan1302" value="PUNCT"/>
		<feat xlink:href="#sSpan1307" value="CONJ"/>
		<feat xlink:href="#sSpan1313" value="NEG"/>
		<feat xlink:href="#sSpan1317" value="ACAUS"/>
		<feat xlink:href="#sSpan1320" value="N"/>
		<feat xlink:href="#sSpan1323" value="PREP"/>
		<feat xlink:href="#sSpan1328" value="PPERO"/>
		<feat xlink:href="#sSpan1330" value="V"/>
		<feat xlink:href="#sSpan1334" value="PREP"/>
		<feat xlink:href="#sSpan1338" value="PDEM"/>
		<feat xlink:href="#sSpan1341" value="PUNCT"/>
		<feat xlink:href="#sSpan1345" value="CONJ"/>
		<feat xlink:href="#sSpan1350" value="CONJ"/>
		<feat xlink:href="#sSpan1352" value="CPRET"/>
		<feat xlink:href="#sSpan1356" value="ART"/>
		<feat xlink:href="#sSpan1360" value="N"/>
		<feat xlink:href="#sSpan1362" value="FUT"/>
		<feat xlink:href="#sSpan1366" value="V"/>
		<feat xlink:href="#sSpan1369" value="PREP"/>
		<feat xlink:href="#sSpan1373" value="ART"/>
		<feat xlink:href="#sSpan1377" value="N"/>
		<feat xlink:href="#sSpan1382" value="PREP"/>
		<feat xlink:href="#sSpan1386" value="ART"/>
		<feat xlink:href="#sSpan1389" value="CREL"/>
		<feat xlink:href="#sSpan1391" value="V"/>
		<feat xlink:href="#sSpan1393" value="PREP"/>
		<feat xlink:href="#sSpan1398" value="PPERO"/>
		<feat xlink:href="#sSpan1400" value="PUNCT"/>
		<feat xlink:href="#sSpan1405" value="V"/>
		<feat xlink:href="#sSpan1412" value="ART"/>
		<feat xlink:href="#sSpan1414" value="N"/>
		<feat xlink:href="#sSpan1416" value="PPERI"/>
		<feat xlink:href="#sSpan1420" value="PREP"/>
		<feat xlink:href="#sSpan1425" value="ART"/>
		<feat xlink:href="#sSpan1429" value="N"/>
		<feat xlink:href="#sSpan1433" value="PREP"/>
		<feat xlink:href="#sSpan1437" value="ART"/>
		<feat xlink:href="#sSpan1440" value="N"/>
		<feat xlink:href="#sSpan1442" value="PREP"/>
		<feat xlink:href="#sSpan1447" value="NEG"/>
		<feat xlink:href="#sSpan1449" value="ACAUS"/>
		<feat xlink:href="#sSpan1451" value="PPERS"/>
		<feat xlink:href="#sSpan1453" value="ACAUS"/>
		<feat xlink:href="#sSpan1456" value="ART"/>
		<feat xlink:href="#sSpan1462" value="N"/>
		<feat xlink:href="#sSpan1464" value="PREP"/>
		<feat xlink:href="#sSpan1468" value="ART"/>
		<feat xlink:href="#sSpan1471" value="CREL"/>
		<feat xlink:href="#sSpan1473" value="APST"/>
		<feat xlink:href="#sSpan1475" value="PPERS"/>
		<feat xlink:href="#sSpan1477" value="V"/>
		<feat xlink:href="#sSpan1480" value="PREP"/>
		<feat xlink:href="#sSpan1484" value="PPERO"/>
		<feat xlink:href="#sSpan1486" value="V"/>
		<feat xlink:href="#sSpan1491" value="PREP"/>
		<feat xlink:href="#sSpan1495" value="N"/>
		<feat xlink:href="#sSpan1498" value="PPERO"/>
		<feat xlink:href="#sSpan1500" value="PUNCT"/>
		<feat xlink:href="#sSpan1504" value="CONJ"/>
		<feat xlink:href="#sSpan1510" value="ANEGPST"/>
		<feat xlink:href="#sSpan1515" value="PPERS"/>
		<feat xlink:href="#sSpan1517" value="ACAUS"/>
		<feat xlink:href="#sSpan1519" value="ART"/>
		<feat xlink:href="#sSpan1522" value="CREL"/>
		<feat xlink:href="#sSpan1525" value="APST"/>
		<feat xlink:href="#sSpan1527" value="PPERS"/>
		<feat xlink:href="#sSpan1530" value="V"/>
		<feat xlink:href="#sSpan1532" value="PREP"/>
		<feat xlink:href="#sSpan1536" value="PPERO"/>
		<feat xlink:href="#sSpan1538" value="V"/>
		<feat xlink:href="#sSpan1543" value="PREP"/>
		<feat xlink:href="#sSpan1547" value="PPOS"/>
		<feat xlink:href="#sSpan1550" value="N"/>
		<feat xlink:href="#sSpan1553" value="PUNCT"/>
		<feat xlink:href="#sSpan1557" value="PREP"/>
		<feat xlink:href="#sSpan1561" value="ART"/>
		<feat xlink:href="#sSpan1563" value="N"/>
		<feat xlink:href="#sSpan1565" value="ADV"/>
		<feat xlink:href="#sSpan1569" value="CREL"/>
		<feat xlink:href="#sSpan1573" value="ANEGPST"/>
		<feat xlink:href="#sSpan1576" value="PPERS"/>
		<feat xlink:href="#sSpan1578" value="V"/>
		<feat xlink:href="#sSpan1580" value="PREP"/>
		<feat xlink:href="#sSpan1584" value="ART"/>
		<feat xlink:href="#sSpan1588" value="N"/>
		<feat xlink:href="#sSpan1590" value="PREP"/>
		<feat xlink:href="#sSpan1594" value="ART"/>
		<feat xlink:href="#sSpan1597" value="CREL"/>
		<feat xlink:href="#sSpan1599" value="V"/>
		<feat xlink:href="#sSpan1602" value="PREP"/>
		<feat xlink:href="#sSpan1606" value="PPERO"/>
		<feat xlink:href="#sSpan1608" value="ADV"/>
		<feat xlink:href="#sSpan1612" value="PUNCT"/>
		<feat xlink:href="#sSpan1616" value="CONJ"/>
		<feat xlink:href="#sSpan1621" value="ANEGPST"/>
		<feat xlink:href="#sSpan1625" value="PPERS"/>
		<feat xlink:href="#sSpan1627" value="ACAUS"/>
		<feat xlink:href="#sSpan1629" value="ART"/>
		<feat xlink:href="#sSpan1634" value="N"/>
		<feat xlink:href="#sSpan1636" value="PREP"/>
		<feat xlink:href="#sSpan1640" value="ART"/>
		<feat xlink:href="#sSpan1643" value="CREL"/>
		<feat xlink:href="#sSpan1645" value="V"/>
		<feat xlink:href="#sSpan1648" value="PREP"/>
		<feat xlink:href="#sSpan1652" value="PPERO"/>
		<feat xlink:href="#sSpan1654" value="PUNCT"/>
		<feat xlink:href="#sSpan1658" value="CONJ"/>
		<feat xlink:href="#sSpan1662" value="ART"/>
		<feat xlink:href="#sSpan1665" value="N"/>
		<feat xlink:href="#sSpan1668" value="NEG"/>
		<feat xlink:href="#sSpan1672" value="COP"/>
		<feat xlink:href="#sSpan1676" value="V"/>
		<feat xlink:href="#sSpan1681" value="PREP"/>
		<feat xlink:href="#sSpan1685" value="ART"/>
		<feat xlink:href="#sSpan1687" value="N"/>
		<feat xlink:href="#sSpan1690" value="PUNCT"/>
		<feat xlink:href="#sSpan1695" value="CONJ"/>
		<feat xlink:href="#sSpan1701" value="PPERS"/>
		<feat xlink:href="#sSpan1706" value="FUT"/>
		<feat xlink:href="#sSpan1708" value="V"/>
		<feat xlink:href="#sSpan1710" value="ADV"/>
		<feat xlink:href="#sSpan1715" value="CONJ"/>
		<feat xlink:href="#sSpan1719" value="ACONJ"/>
		<feat xlink:href="#sSpan1723" value="PPERS"/>
		<feat xlink:href="#sSpan1725" value="V"/>
		<feat xlink:href="#sSpan1727" value="PUNCT"/>
		<feat xlink:href="#sSpan1731" value="CONJ"/>
		<feat xlink:href="#sSpan1736" value="PPOS"/>
		<feat xlink:href="#sSpan1741" value="N"/>
		<feat xlink:href="#sSpan1743" value="FUT"/>
		<feat xlink:href="#sSpan1748" value="V"/>
		<feat xlink:href="#sSpan1750" value="ADV"/>
		<feat xlink:href="#sSpan1752" value="PUNCT"/>
		<feat xlink:href="#sSpan1756" value="CONJ"/>
		<feat xlink:href="#sSpan1760" value="ACONJ"/>
		<feat xlink:href="#sSpan1765" value="PPERS"/>
		<feat xlink:href="#sSpan1768" value="V"/>
		<feat xlink:href="#sSpan1770" value="PREP"/>
		<feat xlink:href="#sSpan1774" value="ART"/>
		<feat xlink:href="#sSpan1777" value="N"/>
		<feat xlink:href="#sSpan1779" value="CREL"/>
		<feat xlink:href="#sSpan1784" value="ART"/>
		<feat xlink:href="#sSpan1787" value="N"/>
		<feat xlink:href="#sSpan1790" value="NPROP"/>
		<feat xlink:href="#sSpan1795" value="FUT"/>
		<feat xlink:href="#sSpan1799" value="V"/>
		<feat xlink:href="#sSpan1801" value="PPERO"/>
		<feat xlink:href="#sSpan1803" value="PREP"/>
		<feat xlink:href="#sSpan1808" value="ART"/>
		<feat xlink:href="#sSpan1811" value="N"/>
		<feat xlink:href="#sSpan1813" value="PREP"/>
		<feat xlink:href="#sSpan1817" value="PPOS"/>
		<feat xlink:href="#sSpan1820" value="N"/>
		<feat xlink:href="#sSpan1824" value="PUNCT"/>
		<feat xlink:href="#sSpan1828" value="PPERS"/>
		<feat xlink:href="#sSpan1835" value="VSTAT"/>
		<feat xlink:href="#sSpan1839" value="PTC"/>
		<feat xlink:href="#sSpan1844" value="ADV"/>
		<feat xlink:href="#sSpan1848" value="PREP"/>
		<feat xlink:href="#sSpan1852" value="ACAUS"/>
		<feat xlink:href="#sSpan1854" value="ART"/>
		<feat xlink:href="#sSpan1857" value="N"/>
		<feat xlink:href="#sSpan1860" value="PREP"/>
		<feat xlink:href="#sSpan1864" value="ART"/>
		<feat xlink:href="#sSpan1867" value="N"/>
		<feat xlink:href="#sSpan1870" value="V"/>
		<feat xlink:href="#sSpan1874" value="PREP"/>
		<feat xlink:href="#sSpan1878" value="ART"/>
		<feat xlink:href="#sSpan1882" value="CREL"/>
		<feat xlink:href="#sSpan1884" value="VSTAT"/>
		<feat xlink:href="#sSpan1886" value="PREP"/>
		<feat xlink:href="#sSpan1890" value="PPERO"/>
		<feat xlink:href="#sSpan1892" value="PUNCT"/>
		<feat xlink:href="#sSpan1897" value="PREP"/>
		<feat xlink:href="#sSpan1905" value="PDEM"/>
		<feat xlink:href="#sSpan1908" value="PPERS"/>
		<feat xlink:href="#sSpan1912" value="V"/>
		<feat xlink:href="#sSpan1915" value="PREP"/>
		<feat xlink:href="#sSpan1919" value="ART"/>
		<feat xlink:href="#sSpan1922" value="CREL"/>
		<feat xlink:href="#sSpan1924" value="V"/>
		<feat xlink:href="#sSpan1926" value="PREP"/>
		<feat xlink:href="#sSpan1931" value="PPERO"/>
		<feat xlink:href="#sSpan1934" value="CONJ"/>
		<feat xlink:href="#sSpan1940" value="PREP"/>
		<feat xlink:href="#sSpan1944" value="ART"/>
		<feat xlink:href="#sSpan1948" value="N"/>
		<feat xlink:href="#sSpan1951" value="PREP"/>
		<feat xlink:href="#sSpan1955" value="PPOS"/>
		<feat xlink:href="#sSpan1958" value="N"/>
		<feat xlink:href="#sSpan1960" value="CONJ"/>
		<feat xlink:href="#sSpan1965" value="ART"/>
		<feat xlink:href="#sSpan1970" value="N"/>
		<feat xlink:href="#sSpan1972" value="ART"/>
		<feat xlink:href="#sSpan1977" value="N"/>
		<feat xlink:href="#sSpan1980" value="PUNCT"/>
		<feat xlink:href="#sSpan1984" value="ACOND"/>
		<feat xlink:href="#sSpan1990" value="PPOS"/>
		<feat xlink:href="#sSpan1993" value="N"/>
		<feat xlink:href="#sSpan1997" value="PTC"/>
		<feat xlink:href="#sSpan2001" value="PUNCT"/>
		<feat xlink:href="#sSpan2005" value="CONJ"/>
		<feat xlink:href="#sSpan2009" value="PPOS"/>
		<feat xlink:href="#sSpan2015" value="N"/>
		<feat xlink:href="#sSpan2017" value="V"/>
		<feat xlink:href="#sSpan2022" value="ART"/>
		<feat xlink:href="#sSpan2025" value="N"/>
		<feat xlink:href="#sSpan2027" value="PREP"/>
		<feat xlink:href="#sSpan2032" value="PPERO"/>
		<feat xlink:href="#sSpan2034" value="PUNCT"/>
		<feat xlink:href="#sSpan2038" value="CONJ"/>
		<feat xlink:href="#sSpan2042" value="PPERS"/>
		<feat xlink:href="#sSpan2044" value="V"/>
		<feat xlink:href="#sSpan2047" value="ART"/>
		<feat xlink:href="#sSpan2050" value="CREL"/>
		<feat xlink:href="#sSpan2052" value="VSTAT"/>
		<feat xlink:href="#sSpan2054" value="PREP"/>
		<feat xlink:href="#sSpan2058" value="PPERO"/>
		<feat xlink:href="#sSpan2060" value="V"/>
		<feat xlink:href="#sSpan2065" value="N"/>
		<feat xlink:href="#sSpan2068" value="PREP"/>
		<feat xlink:href="#sSpan2072" value="PPERO"/>
		<feat xlink:href="#sSpan2075" value="PUNCT"/>
		<feat xlink:href="#sSpan2080" value="ACOND_PPERS"/>
		<feat xlink:href="#sSpan2087" value="NEG"/>
		<feat xlink:href="#sSpan2089" value="V"/>
		<feat xlink:href="#sSpan2092" value="PPERO"/>
		<feat xlink:href="#sSpan2095" value="PTC"/>
		<feat xlink:href="#sSpan2099" value="PPERI"/>
		<feat xlink:href="#sSpan2103" value="CONJ"/>
		<feat xlink:href="#sSpan2107" value="APST"/>
		<feat xlink:href="#sSpan2110" value="PPERS"/>
		<feat xlink:href="#sSpan2112" value="V"/>
		<feat xlink:href="#sSpan2114" value="PREP"/>
		<feat xlink:href="#sSpan2118" value="PDEM"/>
		<feat xlink:href="#sSpan2121" value="N"/>
		<feat xlink:href="#sSpan2123" value="ADV"/>
		<feat xlink:href="#sSpan2129" value="PREP"/>
		<feat xlink:href="#sSpan2133" value="N"/>
		<feat xlink:href="#sSpan2136" value="PPERO"/>
		<feat xlink:href="#sSpan2138" value="CONJ"/>
		<feat xlink:href="#sSpan2143" value="ART"/>
		<feat xlink:href="#sSpan2146" value="N"/>
		<feat xlink:href="#sSpan2148" value="NEG"/>
		<feat xlink:href="#sSpan2153" value="COP"/>
		<feat xlink:href="#sSpan2160" value="ART"/>
		<feat xlink:href="#sSpan2165" value="N"/>
		<feat xlink:href="#sSpan2167" value="PREP"/>
		<feat xlink:href="#sSpan2171" value="N"/>
		<feat xlink:href="#sSpan2173" value="IMOD"/>
		<feat xlink:href="#sSpan2178" value="PPERO"/>
		<feat xlink:href="#sSpan2180" value="PUNCT"/>
		<feat xlink:href="#sSpan2184" value="ART"/>
		<feat xlink:href="#sSpan2189" value="N"/>
		<feat xlink:href="#sSpan2191" value="PREP"/>
		<feat xlink:href="#sSpan2196" value="PPOS"/>
		<feat xlink:href="#sSpan2199" value="N"/>
		<feat xlink:href="#sSpan2202" value="NPROP"/>
		<feat xlink:href="#sSpan2206" value="PPERS"/>
		<feat xlink:href="#sSpan2211" value="VSTAT"/>
		<feat xlink:href="#sSpan2213" value="PREP"/>
		<feat xlink:href="#sSpan2218" value="N"/>
		<feat xlink:href="#sSpan2222" value="PREP"/>
		<feat xlink:href="#sSpan2226" value="PPERO"/>
		<feat xlink:href="#sSpan2228" value="PREP"/>
		<feat xlink:href="#sSpan2232" value="PPOS"/>
		<feat xlink:href="#sSpan2235" value="N"/>
		<feat xlink:href="#sSpan2238" value="PREP"/>
		<feat xlink:href="#sSpan2242" value="PPOS"/>
		<feat xlink:href="#sSpan2245" value="N"/>
		<feat xlink:href="#sSpan2249" value="PUNCT"/>
		<feat xlink:href="#sSpan2253" value="CONJ"/>
		<feat xlink:href="#sSpan2259" value="PPERS"/>
		<feat xlink:href="#sSpan2263" value="VSTAT"/>
		<feat xlink:href="#sSpan2265" value="PREP"/>
		<feat xlink:href="#sSpan2271" value="N"/>
		<feat xlink:href="#sSpan2274" value="PREP"/>
		<feat xlink:href="#sSpan2279" value="PPERO"/>
		<feat xlink:href="#sSpan2281" value="PREP"/>
		<feat xlink:href="#sSpan2285" value="PPOS"/>
		<feat xlink:href="#sSpan2288" value="N"/>
		<feat xlink:href="#sSpan2291" value="PREP"/>
		<feat xlink:href="#sSpan2295" value="PPOS"/>
		<feat xlink:href="#sSpan2298" value="N"/>
		<feat xlink:href="#sSpan2301" value="PUNCT"/>
		<feat xlink:href="#sSpan2305" value="CONJ"/>
		<feat xlink:href="#sSpan2311" value="PPERS"/>
		<feat xlink:href="#sSpan2315" value="VSTAT"/>
		<feat xlink:href="#sSpan2318" value="PREP"/>
		<feat xlink:href="#sSpan2323" value="N"/>
		<feat xlink:href="#sSpan2326" value="PREP"/>
		<feat xlink:href="#sSpan2331" value="PPERO"/>
		<feat xlink:href="#sSpan2333" value="PREP"/>
		<feat xlink:href="#sSpan2337" value="PPOS"/>
		<feat xlink:href="#sSpan2341" value="N"/>
		<feat xlink:href="#sSpan2343" value="PREP"/>
		<feat xlink:href="#sSpan2348" value="PPOS"/>
		<feat xlink:href="#sSpan2351" value="N"/>
		<feat xlink:href="#sSpan2353" value="CONJ"/>
		<feat xlink:href="#sSpan2358" value="ART"/>
		<feat xlink:href="#sSpan2364" value="N"/>
		<feat xlink:href="#sSpan2366" value="PUNCT"/>
		<feat xlink:href="#sSpan2370" value="PREP"/>
		<feat xlink:href="#sSpan2374" value="ART"/>
		<feat xlink:href="#sSpan2379" value="NPROP"/>
		<feat xlink:href="#sSpan2381" value="PUNCT"/>
		<feat xlink:href="#sSpan2386" value="CONJ"/>
		<feat xlink:href="#sSpan2394" value="ANEGPST"/>
		<feat xlink:href="#sSpan2396" value="PPERS"/>
		<feat xlink:href="#sSpan2398" value="V"/>
		<feat xlink:href="#sSpan2400" value="ART"/>
		<feat xlink:href="#sSpan2404" value="N"/>
		<feat xlink:href="#sSpan2406" value="PTC"/>
		<feat xlink:href="#sSpan2410" value="PTC"/>
		<feat xlink:href="#sSpan2415" value="ART"/>
		<feat xlink:href="#sSpan2418" value="N"/>
		<feat xlink:href="#sSpan2420" value="CREL"/>
		<feat xlink:href="#sSpan2425" value="APST"/>
		<feat xlink:href="#sSpan2427" value="PPERS"/>
		<feat xlink:href="#sSpan2430" value="V"/>
		<feat xlink:href="#sSpan2434" value="N"/>
		<feat xlink:href="#sSpan2438" value="PREP"/>
		<feat xlink:href="#sSpan2442" value="N"/>
		<feat xlink:href="#sSpan2445" value="PUNCT"/>
		<feat xlink:href="#sSpan2449" value="CONJ"/>
		<feat xlink:href="#sSpan2454" value="ANEGPST"/>
		<feat xlink:href="#sSpan2458" value="PPERS"/>
		<feat xlink:href="#sSpan2460" value="V"/>
		<feat xlink:href="#sSpan2462" value="PREP"/>
		<feat xlink:href="#sSpan2467" value="PPOS"/>
		<feat xlink:href="#sSpan2470" value="N"/>
		<feat xlink:href="#sSpan2472" value="PUNCT"/>
		<feat xlink:href="#sSpan2476" value="PREP"/>
		<feat xlink:href="#sSpan2480" value="PPOS"/>
		<feat xlink:href="#sSpan2484" value="N"/>
		<feat xlink:href="#sSpan2486" value="PUNCT"/>
		<feat xlink:href="#sSpan2490" value="PREP"/>
		<feat xlink:href="#sSpan2494" value="PPOS"/>
		<feat xlink:href="#sSpan2499" value="N"/>
		<feat xlink:href="#sSpan2501" value="IMOD"/>
		<feat xlink:href="#sSpan2506" value="PPERO"/>
		<feat xlink:href="#sSpan2508" value="PUNCT"/>
		<feat xlink:href="#sSpan2512" value="PPOS"/>
		<feat xlink:href="#sSpan2519" value="ART"/>
		<feat xlink:href="#sSpan2522" value="N"/>
		<feat xlink:href="#sSpan2524" value="IMOD"/>
		<feat xlink:href="#sSpan2529" value="PPERO"/>
		<feat xlink:href="#sSpan2531" value="NEG"/>
		<feat xlink:href="#sSpan2535" value="COP"/>
		<feat xlink:href="#sSpan2539" value="CREL"/>
		<feat xlink:href="#sSpan2542" value="PPERS"/>
		<feat xlink:href="#sSpan2544" value="V"/>
		<feat xlink:href="#sSpan2546" value="PREP"/>
		<feat xlink:href="#sSpan2550" value="PPERO"/>
		<feat xlink:href="#sSpan2552" value="CONJ"/>
		<feat xlink:href="#sSpan2557" value="CFOC"/>
		<feat xlink:href="#sSpan2561" value="PPERS"/>
		<feat xlink:href="#sSpan2563" value="V"/>
		<feat xlink:href="#sSpan2565" value="PREP"/>
		<feat xlink:href="#sSpan2570" value="PPERO"/>
		<feat xlink:href="#sSpan2573" value="CONJ"/>
		<feat xlink:href="#sSpan2577" value="PPOS"/>
		<feat xlink:href="#sSpan2582" value="ART"/>
		<feat xlink:href="#sSpan2585" value="N"/>
		<feat xlink:href="#sSpan2587" value="PREP"/>
		<feat xlink:href="#sSpan2591" value="ART"/>
		<feat xlink:href="#sSpan2595" value="CREL"/>
		<feat xlink:href="#sSpan2597" value="PPERS"/>
		<feat xlink:href="#sSpan2599" value="FUT"/>
		<feat xlink:href="#sSpan2601" value="V"/>
		<feat xlink:href="#sSpan2603" value="PPERO"/>
		<feat xlink:href="#sSpan2605" value="IMOD"/>
		<feat xlink:href="#sSpan2610" value="PPERO"/>
		<feat xlink:href="#sSpan2612" value="ADV"/>
		<feat xlink:href="#sSpan2616" value="PUNCT"/>
		<feat xlink:href="#sSpan2620" value="PREP"/>
		<feat xlink:href="#sSpan2626" value="PINT"/>
		<feat xlink:href="#sSpan2629" value="PREP"/>
		<feat xlink:href="#sSpan2633" value="N"/>
		<feat xlink:href="#sSpan2636" value="CCIRC"/>
		<feat xlink:href="#sSpan2640" value="PPERS"/>
		<feat xlink:href="#sSpan2642" value="FUT"/>
		<feat xlink:href="#sSpan2644" value="V"/>
		<feat xlink:href="#sSpan2646" value="PPOS"/>
		<feat xlink:href="#sSpan2650" value="N"/>
		<feat xlink:href="#sSpan2652" value="PUNCT"/>
		<feat xlink:href="#sSpan2656" value="PREP"/>
		<feat xlink:href="#sSpan2660" value="PPOS"/>
		<feat xlink:href="#sSpan2664" value="N"/>
		<feat xlink:href="#sSpan2666" value="PUNCT"/>
		<feat xlink:href="#sSpan2671" value="ART"/>
		<feat xlink:href="#sSpan2679" value="CREL"/>
		<feat xlink:href="#sSpan2682" value="V"/>
		<feat xlink:href="#sSpan2685" value="N"/>
		<feat xlink:href="#sSpan2689" value="PPERO"/>
		<feat xlink:href="#sSpan2691" value="PREP"/>
		<feat xlink:href="#sSpan2696" value="ART"/>
		<feat xlink:href="#sSpan2699" value="N"/>
		<feat xlink:href="#sSpan2701" value="CCIRC"/>
		<feat xlink:href="#sSpan2705" value="AAOR"/>
		<feat xlink:href="#sSpan2707" value="PPERS"/>
		<feat xlink:href="#sSpan2709" value="V"/>
		<feat xlink:href="#sSpan2712" value="PUNCT"/>
		<feat xlink:href="#sSpan2716" value="CONJ"/>
		<feat xlink:href="#sSpan2720" value="PREP"/>
		<feat xlink:href="#sSpan2724" value="N"/>
		<feat xlink:href="#sSpan2728" value="PPERO"/>
		<feat xlink:href="#sSpan2730" value="PREP"/>
		<feat xlink:href="#sSpan2734" value="ART"/>
		<feat xlink:href="#sSpan2737" value="N"/>
		<feat xlink:href="#sSpan2739" value="PREP"/>
		<feat xlink:href="#sSpan2744" value="N"/>
		<feat xlink:href="#sSpan2746" value="PUNCT"/>
		<feat xlink:href="#sSpan2750" value="PDEM"/>
		<feat xlink:href="#sSpan2754" value="CCIRC"/>
		<feat xlink:href="#sSpan2758" value="AAOR"/>
		<feat xlink:href="#sSpan2761" value="PPERS"/>
		<feat xlink:href="#sSpan2763" value="V"/>
		<feat xlink:href="#sSpan2765" value="PREP"/>
		<feat xlink:href="#sSpan2769" value="ART"/>
		<feat xlink:href="#sSpan2772" value="N"/>
		<feat xlink:href="#sSpan2774" value="PREP"/>
		<feat xlink:href="#sSpan2778" value="ART"/>
		<feat xlink:href="#sSpan2782" value="N"/>
		<feat xlink:href="#sSpan2784" value="PUNCT"/>
		<feat xlink:href="#sSpan2788" value="CPRET"/>
		<feat xlink:href="#sSpan2793" value="PPERS"/>
		<feat xlink:href="#sSpan2795" value="VSTAT"/>
		<feat xlink:href="#sSpan2797" value="NEG"/>
		<feat xlink:href="#sSpan2801" value="PREP"/>
		<feat xlink:href="#sSpan2806" value="ART"/>
		<feat xlink:href="#sSpan2809" value="N"/>
		<feat xlink:href="#sSpan2812" value="N"/>
		<feat xlink:href="#sSpan2816" value="PREP"/>
		<feat xlink:href="#sSpan2821" value="ART"/>
		<feat xlink:href="#sSpan2825" value="N"/>
		<feat xlink:href="#sSpan2828" value="PUNCT"/>
		<feat xlink:href="#sSpan2832" value="CCIRC"/>
		<feat xlink:href="#sSpan2836" value="AAOR"/>
		<feat xlink:href="#sSpan2839" value="PPERS"/>
		<feat xlink:href="#sSpan2841" value="V"/>
		<feat xlink:href="#sSpan2843" value="CONJ"/>
		<feat xlink:href="#sSpan2847" value="ACONJ"/>
		<feat xlink:href="#sSpan2852" value="PPERS"/>
		<feat xlink:href="#sSpan2854" value="V"/>
		<feat xlink:href="#sSpan2856" value="PREP"/></featList></paula>