<?xml version='1.0' encoding='UTF-8'?><!DOCTYPE paula SYSTEM "paula_feat.dtd">
<paula version="1.1">
	<header paula_id="scriptorium.shenoute.those.GF259-262.mark_orig_group"/>
	<featList xmlns:xlink="http://www.w3.org/1999/xlink" type="orig_group" xml:base="scriptorium.shenoute.those.GF259-262.mark.xml">
		<feat xlink:href="#sSpan5" value="ⲡⲉ"/>
		<feat xlink:href="#sSpan15" value="ⲛ̄ⲛ̄ϭⲓ̈ϫ"/>
		<feat xlink:href="#sSpan24" value="ⲉⲩⲟⲩⲏⲩ"/>
		<feat xlink:href="#sSpan33" value="ⲉⲃⲟⲗ"/>
		<feat xlink:href="#sSpan37" value="ⲙ̄ⲙⲟ"/>
		<feat xlink:href="#sSpan41" value="."/>
		<feat xlink:href="#sSpan46" value="ⲛⲉϣⲁⲩⲉϣⲧϩⲉⲛⲉⲓ̈ⲧⲟⲥ"/>
		<feat xlink:href="#sSpan66" value="ⲉⲩⲣ̄ϩⲟⲩⲟⲛϭⲉϭⲟⲩ"/>
		<feat xlink:href="#sSpan80" value="·"/>
		<feat xlink:href="#sSpan85" value="ⲏ"/>
		<feat xlink:href="#sSpan89" value="ⲉⲩⲙⲉϩ"/>
		<feat xlink:href="#sSpan97" value="ⲉⲙⲁⲧⲉ"/>
		<feat xlink:href="#sSpan102" value="·"/>
		<feat xlink:href="#sSpan106" value="ⲉⲓ̈ⲛⲁⲣϩⲟⲧⲉ"/>
		<feat xlink:href="#sSpan121" value="ϫⲉⲟⲩ"/>
		<feat xlink:href="#sSpan127" value="ⲉϩⲏⲧⲟⲩ"/>
		<feat xlink:href="#sSpan137" value="ⲛϩⲉⲛⲣⲱⲙⲉ"/>
		<feat xlink:href="#sSpan146" value="ⲛⲁⲑⲏⲧ"/>
		<feat xlink:href="#sSpan155" value="·"/>
		<feat xlink:href="#sSpan159" value="ⲛⲥⲉϣⲓ̈ⲡⲉ"/>
		<feat xlink:href="#sSpan170" value="ⲁⲛ"/>
		<feat xlink:href="#sSpan174" value="ⲉϫⲟⲟⲥ"/>
		<feat xlink:href="#sSpan182" value="ϫⲉⲙⲛⲛⲟⲩⲧⲉ"/>
		<feat xlink:href="#sSpan192" value="ϣⲟⲟⲡ"/>
		<feat xlink:href="#sSpan197" value="·"/>
		<feat xlink:href="#sSpan201" value="ⲧⲁⲛⲟⲙⲓ̈ⲁ"/>
		<feat xlink:href="#sSpan212" value="ⲛϩⲉⲛϩⲉⲗⲗⲏⲛ"/>
		<feat xlink:href="#sSpan223" value="·"/>
		<feat xlink:href="#sSpan227" value="ⲛⲁⲕⲱⲧⲉ"/>
		<feat xlink:href="#sSpan233" value="ⲉⲣⲟⲓ̈"/>
		<feat xlink:href="#sSpan240" value="·"/>
		<feat xlink:href="#sSpan244" value="ⲛⲉⲧⲛⲁϩⲧⲉ"/>
		<feat xlink:href="#sSpan254" value="ⲉⲛⲉⲩⲭⲣⲏⲙⲁ"/>
		<feat xlink:href="#sSpan264" value="ⲁⲩⲱ"/>
		<feat xlink:href="#sSpan269" value="ⲉⲧϣⲟⲩϣⲟⲩ"/>
		<feat xlink:href="#sSpan275" value="ⲙⲙⲟⲟⲩ"/>
		<feat xlink:href="#sSpan282" value="ⲉϫⲛϩⲉⲛϩⲉⲗⲡⲉⲓ̈ⲥ"/>
		<feat xlink:href="#sSpan293" value="ⲉⲧϣⲟⲩⲉⲓ̈ⲧ"/>
		<feat xlink:href="#sSpan300" value="·"/>
		<feat xlink:href="#sSpan306" value="ⲉϣϫⲉϫⲉⲓ̈ⲛⲉϣⲟⲣⲡ"/>
		<feat xlink:href="#sSpan320" value="ⲥⲉϯ"/>
		<feat xlink:href="#sSpan326" value="ⲛϩⲉⲛⲥⲟⲉⲓ̈ⲧ"/>
		<feat xlink:href="#sSpan336" value="ⲉⲩϩⲟⲟⲩ"/>
		<feat xlink:href="#sSpan344" value="ⲛⲥⲁⲛ̄ⲣⲙⲛⲛⲟⲩⲧⲉ"/>
		<feat xlink:href="#sSpan357" value="ⲛⲑⲉ"/>
		<feat xlink:href="#sSpan367" value="ⲉⲧⲥⲏϩ"/>
		<feat xlink:href="#sSpan373" value="·"/>
		<feat xlink:href="#sSpan377" value="ⲁⲩϫⲟⲟⲥ"/>
		<feat xlink:href="#sSpan388" value="ⲟⲛ"/>
		<feat xlink:href="#sSpan392" value="ϫⲉⲡⲇⲓ̈ⲕⲁⲓ̈ⲟⲥ"/>
		<feat xlink:href="#sSpan403" value="ⲛⲁϣⲱⲡⲉ"/>
		<feat xlink:href="#sSpan409" value="ⲉⲛⲉⲣⲡⲙⲉⲉⲩⲉ"/>
		<feat xlink:href="#sSpan422" value="ϣⲁⲉⲛⲉϩ"/>
		<feat xlink:href="#sSpan430" value="·"/>
		<feat xlink:href="#sSpan434" value="ⲛϥⲛⲁⲣϩⲟⲧⲉ"/>
		<feat xlink:href="#sSpan447" value="ⲁⲛ"/>
		<feat xlink:href="#sSpan451" value="ϩⲏⲧϥ"/>
		<feat xlink:href="#sSpan457" value="ⲉⲛⲟⲩⲥⲟⲉⲓ̈ⲧ"/>
		<feat xlink:href="#sSpan467" value="ⲉϥϩⲟⲟⲩ"/>
		<feat xlink:href="#sSpan476" value="·"/>
		<feat xlink:href="#sSpan481" value="ⲉⲣⲉⲛϫⲁϫⲉ"/>
		<feat xlink:href="#sSpan493" value="ⲙⲡⲉⲭ︤ⲥ︥"/>
		<feat xlink:href="#sSpan504" value="ⲛⲁϣⲁϫⲉ"/>
		<feat xlink:href="#sSpan510" value="ⲉⲣⲟⲓ̈"/>
		<feat xlink:href="#sSpan516" value="ϩⲛⲟⲩ"/>
		<feat xlink:href="#sSpan523" value="·"/>
		<feat xlink:href="#sSpan527" value="ⲛⲥⲁⲛⲉϫϭⲟⲗ"/>
		<feat xlink:href="#sSpan538" value="ⲉⲃⲟⲗ"/>
		<feat xlink:href="#sSpan543" value="ϩⲛⲧⲉⲩⲧⲁⲡⲣⲟ"/>
		<feat xlink:href="#sSpan553" value="ⲉϩⲟⲩⲛ"/>
		<feat xlink:href="#sSpan557" value="ⲉⲣⲟⲓ̈"/>
		<feat xlink:href="#sSpan564" value="·"/>
		<feat xlink:href="#sSpan568" value="ϩⲉⲓ̈ϩⲱⲃ"/>
		<feat xlink:href="#sSpan576" value="ⲛⲓ̈ⲙ"/>
		<feat xlink:href="#sSpan581" value="ⲉⲛⲉϥϣⲟⲟⲡ"/>
		<feat xlink:href="#sSpan591" value="ⲁⲛ"/>
		<feat xlink:href="#sSpan596" value="·"/>
		<feat xlink:href="#sSpan601" value="ⲛ̄ⲑⲉ"/>
		<feat xlink:href="#sSpan612" value="ⲛⲧⲁⲟⲩⲁ"/>
		<feat xlink:href="#sSpan621" value="ϫⲟⲟⲥ"/>
		<feat xlink:href="#sSpan628" value="ⲕⲁⲛ"/>
		<feat xlink:href="#sSpan633" value="ⲉϥⲥⲟⲩⲧⲱⲛ"/>
		<feat xlink:href="#sSpan642" value="ⲕⲁⲛ"/>
		<feat xlink:href="#sSpan647" value="ⲉϥⲥⲟⲩⲧⲱⲛ"/>
		<feat xlink:href="#sSpan655" value="ⲁⲛ"/>
		<feat xlink:href="#sSpan660" value="·"/>
		<feat xlink:href="#sSpan664" value="ϫⲉⲉⲩϣⲁⲛϣⲁϫⲉ"/>
		<feat xlink:href="#sSpan673" value="ⲉⲣⲟⲕ"/>
		<feat xlink:href="#sSpan679" value="ϩⲛⲛⲏⲓ̈"/>
		<feat xlink:href="#sSpan689" value="ⲛ︤ⲛ︥ⲣ︤ⲙ︥ⲙⲁⲟ"/>
		<feat xlink:href="#sSpan701" value="ϣⲁⲓ̈ϫⲱ"/>
		<feat xlink:href="#sSpan710" value="ⲁⲛⲟⲕ"/>
		<feat xlink:href="#sSpan715" value="ⲙⲡⲉⲕⲡⲉⲧⲛⲁⲛⲟⲩϥ"/>
		<feat xlink:href="#sSpan728" value="ⲛⲁϩⲣⲁⲩ"/>
		<feat xlink:href="#sSpan734" value="·"/>
		<feat xlink:href="#sSpan739" value="ⲛⲛⲁϩⲣⲛⲣⲱⲙⲉ"/>
		<feat xlink:href="#sSpan754" value="ⲅⲁⲣ"/>
		<feat xlink:href="#sSpan758" value="ⲛⲓ̈ⲙ"/>
		<feat xlink:href="#sSpan763" value="ⲉⲧϩⲉⲗⲡⲓ̈ⲥ"/>
		<feat xlink:href="#sSpan770" value="ⲉⲓ︤ⲥ︥"/>
		<feat xlink:href="#sSpan779" value="·"/>
		<feat xlink:href="#sSpan784" value="ⲟⲩⲟⲩⲟⲛ̄ⲟⲩⲟⲛ"/>
		<feat xlink:href="#sSpan797" value="ⲉⲣⲟⲓ̈"/>
		<feat xlink:href="#sSpan803" value="ⲛⲧⲟⲟⲧⲟⲩ"/>
		<feat xlink:href="#sSpan809" value="ⲁⲩⲱ"/>
		<feat xlink:href="#sSpan814" value="ⲟⲩⲉⲛⲧⲁⲩ"/>
		<feat xlink:href="#sSpan820" value="ⲁⲣⲟⲓ̈"/>
		<feat xlink:href="#sSpan827" value="ⲙⲙⲁⲧⲉ"/>
		<feat xlink:href="#sSpan831" value="·"/>
		<feat xlink:href="#sSpan837" value="ⲁⲗⲗⲁ"/>
		<feat xlink:href="#sSpan844" value="ⲛ︤ⲛ︥ⲁϩⲣⲛⲛ̄ⲣⲙⲙⲁⲟ"/>
		<feat xlink:href="#sSpan854" value="ⲛ̄ⲣⲉϥϫⲓ̈"/>
		<feat xlink:href="#sSpan863" value="ⲛϭⲟⲛⲥ"/>
		<feat xlink:href="#sSpan869" value="ⲉⲧⲙⲙⲁⲩ"/>
		<feat xlink:href="#sSpan876" value="·"/>
		<feat xlink:href="#sSpan880" value="ⲙⲛⲧⲟⲩⲗⲁⲁⲩ"/>
		<feat xlink:href="#sSpan890" value="ⲛϩⲱⲃ"/>
		<feat xlink:href="#sSpan896" value="ⲉϫⲱ"/>
		<feat xlink:href="#sSpan903" value="ⲉⲣⲟⲓ"/>
		<feat xlink:href="#sSpan909" value="·"/>
		<feat xlink:href="#sSpan913" value="ⲛⲥⲁⲧⲣⲉⲩϫⲟⲟⲥ"/>
		<feat xlink:href="#sSpan926" value="ϫⲉⲉⲕⲕⲧⲟ"/>
		<feat xlink:href="#sSpan937" value="ⲛⲛϩⲏⲧ"/>
		<feat xlink:href="#sSpan946" value="ⲛⲛϩⲏⲕⲉ"/>
		<feat xlink:href="#sSpan956" value="ⲉⲃⲟⲗ"/>
		<feat xlink:href="#sSpan960" value="ⲙⲙⲟⲛ"/>
		<feat xlink:href="#sSpan967" value="·"/>
		<feat xlink:href="#sSpan971" value="ⲉⲧⲙⲉⲣⲕⲃⲁ"/>
		<feat xlink:href="#sSpan982" value="·"/>
		<feat xlink:href="#sSpan986" value="ϩⲉⲓ̈ϭⲱⲙ"/>
		<feat xlink:href="#sSpan993" value="ϩⲉⲓ̈ϩⲱⲃ"/>
		<feat xlink:href="#sSpan1002" value="ⲛⲓ̈ⲙ"/>
		<feat xlink:href="#sSpan1007" value="ⲡⲁⲣⲁⲧⲉⲩϭⲟⲙ"/>
		<feat xlink:href="#sSpan1017" value="·"/>
		<feat xlink:href="#sSpan1021" value="ⲁⲩⲱ"/>
		<feat xlink:href="#sSpan1028" value="ⲉⲧⲣⲉⲩϫⲟⲟⲥ"/>
		<feat xlink:href="#sSpan1041" value="ϫⲉⲁϥⲉⲓ̈"/>
		<feat xlink:href="#sSpan1053" value="ⲉϩⲟⲩⲛ"/>
		<feat xlink:href="#sSpan1057" value="ⲉⲛⲉⲛⲏⲓ̈"/>
		<feat xlink:href="#sSpan1068" value="ⲫⲁⲛⲉⲣⲱⲛ"/>
		<feat xlink:href="#sSpan1073" value="·"/>
		<feat xlink:href="#sSpan1077" value="ⲁϥϥⲉⲓ"/>
		<feat xlink:href="#sSpan1086" value="ⲛⲛⲉⲧⲉⲛⲟⲩⲱϣⲧ"/>
		<feat xlink:href="#sSpan1100" value="ⲛⲁⲩ"/>
		<feat xlink:href="#sSpan1106" value="ⲉⲩϣⲓ̈ⲡⲉ"/>
		<feat xlink:href="#sSpan1116" value="ⲛⲁⲛ"/>
		<feat xlink:href="#sSpan1122" value="ϫⲉⲙⲡⲉⲛⲉϣϭⲙϭⲟⲙ"/>
		<feat xlink:href="#sSpan1135" value="ⲉⲕⲱⲗⲩ"/>
		<feat xlink:href="#sSpan1143" value="ⲙ̄ⲙⲟϥ"/>
		<feat xlink:href="#sSpan1149" value="·"/>
		<feat xlink:href="#sSpan1154" value="ⲁϣ"/>
		<feat xlink:href="#sSpan1163" value="ⲅⲁⲣ"/>
		<feat xlink:href="#sSpan1167" value="ⲧⲉ"/>
		<feat xlink:href="#sSpan1172" value="ⲧⲕⲉⲉⲡⲉⲓ̈ⲧⲏⲙⲓ̈ⲁ"/>
		<feat xlink:href="#sSpan1182" value="·"/>
		<feat xlink:href="#sSpan1186" value="ⲁⲩⲱ"/>
		<feat xlink:href="#sSpan1190" value="ⲧⲕⲉⲙⲁⲥⲧⲓ̈ⲅⲝ"/>
		<feat xlink:href="#sSpan1202" value="ⲉⲧϩⲉⲓ̈ϫⲛⲛⲣⲱⲙⲉ"/>
		<feat xlink:href="#sSpan1214" value="ⲁⲛ"/>
		<feat xlink:href="#sSpan1218" value="ⲛⲁⲧⲛⲟⲩⲧⲉ"/>
		<feat xlink:href="#sSpan1227" value="ⲛⲥⲉⲁⲓ̈ⲥⲑⲁⲛⲉ"/>
		<feat xlink:href="#sSpan1236" value="ⲁⲛ"/>
		<feat xlink:href="#sSpan1241" value="·"/>
		<feat xlink:href="#sSpan1246" value="ⲏ"/>
		<feat xlink:href="#sSpan1252" value="ϩⲱ"/>
		<feat xlink:href="#sSpan1256" value="ⲁⲛ"/>
		<feat xlink:href="#sSpan1260" value="ⲉϯⲛⲟϭ"/>
		<feat xlink:href="#sSpan1270" value="ⲛⲟⲣⲅⲏ"/>
		<feat xlink:href="#sSpan1277" value="ⲉⲧϩⲉⲓ̈ϫⲱⲟⲩ"/>
		<feat xlink:href="#sSpan1286" value="ⲉⲧⲙⲧⲣⲉⲩⲥⲟⲩⲉⲛⲡⲛⲟⲩⲧⲉ"/>
		<feat xlink:href="#sSpan1305" value="·"/>
		<feat xlink:href="#sSpan1310" value="ⲁⲗⲗⲁ"/>
		<feat xlink:href="#sSpan1316" value="ⲙⲡⲉⲣⲧⲣⲉϩⲟⲓ̈ⲛⲉ"/>
		<feat xlink:href="#sSpan1326" value="ⲛϩⲏⲧⲛ̄"/>
		<feat xlink:href="#sSpan1333" value="ⲙⲉⲉⲩⲉ"/>
		<feat xlink:href="#sSpan1337" value="ⲉⲡⲁⲓ̈"/>
		<feat xlink:href="#sSpan1344" value="·"/>
		<feat xlink:href="#sSpan1348" value="ϫⲉϩⲁⲙⲟⲓ̈"/>
		<feat xlink:href="#sSpan1355" value="ⲛⲉⲣⲉⲡⲛⲟⲩⲧⲉ"/>
		<feat xlink:href="#sSpan1365" value="ⲛⲁⲧⲱⲱⲃⲉ"/>
		<feat xlink:href="#sSpan1372" value="ⲛϩⲉⲛⲡⲉⲑⲟⲟⲩ"/>
		<feat xlink:href="#sSpan1385" value="ⲛⲛⲉⲧⲥⲱϣ"/>
		<feat xlink:href="#sSpan1396" value="ⲙⲙⲟⲛ"/>
		<feat xlink:href="#sSpan1403" value="·"/>
		<feat xlink:href="#sSpan1408" value="ⲁⲣⲉⲓ̈ⲡⲙⲉⲉⲩⲉ"/>
		<feat xlink:href="#sSpan1419" value="ⲛⲧⲟϥ"/>
		<feat xlink:href="#sSpan1424" value="ⲛⲧⲙⲛⲧϩⲁⲣⲉϣϩⲏⲧ"/>
		<feat xlink:href="#sSpan1436" value="ⲙ̄ⲡϫⲟⲉⲓ̈ⲥ"/>
		<feat xlink:href="#sSpan1446" value="ⲉⲧⲙⲧⲣⲉϥⲧⲣⲉⲡⲗⲁⲥ"/>
		<feat xlink:href="#sSpan1467" value="ⲛⲛⲉⲛⲧⲁⲩⲥⲁϩⲟⲩ"/>
		<feat xlink:href="#sSpan1483" value="ⲙ̄ⲙⲟϥ"/>
		<feat xlink:href="#sSpan1489" value="ⲡⲱϭⲉ"/>
		<feat xlink:href="#sSpan1494" value="ϩⲛⲣⲱⲟⲩ"/>
		<feat xlink:href="#sSpan1503" value="·"/>
		<feat xlink:href="#sSpan1507" value="ⲁⲩⲱ"/>
		<feat xlink:href="#sSpan1514" value="ⲙ̄ⲡⲉϥⲧⲣⲉⲛⲉⲛ̄ⲧⲁⲩⲥ̄ⳁⲟ︤ⲩ︥"/>
		<feat xlink:href="#sSpan1535" value="ⲙ̄ⲙⲟϥ"/>
		<feat xlink:href="#sSpan1541" value="ⲡⲱϩ"/>
		<feat xlink:href="#sSpan1546" value="ϩⲛⲧⲉⲩⲙⲏⲧⲉ"/>
		<feat xlink:href="#sSpan1556" value="·"/>
		<feat xlink:href="#sSpan1560" value="ⲛⲑⲉ"/>
		<feat xlink:href="#sSpan1568" value="ⲟⲛ"/>
		<feat xlink:href="#sSpan1572" value="ⲉⲧⲙⲡⲉϥⲟⲩⲉⲓ̈ⲧ"/>
		<feat xlink:href="#sSpan1583" value="ⲉⲙⲡⲗⲁⲥ"/>
		<feat xlink:href="#sSpan1593" value="ⲛⲛⲉⲧϫⲉⲓ̈ⲟⲩⲁ"/>
		<feat xlink:href="#sSpan1605" value="ⲉⲣⲟϥ"/>
		<feat xlink:href="#sSpan1611" value="ⲧⲉⲛⲟⲩ"/>
		<feat xlink:href="#sSpan1615" value="·"/>
		<feat xlink:href="#sSpan1619" value="ⲁⲩⲱ"/>
		<feat xlink:href="#sSpan1624" value="ⲙⲡⲉϥⲧⲣⲉⲛⲥⲁⲣⲝ"/>
		<feat xlink:href="#sSpan1639" value="ⲛⲛⲉⲧϫⲱ"/>
		<feat xlink:href="#sSpan1651" value="ⲙⲙⲟⲥ"/>
		<feat xlink:href="#sSpan1657" value="·"/>
		<feat xlink:href="#sSpan1661" value="ϫⲉⲟⲩⲛⲟⲩⲧⲉ"/>
		<feat xlink:href="#sSpan1671" value="ⲁⲛ"/>
		<feat xlink:href="#sSpan1675" value="ⲡⲉ"/>
		<feat xlink:href="#sSpan1679" value="ⲡⲟⲧⲡⲉⲧ"/>
		<feat xlink:href="#sSpan1684" value="ⲉⲡⲉⲥⲏⲧ"/>
		<feat xlink:href="#sSpan1693" value="·"/>
		<feat xlink:href="#sSpan1698" value="ⲁⲗⲗⲁ"/>
		<feat xlink:href="#sSpan1704" value="ⲥⲉⲛⲁⲡⲟⲧⲡⲉⲧ"/>
		<feat xlink:href="#sSpan1713" value="ϭⲉ"/>
		<feat xlink:href="#sSpan1718" value="ⲁⲩⲱ"/>
		<feat xlink:href="#sSpan1722" value="ⲛ̄ⲥⲉⲡⲱϩ"/>
		<feat xlink:href="#sSpan1730" value="·"/>
		<feat xlink:href="#sSpan1734" value="ⲁⲩⲱ"/>
		<feat xlink:href="#sSpan1740" value="ⲡⲉⲩⲗⲁⲥ"/>
		<feat xlink:href="#sSpan1746" value="ⲛⲁⲡⲱϩϭⲉ"/>
		<feat xlink:href="#sSpan1755" value="·"/>
		<feat xlink:href="#sSpan1759" value="ⲁⲩⲱ"/>
		<feat xlink:href="#sSpan1763" value="ⲛ︤ϥ︥ⲉⲓⲧⲉ"/>
		<feat xlink:href="#sSpan1773" value="ⲙⲡⲥⲟⲡ"/>
		<feat xlink:href="#sSpan1782" value="ⲉⲧⲉⲣⲉⲡϫⲟⲉⲓ̈ⲥ"/>
		<feat xlink:href="#sSpan1793" value="ⲓ︤ⲥ︥"/>
		<feat xlink:href="#sSpan1798" value="ⲛⲁⲧⲥⲁⲃⲟⲟⲩ"/>
		<feat xlink:href="#sSpan1806" value="ⲉⲡⲉϩⲟⲟⲩ"/>
		<feat xlink:href="#sSpan1816" value="ⲉⲡⲉⲩⲕⲱⲱⲛⲥ"/>
		<feat xlink:href="#sSpan1827" value="·"/>
		<feat xlink:href="#sSpan1831" value="ⲥⲕⲏ"/>
		<feat xlink:href="#sSpan1842" value="ⲙⲉⲛ"/>
		<feat xlink:href="#sSpan1847" value="ⲉϩⲁⲣⲁⲓ̈"/>
		<feat xlink:href="#sSpan1851" value="ⲉⲧⲣⲉⲛⲣⲱⲙⲉ"/>
		<feat xlink:href="#sSpan1863" value="ⲙⲡⲛⲟⲩⲧⲉ"/>
		<feat xlink:href="#sSpan1873" value="ϣⲗⲏⲗ"/>
		<feat xlink:href="#sSpan1877" value="ⲉϫⲛⲛⲉⲧⲡⲏⲧ"/>
		<feat xlink:href="#sSpan1889" value="ⲛⲥⲱⲟⲩ"/>
		<feat xlink:href="#sSpan1895" value="·"/>
		<feat xlink:href="#sSpan1901" value="ⲉⲧⲃⲉⲡⲁⲓ̈"/>
		<feat xlink:href="#sSpan1911" value="ⲧⲉⲛⲥⲙⲟⲩ"/>
		<feat xlink:href="#sSpan1918" value="ⲉⲛⲉⲧⲥⲁϩⲟⲩ"/>
		<feat xlink:href="#sSpan1929" value="ⲙ̄ⲙⲟⲛ"/>
		<feat xlink:href="#sSpan1937" value="ⲁⲩⲱ"/>
		<feat xlink:href="#sSpan1943" value="ⲕⲁⲧⲁⲧⲉⲛⲧⲟⲗⲏ"/>
		<feat xlink:href="#sSpan1954" value="ⲙⲡⲉⲛⲥⲁϩ"/>
		<feat xlink:href="#sSpan1963" value="ⲁⲩⲱ"/>
		<feat xlink:href="#sSpan1968" value="ⲡϫⲟⲉⲓⲥ"/>
		<feat xlink:href="#sSpan1975" value="ⲡⲉⲭ︤ⲥ︥"/>
		<feat xlink:href="#sSpan1983" value="·"/>
		<feat xlink:href="#sSpan1987" value="ⲉⲣϣⲁⲛⲛϥⲥⲃⲟⲩⲓ̈"/>
		<feat xlink:href="#sSpan2000" value="ⲅⲁⲣ"/>
		<feat xlink:href="#sSpan2004" value="·"/>
		<feat xlink:href="#sSpan2008" value="ⲁⲩⲱ"/>
		<feat xlink:href="#sSpan2013" value="ⲛⲉϥϩⲙϩⲁⲗ"/>
		<feat xlink:href="#sSpan2020" value="ⲥϩⲟⲩⲉⲣϩⲉⲛⲣⲱⲙⲉ"/>
		<feat xlink:href="#sSpan2030" value="ⲉⲧⲃⲏⲏⲧⲟⲩ"/>
		<feat xlink:href="#sSpan2037" value="·"/>
		<feat xlink:href="#sSpan2041" value="ϫⲉⲥⲉϫⲉⲡⲉⲑⲟⲟⲩ"/>
		<feat xlink:href="#sSpan2057" value="ⲉⲣⲟⲟⲩ"/>
		<feat xlink:href="#sSpan2063" value="ⲟⲩⲉⲛⲟⲩⲟⲛ"/>
		<feat xlink:href="#sSpan2071" value="ⲉⲣⲟⲟⲩ"/>
		<feat xlink:href="#sSpan2078" value="·"/>
		<feat xlink:href="#sSpan2084" value="ⲉⲩϣⲁⲛⲧⲙⲥϩⲟⲩⲱⲣⲟⲩ"/>
		<feat xlink:href="#sSpan2098" value="ⲇⲉ"/>
		<feat xlink:href="#sSpan2102" value="ⲛⲧⲟⲟⲩ"/>
		<feat xlink:href="#sSpan2106" value="ϫⲉⲁⲩϫⲱ"/>
		<feat xlink:href="#sSpan2117" value="ⲛϯⲃⲟⲧⲉ"/>
		<feat xlink:href="#sSpan2126" value="ⲉⲃⲟⲗ"/>
		<feat xlink:href="#sSpan2132" value="ϩⲛ̄ⲣⲱⲟⲩ"/>
		<feat xlink:href="#sSpan2141" value="ϫⲉⲟⲩⲛⲟⲩⲧⲉ"/>
		<feat xlink:href="#sSpan2151" value="ⲁⲛ"/>
		<feat xlink:href="#sSpan2156" value="ⲡⲉ"/>
		<feat xlink:href="#sSpan2163" value="ⲡⲛⲟⲩⲧⲉ"/>
		<feat xlink:href="#sSpan2170" value="ⲙⲙⲉ"/>
		<feat xlink:href="#sSpan2176" value="ⲙⲁⲩⲁⲁϥ"/>
		<feat xlink:href="#sSpan2183" value="·"/>
		<feat xlink:href="#sSpan2187" value="ⲡⲉⲓ̈ⲱⲧ"/>
		<feat xlink:href="#sSpan2194" value="ⲙⲡⲉⲛϫⲟⲉⲓ̈ⲥ"/>
		<feat xlink:href="#sSpan2205" value="ⲓ︤ⲥ︥"/>
		<feat xlink:href="#sSpan2209" value="ⲥⲉⲟ"/>
		<feat xlink:href="#sSpan2216" value="ⲛⲕⲟⲓ̈ⲛⲱⲛⲟⲥ"/>
		<feat xlink:href="#sSpan2225" value="ⲛⲙⲙⲁⲩ"/>
		<feat xlink:href="#sSpan2231" value="ⲉⲛⲉⲩϩⲃⲏⲩⲉ"/>
		<feat xlink:href="#sSpan2241" value="ⲙⲛⲛⲉⲩϣⲁϫⲉ"/>
		<feat xlink:href="#sSpan2252" value="⟦·"/>
		<feat xlink:href="#sSpan2256" value="ⲁⲩⲱ"/>
		<feat xlink:href="#sSpan2262" value="ⲥⲉⲟ"/>
		<feat xlink:href="#sSpan2268" value="ⲛⲕⲟⲓⲛⲱⲛⲟⲥ"/>
		<feat xlink:href="#sSpan2277" value="ⲛ̣ⲙ̣ⲙ̣ⲁ̣ⲩ̣"/>
		<feat xlink:href="#sSpan2284" value="ⲉ̣ⲛⲉⲩϩⲃⲏⲩ̣ⲉ̣"/>
		<feat xlink:href="#sSpan2294" value="ⲙ̣ⲛ̣ⲛ̣ⲉⲩϣ̣ⲁ̣ϫⲉⲓ"/>
		<feat xlink:href="#sSpan2304" value="]]·"/>
		<feat xlink:href="#sSpan2308" value="ⲁⲩⲱ"/>
		<feat xlink:href="#sSpan2314" value="ⲥⲉⲟ"/>
		<feat xlink:href="#sSpan2321" value="ⲛⲉⲛⲟⲭⲟⲥ"/>
		<feat xlink:href="#sSpan2329" value="ⲛ︤ⲙ︥ⲙⲁⲩ"/>
		<feat xlink:href="#sSpan2336" value="ⲉⲧⲉⲩⲕⲣⲓ̈ⲥⲓ̈ⲥ"/>
		<feat xlink:href="#sSpan2346" value="ⲙⲛⲡⲉⲩⲥⲁϩⲟⲩ"/>
		<feat xlink:href="#sSpan2356" value="ⲁⲩⲱ"/>
		<feat xlink:href="#sSpan2362" value="ⲧⲟⲣⲅⲏ"/>
		<feat xlink:href="#sSpan2369" value="·"/>
		<feat xlink:href="#sSpan2373" value="ⲙⲛⲧⲅⲉϩⲉⲛⲛⲁ"/>
		<feat xlink:href="#sSpan2384" value="·"/>
		<feat xlink:href="#sSpan2390" value="ⲉϣϫⲉⲙⲡⲟⲩⲥⲟⲩⲛⲡⲛⲟⲩⲧⲉ"/>
		<feat xlink:href="#sSpan2409" value="ϭⲉ"/>
		<feat xlink:href="#sSpan2413" value="ⲛϭⲉⲓ̈ⲛ̄ⲣⲱⲙⲉ"/>
		<feat xlink:href="#sSpan2423" value="ⲛⲧⲁⲩⲣϩⲟⲩⲉⲫⲩⲥⲓ̈ⲥ"/>
		<feat xlink:href="#sSpan2441" value="ⲛⲧⲃⲛⲏ"/>
		<feat xlink:href="#sSpan2448" value="·"/>
		<feat xlink:href="#sSpan2452" value="ⲁⲩⲱ"/>
		<feat xlink:href="#sSpan2457" value="ⲙⲡⲟⲩⲉⲓ̈ⲙⲉ"/>
		<feat xlink:href="#sSpan2465" value="ⲉⲛⲉϥⲙⲟⲓϩⲉ"/>
		<feat xlink:href="#sSpan2475" value="·"/>
		<feat xlink:href="#sSpan2479" value="ⲙ︤ⲛ︥ⲛⲉϥϭⲟⲙ"/>
		<feat xlink:href="#sSpan2489" value="·"/>
		<feat xlink:href="#sSpan2493" value="ⲙ︤ⲛ︥ⲛⲉϥϩⲃⲏⲩⲉ"/>
		<feat xlink:href="#sSpan2504" value="ⲧⲏⲣⲟⲩ"/>
		<feat xlink:href="#sSpan2511" value="·"/>
		<feat xlink:href="#sSpan2515" value="ⲛⲁⲡⲕⲁϩ"/>
		<feat xlink:href="#sSpan2527" value="ⲙⲁⲩⲁⲁⲩ"/>
		<feat xlink:href="#sSpan2534" value="ⲁⲛ"/>
		<feat xlink:href="#sSpan2538" value="ⲛⲉⲧⲟⲩⲛⲁⲩ"/>
		<feat xlink:href="#sSpan2549" value="ⲉⲣⲟⲟⲩ"/>
		<feat xlink:href="#sSpan2555" value="ⲁⲩⲱ"/>
		<feat xlink:href="#sSpan2560" value="ⲉⲩⲥⲱⲧⲙ"/>
		<feat xlink:href="#sSpan2568" value="ⲉⲧⲃⲏⲏⲧⲟⲩ"/>
		<feat xlink:href="#sSpan2576" value="ⲁⲗⲗⲁ"/>
		<feat xlink:href="#sSpan2580" value="ⲛⲁⲙⲡⲏⲩⲉ"/>
		<feat xlink:href="#sSpan2590" value="ⲙⲛⲛⲉⲧⲉϥⲛⲁⲁⲁⲩ"/>
		<feat xlink:href="#sSpan2608" value="ⲧⲏⲣⲟⲩ"/>
		<feat xlink:href="#sSpan2615" value="ⲟⲛ"/>
		<feat xlink:href="#sSpan2619" value="·"/>
		<feat xlink:href="#sSpan2623" value="ⲛⲁϣ"/>
		<feat xlink:href="#sSpan2632" value="ⲛϩⲉ"/>
		<feat xlink:href="#sSpan2639" value="ⲉⲩⲛⲁⲥⲟⲩⲛⲛⲉϥⲣⲱⲙⲉ"/>
		<feat xlink:href="#sSpan2655" value="·"/>
		<feat xlink:href="#sSpan2659" value="ⲙⲛⲛⲉⲩϩⲃⲏⲩⲉ"/>
		<feat xlink:href="#sSpan2669" value="·"/>
		<feat xlink:href="#sSpan2674" value="ⲡⲉⲧⲣϩⲟⲧⲉ"/>
		<feat xlink:href="#sSpan2688" value="ϩⲏⲧϥ"/>
		<feat xlink:href="#sSpan2694" value="ⲉⲛⲟⲩⲣⲱⲙⲉ"/>
		<feat xlink:href="#sSpan2704" value="ⲉϣⲁϥⲙⲟⲩ"/>
		<feat xlink:href="#sSpan2715" value="·"/>
		<feat xlink:href="#sSpan2719" value="ⲁⲩⲱ"/>
		<feat xlink:href="#sSpan2723" value="ⲉϩⲏⲧϥ"/>
		<feat xlink:href="#sSpan2733" value="ⲉⲛⲟⲩϣⲏⲣⲉ"/>
		<feat xlink:href="#sSpan2742" value="ⲛⲣⲱⲙⲉ"/>
		<feat xlink:href="#sSpan2749" value="·"/>
		<feat xlink:href="#sSpan2753" value="ⲛⲁⲓ"/>
		<feat xlink:href="#sSpan2757" value="ⲉϣⲁⲩϣⲟⲟⲩⲉ"/>
		<feat xlink:href="#sSpan2768" value="ⲛ̄ⲑⲉ"/>
		<feat xlink:href="#sSpan2777" value="ⲛⲟⲩⲭⲟⲣⲧⲟⲥ"/>
		<feat xlink:href="#sSpan2787" value="·"/>
		<feat xlink:href="#sSpan2791" value="ⲛⲉⲩϣⲟⲃⲉ"/>
		<feat xlink:href="#sSpan2800" value="ⲁⲛ"/>
		<feat xlink:href="#sSpan2804" value="ⲉϩⲉⲛϣⲏⲣⲉ"/>
		<feat xlink:href="#sSpan2815" value="ϣⲏⲙ"/>
		<feat xlink:href="#sSpan2819" value="ⲉⲛⲁⲧⲥⲟⲟⲩⲛ"/>
		<feat xlink:href="#sSpan2831" value="·"/>
		<feat xlink:href="#sSpan2835" value="ⲉϣⲁⲩϥⲱϭⲉ"/>
		<feat xlink:href="#sSpan2846" value="ⲁⲩⲱ"/>
		<feat xlink:href="#sSpan2850" value="ⲛⲥⲉⲧⲣⲣⲉ"/>
		<feat xlink:href="#sSpan2859" value="ϩⲙ"/></featList></paula>