<?xml version='1.0' encoding='UTF-8'?><!DOCTYPE paula SYSTEM "paula_mark.dtd">
<paula version="1.1">
	<header paula_id="shenoute.those.GF259-262.tok"/>
	<markList xmlns:xlink="http://www.w3.org/1999/xlink" type="tok" xml:base="shenoute.those.GF259-262.text.xml">
		<!--ⲡ-->
		<mark id="sTok1" xlink:href="#xpointer(string-range(//body,'',1,1))"/>
		<!--ⲉ-->
		<mark id="sTok2" xlink:href="#xpointer(string-range(//body,'',3,1))"/>
		<!--ⲛ̄-->
		<mark id="sTok3" xlink:href="#xpointer(string-range(//body,'',5,2))"/>
		<!--ⲛ̄-->
		<mark id="sTok4" xlink:href="#xpointer(string-range(//body,'',8,2))"/>
		<!--ϭⲓ̈ϫ-->
		<mark id="sTok5" xlink:href="#xpointer(string-range(//body,'',11,4))"/>
		<!--ⲉ-->
		<mark id="sTok6" xlink:href="#xpointer(string-range(//body,'',16,1))"/>
		<!--ⲩ-->
		<mark id="sTok7" xlink:href="#xpointer(string-range(//body,'',18,1))"/>
		<!--ⲟⲩ-->
		<mark id="sTok8" xlink:href="#xpointer(string-range(//body,'',20,2))"/>
		<!--ⲏⲩ-->
		<mark id="sTok9" xlink:href="#xpointer(string-range(//body,'',23,2))"/>
		<!--ⲉⲃⲟⲗ-->
		<mark id="sTok10" xlink:href="#xpointer(string-range(//body,'',26,4))"/>
		<!--ⲙ̄ⲙⲟ-->
		<mark id="sTok11" xlink:href="#xpointer(string-range(//body,'',31,4))"/>
		<!--.-->
		<mark id="sTok12" xlink:href="#xpointer(string-range(//body,'',36,1))"/>
		<!--ⲛⲉ-->
		<mark id="sTok13" xlink:href="#xpointer(string-range(//body,'',38,2))"/>
		<!--ϣⲁ-->
		<mark id="sTok14" xlink:href="#xpointer(string-range(//body,'',41,2))"/>
		<!--ⲩ-->
		<mark id="sTok15" xlink:href="#xpointer(string-range(//body,'',44,1))"/>
		<!--ⲉϣⲧ-->
		<mark id="sTok16" xlink:href="#xpointer(string-range(//body,'',46,3))"/>
		<!--ϩⲉⲛ-->
		<mark id="sTok17" xlink:href="#xpointer(string-range(//body,'',50,3))"/>
		<!--ⲉⲓ̈ⲧⲟⲥ-->
		<mark id="sTok18" xlink:href="#xpointer(string-range(//body,'',54,6))"/>
		<!--ⲉ-->
		<mark id="sTok19" xlink:href="#xpointer(string-range(//body,'',61,1))"/>
		<!--ⲩ-->
		<mark id="sTok20" xlink:href="#xpointer(string-range(//body,'',63,1))"/>
		<!--ⲣ̄-->
		<mark id="sTok21" xlink:href="#xpointer(string-range(//body,'',65,2))"/>
		<!--ϩⲟⲩⲟ-->
		<mark id="sTok22" xlink:href="#xpointer(string-range(//body,'',68,4))"/>
		<!--ⲛ-->
		<mark id="sTok23" xlink:href="#xpointer(string-range(//body,'',73,1))"/>
		<!--ϭⲉϭⲟⲩ-->
		<mark id="sTok24" xlink:href="#xpointer(string-range(//body,'',75,5))"/>
		<!--·-->
		<mark id="sTok25" xlink:href="#xpointer(string-range(//body,'',81,1))"/>
		<!--ⲏ-->
		<mark id="sTok26" xlink:href="#xpointer(string-range(//body,'',83,1))"/>
		<!--ⲉ-->
		<mark id="sTok27" xlink:href="#xpointer(string-range(//body,'',85,1))"/>
		<!--ⲩ-->
		<mark id="sTok28" xlink:href="#xpointer(string-range(//body,'',87,1))"/>
		<!--ⲙⲉϩ-->
		<mark id="sTok29" xlink:href="#xpointer(string-range(//body,'',89,3))"/>
		<!--ⲉ-->
		<mark id="sTok30" xlink:href="#xpointer(string-range(//body,'',93,1))"/>
		<!--ⲙⲁⲧⲉ-->
		<mark id="sTok31" xlink:href="#xpointer(string-range(//body,'',95,4))"/>
		<!--·-->
		<mark id="sTok32" xlink:href="#xpointer(string-range(//body,'',100,1))"/>
		<!--ⲉ-->
		<mark id="sTok33" xlink:href="#xpointer(string-range(//body,'',102,1))"/>
		<!--ⲓ̈-->
		<mark id="sTok34" xlink:href="#xpointer(string-range(//body,'',104,2))"/>
		<!--ⲛⲁ-->
		<mark id="sTok35" xlink:href="#xpointer(string-range(//body,'',107,2))"/>
		<!--ⲣ-->
		<mark id="sTok36" xlink:href="#xpointer(string-range(//body,'',110,1))"/>
		<!--ϩⲟⲧⲉ-->
		<mark id="sTok37" xlink:href="#xpointer(string-range(//body,'',112,4))"/>
		<!--ϫⲉ-->
		<mark id="sTok38" xlink:href="#xpointer(string-range(//body,'',117,2))"/>
		<!--ⲟⲩ-->
		<mark id="sTok39" xlink:href="#xpointer(string-range(//body,'',120,2))"/>
		<!--ⲉ-->
		<mark id="sTok40" xlink:href="#xpointer(string-range(//body,'',123,1))"/>
		<!--ϩⲏ-->
		<mark id="sTok41" xlink:href="#xpointer(string-range(//body,'',125,2))"/>
		<!--ⲧ-->
		<mark id="sTok42" xlink:href="#xpointer(string-range(//body,'',128,1))"/>
		<!--ⲟⲩ-->
		<mark id="sTok43" xlink:href="#xpointer(string-range(//body,'',130,2))"/>
		<!--ⲛ-->
		<mark id="sTok44" xlink:href="#xpointer(string-range(//body,'',133,1))"/>
		<!--ϩⲉⲛ-->
		<mark id="sTok45" xlink:href="#xpointer(string-range(//body,'',135,3))"/>
		<!--ⲣⲱⲙⲉ-->
		<mark id="sTok46" xlink:href="#xpointer(string-range(//body,'',139,4))"/>
		<!--ⲛ-->
		<mark id="sTok47" xlink:href="#xpointer(string-range(//body,'',144,1))"/>
		<!--ⲁⲑ-->
		<mark id="sTok48" xlink:href="#xpointer(string-range(//body,'',146,2))"/>
		<!--ⲏⲧ-->
		<mark id="sTok49" xlink:href="#xpointer(string-range(//body,'',149,2))"/>
		<!--·-->
		<mark id="sTok50" xlink:href="#xpointer(string-range(//body,'',152,1))"/>
		<!--ⲛ-->
		<mark id="sTok51" xlink:href="#xpointer(string-range(//body,'',154,1))"/>
		<!--ⲥⲉ-->
		<mark id="sTok52" xlink:href="#xpointer(string-range(//body,'',156,2))"/>
		<!--ϣⲓ̈ⲡⲉ-->
		<mark id="sTok53" xlink:href="#xpointer(string-range(//body,'',159,5))"/>
		<!--ⲁⲛ-->
		<mark id="sTok54" xlink:href="#xpointer(string-range(//body,'',165,2))"/>
		<!--ⲉ-->
		<mark id="sTok55" xlink:href="#xpointer(string-range(//body,'',168,1))"/>
		<!--ϫⲟⲟ-->
		<mark id="sTok56" xlink:href="#xpointer(string-range(//body,'',170,3))"/>
		<!--ⲥ-->
		<mark id="sTok57" xlink:href="#xpointer(string-range(//body,'',174,1))"/>
		<!--ϫⲉ-->
		<mark id="sTok58" xlink:href="#xpointer(string-range(//body,'',176,2))"/>
		<!--ⲙⲛ-->
		<mark id="sTok59" xlink:href="#xpointer(string-range(//body,'',179,2))"/>
		<!--ⲛⲟⲩⲧⲉ-->
		<mark id="sTok60" xlink:href="#xpointer(string-range(//body,'',182,5))"/>
		<!--ϣⲟⲟⲡ-->
		<mark id="sTok61" xlink:href="#xpointer(string-range(//body,'',188,4))"/>
		<!--·-->
		<mark id="sTok62" xlink:href="#xpointer(string-range(//body,'',193,1))"/>
		<!--ⲧ-->
		<mark id="sTok63" xlink:href="#xpointer(string-range(//body,'',195,1))"/>
		<!--ⲁ-->
		<mark id="sTok64" xlink:href="#xpointer(string-range(//body,'',197,1))"/>
		<!--ⲛⲟⲙⲓ̈ⲁ-->
		<mark id="sTok65" xlink:href="#xpointer(string-range(//body,'',199,6))"/>
		<!--ⲛ-->
		<mark id="sTok66" xlink:href="#xpointer(string-range(//body,'',206,1))"/>
		<!--ϩⲉⲛ-->
		<mark id="sTok67" xlink:href="#xpointer(string-range(//body,'',208,3))"/>
		<!--ϩⲉⲗ-->
		<mark id="sTok68" xlink:href="#xpointer(string-range(//body,'',212,3))"/>
		<!--ⲗⲏⲛ-->
		<mark id="sTok69" xlink:href="#xpointer(string-range(//body,'',216,3))"/>
		<!--·-->
		<mark id="sTok70" xlink:href="#xpointer(string-range(//body,'',220,1))"/>
		<!--ⲛⲁ-->
		<mark id="sTok71" xlink:href="#xpointer(string-range(//body,'',222,2))"/>
		<!--ⲕⲱⲧⲉ-->
		<mark id="sTok72" xlink:href="#xpointer(string-range(//body,'',225,4))"/>
		<!--ⲉⲣⲟ-->
		<mark id="sTok73" xlink:href="#xpointer(string-range(//body,'',230,3))"/>
		<!--ⲓ̈-->
		<mark id="sTok74" xlink:href="#xpointer(string-range(//body,'',234,2))"/>
		<!--·-->
		<mark id="sTok75" xlink:href="#xpointer(string-range(//body,'',237,1))"/>
		<!--ⲛ-->
		<mark id="sTok76" xlink:href="#xpointer(string-range(//body,'',239,1))"/>
		<!--ⲉⲧ-->
		<mark id="sTok77" xlink:href="#xpointer(string-range(//body,'',241,2))"/>
		<!--ⲛⲁϩ-->
		<mark id="sTok78" xlink:href="#xpointer(string-range(//body,'',244,3))"/>
		<!--ⲧⲉ-->
		<mark id="sTok79" xlink:href="#xpointer(string-range(//body,'',248,2))"/>
		<!--ⲉ-->
		<mark id="sTok80" xlink:href="#xpointer(string-range(//body,'',251,1))"/>
		<!--ⲛⲉⲩ-->
		<mark id="sTok81" xlink:href="#xpointer(string-range(//body,'',253,3))"/>
		<!--ⲭⲣⲏⲙⲁ-->
		<mark id="sTok82" xlink:href="#xpointer(string-range(//body,'',257,5))"/>
		<!--ⲁⲩⲱ-->
		<mark id="sTok83" xlink:href="#xpointer(string-range(//body,'',263,3))"/>
		<!--ⲉⲧ-->
		<mark id="sTok84" xlink:href="#xpointer(string-range(//body,'',267,2))"/>
		<!--ϣⲟⲩϣⲟⲩ-->
		<mark id="sTok85" xlink:href="#xpointer(string-range(//body,'',270,6))"/>
		<!--ⲙⲙⲟ-->
		<mark id="sTok86" xlink:href="#xpointer(string-range(//body,'',277,3))"/>
		<!--ⲟⲩ-->
		<mark id="sTok87" xlink:href="#xpointer(string-range(//body,'',281,2))"/>
		<!--ⲉϫⲛ-->
		<mark id="sTok88" xlink:href="#xpointer(string-range(//body,'',284,3))"/>
		<!--ϩⲉⲛ-->
		<mark id="sTok89" xlink:href="#xpointer(string-range(//body,'',288,3))"/>
		<!--ϩⲉⲗⲡⲉⲓ̈ⲥ-->
		<mark id="sTok90" xlink:href="#xpointer(string-range(//body,'',292,8))"/>
		<!--ⲉⲧ-->
		<mark id="sTok91" xlink:href="#xpointer(string-range(//body,'',301,2))"/>
		<!--ϣⲟⲩ-->
		<mark id="sTok92" xlink:href="#xpointer(string-range(//body,'',304,3))"/>
		<!--ⲉⲓ̈ⲧ-->
		<mark id="sTok93" xlink:href="#xpointer(string-range(//body,'',308,4))"/>
		<!--·-->
		<mark id="sTok94" xlink:href="#xpointer(string-range(//body,'',313,1))"/>
		<!--ⲉ-->
		<mark id="sTok95" xlink:href="#xpointer(string-range(//body,'',315,1))"/>
		<!--ϣϫⲉ-->
		<mark id="sTok96" xlink:href="#xpointer(string-range(//body,'',317,3))"/>
		<!--ϫⲉⲓ̈ⲛ-->
		<mark id="sTok97" xlink:href="#xpointer(string-range(//body,'',321,5))"/>
		<!--ⲉ-->
		<mark id="sTok98" xlink:href="#xpointer(string-range(//body,'',327,1))"/>
		<!--ϣⲟ-->
		<mark id="sTok99" xlink:href="#xpointer(string-range(//body,'',329,2))"/>
		<!--ⲣⲡ-->
		<mark id="sTok100" xlink:href="#xpointer(string-range(//body,'',332,2))"/>
		<!--ⲥⲉ-->
		<mark id="sTok101" xlink:href="#xpointer(string-range(//body,'',335,2))"/>
		<!--ϯ-->
		<mark id="sTok102" xlink:href="#xpointer(string-range(//body,'',338,1))"/>
		<!--ⲛ-->
		<mark id="sTok103" xlink:href="#xpointer(string-range(//body,'',340,1))"/>
		<!--ϩⲉⲛ-->
		<mark id="sTok104" xlink:href="#xpointer(string-range(//body,'',342,3))"/>
		<!--ⲥⲟⲉⲓ̈ⲧ-->
		<mark id="sTok105" xlink:href="#xpointer(string-range(//body,'',346,6))"/>
		<!--ⲉ-->
		<mark id="sTok106" xlink:href="#xpointer(string-range(//body,'',353,1))"/>
		<!--ⲩ-->
		<mark id="sTok107" xlink:href="#xpointer(string-range(//body,'',355,1))"/>
		<!--ϩⲟⲟⲩ-->
		<mark id="sTok108" xlink:href="#xpointer(string-range(//body,'',357,4))"/>
		<!--ⲛ-->
		<mark id="sTok109" xlink:href="#xpointer(string-range(//body,'',362,1))"/>
		<!--ⲥⲁ-->
		<mark id="sTok110" xlink:href="#xpointer(string-range(//body,'',364,2))"/>
		<!--ⲛ̄-->
		<mark id="sTok111" xlink:href="#xpointer(string-range(//body,'',367,2))"/>
		<!--ⲣⲙ-->
		<mark id="sTok112" xlink:href="#xpointer(string-range(//body,'',370,2))"/>
		<!--ⲛ-->
		<mark id="sTok113" xlink:href="#xpointer(string-range(//body,'',373,1))"/>
		<!--ⲛⲟⲩⲧⲉ-->
		<mark id="sTok114" xlink:href="#xpointer(string-range(//body,'',375,5))"/>
		<!--ⲛ-->
		<mark id="sTok115" xlink:href="#xpointer(string-range(//body,'',381,1))"/>
		<!--ⲑ-->
		<mark id="sTok116" xlink:href="#xpointer(string-range(//body,'',383,1))"/>
		<!--ⲉ-->
		<mark id="sTok117" xlink:href="#xpointer(string-range(//body,'',385,1))"/>
		<!--ⲉⲧ-->
		<mark id="sTok118" xlink:href="#xpointer(string-range(//body,'',387,2))"/>
		<!--ⲥⲏϩ-->
		<mark id="sTok119" xlink:href="#xpointer(string-range(//body,'',390,3))"/>
		<!--·-->
		<mark id="sTok120" xlink:href="#xpointer(string-range(//body,'',394,1))"/>
		<!--ⲁ-->
		<mark id="sTok121" xlink:href="#xpointer(string-range(//body,'',396,1))"/>
		<!--ⲩ-->
		<mark id="sTok122" xlink:href="#xpointer(string-range(//body,'',398,1))"/>
		<!--ϫⲟ-->
		<mark id="sTok123" xlink:href="#xpointer(string-range(//body,'',400,2))"/>
		<!--ⲟ-->
		<mark id="sTok124" xlink:href="#xpointer(string-range(//body,'',403,1))"/>
		<!--ⲥ-->
		<mark id="sTok125" xlink:href="#xpointer(string-range(//body,'',405,1))"/>
		<!--ⲟⲛ-->
		<mark id="sTok126" xlink:href="#xpointer(string-range(//body,'',407,2))"/>
		<!--ϫⲉ-->
		<mark id="sTok127" xlink:href="#xpointer(string-range(//body,'',410,2))"/>
		<!--ⲡ-->
		<mark id="sTok128" xlink:href="#xpointer(string-range(//body,'',413,1))"/>
		<!--ⲇⲓ̈-->
		<mark id="sTok129" xlink:href="#xpointer(string-range(//body,'',415,3))"/>
		<!--ⲕⲁⲓ̈ⲟⲥ-->
		<mark id="sTok130" xlink:href="#xpointer(string-range(//body,'',419,6))"/>
		<!--ⲛⲁ-->
		<mark id="sTok131" xlink:href="#xpointer(string-range(//body,'',426,2))"/>
		<!--ϣⲱⲡⲉ-->
		<mark id="sTok132" xlink:href="#xpointer(string-range(//body,'',429,4))"/>
		<!--ⲉ-->
		<mark id="sTok133" xlink:href="#xpointer(string-range(//body,'',434,1))"/>
		<!--ⲛⲉ-->
		<mark id="sTok134" xlink:href="#xpointer(string-range(//body,'',436,2))"/>
		<!--ⲣ-->
		<mark id="sTok135" xlink:href="#xpointer(string-range(//body,'',439,1))"/>
		<!--ⲡ-->
		<mark id="sTok136" xlink:href="#xpointer(string-range(//body,'',441,1))"/>
		<!--ⲙⲉⲉⲩⲉ-->
		<mark id="sTok137" xlink:href="#xpointer(string-range(//body,'',443,5))"/>
		<!--ϣⲁ-->
		<mark id="sTok138" xlink:href="#xpointer(string-range(//body,'',449,2))"/>
		<!--ⲉⲛⲉϩ-->
		<mark id="sTok139" xlink:href="#xpointer(string-range(//body,'',452,4))"/>
		<!--·-->
		<mark id="sTok140" xlink:href="#xpointer(string-range(//body,'',457,1))"/>
		<!--ⲛ-->
		<mark id="sTok141" xlink:href="#xpointer(string-range(//body,'',459,1))"/>
		<!--ϥ-->
		<mark id="sTok142" xlink:href="#xpointer(string-range(//body,'',461,1))"/>
		<!--ⲛⲁ-->
		<mark id="sTok143" xlink:href="#xpointer(string-range(//body,'',463,2))"/>
		<!--ⲣ-->
		<mark id="sTok144" xlink:href="#xpointer(string-range(//body,'',466,1))"/>
		<!--ϩⲟⲧⲉ-->
		<mark id="sTok145" xlink:href="#xpointer(string-range(//body,'',468,4))"/>
		<!--ⲁⲛ-->
		<mark id="sTok146" xlink:href="#xpointer(string-range(//body,'',473,2))"/>
		<!--ϩⲏⲧ-->
		<mark id="sTok147" xlink:href="#xpointer(string-range(//body,'',476,3))"/>
		<!--ϥ-->
		<mark id="sTok148" xlink:href="#xpointer(string-range(//body,'',480,1))"/>
		<!--ⲉⲛ-->
		<mark id="sTok149" xlink:href="#xpointer(string-range(//body,'',482,2))"/>
		<!--ⲟⲩ-->
		<mark id="sTok150" xlink:href="#xpointer(string-range(//body,'',485,2))"/>
		<!--ⲥⲟⲉⲓ̈ⲧ-->
		<mark id="sTok151" xlink:href="#xpointer(string-range(//body,'',488,6))"/>
		<!--ⲉ-->
		<mark id="sTok152" xlink:href="#xpointer(string-range(//body,'',495,1))"/>
		<!--ϥ-->
		<mark id="sTok153" xlink:href="#xpointer(string-range(//body,'',497,1))"/>
		<!--ϩⲟⲟⲩ-->
		<mark id="sTok154" xlink:href="#xpointer(string-range(//body,'',499,4))"/>
		<!--·-->
		<mark id="sTok155" xlink:href="#xpointer(string-range(//body,'',504,1))"/>
		<!--ⲉ-->
		<mark id="sTok156" xlink:href="#xpointer(string-range(//body,'',506,1))"/>
		<!--ⲣⲉ-->
		<mark id="sTok157" xlink:href="#xpointer(string-range(//body,'',508,2))"/>
		<!--ⲛ-->
		<mark id="sTok158" xlink:href="#xpointer(string-range(//body,'',511,1))"/>
		<!--ϫⲁϫⲉ-->
		<mark id="sTok159" xlink:href="#xpointer(string-range(//body,'',513,4))"/>
		<!--ⲙ-->
		<mark id="sTok160" xlink:href="#xpointer(string-range(//body,'',518,1))"/>
		<!--ⲡⲉ-->
		<mark id="sTok161" xlink:href="#xpointer(string-range(//body,'',520,2))"/>
		<!--ⲭ︤ⲥ︥-->
		<mark id="sTok162" xlink:href="#xpointer(string-range(//body,'',523,4))"/>
		<!--ⲛⲁ-->
		<mark id="sTok163" xlink:href="#xpointer(string-range(//body,'',528,2))"/>
		<!--ϣⲁϫⲉ-->
		<mark id="sTok164" xlink:href="#xpointer(string-range(//body,'',531,4))"/>
		<!--ⲉⲣⲟ-->
		<mark id="sTok165" xlink:href="#xpointer(string-range(//body,'',536,3))"/>
		<!--ⲓ̈-->
		<mark id="sTok166" xlink:href="#xpointer(string-range(//body,'',540,2))"/>
		<!--ϩⲛ-->
		<mark id="sTok167" xlink:href="#xpointer(string-range(//body,'',543,2))"/>
		<!--ⲟⲩ-->
		<mark id="sTok168" xlink:href="#xpointer(string-range(//body,'',546,2))"/>
		<!--·-->
		<mark id="sTok169" xlink:href="#xpointer(string-range(//body,'',549,1))"/>
		<!--ⲛⲥⲁ-->
		<mark id="sTok170" xlink:href="#xpointer(string-range(//body,'',551,3))"/>
		<!--ⲛⲉ-->
		<mark id="sTok171" xlink:href="#xpointer(string-range(//body,'',555,2))"/>
		<!--ϫ-->
		<mark id="sTok172" xlink:href="#xpointer(string-range(//body,'',558,1))"/>
		<!--ϭⲟⲗ-->
		<mark id="sTok173" xlink:href="#xpointer(string-range(//body,'',560,3))"/>
		<!--ⲉⲃⲟⲗ-->
		<mark id="sTok174" xlink:href="#xpointer(string-range(//body,'',564,4))"/>
		<!--ϩⲛ-->
		<mark id="sTok175" xlink:href="#xpointer(string-range(//body,'',569,2))"/>
		<!--ⲧⲉⲩ-->
		<mark id="sTok176" xlink:href="#xpointer(string-range(//body,'',572,3))"/>
		<!--ⲧⲁⲡⲣⲟ-->
		<mark id="sTok177" xlink:href="#xpointer(string-range(//body,'',576,5))"/>
		<!--ⲉϩⲟⲩⲛ-->
		<mark id="sTok178" xlink:href="#xpointer(string-range(//body,'',582,5))"/>
		<!--ⲉ-->
		<mark id="sTok179" xlink:href="#xpointer(string-range(//body,'',588,1))"/>
		<!--ⲣⲟ-->
		<mark id="sTok180" xlink:href="#xpointer(string-range(//body,'',590,2))"/>
		<!--ⲓ̈-->
		<mark id="sTok181" xlink:href="#xpointer(string-range(//body,'',593,2))"/>
		<!--·-->
		<mark id="sTok182" xlink:href="#xpointer(string-range(//body,'',596,1))"/>
		<!--ϩⲉⲓ̈-->
		<mark id="sTok183" xlink:href="#xpointer(string-range(//body,'',598,4))"/>
		<!--ϩⲱⲃ-->
		<mark id="sTok184" xlink:href="#xpointer(string-range(//body,'',603,3))"/>
		<!--ⲛⲓ̈ⲙ-->
		<mark id="sTok185" xlink:href="#xpointer(string-range(//body,'',607,4))"/>
		<!--ⲉ-->
		<mark id="sTok186" xlink:href="#xpointer(string-range(//body,'',612,1))"/>
		<!--ⲛ-->
		<mark id="sTok187" xlink:href="#xpointer(string-range(//body,'',614,1))"/>
		<!--ⲉϥ-->
		<mark id="sTok188" xlink:href="#xpointer(string-range(//body,'',616,2))"/>
		<!--ϣⲟⲟⲡ-->
		<mark id="sTok189" xlink:href="#xpointer(string-range(//body,'',619,4))"/>
		<!--ⲁⲛ-->
		<mark id="sTok190" xlink:href="#xpointer(string-range(//body,'',624,2))"/>
		<!--·-->
		<mark id="sTok191" xlink:href="#xpointer(string-range(//body,'',627,1))"/>
		<!--ⲛ̄-->
		<mark id="sTok192" xlink:href="#xpointer(string-range(//body,'',629,2))"/>
		<!--ⲑ-->
		<mark id="sTok193" xlink:href="#xpointer(string-range(//body,'',632,1))"/>
		<!--ⲉ-->
		<mark id="sTok194" xlink:href="#xpointer(string-range(//body,'',634,1))"/>
		<!--ⲛⲧ-->
		<mark id="sTok195" xlink:href="#xpointer(string-range(//body,'',636,2))"/>
		<!--ⲁ-->
		<mark id="sTok196" xlink:href="#xpointer(string-range(//body,'',639,1))"/>
		<!--ⲟⲩⲁ-->
		<mark id="sTok197" xlink:href="#xpointer(string-range(//body,'',641,3))"/>
		<!--ϫⲟⲟ-->
		<mark id="sTok198" xlink:href="#xpointer(string-range(//body,'',645,3))"/>
		<!--ⲥ-->
		<mark id="sTok199" xlink:href="#xpointer(string-range(//body,'',649,1))"/>
		<!--ⲕⲁⲛ-->
		<mark id="sTok200" xlink:href="#xpointer(string-range(//body,'',651,3))"/>
		<!--ⲉ-->
		<mark id="sTok201" xlink:href="#xpointer(string-range(//body,'',655,1))"/>
		<!--ϥ-->
		<mark id="sTok202" xlink:href="#xpointer(string-range(//body,'',657,1))"/>
		<!--ⲥⲟⲩⲧⲱⲛ-->
		<mark id="sTok203" xlink:href="#xpointer(string-range(//body,'',659,6))"/>
		<!--ⲕⲁⲛ-->
		<mark id="sTok204" xlink:href="#xpointer(string-range(//body,'',666,3))"/>
		<!--ⲉ-->
		<mark id="sTok205" xlink:href="#xpointer(string-range(//body,'',670,1))"/>
		<!--ϥ-->
		<mark id="sTok206" xlink:href="#xpointer(string-range(//body,'',672,1))"/>
		<!--ⲥⲟⲩⲧⲱⲛ-->
		<mark id="sTok207" xlink:href="#xpointer(string-range(//body,'',674,6))"/>
		<!--ⲁⲛ-->
		<mark id="sTok208" xlink:href="#xpointer(string-range(//body,'',681,2))"/>
		<!--·-->
		<mark id="sTok209" xlink:href="#xpointer(string-range(//body,'',684,1))"/>
		<!--ϫⲉ-->
		<mark id="sTok210" xlink:href="#xpointer(string-range(//body,'',686,2))"/>
		<!--ⲉⲩϣⲁⲛ-->
		<mark id="sTok211" xlink:href="#xpointer(string-range(//body,'',689,5))"/>
		<!--ϣⲁϫⲉ-->
		<mark id="sTok212" xlink:href="#xpointer(string-range(//body,'',695,4))"/>
		<!--ⲉⲣⲟ-->
		<mark id="sTok213" xlink:href="#xpointer(string-range(//body,'',700,3))"/>
		<!--ⲕ-->
		<mark id="sTok214" xlink:href="#xpointer(string-range(//body,'',704,1))"/>
		<!--ϩⲛ-->
		<mark id="sTok215" xlink:href="#xpointer(string-range(//body,'',706,2))"/>
		<!--ⲛ-->
		<mark id="sTok216" xlink:href="#xpointer(string-range(//body,'',709,1))"/>
		<!--ⲏⲓ̈-->
		<mark id="sTok217" xlink:href="#xpointer(string-range(//body,'',711,3))"/>
		<!--ⲛ︤-->
		<mark id="sTok218" xlink:href="#xpointer(string-range(//body,'',715,2))"/>
		<!--ⲛ︥-->
		<mark id="sTok219" xlink:href="#xpointer(string-range(//body,'',718,2))"/>
		<!--ⲣ︤ⲙ︥-->
		<mark id="sTok220" xlink:href="#xpointer(string-range(//body,'',721,4))"/>
		<!--ⲙ-->
		<mark id="sTok221" xlink:href="#xpointer(string-range(//body,'',726,1))"/>
		<!--ⲁⲟ-->
		<mark id="sTok222" xlink:href="#xpointer(string-range(//body,'',728,2))"/>
		<!--ϣⲁ-->
		<mark id="sTok223" xlink:href="#xpointer(string-range(//body,'',731,2))"/>
		<!--ⲓ̈-->
		<mark id="sTok224" xlink:href="#xpointer(string-range(//body,'',734,2))"/>
		<!--ϫⲱ-->
		<mark id="sTok225" xlink:href="#xpointer(string-range(//body,'',737,2))"/>
		<!--ⲁⲛⲟⲕ-->
		<mark id="sTok226" xlink:href="#xpointer(string-range(//body,'',740,4))"/>
		<!--ⲙ-->
		<mark id="sTok227" xlink:href="#xpointer(string-range(//body,'',745,1))"/>
		<!--ⲡⲉⲕ-->
		<mark id="sTok228" xlink:href="#xpointer(string-range(//body,'',747,3))"/>
		<!--ⲡ-->
		<mark id="sTok229" xlink:href="#xpointer(string-range(//body,'',751,1))"/>
		<!--ⲉⲧ-->
		<mark id="sTok230" xlink:href="#xpointer(string-range(//body,'',753,2))"/>
		<!--ⲛⲁ-->
		<mark id="sTok231" xlink:href="#xpointer(string-range(//body,'',756,2))"/>
		<!--ⲛⲟⲩ-->
		<mark id="sTok232" xlink:href="#xpointer(string-range(//body,'',759,3))"/>
		<!--ϥ-->
		<mark id="sTok233" xlink:href="#xpointer(string-range(//body,'',763,1))"/>
		<!--ⲛⲁϩⲣⲁ-->
		<mark id="sTok234" xlink:href="#xpointer(string-range(//body,'',765,5))"/>
		<!--ⲩ-->
		<mark id="sTok235" xlink:href="#xpointer(string-range(//body,'',771,1))"/>
		<!--·-->
		<mark id="sTok236" xlink:href="#xpointer(string-range(//body,'',773,1))"/>
		<!--ⲛ-->
		<mark id="sTok237" xlink:href="#xpointer(string-range(//body,'',775,1))"/>
		<!--ⲛ-->
		<mark id="sTok238" xlink:href="#xpointer(string-range(//body,'',777,1))"/>
		<!--ⲁϩⲣⲛ-->
		<mark id="sTok239" xlink:href="#xpointer(string-range(//body,'',779,4))"/>
		<!--ⲣⲱⲙⲉ-->
		<mark id="sTok240" xlink:href="#xpointer(string-range(//body,'',784,4))"/>
		<!--ⲅⲁⲣ-->
		<mark id="sTok241" xlink:href="#xpointer(string-range(//body,'',789,3))"/>
		<!--ⲛⲓ̈ⲙ-->
		<mark id="sTok242" xlink:href="#xpointer(string-range(//body,'',793,4))"/>
		<!--ⲉⲧ-->
		<mark id="sTok243" xlink:href="#xpointer(string-range(//body,'',798,2))"/>
		<!--ϩⲉⲗⲡⲓ̈ⲥ-->
		<mark id="sTok244" xlink:href="#xpointer(string-range(//body,'',801,7))"/>
		<!--ⲉ-->
		<mark id="sTok245" xlink:href="#xpointer(string-range(//body,'',809,1))"/>
		<!--ⲓ︤ⲥ︥-->
		<mark id="sTok246" xlink:href="#xpointer(string-range(//body,'',811,4))"/>
		<!--·-->
		<mark id="sTok247" xlink:href="#xpointer(string-range(//body,'',816,1))"/>
		<!--ⲟⲩ-->
		<mark id="sTok248" xlink:href="#xpointer(string-range(//body,'',818,2))"/>
		<!--ⲟⲩⲟ-->
		<mark id="sTok249" xlink:href="#xpointer(string-range(//body,'',821,3))"/>
		<!--ⲛ̄-->
		<mark id="sTok250" xlink:href="#xpointer(string-range(//body,'',825,2))"/>
		<!--ⲟⲩ-->
		<mark id="sTok251" xlink:href="#xpointer(string-range(//body,'',828,2))"/>
		<!--ⲟ-->
		<mark id="sTok252" xlink:href="#xpointer(string-range(//body,'',831,1))"/>
		<!--ⲛ-->
		<mark id="sTok253" xlink:href="#xpointer(string-range(//body,'',833,1))"/>
		<!--ⲉⲣⲟ-->
		<mark id="sTok254" xlink:href="#xpointer(string-range(//body,'',835,3))"/>
		<!--ⲓ̈-->
		<mark id="sTok255" xlink:href="#xpointer(string-range(//body,'',839,2))"/>
		<!--ⲛⲧⲟⲟⲧ-->
		<mark id="sTok256" xlink:href="#xpointer(string-range(//body,'',842,5))"/>
		<!--ⲟⲩ-->
		<mark id="sTok257" xlink:href="#xpointer(string-range(//body,'',848,2))"/>
		<!--ⲁⲩⲱ-->
		<mark id="sTok258" xlink:href="#xpointer(string-range(//body,'',851,3))"/>
		<!--ⲟⲩⲉⲛⲧⲁ-->
		<mark id="sTok259" xlink:href="#xpointer(string-range(//body,'',855,6))"/>
		<!--ⲩ-->
		<mark id="sTok260" xlink:href="#xpointer(string-range(//body,'',862,1))"/>
		<!--ⲁⲣⲟ-->
		<mark id="sTok261" xlink:href="#xpointer(string-range(//body,'',864,3))"/>
		<!--ⲓ̈-->
		<mark id="sTok262" xlink:href="#xpointer(string-range(//body,'',868,2))"/>
		<!--ⲙⲙⲁⲧⲉ-->
		<mark id="sTok263" xlink:href="#xpointer(string-range(//body,'',871,5))"/>
		<!--·-->
		<mark id="sTok264" xlink:href="#xpointer(string-range(//body,'',877,1))"/>
		<!--ⲁ-->
		<mark id="sTok265" xlink:href="#xpointer(string-range(//body,'',879,1))"/>
		<!--ⲗⲗⲁ-->
		<mark id="sTok266" xlink:href="#xpointer(string-range(//body,'',881,3))"/>
		<!--ⲛ︤ⲛ︥ⲁϩⲣⲛ-->
		<mark id="sTok267" xlink:href="#xpointer(string-range(//body,'',885,8))"/>
		<!--ⲛ̄-->
		<mark id="sTok268" xlink:href="#xpointer(string-range(//body,'',894,2))"/>
		<!--ⲣⲙⲙⲁⲟ-->
		<mark id="sTok269" xlink:href="#xpointer(string-range(//body,'',897,5))"/>
		<!--ⲛ̄-->
		<mark id="sTok270" xlink:href="#xpointer(string-range(//body,'',903,2))"/>
		<!--ⲣⲉϥ-->
		<mark id="sTok271" xlink:href="#xpointer(string-range(//body,'',906,3))"/>
		<!--ϫⲓ̈-->
		<mark id="sTok272" xlink:href="#xpointer(string-range(//body,'',910,3))"/>
		<!--ⲛ-->
		<mark id="sTok273" xlink:href="#xpointer(string-range(//body,'',914,1))"/>
		<!--ϭⲟⲛⲥ-->
		<mark id="sTok274" xlink:href="#xpointer(string-range(//body,'',916,4))"/>
		<!--ⲉⲧ-->
		<mark id="sTok275" xlink:href="#xpointer(string-range(//body,'',921,2))"/>
		<!--ⲙ-->
		<mark id="sTok276" xlink:href="#xpointer(string-range(//body,'',924,1))"/>
		<!--ⲙⲁⲩ-->
		<mark id="sTok277" xlink:href="#xpointer(string-range(//body,'',926,3))"/>
		<!--·-->
		<mark id="sTok278" xlink:href="#xpointer(string-range(//body,'',930,1))"/>
		<!--ⲙⲛⲧ-->
		<mark id="sTok279" xlink:href="#xpointer(string-range(//body,'',932,3))"/>
		<!--ⲟⲩ-->
		<mark id="sTok280" xlink:href="#xpointer(string-range(//body,'',936,2))"/>
		<!--ⲗⲁⲁⲩ-->
		<mark id="sTok281" xlink:href="#xpointer(string-range(//body,'',939,4))"/>
		<!--ⲛ-->
		<mark id="sTok282" xlink:href="#xpointer(string-range(//body,'',944,1))"/>
		<!--ϩⲱⲃ-->
		<mark id="sTok283" xlink:href="#xpointer(string-range(//body,'',946,3))"/>
		<!--ⲉ-->
		<mark id="sTok284" xlink:href="#xpointer(string-range(//body,'',950,1))"/>
		<!--ϫⲱ-->
		<mark id="sTok285" xlink:href="#xpointer(string-range(//body,'',952,2))"/>
		<!--ⲉⲣⲟ-->
		<mark id="sTok286" xlink:href="#xpointer(string-range(//body,'',955,3))"/>
		<!--ⲓ-->
		<mark id="sTok287" xlink:href="#xpointer(string-range(//body,'',959,1))"/>
		<!--·-->
		<mark id="sTok288" xlink:href="#xpointer(string-range(//body,'',961,1))"/>
		<!--ⲛⲥⲁ-->
		<mark id="sTok289" xlink:href="#xpointer(string-range(//body,'',963,3))"/>
		<!--ⲧⲣⲉ-->
		<mark id="sTok290" xlink:href="#xpointer(string-range(//body,'',967,3))"/>
		<!--ⲩ-->
		<mark id="sTok291" xlink:href="#xpointer(string-range(//body,'',971,1))"/>
		<!--ϫⲟⲟ-->
		<mark id="sTok292" xlink:href="#xpointer(string-range(//body,'',973,3))"/>
		<!--ⲥ-->
		<mark id="sTok293" xlink:href="#xpointer(string-range(//body,'',977,1))"/>
		<!--ϫⲉ-->
		<mark id="sTok294" xlink:href="#xpointer(string-range(//body,'',979,2))"/>
		<!--ⲉ-->
		<mark id="sTok295" xlink:href="#xpointer(string-range(//body,'',982,1))"/>
		<!--ⲕ-->
		<mark id="sTok296" xlink:href="#xpointer(string-range(//body,'',984,1))"/>
		<!--ⲕⲧⲟ-->
		<mark id="sTok297" xlink:href="#xpointer(string-range(//body,'',986,3))"/>
		<!--ⲛ-->
		<mark id="sTok298" xlink:href="#xpointer(string-range(//body,'',990,1))"/>
		<!--ⲛ-->
		<mark id="sTok299" xlink:href="#xpointer(string-range(//body,'',992,1))"/>
		<!--ϩⲏⲧ-->
		<mark id="sTok300" xlink:href="#xpointer(string-range(//body,'',994,3))"/>
		<!--ⲛ-->
		<mark id="sTok301" xlink:href="#xpointer(string-range(//body,'',998,1))"/>
		<!--ⲛ-->
		<mark id="sTok302" xlink:href="#xpointer(string-range(//body,'',1000,1))"/>
		<!--ϩⲏⲕⲉ-->
		<mark id="sTok303" xlink:href="#xpointer(string-range(//body,'',1002,4))"/>
		<!--ⲉⲃⲟⲗ-->
		<mark id="sTok304" xlink:href="#xpointer(string-range(//body,'',1007,4))"/>
		<!--ⲙⲙⲟ-->
		<mark id="sTok305" xlink:href="#xpointer(string-range(//body,'',1012,3))"/>
		<!--ⲛ-->
		<mark id="sTok306" xlink:href="#xpointer(string-range(//body,'',1016,1))"/>
		<!--·-->
		<mark id="sTok307" xlink:href="#xpointer(string-range(//body,'',1018,1))"/>
		<!--ⲉ-->
		<mark id="sTok308" xlink:href="#xpointer(string-range(//body,'',1020,1))"/>
		<!--ⲧⲙ-->
		<mark id="sTok309" xlink:href="#xpointer(string-range(//body,'',1022,2))"/>
		<!--ⲉⲣ-->
		<mark id="sTok310" xlink:href="#xpointer(string-range(//body,'',1025,2))"/>
		<!--ⲕⲃⲁ-->
		<mark id="sTok311" xlink:href="#xpointer(string-range(//body,'',1028,3))"/>
		<!--·-->
		<mark id="sTok312" xlink:href="#xpointer(string-range(//body,'',1032,1))"/>
		<!--ϩⲉⲓ̈-->
		<mark id="sTok313" xlink:href="#xpointer(string-range(//body,'',1034,4))"/>
		<!--ϭⲱⲙ-->
		<mark id="sTok314" xlink:href="#xpointer(string-range(//body,'',1039,3))"/>
		<!--ϩⲉⲓ̈-->
		<mark id="sTok315" xlink:href="#xpointer(string-range(//body,'',1043,4))"/>
		<!--ϩⲱⲃ-->
		<mark id="sTok316" xlink:href="#xpointer(string-range(//body,'',1048,3))"/>
		<!--ⲛⲓ̈ⲙ-->
		<mark id="sTok317" xlink:href="#xpointer(string-range(//body,'',1052,4))"/>
		<!--ⲡⲁ-->
		<mark id="sTok318" xlink:href="#xpointer(string-range(//body,'',1057,2))"/>
		<!--ⲣⲁ-->
		<mark id="sTok319" xlink:href="#xpointer(string-range(//body,'',1060,2))"/>
		<!--ⲧⲉⲩ-->
		<mark id="sTok320" xlink:href="#xpointer(string-range(//body,'',1063,3))"/>
		<!--ϭⲟⲙ-->
		<mark id="sTok321" xlink:href="#xpointer(string-range(//body,'',1067,3))"/>
		<!--·-->
		<mark id="sTok322" xlink:href="#xpointer(string-range(//body,'',1071,1))"/>
		<!--ⲁⲩⲱ-->
		<mark id="sTok323" xlink:href="#xpointer(string-range(//body,'',1073,3))"/>
		<!--ⲉ-->
		<mark id="sTok324" xlink:href="#xpointer(string-range(//body,'',1077,1))"/>
		<!--ⲧⲣⲉ-->
		<mark id="sTok325" xlink:href="#xpointer(string-range(//body,'',1079,3))"/>
		<!--ⲩ-->
		<mark id="sTok326" xlink:href="#xpointer(string-range(//body,'',1083,1))"/>
		<!--ϫⲟⲟ-->
		<mark id="sTok327" xlink:href="#xpointer(string-range(//body,'',1085,3))"/>
		<!--ⲥ-->
		<mark id="sTok328" xlink:href="#xpointer(string-range(//body,'',1089,1))"/>
		<!--ϫⲉ-->
		<mark id="sTok329" xlink:href="#xpointer(string-range(//body,'',1091,2))"/>
		<!--ⲁ-->
		<mark id="sTok330" xlink:href="#xpointer(string-range(//body,'',1094,1))"/>
		<!--ϥ-->
		<mark id="sTok331" xlink:href="#xpointer(string-range(//body,'',1096,1))"/>
		<!--ⲉⲓ̈-->
		<mark id="sTok332" xlink:href="#xpointer(string-range(//body,'',1098,3))"/>
		<!--ⲉϩⲟⲩⲛ-->
		<mark id="sTok333" xlink:href="#xpointer(string-range(//body,'',1102,5))"/>
		<!--ⲉ-->
		<mark id="sTok334" xlink:href="#xpointer(string-range(//body,'',1108,1))"/>
		<!--ⲛⲉⲛ-->
		<mark id="sTok335" xlink:href="#xpointer(string-range(//body,'',1110,3))"/>
		<!--ⲏⲓ̈-->
		<mark id="sTok336" xlink:href="#xpointer(string-range(//body,'',1114,3))"/>
		<!--ⲫⲁ-->
		<mark id="sTok337" xlink:href="#xpointer(string-range(//body,'',1118,2))"/>
		<!--ⲛⲉⲣⲱⲛ-->
		<mark id="sTok338" xlink:href="#xpointer(string-range(//body,'',1121,5))"/>
		<!--·-->
		<mark id="sTok339" xlink:href="#xpointer(string-range(//body,'',1127,1))"/>
		<!--ⲁ-->
		<mark id="sTok340" xlink:href="#xpointer(string-range(//body,'',1129,1))"/>
		<!--ϥ-->
		<mark id="sTok341" xlink:href="#xpointer(string-range(//body,'',1131,1))"/>
		<!--ϥⲉⲓ-->
		<mark id="sTok342" xlink:href="#xpointer(string-range(//body,'',1133,3))"/>
		<!--ⲛ-->
		<mark id="sTok343" xlink:href="#xpointer(string-range(//body,'',1137,1))"/>
		<!--ⲛ-->
		<mark id="sTok344" xlink:href="#xpointer(string-range(//body,'',1139,1))"/>
		<!--ⲉⲧⲉ-->
		<mark id="sTok345" xlink:href="#xpointer(string-range(//body,'',1141,3))"/>
		<!--ⲛ-->
		<mark id="sTok346" xlink:href="#xpointer(string-range(//body,'',1145,1))"/>
		<!--ⲟⲩ-->
		<mark id="sTok347" xlink:href="#xpointer(string-range(//body,'',1147,2))"/>
		<!--ⲱϣⲧ-->
		<mark id="sTok348" xlink:href="#xpointer(string-range(//body,'',1150,3))"/>
		<!--ⲛⲁ-->
		<mark id="sTok349" xlink:href="#xpointer(string-range(//body,'',1154,2))"/>
		<!--ⲩ-->
		<mark id="sTok350" xlink:href="#xpointer(string-range(//body,'',1157,1))"/>
		<!--ⲉ-->
		<mark id="sTok351" xlink:href="#xpointer(string-range(//body,'',1159,1))"/>
		<!--ⲩ-->
		<mark id="sTok352" xlink:href="#xpointer(string-range(//body,'',1161,1))"/>
		<!--ϣⲓ̈ⲡⲉ-->
		<mark id="sTok353" xlink:href="#xpointer(string-range(//body,'',1163,5))"/>
		<!--ⲛⲁ-->
		<mark id="sTok354" xlink:href="#xpointer(string-range(//body,'',1169,2))"/>
		<!--ⲛ-->
		<mark id="sTok355" xlink:href="#xpointer(string-range(//body,'',1172,1))"/>
		<!--ϫⲉ-->
		<mark id="sTok356" xlink:href="#xpointer(string-range(//body,'',1174,2))"/>
		<!--ⲙⲡⲉ-->
		<mark id="sTok357" xlink:href="#xpointer(string-range(//body,'',1177,3))"/>
		<!--ⲛ-->
		<mark id="sTok358" xlink:href="#xpointer(string-range(//body,'',1181,1))"/>
		<!--ⲉϣ-->
		<mark id="sTok359" xlink:href="#xpointer(string-range(//body,'',1183,2))"/>
		<!--ϭⲙϭⲟⲙ-->
		<mark id="sTok360" xlink:href="#xpointer(string-range(//body,'',1186,5))"/>
		<!--ⲉ-->
		<mark id="sTok361" xlink:href="#xpointer(string-range(//body,'',1192,1))"/>
		<!--ⲕⲱⲗⲩ-->
		<mark id="sTok362" xlink:href="#xpointer(string-range(//body,'',1194,4))"/>
		<!--ⲙ̄ⲙⲟ-->
		<mark id="sTok363" xlink:href="#xpointer(string-range(//body,'',1199,4))"/>
		<!--ϥ-->
		<mark id="sTok364" xlink:href="#xpointer(string-range(//body,'',1204,1))"/>
		<!--·-->
		<mark id="sTok365" xlink:href="#xpointer(string-range(//body,'',1206,1))"/>
		<!--ⲁ-->
		<mark id="sTok366" xlink:href="#xpointer(string-range(//body,'',1208,1))"/>
		<!--ϣ-->
		<mark id="sTok367" xlink:href="#xpointer(string-range(//body,'',1210,1))"/>
		<!--ⲅⲁⲣ-->
		<mark id="sTok368" xlink:href="#xpointer(string-range(//body,'',1212,3))"/>
		<!--ⲧⲉ-->
		<mark id="sTok369" xlink:href="#xpointer(string-range(//body,'',1216,2))"/>
		<!--ⲧ-->
		<mark id="sTok370" xlink:href="#xpointer(string-range(//body,'',1219,1))"/>
		<!--ⲕⲉ-->
		<mark id="sTok371" xlink:href="#xpointer(string-range(//body,'',1221,2))"/>
		<!--ⲉⲡⲉⲓ̈ⲧⲏⲙⲓ̈ⲁ-->
		<mark id="sTok372" xlink:href="#xpointer(string-range(//body,'',1224,11))"/>
		<!--·-->
		<mark id="sTok373" xlink:href="#xpointer(string-range(//body,'',1236,1))"/>
		<!--ⲁⲩⲱ-->
		<mark id="sTok374" xlink:href="#xpointer(string-range(//body,'',1238,3))"/>
		<!--ⲧ-->
		<mark id="sTok375" xlink:href="#xpointer(string-range(//body,'',1242,1))"/>
		<!--ⲕⲉ-->
		<mark id="sTok376" xlink:href="#xpointer(string-range(//body,'',1244,2))"/>
		<!--ⲙⲁⲥⲧⲓ̈ⲅⲝ-->
		<mark id="sTok377" xlink:href="#xpointer(string-range(//body,'',1247,8))"/>
		<!--ⲉⲧ-->
		<mark id="sTok378" xlink:href="#xpointer(string-range(//body,'',1256,2))"/>
		<!--ϩⲉⲓ̈ϫⲛ-->
		<mark id="sTok379" xlink:href="#xpointer(string-range(//body,'',1259,6))"/>
		<!--ⲛ-->
		<mark id="sTok380" xlink:href="#xpointer(string-range(//body,'',1266,1))"/>
		<!--ⲣⲱ-->
		<mark id="sTok381" xlink:href="#xpointer(string-range(//body,'',1268,2))"/>
		<!--ⲙⲉ-->
		<mark id="sTok382" xlink:href="#xpointer(string-range(//body,'',1271,2))"/>
		<!--ⲁⲛ-->
		<mark id="sTok383" xlink:href="#xpointer(string-range(//body,'',1274,2))"/>
		<!--ⲛ-->
		<mark id="sTok384" xlink:href="#xpointer(string-range(//body,'',1277,1))"/>
		<!--ⲁⲧ-->
		<mark id="sTok385" xlink:href="#xpointer(string-range(//body,'',1279,2))"/>
		<!--ⲛⲟⲩ-->
		<mark id="sTok386" xlink:href="#xpointer(string-range(//body,'',1282,3))"/>
		<!--ⲧⲉ-->
		<mark id="sTok387" xlink:href="#xpointer(string-range(//body,'',1286,2))"/>
		<!--ⲛ-->
		<mark id="sTok388" xlink:href="#xpointer(string-range(//body,'',1289,1))"/>
		<!--ⲥⲉ-->
		<mark id="sTok389" xlink:href="#xpointer(string-range(//body,'',1291,2))"/>
		<!--ⲁⲓ̈ⲥⲑⲁⲛⲉ-->
		<mark id="sTok390" xlink:href="#xpointer(string-range(//body,'',1294,8))"/>
		<!--ⲁⲛ-->
		<mark id="sTok391" xlink:href="#xpointer(string-range(//body,'',1303,2))"/>
		<!--·-->
		<mark id="sTok392" xlink:href="#xpointer(string-range(//body,'',1306,1))"/>
		<!--ⲏ-->
		<mark id="sTok393" xlink:href="#xpointer(string-range(//body,'',1308,1))"/>
		<!--ϩⲱ-->
		<mark id="sTok394" xlink:href="#xpointer(string-range(//body,'',1310,2))"/>
		<!--ⲁⲛ-->
		<mark id="sTok395" xlink:href="#xpointer(string-range(//body,'',1313,2))"/>
		<!--ⲉ-->
		<mark id="sTok396" xlink:href="#xpointer(string-range(//body,'',1316,1))"/>
		<!--ϯ-->
		<mark id="sTok397" xlink:href="#xpointer(string-range(//body,'',1318,1))"/>
		<!--ⲛⲟϭ-->
		<mark id="sTok398" xlink:href="#xpointer(string-range(//body,'',1320,3))"/>
		<!--ⲛ-->
		<mark id="sTok399" xlink:href="#xpointer(string-range(//body,'',1324,1))"/>
		<!--ⲟⲣⲅⲏ-->
		<mark id="sTok400" xlink:href="#xpointer(string-range(//body,'',1326,4))"/>
		<!--ⲉⲧ-->
		<mark id="sTok401" xlink:href="#xpointer(string-range(//body,'',1331,2))"/>
		<!--ϩⲉⲓ̈ϫⲱ-->
		<mark id="sTok402" xlink:href="#xpointer(string-range(//body,'',1334,6))"/>
		<!--ⲟⲩ-->
		<mark id="sTok403" xlink:href="#xpointer(string-range(//body,'',1341,2))"/>
		<!--ⲉ-->
		<mark id="sTok404" xlink:href="#xpointer(string-range(//body,'',1344,1))"/>
		<!--ⲧⲙ-->
		<mark id="sTok405" xlink:href="#xpointer(string-range(//body,'',1346,2))"/>
		<!--ⲧⲣⲉ-->
		<mark id="sTok406" xlink:href="#xpointer(string-range(//body,'',1349,3))"/>
		<!--ⲩ-->
		<mark id="sTok407" xlink:href="#xpointer(string-range(//body,'',1353,1))"/>
		<!--ⲥⲟⲩⲉⲛ-->
		<mark id="sTok408" xlink:href="#xpointer(string-range(//body,'',1355,5))"/>
		<!--ⲡ-->
		<mark id="sTok409" xlink:href="#xpointer(string-range(//body,'',1361,1))"/>
		<!--ⲛⲟⲩ-->
		<mark id="sTok410" xlink:href="#xpointer(string-range(//body,'',1363,3))"/>
		<!--ⲧⲉ-->
		<mark id="sTok411" xlink:href="#xpointer(string-range(//body,'',1367,2))"/>
		<!--·-->
		<mark id="sTok412" xlink:href="#xpointer(string-range(//body,'',1370,1))"/>
		<!--ⲁⲗⲗⲁ-->
		<mark id="sTok413" xlink:href="#xpointer(string-range(//body,'',1372,4))"/>
		<!--ⲙⲡⲉⲣ-->
		<mark id="sTok414" xlink:href="#xpointer(string-range(//body,'',1377,4))"/>
		<!--ⲧⲣⲉ-->
		<mark id="sTok415" xlink:href="#xpointer(string-range(//body,'',1382,3))"/>
		<!--ϩⲟⲓ̈ⲛⲉ-->
		<mark id="sTok416" xlink:href="#xpointer(string-range(//body,'',1386,6))"/>
		<!--ⲛϩⲏ-->
		<mark id="sTok417" xlink:href="#xpointer(string-range(//body,'',1393,3))"/>
		<!--ⲧ-->
		<mark id="sTok418" xlink:href="#xpointer(string-range(//body,'',1397,1))"/>
		<!--ⲛ̄-->
		<mark id="sTok419" xlink:href="#xpointer(string-range(//body,'',1399,2))"/>
		<!--ⲙⲉⲉⲩⲉ-->
		<mark id="sTok420" xlink:href="#xpointer(string-range(//body,'',1402,5))"/>
		<!--ⲉ-->
		<mark id="sTok421" xlink:href="#xpointer(string-range(//body,'',1408,1))"/>
		<!--ⲡⲁⲓ̈-->
		<mark id="sTok422" xlink:href="#xpointer(string-range(//body,'',1410,4))"/>
		<!--·-->
		<mark id="sTok423" xlink:href="#xpointer(string-range(//body,'',1415,1))"/>
		<!--ϫⲉ-->
		<mark id="sTok424" xlink:href="#xpointer(string-range(//body,'',1417,2))"/>
		<!--ϩⲁⲙⲟⲓ̈-->
		<mark id="sTok425" xlink:href="#xpointer(string-range(//body,'',1420,6))"/>
		<!--ⲛⲉⲣⲉ-->
		<mark id="sTok426" xlink:href="#xpointer(string-range(//body,'',1427,4))"/>
		<!--ⲡ-->
		<mark id="sTok427" xlink:href="#xpointer(string-range(//body,'',1432,1))"/>
		<!--ⲛⲟⲩⲧⲉ-->
		<mark id="sTok428" xlink:href="#xpointer(string-range(//body,'',1434,5))"/>
		<!--ⲛⲁ-->
		<mark id="sTok429" xlink:href="#xpointer(string-range(//body,'',1440,2))"/>
		<!--ⲧⲱ-->
		<mark id="sTok430" xlink:href="#xpointer(string-range(//body,'',1443,2))"/>
		<!--ⲱⲃⲉ-->
		<mark id="sTok431" xlink:href="#xpointer(string-range(//body,'',1446,3))"/>
		<!--ⲛ-->
		<mark id="sTok432" xlink:href="#xpointer(string-range(//body,'',1450,1))"/>
		<!--ϩⲉⲛ-->
		<mark id="sTok433" xlink:href="#xpointer(string-range(//body,'',1452,3))"/>
		<!--ⲡ-->
		<mark id="sTok434" xlink:href="#xpointer(string-range(//body,'',1456,1))"/>
		<!--ⲉ-->
		<mark id="sTok435" xlink:href="#xpointer(string-range(//body,'',1458,1))"/>
		<!--ⲑ-->
		<mark id="sTok436" xlink:href="#xpointer(string-range(//body,'',1460,1))"/>
		<!--ⲟⲟⲩ-->
		<mark id="sTok437" xlink:href="#xpointer(string-range(//body,'',1462,3))"/>
		<!--ⲛ-->
		<mark id="sTok438" xlink:href="#xpointer(string-range(//body,'',1466,1))"/>
		<!--ⲛ-->
		<mark id="sTok439" xlink:href="#xpointer(string-range(//body,'',1468,1))"/>
		<!--ⲉⲧ-->
		<mark id="sTok440" xlink:href="#xpointer(string-range(//body,'',1470,2))"/>
		<!--ⲥⲱϣ-->
		<mark id="sTok441" xlink:href="#xpointer(string-range(//body,'',1473,3))"/>
		<!--ⲙⲙⲟ-->
		<mark id="sTok442" xlink:href="#xpointer(string-range(//body,'',1477,3))"/>
		<!--ⲛ-->
		<mark id="sTok443" xlink:href="#xpointer(string-range(//body,'',1481,1))"/>
		<!--·-->
		<mark id="sTok444" xlink:href="#xpointer(string-range(//body,'',1483,1))"/>
		<!--ⲁ-->
		<mark id="sTok445" xlink:href="#xpointer(string-range(//body,'',1485,1))"/>
		<!--ⲣⲉⲓ̈-->
		<mark id="sTok446" xlink:href="#xpointer(string-range(//body,'',1487,4))"/>
		<!--ⲡ-->
		<mark id="sTok447" xlink:href="#xpointer(string-range(//body,'',1492,1))"/>
		<!--ⲙⲉⲉⲩⲉ-->
		<mark id="sTok448" xlink:href="#xpointer(string-range(//body,'',1494,5))"/>
		<!--ⲛⲧⲟϥ-->
		<mark id="sTok449" xlink:href="#xpointer(string-range(//body,'',1500,4))"/>
		<!--ⲛ-->
		<mark id="sTok450" xlink:href="#xpointer(string-range(//body,'',1505,1))"/>
		<!--ⲧ-->
		<mark id="sTok451" xlink:href="#xpointer(string-range(//body,'',1507,1))"/>
		<!--ⲙⲛⲧ-->
		<mark id="sTok452" xlink:href="#xpointer(string-range(//body,'',1509,3))"/>
		<!--ϩⲁⲣⲉϣ-->
		<mark id="sTok453" xlink:href="#xpointer(string-range(//body,'',1513,5))"/>
		<!--ϩⲏⲧ-->
		<mark id="sTok454" xlink:href="#xpointer(string-range(//body,'',1519,3))"/>
		<!--ⲙ̄-->
		<mark id="sTok455" xlink:href="#xpointer(string-range(//body,'',1523,2))"/>
		<!--ⲡ-->
		<mark id="sTok456" xlink:href="#xpointer(string-range(//body,'',1526,1))"/>
		<!--ϫⲟⲉⲓ̈ⲥ-->
		<mark id="sTok457" xlink:href="#xpointer(string-range(//body,'',1528,6))"/>
		<!--ⲉ-->
		<mark id="sTok458" xlink:href="#xpointer(string-range(//body,'',1535,1))"/>
		<!--ⲧⲙ-->
		<mark id="sTok459" xlink:href="#xpointer(string-range(//body,'',1537,2))"/>
		<!--ⲧⲣⲉ-->
		<mark id="sTok460" xlink:href="#xpointer(string-range(//body,'',1540,3))"/>
		<!--ϥ-->
		<mark id="sTok461" xlink:href="#xpointer(string-range(//body,'',1544,1))"/>
		<!--ⲧⲣⲉ-->
		<mark id="sTok462" xlink:href="#xpointer(string-range(//body,'',1546,3))"/>
		<!--ⲡ-->
		<mark id="sTok463" xlink:href="#xpointer(string-range(//body,'',1550,1))"/>
		<!--ⲗⲁⲥ-->
		<mark id="sTok464" xlink:href="#xpointer(string-range(//body,'',1552,3))"/>
		<!--ⲛ-->
		<mark id="sTok465" xlink:href="#xpointer(string-range(//body,'',1556,1))"/>
		<!--ⲛ-->
		<mark id="sTok466" xlink:href="#xpointer(string-range(//body,'',1558,1))"/>
		<!--ⲉⲛⲧ-->
		<mark id="sTok467" xlink:href="#xpointer(string-range(//body,'',1560,3))"/>
		<!--ⲁ-->
		<mark id="sTok468" xlink:href="#xpointer(string-range(//body,'',1564,1))"/>
		<!--ⲩ-->
		<mark id="sTok469" xlink:href="#xpointer(string-range(//body,'',1566,1))"/>
		<!--ⲥⲁϩⲟⲩ-->
		<mark id="sTok470" xlink:href="#xpointer(string-range(//body,'',1568,5))"/>
		<!--ⲙ̄ⲙⲟ-->
		<mark id="sTok471" xlink:href="#xpointer(string-range(//body,'',1574,4))"/>
		<!--ϥ-->
		<mark id="sTok472" xlink:href="#xpointer(string-range(//body,'',1579,1))"/>
		<!--ⲡⲱ-->
		<mark id="sTok473" xlink:href="#xpointer(string-range(//body,'',1581,2))"/>
		<!--ϭⲉ-->
		<mark id="sTok474" xlink:href="#xpointer(string-range(//body,'',1584,2))"/>
		<!--ϩⲛ-->
		<mark id="sTok475" xlink:href="#xpointer(string-range(//body,'',1587,2))"/>
		<!--ⲣⲱ-->
		<mark id="sTok476" xlink:href="#xpointer(string-range(//body,'',1590,2))"/>
		<!--ⲟⲩ-->
		<mark id="sTok477" xlink:href="#xpointer(string-range(//body,'',1593,2))"/>
		<!--·-->
		<mark id="sTok478" xlink:href="#xpointer(string-range(//body,'',1596,1))"/>
		<!--ⲁⲩⲱ-->
		<mark id="sTok479" xlink:href="#xpointer(string-range(//body,'',1598,3))"/>
		<!--ⲙ̄ⲡⲉ-->
		<mark id="sTok480" xlink:href="#xpointer(string-range(//body,'',1602,4))"/>
		<!--ϥ-->
		<mark id="sTok481" xlink:href="#xpointer(string-range(//body,'',1607,1))"/>
		<!--ⲧⲣⲉ-->
		<mark id="sTok482" xlink:href="#xpointer(string-range(//body,'',1609,3))"/>
		<!--ⲛ-->
		<mark id="sTok483" xlink:href="#xpointer(string-range(//body,'',1613,1))"/>
		<!--ⲉⲛ̄-->
		<mark id="sTok484" xlink:href="#xpointer(string-range(//body,'',1615,3))"/>
		<!--ⲧ-->
		<mark id="sTok485" xlink:href="#xpointer(string-range(//body,'',1619,1))"/>
		<!--ⲁ-->
		<mark id="sTok486" xlink:href="#xpointer(string-range(//body,'',1621,1))"/>
		<!--ⲩ-->
		<mark id="sTok487" xlink:href="#xpointer(string-range(//body,'',1623,1))"/>
		<!--ⲥ̄ⳁⲟ︤ⲩ︥-->
		<mark id="sTok488" xlink:href="#xpointer(string-range(//body,'',1625,7))"/>
		<!--ⲙ̄ⲙⲟ-->
		<mark id="sTok489" xlink:href="#xpointer(string-range(//body,'',1633,4))"/>
		<!--ϥ-->
		<mark id="sTok490" xlink:href="#xpointer(string-range(//body,'',1638,1))"/>
		<!--ⲡⲱϩ-->
		<mark id="sTok491" xlink:href="#xpointer(string-range(//body,'',1640,3))"/>
		<!--ϩⲛ-->
		<mark id="sTok492" xlink:href="#xpointer(string-range(//body,'',1644,2))"/>
		<!--ⲧⲉⲩ-->
		<mark id="sTok493" xlink:href="#xpointer(string-range(//body,'',1647,3))"/>
		<!--ⲙⲏ-->
		<mark id="sTok494" xlink:href="#xpointer(string-range(//body,'',1651,2))"/>
		<!--ⲧⲉ-->
		<mark id="sTok495" xlink:href="#xpointer(string-range(//body,'',1654,2))"/>
		<!--·-->
		<mark id="sTok496" xlink:href="#xpointer(string-range(//body,'',1657,1))"/>
		<!--ⲛ-->
		<mark id="sTok497" xlink:href="#xpointer(string-range(//body,'',1659,1))"/>
		<!--ⲑ-->
		<mark id="sTok498" xlink:href="#xpointer(string-range(//body,'',1661,1))"/>
		<!--ⲉ-->
		<mark id="sTok499" xlink:href="#xpointer(string-range(//body,'',1663,1))"/>
		<!--ⲟⲛ-->
		<mark id="sTok500" xlink:href="#xpointer(string-range(//body,'',1665,2))"/>
		<!--ⲉⲧ-->
		<mark id="sTok501" xlink:href="#xpointer(string-range(//body,'',1668,2))"/>
		<!--ⲙ-->
		<mark id="sTok502" xlink:href="#xpointer(string-range(//body,'',1671,1))"/>
		<!--ⲡⲉ-->
		<mark id="sTok503" xlink:href="#xpointer(string-range(//body,'',1673,2))"/>
		<!--ϥ-->
		<mark id="sTok504" xlink:href="#xpointer(string-range(//body,'',1676,1))"/>
		<!--ⲟⲩⲉⲓ̈ⲧ-->
		<mark id="sTok505" xlink:href="#xpointer(string-range(//body,'',1678,6))"/>
		<!--ⲉⲙ-->
		<mark id="sTok506" xlink:href="#xpointer(string-range(//body,'',1685,2))"/>
		<!--ⲡ-->
		<mark id="sTok507" xlink:href="#xpointer(string-range(//body,'',1688,1))"/>
		<!--ⲗⲁⲥ-->
		<mark id="sTok508" xlink:href="#xpointer(string-range(//body,'',1690,3))"/>
		<!--ⲛ-->
		<mark id="sTok509" xlink:href="#xpointer(string-range(//body,'',1694,1))"/>
		<!--ⲛ-->
		<mark id="sTok510" xlink:href="#xpointer(string-range(//body,'',1696,1))"/>
		<!--ⲉⲧ-->
		<mark id="sTok511" xlink:href="#xpointer(string-range(//body,'',1698,2))"/>
		<!--ϫⲉⲓ̈-->
		<mark id="sTok512" xlink:href="#xpointer(string-range(//body,'',1701,4))"/>
		<!--ⲟⲩⲁ-->
		<mark id="sTok513" xlink:href="#xpointer(string-range(//body,'',1706,3))"/>
		<!--ⲉⲣⲟ-->
		<mark id="sTok514" xlink:href="#xpointer(string-range(//body,'',1710,3))"/>
		<!--ϥ-->
		<mark id="sTok515" xlink:href="#xpointer(string-range(//body,'',1714,1))"/>
		<!--ⲧⲉⲛⲟⲩ-->
		<mark id="sTok516" xlink:href="#xpointer(string-range(//body,'',1716,5))"/>
		<!--·-->
		<mark id="sTok517" xlink:href="#xpointer(string-range(//body,'',1722,1))"/>
		<!--ⲁⲩⲱ-->
		<mark id="sTok518" xlink:href="#xpointer(string-range(//body,'',1724,3))"/>
		<!--ⲙⲡⲉ-->
		<mark id="sTok519" xlink:href="#xpointer(string-range(//body,'',1728,3))"/>
		<!--ϥ-->
		<mark id="sTok520" xlink:href="#xpointer(string-range(//body,'',1732,1))"/>
		<!--ⲧⲣⲉ-->
		<mark id="sTok521" xlink:href="#xpointer(string-range(//body,'',1734,3))"/>
		<!--ⲛ-->
		<mark id="sTok522" xlink:href="#xpointer(string-range(//body,'',1738,1))"/>
		<!--ⲥⲁⲣⲝ-->
		<mark id="sTok523" xlink:href="#xpointer(string-range(//body,'',1740,4))"/>
		<!--ⲛ-->
		<mark id="sTok524" xlink:href="#xpointer(string-range(//body,'',1745,1))"/>
		<!--ⲛ-->
		<mark id="sTok525" xlink:href="#xpointer(string-range(//body,'',1747,1))"/>
		<!--ⲉⲧ-->
		<mark id="sTok526" xlink:href="#xpointer(string-range(//body,'',1749,2))"/>
		<!--ϫⲱ-->
		<mark id="sTok527" xlink:href="#xpointer(string-range(//body,'',1752,2))"/>
		<!--ⲙⲙⲟ-->
		<mark id="sTok528" xlink:href="#xpointer(string-range(//body,'',1755,3))"/>
		<!--ⲥ-->
		<mark id="sTok529" xlink:href="#xpointer(string-range(//body,'',1759,1))"/>
		<!--·-->
		<mark id="sTok530" xlink:href="#xpointer(string-range(//body,'',1761,1))"/>
		<!--ϫⲉ-->
		<mark id="sTok531" xlink:href="#xpointer(string-range(//body,'',1763,2))"/>
		<!--ⲟⲩ-->
		<mark id="sTok532" xlink:href="#xpointer(string-range(//body,'',1766,2))"/>
		<!--ⲛⲟⲩⲧⲉ-->
		<mark id="sTok533" xlink:href="#xpointer(string-range(//body,'',1769,5))"/>
		<!--ⲁⲛ-->
		<mark id="sTok534" xlink:href="#xpointer(string-range(//body,'',1775,2))"/>
		<!--ⲡⲉ-->
		<mark id="sTok535" xlink:href="#xpointer(string-range(//body,'',1778,2))"/>
		<!--ⲡⲟⲧⲡⲉⲧ-->
		<mark id="sTok536" xlink:href="#xpointer(string-range(//body,'',1781,6))"/>
		<!--ⲉ-->
		<mark id="sTok537" xlink:href="#xpointer(string-range(//body,'',1788,1))"/>
		<!--ⲡ-->
		<mark id="sTok538" xlink:href="#xpointer(string-range(//body,'',1790,1))"/>
		<!--ⲉ-->
		<mark id="sTok539" xlink:href="#xpointer(string-range(//body,'',1792,1))"/>
		<!--ⲥⲏⲧ-->
		<mark id="sTok540" xlink:href="#xpointer(string-range(//body,'',1794,3))"/>
		<!--·-->
		<mark id="sTok541" xlink:href="#xpointer(string-range(//body,'',1798,1))"/>
		<!--ⲁⲗⲗⲁ-->
		<mark id="sTok542" xlink:href="#xpointer(string-range(//body,'',1800,4))"/>
		<!--ⲥⲉ-->
		<mark id="sTok543" xlink:href="#xpointer(string-range(//body,'',1805,2))"/>
		<!--ⲛⲁ-->
		<mark id="sTok544" xlink:href="#xpointer(string-range(//body,'',1808,2))"/>
		<!--ⲡⲟⲧⲡⲉⲧ-->
		<mark id="sTok545" xlink:href="#xpointer(string-range(//body,'',1811,6))"/>
		<!--ϭⲉ-->
		<mark id="sTok546" xlink:href="#xpointer(string-range(//body,'',1818,2))"/>
		<!--ⲁⲩⲱ-->
		<mark id="sTok547" xlink:href="#xpointer(string-range(//body,'',1821,3))"/>
		<!--ⲛ̄-->
		<mark id="sTok548" xlink:href="#xpointer(string-range(//body,'',1825,2))"/>
		<!--ⲥⲉ-->
		<mark id="sTok549" xlink:href="#xpointer(string-range(//body,'',1828,2))"/>
		<!--ⲡⲱϩ-->
		<mark id="sTok550" xlink:href="#xpointer(string-range(//body,'',1831,3))"/>
		<!--·-->
		<mark id="sTok551" xlink:href="#xpointer(string-range(//body,'',1835,1))"/>
		<!--ⲁⲩⲱ-->
		<mark id="sTok552" xlink:href="#xpointer(string-range(//body,'',1837,3))"/>
		<!--ⲡⲉⲩ-->
		<mark id="sTok553" xlink:href="#xpointer(string-range(//body,'',1841,3))"/>
		<!--ⲗⲁⲥ-->
		<mark id="sTok554" xlink:href="#xpointer(string-range(//body,'',1845,3))"/>
		<!--ⲛⲁ-->
		<mark id="sTok555" xlink:href="#xpointer(string-range(//body,'',1849,2))"/>
		<!--ⲡⲱϩ-->
		<mark id="sTok556" xlink:href="#xpointer(string-range(//body,'',1852,3))"/>
		<!--ϭⲉ-->
		<mark id="sTok557" xlink:href="#xpointer(string-range(//body,'',1856,2))"/>
		<!--·-->
		<mark id="sTok558" xlink:href="#xpointer(string-range(//body,'',1859,1))"/>
		<!--ⲁⲩⲱ-->
		<mark id="sTok559" xlink:href="#xpointer(string-range(//body,'',1861,3))"/>
		<!--ⲛ︤-->
		<mark id="sTok560" xlink:href="#xpointer(string-range(//body,'',1865,2))"/>
		<!--ϥ︥-->
		<mark id="sTok561" xlink:href="#xpointer(string-range(//body,'',1868,2))"/>
		<!--ⲉⲓⲧⲉ-->
		<mark id="sTok562" xlink:href="#xpointer(string-range(//body,'',1871,4))"/>
		<!--ⲙ-->
		<mark id="sTok563" xlink:href="#xpointer(string-range(//body,'',1876,1))"/>
		<!--ⲡ-->
		<mark id="sTok564" xlink:href="#xpointer(string-range(//body,'',1878,1))"/>
		<!--ⲥⲟⲡ-->
		<mark id="sTok565" xlink:href="#xpointer(string-range(//body,'',1880,3))"/>
		<!--ⲉⲧⲉⲣⲉ-->
		<mark id="sTok566" xlink:href="#xpointer(string-range(//body,'',1884,5))"/>
		<!--ⲡ-->
		<mark id="sTok567" xlink:href="#xpointer(string-range(//body,'',1890,1))"/>
		<!--ϫⲟⲉⲓ̈ⲥ-->
		<mark id="sTok568" xlink:href="#xpointer(string-range(//body,'',1892,6))"/>
		<!--ⲓ︤ⲥ︥-->
		<mark id="sTok569" xlink:href="#xpointer(string-range(//body,'',1899,4))"/>
		<!--ⲛⲁ-->
		<mark id="sTok570" xlink:href="#xpointer(string-range(//body,'',1904,2))"/>
		<!--ⲧⲥⲁⲃⲟ-->
		<mark id="sTok571" xlink:href="#xpointer(string-range(//body,'',1907,5))"/>
		<!--ⲟⲩ-->
		<mark id="sTok572" xlink:href="#xpointer(string-range(//body,'',1913,2))"/>
		<!--ⲉ-->
		<mark id="sTok573" xlink:href="#xpointer(string-range(//body,'',1916,1))"/>
		<!--ⲡ-->
		<mark id="sTok574" xlink:href="#xpointer(string-range(//body,'',1918,1))"/>
		<!--ⲉϩⲟⲟⲩ-->
		<mark id="sTok575" xlink:href="#xpointer(string-range(//body,'',1920,5))"/>
		<!--ⲉ-->
		<mark id="sTok576" xlink:href="#xpointer(string-range(//body,'',1926,1))"/>
		<!--ⲡⲉⲩ-->
		<mark id="sTok577" xlink:href="#xpointer(string-range(//body,'',1928,3))"/>
		<!--ⲕⲱ-->
		<mark id="sTok578" xlink:href="#xpointer(string-range(//body,'',1932,2))"/>
		<!--ⲱⲛⲥ-->
		<mark id="sTok579" xlink:href="#xpointer(string-range(//body,'',1935,3))"/>
		<!--·-->
		<mark id="sTok580" xlink:href="#xpointer(string-range(//body,'',1939,1))"/>
		<!--ⲥ-->
		<mark id="sTok581" xlink:href="#xpointer(string-range(//body,'',1941,1))"/>
		<!--ⲕⲏ-->
		<mark id="sTok582" xlink:href="#xpointer(string-range(//body,'',1943,2))"/>
		<!--ⲙ-->
		<mark id="sTok583" xlink:href="#xpointer(string-range(//body,'',1946,1))"/>
		<!--ⲉⲛ-->
		<mark id="sTok584" xlink:href="#xpointer(string-range(//body,'',1948,2))"/>
		<!--ⲉϩⲁⲣⲁⲓ̈-->
		<mark id="sTok585" xlink:href="#xpointer(string-range(//body,'',1951,7))"/>
		<!--ⲉ-->
		<mark id="sTok586" xlink:href="#xpointer(string-range(//body,'',1959,1))"/>
		<!--ⲧⲣⲉ-->
		<mark id="sTok587" xlink:href="#xpointer(string-range(//body,'',1961,3))"/>
		<!--ⲛ-->
		<mark id="sTok588" xlink:href="#xpointer(string-range(//body,'',1965,1))"/>
		<!--ⲣⲱⲙⲉ-->
		<mark id="sTok589" xlink:href="#xpointer(string-range(//body,'',1967,4))"/>
		<!--ⲙ-->
		<mark id="sTok590" xlink:href="#xpointer(string-range(//body,'',1972,1))"/>
		<!--ⲡ-->
		<mark id="sTok591" xlink:href="#xpointer(string-range(//body,'',1974,1))"/>
		<!--ⲛⲟⲩ-->
		<mark id="sTok592" xlink:href="#xpointer(string-range(//body,'',1976,3))"/>
		<!--ⲧⲉ-->
		<mark id="sTok593" xlink:href="#xpointer(string-range(//body,'',1980,2))"/>
		<!--ϣⲗⲏⲗ-->
		<mark id="sTok594" xlink:href="#xpointer(string-range(//body,'',1983,4))"/>
		<!--ⲉϫⲛ-->
		<mark id="sTok595" xlink:href="#xpointer(string-range(//body,'',1988,3))"/>
		<!--ⲛ-->
		<mark id="sTok596" xlink:href="#xpointer(string-range(//body,'',1992,1))"/>
		<!--ⲉⲧ-->
		<mark id="sTok597" xlink:href="#xpointer(string-range(//body,'',1994,2))"/>
		<!--ⲡⲏⲧ-->
		<mark id="sTok598" xlink:href="#xpointer(string-range(//body,'',1997,3))"/>
		<!--ⲛⲥⲱ-->
		<mark id="sTok599" xlink:href="#xpointer(string-range(//body,'',2001,3))"/>
		<!--ⲟⲩ-->
		<mark id="sTok600" xlink:href="#xpointer(string-range(//body,'',2005,2))"/>
		<!--·-->
		<mark id="sTok601" xlink:href="#xpointer(string-range(//body,'',2008,1))"/>
		<!--ⲉ-->
		<mark id="sTok602" xlink:href="#xpointer(string-range(//body,'',2010,1))"/>
		<!--ⲧⲃⲉ-->
		<mark id="sTok603" xlink:href="#xpointer(string-range(//body,'',2012,3))"/>
		<!--ⲡⲁⲓ̈-->
		<mark id="sTok604" xlink:href="#xpointer(string-range(//body,'',2016,4))"/>
		<!--ⲧⲉⲛ-->
		<mark id="sTok605" xlink:href="#xpointer(string-range(//body,'',2021,3))"/>
		<!--ⲥⲙⲟⲩ-->
		<mark id="sTok606" xlink:href="#xpointer(string-range(//body,'',2025,4))"/>
		<!--ⲉ-->
		<mark id="sTok607" xlink:href="#xpointer(string-range(//body,'',2030,1))"/>
		<!--ⲛ-->
		<mark id="sTok608" xlink:href="#xpointer(string-range(//body,'',2032,1))"/>
		<!--ⲉⲧ-->
		<mark id="sTok609" xlink:href="#xpointer(string-range(//body,'',2034,2))"/>
		<!--ⲥⲁϩⲟⲩ-->
		<mark id="sTok610" xlink:href="#xpointer(string-range(//body,'',2037,5))"/>
		<!--ⲙ̄ⲙⲟ-->
		<mark id="sTok611" xlink:href="#xpointer(string-range(//body,'',2043,4))"/>
		<!--ⲛ-->
		<mark id="sTok612" xlink:href="#xpointer(string-range(//body,'',2048,1))"/>
		<!--ⲁ-->
		<mark id="sTok613" xlink:href="#xpointer(string-range(//body,'',2050,1))"/>
		<!--ⲩⲱ-->
		<mark id="sTok614" xlink:href="#xpointer(string-range(//body,'',2052,2))"/>
		<!--ⲕⲁⲧⲁ-->
		<mark id="sTok615" xlink:href="#xpointer(string-range(//body,'',2055,4))"/>
		<!--ⲧ-->
		<mark id="sTok616" xlink:href="#xpointer(string-range(//body,'',2060,1))"/>
		<!--ⲉⲛⲧⲟ-->
		<mark id="sTok617" xlink:href="#xpointer(string-range(//body,'',2062,4))"/>
		<!--ⲗⲏ-->
		<mark id="sTok618" xlink:href="#xpointer(string-range(//body,'',2067,2))"/>
		<!--ⲙ-->
		<mark id="sTok619" xlink:href="#xpointer(string-range(//body,'',2070,1))"/>
		<!--ⲡⲉⲛ-->
		<mark id="sTok620" xlink:href="#xpointer(string-range(//body,'',2072,3))"/>
		<!--ⲥⲁϩ-->
		<mark id="sTok621" xlink:href="#xpointer(string-range(//body,'',2076,3))"/>
		<!--ⲁⲩⲱ-->
		<mark id="sTok622" xlink:href="#xpointer(string-range(//body,'',2080,3))"/>
		<!--ⲡ-->
		<mark id="sTok623" xlink:href="#xpointer(string-range(//body,'',2084,1))"/>
		<!--ϫⲟⲉⲓⲥ-->
		<mark id="sTok624" xlink:href="#xpointer(string-range(//body,'',2086,5))"/>
		<!--ⲡⲉ-->
		<mark id="sTok625" xlink:href="#xpointer(string-range(//body,'',2092,2))"/>
		<!--ⲭ︤ⲥ︥-->
		<mark id="sTok626" xlink:href="#xpointer(string-range(//body,'',2095,4))"/>
		<!--·-->
		<mark id="sTok627" xlink:href="#xpointer(string-range(//body,'',2100,1))"/>
		<!--ⲉⲣϣⲁⲛ-->
		<mark id="sTok628" xlink:href="#xpointer(string-range(//body,'',2102,5))"/>
		<!--ⲛϥ-->
		<mark id="sTok629" xlink:href="#xpointer(string-range(//body,'',2108,2))"/>
		<!--ⲥⲃⲟⲩⲓ̈-->
		<mark id="sTok630" xlink:href="#xpointer(string-range(//body,'',2111,6))"/>
		<!--ⲅⲁⲣ-->
		<mark id="sTok631" xlink:href="#xpointer(string-range(//body,'',2118,3))"/>
		<!--·-->
		<mark id="sTok632" xlink:href="#xpointer(string-range(//body,'',2122,1))"/>
		<!--ⲁⲩⲱ-->
		<mark id="sTok633" xlink:href="#xpointer(string-range(//body,'',2124,3))"/>
		<!--ⲛⲉϥ-->
		<mark id="sTok634" xlink:href="#xpointer(string-range(//body,'',2128,3))"/>
		<!--ϩⲙϩⲁⲗ-->
		<mark id="sTok635" xlink:href="#xpointer(string-range(//body,'',2132,5))"/>
		<!--ⲥϩⲟⲩ-->
		<mark id="sTok636" xlink:href="#xpointer(string-range(//body,'',2138,4))"/>
		<!--ⲉⲣ-->
		<mark id="sTok637" xlink:href="#xpointer(string-range(//body,'',2143,2))"/>
		<!--ϩⲉⲛ-->
		<mark id="sTok638" xlink:href="#xpointer(string-range(//body,'',2146,3))"/>
		<!--ⲣⲱⲙⲉ-->
		<mark id="sTok639" xlink:href="#xpointer(string-range(//body,'',2150,4))"/>
		<!--ⲉ-->
		<mark id="sTok640" xlink:href="#xpointer(string-range(//body,'',2155,1))"/>
		<!--ⲧⲃⲏⲏⲧ-->
		<mark id="sTok641" xlink:href="#xpointer(string-range(//body,'',2157,5))"/>
		<!--ⲟⲩ-->
		<mark id="sTok642" xlink:href="#xpointer(string-range(//body,'',2163,2))"/>
		<!--·-->
		<mark id="sTok643" xlink:href="#xpointer(string-range(//body,'',2166,1))"/>
		<!--ϫⲉ-->
		<mark id="sTok644" xlink:href="#xpointer(string-range(//body,'',2168,2))"/>
		<!--ⲥⲉ-->
		<mark id="sTok645" xlink:href="#xpointer(string-range(//body,'',2171,2))"/>
		<!--ϫⲉ-->
		<mark id="sTok646" xlink:href="#xpointer(string-range(//body,'',2174,2))"/>
		<!--ⲡ-->
		<mark id="sTok647" xlink:href="#xpointer(string-range(//body,'',2177,1))"/>
		<!--ⲉⲑ-->
		<mark id="sTok648" xlink:href="#xpointer(string-range(//body,'',2179,2))"/>
		<!--ⲟⲟⲩ-->
		<mark id="sTok649" xlink:href="#xpointer(string-range(//body,'',2182,3))"/>
		<!--ⲉⲣⲟ-->
		<mark id="sTok650" xlink:href="#xpointer(string-range(//body,'',2186,3))"/>
		<!--ⲟⲩ-->
		<mark id="sTok651" xlink:href="#xpointer(string-range(//body,'',2190,2))"/>
		<!--ⲟⲩⲉⲛ-->
		<mark id="sTok652" xlink:href="#xpointer(string-range(//body,'',2193,4))"/>
		<!--ⲟⲩⲟⲛ-->
		<mark id="sTok653" xlink:href="#xpointer(string-range(//body,'',2198,4))"/>
		<!--ⲉⲣⲟ-->
		<mark id="sTok654" xlink:href="#xpointer(string-range(//body,'',2203,3))"/>
		<!--ⲟⲩ-->
		<mark id="sTok655" xlink:href="#xpointer(string-range(//body,'',2207,2))"/>
		<!--·-->
		<mark id="sTok656" xlink:href="#xpointer(string-range(//body,'',2210,1))"/>
		<!--ⲉⲩϣⲁⲛ-->
		<mark id="sTok657" xlink:href="#xpointer(string-range(//body,'',2212,5))"/>
		<!--ⲧⲙ-->
		<mark id="sTok658" xlink:href="#xpointer(string-range(//body,'',2218,2))"/>
		<!--ⲥϩⲟⲩⲱ-->
		<mark id="sTok659" xlink:href="#xpointer(string-range(//body,'',2221,5))"/>
		<!--ⲣ-->
		<mark id="sTok660" xlink:href="#xpointer(string-range(//body,'',2227,1))"/>
		<!--ⲟⲩ-->
		<mark id="sTok661" xlink:href="#xpointer(string-range(//body,'',2229,2))"/>
		<!--ⲇⲉ-->
		<mark id="sTok662" xlink:href="#xpointer(string-range(//body,'',2232,2))"/>
		<!--ⲛⲧⲟⲟⲩ-->
		<mark id="sTok663" xlink:href="#xpointer(string-range(//body,'',2235,5))"/>
		<!--ϫⲉ-->
		<mark id="sTok664" xlink:href="#xpointer(string-range(//body,'',2241,2))"/>
		<!--ⲁ-->
		<mark id="sTok665" xlink:href="#xpointer(string-range(//body,'',2244,1))"/>
		<!--ⲩ-->
		<mark id="sTok666" xlink:href="#xpointer(string-range(//body,'',2246,1))"/>
		<!--ϫⲱ-->
		<mark id="sTok667" xlink:href="#xpointer(string-range(//body,'',2248,2))"/>
		<!--ⲛ-->
		<mark id="sTok668" xlink:href="#xpointer(string-range(//body,'',2251,1))"/>
		<!--ϯ-->
		<mark id="sTok669" xlink:href="#xpointer(string-range(//body,'',2253,1))"/>
		<!--ⲃⲟⲧⲉ-->
		<mark id="sTok670" xlink:href="#xpointer(string-range(//body,'',2255,4))"/>
		<!--ⲉⲃⲟⲗ-->
		<mark id="sTok671" xlink:href="#xpointer(string-range(//body,'',2260,4))"/>
		<!--ϩⲛ̄-->
		<mark id="sTok672" xlink:href="#xpointer(string-range(//body,'',2265,3))"/>
		<!--ⲣⲱ-->
		<mark id="sTok673" xlink:href="#xpointer(string-range(//body,'',2269,2))"/>
		<!--ⲟⲩ-->
		<mark id="sTok674" xlink:href="#xpointer(string-range(//body,'',2272,2))"/>
		<!--ϫⲉ-->
		<mark id="sTok675" xlink:href="#xpointer(string-range(//body,'',2275,2))"/>
		<!--ⲟⲩ-->
		<mark id="sTok676" xlink:href="#xpointer(string-range(//body,'',2278,2))"/>
		<!--ⲛⲟⲩⲧⲉ-->
		<mark id="sTok677" xlink:href="#xpointer(string-range(//body,'',2281,5))"/>
		<!--ⲁⲛ-->
		<mark id="sTok678" xlink:href="#xpointer(string-range(//body,'',2287,2))"/>
		<!--ⲡ-->
		<mark id="sTok679" xlink:href="#xpointer(string-range(//body,'',2290,1))"/>
		<!--ⲉ-->
		<mark id="sTok680" xlink:href="#xpointer(string-range(//body,'',2292,1))"/>
		<!--ⲡ-->
		<mark id="sTok681" xlink:href="#xpointer(string-range(//body,'',2294,1))"/>
		<!--ⲛⲟⲩⲧⲉ-->
		<mark id="sTok682" xlink:href="#xpointer(string-range(//body,'',2296,5))"/>
		<!--ⲙ-->
		<mark id="sTok683" xlink:href="#xpointer(string-range(//body,'',2302,1))"/>
		<!--ⲙⲉ-->
		<mark id="sTok684" xlink:href="#xpointer(string-range(//body,'',2304,2))"/>
		<!--ⲙⲁⲩⲁⲁ-->
		<mark id="sTok685" xlink:href="#xpointer(string-range(//body,'',2307,5))"/>
		<!--ϥ-->
		<mark id="sTok686" xlink:href="#xpointer(string-range(//body,'',2313,1))"/>
		<!--·-->
		<mark id="sTok687" xlink:href="#xpointer(string-range(//body,'',2315,1))"/>
		<!--ⲡ-->
		<mark id="sTok688" xlink:href="#xpointer(string-range(//body,'',2317,1))"/>
		<!--ⲉⲓ̈ⲱⲧ-->
		<mark id="sTok689" xlink:href="#xpointer(string-range(//body,'',2319,5))"/>
		<!--ⲙ-->
		<mark id="sTok690" xlink:href="#xpointer(string-range(//body,'',2325,1))"/>
		<!--ⲡⲉⲛ-->
		<mark id="sTok691" xlink:href="#xpointer(string-range(//body,'',2327,3))"/>
		<!--ϫⲟⲉⲓ̈ⲥ-->
		<mark id="sTok692" xlink:href="#xpointer(string-range(//body,'',2331,6))"/>
		<!--ⲓ︤ⲥ︥-->
		<mark id="sTok693" xlink:href="#xpointer(string-range(//body,'',2338,4))"/>
		<!--ⲥⲉ-->
		<mark id="sTok694" xlink:href="#xpointer(string-range(//body,'',2343,2))"/>
		<!--ⲟ-->
		<mark id="sTok695" xlink:href="#xpointer(string-range(//body,'',2346,1))"/>
		<!--ⲛ-->
		<mark id="sTok696" xlink:href="#xpointer(string-range(//body,'',2348,1))"/>
		<!--ⲕⲟⲓ̈ⲛⲱ-->
		<mark id="sTok697" xlink:href="#xpointer(string-range(//body,'',2350,6))"/>
		<!--ⲛⲟⲥ-->
		<mark id="sTok698" xlink:href="#xpointer(string-range(//body,'',2357,3))"/>
		<!--ⲛⲙⲙⲁ-->
		<mark id="sTok699" xlink:href="#xpointer(string-range(//body,'',2361,4))"/>
		<!--ⲩ-->
		<mark id="sTok700" xlink:href="#xpointer(string-range(//body,'',2366,1))"/>
		<!--ⲉ-->
		<mark id="sTok701" xlink:href="#xpointer(string-range(//body,'',2368,1))"/>
		<!--ⲛⲉⲩ-->
		<mark id="sTok702" xlink:href="#xpointer(string-range(//body,'',2370,3))"/>
		<!--ϩⲃⲏⲩⲉ-->
		<mark id="sTok703" xlink:href="#xpointer(string-range(//body,'',2374,5))"/>
		<!--ⲙⲛ-->
		<mark id="sTok704" xlink:href="#xpointer(string-range(//body,'',2380,2))"/>
		<!--ⲛⲉⲩ-->
		<mark id="sTok705" xlink:href="#xpointer(string-range(//body,'',2383,3))"/>
		<!--ϣⲁϫⲉ-->
		<mark id="sTok706" xlink:href="#xpointer(string-range(//body,'',2387,4))"/>
		<!--⟦·-->
		<mark id="sTok707" xlink:href="#xpointer(string-range(//body,'',2392,2))"/>
		<!--ⲁⲩⲱ-->
		<mark id="sTok708" xlink:href="#xpointer(string-range(//body,'',2395,3))"/>
		<!--ⲥⲉ-->
		<mark id="sTok709" xlink:href="#xpointer(string-range(//body,'',2399,2))"/>
		<!--ⲟ-->
		<mark id="sTok710" xlink:href="#xpointer(string-range(//body,'',2402,1))"/>
		<!--ⲛ-->
		<mark id="sTok711" xlink:href="#xpointer(string-range(//body,'',2404,1))"/>
		<!--ⲕⲟⲓⲛⲱⲛⲟⲥ-->
		<mark id="sTok712" xlink:href="#xpointer(string-range(//body,'',2406,8))"/>
		<!--ⲛ̣ⲙ̣ⲙ̣ⲁ̣-->
		<mark id="sTok713" xlink:href="#xpointer(string-range(//body,'',2415,8))"/>
		<!--ⲩ̣-->
		<mark id="sTok714" xlink:href="#xpointer(string-range(//body,'',2424,2))"/>
		<!--ⲉ̣-->
		<mark id="sTok715" xlink:href="#xpointer(string-range(//body,'',2427,2))"/>
		<!--ⲛⲉⲩ-->
		<mark id="sTok716" xlink:href="#xpointer(string-range(//body,'',2430,3))"/>
		<!--ϩⲃⲏⲩ̣ⲉ̣-->
		<mark id="sTok717" xlink:href="#xpointer(string-range(//body,'',2434,7))"/>
		<!--ⲙ̣ⲛ̣-->
		<mark id="sTok718" xlink:href="#xpointer(string-range(//body,'',2442,4))"/>
		<!--ⲛ̣ⲉⲩ-->
		<mark id="sTok719" xlink:href="#xpointer(string-range(//body,'',2447,4))"/>
		<!--ϣ̣ⲁ̣ϫⲉⲓ-->
		<mark id="sTok720" xlink:href="#xpointer(string-range(//body,'',2452,7))"/>
		<!--]]·-->
		<mark id="sTok721" xlink:href="#xpointer(string-range(//body,'',2460,3))"/>
		<!--ⲁⲩⲱ-->
		<mark id="sTok722" xlink:href="#xpointer(string-range(//body,'',2464,3))"/>
		<!--ⲥⲉ-->
		<mark id="sTok723" xlink:href="#xpointer(string-range(//body,'',2468,2))"/>
		<!--ⲟ-->
		<mark id="sTok724" xlink:href="#xpointer(string-range(//body,'',2471,1))"/>
		<!--ⲛ-->
		<mark id="sTok725" xlink:href="#xpointer(string-range(//body,'',2473,1))"/>
		<!--ⲉⲛⲟⲭⲟⲥ-->
		<mark id="sTok726" xlink:href="#xpointer(string-range(//body,'',2475,6))"/>
		<!--ⲛ︤ⲙ︥-->
		<mark id="sTok727" xlink:href="#xpointer(string-range(//body,'',2482,4))"/>
		<!--ⲙⲁ-->
		<mark id="sTok728" xlink:href="#xpointer(string-range(//body,'',2487,2))"/>
		<!--ⲩ-->
		<mark id="sTok729" xlink:href="#xpointer(string-range(//body,'',2490,1))"/>
		<!--ⲉ-->
		<mark id="sTok730" xlink:href="#xpointer(string-range(//body,'',2492,1))"/>
		<!--ⲧⲉⲩ-->
		<mark id="sTok731" xlink:href="#xpointer(string-range(//body,'',2494,3))"/>
		<!--ⲕⲣⲓ̈ⲥⲓ̈ⲥ-->
		<mark id="sTok732" xlink:href="#xpointer(string-range(//body,'',2498,8))"/>
		<!--ⲙⲛ-->
		<mark id="sTok733" xlink:href="#xpointer(string-range(//body,'',2507,2))"/>
		<!--ⲡⲉⲩ-->
		<mark id="sTok734" xlink:href="#xpointer(string-range(//body,'',2510,3))"/>
		<!--ⲥⲁϩⲟⲩ-->
		<mark id="sTok735" xlink:href="#xpointer(string-range(//body,'',2514,5))"/>
		<!--ⲁⲩⲱ-->
		<mark id="sTok736" xlink:href="#xpointer(string-range(//body,'',2520,3))"/>
		<!--ⲧ-->
		<mark id="sTok737" xlink:href="#xpointer(string-range(//body,'',2524,1))"/>
		<!--ⲟⲣⲅⲏ-->
		<mark id="sTok738" xlink:href="#xpointer(string-range(//body,'',2526,4))"/>
		<!--·-->
		<mark id="sTok739" xlink:href="#xpointer(string-range(//body,'',2531,1))"/>
		<!--ⲙⲛ-->
		<mark id="sTok740" xlink:href="#xpointer(string-range(//body,'',2533,2))"/>
		<!--ⲧ-->
		<mark id="sTok741" xlink:href="#xpointer(string-range(//body,'',2536,1))"/>
		<!--ⲅⲉϩⲉⲛⲛⲁ-->
		<mark id="sTok742" xlink:href="#xpointer(string-range(//body,'',2538,7))"/>
		<!--·-->
		<mark id="sTok743" xlink:href="#xpointer(string-range(//body,'',2546,1))"/>
		<!--ⲉ-->
		<mark id="sTok744" xlink:href="#xpointer(string-range(//body,'',2548,1))"/>
		<!--ϣϫⲉ-->
		<mark id="sTok745" xlink:href="#xpointer(string-range(//body,'',2550,3))"/>
		<!--ⲙⲡ-->
		<mark id="sTok746" xlink:href="#xpointer(string-range(//body,'',2554,2))"/>
		<!--ⲟⲩ-->
		<mark id="sTok747" xlink:href="#xpointer(string-range(//body,'',2557,2))"/>
		<!--ⲥⲟⲩⲛ-->
		<mark id="sTok748" xlink:href="#xpointer(string-range(//body,'',2560,4))"/>
		<!--ⲡ-->
		<mark id="sTok749" xlink:href="#xpointer(string-range(//body,'',2565,1))"/>
		<!--ⲛⲟⲩⲧⲉ-->
		<mark id="sTok750" xlink:href="#xpointer(string-range(//body,'',2567,5))"/>
		<!--ϭⲉ-->
		<mark id="sTok751" xlink:href="#xpointer(string-range(//body,'',2573,2))"/>
		<!--ⲛ-->
		<mark id="sTok752" xlink:href="#xpointer(string-range(//body,'',2576,1))"/>
		<!--ϭⲉⲓ̈-->
		<mark id="sTok753" xlink:href="#xpointer(string-range(//body,'',2578,4))"/>
		<!--ⲛ̄-->
		<mark id="sTok754" xlink:href="#xpointer(string-range(//body,'',2583,2))"/>
		<!--ⲣⲱⲙⲉ-->
		<mark id="sTok755" xlink:href="#xpointer(string-range(//body,'',2586,4))"/>
		<!--ⲛ-->
		<mark id="sTok756" xlink:href="#xpointer(string-range(//body,'',2591,1))"/>
		<!--ⲧ-->
		<mark id="sTok757" xlink:href="#xpointer(string-range(//body,'',2593,1))"/>
		<!--ⲁ-->
		<mark id="sTok758" xlink:href="#xpointer(string-range(//body,'',2595,1))"/>
		<!--ⲩ-->
		<mark id="sTok759" xlink:href="#xpointer(string-range(//body,'',2597,1))"/>
		<!--ⲣ-->
		<mark id="sTok760" xlink:href="#xpointer(string-range(//body,'',2599,1))"/>
		<!--ϩⲟⲩⲉ-->
		<mark id="sTok761" xlink:href="#xpointer(string-range(//body,'',2601,4))"/>
		<!--ⲫⲩ-->
		<mark id="sTok762" xlink:href="#xpointer(string-range(//body,'',2606,2))"/>
		<!--ⲥⲓ̈ⲥ-->
		<mark id="sTok763" xlink:href="#xpointer(string-range(//body,'',2609,4))"/>
		<!--ⲛ-->
		<mark id="sTok764" xlink:href="#xpointer(string-range(//body,'',2614,1))"/>
		<!--ⲧⲃⲛⲏ-->
		<mark id="sTok765" xlink:href="#xpointer(string-range(//body,'',2616,4))"/>
		<!--·-->
		<mark id="sTok766" xlink:href="#xpointer(string-range(//body,'',2621,1))"/>
		<!--ⲁⲩⲱ-->
		<mark id="sTok767" xlink:href="#xpointer(string-range(//body,'',2623,3))"/>
		<!--ⲙⲡ-->
		<mark id="sTok768" xlink:href="#xpointer(string-range(//body,'',2627,2))"/>
		<!--ⲟⲩ-->
		<mark id="sTok769" xlink:href="#xpointer(string-range(//body,'',2630,2))"/>
		<!--ⲉⲓ̈ⲙⲉ-->
		<mark id="sTok770" xlink:href="#xpointer(string-range(//body,'',2633,5))"/>
		<!--ⲉ-->
		<mark id="sTok771" xlink:href="#xpointer(string-range(//body,'',2639,1))"/>
		<!--ⲛⲉϥ-->
		<mark id="sTok772" xlink:href="#xpointer(string-range(//body,'',2641,3))"/>
		<!--ⲙⲟⲓϩⲉ-->
		<mark id="sTok773" xlink:href="#xpointer(string-range(//body,'',2645,5))"/>
		<!--·-->
		<mark id="sTok774" xlink:href="#xpointer(string-range(//body,'',2651,1))"/>
		<!--ⲙ︤ⲛ︥-->
		<mark id="sTok775" xlink:href="#xpointer(string-range(//body,'',2653,4))"/>
		<!--ⲛⲉϥ-->
		<mark id="sTok776" xlink:href="#xpointer(string-range(//body,'',2658,3))"/>
		<!--ϭⲟⲙ-->
		<mark id="sTok777" xlink:href="#xpointer(string-range(//body,'',2662,3))"/>
		<!--·-->
		<mark id="sTok778" xlink:href="#xpointer(string-range(//body,'',2666,1))"/>
		<!--ⲙ︤ⲛ︥-->
		<mark id="sTok779" xlink:href="#xpointer(string-range(//body,'',2668,4))"/>
		<!--ⲛⲉϥ-->
		<mark id="sTok780" xlink:href="#xpointer(string-range(//body,'',2673,3))"/>
		<!--ϩⲃⲏⲩⲉ-->
		<mark id="sTok781" xlink:href="#xpointer(string-range(//body,'',2677,5))"/>
		<!--ⲧⲏ-->
		<mark id="sTok782" xlink:href="#xpointer(string-range(//body,'',2683,2))"/>
		<!--ⲣ-->
		<mark id="sTok783" xlink:href="#xpointer(string-range(//body,'',2686,1))"/>
		<!--ⲟⲩ-->
		<mark id="sTok784" xlink:href="#xpointer(string-range(//body,'',2688,2))"/>
		<!--·-->
		<mark id="sTok785" xlink:href="#xpointer(string-range(//body,'',2691,1))"/>
		<!--ⲛⲁ-->
		<mark id="sTok786" xlink:href="#xpointer(string-range(//body,'',2693,2))"/>
		<!--ⲡ-->
		<mark id="sTok787" xlink:href="#xpointer(string-range(//body,'',2696,1))"/>
		<!--ⲕⲁϩ-->
		<mark id="sTok788" xlink:href="#xpointer(string-range(//body,'',2698,3))"/>
		<!--ⲙⲁⲩⲁⲁ-->
		<mark id="sTok789" xlink:href="#xpointer(string-range(//body,'',2702,5))"/>
		<!--ⲩ-->
		<mark id="sTok790" xlink:href="#xpointer(string-range(//body,'',2708,1))"/>
		<!--ⲁⲛ-->
		<mark id="sTok791" xlink:href="#xpointer(string-range(//body,'',2710,2))"/>
		<!--ⲛ-->
		<mark id="sTok792" xlink:href="#xpointer(string-range(//body,'',2713,1))"/>
		<!--ⲉ-->
		<mark id="sTok793" xlink:href="#xpointer(string-range(//body,'',2715,1))"/>
		<!--ⲧ-->
		<mark id="sTok794" xlink:href="#xpointer(string-range(//body,'',2717,1))"/>
		<!--ⲟⲩ-->
		<mark id="sTok795" xlink:href="#xpointer(string-range(//body,'',2719,2))"/>
		<!--ⲛⲁⲩ-->
		<mark id="sTok796" xlink:href="#xpointer(string-range(//body,'',2722,3))"/>
		<!--ⲉⲣⲟ-->
		<mark id="sTok797" xlink:href="#xpointer(string-range(//body,'',2726,3))"/>
		<!--ⲟⲩ-->
		<mark id="sTok798" xlink:href="#xpointer(string-range(//body,'',2730,2))"/>
		<!--ⲁⲩⲱ-->
		<mark id="sTok799" xlink:href="#xpointer(string-range(//body,'',2733,3))"/>
		<!--ⲉ-->
		<mark id="sTok800" xlink:href="#xpointer(string-range(//body,'',2737,1))"/>
		<!--ⲩ-->
		<mark id="sTok801" xlink:href="#xpointer(string-range(//body,'',2739,1))"/>
		<!--ⲥⲱⲧⲙ-->
		<mark id="sTok802" xlink:href="#xpointer(string-range(//body,'',2741,4))"/>
		<!--ⲉ-->
		<mark id="sTok803" xlink:href="#xpointer(string-range(//body,'',2746,1))"/>
		<!--ⲧⲃⲏⲏⲧ-->
		<mark id="sTok804" xlink:href="#xpointer(string-range(//body,'',2748,5))"/>
		<!--ⲟⲩ-->
		<mark id="sTok805" xlink:href="#xpointer(string-range(//body,'',2754,2))"/>
		<!--ⲁⲗⲗⲁ-->
		<mark id="sTok806" xlink:href="#xpointer(string-range(//body,'',2757,4))"/>
		<!--ⲛⲁ-->
		<mark id="sTok807" xlink:href="#xpointer(string-range(//body,'',2762,2))"/>
		<!--ⲙ-->
		<mark id="sTok808" xlink:href="#xpointer(string-range(//body,'',2765,1))"/>
		<!--ⲡⲏⲩⲉ-->
		<mark id="sTok809" xlink:href="#xpointer(string-range(//body,'',2767,4))"/>
		<!--ⲙⲛ-->
		<mark id="sTok810" xlink:href="#xpointer(string-range(//body,'',2772,2))"/>
		<!--ⲛ-->
		<mark id="sTok811" xlink:href="#xpointer(string-range(//body,'',2775,1))"/>
		<!--ⲉⲧⲉ-->
		<mark id="sTok812" xlink:href="#xpointer(string-range(//body,'',2777,3))"/>
		<!--ϥ-->
		<mark id="sTok813" xlink:href="#xpointer(string-range(//body,'',2781,1))"/>
		<!--ⲛⲁ-->
		<mark id="sTok814" xlink:href="#xpointer(string-range(//body,'',2783,2))"/>
		<!--ⲁⲁ-->
		<mark id="sTok815" xlink:href="#xpointer(string-range(//body,'',2786,2))"/>
		<!--ⲩ-->
		<mark id="sTok816" xlink:href="#xpointer(string-range(//body,'',2789,1))"/>
		<!--ⲧⲏⲣ-->
		<mark id="sTok817" xlink:href="#xpointer(string-range(//body,'',2791,3))"/>
		<!--ⲟⲩ-->
		<mark id="sTok818" xlink:href="#xpointer(string-range(//body,'',2795,2))"/>
		<!--ⲟⲛ-->
		<mark id="sTok819" xlink:href="#xpointer(string-range(//body,'',2798,2))"/>
		<!--·-->
		<mark id="sTok820" xlink:href="#xpointer(string-range(//body,'',2801,1))"/>
		<!--ⲛ-->
		<mark id="sTok821" xlink:href="#xpointer(string-range(//body,'',2803,1))"/>
		<!--ⲁ-->
		<mark id="sTok822" xlink:href="#xpointer(string-range(//body,'',2805,1))"/>
		<!--ϣ-->
		<mark id="sTok823" xlink:href="#xpointer(string-range(//body,'',2807,1))"/>
		<!--ⲛ-->
		<mark id="sTok824" xlink:href="#xpointer(string-range(//body,'',2809,1))"/>
		<!--ϩⲉ-->
		<mark id="sTok825" xlink:href="#xpointer(string-range(//body,'',2811,2))"/>
		<!--ⲉ-->
		<mark id="sTok826" xlink:href="#xpointer(string-range(//body,'',2814,1))"/>
		<!--ⲩ-->
		<mark id="sTok827" xlink:href="#xpointer(string-range(//body,'',2816,1))"/>
		<!--ⲛⲁ-->
		<mark id="sTok828" xlink:href="#xpointer(string-range(//body,'',2818,2))"/>
		<!--ⲥⲟⲩⲛ-->
		<mark id="sTok829" xlink:href="#xpointer(string-range(//body,'',2821,4))"/>
		<!--ⲛⲉϥ-->
		<mark id="sTok830" xlink:href="#xpointer(string-range(//body,'',2826,3))"/>
		<!--ⲣⲱⲙⲉ-->
		<mark id="sTok831" xlink:href="#xpointer(string-range(//body,'',2830,4))"/>
		<!--·-->
		<mark id="sTok832" xlink:href="#xpointer(string-range(//body,'',2835,1))"/>
		<!--ⲙⲛ-->
		<mark id="sTok833" xlink:href="#xpointer(string-range(//body,'',2837,2))"/>
		<!--ⲛⲉⲩ-->
		<mark id="sTok834" xlink:href="#xpointer(string-range(//body,'',2840,3))"/>
		<!--ϩⲃⲏⲩⲉ-->
		<mark id="sTok835" xlink:href="#xpointer(string-range(//body,'',2844,5))"/>
		<!--·-->
		<mark id="sTok836" xlink:href="#xpointer(string-range(//body,'',2850,1))"/>
		<!--ⲡ-->
		<mark id="sTok837" xlink:href="#xpointer(string-range(//body,'',2852,1))"/>
		<!--ⲉⲧ-->
		<mark id="sTok838" xlink:href="#xpointer(string-range(//body,'',2854,2))"/>
		<!--ⲣ-->
		<mark id="sTok839" xlink:href="#xpointer(string-range(//body,'',2857,1))"/>
		<!--ϩⲟⲧⲉ-->
		<mark id="sTok840" xlink:href="#xpointer(string-range(//body,'',2859,4))"/>
		<!--ϩⲏⲧ-->
		<mark id="sTok841" xlink:href="#xpointer(string-range(//body,'',2864,3))"/>
		<!--ϥ-->
		<mark id="sTok842" xlink:href="#xpointer(string-range(//body,'',2868,1))"/>
		<!--ⲉ-->
		<mark id="sTok843" xlink:href="#xpointer(string-range(//body,'',2870,1))"/>
		<!--ⲛ-->
		<mark id="sTok844" xlink:href="#xpointer(string-range(//body,'',2872,1))"/>
		<!--ⲟⲩ-->
		<mark id="sTok845" xlink:href="#xpointer(string-range(//body,'',2874,2))"/>
		<!--ⲣⲱⲙⲉ-->
		<mark id="sTok846" xlink:href="#xpointer(string-range(//body,'',2877,4))"/>
		<!--ⲉ-->
		<mark id="sTok847" xlink:href="#xpointer(string-range(//body,'',2882,1))"/>
		<!--ϣⲁ-->
		<mark id="sTok848" xlink:href="#xpointer(string-range(//body,'',2884,2))"/>
		<!--ϥ-->
		<mark id="sTok849" xlink:href="#xpointer(string-range(//body,'',2887,1))"/>
		<!--ⲙⲟⲩ-->
		<mark id="sTok850" xlink:href="#xpointer(string-range(//body,'',2889,3))"/>
		<!--·-->
		<mark id="sTok851" xlink:href="#xpointer(string-range(//body,'',2893,1))"/>
		<!--ⲁⲩⲱ-->
		<mark id="sTok852" xlink:href="#xpointer(string-range(//body,'',2895,3))"/>
		<!--ⲉ-->
		<mark id="sTok853" xlink:href="#xpointer(string-range(//body,'',2899,1))"/>
		<!--ϩⲏ-->
		<mark id="sTok854" xlink:href="#xpointer(string-range(//body,'',2901,2))"/>
		<!--ⲧ-->
		<mark id="sTok855" xlink:href="#xpointer(string-range(//body,'',2904,1))"/>
		<!--ϥ-->
		<mark id="sTok856" xlink:href="#xpointer(string-range(//body,'',2906,1))"/>
		<!--ⲉⲛ-->
		<mark id="sTok857" xlink:href="#xpointer(string-range(//body,'',2908,2))"/>
		<!--ⲟⲩ-->
		<mark id="sTok858" xlink:href="#xpointer(string-range(//body,'',2911,2))"/>
		<!--ϣⲏⲣⲉ-->
		<mark id="sTok859" xlink:href="#xpointer(string-range(//body,'',2914,4))"/>
		<!--ⲛ-->
		<mark id="sTok860" xlink:href="#xpointer(string-range(//body,'',2919,1))"/>
		<!--ⲣⲱⲙⲉ-->
		<mark id="sTok861" xlink:href="#xpointer(string-range(//body,'',2921,4))"/>
		<!--·-->
		<mark id="sTok862" xlink:href="#xpointer(string-range(//body,'',2926,1))"/>
		<!--ⲛⲁⲓ-->
		<mark id="sTok863" xlink:href="#xpointer(string-range(//body,'',2928,3))"/>
		<!--ⲉ-->
		<mark id="sTok864" xlink:href="#xpointer(string-range(//body,'',2932,1))"/>
		<!--ϣⲁ-->
		<mark id="sTok865" xlink:href="#xpointer(string-range(//body,'',2934,2))"/>
		<!--ⲩ-->
		<mark id="sTok866" xlink:href="#xpointer(string-range(//body,'',2937,1))"/>
		<!--ϣⲟⲟⲩⲉ-->
		<mark id="sTok867" xlink:href="#xpointer(string-range(//body,'',2939,5))"/>
		<!--ⲛ̄-->
		<mark id="sTok868" xlink:href="#xpointer(string-range(//body,'',2945,2))"/>
		<!--ⲑ-->
		<mark id="sTok869" xlink:href="#xpointer(string-range(//body,'',2948,1))"/>
		<!--ⲉ-->
		<mark id="sTok870" xlink:href="#xpointer(string-range(//body,'',2950,1))"/>
		<!--ⲛ-->
		<mark id="sTok871" xlink:href="#xpointer(string-range(//body,'',2952,1))"/>
		<!--ⲟⲩ-->
		<mark id="sTok872" xlink:href="#xpointer(string-range(//body,'',2954,2))"/>
		<!--ⲭⲟⲣⲧⲟⲥ-->
		<mark id="sTok873" xlink:href="#xpointer(string-range(//body,'',2957,6))"/>
		<!--·-->
		<mark id="sTok874" xlink:href="#xpointer(string-range(//body,'',2964,1))"/>
		<!--ⲛⲉ-->
		<mark id="sTok875" xlink:href="#xpointer(string-range(//body,'',2966,2))"/>
		<!--ⲩ-->
		<mark id="sTok876" xlink:href="#xpointer(string-range(//body,'',2969,1))"/>
		<!--ϣⲟⲃⲉ-->
		<mark id="sTok877" xlink:href="#xpointer(string-range(//body,'',2971,4))"/>
		<!--ⲁⲛ-->
		<mark id="sTok878" xlink:href="#xpointer(string-range(//body,'',2976,2))"/>
		<!--ⲉ-->
		<mark id="sTok879" xlink:href="#xpointer(string-range(//body,'',2979,1))"/>
		<!--ϩⲉⲛ-->
		<mark id="sTok880" xlink:href="#xpointer(string-range(//body,'',2981,3))"/>
		<!--ϣⲏⲣⲉ-->
		<mark id="sTok881" xlink:href="#xpointer(string-range(//body,'',2985,4))"/>
		<!--ϣⲏⲙ-->
		<mark id="sTok882" xlink:href="#xpointer(string-range(//body,'',2990,3))"/>
		<!--ⲉ-->
		<mark id="sTok883" xlink:href="#xpointer(string-range(//body,'',2994,1))"/>
		<!--ⲛ-->
		<mark id="sTok884" xlink:href="#xpointer(string-range(//body,'',2996,1))"/>
		<!--ⲁⲧ-->
		<mark id="sTok885" xlink:href="#xpointer(string-range(//body,'',2998,2))"/>
		<!--ⲥⲟⲟⲩⲛ-->
		<mark id="sTok886" xlink:href="#xpointer(string-range(//body,'',3001,5))"/>
		<!--·-->
		<mark id="sTok887" xlink:href="#xpointer(string-range(//body,'',3007,1))"/>
		<!--ⲉ-->
		<mark id="sTok888" xlink:href="#xpointer(string-range(//body,'',3009,1))"/>
		<!--ϣⲁ-->
		<mark id="sTok889" xlink:href="#xpointer(string-range(//body,'',3011,2))"/>
		<!--ⲩ-->
		<mark id="sTok890" xlink:href="#xpointer(string-range(//body,'',3014,1))"/>
		<!--ϥⲱϭⲉ-->
		<mark id="sTok891" xlink:href="#xpointer(string-range(//body,'',3016,4))"/>
		<!--ⲁⲩⲱ-->
		<mark id="sTok892" xlink:href="#xpointer(string-range(//body,'',3021,3))"/>
		<!--ⲛ-->
		<mark id="sTok893" xlink:href="#xpointer(string-range(//body,'',3025,1))"/>
		<!--ⲥⲉ-->
		<mark id="sTok894" xlink:href="#xpointer(string-range(//body,'',3027,2))"/>
		<!--ⲧⲣⲣⲉ-->
		<mark id="sTok895" xlink:href="#xpointer(string-range(//body,'',3030,4))"/>
		<!--ϩⲙ-->
		<mark id="sTok896" xlink:href="#xpointer(string-range(//body,'',3035,2))"/></markList></paula>