<?xml version='1.0' encoding='UTF-8'?><!DOCTYPE paula SYSTEM "paula_feat.dtd">
<paula version="1.1">
	<header paula_id="scriptorium.AP.002.n136.account.mark_pos"/>
	<featList xmlns:xlink="http://www.w3.org/1999/xlink" type="pos" xml:base="scriptorium.AP.002.n136.account.mark.xml">
		<feat xlink:href="#sSpan2" value="APST"/>
		<feat xlink:href="#sSpan13" value="PPERS"/>
		<feat xlink:href="#sSpan15" value="V"/>
		<feat xlink:href="#sSpan17" value="PPERO"/>
		<feat xlink:href="#sSpan19" value="PTC"/>
		<feat xlink:href="#sSpan23" value="ART"/>
		<feat xlink:href="#sSpan25" value="N"/>
		<feat xlink:href="#sSpan27" value="CONJ"/>
		<feat xlink:href="#sSpan32" value="CONJ"/>
		<feat xlink:href="#sSpan34" value="AAOR"/>
		<feat xlink:href="#sSpan36" value="ART"/>
		<feat xlink:href="#sSpan39" value="N"/>
		<feat xlink:href="#sSpan42" value="PREP"/>
		<feat xlink:href="#sSpan46" value="ART"/>
		<feat xlink:href="#sSpan48" value="N"/>
		<feat xlink:href="#sSpan50" value="V"/>
		<feat xlink:href="#sSpan54" value="V"/>
		<feat xlink:href="#sSpan57" value="ADV"/>
		<feat xlink:href="#sSpan62" value="COP"/>
		<feat xlink:href="#sSpan66" value="PREP"/>
		<feat xlink:href="#sSpan70" value="ART"/>
		<feat xlink:href="#sSpan72" value="N"/>
		<feat xlink:href="#sSpan74" value="PREP"/>
		<feat xlink:href="#sSpan79" value="ART"/>
		<feat xlink:href="#sSpan82" value="N"/>
		<feat xlink:href="#sSpan84" value="PREP"/>
		<feat xlink:href="#sSpan88" value="ART"/>
		<feat xlink:href="#sSpan91" value="N"/>
		<feat xlink:href="#sSpan94" value="PREP"/>
		<feat xlink:href="#sSpan98" value="ART"/>
		<feat xlink:href="#sSpan100" value="N"/>
		<feat xlink:href="#sSpan102" value="CPRET"/>
		<feat xlink:href="#sSpan107" value="ART"/>
		<feat xlink:href="#sSpan110" value="N"/>
		<feat xlink:href="#sSpan112" value="COP"/>
		<feat xlink:href="#sSpan116" value="FUT"/>
		<feat xlink:href="#sSpan120" value="V"/>
		<feat xlink:href="#sSpan123" value="PREP"/>
		<feat xlink:href="#sSpan127" value="N"/>
		<feat xlink:href="#sSpan130" value="PUNCT"/>
		<feat xlink:href="#sSpan134" value="PREP"/>
		<feat xlink:href="#sSpan138" value="V"/>
		<feat xlink:href="#sSpan141" value="PUNCT"/>
		<feat xlink:href="#sSpan146" value="PUNCT"/>
		<feat xlink:href="#sSpan150" value="PINT"/>
		<feat xlink:href="#sSpan159" value="PTC"/>
		<feat xlink:href="#sSpan163" value="COP"/>
		<feat xlink:href="#sSpan167" value="V"/>
		<feat xlink:href="#sSpan171" value="PREP"/>
		<feat xlink:href="#sSpan175" value="ART"/>
		<feat xlink:href="#sSpan177" value="N"/>
		<feat xlink:href="#sSpan179" value="CCIRC"/>
		<feat xlink:href="#sSpan184" value="PPERS"/>
		<feat xlink:href="#sSpan186" value="FUT"/>
		<feat xlink:href="#sSpan188" value="V"/>
		<feat xlink:href="#sSpan191" value="PUNCT"/>
		<feat xlink:href="#sSpan195" value="CONJ"/>
		<feat xlink:href="#sSpan199" value="ART"/>
		<feat xlink:href="#sSpan204" value="N"/>
		<feat xlink:href="#sSpan206" value="CCIRC"/>
		<feat xlink:href="#sSpan210" value="PPERS"/>
		<feat xlink:href="#sSpan212" value="V"/>
		<feat xlink:href="#sSpan214" value="PREP"/>
		<feat xlink:href="#sSpan219" value="PPERO"/>
		<feat xlink:href="#sSpan221" value="ADV"/>
		<feat xlink:href="#sSpan226" value="PREP"/>
		<feat xlink:href="#sSpan230" value="ART"/>
		<feat xlink:href="#sSpan233" value="N"/>
		<feat xlink:href="#sSpan236" value="PUNCT"/>
		<feat xlink:href="#sSpan240" value="PREP"/>
		<feat xlink:href="#sSpan245" value="ART"/>
		<feat xlink:href="#sSpan248" value="N"/>
		<feat xlink:href="#sSpan253" value="UNKNOWN"/>
		<feat xlink:href="#sSpan263" value="N"/>
		<feat xlink:href="#sSpan268" value="PREP"/>
		<feat xlink:href="#sSpan274" value="N"/>
		<feat xlink:href="#sSpan278" value="PREP"/>
		<feat xlink:href="#sSpan283" value="N"/>
		<feat xlink:href="#sSpan285" value="CCIRC"/>
		<feat xlink:href="#sSpan289" value="EXIST"/>
		<feat xlink:href="#sSpan291" value="N"/>
		<feat xlink:href="#sSpan294" value="UNKNOWN"/>
		<feat xlink:href="#sSpan298" value="PREP"/>
		<feat xlink:href="#sSpan303" value="ACAUS"/>
		<feat xlink:href="#sSpan305" value="ART"/>
		<feat xlink:href="#sSpan308" value="N"/>
		<feat xlink:href="#sSpan312" value="IMOD"/>
		<feat xlink:href="#sSpan316" value="PPERO"/>
		<feat xlink:href="#sSpan318" value="V"/>
		<feat xlink:href="#sSpan322" value="PREP"/>
		<feat xlink:href="#sSpan326" value="PDEM"/>
		<feat xlink:href="#sSpan328" value="PREP"/>
		<feat xlink:href="#sSpan331" value="ART"/>
		<feat xlink:href="#sSpan334" value="N"/>
		<feat xlink:href="#sSpan336" value="PREP"/>
		<feat xlink:href="#sSpan344" value="PDEM"/>
		<feat xlink:href="#sSpan348" value="V"/>
		<feat xlink:href="#sSpan353" value="PREP"/>
		<feat xlink:href="#sSpan357" value="PPERO"/>
		<feat xlink:href="#sSpan359" value="PREP"/>
		<feat xlink:href="#sSpan363" value="V"/>
		<feat xlink:href="#sSpan365" value="PREP"/>
		<feat xlink:href="#sSpan369" value="PDEM"/>
		<feat xlink:href="#sSpan371" value="N"/>
		<feat xlink:href="#sSpan374" value="CONJ"/>
		<feat xlink:href="#sSpan379" value="CCIRC"/>
		<feat xlink:href="#sSpan383" value="PPERS"/>
		<feat xlink:href="#sSpan385" value="FUT"/>
		<feat xlink:href="#sSpan388" value="V"/>
		<feat xlink:href="#sSpan392" value="PREP"/>
		<feat xlink:href="#sSpan396" value="ART"/>
		<feat xlink:href="#sSpan398" value="N"/>
		<feat xlink:href="#sSpan401" value="PREP"/>
		<feat xlink:href="#sSpan405" value="N"/>
		<feat xlink:href="#sSpan408" value="PUNCT"/>
		<feat xlink:href="#sSpan412" value="CONJ"/>
		<feat xlink:href="#sSpan416" value="CFOC"/>
		<feat xlink:href="#sSpan418" value="PPERS"/>
		<feat xlink:href="#sSpan420" value="FUT"/>
		<feat xlink:href="#sSpan423" value="V"/>
		<feat xlink:href="#sSpan425" value="PPERO"/>
		<feat xlink:href="#sSpan427" value="PREP"/>
		<feat xlink:href="#sSpan431" value="ART"/>
		<feat xlink:href="#sSpan433" value="CREL"/>
		<feat xlink:href="#sSpan435" value="APST"/>
		<feat xlink:href="#sSpan437" value="PPERS"/>
		<feat xlink:href="#sSpan439" value="V"/>
		<feat xlink:href="#sSpan442" value="PPERO"/>
		<feat xlink:href="#sSpan444" value="PREP"/>
		<feat xlink:href="#sSpan448" value="PPOS"/>
		<feat xlink:href="#sSpan451" value="N"/>
		<feat xlink:href="#sSpan455" value="PUNCT"/></featList></paula>