<?xml version='1.0' encoding='UTF-8'?><!DOCTYPE paula SYSTEM "paula_feat.dtd">
<paula version="1.1">
	<header paula_id="scriptorium.1Cor_03.mark_verse_n"/>
	<featList xmlns:xlink="http://www.w3.org/1999/xlink" type="verse_n" xml:base="scriptorium.1Cor_03.mark.xml">
		<feat xlink:href="#sSpan10" value="1 Corinthians 3:1"/>
		<feat xlink:href="#sSpan109" value="1 Corinthians 3:2"/>
		<feat xlink:href="#sSpan203" value="1 Corinthians 3:3"/>
		<feat xlink:href="#sSpan315" value="1 Corinthians 3:4"/>
		<feat xlink:href="#sSpan421" value="1 Corinthians 3:5"/>
		<feat xlink:href="#sSpan553" value="1 Corinthians 3:6"/>
		<feat xlink:href="#sSpan622" value="1 Corinthians 3:7"/>
		<feat xlink:href="#sSpan716" value="1 Corinthians 3:8"/>
		<feat xlink:href="#sSpan803" value="1 Corinthians 3:9"/>
		<feat xlink:href="#sSpan890" value="1 Corinthians 3:10"/>
		<feat xlink:href="#sSpan1053" value="1 Corinthians 3:11"/>
		<feat xlink:href="#sSpan1136" value="1 Corinthians 3:12"/>
		<feat xlink:href="#sSpan1226" value="1 Corinthians 3:13"/>
		<feat xlink:href="#sSpan1391" value="1 Corinthians 3:14"/>
		<feat xlink:href="#sSpan1452" value="1 Corinthians 3:15"/>
		<feat xlink:href="#sSpan1545" value="1 Corinthians 3:16"/>
		<feat xlink:href="#sSpan1622" value="1 Corinthians 3:17"/>
		<feat xlink:href="#sSpan1714" value="1 Corinthians 3:18"/>
		<feat xlink:href="#sSpan1817" value="1 Corinthians 3:19"/>
		<feat xlink:href="#sSpan1917" value="1 Corinthians 3:20"/>
		<feat xlink:href="#sSpan1973" value="1 Corinthians 3:21"/>
		<feat xlink:href="#sSpan2009" value="1 Corinthians 3:22"/>
		<feat xlink:href="#sSpan2149" value="1 Corinthians 3:23"/></featList></paula>