<?xml version='1.0' encoding='UTF-8'?><!DOCTYPE paula SYSTEM "paula_feat.dtd">
<paula version="1.1">
	<header paula_id="scriptorium.1Cor_03.mark_morph"/>
	<featList xmlns:xlink="http://www.w3.org/1999/xlink" type="morph" xml:base="scriptorium.1Cor_03.mark.xml">
		<feat xlink:href="#sSpan148" value="ϭⲙϭⲟⲙ"/>
		<feat xlink:href="#sSpan243" value="ϯ"/>
		<feat xlink:href="#sSpan247" value="ⲧⲱⲛ"/>
		<feat xlink:href="#sSpan809" value="ϣⲃⲣ"/>
		<feat xlink:href="#sSpan812" value="ⲣ"/>
		<feat xlink:href="#sSpan813" value="ϩⲱⲃ"/>
		<feat xlink:href="#sSpan1472" value="ϯ"/>
		<feat xlink:href="#sSpan1475" value="ⲟⲥⲉ"/>
		<feat xlink:href="#sSpan1772" value="ⲣ"/>
		<feat xlink:href="#sSpan1775" value="ⲥⲟϭ"/>
		<feat xlink:href="#sSpan1841" value="ⲙⲛⲧ"/>
		<feat xlink:href="#sSpan1844" value="ⲥⲟϭ"/>
		<feat xlink:href="#sSpan2010" value="ⲧⲏⲣ"/>
		<feat xlink:href="#sSpan2013" value="ϥ"/>
		<feat xlink:href="#sSpan2125" value="ⲧⲏⲣ"/>
		<feat xlink:href="#sSpan2128" value="ϥ"/></featList></paula>