<?xml version='1.0' encoding='UTF-8'?><!DOCTYPE paula SYSTEM "paula_feat.dtd">
<paula version="1.1">
	<header paula_id="scriptorium.1Cor_03.mark_new_sent"/>
	<featList xmlns:xlink="http://www.w3.org/1999/xlink" type="new_sent" xml:base="scriptorium.1Cor_03.mark.xml">
		<feat xlink:href="#sSpan1" value="true"/>
		<feat xlink:href="#sSpan100" value="true"/>
		<feat xlink:href="#sSpan194" value="true"/>
		<feat xlink:href="#sSpan306" value="true"/>
		<feat xlink:href="#sSpan412" value="true"/>
		<feat xlink:href="#sSpan545" value="true"/>
		<feat xlink:href="#sSpan614" value="true"/>
		<feat xlink:href="#sSpan707" value="true"/>
		<feat xlink:href="#sSpan795" value="true"/>
		<feat xlink:href="#sSpan881" value="true"/>
		<feat xlink:href="#sSpan1045" value="true"/>
		<feat xlink:href="#sSpan1127" value="true"/>
		<feat xlink:href="#sSpan1216" value="true"/>
		<feat xlink:href="#sSpan1382" value="true"/>
		<feat xlink:href="#sSpan1443" value="true"/>
		<feat xlink:href="#sSpan1536" value="true"/>
		<feat xlink:href="#sSpan1613" value="true"/>
		<feat xlink:href="#sSpan1706" value="true"/>
		<feat xlink:href="#sSpan1808" value="true"/>
		<feat xlink:href="#sSpan1909" value="true"/>
		<feat xlink:href="#sSpan1965" value="true"/>
		<feat xlink:href="#sSpan2000" value="true"/>
		<feat xlink:href="#sSpan2141" value="true"/></featList></paula>