<?xml version='1.0' encoding='UTF-8'?><!DOCTYPE paula SYSTEM "paula_feat.dtd">
<paula version="1.1">
	<header paula_id="scriptorium.1Cor_03.mark_lemma"/>
	<featList xmlns:xlink="http://www.w3.org/1999/xlink" type="lemma" xml:base="scriptorium.1Cor_03.mark.xml">
		<feat xlink:href="#sSpan1" value="ⲁⲛⲟⲕ"/>
		<feat xlink:href="#sSpan12" value="ϩⲱⲱ_ⲁⲛⲟⲕ"/>
		<feat xlink:href="#sSpan16" value="ⲡⲁ"/>
		<feat xlink:href="#sSpan21" value="ⲥⲟⲛ"/>
		<feat xlink:href="#sSpan23" value="ⲙⲡⲉ"/>
		<feat xlink:href="#sSpan27" value="ⲁⲛⲟⲕ"/>
		<feat xlink:href="#sSpan29" value="ϣ"/>
		<feat xlink:href="#sSpan31" value="ϭⲙϭⲟⲙ"/>
		<feat xlink:href="#sSpan33" value="ⲉ"/>
		<feat xlink:href="#sSpan37" value="ϣⲁϫⲉ"/>
		<feat xlink:href="#sSpan39" value="ⲙⲛ"/>
		<feat xlink:href="#sSpan43" value="ⲛⲧⲱⲧⲛ"/>
		<feat xlink:href="#sSpan46" value="ϩⲱⲥ"/>
		<feat xlink:href="#sSpan51" value="ⲡⲛⲉⲩⲙⲁⲧⲓⲕⲟⲥ"/>
		<feat xlink:href="#sSpan56" value="."/>
		<feat xlink:href="#sSpan61" value="ⲁⲗⲗⲁ"/>
		<feat xlink:href="#sSpan66" value="ϩⲱⲥ"/>
		<feat xlink:href="#sSpan71" value="ⲥⲁⲣⲕⲓⲕⲟⲥ"/>
		<feat xlink:href="#sSpan77" value="ϩⲱⲥ"/>
		<feat xlink:href="#sSpan81" value="ⲕⲟⲩⲓ"/>
		<feat xlink:href="#sSpan86" value="ϩⲛ"/>
		<feat xlink:href="#sSpan90" value="ⲡ"/>
		<feat xlink:href="#sSpan94" value="ⲭⲣⲓⲥⲧⲟⲥ"/>
		<feat xlink:href="#sSpan96" value="."/>
		<feat xlink:href="#sSpan100" value="ⲁ"/>
		<feat xlink:href="#sSpan110" value="ⲁⲛⲟⲕ"/>
		<feat xlink:href="#sSpan112" value="ⲧⲥⲟ"/>
		<feat xlink:href="#sSpan114" value="ⲛⲧⲱⲧⲛ"/>
		<feat xlink:href="#sSpan116" value="ⲉⲣⲱⲧⲉ"/>
		<feat xlink:href="#sSpan121" value="ⲛ"/>
		<feat xlink:href="#sSpan125" value="ⲟⲩ"/>
		<feat xlink:href="#sSpan128" value="ϩⲣⲉ"/>
		<feat xlink:href="#sSpan130" value="ⲁⲛ"/>
		<feat xlink:href="#sSpan134" value="."/>
		<feat xlink:href="#sSpan138" value="ⲛⲉⲣⲉ"/>
		<feat xlink:href="#sSpan142" value="ⲙⲡⲁⲧⲉ"/>
		<feat xlink:href="#sSpan144" value="ⲛⲧⲱⲧⲛ"/>
		<feat xlink:href="#sSpan146" value="ϣ"/>
		<feat xlink:href="#sSpan149" value="ϭⲙϭⲟⲙ"/>
		<feat xlink:href="#sSpan152" value="ⲅⲁⲣ"/>
		<feat xlink:href="#sSpan156" value="ⲡⲉ"/>
		<feat xlink:href="#sSpan160" value="."/>
		<feat xlink:href="#sSpan165" value="ⲁⲗⲗⲁ"/>
		<feat xlink:href="#sSpan169" value="ⲧⲉⲛⲟⲩ"/>
		<feat xlink:href="#sSpan173" value="ⲟⲛ"/>
		<feat xlink:href="#sSpan177" value="ⲉⲣⲉ"/>
		<feat xlink:href="#sSpan181" value="ⲙⲡⲁⲧⲉ"/>
		<feat xlink:href="#sSpan183" value="ⲛⲧⲱⲧⲛ"/>
		<feat xlink:href="#sSpan185" value="ϣ"/>
		<feat xlink:href="#sSpan187" value="ϭⲙϭⲟⲙ"/>
		<feat xlink:href="#sSpan189" value="."/>
		<feat xlink:href="#sSpan194" value="ⲉⲧⲓ"/>
		<feat xlink:href="#sSpan205" value="ⲅⲁⲣ"/>
		<feat xlink:href="#sSpan209" value="ⲛⲧⲱⲧⲛ"/>
		<feat xlink:href="#sSpan213" value="ⲟⲩ"/>
		<feat xlink:href="#sSpan219" value="ⲥⲁⲣⲕⲓⲕⲟⲥ"/>
		<feat xlink:href="#sSpan222" value="ϩⲟⲡⲟⲩ"/>
		<feat xlink:href="#sSpan227" value="ⲅⲁⲣ"/>
		<feat xlink:href="#sSpan232" value="ⲟⲩⲛ"/>
		<feat xlink:href="#sSpan236" value="ⲕⲱϩ"/>
		<feat xlink:href="#sSpan239" value="ϩⲓ"/>
		<feat xlink:href="#sSpan244" value="ϯⲧⲱⲛ"/>
		<feat xlink:href="#sSpan248" value="ϩⲛ"/>
		<feat xlink:href="#sSpan252" value="ⲛⲧⲱⲧⲛ"/>
		<feat xlink:href="#sSpan254" value="."/>
		<feat xlink:href="#sSpan258" value="ⲙⲏ"/>
		<feat xlink:href="#sSpan262" value="ⲛⲧⲱⲧⲛ"/>
		<feat xlink:href="#sSpan266" value="ⲟⲩ"/>
		<feat xlink:href="#sSpan272" value="ⲥⲁⲣⲕⲓⲕⲟⲥ"/>
		<feat xlink:href="#sSpan274" value="ⲁⲛ"/>
		<feat xlink:href="#sSpan278" value="."/>
		<feat xlink:href="#sSpan282" value="ⲁⲩⲱ"/>
		<feat xlink:href="#sSpan286" value="ⲉⲣⲉ"/>
		<feat xlink:href="#sSpan290" value="ⲛⲧⲱⲧⲛ"/>
		<feat xlink:href="#sSpan292" value="ⲙⲟⲟϣⲉ"/>
		<feat xlink:href="#sSpan295" value="ⲕⲁⲧⲁ"/>
		<feat xlink:href="#sSpan299" value="ⲣⲱⲙⲉ"/>
		<feat xlink:href="#sSpan301" value="."/>
		<feat xlink:href="#sSpan306" value="ϩⲟⲧⲁⲛ"/>
		<feat xlink:href="#sSpan317" value="ⲅⲁⲣ"/>
		<feat xlink:href="#sSpan321" value="ⲉⲣϣⲁⲛ"/>
		<feat xlink:href="#sSpan325" value="ⲟⲩⲁ"/>
		<feat xlink:href="#sSpan328" value="ϫⲱ"/>
		<feat xlink:href="#sSpan332" value="ⲛⲧⲟⲥ"/>
		<feat xlink:href="#sSpan334" value="ϫⲉ"/>
		<feat xlink:href="#sSpan338" value="ⲁⲛⲟⲕ"/>
		<feat xlink:href="#sSpan341" value="ⲙⲉⲛ"/>
		<feat xlink:href="#sSpan345" value="ⲁⲛⲟⲕ"/>
		<feat xlink:href="#sSpan349" value="ⲡⲁ"/>
		<feat xlink:href="#sSpan353" value="ⲡⲁⲩⲗⲟⲥ"/>
		<feat xlink:href="#sSpan356" value="."/>
		<feat xlink:href="#sSpan360" value="ⲕⲉ"/>
		<feat xlink:href="#sSpan364" value="ⲟⲩⲁ"/>
		<feat xlink:href="#sSpan368" value="ⲇⲉ"/>
		<feat xlink:href="#sSpan372" value="ϫⲉ"/>
		<feat xlink:href="#sSpan376" value="ⲁⲛⲟⲕ"/>
		<feat xlink:href="#sSpan378" value="ⲡⲁ"/>
		<feat xlink:href="#sSpan382" value="ⲁⲡⲟⲗⲗⲱ"/>
		<feat xlink:href="#sSpan385" value="."/>
		<feat xlink:href="#sSpan389" value="ⲙⲏ"/>
		<feat xlink:href="#sSpan393" value="ⲛⲧⲱⲧⲛ"/>
		<feat xlink:href="#sSpan397" value="ⲟⲩ"/>
		<feat xlink:href="#sSpan402" value="ⲣⲱⲙⲉ"/>
		<feat xlink:href="#sSpan404" value="ⲁⲛ"/>
		<feat xlink:href="#sSpan408" value="."/>
		<feat xlink:href="#sSpan412" value="ⲟⲩ"/>
		<feat xlink:href="#sSpan422" value="ϭⲉ"/>
		<feat xlink:href="#sSpan426" value="ⲡⲉ"/>
		<feat xlink:href="#sSpan431" value="ⲁⲡⲟⲗⲗⲱ"/>
		<feat xlink:href="#sSpan436" value="ⲟⲩ"/>
		<feat xlink:href="#sSpan441" value="ⲇⲉ"/>
		<feat xlink:href="#sSpan445" value="ⲡⲉ"/>
		<feat xlink:href="#sSpan450" value="ⲡⲁⲩⲗⲟⲥ"/>
		<feat xlink:href="#sSpan456" value="ⲁⲗⲗⲁ"/>
		<feat xlink:href="#sSpan460" value="ⲟⲩ"/>
		<feat xlink:href="#sSpan466" value="ⲇⲓⲁⲕⲱⲛ"/>
		<feat xlink:href="#sSpan468" value="ⲡⲉ"/>
		<feat xlink:href="#sSpan472" value="ⲉⲧⲉⲣⲉ"/>
		<feat xlink:href="#sSpan477" value="ⲁ"/>
		<feat xlink:href="#sSpan479" value="ⲛⲧⲱⲧⲛ"/>
		<feat xlink:href="#sSpan482" value="ⲡⲓⲥⲧⲉⲩⲉ"/>
		<feat xlink:href="#sSpan484" value="ⲉⲃⲟⲗ"/>
		<feat xlink:href="#sSpan489" value="ϩⲓⲧⲛ"/>
		<feat xlink:href="#sSpan493" value="ⲛⲧⲟⲟⲩ"/>
		<feat xlink:href="#sSpan495" value="ⲁⲩⲱ"/>
		<feat xlink:href="#sSpan499" value="ⲡ"/>
		<feat xlink:href="#sSpan504" value="ⲟⲩⲁ"/>
		<feat xlink:href="#sSpan506" value="ⲡ"/>
		<feat xlink:href="#sSpan510" value="ⲟⲩⲁ"/>
		<feat xlink:href="#sSpan512" value="ⲛ"/>
		<feat xlink:href="#sSpan516" value="ⲡ"/>
		<feat xlink:href="#sSpan518" value="ϩⲉ"/>
		<feat xlink:href="#sSpan520" value="ⲉⲧⲉⲣⲉ"/>
		<feat xlink:href="#sSpan524" value="ⲁ"/>
		<feat xlink:href="#sSpan526" value="ⲡ"/>
		<feat xlink:href="#sSpan529" value="ϫⲟⲉⲓⲥ"/>
		<feat xlink:href="#sSpan531" value="ϯ"/>
		<feat xlink:href="#sSpan535" value="ⲛⲁ"/>
		<feat xlink:href="#sSpan539" value="ⲛⲧⲟϥ"/>
		<feat xlink:href="#sSpan541" value="."/>
		<feat xlink:href="#sSpan545" value="ⲁⲛⲟⲕ"/>
		<feat xlink:href="#sSpan554" value="ⲁ"/>
		<feat xlink:href="#sSpan558" value="ⲁⲛⲟⲕ"/>
		<feat xlink:href="#sSpan560" value="ⲧⲱⲕ"/>
		<feat xlink:href="#sSpan563" value="ⲁⲡⲟⲗⲗⲱ"/>
		<feat xlink:href="#sSpan568" value="ⲡⲉ"/>
		<feat xlink:href="#sSpan572" value="ⲉⲧⲉⲣⲉ"/>
		<feat xlink:href="#sSpan574" value="ⲁ"/>
		<feat xlink:href="#sSpan576" value="ⲛⲧⲟϥ"/>
		<feat xlink:href="#sSpan578" value="ⲧⲥⲟ"/>
		<feat xlink:href="#sSpan580" value="."/>
		<feat xlink:href="#sSpan585" value="ⲁⲗⲗⲁ"/>
		<feat xlink:href="#sSpan589" value="ⲡ"/>
		<feat xlink:href="#sSpan594" value="ⲛⲟⲩⲧⲉ"/>
		<feat xlink:href="#sSpan596" value="ⲡⲉ"/>
		<feat xlink:href="#sSpan600" value="ⲉⲧⲉⲣⲉ"/>
		<feat xlink:href="#sSpan602" value="ⲁ"/>
		<feat xlink:href="#sSpan604" value="ⲛⲧⲟϥ"/>
		<feat xlink:href="#sSpan607" value="ⲁⲩⲝⲁⲛⲉ"/>
		<feat xlink:href="#sSpan609" value="."/>
		<feat xlink:href="#sSpan614" value="ϩⲱⲥⲧⲉ"/>
		<feat xlink:href="#sSpan623" value="ϭⲉ"/>
		<feat xlink:href="#sSpan627" value="ⲛ"/>
		<feat xlink:href="#sSpan631" value="ⲡⲁ"/>
		<feat xlink:href="#sSpan634" value="ⲡ"/>
		<feat xlink:href="#sSpan637" value="ⲉⲧⲉⲣⲉ"/>
		<feat xlink:href="#sSpan639" value="ⲧⲱⲱϭⲉ"/>
		<feat xlink:href="#sSpan641" value="ⲁⲛ"/>
		<feat xlink:href="#sSpan645" value="ⲡⲉ"/>
		<feat xlink:href="#sSpan650" value="ⲟⲩⲇⲉ"/>
		<feat xlink:href="#sSpan654" value="ⲛ"/>
		<feat xlink:href="#sSpan658" value="ⲡⲁ"/>
		<feat xlink:href="#sSpan661" value="ⲡ"/>
		<feat xlink:href="#sSpan664" value="ⲉⲧⲉⲣⲉ"/>
		<feat xlink:href="#sSpan666" value="ⲧⲥⲟ"/>
		<feat xlink:href="#sSpan668" value="ⲁⲛ"/>
		<feat xlink:href="#sSpan672" value="ⲡⲉ"/>
		<feat xlink:href="#sSpan676" value="."/>
		<feat xlink:href="#sSpan681" value="ⲁⲗⲗⲁ"/>
		<feat xlink:href="#sSpan685" value="ⲡ"/>
		<feat xlink:href="#sSpan690" value="ⲛⲟⲩⲧⲉ"/>
		<feat xlink:href="#sSpan692" value="ⲡⲉ"/>
		<feat xlink:href="#sSpan696" value="ⲉⲧⲉⲣⲉ"/>
		<feat xlink:href="#sSpan701" value="ⲁⲩⲝⲁⲛⲉ"/>
		<feat xlink:href="#sSpan703" value="."/>
		<feat xlink:href="#sSpan707" value="ⲡ"/>
		<feat xlink:href="#sSpan717" value="ⲉⲧⲉⲣⲉ"/>
		<feat xlink:href="#sSpan719" value="ⲧⲱⲱϭⲉ"/>
		<feat xlink:href="#sSpan722" value="ⲇⲉ"/>
		<feat xlink:href="#sSpan726" value="ⲙⲛ"/>
		<feat xlink:href="#sSpan730" value="ⲡ"/>
		<feat xlink:href="#sSpan733" value="ⲉⲧⲉⲣⲉ"/>
		<feat xlink:href="#sSpan735" value="ⲧⲥⲟ"/>
		<feat xlink:href="#sSpan737" value="ⲟⲩⲁ"/>
		<feat xlink:href="#sSpan742" value="ⲡⲉ"/>
		<feat xlink:href="#sSpan746" value="."/>
		<feat xlink:href="#sSpan750" value="ⲡ"/>
		<feat xlink:href="#sSpan755" value="ⲟⲩⲁ"/>
		<feat xlink:href="#sSpan758" value="ⲇⲉ"/>
		<feat xlink:href="#sSpan762" value="ⲡ"/>
		<feat xlink:href="#sSpan766" value="ⲟⲩⲁ"/>
		<feat xlink:href="#sSpan768" value="ⲛⲁ"/>
		<feat xlink:href="#sSpan770" value="ϫⲓ"/>
		<feat xlink:href="#sSpan772" value="ⲛ"/>
		<feat xlink:href="#sSpan776" value="ⲡⲉϥ"/>
		<feat xlink:href="#sSpan779" value="ⲃⲉⲕⲉ"/>
		<feat xlink:href="#sSpan782" value="ⲕⲁⲧⲁ"/>
		<feat xlink:href="#sSpan786" value="ⲡⲉϥ"/>
		<feat xlink:href="#sSpan789" value="ϩⲓⲥⲉ"/>
		<feat xlink:href="#sSpan791" value="."/>
		<feat xlink:href="#sSpan795" value="ⲁⲛⲟⲛ"/>
		<feat xlink:href="#sSpan804" value="ⲟⲩ"/>
		<feat xlink:href="#sSpan810" value="ϣⲃⲣⲣϩⲱⲃ"/>
		<feat xlink:href="#sSpan815" value="ⲅⲁⲣ"/>
		<feat xlink:href="#sSpan819" value="ⲛⲧⲉ"/>
		<feat xlink:href="#sSpan823" value="ⲡ"/>
		<feat xlink:href="#sSpan826" value="ⲛⲟⲩⲧⲉ"/>
		<feat xlink:href="#sSpan828" value="ⲟⲩ"/>
		<feat xlink:href="#sSpan833" value="ⲙⲁ"/>
		<feat xlink:href="#sSpan835" value="ⲛ"/>
		<feat xlink:href="#sSpan839" value="ⲟⲩⲟⲉⲓⲉ"/>
		<feat xlink:href="#sSpan841" value="ⲛⲧⲉ"/>
		<feat xlink:href="#sSpan845" value="ⲡ"/>
		<feat xlink:href="#sSpan848" value="ⲛⲟⲩⲧⲉ"/>
		<feat xlink:href="#sSpan850" value="ⲡⲉ"/>
		<feat xlink:href="#sSpan854" value="."/>
		<feat xlink:href="#sSpan858" value="ⲛⲧⲱⲧⲛ"/>
		<feat xlink:href="#sSpan862" value="ⲟⲩ"/>
		<feat xlink:href="#sSpan865" value="ⲕⲱⲧ"/>
		<feat xlink:href="#sSpan867" value="ⲛⲧⲉ"/>
		<feat xlink:href="#sSpan871" value="ⲡ"/>
		<feat xlink:href="#sSpan874" value="ⲛⲟⲩⲧⲉ"/>
		<feat xlink:href="#sSpan876" value="."/>
		<feat xlink:href="#sSpan881" value="ⲕⲁⲧⲁ"/>
		<feat xlink:href="#sSpan891" value="ⲡ"/>
		<feat xlink:href="#sSpan894" value="ϩⲙⲟⲧ"/>
		<feat xlink:href="#sSpan896" value="ⲛⲧⲉ"/>
		<feat xlink:href="#sSpan900" value="ⲡ"/>
		<feat xlink:href="#sSpan903" value="ⲛⲟⲩⲧⲉ"/>
		<feat xlink:href="#sSpan905" value="ⲉⲧⲉⲣⲉ"/>
		<feat xlink:href="#sSpan909" value="ⲁ"/>
		<feat xlink:href="#sSpan911" value="ⲛⲧⲟⲟⲩ"/>
		<feat xlink:href="#sSpan913" value="ϯ"/>
		<feat xlink:href="#sSpan915" value="ⲛⲧⲟϥ"/>
		<feat xlink:href="#sSpan917" value="ⲛⲁ"/>
		<feat xlink:href="#sSpan921" value="ⲁⲛⲟⲕ"/>
		<feat xlink:href="#sSpan924" value="ϩⲱⲥ"/>
		<feat xlink:href="#sSpan929" value="ⲥⲟⲫⲟⲥ"/>
		<feat xlink:href="#sSpan934" value="ⲛ"/>
		<feat xlink:href="#sSpan939" value="ⲁⲣⲭⲓⲧⲉⲕⲧⲱⲛ"/>
		<feat xlink:href="#sSpan941" value="."/>
		<feat xlink:href="#sSpan945" value="ⲁ"/>
		<feat xlink:href="#sSpan949" value="ⲁⲛⲟⲕ"/>
		<feat xlink:href="#sSpan951" value="ⲕⲱ"/>
		<feat xlink:href="#sSpan954" value="ⲉϩⲣⲁⲓ"/>
		<feat xlink:href="#sSpan958" value="ⲛ"/>
		<feat xlink:href="#sSpan962" value="ⲡ"/>
		<feat xlink:href="#sSpan965" value="ⲥⲛⲧⲉ"/>
		<feat xlink:href="#sSpan967" value="ⲟⲩⲛ"/>
		<feat xlink:href="#sSpan971" value="ϭⲉ"/>
		<feat xlink:href="#sSpan975" value="ⲇⲉ"/>
		<feat xlink:href="#sSpan979" value="ⲕⲱⲧ"/>
		<feat xlink:href="#sSpan983" value="ⲉϫⲛ"/>
		<feat xlink:href="#sSpan987" value="ⲛⲧⲟⲥ"/>
		<feat xlink:href="#sSpan989" value="."/>
		<feat xlink:href="#sSpan993" value="ⲡ"/>
		<feat xlink:href="#sSpan998" value="ⲟⲩⲁ"/>
		<feat xlink:href="#sSpan1001" value="ⲇⲉ"/>
		<feat xlink:href="#sSpan1005" value="ⲡ"/>
		<feat xlink:href="#sSpan1009" value="ⲟⲩⲁ"/>
		<feat xlink:href="#sSpan1011" value="ⲙⲁⲣⲉ"/>
		<feat xlink:href="#sSpan1015" value="ⲛⲧⲟϥ"/>
		<feat xlink:href="#sSpan1017" value="ϭⲱϣⲧ"/>
		<feat xlink:href="#sSpan1019" value="ϫⲉ"/>
		<feat xlink:href="#sSpan1023" value="ⲉⲣⲉ"/>
		<feat xlink:href="#sSpan1025" value="ⲛⲧⲟϥ"/>
		<feat xlink:href="#sSpan1027" value="ⲕⲱⲧ"/>
		<feat xlink:href="#sSpan1029" value="ⲛ"/>
		<feat xlink:href="#sSpan1033" value="ⲁϣ"/>
		<feat xlink:href="#sSpan1035" value="ⲛ"/>
		<feat xlink:href="#sSpan1039" value="ϩⲉ"/>
		<feat xlink:href="#sSpan1041" value="."/>
		<feat xlink:href="#sSpan1045" value="ⲙⲛ"/>
		<feat xlink:href="#sSpan1054" value="ϭⲟⲙ"/>
		<feat xlink:href="#sSpan1058" value="ⲅⲁⲣ"/>
		<feat xlink:href="#sSpan1062" value="ⲡ"/>
		<feat xlink:href="#sSpan1067" value="ⲗⲁⲁⲩ"/>
		<feat xlink:href="#sSpan1069" value="ⲉⲣⲉ"/>
		<feat xlink:href="#sSpan1073" value="ⲕⲱ"/>
		<feat xlink:href="#sSpan1075" value="ⲕⲉ"/>
		<feat xlink:href="#sSpan1078" value="ⲥⲛⲧⲉ"/>
		<feat xlink:href="#sSpan1080" value="ⲉϩⲣⲁⲓ"/>
		<feat xlink:href="#sSpan1085" value="ⲡⲁⲣⲁ"/>
		<feat xlink:href="#sSpan1089" value="ⲡ"/>
		<feat xlink:href="#sSpan1092" value="ⲉⲧⲉⲣⲉ"/>
		<feat xlink:href="#sSpan1094" value="ⲕⲱ"/>
		<feat xlink:href="#sSpan1096" value="ⲉϩⲣⲁⲓ"/>
		<feat xlink:href="#sSpan1100" value="ⲉⲧⲉⲣⲉ"/>
		<feat xlink:href="#sSpan1104" value="ⲡⲁⲓ"/>
		<feat xlink:href="#sSpan1106" value="ⲡⲉ"/>
		<feat xlink:href="#sSpan1111" value="ⲓⲏⲥⲟⲩⲥ"/>
		<feat xlink:href="#sSpan1116" value="ⲡ"/>
		<feat xlink:href="#sSpan1121" value="ⲭⲣⲓⲥⲧⲟⲥ"/>
		<feat xlink:href="#sSpan1123" value="."/>
		<feat xlink:href="#sSpan1127" value="ⲉϣϫⲉ"/>
		<feat xlink:href="#sSpan1138" value="ⲟⲩⲛ"/>
		<feat xlink:href="#sSpan1140" value="ⲟⲩⲁ"/>
		<feat xlink:href="#sSpan1144" value="ⲇⲉ"/>
		<feat xlink:href="#sSpan1148" value="ⲛⲁ"/>
		<feat xlink:href="#sSpan1152" value="ⲕⲱⲧ"/>
		<feat xlink:href="#sSpan1154" value="ⲉϫⲛ"/>
		<feat xlink:href="#sSpan1158" value="ⲡⲉⲓ"/>
		<feat xlink:href="#sSpan1161" value="ⲥⲛⲧⲉ"/>
		<feat xlink:href="#sSpan1163" value="ⲟⲩ"/>
		<feat xlink:href="#sSpan1168" value="ⲛⲟⲩⲃ"/>
		<feat xlink:href="#sSpan1170" value="ⲟⲩ"/>
		<feat xlink:href="#sSpan1175" value="ϩⲁⲧ"/>
		<feat xlink:href="#sSpan1177" value="ⲟⲩ"/>
		<feat xlink:href="#sSpan1182" value="ⲱⲛⲉ"/>
		<feat xlink:href="#sSpan1184" value="ⲛ"/>
		<feat xlink:href="#sSpan1188" value="ⲙⲉ"/>
		<feat xlink:href="#sSpan1190" value="ⲟⲩ"/>
		<feat xlink:href="#sSpan1195" value="ϣⲉ"/>
		<feat xlink:href="#sSpan1197" value="ⲟⲩ"/>
		<feat xlink:href="#sSpan1203" value="ⲭⲟⲣⲧⲟⲥ"/>
		<feat xlink:href="#sSpan1205" value="ⲟⲩ"/>
		<feat xlink:href="#sSpan1210" value="ⲣⲟⲟⲩⲉ"/>
		<feat xlink:href="#sSpan1212" value="."/>
		<feat xlink:href="#sSpan1216" value="ⲡ"/>
		<feat xlink:href="#sSpan1227" value="ϩⲱⲃ"/>
		<feat xlink:href="#sSpan1229" value="ⲛ"/>
		<feat xlink:href="#sSpan1233" value="ⲡ"/>
		<feat xlink:href="#sSpan1236" value="ⲟⲩⲁ"/>
		<feat xlink:href="#sSpan1238" value="ⲡ"/>
		<feat xlink:href="#sSpan1242" value="ⲟⲩⲁ"/>
		<feat xlink:href="#sSpan1244" value="ⲛⲁ"/>
		<feat xlink:href="#sSpan1248" value="ⲟⲩⲱⲛϩ"/>
		<feat xlink:href="#sSpan1251" value="ⲉⲃⲟⲗ"/>
		<feat xlink:href="#sSpan1255" value="ⲡ"/>
		<feat xlink:href="#sSpan1260" value="ϩⲟⲟⲩ"/>
		<feat xlink:href="#sSpan1263" value="ⲅⲁⲣ"/>
		<feat xlink:href="#sSpan1267" value="ⲛⲁ"/>
		<feat xlink:href="#sSpan1271" value="ⲟⲩⲱⲛϩ"/>
		<feat xlink:href="#sSpan1273" value="ⲛⲧⲟϥ"/>
		<feat xlink:href="#sSpan1275" value="ⲉⲃⲟⲗ"/>
		<feat xlink:href="#sSpan1280" value="ϫⲉ"/>
		<feat xlink:href="#sSpan1284" value="ⲉⲣⲉ"/>
		<feat xlink:href="#sSpan1286" value="ⲛⲧⲟϥ"/>
		<feat xlink:href="#sSpan1288" value="ⲛⲁ"/>
		<feat xlink:href="#sSpan1290" value="ϭⲱⲗⲡ"/>
		<feat xlink:href="#sSpan1293" value="ⲉⲃⲟⲗ"/>
		<feat xlink:href="#sSpan1297" value="ϩⲛ"/>
		<feat xlink:href="#sSpan1301" value="ⲡ"/>
		<feat xlink:href="#sSpan1304" value="ⲥⲁⲧⲉ"/>
		<feat xlink:href="#sSpan1306" value="ⲁⲩⲱ"/>
		<feat xlink:href="#sSpan1310" value="ⲡ"/>
		<feat xlink:href="#sSpan1315" value="ϩⲱⲃ"/>
		<feat xlink:href="#sSpan1317" value="ⲛ"/>
		<feat xlink:href="#sSpan1321" value="ⲡ"/>
		<feat xlink:href="#sSpan1324" value="ⲟⲩⲁ"/>
		<feat xlink:href="#sSpan1326" value="ⲡ"/>
		<feat xlink:href="#sSpan1330" value="ⲟⲩⲁ"/>
		<feat xlink:href="#sSpan1332" value="ⲛ"/>
		<feat xlink:href="#sSpan1336" value="ⲡ"/>
		<feat xlink:href="#sSpan1338" value="ϩⲉ"/>
		<feat xlink:href="#sSpan1340" value="ⲉⲧⲉⲣⲉ"/>
		<feat xlink:href="#sSpan1344" value="ⲛⲧⲟϥ"/>
		<feat xlink:href="#sSpan1346" value="ⲉⲓⲣⲉ"/>
		<feat xlink:href="#sSpan1348" value="ⲛ"/>
		<feat xlink:href="#sSpan1352" value="ⲛⲧⲟⲥ"/>
		<feat xlink:href="#sSpan1354" value="ⲡ"/>
		<feat xlink:href="#sSpan1359" value="ⲕⲱϩⲧ"/>
		<feat xlink:href="#sSpan1361" value="ⲡⲉ"/>
		<feat xlink:href="#sSpan1365" value="ⲉⲧⲉⲣⲉ"/>
		<feat xlink:href="#sSpan1367" value="ⲛⲁ"/>
		<feat xlink:href="#sSpan1370" value="ⲇⲟⲕⲓⲙⲁⲍⲉ"/>
		<feat xlink:href="#sSpan1372" value="ⲛ"/>
		<feat xlink:href="#sSpan1376" value="ⲛⲧⲟϥ"/>
		<feat xlink:href="#sSpan1378" value="."/>
		<feat xlink:href="#sSpan1382" value="ⲡ"/>
		<feat xlink:href="#sSpan1392" value="ⲉⲧⲉⲣⲉ"/>
		<feat xlink:href="#sSpan1394" value="ⲡⲉϥ"/>
		<feat xlink:href="#sSpan1397" value="ϩⲱⲃ"/>
		<feat xlink:href="#sSpan1399" value="ⲛⲁ"/>
		<feat xlink:href="#sSpan1403" value="ϭⲱ"/>
		<feat xlink:href="#sSpan1405" value="ⲡⲁⲓ"/>
		<feat xlink:href="#sSpan1410" value="ⲉⲧⲉⲣⲉ"/>
		<feat xlink:href="#sSpan1414" value="ⲁ"/>
		<feat xlink:href="#sSpan1416" value="ⲛⲧⲟϥ"/>
		<feat xlink:href="#sSpan1418" value="ⲕⲱⲧ"/>
		<feat xlink:href="#sSpan1420" value="ⲛⲧⲟϥ"/>
		<feat xlink:href="#sSpan1422" value="ⲛⲧⲟϥ"/>
		<feat xlink:href="#sSpan1426" value="ⲛⲁ"/>
		<feat xlink:href="#sSpan1428" value="ϫⲓ"/>
		<feat xlink:href="#sSpan1430" value="ⲛ"/>
		<feat xlink:href="#sSpan1434" value="ⲟⲩ"/>
		<feat xlink:href="#sSpan1437" value="ⲃⲉⲕⲉ"/>
		<feat xlink:href="#sSpan1439" value="."/>
		<feat xlink:href="#sSpan1443" value="ⲡ"/>
		<feat xlink:href="#sSpan1453" value="ⲉⲧⲉⲣⲉ"/>
		<feat xlink:href="#sSpan1455" value="ⲡⲉϥ"/>
		<feat xlink:href="#sSpan1458" value="ϩⲱⲃ"/>
		<feat xlink:href="#sSpan1460" value="ⲛⲁ"/>
		<feat xlink:href="#sSpan1464" value="ⲣⲱⲕϩ"/>
		<feat xlink:href="#sSpan1466" value="ⲛⲧⲟϥ"/>
		<feat xlink:href="#sSpan1470" value="ⲛⲁ"/>
		<feat xlink:href="#sSpan1473" value="ϯⲟⲥⲉ"/>
		<feat xlink:href="#sSpan1476" value="."/>
		<feat xlink:href="#sSpan1480" value="ⲛⲧⲟϥ"/>
		<feat xlink:href="#sSpan1485" value="ⲇⲉ"/>
		<feat xlink:href="#sSpan1489" value="ⲛⲧⲟϥ"/>
		<feat xlink:href="#sSpan1493" value="ⲛⲁ"/>
		<feat xlink:href="#sSpan1495" value="ⲟⲩϫⲁⲓ"/>
		<feat xlink:href="#sSpan1497" value="."/>
		<feat xlink:href="#sSpan1501" value="ⲛ"/>
		<feat xlink:href="#sSpan1505" value="ⲡⲉⲓ"/>
		<feat xlink:href="#sSpan1507" value="ϩⲉ"/>
		<feat xlink:href="#sSpan1510" value="ⲇⲉ"/>
		<feat xlink:href="#sSpan1515" value="ϩⲱⲥ"/>
		<feat xlink:href="#sSpan1519" value="ⲉⲃⲟⲗ"/>
		<feat xlink:href="#sSpan1523" value="ϩⲓⲧⲛ"/>
		<feat xlink:href="#sSpan1527" value="ⲡ"/>
		<feat xlink:href="#sSpan1530" value="ⲕⲱϩⲧ"/>
		<feat xlink:href="#sSpan1532" value="."/>
		<feat xlink:href="#sSpan1536" value="ⲛ"/>
		<feat xlink:href="#sSpan1546" value="ⲛⲧⲱⲧⲛ"/>
		<feat xlink:href="#sSpan1548" value="ⲥⲟⲟⲩⲛ"/>
		<feat xlink:href="#sSpan1550" value="ⲁⲛ"/>
		<feat xlink:href="#sSpan1554" value="ϫⲉ"/>
		<feat xlink:href="#sSpan1558" value="ⲛⲧⲱⲧⲛ"/>
		<feat xlink:href="#sSpan1560" value="ⲡ"/>
		<feat xlink:href="#sSpan1563" value="ⲣⲡⲉ"/>
		<feat xlink:href="#sSpan1565" value="ⲛ"/>
		<feat xlink:href="#sSpan1569" value="ⲡ"/>
		<feat xlink:href="#sSpan1572" value="ⲛⲟⲩⲧⲉ"/>
		<feat xlink:href="#sSpan1574" value="."/>
		<feat xlink:href="#sSpan1578" value="ⲁⲩⲱ"/>
		<feat xlink:href="#sSpan1582" value="ⲡ"/>
		<feat xlink:href="#sSpan1588" value="ⲡⲛⲉⲩⲙⲁ"/>
		<feat xlink:href="#sSpan1590" value="ⲛ"/>
		<feat xlink:href="#sSpan1594" value="ⲡ"/>
		<feat xlink:href="#sSpan1597" value="ⲛⲟⲩⲧⲉ"/>
		<feat xlink:href="#sSpan1599" value="ⲟⲩⲱϩ"/>
		<feat xlink:href="#sSpan1603" value="ϩⲛ"/>
		<feat xlink:href="#sSpan1607" value="ⲛⲧⲱⲧⲛ"/>
		<feat xlink:href="#sSpan1609" value="."/>
		<feat xlink:href="#sSpan1613" value="ⲡ"/>
		<feat xlink:href="#sSpan1623" value="ⲉⲧⲉⲣⲉ"/>
		<feat xlink:href="#sSpan1625" value="ⲛⲁ"/>
		<feat xlink:href="#sSpan1627" value="ⲥⲱⲱϥ"/>
		<feat xlink:href="#sSpan1629" value="ⲛ"/>
		<feat xlink:href="#sSpan1633" value="ⲡ"/>
		<feat xlink:href="#sSpan1636" value="ⲣⲡⲉ"/>
		<feat xlink:href="#sSpan1638" value="ⲛ"/>
		<feat xlink:href="#sSpan1642" value="ⲡ"/>
		<feat xlink:href="#sSpan1645" value="ⲛⲟⲩⲧⲉ"/>
		<feat xlink:href="#sSpan1647" value="ⲡⲁⲓ"/>
		<feat xlink:href="#sSpan1652" value="ⲡ"/>
		<feat xlink:href="#sSpan1657" value="ⲛⲟⲩⲧⲉ"/>
		<feat xlink:href="#sSpan1659" value="ⲛⲁ"/>
		<feat xlink:href="#sSpan1663" value="ⲧⲁⲕⲟ"/>
		<feat xlink:href="#sSpan1665" value="ⲛⲧⲟϥ"/>
		<feat xlink:href="#sSpan1667" value="ⲡ"/>
		<feat xlink:href="#sSpan1672" value="ⲣⲡⲉ"/>
		<feat xlink:href="#sSpan1675" value="ⲅⲁⲣ"/>
		<feat xlink:href="#sSpan1679" value="ⲛ"/>
		<feat xlink:href="#sSpan1683" value="ⲡ"/>
		<feat xlink:href="#sSpan1686" value="ⲛⲟⲩⲧⲉ"/>
		<feat xlink:href="#sSpan1688" value="ⲟⲩⲟⲡ"/>
		<feat xlink:href="#sSpan1692" value="ⲉⲧⲉⲣⲉ"/>
		<feat xlink:href="#sSpan1696" value="ⲛⲧⲱⲧⲛ"/>
		<feat xlink:href="#sSpan1698" value="ⲡⲉ"/>
		<feat xlink:href="#sSpan1702" value="."/>
		<feat xlink:href="#sSpan1706" value="ⲙⲡⲣⲧⲣⲉ"/>
		<feat xlink:href="#sSpan1715" value="ⲗⲁⲁⲩ"/>
		<feat xlink:href="#sSpan1719" value="ⲉⲝⲁⲡⲁⲧⲁ"/>
		<feat xlink:href="#sSpan1723" value="ⲛ"/>
		<feat xlink:href="#sSpan1727" value="ⲛⲧⲟϥ"/>
		<feat xlink:href="#sSpan1729" value="."/>
		<feat xlink:href="#sSpan1733" value="ⲡ"/>
		<feat xlink:href="#sSpan1738" value="ⲉⲧⲉⲣⲉ"/>
		<feat xlink:href="#sSpan1740" value="ϫⲱ"/>
		<feat xlink:href="#sSpan1742" value="ⲛ"/>
		<feat xlink:href="#sSpan1746" value="ⲛⲧⲟⲥ"/>
		<feat xlink:href="#sSpan1748" value="ϫⲉ"/>
		<feat xlink:href="#sSpan1752" value="ⲁⲛⲟⲕ"/>
		<feat xlink:href="#sSpan1754" value="ⲟⲩ"/>
		<feat xlink:href="#sSpan1758" value="ⲥⲟⲫⲟⲥ"/>
		<feat xlink:href="#sSpan1760" value="ϩⲛ"/>
		<feat xlink:href="#sSpan1764" value="ⲛⲧⲱⲧⲛ"/>
		<feat xlink:href="#sSpan1766" value="ⲙⲁⲣⲉ"/>
		<feat xlink:href="#sSpan1770" value="ⲛⲧⲟϥ"/>
		<feat xlink:href="#sSpan1773" value="ⲣⲥⲟϭ"/>
		<feat xlink:href="#sSpan1776" value="ϩⲛ"/>
		<feat xlink:href="#sSpan1780" value="ⲡⲉⲓ"/>
		<feat xlink:href="#sSpan1784" value="ⲁⲓⲱⲛ"/>
		<feat xlink:href="#sSpan1786" value="ϫⲉⲕⲁⲁⲥ"/>
		<feat xlink:href="#sSpan1790" value="ⲉⲣⲉ_ⲛⲧⲟϥ"/>
		<feat xlink:href="#sSpan1794" value="ϣⲱⲡⲉ"/>
		<feat xlink:href="#sSpan1796" value="ⲛ"/>
		<feat xlink:href="#sSpan1801" value="ⲥⲟⲫⲟⲥ"/>
		<feat xlink:href="#sSpan1804" value="."/>
		<feat xlink:href="#sSpan1808" value="ⲡ"/>
		<feat xlink:href="#sSpan1819" value="ⲥⲟⲫⲓⲁ"/>
		<feat xlink:href="#sSpan1822" value="ⲅⲁⲣ"/>
		<feat xlink:href="#sSpan1826" value="ⲛ"/>
		<feat xlink:href="#sSpan1830" value="ⲡⲉⲓ"/>
		<feat xlink:href="#sSpan1834" value="ⲕⲟⲥⲙⲟⲥ"/>
		<feat xlink:href="#sSpan1836" value="ⲟⲩ"/>
		<feat xlink:href="#sSpan1842" value="ⲙⲛⲧⲥⲟϭ"/>
		<feat xlink:href="#sSpan1845" value="ⲡⲉ"/>
		<feat xlink:href="#sSpan1849" value="ⲛⲁϩⲣⲛ"/>
		<feat xlink:href="#sSpan1853" value="ⲡ"/>
		<feat xlink:href="#sSpan1856" value="ⲛⲟⲩⲧⲉ"/>
		<feat xlink:href="#sSpan1858" value="."/>
		<feat xlink:href="#sSpan1862" value="ⲛⲧⲟϥ"/>
		<feat xlink:href="#sSpan1866" value="ⲥϩⲁⲓ"/>
		<feat xlink:href="#sSpan1869" value="ⲅⲁⲣ"/>
		<feat xlink:href="#sSpan1873" value="ϫⲉ"/>
		<feat xlink:href="#sSpan1877" value="ⲡ"/>
		<feat xlink:href="#sSpan1880" value="ⲉⲧⲉⲣⲉ"/>
		<feat xlink:href="#sSpan1882" value="ϭⲱⲡⲉ"/>
		<feat xlink:href="#sSpan1884" value="ⲛ"/>
		<feat xlink:href="#sSpan1888" value="ⲡ"/>
		<feat xlink:href="#sSpan1892" value="ⲥⲟⲫⲟⲥ"/>
		<feat xlink:href="#sSpan1894" value="ϩⲛ"/>
		<feat xlink:href="#sSpan1898" value="ⲡⲉⲩ"/>
		<feat xlink:href="#sSpan1903" value="ⲕⲟⲧⲥ"/>
		<feat xlink:href="#sSpan1905" value="."/>
		<feat xlink:href="#sSpan1909" value="ⲁⲩⲱ"/>
		<feat xlink:href="#sSpan1918" value="ⲟⲛ"/>
		<feat xlink:href="#sSpan1922" value="ϫⲉ"/>
		<feat xlink:href="#sSpan1926" value="ⲡ"/>
		<feat xlink:href="#sSpan1929" value="ϫⲟⲉⲓⲥ"/>
		<feat xlink:href="#sSpan1931" value="ⲥⲟⲟⲩⲛ"/>
		<feat xlink:href="#sSpan1935" value="ⲛ"/>
		<feat xlink:href="#sSpan1939" value="ⲡ"/>
		<feat xlink:href="#sSpan1942" value="ⲙⲟⲕⲙⲉⲕ"/>
		<feat xlink:href="#sSpan1944" value="ⲛ"/>
		<feat xlink:href="#sSpan1948" value="ⲡ"/>
		<feat xlink:href="#sSpan1952" value="ⲥⲟⲫⲟⲥ"/>
		<feat xlink:href="#sSpan1954" value="ϫⲉ"/>
		<feat xlink:href="#sSpan1958" value="ⲛⲧⲟⲟⲩ"/>
		<feat xlink:href="#sSpan1962" value="ϣⲟⲩⲟ"/>
		<feat xlink:href="#sSpan1965" value="ϩⲱⲥⲧⲉ"/>
		<feat xlink:href="#sSpan1974" value="ⲙⲡⲣⲧⲣⲉ"/>
		<feat xlink:href="#sSpan1978" value="ⲗⲁⲁⲩ"/>
		<feat xlink:href="#sSpan1981" value="ϣⲟⲩϣⲟⲩ"/>
		<feat xlink:href="#sSpan1985" value="ⲛ"/>
		<feat xlink:href="#sSpan1989" value="ⲛⲧⲟϥ"/>
		<feat xlink:href="#sSpan1991" value="ϩⲛ"/>
		<feat xlink:href="#sSpan1995" value="ⲡ"/>
		<feat xlink:href="#sSpan1998" value="ⲣⲱⲙⲉ"/>
		<feat xlink:href="#sSpan2000" value="ⲡ"/>
		<feat xlink:href="#sSpan2011" value="ⲧⲏⲣϥ"/>
		<feat xlink:href="#sSpan2015" value="ⲅⲁⲣ"/>
		<feat xlink:href="#sSpan2019" value="ⲡⲱⲧⲛ"/>
		<feat xlink:href="#sSpan2023" value="ⲡⲉ"/>
		<feat xlink:href="#sSpan2028" value="ⲉⲓⲧⲉ"/>
		<feat xlink:href="#sSpan2033" value="ⲡⲁⲩⲗⲟⲥ"/>
		<feat xlink:href="#sSpan2039" value="ⲉⲓⲧⲉ"/>
		<feat xlink:href="#sSpan2044" value="ⲁⲡⲟⲗⲗⲱ"/>
		<feat xlink:href="#sSpan2050" value="ⲉⲓⲧⲉ"/>
		<feat xlink:href="#sSpan2055" value="ⲕⲏⲫⲁⲥ"/>
		<feat xlink:href="#sSpan2061" value="ⲉⲓⲧⲉ"/>
		<feat xlink:href="#sSpan2066" value="ⲕⲟⲥⲙⲟⲥ"/>
		<feat xlink:href="#sSpan2072" value="ⲉⲓⲧⲉ"/>
		<feat xlink:href="#sSpan2076" value="ⲱⲛϩ"/>
		<feat xlink:href="#sSpan2082" value="ⲉⲓⲧⲉ"/>
		<feat xlink:href="#sSpan2086" value="ⲙⲟⲩ"/>
		<feat xlink:href="#sSpan2092" value="ⲉⲓⲧⲉ"/>
		<feat xlink:href="#sSpan2096" value="ⲡ"/>
		<feat xlink:href="#sSpan2101" value="ⲉⲧⲉⲣⲉ"/>
		<feat xlink:href="#sSpan2103" value="ϣⲱⲡⲉ"/>
		<feat xlink:href="#sSpan2106" value="ⲉⲓⲧⲉ"/>
		<feat xlink:href="#sSpan2110" value="ⲡ"/>
		<feat xlink:href="#sSpan2115" value="ⲉⲧⲉⲣⲉ"/>
		<feat xlink:href="#sSpan2117" value="ⲛⲁ"/>
		<feat xlink:href="#sSpan2119" value="ϣⲱⲡⲉ"/>
		<feat xlink:href="#sSpan2121" value="ⲡ"/>
		<feat xlink:href="#sSpan2126" value="ⲧⲏⲣϥ"/>
		<feat xlink:href="#sSpan2129" value="ⲡⲱⲧⲛ"/>
		<feat xlink:href="#sSpan2133" value="ⲡⲉ"/>
		<feat xlink:href="#sSpan2137" value="."/>
		<feat xlink:href="#sSpan2141" value="ⲛⲧⲱⲧⲛ"/>
		<feat xlink:href="#sSpan2151" value="ⲇⲉ"/>
		<feat xlink:href="#sSpan2155" value="ⲛⲧⲱⲧⲛ"/>
		<feat xlink:href="#sSpan2159" value="ⲡⲁ"/>
		<feat xlink:href="#sSpan2164" value="ⲡ"/>
		<feat xlink:href="#sSpan2168" value="ⲭⲣⲓⲥⲧⲟⲥ"/>
		<feat xlink:href="#sSpan2170" value="."/>
		<feat xlink:href="#sSpan2174" value="ⲡ"/>
		<feat xlink:href="#sSpan2180" value="ⲭⲣⲓⲥⲧⲟⲥ"/>
		<feat xlink:href="#sSpan2183" value="ⲇⲉ"/>
		<feat xlink:href="#sSpan2187" value="ⲡⲁ"/>
		<feat xlink:href="#sSpan2192" value="ⲡ"/>
		<feat xlink:href="#sSpan2195" value="ⲛⲟⲩⲧⲉ"/>
		<feat xlink:href="#sSpan2197" value="ⲡⲉ"/>
		<feat xlink:href="#sSpan2201" value="."/></featList></paula>