<?xml version='1.0' encoding='UTF-8'?><!DOCTYPE paula SYSTEM "paula_feat.dtd">
<paula version="1.1">
	<header paula_id="scriptorium.1Cor_03.mark_norm_group"/>
	<featList xmlns:xlink="http://www.w3.org/1999/xlink" type="norm_group" xml:base="scriptorium.1Cor_03.mark.xml">
		<feat xlink:href="#sSpan3" value="ⲁⲛⲟⲕ"/>
		<feat xlink:href="#sSpan14" value="ϩⲱ"/>
		<feat xlink:href="#sSpan19" value="ⲛⲁⲥⲛⲏⲩ"/>
		<feat xlink:href="#sSpan25" value="ⲙⲡⲓϣϭⲙϭⲟⲙ"/>
		<feat xlink:href="#sSpan37" value="ⲉϣⲁϫⲉ"/>
		<feat xlink:href="#sSpan43" value="ⲛⲙⲙⲏⲧⲛ"/>
		<feat xlink:href="#sSpan50" value="ϩⲱⲥ"/>
		<feat xlink:href="#sSpan56" value="ⲡⲛⲉⲩⲙⲁⲧⲓⲕⲟⲥ"/>
		<feat xlink:href="#sSpan60" value="."/>
		<feat xlink:href="#sSpan65" value="ⲁⲗⲗⲁ"/>
		<feat xlink:href="#sSpan70" value="ϩⲱⲥ"/>
		<feat xlink:href="#sSpan76" value="ⲥⲁⲣⲕⲓⲕⲟⲥ"/>
		<feat xlink:href="#sSpan81" value="ϩⲱⲥ"/>
		<feat xlink:href="#sSpan85" value="ⲕⲟⲩⲓ"/>
		<feat xlink:href="#sSpan90" value="ϩⲙⲡⲉⲭⲣⲓⲥⲧⲟⲥ"/>
		<feat xlink:href="#sSpan100" value="."/>
		<feat xlink:href="#sSpan104" value="ⲁⲓⲧⲥⲉⲧⲛ"/>
		<feat xlink:href="#sSpan121" value="ⲉⲣⲱⲧⲉ"/>
		<feat xlink:href="#sSpan125" value="ⲛⲟⲩϩⲣⲉ"/>
		<feat xlink:href="#sSpan134" value="ⲁⲛ"/>
		<feat xlink:href="#sSpan138" value="."/>
		<feat xlink:href="#sSpan142" value="ⲛⲉⲙⲡⲁⲧⲉⲧⲛⲉϣϭⲙϭⲟⲙ"/>
		<feat xlink:href="#sSpan156" value="ⲅⲁⲣ"/>
		<feat xlink:href="#sSpan160" value="ⲡⲉ"/>
		<feat xlink:href="#sSpan164" value="."/>
		<feat xlink:href="#sSpan169" value="ⲁⲗⲗⲁ"/>
		<feat xlink:href="#sSpan173" value="ⲧⲉⲛⲟⲩ"/>
		<feat xlink:href="#sSpan177" value="ⲟⲛ"/>
		<feat xlink:href="#sSpan181" value="ⲉⲙⲡⲁⲧⲉⲧⲛⲉϣϭⲙϭⲟⲙ"/>
		<feat xlink:href="#sSpan193" value="."/>
		<feat xlink:href="#sSpan198" value="ⲉⲧⲓ"/>
		<feat xlink:href="#sSpan209" value="ⲅⲁⲣ"/>
		<feat xlink:href="#sSpan213" value="ⲛⲧⲉⲧⲛ"/>
		<feat xlink:href="#sSpan218" value="ϩⲉⲛⲥⲁⲣⲕⲓⲕⲟⲥ"/>
		<feat xlink:href="#sSpan226" value="ϩⲟⲡⲟⲩ"/>
		<feat xlink:href="#sSpan231" value="ⲅⲁⲣ"/>
		<feat xlink:href="#sSpan236" value="ⲟⲩⲛⲕⲱϩ"/>
		<feat xlink:href="#sSpan243" value="ϩⲓϯⲧⲱⲛ"/>
		<feat xlink:href="#sSpan252" value="ⲛϩⲏⲧⲧⲏⲩⲧⲛ"/>
		<feat xlink:href="#sSpan258" value="."/>
		<feat xlink:href="#sSpan262" value="ⲙⲏ"/>
		<feat xlink:href="#sSpan266" value="ⲛⲧⲉⲧⲛ"/>
		<feat xlink:href="#sSpan271" value="ϩⲉⲛⲥⲁⲣⲕⲓⲕⲟⲥ"/>
		<feat xlink:href="#sSpan278" value="ⲁⲛ"/>
		<feat xlink:href="#sSpan282" value="."/>
		<feat xlink:href="#sSpan286" value="ⲁⲩⲱ"/>
		<feat xlink:href="#sSpan290" value="ⲉⲧⲉⲧⲛⲙⲟⲟϣⲉ"/>
		<feat xlink:href="#sSpan299" value="ⲕⲁⲧⲁⲣⲱⲙⲉ"/>
		<feat xlink:href="#sSpan305" value="."/>
		<feat xlink:href="#sSpan310" value="ϩⲟⲧⲁⲛ"/>
		<feat xlink:href="#sSpan321" value="ⲅⲁⲣ"/>
		<feat xlink:href="#sSpan325" value="ⲉⲣϣⲁⲛⲟⲩⲁ"/>
		<feat xlink:href="#sSpan332" value="ϫⲟⲟⲥ"/>
		<feat xlink:href="#sSpan338" value="ϫⲉⲁⲛⲟⲕ"/>
		<feat xlink:href="#sSpan345" value="ⲙⲉⲛ"/>
		<feat xlink:href="#sSpan349" value="ⲁⲛⲅⲡⲁⲡⲁⲩⲗⲟⲥ"/>
		<feat xlink:href="#sSpan360" value="."/>
		<feat xlink:href="#sSpan364" value="ⲕⲉⲟⲩⲁ"/>
		<feat xlink:href="#sSpan372" value="ⲇⲉ"/>
		<feat xlink:href="#sSpan376" value="ϫⲉⲁⲛⲅⲡⲁⲁⲡⲟⲗⲗⲱ"/>
		<feat xlink:href="#sSpan389" value="."/>
		<feat xlink:href="#sSpan393" value="ⲙⲏ"/>
		<feat xlink:href="#sSpan397" value="ⲛⲧⲉⲧⲛ"/>
		<feat xlink:href="#sSpan402" value="ϩⲉⲛⲣⲱⲙⲉ"/>
		<feat xlink:href="#sSpan408" value="ⲁⲛ"/>
		<feat xlink:href="#sSpan412" value="."/>
		<feat xlink:href="#sSpan416" value="ⲟⲩ"/>
		<feat xlink:href="#sSpan426" value="ϭⲉ"/>
		<feat xlink:href="#sSpan430" value="ⲡⲉ"/>
		<feat xlink:href="#sSpan436" value="ⲁⲡⲟⲗⲗⲱ"/>
		<feat xlink:href="#sSpan440" value="ⲟⲩ"/>
		<feat xlink:href="#sSpan445" value="ⲇⲉ"/>
		<feat xlink:href="#sSpan449" value="ⲡⲉ"/>
		<feat xlink:href="#sSpan455" value="ⲡⲁⲩⲗⲟⲥ"/>
		<feat xlink:href="#sSpan460" value="ⲁⲗⲗⲁ"/>
		<feat xlink:href="#sSpan465" value="ϩⲉⲛⲇⲓⲁⲕⲱⲛ"/>
		<feat xlink:href="#sSpan472" value="ⲛⲉ"/>
		<feat xlink:href="#sSpan476" value="ⲉⲁⲧⲉⲧⲛⲡⲓⲥⲧⲉⲩⲉ"/>
		<feat xlink:href="#sSpan487" value="ⲉⲃⲟⲗ"/>
		<feat xlink:href="#sSpan492" value="ϩⲓⲧⲟⲟⲧⲟⲩ"/>
		<feat xlink:href="#sSpan498" value="ⲁⲩⲱ"/>
		<feat xlink:href="#sSpan502" value="ⲡⲟⲩⲁ"/>
		<feat xlink:href="#sSpan509" value="ⲡⲟⲩⲁ"/>
		<feat xlink:href="#sSpan515" value="ⲛⲧϩⲉ"/>
		<feat xlink:href="#sSpan523" value="ⲉⲛⲧⲁⲡϫⲟⲉⲓⲥ"/>
		<feat xlink:href="#sSpan534" value="ϯ"/>
		<feat xlink:href="#sSpan538" value="ⲛⲁϥ"/>
		<feat xlink:href="#sSpan544" value="."/>
		<feat xlink:href="#sSpan548" value="ⲁⲛⲟⲕ"/>
		<feat xlink:href="#sSpan557" value="ⲁⲓⲧⲱϭⲉ"/>
		<feat xlink:href="#sSpan567" value="ⲁⲡⲟⲗⲗⲱ"/>
		<feat xlink:href="#sSpan571" value="ⲡⲉⲛⲧⲁϥⲧⲥⲟ"/>
		<feat xlink:href="#sSpan583" value="."/>
		<feat xlink:href="#sSpan588" value="ⲁⲗⲗⲁ"/>
		<feat xlink:href="#sSpan593" value="ⲡⲛⲟⲩⲧⲉ"/>
		<feat xlink:href="#sSpan599" value="ⲡⲉⲛⲧⲁϥⲁⲩⲝⲁⲛⲉ"/>
		<feat xlink:href="#sSpan612" value="."/>
		<feat xlink:href="#sSpan617" value="ϩⲱⲥⲧⲉ"/>
		<feat xlink:href="#sSpan626" value="ϭⲉ"/>
		<feat xlink:href="#sSpan630" value="ⲙⲡⲁⲡⲉⲧⲧⲱϭⲉ"/>
		<feat xlink:href="#sSpan644" value="ⲁⲛ"/>
		<feat xlink:href="#sSpan648" value="ⲡⲉ"/>
		<feat xlink:href="#sSpan653" value="ⲟⲩⲇⲉ"/>
		<feat xlink:href="#sSpan657" value="ⲙⲡⲁⲡⲉⲧⲧⲥⲟ"/>
		<feat xlink:href="#sSpan671" value="ⲁⲛ"/>
		<feat xlink:href="#sSpan675" value="ⲡⲉ"/>
		<feat xlink:href="#sSpan679" value="."/>
		<feat xlink:href="#sSpan684" value="ⲁⲗⲗⲁ"/>
		<feat xlink:href="#sSpan689" value="ⲡⲛⲟⲩⲧⲉ"/>
		<feat xlink:href="#sSpan695" value="ⲡⲉ"/>
		<feat xlink:href="#sSpan699" value="ⲉⲧⲁⲩⲝⲁⲛⲉ"/>
		<feat xlink:href="#sSpan706" value="."/>
		<feat xlink:href="#sSpan711" value="ⲡⲉⲧⲧⲱϭⲉ"/>
		<feat xlink:href="#sSpan725" value="ⲇⲉ"/>
		<feat xlink:href="#sSpan729" value="ⲙⲛⲡⲉⲧⲧⲥⲟ"/>
		<feat xlink:href="#sSpan741" value="ⲟⲩⲁ"/>
		<feat xlink:href="#sSpan745" value="ⲛⲉ"/>
		<feat xlink:href="#sSpan749" value="."/>
		<feat xlink:href="#sSpan753" value="ⲡⲟⲩⲁ"/>
		<feat xlink:href="#sSpan761" value="ⲇⲉ"/>
		<feat xlink:href="#sSpan765" value="ⲡⲟⲩⲁⲛⲁϫⲓ"/>
		<feat xlink:href="#sSpan775" value="ⲙⲡⲉϥⲃⲉⲕⲉ"/>
		<feat xlink:href="#sSpan785" value="ⲕⲁⲧⲁⲡⲉϥϩⲓⲥⲉ"/>
		<feat xlink:href="#sSpan794" value="."/>
		<feat xlink:href="#sSpan798" value="ⲁⲛⲟⲛ"/>
		<feat xlink:href="#sSpan807" value="ϩⲉⲛϣⲃⲣⲣϩⲱⲃ"/>
		<feat xlink:href="#sSpan818" value="ⲅⲁⲣ"/>
		<feat xlink:href="#sSpan822" value="ⲛⲧⲉⲡⲛⲟⲩⲧⲉ"/>
		<feat xlink:href="#sSpan831" value="ⲟⲩⲙⲁ"/>
		<feat xlink:href="#sSpan838" value="ⲛⲟⲩⲟⲉⲓⲉ"/>
		<feat xlink:href="#sSpan844" value="ⲛⲧⲉⲡⲛⲟⲩⲧⲉ"/>
		<feat xlink:href="#sSpan853" value="ⲡⲉ"/>
		<feat xlink:href="#sSpan857" value="."/>
		<feat xlink:href="#sSpan861" value="ⲛⲧⲉⲧⲛⲟⲩⲕⲱⲧ"/>
		<feat xlink:href="#sSpan870" value="ⲛⲧⲉⲡⲛⲟⲩⲧⲉ"/>
		<feat xlink:href="#sSpan879" value="."/>
		<feat xlink:href="#sSpan884" value="ⲕⲁⲧⲁⲡⲉϩⲙⲟⲧ"/>
		<feat xlink:href="#sSpan899" value="ⲛⲧⲉⲡⲛⲟⲩⲧⲉ"/>
		<feat xlink:href="#sSpan908" value="ⲉⲛⲧⲁⲩⲧⲁⲁϥ"/>
		<feat xlink:href="#sSpan920" value="ⲛⲁⲓ"/>
		<feat xlink:href="#sSpan927" value="ϩⲱⲥ"/>
		<feat xlink:href="#sSpan932" value="ⲥⲟⲫⲟⲥ"/>
		<feat xlink:href="#sSpan937" value="ⲛⲁⲣⲭⲓⲧⲉⲕⲧⲱⲛ"/>
		<feat xlink:href="#sSpan944" value="."/>
		<feat xlink:href="#sSpan948" value="ⲁⲓⲕⲱ"/>
		<feat xlink:href="#sSpan957" value="ⲉϩⲣⲁⲓ"/>
		<feat xlink:href="#sSpan961" value="ⲛⲧⲥⲛⲧⲉ"/>
		<feat xlink:href="#sSpan970" value="ⲟⲩⲛϭⲉ"/>
		<feat xlink:href="#sSpan978" value="ⲇⲉ"/>
		<feat xlink:href="#sSpan982" value="ⲕⲱⲧ"/>
		<feat xlink:href="#sSpan986" value="ⲉϫⲱⲥ"/>
		<feat xlink:href="#sSpan992" value="."/>
		<feat xlink:href="#sSpan996" value="ⲡⲟⲩⲁ"/>
		<feat xlink:href="#sSpan1004" value="ⲇⲉ"/>
		<feat xlink:href="#sSpan1008" value="ⲡⲟⲩⲁ"/>
		<feat xlink:href="#sSpan1014" value="ⲙⲁⲣⲉϥϭⲱϣⲧ"/>
		<feat xlink:href="#sSpan1022" value="ϫⲉⲉϥⲕⲱⲧ"/>
		<feat xlink:href="#sSpan1032" value="ⲛⲁϣ"/>
		<feat xlink:href="#sSpan1038" value="ⲛϩⲉ"/>
		<feat xlink:href="#sSpan1044" value="."/>
		<feat xlink:href="#sSpan1048" value="ⲙⲛϭⲟⲙ"/>
		<feat xlink:href="#sSpan1061" value="ⲅⲁⲣ"/>
		<feat xlink:href="#sSpan1066" value="ⲛⲗⲁⲁⲩ"/>
		<feat xlink:href="#sSpan1072" value="ⲉⲕⲁⲕⲉⲥⲛⲧⲉ"/>
		<feat xlink:href="#sSpan1083" value="ⲉϩⲣⲁⲓ"/>
		<feat xlink:href="#sSpan1088" value="ⲡⲁⲣⲁⲧⲉⲧⲕⲏ"/>
		<feat xlink:href="#sSpan1099" value="ⲉϩⲣⲁⲓ"/>
		<feat xlink:href="#sSpan1103" value="ⲉⲧⲉⲡⲁⲓ"/>
		<feat xlink:href="#sSpan1109" value="ⲡⲉ"/>
		<feat xlink:href="#sSpan1114" value="ⲓⲏⲥⲟⲩⲥ"/>
		<feat xlink:href="#sSpan1119" value="ⲡⲉⲭⲣⲓⲥⲧⲟⲥ"/>
		<feat xlink:href="#sSpan1126" value="."/>
		<feat xlink:href="#sSpan1130" value="ⲉϣϫⲉⲟⲩⲛⲟⲩⲁ"/>
		<feat xlink:href="#sSpan1147" value="ⲇⲉ"/>
		<feat xlink:href="#sSpan1151" value="ⲛⲁⲕⲱⲧ"/>
		<feat xlink:href="#sSpan1157" value="ⲉϫⲛⲧⲉⲓⲥⲛⲧⲉ"/>
		<feat xlink:href="#sSpan1167" value="ⲟⲩⲛⲟⲩⲃ"/>
		<feat xlink:href="#sSpan1174" value="ⲟⲩϩⲁⲧ"/>
		<feat xlink:href="#sSpan1180" value="ϩⲉⲛⲉⲛⲉ"/>
		<feat xlink:href="#sSpan1187" value="ⲙⲙⲉ"/>
		<feat xlink:href="#sSpan1194" value="ϩⲉⲛϣⲉ"/>
		<feat xlink:href="#sSpan1201" value="ⲟⲩⲭⲟⲣⲧⲟⲥ"/>
		<feat xlink:href="#sSpan1209" value="ⲟⲩⲣⲟⲟⲩⲉ"/>
		<feat xlink:href="#sSpan1215" value="."/>
		<feat xlink:href="#sSpan1219" value="ⲡϩⲱⲃ"/>
		<feat xlink:href="#sSpan1232" value="ⲙⲡⲟⲩⲁ"/>
		<feat xlink:href="#sSpan1241" value="ⲡⲟⲩⲁ"/>
		<feat xlink:href="#sSpan1247" value="ⲛⲁⲟⲩⲱⲛϩ"/>
		<feat xlink:href="#sSpan1254" value="ⲉⲃⲟⲗ"/>
		<feat xlink:href="#sSpan1259" value="ⲡⲉϩⲟⲟⲩ"/>
		<feat xlink:href="#sSpan1266" value="ⲅⲁⲣ"/>
		<feat xlink:href="#sSpan1270" value="ⲛⲁⲟⲩⲟⲛϩϥ"/>
		<feat xlink:href="#sSpan1278" value="ⲉⲃⲟⲗ"/>
		<feat xlink:href="#sSpan1283" value="ϫⲉⲉϥⲛⲁϭⲱⲗⲡ"/>
		<feat xlink:href="#sSpan1296" value="ⲉⲃⲟⲗ"/>
		<feat xlink:href="#sSpan1300" value="ϩⲛⲧⲥⲁⲧⲉ"/>
		<feat xlink:href="#sSpan1309" value="ⲁⲩⲱ"/>
		<feat xlink:href="#sSpan1313" value="ⲡϩⲱⲃ"/>
		<feat xlink:href="#sSpan1320" value="ⲙⲡⲟⲩⲁ"/>
		<feat xlink:href="#sSpan1329" value="ⲡⲟⲩⲁ"/>
		<feat xlink:href="#sSpan1335" value="ⲛⲧϩⲉ"/>
		<feat xlink:href="#sSpan1343" value="ⲉⲧϥⲟ"/>
		<feat xlink:href="#sSpan1351" value="ⲙⲙⲟⲥ"/>
		<feat xlink:href="#sSpan1357" value="ⲡⲕⲱϩⲧ"/>
		<feat xlink:href="#sSpan1364" value="ⲡⲉⲧⲛⲁⲇⲟⲕⲓⲙⲁⲍⲉ"/>
		<feat xlink:href="#sSpan1375" value="ⲙⲙⲟϥ"/>
		<feat xlink:href="#sSpan1381" value="."/>
		<feat xlink:href="#sSpan1385" value="ⲡⲉⲧⲉⲣⲉⲡⲉϥϩⲱⲃ"/>
		<feat xlink:href="#sSpan1402" value="ⲛⲁϭⲱ"/>
		<feat xlink:href="#sSpan1408" value="ⲡⲁⲓ"/>
		<feat xlink:href="#sSpan1413" value="ⲉⲛⲧⲁϥⲕⲟⲧϥ"/>
		<feat xlink:href="#sSpan1425" value="ϥⲛⲁϫⲓ"/>
		<feat xlink:href="#sSpan1433" value="ⲛⲟⲩⲃⲉⲕⲉ"/>
		<feat xlink:href="#sSpan1442" value="."/>
		<feat xlink:href="#sSpan1446" value="ⲡⲉⲧⲉⲣⲉⲡⲉϥϩⲱⲃ"/>
		<feat xlink:href="#sSpan1463" value="ⲛⲁⲣⲱⲕϩ"/>
		<feat xlink:href="#sSpan1469" value="ϥⲛⲁϯⲟⲥⲉ"/>
		<feat xlink:href="#sSpan1479" value="."/>
		<feat xlink:href="#sSpan1483" value="ⲛⲧⲟϥ"/>
		<feat xlink:href="#sSpan1488" value="ⲇⲉ"/>
		<feat xlink:href="#sSpan1492" value="ϥⲛⲁⲟⲩϫⲁⲓ"/>
		<feat xlink:href="#sSpan1500" value="."/>
		<feat xlink:href="#sSpan1504" value="ⲛⲧⲉⲓϩⲉ"/>
		<feat xlink:href="#sSpan1513" value="ⲇⲉ"/>
		<feat xlink:href="#sSpan1518" value="ϩⲱⲥ"/>
		<feat xlink:href="#sSpan1522" value="ⲉⲃⲟⲗ"/>
		<feat xlink:href="#sSpan1526" value="ϩⲓⲧⲙⲡⲕⲱϩⲧ"/>
		<feat xlink:href="#sSpan1535" value="."/>
		<feat xlink:href="#sSpan1539" value="ⲛⲧⲉⲧⲛⲥⲟⲟⲩⲛ"/>
		<feat xlink:href="#sSpan1553" value="ⲁⲛ"/>
		<feat xlink:href="#sSpan1557" value="ϫⲉⲛⲧⲉⲧⲛⲡⲣⲡⲉ"/>
		<feat xlink:href="#sSpan1568" value="ⲙⲡⲛⲟⲩⲧⲉ"/>
		<feat xlink:href="#sSpan1577" value="."/>
		<feat xlink:href="#sSpan1581" value="ⲁⲩⲱ"/>
		<feat xlink:href="#sSpan1585" value="ⲡⲉⲡⲛⲉⲩⲙⲁ"/>
		<feat xlink:href="#sSpan1593" value="ⲙⲡⲛⲟⲩⲧⲉ"/>
		<feat xlink:href="#sSpan1602" value="ⲟⲩⲏϩ"/>
		<feat xlink:href="#sSpan1606" value="ⲛϩⲏⲧⲧⲏⲩⲧⲛ"/>
		<feat xlink:href="#sSpan1612" value="."/>
		<feat xlink:href="#sSpan1616" value="ⲡⲉⲧⲛⲁⲥⲱⲱϥ"/>
		<feat xlink:href="#sSpan1632" value="ⲙⲡⲣⲡⲉ"/>
		<feat xlink:href="#sSpan1641" value="ⲙⲡⲛⲟⲩⲧⲉ"/>
		<feat xlink:href="#sSpan1651" value="ⲡⲁⲓ"/>
		<feat xlink:href="#sSpan1656" value="ⲡⲛⲟⲩⲧⲉ"/>
		<feat xlink:href="#sSpan1662" value="ⲛⲁⲧⲁⲕⲟϥ"/>
		<feat xlink:href="#sSpan1670" value="ⲡⲣⲡⲉ"/>
		<feat xlink:href="#sSpan1678" value="ⲅⲁⲣ"/>
		<feat xlink:href="#sSpan1682" value="ⲙⲡⲛⲟⲩⲧⲉ"/>
		<feat xlink:href="#sSpan1691" value="ⲟⲩⲁⲁⲃ"/>
		<feat xlink:href="#sSpan1695" value="ⲉⲧⲉⲛⲧⲱⲧⲛ"/>
		<feat xlink:href="#sSpan1701" value="ⲡⲉ"/>
		<feat xlink:href="#sSpan1705" value="."/>
		<feat xlink:href="#sSpan1709" value="ⲙⲡⲣⲧⲣⲉⲗⲁⲁⲩ"/>
		<feat xlink:href="#sSpan1722" value="ⲉⲝⲁⲡⲁⲧⲁ"/>
		<feat xlink:href="#sSpan1726" value="ⲙⲙⲟϥ"/>
		<feat xlink:href="#sSpan1732" value="."/>
		<feat xlink:href="#sSpan1737" value="ⲡⲉⲧϫⲱ"/>
		<feat xlink:href="#sSpan1745" value="ⲙⲙⲟⲥ"/>
		<feat xlink:href="#sSpan1751" value="ϫⲉⲁⲛⲅⲟⲩⲥⲟⲫⲟⲥ"/>
		<feat xlink:href="#sSpan1763" value="ⲛϩⲏⲧⲧⲏⲩⲧⲛ"/>
		<feat xlink:href="#sSpan1769" value="ⲙⲁⲣⲉϥⲣⲥⲟϭ"/>
		<feat xlink:href="#sSpan1779" value="ϩⲙⲡⲉⲓⲁⲓⲱⲛ"/>
		<feat xlink:href="#sSpan1789" value="ϫⲉⲕⲁⲁⲥ"/>
		<feat xlink:href="#sSpan1793" value="ⲉϥⲉϣⲱⲡⲉ"/>
		<feat xlink:href="#sSpan1799" value="ⲛⲥⲟⲫⲟⲥ"/>
		<feat xlink:href="#sSpan1807" value="."/>
		<feat xlink:href="#sSpan1811" value="ⲧⲥⲟⲫⲓⲁ"/>
		<feat xlink:href="#sSpan1825" value="ⲅⲁⲣ"/>
		<feat xlink:href="#sSpan1829" value="ⲙⲡⲉⲓⲕⲟⲥⲙⲟⲥ"/>
		<feat xlink:href="#sSpan1840" value="ⲟⲩⲙⲛⲧⲥⲟϭ"/>
		<feat xlink:href="#sSpan1848" value="ⲧⲉ"/>
		<feat xlink:href="#sSpan1852" value="ⲛⲛⲁϩⲣⲙⲡⲛⲟⲩⲧⲉ"/>
		<feat xlink:href="#sSpan1861" value="."/>
		<feat xlink:href="#sSpan1865" value="ϥⲥⲏϩ"/>
		<feat xlink:href="#sSpan1872" value="ⲅⲁⲣ"/>
		<feat xlink:href="#sSpan1876" value="ϫⲉⲡⲉⲧϭⲱⲡⲉ"/>
		<feat xlink:href="#sSpan1887" value="ⲛⲛⲥⲟⲫⲟⲥ"/>
		<feat xlink:href="#sSpan1897" value="ϩⲛ"/>
		<feat xlink:href="#sSpan1902" value="ⲛⲉⲩⲕⲟⲧⲥ"/>
		<feat xlink:href="#sSpan1908" value="."/>
		<feat xlink:href="#sSpan1912" value="ⲁⲩⲱ"/>
		<feat xlink:href="#sSpan1921" value="ⲟⲛ"/>
		<feat xlink:href="#sSpan1925" value="ϫⲉⲡϫⲟⲉⲓⲥ"/>
		<feat xlink:href="#sSpan1934" value="ⲥⲟⲟⲩⲛ"/>
		<feat xlink:href="#sSpan1938" value="ⲛⲙⲙⲟⲕⲙⲉⲕ"/>
		<feat xlink:href="#sSpan1947" value="ⲛⲛⲥⲟⲫⲟⲥ"/>
		<feat xlink:href="#sSpan1957" value="ϫⲉ"/>
		<feat xlink:href="#sSpan1961" value="ⲥⲉϣⲟⲩⲉⲓⲧ"/>
		<feat xlink:href="#sSpan1968" value="ϩⲱⲥⲧⲉ"/>
		<feat xlink:href="#sSpan1977" value="ⲙⲡⲣⲧⲣⲉⲗⲁⲁⲩ"/>
		<feat xlink:href="#sSpan1984" value="ϣⲟⲩϣⲟⲩ"/>
		<feat xlink:href="#sSpan1988" value="ⲙⲙⲟϥ"/>
		<feat xlink:href="#sSpan1994" value="ϩⲛⲛⲣⲱⲙⲉ"/>
		<feat xlink:href="#sSpan2003" value="ⲡⲧⲏⲣϥ"/>
		<feat xlink:href="#sSpan2018" value="ⲅⲁⲣ"/>
		<feat xlink:href="#sSpan2022" value="ⲡⲱⲧⲛ"/>
		<feat xlink:href="#sSpan2026" value="ⲡⲉ"/>
		<feat xlink:href="#sSpan2031" value="ⲉⲓⲧⲉ"/>
		<feat xlink:href="#sSpan2037" value="ⲡⲁⲩⲗⲟⲥ"/>
		<feat xlink:href="#sSpan2042" value="ⲉⲓⲧⲉ"/>
		<feat xlink:href="#sSpan2048" value="ⲁⲡⲟⲗⲗⲱ"/>
		<feat xlink:href="#sSpan2053" value="ⲉⲓⲧⲉ"/>
		<feat xlink:href="#sSpan2059" value="ⲕⲏⲫⲁⲥ"/>
		<feat xlink:href="#sSpan2064" value="ⲉⲓⲧⲉ"/>
		<feat xlink:href="#sSpan2070" value="ⲕⲟⲥⲙⲟⲥ"/>
		<feat xlink:href="#sSpan2075" value="ⲉⲓⲧⲉ"/>
		<feat xlink:href="#sSpan2080" value="ⲱⲛϩ"/>
		<feat xlink:href="#sSpan2085" value="ⲉⲓⲧⲉ"/>
		<feat xlink:href="#sSpan2090" value="ⲙⲟⲩ"/>
		<feat xlink:href="#sSpan2095" value="ⲉⲓⲧⲉ"/>
		<feat xlink:href="#sSpan2100" value="ⲛⲉⲧϣⲟⲟⲡ"/>
		<feat xlink:href="#sSpan2109" value="ⲉⲓⲧⲉ"/>
		<feat xlink:href="#sSpan2114" value="ⲛⲉⲧⲛⲁϣⲱⲡⲉ"/>
		<feat xlink:href="#sSpan2124" value="ⲡⲧⲏⲣϥ"/>
		<feat xlink:href="#sSpan2132" value="ⲡⲱⲧⲛ"/>
		<feat xlink:href="#sSpan2136" value="ⲡⲉ"/>
		<feat xlink:href="#sSpan2140" value="."/>
		<feat xlink:href="#sSpan2144" value="ⲛⲧⲱⲧⲛ"/>
		<feat xlink:href="#sSpan2154" value="ⲇⲉ"/>
		<feat xlink:href="#sSpan2158" value="ⲛⲧⲉⲧⲛ"/>
		<feat xlink:href="#sSpan2163" value="ⲛⲁⲡⲉⲭⲣⲓⲥⲧⲟⲥ"/>
		<feat xlink:href="#sSpan2173" value="."/>
		<feat xlink:href="#sSpan2178" value="ⲡⲉⲭⲣⲓⲥⲧⲟⲥ"/>
		<feat xlink:href="#sSpan2186" value="ⲇⲉ"/>
		<feat xlink:href="#sSpan2191" value="ⲡⲁⲡⲛⲟⲩⲧⲉ"/>
		<feat xlink:href="#sSpan2200" value="ⲡⲉ"/>
		<feat xlink:href="#sSpan2204" value="."/></featList></paula>