<?xml version='1.0' encoding='UTF-8'?><!DOCTYPE paula SYSTEM "paula_feat.dtd">
<paula version="1.1">
	<header paula_id="scriptorium.1Cor_03.mark_multiword"/>
	<featList xmlns:xlink="http://www.w3.org/1999/xlink" type="multiword" xml:base="scriptorium.1Cor_03.mark.xml">
		<feat xlink:href="#sSpan474" value="ⲉ ⲁ"/>
		<feat xlink:href="#sSpan488" value="ⲉⲃⲟⲗ ϩⲓⲧⲟⲟⲧ"/>
		<feat xlink:href="#sSpan953" value="ⲕⲱ ⲉϩⲣⲁⲓ"/>
		<feat xlink:href="#sSpan1250" value="ⲟⲩⲱⲛϩ ⲉⲃⲟⲗ"/>
		<feat xlink:href="#sSpan1279" value="ⲉⲃⲟⲗ ϫⲉ"/>
		<feat xlink:href="#sSpan1292" value="ϭⲱⲗⲡ ⲉⲃⲟⲗ"/></featList></paula>