<?xml version='1.0' encoding='UTF-8'?><!DOCTYPE paula SYSTEM "paula_feat.dtd">
<paula version="1.1">
	<header paula_id="scriptorium.1Cor_03.dep_func"/>
	<featList xmlns:xlink="http://www.w3.org/1999/xlink" type="func" xml:base="scriptorium.1Cor_03.dep.xml">
		<feat xlink:href="#sPointingRel1" value="mark"/>
		<feat xlink:href="#sPointingRel3" value="mark"/>
		<feat xlink:href="#sPointingRel5" value="conj"/>
		<feat xlink:href="#sPointingRel7" value="advmod"/>
		<feat xlink:href="#sPointingRel9" value="acl:relcl"/>
		<feat xlink:href="#sPointingRel11" value="case"/>
		<feat xlink:href="#sPointingRel13" value="nsubj"/>
		<feat xlink:href="#sPointingRel15" value="advcl"/>
		<feat xlink:href="#sPointingRel17" value="advmod"/>
		<feat xlink:href="#sPointingRel19" value="nsubj"/>
		<feat xlink:href="#sPointingRel21" value="case"/>
		<feat xlink:href="#sPointingRel23" value="advmod"/>
		<feat xlink:href="#sPointingRel25" value="mark"/>
		<feat xlink:href="#sPointingRel27" value="case"/>
		<feat xlink:href="#sPointingRel29" value="mark"/>
		<feat xlink:href="#sPointingRel31" value="conj"/>
		<feat xlink:href="#sPointingRel33" value="det"/>
		<feat xlink:href="#sPointingRel35" value="mark"/>
		<feat xlink:href="#sPointingRel37" value="xcomp"/>
		<feat xlink:href="#sPointingRel39" value="case"/>
		<feat xlink:href="#sPointingRel41" value="nmod:poss"/>
		<feat xlink:href="#sPointingRel43" value="obj"/>
		<feat xlink:href="#sPointingRel45" value="punct"/>
		<feat xlink:href="#sPointingRel47" value="punct"/>
		<feat xlink:href="#sPointingRel49" value="conj"/>
		<feat xlink:href="#sPointingRel51" value="punct"/>
		<feat xlink:href="#sPointingRel53" value="advmod"/>
		<feat xlink:href="#sPointingRel55" value="advmod"/>
		<feat xlink:href="#sPointingRel57" value="mark"/>
		<feat xlink:href="#sPointingRel59" value="nsubj"/>
		<feat xlink:href="#sPointingRel61" value="conj"/>
		<feat xlink:href="#sPointingRel63" value="conj"/>
		<feat xlink:href="#sPointingRel65" value="dislocated"/>
		<feat xlink:href="#sPointingRel67" value="cop"/>
		<feat xlink:href="#sPointingRel69" value="nsubj"/>
		<feat xlink:href="#sPointingRel71" value="case"/>
		<feat xlink:href="#sPointingRel73" value="nmod:unmarked"/>
		<feat xlink:href="#sPointingRel75" value="conj"/>
		<feat xlink:href="#sPointingRel77" value="mark"/>
		<feat xlink:href="#sPointingRel79" value="acl:relcl"/>
		<feat xlink:href="#sPointingRel81" value="nmod:poss"/>
		<feat xlink:href="#sPointingRel83" value="aux"/>
		<feat xlink:href="#sPointingRel85" value="det"/>
		<feat xlink:href="#sPointingRel87" value="mark"/>
		<feat xlink:href="#sPointingRel89" value="conj"/>
		<feat xlink:href="#sPointingRel91" value="det"/>
		<feat xlink:href="#sPointingRel93" value="nsubj"/>
		<feat xlink:href="#sPointingRel95" value="nmod"/>
		<feat xlink:href="#sPointingRel97" value="det"/>
		<feat xlink:href="#sPointingRel99" value="advmod"/>
		<feat xlink:href="#sPointingRel101" value="nsubj"/>
		<feat xlink:href="#sPointingRel103" value="conj"/>
		<feat xlink:href="#sPointingRel105" value="mark"/>
		<feat xlink:href="#sPointingRel107" value="cop"/>
		<feat xlink:href="#sPointingRel109" value="mark"/>
		<feat xlink:href="#sPointingRel111" value="obl"/>
		<feat xlink:href="#sPointingRel113" value="case"/>
		<feat xlink:href="#sPointingRel115" value="cc"/>
		<feat xlink:href="#sPointingRel117" value="nsubj"/>
		<feat xlink:href="#sPointingRel119" value="xcomp"/>
		<feat xlink:href="#sPointingRel121" value="aux"/>
		<feat xlink:href="#sPointingRel123" value="det"/>
		<feat xlink:href="#sPointingRel125" value="punct"/>
		<feat xlink:href="#sPointingRel127" value="nsubj"/>
		<feat xlink:href="#sPointingRel129" value="acl:relcl"/>
		<feat xlink:href="#sPointingRel131" value="nsubj"/>
		<feat xlink:href="#sPointingRel133" value="punct"/>
		<feat xlink:href="#sPointingRel135" value="cop"/>
		<feat xlink:href="#sPointingRel137" value="case"/>
		<feat xlink:href="#sPointingRel139" value="obl"/>
		<feat xlink:href="#sPointingRel141" value="det"/>
		<feat xlink:href="#sPointingRel143" value="det"/>
		<feat xlink:href="#sPointingRel145" value="nmod"/>
		<feat xlink:href="#sPointingRel147" value="conj"/>
		<feat xlink:href="#sPointingRel149" value="parataxis"/>
		<feat xlink:href="#sPointingRel151" value="dislocated"/>
		<feat xlink:href="#sPointingRel153" value="mark"/>
		<feat xlink:href="#sPointingRel155" value="dislocated"/>
		<feat xlink:href="#sPointingRel157" value="nsubj"/>
		<feat xlink:href="#sPointingRel159" value="nsubj"/>
		<feat xlink:href="#sPointingRel161" value="obj"/>
		<feat xlink:href="#sPointingRel163" value="punct"/>
		<feat xlink:href="#sPointingRel165" value="advmod"/>
		<feat xlink:href="#sPointingRel167" value="ccomp"/>
		<feat xlink:href="#sPointingRel169" value="iobj"/>
		<feat xlink:href="#sPointingRel171" value="mark"/>
		<feat xlink:href="#sPointingRel173" value="aux"/>
		<feat xlink:href="#sPointingRel175" value="mark"/>
		<feat xlink:href="#sPointingRel177" value="aux"/>
		<feat xlink:href="#sPointingRel179" value="nsubj"/>
		<feat xlink:href="#sPointingRel181" value="mark"/>
		<feat xlink:href="#sPointingRel183" value="conj"/>
		<feat xlink:href="#sPointingRel185" value="punct"/>
		<feat xlink:href="#sPointingRel187" value="nsubj"/>
		<feat xlink:href="#sPointingRel189" value="conj"/>
		<feat xlink:href="#sPointingRel191" value="nsubj"/>
		<feat xlink:href="#sPointingRel193" value="cop"/>
		<feat xlink:href="#sPointingRel195" value="obl"/>
		<feat xlink:href="#sPointingRel197" value="aux"/>
		<feat xlink:href="#sPointingRel199" value="det"/>
		<feat xlink:href="#sPointingRel201" value="det"/>
		<feat xlink:href="#sPointingRel203" value="cc"/>
		<feat xlink:href="#sPointingRel205" value="nsubj"/>
		<feat xlink:href="#sPointingRel207" value="parataxis"/>
		<feat xlink:href="#sPointingRel209" value="advmod"/>
		<feat xlink:href="#sPointingRel211" value="punct"/>
		<feat xlink:href="#sPointingRel213" value="aux"/>
		<feat xlink:href="#sPointingRel215" value="nsubj"/>
		<feat xlink:href="#sPointingRel217" value="case"/>
		<feat xlink:href="#sPointingRel219" value="case"/>
		<feat xlink:href="#sPointingRel221" value="aux"/>
		<feat xlink:href="#sPointingRel223" value="case"/>
		<feat xlink:href="#sPointingRel225" value="nmod:unmarked"/>
		<feat xlink:href="#sPointingRel227" value="parataxis"/>
		<feat xlink:href="#sPointingRel229" value="nsubj"/>
		<feat xlink:href="#sPointingRel231" value="det"/>
		<feat xlink:href="#sPointingRel233" value="det"/>
		<feat xlink:href="#sPointingRel235" value="obl"/>
		<feat xlink:href="#sPointingRel237" value="aux"/>
		<feat xlink:href="#sPointingRel239" value="parataxis"/>
		<feat xlink:href="#sPointingRel241" value="det"/>
		<feat xlink:href="#sPointingRel243" value="det"/>
		<feat xlink:href="#sPointingRel245" value="obj"/>
		<feat xlink:href="#sPointingRel247" value="nsubj"/>
		<feat xlink:href="#sPointingRel249" value="nsubj"/>
		<feat xlink:href="#sPointingRel251" value="nsubj"/>
		<feat xlink:href="#sPointingRel253" value="case"/>
		<feat xlink:href="#sPointingRel255" value="nsubj"/>
		<feat xlink:href="#sPointingRel257" value="conj"/>
		<feat xlink:href="#sPointingRel259" value="nmod"/>
		<feat xlink:href="#sPointingRel261" value="mark"/>
		<feat xlink:href="#sPointingRel263" value="punct"/>
		<feat xlink:href="#sPointingRel265" value="det"/>
		<feat xlink:href="#sPointingRel267" value="nsubj"/>
		<feat xlink:href="#sPointingRel269" value="det"/>
		<feat xlink:href="#sPointingRel271" value="det"/>
		<feat xlink:href="#sPointingRel273" value="det"/>
		<feat xlink:href="#sPointingRel275" value="obl"/>
		<feat xlink:href="#sPointingRel277" value="conj"/>
		<feat xlink:href="#sPointingRel279" value="det"/>
		<feat xlink:href="#sPointingRel281" value="case"/>
		<feat xlink:href="#sPointingRel283" value="advcl"/>
		<feat xlink:href="#sPointingRel285" value="expl"/>
		<feat xlink:href="#sPointingRel287" value="nsubj"/>
		<feat xlink:href="#sPointingRel289" value="nsubj"/>
		<feat xlink:href="#sPointingRel291" value="acl:relcl"/>
		<feat xlink:href="#sPointingRel293" value="det"/>
		<feat xlink:href="#sPointingRel295" value="expl"/>
		<feat xlink:href="#sPointingRel297" value="obl"/>
		<feat xlink:href="#sPointingRel299" value="nsubj"/>
		<feat xlink:href="#sPointingRel301" value="punct"/>
		<feat xlink:href="#sPointingRel303" value="punct"/>
		<feat xlink:href="#sPointingRel305" value="det"/>
		<feat xlink:href="#sPointingRel307" value="punct"/>
		<feat xlink:href="#sPointingRel309" value="det"/>
		<feat xlink:href="#sPointingRel311" value="nsubj"/>
		<feat xlink:href="#sPointingRel313" value="advmod"/>
		<feat xlink:href="#sPointingRel315" value="advmod"/>
		<feat xlink:href="#sPointingRel317" value="det"/>
		<feat xlink:href="#sPointingRel319" value="cc"/>
		<feat xlink:href="#sPointingRel321" value="case"/>
		<feat xlink:href="#sPointingRel323" value="acl:relcl"/>
		<feat xlink:href="#sPointingRel325" value="obl"/>
		<feat xlink:href="#sPointingRel327" value="punct"/>
		<feat xlink:href="#sPointingRel329" value="cc"/>
		<feat xlink:href="#sPointingRel331" value="det"/>
		<feat xlink:href="#sPointingRel333" value="mark"/>
		<feat xlink:href="#sPointingRel335" value="nmod"/>
		<feat xlink:href="#sPointingRel337" value="det"/>
		<feat xlink:href="#sPointingRel339" value="cop"/>
		<feat xlink:href="#sPointingRel341" value="mark"/>
		<feat xlink:href="#sPointingRel343" value="obl"/>
		<feat xlink:href="#sPointingRel345" value="parataxis"/>
		<feat xlink:href="#sPointingRel347" value="aux"/>
		<feat xlink:href="#sPointingRel349" value="mark"/>
		<feat xlink:href="#sPointingRel351" value="det"/>
		<feat xlink:href="#sPointingRel353" value="case"/>
		<feat xlink:href="#sPointingRel355" value="dislocated"/>
		<feat xlink:href="#sPointingRel357" value="punct"/>
		<feat xlink:href="#sPointingRel359" value="case"/>
		<feat xlink:href="#sPointingRel361" value="aux"/>
		<feat xlink:href="#sPointingRel363" value="det"/>
		<feat xlink:href="#sPointingRel365" value="punct"/>
		<feat xlink:href="#sPointingRel367" value="mark"/>
		<feat xlink:href="#sPointingRel369" value="advmod"/>
		<feat xlink:href="#sPointingRel371" value="nsubj"/>
		<feat xlink:href="#sPointingRel373" value="det"/>
		<feat xlink:href="#sPointingRel375" value="det"/>
		<feat xlink:href="#sPointingRel377" value="nmod:poss"/>
		<feat xlink:href="#sPointingRel379" value="cc"/>
		<feat xlink:href="#sPointingRel381" value="conj"/>
		<feat xlink:href="#sPointingRel383" value="nmod"/>
		<feat xlink:href="#sPointingRel385" value="dislocated"/>
		<feat xlink:href="#sPointingRel387" value="det"/>
		<feat xlink:href="#sPointingRel389" value="nmod"/>
		<feat xlink:href="#sPointingRel391" value="csubj"/>
		<feat xlink:href="#sPointingRel393" value="nmod"/>
		<feat xlink:href="#sPointingRel395" value="ccomp"/>
		<feat xlink:href="#sPointingRel397" value="acl:relcl"/>
		<feat xlink:href="#sPointingRel399" value="mark"/>
		<feat xlink:href="#sPointingRel401" value="fixed"/>
		<feat xlink:href="#sPointingRel403" value="nsubj"/>
		<feat xlink:href="#sPointingRel405" value="mark"/>
		<feat xlink:href="#sPointingRel407" value="case"/>
		<feat xlink:href="#sPointingRel409" value="nmod"/>
		<feat xlink:href="#sPointingRel411" value="nmod:poss"/>
		<feat xlink:href="#sPointingRel413" value="nsubj"/>
		<feat xlink:href="#sPointingRel415" value="obj"/>
		<feat xlink:href="#sPointingRel417" value="mark"/>
		<feat xlink:href="#sPointingRel419" value="advmod"/>
		<feat xlink:href="#sPointingRel421" value="punct"/>
		<feat xlink:href="#sPointingRel423" value="mark"/>
		<feat xlink:href="#sPointingRel425" value="mark"/>
		<feat xlink:href="#sPointingRel427" value="punct"/>
		<feat xlink:href="#sPointingRel429" value="nmod:poss"/>
		<feat xlink:href="#sPointingRel431" value="mark"/>
		<feat xlink:href="#sPointingRel433" value="punct"/>
		<feat xlink:href="#sPointingRel435" value="cc"/>
		<feat xlink:href="#sPointingRel437" value="dislocated"/>
		<feat xlink:href="#sPointingRel439" value="punct"/>
		<feat xlink:href="#sPointingRel441" value="vocative"/>
		<feat xlink:href="#sPointingRel443" value="det"/>
		<feat xlink:href="#sPointingRel445" value="det"/>
		<feat xlink:href="#sPointingRel447" value="cop"/>
		<feat xlink:href="#sPointingRel449" value="nsubj"/>
		<feat xlink:href="#sPointingRel451" value="case"/>
		<feat xlink:href="#sPointingRel453" value="aux"/>
		<feat xlink:href="#sPointingRel455" value="advmod"/>
		<feat xlink:href="#sPointingRel457" value="dislocated"/>
		<feat xlink:href="#sPointingRel459" value="cc"/>
		<feat xlink:href="#sPointingRel461" value="obj"/>
		<feat xlink:href="#sPointingRel463" value="advmod"/>
		<feat xlink:href="#sPointingRel465" value="nmod:unmarked"/>
		<feat xlink:href="#sPointingRel467" value="obl"/>
		<feat xlink:href="#sPointingRel469" value="det"/>
		<feat xlink:href="#sPointingRel471" value="cc"/>
		<feat xlink:href="#sPointingRel473" value="punct"/>
		<feat xlink:href="#sPointingRel475" value="case"/>
		<feat xlink:href="#sPointingRel477" value="dislocated"/>
		<feat xlink:href="#sPointingRel479" value="mark"/>
		<feat xlink:href="#sPointingRel481" value="case"/>
		<feat xlink:href="#sPointingRel483" value="mark"/>
		<feat xlink:href="#sPointingRel485" value="advmod"/>
		<feat xlink:href="#sPointingRel487" value="advmod"/>
		<feat xlink:href="#sPointingRel489" value="advcl"/>
		<feat xlink:href="#sPointingRel491" value="aux"/>
		<feat xlink:href="#sPointingRel493" value="nmod"/>
		<feat xlink:href="#sPointingRel495" value="conj"/>
		<feat xlink:href="#sPointingRel497" value="punct"/>
		<feat xlink:href="#sPointingRel499" value="det"/>
		<feat xlink:href="#sPointingRel501" value="det"/>
		<feat xlink:href="#sPointingRel503" value="punct"/>
		<feat xlink:href="#sPointingRel505" value="appos"/>
		<feat xlink:href="#sPointingRel507" value="det"/>
		<feat xlink:href="#sPointingRel509" value="cop"/>
		<feat xlink:href="#sPointingRel511" value="mark"/>
		<feat xlink:href="#sPointingRel513" value="det"/>
		<feat xlink:href="#sPointingRel515" value="det"/>
		<feat xlink:href="#sPointingRel517" value="advmod"/>
		<feat xlink:href="#sPointingRel519" value="det"/>
		<feat xlink:href="#sPointingRel521" value="nmod"/>
		<feat xlink:href="#sPointingRel523" value="cop"/>
		<feat xlink:href="#sPointingRel525" value="case"/>
		<feat xlink:href="#sPointingRel527" value="cop"/>
		<feat xlink:href="#sPointingRel529" value="advmod"/>
		<feat xlink:href="#sPointingRel531" value="acl:relcl"/>
		<feat xlink:href="#sPointingRel533" value="nsubj"/>
		<feat xlink:href="#sPointingRel535" value="nsubj"/>
		<feat xlink:href="#sPointingRel537" value="mark"/>
		<feat xlink:href="#sPointingRel539" value="nsubj"/>
		<feat xlink:href="#sPointingRel541" value="advmod"/>
		<feat xlink:href="#sPointingRel543" value="advmod"/>
		<feat xlink:href="#sPointingRel545" value="nsubj"/>
		<feat xlink:href="#sPointingRel547" value="advmod"/>
		<feat xlink:href="#sPointingRel549" value="obj"/>
		<feat xlink:href="#sPointingRel551" value="cc"/>
		<feat xlink:href="#sPointingRel553" value="nsubj"/>
		<feat xlink:href="#sPointingRel555" value="conj"/>
		<feat xlink:href="#sPointingRel557" value="det"/>
		<feat xlink:href="#sPointingRel559" value="obj"/>
		<feat xlink:href="#sPointingRel561" value="case"/>
		<feat xlink:href="#sPointingRel563" value="punct"/>
		<feat xlink:href="#sPointingRel565" value="mark"/>
		<feat xlink:href="#sPointingRel567" value="det"/>
		<feat xlink:href="#sPointingRel569" value="nmod:poss"/>
		<feat xlink:href="#sPointingRel571" value="aux"/>
		<feat xlink:href="#sPointingRel573" value="parataxis"/>
		<feat xlink:href="#sPointingRel575" value="mark"/>
		<feat xlink:href="#sPointingRel577" value="conj"/>
		<feat xlink:href="#sPointingRel579" value="case"/>
		<feat xlink:href="#sPointingRel581" value="aux"/>
		<feat xlink:href="#sPointingRel583" value="punct"/>
		<feat xlink:href="#sPointingRel585" value="nsubj"/>
		<feat xlink:href="#sPointingRel587" value="aux"/>
		<feat xlink:href="#sPointingRel589" value="obj"/>
		<feat xlink:href="#sPointingRel591" value="mark"/>
		<feat xlink:href="#sPointingRel593" value="advcl"/>
		<feat xlink:href="#sPointingRel595" value="det"/>
		<feat xlink:href="#sPointingRel597" value="xcomp"/>
		<feat xlink:href="#sPointingRel599" value="nsubj"/>
		<feat xlink:href="#sPointingRel601" value="punct"/>
		<feat xlink:href="#sPointingRel603" value="case"/>
		<feat xlink:href="#sPointingRel605" value="mark"/>
		<feat xlink:href="#sPointingRel607" value="case"/>
		<feat xlink:href="#sPointingRel609" value="cop"/>
		<feat xlink:href="#sPointingRel611" value="det"/>
		<feat xlink:href="#sPointingRel613" value="advmod"/>
		<feat xlink:href="#sPointingRel615" value="advcl"/>
		<feat xlink:href="#sPointingRel617" value="mark"/>
		<feat xlink:href="#sPointingRel619" value="aux"/>
		<feat xlink:href="#sPointingRel621" value="aux"/>
		<feat xlink:href="#sPointingRel623" value="nsubj"/>
		<feat xlink:href="#sPointingRel625" value="nmod"/>
		<feat xlink:href="#sPointingRel627" value="advmod"/>
		<feat xlink:href="#sPointingRel629" value="acl:relcl"/>
		<feat xlink:href="#sPointingRel631" value="det"/>
		<feat xlink:href="#sPointingRel633" value="nmod"/>
		<feat xlink:href="#sPointingRel635" value="nsubj"/>
		<feat xlink:href="#sPointingRel637" value="cop"/>
		<feat xlink:href="#sPointingRel639" value="det"/>
		<feat xlink:href="#sPointingRel641" value="cc"/>
		<feat xlink:href="#sPointingRel643" value="advmod"/>
		<feat xlink:href="#sPointingRel645" value="cc"/>
		<feat xlink:href="#sPointingRel647" value="dislocated"/>
		<feat xlink:href="#sPointingRel649" value="nmod"/>
		<feat xlink:href="#sPointingRel651" value="conj"/>
		<feat xlink:href="#sPointingRel653" value="det"/>
		<feat xlink:href="#sPointingRel655" value="advcl"/>
		<feat xlink:href="#sPointingRel657" value="det"/>
		<feat xlink:href="#sPointingRel659" value="punct"/>
		<feat xlink:href="#sPointingRel661" value="obl"/>
		<feat xlink:href="#sPointingRel663" value="cop"/>
		<feat xlink:href="#sPointingRel665" value="ccomp"/>
		<feat xlink:href="#sPointingRel667" value="csubj"/>
		<feat xlink:href="#sPointingRel669" value="cc"/>
		<feat xlink:href="#sPointingRel671" value="case"/>
		<feat xlink:href="#sPointingRel673" value="nmod"/>
		<feat xlink:href="#sPointingRel675" value="conj"/>
		<feat xlink:href="#sPointingRel677" value="det"/>
		<feat xlink:href="#sPointingRel679" value="mark"/>
		<feat xlink:href="#sPointingRel681" value="case"/>
		<feat xlink:href="#sPointingRel683" value="cc"/>
		<feat xlink:href="#sPointingRel685" value="advmod"/>
		<feat xlink:href="#sPointingRel687" value="aux"/>
		<feat xlink:href="#sPointingRel689" value="parataxis"/>
		<feat xlink:href="#sPointingRel691" value="acl:relcl"/>
		<feat xlink:href="#sPointingRel693" value="mark"/>
		<feat xlink:href="#sPointingRel695" value="punct"/>
		<feat xlink:href="#sPointingRel697" value="nsubj"/>
		<feat xlink:href="#sPointingRel699" value="punct"/>
		<feat xlink:href="#sPointingRel701" value="cc"/>
		<feat xlink:href="#sPointingRel703" value="parataxis"/>
		<feat xlink:href="#sPointingRel705" value="det"/>
		<feat xlink:href="#sPointingRel707" value="nsubj"/>
		<feat xlink:href="#sPointingRel709" value="advmod"/>
		<feat xlink:href="#sPointingRel711" value="nmod"/>
		<feat xlink:href="#sPointingRel713" value="case"/>
		<feat xlink:href="#sPointingRel715" value="case"/>
		<feat xlink:href="#sPointingRel717" value="advmod"/>
		<feat xlink:href="#sPointingRel719" value="advmod"/>
		<feat xlink:href="#sPointingRel721" value="mark"/>
		<feat xlink:href="#sPointingRel723" value="conj"/>
		<feat xlink:href="#sPointingRel725" value="mark"/>
		<feat xlink:href="#sPointingRel727" value="aux"/>
		<feat xlink:href="#sPointingRel729" value="nsubj"/>
		<feat xlink:href="#sPointingRel731" value="advmod"/>
		<feat xlink:href="#sPointingRel733" value="parataxis"/>
		<feat xlink:href="#sPointingRel735" value="conj"/>
		<feat xlink:href="#sPointingRel737" value="case"/>
		<feat xlink:href="#sPointingRel739" value="advmod"/>
		<feat xlink:href="#sPointingRel741" value="punct"/>
		<feat xlink:href="#sPointingRel743" value="aux"/>
		<feat xlink:href="#sPointingRel745" value="det"/>
		<feat xlink:href="#sPointingRel747" value="case"/>
		<feat xlink:href="#sPointingRel749" value="dislocated"/>
		<feat xlink:href="#sPointingRel751" value="obl"/>
		<feat xlink:href="#sPointingRel753" value="nmod"/>
		<feat xlink:href="#sPointingRel755" value="mark"/>
		<feat xlink:href="#sPointingRel757" value="nmod"/>
		<feat xlink:href="#sPointingRel759" value="nmod"/>
		<feat xlink:href="#sPointingRel761" value="cc"/>
		<feat xlink:href="#sPointingRel763" value="fixed"/>
		<feat xlink:href="#sPointingRel765" value="case"/>
		<feat xlink:href="#sPointingRel767" value="nsubj"/>
		<feat xlink:href="#sPointingRel769" value="advmod"/>
		<feat xlink:href="#sPointingRel771" value="case"/>
		<feat xlink:href="#sPointingRel773" value="punct"/>
		<feat xlink:href="#sPointingRel775" value="acl:relcl"/>
		<feat xlink:href="#sPointingRel777" value="nsubj"/>
		<feat xlink:href="#sPointingRel779" value="parataxis"/>
		<feat xlink:href="#sPointingRel781" value="advmod"/>
		<feat xlink:href="#sPointingRel783" value="iobj"/>
		<feat xlink:href="#sPointingRel785" value="case"/>
		<feat xlink:href="#sPointingRel787" value="case"/>
		<feat xlink:href="#sPointingRel789" value="det"/>
		<feat xlink:href="#sPointingRel791" value="advmod"/>
		<feat xlink:href="#sPointingRel793" value="nsubj"/>
		<feat xlink:href="#sPointingRel795" value="case"/>
		<feat xlink:href="#sPointingRel797" value="nmod:poss"/>
		<feat xlink:href="#sPointingRel799" value="punct"/>
		<feat xlink:href="#sPointingRel801" value="advmod"/>
		<feat xlink:href="#sPointingRel803" value="nsubj"/>
		<feat xlink:href="#sPointingRel805" value="punct"/>
		<feat xlink:href="#sPointingRel807" value="det"/>
		<feat xlink:href="#sPointingRel809" value="advcl"/>
		<feat xlink:href="#sPointingRel811" value="cc"/>
		<feat xlink:href="#sPointingRel813" value="acl:relcl"/>
		<feat xlink:href="#sPointingRel815" value="advmod"/>
		<feat xlink:href="#sPointingRel817" value="cc"/>
		<feat xlink:href="#sPointingRel819" value="nsubj"/>
		<feat xlink:href="#sPointingRel821" value="acl:relcl"/>
		<feat xlink:href="#sPointingRel823" value="nsubj"/>
		<feat xlink:href="#sPointingRel825" value="acl:relcl"/>
		<feat xlink:href="#sPointingRel827" value="case"/>
		<feat xlink:href="#sPointingRel829" value="det"/>
		<feat xlink:href="#sPointingRel831" value="case"/>
		<feat xlink:href="#sPointingRel833" value="advmod"/>
		<feat xlink:href="#sPointingRel835" value="nmod"/>
		<feat xlink:href="#sPointingRel837" value="nmod"/>
		<feat xlink:href="#sPointingRel839" value="det"/>
		<feat xlink:href="#sPointingRel841" value="conj"/>
		<feat xlink:href="#sPointingRel843" value="nsubj"/>
		<feat xlink:href="#sPointingRel845" value="nsubj"/>
		<feat xlink:href="#sPointingRel847" value="cc"/>
		<feat xlink:href="#sPointingRel849" value="aux"/>
		<feat xlink:href="#sPointingRel851" value="conj"/>
		<feat xlink:href="#sPointingRel853" value="obl"/>
		<feat xlink:href="#sPointingRel855" value="mark"/>
		<feat xlink:href="#sPointingRel857" value="aux"/>
		<feat xlink:href="#sPointingRel859" value="acl:relcl"/>
		<feat xlink:href="#sPointingRel861" value="aux"/>
		<feat xlink:href="#sPointingRel863" value="det"/>
		<feat xlink:href="#sPointingRel865" value="nsubj"/>
		<feat xlink:href="#sPointingRel867" value="parataxis"/>
		<feat xlink:href="#sPointingRel869" value="mark"/>
		<feat xlink:href="#sPointingRel871" value="dislocated"/>
		<feat xlink:href="#sPointingRel873" value="case"/>
		<feat xlink:href="#sPointingRel875" value="mark"/>
		<feat xlink:href="#sPointingRel877" value="case"/>
		<feat xlink:href="#sPointingRel879" value="parataxis"/>
		<feat xlink:href="#sPointingRel881" value="obl"/>
		<feat xlink:href="#sPointingRel883" value="det"/>
		<feat xlink:href="#sPointingRel885" value="aux"/>
		<feat xlink:href="#sPointingRel887" value="det"/>
		<feat xlink:href="#sPointingRel889" value="conj"/>
		<feat xlink:href="#sPointingRel891" value="det"/>
		<feat xlink:href="#sPointingRel893" value="advmod"/>
		<feat xlink:href="#sPointingRel895" value="cc"/>
		<feat xlink:href="#sPointingRel897" value="aux"/>
		<feat xlink:href="#sPointingRel899" value="nmod"/>
		<feat xlink:href="#sPointingRel901" value="aux"/>
		<feat xlink:href="#sPointingRel903" value="parataxis"/>
		<feat xlink:href="#sPointingRel905" value="det"/>
		<feat xlink:href="#sPointingRel907" value="conj"/>
		<feat xlink:href="#sPointingRel909" value="advmod"/>
		<feat xlink:href="#sPointingRel911" value="aux"/>
		<feat xlink:href="#sPointingRel913" value="cc"/>
		<feat xlink:href="#sPointingRel915" value="case"/>
		<feat xlink:href="#sPointingRel917" value="obj"/>
		<feat xlink:href="#sPointingRel919" value="obl"/>
		<feat xlink:href="#sPointingRel921" value="nmod"/>
		<feat xlink:href="#sPointingRel923" value="det"/>
		<feat xlink:href="#sPointingRel925" value="nmod:poss"/>
		<feat xlink:href="#sPointingRel927" value="csubj"/>
		<feat xlink:href="#sPointingRel929" value="csubj"/>
		<feat xlink:href="#sPointingRel931" value="punct"/>
		<feat xlink:href="#sPointingRel933" value="case"/>
		<feat xlink:href="#sPointingRel935" value="parataxis"/>
		<feat xlink:href="#sPointingRel937" value="advmod"/>
		<feat xlink:href="#sPointingRel939" value="advmod"/>
		<feat xlink:href="#sPointingRel941" value="mark"/>
		<feat xlink:href="#sPointingRel943" value="det"/>
		<feat xlink:href="#sPointingRel945" value="advmod"/>
		<feat xlink:href="#sPointingRel947" value="det"/>
		<feat xlink:href="#sPointingRel949" value="acl:relcl"/>
		<feat xlink:href="#sPointingRel951" value="det"/>
		<feat xlink:href="#sPointingRel953" value="advmod"/>
		<feat xlink:href="#sPointingRel955" value="case"/>
		<feat xlink:href="#sPointingRel957" value="obl"/>
		<feat xlink:href="#sPointingRel959" value="nsubj"/>
		<feat xlink:href="#sPointingRel961" value="dislocated"/>
		<feat xlink:href="#sPointingRel963" value="obj"/>
		<feat xlink:href="#sPointingRel965" value="case"/>
		<feat xlink:href="#sPointingRel967" value="mark"/>
		<feat xlink:href="#sPointingRel969" value="obj"/>
		<feat xlink:href="#sPointingRel971" value="cop"/>
		<feat xlink:href="#sPointingRel973" value="det"/>
		<feat xlink:href="#sPointingRel975" value="nsubj"/>
		<feat xlink:href="#sPointingRel977" value="det"/>
		<feat xlink:href="#sPointingRel979" value="aux"/>
		<feat xlink:href="#sPointingRel981" value="det"/>
		<feat xlink:href="#sPointingRel983" value="punct"/>
		<feat xlink:href="#sPointingRel985" value="csubj"/>
		<feat xlink:href="#sPointingRel987" value="nmod:unmarked"/>
		<feat xlink:href="#sPointingRel989" value="obl"/>
		<feat xlink:href="#sPointingRel991" value="nsubj"/>
		<feat xlink:href="#sPointingRel993" value="case"/>
		<feat xlink:href="#sPointingRel995" value="obj"/>
		<feat xlink:href="#sPointingRel997" value="dislocated"/>
		<feat xlink:href="#sPointingRel999" value="acl:relcl"/>
		<feat xlink:href="#sPointingRel1001" value="xcomp"/>
		<feat xlink:href="#sPointingRel1003" value="case"/>
		<feat xlink:href="#sPointingRel1005" value="nmod"/>
		<feat xlink:href="#sPointingRel1007" value="mark"/>
		<feat xlink:href="#sPointingRel1009" value="acl:relcl"/>
		<feat xlink:href="#sPointingRel1011" value="punct"/>
		<feat xlink:href="#sPointingRel1013" value="cc"/>
		<feat xlink:href="#sPointingRel1015" value="aux"/>
		<feat xlink:href="#sPointingRel1017" value="obl"/>
		<feat xlink:href="#sPointingRel1019" value="det"/>
		<feat xlink:href="#sPointingRel1021" value="det"/>
		<feat xlink:href="#sPointingRel1023" value="det"/>
		<feat xlink:href="#sPointingRel1025" value="case"/>
		<feat xlink:href="#sPointingRel1027" value="case"/>
		<feat xlink:href="#sPointingRel1029" value="aux"/>
		<feat xlink:href="#sPointingRel1031" value="aux"/>
		<feat xlink:href="#sPointingRel1033" value="cop"/>
		<feat xlink:href="#sPointingRel1035" value="advcl"/>
		<feat xlink:href="#sPointingRel1037" value="mark"/>
		<feat xlink:href="#sPointingRel1039" value="mark"/>
		<feat xlink:href="#sPointingRel1041" value="det"/>
		<feat xlink:href="#sPointingRel1043" value="obj"/>
		<feat xlink:href="#sPointingRel1045" value="det"/>
		<feat xlink:href="#sPointingRel1047" value="aux"/>
		<feat xlink:href="#sPointingRel1049" value="obj"/>
		<feat xlink:href="#sPointingRel1051" value="punct"/>
		<feat xlink:href="#sPointingRel1053" value="cop"/>
		<feat xlink:href="#sPointingRel1055" value="aux"/>
		<feat xlink:href="#sPointingRel1057" value="punct"/>
		<feat xlink:href="#sPointingRel1059" value="aux"/>
		<feat xlink:href="#sPointingRel1061" value="nsubj"/>
		<feat xlink:href="#sPointingRel1063" value="nsubj"/>
		<feat xlink:href="#sPointingRel1065" value="ccomp"/>
		<feat xlink:href="#sPointingRel1067" value="aux"/>
		<feat xlink:href="#sPointingRel1069" value="advmod"/>
		<feat xlink:href="#sPointingRel1071" value="mark"/>
		<feat xlink:href="#sPointingRel1073" value="obl"/>
		<feat xlink:href="#sPointingRel1075" value="cop"/>
		<feat xlink:href="#sPointingRel1077" value="cop"/>
		<feat xlink:href="#sPointingRel1079" value="det"/>
		<feat xlink:href="#sPointingRel1081" value="case"/>
		<feat xlink:href="#sPointingRel1083" value="punct"/>
		<feat xlink:href="#sPointingRel1085" value="advmod"/>
		<feat xlink:href="#sPointingRel1087" value="nmod"/>
		<feat xlink:href="#sPointingRel1089" value="case"/>
		<feat xlink:href="#sPointingRel1091" value="obj"/>
		<feat xlink:href="#sPointingRel1093" value="advmod"/>
		<feat xlink:href="#sPointingRel1095" value="nsubj"/>
		<feat xlink:href="#sPointingRel1097" value="nsubj"/>
		<feat xlink:href="#sPointingRel1099" value="acl:relcl"/>
		<feat xlink:href="#sPointingRel1101" value="det"/>
		<feat xlink:href="#sPointingRel1103" value="punct"/>
		<feat xlink:href="#sPointingRel1105" value="mark"/>
		<feat xlink:href="#sPointingRel1107" value="parataxis"/>
		<feat xlink:href="#sPointingRel1109" value="obj"/>
		<feat xlink:href="#sPointingRel1111" value="det"/>
		<feat xlink:href="#sPointingRel1113" value="aux"/>
		<feat xlink:href="#sPointingRel1115" value="nsubj"/>
		<feat xlink:href="#sPointingRel1117" value="ccomp"/>
		<feat xlink:href="#sPointingRel1119" value="cop"/>
		<feat xlink:href="#sPointingRel1121" value="case"/>
		<feat xlink:href="#sPointingRel1123" value="conj"/>
		<feat xlink:href="#sPointingRel1125" value="case"/>
		<feat xlink:href="#sPointingRel1127" value="acl:relcl"/>
		<feat xlink:href="#sPointingRel1129" value="obj"/>
		<feat xlink:href="#sPointingRel1131" value="conj"/>
		<feat xlink:href="#sPointingRel1133" value="aux"/>
		<feat xlink:href="#sPointingRel1135" value="det"/>
		<feat xlink:href="#sPointingRel1137" value="obl"/>
		<feat xlink:href="#sPointingRel1139" value="mark"/>
		<feat xlink:href="#sPointingRel1141" value="obl"/>
		<feat xlink:href="#sPointingRel1143" value="case"/>
		<feat xlink:href="#sPointingRel1145" value="punct"/>
		<feat xlink:href="#sPointingRel1147" value="conj"/>
		<feat xlink:href="#sPointingRel1149" value="case"/>
		<feat xlink:href="#sPointingRel1151" value="parataxis"/></featList></paula>