<?xml version='1.0' encoding='UTF-8'?><!DOCTYPE paula SYSTEM "paula_feat.dtd">
<paula version="1.1">
	<header paula_id="scriptorium.1Cor_03.mark_lang"/>
	<featList xmlns:xlink="http://www.w3.org/1999/xlink" type="lang" xml:base="scriptorium.1Cor_03.mark.xml">
		<feat xlink:href="#sSpan45" value="Greek"/>
		<feat xlink:href="#sSpan50" value="Greek"/>
		<feat xlink:href="#sSpan60" value="Greek"/>
		<feat xlink:href="#sSpan65" value="Greek"/>
		<feat xlink:href="#sSpan70" value="Greek"/>
		<feat xlink:href="#sSpan76" value="Greek"/>
		<feat xlink:href="#sSpan93" value="Greek"/>
		<feat xlink:href="#sSpan151" value="Greek"/>
		<feat xlink:href="#sSpan164" value="Greek"/>
		<feat xlink:href="#sSpan193" value="Greek"/>
		<feat xlink:href="#sSpan204" value="Greek"/>
		<feat xlink:href="#sSpan218" value="Greek"/>
		<feat xlink:href="#sSpan221" value="Greek"/>
		<feat xlink:href="#sSpan226" value="Greek"/>
		<feat xlink:href="#sSpan231" value="Greek"/>
		<feat xlink:href="#sSpan271" value="Greek"/>
		<feat xlink:href="#sSpan294" value="Greek"/>
		<feat xlink:href="#sSpan305" value="Greek"/>
		<feat xlink:href="#sSpan316" value="Greek"/>
		<feat xlink:href="#sSpan340" value="Greek"/>
		<feat xlink:href="#sSpan352" value="Greek"/>
		<feat xlink:href="#sSpan367" value="Greek"/>
		<feat xlink:href="#sSpan381" value="Greek"/>
		<feat xlink:href="#sSpan430" value="Greek"/>
		<feat xlink:href="#sSpan440" value="Greek"/>
		<feat xlink:href="#sSpan449" value="Greek"/>
		<feat xlink:href="#sSpan455" value="Greek"/>
		<feat xlink:href="#sSpan465" value="Greek"/>
		<feat xlink:href="#sSpan481" value="Greek"/>
		<feat xlink:href="#sSpan562" value="Greek"/>
		<feat xlink:href="#sSpan584" value="Greek"/>
		<feat xlink:href="#sSpan606" value="Greek"/>
		<feat xlink:href="#sSpan613" value="Greek"/>
		<feat xlink:href="#sSpan649" value="Greek"/>
		<feat xlink:href="#sSpan680" value="Greek"/>
		<feat xlink:href="#sSpan700" value="Greek"/>
		<feat xlink:href="#sSpan721" value="Greek"/>
		<feat xlink:href="#sSpan757" value="Greek"/>
		<feat xlink:href="#sSpan781" value="Greek"/>
		<feat xlink:href="#sSpan814" value="Greek"/>
		<feat xlink:href="#sSpan880" value="Greek"/>
		<feat xlink:href="#sSpan923" value="Greek"/>
		<feat xlink:href="#sSpan928" value="Greek"/>
		<feat xlink:href="#sSpan938" value="Greek"/>
		<feat xlink:href="#sSpan974" value="Greek"/>
		<feat xlink:href="#sSpan1000" value="Greek"/>
		<feat xlink:href="#sSpan1057" value="Greek"/>
		<feat xlink:href="#sSpan1084" value="Greek"/>
		<feat xlink:href="#sSpan1110" value="Hebrew"/>
		<feat xlink:href="#sSpan1120" value="Greek"/>
		<feat xlink:href="#sSpan1137" value="Greek"/>
		<feat xlink:href="#sSpan1143" value="Greek"/>
		<feat xlink:href="#sSpan1202" value="Greek"/>
		<feat xlink:href="#sSpan1262" value="Greek"/>
		<feat xlink:href="#sSpan1369" value="Greek"/>
		<feat xlink:href="#sSpan1484" value="Greek"/>
		<feat xlink:href="#sSpan1509" value="Greek"/>
		<feat xlink:href="#sSpan1514" value="Greek"/>
		<feat xlink:href="#sSpan1587" value="Greek"/>
		<feat xlink:href="#sSpan1674" value="Greek"/>
		<feat xlink:href="#sSpan1718" value="Greek"/>
		<feat xlink:href="#sSpan1757" value="Greek"/>
		<feat xlink:href="#sSpan1783" value="Greek"/>
		<feat xlink:href="#sSpan1800" value="Greek"/>
		<feat xlink:href="#sSpan1818" value="Greek"/>
		<feat xlink:href="#sSpan1821" value="Greek"/>
		<feat xlink:href="#sSpan1833" value="Greek"/>
		<feat xlink:href="#sSpan1868" value="Greek"/>
		<feat xlink:href="#sSpan1891" value="Greek"/>
		<feat xlink:href="#sSpan1951" value="Greek"/>
		<feat xlink:href="#sSpan1964" value="Greek"/>
		<feat xlink:href="#sSpan2014" value="Greek"/>
		<feat xlink:href="#sSpan2027" value="Greek"/>
		<feat xlink:href="#sSpan2032" value="Greek"/>
		<feat xlink:href="#sSpan2038" value="Greek"/>
		<feat xlink:href="#sSpan2043" value="Greek"/>
		<feat xlink:href="#sSpan2049" value="Greek"/>
		<feat xlink:href="#sSpan2054" value="Aramaic"/>
		<feat xlink:href="#sSpan2060" value="Greek"/>
		<feat xlink:href="#sSpan2065" value="Greek"/>
		<feat xlink:href="#sSpan2071" value="Greek"/>
		<feat xlink:href="#sSpan2081" value="Greek"/>
		<feat xlink:href="#sSpan2091" value="Greek"/>
		<feat xlink:href="#sSpan2105" value="Greek"/>
		<feat xlink:href="#sSpan2150" value="Greek"/>
		<feat xlink:href="#sSpan2167" value="Greek"/>
		<feat xlink:href="#sSpan2179" value="Greek"/>
		<feat xlink:href="#sSpan2182" value="Greek"/></featList></paula>