<?xml version='1.0' encoding='UTF-8'?><!DOCTYPE paula SYSTEM "paula_feat.dtd">
<paula version="1.1">
	<header paula_id="scriptorium.Encomium_Michael_BL_OR_7021_part2.mark_ed_pg_n"/>
	<featList xmlns:xlink="http://www.w3.org/1999/xlink" type="ed_pg_n" xml:base="scriptorium.Encomium_Michael_BL_OR_7021_part2.mark.xml">
		<feat xlink:href="#sSpan10" value="329"/>
		<feat xlink:href="#sSpan789" value="330"/>
		<feat xlink:href="#sSpan1406" value="331"/>
		<feat xlink:href="#sSpan2137" value="332"/>
		<feat xlink:href="#sSpan2828" value="333"/>
		<feat xlink:href="#sSpan3541" value="334"/>
		<feat xlink:href="#sSpan3979" value="334"/>
		<feat xlink:href="#sSpan4288" value="335"/>
		<feat xlink:href="#sSpan5020" value="336"/>
		<feat xlink:href="#sSpan5775" value="337"/>
		<feat xlink:href="#sSpan6510" value="338"/>
		<feat xlink:href="#sSpan7253" value="339"/>
		<feat xlink:href="#sSpan7925" value="340"/>
		<feat xlink:href="#sSpan8635" value="341"/>
		<feat xlink:href="#sSpan9278" value="342"/>
		<feat xlink:href="#sSpan9994" value="343"/>
		<feat xlink:href="#sSpan10751" value="344"/>
		<feat xlink:href="#sSpan11449" value="345"/>
		<feat xlink:href="#sSpan12183" value="346"/>
		<feat xlink:href="#sSpan12960" value="347"/>
		<feat xlink:href="#sSpan13663" value="348"/>
		<feat xlink:href="#sSpan14491" value="349"/>
		<feat xlink:href="#sSpan15277" value="350"/>
		<feat xlink:href="#sSpan16012" value="351"/>
		<feat xlink:href="#sSpan16794" value="352"/></featList></paula>