<?xml version='1.0' encoding='UTF-8'?><!DOCTYPE paula SYSTEM "paula_feat.dtd">
<paula version="1.1">
	<header paula_id="scriptorium.bohairic.1Cor_07.mark_morph"/>
	<featList xmlns:xlink="http://www.w3.org/1999/xlink" type="morph" xml:base="scriptorium.bohairic.1Cor_07.mark.xml">
		<feat xlink:href="#sSpan250" value="ⲉⲣ"/>
		<feat xlink:href="#sSpan255" value="ϣⲓϣⲓ"/>
		<feat xlink:href="#sSpan315" value="ⲉⲣ"/>
		<feat xlink:href="#sSpan320" value="ϣⲓϣⲓ"/>
		<feat xlink:href="#sSpan382" value="ϯ"/>
		<feat xlink:href="#sSpan385" value="ⲙⲁϯ"/>
		<feat xlink:href="#sSpan462" value="ⲉⲣ"/>
		<feat xlink:href="#sSpan467" value="ⲡⲓⲣⲁⲍⲓⲛ"/>
		<feat xlink:href="#sSpan480" value="ⲙⲉⲧ"/>
		<feat xlink:href="#sSpan483" value="ⲁⲧ"/>
		<feat xlink:href="#sSpan484" value="ⲑⲱⲧ"/>
		<feat xlink:href="#sSpan528" value="ⲟⲩⲁϩ"/>
		<feat xlink:href="#sSpan531" value="ⲥⲁϩⲛⲓ"/>
		<feat xlink:href="#sSpan730" value="ϣⲁⲛ"/>
		<feat xlink:href="#sSpan733" value="ϣⲱⲡⲓ"/>
		<feat xlink:href="#sSpan766" value="ⲉⲣ"/>
		<feat xlink:href="#sSpan769" value="ⲉⲅⲕⲣⲁⲧⲉⲩⲉⲥⲑⲉ"/>
		<feat xlink:href="#sSpan809" value="ϭⲓ"/>
		<feat xlink:href="#sSpan812" value="ⲭⲣⲱⲙ"/>
		<feat xlink:href="#sSpan1070" value="ⲁⲑ"/>
		<feat xlink:href="#sSpan1073" value="ϩⲛⲁϩϯ"/>
		<feat xlink:href="#sSpan1092" value="ϯ"/>
		<feat xlink:href="#sSpan1095" value="ⲙⲁϯ"/>
		<feat xlink:href="#sSpan1165" value="ⲁⲧ"/>
		<feat xlink:href="#sSpan1168" value="ⲛⲁϩϯ"/>
		<feat xlink:href="#sSpan1183" value="ϯ"/>
		<feat xlink:href="#sSpan1186" value="ⲙⲁϯ"/>
		<feat xlink:href="#sSpan1249" value="ⲁⲑ"/>
		<feat xlink:href="#sSpan1252" value="ϩⲛⲁϩϯ"/>
		<feat xlink:href="#sSpan1285" value="ⲁⲑ"/>
		<feat xlink:href="#sSpan1288" value="ϩⲛⲁϩϯ"/>
		<feat xlink:href="#sSpan1351" value="ⲁⲑ"/>
		<feat xlink:href="#sSpan1354" value="ϩⲛⲁϩϯ"/>
		<feat xlink:href="#sSpan1660" value="ⲟⲩⲁϩ"/>
		<feat xlink:href="#sSpan1663" value="ⲥⲁϩⲛⲓ"/>
		<feat xlink:href="#sSpan1714" value="ⲙⲉⲧ"/>
		<feat xlink:href="#sSpan1717" value="ⲁⲧ"/>
		<feat xlink:href="#sSpan1718" value="ⲥⲉⲃⲓ"/>
		<feat xlink:href="#sSpan1741" value="ⲙⲉⲧ"/>
		<feat xlink:href="#sSpan1744" value="ⲁⲧ"/>
		<feat xlink:href="#sSpan1745" value="ⲥⲉⲃⲓ"/>
		<feat xlink:href="#sSpan1790" value="ⲙⲉⲧ"/>
		<feat xlink:href="#sSpan1793" value="ⲁⲧ"/>
		<feat xlink:href="#sSpan1794" value="ⲥⲉⲃⲓ"/>
		<feat xlink:href="#sSpan1927" value="ⲉⲣ"/>
		<feat xlink:href="#sSpan1930" value="ⲙⲉⲗⲓ"/>
		<feat xlink:href="#sSpan1963" value="ⲉⲣ"/>
		<feat xlink:href="#sSpan1966" value="ⲣⲉⲙϩⲉ"/>
		<feat xlink:href="#sSpan2110" value="ⲉⲣ"/>
		<feat xlink:href="#sSpan2113" value="ⲃⲱⲕ"/>
		<feat xlink:href="#sSpan2220" value="ⲟⲩⲁϩ"/>
		<feat xlink:href="#sSpan2223" value="ⲥⲁϩⲛⲓ"/>
		<feat xlink:href="#sSpan2302" value="ⲣⲓ"/>
		<feat xlink:href="#sSpan2305" value="ϣⲱⲡⲓ"/>
		<feat xlink:href="#sSpan2342" value="ⲣⲉϥ"/>
		<feat xlink:href="#sSpan2345" value="ϣⲱⲡⲓ"/>
		<feat xlink:href="#sSpan2381" value="ⲣⲉϥ"/>
		<feat xlink:href="#sSpan2384" value="ϣⲱⲡⲓ"/>
		<feat xlink:href="#sSpan2482" value="ⲉⲣ"/>
		<feat xlink:href="#sSpan2485" value="ⲛⲟⲃⲓ"/>
		<feat xlink:href="#sSpan2515" value="ⲉⲣ"/>
		<feat xlink:href="#sSpan2518" value="ⲛⲟⲃⲓ"/>
		<feat xlink:href="#sSpan2574" value="ϯ"/>
		<feat xlink:href="#sSpan2577" value="ⲁⲥⲟ"/>
		<feat xlink:href="#sSpan2799" value="ⲉⲣ"/>
		<feat xlink:href="#sSpan2802" value="ⲭⲣⲁⲥⲑⲉ"/>
		<feat xlink:href="#sSpan2824" value="ⲉⲣ"/>
		<feat xlink:href="#sSpan2827" value="ⲕⲁⲧⲁⲭⲣⲁⲥⲑⲉ"/>
		<feat xlink:href="#sSpan2898" value="ⲁⲧ"/>
		<feat xlink:href="#sSpan2901" value="ⲣⲱⲟⲩϣ"/>
		<feat xlink:href="#sSpan2947" value="ⲣ"/>
		<feat xlink:href="#sSpan2950" value="ⲁⲛⲁ"/>
		<feat xlink:href="#sSpan2993" value="ϥⲓ"/>
		<feat xlink:href="#sSpan2996" value="ⲣⲱⲟⲩϣ"/>
		<feat xlink:href="#sSpan3019" value="ⲣ"/>
		<feat xlink:href="#sSpan3022" value="ⲁⲛⲁ"/>
		<feat xlink:href="#sSpan3095" value="ϥⲓ"/>
		<feat xlink:href="#sSpan3098" value="ⲣⲱⲟⲩϣ"/>
		<feat xlink:href="#sSpan3173" value="ϥⲓ"/>
		<feat xlink:href="#sSpan3176" value="ⲣⲱⲟⲩϣ"/>
		<feat xlink:href="#sSpan3201" value="ⲣ"/>
		<feat xlink:href="#sSpan3204" value="ⲁⲛⲁ"/>
		<feat xlink:href="#sSpan3251" value="ⲉⲣ"/>
		<feat xlink:href="#sSpan3254" value="ⲛⲟϥⲣⲓ"/>
		<feat xlink:href="#sSpan3356" value="ⲙⲉⲧ"/>
		<feat xlink:href="#sSpan3359" value="ⲁⲧ"/>
		<feat xlink:href="#sSpan3360" value="ϭⲓϩⲣⲁϥ"/>
		<feat xlink:href="#sSpan3387" value="ϭⲓ"/>
		<feat xlink:href="#sSpan3390" value="ϣⲓⲡⲓ"/>
		<feat xlink:href="#sSpan3408" value="ⲉⲣ"/>
		<feat xlink:href="#sSpan3411" value="ⲁⲕⲙⲏ"/>
		<feat xlink:href="#sSpan3471" value="ⲉⲣ"/>
		<feat xlink:href="#sSpan3474" value="ⲛⲟⲃⲓ"/>
		<feat xlink:href="#sSpan3554" value="ⲉⲣ"/>
		<feat xlink:href="#sSpan3559" value="ϣⲓϣⲓ"/>
		<feat xlink:href="#sSpan3592" value="ϯ"/>
		<feat xlink:href="#sSpan3595" value="ϩⲁⲡ"/>
		<feat xlink:href="#sSpan3813" value="ϣⲁⲛ"/>
		<feat xlink:href="#sSpan3816" value="ⲉⲛⲕⲟⲧ"/></featList></paula>