<?xml version='1.0' encoding='UTF-8'?><!DOCTYPE paula SYSTEM "paula_feat.dtd">
<paula version="1.1">
	<header paula_id="scriptorium.bohairic.1Cor_07.mark_norm"/>
	<featList xmlns:xlink="http://www.w3.org/1999/xlink" type="norm" xml:base="scriptorium.bohairic.1Cor_07.mark.xml">
		<feat xlink:href="#sSpan1" value="ⲉⲑⲃⲉ"/>
		<feat xlink:href="#sSpan8" value="ⲛⲏ"/>
		<feat xlink:href="#sSpan11" value="ⲇⲉ"/>
		<feat xlink:href="#sSpan15" value="ⲉⲧ"/>
		<feat xlink:href="#sSpan19" value="ⲁⲣⲉ"/>
		<feat xlink:href="#sSpan21" value="ⲧⲉⲛ"/>
		<feat xlink:href="#sSpan23" value="ⲥϧⲏⲧ"/>
		<feat xlink:href="#sSpan25" value="ⲟⲩ"/>
		<feat xlink:href="#sSpan27" value="ⲛⲏ"/>
		<feat xlink:href="#sSpan31" value="ⲓ"/>
		<feat xlink:href="#sSpan33" value="ⲛⲁⲛⲉ"/>
		<feat xlink:href="#sSpan37" value="ⲥ"/>
		<feat xlink:href="#sSpan39" value="ⲙ"/>
		<feat xlink:href="#sSpan43" value="ⲡⲓ"/>
		<feat xlink:href="#sSpan45" value="ⲣⲱⲙⲓ"/>
		<feat xlink:href="#sSpan47" value="ⲉ"/>
		<feat xlink:href="#sSpan51" value="ϣⲧⲉⲙ"/>
		<feat xlink:href="#sSpan53" value="ϭⲓ"/>
		<feat xlink:href="#sSpan55" value="ⲛⲉⲙ"/>
		<feat xlink:href="#sSpan59" value="ⲥϩⲓⲙⲓ"/>
		<feat xlink:href="#sSpan61" value="."/>
		<feat xlink:href="#sSpan65" value="ⲉⲑⲃⲉ"/>
		<feat xlink:href="#sSpan72" value="ⲛⲓ"/>
		<feat xlink:href="#sSpan75" value="ⲡⲟⲣⲛⲓⲁ"/>
		<feat xlink:href="#sSpan78" value="ⲇⲉ"/>
		<feat xlink:href="#sSpan82" value="ⲙⲁⲣⲉ"/>
		<feat xlink:href="#sSpan86" value="ⲡⲓ"/>
		<feat xlink:href="#sSpan88" value="ⲟⲩⲁⲓ"/>
		<feat xlink:href="#sSpan90" value="ⲡⲓ"/>
		<feat xlink:href="#sSpan94" value="ⲟⲩⲁⲓ"/>
		<feat xlink:href="#sSpan96" value="ⲭⲁ"/>
		<feat xlink:href="#sSpan100" value="ⲧⲉϥ"/>
		<feat xlink:href="#sSpan104" value="ⲥϩⲓⲙⲓ"/>
		<feat xlink:href="#sSpan106" value="ⲛⲁ"/>
		<feat xlink:href="#sSpan110" value="ϥ"/>
		<feat xlink:href="#sSpan112" value="ⲟⲩⲟϩ"/>
		<feat xlink:href="#sSpan116" value="ⲙⲁⲣⲉ"/>
		<feat xlink:href="#sSpan120" value="ϯ"/>
		<feat xlink:href="#sSpan122" value="ⲟⲩⲓ"/>
		<feat xlink:href="#sSpan124" value="ϯ"/>
		<feat xlink:href="#sSpan128" value="ⲟⲩⲓ"/>
		<feat xlink:href="#sSpan130" value="ⲭⲁ"/>
		<feat xlink:href="#sSpan134" value="ⲡⲉⲥ"/>
		<feat xlink:href="#sSpan136" value="ϩⲁⲓ"/>
		<feat xlink:href="#sSpan138" value="ⲛⲁ"/>
		<feat xlink:href="#sSpan142" value="ⲥ"/>
		<feat xlink:href="#sSpan144" value="."/>
		<feat xlink:href="#sSpan148" value="ⲡⲓ"/>
		<feat xlink:href="#sSpan155" value="ϩⲁⲓ"/>
		<feat xlink:href="#sSpan157" value="ⲙⲁⲣⲉ"/>
		<feat xlink:href="#sSpan161" value="ϥ"/>
		<feat xlink:href="#sSpan163" value="ϯ"/>
		<feat xlink:href="#sSpan165" value="ⲙ"/>
		<feat xlink:href="#sSpan169" value="ⲡ"/>
		<feat xlink:href="#sSpan171" value="ⲉⲧ"/>
		<feat xlink:href="#sSpan173" value="ⲉⲣⲟ"/>
		<feat xlink:href="#sSpan175" value="ϥ"/>
		<feat xlink:href="#sSpan177" value="ⲛ"/>
		<feat xlink:href="#sSpan181" value="ϯ"/>
		<feat xlink:href="#sSpan183" value="ⲥϩⲓⲙⲓ"/>
		<feat xlink:href="#sSpan185" value="ⲡⲁⲓ"/>
		<feat xlink:href="#sSpan189" value="ⲣⲏϯ"/>
		<feat xlink:href="#sSpan191" value="ⲟⲛ"/>
		<feat xlink:href="#sSpan195" value="ϯ"/>
		<feat xlink:href="#sSpan199" value="ⲥϩⲓⲙⲓ"/>
		<feat xlink:href="#sSpan201" value="ⲙⲁⲣⲉ"/>
		<feat xlink:href="#sSpan205" value="ⲥ"/>
		<feat xlink:href="#sSpan207" value="ϯ"/>
		<feat xlink:href="#sSpan209" value="ⲙ"/>
		<feat xlink:href="#sSpan213" value="ⲡ"/>
		<feat xlink:href="#sSpan215" value="ⲉⲧ"/>
		<feat xlink:href="#sSpan217" value="ⲉⲣⲟ"/>
		<feat xlink:href="#sSpan219" value="ⲥ"/>
		<feat xlink:href="#sSpan221" value="ⲙ"/>
		<feat xlink:href="#sSpan225" value="ⲡⲉⲥ"/>
		<feat xlink:href="#sSpan227" value="ϩⲁⲓ"/>
		<feat xlink:href="#sSpan229" value="."/>
		<feat xlink:href="#sSpan233" value="ϯ"/>
		<feat xlink:href="#sSpan240" value="ⲥϩⲓⲙⲓ"/>
		<feat xlink:href="#sSpan242" value="ⲙⲙⲟⲛⲧⲉ"/>
		<feat xlink:href="#sSpan246" value="ⲥ"/>
		<feat xlink:href="#sSpan249" value="ⲉⲣϣⲓϣⲓ"/>
		<feat xlink:href="#sSpan254" value="ⲙ"/>
		<feat xlink:href="#sSpan258" value="ⲡⲉⲥ"/>
		<feat xlink:href="#sSpan261" value="ⲥⲱⲙⲁ"/>
		<feat xlink:href="#sSpan263" value="ⲙⲙⲓⲛⲙⲙⲟ"/>
		<feat xlink:href="#sSpan267" value="ⲥ"/>
		<feat xlink:href="#sSpan270" value="ⲁⲗⲗⲁ"/>
		<feat xlink:href="#sSpan274" value="ⲡⲓ"/>
		<feat xlink:href="#sSpan278" value="ϩⲁⲓ"/>
		<feat xlink:href="#sSpan280" value="ⲡⲉ"/>
		<feat xlink:href="#sSpan284" value="ⲡⲁⲓ"/>
		<feat xlink:href="#sSpan288" value="ⲣⲏϯ"/>
		<feat xlink:href="#sSpan291" value="ⲇⲉ"/>
		<feat xlink:href="#sSpan295" value="ⲟⲛ"/>
		<feat xlink:href="#sSpan299" value="ⲡⲓ"/>
		<feat xlink:href="#sSpan303" value="ⲕⲉ"/>
		<feat xlink:href="#sSpan305" value="ϩⲁⲓ"/>
		<feat xlink:href="#sSpan307" value="ⲙⲙⲟⲛⲧⲉ"/>
		<feat xlink:href="#sSpan311" value="ϥ"/>
		<feat xlink:href="#sSpan314" value="ⲉⲣϣⲓϣⲓ"/>
		<feat xlink:href="#sSpan319" value="ⲙ"/>
		<feat xlink:href="#sSpan323" value="ⲡⲉϥ"/>
		<feat xlink:href="#sSpan326" value="ⲥⲱⲙⲁ"/>
		<feat xlink:href="#sSpan328" value="ⲙⲙⲓⲛⲙⲙⲟ"/>
		<feat xlink:href="#sSpan332" value="ϥ"/>
		<feat xlink:href="#sSpan335" value="ⲁⲗⲗⲁ"/>
		<feat xlink:href="#sSpan339" value="ϯ"/>
		<feat xlink:href="#sSpan343" value="ⲥϩⲓⲙⲓ"/>
		<feat xlink:href="#sSpan345" value="ⲧⲉ"/>
		<feat xlink:href="#sSpan349" value="."/>
		<feat xlink:href="#sSpan353" value="ⲙⲡⲉⲣ"/>
		<feat xlink:href="#sSpan360" value="ϥⲉϫ"/>
		<feat xlink:href="#sSpan362" value="ⲛⲉⲧⲉⲛ"/>
		<feat xlink:href="#sSpan364" value="ⲉⲣⲏⲟⲩ"/>
		<feat xlink:href="#sSpan366" value="ⲉⲃⲏⲗ"/>
		<feat xlink:href="#sSpan370" value="ⲁⲣⲏⲟⲩ"/>
		<feat xlink:href="#sSpan374" value="ϧⲉⲛ"/>
		<feat xlink:href="#sSpan378" value="ⲟⲩ"/>
		<feat xlink:href="#sSpan381" value="ϯⲙⲁϯ"/>
		<feat xlink:href="#sSpan385" value="ⲡⲣⲟⲥ"/>
		<feat xlink:href="#sSpan389" value="ⲟⲩ"/>
		<feat xlink:href="#sSpan393" value="ⲥⲏⲟⲩ"/>
		<feat xlink:href="#sSpan396" value="ϩⲓⲛⲁ"/>
		<feat xlink:href="#sSpan400" value="ⲛⲧⲉ"/>
		<feat xlink:href="#sSpan404" value="ⲧⲉⲛ"/>
		<feat xlink:href="#sSpan406" value="ⲥⲣⲟϥⲧ"/>
		<feat xlink:href="#sSpan408" value="ⲉ"/>
		<feat xlink:href="#sSpan412" value="ϯ"/>
		<feat xlink:href="#sSpan415" value="ⲡⲣⲟⲥⲉⲩⲭⲏ"/>
		<feat xlink:href="#sSpan417" value="ⲟⲩⲟϩ"/>
		<feat xlink:href="#sSpan422" value="ⲡⲁⲗⲓⲛ"/>
		<feat xlink:href="#sSpan426" value="ⲛⲧⲉ"/>
		<feat xlink:href="#sSpan430" value="ⲧⲉⲛ"/>
		<feat xlink:href="#sSpan432" value="ⲓ"/>
		<feat xlink:href="#sSpan434" value="ⲉ"/>
		<feat xlink:href="#sSpan438" value="ⲩ"/>
		<feat xlink:href="#sSpan440" value="ⲙⲁ"/>
		<feat xlink:href="#sSpan443" value="ϩⲓⲛⲁ"/>
		<feat xlink:href="#sSpan447" value="ⲛⲧⲉ"/>
		<feat xlink:href="#sSpan451" value="ϣⲧⲉⲙ"/>
		<feat xlink:href="#sSpan455" value="ⲡ"/>
		<feat xlink:href="#sSpan458" value="ⲥⲁⲧⲁⲛⲁⲥ"/>
		<feat xlink:href="#sSpan461" value="ⲉⲣⲡⲓⲣⲁⲍⲓⲛ"/>
		<feat xlink:href="#sSpan466" value="ⲙⲙⲱ"/>
		<feat xlink:href="#sSpan470" value="ⲧⲉⲛ"/>
		<feat xlink:href="#sSpan472" value="ⲉⲑⲃⲉ"/>
		<feat xlink:href="#sSpan476" value="ⲧⲉⲧⲉⲛ"/>
		<feat xlink:href="#sSpan479" value="ⲙⲉⲧⲁⲧⲑⲱⲧ"/>
		<feat xlink:href="#sSpan483" value="."/>
		<feat xlink:href="#sSpan487" value="ⲫⲁⲓ"/>
		<feat xlink:href="#sSpan495" value="ⲇⲉ"/>
		<feat xlink:href="#sSpan499" value="ϯ"/>
		<feat xlink:href="#sSpan503" value="ϫⲱ"/>
		<feat xlink:href="#sSpan505" value="ⲙⲙⲟ"/>
		<feat xlink:href="#sSpan509" value="ϥ"/>
		<feat xlink:href="#sSpan512" value="ⲕⲁⲧⲁ"/>
		<feat xlink:href="#sSpan516" value="ⲟⲩ"/>
		<feat xlink:href="#sSpan519" value="ⲥⲩⲛⲅⲛⲱⲙⲏ"/>
		<feat xlink:href="#sSpan522" value="ⲕⲁⲧⲁ"/>
		<feat xlink:href="#sSpan527" value="ⲟⲩⲁϩⲥⲁϩⲛⲓ"/>
		<feat xlink:href="#sSpan530" value="ⲁⲛ"/>
		<feat xlink:href="#sSpan534" value="."/>
		<feat xlink:href="#sSpan538" value="ϯ"/>
		<feat xlink:href="#sSpan545" value="ⲟⲩⲱϣ"/>
		<feat xlink:href="#sSpan548" value="ⲇⲉ"/>
		<feat xlink:href="#sSpan552" value="ⲛⲧⲉ"/>
		<feat xlink:href="#sSpan556" value="ⲣⲱⲙⲓ"/>
		<feat xlink:href="#sSpan558" value="ⲛⲓⲃⲉⲛ"/>
		<feat xlink:href="#sSpan562" value="ϣⲱⲡⲓ"/>
		<feat xlink:href="#sSpan566" value="ⲙ"/>
		<feat xlink:href="#sSpan570" value="ⲡⲁ"/>
		<feat xlink:href="#sSpan572" value="ⲣⲏϯ"/>
		<feat xlink:href="#sSpan575" value="ⲁⲗⲗⲁ"/>
		<feat xlink:href="#sSpan579" value="ⲡⲓ"/>
		<feat xlink:href="#sSpan583" value="ⲟⲩⲁⲓ"/>
		<feat xlink:href="#sSpan585" value="ⲡⲓ"/>
		<feat xlink:href="#sSpan589" value="ⲟⲩⲁⲓ"/>
		<feat xlink:href="#sSpan591" value="ⲟⲩⲟⲛⲧⲉ"/>
		<feat xlink:href="#sSpan595" value="ϥ"/>
		<feat xlink:href="#sSpan597" value="ⲟⲩ"/>
		<feat xlink:href="#sSpan601" value="ϩⲙⲟⲧ"/>
		<feat xlink:href="#sSpan603" value="ⲙⲙⲁⲩ"/>
		<feat xlink:href="#sSpan607" value="ⲉⲃⲟⲗ"/>
		<feat xlink:href="#sSpan611" value="ϩⲓⲧⲉⲛ"/>
		<feat xlink:href="#sSpan615" value="ⲫ"/>
		<feat xlink:href="#sSpan617" value="ⲛⲟⲩϯ"/>
		<feat xlink:href="#sSpan619" value="ⲡⲓ"/>
		<feat xlink:href="#sSpan623" value="ⲟⲩⲁⲓ"/>
		<feat xlink:href="#sSpan626" value="ⲙⲉⲛ"/>
		<feat xlink:href="#sSpan630" value="ⲙ"/>
		<feat xlink:href="#sSpan634" value="ⲡⲁⲓ"/>
		<feat xlink:href="#sSpan636" value="ⲣⲏϯ"/>
		<feat xlink:href="#sSpan638" value="ⲕⲉ"/>
		<feat xlink:href="#sSpan642" value="ⲟⲩⲁⲓ"/>
		<feat xlink:href="#sSpan645" value="ⲇⲉ"/>
		<feat xlink:href="#sSpan649" value="ⲙ"/>
		<feat xlink:href="#sSpan653" value="ⲡⲁⲓ"/>
		<feat xlink:href="#sSpan655" value="ⲕⲉ"/>
		<feat xlink:href="#sSpan657" value="ⲣⲏϯ"/>
		<feat xlink:href="#sSpan659" value="."/>
		<feat xlink:href="#sSpan663" value="ϯ"/>
		<feat xlink:href="#sSpan670" value="ϫⲱ"/>
		<feat xlink:href="#sSpan673" value="ⲇⲉ"/>
		<feat xlink:href="#sSpan677" value="ⲙⲙⲟ"/>
		<feat xlink:href="#sSpan681" value="ⲥ"/>
		<feat xlink:href="#sSpan683" value="ⲛ"/>
		<feat xlink:href="#sSpan687" value="ⲛⲏ"/>
		<feat xlink:href="#sSpan689" value="ⲉⲧⲉ"/>
		<feat xlink:href="#sSpan693" value="ⲙⲡ"/>
		<feat xlink:href="#sSpan695" value="ⲟⲩ"/>
		<feat xlink:href="#sSpan697" value="ϭⲓ"/>
		<feat xlink:href="#sSpan699" value="ⲛⲉⲙ"/>
		<feat xlink:href="#sSpan703" value="ⲛⲓ"/>
		<feat xlink:href="#sSpan706" value="ⲭⲏⲣⲁ"/>
		<feat xlink:href="#sSpan708" value="ϫⲉ"/>
		<feat xlink:href="#sSpan712" value="ⲛⲁⲛⲉ"/>
		<feat xlink:href="#sSpan714" value="ⲥ"/>
		<feat xlink:href="#sSpan716" value="ⲛⲱ"/>
		<feat xlink:href="#sSpan720" value="ⲟⲩ"/>
		<feat xlink:href="#sSpan722" value="ⲁⲩϣⲁⲛ"/>
		<feat xlink:href="#sSpan726" value="ϣⲱⲡⲓ"/>
		<feat xlink:href="#sSpan728" value="ⲙ"/>
		<feat xlink:href="#sSpan732" value="ⲡⲁⲓ"/>
		<feat xlink:href="#sSpan734" value="ⲣⲏϯ"/>
		<feat xlink:href="#sSpan736" value="."/>
		<feat xlink:href="#sSpan740" value="ⲓⲥϫⲉ"/>
		<feat xlink:href="#sSpan748" value="ⲇⲉ"/>
		<feat xlink:href="#sSpan752" value="ⲥⲉ"/>
		<feat xlink:href="#sSpan756" value="ⲛⲁ"/>
		<feat xlink:href="#sSpan758" value="ϣ"/>
		<feat xlink:href="#sSpan761" value="ⲉⲣⲉⲅⲕⲣⲁⲧⲉⲩⲉⲥⲑⲉ"/>
		<feat xlink:href="#sSpan765" value="ⲁⲛ"/>
		<feat xlink:href="#sSpan769" value="ⲙⲁⲣ"/>
		<feat xlink:href="#sSpan773" value="ⲟⲩ"/>
		<feat xlink:href="#sSpan775" value="ϭⲓ"/>
		<feat xlink:href="#sSpan777" value="ⲛⲁⲛⲉ"/>
		<feat xlink:href="#sSpan781" value="ⲥ"/>
		<feat xlink:href="#sSpan784" value="ⲅⲁⲣ"/>
		<feat xlink:href="#sSpan788" value="ⲉ"/>
		<feat xlink:href="#sSpan792" value="ϭⲓ"/>
		<feat xlink:href="#sSpan794" value="ⲉϩⲟⲧⲉ"/>
		<feat xlink:href="#sSpan798" value="ⲛ"/>
		<feat xlink:href="#sSpan802" value="ⲥⲉ"/>
		<feat xlink:href="#sSpan805" value="ϭⲓⲭⲣⲱⲙ"/>
		<feat xlink:href="#sSpan808" value="."/>
		<feat xlink:href="#sSpan812" value="ⲛⲏ"/>
		<feat xlink:href="#sSpan820" value="ⲇⲉ"/>
		<feat xlink:href="#sSpan824" value="ⲉⲧ"/>
		<feat xlink:href="#sSpan828" value="ⲁ"/>
		<feat xlink:href="#sSpan830" value="ⲩ"/>
		<feat xlink:href="#sSpan832" value="ϭⲓ"/>
		<feat xlink:href="#sSpan834" value="ϯ"/>
		<feat xlink:href="#sSpan838" value="ϩⲟⲛϩⲉⲛ"/>
		<feat xlink:href="#sSpan840" value="ⲛⲱ"/>
		<feat xlink:href="#sSpan844" value="ⲟⲩ"/>
		<feat xlink:href="#sSpan846" value="ⲁⲛⲟⲕ"/>
		<feat xlink:href="#sSpan850" value="ⲁⲛ"/>
		<feat xlink:href="#sSpan855" value="ⲁⲗⲗⲁ"/>
		<feat xlink:href="#sSpan859" value="ⲡ"/>
		<feat xlink:href="#sSpan863" value="ϭⲟⲓⲥ"/>
		<feat xlink:href="#sSpan865" value="ϯ"/>
		<feat xlink:href="#sSpan869" value="ⲥϩⲓⲙⲓ"/>
		<feat xlink:href="#sSpan871" value="ⲛⲧⲉ"/>
		<feat xlink:href="#sSpan875" value="ⲥ"/>
		<feat xlink:href="#sSpan877" value="ϣⲧⲉⲙ"/>
		<feat xlink:href="#sSpan879" value="ⲫⲱⲣϫ"/>
		<feat xlink:href="#sSpan881" value="ⲥⲁⲃⲟⲗ"/>
		<feat xlink:href="#sSpan885" value="ⲙ"/>
		<feat xlink:href="#sSpan889" value="ⲡⲉⲥ"/>
		<feat xlink:href="#sSpan891" value="ϩⲁⲓ"/>
		<feat xlink:href="#sSpan893" value="."/>
		<feat xlink:href="#sSpan898" value="ⲕⲁⲛ"/>
		<feat xlink:href="#sSpan905" value="ⲉϣⲱⲡ"/>
		<feat xlink:href="#sSpan909" value="ⲁⲥϣⲁⲛ"/>
		<feat xlink:href="#sSpan913" value="ⲫⲱⲣϫ"/>
		<feat xlink:href="#sSpan915" value="ⲙⲁⲣⲉ"/>
		<feat xlink:href="#sSpan919" value="ⲥ"/>
		<feat xlink:href="#sSpan921" value="ⲟϩⲓ"/>
		<feat xlink:href="#sSpan923" value="ⲛⲟⲩⲉϣⲉⲛ"/>
		<feat xlink:href="#sSpan927" value="ϭⲓ"/>
		<feat xlink:href="#sSpan929" value="ⲙⲙⲟⲛ"/>
		<feat xlink:href="#sSpan933" value="ⲙⲁⲣⲉ"/>
		<feat xlink:href="#sSpan937" value="ⲥ"/>
		<feat xlink:href="#sSpan939" value="ϩⲱⲧⲡ"/>
		<feat xlink:href="#sSpan941" value="ⲉ"/>
		<feat xlink:href="#sSpan945" value="ⲡⲉⲥ"/>
		<feat xlink:href="#sSpan947" value="ϩⲁⲓ"/>
		<feat xlink:href="#sSpan949" value="ⲟⲩⲟϩ"/>
		<feat xlink:href="#sSpan953" value="ⲡⲓ"/>
		<feat xlink:href="#sSpan957" value="ϩⲁⲓ"/>
		<feat xlink:href="#sSpan959" value="ⲛⲧⲉ"/>
		<feat xlink:href="#sSpan963" value="ϥ"/>
		<feat xlink:href="#sSpan965" value="ϣⲧⲉⲙ"/>
		<feat xlink:href="#sSpan967" value="ⲭⲁ"/>
		<feat xlink:href="#sSpan969" value="ϯ"/>
		<feat xlink:href="#sSpan971" value="ⲥϩⲓⲙⲓ"/>
		<feat xlink:href="#sSpan973" value="."/>
		<feat xlink:href="#sSpan977" value="ⲡ"/>
		<feat xlink:href="#sSpan984" value="ⲥⲉⲡⲓ"/>
		<feat xlink:href="#sSpan987" value="ⲇⲉ"/>
		<feat xlink:href="#sSpan991" value="ϯ"/>
		<feat xlink:href="#sSpan995" value="ϫⲱ"/>
		<feat xlink:href="#sSpan997" value="ⲙⲙⲟ"/>
		<feat xlink:href="#sSpan1001" value="ⲥ"/>
		<feat xlink:href="#sSpan1003" value="ⲛⲱ"/>
		<feat xlink:href="#sSpan1007" value="ⲟⲩ"/>
		<feat xlink:href="#sSpan1009" value="ⲁⲛⲟⲕ"/>
		<feat xlink:href="#sSpan1013" value="ⲡ"/>
		<feat xlink:href="#sSpan1017" value="ϭⲟⲓⲥ"/>
		<feat xlink:href="#sSpan1019" value="ⲁⲛ"/>
		<feat xlink:href="#sSpan1023" value="ϫⲉ"/>
		<feat xlink:href="#sSpan1027" value="ⲉϣⲱⲡ"/>
		<feat xlink:href="#sSpan1029" value="ⲉ"/>
		<feat xlink:href="#sSpan1033" value="ⲟⲩⲟⲛ"/>
		<feat xlink:href="#sSpan1035" value="ⲟⲩ"/>
		<feat xlink:href="#sSpan1039" value="ⲥⲟⲛ"/>
		<feat xlink:href="#sSpan1041" value="ⲉ"/>
		<feat xlink:href="#sSpan1045" value="ⲟⲩⲟⲛⲧⲉ"/>
		<feat xlink:href="#sSpan1047" value="ϥ"/>
		<feat xlink:href="#sSpan1049" value="ⲟⲩ"/>
		<feat xlink:href="#sSpan1053" value="ⲥϩⲓⲙⲓ"/>
		<feat xlink:href="#sSpan1055" value="ⲛ"/>
		<feat xlink:href="#sSpan1060" value="ⲁⲑⲛⲁϩϯ"/>
		<feat xlink:href="#sSpan1063" value="ⲙⲙⲁⲩ"/>
		<feat xlink:href="#sSpan1067" value="ⲟⲩⲟϩ"/>
		<feat xlink:href="#sSpan1071" value="ⲑⲁⲓ"/>
		<feat xlink:href="#sSpan1075" value="ⲉ"/>
		<feat xlink:href="#sSpan1079" value="ⲥ"/>
		<feat xlink:href="#sSpan1082" value="ϯⲙⲁϯ"/>
		<feat xlink:href="#sSpan1085" value="ⲉ"/>
		<feat xlink:href="#sSpan1089" value="ϣⲱⲡⲓ"/>
		<feat xlink:href="#sSpan1091" value="ⲛⲉⲙⲁ"/>
		<feat xlink:href="#sSpan1095" value="ϥ"/>
		<feat xlink:href="#sSpan1097" value="ⲙⲡⲉⲛⲑⲣⲉ"/>
		<feat xlink:href="#sSpan1101" value="ϥ"/>
		<feat xlink:href="#sSpan1103" value="ⲭⲁ"/>
		<feat xlink:href="#sSpan1105" value="ⲥ"/>
		<feat xlink:href="#sSpan1107" value="ⲛⲥⲱ"/>
		<feat xlink:href="#sSpan1111" value="ϥ"/>
		<feat xlink:href="#sSpan1113" value="."/>
		<feat xlink:href="#sSpan1117" value="ⲟⲩⲟϩ"/>
		<feat xlink:href="#sSpan1124" value="ⲟⲩ"/>
		<feat xlink:href="#sSpan1128" value="ⲥϩⲓⲙⲓ"/>
		<feat xlink:href="#sSpan1130" value="ⲉ"/>
		<feat xlink:href="#sSpan1134" value="ⲟⲩⲟⲛⲧⲁ"/>
		<feat xlink:href="#sSpan1136" value="ⲥ"/>
		<feat xlink:href="#sSpan1138" value="ⲙⲙⲁⲩ"/>
		<feat xlink:href="#sSpan1142" value="ⲛ"/>
		<feat xlink:href="#sSpan1146" value="ⲟⲩ"/>
		<feat xlink:href="#sSpan1148" value="ϩⲁⲓ"/>
		<feat xlink:href="#sSpan1150" value="ⲛ"/>
		<feat xlink:href="#sSpan1155" value="ⲁⲧⲛⲁϩϯ"/>
		<feat xlink:href="#sSpan1158" value="ⲟⲩⲟϩ"/>
		<feat xlink:href="#sSpan1162" value="ⲫⲁⲓ"/>
		<feat xlink:href="#sSpan1166" value="ⲉ"/>
		<feat xlink:href="#sSpan1170" value="ϥ"/>
		<feat xlink:href="#sSpan1173" value="ϯⲙⲁϯ"/>
		<feat xlink:href="#sSpan1176" value="ⲉ"/>
		<feat xlink:href="#sSpan1180" value="ϣⲱⲡⲓ"/>
		<feat xlink:href="#sSpan1182" value="ⲛⲉⲙⲁ"/>
		<feat xlink:href="#sSpan1186" value="ⲥ"/>
		<feat xlink:href="#sSpan1188" value="ⲙⲡⲉⲛⲑⲣⲉ"/>
		<feat xlink:href="#sSpan1192" value="ⲥ"/>
		<feat xlink:href="#sSpan1194" value="ⲭⲁ"/>
		<feat xlink:href="#sSpan1196" value="ⲡⲓ"/>
		<feat xlink:href="#sSpan1198" value="ϩⲁⲓ"/>
		<feat xlink:href="#sSpan1200" value="ⲛⲥⲱ"/>
		<feat xlink:href="#sSpan1204" value="ⲥ"/>
		<feat xlink:href="#sSpan1206" value="."/>
		<feat xlink:href="#sSpan1210" value="ⲁ"/>
		<feat xlink:href="#sSpan1217" value="ϥ"/>
		<feat xlink:href="#sSpan1219" value="ⲧⲟⲩⲃⲟ"/>
		<feat xlink:href="#sSpan1222" value="ⲅⲁⲣ"/>
		<feat xlink:href="#sSpan1226" value="ⲛϫⲉ"/>
		<feat xlink:href="#sSpan1230" value="ⲡⲓ"/>
		<feat xlink:href="#sSpan1232" value="ϩⲁⲓ"/>
		<feat xlink:href="#sSpan1234" value="ⲛ"/>
		<feat xlink:href="#sSpan1239" value="ⲁⲑⲛⲁϩϯ"/>
		<feat xlink:href="#sSpan1242" value="ϧⲉⲛ"/>
		<feat xlink:href="#sSpan1246" value="ϯ"/>
		<feat xlink:href="#sSpan1248" value="ⲥϩⲓⲙⲓ"/>
		<feat xlink:href="#sSpan1250" value="ⲟⲩⲟϩ"/>
		<feat xlink:href="#sSpan1254" value="ⲁ"/>
		<feat xlink:href="#sSpan1258" value="ⲥ"/>
		<feat xlink:href="#sSpan1260" value="ⲧⲟⲩⲃⲟ"/>
		<feat xlink:href="#sSpan1262" value="ⲛϫⲉ"/>
		<feat xlink:href="#sSpan1266" value="ϯ"/>
		<feat xlink:href="#sSpan1268" value="ⲥϩⲓⲙⲓ"/>
		<feat xlink:href="#sSpan1270" value="ⲛ"/>
		<feat xlink:href="#sSpan1275" value="ⲁⲧϩⲛⲁϩϯ"/>
		<feat xlink:href="#sSpan1278" value="ϧⲉⲛ"/>
		<feat xlink:href="#sSpan1282" value="ⲡⲓ"/>
		<feat xlink:href="#sSpan1284" value="ⲥⲟⲛ"/>
		<feat xlink:href="#sSpan1286" value="ⲙⲙⲟⲛ"/>
		<feat xlink:href="#sSpan1290" value="ϩⲁⲣⲁ"/>
		<feat xlink:href="#sSpan1294" value="ⲛⲉⲧⲉⲛ"/>
		<feat xlink:href="#sSpan1298" value="ϣⲏⲣⲓ"/>
		<feat xlink:href="#sSpan1300" value="ⲥⲉ"/>
		<feat xlink:href="#sSpan1304" value="ϭⲁϧⲉⲙ"/>
		<feat xlink:href="#sSpan1306" value="ϯⲛⲟⲩ"/>
		<feat xlink:href="#sSpan1311" value="ⲇⲉ"/>
		<feat xlink:href="#sSpan1315" value="ⲥⲉ"/>
		<feat xlink:href="#sSpan1319" value="ⲟⲩⲁⲃ"/>
		<feat xlink:href="#sSpan1321" value="."/>
		<feat xlink:href="#sSpan1325" value="ⲟⲩⲟϩ"/>
		<feat xlink:href="#sSpan1332" value="ⲓⲥϫⲉ"/>
		<feat xlink:href="#sSpan1336" value="ⲡⲓ"/>
		<feat xlink:href="#sSpan1341" value="ⲁⲑⲛⲁϩϯ"/>
		<feat xlink:href="#sSpan1344" value="ⲛⲁ"/>
		<feat xlink:href="#sSpan1348" value="ⲫⲱⲣϫ"/>
		<feat xlink:href="#sSpan1350" value="ⲙⲁⲣⲉ"/>
		<feat xlink:href="#sSpan1354" value="ϥ"/>
		<feat xlink:href="#sSpan1356" value="ⲫⲱⲣϫ"/>
		<feat xlink:href="#sSpan1358" value="ⲛ"/>
		<feat xlink:href="#sSpan1362" value="ϥ"/>
		<feat xlink:href="#sSpan1364" value="ⲟⲓ"/>
		<feat xlink:href="#sSpan1366" value="ⲙ"/>
		<feat xlink:href="#sSpan1370" value="ⲃⲱⲕ"/>
		<feat xlink:href="#sSpan1372" value="ⲁⲛ"/>
		<feat xlink:href="#sSpan1376" value="ⲛϫⲉ"/>
		<feat xlink:href="#sSpan1380" value="ⲡⲓ"/>
		<feat xlink:href="#sSpan1382" value="ⲥⲟⲛ"/>
		<feat xlink:href="#sSpan1384" value="ⲓⲉ"/>
		<feat xlink:href="#sSpan1388" value="ϯ"/>
		<feat xlink:href="#sSpan1392" value="ⲥⲱⲛⲓ"/>
		<feat xlink:href="#sSpan1394" value="ϧⲉⲛ"/>
		<feat xlink:href="#sSpan1398" value="ⲛⲁⲓ"/>
		<feat xlink:href="#sSpan1400" value="ⲙ"/>
		<feat xlink:href="#sSpan1404" value="ⲡⲁⲓ"/>
		<feat xlink:href="#sSpan1406" value="ⲣⲏϯ"/>
		<feat xlink:href="#sSpan1408" value="ⲫ"/>
		<feat xlink:href="#sSpan1412" value="ⲛⲟⲩϯ"/>
		<feat xlink:href="#sSpan1414" value="ⲁ"/>
		<feat xlink:href="#sSpan1418" value="ϥ"/>
		<feat xlink:href="#sSpan1420" value="ⲑⲁϩⲉⲙ"/>
		<feat xlink:href="#sSpan1422" value="ⲑⲏⲛⲟⲩ"/>
		<feat xlink:href="#sSpan1424" value="ϧⲉⲛ"/>
		<feat xlink:href="#sSpan1428" value="ⲟⲩ"/>
		<feat xlink:href="#sSpan1431" value="ϩⲓⲣⲏⲛⲏ"/>
		<feat xlink:href="#sSpan1433" value="."/>
		<feat xlink:href="#sSpan1437" value="ⲁⲣⲉ"/>
		<feat xlink:href="#sSpan1444" value="ⲉⲙⲓ"/>
		<feat xlink:href="#sSpan1447" value="ⲅⲁⲣ"/>
		<feat xlink:href="#sSpan1451" value="ⲑⲱⲛ"/>
		<feat xlink:href="#sSpan1455" value="ϯ"/>
		<feat xlink:href="#sSpan1459" value="ⲥϩⲓⲙⲓ"/>
		<feat xlink:href="#sSpan1461" value="ϫⲉ"/>
		<feat xlink:href="#sSpan1465" value="ⲁⲣⲏⲟⲩ"/>
		<feat xlink:href="#sSpan1467" value="ⲧⲉⲣ"/>
		<feat xlink:href="#sSpan1471" value="ⲁ"/>
		<feat xlink:href="#sSpan1473" value="ϣ"/>
		<feat xlink:href="#sSpan1475" value="ⲛⲟϩⲉⲙ"/>
		<feat xlink:href="#sSpan1477" value="ⲙ"/>
		<feat xlink:href="#sSpan1481" value="ⲡⲉ"/>
		<feat xlink:href="#sSpan1483" value="ϩⲁⲓ"/>
		<feat xlink:href="#sSpan1485" value="ⲓⲉ"/>
		<feat xlink:href="#sSpan1489" value="ⲁ"/>
		<feat xlink:href="#sSpan1493" value="ⲕ"/>
		<feat xlink:href="#sSpan1495" value="ⲥⲱⲟⲩⲛ"/>
		<feat xlink:href="#sSpan1497" value="ⲑⲱⲛ"/>
		<feat xlink:href="#sSpan1501" value="ⲡⲓ"/>
		<feat xlink:href="#sSpan1505" value="ⲣⲱⲙⲓ"/>
		<feat xlink:href="#sSpan1507" value="ϫⲉ"/>
		<feat xlink:href="#sSpan1511" value="ⲁⲣⲏⲟⲩ"/>
		<feat xlink:href="#sSpan1513" value="ⲭ"/>
		<feat xlink:href="#sSpan1517" value="ⲛⲁ"/>
		<feat xlink:href="#sSpan1519" value="ϣ"/>
		<feat xlink:href="#sSpan1521" value="ⲛⲟϩⲉⲙ"/>
		<feat xlink:href="#sSpan1523" value="ⲛ"/>
		<feat xlink:href="#sSpan1527" value="ⲧⲉⲕ"/>
		<feat xlink:href="#sSpan1529" value="ⲥϩⲓⲙⲓ"/>
		<feat xlink:href="#sSpan1531" value="."/>
		<feat xlink:href="#sSpan1536" value="ⲓⲙⲏϯ"/>
		<feat xlink:href="#sSpan1543" value="ⲉ"/>
		<feat xlink:href="#sSpan1547" value="ⲡⲓ"/>
		<feat xlink:href="#sSpan1549" value="ⲣⲏϯ"/>
		<feat xlink:href="#sSpan1551" value="ⲉⲧ"/>
		<feat xlink:href="#sSpan1555" value="ⲁ"/>
		<feat xlink:href="#sSpan1557" value="ⲡ"/>
		<feat xlink:href="#sSpan1559" value="ϭⲟⲓⲥ"/>
		<feat xlink:href="#sSpan1561" value="ⲑⲁϣ"/>
		<feat xlink:href="#sSpan1565" value="ϥ"/>
		<feat xlink:href="#sSpan1567" value="ⲙ"/>
		<feat xlink:href="#sSpan1571" value="ⲡⲓ"/>
		<feat xlink:href="#sSpan1573" value="ⲟⲩⲁⲓ"/>
		<feat xlink:href="#sSpan1575" value="ⲡⲓ"/>
		<feat xlink:href="#sSpan1579" value="ⲟⲩⲁⲓ"/>
		<feat xlink:href="#sSpan1581" value="ⲙ"/>
		<feat xlink:href="#sSpan1585" value="ⲫ"/>
		<feat xlink:href="#sSpan1587" value="ⲣⲏϯ"/>
		<feat xlink:href="#sSpan1589" value="ⲉⲧ"/>
		<feat xlink:href="#sSpan1593" value="ⲁ"/>
		<feat xlink:href="#sSpan1595" value="ⲫ"/>
		<feat xlink:href="#sSpan1597" value="ⲛⲟⲩϯ"/>
		<feat xlink:href="#sSpan1599" value="ⲑⲁϩⲉⲙ"/>
		<feat xlink:href="#sSpan1603" value="ⲫ"/>
		<feat xlink:href="#sSpan1605" value="ⲟⲩⲁⲓ"/>
		<feat xlink:href="#sSpan1607" value="ⲫ"/>
		<feat xlink:href="#sSpan1611" value="ⲟⲩⲁⲓ"/>
		<feat xlink:href="#sSpan1613" value="ⲡⲁⲓ"/>
		<feat xlink:href="#sSpan1617" value="ⲣⲏϯ"/>
		<feat xlink:href="#sSpan1619" value="ⲙⲁⲣⲉ"/>
		<feat xlink:href="#sSpan1623" value="ϥ"/>
		<feat xlink:href="#sSpan1625" value="ⲙⲟϣⲓ"/>
		<feat xlink:href="#sSpan1627" value="ⲛϧⲏⲧ"/>
		<feat xlink:href="#sSpan1631" value="ϥ"/>
		<feat xlink:href="#sSpan1633" value="ⲡⲁⲓ"/>
		<feat xlink:href="#sSpan1637" value="ⲣⲏϯ"/>
		<feat xlink:href="#sSpan1639" value="ⲟⲛ"/>
		<feat xlink:href="#sSpan1643" value="ⲉⲧ"/>
		<feat xlink:href="#sSpan1647" value="ⲓ"/>
		<feat xlink:href="#sSpan1650" value="ⲟⲩⲁϩⲥⲁϩⲛⲓ"/>
		<feat xlink:href="#sSpan1653" value="ϧⲉⲛ"/>
		<feat xlink:href="#sSpan1657" value="ⲛⲓ"/>
		<feat xlink:href="#sSpan1660" value="ⲉⲕⲕⲗⲏⲥⲓⲁ"/>
		<feat xlink:href="#sSpan1662" value="ⲧⲏⲣ"/>
		<feat xlink:href="#sSpan1666" value="ⲟⲩ"/>
		<feat xlink:href="#sSpan1668" value="."/>
		<feat xlink:href="#sSpan1672" value="ⲁ"/>
		<feat xlink:href="#sSpan1679" value="ⲩ"/>
		<feat xlink:href="#sSpan1681" value="ⲑⲁϩⲉⲙ"/>
		<feat xlink:href="#sSpan1683" value="ⲟⲩⲁⲓ"/>
		<feat xlink:href="#sSpan1685" value="ⲉ"/>
		<feat xlink:href="#sSpan1689" value="ϥ"/>
		<feat xlink:href="#sSpan1691" value="ⲥⲟⲩⲃⲏⲧ"/>
		<feat xlink:href="#sSpan1693" value="ⲙⲡⲉⲛⲑⲣⲉ"/>
		<feat xlink:href="#sSpan1697" value="ϥ"/>
		<feat xlink:href="#sSpan1699" value="ⲥⲉⲕ"/>
		<feat xlink:href="#sSpan1701" value="ϯ"/>
		<feat xlink:href="#sSpan1704" value="ⲙⲉⲧⲁⲧⲥⲉⲃⲓ"/>
		<feat xlink:href="#sSpan1708" value="ⲛⲁ"/>
		<feat xlink:href="#sSpan1712" value="ϥ"/>
		<feat xlink:href="#sSpan1714" value="ⲁ"/>
		<feat xlink:href="#sSpan1718" value="ⲩ"/>
		<feat xlink:href="#sSpan1720" value="ⲑⲁϩⲉⲙ"/>
		<feat xlink:href="#sSpan1722" value="ⲟⲩⲁⲓ"/>
		<feat xlink:href="#sSpan1724" value="ϧⲉⲛ"/>
		<feat xlink:href="#sSpan1728" value="ϯ"/>
		<feat xlink:href="#sSpan1731" value="ⲙⲉⲧⲁⲧⲥⲉⲃⲓ"/>
		<feat xlink:href="#sSpan1735" value="ⲙⲡⲉⲛⲑⲣⲉ"/>
		<feat xlink:href="#sSpan1739" value="ϥ"/>
		<feat xlink:href="#sSpan1741" value="ⲥⲟⲩⲃⲏⲧ"/>
		<feat xlink:href="#sSpan1743" value="ϥ"/>
		<feat xlink:href="#sSpan1745" value="."/>
		<feat xlink:href="#sSpan1749" value="ⲡ"/>
		<feat xlink:href="#sSpan1756" value="ⲥⲉⲡⲓ"/>
		<feat xlink:href="#sSpan1759" value="ⲅⲁⲣ"/>
		<feat xlink:href="#sSpan1763" value="ϩⲗⲓ"/>
		<feat xlink:href="#sSpan1767" value="ⲡⲉ"/>
		<feat xlink:href="#sSpan1771" value="ⲟⲩⲟϩ"/>
		<feat xlink:href="#sSpan1775" value="ϯ"/>
		<feat xlink:href="#sSpan1780" value="ⲙⲉⲧⲁⲧⲥⲉⲃⲓ"/>
		<feat xlink:href="#sSpan1784" value="ϩⲗⲓ"/>
		<feat xlink:href="#sSpan1788" value="ⲧⲉ"/>
		<feat xlink:href="#sSpan1793" value="ⲁⲗⲗⲁ"/>
		<feat xlink:href="#sSpan1797" value="ⲡⲓ"/>
		<feat xlink:href="#sSpan1801" value="ⲁⲣⲉϩ"/>
		<feat xlink:href="#sSpan1803" value="ⲉ"/>
		<feat xlink:href="#sSpan1807" value="ⲛⲓ"/>
		<feat xlink:href="#sSpan1810" value="ⲉⲛⲧⲟⲗⲏ"/>
		<feat xlink:href="#sSpan1812" value="ⲛⲧⲉ"/>
		<feat xlink:href="#sSpan1816" value="ⲫ"/>
		<feat xlink:href="#sSpan1818" value="ⲛⲟⲩϯ"/>
		<feat xlink:href="#sSpan1820" value="."/>
		<feat xlink:href="#sSpan1824" value="ⲡⲓ"/>
		<feat xlink:href="#sSpan1831" value="ⲟⲩⲁⲓ"/>
		<feat xlink:href="#sSpan1833" value="ⲡⲓ"/>
		<feat xlink:href="#sSpan1837" value="ⲟⲩⲁⲓ"/>
		<feat xlink:href="#sSpan1839" value="ϧⲉⲛ"/>
		<feat xlink:href="#sSpan1843" value="ⲡⲓ"/>
		<feat xlink:href="#sSpan1845" value="ⲑⲱϩⲉⲙ"/>
		<feat xlink:href="#sSpan1847" value="ⲉⲧ"/>
		<feat xlink:href="#sSpan1851" value="ⲁ"/>
		<feat xlink:href="#sSpan1853" value="ⲩ"/>
		<feat xlink:href="#sSpan1855" value="ⲑⲁϩⲙⲉ"/>
		<feat xlink:href="#sSpan1857" value="ϥ"/>
		<feat xlink:href="#sSpan1859" value="ⲛϧⲏⲧ"/>
		<feat xlink:href="#sSpan1863" value="ϥ"/>
		<feat xlink:href="#sSpan1865" value="ⲙⲁⲣⲉ"/>
		<feat xlink:href="#sSpan1869" value="ϥ"/>
		<feat xlink:href="#sSpan1871" value="ϣⲱⲡⲓ"/>
		<feat xlink:href="#sSpan1873" value="ⲛϧⲏⲧ"/>
		<feat xlink:href="#sSpan1877" value="ϥ"/>
		<feat xlink:href="#sSpan1879" value="."/>
		<feat xlink:href="#sSpan1883" value="ⲁ"/>
		<feat xlink:href="#sSpan1890" value="ⲩ"/>
		<feat xlink:href="#sSpan1892" value="ⲑⲁϩⲙⲉ"/>
		<feat xlink:href="#sSpan1894" value="ⲕ"/>
		<feat xlink:href="#sSpan1896" value="ⲉ"/>
		<feat xlink:href="#sSpan1900" value="ⲕ"/>
		<feat xlink:href="#sSpan1902" value="ⲟⲓ"/>
		<feat xlink:href="#sSpan1904" value="ⲙ"/>
		<feat xlink:href="#sSpan1908" value="ⲃⲱⲕ"/>
		<feat xlink:href="#sSpan1910" value="ⲙⲡⲉⲛⲑⲣⲉ"/>
		<feat xlink:href="#sSpan1914" value="ⲥ"/>
		<feat xlink:href="#sSpan1917" value="ⲉⲣⲙⲉⲗⲓ"/>
		<feat xlink:href="#sSpan1921" value="ⲛⲁ"/>
		<feat xlink:href="#sSpan1925" value="ⲕ"/>
		<feat xlink:href="#sSpan1928" value="ⲁⲗⲗⲁ"/>
		<feat xlink:href="#sSpan1932" value="ⲓⲥϫⲉ"/>
		<feat xlink:href="#sSpan1936" value="ⲟⲩⲟⲛ"/>
		<feat xlink:href="#sSpan1940" value="ϣϫⲟⲙ"/>
		<feat xlink:href="#sSpan1942" value="ⲙⲙⲟ"/>
		<feat xlink:href="#sSpan1946" value="ⲕ"/>
		<feat xlink:href="#sSpan1948" value="ⲉ"/>
		<feat xlink:href="#sSpan1953" value="ⲉⲣⲣⲉⲙϩⲉ"/>
		<feat xlink:href="#sSpan1957" value="ⲙⲁⲗⲗⲟⲛ"/>
		<feat xlink:href="#sSpan1961" value="ⲁⲣⲓⲟⲩⲓ"/>
		<feat xlink:href="#sSpan1965" value="."/>
		<feat xlink:href="#sSpan1969" value="ⲡⲓ"/>
		<feat xlink:href="#sSpan1976" value="ⲃⲱⲕ"/>
		<feat xlink:href="#sSpan1979" value="ⲅⲁⲣ"/>
		<feat xlink:href="#sSpan1983" value="ⲉⲧ"/>
		<feat xlink:href="#sSpan1987" value="ⲁ"/>
		<feat xlink:href="#sSpan1989" value="ⲩ"/>
		<feat xlink:href="#sSpan1991" value="ⲑⲁϩⲙⲉ"/>
		<feat xlink:href="#sSpan1993" value="ϥ"/>
		<feat xlink:href="#sSpan1995" value="ϧⲉⲛ"/>
		<feat xlink:href="#sSpan1999" value="ⲡ"/>
		<feat xlink:href="#sSpan2001" value="ϭⲟⲓⲥ"/>
		<feat xlink:href="#sSpan2003" value="ⲟⲩ"/>
		<feat xlink:href="#sSpan2008" value="ⲁⲡⲉⲗⲉⲩⲑⲉⲣⲟⲥ"/>
		<feat xlink:href="#sSpan2010" value="ⲛⲧⲉ"/>
		<feat xlink:href="#sSpan2014" value="ⲡ"/>
		<feat xlink:href="#sSpan2016" value="ϭⲟⲓⲥ"/>
		<feat xlink:href="#sSpan2018" value="ⲡⲉ"/>
		<feat xlink:href="#sSpan2022" value="ⲡⲁⲓ"/>
		<feat xlink:href="#sSpan2026" value="ⲣⲏϯ"/>
		<feat xlink:href="#sSpan2028" value="ⲟⲛ"/>
		<feat xlink:href="#sSpan2032" value="ⲡⲓ"/>
		<feat xlink:href="#sSpan2036" value="ⲣⲉⲙϩⲉ"/>
		<feat xlink:href="#sSpan2038" value="ⲉⲧ"/>
		<feat xlink:href="#sSpan2042" value="ⲁ"/>
		<feat xlink:href="#sSpan2044" value="ⲩ"/>
		<feat xlink:href="#sSpan2046" value="ⲑⲁϩⲙⲉ"/>
		<feat xlink:href="#sSpan2048" value="ϥ"/>
		<feat xlink:href="#sSpan2050" value="ⲟⲩ"/>
		<feat xlink:href="#sSpan2054" value="ⲃⲱⲕ"/>
		<feat xlink:href="#sSpan2056" value="ⲛⲧⲉ"/>
		<feat xlink:href="#sSpan2060" value="ⲡ"/>
		<feat xlink:href="#sSpan2063" value="ⲭⲣⲓⲥⲧⲟⲥ"/>
		<feat xlink:href="#sSpan2065" value="ⲡⲉ"/>
		<feat xlink:href="#sSpan2069" value="."/>
		<feat xlink:href="#sSpan2073" value="ⲁ"/>
		<feat xlink:href="#sSpan2080" value="ⲩ"/>
		<feat xlink:href="#sSpan2082" value="ϣⲉⲡ"/>
		<feat xlink:href="#sSpan2084" value="ⲑⲏⲛⲟⲩ"/>
		<feat xlink:href="#sSpan2086" value="ϧⲁ"/>
		<feat xlink:href="#sSpan2090" value="ⲟⲩ"/>
		<feat xlink:href="#sSpan2093" value="ⲧⲓⲙⲏ"/>
		<feat xlink:href="#sSpan2095" value="ⲙⲡⲉⲣ"/>
		<feat xlink:href="#sSpan2100" value="ⲉⲣⲃⲱⲕ"/>
		<feat xlink:href="#sSpan2103" value="ⲛ"/>
		<feat xlink:href="#sSpan2107" value="ⲛⲓ"/>
		<feat xlink:href="#sSpan2109" value="ⲣⲱⲙⲓ"/>
		<feat xlink:href="#sSpan2111" value="."/>
		<feat xlink:href="#sSpan2115" value="ⲡⲓ"/>
		<feat xlink:href="#sSpan2122" value="ⲟⲩⲁⲓ"/>
		<feat xlink:href="#sSpan2124" value="ⲡⲓ"/>
		<feat xlink:href="#sSpan2128" value="ⲟⲩⲁⲓ"/>
		<feat xlink:href="#sSpan2130" value="ⲛⲁ"/>
		<feat xlink:href="#sSpan2134" value="ⲥⲛⲏⲟⲩ"/>
		<feat xlink:href="#sSpan2136" value="ϧⲉⲛ"/>
		<feat xlink:href="#sSpan2140" value="ⲫⲏ"/>
		<feat xlink:href="#sSpan2142" value="ⲉⲧ"/>
		<feat xlink:href="#sSpan2146" value="ⲁ"/>
		<feat xlink:href="#sSpan2148" value="ⲩ"/>
		<feat xlink:href="#sSpan2150" value="ⲑⲁϩⲙⲉ"/>
		<feat xlink:href="#sSpan2152" value="ϥ"/>
		<feat xlink:href="#sSpan2154" value="ⲛϧⲏⲧ"/>
		<feat xlink:href="#sSpan2158" value="ϥ"/>
		<feat xlink:href="#sSpan2160" value="ϧⲉⲛ"/>
		<feat xlink:href="#sSpan2164" value="ⲫⲁⲓ"/>
		<feat xlink:href="#sSpan2166" value="ⲙⲁⲣⲉ"/>
		<feat xlink:href="#sSpan2170" value="ϥ"/>
		<feat xlink:href="#sSpan2172" value="ϣⲱⲡⲓ"/>
		<feat xlink:href="#sSpan2174" value="ϧⲁⲧⲉⲛ"/>
		<feat xlink:href="#sSpan2178" value="ⲫ"/>
		<feat xlink:href="#sSpan2180" value="ⲛⲟⲩϯ"/>
		<feat xlink:href="#sSpan2182" value="."/>
		<feat xlink:href="#sSpan2186" value="ⲉⲑⲃⲉ"/>
		<feat xlink:href="#sSpan2193" value="ⲛⲓ"/>
		<feat xlink:href="#sSpan2196" value="ⲡⲁⲣⲑⲉⲛⲟⲥ"/>
		<feat xlink:href="#sSpan2199" value="ⲇⲉ"/>
		<feat xlink:href="#sSpan2203" value="ⲙⲙⲟⲛⲧ"/>
		<feat xlink:href="#sSpan2207" value="ⲓ"/>
		<feat xlink:href="#sSpan2210" value="ⲟⲩⲁϩⲥⲁϩⲛⲓ"/>
		<feat xlink:href="#sSpan2215" value="ⲙⲙⲁⲩ"/>
		<feat xlink:href="#sSpan2219" value="ⲛⲧⲉⲛ"/>
		<feat xlink:href="#sSpan2223" value="ⲡ"/>
		<feat xlink:href="#sSpan2225" value="ϭⲟⲓⲥ"/>
		<feat xlink:href="#sSpan2227" value="ⲟⲩ"/>
		<feat xlink:href="#sSpan2232" value="ⲅⲛⲱⲙⲏ"/>
		<feat xlink:href="#sSpan2235" value="ⲇⲉ"/>
		<feat xlink:href="#sSpan2239" value="ⲡ"/>
		<feat xlink:href="#sSpan2243" value="ⲉⲧ"/>
		<feat xlink:href="#sSpan2245" value="ⲓ"/>
		<feat xlink:href="#sSpan2247" value="ϯ"/>
		<feat xlink:href="#sSpan2249" value="ⲙⲙⲟ"/>
		<feat xlink:href="#sSpan2253" value="ⲥ"/>
		<feat xlink:href="#sSpan2256" value="ϩⲱⲥ"/>
		<feat xlink:href="#sSpan2260" value="ⲉ"/>
		<feat xlink:href="#sSpan2265" value="ⲁ"/>
		<feat xlink:href="#sSpan2267" value="ⲩ"/>
		<feat xlink:href="#sSpan2269" value="ⲛⲁⲓ"/>
		<feat xlink:href="#sSpan2271" value="ⲛⲏ"/>
		<feat xlink:href="#sSpan2275" value="ⲓ"/>
		<feat xlink:href="#sSpan2277" value="ⲉⲃⲟⲗ"/>
		<feat xlink:href="#sSpan2281" value="ϩⲓⲧⲉⲛ"/>
		<feat xlink:href="#sSpan2285" value="ⲡ"/>
		<feat xlink:href="#sSpan2287" value="ϭⲟⲓⲥ"/>
		<feat xlink:href="#sSpan2289" value="ⲉ"/>
		<feat xlink:href="#sSpan2293" value="ⲑⲣ"/>
		<feat xlink:href="#sSpan2295" value="ⲓ"/>
		<feat xlink:href="#sSpan2297" value="ϣⲱⲡⲓ"/>
		<feat xlink:href="#sSpan2299" value="ⲙ"/>
		<feat xlink:href="#sSpan2304" value="ⲡⲓⲥⲧⲟⲥ"/>
		<feat xlink:href="#sSpan2306" value="."/>
		<feat xlink:href="#sSpan2310" value="ϯ"/>
		<feat xlink:href="#sSpan2317" value="ⲙⲉⲩⲓ"/>
		<feat xlink:href="#sSpan2320" value="ⲟⲩⲛ"/>
		<feat xlink:href="#sSpan2324" value="ϫⲉ"/>
		<feat xlink:href="#sSpan2328" value="ⲛⲁⲛⲉ"/>
		<feat xlink:href="#sSpan2330" value="ⲫⲁⲓ"/>
		<feat xlink:href="#sSpan2332" value="ⲉ"/>
		<feat xlink:href="#sSpan2336" value="ⲑⲣⲉ"/>
		<feat xlink:href="#sSpan2338" value="ϥ"/>
		<feat xlink:href="#sSpan2340" value="ϣⲱⲡⲓ"/>
		<feat xlink:href="#sSpan2342" value="ⲉⲑⲃⲉ"/>
		<feat xlink:href="#sSpan2346" value="ϯ"/>
		<feat xlink:href="#sSpan2349" value="ⲁⲛⲁⲅⲕⲏ"/>
		<feat xlink:href="#sSpan2351" value="ⲉⲧ"/>
		<feat xlink:href="#sSpan2355" value="ϣⲟⲡ"/>
		<feat xlink:href="#sSpan2357" value="ϫⲉ"/>
		<feat xlink:href="#sSpan2361" value="ⲛⲁⲛⲉ"/>
		<feat xlink:href="#sSpan2363" value="ⲥ"/>
		<feat xlink:href="#sSpan2365" value="ⲙ"/>
		<feat xlink:href="#sSpan2369" value="ⲡⲓ"/>
		<feat xlink:href="#sSpan2371" value="ⲣⲱⲙⲓ"/>
		<feat xlink:href="#sSpan2373" value="ⲉ"/>
		<feat xlink:href="#sSpan2377" value="ⲑⲣⲉ"/>
		<feat xlink:href="#sSpan2380" value="ϥ"/>
		<feat xlink:href="#sSpan2383" value="ϣⲱⲡⲓ"/>
		<feat xlink:href="#sSpan2385" value="ⲙ"/>
		<feat xlink:href="#sSpan2389" value="ⲡⲁⲓ"/>
		<feat xlink:href="#sSpan2391" value="ⲣⲏϯ"/>
		<feat xlink:href="#sSpan2393" value="."/>
		<feat xlink:href="#sSpan2397" value="ⲕ"/>
		<feat xlink:href="#sSpan2404" value="ⲥⲟⲛϩ"/>
		<feat xlink:href="#sSpan2406" value="ⲉ"/>
		<feat xlink:href="#sSpan2410" value="ⲥϩⲓⲙⲓ"/>
		<feat xlink:href="#sSpan2412" value="ⲙⲡⲉⲣ"/>
		<feat xlink:href="#sSpan2416" value="ⲕⲱϯ"/>
		<feat xlink:href="#sSpan2418" value="ⲛⲥⲁ"/>
		<feat xlink:href="#sSpan2422" value="ⲃⲟⲗ"/>
		<feat xlink:href="#sSpan2424" value="ⲕ"/>
		<feat xlink:href="#sSpan2426" value="ⲕ"/>
		<feat xlink:href="#sSpan2430" value="ⲃⲏⲗ"/>
		<feat xlink:href="#sSpan2432" value="ⲉⲃⲟⲗ"/>
		<feat xlink:href="#sSpan2436" value="ⲛ"/>
		<feat xlink:href="#sSpan2440" value="ⲥϩⲓⲙⲓ"/>
		<feat xlink:href="#sSpan2442" value="ⲙⲡⲉⲣ"/>
		<feat xlink:href="#sSpan2446" value="ⲕⲱϯ"/>
		<feat xlink:href="#sSpan2448" value="ⲛⲥⲁ"/>
		<feat xlink:href="#sSpan2452" value="ⲥϩⲓⲙⲓ"/>
		<feat xlink:href="#sSpan2454" value="."/>
		<feat xlink:href="#sSpan2459" value="ⲕⲁⲛ"/>
		<feat xlink:href="#sSpan2466" value="ⲉϣⲱⲡ"/>
		<feat xlink:href="#sSpan2470" value="ⲁⲕϣⲁⲛ"/>
		<feat xlink:href="#sSpan2474" value="ϭⲓ"/>
		<feat xlink:href="#sSpan2476" value="ⲙⲡⲉ"/>
		<feat xlink:href="#sSpan2480" value="ⲕ"/>
		<feat xlink:href="#sSpan2483" value="ⲉⲣⲛⲟⲃⲓ"/>
		<feat xlink:href="#sSpan2486" value="ⲟⲩⲟϩ"/>
		<feat xlink:href="#sSpan2490" value="ⲉϣⲱⲡ"/>
		<feat xlink:href="#sSpan2494" value="ⲁⲥϣⲁⲛ"/>
		<feat xlink:href="#sSpan2498" value="ϭⲓ"/>
		<feat xlink:href="#sSpan2500" value="ⲛϫⲉ"/>
		<feat xlink:href="#sSpan2504" value="ϯ"/>
		<feat xlink:href="#sSpan2507" value="ⲡⲁⲣⲑⲉⲛⲟⲥ"/>
		<feat xlink:href="#sSpan2509" value="ⲙⲡⲁ"/>
		<feat xlink:href="#sSpan2513" value="ⲥ"/>
		<feat xlink:href="#sSpan2516" value="ⲉⲣⲛⲟⲃⲓ"/>
		<feat xlink:href="#sSpan2519" value="ⲉⲩⲉ"/>
		<feat xlink:href="#sSpan2523" value="ϭⲓ"/>
		<feat xlink:href="#sSpan2526" value="ⲇⲉ"/>
		<feat xlink:href="#sSpan2530" value="ⲛ"/>
		<feat xlink:href="#sSpan2534" value="ⲟⲩ"/>
		<feat xlink:href="#sSpan2536" value="ϩⲟϫϩⲉϫ"/>
		<feat xlink:href="#sSpan2538" value="ⲛ"/>
		<feat xlink:href="#sSpan2542" value="ⲧⲟⲩ"/>
		<feat xlink:href="#sSpan2545" value="ⲥⲁⲣⲝ"/>
		<feat xlink:href="#sSpan2547" value="ⲛϫⲉ"/>
		<feat xlink:href="#sSpan2551" value="ⲛⲁⲓ"/>
		<feat xlink:href="#sSpan2553" value="ⲙ"/>
		<feat xlink:href="#sSpan2557" value="ⲡⲁⲓ"/>
		<feat xlink:href="#sSpan2559" value="ⲣⲏϯ"/>
		<feat xlink:href="#sSpan2561" value="ⲁⲛⲟⲕ"/>
		<feat xlink:href="#sSpan2566" value="ⲇⲉ"/>
		<feat xlink:href="#sSpan2570" value="ϯ"/>
		<feat xlink:href="#sSpan2575" value="ϯⲁⲥⲟ"/>
		<feat xlink:href="#sSpan2578" value="ⲉⲣⲱ"/>
		<feat xlink:href="#sSpan2582" value="ⲧⲉⲛ"/>
		<feat xlink:href="#sSpan2584" value="."/>
		<feat xlink:href="#sSpan2588" value="ⲫⲁⲓ"/>
		<feat xlink:href="#sSpan2596" value="ⲇⲉ"/>
		<feat xlink:href="#sSpan2600" value="ϯ"/>
		<feat xlink:href="#sSpan2604" value="ϫⲱ"/>
		<feat xlink:href="#sSpan2606" value="ⲙⲙⲟ"/>
		<feat xlink:href="#sSpan2610" value="ϥ"/>
		<feat xlink:href="#sSpan2612" value="ⲛⲁ"/>
		<feat xlink:href="#sSpan2616" value="ⲥⲛⲏⲟⲩ"/>
		<feat xlink:href="#sSpan2618" value="ϫⲉ"/>
		<feat xlink:href="#sSpan2622" value="ⲡ"/>
		<feat xlink:href="#sSpan2624" value="ⲥⲏⲟⲩ"/>
		<feat xlink:href="#sSpan2626" value="ⲙ"/>
		<feat xlink:href="#sSpan2630" value="ⲡ"/>
		<feat xlink:href="#sSpan2632" value="ⲱⲣϥ"/>
		<feat xlink:href="#sSpan2634" value="ⲡⲉ"/>
		<feat xlink:href="#sSpan2639" value="ⲧⲟⲗⲟⲓⲡⲟⲛ"/>
		<feat xlink:href="#sSpan2644" value="ϩⲓⲛⲁ"/>
		<feat xlink:href="#sSpan2648" value="ⲛⲏ"/>
		<feat xlink:href="#sSpan2652" value="ⲉⲧⲉ"/>
		<feat xlink:href="#sSpan2656" value="ⲟⲩⲟⲛⲧ"/>
		<feat xlink:href="#sSpan2658" value="ⲟⲩ"/>
		<feat xlink:href="#sSpan2660" value="ⲥϩⲓⲙⲓ"/>
		<feat xlink:href="#sSpan2662" value="ⲙⲙⲁⲩ"/>
		<feat xlink:href="#sSpan2666" value="ⲛ"/>
		<feat xlink:href="#sSpan2670" value="ⲥⲉ"/>
		<feat xlink:href="#sSpan2672" value="ⲉⲣ"/>
		<feat xlink:href="#sSpan2674" value="ⲙ"/>
		<feat xlink:href="#sSpan2678" value="ⲫ"/>
		<feat xlink:href="#sSpan2680" value="ⲣⲏϯ"/>
		<feat xlink:href="#sSpan2682" value="ⲛ"/>
		<feat xlink:href="#sSpan2686" value="ⲛⲏ"/>
		<feat xlink:href="#sSpan2688" value="ⲉⲧⲉ"/>
		<feat xlink:href="#sSpan2692" value="ⲙⲙⲟⲛⲧⲱ"/>
		<feat xlink:href="#sSpan2694" value="ⲟⲩ"/>
		<feat xlink:href="#sSpan2696" value="."/>
		<feat xlink:href="#sSpan2700" value="ⲛⲏ"/>
		<feat xlink:href="#sSpan2707" value="ⲉⲧ"/>
		<feat xlink:href="#sSpan2711" value="ⲣⲓⲙⲓ"/>
		<feat xlink:href="#sSpan2714" value="ϩⲱⲥ"/>
		<feat xlink:href="#sSpan2718" value="ⲛ"/>
		<feat xlink:href="#sSpan2722" value="ⲥⲉ"/>
		<feat xlink:href="#sSpan2724" value="ⲣⲓⲙⲓ"/>
		<feat xlink:href="#sSpan2726" value="ⲁⲛ"/>
		<feat xlink:href="#sSpan2730" value="ⲛⲏ"/>
		<feat xlink:href="#sSpan2734" value="ⲉⲧ"/>
		<feat xlink:href="#sSpan2738" value="ⲣⲁϣⲓ"/>
		<feat xlink:href="#sSpan2741" value="ϩⲱⲥ"/>
		<feat xlink:href="#sSpan2745" value="ⲛ"/>
		<feat xlink:href="#sSpan2749" value="ⲥⲉ"/>
		<feat xlink:href="#sSpan2751" value="ⲣⲁϣⲓ"/>
		<feat xlink:href="#sSpan2753" value="ⲁⲛ"/>
		<feat xlink:href="#sSpan2757" value="ⲛⲏ"/>
		<feat xlink:href="#sSpan2761" value="ⲉⲧ"/>
		<feat xlink:href="#sSpan2765" value="ϣⲱⲡ"/>
		<feat xlink:href="#sSpan2768" value="ϩⲱⲥ"/>
		<feat xlink:href="#sSpan2772" value="ⲛ"/>
		<feat xlink:href="#sSpan2776" value="ⲥⲉ"/>
		<feat xlink:href="#sSpan2778" value="ⲁⲙⲟⲛⲓ"/>
		<feat xlink:href="#sSpan2780" value="ⲁⲛ"/>
		<feat xlink:href="#sSpan2784" value="."/>
		<feat xlink:href="#sSpan2788" value="ⲛⲏ"/>
		<feat xlink:href="#sSpan2795" value="ⲉⲧ"/>
		<feat xlink:href="#sSpan2800" value="ⲉⲣⲭⲣⲁⲥⲑⲉ"/>
		<feat xlink:href="#sSpan2804" value="ⲙ"/>
		<feat xlink:href="#sSpan2808" value="ⲡⲓ"/>
		<feat xlink:href="#sSpan2811" value="ⲕⲟⲥⲙⲟⲥ"/>
		<feat xlink:href="#sSpan2814" value="ϩⲱⲥ"/>
		<feat xlink:href="#sSpan2818" value="ⲛ"/>
		<feat xlink:href="#sSpan2822" value="ⲥⲉ"/>
		<feat xlink:href="#sSpan2825" value="ⲉⲣⲕⲁⲧⲁⲭⲣⲁⲥⲑⲉ"/>
		<feat xlink:href="#sSpan2829" value="ⲁⲛ"/>
		<feat xlink:href="#sSpan2833" value="ϥ"/>
		<feat xlink:href="#sSpan2837" value="ⲛⲁ"/>
		<feat xlink:href="#sSpan2839" value="ⲥⲓⲛⲓ"/>
		<feat xlink:href="#sSpan2842" value="ⲅⲁⲣ"/>
		<feat xlink:href="#sSpan2846" value="ⲛϫⲉ"/>
		<feat xlink:href="#sSpan2850" value="ⲡⲓ"/>
		<feat xlink:href="#sSpan2853" value="ⲥⲭⲏⲙⲁ"/>
		<feat xlink:href="#sSpan2855" value="ⲛⲧⲉ"/>
		<feat xlink:href="#sSpan2859" value="ⲡⲁⲓ"/>
		<feat xlink:href="#sSpan2862" value="ⲕⲟⲥⲙⲟⲥ"/>
		<feat xlink:href="#sSpan2864" value="."/>
		<feat xlink:href="#sSpan2868" value="ϯ"/>
		<feat xlink:href="#sSpan2875" value="ⲟⲩⲉϣ"/>
		<feat xlink:href="#sSpan2877" value="ⲑⲏⲛⲟⲩ"/>
		<feat xlink:href="#sSpan2880" value="ⲇⲉ"/>
		<feat xlink:href="#sSpan2884" value="ⲉⲣⲉ"/>
		<feat xlink:href="#sSpan2888" value="ⲧⲉⲛ"/>
		<feat xlink:href="#sSpan2890" value="ⲟⲓ"/>
		<feat xlink:href="#sSpan2892" value="ⲛ"/>
		<feat xlink:href="#sSpan2897" value="ⲁⲧⲣⲱⲟⲩϣ"/>
		<feat xlink:href="#sSpan2900" value="ⲫⲏ"/>
		<feat xlink:href="#sSpan2904" value="ⲉⲧⲉ"/>
		<feat xlink:href="#sSpan2908" value="ⲙⲡⲉ"/>
		<feat xlink:href="#sSpan2910" value="ϥ"/>
		<feat xlink:href="#sSpan2912" value="ϭⲓ"/>
		<feat xlink:href="#sSpan2914" value="ⲁ"/>
		<feat xlink:href="#sSpan2918" value="ϥ"/>
		<feat xlink:href="#sSpan2921" value="ϥⲓⲣⲱⲟⲩϣ"/>
		<feat xlink:href="#sSpan2924" value="ϧⲁ"/>
		<feat xlink:href="#sSpan2928" value="ⲛⲁ"/>
		<feat xlink:href="#sSpan2930" value="ⲡ"/>
		<feat xlink:href="#sSpan2932" value="ϭⲟⲓⲥ"/>
		<feat xlink:href="#sSpan2934" value="ϫⲉ"/>
		<feat xlink:href="#sSpan2939" value="ⲡⲱⲥ"/>
		<feat xlink:href="#sSpan2941" value="ϥ"/>
		<feat xlink:href="#sSpan2945" value="ⲛⲁ"/>
		<feat xlink:href="#sSpan2947" value="ⲣ"/>
		<feat xlink:href="#sSpan2949" value="ⲁⲛⲁ"/>
		<feat xlink:href="#sSpan2951" value="ϥ"/>
		<feat xlink:href="#sSpan2953" value="ⲙ"/>
		<feat xlink:href="#sSpan2957" value="ⲡ"/>
		<feat xlink:href="#sSpan2959" value="ϭⲟⲓⲥ"/>
		<feat xlink:href="#sSpan2961" value="."/>
		<feat xlink:href="#sSpan2965" value="ⲫⲏ"/>
		<feat xlink:href="#sSpan2973" value="ⲇⲉ"/>
		<feat xlink:href="#sSpan2977" value="ⲉⲧ"/>
		<feat xlink:href="#sSpan2981" value="ⲁ"/>
		<feat xlink:href="#sSpan2983" value="ϥ"/>
		<feat xlink:href="#sSpan2985" value="ϭⲓ"/>
		<feat xlink:href="#sSpan2987" value="ⲁ"/>
		<feat xlink:href="#sSpan2991" value="ϥ"/>
		<feat xlink:href="#sSpan2994" value="ϥⲓⲣⲱⲟⲩϣ"/>
		<feat xlink:href="#sSpan2997" value="ϧⲁ"/>
		<feat xlink:href="#sSpan3001" value="ⲡⲓ"/>
		<feat xlink:href="#sSpan3004" value="ⲕⲟⲥⲙⲟⲥ"/>
		<feat xlink:href="#sSpan3006" value="ϫⲉ"/>
		<feat xlink:href="#sSpan3011" value="ⲡⲱⲥ"/>
		<feat xlink:href="#sSpan3013" value="ϥ"/>
		<feat xlink:href="#sSpan3017" value="ⲛⲁ"/>
		<feat xlink:href="#sSpan3019" value="ⲣ"/>
		<feat xlink:href="#sSpan3021" value="ⲁⲛⲁ"/>
		<feat xlink:href="#sSpan3023" value="ⲥ"/>
		<feat xlink:href="#sSpan3025" value="ⲛ"/>
		<feat xlink:href="#sSpan3029" value="ⲧⲉϥ"/>
		<feat xlink:href="#sSpan3031" value="ⲥϩⲓⲙⲓ"/>
		<feat xlink:href="#sSpan3033" value="."/>
		<feat xlink:href="#sSpan3037" value="ⲟⲩⲟϩ"/>
		<feat xlink:href="#sSpan3044" value="ϥ"/>
		<feat xlink:href="#sSpan3048" value="ⲫⲏϣ"/>
		<feat xlink:href="#sSpan3050" value="ϯ"/>
		<feat xlink:href="#sSpan3054" value="ⲥϩⲓⲙⲓ"/>
		<feat xlink:href="#sSpan3056" value="ⲉⲧⲉ"/>
		<feat xlink:href="#sSpan3060" value="ⲙⲡⲉ"/>
		<feat xlink:href="#sSpan3062" value="ⲥ"/>
		<feat xlink:href="#sSpan3064" value="ϭⲓ"/>
		<feat xlink:href="#sSpan3066" value="ⲛⲉⲙ"/>
		<feat xlink:href="#sSpan3070" value="ϯ"/>
		<feat xlink:href="#sSpan3073" value="ⲡⲁⲣⲑⲉⲛⲟⲥ"/>
		<feat xlink:href="#sSpan3075" value="ⲑⲏ"/>
		<feat xlink:href="#sSpan3079" value="ⲉⲧⲉ"/>
		<feat xlink:href="#sSpan3083" value="ⲙⲡⲉ"/>
		<feat xlink:href="#sSpan3085" value="ⲥ"/>
		<feat xlink:href="#sSpan3087" value="ϭⲓ"/>
		<feat xlink:href="#sSpan3089" value="ⲁ"/>
		<feat xlink:href="#sSpan3093" value="ⲥ"/>
		<feat xlink:href="#sSpan3096" value="ϥⲓⲣⲱⲟⲩϣ"/>
		<feat xlink:href="#sSpan3099" value="ϧⲁ"/>
		<feat xlink:href="#sSpan3103" value="ⲛⲁ"/>
		<feat xlink:href="#sSpan3105" value="ⲡ"/>
		<feat xlink:href="#sSpan3107" value="ϭⲟⲓⲥ"/>
		<feat xlink:href="#sSpan3110" value="ϩⲓⲛⲁ"/>
		<feat xlink:href="#sSpan3114" value="ⲛⲧⲉ"/>
		<feat xlink:href="#sSpan3118" value="ⲥ"/>
		<feat xlink:href="#sSpan3120" value="ϣⲱⲡⲓ"/>
		<feat xlink:href="#sSpan3122" value="ⲉ"/>
		<feat xlink:href="#sSpan3126" value="ⲥ"/>
		<feat xlink:href="#sSpan3128" value="ⲟⲩⲁⲃ"/>
		<feat xlink:href="#sSpan3130" value="ϧⲉⲛ"/>
		<feat xlink:href="#sSpan3134" value="ⲡⲉⲥ"/>
		<feat xlink:href="#sSpan3137" value="ⲥⲱⲙⲁ"/>
		<feat xlink:href="#sSpan3139" value="ⲛⲉⲙ"/>
		<feat xlink:href="#sSpan3143" value="ⲡⲉⲥ"/>
		<feat xlink:href="#sSpan3146" value="ⲡⲛⲉⲩⲙⲁ"/>
		<feat xlink:href="#sSpan3148" value="ⲑⲏ"/>
		<feat xlink:href="#sSpan3153" value="ⲇⲉ"/>
		<feat xlink:href="#sSpan3157" value="ⲉⲧ"/>
		<feat xlink:href="#sSpan3161" value="ⲁ"/>
		<feat xlink:href="#sSpan3163" value="ⲥ"/>
		<feat xlink:href="#sSpan3165" value="ϭⲓ"/>
		<feat xlink:href="#sSpan3167" value="ⲁ"/>
		<feat xlink:href="#sSpan3171" value="ⲥ"/>
		<feat xlink:href="#sSpan3174" value="ϥⲓⲣⲱⲟⲩϣ"/>
		<feat xlink:href="#sSpan3177" value="ϧⲁ"/>
		<feat xlink:href="#sSpan3181" value="ⲛⲁ"/>
		<feat xlink:href="#sSpan3183" value="ⲡⲓ"/>
		<feat xlink:href="#sSpan3186" value="ⲕⲟⲥⲙⲟⲥ"/>
		<feat xlink:href="#sSpan3188" value="ϫⲉ"/>
		<feat xlink:href="#sSpan3193" value="ⲡⲱⲥ"/>
		<feat xlink:href="#sSpan3195" value="ⲥ"/>
		<feat xlink:href="#sSpan3199" value="ⲛⲁ"/>
		<feat xlink:href="#sSpan3201" value="ⲣ"/>
		<feat xlink:href="#sSpan3203" value="ⲁⲛⲁ"/>
		<feat xlink:href="#sSpan3205" value="ϥ"/>
		<feat xlink:href="#sSpan3207" value="ⲙ"/>
		<feat xlink:href="#sSpan3211" value="ⲡⲉⲥ"/>
		<feat xlink:href="#sSpan3213" value="ϩⲁⲓ"/>
		<feat xlink:href="#sSpan3215" value="."/>
		<feat xlink:href="#sSpan3219" value="ⲫⲁⲓ"/>
		<feat xlink:href="#sSpan3227" value="ⲇⲉ"/>
		<feat xlink:href="#sSpan3231" value="ϯ"/>
		<feat xlink:href="#sSpan3235" value="ϫⲱ"/>
		<feat xlink:href="#sSpan3237" value="ⲙⲙⲟ"/>
		<feat xlink:href="#sSpan3241" value="ϥ"/>
		<feat xlink:href="#sSpan3243" value="ⲉⲑⲃⲉ"/>
		<feat xlink:href="#sSpan3247" value="ⲡ"/>
		<feat xlink:href="#sSpan3249" value="ⲉⲧ"/>
		<feat xlink:href="#sSpan3252" value="ⲉⲣⲛⲟϥⲣⲓ"/>
		<feat xlink:href="#sSpan3255" value="ⲛⲱ"/>
		<feat xlink:href="#sSpan3259" value="ⲧⲉⲛ"/>
		<feat xlink:href="#sSpan3262" value="ⲟⲩⲭⲓ"/>
		<feat xlink:href="#sSpan3267" value="ϩⲓⲛⲁ"/>
		<feat xlink:href="#sSpan3271" value="ⲛ"/>
		<feat xlink:href="#sSpan3275" value="ⲧⲁ"/>
		<feat xlink:href="#sSpan3277" value="ϩⲓⲟⲩⲓ"/>
		<feat xlink:href="#sSpan3279" value="ⲛ"/>
		<feat xlink:href="#sSpan3283" value="ⲟⲩ"/>
		<feat xlink:href="#sSpan3285" value="ϩⲁϫⲓ"/>
		<feat xlink:href="#sSpan3287" value="ϧⲉⲛ"/>
		<feat xlink:href="#sSpan3291" value="ⲑⲏⲛⲟⲩ"/>
		<feat xlink:href="#sSpan3294" value="ⲁⲗⲗⲁ"/>
		<feat xlink:href="#sSpan3298" value="ϫⲉ"/>
		<feat xlink:href="#sSpan3303" value="ϩⲓⲛⲁ"/>
		<feat xlink:href="#sSpan3305" value="ⲛⲧⲉ"/>
		<feat xlink:href="#sSpan3309" value="ⲡⲉⲧⲉⲛ"/>
		<feat xlink:href="#sSpan3312" value="ⲥⲭⲏⲙⲁ"/>
		<feat xlink:href="#sSpan3314" value="ϣⲱⲡⲓ"/>
		<feat xlink:href="#sSpan3318" value="ⲉ"/>
		<feat xlink:href="#sSpan3322" value="ϥ"/>
		<feat xlink:href="#sSpan3324" value="ⲥⲟⲩⲃⲏⲧ"/>
		<feat xlink:href="#sSpan3326" value="ⲟⲩⲟϩ"/>
		<feat xlink:href="#sSpan3330" value="ⲛⲧⲉ"/>
		<feat xlink:href="#sSpan3334" value="ⲧⲉⲛ"/>
		<feat xlink:href="#sSpan3336" value="ⲙⲧⲟⲛ"/>
		<feat xlink:href="#sSpan3338" value="ⲙ"/>
		<feat xlink:href="#sSpan3342" value="ⲙⲟⲩⲛ"/>
		<feat xlink:href="#sSpan3345" value="ⲉ"/>
		<feat xlink:href="#sSpan3349" value="ⲡ"/>
		<feat xlink:href="#sSpan3351" value="ϭⲟⲓⲥ"/>
		<feat xlink:href="#sSpan3353" value="ϧⲉⲛ"/>
		<feat xlink:href="#sSpan3357" value="ⲟⲩ"/>
		<feat xlink:href="#sSpan3360" value="ⲙⲉⲧⲁⲧϭⲓϩⲣⲁϥ"/>
		<feat xlink:href="#sSpan3364" value="ⲓⲥϫⲉ"/>
		<feat xlink:href="#sSpan3372" value="ⲇⲉ"/>
		<feat xlink:href="#sSpan3376" value="ⲟⲩⲟⲛ"/>
		<feat xlink:href="#sSpan3380" value="ⲟⲩⲁⲓ"/>
		<feat xlink:href="#sSpan3382" value="ⲙⲉⲩⲓ"/>
		<feat xlink:href="#sSpan3386" value="ⲉ"/>
		<feat xlink:href="#sSpan3391" value="ϭⲓϣⲓⲡⲓ"/>
		<feat xlink:href="#sSpan3394" value="ⲉϫⲉⲛ"/>
		<feat xlink:href="#sSpan3398" value="ⲧⲉϥ"/>
		<feat xlink:href="#sSpan3401" value="ⲡⲁⲣⲑⲉⲛⲟⲥ"/>
		<feat xlink:href="#sSpan3403" value="ⲉϣⲱⲡ"/>
		<feat xlink:href="#sSpan3407" value="ⲁϥϣⲁⲛ"/>
		<feat xlink:href="#sSpan3412" value="ⲉⲣⲁⲕⲙⲏ"/>
		<feat xlink:href="#sSpan3416" value="ⲛ"/>
		<feat xlink:href="#sSpan3420" value="ϩⲟⲩⲟ"/>
		<feat xlink:href="#sSpan3424" value="ⲟⲩⲟϩ"/>
		<feat xlink:href="#sSpan3428" value="ⲫⲁⲓ"/>
		<feat xlink:href="#sSpan3432" value="ⲡ"/>
		<feat xlink:href="#sSpan3436" value="ⲉⲧ"/>
		<feat xlink:href="#sSpan3438" value="ⲉⲙⲡϣⲁ"/>
		<feat xlink:href="#sSpan3440" value="ⲛⲧⲉ"/>
		<feat xlink:href="#sSpan3444" value="ϥ"/>
		<feat xlink:href="#sSpan3446" value="ϣⲱⲡⲓ"/>
		<feat xlink:href="#sSpan3448" value="ⲡ"/>
		<feat xlink:href="#sSpan3452" value="ⲉⲧⲉ"/>
		<feat xlink:href="#sSpan3454" value="ϩⲛⲁ"/>
		<feat xlink:href="#sSpan3456" value="ϥ"/>
		<feat xlink:href="#sSpan3458" value="ⲙⲁⲣⲉ"/>
		<feat xlink:href="#sSpan3462" value="ϥ"/>
		<feat xlink:href="#sSpan3464" value="ⲁⲓ"/>
		<feat xlink:href="#sSpan3466" value="ϥ"/>
		<feat xlink:href="#sSpan3468" value="ⲛ"/>
		<feat xlink:href="#sSpan3472" value="ϥ"/>
		<feat xlink:href="#sSpan3475" value="ⲉⲣⲛⲟⲃⲓ"/>
		<feat xlink:href="#sSpan3478" value="ⲁⲛ"/>
		<feat xlink:href="#sSpan3482" value="ⲙⲁⲣ"/>
		<feat xlink:href="#sSpan3486" value="ⲟⲩ"/>
		<feat xlink:href="#sSpan3488" value="ϭⲓ"/>
		<feat xlink:href="#sSpan3490" value="."/>
		<feat xlink:href="#sSpan3494" value="ⲫⲏ"/>
		<feat xlink:href="#sSpan3502" value="ⲇⲉ"/>
		<feat xlink:href="#sSpan3506" value="ⲉⲧ"/>
		<feat xlink:href="#sSpan3510" value="ⲟϩⲓ"/>
		<feat xlink:href="#sSpan3512" value="ⲉⲣⲁⲧ"/>
		<feat xlink:href="#sSpan3516" value="ϥ"/>
		<feat xlink:href="#sSpan3518" value="ϧⲉⲛ"/>
		<feat xlink:href="#sSpan3522" value="ⲡⲉϥ"/>
		<feat xlink:href="#sSpan3524" value="ϩⲏⲧ"/>
		<feat xlink:href="#sSpan3526" value="ⲉ"/>
		<feat xlink:href="#sSpan3530" value="ϥ"/>
		<feat xlink:href="#sSpan3532" value="ⲧⲁϫⲣⲏⲟⲩⲧ"/>
		<feat xlink:href="#sSpan3534" value="ⲙⲙⲟⲛ"/>
		<feat xlink:href="#sSpan3539" value="ⲁⲛⲁⲅⲕⲏ"/>
		<feat xlink:href="#sSpan3541" value="ⲧⲟⲓ"/>
		<feat xlink:href="#sSpan3545" value="ⲉⲣⲟ"/>
		<feat xlink:href="#sSpan3549" value="ϥ"/>
		<feat xlink:href="#sSpan3551" value="ⲟⲩⲟⲛⲧⲉ"/>
		<feat xlink:href="#sSpan3555" value="ϥ"/>
		<feat xlink:href="#sSpan3558" value="ⲉⲣϣⲓϣⲓ"/>
		<feat xlink:href="#sSpan3563" value="ⲙⲙⲁⲩ"/>
		<feat xlink:href="#sSpan3567" value="ⲉⲑⲃⲉ"/>
		<feat xlink:href="#sSpan3571" value="ⲡ"/>
		<feat xlink:href="#sSpan3573" value="ⲉⲧⲉ"/>
		<feat xlink:href="#sSpan3575" value="ϩⲛⲁ"/>
		<feat xlink:href="#sSpan3577" value="ϥ"/>
		<feat xlink:href="#sSpan3579" value="ⲙⲙⲓⲛⲙⲙⲟ"/>
		<feat xlink:href="#sSpan3583" value="ϥ"/>
		<feat xlink:href="#sSpan3585" value="ⲟⲩⲟϩ"/>
		<feat xlink:href="#sSpan3589" value="ⲫⲁⲓ"/>
		<feat xlink:href="#sSpan3593" value="ϥ"/>
		<feat xlink:href="#sSpan3598" value="ϯϩⲁⲡ"/>
		<feat xlink:href="#sSpan3601" value="ⲉⲣⲟ"/>
		<feat xlink:href="#sSpan3605" value="ϥ"/>
		<feat xlink:href="#sSpan3607" value="ⲙⲙⲓⲛⲙⲙⲟ"/>
		<feat xlink:href="#sSpan3611" value="ϥ"/>
		<feat xlink:href="#sSpan3613" value="ϧⲉⲛ"/>
		<feat xlink:href="#sSpan3617" value="ⲡⲉϥ"/>
		<feat xlink:href="#sSpan3619" value="ϩⲏⲧ"/>
		<feat xlink:href="#sSpan3621" value="ⲉ"/>
		<feat xlink:href="#sSpan3625" value="ⲁⲣⲉϩ"/>
		<feat xlink:href="#sSpan3627" value="ⲉ"/>
		<feat xlink:href="#sSpan3631" value="ⲧⲉϥ"/>
		<feat xlink:href="#sSpan3634" value="ⲡⲁⲣⲑⲉⲛⲟⲥ"/>
		<feat xlink:href="#sSpan3637" value="ⲕⲁⲗⲱⲥ"/>
		<feat xlink:href="#sSpan3641" value="ϥ"/>
		<feat xlink:href="#sSpan3645" value="ⲛⲁ"/>
		<feat xlink:href="#sSpan3647" value="ⲁⲓ"/>
		<feat xlink:href="#sSpan3649" value="ⲥ"/>
		<feat xlink:href="#sSpan3651" value="."/>
		<feat xlink:href="#sSpan3656" value="ϩⲱⲥⲧⲉ"/>
		<feat xlink:href="#sSpan3663" value="ⲫⲏ"/>
		<feat xlink:href="#sSpan3667" value="ⲉⲧ"/>
		<feat xlink:href="#sSpan3671" value="ϯ"/>
		<feat xlink:href="#sSpan3673" value="ⲛ"/>
		<feat xlink:href="#sSpan3677" value="ⲧⲉϥ"/>
		<feat xlink:href="#sSpan3680" value="ⲡⲁⲣⲑⲉⲛⲟⲥ"/>
		<feat xlink:href="#sSpan3682" value="ⲉ"/>
		<feat xlink:href="#sSpan3686" value="ⲩ"/>
		<feat xlink:href="#sSpan3689" value="ⲅⲁⲙⲟⲥ"/>
		<feat xlink:href="#sSpan3692" value="ⲕⲁⲗⲱⲥ"/>
		<feat xlink:href="#sSpan3696" value="ϥ"/>
		<feat xlink:href="#sSpan3700" value="ⲣⲁ"/>
		<feat xlink:href="#sSpan3702" value="ⲙⲙⲟ"/>
		<feat xlink:href="#sSpan3706" value="ⲥ"/>
		<feat xlink:href="#sSpan3708" value="ⲟⲩⲟϩ"/>
		<feat xlink:href="#sSpan3712" value="ⲫⲏ"/>
		<feat xlink:href="#sSpan3716" value="ⲉⲧⲉ"/>
		<feat xlink:href="#sSpan3720" value="ⲛ"/>
		<feat xlink:href="#sSpan3722" value="ϥ"/>
		<feat xlink:href="#sSpan3724" value="ϯ"/>
		<feat xlink:href="#sSpan3726" value="ⲛ"/>
		<feat xlink:href="#sSpan3730" value="ⲑⲱϥ"/>
		<feat xlink:href="#sSpan3732" value="ⲁⲛ"/>
		<feat xlink:href="#sSpan3736" value="ⲟⲩ"/>
		<feat xlink:href="#sSpan3740" value="ϩⲟⲩⲟ"/>
		<feat xlink:href="#sSpan3743" value="ⲕⲁⲗⲱⲥ"/>
		<feat xlink:href="#sSpan3747" value="ⲡ"/>
		<feat xlink:href="#sSpan3751" value="ⲉⲧⲉ"/>
		<feat xlink:href="#sSpan3753" value="ϥ"/>
		<feat xlink:href="#sSpan3755" value="ⲛⲁ"/>
		<feat xlink:href="#sSpan3757" value="ⲁⲓ"/>
		<feat xlink:href="#sSpan3759" value="ϥ"/>
		<feat xlink:href="#sSpan3761" value="."/>
		<feat xlink:href="#sSpan3765" value="ϯ"/>
		<feat xlink:href="#sSpan3772" value="ⲥϩⲓⲙⲓ"/>
		<feat xlink:href="#sSpan3774" value="ⲥⲟⲛϩ"/>
		<feat xlink:href="#sSpan3778" value="ⲉ"/>
		<feat xlink:href="#sSpan3782" value="ⲡⲉⲥ"/>
		<feat xlink:href="#sSpan3784" value="ϩⲁⲓ"/>
		<feat xlink:href="#sSpan3786" value="ⲉ"/>
		<feat xlink:href="#sSpan3790" value="ⲡ"/>
		<feat xlink:href="#sSpan3793" value="ϩⲟⲥⲟⲛ"/>
		<feat xlink:href="#sSpan3796" value="ⲭⲣⲟⲛⲟⲛ"/>
		<feat xlink:href="#sSpan3800" value="ⲉ"/>
		<feat xlink:href="#sSpan3804" value="ϥ"/>
		<feat xlink:href="#sSpan3806" value="ⲟⲛϧ"/>
		<feat xlink:href="#sSpan3808" value="ⲉϣⲱⲡ"/>
		<feat xlink:href="#sSpan3813" value="ⲇⲉ"/>
		<feat xlink:href="#sSpan3817" value="ⲁϥϣⲁⲛ"/>
		<feat xlink:href="#sSpan3821" value="ⲉⲛⲕⲟⲧ"/>
		<feat xlink:href="#sSpan3823" value="ⲛϫⲉ"/>
		<feat xlink:href="#sSpan3827" value="ⲡⲉⲥ"/>
		<feat xlink:href="#sSpan3829" value="ϩⲁⲓ"/>
		<feat xlink:href="#sSpan3831" value="ⲟⲩ"/>
		<feat xlink:href="#sSpan3835" value="ⲣⲉⲙϩⲏ"/>
		<feat xlink:href="#sSpan3837" value="ⲧⲉ"/>
		<feat xlink:href="#sSpan3841" value="ⲉ"/>
		<feat xlink:href="#sSpan3845" value="ϭⲓ"/>
		<feat xlink:href="#sSpan3847" value="ⲙ"/>
		<feat xlink:href="#sSpan3851" value="ⲡ"/>
		<feat xlink:href="#sSpan3853" value="ⲉⲧⲉ"/>
		<feat xlink:href="#sSpan3855" value="ϩⲛⲁ"/>
		<feat xlink:href="#sSpan3857" value="ⲥ"/>
		<feat xlink:href="#sSpan3860" value="ⲙⲟⲛⲟⲛ"/>
		<feat xlink:href="#sSpan3864" value="ϧⲉⲛ"/>
		<feat xlink:href="#sSpan3868" value="ⲡ"/>
		<feat xlink:href="#sSpan3870" value="ϭⲟⲓⲥ"/>
		<feat xlink:href="#sSpan3872" value="."/>
		<feat xlink:href="#sSpan3877" value="ⲱⲟⲩⲛⲓⲁⲧ"/>
		<feat xlink:href="#sSpan3885" value="ⲥ"/>
		<feat xlink:href="#sSpan3890" value="ⲇⲉ"/>
		<feat xlink:href="#sSpan3894" value="ⲛ"/>
		<feat xlink:href="#sSpan3898" value="ϩⲟⲩⲟ"/>
		<feat xlink:href="#sSpan3902" value="ⲁⲥϣⲁⲛ"/>
		<feat xlink:href="#sSpan3906" value="ⲟϩⲓ"/>
		<feat xlink:href="#sSpan3908" value="ⲙ"/>
		<feat xlink:href="#sSpan3912" value="ⲡⲁⲓ"/>
		<feat xlink:href="#sSpan3914" value="ⲣⲏϯ"/>
		<feat xlink:href="#sSpan3917" value="ⲕⲁⲧⲁ"/>
		<feat xlink:href="#sSpan3921" value="ⲧⲁ"/>
		<feat xlink:href="#sSpan3924" value="ⲅⲛⲱⲙⲏ"/>
		<feat xlink:href="#sSpan3926" value="ϯ"/>
		<feat xlink:href="#sSpan3930" value="ⲙⲉⲩⲓ"/>
		<feat xlink:href="#sSpan3933" value="ⲇⲉ"/>
		<feat xlink:href="#sSpan3937" value="ϩⲱ"/>
		<feat xlink:href="#sSpan3941" value="ϫⲉ"/>
		<feat xlink:href="#sSpan3945" value="ⲟⲩⲟⲛ"/>
		<feat xlink:href="#sSpan3947" value="ⲟⲩ"/>
		<feat xlink:href="#sSpan3950" value="ⲡⲛⲉⲩⲙⲁ"/>
		<feat xlink:href="#sSpan3952" value="ⲛⲧⲉ"/>
		<feat xlink:href="#sSpan3956" value="ⲫ"/>
		<feat xlink:href="#sSpan3958" value="ⲛⲟⲩϯ"/>
		<feat xlink:href="#sSpan3960" value="ⲛϩⲣⲏⲓ"/>
		<feat xlink:href="#sSpan3964" value="ⲛϧⲏⲧ"/>
		<feat xlink:href="#sSpan3968" value="."/></featList></paula>