<?xml version='1.0' encoding='UTF-8'?><!DOCTYPE paula SYSTEM "paula_feat.dtd">
<paula version="1.1">
	<header paula_id="scriptorium.pistis.sophia_book_1_part5.mark_entity"/>
	<featList xmlns:xlink="http://www.w3.org/1999/xlink" type="entity" xml:base="scriptorium.pistis.sophia_book_1_part5.mark.xml">
		<feat xlink:href="#sSpan3" value="abstract"/>
		<feat xlink:href="#sSpan31" value="abstract"/>
		<feat xlink:href="#sSpan46" value="abstract"/>
		<feat xlink:href="#sSpan73" value="abstract"/>
		<feat xlink:href="#sSpan80" value="abstract"/>
		<feat xlink:href="#sSpan89" value="place"/>
		<feat xlink:href="#sSpan108" value="place"/>
		<feat xlink:href="#sSpan131" value="abstract"/>
		<feat xlink:href="#sSpan140" value="abstract"/>
		<feat xlink:href="#sSpan160" value="abstract"/>
		<feat xlink:href="#sSpan177" value="abstract"/>
		<feat xlink:href="#sSpan197" value="person"/>
		<feat xlink:href="#sSpan212" value="abstract"/>
		<feat xlink:href="#sSpan249" value="abstract"/>
		<feat xlink:href="#sSpan260" value="time"/>
		<feat xlink:href="#sSpan279" value="abstract"/>
		<feat xlink:href="#sSpan305" value="abstract"/>
		<feat xlink:href="#sSpan314" value="abstract"/>
		<feat xlink:href="#sSpan326" value="abstract"/>
		<feat xlink:href="#sSpan353" value="abstract"/>
		<feat xlink:href="#sSpan382" value="abstract"/>
		<feat xlink:href="#sSpan396" value="time"/>
		<feat xlink:href="#sSpan422" value="abstract"/>
		<feat xlink:href="#sSpan431" value="abstract"/>
		<feat xlink:href="#sSpan441" value="abstract"/>
		<feat xlink:href="#sSpan457" value="time"/>
		<feat xlink:href="#sSpan494" value="person"/>
		<feat xlink:href="#sSpan510" value="abstract"/>
		<feat xlink:href="#sSpan521" value="abstract"/>
		<feat xlink:href="#sSpan547" value="person"/>
		<feat xlink:href="#sSpan573" value="abstract"/>
		<feat xlink:href="#sSpan597" value="time"/>
		<feat xlink:href="#sSpan627" value="time"/>
		<feat xlink:href="#sSpan638" value="time"/>
		<feat xlink:href="#sSpan669" value="abstract"/>
		<feat xlink:href="#sSpan686" value="abstract"/>
		<feat xlink:href="#sSpan701" value="abstract"/>
		<feat xlink:href="#sSpan713" value="time"/>
		<feat xlink:href="#sSpan725" value="time"/>
		<feat xlink:href="#sSpan748" value="abstract"/>
		<feat xlink:href="#sSpan760" value="abstract"/>
		<feat xlink:href="#sSpan771" value="person"/>
		<feat xlink:href="#sSpan790" value="abstract"/>
		<feat xlink:href="#sSpan801" value="abstract"/>
		<feat xlink:href="#sSpan814" value="person"/>
		<feat xlink:href="#sSpan830" value="abstract"/>
		<feat xlink:href="#sSpan844" value="abstract"/>
		<feat xlink:href="#sSpan870" value="abstract"/>
		<feat xlink:href="#sSpan894" value="abstract"/>
		<feat xlink:href="#sSpan904" value="abstract"/>
		<feat xlink:href="#sSpan919" value="place"/>
		<feat xlink:href="#sSpan929" value="place"/>
		<feat xlink:href="#sSpan962" value="abstract"/>
		<feat xlink:href="#sSpan974" value="abstract"/>
		<feat xlink:href="#sSpan989" value="abstract"/>
		<feat xlink:href="#sSpan1025" value="person"/>
		<feat xlink:href="#sSpan1032" value="abstract"/>
		<feat xlink:href="#sSpan1062" value="abstract"/>
		<feat xlink:href="#sSpan1093" value="place"/>
		<feat xlink:href="#sSpan1108" value="abstract"/>
		<feat xlink:href="#sSpan1127" value="abstract"/>
		<feat xlink:href="#sSpan1136" value="abstract"/>
		<feat xlink:href="#sSpan1161" value="event"/>
		<feat xlink:href="#sSpan1190" value="abstract"/>
		<feat xlink:href="#sSpan1201" value="abstract"/>
		<feat xlink:href="#sSpan1230" value="abstract"/>
		<feat xlink:href="#sSpan1239" value="abstract"/>
		<feat xlink:href="#sSpan1263" value="abstract"/>
		<feat xlink:href="#sSpan1286" value="abstract"/>
		<feat xlink:href="#sSpan1295" value="abstract"/>
		<feat xlink:href="#sSpan1311" value="abstract"/>
		<feat xlink:href="#sSpan1328" value="abstract"/>
		<feat xlink:href="#sSpan1366" value="person"/>
		<feat xlink:href="#sSpan1377" value="abstract"/>
		<feat xlink:href="#sSpan1386" value="person"/>
		<feat xlink:href="#sSpan1418" value="abstract"/>
		<feat xlink:href="#sSpan1427" value="abstract"/>
		<feat xlink:href="#sSpan1441" value="abstract"/>
		<feat xlink:href="#sSpan1464" value="abstract"/>
		<feat xlink:href="#sSpan1491" value="person"/>
		<feat xlink:href="#sSpan1538" value="person"/>
		<feat xlink:href="#sSpan1547" value="abstract"/>
		<feat xlink:href="#sSpan1571" value="abstract"/>
		<feat xlink:href="#sSpan1581" value="person"/>
		<feat xlink:href="#sSpan1598" value="abstract"/>
		<feat xlink:href="#sSpan1608" value="person"/>
		<feat xlink:href="#sSpan1621" value="person"/>
		<feat xlink:href="#sSpan1677" value="abstract"/>
		<feat xlink:href="#sSpan1686" value="abstract"/>
		<feat xlink:href="#sSpan1698" value="abstract"/>
		<feat xlink:href="#sSpan1707" value="object"/>
		<feat xlink:href="#sSpan1731" value="abstract"/>
		<feat xlink:href="#sSpan1753" value="person"/>
		<feat xlink:href="#sSpan1763" value="person"/>
		<feat xlink:href="#sSpan1817" value="abstract"/>
		<feat xlink:href="#sSpan1826" value="abstract"/>
		<feat xlink:href="#sSpan1850" value="abstract"/>
		<feat xlink:href="#sSpan1888" value="person"/>
		<feat xlink:href="#sSpan1901" value="person"/>
		<feat xlink:href="#sSpan1921" value="abstract"/>
		<feat xlink:href="#sSpan1945" value="abstract"/>
		<feat xlink:href="#sSpan1975" value="time"/>
		<feat xlink:href="#sSpan1992" value="abstract"/>
		<feat xlink:href="#sSpan2001" value="abstract"/>
		<feat xlink:href="#sSpan2011" value="person"/>
		<feat xlink:href="#sSpan2024" value="abstract"/>
		<feat xlink:href="#sSpan2037" value="abstract"/>
		<feat xlink:href="#sSpan2044" value="person"/>
		<feat xlink:href="#sSpan2059" value="abstract"/>
		<feat xlink:href="#sSpan2076" value="abstract"/>
		<feat xlink:href="#sSpan2103" value="object"/>
		<feat xlink:href="#sSpan2112" value="abstract"/>
		<feat xlink:href="#sSpan2131" value="object"/>
		<feat xlink:href="#sSpan2148" value="time"/>
		<feat xlink:href="#sSpan2188" value="time"/>
		<feat xlink:href="#sSpan2227" value="time"/>
		<feat xlink:href="#sSpan2248" value="abstract"/>
		<feat xlink:href="#sSpan2262" value="object"/>
		<feat xlink:href="#sSpan2286" value="object"/>
		<feat xlink:href="#sSpan2299" value="person"/>
		<feat xlink:href="#sSpan2316" value="substance"/>
		<feat xlink:href="#sSpan2334" value="abstract"/>
		<feat xlink:href="#sSpan2377" value="object"/>
		<feat xlink:href="#sSpan2394" value="abstract"/>
		<feat xlink:href="#sSpan2403" value="abstract"/>
		<feat xlink:href="#sSpan2420" value="object"/>
		<feat xlink:href="#sSpan2433" value="object"/>
		<feat xlink:href="#sSpan2462" value="object"/>
		<feat xlink:href="#sSpan2471" value="place"/>
		<feat xlink:href="#sSpan2500" value="abstract"/>
		<feat xlink:href="#sSpan2511" value="place"/>
		<feat xlink:href="#sSpan2528" value="abstract"/>
		<feat xlink:href="#sSpan2537" value="event"/>
		<feat xlink:href="#sSpan2563" value="person"/>
		<feat xlink:href="#sSpan2578" value="abstract"/>
		<feat xlink:href="#sSpan2599" value="person"/>
		<feat xlink:href="#sSpan2618" value="time"/>
		<feat xlink:href="#sSpan2639" value="abstract"/>
		<feat xlink:href="#sSpan2690" value="object"/>
		<feat xlink:href="#sSpan2701" value="place"/>
		<feat xlink:href="#sSpan2710" value="object"/>
		<feat xlink:href="#sSpan2746" value="object"/>
		<feat xlink:href="#sSpan2759" value="abstract"/>
		<feat xlink:href="#sSpan2772" value="abstract"/>
		<feat xlink:href="#sSpan2786" value="abstract"/>
		<feat xlink:href="#sSpan2829" value="time"/>
		<feat xlink:href="#sSpan2852" value="abstract"/>
		<feat xlink:href="#sSpan2885" value="substance"/>
		<feat xlink:href="#sSpan2908" value="person"/>
		<feat xlink:href="#sSpan2925" value="time"/>
		<feat xlink:href="#sSpan2938" value="abstract"/>
		<feat xlink:href="#sSpan2955" value="time"/>
		<feat xlink:href="#sSpan2998" value="place"/>
		<feat xlink:href="#sSpan3009" value="person"/>
		<feat xlink:href="#sSpan3012" value="time"/>
		<feat xlink:href="#sSpan3045" value="time"/>
		<feat xlink:href="#sSpan3068" value="person"/>
		<feat xlink:href="#sSpan3081" value="object"/>
		<feat xlink:href="#sSpan3110" value="place"/>
		<feat xlink:href="#sSpan3123" value="person"/>
		<feat xlink:href="#sSpan3147" value="abstract"/>
		<feat xlink:href="#sSpan3156" value="person"/>
		<feat xlink:href="#sSpan3171" value="person"/>
		<feat xlink:href="#sSpan3180" value="place"/>
		<feat xlink:href="#sSpan3207" value="abstract"/>
		<feat xlink:href="#sSpan3220" value="person"/>
		<feat xlink:href="#sSpan3231" value="place"/>
		<feat xlink:href="#sSpan3253" value="abstract"/>
		<feat xlink:href="#sSpan3276" value="abstract"/>
		<feat xlink:href="#sSpan3287" value="person"/>
		<feat xlink:href="#sSpan3310" value="abstract"/>
		<feat xlink:href="#sSpan3327" value="abstract"/>
		<feat xlink:href="#sSpan3334" value="object"/>
		<feat xlink:href="#sSpan3349" value="organization"/>
		<feat xlink:href="#sSpan3381" value="person"/>
		<feat xlink:href="#sSpan3410" value="abstract"/>
		<feat xlink:href="#sSpan3431" value="person"/>
		<feat xlink:href="#sSpan3451" value="place"/>
		<feat xlink:href="#sSpan3460" value="place"/>
		<feat xlink:href="#sSpan3479" value="abstract"/>
		<feat xlink:href="#sSpan3493" value="abstract"/>
		<feat xlink:href="#sSpan3519" value="person"/>
		<feat xlink:href="#sSpan3528" value="abstract"/>
		<feat xlink:href="#sSpan3557" value="abstract"/>
		<feat xlink:href="#sSpan3566" value="person"/>
		<feat xlink:href="#sSpan3575" value="place"/>
		<feat xlink:href="#sSpan3587" value="abstract"/>
		<feat xlink:href="#sSpan3596" value="place"/>
		<feat xlink:href="#sSpan3606" value="person"/>
		<feat xlink:href="#sSpan3618" value="person"/>
		<feat xlink:href="#sSpan3633" value="abstract"/>
		<feat xlink:href="#sSpan3642" value="abstract"/>
		<feat xlink:href="#sSpan3652" value="abstract"/>
		<feat xlink:href="#sSpan3676" value="abstract"/>
		<feat xlink:href="#sSpan3718" value="person"/>
		<feat xlink:href="#sSpan3737" value="abstract"/>
		<feat xlink:href="#sSpan3759" value="place"/>
		<feat xlink:href="#sSpan3768" value="person"/>
		<feat xlink:href="#sSpan3804" value="person"/>
		<feat xlink:href="#sSpan3838" value="abstract"/>
		<feat xlink:href="#sSpan3849" value="abstract"/>
		<feat xlink:href="#sSpan3896" value="person"/>
		<feat xlink:href="#sSpan3903" value="abstract"/>
		<feat xlink:href="#sSpan3921" value="person"/>
		<feat xlink:href="#sSpan3953" value="abstract"/>
		<feat xlink:href="#sSpan3964" value="person"/>
		<feat xlink:href="#sSpan3983" value="abstract"/>
		<feat xlink:href="#sSpan4000" value="abstract"/>
		<feat xlink:href="#sSpan4024" value="abstract"/>
		<feat xlink:href="#sSpan4063" value="abstract"/>
		<feat xlink:href="#sSpan4087" value="abstract"/>
		<feat xlink:href="#sSpan4111" value="abstract"/>
		<feat xlink:href="#sSpan4137" value="abstract"/>
		<feat xlink:href="#sSpan4147" value="abstract"/>
		<feat xlink:href="#sSpan4168" value="abstract"/>
		<feat xlink:href="#sSpan4212" value="animal"/>
		<feat xlink:href="#sSpan4228" value="abstract"/>
		<feat xlink:href="#sSpan4237" value="person"/>
		<feat xlink:href="#sSpan4274" value="abstract"/>
		<feat xlink:href="#sSpan4288" value="abstract"/>
		<feat xlink:href="#sSpan4309" value="abstract"/>
		<feat xlink:href="#sSpan4318" value="abstract"/>
		<feat xlink:href="#sSpan4352" value="place"/>
		<feat xlink:href="#sSpan4362" value="place"/>
		<feat xlink:href="#sSpan4385" value="abstract"/>
		<feat xlink:href="#sSpan4419" value="abstract"/>
		<feat xlink:href="#sSpan4450" value="place"/>
		<feat xlink:href="#sSpan4467" value="abstract"/>
		<feat xlink:href="#sSpan4499" value="abstract"/>
		<feat xlink:href="#sSpan4541" value="abstract"/>
		<feat xlink:href="#sSpan4554" value="abstract"/>
		<feat xlink:href="#sSpan4566" value="abstract"/>
		<feat xlink:href="#sSpan4579" value="abstract"/>
		<feat xlink:href="#sSpan4598" value="abstract"/>
		<feat xlink:href="#sSpan4616" value="abstract"/>
		<feat xlink:href="#sSpan4654" value="person"/>
		<feat xlink:href="#sSpan4664" value="abstract"/>
		<feat xlink:href="#sSpan4686" value="abstract"/>
		<feat xlink:href="#sSpan4695" value="place"/>
		<feat xlink:href="#sSpan4728" value="object"/>
		<feat xlink:href="#sSpan4739" value="object"/>
		<feat xlink:href="#sSpan4748" value="object"/>
		<feat xlink:href="#sSpan4761" value="abstract"/>
		<feat xlink:href="#sSpan4772" value="place"/>
		<feat xlink:href="#sSpan4809" value="object"/>
		<feat xlink:href="#sSpan4826" value="abstract"/>
		<feat xlink:href="#sSpan4853" value="abstract"/>
		<feat xlink:href="#sSpan4896" value="abstract"/>
		<feat xlink:href="#sSpan4925" value="abstract"/>
		<feat xlink:href="#sSpan4936" value="place"/>
		<feat xlink:href="#sSpan4949" value="abstract"/>
		<feat xlink:href="#sSpan4962" value="object"/>
		<feat xlink:href="#sSpan5018" value="abstract"/>
		<feat xlink:href="#sSpan5051" value="abstract"/>
		<feat xlink:href="#sSpan5080" value="abstract"/>
		<feat xlink:href="#sSpan5086" value="abstract"/>
		<feat xlink:href="#sSpan5111" value="abstract"/>
		<feat xlink:href="#sSpan5139" value="abstract"/>
		<feat xlink:href="#sSpan5150" value="time"/>
		<feat xlink:href="#sSpan5210" value="abstract"/>
		<feat xlink:href="#sSpan5231" value="abstract"/>
		<feat xlink:href="#sSpan5252" value="abstract"/>
		<feat xlink:href="#sSpan5280" value="abstract"/>
		<feat xlink:href="#sSpan5292" value="abstract"/>
		<feat xlink:href="#sSpan5301" value="abstract"/>
		<feat xlink:href="#sSpan5318" value="abstract"/>
		<feat xlink:href="#sSpan5343" value="object"/>
		<feat xlink:href="#sSpan5372" value="abstract"/>
		<feat xlink:href="#sSpan5402" value="abstract"/>
		<feat xlink:href="#sSpan5411" value="abstract"/>
		<feat xlink:href="#sSpan5429" value="person"/>
		<feat xlink:href="#sSpan5451" value="abstract"/>
		<feat xlink:href="#sSpan5481" value="abstract"/>
		<feat xlink:href="#sSpan5535" value="abstract"/>
		<feat xlink:href="#sSpan5547" value="abstract"/>
		<feat xlink:href="#sSpan5556" value="abstract"/>
		<feat xlink:href="#sSpan5597" value="abstract"/>
		<feat xlink:href="#sSpan5606" value="abstract"/>
		<feat xlink:href="#sSpan5617" value="abstract"/>
		<feat xlink:href="#sSpan5626" value="person"/>
		<feat xlink:href="#sSpan5694" value="abstract"/>
		<feat xlink:href="#sSpan5705" value="abstract"/>
		<feat xlink:href="#sSpan5732" value="place"/>
		<feat xlink:href="#sSpan5745" value="abstract"/>
		<feat xlink:href="#sSpan5781" value="abstract"/>
		<feat xlink:href="#sSpan5796" value="abstract"/>
		<feat xlink:href="#sSpan5817" value="abstract"/>
		<feat xlink:href="#sSpan5828" value="abstract"/>
		<feat xlink:href="#sSpan5845" value="time"/>
		<feat xlink:href="#sSpan5893" value="place"/>
		<feat xlink:href="#sSpan5904" value="abstract"/>
		<feat xlink:href="#sSpan5933" value="abstract"/>
		<feat xlink:href="#sSpan5942" value="abstract"/>
		<feat xlink:href="#sSpan5953" value="abstract"/>
		<feat xlink:href="#sSpan5998" value="abstract"/>
		<feat xlink:href="#sSpan6024" value="abstract"/>
		<feat xlink:href="#sSpan6140" value="time"/>
		<feat xlink:href="#sSpan6163" value="abstract"/>
		<feat xlink:href="#sSpan6215" value="person"/>
		<feat xlink:href="#sSpan6225" value="object"/>
		<feat xlink:href="#sSpan6239" value="abstract"/>
		<feat xlink:href="#sSpan6257" value="abstract"/>
		<feat xlink:href="#sSpan6273" value="abstract"/>
		<feat xlink:href="#sSpan6285" value="abstract"/>
		<feat xlink:href="#sSpan6306" value="abstract"/>
		<feat xlink:href="#sSpan6325" value="abstract"/>
		<feat xlink:href="#sSpan6369" value="abstract"/>
		<feat xlink:href="#sSpan6387" value="abstract"/>
		<feat xlink:href="#sSpan6394" value="time"/>
		<feat xlink:href="#sSpan6413" value="abstract"/>
		<feat xlink:href="#sSpan6427" value="person"/>
		<feat xlink:href="#sSpan6444" value="person"/>
		<feat xlink:href="#sSpan6474" value="person"/>
		<feat xlink:href="#sSpan6481" value="object"/>
		<feat xlink:href="#sSpan6520" value="person"/>
		<feat xlink:href="#sSpan6527" value="abstract"/>
		<feat xlink:href="#sSpan6561" value="place"/>
		<feat xlink:href="#sSpan6578" value="abstract"/>
		<feat xlink:href="#sSpan6589" value="abstract"/>
		<feat xlink:href="#sSpan6599" value="abstract"/>
		<feat xlink:href="#sSpan6611" value="abstract"/>
		<feat xlink:href="#sSpan6618" value="abstract"/>
		<feat xlink:href="#sSpan6625" value="abstract"/>
		<feat xlink:href="#sSpan6647" value="person"/>
		<feat xlink:href="#sSpan6666" value="abstract"/>
		<feat xlink:href="#sSpan6696" value="person"/>
		<feat xlink:href="#sSpan6725" value="object"/>
		<feat xlink:href="#sSpan6736" value="object"/>
		<feat xlink:href="#sSpan6774" value="abstract"/>
		<feat xlink:href="#sSpan6783" value="abstract"/>
		<feat xlink:href="#sSpan6820" value="person"/>
		<feat xlink:href="#sSpan6861" value="abstract"/>
		<feat xlink:href="#sSpan6877" value="person"/>
		<feat xlink:href="#sSpan6896" value="person"/>
		<feat xlink:href="#sSpan6958" value="abstract"/>
		<feat xlink:href="#sSpan6969" value="place"/>
		<feat xlink:href="#sSpan6987" value="abstract"/>
		<feat xlink:href="#sSpan7059" value="place"/>
		<feat xlink:href="#sSpan7072" value="abstract"/>
		<feat xlink:href="#sSpan7081" value="abstract"/>
		<feat xlink:href="#sSpan7091" value="abstract"/>
		<feat xlink:href="#sSpan7103" value="abstract"/>
		<feat xlink:href="#sSpan7110" value="abstract"/>
		<feat xlink:href="#sSpan7123" value="abstract"/>
		<feat xlink:href="#sSpan7142" value="abstract"/>
		<feat xlink:href="#sSpan7231" value="place"/>
		<feat xlink:href="#sSpan7250" value="abstract"/>
		<feat xlink:href="#sSpan7259" value="abstract"/>
		<feat xlink:href="#sSpan7269" value="abstract"/>
		<feat xlink:href="#sSpan7278" value="abstract"/>
		<feat xlink:href="#sSpan7306" value="place"/>
		<feat xlink:href="#sSpan7334" value="abstract"/>
		<feat xlink:href="#sSpan7345" value="abstract"/>
		<feat xlink:href="#sSpan7376" value="person"/>
		<feat xlink:href="#sSpan7388" value="person"/>
		<feat xlink:href="#sSpan7415" value="person"/>
		<feat xlink:href="#sSpan7450" value="person"/>
		<feat xlink:href="#sSpan7459" value="person"/>
		<feat xlink:href="#sSpan7486" value="abstract"/>
		<feat xlink:href="#sSpan7501" value="abstract"/>
		<feat xlink:href="#sSpan7512" value="abstract"/>
		<feat xlink:href="#sSpan7537" value="person"/>
		<feat xlink:href="#sSpan7565" value="abstract"/>
		<feat xlink:href="#sSpan7576" value="abstract"/>
		<feat xlink:href="#sSpan7633" value="place"/>
		<feat xlink:href="#sSpan7643" value="abstract"/>
		<feat xlink:href="#sSpan7697" value="place"/>
		<feat xlink:href="#sSpan7710" value="person"/>
		<feat xlink:href="#sSpan7745" value="time"/>
		<feat xlink:href="#sSpan7766" value="abstract"/>
		<feat xlink:href="#sSpan7791" value="person"/>
		<feat xlink:href="#sSpan7812" value="person"/>
		<feat xlink:href="#sSpan7855" value="abstract"/>
		<feat xlink:href="#sSpan7868" value="place"/>
		<feat xlink:href="#sSpan7879" value="place"/>
		<feat xlink:href="#sSpan7888" value="abstract"/>
		<feat xlink:href="#sSpan7916" value="person"/>
		<feat xlink:href="#sSpan7933" value="person"/>
		<feat xlink:href="#sSpan7943" value="person"/>
		<feat xlink:href="#sSpan7952" value="object"/>
		<feat xlink:href="#sSpan8004" value="abstract"/>
		<feat xlink:href="#sSpan8013" value="person"/>
		<feat xlink:href="#sSpan8033" value="place"/>
		<feat xlink:href="#sSpan8046" value="object"/>
		<feat xlink:href="#sSpan8058" value="person"/>
		<feat xlink:href="#sSpan8072" value="person"/>
		<feat xlink:href="#sSpan8079" value="person"/>
		<feat xlink:href="#sSpan8096" value="object"/>
		<feat xlink:href="#sSpan8103" value="person"/>
		<feat xlink:href="#sSpan8112" value="abstract"/>
		<feat xlink:href="#sSpan8142" value="abstract"/>
		<feat xlink:href="#sSpan8168" value="abstract"/>
		<feat xlink:href="#sSpan8204" value="person"/>
		<feat xlink:href="#sSpan8229" value="abstract"/>
		<feat xlink:href="#sSpan8263" value="person"/>
		<feat xlink:href="#sSpan8272" value="object"/>
		<feat xlink:href="#sSpan8305" value="abstract"/>
		<feat xlink:href="#sSpan8327" value="person"/>
		<feat xlink:href="#sSpan8343" value="person"/>
		<feat xlink:href="#sSpan8350" value="person"/>
		<feat xlink:href="#sSpan8379" value="abstract"/>
		<feat xlink:href="#sSpan8388" value="abstract"/>
		<feat xlink:href="#sSpan8398" value="abstract"/>
		<feat xlink:href="#sSpan8411" value="abstract"/>
		<feat xlink:href="#sSpan8424" value="abstract"/>
		<feat xlink:href="#sSpan8435" value="person"/>
		<feat xlink:href="#sSpan8484" value="abstract"/>
		<feat xlink:href="#sSpan8493" value="abstract"/>
		<feat xlink:href="#sSpan8500" value="abstract"/>
		<feat xlink:href="#sSpan8515" value="abstract"/>
		<feat xlink:href="#sSpan8524" value="abstract"/>
		<feat xlink:href="#sSpan8544" value="time"/>
		<feat xlink:href="#sSpan8554" value="person"/>
		<feat xlink:href="#sSpan8570" value="abstract"/>
		<feat xlink:href="#sSpan8581" value="abstract"/>
		<feat xlink:href="#sSpan8595" value="abstract"/>
		<feat xlink:href="#sSpan8620" value="abstract"/>
		<feat xlink:href="#sSpan8631" value="abstract"/>
		<feat xlink:href="#sSpan8639" value="person"/>
		<feat xlink:href="#sSpan8647" value="person"/>
		<feat xlink:href="#sSpan8656" value="person"/>
		<feat xlink:href="#sSpan8683" value="person"/>
		<feat xlink:href="#sSpan8696" value="abstract"/>
		<feat xlink:href="#sSpan8719" value="person"/>
		<feat xlink:href="#sSpan8728" value="person"/>
		<feat xlink:href="#sSpan8746" value="abstract"/>
		<feat xlink:href="#sSpan8755" value="abstract"/>
		<feat xlink:href="#sSpan8777" value="person"/>
		<feat xlink:href="#sSpan8792" value="place"/>
		<feat xlink:href="#sSpan8807" value="abstract"/>
		<feat xlink:href="#sSpan8816" value="abstract"/>
		<feat xlink:href="#sSpan8826" value="abstract"/>
		<feat xlink:href="#sSpan8840" value="abstract"/>
		<feat xlink:href="#sSpan8847" value="abstract"/>
		<feat xlink:href="#sSpan8894" value="abstract"/>
		<feat xlink:href="#sSpan8929" value="person"/>
		<feat xlink:href="#sSpan8941" value="abstract"/>
		<feat xlink:href="#sSpan8963" value="abstract"/>
		<feat xlink:href="#sSpan8972" value="abstract"/>
		<feat xlink:href="#sSpan8985" value="abstract"/>
		<feat xlink:href="#sSpan8994" value="abstract"/>
		<feat xlink:href="#sSpan9008" value="place"/>
		<feat xlink:href="#sSpan9025" value="person"/>
		<feat xlink:href="#sSpan9034" value="abstract"/>
		<feat xlink:href="#sSpan9076" value="abstract"/>
		<feat xlink:href="#sSpan9085" value="abstract"/>
		<feat xlink:href="#sSpan9095" value="abstract"/>
		<feat xlink:href="#sSpan9107" value="abstract"/>
		<feat xlink:href="#sSpan9116" value="abstract"/>
		<feat xlink:href="#sSpan9123" value="abstract"/>
		<feat xlink:href="#sSpan9152" value="person"/>
		<feat xlink:href="#sSpan9168" value="person"/>
		<feat xlink:href="#sSpan9179" value="person"/>
		<feat xlink:href="#sSpan9204" value="abstract"/>
		<feat xlink:href="#sSpan9213" value="abstract"/>
		<feat xlink:href="#sSpan9227" value="abstract"/>
		<feat xlink:href="#sSpan9255" value="person"/>
		<feat xlink:href="#sSpan9262" value="time"/>
		<feat xlink:href="#sSpan9290" value="abstract"/>
		<feat xlink:href="#sSpan9315" value="person"/>
		<feat xlink:href="#sSpan9330" value="abstract"/>
		<feat xlink:href="#sSpan9360" value="time"/>
		<feat xlink:href="#sSpan9369" value="time"/>
		<feat xlink:href="#sSpan9378" value="abstract"/>
		<feat xlink:href="#sSpan9398" value="abstract"/>
		<feat xlink:href="#sSpan9419" value="object"/>
		<feat xlink:href="#sSpan9426" value="person"/>
		<feat xlink:href="#sSpan9437" value="abstract"/>
		<feat xlink:href="#sSpan9452" value="abstract"/>
		<feat xlink:href="#sSpan9466" value="abstract"/>
		<feat xlink:href="#sSpan9485" value="abstract"/>
		<feat xlink:href="#sSpan9502" value="place"/>
		<feat xlink:href="#sSpan9523" value="abstract"/>
		<feat xlink:href="#sSpan9542" value="place"/>
		<feat xlink:href="#sSpan9568" value="person"/>
		<feat xlink:href="#sSpan9584" value="person"/>
		<feat xlink:href="#sSpan9595" value="person"/>
		<feat xlink:href="#sSpan9605" value="person"/>
		<feat xlink:href="#sSpan9630" value="object"/>
		<feat xlink:href="#sSpan9664" value="object"/>
		<feat xlink:href="#sSpan9676" value="person"/>
		<feat xlink:href="#sSpan9687" value="abstract"/>
		<feat xlink:href="#sSpan9727" value="object"/>
		<feat xlink:href="#sSpan9750" value="place"/>
		<feat xlink:href="#sSpan9761" value="place"/>
		<feat xlink:href="#sSpan9774" value="abstract"/>
		<feat xlink:href="#sSpan9787" value="abstract"/>
		<feat xlink:href="#sSpan9796" value="event"/>
		<feat xlink:href="#sSpan9807" value="abstract"/>
		<feat xlink:href="#sSpan9840" value="abstract"/>
		<feat xlink:href="#sSpan9875" value="place"/>
		<feat xlink:href="#sSpan9894" value="person"/>
		<feat xlink:href="#sSpan9950" value="abstract"/>
		<feat xlink:href="#sSpan9997" value="object"/>
		<feat xlink:href="#sSpan10013" value="abstract"/>
		<feat xlink:href="#sSpan10034" value="abstract"/>
		<feat xlink:href="#sSpan10054" value="person"/>
		<feat xlink:href="#sSpan10063" value="time"/>
		<feat xlink:href="#sSpan10088" value="object"/>
		<feat xlink:href="#sSpan10122" value="abstract"/>
		<feat xlink:href="#sSpan10135" value="person"/>
		<feat xlink:href="#sSpan10155" value="person"/>
		<feat xlink:href="#sSpan10210" value="abstract"/>
		<feat xlink:href="#sSpan10219" value="place"/>
		<feat xlink:href="#sSpan10238" value="abstract"/>
		<feat xlink:href="#sSpan10248" value="place"/>
		<feat xlink:href="#sSpan10264" value="abstract"/>
		<feat xlink:href="#sSpan10294" value="abstract"/>
		<feat xlink:href="#sSpan10309" value="person"/>
		<feat xlink:href="#sSpan10323" value="abstract"/>
		<feat xlink:href="#sSpan10350" value="person"/>
		<feat xlink:href="#sSpan10365" value="object"/>
		<feat xlink:href="#sSpan10388" value="person"/>
		<feat xlink:href="#sSpan10411" value="abstract"/>
		<feat xlink:href="#sSpan10420" value="abstract"/>
		<feat xlink:href="#sSpan10482" value="abstract"/>
		<feat xlink:href="#sSpan10517" value="abstract"/>
		<feat xlink:href="#sSpan10588" value="time"/>
		<feat xlink:href="#sSpan10605" value="person"/>
		<feat xlink:href="#sSpan10637" value="abstract"/>
		<feat xlink:href="#sSpan10659" value="abstract"/>
		<feat xlink:href="#sSpan10671" value="abstract"/>
		<feat xlink:href="#sSpan10689" value="abstract"/>
		<feat xlink:href="#sSpan10698" value="abstract"/>
		<feat xlink:href="#sSpan10710" value="abstract"/>
		<feat xlink:href="#sSpan10722" value="abstract"/>
		<feat xlink:href="#sSpan10741" value="abstract"/>
		<feat xlink:href="#sSpan10777" value="abstract"/>
		<feat xlink:href="#sSpan10816" value="person"/>
		<feat xlink:href="#sSpan10827" value="abstract"/>
		<feat xlink:href="#sSpan10853" value="person"/>
		<feat xlink:href="#sSpan10875" value="person"/>
		<feat xlink:href="#sSpan10920" value="abstract"/>
		<feat xlink:href="#sSpan10930" value="abstract"/>
		<feat xlink:href="#sSpan10961" value="person"/>
		<feat xlink:href="#sSpan10983" value="abstract"/>
		<feat xlink:href="#sSpan11049" value="person"/>
		<feat xlink:href="#sSpan11090" value="abstract"/>
		<feat xlink:href="#sSpan11121" value="abstract"/>
		<feat xlink:href="#sSpan11136" value="person"/>
		<feat xlink:href="#sSpan11172" value="abstract"/>
		<feat xlink:href="#sSpan11181" value="abstract"/>
		<feat xlink:href="#sSpan11218" value="abstract"/>
		<feat xlink:href="#sSpan11233" value="place"/>
		<feat xlink:href="#sSpan11267" value="abstract"/>
		<feat xlink:href="#sSpan11284" value="time"/>
		<feat xlink:href="#sSpan11298" value="abstract"/>
		<feat xlink:href="#sSpan11349" value="abstract"/>
		<feat xlink:href="#sSpan11358" value="abstract"/>
		<feat xlink:href="#sSpan11367" value="place"/>
		<feat xlink:href="#sSpan11382" value="abstract"/>
		<feat xlink:href="#sSpan11396" value="abstract"/>
		<feat xlink:href="#sSpan11413" value="abstract"/>
		<feat xlink:href="#sSpan11428" value="abstract"/>
		<feat xlink:href="#sSpan11447" value="abstract"/>
		<feat xlink:href="#sSpan11506" value="abstract"/>
		<feat xlink:href="#sSpan11519" value="person"/>
		<feat xlink:href="#sSpan11530" value="abstract"/>
		<feat xlink:href="#sSpan11541" value="abstract"/>
		<feat xlink:href="#sSpan11571" value="abstract"/>
		<feat xlink:href="#sSpan11590" value="abstract"/>
		<feat xlink:href="#sSpan11604" value="abstract"/>
		<feat xlink:href="#sSpan11624" value="abstract"/>
		<feat xlink:href="#sSpan11637" value="abstract"/>
		<feat xlink:href="#sSpan11658" value="place"/>
		<feat xlink:href="#sSpan11694" value="abstract"/>
		<feat xlink:href="#sSpan11701" value="place"/>
		<feat xlink:href="#sSpan11714" value="abstract"/>
		<feat xlink:href="#sSpan11725" value="abstract"/>
		<feat xlink:href="#sSpan11740" value="abstract"/>
		<feat xlink:href="#sSpan11753" value="abstract"/>
		<feat xlink:href="#sSpan11762" value="place"/>
		<feat xlink:href="#sSpan11789" value="abstract"/>
		<feat xlink:href="#sSpan11813" value="place"/>
		<feat xlink:href="#sSpan11826" value="place"/>
		<feat xlink:href="#sSpan11885" value="abstract"/>
		<feat xlink:href="#sSpan11935" value="abstract"/>
		<feat xlink:href="#sSpan11956" value="abstract"/>
		<feat xlink:href="#sSpan11968" value="abstract"/>
		<feat xlink:href="#sSpan11996" value="place"/>
		<feat xlink:href="#sSpan12019" value="abstract"/>
		<feat xlink:href="#sSpan12041" value="person"/>
		<feat xlink:href="#sSpan12046" value="abstract"/>
		<feat xlink:href="#sSpan12100" value="person"/>
		<feat xlink:href="#sSpan12119" value="abstract"/>
		<feat xlink:href="#sSpan12128" value="person"/>
		<feat xlink:href="#sSpan12212" value="abstract"/>
		<feat xlink:href="#sSpan12222" value="person"/>
		<feat xlink:href="#sSpan12237" value="person"/>
		<feat xlink:href="#sSpan12250" value="abstract"/>
		<feat xlink:href="#sSpan12259" value="time"/>
		<feat xlink:href="#sSpan12273" value="abstract"/>
		<feat xlink:href="#sSpan12280" value="abstract"/>
		<feat xlink:href="#sSpan12299" value="abstract"/>
		<feat xlink:href="#sSpan12308" value="abstract"/>
		<feat xlink:href="#sSpan12322" value="time"/>
		<feat xlink:href="#sSpan12332" value="person"/>
		<feat xlink:href="#sSpan12347" value="abstract"/>
		<feat xlink:href="#sSpan12361" value="abstract"/>
		<feat xlink:href="#sSpan12408" value="person"/>
		<feat xlink:href="#sSpan12417" value="abstract"/>
		<feat xlink:href="#sSpan12438" value="abstract"/>
		<feat xlink:href="#sSpan12451" value="object"/>
		<feat xlink:href="#sSpan12466" value="abstract"/>
		<feat xlink:href="#sSpan12477" value="abstract"/>
		<feat xlink:href="#sSpan12486" value="person"/>
		<feat xlink:href="#sSpan12509" value="abstract"/>
		<feat xlink:href="#sSpan12527" value="person"/>
		<feat xlink:href="#sSpan12546" value="abstract"/>
		<feat xlink:href="#sSpan12572" value="abstract"/>
		<feat xlink:href="#sSpan12592" value="person"/>
		<feat xlink:href="#sSpan12609" value="abstract"/>
		<feat xlink:href="#sSpan12624" value="abstract"/>
		<feat xlink:href="#sSpan12637" value="abstract"/>
		<feat xlink:href="#sSpan12654" value="person"/>
		<feat xlink:href="#sSpan12667" value="time"/>
		<feat xlink:href="#sSpan12674" value="time"/>
		<feat xlink:href="#sSpan12698" value="person"/>
		<feat xlink:href="#sSpan12709" value="time"/>
		<feat xlink:href="#sSpan12718" value="time"/>
		<feat xlink:href="#sSpan12727" value="abstract"/>
		<feat xlink:href="#sSpan12742" value="person"/>
		<feat xlink:href="#sSpan12765" value="abstract"/>
		<feat xlink:href="#sSpan12815" value="abstract"/>
		<feat xlink:href="#sSpan12853" value="person"/>
		<feat xlink:href="#sSpan12866" value="person"/>
		<feat xlink:href="#sSpan12878" value="abstract"/>
		<feat xlink:href="#sSpan12889" value="abstract"/>
		<feat xlink:href="#sSpan12898" value="abstract"/>
		<feat xlink:href="#sSpan12963" value="abstract"/>
		<feat xlink:href="#sSpan12974" value="abstract"/>
		<feat xlink:href="#sSpan12992" value="abstract"/>
		<feat xlink:href="#sSpan13007" value="place"/>
		<feat xlink:href="#sSpan13024" value="place"/>
		<feat xlink:href="#sSpan13041" value="place"/>
		<feat xlink:href="#sSpan13059" value="place"/>
		<feat xlink:href="#sSpan13079" value="abstract"/>
		<feat xlink:href="#sSpan13099" value="abstract"/>
		<feat xlink:href="#sSpan13108" value="abstract"/>
		<feat xlink:href="#sSpan13125" value="abstract"/>
		<feat xlink:href="#sSpan13132" value="abstract"/>
		<feat xlink:href="#sSpan13148" value="time"/>
		<feat xlink:href="#sSpan13157" value="abstract"/>
		<feat xlink:href="#sSpan13171" value="person"/>
		<feat xlink:href="#sSpan13192" value="person"/>
		<feat xlink:href="#sSpan13206" value="person"/>
		<feat xlink:href="#sSpan13227" value="person"/>
		<feat xlink:href="#sSpan13241" value="abstract"/>
		<feat xlink:href="#sSpan13261" value="person"/>
		<feat xlink:href="#sSpan13278" value="abstract"/>
		<feat xlink:href="#sSpan13287" value="person"/>
		<feat xlink:href="#sSpan13300" value="animal"/>
		<feat xlink:href="#sSpan13316" value="animal"/>
		<feat xlink:href="#sSpan13329" value="animal"/>
		<feat xlink:href="#sSpan13357" value="person"/>
		<feat xlink:href="#sSpan13379" value="abstract"/>
		<feat xlink:href="#sSpan13430" value="place"/>
		<feat xlink:href="#sSpan13456" value="abstract"/>
		<feat xlink:href="#sSpan13467" value="person"/>
		<feat xlink:href="#sSpan13478" value="abstract"/>
		<feat xlink:href="#sSpan13529" value="place"/>
		<feat xlink:href="#sSpan13540" value="person"/>
		<feat xlink:href="#sSpan13564" value="person"/>
		<feat xlink:href="#sSpan13597" value="person"/>
		<feat xlink:href="#sSpan13613" value="person"/>
		<feat xlink:href="#sSpan13637" value="abstract"/>
		<feat xlink:href="#sSpan13646" value="abstract"/>
		<feat xlink:href="#sSpan13677" value="substance"/>
		<feat xlink:href="#sSpan13692" value="person"/>
		<feat xlink:href="#sSpan13701" value="time"/>
		<feat xlink:href="#sSpan13741" value="person"/>
		<feat xlink:href="#sSpan13763" value="time"/>
		<feat xlink:href="#sSpan13778" value="abstract"/>
		<feat xlink:href="#sSpan13814" value="person"/>
		<feat xlink:href="#sSpan13833" value="abstract"/>
		<feat xlink:href="#sSpan13844" value="person"/>
		<feat xlink:href="#sSpan13918" value="person"/>
		<feat xlink:href="#sSpan13931" value="person"/>
		<feat xlink:href="#sSpan13951" value="abstract"/>
		<feat xlink:href="#sSpan13980" value="abstract"/>
		<feat xlink:href="#sSpan14013" value="abstract"/>
		<feat xlink:href="#sSpan14029" value="place"/>
		<feat xlink:href="#sSpan14058" value="abstract"/>
		<feat xlink:href="#sSpan14067" value="abstract"/>
		<feat xlink:href="#sSpan14082" value="person"/>
		<feat xlink:href="#sSpan14114" value="place"/>
		<feat xlink:href="#sSpan14143" value="person"/>
		<feat xlink:href="#sSpan14153" value="person"/>
		<feat xlink:href="#sSpan14176" value="abstract"/>
		<feat xlink:href="#sSpan14187" value="abstract"/>
		<feat xlink:href="#sSpan14202" value="object"/>
		<feat xlink:href="#sSpan14235" value="time"/>
		<feat xlink:href="#sSpan14244" value="abstract"/>
		<feat xlink:href="#sSpan14270" value="abstract"/>
		<feat xlink:href="#sSpan14285" value="abstract"/>
		<feat xlink:href="#sSpan14294" value="abstract"/>
		<feat xlink:href="#sSpan14308" value="time"/>
		<feat xlink:href="#sSpan14317" value="person"/>
		<feat xlink:href="#sSpan14340" value="abstract"/>
		<feat xlink:href="#sSpan14352" value="person"/>
		<feat xlink:href="#sSpan14360" value="abstract"/>
		<feat xlink:href="#sSpan14374" value="person"/>
		<feat xlink:href="#sSpan14391" value="place"/>
		<feat xlink:href="#sSpan14401" value="person"/>
		<feat xlink:href="#sSpan14423" value="person"/>
		<feat xlink:href="#sSpan14451" value="person"/>
		<feat xlink:href="#sSpan14464" value="person"/>
		<feat xlink:href="#sSpan14506" value="person"/>
		<feat xlink:href="#sSpan14513" value="abstract"/>
		<feat xlink:href="#sSpan14530" value="person"/>
		<feat xlink:href="#sSpan14550" value="abstract"/>
		<feat xlink:href="#sSpan14559" value="abstract"/>
		<feat xlink:href="#sSpan14580" value="time"/>
		<feat xlink:href="#sSpan14592" value="abstract"/>
		<feat xlink:href="#sSpan14605" value="abstract"/>
		<feat xlink:href="#sSpan14619" value="abstract"/>
		<feat xlink:href="#sSpan14649" value="place"/>
		<feat xlink:href="#sSpan14686" value="abstract"/>
		<feat xlink:href="#sSpan14723" value="abstract"/>
		<feat xlink:href="#sSpan14765" value="abstract"/>
		<feat xlink:href="#sSpan14777" value="abstract"/>
		<feat xlink:href="#sSpan14786" value="abstract"/>
		<feat xlink:href="#sSpan14813" value="abstract"/>
		<feat xlink:href="#sSpan14844" value="abstract"/>
		<feat xlink:href="#sSpan14881" value="place"/>
		<feat xlink:href="#sSpan14902" value="abstract"/>
		<feat xlink:href="#sSpan14930" value="person"/>
		<feat xlink:href="#sSpan14948" value="time"/>
		<feat xlink:href="#sSpan15015" value="abstract"/>
		<feat xlink:href="#sSpan15096" value="abstract"/>
		<feat xlink:href="#sSpan15111" value="place"/>
		<feat xlink:href="#sSpan15136" value="abstract"/>
		<feat xlink:href="#sSpan15156" value="abstract"/>
		<feat xlink:href="#sSpan15191" value="abstract"/>
		<feat xlink:href="#sSpan15245" value="person"/>
		<feat xlink:href="#sSpan15255" value="time"/>
		<feat xlink:href="#sSpan15273" value="abstract"/>
		<feat xlink:href="#sSpan15294" value="person"/>
		<feat xlink:href="#sSpan15355" value="abstract"/>
		<feat xlink:href="#sSpan15366" value="person"/>
		<feat xlink:href="#sSpan15381" value="abstract"/>
		<feat xlink:href="#sSpan15437" value="abstract"/>
		<feat xlink:href="#sSpan15461" value="abstract"/>
		<feat xlink:href="#sSpan15505" value="place"/>
		<feat xlink:href="#sSpan15530" value="abstract"/>
		<feat xlink:href="#sSpan15546" value="abstract"/>
		<feat xlink:href="#sSpan15555" value="abstract"/>
		<feat xlink:href="#sSpan15585" value="abstract"/>
		<feat xlink:href="#sSpan15605" value="person"/>
		<feat xlink:href="#sSpan15636" value="time"/>
		<feat xlink:href="#sSpan15677" value="abstract"/>
		<feat xlink:href="#sSpan15688" value="abstract"/>
		<feat xlink:href="#sSpan15713" value="abstract"/>
		<feat xlink:href="#sSpan15745" value="abstract"/>
		<feat xlink:href="#sSpan15770" value="abstract"/>
		<feat xlink:href="#sSpan15786" value="abstract"/>
		<feat xlink:href="#sSpan15803" value="abstract"/>
		<feat xlink:href="#sSpan15813" value="abstract"/>
		<feat xlink:href="#sSpan15821" value="abstract"/>
		<feat xlink:href="#sSpan15843" value="abstract"/>
		<feat xlink:href="#sSpan15851" value="abstract"/>
		<feat xlink:href="#sSpan15862" value="person"/>
		<feat xlink:href="#sSpan15886" value="abstract"/>
		<feat xlink:href="#sSpan15902" value="abstract"/>
		<feat xlink:href="#sSpan15913" value="place"/>
		<feat xlink:href="#sSpan15940" value="abstract"/>
		<feat xlink:href="#sSpan15956" value="abstract"/>
		<feat xlink:href="#sSpan15978" value="abstract"/>
		<feat xlink:href="#sSpan15987" value="object"/>
		<feat xlink:href="#sSpan16003" value="abstract"/>
		<feat xlink:href="#sSpan16010" value="person"/>
		<feat xlink:href="#sSpan16025" value="object"/>
		<feat xlink:href="#sSpan16036" value="abstract"/>
		<feat xlink:href="#sSpan16053" value="abstract"/>
		<feat xlink:href="#sSpan16072" value="person"/>
		<feat xlink:href="#sSpan16095" value="abstract"/>
		<feat xlink:href="#sSpan16108" value="abstract"/>
		<feat xlink:href="#sSpan16125" value="person"/>
		<feat xlink:href="#sSpan16128" value="abstract"/>
		<feat xlink:href="#sSpan16147" value="abstract"/>
		<feat xlink:href="#sSpan16166" value="person"/>
		<feat xlink:href="#sSpan16184" value="place"/>
		<feat xlink:href="#sSpan16196" value="abstract"/>
		<feat xlink:href="#sSpan16206" value="abstract"/>
		<feat xlink:href="#sSpan16216" value="abstract"/>
		<feat xlink:href="#sSpan16228" value="abstract"/>
		<feat xlink:href="#sSpan16233" value="abstract"/>
		<feat xlink:href="#sSpan16253" value="abstract"/>
		<feat xlink:href="#sSpan16265" value="abstract"/>
		<feat xlink:href="#sSpan16281" value="person"/>
		<feat xlink:href="#sSpan16300" value="abstract"/>
		<feat xlink:href="#sSpan16327" value="abstract"/>
		<feat xlink:href="#sSpan16337" value="abstract"/>
		<feat xlink:href="#sSpan16352" value="abstract"/>
		<feat xlink:href="#sSpan16370" value="place"/>
		<feat xlink:href="#sSpan16380" value="abstract"/>
		<feat xlink:href="#sSpan16395" value="abstract"/>
		<feat xlink:href="#sSpan16413" value="abstract"/>
		<feat xlink:href="#sSpan16426" value="abstract"/></featList></paula>