<?xml version='1.0' encoding='UTF-8'?><!DOCTYPE paula SYSTEM "paula_feat.dtd">
<paula version="1.1">
	<header paula_id="scriptorium.pistis.sophia_book_1_part5.mark_marcion_chapter_n"/>
	<featList xmlns:xlink="http://www.w3.org/1999/xlink" type="marcion_chapter_n" xml:base="scriptorium.pistis.sophia_book_1_part5.mark.xml">
		<feat xlink:href="#sSpan14" value="64"/>
		<feat xlink:href="#sSpan1167" value="65"/>
		<feat xlink:href="#sSpan2235" value="66"/>
		<feat xlink:href="#sSpan3506" value="67"/>
		<feat xlink:href="#sSpan4612" value="68"/>
		<feat xlink:href="#sSpan5763" value="69"/>
		<feat xlink:href="#sSpan6905" value="70"/>
		<feat xlink:href="#sSpan8036" value="71"/>
		<feat xlink:href="#sSpan9124" value="72"/>
		<feat xlink:href="#sSpan10282" value="73"/>
		<feat xlink:href="#sSpan11397" value="74"/>
		<feat xlink:href="#sSpan12450" value="75"/>
		<feat xlink:href="#sSpan13450" value="76"/>
		<feat xlink:href="#sSpan14479" value="77"/>
		<feat xlink:href="#sSpan15519" value="78"/>
		<feat xlink:href="#sSpan16498" value="79"/></featList></paula>