<?xml version="1.0" standalone="no"?>

<!DOCTYPE paula SYSTEM "paula_mark.dtd">
<paula version="1.0">

<header paula_id="sahidica.nt.1_Corinthians_11_tok"/>

<markList xmlns:xlink="http://www.w3.org/1999/xlink" type="tok" xml:base="sahidica.nt.1_Corinthians_11.text.xml">
<mark id="tok_1" xlink:href="#xpointer(string-range(//body,'',1,4))"/><!-- ⲧⲛⲧⲛ -->
<mark id="tok_2" xlink:href="#xpointer(string-range(//body,'',6,5))"/><!-- ⲧⲏⲩⲧⲛ -->
<mark id="tok_3" xlink:href="#xpointer(string-range(//body,'',12,3))"/><!-- ⲉⲣⲟ -->
<mark id="tok_4" xlink:href="#xpointer(string-range(//body,'',16,1))"/><!-- ⲓ -->
<mark id="tok_5" xlink:href="#xpointer(string-range(//body,'',18,4))"/><!-- ⲕⲁⲧⲁ -->
<mark id="tok_6" xlink:href="#xpointer(string-range(//body,'',23,1))"/><!-- ⲧ -->
<mark id="tok_7" xlink:href="#xpointer(string-range(//body,'',25,2))"/><!-- ϩⲉ -->
<mark id="tok_8" xlink:href="#xpointer(string-range(//body,'',28,5))"/><!-- ⲉⲛⲧⲁⲓ -->
<mark id="tok_9" xlink:href="#xpointer(string-range(//body,'',34,6))"/><!-- ⲧⲛⲧⲱⲛⲧ -->
<mark id="tok_10" xlink:href="#xpointer(string-range(//body,'',41,1))"/><!-- ⲉ -->
<mark id="tok_11" xlink:href="#xpointer(string-range(//body,'',43,2))"/><!-- ⲡⲉ -->
<mark id="tok_12" xlink:href="#xpointer(string-range(//body,'',46,7))"/><!-- ⲭⲣⲓⲥⲧⲟⲥ -->
<mark id="tok_13" xlink:href="#xpointer(string-range(//body,'',54,1))"/><!-- . -->
<mark id="tok_14" xlink:href="#xpointer(string-range(//body,'',56,1))"/><!-- ϯ -->
<mark id="tok_15" xlink:href="#xpointer(string-range(//body,'',58,7))"/><!-- ⲉⲡⲁⲓⲛⲟⲩ -->
<mark id="tok_16" xlink:href="#xpointer(string-range(//body,'',66,2))"/><!-- ⲇⲉ -->
<mark id="tok_17" xlink:href="#xpointer(string-range(//body,'',69,3))"/><!-- ⲙⲙⲱ -->
<mark id="tok_18" xlink:href="#xpointer(string-range(//body,'',73,2))"/><!-- ⲧⲛ -->
<mark id="tok_19" xlink:href="#xpointer(string-range(//body,'',76,2))"/><!-- ϫⲉ -->
<mark id="tok_20" xlink:href="#xpointer(string-range(//body,'',79,4))"/><!-- ⲧⲉⲧⲛ -->
<mark id="tok_21" xlink:href="#xpointer(string-range(//body,'',84,4))"/><!-- ⲉⲓⲣⲉ -->
<mark id="tok_22" xlink:href="#xpointer(string-range(//body,'',89,1))"/><!-- ⲙ -->
<mark id="tok_23" xlink:href="#xpointer(string-range(//body,'',91,2))"/><!-- ⲡⲁ -->
<mark id="tok_24" xlink:href="#xpointer(string-range(//body,'',94,5))"/><!-- ⲙⲉⲉⲩⲉ -->
<mark id="tok_25" xlink:href="#xpointer(string-range(//body,'',100,2))"/><!-- ϩⲛ -->
<mark id="tok_26" xlink:href="#xpointer(string-range(//body,'',103,3))"/><!-- ϩⲱⲃ -->
<mark id="tok_27" xlink:href="#xpointer(string-range(//body,'',107,3))"/><!-- ⲛⲓⲙ -->
<mark id="tok_28" xlink:href="#xpointer(string-range(//body,'',111,1))"/><!-- . -->
<mark id="tok_29" xlink:href="#xpointer(string-range(//body,'',113,3))"/><!-- ⲁⲩⲱ -->
<mark id="tok_30" xlink:href="#xpointer(string-range(//body,'',117,4))"/><!-- ⲕⲁⲧⲁ -->
<mark id="tok_31" xlink:href="#xpointer(string-range(//body,'',122,1))"/><!-- ⲧ -->
<mark id="tok_32" xlink:href="#xpointer(string-range(//body,'',124,2))"/><!-- ϩⲉ -->
<mark id="tok_33" xlink:href="#xpointer(string-range(//body,'',127,3))"/><!-- ⲉⲛⲧ -->
<mark id="tok_34" xlink:href="#xpointer(string-range(//body,'',131,1))"/><!-- ⲁ -->
<mark id="tok_35" xlink:href="#xpointer(string-range(//body,'',133,1))"/><!-- ⲓ -->
<mark id="tok_36" xlink:href="#xpointer(string-range(//body,'',135,1))"/><!-- ϯ -->
<mark id="tok_37" xlink:href="#xpointer(string-range(//body,'',137,2))"/><!-- ⲛⲏ -->
<mark id="tok_38" xlink:href="#xpointer(string-range(//body,'',140,2))"/><!-- ⲧⲛ -->
<mark id="tok_39" xlink:href="#xpointer(string-range(//body,'',143,11))"/><!-- ⲛⲙⲡⲁⲣⲁⲇⲟⲥⲓⲥ -->
<mark id="tok_40" xlink:href="#xpointer(string-range(//body,'',155,4))"/><!-- ⲧⲉⲧⲛ -->
<mark id="tok_41" xlink:href="#xpointer(string-range(//body,'',160,6))"/><!-- ⲁⲙⲁϩⲧⲉ -->
<mark id="tok_42" xlink:href="#xpointer(string-range(//body,'',167,3))"/><!-- ⲙⲙⲟ -->
<mark id="tok_43" xlink:href="#xpointer(string-range(//body,'',171,2))"/><!-- ⲟⲩ -->
<mark id="tok_44" xlink:href="#xpointer(string-range(//body,'',174,1))"/><!-- . -->
<mark id="tok_45" xlink:href="#xpointer(string-range(//body,'',176,1))"/><!-- ϯ -->
<mark id="tok_46" xlink:href="#xpointer(string-range(//body,'',178,4))"/><!-- ⲟⲩⲱϣ -->
<mark id="tok_47" xlink:href="#xpointer(string-range(//body,'',183,2))"/><!-- ⲇⲉ -->
<mark id="tok_48" xlink:href="#xpointer(string-range(//body,'',186,1))"/><!-- ⲉ -->
<mark id="tok_49" xlink:href="#xpointer(string-range(//body,'',188,3))"/><!-- ⲧⲣⲉ -->
<mark id="tok_50" xlink:href="#xpointer(string-range(//body,'',192,2))"/><!-- ⲧⲛ -->
<mark id="tok_51" xlink:href="#xpointer(string-range(//body,'',195,4))"/><!-- ⲉⲓⲙⲉ -->
<mark id="tok_52" xlink:href="#xpointer(string-range(//body,'',200,2))"/><!-- ϫⲉ -->
<mark id="tok_53" xlink:href="#xpointer(string-range(//body,'',203,1))"/><!-- ⲧ -->
<mark id="tok_54" xlink:href="#xpointer(string-range(//body,'',205,3))"/><!-- ⲁⲡⲉ -->
<mark id="tok_55" xlink:href="#xpointer(string-range(//body,'',209,1))"/><!-- ⲛ -->
<mark id="tok_56" xlink:href="#xpointer(string-range(//body,'',211,5))"/><!-- ϩⲟⲟⲩⲧ -->
<mark id="tok_57" xlink:href="#xpointer(string-range(//body,'',217,3))"/><!-- ⲛⲓⲙ -->
<mark id="tok_58" xlink:href="#xpointer(string-range(//body,'',221,2))"/><!-- ⲡⲉ -->
<mark id="tok_59" xlink:href="#xpointer(string-range(//body,'',224,2))"/><!-- ⲡⲉ -->
<mark id="tok_60" xlink:href="#xpointer(string-range(//body,'',227,7))"/><!-- ⲭⲣⲓⲥⲧⲟⲥ -->
<mark id="tok_61" xlink:href="#xpointer(string-range(//body,'',235,1))"/><!-- . -->
<mark id="tok_62" xlink:href="#xpointer(string-range(//body,'',237,1))"/><!-- ⲧ -->
<mark id="tok_63" xlink:href="#xpointer(string-range(//body,'',239,3))"/><!-- ⲁⲡⲉ -->
<mark id="tok_64" xlink:href="#xpointer(string-range(//body,'',243,2))"/><!-- ⲇⲉ -->
<mark id="tok_65" xlink:href="#xpointer(string-range(//body,'',246,6))"/><!-- ⲛⲧⲉⲥϩⲓ -->
<mark id="tok_66" xlink:href="#xpointer(string-range(//body,'',253,2))"/><!-- ⲙⲉ -->
<mark id="tok_67" xlink:href="#xpointer(string-range(//body,'',256,2))"/><!-- ⲡⲉ -->
<mark id="tok_68" xlink:href="#xpointer(string-range(//body,'',259,3))"/><!-- ⲡⲉⲥ -->
<mark id="tok_69" xlink:href="#xpointer(string-range(//body,'',263,3))"/><!-- ϩⲁⲓ -->
<mark id="tok_70" xlink:href="#xpointer(string-range(//body,'',267,1))"/><!-- . -->
<mark id="tok_71" xlink:href="#xpointer(string-range(//body,'',269,1))"/><!-- ⲧ -->
<mark id="tok_72" xlink:href="#xpointer(string-range(//body,'',271,3))"/><!-- ⲁⲡⲉ -->
<mark id="tok_73" xlink:href="#xpointer(string-range(//body,'',275,2))"/><!-- ⲇⲉ -->
<mark id="tok_74" xlink:href="#xpointer(string-range(//body,'',278,1))"/><!-- ⲛ -->
<mark id="tok_75" xlink:href="#xpointer(string-range(//body,'',280,2))"/><!-- ⲡⲉ -->
<mark id="tok_76" xlink:href="#xpointer(string-range(//body,'',283,7))"/><!-- ⲭⲣⲓⲥⲧⲟⲥ -->
<mark id="tok_77" xlink:href="#xpointer(string-range(//body,'',291,2))"/><!-- ⲡⲉ -->
<mark id="tok_78" xlink:href="#xpointer(string-range(//body,'',294,1))"/><!-- ⲡ -->
<mark id="tok_79" xlink:href="#xpointer(string-range(//body,'',296,5))"/><!-- ⲛⲟⲩⲧⲉ -->
<mark id="tok_80" xlink:href="#xpointer(string-range(//body,'',302,1))"/><!-- . -->
<mark id="tok_81" xlink:href="#xpointer(string-range(//body,'',304,4))"/><!-- ⲣⲱⲙⲉ -->
<mark id="tok_82" xlink:href="#xpointer(string-range(//body,'',309,3))"/><!-- ⲛⲓⲙ -->
<mark id="tok_83" xlink:href="#xpointer(string-range(//body,'',313,1))"/><!-- ⲉ -->
<mark id="tok_84" xlink:href="#xpointer(string-range(//body,'',315,1))"/><!-- ϥ -->
<mark id="tok_85" xlink:href="#xpointer(string-range(//body,'',317,4))"/><!-- ϣⲗⲏⲗ -->
<mark id="tok_86" xlink:href="#xpointer(string-range(//body,'',322,12))"/><!-- ⲏⲉϥⲡⲣⲟⲫⲏⲧⲉⲩⲉ -->
<mark id="tok_87" xlink:href="#xpointer(string-range(//body,'',335,3))"/><!-- ⲉⲣⲉ -->
<mark id="tok_88" xlink:href="#xpointer(string-range(//body,'',339,3))"/><!-- ⲧⲉϥ -->
<mark id="tok_89" xlink:href="#xpointer(string-range(//body,'',343,3))"/><!-- ⲁⲡⲉ -->
<mark id="tok_90" xlink:href="#xpointer(string-range(//body,'',347,4))"/><!-- ϩⲟⲃⲥ -->
<mark id="tok_91" xlink:href="#xpointer(string-range(//body,'',352,1))"/><!-- ϥ -->
<mark id="tok_92" xlink:href="#xpointer(string-range(//body,'',354,5))"/><!-- ϯϣⲓⲡⲉ -->
<mark id="tok_93" xlink:href="#xpointer(string-range(//body,'',360,1))"/><!-- ⲛ -->
<mark id="tok_94" xlink:href="#xpointer(string-range(//body,'',362,3))"/><!-- ⲧⲉϥ -->
<mark id="tok_95" xlink:href="#xpointer(string-range(//body,'',366,3))"/><!-- ⲁⲡⲉ -->
<mark id="tok_96" xlink:href="#xpointer(string-range(//body,'',370,1))"/><!-- . -->
<mark id="tok_97" xlink:href="#xpointer(string-range(//body,'',372,5))"/><!-- ⲥϩⲓⲙⲉ -->
<mark id="tok_98" xlink:href="#xpointer(string-range(//body,'',378,2))"/><!-- ⲇⲉ -->
<mark id="tok_99" xlink:href="#xpointer(string-range(//body,'',381,3))"/><!-- ⲛⲓⲙ -->
<mark id="tok_100" xlink:href="#xpointer(string-range(//body,'',385,1))"/><!-- ⲉ -->
<mark id="tok_101" xlink:href="#xpointer(string-range(//body,'',387,1))"/><!-- ⲥ -->
<mark id="tok_102" xlink:href="#xpointer(string-range(//body,'',389,4))"/><!-- ϣⲗⲏⲗ -->
<mark id="tok_103" xlink:href="#xpointer(string-range(//body,'',394,8))"/><!-- ⲏⲉⲥⲡⲣⲟⲫⲏ -->
<mark id="tok_104" xlink:href="#xpointer(string-range(//body,'',403,4))"/><!-- ⲧⲉⲩⲉ -->
<mark id="tok_105" xlink:href="#xpointer(string-range(//body,'',408,3))"/><!-- ⲉⲣⲉ -->
<mark id="tok_106" xlink:href="#xpointer(string-range(//body,'',412,3))"/><!-- ⲧⲉⲥ -->
<mark id="tok_107" xlink:href="#xpointer(string-range(//body,'',416,3))"/><!-- ⲁⲡⲉ -->
<mark id="tok_108" xlink:href="#xpointer(string-range(//body,'',420,4))"/><!-- ϭⲟⲗⲡ -->
<mark id="tok_109" xlink:href="#xpointer(string-range(//body,'',425,4))"/><!-- ⲉⲃⲟⲗ -->
<mark id="tok_110" xlink:href="#xpointer(string-range(//body,'',430,1))"/><!-- ⲥ -->
<mark id="tok_111" xlink:href="#xpointer(string-range(//body,'',432,5))"/><!-- ϯϣⲓⲡⲉ -->
<mark id="tok_112" xlink:href="#xpointer(string-range(//body,'',438,1))"/><!-- ⲛ -->
<mark id="tok_113" xlink:href="#xpointer(string-range(//body,'',440,3))"/><!-- ⲧⲉⲥ -->
<mark id="tok_114" xlink:href="#xpointer(string-range(//body,'',444,3))"/><!-- ⲁⲡⲉ -->
<mark id="tok_115" xlink:href="#xpointer(string-range(//body,'',448,1))"/><!-- . -->
<mark id="tok_116" xlink:href="#xpointer(string-range(//body,'',450,5))"/><!-- ⲧⲉⲓϩⲉ -->
<mark id="tok_117" xlink:href="#xpointer(string-range(//body,'',456,3))"/><!-- ⲅⲁⲣ -->
<mark id="tok_118" xlink:href="#xpointer(string-range(//body,'',460,2))"/><!-- ⲧⲉ -->
<mark id="tok_119" xlink:href="#xpointer(string-range(//body,'',463,1))"/><!-- . -->
<mark id="tok_120" xlink:href="#xpointer(string-range(//body,'',465,3))"/><!-- ⲁⲩⲱ -->
<mark id="tok_121" xlink:href="#xpointer(string-range(//body,'',469,7))"/><!-- ⲡⲉⲉⲓϩⲱⲃ -->
<mark id="tok_122" xlink:href="#xpointer(string-range(//body,'',477,1))"/><!-- ⲛ -->
<mark id="tok_123" xlink:href="#xpointer(string-range(//body,'',479,4))"/><!-- ⲟⲩⲱⲧ -->
<mark id="tok_124" xlink:href="#xpointer(string-range(//body,'',484,2))"/><!-- ⲡⲉ -->
<mark id="tok_125" xlink:href="#xpointer(string-range(//body,'',487,1))"/><!-- ⲛ -->
<mark id="tok_126" xlink:href="#xpointer(string-range(//body,'',489,1))"/><!-- ⲧ -->
<mark id="tok_127" xlink:href="#xpointer(string-range(//body,'',491,5))"/><!-- ⲉⲧⲉⲣⲉ -->
<mark id="tok_128" xlink:href="#xpointer(string-range(//body,'',497,2))"/><!-- ϫⲱ -->
<mark id="tok_129" xlink:href="#xpointer(string-range(//body,'',500,1))"/><!-- ⲥ -->
<mark id="tok_130" xlink:href="#xpointer(string-range(//body,'',502,5))"/><!-- ϩⲟⲟⲕⲉ -->
<mark id="tok_131" xlink:href="#xpointer(string-range(//body,'',508,1))"/><!-- . -->
<mark id="tok_132" xlink:href="#xpointer(string-range(//body,'',510,4))"/><!-- ⲉϣϫⲉ -->
<mark id="tok_133" xlink:href="#xpointer(string-range(//body,'',515,6))"/><!-- ⲥⲛⲁϩⲃⲥ -->
<mark id="tok_134" xlink:href="#xpointer(string-range(//body,'',522,2))"/><!-- ϫⲱ -->
<mark id="tok_135" xlink:href="#xpointer(string-range(//body,'',525,1))"/><!-- ⲥ -->
<mark id="tok_136" xlink:href="#xpointer(string-range(//body,'',527,3))"/><!-- ⲅⲁⲣ -->
<mark id="tok_137" xlink:href="#xpointer(string-range(//body,'',531,2))"/><!-- ⲁⲛ -->
<mark id="tok_138" xlink:href="#xpointer(string-range(//body,'',534,3))"/><!-- ⲛϭⲓ -->
<mark id="tok_139" xlink:href="#xpointer(string-range(//body,'',538,2))"/><!-- ⲧⲉ -->
<mark id="tok_140" xlink:href="#xpointer(string-range(//body,'',541,5))"/><!-- ⲥϩⲓⲙⲉ -->
<mark id="tok_141" xlink:href="#xpointer(string-range(//body,'',547,7))"/><!-- ⲙⲁⲣⲉⲥϣⲃ -->
<mark id="tok_142" xlink:href="#xpointer(string-range(//body,'',555,2))"/><!-- ϫⲱ -->
<mark id="tok_143" xlink:href="#xpointer(string-range(//body,'',558,1))"/><!-- ⲥ -->
<mark id="tok_144" xlink:href="#xpointer(string-range(//body,'',560,1))"/><!-- . -->
<mark id="tok_145" xlink:href="#xpointer(string-range(//body,'',562,4))"/><!-- ⲉϣϫⲉ -->
<mark id="tok_146" xlink:href="#xpointer(string-range(//body,'',567,2))"/><!-- ⲟⲩ -->
<mark id="tok_147" xlink:href="#xpointer(string-range(//body,'',570,4))"/><!-- ϣⲗⲟϥ -->
<mark id="tok_148" xlink:href="#xpointer(string-range(//body,'',575,2))"/><!-- ⲇⲉ -->
<mark id="tok_149" xlink:href="#xpointer(string-range(//body,'',578,1))"/><!-- ⲛ -->
<mark id="tok_150" xlink:href="#xpointer(string-range(//body,'',580,2))"/><!-- ⲧⲉ -->
<mark id="tok_151" xlink:href="#xpointer(string-range(//body,'',583,5))"/><!-- ⲥϩⲓⲙⲉ -->
<mark id="tok_152" xlink:href="#xpointer(string-range(//body,'',589,2))"/><!-- ⲡⲉ -->
<mark id="tok_153" xlink:href="#xpointer(string-range(//body,'',592,2))"/><!-- ϣⲃ -->
<mark id="tok_154" xlink:href="#xpointer(string-range(//body,'',595,2))"/><!-- ϫⲱ -->
<mark id="tok_155" xlink:href="#xpointer(string-range(//body,'',598,1))"/><!-- ⲥ -->
<mark id="tok_156" xlink:href="#xpointer(string-range(//body,'',600,5))"/><!-- ⲏϩⲉⲕⲉ -->
<mark id="tok_157" xlink:href="#xpointer(string-range(//body,'',606,2))"/><!-- ϫⲱ -->
<mark id="tok_158" xlink:href="#xpointer(string-range(//body,'',609,1))"/><!-- ⲥ -->
<mark id="tok_159" xlink:href="#xpointer(string-range(//body,'',611,1))"/><!-- . -->
<mark id="tok_160" xlink:href="#xpointer(string-range(//body,'',613,8))"/><!-- ⲙⲁⲣⲉⲥϩⲃⲥ -->
<mark id="tok_161" xlink:href="#xpointer(string-range(//body,'',622,2))"/><!-- ϫⲱ -->
<mark id="tok_162" xlink:href="#xpointer(string-range(//body,'',625,1))"/><!-- ⲥ -->
<mark id="tok_163" xlink:href="#xpointer(string-range(//body,'',627,1))"/><!-- . -->
<mark id="tok_164" xlink:href="#xpointer(string-range(//body,'',629,1))"/><!-- ⲡ -->
<mark id="tok_165" xlink:href="#xpointer(string-range(//body,'',631,5))"/><!-- ϩⲟⲟⲩⲧ -->
<mark id="tok_166" xlink:href="#xpointer(string-range(//body,'',637,3))"/><!-- ⲅⲁⲣ -->
<mark id="tok_167" xlink:href="#xpointer(string-range(//body,'',641,4))"/><!-- ⲛϣϣⲉ -->
<mark id="tok_168" xlink:href="#xpointer(string-range(//body,'',646,2))"/><!-- ⲁⲛ -->
<mark id="tok_169" xlink:href="#xpointer(string-range(//body,'',649,3))"/><!-- ⲉⲣⲟ -->
<mark id="tok_170" xlink:href="#xpointer(string-range(//body,'',653,1))"/><!-- ϥ -->
<mark id="tok_171" xlink:href="#xpointer(string-range(//body,'',655,1))"/><!-- ⲉ -->
<mark id="tok_172" xlink:href="#xpointer(string-range(//body,'',657,4))"/><!-- ϩⲱⲃⲥ -->
<mark id="tok_173" xlink:href="#xpointer(string-range(//body,'',662,1))"/><!-- ⲛ -->
<mark id="tok_174" xlink:href="#xpointer(string-range(//body,'',664,3))"/><!-- ⲧⲉϥ -->
<mark id="tok_175" xlink:href="#xpointer(string-range(//body,'',668,3))"/><!-- ⲁⲡⲉ -->
<mark id="tok_176" xlink:href="#xpointer(string-range(//body,'',672,1))"/><!-- . -->
<mark id="tok_177" xlink:href="#xpointer(string-range(//body,'',674,1))"/><!-- ⲉ -->
<mark id="tok_178" xlink:href="#xpointer(string-range(//body,'',676,1))"/><!-- ⲧ -->
<mark id="tok_179" xlink:href="#xpointer(string-range(//body,'',678,5))"/><!-- ϩⲓⲕⲱⲛ -->
<mark id="tok_180" xlink:href="#xpointer(string-range(//body,'',684,2))"/><!-- ⲡⲉ -->
<mark id="tok_181" xlink:href="#xpointer(string-range(//body,'',687,3))"/><!-- ⲁⲩⲱ -->
<mark id="tok_182" xlink:href="#xpointer(string-range(//body,'',691,1))"/><!-- ⲡ -->
<mark id="tok_183" xlink:href="#xpointer(string-range(//body,'',693,4))"/><!-- ⲉⲟⲟⲩ -->
<mark id="tok_184" xlink:href="#xpointer(string-range(//body,'',698,1))"/><!-- ⲙ -->
<mark id="tok_185" xlink:href="#xpointer(string-range(//body,'',700,1))"/><!-- ⲡ -->
<mark id="tok_186" xlink:href="#xpointer(string-range(//body,'',702,5))"/><!-- ⲛⲟⲩⲧⲉ -->
<mark id="tok_187" xlink:href="#xpointer(string-range(//body,'',708,1))"/><!-- . -->
<mark id="tok_188" xlink:href="#xpointer(string-range(//body,'',710,2))"/><!-- ⲧⲉ -->
<mark id="tok_189" xlink:href="#xpointer(string-range(//body,'',713,5))"/><!-- ⲥϩⲓⲙⲉ -->
<mark id="tok_190" xlink:href="#xpointer(string-range(//body,'',719,2))"/><!-- ⲇⲉ -->
<mark id="tok_191" xlink:href="#xpointer(string-range(//body,'',722,1))"/><!-- ⲡ -->
<mark id="tok_192" xlink:href="#xpointer(string-range(//body,'',724,4))"/><!-- ⲉⲟⲟⲩ -->
<mark id="tok_193" xlink:href="#xpointer(string-range(//body,'',729,1))"/><!-- ⲙ -->
<mark id="tok_194" xlink:href="#xpointer(string-range(//body,'',731,3))"/><!-- ⲡⲉⲥ -->
<mark id="tok_195" xlink:href="#xpointer(string-range(//body,'',735,3))"/><!-- ϩⲁⲓ -->
<mark id="tok_196" xlink:href="#xpointer(string-range(//body,'',739,2))"/><!-- ⲧⲉ -->
<mark id="tok_197" xlink:href="#xpointer(string-range(//body,'',742,1))"/><!-- . -->
<mark id="tok_198" xlink:href="#xpointer(string-range(//body,'',744,2))"/><!-- ⲛⲧ -->
<mark id="tok_199" xlink:href="#xpointer(string-range(//body,'',747,1))"/><!-- ⲁ -->
<mark id="tok_200" xlink:href="#xpointer(string-range(//body,'',749,1))"/><!-- ⲩ -->
<mark id="tok_201" xlink:href="#xpointer(string-range(//body,'',751,2))"/><!-- ϫⲓ -->
<mark id="tok_202" xlink:href="#xpointer(string-range(//body,'',754,1))"/><!-- ⲡ -->
<mark id="tok_203" xlink:href="#xpointer(string-range(//body,'',756,4))"/><!-- ⲣⲱⲙⲉ -->
<mark id="tok_204" xlink:href="#xpointer(string-range(//body,'',761,3))"/><!-- ⲅⲁⲣ -->
<mark id="tok_205" xlink:href="#xpointer(string-range(//body,'',765,2))"/><!-- ⲁⲛ -->
<mark id="tok_206" xlink:href="#xpointer(string-range(//body,'',768,4))"/><!-- ⲉⲃⲟⲗ -->
<mark id="tok_207" xlink:href="#xpointer(string-range(//body,'',773,2))"/><!-- ϩⲛ -->
<mark id="tok_208" xlink:href="#xpointer(string-range(//body,'',776,2))"/><!-- ⲧⲉ -->
<mark id="tok_209" xlink:href="#xpointer(string-range(//body,'',779,5))"/><!-- ⲥϩⲓⲙⲉ -->
<mark id="tok_210" xlink:href="#xpointer(string-range(//body,'',785,4))"/><!-- ⲁⲗⲗⲁ -->
<mark id="tok_211" xlink:href="#xpointer(string-range(//body,'',790,2))"/><!-- ⲛⲧ -->
<mark id="tok_212" xlink:href="#xpointer(string-range(//body,'',793,1))"/><!-- ⲁ -->
<mark id="tok_213" xlink:href="#xpointer(string-range(//body,'',795,1))"/><!-- ⲩ -->
<mark id="tok_214" xlink:href="#xpointer(string-range(//body,'',797,2))"/><!-- ϫⲓ -->
<mark id="tok_215" xlink:href="#xpointer(string-range(//body,'',800,2))"/><!-- ⲧⲉ -->
<mark id="tok_216" xlink:href="#xpointer(string-range(//body,'',803,5))"/><!-- ⲥϩⲓⲙⲉ -->
<mark id="tok_217" xlink:href="#xpointer(string-range(//body,'',809,4))"/><!-- ⲉⲃⲟⲗ -->
<mark id="tok_218" xlink:href="#xpointer(string-range(//body,'',814,2))"/><!-- ϩⲙ -->
<mark id="tok_219" xlink:href="#xpointer(string-range(//body,'',817,1))"/><!-- ⲡ -->
<mark id="tok_220" xlink:href="#xpointer(string-range(//body,'',819,4))"/><!-- ⲣⲱⲙⲉ -->
<mark id="tok_221" xlink:href="#xpointer(string-range(//body,'',824,1))"/><!-- . -->
<mark id="tok_222" xlink:href="#xpointer(string-range(//body,'',826,6))"/><!-- ⲕⲁⲓⲅⲁⲣ -->
<mark id="tok_223" xlink:href="#xpointer(string-range(//body,'',833,7))"/><!-- ⲛⲧⲁⲩⲥⲛⲧ -->
<mark id="tok_224" xlink:href="#xpointer(string-range(//body,'',841,1))"/><!-- ⲡ -->
<mark id="tok_225" xlink:href="#xpointer(string-range(//body,'',843,4))"/><!-- ⲣⲱⲙⲉ -->
<mark id="tok_226" xlink:href="#xpointer(string-range(//body,'',848,2))"/><!-- ⲁⲛ -->
<mark id="tok_227" xlink:href="#xpointer(string-range(//body,'',851,4))"/><!-- ⲉⲧⲃⲉ -->
<mark id="tok_228" xlink:href="#xpointer(string-range(//body,'',856,2))"/><!-- ⲧⲉ -->
<mark id="tok_229" xlink:href="#xpointer(string-range(//body,'',859,5))"/><!-- ⲥϩⲓⲙⲉ -->
<mark id="tok_230" xlink:href="#xpointer(string-range(//body,'',865,1))"/><!-- . -->
<mark id="tok_231" xlink:href="#xpointer(string-range(//body,'',867,4))"/><!-- ⲁⲗⲗⲁ -->
<mark id="tok_232" xlink:href="#xpointer(string-range(//body,'',872,2))"/><!-- ⲧⲉ -->
<mark id="tok_233" xlink:href="#xpointer(string-range(//body,'',875,5))"/><!-- ⲥϩⲓⲙⲉ -->
<mark id="tok_234" xlink:href="#xpointer(string-range(//body,'',881,4))"/><!-- ⲉⲧⲃⲉ -->
<mark id="tok_235" xlink:href="#xpointer(string-range(//body,'',886,1))"/><!-- ⲡ -->
<mark id="tok_236" xlink:href="#xpointer(string-range(//body,'',888,4))"/><!-- ⲣⲱⲙⲉ -->
<mark id="tok_237" xlink:href="#xpointer(string-range(//body,'',893,1))"/><!-- . -->
<mark id="tok_238" xlink:href="#xpointer(string-range(//body,'',895,4))"/><!-- ⲉⲧⲃⲉ -->
<mark id="tok_239" xlink:href="#xpointer(string-range(//body,'',900,3))"/><!-- ⲡⲁⲓ -->
<mark id="tok_240" xlink:href="#xpointer(string-range(//body,'',904,3))"/><!-- ϣϣⲉ -->
<mark id="tok_241" xlink:href="#xpointer(string-range(//body,'',908,1))"/><!-- ⲉ -->
<mark id="tok_242" xlink:href="#xpointer(string-range(//body,'',910,2))"/><!-- ⲧⲉ -->
<mark id="tok_243" xlink:href="#xpointer(string-range(//body,'',913,5))"/><!-- ⲥϩⲓⲙⲉ -->
<mark id="tok_244" xlink:href="#xpointer(string-range(//body,'',919,1))"/><!-- ⲉ -->
<mark id="tok_245" xlink:href="#xpointer(string-range(//body,'',921,2))"/><!-- ⲕⲱ -->
<mark id="tok_246" xlink:href="#xpointer(string-range(//body,'',924,1))"/><!-- ⲛ -->
<mark id="tok_247" xlink:href="#xpointer(string-range(//body,'',926,2))"/><!-- ⲟⲩ -->
<mark id="tok_248" xlink:href="#xpointer(string-range(//body,'',929,7))"/><!-- ⲉⲝⲟⲩⲥⲓⲁ -->
<mark id="tok_249" xlink:href="#xpointer(string-range(//body,'',937,3))"/><!-- ⲉϫⲛ -->
<mark id="tok_250" xlink:href="#xpointer(string-range(//body,'',941,3))"/><!-- ⲧⲉⲥ -->
<mark id="tok_251" xlink:href="#xpointer(string-range(//body,'',945,3))"/><!-- ⲁⲡⲉ -->
<mark id="tok_252" xlink:href="#xpointer(string-range(//body,'',949,4))"/><!-- ⲉⲧⲃⲉ -->
<mark id="tok_253" xlink:href="#xpointer(string-range(//body,'',954,1))"/><!-- ⲛ -->
<mark id="tok_254" xlink:href="#xpointer(string-range(//body,'',956,7))"/><!-- ⲁⲅⲅⲉⲗⲟⲥ -->
<mark id="tok_255" xlink:href="#xpointer(string-range(//body,'',964,1))"/><!-- . -->
<mark id="tok_256" xlink:href="#xpointer(string-range(//body,'',966,4))"/><!-- ⲡⲗⲏⲛ -->
<mark id="tok_257" xlink:href="#xpointer(string-range(//body,'',971,2))"/><!-- ⲙⲛ -->
<mark id="tok_258" xlink:href="#xpointer(string-range(//body,'',974,5))"/><!-- ⲥϩⲓⲙⲉ -->
<mark id="tok_259" xlink:href="#xpointer(string-range(//body,'',980,3))"/><!-- ⲁϫⲛ -->
<mark id="tok_260" xlink:href="#xpointer(string-range(//body,'',984,5))"/><!-- ϩⲟⲟⲩⲧ -->
<mark id="tok_261" xlink:href="#xpointer(string-range(//body,'',990,4))"/><!-- ⲟⲩⲇⲉ -->
<mark id="tok_262" xlink:href="#xpointer(string-range(//body,'',995,5))"/><!-- ϩⲟⲟⲩⲧ -->
<mark id="tok_263" xlink:href="#xpointer(string-range(//body,'',1001,1))"/><!-- ⲛ -->
<mark id="tok_264" xlink:href="#xpointer(string-range(//body,'',1003,2))"/><!-- ⲟⲩ -->
<mark id="tok_265" xlink:href="#xpointer(string-range(//body,'',1006,2))"/><!-- ⲉϣ -->
<mark id="tok_266" xlink:href="#xpointer(string-range(//body,'',1009,1))"/><!-- ⲛ -->
<mark id="tok_267" xlink:href="#xpointer(string-range(//body,'',1011,5))"/><!-- ⲥϩⲓⲙⲉ -->
<mark id="tok_268" xlink:href="#xpointer(string-range(//body,'',1017,2))"/><!-- ϩⲙ -->
<mark id="tok_269" xlink:href="#xpointer(string-range(//body,'',1020,1))"/><!-- ⲡ -->
<mark id="tok_270" xlink:href="#xpointer(string-range(//body,'',1022,5))"/><!-- ϫⲟⲉⲓⲥ -->
<mark id="tok_271" xlink:href="#xpointer(string-range(//body,'',1028,1))"/><!-- . -->
<mark id="tok_272" xlink:href="#xpointer(string-range(//body,'',1030,1))"/><!-- ⲛ -->
<mark id="tok_273" xlink:href="#xpointer(string-range(//body,'',1032,1))"/><!-- ⲧ -->
<mark id="tok_274" xlink:href="#xpointer(string-range(//body,'',1034,2))"/><!-- ϩⲉ -->
<mark id="tok_275" xlink:href="#xpointer(string-range(//body,'',1037,3))"/><!-- ⲅⲁⲣ -->
<mark id="tok_276" xlink:href="#xpointer(string-range(//body,'',1041,1))"/><!-- ⲛ -->
<mark id="tok_277" xlink:href="#xpointer(string-range(//body,'',1043,2))"/><!-- ⲧⲉ -->
<mark id="tok_278" xlink:href="#xpointer(string-range(//body,'',1046,5))"/><!-- ⲥϩⲓⲙⲉ -->
<mark id="tok_279" xlink:href="#xpointer(string-range(//body,'',1052,3))"/><!-- ⲉⲩⲉ -->
<mark id="tok_280" xlink:href="#xpointer(string-range(//body,'',1056,3))"/><!-- ⲃⲟⲗ -->
<mark id="tok_281" xlink:href="#xpointer(string-range(//body,'',1060,2))"/><!-- ϩⲙ -->
<mark id="tok_282" xlink:href="#xpointer(string-range(//body,'',1063,1))"/><!-- ⲡ -->
<mark id="tok_283" xlink:href="#xpointer(string-range(//body,'',1065,5))"/><!-- ϩⲟⲟⲩⲧ -->
<mark id="tok_284" xlink:href="#xpointer(string-range(//body,'',1071,2))"/><!-- ⲧⲉ -->
<mark id="tok_285" xlink:href="#xpointer(string-range(//body,'',1074,1))"/><!-- . -->
<mark id="tok_286" xlink:href="#xpointer(string-range(//body,'',1076,3))"/><!-- ⲧⲁⲓ -->
<mark id="tok_287" xlink:href="#xpointer(string-range(//body,'',1080,2))"/><!-- ⲧⲉ -->
<mark id="tok_288" xlink:href="#xpointer(string-range(//body,'',1083,1))"/><!-- ⲧ -->
<mark id="tok_289" xlink:href="#xpointer(string-range(//body,'',1085,2))"/><!-- ϩⲉ -->
<mark id="tok_290" xlink:href="#xpointer(string-range(//body,'',1088,1))"/><!-- ⲙ -->
<mark id="tok_291" xlink:href="#xpointer(string-range(//body,'',1090,1))"/><!-- ⲡ -->
<mark id="tok_292" xlink:href="#xpointer(string-range(//body,'',1092,5))"/><!-- ϩⲟⲟⲩⲧ -->
<mark id="tok_293" xlink:href="#xpointer(string-range(//body,'',1098,3))"/><!-- ⲉⲩⲉ -->
<mark id="tok_294" xlink:href="#xpointer(string-range(//body,'',1102,3))"/><!-- ⲃⲟⲗ -->
<mark id="tok_295" xlink:href="#xpointer(string-range(//body,'',1106,2))"/><!-- ϩⲛ -->
<mark id="tok_296" xlink:href="#xpointer(string-range(//body,'',1109,2))"/><!-- ⲧⲉ -->
<mark id="tok_297" xlink:href="#xpointer(string-range(//body,'',1112,5))"/><!-- ⲥϩⲓⲙⲉ -->
<mark id="tok_298" xlink:href="#xpointer(string-range(//body,'',1118,2))"/><!-- ⲡⲉ -->
<mark id="tok_299" xlink:href="#xpointer(string-range(//body,'',1121,1))"/><!-- . -->
<mark id="tok_300" xlink:href="#xpointer(string-range(//body,'',1123,1))"/><!-- ⲡ -->
<mark id="tok_301" xlink:href="#xpointer(string-range(//body,'',1125,4))"/><!-- ⲧⲏⲣϥ -->
<mark id="tok_302" xlink:href="#xpointer(string-range(//body,'',1130,2))"/><!-- ⲇⲉ -->
<mark id="tok_303" xlink:href="#xpointer(string-range(//body,'',1133,7))"/><!-- ϩⲉⲛⲉⲃⲟⲗ -->
<mark id="tok_304" xlink:href="#xpointer(string-range(//body,'',1141,2))"/><!-- ϩⲙ -->
<mark id="tok_305" xlink:href="#xpointer(string-range(//body,'',1144,1))"/><!-- ⲡ -->
<mark id="tok_306" xlink:href="#xpointer(string-range(//body,'',1146,5))"/><!-- ⲛⲟⲩⲧⲉ -->
<mark id="tok_307" xlink:href="#xpointer(string-range(//body,'',1152,2))"/><!-- ⲛⲉ -->
<mark id="tok_308" xlink:href="#xpointer(string-range(//body,'',1155,1))"/><!-- . -->
<mark id="tok_309" xlink:href="#xpointer(string-range(//body,'',1157,5))"/><!-- ⲕⲣⲓⲛⲉ -->
<mark id="tok_310" xlink:href="#xpointer(string-range(//body,'',1163,5))"/><!-- ⲛⲧⲱⲧⲛ -->
<mark id="tok_311" xlink:href="#xpointer(string-range(//body,'',1169,3))"/><!-- ⲛϩⲏ -->
<mark id="tok_312" xlink:href="#xpointer(string-range(//body,'',1173,6))"/><!-- ⲧⲧⲏⲩⲧⲛ -->
<mark id="tok_313" xlink:href="#xpointer(string-range(//body,'',1180,1))"/><!-- . -->
<mark id="tok_314" xlink:href="#xpointer(string-range(//body,'',1182,3))"/><!-- ϣϣⲉ -->
<mark id="tok_315" xlink:href="#xpointer(string-range(//body,'',1186,1))"/><!-- ⲉ -->
<mark id="tok_316" xlink:href="#xpointer(string-range(//body,'',1188,1))"/><!-- ⲩ -->
<mark id="tok_317" xlink:href="#xpointer(string-range(//body,'',1190,5))"/><!-- ⲥϩⲓⲙⲉ -->
<mark id="tok_318" xlink:href="#xpointer(string-range(//body,'',1196,1))"/><!-- ⲉ -->
<mark id="tok_319" xlink:href="#xpointer(string-range(//body,'',1198,4))"/><!-- ϣⲗⲏⲗ -->
<mark id="tok_320" xlink:href="#xpointer(string-range(//body,'',1203,1))"/><!-- ⲉ -->
<mark id="tok_321" xlink:href="#xpointer(string-range(//body,'',1205,1))"/><!-- ⲡ -->
<mark id="tok_322" xlink:href="#xpointer(string-range(//body,'',1207,5))"/><!-- ⲛⲟⲩⲧⲉ -->
<mark id="tok_323" xlink:href="#xpointer(string-range(//body,'',1213,3))"/><!-- ⲉⲣⲉ -->
<mark id="tok_324" xlink:href="#xpointer(string-range(//body,'',1217,2))"/><!-- ϫⲱ -->
<mark id="tok_325" xlink:href="#xpointer(string-range(//body,'',1220,1))"/><!-- ⲥ -->
<mark id="tok_326" xlink:href="#xpointer(string-range(//body,'',1222,4))"/><!-- ϭⲟⲗⲡ -->
<mark id="tok_327" xlink:href="#xpointer(string-range(//body,'',1227,4))"/><!-- ⲉⲃⲟⲗ -->
<mark id="tok_328" xlink:href="#xpointer(string-range(//body,'',1232,1))"/><!-- . -->
<mark id="tok_329" xlink:href="#xpointer(string-range(//body,'',1234,3))"/><!-- ⲉⲓⲉ -->
<mark id="tok_330" xlink:href="#xpointer(string-range(//body,'',1238,12))"/><!-- ⲛⲧⲉⲉⲓⲕⲉⲫⲩⲥⲓⲥ -->
<mark id="tok_331" xlink:href="#xpointer(string-range(//body,'',1251,2))"/><!-- ⲛⲁ -->
<mark id="tok_332" xlink:href="#xpointer(string-range(//body,'',1254,1))"/><!-- ⲧ -->
<mark id="tok_333" xlink:href="#xpointer(string-range(//body,'',1256,4))"/><!-- ⲥⲁⲃⲉ -->
<mark id="tok_334" xlink:href="#xpointer(string-range(//body,'',1261,5))"/><!-- ⲧⲏⲩⲧⲛ -->
<mark id="tok_335" xlink:href="#xpointer(string-range(//body,'',1267,2))"/><!-- ⲁⲛ -->
<mark id="tok_336" xlink:href="#xpointer(string-range(//body,'',1270,1))"/><!-- . -->
<mark id="tok_337" xlink:href="#xpointer(string-range(//body,'',1272,2))"/><!-- ϫⲉ -->
<mark id="tok_338" xlink:href="#xpointer(string-range(//body,'',1275,2))"/><!-- ⲟⲩ -->
<mark id="tok_339" xlink:href="#xpointer(string-range(//body,'',1278,4))"/><!-- ⲣⲱⲙⲉ -->
<mark id="tok_340" xlink:href="#xpointer(string-range(//body,'',1283,3))"/><!-- ⲙⲉⲛ -->
<mark id="tok_341" xlink:href="#xpointer(string-range(//body,'',1287,5))"/><!-- ⲉϥϣⲁⲛ -->
<mark id="tok_342" xlink:href="#xpointer(string-range(//body,'',1293,4))"/><!-- ⲟⲩⲉϩ -->
<mark id="tok_343" xlink:href="#xpointer(string-range(//body,'',1298,2))"/><!-- ϥⲱ -->
<mark id="tok_344" xlink:href="#xpointer(string-range(//body,'',1301,5))"/><!-- ⲟⲩⲥⲱϣ -->
<mark id="tok_345" xlink:href="#xpointer(string-range(//body,'',1307,2))"/><!-- ⲛⲁ -->
<mark id="tok_346" xlink:href="#xpointer(string-range(//body,'',1310,1))"/><!-- ϥ -->
<mark id="tok_347" xlink:href="#xpointer(string-range(//body,'',1312,2))"/><!-- ⲡⲉ -->
<mark id="tok_348" xlink:href="#xpointer(string-range(//body,'',1315,2))"/><!-- ⲟⲩ -->
<mark id="tok_349" xlink:href="#xpointer(string-range(//body,'',1318,5))"/><!-- ⲥϩⲓⲙⲉ -->
<mark id="tok_350" xlink:href="#xpointer(string-range(//body,'',1324,2))"/><!-- ⲇⲉ -->
<mark id="tok_351" xlink:href="#xpointer(string-range(//body,'',1327,5))"/><!-- ⲉⲥϣⲁⲛ -->
<mark id="tok_352" xlink:href="#xpointer(string-range(//body,'',1333,4))"/><!-- ⲟⲩⲉϩ -->
<mark id="tok_353" xlink:href="#xpointer(string-range(//body,'',1338,2))"/><!-- ϥⲱ -->
<mark id="tok_354" xlink:href="#xpointer(string-range(//body,'',1341,2))"/><!-- ⲟⲩ -->
<mark id="tok_355" xlink:href="#xpointer(string-range(//body,'',1344,4))"/><!-- ⲉⲟⲟⲩ -->
<mark id="tok_356" xlink:href="#xpointer(string-range(//body,'',1349,2))"/><!-- ⲛⲁ -->
<mark id="tok_357" xlink:href="#xpointer(string-range(//body,'',1352,1))"/><!-- ⲥ -->
<mark id="tok_358" xlink:href="#xpointer(string-range(//body,'',1354,2))"/><!-- ⲡⲉ -->
<mark id="tok_359" xlink:href="#xpointer(string-range(//body,'',1357,1))"/><!-- . -->
<mark id="tok_360" xlink:href="#xpointer(string-range(//body,'',1359,2))"/><!-- ϫⲉ -->
<mark id="tok_361" xlink:href="#xpointer(string-range(//body,'',1362,1))"/><!-- ⲡ -->
<mark id="tok_362" xlink:href="#xpointer(string-range(//body,'',1364,2))"/><!-- ϥⲱ -->
<mark id="tok_363" xlink:href="#xpointer(string-range(//body,'',1367,3))"/><!-- ⲉⲛⲧ -->
<mark id="tok_364" xlink:href="#xpointer(string-range(//body,'',1371,1))"/><!-- ⲁ -->
<mark id="tok_365" xlink:href="#xpointer(string-range(//body,'',1373,1))"/><!-- ⲩ -->
<mark id="tok_366" xlink:href="#xpointer(string-range(//body,'',1375,3))"/><!-- ⲧⲁⲁ -->
<mark id="tok_367" xlink:href="#xpointer(string-range(//body,'',1379,1))"/><!-- ϥ -->
<mark id="tok_368" xlink:href="#xpointer(string-range(//body,'',1381,2))"/><!-- ⲛⲁ -->
<mark id="tok_369" xlink:href="#xpointer(string-range(//body,'',1384,1))"/><!-- ⲥ -->
<mark id="tok_370" xlink:href="#xpointer(string-range(//body,'',1386,1))"/><!-- ⲉ -->
<mark id="tok_371" xlink:href="#xpointer(string-range(//body,'',1388,1))"/><!-- ⲡ -->
<mark id="tok_372" xlink:href="#xpointer(string-range(//body,'',1390,2))"/><!-- ⲙⲁ -->
<mark id="tok_373" xlink:href="#xpointer(string-range(//body,'',1393,7))"/><!-- ⲛⲟⲩⲣϣⲱⲛ -->
<mark id="tok_374" xlink:href="#xpointer(string-range(//body,'',1401,1))"/><!-- . -->
<mark id="tok_375" xlink:href="#xpointer(string-range(//body,'',1403,4))"/><!-- ⲉϣϫⲉ -->
<mark id="tok_376" xlink:href="#xpointer(string-range(//body,'',1408,3))"/><!-- ⲟⲩⲛ -->
<mark id="tok_377" xlink:href="#xpointer(string-range(//body,'',1412,3))"/><!-- ⲟⲩⲁ -->
<mark id="tok_378" xlink:href="#xpointer(string-range(//body,'',1416,2))"/><!-- ⲇⲉ -->
<mark id="tok_379" xlink:href="#xpointer(string-range(//body,'',1419,1))"/><!-- ⲉ -->
<mark id="tok_380" xlink:href="#xpointer(string-range(//body,'',1421,1))"/><!-- ⲩ -->
<mark id="tok_381" xlink:href="#xpointer(string-range(//body,'',1423,3))"/><!-- ⲙⲁⲓ -->
<mark id="tok_382" xlink:href="#xpointer(string-range(//body,'',1427,4))"/><!-- ϯⲧⲱⲛ -->
<mark id="tok_383" xlink:href="#xpointer(string-range(//body,'',1432,2))"/><!-- ⲡⲉ -->
<mark id="tok_384" xlink:href="#xpointer(string-range(//body,'',1435,4))"/><!-- ⲁⲛⲟⲛ -->
<mark id="tok_385" xlink:href="#xpointer(string-range(//body,'',1440,2))"/><!-- ⲙⲛ -->
<mark id="tok_386" xlink:href="#xpointer(string-range(//body,'',1443,3))"/><!-- ⲧⲁⲛ -->
<mark id="tok_387" xlink:href="#xpointer(string-range(//body,'',1447,7))"/><!-- ⲥⲩⲛⲓⲑⲓⲁ -->
<mark id="tok_388" xlink:href="#xpointer(string-range(//body,'',1455,4))"/><!-- ⲙⲙⲁⲩ -->
<mark id="tok_389" xlink:href="#xpointer(string-range(//body,'',1460,1))"/><!-- ⲛ -->
<mark id="tok_390" xlink:href="#xpointer(string-range(//body,'',1462,3))"/><!-- ⲧⲉⲓ -->
<mark id="tok_391" xlink:href="#xpointer(string-range(//body,'',1466,4))"/><!-- ⲙⲓⲛⲉ -->
<mark id="tok_392" xlink:href="#xpointer(string-range(//body,'',1471,4))"/><!-- ⲟⲩⲇⲉ -->
<mark id="tok_393" xlink:href="#xpointer(string-range(//body,'',1476,1))"/><!-- ⲛ -->
<mark id="tok_394" xlink:href="#xpointer(string-range(//body,'',1478,8))"/><!-- ⲉⲕⲕⲗⲏⲥⲓⲁ -->
<mark id="tok_395" xlink:href="#xpointer(string-range(//body,'',1487,1))"/><!-- ⲙ -->
<mark id="tok_396" xlink:href="#xpointer(string-range(//body,'',1489,1))"/><!-- ⲡ -->
<mark id="tok_397" xlink:href="#xpointer(string-range(//body,'',1491,5))"/><!-- ⲛⲟⲩⲧⲉ -->
<mark id="tok_398" xlink:href="#xpointer(string-range(//body,'',1497,1))"/><!-- . -->
<mark id="tok_399" xlink:href="#xpointer(string-range(//body,'',1499,3))"/><!-- ⲡⲁⲓ -->
<mark id="tok_400" xlink:href="#xpointer(string-range(//body,'',1503,2))"/><!-- ⲇⲉ -->
<mark id="tok_401" xlink:href="#xpointer(string-range(//body,'',1506,1))"/><!-- ϯ -->
<mark id="tok_402" xlink:href="#xpointer(string-range(//body,'',1508,10))"/><!-- ⲡⲁⲣⲁⲅⲅⲉⲓⲗⲉ -->
<mark id="tok_403" xlink:href="#xpointer(string-range(//body,'',1519,3))"/><!-- ⲙⲙⲟ -->
<mark id="tok_404" xlink:href="#xpointer(string-range(//body,'',1523,1))"/><!-- ϥ -->
<mark id="tok_405" xlink:href="#xpointer(string-range(//body,'',1525,1))"/><!-- ⲉ -->
<mark id="tok_406" xlink:href="#xpointer(string-range(//body,'',1527,1))"/><!-- ⲓ -->
<mark id="tok_407" xlink:href="#xpointer(string-range(//body,'',1529,7))"/><!-- ⲉⲡⲁⲓⲛⲟⲩ -->
<mark id="tok_408" xlink:href="#xpointer(string-range(//body,'',1537,2))"/><!-- ⲁⲛ -->
<mark id="tok_409" xlink:href="#xpointer(string-range(//body,'',1540,2))"/><!-- ϫⲉ -->
<mark id="tok_410" xlink:href="#xpointer(string-range(//body,'',1543,1))"/><!-- ⲉ -->
<mark id="tok_411" xlink:href="#xpointer(string-range(//body,'',1545,4))"/><!-- ⲧⲉⲧⲛ -->
<mark id="tok_412" xlink:href="#xpointer(string-range(//body,'',1550,5))"/><!-- ⲥⲱⲟⲩϩ -->
<mark id="tok_413" xlink:href="#xpointer(string-range(//body,'',1556,2))"/><!-- ⲁⲛ -->
<mark id="tok_414" xlink:href="#xpointer(string-range(//body,'',1559,1))"/><!-- ⲉ -->
<mark id="tok_415" xlink:href="#xpointer(string-range(//body,'',1561,1))"/><!-- ⲩ -->
<mark id="tok_416" xlink:href="#xpointer(string-range(//body,'',1563,4))"/><!-- ϫⲓⲥⲉ -->
<mark id="tok_417" xlink:href="#xpointer(string-range(//body,'',1568,1))"/><!-- . -->
<mark id="tok_418" xlink:href="#xpointer(string-range(//body,'',1570,4))"/><!-- ⲁⲗⲗⲁ -->
<mark id="tok_419" xlink:href="#xpointer(string-range(//body,'',1575,6))"/><!-- ⲉⲩϩⲃⲃⲉ -->
<mark id="tok_420" xlink:href="#xpointer(string-range(//body,'',1582,1))"/><!-- . -->
<mark id="tok_421" xlink:href="#xpointer(string-range(//body,'',1584,4))"/><!-- ϣⲟⲣⲡ -->
<mark id="tok_422" xlink:href="#xpointer(string-range(//body,'',1589,3))"/><!-- ⲙⲉⲛ -->
<mark id="tok_423" xlink:href="#xpointer(string-range(//body,'',1593,3))"/><!-- ⲅⲁⲣ -->
<mark id="tok_424" xlink:href="#xpointer(string-range(//body,'',1597,1))"/><!-- ⲉ -->
<mark id="tok_425" xlink:href="#xpointer(string-range(//body,'',1599,4))"/><!-- ⲧⲉⲧⲛ -->
<mark id="tok_426" xlink:href="#xpointer(string-range(//body,'',1604,5))"/><!-- ⲥⲱⲟⲩϩ -->
<mark id="tok_427" xlink:href="#xpointer(string-range(//body,'',1610,5))"/><!-- ⲉϩⲟⲩⲛ -->
<mark id="tok_428" xlink:href="#xpointer(string-range(//body,'',1616,2))"/><!-- ϩⲛ -->
<mark id="tok_429" xlink:href="#xpointer(string-range(//body,'',1619,1))"/><!-- ⲧ -->
<mark id="tok_430" xlink:href="#xpointer(string-range(//body,'',1621,8))"/><!-- ⲉⲕⲕⲗⲏⲥⲓⲁ -->
<mark id="tok_431" xlink:href="#xpointer(string-range(//body,'',1630,1))"/><!-- . -->
<mark id="tok_432" xlink:href="#xpointer(string-range(//body,'',1632,1))"/><!-- ϯ -->
<mark id="tok_433" xlink:href="#xpointer(string-range(//body,'',1634,4))"/><!-- ⲥⲱⲧⲙ -->
<mark id="tok_434" xlink:href="#xpointer(string-range(//body,'',1639,2))"/><!-- ϫⲉ -->
<mark id="tok_435" xlink:href="#xpointer(string-range(//body,'',1642,3))"/><!-- ⲟⲩⲛ -->
<mark id="tok_436" xlink:href="#xpointer(string-range(//body,'',1646,7))"/><!-- ϩⲉⲛⲡⲱⲣϫ -->
<mark id="tok_437" xlink:href="#xpointer(string-range(//body,'',1654,4))"/><!-- ⲛϩⲏⲧ -->
<mark id="tok_438" xlink:href="#xpointer(string-range(//body,'',1659,5))"/><!-- ⲧⲏⲩⲧⲛ -->
<mark id="tok_439" xlink:href="#xpointer(string-range(//body,'',1665,1))"/><!-- . -->
<mark id="tok_440" xlink:href="#xpointer(string-range(//body,'',1667,3))"/><!-- ⲁⲩⲱ -->
<mark id="tok_441" xlink:href="#xpointer(string-range(//body,'',1671,1))"/><!-- ϯ -->
<mark id="tok_442" xlink:href="#xpointer(string-range(//body,'',1673,7))"/><!-- ⲡⲓⲥⲧⲉⲩⲉ -->
<mark id="tok_443" xlink:href="#xpointer(string-range(//body,'',1681,2))"/><!-- ϩⲛ -->
<mark id="tok_444" xlink:href="#xpointer(string-range(//body,'',1684,2))"/><!-- ⲟⲩ -->
<mark id="tok_445" xlink:href="#xpointer(string-range(//body,'',1687,5))"/><!-- ⲙⲉⲣⲟⲥ -->
<mark id="tok_446" xlink:href="#xpointer(string-range(//body,'',1693,1))"/><!-- . -->
<mark id="tok_447" xlink:href="#xpointer(string-range(//body,'',1695,4))"/><!-- ϩⲁⲡⲥ -->
<mark id="tok_448" xlink:href="#xpointer(string-range(//body,'',1700,3))"/><!-- ⲅⲁⲣ -->
<mark id="tok_449" xlink:href="#xpointer(string-range(//body,'',1704,2))"/><!-- ⲉⲧ -->
<mark id="tok_450" xlink:href="#xpointer(string-range(//body,'',1707,2))"/><!-- ⲣⲉ -->
<mark id="tok_451" xlink:href="#xpointer(string-range(//body,'',1710,3))"/><!-- ϩⲉⲛ -->
<mark id="tok_452" xlink:href="#xpointer(string-range(//body,'',1714,8))"/><!-- ϩⲁⲓⲣⲉⲥⲓⲥ -->
<mark id="tok_453" xlink:href="#xpointer(string-range(//body,'',1723,4))"/><!-- ϣⲱⲡⲉ -->
<mark id="tok_454" xlink:href="#xpointer(string-range(//body,'',1728,4))"/><!-- ⲛϩⲏⲧ -->
<mark id="tok_455" xlink:href="#xpointer(string-range(//body,'',1733,5))"/><!-- ⲧⲏⲩⲧⲛ -->
<mark id="tok_456" xlink:href="#xpointer(string-range(//body,'',1739,1))"/><!-- . -->
<mark id="tok_457" xlink:href="#xpointer(string-range(//body,'',1741,6))"/><!-- ϫⲉⲕⲁⲁⲥ -->
<mark id="tok_458" xlink:href="#xpointer(string-range(//body,'',1748,2))"/><!-- ⲟⲛ -->
<mark id="tok_459" xlink:href="#xpointer(string-range(//body,'',1751,3))"/><!-- ⲉⲣⲉ -->
<mark id="tok_460" xlink:href="#xpointer(string-range(//body,'',1755,7))"/><!-- ⲛⲕⲉⲥⲱⲧⲡ -->
<mark id="tok_461" xlink:href="#xpointer(string-range(//body,'',1763,5))"/><!-- ⲟⲩⲱⲛϩ -->
<mark id="tok_462" xlink:href="#xpointer(string-range(//body,'',1769,4))"/><!-- ⲉⲃⲟⲗ -->
<mark id="tok_463" xlink:href="#xpointer(string-range(//body,'',1774,4))"/><!-- ⲛϩⲏⲧ -->
<mark id="tok_464" xlink:href="#xpointer(string-range(//body,'',1779,5))"/><!-- ⲧⲏⲩⲧⲛ -->
<mark id="tok_465" xlink:href="#xpointer(string-range(//body,'',1785,1))"/><!-- . -->
<mark id="tok_466" xlink:href="#xpointer(string-range(//body,'',1787,1))"/><!-- ⲉ -->
<mark id="tok_467" xlink:href="#xpointer(string-range(//body,'',1789,4))"/><!-- ⲧⲉⲧⲛ -->
<mark id="tok_468" xlink:href="#xpointer(string-range(//body,'',1794,5))"/><!-- ⲥⲱⲟⲩϩ -->
<mark id="tok_469" xlink:href="#xpointer(string-range(//body,'',1800,2))"/><!-- ϭⲉ -->
<mark id="tok_470" xlink:href="#xpointer(string-range(//body,'',1803,5))"/><!-- ⲉϩⲟⲩⲛ -->
<mark id="tok_471" xlink:href="#xpointer(string-range(//body,'',1809,1))"/><!-- ⲛ -->
<mark id="tok_472" xlink:href="#xpointer(string-range(//body,'',1811,4))"/><!-- ⲛⲉⲧⲛ -->
<mark id="tok_473" xlink:href="#xpointer(string-range(//body,'',1816,4))"/><!-- ⲉⲣⲏⲩ -->
<mark id="tok_474" xlink:href="#xpointer(string-range(//body,'',1821,11))"/><!-- ⲛⲟⲩⲕⲩⲣⲓⲁⲕⲟⲛ -->
<mark id="tok_475" xlink:href="#xpointer(string-range(//body,'',1833,2))"/><!-- ⲁⲛ -->
<mark id="tok_476" xlink:href="#xpointer(string-range(//body,'',1836,2))"/><!-- ⲡⲉ -->
<mark id="tok_477" xlink:href="#xpointer(string-range(//body,'',1839,7))"/><!-- ⲛⲇⲓⲡⲛⲟⲛ -->
<mark id="tok_478" xlink:href="#xpointer(string-range(//body,'',1847,1))"/><!-- ⲉ -->
<mark id="tok_479" xlink:href="#xpointer(string-range(//body,'',1849,4))"/><!-- ⲟⲩⲟⲙ -->
<mark id="tok_480" xlink:href="#xpointer(string-range(//body,'',1854,1))"/><!-- ϥ -->
<mark id="tok_481" xlink:href="#xpointer(string-range(//body,'',1856,1))"/><!-- . -->
<mark id="tok_482" xlink:href="#xpointer(string-range(//body,'',1858,1))"/><!-- ⲡ -->
<mark id="tok_483" xlink:href="#xpointer(string-range(//body,'',1860,3))"/><!-- ⲟⲩⲁ -->
<mark id="tok_484" xlink:href="#xpointer(string-range(//body,'',1864,3))"/><!-- ⲅⲁⲣ -->
<mark id="tok_485" xlink:href="#xpointer(string-range(//body,'',1868,1))"/><!-- ⲡ -->
<mark id="tok_486" xlink:href="#xpointer(string-range(//body,'',1870,3))"/><!-- ⲟⲩⲁ -->
<mark id="tok_487" xlink:href="#xpointer(string-range(//body,'',1874,5))"/><!-- ⲣϣⲟⲣⲡ -->
<mark id="tok_488" xlink:href="#xpointer(string-range(//body,'',1880,1))"/><!-- ⲉ -->
<mark id="tok_489" xlink:href="#xpointer(string-range(//body,'',1882,4))"/><!-- ⲟⲩⲱⲙ -->
<mark id="tok_490" xlink:href="#xpointer(string-range(//body,'',1887,10))"/><!-- ⲙⲡⲉϥⲇⲓⲡⲛⲟⲛ -->
<mark id="tok_491" xlink:href="#xpointer(string-range(//body,'',1898,1))"/><!-- . -->
<mark id="tok_492" xlink:href="#xpointer(string-range(//body,'',1900,3))"/><!-- ⲁⲩⲱ -->
<mark id="tok_493" xlink:href="#xpointer(string-range(//body,'',1904,3))"/><!-- ⲟⲩⲛ -->
<mark id="tok_494" xlink:href="#xpointer(string-range(//body,'',1908,3))"/><!-- ⲟⲩⲁ -->
<mark id="tok_495" xlink:href="#xpointer(string-range(//body,'',1912,3))"/><!-- ⲙⲉⲛ -->
<mark id="tok_496" xlink:href="#xpointer(string-range(//body,'',1916,6))"/><!-- ϩⲕⲁⲉⲓⲧ -->
<mark id="tok_497" xlink:href="#xpointer(string-range(//body,'',1923,3))"/><!-- ⲟⲩⲛ -->
<mark id="tok_498" xlink:href="#xpointer(string-range(//body,'',1927,3))"/><!-- ⲟⲩⲁ -->
<mark id="tok_499" xlink:href="#xpointer(string-range(//body,'',1931,2))"/><!-- ⲇⲉ -->
<mark id="tok_500" xlink:href="#xpointer(string-range(//body,'',1934,2))"/><!-- ⲧⲁ -->
<mark id="tok_501" xlink:href="#xpointer(string-range(//body,'',1937,2))"/><!-- ϩⲉ -->
<mark id="tok_502" xlink:href="#xpointer(string-range(//body,'',1940,1))"/><!-- . -->
<mark id="tok_503" xlink:href="#xpointer(string-range(//body,'',1942,2))"/><!-- ⲙⲏ -->
<mark id="tok_504" xlink:href="#xpointer(string-range(//body,'',1945,9))"/><!-- ⲉⲧⲉⲙⲛⲧⲏⲧⲛ -->
<mark id="tok_505" xlink:href="#xpointer(string-range(//body,'',1955,3))"/><!-- ⲏⲉⲓ -->
<mark id="tok_506" xlink:href="#xpointer(string-range(//body,'',1959,4))"/><!-- ⲙⲙⲁⲩ -->
<mark id="tok_507" xlink:href="#xpointer(string-range(//body,'',1964,1))"/><!-- ⲉ -->
<mark id="tok_508" xlink:href="#xpointer(string-range(//body,'',1966,4))"/><!-- ⲟⲩⲱⲙ -->
<mark id="tok_509" xlink:href="#xpointer(string-range(//body,'',1971,3))"/><!-- ⲁⲩⲱ -->
<mark id="tok_510" xlink:href="#xpointer(string-range(//body,'',1975,1))"/><!-- ⲉ -->
<mark id="tok_511" xlink:href="#xpointer(string-range(//body,'',1977,2))"/><!-- ⲥⲱ -->
<mark id="tok_512" xlink:href="#xpointer(string-range(//body,'',1980,2))"/><!-- ϫⲛ -->
<mark id="tok_513" xlink:href="#xpointer(string-range(//body,'',1983,4))"/><!-- ⲙⲙⲟⲛ -->
<mark id="tok_514" xlink:href="#xpointer(string-range(//body,'',1988,14))"/><!-- ⲉⲧⲉⲧⲛⲕⲁⲧⲁⲫⲣⲟⲛⲓ -->
<mark id="tok_515" xlink:href="#xpointer(string-range(//body,'',2003,1))"/><!-- ⲛ -->
<mark id="tok_516" xlink:href="#xpointer(string-range(//body,'',2005,1))"/><!-- ⲧ -->
<mark id="tok_517" xlink:href="#xpointer(string-range(//body,'',2007,8))"/><!-- ⲉⲕⲕⲗⲏⲥⲓⲁ -->
<mark id="tok_518" xlink:href="#xpointer(string-range(//body,'',2016,1))"/><!-- ⲙ -->
<mark id="tok_519" xlink:href="#xpointer(string-range(//body,'',2018,1))"/><!-- ⲡ -->
<mark id="tok_520" xlink:href="#xpointer(string-range(//body,'',2020,5))"/><!-- ⲛⲟⲩⲧⲉ -->
<mark id="tok_521" xlink:href="#xpointer(string-range(//body,'',2026,3))"/><!-- ⲁⲩⲱ -->
<mark id="tok_522" xlink:href="#xpointer(string-range(//body,'',2030,1))"/><!-- ⲉ -->
<mark id="tok_523" xlink:href="#xpointer(string-range(//body,'',2032,4))"/><!-- ⲧⲉⲧⲛ -->
<mark id="tok_524" xlink:href="#xpointer(string-range(//body,'',2037,5))"/><!-- ϯϣⲓⲡⲉ -->
<mark id="tok_525" xlink:href="#xpointer(string-range(//body,'',2043,10))"/><!-- ⲛⲛⲉⲧⲉⲙⲛⲧⲁⲩ -->
<mark id="tok_526" xlink:href="#xpointer(string-range(//body,'',2054,6))"/><!-- ⲧⲁϫⲟⲟⲥ -->
<mark id="tok_527" xlink:href="#xpointer(string-range(//body,'',2061,2))"/><!-- ⲛⲏ -->
<mark id="tok_528" xlink:href="#xpointer(string-range(//body,'',2064,2))"/><!-- ⲧⲛ -->
<mark id="tok_529" xlink:href="#xpointer(string-range(//body,'',2067,2))"/><!-- ϫⲉ -->
<mark id="tok_530" xlink:href="#xpointer(string-range(//body,'',2070,2))"/><!-- ⲟⲩ -->
<mark id="tok_531" xlink:href="#xpointer(string-range(//body,'',2073,9))"/><!-- ⲧⲁⲉⲡⲁⲓⲛⲟⲩ -->
<mark id="tok_532" xlink:href="#xpointer(string-range(//body,'',2083,3))"/><!-- ⲙⲙⲱ -->
<mark id="tok_533" xlink:href="#xpointer(string-range(//body,'',2087,2))"/><!-- ⲧⲛ -->
<mark id="tok_534" xlink:href="#xpointer(string-range(//body,'',2090,2))"/><!-- ϩⲙ -->
<mark id="tok_535" xlink:href="#xpointer(string-range(//body,'',2093,3))"/><!-- ⲡⲁⲓ -->
<mark id="tok_536" xlink:href="#xpointer(string-range(//body,'',2097,9))"/><!-- ⲛϯⲉⲡⲁⲓⲛⲟⲩ -->
<mark id="tok_537" xlink:href="#xpointer(string-range(//body,'',2107,2))"/><!-- ⲁⲛ -->
<mark id="tok_538" xlink:href="#xpointer(string-range(//body,'',2110,1))"/><!-- . -->
<mark id="tok_539" xlink:href="#xpointer(string-range(//body,'',2112,4))"/><!-- ⲁⲛⲟⲕ -->
<mark id="tok_540" xlink:href="#xpointer(string-range(//body,'',2117,3))"/><!-- ⲅⲁⲣ -->
<mark id="tok_541" xlink:href="#xpointer(string-range(//body,'',2121,1))"/><!-- ⲁ -->
<mark id="tok_542" xlink:href="#xpointer(string-range(//body,'',2123,1))"/><!-- ⲓ -->
<mark id="tok_543" xlink:href="#xpointer(string-range(//body,'',2125,2))"/><!-- ϫⲓ -->
<mark id="tok_544" xlink:href="#xpointer(string-range(//body,'',2128,4))"/><!-- ⲉⲃⲟⲗ -->
<mark id="tok_545" xlink:href="#xpointer(string-range(//body,'',2133,4))"/><!-- ϩⲓⲧⲙ -->
<mark id="tok_546" xlink:href="#xpointer(string-range(//body,'',2138,1))"/><!-- ⲡ -->
<mark id="tok_547" xlink:href="#xpointer(string-range(//body,'',2140,5))"/><!-- ϫⲟⲉⲓⲥ -->
<mark id="tok_548" xlink:href="#xpointer(string-range(//body,'',2146,11))"/><!-- ⲙⲡⲉⲛⲧⲁⲓⲧⲁⲁϥ -->
<mark id="tok_549" xlink:href="#xpointer(string-range(//body,'',2158,2))"/><!-- ⲛⲏ -->
<mark id="tok_550" xlink:href="#xpointer(string-range(//body,'',2161,2))"/><!-- ⲧⲛ -->
<mark id="tok_551" xlink:href="#xpointer(string-range(//body,'',2164,1))"/><!-- . -->
<mark id="tok_552" xlink:href="#xpointer(string-range(//body,'',2166,2))"/><!-- ϫⲉ -->
<mark id="tok_553" xlink:href="#xpointer(string-range(//body,'',2169,1))"/><!-- ⲡ -->
<mark id="tok_554" xlink:href="#xpointer(string-range(//body,'',2171,5))"/><!-- ϫⲟⲉⲓⲥ -->
<mark id="tok_555" xlink:href="#xpointer(string-range(//body,'',2177,6))"/><!-- ⲓⲏⲥⲟⲩⲥ -->
<mark id="tok_556" xlink:href="#xpointer(string-range(//body,'',2184,2))"/><!-- ϩⲛ -->
<mark id="tok_557" xlink:href="#xpointer(string-range(//body,'',2187,2))"/><!-- ⲧⲉ -->
<mark id="tok_558" xlink:href="#xpointer(string-range(//body,'',2190,3))"/><!-- ⲩϣⲏ -->
<mark id="tok_559" xlink:href="#xpointer(string-range(//body,'',2194,2))"/><!-- ⲉⲧ -->
<mark id="tok_560" xlink:href="#xpointer(string-range(//body,'',2197,2))"/><!-- ⲟⲩ -->
<mark id="tok_561" xlink:href="#xpointer(string-range(//body,'',2200,2))"/><!-- ⲛⲁ -->
<mark id="tok_562" xlink:href="#xpointer(string-range(//body,'',2203,3))"/><!-- ⲧⲁⲁ -->
<mark id="tok_563" xlink:href="#xpointer(string-range(//body,'',2207,1))"/><!-- ϥ -->
<mark id="tok_564" xlink:href="#xpointer(string-range(//body,'',2209,4))"/><!-- ⲛϩⲏⲧ -->
<mark id="tok_565" xlink:href="#xpointer(string-range(//body,'',2214,1))"/><!-- ⲥ -->
<mark id="tok_566" xlink:href="#xpointer(string-range(//body,'',2216,1))"/><!-- . -->
<mark id="tok_567" xlink:href="#xpointer(string-range(//body,'',2218,1))"/><!-- ⲁ -->
<mark id="tok_568" xlink:href="#xpointer(string-range(//body,'',2220,1))"/><!-- ϥ -->
<mark id="tok_569" xlink:href="#xpointer(string-range(//body,'',2222,2))"/><!-- ϫⲓ -->
<mark id="tok_570" xlink:href="#xpointer(string-range(//body,'',2225,1))"/><!-- ⲛ -->
<mark id="tok_571" xlink:href="#xpointer(string-range(//body,'',2227,2))"/><!-- ⲟⲩ -->
<mark id="tok_572" xlink:href="#xpointer(string-range(//body,'',2230,4))"/><!-- ⲟⲉⲓⲕ -->
<mark id="tok_573" xlink:href="#xpointer(string-range(//body,'',2235,1))"/><!-- ⲁ -->
<mark id="tok_574" xlink:href="#xpointer(string-range(//body,'',2237,1))"/><!-- ϥ -->
<mark id="tok_575" xlink:href="#xpointer(string-range(//body,'',2239,4))"/><!-- ⲥⲙⲟⲩ -->
<mark id="tok_576" xlink:href="#xpointer(string-range(//body,'',2244,3))"/><!-- ⲉⲣⲟ -->
<mark id="tok_577" xlink:href="#xpointer(string-range(//body,'',2248,1))"/><!-- ϥ -->
<mark id="tok_578" xlink:href="#xpointer(string-range(//body,'',2250,1))"/><!-- . -->
<mark id="tok_579" xlink:href="#xpointer(string-range(//body,'',2252,6))"/><!-- ⲁϥⲡⲟϣϥ -->
<mark id="tok_580" xlink:href="#xpointer(string-range(//body,'',2259,4))"/><!-- ⲡⲉϫⲁ -->
<mark id="tok_581" xlink:href="#xpointer(string-range(//body,'',2264,1))"/><!-- ϥ -->
<mark id="tok_582" xlink:href="#xpointer(string-range(//body,'',2266,2))"/><!-- ϫⲉ -->
<mark id="tok_583" xlink:href="#xpointer(string-range(//body,'',2269,3))"/><!-- ⲡⲁⲓ -->
<mark id="tok_584" xlink:href="#xpointer(string-range(//body,'',2273,2))"/><!-- ⲡⲉ -->
<mark id="tok_585" xlink:href="#xpointer(string-range(//body,'',2276,2))"/><!-- ⲡⲁ -->
<mark id="tok_586" xlink:href="#xpointer(string-range(//body,'',2279,4))"/><!-- ⲥⲱⲙⲁ -->
<mark id="tok_587" xlink:href="#xpointer(string-range(//body,'',2284,2))"/><!-- ⲉⲧ -->
<mark id="tok_588" xlink:href="#xpointer(string-range(//body,'',2287,2))"/><!-- ⲟⲩ -->
<mark id="tok_589" xlink:href="#xpointer(string-range(//body,'',2290,2))"/><!-- ⲛⲁ -->
<mark id="tok_590" xlink:href="#xpointer(string-range(//body,'',2293,3))"/><!-- ⲧⲁⲁ -->
<mark id="tok_591" xlink:href="#xpointer(string-range(//body,'',2297,1))"/><!-- ϥ -->
<mark id="tok_592" xlink:href="#xpointer(string-range(//body,'',2299,4))"/><!-- ϩⲁⲣⲱ -->
<mark id="tok_593" xlink:href="#xpointer(string-range(//body,'',2304,2))"/><!-- ⲧⲛ -->
<mark id="tok_594" xlink:href="#xpointer(string-range(//body,'',2307,6))"/><!-- ⲁⲣⲓⲡⲁⲓ -->
<mark id="tok_595" xlink:href="#xpointer(string-range(//body,'',2314,1))"/><!-- ⲉ -->
<mark id="tok_596" xlink:href="#xpointer(string-range(//body,'',2316,2))"/><!-- ⲡⲁ -->
<mark id="tok_597" xlink:href="#xpointer(string-range(//body,'',2319,1))"/><!-- ⲣ -->
<mark id="tok_598" xlink:href="#xpointer(string-range(//body,'',2321,5))"/><!-- ⲙⲉⲉⲩⲉ -->
<mark id="tok_599" xlink:href="#xpointer(string-range(//body,'',2327,1))"/><!-- . -->
<mark id="tok_600" xlink:href="#xpointer(string-range(//body,'',2329,3))"/><!-- ⲁⲩⲱ -->
<mark id="tok_601" xlink:href="#xpointer(string-range(//body,'',2333,2))"/><!-- ⲟⲩ -->
<mark id="tok_602" xlink:href="#xpointer(string-range(//body,'',2336,4))"/><!-- ⲁⲡⲟⲧ -->
<mark id="tok_603" xlink:href="#xpointer(string-range(//body,'',2341,2))"/><!-- ⲟⲛ -->
<mark id="tok_604" xlink:href="#xpointer(string-range(//body,'',2344,1))"/><!-- ⲛ -->
<mark id="tok_605" xlink:href="#xpointer(string-range(//body,'',2346,3))"/><!-- ⲧⲉⲓ -->
<mark id="tok_606" xlink:href="#xpointer(string-range(//body,'',2350,2))"/><!-- ϩⲉ -->
<mark id="tok_607" xlink:href="#xpointer(string-range(//body,'',2353,5))"/><!-- ⲙⲛⲛⲥⲁ -->
<mark id="tok_608" xlink:href="#xpointer(string-range(//body,'',2359,3))"/><!-- ⲧⲣⲉ -->
<mark id="tok_609" xlink:href="#xpointer(string-range(//body,'',2363,1))"/><!-- ⲩ -->
<mark id="tok_610" xlink:href="#xpointer(string-range(//body,'',2365,4))"/><!-- ⲟⲩⲱⲙ -->
<mark id="tok_611" xlink:href="#xpointer(string-range(//body,'',2370,1))"/><!-- ⲉ -->
<mark id="tok_612" xlink:href="#xpointer(string-range(//body,'',2372,1))"/><!-- ϥ -->
<mark id="tok_613" xlink:href="#xpointer(string-range(//body,'',2374,2))"/><!-- ϫⲱ -->
<mark id="tok_614" xlink:href="#xpointer(string-range(//body,'',2377,3))"/><!-- ⲙⲙⲟ -->
<mark id="tok_615" xlink:href="#xpointer(string-range(//body,'',2381,1))"/><!-- ⲥ -->
<mark id="tok_616" xlink:href="#xpointer(string-range(//body,'',2383,2))"/><!-- ϫⲉ -->
<mark id="tok_617" xlink:href="#xpointer(string-range(//body,'',2386,3))"/><!-- ⲡⲉⲓ -->
<mark id="tok_618" xlink:href="#xpointer(string-range(//body,'',2390,4))"/><!-- ⲁⲡⲟⲧ -->
<mark id="tok_619" xlink:href="#xpointer(string-range(//body,'',2395,2))"/><!-- ⲡⲉ -->
<mark id="tok_620" xlink:href="#xpointer(string-range(//body,'',2398,1))"/><!-- ⲧ -->
<mark id="tok_621" xlink:href="#xpointer(string-range(//body,'',2400,7))"/><!-- ⲇⲓⲁⲑⲏⲕⲏ -->
<mark id="tok_622" xlink:href="#xpointer(string-range(//body,'',2408,1))"/><!-- ⲛ -->
<mark id="tok_623" xlink:href="#xpointer(string-range(//body,'',2410,4))"/><!-- ⲃⲣⲣⲉ -->
<mark id="tok_624" xlink:href="#xpointer(string-range(//body,'',2415,2))"/><!-- ϩⲙ -->
<mark id="tok_625" xlink:href="#xpointer(string-range(//body,'',2418,2))"/><!-- ⲡⲁ -->
<mark id="tok_626" xlink:href="#xpointer(string-range(//body,'',2421,4))"/><!-- ⲥⲛⲟϥ -->
<mark id="tok_627" xlink:href="#xpointer(string-range(//body,'',2426,1))"/><!-- . -->
<mark id="tok_628" xlink:href="#xpointer(string-range(//body,'',2428,6))"/><!-- ⲁⲣⲓⲡⲁⲓ -->
<mark id="tok_629" xlink:href="#xpointer(string-range(//body,'',2435,5))"/><!-- ⲛⲧⲁⲡⲥ -->
<mark id="tok_630" xlink:href="#xpointer(string-range(//body,'',2441,1))"/><!-- ⲛ -->
<mark id="tok_631" xlink:href="#xpointer(string-range(//body,'',2443,3))"/><!-- ⲥⲟⲡ -->
<mark id="tok_632" xlink:href="#xpointer(string-range(//body,'',2447,1))"/><!-- ⲉ -->
<mark id="tok_633" xlink:href="#xpointer(string-range(//body,'',2449,1))"/><!-- ⲧ -->
<mark id="tok_634" xlink:href="#xpointer(string-range(//body,'',2451,2))"/><!-- ⲉⲧ -->
<mark id="tok_635" xlink:href="#xpointer(string-range(//body,'',2454,2))"/><!-- ⲛⲁ -->
<mark id="tok_636" xlink:href="#xpointer(string-range(//body,'',2457,2))"/><!-- ⲥⲱ -->
<mark id="tok_637" xlink:href="#xpointer(string-range(//body,'',2460,10))"/><!-- ⲉⲡⲁⲣⲡⲙⲉⲉⲩⲉ -->
<mark id="tok_638" xlink:href="#xpointer(string-range(//body,'',2471,1))"/><!-- . -->
<mark id="tok_639" xlink:href="#xpointer(string-range(//body,'',2473,3))"/><!-- ⲥⲟⲡ -->
<mark id="tok_640" xlink:href="#xpointer(string-range(//body,'',2477,3))"/><!-- ⲅⲁⲣ -->
<mark id="tok_641" xlink:href="#xpointer(string-range(//body,'',2481,3))"/><!-- ⲛⲓⲙ -->
<mark id="tok_642" xlink:href="#xpointer(string-range(//body,'',2485,1))"/><!-- ⲉ -->
<mark id="tok_643" xlink:href="#xpointer(string-range(//body,'',2487,1))"/><!-- ⲧ -->
<mark id="tok_644" xlink:href="#xpointer(string-range(//body,'',2489,2))"/><!-- ⲉⲧ -->
<mark id="tok_645" xlink:href="#xpointer(string-range(//body,'',2492,2))"/><!-- ⲛⲁ -->
<mark id="tok_646" xlink:href="#xpointer(string-range(//body,'',2495,4))"/><!-- ⲟⲩⲱⲙ -->
<mark id="tok_647" xlink:href="#xpointer(string-range(//body,'',2500,1))"/><!-- ⲙ -->
<mark id="tok_648" xlink:href="#xpointer(string-range(//body,'',2502,3))"/><!-- ⲡⲉⲓ -->
<mark id="tok_649" xlink:href="#xpointer(string-range(//body,'',2506,4))"/><!-- ⲟⲉⲓⲕ -->
<mark id="tok_650" xlink:href="#xpointer(string-range(//body,'',2511,5))"/><!-- ⲛⲧⲉⲧⲛ -->
<mark id="tok_651" xlink:href="#xpointer(string-range(//body,'',2517,2))"/><!-- ⲥⲱ -->
<mark id="tok_652" xlink:href="#xpointer(string-range(//body,'',2520,1))"/><!-- ⲙ -->
<mark id="tok_653" xlink:href="#xpointer(string-range(//body,'',2522,1))"/><!-- ⲡ -->
<mark id="tok_654" xlink:href="#xpointer(string-range(//body,'',2524,4))"/><!-- ⲁⲡⲟⲧ -->
<mark id="tok_655" xlink:href="#xpointer(string-range(//body,'',2529,1))"/><!-- ⲉ -->
<mark id="tok_656" xlink:href="#xpointer(string-range(//body,'',2531,4))"/><!-- ⲧⲉⲧⲛ -->
<mark id="tok_657" xlink:href="#xpointer(string-range(//body,'',2536,8))"/><!-- ⲧⲁϣⲉⲟⲉⲓϣ -->
<mark id="tok_658" xlink:href="#xpointer(string-range(//body,'',2545,1))"/><!-- ⲙ -->
<mark id="tok_659" xlink:href="#xpointer(string-range(//body,'',2547,1))"/><!-- ⲡ -->
<mark id="tok_660" xlink:href="#xpointer(string-range(//body,'',2549,3))"/><!-- ⲙⲟⲩ -->
<mark id="tok_661" xlink:href="#xpointer(string-range(//body,'',2553,1))"/><!-- ⲙ -->
<mark id="tok_662" xlink:href="#xpointer(string-range(//body,'',2555,1))"/><!-- ⲡ -->
<mark id="tok_663" xlink:href="#xpointer(string-range(//body,'',2557,5))"/><!-- ϫⲟⲉⲓⲥ -->
<mark id="tok_664" xlink:href="#xpointer(string-range(//body,'',2563,4))"/><!-- ϣⲁⲛⲧ -->
<mark id="tok_665" xlink:href="#xpointer(string-range(//body,'',2568,1))"/><!-- ϥ -->
<mark id="tok_666" xlink:href="#xpointer(string-range(//body,'',2570,2))"/><!-- ⲉⲓ -->
<mark id="tok_667" xlink:href="#xpointer(string-range(//body,'',2573,1))"/><!-- . -->
<mark id="tok_668" xlink:href="#xpointer(string-range(//body,'',2575,5))"/><!-- ϩⲱⲥⲧⲉ -->
<mark id="tok_669" xlink:href="#xpointer(string-range(//body,'',2581,1))"/><!-- ⲡ -->
<mark id="tok_670" xlink:href="#xpointer(string-range(//body,'',2583,2))"/><!-- ⲉⲧ -->
<mark id="tok_671" xlink:href="#xpointer(string-range(//body,'',2586,2))"/><!-- ⲛⲁ -->
<mark id="tok_672" xlink:href="#xpointer(string-range(//body,'',2589,4))"/><!-- ⲟⲩⲱⲙ -->
<mark id="tok_673" xlink:href="#xpointer(string-range(//body,'',2594,1))"/><!-- ⲙ -->
<mark id="tok_674" xlink:href="#xpointer(string-range(//body,'',2596,1))"/><!-- ⲡ -->
<mark id="tok_675" xlink:href="#xpointer(string-range(//body,'',2598,4))"/><!-- ⲟⲉⲓⲕ -->
<mark id="tok_676" xlink:href="#xpointer(string-range(//body,'',2603,1))"/><!-- ⲛ -->
<mark id="tok_677" xlink:href="#xpointer(string-range(//body,'',2605,1))"/><!-- ϥ -->
<mark id="tok_678" xlink:href="#xpointer(string-range(//body,'',2607,2))"/><!-- ⲥⲱ -->
<mark id="tok_679" xlink:href="#xpointer(string-range(//body,'',2610,1))"/><!-- ⲙ -->
<mark id="tok_680" xlink:href="#xpointer(string-range(//body,'',2612,1))"/><!-- ⲡ -->
<mark id="tok_681" xlink:href="#xpointer(string-range(//body,'',2614,4))"/><!-- ⲁⲡⲟⲧ -->
<mark id="tok_682" xlink:href="#xpointer(string-range(//body,'',2619,1))"/><!-- ⲙ -->
<mark id="tok_683" xlink:href="#xpointer(string-range(//body,'',2621,1))"/><!-- ⲡ -->
<mark id="tok_684" xlink:href="#xpointer(string-range(//body,'',2623,5))"/><!-- ϫⲟⲉⲓⲥ -->
<mark id="tok_685" xlink:href="#xpointer(string-range(//body,'',2629,7))"/><!-- ⲉⲛϥⲙⲡϣⲁ -->
<mark id="tok_686" xlink:href="#xpointer(string-range(//body,'',2637,2))"/><!-- ⲁⲛ -->
<mark id="tok_687" xlink:href="#xpointer(string-range(//body,'',2640,1))"/><!-- . -->
<mark id="tok_688" xlink:href="#xpointer(string-range(//body,'',2642,1))"/><!-- ϥ -->
<mark id="tok_689" xlink:href="#xpointer(string-range(//body,'',2644,2))"/><!-- ⲛⲁ -->
<mark id="tok_690" xlink:href="#xpointer(string-range(//body,'',2647,4))"/><!-- ϣⲱⲡⲉ -->
<mark id="tok_691" xlink:href="#xpointer(string-range(//body,'',2652,1))"/><!-- ⲛ -->
<mark id="tok_692" xlink:href="#xpointer(string-range(//body,'',2654,6))"/><!-- ⲉⲛⲟⲭⲟⲥ -->
<mark id="tok_693" xlink:href="#xpointer(string-range(//body,'',2661,1))"/><!-- ⲉ -->
<mark id="tok_694" xlink:href="#xpointer(string-range(//body,'',2663,1))"/><!-- ⲡ -->
<mark id="tok_695" xlink:href="#xpointer(string-range(//body,'',2665,4))"/><!-- ⲥⲱⲙⲁ -->
<mark id="tok_696" xlink:href="#xpointer(string-range(//body,'',2670,2))"/><!-- ⲙⲛ -->
<mark id="tok_697" xlink:href="#xpointer(string-range(//body,'',2673,2))"/><!-- ⲡⲉ -->
<mark id="tok_698" xlink:href="#xpointer(string-range(//body,'',2676,4))"/><!-- ⲥⲛⲟϥ -->
<mark id="tok_699" xlink:href="#xpointer(string-range(//body,'',2681,1))"/><!-- ⲙ -->
<mark id="tok_700" xlink:href="#xpointer(string-range(//body,'',2683,1))"/><!-- ⲡ -->
<mark id="tok_701" xlink:href="#xpointer(string-range(//body,'',2685,5))"/><!-- ϫⲟⲉⲓⲥ -->
<mark id="tok_702" xlink:href="#xpointer(string-range(//body,'',2691,1))"/><!-- . -->
<mark id="tok_703" xlink:href="#xpointer(string-range(//body,'',2693,4))"/><!-- ⲙⲁⲣⲉ -->
<mark id="tok_704" xlink:href="#xpointer(string-range(//body,'',2698,1))"/><!-- ⲡ -->
<mark id="tok_705" xlink:href="#xpointer(string-range(//body,'',2700,4))"/><!-- ⲣⲱⲙⲉ -->
<mark id="tok_706" xlink:href="#xpointer(string-range(//body,'',2705,2))"/><!-- ⲇⲉ -->
<mark id="tok_707" xlink:href="#xpointer(string-range(//body,'',2708,8))"/><!-- ⲇⲟⲕⲓⲙⲁⲍⲉ -->
<mark id="tok_708" xlink:href="#xpointer(string-range(//body,'',2717,3))"/><!-- ⲙⲙⲟ -->
<mark id="tok_709" xlink:href="#xpointer(string-range(//body,'',2721,1))"/><!-- ϥ -->
<mark id="tok_710" xlink:href="#xpointer(string-range(//body,'',2723,3))"/><!-- ⲁⲩⲱ -->
<mark id="tok_711" xlink:href="#xpointer(string-range(//body,'',2727,3))"/><!-- ⲧⲁⲓ -->
<mark id="tok_712" xlink:href="#xpointer(string-range(//body,'',2731,2))"/><!-- ⲧⲉ -->
<mark id="tok_713" xlink:href="#xpointer(string-range(//body,'',2734,1))"/><!-- ⲧ -->
<mark id="tok_714" xlink:href="#xpointer(string-range(//body,'',2736,2))"/><!-- ϩⲉ -->
<mark id="tok_715" xlink:href="#xpointer(string-range(//body,'',2739,4))"/><!-- ⲙⲁⲣⲉ -->
<mark id="tok_716" xlink:href="#xpointer(string-range(//body,'',2744,1))"/><!-- ϥ -->
<mark id="tok_717" xlink:href="#xpointer(string-range(//body,'',2746,4))"/><!-- ⲟⲩⲱⲙ -->
<mark id="tok_718" xlink:href="#xpointer(string-range(//body,'',2751,4))"/><!-- ⲉⲃⲟⲗ -->
<mark id="tok_719" xlink:href="#xpointer(string-range(//body,'',2756,2))"/><!-- ϩⲙ -->
<mark id="tok_720" xlink:href="#xpointer(string-range(//body,'',2759,1))"/><!-- ⲡ -->
<mark id="tok_721" xlink:href="#xpointer(string-range(//body,'',2761,4))"/><!-- ⲟⲉⲓⲕ -->
<mark id="tok_722" xlink:href="#xpointer(string-range(//body,'',2766,1))"/><!-- . -->
<mark id="tok_723" xlink:href="#xpointer(string-range(//body,'',2768,3))"/><!-- ⲁⲩⲱ -->
<mark id="tok_724" xlink:href="#xpointer(string-range(//body,'',2772,1))"/><!-- ⲛ -->
<mark id="tok_725" xlink:href="#xpointer(string-range(//body,'',2774,1))"/><!-- ϥ -->
<mark id="tok_726" xlink:href="#xpointer(string-range(//body,'',2776,2))"/><!-- ⲥⲱ -->
<mark id="tok_727" xlink:href="#xpointer(string-range(//body,'',2779,4))"/><!-- ⲉⲃⲟⲗ -->
<mark id="tok_728" xlink:href="#xpointer(string-range(//body,'',2784,2))"/><!-- ϩⲙ -->
<mark id="tok_729" xlink:href="#xpointer(string-range(//body,'',2787,1))"/><!-- ⲡ -->
<mark id="tok_730" xlink:href="#xpointer(string-range(//body,'',2789,4))"/><!-- ⲁⲡⲟⲧ -->
<mark id="tok_731" xlink:href="#xpointer(string-range(//body,'',2794,1))"/><!-- . -->
<mark id="tok_732" xlink:href="#xpointer(string-range(//body,'',2796,1))"/><!-- ⲡ -->
<mark id="tok_733" xlink:href="#xpointer(string-range(//body,'',2798,2))"/><!-- ⲉⲧ -->
<mark id="tok_734" xlink:href="#xpointer(string-range(//body,'',2801,4))"/><!-- ⲟⲩⲱⲙ -->
<mark id="tok_735" xlink:href="#xpointer(string-range(//body,'',2806,3))"/><!-- ⲅⲁⲣ -->
<mark id="tok_736" xlink:href="#xpointer(string-range(//body,'',2810,3))"/><!-- ⲁⲩⲱ -->
<mark id="tok_737" xlink:href="#xpointer(string-range(//body,'',2814,2))"/><!-- ⲉⲧ -->
<mark id="tok_738" xlink:href="#xpointer(string-range(//body,'',2817,2))"/><!-- ⲥⲱ -->
<mark id="tok_739" xlink:href="#xpointer(string-range(//body,'',2820,1))"/><!-- ⲉ -->
<mark id="tok_740" xlink:href="#xpointer(string-range(//body,'',2822,1))"/><!-- ϥ -->
<mark id="tok_741" xlink:href="#xpointer(string-range(//body,'',2824,4))"/><!-- ⲟⲩⲱⲙ -->
<mark id="tok_742" xlink:href="#xpointer(string-range(//body,'',2829,3))"/><!-- ⲁⲩⲱ -->
<mark id="tok_743" xlink:href="#xpointer(string-range(//body,'',2833,1))"/><!-- ⲉ -->
<mark id="tok_744" xlink:href="#xpointer(string-range(//body,'',2835,1))"/><!-- ϥ -->
<mark id="tok_745" xlink:href="#xpointer(string-range(//body,'',2837,2))"/><!-- ⲥⲱ -->
<mark id="tok_746" xlink:href="#xpointer(string-range(//body,'',2840,2))"/><!-- ⲛⲁ -->
<mark id="tok_747" xlink:href="#xpointer(string-range(//body,'',2843,1))"/><!-- ϥ -->
<mark id="tok_748" xlink:href="#xpointer(string-range(//body,'',2845,1))"/><!-- ⲛ -->
<mark id="tok_749" xlink:href="#xpointer(string-range(//body,'',2847,2))"/><!-- ⲟⲩ -->
<mark id="tok_750" xlink:href="#xpointer(string-range(//body,'',2850,5))"/><!-- ⲕⲣⲓⲙⲁ -->
<mark id="tok_751" xlink:href="#xpointer(string-range(//body,'',2856,11))"/><!-- ⲉⲛϥⲇⲓⲁⲕⲣⲓⲛⲉ -->
<mark id="tok_752" xlink:href="#xpointer(string-range(//body,'',2868,2))"/><!-- ⲁⲛ -->
<mark id="tok_753" xlink:href="#xpointer(string-range(//body,'',2871,1))"/><!-- ⲙ -->
<mark id="tok_754" xlink:href="#xpointer(string-range(//body,'',2873,1))"/><!-- ⲡ -->
<mark id="tok_755" xlink:href="#xpointer(string-range(//body,'',2875,4))"/><!-- ⲥⲱⲙⲁ -->
<mark id="tok_756" xlink:href="#xpointer(string-range(//body,'',2880,4))"/><!-- ⲉⲧⲃⲉ -->
<mark id="tok_757" xlink:href="#xpointer(string-range(//body,'',2885,3))"/><!-- ⲡⲁⲓ -->
<mark id="tok_758" xlink:href="#xpointer(string-range(//body,'',2889,3))"/><!-- ⲟⲩⲛ -->
<mark id="tok_759" xlink:href="#xpointer(string-range(//body,'',2893,3))"/><!-- ϩⲁϩ -->
<mark id="tok_760" xlink:href="#xpointer(string-range(//body,'',2897,4))"/><!-- ϣⲱⲛⲉ -->
<mark id="tok_761" xlink:href="#xpointer(string-range(//body,'',2902,4))"/><!-- ⲛϩⲏⲧ -->
<mark id="tok_762" xlink:href="#xpointer(string-range(//body,'',2907,5))"/><!-- ⲧⲏⲩⲧⲛ -->
<mark id="tok_763" xlink:href="#xpointer(string-range(//body,'',2913,1))"/><!-- . -->
<mark id="tok_764" xlink:href="#xpointer(string-range(//body,'',2915,3))"/><!-- ⲁⲩⲱ -->
<mark id="tok_765" xlink:href="#xpointer(string-range(//body,'',2919,8))"/><!-- ⲥⲉⲗⲉϫⲗⲱϫ -->
<mark id="tok_766" xlink:href="#xpointer(string-range(//body,'',2928,1))"/><!-- . -->
<mark id="tok_767" xlink:href="#xpointer(string-range(//body,'',2930,3))"/><!-- ⲁⲩⲱ -->
<mark id="tok_768" xlink:href="#xpointer(string-range(//body,'',2934,1))"/><!-- ⲥ -->
<mark id="tok_769" xlink:href="#xpointer(string-range(//body,'',2936,6))"/><!-- ⲉⲛⲕⲟⲧⲕ -->
<mark id="tok_770" xlink:href="#xpointer(string-range(//body,'',2943,3))"/><!-- ⲛϭⲓ -->
<mark id="tok_771" xlink:href="#xpointer(string-range(//body,'',2947,2))"/><!-- ⲟⲩ -->
<mark id="tok_772" xlink:href="#xpointer(string-range(//body,'',2950,5))"/><!-- ⲙⲏⲏϣⲉ -->
<mark id="tok_773" xlink:href="#xpointer(string-range(//body,'',2956,1))"/><!-- . -->
<mark id="tok_774" xlink:href="#xpointer(string-range(//body,'',2958,9))"/><!-- ⲉⲛⲉⲛⲙⲟⲩϣⲧ -->
<mark id="tok_775" xlink:href="#xpointer(string-range(//body,'',2968,3))"/><!-- ⲅⲁⲣ -->
<mark id="tok_776" xlink:href="#xpointer(string-range(//body,'',2972,4))"/><!-- ⲙⲙⲟⲛ -->
<mark id="tok_777" xlink:href="#xpointer(string-range(//body,'',2977,2))"/><!-- ⲛⲉ -->
<mark id="tok_778" xlink:href="#xpointer(string-range(//body,'',2980,1))"/><!-- ⲩ -->
<mark id="tok_779" xlink:href="#xpointer(string-range(//body,'',2982,2))"/><!-- ⲛⲁ -->
<mark id="tok_780" xlink:href="#xpointer(string-range(//body,'',2985,5))"/><!-- ⲕⲣⲓⲛⲉ -->
<mark id="tok_781" xlink:href="#xpointer(string-range(//body,'',2991,4))"/><!-- ⲙⲙⲟⲛ -->
<mark id="tok_782" xlink:href="#xpointer(string-range(//body,'',2996,2))"/><!-- ⲁⲛ -->
<mark id="tok_783" xlink:href="#xpointer(string-range(//body,'',2999,2))"/><!-- ⲡⲉ -->
<mark id="tok_784" xlink:href="#xpointer(string-range(//body,'',3002,1))"/><!-- . -->
<mark id="tok_785" xlink:href="#xpointer(string-range(//body,'',3004,1))"/><!-- ⲉ -->
<mark id="tok_786" xlink:href="#xpointer(string-range(//body,'',3006,1))"/><!-- ⲩ -->
<mark id="tok_787" xlink:href="#xpointer(string-range(//body,'',3008,5))"/><!-- ⲕⲣⲓⲛⲉ -->
<mark id="tok_788" xlink:href="#xpointer(string-range(//body,'',3014,2))"/><!-- ⲇⲉ -->
<mark id="tok_789" xlink:href="#xpointer(string-range(//body,'',3017,4))"/><!-- ⲙⲙⲟⲛ -->
<mark id="tok_790" xlink:href="#xpointer(string-range(//body,'',3022,4))"/><!-- ⲉⲃⲟⲗ -->
<mark id="tok_791" xlink:href="#xpointer(string-range(//body,'',3027,4))"/><!-- ϩⲓⲧⲙ -->
<mark id="tok_792" xlink:href="#xpointer(string-range(//body,'',3032,1))"/><!-- ⲡ -->
<mark id="tok_793" xlink:href="#xpointer(string-range(//body,'',3034,5))"/><!-- ϫⲟⲉⲓⲥ -->
<mark id="tok_794" xlink:href="#xpointer(string-range(//body,'',3040,1))"/><!-- . -->
<mark id="tok_795" xlink:href="#xpointer(string-range(//body,'',3042,1))"/><!-- ⲉ -->
<mark id="tok_796" xlink:href="#xpointer(string-range(//body,'',3044,1))"/><!-- ⲩ -->
<mark id="tok_797" xlink:href="#xpointer(string-range(//body,'',3046,4))"/><!-- ϯⲥⲃⲱ -->
<mark id="tok_798" xlink:href="#xpointer(string-range(//body,'',3051,2))"/><!-- ⲛⲁ -->
<mark id="tok_799" xlink:href="#xpointer(string-range(//body,'',3054,1))"/><!-- ⲛ -->
<mark id="tok_800" xlink:href="#xpointer(string-range(//body,'',3056,2))"/><!-- ϫⲉ -->
<mark id="tok_801" xlink:href="#xpointer(string-range(//body,'',3059,3))"/><!-- ⲛⲛⲉ -->
<mark id="tok_802" xlink:href="#xpointer(string-range(//body,'',3063,1))"/><!-- ⲩ -->
<mark id="tok_803" xlink:href="#xpointer(string-range(//body,'',3065,6))"/><!-- ⲧϭⲁⲉⲓⲟ -->
<mark id="tok_804" xlink:href="#xpointer(string-range(//body,'',3072,1))"/><!-- ⲛ -->
<mark id="tok_805" xlink:href="#xpointer(string-range(//body,'',3074,2))"/><!-- ⲙⲛ -->
<mark id="tok_806" xlink:href="#xpointer(string-range(//body,'',3077,1))"/><!-- ⲡ -->
<mark id="tok_807" xlink:href="#xpointer(string-range(//body,'',3079,6))"/><!-- ⲕⲟⲥⲙⲟⲥ -->
<mark id="tok_808" xlink:href="#xpointer(string-range(//body,'',3086,5))"/><!-- ϩⲱⲥⲧⲉ -->
<mark id="tok_809" xlink:href="#xpointer(string-range(//body,'',3092,2))"/><!-- ⲛⲁ -->
<mark id="tok_810" xlink:href="#xpointer(string-range(//body,'',3095,4))"/><!-- ⲥⲛⲏⲩ -->
<mark id="tok_811" xlink:href="#xpointer(string-range(//body,'',3100,1))"/><!-- ⲉ -->
<mark id="tok_812" xlink:href="#xpointer(string-range(//body,'',3102,4))"/><!-- ⲧⲉⲧⲛ -->
<mark id="tok_813" xlink:href="#xpointer(string-range(//body,'',3107,5))"/><!-- ⲥⲱⲟⲩϩ -->
<mark id="tok_814" xlink:href="#xpointer(string-range(//body,'',3113,5))"/><!-- ⲉϩⲟⲩⲛ -->
<mark id="tok_815" xlink:href="#xpointer(string-range(//body,'',3119,1))"/><!-- ⲉ -->
<mark id="tok_816" xlink:href="#xpointer(string-range(//body,'',3121,4))"/><!-- ⲟⲩⲱⲙ -->
<mark id="tok_817" xlink:href="#xpointer(string-range(//body,'',3126,3))"/><!-- ⲁϩⲉ -->
<mark id="tok_818" xlink:href="#xpointer(string-range(//body,'',3130,1))"/><!-- ⲉ -->
<mark id="tok_819" xlink:href="#xpointer(string-range(//body,'',3132,4))"/><!-- ⲛⲉⲧⲛ -->
<mark id="tok_820" xlink:href="#xpointer(string-range(//body,'',3137,4))"/><!-- ⲉⲣⲏⲩ -->
<mark id="tok_821" xlink:href="#xpointer(string-range(//body,'',3142,1))"/><!-- . -->
<mark id="tok_822" xlink:href="#xpointer(string-range(//body,'',3144,1))"/><!-- ⲡ -->
<mark id="tok_823" xlink:href="#xpointer(string-range(//body,'',3146,2))"/><!-- ⲉⲧ -->
<mark id="tok_824" xlink:href="#xpointer(string-range(//body,'',3149,6))"/><!-- ϩⲕⲁⲉⲓⲧ -->
<mark id="tok_825" xlink:href="#xpointer(string-range(//body,'',3156,4))"/><!-- ⲙⲁⲣⲉ -->
<mark id="tok_826" xlink:href="#xpointer(string-range(//body,'',3161,1))"/><!-- ϥ -->
<mark id="tok_827" xlink:href="#xpointer(string-range(//body,'',3163,4))"/><!-- ⲟⲩⲱⲙ -->
<mark id="tok_828" xlink:href="#xpointer(string-range(//body,'',3168,1))"/><!-- ⲙ -->
<mark id="tok_829" xlink:href="#xpointer(string-range(//body,'',3170,3))"/><!-- ⲡⲉϥ -->
<mark id="tok_830" xlink:href="#xpointer(string-range(//body,'',3174,3))"/><!-- ⲏⲉⲓ -->
<mark id="tok_831" xlink:href="#xpointer(string-range(//body,'',3178,2))"/><!-- ϫⲉ -->
<mark id="tok_832" xlink:href="#xpointer(string-range(//body,'',3181,10))"/><!-- ⲛⲛⲉⲧⲛⲥⲱⲟⲩϩ -->
<mark id="tok_833" xlink:href="#xpointer(string-range(//body,'',3192,5))"/><!-- ⲉϩⲟⲩⲛ -->
<mark id="tok_834" xlink:href="#xpointer(string-range(//body,'',3198,1))"/><!-- ⲉ -->
<mark id="tok_835" xlink:href="#xpointer(string-range(//body,'',3200,1))"/><!-- ⲩ -->
<mark id="tok_836" xlink:href="#xpointer(string-range(//body,'',3202,5))"/><!-- ⲕⲣⲓⲙⲁ -->
<mark id="tok_837" xlink:href="#xpointer(string-range(//body,'',3208,1))"/><!-- . -->
<mark id="tok_838" xlink:href="#xpointer(string-range(//body,'',3210,6))"/><!-- ϯⲛⲁⲧⲉϣ -->
<mark id="tok_839" xlink:href="#xpointer(string-range(//body,'',3217,1))"/><!-- ⲡ -->
<mark id="tok_840" xlink:href="#xpointer(string-range(//body,'',3219,7))"/><!-- ⲕⲉⲥⲉⲉⲡⲉ -->
<mark id="tok_841" xlink:href="#xpointer(string-range(//body,'',3227,2))"/><!-- ⲇⲉ -->
<mark id="tok_842" xlink:href="#xpointer(string-range(//body,'',3230,2))"/><!-- ⲛⲏ -->
<mark id="tok_843" xlink:href="#xpointer(string-range(//body,'',3233,2))"/><!-- ⲧⲛ -->
<mark id="tok_844" xlink:href="#xpointer(string-range(//body,'',3236,8))"/><!-- ⲉⲉⲓϣⲁⲛⲉⲓ -->
<mark id="tok_845" xlink:href="#xpointer(string-range(//body,'',3245,1))"/><!-- . -->
</markList>
</paula>
