<?xml version="1.0" encoding="UTF-8" standalone="no"?>

<!DOCTYPE paula SYSTEM "paula_feat.dtd">
<paula version="1.0">

<header paula_id="sahidica.nt.1_Corinthians_11_translation"/>

<featList xmlns:xlink="http://www.w3.org/1999/xlink" type="translation" xml:base="sahidica.nt.1_Corinthians_11.translationSeg.xml">
<feat xlink:href="#translation_1" value="Be imitators of me, even as I also am of Christ."/><!-- ⲧⲛⲧⲛ.... -->
<feat xlink:href="#translation_16" value="Now I praise you, brothers, that you remember me in all things, and hold firm the traditions, even as I delivered them to you."/><!-- ϯ.... -->
<feat xlink:href="#translation_49" value="But I would have you know that the head of every man is Christ, and the head of the woman is the man, and the head of Christ is God."/><!-- ϯ.... -->
<feat xlink:href="#translation_87" value="Every man praying or prophesying, having his head covered, dishonors his head."/><!-- ⲣⲱⲙⲉ.... -->
<feat xlink:href="#translation_104" value="But every woman praying or prophesying with her head unveiled dishonors her head. For it is one and the same thing as if she were shaved."/><!-- ⲥϩⲓⲙⲉ.... -->
<feat xlink:href="#translation_142" value="For if a woman is not covered, let her also be shorn. But if it is shameful for a woman to be shorn or shaved, let her be covered."/><!-- ⲉϣϫⲉ.... -->
<feat xlink:href="#translation_180" value="For a man indeed ought not to have his head covered, because he is the image and glory of God, but the woman is the glory of the man."/><!-- ⲡ.... -->
<feat xlink:href="#translation_215" value="For man is not from woman, but woman from man;"/><!-- ⲛ.... -->
<feat xlink:href="#translation_239" value="for neither was man created for the woman, but woman for the man."/><!-- ⲕⲁⲓⲅⲁⲣ.... -->
<feat xlink:href="#translation_258" value="For this cause the woman ought to have authority on her head, because of the angels."/><!-- ⲉⲧⲃⲉ.... -->
<feat xlink:href="#translation_276" value="Nevertheless, neither is the woman independent of the man, nor the man independent of the woman, in the Lord."/><!-- ⲡⲗⲏⲛ.... -->
<feat xlink:href="#translation_294" value="For as woman came from man, so a man also comes through a woman; but all things are from God."/><!-- ⲛ.... -->
<feat xlink:href="#translation_332" value="Judge for yourselves. Is it appropriate that a woman pray to God unveiled?"/><!-- ⲕⲣⲓⲛⲉ.... -->
<feat xlink:href="#translation_353" value="Doesn&apos;t even nature itself teach you that if a man has long hair, it is a dishonor to him?"/><!-- ⲉⲓⲉ...ⲡⲉ -->
<feat xlink:href="#translation_373" value="But if a woman has long hair, it is a glory to her, for her hair is given to her for a covering."/><!-- ⲟⲩ.... -->
<feat xlink:href="#translation_402" value="But if any man seems to be contentious, we have no such custom, neither do God&apos;s assemblies."/><!-- ⲉϣϫⲉ.... -->
<feat xlink:href="#translation_428" value="But in giving you this command, I don&apos;t praise you, that you come together not for the better but for the worse."/><!-- ⲡⲁⲓ.... -->
<feat xlink:href="#translation_452" value="For first of all, when you come together in the assembly, I hear that divisions exist among you, and I partly believe it."/><!-- ϣⲟⲣⲡ.... -->
<feat xlink:href="#translation_479" value="For there also must be factions among you, that those who are approved may be revealed among you."/><!-- ϩⲁⲡⲥ.... -->
<feat xlink:href="#translation_502" value="When therefore you assemble yourselves together, it is not the Lord&apos;s supper that you eat."/><!-- ⲉ.... -->
<feat xlink:href="#translation_521" value="For in your eating each one takes his own supper first. One is hungry, and another is drunken."/><!-- ⲡ.... -->
<feat xlink:href="#translation_545" value="What, don&apos;t you have houses to eat and to drink in? Or do you despise God&apos;s assembly, and put them to shame who don&apos;t have? What shall I tell you? Shall I praise you? In this I don&apos;t praise you."/><!-- ⲙⲏ.... -->
<feat xlink:href="#translation_590" value="For I received from the Lord that which also I delivered to you, that the Lord Jesus on the night in which he was betrayed took bread."/><!-- ⲁⲛⲟⲕ...ⲟⲉⲓⲕ -->
<feat xlink:href="#translation_624" value="When he had given thanks, he broke it, and said, &apos;Take, eat. This is my body, which is broken for you. Do this in memory of me.&apos;"/><!-- ⲁ.... -->
<feat xlink:href="#translation_654" value="In the same way he also took the cup, after supper, saying, &apos;This cup is the new covenant in my blood. Do this, as often as you drink, in memory of me.&apos;"/><!-- ⲁⲩⲱ.... -->
<feat xlink:href="#translation_698" value="For as often as you eat this bread and drink this cup, you proclaim the Lord&apos;s death until he comes."/><!-- ⲥ.... -->
<feat xlink:href="#translation_729" value="Therefore whoever eats this bread or drinks the Lord&apos;s cup in a manner unworthy of the Lord will be guilty of the body and the blood of the Lord."/><!-- ϩⲱⲥⲧⲉ.... -->
<feat xlink:href="#translation_767" value="But let a man examine himself, and so let him eat of the bread, and drink of the cup."/><!-- ⲙⲁⲣⲉ.... -->
<feat xlink:href="#translation_796" value="For he who eats and drinks in an unworthy manner eats and drinks judgment to himself, if he doesn&apos;t discern the Lord&apos;s body."/><!-- ⲡ...ⲥⲱⲙⲁ -->
<feat xlink:href="#translation_823" value="For this cause many among you are weak and sickly, and not a few sleep."/><!-- ⲉⲧⲃⲉ.... -->
<feat xlink:href="#translation_842" value="For if we discerned ourselves, we wouldn&apos;t be judged."/><!-- ⲉ.... -->
<feat xlink:href="#translation_858" value="But when we are judged, we are punished by the Lord, that we may not be condemned with the world."/><!-- ⲉ...ⲕⲟⲥⲙⲟⲥ -->
<feat xlink:href="#translation_883" value="Therefore, my brothers, when you come together to eat, wait one for another."/><!-- ϩⲱⲥⲧⲉ.... -->
<feat xlink:href="#translation_898" value="But if anyone is hungry, let him eat at home, lest your coming together be for judgment. The rest I will set in order whenever I come."/><!-- ⲡ.... -->
</featList>
</paula>
