<?xml version="1.0" encoding="UTF-8" standalone="no"?>

<!DOCTYPE paula SYSTEM "paula_feat.dtd">
<paula version="1.0">

<header paula_id="sahidica.nt.1_Corinthians_11_lang"/>

<featList xmlns:xlink="http://www.w3.org/1999/xlink" type="lang" xml:base="sahidica.nt.1_Corinthians_11.langSeg.xml">
<feat xlink:href="#lang_5" value="Greek"/><!-- ⲕⲁⲧⲁ -->
<feat xlink:href="#lang_12" value="Greek"/><!-- ⲭⲣⲓⲥⲧⲟⲥ -->
<feat xlink:href="#lang_16" value="Greek"/><!-- ⲇⲉ -->
<feat xlink:href="#lang_30" value="Greek"/><!-- ⲕⲁⲧⲁ -->
<feat xlink:href="#lang_47" value="Greek"/><!-- ⲇⲉ -->
<feat xlink:href="#lang_60" value="Greek"/><!-- ⲭⲣⲓⲥⲧⲟⲥ -->
<feat xlink:href="#lang_64" value="Greek"/><!-- ⲇⲉ -->
<feat xlink:href="#lang_73" value="Greek"/><!-- ⲇⲉ -->
<feat xlink:href="#lang_76" value="Greek"/><!-- ⲭⲣⲓⲥⲧⲟⲥ -->
<feat xlink:href="#lang_98" value="Greek"/><!-- ⲇⲉ -->
<feat xlink:href="#lang_117" value="Greek"/><!-- ⲅⲁⲣ -->
<feat xlink:href="#lang_136" value="Greek"/><!-- ⲅⲁⲣ -->
<feat xlink:href="#lang_148" value="Greek"/><!-- ⲇⲉ -->
<feat xlink:href="#lang_166" value="Greek"/><!-- ⲅⲁⲣ -->
<feat xlink:href="#lang_190" value="Greek"/><!-- ⲇⲉ -->
<feat xlink:href="#lang_204" value="Greek"/><!-- ⲅⲁⲣ -->
<feat xlink:href="#lang_210" value="Greek"/><!-- ⲁⲗⲗⲁ -->
<feat xlink:href="#lang_231" value="Greek"/><!-- ⲁⲗⲗⲁ -->
<feat xlink:href="#lang_248" value="Greek"/><!-- ⲉⲝⲟⲩⲥⲓⲁ -->
<feat xlink:href="#lang_254" value="Greek"/><!-- ⲁⲅⲅⲉⲗⲟⲥ -->
<feat xlink:href="#lang_256" value="Greek"/><!-- ⲡⲗⲏⲛ -->
<feat xlink:href="#lang_261" value="Greek"/><!-- ⲟⲩⲇⲉ -->
<feat xlink:href="#lang_275" value="Greek"/><!-- ⲅⲁⲣ -->
<feat xlink:href="#lang_302" value="Greek"/><!-- ⲇⲉ -->
<feat xlink:href="#lang_340" value="Greek"/><!-- ⲙⲉⲛ -->
<feat xlink:href="#lang_350" value="Greek"/><!-- ⲇⲉ -->
<feat xlink:href="#lang_376" value="Greek"/><!-- ⲟⲩⲛ -->
<feat xlink:href="#lang_378" value="Greek"/><!-- ⲇⲉ -->
<feat xlink:href="#lang_392" value="Greek"/><!-- ⲟⲩⲇⲉ -->
<feat xlink:href="#lang_394" value="Greek"/><!-- ⲉⲕⲕⲗⲏⲥⲓⲁ -->
<feat xlink:href="#lang_400" value="Greek"/><!-- ⲇⲉ -->
<feat xlink:href="#lang_418" value="Greek"/><!-- ⲁⲗⲗⲁ -->
<feat xlink:href="#lang_422" value="Greek"/><!-- ⲙⲉⲛ -->
<feat xlink:href="#lang_423" value="Greek"/><!-- ⲅⲁⲣ -->
<feat xlink:href="#lang_430" value="Greek"/><!-- ⲉⲕⲕⲗⲏⲥⲓⲁ -->
<feat xlink:href="#lang_435" value="Greek"/><!-- ⲟⲩⲛ -->
<feat xlink:href="#lang_442" value="Greek"/><!-- ⲡⲓⲥⲧⲉⲩⲉ -->
<feat xlink:href="#lang_445" value="Greek"/><!-- ⲙⲉⲣⲟⲥ -->
<feat xlink:href="#lang_448" value="Greek"/><!-- ⲅⲁⲣ -->
<feat xlink:href="#lang_484" value="Greek"/><!-- ⲅⲁⲣ -->
<feat xlink:href="#lang_493" value="Greek"/><!-- ⲟⲩⲛ -->
<feat xlink:href="#lang_495" value="Greek"/><!-- ⲙⲉⲛ -->
<feat xlink:href="#lang_497" value="Greek"/><!-- ⲟⲩⲛ -->
<feat xlink:href="#lang_499" value="Greek"/><!-- ⲇⲉ -->
<feat xlink:href="#lang_503" value="Greek"/><!-- ⲙⲏ -->
<feat xlink:href="#lang_517" value="Greek"/><!-- ⲉⲕⲕⲗⲏⲥⲓⲁ -->
<feat xlink:href="#lang_540" value="Greek"/><!-- ⲅⲁⲣ -->
<feat xlink:href="#lang_555" value="Hebrew"/><!-- ⲓⲏⲥⲟⲩⲥ -->
<feat xlink:href="#lang_586" value="Greek"/><!-- ⲥⲱⲙⲁ -->
<feat xlink:href="#lang_640" value="Greek"/><!-- ⲅⲁⲣ -->
<feat xlink:href="#lang_668" value="Greek"/><!-- ϩⲱⲥⲧⲉ -->
<feat xlink:href="#lang_695" value="Greek"/><!-- ⲥⲱⲙⲁ -->
<feat xlink:href="#lang_706" value="Greek"/><!-- ⲇⲉ -->
<feat xlink:href="#lang_735" value="Greek"/><!-- ⲅⲁⲣ -->
<feat xlink:href="#lang_755" value="Greek"/><!-- ⲥⲱⲙⲁ -->
<feat xlink:href="#lang_758" value="Greek"/><!-- ⲟⲩⲛ -->
<feat xlink:href="#lang_775" value="Greek"/><!-- ⲅⲁⲣ -->
<feat xlink:href="#lang_788" value="Greek"/><!-- ⲇⲉ -->
<feat xlink:href="#lang_807" value="Greek"/><!-- ⲕⲟⲥⲙⲟⲥ -->
<feat xlink:href="#lang_808" value="Greek"/><!-- ϩⲱⲥⲧⲉ -->
<feat xlink:href="#lang_841" value="Greek"/><!-- ⲇⲉ -->
</featList>
</paula>
