<?xml version="1.0" encoding="UTF-8" standalone="no"?>

<!DOCTYPE paula SYSTEM "paula_mark.dtd">
<paula version="1.0">

<header paula_id="sahidica.nt.1_Corinthians_11_orig_groupSeg"/>

<markList xmlns:xlink="http://www.w3.org/1999/xlink" type="orig_groupSeg" xml:base="sahidica.nt.1_Corinthians_11.tok.xml">
<mark id="orig_group_1" xlink:href="#tok_1"/><!-- ⲧⲛⲧⲛ -->
<mark id="orig_group_2" xlink:href="#tok_2"/><!-- ⲧⲏⲩⲧⲛ -->
<mark id="orig_group_3" xlink:href="#xpointer(id('tok_3')/range-to(id('tok_4')))"/><!-- ⲉⲣⲟ...ⲓ -->
<mark id="orig_group_5" xlink:href="#tok_5"/><!-- ⲕⲁⲧⲁ -->
<mark id="orig_group_6" xlink:href="#xpointer(id('tok_6')/range-to(id('tok_7')))"/><!-- ⲧ...ϩⲉ -->
<mark id="orig_group_8" xlink:href="#tok_8"/><!-- ⲉⲛⲧⲁⲓ -->
<mark id="orig_group_9" xlink:href="#tok_9"/><!-- ⲧⲛⲧⲱⲛⲧ -->
<mark id="orig_group_10" xlink:href="#xpointer(id('tok_10')/range-to(id('tok_12')))"/><!-- ⲉ...ⲭⲣⲓⲥⲧⲟⲥ -->
<mark id="orig_group_13" xlink:href="#tok_13"/><!-- . -->
<mark id="orig_group_14" xlink:href="#xpointer(id('tok_14')/range-to(id('tok_15')))"/><!-- ϯ...ⲉⲡⲁⲓⲛⲟⲩ -->
<mark id="orig_group_16" xlink:href="#tok_16"/><!-- ⲇⲉ -->
<mark id="orig_group_17" xlink:href="#xpointer(id('tok_17')/range-to(id('tok_18')))"/><!-- ⲙⲙⲱ...ⲧⲛ -->
<mark id="orig_group_19" xlink:href="#tok_19"/><!-- ϫⲉ -->
<mark id="orig_group_20" xlink:href="#xpointer(id('tok_20')/range-to(id('tok_21')))"/><!-- ⲧⲉⲧⲛ...ⲉⲓⲣⲉ -->
<mark id="orig_group_22" xlink:href="#xpointer(id('tok_22')/range-to(id('tok_24')))"/><!-- ⲙ...ⲙⲉⲉⲩⲉ -->
<mark id="orig_group_25" xlink:href="#tok_25"/><!-- ϩⲛ -->
<mark id="orig_group_26" xlink:href="#tok_26"/><!-- ϩⲱⲃ -->
<mark id="orig_group_27" xlink:href="#tok_27"/><!-- ⲛⲓⲙ -->
<mark id="orig_group_28" xlink:href="#tok_28"/><!-- . -->
<mark id="orig_group_29" xlink:href="#tok_29"/><!-- ⲁⲩⲱ -->
<mark id="orig_group_30" xlink:href="#tok_30"/><!-- ⲕⲁⲧⲁ -->
<mark id="orig_group_31" xlink:href="#xpointer(id('tok_31')/range-to(id('tok_32')))"/><!-- ⲧ...ϩⲉ -->
<mark id="orig_group_33" xlink:href="#xpointer(id('tok_33')/range-to(id('tok_36')))"/><!-- ⲉⲛⲧ...ϯ -->
<mark id="orig_group_37" xlink:href="#xpointer(id('tok_37')/range-to(id('tok_38')))"/><!-- ⲛⲏ...ⲧⲛ -->
<mark id="orig_group_39" xlink:href="#tok_39"/><!-- ⲛⲙⲡⲁⲣⲁⲇⲟⲥⲓⲥ -->
<mark id="orig_group_40" xlink:href="#xpointer(id('tok_40')/range-to(id('tok_41')))"/><!-- ⲧⲉⲧⲛ...ⲁⲙⲁϩⲧⲉ -->
<mark id="orig_group_42" xlink:href="#xpointer(id('tok_42')/range-to(id('tok_43')))"/><!-- ⲙⲙⲟ...ⲟⲩ -->
<mark id="orig_group_44" xlink:href="#tok_44"/><!-- . -->
<mark id="orig_group_45" xlink:href="#xpointer(id('tok_45')/range-to(id('tok_46')))"/><!-- ϯ...ⲟⲩⲱϣ -->
<mark id="orig_group_47" xlink:href="#tok_47"/><!-- ⲇⲉ -->
<mark id="orig_group_48" xlink:href="#xpointer(id('tok_48')/range-to(id('tok_51')))"/><!-- ⲉ...ⲉⲓⲙⲉ -->
<mark id="orig_group_52" xlink:href="#tok_52"/><!-- ϫⲉ -->
<mark id="orig_group_53" xlink:href="#xpointer(id('tok_53')/range-to(id('tok_54')))"/><!-- ⲧ...ⲁⲡⲉ -->
<mark id="orig_group_55" xlink:href="#xpointer(id('tok_55')/range-to(id('tok_56')))"/><!-- ⲛ...ϩⲟⲟⲩⲧ -->
<mark id="orig_group_57" xlink:href="#tok_57"/><!-- ⲛⲓⲙ -->
<mark id="orig_group_58" xlink:href="#tok_58"/><!-- ⲡⲉ -->
<mark id="orig_group_59" xlink:href="#xpointer(id('tok_59')/range-to(id('tok_60')))"/><!-- ⲡⲉ...ⲭⲣⲓⲥⲧⲟⲥ -->
<mark id="orig_group_61" xlink:href="#tok_61"/><!-- . -->
<mark id="orig_group_62" xlink:href="#xpointer(id('tok_62')/range-to(id('tok_63')))"/><!-- ⲧ...ⲁⲡⲉ -->
<mark id="orig_group_64" xlink:href="#tok_64"/><!-- ⲇⲉ -->
<mark id="orig_group_65" xlink:href="#tok_65"/><!-- ⲛⲧⲉⲥϩⲓ -->
<mark id="orig_group_66" xlink:href="#tok_66"/><!-- ⲙⲉ -->
<mark id="orig_group_67" xlink:href="#tok_67"/><!-- ⲡⲉ -->
<mark id="orig_group_68" xlink:href="#xpointer(id('tok_68')/range-to(id('tok_69')))"/><!-- ⲡⲉⲥ...ϩⲁⲓ -->
<mark id="orig_group_70" xlink:href="#tok_70"/><!-- . -->
<mark id="orig_group_71" xlink:href="#xpointer(id('tok_71')/range-to(id('tok_72')))"/><!-- ⲧ...ⲁⲡⲉ -->
<mark id="orig_group_73" xlink:href="#tok_73"/><!-- ⲇⲉ -->
<mark id="orig_group_74" xlink:href="#xpointer(id('tok_74')/range-to(id('tok_76')))"/><!-- ⲛ...ⲭⲣⲓⲥⲧⲟⲥ -->
<mark id="orig_group_77" xlink:href="#tok_77"/><!-- ⲡⲉ -->
<mark id="orig_group_78" xlink:href="#xpointer(id('tok_78')/range-to(id('tok_79')))"/><!-- ⲡ...ⲛⲟⲩⲧⲉ -->
<mark id="orig_group_80" xlink:href="#tok_80"/><!-- . -->
<mark id="orig_group_81" xlink:href="#tok_81"/><!-- ⲣⲱⲙⲉ -->
<mark id="orig_group_82" xlink:href="#tok_82"/><!-- ⲛⲓⲙ -->
<mark id="orig_group_83" xlink:href="#xpointer(id('tok_83')/range-to(id('tok_85')))"/><!-- ⲉ...ϣⲗⲏⲗ -->
<mark id="orig_group_86" xlink:href="#tok_86"/><!-- ⲏⲉϥⲡⲣⲟⲫⲏⲧⲉⲩⲉ -->
<mark id="orig_group_87" xlink:href="#tok_87"/><!-- ⲉⲣⲉ -->
<mark id="orig_group_88" xlink:href="#xpointer(id('tok_88')/range-to(id('tok_89')))"/><!-- ⲧⲉϥ...ⲁⲡⲉ -->
<mark id="orig_group_90" xlink:href="#tok_90"/><!-- ϩⲟⲃⲥ -->
<mark id="orig_group_91" xlink:href="#xpointer(id('tok_91')/range-to(id('tok_92')))"/><!-- ϥ...ϯϣⲓⲡⲉ -->
<mark id="orig_group_93" xlink:href="#xpointer(id('tok_93')/range-to(id('tok_95')))"/><!-- ⲛ...ⲁⲡⲉ -->
<mark id="orig_group_96" xlink:href="#tok_96"/><!-- . -->
<mark id="orig_group_97" xlink:href="#tok_97"/><!-- ⲥϩⲓⲙⲉ -->
<mark id="orig_group_98" xlink:href="#tok_98"/><!-- ⲇⲉ -->
<mark id="orig_group_99" xlink:href="#tok_99"/><!-- ⲛⲓⲙ -->
<mark id="orig_group_100" xlink:href="#xpointer(id('tok_100')/range-to(id('tok_102')))"/><!-- ⲉ...ϣⲗⲏⲗ -->
<mark id="orig_group_103" xlink:href="#tok_103"/><!-- ⲏⲉⲥⲡⲣⲟⲫⲏ -->
<mark id="orig_group_104" xlink:href="#tok_104"/><!-- ⲧⲉⲩⲉ -->
<mark id="orig_group_105" xlink:href="#tok_105"/><!-- ⲉⲣⲉ -->
<mark id="orig_group_106" xlink:href="#xpointer(id('tok_106')/range-to(id('tok_107')))"/><!-- ⲧⲉⲥ...ⲁⲡⲉ -->
<mark id="orig_group_108" xlink:href="#tok_108"/><!-- ϭⲟⲗⲡ -->
<mark id="orig_group_109" xlink:href="#tok_109"/><!-- ⲉⲃⲟⲗ -->
<mark id="orig_group_110" xlink:href="#xpointer(id('tok_110')/range-to(id('tok_111')))"/><!-- ⲥ...ϯϣⲓⲡⲉ -->
<mark id="orig_group_112" xlink:href="#xpointer(id('tok_112')/range-to(id('tok_114')))"/><!-- ⲛ...ⲁⲡⲉ -->
<mark id="orig_group_115" xlink:href="#tok_115"/><!-- . -->
<mark id="orig_group_116" xlink:href="#tok_116"/><!-- ⲧⲉⲓϩⲉ -->
<mark id="orig_group_117" xlink:href="#tok_117"/><!-- ⲅⲁⲣ -->
<mark id="orig_group_118" xlink:href="#tok_118"/><!-- ⲧⲉ -->
<mark id="orig_group_119" xlink:href="#tok_119"/><!-- . -->
<mark id="orig_group_120" xlink:href="#tok_120"/><!-- ⲁⲩⲱ -->
<mark id="orig_group_121" xlink:href="#tok_121"/><!-- ⲡⲉⲉⲓϩⲱⲃ -->
<mark id="orig_group_122" xlink:href="#xpointer(id('tok_122')/range-to(id('tok_123')))"/><!-- ⲛ...ⲟⲩⲱⲧ -->
<mark id="orig_group_124" xlink:href="#tok_124"/><!-- ⲡⲉ -->
<mark id="orig_group_125" xlink:href="#xpointer(id('tok_125')/range-to(id('tok_127')))"/><!-- ⲛ...ⲉⲧⲉⲣⲉ -->
<mark id="orig_group_128" xlink:href="#xpointer(id('tok_128')/range-to(id('tok_129')))"/><!-- ϫⲱ...ⲥ -->
<mark id="orig_group_130" xlink:href="#tok_130"/><!-- ϩⲟⲟⲕⲉ -->
<mark id="orig_group_131" xlink:href="#tok_131"/><!-- . -->
<mark id="orig_group_132" xlink:href="#tok_132"/><!-- ⲉϣϫⲉ -->
<mark id="orig_group_133" xlink:href="#tok_133"/><!-- ⲥⲛⲁϩⲃⲥ -->
<mark id="orig_group_134" xlink:href="#xpointer(id('tok_134')/range-to(id('tok_135')))"/><!-- ϫⲱ...ⲥ -->
<mark id="orig_group_136" xlink:href="#tok_136"/><!-- ⲅⲁⲣ -->
<mark id="orig_group_137" xlink:href="#tok_137"/><!-- ⲁⲛ -->
<mark id="orig_group_138" xlink:href="#tok_138"/><!-- ⲛϭⲓ -->
<mark id="orig_group_139" xlink:href="#xpointer(id('tok_139')/range-to(id('tok_140')))"/><!-- ⲧⲉ...ⲥϩⲓⲙⲉ -->
<mark id="orig_group_141" xlink:href="#tok_141"/><!-- ⲙⲁⲣⲉⲥϣⲃ -->
<mark id="orig_group_142" xlink:href="#xpointer(id('tok_142')/range-to(id('tok_143')))"/><!-- ϫⲱ...ⲥ -->
<mark id="orig_group_144" xlink:href="#tok_144"/><!-- . -->
<mark id="orig_group_145" xlink:href="#tok_145"/><!-- ⲉϣϫⲉ -->
<mark id="orig_group_146" xlink:href="#xpointer(id('tok_146')/range-to(id('tok_147')))"/><!-- ⲟⲩ...ϣⲗⲟϥ -->
<mark id="orig_group_148" xlink:href="#tok_148"/><!-- ⲇⲉ -->
<mark id="orig_group_149" xlink:href="#xpointer(id('tok_149')/range-to(id('tok_151')))"/><!-- ⲛ...ⲥϩⲓⲙⲉ -->
<mark id="orig_group_152" xlink:href="#tok_152"/><!-- ⲡⲉ -->
<mark id="orig_group_153" xlink:href="#tok_153"/><!-- ϣⲃ -->
<mark id="orig_group_154" xlink:href="#xpointer(id('tok_154')/range-to(id('tok_155')))"/><!-- ϫⲱ...ⲥ -->
<mark id="orig_group_156" xlink:href="#tok_156"/><!-- ⲏϩⲉⲕⲉ -->
<mark id="orig_group_157" xlink:href="#xpointer(id('tok_157')/range-to(id('tok_158')))"/><!-- ϫⲱ...ⲥ -->
<mark id="orig_group_159" xlink:href="#tok_159"/><!-- . -->
<mark id="orig_group_160" xlink:href="#tok_160"/><!-- ⲙⲁⲣⲉⲥϩⲃⲥ -->
<mark id="orig_group_161" xlink:href="#xpointer(id('tok_161')/range-to(id('tok_162')))"/><!-- ϫⲱ...ⲥ -->
<mark id="orig_group_163" xlink:href="#tok_163"/><!-- . -->
<mark id="orig_group_164" xlink:href="#xpointer(id('tok_164')/range-to(id('tok_165')))"/><!-- ⲡ...ϩⲟⲟⲩⲧ -->
<mark id="orig_group_166" xlink:href="#tok_166"/><!-- ⲅⲁⲣ -->
<mark id="orig_group_167" xlink:href="#tok_167"/><!-- ⲛϣϣⲉ -->
<mark id="orig_group_168" xlink:href="#tok_168"/><!-- ⲁⲛ -->
<mark id="orig_group_169" xlink:href="#xpointer(id('tok_169')/range-to(id('tok_170')))"/><!-- ⲉⲣⲟ...ϥ -->
<mark id="orig_group_171" xlink:href="#xpointer(id('tok_171')/range-to(id('tok_172')))"/><!-- ⲉ...ϩⲱⲃⲥ -->
<mark id="orig_group_173" xlink:href="#xpointer(id('tok_173')/range-to(id('tok_175')))"/><!-- ⲛ...ⲁⲡⲉ -->
<mark id="orig_group_176" xlink:href="#tok_176"/><!-- . -->
<mark id="orig_group_177" xlink:href="#xpointer(id('tok_177')/range-to(id('tok_179')))"/><!-- ⲉ...ϩⲓⲕⲱⲛ -->
<mark id="orig_group_180" xlink:href="#tok_180"/><!-- ⲡⲉ -->
<mark id="orig_group_181" xlink:href="#tok_181"/><!-- ⲁⲩⲱ -->
<mark id="orig_group_182" xlink:href="#xpointer(id('tok_182')/range-to(id('tok_183')))"/><!-- ⲡ...ⲉⲟⲟⲩ -->
<mark id="orig_group_184" xlink:href="#xpointer(id('tok_184')/range-to(id('tok_186')))"/><!-- ⲙ...ⲛⲟⲩⲧⲉ -->
<mark id="orig_group_187" xlink:href="#tok_187"/><!-- . -->
<mark id="orig_group_188" xlink:href="#xpointer(id('tok_188')/range-to(id('tok_189')))"/><!-- ⲧⲉ...ⲥϩⲓⲙⲉ -->
<mark id="orig_group_190" xlink:href="#tok_190"/><!-- ⲇⲉ -->
<mark id="orig_group_191" xlink:href="#xpointer(id('tok_191')/range-to(id('tok_192')))"/><!-- ⲡ...ⲉⲟⲟⲩ -->
<mark id="orig_group_193" xlink:href="#xpointer(id('tok_193')/range-to(id('tok_195')))"/><!-- ⲙ...ϩⲁⲓ -->
<mark id="orig_group_196" xlink:href="#tok_196"/><!-- ⲧⲉ -->
<mark id="orig_group_197" xlink:href="#tok_197"/><!-- . -->
<mark id="orig_group_198" xlink:href="#xpointer(id('tok_198')/range-to(id('tok_201')))"/><!-- ⲛⲧ...ϫⲓ -->
<mark id="orig_group_202" xlink:href="#xpointer(id('tok_202')/range-to(id('tok_203')))"/><!-- ⲡ...ⲣⲱⲙⲉ -->
<mark id="orig_group_204" xlink:href="#tok_204"/><!-- ⲅⲁⲣ -->
<mark id="orig_group_205" xlink:href="#tok_205"/><!-- ⲁⲛ -->
<mark id="orig_group_206" xlink:href="#tok_206"/><!-- ⲉⲃⲟⲗ -->
<mark id="orig_group_207" xlink:href="#tok_207"/><!-- ϩⲛ -->
<mark id="orig_group_208" xlink:href="#xpointer(id('tok_208')/range-to(id('tok_209')))"/><!-- ⲧⲉ...ⲥϩⲓⲙⲉ -->
<mark id="orig_group_210" xlink:href="#tok_210"/><!-- ⲁⲗⲗⲁ -->
<mark id="orig_group_211" xlink:href="#xpointer(id('tok_211')/range-to(id('tok_214')))"/><!-- ⲛⲧ...ϫⲓ -->
<mark id="orig_group_215" xlink:href="#xpointer(id('tok_215')/range-to(id('tok_216')))"/><!-- ⲧⲉ...ⲥϩⲓⲙⲉ -->
<mark id="orig_group_217" xlink:href="#tok_217"/><!-- ⲉⲃⲟⲗ -->
<mark id="orig_group_218" xlink:href="#tok_218"/><!-- ϩⲙ -->
<mark id="orig_group_219" xlink:href="#xpointer(id('tok_219')/range-to(id('tok_220')))"/><!-- ⲡ...ⲣⲱⲙⲉ -->
<mark id="orig_group_221" xlink:href="#tok_221"/><!-- . -->
<mark id="orig_group_222" xlink:href="#tok_222"/><!-- ⲕⲁⲓⲅⲁⲣ -->
<mark id="orig_group_223" xlink:href="#tok_223"/><!-- ⲛⲧⲁⲩⲥⲛⲧ -->
<mark id="orig_group_224" xlink:href="#xpointer(id('tok_224')/range-to(id('tok_225')))"/><!-- ⲡ...ⲣⲱⲙⲉ -->
<mark id="orig_group_226" xlink:href="#tok_226"/><!-- ⲁⲛ -->
<mark id="orig_group_227" xlink:href="#tok_227"/><!-- ⲉⲧⲃⲉ -->
<mark id="orig_group_228" xlink:href="#xpointer(id('tok_228')/range-to(id('tok_229')))"/><!-- ⲧⲉ...ⲥϩⲓⲙⲉ -->
<mark id="orig_group_230" xlink:href="#tok_230"/><!-- . -->
<mark id="orig_group_231" xlink:href="#tok_231"/><!-- ⲁⲗⲗⲁ -->
<mark id="orig_group_232" xlink:href="#xpointer(id('tok_232')/range-to(id('tok_233')))"/><!-- ⲧⲉ...ⲥϩⲓⲙⲉ -->
<mark id="orig_group_234" xlink:href="#tok_234"/><!-- ⲉⲧⲃⲉ -->
<mark id="orig_group_235" xlink:href="#xpointer(id('tok_235')/range-to(id('tok_236')))"/><!-- ⲡ...ⲣⲱⲙⲉ -->
<mark id="orig_group_237" xlink:href="#tok_237"/><!-- . -->
<mark id="orig_group_238" xlink:href="#tok_238"/><!-- ⲉⲧⲃⲉ -->
<mark id="orig_group_239" xlink:href="#tok_239"/><!-- ⲡⲁⲓ -->
<mark id="orig_group_240" xlink:href="#tok_240"/><!-- ϣϣⲉ -->
<mark id="orig_group_241" xlink:href="#xpointer(id('tok_241')/range-to(id('tok_243')))"/><!-- ⲉ...ⲥϩⲓⲙⲉ -->
<mark id="orig_group_244" xlink:href="#xpointer(id('tok_244')/range-to(id('tok_245')))"/><!-- ⲉ...ⲕⲱ -->
<mark id="orig_group_246" xlink:href="#xpointer(id('tok_246')/range-to(id('tok_248')))"/><!-- ⲛ...ⲉⲝⲟⲩⲥⲓⲁ -->
<mark id="orig_group_249" xlink:href="#tok_249"/><!-- ⲉϫⲛ -->
<mark id="orig_group_250" xlink:href="#xpointer(id('tok_250')/range-to(id('tok_251')))"/><!-- ⲧⲉⲥ...ⲁⲡⲉ -->
<mark id="orig_group_252" xlink:href="#tok_252"/><!-- ⲉⲧⲃⲉ -->
<mark id="orig_group_253" xlink:href="#xpointer(id('tok_253')/range-to(id('tok_254')))"/><!-- ⲛ...ⲁⲅⲅⲉⲗⲟⲥ -->
<mark id="orig_group_255" xlink:href="#tok_255"/><!-- . -->
<mark id="orig_group_256" xlink:href="#tok_256"/><!-- ⲡⲗⲏⲛ -->
<mark id="orig_group_257" xlink:href="#tok_257"/><!-- ⲙⲛ -->
<mark id="orig_group_258" xlink:href="#tok_258"/><!-- ⲥϩⲓⲙⲉ -->
<mark id="orig_group_259" xlink:href="#tok_259"/><!-- ⲁϫⲛ -->
<mark id="orig_group_260" xlink:href="#tok_260"/><!-- ϩⲟⲟⲩⲧ -->
<mark id="orig_group_261" xlink:href="#tok_261"/><!-- ⲟⲩⲇⲉ -->
<mark id="orig_group_262" xlink:href="#tok_262"/><!-- ϩⲟⲟⲩⲧ -->
<mark id="orig_group_263" xlink:href="#xpointer(id('tok_263')/range-to(id('tok_265')))"/><!-- ⲛ...ⲉϣ -->
<mark id="orig_group_266" xlink:href="#xpointer(id('tok_266')/range-to(id('tok_267')))"/><!-- ⲛ...ⲥϩⲓⲙⲉ -->
<mark id="orig_group_268" xlink:href="#tok_268"/><!-- ϩⲙ -->
<mark id="orig_group_269" xlink:href="#xpointer(id('tok_269')/range-to(id('tok_270')))"/><!-- ⲡ...ϫⲟⲉⲓⲥ -->
<mark id="orig_group_271" xlink:href="#tok_271"/><!-- . -->
<mark id="orig_group_272" xlink:href="#xpointer(id('tok_272')/range-to(id('tok_274')))"/><!-- ⲛ...ϩⲉ -->
<mark id="orig_group_275" xlink:href="#tok_275"/><!-- ⲅⲁⲣ -->
<mark id="orig_group_276" xlink:href="#xpointer(id('tok_276')/range-to(id('tok_278')))"/><!-- ⲛ...ⲥϩⲓⲙⲉ -->
<mark id="orig_group_279" xlink:href="#xpointer(id('tok_279')/range-to(id('tok_280')))"/><!-- ⲉⲩⲉ...ⲃⲟⲗ -->
<mark id="orig_group_281" xlink:href="#tok_281"/><!-- ϩⲙ -->
<mark id="orig_group_282" xlink:href="#xpointer(id('tok_282')/range-to(id('tok_283')))"/><!-- ⲡ...ϩⲟⲟⲩⲧ -->
<mark id="orig_group_284" xlink:href="#tok_284"/><!-- ⲧⲉ -->
<mark id="orig_group_285" xlink:href="#tok_285"/><!-- . -->
<mark id="orig_group_286" xlink:href="#tok_286"/><!-- ⲧⲁⲓ -->
<mark id="orig_group_287" xlink:href="#tok_287"/><!-- ⲧⲉ -->
<mark id="orig_group_288" xlink:href="#xpointer(id('tok_288')/range-to(id('tok_289')))"/><!-- ⲧ...ϩⲉ -->
<mark id="orig_group_290" xlink:href="#xpointer(id('tok_290')/range-to(id('tok_292')))"/><!-- ⲙ...ϩⲟⲟⲩⲧ -->
<mark id="orig_group_293" xlink:href="#xpointer(id('tok_293')/range-to(id('tok_294')))"/><!-- ⲉⲩⲉ...ⲃⲟⲗ -->
<mark id="orig_group_295" xlink:href="#tok_295"/><!-- ϩⲛ -->
<mark id="orig_group_296" xlink:href="#xpointer(id('tok_296')/range-to(id('tok_297')))"/><!-- ⲧⲉ...ⲥϩⲓⲙⲉ -->
<mark id="orig_group_298" xlink:href="#tok_298"/><!-- ⲡⲉ -->
<mark id="orig_group_299" xlink:href="#tok_299"/><!-- . -->
<mark id="orig_group_300" xlink:href="#xpointer(id('tok_300')/range-to(id('tok_301')))"/><!-- ⲡ...ⲧⲏⲣϥ -->
<mark id="orig_group_302" xlink:href="#tok_302"/><!-- ⲇⲉ -->
<mark id="orig_group_303" xlink:href="#tok_303"/><!-- ϩⲉⲛⲉⲃⲟⲗ -->
<mark id="orig_group_304" xlink:href="#tok_304"/><!-- ϩⲙ -->
<mark id="orig_group_305" xlink:href="#xpointer(id('tok_305')/range-to(id('tok_306')))"/><!-- ⲡ...ⲛⲟⲩⲧⲉ -->
<mark id="orig_group_307" xlink:href="#tok_307"/><!-- ⲛⲉ -->
<mark id="orig_group_308" xlink:href="#tok_308"/><!-- . -->
<mark id="orig_group_309" xlink:href="#tok_309"/><!-- ⲕⲣⲓⲛⲉ -->
<mark id="orig_group_310" xlink:href="#tok_310"/><!-- ⲛⲧⲱⲧⲛ -->
<mark id="orig_group_311" xlink:href="#tok_311"/><!-- ⲛϩⲏ -->
<mark id="orig_group_312" xlink:href="#tok_312"/><!-- ⲧⲧⲏⲩⲧⲛ -->
<mark id="orig_group_313" xlink:href="#tok_313"/><!-- . -->
<mark id="orig_group_314" xlink:href="#tok_314"/><!-- ϣϣⲉ -->
<mark id="orig_group_315" xlink:href="#xpointer(id('tok_315')/range-to(id('tok_317')))"/><!-- ⲉ...ⲥϩⲓⲙⲉ -->
<mark id="orig_group_318" xlink:href="#xpointer(id('tok_318')/range-to(id('tok_319')))"/><!-- ⲉ...ϣⲗⲏⲗ -->
<mark id="orig_group_320" xlink:href="#xpointer(id('tok_320')/range-to(id('tok_322')))"/><!-- ⲉ...ⲛⲟⲩⲧⲉ -->
<mark id="orig_group_323" xlink:href="#tok_323"/><!-- ⲉⲣⲉ -->
<mark id="orig_group_324" xlink:href="#xpointer(id('tok_324')/range-to(id('tok_325')))"/><!-- ϫⲱ...ⲥ -->
<mark id="orig_group_326" xlink:href="#tok_326"/><!-- ϭⲟⲗⲡ -->
<mark id="orig_group_327" xlink:href="#tok_327"/><!-- ⲉⲃⲟⲗ -->
<mark id="orig_group_328" xlink:href="#tok_328"/><!-- . -->
<mark id="orig_group_329" xlink:href="#tok_329"/><!-- ⲉⲓⲉ -->
<mark id="orig_group_330" xlink:href="#tok_330"/><!-- ⲛⲧⲉⲉⲓⲕⲉⲫⲩⲥⲓⲥ -->
<mark id="orig_group_331" xlink:href="#xpointer(id('tok_331')/range-to(id('tok_333')))"/><!-- ⲛⲁ...ⲥⲁⲃⲉ -->
<mark id="orig_group_334" xlink:href="#tok_334"/><!-- ⲧⲏⲩⲧⲛ -->
<mark id="orig_group_335" xlink:href="#tok_335"/><!-- ⲁⲛ -->
<mark id="orig_group_336" xlink:href="#tok_336"/><!-- . -->
<mark id="orig_group_337" xlink:href="#tok_337"/><!-- ϫⲉ -->
<mark id="orig_group_338" xlink:href="#xpointer(id('tok_338')/range-to(id('tok_339')))"/><!-- ⲟⲩ...ⲣⲱⲙⲉ -->
<mark id="orig_group_340" xlink:href="#tok_340"/><!-- ⲙⲉⲛ -->
<mark id="orig_group_341" xlink:href="#xpointer(id('tok_341')/range-to(id('tok_342')))"/><!-- ⲉϥϣⲁⲛ...ⲟⲩⲉϩ -->
<mark id="orig_group_343" xlink:href="#tok_343"/><!-- ϥⲱ -->
<mark id="orig_group_344" xlink:href="#tok_344"/><!-- ⲟⲩⲥⲱϣ -->
<mark id="orig_group_345" xlink:href="#xpointer(id('tok_345')/range-to(id('tok_346')))"/><!-- ⲛⲁ...ϥ -->
<mark id="orig_group_347" xlink:href="#tok_347"/><!-- ⲡⲉ -->
<mark id="orig_group_348" xlink:href="#xpointer(id('tok_348')/range-to(id('tok_349')))"/><!-- ⲟⲩ...ⲥϩⲓⲙⲉ -->
<mark id="orig_group_350" xlink:href="#tok_350"/><!-- ⲇⲉ -->
<mark id="orig_group_351" xlink:href="#xpointer(id('tok_351')/range-to(id('tok_352')))"/><!-- ⲉⲥϣⲁⲛ...ⲟⲩⲉϩ -->
<mark id="orig_group_353" xlink:href="#tok_353"/><!-- ϥⲱ -->
<mark id="orig_group_354" xlink:href="#xpointer(id('tok_354')/range-to(id('tok_355')))"/><!-- ⲟⲩ...ⲉⲟⲟⲩ -->
<mark id="orig_group_356" xlink:href="#xpointer(id('tok_356')/range-to(id('tok_357')))"/><!-- ⲛⲁ...ⲥ -->
<mark id="orig_group_358" xlink:href="#tok_358"/><!-- ⲡⲉ -->
<mark id="orig_group_359" xlink:href="#tok_359"/><!-- . -->
<mark id="orig_group_360" xlink:href="#tok_360"/><!-- ϫⲉ -->
<mark id="orig_group_361" xlink:href="#xpointer(id('tok_361')/range-to(id('tok_362')))"/><!-- ⲡ...ϥⲱ -->
<mark id="orig_group_363" xlink:href="#xpointer(id('tok_363')/range-to(id('tok_367')))"/><!-- ⲉⲛⲧ...ϥ -->
<mark id="orig_group_368" xlink:href="#xpointer(id('tok_368')/range-to(id('tok_369')))"/><!-- ⲛⲁ...ⲥ -->
<mark id="orig_group_370" xlink:href="#xpointer(id('tok_370')/range-to(id('tok_372')))"/><!-- ⲉ...ⲙⲁ -->
<mark id="orig_group_373" xlink:href="#tok_373"/><!-- ⲛⲟⲩⲣϣⲱⲛ -->
<mark id="orig_group_374" xlink:href="#tok_374"/><!-- . -->
<mark id="orig_group_375" xlink:href="#tok_375"/><!-- ⲉϣϫⲉ -->
<mark id="orig_group_376" xlink:href="#tok_376"/><!-- ⲟⲩⲛ -->
<mark id="orig_group_377" xlink:href="#tok_377"/><!-- ⲟⲩⲁ -->
<mark id="orig_group_378" xlink:href="#tok_378"/><!-- ⲇⲉ -->
<mark id="orig_group_379" xlink:href="#xpointer(id('tok_379')/range-to(id('tok_381')))"/><!-- ⲉ...ⲙⲁⲓ -->
<mark id="orig_group_382" xlink:href="#tok_382"/><!-- ϯⲧⲱⲛ -->
<mark id="orig_group_383" xlink:href="#tok_383"/><!-- ⲡⲉ -->
<mark id="orig_group_384" xlink:href="#tok_384"/><!-- ⲁⲛⲟⲛ -->
<mark id="orig_group_385" xlink:href="#tok_385"/><!-- ⲙⲛ -->
<mark id="orig_group_386" xlink:href="#tok_386"/><!-- ⲧⲁⲛ -->
<mark id="orig_group_387" xlink:href="#tok_387"/><!-- ⲥⲩⲛⲓⲑⲓⲁ -->
<mark id="orig_group_388" xlink:href="#tok_388"/><!-- ⲙⲙⲁⲩ -->
<mark id="orig_group_389" xlink:href="#xpointer(id('tok_389')/range-to(id('tok_391')))"/><!-- ⲛ...ⲙⲓⲛⲉ -->
<mark id="orig_group_392" xlink:href="#tok_392"/><!-- ⲟⲩⲇⲉ -->
<mark id="orig_group_393" xlink:href="#xpointer(id('tok_393')/range-to(id('tok_394')))"/><!-- ⲛ...ⲉⲕⲕⲗⲏⲥⲓⲁ -->
<mark id="orig_group_395" xlink:href="#xpointer(id('tok_395')/range-to(id('tok_397')))"/><!-- ⲙ...ⲛⲟⲩⲧⲉ -->
<mark id="orig_group_398" xlink:href="#tok_398"/><!-- . -->
<mark id="orig_group_399" xlink:href="#tok_399"/><!-- ⲡⲁⲓ -->
<mark id="orig_group_400" xlink:href="#tok_400"/><!-- ⲇⲉ -->
<mark id="orig_group_401" xlink:href="#xpointer(id('tok_401')/range-to(id('tok_402')))"/><!-- ϯ...ⲡⲁⲣⲁⲅⲅⲉⲓⲗⲉ -->
<mark id="orig_group_403" xlink:href="#xpointer(id('tok_403')/range-to(id('tok_404')))"/><!-- ⲙⲙⲟ...ϥ -->
<mark id="orig_group_405" xlink:href="#xpointer(id('tok_405')/range-to(id('tok_407')))"/><!-- ⲉ...ⲉⲡⲁⲓⲛⲟⲩ -->
<mark id="orig_group_408" xlink:href="#tok_408"/><!-- ⲁⲛ -->
<mark id="orig_group_409" xlink:href="#tok_409"/><!-- ϫⲉ -->
<mark id="orig_group_410" xlink:href="#xpointer(id('tok_410')/range-to(id('tok_412')))"/><!-- ⲉ...ⲥⲱⲟⲩϩ -->
<mark id="orig_group_413" xlink:href="#tok_413"/><!-- ⲁⲛ -->
<mark id="orig_group_414" xlink:href="#xpointer(id('tok_414')/range-to(id('tok_416')))"/><!-- ⲉ...ϫⲓⲥⲉ -->
<mark id="orig_group_417" xlink:href="#tok_417"/><!-- . -->
<mark id="orig_group_418" xlink:href="#tok_418"/><!-- ⲁⲗⲗⲁ -->
<mark id="orig_group_419" xlink:href="#tok_419"/><!-- ⲉⲩϩⲃⲃⲉ -->
<mark id="orig_group_420" xlink:href="#tok_420"/><!-- . -->
<mark id="orig_group_421" xlink:href="#tok_421"/><!-- ϣⲟⲣⲡ -->
<mark id="orig_group_422" xlink:href="#tok_422"/><!-- ⲙⲉⲛ -->
<mark id="orig_group_423" xlink:href="#tok_423"/><!-- ⲅⲁⲣ -->
<mark id="orig_group_424" xlink:href="#xpointer(id('tok_424')/range-to(id('tok_426')))"/><!-- ⲉ...ⲥⲱⲟⲩϩ -->
<mark id="orig_group_427" xlink:href="#tok_427"/><!-- ⲉϩⲟⲩⲛ -->
<mark id="orig_group_428" xlink:href="#tok_428"/><!-- ϩⲛ -->
<mark id="orig_group_429" xlink:href="#xpointer(id('tok_429')/range-to(id('tok_430')))"/><!-- ⲧ...ⲉⲕⲕⲗⲏⲥⲓⲁ -->
<mark id="orig_group_431" xlink:href="#tok_431"/><!-- . -->
<mark id="orig_group_432" xlink:href="#xpointer(id('tok_432')/range-to(id('tok_433')))"/><!-- ϯ...ⲥⲱⲧⲙ -->
<mark id="orig_group_434" xlink:href="#tok_434"/><!-- ϫⲉ -->
<mark id="orig_group_435" xlink:href="#tok_435"/><!-- ⲟⲩⲛ -->
<mark id="orig_group_436" xlink:href="#tok_436"/><!-- ϩⲉⲛⲡⲱⲣϫ -->
<mark id="orig_group_437" xlink:href="#tok_437"/><!-- ⲛϩⲏⲧ -->
<mark id="orig_group_438" xlink:href="#tok_438"/><!-- ⲧⲏⲩⲧⲛ -->
<mark id="orig_group_439" xlink:href="#tok_439"/><!-- . -->
<mark id="orig_group_440" xlink:href="#tok_440"/><!-- ⲁⲩⲱ -->
<mark id="orig_group_441" xlink:href="#xpointer(id('tok_441')/range-to(id('tok_442')))"/><!-- ϯ...ⲡⲓⲥⲧⲉⲩⲉ -->
<mark id="orig_group_443" xlink:href="#tok_443"/><!-- ϩⲛ -->
<mark id="orig_group_444" xlink:href="#xpointer(id('tok_444')/range-to(id('tok_445')))"/><!-- ⲟⲩ...ⲙⲉⲣⲟⲥ -->
<mark id="orig_group_446" xlink:href="#tok_446"/><!-- . -->
<mark id="orig_group_447" xlink:href="#tok_447"/><!-- ϩⲁⲡⲥ -->
<mark id="orig_group_448" xlink:href="#tok_448"/><!-- ⲅⲁⲣ -->
<mark id="orig_group_449" xlink:href="#xpointer(id('tok_449')/range-to(id('tok_450')))"/><!-- ⲉⲧ...ⲣⲉ -->
<mark id="orig_group_451" xlink:href="#xpointer(id('tok_451')/range-to(id('tok_452')))"/><!-- ϩⲉⲛ...ϩⲁⲓⲣⲉⲥⲓⲥ -->
<mark id="orig_group_453" xlink:href="#tok_453"/><!-- ϣⲱⲡⲉ -->
<mark id="orig_group_454" xlink:href="#tok_454"/><!-- ⲛϩⲏⲧ -->
<mark id="orig_group_455" xlink:href="#tok_455"/><!-- ⲧⲏⲩⲧⲛ -->
<mark id="orig_group_456" xlink:href="#tok_456"/><!-- . -->
<mark id="orig_group_457" xlink:href="#tok_457"/><!-- ϫⲉⲕⲁⲁⲥ -->
<mark id="orig_group_458" xlink:href="#tok_458"/><!-- ⲟⲛ -->
<mark id="orig_group_459" xlink:href="#tok_459"/><!-- ⲉⲣⲉ -->
<mark id="orig_group_460" xlink:href="#tok_460"/><!-- ⲛⲕⲉⲥⲱⲧⲡ -->
<mark id="orig_group_461" xlink:href="#tok_461"/><!-- ⲟⲩⲱⲛϩ -->
<mark id="orig_group_462" xlink:href="#tok_462"/><!-- ⲉⲃⲟⲗ -->
<mark id="orig_group_463" xlink:href="#tok_463"/><!-- ⲛϩⲏⲧ -->
<mark id="orig_group_464" xlink:href="#tok_464"/><!-- ⲧⲏⲩⲧⲛ -->
<mark id="orig_group_465" xlink:href="#tok_465"/><!-- . -->
<mark id="orig_group_466" xlink:href="#xpointer(id('tok_466')/range-to(id('tok_468')))"/><!-- ⲉ...ⲥⲱⲟⲩϩ -->
<mark id="orig_group_469" xlink:href="#tok_469"/><!-- ϭⲉ -->
<mark id="orig_group_470" xlink:href="#tok_470"/><!-- ⲉϩⲟⲩⲛ -->
<mark id="orig_group_471" xlink:href="#xpointer(id('tok_471')/range-to(id('tok_473')))"/><!-- ⲛ...ⲉⲣⲏⲩ -->
<mark id="orig_group_474" xlink:href="#tok_474"/><!-- ⲛⲟⲩⲕⲩⲣⲓⲁⲕⲟⲛ -->
<mark id="orig_group_475" xlink:href="#tok_475"/><!-- ⲁⲛ -->
<mark id="orig_group_476" xlink:href="#tok_476"/><!-- ⲡⲉ -->
<mark id="orig_group_477" xlink:href="#tok_477"/><!-- ⲛⲇⲓⲡⲛⲟⲛ -->
<mark id="orig_group_478" xlink:href="#xpointer(id('tok_478')/range-to(id('tok_480')))"/><!-- ⲉ...ϥ -->
<mark id="orig_group_481" xlink:href="#tok_481"/><!-- . -->
<mark id="orig_group_482" xlink:href="#xpointer(id('tok_482')/range-to(id('tok_483')))"/><!-- ⲡ...ⲟⲩⲁ -->
<mark id="orig_group_484" xlink:href="#tok_484"/><!-- ⲅⲁⲣ -->
<mark id="orig_group_485" xlink:href="#xpointer(id('tok_485')/range-to(id('tok_486')))"/><!-- ⲡ...ⲟⲩⲁ -->
<mark id="orig_group_487" xlink:href="#tok_487"/><!-- ⲣϣⲟⲣⲡ -->
<mark id="orig_group_488" xlink:href="#xpointer(id('tok_488')/range-to(id('tok_489')))"/><!-- ⲉ...ⲟⲩⲱⲙ -->
<mark id="orig_group_490" xlink:href="#tok_490"/><!-- ⲙⲡⲉϥⲇⲓⲡⲛⲟⲛ -->
<mark id="orig_group_491" xlink:href="#tok_491"/><!-- . -->
<mark id="orig_group_492" xlink:href="#tok_492"/><!-- ⲁⲩⲱ -->
<mark id="orig_group_493" xlink:href="#tok_493"/><!-- ⲟⲩⲛ -->
<mark id="orig_group_494" xlink:href="#tok_494"/><!-- ⲟⲩⲁ -->
<mark id="orig_group_495" xlink:href="#tok_495"/><!-- ⲙⲉⲛ -->
<mark id="orig_group_496" xlink:href="#tok_496"/><!-- ϩⲕⲁⲉⲓⲧ -->
<mark id="orig_group_497" xlink:href="#tok_497"/><!-- ⲟⲩⲛ -->
<mark id="orig_group_498" xlink:href="#tok_498"/><!-- ⲟⲩⲁ -->
<mark id="orig_group_499" xlink:href="#tok_499"/><!-- ⲇⲉ -->
<mark id="orig_group_500" xlink:href="#xpointer(id('tok_500')/range-to(id('tok_501')))"/><!-- ⲧⲁ...ϩⲉ -->
<mark id="orig_group_502" xlink:href="#tok_502"/><!-- . -->
<mark id="orig_group_503" xlink:href="#tok_503"/><!-- ⲙⲏ -->
<mark id="orig_group_504" xlink:href="#tok_504"/><!-- ⲉⲧⲉⲙⲛⲧⲏⲧⲛ -->
<mark id="orig_group_505" xlink:href="#tok_505"/><!-- ⲏⲉⲓ -->
<mark id="orig_group_506" xlink:href="#tok_506"/><!-- ⲙⲙⲁⲩ -->
<mark id="orig_group_507" xlink:href="#xpointer(id('tok_507')/range-to(id('tok_508')))"/><!-- ⲉ...ⲟⲩⲱⲙ -->
<mark id="orig_group_509" xlink:href="#tok_509"/><!-- ⲁⲩⲱ -->
<mark id="orig_group_510" xlink:href="#xpointer(id('tok_510')/range-to(id('tok_511')))"/><!-- ⲉ...ⲥⲱ -->
<mark id="orig_group_512" xlink:href="#tok_512"/><!-- ϫⲛ -->
<mark id="orig_group_513" xlink:href="#tok_513"/><!-- ⲙⲙⲟⲛ -->
<mark id="orig_group_514" xlink:href="#tok_514"/><!-- ⲉⲧⲉⲧⲛⲕⲁⲧⲁⲫⲣⲟⲛⲓ -->
<mark id="orig_group_515" xlink:href="#xpointer(id('tok_515')/range-to(id('tok_517')))"/><!-- ⲛ...ⲉⲕⲕⲗⲏⲥⲓⲁ -->
<mark id="orig_group_518" xlink:href="#xpointer(id('tok_518')/range-to(id('tok_520')))"/><!-- ⲙ...ⲛⲟⲩⲧⲉ -->
<mark id="orig_group_521" xlink:href="#tok_521"/><!-- ⲁⲩⲱ -->
<mark id="orig_group_522" xlink:href="#xpointer(id('tok_522')/range-to(id('tok_524')))"/><!-- ⲉ...ϯϣⲓⲡⲉ -->
<mark id="orig_group_525" xlink:href="#tok_525"/><!-- ⲛⲛⲉⲧⲉⲙⲛⲧⲁⲩ -->
<mark id="orig_group_526" xlink:href="#tok_526"/><!-- ⲧⲁϫⲟⲟⲥ -->
<mark id="orig_group_527" xlink:href="#xpointer(id('tok_527')/range-to(id('tok_528')))"/><!-- ⲛⲏ...ⲧⲛ -->
<mark id="orig_group_529" xlink:href="#tok_529"/><!-- ϫⲉ -->
<mark id="orig_group_530" xlink:href="#tok_530"/><!-- ⲟⲩ -->
<mark id="orig_group_531" xlink:href="#tok_531"/><!-- ⲧⲁⲉⲡⲁⲓⲛⲟⲩ -->
<mark id="orig_group_532" xlink:href="#xpointer(id('tok_532')/range-to(id('tok_533')))"/><!-- ⲙⲙⲱ...ⲧⲛ -->
<mark id="orig_group_534" xlink:href="#tok_534"/><!-- ϩⲙ -->
<mark id="orig_group_535" xlink:href="#tok_535"/><!-- ⲡⲁⲓ -->
<mark id="orig_group_536" xlink:href="#tok_536"/><!-- ⲛϯⲉⲡⲁⲓⲛⲟⲩ -->
<mark id="orig_group_537" xlink:href="#tok_537"/><!-- ⲁⲛ -->
<mark id="orig_group_538" xlink:href="#tok_538"/><!-- . -->
<mark id="orig_group_539" xlink:href="#tok_539"/><!-- ⲁⲛⲟⲕ -->
<mark id="orig_group_540" xlink:href="#tok_540"/><!-- ⲅⲁⲣ -->
<mark id="orig_group_541" xlink:href="#xpointer(id('tok_541')/range-to(id('tok_543')))"/><!-- ⲁ...ϫⲓ -->
<mark id="orig_group_544" xlink:href="#tok_544"/><!-- ⲉⲃⲟⲗ -->
<mark id="orig_group_545" xlink:href="#tok_545"/><!-- ϩⲓⲧⲙ -->
<mark id="orig_group_546" xlink:href="#xpointer(id('tok_546')/range-to(id('tok_547')))"/><!-- ⲡ...ϫⲟⲉⲓⲥ -->
<mark id="orig_group_548" xlink:href="#tok_548"/><!-- ⲙⲡⲉⲛⲧⲁⲓⲧⲁⲁϥ -->
<mark id="orig_group_549" xlink:href="#xpointer(id('tok_549')/range-to(id('tok_550')))"/><!-- ⲛⲏ...ⲧⲛ -->
<mark id="orig_group_551" xlink:href="#tok_551"/><!-- . -->
<mark id="orig_group_552" xlink:href="#tok_552"/><!-- ϫⲉ -->
<mark id="orig_group_553" xlink:href="#xpointer(id('tok_553')/range-to(id('tok_554')))"/><!-- ⲡ...ϫⲟⲉⲓⲥ -->
<mark id="orig_group_555" xlink:href="#tok_555"/><!-- ⲓⲏⲥⲟⲩⲥ -->
<mark id="orig_group_556" xlink:href="#tok_556"/><!-- ϩⲛ -->
<mark id="orig_group_557" xlink:href="#xpointer(id('tok_557')/range-to(id('tok_558')))"/><!-- ⲧⲉ...ⲩϣⲏ -->
<mark id="orig_group_559" xlink:href="#xpointer(id('tok_559')/range-to(id('tok_563')))"/><!-- ⲉⲧ...ϥ -->
<mark id="orig_group_564" xlink:href="#xpointer(id('tok_564')/range-to(id('tok_565')))"/><!-- ⲛϩⲏⲧ...ⲥ -->
<mark id="orig_group_566" xlink:href="#tok_566"/><!-- . -->
<mark id="orig_group_567" xlink:href="#xpointer(id('tok_567')/range-to(id('tok_569')))"/><!-- ⲁ...ϫⲓ -->
<mark id="orig_group_570" xlink:href="#xpointer(id('tok_570')/range-to(id('tok_572')))"/><!-- ⲛ...ⲟⲉⲓⲕ -->
<mark id="orig_group_573" xlink:href="#xpointer(id('tok_573')/range-to(id('tok_575')))"/><!-- ⲁ...ⲥⲙⲟⲩ -->
<mark id="orig_group_576" xlink:href="#xpointer(id('tok_576')/range-to(id('tok_577')))"/><!-- ⲉⲣⲟ...ϥ -->
<mark id="orig_group_578" xlink:href="#tok_578"/><!-- . -->
<mark id="orig_group_579" xlink:href="#tok_579"/><!-- ⲁϥⲡⲟϣϥ -->
<mark id="orig_group_580" xlink:href="#xpointer(id('tok_580')/range-to(id('tok_581')))"/><!-- ⲡⲉϫⲁ...ϥ -->
<mark id="orig_group_582" xlink:href="#tok_582"/><!-- ϫⲉ -->
<mark id="orig_group_583" xlink:href="#tok_583"/><!-- ⲡⲁⲓ -->
<mark id="orig_group_584" xlink:href="#tok_584"/><!-- ⲡⲉ -->
<mark id="orig_group_585" xlink:href="#xpointer(id('tok_585')/range-to(id('tok_586')))"/><!-- ⲡⲁ...ⲥⲱⲙⲁ -->
<mark id="orig_group_587" xlink:href="#xpointer(id('tok_587')/range-to(id('tok_591')))"/><!-- ⲉⲧ...ϥ -->
<mark id="orig_group_592" xlink:href="#xpointer(id('tok_592')/range-to(id('tok_593')))"/><!-- ϩⲁⲣⲱ...ⲧⲛ -->
<mark id="orig_group_594" xlink:href="#tok_594"/><!-- ⲁⲣⲓⲡⲁⲓ -->
<mark id="orig_group_595" xlink:href="#xpointer(id('tok_595')/range-to(id('tok_598')))"/><!-- ⲉ...ⲙⲉⲉⲩⲉ -->
<mark id="orig_group_599" xlink:href="#tok_599"/><!-- . -->
<mark id="orig_group_600" xlink:href="#tok_600"/><!-- ⲁⲩⲱ -->
<mark id="orig_group_601" xlink:href="#xpointer(id('tok_601')/range-to(id('tok_602')))"/><!-- ⲟⲩ...ⲁⲡⲟⲧ -->
<mark id="orig_group_603" xlink:href="#tok_603"/><!-- ⲟⲛ -->
<mark id="orig_group_604" xlink:href="#xpointer(id('tok_604')/range-to(id('tok_606')))"/><!-- ⲛ...ϩⲉ -->
<mark id="orig_group_607" xlink:href="#tok_607"/><!-- ⲙⲛⲛⲥⲁ -->
<mark id="orig_group_608" xlink:href="#xpointer(id('tok_608')/range-to(id('tok_610')))"/><!-- ⲧⲣⲉ...ⲟⲩⲱⲙ -->
<mark id="orig_group_611" xlink:href="#xpointer(id('tok_611')/range-to(id('tok_613')))"/><!-- ⲉ...ϫⲱ -->
<mark id="orig_group_614" xlink:href="#xpointer(id('tok_614')/range-to(id('tok_615')))"/><!-- ⲙⲙⲟ...ⲥ -->
<mark id="orig_group_616" xlink:href="#tok_616"/><!-- ϫⲉ -->
<mark id="orig_group_617" xlink:href="#xpointer(id('tok_617')/range-to(id('tok_618')))"/><!-- ⲡⲉⲓ...ⲁⲡⲟⲧ -->
<mark id="orig_group_619" xlink:href="#tok_619"/><!-- ⲡⲉ -->
<mark id="orig_group_620" xlink:href="#xpointer(id('tok_620')/range-to(id('tok_621')))"/><!-- ⲧ...ⲇⲓⲁⲑⲏⲕⲏ -->
<mark id="orig_group_622" xlink:href="#xpointer(id('tok_622')/range-to(id('tok_623')))"/><!-- ⲛ...ⲃⲣⲣⲉ -->
<mark id="orig_group_624" xlink:href="#tok_624"/><!-- ϩⲙ -->
<mark id="orig_group_625" xlink:href="#xpointer(id('tok_625')/range-to(id('tok_626')))"/><!-- ⲡⲁ...ⲥⲛⲟϥ -->
<mark id="orig_group_627" xlink:href="#tok_627"/><!-- . -->
<mark id="orig_group_628" xlink:href="#tok_628"/><!-- ⲁⲣⲓⲡⲁⲓ -->
<mark id="orig_group_629" xlink:href="#tok_629"/><!-- ⲛⲧⲁⲡⲥ -->
<mark id="orig_group_630" xlink:href="#xpointer(id('tok_630')/range-to(id('tok_631')))"/><!-- ⲛ...ⲥⲟⲡ -->
<mark id="orig_group_632" xlink:href="#xpointer(id('tok_632')/range-to(id('tok_636')))"/><!-- ⲉ...ⲥⲱ -->
<mark id="orig_group_637" xlink:href="#tok_637"/><!-- ⲉⲡⲁⲣⲡⲙⲉⲉⲩⲉ -->
<mark id="orig_group_638" xlink:href="#tok_638"/><!-- . -->
<mark id="orig_group_639" xlink:href="#tok_639"/><!-- ⲥⲟⲡ -->
<mark id="orig_group_640" xlink:href="#tok_640"/><!-- ⲅⲁⲣ -->
<mark id="orig_group_641" xlink:href="#tok_641"/><!-- ⲛⲓⲙ -->
<mark id="orig_group_642" xlink:href="#xpointer(id('tok_642')/range-to(id('tok_646')))"/><!-- ⲉ...ⲟⲩⲱⲙ -->
<mark id="orig_group_647" xlink:href="#xpointer(id('tok_647')/range-to(id('tok_649')))"/><!-- ⲙ...ⲟⲉⲓⲕ -->
<mark id="orig_group_650" xlink:href="#tok_650"/><!-- ⲛⲧⲉⲧⲛ -->
<mark id="orig_group_651" xlink:href="#tok_651"/><!-- ⲥⲱ -->
<mark id="orig_group_652" xlink:href="#xpointer(id('tok_652')/range-to(id('tok_654')))"/><!-- ⲙ...ⲁⲡⲟⲧ -->
<mark id="orig_group_655" xlink:href="#xpointer(id('tok_655')/range-to(id('tok_657')))"/><!-- ⲉ...ⲧⲁϣⲉⲟⲉⲓϣ -->
<mark id="orig_group_658" xlink:href="#xpointer(id('tok_658')/range-to(id('tok_660')))"/><!-- ⲙ...ⲙⲟⲩ -->
<mark id="orig_group_661" xlink:href="#xpointer(id('tok_661')/range-to(id('tok_663')))"/><!-- ⲙ...ϫⲟⲉⲓⲥ -->
<mark id="orig_group_664" xlink:href="#xpointer(id('tok_664')/range-to(id('tok_666')))"/><!-- ϣⲁⲛⲧ...ⲉⲓ -->
<mark id="orig_group_667" xlink:href="#tok_667"/><!-- . -->
<mark id="orig_group_668" xlink:href="#tok_668"/><!-- ϩⲱⲥⲧⲉ -->
<mark id="orig_group_669" xlink:href="#xpointer(id('tok_669')/range-to(id('tok_672')))"/><!-- ⲡ...ⲟⲩⲱⲙ -->
<mark id="orig_group_673" xlink:href="#xpointer(id('tok_673')/range-to(id('tok_675')))"/><!-- ⲙ...ⲟⲉⲓⲕ -->
<mark id="orig_group_676" xlink:href="#xpointer(id('tok_676')/range-to(id('tok_678')))"/><!-- ⲛ...ⲥⲱ -->
<mark id="orig_group_679" xlink:href="#xpointer(id('tok_679')/range-to(id('tok_681')))"/><!-- ⲙ...ⲁⲡⲟⲧ -->
<mark id="orig_group_682" xlink:href="#xpointer(id('tok_682')/range-to(id('tok_684')))"/><!-- ⲙ...ϫⲟⲉⲓⲥ -->
<mark id="orig_group_685" xlink:href="#tok_685"/><!-- ⲉⲛϥⲙⲡϣⲁ -->
<mark id="orig_group_686" xlink:href="#tok_686"/><!-- ⲁⲛ -->
<mark id="orig_group_687" xlink:href="#tok_687"/><!-- . -->
<mark id="orig_group_688" xlink:href="#xpointer(id('tok_688')/range-to(id('tok_690')))"/><!-- ϥ...ϣⲱⲡⲉ -->
<mark id="orig_group_691" xlink:href="#xpointer(id('tok_691')/range-to(id('tok_692')))"/><!-- ⲛ...ⲉⲛⲟⲭⲟⲥ -->
<mark id="orig_group_693" xlink:href="#xpointer(id('tok_693')/range-to(id('tok_695')))"/><!-- ⲉ...ⲥⲱⲙⲁ -->
<mark id="orig_group_696" xlink:href="#tok_696"/><!-- ⲙⲛ -->
<mark id="orig_group_697" xlink:href="#xpointer(id('tok_697')/range-to(id('tok_698')))"/><!-- ⲡⲉ...ⲥⲛⲟϥ -->
<mark id="orig_group_699" xlink:href="#xpointer(id('tok_699')/range-to(id('tok_701')))"/><!-- ⲙ...ϫⲟⲉⲓⲥ -->
<mark id="orig_group_702" xlink:href="#tok_702"/><!-- . -->
<mark id="orig_group_703" xlink:href="#tok_703"/><!-- ⲙⲁⲣⲉ -->
<mark id="orig_group_704" xlink:href="#xpointer(id('tok_704')/range-to(id('tok_705')))"/><!-- ⲡ...ⲣⲱⲙⲉ -->
<mark id="orig_group_706" xlink:href="#tok_706"/><!-- ⲇⲉ -->
<mark id="orig_group_707" xlink:href="#tok_707"/><!-- ⲇⲟⲕⲓⲙⲁⲍⲉ -->
<mark id="orig_group_708" xlink:href="#xpointer(id('tok_708')/range-to(id('tok_709')))"/><!-- ⲙⲙⲟ...ϥ -->
<mark id="orig_group_710" xlink:href="#tok_710"/><!-- ⲁⲩⲱ -->
<mark id="orig_group_711" xlink:href="#tok_711"/><!-- ⲧⲁⲓ -->
<mark id="orig_group_712" xlink:href="#tok_712"/><!-- ⲧⲉ -->
<mark id="orig_group_713" xlink:href="#xpointer(id('tok_713')/range-to(id('tok_714')))"/><!-- ⲧ...ϩⲉ -->
<mark id="orig_group_715" xlink:href="#xpointer(id('tok_715')/range-to(id('tok_717')))"/><!-- ⲙⲁⲣⲉ...ⲟⲩⲱⲙ -->
<mark id="orig_group_718" xlink:href="#tok_718"/><!-- ⲉⲃⲟⲗ -->
<mark id="orig_group_719" xlink:href="#tok_719"/><!-- ϩⲙ -->
<mark id="orig_group_720" xlink:href="#xpointer(id('tok_720')/range-to(id('tok_721')))"/><!-- ⲡ...ⲟⲉⲓⲕ -->
<mark id="orig_group_722" xlink:href="#tok_722"/><!-- . -->
<mark id="orig_group_723" xlink:href="#tok_723"/><!-- ⲁⲩⲱ -->
<mark id="orig_group_724" xlink:href="#xpointer(id('tok_724')/range-to(id('tok_726')))"/><!-- ⲛ...ⲥⲱ -->
<mark id="orig_group_727" xlink:href="#tok_727"/><!-- ⲉⲃⲟⲗ -->
<mark id="orig_group_728" xlink:href="#tok_728"/><!-- ϩⲙ -->
<mark id="orig_group_729" xlink:href="#xpointer(id('tok_729')/range-to(id('tok_730')))"/><!-- ⲡ...ⲁⲡⲟⲧ -->
<mark id="orig_group_731" xlink:href="#tok_731"/><!-- . -->
<mark id="orig_group_732" xlink:href="#xpointer(id('tok_732')/range-to(id('tok_734')))"/><!-- ⲡ...ⲟⲩⲱⲙ -->
<mark id="orig_group_735" xlink:href="#tok_735"/><!-- ⲅⲁⲣ -->
<mark id="orig_group_736" xlink:href="#tok_736"/><!-- ⲁⲩⲱ -->
<mark id="orig_group_737" xlink:href="#xpointer(id('tok_737')/range-to(id('tok_738')))"/><!-- ⲉⲧ...ⲥⲱ -->
<mark id="orig_group_739" xlink:href="#xpointer(id('tok_739')/range-to(id('tok_741')))"/><!-- ⲉ...ⲟⲩⲱⲙ -->
<mark id="orig_group_742" xlink:href="#tok_742"/><!-- ⲁⲩⲱ -->
<mark id="orig_group_743" xlink:href="#xpointer(id('tok_743')/range-to(id('tok_745')))"/><!-- ⲉ...ⲥⲱ -->
<mark id="orig_group_746" xlink:href="#xpointer(id('tok_746')/range-to(id('tok_747')))"/><!-- ⲛⲁ...ϥ -->
<mark id="orig_group_748" xlink:href="#xpointer(id('tok_748')/range-to(id('tok_750')))"/><!-- ⲛ...ⲕⲣⲓⲙⲁ -->
<mark id="orig_group_751" xlink:href="#tok_751"/><!-- ⲉⲛϥⲇⲓⲁⲕⲣⲓⲛⲉ -->
<mark id="orig_group_752" xlink:href="#tok_752"/><!-- ⲁⲛ -->
<mark id="orig_group_753" xlink:href="#xpointer(id('tok_753')/range-to(id('tok_755')))"/><!-- ⲙ...ⲥⲱⲙⲁ -->
<mark id="orig_group_756" xlink:href="#tok_756"/><!-- ⲉⲧⲃⲉ -->
<mark id="orig_group_757" xlink:href="#tok_757"/><!-- ⲡⲁⲓ -->
<mark id="orig_group_758" xlink:href="#tok_758"/><!-- ⲟⲩⲛ -->
<mark id="orig_group_759" xlink:href="#tok_759"/><!-- ϩⲁϩ -->
<mark id="orig_group_760" xlink:href="#tok_760"/><!-- ϣⲱⲛⲉ -->
<mark id="orig_group_761" xlink:href="#tok_761"/><!-- ⲛϩⲏⲧ -->
<mark id="orig_group_762" xlink:href="#tok_762"/><!-- ⲧⲏⲩⲧⲛ -->
<mark id="orig_group_763" xlink:href="#tok_763"/><!-- . -->
<mark id="orig_group_764" xlink:href="#tok_764"/><!-- ⲁⲩⲱ -->
<mark id="orig_group_765" xlink:href="#tok_765"/><!-- ⲥⲉⲗⲉϫⲗⲱϫ -->
<mark id="orig_group_766" xlink:href="#tok_766"/><!-- . -->
<mark id="orig_group_767" xlink:href="#tok_767"/><!-- ⲁⲩⲱ -->
<mark id="orig_group_768" xlink:href="#xpointer(id('tok_768')/range-to(id('tok_769')))"/><!-- ⲥ...ⲉⲛⲕⲟⲧⲕ -->
<mark id="orig_group_770" xlink:href="#tok_770"/><!-- ⲛϭⲓ -->
<mark id="orig_group_771" xlink:href="#xpointer(id('tok_771')/range-to(id('tok_772')))"/><!-- ⲟⲩ...ⲙⲏⲏϣⲉ -->
<mark id="orig_group_773" xlink:href="#tok_773"/><!-- . -->
<mark id="orig_group_774" xlink:href="#tok_774"/><!-- ⲉⲛⲉⲛⲙⲟⲩϣⲧ -->
<mark id="orig_group_775" xlink:href="#tok_775"/><!-- ⲅⲁⲣ -->
<mark id="orig_group_776" xlink:href="#tok_776"/><!-- ⲙⲙⲟⲛ -->
<mark id="orig_group_777" xlink:href="#xpointer(id('tok_777')/range-to(id('tok_780')))"/><!-- ⲛⲉ...ⲕⲣⲓⲛⲉ -->
<mark id="orig_group_781" xlink:href="#tok_781"/><!-- ⲙⲙⲟⲛ -->
<mark id="orig_group_782" xlink:href="#tok_782"/><!-- ⲁⲛ -->
<mark id="orig_group_783" xlink:href="#tok_783"/><!-- ⲡⲉ -->
<mark id="orig_group_784" xlink:href="#tok_784"/><!-- . -->
<mark id="orig_group_785" xlink:href="#xpointer(id('tok_785')/range-to(id('tok_787')))"/><!-- ⲉ...ⲕⲣⲓⲛⲉ -->
<mark id="orig_group_788" xlink:href="#tok_788"/><!-- ⲇⲉ -->
<mark id="orig_group_789" xlink:href="#tok_789"/><!-- ⲙⲙⲟⲛ -->
<mark id="orig_group_790" xlink:href="#tok_790"/><!-- ⲉⲃⲟⲗ -->
<mark id="orig_group_791" xlink:href="#tok_791"/><!-- ϩⲓⲧⲙ -->
<mark id="orig_group_792" xlink:href="#xpointer(id('tok_792')/range-to(id('tok_793')))"/><!-- ⲡ...ϫⲟⲉⲓⲥ -->
<mark id="orig_group_794" xlink:href="#tok_794"/><!-- . -->
<mark id="orig_group_795" xlink:href="#xpointer(id('tok_795')/range-to(id('tok_797')))"/><!-- ⲉ...ϯⲥⲃⲱ -->
<mark id="orig_group_798" xlink:href="#xpointer(id('tok_798')/range-to(id('tok_799')))"/><!-- ⲛⲁ...ⲛ -->
<mark id="orig_group_800" xlink:href="#tok_800"/><!-- ϫⲉ -->
<mark id="orig_group_801" xlink:href="#xpointer(id('tok_801')/range-to(id('tok_804')))"/><!-- ⲛⲛⲉ...ⲛ -->
<mark id="orig_group_805" xlink:href="#tok_805"/><!-- ⲙⲛ -->
<mark id="orig_group_806" xlink:href="#xpointer(id('tok_806')/range-to(id('tok_807')))"/><!-- ⲡ...ⲕⲟⲥⲙⲟⲥ -->
<mark id="orig_group_808" xlink:href="#tok_808"/><!-- ϩⲱⲥⲧⲉ -->
<mark id="orig_group_809" xlink:href="#xpointer(id('tok_809')/range-to(id('tok_810')))"/><!-- ⲛⲁ...ⲥⲛⲏⲩ -->
<mark id="orig_group_811" xlink:href="#xpointer(id('tok_811')/range-to(id('tok_813')))"/><!-- ⲉ...ⲥⲱⲟⲩϩ -->
<mark id="orig_group_814" xlink:href="#tok_814"/><!-- ⲉϩⲟⲩⲛ -->
<mark id="orig_group_815" xlink:href="#xpointer(id('tok_815')/range-to(id('tok_816')))"/><!-- ⲉ...ⲟⲩⲱⲙ -->
<mark id="orig_group_817" xlink:href="#tok_817"/><!-- ⲁϩⲉ -->
<mark id="orig_group_818" xlink:href="#xpointer(id('tok_818')/range-to(id('tok_820')))"/><!-- ⲉ...ⲉⲣⲏⲩ -->
<mark id="orig_group_821" xlink:href="#tok_821"/><!-- . -->
<mark id="orig_group_822" xlink:href="#xpointer(id('tok_822')/range-to(id('tok_824')))"/><!-- ⲡ...ϩⲕⲁⲉⲓⲧ -->
<mark id="orig_group_825" xlink:href="#xpointer(id('tok_825')/range-to(id('tok_827')))"/><!-- ⲙⲁⲣⲉ...ⲟⲩⲱⲙ -->
<mark id="orig_group_828" xlink:href="#xpointer(id('tok_828')/range-to(id('tok_830')))"/><!-- ⲙ...ⲏⲉⲓ -->
<mark id="orig_group_831" xlink:href="#tok_831"/><!-- ϫⲉ -->
<mark id="orig_group_832" xlink:href="#tok_832"/><!-- ⲛⲛⲉⲧⲛⲥⲱⲟⲩϩ -->
<mark id="orig_group_833" xlink:href="#tok_833"/><!-- ⲉϩⲟⲩⲛ -->
<mark id="orig_group_834" xlink:href="#xpointer(id('tok_834')/range-to(id('tok_836')))"/><!-- ⲉ...ⲕⲣⲓⲙⲁ -->
<mark id="orig_group_837" xlink:href="#tok_837"/><!-- . -->
<mark id="orig_group_838" xlink:href="#tok_838"/><!-- ϯⲛⲁⲧⲉϣ -->
<mark id="orig_group_839" xlink:href="#xpointer(id('tok_839')/range-to(id('tok_840')))"/><!-- ⲡ...ⲕⲉⲥⲉⲉⲡⲉ -->
<mark id="orig_group_841" xlink:href="#tok_841"/><!-- ⲇⲉ -->
<mark id="orig_group_842" xlink:href="#xpointer(id('tok_842')/range-to(id('tok_843')))"/><!-- ⲛⲏ...ⲧⲛ -->
<mark id="orig_group_844" xlink:href="#tok_844"/><!-- ⲉⲉⲓϣⲁⲛⲉⲓ -->
<mark id="orig_group_845" xlink:href="#tok_845"/><!-- . -->
</markList>
</paula>
