<?xml version='1.0' encoding='UTF-8'?><!DOCTYPE paula SYSTEM "paula_feat.dtd">
<paula version="1.1">
	<header paula_id="scriptorium.Encomium_Michael_BL_OR_7021_part1.mark_translation"/>
	<featList xmlns:xlink="http://www.w3.org/1999/xlink" type="translation" xml:base="scriptorium.Encomium_Michael_BL_OR_7021_part1.mark.xml">
		<feat xlink:href="#sSpan8" value="..."/>
		<feat xlink:href="#sSpan57" value="..."/>
		<feat xlink:href="#sSpan229" value="..."/>
		<feat xlink:href="#sSpan255" value="..."/>
		<feat xlink:href="#sSpan300" value="..."/>
		<feat xlink:href="#sSpan342" value="..."/>
		<feat xlink:href="#sSpan404" value="..."/>
		<feat xlink:href="#sSpan462" value="..."/>
		<feat xlink:href="#sSpan515" value="..."/>
		<feat xlink:href="#sSpan554" value="..."/>
		<feat xlink:href="#sSpan615" value="..."/>
		<feat xlink:href="#sSpan646" value="..."/>
		<feat xlink:href="#sSpan752" value="..."/>
		<feat xlink:href="#sSpan780" value="..."/>
		<feat xlink:href="#sSpan831" value="..."/>
		<feat xlink:href="#sSpan867" value="..."/>
		<feat xlink:href="#sSpan918" value="..."/>
		<feat xlink:href="#sSpan1050" value="..."/>
		<feat xlink:href="#sSpan1129" value="..."/>
		<feat xlink:href="#sSpan1269" value="..."/>
		<feat xlink:href="#sSpan1303" value="..."/>
		<feat xlink:href="#sSpan1355" value="..."/>
		<feat xlink:href="#sSpan1416" value="..."/>
		<feat xlink:href="#sSpan1452" value="..."/>
		<feat xlink:href="#sSpan1552" value="..."/>
		<feat xlink:href="#sSpan1578" value="..."/>
		<feat xlink:href="#sSpan1622" value="..."/>
		<feat xlink:href="#sSpan1693" value="..."/>
		<feat xlink:href="#sSpan1803" value="..."/>
		<feat xlink:href="#sSpan1834" value="..."/>
		<feat xlink:href="#sSpan1955" value="..."/>
		<feat xlink:href="#sSpan2100" value="..."/>
		<feat xlink:href="#sSpan2269" value="..."/>
		<feat xlink:href="#sSpan2384" value="..."/>
		<feat xlink:href="#sSpan2410" value="..."/>
		<feat xlink:href="#sSpan2498" value="..."/>
		<feat xlink:href="#sSpan2558" value="..."/>
		<feat xlink:href="#sSpan2584" value="..."/>
		<feat xlink:href="#sSpan2613" value="..."/>
		<feat xlink:href="#sSpan2665" value="..."/>
		<feat xlink:href="#sSpan2746" value="..."/>
		<feat xlink:href="#sSpan2832" value="..."/>
		<feat xlink:href="#sSpan2877" value="..."/>
		<feat xlink:href="#sSpan2947" value="..."/>
		<feat xlink:href="#sSpan3029" value="..."/>
		<feat xlink:href="#sSpan3095" value="..."/>
		<feat xlink:href="#sSpan3156" value="..."/>
		<feat xlink:href="#sSpan3210" value="..."/>
		<feat xlink:href="#sSpan3278" value="..."/>
		<feat xlink:href="#sSpan3330" value="..."/>
		<feat xlink:href="#sSpan3378" value="..."/>
		<feat xlink:href="#sSpan3463" value="..."/>
		<feat xlink:href="#sSpan3589" value="..."/>
		<feat xlink:href="#sSpan3626" value="..."/>
		<feat xlink:href="#sSpan3689" value="..."/>
		<feat xlink:href="#sSpan3713" value="..."/>
		<feat xlink:href="#sSpan3766" value="..."/>
		<feat xlink:href="#sSpan3827" value="..."/>
		<feat xlink:href="#sSpan3899" value="..."/>
		<feat xlink:href="#sSpan3962" value="..."/>
		<feat xlink:href="#sSpan4031" value="..."/>
		<feat xlink:href="#sSpan4112" value="..."/>
		<feat xlink:href="#sSpan4135" value="..."/>
		<feat xlink:href="#sSpan4198" value="..."/>
		<feat xlink:href="#sSpan4265" value="..."/>
		<feat xlink:href="#sSpan4297" value="..."/>
		<feat xlink:href="#sSpan4407" value="..."/>
		<feat xlink:href="#sSpan4439" value="..."/>
		<feat xlink:href="#sSpan4497" value="..."/>
		<feat xlink:href="#sSpan4591" value="..."/>
		<feat xlink:href="#sSpan4648" value="..."/>
		<feat xlink:href="#sSpan4690" value="..."/>
		<feat xlink:href="#sSpan4715" value="..."/>
		<feat xlink:href="#sSpan4772" value="..."/>
		<feat xlink:href="#sSpan4798" value="..."/>
		<feat xlink:href="#sSpan4891" value="..."/>
		<feat xlink:href="#sSpan4931" value="..."/>
		<feat xlink:href="#sSpan4966" value="..."/>
		<feat xlink:href="#sSpan5016" value="..."/>
		<feat xlink:href="#sSpan5070" value="..."/>
		<feat xlink:href="#sSpan5150" value="..."/>
		<feat xlink:href="#sSpan5200" value="..."/>
		<feat xlink:href="#sSpan5372" value="..."/>
		<feat xlink:href="#sSpan5416" value="..."/>
		<feat xlink:href="#sSpan5616" value="..."/>
		<feat xlink:href="#sSpan5691" value="..."/>
		<feat xlink:href="#sSpan5739" value="..."/>
		<feat xlink:href="#sSpan5811" value="..."/>
		<feat xlink:href="#sSpan5863" value="..."/>
		<feat xlink:href="#sSpan5964" value="..."/>
		<feat xlink:href="#sSpan6003" value="..."/>
		<feat xlink:href="#sSpan6087" value="..."/>
		<feat xlink:href="#sSpan6185" value="..."/>
		<feat xlink:href="#sSpan6206" value="..."/>
		<feat xlink:href="#sSpan6252" value="..."/>
		<feat xlink:href="#sSpan6314" value="..."/>
		<feat xlink:href="#sSpan6452" value="..."/>
		<feat xlink:href="#sSpan6492" value="..."/>
		<feat xlink:href="#sSpan6569" value="..."/>
		<feat xlink:href="#sSpan6605" value="..."/>
		<feat xlink:href="#sSpan6736" value="..."/>
		<feat xlink:href="#sSpan6786" value="..."/>
		<feat xlink:href="#sSpan6829" value="..."/>
		<feat xlink:href="#sSpan6863" value="..."/>
		<feat xlink:href="#sSpan7024" value="..."/>
		<feat xlink:href="#sSpan7186" value="..."/>
		<feat xlink:href="#sSpan7270" value="..."/>
		<feat xlink:href="#sSpan7349" value="..."/>
		<feat xlink:href="#sSpan7409" value="..."/>
		<feat xlink:href="#sSpan7468" value="..."/>
		<feat xlink:href="#sSpan7555" value="..."/>
		<feat xlink:href="#sSpan7651" value="..."/>
		<feat xlink:href="#sSpan7752" value="..."/>
		<feat xlink:href="#sSpan7789" value="..."/>
		<feat xlink:href="#sSpan7824" value="..."/>
		<feat xlink:href="#sSpan7933" value="..."/>
		<feat xlink:href="#sSpan7976" value="..."/>
		<feat xlink:href="#sSpan8070" value="..."/>
		<feat xlink:href="#sSpan8205" value="..."/>
		<feat xlink:href="#sSpan8308" value="..."/>
		<feat xlink:href="#sSpan8350" value="..."/>
		<feat xlink:href="#sSpan8387" value="..."/>
		<feat xlink:href="#sSpan8402" value="..."/>
		<feat xlink:href="#sSpan8417" value="..."/>
		<feat xlink:href="#sSpan8436" value="..."/>
		<feat xlink:href="#sSpan8456" value="..."/>
		<feat xlink:href="#sSpan8470" value="..."/>
		<feat xlink:href="#sSpan8487" value="..."/>
		<feat xlink:href="#sSpan8504" value="..."/>
		<feat xlink:href="#sSpan8520" value="..."/>
		<feat xlink:href="#sSpan8555" value="..."/>
		<feat xlink:href="#sSpan8626" value="..."/>
		<feat xlink:href="#sSpan8651" value="..."/>
		<feat xlink:href="#sSpan8801" value="..."/>
		<feat xlink:href="#sSpan8825" value="..."/>
		<feat xlink:href="#sSpan8870" value="..."/>
		<feat xlink:href="#sSpan8939" value="..."/>
		<feat xlink:href="#sSpan8988" value="..."/>
		<feat xlink:href="#sSpan9035" value="..."/>
		<feat xlink:href="#sSpan9064" value="..."/>
		<feat xlink:href="#sSpan9175" value="..."/>
		<feat xlink:href="#sSpan9233" value="..."/>
		<feat xlink:href="#sSpan9305" value="..."/>
		<feat xlink:href="#sSpan9352" value="..."/>
		<feat xlink:href="#sSpan9431" value="..."/>
		<feat xlink:href="#sSpan9480" value="..."/>
		<feat xlink:href="#sSpan9564" value="..."/>
		<feat xlink:href="#sSpan9662" value="..."/>
		<feat xlink:href="#sSpan9686" value="..."/>
		<feat xlink:href="#sSpan9772" value="..."/>
		<feat xlink:href="#sSpan9831" value="..."/>
		<feat xlink:href="#sSpan9876" value="..."/>
		<feat xlink:href="#sSpan10010" value="..."/>
		<feat xlink:href="#sSpan10068" value="..."/>
		<feat xlink:href="#sSpan10091" value="..."/>
		<feat xlink:href="#sSpan10139" value="..."/>
		<feat xlink:href="#sSpan10179" value="..."/>
		<feat xlink:href="#sSpan10250" value="..."/>
		<feat xlink:href="#sSpan10297" value="..."/>
		<feat xlink:href="#sSpan10371" value="..."/>
		<feat xlink:href="#sSpan10449" value="..."/>
		<feat xlink:href="#sSpan10493" value="..."/>
		<feat xlink:href="#sSpan10616" value="..."/>
		<feat xlink:href="#sSpan10707" value="..."/>
		<feat xlink:href="#sSpan10762" value="..."/>
		<feat xlink:href="#sSpan10805" value="..."/>
		<feat xlink:href="#sSpan10899" value="..."/>
		<feat xlink:href="#sSpan10968" value="..."/>
		<feat xlink:href="#sSpan11025" value="..."/>
		<feat xlink:href="#sSpan11075" value="..."/>
		<feat xlink:href="#sSpan11111" value="..."/>
		<feat xlink:href="#sSpan11142" value="..."/>
		<feat xlink:href="#sSpan11170" value="..."/>
		<feat xlink:href="#sSpan11213" value="..."/>
		<feat xlink:href="#sSpan11312" value="..."/>
		<feat xlink:href="#sSpan11399" value="..."/>
		<feat xlink:href="#sSpan11462" value="..."/>
		<feat xlink:href="#sSpan11529" value="..."/>
		<feat xlink:href="#sSpan11559" value="..."/>
		<feat xlink:href="#sSpan11589" value="..."/>
		<feat xlink:href="#sSpan11669" value="..."/>
		<feat xlink:href="#sSpan11723" value="..."/>
		<feat xlink:href="#sSpan11757" value="..."/>
		<feat xlink:href="#sSpan11812" value="..."/>
		<feat xlink:href="#sSpan11877" value="..."/>
		<feat xlink:href="#sSpan11933" value="..."/>
		<feat xlink:href="#sSpan11999" value="..."/></featList></paula>