<?xml version='1.0' encoding='UTF-8'?><!DOCTYPE paula SYSTEM "paula_feat.dtd">
<paula version="1.1">
	<header paula_id="scriptorium.Encomium_Michael_BL_OR_7021_part1.mark_lang"/>
	<featList xmlns:xlink="http://www.w3.org/1999/xlink" type="lang" xml:base="scriptorium.Encomium_Michael_BL_OR_7021_part1.mark.xml">
		<feat xlink:href="#sSpan13" value="Greek"/>
		<feat xlink:href="#sSpan60" value="Greek"/>
		<feat xlink:href="#sSpan74" value="Hebrew"/>
		<feat xlink:href="#sSpan79" value="Greek"/>
		<feat xlink:href="#sSpan88" value="Greek"/>
		<feat xlink:href="#sSpan135" value="Greek"/>
		<feat xlink:href="#sSpan144" value="Hebrew"/>
		<feat xlink:href="#sSpan218" value="Greek"/>
		<feat xlink:href="#sSpan242" value="Greek"/>
		<feat xlink:href="#sSpan281" value="Greek"/>
		<feat xlink:href="#sSpan286" value="Hebrew"/>
		<feat xlink:href="#sSpan303" value="Greek"/>
		<feat xlink:href="#sSpan391" value="Greek"/>
		<feat xlink:href="#sSpan418" value="Greek"/>
		<feat xlink:href="#sSpan503" value="Greek"/>
		<feat xlink:href="#sSpan541" value="Greek"/>
		<feat xlink:href="#sSpan593" value="Greek"/>
		<feat xlink:href="#sSpan622" value="Hebrew"/>
		<feat xlink:href="#sSpan631" value="Hebrew"/>
		<feat xlink:href="#sSpan658" value="Greek"/>
		<feat xlink:href="#sSpan723" value="Greek"/>
		<feat xlink:href="#sSpan845" value="Greek"/>
		<feat xlink:href="#sSpan855" value="Greek"/>
		<feat xlink:href="#sSpan922" value="Greek"/>
		<feat xlink:href="#sSpan952" value="Greek"/>
		<feat xlink:href="#sSpan962" value="Greek"/>
		<feat xlink:href="#sSpan984" value="Greek"/>
		<feat xlink:href="#sSpan1004" value="Greek"/>
		<feat xlink:href="#sSpan1079" value="Greek"/>
		<feat xlink:href="#sSpan1137" value="Hebrew"/>
		<feat xlink:href="#sSpan1146" value="Greek"/>
		<feat xlink:href="#sSpan1166" value="Greek"/>
		<feat xlink:href="#sSpan1222" value="Greek"/>
		<feat xlink:href="#sSpan1304" value="Greek"/>
		<feat xlink:href="#sSpan1391" value="Greek"/>
		<feat xlink:href="#sSpan1447" value="Greek"/>
		<feat xlink:href="#sSpan1459" value="Greek"/>
		<feat xlink:href="#sSpan1469" value="Greek"/>
		<feat xlink:href="#sSpan1491" value="Greek"/>
		<feat xlink:href="#sSpan1507" value="Greek"/>
		<feat xlink:href="#sSpan1522" value="Greek"/>
		<feat xlink:href="#sSpan1594" value="Greek"/>
		<feat xlink:href="#sSpan1623" value="Greek"/>
		<feat xlink:href="#sSpan1665" value="Greek"/>
		<feat xlink:href="#sSpan1697" value="Greek"/>
		<feat xlink:href="#sSpan1763" value="Greek"/>
		<feat xlink:href="#sSpan1783" value="Hebrew"/>
		<feat xlink:href="#sSpan1792" value="Greek"/>
		<feat xlink:href="#sSpan1809" value="Greek"/>
		<feat xlink:href="#sSpan1814" value="Hebrew"/>
		<feat xlink:href="#sSpan1823" value="Greek"/>
		<feat xlink:href="#sSpan1861" value="Greek"/>
		<feat xlink:href="#sSpan1880" value="Greek"/>
		<feat xlink:href="#sSpan1931" value="Greek"/>
		<feat xlink:href="#sSpan1948" value="Greek"/>
		<feat xlink:href="#sSpan1964" value="Greek"/>
		<feat xlink:href="#sSpan2014" value="Greek"/>
		<feat xlink:href="#sSpan2044" value="Greek"/>
		<feat xlink:href="#sSpan2137" value="Greek"/>
		<feat xlink:href="#sSpan2163" value="Greek"/>
		<feat xlink:href="#sSpan2166" value="Greek"/>
		<feat xlink:href="#sSpan2195" value="Greek"/>
		<feat xlink:href="#sSpan2218" value="Greek"/>
		<feat xlink:href="#sSpan2231" value="Greek"/>
		<feat xlink:href="#sSpan2312" value="Greek"/>
		<feat xlink:href="#sSpan2332" value="Greek"/>
		<feat xlink:href="#sSpan2411" value="Greek"/>
		<feat xlink:href="#sSpan2485" value="Greek"/>
		<feat xlink:href="#sSpan2505" value="Greek"/>
		<feat xlink:href="#sSpan2561" value="Greek"/>
		<feat xlink:href="#sSpan2660" value="Greek"/>
		<feat xlink:href="#sSpan2764" value="Greek"/>
		<feat xlink:href="#sSpan2836" value="Greek"/>
		<feat xlink:href="#sSpan2849" value="Greek"/>
		<feat xlink:href="#sSpan2897" value="Greek"/>
		<feat xlink:href="#sSpan2907" value="Greek"/>
		<feat xlink:href="#sSpan2948" value="Greek"/>
		<feat xlink:href="#sSpan2978" value="Greek"/>
		<feat xlink:href="#sSpan3098" value="Greek"/>
		<feat xlink:href="#sSpan3235" value="Greek"/>
		<feat xlink:href="#sSpan3238" value="Hebrew"/>
		<feat xlink:href="#sSpan3247" value="Greek"/>
		<feat xlink:href="#sSpan3280" value="Greek"/>
		<feat xlink:href="#sSpan3289" value="Greek"/>
		<feat xlink:href="#sSpan3371" value="Greek"/>
		<feat xlink:href="#sSpan3402" value="Greek"/>
		<feat xlink:href="#sSpan3444" value="Greek"/>
		<feat xlink:href="#sSpan3466" value="Greek"/>
		<feat xlink:href="#sSpan3500" value="Greek"/>
		<feat xlink:href="#sSpan3575" value="Greek"/>
		<feat xlink:href="#sSpan3621" value="Greek"/>
		<feat xlink:href="#sSpan3655" value="Greek"/>
		<feat xlink:href="#sSpan3684" value="Greek"/>
		<feat xlink:href="#sSpan3702" value="Greek"/>
		<feat xlink:href="#sSpan3816" value="Greek"/>
		<feat xlink:href="#sSpan3828" value="Greek"/>
		<feat xlink:href="#sSpan3843" value="Greek"/>
		<feat xlink:href="#sSpan3873" value="Greek"/>
		<feat xlink:href="#sSpan3966" value="Greek"/>
		<feat xlink:href="#sSpan3969" value="Greek"/>
		<feat xlink:href="#sSpan3983" value="Greek"/>
		<feat xlink:href="#sSpan3993" value="Greek"/>
		<feat xlink:href="#sSpan4018" value="Greek"/>
		<feat xlink:href="#sSpan4071" value="Greek"/>
		<feat xlink:href="#sSpan4086" value="Greek"/>
		<feat xlink:href="#sSpan4199" value="Greek"/>
		<feat xlink:href="#sSpan4231" value="Greek"/>
		<feat xlink:href="#sSpan4253" value="Greek"/>
		<feat xlink:href="#sSpan4298" value="Greek"/>
		<feat xlink:href="#sSpan4370" value="Greek"/>
		<feat xlink:href="#sSpan4389" value="Greek"/>
		<feat xlink:href="#sSpan4476" value="Greek"/>
		<feat xlink:href="#sSpan4486" value="Greek"/>
		<feat xlink:href="#sSpan4507" value="Greek"/>
		<feat xlink:href="#sSpan4517" value="Greek"/>
		<feat xlink:href="#sSpan4537" value="Greek"/>
		<feat xlink:href="#sSpan4665" value="Greek"/>
		<feat xlink:href="#sSpan4693" value="Greek"/>
		<feat xlink:href="#sSpan4725" value="Greek"/>
		<feat xlink:href="#sSpan4730" value="Greek"/>
		<feat xlink:href="#sSpan4761" value="Greek"/>
		<feat xlink:href="#sSpan4820" value="Greek"/>
		<feat xlink:href="#sSpan4833" value="Greek"/>
		<feat xlink:href="#sSpan4894" value="Greek"/>
		<feat xlink:href="#sSpan4947" value="Greek"/>
		<feat xlink:href="#sSpan4976" value="Greek"/>
		<feat xlink:href="#sSpan4999" value="Greek"/>
		<feat xlink:href="#sSpan5021" value="Greek"/>
		<feat xlink:href="#sSpan5051" value="Greek"/>
		<feat xlink:href="#sSpan5065" value="Greek"/>
		<feat xlink:href="#sSpan5071" value="Greek"/>
		<feat xlink:href="#sSpan5084" value="Greek"/>
		<feat xlink:href="#sSpan5127" value="Greek"/>
		<feat xlink:href="#sSpan5140" value="Hebrew"/>
		<feat xlink:href="#sSpan5145" value="Greek"/>
		<feat xlink:href="#sSpan5151" value="Greek"/>
		<feat xlink:href="#sSpan5195" value="Greek"/>
		<feat xlink:href="#sSpan5241" value="Greek"/>
		<feat xlink:href="#sSpan5262" value="Greek"/>
		<feat xlink:href="#sSpan5274" value="Greek"/>
		<feat xlink:href="#sSpan5318" value="Greek"/>
		<feat xlink:href="#sSpan5346" value="Greek"/>
		<feat xlink:href="#sSpan5411" value="Greek"/>
		<feat xlink:href="#sSpan5422" value="Greek"/>
		<feat xlink:href="#sSpan5456" value="Greek"/>
		<feat xlink:href="#sSpan5487" value="Greek"/>
		<feat xlink:href="#sSpan5499" value="Greek"/>
		<feat xlink:href="#sSpan5530" value="Greek"/>
		<feat xlink:href="#sSpan5611" value="Greek"/>
		<feat xlink:href="#sSpan5624" value="Greek"/>
		<feat xlink:href="#sSpan5718" value="Greek"/>
		<feat xlink:href="#sSpan5734" value="Greek"/>
		<feat xlink:href="#sSpan5745" value="Greek"/>
		<feat xlink:href="#sSpan5761" value="Greek"/>
		<feat xlink:href="#sSpan5771" value="Greek"/>
		<feat xlink:href="#sSpan5800" value="Greek"/>
		<feat xlink:href="#sSpan5825" value="Greek"/>
		<feat xlink:href="#sSpan5875" value="Greek"/>
		<feat xlink:href="#sSpan5910" value="Greek"/>
		<feat xlink:href="#sSpan5959" value="Greek"/>
		<feat xlink:href="#sSpan5972" value="Greek"/>
		<feat xlink:href="#sSpan6092" value="Greek"/>
		<feat xlink:href="#sSpan6116" value="Greek"/>
		<feat xlink:href="#sSpan6151" value="Greek"/>
		<feat xlink:href="#sSpan6174" value="Greek"/>
		<feat xlink:href="#sSpan6186" value="Greek"/>
		<feat xlink:href="#sSpan6210" value="Greek"/>
		<feat xlink:href="#sSpan6232" value="Greek"/>
		<feat xlink:href="#sSpan6245" value="Greek"/>
		<feat xlink:href="#sSpan6258" value="Greek"/>
		<feat xlink:href="#sSpan6270" value="Greek"/>
		<feat xlink:href="#sSpan6281" value="Greek"/>
		<feat xlink:href="#sSpan6302" value="Greek"/>
		<feat xlink:href="#sSpan6309" value="Greek"/>
		<feat xlink:href="#sSpan6315" value="Greek"/>
		<feat xlink:href="#sSpan6351" value="Greek"/>
		<feat xlink:href="#sSpan6466" value="Greek"/>
		<feat xlink:href="#sSpan6494" value="Greek"/>
		<feat xlink:href="#sSpan6512" value="Greek"/>
		<feat xlink:href="#sSpan6582" value="Greek"/>
		<feat xlink:href="#sSpan6599" value="Hebrew"/>
		<feat xlink:href="#sSpan6621" value="Greek"/>
		<feat xlink:href="#sSpan6670" value="Greek"/>
		<feat xlink:href="#sSpan6681" value="Greek"/>
		<feat xlink:href="#sSpan6696" value="Hebrew"/>
		<feat xlink:href="#sSpan6706" value="Greek"/>
		<feat xlink:href="#sSpan6737" value="Greek"/>
		<feat xlink:href="#sSpan6781" value="Greek"/>
		<feat xlink:href="#sSpan6806" value="Greek"/>
		<feat xlink:href="#sSpan6813" value="Greek"/>
		<feat xlink:href="#sSpan6823" value="Hebrew"/>
		<feat xlink:href="#sSpan6839" value="Greek"/>
		<feat xlink:href="#sSpan7006" value="Greek"/>
		<feat xlink:href="#sSpan7074" value="Greek"/>
		<feat xlink:href="#sSpan7113" value="Hebrew"/>
		<feat xlink:href="#sSpan7187" value="Greek"/>
		<feat xlink:href="#sSpan7205" value="Greek"/>
		<feat xlink:href="#sSpan7226" value="Greek"/>
		<feat xlink:href="#sSpan7264" value="Hebrew"/>
		<feat xlink:href="#sSpan7275" value="Greek"/>
		<feat xlink:href="#sSpan7294" value="Greek"/>
		<feat xlink:href="#sSpan7318" value="Greek"/>
		<feat xlink:href="#sSpan7350" value="Greek"/>
		<feat xlink:href="#sSpan7403" value="Hebrew"/>
		<feat xlink:href="#sSpan7415" value="Greek"/>
		<feat xlink:href="#sSpan7485" value="Greek"/>
		<feat xlink:href="#sSpan7540" value="Greek"/>
		<feat xlink:href="#sSpan7557" value="Greek"/>
		<feat xlink:href="#sSpan7608" value="Hebrew"/>
		<feat xlink:href="#sSpan7617" value="Greek"/>
		<feat xlink:href="#sSpan7707" value="Greek"/>
		<feat xlink:href="#sSpan7720" value="Greek"/>
		<feat xlink:href="#sSpan7747" value="Greek"/>
		<feat xlink:href="#sSpan7758" value="Greek"/>
		<feat xlink:href="#sSpan7869" value="Greek"/>
		<feat xlink:href="#sSpan7953" value="Greek"/>
		<feat xlink:href="#sSpan7962" value="Hebrew"/>
		<feat xlink:href="#sSpan7971" value="Greek"/>
		<feat xlink:href="#sSpan7997" value="Greek"/>
		<feat xlink:href="#sSpan8065" value="Greek"/>
		<feat xlink:href="#sSpan8098" value="Greek"/>
		<feat xlink:href="#sSpan8101" value="Greek"/>
		<feat xlink:href="#sSpan8138" value="Greek"/>
		<feat xlink:href="#sSpan8141" value="Greek"/>
		<feat xlink:href="#sSpan8150" value="Hebrew"/>
		<feat xlink:href="#sSpan8170" value="Greek"/>
		<feat xlink:href="#sSpan8182" value="Greek"/>
		<feat xlink:href="#sSpan8231" value="Greek"/>
		<feat xlink:href="#sSpan8262" value="Greek"/>
		<feat xlink:href="#sSpan8277" value="Greek"/>
		<feat xlink:href="#sSpan8303" value="Greek"/>
		<feat xlink:href="#sSpan8322" value="Greek"/>
		<feat xlink:href="#sSpan8345" value="Greek"/>
		<feat xlink:href="#sSpan8382" value="Greek"/>
		<feat xlink:href="#sSpan8397" value="Greek"/>
		<feat xlink:href="#sSpan8412" value="Greek"/>
		<feat xlink:href="#sSpan8431" value="Greek"/>
		<feat xlink:href="#sSpan8444" value="Greek"/>
		<feat xlink:href="#sSpan8451" value="Greek"/>
		<feat xlink:href="#sSpan8465" value="Greek"/>
		<feat xlink:href="#sSpan8482" value="Greek"/>
		<feat xlink:href="#sSpan8499" value="Greek"/>
		<feat xlink:href="#sSpan8505" value="Greek"/>
		<feat xlink:href="#sSpan8515" value="Greek"/>
		<feat xlink:href="#sSpan8541" value="Greek"/>
		<feat xlink:href="#sSpan8550" value="Greek"/>
		<feat xlink:href="#sSpan8744" value="Greek"/>
		<feat xlink:href="#sSpan8808" value="Greek"/>
		<feat xlink:href="#sSpan8839" value="Hebrew"/>
		<feat xlink:href="#sSpan8858" value="Greek"/>
		<feat xlink:href="#sSpan8908" value="Greek"/>
		<feat xlink:href="#sSpan8983" value="Greek"/>
		<feat xlink:href="#sSpan9052" value="Greek"/>
		<feat xlink:href="#sSpan9114" value="Greek"/>
		<feat xlink:href="#sSpan9119" value="Hebrew"/>
		<feat xlink:href="#sSpan9159" value="Greek"/>
		<feat xlink:href="#sSpan9170" value="Greek"/>
		<feat xlink:href="#sSpan9184" value="Greek"/>
		<feat xlink:href="#sSpan9300" value="Greek"/>
		<feat xlink:href="#sSpan9347" value="Greek"/>
		<feat xlink:href="#sSpan9386" value="Greek"/>
		<feat xlink:href="#sSpan9420" value="Greek"/>
		<feat xlink:href="#sSpan9494" value="Greek"/>
		<feat xlink:href="#sSpan9525" value="Greek"/>
		<feat xlink:href="#sSpan9559" value="Greek"/>
		<feat xlink:href="#sSpan9612" value="Greek"/>
		<feat xlink:href="#sSpan9648" value="Greek"/>
		<feat xlink:href="#sSpan9686" value="Greek"/>
		<feat xlink:href="#sSpan9829" value="Greek"/>
		<feat xlink:href="#sSpan9868" value="Greek"/>
		<feat xlink:href="#sSpan9900" value="Greek"/>
		<feat xlink:href="#sSpan9927" value="Greek"/>
		<feat xlink:href="#sSpan9964" value="Greek"/>
		<feat xlink:href="#sSpan9995" value="Hebrew"/>
		<feat xlink:href="#sSpan10045" value="Hebrew"/>
		<feat xlink:href="#sSpan10131" value="Greek"/>
		<feat xlink:href="#sSpan10137" value="Greek"/>
		<feat xlink:href="#sSpan10183" value="Greek"/>
		<feat xlink:href="#sSpan10199" value="Greek"/>
		<feat xlink:href="#sSpan10214" value="Greek"/>
		<feat xlink:href="#sSpan10219" value="Greek"/>
		<feat xlink:href="#sSpan10242" value="Greek"/>
		<feat xlink:href="#sSpan10288" value="Greek"/>
		<feat xlink:href="#sSpan10310" value="Greek"/>
		<feat xlink:href="#sSpan10320" value="Hebrew"/>
		<feat xlink:href="#sSpan10333" value="Greek"/>
		<feat xlink:href="#sSpan10372" value="Greek"/>
		<feat xlink:href="#sSpan10435" value="Hebrew"/>
		<feat xlink:href="#sSpan10466" value="Greek"/>
		<feat xlink:href="#sSpan10469" value="Greek"/>
		<feat xlink:href="#sSpan10512" value="Greek"/>
		<feat xlink:href="#sSpan10549" value="Greek"/>
		<feat xlink:href="#sSpan10579" value="Greek"/>
		<feat xlink:href="#sSpan10598" value="Greek"/>
		<feat xlink:href="#sSpan10626" value="Greek"/>
		<feat xlink:href="#sSpan10670" value="Greek"/>
		<feat xlink:href="#sSpan10677" value="Greek"/>
		<feat xlink:href="#sSpan10710" value="Greek"/>
		<feat xlink:href="#sSpan10720" value="Greek"/>
		<feat xlink:href="#sSpan10748" value="Greek"/>
		<feat xlink:href="#sSpan10791" value="Greek"/>
		<feat xlink:href="#sSpan10816" value="Greek"/>
		<feat xlink:href="#sSpan10922" value="Greek"/>
		<feat xlink:href="#sSpan10931" value="Greek"/>
		<feat xlink:href="#sSpan10948" value="Greek"/>
		<feat xlink:href="#sSpan11017" value="Greek"/>
		<feat xlink:href="#sSpan11047" value="Greek"/>
		<feat xlink:href="#sSpan11084" value="Greek"/>
		<feat xlink:href="#sSpan11205" value="Greek"/>
		<feat xlink:href="#sSpan11238" value="Greek"/>
		<feat xlink:href="#sSpan11249" value="Greek"/>
		<feat xlink:href="#sSpan11339" value="Greek"/>
		<feat xlink:href="#sSpan11401" value="Greek"/>
		<feat xlink:href="#sSpan11436" value="Greek"/>
		<feat xlink:href="#sSpan11443" value="Hebrew"/>
		<feat xlink:href="#sSpan11483" value="Greek"/>
		<feat xlink:href="#sSpan11490" value="Greek"/>
		<feat xlink:href="#sSpan11567" value="Greek"/>
		<feat xlink:href="#sSpan11638" value="Greek"/>
		<feat xlink:href="#sSpan11651" value="Greek"/>
		<feat xlink:href="#sSpan11678" value="Greek"/>
		<feat xlink:href="#sSpan11753" value="Greek"/>
		<feat xlink:href="#sSpan11841" value="Greek"/>
		<feat xlink:href="#sSpan11855" value="Greek"/>
		<feat xlink:href="#sSpan11860" value="Hebrew"/>
		<feat xlink:href="#sSpan11910" value="Greek"/>
		<feat xlink:href="#sSpan11917" value="Greek"/>
		<feat xlink:href="#sSpan11975" value="Greek"/></featList></paula>