<?xml version='1.0' encoding='UTF-8'?><!DOCTYPE paula SYSTEM "paula_feat.dtd">
<paula version="1.1">
	<header paula_id="scriptorium.Encomium_Michael_BL_OR_7021_part1.mark_cb_n"/>
	<featList xmlns:xlink="http://www.w3.org/1999/xlink" type="cb_n" xml:base="scriptorium.Encomium_Michael_BL_OR_7021_part1.mark.xml">
		<feat xlink:href="#sSpan11" value="1"/>
		<feat xlink:href="#sSpan727" value="1"/>
		<feat xlink:href="#sSpan1537" value="1"/>
		<feat xlink:href="#sSpan2351" value="1"/>
		<feat xlink:href="#sSpan3183" value="1"/>
		<feat xlink:href="#sSpan4113" value="1"/>
		<feat xlink:href="#sSpan4979" value="1"/>
		<feat xlink:href="#sSpan5837" value="1"/>
		<feat xlink:href="#sSpan6650" value="1"/>
		<feat xlink:href="#sSpan7429" value="1"/>
		<feat xlink:href="#sSpan8164" value="1"/>
		<feat xlink:href="#sSpan8952" value="1"/>
		<feat xlink:href="#sSpan9750" value="1"/>
		<feat xlink:href="#sSpan10478" value="1"/>
		<feat xlink:href="#sSpan11231" value="1"/></featList></paula>