<?xml version='1.0' encoding='UTF-8'?><!DOCTYPE paula SYSTEM "paula_feat.dtd">
<paula version="1.1">
	<header paula_id="scriptorium.helias_martyrdom_part1.mark_pos"/>
	<featList xmlns:xlink="http://www.w3.org/1999/xlink" type="pos" xml:base="scriptorium.helias_martyrdom_part1.mark.xml">
		<feat xlink:href="#sSpan2" value="NPROP"/>
		<feat xlink:href="#sSpan15" value="PUNCT"/>
		<feat xlink:href="#sSpan20" value="N"/>
		<feat xlink:href="#sSpan24" value="PDEM"/>
		<feat xlink:href="#sSpan30" value="COP"/>
		<feat xlink:href="#sSpan34" value="NEG"/>
		<feat xlink:href="#sSpan39" value="V"/>
		<feat xlink:href="#sSpan43" value="PREP"/>
		<feat xlink:href="#sSpan47" value="ART"/>
		<feat xlink:href="#sSpan51" value="N"/>
		<feat xlink:href="#sSpan55" value="PREP"/>
		<feat xlink:href="#sSpan60" value="N"/>
		<feat xlink:href="#sSpan65" value="PREP"/>
		<feat xlink:href="#sSpan69" value="ART"/>
		<feat xlink:href="#sSpan73" value="N"/>
		<feat xlink:href="#sSpan76" value="N"/>
		<feat xlink:href="#sSpan82" value="NPROP"/>
		<feat xlink:href="#sSpan87" value="NPROP"/>
		<feat xlink:href="#sSpan89" value="PUNCT"/>
		<feat xlink:href="#sSpan93" value="CREL"/>
		<feat xlink:href="#sSpan99" value="APST"/>
		<feat xlink:href="#sSpan101" value="PPERS"/>
		<feat xlink:href="#sSpan103" value="V"/>
		<feat xlink:href="#sSpan105" value="ADV"/>
		<feat xlink:href="#sSpan109" value="PREP"/>
		<feat xlink:href="#sSpan115" value="PPOS"/>
		<feat xlink:href="#sSpan119" value="N"/>
		<feat xlink:href="#sSpan121" value="CREL"/>
		<feat xlink:href="#sSpan127" value="VSTAT"/>
		<feat xlink:href="#sSpan129" value="PREP"/>
		<feat xlink:href="#sSpan133" value="ACONJ"/>
		<feat xlink:href="#sSpan137" value="PPERS"/>
		<feat xlink:href="#sSpan139" value="V"/>
		<feat xlink:href="#sSpan141" value="PPERO"/>
		<feat xlink:href="#sSpan143" value="PREP"/>
		<feat xlink:href="#sSpan149" value="N"/>
		<feat xlink:href="#sSpan152" value="PREP"/>
		<feat xlink:href="#sSpan156" value="NPROP"/>
		<feat xlink:href="#sSpan159" value="PREP"/>
		<feat xlink:href="#sSpan165" value="N"/>
		<feat xlink:href="#sSpan168" value="PREP"/>
		<feat xlink:href="#sSpan174" value="ART"/>
		<feat xlink:href="#sSpan178" value="N"/>
		<feat xlink:href="#sSpan181" value="PTC"/>
		<feat xlink:href="#sSpan187" value="PUNCT"/>
		<feat xlink:href="#sSpan192" value="PUNCT"/>
		<feat xlink:href="#sSpan197" value="APST"/>
		<feat xlink:href="#sSpan206" value="PPERS"/>
		<feat xlink:href="#sSpan208" value="V"/>
		<feat xlink:href="#sSpan211" value="PTC"/>
		<feat xlink:href="#sSpan217" value="AFUTCONJ"/>
		<feat xlink:href="#sSpan221" value="ART"/>
		<feat xlink:href="#sSpan225" value="N"/>
		<feat xlink:href="#sSpan227" value="V"/>
		<feat xlink:href="#sSpan233" value="ADV"/>
		<feat xlink:href="#sSpan237" value="PREP"/>
		<feat xlink:href="#sSpan241" value="PPOS"/>
		<feat xlink:href="#sSpan247" value="N"/>
		<feat xlink:href="#sSpan253" value="PREP"/>
		<feat xlink:href="#sSpan257" value="ART"/>
		<feat xlink:href="#sSpan263" value="N"/>
		<feat xlink:href="#sSpan266" value="PREP"/>
		<feat xlink:href="#sSpan272" value="PPOS"/>
		<feat xlink:href="#sSpan276" value="N"/>
		<feat xlink:href="#sSpan279" value="NPROP"/>
		<feat xlink:href="#sSpan285" value="APST"/>
		<feat xlink:href="#sSpan289" value="PPERS"/>
		<feat xlink:href="#sSpan291" value="V"/>
		<feat xlink:href="#sSpan293" value="ART"/>
		<feat xlink:href="#sSpan298" value="N"/>
		<feat xlink:href="#sSpan302" value="PREP"/>
		<feat xlink:href="#sSpan306" value="ART"/>
		<feat xlink:href="#sSpan310" value="N"/>
		<feat xlink:href="#sSpan314" value="PREP"/>
		<feat xlink:href="#sSpan318" value="ART"/>
		<feat xlink:href="#sSpan324" value="N"/>
		<feat xlink:href="#sSpan326" value="V"/>
		<feat xlink:href="#sSpan328" value="PREP"/>
		<feat xlink:href="#sSpan332" value="ART"/>
		<feat xlink:href="#sSpan335" value="N"/>
		<feat xlink:href="#sSpan339" value="PREP"/>
		<feat xlink:href="#sSpan343" value="ART"/>
		<feat xlink:href="#sSpan346" value="N"/>
		<feat xlink:href="#sSpan351" value="CONJ"/>
		<feat xlink:href="#sSpan358" value="PREP"/>
		<feat xlink:href="#sSpan362" value="ACAUS"/>
		<feat xlink:href="#sSpan364" value="ART"/>
		<feat xlink:href="#sSpan368" value="N"/>
		<feat xlink:href="#sSpan373" value="PREP"/>
		<feat xlink:href="#sSpan377" value="PPOS"/>
		<feat xlink:href="#sSpan382" value="N"/>
		<feat xlink:href="#sSpan387" value="CONJ"/>
		<feat xlink:href="#sSpan391" value="V"/>
		<feat xlink:href="#sSpan398" value="N"/>
		<feat xlink:href="#sSpan400" value="CREL"/>
		<feat xlink:href="#sSpan404" value="PPERS"/>
		<feat xlink:href="#sSpan408" value="V"/>
		<feat xlink:href="#sSpan410" value="ART"/>
		<feat xlink:href="#sSpan413" value="N"/>
		<feat xlink:href="#sSpan415" value="CREL"/>
		<feat xlink:href="#sSpan419" value="VSTAT"/>
		<feat xlink:href="#sSpan423" value="ADV"/>
		<feat xlink:href="#sSpan427" value="PREP"/>
		<feat xlink:href="#sSpan431" value="ART"/>
		<feat xlink:href="#sSpan435" value="N"/>
		<feat xlink:href="#sSpan437" value="PREP"/>
		<feat xlink:href="#sSpan441" value="PPOS"/>
		<feat xlink:href="#sSpan446" value="N"/>
		<feat xlink:href="#sSpan449" value="NPROP"/>
		<feat xlink:href="#sSpan453" value="ART"/>
		<feat xlink:href="#sSpan460" value="N"/>
		<feat xlink:href="#sSpan462" value="CONJ"/>
		<feat xlink:href="#sSpan471" value="APST"/>
		<feat xlink:href="#sSpan475" value="PPERS"/>
		<feat xlink:href="#sSpan478" value="V"/>
		<feat xlink:href="#sSpan481" value="PTC"/>
		<feat xlink:href="#sSpan487" value="ART"/>
		<feat xlink:href="#sSpan490" value="N"/>
		<feat xlink:href="#sSpan492" value="PREP"/>
		<feat xlink:href="#sSpan496" value="ART"/>
		<feat xlink:href="#sSpan501" value="N"/>
		<feat xlink:href="#sSpan503" value="APST"/>
		<feat xlink:href="#sSpan507" value="PPERS"/>
		<feat xlink:href="#sSpan510" value="V"/>
		<feat xlink:href="#sSpan515" value="PTC"/>
		<feat xlink:href="#sSpan520" value="NPROP"/>
		<feat xlink:href="#sSpan524" value="APST"/>
		<feat xlink:href="#sSpan531" value="ART"/>
		<feat xlink:href="#sSpan534" value="N"/>
		<feat xlink:href="#sSpan536" value="PREP"/>
		<feat xlink:href="#sSpan540" value="ART"/>
		<feat xlink:href="#sSpan544" value="N"/>
		<feat xlink:href="#sSpan548" value="V"/>
		<feat xlink:href="#sSpan555" value="ADV"/>
		<feat xlink:href="#sSpan559" value="APST"/>
		<feat xlink:href="#sSpan563" value="PPERS"/>
		<feat xlink:href="#sSpan565" value="V"/>
		<feat xlink:href="#sSpan569" value="PTC"/>
		<feat xlink:href="#sSpan573" value="ART"/>
		<feat xlink:href="#sSpan578" value="N"/>
		<feat xlink:href="#sSpan581" value="ALIM"/>
		<feat xlink:href="#sSpan587" value="PPERS"/>
		<feat xlink:href="#sSpan589" value="V"/>
		<feat xlink:href="#sSpan591" value="PREP"/>
		<feat xlink:href="#sSpan597" value="NUM"/>
		<feat xlink:href="#sSpan600" value="PREP"/>
		<feat xlink:href="#sSpan604" value="NUM"/>
		<feat xlink:href="#sSpan609" value="PREP"/>
		<feat xlink:href="#sSpan613" value="NUM"/>
		<feat xlink:href="#sSpan616" value="PREP"/>
		<feat xlink:href="#sSpan620" value="N"/>
		<feat xlink:href="#sSpan624" value="V"/>
		<feat xlink:href="#sSpan629" value="ADV"/>
		<feat xlink:href="#sSpan634" value="PREP"/>
		<feat xlink:href="#sSpan643" value="ART"/>
		<feat xlink:href="#sSpan649" value="N"/>
		<feat xlink:href="#sSpan653" value="PREP"/>
		<feat xlink:href="#sSpan657" value="PPOS"/>
		<feat xlink:href="#sSpan661" value="N"/>
		<feat xlink:href="#sSpan666" value="NPROP"/>
		<feat xlink:href="#sSpan670" value="V"/>
		<feat xlink:href="#sSpan676" value="ART"/>
		<feat xlink:href="#sSpan678" value="N"/>
		<feat xlink:href="#sSpan680" value="PUNCT"/>
		<feat xlink:href="#sSpan684" value="CCIRC"/>
		<feat xlink:href="#sSpan693" value="ART"/>
		<feat xlink:href="#sSpan697" value="N"/>
		<feat xlink:href="#sSpan700" value="N"/>
		<feat xlink:href="#sSpan706" value="VSTAT"/>
		<feat xlink:href="#sSpan710" value="PREP"/>
		<feat xlink:href="#sSpan714" value="ART"/>
		<feat xlink:href="#sSpan718" value="N"/>
		<feat xlink:href="#sSpan722" value="PREP"/>
		<feat xlink:href="#sSpan726" value="N"/>
		<feat xlink:href="#sSpan730" value="PUNCT"/>
		<feat xlink:href="#sSpan734" value="CCIRC"/>
		<feat xlink:href="#sSpan739" value="PPERS"/>
		<feat xlink:href="#sSpan741" value="V"/>
		<feat xlink:href="#sSpan745" value="PREP"/>
		<feat xlink:href="#sSpan749" value="ART"/>
		<feat xlink:href="#sSpan752" value="N"/>
		<feat xlink:href="#sSpan756" value="PREP"/>
		<feat xlink:href="#sSpan760" value="N"/>
		<feat xlink:href="#sSpan763" value="NPROP"/>
		<feat xlink:href="#sSpan767" value="ART"/>
		<feat xlink:href="#sSpan772" value="N"/>
		<feat xlink:href="#sSpan774" value="PREP"/>
		<feat xlink:href="#sSpan778" value="PPOS"/>
		<feat xlink:href="#sSpan783" value="N"/>
		<feat xlink:href="#sSpan785" value="PREP"/>
		<feat xlink:href="#sSpan790" value="N"/>
		<feat xlink:href="#sSpan794" value="PREP"/>
		<feat xlink:href="#sSpan798" value="ART"/>
		<feat xlink:href="#sSpan802" value="N"/>
		<feat xlink:href="#sSpan806" value="CREL"/>
		<feat xlink:href="#sSpan810" value="VSTAT"/>
		<feat xlink:href="#sSpan814" value="PREP"/>
		<feat xlink:href="#sSpan818" value="N"/>
		<feat xlink:href="#sSpan821" value="NPROP"/>
		<feat xlink:href="#sSpan826" value="PTC"/>
		<feat xlink:href="#sSpan837" value="PREP"/>
		<feat xlink:href="#sSpan841" value="PDEM"/>
		<feat xlink:href="#sSpan846" value="N"/>
		<feat xlink:href="#sSpan850" value="PREP"/>
		<feat xlink:href="#sSpan854" value="N"/>
		<feat xlink:href="#sSpan860" value="N"/>
		<feat xlink:href="#sSpan864" value="PREP"/>
		<feat xlink:href="#sSpan868" value="N"/>
		<feat xlink:href="#sSpan872" value="CREL"/>
		<feat xlink:href="#sSpan876" value="ANEGPST"/>
		<feat xlink:href="#sSpan878" value="ART"/>
		<feat xlink:href="#sSpan882" value="N"/>
		<feat xlink:href="#sSpan887" value="V"/>
		<feat xlink:href="#sSpan894" value="PREP"/>
		<feat xlink:href="#sSpan898" value="ART"/>
		<feat xlink:href="#sSpan902" value="N"/>
		<feat xlink:href="#sSpan912" value="PUNCT"/>
		<feat xlink:href="#sSpan916" value="CONJ"/>
		<feat xlink:href="#sSpan924" value="AOPT_PPERS"/>
		<feat xlink:href="#sSpan928" value="V"/>
		<feat xlink:href="#sSpan932" value="N"/>
		<feat xlink:href="#sSpan935" value="V"/>
		<feat xlink:href="#sSpan939" value="CONJ"/>
		<feat xlink:href="#sSpan943" value="APST"/>
		<feat xlink:href="#sSpan947" value="PPERS"/>
		<feat xlink:href="#sSpan950" value="V"/>
		<feat xlink:href="#sSpan953" value="PREP"/>
		<feat xlink:href="#sSpan960" value="ART"/>
		<feat xlink:href="#sSpan963" value="CREL"/>
		<feat xlink:href="#sSpan965" value="PPOS"/>
		<feat xlink:href="#sSpan969" value="COP"/>
		<feat xlink:href="#sSpan973" value="PUNCT"/>
		<feat xlink:href="#sSpan977" value="APST"/>
		<feat xlink:href="#sSpan985" value="PPERS"/>
		<feat xlink:href="#sSpan987" value="V"/>
		<feat xlink:href="#sSpan989" value="PREP"/>
		<feat xlink:href="#sSpan993" value="ART"/>
		<feat xlink:href="#sSpan998" value="CREL"/>
		<feat xlink:href="#sSpan1000" value="PPOS"/>
		<feat xlink:href="#sSpan1002" value="COP"/>
		<feat xlink:href="#sSpan1008" value="PUNCT"/>
		<feat xlink:href="#sSpan1012" value="CONJ"/>
		<feat xlink:href="#sSpan1016" value="PINT"/>
		<feat xlink:href="#sSpan1018" value="ART"/>
		<feat xlink:href="#sSpan1021" value="N"/>
		<feat xlink:href="#sSpan1025" value="V"/>
		<feat xlink:href="#sSpan1027" value="PPERO"/>
		<feat xlink:href="#sSpan1029" value="N"/>
		<feat xlink:href="#sSpan1034" value="PPERS"/>
		<feat xlink:href="#sSpan1038" value="V"/>
		<feat xlink:href="#sSpan1042" value="ART"/>
		<feat xlink:href="#sSpan1047" value="PREP"/>
		<feat xlink:href="#sSpan1051" value="NPROP"/>
		<feat xlink:href="#sSpan1055" value="ACONJ"/>
		<feat xlink:href="#sSpan1059" value="PPERS"/>
		<feat xlink:href="#sSpan1061" value="V"/>
		<feat xlink:href="#sSpan1065" value="PREP"/>
		<feat xlink:href="#sSpan1069" value="PPERO"/>
		<feat xlink:href="#sSpan1071" value="N"/>
		<feat xlink:href="#sSpan1079" value="PPERO"/>
		<feat xlink:href="#sSpan1081" value="V"/>
		<feat xlink:href="#sSpan1083" value="PREP"/>
		<feat xlink:href="#sSpan1087" value="ART"/>
		<feat xlink:href="#sSpan1090" value="N"/>
		<feat xlink:href="#sSpan1094" value="PREP"/>
		<feat xlink:href="#sSpan1098" value="PDEM"/>
		<feat xlink:href="#sSpan1100" value="N"/>
		<feat xlink:href="#sSpan1104" value="CONJ"/>
		<feat xlink:href="#sSpan1108" value="CFOC"/>
		<feat xlink:href="#sSpan1114" value="ACAUS"/>
		<feat xlink:href="#sSpan1116" value="ART"/>
		<feat xlink:href="#sSpan1120" value="N"/>
		<feat xlink:href="#sSpan1124" value="V"/>
		<feat xlink:href="#sSpan1128" value="ADV"/>
		<feat xlink:href="#sSpan1136" value="ART"/>
		<feat xlink:href="#sSpan1142" value="N"/>
		<feat xlink:href="#sSpan1146" value="COP"/>
		<feat xlink:href="#sSpan1150" value="PREP"/>
		<feat xlink:href="#sSpan1154" value="ACAUS"/>
		<feat xlink:href="#sSpan1156" value="PREP"/>
		<feat xlink:href="#sSpan1159" value="N"/>
		<feat xlink:href="#sSpan1165" value="V"/>
		<feat xlink:href="#sSpan1172" value="PUNCT"/>
		<feat xlink:href="#sSpan1177" value="PUNCT"/>
		<feat xlink:href="#sSpan1182" value="APST"/>
		<feat xlink:href="#sSpan1190" value="PPERS"/>
		<feat xlink:href="#sSpan1192" value="V"/>
		<feat xlink:href="#sSpan1194" value="ADV"/>
		<feat xlink:href="#sSpan1198" value="PREP"/>
		<feat xlink:href="#sSpan1202" value="PPERO"/>
		<feat xlink:href="#sSpan1204" value="CCIRC"/>
		<feat xlink:href="#sSpan1208" value="PPERS"/>
		<feat xlink:href="#sSpan1210" value="V"/>
		<feat xlink:href="#sSpan1212" value="PREP"/>
		<feat xlink:href="#sSpan1216" value="PPERO"/>
		<feat xlink:href="#sSpan1218" value="CONJ"/>
		<feat xlink:href="#sSpan1222" value="V"/>
		<feat xlink:href="#sSpan1224" value="PUNCT"/>
		<feat xlink:href="#sSpan1228" value="VIMP"/>
		<feat xlink:href="#sSpan1232" value="V"/>
		<feat xlink:href="#sSpan1234" value="ADV"/>
		<feat xlink:href="#sSpan1240" value="ART"/>
		<feat xlink:href="#sSpan1243" value="N"/>
		<feat xlink:href="#sSpan1245" value="PREP"/>
		<feat xlink:href="#sSpan1249" value="ART"/>
		<feat xlink:href="#sSpan1252" value="N"/>
		<feat xlink:href="#sSpan1256" value="PREP"/>
		<feat xlink:href="#sSpan1260" value="N"/>
		<feat xlink:href="#sSpan1262" value="CREL"/>
		<feat xlink:href="#sSpan1266" value="V"/>
		<feat xlink:href="#sSpan1268" value="PREP"/>
		<feat xlink:href="#sSpan1277" value="ART"/>
		<feat xlink:href="#sSpan1281" value="N"/>
		<feat xlink:href="#sSpan1283" value="ACONJ"/>
		<feat xlink:href="#sSpan1287" value="PPERS"/>
		<feat xlink:href="#sSpan1291" value="V"/>
		<feat xlink:href="#sSpan1293" value="PREP"/>
		<feat xlink:href="#sSpan1297" value="PPOS"/>
		<feat xlink:href="#sSpan1302" value="N"/>
		<feat xlink:href="#sSpan1304" value="PUNCT"/>
		<feat xlink:href="#sSpan1308" value="CCIRC_PPERS"/>
		<feat xlink:href="#sSpan1313" value="ACAUS"/>
		<feat xlink:href="#sSpan1317" value="PPERS"/>
		<feat xlink:href="#sSpan1319" value="V"/>
		<feat xlink:href="#sSpan1321" value="PREP"/>
		<feat xlink:href="#sSpan1325" value="PPERO"/>
		<feat xlink:href="#sSpan1329" value="PDEM"/>
		<feat xlink:href="#sSpan1334" value="N"/>
		<feat xlink:href="#sSpan1336" value="PREP"/>
		<feat xlink:href="#sSpan1340" value="ART"/>
		<feat xlink:href="#sSpan1343" value="N"/>
		<feat xlink:href="#sSpan1345" value="ACONJ"/>
		<feat xlink:href="#sSpan1349" value="PPERS"/>
		<feat xlink:href="#sSpan1351" value="V"/>
		<feat xlink:href="#sSpan1355" value="PREP"/>
		<feat xlink:href="#sSpan1359" value="V"/>
		<feat xlink:href="#sSpan1363" value="V"/>
		<feat xlink:href="#sSpan1365" value="ADV"/>
		<feat xlink:href="#sSpan1371" value="N"/>
		<feat xlink:href="#sSpan1374" value="PUNCT"/>
		<feat xlink:href="#sSpan1378" value="CREL"/>
		<feat xlink:href="#sSpan1382" value="ART"/>
		<feat xlink:href="#sSpan1387" value="PREP"/>
		<feat xlink:href="#sSpan1389" value="N"/>
		<feat xlink:href="#sSpan1391" value="CCIRC"/>
		<feat xlink:href="#sSpan1395" value="PPERS"/>
		<feat xlink:href="#sSpan1397" value="V"/>
		<feat xlink:href="#sSpan1401" value="PREP"/>
		<feat xlink:href="#sSpan1405" value="V"/>
		<feat xlink:href="#sSpan1407" value="PREP"/>
		<feat xlink:href="#sSpan1409" value="N"/>
		<feat xlink:href="#sSpan1414" value="PDEM"/>
		<feat xlink:href="#sSpan1423" value="PTC"/>
		<feat xlink:href="#sSpan1427" value="ART"/>
		<feat xlink:href="#sSpan1432" value="N"/>
		<feat xlink:href="#sSpan1437" value="PPERO"/>
		<feat xlink:href="#sSpan1439" value="PREP"/>
		<feat xlink:href="#sSpan1443" value="ART"/>
		<feat xlink:href="#sSpan1448" value="N"/>
		<feat xlink:href="#sSpan1450" value="CREL"/>
		<feat xlink:href="#sSpan1454" value="V"/>
		<feat xlink:href="#sSpan1458" value="PREP"/>
		<feat xlink:href="#sSpan1462" value="ART"/>
		<feat xlink:href="#sSpan1465" value="N"/>
		<feat xlink:href="#sSpan1469" value="PREP"/>
		<feat xlink:href="#sSpan1473" value="NEG"/>
		<feat xlink:href="#sSpan1475" value="V"/>
		<feat xlink:href="#sSpan1477" value="PPOS"/>
		<feat xlink:href="#sSpan1481" value="PUNCT"/>
		<feat xlink:href="#sSpan1485" value="PPOS"/>
		<feat xlink:href="#sSpan1492" value="PPOS"/>
		<feat xlink:href="#sSpan1495" value="N"/>
		<feat xlink:href="#sSpan1497" value="PUNCT"/>
		<feat xlink:href="#sSpan1503" value="N"/>
		<feat xlink:href="#sSpan1511" value="PREP"/>
		<feat xlink:href="#sSpan1516" value="N"/>
		<feat xlink:href="#sSpan1518" value="CREL"/>
		<feat xlink:href="#sSpan1522" value="V"/>
		<feat xlink:href="#sSpan1526" value="PUNCT"/>
		<feat xlink:href="#sSpan1530" value="PREP"/>
		<feat xlink:href="#sSpan1536" value="N"/>
		<feat xlink:href="#sSpan1543" value="PREP"/>
		<feat xlink:href="#sSpan1547" value="N"/>
		<feat xlink:href="#sSpan1550" value="PREP"/>
		<feat xlink:href="#sSpan1554" value="ART"/>
		<feat xlink:href="#sSpan1558" value="N"/>
		<feat xlink:href="#sSpan1562" value="PUNCT"/>
		<feat xlink:href="#sSpan1566" value="PPERS"/>
		<feat xlink:href="#sSpan1572" value="V"/>
		<feat xlink:href="#sSpan1578" value="PUNCT"/>
		<feat xlink:href="#sSpan1582" value="CCIRC"/>
		<feat xlink:href="#sSpan1586" value="PPERS"/>
		<feat xlink:href="#sSpan1588" value="VSTAT"/>
		<feat xlink:href="#sSpan1590" value="PREP"/>
		<feat xlink:href="#sSpan1594" value="N"/>
		<feat xlink:href="#sSpan1597" value="PREP"/>
		<feat xlink:href="#sSpan1603" value="ART"/>
		<feat xlink:href="#sSpan1606" value="NUM"/>
		<feat xlink:href="#sSpan1608" value="V"/>
		<feat xlink:href="#sSpan1610" value="PUNCT"/>
		<feat xlink:href="#sSpan1616" value="PUNCT"/>
		<feat xlink:href="#sSpan1623" value="CCIRC"/>
		<feat xlink:href="#sSpan1628" value="PPERS"/>
		<feat xlink:href="#sSpan1630" value="VSTAT"/>
		<feat xlink:href="#sSpan1632" value="ART"/>
		<feat xlink:href="#sSpan1637" value="N"/>
		<feat xlink:href="#sSpan1639" value="PREP"/>
		<feat xlink:href="#sSpan1645" value="ART"/>
		<feat xlink:href="#sSpan1649" value="N"/>
		<feat xlink:href="#sSpan1651" value="PUNCT"/>
		<feat xlink:href="#sSpan1657" value="PREP"/>
		<feat xlink:href="#sSpan1663" value="PREP"/>
		<feat xlink:href="#sSpan1668" value="N"/>
		<feat xlink:href="#sSpan1670" value="PUNCT"/>
		<feat xlink:href="#sSpan1674" value="CREL"/>
		<feat xlink:href="#sSpan1680" value="PUNCT"/>
		<feat xlink:href="#sSpan1684" value="APREC"/>
		<feat xlink:href="#sSpan1693" value="ART"/>
		<feat xlink:href="#sSpan1697" value="NPROP"/>
		<feat xlink:href="#sSpan1702" value="PTC"/>
		<feat xlink:href="#sSpan1706" value="V"/>
		<feat xlink:href="#sSpan1710" value="PREP"/>
		<feat xlink:href="#sSpan1716" value="PPERO"/>
		<feat xlink:href="#sSpan1718" value="APST"/>
		<feat xlink:href="#sSpan1722" value="PPERS"/>
		<feat xlink:href="#sSpan1724" value="V"/>
		<feat xlink:href="#sSpan1728" value="PREP"/>
		<feat xlink:href="#sSpan1732" value="PPERO"/>
		<feat xlink:href="#sSpan1734" value="PREP"/>
		<feat xlink:href="#sSpan1738" value="ART"/>
		<feat xlink:href="#sSpan1743" value="N"/>
		<feat xlink:href="#sSpan1745" value="PREP"/>
		<feat xlink:href="#sSpan1749" value="ART"/>
		<feat xlink:href="#sSpan1752" value="N"/>
		<feat xlink:href="#sSpan1756" value="APST"/>
		<feat xlink:href="#sSpan1760" value="PPERS"/>
		<feat xlink:href="#sSpan1763" value="V"/>
		<feat xlink:href="#sSpan1769" value="APST"/>
		<feat xlink:href="#sSpan1775" value="PPERS"/>
		<feat xlink:href="#sSpan1777" value="V"/>
		<feat xlink:href="#sSpan1780" value="ADV"/>
		<feat xlink:href="#sSpan1784" value="PREP"/>
		<feat xlink:href="#sSpan1790" value="ART"/>
		<feat xlink:href="#sSpan1793" value="N"/>
		<feat xlink:href="#sSpan1795" value="PREP"/>
		<feat xlink:href="#sSpan1799" value="ART"/>
		<feat xlink:href="#sSpan1805" value="N"/>
		<feat xlink:href="#sSpan1809" value="IMOD"/>
		<feat xlink:href="#sSpan1813" value="PPERO"/>
		<feat xlink:href="#sSpan1815" value="ART"/>
		<feat xlink:href="#sSpan1820" value="NUM"/>
		<feat xlink:href="#sSpan1822" value="ART"/>
		<feat xlink:href="#sSpan1828" value="NUM"/>
		<feat xlink:href="#sSpan1830" value="PREP"/>
		<feat xlink:href="#sSpan1834" value="PPOS"/>
		<feat xlink:href="#sSpan1838" value="N"/>
		<feat xlink:href="#sSpan1842" value="PUNCT"/>
		<feat xlink:href="#sSpan1847" value="ADV"/>
		<feat xlink:href="#sSpan1856" value="CPRET"/>
		<feat xlink:href="#sSpan1860" value="PPERS"/>
		<feat xlink:href="#sSpan1862" value="ART"/>
		<feat xlink:href="#sSpan1867" value="NUM"/>
		<feat xlink:href="#sSpan1870" value="PTC"/>
		<feat xlink:href="#sSpan1874" value="CONJ"/>
		<feat xlink:href="#sSpan1878" value="N"/>
		<feat xlink:href="#sSpan1883" value="PUNCT"/>
		<feat xlink:href="#sSpan1887" value="CCIRC"/>
		<feat xlink:href="#sSpan1891" value="PPERS"/>
		<feat xlink:href="#sSpan1893" value="VSTAT"/>
		<feat xlink:href="#sSpan1897" value="PREP"/>
		<feat xlink:href="#sSpan1901" value="NPROP"/>
		<feat xlink:href="#sSpan1905" value="EXIST"/>
		<feat xlink:href="#sSpan1910" value="ART"/>
		<feat xlink:href="#sSpan1917" value="N"/>
		<feat xlink:href="#sSpan1919" value="PREP"/>
		<feat xlink:href="#sSpan1923" value="NPROP"/>
		<feat xlink:href="#sSpan1928" value="PUNCT"/>
		<feat xlink:href="#sSpan1932" value="AFUTCONJ"/>
		<feat xlink:href="#sSpan1940" value="PPERS"/>
		<feat xlink:href="#sSpan1942" value="V"/>
		<feat xlink:href="#sSpan1944" value="CONJ"/>
		<feat xlink:href="#sSpan1948" value="PPERS"/>
		<feat xlink:href="#sSpan1956" value="V"/>
		<feat xlink:href="#sSpan1958" value="PREP"/>
		<feat xlink:href="#sSpan1962" value="ART"/>
		<feat xlink:href="#sSpan1968" value="N"/>
		<feat xlink:href="#sSpan1972" value="IMOD"/>
		<feat xlink:href="#sSpan1976" value="PPERO"/>
		<feat xlink:href="#sSpan1978" value="PUNCT"/>
		<feat xlink:href="#sSpan1982" value="PREP"/>
		<feat xlink:href="#sSpan1989" value="ART"/>
		<feat xlink:href="#sSpan1992" value="N"/>
		<feat xlink:href="#sSpan1994" value="CREL"/>
		<feat xlink:href="#sSpan1998" value="VSTAT"/>
		<feat xlink:href="#sSpan2002" value="PREP"/>
		<feat xlink:href="#sSpan2006" value="PPOS"/>
		<feat xlink:href="#sSpan2009" value="N"/>
		<feat xlink:href="#sSpan2014" value="NPROP"/>
		<feat xlink:href="#sSpan2018" value="ART"/>
		<feat xlink:href="#sSpan2023" value="N"/>
		<feat xlink:href="#sSpan2025" value="PUNCT"/>
		<feat xlink:href="#sSpan2030" value="CONJ"/>
		<feat xlink:href="#sSpan2037" value="AAOR"/>
		<feat xlink:href="#sSpan2041" value="ACONJ"/>
		<feat xlink:href="#sSpan2045" value="PPERS"/>
		<feat xlink:href="#sSpan2047" value="V"/>
		<feat xlink:href="#sSpan2049" value="PREP"/>
		<feat xlink:href="#sSpan2055" value="PREP"/>
		<feat xlink:href="#sSpan2057" value="N"/>
		<feat xlink:href="#sSpan2059" value="PREP"/>
		<feat xlink:href="#sSpan2063" value="N"/>
		<feat xlink:href="#sSpan2065" value="CCIRC"/>
		<feat xlink:href="#sSpan2072" value="APST"/>
		<feat xlink:href="#sSpan2074" value="PPERS"/>
		<feat xlink:href="#sSpan2076" value="V"/>
		<feat xlink:href="#sSpan2078" value="ADV"/>
		<feat xlink:href="#sSpan2085" value="PREP"/>
		<feat xlink:href="#sSpan2089" value="PPERO"/>
		<feat xlink:href="#sSpan2091" value="APST"/>
		<feat xlink:href="#sSpan2097" value="PPERS"/>
		<feat xlink:href="#sSpan2099" value="V"/>
		<feat xlink:href="#sSpan2101" value="IMOD"/>
		<feat xlink:href="#sSpan2105" value="PPERO"/>
		<feat xlink:href="#sSpan2107" value="ADV"/>
		<feat xlink:href="#sSpan2113" value="PREP"/>
		<feat xlink:href="#sSpan2117" value="ART"/>
		<feat xlink:href="#sSpan2121" value="N"/>
		<feat xlink:href="#sSpan2125" value="APST"/>
		<feat xlink:href="#sSpan2129" value="PPERS"/>
		<feat xlink:href="#sSpan2132" value="V"/>
		<feat xlink:href="#sSpan2136" value="PREP"/>
		<feat xlink:href="#sSpan2140" value="ART"/>
		<feat xlink:href="#sSpan2143" value="N"/>
		<feat xlink:href="#sSpan2147" value="PREP"/>
		<feat xlink:href="#sSpan2151" value="N"/>
		<feat xlink:href="#sSpan2153" value="ART"/>
		<feat xlink:href="#sSpan2158" value="N"/>
		<feat xlink:href="#sSpan2161" value="NPROP"/>
		<feat xlink:href="#sSpan2167" value="CONJ"/>
		<feat xlink:href="#sSpan2173" value="APST"/>
		<feat xlink:href="#sSpan2179" value="PPERS"/>
		<feat xlink:href="#sSpan2182" value="V"/>
		<feat xlink:href="#sSpan2184" value="PTC"/>
		<feat xlink:href="#sSpan2188" value="ART"/>
		<feat xlink:href="#sSpan2194" value="N"/>
		<feat xlink:href="#sSpan2199" value="N"/>
		<feat xlink:href="#sSpan2204" value="PREP"/>
		<feat xlink:href="#sSpan2210" value="V"/>
		<feat xlink:href="#sSpan2213" value="ADV"/>
		<feat xlink:href="#sSpan2215" value="PREP"/>
		<feat xlink:href="#sSpan2221" value="PPERO"/>
		<feat xlink:href="#sSpan2223" value="PREP"/>
		<feat xlink:href="#sSpan2227" value="ART"/>
		<feat xlink:href="#sSpan2230" value="N"/>
		<feat xlink:href="#sSpan2232" value="PUNCT"/>
		<feat xlink:href="#sSpan2236" value="APST"/>
		<feat xlink:href="#sSpan2244" value="PPERS"/>
		<feat xlink:href="#sSpan2246" value="V"/>
		<feat xlink:href="#sSpan2248" value="PREP"/>
		<feat xlink:href="#sSpan2252" value="ART"/>
		<feat xlink:href="#sSpan2258" value="N"/>
		<feat xlink:href="#sSpan2263" value="APST"/>
		<feat xlink:href="#sSpan2267" value="PPERS"/>
		<feat xlink:href="#sSpan2269" value="V"/>
		<feat xlink:href="#sSpan2272" value="ADV"/>
		<feat xlink:href="#sSpan2278" value="PREP"/>
		<feat xlink:href="#sSpan2282" value="ART"/>
		<feat xlink:href="#sSpan2286" value="N"/>
		<feat xlink:href="#sSpan2290" value="IMOD"/>
		<feat xlink:href="#sSpan2294" value="PPERO"/>
		<feat xlink:href="#sSpan2296" value="CREL"/>
		<feat xlink:href="#sSpan2303" value="VSTAT"/>
		<feat xlink:href="#sSpan2305" value="ADV"/>
		<feat xlink:href="#sSpan2309" value="APREC"/>
		<feat xlink:href="#sSpan2318" value="PPERS"/>
		<feat xlink:href="#sSpan2320" value="V"/>
		<feat xlink:href="#sSpan2323" value="PTC"/>
		<feat xlink:href="#sSpan2329" value="PTC"/>
		<feat xlink:href="#sSpan2333" value="PREP"/>
		<feat xlink:href="#sSpan2337" value="ART"/>
		<feat xlink:href="#sSpan2341" value="N"/>
		<feat xlink:href="#sSpan2343" value="APST"/>
		<feat xlink:href="#sSpan2347" value="PPERS"/>
		<feat xlink:href="#sSpan2349" value="V"/>
		<feat xlink:href="#sSpan2353" value="ADV"/>
		<feat xlink:href="#sSpan2357" value="APST"/>
		<feat xlink:href="#sSpan2363" value="PPERS"/>
		<feat xlink:href="#sSpan2365" value="V"/>
		<feat xlink:href="#sSpan2367" value="PREP"/>
		<feat xlink:href="#sSpan2371" value="ART"/>
		<feat xlink:href="#sSpan2376" value="N"/>
		<feat xlink:href="#sSpan2378" value="APST"/>
		<feat xlink:href="#sSpan2384" value="PPERS"/>
		<feat xlink:href="#sSpan2386" value="ACAUS"/>
		<feat xlink:href="#sSpan2388" value="PPERS"/>
		<feat xlink:href="#sSpan2390" value="V"/>
		<feat xlink:href="#sSpan2392" value="PREP"/>
		<feat xlink:href="#sSpan2398" value="PPERO"/>
		<feat xlink:href="#sSpan2400" value="PREP"/>
		<feat xlink:href="#sSpan2404" value="N"/>
		<feat xlink:href="#sSpan2409" value="PUNCT"/>
		<feat xlink:href="#sSpan2413" value="CONJ"/>
		<feat xlink:href="#sSpan2422" value="APREC"/>
		<feat xlink:href="#sSpan2426" value="PPERS"/>
		<feat xlink:href="#sSpan2428" value="V"/>
		<feat xlink:href="#sSpan2430" value="VBD"/>
		<feat xlink:href="#sSpan2436" value="ART"/>
		<feat xlink:href="#sSpan2439" value="N"/>
		<feat xlink:href="#sSpan2441" value="PREP"/>
		<feat xlink:href="#sSpan2445" value="PPERO"/>
		<feat xlink:href="#sSpan2447" value="CONJ"/>
		<feat xlink:href="#sSpan2453" value="N"/>
		<feat xlink:href="#sSpan2459" value="CONJ"/>
		<feat xlink:href="#sSpan2463" value="PDEM"/>
		<feat xlink:href="#sSpan2469" value="N"/>
		<feat xlink:href="#sSpan2473" value="PUNCT"/>
		<feat xlink:href="#sSpan2477" value="CREL"/>
		<feat xlink:href="#sSpan2483" value="APST"/>
		<feat xlink:href="#sSpan2485" value="PPERS"/>
		<feat xlink:href="#sSpan2487" value="V"/>
		<feat xlink:href="#sSpan2489" value="PPERO"/>
		<feat xlink:href="#sSpan2491" value="PREP"/>
		<feat xlink:href="#sSpan2495" value="PPOS"/>
		<feat xlink:href="#sSpan2499" value="N"/>
		<feat xlink:href="#sSpan2504" value="PUNCT"/>
		<feat xlink:href="#sSpan2508" value="APST"/>
		<feat xlink:href="#sSpan2513" value="PPERS"/>
		<feat xlink:href="#sSpan2515" value="V"/>
		<feat xlink:href="#sSpan2520" value="ADV"/>
		<feat xlink:href="#sSpan2524" value="N"/>
		<feat xlink:href="#sSpan2532" value="V"/>
		<feat xlink:href="#sSpan2535" value="PREP"/>
		<feat xlink:href="#sSpan2541" value="ART"/>
		<feat xlink:href="#sSpan2544" value="CREL"/>
		<feat xlink:href="#sSpan2547" value="V"/>
		<feat xlink:href="#sSpan2550" value="PREP"/>
		<feat xlink:href="#sSpan2556" value="ART"/>
		<feat xlink:href="#sSpan2559" value="N"/>
		<feat xlink:href="#sSpan2561" value="PUNCT"/>
		<feat xlink:href="#sSpan2565" value="CONJ"/>
		<feat xlink:href="#sSpan2569" value="PREP"/>
		<feat xlink:href="#sSpan2573" value="PPERO"/>
		<feat xlink:href="#sSpan2575" value="ADV"/>
		<feat xlink:href="#sSpan2579" value="PPERI"/>
		<feat xlink:href="#sSpan2585" value="COP"/>
		<feat xlink:href="#sSpan2589" value="PREP"/>
		<feat xlink:href="#sSpan2593" value="PPOS"/>
		<feat xlink:href="#sSpan2598" value="N"/>
		<feat xlink:href="#sSpan2602" value="APST"/>
		<feat xlink:href="#sSpan2609" value="PPERS"/>
		<feat xlink:href="#sSpan2611" value="V"/>
		<feat xlink:href="#sSpan2613" value="PTC"/>
		<feat xlink:href="#sSpan2619" value="N"/>
		<feat xlink:href="#sSpan2622" value="CONJ"/>
		<feat xlink:href="#sSpan2628" value="ANEGOPT"/>
		<feat xlink:href="#sSpan2630" value="PPERS"/>
		<feat xlink:href="#sSpan2632" value="V"/>
		<feat xlink:href="#sSpan2639" value="ANEGAOR"/>
		<feat xlink:href="#sSpan2643" value="PPERO"/>
		<feat xlink:href="#sSpan2645" value="PREP"/>
		<feat xlink:href="#sSpan2650" value="ADV"/>
		<feat xlink:href="#sSpan2654" value="PREP"/>
		<feat xlink:href="#sSpan2658" value="ACAUS"/>
		<feat xlink:href="#sSpan2660" value="PPERS"/>
		<feat xlink:href="#sSpan2663" value="V"/>
		<feat xlink:href="#sSpan2667" value="PREP"/>
		<feat xlink:href="#sSpan2671" value="ART"/>
		<feat xlink:href="#sSpan2674" value="N"/>
		<feat xlink:href="#sSpan2678" value="PREP"/>
		<feat xlink:href="#sSpan2682" value="PDEM"/>
		<feat xlink:href="#sSpan2686" value="N"/>
		<feat xlink:href="#sSpan2691" value="CONJ"/>
		<feat xlink:href="#sSpan2695" value="CFOC"/>
		<feat xlink:href="#sSpan2701" value="PPERS"/>
		<feat xlink:href="#sSpan2703" value="FUT"/>
		<feat xlink:href="#sSpan2705" value="V"/>
		<feat xlink:href="#sSpan2707" value="V"/>
		<feat xlink:href="#sSpan2713" value="PPERO"/>
		<feat xlink:href="#sSpan2715" value="PREP"/>
		<feat xlink:href="#sSpan2719" value="ART"/>
		<feat xlink:href="#sSpan2722" value="N"/>
		<feat xlink:href="#sSpan2724" value="PREP"/>
		<feat xlink:href="#sSpan2730" value="N"/>
		<feat xlink:href="#sSpan2734" value="ART"/>
		<feat xlink:href="#sSpan2739" value="N"/>
		<feat xlink:href="#sSpan2742" value="NPROP"/>
		<feat xlink:href="#sSpan2746" value="PDEM"/>
		<feat xlink:href="#sSpan2750" value="PREP"/>
		<feat xlink:href="#sSpan2754" value="PPERS"/>
		<feat xlink:href="#sSpan2756" value="V"/>
		<feat xlink:href="#sSpan2758" value="PPOS"/>
		<feat xlink:href="#sSpan2764" value="N"/>
		<feat xlink:href="#sSpan2771" value="V"/>
		<feat xlink:href="#sSpan2774" value="ADV"/>
		<feat xlink:href="#sSpan2778" value="ADV"/>
		<feat xlink:href="#sSpan2785" value="PTC"/>
		<feat xlink:href="#sSpan2790" value="PTC"/>
		<feat xlink:href="#sSpan2794" value="ART"/>
		<feat xlink:href="#sSpan2799" value="N"/>
		<feat xlink:href="#sSpan2803" value="PUNCT"/>
		<feat xlink:href="#sSpan2807" value="VIMP"/>
		<feat xlink:href="#sSpan2812" value="V"/>
		<feat xlink:href="#sSpan2816" value="PREP"/>
		<feat xlink:href="#sSpan2820" value="PPERO"/>
		<feat xlink:href="#sSpan2822" value="NEG"/>
		<feat xlink:href="#sSpan2826" value="PPERS"/>
		<feat xlink:href="#sSpan2828" value="FUT"/>
		<feat xlink:href="#sSpan2832" value="V"/>
		<feat xlink:href="#sSpan2836" value="PREP"/>
		<feat xlink:href="#sSpan2840" value="PPOS"/>
		<feat xlink:href="#sSpan2843" value="N"/>
		<feat xlink:href="#sSpan2847" value="PREP"/>
		<feat xlink:href="#sSpan2851" value="N"/>
		<feat xlink:href="#sSpan2854" value="PUNCT"/>
		<feat xlink:href="#sSpan2859" value="CONJ"/>
		<feat xlink:href="#sSpan2866" value="NEG"/>
		<feat xlink:href="#sSpan2870" value="PPERS"/>
		<feat xlink:href="#sSpan2872" value="FUT"/>
		<feat xlink:href="#sSpan2874" value="V"/>
		<feat xlink:href="#sSpan2878" value="PPERO"/>
		<feat xlink:href="#sSpan2880" value="NEG"/>
		<feat xlink:href="#sSpan2884" value="PREP"/>
		<feat xlink:href="#sSpan2888" value="PPOS"/>
		<feat xlink:href="#sSpan2893" value="N"/>
		<feat xlink:href="#sSpan2896" value="NPROP"/>
		<feat xlink:href="#sSpan2900" value="PUNCT"/>
		<feat xlink:href="#sSpan2904" value="PDEM"/>
		<feat xlink:href="#sSpan2914" value="PTC"/>
		<feat xlink:href="#sSpan2918" value="AFUTCONJ"/>
		<feat xlink:href="#sSpan2922" value="PPERS"/>
		<feat xlink:href="#sSpan2924" value="V"/>
		<feat xlink:href="#sSpan2928" value="PPERO"/>
		<feat xlink:href="#sSpan2930" value="APST"/>
		<feat xlink:href="#sSpan2934" value="ART"/>
		<feat xlink:href="#sSpan2937" value="N"/>
		<feat xlink:href="#sSpan2939" value="V"/>
		<feat xlink:href="#sSpan2943" value="ADV"/>
		<feat xlink:href="#sSpan2949" value="APST"/>
		<feat xlink:href="#sSpan2953" value="PPERS"/>
		<feat xlink:href="#sSpan2956" value="V"/>
		<feat xlink:href="#sSpan2960" value="PREP"/>
		<feat xlink:href="#sSpan2964" value="ACAUS"/>
		<feat xlink:href="#sSpan2966" value="PPERS"/>
		<feat xlink:href="#sSpan2968" value="V"/>
		<feat xlink:href="#sSpan2972" value="PPERO"/>
		<feat xlink:href="#sSpan2974" value="PUNCT"/>
		<feat xlink:href="#sSpan2978" value="CONJ"/>
		<feat xlink:href="#sSpan2984" value="APREC"/>
		<feat xlink:href="#sSpan2991" value="PPERS"/>
		<feat xlink:href="#sSpan2993" value="V"/>
		<feat xlink:href="#sSpan2995" value="PREP"/>
		<feat xlink:href="#sSpan2999" value="PPERO"/>
		<feat xlink:href="#sSpan3001" value="PTC"/>
		<feat xlink:href="#sSpan3007" value="PPOS"/>
		<feat xlink:href="#sSpan3010" value="N"/>
		<feat xlink:href="#sSpan3012" value="CCIRC"/>
		<feat xlink:href="#sSpan3018" value="PPERS"/>
		<feat xlink:href="#sSpan3020" value="V"/>
		<feat xlink:href="#sSpan3022" value="APST"/>
		<feat xlink:href="#sSpan3026" value="PPERS"/>
		<feat xlink:href="#sSpan3028" value="V"/>
		<feat xlink:href="#sSpan3031" value="ADV"/>
		<feat xlink:href="#sSpan3037" value="CONJ"/>
		<feat xlink:href="#sSpan3041" value="PPOS"/>
		<feat xlink:href="#sSpan3044" value="N"/>
		<feat xlink:href="#sSpan3048" value="PUNCT"/>
		<feat xlink:href="#sSpan3052" value="PPERS"/>
		<feat xlink:href="#sSpan3058" value="V"/>
		<feat xlink:href="#sSpan3062" value="ACONJ"/>
		<feat xlink:href="#sSpan3066" value="PPERS"/>
		<feat xlink:href="#sSpan3068" value="V"/>
		<feat xlink:href="#sSpan3072" value="PPERO"/>
		<feat xlink:href="#sSpan3074" value="ADV"/>
		<feat xlink:href="#sSpan3078" value="PUNCT"/>
		<feat xlink:href="#sSpan3082" value="ACONJ"/>
		<feat xlink:href="#sSpan3086" value="PPERS"/>
		<feat xlink:href="#sSpan3088" value="V"/>
		<feat xlink:href="#sSpan3092" value="PPERO"/>
		<feat xlink:href="#sSpan3094" value="PREP"/>
		<feat xlink:href="#sSpan3100" value="PPERO"/>
		<feat xlink:href="#sSpan3102" value="PREP"/>
		<feat xlink:href="#sSpan3106" value="ART"/>
		<feat xlink:href="#sSpan3109" value="N"/>
		<feat xlink:href="#sSpan3111" value="PUNCT"/>
		<feat xlink:href="#sSpan3115" value="VBD"/>
		<feat xlink:href="#sSpan3123" value="PPERS"/>
		<feat xlink:href="#sSpan3125" value="PREP"/>
		<feat xlink:href="#sSpan3129" value="PPERO"/>
		<feat xlink:href="#sSpan3131" value="CONJ"/>
		<feat xlink:href="#sSpan3135" value="PTC"/>
		<feat xlink:href="#sSpan3139" value="PUNCT"/>
		<feat xlink:href="#sSpan3144" value="CONJ"/>
		<feat xlink:href="#sSpan3150" value="ART"/>
		<feat xlink:href="#sSpan3155" value="N"/>
		<feat xlink:href="#sSpan3157" value="PREP"/>
		<feat xlink:href="#sSpan3163" value="PPOS"/>
		<feat xlink:href="#sSpan3166" value="N"/>
		<feat xlink:href="#sSpan3169" value="NPROP"/>
		<feat xlink:href="#sSpan3173" value="COP"/>
		<feat xlink:href="#sSpan3179" value="PDEM"/>
		<feat xlink:href="#sSpan3184" value="PREP"/>
		<feat xlink:href="#sSpan3188" value="ACAUS"/>
		<feat xlink:href="#sSpan3190" value="PPERS"/>
		<feat xlink:href="#sSpan3192" value="V"/>
		<feat xlink:href="#sSpan3196" value="PREP"/>
		<feat xlink:href="#sSpan3200" value="PPOS"/>
		<feat xlink:href="#sSpan3203" value="N"/>
		<feat xlink:href="#sSpan3207" value="CREL"/>
		<feat xlink:href="#sSpan3211" value="VSTAT"/>
		<feat xlink:href="#sSpan3213" value="PUNCT"/>
		<feat xlink:href="#sSpan3217" value="PPOS"/>
		<feat xlink:href="#sSpan3225" value="N"/>
		<feat xlink:href="#sSpan3228" value="NPROP"/>
		<feat xlink:href="#sSpan3232" value="CPRET"/>
		<feat xlink:href="#sSpan3238" value="PPERS"/>
		<feat xlink:href="#sSpan3240" value="V"/>
		<feat xlink:href="#sSpan3243" value="N"/>
		<feat xlink:href="#sSpan3250" value="NEG"/>
		<feat xlink:href="#sSpan3254" value="PUNCT"/>
		<feat xlink:href="#sSpan3259" value="CONJ"/>
		<feat xlink:href="#sSpan3265" value="ART"/>
		<feat xlink:href="#sSpan3271" value="N"/>
		<feat xlink:href="#sSpan3273" value="PUNCT"/>
		<feat xlink:href="#sSpan3277" value="PPERI"/>
		<feat xlink:href="#sSpan3284" value="IMOD"/>
		<feat xlink:href="#sSpan3288" value="ART"/>
		<feat xlink:href="#sSpan3293" value="CREL"/>
		<feat xlink:href="#sSpan3295" value="PPERS"/>
		<feat xlink:href="#sSpan3297" value="V"/>
		<feat xlink:href="#sSpan3301" value="PREP"/>
		<feat xlink:href="#sSpan3305" value="PPERO"/>
		<feat xlink:href="#sSpan3307" value="PREP"/>
		<feat xlink:href="#sSpan3313" value="PPERO"/>
		<feat xlink:href="#sSpan3315" value="COP"/>
		<feat xlink:href="#sSpan3319" value="PDEM"/>
		<feat xlink:href="#sSpan3324" value="PUNCT"/>
		<feat xlink:href="#sSpan3328" value="CONJ"/>
		<feat xlink:href="#sSpan3333" value="V"/>
		<feat xlink:href="#sSpan3339" value="CPRET"/>
		<feat xlink:href="#sSpan3341" value="PPERS"/>
		<feat xlink:href="#sSpan3345" value="PREP"/>
		<feat xlink:href="#sSpan3349" value="PPERO"/>
		<feat xlink:href="#sSpan3351" value="PREP"/>
		<feat xlink:href="#sSpan3355" value="PPOS"/>
		<feat xlink:href="#sSpan3358" value="N"/>
		<feat xlink:href="#sSpan3365" value="IMOD"/>
		<feat xlink:href="#sSpan3369" value="PPERO"/>
		<feat xlink:href="#sSpan3371" value="ACONJ"/>
		<feat xlink:href="#sSpan3377" value="PPERS"/>
		<feat xlink:href="#sSpan3379" value="V"/>
		<feat xlink:href="#sSpan3381" value="PREP"/>
		<feat xlink:href="#sSpan3387" value="ART"/>
		<feat xlink:href="#sSpan3390" value="N"/>
		<feat xlink:href="#sSpan3392" value="PREP"/>
		<feat xlink:href="#sSpan3396" value="PPOS"/>
		<feat xlink:href="#sSpan3401" value="N"/>
		<feat xlink:href="#sSpan3404" value="NPROP"/>
		<feat xlink:href="#sSpan3408" value="ART"/>
		<feat xlink:href="#sSpan3415" value="N"/>
		<feat xlink:href="#sSpan3417" value="CONJ"/>
		<feat xlink:href="#sSpan3421" value="AOPT_PPERS"/>
		<feat xlink:href="#sSpan3427" value="V"/>
		<feat xlink:href="#sSpan3429" value="PPERO"/>
		<feat xlink:href="#sSpan3435" value="PREP"/>
		<feat xlink:href="#sSpan3439" value="ART"/>
		<feat xlink:href="#sSpan3443" value="N"/>
		<feat xlink:href="#sSpan3447" value="PREP"/>
		<feat xlink:href="#sSpan3451" value="ART"/>
		<feat xlink:href="#sSpan3455" value="N"/>
		<feat xlink:href="#sSpan3459" value="PUNCT"/>
		<feat xlink:href="#sSpan3463" value="PPERI"/>
		<feat xlink:href="#sSpan3473" value="PTC"/>
		<feat xlink:href="#sSpan3477" value="IMOD"/>
		<feat xlink:href="#sSpan3481" value="PPERO"/>
		<feat xlink:href="#sSpan3483" value="APST"/>
		<feat xlink:href="#sSpan3489" value="PPERS"/>
		<feat xlink:href="#sSpan3491" value="V"/>
		<feat xlink:href="#sSpan3494" value="ADV"/>
		<feat xlink:href="#sSpan3498" value="CONJ"/>
		<feat xlink:href="#sSpan3504" value="ART"/>
		<feat xlink:href="#sSpan3507" value="CREL"/>
		<feat xlink:href="#sSpan3509" value="APST"/>
		<feat xlink:href="#sSpan3511" value="PPERS"/>
		<feat xlink:href="#sSpan3513" value="V"/>
		<feat xlink:href="#sSpan3517" value="PPERO"/>
		<feat xlink:href="#sSpan3519" value="COP"/>
		<feat xlink:href="#sSpan3523" value="PPERS"/>
		<feat xlink:href="#sSpan3525" value="VSTAT"/>
		<feat xlink:href="#sSpan3529" value="PREP"/>
		<feat xlink:href="#sSpan3533" value="V"/>
		<feat xlink:href="#sSpan3535" value="PPERO"/>
		<feat xlink:href="#sSpan3537" value="PREP"/>
		<feat xlink:href="#sSpan3541" value="ART"/>
		<feat xlink:href="#sSpan3546" value="N"/>
		<feat xlink:href="#sSpan3548" value="PUNCT"/>
		<feat xlink:href="#sSpan3552" value="CPRET"/>
		<feat xlink:href="#sSpan3560" value="PPERS"/>
		<feat xlink:href="#sSpan3562" value="PREP"/>
		<feat xlink:href="#sSpan3564" value="PPERO"/>
		<feat xlink:href="#sSpan3566" value="PREP"/>
		<feat xlink:href="#sSpan3570" value="ART"/>
		<feat xlink:href="#sSpan3575" value="N"/>
		<feat xlink:href="#sSpan3577" value="CREL"/>
		<feat xlink:href="#sSpan3581" value="ADV"/>
		<feat xlink:href="#sSpan3585" value="PTC"/>
		<feat xlink:href="#sSpan3589" value="NUM"/>
		<feat xlink:href="#sSpan3594" value="PREP"/>
		<feat xlink:href="#sSpan3599" value="N"/>
		<feat xlink:href="#sSpan3603" value="PUNCT"/>
		<feat xlink:href="#sSpan3607" value="PREP"/>
		<feat xlink:href="#sSpan3611" value="PPOS"/>
		<feat xlink:href="#sSpan3614" value="N"/>
		<feat xlink:href="#sSpan3618" value="PREP"/>
		<feat xlink:href="#sSpan3622" value="N"/>
		<feat xlink:href="#sSpan3627" value="CONJ"/>
		<feat xlink:href="#sSpan3633" value="APST"/>
		<feat xlink:href="#sSpan3639" value="PPERS"/>
		<feat xlink:href="#sSpan3641" value="V"/>
		<feat xlink:href="#sSpan3644" value="PREP"/>
		<feat xlink:href="#sSpan3648" value="ART"/>
		<feat xlink:href="#sSpan3651" value="N"/>
		<feat xlink:href="#sSpan3653" value="PREP"/>
		<feat xlink:href="#sSpan3659" value="ART"/>
		<feat xlink:href="#sSpan3663" value="N"/>
		<feat xlink:href="#sSpan3667" value="PREP"/>
		<feat xlink:href="#sSpan3671" value="N"/>
		<feat xlink:href="#sSpan3673" value="CCIRC"/>
		<feat xlink:href="#sSpan3679" value="PPERS"/>
		<feat xlink:href="#sSpan3681" value="V"/>
		<feat xlink:href="#sSpan3683" value="PREP"/>
		<feat xlink:href="#sSpan3687" value="PPERO"/>
		<feat xlink:href="#sSpan3689" value="CONJ"/>
		<feat xlink:href="#sSpan3695" value="PPERI"/>
		<feat xlink:href="#sSpan3697" value="ART"/>
		<feat xlink:href="#sSpan3704" value="N"/>
		<feat xlink:href="#sSpan3708" value="IMOD"/>
		<feat xlink:href="#sSpan3714" value="PPERO"/>
		<feat xlink:href="#sSpan3716" value="ART"/>
		<feat xlink:href="#sSpan3721" value="N"/>
		<feat xlink:href="#sSpan3723" value="CREL"/>
		<feat xlink:href="#sSpan3729" value="PPOS"/>
		<feat xlink:href="#sSpan3732" value="N"/>
		<feat xlink:href="#sSpan3736" value="N"/>
		<feat xlink:href="#sSpan3743" value="FUT"/>
		<feat xlink:href="#sSpan3747" value="V"/>
		<feat xlink:href="#sSpan3749" value="PREP"/>
		<feat xlink:href="#sSpan3755" value="PPERO"/>
		<feat xlink:href="#sSpan3757" value="CCIRC"/>
		<feat xlink:href="#sSpan3761" value="PPERS"/>
		<feat xlink:href="#sSpan3763" value="FUT"/>
		<feat xlink:href="#sSpan3765" value="V"/>
		<feat xlink:href="#sSpan3769" value="IMOD"/>
		<feat xlink:href="#sSpan3773" value="PPERO"/>
		<feat xlink:href="#sSpan3775" value="PUNCT"/>
		<feat xlink:href="#sSpan3781" value="PREP"/>
		<feat xlink:href="#sSpan3785" value="PPERO"/>
		<feat xlink:href="#sSpan3787" value="PUNCT"/>
		<feat xlink:href="#sSpan3791" value="APREC"/>
		<feat xlink:href="#sSpan3799" value="PPERS"/>
		<feat xlink:href="#sSpan3801" value="V"/>
		<feat xlink:href="#sSpan3804" value="PTC"/>
		<feat xlink:href="#sSpan3810" value="PREP"/>
		<feat xlink:href="#sSpan3814" value="PPERO"/>
		<feat xlink:href="#sSpan3816" value="PTC"/>
		<feat xlink:href="#sSpan3820" value="ART"/>
		<feat xlink:href="#sSpan3825" value="N"/>
		<feat xlink:href="#sSpan3827" value="APST"/>
		<feat xlink:href="#sSpan3831" value="PPERS"/>
		<feat xlink:href="#sSpan3833" value="V"/>
		<feat xlink:href="#sSpan3837" value="ADV"/>
		<feat xlink:href="#sSpan3841" value="PUNCT"/>
		<feat xlink:href="#sSpan3848" value="PTC"/>
		<feat xlink:href="#sSpan3852" value="APST"/>
		<feat xlink:href="#sSpan3856" value="PPERS"/>
		<feat xlink:href="#sSpan3858" value="V"/>
		<feat xlink:href="#sSpan3862" value="PUNCT"/>
		<feat xlink:href="#sSpan3866" value="APST"/>
		<feat xlink:href="#sSpan3874" value="PPERS"/>
		<feat xlink:href="#sSpan3877" value="V"/>
		<feat xlink:href="#sSpan3879" value="PREP"/>
		<feat xlink:href="#sSpan3883" value="ACAUS"/>
		<feat xlink:href="#sSpan3887" value="PPERS"/>
		<feat xlink:href="#sSpan3889" value="V"/>
		<feat xlink:href="#sSpan3891" value="PPERO"/>
		<feat xlink:href="#sSpan3893" value="PREP"/>
		<feat xlink:href="#sSpan3899" value="PREP"/>
		<feat xlink:href="#sSpan3901" value="N"/>
		<feat xlink:href="#sSpan3904" value="ACONJ"/>
		<feat xlink:href="#sSpan3910" value="PPERS"/>
		<feat xlink:href="#sSpan3912" value="V"/>
		<feat xlink:href="#sSpan3914" value="PPERO"/>
		<feat xlink:href="#sSpan3916" value="ADV"/>
		<feat xlink:href="#sSpan3920" value="PREP"/>
		<feat xlink:href="#sSpan3926" value="ART"/>
		<feat xlink:href="#sSpan3929" value="N"/>
		<feat xlink:href="#sSpan3931" value="PREP"/>
		<feat xlink:href="#sSpan3937" value="ART"/>
		<feat xlink:href="#sSpan3941" value="N"/>
		<feat xlink:href="#sSpan3943" value="APST"/>
		<feat xlink:href="#sSpan3949" value="PPERS"/>
		<feat xlink:href="#sSpan3951" value="V"/>
		<feat xlink:href="#sSpan3953" value="PREP"/>
		<feat xlink:href="#sSpan3957" value="PPOS"/>
		<feat xlink:href="#sSpan3961" value="N"/>
		<feat xlink:href="#sSpan3965" value="APST"/>
		<feat xlink:href="#sSpan3969" value="PPERS"/>
		<feat xlink:href="#sSpan3971" value="V"/>
		<feat xlink:href="#sSpan3973" value="PPOS"/>
		<feat xlink:href="#sSpan3979" value="N"/>
		<feat xlink:href="#sSpan3981" value="PREP"/>
		<feat xlink:href="#sSpan3986" value="V"/>
		<feat xlink:href="#sSpan3990" value="CCIRC"/>
		<feat xlink:href="#sSpan3994" value="ART"/>
		<feat xlink:href="#sSpan4000" value="N"/>
		<feat xlink:href="#sSpan4005" value="N"/>
		<feat xlink:href="#sSpan4011" value="V"/>
		<feat xlink:href="#sSpan4020" value="N"/>
		<feat xlink:href="#sSpan4022" value="PPERO"/>
		<feat xlink:href="#sSpan4024" value="PREP"/>
		<feat xlink:href="#sSpan4028" value="PPERO"/>
		<feat xlink:href="#sSpan4032" value="CCIRC"/>
		<feat xlink:href="#sSpan4036" value="PPERS"/>
		<feat xlink:href="#sSpan4038" value="V"/>
		<feat xlink:href="#sSpan4040" value="PUNCT"/>
		<feat xlink:href="#sSpan4044" value="APST"/>
		<feat xlink:href="#sSpan4052" value="PPERS"/>
		<feat xlink:href="#sSpan4054" value="V"/>
		<feat xlink:href="#sSpan4056" value="APST"/>
		<feat xlink:href="#sSpan4060" value="PPERS"/>
		<feat xlink:href="#sSpan4062" value="V"/>
		<feat xlink:href="#sSpan4066" value="PREP"/>
		<feat xlink:href="#sSpan4070" value="PPOS"/>
		<feat xlink:href="#sSpan4074" value="N"/>
		<feat xlink:href="#sSpan4078" value="CCIRC"/>
		<feat xlink:href="#sSpan4082" value="PPERS"/>
		<feat xlink:href="#sSpan4084" value="VSTAT"/>
		<feat xlink:href="#sSpan4086" value="PREP"/>
		<feat xlink:href="#sSpan4090" value="ART"/>
		<feat xlink:href="#sSpan4092" value="N"/>
		<feat xlink:href="#sSpan4094" value="PREP"/>
		<feat xlink:href="#sSpan4100" value="PREP"/>
		<feat xlink:href="#sSpan4102" value="N"/>
		<feat xlink:href="#sSpan4105" value="PREP"/>
		<feat xlink:href="#sSpan4111" value="N"/>
		<feat xlink:href="#sSpan4114" value="CCIRC"/>
		<feat xlink:href="#sSpan4118" value="PPERS"/>
		<feat xlink:href="#sSpan4120" value="VSTAT"/>
		<feat xlink:href="#sSpan4124" value="ADV"/>
		<feat xlink:href="#sSpan4128" value="PREP"/>
		<feat xlink:href="#sSpan4132" value="ART"/>
		<feat xlink:href="#sSpan4135" value="N"/>
		<feat xlink:href="#sSpan4139" value="PUNCT"/>
		<feat xlink:href="#sSpan4143" value="PPERI"/>
		<feat xlink:href="#sSpan4149" value="PTC"/>
		<feat xlink:href="#sSpan4155" value="IMOD"/>
		<feat xlink:href="#sSpan4159" value="PPERO"/>
		<feat xlink:href="#sSpan4161" value="APST"/>
		<feat xlink:href="#sSpan4165" value="PPERS"/>
		<feat xlink:href="#sSpan4167" value="V"/>
		<feat xlink:href="#sSpan4171" value="ADV"/>
		<feat xlink:href="#sSpan4175" value="PREP"/>
		<feat xlink:href="#sSpan4181" value="PPOS"/>
		<feat xlink:href="#sSpan4185" value="N"/>
		<feat xlink:href="#sSpan4187" value="APST"/>
		<feat xlink:href="#sSpan4191" value="PPERS"/>
		<feat xlink:href="#sSpan4195" value="PUNCT"/>
		<feat xlink:href="#sSpan4199" value="APST"/>
		<feat xlink:href="#sSpan4204" value="PPERS"/>
		<feat xlink:href="#sSpan4207" value="PTC"/>
		<feat xlink:href="#sSpan4209" value="PDEM"/>
		<feat xlink:href="#sSpan4214" value="COP"/>
		<feat xlink:href="#sSpan4218" value="ART"/>
		<feat xlink:href="#sSpan4222" value="N"/>
		<feat xlink:href="#sSpan4224" value="CREL"/>
		<feat xlink:href="#sSpan4228" value="APST"/>
		<feat xlink:href="#sSpan4230" value="PPERS"/>
		<feat xlink:href="#sSpan4232" value="V"/>
		<feat xlink:href="#sSpan4236" value="ADV"/>
		<feat xlink:href="#sSpan4240" value="PREP"/>
		<feat xlink:href="#sSpan4244" value="PPOS"/>
		<feat xlink:href="#sSpan4249" value="N"/>
		<feat xlink:href="#sSpan4253" value="ART"/>
		<feat xlink:href="#sSpan4258" value="N"/>
		<feat xlink:href="#sSpan4264" value="N"/>
		<feat xlink:href="#sSpan4270" value="PREP"/>
		<feat xlink:href="#sSpan4274" value="PPOS"/>
		<feat xlink:href="#sSpan4277" value="N"/>
		<feat xlink:href="#sSpan4281" value="IMOD"/>
		<feat xlink:href="#sSpan4285" value="PPERO"/>
		<feat xlink:href="#sSpan4287" value="PREP"/>
		<feat xlink:href="#sSpan4291" value="ART"/>
		<feat xlink:href="#sSpan4296" value="N"/>
		<feat xlink:href="#sSpan4298" value="CREL"/>
		<feat xlink:href="#sSpan4302" value="PREP"/>
		<feat xlink:href="#sSpan4306" value="PPERO"/>
		<feat xlink:href="#sSpan4308" value="PUNCT"/>
		<feat xlink:href="#sSpan4312" value="PPOS"/>
		<feat xlink:href="#sSpan4321" value="N"/>
		<feat xlink:href="#sSpan4324" value="PTC"/>
		<feat xlink:href="#sSpan4328" value="IMOD"/>
		<feat xlink:href="#sSpan4334" value="PPERO"/>
		<feat xlink:href="#sSpan4336" value="CPRET"/>
		<feat xlink:href="#sSpan4340" value="PPERS"/>
		<feat xlink:href="#sSpan4342" value="V"/>
		<feat xlink:href="#sSpan4345" value="PREP"/>
		<feat xlink:href="#sSpan4349" value="NUM"/>
		<feat xlink:href="#sSpan4352" value="PREP"/>
		<feat xlink:href="#sSpan4356" value="N"/>
		<feat xlink:href="#sSpan4360" value="PREP"/>
		<feat xlink:href="#sSpan4364" value="NUM"/>
		<feat xlink:href="#sSpan4369" value="PREP"/>
		<feat xlink:href="#sSpan4373" value="ART"/>
		<feat xlink:href="#sSpan4376" value="ART"/>
		<feat xlink:href="#sSpan4378" value="NUM"/>
		<feat xlink:href="#sSpan4384" value="PREP"/>
		<feat xlink:href="#sSpan4389" value="N"/>
		<feat xlink:href="#sSpan4391" value="CCIRC"/>
		<feat xlink:href="#sSpan4399" value="APST"/>
		<feat xlink:href="#sSpan4401" value="PPERS"/>
		<feat xlink:href="#sSpan4403" value="V"/>
		<feat xlink:href="#sSpan4405" value="ADV"/>
		<feat xlink:href="#sSpan4409" value="PREP"/>
		<feat xlink:href="#sSpan4415" value="ART"/>
		<feat xlink:href="#sSpan4418" value="N"/>
		<feat xlink:href="#sSpan4420" value="PREP"/>
		<feat xlink:href="#sSpan4424" value="N"/>
		<feat xlink:href="#sSpan4428" value="IMOD"/>
		<feat xlink:href="#sSpan4432" value="PPERO"/>
		<feat xlink:href="#sSpan4434" value="PUNCT"/>
		<feat xlink:href="#sSpan4438" value="CREL"/>
		<feat xlink:href="#sSpan4442" value="EXIST"/>
		<feat xlink:href="#sSpan4447" value="NUM"/>
		<feat xlink:href="#sSpan4449" value="PREP"/>
		<feat xlink:href="#sSpan4453" value="N"/>
		<feat xlink:href="#sSpan4458" value="COP"/>
		<feat xlink:href="#sSpan4462" value="PREP"/>
		<feat xlink:href="#sSpan4466" value="ART"/>
		<feat xlink:href="#sSpan4470" value="N"/>
		<feat xlink:href="#sSpan4475" value="PTC"/>
		<feat xlink:href="#sSpan4479" value="PUNCT"/>
		<feat xlink:href="#sSpan4483" value="V"/>
		<feat xlink:href="#sSpan4492" value="PTC"/>
		<feat xlink:href="#sSpan4496" value="ADV"/>
		<feat xlink:href="#sSpan4502" value="PPOS"/>
		<feat xlink:href="#sSpan4507" value="N"/>
		<feat xlink:href="#sSpan4509" value="V"/>
		<feat xlink:href="#sSpan4515" value="PPERO"/>
		<feat xlink:href="#sSpan4517" value="CONJ"/>
		<feat xlink:href="#sSpan4523" value="ANEGOPT"/>
		<feat xlink:href="#sSpan4525" value="ART"/>
		<feat xlink:href="#sSpan4528" value="N"/>
		<feat xlink:href="#sSpan4532" value="V"/>
		<feat xlink:href="#sSpan4536" value="PPERO"/>
		<feat xlink:href="#sSpan4538" value="PREP"/>
		<feat xlink:href="#sSpan4542" value="ART"/>
		<feat xlink:href="#sSpan4545" value="CREL"/>
		<feat xlink:href="#sSpan4547" value="V"/>
		<feat xlink:href="#sSpan4551" value="PPERO"/>
		<feat xlink:href="#sSpan4553" value="PREP"/>
		<feat xlink:href="#sSpan4559" value="PPERO"/>
		<feat xlink:href="#sSpan4562" value="CONJ"/>
		<feat xlink:href="#sSpan4566" value="AAOR"/>
		<feat xlink:href="#sSpan4572" value="PPERS"/>
		<feat xlink:href="#sSpan4575" value="V"/>
		<feat xlink:href="#sSpan4577" value="PREP"/>
		<feat xlink:href="#sSpan4583" value="PPERO"/>
		<feat xlink:href="#sSpan4585" value="ACONJ"/>
		<feat xlink:href="#sSpan4589" value="PPERS"/>
		<feat xlink:href="#sSpan4592" value="V"/>
		<feat xlink:href="#sSpan4595" value="PREP"/>
		<feat xlink:href="#sSpan4601" value="PPERO"/>
		<feat xlink:href="#sSpan4603" value="PUNCT"/>
		<feat xlink:href="#sSpan4607" value="APST"/>
		<feat xlink:href="#sSpan4614" value="PPERS"/>
		<feat xlink:href="#sSpan4616" value="V"/>
		<feat xlink:href="#sSpan4621" value="PTC"/>
		<feat xlink:href="#sSpan4625" value="APREC"/>
		<feat xlink:href="#sSpan4629" value="PPERS"/>
		<feat xlink:href="#sSpan4635" value="ART"/>
		<feat xlink:href="#sSpan4641" value="N"/>
		<feat xlink:href="#sSpan4647" value="N"/>
		<feat xlink:href="#sSpan4655" value="PREP"/>
		<feat xlink:href="#sSpan4659" value="ART"/>
		<feat xlink:href="#sSpan4662" value="N"/>
		<feat xlink:href="#sSpan4666" value="PREP"/>
		<feat xlink:href="#sSpan4670" value="ART"/>
		<feat xlink:href="#sSpan4675" value="N"/>
		<feat xlink:href="#sSpan4679" value="PREP"/>
		<feat xlink:href="#sSpan4681" value="NUM"/>
		<feat xlink:href="#sSpan4686" value="PREP"/>
		<feat xlink:href="#sSpan4690" value="NUM"/>
		<feat xlink:href="#sSpan4695" value="PREP"/>
		<feat xlink:href="#sSpan4699" value="N"/>
		<feat xlink:href="#sSpan4703" value="PREP"/>
		<feat xlink:href="#sSpan4707" value="PPOS"/>
		<feat xlink:href="#sSpan4710" value="N"/>
		<feat xlink:href="#sSpan4714" value="COP"/>
		<feat xlink:href="#sSpan4718" value="PREP"/>
		<feat xlink:href="#sSpan4724" value="ART"/>
		<feat xlink:href="#sSpan4729" value="N"/>
		<feat xlink:href="#sSpan4735" value="PREP"/>
		<feat xlink:href="#sSpan4737" value="CCIRC"/>
		<feat xlink:href="#sSpan4746" value="PPERS"/>
		<feat xlink:href="#sSpan4748" value="V"/>
		<feat xlink:href="#sSpan4750" value="COP"/>
		<feat xlink:href="#sSpan4754" value="PREP"/>
		<feat xlink:href="#sSpan4760" value="PPOS"/>
		<feat xlink:href="#sSpan4762" value="N"/>
		<feat xlink:href="#sSpan4764" value="CCIRC"/>
		<feat xlink:href="#sSpan4770" value="PPERS"/>
		<feat xlink:href="#sSpan4772" value="VSTAT"/>
		<feat xlink:href="#sSpan4774" value="ADV"/>
		<feat xlink:href="#sSpan4779" value="PREP"/>
		<feat xlink:href="#sSpan4785" value="N"/>
		<feat xlink:href="#sSpan4789" value="PINT"/>
		<feat xlink:href="#sSpan4793" value="CCIRC"/>
		<feat xlink:href="#sSpan4799" value="VBD"/>
		<feat xlink:href="#sSpan4801" value="PPERS"/>
		<feat xlink:href="#sSpan4803" value="PUNCT"/>
		<feat xlink:href="#sSpan4807" value="PDEM"/>
		<feat xlink:href="#sSpan4817" value="PTC"/>
		<feat xlink:href="#sSpan4821" value="PPOS"/>
		<feat xlink:href="#sSpan4826" value="N"/>
		<feat xlink:href="#sSpan4828" value="COP"/>
		<feat xlink:href="#sSpan4834" value="CCIRC"/>
		<feat xlink:href="#sSpan4838" value="PPERS"/>
		<feat xlink:href="#sSpan4840" value="V"/>
		<feat xlink:href="#sSpan4842" value="N"/>
		<feat xlink:href="#sSpan4844" value="PPERO"/>
		<feat xlink:href="#sSpan4846" value="PREP"/>
		<feat xlink:href="#sSpan4852" value="ART"/>
		<feat xlink:href="#sSpan4855" value="N"/>
		<feat xlink:href="#sSpan4857" value="PREP"/>
		<feat xlink:href="#sSpan4861" value="N"/>
		<feat xlink:href="#sSpan4864" value="PINT"/>
		<feat xlink:href="#sSpan4870" value="PREP"/>
		<feat xlink:href="#sSpan4874" value="N"/>
		<feat xlink:href="#sSpan4879" value="PREP"/>
		<feat xlink:href="#sSpan4881" value="V"/>
		<feat xlink:href="#sSpan4883" value="CCIRC"/>
		<feat xlink:href="#sSpan4887" value="PPERS"/>
		<feat xlink:href="#sSpan4889" value="V"/>
		<feat xlink:href="#sSpan4893" value="PREP"/>
		<feat xlink:href="#sSpan4897" value="PPERO"/>
		<feat xlink:href="#sSpan4900" value="CONJ"/>
		<feat xlink:href="#sSpan4906" value="COP"/>
		<feat xlink:href="#sSpan4910" value="PUNCT"/>
		<feat xlink:href="#sSpan4915" value="CONJ"/>
		<feat xlink:href="#sSpan4920" value="ACOND"/>
		<feat xlink:href="#sSpan4926" value="ART"/>
		<feat xlink:href="#sSpan4929" value="N"/>
		<feat xlink:href="#sSpan4933" value="VSTAT"/>
		<feat xlink:href="#sSpan4937" value="ART"/>
		<feat xlink:href="#sSpan4940" value="N"/>
		<feat xlink:href="#sSpan4942" value="PREP"/>
		<feat xlink:href="#sSpan4948" value="PPOS"/>
		<feat xlink:href="#sSpan4951" value="N"/>
		<feat xlink:href="#sSpan4953" value="PPERI"/>
		<feat xlink:href="#sSpan4959" value="COP"/>
		<feat xlink:href="#sSpan4963" value="AAOR"/>
		<feat xlink:href="#sSpan4967" value="PPERS"/>
		<feat xlink:href="#sSpan4970" value="V"/>
		<feat xlink:href="#sSpan4974" value="PREP"/>
		<feat xlink:href="#sSpan4980" value="PPERO"/>
		<feat xlink:href="#sSpan4982" value="PUNCT"/>
		<feat xlink:href="#sSpan4986" value="PREP"/>
		<feat xlink:href="#sSpan4995" value="PDEM"/>
		<feat xlink:href="#sSpan4998" value="CPRET"/>
		<feat xlink:href="#sSpan5002" value="PPERS"/>
		<feat xlink:href="#sSpan5004" value="V"/>
		<feat xlink:href="#sSpan5008" value="PREP"/>
		<feat xlink:href="#sSpan5012" value="PPERO"/>
		<feat xlink:href="#sSpan5014" value="PTC"/>
		<feat xlink:href="#sSpan5020" value="PPOS"/>
		<feat xlink:href="#sSpan5022" value="ART"/>
		<feat xlink:href="#sSpan5025" value="N"/>
		<feat xlink:href="#sSpan5029" value="IMOD"/>
		<feat xlink:href="#sSpan5035" value="PPERO"/>
		<feat xlink:href="#sSpan5037" value="PREP"/>
		<feat xlink:href="#sSpan5041" value="PPOS"/>
		<feat xlink:href="#sSpan5044" value="N"/>
		<feat xlink:href="#sSpan5048" value="PREP"/>
		<feat xlink:href="#sSpan5052" value="PPOS"/>
		<feat xlink:href="#sSpan5055" value="N"/>
		<feat xlink:href="#sSpan5059" value="ART"/>
		<feat xlink:href="#sSpan5067" value="N"/>
		<feat xlink:href="#sSpan5070" value="NUM"/>
		<feat xlink:href="#sSpan5075" value="PTC"/>
		<feat xlink:href="#sSpan5080" value="NPROP"/>
		<feat xlink:href="#sSpan5086" value="CPRET"/>
		<feat xlink:href="#sSpan5090" value="PPERS"/>
		<feat xlink:href="#sSpan5092" value="V"/>
		<feat xlink:href="#sSpan5098" value="ADV"/>
		<feat xlink:href="#sSpan5102" value="ADV"/>
		<feat xlink:href="#sSpan5108" value="PREP"/>
		<feat xlink:href="#sSpan5112" value="ART"/>
		<feat xlink:href="#sSpan5116" value="N"/>
		<feat xlink:href="#sSpan5122" value="N"/>
		<feat xlink:href="#sSpan5128" value="CONJ"/>
		<feat xlink:href="#sSpan5134" value="CPRET"/>
		<feat xlink:href="#sSpan5140" value="PPERS"/>
		<feat xlink:href="#sSpan5143" value="V"/>
		<feat xlink:href="#sSpan5145" value="CCIRC"/>
		<feat xlink:href="#sSpan5149" value="PPERS"/>
		<feat xlink:href="#sSpan5151" value="V"/>
		<feat xlink:href="#sSpan5153" value="PREP"/>
		<feat xlink:href="#sSpan5159" value="PPERO"/>
		<feat xlink:href="#sSpan5161" value="PUNCT"/>
		<feat xlink:href="#sSpan5165" value="CONJ"/>
		<feat xlink:href="#sSpan5170" value="CONJ"/>
		<feat xlink:href="#sSpan5174" value="ACOND_PPERS"/>
		<feat xlink:href="#sSpan5178" value="V"/>
		<feat xlink:href="#sSpan5182" value="ACONJ"/>
		<feat xlink:href="#sSpan5186" value="PPERS"/>
		<feat xlink:href="#sSpan5188" value="V"/>
		<feat xlink:href="#sSpan5192" value="PPERO"/>
		<feat xlink:href="#sSpan5194" value="PREP"/>
		<feat xlink:href="#sSpan5198" value="PPERO"/>
		<feat xlink:href="#sSpan5200" value="ADV"/>
		<feat xlink:href="#sSpan5204" value="ACONJ_PPERS"/>
		<feat xlink:href="#sSpan5210" value="V"/>
		<feat xlink:href="#sSpan5212" value="PREP"/>
		<feat xlink:href="#sSpan5216" value="PPOS"/>
		<feat xlink:href="#sSpan5219" value="N"/>
		<feat xlink:href="#sSpan5223" value="PREP"/>
		<feat xlink:href="#sSpan5227" value="ART"/>
		<feat xlink:href="#sSpan5230" value="N"/>
		<feat xlink:href="#sSpan5232" value="PUNCT"/>
		<feat xlink:href="#sSpan5236" value="PPERS"/>
		<feat xlink:href="#sSpan5244" value="VSTAT"/>
		<feat xlink:href="#sSpan5246" value="PTC"/>
		<feat xlink:href="#sSpan5250" value="ART"/>
		<feat xlink:href="#sSpan5253" value="N"/>
		<feat xlink:href="#sSpan5257" value="CONJ"/>
		<feat xlink:href="#sSpan5261" value="PPERS"/>
		<feat xlink:href="#sSpan5265" value="VSTAT"/>
		<feat xlink:href="#sSpan5269" value="PTC"/>
		<feat xlink:href="#sSpan5273" value="PPOS"/>
		<feat xlink:href="#sSpan5277" value="N"/>
		<feat xlink:href="#sSpan5281" value="CONJ"/>
		<feat xlink:href="#sSpan5285" value="ART"/>
		<feat xlink:href="#sSpan5288" value="N"/>
		<feat xlink:href="#sSpan5292" value="CREL"/>
		<feat xlink:href="#sSpan5296" value="APST"/>
		<feat xlink:href="#sSpan5298" value="PPERS"/>
		<feat xlink:href="#sSpan5300" value="V"/>
		<feat xlink:href="#sSpan5302" value="PREP"/>
		<feat xlink:href="#sSpan5308" value="PPERO"/>
		<feat xlink:href="#sSpan5310" value="PUNCT"/>
		<feat xlink:href="#sSpan5314" value="PPERS"/>
		<feat xlink:href="#sSpan5319" value="FUT"/>
		<feat xlink:href="#sSpan5321" value="V"/>
		<feat xlink:href="#sSpan5325" value="PREP"/>
		<feat xlink:href="#sSpan5329" value="PPERO"/>
		<feat xlink:href="#sSpan5331" value="PUNCT"/>
		<feat xlink:href="#sSpan5337" value="PUNCT"/>
		<feat xlink:href="#sSpan5341" value="APREC"/>
		<feat xlink:href="#sSpan5349" value="PPERS"/>
		<feat xlink:href="#sSpan5351" value="V"/>
		<feat xlink:href="#sSpan5354" value="PTC"/>
		<feat xlink:href="#sSpan5358" value="CCIRC"/>
		<feat xlink:href="#sSpan5364" value="PPERS"/>
		<feat xlink:href="#sSpan5366" value="V"/>
		<feat xlink:href="#sSpan5369" value="ADV"/>
		<feat xlink:href="#sSpan5373" value="PREP"/>
		<feat xlink:href="#sSpan5379" value="PDEM"/>
		<feat xlink:href="#sSpan5382" value="APST"/>
		<feat xlink:href="#sSpan5386" value="ART"/>
		<feat xlink:href="#sSpan5389" value="N"/>
		<feat xlink:href="#sSpan5393" value="V"/>
		<feat xlink:href="#sSpan5397" value="PREP"/>
		<feat xlink:href="#sSpan5403" value="PPERO"/>
		<feat xlink:href="#sSpan5405" value="CONJ"/>
		<feat xlink:href="#sSpan5409" value="N"/>
		<feat xlink:href="#sSpan5415" value="NPROP"/>
		<feat xlink:href="#sSpan5420" value="PPERI"/>
		<feat xlink:href="#sSpan5428" value="PTC"/>
		<feat xlink:href="#sSpan5432" value="VBD"/>
		<feat xlink:href="#sSpan5436" value="PPERS"/>
		<feat xlink:href="#sSpan5438" value="CONJ"/>
		<feat xlink:href="#sSpan5444" value="PTC"/>
		<feat xlink:href="#sSpan5447" value="PTC"/>
		<feat xlink:href="#sSpan5449" value="PPERI"/>
		<feat xlink:href="#sSpan5455" value="ART"/>
		<feat xlink:href="#sSpan5460" value="N"/>
		<feat xlink:href="#sSpan5462" value="PPERI"/>
		<feat xlink:href="#sSpan5471" value="PINT"/>
		<feat xlink:href="#sSpan5475" value="PREP"/>
		<feat xlink:href="#sSpan5479" value="ART"/>
		<feat xlink:href="#sSpan5482" value="CREL"/>
		<feat xlink:href="#sSpan5484" value="V"/>
		<feat xlink:href="#sSpan5488" value="PREP"/>
		<feat xlink:href="#sSpan5492" value="PPERO"/>
		<feat xlink:href="#sSpan5494" value="PUNCT"/>
		<feat xlink:href="#sSpan5498" value="CPRET"/>
		<feat xlink:href="#sSpan5506" value="PPERS"/>
		<feat xlink:href="#sSpan5508" value="V"/>
		<feat xlink:href="#sSpan5510" value="PTC"/>
		<feat xlink:href="#sSpan5514" value="ART"/>
		<feat xlink:href="#sSpan5518" value="ART"/>
		<feat xlink:href="#sSpan5520" value="N"/>
		<feat xlink:href="#sSpan5524" value="CONJ"/>
		<feat xlink:href="#sSpan5528" value="CREL"/>
		<feat xlink:href="#sSpan5532" value="APST"/>
		<feat xlink:href="#sSpan5534" value="PPERS"/>
		<feat xlink:href="#sSpan5536" value="V"/>
		<feat xlink:href="#sSpan5540" value="ART"/>
		<feat xlink:href="#sSpan5545" value="N"/>
		<feat xlink:href="#sSpan5547" value="APST"/>
		<feat xlink:href="#sSpan5551" value="PPERS"/>
		<feat xlink:href="#sSpan5553" value="V"/>
		<feat xlink:href="#sSpan5557" value="PREP"/>
		<feat xlink:href="#sSpan5561" value="V"/>
		<feat xlink:href="#sSpan5565" value="ACAUS"/>
		<feat xlink:href="#sSpan5567" value="V"/>
		<feat xlink:href="#sSpan5571" value="PPERO"/>
		<feat xlink:href="#sSpan5573" value="PUNCT"/>
		<feat xlink:href="#sSpan5577" value="APST"/>
		<feat xlink:href="#sSpan5585" value="ART"/>
		<feat xlink:href="#sSpan5588" value="N"/>
		<feat xlink:href="#sSpan5590" value="V"/>
		<feat xlink:href="#sSpan5596" value="PREP"/>
		<feat xlink:href="#sSpan5600" value="PPERO"/>
		<feat xlink:href="#sSpan5602" value="PREP"/>
		<feat xlink:href="#sSpan5606" value="ART"/>
		<feat xlink:href="#sSpan5612" value="N"/>
		<feat xlink:href="#sSpan5616" value="CONJ"/>
		<feat xlink:href="#sSpan5620" value="PPOS"/>
		<feat xlink:href="#sSpan5623" value="N"/>
		<feat xlink:href="#sSpan5626" value="NPROP"/>
		<feat xlink:href="#sSpan5633" value="V"/>
		<feat xlink:href="#sSpan5639" value="NEG"/>
		<feat xlink:href="#sSpan5643" value="PREP"/>
		<feat xlink:href="#sSpan5649" value="ART"/>
		<feat xlink:href="#sSpan5651" value="N"/>
		<feat xlink:href="#sSpan5654" value="PREP"/>
		<feat xlink:href="#sSpan5658" value="PPOS"/>
		<feat xlink:href="#sSpan5660" value="N"/>
		<feat xlink:href="#sSpan5662" value="VIMP"/>
		<feat xlink:href="#sSpan5668" value="PREP"/>
		<feat xlink:href="#sSpan5672" value="PPERO"/>
		<feat xlink:href="#sSpan5674" value="PREP"/>
		<feat xlink:href="#sSpan5678" value="AAOR"/>
		<feat xlink:href="#sSpan5680" value="PPERS"/>
		<feat xlink:href="#sSpan5685" value="V"/>
		<feat xlink:href="#sSpan5687" value="PREP"/>
		<feat xlink:href="#sSpan5691" value="N"/>
		<feat xlink:href="#sSpan5696" value="ACONJ"/>
		<feat xlink:href="#sSpan5700" value="PPERS"/>
		<feat xlink:href="#sSpan5702" value="V"/>
		<feat xlink:href="#sSpan5706" value="PPERO"/>
		<feat xlink:href="#sSpan5709" value="CONJ"/>
		<feat xlink:href="#sSpan5713" value="V"/>
		<feat xlink:href="#sSpan5717" value="PREP"/>
		<feat xlink:href="#sSpan5721" value="PPOS"/>
		<feat xlink:href="#sSpan5724" value="N"/>
		<feat xlink:href="#sSpan5728" value="ACONJ"/>
		<feat xlink:href="#sSpan5732" value="PPERS"/>
		<feat xlink:href="#sSpan5734" value="V"/>
		<feat xlink:href="#sSpan5738" value="PREP"/>
		<feat xlink:href="#sSpan5742" value="ART"/>
		<feat xlink:href="#sSpan5745" value="N"/>
		<feat xlink:href="#sSpan5747" value="PINT"/>
		<feat xlink:href="#sSpan5752" value="COP"/>
		<feat xlink:href="#sSpan5757" value="NPROP"/>
		<feat xlink:href="#sSpan5761" value="ART"/>
		<feat xlink:href="#sSpan5766" value="N"/>
		<feat xlink:href="#sSpan5771" value="PREP"/>
		<feat xlink:href="#sSpan5775" value="ART"/>
		<feat xlink:href="#sSpan5778" value="N"/>
		<feat xlink:href="#sSpan5782" value="PREP"/>
		<feat xlink:href="#sSpan5786" value="ART"/>
		<feat xlink:href="#sSpan5789" value="N"/>
		<feat xlink:href="#sSpan5791" value="PUNCT"/>
		<feat xlink:href="#sSpan5795" value="PPERI"/>
		<feat xlink:href="#sSpan5802" value="COP"/>
		<feat xlink:href="#sSpan5807" value="NPROP"/>
		<feat xlink:href="#sSpan5812" value="ART"/>
		<feat xlink:href="#sSpan5816" value="N"/>
		<feat xlink:href="#sSpan5821" value="PREP"/>
		<feat xlink:href="#sSpan5825" value="N"/>
		<feat xlink:href="#sSpan5827" value="AOPT_PPERS"/>
		<feat xlink:href="#sSpan5832" value="V"/>
		<feat xlink:href="#sSpan5837" value="PREP"/>
		<feat xlink:href="#sSpan5841" value="V"/>
		<feat xlink:href="#sSpan5843" value="PINT"/>
		<feat xlink:href="#sSpan5847" value="CCIRC"/>
		<feat xlink:href="#sSpan5851" value="PPERS"/>
		<feat xlink:href="#sSpan5853" value="PREP"/>
		<feat xlink:href="#sSpan5859" value="ART"/>
		<feat xlink:href="#sSpan5862" value="CREL"/>
		<feat xlink:href="#sSpan5864" value="VSTAT"/>
		<feat xlink:href="#sSpan5866" value="PUNCT"/>
		<feat xlink:href="#sSpan5871" value="V"/>
		<feat xlink:href="#sSpan5879" value="PPERO"/>
		<feat xlink:href="#sSpan5881" value="COP"/>
		<feat xlink:href="#sSpan5886" value="NPROP"/>
		<feat xlink:href="#sSpan5891" value="ART"/>
		<feat xlink:href="#sSpan5896" value="N"/>
		<feat xlink:href="#sSpan5901" value="PREP"/>
		<feat xlink:href="#sSpan5905" value="ART"/>
		<feat xlink:href="#sSpan5908" value="N"/>
		<feat xlink:href="#sSpan5910" value="PREP"/>
		<feat xlink:href="#sSpan5916" value="N"/>
		<feat xlink:href="#sSpan5919" value="PREP"/>
		<feat xlink:href="#sSpan5923" value="N"/>
		<feat xlink:href="#sSpan5925" value="PREP"/>
		<feat xlink:href="#sSpan5931" value="ART"/>
		<feat xlink:href="#sSpan5934" value="N"/>
		<feat xlink:href="#sSpan5936" value="PREP"/>
		<feat xlink:href="#sSpan5941" value="N"/>
		<feat xlink:href="#sSpan5945" value="PPERI"/>
		<feat xlink:href="#sSpan5952" value="COP"/>
		<feat xlink:href="#sSpan5957" value="NPROP"/>
		<feat xlink:href="#sSpan5962" value="ART"/>
		<feat xlink:href="#sSpan5966" value="N"/>
		<feat xlink:href="#sSpan5970" value="PREP"/>
		<feat xlink:href="#sSpan5974" value="ART"/>
		<feat xlink:href="#sSpan5977" value="PREP"/>
		<feat xlink:href="#sSpan5979" value="ART"/>
		<feat xlink:href="#sSpan5981" value="N"/>
		<feat xlink:href="#sSpan5983" value="PREP"/>
		<feat xlink:href="#sSpan5989" value="N"/>
		<feat xlink:href="#sSpan5994" value="PUNCT"/>
		<feat xlink:href="#sSpan5998" value="PPERI"/>
		<feat xlink:href="#sSpan6006" value="COP"/>
		<feat xlink:href="#sSpan6011" value="NPROP"/>
		<feat xlink:href="#sSpan6016" value="ART"/>
		<feat xlink:href="#sSpan6020" value="N"/>
		<feat xlink:href="#sSpan6024" value="UNKNOWN"/>
		<feat xlink:href="#sSpan6030" value="UNKNOWN"/>
		<feat xlink:href="#sSpan6032" value="ADV"/>
		<feat xlink:href="#sSpan6036" value="PUNCT"/>
		<feat xlink:href="#sSpan6040" value="PPERI"/>
		<feat xlink:href="#sSpan6048" value="COP"/>
		<feat xlink:href="#sSpan6053" value="NPROP"/>
		<feat xlink:href="#sSpan6058" value="PREP"/>
		<feat xlink:href="#sSpan6062" value="ART"/>
		<feat xlink:href="#sSpan6066" value="N"/>
		<feat xlink:href="#sSpan6070" value="PREP"/>
		<feat xlink:href="#sSpan6074" value="N"/>
		<feat xlink:href="#sSpan6078" value="PINT"/>
		<feat xlink:href="#sSpan6084" value="CREL"/>
		<feat xlink:href="#sSpan6089" value="V"/>
		<feat xlink:href="#sSpan6093" value="PREP"/>
		<feat xlink:href="#sSpan6097" value="PPERO"/>
		<feat xlink:href="#sSpan6099" value="PREP"/>
		<feat xlink:href="#sSpan6103" value="PPOS"/>
		<feat xlink:href="#sSpan6108" value="N"/>
		<feat xlink:href="#sSpan6110" value="IMOD"/>
		<feat xlink:href="#sSpan6114" value="PPERO"/>
		<feat xlink:href="#sSpan6116" value="PDEM"/>
		<feat xlink:href="#sSpan6126" value="PTC"/>
		<feat xlink:href="#sSpan6130" value="APREC"/>
		<feat xlink:href="#sSpan6134" value="PPERS"/>
		<feat xlink:href="#sSpan6136" value="V"/>
		<feat xlink:href="#sSpan6140" value="PREP"/>
		<feat xlink:href="#sSpan6144" value="PPERO"/>
		<feat xlink:href="#sSpan6146" value="PTC"/>
		<feat xlink:href="#sSpan6152" value="ART"/>
		<feat xlink:href="#sSpan6155" value="N"/>
		<feat xlink:href="#sSpan6157" value="CREL"/>
		<feat xlink:href="#sSpan6159" value="PPERS"/>
		<feat xlink:href="#sSpan6161" value="V"/>
		<feat xlink:href="#sSpan6165" value="PPERO"/>
		<feat xlink:href="#sSpan6168" value="NPROP"/>
		<feat xlink:href="#sSpan6173" value="APST"/>
		<feat xlink:href="#sSpan6177" value="PPERS"/>
		<feat xlink:href="#sSpan6179" value="V"/>
		<feat xlink:href="#sSpan6183" value="PREP"/>
		<feat xlink:href="#sSpan6187" value="PPOS"/>
		<feat xlink:href="#sSpan6190" value="N"/>
		<feat xlink:href="#sSpan6192" value="ADV"/>
		<feat xlink:href="#sSpan6198" value="APST"/>
		<feat xlink:href="#sSpan6202" value="PPERS"/>
		<feat xlink:href="#sSpan6204" value="V"/>
		<feat xlink:href="#sSpan6206" value="PTC"/>
		<feat xlink:href="#sSpan6210" value="CCIRC"/>
		<feat xlink:href="#sSpan6216" value="PPERS"/>
		<feat xlink:href="#sSpan6218" value="VSTAT"/>
		<feat xlink:href="#sSpan6220" value="ADV"/>
		<feat xlink:href="#sSpan6224" value="PREP"/>
		<feat xlink:href="#sSpan6233" value="CONJ"/>
		<feat xlink:href="#sSpan6237" value="N"/>
		<feat xlink:href="#sSpan6239" value="PREP"/>
		<feat xlink:href="#sSpan6245" value="ART"/>
		<feat xlink:href="#sSpan6249" value="N"/>
		<feat xlink:href="#sSpan6251" value="PUNCT"/>
		<feat xlink:href="#sSpan6255" value="CCIRC"/>
		<feat xlink:href="#sSpan6264" value="NPROP"/>
		<feat xlink:href="#sSpan6267" value="ART"/>
		<feat xlink:href="#sSpan6274" value="N"/>
		<feat xlink:href="#sSpan6276" value="PREP"/>
		<feat xlink:href="#sSpan6282" value="N"/>
		<feat xlink:href="#sSpan6285" value="PREP"/>
		<feat xlink:href="#sSpan6291" value="PPERO"/>
		<feat xlink:href="#sSpan6293" value="CCIRC"/>
		<feat xlink:href="#sSpan6297" value="ART"/>
		<feat xlink:href="#sSpan6301" value="N"/>
		<feat xlink:href="#sSpan6307" value="N"/>
		<feat xlink:href="#sSpan6314" value="PREP"/>
		<feat xlink:href="#sSpan6318" value="N"/>
		<feat xlink:href="#sSpan6323" value="PREP"/>
		<feat xlink:href="#sSpan6327" value="PPERO"/>
		<feat xlink:href="#sSpan6329" value="PUNCT"/>
		<feat xlink:href="#sSpan6333" value="CCIRC"/>
		<feat xlink:href="#sSpan6339" value="ART"/>
		<feat xlink:href="#sSpan6342" value="N"/>
		<feat xlink:href="#sSpan6344" value="CCIRC"/>
		<feat xlink:href="#sSpan6348" value="PPERS"/>
		<feat xlink:href="#sSpan6350" value="VSTAT"/>
		<feat xlink:href="#sSpan6354" value="VSTAT"/>
		<feat xlink:href="#sSpan6358" value="PREP"/>
		<feat xlink:href="#sSpan6362" value="PREP"/>
		<feat xlink:href="#sSpan6366" value="PPERO"/>
		<feat xlink:href="#sSpan6368" value="PUNCT"/>
		<feat xlink:href="#sSpan6372" value="CCIRC"/>
		<feat xlink:href="#sSpan6376" value="EXIST"/>
		<feat xlink:href="#sSpan6378" value="N"/>
		<feat xlink:href="#sSpan6380" value="ART"/>
		<feat xlink:href="#sSpan6387" value="N"/>
		<feat xlink:href="#sSpan6389" value="PREP"/>
		<feat xlink:href="#sSpan6393" value="PDEM"/>
		<feat xlink:href="#sSpan6397" value="N"/>
		<feat xlink:href="#sSpan6401" value="PREP"/>
		<feat xlink:href="#sSpan6406" value="V"/>
		<feat xlink:href="#sSpan6410" value="PREP"/>
		<feat xlink:href="#sSpan6414" value="PPERO"/>
		<feat xlink:href="#sSpan6416" value="PUNCT"/>
		<feat xlink:href="#sSpan6420" value="AOPT_PPERS"/>
		<feat xlink:href="#sSpan6428" value="V"/>
		<feat xlink:href="#sSpan6430" value="PREP"/>
		<feat xlink:href="#sSpan6434" value="PDEM"/>
		<feat xlink:href="#sSpan6439" value="PTC"/>
		<feat xlink:href="#sSpan6443" value="ART"/>
		<feat xlink:href="#sSpan6447" value="N"/>
		<feat xlink:href="#sSpan6454" value="NPROP"/>
		<feat xlink:href="#sSpan6460" value="APST"/>
		<feat xlink:href="#sSpan6464" value="PPERS"/>
		<feat xlink:href="#sSpan6466" value="V"/>
		<feat xlink:href="#sSpan6468" value="PPERO"/>
		<feat xlink:href="#sSpan6470" value="PREP"/>
		<feat xlink:href="#sSpan6476" value="ART"/>
		<feat xlink:href="#sSpan6479" value="N"/>
		<feat xlink:href="#sSpan6481" value="ADV"/>
		<feat xlink:href="#sSpan6487" value="PREP"/>
		<feat xlink:href="#sSpan6491" value="ART"/>
		<feat xlink:href="#sSpan6494" value="N"/>
		<feat xlink:href="#sSpan6496" value="CCIRC"/>
		<feat xlink:href="#sSpan6502" value="PPERS"/>
		<feat xlink:href="#sSpan6504" value="V"/>
		<feat xlink:href="#sSpan6506" value="PREP"/>
		<feat xlink:href="#sSpan6510" value="PPERO"/>
		<feat xlink:href="#sSpan6512" value="CONJ"/>
		<feat xlink:href="#sSpan6518" value="V"/>
		<feat xlink:href="#sSpan6520" value="PREP"/>
		<feat xlink:href="#sSpan6524" value="PPERO"/>
		<feat xlink:href="#sSpan6526" value="ADV"/>
		<feat xlink:href="#sSpan6532" value="PPOS"/>
		<feat xlink:href="#sSpan6538" value="PPERI"/>
		<feat xlink:href="#sSpan6542" value="ART"/>
		<feat xlink:href="#sSpan6545" value="N"/>
		<feat xlink:href="#sSpan6549" value="PREP"/>
		<feat xlink:href="#sSpan6554" value="N"/>
		<feat xlink:href="#sSpan6561" value="CONJ"/>
		<feat xlink:href="#sSpan6565" value="PPERS"/>
		<feat xlink:href="#sSpan6569" value="V"/>
		<feat xlink:href="#sSpan6574" value="PPOS"/>
		<feat xlink:href="#sSpan6579" value="N"/>
		<feat xlink:href="#sSpan6583" value="CONJ"/>
		<feat xlink:href="#sSpan6587" value="AAOR"/>
		<feat xlink:href="#sSpan6589" value="PPERS"/>
		<feat xlink:href="#sSpan6592" value="V"/>
		<feat xlink:href="#sSpan6598" value="PUNCT"/>
		<feat xlink:href="#sSpan6602" value="PREP"/>
		<feat xlink:href="#sSpan6607" value="ART"/>
		<feat xlink:href="#sSpan6613" value="N"/>
		<feat xlink:href="#sSpan6617" value="ACOND_PPERS"/>
		<feat xlink:href="#sSpan6623" value="V"/>
		<feat xlink:href="#sSpan6625" value="PPERO"/>
		<feat xlink:href="#sSpan6627" value="ACONJ"/>
		<feat xlink:href="#sSpan6633" value="PPERS"/>
		<feat xlink:href="#sSpan6636" value="V"/>
		<feat xlink:href="#sSpan6638" value="PPERS"/>
		<feat xlink:href="#sSpan6645" value="V"/>
		<feat xlink:href="#sSpan6647" value="ADV"/>
		<feat xlink:href="#sSpan6651" value="PREP"/>
		<feat xlink:href="#sSpan6657" value="PPERO"/>
		<feat xlink:href="#sSpan6659" value="PPOS"/>
		<feat xlink:href="#sSpan6664" value="N"/>
		<feat xlink:href="#sSpan6667" value="NPROP"/>
		<feat xlink:href="#sSpan6673" value="ART"/>
		<feat xlink:href="#sSpan6678" value="N"/>
		<feat xlink:href="#sSpan6680" value="COP"/>
		<feat xlink:href="#sSpan6684" value="CREL"/>
		<feat xlink:href="#sSpan6688" value="AAOR"/>
		<feat xlink:href="#sSpan6690" value="PPERS"/>
		<feat xlink:href="#sSpan6692" value="V"/>
		<feat xlink:href="#sSpan6695" value="ADV"/>
		<feat xlink:href="#sSpan6701" value="PREP"/>
		<feat xlink:href="#sSpan6705" value="ART"/>
		<feat xlink:href="#sSpan6709" value="N"/>
		<feat xlink:href="#sSpan6715" value="IMOD"/>
		<feat xlink:href="#sSpan6719" value="PPERO"/>
		<feat xlink:href="#sSpan6721" value="V"/>
		<feat xlink:href="#sSpan6727" value="PREP"/>
		<feat xlink:href="#sSpan6731" value="PPERO"/>
		<feat xlink:href="#sSpan6733" value="ADV"/>
		<feat xlink:href="#sSpan6737" value="V"/>
		<feat xlink:href="#sSpan6743" value="ART"/>
		<feat xlink:href="#sSpan6746" value="N"/>
		<feat xlink:href="#sSpan6748" value="IMOD"/>
		<feat xlink:href="#sSpan6754" value="PPERO"/>
		<feat xlink:href="#sSpan6756" value="PTC"/>
		<feat xlink:href="#sSpan6760" value="APST"/>
		<feat xlink:href="#sSpan6762" value="PPERS"/>
		<feat xlink:href="#sSpan6764" value="V"/>
		<feat xlink:href="#sSpan6768" value="PPERO"/>
		<feat xlink:href="#sSpan6770" value="PUNCT"/>
		<feat xlink:href="#sSpan6774" value="V"/>
		<feat xlink:href="#sSpan6778" value="VSTAT"/>
		<feat xlink:href="#sSpan6782" value="PREP"/>
		<feat xlink:href="#sSpan6787" value="N"/>
		<feat xlink:href="#sSpan6793" value="PREP"/>
		<feat xlink:href="#sSpan6797" value="PPERO"/>
		<feat xlink:href="#sSpan6799" value="PUNCT"/>
		<feat xlink:href="#sSpan6803" value="CONJ"/>
		<feat xlink:href="#sSpan6812" value="PREP"/>
		<feat xlink:href="#sSpan6816" value="ART"/>
		<feat xlink:href="#sSpan6818" value="N"/>
		<feat xlink:href="#sSpan6820" value="CREL"/>
		<feat xlink:href="#sSpan6826" value="ADV"/>
		<feat xlink:href="#sSpan6828" value="APST"/>
		<feat xlink:href="#sSpan6832" value="NPROP"/>
		<feat xlink:href="#sSpan6837" value="PPERS"/>
		<feat xlink:href="#sSpan6839" value="V"/>
		<feat xlink:href="#sSpan6843" value="PPERO"/>
		<feat xlink:href="#sSpan6845" value="ADV"/>
		<feat xlink:href="#sSpan6851" value="CCIRC"/>
		<feat xlink:href="#sSpan6855" value="PPERS"/>
		<feat xlink:href="#sSpan6857" value="V"/>
		<feat xlink:href="#sSpan6859" value="PREP"/>
		<feat xlink:href="#sSpan6865" value="PPERO"/>
		<feat xlink:href="#sSpan6867" value="PREP"/>
		<feat xlink:href="#sSpan6871" value="PPERO"/>
		<feat xlink:href="#sSpan6873" value="CONJ"/>
		<feat xlink:href="#sSpan6877" value="V"/>
		<feat xlink:href="#sSpan6881" value="ADV"/>
		<feat xlink:href="#sSpan6885" value="PPOS"/>
		<feat xlink:href="#sSpan6890" value="N"/>
		<feat xlink:href="#sSpan6893" value="NPROP"/>
		<feat xlink:href="#sSpan6899" value="PPERI"/>
		<feat xlink:href="#sSpan6903" value="COP"/>
		<feat xlink:href="#sSpan6911" value="NPROP"/>
		<feat xlink:href="#sSpan6916" value="PREP"/>
		<feat xlink:href="#sSpan6920" value="ART"/>
		<feat xlink:href="#sSpan6924" value="N"/>
		<feat xlink:href="#sSpan6926" value="PREP"/>
		<feat xlink:href="#sSpan6932" value="PPERO"/>
		<feat xlink:href="#sSpan6935" value="PTC"/>
		<feat xlink:href="#sSpan6939" value="PPERS"/>
		<feat xlink:href="#sSpan6948" value="V"/>
		<feat xlink:href="#sSpan6950" value="PREP"/>
		<feat xlink:href="#sSpan6954" value="PPERO"/>
		<feat xlink:href="#sSpan6956" value="PREP"/>
		<feat xlink:href="#sSpan6962" value="PPERO"/>
		<feat xlink:href="#sSpan6964" value="CONJ"/>
		<feat xlink:href="#sSpan6968" value="PPERS"/>
		<feat xlink:href="#sSpan6970" value="FUT"/>
		<feat xlink:href="#sSpan6973" value="V"/>
		<feat xlink:href="#sSpan6977" value="PREP"/>
		<feat xlink:href="#sSpan6981" value="PPERO"/>
		<feat xlink:href="#sSpan6983" value="PREP"/>
		<feat xlink:href="#sSpan6987" value="PPOS"/>
		<feat xlink:href="#sSpan6993" value="N"/>
		<feat xlink:href="#sSpan6996" value="PTC"/>
		<feat xlink:href="#sSpan7004" value="PTC"/>
		<feat xlink:href="#sSpan7007" value="PTC"/>
		<feat xlink:href="#sSpan7011" value="APST"/>
		<feat xlink:href="#sSpan7017" value="PPERS"/>
		<feat xlink:href="#sSpan7019" value="V"/>
		<feat xlink:href="#sSpan7021" value="PREP"/>
		<feat xlink:href="#sSpan7025" value="V"/>
		<feat xlink:href="#sSpan7027" value="PREP"/>
		<feat xlink:href="#sSpan7031" value="PPOS"/>
		<feat xlink:href="#sSpan7036" value="N"/>
		<feat xlink:href="#sSpan7038" value="PREP"/>
		<feat xlink:href="#sSpan7042" value="ART"/>
		<feat xlink:href="#sSpan7045" value="N"/>
		<feat xlink:href="#sSpan7049" value="PREP"/>
		<feat xlink:href="#sSpan7053" value="ART"/>
		<feat xlink:href="#sSpan7058" value="N"/>
		<feat xlink:href="#sSpan7060" value="PUNCT"/>
		<feat xlink:href="#sSpan7064" value="PPERS"/>
		<feat xlink:href="#sSpan7072" value="V"/>
		<feat xlink:href="#sSpan7075" value="PTC"/>
		<feat xlink:href="#sSpan7079" value="CONJ"/>
		<feat xlink:href="#sSpan7083" value="PPERS"/>
		<feat xlink:href="#sSpan7087" value="FUT"/>
		<feat xlink:href="#sSpan7089" value="V"/>
		<feat xlink:href="#sSpan7091" value="N"/>
		<feat xlink:href="#sSpan7094" value="PREP"/>
		<feat xlink:href="#sSpan7100" value="N"/>
		<feat xlink:href="#sSpan7102" value="PREP"/>
		<feat xlink:href="#sSpan7106" value="PPOS"/>
		<feat xlink:href="#sSpan7109" value="N"/>
		<feat xlink:href="#sSpan7113" value="CONJ"/>
		<feat xlink:href="#sSpan7119" value="PUNCT"/>
		<feat xlink:href="#sSpan7123" value="NEG"/>
		<feat xlink:href="#sSpan7130" value="PPERS"/>
		<feat xlink:href="#sSpan7132" value="FUT"/>
		<feat xlink:href="#sSpan7134" value="V"/>
		<feat xlink:href="#sSpan7136" value="V"/>
		<feat xlink:href="#sSpan7140" value="PREP"/>
		<feat xlink:href="#sSpan7144" value="PPERO"/>
		<feat xlink:href="#sSpan7146" value="NEG"/>
		<feat xlink:href="#sSpan7150" value="CONJ"/>
		<feat xlink:href="#sSpan7156" value="PPERS"/>
		<feat xlink:href="#sSpan7158" value="V"/>
		<feat xlink:href="#sSpan7160" value="PREP"/>
		<feat xlink:href="#sSpan7166" value="PPERO"/>
		<feat xlink:href="#sSpan7168" value="PREP"/>
		<feat xlink:href="#sSpan7172" value="N"/>
		<feat xlink:href="#sSpan7175" value="PINT"/>
		<feat xlink:href="#sSpan7181" value="CREL"/>
		<feat xlink:href="#sSpan7185" value="PPERS"/>
		<feat xlink:href="#sSpan7187" value="FUT"/>
		<feat xlink:href="#sSpan7189" value="V"/>
		<feat xlink:href="#sSpan7193" value="PPERO"/>
		<feat xlink:href="#sSpan7195" value="PREP"/>
		<feat xlink:href="#sSpan7199" value="NUM"/>
		<feat xlink:href="#sSpan7204" value="FM"/>
		<feat xlink:href="#sSpan7210" value="PPERS"/>
		<feat xlink:href="#sSpan7212" value="V"/>
		<feat xlink:href="#sSpan7218" value="ADV"/>
		<feat xlink:href="#sSpan7222" value="PREP"/>
		<feat xlink:href="#sSpan7226" value="PPOS"/>
		<feat xlink:href="#sSpan7231" value="CONJ"/>
		<feat xlink:href="#sSpan7240" value="PTC"/>
		<feat xlink:href="#sSpan7244" value="PREP"/>
		<feat xlink:href="#sSpan7249" value="V"/>
		<feat xlink:href="#sSpan7252" value="ART"/>
		<feat xlink:href="#sSpan7257" value="N"/>
		<feat xlink:href="#sSpan7259" value="V"/>
		<feat xlink:href="#sSpan7265" value="PREP"/>
		<feat xlink:href="#sSpan7269" value="PPERO"/>
		<feat xlink:href="#sSpan7271" value="PUNCT"/>
		<feat xlink:href="#sSpan7275" value="PREP"/>
		<feat xlink:href="#sSpan7281" value="N"/>
		<feat xlink:href="#sSpan7285" value="PREP"/>
		<feat xlink:href="#sSpan7289" value="N"/>
		<feat xlink:href="#sSpan7292" value="V"/>
		<feat xlink:href="#sSpan7297" value="PREP"/>
		<feat xlink:href="#sSpan7301" value="PPERO"/>
		<feat xlink:href="#sSpan7304" value="PREP"/>
		<feat xlink:href="#sSpan7310" value="PPOS"/>
		<feat xlink:href="#sSpan7314" value="PPERS"/>
		<feat xlink:href="#sSpan7318" value="FUT"/>
		<feat xlink:href="#sSpan7320" value="V"/>
		<feat xlink:href="#sSpan7324" value="PREP"/>
		<feat xlink:href="#sSpan7328" value="PPERO"/>
		<feat xlink:href="#sSpan7330" value="PREP"/>
		<feat xlink:href="#sSpan7336" value="ART"/>
		<feat xlink:href="#sSpan7340" value="N"/>
		<feat xlink:href="#sSpan7346" value="ACONJ"/>
		<feat xlink:href="#sSpan7350" value="PPERS"/>
		<feat xlink:href="#sSpan7352" value="V"/>
		<feat xlink:href="#sSpan7356" value="PREP"/>
		<feat xlink:href="#sSpan7362" value="PPERO"/>
		<feat xlink:href="#sSpan7364" value="ALIM"/>
		<feat xlink:href="#sSpan7368" value="PPERS"/>
		<feat xlink:href="#sSpan7370" value="V"/>
		<feat xlink:href="#sSpan7374" value="PPERO"/>
		<feat xlink:href="#sSpan7376" value="PREP"/>
		<feat xlink:href="#sSpan7380" value="PPERO"/>
		<feat xlink:href="#sSpan7382" value="PPERS"/>
		<feat xlink:href="#sSpan7389" value="FUT"/>
		<feat xlink:href="#sSpan7391" value="V"/>
		<feat xlink:href="#sSpan7393" value="PPERO"/>
		<feat xlink:href="#sSpan7396" value="PTC"/>
		<feat xlink:href="#sSpan7400" value="CONJ"/>
		<feat xlink:href="#sSpan7404" value="PREP"/>
		<feat xlink:href="#sSpan7409" value="PINT"/>
		<feat xlink:href="#sSpan7411" value="APST"/>
		<feat xlink:href="#sSpan7415" value="PPERS"/>
		<feat xlink:href="#sSpan7417" value="V"/>
		<feat xlink:href="#sSpan7421" value="PREP"/>
		<feat xlink:href="#sSpan7425" value="PPERO"/>
		<feat xlink:href="#sSpan7427" value="ANEGPST"/>
		<feat xlink:href="#sSpan7434" value="PPERS"/>
		<feat xlink:href="#sSpan7436" value="V"/>
		<feat xlink:href="#sSpan7438" value="PREP"/>
		<feat xlink:href="#sSpan7442" value="PPERO"/>
		<feat xlink:href="#sSpan7444" value="PREP"/>
		<feat xlink:href="#sSpan7450" value="ART"/>
		<feat xlink:href="#sSpan7452" value="N"/>
		<feat xlink:href="#sSpan7454" value="V"/>
		<feat xlink:href="#sSpan7459" value="PREP"/>
		<feat xlink:href="#sSpan7463" value="PPERO"/>
		<feat xlink:href="#sSpan7465" value="IMOD"/>
		<feat xlink:href="#sSpan7469" value="PPERO"/>
		<feat xlink:href="#sSpan7471" value="PREP"/>
		<feat xlink:href="#sSpan7477" value="N"/>
		<feat xlink:href="#sSpan7482" value="ART"/>
		<feat xlink:href="#sSpan7487" value="N"/>
		<feat xlink:href="#sSpan7489" value="CREL"/>
		<feat xlink:href="#sSpan7495" value="VSTAT"/>
		<feat xlink:href="#sSpan7497" value="PREP"/>
		<feat xlink:href="#sSpan7501" value="PPERS"/>
		<feat xlink:href="#sSpan7503" value="FUT"/>
		<feat xlink:href="#sSpan7507" value="V"/>
		<feat xlink:href="#sSpan7509" value="PPERO"/>
		<feat xlink:href="#sSpan7511" value="PREP"/>
		<feat xlink:href="#sSpan7515" value="PPOS"/>
		<feat xlink:href="#sSpan7518" value="N"/>
		<feat xlink:href="#sSpan7522" value="PUNCT"/>
		<feat xlink:href="#sSpan7526" value="PPERI"/>
		<feat xlink:href="#sSpan7535" value="PTC"/>
		<feat xlink:href="#sSpan7539" value="PPERS"/>
		<feat xlink:href="#sSpan7543" value="VSTAT"/>
		<feat xlink:href="#sSpan7547" value="PREP"/>
		<feat xlink:href="#sSpan7551" value="N"/>
		<feat xlink:href="#sSpan7556" value="PPERS"/>
		<feat xlink:href="#sSpan7560" value="FUT"/>
		<feat xlink:href="#sSpan7562" value="V"/>
		<feat xlink:href="#sSpan7566" value="PPERO"/>
		<feat xlink:href="#sSpan7568" value="PREP"/>
		<feat xlink:href="#sSpan7573" value="N"/>
		<feat xlink:href="#sSpan7576" value="PREP"/>
		<feat xlink:href="#sSpan7580" value="PPERO"/>
		<feat xlink:href="#sSpan7582" value="IMOD"/>
		<feat xlink:href="#sSpan7586" value="PPERO"/>
		<feat xlink:href="#sSpan7588" value="CCIRC"/>
		<feat xlink:href="#sSpan7592" value="PPERS"/>
		<feat xlink:href="#sSpan7596" value="ALIM"/>
		<feat xlink:href="#sSpan7600" value="PPOS"/>
		<feat xlink:href="#sSpan7605" value="N"/>
		<feat xlink:href="#sSpan7608" value="V"/>
		<feat xlink:href="#sSpan7613" value="ADV"/>
		<feat xlink:href="#sSpan7623" value="PREP"/>
		<feat xlink:href="#sSpan7627" value="PPERO"/>
		<feat xlink:href="#sSpan7629" value="V"/>
		<feat xlink:href="#sSpan7636" value="PTC"/>
		<feat xlink:href="#sSpan7640" value="ADV"/>
		<feat xlink:href="#sSpan7646" value="VIMP"/>
		<feat xlink:href="#sSpan7651" value="V"/>
		<feat xlink:href="#sSpan7657" value="PREP"/>
		<feat xlink:href="#sSpan7661" value="PPOS"/>
		<feat xlink:href="#sSpan7664" value="N"/>
		<feat xlink:href="#sSpan7668" value="V"/>
		<feat xlink:href="#sSpan7674" value="PDEM"/>
		<feat xlink:href="#sSpan7678" value="CREL"/>
		<feat xlink:href="#sSpan7684" value="APST"/>
		<feat xlink:href="#sSpan7686" value="PPERS"/>
		<feat xlink:href="#sSpan7689" value="V"/>
		<feat xlink:href="#sSpan7691" value="PREP"/>
		<feat xlink:href="#sSpan7697" value="ACAUS"/>
		<feat xlink:href="#sSpan7699" value="PPERS"/>
		<feat xlink:href="#sSpan7701" value="V"/>
		<feat xlink:href="#sSpan7703" value="PREP"/>
		<feat xlink:href="#sSpan7709" value="PPERO"/>
		<feat xlink:href="#sSpan7711" value="PDEM"/>
		<feat xlink:href="#sSpan7718" value="PTC"/>
		<feat xlink:href="#sSpan7724" value="AFUTCONJ"/>
		<feat xlink:href="#sSpan7728" value="ART"/>
		<feat xlink:href="#sSpan7732" value="N"/>
		<feat xlink:href="#sSpan7736" value="V"/>
		<feat xlink:href="#sSpan7740" value="PPERO"/>
		<feat xlink:href="#sSpan7742" value="PREP"/>
		<feat xlink:href="#sSpan7746" value="PPERO"/>
		<feat xlink:href="#sSpan7748" value="APST"/>
		<feat xlink:href="#sSpan7754" value="PPERS"/>
		<feat xlink:href="#sSpan7756" value="V"/>
		<feat xlink:href="#sSpan7758" value="PREP"/>
		<feat xlink:href="#sSpan7762" value="PPERO"/>
		<feat xlink:href="#sSpan7764" value="PREP"/>
		<feat xlink:href="#sSpan7768" value="ART"/>
		<feat xlink:href="#sSpan7772" value="N"/>
		<feat xlink:href="#sSpan7776" value="APST"/>
		<feat xlink:href="#sSpan7780" value="PPERS"/>
		<feat xlink:href="#sSpan7782" value="V"/>
		<feat xlink:href="#sSpan7785" value="ADV"/>
		<feat xlink:href="#sSpan7791" value="PREP"/>
		<feat xlink:href="#sSpan7795" value="N"/>
		<feat xlink:href="#sSpan7798" value="PREP"/>
		<feat xlink:href="#sSpan7804" value="ART"/>
		<feat xlink:href="#sSpan7807" value="N"/>
		<feat xlink:href="#sSpan7809" value="PUNCT"/>
		<feat xlink:href="#sSpan7813" value="CCIRC"/>
		<feat xlink:href="#sSpan7820" value="ART"/>
		<feat xlink:href="#sSpan7824" value="N"/>
		<feat xlink:href="#sSpan7831" value="NPROP"/>
		<feat xlink:href="#sSpan7835" value="V"/>
		<feat xlink:href="#sSpan7841" value="PREP"/>
		<feat xlink:href="#sSpan7845" value="PPERO"/>
		<feat xlink:href="#sSpan7847" value="CONJ"/>
		<feat xlink:href="#sSpan7855" value="PTC"/>
		<feat xlink:href="#sSpan7859" value="ADV"/>
		<feat xlink:href="#sSpan7863" value="CPRET"/>
		<feat xlink:href="#sSpan7869" value="ART"/>
		<feat xlink:href="#sSpan7872" value="N"/>
		<feat xlink:href="#sSpan7874" value="PREP"/>
		<feat xlink:href="#sSpan7881" value="N"/>
		<feat xlink:href="#sSpan7884" value="V"/>
		<feat xlink:href="#sSpan7890" value="ADV"/>
		<feat xlink:href="#sSpan7894" value="PREP"/>
		<feat xlink:href="#sSpan7900" value="N"/>
		<feat xlink:href="#sSpan7903" value="CREL"/>
		<feat xlink:href="#sSpan7909" value="ART"/>
		<feat xlink:href="#sSpan7912" value="N"/>
		<feat xlink:href="#sSpan7914" value="VSTAT"/>
		<feat xlink:href="#sSpan7919" value="NPROP"/>
		<feat xlink:href="#sSpan7924" value="PREP"/>
		<feat xlink:href="#sSpan7928" value="V"/>
		<feat xlink:href="#sSpan7933" value="PREP"/>
		<feat xlink:href="#sSpan7937" value="N"/>
		<feat xlink:href="#sSpan7940" value="PPERS"/>
		<feat xlink:href="#sSpan7942" value="N"/>
		<feat xlink:href="#sSpan7951" value="PTC"/>
		<feat xlink:href="#sSpan7955" value="AFUTCONJ"/>
		<feat xlink:href="#sSpan7962" value="PPERS"/>
		<feat xlink:href="#sSpan7964" value="V"/>
		<feat xlink:href="#sSpan7966" value="ANEGPST"/>
		<feat xlink:href="#sSpan7972" value="ART"/>
		<feat xlink:href="#sSpan7976" value="N"/>
		<feat xlink:href="#sSpan7983" value="NPROP"/>
		<feat xlink:href="#sSpan7987" value="V"/>
		<feat xlink:href="#sSpan7992" value="PREP"/>
		<feat xlink:href="#sSpan7998" value="ART"/>
		<feat xlink:href="#sSpan8002" value="N"/>
		<feat xlink:href="#sSpan8006" value="PREP"/>
		<feat xlink:href="#sSpan8010" value="ART"/>
		<feat xlink:href="#sSpan8013" value="N"/>
		<feat xlink:href="#sSpan8015" value="PUNCT"/>
		<feat xlink:href="#sSpan8020" value="PREP"/>
		<feat xlink:href="#sSpan8027" value="PPOS"/>
		<feat xlink:href="#sSpan8030" value="N"/>
		<feat xlink:href="#sSpan8033" value="ADV"/>
		<feat xlink:href="#sSpan8040" value="APST"/>
		<feat xlink:href="#sSpan8044" value="ART"/>
		<feat xlink:href="#sSpan8047" value="N"/>
		<feat xlink:href="#sSpan8049" value="V"/>
		<feat xlink:href="#sSpan8055" value="PREP"/>
		<feat xlink:href="#sSpan8059" value="PPERO"/>
		<feat xlink:href="#sSpan8061" value="VBD"/>
		<feat xlink:href="#sSpan8067" value="ART"/>
		<feat xlink:href="#sSpan8070" value="NPROP"/>
		<feat xlink:href="#sSpan8072" value="V"/>
		<feat xlink:href="#sSpan8076" value="PREP"/>
		<feat xlink:href="#sSpan8080" value="PPERO"/>
		<feat xlink:href="#sSpan8082" value="CONJ"/>
		<feat xlink:href="#sSpan8086" value="ART"/>
		<feat xlink:href="#sSpan8091" value="N"/>
		<feat xlink:href="#sSpan8093" value="V"/>
		<feat xlink:href="#sSpan8097" value="PREP"/>
		<feat xlink:href="#sSpan8103" value="PPERO"/>
		<feat xlink:href="#sSpan8106" value="PTC"/>
		<feat xlink:href="#sSpan8111" value="NPROP"/>
		<feat xlink:href="#sSpan8118" value="PUNCT"/>
		<feat xlink:href="#sSpan8122" value="VBD"/>
		<feat xlink:href="#sSpan8128" value="PPERO"/>
		<feat xlink:href="#sSpan8130" value="PREP"/>
		<feat xlink:href="#sSpan8136" value="N"/>
		<feat xlink:href="#sSpan8139" value="ANEGPST"/>
		<feat xlink:href="#sSpan8143" value="PPERS"/>
		<feat xlink:href="#sSpan8145" value="V"/>
		<feat xlink:href="#sSpan8150" value="PREP"/>
		<feat xlink:href="#sSpan8154" value="ART"/>
		<feat xlink:href="#sSpan8158" value="N"/>
		<feat xlink:href="#sSpan8162" value="PUNCT"/>
		<feat xlink:href="#sSpan8166" value="VBD"/>
		<feat xlink:href="#sSpan8174" value="ART"/>
		<feat xlink:href="#sSpan8176" value="N"/>
		<feat xlink:href="#sSpan8179" value="PREP"/>
		<feat xlink:href="#sSpan8183" value="PREP"/>
		<feat xlink:href="#sSpan8187" value="PPERO"/>
		<feat xlink:href="#sSpan8189" value="CONJ"/>
		<feat xlink:href="#sSpan8193" value="VIMP"/>
		<feat xlink:href="#sSpan8197" value="VIMP"/>
		<feat xlink:href="#sSpan8201" value="PPERO"/>
		<feat xlink:href="#sSpan8203" value="PREP"/>
		<feat xlink:href="#sSpan8207" value="ART"/>
		<feat xlink:href="#sSpan8212" value="N"/>
		<feat xlink:href="#sSpan8214" value="CONJ"/>
		<feat xlink:href="#sSpan8218" value="COP"/>
		<feat xlink:href="#sSpan8220" value="CONJ"/>
		<feat xlink:href="#sSpan8225" value="NPROP"/>
		<feat xlink:href="#sSpan8228" value="ART"/>
		<feat xlink:href="#sSpan8232" value="N"/>
		<feat xlink:href="#sSpan8236" value="PREP"/>
		<feat xlink:href="#sSpan8241" value="NPROP"/>
		<feat xlink:href="#sSpan8244" value="ART"/>
		<feat xlink:href="#sSpan8249" value="N"/>
		<feat xlink:href="#sSpan8253" value="CONJ"/>
		<feat xlink:href="#sSpan8257" value="NEG"/>
		<feat xlink:href="#sSpan8259" value="PPERS"/>
		<feat xlink:href="#sSpan8261" value="FUT"/>
		<feat xlink:href="#sSpan8264" value="V"/>
		<feat xlink:href="#sSpan8268" value="PREP"/>
		<feat xlink:href="#sSpan8272" value="PPERO"/>
		<feat xlink:href="#sSpan8274" value="NEG"/>
		<feat xlink:href="#sSpan8280" value="PREP"/>
		<feat xlink:href="#sSpan8284" value="PDEM"/>
		<feat xlink:href="#sSpan8287" value="N"/>
		<feat xlink:href="#sSpan8289" value="CONJ"/>
		<feat xlink:href="#sSpan8295" value="NEG"/>
		<feat xlink:href="#sSpan8297" value="V"/>
		<feat xlink:href="#sSpan8299" value="NEG"/>
		<feat xlink:href="#sSpan8303" value="PREP"/>
		<feat xlink:href="#sSpan8309" value="ART"/>
		<feat xlink:href="#sSpan8312" value="CREL"/>
		<feat xlink:href="#sSpan8314" value="VSTAT"/>
		<feat xlink:href="#sSpan8316" value="PREP"/></featList></paula>