<?xml version='1.0' encoding='UTF-8'?><!DOCTYPE paula SYSTEM "paula_feat.dtd">
<paula version="1.1">
	<header paula_id="scriptorium.bohairic.1Cor_05.mark_verse_n"/>
	<featList xmlns:xlink="http://www.w3.org/1999/xlink" type="verse_n" xml:base="scriptorium.bohairic.1Cor_05.mark.xml">
		<feat xlink:href="#sSpan7" value="1"/>
		<feat xlink:href="#sSpan116" value="2"/>
		<feat xlink:href="#sSpan231" value="3"/>
		<feat xlink:href="#sSpan359" value="4"/>
		<feat xlink:href="#sSpan447" value="5"/>
		<feat xlink:href="#sSpan552" value="6"/>
		<feat xlink:href="#sSpan621" value="7"/>
		<feat xlink:href="#sSpan739" value="8"/>
		<feat xlink:href="#sSpan843" value="9"/>
		<feat xlink:href="#sSpan890" value="10"/>
		<feat xlink:href="#sSpan1008" value="11"/>
		<feat xlink:href="#sSpan1198" value="12"/>
		<feat xlink:href="#sSpan1264" value="13"/></featList></paula>