<?xml version='1.0' encoding='UTF-8'?><!DOCTYPE paula SYSTEM "paula_feat.dtd">
<paula version="1.1">
	<header paula_id="scriptorium.johannes.canons.FA33-34.mark_norm_group"/>
	<featList xmlns:xlink="http://www.w3.org/1999/xlink" type="norm_group" xml:base="scriptorium.johannes.canons.FA33-34.mark.xml">
		<feat xlink:href="#sSpan4" value="ⲇⲁⲓⲙⲱⲛ"/>
		<feat xlink:href="#sSpan16" value="ⲉⲧⲣⲉⲩⲕⲗⲏⲣⲟⲛⲟⲙⲉⲓ"/>
		<feat xlink:href="#sSpan31" value="ϩⲱⲟⲩ"/>
		<feat xlink:href="#sSpan38" value="ⲛⲙⲙⲁϥ"/>
		<feat xlink:href="#sSpan44" value="ⲙⲡⲕⲱϩⲧ"/>
		<feat xlink:href="#sSpan53" value="ⲙⲛⲡϥⲛⲧ"/>
		<feat xlink:href="#sSpan62" value="·"/>
		<feat xlink:href="#sSpan66" value="ⲉⲩϣⲟⲃⲉ"/>
		<feat xlink:href="#sSpan78" value="ⲉⲣⲟϥ"/>
		<feat xlink:href="#sSpan85" value="ⲧⲉⲛⲟⲩ"/>
		<feat xlink:href="#sSpan89" value="ϩⲛⲟⲩ"/>
		<feat xlink:href="#sSpan96" value="ⲛϩⲣⲁⲓ"/>
		<feat xlink:href="#sSpan100" value="ϩⲛⲁⲙⲛⲧⲉ"/>
		<feat xlink:href="#sSpan107" value="·"/>
		<feat xlink:href="#sSpan111" value="ⲛϭⲓⲛⲉⲛⲧⲁⲩⲃⲱⲕ"/>
		<feat xlink:href="#sSpan131" value="ⲉⲡⲉⲥⲏⲧ"/>
		<feat xlink:href="#sSpan139" value="ⲉⲣⲟϥ"/>
		<feat xlink:href="#sSpan146" value="ⲧⲏⲣⲟⲩ"/>
		<feat xlink:href="#sSpan152" value="ϫⲓⲛⲛϣⲟⲣⲡ"/>
		<feat xlink:href="#sSpan161" value="ϣⲁϩⲣⲁⲓ"/>
		<feat xlink:href="#sSpan166" value="ⲉⲧⲉⲛⲟⲩ"/>
		<feat xlink:href="#sSpan171" value="ⲙⲛⲛⲉⲧⲛⲁⲃⲱⲕ"/>
		<feat xlink:href="#sSpan184" value="ⲟⲛ"/>
		<feat xlink:href="#sSpan188" value="ⲉⲡⲉⲥⲏⲧ"/>
		<feat xlink:href="#sSpan197" value="ⲉⲣⲟϥ"/>
		<feat xlink:href="#sSpan203" value="ϣⲁϩⲣⲁⲓ"/>
		<feat xlink:href="#sSpan208" value="ⲉⲧⲥⲩⲛⲧⲉⲗⲉⲓⲁ"/>
		<feat xlink:href="#sSpan218" value="ⲙⲡⲁⲓⲱⲛ"/>
		<feat xlink:href="#sSpan228" value="ⲕⲁⲧⲁⲡⲉⲙⲡϣⲁ"/>
		<feat xlink:href="#sSpan237" value="ⲛⲛⲛⲟⲃⲉ"/>
		<feat xlink:href="#sSpan246" value="ⲙⲡⲟⲩⲁ"/>
		<feat xlink:href="#sSpan254" value="ⲡⲟⲩⲁ"/>
		<feat xlink:href="#sSpan261" value="·"/>
		<feat xlink:href="#sSpan265" value="ⲟⲩ"/>
		<feat xlink:href="#sSpan273" value="ϭⲉ"/>
		<feat xlink:href="#sSpan277" value="ⲧⲉⲛⲟⲩ"/>
		<feat xlink:href="#sSpan282" value="ⲡⲉ"/>
		<feat xlink:href="#sSpan286" value="ⲡϣⲓⲃⲉ"/>
		<feat xlink:href="#sSpan293" value="ⲙⲡⲇⲓⲁⲃⲟⲗⲟⲥ"/>
		<feat xlink:href="#sSpan306" value="ⲙⲛⲛⲉϥⲇⲁⲓⲙⲱⲛ"/>
		<feat xlink:href="#sSpan317" value="ⲁⲩⲱ"/>
		<feat xlink:href="#sSpan323" value="ⲓⲟⲩⲇⲁⲥ"/>
		<feat xlink:href="#sSpan327" value="ⲙⲛⲛⲣⲉϥⲣⲛⲟⲃⲉ"/>
		<feat xlink:href="#sSpan339" value="ⲧⲏⲣⲟⲩ"/>
		<feat xlink:href="#sSpan346" value="ⲉⲧⲛⲁⲙⲟⲩ"/>
		<feat xlink:href="#sSpan355" value="ⲛϩⲣⲁⲓ"/>
		<feat xlink:href="#sSpan359" value="ϩⲛⲛⲉⲩⲛⲟⲃⲉ"/>
		<feat xlink:href="#sSpan368" value="ⲉⲙⲡⲟⲩⲙⲉⲧⲁⲛⲟⲉⲓ"/>
		<feat xlink:href="#sSpan383" value="ⲉⲩϣⲟⲃⲉ"/>
		<feat xlink:href="#sSpan393" value="ⲉⲛⲉⲩⲉⲣⲏⲩ"/>
		<feat xlink:href="#sSpan402" value="ϩⲟⲟⲩ"/>
		<feat xlink:href="#sSpan406" value="·"/>
		<feat xlink:href="#sSpan410" value="ⲛϩⲣⲁⲓ"/>
		<feat xlink:href="#sSpan419" value="ϩⲙⲡⲕⲱϩⲧ"/>
		<feat xlink:href="#sSpan427" value="ⲛⲧⲅⲉϩⲉⲛⲛⲁ"/>
		<feat xlink:href="#sSpan437" value="·"/>
		<feat xlink:href="#sSpan443" value="ⲧⲛⲟⲩⲱϣ"/>
		<feat xlink:href="#sSpan457" value="ⲉⲉⲓⲙⲉ"/>
		<feat xlink:href="#sSpan464" value="ϫⲉⲛⲥⲉϣⲟⲃⲉ"/>
		<feat xlink:href="#sSpan477" value="ⲁⲛ"/>
		<feat xlink:href="#sSpan484" value="ⲉⲛⲉⲩⲉⲣⲏⲩ"/>
		<feat xlink:href="#sSpan492" value="ⲛϭⲓⲛⲣⲉϥⲣⲛⲟⲃⲉ"/>
		<feat xlink:href="#sSpan506" value="ⲉⲡⲇⲓⲁⲃⲟⲗⲟⲥ"/>
		<feat xlink:href="#sSpan519" value="ⲙⲛⲛⲉϥⲇⲁⲓⲙⲱⲛ"/>
		<feat xlink:href="#sSpan532" value="ⲛϩⲣⲁⲓ"/>
		<feat xlink:href="#sSpan540" value="ϩⲛⲁⲙⲛⲧⲉ"/>
		<feat xlink:href="#sSpan546" value="ⲁⲩⲱ"/>
		<feat xlink:href="#sSpan554" value="ⲛϩⲉⲗⲗⲏⲛ"/>
		<feat xlink:href="#sSpan561" value="ⲙⲛⲛϩⲁⲓⲣⲉⲧⲓⲕⲟⲥ"/>
		<feat xlink:href="#sSpan574" value="ⲁⲩⲱ"/>
		<feat xlink:href="#sSpan582" value="ⲃⲁⲣⲃⲁⲣⲟⲥ"/>
		<feat xlink:href="#sSpan586" value="ⲙⲛⲛⲓⲟⲩⲇⲁⲓ"/>
		<feat xlink:href="#sSpan599" value="ⲛⲁⲓ"/>
		<feat xlink:href="#sSpan604" value="ⲉⲧⲟ"/>
		<feat xlink:href="#sSpan612" value="ⲛⲁⲧⲛⲁϩⲧⲉ"/>
		<feat xlink:href="#sSpan621" value="ⲉⲡϫⲟⲉⲓⲥ"/>
		<feat xlink:href="#sSpan632" value="ⲓⲏⲥⲟⲩⲥ"/>
		<feat xlink:href="#sSpan636" value="ϫⲉⲡⲓⲉⲓⲛⲉ"/>
		<feat xlink:href="#sSpan650" value="ⲛⲟⲩⲱⲧ"/>
		<feat xlink:href="#sSpan656" value="ⲡⲉ"/>
		<feat xlink:href="#sSpan662" value="ⲛⲛⲉⲩⲉⲣⲏⲩ"/>
		<feat xlink:href="#sSpan673" value="ⲛϩⲣⲁⲓ"/>
		<feat xlink:href="#sSpan681" value="ϩⲙⲡⲕⲱϩⲧ"/>
		<feat xlink:href="#sSpan689" value="ⲙⲛⲡϥⲛⲧ"/>
		<feat xlink:href="#sSpan701" value="ⲉⲧⲉⲙⲉϥⲛⲕⲟⲧⲕ"/>
		<feat xlink:href="#sSpan715" value="·"/>
		<feat xlink:href="#sSpan719" value="ⲁⲛⲁⲩ"/>
		<feat xlink:href="#sSpan730" value="ⲉⲩⲙⲁ"/>
		<feat xlink:href="#sSpan738" value="ⲉϥϣⲟⲕϩ"/>
		<feat xlink:href="#sSpan750" value="ⲉⲙⲁⲧⲉ"/>
		<feat xlink:href="#sSpan754" value="ⲁⲩⲱ"/>
		<feat xlink:href="#sSpan760" value="ⲉϥⲟⲩⲟϣⲥ"/>
		<feat xlink:href="#sSpan771" value="ⲉⲡⲉϩⲟⲩⲟ"/>
		<feat xlink:href="#sSpan782" value="ⲛⲅϫⲓ"/>
		<feat xlink:href="#sSpan791" value="ⲉⲃⲟⲗ"/>
		<feat xlink:href="#sSpan796" value="ϩⲛϣⲉ"/>
		<feat xlink:href="#sSpan805" value="ⲛⲓⲙ"/>
		<feat xlink:href="#sSpan809" value="ⲉⲛⲁⲛⲟⲩϥ"/>
		<feat xlink:href="#sSpan818" value="·"/>
		<feat xlink:href="#sSpan824" value="ϩⲛⲛⲥⲱⲧⲡ"/>
		<feat xlink:href="#sSpan837" value="ⲛϣⲉ"/>
		<feat xlink:href="#sSpan845" value="ⲧⲏⲣⲟⲩ"/>
		<feat xlink:href="#sSpan856" value="ⲙⲡⲗⲓⲃⲁⲛⲟⲥ"/>
		<feat xlink:href="#sSpan866" value="·"/>
		<feat xlink:href="#sSpan870" value="ⲁⲩⲱ"/>
		<feat xlink:href="#sSpan878" value="ϣⲉ"/>
		<feat xlink:href="#sSpan882" value="ⲛⲓⲙ"/>
		<feat xlink:href="#sSpan886" value="ⲉϥϣⲟⲟⲡ"/>
		<feat xlink:href="#sSpan895" value="ϩⲓϫⲙⲡⲕⲁϩ"/>
		<feat xlink:href="#sSpan905" value="ⲕⲁⲧⲁⲗⲁⲁⲩ"/>
		<feat xlink:href="#sSpan912" value="ⲛⲥⲙⲟⲩ"/>
		<feat xlink:href="#sSpan918" value="ϣⲁϩⲣⲁⲓ"/>
		<feat xlink:href="#sSpan923" value="ⲉϩⲉⲛϣⲟⲛⲧⲉ"/>
		<feat xlink:href="#sSpan933" value="ⲙⲛϩⲉⲛⲁⲣⲟⲟⲩⲉ"/>
		<feat xlink:href="#sSpan943" value="·"/>
		<feat xlink:href="#sSpan949" value="ⲁⲩⲱ"/>
		<feat xlink:href="#sSpan961" value=".ⲛⲉ"/>
		<feat xlink:href="#sSpan970" value="ⲙⲙⲟⲟⲩ"/>
		<feat xlink:href="#sSpan978" value="ⲧⲏⲣⲟⲩ"/>
		<feat xlink:href="#sSpan984" value="ⲛⲅϫⲓ"/>
		<feat xlink:href="#sSpan995" value="ⲉⲃⲟⲗ"/>
		<feat xlink:href="#sSpan1000" value="ⲛϩⲏⲧⲟⲩ"/>
		<feat xlink:href="#sSpan1009" value="ⲧⲏⲣⲟⲩ"/>
		<feat xlink:href="#sSpan1015" value="ⲛⲅⲛⲟϫⲟⲩ"/>
		<feat xlink:href="#sSpan1028" value="ⲉϩⲣⲁⲓ"/>
		<feat xlink:href="#sSpan1032" value="ⲉⲡⲙⲁ"/>
		<feat xlink:href="#sSpan1040" value="ⲉⲧϣⲟⲣϩ"/>
		<feat xlink:href="#sSpan1049" value="ⲁⲩⲱ"/>
		<feat xlink:href="#sSpan1054" value="ⲉⲧⲟⲩⲟϣⲥ"/>
		<feat xlink:href="#sSpan1063" value="ⲉⲃⲟⲗ"/>
		<feat xlink:href="#sSpan1070" value="ⲛⲅϯⲡⲕⲱϩⲧ"/>
		<feat xlink:href="#sSpan1084" value="ⲉⲣⲟⲕ"/>
		<feat xlink:href="#sSpan1093" value="ⲉⲣⲉⲟⲩⲧⲏⲩ"/>
		<feat xlink:href="#sSpan1104" value="ⲉϥⲛⲁϣⲧⲛⲓϥⲉ"/>
		<feat xlink:href="#sSpan1122" value="ⲛⲥⲱⲟⲩ"/>
		<feat xlink:href="#sSpan1130" value="ϩⲓⲧⲙⲡⲟⲩⲉϩⲥⲁϩⲛⲉ"/>
		<feat xlink:href="#sSpan1143" value="ⲙⲡⲛⲟⲩⲧⲉ"/>
		<feat xlink:href="#sSpan1154" value="ⲛⲅⲛⲁⲩ"/>
		<feat xlink:href="#sSpan1165" value="ϫⲉⲉⲣⲉⲡⲉⲓⲛⲉ"/>
		<feat xlink:href="#sSpan1179" value="ⲙⲡⲉⲩⲕⲁⲡⲛⲟⲥ"/>
		<feat xlink:href="#sSpan1189" value="ⲁⲩⲱ"/>
		<feat xlink:href="#sSpan1196" value="ⲡⲉⲩⲣⲱⲕϩ"/>
		<feat xlink:href="#sSpan1205" value="ⲉϥϣⲟⲃⲉ"/>
		<feat xlink:href="#sSpan1216" value="ⲉⲛⲉⲩⲉⲣⲏⲩ"/>
		<feat xlink:href="#sSpan1227" value="ϩⲛⲟⲩ"/>
		<feat xlink:href="#sSpan1234" value="·"/>
		<feat xlink:href="#sSpan1238" value="ⲁⲛⲥⲁⲃⲉⲉⲩⲉ"/>
		<feat xlink:href="#sSpan1254" value="ⲅⲁⲣ"/>
		<feat xlink:href="#sSpan1258" value="ⲟⲩⲱ"/>
		<feat xlink:href="#sSpan1264" value="ⲉⲩⲛⲟⲉⲓ"/>
		<feat xlink:href="#sSpan1276" value="·"/>
		<feat xlink:href="#sSpan1280" value="ⲁⲩⲱ"/>
		<feat xlink:href="#sSpan1288" value="ⲛⲥⲉⲣⲭⲣⲉⲓⲁ"/>
		<feat xlink:href="#sSpan1303" value="ⲁⲛ"/>
		<feat xlink:href="#sSpan1307" value="ⲛⲟⲩ"/>
		<feat xlink:href="#sSpan1315" value="ϩⲙⲡⲉⲓⲡⲁⲣⲁⲇⲓⲅⲙⲁ"/>
		<feat xlink:href="#sSpan1325" value="ϫⲉⲧⲁⲓ"/>
		<feat xlink:href="#sSpan1331" value="ⲧⲉ"/>
		<feat xlink:href="#sSpan1336" value="ⲧϩⲉ"/>
		<feat xlink:href="#sSpan1342" value="ⲙⲡⲉⲓⲛⲉ"/>
		<feat xlink:href="#sSpan1351" value="ⲛⲛⲉⲧϩⲛⲁⲙⲛⲧⲉ"/>
		<feat xlink:href="#sSpan1365" value="·"/>
		<feat xlink:href="#sSpan1369" value="ⲉⲩϩⲛⲧⲙⲏⲧⲉ"/>
		<feat xlink:href="#sSpan1387" value="ⲅⲁⲣ"/>
		<feat xlink:href="#sSpan1391" value="ⲙⲡϣⲁ"/>
		<feat xlink:href="#sSpan1399" value="ϩⲙⲡⲕⲱϩⲧ"/>
		<feat xlink:href="#sSpan1408" value="·"/>
		<feat xlink:href="#sSpan1412" value="ⲁⲩⲱ"/>
		<feat xlink:href="#sSpan1421" value="ⲉⲩϩⲁⲣⲱϥ"/>
		<feat xlink:href="#sSpan1431" value="ⲙⲡϥⲛⲧ"/>
		<feat xlink:href="#sSpan1440" value="ⲉⲧⲉⲙⲉϥⲛⲕⲟⲧⲕ"/>
		<feat xlink:href="#sSpan1451" value="ⲛⲧⲁⲡⲛⲟⲩⲧⲉ"/>
		<feat xlink:href="#sSpan1463" value="ⲅⲁⲣ"/>
		<feat xlink:href="#sSpan1468" value="ⲧⲁⲙⲓⲉⲡϥⲛⲧ"/>
		<feat xlink:href="#sSpan1477" value="ⲉⲧϩⲛⲁⲙⲛⲧⲉ"/>
		<feat xlink:href="#sSpan1486" value="·"/>
		<feat xlink:href="#sSpan1490" value="ⲁⲩⲱ"/>
		<feat xlink:href="#sSpan1498" value="ⲧϫⲟⲟⲗⲉⲥ"/>
		<feat xlink:href="#sSpan1505" value="·"/>
		<feat xlink:href="#sSpan1509" value="ⲉⲩⲟ"/>
		<feat xlink:href="#sSpan1521" value="ⲛⲁⲧⲙⲟⲩ"/>
		<feat xlink:href="#sSpan1531" value="·"/>
		<feat xlink:href="#sSpan1535" value="ⲛⲧϩⲉ"/>
		<feat xlink:href="#sSpan1547" value="ϩⲱⲱϥ"/>
		<feat xlink:href="#sSpan1554" value="ⲙⲡⲕⲱϩⲧ"/>
		<feat xlink:href="#sSpan1563" value="ⲛⲁⲧⲱϣⲙ"/>
		<feat xlink:href="#sSpan1571" value="ⲉⲧⲣⲉϥϫⲓⲕⲃⲁ"/>
		<feat xlink:href="#sSpan1588" value="ⲙⲡⲇⲓⲁⲃⲟⲗⲟⲥ"/>
		<feat xlink:href="#sSpan1599" value="ⲙⲛⲛⲉϥⲇⲁⲓⲙⲱⲛ"/>
		<feat xlink:href="#sSpan1609" value="ⲛϩⲣⲁⲓ"/>
		<feat xlink:href="#sSpan1613" value="ϩⲛⲁⲙⲛⲧⲉ"/>
		<feat xlink:href="#sSpan1621" value="ⲉⲃⲟⲗ"/>
		<feat xlink:href="#sSpan1626" value="ϩⲓⲧⲟⲟⲧⲟⲩ"/>
		<feat xlink:href="#sSpan1634" value="ⲙⲡⲕⲱϩⲧ"/>
		<feat xlink:href="#sSpan1643" value="ⲉⲧⲉⲙⲉϥⲱϣⲙ"/></featList></paula>