<?xml version="1.0" encoding="UTF-8" standalone="no"?>

<!DOCTYPE paula SYSTEM "paula_feat.dtd">
<paula version="1.0">

<header paula_id="sahidica.nt.1_Corinthians_8_morph"/>

<featList xmlns:xlink="http://www.w3.org/1999/xlink" type="morph" xml:base="sahidica.nt.1_Corinthians_8.morphSeg.xml">
<feat xlink:href="#morph_245" value="ⲣ"/><!-- ⲣ -->
<feat xlink:href="#morph_246" value="ϩⲟⲩⲟ"/><!-- ϩⲟⲩⲟ -->
<feat xlink:href="#morph_259" value="ϫⲣⲟ"/><!-- ϫⲣⲟ -->
<feat xlink:href="#morph_260" value="ⲡ"/><!-- ⲡ -->
<feat xlink:href="#morph_341" value="ⲣ"/><!-- ⲣ -->
<feat xlink:href="#morph_342" value="ⲛⲟⲃⲉ"/><!-- ⲛⲟⲃⲉ -->
<feat xlink:href="#morph_357" value="ⲣ"/><!-- ⲣ -->
<feat xlink:href="#morph_358" value="ⲛⲟⲃⲉ"/><!-- ⲛⲟⲃⲉ -->
</featList>
</paula>
