<?xml version="1.0" encoding="UTF-8" standalone="no"?>

<!DOCTYPE paula SYSTEM "paula_mark.dtd">
<paula version="1.0">

<header paula_id="sahidica.nt.1_Corinthians_8_orig_groupSeg"/>

<markList xmlns:xlink="http://www.w3.org/1999/xlink" type="orig_groupSeg" xml:base="sahidica.nt.1_Corinthians_8.tok.xml">
<mark id="orig_group_1" xlink:href="#tok_1"/><!-- ⲉⲧⲃⲉ -->
<mark id="orig_group_2" xlink:href="#tok_2"/><!-- ⲛϣⲱⲱⲧ -->
<mark id="orig_group_3" xlink:href="#tok_3"/><!-- ⲇⲉ -->
<mark id="orig_group_4" xlink:href="#xpointer(id('tok_4')/range-to(id('tok_6')))"/><!-- ⲛ...ⲉⲓⲇⲱⲗⲟⲛ -->
<mark id="orig_group_7" xlink:href="#xpointer(id('tok_7')/range-to(id('tok_8')))"/><!-- ⲧⲛ...ⲥⲟⲟⲩⲛ -->
<mark id="orig_group_9" xlink:href="#tok_9"/><!-- ϫⲉ -->
<mark id="orig_group_10" xlink:href="#xpointer(id('tok_10')/range-to(id('tok_11')))"/><!-- ⲟⲩⲛⲧⲁ...ⲛ -->
<mark id="orig_group_12" xlink:href="#xpointer(id('tok_12')/range-to(id('tok_13')))"/><!-- ⲧⲏⲣ...ⲛ -->
<mark id="orig_group_14" xlink:href="#tok_14"/><!-- ⲙⲙⲁⲩ -->
<mark id="orig_group_15" xlink:href="#xpointer(id('tok_15')/range-to(id('tok_17')))"/><!-- ⲛ...ⲥⲟⲟⲩⲛ -->
<mark id="orig_group_18" xlink:href="#tok_18"/><!-- . -->
<mark id="orig_group_19" xlink:href="#xpointer(id('tok_19')/range-to(id('tok_20')))"/><!-- ⲡ...ⲥⲟⲟⲩⲛ -->
<mark id="orig_group_21" xlink:href="#xpointer(id('tok_21')/range-to(id('tok_23')))"/><!-- ϣⲁ...ϫⲓⲥⲉ -->
<mark id="orig_group_24" xlink:href="#tok_24"/><!-- . -->
<mark id="orig_group_25" xlink:href="#xpointer(id('tok_25')/range-to(id('tok_26')))"/><!-- ⲧ...ⲁⲅⲁⲡⲏ -->
<mark id="orig_group_27" xlink:href="#tok_27"/><!-- ⲇⲉ -->
<mark id="orig_group_28" xlink:href="#xpointer(id('tok_28')/range-to(id('tok_30')))"/><!-- ϣⲁ...ⲕⲱⲧ -->
<mark id="orig_group_31" xlink:href="#tok_31"/><!-- . -->
<mark id="orig_group_32" xlink:href="#xpointer(id('tok_32')/range-to(id('tok_34')))"/><!-- ⲡ...ϫⲱ -->
<mark id="orig_group_35" xlink:href="#xpointer(id('tok_35')/range-to(id('tok_36')))"/><!-- ⲙⲙⲟ...ⲥ -->
<mark id="orig_group_37" xlink:href="#tok_37"/><!-- ϫⲉ -->
<mark id="orig_group_38" xlink:href="#xpointer(id('tok_38')/range-to(id('tok_40')))"/><!-- ⲁ...ⲥⲟⲩⲛ -->
<mark id="orig_group_41" xlink:href="#tok_41"/><!-- ⲗⲁⲁⲩ -->
<mark id="orig_group_42" xlink:href="#xpointer(id('tok_42')/range-to(id('tok_44')))"/><!-- ⲙⲡⲁⲧ...ⲥⲟⲩⲛ -->
<mark id="orig_group_45" xlink:href="#xpointer(id('tok_45')/range-to(id('tok_46')))"/><!-- ⲧ...ϩⲉ -->
<mark id="orig_group_47" xlink:href="#xpointer(id('tok_47')/range-to(id('tok_48')))"/><!-- ⲉⲧ...ϣϣⲉ -->
<mark id="orig_group_49" xlink:href="#xpointer(id('tok_49')/range-to(id('tok_50')))"/><!-- ⲉ...ⲥⲟⲟⲩⲛ -->
<mark id="orig_group_51" xlink:href="#tok_51"/><!-- . -->
<mark id="orig_group_52" xlink:href="#tok_52"/><!-- ⲉϣϫⲉ -->
<mark id="orig_group_53" xlink:href="#tok_53"/><!-- ⲟⲩⲛ -->
<mark id="orig_group_54" xlink:href="#tok_54"/><!-- ⲟⲩⲁ -->
<mark id="orig_group_55" xlink:href="#tok_55"/><!-- ⲇⲉ -->
<mark id="orig_group_56" xlink:href="#tok_56"/><!-- ⲙⲉ -->
<mark id="orig_group_57" xlink:href="#xpointer(id('tok_57')/range-to(id('tok_59')))"/><!-- ⲙ...ⲛⲟⲩⲧⲉ -->
<mark id="orig_group_60" xlink:href="#tok_60"/><!-- ⲡⲁⲓ -->
<mark id="orig_group_61" xlink:href="#xpointer(id('tok_61')/range-to(id('tok_64')))"/><!-- ⲁ...ϥ -->
<mark id="orig_group_65" xlink:href="#tok_65"/><!-- ⲉⲃⲟⲗ -->
<mark id="orig_group_66" xlink:href="#xpointer(id('tok_66')/range-to(id('tok_67')))"/><!-- ϩⲓⲧⲟⲟⲧ...ϥ -->
<mark id="orig_group_68" xlink:href="#tok_68"/><!-- . -->
<mark id="orig_group_69" xlink:href="#tok_69"/><!-- ⲉⲧⲃⲉ -->
<mark id="orig_group_70" xlink:href="#xpointer(id('tok_70')/range-to(id('tok_71')))"/><!-- ⲡ...ⲟⲩⲱⲙ -->
<mark id="orig_group_72" xlink:href="#tok_72"/><!-- ϭⲉ -->
<mark id="orig_group_73" xlink:href="#xpointer(id('tok_73')/range-to(id('tok_75')))"/><!-- ⲛ...ϣⲱⲱⲧ -->
<mark id="orig_group_76" xlink:href="#xpointer(id('tok_76')/range-to(id('tok_78')))"/><!-- ⲛ...ⲉⲓⲇⲱⲗⲟⲛ -->
<mark id="orig_group_79" xlink:href="#xpointer(id('tok_79')/range-to(id('tok_80')))"/><!-- ⲧⲛ...ⲥⲟⲟⲩⲛ -->
<mark id="orig_group_81" xlink:href="#tok_81"/><!-- ϫⲉ -->
<mark id="orig_group_82" xlink:href="#tok_82"/><!-- ⲙⲛ -->
<mark id="orig_group_83" xlink:href="#tok_83"/><!-- ⲗⲁⲁⲩ -->
<mark id="orig_group_84" xlink:href="#xpointer(id('tok_84')/range-to(id('tok_85')))"/><!-- ⲛ...ⲉⲓⲇⲱⲗⲟⲛ -->
<mark id="orig_group_86" xlink:href="#tok_86"/><!-- ϩⲙ -->
<mark id="orig_group_87" xlink:href="#xpointer(id('tok_87')/range-to(id('tok_88')))"/><!-- ⲡ...ⲕⲟⲥⲙⲟⲥ -->
<mark id="orig_group_89" xlink:href="#tok_89"/><!-- . -->
<mark id="orig_group_90" xlink:href="#tok_90"/><!-- ⲁⲩⲱ -->
<mark id="orig_group_91" xlink:href="#tok_91"/><!-- ϫⲉ -->
<mark id="orig_group_92" xlink:href="#tok_92"/><!-- ⲙⲛ -->
<mark id="orig_group_93" xlink:href="#tok_93"/><!-- ⲛⲟⲩⲧⲉ -->
<mark id="orig_group_94" xlink:href="#tok_94"/><!-- ⲛⲥⲁ -->
<mark id="orig_group_95" xlink:href="#tok_95"/><!-- ⲟⲩⲁ -->
<mark id="orig_group_96" xlink:href="#tok_96"/><!-- . -->
<mark id="orig_group_97" xlink:href="#tok_97"/><!-- ⲕⲁⲓⲅⲁⲣ -->
<mark id="orig_group_98" xlink:href="#tok_98"/><!-- ⲉϣϫⲉ -->
<mark id="orig_group_99" xlink:href="#tok_99"/><!-- ⲟⲩⲛ -->
<mark id="orig_group_100" xlink:href="#tok_100"/><!-- ϩⲟⲓⲛⲉ -->
<mark id="orig_group_101" xlink:href="#tok_101"/><!-- ⲉϣⲁⲩⲙⲟⲩⲧⲉ -->
<mark id="orig_group_102" xlink:href="#xpointer(id('tok_102')/range-to(id('tok_103')))"/><!-- ⲉⲣⲟ...ⲟⲩ -->
<mark id="orig_group_104" xlink:href="#tok_104"/><!-- ϫⲉ -->
<mark id="orig_group_105" xlink:href="#tok_105"/><!-- ⲛⲟⲩⲧⲉ -->
<mark id="orig_group_106" xlink:href="#tok_106"/><!-- ⲉⲓⲧⲉ -->
<mark id="orig_group_107" xlink:href="#tok_107"/><!-- ϩⲛ -->
<mark id="orig_group_108" xlink:href="#xpointer(id('tok_108')/range-to(id('tok_109')))"/><!-- ⲧ...ⲡⲉ -->
<mark id="orig_group_110" xlink:href="#tok_110"/><!-- . -->
<mark id="orig_group_111" xlink:href="#tok_111"/><!-- ⲉⲓⲧⲉ -->
<mark id="orig_group_112" xlink:href="#tok_112"/><!-- ϩⲓϫⲙ -->
<mark id="orig_group_113" xlink:href="#xpointer(id('tok_113')/range-to(id('tok_114')))"/><!-- ⲡ...ⲕⲁϩ -->
<mark id="orig_group_115" xlink:href="#tok_115"/><!-- . -->
<mark id="orig_group_116" xlink:href="#xpointer(id('tok_116')/range-to(id('tok_118')))"/><!-- ⲛ...ϩⲉ -->
<mark id="orig_group_119" xlink:href="#tok_119"/><!-- ⲉⲧⲉ -->
<mark id="orig_group_120" xlink:href="#tok_120"/><!-- ⲟⲩⲛ -->
<mark id="orig_group_121" xlink:href="#tok_121"/><!-- ϩⲁϩ -->
<mark id="orig_group_122" xlink:href="#xpointer(id('tok_122')/range-to(id('tok_123')))"/><!-- ⲛ...ⲛⲟⲩⲧⲉ -->
<mark id="orig_group_124" xlink:href="#tok_124"/><!-- ϩⲓ -->
<mark id="orig_group_125" xlink:href="#tok_125"/><!-- ϩⲁϩ -->
<mark id="orig_group_126" xlink:href="#xpointer(id('tok_126')/range-to(id('tok_127')))"/><!-- ⲛ...ϫⲟⲉⲓⲥ -->
<mark id="orig_group_128" xlink:href="#tok_128"/><!-- . -->
<mark id="orig_group_129" xlink:href="#tok_129"/><!-- ⲁⲛⲟⲛ -->
<mark id="orig_group_130" xlink:href="#xpointer(id('tok_130')/range-to(id('tok_131')))"/><!-- ⲟⲩ...ⲛⲟⲩⲧⲉ -->
<mark id="orig_group_132" xlink:href="#xpointer(id('tok_132')/range-to(id('tok_133')))"/><!-- ⲛ...ⲟⲩⲱⲧ -->
<mark id="orig_group_134" xlink:href="#xpointer(id('tok_134')/range-to(id('tok_136')))"/><!-- ⲡ...ϣⲟⲟⲡ -->
<mark id="orig_group_137" xlink:href="#xpointer(id('tok_137')/range-to(id('tok_138')))"/><!-- ⲛⲁ...ⲛ -->
<mark id="orig_group_139" xlink:href="#xpointer(id('tok_139')/range-to(id('tok_140')))"/><!-- ⲡ...ⲉⲓⲱⲧ -->
<mark id="orig_group_141" xlink:href="#tok_141"/><!-- ⲡⲉⲛⲧⲁ -->
<mark id="orig_group_142" xlink:href="#xpointer(id('tok_142')/range-to(id('tok_143')))"/><!-- ⲡ...ⲧⲏⲣϥ -->
<mark id="orig_group_144" xlink:href="#tok_144"/><!-- ϣⲱⲡⲉ -->
<mark id="orig_group_145" xlink:href="#tok_145"/><!-- ⲉⲃⲟⲗ -->
<mark id="orig_group_146" xlink:href="#xpointer(id('tok_146')/range-to(id('tok_147')))"/><!-- ⲙⲙⲟ...ϥ -->
<mark id="orig_group_148" xlink:href="#tok_148"/><!-- ⲁⲩⲱ -->
<mark id="orig_group_149" xlink:href="#tok_149"/><!-- ⲁⲛⲟⲛ -->
<mark id="orig_group_150" xlink:href="#tok_150"/><!-- ⲉϩⲟⲩⲛ -->
<mark id="orig_group_151" xlink:href="#xpointer(id('tok_151')/range-to(id('tok_152')))"/><!-- ⲉⲣⲟ...ϥ -->
<mark id="orig_group_153" xlink:href="#tok_153"/><!-- ⲙⲛ -->
<mark id="orig_group_154" xlink:href="#xpointer(id('tok_154')/range-to(id('tok_155')))"/><!-- ⲟⲩ...ϫⲟⲉⲓⲥ -->
<mark id="orig_group_156" xlink:href="#xpointer(id('tok_156')/range-to(id('tok_157')))"/><!-- ⲛ...ⲟⲩⲱⲧ -->
<mark id="orig_group_158" xlink:href="#tok_158"/><!-- ⲓⲏⲥⲟⲩⲥ -->
<mark id="orig_group_159" xlink:href="#xpointer(id('tok_159')/range-to(id('tok_160')))"/><!-- ⲡⲉ...ⲭⲣⲓⲥⲧⲟⲥ -->
<mark id="orig_group_161" xlink:href="#xpointer(id('tok_161')/range-to(id('tok_162')))"/><!-- ⲡ...ⲉⲧⲉⲣⲉ -->
<mark id="orig_group_163" xlink:href="#xpointer(id('tok_163')/range-to(id('tok_164')))"/><!-- ⲡ...ⲧⲏⲣϥ -->
<mark id="orig_group_165" xlink:href="#tok_165"/><!-- ϣⲟⲟⲡ -->
<mark id="orig_group_166" xlink:href="#xpointer(id('tok_166')/range-to(id('tok_167')))"/><!-- ⲉⲧⲃⲏⲏⲧ...ϥ -->
<mark id="orig_group_168" xlink:href="#tok_168"/><!-- ⲁⲩⲱ -->
<mark id="orig_group_169" xlink:href="#tok_169"/><!-- ⲁⲛⲟⲛ -->
<mark id="orig_group_170" xlink:href="#tok_170"/><!-- ⲉⲃⲟⲗ -->
<mark id="orig_group_171" xlink:href="#xpointer(id('tok_171')/range-to(id('tok_172')))"/><!-- ϩⲓⲧⲟⲟⲧ...ϥ -->
<mark id="orig_group_173" xlink:href="#tok_173"/><!-- . -->
<mark id="orig_group_174" xlink:href="#tok_174"/><!-- ⲁⲗⲗⲁ -->
<mark id="orig_group_175" xlink:href="#xpointer(id('tok_175')/range-to(id('tok_177')))"/><!-- ⲙ...ⲥⲟⲟⲩⲛ -->
<mark id="orig_group_178" xlink:href="#tok_178"/><!-- ϩⲛ -->
<mark id="orig_group_179" xlink:href="#tok_179"/><!-- ⲟⲩⲟⲛ -->
<mark id="orig_group_180" xlink:href="#tok_180"/><!-- ⲛⲓⲙ -->
<mark id="orig_group_181" xlink:href="#tok_181"/><!-- ⲁⲛ -->
<mark id="orig_group_182" xlink:href="#tok_182"/><!-- . -->
<mark id="orig_group_183" xlink:href="#tok_183"/><!-- ϩⲟⲓⲛⲉ -->
<mark id="orig_group_184" xlink:href="#tok_184"/><!-- ⲅⲁⲣ -->
<mark id="orig_group_185" xlink:href="#tok_185"/><!-- ϩⲙ -->
<mark id="orig_group_186" xlink:href="#tok_186"/><!-- ⲡⲧⲱⲡ -->
<mark id="orig_group_187" xlink:href="#xpointer(id('tok_187')/range-to(id('tok_189')))"/><!-- ⲙ...ⲉⲓⲇⲱⲗⲟⲛ -->
<mark id="orig_group_190" xlink:href="#tok_190"/><!-- ϣⲁ -->
<mark id="orig_group_191" xlink:href="#tok_191"/><!-- ϩⲟⲩⲛ -->
<mark id="orig_group_192" xlink:href="#tok_192"/><!-- ⲉⲧⲉⲛⲟⲩ -->
<mark id="orig_group_193" xlink:href="#xpointer(id('tok_193')/range-to(id('tok_194')))"/><!-- ⲥⲉ...ⲟⲩⲱⲙ -->
<mark id="orig_group_195" xlink:href="#tok_195"/><!-- ϩⲱⲥ -->
<mark id="orig_group_196" xlink:href="#tok_196"/><!-- ϣⲱⲱⲧ -->
<mark id="orig_group_197" xlink:href="#xpointer(id('tok_197')/range-to(id('tok_198')))"/><!-- ⲛ...ⲉⲓⲇⲱⲗⲟⲛ -->
<mark id="orig_group_199" xlink:href="#tok_199"/><!-- ⲁⲩⲱ -->
<mark id="orig_group_200" xlink:href="#xpointer(id('tok_200')/range-to(id('tok_201')))"/><!-- ⲧⲉⲩ...ⲥⲩⲛⲉⲓⲇⲏⲥⲓⲥ -->
<mark id="orig_group_202" xlink:href="#xpointer(id('tok_202')/range-to(id('tok_204')))"/><!-- ⲉ...ϭⲟⲟⲃ -->
<mark id="orig_group_205" xlink:href="#xpointer(id('tok_205')/range-to(id('tok_206')))"/><!-- ⲥ...ⲧⲱⲗⲙ -->
<mark id="orig_group_207" xlink:href="#tok_207"/><!-- . -->
<mark id="orig_group_208" xlink:href="#tok_208"/><!-- ⲙⲛ -->
<mark id="orig_group_209" xlink:href="#tok_209"/><!-- ϩⲣⲉ -->
<mark id="orig_group_210" xlink:href="#tok_210"/><!-- ⲇⲉ -->
<mark id="orig_group_211" xlink:href="#xpointer(id('tok_211')/range-to(id('tok_212')))"/><!-- ⲛⲁ...ⲡⲁⲣϩⲓⲥⲧⲁ -->
<mark id="orig_group_213" xlink:href="#tok_213"/><!-- ⲙⲙⲟⲛ -->
<mark id="orig_group_214" xlink:href="#xpointer(id('tok_214')/range-to(id('tok_216')))"/><!-- ⲙ...ⲛⲟⲩⲧⲉ -->
<mark id="orig_group_217" xlink:href="#tok_217"/><!-- . -->
<mark id="orig_group_218" xlink:href="#tok_218"/><!-- ⲟⲩⲇⲉ -->
<mark id="orig_group_219" xlink:href="#xpointer(id('tok_219')/range-to(id('tok_221')))"/><!-- ⲉⲛϣⲁⲛ...ⲟⲩⲱⲙ -->
<mark id="orig_group_222" xlink:href="#tok_222"/><!-- ⲛⲧⲛⲛⲁϣⲱⲱⲧ -->
<mark id="orig_group_223" xlink:href="#tok_223"/><!-- ⲁⲛ -->
<mark id="orig_group_224" xlink:href="#tok_224"/><!-- . -->
<mark id="orig_group_225" xlink:href="#tok_225"/><!-- ⲟⲩⲇⲉ -->
<mark id="orig_group_226" xlink:href="#xpointer(id('tok_226')/range-to(id('tok_227')))"/><!-- ⲉⲛϣⲁⲛ...ⲟⲩⲱⲙ -->
<mark id="orig_group_228" xlink:href="#tok_228"/><!-- ⲛⲧⲛⲛⲁⲣϩⲟⲩⲟ -->
<mark id="orig_group_229" xlink:href="#tok_229"/><!-- ⲁⲛ -->
<mark id="orig_group_230" xlink:href="#tok_230"/><!-- . -->
<mark id="orig_group_231" xlink:href="#tok_231"/><!-- ϭⲱϣⲧ -->
<mark id="orig_group_232" xlink:href="#tok_232"/><!-- ⲇⲉ -->
<mark id="orig_group_233" xlink:href="#tok_233"/><!-- ⲙⲏⲡⲱⲥ -->
<mark id="orig_group_234" xlink:href="#xpointer(id('tok_234')/range-to(id('tok_236')))"/><!-- ⲛⲧⲉ...ⲉⲝⲟⲩⲥⲓⲁ -->
<mark id="orig_group_237" xlink:href="#xpointer(id('tok_237')/range-to(id('tok_238')))"/><!-- ⲛⲧⲉ...ⲧⲏⲩⲧⲛ -->
<mark id="orig_group_239" xlink:href="#tok_239"/><!-- ϣⲱⲡⲉ -->
<mark id="orig_group_240" xlink:href="#xpointer(id('tok_240')/range-to(id('tok_241')))"/><!-- ⲛ...ϫⲣⲟⲡ -->
<mark id="orig_group_242" xlink:href="#xpointer(id('tok_242')/range-to(id('tok_245')))"/><!-- ⲛ...ϭⲟⲟⲃ -->
<mark id="orig_group_246" xlink:href="#tok_246"/><!-- . -->
<mark id="orig_group_247" xlink:href="#tok_247"/><!-- ⲉⲣϣⲁⲛ -->
<mark id="orig_group_248" xlink:href="#tok_248"/><!-- ⲟⲩⲁ -->
<mark id="orig_group_249" xlink:href="#tok_249"/><!-- ⲅⲁⲣ -->
<mark id="orig_group_250" xlink:href="#xpointer(id('tok_250')/range-to(id('tok_251')))"/><!-- ⲛⲁ...ⲩ -->
<mark id="orig_group_252" xlink:href="#xpointer(id('tok_252')/range-to(id('tok_253')))"/><!-- ⲉⲣⲟ...ⲕ -->
<mark id="orig_group_254" xlink:href="#tok_254"/><!-- ⲡⲉⲧⲉ -->
<mark id="orig_group_255" xlink:href="#xpointer(id('tok_255')/range-to(id('tok_256')))"/><!-- ⲟⲩⲛⲧⲁ...ϥ -->
<mark id="orig_group_257" xlink:href="#tok_257"/><!-- ⲙⲙⲁⲩ -->
<mark id="orig_group_258" xlink:href="#xpointer(id('tok_258')/range-to(id('tok_260')))"/><!-- ⲙ...ⲥⲟⲟⲩⲛ -->
<mark id="orig_group_261" xlink:href="#xpointer(id('tok_261')/range-to(id('tok_263')))"/><!-- ⲉ...ⲛⲏϫ -->
<mark id="orig_group_264" xlink:href="#tok_264"/><!-- ϩⲛ -->
<mark id="orig_group_265" xlink:href="#xpointer(id('tok_265')/range-to(id('tok_266')))"/><!-- ⲟⲩ...ⲙⲁ -->
<mark id="orig_group_267" xlink:href="#xpointer(id('tok_267')/range-to(id('tok_268')))"/><!-- ⲛ...ⲉⲓⲇⲱⲗⲟⲛ -->
<mark id="orig_group_269" xlink:href="#xpointer(id('tok_269')/range-to(id('tok_271')))"/><!-- ⲉ...ϭⲱⲃ -->
<mark id="orig_group_272" xlink:href="#tok_272"/><!-- ⲡⲉ -->
<mark id="orig_group_273" xlink:href="#tok_273"/><!-- . -->
<mark id="orig_group_274" xlink:href="#tok_274"/><!-- ⲙⲏ -->
<mark id="orig_group_275" xlink:href="#tok_275"/><!-- ⲛⲧⲉϥⲥⲩⲛⲓⲇⲏⲥⲓⲥ -->
<mark id="orig_group_276" xlink:href="#xpointer(id('tok_276')/range-to(id('tok_277')))"/><!-- ⲛⲁ...ⲕⲱⲧ -->
<mark id="orig_group_278" xlink:href="#tok_278"/><!-- ⲁⲛ -->
<mark id="orig_group_279" xlink:href="#xpointer(id('tok_279')/range-to(id('tok_280')))"/><!-- ⲉ...ⲟⲩⲱⲙ -->
<mark id="orig_group_281" xlink:href="#xpointer(id('tok_281')/range-to(id('tok_283')))"/><!-- ⲛ...ϣⲱⲱⲧ -->
<mark id="orig_group_284" xlink:href="#xpointer(id('tok_284')/range-to(id('tok_286')))"/><!-- ⲛ...ⲉⲓⲇⲱⲗⲟⲛ -->
<mark id="orig_group_287" xlink:href="#tok_287"/><!-- . -->
<mark id="orig_group_288" xlink:href="#xpointer(id('tok_288')/range-to(id('tok_290')))"/><!-- ϥ...ϩⲉ -->
<mark id="orig_group_291" xlink:href="#tok_291"/><!-- ⲅⲁⲣ -->
<mark id="orig_group_292" xlink:href="#tok_292"/><!-- ⲉⲃⲟⲗ -->
<mark id="orig_group_293" xlink:href="#tok_293"/><!-- ⲛϭⲓ -->
<mark id="orig_group_294" xlink:href="#xpointer(id('tok_294')/range-to(id('tok_296')))"/><!-- ⲡ...ϭⲟⲟⲃ -->
<mark id="orig_group_297" xlink:href="#tok_297"/><!-- ϩⲙ -->
<mark id="orig_group_298" xlink:href="#xpointer(id('tok_298')/range-to(id('tok_299')))"/><!-- ⲡⲉⲕ...ⲥⲟⲟⲩⲛ -->
<mark id="orig_group_300" xlink:href="#tok_300"/><!-- . -->
<mark id="orig_group_301" xlink:href="#xpointer(id('tok_301')/range-to(id('tok_302')))"/><!-- ⲡ...ⲥⲟⲛ -->
<mark id="orig_group_303" xlink:href="#tok_303"/><!-- ⲉⲛⲧⲁ -->
<mark id="orig_group_304" xlink:href="#xpointer(id('tok_304')/range-to(id('tok_305')))"/><!-- ⲡⲉ...ⲭⲣⲓⲥⲧⲟⲥ -->
<mark id="orig_group_306" xlink:href="#tok_306"/><!-- ⲙⲟⲩ -->
<mark id="orig_group_307" xlink:href="#xpointer(id('tok_307')/range-to(id('tok_308')))"/><!-- ϩⲁⲣⲟ...ϥ -->
<mark id="orig_group_309" xlink:href="#tok_309"/><!-- . -->
<mark id="orig_group_310" xlink:href="#tok_310"/><!-- ⲧⲁⲓ -->
<mark id="orig_group_311" xlink:href="#tok_311"/><!-- ⲇⲉ -->
<mark id="orig_group_312" xlink:href="#tok_312"/><!-- ⲧⲉ -->
<mark id="orig_group_313" xlink:href="#xpointer(id('tok_313')/range-to(id('tok_314')))"/><!-- ⲧ...ϩⲉ -->
<mark id="orig_group_315" xlink:href="#xpointer(id('tok_315')/range-to(id('tok_317')))"/><!-- ⲉ...ⲣⲛⲟⲃⲉ -->
<mark id="orig_group_318" xlink:href="#xpointer(id('tok_318')/range-to(id('tok_320')))"/><!-- ⲉ...ⲥⲛⲏⲩ -->
<mark id="orig_group_321" xlink:href="#tok_321"/><!-- . -->
<mark id="orig_group_322" xlink:href="#xpointer(id('tok_322')/range-to(id('tok_324')))"/><!-- ⲉ...ⲣⲱϩⲧ -->
<mark id="orig_group_325" xlink:href="#tok_325"/><!-- ⲛⲧⲉⲩⲥⲩⲛⲓⲇⲏⲥⲓⲥ -->
<mark id="orig_group_326" xlink:href="#xpointer(id('tok_326')/range-to(id('tok_328')))"/><!-- ⲉ...ϭⲟⲟⲃ -->
<mark id="orig_group_329" xlink:href="#xpointer(id('tok_329')/range-to(id('tok_330')))"/><!-- ⲧⲉⲧⲛ...ⲣⲛⲟⲃⲉ -->
<mark id="orig_group_331" xlink:href="#xpointer(id('tok_331')/range-to(id('tok_333')))"/><!-- ⲉ...ⲭⲣⲓⲥⲧⲟⲥ -->
<mark id="orig_group_334" xlink:href="#tok_334"/><!-- . -->
<mark id="orig_group_335" xlink:href="#tok_335"/><!-- ⲉⲧⲃⲉ -->
<mark id="orig_group_336" xlink:href="#tok_336"/><!-- ⲡⲁⲓ -->
<mark id="orig_group_337" xlink:href="#tok_337"/><!-- ⲉϣϫⲉ -->
<mark id="orig_group_338" xlink:href="#xpointer(id('tok_338')/range-to(id('tok_339')))"/><!-- ⲟⲩ...ϩⲣⲉ -->
<mark id="orig_group_340" xlink:href="#xpointer(id('tok_340')/range-to(id('tok_343')))"/><!-- ⲧ...ⲥⲕⲁⲛⲇⲁⲗⲓⲍⲉ -->
<mark id="orig_group_344" xlink:href="#xpointer(id('tok_344')/range-to(id('tok_346')))"/><!-- ⲙ...ⲥⲟⲛ -->
<mark id="orig_group_347" xlink:href="#tok_347"/><!-- ⲛⲛⲁⲟⲩⲉⲙ -->
<mark id="orig_group_348" xlink:href="#tok_348"/><!-- ⲁϥ -->
<mark id="orig_group_349" xlink:href="#tok_349"/><!-- ϣⲁ -->
<mark id="orig_group_350" xlink:href="#tok_350"/><!-- ⲉⲛⲉϩ -->
<mark id="orig_group_351" xlink:href="#tok_351"/><!-- ϫⲉ -->
<mark id="orig_group_352" xlink:href="#tok_352"/><!-- ⲛⲛⲉⲉⲓⲥⲕⲁⲛⲇⲁⲗⲓⲍⲉ -->
<mark id="orig_group_353" xlink:href="#xpointer(id('tok_353')/range-to(id('tok_355')))"/><!-- ⲙ...ⲥⲟⲛ -->
<mark id="orig_group_356" xlink:href="#tok_356"/><!-- . -->
</markList>
</paula>
