<?xml version="1.0" encoding="UTF-8" standalone="no"?>

<!DOCTYPE paula SYSTEM "paula_mark.dtd">
<paula version="1.0">

<header paula_id="sahidica.nt.1_Corinthians_8_morphSeg"/>

<markList xmlns:xlink="http://www.w3.org/1999/xlink" type="morphSeg" xml:base="sahidica.nt.1_Corinthians_8.tok.xml">
<mark id="morph_245" xlink:href="#tok_245"/><!-- ⲣ -->
<mark id="morph_246" xlink:href="#tok_246"/><!-- ϩⲟⲩⲟ -->
<mark id="morph_259" xlink:href="#tok_259"/><!-- ϫⲣⲟ -->
<mark id="morph_260" xlink:href="#tok_260"/><!-- ⲡ -->
<mark id="morph_341" xlink:href="#tok_341"/><!-- ⲣ -->
<mark id="morph_342" xlink:href="#tok_342"/><!-- ⲛⲟⲃⲉ -->
<mark id="morph_357" xlink:href="#tok_357"/><!-- ⲣ -->
<mark id="morph_358" xlink:href="#tok_358"/><!-- ⲛⲟⲃⲉ -->
</markList>
</paula>
