<?xml version="1.0" encoding="UTF-8" standalone="no"?>

<!DOCTYPE paula SYSTEM "paula_mark.dtd">
<paula version="1.0">

<header paula_id="sahidica.nt.1_Corinthians_8_verseSeg"/>

<markList xmlns:xlink="http://www.w3.org/1999/xlink" type="verseSeg" xml:base="sahidica.nt.1_Corinthians_8.tok.xml">
<mark id="verse_1" xlink:href="#xpointer(id('tok_1')/range-to(id('tok_31')))"/><!-- ⲉⲧⲃⲉ.... -->
<mark id="verse_32" xlink:href="#xpointer(id('tok_32')/range-to(id('tok_51')))"/><!-- ⲡ.... -->
<mark id="verse_52" xlink:href="#xpointer(id('tok_52')/range-to(id('tok_68')))"/><!-- ⲉϣϫⲉ.... -->
<mark id="verse_69" xlink:href="#xpointer(id('tok_69')/range-to(id('tok_96')))"/><!-- ⲉⲧⲃⲉ.... -->
<mark id="verse_97" xlink:href="#xpointer(id('tok_97')/range-to(id('tok_128')))"/><!-- ⲕⲁⲓⲅⲁⲣ.... -->
<mark id="verse_129" xlink:href="#xpointer(id('tok_129')/range-to(id('tok_173')))"/><!-- ⲁⲛⲟⲛ.... -->
<mark id="verse_174" xlink:href="#xpointer(id('tok_174')/range-to(id('tok_207')))"/><!-- ⲁⲗⲗⲁ.... -->
<mark id="verse_208" xlink:href="#xpointer(id('tok_208')/range-to(id('tok_230')))"/><!-- ⲙⲛ.... -->
<mark id="verse_231" xlink:href="#xpointer(id('tok_231')/range-to(id('tok_246')))"/><!-- ϭⲱϣⲧ.... -->
<mark id="verse_247" xlink:href="#xpointer(id('tok_247')/range-to(id('tok_287')))"/><!-- ⲉⲣϣⲁⲛ.... -->
<mark id="verse_288" xlink:href="#xpointer(id('tok_288')/range-to(id('tok_309')))"/><!-- ϥ.... -->
<mark id="verse_310" xlink:href="#xpointer(id('tok_310')/range-to(id('tok_334')))"/><!-- ⲧⲁⲓ.... -->
<mark id="verse_335" xlink:href="#xpointer(id('tok_335')/range-to(id('tok_356')))"/><!-- ⲉⲧⲃⲉ.... -->
</markList>
</paula>
