<?xml version="1.0" encoding="UTF-8" standalone="no"?>

<!DOCTYPE paula SYSTEM "paula_mark.dtd">
<paula version="1.0">

<header paula_id="sahidica.nt.1_Corinthians_8_lemmaSeg"/>

<markList xmlns:xlink="http://www.w3.org/1999/xlink" type="lemmaSeg" xml:base="sahidica.nt.1_Corinthians_8.tok.xml">
<mark id="lemma_1" xlink:href="#tok_1"/><!-- ⲉⲧⲃⲉ -->
<mark id="lemma_2" xlink:href="#tok_2"/><!-- ⲛ -->
<mark id="lemma_3" xlink:href="#tok_3"/><!-- ϣⲱⲱⲧ -->
<mark id="lemma_4" xlink:href="#tok_4"/><!-- ⲇⲉ -->
<mark id="lemma_5" xlink:href="#tok_5"/><!-- ⲛ -->
<mark id="lemma_6" xlink:href="#tok_6"/><!-- ⲛ -->
<mark id="lemma_7" xlink:href="#tok_7"/><!-- ⲉⲓⲇⲱⲗⲟⲛ -->
<mark id="lemma_8" xlink:href="#tok_8"/><!-- ⲧⲛ -->
<mark id="lemma_9" xlink:href="#tok_9"/><!-- ⲥⲟⲟⲩⲛ -->
<mark id="lemma_10" xlink:href="#tok_10"/><!-- ϫⲉ -->
<mark id="lemma_11" xlink:href="#tok_11"/><!-- ⲟⲩⲛⲧⲁ -->
<mark id="lemma_12" xlink:href="#tok_12"/><!-- ⲛ -->
<mark id="lemma_13" xlink:href="#tok_13"/><!-- ⲧⲏⲣ -->
<mark id="lemma_14" xlink:href="#tok_14"/><!-- ⲛ -->
<mark id="lemma_15" xlink:href="#tok_15"/><!-- ⲙⲙⲁⲩ -->
<mark id="lemma_16" xlink:href="#tok_16"/><!-- ⲛ -->
<mark id="lemma_17" xlink:href="#tok_17"/><!-- ⲟⲩ -->
<mark id="lemma_18" xlink:href="#tok_18"/><!-- ⲥⲟⲟⲩⲛ -->
<mark id="lemma_19" xlink:href="#tok_19"/><!-- . -->
<mark id="lemma_20" xlink:href="#tok_20"/><!-- ⲡ -->
<mark id="lemma_21" xlink:href="#tok_21"/><!-- ⲥⲟⲟⲩⲛ -->
<mark id="lemma_22" xlink:href="#tok_22"/><!-- ϣⲁ -->
<mark id="lemma_23" xlink:href="#tok_23"/><!-- ϥ -->
<mark id="lemma_24" xlink:href="#tok_24"/><!-- ϫⲓⲥⲉ -->
<mark id="lemma_25" xlink:href="#tok_25"/><!-- . -->
<mark id="lemma_26" xlink:href="#tok_26"/><!-- ⲧ -->
<mark id="lemma_27" xlink:href="#tok_27"/><!-- ⲁⲅⲁⲡⲏ -->
<mark id="lemma_28" xlink:href="#tok_28"/><!-- ⲇⲉ -->
<mark id="lemma_29" xlink:href="#tok_29"/><!-- ϣⲁ -->
<mark id="lemma_30" xlink:href="#tok_30"/><!-- ⲥ -->
<mark id="lemma_31" xlink:href="#tok_31"/><!-- ⲕⲱⲧ -->
<mark id="lemma_32" xlink:href="#tok_32"/><!-- . -->
<mark id="lemma_33" xlink:href="#tok_33"/><!-- ⲡ -->
<mark id="lemma_34" xlink:href="#tok_34"/><!-- ⲉⲧ -->
<mark id="lemma_35" xlink:href="#tok_35"/><!-- ϫⲱ -->
<mark id="lemma_36" xlink:href="#tok_36"/><!-- ⲙⲙⲟ -->
<mark id="lemma_37" xlink:href="#tok_37"/><!-- ⲥ -->
<mark id="lemma_38" xlink:href="#tok_38"/><!-- ϫⲉ -->
<mark id="lemma_39" xlink:href="#tok_39"/><!-- ⲁ -->
<mark id="lemma_40" xlink:href="#tok_40"/><!-- ⲓ -->
<mark id="lemma_41" xlink:href="#tok_41"/><!-- ⲥⲟⲩⲛ -->
<mark id="lemma_42" xlink:href="#tok_42"/><!-- ⲗⲁⲁⲩ -->
<mark id="lemma_43" xlink:href="#tok_43"/><!-- ⲙⲡⲁⲧ -->
<mark id="lemma_44" xlink:href="#tok_44"/><!-- ϥ -->
<mark id="lemma_45" xlink:href="#tok_45"/><!-- ⲥⲟⲩⲛ -->
<mark id="lemma_46" xlink:href="#tok_46"/><!-- ⲧ -->
<mark id="lemma_47" xlink:href="#tok_47"/><!-- ϩⲉ -->
<mark id="lemma_48" xlink:href="#tok_48"/><!-- ⲉ -->
<mark id="lemma_49" xlink:href="#tok_49"/><!-- ⲧ -->
<mark id="lemma_50" xlink:href="#tok_50"/><!-- ϣϣⲉ -->
<mark id="lemma_51" xlink:href="#tok_51"/><!-- ⲉ -->
<mark id="lemma_52" xlink:href="#tok_52"/><!-- ⲥⲟⲟⲩⲛ -->
<mark id="lemma_53" xlink:href="#tok_53"/><!-- . -->
<mark id="lemma_54" xlink:href="#tok_54"/><!-- ⲉϣϫⲉ -->
<mark id="lemma_55" xlink:href="#tok_55"/><!-- ⲟⲩⲛ -->
<mark id="lemma_56" xlink:href="#tok_56"/><!-- ⲟⲩⲁ -->
<mark id="lemma_57" xlink:href="#tok_57"/><!-- ⲇⲉ -->
<mark id="lemma_58" xlink:href="#tok_58"/><!-- ⲙⲉ -->
<mark id="lemma_59" xlink:href="#tok_59"/><!-- ⲙ -->
<mark id="lemma_60" xlink:href="#tok_60"/><!-- ⲡ -->
<mark id="lemma_61" xlink:href="#tok_61"/><!-- ⲛⲟⲩⲧⲉ -->
<mark id="lemma_62" xlink:href="#tok_62"/><!-- ⲡⲁⲓ -->
<mark id="lemma_63" xlink:href="#tok_63"/><!-- ⲁ -->
<mark id="lemma_64" xlink:href="#tok_64"/><!-- ⲩ -->
<mark id="lemma_65" xlink:href="#tok_65"/><!-- ⲥⲟⲩⲱⲛ -->
<mark id="lemma_66" xlink:href="#tok_66"/><!-- ϥ -->
<mark id="lemma_67" xlink:href="#tok_67"/><!-- ⲉⲃⲟⲗ -->
<mark id="lemma_68" xlink:href="#tok_68"/><!-- ϩⲓⲧⲟⲟⲧ -->
<mark id="lemma_69" xlink:href="#tok_69"/><!-- ϥ -->
<mark id="lemma_70" xlink:href="#tok_70"/><!-- . -->
<mark id="lemma_71" xlink:href="#tok_71"/><!-- ⲉⲧⲃⲉ -->
<mark id="lemma_72" xlink:href="#tok_72"/><!-- ⲡ -->
<mark id="lemma_73" xlink:href="#tok_73"/><!-- ⲟⲩⲱⲙ -->
<mark id="lemma_74" xlink:href="#tok_74"/><!-- ϭⲉ -->
<mark id="lemma_75" xlink:href="#tok_75"/><!-- ⲛ -->
<mark id="lemma_76" xlink:href="#tok_76"/><!-- ⲛ -->
<mark id="lemma_77" xlink:href="#tok_77"/><!-- ϣⲱⲱⲧ -->
<mark id="lemma_78" xlink:href="#tok_78"/><!-- ⲛ -->
<mark id="lemma_79" xlink:href="#tok_79"/><!-- ⲛ -->
<mark id="lemma_80" xlink:href="#tok_80"/><!-- ⲉⲓⲇⲱⲗⲟⲛ -->
<mark id="lemma_81" xlink:href="#tok_81"/><!-- ⲧⲛ -->
<mark id="lemma_82" xlink:href="#tok_82"/><!-- ⲥⲟⲟⲩⲛ -->
<mark id="lemma_83" xlink:href="#tok_83"/><!-- ϫⲉ -->
<mark id="lemma_84" xlink:href="#tok_84"/><!-- ⲙⲛ -->
<mark id="lemma_85" xlink:href="#tok_85"/><!-- ⲗⲁⲁⲩ -->
<mark id="lemma_86" xlink:href="#tok_86"/><!-- ⲛ -->
<mark id="lemma_87" xlink:href="#tok_87"/><!-- ⲉⲓⲇⲱⲗⲟⲛ -->
<mark id="lemma_88" xlink:href="#tok_88"/><!-- ϩⲙ -->
<mark id="lemma_89" xlink:href="#tok_89"/><!-- ⲡ -->
<mark id="lemma_90" xlink:href="#tok_90"/><!-- ⲕⲟⲥⲙⲟⲥ -->
<mark id="lemma_91" xlink:href="#tok_91"/><!-- . -->
<mark id="lemma_92" xlink:href="#tok_92"/><!-- ⲁⲩⲱ -->
<mark id="lemma_93" xlink:href="#tok_93"/><!-- ϫⲉ -->
<mark id="lemma_94" xlink:href="#tok_94"/><!-- ⲙⲛ -->
<mark id="lemma_95" xlink:href="#tok_95"/><!-- ⲛⲟⲩⲧⲉ -->
<mark id="lemma_96" xlink:href="#tok_96"/><!-- ⲛⲥⲁ -->
<mark id="lemma_97" xlink:href="#tok_97"/><!-- ⲟⲩⲁ -->
<mark id="lemma_98" xlink:href="#tok_98"/><!-- . -->
<mark id="lemma_99" xlink:href="#tok_99"/><!-- ⲕⲁⲓⲅⲁⲣ -->
<mark id="lemma_100" xlink:href="#tok_100"/><!-- ⲉϣϫⲉ -->
<mark id="lemma_101" xlink:href="#tok_101"/><!-- ⲟⲩⲛ -->
<mark id="lemma_102" xlink:href="#tok_102"/><!-- ϩⲟⲓⲛⲉ -->
<mark id="lemma_103" xlink:href="#tok_103"/><!-- ⲉ -->
<mark id="lemma_104" xlink:href="#tok_104"/><!-- ϣⲁ -->
<mark id="lemma_105" xlink:href="#tok_105"/><!-- ⲩ -->
<mark id="lemma_106" xlink:href="#tok_106"/><!-- ⲙⲟⲩⲧⲉ -->
<mark id="lemma_107" xlink:href="#tok_107"/><!-- ⲉⲣⲟ -->
<mark id="lemma_108" xlink:href="#tok_108"/><!-- ⲟⲩ -->
<mark id="lemma_109" xlink:href="#tok_109"/><!-- ϫⲉ -->
<mark id="lemma_110" xlink:href="#tok_110"/><!-- ⲛⲟⲩⲧⲉ -->
<mark id="lemma_111" xlink:href="#tok_111"/><!-- ⲉⲓⲧⲉ -->
<mark id="lemma_112" xlink:href="#tok_112"/><!-- ϩⲛ -->
<mark id="lemma_113" xlink:href="#tok_113"/><!-- ⲧ -->
<mark id="lemma_114" xlink:href="#tok_114"/><!-- ⲡⲉ -->
<mark id="lemma_115" xlink:href="#tok_115"/><!-- . -->
<mark id="lemma_116" xlink:href="#tok_116"/><!-- ⲉⲓⲧⲉ -->
<mark id="lemma_117" xlink:href="#tok_117"/><!-- ϩⲓϫⲙ -->
<mark id="lemma_118" xlink:href="#tok_118"/><!-- ⲡ -->
<mark id="lemma_119" xlink:href="#tok_119"/><!-- ⲕⲁϩ -->
<mark id="lemma_120" xlink:href="#tok_120"/><!-- . -->
<mark id="lemma_121" xlink:href="#tok_121"/><!-- ⲛ -->
<mark id="lemma_122" xlink:href="#tok_122"/><!-- ⲧ -->
<mark id="lemma_123" xlink:href="#tok_123"/><!-- ϩⲉ -->
<mark id="lemma_124" xlink:href="#tok_124"/><!-- ⲉⲧⲉ -->
<mark id="lemma_125" xlink:href="#tok_125"/><!-- ⲟⲩⲛ -->
<mark id="lemma_126" xlink:href="#tok_126"/><!-- ϩⲁϩ -->
<mark id="lemma_127" xlink:href="#tok_127"/><!-- ⲛ -->
<mark id="lemma_128" xlink:href="#tok_128"/><!-- ⲛⲟⲩⲧⲉ -->
<mark id="lemma_129" xlink:href="#tok_129"/><!-- ϩⲓ -->
<mark id="lemma_130" xlink:href="#tok_130"/><!-- ϩⲁϩ -->
<mark id="lemma_131" xlink:href="#tok_131"/><!-- ⲛ -->
<mark id="lemma_132" xlink:href="#tok_132"/><!-- ϫⲟⲉⲓⲥ -->
<mark id="lemma_133" xlink:href="#tok_133"/><!-- . -->
<mark id="lemma_134" xlink:href="#tok_134"/><!-- ⲁⲛⲟⲛ -->
<mark id="lemma_135" xlink:href="#tok_135"/><!-- ⲟⲩ -->
<mark id="lemma_136" xlink:href="#tok_136"/><!-- ⲛⲟⲩⲧⲉ -->
<mark id="lemma_137" xlink:href="#tok_137"/><!-- ⲛ -->
<mark id="lemma_138" xlink:href="#tok_138"/><!-- ⲟⲩⲱⲧ -->
<mark id="lemma_139" xlink:href="#tok_139"/><!-- ⲡ -->
<mark id="lemma_140" xlink:href="#tok_140"/><!-- ⲉⲧ -->
<mark id="lemma_141" xlink:href="#tok_141"/><!-- ϣⲟⲟⲡ -->
<mark id="lemma_142" xlink:href="#tok_142"/><!-- ⲛⲁ -->
<mark id="lemma_143" xlink:href="#tok_143"/><!-- ⲛ -->
<mark id="lemma_144" xlink:href="#tok_144"/><!-- ⲡ -->
<mark id="lemma_145" xlink:href="#tok_145"/><!-- ⲉⲓⲱⲧ -->
<mark id="lemma_146" xlink:href="#tok_146"/><!-- ⲡⲉ -->
<mark id="lemma_147" xlink:href="#tok_147"/><!-- ⲛⲧⲁ -->
<mark id="lemma_148" xlink:href="#tok_148"/><!-- ⲡ -->
<mark id="lemma_149" xlink:href="#tok_149"/><!-- ⲧⲏⲣ -->
<mark id="lemma_150" xlink:href="#tok_150"/><!-- ϥ -->
<mark id="lemma_151" xlink:href="#tok_151"/><!-- ϣⲱⲡⲉ -->
<mark id="lemma_152" xlink:href="#tok_152"/><!-- ⲉⲃⲟⲗ -->
<mark id="lemma_153" xlink:href="#tok_153"/><!-- ⲙⲙⲟ -->
<mark id="lemma_154" xlink:href="#tok_154"/><!-- ϥ -->
<mark id="lemma_155" xlink:href="#tok_155"/><!-- ⲁⲩⲱ -->
<mark id="lemma_156" xlink:href="#tok_156"/><!-- ⲁⲛⲟⲛ -->
<mark id="lemma_157" xlink:href="#tok_157"/><!-- ⲉϩⲟⲩⲛ -->
<mark id="lemma_158" xlink:href="#tok_158"/><!-- ⲉⲣⲟ -->
<mark id="lemma_159" xlink:href="#tok_159"/><!-- ϥ -->
<mark id="lemma_160" xlink:href="#tok_160"/><!-- ⲙⲛ -->
<mark id="lemma_161" xlink:href="#tok_161"/><!-- ⲟⲩ -->
<mark id="lemma_162" xlink:href="#tok_162"/><!-- ϫⲟⲉⲓⲥ -->
<mark id="lemma_163" xlink:href="#tok_163"/><!-- ⲛ -->
<mark id="lemma_164" xlink:href="#tok_164"/><!-- ⲟⲩⲱⲧ -->
<mark id="lemma_165" xlink:href="#tok_165"/><!-- ⲓⲏⲥⲟⲩⲥ -->
<mark id="lemma_166" xlink:href="#tok_166"/><!-- ⲡⲉ -->
<mark id="lemma_167" xlink:href="#tok_167"/><!-- ⲭⲣⲓⲥⲧⲟⲥ -->
<mark id="lemma_168" xlink:href="#tok_168"/><!-- ⲡ -->
<mark id="lemma_169" xlink:href="#tok_169"/><!-- ⲉⲧⲉⲣⲉ -->
<mark id="lemma_170" xlink:href="#tok_170"/><!-- ⲡ -->
<mark id="lemma_171" xlink:href="#tok_171"/><!-- ⲧⲏⲣ -->
<mark id="lemma_172" xlink:href="#tok_172"/><!-- ϥ -->
<mark id="lemma_173" xlink:href="#tok_173"/><!-- ϣⲟⲟⲡ -->
<mark id="lemma_174" xlink:href="#tok_174"/><!-- ⲉⲧⲃⲏⲏⲧ -->
<mark id="lemma_175" xlink:href="#tok_175"/><!-- ϥ -->
<mark id="lemma_176" xlink:href="#tok_176"/><!-- ⲁⲩⲱ -->
<mark id="lemma_177" xlink:href="#tok_177"/><!-- ⲁⲛⲟⲛ -->
<mark id="lemma_178" xlink:href="#tok_178"/><!-- ⲉⲃⲟⲗ -->
<mark id="lemma_179" xlink:href="#tok_179"/><!-- ϩⲓⲧⲟⲟⲧ -->
<mark id="lemma_180" xlink:href="#tok_180"/><!-- ϥ -->
<mark id="lemma_181" xlink:href="#tok_181"/><!-- . -->
<mark id="lemma_182" xlink:href="#tok_182"/><!-- ⲁⲗⲗⲁ -->
<mark id="lemma_183" xlink:href="#tok_183"/><!-- ⲙ -->
<mark id="lemma_184" xlink:href="#tok_184"/><!-- ⲡ -->
<mark id="lemma_185" xlink:href="#tok_185"/><!-- ⲥⲟⲟⲩⲛ -->
<mark id="lemma_186" xlink:href="#tok_186"/><!-- ϩⲛ -->
<mark id="lemma_187" xlink:href="#tok_187"/><!-- ⲟⲩⲟⲛ -->
<mark id="lemma_188" xlink:href="#tok_188"/><!-- ⲛⲓⲙ -->
<mark id="lemma_189" xlink:href="#tok_189"/><!-- ⲁⲛ -->
<mark id="lemma_190" xlink:href="#tok_190"/><!-- . -->
<mark id="lemma_191" xlink:href="#tok_191"/><!-- ϩⲟⲓⲛⲉ -->
<mark id="lemma_192" xlink:href="#tok_192"/><!-- ⲅⲁⲣ -->
<mark id="lemma_193" xlink:href="#tok_193"/><!-- ϩⲙ -->
<mark id="lemma_194" xlink:href="#tok_194"/><!-- ⲡ -->
<mark id="lemma_195" xlink:href="#tok_195"/><!-- ⲧⲱⲡ -->
<mark id="lemma_196" xlink:href="#tok_196"/><!-- ⲙ -->
<mark id="lemma_197" xlink:href="#tok_197"/><!-- ⲡ -->
<mark id="lemma_198" xlink:href="#tok_198"/><!-- ⲉⲓⲇⲱⲗⲟⲛ -->
<mark id="lemma_199" xlink:href="#tok_199"/><!-- ϣⲁ -->
<mark id="lemma_200" xlink:href="#tok_200"/><!-- ϩⲟⲩⲛ -->
<mark id="lemma_201" xlink:href="#tok_201"/><!-- ⲉ -->
<mark id="lemma_202" xlink:href="#tok_202"/><!-- ⲧⲉⲛⲟⲩ -->
<mark id="lemma_203" xlink:href="#tok_203"/><!-- ⲥⲉ -->
<mark id="lemma_204" xlink:href="#tok_204"/><!-- ⲟⲩⲱⲙ -->
<mark id="lemma_205" xlink:href="#tok_205"/><!-- ϩⲱⲥ -->
<mark id="lemma_206" xlink:href="#tok_206"/><!-- ϣⲱⲱⲧ -->
<mark id="lemma_207" xlink:href="#tok_207"/><!-- ⲛ -->
<mark id="lemma_208" xlink:href="#tok_208"/><!-- ⲉⲓⲇⲱⲗⲟⲛ -->
<mark id="lemma_209" xlink:href="#tok_209"/><!-- ⲁⲩⲱ -->
<mark id="lemma_210" xlink:href="#tok_210"/><!-- ⲧⲉⲩ -->
<mark id="lemma_211" xlink:href="#tok_211"/><!-- ⲥⲩⲛⲉⲓⲇⲏⲥⲓⲥ -->
<mark id="lemma_212" xlink:href="#tok_212"/><!-- ⲉ -->
<mark id="lemma_213" xlink:href="#tok_213"/><!-- ⲥ -->
<mark id="lemma_214" xlink:href="#tok_214"/><!-- ϭⲟⲟⲃ -->
<mark id="lemma_215" xlink:href="#tok_215"/><!-- ⲥ -->
<mark id="lemma_216" xlink:href="#tok_216"/><!-- ⲧⲱⲗⲙ -->
<mark id="lemma_217" xlink:href="#tok_217"/><!-- . -->
<mark id="lemma_218" xlink:href="#tok_218"/><!-- ⲙⲛ -->
<mark id="lemma_219" xlink:href="#tok_219"/><!-- ϩⲣⲉ -->
<mark id="lemma_220" xlink:href="#tok_220"/><!-- ⲇⲉ -->
<mark id="lemma_221" xlink:href="#tok_221"/><!-- ⲛⲁ -->
<mark id="lemma_222" xlink:href="#tok_222"/><!-- ⲡⲁⲣϩⲓⲥⲧⲁ -->
<mark id="lemma_223" xlink:href="#tok_223"/><!-- ⲙⲙⲟ -->
<mark id="lemma_224" xlink:href="#tok_224"/><!-- ⲛ -->
<mark id="lemma_225" xlink:href="#tok_225"/><!-- ⲙ -->
<mark id="lemma_226" xlink:href="#tok_226"/><!-- ⲡ -->
<mark id="lemma_227" xlink:href="#tok_227"/><!-- ⲛⲟⲩⲧⲉ -->
<mark id="lemma_228" xlink:href="#tok_228"/><!-- . -->
<mark id="lemma_229" xlink:href="#tok_229"/><!-- ⲟⲩⲇⲉ -->
<mark id="lemma_230" xlink:href="#tok_230"/><!-- ⲉⲛϣⲁⲛ -->
<mark id="lemma_231" xlink:href="#tok_231"/><!-- ⲧⲙ -->
<mark id="lemma_232" xlink:href="#tok_232"/><!-- ⲟⲩⲱⲙ -->
<mark id="lemma_233" xlink:href="#tok_233"/><!-- ⲛ -->
<mark id="lemma_234" xlink:href="#tok_234"/><!-- ⲧⲛ -->
<mark id="lemma_235" xlink:href="#tok_235"/><!-- ⲛⲁ -->
<mark id="lemma_236" xlink:href="#tok_236"/><!-- ϣⲱⲱⲧ -->
<mark id="lemma_237" xlink:href="#tok_237"/><!-- ⲁⲛ -->
<mark id="lemma_238" xlink:href="#tok_238"/><!-- . -->
<mark id="lemma_239" xlink:href="#tok_239"/><!-- ⲟⲩⲇⲉ -->
<mark id="lemma_240" xlink:href="#tok_240"/><!-- ⲉⲛϣⲁⲛ -->
<mark id="lemma_241" xlink:href="#tok_241"/><!-- ⲟⲩⲱⲙ -->
<mark id="lemma_242" xlink:href="#tok_242"/><!-- ⲛ -->
<mark id="lemma_243" xlink:href="#tok_243"/><!-- ⲧⲛ -->
<mark id="lemma_244" xlink:href="#tok_244"/><!-- ⲛⲁ -->
<mark id="lemma_245" xlink:href="#xpointer(id('tok_245')/range-to(id('tok_246')))"/><!-- ⲣ...ϩⲟⲩⲟ -->
<mark id="lemma_247" xlink:href="#tok_247"/><!-- ⲁⲛ -->
<mark id="lemma_248" xlink:href="#tok_248"/><!-- . -->
<mark id="lemma_249" xlink:href="#tok_249"/><!-- ϭⲱϣⲧ -->
<mark id="lemma_250" xlink:href="#tok_250"/><!-- ⲇⲉ -->
<mark id="lemma_251" xlink:href="#tok_251"/><!-- ⲙⲏⲡⲱⲥ -->
<mark id="lemma_252" xlink:href="#tok_252"/><!-- ⲛⲧⲉ -->
<mark id="lemma_253" xlink:href="#tok_253"/><!-- ⲧⲉⲓ -->
<mark id="lemma_254" xlink:href="#tok_254"/><!-- ⲉⲝⲟⲩⲥⲓⲁ -->
<mark id="lemma_255" xlink:href="#tok_255"/><!-- ⲛⲧⲉ -->
<mark id="lemma_256" xlink:href="#tok_256"/><!-- ⲧⲏⲩⲧⲛ -->
<mark id="lemma_257" xlink:href="#tok_257"/><!-- ϣⲱⲡⲉ -->
<mark id="lemma_258" xlink:href="#tok_258"/><!-- ⲛ -->
<mark id="lemma_259" xlink:href="#xpointer(id('tok_259')/range-to(id('tok_260')))"/><!-- ϫⲣⲟ...ⲡ -->
<mark id="lemma_261" xlink:href="#tok_261"/><!-- ⲛ -->
<mark id="lemma_262" xlink:href="#tok_262"/><!-- ⲛ -->
<mark id="lemma_263" xlink:href="#tok_263"/><!-- ⲉⲧ -->
<mark id="lemma_264" xlink:href="#tok_264"/><!-- ϭⲟⲟⲃ -->
<mark id="lemma_265" xlink:href="#tok_265"/><!-- . -->
<mark id="lemma_266" xlink:href="#tok_266"/><!-- ⲉⲣϣⲁⲛ -->
<mark id="lemma_267" xlink:href="#tok_267"/><!-- ⲟⲩⲁ -->
<mark id="lemma_268" xlink:href="#tok_268"/><!-- ⲅⲁⲣ -->
<mark id="lemma_269" xlink:href="#tok_269"/><!-- ⲛⲁ -->
<mark id="lemma_270" xlink:href="#tok_270"/><!-- ⲩ -->
<mark id="lemma_271" xlink:href="#tok_271"/><!-- ⲉⲣⲟ -->
<mark id="lemma_272" xlink:href="#tok_272"/><!-- ⲕ -->
<mark id="lemma_273" xlink:href="#tok_273"/><!-- ⲡⲉⲧⲉ -->
<mark id="lemma_274" xlink:href="#tok_274"/><!-- ⲟⲩⲛ -->
<mark id="lemma_275" xlink:href="#tok_275"/><!-- ⲧⲁϥ -->
<mark id="lemma_276" xlink:href="#tok_276"/><!-- ⲙⲙⲁⲩ -->
<mark id="lemma_277" xlink:href="#tok_277"/><!-- ⲙ -->
<mark id="lemma_278" xlink:href="#tok_278"/><!-- ⲡ -->
<mark id="lemma_279" xlink:href="#tok_279"/><!-- ⲥⲟⲟⲩⲛ -->
<mark id="lemma_280" xlink:href="#tok_280"/><!-- ⲉ -->
<mark id="lemma_281" xlink:href="#tok_281"/><!-- ⲕ -->
<mark id="lemma_282" xlink:href="#tok_282"/><!-- ⲛⲏϫ -->
<mark id="lemma_283" xlink:href="#tok_283"/><!-- ϩⲛ -->
<mark id="lemma_284" xlink:href="#tok_284"/><!-- ⲟⲩ -->
<mark id="lemma_285" xlink:href="#tok_285"/><!-- ⲙⲁ -->
<mark id="lemma_286" xlink:href="#tok_286"/><!-- ⲛ -->
<mark id="lemma_287" xlink:href="#tok_287"/><!-- ⲉⲓⲇⲱⲗⲟⲛ -->
<mark id="lemma_288" xlink:href="#tok_288"/><!-- ⲉ -->
<mark id="lemma_289" xlink:href="#tok_289"/><!-- ⲩ -->
<mark id="lemma_290" xlink:href="#tok_290"/><!-- ϭⲱⲃ -->
<mark id="lemma_291" xlink:href="#tok_291"/><!-- ⲡⲉ -->
<mark id="lemma_292" xlink:href="#tok_292"/><!-- . -->
<mark id="lemma_293" xlink:href="#tok_293"/><!-- ⲙⲏ -->
<mark id="lemma_294" xlink:href="#tok_294"/><!-- ⲛ -->
<mark id="lemma_295" xlink:href="#tok_295"/><!-- ⲧⲉϥ -->
<mark id="lemma_296" xlink:href="#tok_296"/><!-- ⲥⲩⲛⲓⲇⲏⲥⲓⲥ -->
<mark id="lemma_297" xlink:href="#tok_297"/><!-- ⲛⲁ -->
<mark id="lemma_298" xlink:href="#tok_298"/><!-- ⲕⲱⲧ -->
<mark id="lemma_299" xlink:href="#tok_299"/><!-- ⲁⲛ -->
<mark id="lemma_300" xlink:href="#tok_300"/><!-- ⲉ -->
<mark id="lemma_301" xlink:href="#tok_301"/><!-- ⲟⲩⲱⲙ -->
<mark id="lemma_302" xlink:href="#tok_302"/><!-- ⲛ -->
<mark id="lemma_303" xlink:href="#tok_303"/><!-- ⲛ -->
<mark id="lemma_304" xlink:href="#tok_304"/><!-- ϣⲱⲱⲧ -->
<mark id="lemma_305" xlink:href="#tok_305"/><!-- ⲛ -->
<mark id="lemma_306" xlink:href="#tok_306"/><!-- ⲛ -->
<mark id="lemma_307" xlink:href="#tok_307"/><!-- ⲉⲓⲇⲱⲗⲟⲛ -->
<mark id="lemma_308" xlink:href="#tok_308"/><!-- . -->
<mark id="lemma_309" xlink:href="#tok_309"/><!-- ϥ -->
<mark id="lemma_310" xlink:href="#tok_310"/><!-- ⲛⲁ -->
<mark id="lemma_311" xlink:href="#tok_311"/><!-- ϩⲉ -->
<mark id="lemma_312" xlink:href="#tok_312"/><!-- ⲅⲁⲣ -->
<mark id="lemma_313" xlink:href="#tok_313"/><!-- ⲉⲃⲟⲗ -->
<mark id="lemma_314" xlink:href="#tok_314"/><!-- ⲛϭⲓ -->
<mark id="lemma_315" xlink:href="#tok_315"/><!-- ⲡ -->
<mark id="lemma_316" xlink:href="#tok_316"/><!-- ⲉⲧ -->
<mark id="lemma_317" xlink:href="#tok_317"/><!-- ϭⲟⲟⲃ -->
<mark id="lemma_318" xlink:href="#tok_318"/><!-- ϩⲙ -->
<mark id="lemma_319" xlink:href="#tok_319"/><!-- ⲡⲉⲕ -->
<mark id="lemma_320" xlink:href="#tok_320"/><!-- ⲥⲟⲟⲩⲛ -->
<mark id="lemma_321" xlink:href="#tok_321"/><!-- . -->
<mark id="lemma_322" xlink:href="#tok_322"/><!-- ⲡ -->
<mark id="lemma_323" xlink:href="#tok_323"/><!-- ⲥⲟⲛ -->
<mark id="lemma_324" xlink:href="#tok_324"/><!-- ⲉ -->
<mark id="lemma_325" xlink:href="#tok_325"/><!-- ⲛ -->
<mark id="lemma_326" xlink:href="#tok_326"/><!-- ⲧ -->
<mark id="lemma_327" xlink:href="#tok_327"/><!-- ⲁ -->
<mark id="lemma_328" xlink:href="#tok_328"/><!-- ⲡⲉ -->
<mark id="lemma_329" xlink:href="#tok_329"/><!-- ⲭⲣⲓⲥⲧⲟⲥ -->
<mark id="lemma_330" xlink:href="#tok_330"/><!-- ⲙⲟⲩ -->
<mark id="lemma_331" xlink:href="#tok_331"/><!-- ϩⲁⲣⲟ -->
<mark id="lemma_332" xlink:href="#tok_332"/><!-- ϥ -->
<mark id="lemma_333" xlink:href="#tok_333"/><!-- . -->
<mark id="lemma_334" xlink:href="#tok_334"/><!-- ⲧⲁⲓ -->
<mark id="lemma_335" xlink:href="#tok_335"/><!-- ⲇⲉ -->
<mark id="lemma_336" xlink:href="#tok_336"/><!-- ⲧⲉ -->
<mark id="lemma_337" xlink:href="#tok_337"/><!-- ⲧ -->
<mark id="lemma_338" xlink:href="#tok_338"/><!-- ϩⲉ -->
<mark id="lemma_339" xlink:href="#tok_339"/><!-- ⲉ -->
<mark id="lemma_340" xlink:href="#tok_340"/><!-- ⲧⲉⲧⲛ -->
<mark id="lemma_341" xlink:href="#xpointer(id('tok_341')/range-to(id('tok_342')))"/><!-- ⲣ...ⲛⲟⲃⲉ -->
<mark id="lemma_343" xlink:href="#tok_343"/><!-- ⲉ -->
<mark id="lemma_344" xlink:href="#tok_344"/><!-- ⲛⲉ -->
<mark id="lemma_345" xlink:href="#tok_345"/><!-- ⲥⲛⲏⲩ -->
<mark id="lemma_346" xlink:href="#tok_346"/><!-- . -->
<mark id="lemma_347" xlink:href="#tok_347"/><!-- ⲉ -->
<mark id="lemma_348" xlink:href="#tok_348"/><!-- ⲧⲉⲧⲛ -->
<mark id="lemma_349" xlink:href="#tok_349"/><!-- ⲣⲱϩⲧ -->
<mark id="lemma_350" xlink:href="#tok_350"/><!-- ⲛ -->
<mark id="lemma_351" xlink:href="#tok_351"/><!-- ⲧⲉⲩ -->
<mark id="lemma_352" xlink:href="#tok_352"/><!-- ⲥⲩⲛⲓⲇⲏⲥⲓⲥ -->
<mark id="lemma_353" xlink:href="#tok_353"/><!-- ⲉ -->
<mark id="lemma_354" xlink:href="#tok_354"/><!-- ⲥ -->
<mark id="lemma_355" xlink:href="#tok_355"/><!-- ϭⲟⲟⲃ -->
<mark id="lemma_356" xlink:href="#tok_356"/><!-- ⲧⲉⲧⲛ -->
<mark id="lemma_357" xlink:href="#xpointer(id('tok_357')/range-to(id('tok_358')))"/><!-- ⲣ...ⲛⲟⲃⲉ -->
<mark id="lemma_359" xlink:href="#tok_359"/><!-- ⲉ -->
<mark id="lemma_360" xlink:href="#tok_360"/><!-- ⲡⲉ -->
<mark id="lemma_361" xlink:href="#tok_361"/><!-- ⲭⲣⲓⲥⲧⲟⲥ -->
<mark id="lemma_362" xlink:href="#tok_362"/><!-- . -->
<mark id="lemma_363" xlink:href="#tok_363"/><!-- ⲉⲧⲃⲉ -->
<mark id="lemma_364" xlink:href="#tok_364"/><!-- ⲡⲁⲓ -->
<mark id="lemma_365" xlink:href="#tok_365"/><!-- ⲉϣϫⲉ -->
<mark id="lemma_366" xlink:href="#tok_366"/><!-- ⲟⲩ -->
<mark id="lemma_367" xlink:href="#tok_367"/><!-- ϩⲣⲉ -->
<mark id="lemma_368" xlink:href="#tok_368"/><!-- ⲧ -->
<mark id="lemma_369" xlink:href="#tok_369"/><!-- ⲉⲧ -->
<mark id="lemma_370" xlink:href="#tok_370"/><!-- ⲛⲁ -->
<mark id="lemma_371" xlink:href="#tok_371"/><!-- ⲥⲕⲁⲛⲇⲁⲗⲓⲍⲉ -->
<mark id="lemma_372" xlink:href="#tok_372"/><!-- ⲙ -->
<mark id="lemma_373" xlink:href="#tok_373"/><!-- ⲡⲁ -->
<mark id="lemma_374" xlink:href="#tok_374"/><!-- ⲥⲟⲛ -->
<mark id="lemma_375" xlink:href="#tok_375"/><!-- ⲛⲛⲁⲟⲩⲉⲙ -->
<mark id="lemma_376" xlink:href="#tok_376"/><!-- ⲁϥ -->
<mark id="lemma_377" xlink:href="#tok_377"/><!-- ϣⲁ -->
<mark id="lemma_378" xlink:href="#tok_378"/><!-- ⲉⲛⲉϩ -->
<mark id="lemma_379" xlink:href="#tok_379"/><!-- ϫⲉ -->
<mark id="lemma_380" xlink:href="#tok_380"/><!-- ⲛⲛⲉⲉⲓⲥⲕⲁⲛⲇⲁⲗⲓⲍⲉ -->
<mark id="lemma_381" xlink:href="#tok_381"/><!-- ⲙ -->
<mark id="lemma_382" xlink:href="#tok_382"/><!-- ⲡⲁ -->
<mark id="lemma_383" xlink:href="#tok_383"/><!-- ⲥⲟⲛ -->
<mark id="lemma_384" xlink:href="#tok_384"/><!-- . -->
</markList>
</paula>
