<?xml version="1.0" encoding="UTF-8" standalone="no"?>

<!DOCTYPE paula SYSTEM "paula_feat.dtd">
<paula version="1.0">

<header paula_id="sahidica.nt.1_Corinthians_8_pos"/>

<featList xmlns:xlink="http://www.w3.org/1999/xlink" type="pos" xml:base="sahidica.nt.1_Corinthians_8.posSeg.xml">
<feat xlink:href="#pos_1" value="PREP"/><!-- ⲉⲧⲃⲉ -->
<feat xlink:href="#pos_2" value="N"/><!-- ⲛϣⲱⲱⲧ -->
<feat xlink:href="#pos_3" value="PTC"/><!-- ⲇⲉ -->
<feat xlink:href="#pos_4" value="PREP"/><!-- ⲛ -->
<feat xlink:href="#pos_5" value="ART"/><!-- ⲛ -->
<feat xlink:href="#pos_6" value="N"/><!-- ⲉⲓⲇⲱⲗⲟⲛ -->
<feat xlink:href="#pos_7" value="PPERS"/><!-- ⲧⲛ -->
<feat xlink:href="#pos_8" value="V"/><!-- ⲥⲟⲟⲩⲛ -->
<feat xlink:href="#pos_9" value="CONJ"/><!-- ϫⲉ -->
<feat xlink:href="#pos_10" value="EXIST"/><!-- ⲟⲩⲛⲧⲁ -->
<feat xlink:href="#pos_11" value="PPERO"/><!-- ⲛ -->
<feat xlink:href="#pos_12" value="IMOD"/><!-- ⲧⲏⲣ -->
<feat xlink:href="#pos_13" value="PPERO"/><!-- ⲛ -->
<feat xlink:href="#pos_14" value="ADV"/><!-- ⲙⲙⲁⲩ -->
<feat xlink:href="#pos_15" value="PREP"/><!-- ⲛ -->
<feat xlink:href="#pos_16" value="ART"/><!-- ⲟⲩ -->
<feat xlink:href="#pos_17" value="N"/><!-- ⲥⲟⲟⲩⲛ -->
<feat xlink:href="#pos_18" value="PUNCT"/><!-- . -->
<feat xlink:href="#pos_19" value="ART"/><!-- ⲡ -->
<feat xlink:href="#pos_20" value="N"/><!-- ⲥⲟⲟⲩⲛ -->
<feat xlink:href="#pos_21" value="AAOR"/><!-- ϣⲁ -->
<feat xlink:href="#pos_22" value="PPERS"/><!-- ϥ -->
<feat xlink:href="#pos_23" value="V"/><!-- ϫⲓⲥⲉ -->
<feat xlink:href="#pos_24" value="PUNCT"/><!-- . -->
<feat xlink:href="#pos_25" value="ART"/><!-- ⲧ -->
<feat xlink:href="#pos_26" value="N"/><!-- ⲁⲅⲁⲡⲏ -->
<feat xlink:href="#pos_27" value="PTC"/><!-- ⲇⲉ -->
<feat xlink:href="#pos_28" value="AAOR"/><!-- ϣⲁ -->
<feat xlink:href="#pos_29" value="PPERS"/><!-- ⲥ -->
<feat xlink:href="#pos_30" value="V"/><!-- ⲕⲱⲧ -->
<feat xlink:href="#pos_31" value="PUNCT"/><!-- . -->
<feat xlink:href="#pos_32" value="ART"/><!-- ⲡ -->
<feat xlink:href="#pos_33" value="CREL"/><!-- ⲉⲧ -->
<feat xlink:href="#pos_34" value="V"/><!-- ϫⲱ -->
<feat xlink:href="#pos_35" value="PREP"/><!-- ⲙⲙⲟ -->
<feat xlink:href="#pos_36" value="PPERO"/><!-- ⲥ -->
<feat xlink:href="#pos_37" value="CONJ"/><!-- ϫⲉ -->
<feat xlink:href="#pos_38" value="APST"/><!-- ⲁ -->
<feat xlink:href="#pos_39" value="PPERS"/><!-- ⲓ -->
<feat xlink:href="#pos_40" value="V"/><!-- ⲥⲟⲩⲛ -->
<feat xlink:href="#pos_41" value="N"/><!-- ⲗⲁⲁⲩ -->
<feat xlink:href="#pos_42" value="ANY"/><!-- ⲙⲡⲁⲧ -->
<feat xlink:href="#pos_43" value="PPERS"/><!-- ϥ -->
<feat xlink:href="#pos_44" value="V"/><!-- ⲥⲟⲩⲛ -->
<feat xlink:href="#pos_45" value="ART"/><!-- ⲧ -->
<feat xlink:href="#pos_46" value="N"/><!-- ϩⲉ -->
<feat xlink:href="#pos_47" value="CREL"/><!-- ⲉⲧ -->
<feat xlink:href="#pos_48" value="V"/><!-- ϣϣⲉ -->
<feat xlink:href="#pos_49" value="PREP"/><!-- ⲉ -->
<feat xlink:href="#pos_50" value="N"/><!-- ⲥⲟⲟⲩⲛ -->
<feat xlink:href="#pos_51" value="PUNCT"/><!-- . -->
<feat xlink:href="#pos_52" value="CONJ"/><!-- ⲉϣϫⲉ -->
<feat xlink:href="#pos_53" value="EXIST"/><!-- ⲟⲩⲛ -->
<feat xlink:href="#pos_54" value="NUM"/><!-- ⲟⲩⲁ -->
<feat xlink:href="#pos_55" value="PTC"/><!-- ⲇⲉ -->
<feat xlink:href="#pos_56" value="N"/><!-- ⲙⲉ -->
<feat xlink:href="#pos_57" value="PREP"/><!-- ⲙ -->
<feat xlink:href="#pos_58" value="ART"/><!-- ⲡ -->
<feat xlink:href="#pos_59" value="N"/><!-- ⲛⲟⲩⲧⲉ -->
<feat xlink:href="#pos_60" value="PDEM"/><!-- ⲡⲁⲓ -->
<feat xlink:href="#pos_61" value="APST"/><!-- ⲁ -->
<feat xlink:href="#pos_62" value="PPERS"/><!-- ⲩ -->
<feat xlink:href="#pos_63" value="V"/><!-- ⲥⲟⲩⲱⲛ -->
<feat xlink:href="#pos_64" value="PPERO"/><!-- ϥ -->
<feat xlink:href="#pos_65" value="ADV"/><!-- ⲉⲃⲟⲗ -->
<feat xlink:href="#pos_66" value="PREP"/><!-- ϩⲓⲧⲟⲟⲧ -->
<feat xlink:href="#pos_67" value="PPERO"/><!-- ϥ -->
<feat xlink:href="#pos_68" value="PUNCT"/><!-- . -->
<feat xlink:href="#pos_69" value="PREP"/><!-- ⲉⲧⲃⲉ -->
<feat xlink:href="#pos_70" value="ART"/><!-- ⲡ -->
<feat xlink:href="#pos_71" value="N"/><!-- ⲟⲩⲱⲙ -->
<feat xlink:href="#pos_72" value="ART"/><!-- ϭⲉ -->
<feat xlink:href="#pos_73" value="ACONJ"/><!-- ⲛ -->
<feat xlink:href="#pos_74" value="PPERS"/><!-- ⲛ -->
<feat xlink:href="#pos_75" value="V"/><!-- ϣⲱⲱⲧ -->
<feat xlink:href="#pos_76" value="PREP"/><!-- ⲛ -->
<feat xlink:href="#pos_77" value="ART"/><!-- ⲛ -->
<feat xlink:href="#pos_78" value="N"/><!-- ⲉⲓⲇⲱⲗⲟⲛ -->
<feat xlink:href="#pos_79" value="PPERS"/><!-- ⲧⲛ -->
<feat xlink:href="#pos_80" value="V"/><!-- ⲥⲟⲟⲩⲛ -->
<feat xlink:href="#pos_81" value="CONJ"/><!-- ϫⲉ -->
<feat xlink:href="#pos_82" value="EXIST"/><!-- ⲙⲛ -->
<feat xlink:href="#pos_83" value="N"/><!-- ⲗⲁⲁⲩ -->
<feat xlink:href="#pos_84" value="PREP"/><!-- ⲛ -->
<feat xlink:href="#pos_85" value="N"/><!-- ⲉⲓⲇⲱⲗⲟⲛ -->
<feat xlink:href="#pos_86" value="PREP"/><!-- ϩⲙ -->
<feat xlink:href="#pos_87" value="ART"/><!-- ⲡ -->
<feat xlink:href="#pos_88" value="N"/><!-- ⲕⲟⲥⲙⲟⲥ -->
<feat xlink:href="#pos_89" value="PUNCT"/><!-- . -->
<feat xlink:href="#pos_90" value="CONJ"/><!-- ⲁⲩⲱ -->
<feat xlink:href="#pos_91" value="CONJ"/><!-- ϫⲉ -->
<feat xlink:href="#pos_92" value="EXIST"/><!-- ⲙⲛ -->
<feat xlink:href="#pos_93" value="N"/><!-- ⲛⲟⲩⲧⲉ -->
<feat xlink:href="#pos_94" value="PREP"/><!-- ⲛⲥⲁ -->
<feat xlink:href="#pos_95" value="NUM"/><!-- ⲟⲩⲁ -->
<feat xlink:href="#pos_96" value="PUNCT"/><!-- . -->
<feat xlink:href="#pos_97" value="CONJ"/><!-- ⲕⲁⲓⲅⲁⲣ -->
<feat xlink:href="#pos_98" value="CONJ"/><!-- ⲉϣϫⲉ -->
<feat xlink:href="#pos_99" value="EXIST"/><!-- ⲟⲩⲛ -->
<feat xlink:href="#pos_100" value="N"/><!-- ϩⲟⲓⲛⲉ -->
<feat xlink:href="#pos_101" value="V"/><!-- ⲉϣⲁⲩⲙⲟⲩⲧⲉ -->
<feat xlink:href="#pos_102" value="PREP"/><!-- ⲉⲣⲟ -->
<feat xlink:href="#pos_103" value="PPERO"/><!-- ⲟⲩ -->
<feat xlink:href="#pos_104" value="CONJ"/><!-- ϫⲉ -->
<feat xlink:href="#pos_105" value="N"/><!-- ⲛⲟⲩⲧⲉ -->
<feat xlink:href="#pos_106" value="CONJ"/><!-- ⲉⲓⲧⲉ -->
<feat xlink:href="#pos_107" value="PREP"/><!-- ϩⲛ -->
<feat xlink:href="#pos_108" value="ART"/><!-- ⲧ -->
<feat xlink:href="#pos_109" value="N"/><!-- ⲡⲉ -->
<feat xlink:href="#pos_110" value="PUNCT"/><!-- . -->
<feat xlink:href="#pos_111" value="CONJ"/><!-- ⲉⲓⲧⲉ -->
<feat xlink:href="#pos_112" value="PREP"/><!-- ϩⲓϫⲙ -->
<feat xlink:href="#pos_113" value="ART"/><!-- ⲡ -->
<feat xlink:href="#pos_114" value="N"/><!-- ⲕⲁϩ -->
<feat xlink:href="#pos_115" value="PUNCT"/><!-- . -->
<feat xlink:href="#pos_116" value="PREP"/><!-- ⲛ -->
<feat xlink:href="#pos_117" value="ART"/><!-- ⲧ -->
<feat xlink:href="#pos_118" value="N"/><!-- ϩⲉ -->
<feat xlink:href="#pos_119" value="CREL"/><!-- ⲉⲧⲉ -->
<feat xlink:href="#pos_120" value="EXIST"/><!-- ⲟⲩⲛ -->
<feat xlink:href="#pos_121" value="N"/><!-- ϩⲁϩ -->
<feat xlink:href="#pos_122" value="PREP"/><!-- ⲛ -->
<feat xlink:href="#pos_123" value="N"/><!-- ⲛⲟⲩⲧⲉ -->
<feat xlink:href="#pos_124" value="PREP"/><!-- ϩⲓ -->
<feat xlink:href="#pos_125" value="N"/><!-- ϩⲁϩ -->
<feat xlink:href="#pos_126" value="PREP"/><!-- ⲛ -->
<feat xlink:href="#pos_127" value="N"/><!-- ϫⲟⲉⲓⲥ -->
<feat xlink:href="#pos_128" value="PUNCT"/><!-- . -->
<feat xlink:href="#pos_129" value="PPERI"/><!-- ⲁⲛⲟⲛ -->
<feat xlink:href="#pos_130" value="ART"/><!-- ⲟⲩ -->
<feat xlink:href="#pos_131" value="N"/><!-- ⲛⲟⲩⲧⲉ -->
<feat xlink:href="#pos_132" value="PREP"/><!-- ⲛ -->
<feat xlink:href="#pos_133" value="N"/><!-- ⲟⲩⲱⲧ -->
<feat xlink:href="#pos_134" value="ART"/><!-- ⲡ -->
<feat xlink:href="#pos_135" value="CREL"/><!-- ⲉⲧ -->
<feat xlink:href="#pos_136" value="VSTAT"/><!-- ϣⲟⲟⲡ -->
<feat xlink:href="#pos_137" value="PREP"/><!-- ⲛⲁ -->
<feat xlink:href="#pos_138" value="ART"/><!-- ⲛ -->
<feat xlink:href="#pos_139" value="ART"/><!-- ⲡ -->
<feat xlink:href="#pos_140" value="N"/><!-- ⲉⲓⲱⲧ -->
<feat xlink:href="#pos_141" value="NPROP"/><!-- ⲡⲉⲛⲧⲁ -->
<feat xlink:href="#pos_142" value="ART"/><!-- ⲡ -->
<feat xlink:href="#pos_143" value="N"/><!-- ⲧⲏⲣϥ -->
<feat xlink:href="#pos_144" value="V"/><!-- ϣⲱⲡⲉ -->
<feat xlink:href="#pos_145" value="ADV"/><!-- ⲉⲃⲟⲗ -->
<feat xlink:href="#pos_146" value="PREP"/><!-- ⲙⲙⲟ -->
<feat xlink:href="#pos_147" value="PPERO"/><!-- ϥ -->
<feat xlink:href="#pos_148" value="CONJ"/><!-- ⲁⲩⲱ -->
<feat xlink:href="#pos_149" value="PPERI"/><!-- ⲁⲛⲟⲛ -->
<feat xlink:href="#pos_150" value="ADV"/><!-- ⲉϩⲟⲩⲛ -->
<feat xlink:href="#pos_151" value="PREP"/><!-- ⲉⲣⲟ -->
<feat xlink:href="#pos_152" value="PPERO"/><!-- ϥ -->
<feat xlink:href="#pos_153" value="PREP"/><!-- ⲙⲛ -->
<feat xlink:href="#pos_154" value="ART"/><!-- ⲟⲩ -->
<feat xlink:href="#pos_155" value="N"/><!-- ϫⲟⲉⲓⲥ -->
<feat xlink:href="#pos_156" value="PREP"/><!-- ⲛ -->
<feat xlink:href="#pos_157" value="N"/><!-- ⲟⲩⲱⲧ -->
<feat xlink:href="#pos_158" value="NPROP"/><!-- ⲓⲏⲥⲟⲩⲥ -->
<feat xlink:href="#pos_159" value="ART"/><!-- ⲡⲉ -->
<feat xlink:href="#pos_160" value="N"/><!-- ⲭⲣⲓⲥⲧⲟⲥ -->
<feat xlink:href="#pos_161" value="ART"/><!-- ⲡ -->
<feat xlink:href="#pos_162" value="CREL"/><!-- ⲉⲧⲉⲣⲉ -->
<feat xlink:href="#pos_163" value="ART"/><!-- ⲡ -->
<feat xlink:href="#pos_164" value="N"/><!-- ⲧⲏⲣϥ -->
<feat xlink:href="#pos_165" value="VSTAT"/><!-- ϣⲟⲟⲡ -->
<feat xlink:href="#pos_166" value="PREP"/><!-- ⲉⲧⲃⲏⲏⲧ -->
<feat xlink:href="#pos_167" value="PPERO"/><!-- ϥ -->
<feat xlink:href="#pos_168" value="CONJ"/><!-- ⲁⲩⲱ -->
<feat xlink:href="#pos_169" value="PPERI"/><!-- ⲁⲛⲟⲛ -->
<feat xlink:href="#pos_170" value="ADV"/><!-- ⲉⲃⲟⲗ -->
<feat xlink:href="#pos_171" value="PREP"/><!-- ϩⲓⲧⲟⲟⲧ -->
<feat xlink:href="#pos_172" value="PPERO"/><!-- ϥ -->
<feat xlink:href="#pos_173" value="PUNCT"/><!-- . -->
<feat xlink:href="#pos_174" value="CONJ"/><!-- ⲁⲗⲗⲁ -->
<feat xlink:href="#pos_175" value="PREP"/><!-- ⲙ -->
<feat xlink:href="#pos_176" value="ART"/><!-- ⲡ -->
<feat xlink:href="#pos_177" value="N"/><!-- ⲥⲟⲟⲩⲛ -->
<feat xlink:href="#pos_178" value="PREP"/><!-- ϩⲛ -->
<feat xlink:href="#pos_179" value="N"/><!-- ⲟⲩⲟⲛ -->
<feat xlink:href="#pos_180" value="PINT"/><!-- ⲛⲓⲙ -->
<feat xlink:href="#pos_181" value="NEG"/><!-- ⲁⲛ -->
<feat xlink:href="#pos_182" value="PUNCT"/><!-- . -->
<feat xlink:href="#pos_183" value="N"/><!-- ϩⲟⲓⲛⲉ -->
<feat xlink:href="#pos_184" value="PTC"/><!-- ⲅⲁⲣ -->
<feat xlink:href="#pos_185" value="PREP"/><!-- ϩⲙ -->
<feat xlink:href="#pos_186" value="N"/><!-- ⲡⲧⲱⲡ -->
<feat xlink:href="#pos_187" value="PREP"/><!-- ⲙ -->
<feat xlink:href="#pos_188" value="ART"/><!-- ⲡ -->
<feat xlink:href="#pos_189" value="N"/><!-- ⲉⲓⲇⲱⲗⲟⲛ -->
<feat xlink:href="#pos_190" value="PREP"/><!-- ϣⲁ -->
<feat xlink:href="#pos_191" value="N"/><!-- ϩⲟⲩⲛ -->
<feat xlink:href="#pos_192" value="V"/><!-- ⲉⲧⲉⲛⲟⲩ -->
<feat xlink:href="#pos_193" value="PPERS"/><!-- ⲥⲉ -->
<feat xlink:href="#pos_194" value="V"/><!-- ⲟⲩⲱⲙ -->
<feat xlink:href="#pos_195" value="CONJ"/><!-- ϩⲱⲥ -->
<feat xlink:href="#pos_196" value="V"/><!-- ϣⲱⲱⲧ -->
<feat xlink:href="#pos_197" value="PREP"/><!-- ⲛ -->
<feat xlink:href="#pos_198" value="N"/><!-- ⲉⲓⲇⲱⲗⲟⲛ -->
<feat xlink:href="#pos_199" value="CONJ"/><!-- ⲁⲩⲱ -->
<feat xlink:href="#pos_200" value="PPOS"/><!-- ⲧⲉⲩ -->
<feat xlink:href="#pos_201" value="N"/><!-- ⲥⲩⲛⲉⲓⲇⲏⲥⲓⲥ -->
<feat xlink:href="#pos_202" value="CCIRC"/><!-- ⲉ -->
<feat xlink:href="#pos_203" value="PPERS"/><!-- ⲥ -->
<feat xlink:href="#pos_204" value="V"/><!-- ϭⲟⲟⲃ -->
<feat xlink:href="#pos_205" value="PPERS"/><!-- ⲥ -->
<feat xlink:href="#pos_206" value="V"/><!-- ⲧⲱⲗⲙ -->
<feat xlink:href="#pos_207" value="PUNCT"/><!-- . -->
<feat xlink:href="#pos_208" value="PREP"/><!-- ⲙⲛ -->
<feat xlink:href="#pos_209" value="N"/><!-- ϩⲣⲉ -->
<feat xlink:href="#pos_210" value="PTC"/><!-- ⲇⲉ -->
<feat xlink:href="#pos_211" value="FUT"/><!-- ⲛⲁ -->
<feat xlink:href="#pos_212" value="V"/><!-- ⲡⲁⲣϩⲓⲥⲧⲁ -->
<feat xlink:href="#pos_213" value="CONJ"/><!-- ⲙⲙⲟⲛ -->
<feat xlink:href="#pos_214" value="PREP"/><!-- ⲙ -->
<feat xlink:href="#pos_215" value="ART"/><!-- ⲡ -->
<feat xlink:href="#pos_216" value="N"/><!-- ⲛⲟⲩⲧⲉ -->
<feat xlink:href="#pos_217" value="PUNCT"/><!-- . -->
<feat xlink:href="#pos_218" value="CONJ"/><!-- ⲟⲩⲇⲉ -->
<feat xlink:href="#pos_219" value="ACOND_PPERS"/><!-- ⲉⲛϣⲁⲛ -->
<feat xlink:href="#pos_220" value="NEG"/><!-- ⲧⲙ -->
<feat xlink:href="#pos_221" value="V"/><!-- ⲟⲩⲱⲙ -->
<feat xlink:href="#pos_222" value="N"/><!-- ⲛⲧⲛⲛⲁϣⲱⲱⲧ -->
<feat xlink:href="#pos_223" value="NEG"/><!-- ⲁⲛ -->
<feat xlink:href="#pos_224" value="PUNCT"/><!-- . -->
<feat xlink:href="#pos_225" value="CONJ"/><!-- ⲟⲩⲇⲉ -->
<feat xlink:href="#pos_226" value="ACOND_PPERS"/><!-- ⲉⲛϣⲁⲛ -->
<feat xlink:href="#pos_227" value="V"/><!-- ⲟⲩⲱⲙ -->
<feat xlink:href="#pos_228" value="N"/><!-- ⲛⲧⲛⲛⲁⲣϩⲟⲩⲟ -->
<feat xlink:href="#pos_229" value="NEG"/><!-- ⲁⲛ -->
<feat xlink:href="#pos_230" value="PUNCT"/><!-- . -->
<feat xlink:href="#pos_231" value="V"/><!-- ϭⲱϣⲧ -->
<feat xlink:href="#pos_232" value="PTC"/><!-- ⲇⲉ -->
<feat xlink:href="#pos_233" value="N"/><!-- ⲙⲏⲡⲱⲥ -->
<feat xlink:href="#pos_234" value="PREP"/><!-- ⲛⲧⲉ -->
<feat xlink:href="#pos_235" value="PDEM"/><!-- ⲧⲉⲓ -->
<feat xlink:href="#pos_236" value="N"/><!-- ⲉⲝⲟⲩⲥⲓⲁ -->
<feat xlink:href="#pos_237" value="PREP"/><!-- ⲛⲧⲉ -->
<feat xlink:href="#pos_238" value="PPERO"/><!-- ⲧⲏⲩⲧⲛ -->
<feat xlink:href="#pos_239" value="V"/><!-- ϣⲱⲡⲉ -->
<feat xlink:href="#pos_240" value="PREP"/><!-- ⲛ -->
<feat xlink:href="#pos_241" value="N"/><!-- ϫⲣⲟⲡ -->
<feat xlink:href="#pos_242" value="PREP"/><!-- ⲛ -->
<feat xlink:href="#pos_243" value="ART"/><!-- ⲛ -->
<feat xlink:href="#pos_244" value="CREL"/><!-- ⲉⲧ -->
<feat xlink:href="#pos_245" value="V"/><!-- ϭⲟⲟⲃ -->
<feat xlink:href="#pos_246" value="PUNCT"/><!-- . -->
<feat xlink:href="#pos_247" value="ACOND"/><!-- ⲉⲣϣⲁⲛ -->
<feat xlink:href="#pos_248" value="NUM"/><!-- ⲟⲩⲁ -->
<feat xlink:href="#pos_249" value="PTC"/><!-- ⲅⲁⲣ -->
<feat xlink:href="#pos_250" value="PREP"/><!-- ⲛⲁ -->
<feat xlink:href="#pos_251" value="PPERO"/><!-- ⲩ -->
<feat xlink:href="#pos_252" value="PREP"/><!-- ⲉⲣⲟ -->
<feat xlink:href="#pos_253" value="PPERO"/><!-- ⲕ -->
<feat xlink:href="#pos_254" value="N"/><!-- ⲡⲉⲧⲉ -->
<feat xlink:href="#pos_255" value="EXIST"/><!-- ⲟⲩⲛⲧⲁ -->
<feat xlink:href="#pos_256" value="PPERO"/><!-- ϥ -->
<feat xlink:href="#pos_257" value="ADV"/><!-- ⲙⲙⲁⲩ -->
<feat xlink:href="#pos_258" value="PREP"/><!-- ⲙ -->
<feat xlink:href="#pos_259" value="ART"/><!-- ⲡ -->
<feat xlink:href="#pos_260" value="N"/><!-- ⲥⲟⲟⲩⲛ -->
<feat xlink:href="#pos_261" value="CCIRC"/><!-- ⲉ -->
<feat xlink:href="#pos_262" value="PPERS"/><!-- ⲕ -->
<feat xlink:href="#pos_263" value="VSTAT"/><!-- ⲛⲏϫ -->
<feat xlink:href="#pos_264" value="PREP"/><!-- ϩⲛ -->
<feat xlink:href="#pos_265" value="ART"/><!-- ⲟⲩ -->
<feat xlink:href="#pos_266" value="N"/><!-- ⲙⲁ -->
<feat xlink:href="#pos_267" value="PREP"/><!-- ⲛ -->
<feat xlink:href="#pos_268" value="N"/><!-- ⲉⲓⲇⲱⲗⲟⲛ -->
<feat xlink:href="#pos_269" value="PREP"/><!-- ⲉ -->
<feat xlink:href="#pos_270" value="ART"/><!-- ⲩ -->
<feat xlink:href="#pos_271" value="N"/><!-- ϭⲱⲃ -->
<feat xlink:href="#pos_272" value="COP"/><!-- ⲡⲉ -->
<feat xlink:href="#pos_273" value="PUNCT"/><!-- . -->
<feat xlink:href="#pos_274" value="CONJ"/><!-- ⲙⲏ -->
<feat xlink:href="#pos_275" value="N"/><!-- ⲛⲧⲉϥⲥⲩⲛⲓⲇⲏⲥⲓⲥ -->
<feat xlink:href="#pos_276" value="FUT"/><!-- ⲛⲁ -->
<feat xlink:href="#pos_277" value="V"/><!-- ⲕⲱⲧ -->
<feat xlink:href="#pos_278" value="NEG"/><!-- ⲁⲛ -->
<feat xlink:href="#pos_279" value="PREP"/><!-- ⲉ -->
<feat xlink:href="#pos_280" value="N"/><!-- ⲟⲩⲱⲙ -->
<feat xlink:href="#pos_281" value="PREP"/><!-- ⲛ -->
<feat xlink:href="#pos_282" value="ART"/><!-- ⲛ -->
<feat xlink:href="#pos_283" value="V"/><!-- ϣⲱⲱⲧ -->
<feat xlink:href="#pos_284" value="PREP"/><!-- ⲛ -->
<feat xlink:href="#pos_285" value="ART"/><!-- ⲛ -->
<feat xlink:href="#pos_286" value="N"/><!-- ⲉⲓⲇⲱⲗⲟⲛ -->
<feat xlink:href="#pos_287" value="PUNCT"/><!-- . -->
<feat xlink:href="#pos_288" value="PPERS"/><!-- ϥ -->
<feat xlink:href="#pos_289" value="FUT"/><!-- ⲛⲁ -->
<feat xlink:href="#pos_290" value="V"/><!-- ϩⲉ -->
<feat xlink:href="#pos_291" value="PTC"/><!-- ⲅⲁⲣ -->
<feat xlink:href="#pos_292" value="ADV"/><!-- ⲉⲃⲟⲗ -->
<feat xlink:href="#pos_293" value="PTC"/><!-- ⲛϭⲓ -->
<feat xlink:href="#pos_294" value="ART"/><!-- ⲡ -->
<feat xlink:href="#pos_295" value="CREL"/><!-- ⲉⲧ -->
<feat xlink:href="#pos_296" value="V"/><!-- ϭⲟⲟⲃ -->
<feat xlink:href="#pos_297" value="PREP"/><!-- ϩⲙ -->
<feat xlink:href="#pos_298" value="PPOS"/><!-- ⲡⲉⲕ -->
<feat xlink:href="#pos_299" value="N"/><!-- ⲥⲟⲟⲩⲛ -->
<feat xlink:href="#pos_300" value="PUNCT"/><!-- . -->
<feat xlink:href="#pos_301" value="ART"/><!-- ⲡ -->
<feat xlink:href="#pos_302" value="N"/><!-- ⲥⲟⲛ -->
<feat xlink:href="#pos_303" value="NPROP"/><!-- ⲉⲛⲧⲁ -->
<feat xlink:href="#pos_304" value="ART"/><!-- ⲡⲉ -->
<feat xlink:href="#pos_305" value="N"/><!-- ⲭⲣⲓⲥⲧⲟⲥ -->
<feat xlink:href="#pos_306" value="V"/><!-- ⲙⲟⲩ -->
<feat xlink:href="#pos_307" value="PREP"/><!-- ϩⲁⲣⲟ -->
<feat xlink:href="#pos_308" value="PPERO"/><!-- ϥ -->
<feat xlink:href="#pos_309" value="PUNCT"/><!-- . -->
<feat xlink:href="#pos_310" value="PDEM"/><!-- ⲧⲁⲓ -->
<feat xlink:href="#pos_311" value="PTC"/><!-- ⲇⲉ -->
<feat xlink:href="#pos_312" value="COP"/><!-- ⲧⲉ -->
<feat xlink:href="#pos_313" value="ART"/><!-- ⲧ -->
<feat xlink:href="#pos_314" value="N"/><!-- ϩⲉ -->
<feat xlink:href="#pos_315" value="CCIRC"/><!-- ⲉ -->
<feat xlink:href="#pos_316" value="PPERS"/><!-- ⲧⲉⲧⲛ -->
<feat xlink:href="#pos_317" value="V"/><!-- ⲣⲛⲟⲃⲉ -->
<feat xlink:href="#pos_318" value="PREP"/><!-- ⲉ -->
<feat xlink:href="#pos_319" value="ART"/><!-- ⲛⲉ -->
<feat xlink:href="#pos_320" value="N"/><!-- ⲥⲛⲏⲩ -->
<feat xlink:href="#pos_321" value="PUNCT"/><!-- . -->
<feat xlink:href="#pos_322" value="CCIRC"/><!-- ⲉ -->
<feat xlink:href="#pos_323" value="PPERS"/><!-- ⲧⲉⲧⲛ -->
<feat xlink:href="#pos_324" value="V"/><!-- ⲣⲱϩⲧ -->
<feat xlink:href="#pos_325" value="N"/><!-- ⲛⲧⲉⲩⲥⲩⲛⲓⲇⲏⲥⲓⲥ -->
<feat xlink:href="#pos_326" value="CCIRC"/><!-- ⲉ -->
<feat xlink:href="#pos_327" value="PPERS"/><!-- ⲥ -->
<feat xlink:href="#pos_328" value="V"/><!-- ϭⲟⲟⲃ -->
<feat xlink:href="#pos_329" value="PPERS"/><!-- ⲧⲉⲧⲛ -->
<feat xlink:href="#pos_330" value="V"/><!-- ⲣⲛⲟⲃⲉ -->
<feat xlink:href="#pos_331" value="PREP"/><!-- ⲉ -->
<feat xlink:href="#pos_332" value="ART"/><!-- ⲡⲉ -->
<feat xlink:href="#pos_333" value="N"/><!-- ⲭⲣⲓⲥⲧⲟⲥ -->
<feat xlink:href="#pos_334" value="PUNCT"/><!-- . -->
<feat xlink:href="#pos_335" value="PREP"/><!-- ⲉⲧⲃⲉ -->
<feat xlink:href="#pos_336" value="PDEM"/><!-- ⲡⲁⲓ -->
<feat xlink:href="#pos_337" value="CONJ"/><!-- ⲉϣϫⲉ -->
<feat xlink:href="#pos_338" value="ART"/><!-- ⲟⲩ -->
<feat xlink:href="#pos_339" value="N"/><!-- ϩⲣⲉ -->
<feat xlink:href="#pos_340" value="ART"/><!-- ⲧ -->
<feat xlink:href="#pos_341" value="CREL"/><!-- ⲉⲧ -->
<feat xlink:href="#pos_342" value="FUT"/><!-- ⲛⲁ -->
<feat xlink:href="#pos_343" value="V"/><!-- ⲥⲕⲁⲛⲇⲁⲗⲓⲍⲉ -->
<feat xlink:href="#pos_344" value="PREP"/><!-- ⲙ -->
<feat xlink:href="#pos_345" value="PPOS"/><!-- ⲡⲁ -->
<feat xlink:href="#pos_346" value="N"/><!-- ⲥⲟⲛ -->
<feat xlink:href="#pos_347" value="V"/><!-- ⲛⲛⲁⲟⲩⲉⲙ -->
<feat xlink:href="#pos_348" value="N"/><!-- ⲁϥ -->
<feat xlink:href="#pos_349" value="PREP"/><!-- ϣⲁ -->
<feat xlink:href="#pos_350" value="N"/><!-- ⲉⲛⲉϩ -->
<feat xlink:href="#pos_351" value="CONJ"/><!-- ϫⲉ -->
<feat xlink:href="#pos_352" value="V"/><!-- ⲛⲛⲉⲉⲓⲥⲕⲁⲛⲇⲁⲗⲓⲍⲉ -->
<feat xlink:href="#pos_353" value="PREP"/><!-- ⲙ -->
<feat xlink:href="#pos_354" value="PPOS"/><!-- ⲡⲁ -->
<feat xlink:href="#pos_355" value="N"/><!-- ⲥⲟⲛ -->
<feat xlink:href="#pos_356" value="PUNCT"/><!-- . -->
</featList>
</paula>
