<?xml version='1.0' encoding='UTF-8'?><!DOCTYPE paula SYSTEM "paula_feat.dtd">
<paula version="1.1">
	<header paula_id="scriptorium.bohairic.Mark_05.mark_orig_group"/>
	<featList xmlns:xlink="http://www.w3.org/1999/xlink" type="orig_group" xml:base="scriptorium.bohairic.Mark_05.mark.xml">
		<feat xlink:href="#sSpan4" value="ⲟⲩⲟϩ"/>
		<feat xlink:href="#sSpan10" value="ⲁϥⲓ"/>
		<feat xlink:href="#sSpan18" value="ⲉⲙⲏⲣ"/>
		<feat xlink:href="#sSpan24" value="ⲉⲫⲓⲟⲙ"/>
		<feat xlink:href="#sSpan32" value="ⲉⲧⲭⲱⲣⲁ"/>
		<feat xlink:href="#sSpan41" value="ⲛⲧⲉⲛⲓⲅⲉⲣⲅⲉⲥⲏⲛⲟⲥ"/>
		<feat xlink:href="#sSpan50" value="ⲟⲩⲟϩ"/>
		<feat xlink:href="#sSpan56" value="ⲉⲧⲁϥⲓ"/>
		<feat xlink:href="#sSpan66" value="ⲉⲃⲟⲗ"/>
		<feat xlink:href="#sSpan70" value="ϧⲉⲛⲡⲓϫⲟⲓ"/>
		<feat xlink:href="#sSpan78" value="ⲥⲁⲧⲟⲧϥ"/>
		<feat xlink:href="#sSpan84" value="ⲁϥⲓ"/>
		<feat xlink:href="#sSpan92" value="ⲉϧⲟⲩⲛ"/>
		<feat xlink:href="#sSpan96" value="ⲉϩⲣⲁϥ"/>
		<feat xlink:href="#sSpan102" value="ⲉⲃⲟⲗ"/>
		<feat xlink:href="#sSpan106" value="ϧⲉⲛⲛⲓⲙϩⲁⲩ"/>
		<feat xlink:href="#sSpan114" value="ⲛϫⲉⲟⲩⲣⲱⲙⲓ"/>
		<feat xlink:href="#sSpan122" value="ⲉϥϧⲉⲛⲟⲩⲡⲛⲉⲩⲙⲁ"/>
		<feat xlink:href="#sSpan135" value="ⲛⲁⲕⲁⲑⲁⲣⲧⲟⲛ"/>
		<feat xlink:href="#sSpan142" value="ⲫⲏ"/>
		<feat xlink:href="#sSpan148" value="ⲉⲛⲁⲣⲉⲡⲉϥⲙⲁ"/>
		<feat xlink:href="#sSpan158" value="ⲛϣⲱⲡⲓ"/>
		<feat xlink:href="#sSpan164" value="ϣⲟⲡ"/>
		<feat xlink:href="#sSpan168" value="ϧⲉⲛⲛⲓⲙϩⲁⲩ"/>
		<feat xlink:href="#sSpan176" value="ⲟⲩⲟϩ"/>
		<feat xlink:href="#sSpan181" value="ⲟⲩⲇⲉ"/>
		<feat xlink:href="#sSpan185" value="ϧⲉⲛⲛⲓⲕⲉϩⲁⲗⲩⲥⲓⲥ"/>
		<feat xlink:href="#sSpan196" value="ⲙⲙⲟⲛ"/>
		<feat xlink:href="#sSpan200" value="ϣϫⲟⲙ"/>
		<feat xlink:href="#sSpan204" value="ⲛϩⲗⲓ"/>
		<feat xlink:href="#sSpan210" value="ⲡⲉ"/>
		<feat xlink:href="#sSpan214" value="ⲉⲥⲟⲛϩϥ"/>
		<feat xlink:href="#sSpan222" value="ⲉⲑⲃⲉϫⲉ"/>
		<feat xlink:href="#sSpan230" value="ⲛⲉⲁⲩⲥⲟⲛϩϥ"/>
		<feat xlink:href="#sSpan242" value="ⲛⲟⲩⲙⲏϣ"/>
		<feat xlink:href="#sSpan250" value="ⲛⲥⲟⲡ"/>
		<feat xlink:href="#sSpan256" value="ⲛϩⲁⲛⲡⲉⲇⲏⲥ"/>
		<feat xlink:href="#sSpan264" value="ⲛⲉⲙϩⲁⲛϩⲁⲗⲩⲥⲓⲥ"/>
		<feat xlink:href="#sSpan273" value="ⲟⲩⲟϩ"/>
		<feat xlink:href="#sSpan277" value="ⲛⲧⲉϥⲥⲱⲗⲡ"/>
		<feat xlink:href="#sSpan285" value="ⲛⲛⲓϩⲁⲗⲩⲥⲓⲥ"/>
		<feat xlink:href="#sSpan294" value="ⲉⲃⲟⲗ"/>
		<feat xlink:href="#sSpan298" value="ϩⲓⲧⲟⲧϥ"/>
		<feat xlink:href="#sSpan304" value="ⲟⲩⲟϩ"/>
		<feat xlink:href="#sSpan308" value="ⲛⲥⲉϧⲟⲙϧⲉⲙ"/>
		<feat xlink:href="#sSpan316" value="ⲛϫⲉⲛⲓⲡⲉⲇⲏⲥ"/>
		<feat xlink:href="#sSpan324" value="ⲟⲩⲟϩ"/>
		<feat xlink:href="#sSpan328" value="ⲛⲉⲙⲙⲟⲛ"/>
		<feat xlink:href="#sSpan334" value="ϣϫⲟⲙ"/>
		<feat xlink:href="#sSpan338" value="ⲛⲧⲉϩⲗⲓ"/>
		<feat xlink:href="#sSpan345" value="ⲉⲣⲇⲁⲙⲁⲍⲓⲛ"/>
		<feat xlink:href="#sSpan350" value="ⲙⲙⲟϥ"/>
		<feat xlink:href="#sSpan356" value="ⲟⲩⲟϩ"/>
		<feat xlink:href="#sSpan362" value="ⲛⲥⲏⲟⲩ"/>
		<feat xlink:href="#sSpan368" value="ⲛⲓⲃⲉⲛ"/>
		<feat xlink:href="#sSpan372" value="ⲙⲡⲓⲉϫⲱⲣϩ"/>
		<feat xlink:href="#sSpan380" value="ⲛⲉⲙⲡⲓⲉϩⲟⲟⲩ"/>
		<feat xlink:href="#sSpan388" value="ⲉϥⲭⲏ"/>
		<feat xlink:href="#sSpan396" value="ϧⲉⲛⲛⲓⲙϩⲁⲩ"/>
		<feat xlink:href="#sSpan404" value="ⲟⲩⲟϩ"/>
		<feat xlink:href="#sSpan408" value="ⲛⲁϥⲭⲏ"/>
		<feat xlink:href="#sSpan416" value="ϧⲉⲛⲛⲓⲧⲱⲟⲩ"/>
		<feat xlink:href="#sSpan424" value="ⲡⲉ"/>
		<feat xlink:href="#sSpan428" value="ⲉϥⲱϣ"/>
		<feat xlink:href="#sSpan437" value="ⲉⲃⲟⲗ"/>
		<feat xlink:href="#sSpan441" value="ⲟⲩⲟϩ"/>
		<feat xlink:href="#sSpan445" value="ⲉϥϣⲱⲧ"/>
		<feat xlink:href="#sSpan453" value="ⲙⲙⲟϥ"/>
		<feat xlink:href="#sSpan459" value="ⲛϩⲁⲛⲱⲛⲓ"/>
		<feat xlink:href="#sSpan467" value="."/>
		<feat xlink:href="#sSpan471" value="ⲟⲩⲟϩ"/>
		<feat xlink:href="#sSpan477" value="ⲉⲧⲁϥⲛⲁⲩ"/>
		<feat xlink:href="#sSpan487" value="ⲉⲓⲏⲥⲟⲩⲥ"/>
		<feat xlink:href="#sSpan494" value="ⲓⲥϫⲉⲛϩⲓⲫⲟⲩⲉⲓ"/>
		<feat xlink:href="#sSpan504" value="ⲁϥϭⲟϫⲓ"/>
		<feat xlink:href="#sSpan512" value="ⲟⲩⲟϩ"/>
		<feat xlink:href="#sSpan516" value="ⲁϥⲟⲩⲱϣⲧ"/>
		<feat xlink:href="#sSpan524" value="ⲙⲙⲟϥ"/>
		<feat xlink:href="#sSpan530" value="ⲟⲩⲟϩ"/>
		<feat xlink:href="#sSpan536" value="ⲉⲧⲁϥⲱϣ"/>
		<feat xlink:href="#sSpan547" value="ⲉⲃⲟⲗ"/>
		<feat xlink:href="#sSpan551" value="ϧⲉⲛⲟⲩⲛⲓϣϯ"/>
		<feat xlink:href="#sSpan559" value="ⲛⲥⲙⲏ"/>
		<feat xlink:href="#sSpan565" value="ⲟⲩⲟϩ"/>
		<feat xlink:href="#sSpan569" value="ⲡⲉϫⲁϥ"/>
		<feat xlink:href="#sSpan575" value="ϫⲉⲁϧⲟⲕ"/>
		<feat xlink:href="#sSpan583" value="ⲛⲉⲙⲏⲓ"/>
		<feat xlink:href="#sSpan589" value="ϩⲱⲕ"/>
		<feat xlink:href="#sSpan596" value="ⲓⲏⲥⲟⲩⲥ"/>
		<feat xlink:href="#sSpan600" value="ⲡϣⲏⲣⲓ"/>
		<feat xlink:href="#sSpan606" value="ⲙⲫⲛⲟⲩϯ"/>
		<feat xlink:href="#sSpan614" value="ⲉⲧϭⲟⲥⲓ"/>
		<feat xlink:href="#sSpan620" value="ϯⲧⲁⲣⲕⲟ"/>
		<feat xlink:href="#sSpan626" value="ⲙⲙⲟⲕ"/>
		<feat xlink:href="#sSpan632" value="ⲙⲫⲛⲟⲩϯ"/>
		<feat xlink:href="#sSpan640" value="ⲙⲡⲉⲣϯϭⲗⲁⲕ"/>
		<feat xlink:href="#sSpan648" value="ⲛⲏⲓ"/>
		<feat xlink:href="#sSpan654" value="."/>
		<feat xlink:href="#sSpan658" value="ⲛⲁϥϫⲱ"/>
		<feat xlink:href="#sSpan669" value="ⲅⲁⲣ"/>
		<feat xlink:href="#sSpan673" value="ⲙⲙⲟⲥ"/>
		<feat xlink:href="#sSpan679" value="ⲡⲉ"/>
		<feat xlink:href="#sSpan683" value="ϫⲉⲁⲙⲟⲩ"/>
		<feat xlink:href="#sSpan689" value="ⲉⲃⲟⲗ"/>
		<feat xlink:href="#sSpan693" value="ⲡⲓⲡⲛⲉⲩⲙⲁ"/>
		<feat xlink:href="#sSpan700" value="ⲛⲁⲕⲁⲑⲁⲣⲧⲟⲛ"/>
		<feat xlink:href="#sSpan707" value="ϧⲉⲛⲡⲓⲣⲱⲙⲓ"/>
		<feat xlink:href="#sSpan715" value="."/>
		<feat xlink:href="#sSpan719" value="ⲟⲩⲟϩ"/>
		<feat xlink:href="#sSpan725" value="ⲛⲁϥϣⲓⲛⲓ"/>
		<feat xlink:href="#sSpan733" value="ⲙⲙⲟϥ"/>
		<feat xlink:href="#sSpan739" value="ϫⲉⲛⲓⲙ"/>
		<feat xlink:href="#sSpan745" value="ⲡⲉ"/>
		<feat xlink:href="#sSpan749" value="ⲡⲉⲕⲣⲁⲛ"/>
		<feat xlink:href="#sSpan755" value="ⲟⲩⲟϩ"/>
		<feat xlink:href="#sSpan759" value="ⲡⲉϫⲁϥ"/>
		<feat xlink:href="#sSpan765" value="ⲛⲁϥ"/>
		<feat xlink:href="#sSpan771" value="ϫⲉⲗⲉⲅⲓⲱⲛ"/>
		<feat xlink:href="#sSpan777" value="ⲡⲉ"/>
		<feat xlink:href="#sSpan781" value="ⲡⲁⲣⲁⲛ"/>
		<feat xlink:href="#sSpan787" value="ϫⲉⲧⲉⲛⲉⲣⲟⲩⲙⲏϣ"/>
		<feat xlink:href="#sSpan799" value="ⲟⲩⲟϩ"/>
		<feat xlink:href="#sSpan805" value="ⲛⲁϥϯϩⲟ"/>
		<feat xlink:href="#sSpan815" value="ⲉⲣⲟϥ"/>
		<feat xlink:href="#sSpan821" value="ⲛϩⲁⲛⲙⲏϣ"/>
		<feat xlink:href="#sSpan830" value="ϩⲓⲛⲁ"/>
		<feat xlink:href="#sSpan834" value="ⲛⲧⲉϥϣⲧⲉⲙⲟⲩⲟⲣⲡ"/>
		<feat xlink:href="#sSpan846" value="ⲥⲁⲃⲟⲗ"/>
		<feat xlink:href="#sSpan850" value="ⲛϯⲭⲱⲣⲁ"/>
		<feat xlink:href="#sSpan859" value="."/>
		<feat xlink:href="#sSpan863" value="ⲛⲉ"/>
		<feat xlink:href="#sSpan869" value="ⲟⲩⲟⲛ"/>
		<feat xlink:href="#sSpan873" value="ⲟⲩⲁⲅⲉⲗⲏ"/>
		<feat xlink:href="#sSpan881" value="ⲇⲉ"/>
		<feat xlink:href="#sSpan885" value="ⲛⲣⲓⲣ"/>
		<feat xlink:href="#sSpan891" value="ⲉⲥⲟϣ"/>
		<feat xlink:href="#sSpan899" value="ⲙⲙⲁⲩ"/>
		<feat xlink:href="#sSpan903" value="ⲡⲉ"/>
		<feat xlink:href="#sSpan907" value="ⲉⲥⲙⲟⲛⲓ"/>
		<feat xlink:href="#sSpan915" value="ϧⲁⲧⲉⲛⲡⲓⲧⲱⲟⲩ"/>
		<feat xlink:href="#sSpan923" value="ⲟⲩⲟϩ"/>
		<feat xlink:href="#sSpan929" value="ⲛⲁⲩϯϩⲟ"/>
		<feat xlink:href="#sSpan939" value="ⲉⲣⲟϥ"/>
		<feat xlink:href="#sSpan945" value="ⲉⲩϫⲱ"/>
		<feat xlink:href="#sSpan953" value="ⲙⲙⲟⲥ"/>
		<feat xlink:href="#sSpan959" value="ϫⲉⲟⲩⲟⲣⲡⲧⲉⲛ"/>
		<feat xlink:href="#sSpan967" value="ⲉⲛⲓⲣⲓⲣ"/>
		<feat xlink:href="#sSpan976" value="ϩⲓⲛⲁ"/>
		<feat xlink:href="#sSpan980" value="ⲛⲧⲉⲛϣⲉ"/>
		<feat xlink:href="#sSpan988" value="ⲉϧⲟⲩⲛ"/>
		<feat xlink:href="#sSpan992" value="ⲉⲣⲱⲟⲩ"/>
		<feat xlink:href="#sSpan998" value="ⲟⲩⲟϩ"/>
		<feat xlink:href="#sSpan1004" value="ⲁϥⲟⲩⲁϩⲥⲁϩⲛⲓ"/>
		<feat xlink:href="#sSpan1014" value="ⲛⲱⲟⲩ"/>
		<feat xlink:href="#sSpan1020" value="ⲟⲩⲟϩ"/>
		<feat xlink:href="#sSpan1024" value="ⲉⲧⲁⲩⲓ"/>
		<feat xlink:href="#sSpan1034" value="ⲉⲃⲟⲗ"/>
		<feat xlink:href="#sSpan1038" value="ⲛϫⲉⲛⲓⲡⲛⲉⲩⲙⲁ"/>
		<feat xlink:href="#sSpan1047" value="ⲛⲁⲕⲁⲑⲣⲧⲟⲛ"/>
		<feat xlink:href="#sSpan1053" value="ⲁⲩϣⲉ"/>
		<feat xlink:href="#sSpan1061" value="ⲛⲱⲟⲩ"/>
		<feat xlink:href="#sSpan1067" value="ⲉϧⲟⲩⲛ"/>
		<feat xlink:href="#sSpan1071" value="ⲉⲛⲓⲉϣⲁⲩ"/>
		<feat xlink:href="#sSpan1079" value="ⲟⲩⲟϩ"/>
		<feat xlink:href="#sSpan1083" value="ⲁⲥϩⲉⲓ"/>
		<feat xlink:href="#sSpan1091" value="ⲉϧⲣⲏⲓ"/>
		<feat xlink:href="#sSpan1095" value="ⲛϫⲉϯⲁⲅⲉⲗⲏ"/>
		<feat xlink:href="#sSpan1104" value="ϧⲁⲧⲉⲛⲡⲓϫⲁϫⲣⲓⲙ"/>
		<feat xlink:href="#sSpan1112" value="ⲉⲫⲓⲟⲙ"/>
		<feat xlink:href="#sSpan1120" value="ⲉⲩⲉⲣϣⲟ"/>
		<feat xlink:href="#sSpan1130" value="ⲥⲛⲁⲩ"/>
		<feat xlink:href="#sSpan1134" value="ⲟⲩⲟϩ"/>
		<feat xlink:href="#sSpan1138" value="ⲛⲁⲩⲱϫϩ"/>
		<feat xlink:href="#sSpan1146" value="ⲙⲙⲱⲟⲩ"/>
		<feat xlink:href="#sSpan1152" value="ϧⲉⲛⲫⲓⲟⲙ"/>
		<feat xlink:href="#sSpan1160" value="."/>
		<feat xlink:href="#sSpan1164" value="ⲟⲩⲟϩ"/>
		<feat xlink:href="#sSpan1170" value="ⲛⲏ"/>
		<feat xlink:href="#sSpan1174" value="ⲉⲛⲁⲩⲙⲟⲛⲓ"/>
		<feat xlink:href="#sSpan1184" value="ⲙⲙⲱⲟⲩ"/>
		<feat xlink:href="#sSpan1190" value="ⲁⲩⲫⲱⲧ"/>
		<feat xlink:href="#sSpan1198" value="ⲟⲩⲟϩ"/>
		<feat xlink:href="#sSpan1202" value="ⲁⲩϫⲟⲥ"/>
		<feat xlink:href="#sSpan1212" value="ϧⲉⲛϯⲃⲁⲕⲓ"/>
		<feat xlink:href="#sSpan1220" value="ⲛⲉⲙϧⲉⲛⲧⲕⲟⲓ"/>
		<feat xlink:href="#sSpan1230" value="ⲟⲩⲟϩ"/>
		<feat xlink:href="#sSpan1234" value="ⲁⲩⲓ"/>
		<feat xlink:href="#sSpan1242" value="ⲉⲛⲁⲩ"/>
		<feat xlink:href="#sSpan1248" value="ϫⲉⲟⲩ"/>
		<feat xlink:href="#sSpan1254" value="ⲡⲉ"/>
		<feat xlink:href="#sSpan1258" value="ⲫⲏ"/>
		<feat xlink:href="#sSpan1262" value="ⲉⲧⲁϥϣⲱⲡⲓ"/>
		<feat xlink:href="#sSpan1272" value="."/>
		<feat xlink:href="#sSpan1276" value="ⲟⲩⲟϩ"/>
		<feat xlink:href="#sSpan1282" value="ⲁⲩⲓ"/>
		<feat xlink:href="#sSpan1290" value="ϩⲁⲓⲏⲥⲟⲩⲥ"/>
		<feat xlink:href="#sSpan1297" value="ⲁⲩⲛⲁⲩ"/>
		<feat xlink:href="#sSpan1305" value="ⲉⲫⲏ"/>
		<feat xlink:href="#sSpan1311" value="ⲉⲛⲁⲣⲉⲛⲓⲇⲉⲙⲱⲛ"/>
		<feat xlink:href="#sSpan1322" value="ⲛⲉⲙⲁϥ"/>
		<feat xlink:href="#sSpan1328" value="ⲉϥϩⲉⲙⲥⲓ"/>
		<feat xlink:href="#sSpan1336" value="ⲉⲣⲉⲛⲉϥϩⲃⲱⲥ"/>
		<feat xlink:href="#sSpan1345" value="ⲧⲟⲓ"/>
		<feat xlink:href="#sSpan1349" value="ϩⲓⲱⲧϥ"/>
		<feat xlink:href="#sSpan1355" value="ⲟⲩⲟϩ"/>
		<feat xlink:href="#sSpan1359" value="ⲉⲣⲉⲡⲉϥϩⲏⲧ"/>
		<feat xlink:href="#sSpan1367" value="ⲙⲙⲟϥ"/>
		<feat xlink:href="#sSpan1373" value="ⲟⲩⲟϩ"/>
		<feat xlink:href="#sSpan1377" value="ⲁⲩⲉⲣϩⲟϯ"/>
		<feat xlink:href="#sSpan1387" value="."/>
		<feat xlink:href="#sSpan1391" value="ⲟⲩⲟϩ"/>
		<feat xlink:href="#sSpan1397" value="ⲁⲩⲥⲁϫⲓ"/>
		<feat xlink:href="#sSpan1405" value="ϧⲁⲧⲟⲧⲟⲩ"/>
		<feat xlink:href="#sSpan1411" value="ⲛϫⲉⲛⲏ"/>
		<feat xlink:href="#sSpan1417" value="ⲉⲧⲁⲩⲛⲁⲩ"/>
		<feat xlink:href="#sSpan1427" value="ϫⲉⲉⲧⲁⲥϣⲱⲡⲓ"/>
		<feat xlink:href="#sSpan1439" value="ⲛⲁϣ"/>
		<feat xlink:href="#sSpan1445" value="ⲛⲣⲏϯ"/>
		<feat xlink:href="#sSpan1451" value="ⲙⲫⲏ"/>
		<feat xlink:href="#sSpan1457" value="ⲉⲛⲁⲣⲉⲛⲓⲇⲉⲙⲱⲛ"/>
		<feat xlink:href="#sSpan1468" value="ⲛⲉⲙⲁϥ"/>
		<feat xlink:href="#sSpan1474" value="ⲛⲉⲙⲉⲑⲃⲉⲛⲓⲣⲓⲣ"/>
		<feat xlink:href="#sSpan1484" value="ⲟⲩⲟϩ"/>
		<feat xlink:href="#sSpan1490" value="ⲁⲩⲉⲣϩⲏⲧⲥ"/>
		<feat xlink:href="#sSpan1502" value="ⲛϯϩⲟ"/>
		<feat xlink:href="#sSpan1510" value="ⲉⲣⲟϥ"/>
		<feat xlink:href="#sSpan1516" value="ϫⲉⲛⲧⲉϥϣⲉ"/>
		<feat xlink:href="#sSpan1526" value="ⲛⲁϥ"/>
		<feat xlink:href="#sSpan1532" value="ⲉⲃⲟⲗ"/>
		<feat xlink:href="#sSpan1536" value="ϧⲉⲛⲛⲟⲩⲑⲟϣ"/>
		<feat xlink:href="#sSpan1544" value="ⲟⲩⲟϩ"/>
		<feat xlink:href="#sSpan1550" value="ⲁϥⲁⲗⲏⲓ"/>
		<feat xlink:href="#sSpan1558" value="ⲉⲡⲓϫⲟⲓ"/>
		<feat xlink:href="#sSpan1566" value="ⲛⲁϥϯϩⲟ"/>
		<feat xlink:href="#sSpan1576" value="ⲉⲣⲟϥ"/>
		<feat xlink:href="#sSpan1582" value="ⲛϫⲉⲫⲏ"/>
		<feat xlink:href="#sSpan1588" value="ⲉⲛⲁϥⲟⲓ"/>
		<feat xlink:href="#sSpan1598" value="ⲛⲇⲉⲙⲱⲛ"/>
		<feat xlink:href="#sSpan1606" value="ϩⲓⲛⲁ"/>
		<feat xlink:href="#sSpan1610" value="ⲛⲧⲉϥⲟϩⲓ"/>
		<feat xlink:href="#sSpan1618" value="ⲛⲉⲙⲁϥ"/>
		<feat xlink:href="#sSpan1624" value="ⲟⲩⲟϩ"/>
		<feat xlink:href="#sSpan1630" value="ⲙⲡⲉϥⲭⲁϥ"/>
		<feat xlink:href="#sSpan1641" value="ⲁⲗⲗⲁ"/>
		<feat xlink:href="#sSpan1645" value="ⲡⲉϫⲁϥ"/>
		<feat xlink:href="#sSpan1651" value="ⲛⲁϥ"/>
		<feat xlink:href="#sSpan1657" value="ϫⲉⲙⲁϣⲉ"/>
		<feat xlink:href="#sSpan1663" value="ⲛⲁⲕ"/>
		<feat xlink:href="#sSpan1669" value="ⲉϧⲟⲩⲛ"/>
		<feat xlink:href="#sSpan1673" value="ⲉⲡⲉⲕⲏⲓ"/>
		<feat xlink:href="#sSpan1681" value="ϩⲁⲛⲏ"/>
		<feat xlink:href="#sSpan1687" value="ⲉⲧⲉⲛⲟⲩⲕ"/>
		<feat xlink:href="#sSpan1693" value="ⲟⲩⲟϩ"/>
		<feat xlink:href="#sSpan1697" value="ⲙⲁⲧⲁⲙⲱⲟⲩ"/>
		<feat xlink:href="#sSpan1705" value="ⲉⲛⲏ"/>
		<feat xlink:href="#sSpan1711" value="ⲉⲧⲁⲡϭⲟⲓⲥ"/>
		<feat xlink:href="#sSpan1721" value="ⲁⲓⲧⲟⲩ"/>
		<feat xlink:href="#sSpan1727" value="ⲛⲁⲕ"/>
		<feat xlink:href="#sSpan1734" value="ⲉⲁϥⲛⲁⲓ"/>
		<feat xlink:href="#sSpan1744" value="ⲛⲁⲕ"/>
		<feat xlink:href="#sSpan1750" value="ⲟⲩⲟϩ"/>
		<feat xlink:href="#sSpan1756" value="ⲁϥϩⲱⲗ"/>
		<feat xlink:href="#sSpan1764" value="ⲟⲩⲟϩ"/>
		<feat xlink:href="#sSpan1768" value="ⲁϥⲉⲣϩⲏⲧⲥ"/>
		<feat xlink:href="#sSpan1780" value="ⲛϩⲓⲱⲓϣ"/>
		<feat xlink:href="#sSpan1788" value="ϧⲉⲛⲑⲙⲏϯ"/>
		<feat xlink:href="#sSpan1796" value="ⲛϯⲃⲁⲕⲓ"/>
		<feat xlink:href="#sSpan1804" value="ⲙⲡⲉⲧⲁϥⲁⲓϥ"/>
		<feat xlink:href="#sSpan1820" value="ⲛⲁϥ"/>
		<feat xlink:href="#sSpan1826" value="ⲛϫⲉⲓⲏⲥⲟⲩⲥ"/>
		<feat xlink:href="#sSpan1833" value="ⲟⲩⲟϩ"/>
		<feat xlink:href="#sSpan1837" value="ⲛⲁⲩⲉⲣϣⲫⲏⲣⲓ"/>
		<feat xlink:href="#sSpan1847" value="ⲧⲏⲣⲟⲩ"/>
		<feat xlink:href="#sSpan1853" value="ⲡⲉ"/>
		<feat xlink:href="#sSpan1857" value="ⲟⲩⲟϩ"/>
		<feat xlink:href="#sSpan1863" value="ⲉⲧⲁϥⲓ"/>
		<feat xlink:href="#sSpan1873" value="ⲟⲛ"/>
		<feat xlink:href="#sSpan1877" value="ⲛϫⲉⲓⲏⲥⲟⲩⲥ"/>
		<feat xlink:href="#sSpan1884" value="ⲉⲙⲏⲣ"/>
		<feat xlink:href="#sSpan1890" value="ϧⲉⲛⲡⲓϫⲟⲓ"/>
		<feat xlink:href="#sSpan1898" value="ⲁⲩⲑⲱⲟⲩϯ"/>
		<feat xlink:href="#sSpan1906" value="ⲛϫⲉⲟⲩⲙⲏϣ"/>
		<feat xlink:href="#sSpan1914" value="ⲉϥⲟϣ"/>
		<feat xlink:href="#sSpan1922" value="ϩⲁⲣⲟϥ"/>
		<feat xlink:href="#sSpan1928" value="ⲟⲩⲟϩ"/>
		<feat xlink:href="#sSpan1932" value="ⲛⲁϥⲭⲏ"/>
		<feat xlink:href="#sSpan1940" value="ⲡⲉ"/>
		<feat xlink:href="#sSpan1944" value="ϧⲁⲧⲉⲛⲫⲓⲟⲙ"/>
		<feat xlink:href="#sSpan1952" value="ⲟⲩⲟϩ"/>
		<feat xlink:href="#sSpan1958" value="ⲁϥⲓ"/>
		<feat xlink:href="#sSpan1966" value="ϩⲁⲣⲟϥ"/>
		<feat xlink:href="#sSpan1972" value="ⲛϫⲉⲟⲩⲁⲓ"/>
		<feat xlink:href="#sSpan1978" value="ⲛⲧⲉⲛⲓⲁⲣⲭⲏⲥⲩⲛⲁⲅⲱⲅⲟⲥ"/>
		<feat xlink:href="#sSpan1987" value="ⲉⲡⲉϥⲣⲁⲛ"/>
		<feat xlink:href="#sSpan1995" value="ⲡⲉ"/>
		<feat xlink:href="#sSpan1999" value="ⲓⲁⲓⲣⲟⲥ"/>
		<feat xlink:href="#sSpan2003" value="ⲟⲩⲟϩ"/>
		<feat xlink:href="#sSpan2007" value="ⲉⲧⲁϥⲛⲁⲩ"/>
		<feat xlink:href="#sSpan2017" value="ⲉⲣⲟϥ"/>
		<feat xlink:href="#sSpan2023" value="ⲁϥϩⲓⲧϥ"/>
		<feat xlink:href="#sSpan2033" value="ϧⲁⲣⲁⲧⲟⲩ"/>
		<feat xlink:href="#sSpan2039" value="ⲛⲛⲉϥϭⲁⲗⲁⲩϫ"/>
		<feat xlink:href="#sSpan2047" value="ⲟⲩⲟϩ"/>
		<feat xlink:href="#sSpan2053" value="ⲛⲁϥϯϩⲟ"/>
		<feat xlink:href="#sSpan2063" value="ⲉⲣⲟϥ"/>
		<feat xlink:href="#sSpan2069" value="ⲛϩⲁⲛⲙⲏϣ"/>
		<feat xlink:href="#sSpan2077" value="ⲉϥϫⲱ"/>
		<feat xlink:href="#sSpan2085" value="ⲙⲙⲟⲥ"/>
		<feat xlink:href="#sSpan2091" value="ϫⲉⲁⲧⲁϣⲉⲣⲓ"/>
		<feat xlink:href="#sSpan2101" value="ⲁⲥϧⲱⲛⲧ"/>
		<feat xlink:href="#sSpan2109" value="ⲉⲫⲙⲟⲩ"/>
		<feat xlink:href="#sSpan2118" value="ϩⲓⲛⲁ"/>
		<feat xlink:href="#sSpan2122" value="ⲛⲧⲉⲕⲓ"/>
		<feat xlink:href="#sSpan2130" value="ⲛⲧⲉⲕⲭⲁⲧⲉⲕϫⲓϫ"/>
		<feat xlink:href="#sSpan2142" value="ⲉϫⲱⲥ"/>
		<feat xlink:href="#sSpan2149" value="ϩⲓⲛⲁ"/>
		<feat xlink:href="#sSpan2153" value="ⲛⲧⲉⲥⲛⲟϩⲉⲙ"/>
		<feat xlink:href="#sSpan2161" value="ⲟⲩⲟϩ"/>
		<feat xlink:href="#sSpan2165" value="ⲛⲧⲉⲥⲱⲛϧ"/>
		<feat xlink:href="#sSpan2173" value="ⲟⲩⲟϩ"/>
		<feat xlink:href="#sSpan2179" value="ⲁϥϣⲉ"/>
		<feat xlink:href="#sSpan2187" value="ⲛⲁϥ"/>
		<feat xlink:href="#sSpan2193" value="ⲛⲉⲙⲁϥ"/>
		<feat xlink:href="#sSpan2199" value="ⲟⲩⲟϩ"/>
		<feat xlink:href="#sSpan2203" value="ⲁⲩⲙⲟϣⲓ"/>
		<feat xlink:href="#sSpan2211" value="ⲛⲥⲱϥ"/>
		<feat xlink:href="#sSpan2217" value="ⲛϫⲉⲟⲩⲙⲏϣ"/>
		<feat xlink:href="#sSpan2225" value="ⲉϥⲟϣ"/>
		<feat xlink:href="#sSpan2233" value="ⲟⲩⲟϩ"/>
		<feat xlink:href="#sSpan2237" value="ⲛⲁⲩϩⲟϫϩⲉϫ"/>
		<feat xlink:href="#sSpan2245" value="ⲙⲙⲟϥ"/>
		<feat xlink:href="#sSpan2251" value="ⲡⲉ"/>
		<feat xlink:href="#sSpan2255" value="."/>
		<feat xlink:href="#sSpan2259" value="ⲟⲩⲟϩ"/>
		<feat xlink:href="#sSpan2265" value="ⲓⲥ"/>
		<feat xlink:href="#sSpan2269" value="ⲟⲩⲥϩⲓⲙⲓ"/>
		<feat xlink:href="#sSpan2275" value="ⲁⲥⲉⲣⲓⲃ"/>
		<feat xlink:href="#sSpan2285" value="ⲛⲣⲟⲙⲡⲓ"/>
		<feat xlink:href="#sSpan2291" value="ⲉⲣⲉⲟⲩⲟⲛ"/>
		<feat xlink:href="#sSpan2297" value="ⲟⲩⲥⲛⲟϥ"/>
		<feat xlink:href="#sSpan2303" value="ϧⲁⲣⲟⲥ"/>
		<feat xlink:href="#sSpan2309" value="."/>
		<feat xlink:href="#sSpan2313" value="ⲟⲩⲟϩ"/>
		<feat xlink:href="#sSpan2319" value="ⲁⲥϭⲓ"/>
		<feat xlink:href="#sSpan2327" value="ⲛⲟⲩⲙⲏϣ"/>
		<feat xlink:href="#sSpan2335" value="ⲛϧⲓⲥⲓ"/>
		<feat xlink:href="#sSpan2341" value="ⲛⲧⲟⲧⲟⲩ"/>
		<feat xlink:href="#sSpan2347" value="ⲛⲛⲓⲙⲏϣ"/>
		<feat xlink:href="#sSpan2355" value="ⲛⲥⲏⲓⲛⲓ"/>
		<feat xlink:href="#sSpan2361" value="ⲟⲩⲟϩ"/>
		<feat xlink:href="#sSpan2365" value="ⲁⲥϭⲉ"/>
		<feat xlink:href="#sSpan2373" value="ⲛⲉⲧⲉⲛⲧⲁⲥ"/>
		<feat xlink:href="#sSpan2383" value="ⲛⲓⲃⲉⲛ"/>
		<feat xlink:href="#sSpan2387" value="ⲉⲃⲟⲗ"/>
		<feat xlink:href="#sSpan2391" value="ⲟⲩⲟϩ"/>
		<feat xlink:href="#sSpan2395" value="ⲙⲡⲉⲥϫⲉⲙϩⲏⲟⲩ"/>
		<feat xlink:href="#sSpan2405" value="ⲛϩⲗⲓ"/>
		<feat xlink:href="#sSpan2412" value="ⲁⲗⲗⲁ"/>
		<feat xlink:href="#sSpan2417" value="ⲙⲁⲗⲗⲟⲛ"/>
		<feat xlink:href="#sSpan2421" value="ⲁⲥⲧϩⲟ"/>
		<feat xlink:href="#sSpan2429" value="ⲛϩⲟⲩⲟ"/>
		<feat xlink:href="#sSpan2435" value="."/>
		<feat xlink:href="#sSpan2439" value="ⲉⲧⲁⲥⲥⲱⲧⲉⲙ"/>
		<feat xlink:href="#sSpan2452" value="ⲇⲉ"/>
		<feat xlink:href="#sSpan2456" value="ⲉⲑⲃⲉⲓⲏⲥⲟⲩⲥ"/>
		<feat xlink:href="#sSpan2463" value="ⲁⲥⲓ"/>
		<feat xlink:href="#sSpan2471" value="ϧⲉⲛⲡⲓⲙⲏϣ"/>
		<feat xlink:href="#sSpan2479" value="ϩⲓⲫⲁϩⲟⲩ"/>
		<feat xlink:href="#sSpan2485" value="ⲁⲥϭⲓ"/>
		<feat xlink:href="#sSpan2493" value="ⲛⲉⲙⲡⲉϥϩⲃⲟⲥ"/>
		<feat xlink:href="#sSpan2501" value="ⲛⲁⲥϫⲱ"/>
		<feat xlink:href="#sSpan2512" value="ⲅⲁⲣ"/>
		<feat xlink:href="#sSpan2516" value="ⲙⲙⲟⲥ"/>
		<feat xlink:href="#sSpan2522" value="ⲡⲉ"/>
		<feat xlink:href="#sSpan2526" value="ϫⲉⲕⲁⲛ"/>
		<feat xlink:href="#sSpan2533" value="ⲁⲓϣⲁⲛϭⲓ"/>
		<feat xlink:href="#sSpan2539" value="ⲛⲉⲙⲛⲉϥϩⲃⲱⲥ"/>
		<feat xlink:href="#sSpan2547" value="ϯⲛⲁⲛⲟϩⲉⲙ"/>
		<feat xlink:href="#sSpan2555" value="."/>
		<feat xlink:href="#sSpan2559" value="ⲟⲩⲟϩ"/>
		<feat xlink:href="#sSpan2565" value="ⲥⲁⲧⲟⲧⲥ"/>
		<feat xlink:href="#sSpan2571" value="ⲁⲥϣⲱⲟⲩⲓ"/>
		<feat xlink:href="#sSpan2579" value="ⲛϫⲉϯⲙⲟⲩⲙⲓ"/>
		<feat xlink:href="#sSpan2587" value="ⲛⲧⲉⲡⲉⲥⲥⲛⲟϥ"/>
		<feat xlink:href="#sSpan2595" value="ⲟⲩⲟϩ"/>
		<feat xlink:href="#sSpan2599" value="ⲁⲥⲉⲙⲓ"/>
		<feat xlink:href="#sSpan2607" value="ϧⲉⲛⲡⲉⲥⲥⲱⲙⲁ"/>
		<feat xlink:href="#sSpan2616" value="ϫⲉⲁⲥⲟⲩϫⲁⲓ"/>
		<feat xlink:href="#sSpan2626" value="ⲉⲃⲟⲗ"/>
		<feat xlink:href="#sSpan2631" value="ϩⲁϯⲙⲁⲥⲧⲓⲅⲝ"/>
		<feat xlink:href="#sSpan2640" value="ⲟⲩⲟϩ"/>
		<feat xlink:href="#sSpan2646" value="ⲥⲁⲧⲟⲧϥ"/>
		<feat xlink:href="#sSpan2652" value="ⲁϥⲉⲙⲓ"/>
		<feat xlink:href="#sSpan2660" value="ⲛϫⲉⲓⲏⲥⲟⲩⲥ"/>
		<feat xlink:href="#sSpan2667" value="ⲛϧⲣⲏⲓ"/>
		<feat xlink:href="#sSpan2673" value="ⲛϧⲏⲧϥ"/>
		<feat xlink:href="#sSpan2679" value="ⲉϯϫⲟⲙ"/>
		<feat xlink:href="#sSpan2687" value="ⲉⲧⲁⲥⲓ"/>
		<feat xlink:href="#sSpan2697" value="ⲉⲃⲟⲗ"/>
		<feat xlink:href="#sSpan2701" value="ⲙⲙⲟϥ"/>
		<feat xlink:href="#sSpan2707" value="ⲉⲧⲁϥⲫⲟⲛϩϥ"/>
		<feat xlink:href="#sSpan2719" value="ϧⲉⲛⲡⲓⲙⲏϣ"/>
		<feat xlink:href="#sSpan2727" value="ⲛⲁϥϫⲱ"/>
		<feat xlink:href="#sSpan2735" value="ⲙⲙⲟⲥ"/>
		<feat xlink:href="#sSpan2741" value="ϫⲉⲛⲓⲙ"/>
		<feat xlink:href="#sSpan2747" value="ⲡⲉⲧⲁϥϭⲓ"/>
		<feat xlink:href="#sSpan2759" value="ⲛⲉⲙⲛⲁϩⲃⲱⲥ"/>
		<feat xlink:href="#sSpan2767" value="ⲟⲩⲟϩ"/>
		<feat xlink:href="#sSpan2773" value="ⲛⲁⲩϫⲱ"/>
		<feat xlink:href="#sSpan2781" value="ⲙⲙⲟⲥ"/>
		<feat xlink:href="#sSpan2787" value="ⲛⲁϥ"/>
		<feat xlink:href="#sSpan2793" value="ⲛϫⲉⲛⲉϥⲙⲁⲑⲏⲧⲏⲥ"/>
		<feat xlink:href="#sSpan2802" value="ϫⲉⲭⲛⲁⲩ"/>
		<feat xlink:href="#sSpan2810" value="ⲉⲡⲓⲙⲏϣ"/>
		<feat xlink:href="#sSpan2818" value="ⲉϥϩⲟϫϩⲉϫ"/>
		<feat xlink:href="#sSpan2826" value="ⲙⲙⲟⲕ"/>
		<feat xlink:href="#sSpan2832" value="ⲟⲩⲟϩ"/>
		<feat xlink:href="#sSpan2836" value="ⲕϫⲱ"/>
		<feat xlink:href="#sSpan2842" value="ⲙⲙⲟⲥ"/>
		<feat xlink:href="#sSpan2848" value="ϫⲉⲛⲓⲙ"/>
		<feat xlink:href="#sSpan2854" value="ⲡⲉⲧⲁϥϭⲓ"/>
		<feat xlink:href="#sSpan2866" value="ⲛⲉⲙⲏⲓ"/>
		<feat xlink:href="#sSpan2872" value="."/>
		<feat xlink:href="#sSpan2876" value="ⲟⲩⲟϩ"/>
		<feat xlink:href="#sSpan2882" value="ⲛⲁϥϫⲟⲩϣⲧ"/>
		<feat xlink:href="#sSpan2890" value="ⲡⲉ"/>
		<feat xlink:href="#sSpan2894" value="ⲉⲛⲁⲩ"/>
		<feat xlink:href="#sSpan2900" value="ⲉⲑⲏ"/>
		<feat xlink:href="#sSpan2906" value="ⲉⲧⲁⲥⲉⲣⲫⲁⲓ"/>
		<feat xlink:href="#sSpan2918" value="ϯⲥϩⲓⲙⲓ"/>
		<feat xlink:href="#sSpan2927" value="ⲇⲉ"/>
		<feat xlink:href="#sSpan2931" value="ⲉⲧⲁⲥⲉⲣϩⲟϯ"/>
		<feat xlink:href="#sSpan2943" value="ⲟⲩⲟϩ"/>
		<feat xlink:href="#sSpan2947" value="ⲁⲥⲥⲑⲉⲣⲧⲉⲣ"/>
		<feat xlink:href="#sSpan2955" value="ⲉⲥⲉⲙⲓ"/>
		<feat xlink:href="#sSpan2963" value="ⲉⲫⲏ"/>
		<feat xlink:href="#sSpan2969" value="ⲉⲧⲁϥϣⲱⲡⲓ"/>
		<feat xlink:href="#sSpan2979" value="ⲙⲙⲟⲥ"/>
		<feat xlink:href="#sSpan2985" value="ⲁⲥⲓ"/>
		<feat xlink:href="#sSpan2993" value="ⲟⲩⲟϩ"/>
		<feat xlink:href="#sSpan2997" value="ⲁⲥϩⲓⲧⲥ"/>
		<feat xlink:href="#sSpan3007" value="ⲉϧⲣⲏⲓ"/>
		<feat xlink:href="#sSpan3011" value="ϧⲁⲣⲁⲧϥ"/>
		<feat xlink:href="#sSpan3017" value="ⲟⲩⲟϩ"/>
		<feat xlink:href="#sSpan3021" value="ⲁⲥϫⲉϯⲙⲉⲑⲙⲏⲓ"/>
		<feat xlink:href="#sSpan3035" value="ⲧⲏⲣⲥ"/>
		<feat xlink:href="#sSpan3041" value="ⲛⲁϥ"/>
		<feat xlink:href="#sSpan3047" value="ⲛⲑⲟϥ"/>
		<feat xlink:href="#sSpan3054" value="ⲇⲉ"/>
		<feat xlink:href="#sSpan3058" value="ⲡⲉϫⲁϥ"/>
		<feat xlink:href="#sSpan3064" value="ⲛⲁⲥ"/>
		<feat xlink:href="#sSpan3070" value="ϫⲉⲧⲁϣⲉⲣⲓ"/>
		<feat xlink:href="#sSpan3078" value="ⲡⲉⲛⲁϩϯ"/>
		<feat xlink:href="#sSpan3084" value="ⲡⲉⲧⲁϥⲛⲁϩⲙⲓ"/>
		<feat xlink:href="#sSpan3098" value="ⲙⲁϣⲉ"/>
		<feat xlink:href="#sSpan3102" value="ⲛⲉ"/>
		<feat xlink:href="#sSpan3108" value="ϧⲉⲛⲟⲩϩⲓⲣⲏⲛⲏ"/>
		<feat xlink:href="#sSpan3117" value="ⲟⲩⲟϩ"/>
		<feat xlink:href="#sSpan3121" value="ϣⲱⲡⲓ"/>
		<feat xlink:href="#sSpan3125" value="ⲉⲟⲩⲟⲩϫⲁⲓ"/>
		<feat xlink:href="#sSpan3133" value="ⲉⲃⲟⲗ"/>
		<feat xlink:href="#sSpan3138" value="ϩⲁⲧⲉⲙⲁⲥⲧⲓⲅⲝ"/>
		<feat xlink:href="#sSpan3147" value="."/>
		<feat xlink:href="#sSpan3152" value="ⲉⲧⲓ"/>
		<feat xlink:href="#sSpan3158" value="ⲉϥⲥⲁϫⲓ"/>
		<feat xlink:href="#sSpan3166" value="ⲁⲩⲓ"/>
		<feat xlink:href="#sSpan3174" value="ϩⲁⲡⲓⲁⲣⲭⲏⲥⲩⲛⲁⲅⲱⲅⲟⲥ"/>
		<feat xlink:href="#sSpan3183" value="ⲉⲩϫⲱ"/>
		<feat xlink:href="#sSpan3191" value="ⲙⲙⲟⲥ"/>
		<feat xlink:href="#sSpan3197" value="ϫⲉⲁⲧⲉⲕϣⲉⲣⲓ"/>
		<feat xlink:href="#sSpan3207" value="ⲙⲟⲩ"/>
		<feat xlink:href="#sSpan3211" value="ⲉⲑⲃⲉⲟⲩ"/>
		<feat xlink:href="#sSpan3217" value="ⲉⲕϯϧⲓⲥⲓ"/>
		<feat xlink:href="#sSpan3227" value="ⲙⲡⲓⲣⲉϥϯⲥⲃⲱ"/>
		<feat xlink:href="#sSpan3239" value="ⲓⲏⲥⲟⲩⲥ"/>
		<feat xlink:href="#sSpan3246" value="ⲇⲉ"/>
		<feat xlink:href="#sSpan3250" value="ⲉⲧⲁϥⲥⲱⲧⲉⲙ"/>
		<feat xlink:href="#sSpan3260" value="ⲉⲡⲓⲥⲁϫⲓ"/>
		<feat xlink:href="#sSpan3268" value="ⲉⲧⲟⲩϫⲱ"/>
		<feat xlink:href="#sSpan3276" value="ⲙⲙⲟϥ"/>
		<feat xlink:href="#sSpan3282" value="ⲡⲉϫⲁϥ"/>
		<feat xlink:href="#sSpan3288" value="ⲙⲡⲓⲁⲣⲭⲏⲥⲩⲛⲁⲅⲱⲅⲟⲥ"/>
		<feat xlink:href="#sSpan3297" value="ϫⲉⲙⲡⲉⲣⲉⲣϩⲟϯ"/>
		<feat xlink:href="#sSpan3308" value="ⲙⲟⲛⲟⲛ"/>
		<feat xlink:href="#sSpan3312" value="ⲛⲁϩϯ"/>
		<feat xlink:href="#sSpan3316" value="ⲟⲩⲟϩ"/>
		<feat xlink:href="#sSpan3322" value="ⲙⲡⲉϥⲭⲁϩⲗⲓ"/>
		<feat xlink:href="#sSpan3332" value="ⲛⲉⲙⲁϥ"/>
		<feat xlink:href="#sSpan3338" value="ⲉϥⲙⲟϣⲓ"/>
		<feat xlink:href="#sSpan3346" value="ⲛⲥⲱϥ"/>
		<feat xlink:href="#sSpan3352" value="ⲉⲃⲏⲗ"/>
		<feat xlink:href="#sSpan3357" value="ⲉⲡⲉⲧⲣⲟⲥ"/>
		<feat xlink:href="#sSpan3364" value="ⲛⲉⲙⲓⲁⲕⲱⲃⲟⲥ"/>
		<feat xlink:href="#sSpan3371" value="ⲛⲉⲙⲓⲱⲁⲛⲛⲏⲥ"/>
		<feat xlink:href="#sSpan3377" value="ⲡⲥⲟⲛ"/>
		<feat xlink:href="#sSpan3383" value="ⲛⲓⲁⲕⲱⲃⲟⲥ"/>
		<feat xlink:href="#sSpan3390" value="ⲟⲩⲟϩ"/>
		<feat xlink:href="#sSpan3396" value="ⲁⲩⲓ"/>
		<feat xlink:href="#sSpan3404" value="ⲉⲡⲏⲓ"/>
		<feat xlink:href="#sSpan3412" value="ⲙⲡⲓⲁⲣⲭⲏⲥⲩⲛⲁⲅⲱⲅⲟⲥ"/>
		<feat xlink:href="#sSpan3421" value="ⲟⲩⲟϩ"/>
		<feat xlink:href="#sSpan3425" value="ⲁⲩⲛⲁⲩ"/>
		<feat xlink:href="#sSpan3433" value="ⲉⲣⲱⲟⲩ"/>
		<feat xlink:href="#sSpan3439" value="ⲉⲩϣⲑⲉⲣⲑⲱⲣ"/>
		<feat xlink:href="#sSpan3447" value="ⲟⲩⲟϩ"/>
		<feat xlink:href="#sSpan3451" value="ⲉⲩⲣⲓⲙⲓ"/>
		<feat xlink:href="#sSpan3459" value="ⲟⲩⲟϩ"/>
		<feat xlink:href="#sSpan3463" value="ⲉⲩϣⲗⲏⲗⲟⲩⲓ"/>
		<feat xlink:href="#sSpan3471" value="ⲛⲟⲩⲙⲏϣ"/>
		<feat xlink:href="#sSpan3479" value="."/>
		<feat xlink:href="#sSpan3483" value="ⲟⲩⲟϩ"/>
		<feat xlink:href="#sSpan3489" value="ⲉⲧⲁϥⲓ"/>
		<feat xlink:href="#sSpan3499" value="ⲉϧⲟⲩⲛ"/>
		<feat xlink:href="#sSpan3503" value="ⲡⲉϫⲁϥ"/>
		<feat xlink:href="#sSpan3509" value="ⲛⲱⲟⲩ"/>
		<feat xlink:href="#sSpan3515" value="ϫⲉⲉⲑⲃⲉⲟⲩ"/>
		<feat xlink:href="#sSpan3523" value="ⲧⲉⲧⲉⲛϣⲧⲉⲣⲑⲱⲣ"/>
		<feat xlink:href="#sSpan3529" value="ⲟⲩⲟϩ"/>
		<feat xlink:href="#sSpan3533" value="ⲧⲉⲧⲉⲛⲣⲓⲙⲓ"/>
		<feat xlink:href="#sSpan3539" value="ⲙⲡⲉⲥⲙⲟⲩ"/>
		<feat xlink:href="#sSpan3547" value="ⲛϫⲉϯⲁⲗⲟⲩ"/>
		<feat xlink:href="#sSpan3556" value="ⲁⲗⲗⲁ"/>
		<feat xlink:href="#sSpan3560" value="ⲁⲥⲛⲕⲟⲧ"/>
		<feat xlink:href="#sSpan3568" value="ⲟⲩⲟϩ"/>
		<feat xlink:href="#sSpan3574" value="ⲛⲁⲩⲥⲱⲃⲓ"/>
		<feat xlink:href="#sSpan3582" value="ⲙⲙⲟϥ"/>
		<feat xlink:href="#sSpan3588" value="ⲛⲑⲟϥ"/>
		<feat xlink:href="#sSpan3593" value="ⲇⲉ"/>
		<feat xlink:href="#sSpan3597" value="ⲉⲧⲁϥϩⲓ"/>
		<feat xlink:href="#sSpan3607" value="ⲡⲧⲏⲣϥ"/>
		<feat xlink:href="#sSpan3615" value="ⲉⲃⲟⲗ"/>
		<feat xlink:href="#sSpan3619" value="ⲁϥⲱⲗⲓ"/>
		<feat xlink:href="#sSpan3627" value="ⲛⲉⲙⲁϥ"/>
		<feat xlink:href="#sSpan3633" value="ⲙⲫⲓⲱⲧ"/>
		<feat xlink:href="#sSpan3641" value="ⲛϯⲁⲗⲟⲩ"/>
		<feat xlink:href="#sSpan3649" value="ⲛⲉⲙⲧⲉⲥⲙⲁⲩ"/>
		<feat xlink:href="#sSpan3657" value="ⲛⲉⲙⲛⲏ"/>
		<feat xlink:href="#sSpan3663" value="ⲉⲑⲛⲉⲙⲁϥ"/>
		<feat xlink:href="#sSpan3671" value="ⲟⲩⲟϩ"/>
		<feat xlink:href="#sSpan3675" value="ⲁϥϣⲉ"/>
		<feat xlink:href="#sSpan3683" value="ⲛⲁϥ"/>
		<feat xlink:href="#sSpan3689" value="ⲉϧⲟⲩⲛ"/>
		<feat xlink:href="#sSpan3693" value="ⲉⲡⲓⲙⲁ"/>
		<feat xlink:href="#sSpan3701" value="ⲉⲛⲁⲣⲉϯⲁⲗⲟⲩ"/>
		<feat xlink:href="#sSpan3711" value="ⲭⲏ"/>
		<feat xlink:href="#sSpan3715" value="ⲙⲙⲟϥ"/>
		<feat xlink:href="#sSpan3721" value="."/>
		<feat xlink:href="#sSpan3725" value="ⲟⲩⲟϩ"/>
		<feat xlink:href="#sSpan3731" value="ⲉⲧⲁϥⲁⲙⲟⲛⲓ"/>
		<feat xlink:href="#sSpan3741" value="ⲛⲧϫⲓϫ"/>
		<feat xlink:href="#sSpan3749" value="ⲛϯⲁⲗⲟⲩ"/>
		<feat xlink:href="#sSpan3757" value="ⲡⲉϫⲁϥ"/>
		<feat xlink:href="#sSpan3763" value="ⲛⲁⲥ"/>
		<feat xlink:href="#sSpan3769" value="ϫⲉⲧⲁⲗⲓⲑⲁ"/>
		<feat xlink:href="#sSpan3776" value="ⲕⲟⲩⲙ"/>
		<feat xlink:href="#sSpan3780" value="ⲉⲧⲉⲫⲁⲓ"/>
		<feat xlink:href="#sSpan3786" value="ⲡⲉ"/>
		<feat xlink:href="#sSpan3790" value="ϫⲉϯⲁⲗⲟⲩ"/>
		<feat xlink:href="#sSpan3798" value="ⲁⲓϫⲉ"/>
		<feat xlink:href="#sSpan3806" value="ⲉⲣⲟ"/>
		<feat xlink:href="#sSpan3810" value="ⲧⲱⲛⲓ"/>
		<feat xlink:href="#sSpan3816" value="ⲟⲩⲟϩ"/>
		<feat xlink:href="#sSpan3822" value="ⲥⲁⲧⲟⲧⲥ"/>
		<feat xlink:href="#sSpan3828" value="ⲁⲥⲧⲱⲛⲥ"/>
		<feat xlink:href="#sSpan3838" value="ⲛϫⲉϯⲁⲗⲟⲩ"/>
		<feat xlink:href="#sSpan3846" value="ⲟⲩⲟϩ"/>
		<feat xlink:href="#sSpan3850" value="ⲁⲥⲙⲟϣⲓ"/>
		<feat xlink:href="#sSpan3858" value="ⲛⲁⲥ"/>
		<feat xlink:href="#sSpan3864" value="ϧⲉⲛⲓⲃ"/>
		<feat xlink:href="#sSpan3871" value="ⲅⲁⲣ"/>
		<feat xlink:href="#sSpan3875" value="ⲛⲣⲟⲙⲡⲓ"/>
		<feat xlink:href="#sSpan3881" value="ⲡⲉ"/>
		<feat xlink:href="#sSpan3885" value="ⲟⲩⲟϩ"/>
		<feat xlink:href="#sSpan3889" value="ⲛⲁⲩⲉⲣϣⲫⲏⲣⲓ"/>
		<feat xlink:href="#sSpan3899" value="ⲥⲁⲧⲟⲧⲟⲩ"/>
		<feat xlink:href="#sSpan3905" value="ⲡⲉ"/>
		<feat xlink:href="#sSpan3909" value="ϧⲉⲛⲟⲩⲛⲓϣϯ"/>
		<feat xlink:href="#sSpan3917" value="ⲛϣⲫⲏⲣⲓ"/>
		<feat xlink:href="#sSpan3923" value="ⲟⲩⲟϩ"/>
		<feat xlink:href="#sSpan3929" value="ⲁϥϩⲟⲛϩⲉⲛ"/>
		<feat xlink:href="#sSpan3937" value="ⲛⲱⲟⲩ"/>
		<feat xlink:href="#sSpan3943" value="ⲛϩⲁⲛⲙⲏϣ"/>
		<feat xlink:href="#sSpan3952" value="ϩⲓⲛⲁ"/>
		<feat xlink:href="#sSpan3956" value="ⲛⲧⲉϣⲧⲉⲙϩⲗⲓ"/>
		<feat xlink:href="#sSpan3964" value="ⲉⲙⲓ"/>
		<feat xlink:href="#sSpan3968" value="ⲉⲫⲁⲓ"/>
		<feat xlink:href="#sSpan3974" value="ⲟⲩⲟϩ"/>
		<feat xlink:href="#sSpan3978" value="ⲁϥϫⲟⲥ"/>
		<feat xlink:href="#sSpan3988" value="ⲛⲧⲟⲩϯⲟⲩⲱⲙ"/>
		<feat xlink:href="#sSpan3998" value="ⲛⲁⲥ"/>
		<feat xlink:href="#sSpan4004" value="."/></featList></paula>