<?xml version='1.0' encoding='UTF-8'?><!DOCTYPE paula SYSTEM "paula_feat.dtd">
<paula version="1.1">
	<header paula_id="scriptorium.bohairic.Mark_05.mark_pos"/>
	<featList xmlns:xlink="http://www.w3.org/1999/xlink" type="pos" xml:base="scriptorium.bohairic.Mark_05.mark.xml">
		<feat xlink:href="#sSpan1" value="CONJ"/>
		<feat xlink:href="#sSpan7" value="APST"/>
		<feat xlink:href="#sSpan11" value="PPERS"/>
		<feat xlink:href="#sSpan13" value="V"/>
		<feat xlink:href="#sSpan15" value="PREP"/>
		<feat xlink:href="#sSpan19" value="N"/>
		<feat xlink:href="#sSpan21" value="PREP"/>
		<feat xlink:href="#sSpan25" value="ART"/>
		<feat xlink:href="#sSpan27" value="N"/>
		<feat xlink:href="#sSpan29" value="PREP"/>
		<feat xlink:href="#sSpan33" value="ART"/>
		<feat xlink:href="#sSpan36" value="N"/>
		<feat xlink:href="#sSpan38" value="PREP"/>
		<feat xlink:href="#sSpan42" value="ART"/>
		<feat xlink:href="#sSpan45" value="NPROP"/>
		<feat xlink:href="#sSpan47" value="CONJ"/>
		<feat xlink:href="#sSpan53" value="APREC"/>
		<feat xlink:href="#sSpan57" value="APST"/>
		<feat xlink:href="#sSpan59" value="PPERS"/>
		<feat xlink:href="#sSpan61" value="V"/>
		<feat xlink:href="#sSpan63" value="ADV"/>
		<feat xlink:href="#sSpan67" value="PREP"/>
		<feat xlink:href="#sSpan71" value="ART"/>
		<feat xlink:href="#sSpan73" value="N"/>
		<feat xlink:href="#sSpan75" value="IMOD"/>
		<feat xlink:href="#sSpan79" value="PPERO"/>
		<feat xlink:href="#sSpan81" value="APST"/>
		<feat xlink:href="#sSpan85" value="PPERS"/>
		<feat xlink:href="#sSpan87" value="V"/>
		<feat xlink:href="#sSpan89" value="ADV"/>
		<feat xlink:href="#sSpan93" value="PREP"/>
		<feat xlink:href="#sSpan97" value="PPERO"/>
		<feat xlink:href="#sSpan99" value="ADV"/>
		<feat xlink:href="#sSpan103" value="PREP"/>
		<feat xlink:href="#sSpan107" value="ART"/>
		<feat xlink:href="#sSpan109" value="N"/>
		<feat xlink:href="#sSpan111" value="PTC"/>
		<feat xlink:href="#sSpan115" value="ART"/>
		<feat xlink:href="#sSpan117" value="N"/>
		<feat xlink:href="#sSpan119" value="PREP"/>
		<feat xlink:href="#sSpan123" value="PPERO"/>
		<feat xlink:href="#sSpan125" value="PREP"/>
		<feat xlink:href="#sSpan127" value="ART"/>
		<feat xlink:href="#sSpan130" value="N"/>
		<feat xlink:href="#sSpan132" value="PREP"/>
		<feat xlink:href="#sSpan137" value="N"/>
		<feat xlink:href="#sSpan139" value="PDEM"/>
		<feat xlink:href="#sSpan145" value="CCIRC"/>
		<feat xlink:href="#sSpan149" value="CPRET"/>
		<feat xlink:href="#sSpan151" value="PPOS"/>
		<feat xlink:href="#sSpan153" value="N"/>
		<feat xlink:href="#sSpan155" value="PREP"/>
		<feat xlink:href="#sSpan159" value="N"/>
		<feat xlink:href="#sSpan161" value="V"/>
		<feat xlink:href="#sSpan165" value="PREP"/>
		<feat xlink:href="#sSpan169" value="ART"/>
		<feat xlink:href="#sSpan171" value="N"/>
		<feat xlink:href="#sSpan173" value="CONJ"/>
		<feat xlink:href="#sSpan178" value="CONJ"/>
		<feat xlink:href="#sSpan182" value="PREP"/>
		<feat xlink:href="#sSpan186" value="ART"/>
		<feat xlink:href="#sSpan188" value="ART"/>
		<feat xlink:href="#sSpan191" value="N"/>
		<feat xlink:href="#sSpan193" value="EXIST"/>
		<feat xlink:href="#sSpan197" value="N"/>
		<feat xlink:href="#sSpan201" value="PREP"/>
		<feat xlink:href="#sSpan205" value="N"/>
		<feat xlink:href="#sSpan207" value="COP"/>
		<feat xlink:href="#sSpan211" value="PREP"/>
		<feat xlink:href="#sSpan215" value="V"/>
		<feat xlink:href="#sSpan217" value="PPERO"/>
		<feat xlink:href="#sSpan219" value="PREP"/>
		<feat xlink:href="#sSpan225" value="CONJ"/>
		<feat xlink:href="#sSpan227" value="CPRET"/>
		<feat xlink:href="#sSpan231" value="APST"/>
		<feat xlink:href="#sSpan233" value="PPERS"/>
		<feat xlink:href="#sSpan235" value="V"/>
		<feat xlink:href="#sSpan237" value="PPERO"/>
		<feat xlink:href="#sSpan239" value="PREP"/>
		<feat xlink:href="#sSpan243" value="ART"/>
		<feat xlink:href="#sSpan245" value="N"/>
		<feat xlink:href="#sSpan247" value="PREP"/>
		<feat xlink:href="#sSpan251" value="N"/>
		<feat xlink:href="#sSpan253" value="PREP"/>
		<feat xlink:href="#sSpan257" value="ART"/>
		<feat xlink:href="#sSpan259" value="N"/>
		<feat xlink:href="#sSpan261" value="PREP"/>
		<feat xlink:href="#sSpan265" value="ART"/>
		<feat xlink:href="#sSpan268" value="N"/>
		<feat xlink:href="#sSpan270" value="CONJ"/>
		<feat xlink:href="#sSpan274" value="ACONJ"/>
		<feat xlink:href="#sSpan278" value="PPERS"/>
		<feat xlink:href="#sSpan280" value="V"/>
		<feat xlink:href="#sSpan282" value="PREP"/>
		<feat xlink:href="#sSpan286" value="ART"/>
		<feat xlink:href="#sSpan289" value="N"/>
		<feat xlink:href="#sSpan291" value="ADV"/>
		<feat xlink:href="#sSpan295" value="PREP"/>
		<feat xlink:href="#sSpan299" value="PPERO"/>
		<feat xlink:href="#sSpan301" value="CONJ"/>
		<feat xlink:href="#sSpan305" value="ACONJ"/>
		<feat xlink:href="#sSpan309" value="PPERS"/>
		<feat xlink:href="#sSpan311" value="V"/>
		<feat xlink:href="#sSpan313" value="PTC"/>
		<feat xlink:href="#sSpan317" value="ART"/>
		<feat xlink:href="#sSpan319" value="N"/>
		<feat xlink:href="#sSpan321" value="CONJ"/>
		<feat xlink:href="#sSpan325" value="CPRET"/>
		<feat xlink:href="#sSpan329" value="EXIST"/>
		<feat xlink:href="#sSpan331" value="N"/>
		<feat xlink:href="#sSpan335" value="PREP"/>
		<feat xlink:href="#sSpan339" value="N"/>
		<feat xlink:href="#sSpan342" value="V"/>
		<feat xlink:href="#sSpan347" value="PREP"/>
		<feat xlink:href="#sSpan351" value="PPERO"/>
		<feat xlink:href="#sSpan353" value="CONJ"/>
		<feat xlink:href="#sSpan359" value="PREP"/>
		<feat xlink:href="#sSpan363" value="N"/>
		<feat xlink:href="#sSpan365" value="PINT"/>
		<feat xlink:href="#sSpan369" value="PREP"/>
		<feat xlink:href="#sSpan373" value="ART"/>
		<feat xlink:href="#sSpan375" value="N"/>
		<feat xlink:href="#sSpan377" value="PREP"/>
		<feat xlink:href="#sSpan381" value="ART"/>
		<feat xlink:href="#sSpan383" value="N"/>
		<feat xlink:href="#sSpan385" value="CCIRC"/>
		<feat xlink:href="#sSpan389" value="PPERS"/>
		<feat xlink:href="#sSpan391" value="VSTAT"/>
		<feat xlink:href="#sSpan393" value="PREP"/>
		<feat xlink:href="#sSpan397" value="ART"/>
		<feat xlink:href="#sSpan399" value="N"/>
		<feat xlink:href="#sSpan401" value="CONJ"/>
		<feat xlink:href="#sSpan405" value="CPRET"/>
		<feat xlink:href="#sSpan409" value="PPERS"/>
		<feat xlink:href="#sSpan411" value="VSTAT"/>
		<feat xlink:href="#sSpan413" value="PREP"/>
		<feat xlink:href="#sSpan417" value="ART"/>
		<feat xlink:href="#sSpan419" value="N"/>
		<feat xlink:href="#sSpan421" value="COP"/>
		<feat xlink:href="#sSpan425" value="CCIRC"/>
		<feat xlink:href="#sSpan429" value="PPERS"/>
		<feat xlink:href="#sSpan431" value="V"/>
		<feat xlink:href="#sSpan434" value="ADV"/>
		<feat xlink:href="#sSpan438" value="CONJ"/>
		<feat xlink:href="#sSpan442" value="CCIRC"/>
		<feat xlink:href="#sSpan446" value="PPERS"/>
		<feat xlink:href="#sSpan448" value="V"/>
		<feat xlink:href="#sSpan450" value="PREP"/>
		<feat xlink:href="#sSpan454" value="PPERO"/>
		<feat xlink:href="#sSpan456" value="PREP"/>
		<feat xlink:href="#sSpan460" value="ART"/>
		<feat xlink:href="#sSpan462" value="N"/>
		<feat xlink:href="#sSpan464" value="PUNCT"/>
		<feat xlink:href="#sSpan468" value="CONJ"/>
		<feat xlink:href="#sSpan474" value="APREC"/>
		<feat xlink:href="#sSpan478" value="APST"/>
		<feat xlink:href="#sSpan480" value="PPERS"/>
		<feat xlink:href="#sSpan482" value="V"/>
		<feat xlink:href="#sSpan484" value="PREP"/>
		<feat xlink:href="#sSpan489" value="NPROP"/>
		<feat xlink:href="#sSpan491" value="PREP"/>
		<feat xlink:href="#sSpan495" value="PREP"/>
		<feat xlink:href="#sSpan497" value="ART"/>
		<feat xlink:href="#sSpan499" value="N"/>
		<feat xlink:href="#sSpan501" value="APST"/>
		<feat xlink:href="#sSpan505" value="PPERS"/>
		<feat xlink:href="#sSpan507" value="V"/>
		<feat xlink:href="#sSpan509" value="CONJ"/>
		<feat xlink:href="#sSpan513" value="APST"/>
		<feat xlink:href="#sSpan517" value="PPERS"/>
		<feat xlink:href="#sSpan519" value="V"/>
		<feat xlink:href="#sSpan521" value="PREP"/>
		<feat xlink:href="#sSpan525" value="PPERO"/>
		<feat xlink:href="#sSpan527" value="CONJ"/>
		<feat xlink:href="#sSpan533" value="APREC"/>
		<feat xlink:href="#sSpan537" value="APST"/>
		<feat xlink:href="#sSpan539" value="PPERS"/>
		<feat xlink:href="#sSpan541" value="V"/>
		<feat xlink:href="#sSpan544" value="ADV"/>
		<feat xlink:href="#sSpan548" value="PREP"/>
		<feat xlink:href="#sSpan552" value="ART"/>
		<feat xlink:href="#sSpan554" value="N"/>
		<feat xlink:href="#sSpan556" value="PREP"/>
		<feat xlink:href="#sSpan560" value="N"/>
		<feat xlink:href="#sSpan562" value="CONJ"/>
		<feat xlink:href="#sSpan566" value="VBD"/>
		<feat xlink:href="#sSpan570" value="PPERS"/>
		<feat xlink:href="#sSpan572" value="CONJ"/>
		<feat xlink:href="#sSpan576" value="VBD"/>
		<feat xlink:href="#sSpan578" value="PPERS"/>
		<feat xlink:href="#sSpan580" value="PREP"/>
		<feat xlink:href="#sSpan584" value="PPERO"/>
		<feat xlink:href="#sSpan586" value="IMOD"/>
		<feat xlink:href="#sSpan590" value="PPERO"/>
		<feat xlink:href="#sSpan593" value="NPROP"/>
		<feat xlink:href="#sSpan597" value="ART"/>
		<feat xlink:href="#sSpan601" value="N"/>
		<feat xlink:href="#sSpan603" value="PREP"/>
		<feat xlink:href="#sSpan607" value="ART"/>
		<feat xlink:href="#sSpan609" value="N"/>
		<feat xlink:href="#sSpan611" value="CREL"/>
		<feat xlink:href="#sSpan615" value="VSTAT"/>
		<feat xlink:href="#sSpan617" value="PPERS"/>
		<feat xlink:href="#sSpan621" value="V"/>
		<feat xlink:href="#sSpan623" value="PREP"/>
		<feat xlink:href="#sSpan627" value="PPERO"/>
		<feat xlink:href="#sSpan629" value="PREP"/>
		<feat xlink:href="#sSpan633" value="ART"/>
		<feat xlink:href="#sSpan635" value="N"/>
		<feat xlink:href="#sSpan637" value="NEG"/>
		<feat xlink:href="#sSpan642" value="V"/>
		<feat xlink:href="#sSpan645" value="PREP"/>
		<feat xlink:href="#sSpan649" value="PPERO"/>
		<feat xlink:href="#sSpan651" value="PUNCT"/>
		<feat xlink:href="#sSpan655" value="CPRET"/>
		<feat xlink:href="#sSpan661" value="PPERS"/>
		<feat xlink:href="#sSpan663" value="V"/>
		<feat xlink:href="#sSpan666" value="PTC"/>
		<feat xlink:href="#sSpan670" value="PREP"/>
		<feat xlink:href="#sSpan674" value="PPERO"/>
		<feat xlink:href="#sSpan676" value="COP"/>
		<feat xlink:href="#sSpan680" value="CONJ"/>
		<feat xlink:href="#sSpan684" value="VIMP"/>
		<feat xlink:href="#sSpan686" value="ADV"/>
		<feat xlink:href="#sSpan690" value="ART"/>
		<feat xlink:href="#sSpan695" value="N"/>
		<feat xlink:href="#sSpan697" value="PREP"/>
		<feat xlink:href="#sSpan702" value="N"/>
		<feat xlink:href="#sSpan704" value="PREP"/>
		<feat xlink:href="#sSpan708" value="ART"/>
		<feat xlink:href="#sSpan710" value="N"/>
		<feat xlink:href="#sSpan712" value="PUNCT"/>
		<feat xlink:href="#sSpan716" value="CONJ"/>
		<feat xlink:href="#sSpan722" value="CPRET"/>
		<feat xlink:href="#sSpan726" value="PPERS"/>
		<feat xlink:href="#sSpan728" value="V"/>
		<feat xlink:href="#sSpan730" value="PREP"/>
		<feat xlink:href="#sSpan734" value="PPERO"/>
		<feat xlink:href="#sSpan736" value="CONJ"/>
		<feat xlink:href="#sSpan740" value="PINT"/>
		<feat xlink:href="#sSpan742" value="COP"/>
		<feat xlink:href="#sSpan746" value="PPOS"/>
		<feat xlink:href="#sSpan750" value="N"/>
		<feat xlink:href="#sSpan752" value="CONJ"/>
		<feat xlink:href="#sSpan756" value="VBD"/>
		<feat xlink:href="#sSpan760" value="PPERS"/>
		<feat xlink:href="#sSpan762" value="PREP"/>
		<feat xlink:href="#sSpan766" value="PPERO"/>
		<feat xlink:href="#sSpan768" value="CONJ"/>
		<feat xlink:href="#sSpan773" value="NPROP"/>
		<feat xlink:href="#sSpan775" value="ART"/>
		<feat xlink:href="#sSpan779" value="PPOS"/>
		<feat xlink:href="#sSpan783" value="N"/>
		<feat xlink:href="#sSpan785" value="CONJ"/>
		<feat xlink:href="#sSpan789" value="PPERS"/>
		<feat xlink:href="#sSpan791" value="V"/>
		<feat xlink:href="#sSpan793" value="ART"/>
		<feat xlink:href="#sSpan795" value="N"/>
		<feat xlink:href="#sSpan797" value="CONJ"/>
		<feat xlink:href="#sSpan803" value="CPRET"/>
		<feat xlink:href="#sSpan807" value="PPERS"/>
		<feat xlink:href="#sSpan810" value="V"/>
		<feat xlink:href="#sSpan813" value="PREP"/>
		<feat xlink:href="#sSpan817" value="PPERO"/>
		<feat xlink:href="#sSpan819" value="PREP"/>
		<feat xlink:href="#sSpan823" value="ART"/>
		<feat xlink:href="#sSpan825" value="N"/>
		<feat xlink:href="#sSpan828" value="CONJ"/>
		<feat xlink:href="#sSpan832" value="ACONJ"/>
		<feat xlink:href="#sSpan836" value="PPERS"/>
		<feat xlink:href="#sSpan838" value="NEG"/>
		<feat xlink:href="#sSpan840" value="V"/>
		<feat xlink:href="#sSpan842" value="PPERO"/>
		<feat xlink:href="#sSpan844" value="ADV"/>
		<feat xlink:href="#sSpan848" value="PREP"/>
		<feat xlink:href="#sSpan852" value="ART"/>
		<feat xlink:href="#sSpan855" value="N"/>
		<feat xlink:href="#sSpan857" value="PUNCT"/>
		<feat xlink:href="#sSpan861" value="CPRET"/>
		<feat xlink:href="#sSpan867" value="EXIST"/>
		<feat xlink:href="#sSpan871" value="ART"/>
		<feat xlink:href="#sSpan876" value="N"/>
		<feat xlink:href="#sSpan879" value="PTC"/>
		<feat xlink:href="#sSpan883" value="PREP"/>
		<feat xlink:href="#sSpan887" value="N"/>
		<feat xlink:href="#sSpan889" value="CCIRC"/>
		<feat xlink:href="#sSpan893" value="PPERS"/>
		<feat xlink:href="#sSpan895" value="VSTAT"/>
		<feat xlink:href="#sSpan897" value="ADV"/>
		<feat xlink:href="#sSpan901" value="COP"/>
		<feat xlink:href="#sSpan905" value="CCIRC"/>
		<feat xlink:href="#sSpan909" value="PPERS"/>
		<feat xlink:href="#sSpan911" value="V"/>
		<feat xlink:href="#sSpan913" value="PREP"/>
		<feat xlink:href="#sSpan917" value="ART"/>
		<feat xlink:href="#sSpan919" value="N"/>
		<feat xlink:href="#sSpan921" value="CONJ"/>
		<feat xlink:href="#sSpan927" value="CPRET"/>
		<feat xlink:href="#sSpan931" value="PPERS"/>
		<feat xlink:href="#sSpan934" value="V"/>
		<feat xlink:href="#sSpan937" value="PREP"/>
		<feat xlink:href="#sSpan941" value="PPERO"/>
		<feat xlink:href="#sSpan943" value="CCIRC"/>
		<feat xlink:href="#sSpan947" value="PPERS"/>
		<feat xlink:href="#sSpan949" value="V"/>
		<feat xlink:href="#sSpan951" value="PREP"/>
		<feat xlink:href="#sSpan955" value="PPERO"/>
		<feat xlink:href="#sSpan957" value="CONJ"/>
		<feat xlink:href="#sSpan961" value="V"/>
		<feat xlink:href="#sSpan963" value="PPERO"/>
		<feat xlink:href="#sSpan965" value="PREP"/>
		<feat xlink:href="#sSpan969" value="ART"/>
		<feat xlink:href="#sSpan971" value="N"/>
		<feat xlink:href="#sSpan974" value="CONJ"/>
		<feat xlink:href="#sSpan978" value="ACONJ"/>
		<feat xlink:href="#sSpan982" value="PPERS"/>
		<feat xlink:href="#sSpan984" value="V"/>
		<feat xlink:href="#sSpan986" value="ADV"/>
		<feat xlink:href="#sSpan990" value="PREP"/>
		<feat xlink:href="#sSpan994" value="PPERO"/>
		<feat xlink:href="#sSpan996" value="CONJ"/>
		<feat xlink:href="#sSpan1002" value="APST"/>
		<feat xlink:href="#sSpan1006" value="PPERS"/>
		<feat xlink:href="#sSpan1009" value="V"/>
		<feat xlink:href="#sSpan1012" value="PREP"/>
		<feat xlink:href="#sSpan1016" value="PPERO"/>
		<feat xlink:href="#sSpan1018" value="CONJ"/>
		<feat xlink:href="#sSpan1022" value="APREC"/>
		<feat xlink:href="#sSpan1026" value="APST"/>
		<feat xlink:href="#sSpan1028" value="PPERS"/>
		<feat xlink:href="#sSpan1030" value="V"/>
		<feat xlink:href="#sSpan1032" value="ADV"/>
		<feat xlink:href="#sSpan1036" value="PTC"/>
		<feat xlink:href="#sSpan1040" value="ART"/>
		<feat xlink:href="#sSpan1043" value="N"/>
		<feat xlink:href="#sSpan1045" value="PREP"/>
		<feat xlink:href="#sSpan1049" value="N"/>
		<feat xlink:href="#sSpan1051" value="APST"/>
		<feat xlink:href="#sSpan1055" value="PPERS"/>
		<feat xlink:href="#sSpan1057" value="V"/>
		<feat xlink:href="#sSpan1059" value="PREP"/>
		<feat xlink:href="#sSpan1063" value="PPERO"/>
		<feat xlink:href="#sSpan1065" value="ADV"/>
		<feat xlink:href="#sSpan1069" value="PREP"/>
		<feat xlink:href="#sSpan1073" value="ART"/>
		<feat xlink:href="#sSpan1075" value="N"/>
		<feat xlink:href="#sSpan1077" value="CONJ"/>
		<feat xlink:href="#sSpan1081" value="APST"/>
		<feat xlink:href="#sSpan1085" value="PPERS"/>
		<feat xlink:href="#sSpan1087" value="V"/>
		<feat xlink:href="#sSpan1089" value="ADV"/>
		<feat xlink:href="#sSpan1093" value="PTC"/>
		<feat xlink:href="#sSpan1097" value="ART"/>
		<feat xlink:href="#sSpan1100" value="N"/>
		<feat xlink:href="#sSpan1102" value="PREP"/>
		<feat xlink:href="#sSpan1106" value="ART"/>
		<feat xlink:href="#sSpan1108" value="N"/>
		<feat xlink:href="#sSpan1110" value="PREP"/>
		<feat xlink:href="#sSpan1114" value="ART"/>
		<feat xlink:href="#sSpan1116" value="N"/>
		<feat xlink:href="#sSpan1118" value="CCIRC"/>
		<feat xlink:href="#sSpan1122" value="PPERS"/>
		<feat xlink:href="#sSpan1124" value="V"/>
		<feat xlink:href="#sSpan1126" value="NUM"/>
		<feat xlink:href="#sSpan1128" value="NUM"/>
		<feat xlink:href="#sSpan1132" value="CONJ"/>
		<feat xlink:href="#sSpan1136" value="CPRET"/>
		<feat xlink:href="#sSpan1140" value="PPERS"/>
		<feat xlink:href="#sSpan1142" value="V"/>
		<feat xlink:href="#sSpan1144" value="PREP"/>
		<feat xlink:href="#sSpan1148" value="PPERO"/>
		<feat xlink:href="#sSpan1150" value="PREP"/>
		<feat xlink:href="#sSpan1154" value="ART"/>
		<feat xlink:href="#sSpan1156" value="N"/>
		<feat xlink:href="#sSpan1158" value="PUNCT"/>
		<feat xlink:href="#sSpan1162" value="CONJ"/>
		<feat xlink:href="#sSpan1168" value="PDEM"/>
		<feat xlink:href="#sSpan1172" value="CCIRC"/>
		<feat xlink:href="#sSpan1176" value="CPRET"/>
		<feat xlink:href="#sSpan1178" value="PPERS"/>
		<feat xlink:href="#sSpan1180" value="V"/>
		<feat xlink:href="#sSpan1182" value="PREP"/>
		<feat xlink:href="#sSpan1186" value="PPERO"/>
		<feat xlink:href="#sSpan1188" value="APST"/>
		<feat xlink:href="#sSpan1192" value="PPERS"/>
		<feat xlink:href="#sSpan1194" value="V"/>
		<feat xlink:href="#sSpan1196" value="CONJ"/>
		<feat xlink:href="#sSpan1200" value="APST"/>
		<feat xlink:href="#sSpan1204" value="PPERS"/>
		<feat xlink:href="#sSpan1206" value="V"/>
		<feat xlink:href="#sSpan1208" value="PPERO"/>
		<feat xlink:href="#sSpan1210" value="PREP"/>
		<feat xlink:href="#sSpan1214" value="ART"/>
		<feat xlink:href="#sSpan1216" value="N"/>
		<feat xlink:href="#sSpan1218" value="PREP"/>
		<feat xlink:href="#sSpan1222" value="PREP"/>
		<feat xlink:href="#sSpan1224" value="ART"/>
		<feat xlink:href="#sSpan1226" value="N"/>
		<feat xlink:href="#sSpan1228" value="CONJ"/>
		<feat xlink:href="#sSpan1232" value="APST"/>
		<feat xlink:href="#sSpan1236" value="PPERS"/>
		<feat xlink:href="#sSpan1238" value="V"/>
		<feat xlink:href="#sSpan1240" value="PREP"/>
		<feat xlink:href="#sSpan1244" value="V"/>
		<feat xlink:href="#sSpan1246" value="CONJ"/>
		<feat xlink:href="#sSpan1250" value="PINT"/>
		<feat xlink:href="#sSpan1252" value="COP"/>
		<feat xlink:href="#sSpan1256" value="PDEM"/>
		<feat xlink:href="#sSpan1260" value="CREL"/>
		<feat xlink:href="#sSpan1264" value="APST"/>
		<feat xlink:href="#sSpan1266" value="PPERS"/>
		<feat xlink:href="#sSpan1268" value="V"/>
		<feat xlink:href="#sSpan1270" value="PUNCT"/>
		<feat xlink:href="#sSpan1274" value="CONJ"/>
		<feat xlink:href="#sSpan1280" value="APST"/>
		<feat xlink:href="#sSpan1284" value="PPERS"/>
		<feat xlink:href="#sSpan1286" value="V"/>
		<feat xlink:href="#sSpan1288" value="PREP"/>
		<feat xlink:href="#sSpan1293" value="NPROP"/>
		<feat xlink:href="#sSpan1295" value="APST"/>
		<feat xlink:href="#sSpan1299" value="PPERS"/>
		<feat xlink:href="#sSpan1301" value="V"/>
		<feat xlink:href="#sSpan1303" value="PREP"/>
		<feat xlink:href="#sSpan1307" value="PDEM"/>
		<feat xlink:href="#sSpan1309" value="CCIRC"/>
		<feat xlink:href="#sSpan1313" value="CPRET"/>
		<feat xlink:href="#sSpan1315" value="ART"/>
		<feat xlink:href="#sSpan1318" value="N"/>
		<feat xlink:href="#sSpan1320" value="PREP"/>
		<feat xlink:href="#sSpan1324" value="PPERO"/>
		<feat xlink:href="#sSpan1326" value="CCIRC"/>
		<feat xlink:href="#sSpan1330" value="PPERS"/>
		<feat xlink:href="#sSpan1332" value="V"/>
		<feat xlink:href="#sSpan1334" value="CCIRC"/>
		<feat xlink:href="#sSpan1338" value="PPOS"/>
		<feat xlink:href="#sSpan1340" value="N"/>
		<feat xlink:href="#sSpan1343" value="VSTAT"/>
		<feat xlink:href="#sSpan1347" value="PREP"/>
		<feat xlink:href="#sSpan1351" value="PPERO"/>
		<feat xlink:href="#sSpan1353" value="CONJ"/>
		<feat xlink:href="#sSpan1357" value="CCIRC"/>
		<feat xlink:href="#sSpan1361" value="PPOS"/>
		<feat xlink:href="#sSpan1363" value="N"/>
		<feat xlink:href="#sSpan1365" value="PREP"/>
		<feat xlink:href="#sSpan1369" value="PPERO"/>
		<feat xlink:href="#sSpan1371" value="CONJ"/>
		<feat xlink:href="#sSpan1375" value="APST"/>
		<feat xlink:href="#sSpan1379" value="PPERS"/>
		<feat xlink:href="#sSpan1382" value="V"/>
		<feat xlink:href="#sSpan1385" value="PUNCT"/>
		<feat xlink:href="#sSpan1389" value="CONJ"/>
		<feat xlink:href="#sSpan1395" value="APST"/>
		<feat xlink:href="#sSpan1399" value="PPERS"/>
		<feat xlink:href="#sSpan1401" value="V"/>
		<feat xlink:href="#sSpan1403" value="PREP"/>
		<feat xlink:href="#sSpan1407" value="PPERO"/>
		<feat xlink:href="#sSpan1409" value="PTC"/>
		<feat xlink:href="#sSpan1413" value="PDEM"/>
		<feat xlink:href="#sSpan1415" value="CREL"/>
		<feat xlink:href="#sSpan1419" value="APST"/>
		<feat xlink:href="#sSpan1421" value="PPERS"/>
		<feat xlink:href="#sSpan1423" value="V"/>
		<feat xlink:href="#sSpan1425" value="CONJ"/>
		<feat xlink:href="#sSpan1429" value="CFOC"/>
		<feat xlink:href="#sSpan1431" value="APST"/>
		<feat xlink:href="#sSpan1433" value="PPERS"/>
		<feat xlink:href="#sSpan1435" value="V"/>
		<feat xlink:href="#sSpan1437" value="PREP"/>
		<feat xlink:href="#sSpan1441" value="V"/>
		<feat xlink:href="#sSpan1443" value="PREP"/>
		<feat xlink:href="#sSpan1447" value="N"/>
		<feat xlink:href="#sSpan1449" value="PREP"/>
		<feat xlink:href="#sSpan1453" value="PDEM"/>
		<feat xlink:href="#sSpan1455" value="CCIRC"/>
		<feat xlink:href="#sSpan1459" value="CPRET"/>
		<feat xlink:href="#sSpan1461" value="ART"/>
		<feat xlink:href="#sSpan1464" value="N"/>
		<feat xlink:href="#sSpan1466" value="PREP"/>
		<feat xlink:href="#sSpan1470" value="PPERO"/>
		<feat xlink:href="#sSpan1472" value="PREP"/>
		<feat xlink:href="#sSpan1476" value="PREP"/>
		<feat xlink:href="#sSpan1478" value="ART"/>
		<feat xlink:href="#sSpan1480" value="N"/>
		<feat xlink:href="#sSpan1482" value="CONJ"/>
		<feat xlink:href="#sSpan1488" value="APST"/>
		<feat xlink:href="#sSpan1492" value="PPERS"/>
		<feat xlink:href="#sSpan1494" value="V"/>
		<feat xlink:href="#sSpan1496" value="N"/>
		<feat xlink:href="#sSpan1498" value="PPERO"/>
		<feat xlink:href="#sSpan1500" value="PREP"/>
		<feat xlink:href="#sSpan1505" value="V"/>
		<feat xlink:href="#sSpan1508" value="PREP"/>
		<feat xlink:href="#sSpan1512" value="PPERO"/>
		<feat xlink:href="#sSpan1514" value="CONJ"/>
		<feat xlink:href="#sSpan1518" value="ACONJ"/>
		<feat xlink:href="#sSpan1520" value="PPERS"/>
		<feat xlink:href="#sSpan1522" value="V"/>
		<feat xlink:href="#sSpan1524" value="PREP"/>
		<feat xlink:href="#sSpan1528" value="PPERO"/>
		<feat xlink:href="#sSpan1530" value="ADV"/>
		<feat xlink:href="#sSpan1534" value="PREP"/>
		<feat xlink:href="#sSpan1538" value="PPOS"/>
		<feat xlink:href="#sSpan1540" value="N"/>
		<feat xlink:href="#sSpan1542" value="CONJ"/>
		<feat xlink:href="#sSpan1548" value="APST"/>
		<feat xlink:href="#sSpan1552" value="PPERS"/>
		<feat xlink:href="#sSpan1554" value="V"/>
		<feat xlink:href="#sSpan1556" value="PREP"/>
		<feat xlink:href="#sSpan1560" value="ART"/>
		<feat xlink:href="#sSpan1562" value="N"/>
		<feat xlink:href="#sSpan1564" value="CPRET"/>
		<feat xlink:href="#sSpan1568" value="PPERS"/>
		<feat xlink:href="#sSpan1571" value="V"/>
		<feat xlink:href="#sSpan1574" value="PREP"/>
		<feat xlink:href="#sSpan1578" value="PPERO"/>
		<feat xlink:href="#sSpan1580" value="PTC"/>
		<feat xlink:href="#sSpan1584" value="PDEM"/>
		<feat xlink:href="#sSpan1586" value="CCIRC"/>
		<feat xlink:href="#sSpan1590" value="CPRET"/>
		<feat xlink:href="#sSpan1592" value="PPERS"/>
		<feat xlink:href="#sSpan1594" value="VSTAT"/>
		<feat xlink:href="#sSpan1596" value="PREP"/>
		<feat xlink:href="#sSpan1601" value="N"/>
		<feat xlink:href="#sSpan1604" value="CONJ"/>
		<feat xlink:href="#sSpan1608" value="ACONJ"/>
		<feat xlink:href="#sSpan1612" value="PPERS"/>
		<feat xlink:href="#sSpan1614" value="V"/>
		<feat xlink:href="#sSpan1616" value="PREP"/>
		<feat xlink:href="#sSpan1620" value="PPERO"/>
		<feat xlink:href="#sSpan1622" value="CONJ"/>
		<feat xlink:href="#sSpan1628" value="ANEGPST"/>
		<feat xlink:href="#sSpan1632" value="PPERS"/>
		<feat xlink:href="#sSpan1634" value="V"/>
		<feat xlink:href="#sSpan1636" value="PPERO"/>
		<feat xlink:href="#sSpan1639" value="CONJ"/>
		<feat xlink:href="#sSpan1643" value="VBD"/>
		<feat xlink:href="#sSpan1647" value="PPERS"/>
		<feat xlink:href="#sSpan1649" value="PREP"/>
		<feat xlink:href="#sSpan1653" value="PPERO"/>
		<feat xlink:href="#sSpan1655" value="CONJ"/>
		<feat xlink:href="#sSpan1659" value="VIMP"/>
		<feat xlink:href="#sSpan1661" value="PREP"/>
		<feat xlink:href="#sSpan1665" value="PPERO"/>
		<feat xlink:href="#sSpan1667" value="ADV"/>
		<feat xlink:href="#sSpan1671" value="PREP"/>
		<feat xlink:href="#sSpan1675" value="PPOS"/>
		<feat xlink:href="#sSpan1677" value="N"/>
		<feat xlink:href="#sSpan1679" value="PREP"/>
		<feat xlink:href="#sSpan1683" value="PDEM"/>
		<feat xlink:href="#sSpan1685" value="CREL"/>
		<feat xlink:href="#sSpan1689" value="PPOS"/>
		<feat xlink:href="#sSpan1691" value="CONJ"/>
		<feat xlink:href="#sSpan1695" value="VIMP"/>
		<feat xlink:href="#sSpan1699" value="V"/>
		<feat xlink:href="#sSpan1701" value="PPERO"/>
		<feat xlink:href="#sSpan1703" value="PREP"/>
		<feat xlink:href="#sSpan1707" value="PDEM"/>
		<feat xlink:href="#sSpan1709" value="CREL"/>
		<feat xlink:href="#sSpan1713" value="APST"/>
		<feat xlink:href="#sSpan1715" value="ART"/>
		<feat xlink:href="#sSpan1717" value="N"/>
		<feat xlink:href="#sSpan1719" value="V"/>
		<feat xlink:href="#sSpan1723" value="PPERO"/>
		<feat xlink:href="#sSpan1725" value="PREP"/>
		<feat xlink:href="#sSpan1729" value="PPERO"/>
		<feat xlink:href="#sSpan1731" value="CCIRC"/>
		<feat xlink:href="#sSpan1736" value="APST"/>
		<feat xlink:href="#sSpan1738" value="PPERS"/>
		<feat xlink:href="#sSpan1740" value="V"/>
		<feat xlink:href="#sSpan1742" value="PREP"/>
		<feat xlink:href="#sSpan1746" value="PPERO"/>
		<feat xlink:href="#sSpan1748" value="CONJ"/>
		<feat xlink:href="#sSpan1754" value="APST"/>
		<feat xlink:href="#sSpan1758" value="PPERS"/>
		<feat xlink:href="#sSpan1760" value="V"/>
		<feat xlink:href="#sSpan1762" value="CONJ"/>
		<feat xlink:href="#sSpan1766" value="APST"/>
		<feat xlink:href="#sSpan1770" value="PPERS"/>
		<feat xlink:href="#sSpan1772" value="V"/>
		<feat xlink:href="#sSpan1774" value="N"/>
		<feat xlink:href="#sSpan1776" value="PPERO"/>
		<feat xlink:href="#sSpan1778" value="PREP"/>
		<feat xlink:href="#sSpan1783" value="V"/>
		<feat xlink:href="#sSpan1786" value="PREP"/>
		<feat xlink:href="#sSpan1790" value="ART"/>
		<feat xlink:href="#sSpan1792" value="N"/>
		<feat xlink:href="#sSpan1794" value="PREP"/>
		<feat xlink:href="#sSpan1798" value="ART"/>
		<feat xlink:href="#sSpan1800" value="N"/>
		<feat xlink:href="#sSpan1802" value="PREP"/>
		<feat xlink:href="#sSpan1806" value="ART"/>
		<feat xlink:href="#sSpan1808" value="CREL"/>
		<feat xlink:href="#sSpan1810" value="APST"/>
		<feat xlink:href="#sSpan1812" value="PPERS"/>
		<feat xlink:href="#sSpan1814" value="V"/>
		<feat xlink:href="#sSpan1816" value="PPERO"/>
		<feat xlink:href="#sSpan1818" value="PREP"/>
		<feat xlink:href="#sSpan1822" value="PPERO"/>
		<feat xlink:href="#sSpan1824" value="PTC"/>
		<feat xlink:href="#sSpan1829" value="NPROP"/>
		<feat xlink:href="#sSpan1831" value="CONJ"/>
		<feat xlink:href="#sSpan1835" value="CPRET"/>
		<feat xlink:href="#sSpan1839" value="PPERS"/>
		<feat xlink:href="#sSpan1842" value="V"/>
		<feat xlink:href="#sSpan1845" value="IMOD"/>
		<feat xlink:href="#sSpan1849" value="PPERO"/>
		<feat xlink:href="#sSpan1851" value="COP"/>
		<feat xlink:href="#sSpan1855" value="CONJ"/>
		<feat xlink:href="#sSpan1861" value="APREC"/>
		<feat xlink:href="#sSpan1865" value="APST"/>
		<feat xlink:href="#sSpan1867" value="PPERS"/>
		<feat xlink:href="#sSpan1869" value="V"/>
		<feat xlink:href="#sSpan1871" value="ADV"/>
		<feat xlink:href="#sSpan1875" value="PTC"/>
		<feat xlink:href="#sSpan1880" value="NPROP"/>
		<feat xlink:href="#sSpan1882" value="PREP"/>
		<feat xlink:href="#sSpan1886" value="N"/>
		<feat xlink:href="#sSpan1888" value="PREP"/>
		<feat xlink:href="#sSpan1892" value="ART"/>
		<feat xlink:href="#sSpan1894" value="N"/>
		<feat xlink:href="#sSpan1896" value="APST"/>
		<feat xlink:href="#sSpan1900" value="PPERS"/>
		<feat xlink:href="#sSpan1902" value="V"/>
		<feat xlink:href="#sSpan1904" value="PTC"/>
		<feat xlink:href="#sSpan1908" value="ART"/>
		<feat xlink:href="#sSpan1910" value="N"/>
		<feat xlink:href="#sSpan1912" value="CCIRC"/>
		<feat xlink:href="#sSpan1916" value="PPERS"/>
		<feat xlink:href="#sSpan1918" value="VSTAT"/>
		<feat xlink:href="#sSpan1920" value="PREP"/>
		<feat xlink:href="#sSpan1924" value="PPERO"/>
		<feat xlink:href="#sSpan1926" value="CONJ"/>
		<feat xlink:href="#sSpan1930" value="CPRET"/>
		<feat xlink:href="#sSpan1934" value="PPERS"/>
		<feat xlink:href="#sSpan1936" value="VSTAT"/>
		<feat xlink:href="#sSpan1938" value="COP"/>
		<feat xlink:href="#sSpan1942" value="PREP"/>
		<feat xlink:href="#sSpan1946" value="ART"/>
		<feat xlink:href="#sSpan1948" value="N"/>
		<feat xlink:href="#sSpan1950" value="CONJ"/>
		<feat xlink:href="#sSpan1956" value="APST"/>
		<feat xlink:href="#sSpan1960" value="PPERS"/>
		<feat xlink:href="#sSpan1962" value="V"/>
		<feat xlink:href="#sSpan1964" value="PREP"/>
		<feat xlink:href="#sSpan1968" value="PPERO"/>
		<feat xlink:href="#sSpan1970" value="PTC"/>
		<feat xlink:href="#sSpan1974" value="NUM"/>
		<feat xlink:href="#sSpan1976" value="PREP"/>
		<feat xlink:href="#sSpan1980" value="ART"/>
		<feat xlink:href="#sSpan1983" value="N"/>
		<feat xlink:href="#sSpan1985" value="PREP"/>
		<feat xlink:href="#sSpan1989" value="PPOS"/>
		<feat xlink:href="#sSpan1991" value="N"/>
		<feat xlink:href="#sSpan1993" value="COP"/>
		<feat xlink:href="#sSpan1997" value="N"/>
		<feat xlink:href="#sSpan2001" value="CONJ"/>
		<feat xlink:href="#sSpan2005" value="APREC"/>
		<feat xlink:href="#sSpan2009" value="APST"/>
		<feat xlink:href="#sSpan2011" value="PPERS"/>
		<feat xlink:href="#sSpan2013" value="V"/>
		<feat xlink:href="#sSpan2015" value="PREP"/>
		<feat xlink:href="#sSpan2019" value="PPERO"/>
		<feat xlink:href="#sSpan2021" value="APST"/>
		<feat xlink:href="#sSpan2025" value="PPERS"/>
		<feat xlink:href="#sSpan2027" value="V"/>
		<feat xlink:href="#sSpan2029" value="PPERO"/>
		<feat xlink:href="#sSpan2031" value="PREP"/>
		<feat xlink:href="#sSpan2035" value="PPERO"/>
		<feat xlink:href="#sSpan2037" value="PREP"/>
		<feat xlink:href="#sSpan2041" value="PPOS"/>
		<feat xlink:href="#sSpan2043" value="N"/>
		<feat xlink:href="#sSpan2045" value="CONJ"/>
		<feat xlink:href="#sSpan2051" value="CPRET"/>
		<feat xlink:href="#sSpan2055" value="PPERS"/>
		<feat xlink:href="#sSpan2058" value="V"/>
		<feat xlink:href="#sSpan2061" value="PREP"/>
		<feat xlink:href="#sSpan2065" value="PPERO"/>
		<feat xlink:href="#sSpan2067" value="PREP"/>
		<feat xlink:href="#sSpan2071" value="ART"/>
		<feat xlink:href="#sSpan2073" value="N"/>
		<feat xlink:href="#sSpan2075" value="CCIRC"/>
		<feat xlink:href="#sSpan2079" value="PPERS"/>
		<feat xlink:href="#sSpan2081" value="V"/>
		<feat xlink:href="#sSpan2083" value="PREP"/>
		<feat xlink:href="#sSpan2087" value="PPERO"/>
		<feat xlink:href="#sSpan2089" value="CONJ"/>
		<feat xlink:href="#sSpan2093" value="APST"/>
		<feat xlink:href="#sSpan2095" value="PPOS"/>
		<feat xlink:href="#sSpan2097" value="N"/>
		<feat xlink:href="#sSpan2099" value="APST"/>
		<feat xlink:href="#sSpan2103" value="PPERS"/>
		<feat xlink:href="#sSpan2105" value="V"/>
		<feat xlink:href="#sSpan2107" value="PREP"/>
		<feat xlink:href="#sSpan2111" value="ART"/>
		<feat xlink:href="#sSpan2113" value="N"/>
		<feat xlink:href="#sSpan2116" value="CONJ"/>
		<feat xlink:href="#sSpan2120" value="ACONJ"/>
		<feat xlink:href="#sSpan2124" value="PPERS"/>
		<feat xlink:href="#sSpan2126" value="V"/>
		<feat xlink:href="#sSpan2128" value="PREP"/>
		<feat xlink:href="#sSpan2132" value="PPERO"/>
		<feat xlink:href="#sSpan2134" value="V"/>
		<feat xlink:href="#sSpan2136" value="PPOS"/>
		<feat xlink:href="#sSpan2138" value="N"/>
		<feat xlink:href="#sSpan2140" value="PREP"/>
		<feat xlink:href="#sSpan2144" value="PPERO"/>
		<feat xlink:href="#sSpan2147" value="CONJ"/>
		<feat xlink:href="#sSpan2151" value="ACONJ"/>
		<feat xlink:href="#sSpan2155" value="PPERS"/>
		<feat xlink:href="#sSpan2157" value="V"/>
		<feat xlink:href="#sSpan2159" value="CONJ"/>
		<feat xlink:href="#sSpan2163" value="ACONJ"/>
		<feat xlink:href="#sSpan2167" value="PPERS"/>
		<feat xlink:href="#sSpan2169" value="V"/>
		<feat xlink:href="#sSpan2171" value="CONJ"/>
		<feat xlink:href="#sSpan2177" value="APST"/>
		<feat xlink:href="#sSpan2181" value="PPERS"/>
		<feat xlink:href="#sSpan2183" value="V"/>
		<feat xlink:href="#sSpan2185" value="PREP"/>
		<feat xlink:href="#sSpan2189" value="PPERO"/>
		<feat xlink:href="#sSpan2191" value="PREP"/>
		<feat xlink:href="#sSpan2195" value="PPERO"/>
		<feat xlink:href="#sSpan2197" value="CONJ"/>
		<feat xlink:href="#sSpan2201" value="APST"/>
		<feat xlink:href="#sSpan2205" value="PPERS"/>
		<feat xlink:href="#sSpan2207" value="V"/>
		<feat xlink:href="#sSpan2209" value="PREP"/>
		<feat xlink:href="#sSpan2213" value="PPERO"/>
		<feat xlink:href="#sSpan2215" value="PTC"/>
		<feat xlink:href="#sSpan2219" value="ART"/>
		<feat xlink:href="#sSpan2221" value="N"/>
		<feat xlink:href="#sSpan2223" value="CCIRC"/>
		<feat xlink:href="#sSpan2227" value="PPERS"/>
		<feat xlink:href="#sSpan2229" value="VSTAT"/>
		<feat xlink:href="#sSpan2231" value="CONJ"/>
		<feat xlink:href="#sSpan2235" value="CPRET"/>
		<feat xlink:href="#sSpan2239" value="PPERS"/>
		<feat xlink:href="#sSpan2241" value="V"/>
		<feat xlink:href="#sSpan2243" value="PREP"/>
		<feat xlink:href="#sSpan2247" value="PPERO"/>
		<feat xlink:href="#sSpan2249" value="COP"/>
		<feat xlink:href="#sSpan2253" value="PUNCT"/>
		<feat xlink:href="#sSpan2257" value="CONJ"/>
		<feat xlink:href="#sSpan2263" value="PTC"/>
		<feat xlink:href="#sSpan2267" value="ART"/>
		<feat xlink:href="#sSpan2271" value="N"/>
		<feat xlink:href="#sSpan2273" value="APST"/>
		<feat xlink:href="#sSpan2277" value="PPERS"/>
		<feat xlink:href="#sSpan2279" value="V"/>
		<feat xlink:href="#sSpan2281" value="NUM"/>
		<feat xlink:href="#sSpan2283" value="PREP"/>
		<feat xlink:href="#sSpan2287" value="N"/>
		<feat xlink:href="#sSpan2289" value="CCIRC"/>
		<feat xlink:href="#sSpan2293" value="EXIST"/>
		<feat xlink:href="#sSpan2295" value="ART"/>
		<feat xlink:href="#sSpan2299" value="N"/>
		<feat xlink:href="#sSpan2301" value="PREP"/>
		<feat xlink:href="#sSpan2305" value="PPERO"/>
		<feat xlink:href="#sSpan2307" value="PUNCT"/>
		<feat xlink:href="#sSpan2311" value="CONJ"/>
		<feat xlink:href="#sSpan2317" value="APST"/>
		<feat xlink:href="#sSpan2321" value="PPERS"/>
		<feat xlink:href="#sSpan2323" value="V"/>
		<feat xlink:href="#sSpan2325" value="PREP"/>
		<feat xlink:href="#sSpan2329" value="ART"/>
		<feat xlink:href="#sSpan2331" value="N"/>
		<feat xlink:href="#sSpan2333" value="PREP"/>
		<feat xlink:href="#sSpan2337" value="V"/>
		<feat xlink:href="#sSpan2339" value="PREP"/>
		<feat xlink:href="#sSpan2343" value="PPERO"/>
		<feat xlink:href="#sSpan2345" value="PREP"/>
		<feat xlink:href="#sSpan2349" value="ART"/>
		<feat xlink:href="#sSpan2351" value="N"/>
		<feat xlink:href="#sSpan2353" value="PREP"/>
		<feat xlink:href="#sSpan2357" value="N"/>
		<feat xlink:href="#sSpan2359" value="CONJ"/>
		<feat xlink:href="#sSpan2363" value="APST"/>
		<feat xlink:href="#sSpan2367" value="PPERS"/>
		<feat xlink:href="#sSpan2369" value="V"/>
		<feat xlink:href="#sSpan2371" value="ART"/>
		<feat xlink:href="#sSpan2375" value="CREL"/>
		<feat xlink:href="#sSpan2377" value="PREP"/>
		<feat xlink:href="#sSpan2379" value="PPERO"/>
		<feat xlink:href="#sSpan2381" value="PINT"/>
		<feat xlink:href="#sSpan2385" value="ADV"/>
		<feat xlink:href="#sSpan2389" value="CONJ"/>
		<feat xlink:href="#sSpan2393" value="ANEGPST"/>
		<feat xlink:href="#sSpan2397" value="PPERS"/>
		<feat xlink:href="#sSpan2400" value="V"/>
		<feat xlink:href="#sSpan2403" value="PREP"/>
		<feat xlink:href="#sSpan2407" value="N"/>
		<feat xlink:href="#sSpan2410" value="CONJ"/>
		<feat xlink:href="#sSpan2415" value="ADV"/>
		<feat xlink:href="#sSpan2419" value="APST"/>
		<feat xlink:href="#sSpan2423" value="PPERS"/>
		<feat xlink:href="#sSpan2425" value="V"/>
		<feat xlink:href="#sSpan2427" value="PREP"/>
		<feat xlink:href="#sSpan2431" value="N"/>
		<feat xlink:href="#sSpan2433" value="PUNCT"/>
		<feat xlink:href="#sSpan2437" value="APREC"/>
		<feat xlink:href="#sSpan2443" value="APST"/>
		<feat xlink:href="#sSpan2445" value="PPERS"/>
		<feat xlink:href="#sSpan2447" value="V"/>
		<feat xlink:href="#sSpan2450" value="PTC"/>
		<feat xlink:href="#sSpan2454" value="PREP"/>
		<feat xlink:href="#sSpan2459" value="NPROP"/>
		<feat xlink:href="#sSpan2461" value="APST"/>
		<feat xlink:href="#sSpan2465" value="PPERS"/>
		<feat xlink:href="#sSpan2467" value="V"/>
		<feat xlink:href="#sSpan2469" value="PREP"/>
		<feat xlink:href="#sSpan2473" value="ART"/>
		<feat xlink:href="#sSpan2475" value="N"/>
		<feat xlink:href="#sSpan2477" value="PREP"/>
		<feat xlink:href="#sSpan2481" value="N"/>
		<feat xlink:href="#sSpan2483" value="APST"/>
		<feat xlink:href="#sSpan2487" value="PPERS"/>
		<feat xlink:href="#sSpan2489" value="V"/>
		<feat xlink:href="#sSpan2491" value="PREP"/>
		<feat xlink:href="#sSpan2495" value="PPOS"/>
		<feat xlink:href="#sSpan2497" value="N"/>
		<feat xlink:href="#sSpan2499" value="CPRET"/>
		<feat xlink:href="#sSpan2505" value="PPERS"/>
		<feat xlink:href="#sSpan2507" value="V"/>
		<feat xlink:href="#sSpan2510" value="PTC"/>
		<feat xlink:href="#sSpan2514" value="PREP"/>
		<feat xlink:href="#sSpan2518" value="PPERO"/>
		<feat xlink:href="#sSpan2520" value="COP"/>
		<feat xlink:href="#sSpan2524" value="CONJ"/>
		<feat xlink:href="#sSpan2529" value="CONJ"/>
		<feat xlink:href="#sSpan2531" value="N"/>
		<feat xlink:href="#sSpan2535" value="V"/>
		<feat xlink:href="#sSpan2537" value="PREP"/>
		<feat xlink:href="#sSpan2541" value="PPOS"/>
		<feat xlink:href="#sSpan2543" value="N"/>
		<feat xlink:href="#sSpan2545" value="PPERS"/>
		<feat xlink:href="#sSpan2549" value="FUT"/>
		<feat xlink:href="#sSpan2551" value="V"/>
		<feat xlink:href="#sSpan2553" value="PUNCT"/>
		<feat xlink:href="#sSpan2557" value="CONJ"/>
		<feat xlink:href="#sSpan2563" value="IMOD"/>
		<feat xlink:href="#sSpan2567" value="PPERO"/>
		<feat xlink:href="#sSpan2569" value="APST"/>
		<feat xlink:href="#sSpan2573" value="PPERS"/>
		<feat xlink:href="#sSpan2575" value="V"/>
		<feat xlink:href="#sSpan2577" value="PTC"/>
		<feat xlink:href="#sSpan2581" value="ART"/>
		<feat xlink:href="#sSpan2583" value="N"/>
		<feat xlink:href="#sSpan2585" value="PREP"/>
		<feat xlink:href="#sSpan2589" value="PPOS"/>
		<feat xlink:href="#sSpan2591" value="N"/>
		<feat xlink:href="#sSpan2593" value="CONJ"/>
		<feat xlink:href="#sSpan2597" value="APST"/>
		<feat xlink:href="#sSpan2601" value="PPERS"/>
		<feat xlink:href="#sSpan2603" value="V"/>
		<feat xlink:href="#sSpan2605" value="PREP"/>
		<feat xlink:href="#sSpan2609" value="PPOS"/>
		<feat xlink:href="#sSpan2612" value="N"/>
		<feat xlink:href="#sSpan2614" value="CONJ"/>
		<feat xlink:href="#sSpan2618" value="APST"/>
		<feat xlink:href="#sSpan2620" value="PPERS"/>
		<feat xlink:href="#sSpan2622" value="V"/>
		<feat xlink:href="#sSpan2624" value="ADV"/>
		<feat xlink:href="#sSpan2629" value="PREP"/>
		<feat xlink:href="#sSpan2633" value="ART"/>
		<feat xlink:href="#sSpan2636" value="N"/>
		<feat xlink:href="#sSpan2638" value="CONJ"/>
		<feat xlink:href="#sSpan2644" value="IMOD"/>
		<feat xlink:href="#sSpan2648" value="PPERO"/>
		<feat xlink:href="#sSpan2650" value="APST"/>
		<feat xlink:href="#sSpan2654" value="PPERS"/>
		<feat xlink:href="#sSpan2656" value="V"/>
		<feat xlink:href="#sSpan2658" value="PTC"/>
		<feat xlink:href="#sSpan2663" value="NPROP"/>
		<feat xlink:href="#sSpan2665" value="PREP"/>
		<feat xlink:href="#sSpan2669" value="N"/>
		<feat xlink:href="#sSpan2671" value="PREP"/>
		<feat xlink:href="#sSpan2675" value="PPERO"/>
		<feat xlink:href="#sSpan2677" value="PREP"/>
		<feat xlink:href="#sSpan2681" value="ART"/>
		<feat xlink:href="#sSpan2683" value="N"/>
		<feat xlink:href="#sSpan2685" value="CREL"/>
		<feat xlink:href="#sSpan2689" value="APST"/>
		<feat xlink:href="#sSpan2691" value="PPERS"/>
		<feat xlink:href="#sSpan2693" value="V"/>
		<feat xlink:href="#sSpan2695" value="ADV"/>
		<feat xlink:href="#sSpan2699" value="PREP"/>
		<feat xlink:href="#sSpan2703" value="PPERO"/>
		<feat xlink:href="#sSpan2705" value="CFOC"/>
		<feat xlink:href="#sSpan2709" value="APST"/>
		<feat xlink:href="#sSpan2711" value="PPERS"/>
		<feat xlink:href="#sSpan2713" value="V"/>
		<feat xlink:href="#sSpan2715" value="PPERO"/>
		<feat xlink:href="#sSpan2717" value="PREP"/>
		<feat xlink:href="#sSpan2721" value="ART"/>
		<feat xlink:href="#sSpan2723" value="N"/>
		<feat xlink:href="#sSpan2725" value="CPRET"/>
		<feat xlink:href="#sSpan2729" value="PPERS"/>
		<feat xlink:href="#sSpan2731" value="V"/>
		<feat xlink:href="#sSpan2733" value="PREP"/>
		<feat xlink:href="#sSpan2737" value="PPERO"/>
		<feat xlink:href="#sSpan2739" value="CONJ"/>
		<feat xlink:href="#sSpan2743" value="PINT"/>
		<feat xlink:href="#sSpan2745" value="COP"/>
		<feat xlink:href="#sSpan2749" value="CREL"/>
		<feat xlink:href="#sSpan2751" value="APST"/>
		<feat xlink:href="#sSpan2753" value="PPERS"/>
		<feat xlink:href="#sSpan2755" value="V"/>
		<feat xlink:href="#sSpan2757" value="PREP"/>
		<feat xlink:href="#sSpan2761" value="PPOS"/>
		<feat xlink:href="#sSpan2763" value="N"/>
		<feat xlink:href="#sSpan2765" value="CONJ"/>
		<feat xlink:href="#sSpan2771" value="CPRET"/>
		<feat xlink:href="#sSpan2775" value="PPERS"/>
		<feat xlink:href="#sSpan2777" value="V"/>
		<feat xlink:href="#sSpan2779" value="PREP"/>
		<feat xlink:href="#sSpan2783" value="PPERO"/>
		<feat xlink:href="#sSpan2785" value="PREP"/>
		<feat xlink:href="#sSpan2789" value="PPERO"/>
		<feat xlink:href="#sSpan2791" value="PTC"/>
		<feat xlink:href="#sSpan2795" value="PPOS"/>
		<feat xlink:href="#sSpan2798" value="N"/>
		<feat xlink:href="#sSpan2800" value="CONJ"/>
		<feat xlink:href="#sSpan2804" value="PPERS"/>
		<feat xlink:href="#sSpan2806" value="V"/>
		<feat xlink:href="#sSpan2808" value="PREP"/>
		<feat xlink:href="#sSpan2812" value="ART"/>
		<feat xlink:href="#sSpan2814" value="N"/>
		<feat xlink:href="#sSpan2816" value="CCIRC"/>
		<feat xlink:href="#sSpan2820" value="PPERS"/>
		<feat xlink:href="#sSpan2822" value="V"/>
		<feat xlink:href="#sSpan2824" value="PREP"/>
		<feat xlink:href="#sSpan2828" value="PPERO"/>
		<feat xlink:href="#sSpan2830" value="CONJ"/>
		<feat xlink:href="#sSpan2834" value="PPERS"/>
		<feat xlink:href="#sSpan2838" value="V"/>
		<feat xlink:href="#sSpan2840" value="PREP"/>
		<feat xlink:href="#sSpan2844" value="PPERO"/>
		<feat xlink:href="#sSpan2846" value="CONJ"/>
		<feat xlink:href="#sSpan2850" value="PINT"/>
		<feat xlink:href="#sSpan2852" value="COP"/>
		<feat xlink:href="#sSpan2856" value="CREL"/>
		<feat xlink:href="#sSpan2858" value="APST"/>
		<feat xlink:href="#sSpan2860" value="PPERS"/>
		<feat xlink:href="#sSpan2862" value="V"/>
		<feat xlink:href="#sSpan2864" value="PREP"/>
		<feat xlink:href="#sSpan2868" value="PPERO"/>
		<feat xlink:href="#sSpan2870" value="PUNCT"/>
		<feat xlink:href="#sSpan2874" value="CONJ"/>
		<feat xlink:href="#sSpan2880" value="CPRET"/>
		<feat xlink:href="#sSpan2884" value="PPERS"/>
		<feat xlink:href="#sSpan2886" value="V"/>
		<feat xlink:href="#sSpan2888" value="COP"/>
		<feat xlink:href="#sSpan2892" value="PREP"/>
		<feat xlink:href="#sSpan2896" value="V"/>
		<feat xlink:href="#sSpan2898" value="PREP"/>
		<feat xlink:href="#sSpan2902" value="PDEM"/>
		<feat xlink:href="#sSpan2904" value="CREL"/>
		<feat xlink:href="#sSpan2908" value="APST"/>
		<feat xlink:href="#sSpan2910" value="PPERS"/>
		<feat xlink:href="#sSpan2912" value="V"/>
		<feat xlink:href="#sSpan2914" value="PDEM"/>
		<feat xlink:href="#sSpan2916" value="ART"/>
		<feat xlink:href="#sSpan2922" value="N"/>
		<feat xlink:href="#sSpan2925" value="PTC"/>
		<feat xlink:href="#sSpan2929" value="CFOC"/>
		<feat xlink:href="#sSpan2933" value="APST"/>
		<feat xlink:href="#sSpan2935" value="PPERS"/>
		<feat xlink:href="#sSpan2938" value="V"/>
		<feat xlink:href="#sSpan2941" value="CONJ"/>
		<feat xlink:href="#sSpan2945" value="APST"/>
		<feat xlink:href="#sSpan2949" value="PPERS"/>
		<feat xlink:href="#sSpan2951" value="V"/>
		<feat xlink:href="#sSpan2953" value="CCIRC"/>
		<feat xlink:href="#sSpan2957" value="PPERS"/>
		<feat xlink:href="#sSpan2959" value="V"/>
		<feat xlink:href="#sSpan2961" value="PREP"/>
		<feat xlink:href="#sSpan2965" value="PDEM"/>
		<feat xlink:href="#sSpan2967" value="CREL"/>
		<feat xlink:href="#sSpan2971" value="APST"/>
		<feat xlink:href="#sSpan2973" value="PPERS"/>
		<feat xlink:href="#sSpan2975" value="V"/>
		<feat xlink:href="#sSpan2977" value="PREP"/>
		<feat xlink:href="#sSpan2981" value="PPERO"/>
		<feat xlink:href="#sSpan2983" value="APST"/>
		<feat xlink:href="#sSpan2987" value="PPERS"/>
		<feat xlink:href="#sSpan2989" value="V"/>
		<feat xlink:href="#sSpan2991" value="CONJ"/>
		<feat xlink:href="#sSpan2995" value="APST"/>
		<feat xlink:href="#sSpan2999" value="PPERS"/>
		<feat xlink:href="#sSpan3001" value="V"/>
		<feat xlink:href="#sSpan3003" value="PPERO"/>
		<feat xlink:href="#sSpan3005" value="ADV"/>
		<feat xlink:href="#sSpan3009" value="PREP"/>
		<feat xlink:href="#sSpan3013" value="PPERO"/>
		<feat xlink:href="#sSpan3015" value="CONJ"/>
		<feat xlink:href="#sSpan3019" value="APST"/>
		<feat xlink:href="#sSpan3023" value="PPERS"/>
		<feat xlink:href="#sSpan3025" value="CONJ"/>
		<feat xlink:href="#sSpan3027" value="ART"/>
		<feat xlink:href="#sSpan3030" value="N"/>
		<feat xlink:href="#sSpan3033" value="IMOD"/>
		<feat xlink:href="#sSpan3037" value="PPERO"/>
		<feat xlink:href="#sSpan3039" value="PREP"/>
		<feat xlink:href="#sSpan3043" value="PPERO"/>
		<feat xlink:href="#sSpan3045" value="PPERI"/>
		<feat xlink:href="#sSpan3052" value="PTC"/>
		<feat xlink:href="#sSpan3056" value="VBD"/>
		<feat xlink:href="#sSpan3060" value="PPERS"/>
		<feat xlink:href="#sSpan3062" value="PREP"/>
		<feat xlink:href="#sSpan3066" value="PPERO"/>
		<feat xlink:href="#sSpan3068" value="CONJ"/>
		<feat xlink:href="#sSpan3072" value="PPOS"/>
		<feat xlink:href="#sSpan3074" value="N"/>
		<feat xlink:href="#sSpan3076" value="PPOS"/>
		<feat xlink:href="#sSpan3080" value="N"/>
		<feat xlink:href="#sSpan3082" value="COP"/>
		<feat xlink:href="#sSpan3086" value="CREL"/>
		<feat xlink:href="#sSpan3088" value="APST"/>
		<feat xlink:href="#sSpan3090" value="PPERS"/>
		<feat xlink:href="#sSpan3092" value="V"/>
		<feat xlink:href="#sSpan3094" value="PPERO"/>
		<feat xlink:href="#sSpan3096" value="VIMP"/>
		<feat xlink:href="#sSpan3100" value="PREP"/>
		<feat xlink:href="#sSpan3104" value="PPERO"/>
		<feat xlink:href="#sSpan3106" value="PREP"/>
		<feat xlink:href="#sSpan3110" value="ART"/>
		<feat xlink:href="#sSpan3113" value="N"/>
		<feat xlink:href="#sSpan3115" value="CONJ"/>
		<feat xlink:href="#sSpan3119" value="V"/>
		<feat xlink:href="#sSpan3123" value="PREP"/>
		<feat xlink:href="#sSpan3127" value="ART"/>
		<feat xlink:href="#sSpan3129" value="N"/>
		<feat xlink:href="#sSpan3131" value="ADV"/>
		<feat xlink:href="#sSpan3136" value="PREP"/>
		<feat xlink:href="#sSpan3140" value="PPOS"/>
		<feat xlink:href="#sSpan3143" value="N"/>
		<feat xlink:href="#sSpan3145" value="PUNCT"/>
		<feat xlink:href="#sSpan3150" value="ADV"/>
		<feat xlink:href="#sSpan3156" value="CCIRC"/>
		<feat xlink:href="#sSpan3160" value="PPERS"/>
		<feat xlink:href="#sSpan3162" value="V"/>
		<feat xlink:href="#sSpan3164" value="APST"/>
		<feat xlink:href="#sSpan3168" value="PPERS"/>
		<feat xlink:href="#sSpan3170" value="V"/>
		<feat xlink:href="#sSpan3172" value="PREP"/>
		<feat xlink:href="#sSpan3176" value="ART"/>
		<feat xlink:href="#sSpan3179" value="N"/>
		<feat xlink:href="#sSpan3181" value="CCIRC"/>
		<feat xlink:href="#sSpan3185" value="PPERS"/>
		<feat xlink:href="#sSpan3187" value="V"/>
		<feat xlink:href="#sSpan3189" value="PREP"/>
		<feat xlink:href="#sSpan3193" value="PPERO"/>
		<feat xlink:href="#sSpan3195" value="CONJ"/>
		<feat xlink:href="#sSpan3199" value="APST"/>
		<feat xlink:href="#sSpan3201" value="PPOS"/>
		<feat xlink:href="#sSpan3203" value="N"/>
		<feat xlink:href="#sSpan3205" value="V"/>
		<feat xlink:href="#sSpan3209" value="PREP"/>
		<feat xlink:href="#sSpan3213" value="PPERO"/>
		<feat xlink:href="#sSpan3215" value="CCIRC"/>
		<feat xlink:href="#sSpan3219" value="PPERS"/>
		<feat xlink:href="#sSpan3222" value="V"/>
		<feat xlink:href="#sSpan3225" value="PREP"/>
		<feat xlink:href="#sSpan3229" value="ART"/>
		<feat xlink:href="#sSpan3232" value="N"/>
		<feat xlink:href="#sSpan3237" value="NPROP"/>
		<feat xlink:href="#sSpan3244" value="PTC"/>
		<feat xlink:href="#sSpan3248" value="APREC"/>
		<feat xlink:href="#sSpan3252" value="APST"/>
		<feat xlink:href="#sSpan3254" value="PPERS"/>
		<feat xlink:href="#sSpan3256" value="V"/>
		<feat xlink:href="#sSpan3258" value="PREP"/>
		<feat xlink:href="#sSpan3262" value="ART"/>
		<feat xlink:href="#sSpan3264" value="N"/>
		<feat xlink:href="#sSpan3266" value="CREL"/>
		<feat xlink:href="#sSpan3270" value="PPERS"/>
		<feat xlink:href="#sSpan3272" value="V"/>
		<feat xlink:href="#sSpan3274" value="PREP"/>
		<feat xlink:href="#sSpan3278" value="PPERO"/>
		<feat xlink:href="#sSpan3280" value="VBD"/>
		<feat xlink:href="#sSpan3284" value="PPERS"/>
		<feat xlink:href="#sSpan3286" value="PREP"/>
		<feat xlink:href="#sSpan3290" value="ART"/>
		<feat xlink:href="#sSpan3293" value="N"/>
		<feat xlink:href="#sSpan3295" value="CONJ"/>
		<feat xlink:href="#sSpan3299" value="NEG"/>
		<feat xlink:href="#sSpan3302" value="V"/>
		<feat xlink:href="#sSpan3306" value="ADV"/>
		<feat xlink:href="#sSpan3310" value="V"/>
		<feat xlink:href="#sSpan3314" value="CONJ"/>
		<feat xlink:href="#sSpan3320" value="ANEGPST"/>
		<feat xlink:href="#sSpan3324" value="PPERS"/>
		<feat xlink:href="#sSpan3326" value="V"/>
		<feat xlink:href="#sSpan3328" value="N"/>
		<feat xlink:href="#sSpan3330" value="PREP"/>
		<feat xlink:href="#sSpan3334" value="PPERO"/>
		<feat xlink:href="#sSpan3336" value="CCIRC"/>
		<feat xlink:href="#sSpan3340" value="PPERS"/>
		<feat xlink:href="#sSpan3342" value="V"/>
		<feat xlink:href="#sSpan3344" value="PREP"/>
		<feat xlink:href="#sSpan3348" value="PPERO"/>
		<feat xlink:href="#sSpan3350" value="ADV"/>
		<feat xlink:href="#sSpan3355" value="PREP"/>
		<feat xlink:href="#sSpan3360" value="NPROP"/>
		<feat xlink:href="#sSpan3362" value="PREP"/>
		<feat xlink:href="#sSpan3367" value="NPROP"/>
		<feat xlink:href="#sSpan3369" value="PREP"/>
		<feat xlink:href="#sSpan3373" value="NPROP"/>
		<feat xlink:href="#sSpan3375" value="ART"/>
		<feat xlink:href="#sSpan3379" value="N"/>
		<feat xlink:href="#sSpan3381" value="PREP"/>
		<feat xlink:href="#sSpan3386" value="NPROP"/>
		<feat xlink:href="#sSpan3388" value="CONJ"/>
		<feat xlink:href="#sSpan3394" value="APST"/>
		<feat xlink:href="#sSpan3398" value="PPERS"/>
		<feat xlink:href="#sSpan3400" value="V"/>
		<feat xlink:href="#sSpan3402" value="PREP"/>
		<feat xlink:href="#sSpan3406" value="ART"/>
		<feat xlink:href="#sSpan3408" value="N"/>
		<feat xlink:href="#sSpan3410" value="PREP"/>
		<feat xlink:href="#sSpan3414" value="ART"/>
		<feat xlink:href="#sSpan3417" value="N"/>
		<feat xlink:href="#sSpan3419" value="CONJ"/>
		<feat xlink:href="#sSpan3423" value="APST"/>
		<feat xlink:href="#sSpan3427" value="PPERS"/>
		<feat xlink:href="#sSpan3429" value="V"/>
		<feat xlink:href="#sSpan3431" value="PREP"/>
		<feat xlink:href="#sSpan3435" value="PPERO"/>
		<feat xlink:href="#sSpan3437" value="CCIRC"/>
		<feat xlink:href="#sSpan3441" value="PPERS"/>
		<feat xlink:href="#sSpan3443" value="V"/>
		<feat xlink:href="#sSpan3445" value="CONJ"/>
		<feat xlink:href="#sSpan3449" value="CCIRC"/>
		<feat xlink:href="#sSpan3453" value="PPERS"/>
		<feat xlink:href="#sSpan3455" value="V"/>
		<feat xlink:href="#sSpan3457" value="CONJ"/>
		<feat xlink:href="#sSpan3461" value="CCIRC"/>
		<feat xlink:href="#sSpan3465" value="PPERS"/>
		<feat xlink:href="#sSpan3467" value="V"/>
		<feat xlink:href="#sSpan3469" value="PREP"/>
		<feat xlink:href="#sSpan3473" value="ART"/>
		<feat xlink:href="#sSpan3475" value="N"/>
		<feat xlink:href="#sSpan3477" value="PUNCT"/>
		<feat xlink:href="#sSpan3481" value="CONJ"/>
		<feat xlink:href="#sSpan3487" value="APREC"/>
		<feat xlink:href="#sSpan3491" value="APST"/>
		<feat xlink:href="#sSpan3493" value="PPERS"/>
		<feat xlink:href="#sSpan3495" value="V"/>
		<feat xlink:href="#sSpan3497" value="ADV"/>
		<feat xlink:href="#sSpan3501" value="VBD"/>
		<feat xlink:href="#sSpan3505" value="PPERS"/>
		<feat xlink:href="#sSpan3507" value="PREP"/>
		<feat xlink:href="#sSpan3511" value="PPERO"/>
		<feat xlink:href="#sSpan3513" value="CONJ"/>
		<feat xlink:href="#sSpan3517" value="PREP"/>
		<feat xlink:href="#sSpan3519" value="PINT"/>
		<feat xlink:href="#sSpan3521" value="PPERS"/>
		<feat xlink:href="#sSpan3525" value="V"/>
		<feat xlink:href="#sSpan3527" value="CONJ"/>
		<feat xlink:href="#sSpan3531" value="PPERS"/>
		<feat xlink:href="#sSpan3535" value="V"/>
		<feat xlink:href="#sSpan3537" value="ANEGPST"/>
		<feat xlink:href="#sSpan3541" value="PPERS"/>
		<feat xlink:href="#sSpan3543" value="V"/>
		<feat xlink:href="#sSpan3545" value="PTC"/>
		<feat xlink:href="#sSpan3549" value="ART"/>
		<feat xlink:href="#sSpan3551" value="N"/>
		<feat xlink:href="#sSpan3554" value="CONJ"/>
		<feat xlink:href="#sSpan3558" value="APST"/>
		<feat xlink:href="#sSpan3562" value="PPERS"/>
		<feat xlink:href="#sSpan3564" value="V"/>
		<feat xlink:href="#sSpan3566" value="CONJ"/>
		<feat xlink:href="#sSpan3572" value="CPRET"/>
		<feat xlink:href="#sSpan3576" value="PPERS"/>
		<feat xlink:href="#sSpan3578" value="V"/>
		<feat xlink:href="#sSpan3580" value="PREP"/>
		<feat xlink:href="#sSpan3584" value="PPERO"/>
		<feat xlink:href="#sSpan3586" value="PPERI"/>
		<feat xlink:href="#sSpan3591" value="PTC"/>
		<feat xlink:href="#sSpan3595" value="APREC"/>
		<feat xlink:href="#sSpan3599" value="APST"/>
		<feat xlink:href="#sSpan3601" value="PPERS"/>
		<feat xlink:href="#sSpan3603" value="V"/>
		<feat xlink:href="#sSpan3605" value="ART"/>
		<feat xlink:href="#sSpan3610" value="N"/>
		<feat xlink:href="#sSpan3613" value="ADV"/>
		<feat xlink:href="#sSpan3617" value="APST"/>
		<feat xlink:href="#sSpan3621" value="PPERS"/>
		<feat xlink:href="#sSpan3623" value="V"/>
		<feat xlink:href="#sSpan3625" value="PREP"/>
		<feat xlink:href="#sSpan3629" value="PPERO"/>
		<feat xlink:href="#sSpan3631" value="PREP"/>
		<feat xlink:href="#sSpan3635" value="ART"/>
		<feat xlink:href="#sSpan3637" value="N"/>
		<feat xlink:href="#sSpan3639" value="PREP"/>
		<feat xlink:href="#sSpan3643" value="ART"/>
		<feat xlink:href="#sSpan3645" value="N"/>
		<feat xlink:href="#sSpan3647" value="PREP"/>
		<feat xlink:href="#sSpan3651" value="PPOS"/>
		<feat xlink:href="#sSpan3653" value="N"/>
		<feat xlink:href="#sSpan3655" value="PREP"/>
		<feat xlink:href="#sSpan3659" value="PDEM"/>
		<feat xlink:href="#sSpan3661" value="CREL"/>
		<feat xlink:href="#sSpan3665" value="PREP"/>
		<feat xlink:href="#sSpan3667" value="PPERO"/>
		<feat xlink:href="#sSpan3669" value="CONJ"/>
		<feat xlink:href="#sSpan3673" value="APST"/>
		<feat xlink:href="#sSpan3677" value="PPERS"/>
		<feat xlink:href="#sSpan3679" value="V"/>
		<feat xlink:href="#sSpan3681" value="PREP"/>
		<feat xlink:href="#sSpan3685" value="PPERO"/>
		<feat xlink:href="#sSpan3687" value="ADV"/>
		<feat xlink:href="#sSpan3691" value="PREP"/>
		<feat xlink:href="#sSpan3695" value="ART"/>
		<feat xlink:href="#sSpan3697" value="N"/>
		<feat xlink:href="#sSpan3699" value="CCIRC"/>
		<feat xlink:href="#sSpan3703" value="CPRET"/>
		<feat xlink:href="#sSpan3705" value="PPERS"/>
		<feat xlink:href="#sSpan3707" value="N"/>
		<feat xlink:href="#sSpan3709" value="VSTAT"/>
		<feat xlink:href="#sSpan3713" value="PREP"/>
		<feat xlink:href="#sSpan3717" value="PPERO"/>
		<feat xlink:href="#sSpan3719" value="PUNCT"/>
		<feat xlink:href="#sSpan3723" value="CONJ"/>
		<feat xlink:href="#sSpan3729" value="APREC"/>
		<feat xlink:href="#sSpan3733" value="APST"/>
		<feat xlink:href="#sSpan3735" value="PPERS"/>
		<feat xlink:href="#sSpan3737" value="V"/>
		<feat xlink:href="#sSpan3739" value="PREP"/>
		<feat xlink:href="#sSpan3743" value="ART"/>
		<feat xlink:href="#sSpan3745" value="N"/>
		<feat xlink:href="#sSpan3747" value="PREP"/>
		<feat xlink:href="#sSpan3751" value="ART"/>
		<feat xlink:href="#sSpan3753" value="N"/>
		<feat xlink:href="#sSpan3755" value="VBD"/>
		<feat xlink:href="#sSpan3759" value="PPERS"/>
		<feat xlink:href="#sSpan3761" value="PREP"/>
		<feat xlink:href="#sSpan3765" value="PPERO"/>
		<feat xlink:href="#sSpan3767" value="CONJ"/>
		<feat xlink:href="#sSpan3771" value="NPROP"/>
		<feat xlink:href="#sSpan3774" value="FM"/>
		<feat xlink:href="#sSpan3778" value="CREL"/>
		<feat xlink:href="#sSpan3782" value="PDEM"/>
		<feat xlink:href="#sSpan3784" value="COP"/>
		<feat xlink:href="#sSpan3788" value="CONJ"/>
		<feat xlink:href="#sSpan3792" value="ART"/>
		<feat xlink:href="#sSpan3794" value="N"/>
		<feat xlink:href="#sSpan3796" value="APST"/>
		<feat xlink:href="#sSpan3800" value="PPERO"/>
		<feat xlink:href="#sSpan3802" value="V"/>
		<feat xlink:href="#sSpan3804" value="PREP_PPERO"/>
		<feat xlink:href="#sSpan3808" value="V"/>
		<feat xlink:href="#sSpan3812" value="PPERO"/>
		<feat xlink:href="#sSpan3814" value="CONJ"/>
		<feat xlink:href="#sSpan3820" value="IMOD"/>
		<feat xlink:href="#sSpan3824" value="PPERO"/>
		<feat xlink:href="#sSpan3826" value="APST"/>
		<feat xlink:href="#sSpan3830" value="PPERS"/>
		<feat xlink:href="#sSpan3832" value="V"/>
		<feat xlink:href="#sSpan3834" value="PPERO"/>
		<feat xlink:href="#sSpan3836" value="PTC"/>
		<feat xlink:href="#sSpan3840" value="ART"/>
		<feat xlink:href="#sSpan3842" value="N"/>
		<feat xlink:href="#sSpan3844" value="CONJ"/>
		<feat xlink:href="#sSpan3848" value="APST"/>
		<feat xlink:href="#sSpan3852" value="PPERS"/>
		<feat xlink:href="#sSpan3854" value="V"/>
		<feat xlink:href="#sSpan3856" value="PREP"/>
		<feat xlink:href="#sSpan3860" value="PPERO"/>
		<feat xlink:href="#sSpan3862" value="PREP"/>
		<feat xlink:href="#sSpan3866" value="NUM"/>
		<feat xlink:href="#sSpan3869" value="PTC"/>
		<feat xlink:href="#sSpan3873" value="PREP"/>
		<feat xlink:href="#sSpan3877" value="N"/>
		<feat xlink:href="#sSpan3879" value="COP"/>
		<feat xlink:href="#sSpan3883" value="CONJ"/>
		<feat xlink:href="#sSpan3887" value="CPRET"/>
		<feat xlink:href="#sSpan3891" value="PPERS"/>
		<feat xlink:href="#sSpan3894" value="V"/>
		<feat xlink:href="#sSpan3897" value="IMOD"/>
		<feat xlink:href="#sSpan3901" value="PPERO"/>
		<feat xlink:href="#sSpan3903" value="COP"/>
		<feat xlink:href="#sSpan3907" value="PREP"/>
		<feat xlink:href="#sSpan3911" value="ART"/>
		<feat xlink:href="#sSpan3913" value="N"/>
		<feat xlink:href="#sSpan3915" value="PREP"/>
		<feat xlink:href="#sSpan3919" value="N"/>
		<feat xlink:href="#sSpan3921" value="CONJ"/>
		<feat xlink:href="#sSpan3927" value="APST"/>
		<feat xlink:href="#sSpan3931" value="PPERS"/>
		<feat xlink:href="#sSpan3933" value="V"/>
		<feat xlink:href="#sSpan3935" value="PREP"/>
		<feat xlink:href="#sSpan3939" value="PPERO"/>
		<feat xlink:href="#sSpan3941" value="PREP"/>
		<feat xlink:href="#sSpan3945" value="ART"/>
		<feat xlink:href="#sSpan3947" value="N"/>
		<feat xlink:href="#sSpan3950" value="CONJ"/>
		<feat xlink:href="#sSpan3954" value="ACONJ"/>
		<feat xlink:href="#sSpan3958" value="NEG"/>
		<feat xlink:href="#sSpan3960" value="N"/>
		<feat xlink:href="#sSpan3962" value="V"/>
		<feat xlink:href="#sSpan3966" value="PREP"/>
		<feat xlink:href="#sSpan3970" value="PDEM"/>
		<feat xlink:href="#sSpan3972" value="CONJ"/>
		<feat xlink:href="#sSpan3976" value="APST"/>
		<feat xlink:href="#sSpan3980" value="PPERS"/>
		<feat xlink:href="#sSpan3982" value="V"/>
		<feat xlink:href="#sSpan3984" value="PPERO"/>
		<feat xlink:href="#sSpan3986" value="ACONJ"/>
		<feat xlink:href="#sSpan3990" value="PPERS"/>
		<feat xlink:href="#sSpan3993" value="V"/>
		<feat xlink:href="#sSpan3996" value="PREP"/>
		<feat xlink:href="#sSpan4000" value="PPERO"/>
		<feat xlink:href="#sSpan4002" value="PUNCT"/></featList></paula>