<?xml version='1.0' encoding='UTF-8'?><!DOCTYPE paula SYSTEM "paula_feat.dtd">
<paula version="1.1">
	<header paula_id="scriptorium.bohairic.Mark_05.mark_multiword"/>
	<featList xmlns:xlink="http://www.w3.org/1999/xlink" type="multiword" xml:base="scriptorium.bohairic.Mark_05.mark.xml">
		<feat xlink:href="#sSpan433" value="ⲱϣ ⲉⲃⲟⲗ"/>
		<feat xlink:href="#sSpan543" value="ⲱϣ ⲉⲃⲟⲗ"/>
		<feat xlink:href="#sSpan1733" value="ⲉ ⲁ"/>
		<feat xlink:href="#sSpan2628" value="ⲉⲃⲟⲗ ϩⲁ"/>
		<feat xlink:href="#sSpan3135" value="ⲉⲃⲟⲗ ϩⲁ"/>
		<feat xlink:href="#sSpan3354" value="ⲉⲃⲏⲗ ⲉ"/></featList></paula>