<?xml version='1.0' encoding='UTF-8'?><!DOCTYPE paula SYSTEM "paula_feat.dtd">
<paula version="1.1">
	<header paula_id="scriptorium.1Cor_02.mark_entity"/>
	<featList xmlns:xlink="http://www.w3.org/1999/xlink" type="entity" xml:base="scriptorium.1Cor_02.mark.xml">
		<feat xlink:href="#sSpan37" value="person"/>
		<feat xlink:href="#sSpan58" value="abstract"/>
		<feat xlink:href="#sSpan71" value="abstract"/>
		<feat xlink:href="#sSpan84" value="abstract"/>
		<feat xlink:href="#sSpan105" value="abstract"/>
		<feat xlink:href="#sSpan116" value="person"/>
		<feat xlink:href="#sSpan156" value="abstract"/>
		<feat xlink:href="#sSpan171" value="person"/>
		<feat xlink:href="#sSpan245" value="abstract"/>
		<feat xlink:href="#sSpan261" value="abstract"/>
		<feat xlink:href="#sSpan274" value="abstract"/>
		<feat xlink:href="#sSpan301" value="abstract"/>
		<feat xlink:href="#sSpan312" value="abstract"/>
		<feat xlink:href="#sSpan337" value="abstract"/>
		<feat xlink:href="#sSpan348" value="abstract"/>
		<feat xlink:href="#sSpan355" value="abstract"/>
		<feat xlink:href="#sSpan371" value="event"/>
		<feat xlink:href="#sSpan386" value="abstract"/>
		<feat xlink:href="#sSpan393" value="abstract"/>
		<feat xlink:href="#sSpan413" value="abstract"/>
		<feat xlink:href="#sSpan427" value="abstract"/>
		<feat xlink:href="#sSpan438" value="abstract"/>
		<feat xlink:href="#sSpan456" value="abstract"/>
		<feat xlink:href="#sSpan465" value="person"/>
		<feat xlink:href="#sSpan496" value="abstract"/>
		<feat xlink:href="#sSpan506" value="time"/>
		<feat xlink:href="#sSpan514" value="abstract"/>
		<feat xlink:href="#sSpan531" value="abstract"/>
		<feat xlink:href="#sSpan534" value="time"/>
		<feat xlink:href="#sSpan557" value="abstract"/>
		<feat xlink:href="#sSpan563" value="person"/>
		<feat xlink:href="#sSpan578" value="time"/>
		<feat xlink:href="#sSpan623" value="abstract"/>
		<feat xlink:href="#sSpan633" value="person"/>
		<feat xlink:href="#sSpan642" value="abstract"/>
		<feat xlink:href="#sSpan654" value="abstract"/>
		<feat xlink:href="#sSpan671" value="person"/>
		<feat xlink:href="#sSpan691" value="abstract"/>
		<feat xlink:href="#sSpan700" value="time"/>
		<feat xlink:href="#sSpan710" value="abstract"/>
		<feat xlink:href="#sSpan721" value="abstract"/>
		<feat xlink:href="#sSpan735" value="person"/>
		<feat xlink:href="#sSpan749" value="time"/>
		<feat xlink:href="#sSpan807" value="person"/>
		<feat xlink:href="#sSpan816" value="abstract"/>
		<feat xlink:href="#sSpan855" value="abstract"/>
		<feat xlink:href="#sSpan862" value="object"/>
		<feat xlink:href="#sSpan887" value="object"/>
		<feat xlink:href="#sSpan921" value="abstract"/>
		<feat xlink:href="#sSpan930" value="person"/>
		<feat xlink:href="#sSpan943" value="person"/>
		<feat xlink:href="#sSpan958" value="person"/>
		<feat xlink:href="#sSpan985" value="person"/>
		<feat xlink:href="#sSpan1015" value="abstract"/>
		<feat xlink:href="#sSpan1025" value="abstract"/>
		<feat xlink:href="#sSpan1047" value="abstract"/>
		<feat xlink:href="#sSpan1060" value="abstract"/>
		<feat xlink:href="#sSpan1071" value="person"/>
		<feat xlink:href="#sSpan1082" value="person"/>
		<feat xlink:href="#sSpan1114" value="abstract"/>
		<feat xlink:href="#sSpan1117" value="person"/>
		<feat xlink:href="#sSpan1129" value="abstract"/>
		<feat xlink:href="#sSpan1139" value="person"/>
		<feat xlink:href="#sSpan1156" value="abstract"/>
		<feat xlink:href="#sSpan1171" value="abstract"/>
		<feat xlink:href="#sSpan1180" value="abstract"/>
		<feat xlink:href="#sSpan1183" value="person"/>
		<feat xlink:href="#sSpan1192" value="abstract"/>
		<feat xlink:href="#sSpan1205" value="abstract"/>
		<feat xlink:href="#sSpan1215" value="person"/>
		<feat xlink:href="#sSpan1256" value="abstract"/>
		<feat xlink:href="#sSpan1266" value="place"/>
		<feat xlink:href="#sSpan1283" value="abstract"/>
		<feat xlink:href="#sSpan1299" value="person"/>
		<feat xlink:href="#sSpan1322" value="abstract"/>
		<feat xlink:href="#sSpan1329" value="person"/>
		<feat xlink:href="#sSpan1365" value="abstract"/>
		<feat xlink:href="#sSpan1388" value="abstract"/>
		<feat xlink:href="#sSpan1402" value="abstract"/>
		<feat xlink:href="#sSpan1411" value="abstract"/>
		<feat xlink:href="#sSpan1429" value="abstract"/>
		<feat xlink:href="#sSpan1441" value="abstract"/>
		<feat xlink:href="#sSpan1448" value="abstract"/>
		<feat xlink:href="#sSpan1457" value="abstract"/>
		<feat xlink:href="#sSpan1467" value="person"/>
		<feat xlink:href="#sSpan1479" value="person"/>
		<feat xlink:href="#sSpan1519" value="abstract"/>
		<feat xlink:href="#sSpan1522" value="abstract"/>
		<feat xlink:href="#sSpan1532" value="person"/>
		<feat xlink:href="#sSpan1541" value="abstract"/>
		<feat xlink:href="#sSpan1577" value="abstract"/>
		<feat xlink:href="#sSpan1616" value="person"/>
		<feat xlink:href="#sSpan1654" value="abstract"/>
		<feat xlink:href="#sSpan1678" value="person"/>
		<feat xlink:href="#sSpan1724" value="abstract"/>
		<feat xlink:href="#sSpan1733" value="person"/>
		<feat xlink:href="#sSpan1740" value="person"/>
		<feat xlink:href="#sSpan1751" value="object"/>
		<feat xlink:href="#sSpan1787" value="abstract"/>
		<feat xlink:href="#sSpan1796" value="person"/></featList></paula>