<?xml version='1.0' encoding='UTF-8'?><!DOCTYPE paula SYSTEM "paula_rel.dtd">
<paula version="1.1">
	<header paula_id="scriptorium.1Cor_02.head"/>
	<relList xmlns:xlink="http://www.w3.org/1999/xlink" type="head">
		<rel id="sPointingRel991" xlink:href="scriptorium.1Cor_02.mark.xml#sSpan669" target="scriptorium.1Cor_02.mark.xml#sSpan670"/>
		<rel id="sPointingRel993" xlink:href="scriptorium.1Cor_02.mark.xml#sSpan1455" target="scriptorium.1Cor_02.mark.xml#sSpan1457"/>
		<rel id="sPointingRel995" xlink:href="scriptorium.1Cor_02.mark.xml#sSpan1675" target="scriptorium.1Cor_02.mark.xml#sSpan1673"/>
		<rel id="sPointingRel997" xlink:href="scriptorium.1Cor_02.mark.xml#sSpan1013" target="scriptorium.1Cor_02.mark.xml#sSpan1015"/>
		<rel id="sPointingRel999" xlink:href="scriptorium.1Cor_02.mark.xml#sSpan1730" target="scriptorium.1Cor_02.mark.xml#sSpan1731"/>
		<rel id="sPointingRel1001" xlink:href="scriptorium.1Cor_02.mark.xml#sSpan411" target="scriptorium.1Cor_02.mark.xml#sSpan413"/>
		<rel id="sPointingRel1003" xlink:href="scriptorium.1Cor_02.mark.xml#sSpan1080" target="scriptorium.1Cor_02.mark.xml#sSpan1076"/>
		<rel id="sPointingRel1005" xlink:href="scriptorium.1Cor_02.mark.xml#sSpan698" target="scriptorium.1Cor_02.mark.xml#sSpan700"/>
		<rel id="sPointingRel1007" xlink:href="scriptorium.1Cor_02.mark.xml#sSpan1281" target="scriptorium.1Cor_02.mark.xml#sSpan1283"/>
		<rel id="sPointingRel1009" xlink:href="scriptorium.1Cor_02.mark.xml#sSpan1613" target="scriptorium.1Cor_02.mark.xml#sSpan1623"/>
		<rel id="sPointingRel1011" xlink:href="scriptorium.1Cor_02.mark.xml#sSpan532" target="scriptorium.1Cor_02.mark.xml#sSpan534"/>
		<rel id="sPointingRel1013" xlink:href="scriptorium.1Cor_02.mark.xml#sSpan494" target="scriptorium.1Cor_02.mark.xml#sSpan496"/>
		<rel id="sPointingRel1015" xlink:href="scriptorium.1Cor_02.mark.xml#sSpan384" target="scriptorium.1Cor_02.mark.xml#sSpan382"/>
		<rel id="sPointingRel1017" xlink:href="scriptorium.1Cor_02.mark.xml#sSpan708" target="scriptorium.1Cor_02.mark.xml#sSpan709"/>
		<rel id="sPointingRel1019" xlink:href="scriptorium.1Cor_02.mark.xml#sSpan1264" target="scriptorium.1Cor_02.mark.xml#sSpan1266"/>
		<rel id="sPointingRel1021" xlink:href="scriptorium.1Cor_02.mark.xml#sSpan310" target="scriptorium.1Cor_02.mark.xml#sSpan312"/>
		<rel id="sPointingRel1023" xlink:href="scriptorium.1Cor_02.mark.xml#sSpan733" target="scriptorium.1Cor_02.mark.xml#sSpan731"/>
		<rel id="sPointingRel1025" xlink:href="scriptorium.1Cor_02.mark.xml#sSpan1427" target="scriptorium.1Cor_02.mark.xml#sSpan1429"/>
		<rel id="sPointingRel1027" xlink:href="scriptorium.1Cor_02.mark.xml#sSpan171" target="scriptorium.1Cor_02.mark.xml#sSpan168"/>
		<rel id="sPointingRel1029" xlink:href="scriptorium.1Cor_02.mark.xml#sSpan116" target="scriptorium.1Cor_02.mark.xml#sSpan117"/>
		<rel id="sPointingRel1031" xlink:href="scriptorium.1Cor_02.mark.xml#sSpan621" target="scriptorium.1Cor_02.mark.xml#sSpan623"/>
		<rel id="sPointingRel1033" xlink:href="scriptorium.1Cor_02.mark.xml#sSpan885" target="scriptorium.1Cor_02.mark.xml#sSpan883"/>
		<rel id="sPointingRel1035" xlink:href="scriptorium.1Cor_02.mark.xml#sSpan1327" target="scriptorium.1Cor_02.mark.xml#sSpan1328"/>
		<rel id="sPointingRel1037" xlink:href="scriptorium.1Cor_02.mark.xml#sSpan1137" target="scriptorium.1Cor_02.mark.xml#sSpan1138"/>
		<rel id="sPointingRel1039" xlink:href="scriptorium.1Cor_02.mark.xml#sSpan1386" target="scriptorium.1Cor_02.mark.xml#sSpan1387"/>
		<rel id="sPointingRel1041" xlink:href="scriptorium.1Cor_02.mark.xml#sSpan369" target="scriptorium.1Cor_02.mark.xml#sSpan370"/>
		<rel id="sPointingRel1043" xlink:href="scriptorium.1Cor_02.mark.xml#sSpan1213" target="scriptorium.1Cor_02.mark.xml#sSpan1214"/>
		<rel id="sPointingRel1045" xlink:href="scriptorium.1Cor_02.mark.xml#sSpan941" target="scriptorium.1Cor_02.mark.xml#sSpan942"/>
		<rel id="sPointingRel1047" xlink:href="scriptorium.1Cor_02.mark.xml#sSpan853" target="scriptorium.1Cor_02.mark.xml#sSpan851"/>
		<rel id="sPointingRel1049" xlink:href="scriptorium.1Cor_02.mark.xml#sSpan1297" target="scriptorium.1Cor_02.mark.xml#sSpan1298"/>
		<rel id="sPointingRel1051" xlink:href="scriptorium.1Cor_02.mark.xml#sSpan1058" target="scriptorium.1Cor_02.mark.xml#sSpan1054"/>
		<rel id="sPointingRel1053" xlink:href="scriptorium.1Cor_02.mark.xml#sSpan1651" target="scriptorium.1Cor_02.mark.xml#sSpan1648"/>
		<rel id="sPointingRel1055" xlink:href="scriptorium.1Cor_02.mark.xml#sSpan1748" target="scriptorium.1Cor_02.mark.xml#sSpan1746"/>
		<rel id="sPointingRel1057" xlink:href="scriptorium.1Cor_02.mark.xml#sSpan1530" target="scriptorium.1Cor_02.mark.xml#sSpan1531"/>
		<rel id="sPointingRel1059" xlink:href="scriptorium.1Cor_02.mark.xml#sSpan928" target="scriptorium.1Cor_02.mark.xml#sSpan926"/>
		<rel id="sPointingRel1061" xlink:href="scriptorium.1Cor_02.mark.xml#sSpan1539" target="scriptorium.1Cor_02.mark.xml#sSpan1543"/>
		<rel id="sPointingRel1063" xlink:href="scriptorium.1Cor_02.mark.xml#sSpan1400" target="scriptorium.1Cor_02.mark.xml#sSpan1398"/>
		<rel id="sPointingRel1065" xlink:href="scriptorium.1Cor_02.mark.xml#sSpan631" target="scriptorium.1Cor_02.mark.xml#sSpan632"/>
		<rel id="sPointingRel1067" xlink:href="scriptorium.1Cor_02.mark.xml#sSpan983" target="scriptorium.1Cor_02.mark.xml#sSpan984"/>
		<rel id="sPointingRel1069" xlink:href="scriptorium.1Cor_02.mark.xml#sSpan84" target="scriptorium.1Cor_02.mark.xml#sSpan82"/>
		<rel id="sPointingRel1071" xlink:href="scriptorium.1Cor_02.mark.xml#sSpan1045" target="scriptorium.1Cor_02.mark.xml#sSpan1042"/>
		<rel id="sPointingRel1073" xlink:href="scriptorium.1Cor_02.mark.xml#sSpan71" target="scriptorium.1Cor_02.mark.xml#sSpan69"/>
		<rel id="sPointingRel1075" xlink:href="scriptorium.1Cor_02.mark.xml#sSpan956" target="scriptorium.1Cor_02.mark.xml#sSpan954"/>
		<rel id="sPointingRel1077" xlink:href="scriptorium.1Cor_02.mark.xml#sSpan1181" target="scriptorium.1Cor_02.mark.xml#sSpan1182"/>
		<rel id="sPointingRel1079" xlink:href="scriptorium.1Cor_02.mark.xml#sSpan652" target="scriptorium.1Cor_02.mark.xml#sSpan648"/>
		<rel id="sPointingRel1081" xlink:href="scriptorium.1Cor_02.mark.xml#sSpan504" target="scriptorium.1Cor_02.mark.xml#sSpan506"/>
		<rel id="sPointingRel1083" xlink:href="scriptorium.1Cor_02.mark.xml#sSpan1178" target="scriptorium.1Cor_02.mark.xml#sSpan1176"/>
		<rel id="sPointingRel1085" xlink:href="scriptorium.1Cor_02.mark.xml#sSpan1254" target="scriptorium.1Cor_02.mark.xml#sSpan1256"/>
		<rel id="sPointingRel1087" xlink:href="scriptorium.1Cor_02.mark.xml#sSpan1069" target="scriptorium.1Cor_02.mark.xml#sSpan1070"/>
		<rel id="sPointingRel1089" xlink:href="scriptorium.1Cor_02.mark.xml#sSpan1112" target="scriptorium.1Cor_02.mark.xml#sSpan1110"/>
		<rel id="sPointingRel1091" xlink:href="scriptorium.1Cor_02.mark.xml#sSpan259" target="scriptorium.1Cor_02.mark.xml#sSpan260"/>
		<rel id="sPointingRel1093" xlink:href="scriptorium.1Cor_02.mark.xml#sSpan1203" target="scriptorium.1Cor_02.mark.xml#sSpan1205"/>
		<rel id="sPointingRel1095" xlink:href="scriptorium.1Cor_02.mark.xml#sSpan37" target="scriptorium.1Cor_02.mark.xml#sSpan40"/>
		<rel id="sPointingRel1097" xlink:href="scriptorium.1Cor_02.mark.xml#sSpan1363" target="scriptorium.1Cor_02.mark.xml#sSpan1361"/>
		<rel id="sPointingRel1099" xlink:href="scriptorium.1Cor_02.mark.xml#sSpan58" target="scriptorium.1Cor_02.mark.xml#sSpan59"/>
		<rel id="sPointingRel1101" xlink:href="scriptorium.1Cor_02.mark.xml#sSpan1737" target="scriptorium.1Cor_02.mark.xml#sSpan1733"/>
		<rel id="sPointingRel1103" xlink:href="scriptorium.1Cor_02.mark.xml#sSpan425" target="scriptorium.1Cor_02.mark.xml#sSpan427"/>
		<rel id="sPointingRel1105" xlink:href="scriptorium.1Cor_02.mark.xml#sSpan1320" target="scriptorium.1Cor_02.mark.xml#sSpan1318"/>
		<rel id="sPointingRel1107" xlink:href="scriptorium.1Cor_02.mark.xml#sSpan1721" target="scriptorium.1Cor_02.mark.xml#sSpan1722"/>
		<rel id="sPointingRel1109" xlink:href="scriptorium.1Cor_02.mark.xml#sSpan1784" target="scriptorium.1Cor_02.mark.xml#sSpan1785"/>
		<rel id="sPointingRel1111" xlink:href="scriptorium.1Cor_02.mark.xml#sSpan814" target="scriptorium.1Cor_02.mark.xml#sSpan815"/>
		<rel id="sPointingRel1113" xlink:href="scriptorium.1Cor_02.mark.xml#sSpan1793" target="scriptorium.1Cor_02.mark.xml#sSpan1795"/>
		<rel id="sPointingRel1115" xlink:href="scriptorium.1Cor_02.mark.xml#sSpan272" target="scriptorium.1Cor_02.mark.xml#sSpan273"/>
		<rel id="sPointingRel1117" xlink:href="scriptorium.1Cor_02.mark.xml#sSpan919" target="scriptorium.1Cor_02.mark.xml#sSpan920"/>
		<rel id="sPointingRel1119" xlink:href="scriptorium.1Cor_02.mark.xml#sSpan689" target="scriptorium.1Cor_02.mark.xml#sSpan690"/>
		<rel id="sPointingRel1121" xlink:href="scriptorium.1Cor_02.mark.xml#sSpan1169" target="scriptorium.1Cor_02.mark.xml#sSpan1170"/>
		<rel id="sPointingRel1123" xlink:href="scriptorium.1Cor_02.mark.xml#sSpan463" target="scriptorium.1Cor_02.mark.xml#sSpan464"/>
		<rel id="sPointingRel1125" xlink:href="scriptorium.1Cor_02.mark.xml#sSpan805" target="scriptorium.1Cor_02.mark.xml#sSpan806"/>
		<rel id="sPointingRel1127" xlink:href="scriptorium.1Cor_02.mark.xml#sSpan1190" target="scriptorium.1Cor_02.mark.xml#sSpan1188"/>
		<rel id="sPointingRel1129" xlink:href="scriptorium.1Cor_02.mark.xml#sSpan1465" target="scriptorium.1Cor_02.mark.xml#sSpan1467"/>
		<rel id="sPointingRel1131" xlink:href="scriptorium.1Cor_02.mark.xml#sSpan512" target="scriptorium.1Cor_02.mark.xml#sSpan514"/>
		<rel id="sPointingRel1133" xlink:href="scriptorium.1Cor_02.mark.xml#sSpan299" target="scriptorium.1Cor_02.mark.xml#sSpan302"/>
		<rel id="sPointingRel1135" xlink:href="scriptorium.1Cor_02.mark.xml#sSpan1023" target="scriptorium.1Cor_02.mark.xml#sSpan1027"/>
		<rel id="sPointingRel1137" xlink:href="scriptorium.1Cor_02.mark.xml#sSpan576" target="scriptorium.1Cor_02.mark.xml#sSpan578"/>
		<rel id="sPointingRel1139" xlink:href="scriptorium.1Cor_02.mark.xml#sSpan1154" target="scriptorium.1Cor_02.mark.xml#sSpan1152"/>
		<rel id="sPointingRel1141" xlink:href="scriptorium.1Cor_02.mark.xml#sSpan1439" target="scriptorium.1Cor_02.mark.xml#sSpan1437"/>
		<rel id="sPointingRel1143" xlink:href="scriptorium.1Cor_02.mark.xml#sSpan156" target="scriptorium.1Cor_02.mark.xml#sSpan154"/>
		<rel id="sPointingRel1145" xlink:href="scriptorium.1Cor_02.mark.xml#sSpan747" target="scriptorium.1Cor_02.mark.xml#sSpan749"/>
		<rel id="sPointingRel1147" xlink:href="scriptorium.1Cor_02.mark.xml#sSpan454" target="scriptorium.1Cor_02.mark.xml#sSpan455"/>
		<rel id="sPointingRel1149" xlink:href="scriptorium.1Cor_02.mark.xml#sSpan640" target="scriptorium.1Cor_02.mark.xml#sSpan642"/>
		<rel id="sPointingRel1151" xlink:href="scriptorium.1Cor_02.mark.xml#sSpan561" target="scriptorium.1Cor_02.mark.xml#sSpan559"/>
		<rel id="sPointingRel1153" xlink:href="scriptorium.1Cor_02.mark.xml#sSpan1409" target="scriptorium.1Cor_02.mark.xml#sSpan1407"/>
		<rel id="sPointingRel1155" xlink:href="scriptorium.1Cor_02.mark.xml#sSpan105" target="scriptorium.1Cor_02.mark.xml#sSpan107"/>
		<rel id="sPointingRel1157" xlink:href="scriptorium.1Cor_02.mark.xml#sSpan529" target="scriptorium.1Cor_02.mark.xml#sSpan527"/>
		<rel id="sPointingRel1159" xlink:href="scriptorium.1Cor_02.mark.xml#sSpan1115" target="scriptorium.1Cor_02.mark.xml#sSpan1116"/>
		<rel id="sPointingRel1161" xlink:href="scriptorium.1Cor_02.mark.xml#sSpan245" target="scriptorium.1Cor_02.mark.xml#sSpan247"/>
		<rel id="sPointingRel1163" xlink:href="scriptorium.1Cor_02.mark.xml#sSpan391" target="scriptorium.1Cor_02.mark.xml#sSpan389"/>
		<rel id="sPointingRel1165" xlink:href="scriptorium.1Cor_02.mark.xml#sSpan335" target="scriptorium.1Cor_02.mark.xml#sSpan337"/>
		<rel id="sPointingRel1167" xlink:href="scriptorium.1Cor_02.mark.xml#sSpan346" target="scriptorium.1Cor_02.mark.xml#sSpan344"/>
		<rel id="sPointingRel1169" xlink:href="scriptorium.1Cor_02.mark.xml#sSpan353" target="scriptorium.1Cor_02.mark.xml#sSpan351"/>
		<rel id="sPointingRel1171" xlink:href="scriptorium.1Cor_02.mark.xml#sSpan555" target="scriptorium.1Cor_02.mark.xml#sSpan553"/>
		<rel id="sPointingRel1173" xlink:href="scriptorium.1Cor_02.mark.xml#sSpan1446" target="scriptorium.1Cor_02.mark.xml#sSpan1447"/>
		<rel id="sPointingRel1175" xlink:href="scriptorium.1Cor_02.mark.xml#sSpan1477" target="scriptorium.1Cor_02.mark.xml#sSpan1484"/>
		<rel id="sPointingRel1177" xlink:href="scriptorium.1Cor_02.mark.xml#sSpan719" target="scriptorium.1Cor_02.mark.xml#sSpan715"/>
		<rel id="sPointingRel1179" xlink:href="scriptorium.1Cor_02.mark.xml#sSpan1517" target="scriptorium.1Cor_02.mark.xml#sSpan1515"/>
		<rel id="sPointingRel1181" xlink:href="scriptorium.1Cor_02.mark.xml#sSpan860" target="scriptorium.1Cor_02.mark.xml#sSpan858"/>
		<rel id="sPointingRel1183" xlink:href="scriptorium.1Cor_02.mark.xml#sSpan1520" target="scriptorium.1Cor_02.mark.xml#sSpan1522"/>
		<rel id="sPointingRel1185" xlink:href="scriptorium.1Cor_02.mark.xml#sSpan436" target="scriptorium.1Cor_02.mark.xml#sSpan434"/>
		<rel id="sPointingRel1187" xlink:href="scriptorium.1Cor_02.mark.xml#sSpan1127" target="scriptorium.1Cor_02.mark.xml#sSpan1129"/></relList></paula>