<?xml version='1.0' encoding='UTF-8'?><!DOCTYPE paula SYSTEM "paula_feat.dtd">
<paula version="1.1">
	<header paula_id="scriptorium.1Cor_02.mark_orig"/>
	<featList xmlns:xlink="http://www.w3.org/1999/xlink" type="orig" xml:base="scriptorium.1Cor_02.mark.xml">
		<feat xlink:href="#sSpan2" value="ⲁⲛⲟⲕ"/>
		<feat xlink:href="#sSpan15" value="ⲇⲉ"/>
		<feat xlink:href="#sSpan19" value="ϩⲱ"/>
		<feat xlink:href="#sSpan23" value="ⲛⲧⲉⲣ"/>
		<feat xlink:href="#sSpan27" value="ⲓ"/>
		<feat xlink:href="#sSpan29" value="ⲉⲓ"/>
		<feat xlink:href="#sSpan31" value="ϣⲁⲣⲱ"/>
		<feat xlink:href="#sSpan35" value="ⲧⲛ"/>
		<feat xlink:href="#sSpan37" value="ⲛⲁ"/>
		<feat xlink:href="#sSpan42" value="ⲥⲛⲏⲩ"/>
		<feat xlink:href="#sSpan44" value="ⲛⲧ"/>
		<feat xlink:href="#sSpan48" value="ⲁ"/>
		<feat xlink:href="#sSpan50" value="ⲓ"/>
		<feat xlink:href="#sSpan52" value="ⲉⲓ"/>
		<feat xlink:href="#sSpan54" value="ϩⲛ"/>
		<feat xlink:href="#sSpan58" value="ⲟⲩ"/>
		<feat xlink:href="#sSpan61" value="ϫⲓⲥⲉ"/>
		<feat xlink:href="#sSpan63" value="ⲁⲛ"/>
		<feat xlink:href="#sSpan67" value="ⲛ"/>
		<feat xlink:href="#sSpan71" value="ϣⲁϫⲉ"/>
		<feat xlink:href="#sSpan75" value="ⲏ"/>
		<feat xlink:href="#sSpan79" value="ⲛ"/>
		<feat xlink:href="#sSpan84" value="ⲥⲟⲫⲓⲁ"/>
		<feat xlink:href="#sSpan87" value="ⲉ"/>
		<feat xlink:href="#sSpan91" value="ⲓ"/>
		<feat xlink:href="#sSpan93" value="ϫⲱ"/>
		<feat xlink:href="#sSpan95" value="ⲉⲣⲱ"/>
		<feat xlink:href="#sSpan99" value="ⲧⲛ"/>
		<feat xlink:href="#sSpan101" value="ⲛ"/>
		<feat xlink:href="#sSpan105" value="ⲧ"/>
		<feat xlink:href="#sSpan109" value="ⲙⲛⲧⲙⲛⲧⲣⲉ"/>
		<feat xlink:href="#sSpan112" value="ⲙ"/>
		<feat xlink:href="#sSpan116" value="ⲡ"/>
		<feat xlink:href="#sSpan119" value="ⲛⲟⲩⲧⲉ"/>
		<feat xlink:href="#sSpan121" value="."/>
		<feat xlink:href="#sSpan125" value="ⲙⲡ"/>
		<feat xlink:href="#sSpan135" value="ⲓ"/>
		<feat xlink:href="#sSpan137" value="ⲙⲉⲉⲩⲉ"/>
		<feat xlink:href="#sSpan140" value="ⲅⲁⲣ"/>
		<feat xlink:href="#sSpan144" value="ϫⲉ"/>
		<feat xlink:href="#sSpan148" value="ϯ"/>
		<feat xlink:href="#sSpan150" value="ⲥⲟⲟⲩⲛ"/>
		<feat xlink:href="#sSpan152" value="ⲛ"/>
		<feat xlink:href="#sSpan156" value="ⲗⲁⲁⲩ"/>
		<feat xlink:href="#sSpan159" value="ⲛϩⲏⲧ"/>
		<feat xlink:href="#sSpan163" value="ⲧⲏⲩⲧⲛ"/>
		<feat xlink:href="#sSpan165" value="ⲛⲥⲁ"/>
		<feat xlink:href="#sSpan170" value="ⲓⲏⲥⲟⲩⲥ"/>
		<feat xlink:href="#sSpan173" value="ⲡⲉ"/>
		<feat xlink:href="#sSpan178" value="ⲭⲣⲓⲥⲧⲟⲥ"/>
		<feat xlink:href="#sSpan180" value="ⲁⲩⲱ"/>
		<feat xlink:href="#sSpan184" value="ⲡⲁⲓ"/>
		<feat xlink:href="#sSpan188" value="ⲉ"/>
		<feat xlink:href="#sSpan193" value="ⲁ"/>
		<feat xlink:href="#sSpan195" value="ⲩ"/>
		<feat xlink:href="#sSpan198" value="ⲥⲧⲁⲩⲣⲟⲩ"/>
		<feat xlink:href="#sSpan200" value="ⲙⲙⲟ"/>
		<feat xlink:href="#sSpan204" value="ϥ"/>
		<feat xlink:href="#sSpan206" value="."/>
		<feat xlink:href="#sSpan210" value="ⲁⲛⲟⲕ"/>
		<feat xlink:href="#sSpan219" value="ϩⲱ"/>
		<feat xlink:href="#sSpan223" value="ⲛⲧ"/>
		<feat xlink:href="#sSpan227" value="ⲁ"/>
		<feat xlink:href="#sSpan229" value="ⲓ"/>
		<feat xlink:href="#sSpan231" value="ⲉⲓ"/>
		<feat xlink:href="#sSpan233" value="ϣⲁⲣⲱ"/>
		<feat xlink:href="#sSpan237" value="ⲧⲛ"/>
		<feat xlink:href="#sSpan239" value="ϩⲛ"/>
		<feat xlink:href="#sSpan244" value="ⲟⲩ"/>
		<feat xlink:href="#sSpan250" value="ⲙⲛⲧϭⲱⲃ"/>
		<feat xlink:href="#sSpan252" value="."/>
		<feat xlink:href="#sSpan256" value="ⲙⲛ"/>
		<feat xlink:href="#sSpan260" value="ⲟⲩ"/>
		<feat xlink:href="#sSpan263" value="ϩⲟⲧⲉ"/>
		<feat xlink:href="#sSpan265" value="."/>
		<feat xlink:href="#sSpan269" value="ⲙⲛ"/>
		<feat xlink:href="#sSpan273" value="ⲟⲩ"/>
		<feat xlink:href="#sSpan276" value="ⲥⲧⲱⲧ"/>
		<feat xlink:href="#sSpan278" value="ⲉ"/>
		<feat xlink:href="#sSpan282" value="ⲛⲁϣⲱ"/>
		<feat xlink:href="#sSpan284" value="ϥ"/>
		<feat xlink:href="#sSpan286" value="."/>
		<feat xlink:href="#sSpan290" value="ⲁⲩⲱ"/>
		<feat xlink:href="#sSpan300" value="ⲡⲁ"/>
		<feat xlink:href="#sSpan305" value="ϣⲁϫⲉ"/>
		<feat xlink:href="#sSpan307" value="ⲙⲛ"/>
		<feat xlink:href="#sSpan311" value="ⲡⲁ"/>
		<feat xlink:href="#sSpan315" value="ⲧⲁϣⲉⲟⲉⲓϣ"/>
		<feat xlink:href="#sSpan318" value="ⲛⲧ"/>
		<feat xlink:href="#sSpan322" value="ⲁ"/>
		<feat xlink:href="#sSpan324" value="ϥ"/>
		<feat xlink:href="#sSpan326" value="ϣⲱⲡⲉ"/>
		<feat xlink:href="#sSpan328" value="ⲁⲛ"/>
		<feat xlink:href="#sSpan332" value="ϩⲛ"/>
		<feat xlink:href="#sSpan336" value="ⲟⲩ"/>
		<feat xlink:href="#sSpan340" value="ⲡⲓⲑⲉ"/>
		<feat xlink:href="#sSpan342" value="ⲛ"/>
		<feat xlink:href="#sSpan347" value="ⲥⲟⲫⲓⲁ"/>
		<feat xlink:href="#sSpan350" value="ⲛ"/>
		<feat xlink:href="#sSpan354" value="ϣⲁϫⲉ"/>
		<feat xlink:href="#sSpan357" value="."/>
		<feat xlink:href="#sSpan362" value="ⲁⲗⲗⲁ"/>
		<feat xlink:href="#sSpan366" value="ϩⲛ"/>
		<feat xlink:href="#sSpan370" value="ⲟⲩ"/>
		<feat xlink:href="#sSpan373" value="ⲟⲩⲱⲛϩ"/>
		<feat xlink:href="#sSpan376" value="ⲉⲃⲟⲗ"/>
		<feat xlink:href="#sSpan380" value="ⲙ"/>
		<feat xlink:href="#sSpan385" value="ⲡⲛⲉⲩⲙⲁ"/>
		<feat xlink:href="#sSpan388" value="ϩⲓ"/>
		<feat xlink:href="#sSpan392" value="ϭⲟⲙ"/>
		<feat xlink:href="#sSpan395" value="."/>
		<feat xlink:href="#sSpan399" value="ϫⲉⲕⲁⲁⲥ"/>
		<feat xlink:href="#sSpan408" value="ⲉⲛ"/>
		<feat xlink:href="#sSpan412" value="ⲛⲉⲧⲛ"/>
		<feat xlink:href="#sSpan416" value="ⲡⲓⲥⲧⲓⲥ"/>
		<feat xlink:href="#sSpan418" value="ϣⲱⲡⲉ"/>
		<feat xlink:href="#sSpan422" value="ϩⲛ"/>
		<feat xlink:href="#sSpan426" value="ⲟⲩ"/>
		<feat xlink:href="#sSpan430" value="ⲡⲓⲧϩⲉ"/>
		<feat xlink:href="#sSpan432" value="ⲛ"/>
		<feat xlink:href="#sSpan437" value="ⲥⲟⲫⲓⲁ"/>
		<feat xlink:href="#sSpan440" value="ⲛ"/>
		<feat xlink:href="#sSpan444" value="ⲣⲱⲙⲉ"/>
		<feat xlink:href="#sSpan447" value="ⲁⲗⲗⲁ"/>
		<feat xlink:href="#sSpan451" value="ϩⲛ"/>
		<feat xlink:href="#sSpan455" value="ⲟⲩ"/>
		<feat xlink:href="#sSpan458" value="ϭⲟⲙ"/>
		<feat xlink:href="#sSpan460" value="ⲛⲧⲉ"/>
		<feat xlink:href="#sSpan464" value="ⲡ"/>
		<feat xlink:href="#sSpan467" value="ⲛⲟⲩⲧⲉ"/>
		<feat xlink:href="#sSpan469" value="."/>
		<feat xlink:href="#sSpan473" value="ⲉ"/>
		<feat xlink:href="#sSpan482" value="ⲛ"/>
		<feat xlink:href="#sSpan484" value="ϣⲁϫⲉ"/>
		<feat xlink:href="#sSpan487" value="ⲇⲉ"/>
		<feat xlink:href="#sSpan491" value="ⲛ"/>
		<feat xlink:href="#sSpan495" value="ⲟⲩ"/>
		<feat xlink:href="#sSpan499" value="ⲥⲟⲫⲓⲁ"/>
		<feat xlink:href="#sSpan501" value="ϩⲛ"/>
		<feat xlink:href="#sSpan505" value="ⲛ"/>
		<feat xlink:href="#sSpan509" value="ⲧⲉⲗⲉⲓⲟⲥ"/>
		<feat xlink:href="#sSpan511" value="ⲟⲩ"/>
		<feat xlink:href="#sSpan517" value="ⲥⲟⲫⲓⲁ"/>
		<feat xlink:href="#sSpan520" value="ⲇⲉ"/>
		<feat xlink:href="#sSpan524" value="ⲉ"/>
		<feat xlink:href="#sSpan528" value="ⲛ"/>
		<feat xlink:href="#sSpan530" value="ⲧⲁ"/>
		<feat xlink:href="#sSpan533" value="ⲡⲉⲓ"/>
		<feat xlink:href="#sSpan537" value="ⲁⲓⲱⲛ"/>
		<feat xlink:href="#sSpan539" value="ⲁⲛ"/>
		<feat xlink:href="#sSpan543" value="ⲧⲉ"/>
		<feat xlink:href="#sSpan548" value="ⲟⲩⲇⲉ"/>
		<feat xlink:href="#sSpan552" value="ⲛ"/>
		<feat xlink:href="#sSpan556" value="ⲧⲁ"/>
		<feat xlink:href="#sSpan559" value="ⲛ"/>
		<feat xlink:href="#sSpan562" value="ⲁⲣⲭⲱⲛ"/>
		<feat xlink:href="#sSpan565" value="ⲁⲛ"/>
		<feat xlink:href="#sSpan569" value="ⲧⲉ"/>
		<feat xlink:href="#sSpan573" value="ⲙ"/>
		<feat xlink:href="#sSpan577" value="ⲡⲉⲓ"/>
		<feat xlink:href="#sSpan581" value="ⲁⲓⲱⲛ"/>
		<feat xlink:href="#sSpan583" value="ⲛⲁⲓ"/>
		<feat xlink:href="#sSpan587" value="ⲉⲧ"/>
		<feat xlink:href="#sSpan591" value="ⲛⲁ"/>
		<feat xlink:href="#sSpan593" value="ⲟⲩⲱⲥϥ"/>
		<feat xlink:href="#sSpan595" value="."/>
		<feat xlink:href="#sSpan600" value="ⲁⲗⲗⲁ"/>
		<feat xlink:href="#sSpan610" value="ⲉ"/>
		<feat xlink:href="#sSpan614" value="ⲛ"/>
		<feat xlink:href="#sSpan616" value="ϣⲁϫⲉ"/>
		<feat xlink:href="#sSpan618" value="ⲛ"/>
		<feat xlink:href="#sSpan622" value="ⲟⲩ"/>
		<feat xlink:href="#sSpan626" value="ⲥⲟⲫⲓⲁ"/>
		<feat xlink:href="#sSpan628" value="ⲛⲧⲉ"/>
		<feat xlink:href="#sSpan632" value="ⲡ"/>
		<feat xlink:href="#sSpan635" value="ⲛⲟⲩⲧⲉ"/>
		<feat xlink:href="#sSpan637" value="ϩⲛ"/>
		<feat xlink:href="#sSpan641" value="ⲟⲩ"/>
		<feat xlink:href="#sSpan645" value="ⲙⲩⲥⲧⲏⲣⲓⲟⲛ"/>
		<feat xlink:href="#sSpan647" value="."/>
		<feat xlink:href="#sSpan651" value="ⲧⲁⲓ"/>
		<feat xlink:href="#sSpan656" value="ⲉⲧ"/>
		<feat xlink:href="#sSpan660" value="ϩⲏⲡ"/>
		<feat xlink:href="#sSpan662" value="ⲧ"/>
		<feat xlink:href="#sSpan666" value="ⲉⲛⲧ"/>
		<feat xlink:href="#sSpan668" value="ⲁ"/>
		<feat xlink:href="#sSpan670" value="ⲡ"/>
		<feat xlink:href="#sSpan673" value="ⲛⲟⲩⲧⲉ"/>
		<feat xlink:href="#sSpan675" value="ⲡⲟⲣϫ"/>
		<feat xlink:href="#sSpan679" value="ⲥ"/>
		<feat xlink:href="#sSpan681" value="ⲉⲃⲟⲗ"/>
		<feat xlink:href="#sSpan686" value="ϩⲁ"/>
		<feat xlink:href="#sSpan690" value="ⲑ"/>
		<feat xlink:href="#sSpan693" value="ⲏ"/>
		<feat xlink:href="#sSpan695" value="ⲛ"/>
		<feat xlink:href="#sSpan699" value="ⲛ"/>
		<feat xlink:href="#sSpan703" value="ⲁⲓⲱⲛ"/>
		<feat xlink:href="#sSpan705" value="ⲉ"/>
		<feat xlink:href="#sSpan709" value="ⲡⲉⲛ"/>
		<feat xlink:href="#sSpan712" value="ⲉⲟⲟⲩ"/>
		<feat xlink:href="#sSpan714" value="."/>
		<feat xlink:href="#sSpan718" value="ⲧⲁⲓ"/>
		<feat xlink:href="#sSpan728" value="ⲉⲧⲉ"/>
		<feat xlink:href="#sSpan732" value="ⲙⲡⲉ"/>
		<feat xlink:href="#sSpan734" value="ⲗⲁⲁⲩ"/>
		<feat xlink:href="#sSpan737" value="ⲛ"/>
		<feat xlink:href="#sSpan742" value="ⲁⲣⲭⲱⲛ"/>
		<feat xlink:href="#sSpan744" value="ⲛⲧⲉ"/>
		<feat xlink:href="#sSpan748" value="ⲡⲉⲓ"/>
		<feat xlink:href="#sSpan752" value="ⲁⲓⲱⲛ"/>
		<feat xlink:href="#sSpan754" value="ⲥⲟⲩⲱⲛ"/>
		<feat xlink:href="#sSpan758" value="ⲥ"/>
		<feat xlink:href="#sSpan760" value="."/>
		<feat xlink:href="#sSpan764" value="ⲉⲛⲉ"/>
		<feat xlink:href="#sSpan768" value="ⲛⲧ"/>
		<feat xlink:href="#sSpan770" value="ⲁ"/>
		<feat xlink:href="#sSpan772" value="ⲩ"/>
		<feat xlink:href="#sSpan774" value="ⲥⲟⲩⲱⲛ"/>
		<feat xlink:href="#sSpan776" value="ⲥ"/>
		<feat xlink:href="#sSpan779" value="ⲅⲁⲣ"/>
		<feat xlink:href="#sSpan783" value="ⲛⲉ"/>
		<feat xlink:href="#sSpan787" value="ⲩ"/>
		<feat xlink:href="#sSpan789" value="ⲛⲁ"/>
		<feat xlink:href="#sSpan792" value="ⲥⲧⲁⲩⲣⲟⲩ"/>
		<feat xlink:href="#sSpan794" value="ⲁⲛ"/>
		<feat xlink:href="#sSpan798" value="ⲡⲉ"/>
		<feat xlink:href="#sSpan802" value="ⲙ"/>
		<feat xlink:href="#sSpan806" value="ⲡ"/>
		<feat xlink:href="#sSpan809" value="ϫⲟⲉⲓⲥ"/>
		<feat xlink:href="#sSpan811" value="ⲙ"/>
		<feat xlink:href="#sSpan815" value="ⲡ"/>
		<feat xlink:href="#sSpan818" value="ⲉⲟⲟⲩ"/>
		<feat xlink:href="#sSpan820" value="."/>
		<feat xlink:href="#sSpan825" value="ⲁⲗⲗⲁ"/>
		<feat xlink:href="#sSpan836" value="ⲕⲁⲧⲁ"/>
		<feat xlink:href="#sSpan840" value="ⲧ"/>
		<feat xlink:href="#sSpan842" value="ϩⲉ"/>
		<feat xlink:href="#sSpan844" value="ⲉⲧ"/>
		<feat xlink:href="#sSpan848" value="ⲥⲏϩ"/>
		<feat xlink:href="#sSpan850" value="ϫⲉ"/>
		<feat xlink:href="#sSpan854" value="ⲛ"/>
		<feat xlink:href="#sSpan857" value="ⲉⲧⲉ"/>
		<feat xlink:href="#sSpan859" value="ⲙⲡⲉ"/>
		<feat xlink:href="#sSpan861" value="ⲃⲁⲗ"/>
		<feat xlink:href="#sSpan864" value="ⲛⲁⲩ"/>
		<feat xlink:href="#sSpan868" value="ⲉⲣⲟ"/>
		<feat xlink:href="#sSpan872" value="ⲟⲩ"/>
		<feat xlink:href="#sSpan874" value="."/>
		<feat xlink:href="#sSpan878" value="ⲛ"/>
		<feat xlink:href="#sSpan882" value="ⲉⲧⲉ"/>
		<feat xlink:href="#sSpan884" value="ⲙⲡⲉ"/>
		<feat xlink:href="#sSpan886" value="ⲙⲁⲁϫⲉ"/>
		<feat xlink:href="#sSpan889" value="ⲥⲟⲧⲙ"/>
		<feat xlink:href="#sSpan893" value="ⲟⲩ"/>
		<feat xlink:href="#sSpan895" value="."/>
		<feat xlink:href="#sSpan899" value="ⲛ"/>
		<feat xlink:href="#sSpan903" value="ⲉⲧⲉ"/>
		<feat xlink:href="#sSpan905" value="ⲙⲡ"/>
		<feat xlink:href="#sSpan907" value="ⲟⲩ"/>
		<feat xlink:href="#sSpan909" value="ⲁⲗⲉ"/>
		<feat xlink:href="#sSpan912" value="ⲉϩⲣⲁⲓ"/>
		<feat xlink:href="#sSpan916" value="ⲉϫⲙ"/>
		<feat xlink:href="#sSpan920" value="ⲡ"/>
		<feat xlink:href="#sSpan923" value="ϩⲏⲧ"/>
		<feat xlink:href="#sSpan925" value="ⲛ"/>
		<feat xlink:href="#sSpan929" value="ⲣⲱⲙⲉ"/>
		<feat xlink:href="#sSpan932" value="ⲛⲁⲓ"/>
		<feat xlink:href="#sSpan936" value="ⲉⲛⲧ"/>
		<feat xlink:href="#sSpan940" value="ⲁ"/>
		<feat xlink:href="#sSpan942" value="ⲡ"/>
		<feat xlink:href="#sSpan945" value="ⲛⲟⲩⲧⲉ"/>
		<feat xlink:href="#sSpan947" value="ⲥⲃⲧⲱⲧ"/>
		<feat xlink:href="#sSpan951" value="ⲟⲩ"/>
		<feat xlink:href="#sSpan953" value="ⲛ"/>
		<feat xlink:href="#sSpan957" value="ⲛ"/>
		<feat xlink:href="#sSpan960" value="ⲉⲧ"/>
		<feat xlink:href="#sSpan962" value="ⲙⲉ"/>
		<feat xlink:href="#sSpan964" value="ⲙⲙⲟ"/>
		<feat xlink:href="#sSpan968" value="ϥ"/>
		<feat xlink:href="#sSpan970" value="."/>
		<feat xlink:href="#sSpan974" value="ⲁ"/>
		<feat xlink:href="#sSpan984" value="ⲡ"/>
		<feat xlink:href="#sSpan987" value="ⲛⲟⲩⲧⲉ"/>
		<feat xlink:href="#sSpan990" value="ⲅⲁⲣ"/>
		<feat xlink:href="#sSpan994" value="ϭⲟⲗⲡ"/>
		<feat xlink:href="#sSpan998" value="ⲟⲩ"/>
		<feat xlink:href="#sSpan1000" value="ⲛⲁ"/>
		<feat xlink:href="#sSpan1004" value="ⲛ"/>
		<feat xlink:href="#sSpan1006" value="ⲉⲃⲟⲗ"/>
		<feat xlink:href="#sSpan1010" value="ϩⲓⲧⲙ"/>
		<feat xlink:href="#sSpan1014" value="ⲡⲉ"/>
		<feat xlink:href="#sSpan1018" value="ⲡⲛⲉⲩⲙⲁ"/>
		<feat xlink:href="#sSpan1020" value="."/>
		<feat xlink:href="#sSpan1024" value="ⲡⲉ"/>
		<feat xlink:href="#sSpan1030" value="ⲡⲛⲉⲩⲙⲁ"/>
		<feat xlink:href="#sSpan1033" value="ⲅⲁⲣ"/>
		<feat xlink:href="#sSpan1037" value="ϩⲟⲧϩⲧ"/>
		<feat xlink:href="#sSpan1041" value="ⲛ"/>
		<feat xlink:href="#sSpan1045" value="ⲛⲕⲁ"/>
		<feat xlink:href="#sSpan1049" value="ⲛⲓⲙ"/>
		<feat xlink:href="#sSpan1053" value="ⲁⲩⲱ"/>
		<feat xlink:href="#sSpan1057" value="ⲛ"/>
		<feat xlink:href="#sSpan1062" value="ⲉ"/>
		<feat xlink:href="#sSpan1064" value="ⲑⲏⲡ"/>
		<feat xlink:href="#sSpan1066" value="ⲛⲧⲉ"/>
		<feat xlink:href="#sSpan1070" value="ⲡ"/>
		<feat xlink:href="#sSpan1073" value="ⲛⲟⲩⲧⲉ"/>
		<feat xlink:href="#sSpan1075" value="."/>
		<feat xlink:href="#sSpan1079" value="ⲛⲓⲙ"/>
		<feat xlink:href="#sSpan1091" value="ⲅⲁⲣ"/>
		<feat xlink:href="#sSpan1095" value="ⲛ"/>
		<feat xlink:href="#sSpan1099" value="ⲣⲱⲙⲉ"/>
		<feat xlink:href="#sSpan1101" value="ⲡ"/>
		<feat xlink:href="#sSpan1105" value="ⲉⲧ"/>
		<feat xlink:href="#sSpan1107" value="ⲥⲟⲟⲩⲛ"/>
		<feat xlink:href="#sSpan1109" value="ⲛ"/>
		<feat xlink:href="#sSpan1113" value="ⲛⲁ"/>
		<feat xlink:href="#sSpan1116" value="ⲡ"/>
		<feat xlink:href="#sSpan1119" value="ⲣⲱⲙⲉ"/>
		<feat xlink:href="#sSpan1122" value="ⲉⲓⲙⲏⲧⲓ"/>
		<feat xlink:href="#sSpan1126" value="ⲡⲉ"/>
		<feat xlink:href="#sSpan1132" value="ⲡⲛⲉⲩⲙⲁ"/>
		<feat xlink:href="#sSpan1134" value="ⲙ"/>
		<feat xlink:href="#sSpan1138" value="ⲡ"/>
		<feat xlink:href="#sSpan1141" value="ⲣⲱⲙⲉ"/>
		<feat xlink:href="#sSpan1143" value="ⲉⲧ"/>
		<feat xlink:href="#sSpan1147" value="ⲛϩⲏⲧ"/>
		<feat xlink:href="#sSpan1149" value="ϥ"/>
		<feat xlink:href="#sSpan1151" value="."/>
		<feat xlink:href="#sSpan1155" value="ⲧⲁⲓ"/>
		<feat xlink:href="#sSpan1160" value="ⲟⲛ"/>
		<feat xlink:href="#sSpan1164" value="ⲧⲉ"/>
		<feat xlink:href="#sSpan1168" value="ⲧ"/>
		<feat xlink:href="#sSpan1173" value="ϩⲉ"/>
		<feat xlink:href="#sSpan1175" value="ⲛ"/>
		<feat xlink:href="#sSpan1179" value="ⲛⲁ"/>
		<feat xlink:href="#sSpan1182" value="ⲡ"/>
		<feat xlink:href="#sSpan1185" value="ⲛⲟⲩⲧⲉ"/>
		<feat xlink:href="#sSpan1187" value="ⲙⲡⲉ"/>
		<feat xlink:href="#sSpan1191" value="ⲗⲁⲁⲩ"/>
		<feat xlink:href="#sSpan1194" value="ⲥⲟⲩⲱⲛ"/>
		<feat xlink:href="#sSpan1198" value="ⲟⲩ"/>
		<feat xlink:href="#sSpan1200" value="ⲛⲥⲁ"/>
		<feat xlink:href="#sSpan1204" value="ⲡⲉ"/>
		<feat xlink:href="#sSpan1208" value="ⲡⲛⲉⲩⲙⲁ"/>
		<feat xlink:href="#sSpan1210" value="ⲙ"/>
		<feat xlink:href="#sSpan1214" value="ⲡ"/>
		<feat xlink:href="#sSpan1217" value="ⲛⲟⲩⲧⲉ"/>
		<feat xlink:href="#sSpan1219" value="."/>
		<feat xlink:href="#sSpan1223" value="ⲁⲛⲟⲛ"/>
		<feat xlink:href="#sSpan1233" value="ⲇⲉ"/>
		<feat xlink:href="#sSpan1237" value="ⲛⲧ"/>
		<feat xlink:href="#sSpan1241" value="ⲁ"/>
		<feat xlink:href="#sSpan1243" value="ⲛ"/>
		<feat xlink:href="#sSpan1245" value="ϫⲓ"/>
		<feat xlink:href="#sSpan1247" value="ⲁⲛ"/>
		<feat xlink:href="#sSpan1251" value="ⲙ"/>
		<feat xlink:href="#sSpan1255" value="ⲡⲉ"/>
		<feat xlink:href="#sSpan1259" value="ⲡⲛⲉⲩⲙⲁ"/>
		<feat xlink:href="#sSpan1261" value="ⲙ"/>
		<feat xlink:href="#sSpan1265" value="ⲡⲉⲉⲓ"/>
		<feat xlink:href="#sSpan1269" value="ⲕⲟⲥⲙⲟⲥ"/>
		<feat xlink:href="#sSpan1271" value="."/>
		<feat xlink:href="#sSpan1276" value="ⲁⲗⲗⲁ"/>
		<feat xlink:href="#sSpan1280" value="ⲡⲉ"/>
		<feat xlink:href="#sSpan1286" value="ⲡⲛⲉⲩⲙⲁ"/>
		<feat xlink:href="#sSpan1288" value="ⲡ"/>
		<feat xlink:href="#sSpan1292" value="ⲉⲃⲟⲗ"/>
		<feat xlink:href="#sSpan1294" value="ⲙ"/>
		<feat xlink:href="#sSpan1298" value="ⲡ"/>
		<feat xlink:href="#sSpan1301" value="ⲛⲟⲩⲧⲉ"/>
		<feat xlink:href="#sSpan1303" value="."/>
		<feat xlink:href="#sSpan1307" value="ϫⲉⲕⲁⲁⲥ"/>
		<feat xlink:href="#sSpan1311" value="ⲉⲛⲉ"/>
		<feat xlink:href="#sSpan1315" value="ⲉⲓⲙⲉ"/>
		<feat xlink:href="#sSpan1317" value="ⲉ"/>
		<feat xlink:href="#sSpan1321" value="ⲛ"/>
		<feat xlink:href="#sSpan1324" value="ⲉⲛⲧ"/>
		<feat xlink:href="#sSpan1326" value="ⲁ"/>
		<feat xlink:href="#sSpan1328" value="ⲡ"/>
		<feat xlink:href="#sSpan1331" value="ⲛⲟⲩⲧⲉ"/>
		<feat xlink:href="#sSpan1334" value="ⲭⲁⲣⲓⲍⲉ"/>
		<feat xlink:href="#sSpan1338" value="ⲙⲙⲟ"/>
		<feat xlink:href="#sSpan1342" value="ⲟⲩ"/>
		<feat xlink:href="#sSpan1344" value="ⲛⲁ"/>
		<feat xlink:href="#sSpan1348" value="ⲛ"/>
		<feat xlink:href="#sSpan1350" value="."/>
		<feat xlink:href="#sSpan1354" value="ⲉⲧⲉ"/>
		<feat xlink:href="#sSpan1364" value="ⲛⲁⲓ"/>
		<feat xlink:href="#sSpan1367" value="ⲛ"/>
		<feat xlink:href="#sSpan1371" value="ⲉⲧ"/>
		<feat xlink:href="#sSpan1373" value="ⲛ"/>
		<feat xlink:href="#sSpan1375" value="ϣⲁϫⲉ"/>
		<feat xlink:href="#sSpan1377" value="ⲛϩⲏⲧ"/>
		<feat xlink:href="#sSpan1381" value="ⲟⲩ"/>
		<feat xlink:href="#sSpan1383" value="ϩⲛ"/>
		<feat xlink:href="#sSpan1387" value="ϩⲉⲛ"/>
		<feat xlink:href="#sSpan1390" value="ϣⲁϫⲉ"/>
		<feat xlink:href="#sSpan1392" value="ⲁⲛ"/>
		<feat xlink:href="#sSpan1396" value="ⲛ"/>
		<feat xlink:href="#sSpan1401" value="ϯⲥⲃⲱ"/>
		<feat xlink:href="#sSpan1405" value="ⲛ"/>
		<feat xlink:href="#sSpan1410" value="ⲥⲟⲫⲓⲁ"/>
		<feat xlink:href="#sSpan1413" value="ⲛ"/>
		<feat xlink:href="#sSpan1417" value="ⲣⲱⲙⲉ"/>
		<feat xlink:href="#sSpan1420" value="ⲁⲗⲗⲁ"/>
		<feat xlink:href="#sSpan1424" value="ϩⲛ"/>
		<feat xlink:href="#sSpan1428" value="ϩⲉⲛ"/>
		<feat xlink:href="#sSpan1432" value="ϯⲥⲃⲱ"/>
		<feat xlink:href="#sSpan1435" value="ⲙ"/>
		<feat xlink:href="#sSpan1440" value="ⲡⲛⲉⲩⲙⲁ"/>
		<feat xlink:href="#sSpan1443" value="ⲉ"/>
		<feat xlink:href="#sSpan1447" value="ⲛ"/>
		<feat xlink:href="#sSpan1450" value="ϣⲱⲛⲃ"/>
		<feat xlink:href="#sSpan1452" value="ⲛ"/>
		<feat xlink:href="#sSpan1456" value="ϩⲉⲛ"/>
		<feat xlink:href="#sSpan1460" value="ⲡⲛⲉⲩⲙⲁⲧⲓⲕⲟⲛ"/>
		<feat xlink:href="#sSpan1462" value="ⲉ"/>
		<feat xlink:href="#sSpan1466" value="ϩⲉⲛ"/>
		<feat xlink:href="#sSpan1470" value="ⲡⲛⲉⲩⲙⲁⲧⲓⲕⲟⲥ"/>
		<feat xlink:href="#sSpan1472" value="."/>
		<feat xlink:href="#sSpan1476" value="ⲟⲩ"/>
		<feat xlink:href="#sSpan1487" value="ⲯⲩⲭⲓⲕⲟⲥ"/>
		<feat xlink:href="#sSpan1490" value="ⲇⲉ"/>
		<feat xlink:href="#sSpan1494" value="ⲛ"/>
		<feat xlink:href="#sSpan1498" value="ⲣⲱⲙⲉ"/>
		<feat xlink:href="#sSpan1500" value="ⲙⲉ"/>
		<feat xlink:href="#sSpan1504" value="ϥ"/>
		<feat xlink:href="#sSpan1506" value="ϣⲱⲡ"/>
		<feat xlink:href="#sSpan1508" value="ⲉⲣⲟ"/>
		<feat xlink:href="#sSpan1512" value="ϥ"/>
		<feat xlink:href="#sSpan1514" value="ⲛ"/>
		<feat xlink:href="#sSpan1518" value="ⲛⲁ"/>
		<feat xlink:href="#sSpan1521" value="ⲡⲉ"/>
		<feat xlink:href="#sSpan1525" value="ⲡⲛⲉⲩⲙⲁ"/>
		<feat xlink:href="#sSpan1527" value="ⲙ"/>
		<feat xlink:href="#sSpan1531" value="ⲡ"/>
		<feat xlink:href="#sSpan1534" value="ⲛⲟⲩⲧⲉ"/>
		<feat xlink:href="#sSpan1536" value="."/>
		<feat xlink:href="#sSpan1540" value="ⲟⲩ"/>
		<feat xlink:href="#sSpan1546" value="ⲙⲛⲧⲥⲟϭ"/>
		<feat xlink:href="#sSpan1550" value="ⲅⲁⲣ"/>
		<feat xlink:href="#sSpan1554" value="ⲛⲁ"/>
		<feat xlink:href="#sSpan1558" value="ϥ"/>
		<feat xlink:href="#sSpan1560" value="ⲧⲉ"/>
		<feat xlink:href="#sSpan1564" value="."/>
		<feat xlink:href="#sSpan1568" value="ⲁⲩⲱ"/>
		<feat xlink:href="#sSpan1572" value="ⲙⲛ"/>
		<feat xlink:href="#sSpan1576" value="ϭⲟⲙ"/>
		<feat xlink:href="#sSpan1579" value="ⲙⲙⲟ"/>
		<feat xlink:href="#sSpan1583" value="ϥ"/>
		<feat xlink:href="#sSpan1585" value="ⲉ"/>
		<feat xlink:href="#sSpan1589" value="ⲉⲓⲙⲉ"/>
		<feat xlink:href="#sSpan1591" value="ϫⲉ"/>
		<feat xlink:href="#sSpan1595" value="ⲥⲉ"/>
		<feat xlink:href="#sSpan1598" value="ⲁⲛⲁⲕⲣⲓⲛⲉ"/>
		<feat xlink:href="#sSpan1600" value="ⲙⲙⲟ"/>
		<feat xlink:href="#sSpan1604" value="ϥ"/>
		<feat xlink:href="#sSpan1607" value="ⲡⲛⲉⲩⲙⲁⲧⲓⲕⲱⲥ"/>
		<feat xlink:href="#sSpan1611" value="."/>
		<feat xlink:href="#sSpan1615" value="ⲡⲉ"/>
		<feat xlink:href="#sSpan1627" value="ⲡⲛⲉⲩⲙⲁⲧⲓⲕⲟⲥ"/>
		<feat xlink:href="#sSpan1630" value="ⲇⲉ"/>
		<feat xlink:href="#sSpan1634" value="ϣⲁ"/>
		<feat xlink:href="#sSpan1638" value="ϥ"/>
		<feat xlink:href="#sSpan1641" value="ⲁⲛⲁⲕⲣⲓⲛⲉ"/>
		<feat xlink:href="#sSpan1644" value="ⲙⲉⲛ"/>
		<feat xlink:href="#sSpan1648" value="ⲛ"/>
		<feat xlink:href="#sSpan1652" value="ⲟⲩⲟⲛ"/>
		<feat xlink:href="#sSpan1656" value="ⲛⲓⲙ"/>
		<feat xlink:href="#sSpan1660" value="."/>
		<feat xlink:href="#sSpan1664" value="ⲛⲧⲟϥ"/>
		<feat xlink:href="#sSpan1669" value="ⲇⲉ"/>
		<feat xlink:href="#sSpan1673" value="ⲙⲉⲣⲉ"/>
		<feat xlink:href="#sSpan1677" value="ⲗⲁⲁⲩ"/>
		<feat xlink:href="#sSpan1681" value="ⲁⲛⲁⲕⲣⲓⲛⲉ"/>
		<feat xlink:href="#sSpan1685" value="ⲙⲙⲟ"/>
		<feat xlink:href="#sSpan1689" value="ϥ"/>
		<feat xlink:href="#sSpan1691" value="."/>
		<feat xlink:href="#sSpan1695" value="ⲛⲓⲙ"/>
		<feat xlink:href="#sSpan1705" value="ⲅⲁⲣ"/>
		<feat xlink:href="#sSpan1709" value="ⲡ"/>
		<feat xlink:href="#sSpan1713" value="ⲉⲛⲧ"/>
		<feat xlink:href="#sSpan1715" value="ⲁ"/>
		<feat xlink:href="#sSpan1717" value="ϥ"/>
		<feat xlink:href="#sSpan1719" value="ⲥⲟⲩⲛ"/>
		<feat xlink:href="#sSpan1721" value="ⲡ"/>
		<feat xlink:href="#sSpan1726" value="ϩⲏⲧ"/>
		<feat xlink:href="#sSpan1728" value="ⲙ"/>
		<feat xlink:href="#sSpan1732" value="ⲡ"/>
		<feat xlink:href="#sSpan1735" value="ϫⲟⲉⲓⲥ"/>
		<feat xlink:href="#sSpan1737" value="ⲡⲁⲓ"/>
		<feat xlink:href="#sSpan1742" value="ⲉⲧ"/>
		<feat xlink:href="#sSpan1746" value="ⲛⲁ"/>
		<feat xlink:href="#sSpan1748" value="ⲧⲥⲉⲃⲉ"/>
		<feat xlink:href="#sSpan1750" value="ⲉⲓⲁⲧ"/>
		<feat xlink:href="#sSpan1753" value="ϥ"/>
		<feat xlink:href="#sSpan1755" value="ⲉⲃⲟⲗ"/>
		<feat xlink:href="#sSpan1759" value="."/>
		<feat xlink:href="#sSpan1763" value="ⲁⲛⲟⲛ"/>
		<feat xlink:href="#sSpan1768" value="ⲇⲉ"/>
		<feat xlink:href="#sSpan1772" value="ⲟⲩⲛⲧⲁ"/>
		<feat xlink:href="#sSpan1776" value="ⲛ"/>
		<feat xlink:href="#sSpan1778" value="ⲙⲙⲁⲩ"/>
		<feat xlink:href="#sSpan1782" value="ⲙ"/>
		<feat xlink:href="#sSpan1786" value="ⲡ"/>
		<feat xlink:href="#sSpan1789" value="ⲙⲉⲉⲩⲉ"/>
		<feat xlink:href="#sSpan1791" value="ⲙ"/>
		<feat xlink:href="#sSpan1795" value="ⲡⲉ"/>
		<feat xlink:href="#sSpan1799" value="ⲭⲣⲓⲥⲧⲟⲥ"/>
		<feat xlink:href="#sSpan1801" value="."/></featList></paula>