<?xml version='1.0' encoding='UTF-8'?><!DOCTYPE paula SYSTEM "paula_feat.dtd">
<paula version="1.1">
	<header paula_id="scriptorium.1Cor_02.mark_vid_n"/>
	<featList xmlns:xlink="http://www.w3.org/1999/xlink" type="vid_n" xml:base="scriptorium.1Cor_02.mark.xml">
		<feat xlink:href="#sSpan5" value="urn:cts:copticLit:nt.1cor.sahidica_ed:2.1"/>
		<feat xlink:href="#sSpan128" value="urn:cts:copticLit:nt.1cor.sahidica_ed:2.2"/>
		<feat xlink:href="#sSpan213" value="urn:cts:copticLit:nt.1cor.sahidica_ed:2.3"/>
		<feat xlink:href="#sSpan293" value="urn:cts:copticLit:nt.1cor.sahidica_ed:2.4"/>
		<feat xlink:href="#sSpan402" value="urn:cts:copticLit:nt.1cor.sahidica_ed:2.5"/>
		<feat xlink:href="#sSpan476" value="urn:cts:copticLit:nt.1cor.sahidica_ed:2.6"/>
		<feat xlink:href="#sSpan603" value="urn:cts:copticLit:nt.1cor.sahidica_ed:2.7"/>
		<feat xlink:href="#sSpan722" value="urn:cts:copticLit:nt.1cor.sahidica_ed:2.8"/>
		<feat xlink:href="#sSpan828" value="urn:cts:copticLit:nt.1cor.sahidica_ed:2.9"/>
		<feat xlink:href="#sSpan977" value="urn:cts:copticLit:nt.1cor.sahidica_ed:2.10"/>
		<feat xlink:href="#sSpan1083" value="urn:cts:copticLit:nt.1cor.sahidica_ed:2.11"/>
		<feat xlink:href="#sSpan1226" value="urn:cts:copticLit:nt.1cor.sahidica_ed:2.12"/>
		<feat xlink:href="#sSpan1357" value="urn:cts:copticLit:nt.1cor.sahidica_ed:2.13"/>
		<feat xlink:href="#sSpan1480" value="urn:cts:copticLit:nt.1cor.sahidica_ed:2.14"/>
		<feat xlink:href="#sSpan1619" value="urn:cts:copticLit:nt.1cor.sahidica_ed:2.15"/>
		<feat xlink:href="#sSpan1698" value="urn:cts:copticLit:nt.1cor.sahidica_ed:2.16"/></featList></paula>