<?xml version='1.0' encoding='UTF-8'?><!DOCTYPE paula SYSTEM "paula_feat.dtd">
<paula version="1.1">
	<header paula_id="scriptorium.1Cor_02.mark_morph"/>
	<featList xmlns:xlink="http://www.w3.org/1999/xlink" type="morph" xml:base="scriptorium.1Cor_02.mark.xml">
		<feat xlink:href="#sSpan106" value="ⲙⲛⲧ"/>
		<feat xlink:href="#sSpan109" value="ⲙⲛⲧⲣⲉ"/>
		<feat xlink:href="#sSpan242" value="ⲙⲛⲧ"/>
		<feat xlink:href="#sSpan248" value="ϭⲱⲃ"/>
		<feat xlink:href="#sSpan313" value="ⲧⲁϣⲉ"/>
		<feat xlink:href="#sSpan316" value="ⲟⲉⲓϣ"/>
		<feat xlink:href="#sSpan1399" value="ϯ"/>
		<feat xlink:href="#sSpan1403" value="ⲥⲃⲱ"/>
		<feat xlink:href="#sSpan1430" value="ϯ"/>
		<feat xlink:href="#sSpan1433" value="ⲥⲃⲱ"/>
		<feat xlink:href="#sSpan1544" value="ⲙⲛⲧ"/>
		<feat xlink:href="#sSpan1547" value="ⲥⲟϭ"/></featList></paula>