<?xml version='1.0' encoding='UTF-8'?><!DOCTYPE paula SYSTEM "paula_feat.dtd">
<paula version="1.1">
	<header paula_id="scriptorium.1Cor_02.mark_verse_n"/>
	<featList xmlns:xlink="http://www.w3.org/1999/xlink" type="verse_n" xml:base="scriptorium.1Cor_02.mark.xml">
		<feat xlink:href="#sSpan10" value="1"/>
		<feat xlink:href="#sSpan132" value="2"/>
		<feat xlink:href="#sSpan217" value="3"/>
		<feat xlink:href="#sSpan298" value="4"/>
		<feat xlink:href="#sSpan406" value="5"/>
		<feat xlink:href="#sSpan480" value="6"/>
		<feat xlink:href="#sSpan608" value="7"/>
		<feat xlink:href="#sSpan726" value="8"/>
		<feat xlink:href="#sSpan833" value="9"/>
		<feat xlink:href="#sSpan982" value="10"/>
		<feat xlink:href="#sSpan1088" value="11"/>
		<feat xlink:href="#sSpan1230" value="12"/>
		<feat xlink:href="#sSpan1362" value="13"/>
		<feat xlink:href="#sSpan1484" value="14"/>
		<feat xlink:href="#sSpan1624" value="15"/>
		<feat xlink:href="#sSpan1702" value="16"/></featList></paula>