<?xml version='1.0' encoding='UTF-8'?><!DOCTYPE paula SYSTEM "paula_feat.dtd">
<paula version="1.1">
	<header paula_id="scriptorium.40_Matthew_07.mark_morph"/>
	<featList xmlns:xlink="http://www.w3.org/1999/xlink" type="morph" xml:base="scriptorium.40_Matthew_07.mark.xml">
		<feat xlink:href="#sSpan29" value="ϯ"/>
		<feat xlink:href="#sSpan31" value="ϩⲁⲡ"/>
		<feat xlink:href="#sSpan32" value="ⲛ"/>
		<feat xlink:href="#sSpan35" value="ϩⲏⲧ"/>
		<feat xlink:href="#sSpan45" value="ⲛ"/>
		<feat xlink:href="#sSpan48" value="ϩⲏⲧ"/>
		<feat xlink:href="#sSpan357" value="ⲛ"/>
		<feat xlink:href="#sSpan360" value="ϩⲏⲧ"/>
		<feat xlink:href="#sSpan706" value="ⲣⲉϥ"/>
		<feat xlink:href="#sSpan708" value="ⲧⲱⲣⲡ"/>
		<feat xlink:href="#sSpan811" value="ϣ"/>
		<feat xlink:href="#sSpan814" value="ϭⲟⲙ"/>
		<feat xlink:href="#sSpan949" value="ⲙⲛⲧ"/>
		<feat xlink:href="#sSpan951" value="ⲣⲣⲟ"/>
		<feat xlink:href="#sSpan1059" value="ⲣ"/>
		<feat xlink:href="#sSpan1061" value="ϩⲁϩ"/>
		<feat xlink:href="#sSpan1101" value="ⲣ"/>
		<feat xlink:href="#sSpan1103" value="ϩⲱⲃ"/>
		<feat xlink:href="#sSpan1388" value="ⲣ"/>
		<feat xlink:href="#sSpan1390" value="ϣⲡⲏⲣⲉ"/>
		<feat xlink:href="#sSpan1409" value="ϯ"/>
		<feat xlink:href="#sSpan1411" value="ⲥⲃⲱ"/></featList></paula>