<?xml version='1.0' encoding='UTF-8'?><!DOCTYPE paula SYSTEM "paula_feat.dtd">
<paula version="1.1">
	<header paula_id="scriptorium.martyrdom.victor.07.mark_morph"/>
	<featList xmlns:xlink="http://www.w3.org/1999/xlink" type="morph" xml:base="scriptorium.martyrdom.victor.07.mark.xml">
		<feat xlink:href="#sSpan33" value="ⲕⲁ"/>
		<feat xlink:href="#sSpan38" value="ϩⲏⲩ"/>
		<feat xlink:href="#sSpan146" value="ϯ"/>
		<feat xlink:href="#sSpan149" value="ϩⲃⲟϭ"/>
		<feat xlink:href="#sSpan328" value="ϣⲡ"/>
		<feat xlink:href="#sSpan331" value="ϩⲙⲟⲧ"/>
		<feat xlink:href="#sSpan720" value="ϫⲓ"/>
		<feat xlink:href="#sSpan723" value="ⲛ"/>
		<feat xlink:href="#sSpan724" value="ϭⲟⲛⲥ"/>
		<feat xlink:href="#sSpan888" value="ⲕⲁ"/>
		<feat xlink:href="#sSpan893" value="ϩⲏⲩ"/>
		<feat xlink:href="#sSpan1005" value="ⲕⲁⲕⲏ"/>
		<feat xlink:href="#sSpan1009" value="ⲕⲉⲫⲁⲗⲏ"/>
		<feat xlink:href="#sSpan1086" value="ⲁⲛ"/>
		<feat xlink:href="#sSpan1092" value="ϩⲁⲗⲓⲥⲕⲉ"/>
		<feat xlink:href="#sSpan2576" value="ⲡ"/>
		<feat xlink:href="#sSpan2579" value="ⲉⲧ"/>
		<feat xlink:href="#sSpan2580" value="ϩⲟⲟⲩ"/>
		<feat xlink:href="#sSpan2877" value="ⲣ"/>
		<feat xlink:href="#sSpan2880" value="ⲃⲣⲣⲉ"/>
		<feat xlink:href="#sSpan2944" value="ⲣ"/>
		<feat xlink:href="#sSpan2947" value="ϩⲛⲁⲩ"/>
		<feat xlink:href="#sSpan3166" value="ⲁⲣⲓ"/>
		<feat xlink:href="#sSpan3169" value="ⲥⲁⲃⲉ"/>
		<feat xlink:href="#sSpan3269" value="ⲣ"/>
		<feat xlink:href="#sSpan3272" value="ⲥⲟϭ"/>
		<feat xlink:href="#sSpan3343" value="ϯ"/>
		<feat xlink:href="#sSpan3346" value="ϣⲓⲡⲉ"/>
		<feat xlink:href="#sSpan3766" value="ⲙⲛⲧ"/>
		<feat xlink:href="#sSpan3771" value="ⲥⲟϭ"/>
		<feat xlink:href="#sSpan3794" value="ϯ"/>
		<feat xlink:href="#sSpan3797" value="ϩⲏⲩ"/>
		<feat xlink:href="#sSpan4091" value="ⲣⲉϥ"/>
		<feat xlink:href="#sSpan4095" value="ϫⲓ"/>
		<feat xlink:href="#sSpan4096" value="ϭⲟⲗ"/>
		<feat xlink:href="#sSpan4467" value="ϣⲡ"/>
		<feat xlink:href="#sSpan4470" value="ϩⲙⲟⲧ"/>
		<feat xlink:href="#sSpan5134" value="ϯ"/>
		<feat xlink:href="#sSpan5137" value="ϭⲟⲙ"/>
		<feat xlink:href="#sSpan5203" value="ⲕⲁⲕⲏ"/>
		<feat xlink:href="#sSpan5207" value="ⲕⲉⲫⲁⲗⲏ"/>
		<feat xlink:href="#sSpan5231" value="ϯ"/>
		<feat xlink:href="#sSpan5234" value="ⲥⲟ"/>
		<feat xlink:href="#sSpan5371" value="ϯ"/>
		<feat xlink:href="#sSpan5374" value="ⲥⲟ"/>
		<feat xlink:href="#sSpan5404" value="ϯ"/>
		<feat xlink:href="#sSpan5407" value="ⲥⲟ"/>
		<feat xlink:href="#sSpan6003" value="ⲣ"/>
		<feat xlink:href="#sSpan6006" value="ⲟⲩⲟⲉⲓⲛ"/>
		<feat xlink:href="#sSpan6210" value="ϩⲓ"/>
		<feat xlink:href="#sSpan6213" value="ⲗⲁ"/>
		<feat xlink:href="#sSpan6224" value="ⲙⲛⲧ"/>
		<feat xlink:href="#sSpan6227" value="ϫⲁⲥⲓ"/>
		<feat xlink:href="#sSpan6228" value="ϩⲏⲧ"/>
		<feat xlink:href="#sSpan6284" value="ⲣ"/>
		<feat xlink:href="#sSpan6287" value="ⲭⲣⲉⲓⲁ"/>
		<feat xlink:href="#sSpan6533" value="ϯ"/>
		<feat xlink:href="#sSpan6536" value="ⲥⲟ"/>
		<feat xlink:href="#sSpan6895" value="ⲣ"/>
		<feat xlink:href="#sSpan6898" value="ⲃⲗⲗⲉ"/>
		<feat xlink:href="#sSpan7591" value="ⲙⲛⲧ"/>
		<feat xlink:href="#sSpan7595" value="ⲏ"/>
		<feat xlink:href="#sSpan7830" value="ϯ"/>
		<feat xlink:href="#sSpan7835" value="ϩⲧⲏ"/>
		<feat xlink:href="#sSpan8166" value="ⲧⲟⲩⲛⲟ"/>
		<feat xlink:href="#sSpan8169" value="ⲉⲓⲁⲧ"/>
		<feat xlink:href="#sSpan8607" value="ϫⲟⲩⲧ"/>
		<feat xlink:href="#sSpan8611" value="ⲁϥⲧⲉ"/>
		<feat xlink:href="#sSpan8936" value="ⲙⲛⲧ"/>
		<feat xlink:href="#sSpan8940" value="ⲏ"/>
		<feat xlink:href="#sSpan9027" value="ϫⲓ"/>
		<feat xlink:href="#sSpan9030" value="ϩⲁⲓ"/></featList></paula>