<?xml version='1.0' encoding='UTF-8'?><!DOCTYPE paula SYSTEM "paula_feat.dtd">
<paula version="1.1">
	<header paula_id="scriptorium.martyrdom.victor.07.mark_lang"/>
	<featList xmlns:xlink="http://www.w3.org/1999/xlink" type="lang" xml:base="scriptorium.martyrdom.victor.07.mark.xml">
		<feat xlink:href="#sSpan1" value="Greek"/>
		<feat xlink:href="#sSpan16" value="Latin"/>
		<feat xlink:href="#sSpan114" value="Greek"/>
		<feat xlink:href="#sSpan178" value="Greek"/>
		<feat xlink:href="#sSpan204" value="Greek"/>
		<feat xlink:href="#sSpan291" value="Hebrew"/>
		<feat xlink:href="#sSpan299" value="Latin"/>
		<feat xlink:href="#sSpan304" value="Greek"/>
		<feat xlink:href="#sSpan343" value="Hebrew"/>
		<feat xlink:href="#sSpan353" value="Greek"/>
		<feat xlink:href="#sSpan404" value="Greek"/>
		<feat xlink:href="#sSpan418" value="Latin"/>
		<feat xlink:href="#sSpan449" value="Greek"/>
		<feat xlink:href="#sSpan454" value="Greek"/>
		<feat xlink:href="#sSpan497" value="Greek"/>
		<feat xlink:href="#sSpan507" value="Greek"/>
		<feat xlink:href="#sSpan522" value="Hebrew"/>
		<feat xlink:href="#sSpan526" value="Latin"/>
		<feat xlink:href="#sSpan541" value="Greek"/>
		<feat xlink:href="#sSpan565" value="Latin"/>
		<feat xlink:href="#sSpan609" value="Greek"/>
		<feat xlink:href="#sSpan642" value="Greek"/>
		<feat xlink:href="#sSpan653" value="Greek"/>
		<feat xlink:href="#sSpan674" value="Hebrew"/>
		<feat xlink:href="#sSpan678" value="Latin"/>
		<feat xlink:href="#sSpan784" value="Greek"/>
		<feat xlink:href="#sSpan791" value="Greek"/>
		<feat xlink:href="#sSpan859" value="Latin"/>
		<feat xlink:href="#sSpan862" value="Greek"/>
		<feat xlink:href="#sSpan873" value="Greek"/>
		<feat xlink:href="#sSpan979" value="Latin"/>
		<feat xlink:href="#sSpan1010" value="Greek"/>
		<feat xlink:href="#sSpan1066" value="Greek"/>
		<feat xlink:href="#sSpan1079" value="Greek"/>
		<feat xlink:href="#sSpan1087" value="Greek"/>
		<feat xlink:href="#sSpan1100" value="Greek"/>
		<feat xlink:href="#sSpan1125" value="Greek"/>
		<feat xlink:href="#sSpan1135" value="Latin"/>
		<feat xlink:href="#sSpan1222" value="Hebrew"/>
		<feat xlink:href="#sSpan1232" value="Latin"/>
		<feat xlink:href="#sSpan1237" value="Greek"/>
		<feat xlink:href="#sSpan1296" value="Hebrew"/>
		<feat xlink:href="#sSpan1305" value="Greek"/>
		<feat xlink:href="#sSpan1321" value="Greek"/>
		<feat xlink:href="#sSpan1420" value="Hebrew"/>
		<feat xlink:href="#sSpan1443" value="Greek"/>
		<feat xlink:href="#sSpan1485" value="Latin"/>
		<feat xlink:href="#sSpan1529" value="Greek"/>
		<feat xlink:href="#sSpan1552" value="Hebrew"/>
		<feat xlink:href="#sSpan1556" value="Latin"/>
		<feat xlink:href="#sSpan1600" value="Greek"/>
		<feat xlink:href="#sSpan1613" value="Greek"/>
		<feat xlink:href="#sSpan1655" value="Greek"/>
		<feat xlink:href="#sSpan1714" value="Greek"/>
		<feat xlink:href="#sSpan1724" value="Latin"/>
		<feat xlink:href="#sSpan1742" value="Greek"/>
		<feat xlink:href="#sSpan1756" value="Greek"/>
		<feat xlink:href="#sSpan1759" value="Greek"/>
		<feat xlink:href="#sSpan1822" value="Greek"/>
		<feat xlink:href="#sSpan1878" value="Hebrew"/>
		<feat xlink:href="#sSpan1882" value="Latin"/>
		<feat xlink:href="#sSpan1944" value="Greek"/>
		<feat xlink:href="#sSpan1947" value="Greek"/>
		<feat xlink:href="#sSpan1952" value="Hebrew"/>
		<feat xlink:href="#sSpan1957" value="Latin"/>
		<feat xlink:href="#sSpan1975" value="Greek"/>
		<feat xlink:href="#sSpan1993" value="Greek"/>
		<feat xlink:href="#sSpan2014" value="Greek"/>
		<feat xlink:href="#sSpan2087" value="Greek"/>
		<feat xlink:href="#sSpan2131" value="Greek"/>
		<feat xlink:href="#sSpan2193" value="Greek"/>
		<feat xlink:href="#sSpan2235" value="Greek"/>
		<feat xlink:href="#sSpan2251" value="Greek"/>
		<feat xlink:href="#sSpan2268" value="Greek"/>
		<feat xlink:href="#sSpan2279" value="Greek"/>
		<feat xlink:href="#sSpan2322" value="Greek"/>
		<feat xlink:href="#sSpan2325" value="Greek"/>
		<feat xlink:href="#sSpan2376" value="Greek"/>
		<feat xlink:href="#sSpan2445" value="Greek"/>
		<feat xlink:href="#sSpan2471" value="Greek"/>
		<feat xlink:href="#sSpan2525" value="Hebrew"/>
		<feat xlink:href="#sSpan2529" value="Latin"/>
		<feat xlink:href="#sSpan2599" value="Greek"/>
		<feat xlink:href="#sSpan2616" value="Greek"/>
		<feat xlink:href="#sSpan2628" value="Greek"/>
		<feat xlink:href="#sSpan2701" value="Greek"/>
		<feat xlink:href="#sSpan2716" value="Greek"/>
		<feat xlink:href="#sSpan2789" value="Greek"/>
		<feat xlink:href="#sSpan2839" value="Greek"/>
		<feat xlink:href="#sSpan2851" value="Greek"/>
		<feat xlink:href="#sSpan3009" value="Greek"/>
		<feat xlink:href="#sSpan3012" value="Greek"/>
		<feat xlink:href="#sSpan3073" value="Greek"/>
		<feat xlink:href="#sSpan3141" value="Latin"/>
		<feat xlink:href="#sSpan3148" value="Hebrew"/>
		<feat xlink:href="#sSpan3152" value="Latin"/>
		<feat xlink:href="#sSpan3178" value="Greek"/>
		<feat xlink:href="#sSpan3191" value="Hebrew"/>
		<feat xlink:href="#sSpan3195" value="Latin"/>
		<feat xlink:href="#sSpan3251" value="Latin"/>
		<feat xlink:href="#sSpan3258" value="Greek"/>
		<feat xlink:href="#sSpan3285" value="Hebrew"/>
		<feat xlink:href="#sSpan3289" value="Latin"/>
		<feat xlink:href="#sSpan3316" value="Greek"/>
		<feat xlink:href="#sSpan3371" value="Latin"/>
		<feat xlink:href="#sSpan3408" value="Hebrew"/>
		<feat xlink:href="#sSpan3412" value="Latin"/>
		<feat xlink:href="#sSpan3421" value="Greek"/>
		<feat xlink:href="#sSpan3453" value="Latin"/>
		<feat xlink:href="#sSpan3464" value="Greek"/>
		<feat xlink:href="#sSpan3473" value="Greek"/>
		<feat xlink:href="#sSpan3500" value="Hebrew"/>
		<feat xlink:href="#sSpan3504" value="Latin"/>
		<feat xlink:href="#sSpan3540" value="Greek"/>
		<feat xlink:href="#sSpan3547" value="Greek"/>
		<feat xlink:href="#sSpan3650" value="Greek"/>
		<feat xlink:href="#sSpan3701" value="Greek"/>
		<feat xlink:href="#sSpan3715" value="Latin"/>
		<feat xlink:href="#sSpan3718" value="Greek"/>
		<feat xlink:href="#sSpan3788" value="Greek"/>
		<feat xlink:href="#sSpan3815" value="Greek"/>
		<feat xlink:href="#sSpan3876" value="Greek"/>
		<feat xlink:href="#sSpan3897" value="Hebrew"/>
		<feat xlink:href="#sSpan3905" value="Latin"/>
		<feat xlink:href="#sSpan3910" value="Greek"/>
		<feat xlink:href="#sSpan3946" value="Greek"/>
		<feat xlink:href="#sSpan3985" value="Greek"/>
		<feat xlink:href="#sSpan4053" value="Greek"/>
		<feat xlink:href="#sSpan4122" value="Greek"/>
		<feat xlink:href="#sSpan4141" value="Greek"/>
		<feat xlink:href="#sSpan4153" value="Latin"/>
		<feat xlink:href="#sSpan4162" value="Greek"/>
		<feat xlink:href="#sSpan4188" value="Greek"/>
		<feat xlink:href="#sSpan4226" value="Hebrew"/>
		<feat xlink:href="#sSpan4230" value="Latin"/>
		<feat xlink:href="#sSpan4255" value="Latin"/>
		<feat xlink:href="#sSpan4297" value="Greek"/>
		<feat xlink:href="#sSpan4417" value="Greek"/>
		<feat xlink:href="#sSpan4460" value="Greek"/>
		<feat xlink:href="#sSpan4483" value="Hebrew"/>
		<feat xlink:href="#sSpan4492" value="Greek"/>
		<feat xlink:href="#sSpan4516" value="Hebrew"/>
		<feat xlink:href="#sSpan4534" value="Latin"/>
		<feat xlink:href="#sSpan4537" value="Greek"/>
		<feat xlink:href="#sSpan4614" value="Greek"/>
		<feat xlink:href="#sSpan4708" value="Greek"/>
		<feat xlink:href="#sSpan4712" value="Hebrew"/>
		<feat xlink:href="#sSpan4717" value="Latin"/>
		<feat xlink:href="#sSpan4825" value="Greek"/>
		<feat xlink:href="#sSpan4879" value="Greek"/>
		<feat xlink:href="#sSpan4911" value="Latin"/>
		<feat xlink:href="#sSpan4914" value="Greek"/>
		<feat xlink:href="#sSpan4925" value="Greek"/>
		<feat xlink:href="#sSpan4947" value="Greek"/>
		<feat xlink:href="#sSpan5008" value="Greek"/>
		<feat xlink:href="#sSpan5155" value="Greek"/>
		<feat xlink:href="#sSpan5177" value="Latin"/>
		<feat xlink:href="#sSpan5180" value="Greek"/>
		<feat xlink:href="#sSpan5212" value="Greek"/>
		<feat xlink:href="#sSpan5300" value="Greek"/>
		<feat xlink:href="#sSpan5323" value="Hebrew"/>
		<feat xlink:href="#sSpan5331" value="Latin"/>
		<feat xlink:href="#sSpan5337" value="Greek"/>
		<feat xlink:href="#sSpan5399" value="Greek"/>
		<feat xlink:href="#sSpan5460" value="Greek"/>
		<feat xlink:href="#sSpan5470" value="Latin"/>
		<feat xlink:href="#sSpan5488" value="Greek"/>
		<feat xlink:href="#sSpan5514" value="Hebrew"/>
		<feat xlink:href="#sSpan5522" value="Latin"/>
		<feat xlink:href="#sSpan5527" value="Greek"/>
		<feat xlink:href="#sSpan5561" value="Greek"/>
		<feat xlink:href="#sSpan5641" value="Greek"/>
		<feat xlink:href="#sSpan5654" value="Latin"/>
		<feat xlink:href="#sSpan5663" value="Greek"/>
		<feat xlink:href="#sSpan5724" value="Latin"/>
		<feat xlink:href="#sSpan5851" value="Greek"/>
		<feat xlink:href="#sSpan5877" value="Hebrew"/>
		<feat xlink:href="#sSpan5887" value="Latin"/>
		<feat xlink:href="#sSpan5892" value="Greek"/>
		<feat xlink:href="#sSpan5910" value="Latin"/>
		<feat xlink:href="#sSpan5923" value="Greek"/>
		<feat xlink:href="#sSpan6043" value="Greek"/>
		<feat xlink:href="#sSpan6059" value="Greek"/>
		<feat xlink:href="#sSpan6072" value="Greek"/>
		<feat xlink:href="#sSpan6080" value="Greek"/>
		<feat xlink:href="#sSpan6138" value="Greek"/>
		<feat xlink:href="#sSpan6165" value="Greek"/>
		<feat xlink:href="#sSpan6183" value="Greek"/>
		<feat xlink:href="#sSpan6192" value="Greek"/>
		<feat xlink:href="#sSpan6245" value="Greek"/>
		<feat xlink:href="#sSpan6292" value="Greek"/>
		<feat xlink:href="#sSpan6313" value="Greek"/>
		<feat xlink:href="#sSpan6329" value="Latin"/>
		<feat xlink:href="#sSpan6332" value="Greek"/>
		<feat xlink:href="#sSpan6367" value="Greek"/>
		<feat xlink:href="#sSpan6424" value="Greek"/>
		<feat xlink:href="#sSpan6432" value="Hebrew"/>
		<feat xlink:href="#sSpan6440" value="Latin"/>
		<feat xlink:href="#sSpan6445" value="Greek"/>
		<feat xlink:href="#sSpan6466" value="Greek"/>
		<feat xlink:href="#sSpan6528" value="Greek"/>
		<feat xlink:href="#sSpan6558" value="Latin"/>
		<feat xlink:href="#sSpan6561" value="Greek"/>
		<feat xlink:href="#sSpan6575" value="Greek"/>
		<feat xlink:href="#sSpan6605" value="Greek"/>
		<feat xlink:href="#sSpan6668" value="Greek"/>
		<feat xlink:href="#sSpan6728" value="Greek"/>
		<feat xlink:href="#sSpan6751" value="Latin"/>
		<feat xlink:href="#sSpan6754" value="Greek"/>
		<feat xlink:href="#sSpan6863" value="Latin"/>
		<feat xlink:href="#sSpan6907" value="Hebrew"/>
		<feat xlink:href="#sSpan6915" value="Latin"/>
		<feat xlink:href="#sSpan6920" value="Greek"/>
		<feat xlink:href="#sSpan7073" value="Latin"/>
		<feat xlink:href="#sSpan7076" value="Greek"/>
		<feat xlink:href="#sSpan7117" value="Greek"/>
		<feat xlink:href="#sSpan7132" value="Greek"/>
		<feat xlink:href="#sSpan7165" value="Hebrew"/>
		<feat xlink:href="#sSpan7175" value="Latin"/>
		<feat xlink:href="#sSpan7180" value="Greek"/>
		<feat xlink:href="#sSpan7198" value="Latin"/>
		<feat xlink:href="#sSpan7211" value="Greek"/>
		<feat xlink:href="#sSpan7305" value="Greek"/>
		<feat xlink:href="#sSpan7315" value="Greek"/>
		<feat xlink:href="#sSpan7368" value="Greek"/>
		<feat xlink:href="#sSpan7412" value="Greek"/>
		<feat xlink:href="#sSpan7433" value="Greek"/>
		<feat xlink:href="#sSpan7452" value="Greek"/>
		<feat xlink:href="#sSpan7471" value="Greek"/>
		<feat xlink:href="#sSpan7474" value="Hebrew"/>
		<feat xlink:href="#sSpan7479" value="Latin"/>
		<feat xlink:href="#sSpan7511" value="Greek"/>
		<feat xlink:href="#sSpan7577" value="Greek"/>
		<feat xlink:href="#sSpan7600" value="Greek"/>
		<feat xlink:href="#sSpan7657" value="Greek"/>
		<feat xlink:href="#sSpan7662" value="Hebrew"/>
		<feat xlink:href="#sSpan7668" value="Latin"/>
		<feat xlink:href="#sSpan7722" value="Greek"/>
		<feat xlink:href="#sSpan7742" value="Greek"/>
		<feat xlink:href="#sSpan7766" value="Greek"/>
		<feat xlink:href="#sSpan7781" value="Greek"/>
		<feat xlink:href="#sSpan7860" value="Hebrew"/>
		<feat xlink:href="#sSpan7869" value="Greek"/>
		<feat xlink:href="#sSpan7879" value="Greek"/>
		<feat xlink:href="#sSpan7900" value="Greek"/>
		<feat xlink:href="#sSpan7914" value="Greek"/>
		<feat xlink:href="#sSpan7924" value="Greek"/>
		<feat xlink:href="#sSpan7956" value="Greek"/>
		<feat xlink:href="#sSpan7984" value="Hebrew"/>
		<feat xlink:href="#sSpan8010" value="Greek"/>
		<feat xlink:href="#sSpan8021" value="Greek"/>
		<feat xlink:href="#sSpan8037" value="Hebrew"/>
		<feat xlink:href="#sSpan8054" value="Greek"/>
		<feat xlink:href="#sSpan8069" value="Hebrew"/>
		<feat xlink:href="#sSpan8090" value="Hebrew"/>
		<feat xlink:href="#sSpan8109" value="Hebrew"/>
		<feat xlink:href="#sSpan8147" value="Hebrew"/>
		<feat xlink:href="#sSpan8155" value="Greek"/>
		<feat xlink:href="#sSpan8203" value="Hebrew"/>
		<feat xlink:href="#sSpan8219" value="Greek"/>
		<feat xlink:href="#sSpan8235" value="Hebrew"/>
		<feat xlink:href="#sSpan8303" value="Hebrew"/>
		<feat xlink:href="#sSpan8310" value="Greek"/>
		<feat xlink:href="#sSpan8400" value="Greek"/>
		<feat xlink:href="#sSpan8425" value="Akkadian"/>
		<feat xlink:href="#sSpan8484" value="Hebrew"/>
		<feat xlink:href="#sSpan8498" value="Hebrew"/>
		<feat xlink:href="#sSpan8518" value="Greek"/>
		<feat xlink:href="#sSpan8524" value="Hebrew"/>
		<feat xlink:href="#sSpan8530" value="Latin"/>
		<feat xlink:href="#sSpan8557" value="Greek"/>
		<feat xlink:href="#sSpan8620" value="Greek"/>
		<feat xlink:href="#sSpan8634" value="Greek"/>
		<feat xlink:href="#sSpan8682" value="Greek"/>
		<feat xlink:href="#sSpan8703" value="Greek"/>
		<feat xlink:href="#sSpan8730" value="Latin"/>
		<feat xlink:href="#sSpan8733" value="Greek"/>
		<feat xlink:href="#sSpan8776" value="Greek"/>
		<feat xlink:href="#sSpan8822" value="Greek"/>
		<feat xlink:href="#sSpan8834" value="Latin"/>
		<feat xlink:href="#sSpan8917" value="Greek"/>
		<feat xlink:href="#sSpan8945" value="Greek"/>
		<feat xlink:href="#sSpan8981" value="Latin"/>
		<feat xlink:href="#sSpan8984" value="Greek"/></featList></paula>