<?xml version='1.0' encoding='UTF-8'?><!DOCTYPE paula SYSTEM "paula_feat.dtd">
<paula version="1.1">
	<header paula_id="scriptorium.martyrdom.victor.07.mark_multiword"/>
	<featList xmlns:xlink="http://www.w3.org/1999/xlink" type="multiword" xml:base="scriptorium.martyrdom.victor.07.mark.xml">
		<feat xlink:href="#sSpan78" value="ⲉⲓⲛⲉ ⲛ"/>
		<feat xlink:href="#sSpan586" value="ⲉⲧⲃⲉ ⲟⲩ"/>
		<feat xlink:href="#sSpan695" value="ⲉⲃⲟⲗ ϫⲉ"/>
		<feat xlink:href="#sSpan731" value="ⲉⲧⲃⲉ ⲡⲁⲓ"/>
		<feat xlink:href="#sSpan1373" value="ⲃⲱⲗ ⲉⲃⲟⲗ"/>
		<feat xlink:href="#sSpan1647" value="ⲉⲓⲛⲉ ⲛ"/>
		<feat xlink:href="#sSpan1686" value="ⲃⲱⲗ ⲉⲃⲟⲗ"/>
		<feat xlink:href="#sSpan1847" value="ⲙⲏⲏϣⲉ ⲛ"/>
		<feat xlink:href="#sSpan2054" value="ⲃⲱⲗ ⲉⲃⲟⲗ"/>
		<feat xlink:href="#sSpan3021" value="ⲛⲕⲁ ⲛⲓⲙ"/>
		<feat xlink:href="#sSpan3554" value="ⲕⲱ ⲉϩⲣⲁⲓ"/>
		<feat xlink:href="#sSpan3662" value="ⲉⲓ ⲛ"/>
		<feat xlink:href="#sSpan3840" value="ϣⲏⲣⲉ ϣⲏⲙ"/>
		<feat xlink:href="#sSpan4032" value="ⲙⲟⲟϣⲉ ϩⲛ"/>
		<feat xlink:href="#sSpan4172" value="ⲉⲓⲛⲉ ⲉⲃⲟⲗ"/>
		<feat xlink:href="#sSpan4330" value="ⲉ ⲁ"/>
		<feat xlink:href="#sSpan4381" value="ⲉⲓ ⲉⲃⲟⲗ"/>
		<feat xlink:href="#sSpan4552" value="ⲉⲓⲛⲉ ⲛ"/>
		<feat xlink:href="#sSpan4671" value="ϩⲉ ⲉϩⲣⲁⲓ"/>
		<feat xlink:href="#sSpan4983" value="ⲛⲟⲩϫⲉ ⲉϩⲟⲩⲛ"/>
		<feat xlink:href="#sSpan5097" value="ⲉⲃⲟⲗ ϫⲉ"/>
		<feat xlink:href="#sSpan5737" value="ⲛⲟⲩϫⲉ ⲛ"/>
		<feat xlink:href="#sSpan5818" value="ϩⲉ ⲉϩⲣⲁⲓ"/>
		<feat xlink:href="#sSpan5854" value="ⲉⲓ ⲉϩⲣⲁⲓ"/>
		<feat xlink:href="#sSpan6112" value="ⲛⲁⲩ ⲉⲃⲟⲗ"/>
		<feat xlink:href="#sSpan6269" value="ⲉⲧⲃⲉ ⲡⲁⲓ"/>
		<feat xlink:href="#sSpan6687" value="ⲃⲱⲕ ⲉ"/>
		<feat xlink:href="#sSpan6971" value="ϣⲱⲡ ⲛ"/>
		<feat xlink:href="#sSpan7007" value="ⲛⲁⲩ ⲉⲃⲟⲗ"/>
		<feat xlink:href="#sSpan7053" value="ⲛⲁⲩ ⲉⲃⲟⲗ"/>
		<feat xlink:href="#sSpan7615" value="ⲱϣ ⲉⲃⲟⲗ"/>
		<feat xlink:href="#sSpan8176" value="ⲉⲃⲟⲗ ϩⲛ"/>
		<feat xlink:href="#sSpan8574" value="ⲉⲃⲟⲗ ϩⲛ"/></featList></paula>