<?xml version='1.0' encoding='UTF-8'?><!DOCTYPE paula SYSTEM "paula_feat.dtd">
<paula version="1.1">
	<header paula_id="scriptorium.40_Matthew_06.mark_norm"/>
	<featList xmlns:xlink="http://www.w3.org/1999/xlink" type="norm" xml:base="scriptorium.40_Matthew_06.mark.xml">
		<feat xlink:href="#sSpan2" value="ϯ"/>
		<feat xlink:href="#sSpan4" value="ϩⲧⲏ"/>
		<feat xlink:href="#sSpan5" value="ⲧⲛ"/>
		<feat xlink:href="#sSpan6" value="ⲉ"/>
		<feat xlink:href="#sSpan8" value="ⲡⲉⲧⲛ"/>
		<feat xlink:href="#sSpan9" value="ϯ"/>
		<feat xlink:href="#sSpan10" value="ⲉ"/>
		<feat xlink:href="#sSpan12" value="ⲧⲙ"/>
		<feat xlink:href="#sSpan13" value="ⲁⲁ"/>
		<feat xlink:href="#sSpan14" value="ϥ"/>
		<feat xlink:href="#sSpan15" value="ⲙ"/>
		<feat xlink:href="#sSpan17" value="ⲡⲉ"/>
		<feat xlink:href="#sSpan18" value="ⲙⲧⲟ"/>
		<feat xlink:href="#sSpan19" value="ⲉⲃⲟⲗ"/>
		<feat xlink:href="#sSpan21" value="ⲛⲛⲉ"/>
		<feat xlink:href="#sSpan23" value="ⲣⲱⲙⲉ"/>
		<feat xlink:href="#sSpan24" value="ϫⲉⲕⲁⲁⲥ"/>
		<feat xlink:href="#sSpan26" value="ⲉ"/>
		<feat xlink:href="#sSpan28" value="ⲩ"/>
		<feat xlink:href="#sSpan29" value="ⲉ"/>
		<feat xlink:href="#sSpan30" value="ⲛⲁⲩ"/>
		<feat xlink:href="#sSpan31" value="ⲉⲣⲱ"/>
		<feat xlink:href="#sSpan33" value="ⲧⲛ"/>
		<feat xlink:href="#sSpan34" value="."/>
		<feat xlink:href="#sSpan36" value="ⲉϣⲱⲡⲉ"/>
		<feat xlink:href="#sSpan38" value="ⲙⲙⲟ"/>
		<feat xlink:href="#sSpan40" value="ⲛ"/>
		<feat xlink:href="#sSpan41" value="ⲙⲛ"/>
		<feat xlink:href="#sSpan43" value="ⲧⲏⲧⲛⲃⲉⲕⲉ"/>
		<feat xlink:href="#sSpan45" value="ⲙⲙⲁⲩ"/>
		<feat xlink:href="#sSpan47" value="ⲛⲛⲁϩⲣⲙ"/>
		<feat xlink:href="#sSpan49" value="ⲡⲉⲧⲛ"/>
		<feat xlink:href="#sSpan51" value="ⲉⲓⲱⲧ"/>
		<feat xlink:href="#sSpan52" value="ⲉⲧ"/>
		<feat xlink:href="#sSpan54" value="ϩⲛ"/>
		<feat xlink:href="#sSpan55" value="ⲙ"/>
		<feat xlink:href="#sSpan57" value="ⲡⲏⲩⲉ"/>
		<feat xlink:href="#sSpan58" value="."/>
		<feat xlink:href="#sSpan61" value="ϩⲟⲧⲁⲛ"/>
		<feat xlink:href="#sSpan63" value="ϭⲉ"/>
		<feat xlink:href="#sSpan65" value="ⲕϣⲁⲛ"/>
		<feat xlink:href="#sSpan67" value="ⲉⲓⲣⲉ"/>
		<feat xlink:href="#sSpan68" value="ⲛ"/>
		<feat xlink:href="#sSpan70" value="ⲟⲩ"/>
		<feat xlink:href="#sSpan72" value="ⲙⲛⲧⲛⲁ"/>
		<feat xlink:href="#sSpan74" value="ⲙⲡⲣ"/>
		<feat xlink:href="#sSpan76" value="ⲱϣ"/>
		<feat xlink:href="#sSpan77" value="ⲉⲃⲟⲗ"/>
		<feat xlink:href="#sSpan79" value="ϩⲁ"/>
		<feat xlink:href="#sSpan81" value="ⲧⲉⲕ"/>
		<feat xlink:href="#sSpan82" value="ϩⲏ"/>
		<feat xlink:href="#sSpan83" value="ⲛ"/>
		<feat xlink:href="#sSpan85" value="ⲧ"/>
		<feat xlink:href="#sSpan86" value="ϩⲉ"/>
		<feat xlink:href="#sSpan87" value="ⲉⲧⲉⲣⲉ"/>
		<feat xlink:href="#sSpan89" value="ⲛ"/>
		<feat xlink:href="#sSpan91" value="ϩⲩⲡⲟⲕⲣⲓⲧⲏⲥ"/>
		<feat xlink:href="#sSpan92" value="ⲉⲓⲣⲉ"/>
		<feat xlink:href="#sSpan94" value="ⲙⲙⲟ"/>
		<feat xlink:href="#sSpan96" value="ⲥ"/>
		<feat xlink:href="#sSpan97" value="ϩⲣⲁⲓ"/>
		<feat xlink:href="#sSpan99" value="ϩⲛ"/>
		<feat xlink:href="#sSpan101" value="ⲛ"/>
		<feat xlink:href="#sSpan103" value="ⲥⲩⲛⲁⲅⲱⲅⲏ"/>
		<feat xlink:href="#sSpan104" value="ⲁⲩⲱ"/>
		<feat xlink:href="#sSpan106" value="ϩⲣⲁⲓ"/>
		<feat xlink:href="#sSpan108" value="ϩⲛ"/>
		<feat xlink:href="#sSpan110" value="ⲛ"/>
		<feat xlink:href="#sSpan112" value="ϩⲓⲣ"/>
		<feat xlink:href="#sSpan113" value="."/>
		<feat xlink:href="#sSpan115" value="ϫⲉⲕⲁⲁⲥ"/>
		<feat xlink:href="#sSpan117" value="ⲉⲩⲉ"/>
		<feat xlink:href="#sSpan120" value="ϫⲓⲉⲟⲟⲩ"/>
		<feat xlink:href="#sSpan122" value="ⲉⲃⲟⲗ"/>
		<feat xlink:href="#sSpan124" value="ϩⲓ"/>
		<feat xlink:href="#sSpan126" value="ⲧⲟⲟⲧ"/>
		<feat xlink:href="#sSpan127" value="ⲟⲩ"/>
		<feat xlink:href="#sSpan128" value="ⲛ"/>
		<feat xlink:href="#sSpan130" value="ⲛ"/>
		<feat xlink:href="#sSpan131" value="ⲣⲱⲙⲉ"/>
		<feat xlink:href="#sSpan132" value="."/>
		<feat xlink:href="#sSpan134" value="ϩⲁⲙⲏⲛ"/>
		<feat xlink:href="#sSpan136" value="ϯ"/>
		<feat xlink:href="#sSpan138" value="ϫⲱ"/>
		<feat xlink:href="#sSpan139" value="ⲙⲙⲟ"/>
		<feat xlink:href="#sSpan141" value="ⲥ"/>
		<feat xlink:href="#sSpan142" value="ⲛⲏ"/>
		<feat xlink:href="#sSpan144" value="ⲧⲛ"/>
		<feat xlink:href="#sSpan145" value="ϫⲉ"/>
		<feat xlink:href="#sSpan147" value="ⲁ"/>
		<feat xlink:href="#sSpan149" value="ⲩ"/>
		<feat xlink:href="#sSpan150" value="ⲟⲩⲱ"/>
		<feat xlink:href="#sSpan151" value="ⲉ"/>
		<feat xlink:href="#sSpan153" value="ⲩ"/>
		<feat xlink:href="#sSpan154" value="ϫⲓ"/>
		<feat xlink:href="#sSpan155" value="ⲙ"/>
		<feat xlink:href="#sSpan157" value="ⲡⲉⲩ"/>
		<feat xlink:href="#sSpan158" value="ⲃⲉⲕⲉ"/>
		<feat xlink:href="#sSpan159" value="."/>
		<feat xlink:href="#sSpan162" value="ⲛⲧⲟⲕ"/>
		<feat xlink:href="#sSpan164" value="ⲇⲉ"/>
		<feat xlink:href="#sSpan166" value="ⲉ"/>
		<feat xlink:href="#sSpan168" value="ⲕ"/>
		<feat xlink:href="#sSpan169" value="ⲉⲓⲣⲉ"/>
		<feat xlink:href="#sSpan170" value="ⲛ"/>
		<feat xlink:href="#sSpan172" value="ⲟⲩ"/>
		<feat xlink:href="#sSpan174" value="ⲙⲛⲧⲛⲁ"/>
		<feat xlink:href="#sSpan176" value="ⲙⲡⲣⲧⲣⲉ"/>
		<feat xlink:href="#sSpan178" value="ⲧⲉⲕ"/>
		<feat xlink:href="#sSpan179" value="ϩⲃⲟⲩⲣ"/>
		<feat xlink:href="#sSpan180" value="ⲉⲓⲙⲉ"/>
		<feat xlink:href="#sSpan182" value="ϫⲉ"/>
		<feat xlink:href="#sSpan184" value="ⲟⲩ"/>
		<feat xlink:href="#sSpan186" value="ⲡ"/>
		<feat xlink:href="#sSpan188" value="ⲉⲧⲉⲣⲉ"/>
		<feat xlink:href="#sSpan189" value="ⲧⲉⲕ"/>
		<feat xlink:href="#sSpan191" value="ⲟⲩⲛⲁⲙ"/>
		<feat xlink:href="#sSpan192" value="ⲉⲓⲣⲉ"/>
		<feat xlink:href="#sSpan194" value="ⲙⲙⲟ"/>
		<feat xlink:href="#sSpan196" value="ϥ"/>
		<feat xlink:href="#sSpan197" value="."/>
		<feat xlink:href="#sSpan200" value="ϫⲉⲕⲁⲁⲥ"/>
		<feat xlink:href="#sSpan202" value="ⲉⲣⲉ"/>
		<feat xlink:href="#sSpan204" value="ⲧⲉⲕ"/>
		<feat xlink:href="#sSpan206" value="ⲙⲛⲧⲛ"/>
		<feat xlink:href="#sSpan208" value="ⲁ"/>
		<feat xlink:href="#sSpan209" value="ϣⲱⲡⲉ"/>
		<feat xlink:href="#sSpan211" value="ϩⲛ"/>
		<feat xlink:href="#sSpan213" value="ⲟⲩ"/>
		<feat xlink:href="#sSpan215" value="ⲡⲉⲑⲏⲡ"/>
		<feat xlink:href="#sSpan216" value="ⲁⲩⲱ"/>
		<feat xlink:href="#sSpan218" value="ⲡⲉⲕ"/>
		<feat xlink:href="#sSpan220" value="ⲉⲓⲱⲧ"/>
		<feat xlink:href="#sSpan221" value="ⲉⲧ"/>
		<feat xlink:href="#sSpan223" value="ϭⲱϣⲧ"/>
		<feat xlink:href="#sSpan224" value="ⲉⲣⲟ"/>
		<feat xlink:href="#sSpan226" value="ⲕ"/>
		<feat xlink:href="#sSpan227" value="ϩⲙ"/>
		<feat xlink:href="#sSpan229" value="ⲡ"/>
		<feat xlink:href="#sSpan231" value="ⲡⲉⲑⲏⲡ"/>
		<feat xlink:href="#sSpan232" value="ϥ"/>
		<feat xlink:href="#sSpan234" value="ⲛⲁ"/>
		<feat xlink:href="#sSpan235" value="ⲧⲱⲱⲃⲉ"/>
		<feat xlink:href="#sSpan236" value="ⲛⲁ"/>
		<feat xlink:href="#sSpan238" value="ⲕ"/>
		<feat xlink:href="#sSpan239" value="."/>
		<feat xlink:href="#sSpan242" value="ⲉ"/>
		<feat xlink:href="#sSpan244" value="ⲧ"/>
		<feat xlink:href="#sSpan245" value="ⲉⲧ"/>
		<feat xlink:href="#sSpan246" value="ⲛⲉⲓ"/>
		<feat xlink:href="#sSpan247" value="ⲇⲉ"/>
		<feat xlink:href="#sSpan249" value="ⲉ"/>
		<feat xlink:href="#sSpan251" value="ⲧ"/>
		<feat xlink:href="#sSpan252" value="ⲉⲧ"/>
		<feat xlink:href="#sSpan253" value="ⲛⲁ"/>
		<feat xlink:href="#sSpan254" value="ϣⲗⲏⲗ"/>
		<feat xlink:href="#sSpan255" value="ⲛⲛⲉⲧⲛ"/>
		<feat xlink:href="#sSpan257" value="ϣⲱⲡⲉ"/>
		<feat xlink:href="#sSpan258" value="ⲛ"/>
		<feat xlink:href="#sSpan260" value="ⲧ"/>
		<feat xlink:href="#sSpan261" value="ϩⲉ"/>
		<feat xlink:href="#sSpan262" value="ⲛ"/>
		<feat xlink:href="#sSpan264" value="ⲛⲓ"/>
		<feat xlink:href="#sSpan265" value="ϩⲩⲡⲟⲕⲣⲓⲧⲏⲥ"/>
		<feat xlink:href="#sSpan266" value="ϫⲉ"/>
		<feat xlink:href="#sSpan268" value="ⲥⲉ"/>
		<feat xlink:href="#sSpan270" value="ⲙⲉ"/>
		<feat xlink:href="#sSpan271" value="ⲛⲁϩⲉⲣⲁⲧ"/>
		<feat xlink:href="#sSpan273" value="ⲟⲩ"/>
		<feat xlink:href="#sSpan274" value="ϩⲛ"/>
		<feat xlink:href="#sSpan276" value="ⲛ"/>
		<feat xlink:href="#sSpan278" value="ⲥⲩⲛⲁⲅⲱⲅⲏ"/>
		<feat xlink:href="#sSpan279" value="ⲙⲛ"/>
		<feat xlink:href="#sSpan281" value="ⲛ"/>
		<feat xlink:href="#sSpan283" value="ⲕⲗϫⲉ"/>
		<feat xlink:href="#sSpan284" value="ⲛ"/>
		<feat xlink:href="#sSpan286" value="ⲛⲉ"/>
		<feat xlink:href="#sSpan287" value="ⲡⲗⲁⲧⲓⲁ"/>
		<feat xlink:href="#sSpan288" value="ⲉ"/>
		<feat xlink:href="#sSpan290" value="ϣⲗⲏⲗ"/>
		<feat xlink:href="#sSpan291" value="ϫⲉⲕⲁⲁⲥ"/>
		<feat xlink:href="#sSpan293" value="ⲉⲩⲉ"/>
		<feat xlink:href="#sSpan295" value="ⲟⲩⲱⲛϩ"/>
		<feat xlink:href="#sSpan296" value="ⲉⲃⲟⲗ"/>
		<feat xlink:href="#sSpan298" value="ⲛ"/>
		<feat xlink:href="#sSpan300" value="ⲛ"/>
		<feat xlink:href="#sSpan301" value="ⲣⲱⲙⲉ"/>
		<feat xlink:href="#sSpan302" value="."/>
		<feat xlink:href="#sSpan304" value="ϩⲁⲙⲏⲛ"/>
		<feat xlink:href="#sSpan306" value="ϯ"/>
		<feat xlink:href="#sSpan308" value="ϫⲱ"/>
		<feat xlink:href="#sSpan309" value="ⲙⲙⲟ"/>
		<feat xlink:href="#sSpan311" value="ⲥ"/>
		<feat xlink:href="#sSpan312" value="ⲛⲏ"/>
		<feat xlink:href="#sSpan314" value="ⲧⲛ"/>
		<feat xlink:href="#sSpan315" value="ϫⲉ"/>
		<feat xlink:href="#sSpan317" value="ⲁ"/>
		<feat xlink:href="#sSpan319" value="ⲩ"/>
		<feat xlink:href="#sSpan320" value="ⲟⲩⲱ"/>
		<feat xlink:href="#sSpan321" value="ⲉ"/>
		<feat xlink:href="#sSpan323" value="ⲩ"/>
		<feat xlink:href="#sSpan324" value="ϫⲓ"/>
		<feat xlink:href="#sSpan325" value="ⲙ"/>
		<feat xlink:href="#sSpan327" value="ⲡⲉⲩ"/>
		<feat xlink:href="#sSpan328" value="ⲃⲉⲕⲉ"/>
		<feat xlink:href="#sSpan329" value="."/>
		<feat xlink:href="#sSpan332" value="ⲛⲧⲟⲕ"/>
		<feat xlink:href="#sSpan334" value="ⲇⲉ"/>
		<feat xlink:href="#sSpan336" value="ⲉ"/>
		<feat xlink:href="#sSpan338" value="ⲕ"/>
		<feat xlink:href="#sSpan339" value="ⲛⲁ"/>
		<feat xlink:href="#sSpan340" value="ϣⲗⲏⲗ"/>
		<feat xlink:href="#sSpan341" value="ⲃⲱⲕ"/>
		<feat xlink:href="#sSpan343" value="ⲉϩⲟⲩⲛ"/>
		<feat xlink:href="#sSpan345" value="ⲉⲡⲉⲕⲧⲁⲙⲓⲟⲛ"/>
		<feat xlink:href="#sSpan347" value="ⲛ"/>
		<feat xlink:href="#sSpan349" value="ⲅ"/>
		<feat xlink:href="#sSpan350" value="ϣⲧⲁⲙ"/>
		<feat xlink:href="#sSpan351" value="ⲙ"/>
		<feat xlink:href="#sSpan353" value="ⲡⲉ"/>
		<feat xlink:href="#sSpan354" value="ⲕⲣⲟ"/>
		<feat xlink:href="#sSpan355" value="."/>
		<feat xlink:href="#sSpan357" value="ⲛ"/>
		<feat xlink:href="#sSpan359" value="ⲅ"/>
		<feat xlink:href="#sSpan360" value="ϣⲗⲏⲗ"/>
		<feat xlink:href="#sSpan361" value="ⲉ"/>
		<feat xlink:href="#sSpan363" value="ⲡⲉⲕ"/>
		<feat xlink:href="#sSpan364" value="ⲉⲓⲱⲧ"/>
		<feat xlink:href="#sSpan365" value="ⲉ"/>
		<feat xlink:href="#sSpan367" value="ⲧ"/>
		<feat xlink:href="#sSpan368" value="ϩⲙ"/>
		<feat xlink:href="#sSpan369" value="ⲡ"/>
		<feat xlink:href="#sSpan371" value="ⲡⲉⲑⲏⲡ"/>
		<feat xlink:href="#sSpan372" value="."/>
		<feat xlink:href="#sSpan374" value="ⲁⲩⲱ"/>
		<feat xlink:href="#sSpan376" value="ⲡⲉⲕ"/>
		<feat xlink:href="#sSpan378" value="ⲉⲓⲱⲧ"/>
		<feat xlink:href="#sSpan379" value="ⲉⲧ"/>
		<feat xlink:href="#sSpan381" value="ϭⲱϣⲧ"/>
		<feat xlink:href="#sSpan382" value="ⲉⲣⲟ"/>
		<feat xlink:href="#sSpan384" value="ⲕ"/>
		<feat xlink:href="#sSpan385" value="ϩⲙ"/>
		<feat xlink:href="#sSpan387" value="ⲡ"/>
		<feat xlink:href="#sSpan389" value="ⲡⲉⲑⲏⲡ"/>
		<feat xlink:href="#sSpan390" value="ϥ"/>
		<feat xlink:href="#sSpan392" value="ⲛⲁ"/>
		<feat xlink:href="#sSpan393" value="ⲧⲱⲱⲃⲉ"/>
		<feat xlink:href="#sSpan394" value="ⲛⲁ"/>
		<feat xlink:href="#sSpan396" value="ⲕ"/>
		<feat xlink:href="#sSpan397" value="."/>
		<feat xlink:href="#sSpan400" value="ⲉ"/>
		<feat xlink:href="#sSpan402" value="ⲧⲉⲧⲛ"/>
		<feat xlink:href="#sSpan403" value="ϣⲗⲏⲗ"/>
		<feat xlink:href="#sSpan404" value="ⲇⲉ"/>
		<feat xlink:href="#sSpan406" value="ⲙⲡⲣ"/>
		<feat xlink:href="#sSpan409" value="ⲣϩⲁϩ"/>
		<feat xlink:href="#sSpan411" value="ⲛ"/>
		<feat xlink:href="#sSpan413" value="ϣⲁϫⲉ"/>
		<feat xlink:href="#sSpan414" value="ⲛ"/>
		<feat xlink:href="#sSpan416" value="ⲧ"/>
		<feat xlink:href="#sSpan417" value="ϩⲉ"/>
		<feat xlink:href="#sSpan418" value="ⲛ"/>
		<feat xlink:href="#sSpan420" value="ⲛⲓ"/>
		<feat xlink:href="#sSpan421" value="ϩⲉⲑⲛⲓⲕⲟⲥ"/>
		<feat xlink:href="#sSpan422" value="ⲉ"/>
		<feat xlink:href="#sSpan424" value="ⲩ"/>
		<feat xlink:href="#sSpan425" value="ⲙⲉⲉⲩⲉ"/>
		<feat xlink:href="#sSpan426" value="ⲅⲁⲣ"/>
		<feat xlink:href="#sSpan428" value="ϫⲉ"/>
		<feat xlink:href="#sSpan430" value="ϩⲣⲁⲓ"/>
		<feat xlink:href="#sSpan432" value="ϩⲛ"/>
		<feat xlink:href="#sSpan434" value="ⲧⲉⲩⲙⲛⲧϩⲁϩ"/>
		<feat xlink:href="#sSpan436" value="ⲛ"/>
		<feat xlink:href="#sSpan438" value="ϣⲁϫⲉ"/>
		<feat xlink:href="#sSpan439" value="ⲉ"/>
		<feat xlink:href="#sSpan441" value="ⲩ"/>
		<feat xlink:href="#sSpan442" value="ⲛⲁ"/>
		<feat xlink:href="#sSpan443" value="ⲥⲱⲧⲙ"/>
		<feat xlink:href="#sSpan444" value="ⲉⲣⲟ"/>
		<feat xlink:href="#sSpan446" value="ⲟⲩ"/>
		<feat xlink:href="#sSpan447" value="."/>
		<feat xlink:href="#sSpan450" value="ⲙⲡⲣ"/>
		<feat xlink:href="#sSpan452" value="ⲉⲓⲛⲉ"/>
		<feat xlink:href="#sSpan453" value="ϭⲉ"/>
		<feat xlink:href="#sSpan455" value="ⲙⲙⲟ"/>
		<feat xlink:href="#sSpan457" value="ⲩ"/>
		<feat xlink:href="#sSpan458" value="."/>
		<feat xlink:href="#sSpan460" value="ⲡ"/>
		<feat xlink:href="#sSpan462" value="ⲛⲟⲩⲧⲉ"/>
		<feat xlink:href="#sSpan463" value="ⲅⲁⲣ"/>
		<feat xlink:href="#sSpan465" value="ⲥⲟⲟⲩⲛ"/>
		<feat xlink:href="#sSpan467" value="ⲡⲉⲧⲛ"/>
		<feat xlink:href="#sSpan469" value="ⲉⲓⲱⲧ"/>
		<feat xlink:href="#sSpan470" value="ⲙⲡⲉ"/>
		<feat xlink:href="#sSpan472" value="ⲧⲉⲧⲛ"/>
		<feat xlink:href="#sSpan473" value="ⲣⲭⲣⲉⲓⲁ"/>
		<feat xlink:href="#sSpan474" value="ⲙⲙⲟ"/>
		<feat xlink:href="#sSpan476" value="ϥ"/>
		<feat xlink:href="#sSpan477" value="ⲙ"/>
		<feat xlink:href="#sSpan479" value="ⲡⲁ"/>
		<feat xlink:href="#sSpan480" value="ⲧⲉⲧⲛ"/>
		<feat xlink:href="#sSpan481" value="ⲁⲓⲧⲉⲓ"/>
		<feat xlink:href="#sSpan482" value="ⲙⲙⲟ"/>
		<feat xlink:href="#sSpan484" value="ϥ"/>
		<feat xlink:href="#sSpan485" value="."/>
		<feat xlink:href="#sSpan488" value="ⲧⲁⲓ"/>
		<feat xlink:href="#sSpan490" value="ϭⲉ"/>
		<feat xlink:href="#sSpan492" value="ⲧⲉ"/>
		<feat xlink:href="#sSpan494" value="ⲧ"/>
		<feat xlink:href="#sSpan496" value="ϩⲉ"/>
		<feat xlink:href="#sSpan497" value="ⲛⲧⲱⲧⲛ"/>
		<feat xlink:href="#sSpan499" value="ⲉ"/>
		<feat xlink:href="#sSpan501" value="ⲧ"/>
		<feat xlink:href="#sSpan502" value="ⲉⲧ"/>
		<feat xlink:href="#sSpan503" value="ⲛⲁ"/>
		<feat xlink:href="#sSpan504" value="ϣⲗⲏⲗ"/>
		<feat xlink:href="#sSpan505" value="ⲙⲙⲟ"/>
		<feat xlink:href="#sSpan507" value="ⲥ"/>
		<feat xlink:href="#sSpan508" value="."/>
		<feat xlink:href="#sSpan510" value="ϫⲉ"/>
		<feat xlink:href="#sSpan512" value="ⲡⲉⲛ"/>
		<feat xlink:href="#sSpan514" value="ⲉⲓⲱⲧ"/>
		<feat xlink:href="#sSpan515" value="ⲉⲧ"/>
		<feat xlink:href="#sSpan517" value="ϩⲛ"/>
		<feat xlink:href="#sSpan518" value="ⲙ"/>
		<feat xlink:href="#sSpan520" value="ⲡⲏⲩⲉ"/>
		<feat xlink:href="#sSpan521" value="ⲙⲁⲣⲉ"/>
		<feat xlink:href="#sSpan523" value="ⲡⲉⲕ"/>
		<feat xlink:href="#sSpan524" value="ⲣⲁⲛ"/>
		<feat xlink:href="#sSpan525" value="ⲟⲩⲟⲡ"/>
		<feat xlink:href="#sSpan527" value="."/>
		<feat xlink:href="#sSpan530" value="ⲧⲉⲕ"/>
		<feat xlink:href="#sSpan533" value="ⲙⲛⲧⲣⲣⲟ"/>
		<feat xlink:href="#sSpan535" value="ⲙⲁⲣⲉ"/>
		<feat xlink:href="#sSpan537" value="ⲥ"/>
		<feat xlink:href="#sSpan538" value="ⲉⲓ"/>
		<feat xlink:href="#sSpan539" value="ⲡⲉⲕ"/>
		<feat xlink:href="#sSpan541" value="ⲟⲩⲱϣ"/>
		<feat xlink:href="#sSpan542" value="ⲙⲁⲣⲉ"/>
		<feat xlink:href="#sSpan544" value="ϥ"/>
		<feat xlink:href="#sSpan545" value="ϣⲱⲡⲉ"/>
		<feat xlink:href="#sSpan546" value="."/>
		<feat xlink:href="#sSpan548" value="ⲛ"/>
		<feat xlink:href="#sSpan550" value="ⲧ"/>
		<feat xlink:href="#sSpan551" value="ϩⲉ"/>
		<feat xlink:href="#sSpan552" value="ⲉ"/>
		<feat xlink:href="#sSpan554" value="ⲧ"/>
		<feat xlink:href="#sSpan555" value="ⲉϥ"/>
		<feat xlink:href="#sSpan556" value="ϩⲛ"/>
		<feat xlink:href="#sSpan558" value="ⲧ"/>
		<feat xlink:href="#sSpan560" value="ⲡⲉ"/>
		<feat xlink:href="#sSpan561" value="ⲙⲁⲣⲉ"/>
		<feat xlink:href="#sSpan563" value="ϥ"/>
		<feat xlink:href="#sSpan564" value="ϣⲱⲡⲉ"/>
		<feat xlink:href="#sSpan565" value="ⲟⲛ"/>
		<feat xlink:href="#sSpan567" value="ϩⲓϫⲙ"/>
		<feat xlink:href="#sSpan569" value="ⲡ"/>
		<feat xlink:href="#sSpan571" value="ⲕⲁϩ"/>
		<feat xlink:href="#sSpan572" value="."/>
		<feat xlink:href="#sSpan575" value="ⲡⲉⲛ"/>
		<feat xlink:href="#sSpan577" value="ⲟⲉⲓⲕ"/>
		<feat xlink:href="#sSpan578" value="ⲉⲧ"/>
		<feat xlink:href="#sSpan580" value="ⲛⲏⲩ"/>
		<feat xlink:href="#sSpan581" value="ⲧⲁⲁ"/>
		<feat xlink:href="#sSpan583" value="ϥ"/>
		<feat xlink:href="#sSpan584" value="ⲛⲁ"/>
		<feat xlink:href="#sSpan586" value="ⲛ"/>
		<feat xlink:href="#sSpan587" value="ⲙ"/>
		<feat xlink:href="#sSpan589" value="ⲡ"/>
		<feat xlink:href="#sSpan590" value="ϩⲟⲟⲩ"/>
		<feat xlink:href="#sSpan591" value="."/>
		<feat xlink:href="#sSpan594" value="ⲕⲱ"/>
		<feat xlink:href="#sSpan596" value="ⲛⲁ"/>
		<feat xlink:href="#sSpan598" value="ⲛ"/>
		<feat xlink:href="#sSpan599" value="ⲉⲃⲟⲗ"/>
		<feat xlink:href="#sSpan601" value="ⲛ"/>
		<feat xlink:href="#sSpan603" value="ⲛ"/>
		<feat xlink:href="#sSpan604" value="ⲉⲧ"/>
		<feat xlink:href="#sSpan605" value="ⲉⲣⲟ"/>
		<feat xlink:href="#sSpan606" value="ⲛ"/>
		<feat xlink:href="#sSpan607" value="."/>
		<feat xlink:href="#sSpan609" value="ⲛ"/>
		<feat xlink:href="#sSpan611" value="ⲧ"/>
		<feat xlink:href="#sSpan612" value="ϩⲉ"/>
		<feat xlink:href="#sSpan613" value="ϩⲱⲱ"/>
		<feat xlink:href="#sSpan615" value="ⲛ"/>
		<feat xlink:href="#sSpan616" value="ⲟⲛ"/>
		<feat xlink:href="#sSpan618" value="ⲉ"/>
		<feat xlink:href="#sSpan620" value="ⲧⲉⲛ"/>
		<feat xlink:href="#sSpan621" value="ⲕⲱ"/>
		<feat xlink:href="#sSpan622" value="ⲉⲃⲟⲗ"/>
		<feat xlink:href="#sSpan624" value="ⲛⲛ"/>
		<feat xlink:href="#sSpan626" value="ⲉⲧⲉ"/>
		<feat xlink:href="#sSpan627" value="ⲟⲩⲛⲧⲁ"/>
		<feat xlink:href="#sSpan628" value="ⲛ"/>
		<feat xlink:href="#sSpan629" value="ⲉⲣⲟ"/>
		<feat xlink:href="#sSpan631" value="ⲟⲩ"/>
		<feat xlink:href="#sSpan632" value="."/>
		<feat xlink:href="#sSpan635" value="ⲛ"/>
		<feat xlink:href="#sSpan637" value="ⲅ"/>
		<feat xlink:href="#sSpan638" value="ⲧⲙ"/>
		<feat xlink:href="#sSpan639" value="ϫⲓⲧ"/>
		<feat xlink:href="#sSpan640" value="ⲛ"/>
		<feat xlink:href="#sSpan641" value="ⲉϩⲟⲩⲛ"/>
		<feat xlink:href="#sSpan643" value="ⲉ"/>
		<feat xlink:href="#sSpan645" value="ⲡ"/>
		<feat xlink:href="#sSpan646" value="ⲉⲓⲣⲁⲥⲙⲟⲥ"/>
		<feat xlink:href="#sSpan647" value="."/>
		<feat xlink:href="#sSpan649" value="ⲁⲗⲗⲁ"/>
		<feat xlink:href="#sSpan651" value="ⲛ"/>
		<feat xlink:href="#sSpan653" value="ⲅ"/>
		<feat xlink:href="#sSpan654" value="ⲛⲁϩⲙⲉ"/>
		<feat xlink:href="#sSpan655" value="ⲛ"/>
		<feat xlink:href="#sSpan656" value="ⲉⲃⲟⲗ"/>
		<feat xlink:href="#sSpan658" value="ϩⲓⲧⲙ"/>
		<feat xlink:href="#sSpan660" value="ⲡ"/>
		<feat xlink:href="#sSpan662" value="ⲡⲟⲛⲏⲣⲟⲥ"/>
		<feat xlink:href="#sSpan663" value="ϫⲉ"/>
		<feat xlink:href="#sSpan665" value="ⲧⲱⲕ"/>
		<feat xlink:href="#sSpan667" value="ⲧⲉ"/>
		<feat xlink:href="#sSpan669" value="ⲧ"/>
		<feat xlink:href="#sSpan671" value="ϭⲟⲙ"/>
		<feat xlink:href="#sSpan672" value="ⲙⲛ"/>
		<feat xlink:href="#sSpan674" value="ⲡ"/>
		<feat xlink:href="#sSpan676" value="ⲉⲟⲟⲩ"/>
		<feat xlink:href="#sSpan677" value="ϣⲁ"/>
		<feat xlink:href="#sSpan679" value="ⲛⲓ"/>
		<feat xlink:href="#sSpan680" value="ⲉⲛⲉϩ"/>
		<feat xlink:href="#sSpan681" value="ϩⲁⲙⲏⲛ"/>
		<feat xlink:href="#sSpan683" value="."/>
		<feat xlink:href="#sSpan686" value="ⲉⲧⲉⲧⲛϣⲁⲛ"/>
		<feat xlink:href="#sSpan688" value="ⲕⲱ"/>
		<feat xlink:href="#sSpan689" value="ⲅⲁⲣ"/>
		<feat xlink:href="#sSpan691" value="ⲉⲃⲟⲗ"/>
		<feat xlink:href="#sSpan693" value="ⲛ"/>
		<feat xlink:href="#sSpan695" value="ⲛ"/>
		<feat xlink:href="#sSpan696" value="ⲣⲱⲙⲉ"/>
		<feat xlink:href="#sSpan697" value="ⲛ"/>
		<feat xlink:href="#sSpan699" value="ⲛⲉⲩ"/>
		<feat xlink:href="#sSpan700" value="ⲛⲟⲃⲉ"/>
		<feat xlink:href="#sSpan701" value="ϥ"/>
		<feat xlink:href="#sSpan703" value="ⲛⲁ"/>
		<feat xlink:href="#sSpan704" value="ⲕⲱ"/>
		<feat xlink:href="#sSpan705" value="ϩⲱⲱ"/>
		<feat xlink:href="#sSpan707" value="ϥ"/>
		<feat xlink:href="#sSpan708" value="ⲛⲏ"/>
		<feat xlink:href="#sSpan710" value="ⲧⲛ"/>
		<feat xlink:href="#sSpan711" value="ⲉⲃⲟⲗ"/>
		<feat xlink:href="#sSpan713" value="ⲛϭⲓ"/>
		<feat xlink:href="#sSpan715" value="ⲡⲉⲧⲛ"/>
		<feat xlink:href="#sSpan717" value="ⲉⲓⲱⲧ"/>
		<feat xlink:href="#sSpan718" value="ⲉⲧ"/>
		<feat xlink:href="#sSpan720" value="ϩⲛ"/>
		<feat xlink:href="#sSpan721" value="ⲙ"/>
		<feat xlink:href="#sSpan723" value="ⲡⲏⲩⲉ"/>
		<feat xlink:href="#sSpan724" value="ⲛ"/>
		<feat xlink:href="#sSpan726" value="ⲛⲉⲧⲛ"/>
		<feat xlink:href="#sSpan727" value="ⲛⲟⲃⲉ"/>
		<feat xlink:href="#sSpan728" value="."/>
		<feat xlink:href="#sSpan731" value="ⲉ"/>
		<feat xlink:href="#sSpan733" value="ⲧⲉⲧⲛ"/>
		<feat xlink:href="#sSpan734" value="ⲧⲙ"/>
		<feat xlink:href="#sSpan735" value="ⲕⲱ"/>
		<feat xlink:href="#sSpan736" value="ⲇⲉ"/>
		<feat xlink:href="#sSpan738" value="ⲉⲃⲟⲗ"/>
		<feat xlink:href="#sSpan740" value="ⲛ"/>
		<feat xlink:href="#sSpan742" value="ⲛ"/>
		<feat xlink:href="#sSpan743" value="ⲣⲱⲙⲉ"/>
		<feat xlink:href="#sSpan744" value="ⲛ"/>
		<feat xlink:href="#sSpan746" value="ⲛⲉⲩ"/>
		<feat xlink:href="#sSpan747" value="ⲛⲟⲃⲉ"/>
		<feat xlink:href="#sSpan748" value="ⲛ"/>
		<feat xlink:href="#sSpan750" value="ϥ"/>
		<feat xlink:href="#sSpan751" value="ⲛⲁ"/>
		<feat xlink:href="#sSpan752" value="ⲕⲱ"/>
		<feat xlink:href="#sSpan753" value="ⲛⲏ"/>
		<feat xlink:href="#sSpan755" value="ⲧⲛ"/>
		<feat xlink:href="#sSpan756" value="ⲁⲛ"/>
		<feat xlink:href="#sSpan758" value="ⲉⲃⲟⲗ"/>
		<feat xlink:href="#sSpan760" value="ⲛϭⲓ"/>
		<feat xlink:href="#sSpan762" value="ⲡⲉⲧⲛ"/>
		<feat xlink:href="#sSpan764" value="ⲉⲓⲱⲧ"/>
		<feat xlink:href="#sSpan765" value="ⲉⲧ"/>
		<feat xlink:href="#sSpan767" value="ϩⲛ"/>
		<feat xlink:href="#sSpan768" value="ⲙ"/>
		<feat xlink:href="#sSpan770" value="ⲡⲏⲩⲉ"/>
		<feat xlink:href="#sSpan771" value="ⲛ"/>
		<feat xlink:href="#sSpan773" value="ⲛⲉⲧⲛ"/>
		<feat xlink:href="#sSpan774" value="ⲛⲟⲃⲉ"/>
		<feat xlink:href="#sSpan775" value="."/>
		<feat xlink:href="#sSpan778" value="ⲉ"/>
		<feat xlink:href="#sSpan780" value="ⲧⲉⲧⲛ"/>
		<feat xlink:href="#sSpan781" value="ⲛⲏⲥⲧⲉⲩⲉ"/>
		<feat xlink:href="#sSpan782" value="ⲇⲉ"/>
		<feat xlink:href="#sSpan784" value="ⲙⲡⲣ"/>
		<feat xlink:href="#sSpan786" value="ϣⲱⲡⲉ"/>
		<feat xlink:href="#sSpan787" value="ⲛ"/>
		<feat xlink:href="#sSpan789" value="ⲧ"/>
		<feat xlink:href="#sSpan790" value="ϩⲉ"/>
		<feat xlink:href="#sSpan791" value="ⲛ"/>
		<feat xlink:href="#sSpan793" value="ⲛⲓ"/>
		<feat xlink:href="#sSpan794" value="ϩⲩⲡⲟⲕⲣⲓⲧⲏⲥ"/>
		<feat xlink:href="#sSpan795" value="ⲉ"/>
		<feat xlink:href="#sSpan797" value="ⲩ"/>
		<feat xlink:href="#sSpan798" value="ⲟⲕⲙ"/>
		<feat xlink:href="#sSpan799" value="ⲥⲉ"/>
		<feat xlink:href="#sSpan801" value="ⲧⲁⲕⲟ"/>
		<feat xlink:href="#sSpan802" value="ⲅⲁⲣ"/>
		<feat xlink:href="#sSpan804" value="ⲛ"/>
		<feat xlink:href="#sSpan806" value="ⲛⲉⲩ"/>
		<feat xlink:href="#sSpan807" value="ϩⲟ"/>
		<feat xlink:href="#sSpan808" value="ϫⲉⲕⲁⲁⲥ"/>
		<feat xlink:href="#sSpan810" value="ⲉⲩⲉ"/>
		<feat xlink:href="#sSpan812" value="ⲟⲩⲱⲛϩ"/>
		<feat xlink:href="#sSpan813" value="ⲉⲃⲟⲗ"/>
		<feat xlink:href="#sSpan815" value="ⲛ"/>
		<feat xlink:href="#sSpan817" value="ⲛ"/>
		<feat xlink:href="#sSpan818" value="ⲣⲱⲙⲉ"/>
		<feat xlink:href="#sSpan819" value="ⲉ"/>
		<feat xlink:href="#sSpan821" value="ⲩ"/>
		<feat xlink:href="#sSpan822" value="ⲛⲏⲥⲧⲉⲩⲉ"/>
		<feat xlink:href="#sSpan823" value="."/>
		<feat xlink:href="#sSpan825" value="ϩⲁⲙⲏⲛ"/>
		<feat xlink:href="#sSpan827" value="ϯ"/>
		<feat xlink:href="#sSpan829" value="ϫⲱ"/>
		<feat xlink:href="#sSpan830" value="ⲙⲙⲟ"/>
		<feat xlink:href="#sSpan832" value="ⲥ"/>
		<feat xlink:href="#sSpan833" value="ⲛⲏ"/>
		<feat xlink:href="#sSpan835" value="ⲧⲛ"/>
		<feat xlink:href="#sSpan836" value="ϫⲉ"/>
		<feat xlink:href="#sSpan838" value="ⲁ"/>
		<feat xlink:href="#sSpan840" value="ⲩ"/>
		<feat xlink:href="#sSpan841" value="ⲟⲩⲱ"/>
		<feat xlink:href="#sSpan842" value="ⲉ"/>
		<feat xlink:href="#sSpan844" value="ⲩ"/>
		<feat xlink:href="#sSpan845" value="ϫⲓ"/>
		<feat xlink:href="#sSpan846" value="ⲙ"/>
		<feat xlink:href="#sSpan848" value="ⲡⲉⲩ"/>
		<feat xlink:href="#sSpan849" value="ⲃⲉⲕⲉ"/>
		<feat xlink:href="#sSpan850" value="."/>
		<feat xlink:href="#sSpan853" value="ⲛⲧⲟⲕ"/>
		<feat xlink:href="#sSpan855" value="ⲇⲉ"/>
		<feat xlink:href="#sSpan857" value="ⲉ"/>
		<feat xlink:href="#sSpan859" value="ⲕ"/>
		<feat xlink:href="#sSpan860" value="ⲛⲏⲥⲧⲉⲩⲉ"/>
		<feat xlink:href="#sSpan861" value="ⲧⲱϩ"/>
		<feat xlink:href="#sSpan863" value="ⲥ"/>
		<feat xlink:href="#sSpan864" value="ⲛ"/>
		<feat xlink:href="#sSpan866" value="ⲧⲉⲕ"/>
		<feat xlink:href="#sSpan867" value="ⲁⲡⲉ"/>
		<feat xlink:href="#sSpan868" value="ⲛⲅⲉⲓⲱ"/>
		<feat xlink:href="#sSpan870" value="ⲙ"/>
		<feat xlink:href="#sSpan872" value="ⲡⲉⲕ"/>
		<feat xlink:href="#sSpan873" value="ϩⲟ"/>
		<feat xlink:href="#sSpan874" value="."/>
		<feat xlink:href="#sSpan877" value="ϫⲉⲕⲁⲁⲥ"/>
		<feat xlink:href="#sSpan879" value="ⲛ"/>
		<feat xlink:href="#sSpan881" value="ⲛⲉⲕ"/>
		<feat xlink:href="#sSpan882" value="ⲟⲩⲱⲛϩ"/>
		<feat xlink:href="#sSpan883" value="ⲉⲃⲟⲗ"/>
		<feat xlink:href="#sSpan885" value="ⲛ"/>
		<feat xlink:href="#sSpan887" value="ⲛ"/>
		<feat xlink:href="#sSpan888" value="ⲣⲱⲙⲉ"/>
		<feat xlink:href="#sSpan889" value="ⲉ"/>
		<feat xlink:href="#sSpan891" value="ⲕ"/>
		<feat xlink:href="#sSpan892" value="ⲛⲏⲥⲧⲉⲩⲉ"/>
		<feat xlink:href="#sSpan893" value="."/>
		<feat xlink:href="#sSpan895" value="ⲁⲗⲗⲁ"/>
		<feat xlink:href="#sSpan897" value="ⲙ"/>
		<feat xlink:href="#sSpan899" value="ⲡⲉⲕ"/>
		<feat xlink:href="#sSpan900" value="ⲉⲓⲱⲧ"/>
		<feat xlink:href="#sSpan901" value="ⲉ"/>
		<feat xlink:href="#sSpan903" value="ⲧ"/>
		<feat xlink:href="#sSpan904" value="ϩⲙ"/>
		<feat xlink:href="#sSpan905" value="ⲡ"/>
		<feat xlink:href="#sSpan907" value="ⲡⲉⲑⲏⲡ"/>
		<feat xlink:href="#sSpan908" value="ⲁⲩⲱ"/>
		<feat xlink:href="#sSpan910" value="ⲡⲉⲕ"/>
		<feat xlink:href="#sSpan912" value="ⲉⲓⲱⲧ"/>
		<feat xlink:href="#sSpan913" value="ⲉⲧ"/>
		<feat xlink:href="#sSpan915" value="ϭⲱϣⲧ"/>
		<feat xlink:href="#sSpan916" value="ⲉⲣⲟ"/>
		<feat xlink:href="#sSpan918" value="ⲕ"/>
		<feat xlink:href="#sSpan919" value="ϩⲙ"/>
		<feat xlink:href="#sSpan921" value="ⲡ"/>
		<feat xlink:href="#sSpan923" value="ⲡⲉⲑⲏⲡ"/>
		<feat xlink:href="#sSpan924" value="ϥ"/>
		<feat xlink:href="#sSpan926" value="ⲛⲁ"/>
		<feat xlink:href="#sSpan927" value="ⲧⲱⲱⲃⲉ"/>
		<feat xlink:href="#sSpan928" value="ⲛⲁ"/>
		<feat xlink:href="#sSpan930" value="ⲕ"/>
		<feat xlink:href="#sSpan931" value="."/>
		<feat xlink:href="#sSpan934" value="ⲙⲡⲣ"/>
		<feat xlink:href="#sSpan936" value="ⲥⲱⲟⲩϩ"/>
		<feat xlink:href="#sSpan937" value="ⲛⲏ"/>
		<feat xlink:href="#sSpan939" value="ⲧⲛ"/>
		<feat xlink:href="#sSpan940" value="ⲉϩⲟⲩⲛ"/>
		<feat xlink:href="#sSpan942" value="ⲛϩⲛⲁϩⲟ"/>
		<feat xlink:href="#sSpan944" value="ϩⲓϫⲙ"/>
		<feat xlink:href="#sSpan946" value="ⲡ"/>
		<feat xlink:href="#sSpan948" value="ⲕⲁϩ"/>
		<feat xlink:href="#sSpan949" value="."/>
		<feat xlink:href="#sSpan951" value="ⲡ"/>
		<feat xlink:href="#sSpan953" value="ⲙⲁ"/>
		<feat xlink:href="#sSpan954" value="ⲛ"/>
		<feat xlink:href="#sSpan956" value="ϣⲁⲣⲉ"/>
		<feat xlink:href="#sSpan957" value="ⲧ"/>
		<feat xlink:href="#sSpan959" value="ϫⲟⲟⲗⲉⲥ"/>
		<feat xlink:href="#sSpan960" value="ⲙⲛ"/>
		<feat xlink:href="#sSpan962" value="ⲧ"/>
		<feat xlink:href="#sSpan964" value="ϩⲟⲟⲗⲉ"/>
		<feat xlink:href="#sSpan965" value="ⲧⲁⲕⲟ"/>
		<feat xlink:href="#sSpan968" value="ⲛϩⲏⲧ"/>
		<feat xlink:href="#sSpan971" value="ϥ"/>
		<feat xlink:href="#sSpan972" value="."/>
		<feat xlink:href="#sSpan974" value="ⲁⲩⲱ"/>
		<feat xlink:href="#sSpan976" value="ⲡ"/>
		<feat xlink:href="#sSpan978" value="ⲙⲁ"/>
		<feat xlink:href="#sSpan979" value="ⲛ"/>
		<feat xlink:href="#sSpan981" value="ϣⲁⲣⲉ"/>
		<feat xlink:href="#sSpan982" value="ⲛ"/>
		<feat xlink:href="#sSpan985" value="ⲣⲉϥϫⲓⲟⲩⲉ"/>
		<feat xlink:href="#sSpan987" value="ϣⲟϫⲧ"/>
		<feat xlink:href="#sSpan989" value="ⲉⲣⲟ"/>
		<feat xlink:href="#sSpan991" value="ϥ"/>
		<feat xlink:href="#sSpan992" value="ⲛ"/>
		<feat xlink:href="#sSpan994" value="ⲥⲉ"/>
		<feat xlink:href="#sSpan995" value="ϫⲓⲟⲩⲉ"/>
		<feat xlink:href="#sSpan996" value="."/>
		<feat xlink:href="#sSpan999" value="ⲥⲱⲟⲩϩ"/>
		<feat xlink:href="#sSpan1001" value="ⲇⲉ"/>
		<feat xlink:href="#sSpan1003" value="ⲛⲏ"/>
		<feat xlink:href="#sSpan1005" value="ⲧⲛ"/>
		<feat xlink:href="#sSpan1006" value="ⲉϩⲟⲩⲛ"/>
		<feat xlink:href="#sSpan1008" value="ⲛϩⲛⲁϩⲟ"/>
		<feat xlink:href="#sSpan1010" value="ϩⲛ"/>
		<feat xlink:href="#sSpan1012" value="ⲧ"/>
		<feat xlink:href="#sSpan1014" value="ⲡⲉ"/>
		<feat xlink:href="#sSpan1015" value="."/>
		<feat xlink:href="#sSpan1017" value="ⲡ"/>
		<feat xlink:href="#sSpan1019" value="ⲙⲁ"/>
		<feat xlink:href="#sSpan1020" value="ⲉⲧⲉ"/>
		<feat xlink:href="#sSpan1022" value="ⲙⲉⲣⲉ"/>
		<feat xlink:href="#sSpan1023" value="ϫⲟⲟⲗⲉⲥ"/>
		<feat xlink:href="#sSpan1024" value="ⲟⲩⲇⲉ"/>
		<feat xlink:href="#sSpan1026" value="ϩⲟⲟⲗⲉ"/>
		<feat xlink:href="#sSpan1028" value="ⲧⲁⲕⲟ"/>
		<feat xlink:href="#sSpan1031" value="ⲛϩⲏⲧ"/>
		<feat xlink:href="#sSpan1034" value="ϥ"/>
		<feat xlink:href="#sSpan1035" value="."/>
		<feat xlink:href="#sSpan1037" value="ⲁⲩⲱ"/>
		<feat xlink:href="#sSpan1039" value="ⲡ"/>
		<feat xlink:href="#sSpan1041" value="ⲙⲁ"/>
		<feat xlink:href="#sSpan1042" value="ⲉⲧⲉ"/>
		<feat xlink:href="#sSpan1044" value="ⲙⲉⲣⲉ"/>
		<feat xlink:href="#sSpan1046" value="ⲣⲉϥϫⲓⲟⲩⲉ"/>
		<feat xlink:href="#sSpan1048" value="ϭⲱⲧϩ"/>
		<feat xlink:href="#sSpan1050" value="ⲉⲣⲟ"/>
		<feat xlink:href="#sSpan1052" value="ϥ"/>
		<feat xlink:href="#sSpan1053" value="ⲛ"/>
		<feat xlink:href="#sSpan1055" value="ⲥⲉ"/>
		<feat xlink:href="#sSpan1056" value="ϫⲓⲟⲩⲉ"/>
		<feat xlink:href="#sSpan1057" value="."/>
		<feat xlink:href="#sSpan1060" value="ⲡ"/>
		<feat xlink:href="#sSpan1062" value="ⲙⲁ"/>
		<feat xlink:href="#sSpan1063" value="ⲅⲁⲣ"/>
		<feat xlink:href="#sSpan1065" value="ⲉⲧⲉⲣⲉ"/>
		<feat xlink:href="#sSpan1067" value="ⲡⲉⲕ"/>
		<feat xlink:href="#sSpan1069" value="ⲁϩⲟ"/>
		<feat xlink:href="#sSpan1070" value="ⲛⲁ"/>
		<feat xlink:href="#sSpan1072" value="ϣⲱⲡⲉ"/>
		<feat xlink:href="#sSpan1074" value="ⲛϩⲏⲧ"/>
		<feat xlink:href="#sSpan1077" value="ϥ"/>
		<feat xlink:href="#sSpan1078" value="ⲉ"/>
		<feat xlink:href="#sSpan1080" value="ϥ"/>
		<feat xlink:href="#sSpan1081" value="ⲛⲁ"/>
		<feat xlink:href="#sSpan1082" value="ϣⲱⲡⲉ"/>
		<feat xlink:href="#sSpan1083" value="ⲙⲙⲁⲩ"/>
		<feat xlink:href="#sSpan1085" value="ⲛϭⲓ"/>
		<feat xlink:href="#sSpan1087" value="ⲡⲉⲕ"/>
		<feat xlink:href="#sSpan1089" value="ⲕⲉ"/>
		<feat xlink:href="#sSpan1090" value="ϩⲏⲧ"/>
		<feat xlink:href="#sSpan1091" value="."/>
		<feat xlink:href="#sSpan1094" value="ⲡ"/>
		<feat xlink:href="#sSpan1096" value="ϩⲏⲃⲥ"/>
		<feat xlink:href="#sSpan1097" value="ⲙ"/>
		<feat xlink:href="#sSpan1099" value="ⲡ"/>
		<feat xlink:href="#sSpan1100" value="ⲥⲱⲙⲁ"/>
		<feat xlink:href="#sSpan1101" value="ⲡⲉ"/>
		<feat xlink:href="#sSpan1103" value="ⲡ"/>
		<feat xlink:href="#sSpan1105" value="ⲃⲁⲗ"/>
		<feat xlink:href="#sSpan1106" value="."/>
		<feat xlink:href="#sSpan1108" value="ⲉϣⲱⲡⲉ"/>
		<feat xlink:href="#sSpan1110" value="ⲇⲉ"/>
		<feat xlink:href="#sSpan1112" value="ⲡⲉⲕ"/>
		<feat xlink:href="#sSpan1114" value="ⲃⲁⲗ"/>
		<feat xlink:href="#sSpan1115" value="ⲟⲩ"/>
		<feat xlink:href="#sSpan1117" value="ϩⲁⲡⲗⲟⲩⲥ"/>
		<feat xlink:href="#sSpan1118" value="ⲡⲉ"/>
		<feat xlink:href="#sSpan1120" value="."/>
		<feat xlink:href="#sSpan1122" value="ⲡⲉⲕ"/>
		<feat xlink:href="#sSpan1124" value="ⲥⲱⲙⲁ"/>
		<feat xlink:href="#sSpan1125" value="ⲧⲏⲣ"/>
		<feat xlink:href="#sSpan1127" value="ϥ"/>
		<feat xlink:href="#sSpan1128" value="ⲛⲁ"/>
		<feat xlink:href="#sSpan1130" value="ϣⲱⲡⲉ"/>
		<feat xlink:href="#sSpan1131" value="ⲉ"/>
		<feat xlink:href="#sSpan1133" value="ϥ"/>
		<feat xlink:href="#sSpan1134" value="ⲟ"/>
		<feat xlink:href="#sSpan1135" value="ⲛ"/>
		<feat xlink:href="#sSpan1137" value="ⲟⲩⲟⲉⲓⲛ"/>
		<feat xlink:href="#sSpan1138" value="."/>
		<feat xlink:href="#sSpan1141" value="ⲉϣⲱⲡⲉ"/>
		<feat xlink:href="#sSpan1143" value="ⲇⲉ"/>
		<feat xlink:href="#sSpan1145" value="ⲡⲉⲕ"/>
		<feat xlink:href="#sSpan1147" value="ⲃⲁⲗ"/>
		<feat xlink:href="#sSpan1148" value="ⲟⲩ"/>
		<feat xlink:href="#sSpan1150" value="ⲡⲟⲛⲏⲣⲟⲥ"/>
		<feat xlink:href="#sSpan1151" value="ⲡⲉ"/>
		<feat xlink:href="#sSpan1153" value="ⲡⲉⲕ"/>
		<feat xlink:href="#sSpan1155" value="ⲥⲱⲙⲁ"/>
		<feat xlink:href="#sSpan1156" value="ⲧⲏⲣ"/>
		<feat xlink:href="#sSpan1158" value="ϥ"/>
		<feat xlink:href="#sSpan1159" value="ⲛⲁ"/>
		<feat xlink:href="#sSpan1161" value="ϣⲱⲡⲉ"/>
		<feat xlink:href="#sSpan1162" value="ⲉ"/>
		<feat xlink:href="#sSpan1164" value="ϥ"/>
		<feat xlink:href="#sSpan1165" value="ⲟ"/>
		<feat xlink:href="#sSpan1166" value="ⲛ"/>
		<feat xlink:href="#sSpan1168" value="ⲕⲁⲕⲉ"/>
		<feat xlink:href="#sSpan1169" value="ⲉϣϫⲉ"/>
		<feat xlink:href="#sSpan1171" value="ⲡ"/>
		<feat xlink:href="#sSpan1173" value="ⲟⲩⲟⲉⲓⲛ"/>
		<feat xlink:href="#sSpan1174" value="ϭⲉ"/>
		<feat xlink:href="#sSpan1176" value="ⲉⲧⲛϩⲏⲧ"/>
		<feat xlink:href="#sSpan1178" value="ⲕ"/>
		<feat xlink:href="#sSpan1179" value="ⲟⲩ"/>
		<feat xlink:href="#sSpan1181" value="ⲕⲁⲕⲉ"/>
		<feat xlink:href="#sSpan1182" value="ⲡⲉ"/>
		<feat xlink:href="#sSpan1184" value="ⲡ"/>
		<feat xlink:href="#sSpan1186" value="ⲕⲁⲕⲉ"/>
		<feat xlink:href="#sSpan1187" value="ⲟⲩⲏⲣ"/>
		<feat xlink:href="#sSpan1189" value="ⲡⲉ"/>
		<feat xlink:href="#sSpan1191" value="."/>
		<feat xlink:href="#sSpan1194" value="ⲙⲛ"/>
		<feat xlink:href="#sSpan1196" value="ϭⲟⲙ"/>
		<feat xlink:href="#sSpan1197" value="ⲛ"/>
		<feat xlink:href="#sSpan1199" value="ⲗⲁⲁⲩ"/>
		<feat xlink:href="#sSpan1200" value="ⲉ"/>
		<feat xlink:href="#sSpan1203" value="ⲣϩⲙϩⲁⲗ"/>
		<feat xlink:href="#sSpan1205" value="ⲛ"/>
		<feat xlink:href="#sSpan1207" value="ϫⲟⲉⲓⲥ"/>
		<feat xlink:href="#sSpan1208" value="ⲥⲛⲁⲩ"/>
		<feat xlink:href="#sSpan1210" value="ⲏ"/>
		<feat xlink:href="#sSpan1212" value="ⲅⲁⲣ"/>
		<feat xlink:href="#sSpan1213" value="ϥ"/>
		<feat xlink:href="#sSpan1215" value="ⲛⲁ"/>
		<feat xlink:href="#sSpan1216" value="ⲙⲉⲥⲧⲉ"/>
		<feat xlink:href="#sSpan1217" value="ⲟⲩⲁ"/>
		<feat xlink:href="#sSpan1219" value="ⲛ"/>
		<feat xlink:href="#sSpan1221" value="ϥ"/>
		<feat xlink:href="#sSpan1222" value="ⲙⲉⲣⲉ"/>
		<feat xlink:href="#sSpan1223" value="ⲟⲩⲁ"/>
		<feat xlink:href="#sSpan1225" value="ⲏⲛϥϭⲟⲗϫ"/>
		<feat xlink:href="#sSpan1227" value="ϥ"/>
		<feat xlink:href="#sSpan1228" value="ⲛ"/>
		<feat xlink:href="#sSpan1230" value="ⲟⲩⲁ"/>
		<feat xlink:href="#sSpan1231" value="ⲛ"/>
		<feat xlink:href="#sSpan1233" value="ϥ"/>
		<feat xlink:href="#sSpan1234" value="ⲕⲁⲧⲁⲫⲣⲟⲛⲉⲓ"/>
		<feat xlink:href="#sSpan1235" value="ⲙ"/>
		<feat xlink:href="#sSpan1237" value="ⲡⲕⲉ"/>
		<feat xlink:href="#sSpan1238" value="ⲟⲩⲁ"/>
		<feat xlink:href="#sSpan1239" value="ⲙⲛ"/>
		<feat xlink:href="#sSpan1241" value="ϭⲟⲙ"/>
		<feat xlink:href="#sSpan1243" value="ⲙⲙⲱ"/>
		<feat xlink:href="#sSpan1245" value="ⲧⲛ"/>
		<feat xlink:href="#sSpan1246" value="ⲉ"/>
		<feat xlink:href="#sSpan1249" value="ⲣϩⲙϩⲁⲗ"/>
		<feat xlink:href="#sSpan1251" value="ⲙ"/>
		<feat xlink:href="#sSpan1253" value="ⲡ"/>
		<feat xlink:href="#sSpan1254" value="ⲛⲟⲩⲧⲉ"/>
		<feat xlink:href="#sSpan1255" value="ⲙⲛ"/>
		<feat xlink:href="#sSpan1257" value="ⲡ"/>
		<feat xlink:href="#sSpan1259" value="ⲙⲁⲙⲱⲛⲁⲥ"/>
		<feat xlink:href="#sSpan1260" value="."/>
		<feat xlink:href="#sSpan1263" value="ⲉⲧⲃⲉ"/>
		<feat xlink:href="#sSpan1265" value="ⲡⲁⲓ"/>
		<feat xlink:href="#sSpan1266" value="ϯ"/>
		<feat xlink:href="#sSpan1268" value="ϫⲱ"/>
		<feat xlink:href="#sSpan1269" value="ⲙⲙⲟ"/>
		<feat xlink:href="#sSpan1271" value="ⲥ"/>
		<feat xlink:href="#sSpan1272" value="ⲛⲏ"/>
		<feat xlink:href="#sSpan1274" value="ⲧⲛ"/>
		<feat xlink:href="#sSpan1275" value="ϫⲉ"/>
		<feat xlink:href="#sSpan1277" value="ⲙⲡⲣ"/>
		<feat xlink:href="#sSpan1279" value="ϥⲓ"/>
		<feat xlink:href="#sSpan1280" value="ⲣⲟⲟⲩϣ"/>
		<feat xlink:href="#sSpan1281" value="ⲉ"/>
		<feat xlink:href="#sSpan1283" value="ⲧⲉⲧⲛ"/>
		<feat xlink:href="#sSpan1284" value="ⲯⲩⲭⲏ"/>
		<feat xlink:href="#sSpan1285" value="ϫⲉ"/>
		<feat xlink:href="#sSpan1287" value="ⲟⲩ"/>
		<feat xlink:href="#sSpan1289" value="ⲡ"/>
		<feat xlink:href="#sSpan1291" value="ⲉⲧⲉⲧ"/>
		<feat xlink:href="#sSpan1292" value="ⲛⲁ"/>
		<feat xlink:href="#sSpan1293" value="ⲟⲩⲟⲙ"/>
		<feat xlink:href="#sSpan1294" value="ϥ"/>
		<feat xlink:href="#sSpan1295" value="ⲏ"/>
		<feat xlink:href="#sSpan1297" value="ⲟⲩ"/>
		<feat xlink:href="#sSpan1298" value="ⲡ"/>
		<feat xlink:href="#sSpan1300" value="ⲉⲧⲉⲧ"/>
		<feat xlink:href="#sSpan1301" value="ⲛⲁⲥⲟⲟ"/>
		<feat xlink:href="#sSpan1302" value="ϥ"/>
		<feat xlink:href="#sSpan1303" value="ⲟⲩⲧⲉ"/>
		<feat xlink:href="#sSpan1305" value="ⲡⲉⲧⲛ"/>
		<feat xlink:href="#sSpan1307" value="ⲥⲱⲙⲁ"/>
		<feat xlink:href="#sSpan1308" value="ϫⲉ"/>
		<feat xlink:href="#sSpan1310" value="ⲟⲩ"/>
		<feat xlink:href="#sSpan1312" value="ⲡ"/>
		<feat xlink:href="#sSpan1314" value="ⲉⲧⲉⲧ"/>
		<feat xlink:href="#sSpan1315" value="ⲛⲁ"/>
		<feat xlink:href="#sSpan1316" value="ⲧⲁⲁ"/>
		<feat xlink:href="#sSpan1317" value="ϥ"/>
		<feat xlink:href="#sSpan1318" value="ϩⲓⲱⲧ"/>
		<feat xlink:href="#sSpan1320" value="ⲧⲏⲩⲧⲛ"/>
		<feat xlink:href="#sSpan1321" value="ⲙ"/>
		<feat xlink:href="#sSpan1323" value="ⲏ"/>
		<feat xlink:href="#sSpan1325" value="ⲧⲉ"/>
		<feat xlink:href="#sSpan1327" value="ⲯⲩⲭⲏ"/>
		<feat xlink:href="#sSpan1328" value="ⲟⲩⲟⲟⲧ"/>
		<feat xlink:href="#sSpan1330" value="ⲁⲛ"/>
		<feat xlink:href="#sSpan1332" value="ⲉ"/>
		<feat xlink:href="#sSpan1334" value="ⲧⲉ"/>
		<feat xlink:href="#sSpan1335" value="ϩⲣⲉ"/>
		<feat xlink:href="#sSpan1336" value="ⲁⲩⲱ"/>
		<feat xlink:href="#sSpan1338" value="ⲡ"/>
		<feat xlink:href="#sSpan1340" value="ⲥⲱⲙⲁ"/>
		<feat xlink:href="#sSpan1341" value="ⲉ"/>
		<feat xlink:href="#sSpan1343" value="ⲧ"/>
		<feat xlink:href="#sSpan1344" value="ϩⲃⲥⲱ"/>
		<feat xlink:href="#sSpan1345" value="."/>
		<feat xlink:href="#sSpan1348" value="ϭⲱϣⲧ"/>
		<feat xlink:href="#sSpan1350" value="ⲉ"/>
		<feat xlink:href="#sSpan1352" value="ⲛ"/>
		<feat xlink:href="#sSpan1353" value="ϩⲁⲗⲁⲧⲉ"/>
		<feat xlink:href="#sSpan1354" value="ⲛ"/>
		<feat xlink:href="#sSpan1356" value="ⲧ"/>
		<feat xlink:href="#sSpan1357" value="ⲡⲉ"/>
		<feat xlink:href="#sSpan1358" value="ϫⲉ"/>
		<feat xlink:href="#sSpan1360" value="ⲉⲥⲉ"/>
		<feat xlink:href="#sSpan1362" value="ϫⲟ"/>
		<feat xlink:href="#sSpan1363" value="ⲁⲛ"/>
		<feat xlink:href="#sSpan1365" value="ⲟⲩⲧⲉ"/>
		<feat xlink:href="#sSpan1367" value="ⲛ"/>
		<feat xlink:href="#sSpan1369" value="ⲥⲉ"/>
		<feat xlink:href="#sSpan1370" value="ⲱϩⲥ"/>
		<feat xlink:href="#sSpan1371" value="ⲁⲛ"/>
		<feat xlink:href="#sSpan1373" value="ⲟⲩⲇⲉ"/>
		<feat xlink:href="#sSpan1375" value="ⲛ"/>
		<feat xlink:href="#sSpan1377" value="ⲥⲉ"/>
		<feat xlink:href="#sSpan1378" value="ⲥⲱⲟⲩϩ"/>
		<feat xlink:href="#sSpan1379" value="ⲁⲛ"/>
		<feat xlink:href="#sSpan1381" value="ⲉϩⲟⲩⲛ"/>
		<feat xlink:href="#sSpan1383" value="ⲉ"/>
		<feat xlink:href="#sSpan1385" value="ⲁⲡⲟⲑⲏⲕⲏ"/>
		<feat xlink:href="#sSpan1386" value="ⲁⲩⲱ"/>
		<feat xlink:href="#sSpan1388" value="ⲡⲉⲧⲛ"/>
		<feat xlink:href="#sSpan1390" value="ⲉⲓⲱⲧ"/>
		<feat xlink:href="#sSpan1391" value="ⲉⲧ"/>
		<feat xlink:href="#sSpan1393" value="ϩⲛ"/>
		<feat xlink:href="#sSpan1394" value="ⲙ"/>
		<feat xlink:href="#sSpan1396" value="ⲡⲏⲩⲉ"/>
		<feat xlink:href="#sSpan1397" value="ⲥⲁⲛϣ"/>
		<feat xlink:href="#sSpan1399" value="ⲙⲙⲟ"/>
		<feat xlink:href="#sSpan1401" value="ⲟⲩ"/>
		<feat xlink:href="#sSpan1402" value="ⲛⲧⲱⲧⲛ"/>
		<feat xlink:href="#sSpan1404" value="ϭⲉ"/>
		<feat xlink:href="#sSpan1406" value="ⲛ"/>
		<feat xlink:href="#sSpan1408" value="ϩⲟⲩⲟ"/>
		<feat xlink:href="#sSpan1409" value="ⲙⲏ"/>
		<feat xlink:href="#sSpan1411" value="ⲛ"/>
		<feat xlink:href="#sSpan1413" value="ⲧⲉⲧⲛ"/>
		<feat xlink:href="#sSpan1414" value="ϣⲟⲃⲉ"/>
		<feat xlink:href="#sSpan1416" value="ⲁⲛ"/>
		<feat xlink:href="#sSpan1418" value="ⲉⲣⲟ"/>
		<feat xlink:href="#sSpan1420" value="ⲟⲩ"/>
		<feat xlink:href="#sSpan1421" value="."/>
		<feat xlink:href="#sSpan1424" value="ⲛⲓⲙ"/>
		<feat xlink:href="#sSpan1426" value="ⲇⲉ"/>
		<feat xlink:href="#sSpan1428" value="ⲉⲃⲟⲗ"/>
		<feat xlink:href="#sSpan1431" value="ⲛϩⲏⲧ"/>
		<feat xlink:href="#sSpan1434" value="ⲧⲏⲩⲧⲛ"/>
		<feat xlink:href="#sSpan1435" value="ⲉ"/>
		<feat xlink:href="#sSpan1437" value="ϥ"/>
		<feat xlink:href="#sSpan1439" value="ϥⲓⲣⲟⲟⲩϣ"/>
		<feat xlink:href="#sSpan1441" value="ⲉ"/>
		<feat xlink:href="#sSpan1443" value="ⲩⲛ"/>
		<feat xlink:href="#sSpan1444" value="ϭⲟⲙ"/>
		<feat xlink:href="#sSpan1445" value="ⲙⲙⲟ"/>
		<feat xlink:href="#sSpan1447" value="ϥ"/>
		<feat xlink:href="#sSpan1448" value="ⲉ"/>
		<feat xlink:href="#sSpan1450" value="ⲟⲩⲉϩ"/>
		<feat xlink:href="#sSpan1451" value="ⲟⲩ"/>
		<feat xlink:href="#sSpan1452" value="ⲙⲁϩⲉ"/>
		<feat xlink:href="#sSpan1453" value="ⲉϩⲣⲁⲓ"/>
		<feat xlink:href="#sSpan1455" value="ⲉϫⲛ"/>
		<feat xlink:href="#sSpan1457" value="ⲧⲉϥ"/>
		<feat xlink:href="#sSpan1459" value="ϣⲓⲏ"/>
		<feat xlink:href="#sSpan1460" value="."/>
		<feat xlink:href="#sSpan1463" value="ⲁⲩⲱ"/>
		<feat xlink:href="#sSpan1465" value="ⲁϩⲣⲱ"/>
		<feat xlink:href="#sSpan1467" value="ⲧⲛ"/>
		<feat xlink:href="#sSpan1468" value="ⲧⲉⲧⲛ"/>
		<feat xlink:href="#sSpan1471" value="ϥⲓⲣⲟⲟⲩϣ"/>
		<feat xlink:href="#sSpan1473" value="ϩⲁ"/>
		<feat xlink:href="#sSpan1475" value="ⲧ"/>
		<feat xlink:href="#sSpan1476" value="ϩⲃⲥⲱ"/>
		<feat xlink:href="#sSpan1477" value="ϭⲱϣⲧ"/>
		<feat xlink:href="#sSpan1479" value="ⲉ"/>
		<feat xlink:href="#sSpan1481" value="ⲛⲉ"/>
		<feat xlink:href="#sSpan1482" value="ⲕⲣⲓⲛⲟⲛ"/>
		<feat xlink:href="#sSpan1483" value="ⲛ"/>
		<feat xlink:href="#sSpan1485" value="ⲧ"/>
		<feat xlink:href="#sSpan1486" value="ⲥⲱϣⲉ"/>
		<feat xlink:href="#sSpan1487" value="ⲛ"/>
		<feat xlink:href="#sSpan1489" value="ⲧ"/>
		<feat xlink:href="#sSpan1490" value="ϩⲉ"/>
		<feat xlink:href="#sSpan1491" value="ⲉⲧ"/>
		<feat xlink:href="#sSpan1493" value="ⲟⲩ"/>
		<feat xlink:href="#sSpan1494" value="ⲁⲩⲝⲁⲛⲉ"/>
		<feat xlink:href="#sSpan1495" value="ⲙⲙⲟ"/>
		<feat xlink:href="#sSpan1497" value="ⲥ"/>
		<feat xlink:href="#sSpan1498" value="ϫⲉ"/>
		<feat xlink:href="#sSpan1500" value="ⲛ"/>
		<feat xlink:href="#sSpan1502" value="ⲥⲉ"/>
		<feat xlink:href="#sSpan1503" value="ϩⲓ"/>
		<feat xlink:href="#sSpan1504" value="ⲥⲉ"/>
		<feat xlink:href="#sSpan1505" value="ⲁⲛ"/>
		<feat xlink:href="#sSpan1507" value="ⲟⲩⲇⲉ"/>
		<feat xlink:href="#sSpan1509" value="ⲛ"/>
		<feat xlink:href="#sSpan1511" value="ⲥ"/>
		<feat xlink:href="#sSpan1512" value="ⲉⲣ"/>
		<feat xlink:href="#sSpan1513" value="ⲉⲓⲟⲡⲉ"/>
		<feat xlink:href="#sSpan1514" value="ⲁⲛ"/>
		<feat xlink:href="#sSpan1516" value="."/>
		<feat xlink:href="#sSpan1519" value="ϯ"/>
		<feat xlink:href="#sSpan1521" value="ϫⲱ"/>
		<feat xlink:href="#sSpan1522" value="ⲙⲙⲟ"/>
		<feat xlink:href="#sSpan1524" value="ⲥ"/>
		<feat xlink:href="#sSpan1525" value="ⲛⲏ"/>
		<feat xlink:href="#sSpan1527" value="ⲧⲛ"/>
		<feat xlink:href="#sSpan1528" value="ϫⲉ"/>
		<feat xlink:href="#sSpan1530" value="ⲟⲩⲇⲉ"/>
		<feat xlink:href="#sSpan1532" value="ⲥⲟⲗⲟⲙⲱⲛ"/>
		<feat xlink:href="#sSpan1534" value="ϩⲙ"/>
		<feat xlink:href="#sSpan1536" value="ⲡⲉϥ"/>
		<feat xlink:href="#sSpan1538" value="ⲉⲟⲟⲩ"/>
		<feat xlink:href="#sSpan1539" value="ⲧⲏⲣ"/>
		<feat xlink:href="#sSpan1541" value="ϥ"/>
		<feat xlink:href="#sSpan1542" value="ⲙ"/>
		<feat xlink:href="#sSpan1544" value="ⲡⲉϥ"/>
		<feat xlink:href="#sSpan1545" value="ϯ"/>
		<feat xlink:href="#sSpan1546" value="ϩⲓⲱⲱ"/>
		<feat xlink:href="#sSpan1548" value="ϥ"/>
		<feat xlink:href="#sSpan1549" value="ⲛ"/>
		<feat xlink:href="#sSpan1551" value="ⲧ"/>
		<feat xlink:href="#sSpan1552" value="ϩⲉ"/>
		<feat xlink:href="#sSpan1553" value="ⲛ"/>
		<feat xlink:href="#sSpan1555" value="ⲟⲩⲁ"/>
		<feat xlink:href="#sSpan1556" value="ⲛ"/>
		<feat xlink:href="#sSpan1558" value="ⲛⲁⲓ"/>
		<feat xlink:href="#sSpan1559" value="."/>
		<feat xlink:href="#sSpan1562" value="ⲉϣϫⲉ"/>
		<feat xlink:href="#sSpan1564" value="ⲡⲉ"/>
		<feat xlink:href="#sSpan1566" value="ⲭⲟⲣⲧⲟⲥ"/>
		<feat xlink:href="#sSpan1567" value="ⲛ"/>
		<feat xlink:href="#sSpan1569" value="ⲧ"/>
		<feat xlink:href="#sSpan1570" value="ⲥⲱϣⲉ"/>
		<feat xlink:href="#sSpan1571" value="ⲉ"/>
		<feat xlink:href="#sSpan1573" value="ϥ"/>
		<feat xlink:href="#sSpan1574" value="ϣⲟⲟⲡ"/>
		<feat xlink:href="#sSpan1575" value="ⲙ"/>
		<feat xlink:href="#sSpan1577" value="ⲡ"/>
		<feat xlink:href="#sSpan1578" value="ϩⲟⲟⲩ"/>
		<feat xlink:href="#sSpan1579" value="ⲣⲁⲥⲧⲉ"/>
		<feat xlink:href="#sSpan1581" value="ⲉ"/>
		<feat xlink:href="#sSpan1583" value="ⲩ"/>
		<feat xlink:href="#sSpan1584" value="ⲛⲁ"/>
		<feat xlink:href="#sSpan1585" value="ⲛⲟϫ"/>
		<feat xlink:href="#sSpan1586" value="ϥ"/>
		<feat xlink:href="#sSpan1587" value="ⲉⲧⲉⲧⲣⲓⲣ"/>
		<feat xlink:href="#sSpan1589" value="."/>
		<feat xlink:href="#sSpan1591" value="ⲡ"/>
		<feat xlink:href="#sSpan1593" value="ⲛⲟⲩⲧⲉ"/>
		<feat xlink:href="#sSpan1594" value="ϯϩⲓⲱⲱ"/>
		<feat xlink:href="#sSpan1596" value="ϥ"/>
		<feat xlink:href="#sSpan1597" value="ⲛ"/>
		<feat xlink:href="#sSpan1599" value="ⲧⲉⲓ"/>
		<feat xlink:href="#sSpan1600" value="ϩⲉ"/>
		<feat xlink:href="#sSpan1601" value="."/>
		<feat xlink:href="#sSpan1603" value="ⲡ"/>
		<feat xlink:href="#sSpan1605" value="ⲟⲥⲟ"/>
		<feat xlink:href="#sSpan1606" value="ⲙⲁⲗⲗⲟⲛ"/>
		<feat xlink:href="#sSpan1608" value="ϩⲓⲱⲧ"/>
		<feat xlink:href="#sSpan1610" value="ⲧⲏⲩⲧⲛ"/>
		<feat xlink:href="#sSpan1611" value="ⲛⲁ"/>
		<feat xlink:href="#sSpan1613" value="ⲧ"/>
		<feat xlink:href="#sSpan1614" value="ⲕⲟⲩⲓ"/>
		<feat xlink:href="#sSpan1615" value="ⲙ"/>
		<feat xlink:href="#sSpan1617" value="ⲡⲓⲥⲧⲓⲥ"/>
		<feat xlink:href="#sSpan1618" value="."/>
		<feat xlink:href="#sSpan1621" value="ⲙⲡⲣ"/>
		<feat xlink:href="#sSpan1623" value="ϥⲓ"/>
		<feat xlink:href="#sSpan1624" value="ⲣⲟⲟⲩϣ"/>
		<feat xlink:href="#sSpan1625" value="ϭⲉ"/>
		<feat xlink:href="#sSpan1627" value="ⲉ"/>
		<feat xlink:href="#sSpan1629" value="ⲧⲉⲧⲛ"/>
		<feat xlink:href="#sSpan1630" value="ϫⲱ"/>
		<feat xlink:href="#sSpan1631" value="ⲙⲙⲟ"/>
		<feat xlink:href="#sSpan1633" value="ⲥ"/>
		<feat xlink:href="#sSpan1634" value="ϫⲉ"/>
		<feat xlink:href="#sSpan1636" value="ⲟⲩ"/>
		<feat xlink:href="#sSpan1638" value="ⲡ"/>
		<feat xlink:href="#sSpan1640" value="ⲉⲧ"/>
		<feat xlink:href="#sSpan1641" value="ⲛ"/>
		<feat xlink:href="#sSpan1642" value="ⲛⲁ"/>
		<feat xlink:href="#sSpan1643" value="ⲟⲩⲟⲙ"/>
		<feat xlink:href="#sSpan1644" value="ϥ"/>
		<feat xlink:href="#sSpan1645" value="."/>
		<feat xlink:href="#sSpan1647" value="ⲏ"/>
		<feat xlink:href="#sSpan1649" value="ⲟⲩ"/>
		<feat xlink:href="#sSpan1650" value="ⲡ"/>
		<feat xlink:href="#sSpan1652" value="ⲉⲧ"/>
		<feat xlink:href="#sSpan1653" value="ⲛ"/>
		<feat xlink:href="#sSpan1654" value="ⲛⲁ"/>
		<feat xlink:href="#sSpan1655" value="ⲥⲟⲟ"/>
		<feat xlink:href="#sSpan1656" value="ϥ"/>
		<feat xlink:href="#sSpan1657" value="."/>
		<feat xlink:href="#sSpan1659" value="ⲏ"/>
		<feat xlink:href="#sSpan1661" value="ⲟⲩ"/>
		<feat xlink:href="#sSpan1662" value="ⲡ"/>
		<feat xlink:href="#sSpan1664" value="ⲉⲧⲉⲧ"/>
		<feat xlink:href="#sSpan1665" value="ⲛⲁ"/>
		<feat xlink:href="#sSpan1666" value="ⲧⲁⲁ"/>
		<feat xlink:href="#sSpan1667" value="ϥ"/>
		<feat xlink:href="#sSpan1668" value="ϩⲓⲱⲧ"/>
		<feat xlink:href="#sSpan1670" value="ⲧⲏⲩⲧⲛ"/>
		<feat xlink:href="#sSpan1671" value="."/>
		<feat xlink:href="#sSpan1674" value="ⲛⲁⲓ"/>
		<feat xlink:href="#sSpan1676" value="ⲅⲁⲣ"/>
		<feat xlink:href="#sSpan1678" value="ⲧⲏⲣ"/>
		<feat xlink:href="#sSpan1680" value="ⲟⲩ"/>
		<feat xlink:href="#sSpan1681" value="ⲛ"/>
		<feat xlink:href="#sSpan1683" value="ϩⲉⲑⲛⲟⲥ"/>
		<feat xlink:href="#sSpan1684" value="ⲛ"/>
		<feat xlink:href="#sSpan1686" value="ⲉⲧ"/>
		<feat xlink:href="#sSpan1687" value="ϣⲓⲛⲉ"/>
		<feat xlink:href="#sSpan1688" value="ⲛⲥⲱ"/>
		<feat xlink:href="#sSpan1690" value="ⲟⲩ"/>
		<feat xlink:href="#sSpan1691" value="."/>
		<feat xlink:href="#sSpan1693" value="ϥ"/>
		<feat xlink:href="#sSpan1695" value="ⲥⲟⲟⲩⲛ"/>
		<feat xlink:href="#sSpan1696" value="ⲅⲁⲣ"/>
		<feat xlink:href="#sSpan1698" value="ⲛϭⲓ"/>
		<feat xlink:href="#sSpan1700" value="ⲡⲉⲧⲛ"/>
		<feat xlink:href="#sSpan1702" value="ⲉⲓⲱⲧ"/>
		<feat xlink:href="#sSpan1703" value="ⲉⲧ"/>
		<feat xlink:href="#sSpan1705" value="ϩⲛ"/>
		<feat xlink:href="#sSpan1706" value="ⲙ"/>
		<feat xlink:href="#sSpan1708" value="ⲡⲏⲩⲉ"/>
		<feat xlink:href="#sSpan1709" value="ϫⲉ"/>
		<feat xlink:href="#sSpan1711" value="ⲧⲉⲧⲛ"/>
		<feat xlink:href="#sSpan1713" value="ⲣⲭⲣⲉⲓⲁ"/>
		<feat xlink:href="#sSpan1714" value="ⲛ"/>
		<feat xlink:href="#sSpan1716" value="ⲛⲁⲓ"/>
		<feat xlink:href="#sSpan1717" value="ⲧⲏⲣ"/>
		<feat xlink:href="#sSpan1719" value="ⲟⲩ"/>
		<feat xlink:href="#sSpan1720" value="."/>
		<feat xlink:href="#sSpan1723" value="ϣⲓⲛⲉ"/>
		<feat xlink:href="#sSpan1725" value="ⲇⲉ"/>
		<feat xlink:href="#sSpan1727" value="ⲛ"/>
		<feat xlink:href="#sSpan1729" value="ϣⲟⲣⲡ"/>
		<feat xlink:href="#sSpan1730" value="ⲛⲥⲁ"/>
		<feat xlink:href="#sSpan1732" value="ⲧⲉϥ"/>
		<feat xlink:href="#sSpan1734" value="ⲙⲛⲧⲣⲣⲟ"/>
		<feat xlink:href="#sSpan1736" value="ⲙⲛ"/>
		<feat xlink:href="#sSpan1738" value="ⲧⲉϥ"/>
		<feat xlink:href="#sSpan1740" value="ⲇⲓⲕⲁⲓⲟⲥⲩⲛⲏ"/>
		<feat xlink:href="#sSpan1741" value="."/>
		<feat xlink:href="#sSpan1743" value="ⲁⲩⲱ"/>
		<feat xlink:href="#sSpan1745" value="ⲛⲁⲓ"/>
		<feat xlink:href="#sSpan1747" value="ⲧⲏⲣ"/>
		<feat xlink:href="#sSpan1749" value="ⲟⲩ"/>
		<feat xlink:href="#sSpan1750" value="ⲥⲉ"/>
		<feat xlink:href="#sSpan1752" value="ⲛⲁ"/>
		<feat xlink:href="#sSpan1753" value="ⲟⲩⲁϩ"/>
		<feat xlink:href="#sSpan1754" value="ⲟⲩ"/>
		<feat xlink:href="#sSpan1755" value="ⲉⲣⲱ"/>
		<feat xlink:href="#sSpan1757" value="ⲧⲛ"/>
		<feat xlink:href="#sSpan1758" value="."/>
		<feat xlink:href="#sSpan1761" value="ⲙⲡⲣ"/>
		<feat xlink:href="#sSpan1763" value="ϥⲓ"/>
		<feat xlink:href="#sSpan1764" value="ⲣⲟⲟⲩϣ"/>
		<feat xlink:href="#sSpan1765" value="ϭⲉ"/>
		<feat xlink:href="#sSpan1767" value="ⲉ"/>
		<feat xlink:href="#sSpan1769" value="ⲡⲉϥ"/>
		<feat xlink:href="#sSpan1770" value="ⲣⲁⲥⲧⲉ"/>
		<feat xlink:href="#sSpan1771" value="."/>
		<feat xlink:href="#sSpan1773" value="ⲣⲁⲥⲧⲉ"/>
		<feat xlink:href="#sSpan1775" value="ⲅⲁⲣ"/>
		<feat xlink:href="#sSpan1777" value="ⲛⲁ"/>
		<feat xlink:href="#sSpan1780" value="ϥⲓⲣⲟⲟⲩϣ"/>
		<feat xlink:href="#sSpan1782" value="ϩⲁⲣⲟ"/>
		<feat xlink:href="#sSpan1784" value="ϥ"/>
		<feat xlink:href="#sSpan1785" value="."/>
		<feat xlink:href="#sSpan1787" value="ϩⲱ"/>
		<feat xlink:href="#sSpan1789" value="ⲉ"/>
		<feat xlink:href="#sSpan1791" value="ⲡ"/>
		<feat xlink:href="#sSpan1792" value="ⲉϩⲟⲟⲩ"/>
		<feat xlink:href="#sSpan1793" value="ⲡⲉ"/>
		<feat xlink:href="#sSpan1795" value="ϩⲟⲟⲩ"/>
		<feat xlink:href="#sSpan1796" value="ⲉ"/>
		<feat xlink:href="#sSpan1798" value="ⲧⲉϥ"/>
		<feat xlink:href="#sSpan1799" value="ⲕⲁⲕⲓⲁ"/>
		<feat xlink:href="#sSpan1800" value="."/></featList></paula>