<?xml version='1.0' encoding='UTF-8'?><!DOCTYPE paula SYSTEM "paula_feat.dtd">
<paula version="1.1">
	<header paula_id="scriptorium.life.eustathius.theopiste.01.mark_morph"/>
	<featList xmlns:xlink="http://www.w3.org/1999/xlink" type="morph" xml:base="scriptorium.life.eustathius.theopiste.01.mark.xml">
		<feat xlink:href="#sSpan34" value="ⲡ"/>
		<feat xlink:href="#sSpan37" value="ⲉⲧ"/>
		<feat xlink:href="#sSpan38" value="ⲟⲩⲁⲁⲃ"/>
		<feat xlink:href="#sSpan255" value="ϫⲓ"/>
		<feat xlink:href="#sSpan259" value="ⲥⲃⲱ"/>
		<feat xlink:href="#sSpan411" value="ϣⲡ"/>
		<feat xlink:href="#sSpan414" value="ϩⲙⲟⲧ"/>
		<feat xlink:href="#sSpan433" value="ⲣϥ"/>
		<feat xlink:href="#sSpan436" value="ⲣ"/>
		<feat xlink:href="#sSpan437" value="ⲡ"/>
		<feat xlink:href="#sSpan438" value="ⲉⲧ"/>
		<feat xlink:href="#sSpan439" value="ⲛⲁⲛⲟⲩ"/>
		<feat xlink:href="#sSpan561" value="ⲙⲛⲧ"/>
		<feat xlink:href="#sSpan564" value="ⲣϥ"/>
		<feat xlink:href="#sSpan565" value="ϣⲡ"/>
		<feat xlink:href="#sSpan566" value="ϩⲙⲟⲧ"/>
		<feat xlink:href="#sSpan844" value="ⲙⲛⲧ"/>
		<feat xlink:href="#sSpan847" value="ϫⲱⲱⲣⲉ"/>
		<feat xlink:href="#sSpan971" value="ⲙⲛⲧ"/>
		<feat xlink:href="#sSpan974" value="ϫⲱⲱⲣⲉ"/>
		<feat xlink:href="#sSpan1057" value="ⲡ"/>
		<feat xlink:href="#sSpan1060" value="ⲉⲧ"/>
		<feat xlink:href="#sSpan1061" value="ⲛⲁⲛⲟⲩ"/>
		<feat xlink:href="#sSpan1093" value="ⲙⲛⲧ"/>
		<feat xlink:href="#sSpan1096" value="ϫⲱⲱⲣⲉ"/>
		<feat xlink:href="#sSpan1214" value="ⲡ"/>
		<feat xlink:href="#sSpan1217" value="ⲉⲧ"/>
		<feat xlink:href="#sSpan1218" value="ⲛⲁⲛⲟⲩ"/>
		<feat xlink:href="#sSpan1219" value="ϥ"/>
		<feat xlink:href="#sSpan1253" value="ϭⲓⲛ"/>
		<feat xlink:href="#sSpan1256" value="ⲱⲛϩ"/>
		<feat xlink:href="#sSpan1683" value="ⲙⲛⲧ"/>
		<feat xlink:href="#sSpan1687" value="ⲁⲧ"/>
		<feat xlink:href="#sSpan1688" value="ⲛⲁϩⲧⲉ"/>
		<feat xlink:href="#sSpan1740" value="ⲣⲉϥ"/>
		<feat xlink:href="#sSpan1743" value="ϣⲙϣⲉ"/>
		<feat xlink:href="#sSpan1783" value="ⲙⲛⲧ"/>
		<feat xlink:href="#sSpan1786" value="ⲉⲣⲟ"/>
		<feat xlink:href="#sSpan1807" value="ⲙⲛⲧ"/>
		<feat xlink:href="#sSpan1810" value="ⲣϥ"/>
		<feat xlink:href="#sSpan1812" value="ϣⲙϣⲉ"/>
		<feat xlink:href="#sSpan1950" value="ⲣⲙ"/>
		<feat xlink:href="#sSpan1953" value="ⲙ"/>
		<feat xlink:href="#sSpan1954" value="ⲁⲟ"/>
		<feat xlink:href="#sSpan2225" value="ⲕⲏⲕ"/>
		<feat xlink:href="#sSpan2228" value="ⲁϩⲏⲩ"/>
		<feat xlink:href="#sSpan2233" value="ϯ"/>
		<feat xlink:href="#sSpan2236" value="ϩⲓⲱ"/>
		<feat xlink:href="#sSpan2716" value="ⲡ"/>
		<feat xlink:href="#sSpan2720" value="ⲉⲧ"/>
		<feat xlink:href="#sSpan2721" value="ⲛⲁⲛⲟⲩ"/>
		<feat xlink:href="#sSpan2722" value="ϥ"/>
		<feat xlink:href="#sSpan2774" value="ⲙⲛⲧ"/>
		<feat xlink:href="#sSpan2777" value="ϫⲱⲱⲣⲉ"/>
		<feat xlink:href="#sSpan2799" value="ⲣ"/>
		<feat xlink:href="#sSpan2805" value="ϩⲟⲧⲉ"/>
		<feat xlink:href="#sSpan2842" value="ⲣⲉϥ"/>
		<feat xlink:href="#sSpan2845" value="ⲙⲓϣⲉ"/>
		<feat xlink:href="#sSpan2976" value="ⲙⲁⲓ"/>
		<feat xlink:href="#sSpan2979" value="ⲣⲱⲙⲉ"/>
		<feat xlink:href="#sSpan3026" value="ⲙⲛⲧ"/>
		<feat xlink:href="#sSpan3029" value="ⲣⲉϥ"/>
		<feat xlink:href="#sSpan3031" value="ⲣ"/>
		<feat xlink:href="#sSpan3032" value="ⲡ"/>
		<feat xlink:href="#sSpan3033" value="ⲉⲧ"/>
		<feat xlink:href="#sSpan3034" value="ⲛⲁⲛⲟⲩ"/>
		<feat xlink:href="#sSpan3132" value="ⲣ"/>
		<feat xlink:href="#sSpan3135" value="ϩⲟⲧⲉ"/>
		<feat xlink:href="#sSpan3164" value="ⲣ"/>
		<feat xlink:href="#sSpan3167" value="ϩⲱⲃ"/>
		<feat xlink:href="#sSpan3233" value="ⲙⲛⲧ"/>
		<feat xlink:href="#sSpan3236" value="ϣⲁ"/>
		<feat xlink:href="#sSpan3237" value="ⲛ"/>
		<feat xlink:href="#sSpan3238" value="ϩⲧⲏ"/>
		<feat xlink:href="#sSpan3239" value="ϥ"/>
		<feat xlink:href="#sSpan3255" value="ⲣ"/>
		<feat xlink:href="#sSpan3258" value="ϩⲛⲁ"/>
		<feat xlink:href="#sSpan3494" value="ⲟⲩⲉϩ"/>
		<feat xlink:href="#sSpan3497" value="ⲥⲁϩⲛⲉ"/>
		<feat xlink:href="#sSpan3923" value="ⲕⲁ"/>
		<feat xlink:href="#sSpan3926" value="ⲧⲟⲟⲧ"/>
		<feat xlink:href="#sSpan4037" value="ⲕⲁ"/>
		<feat xlink:href="#sSpan4040" value="ⲧⲟⲟⲧ"/>
		<feat xlink:href="#sSpan4358" value="ⲙⲁⲓ"/>
		<feat xlink:href="#sSpan4361" value="ⲣⲱⲙⲉ"/>
		<feat xlink:href="#sSpan4607" value="ⲣ"/>
		<feat xlink:href="#sSpan4610" value="ϣⲡⲏⲣⲉ"/>
		<feat xlink:href="#sSpan4634" value="ⲙⲛⲧ"/>
		<feat xlink:href="#sSpan4637" value="ⲛⲟϭ"/>
		<feat xlink:href="#sSpan4841" value="ⲣ"/>
		<feat xlink:href="#sSpan4844" value="ⲟⲩⲟⲉⲓⲛ"/>
		<feat xlink:href="#sSpan5242" value="ⲙⲛⲧ"/>
		<feat xlink:href="#sSpan5245" value="ⲣⲉϥ"/>
		<feat xlink:href="#sSpan5246" value="ⲣ"/>
		<feat xlink:href="#sSpan5247" value="ⲡ"/>
		<feat xlink:href="#sSpan5248" value="ⲉⲧ"/>
		<feat xlink:href="#sSpan5249" value="ⲛⲁⲛⲟⲩ"/>
		<feat xlink:href="#sSpan5406" value="ⲙⲛⲧ"/>
		<feat xlink:href="#sSpan5410" value="ⲡ"/>
		<feat xlink:href="#sSpan5411" value="ⲛⲟⲩⲧⲉ"/>
		<feat xlink:href="#sSpan5482" value="ⲣ"/>
		<feat xlink:href="#sSpan5487" value="ϩⲙϩⲁⲗ"/>
		<feat xlink:href="#sSpan5706" value="ⲣ"/>
		<feat xlink:href="#sSpan5709" value="ϩⲟⲧⲉ"/>
		<feat xlink:href="#sSpan6043" value="ϯ"/>
		<feat xlink:href="#sSpan6046" value="ϩⲧⲏ"/>
		<feat xlink:href="#sSpan6297" value="ⲣ"/>
		<feat xlink:href="#sSpan6300" value="ⲟⲩⲟⲉⲓⲛ"/>
		<feat xlink:href="#sSpan6353" value="ⲣ"/>
		<feat xlink:href="#sSpan6356" value="ⲟⲩⲟⲉⲓⲛ"/>
		<feat xlink:href="#sSpan6801" value="ⲣⲉϥ"/>
		<feat xlink:href="#sSpan6804" value="ⲧⲁⲛϩⲟ"/>
		<feat xlink:href="#sSpan6983" value="ⲟⲩⲉϩ"/>
		<feat xlink:href="#sSpan6989" value="ⲥⲁϩⲛⲉ"/>
		<feat xlink:href="#sSpan8108" value="ϫⲓ"/>
		<feat xlink:href="#sSpan8111" value="ⲃⲁⲡⲧⲓⲥⲙⲁ"/>
		<feat xlink:href="#sSpan8190" value="ⲣ"/>
		<feat xlink:href="#sSpan8193" value="ⲣⲙ"/>
		<feat xlink:href="#sSpan8194" value="ⲛ"/>
		<feat xlink:href="#sSpan8195" value="ⲏⲓ"/>
		<feat xlink:href="#sSpan8596" value="ϯ"/>
		<feat xlink:href="#sSpan8599" value="ⲉⲟⲟⲩ"/>
		<feat xlink:href="#sSpan9105" value="ⲙⲛⲧ"/>
		<feat xlink:href="#sSpan9108" value="ⲉⲣⲟ"/>
		<feat xlink:href="#sSpan9814" value="ⲙⲛⲧ"/>
		<feat xlink:href="#sSpan9817" value="ⲛⲟⲩⲧⲉ"/>
		<feat xlink:href="#sSpan9980" value="ⲙⲛⲧ"/>
		<feat xlink:href="#sSpan9983" value="ⲁⲧ"/>
		<feat xlink:href="#sSpan9984" value="ⲧⲁⲕⲟ"/>
		<feat xlink:href="#sSpan10125" value="ⲣ"/>
		<feat xlink:href="#sSpan10128" value="ⲕⲟⲧ"/>
		<feat xlink:href="#sSpan10141" value="ϯ"/>
		<feat xlink:href="#sSpan10144" value="ⲟⲩⲃⲏ"/>
		<feat xlink:href="#sSpan10302" value="ⲙⲛⲧ"/>
		<feat xlink:href="#sSpan10305" value="ⲣⲙ"/>
		<feat xlink:href="#sSpan10306" value="ⲙ"/>
		<feat xlink:href="#sSpan10307" value="ⲁⲟ"/>
		<feat xlink:href="#sSpan10343" value="ⲣ"/>
		<feat xlink:href="#sSpan10346" value="ⲣⲙ"/>
		<feat xlink:href="#sSpan10347" value="ⲙ"/>
		<feat xlink:href="#sSpan10348" value="ⲁⲟ"/>
		<feat xlink:href="#sSpan10376" value="ⲣ"/>
		<feat xlink:href="#sSpan10379" value="ϭⲱⲃ"/>
		<feat xlink:href="#sSpan10666" value="ⲁⲧ"/>
		<feat xlink:href="#sSpan10669" value="ⲙⲟⲩ"/>
		<feat xlink:href="#sSpan10804" value="ⲙⲛⲧ"/>
		<feat xlink:href="#sSpan10808" value="ⲣϥ"/>
		<feat xlink:href="#sSpan10809" value="ϫⲓⲟⲩⲁ"/>
		<feat xlink:href="#sSpan11145" value="ϣ"/>
		<feat xlink:href="#sSpan11148" value="ϭⲟⲙ"/>
		<feat xlink:href="#sSpan11211" value="ⲟⲩⲉϩ"/>
		<feat xlink:href="#sSpan11216" value="ⲥⲁϩⲛⲉ"/>
		<feat xlink:href="#sSpan11255" value="ϯ"/>
		<feat xlink:href="#sSpan11258" value="ϭⲟⲙ"/>
		<feat xlink:href="#sSpan11430" value="ⲡ"/>
		<feat xlink:href="#sSpan11433" value="ⲉⲧ"/>
		<feat xlink:href="#sSpan11434" value="ⲟⲩⲁⲁⲃ"/>
		<feat xlink:href="#sSpan11853" value="ⲣ"/>
		<feat xlink:href="#sSpan11856" value="ϩⲏⲧ"/>
		<feat xlink:href="#sSpan12302" value="ⲙⲕⲁϩ"/>
		<feat xlink:href="#sSpan12305" value="ⲛ"/>
		<feat xlink:href="#sSpan12306" value="ϩⲏⲧ"/>
		<feat xlink:href="#sSpan12461" value="ⲣ"/>
		<feat xlink:href="#sSpan12466" value="ϣⲁ"/>
		<feat xlink:href="#sSpan12522" value="ⲣ"/>
		<feat xlink:href="#sSpan12527" value="ϣⲁ"/>
		<feat xlink:href="#sSpan12585" value="ⲣⲉϥ"/>
		<feat xlink:href="#sSpan12588" value="ⲣ"/>
		<feat xlink:href="#sSpan12589" value="ϣⲁ"/>
		<feat xlink:href="#sSpan12891" value="ⲣ"/>
		<feat xlink:href="#sSpan12894" value="ϣⲡⲏⲣⲉ"/>
		<feat xlink:href="#sSpan13414" value="ⲣ"/>
		<feat xlink:href="#sSpan13417" value="ϩⲱⲧ"/>
		<feat xlink:href="#sSpan14072" value="ⲁϣ"/>
		<feat xlink:href="#sSpan14075" value="ⲁϩⲟⲙ"/>
		<feat xlink:href="#sSpan14794" value="ⲙⲛⲧ"/>
		<feat xlink:href="#sSpan14797" value="ⲃⲁⲓ"/>
		<feat xlink:href="#sSpan14798" value="ⲣⲟⲟⲩϣ"/>
		<feat xlink:href="#sSpan14863" value="ⲣ"/>
		<feat xlink:href="#sSpan14866" value="ⲡⲁⲓ"/>
		<feat xlink:href="#sSpan15194" value="ⲣ"/>
		<feat xlink:href="#sSpan15197" value="ϩⲟⲧⲉ"/>
		<feat xlink:href="#sSpan15475" value="ⲣⲉϥ"/>
		<feat xlink:href="#sSpan15478" value="ⲥⲕⲁⲓ"/>
		<feat xlink:href="#sSpan15546" value="ⲣⲉϥ"/>
		<feat xlink:href="#sSpan15549" value="ⲥⲕⲁⲓ"/>
		<feat xlink:href="#sSpan16219" value="ⲣ"/>
		<feat xlink:href="#sSpan16222" value="ϩⲟⲩⲟ"/>
		<feat xlink:href="#sSpan16451" value="ϣⲡ"/>
		<feat xlink:href="#sSpan16454" value="ϩⲓⲥⲉ"/>
		<feat xlink:href="#sSpan16884" value="ϩⲁ"/>
		<feat xlink:href="#sSpan16887" value="ⲧⲏⲩ"/>
		<feat xlink:href="#sSpan17201" value="ⲁϣ"/>
		<feat xlink:href="#sSpan17204" value="ⲁϩⲟⲙ"/>
		<feat xlink:href="#sSpan17294" value="ⲣ"/>
		<feat xlink:href="#sSpan17297" value="ϩⲱⲃ"/>
		<feat xlink:href="#sSpan17710" value="ⲣ"/>
		<feat xlink:href="#sSpan17713" value="ϩⲁⲓⲃⲥ"/>
		<feat xlink:href="#sSpan17886" value="ⲧⲏⲣ"/>
		<feat xlink:href="#sSpan17889" value="ϥ"/></featList></paula>