<?xml version='1.0' encoding='UTF-8'?><!DOCTYPE paula SYSTEM "paula_feat.dtd">
<paula version="1.1">
	<header paula_id="scriptorium.life.eustathius.theopiste.01.mark_chapter_n"/>
	<featList xmlns:xlink="http://www.w3.org/1999/xlink" type="chapter_n" xml:base="scriptorium.life.eustathius.theopiste.01.mark.xml">
		<feat xlink:href="#sSpan7" value="1"/>
		<feat xlink:href="#sSpan220" value="2"/>
		<feat xlink:href="#sSpan858" value="3"/>
		<feat xlink:href="#sSpan1765" value="4"/>
		<feat xlink:href="#sSpan2462" value="5"/>
		<feat xlink:href="#sSpan3324" value="6"/>
		<feat xlink:href="#sSpan3757" value="7"/>
		<feat xlink:href="#sSpan4211" value="8"/>
		<feat xlink:href="#sSpan4530" value="9"/>
		<feat xlink:href="#sSpan4974" value="10"/>
		<feat xlink:href="#sSpan5177" value="11"/>
		<feat xlink:href="#sSpan5676" value="12"/>
		<feat xlink:href="#sSpan6637" value="13"/>
		<feat xlink:href="#sSpan7072" value="14"/>
		<feat xlink:href="#sSpan8067" value="15"/>
		<feat xlink:href="#sSpan8829" value="16"/>
		<feat xlink:href="#sSpan9272" value="17"/>
		<feat xlink:href="#sSpan10332" value="18"/>
		<feat xlink:href="#sSpan10899" value="19"/>
		<feat xlink:href="#sSpan11396" value="20"/>
		<feat xlink:href="#sSpan11602" value="21"/>
		<feat xlink:href="#sSpan11872" value="22"/>
		<feat xlink:href="#sSpan12429" value="23"/>
		<feat xlink:href="#sSpan12929" value="24"/>
		<feat xlink:href="#sSpan13515" value="25"/>
		<feat xlink:href="#sSpan14056" value="26"/>
		<feat xlink:href="#sSpan14930" value="27"/>
		<feat xlink:href="#sSpan15452" value="28"/>
		<feat xlink:href="#sSpan16521" value="29"/>
		<feat xlink:href="#sSpan17175" value="30"/></featList></paula>