<?xml version='1.0' encoding='UTF-8'?><!DOCTYPE paula SYSTEM "paula_feat.dtd">
<paula version="1.1">
	<header paula_id="scriptorium.lament.mary.5139.53-54.mark_lang"/>
	<featList xmlns:xlink="http://www.w3.org/1999/xlink" type="lang" xml:base="scriptorium.lament.mary.5139.53-54.mark.xml">
		<feat xlink:href="#sSpan112" value="Greek"/>
		<feat xlink:href="#sSpan129" value="Greek"/>
		<feat xlink:href="#sSpan138" value="Hebrew"/>
		<feat xlink:href="#sSpan149" value="Greek"/>
		<feat xlink:href="#sSpan200" value="Greek"/>
		<feat xlink:href="#sSpan328" value="Greek"/>
		<feat xlink:href="#sSpan363" value="Greek"/>
		<feat xlink:href="#sSpan370" value="Hebrew"/>
		<feat xlink:href="#sSpan383" value="Greek"/>
		<feat xlink:href="#sSpan404" value="Hebrew"/>
		<feat xlink:href="#sSpan432" value="Greek"/>
		<feat xlink:href="#sSpan613" value="Greek"/>
		<feat xlink:href="#sSpan626" value="Hebrew"/>
		<feat xlink:href="#sSpan637" value="Greek"/>
		<feat xlink:href="#sSpan685" value="Greek"/>
		<feat xlink:href="#sSpan753" value="Greek"/>
		<feat xlink:href="#sSpan889" value="Hebrew"/>
		<feat xlink:href="#sSpan901" value="Greek"/>
		<feat xlink:href="#sSpan1021" value="Greek"/>
		<feat xlink:href="#sSpan1039" value="Greek"/>
		<feat xlink:href="#sSpan1069" value="Hebrew"/>
		<feat xlink:href="#sSpan1091" value="Greek"/>
		<feat xlink:href="#sSpan1112" value="Greek"/>
		<feat xlink:href="#sSpan1133" value="Greek"/>
		<feat xlink:href="#sSpan1181" value="Greek"/>
		<feat xlink:href="#sSpan1241" value="Greek"/>
		<feat xlink:href="#sSpan1280" value="Greek"/>
		<feat xlink:href="#sSpan1337" value="Greek"/>
		<feat xlink:href="#sSpan1341" value="Greek"/>
		<feat xlink:href="#sSpan1353" value="Greek"/>
		<feat xlink:href="#sSpan1374" value="Greek"/>
		<feat xlink:href="#sSpan1408" value="Hebrew"/>
		<feat xlink:href="#sSpan1455" value="Greek"/>
		<feat xlink:href="#sSpan1465" value="Greek"/>
		<feat xlink:href="#sSpan1526" value="Greek"/>
		<feat xlink:href="#sSpan1535" value="Hebrew"/>
		<feat xlink:href="#sSpan1613" value="Greek"/>
		<feat xlink:href="#sSpan1626" value="Hebrew"/>
		<feat xlink:href="#sSpan1675" value="Greek"/>
		<feat xlink:href="#sSpan1761" value="Greek"/>
		<feat xlink:href="#sSpan1858" value="Greek"/></featList></paula>