<?xml version='1.0' encoding='UTF-8'?><!DOCTYPE paula SYSTEM "paula_feat.dtd">
<paula version="1.1">
	<header paula_id="scriptorium.bohairic.1Cor_04.mark_verse_n"/>
	<featList xmlns:xlink="http://www.w3.org/1999/xlink" type="verse_n" xml:base="scriptorium.bohairic.1Cor_04.mark.xml">
		<feat xlink:href="#sSpan6" value="1"/>
		<feat xlink:href="#sSpan99" value="2"/>
		<feat xlink:href="#sSpan159" value="3"/>
		<feat xlink:href="#sSpan284" value="4"/>
		<feat xlink:href="#sSpan402" value="5"/>
		<feat xlink:href="#sSpan590" value="6"/>
		<feat xlink:href="#sSpan744" value="7"/>
		<feat xlink:href="#sSpan874" value="8"/>
		<feat xlink:href="#sSpan983" value="9"/>
		<feat xlink:href="#sSpan1107" value="10"/>
		<feat xlink:href="#sSpan1212" value="11"/>
		<feat xlink:href="#sSpan1286" value="12"/>
		<feat xlink:href="#sSpan1378" value="13"/>
		<feat xlink:href="#sSpan1484" value="14"/>
		<feat xlink:href="#sSpan1582" value="15"/>
		<feat xlink:href="#sSpan1714" value="16"/>
		<feat xlink:href="#sSpan1757" value="17"/>
		<feat xlink:href="#sSpan1924" value="18"/>
		<feat xlink:href="#sSpan1973" value="19"/>
		<feat xlink:href="#sSpan2091" value="20"/>
		<feat xlink:href="#sSpan2157" value="21"/></featList></paula>