<?xml version='1.0' encoding='UTF-8'?><!DOCTYPE paula SYSTEM "paula_feat.dtd">
<paula version="1.1">
	<header paula_id="scriptorium.bohairic.1Cor_04.mark_lemma"/>
	<featList xmlns:xlink="http://www.w3.org/1999/xlink" type="lemma" xml:base="scriptorium.bohairic.1Cor_04.mark.xml">
		<feat xlink:href="#sSpan1" value="ⲡⲁⲓ"/>
		<feat xlink:href="#sSpan8" value="ⲣⲏϯ"/>
		<feat xlink:href="#sSpan10" value="ⲟⲛ"/>
		<feat xlink:href="#sSpan14" value="ⲙⲁⲣⲉ"/>
		<feat xlink:href="#sSpan18" value="ⲛⲑⲱⲟⲩ"/>
		<feat xlink:href="#sSpan20" value="ⲙⲉⲩⲓ"/>
		<feat xlink:href="#sSpan22" value="ⲉ"/>
		<feat xlink:href="#sSpan26" value="ⲁⲛⲟⲛ"/>
		<feat xlink:href="#sSpan28" value="ⲛϫⲉ"/>
		<feat xlink:href="#sSpan32" value="ⲡⲓ"/>
		<feat xlink:href="#sSpan35" value="ⲣⲱⲙⲓ"/>
		<feat xlink:href="#sSpan38" value="ϩⲱⲥ"/>
		<feat xlink:href="#sSpan42" value="ⲟⲩ"/>
		<feat xlink:href="#sSpan48" value="ϩⲩⲡⲉⲣⲉⲧⲏⲥ"/>
		<feat xlink:href="#sSpan50" value="ⲛⲧⲉ"/>
		<feat xlink:href="#sSpan54" value="ⲡ"/>
		<feat xlink:href="#sSpan58" value="ⲭⲣⲓⲥⲧⲟⲥ"/>
		<feat xlink:href="#sSpan60" value="ⲛⲉⲙ"/>
		<feat xlink:href="#sSpan64" value="ⲟⲩ"/>
		<feat xlink:href="#sSpan68" value="ⲟⲓⲕⲟⲛⲟⲙⲟⲥ"/>
		<feat xlink:href="#sSpan70" value="ⲛⲧⲉ"/>
		<feat xlink:href="#sSpan74" value="ⲡⲓ"/>
		<feat xlink:href="#sSpan78" value="ⲙⲩⲥⲧⲏⲣⲓⲟⲛ"/>
		<feat xlink:href="#sSpan80" value="ⲛⲧⲉ"/>
		<feat xlink:href="#sSpan84" value="ⲡ"/>
		<feat xlink:href="#sSpan87" value="ⲛⲟⲩϯ"/>
		<feat xlink:href="#sSpan89" value="."/>
		<feat xlink:href="#sSpan94" value="ⲗⲟⲓⲡⲟⲛ"/>
		<feat xlink:href="#sSpan101" value="ⲛⲑⲱⲟⲩ"/>
		<feat xlink:href="#sSpan105" value="ⲕⲱϯ"/>
		<feat xlink:href="#sSpan107" value="ⲛ"/>
		<feat xlink:href="#sSpan111" value="ⲡⲁⲓ"/>
		<feat xlink:href="#sSpan114" value="ⲙⲁ"/>
		<feat xlink:href="#sSpan116" value="ϧⲉⲛ"/>
		<feat xlink:href="#sSpan120" value="ⲡⲓ"/>
		<feat xlink:href="#sSpan124" value="ⲟⲓⲕⲟⲛⲟⲙⲟⲥ"/>
		<feat xlink:href="#sSpan127" value="ϩⲓⲛⲁ"/>
		<feat xlink:href="#sSpan131" value="ⲛⲧⲉ"/>
		<feat xlink:href="#sSpan135" value="ⲛⲑⲱⲟⲩ"/>
		<feat xlink:href="#sSpan137" value="ϫⲓⲙⲓ"/>
		<feat xlink:href="#sSpan139" value="ⲟⲩⲁⲓ"/>
		<feat xlink:href="#sSpan142" value="ⲉⲣⲉ"/>
		<feat xlink:href="#sSpan146" value="ⲛⲑⲟϥ"/>
		<feat xlink:href="#sSpan148" value="ⲛⲁϩϯ"/>
		<feat xlink:href="#sSpan150" value="."/>
		<feat xlink:href="#sSpan154" value="ⲁⲛⲟⲕ"/>
		<feat xlink:href="#sSpan161" value="ⲟⲩ"/>
		<feat xlink:href="#sSpan167" value="ⲙⲉⲧⲕⲟⲩϫⲓ"/>
		<feat xlink:href="#sSpan170" value="ⲛⲁ"/>
		<feat xlink:href="#sSpan174" value="ⲁⲛⲟⲕ"/>
		<feat xlink:href="#sSpan176" value="ⲡⲉ"/>
		<feat xlink:href="#sSpan181" value="ϩⲓⲛⲁ"/>
		<feat xlink:href="#sSpan185" value="ⲛⲧⲉ"/>
		<feat xlink:href="#sSpan189" value="ⲛⲑⲱⲧⲉⲛ"/>
		<feat xlink:href="#sSpan192" value="ϯϩⲁⲡ"/>
		<feat xlink:href="#sSpan195" value="ⲉ"/>
		<feat xlink:href="#sSpan199" value="ⲁⲛⲟⲕ"/>
		<feat xlink:href="#sSpan201" value="ⲉⲃⲟⲗ"/>
		<feat xlink:href="#sSpan205" value="ϩⲓⲧⲉⲛ"/>
		<feat xlink:href="#sSpan209" value="ⲛⲑⲱⲧⲉⲛ"/>
		<feat xlink:href="#sSpan212" value="ⲓⲉ"/>
		<feat xlink:href="#sSpan216" value="ⲉⲃⲟⲗ"/>
		<feat xlink:href="#sSpan220" value="ϩⲓⲧⲉⲛ"/>
		<feat xlink:href="#sSpan224" value="ⲟⲩ"/>
		<feat xlink:href="#sSpan227" value="ⲉϩⲟⲟⲩ"/>
		<feat xlink:href="#sSpan229" value="ⲛⲧⲉ"/>
		<feat xlink:href="#sSpan233" value="ⲟⲩ"/>
		<feat xlink:href="#sSpan237" value="ⲙⲉⲧⲣⲱⲙⲓ"/>
		<feat xlink:href="#sSpan241" value="ⲁⲗⲗⲁ"/>
		<feat xlink:href="#sSpan246" value="ⲟⲩⲇⲉ"/>
		<feat xlink:href="#sSpan250" value="ⲁⲛⲟⲕ"/>
		<feat xlink:href="#sSpan254" value="ⲛ"/>
		<feat xlink:href="#sSpan258" value="ⲁⲛⲟⲕ"/>
		<feat xlink:href="#sSpan261" value="ϯϩⲁⲡ"/>
		<feat xlink:href="#sSpan264" value="ⲉ"/>
		<feat xlink:href="#sSpan268" value="ⲁⲛⲟⲕ"/>
		<feat xlink:href="#sSpan270" value="ⲁⲛ"/>
		<feat xlink:href="#sSpan274" value="."/>
		<feat xlink:href="#sSpan279" value="ⲟⲩⲇⲉ"/>
		<feat xlink:href="#sSpan287" value="ⲅⲁⲣ"/>
		<feat xlink:href="#sSpan291" value="ⲁⲛⲟⲕ"/>
		<feat xlink:href="#sSpan295" value="ⲛ"/>
		<feat xlink:href="#sSpan299" value="ⲁⲛⲟⲕ"/>
		<feat xlink:href="#sSpan301" value="ⲥⲱⲟⲩⲛ"/>
		<feat xlink:href="#sSpan303" value="ⲛ"/>
		<feat xlink:href="#sSpan307" value="ϩⲗⲓ"/>
		<feat xlink:href="#sSpan310" value="ⲁⲛ"/>
		<feat xlink:href="#sSpan314" value="ⲛϧⲣⲏⲓ"/>
		<feat xlink:href="#sSpan318" value="ϧⲉⲛ_ⲁⲛⲟⲕ"/>
		<feat xlink:href="#sSpan323" value="ⲁⲗⲗⲁ"/>
		<feat xlink:href="#sSpan328" value="ⲟⲩⲇⲉ"/>
		<feat xlink:href="#sSpan332" value="ⲛϧⲣⲏⲓ"/>
		<feat xlink:href="#sSpan336" value="ϧⲉⲛ"/>
		<feat xlink:href="#sSpan340" value="ⲫⲁⲓ"/>
		<feat xlink:href="#sSpan343" value="ⲛ"/>
		<feat xlink:href="#sSpan347" value="ⲁⲛⲟⲕ"/>
		<feat xlink:href="#sSpan349" value="ⲑⲙⲁⲓⲟ"/>
		<feat xlink:href="#sSpan351" value="ⲁⲛ"/>
		<feat xlink:href="#sSpan355" value="ⲫⲏ"/>
		<feat xlink:href="#sSpan361" value="ⲇⲉ"/>
		<feat xlink:href="#sSpan365" value="ⲉⲧⲉ"/>
		<feat xlink:href="#sSpan369" value="ⲛⲁ"/>
		<feat xlink:href="#sSpan372" value="ϯϩⲁⲡ"/>
		<feat xlink:href="#sSpan375" value="ⲉ"/>
		<feat xlink:href="#sSpan379" value="ⲁⲛⲟⲕ"/>
		<feat xlink:href="#sSpan381" value="ⲡ"/>
		<feat xlink:href="#sSpan386" value="ϭⲟⲓⲥ"/>
		<feat xlink:href="#sSpan388" value="ⲡⲉ"/>
		<feat xlink:href="#sSpan392" value="."/>
		<feat xlink:href="#sSpan397" value="ϩⲱⲥⲧⲉ"/>
		<feat xlink:href="#sSpan404" value="ⲙⲡⲉⲣ"/>
		<feat xlink:href="#sSpan409" value="ϯϩⲁⲡ"/>
		<feat xlink:href="#sSpan412" value="ⲉ"/>
		<feat xlink:href="#sSpan416" value="ϩⲗⲓ"/>
		<feat xlink:href="#sSpan419" value="ϧⲁ"/>
		<feat xlink:href="#sSpan423" value="ⲡ"/>
		<feat xlink:href="#sSpan425" value="ϩⲏ"/>
		<feat xlink:href="#sSpan427" value="ⲛ"/>
		<feat xlink:href="#sSpan431" value="ⲡⲓ"/>
		<feat xlink:href="#sSpan434" value="ⲥⲏⲟⲩ"/>
		<feat xlink:href="#sSpan436" value="ϣⲁⲧⲉ"/>
		<feat xlink:href="#sSpan440" value="ⲛⲑⲟϥ"/>
		<feat xlink:href="#sSpan442" value="ⲓ"/>
		<feat xlink:href="#sSpan444" value="ⲛϫⲉ"/>
		<feat xlink:href="#sSpan448" value="ⲡ"/>
		<feat xlink:href="#sSpan451" value="ϭⲟⲓⲥ"/>
		<feat xlink:href="#sSpan453" value="ⲫⲏ"/>
		<feat xlink:href="#sSpan457" value="ⲉⲧⲉ"/>
		<feat xlink:href="#sSpan461" value="ⲛⲁ"/>
		<feat xlink:href="#sSpan463" value="ⲑⲣⲉ"/>
		<feat xlink:href="#sSpan465" value="ⲫⲏ"/>
		<feat xlink:href="#sSpan468" value="ⲉⲧⲉ"/>
		<feat xlink:href="#sSpan472" value="ϩⲱⲡ"/>
		<feat xlink:href="#sSpan474" value="ⲛⲧⲉ"/>
		<feat xlink:href="#sSpan478" value="ⲡ"/>
		<feat xlink:href="#sSpan481" value="ⲭⲁⲕⲓ"/>
		<feat xlink:href="#sSpan484" value="ⲉⲣⲟⲩⲱⲓⲛⲓ"/>
		<feat xlink:href="#sSpan489" value="ⲟⲩⲟϩ"/>
		<feat xlink:href="#sSpan493" value="ⲛⲧⲉ"/>
		<feat xlink:href="#sSpan497" value="ⲛⲑⲟϥ"/>
		<feat xlink:href="#sSpan499" value="ⲟⲩⲟⲛϩ"/>
		<feat xlink:href="#sSpan501" value="ⲉⲃⲟⲗ"/>
		<feat xlink:href="#sSpan505" value="ⲛ"/>
		<feat xlink:href="#sSpan509" value="ⲡⲓ"/>
		<feat xlink:href="#sSpan512" value="ⲥⲟϭⲛⲓ"/>
		<feat xlink:href="#sSpan514" value="ⲛⲧⲉ"/>
		<feat xlink:href="#sSpan518" value="ⲡⲓ"/>
		<feat xlink:href="#sSpan521" value="ϩⲏⲧ"/>
		<feat xlink:href="#sSpan523" value="ⲟⲩⲟϩ"/>
		<feat xlink:href="#sSpan528" value="ⲧⲟⲧⲉ"/>
		<feat xlink:href="#sSpan532" value="ⲉⲣⲉ"/>
		<feat xlink:href="#sSpan536" value="ⲡ"/>
		<feat xlink:href="#sSpan539" value="ⲧⲁⲓⲟ"/>
		<feat xlink:href="#sSpan541" value="ⲛ"/>
		<feat xlink:href="#sSpan545" value="ⲡⲓ"/>
		<feat xlink:href="#sSpan548" value="ⲟⲩⲁⲓ"/>
		<feat xlink:href="#sSpan550" value="ⲡⲓ"/>
		<feat xlink:href="#sSpan555" value="ⲟⲩⲁⲓ"/>
		<feat xlink:href="#sSpan557" value="ϣⲱⲡⲓ"/>
		<feat xlink:href="#sSpan561" value="ⲛⲁ"/>
		<feat xlink:href="#sSpan565" value="ⲛⲑⲟϥ"/>
		<feat xlink:href="#sSpan567" value="ⲉⲃⲟⲗ"/>
		<feat xlink:href="#sSpan571" value="ϩⲓⲧⲉⲛ"/>
		<feat xlink:href="#sSpan575" value="ⲡ"/>
		<feat xlink:href="#sSpan578" value="ⲛⲟⲩϯ"/>
		<feat xlink:href="#sSpan580" value="."/>
		<feat xlink:href="#sSpan584" value="ⲡⲁⲓ"/>
		<feat xlink:href="#sSpan593" value="ⲇⲉ"/>
		<feat xlink:href="#sSpan597" value="ⲡⲁ"/>
		<feat xlink:href="#sSpan602" value="ⲥⲟⲛ"/>
		<feat xlink:href="#sSpan604" value="ⲁ"/>
		<feat xlink:href="#sSpan608" value="ⲁⲛⲟⲕ"/>
		<feat xlink:href="#sSpan610" value="ϣⲱⲃⲧ"/>
		<feat xlink:href="#sSpan612" value="ⲛⲑⲱⲟⲩ"/>
		<feat xlink:href="#sSpan614" value="ⲛ"/>
		<feat xlink:href="#sSpan619" value="ⲥⲭⲏⲙⲁ"/>
		<feat xlink:href="#sSpan622" value="ⲉ"/>
		<feat xlink:href="#sSpan626" value="ⲁⲛⲟⲕ"/>
		<feat xlink:href="#sSpan628" value="ⲛⲉⲙ"/>
		<feat xlink:href="#sSpan632" value="ⲁⲡⲟⲗⲗⲱ"/>
		<feat xlink:href="#sSpan635" value="ⲉⲑⲃⲉ"/>
		<feat xlink:href="#sSpan639" value="ⲛⲑⲱⲧⲉⲛ"/>
		<feat xlink:href="#sSpan642" value="ϩⲓⲛⲁ"/>
		<feat xlink:href="#sSpan646" value="ⲛϧⲣⲏⲓ"/>
		<feat xlink:href="#sSpan650" value="ϧⲉⲛ"/>
		<feat xlink:href="#sSpan654" value="ⲁⲛⲟⲛ"/>
		<feat xlink:href="#sSpan656" value="ⲛⲧⲉ"/>
		<feat xlink:href="#sSpan660" value="ⲛⲑⲱⲧⲉⲛ"/>
		<feat xlink:href="#sSpan663" value="ϭⲓⲥⲃⲱ"/>
		<feat xlink:href="#sSpan666" value="ⲉ"/>
		<feat xlink:href="#sSpan670" value="ϣⲧⲉⲙ"/>
		<feat xlink:href="#sSpan672" value="ⲓⲣⲓ"/>
		<feat xlink:href="#sSpan674" value="ⲥⲁⲃⲟⲗ"/>
		<feat xlink:href="#sSpan678" value="ⲛ"/>
		<feat xlink:href="#sSpan682" value="ⲫⲏ"/>
		<feat xlink:href="#sSpan685" value="ⲉⲧⲉ"/>
		<feat xlink:href="#sSpan689" value="ⲥϧⲁⲓ"/>
		<feat xlink:href="#sSpan692" value="ϩⲓⲛⲁ"/>
		<feat xlink:href="#sSpan696" value="ϫⲉ"/>
		<feat xlink:href="#sSpan700" value="ⲛⲛⲉ"/>
		<feat xlink:href="#sSpan702" value="ⲟⲩⲁⲓ"/>
		<feat xlink:href="#sSpan705" value="ϭⲓⲥⲓ"/>
		<feat xlink:href="#sSpan709" value="ⲛ"/>
		<feat xlink:href="#sSpan713" value="ⲛⲑⲟϥ"/>
		<feat xlink:href="#sSpan715" value="ⲉⲑⲃⲉ"/>
		<feat xlink:href="#sSpan719" value="ⲟⲩⲁⲓ"/>
		<feat xlink:href="#sSpan722" value="ⲉϩⲣⲏⲓ"/>
		<feat xlink:href="#sSpan726" value="ⲉϫⲉⲛ"/>
		<feat xlink:href="#sSpan730" value="ⲡⲉϥ"/>
		<feat xlink:href="#sSpan733" value="ϣⲫⲏⲣ"/>
		<feat xlink:href="#sSpan735" value="."/>
		<feat xlink:href="#sSpan739" value="ⲛⲓⲙ"/>
		<feat xlink:href="#sSpan747" value="ⲅⲁⲣ"/>
		<feat xlink:href="#sSpan751" value="ⲡⲉ"/>
		<feat xlink:href="#sSpan756" value="ⲉⲧⲉ"/>
		<feat xlink:href="#sSpan759" value="ⲉⲣⲇⲓⲁⲕⲣⲓⲛⲓⲛ"/>
		<feat xlink:href="#sSpan763" value="ⲛ"/>
		<feat xlink:href="#sSpan767" value="ⲛⲑⲟⲕ"/>
		<feat xlink:href="#sSpan769" value="ⲟⲩ"/>
		<feat xlink:href="#sSpan774" value="ⲇⲉ"/>
		<feat xlink:href="#sSpan778" value="ⲡⲉ"/>
		<feat xlink:href="#sSpan783" value="ⲉⲧⲉ"/>
		<feat xlink:href="#sSpan785" value="ⲛⲧⲉⲛ"/>
		<feat xlink:href="#sSpan787" value="ⲛⲑⲟⲕ"/>
		<feat xlink:href="#sSpan789" value="ⲉⲧⲉ"/>
		<feat xlink:href="#sSpan793" value="ⲙⲡⲉ"/>
		<feat xlink:href="#sSpan795" value="ⲛⲑⲟⲕ"/>
		<feat xlink:href="#sSpan797" value="ϭⲓ"/>
		<feat xlink:href="#sSpan799" value="ⲛⲑⲟϥ"/>
		<feat xlink:href="#sSpan801" value="ⲓⲥϫⲉ"/>
		<feat xlink:href="#sSpan806" value="ⲇⲉ"/>
		<feat xlink:href="#sSpan810" value="ⲁ"/>
		<feat xlink:href="#sSpan814" value="ⲛⲑⲟⲕ"/>
		<feat xlink:href="#sSpan816" value="ⲓⲣⲓ"/>
		<feat xlink:href="#sSpan819" value="ⲡ"/>
		<feat xlink:href="#sSpan822" value="ⲕⲉ"/>
		<feat xlink:href="#sSpan824" value="ϭⲓ"/>
		<feat xlink:href="#sSpan826" value="ⲉⲑⲃⲉ"/>
		<feat xlink:href="#sSpan830" value="ⲟⲩ"/>
		<feat xlink:href="#sSpan832" value="ⲉⲣⲉ"/>
		<feat xlink:href="#sSpan836" value="ⲛⲑⲟⲕ"/>
		<feat xlink:href="#sSpan838" value="ϣⲟⲩϣⲟⲩ"/>
		<feat xlink:href="#sSpan840" value="ⲛ"/>
		<feat xlink:href="#sSpan844" value="ⲛⲑⲟⲕ"/>
		<feat xlink:href="#sSpan847" value="ϩⲱⲥ"/>
		<feat xlink:href="#sSpan851" value="ⲟⲩⲁⲓ"/>
		<feat xlink:href="#sSpan856" value="ⲙⲡⲉ"/>
		<feat xlink:href="#sSpan860" value="ⲛⲑⲟⲕ"/>
		<feat xlink:href="#sSpan862" value="ϭⲓ"/>
		<feat xlink:href="#sSpan864" value="."/>
		<feat xlink:href="#sSpan869" value="ϩⲏⲇⲏ"/>
		<feat xlink:href="#sSpan876" value="ⲁ"/>
		<feat xlink:href="#sSpan880" value="ⲛⲑⲱⲧⲉⲛ"/>
		<feat xlink:href="#sSpan882" value="ⲥⲓ"/>
		<feat xlink:href="#sSpan885" value="ϩⲏⲇⲏ"/>
		<feat xlink:href="#sSpan889" value="ⲁ"/>
		<feat xlink:href="#sSpan893" value="ⲛⲑⲱⲧⲉⲛ"/>
		<feat xlink:href="#sSpan896" value="ⲉⲣⲣⲁⲙⲁⲟ"/>
		<feat xlink:href="#sSpan900" value="ⲁϭⲛⲉ"/>
		<feat xlink:href="#sSpan904" value="ⲁⲛⲟⲛ"/>
		<feat xlink:href="#sSpan906" value="ⲁⲣⲉ"/>
		<feat xlink:href="#sSpan910" value="ⲛⲑⲱⲧⲉⲛ"/>
		<feat xlink:href="#sSpan913" value="ⲉⲣⲟⲩⲣⲟ"/>
		<feat xlink:href="#sSpan916" value="ⲟⲩⲟϩ"/>
		<feat xlink:href="#sSpan920" value="ⲁⲙⲟⲓ"/>
		<feat xlink:href="#sSpan924" value="ⲛⲁⲣⲉ"/>
		<feat xlink:href="#sSpan928" value="ⲁⲣⲉ"/>
		<feat xlink:href="#sSpan930" value="ⲛⲑⲱⲧⲉⲛ"/>
		<feat xlink:href="#sSpan933" value="ⲉⲣⲟⲩⲣⲟ"/>
		<feat xlink:href="#sSpan937" value="ϩⲓⲛⲁ"/>
		<feat xlink:href="#sSpan941" value="ⲁⲛⲟⲛ"/>
		<feat xlink:href="#sSpan945" value="ϩⲱⲱ"/>
		<feat xlink:href="#sSpan949" value="ⲁⲛⲟⲛ"/>
		<feat xlink:href="#sSpan951" value="ⲛⲧⲉ"/>
		<feat xlink:href="#sSpan955" value="ⲁⲛⲟⲛ"/>
		<feat xlink:href="#sSpan958" value="ⲉⲣϣⲫⲏⲣ"/>
		<feat xlink:href="#sSpan961" value="ⲛ"/>
		<feat xlink:href="#sSpan965" value="ⲟⲩⲣⲟ"/>
		<feat xlink:href="#sSpan968" value="ⲛⲉⲙ"/>
		<feat xlink:href="#sSpan972" value="ⲛⲑⲱⲧⲉⲛ"/>
		<feat xlink:href="#sSpan974" value="."/>
		<feat xlink:href="#sSpan978" value="ⲁⲛⲟⲕ"/>
		<feat xlink:href="#sSpan985" value="ⲙⲉⲩⲓ"/>
		<feat xlink:href="#sSpan988" value="ⲅⲁⲣ"/>
		<feat xlink:href="#sSpan992" value="ϫⲉ"/>
		<feat xlink:href="#sSpan996" value="ⲉⲧⲉ"/>
		<feat xlink:href="#sSpan998" value="ⲁ"/>
		<feat xlink:href="#sSpan1000" value="ⲡ"/>
		<feat xlink:href="#sSpan1003" value="ⲛⲟⲩϯ"/>
		<feat xlink:href="#sSpan1005" value="ⲟⲩⲱⲛϩ"/>
		<feat xlink:href="#sSpan1009" value="ⲛⲑⲱⲧⲉⲛ"/>
		<feat xlink:href="#sSpan1011" value="ⲉⲃⲟⲗ"/>
		<feat xlink:href="#sSpan1015" value="ⲁⲛⲟⲛ"/>
		<feat xlink:href="#sSpan1019" value="ϧⲁ"/>
		<feat xlink:href="#sSpan1023" value="ⲡⲓ"/>
		<feat xlink:href="#sSpan1027" value="ⲁⲡⲟⲥⲧⲟⲗⲟⲥ"/>
		<feat xlink:href="#sSpan1029" value="ⲛ"/>
		<feat xlink:href="#sSpan1033" value="ⲟⲩ"/>
		<feat xlink:href="#sSpan1036" value="ϧⲁⲓⲉ"/>
		<feat xlink:href="#sSpan1038" value="ⲛ"/>
		<feat xlink:href="#sSpan1042" value="ⲡ"/>
		<feat xlink:href="#sSpan1044" value="ⲣⲏϯ"/>
		<feat xlink:href="#sSpan1046" value="ⲛ"/>
		<feat xlink:href="#sSpan1050" value="ⲟⲩ"/>
		<feat xlink:href="#sSpan1054" value="ⲉⲡⲓⲑⲁⲛⲁⲧⲓⲟⲥ"/>
		<feat xlink:href="#sSpan1056" value="ϫⲉ"/>
		<feat xlink:href="#sSpan1060" value="ⲁ"/>
		<feat xlink:href="#sSpan1062" value="ⲁⲛⲟⲛ"/>
		<feat xlink:href="#sSpan1065" value="ⲉⲣⲑⲉⲁⲧⲣⲟⲛ"/>
		<feat xlink:href="#sSpan1069" value="ⲛ"/>
		<feat xlink:href="#sSpan1073" value="ⲡⲓ"/>
		<feat xlink:href="#sSpan1077" value="ⲕⲟⲥⲙⲟⲥ"/>
		<feat xlink:href="#sSpan1079" value="ⲛⲉⲙ"/>
		<feat xlink:href="#sSpan1083" value="ⲡⲓ"/>
		<feat xlink:href="#sSpan1087" value="ⲁⲅⲅⲉⲗⲟⲥ"/>
		<feat xlink:href="#sSpan1089" value="ⲛⲉⲙ"/>
		<feat xlink:href="#sSpan1093" value="ⲡⲓ"/>
		<feat xlink:href="#sSpan1096" value="ⲣⲱⲙⲓ"/>
		<feat xlink:href="#sSpan1098" value="."/>
		<feat xlink:href="#sSpan1102" value="ⲁⲛⲟⲛ"/>
		<feat xlink:href="#sSpan1109" value="ⲟⲩ"/>
		<feat xlink:href="#sSpan1114" value="ⲥⲟϫ"/>
		<feat xlink:href="#sSpan1116" value="ⲉⲑⲃⲉ"/>
		<feat xlink:href="#sSpan1120" value="ⲡ"/>
		<feat xlink:href="#sSpan1124" value="ⲭⲣⲓⲥⲧⲟⲥ"/>
		<feat xlink:href="#sSpan1126" value="ⲛⲑⲱⲧⲉⲛ"/>
		<feat xlink:href="#sSpan1130" value="ⲛⲑⲱⲧⲉⲛ"/>
		<feat xlink:href="#sSpan1134" value="ⲟⲩ"/>
		<feat xlink:href="#sSpan1139" value="ⲥⲁⲃⲉ"/>
		<feat xlink:href="#sSpan1141" value="ϧⲉⲛ"/>
		<feat xlink:href="#sSpan1145" value="ⲡ"/>
		<feat xlink:href="#sSpan1149" value="ⲭⲣⲓⲥⲧⲟⲥ"/>
		<feat xlink:href="#sSpan1151" value="ⲁⲛⲟⲛ"/>
		<feat xlink:href="#sSpan1155" value="ⲟⲩ"/>
		<feat xlink:href="#sSpan1160" value="ϫⲱⲃ"/>
		<feat xlink:href="#sSpan1162" value="ⲛⲑⲱⲧⲉⲛ"/>
		<feat xlink:href="#sSpan1167" value="ⲇⲉ"/>
		<feat xlink:href="#sSpan1171" value="ⲛⲑⲱⲧⲉⲛ"/>
		<feat xlink:href="#sSpan1175" value="ⲟⲩ"/>
		<feat xlink:href="#sSpan1180" value="ϫⲱⲣⲓ"/>
		<feat xlink:href="#sSpan1182" value="ⲛⲑⲱⲧⲉⲛ"/>
		<feat xlink:href="#sSpan1186" value="ⲛⲑⲱⲧⲉⲛ"/>
		<feat xlink:href="#sSpan1190" value="ⲧⲁⲉⲓⲟ"/>
		<feat xlink:href="#sSpan1192" value="ⲁⲛⲟⲛ"/>
		<feat xlink:href="#sSpan1197" value="ⲇⲉ"/>
		<feat xlink:href="#sSpan1201" value="ⲁⲛⲟⲛ"/>
		<feat xlink:href="#sSpan1205" value="ϣⲱϣ"/>
		<feat xlink:href="#sSpan1207" value="ϣⲁⲉϧⲟⲩⲛ"/>
		<feat xlink:href="#sSpan1214" value="ⲉ"/>
		<feat xlink:href="#sSpan1218" value="ⲡⲁⲓ"/>
		<feat xlink:href="#sSpan1221" value="ⲟⲩⲛⲟⲩ"/>
		<feat xlink:href="#sSpan1223" value="ⲁⲛⲟⲛ"/>
		<feat xlink:href="#sSpan1227" value="ϩⲕⲟ"/>
		<feat xlink:href="#sSpan1229" value="ⲟⲩⲟϩ"/>
		<feat xlink:href="#sSpan1233" value="ⲁⲛⲟⲛ"/>
		<feat xlink:href="#sSpan1237" value="ⲓⲃⲓ"/>
		<feat xlink:href="#sSpan1239" value="ⲁⲛⲟⲛ"/>
		<feat xlink:href="#sSpan1243" value="ⲃⲱϣ"/>
		<feat xlink:href="#sSpan1245" value="ⲟⲩⲟϩ"/>
		<feat xlink:href="#sSpan1249" value="ⲛⲑⲱⲟⲩ"/>
		<feat xlink:href="#sSpan1254" value="ϯⲕⲉϩ"/>
		<feat xlink:href="#sSpan1257" value="ⲛⲁ"/>
		<feat xlink:href="#sSpan1261" value="ⲁⲛⲟⲛ"/>
		<feat xlink:href="#sSpan1263" value="ⲟⲩⲟϩ"/>
		<feat xlink:href="#sSpan1267" value="ⲁⲛⲟⲛ"/>
		<feat xlink:href="#sSpan1271" value="ⲥⲉⲙⲛⲓ"/>
		<feat xlink:href="#sSpan1273" value="ⲁⲛ"/>
		<feat xlink:href="#sSpan1277" value="."/>
		<feat xlink:href="#sSpan1281" value="ⲁⲛⲟⲛ"/>
		<feat xlink:href="#sSpan1288" value="ϧⲓⲥⲓ"/>
		<feat xlink:href="#sSpan1290" value="ⲉⲣⲉ"/>
		<feat xlink:href="#sSpan1294" value="ⲁⲛⲟⲛ"/>
		<feat xlink:href="#sSpan1297" value="ⲉⲣϩⲱⲃ"/>
		<feat xlink:href="#sSpan1300" value="ⲛ"/>
		<feat xlink:href="#sSpan1304" value="ⲡⲉⲛ"/>
		<feat xlink:href="#sSpan1307" value="ϫⲓϫ"/>
		<feat xlink:href="#sSpan1309" value="ⲙⲙⲓⲛⲙⲙⲟ"/>
		<feat xlink:href="#sSpan1313" value="ⲁⲛⲟⲛ"/>
		<feat xlink:href="#sSpan1315" value="ⲛⲑⲱⲟⲩ"/>
		<feat xlink:href="#sSpan1319" value="ϩⲱⲟⲩϣ"/>
		<feat xlink:href="#sSpan1321" value="ⲉ"/>
		<feat xlink:href="#sSpan1325" value="ⲁⲛⲟⲛ"/>
		<feat xlink:href="#sSpan1327" value="ⲟⲩⲟϩ"/>
		<feat xlink:href="#sSpan1331" value="ⲁⲛⲟⲛ"/>
		<feat xlink:href="#sSpan1335" value="ⲥⲙⲟⲩ"/>
		<feat xlink:href="#sSpan1337" value="ⲉ"/>
		<feat xlink:href="#sSpan1341" value="ⲛⲑⲱⲟⲩ"/>
		<feat xlink:href="#sSpan1343" value="ⲉⲣⲉ"/>
		<feat xlink:href="#sSpan1347" value="ⲛⲑⲱⲟⲩ"/>
		<feat xlink:href="#sSpan1349" value="ϭⲟϫⲓ"/>
		<feat xlink:href="#sSpan1351" value="ⲛⲥⲁ"/>
		<feat xlink:href="#sSpan1355" value="ⲁⲛⲟⲛ"/>
		<feat xlink:href="#sSpan1357" value="ⲁⲛⲟⲛ"/>
		<feat xlink:href="#sSpan1361" value="ⲱⲟⲩ"/>
		<feat xlink:href="#sSpan1363" value="ⲛ"/>
		<feat xlink:href="#sSpan1367" value="ϩⲏⲧ"/>
		<feat xlink:href="#sSpan1369" value="."/>
		<feat xlink:href="#sSpan1373" value="ⲉⲣⲉ"/>
		<feat xlink:href="#sSpan1380" value="ⲛⲑⲱⲟⲩ"/>
		<feat xlink:href="#sSpan1383" value="ϫⲉⲟⲩⲁ"/>
		<feat xlink:href="#sSpan1386" value="ⲉ"/>
		<feat xlink:href="#sSpan1390" value="ⲁⲛⲟⲛ"/>
		<feat xlink:href="#sSpan1392" value="ⲁⲛⲟⲛ"/>
		<feat xlink:href="#sSpan1397" value="ϯϩⲟ"/>
		<feat xlink:href="#sSpan1400" value="ⲉ"/>
		<feat xlink:href="#sSpan1404" value="ⲛⲑⲱⲟⲩ"/>
		<feat xlink:href="#sSpan1406" value="ⲁ"/>
		<feat xlink:href="#sSpan1410" value="ⲁⲛⲟⲛ"/>
		<feat xlink:href="#sSpan1412" value="ⲓⲣⲓ"/>
		<feat xlink:href="#sSpan1414" value="ⲛ"/>
		<feat xlink:href="#sSpan1418" value="ⲡ"/>
		<feat xlink:href="#sSpan1420" value="ⲣⲏϯ"/>
		<feat xlink:href="#sSpan1422" value="ⲛ"/>
		<feat xlink:href="#sSpan1426" value="ⲟⲩ"/>
		<feat xlink:href="#sSpan1430" value="ⲉⲡⲓⲕⲁⲑⲉⲣⲙⲁ"/>
		<feat xlink:href="#sSpan1432" value="ⲛⲧⲉ"/>
		<feat xlink:href="#sSpan1436" value="ⲡⲁⲓ"/>
		<feat xlink:href="#sSpan1440" value="ⲕⲟⲥⲙⲟⲥ"/>
		<feat xlink:href="#sSpan1442" value="ⲁ"/>
		<feat xlink:href="#sSpan1446" value="ⲁⲛⲟⲛ"/>
		<feat xlink:href="#sSpan1449" value="ⲉⲣϣⲃⲉ"/>
		<feat xlink:href="#sSpan1452" value="ⲛ"/>
		<feat xlink:href="#sSpan1456" value="ⲟⲩⲟⲛ"/>
		<feat xlink:href="#sSpan1458" value="ⲛⲓⲃⲉⲛ"/>
		<feat xlink:href="#sSpan1462" value="ϣⲁⲉϧⲟⲩⲛ"/>
		<feat xlink:href="#sSpan1466" value="ⲉ"/>
		<feat xlink:href="#sSpan1470" value="ⲡⲁⲓ"/>
		<feat xlink:href="#sSpan1473" value="ⲟⲩⲛⲟⲩ"/>
		<feat xlink:href="#sSpan1475" value="."/>
		<feat xlink:href="#sSpan1479" value="ⲛ"/>
		<feat xlink:href="#sSpan1486" value="ⲁⲣⲉ"/>
		<feat xlink:href="#sSpan1488" value="ⲁⲛⲟⲕ"/>
		<feat xlink:href="#sSpan1490" value="ϫⲫⲓⲟ"/>
		<feat xlink:href="#sSpan1492" value="ⲛ"/>
		<feat xlink:href="#sSpan1496" value="ⲛⲑⲱⲧⲉⲛ"/>
		<feat xlink:href="#sSpan1498" value="ⲁⲛ"/>
		<feat xlink:href="#sSpan1502" value="ⲉⲣⲉ"/>
		<feat xlink:href="#sSpan1506" value="ⲁⲛⲟⲕ"/>
		<feat xlink:href="#sSpan1508" value="ⲥⲁⲓ"/>
		<feat xlink:href="#sSpan1510" value="ⲛ"/>
		<feat xlink:href="#sSpan1514" value="ⲡⲁⲓ"/>
		<feat xlink:href="#sSpan1517" value="ⲛ"/>
		<feat xlink:href="#sSpan1521" value="ⲛⲑⲱⲧⲉⲛ"/>
		<feat xlink:href="#sSpan1524" value="ⲁⲗⲗⲁ"/>
		<feat xlink:href="#sSpan1528" value="ⲉⲣⲉ"/>
		<feat xlink:href="#sSpan1532" value="ⲁⲛⲟⲕ"/>
		<feat xlink:href="#sSpan1535" value="ϯⲥⲃⲱ"/>
		<feat xlink:href="#sSpan1538" value="ⲛ"/>
		<feat xlink:href="#sSpan1542" value="ⲛⲑⲱⲧⲉⲛ"/>
		<feat xlink:href="#sSpan1544" value="ⲛ"/>
		<feat xlink:href="#sSpan1548" value="ⲡ"/>
		<feat xlink:href="#sSpan1550" value="ⲣⲏϯ"/>
		<feat xlink:href="#sSpan1552" value="ⲛ"/>
		<feat xlink:href="#sSpan1556" value="ⲟⲩ"/>
		<feat xlink:href="#sSpan1559" value="ϣⲏⲣⲓ"/>
		<feat xlink:href="#sSpan1561" value="ⲛ"/>
		<feat xlink:href="#sSpan1565" value="ⲙⲉⲛⲣⲓⲧ"/>
		<feat xlink:href="#sSpan1567" value="ⲛⲧⲉ"/>
		<feat xlink:href="#sSpan1571" value="ⲁⲛⲟⲕ"/>
		<feat xlink:href="#sSpan1573" value="."/>
		<feat xlink:href="#sSpan1577" value="ⲉϣⲱⲡ"/>
		<feat xlink:href="#sSpan1585" value="ⲅⲁⲣ"/>
		<feat xlink:href="#sSpan1589" value="ⲉⲣⲉ"/>
		<feat xlink:href="#sSpan1593" value="ⲟⲩⲟⲛ"/>
		<feat xlink:href="#sSpan1595" value="ⲛⲑⲱⲧⲉⲛ"/>
		<feat xlink:href="#sSpan1597" value="ⲙⲙⲁⲩ"/>
		<feat xlink:href="#sSpan1601" value="ⲛ"/>
		<feat xlink:href="#sSpan1605" value="ⲟⲩ"/>
		<feat xlink:href="#sSpan1608" value="ⲑⲃⲁ"/>
		<feat xlink:href="#sSpan1610" value="ⲛ"/>
		<feat xlink:href="#sSpan1615" value="ϭⲁⲩⲙⲱⲓⲧ"/>
		<feat xlink:href="#sSpan1618" value="ϧⲉⲛ"/>
		<feat xlink:href="#sSpan1622" value="ⲡ"/>
		<feat xlink:href="#sSpan1626" value="ⲭⲣⲓⲥⲧⲟⲥ"/>
		<feat xlink:href="#sSpan1629" value="ⲁⲗⲗⲁ"/>
		<feat xlink:href="#sSpan1633" value="ⲛ"/>
		<feat xlink:href="#sSpan1637" value="ⲟⲩ"/>
		<feat xlink:href="#sSpan1639" value="ⲙⲏϣ"/>
		<feat xlink:href="#sSpan1642" value="ⲛ"/>
		<feat xlink:href="#sSpan1646" value="ⲓⲱⲧ"/>
		<feat xlink:href="#sSpan1648" value="ⲁⲛ"/>
		<feat xlink:href="#sSpan1652" value="ⲛϩⲣⲏⲓ"/>
		<feat xlink:href="#sSpan1656" value="ϧⲉⲛ"/>
		<feat xlink:href="#sSpan1660" value="ⲡ"/>
		<feat xlink:href="#sSpan1664" value="ⲭⲣⲓⲥⲧⲟⲥ"/>
		<feat xlink:href="#sSpan1667" value="ⲓⲏⲥⲟⲩⲥ"/>
		<feat xlink:href="#sSpan1671" value="ⲉⲃⲟⲗ"/>
		<feat xlink:href="#sSpan1675" value="ϩⲓⲧⲉⲛ"/>
		<feat xlink:href="#sSpan1679" value="ⲛⲑⲟϥ"/>
		<feat xlink:href="#sSpan1681" value="ⲛ"/>
		<feat xlink:href="#sSpan1685" value="ⲡⲓ"/>
		<feat xlink:href="#sSpan1689" value="ⲉⲩⲁⲅⲅⲉⲗⲓⲟⲛ"/>
		<feat xlink:href="#sSpan1691" value="ⲁⲛⲟⲕ"/>
		<feat xlink:href="#sSpan1695" value="ⲁ"/>
		<feat xlink:href="#sSpan1699" value="ⲁⲛⲟⲕ"/>
		<feat xlink:href="#sSpan1701" value="ϫⲫⲟ"/>
		<feat xlink:href="#sSpan1703" value="ⲛⲑⲱⲧⲉⲛ"/>
		<feat xlink:href="#sSpan1705" value="."/>
		<feat xlink:href="#sSpan1709" value="ⲁⲛⲟⲕ"/>
		<feat xlink:href="#sSpan1717" value="ϯϩⲟ"/>
		<feat xlink:href="#sSpan1720" value="ⲟⲩⲛ"/>
		<feat xlink:href="#sSpan1724" value="ⲉ"/>
		<feat xlink:href="#sSpan1728" value="ⲛⲑⲱⲧⲉⲛ"/>
		<feat xlink:href="#sSpan1730" value="ϣⲱⲡⲓ"/>
		<feat xlink:href="#sSpan1734" value="ⲉⲣⲉ"/>
		<feat xlink:href="#sSpan1738" value="ⲛⲑⲱⲧⲉⲛ"/>
		<feat xlink:href="#sSpan1740" value="ⲟⲛⲓ"/>
		<feat xlink:href="#sSpan1742" value="ⲛ"/>
		<feat xlink:href="#sSpan1746" value="ⲁⲛⲟⲕ"/>
		<feat xlink:href="#sSpan1748" value="."/>
		<feat xlink:href="#sSpan1752" value="ⲉⲑⲃⲉ"/>
		<feat xlink:href="#sSpan1759" value="ⲫⲁⲓ"/>
		<feat xlink:href="#sSpan1762" value="ⲁ"/>
		<feat xlink:href="#sSpan1766" value="ⲁⲛⲟⲕ"/>
		<feat xlink:href="#sSpan1768" value="ⲟⲩⲱⲣⲡ"/>
		<feat xlink:href="#sSpan1770" value="ⲛⲁ"/>
		<feat xlink:href="#sSpan1774" value="ⲛⲑⲱⲧⲉⲛ"/>
		<feat xlink:href="#sSpan1776" value="ⲛ"/>
		<feat xlink:href="#sSpan1781" value="ⲧⲓⲙⲟⲑⲉⲟⲥ"/>
		<feat xlink:href="#sSpan1784" value="ⲉⲧⲉ"/>
		<feat xlink:href="#sSpan1788" value="ⲡⲁ"/>
		<feat xlink:href="#sSpan1791" value="ϣⲏⲣⲓ"/>
		<feat xlink:href="#sSpan1793" value="ⲛ"/>
		<feat xlink:href="#sSpan1797" value="ⲙⲉⲛⲣⲓⲧ"/>
		<feat xlink:href="#sSpan1799" value="ⲡⲉ"/>
		<feat xlink:href="#sSpan1803" value="ⲟⲩⲟϩ"/>
		<feat xlink:href="#sSpan1807" value="ⲛ"/>
		<feat xlink:href="#sSpan1812" value="ⲡⲓⲥⲧⲟⲥ"/>
		<feat xlink:href="#sSpan1814" value="ϧⲉⲛ"/>
		<feat xlink:href="#sSpan1818" value="ⲡ"/>
		<feat xlink:href="#sSpan1821" value="ϭⲟⲓⲥ"/>
		<feat xlink:href="#sSpan1823" value="ⲫⲁⲓ"/>
		<feat xlink:href="#sSpan1827" value="ⲉⲧⲉ"/>
		<feat xlink:href="#sSpan1831" value="ⲛⲁ"/>
		<feat xlink:href="#sSpan1833" value="ⲑⲣⲉ"/>
		<feat xlink:href="#sSpan1835" value="ⲛⲑⲱⲧⲉⲛ"/>
		<feat xlink:href="#sSpan1837" value="ⲓⲣⲓ"/>
		<feat xlink:href="#sSpan1839" value="ⲡ"/>
		<feat xlink:href="#sSpan1842" value="ⲙⲉⲩⲓ"/>
		<feat xlink:href="#sSpan1844" value="ⲛ"/>
		<feat xlink:href="#sSpan1848" value="ⲡⲁ"/>
		<feat xlink:href="#sSpan1851" value="ⲙⲱⲓⲧ"/>
		<feat xlink:href="#sSpan1853" value="ϧⲉⲛ"/>
		<feat xlink:href="#sSpan1857" value="ⲡ"/>
		<feat xlink:href="#sSpan1861" value="ⲭⲣⲓⲥⲧⲟⲥ"/>
		<feat xlink:href="#sSpan1864" value="ⲓⲏⲥⲟⲩⲥ"/>
		<feat xlink:href="#sSpan1869" value="ⲕⲁⲧⲁ"/>
		<feat xlink:href="#sSpan1873" value="ⲡ"/>
		<feat xlink:href="#sSpan1875" value="ⲣⲏϯ"/>
		<feat xlink:href="#sSpan1877" value="ⲉⲧⲉ"/>
		<feat xlink:href="#sSpan1881" value="ⲁⲛⲟⲕ"/>
		<feat xlink:href="#sSpan1884" value="ϯⲥⲃⲱ"/>
		<feat xlink:href="#sSpan1887" value="ϧⲉⲛ"/>
		<feat xlink:href="#sSpan1891" value="ⲙⲁ"/>
		<feat xlink:href="#sSpan1894" value="ⲛⲓⲃⲉⲛ"/>
		<feat xlink:href="#sSpan1898" value="ϧⲉⲛ"/>
		<feat xlink:href="#sSpan1902" value="ⲡⲓ"/>
		<feat xlink:href="#sSpan1906" value="ⲉⲕⲕⲗⲏⲥⲓⲁ"/>
		<feat xlink:href="#sSpan1908" value="ⲧⲏⲣ"/>
		<feat xlink:href="#sSpan1912" value="ⲛⲑⲱⲟⲩ"/>
		<feat xlink:href="#sSpan1914" value="."/>
		<feat xlink:href="#sSpan1919" value="ϩⲱⲥ"/>
		<feat xlink:href="#sSpan1926" value="ⲛ"/>
		<feat xlink:href="#sSpan1930" value="ⲁⲛⲟⲕ"/>
		<feat xlink:href="#sSpan1932" value="ⲓ"/>
		<feat xlink:href="#sSpan1935" value="ⲇⲉ"/>
		<feat xlink:href="#sSpan1939" value="ϩⲁ"/>
		<feat xlink:href="#sSpan1943" value="ⲛⲑⲱⲧⲉⲛ"/>
		<feat xlink:href="#sSpan1945" value="ⲁⲛ"/>
		<feat xlink:href="#sSpan1949" value="ⲁ"/>
		<feat xlink:href="#sSpan1953" value="ⲟⲩ"/>
		<feat xlink:href="#sSpan1956" value="ⲟⲩⲟⲛ"/>
		<feat xlink:href="#sSpan1958" value="ϭⲓⲥⲓ"/>
		<feat xlink:href="#sSpan1962" value="ⲛ"/>
		<feat xlink:href="#sSpan1966" value="ϩⲏⲧ"/>
		<feat xlink:href="#sSpan1968" value="ⲉⲣⲉ_ⲁⲛⲟⲕ"/>
		<feat xlink:href="#sSpan1975" value="ⲓ"/>
		<feat xlink:href="#sSpan1978" value="ⲇⲉ"/>
		<feat xlink:href="#sSpan1982" value="ϩⲁ"/>
		<feat xlink:href="#sSpan1986" value="ⲛⲑⲱⲧⲉⲛ"/>
		<feat xlink:href="#sSpan1988" value="ⲛ"/>
		<feat xlink:href="#sSpan1992" value="ⲭⲱⲗⲉⲙ"/>
		<feat xlink:href="#sSpan1995" value="ⲉϣⲱⲡ"/>
		<feat xlink:href="#sSpan1999" value="ⲉⲣⲉ"/>
		<feat xlink:href="#sSpan2003" value="ⲡ"/>
		<feat xlink:href="#sSpan2006" value="ⲟⲩⲱϣ"/>
		<feat xlink:href="#sSpan2008" value="ⲛ"/>
		<feat xlink:href="#sSpan2012" value="ⲡ"/>
		<feat xlink:href="#sSpan2015" value="ϭⲟⲓⲥ"/>
		<feat xlink:href="#sSpan2017" value="ⲡⲉ"/>
		<feat xlink:href="#sSpan2021" value="ⲟⲩⲟϩ"/>
		<feat xlink:href="#sSpan2025" value="ⲉⲣⲉ_ⲁⲛⲟⲕ"/>
		<feat xlink:href="#sSpan2029" value="ⲉⲙⲓ"/>
		<feat xlink:href="#sSpan2031" value="ⲉ"/>
		<feat xlink:href="#sSpan2035" value="ⲡ"/>
		<feat xlink:href="#sSpan2038" value="ⲥⲁϫⲓ"/>
		<feat xlink:href="#sSpan2040" value="ⲁⲛ"/>
		<feat xlink:href="#sSpan2044" value="ⲛ"/>
		<feat xlink:href="#sSpan2049" value="ⲫⲏ"/>
		<feat xlink:href="#sSpan2051" value="ⲉⲧⲉ"/>
		<feat xlink:href="#sSpan2055" value="ⲁ"/>
		<feat xlink:href="#sSpan2057" value="ⲛⲑⲱⲟⲩ"/>
		<feat xlink:href="#sSpan2059" value="ϭⲓⲥⲓ"/>
		<feat xlink:href="#sSpan2061" value="ⲛ"/>
		<feat xlink:href="#sSpan2065" value="ϩⲏⲧ"/>
		<feat xlink:href="#sSpan2068" value="ⲁⲗⲗⲁ"/>
		<feat xlink:href="#sSpan2072" value="ⲉ"/>
		<feat xlink:href="#sSpan2076" value="ⲡⲟⲩ"/>
		<feat xlink:href="#sSpan2079" value="ϫⲟⲙ"/>
		<feat xlink:href="#sSpan2081" value="."/>
		<feat xlink:href="#sSpan2085" value="ⲡⲓ"/>
		<feat xlink:href="#sSpan2094" value="ⲙⲉⲧⲟⲩⲣⲟ"/>
		<feat xlink:href="#sSpan2098" value="ⲅⲁⲣ"/>
		<feat xlink:href="#sSpan2102" value="ⲛⲧⲉ"/>
		<feat xlink:href="#sSpan2106" value="ⲡ"/>
		<feat xlink:href="#sSpan2109" value="ⲛⲟⲩϯ"/>
		<feat xlink:href="#sSpan2111" value="ⲛ"/>
		<feat xlink:href="#sSpan2115" value="ⲁⲣⲉ"/>
		<feat xlink:href="#sSpan2117" value="ⲛⲑⲟⲥ"/>
		<feat xlink:href="#sSpan2119" value="ϧⲉⲛ"/>
		<feat xlink:href="#sSpan2121" value="ⲡ"/>
		<feat xlink:href="#sSpan2124" value="ⲥⲁϫⲓ"/>
		<feat xlink:href="#sSpan2126" value="ⲁⲛ"/>
		<feat xlink:href="#sSpan2131" value="ⲁⲗⲗⲁ"/>
		<feat xlink:href="#sSpan2135" value="ⲁⲣⲉ"/>
		<feat xlink:href="#sSpan2139" value="ⲛⲑⲟⲥ"/>
		<feat xlink:href="#sSpan2141" value="ϧⲉⲛ"/>
		<feat xlink:href="#sSpan2143" value="ⲟⲩ"/>
		<feat xlink:href="#sSpan2146" value="ϫⲟⲙ"/>
		<feat xlink:href="#sSpan2148" value="."/>
		<feat xlink:href="#sSpan2152" value="ⲟⲩ"/>
		<feat xlink:href="#sSpan2159" value="ϫⲉ"/>
		<feat xlink:href="#sSpan2163" value="ⲡⲉ"/>
		<feat xlink:href="#sSpan2165" value="ⲉⲧⲉ"/>
		<feat xlink:href="#sSpan2167" value="ⲛⲑⲱⲧⲉⲛ"/>
		<feat xlink:href="#sSpan2169" value="ⲟⲩⲱϣ"/>
		<feat xlink:href="#sSpan2171" value="ⲛⲑⲟϥ"/>
		<feat xlink:href="#sSpan2173" value="ⲛⲧⲉ"/>
		<feat xlink:href="#sSpan2177" value="ⲁⲛⲟⲕ"/>
		<feat xlink:href="#sSpan2179" value="ⲓ"/>
		<feat xlink:href="#sSpan2181" value="ϩⲁ"/>
		<feat xlink:href="#sSpan2185" value="ⲛⲑⲱⲧⲉⲛ"/>
		<feat xlink:href="#sSpan2187" value="ϧⲉⲛ"/>
		<feat xlink:href="#sSpan2191" value="ⲟⲩ"/>
		<feat xlink:href="#sSpan2194" value="ϣⲃⲱⲧ"/>
		<feat xlink:href="#sSpan2196" value="ϣⲁⲛ"/>
		<feat xlink:href="#sSpan2200" value="ϧⲉⲛ"/>
		<feat xlink:href="#sSpan2204" value="ⲟⲩ"/>
		<feat xlink:href="#sSpan2208" value="ⲁⲅⲁⲡⲏ"/>
		<feat xlink:href="#sSpan2210" value="ⲛ"/>
		<feat xlink:href="#sSpan2215" value="ⲡⲛⲉⲩⲙⲁ"/>
		<feat xlink:href="#sSpan2218" value="ⲛ"/>
		<feat xlink:href="#sSpan2223" value="ⲙⲉⲧⲣⲉⲙⲣⲁⲩϣ"/>
		<feat xlink:href="#sSpan2228" value="."/></featList></paula>