<?xml version='1.0' encoding='UTF-8'?><!DOCTYPE paula SYSTEM "paula_feat.dtd">
<paula version="1.1">
	<header paula_id="scriptorium.bohairic.1Cor_04.mark_text"/>
	<featList xmlns:xlink="http://www.w3.org/1999/xlink" type="text" xml:base="scriptorium.bohairic.1Cor_04.mark.xml">
		<feat xlink:href="#sSpan34" value="ⲛⲓ ⲣⲱⲙⲓ"/>
		<feat xlink:href="#sSpan46" value="ϩⲁⲛ ϩⲩⲡⲉⲣⲉⲧⲏⲥ ⲛⲧⲉ ⲡ ⲭⲣⲓⲥⲧⲟⲥ"/>
		<feat xlink:href="#sSpan56" value="ⲡ ⲭⲣⲓⲥⲧⲟⲥ"/>
		<feat xlink:href="#sSpan66" value="ϩⲁⲛ ⲟⲓⲕⲟⲛⲟⲙⲟⲥ ⲛⲧⲉ ⲛⲓ ⲙⲩⲥⲧⲏⲣⲓⲟⲛ ⲛⲧⲉ ⲫ ⲛⲟⲩϯ"/>
		<feat xlink:href="#sSpan76" value="ⲛⲓ ⲙⲩⲥⲧⲏⲣⲓⲟⲛ ⲛⲧⲉ ⲫ ⲛⲟⲩϯ"/>
		<feat xlink:href="#sSpan86" value="ⲫ ⲛⲟⲩϯ"/>
		<feat xlink:href="#sSpan113" value="ⲡⲁⲓ ⲙⲁ"/>
		<feat xlink:href="#sSpan122" value="ⲛⲓ ⲟⲓⲕⲟⲛⲟⲙⲟⲥ"/>
		<feat xlink:href="#sSpan141" value="ⲟⲩⲁⲓ ⲉ ϥ ⲉⲛϩⲟⲧ"/>
		<feat xlink:href="#sSpan163" value="ⲟⲩ ⲙⲉⲧⲕⲟⲩϫⲓ"/>
		<feat xlink:href="#sSpan226" value="ⲟⲩ ⲉϩⲟⲟⲩ ⲛⲧⲉ ⲟⲩ ⲙⲉⲧⲣⲱⲙⲓ"/>
		<feat xlink:href="#sSpan235" value="ⲟⲩ ⲙⲉⲧⲣⲱⲙⲓ"/>
		<feat xlink:href="#sSpan309" value="ϩⲗⲓ"/>
		<feat xlink:href="#sSpan342" value="ⲫⲁⲓ"/>
		<feat xlink:href="#sSpan359" value="ⲫⲏ ⲇⲉ ⲉⲑ ⲛⲁ ϯϩⲁⲡ ⲉⲣⲟ ⲓ"/>
		<feat xlink:href="#sSpan383" value="ⲡ ϭⲟⲓⲥ"/>
		<feat xlink:href="#sSpan418" value="ϩⲗⲓ"/>
		<feat xlink:href="#sSpan433" value="ⲡⲓ ⲥⲏⲟⲩ"/>
		<feat xlink:href="#sSpan450" value="ⲡ ϭⲟⲓⲥ ⲫⲏ ⲉⲑ ⲛⲁ ⲑⲣⲉ ⲛⲏ ⲉⲧ ϩⲏⲡ ⲛⲧⲉ ⲡ ⲭⲁⲕⲓ ⲉⲣⲟⲩⲱⲓⲛⲓ ⲟⲩⲟϩ ⲛⲧⲉ ϥ ⲟⲩⲟⲛϩ ⲉⲃⲟⲗ ⲛ ⲛⲓ ⲥⲟϭⲛⲓ ⲛⲧⲉ ⲛⲓ ϩⲏⲧ"/>
		<feat xlink:href="#sSpan467" value="ⲛⲏ ⲉⲧ ϩⲏⲡ ⲛⲧⲉ ⲡ ⲭⲁⲕⲓ"/>
		<feat xlink:href="#sSpan480" value="ⲡ ⲭⲁⲕⲓ"/>
		<feat xlink:href="#sSpan511" value="ⲛⲓ ⲥⲟϭⲛⲓ ⲛⲧⲉ ⲛⲓ ϩⲏⲧ"/>
		<feat xlink:href="#sSpan520" value="ⲛⲓ ϩⲏⲧ"/>
		<feat xlink:href="#sSpan538" value="ⲡ ⲧⲁⲓⲟ ⲙ ⲡⲓ ⲟⲩⲁⲓ ⲡⲓ ⲟⲩⲁⲓ"/>
		<feat xlink:href="#sSpan547" value="ⲡⲓ ⲟⲩⲁⲓ"/>
		<feat xlink:href="#sSpan552" value="ⲡⲓ ⲟⲩⲁⲓ"/>
		<feat xlink:href="#sSpan577" value="ⲫ ⲛⲟⲩϯ"/>
		<feat xlink:href="#sSpan586" value="ⲛⲁⲓ"/>
		<feat xlink:href="#sSpan599" value="ⲛⲁ ⲥⲛⲏⲟⲩ"/>
		<feat xlink:href="#sSpan621" value="ⲥⲭⲏⲙⲁ"/>
		<feat xlink:href="#sSpan634" value="ⲁⲡⲟⲗⲗⲱ"/>
		<feat xlink:href="#sSpan684" value="ⲛⲏ ⲉⲧ ⲥϧⲏⲟⲩⲧ"/>
		<feat xlink:href="#sSpan704" value="ⲟⲩⲁⲓ"/>
		<feat xlink:href="#sSpan721" value="ⲟⲩⲁⲓ"/>
		<feat xlink:href="#sSpan732" value="ⲡⲉϥ ϣⲫⲏⲣ"/>
		<feat xlink:href="#sSpan755" value="ⲡ ⲉⲧ ⲉⲣⲇⲓⲁⲕⲣⲓⲛⲓⲛ ⲙⲙⲟ ⲕ"/>
		<feat xlink:href="#sSpan782" value="ⲡ ⲉⲧⲉ ⲛⲧⲟⲧ ⲕ ⲉⲧⲉ ⲙⲡⲉ ⲕ ϭⲓⲧ ϥ"/>
		<feat xlink:href="#sSpan821" value="ⲡ ⲕⲉ ϭⲓ"/>
		<feat xlink:href="#sSpan853" value="ⲟⲩⲁⲓ"/>
		<feat xlink:href="#sSpan967" value="ⲟⲩⲣⲟ"/>
		<feat xlink:href="#sSpan1002" value="ⲫ ⲛⲟⲩϯ"/>
		<feat xlink:href="#sSpan1025" value="ⲛⲓ ⲁⲡⲟⲥⲧⲟⲗⲟⲥ"/>
		<feat xlink:href="#sSpan1035" value="ϩⲁⲛ ϧⲁⲉⲩ"/>
		<feat xlink:href="#sSpan1052" value="ϩⲁⲛ ⲉⲡⲓⲑⲁⲛⲁⲧⲓⲟⲥ"/>
		<feat xlink:href="#sSpan1075" value="ⲡⲓ ⲕⲟⲥⲙⲟⲥ"/>
		<feat xlink:href="#sSpan1085" value="ⲛⲓ ⲁⲅⲅⲉⲗⲟⲥ"/>
		<feat xlink:href="#sSpan1095" value="ⲛⲓ ⲣⲱⲙⲓ"/>
		<feat xlink:href="#sSpan1113" value="ϩⲁⲛ ⲥⲟϫ ⲉⲑⲃⲉ ⲡ ⲭⲣⲓⲥⲧⲟⲥ"/>
		<feat xlink:href="#sSpan1122" value="ⲡ ⲭⲣⲓⲥⲧⲟⲥ"/>
		<feat xlink:href="#sSpan1138" value="ϩⲁⲛ ⲥⲁⲃⲉⲩ ϧⲉⲛ ⲡ ⲭⲣⲓⲥⲧⲟⲥ"/>
		<feat xlink:href="#sSpan1147" value="ⲡ ⲭⲣⲓⲥⲧⲟⲥ"/>
		<feat xlink:href="#sSpan1157" value="ϩⲁⲛ ϫⲱⲃ"/>
		<feat xlink:href="#sSpan1177" value="ϩⲁⲛ ϫⲱⲣⲓ"/>
		<feat xlink:href="#sSpan1220" value="ⲧⲁⲓ ⲟⲩⲛⲟⲩ"/>
		<feat xlink:href="#sSpan1306" value="ⲛⲉⲛ ϫⲓϫ"/>
		<feat xlink:href="#sSpan1428" value="ϩⲁⲛ ⲉⲡⲓⲕⲁⲑⲉⲣⲙⲁ ⲛⲧⲉ ⲡⲁⲓ ⲕⲟⲥⲙⲟⲥ"/>
		<feat xlink:href="#sSpan1438" value="ⲡⲁⲓ ⲕⲟⲥⲙⲟⲥ"/>
		<feat xlink:href="#sSpan1472" value="ⲧⲁⲓ ⲟⲩⲛⲟⲩ"/>
		<feat xlink:href="#sSpan1516" value="ⲛⲁⲓ"/>
		<feat xlink:href="#sSpan1558" value="ϩⲁⲛ ϣⲏⲣⲓ ⲙ ⲙⲉⲛⲣⲓⲧ ⲛⲧⲏ ⲓ"/>
		<feat xlink:href="#sSpan1607" value="ⲟⲩ ⲑⲃⲁ ⲛ ϭⲁⲩⲙⲱⲓⲧ"/>
		<feat xlink:href="#sSpan1624" value="ⲡ ⲭⲣⲓⲥⲧⲟⲥ"/>
		<feat xlink:href="#sSpan1641" value="ⲙⲏϣ ⲛ ⲓⲱⲧ"/>
		<feat xlink:href="#sSpan1662" value="ⲡ ⲭⲣⲓⲥⲧⲟⲥ ⲓⲏⲥⲟⲩⲥ"/>
		<feat xlink:href="#sSpan1687" value="ⲡⲓ ⲉⲩⲁⲅⲅⲉⲗⲓⲟⲛ"/>
		<feat xlink:href="#sSpan1761" value="ⲫⲁⲓ"/>
		<feat xlink:href="#sSpan1783" value="ⲧⲓⲙⲟⲑⲉⲟⲥ ⲉⲧⲉ ⲡⲁ ϣⲏⲣⲓ ⲙ ⲙⲉⲛⲣⲓⲧ ⲡⲉ ⲟⲩⲟϩ ⲙ ⲡⲓⲥⲧⲟⲥ ϧⲉⲛ ⲡ ϭⲟⲓⲥ ⲫⲁⲓ ⲉⲑ ⲛⲁ ⲑⲣⲉ ⲧⲉⲛ ⲉⲣ ⲫ ⲙⲉⲩⲓ ⲛ ⲛⲁ ⲙⲱⲓⲧ ϧⲉⲛ ⲡ ⲭⲣⲓⲥⲧⲟⲥ ⲓⲏⲥⲟⲩⲥ ⲕⲁⲧⲁ ⲫ ⲣⲏϯ ⲉⲧ ϯ ϯⲥⲃⲱ ϧⲉⲛ ⲙⲁⲓ ⲛⲓⲃⲉⲛ ϧⲉⲛ ⲛⲓ ⲉⲕⲕⲗⲏⲥⲓⲁ ⲧⲏⲣ ⲟⲩ"/>
		<feat xlink:href="#sSpan1790" value="ⲡⲁ ϣⲏⲣⲓ ⲙ ⲙⲉⲛⲣⲓⲧ"/>
		<feat xlink:href="#sSpan1820" value="ⲡ ϭⲟⲓⲥ"/>
		<feat xlink:href="#sSpan1841" value="ⲫ ⲙⲉⲩⲓ ⲛ ⲛⲁ ⲙⲱⲓⲧ"/>
		<feat xlink:href="#sSpan1850" value="ⲛⲁ ⲙⲱⲓⲧ"/>
		<feat xlink:href="#sSpan1859" value="ⲡ ⲭⲣⲓⲥⲧⲟⲥ ⲓⲏⲥⲟⲩⲥ"/>
		<feat xlink:href="#sSpan1893" value="ⲙⲁⲓ ⲛⲓⲃⲉⲛ"/>
		<feat xlink:href="#sSpan1904" value="ⲛⲓ ⲉⲕⲕⲗⲏⲥⲓⲁ ⲧⲏⲣ ⲟⲩ"/>
		<feat xlink:href="#sSpan1955" value="ϩⲁⲛ ⲟⲩⲟⲛ"/>
		<feat xlink:href="#sSpan1994" value="ⲭⲱⲗⲉⲙ"/>
		<feat xlink:href="#sSpan2005" value="ⲫ ⲟⲩⲱϣ ⲙ ⲡ ϭⲟⲓⲥ"/>
		<feat xlink:href="#sSpan2014" value="ⲡ ϭⲟⲓⲥ"/>
		<feat xlink:href="#sSpan2037" value="ⲡ ⲥⲁϫⲓ ⲁⲛ ⲛ ⲛⲏ ⲉⲧ ⲁ ⲩ ϭⲓⲥⲓ ⲛ ϩⲏⲧ"/>
		<feat xlink:href="#sSpan2048" value="ⲛ ⲛⲏ ⲉⲧ ⲁ ⲩ ϭⲓⲥⲓ ⲛ ϩⲏⲧ"/>
		<feat xlink:href="#sSpan2078" value="ⲧⲟⲩ ϫⲟⲙ"/>
		<feat xlink:href="#sSpan2089" value="ϯ ⲙⲉⲧⲟⲩⲣⲟ ⲅⲁⲣ ⲛⲧⲉ ⲫ ⲛⲟⲩϯ"/>
		<feat xlink:href="#sSpan2108" value="ⲫ ⲛⲟⲩϯ"/>
		<feat xlink:href="#sSpan2123" value="ⲡ ⲥⲁϫⲓ"/>
		<feat xlink:href="#sSpan2145" value="ⲟⲩ ϫⲟⲙ"/>
		<feat xlink:href="#sSpan2193" value="ⲟⲩ ϣⲃⲱⲧ"/>
		<feat xlink:href="#sSpan2206" value="ⲟⲩ ⲁⲅⲁⲡⲏ ⲙ ⲡⲛⲉⲩⲙⲁ ⲙ ⲙⲉⲧⲣⲉⲙⲣⲁⲩϣ"/>
		<feat xlink:href="#sSpan2217" value="ⲡⲛⲉⲩⲙⲁ ⲙ ⲙⲉⲧⲣⲉⲙⲣⲁⲩϣ"/>
		<feat xlink:href="#sSpan2225" value="ⲙⲉⲧⲣⲉⲙⲣⲁⲩϣ"/></featList></paula>