<?xml version='1.0' encoding='UTF-8'?><!DOCTYPE paula SYSTEM "paula_feat.dtd">
<paula version="1.1">
	<header paula_id="scriptorium.a22.YA293-300.dep_func"/>
	<featList xmlns:xlink="http://www.w3.org/1999/xlink" type="func" xml:base="scriptorium.a22.YA293-300.dep.xml">
		<feat xlink:href="#sPointingRel1" value="conj"/>
		<feat xlink:href="#sPointingRel3" value="ccomp"/>
		<feat xlink:href="#sPointingRel5" value="advcl"/>
		<feat xlink:href="#sPointingRel7" value="case"/>
		<feat xlink:href="#sPointingRel9" value="det"/>
		<feat xlink:href="#sPointingRel11" value="det"/>
		<feat xlink:href="#sPointingRel13" value="case"/>
		<feat xlink:href="#sPointingRel15" value="case"/>
		<feat xlink:href="#sPointingRel17" value="det"/>
		<feat xlink:href="#sPointingRel19" value="advmod"/>
		<feat xlink:href="#sPointingRel21" value="mark"/>
		<feat xlink:href="#sPointingRel23" value="nsubj"/>
		<feat xlink:href="#sPointingRel25" value="advcl"/>
		<feat xlink:href="#sPointingRel27" value="det"/>
		<feat xlink:href="#sPointingRel29" value="nsubj"/>
		<feat xlink:href="#sPointingRel31" value="case"/>
		<feat xlink:href="#sPointingRel33" value="conj"/>
		<feat xlink:href="#sPointingRel35" value="nmod"/>
		<feat xlink:href="#sPointingRel37" value="nummod"/>
		<feat xlink:href="#sPointingRel39" value="case"/>
		<feat xlink:href="#sPointingRel41" value="case"/>
		<feat xlink:href="#sPointingRel43" value="mark"/>
		<feat xlink:href="#sPointingRel45" value="nmod"/>
		<feat xlink:href="#sPointingRel47" value="det"/>
		<feat xlink:href="#sPointingRel49" value="dislocated"/>
		<feat xlink:href="#sPointingRel51" value="det"/>
		<feat xlink:href="#sPointingRel53" value="det"/>
		<feat xlink:href="#sPointingRel55" value="cc"/>
		<feat xlink:href="#sPointingRel57" value="nmod:poss"/>
		<feat xlink:href="#sPointingRel59" value="mark"/>
		<feat xlink:href="#sPointingRel61" value="obl"/>
		<feat xlink:href="#sPointingRel63" value="advmod"/>
		<feat xlink:href="#sPointingRel65" value="nmod:poss"/>
		<feat xlink:href="#sPointingRel67" value="obl"/>
		<feat xlink:href="#sPointingRel69" value="det"/>
		<feat xlink:href="#sPointingRel71" value="obl"/>
		<feat xlink:href="#sPointingRel73" value="nmod"/>
		<feat xlink:href="#sPointingRel75" value="obl"/>
		<feat xlink:href="#sPointingRel77" value="nsubj"/>
		<feat xlink:href="#sPointingRel79" value="acl:relcl"/>
		<feat xlink:href="#sPointingRel81" value="mark"/>
		<feat xlink:href="#sPointingRel83" value="det"/>
		<feat xlink:href="#sPointingRel85" value="vocative"/>
		<feat xlink:href="#sPointingRel87" value="mark"/>
		<feat xlink:href="#sPointingRel89" value="nmod"/>
		<feat xlink:href="#sPointingRel91" value="obj"/>
		<feat xlink:href="#sPointingRel93" value="mark"/>
		<feat xlink:href="#sPointingRel95" value="nmod:poss"/>
		<feat xlink:href="#sPointingRel97" value="advcl"/>
		<feat xlink:href="#sPointingRel99" value="advmod"/>
		<feat xlink:href="#sPointingRel101" value="obl"/>
		<feat xlink:href="#sPointingRel103" value="acl:relcl"/>
		<feat xlink:href="#sPointingRel105" value="case"/>
		<feat xlink:href="#sPointingRel107" value="parataxis"/>
		<feat xlink:href="#sPointingRel109" value="acl:relcl"/>
		<feat xlink:href="#sPointingRel111" value="conj"/>
		<feat xlink:href="#sPointingRel113" value="nmod:poss"/>
		<feat xlink:href="#sPointingRel115" value="obl"/>
		<feat xlink:href="#sPointingRel117" value="advmod"/>
		<feat xlink:href="#sPointingRel119" value="cop"/>
		<feat xlink:href="#sPointingRel121" value="acl:relcl"/>
		<feat xlink:href="#sPointingRel123" value="det"/>
		<feat xlink:href="#sPointingRel125" value="mark"/>
		<feat xlink:href="#sPointingRel127" value="mark"/>
		<feat xlink:href="#sPointingRel129" value="mark"/>
		<feat xlink:href="#sPointingRel131" value="case"/>
		<feat xlink:href="#sPointingRel133" value="nsubj"/>
		<feat xlink:href="#sPointingRel135" value="obj"/>
		<feat xlink:href="#sPointingRel137" value="obl"/>
		<feat xlink:href="#sPointingRel139" value="det"/>
		<feat xlink:href="#sPointingRel141" value="det"/>
		<feat xlink:href="#sPointingRel143" value="obl"/>
		<feat xlink:href="#sPointingRel145" value="nsubj"/>
		<feat xlink:href="#sPointingRel147" value="cop"/>
		<feat xlink:href="#sPointingRel149" value="obl"/>
		<feat xlink:href="#sPointingRel151" value="case"/>
		<feat xlink:href="#sPointingRel153" value="aux"/>
		<feat xlink:href="#sPointingRel155" value="obl"/>
		<feat xlink:href="#sPointingRel157" value="case"/>
		<feat xlink:href="#sPointingRel159" value="det"/>
		<feat xlink:href="#sPointingRel161" value="nsubj"/>
		<feat xlink:href="#sPointingRel163" value="nsubj"/>
		<feat xlink:href="#sPointingRel165" value="nmod:poss"/>
		<feat xlink:href="#sPointingRel167" value="mark"/>
		<feat xlink:href="#sPointingRel169" value="aux"/>
		<feat xlink:href="#sPointingRel171" value="nmod:poss"/>
		<feat xlink:href="#sPointingRel173" value="advcl"/>
		<feat xlink:href="#sPointingRel175" value="case"/>
		<feat xlink:href="#sPointingRel177" value="ccomp"/>
		<feat xlink:href="#sPointingRel179" value="advmod"/>
		<feat xlink:href="#sPointingRel181" value="conj"/>
		<feat xlink:href="#sPointingRel183" value="det"/>
		<feat xlink:href="#sPointingRel185" value="obj"/>
		<feat xlink:href="#sPointingRel187" value="nmod:poss"/>
		<feat xlink:href="#sPointingRel189" value="obj"/>
		<feat xlink:href="#sPointingRel191" value="cc"/>
		<feat xlink:href="#sPointingRel193" value="mark"/>
		<feat xlink:href="#sPointingRel195" value="case"/>
		<feat xlink:href="#sPointingRel197" value="obl"/>
		<feat xlink:href="#sPointingRel199" value="dislocated"/>
		<feat xlink:href="#sPointingRel201" value="cc"/>
		<feat xlink:href="#sPointingRel203" value="parataxis"/>
		<feat xlink:href="#sPointingRel205" value="conj"/>
		<feat xlink:href="#sPointingRel207" value="cop"/>
		<feat xlink:href="#sPointingRel209" value="nsubj"/>
		<feat xlink:href="#sPointingRel211" value="det"/>
		<feat xlink:href="#sPointingRel213" value="mark"/>
		<feat xlink:href="#sPointingRel215" value="acl:relcl"/>
		<feat xlink:href="#sPointingRel217" value="parataxis"/>
		<feat xlink:href="#sPointingRel219" value="cc"/>
		<feat xlink:href="#sPointingRel221" value="case"/>
		<feat xlink:href="#sPointingRel223" value="obj"/>
		<feat xlink:href="#sPointingRel225" value="nsubj"/>
		<feat xlink:href="#sPointingRel227" value="aux"/>
		<feat xlink:href="#sPointingRel229" value="case"/>
		<feat xlink:href="#sPointingRel231" value="xcomp"/>
		<feat xlink:href="#sPointingRel233" value="case"/>
		<feat xlink:href="#sPointingRel235" value="obl"/>
		<feat xlink:href="#sPointingRel237" value="obl"/>
		<feat xlink:href="#sPointingRel239" value="obl"/>
		<feat xlink:href="#sPointingRel241" value="aux"/>
		<feat xlink:href="#sPointingRel243" value="cop"/>
		<feat xlink:href="#sPointingRel245" value="det"/>
		<feat xlink:href="#sPointingRel247" value="case"/>
		<feat xlink:href="#sPointingRel249" value="aux"/>
		<feat xlink:href="#sPointingRel251" value="case"/>
		<feat xlink:href="#sPointingRel253" value="nsubj"/>
		<feat xlink:href="#sPointingRel255" value="advmod"/>
		<feat xlink:href="#sPointingRel257" value="aux"/>
		<feat xlink:href="#sPointingRel259" value="appos"/>
		<feat xlink:href="#sPointingRel261" value="nsubj"/>
		<feat xlink:href="#sPointingRel263" value="nmod"/>
		<feat xlink:href="#sPointingRel265" value="mark"/>
		<feat xlink:href="#sPointingRel267" value="case"/>
		<feat xlink:href="#sPointingRel269" value="obl:npmod"/>
		<feat xlink:href="#sPointingRel271" value="case"/>
		<feat xlink:href="#sPointingRel273" value="acl:relcl"/>
		<feat xlink:href="#sPointingRel275" value="obl"/>
		<feat xlink:href="#sPointingRel277" value="case"/>
		<feat xlink:href="#sPointingRel279" value="dislocated"/>
		<feat xlink:href="#sPointingRel281" value="det"/>
		<feat xlink:href="#sPointingRel283" value="advmod"/>
		<feat xlink:href="#sPointingRel285" value="nsubj"/>
		<feat xlink:href="#sPointingRel287" value="det"/>
		<feat xlink:href="#sPointingRel289" value="cc"/>
		<feat xlink:href="#sPointingRel291" value="nsubj"/>
		<feat xlink:href="#sPointingRel293" value="cop"/>
		<feat xlink:href="#sPointingRel295" value="case"/>
		<feat xlink:href="#sPointingRel297" value="obl"/>
		<feat xlink:href="#sPointingRel299" value="det"/>
		<feat xlink:href="#sPointingRel301" value="obl"/>
		<feat xlink:href="#sPointingRel303" value="csubj"/>
		<feat xlink:href="#sPointingRel305" value="case"/>
		<feat xlink:href="#sPointingRel307" value="case"/>
		<feat xlink:href="#sPointingRel309" value="det"/>
		<feat xlink:href="#sPointingRel311" value="advcl"/>
		<feat xlink:href="#sPointingRel313" value="expl"/>
		<feat xlink:href="#sPointingRel315" value="advmod"/>
		<feat xlink:href="#sPointingRel317" value="aux"/>
		<feat xlink:href="#sPointingRel319" value="case"/>
		<feat xlink:href="#sPointingRel321" value="nmod:poss"/>
		<feat xlink:href="#sPointingRel323" value="conj"/>
		<feat xlink:href="#sPointingRel325" value="mark"/>
		<feat xlink:href="#sPointingRel327" value="case"/>
		<feat xlink:href="#sPointingRel329" value="case"/>
		<feat xlink:href="#sPointingRel331" value="case"/>
		<feat xlink:href="#sPointingRel333" value="obj"/>
		<feat xlink:href="#sPointingRel335" value="case"/>
		<feat xlink:href="#sPointingRel337" value="dislocated"/>
		<feat xlink:href="#sPointingRel339" value="nsubj"/>
		<feat xlink:href="#sPointingRel341" value="case"/>
		<feat xlink:href="#sPointingRel343" value="nmod"/>
		<feat xlink:href="#sPointingRel345" value="case"/>
		<feat xlink:href="#sPointingRel347" value="ccomp"/>
		<feat xlink:href="#sPointingRel349" value="nsubj"/>
		<feat xlink:href="#sPointingRel351" value="case"/>
		<feat xlink:href="#sPointingRel353" value="mark"/>
		<feat xlink:href="#sPointingRel355" value="nmod:poss"/>
		<feat xlink:href="#sPointingRel357" value="aux"/>
		<feat xlink:href="#sPointingRel359" value="det"/>
		<feat xlink:href="#sPointingRel361" value="det"/>
		<feat xlink:href="#sPointingRel363" value="det"/>
		<feat xlink:href="#sPointingRel365" value="fixed"/>
		<feat xlink:href="#sPointingRel367" value="obj"/>
		<feat xlink:href="#sPointingRel369" value="mark"/>
		<feat xlink:href="#sPointingRel371" value="det"/>
		<feat xlink:href="#sPointingRel373" value="nmod"/>
		<feat xlink:href="#sPointingRel375" value="obl"/>
		<feat xlink:href="#sPointingRel377" value="nmod"/>
		<feat xlink:href="#sPointingRel379" value="advmod"/>
		<feat xlink:href="#sPointingRel381" value="det"/>
		<feat xlink:href="#sPointingRel383" value="mark"/>
		<feat xlink:href="#sPointingRel385" value="det"/>
		<feat xlink:href="#sPointingRel387" value="det"/>
		<feat xlink:href="#sPointingRel389" value="cc"/>
		<feat xlink:href="#sPointingRel391" value="cc"/>
		<feat xlink:href="#sPointingRel393" value="advmod"/>
		<feat xlink:href="#sPointingRel395" value="nsubj"/>
		<feat xlink:href="#sPointingRel397" value="det"/>
		<feat xlink:href="#sPointingRel399" value="obl"/>
		<feat xlink:href="#sPointingRel401" value="conj"/>
		<feat xlink:href="#sPointingRel403" value="det"/>
		<feat xlink:href="#sPointingRel405" value="conj"/>
		<feat xlink:href="#sPointingRel407" value="mark"/>
		<feat xlink:href="#sPointingRel409" value="mark"/>
		<feat xlink:href="#sPointingRel411" value="det"/>
		<feat xlink:href="#sPointingRel413" value="case"/>
		<feat xlink:href="#sPointingRel415" value="det"/>
		<feat xlink:href="#sPointingRel417" value="case"/>
		<feat xlink:href="#sPointingRel419" value="mark"/>
		<feat xlink:href="#sPointingRel421" value="det"/>
		<feat xlink:href="#sPointingRel423" value="case"/>
		<feat xlink:href="#sPointingRel425" value="mark"/>
		<feat xlink:href="#sPointingRel427" value="advmod"/>
		<feat xlink:href="#sPointingRel429" value="mark"/>
		<feat xlink:href="#sPointingRel431" value="conj"/>
		<feat xlink:href="#sPointingRel433" value="cc"/>
		<feat xlink:href="#sPointingRel435" value="case"/>
		<feat xlink:href="#sPointingRel437" value="obl"/>
		<feat xlink:href="#sPointingRel439" value="mark"/>
		<feat xlink:href="#sPointingRel441" value="cc"/>
		<feat xlink:href="#sPointingRel443" value="nsubj"/>
		<feat xlink:href="#sPointingRel445" value="mark"/>
		<feat xlink:href="#sPointingRel447" value="cc"/>
		<feat xlink:href="#sPointingRel449" value="conj"/>
		<feat xlink:href="#sPointingRel451" value="nmod"/>
		<feat xlink:href="#sPointingRel453" value="case"/>
		<feat xlink:href="#sPointingRel455" value="aux"/>
		<feat xlink:href="#sPointingRel457" value="obj"/>
		<feat xlink:href="#sPointingRel459" value="case"/>
		<feat xlink:href="#sPointingRel461" value="obl"/>
		<feat xlink:href="#sPointingRel463" value="case"/>
		<feat xlink:href="#sPointingRel465" value="case"/>
		<feat xlink:href="#sPointingRel467" value="case"/>
		<feat xlink:href="#sPointingRel469" value="advmod"/>
		<feat xlink:href="#sPointingRel471" value="cc"/>
		<feat xlink:href="#sPointingRel473" value="obj"/>
		<feat xlink:href="#sPointingRel475" value="det"/>
		<feat xlink:href="#sPointingRel477" value="nsubj"/>
		<feat xlink:href="#sPointingRel479" value="case"/>
		<feat xlink:href="#sPointingRel481" value="det"/>
		<feat xlink:href="#sPointingRel483" value="nmod"/>
		<feat xlink:href="#sPointingRel485" value="obl"/>
		<feat xlink:href="#sPointingRel487" value="mark"/>
		<feat xlink:href="#sPointingRel489" value="obl"/>
		<feat xlink:href="#sPointingRel491" value="case"/>
		<feat xlink:href="#sPointingRel493" value="det"/>
		<feat xlink:href="#sPointingRel495" value="mark"/>
		<feat xlink:href="#sPointingRel497" value="cc"/>
		<feat xlink:href="#sPointingRel499" value="conj"/>
		<feat xlink:href="#sPointingRel501" value="acl:relcl"/>
		<feat xlink:href="#sPointingRel503" value="cc"/>
		<feat xlink:href="#sPointingRel505" value="case"/>
		<feat xlink:href="#sPointingRel507" value="mark"/>
		<feat xlink:href="#sPointingRel509" value="mark"/>
		<feat xlink:href="#sPointingRel511" value="case"/>
		<feat xlink:href="#sPointingRel513" value="obl"/>
		<feat xlink:href="#sPointingRel515" value="case"/>
		<feat xlink:href="#sPointingRel517" value="case"/>
		<feat xlink:href="#sPointingRel519" value="det"/>
		<feat xlink:href="#sPointingRel521" value="det"/>
		<feat xlink:href="#sPointingRel523" value="case"/>
		<feat xlink:href="#sPointingRel525" value="case"/>
		<feat xlink:href="#sPointingRel527" value="nmod"/>
		<feat xlink:href="#sPointingRel529" value="obl"/>
		<feat xlink:href="#sPointingRel531" value="case"/>
		<feat xlink:href="#sPointingRel533" value="case"/>
		<feat xlink:href="#sPointingRel535" value="det"/>
		<feat xlink:href="#sPointingRel537" value="acl:relcl"/>
		<feat xlink:href="#sPointingRel539" value="nsubj"/>
		<feat xlink:href="#sPointingRel541" value="case"/>
		<feat xlink:href="#sPointingRel543" value="nmod:poss"/>
		<feat xlink:href="#sPointingRel545" value="obl"/>
		<feat xlink:href="#sPointingRel547" value="case"/>
		<feat xlink:href="#sPointingRel549" value="acl:relcl"/>
		<feat xlink:href="#sPointingRel551" value="cc"/>
		<feat xlink:href="#sPointingRel553" value="mark"/>
		<feat xlink:href="#sPointingRel555" value="nsubj"/>
		<feat xlink:href="#sPointingRel557" value="case"/>
		<feat xlink:href="#sPointingRel559" value="case"/>
		<feat xlink:href="#sPointingRel561" value="cc"/>
		<feat xlink:href="#sPointingRel563" value="det"/>
		<feat xlink:href="#sPointingRel565" value="mark"/>
		<feat xlink:href="#sPointingRel567" value="case"/>
		<feat xlink:href="#sPointingRel569" value="advmod"/>
		<feat xlink:href="#sPointingRel571" value="nsubj"/>
		<feat xlink:href="#sPointingRel573" value="nsubj"/>
		<feat xlink:href="#sPointingRel575" value="cop"/>
		<feat xlink:href="#sPointingRel577" value="case"/>
		<feat xlink:href="#sPointingRel579" value="mark"/>
		<feat xlink:href="#sPointingRel581" value="case"/>
		<feat xlink:href="#sPointingRel583" value="aux"/>
		<feat xlink:href="#sPointingRel585" value="parataxis"/>
		<feat xlink:href="#sPointingRel587" value="case"/>
		<feat xlink:href="#sPointingRel589" value="cc"/>
		<feat xlink:href="#sPointingRel591" value="det"/>
		<feat xlink:href="#sPointingRel593" value="cc"/>
		<feat xlink:href="#sPointingRel595" value="acl:relcl"/>
		<feat xlink:href="#sPointingRel597" value="det"/>
		<feat xlink:href="#sPointingRel599" value="advmod"/>
		<feat xlink:href="#sPointingRel601" value="det"/>
		<feat xlink:href="#sPointingRel603" value="case"/>
		<feat xlink:href="#sPointingRel605" value="mark"/>
		<feat xlink:href="#sPointingRel607" value="case"/>
		<feat xlink:href="#sPointingRel609" value="advmod"/>
		<feat xlink:href="#sPointingRel611" value="advmod"/>
		<feat xlink:href="#sPointingRel613" value="advcl"/>
		<feat xlink:href="#sPointingRel615" value="case"/>
		<feat xlink:href="#sPointingRel617" value="cc"/>
		<feat xlink:href="#sPointingRel619" value="obl:npmod"/>
		<feat xlink:href="#sPointingRel621" value="det"/>
		<feat xlink:href="#sPointingRel623" value="det"/>
		<feat xlink:href="#sPointingRel625" value="case"/>
		<feat xlink:href="#sPointingRel627" value="case"/>
		<feat xlink:href="#sPointingRel629" value="nmod:poss"/>
		<feat xlink:href="#sPointingRel631" value="mark"/>
		<feat xlink:href="#sPointingRel633" value="case"/>
		<feat xlink:href="#sPointingRel635" value="nsubj"/>
		<feat xlink:href="#sPointingRel637" value="acl:relcl"/>
		<feat xlink:href="#sPointingRel639" value="xcomp"/>
		<feat xlink:href="#sPointingRel641" value="case"/>
		<feat xlink:href="#sPointingRel643" value="det"/>
		<feat xlink:href="#sPointingRel645" value="advmod"/>
		<feat xlink:href="#sPointingRel647" value="obl"/>
		<feat xlink:href="#sPointingRel649" value="obl"/>
		<feat xlink:href="#sPointingRel651" value="advcl"/>
		<feat xlink:href="#sPointingRel653" value="nsubj"/>
		<feat xlink:href="#sPointingRel655" value="nsubj"/>
		<feat xlink:href="#sPointingRel657" value="mark"/>
		<feat xlink:href="#sPointingRel659" value="case"/>
		<feat xlink:href="#sPointingRel661" value="nmod"/>
		<feat xlink:href="#sPointingRel663" value="obl"/>
		<feat xlink:href="#sPointingRel665" value="cc"/>
		<feat xlink:href="#sPointingRel667" value="fixed"/>
		<feat xlink:href="#sPointingRel669" value="obj"/>
		<feat xlink:href="#sPointingRel671" value="det"/>
		<feat xlink:href="#sPointingRel673" value="obj"/>
		<feat xlink:href="#sPointingRel675" value="acl:relcl"/>
		<feat xlink:href="#sPointingRel677" value="obl"/>
		<feat xlink:href="#sPointingRel679" value="obl"/>
		<feat xlink:href="#sPointingRel681" value="nsubj"/>
		<feat xlink:href="#sPointingRel683" value="det"/>
		<feat xlink:href="#sPointingRel685" value="det"/>
		<feat xlink:href="#sPointingRel687" value="case"/>
		<feat xlink:href="#sPointingRel689" value="case"/>
		<feat xlink:href="#sPointingRel691" value="case"/>
		<feat xlink:href="#sPointingRel693" value="aux"/>
		<feat xlink:href="#sPointingRel695" value="parataxis"/>
		<feat xlink:href="#sPointingRel697" value="aux"/>
		<feat xlink:href="#sPointingRel699" value="det"/>
		<feat xlink:href="#sPointingRel701" value="mark"/>
		<feat xlink:href="#sPointingRel703" value="obl"/>
		<feat xlink:href="#sPointingRel705" value="obl"/>
		<feat xlink:href="#sPointingRel707" value="case"/>
		<feat xlink:href="#sPointingRel709" value="obl"/>
		<feat xlink:href="#sPointingRel711" value="case"/>
		<feat xlink:href="#sPointingRel713" value="obl"/>
		<feat xlink:href="#sPointingRel715" value="obl"/>
		<feat xlink:href="#sPointingRel717" value="conj"/>
		<feat xlink:href="#sPointingRel719" value="advcl"/>
		<feat xlink:href="#sPointingRel721" value="obj"/>
		<feat xlink:href="#sPointingRel723" value="nmod"/>
		<feat xlink:href="#sPointingRel725" value="cc"/>
		<feat xlink:href="#sPointingRel727" value="conj"/>
		<feat xlink:href="#sPointingRel729" value="case"/>
		<feat xlink:href="#sPointingRel731" value="advcl"/>
		<feat xlink:href="#sPointingRel733" value="conj"/>
		<feat xlink:href="#sPointingRel735" value="obj"/>
		<feat xlink:href="#sPointingRel737" value="nmod:poss"/>
		<feat xlink:href="#sPointingRel739" value="csubj"/>
		<feat xlink:href="#sPointingRel741" value="conj"/>
		<feat xlink:href="#sPointingRel743" value="obj"/>
		<feat xlink:href="#sPointingRel745" value="aux"/>
		<feat xlink:href="#sPointingRel747" value="mark"/>
		<feat xlink:href="#sPointingRel749" value="det"/>
		<feat xlink:href="#sPointingRel751" value="nsubj"/>
		<feat xlink:href="#sPointingRel753" value="mark"/>
		<feat xlink:href="#sPointingRel755" value="ccomp"/>
		<feat xlink:href="#sPointingRel757" value="obl"/>
		<feat xlink:href="#sPointingRel759" value="obl"/>
		<feat xlink:href="#sPointingRel761" value="nsubj"/>
		<feat xlink:href="#sPointingRel763" value="det"/>
		<feat xlink:href="#sPointingRel765" value="det"/>
		<feat xlink:href="#sPointingRel767" value="cc"/>
		<feat xlink:href="#sPointingRel769" value="obj"/>
		<feat xlink:href="#sPointingRel771" value="nmod"/>
		<feat xlink:href="#sPointingRel773" value="xcomp"/>
		<feat xlink:href="#sPointingRel775" value="fixed"/>
		<feat xlink:href="#sPointingRel777" value="nsubj"/>
		<feat xlink:href="#sPointingRel779" value="advmod"/>
		<feat xlink:href="#sPointingRel781" value="fixed"/>
		<feat xlink:href="#sPointingRel783" value="obl"/>
		<feat xlink:href="#sPointingRel785" value="obl"/>
		<feat xlink:href="#sPointingRel787" value="obj"/>
		<feat xlink:href="#sPointingRel789" value="case"/>
		<feat xlink:href="#sPointingRel791" value="case"/>
		<feat xlink:href="#sPointingRel793" value="case"/>
		<feat xlink:href="#sPointingRel795" value="nsubj"/>
		<feat xlink:href="#sPointingRel797" value="ccomp"/>
		<feat xlink:href="#sPointingRel799" value="det"/>
		<feat xlink:href="#sPointingRel801" value="obl"/>
		<feat xlink:href="#sPointingRel803" value="dislocated"/>
		<feat xlink:href="#sPointingRel805" value="mark"/>
		<feat xlink:href="#sPointingRel807" value="nmod:poss"/>
		<feat xlink:href="#sPointingRel809" value="case"/>
		<feat xlink:href="#sPointingRel811" value="aux"/>
		<feat xlink:href="#sPointingRel813" value="obj"/>
		<feat xlink:href="#sPointingRel815" value="conj"/>
		<feat xlink:href="#sPointingRel817" value="obl"/>
		<feat xlink:href="#sPointingRel819" value="det"/>
		<feat xlink:href="#sPointingRel821" value="advmod"/>
		<feat xlink:href="#sPointingRel823" value="case"/>
		<feat xlink:href="#sPointingRel825" value="conj"/>
		<feat xlink:href="#sPointingRel827" value="obl"/>
		<feat xlink:href="#sPointingRel829" value="obl"/>
		<feat xlink:href="#sPointingRel831" value="obl:npmod"/>
		<feat xlink:href="#sPointingRel833" value="nsubj"/>
		<feat xlink:href="#sPointingRel835" value="nmod:poss"/>
		<feat xlink:href="#sPointingRel837" value="parataxis"/>
		<feat xlink:href="#sPointingRel839" value="mark"/>
		<feat xlink:href="#sPointingRel841" value="nsubj"/>
		<feat xlink:href="#sPointingRel843" value="obl"/>
		<feat xlink:href="#sPointingRel845" value="case"/>
		<feat xlink:href="#sPointingRel847" value="mark"/>
		<feat xlink:href="#sPointingRel849" value="nsubj"/>
		<feat xlink:href="#sPointingRel851" value="cc"/>
		<feat xlink:href="#sPointingRel853" value="obl"/>
		<feat xlink:href="#sPointingRel855" value="obl"/>
		<feat xlink:href="#sPointingRel857" value="det"/>
		<feat xlink:href="#sPointingRel859" value="cc"/>
		<feat xlink:href="#sPointingRel861" value="det"/>
		<feat xlink:href="#sPointingRel863" value="obl"/>
		<feat xlink:href="#sPointingRel865" value="conj"/>
		<feat xlink:href="#sPointingRel867" value="nsubj"/>
		<feat xlink:href="#sPointingRel869" value="nmod"/>
		<feat xlink:href="#sPointingRel871" value="det"/>
		<feat xlink:href="#sPointingRel873" value="nmod:poss"/>
		<feat xlink:href="#sPointingRel875" value="nsubj"/>
		<feat xlink:href="#sPointingRel877" value="mark"/>
		<feat xlink:href="#sPointingRel879" value="nsubj"/>
		<feat xlink:href="#sPointingRel881" value="cc"/>
		<feat xlink:href="#sPointingRel883" value="nmod"/>
		<feat xlink:href="#sPointingRel885" value="obl"/>
		<feat xlink:href="#sPointingRel887" value="cc"/>
		<feat xlink:href="#sPointingRel889" value="obl"/>
		<feat xlink:href="#sPointingRel891" value="cc"/>
		<feat xlink:href="#sPointingRel893" value="nmod"/>
		<feat xlink:href="#sPointingRel895" value="case"/>
		<feat xlink:href="#sPointingRel897" value="obl"/>
		<feat xlink:href="#sPointingRel899" value="advmod"/>
		<feat xlink:href="#sPointingRel901" value="case"/>
		<feat xlink:href="#sPointingRel903" value="obl"/>
		<feat xlink:href="#sPointingRel905" value="obl"/>
		<feat xlink:href="#sPointingRel907" value="mark"/>
		<feat xlink:href="#sPointingRel909" value="case"/>
		<feat xlink:href="#sPointingRel911" value="case"/>
		<feat xlink:href="#sPointingRel913" value="det"/>
		<feat xlink:href="#sPointingRel915" value="case"/>
		<feat xlink:href="#sPointingRel917" value="expl"/>
		<feat xlink:href="#sPointingRel919" value="acl:relcl"/>
		<feat xlink:href="#sPointingRel921" value="nmod"/>
		<feat xlink:href="#sPointingRel923" value="nmod:poss"/>
		<feat xlink:href="#sPointingRel925" value="obl"/>
		<feat xlink:href="#sPointingRel927" value="case"/>
		<feat xlink:href="#sPointingRel929" value="mark"/>
		<feat xlink:href="#sPointingRel931" value="det"/>
		<feat xlink:href="#sPointingRel933" value="det"/>
		<feat xlink:href="#sPointingRel935" value="case"/>
		<feat xlink:href="#sPointingRel937" value="mark"/>
		<feat xlink:href="#sPointingRel939" value="cc"/>
		<feat xlink:href="#sPointingRel941" value="case"/>
		<feat xlink:href="#sPointingRel943" value="nsubj"/>
		<feat xlink:href="#sPointingRel945" value="case"/>
		<feat xlink:href="#sPointingRel947" value="mark"/>
		<feat xlink:href="#sPointingRel949" value="nmod:poss"/>
		<feat xlink:href="#sPointingRel951" value="cc"/>
		<feat xlink:href="#sPointingRel953" value="obj"/>
		<feat xlink:href="#sPointingRel955" value="mark"/>
		<feat xlink:href="#sPointingRel957" value="aux"/>
		<feat xlink:href="#sPointingRel959" value="advmod"/>
		<feat xlink:href="#sPointingRel961" value="advcl"/>
		<feat xlink:href="#sPointingRel963" value="case"/>
		<feat xlink:href="#sPointingRel965" value="nsubj"/>
		<feat xlink:href="#sPointingRel967" value="det"/>
		<feat xlink:href="#sPointingRel969" value="mark"/>
		<feat xlink:href="#sPointingRel971" value="mark"/>
		<feat xlink:href="#sPointingRel973" value="obj"/>
		<feat xlink:href="#sPointingRel975" value="case"/>
		<feat xlink:href="#sPointingRel977" value="nsubj"/>
		<feat xlink:href="#sPointingRel979" value="mark"/>
		<feat xlink:href="#sPointingRel981" value="det"/>
		<feat xlink:href="#sPointingRel983" value="advmod"/>
		<feat xlink:href="#sPointingRel985" value="nsubj"/>
		<feat xlink:href="#sPointingRel987" value="case"/>
		<feat xlink:href="#sPointingRel989" value="case"/>
		<feat xlink:href="#sPointingRel991" value="acl:relcl"/>
		<feat xlink:href="#sPointingRel993" value="case"/>
		<feat xlink:href="#sPointingRel995" value="conj"/>
		<feat xlink:href="#sPointingRel997" value="obl"/>
		<feat xlink:href="#sPointingRel999" value="obl"/>
		<feat xlink:href="#sPointingRel1001" value="obl"/>
		<feat xlink:href="#sPointingRel1003" value="nsubj"/>
		<feat xlink:href="#sPointingRel1005" value="conj"/>
		<feat xlink:href="#sPointingRel1007" value="case"/>
		<feat xlink:href="#sPointingRel1009" value="xcomp"/>
		<feat xlink:href="#sPointingRel1011" value="nsubj"/>
		<feat xlink:href="#sPointingRel1013" value="acl:relcl"/>
		<feat xlink:href="#sPointingRel1015" value="obl"/>
		<feat xlink:href="#sPointingRel1017" value="case"/>
		<feat xlink:href="#sPointingRel1019" value="case"/>
		<feat xlink:href="#sPointingRel1021" value="advmod"/>
		<feat xlink:href="#sPointingRel1023" value="xcomp"/>
		<feat xlink:href="#sPointingRel1025" value="advcl"/>
		<feat xlink:href="#sPointingRel1027" value="nsubj"/>
		<feat xlink:href="#sPointingRel1029" value="xcomp"/>
		<feat xlink:href="#sPointingRel1031" value="mark"/>
		<feat xlink:href="#sPointingRel1033" value="case"/>
		<feat xlink:href="#sPointingRel1035" value="obl"/>
		<feat xlink:href="#sPointingRel1037" value="obj"/>
		<feat xlink:href="#sPointingRel1039" value="case"/>
		<feat xlink:href="#sPointingRel1041" value="obl"/>
		<feat xlink:href="#sPointingRel1043" value="det"/>
		<feat xlink:href="#sPointingRel1045" value="dislocated"/>
		<feat xlink:href="#sPointingRel1047" value="mark"/>
		<feat xlink:href="#sPointingRel1049" value="det"/>
		<feat xlink:href="#sPointingRel1051" value="obl:npmod"/>
		<feat xlink:href="#sPointingRel1053" value="mark"/>
		<feat xlink:href="#sPointingRel1055" value="mark"/>
		<feat xlink:href="#sPointingRel1057" value="dislocated"/>
		<feat xlink:href="#sPointingRel1059" value="aux"/>
		<feat xlink:href="#sPointingRel1061" value="conj"/>
		<feat xlink:href="#sPointingRel1063" value="cc"/>
		<feat xlink:href="#sPointingRel1065" value="aux"/>
		<feat xlink:href="#sPointingRel1067" value="det"/>
		<feat xlink:href="#sPointingRel1069" value="cop"/>
		<feat xlink:href="#sPointingRel1071" value="nmod:poss"/>
		<feat xlink:href="#sPointingRel1073" value="obl"/>
		<feat xlink:href="#sPointingRel1075" value="cc"/>
		<feat xlink:href="#sPointingRel1077" value="nsubj"/>
		<feat xlink:href="#sPointingRel1079" value="case"/>
		<feat xlink:href="#sPointingRel1081" value="appos"/>
		<feat xlink:href="#sPointingRel1083" value="obl"/>
		<feat xlink:href="#sPointingRel1085" value="vocative"/>
		<feat xlink:href="#sPointingRel1087" value="mark"/>
		<feat xlink:href="#sPointingRel1089" value="cc"/>
		<feat xlink:href="#sPointingRel1091" value="mark"/>
		<feat xlink:href="#sPointingRel1093" value="xcomp"/>
		<feat xlink:href="#sPointingRel1095" value="advmod"/>
		<feat xlink:href="#sPointingRel1097" value="det"/>
		<feat xlink:href="#sPointingRel1099" value="det"/>
		<feat xlink:href="#sPointingRel1101" value="xcomp"/>
		<feat xlink:href="#sPointingRel1103" value="obl"/>
		<feat xlink:href="#sPointingRel1105" value="nsubj"/>
		<feat xlink:href="#sPointingRel1107" value="mark"/>
		<feat xlink:href="#sPointingRel1109" value="nmod"/>
		<feat xlink:href="#sPointingRel1111" value="conj"/>
		<feat xlink:href="#sPointingRel1113" value="advmod"/>
		<feat xlink:href="#sPointingRel1115" value="aux"/>
		<feat xlink:href="#sPointingRel1117" value="nmod:poss"/>
		<feat xlink:href="#sPointingRel1119" value="mark"/>
		<feat xlink:href="#sPointingRel1121" value="case"/>
		<feat xlink:href="#sPointingRel1123" value="advmod"/>
		<feat xlink:href="#sPointingRel1125" value="nmod"/>
		<feat xlink:href="#sPointingRel1127" value="mark"/>
		<feat xlink:href="#sPointingRel1129" value="obl"/>
		<feat xlink:href="#sPointingRel1131" value="nmod:poss"/>
		<feat xlink:href="#sPointingRel1133" value="nsubj"/>
		<feat xlink:href="#sPointingRel1135" value="mark"/>
		<feat xlink:href="#sPointingRel1137" value="det"/>
		<feat xlink:href="#sPointingRel1139" value="obl"/>
		<feat xlink:href="#sPointingRel1141" value="advmod"/>
		<feat xlink:href="#sPointingRel1143" value="det"/>
		<feat xlink:href="#sPointingRel1145" value="case"/>
		<feat xlink:href="#sPointingRel1147" value="obj"/>
		<feat xlink:href="#sPointingRel1149" value="cc"/>
		<feat xlink:href="#sPointingRel1151" value="case"/>
		<feat xlink:href="#sPointingRel1153" value="obl"/>
		<feat xlink:href="#sPointingRel1155" value="nsubj"/>
		<feat xlink:href="#sPointingRel1157" value="case"/>
		<feat xlink:href="#sPointingRel1159" value="obl"/>
		<feat xlink:href="#sPointingRel1161" value="obl"/>
		<feat xlink:href="#sPointingRel1163" value="nsubj"/>
		<feat xlink:href="#sPointingRel1165" value="conj"/>
		<feat xlink:href="#sPointingRel1167" value="expl"/>
		<feat xlink:href="#sPointingRel1169" value="advcl"/>
		<feat xlink:href="#sPointingRel1171" value="parataxis"/>
		<feat xlink:href="#sPointingRel1173" value="case"/>
		<feat xlink:href="#sPointingRel1175" value="cop"/>
		<feat xlink:href="#sPointingRel1177" value="conj"/>
		<feat xlink:href="#sPointingRel1179" value="cc"/>
		<feat xlink:href="#sPointingRel1181" value="cc"/>
		<feat xlink:href="#sPointingRel1183" value="obl"/>
		<feat xlink:href="#sPointingRel1185" value="case"/>
		<feat xlink:href="#sPointingRel1187" value="cc"/>
		<feat xlink:href="#sPointingRel1189" value="cop"/>
		<feat xlink:href="#sPointingRel1191" value="case"/>
		<feat xlink:href="#sPointingRel1193" value="case"/>
		<feat xlink:href="#sPointingRel1195" value="det"/>
		<feat xlink:href="#sPointingRel1197" value="case"/>
		<feat xlink:href="#sPointingRel1199" value="obl"/>
		<feat xlink:href="#sPointingRel1201" value="cc"/>
		<feat xlink:href="#sPointingRel1203" value="det"/>
		<feat xlink:href="#sPointingRel1205" value="nmod"/>
		<feat xlink:href="#sPointingRel1207" value="det"/>
		<feat xlink:href="#sPointingRel1209" value="advcl"/>
		<feat xlink:href="#sPointingRel1211" value="conj"/>
		<feat xlink:href="#sPointingRel1213" value="nsubj"/>
		<feat xlink:href="#sPointingRel1215" value="obl"/>
		<feat xlink:href="#sPointingRel1217" value="case"/>
		<feat xlink:href="#sPointingRel1219" value="obl"/>
		<feat xlink:href="#sPointingRel1221" value="det"/>
		<feat xlink:href="#sPointingRel1223" value="conj"/>
		<feat xlink:href="#sPointingRel1225" value="obj"/>
		<feat xlink:href="#sPointingRel1227" value="obl"/>
		<feat xlink:href="#sPointingRel1229" value="det"/>
		<feat xlink:href="#sPointingRel1231" value="case"/>
		<feat xlink:href="#sPointingRel1233" value="ccomp"/>
		<feat xlink:href="#sPointingRel1235" value="case"/>
		<feat xlink:href="#sPointingRel1237" value="conj"/>
		<feat xlink:href="#sPointingRel1239" value="case"/>
		<feat xlink:href="#sPointingRel1241" value="nsubj"/>
		<feat xlink:href="#sPointingRel1243" value="obl"/>
		<feat xlink:href="#sPointingRel1245" value="obj"/>
		<feat xlink:href="#sPointingRel1247" value="cc"/>
		<feat xlink:href="#sPointingRel1249" value="cc"/>
		<feat xlink:href="#sPointingRel1251" value="det"/>
		<feat xlink:href="#sPointingRel1253" value="obl"/>
		<feat xlink:href="#sPointingRel1255" value="obj"/>
		<feat xlink:href="#sPointingRel1257" value="mark"/>
		<feat xlink:href="#sPointingRel1259" value="parataxis"/>
		<feat xlink:href="#sPointingRel1261" value="conj"/>
		<feat xlink:href="#sPointingRel1263" value="obl"/>
		<feat xlink:href="#sPointingRel1265" value="mark"/>
		<feat xlink:href="#sPointingRel1267" value="case"/>
		<feat xlink:href="#sPointingRel1269" value="case"/>
		<feat xlink:href="#sPointingRel1271" value="advcl"/>
		<feat xlink:href="#sPointingRel1273" value="case"/>
		<feat xlink:href="#sPointingRel1275" value="nmod:poss"/>
		<feat xlink:href="#sPointingRel1277" value="obl"/>
		<feat xlink:href="#sPointingRel1279" value="advmod"/>
		<feat xlink:href="#sPointingRel1281" value="nsubj"/>
		<feat xlink:href="#sPointingRel1283" value="obj"/>
		<feat xlink:href="#sPointingRel1285" value="aux"/>
		<feat xlink:href="#sPointingRel1287" value="det"/>
		<feat xlink:href="#sPointingRel1289" value="case"/>
		<feat xlink:href="#sPointingRel1291" value="acl:relcl"/>
		<feat xlink:href="#sPointingRel1293" value="dislocated"/>
		<feat xlink:href="#sPointingRel1295" value="det"/>
		<feat xlink:href="#sPointingRel1297" value="obl"/>
		<feat xlink:href="#sPointingRel1299" value="nmod"/>
		<feat xlink:href="#sPointingRel1301" value="obl"/>
		<feat xlink:href="#sPointingRel1303" value="obl"/>
		<feat xlink:href="#sPointingRel1305" value="ccomp"/>
		<feat xlink:href="#sPointingRel1307" value="conj"/>
		<feat xlink:href="#sPointingRel1309" value="cc"/>
		<feat xlink:href="#sPointingRel1311" value="conj"/>
		<feat xlink:href="#sPointingRel1313" value="mark"/>
		<feat xlink:href="#sPointingRel1315" value="conj"/>
		<feat xlink:href="#sPointingRel1317" value="cc"/>
		<feat xlink:href="#sPointingRel1319" value="det"/>
		<feat xlink:href="#sPointingRel1321" value="cc"/>
		<feat xlink:href="#sPointingRel1323" value="acl:relcl"/>
		<feat xlink:href="#sPointingRel1325" value="det"/>
		<feat xlink:href="#sPointingRel1327" value="case"/>
		<feat xlink:href="#sPointingRel1329" value="conj"/>
		<feat xlink:href="#sPointingRel1331" value="nsubj"/>
		<feat xlink:href="#sPointingRel1333" value="case"/>
		<feat xlink:href="#sPointingRel1335" value="obl"/>
		<feat xlink:href="#sPointingRel1337" value="case"/>
		<feat xlink:href="#sPointingRel1339" value="obl"/>
		<feat xlink:href="#sPointingRel1341" value="advmod"/>
		<feat xlink:href="#sPointingRel1343" value="det"/>
		<feat xlink:href="#sPointingRel1345" value="cc"/>
		<feat xlink:href="#sPointingRel1347" value="case"/>
		<feat xlink:href="#sPointingRel1349" value="advmod"/>
		<feat xlink:href="#sPointingRel1351" value="obl"/>
		<feat xlink:href="#sPointingRel1353" value="nsubj"/>
		<feat xlink:href="#sPointingRel1355" value="cc"/>
		<feat xlink:href="#sPointingRel1357" value="case"/>
		<feat xlink:href="#sPointingRel1359" value="case"/>
		<feat xlink:href="#sPointingRel1361" value="conj"/>
		<feat xlink:href="#sPointingRel1363" value="aux"/>
		<feat xlink:href="#sPointingRel1365" value="nsubj"/>
		<feat xlink:href="#sPointingRel1367" value="nmod:poss"/>
		<feat xlink:href="#sPointingRel1369" value="aux"/>
		<feat xlink:href="#sPointingRel1371" value="advcl"/>
		<feat xlink:href="#sPointingRel1373" value="vocative"/>
		<feat xlink:href="#sPointingRel1375" value="obl"/>
		<feat xlink:href="#sPointingRel1377" value="conj"/>
		<feat xlink:href="#sPointingRel1379" value="det"/>
		<feat xlink:href="#sPointingRel1381" value="obl:npmod"/>
		<feat xlink:href="#sPointingRel1383" value="obl"/>
		<feat xlink:href="#sPointingRel1385" value="case"/>
		<feat xlink:href="#sPointingRel1387" value="obl"/>
		<feat xlink:href="#sPointingRel1389" value="mark"/>
		<feat xlink:href="#sPointingRel1391" value="obl:npmod"/>
		<feat xlink:href="#sPointingRel1393" value="advmod"/>
		<feat xlink:href="#sPointingRel1395" value="obj"/>
		<feat xlink:href="#sPointingRel1397" value="det"/>
		<feat xlink:href="#sPointingRel1399" value="mark"/>
		<feat xlink:href="#sPointingRel1401" value="nmod:poss"/>
		<feat xlink:href="#sPointingRel1403" value="case"/>
		<feat xlink:href="#sPointingRel1405" value="nmod"/>
		<feat xlink:href="#sPointingRel1407" value="case"/>
		<feat xlink:href="#sPointingRel1409" value="nmod"/>
		<feat xlink:href="#sPointingRel1411" value="case"/>
		<feat xlink:href="#sPointingRel1413" value="mark"/>
		<feat xlink:href="#sPointingRel1415" value="advmod"/>
		<feat xlink:href="#sPointingRel1417" value="advmod"/>
		<feat xlink:href="#sPointingRel1419" value="cc"/>
		<feat xlink:href="#sPointingRel1421" value="obl"/>
		<feat xlink:href="#sPointingRel1423" value="obj"/>
		<feat xlink:href="#sPointingRel1425" value="xcomp"/>
		<feat xlink:href="#sPointingRel1427" value="obl"/>
		<feat xlink:href="#sPointingRel1429" value="aux"/>
		<feat xlink:href="#sPointingRel1431" value="conj"/>
		<feat xlink:href="#sPointingRel1433" value="nsubj"/>
		<feat xlink:href="#sPointingRel1435" value="aux"/>
		<feat xlink:href="#sPointingRel1437" value="advmod"/>
		<feat xlink:href="#sPointingRel1439" value="cc"/>
		<feat xlink:href="#sPointingRel1441" value="nsubj"/>
		<feat xlink:href="#sPointingRel1443" value="conj"/>
		<feat xlink:href="#sPointingRel1445" value="obl:npmod"/>
		<feat xlink:href="#sPointingRel1447" value="mark"/>
		<feat xlink:href="#sPointingRel1449" value="case"/>
		<feat xlink:href="#sPointingRel1451" value="advmod"/>
		<feat xlink:href="#sPointingRel1453" value="case"/>
		<feat xlink:href="#sPointingRel1455" value="conj"/>
		<feat xlink:href="#sPointingRel1457" value="case"/>
		<feat xlink:href="#sPointingRel1459" value="nsubj"/>
		<feat xlink:href="#sPointingRel1461" value="acl:relcl"/>
		<feat xlink:href="#sPointingRel1463" value="det"/>
		<feat xlink:href="#sPointingRel1465" value="conj"/>
		<feat xlink:href="#sPointingRel1467" value="advcl"/>
		<feat xlink:href="#sPointingRel1469" value="case"/>
		<feat xlink:href="#sPointingRel1471" value="acl:relcl"/>
		<feat xlink:href="#sPointingRel1473" value="nsubj"/>
		<feat xlink:href="#sPointingRel1475" value="mark"/>
		<feat xlink:href="#sPointingRel1477" value="advcl"/>
		<feat xlink:href="#sPointingRel1479" value="case"/>
		<feat xlink:href="#sPointingRel1481" value="nmod"/>
		<feat xlink:href="#sPointingRel1483" value="case"/>
		<feat xlink:href="#sPointingRel1485" value="case"/>
		<feat xlink:href="#sPointingRel1487" value="nmod:poss"/>
		<feat xlink:href="#sPointingRel1489" value="case"/>
		<feat xlink:href="#sPointingRel1491" value="case"/>
		<feat xlink:href="#sPointingRel1493" value="det"/>
		<feat xlink:href="#sPointingRel1495" value="conj"/>
		<feat xlink:href="#sPointingRel1497" value="nmod"/>
		<feat xlink:href="#sPointingRel1499" value="case"/>
		<feat xlink:href="#sPointingRel1501" value="cop"/>
		<feat xlink:href="#sPointingRel1503" value="ccomp"/>
		<feat xlink:href="#sPointingRel1505" value="conj"/>
		<feat xlink:href="#sPointingRel1507" value="mark"/>
		<feat xlink:href="#sPointingRel1509" value="cc"/>
		<feat xlink:href="#sPointingRel1511" value="cc"/>
		<feat xlink:href="#sPointingRel1513" value="det"/>
		<feat xlink:href="#sPointingRel1515" value="obj"/>
		<feat xlink:href="#sPointingRel1517" value="aux"/>
		<feat xlink:href="#sPointingRel1519" value="mark"/>
		<feat xlink:href="#sPointingRel1521" value="obl"/>
		<feat xlink:href="#sPointingRel1523" value="case"/>
		<feat xlink:href="#sPointingRel1525" value="xcomp"/>
		<feat xlink:href="#sPointingRel1527" value="mark"/>
		<feat xlink:href="#sPointingRel1529" value="advmod"/>
		<feat xlink:href="#sPointingRel1531" value="obl"/>
		<feat xlink:href="#sPointingRel1533" value="mark"/>
		<feat xlink:href="#sPointingRel1535" value="appos"/>
		<feat xlink:href="#sPointingRel1537" value="nmod"/>
		<feat xlink:href="#sPointingRel1539" value="appos"/>
		<feat xlink:href="#sPointingRel1541" value="case"/>
		<feat xlink:href="#sPointingRel1543" value="nsubj"/>
		<feat xlink:href="#sPointingRel1545" value="cc"/>
		<feat xlink:href="#sPointingRel1547" value="case"/>
		<feat xlink:href="#sPointingRel1549" value="cc"/>
		<feat xlink:href="#sPointingRel1551" value="nmod"/>
		<feat xlink:href="#sPointingRel1553" value="conj"/>
		<feat xlink:href="#sPointingRel1555" value="mark"/>
		<feat xlink:href="#sPointingRel1557" value="det"/>
		<feat xlink:href="#sPointingRel1559" value="nmod"/>
		<feat xlink:href="#sPointingRel1561" value="obj"/>
		<feat xlink:href="#sPointingRel1563" value="cop"/>
		<feat xlink:href="#sPointingRel1565" value="conj"/>
		<feat xlink:href="#sPointingRel1567" value="case"/>
		<feat xlink:href="#sPointingRel1569" value="nsubj"/>
		<feat xlink:href="#sPointingRel1571" value="det"/>
		<feat xlink:href="#sPointingRel1573" value="obl"/>
		<feat xlink:href="#sPointingRel1575" value="nsubj"/>
		<feat xlink:href="#sPointingRel1577" value="obj"/>
		<feat xlink:href="#sPointingRel1579" value="det"/>
		<feat xlink:href="#sPointingRel1581" value="acl:relcl"/>
		<feat xlink:href="#sPointingRel1583" value="obl"/>
		<feat xlink:href="#sPointingRel1585" value="cc"/>
		<feat xlink:href="#sPointingRel1587" value="case"/>
		<feat xlink:href="#sPointingRel1589" value="advcl"/>
		<feat xlink:href="#sPointingRel1591" value="case"/>
		<feat xlink:href="#sPointingRel1593" value="cc"/>
		<feat xlink:href="#sPointingRel1595" value="acl:relcl"/>
		<feat xlink:href="#sPointingRel1597" value="appos"/>
		<feat xlink:href="#sPointingRel1599" value="obl"/>
		<feat xlink:href="#sPointingRel1601" value="case"/>
		<feat xlink:href="#sPointingRel1603" value="xcomp"/>
		<feat xlink:href="#sPointingRel1605" value="case"/>
		<feat xlink:href="#sPointingRel1607" value="case"/>
		<feat xlink:href="#sPointingRel1609" value="obl"/>
		<feat xlink:href="#sPointingRel1611" value="conj"/>
		<feat xlink:href="#sPointingRel1613" value="conj"/>
		<feat xlink:href="#sPointingRel1615" value="nmod"/>
		<feat xlink:href="#sPointingRel1617" value="case"/>
		<feat xlink:href="#sPointingRel1619" value="obl"/>
		<feat xlink:href="#sPointingRel1621" value="cc"/>
		<feat xlink:href="#sPointingRel1623" value="advmod"/>
		<feat xlink:href="#sPointingRel1625" value="ccomp"/>
		<feat xlink:href="#sPointingRel1627" value="obl:npmod"/>
		<feat xlink:href="#sPointingRel1629" value="det"/>
		<feat xlink:href="#sPointingRel1631" value="ccomp"/>
		<feat xlink:href="#sPointingRel1633" value="mark"/>
		<feat xlink:href="#sPointingRel1635" value="case"/>
		<feat xlink:href="#sPointingRel1637" value="det"/>
		<feat xlink:href="#sPointingRel1639" value="nmod"/>
		<feat xlink:href="#sPointingRel1641" value="nmod:poss"/>
		<feat xlink:href="#sPointingRel1643" value="cc"/>
		<feat xlink:href="#sPointingRel1645" value="mark"/>
		<feat xlink:href="#sPointingRel1647" value="acl:relcl"/>
		<feat xlink:href="#sPointingRel1649" value="case"/>
		<feat xlink:href="#sPointingRel1651" value="mark"/>
		<feat xlink:href="#sPointingRel1653" value="aux"/>
		<feat xlink:href="#sPointingRel1655" value="nmod"/>
		<feat xlink:href="#sPointingRel1657" value="case"/>
		<feat xlink:href="#sPointingRel1659" value="mark"/>
		<feat xlink:href="#sPointingRel1661" value="obl"/>
		<feat xlink:href="#sPointingRel1663" value="advmod"/>
		<feat xlink:href="#sPointingRel1665" value="xcomp"/>
		<feat xlink:href="#sPointingRel1667" value="obl:npmod"/>
		<feat xlink:href="#sPointingRel1669" value="case"/>
		<feat xlink:href="#sPointingRel1671" value="mark"/>
		<feat xlink:href="#sPointingRel1673" value="nmod:poss"/>
		<feat xlink:href="#sPointingRel1675" value="case"/>
		<feat xlink:href="#sPointingRel1677" value="mark"/>
		<feat xlink:href="#sPointingRel1679" value="case"/>
		<feat xlink:href="#sPointingRel1681" value="cc"/>
		<feat xlink:href="#sPointingRel1683" value="nsubj"/>
		<feat xlink:href="#sPointingRel1685" value="obj"/>
		<feat xlink:href="#sPointingRel1687" value="case"/>
		<feat xlink:href="#sPointingRel1689" value="obj"/>
		<feat xlink:href="#sPointingRel1691" value="det"/>
		<feat xlink:href="#sPointingRel1693" value="advcl"/>
		<feat xlink:href="#sPointingRel1695" value="cc"/>
		<feat xlink:href="#sPointingRel1697" value="obl"/>
		<feat xlink:href="#sPointingRel1699" value="ccomp"/>
		<feat xlink:href="#sPointingRel1701" value="advmod"/>
		<feat xlink:href="#sPointingRel1703" value="nmod:poss"/>
		<feat xlink:href="#sPointingRel1705" value="case"/>
		<feat xlink:href="#sPointingRel1707" value="nmod"/>
		<feat xlink:href="#sPointingRel1709" value="nsubj"/>
		<feat xlink:href="#sPointingRel1711" value="xcomp"/>
		<feat xlink:href="#sPointingRel1713" value="nsubj"/>
		<feat xlink:href="#sPointingRel1715" value="advmod"/>
		<feat xlink:href="#sPointingRel1717" value="cc"/>
		<feat xlink:href="#sPointingRel1719" value="nmod:poss"/>
		<feat xlink:href="#sPointingRel1721" value="case"/>
		<feat xlink:href="#sPointingRel1723" value="conj"/>
		<feat xlink:href="#sPointingRel1725" value="case"/>
		<feat xlink:href="#sPointingRel1727" value="det"/>
		<feat xlink:href="#sPointingRel1729" value="nsubj"/>
		<feat xlink:href="#sPointingRel1731" value="obj"/>
		<feat xlink:href="#sPointingRel1733" value="case"/>
		<feat xlink:href="#sPointingRel1735" value="csubj"/>
		<feat xlink:href="#sPointingRel1737" value="nsubj"/>
		<feat xlink:href="#sPointingRel1739" value="obl"/>
		<feat xlink:href="#sPointingRel1741" value="nmod:poss"/>
		<feat xlink:href="#sPointingRel1743" value="nsubj"/>
		<feat xlink:href="#sPointingRel1745" value="case"/>
		<feat xlink:href="#sPointingRel1747" value="case"/>
		<feat xlink:href="#sPointingRel1749" value="mark"/>
		<feat xlink:href="#sPointingRel1751" value="conj"/>
		<feat xlink:href="#sPointingRel1753" value="det"/>
		<feat xlink:href="#sPointingRel1755" value="mark"/>
		<feat xlink:href="#sPointingRel1757" value="obl"/>
		<feat xlink:href="#sPointingRel1759" value="case"/>
		<feat xlink:href="#sPointingRel1761" value="mark"/>
		<feat xlink:href="#sPointingRel1763" value="acl:relcl"/>
		<feat xlink:href="#sPointingRel1765" value="nsubj"/>
		<feat xlink:href="#sPointingRel1767" value="det"/>
		<feat xlink:href="#sPointingRel1769" value="det"/>
		<feat xlink:href="#sPointingRel1771" value="case"/>
		<feat xlink:href="#sPointingRel1773" value="det"/>
		<feat xlink:href="#sPointingRel1775" value="case"/>
		<feat xlink:href="#sPointingRel1777" value="case"/>
		<feat xlink:href="#sPointingRel1779" value="cc"/>
		<feat xlink:href="#sPointingRel1781" value="obj"/>
		<feat xlink:href="#sPointingRel1783" value="cc"/>
		<feat xlink:href="#sPointingRel1785" value="det"/>
		<feat xlink:href="#sPointingRel1787" value="case"/>
		<feat xlink:href="#sPointingRel1789" value="acl:relcl"/>
		<feat xlink:href="#sPointingRel1791" value="obl"/>
		<feat xlink:href="#sPointingRel1793" value="obl"/>
		<feat xlink:href="#sPointingRel1795" value="nmod:poss"/>
		<feat xlink:href="#sPointingRel1797" value="nmod:poss"/>
		<feat xlink:href="#sPointingRel1799" value="cc"/>
		<feat xlink:href="#sPointingRel1801" value="obl"/>
		<feat xlink:href="#sPointingRel1803" value="obl"/>
		<feat xlink:href="#sPointingRel1805" value="cc"/>
		<feat xlink:href="#sPointingRel1807" value="advmod"/>
		<feat xlink:href="#sPointingRel1809" value="advmod"/>
		<feat xlink:href="#sPointingRel1811" value="cc"/>
		<feat xlink:href="#sPointingRel1813" value="advmod"/>
		<feat xlink:href="#sPointingRel1815" value="expl"/>
		<feat xlink:href="#sPointingRel1817" value="case"/>
		<feat xlink:href="#sPointingRel1819" value="nmod"/>
		<feat xlink:href="#sPointingRel1821" value="cc"/>
		<feat xlink:href="#sPointingRel1823" value="advcl"/>
		<feat xlink:href="#sPointingRel1825" value="det"/>
		<feat xlink:href="#sPointingRel1827" value="obl"/>
		<feat xlink:href="#sPointingRel1829" value="acl:relcl"/>
		<feat xlink:href="#sPointingRel1831" value="advmod"/>
		<feat xlink:href="#sPointingRel1833" value="ccomp"/>
		<feat xlink:href="#sPointingRel1835" value="conj"/>
		<feat xlink:href="#sPointingRel1837" value="case"/>
		<feat xlink:href="#sPointingRel1839" value="mark"/>
		<feat xlink:href="#sPointingRel1841" value="advmod"/>
		<feat xlink:href="#sPointingRel1843" value="mark"/>
		<feat xlink:href="#sPointingRel1845" value="case"/>
		<feat xlink:href="#sPointingRel1847" value="mark"/>
		<feat xlink:href="#sPointingRel1849" value="det"/>
		<feat xlink:href="#sPointingRel1851" value="case"/>
		<feat xlink:href="#sPointingRel1853" value="aux"/>
		<feat xlink:href="#sPointingRel1855" value="mark"/>
		<feat xlink:href="#sPointingRel1857" value="cc"/>
		<feat xlink:href="#sPointingRel1859" value="nmod:poss"/>
		<feat xlink:href="#sPointingRel1861" value="case"/>
		<feat xlink:href="#sPointingRel1863" value="advmod"/>
		<feat xlink:href="#sPointingRel1865" value="mark"/>
		<feat xlink:href="#sPointingRel1867" value="det"/>
		<feat xlink:href="#sPointingRel1869" value="conj"/>
		<feat xlink:href="#sPointingRel1871" value="det"/>
		<feat xlink:href="#sPointingRel1873" value="case"/>
		<feat xlink:href="#sPointingRel1875" value="acl:relcl"/>
		<feat xlink:href="#sPointingRel1877" value="xcomp"/>
		<feat xlink:href="#sPointingRel1879" value="det"/>
		<feat xlink:href="#sPointingRel1881" value="fixed"/>
		<feat xlink:href="#sPointingRel1883" value="case"/>
		<feat xlink:href="#sPointingRel1885" value="case"/>
		<feat xlink:href="#sPointingRel1887" value="nsubj"/>
		<feat xlink:href="#sPointingRel1889" value="acl:relcl"/>
		<feat xlink:href="#sPointingRel1891" value="ccomp"/>
		<feat xlink:href="#sPointingRel1893" value="conj"/>
		<feat xlink:href="#sPointingRel1895" value="acl:relcl"/>
		<feat xlink:href="#sPointingRel1897" value="conj"/>
		<feat xlink:href="#sPointingRel1899" value="obl"/>
		<feat xlink:href="#sPointingRel1901" value="cc"/>
		<feat xlink:href="#sPointingRel1903" value="obj"/>
		<feat xlink:href="#sPointingRel1905" value="obl"/>
		<feat xlink:href="#sPointingRel1907" value="conj"/>
		<feat xlink:href="#sPointingRel1909" value="cc"/>
		<feat xlink:href="#sPointingRel1911" value="det"/>
		<feat xlink:href="#sPointingRel1913" value="nmod:poss"/>
		<feat xlink:href="#sPointingRel1915" value="nmod:poss"/>
		<feat xlink:href="#sPointingRel1917" value="obj"/>
		<feat xlink:href="#sPointingRel1919" value="conj"/>
		<feat xlink:href="#sPointingRel1921" value="case"/>
		<feat xlink:href="#sPointingRel1923" value="case"/>
		<feat xlink:href="#sPointingRel1925" value="cop"/>
		<feat xlink:href="#sPointingRel1927" value="nmod:poss"/>
		<feat xlink:href="#sPointingRel1929" value="mark"/>
		<feat xlink:href="#sPointingRel1931" value="nmod"/>
		<feat xlink:href="#sPointingRel1933" value="acl:relcl"/>
		<feat xlink:href="#sPointingRel1935" value="case"/>
		<feat xlink:href="#sPointingRel1937" value="nsubj"/>
		<feat xlink:href="#sPointingRel1939" value="mark"/>
		<feat xlink:href="#sPointingRel1941" value="det"/>
		<feat xlink:href="#sPointingRel1943" value="acl:relcl"/>
		<feat xlink:href="#sPointingRel1945" value="case"/>
		<feat xlink:href="#sPointingRel1947" value="case"/>
		<feat xlink:href="#sPointingRel1949" value="obj"/>
		<feat xlink:href="#sPointingRel1951" value="obl"/>
		<feat xlink:href="#sPointingRel1953" value="case"/>
		<feat xlink:href="#sPointingRel1955" value="det"/>
		<feat xlink:href="#sPointingRel1957" value="obl"/>
		<feat xlink:href="#sPointingRel1959" value="conj"/>
		<feat xlink:href="#sPointingRel1961" value="advmod"/>
		<feat xlink:href="#sPointingRel1963" value="mark"/>
		<feat xlink:href="#sPointingRel1965" value="obl"/>
		<feat xlink:href="#sPointingRel1967" value="case"/>
		<feat xlink:href="#sPointingRel1969" value="det"/>
		<feat xlink:href="#sPointingRel1971" value="expl"/>
		<feat xlink:href="#sPointingRel1973" value="det"/>
		<feat xlink:href="#sPointingRel1975" value="mark"/>
		<feat xlink:href="#sPointingRel1977" value="cc"/>
		<feat xlink:href="#sPointingRel1979" value="obj"/>
		<feat xlink:href="#sPointingRel1981" value="csubj"/>
		<feat xlink:href="#sPointingRel1983" value="det"/>
		<feat xlink:href="#sPointingRel1985" value="cc"/>
		<feat xlink:href="#sPointingRel1987" value="case"/>
		<feat xlink:href="#sPointingRel1989" value="det"/>
		<feat xlink:href="#sPointingRel1991" value="det"/>
		<feat xlink:href="#sPointingRel1993" value="obl"/>
		<feat xlink:href="#sPointingRel1995" value="conj"/>
		<feat xlink:href="#sPointingRel1997" value="obl"/>
		<feat xlink:href="#sPointingRel1999" value="advmod"/>
		<feat xlink:href="#sPointingRel2001" value="det"/>
		<feat xlink:href="#sPointingRel2003" value="obj"/>
		<feat xlink:href="#sPointingRel2005" value="nmod:poss"/>
		<feat xlink:href="#sPointingRel2007" value="acl:relcl"/>
		<feat xlink:href="#sPointingRel2009" value="det"/>
		<feat xlink:href="#sPointingRel2011" value="nsubj"/>
		<feat xlink:href="#sPointingRel2013" value="mark"/>
		<feat xlink:href="#sPointingRel2015" value="case"/>
		<feat xlink:href="#sPointingRel2017" value="mark"/>
		<feat xlink:href="#sPointingRel2019" value="obl"/>
		<feat xlink:href="#sPointingRel2021" value="nsubj"/>
		<feat xlink:href="#sPointingRel2023" value="nsubj"/>
		<feat xlink:href="#sPointingRel2025" value="parataxis"/>
		<feat xlink:href="#sPointingRel2027" value="obj"/>
		<feat xlink:href="#sPointingRel2029" value="det"/>
		<feat xlink:href="#sPointingRel2031" value="nsubj"/>
		<feat xlink:href="#sPointingRel2033" value="nmod:poss"/>
		<feat xlink:href="#sPointingRel2035" value="advcl"/>
		<feat xlink:href="#sPointingRel2037" value="cc"/>
		<feat xlink:href="#sPointingRel2039" value="mark"/>
		<feat xlink:href="#sPointingRel2041" value="det"/>
		<feat xlink:href="#sPointingRel2043" value="aux"/>
		<feat xlink:href="#sPointingRel2045" value="mark"/>
		<feat xlink:href="#sPointingRel2047" value="case"/>
		<feat xlink:href="#sPointingRel2049" value="obl"/>
		<feat xlink:href="#sPointingRel2051" value="vocative"/>
		<feat xlink:href="#sPointingRel2053" value="case"/>
		<feat xlink:href="#sPointingRel2055" value="advmod"/>
		<feat xlink:href="#sPointingRel2057" value="obl"/>
		<feat xlink:href="#sPointingRel2059" value="mark"/>
		<feat xlink:href="#sPointingRel2061" value="xcomp"/>
		<feat xlink:href="#sPointingRel2063" value="det"/>
		<feat xlink:href="#sPointingRel2065" value="nsubj"/>
		<feat xlink:href="#sPointingRel2067" value="xcomp"/>
		<feat xlink:href="#sPointingRel2069" value="acl:relcl"/>
		<feat xlink:href="#sPointingRel2071" value="obj"/>
		<feat xlink:href="#sPointingRel2073" value="det"/>
		<feat xlink:href="#sPointingRel2075" value="nsubj"/>
		<feat xlink:href="#sPointingRel2077" value="acl:relcl"/>
		<feat xlink:href="#sPointingRel2079" value="det"/>
		<feat xlink:href="#sPointingRel2081" value="det"/>
		<feat xlink:href="#sPointingRel2083" value="cop"/>
		<feat xlink:href="#sPointingRel2085" value="case"/>
		<feat xlink:href="#sPointingRel2087" value="nmod"/>
		<feat xlink:href="#sPointingRel2089" value="det"/>
		<feat xlink:href="#sPointingRel2091" value="appos"/>
		<feat xlink:href="#sPointingRel2093" value="cc"/>
		<feat xlink:href="#sPointingRel2095" value="appos"/>
		<feat xlink:href="#sPointingRel2097" value="cc"/>
		<feat xlink:href="#sPointingRel2099" value="mark"/>
		<feat xlink:href="#sPointingRel2101" value="cc"/>
		<feat xlink:href="#sPointingRel2103" value="cop"/>
		<feat xlink:href="#sPointingRel2105" value="advcl"/>
		<feat xlink:href="#sPointingRel2107" value="case"/>
		<feat xlink:href="#sPointingRel2109" value="xcomp"/>
		<feat xlink:href="#sPointingRel2111" value="conj"/>
		<feat xlink:href="#sPointingRel2113" value="obj"/>
		<feat xlink:href="#sPointingRel2115" value="acl:relcl"/>
		<feat xlink:href="#sPointingRel2117" value="conj"/>
		<feat xlink:href="#sPointingRel2119" value="case"/>
		<feat xlink:href="#sPointingRel2121" value="case"/>
		<feat xlink:href="#sPointingRel2123" value="case"/>
		<feat xlink:href="#sPointingRel2125" value="nmod"/>
		<feat xlink:href="#sPointingRel2127" value="advmod"/>
		<feat xlink:href="#sPointingRel2129" value="obl"/>
		<feat xlink:href="#sPointingRel2131" value="obj"/>
		<feat xlink:href="#sPointingRel2133" value="obj"/>
		<feat xlink:href="#sPointingRel2135" value="cc"/>
		<feat xlink:href="#sPointingRel2137" value="det"/>
		<feat xlink:href="#sPointingRel2139" value="conj"/>
		<feat xlink:href="#sPointingRel2141" value="nmod"/>
		<feat xlink:href="#sPointingRel2143" value="aux"/>
		<feat xlink:href="#sPointingRel2145" value="case"/>
		<feat xlink:href="#sPointingRel2147" value="nsubj"/>
		<feat xlink:href="#sPointingRel2149" value="obl"/>
		<feat xlink:href="#sPointingRel2151" value="acl:relcl"/>
		<feat xlink:href="#sPointingRel2153" value="obj"/>
		<feat xlink:href="#sPointingRel2155" value="nmod:poss"/>
		<feat xlink:href="#sPointingRel2157" value="obl"/>
		<feat xlink:href="#sPointingRel2159" value="case"/>
		<feat xlink:href="#sPointingRel2161" value="case"/>
		<feat xlink:href="#sPointingRel2163" value="case"/>
		<feat xlink:href="#sPointingRel2165" value="nsubj"/>
		<feat xlink:href="#sPointingRel2167" value="nsubj"/>
		<feat xlink:href="#sPointingRel2169" value="acl:relcl"/>
		<feat xlink:href="#sPointingRel2171" value="det"/>
		<feat xlink:href="#sPointingRel2173" value="advmod"/>
		<feat xlink:href="#sPointingRel2175" value="obj"/>
		<feat xlink:href="#sPointingRel2177" value="case"/>
		<feat xlink:href="#sPointingRel2179" value="conj"/>
		<feat xlink:href="#sPointingRel2181" value="case"/>
		<feat xlink:href="#sPointingRel2183" value="advcl"/>
		<feat xlink:href="#sPointingRel2185" value="nmod"/>
		<feat xlink:href="#sPointingRel2187" value="obl"/>
		<feat xlink:href="#sPointingRel2189" value="acl:relcl"/>
		<feat xlink:href="#sPointingRel2191" value="mark"/>
		<feat xlink:href="#sPointingRel2193" value="nmod"/>
		<feat xlink:href="#sPointingRel2195" value="case"/>
		<feat xlink:href="#sPointingRel2197" value="nsubj"/>
		<feat xlink:href="#sPointingRel2199" value="xcomp"/>
		<feat xlink:href="#sPointingRel2201" value="case"/>
		<feat xlink:href="#sPointingRel2203" value="case"/>
		<feat xlink:href="#sPointingRel2205" value="case"/>
		<feat xlink:href="#sPointingRel2207" value="obl"/>
		<feat xlink:href="#sPointingRel2209" value="obj"/>
		<feat xlink:href="#sPointingRel2211" value="cc"/>
		<feat xlink:href="#sPointingRel2213" value="nsubj"/>
		<feat xlink:href="#sPointingRel2215" value="aux"/>
		<feat xlink:href="#sPointingRel2217" value="dislocated"/>
		<feat xlink:href="#sPointingRel2219" value="det"/>
		<feat xlink:href="#sPointingRel2221" value="case"/>
		<feat xlink:href="#sPointingRel2223" value="acl:relcl"/>
		<feat xlink:href="#sPointingRel2225" value="obl"/>
		<feat xlink:href="#sPointingRel2227" value="cc"/>
		<feat xlink:href="#sPointingRel2229" value="case"/>
		<feat xlink:href="#sPointingRel2231" value="case"/>
		<feat xlink:href="#sPointingRel2233" value="nsubj"/>
		<feat xlink:href="#sPointingRel2235" value="case"/>
		<feat xlink:href="#sPointingRel2237" value="case"/>
		<feat xlink:href="#sPointingRel2239" value="obl"/>
		<feat xlink:href="#sPointingRel2241" value="mark"/>
		<feat xlink:href="#sPointingRel2243" value="expl"/>
		<feat xlink:href="#sPointingRel2245" value="det"/>
		<feat xlink:href="#sPointingRel2247" value="case"/>
		<feat xlink:href="#sPointingRel2249" value="obj"/>
		<feat xlink:href="#sPointingRel2251" value="conj"/>
		<feat xlink:href="#sPointingRel2253" value="csubj"/>
		<feat xlink:href="#sPointingRel2255" value="nmod"/>
		<feat xlink:href="#sPointingRel2257" value="conj"/>
		<feat xlink:href="#sPointingRel2259" value="case"/>
		<feat xlink:href="#sPointingRel2261" value="det"/>
		<feat xlink:href="#sPointingRel2263" value="mark"/>
		<feat xlink:href="#sPointingRel2265" value="acl:relcl"/>
		<feat xlink:href="#sPointingRel2267" value="acl:relcl"/>
		<feat xlink:href="#sPointingRel2269" value="advcl"/>
		<feat xlink:href="#sPointingRel2271" value="cc"/>
		<feat xlink:href="#sPointingRel2273" value="case"/>
		<feat xlink:href="#sPointingRel2275" value="nsubj"/>
		<feat xlink:href="#sPointingRel2277" value="mark"/>
		<feat xlink:href="#sPointingRel2279" value="mark"/>
		<feat xlink:href="#sPointingRel2281" value="nmod"/>
		<feat xlink:href="#sPointingRel2283" value="conj"/>
		<feat xlink:href="#sPointingRel2285" value="nmod:poss"/>
		<feat xlink:href="#sPointingRel2287" value="nsubj"/>
		<feat xlink:href="#sPointingRel2289" value="nsubj"/>
		<feat xlink:href="#sPointingRel2291" value="det"/>
		<feat xlink:href="#sPointingRel2293" value="acl:relcl"/>
		<feat xlink:href="#sPointingRel2295" value="det"/>
		<feat xlink:href="#sPointingRel2297" value="nsubj"/>
		<feat xlink:href="#sPointingRel2299" value="case"/>
		<feat xlink:href="#sPointingRel2301" value="ccomp"/>
		<feat xlink:href="#sPointingRel2303" value="case"/>
		<feat xlink:href="#sPointingRel2305" value="conj"/>
		<feat xlink:href="#sPointingRel2307" value="case"/>
		<feat xlink:href="#sPointingRel2309" value="nsubj"/>
		<feat xlink:href="#sPointingRel2311" value="cc"/>
		<feat xlink:href="#sPointingRel2313" value="xcomp"/>
		<feat xlink:href="#sPointingRel2315" value="nmod:poss"/>
		<feat xlink:href="#sPointingRel2317" value="nsubj"/>
		<feat xlink:href="#sPointingRel2319" value="mark"/>
		<feat xlink:href="#sPointingRel2321" value="obl"/>
		<feat xlink:href="#sPointingRel2323" value="nmod:poss"/>
		<feat xlink:href="#sPointingRel2325" value="acl:relcl"/>
		<feat xlink:href="#sPointingRel2327" value="case"/>
		<feat xlink:href="#sPointingRel2329" value="vocative"/>
		<feat xlink:href="#sPointingRel2331" value="det"/>
		<feat xlink:href="#sPointingRel2333" value="aux"/>
		<feat xlink:href="#sPointingRel2335" value="ccomp"/>
		<feat xlink:href="#sPointingRel2337" value="nmod:poss"/>
		<feat xlink:href="#sPointingRel2339" value="appos"/>
		<feat xlink:href="#sPointingRel2341" value="case"/>
		<feat xlink:href="#sPointingRel2343" value="det"/>
		<feat xlink:href="#sPointingRel2345" value="nmod:poss"/>
		<feat xlink:href="#sPointingRel2347" value="ccomp"/>
		<feat xlink:href="#sPointingRel2349" value="nmod:poss"/>
		<feat xlink:href="#sPointingRel2351" value="obl"/>
		<feat xlink:href="#sPointingRel2353" value="nsubj"/>
		<feat xlink:href="#sPointingRel2355" value="conj"/>
		<feat xlink:href="#sPointingRel2357" value="det"/>
		<feat xlink:href="#sPointingRel2359" value="mark"/>
		<feat xlink:href="#sPointingRel2361" value="case"/>
		<feat xlink:href="#sPointingRel2363" value="obl"/>
		<feat xlink:href="#sPointingRel2365" value="nsubj"/>
		<feat xlink:href="#sPointingRel2367" value="obj"/>
		<feat xlink:href="#sPointingRel2369" value="case"/>
		<feat xlink:href="#sPointingRel2371" value="nmod"/>
		<feat xlink:href="#sPointingRel2373" value="ccomp"/>
		<feat xlink:href="#sPointingRel2375" value="conj"/>
		<feat xlink:href="#sPointingRel2377" value="det"/>
		<feat xlink:href="#sPointingRel2379" value="obl"/>
		<feat xlink:href="#sPointingRel2381" value="nmod"/>
		<feat xlink:href="#sPointingRel2383" value="acl:relcl"/>
		<feat xlink:href="#sPointingRel2385" value="case"/>
		<feat xlink:href="#sPointingRel2387" value="acl:relcl"/>
		<feat xlink:href="#sPointingRel2389" value="nmod:poss"/>
		<feat xlink:href="#sPointingRel2391" value="det"/>
		<feat xlink:href="#sPointingRel2393" value="obl"/>
		<feat xlink:href="#sPointingRel2395" value="case"/>
		<feat xlink:href="#sPointingRel2397" value="aux"/>
		<feat xlink:href="#sPointingRel2399" value="nmod"/>
		<feat xlink:href="#sPointingRel2401" value="cc"/>
		<feat xlink:href="#sPointingRel2403" value="obj"/>
		<feat xlink:href="#sPointingRel2405" value="obj"/>
		<feat xlink:href="#sPointingRel2407" value="det"/>
		<feat xlink:href="#sPointingRel2409" value="aux"/>
		<feat xlink:href="#sPointingRel2411" value="obj"/>
		<feat xlink:href="#sPointingRel2413" value="det"/>
		<feat xlink:href="#sPointingRel2415" value="det"/>
		<feat xlink:href="#sPointingRel2417" value="nsubj"/>
		<feat xlink:href="#sPointingRel2419" value="case"/>
		<feat xlink:href="#sPointingRel2421" value="case"/>
		<feat xlink:href="#sPointingRel2423" value="xcomp"/>
		<feat xlink:href="#sPointingRel2425" value="cc"/>
		<feat xlink:href="#sPointingRel2427" value="xcomp"/>
		<feat xlink:href="#sPointingRel2429" value="det"/>
		<feat xlink:href="#sPointingRel2431" value="obl"/>
		<feat xlink:href="#sPointingRel2433" value="det"/>
		<feat xlink:href="#sPointingRel2435" value="case"/>
		<feat xlink:href="#sPointingRel2437" value="cc"/>
		<feat xlink:href="#sPointingRel2439" value="nsubj"/>
		<feat xlink:href="#sPointingRel2441" value="conj"/>
		<feat xlink:href="#sPointingRel2443" value="mark"/>
		<feat xlink:href="#sPointingRel2445" value="cc"/>
		<feat xlink:href="#sPointingRel2447" value="obl"/>
		<feat xlink:href="#sPointingRel2449" value="det"/>
		<feat xlink:href="#sPointingRel2451" value="nsubj"/>
		<feat xlink:href="#sPointingRel2453" value="nmod:poss"/>
		<feat xlink:href="#sPointingRel2455" value="nsubj"/>
		<feat xlink:href="#sPointingRel2457" value="nmod:poss"/>
		<feat xlink:href="#sPointingRel2459" value="cop"/>
		<feat xlink:href="#sPointingRel2461" value="case"/>
		<feat xlink:href="#sPointingRel2463" value="nmod:poss"/>
		<feat xlink:href="#sPointingRel2465" value="cop"/>
		<feat xlink:href="#sPointingRel2467" value="obj"/>
		<feat xlink:href="#sPointingRel2469" value="obl"/>
		<feat xlink:href="#sPointingRel2471" value="xcomp"/>
		<feat xlink:href="#sPointingRel2473" value="nmod:poss"/>
		<feat xlink:href="#sPointingRel2475" value="det"/>
		<feat xlink:href="#sPointingRel2477" value="aux"/>
		<feat xlink:href="#sPointingRel2479" value="xcomp"/>
		<feat xlink:href="#sPointingRel2481" value="case"/>
		<feat xlink:href="#sPointingRel2483" value="xcomp"/>
		<feat xlink:href="#sPointingRel2485" value="obl"/>
		<feat xlink:href="#sPointingRel2487" value="advmod"/>
		<feat xlink:href="#sPointingRel2489" value="det"/>
		<feat xlink:href="#sPointingRel2491" value="case"/>
		<feat xlink:href="#sPointingRel2493" value="obl"/>
		<feat xlink:href="#sPointingRel2495" value="case"/>
		<feat xlink:href="#sPointingRel2497" value="obj"/>
		<feat xlink:href="#sPointingRel2499" value="case"/>
		<feat xlink:href="#sPointingRel2501" value="nmod:poss"/>
		<feat xlink:href="#sPointingRel2503" value="conj"/>
		<feat xlink:href="#sPointingRel2505" value="det"/>
		<feat xlink:href="#sPointingRel2507" value="nmod:poss"/>
		<feat xlink:href="#sPointingRel2509" value="case"/>
		<feat xlink:href="#sPointingRel2511" value="cc"/>
		<feat xlink:href="#sPointingRel2513" value="cop"/>
		<feat xlink:href="#sPointingRel2515" value="mark"/>
		<feat xlink:href="#sPointingRel2517" value="advcl"/>
		<feat xlink:href="#sPointingRel2519" value="aux"/>
		<feat xlink:href="#sPointingRel2521" value="dislocated"/>
		<feat xlink:href="#sPointingRel2523" value="aux"/>
		<feat xlink:href="#sPointingRel2525" value="nmod:poss"/>
		<feat xlink:href="#sPointingRel2527" value="advcl"/>
		<feat xlink:href="#sPointingRel2529" value="xcomp"/>
		<feat xlink:href="#sPointingRel2531" value="nmod:poss"/>
		<feat xlink:href="#sPointingRel2533" value="det"/>
		<feat xlink:href="#sPointingRel2535" value="mark"/>
		<feat xlink:href="#sPointingRel2537" value="aux"/>
		<feat xlink:href="#sPointingRel2539" value="xcomp"/>
		<feat xlink:href="#sPointingRel2541" value="csubj"/>
		<feat xlink:href="#sPointingRel2543" value="cop"/>
		<feat xlink:href="#sPointingRel2545" value="obl"/>
		<feat xlink:href="#sPointingRel2547" value="det"/>
		<feat xlink:href="#sPointingRel2549" value="conj"/>
		<feat xlink:href="#sPointingRel2551" value="cc"/>
		<feat xlink:href="#sPointingRel2553" value="nsubj"/>
		<feat xlink:href="#sPointingRel2555" value="conj"/>
		<feat xlink:href="#sPointingRel2557" value="nsubj"/>
		<feat xlink:href="#sPointingRel2559" value="case"/>
		<feat xlink:href="#sPointingRel2561" value="nmod:poss"/>
		<feat xlink:href="#sPointingRel2563" value="case"/>
		<feat xlink:href="#sPointingRel2565" value="det"/>
		<feat xlink:href="#sPointingRel2567" value="mark"/>
		<feat xlink:href="#sPointingRel2569" value="cop"/>
		<feat xlink:href="#sPointingRel2571" value="advcl"/>
		<feat xlink:href="#sPointingRel2573" value="obl"/>
		<feat xlink:href="#sPointingRel2575" value="obj"/>
		<feat xlink:href="#sPointingRel2577" value="conj"/>
		<feat xlink:href="#sPointingRel2579" value="appos"/>
		<feat xlink:href="#sPointingRel2581" value="nmod"/>
		<feat xlink:href="#sPointingRel2583" value="case"/>
		<feat xlink:href="#sPointingRel2585" value="det"/>
		<feat xlink:href="#sPointingRel2587" value="conj"/>
		<feat xlink:href="#sPointingRel2589" value="conj"/>
		<feat xlink:href="#sPointingRel2591" value="det"/>
		<feat xlink:href="#sPointingRel2593" value="mark"/>
		<feat xlink:href="#sPointingRel2595" value="nmod"/>
		<feat xlink:href="#sPointingRel2597" value="case"/>
		<feat xlink:href="#sPointingRel2599" value="xcomp"/>
		<feat xlink:href="#sPointingRel2601" value="obj"/>
		<feat xlink:href="#sPointingRel2603" value="nsubj"/>
		<feat xlink:href="#sPointingRel2605" value="acl:relcl"/>
		<feat xlink:href="#sPointingRel2607" value="mark"/>
		<feat xlink:href="#sPointingRel2609" value="det"/>
		<feat xlink:href="#sPointingRel2611" value="nmod"/>
		<feat xlink:href="#sPointingRel2613" value="obl"/>
		<feat xlink:href="#sPointingRel2615" value="mark"/>
		<feat xlink:href="#sPointingRel2617" value="case"/>
		<feat xlink:href="#sPointingRel2619" value="obl"/>
		<feat xlink:href="#sPointingRel2621" value="mark"/>
		<feat xlink:href="#sPointingRel2623" value="nmod:poss"/>
		<feat xlink:href="#sPointingRel2625" value="mark"/>
		<feat xlink:href="#sPointingRel2627" value="xcomp"/>
		<feat xlink:href="#sPointingRel2629" value="cc"/>
		<feat xlink:href="#sPointingRel2631" value="acl:relcl"/>
		<feat xlink:href="#sPointingRel2633" value="parataxis"/>
		<feat xlink:href="#sPointingRel2635" value="conj"/>
		<feat xlink:href="#sPointingRel2637" value="mark"/>
		<feat xlink:href="#sPointingRel2639" value="case"/>
		<feat xlink:href="#sPointingRel2641" value="aux"/>
		<feat xlink:href="#sPointingRel2643" value="mark"/>
		<feat xlink:href="#sPointingRel2645" value="obl"/>
		<feat xlink:href="#sPointingRel2647" value="case"/>
		<feat xlink:href="#sPointingRel2649" value="det"/>
		<feat xlink:href="#sPointingRel2651" value="xcomp"/>
		<feat xlink:href="#sPointingRel2653" value="xcomp"/>
		<feat xlink:href="#sPointingRel2655" value="obl"/>
		<feat xlink:href="#sPointingRel2657" value="xcomp"/>
		<feat xlink:href="#sPointingRel2659" value="nsubj"/>
		<feat xlink:href="#sPointingRel2661" value="advmod"/>
		<feat xlink:href="#sPointingRel2663" value="obl"/>
		<feat xlink:href="#sPointingRel2665" value="mark"/>
		<feat xlink:href="#sPointingRel2667" value="case"/>
		<feat xlink:href="#sPointingRel2669" value="det"/>
		<feat xlink:href="#sPointingRel2671" value="cc"/>
		<feat xlink:href="#sPointingRel2673" value="nmod:poss"/>
		<feat xlink:href="#sPointingRel2675" value="case"/>
		<feat xlink:href="#sPointingRel2677" value="obl:npmod"/>
		<feat xlink:href="#sPointingRel2679" value="obl"/>
		<feat xlink:href="#sPointingRel2681" value="obj"/>
		<feat xlink:href="#sPointingRel2683" value="ccomp"/>
		<feat xlink:href="#sPointingRel2685" value="case"/>
		<feat xlink:href="#sPointingRel2687" value="obl"/>
		<feat xlink:href="#sPointingRel2689" value="obl"/>
		<feat xlink:href="#sPointingRel2691" value="obl"/>
		<feat xlink:href="#sPointingRel2693" value="mark"/>
		<feat xlink:href="#sPointingRel2695" value="obl"/>
		<feat xlink:href="#sPointingRel2697" value="cop"/>
		<feat xlink:href="#sPointingRel2699" value="obl"/>
		<feat xlink:href="#sPointingRel2701" value="nmod:poss"/>
		<feat xlink:href="#sPointingRel2703" value="acl:relcl"/>
		<feat xlink:href="#sPointingRel2705" value="det"/>
		<feat xlink:href="#sPointingRel2707" value="advcl"/>
		<feat xlink:href="#sPointingRel2709" value="det"/>
		<feat xlink:href="#sPointingRel2711" value="csubj"/>
		<feat xlink:href="#sPointingRel2713" value="obl"/>
		<feat xlink:href="#sPointingRel2715" value="det"/>
		<feat xlink:href="#sPointingRel2717" value="obl"/>
		<feat xlink:href="#sPointingRel2719" value="acl:relcl"/>
		<feat xlink:href="#sPointingRel2721" value="advmod"/>
		<feat xlink:href="#sPointingRel2723" value="det"/>
		<feat xlink:href="#sPointingRel2725" value="obj"/>
		<feat xlink:href="#sPointingRel2727" value="mark"/>
		<feat xlink:href="#sPointingRel2729" value="case"/>
		<feat xlink:href="#sPointingRel2731" value="mark"/>
		<feat xlink:href="#sPointingRel2733" value="obl"/>
		<feat xlink:href="#sPointingRel2735" value="conj"/>
		<feat xlink:href="#sPointingRel2737" value="acl:relcl"/>
		<feat xlink:href="#sPointingRel2739" value="obj"/>
		<feat xlink:href="#sPointingRel2741" value="det"/>
		<feat xlink:href="#sPointingRel2743" value="obl"/>
		<feat xlink:href="#sPointingRel2745" value="obl"/>
		<feat xlink:href="#sPointingRel2747" value="det"/>
		<feat xlink:href="#sPointingRel2749" value="advmod"/>
		<feat xlink:href="#sPointingRel2751" value="nmod"/>
		<feat xlink:href="#sPointingRel2753" value="advmod"/>
		<feat xlink:href="#sPointingRel2755" value="cop"/>
		<feat xlink:href="#sPointingRel2757" value="mark"/>
		<feat xlink:href="#sPointingRel2759" value="case"/>
		<feat xlink:href="#sPointingRel2761" value="mark"/>
		<feat xlink:href="#sPointingRel2763" value="det"/>
		<feat xlink:href="#sPointingRel2765" value="cc"/>
		<feat xlink:href="#sPointingRel2767" value="nsubj"/>
		<feat xlink:href="#sPointingRel2769" value="case"/>
		<feat xlink:href="#sPointingRel2771" value="case"/>
		<feat xlink:href="#sPointingRel2773" value="mark"/>
		<feat xlink:href="#sPointingRel2775" value="det"/>
		<feat xlink:href="#sPointingRel2777" value="cc"/>
		<feat xlink:href="#sPointingRel2779" value="conj"/>
		<feat xlink:href="#sPointingRel2781" value="obl"/>
		<feat xlink:href="#sPointingRel2783" value="case"/>
		<feat xlink:href="#sPointingRel2785" value="xcomp"/>
		<feat xlink:href="#sPointingRel2787" value="advmod"/>
		<feat xlink:href="#sPointingRel2789" value="nmod:poss"/>
		<feat xlink:href="#sPointingRel2791" value="dislocated"/>
		<feat xlink:href="#sPointingRel2793" value="advmod"/>
		<feat xlink:href="#sPointingRel2795" value="conj"/>
		<feat xlink:href="#sPointingRel2797" value="case"/>
		<feat xlink:href="#sPointingRel2799" value="obl:npmod"/>
		<feat xlink:href="#sPointingRel2801" value="cc"/>
		<feat xlink:href="#sPointingRel2803" value="case"/>
		<feat xlink:href="#sPointingRel2805" value="xcomp"/>
		<feat xlink:href="#sPointingRel2807" value="nsubj"/>
		<feat xlink:href="#sPointingRel2809" value="nsubj"/>
		<feat xlink:href="#sPointingRel2811" value="advmod"/>
		<feat xlink:href="#sPointingRel2813" value="nsubj"/>
		<feat xlink:href="#sPointingRel2815" value="mark"/>
		<feat xlink:href="#sPointingRel2817" value="obj"/>
		<feat xlink:href="#sPointingRel2819" value="obl"/>
		<feat xlink:href="#sPointingRel2821" value="nmod:poss"/>
		<feat xlink:href="#sPointingRel2823" value="det"/>
		<feat xlink:href="#sPointingRel2825" value="amod"/>
		<feat xlink:href="#sPointingRel2827" value="case"/>
		<feat xlink:href="#sPointingRel2829" value="obl:npmod"/>
		<feat xlink:href="#sPointingRel2831" value="conj"/>
		<feat xlink:href="#sPointingRel2833" value="case"/>
		<feat xlink:href="#sPointingRel2835" value="aux"/>
		<feat xlink:href="#sPointingRel2837" value="det"/>
		<feat xlink:href="#sPointingRel2839" value="mark"/>
		<feat xlink:href="#sPointingRel2841" value="nsubj"/>
		<feat xlink:href="#sPointingRel2843" value="case"/>
		<feat xlink:href="#sPointingRel2845" value="iobj"/>
		<feat xlink:href="#sPointingRel2847" value="mark"/>
		<feat xlink:href="#sPointingRel2849" value="nmod:poss"/>
		<feat xlink:href="#sPointingRel2851" value="conj"/>
		<feat xlink:href="#sPointingRel2853" value="nsubj"/>
		<feat xlink:href="#sPointingRel2855" value="case"/>
		<feat xlink:href="#sPointingRel2857" value="obj"/>
		<feat xlink:href="#sPointingRel2859" value="case"/>
		<feat xlink:href="#sPointingRel2861" value="det"/>
		<feat xlink:href="#sPointingRel2863" value="nmod"/>
		<feat xlink:href="#sPointingRel2865" value="nmod"/>
		<feat xlink:href="#sPointingRel2867" value="xcomp"/>
		<feat xlink:href="#sPointingRel2869" value="case"/>
		<feat xlink:href="#sPointingRel2871" value="case"/>
		<feat xlink:href="#sPointingRel2873" value="obl:npmod"/>
		<feat xlink:href="#sPointingRel2875" value="case"/>
		<feat xlink:href="#sPointingRel2877" value="nsubj"/>
		<feat xlink:href="#sPointingRel2879" value="cc"/>
		<feat xlink:href="#sPointingRel2881" value="acl:relcl"/>
		<feat xlink:href="#sPointingRel2883" value="nsubj"/>
		<feat xlink:href="#sPointingRel2885" value="cc"/>
		<feat xlink:href="#sPointingRel2887" value="mark"/>
		<feat xlink:href="#sPointingRel2889" value="advmod"/>
		<feat xlink:href="#sPointingRel2891" value="obl"/>
		<feat xlink:href="#sPointingRel2893" value="nmod:poss"/>
		<feat xlink:href="#sPointingRel2895" value="nsubj"/>
		<feat xlink:href="#sPointingRel2897" value="advcl"/>
		<feat xlink:href="#sPointingRel2899" value="case"/>
		<feat xlink:href="#sPointingRel2901" value="mark"/>
		<feat xlink:href="#sPointingRel2903" value="case"/>
		<feat xlink:href="#sPointingRel2905" value="cc"/>
		<feat xlink:href="#sPointingRel2907" value="dislocated"/>
		<feat xlink:href="#sPointingRel2909" value="nmod"/>
		<feat xlink:href="#sPointingRel2911" value="case"/>
		<feat xlink:href="#sPointingRel2913" value="obl"/>
		<feat xlink:href="#sPointingRel2915" value="mark"/>
		<feat xlink:href="#sPointingRel2917" value="case"/>
		<feat xlink:href="#sPointingRel2919" value="obl"/>
		<feat xlink:href="#sPointingRel2921" value="obl"/>
		<feat xlink:href="#sPointingRel2923" value="mark"/>
		<feat xlink:href="#sPointingRel2925" value="case"/>
		<feat xlink:href="#sPointingRel2927" value="case"/>
		<feat xlink:href="#sPointingRel2929" value="obj"/>
		<feat xlink:href="#sPointingRel2931" value="mark"/>
		<feat xlink:href="#sPointingRel2933" value="obl"/>
		<feat xlink:href="#sPointingRel2935" value="acl:relcl"/>
		<feat xlink:href="#sPointingRel2937" value="conj"/>
		<feat xlink:href="#sPointingRel2939" value="obl"/>
		<feat xlink:href="#sPointingRel2941" value="nmod"/>
		<feat xlink:href="#sPointingRel2943" value="mark"/>
		<feat xlink:href="#sPointingRel2945" value="det"/>
		<feat xlink:href="#sPointingRel2947" value="cop"/>
		<feat xlink:href="#sPointingRel2949" value="case"/>
		<feat xlink:href="#sPointingRel2951" value="case"/>
		<feat xlink:href="#sPointingRel2953" value="nsubj"/>
		<feat xlink:href="#sPointingRel2955" value="advcl"/>
		<feat xlink:href="#sPointingRel2957" value="case"/>
		<feat xlink:href="#sPointingRel2959" value="cc"/>
		<feat xlink:href="#sPointingRel2961" value="mark"/></featList></paula>