<?xml version='1.0' encoding='UTF-8'?><!DOCTYPE paula SYSTEM "paula_feat.dtd">
<paula version="1.1">
	<header paula_id="scriptorium.Mark_04.mark_morph"/>
	<featList xmlns:xlink="http://www.w3.org/1999/xlink" type="morph" xml:base="scriptorium.Mark_04.mark.xml">
		<feat xlink:href="#sSpan24" value="ϯ"/>
		<feat xlink:href="#sSpan27" value="ⲥⲃⲱ"/>
		<feat xlink:href="#sSpan176" value="ϯ"/>
		<feat xlink:href="#sSpan179" value="ⲥⲃⲱ"/>
		<feat xlink:href="#sSpan457" value="ϯ"/>
		<feat xlink:href="#sSpan460" value="ⲟⲩⲱ"/>
		<feat xlink:href="#sSpan539" value="ϫⲉ"/>
		<feat xlink:href="#sSpan542" value="ⲛⲟⲩⲛⲉ"/>
		<feat xlink:href="#sSpan635" value="ϯ"/>
		<feat xlink:href="#sSpan638" value="ⲕⲁⲣⲡⲟⲥ"/>
		<feat xlink:href="#sSpan710" value="ϯ"/>
		<feat xlink:href="#sSpan713" value="ⲕⲁⲣⲡⲟⲥ"/>
		<feat xlink:href="#sSpan873" value="ⲙⲛⲧ"/>
		<feat xlink:href="#sSpan876" value="ⲥⲛⲟⲟⲩⲥ"/>
		<feat xlink:href="#sSpan948" value="ⲙⲛⲧ"/>
		<feat xlink:href="#sSpan951" value="ⲣⲣⲟ"/>
		<feat xlink:href="#sSpan1512" value="ⲡⲣⲟⲥ"/>
		<feat xlink:href="#sSpan1516" value="ⲟⲩⲟⲉⲓϣ"/>
		<feat xlink:href="#sSpan1703" value="ⲙⲛⲧ"/>
		<feat xlink:href="#sSpan1706" value="ⲣ"/>
		<feat xlink:href="#sSpan1707" value="ⲙⲙⲁⲟ"/>
		<feat xlink:href="#sSpan1763" value="ϯ"/>
		<feat xlink:href="#sSpan1766" value="ⲕⲁⲣⲡⲟⲥ"/>
		<feat xlink:href="#sSpan1867" value="ⲧⲁⲩⲉ"/>
		<feat xlink:href="#sSpan1870" value="ⲕⲁⲣⲡⲟⲥ"/>
		<feat xlink:href="#sSpan2408" value="ⲙⲛⲧ"/>
		<feat xlink:href="#sSpan2411" value="ⲣⲣⲟ"/>
		<feat xlink:href="#sSpan2533" value="ϯ"/>
		<feat xlink:href="#sSpan2538" value="ⲟⲩⲱ"/>
		<feat xlink:href="#sSpan2545" value="ⲣ"/>
		<feat xlink:href="#sSpan2548" value="ⲛⲟϭ"/>
		<feat xlink:href="#sSpan2595" value="ϯ"/>
		<feat xlink:href="#sSpan2598" value="ⲟⲩⲱ"/>
		<feat xlink:href="#sSpan2781" value="ⲙⲛⲧ"/>
		<feat xlink:href="#sSpan2784" value="ⲣⲣⲟ"/>
		<feat xlink:href="#sSpan3551" value="ⲣ"/>
		<feat xlink:href="#sSpan3556" value="ⲣⲟⲟⲩϣ"/>
		<feat xlink:href="#sSpan3725" value="ϭⲁⲃ"/>
		<feat xlink:href="#sSpan3728" value="ϩⲏⲧ"/>
		<feat xlink:href="#sSpan3735" value="ⲕⲁ"/>
		<feat xlink:href="#sSpan3738" value="ⲡⲓⲥⲧⲓⲥ"/>
		<feat xlink:href="#sSpan3766" value="ⲣ"/>
		<feat xlink:href="#sSpan3769" value="ϩⲟⲧⲉ"/></featList></paula>