<?xml version='1.0' encoding='UTF-8'?><!DOCTYPE paula SYSTEM "paula_feat.dtd">
<paula version="1.1">
	<header paula_id="scriptorium.Mark_04.mark_norm"/>
	<featList xmlns:xlink="http://www.w3.org/1999/xlink" type="norm" xml:base="scriptorium.Mark_04.mark.xml">
		<feat xlink:href="#sSpan1" value="ⲁ"/>
		<feat xlink:href="#sSpan11" value="ϥ"/>
		<feat xlink:href="#sSpan14" value="ⲁⲣⲭⲉⲥⲑⲁⲓ"/>
		<feat xlink:href="#sSpan16" value="ⲟⲛ"/>
		<feat xlink:href="#sSpan20" value="ⲉ"/>
		<feat xlink:href="#sSpan25" value="ϯⲥⲃⲱ"/>
		<feat xlink:href="#sSpan28" value="ϩⲁ"/>
		<feat xlink:href="#sSpan32" value="ⲧⲉ"/>
		<feat xlink:href="#sSpan36" value="ⲑⲁⲗⲁⲥⲥⲁ"/>
		<feat xlink:href="#sSpan38" value="."/>
		<feat xlink:href="#sSpan42" value="ⲁⲩⲱ"/>
		<feat xlink:href="#sSpan46" value="ⲁ"/>
		<feat xlink:href="#sSpan50" value="ⲩ"/>
		<feat xlink:href="#sSpan53" value="ⲛⲟϭ"/>
		<feat xlink:href="#sSpan55" value="ⲙ"/>
		<feat xlink:href="#sSpan59" value="ⲙⲏⲏϣⲉ"/>
		<feat xlink:href="#sSpan61" value="ⲥⲱⲟⲩϩ"/>
		<feat xlink:href="#sSpan65" value="ⲉⲣⲟ"/>
		<feat xlink:href="#sSpan69" value="ϥ"/>
		<feat xlink:href="#sSpan72" value="ϩⲱⲥⲧⲉ"/>
		<feat xlink:href="#sSpan76" value="ⲉ"/>
		<feat xlink:href="#sSpan80" value="ⲧⲣⲉ"/>
		<feat xlink:href="#sSpan82" value="ϥ"/>
		<feat xlink:href="#sSpan84" value="ⲁⲗⲉ"/>
		<feat xlink:href="#sSpan86" value="ⲉ"/>
		<feat xlink:href="#sSpan90" value="ⲡ"/>
		<feat xlink:href="#sSpan93" value="ϫⲟⲉⲓ"/>
		<feat xlink:href="#sSpan95" value="ⲛ"/>
		<feat xlink:href="#sSpan99" value="ϥ"/>
		<feat xlink:href="#sSpan101" value="ϩⲙⲟⲟⲥ"/>
		<feat xlink:href="#sSpan103" value="ϩⲛ"/>
		<feat xlink:href="#sSpan107" value="ⲧⲉ"/>
		<feat xlink:href="#sSpan111" value="ⲑⲁⲗⲁⲥⲥⲁ"/>
		<feat xlink:href="#sSpan113" value="."/>
		<feat xlink:href="#sSpan117" value="ⲁⲩⲱ"/>
		<feat xlink:href="#sSpan121" value="ⲡ"/>
		<feat xlink:href="#sSpan126" value="ⲙⲏⲏϣⲉ"/>
		<feat xlink:href="#sSpan128" value="ⲧⲏⲣ"/>
		<feat xlink:href="#sSpan132" value="ϥ"/>
		<feat xlink:href="#sSpan134" value="ⲛⲉ"/>
		<feat xlink:href="#sSpan138" value="ϥ"/>
		<feat xlink:href="#sSpan140" value="ⲁϩⲉ"/>
		<feat xlink:href="#sSpan142" value="ⲣⲁⲧ"/>
		<feat xlink:href="#sSpan144" value="ϥ"/>
		<feat xlink:href="#sSpan146" value="ϩⲓ"/>
		<feat xlink:href="#sSpan150" value="ⲡⲉ"/>
		<feat xlink:href="#sSpan153" value="ⲕⲣⲟ"/>
		<feat xlink:href="#sSpan155" value="ⲛ"/>
		<feat xlink:href="#sSpan159" value="ⲧⲉ"/>
		<feat xlink:href="#sSpan163" value="ⲑⲁⲗⲁⲥⲥⲁ"/>
		<feat xlink:href="#sSpan165" value="ⲁ"/>
		<feat xlink:href="#sSpan174" value="ϥ"/>
		<feat xlink:href="#sSpan177" value="ϯⲥⲃⲱ"/>
		<feat xlink:href="#sSpan181" value="ⲇⲉ"/>
		<feat xlink:href="#sSpan185" value="ⲛⲁ"/>
		<feat xlink:href="#sSpan189" value="ⲩ"/>
		<feat xlink:href="#sSpan191" value="ⲉⲙⲁⲧⲉ"/>
		<feat xlink:href="#sSpan195" value="ϩⲛ"/>
		<feat xlink:href="#sSpan199" value="ϩⲉⲛ"/>
		<feat xlink:href="#sSpan203" value="ⲡⲁⲣⲁⲃⲟⲗⲏ"/>
		<feat xlink:href="#sSpan205" value="ⲁⲩⲱ"/>
		<feat xlink:href="#sSpan209" value="ⲛⲉ"/>
		<feat xlink:href="#sSpan213" value="ϥ"/>
		<feat xlink:href="#sSpan215" value="ϫⲱ"/>
		<feat xlink:href="#sSpan217" value="ⲙⲙⲟ"/>
		<feat xlink:href="#sSpan221" value="ⲥ"/>
		<feat xlink:href="#sSpan223" value="ⲛⲁ"/>
		<feat xlink:href="#sSpan227" value="ⲩ"/>
		<feat xlink:href="#sSpan229" value="ϩⲛ"/>
		<feat xlink:href="#sSpan233" value="ⲧⲉϥ"/>
		<feat xlink:href="#sSpan236" value="ⲥⲃⲱ"/>
		<feat xlink:href="#sSpan238" value="ϫⲉ"/>
		<feat xlink:href="#sSpan248" value="ⲥⲱⲧⲙ"/>
		<feat xlink:href="#sSpan250" value="ⲉⲓⲥ"/>
		<feat xlink:href="#sSpan255" value="ϩⲏⲏⲧⲉ"/>
		<feat xlink:href="#sSpan259" value="ⲁ"/>
		<feat xlink:href="#sSpan263" value="ϥ"/>
		<feat xlink:href="#sSpan265" value="ⲉⲓ"/>
		<feat xlink:href="#sSpan268" value="ⲉⲃⲟⲗ"/>
		<feat xlink:href="#sSpan272" value="ⲛϭⲓ"/>
		<feat xlink:href="#sSpan276" value="ⲡ"/>
		<feat xlink:href="#sSpan279" value="ⲉⲧ"/>
		<feat xlink:href="#sSpan281" value="ϫⲟ"/>
		<feat xlink:href="#sSpan283" value="ⲉ"/>
		<feat xlink:href="#sSpan287" value="ⲧ"/>
		<feat xlink:href="#sSpan290" value="ϫⲟ"/>
		<feat xlink:href="#sSpan292" value="."/>
		<feat xlink:href="#sSpan296" value="ⲁⲩⲱ"/>
		<feat xlink:href="#sSpan305" value="ⲛⲧⲉⲣⲉ"/>
		<feat xlink:href="#sSpan309" value="ϥ"/>
		<feat xlink:href="#sSpan311" value="ϫⲟ"/>
		<feat xlink:href="#sSpan313" value="ⲟⲩⲁ"/>
		<feat xlink:href="#sSpan319" value="ⲙⲉⲛ"/>
		<feat xlink:href="#sSpan323" value="ⲁ"/>
		<feat xlink:href="#sSpan327" value="ϥ"/>
		<feat xlink:href="#sSpan329" value="ϩⲉ"/>
		<feat xlink:href="#sSpan331" value="ϩⲁⲧⲉ"/>
		<feat xlink:href="#sSpan335" value="ⲧⲉ"/>
		<feat xlink:href="#sSpan338" value="ϩⲓⲏ"/>
		<feat xlink:href="#sSpan340" value="ⲁⲩⲱ"/>
		<feat xlink:href="#sSpan344" value="ⲁ"/>
		<feat xlink:href="#sSpan348" value="ⲩ"/>
		<feat xlink:href="#sSpan350" value="ⲉⲓ"/>
		<feat xlink:href="#sSpan352" value="ⲛϭⲓ"/>
		<feat xlink:href="#sSpan356" value="ⲛ"/>
		<feat xlink:href="#sSpan359" value="ϩⲁⲗⲁⲧⲉ"/>
		<feat xlink:href="#sSpan361" value="ⲁ"/>
		<feat xlink:href="#sSpan365" value="ⲩ"/>
		<feat xlink:href="#sSpan367" value="ⲟⲙ"/>
		<feat xlink:href="#sSpan369" value="ⲟⲩ"/>
		<feat xlink:href="#sSpan371" value="ⲕⲉ"/>
		<feat xlink:href="#sSpan382" value="ⲩⲁ"/>
		<feat xlink:href="#sSpan385" value="ⲇⲉ"/>
		<feat xlink:href="#sSpan389" value="ⲁ"/>
		<feat xlink:href="#sSpan393" value="ϥ"/>
		<feat xlink:href="#sSpan395" value="ϩⲉ"/>
		<feat xlink:href="#sSpan398" value="ⲉϩⲣⲁⲓ"/>
		<feat xlink:href="#sSpan402" value="ⲉϫⲛ"/>
		<feat xlink:href="#sSpan407" value="ⲧ"/>
		<feat xlink:href="#sSpan410" value="ⲡⲉⲧⲣⲁ"/>
		<feat xlink:href="#sSpan412" value="ⲡ"/>
		<feat xlink:href="#sSpan416" value="ⲙⲁ"/>
		<feat xlink:href="#sSpan418" value="ⲉⲧⲉ"/>
		<feat xlink:href="#sSpan422" value="ⲙⲙⲛ"/>
		<feat xlink:href="#sSpan424" value="ϩⲁϩ"/>
		<feat xlink:href="#sSpan427" value="ⲛ"/>
		<feat xlink:href="#sSpan431" value="ⲕⲁϩ"/>
		<feat xlink:href="#sSpan433" value="ⲛϩⲏⲧ"/>
		<feat xlink:href="#sSpan437" value="ϥ"/>
		<feat xlink:href="#sSpan439" value="ⲁⲩⲱ"/>
		<feat xlink:href="#sSpan443" value="ⲛ"/>
		<feat xlink:href="#sSpan447" value="ⲧⲉ"/>
		<feat xlink:href="#sSpan449" value="ⲩⲛⲟⲩ"/>
		<feat xlink:href="#sSpan451" value="ⲁ"/>
		<feat xlink:href="#sSpan455" value="ⲩ"/>
		<feat xlink:href="#sSpan458" value="ϯⲟⲩⲱ"/>
		<feat xlink:href="#sSpan461" value="ⲉϩⲣⲁⲓ"/>
		<feat xlink:href="#sSpan465" value="ⲉⲧⲃⲉ"/>
		<feat xlink:href="#sSpan470" value="ϫⲉ"/>
		<feat xlink:href="#sSpan474" value="ⲙⲛ"/>
		<feat xlink:href="#sSpan476" value="ϩⲁϩ"/>
		<feat xlink:href="#sSpan479" value="ⲛ"/>
		<feat xlink:href="#sSpan483" value="ⲕⲁϩ"/>
		<feat xlink:href="#sSpan485" value="ϩⲁⲣⲟ"/>
		<feat xlink:href="#sSpan489" value="ⲟⲩ"/>
		<feat xlink:href="#sSpan491" value="ⲁⲩⲱ"/>
		<feat xlink:href="#sSpan501" value="ⲛⲧⲉⲣⲉ"/>
		<feat xlink:href="#sSpan505" value="ⲡ"/>
		<feat xlink:href="#sSpan508" value="ⲣⲏ"/>
		<feat xlink:href="#sSpan510" value="ϣⲁ"/>
		<feat xlink:href="#sSpan514" value="ⲁ"/>
		<feat xlink:href="#sSpan518" value="ⲩ"/>
		<feat xlink:href="#sSpan520" value="ϩⲱϭⲃ"/>
		<feat xlink:href="#sSpan522" value="ⲁⲩⲱ"/>
		<feat xlink:href="#sSpan526" value="ⲉⲧⲃⲉ"/>
		<feat xlink:href="#sSpan531" value="ϫⲉ"/>
		<feat xlink:href="#sSpan535" value="ⲙⲡ"/>
		<feat xlink:href="#sSpan537" value="ⲟⲩ"/>
		<feat xlink:href="#sSpan540" value="ϫⲉⲛⲟⲩⲛⲉ"/>
		<feat xlink:href="#sSpan543" value="ⲉⲃⲟⲗ"/>
		<feat xlink:href="#sSpan547" value="ⲁ"/>
		<feat xlink:href="#sSpan551" value="ⲩ"/>
		<feat xlink:href="#sSpan553" value="ϣⲟⲟⲩⲉ"/>
		<feat xlink:href="#sSpan555" value="ⲕⲉ"/>
		<feat xlink:href="#sSpan565" value="ⲩⲁ"/>
		<feat xlink:href="#sSpan567" value="ⲁ"/>
		<feat xlink:href="#sSpan571" value="ϥ"/>
		<feat xlink:href="#sSpan573" value="ϩⲉ"/>
		<feat xlink:href="#sSpan576" value="ⲉϩⲣⲁⲓ"/>
		<feat xlink:href="#sSpan580" value="ⲉϫⲛ"/>
		<feat xlink:href="#sSpan584" value="ⲛ"/>
		<feat xlink:href="#sSpan587" value="ϣⲟⲛⲧⲉ"/>
		<feat xlink:href="#sSpan589" value="ⲁⲩⲱ"/>
		<feat xlink:href="#sSpan593" value="ⲁ"/>
		<feat xlink:href="#sSpan597" value="ⲩ"/>
		<feat xlink:href="#sSpan599" value="ⲉⲓ"/>
		<feat xlink:href="#sSpan602" value="ⲉϩⲣⲁⲓ"/>
		<feat xlink:href="#sSpan606" value="ⲛϭⲓ"/>
		<feat xlink:href="#sSpan610" value="ⲛ"/>
		<feat xlink:href="#sSpan613" value="ϣⲟⲛⲧⲉ"/>
		<feat xlink:href="#sSpan615" value="ⲁ"/>
		<feat xlink:href="#sSpan619" value="ⲩ"/>
		<feat xlink:href="#sSpan621" value="ⲟϭⲧ"/>
		<feat xlink:href="#sSpan623" value="ⲟⲩ"/>
		<feat xlink:href="#sSpan625" value="ⲁⲩⲱ"/>
		<feat xlink:href="#sSpan629" value="ⲙⲡ"/>
		<feat xlink:href="#sSpan633" value="ⲟⲩ"/>
		<feat xlink:href="#sSpan636" value="ϯⲕⲁⲣⲡⲟⲥ"/>
		<feat xlink:href="#sSpan640" value="ϩⲉⲛ"/>
		<feat xlink:href="#sSpan651" value="ⲕⲟⲟⲩⲉ"/>
		<feat xlink:href="#sSpan653" value="ⲁ"/>
		<feat xlink:href="#sSpan657" value="ⲩ"/>
		<feat xlink:href="#sSpan659" value="ϩⲉ"/>
		<feat xlink:href="#sSpan661" value="ⲉϫⲙ"/>
		<feat xlink:href="#sSpan665" value="ⲡ"/>
		<feat xlink:href="#sSpan668" value="ⲕⲁϩ"/>
		<feat xlink:href="#sSpan670" value="ⲉⲧ"/>
		<feat xlink:href="#sSpan674" value="ⲛⲁⲛⲟⲩ"/>
		<feat xlink:href="#sSpan676" value="ϥ"/>
		<feat xlink:href="#sSpan678" value="ⲁⲩⲱ"/>
		<feat xlink:href="#sSpan682" value="ⲁ"/>
		<feat xlink:href="#sSpan686" value="ⲩ"/>
		<feat xlink:href="#sSpan688" value="ⲉⲓ"/>
		<feat xlink:href="#sSpan691" value="ⲉϩⲣⲁⲓ"/>
		<feat xlink:href="#sSpan695" value="ⲁ"/>
		<feat xlink:href="#sSpan699" value="ⲩ"/>
		<feat xlink:href="#sSpan702" value="ⲁⲩⲝⲁⲛⲉ"/>
		<feat xlink:href="#sSpan704" value="ⲁ"/>
		<feat xlink:href="#sSpan708" value="ⲩ"/>
		<feat xlink:href="#sSpan711" value="ϯⲕⲁⲣⲡⲟⲥ"/>
		<feat xlink:href="#sSpan715" value="ⲉ"/>
		<feat xlink:href="#sSpan719" value="ⲙⲁⲁⲃ"/>
		<feat xlink:href="#sSpan722" value="ⲁⲩⲱ"/>
		<feat xlink:href="#sSpan726" value="ⲉ"/>
		<feat xlink:href="#sSpan730" value="ⲥⲉ"/>
		<feat xlink:href="#sSpan733" value="ⲁⲩⲱ"/>
		<feat xlink:href="#sSpan737" value="ⲉ"/>
		<feat xlink:href="#sSpan741" value="ϣⲉ"/>
		<feat xlink:href="#sSpan744" value="."/>
		<feat xlink:href="#sSpan748" value="ⲛⲉ"/>
		<feat xlink:href="#sSpan758" value="ϥ"/>
		<feat xlink:href="#sSpan760" value="ϫⲱ"/>
		<feat xlink:href="#sSpan763" value="ⲇⲉ"/>
		<feat xlink:href="#sSpan767" value="ⲙⲙⲟ"/>
		<feat xlink:href="#sSpan771" value="ⲥ"/>
		<feat xlink:href="#sSpan773" value="ⲛⲁ"/>
		<feat xlink:href="#sSpan777" value="ⲩ"/>
		<feat xlink:href="#sSpan779" value="ϫⲉ"/>
		<feat xlink:href="#sSpan783" value="ⲡ"/>
		<feat xlink:href="#sSpan786" value="ⲉⲧⲉ"/>
		<feat xlink:href="#sSpan788" value="ⲩⲛⲧ"/>
		<feat xlink:href="#sSpan790" value="ϥ"/>
		<feat xlink:href="#sSpan792" value="ⲙⲁⲁϫⲉ"/>
		<feat xlink:href="#sSpan795" value="ⲙⲙⲁⲩ"/>
		<feat xlink:href="#sSpan799" value="ⲉ"/>
		<feat xlink:href="#sSpan803" value="ⲥⲱⲧⲙ"/>
		<feat xlink:href="#sSpan805" value="ⲙⲁⲣⲉ"/>
		<feat xlink:href="#sSpan809" value="ϥ"/>
		<feat xlink:href="#sSpan811" value="ⲥⲱⲧⲙ"/>
		<feat xlink:href="#sSpan813" value="."/>
		<feat xlink:href="#sSpan817" value="ⲛⲧⲉⲣⲉ"/>
		<feat xlink:href="#sSpan827" value="ϥ"/>
		<feat xlink:href="#sSpan829" value="ⲕⲁ"/>
		<feat xlink:href="#sSpan831" value="ⲡ"/>
		<feat xlink:href="#sSpan836" value="ⲙⲏⲏϣⲉ"/>
		<feat xlink:href="#sSpan839" value="ⲇⲉ"/>
		<feat xlink:href="#sSpan843" value="ⲁ"/>
		<feat xlink:href="#sSpan847" value="ⲩ"/>
		<feat xlink:href="#sSpan849" value="ϫⲛⲟⲩ"/>
		<feat xlink:href="#sSpan851" value="ϥ"/>
		<feat xlink:href="#sSpan853" value="ⲛϭⲓ"/>
		<feat xlink:href="#sSpan857" value="ⲛ"/>
		<feat xlink:href="#sSpan860" value="ⲉⲧ"/>
		<feat xlink:href="#sSpan862" value="ⲛⲙⲙⲁ"/>
		<feat xlink:href="#sSpan864" value="ϥ"/>
		<feat xlink:href="#sSpan866" value="ⲛⲙ"/>
		<feat xlink:href="#sSpan870" value="ⲡ"/>
		<feat xlink:href="#sSpan874" value="ⲙⲛⲧⲥⲛⲟⲟⲩⲥ"/>
		<feat xlink:href="#sSpan877" value="ⲉ"/>
		<feat xlink:href="#sSpan881" value="ⲛ"/>
		<feat xlink:href="#sSpan885" value="ⲡⲁⲣⲁⲃⲟⲗⲏ"/>
		<feat xlink:href="#sSpan887" value="ⲡⲉϫⲁ"/>
		<feat xlink:href="#sSpan897" value="ϥ"/>
		<feat xlink:href="#sSpan899" value="ⲛⲁ"/>
		<feat xlink:href="#sSpan903" value="ⲩ"/>
		<feat xlink:href="#sSpan905" value="."/>
		<feat xlink:href="#sSpan909" value="ϫⲉ"/>
		<feat xlink:href="#sSpan913" value="ⲛⲧⲱⲧⲛ"/>
		<feat xlink:href="#sSpan915" value="ⲛⲧ"/>
		<feat xlink:href="#sSpan919" value="ⲁ"/>
		<feat xlink:href="#sSpan921" value="ⲩ"/>
		<feat xlink:href="#sSpan923" value="ϯ"/>
		<feat xlink:href="#sSpan925" value="ⲛⲏ"/>
		<feat xlink:href="#sSpan929" value="ⲧⲛ"/>
		<feat xlink:href="#sSpan931" value="ⲙ"/>
		<feat xlink:href="#sSpan935" value="ⲡ"/>
		<feat xlink:href="#sSpan939" value="ⲙⲩⲥⲧⲏⲣⲓⲟⲛ"/>
		<feat xlink:href="#sSpan941" value="ⲛ"/>
		<feat xlink:href="#sSpan945" value="ⲧ"/>
		<feat xlink:href="#sSpan949" value="ⲙⲛⲧⲣⲣⲟ"/>
		<feat xlink:href="#sSpan952" value="ⲙ"/>
		<feat xlink:href="#sSpan956" value="ⲡ"/>
		<feat xlink:href="#sSpan959" value="ⲛⲟⲩⲧⲉ"/>
		<feat xlink:href="#sSpan961" value="ⲛⲏ"/>
		<feat xlink:href="#sSpan967" value="ⲇⲉ"/>
		<feat xlink:href="#sSpan971" value="ⲉⲧ"/>
		<feat xlink:href="#sSpan975" value="ϩⲓⲃⲟⲗ"/>
		<feat xlink:href="#sSpan978" value="ⲉ"/>
		<feat xlink:href="#sSpan982" value="ⲩ"/>
		<feat xlink:href="#sSpan984" value="ⲛⲁ"/>
		<feat xlink:href="#sSpan986" value="ϫⲓ"/>
		<feat xlink:href="#sSpan988" value="ϩⲱⲃ"/>
		<feat xlink:href="#sSpan992" value="ⲛⲓⲙ"/>
		<feat xlink:href="#sSpan996" value="ⲉⲣⲟ"/>
		<feat xlink:href="#sSpan1000" value="ⲟⲩ"/>
		<feat xlink:href="#sSpan1002" value="ϩⲛ"/>
		<feat xlink:href="#sSpan1006" value="ϩⲉⲛ"/>
		<feat xlink:href="#sSpan1010" value="ⲡⲁⲣⲁⲃⲟⲗⲏ"/>
		<feat xlink:href="#sSpan1012" value="ϫⲉⲕⲁⲁⲥ"/>
		<feat xlink:href="#sSpan1022" value="ⲉ"/>
		<feat xlink:href="#sSpan1026" value="ⲩ"/>
		<feat xlink:href="#sSpan1028" value="ⲛⲁⲩ"/>
		<feat xlink:href="#sSpan1030" value="ⲉⲩⲉ"/>
		<feat xlink:href="#sSpan1034" value="ⲛⲁⲩ"/>
		<feat xlink:href="#sSpan1036" value="ⲁⲩⲱ"/>
		<feat xlink:href="#sSpan1040" value="ⲛ"/>
		<feat xlink:href="#sSpan1044" value="ⲥⲉ"/>
		<feat xlink:href="#sSpan1046" value="ⲧⲙ"/>
		<feat xlink:href="#sSpan1048" value="ⲛⲁⲩ"/>
		<feat xlink:href="#sSpan1050" value="ⲁⲩⲱ"/>
		<feat xlink:href="#sSpan1054" value="ⲉ"/>
		<feat xlink:href="#sSpan1058" value="ⲩ"/>
		<feat xlink:href="#sSpan1060" value="ⲥⲱⲧⲙ"/>
		<feat xlink:href="#sSpan1062" value="ⲉⲩⲉ"/>
		<feat xlink:href="#sSpan1066" value="ⲥⲱⲧⲙ"/>
		<feat xlink:href="#sSpan1069" value="ⲛ"/>
		<feat xlink:href="#sSpan1073" value="ⲥⲉ"/>
		<feat xlink:href="#sSpan1075" value="ⲧⲙ"/>
		<feat xlink:href="#sSpan1077" value="ⲛⲟⲉⲓ"/>
		<feat xlink:href="#sSpan1079" value="."/>
		<feat xlink:href="#sSpan1084" value="ⲙⲏⲡⲱⲥ"/>
		<feat xlink:href="#sSpan1088" value="ⲛ"/>
		<feat xlink:href="#sSpan1092" value="ⲥⲉ"/>
		<feat xlink:href="#sSpan1094" value="ⲕⲟⲧ"/>
		<feat xlink:href="#sSpan1096" value="ⲟⲩ"/>
		<feat xlink:href="#sSpan1098" value="ⲛ"/>
		<feat xlink:href="#sSpan1102" value="ⲥⲉ"/>
		<feat xlink:href="#sSpan1104" value="ⲕⲱ"/>
		<feat xlink:href="#sSpan1106" value="ⲛⲁ"/>
		<feat xlink:href="#sSpan1110" value="ⲩ"/>
		<feat xlink:href="#sSpan1112" value="ⲉⲃⲟⲗ"/>
		<feat xlink:href="#sSpan1116" value="."/>
		<feat xlink:href="#sSpan1120" value="ⲁⲩⲱ"/>
		<feat xlink:href="#sSpan1129" value="ⲡⲉϫⲁ"/>
		<feat xlink:href="#sSpan1133" value="ϥ"/>
		<feat xlink:href="#sSpan1135" value="ⲛⲁ"/>
		<feat xlink:href="#sSpan1139" value="ⲩ"/>
		<feat xlink:href="#sSpan1141" value="ϫⲉ"/>
		<feat xlink:href="#sSpan1145" value="ⲛ"/>
		<feat xlink:href="#sSpan1147" value="ⲧⲉⲧⲛ"/>
		<feat xlink:href="#sSpan1149" value="ⲥⲟⲟⲩⲛ"/>
		<feat xlink:href="#sSpan1151" value="ⲁⲛ"/>
		<feat xlink:href="#sSpan1155" value="ⲛ"/>
		<feat xlink:href="#sSpan1159" value="ⲧⲉⲓ"/>
		<feat xlink:href="#sSpan1163" value="ⲡⲁⲣⲁⲃⲟⲗⲏ"/>
		<feat xlink:href="#sSpan1165" value="."/>
		<feat xlink:href="#sSpan1169" value="ⲁⲩⲱ"/>
		<feat xlink:href="#sSpan1174" value="ⲡⲱⲥ"/>
		<feat xlink:href="#sSpan1178" value="ⲛ"/>
		<feat xlink:href="#sSpan1182" value="ⲕⲉ"/>
		<feat xlink:href="#sSpan1186" value="ⲡⲁⲣⲁⲃⲟⲗⲏ"/>
		<feat xlink:href="#sSpan1188" value="ⲧⲏⲣ"/>
		<feat xlink:href="#sSpan1192" value="ⲟⲩ"/>
		<feat xlink:href="#sSpan1194" value="ⲧⲉⲧ"/>
		<feat xlink:href="#sSpan1198" value="ⲛⲁ"/>
		<feat xlink:href="#sSpan1200" value="ⲥⲟⲩⲱⲛ"/>
		<feat xlink:href="#sSpan1202" value="ⲟⲩ"/>
		<feat xlink:href="#sSpan1204" value="ⲡ"/>
		<feat xlink:href="#sSpan1214" value="ⲉⲧ"/>
		<feat xlink:href="#sSpan1216" value="ϫⲟ"/>
		<feat xlink:href="#sSpan1218" value="ⲉ"/>
		<feat xlink:href="#sSpan1222" value="ϥ"/>
		<feat xlink:href="#sSpan1224" value="ϫⲟ"/>
		<feat xlink:href="#sSpan1226" value="ⲙ"/>
		<feat xlink:href="#sSpan1230" value="ⲡ"/>
		<feat xlink:href="#sSpan1233" value="ϣⲁϫⲉ"/>
		<feat xlink:href="#sSpan1235" value="."/>
		<feat xlink:href="#sSpan1239" value="ⲛⲁⲓ"/>
		<feat xlink:href="#sSpan1251" value="ⲇⲉ"/>
		<feat xlink:href="#sSpan1255" value="ⲛⲉ"/>
		<feat xlink:href="#sSpan1259" value="ⲉⲧ"/>
		<feat xlink:href="#sSpan1263" value="ϩⲁⲧⲉ"/>
		<feat xlink:href="#sSpan1265" value="ⲧⲉ"/>
		<feat xlink:href="#sSpan1268" value="ϩⲓⲏ"/>
		<feat xlink:href="#sSpan1270" value="ⲙ"/>
		<feat xlink:href="#sSpan1274" value="ⲡ"/>
		<feat xlink:href="#sSpan1277" value="ⲙⲁ"/>
		<feat xlink:href="#sSpan1279" value="ⲉ"/>
		<feat xlink:href="#sSpan1283" value="ϣⲁ"/>
		<feat xlink:href="#sSpan1285" value="ⲩ"/>
		<feat xlink:href="#sSpan1287" value="ϫⲉ"/>
		<feat xlink:href="#sSpan1289" value="ⲡ"/>
		<feat xlink:href="#sSpan1292" value="ϣⲁϫⲉ"/>
		<feat xlink:href="#sSpan1294" value="ⲛϩⲏⲧ"/>
		<feat xlink:href="#sSpan1298" value="ϥ"/>
		<feat xlink:href="#sSpan1300" value="."/>
		<feat xlink:href="#sSpan1304" value="ⲁⲩⲱ"/>
		<feat xlink:href="#sSpan1308" value="ⲉ"/>
		<feat xlink:href="#sSpan1312" value="ϣⲁ"/>
		<feat xlink:href="#sSpan1314" value="ⲩ"/>
		<feat xlink:href="#sSpan1316" value="ⲥⲱⲧⲙ"/>
		<feat xlink:href="#sSpan1319" value="ⲛ"/>
		<feat xlink:href="#sSpan1323" value="ⲧⲉ"/>
		<feat xlink:href="#sSpan1325" value="ⲩⲛⲟⲩ"/>
		<feat xlink:href="#sSpan1327" value="ϣⲁ"/>
		<feat xlink:href="#sSpan1331" value="ϥ"/>
		<feat xlink:href="#sSpan1333" value="ⲉⲓ"/>
		<feat xlink:href="#sSpan1335" value="ⲛϭⲓ"/>
		<feat xlink:href="#sSpan1339" value="ⲡ"/>
		<feat xlink:href="#sSpan1343" value="ⲥⲁⲧⲁⲛⲁⲥ"/>
		<feat xlink:href="#sSpan1345" value="ⲛ"/>
		<feat xlink:href="#sSpan1349" value="ϥ"/>
		<feat xlink:href="#sSpan1351" value="ϥⲓ"/>
		<feat xlink:href="#sSpan1353" value="ⲡ"/>
		<feat xlink:href="#sSpan1356" value="ϣⲁϫⲉ"/>
		<feat xlink:href="#sSpan1358" value="ⲉⲛⲧ"/>
		<feat xlink:href="#sSpan1362" value="ⲁ"/>
		<feat xlink:href="#sSpan1364" value="ⲩ"/>
		<feat xlink:href="#sSpan1366" value="ϫⲟ"/>
		<feat xlink:href="#sSpan1368" value="ϥ"/>
		<feat xlink:href="#sSpan1370" value="ⲛϩⲏⲧ"/>
		<feat xlink:href="#sSpan1374" value="ⲟⲩ"/>
		<feat xlink:href="#sSpan1376" value="ⲁⲩⲱ"/>
		<feat xlink:href="#sSpan1386" value="ⲛⲁⲓ"/>
		<feat xlink:href="#sSpan1391" value="ϩⲱ"/>
		<feat xlink:href="#sSpan1395" value="ⲟⲩ"/>
		<feat xlink:href="#sSpan1397" value="ⲛ"/>
		<feat xlink:href="#sSpan1401" value="ⲉⲛⲧ"/>
		<feat xlink:href="#sSpan1403" value="ⲁ"/>
		<feat xlink:href="#sSpan1405" value="ⲩ"/>
		<feat xlink:href="#sSpan1407" value="ϫⲟ"/>
		<feat xlink:href="#sSpan1409" value="ⲟⲩ"/>
		<feat xlink:href="#sSpan1411" value="ϩⲓϫⲛ"/>
		<feat xlink:href="#sSpan1415" value="ⲙ"/>
		<feat xlink:href="#sSpan1418" value="ⲙⲁ"/>
		<feat xlink:href="#sSpan1420" value="ⲙ"/>
		<feat xlink:href="#sSpan1425" value="ⲡⲉⲧⲣⲁ"/>
		<feat xlink:href="#sSpan1428" value="ⲉ"/>
		<feat xlink:href="#sSpan1432" value="ϣⲁ"/>
		<feat xlink:href="#sSpan1434" value="ⲩ"/>
		<feat xlink:href="#sSpan1436" value="ⲥⲱⲧⲙ"/>
		<feat xlink:href="#sSpan1438" value="ⲉ"/>
		<feat xlink:href="#sSpan1442" value="ⲡ"/>
		<feat xlink:href="#sSpan1445" value="ϣⲁϫⲉ"/>
		<feat xlink:href="#sSpan1447" value="ⲛ"/>
		<feat xlink:href="#sSpan1451" value="ⲧⲉ"/>
		<feat xlink:href="#sSpan1453" value="ⲩⲛⲟⲩ"/>
		<feat xlink:href="#sSpan1455" value="ϣⲁ"/>
		<feat xlink:href="#sSpan1459" value="ⲩ"/>
		<feat xlink:href="#sSpan1461" value="ϫⲓⲧ"/>
		<feat xlink:href="#sSpan1463" value="ϥ"/>
		<feat xlink:href="#sSpan1465" value="ϩⲛ"/>
		<feat xlink:href="#sSpan1469" value="ⲟⲩ"/>
		<feat xlink:href="#sSpan1472" value="ⲣⲁϣⲉ"/>
		<feat xlink:href="#sSpan1474" value="ⲙⲙⲛ"/>
		<feat xlink:href="#sSpan1484" value="ⲛⲟⲩⲛⲉ"/>
		<feat xlink:href="#sSpan1488" value="ⲇⲉ"/>
		<feat xlink:href="#sSpan1492" value="ϩⲣⲁⲓ"/>
		<feat xlink:href="#sSpan1496" value="ⲛϩⲏⲧ"/>
		<feat xlink:href="#sSpan1500" value="ⲟⲩ"/>
		<feat xlink:href="#sSpan1503" value="ⲁⲗⲗⲁ"/>
		<feat xlink:href="#sSpan1507" value="ϩⲉⲛ"/>
		<feat xlink:href="#sSpan1514" value="ⲡⲣⲟⲥⲟⲩⲟⲉⲓϣ"/>
		<feat xlink:href="#sSpan1517" value="ⲛⲉ"/>
		<feat xlink:href="#sSpan1521" value="ⲉⲣϣⲁⲛ"/>
		<feat xlink:href="#sSpan1525" value="ⲟⲩ"/>
		<feat xlink:href="#sSpan1529" value="ⲑⲗⲓⲯⲓⲥ"/>
		<feat xlink:href="#sSpan1532" value="ⲇⲉ"/>
		<feat xlink:href="#sSpan1536" value="ϣⲱⲡⲉ"/>
		<feat xlink:href="#sSpan1541" value="ⲏ"/>
		<feat xlink:href="#sSpan1545" value="ⲟⲩ"/>
		<feat xlink:href="#sSpan1551" value="ⲇⲓⲱⲅⲙⲟⲥ"/>
		<feat xlink:href="#sSpan1553" value="ⲉⲧⲃⲉ"/>
		<feat xlink:href="#sSpan1557" value="ⲡ"/>
		<feat xlink:href="#sSpan1562" value="ϣⲁϫⲉ"/>
		<feat xlink:href="#sSpan1564" value="ⲛ"/>
		<feat xlink:href="#sSpan1568" value="ⲧⲉ"/>
		<feat xlink:href="#sSpan1570" value="ⲩⲛⲟⲩ"/>
		<feat xlink:href="#sSpan1572" value="ϣⲁ"/>
		<feat xlink:href="#sSpan1576" value="ⲩ"/>
		<feat xlink:href="#sSpan1579" value="ⲥⲕⲁⲛⲇⲁⲗⲓⲍⲉ"/>
		<feat xlink:href="#sSpan1581" value="."/>
		<feat xlink:href="#sSpan1585" value="ⲁⲩⲱ"/>
		<feat xlink:href="#sSpan1595" value="ϩⲉⲛ"/>
		<feat xlink:href="#sSpan1600" value="ⲕⲟⲟⲩⲉ"/>
		<feat xlink:href="#sSpan1602" value="ⲛ"/>
		<feat xlink:href="#sSpan1606" value="ⲉⲛⲧ"/>
		<feat xlink:href="#sSpan1608" value="ⲁ"/>
		<feat xlink:href="#sSpan1610" value="ⲩ"/>
		<feat xlink:href="#sSpan1612" value="ϫⲟ"/>
		<feat xlink:href="#sSpan1614" value="ⲟⲩ"/>
		<feat xlink:href="#sSpan1616" value="ⲉϩⲣⲁⲓ"/>
		<feat xlink:href="#sSpan1620" value="ⲉ"/>
		<feat xlink:href="#sSpan1624" value="ⲛ"/>
		<feat xlink:href="#sSpan1627" value="ϣⲟⲛⲧⲉ"/>
		<feat xlink:href="#sSpan1629" value="ⲉⲧⲉ"/>
		<feat xlink:href="#sSpan1633" value="ⲛⲁⲓ"/>
		<feat xlink:href="#sSpan1636" value="ⲛⲉ"/>
		<feat xlink:href="#sSpan1640" value="ⲛⲧ"/>
		<feat xlink:href="#sSpan1644" value="ⲁ"/>
		<feat xlink:href="#sSpan1646" value="ⲩ"/>
		<feat xlink:href="#sSpan1648" value="ⲥⲱⲧⲙ"/>
		<feat xlink:href="#sSpan1650" value="ⲉ"/>
		<feat xlink:href="#sSpan1654" value="ⲡ"/>
		<feat xlink:href="#sSpan1657" value="ϣⲁϫⲉ"/>
		<feat xlink:href="#sSpan1659" value="ⲁⲩⲱ"/>
		<feat xlink:href="#sSpan1669" value="ⲡ"/>
		<feat xlink:href="#sSpan1674" value="ⲣⲟⲟⲩϣ"/>
		<feat xlink:href="#sSpan1676" value="ⲙ"/>
		<feat xlink:href="#sSpan1680" value="ⲡ"/>
		<feat xlink:href="#sSpan1684" value="ⲁⲓⲱⲛ"/>
		<feat xlink:href="#sSpan1686" value="ⲛⲙ"/>
		<feat xlink:href="#sSpan1690" value="ⲧ"/>
		<feat xlink:href="#sSpan1694" value="ⲁⲡⲁⲧⲏ"/>
		<feat xlink:href="#sSpan1696" value="ⲛ"/>
		<feat xlink:href="#sSpan1700" value="ⲧ"/>
		<feat xlink:href="#sSpan1704" value="ⲙⲛⲧⲣⲙⲙⲁⲟ"/>
		<feat xlink:href="#sSpan1708" value="ⲁⲩⲱ"/>
		<feat xlink:href="#sSpan1712" value="ⲛ"/>
		<feat xlink:href="#sSpan1717" value="ⲕⲉ"/>
		<feat xlink:href="#sSpan1720" value="ⲉⲡⲓⲑⲩⲙⲓⲁ"/>
		<feat xlink:href="#sSpan1722" value="ⲉⲧ"/>
		<feat xlink:href="#sSpan1726" value="ⲃⲏⲕ"/>
		<feat xlink:href="#sSpan1728" value="ⲉϩⲟⲩⲛ"/>
		<feat xlink:href="#sSpan1732" value="ⲉⲣⲟ"/>
		<feat xlink:href="#sSpan1736" value="ⲟⲩ"/>
		<feat xlink:href="#sSpan1738" value="ⲥⲉ"/>
		<feat xlink:href="#sSpan1742" value="ⲱϭⲧ"/>
		<feat xlink:href="#sSpan1744" value="ⲙ"/>
		<feat xlink:href="#sSpan1748" value="ⲡ"/>
		<feat xlink:href="#sSpan1751" value="ϣⲁϫⲉ"/>
		<feat xlink:href="#sSpan1753" value="ⲁⲩⲱ"/>
		<feat xlink:href="#sSpan1757" value="ⲛ"/>
		<feat xlink:href="#sSpan1761" value="ϥ"/>
		<feat xlink:href="#sSpan1764" value="ϯⲕⲁⲣⲡⲟⲥ"/>
		<feat xlink:href="#sSpan1768" value="ⲁⲛ"/>
		<feat xlink:href="#sSpan1772" value="ⲉⲃⲟⲗ"/>
		<feat xlink:href="#sSpan1776" value="ⲁⲩⲱ"/>
		<feat xlink:href="#sSpan1786" value="ⲛⲏ"/>
		<feat xlink:href="#sSpan1791" value="ⲛⲉ"/>
		<feat xlink:href="#sSpan1795" value="ⲛⲧ"/>
		<feat xlink:href="#sSpan1799" value="ⲁ"/>
		<feat xlink:href="#sSpan1801" value="ⲩ"/>
		<feat xlink:href="#sSpan1803" value="ϫⲟ"/>
		<feat xlink:href="#sSpan1805" value="ⲟⲩ"/>
		<feat xlink:href="#sSpan1807" value="ⲉϫⲙ"/>
		<feat xlink:href="#sSpan1811" value="ⲡ"/>
		<feat xlink:href="#sSpan1814" value="ⲕⲁϩ"/>
		<feat xlink:href="#sSpan1816" value="ⲉⲧ"/>
		<feat xlink:href="#sSpan1820" value="ⲛⲁⲛⲟⲩ"/>
		<feat xlink:href="#sSpan1822" value="ϥ"/>
		<feat xlink:href="#sSpan1824" value="ⲉ"/>
		<feat xlink:href="#sSpan1828" value="ⲩ"/>
		<feat xlink:href="#sSpan1830" value="ⲥⲱⲧⲙ"/>
		<feat xlink:href="#sSpan1832" value="ⲉ"/>
		<feat xlink:href="#sSpan1836" value="ⲡ"/>
		<feat xlink:href="#sSpan1839" value="ϣⲁϫⲉ"/>
		<feat xlink:href="#sSpan1841" value="ⲥⲉ"/>
		<feat xlink:href="#sSpan1845" value="ϣⲱⲡ"/>
		<feat xlink:href="#sSpan1847" value="ⲙⲙⲟ"/>
		<feat xlink:href="#sSpan1851" value="ϥ"/>
		<feat xlink:href="#sSpan1853" value="ⲉⲣⲟ"/>
		<feat xlink:href="#sSpan1857" value="ⲟⲩ"/>
		<feat xlink:href="#sSpan1859" value="ⲁⲩⲱ"/>
		<feat xlink:href="#sSpan1863" value="ⲥⲉ"/>
		<feat xlink:href="#sSpan1868" value="ⲧⲁⲩⲉⲕⲁⲣⲡⲟⲥ"/>
		<feat xlink:href="#sSpan1872" value="ⲉⲃⲟⲗ"/>
		<feat xlink:href="#sSpan1877" value="ϩⲛ"/>
		<feat xlink:href="#sSpan1881" value="ⲙⲁⲁⲃ"/>
		<feat xlink:href="#sSpan1884" value="ⲁⲩⲱ"/>
		<feat xlink:href="#sSpan1888" value="ϩⲛ"/>
		<feat xlink:href="#sSpan1892" value="ⲥⲉ"/>
		<feat xlink:href="#sSpan1895" value="ⲁⲩⲱ"/>
		<feat xlink:href="#sSpan1899" value="ϩⲛ"/>
		<feat xlink:href="#sSpan1903" value="ϣⲉ"/>
		<feat xlink:href="#sSpan1906" value="."/>
		<feat xlink:href="#sSpan1910" value="ⲡⲉϫⲁ"/>
		<feat xlink:href="#sSpan1920" value="ϥ"/>
		<feat xlink:href="#sSpan1923" value="ⲇⲉ"/>
		<feat xlink:href="#sSpan1927" value="ⲛⲁ"/>
		<feat xlink:href="#sSpan1931" value="ⲩ"/>
		<feat xlink:href="#sSpan1933" value="ϫⲉ"/>
		<feat xlink:href="#sSpan1938" value="ⲙⲏ"/>
		<feat xlink:href="#sSpan1940" value="ⲉⲣⲉ"/>
		<feat xlink:href="#sSpan1944" value="ⲡ"/>
		<feat xlink:href="#sSpan1947" value="ϩⲏⲃⲥ"/>
		<feat xlink:href="#sSpan1949" value="ⲛⲁ"/>
		<feat xlink:href="#sSpan1953" value="ⲉⲓ"/>
		<feat xlink:href="#sSpan1955" value="ϫⲉ"/>
		<feat xlink:href="#sSpan1959" value="ⲉⲩⲉ"/>
		<feat xlink:href="#sSpan1961" value="ⲕⲁⲁ"/>
		<feat xlink:href="#sSpan1963" value="ϥ"/>
		<feat xlink:href="#sSpan1965" value="ϩⲁ"/>
		<feat xlink:href="#sSpan1969" value="ⲟⲩ"/>
		<feat xlink:href="#sSpan1972" value="ϣⲓ"/>
		<feat xlink:href="#sSpan1974" value="."/>
		<feat xlink:href="#sSpan1979" value="ⲏ"/>
		<feat xlink:href="#sSpan1983" value="ϩⲁ"/>
		<feat xlink:href="#sSpan1987" value="ⲟⲩ"/>
		<feat xlink:href="#sSpan1990" value="ϭⲗⲟϭ"/>
		<feat xlink:href="#sSpan1993" value="ⲙⲏ"/>
		<feat xlink:href="#sSpan1997" value="ⲛⲉ"/>
		<feat xlink:href="#sSpan2001" value="ⲩ"/>
		<feat xlink:href="#sSpan2003" value="ⲛⲁ"/>
		<feat xlink:href="#sSpan2005" value="ⲕⲁⲁ"/>
		<feat xlink:href="#sSpan2007" value="ϥ"/>
		<feat xlink:href="#sSpan2009" value="ⲁⲛ"/>
		<feat xlink:href="#sSpan2013" value="ϩⲓϫⲛ"/>
		<feat xlink:href="#sSpan2017" value="ⲧ"/>
		<feat xlink:href="#sSpan2021" value="ⲗⲩⲭⲛⲓⲁ"/>
		<feat xlink:href="#sSpan2023" value="."/>
		<feat xlink:href="#sSpan2027" value="ⲙⲙⲛ"/>
		<feat xlink:href="#sSpan2037" value="ⲡ"/>
		<feat xlink:href="#sSpan2040" value="ⲉⲧ"/>
		<feat xlink:href="#sSpan2042" value="ϩⲟⲃⲥ"/>
		<feat xlink:href="#sSpan2045" value="ⲅⲁⲣ"/>
		<feat xlink:href="#sSpan2049" value="ⲉ"/>
		<feat xlink:href="#sSpan2053" value="ⲛ"/>
		<feat xlink:href="#sSpan2055" value="ⲥⲉ"/>
		<feat xlink:href="#sSpan2057" value="ⲛⲁ"/>
		<feat xlink:href="#sSpan2059" value="ϭⲟⲗⲡ"/>
		<feat xlink:href="#sSpan2061" value="ϥ"/>
		<feat xlink:href="#sSpan2063" value="ⲁⲛ"/>
		<feat xlink:href="#sSpan2067" value="ⲉⲃⲟⲗ"/>
		<feat xlink:href="#sSpan2071" value="."/>
		<feat xlink:href="#sSpan2076" value="ⲟⲩⲇⲉ"/>
		<feat xlink:href="#sSpan2080" value="ⲙⲙⲛ"/>
		<feat xlink:href="#sSpan2084" value="ⲡ"/>
		<feat xlink:href="#sSpan2087" value="ⲉⲧ"/>
		<feat xlink:href="#sSpan2089" value="ϩⲏⲡ"/>
		<feat xlink:href="#sSpan2091" value="ⲉ"/>
		<feat xlink:href="#sSpan2095" value="ⲛ"/>
		<feat xlink:href="#sSpan2097" value="ϥ"/>
		<feat xlink:href="#sSpan2099" value="ⲛⲁ"/>
		<feat xlink:href="#sSpan2101" value="ⲟⲩⲱⲛϩ"/>
		<feat xlink:href="#sSpan2103" value="ⲁⲛ"/>
		<feat xlink:href="#sSpan2107" value="ⲉⲃⲟⲗ"/>
		<feat xlink:href="#sSpan2111" value="."/>
		<feat xlink:href="#sSpan2115" value="ⲡ"/>
		<feat xlink:href="#sSpan2125" value="ⲉⲧⲉ"/>
		<feat xlink:href="#sSpan2127" value="ⲩⲛⲧ"/>
		<feat xlink:href="#sSpan2129" value="ϥ"/>
		<feat xlink:href="#sSpan2131" value="ⲙⲁⲁϫⲉ"/>
		<feat xlink:href="#sSpan2134" value="ⲙⲙⲁⲩ"/>
		<feat xlink:href="#sSpan2138" value="ⲉ"/>
		<feat xlink:href="#sSpan2142" value="ⲥⲱⲧⲙ"/>
		<feat xlink:href="#sSpan2144" value="ⲙⲁⲣⲉ"/>
		<feat xlink:href="#sSpan2148" value="ϥ"/>
		<feat xlink:href="#sSpan2150" value="ⲥⲱⲧⲙ"/>
		<feat xlink:href="#sSpan2152" value="ⲁⲩⲱ"/>
		<feat xlink:href="#sSpan2162" value="ⲛⲉ"/>
		<feat xlink:href="#sSpan2166" value="ϥ"/>
		<feat xlink:href="#sSpan2168" value="ϫⲱ"/>
		<feat xlink:href="#sSpan2170" value="ⲙⲙⲟ"/>
		<feat xlink:href="#sSpan2174" value="ⲥ"/>
		<feat xlink:href="#sSpan2176" value="ϫⲉ"/>
		<feat xlink:href="#sSpan2180" value="ϯ"/>
		<feat xlink:href="#sSpan2182" value="ϩⲧⲏ"/>
		<feat xlink:href="#sSpan2184" value="ⲧⲛ"/>
		<feat xlink:href="#sSpan2186" value="ϫⲉ"/>
		<feat xlink:href="#sSpan2190" value="ⲟⲩ"/>
		<feat xlink:href="#sSpan2192" value="ⲡ"/>
		<feat xlink:href="#sSpan2196" value="ⲉⲧ"/>
		<feat xlink:href="#sSpan2198" value="ⲧⲉⲧⲛ"/>
		<feat xlink:href="#sSpan2200" value="ⲥⲱⲧⲙ"/>
		<feat xlink:href="#sSpan2202" value="ⲉⲣⲟ"/>
		<feat xlink:href="#sSpan2206" value="ϥ"/>
		<feat xlink:href="#sSpan2208" value="."/>
		<feat xlink:href="#sSpan2212" value="ϩⲙ"/>
		<feat xlink:href="#sSpan2216" value="ⲡ"/>
		<feat xlink:href="#sSpan2219" value="ϣⲓ"/>
		<feat xlink:href="#sSpan2221" value="ⲉ"/>
		<feat xlink:href="#sSpan2225" value="ⲧⲉⲧ"/>
		<feat xlink:href="#sSpan2227" value="ⲛⲁ"/>
		<feat xlink:href="#sSpan2229" value="ϣⲓ"/>
		<feat xlink:href="#sSpan2231" value="ⲙⲙⲟ"/>
		<feat xlink:href="#sSpan2235" value="ϥ"/>
		<feat xlink:href="#sSpan2237" value="ⲥⲉ"/>
		<feat xlink:href="#sSpan2241" value="ⲛⲁ"/>
		<feat xlink:href="#sSpan2243" value="ϣⲓ"/>
		<feat xlink:href="#sSpan2245" value="ⲛⲏ"/>
		<feat xlink:href="#sSpan2249" value="ⲧⲛ"/>
		<feat xlink:href="#sSpan2251" value="ⲛϩⲏⲧ"/>
		<feat xlink:href="#sSpan2255" value="ϥ"/>
		<feat xlink:href="#sSpan2257" value="."/>
		<feat xlink:href="#sSpan2261" value="ⲡ"/>
		<feat xlink:href="#sSpan2272" value="ⲉⲧⲉ"/>
		<feat xlink:href="#sSpan2274" value="ⲩⲛⲧⲁ"/>
		<feat xlink:href="#sSpan2276" value="ϥ"/>
		<feat xlink:href="#sSpan2279" value="ⲅⲁⲣ"/>
		<feat xlink:href="#sSpan2283" value="ⲥⲉ"/>
		<feat xlink:href="#sSpan2287" value="ⲛⲁ"/>
		<feat xlink:href="#sSpan2289" value="ϯ"/>
		<feat xlink:href="#sSpan2291" value="ⲛⲁ"/>
		<feat xlink:href="#sSpan2295" value="ϥ"/>
		<feat xlink:href="#sSpan2297" value="."/>
		<feat xlink:href="#sSpan2301" value="ⲁⲩⲱ"/>
		<feat xlink:href="#sSpan2305" value="ⲡ"/>
		<feat xlink:href="#sSpan2310" value="ⲉⲧⲉ"/>
		<feat xlink:href="#sSpan2312" value="ⲙⲛⲧⲁ"/>
		<feat xlink:href="#sSpan2314" value="ϥ"/>
		<feat xlink:href="#sSpan2316" value="ⲁⲩⲱ"/>
		<feat xlink:href="#sSpan2320" value="ⲡ"/>
		<feat xlink:href="#sSpan2325" value="ⲉⲧⲉ"/>
		<feat xlink:href="#sSpan2327" value="ⲩⲛⲧⲁ"/>
		<feat xlink:href="#sSpan2329" value="ϥ"/>
		<feat xlink:href="#sSpan2331" value="ⲥϥ"/>
		<feat xlink:href="#sSpan2333" value="ⲥⲉ"/>
		<feat xlink:href="#sSpan2337" value="ⲛⲁ"/>
		<feat xlink:href="#sSpan2339" value="ϥⲓⲧ"/>
		<feat xlink:href="#sSpan2341" value="ϥ"/>
		<feat xlink:href="#sSpan2343" value="ⲛⲧⲟⲟⲧ"/>
		<feat xlink:href="#sSpan2347" value="ϥ"/>
		<feat xlink:href="#sSpan2349" value="."/>
		<feat xlink:href="#sSpan2353" value="ⲛⲉ"/>
		<feat xlink:href="#sSpan2363" value="ϥ"/>
		<feat xlink:href="#sSpan2365" value="ϫⲱ"/>
		<feat xlink:href="#sSpan2368" value="ⲇⲉ"/>
		<feat xlink:href="#sSpan2372" value="ⲙⲙⲟ"/>
		<feat xlink:href="#sSpan2376" value="ⲥ"/>
		<feat xlink:href="#sSpan2378" value="ⲛⲁ"/>
		<feat xlink:href="#sSpan2382" value="ⲩ"/>
		<feat xlink:href="#sSpan2384" value="ϫⲉ"/>
		<feat xlink:href="#sSpan2388" value="ⲧⲁⲓ"/>
		<feat xlink:href="#sSpan2391" value="ⲧⲉ"/>
		<feat xlink:href="#sSpan2395" value="ⲧ"/>
		<feat xlink:href="#sSpan2399" value="ϩⲉ"/>
		<feat xlink:href="#sSpan2401" value="ⲛ"/>
		<feat xlink:href="#sSpan2405" value="ⲧ"/>
		<feat xlink:href="#sSpan2409" value="ⲙⲛⲧⲣⲣⲟ"/>
		<feat xlink:href="#sSpan2412" value="ⲙ"/>
		<feat xlink:href="#sSpan2416" value="ⲡ"/>
		<feat xlink:href="#sSpan2419" value="ⲛⲟⲩⲧⲉ"/>
		<feat xlink:href="#sSpan2421" value="ⲉ"/>
		<feat xlink:href="#sSpan2425" value="ⲥ"/>
		<feat xlink:href="#sSpan2427" value="ⲟ"/>
		<feat xlink:href="#sSpan2429" value="ⲛ"/>
		<feat xlink:href="#sSpan2433" value="ⲧ"/>
		<feat xlink:href="#sSpan2436" value="ϩⲉ"/>
		<feat xlink:href="#sSpan2438" value="ⲛ"/>
		<feat xlink:href="#sSpan2442" value="ⲟⲩ"/>
		<feat xlink:href="#sSpan2445" value="ⲣⲱⲙⲉ"/>
		<feat xlink:href="#sSpan2447" value="ⲉϥϣⲁⲛ"/>
		<feat xlink:href="#sSpan2451" value="ⲛⲟⲩϫⲉ"/>
		<feat xlink:href="#sSpan2453" value="ⲙ"/>
		<feat xlink:href="#sSpan2457" value="ⲡⲉϥ"/>
		<feat xlink:href="#sSpan2460" value="ϭⲣⲟϭ"/>
		<feat xlink:href="#sSpan2462" value="ⲉϩⲣⲁⲓ"/>
		<feat xlink:href="#sSpan2466" value="ⲉ"/>
		<feat xlink:href="#sSpan2470" value="ⲡⲉϥ"/>
		<feat xlink:href="#sSpan2473" value="ⲕⲁϩ"/>
		<feat xlink:href="#sSpan2475" value="."/>
		<feat xlink:href="#sSpan2479" value="ⲁⲩⲱ"/>
		<feat xlink:href="#sSpan2489" value="ⲛ"/>
		<feat xlink:href="#sSpan2493" value="ϥ"/>
		<feat xlink:href="#sSpan2495" value="ⲛⲕⲟⲧⲕ"/>
		<feat xlink:href="#sSpan2498" value="ⲛ"/>
		<feat xlink:href="#sSpan2502" value="ϥ"/>
		<feat xlink:href="#sSpan2504" value="ⲧⲱⲟⲩⲛ"/>
		<feat xlink:href="#sSpan2506" value="ⲛ"/>
		<feat xlink:href="#sSpan2510" value="ⲧⲉ"/>
		<feat xlink:href="#sSpan2513" value="ⲩϣⲏ"/>
		<feat xlink:href="#sSpan2515" value="ⲙⲛ"/>
		<feat xlink:href="#sSpan2519" value="ⲡⲉ"/>
		<feat xlink:href="#sSpan2522" value="ϩⲟⲟⲩ"/>
		<feat xlink:href="#sSpan2524" value="ϣⲁⲣⲉ"/>
		<feat xlink:href="#sSpan2528" value="ⲡⲉ"/>
		<feat xlink:href="#sSpan2531" value="ϭⲣⲟϭ"/>
		<feat xlink:href="#sSpan2534" value="ϯⲟⲩⲱ"/>
		<feat xlink:href="#sSpan2539" value="ⲛ"/>
		<feat xlink:href="#sSpan2543" value="ϥ"/>
		<feat xlink:href="#sSpan2546" value="ⲣⲛⲟϭ"/>
		<feat xlink:href="#sSpan2549" value="ⲉ"/>
		<feat xlink:href="#sSpan2553" value="ⲛ"/>
		<feat xlink:href="#sSpan2555" value="ϥ"/>
		<feat xlink:href="#sSpan2557" value="ⲥⲟⲟⲩⲛ"/>
		<feat xlink:href="#sSpan2559" value="ⲁⲛ"/>
		<feat xlink:href="#sSpan2563" value="ⲛⲧⲟϥ"/>
		<feat xlink:href="#sSpan2567" value="ⲛ"/>
		<feat xlink:href="#sSpan2571" value="ⲧ"/>
		<feat xlink:href="#sSpan2574" value="ϩⲉ"/>
		<feat xlink:href="#sSpan2576" value="ⲡ"/>
		<feat xlink:href="#sSpan2587" value="ⲕⲁϩ"/>
		<feat xlink:href="#sSpan2589" value="ϣⲁ"/>
		<feat xlink:href="#sSpan2593" value="ϥ"/>
		<feat xlink:href="#sSpan2596" value="ϯⲟⲩⲱ"/>
		<feat xlink:href="#sSpan2599" value="ⲉϩⲣⲁⲓ"/>
		<feat xlink:href="#sSpan2603" value="ⲙⲁⲩⲁⲁ"/>
		<feat xlink:href="#sSpan2607" value="ϥ"/>
		<feat xlink:href="#sSpan2609" value="ϣⲟⲣⲡ"/>
		<feat xlink:href="#sSpan2614" value="ⲙⲉⲛ"/>
		<feat xlink:href="#sSpan2618" value="ⲛ"/>
		<feat xlink:href="#sSpan2622" value="ⲟⲩ"/>
		<feat xlink:href="#sSpan2626" value="ⲭⲟⲣⲧⲟⲥ"/>
		<feat xlink:href="#sSpan2628" value="ⲙⲛⲛⲥⲱ"/>
		<feat xlink:href="#sSpan2632" value="ϥ"/>
		<feat xlink:href="#sSpan2634" value="ⲟⲩ"/>
		<feat xlink:href="#sSpan2639" value="ϩⲙⲥ"/>
		<feat xlink:href="#sSpan2641" value="ⲁⲩⲱ"/>
		<feat xlink:href="#sSpan2645" value="ⲟⲩ"/>
		<feat xlink:href="#sSpan2650" value="ⲥⲟⲩⲟ"/>
		<feat xlink:href="#sSpan2652" value="ⲉ"/>
		<feat xlink:href="#sSpan2656" value="ϥ"/>
		<feat xlink:href="#sSpan2658" value="ⲙⲉϩ"/>
		<feat xlink:href="#sSpan2660" value="ϩⲙ"/>
		<feat xlink:href="#sSpan2664" value="ⲡ"/>
		<feat xlink:href="#sSpan2667" value="ϩⲙⲥ"/>
		<feat xlink:href="#sSpan2669" value="ⲉⲣϣⲁⲛ"/>
		<feat xlink:href="#sSpan2679" value="ⲡ"/>
		<feat xlink:href="#sSpan2683" value="ⲕⲁⲣⲡⲟⲥ"/>
		<feat xlink:href="#sSpan2686" value="ⲇⲉ"/>
		<feat xlink:href="#sSpan2690" value="ⲡⲱϩ"/>
		<feat xlink:href="#sSpan2695" value="ⲛ"/>
		<feat xlink:href="#sSpan2699" value="ⲧⲉ"/>
		<feat xlink:href="#sSpan2701" value="ⲩⲛⲟⲩ"/>
		<feat xlink:href="#sSpan2703" value="ϣⲁ"/>
		<feat xlink:href="#sSpan2707" value="ϥ"/>
		<feat xlink:href="#sSpan2709" value="ⲛ"/>
		<feat xlink:href="#sSpan2711" value="ⲡ"/>
		<feat xlink:href="#sSpan2714" value="ⲟϩⲥ"/>
		<feat xlink:href="#sSpan2716" value="ϫⲉ"/>
		<feat xlink:href="#sSpan2720" value="ⲁ"/>
		<feat xlink:href="#sSpan2722" value="ⲡ"/>
		<feat xlink:href="#sSpan2725" value="ⲧⲏ"/>
		<feat xlink:href="#sSpan2727" value="ⲙ"/>
		<feat xlink:href="#sSpan2731" value="ⲡ"/>
		<feat xlink:href="#sSpan2734" value="ⲱϩⲥ"/>
		<feat xlink:href="#sSpan2736" value="ϣⲱⲡⲉ"/>
		<feat xlink:href="#sSpan2740" value="ⲁⲩⲱ"/>
		<feat xlink:href="#sSpan2750" value="ⲛⲉ"/>
		<feat xlink:href="#sSpan2754" value="ϥ"/>
		<feat xlink:href="#sSpan2756" value="ϫⲱ"/>
		<feat xlink:href="#sSpan2758" value="ⲙⲙⲟ"/>
		<feat xlink:href="#sSpan2762" value="ⲥ"/>
		<feat xlink:href="#sSpan2764" value="ϫⲉ"/>
		<feat xlink:href="#sSpan2768" value="ⲉ"/>
		<feat xlink:href="#sSpan2770" value="ⲓ"/>
		<feat xlink:href="#sSpan2772" value="ⲛⲁ"/>
		<feat xlink:href="#sSpan2774" value="ⲧⲛⲧⲛ"/>
		<feat xlink:href="#sSpan2776" value="ⲧ"/>
		<feat xlink:href="#sSpan2782" value="ⲙⲛⲧⲣⲣⲟ"/>
		<feat xlink:href="#sSpan2785" value="ⲙ"/>
		<feat xlink:href="#sSpan2789" value="ⲡ"/>
		<feat xlink:href="#sSpan2792" value="ⲛⲟⲩⲧⲉ"/>
		<feat xlink:href="#sSpan2794" value="ⲉ"/>
		<feat xlink:href="#sSpan2798" value="ⲟⲩ"/>
		<feat xlink:href="#sSpan2800" value="."/>
		<feat xlink:href="#sSpan2805" value="ⲏ"/>
		<feat xlink:href="#sSpan2809" value="ⲉ"/>
		<feat xlink:href="#sSpan2813" value="ⲛ"/>
		<feat xlink:href="#sSpan2815" value="ⲛⲁ"/>
		<feat xlink:href="#sSpan2817" value="ⲕⲁⲁ"/>
		<feat xlink:href="#sSpan2819" value="ⲥ"/>
		<feat xlink:href="#sSpan2821" value="ⲉϩⲣⲁⲓ"/>
		<feat xlink:href="#sSpan2825" value="ϩⲛ"/>
		<feat xlink:href="#sSpan2829" value="ⲁϣ"/>
		<feat xlink:href="#sSpan2831" value="ⲙ"/>
		<feat xlink:href="#sSpan2836" value="ⲡⲁⲣⲁⲃⲟⲗⲏ"/>
		<feat xlink:href="#sSpan2839" value="ⲉ"/>
		<feat xlink:href="#sSpan2849" value="ⲛ"/>
		<feat xlink:href="#sSpan2851" value="ⲛⲁ"/>
		<feat xlink:href="#sSpan2853" value="ⲕⲁⲁ"/>
		<feat xlink:href="#sSpan2855" value="ⲥ"/>
		<feat xlink:href="#sSpan2857" value="ⲛ"/>
		<feat xlink:href="#sSpan2861" value="ⲧ"/>
		<feat xlink:href="#sSpan2863" value="ϩⲉ"/>
		<feat xlink:href="#sSpan2865" value="ⲛ"/>
		<feat xlink:href="#sSpan2869" value="ⲟⲩ"/>
		<feat xlink:href="#sSpan2872" value="ⲃⲗⲃⲓⲗⲉ"/>
		<feat xlink:href="#sSpan2874" value="ⲛ"/>
		<feat xlink:href="#sSpan2878" value="ϣⲗⲧⲙ"/>
		<feat xlink:href="#sSpan2880" value="ⲉⲩϣⲁⲛ"/>
		<feat xlink:href="#sSpan2884" value="ϫⲟ"/>
		<feat xlink:href="#sSpan2886" value="ⲥ"/>
		<feat xlink:href="#sSpan2888" value="ⲉϩⲣⲁⲓ"/>
		<feat xlink:href="#sSpan2892" value="ⲉ"/>
		<feat xlink:href="#sSpan2896" value="ⲡ"/>
		<feat xlink:href="#sSpan2899" value="ⲕⲁϩ"/>
		<feat xlink:href="#sSpan2901" value="ⲉ"/>
		<feat xlink:href="#sSpan2905" value="ⲥ"/>
		<feat xlink:href="#sSpan2907" value="ⲥⲟⲃⲕ"/>
		<feat xlink:href="#sSpan2910" value="ⲙⲉⲛ"/>
		<feat xlink:href="#sSpan2914" value="ⲉ"/>
		<feat xlink:href="#sSpan2918" value="ⲛⲉ"/>
		<feat xlink:href="#sSpan2921" value="ϭⲣⲱϭ"/>
		<feat xlink:href="#sSpan2923" value="ⲧⲏⲣ"/>
		<feat xlink:href="#sSpan2927" value="ⲟⲩ"/>
		<feat xlink:href="#sSpan2929" value="ⲉⲧ"/>
		<feat xlink:href="#sSpan2933" value="ϩⲓϫⲙ"/>
		<feat xlink:href="#sSpan2935" value="ⲡ"/>
		<feat xlink:href="#sSpan2938" value="ⲕⲁϩ"/>
		<feat xlink:href="#sSpan2940" value="ⲁⲩⲱ"/>
		<feat xlink:href="#sSpan2950" value="ⲉⲩϣⲁⲛ"/>
		<feat xlink:href="#sSpan2954" value="ϫⲟ"/>
		<feat xlink:href="#sSpan2956" value="ⲥ"/>
		<feat xlink:href="#sSpan2958" value="ϣⲁ"/>
		<feat xlink:href="#sSpan2962" value="ⲥ"/>
		<feat xlink:href="#sSpan2964" value="ⲉⲓ"/>
		<feat xlink:href="#sSpan2967" value="ⲉϩⲣⲁⲓ"/>
		<feat xlink:href="#sSpan2971" value="ⲛ"/>
		<feat xlink:href="#sSpan2975" value="ⲥ"/>
		<feat xlink:href="#sSpan2977" value="ϫⲓⲥⲉ"/>
		<feat xlink:href="#sSpan2979" value="ⲉ"/>
		<feat xlink:href="#sSpan2983" value="ⲛ"/>
		<feat xlink:href="#sSpan2986" value="ⲟⲩⲟⲟⲧⲉ"/>
		<feat xlink:href="#sSpan2988" value="ⲧⲏⲣ"/>
		<feat xlink:href="#sSpan2992" value="ⲟⲩ"/>
		<feat xlink:href="#sSpan2994" value="ⲛ"/>
		<feat xlink:href="#sSpan2998" value="ⲥ"/>
		<feat xlink:href="#sSpan3000" value="ⲧⲁⲩⲟ"/>
		<feat xlink:href="#sSpan3003" value="ⲉⲃⲟⲗ"/>
		<feat xlink:href="#sSpan3007" value="ⲛ"/>
		<feat xlink:href="#sSpan3011" value="ϩⲉⲛ"/>
		<feat xlink:href="#sSpan3014" value="ⲛⲟϭ"/>
		<feat xlink:href="#sSpan3016" value="ⲛ"/>
		<feat xlink:href="#sSpan3021" value="ⲕⲗⲁⲇⲟⲥ"/>
		<feat xlink:href="#sSpan3024" value="ϩⲱⲥⲧⲉ"/>
		<feat xlink:href="#sSpan3028" value="ⲛ"/>
		<feat xlink:href="#sSpan3032" value="ⲥⲉ"/>
		<feat xlink:href="#sSpan3034" value="ϣⲟⲩⲱϩ"/>
		<feat xlink:href="#sSpan3036" value="ϩⲁ"/>
		<feat xlink:href="#sSpan3040" value="ⲧⲉⲥ"/>
		<feat xlink:href="#sSpan3043" value="ϩⲁⲉⲓⲃⲉⲥ"/>
		<feat xlink:href="#sSpan3045" value="ⲛϭⲓ"/>
		<feat xlink:href="#sSpan3049" value="ⲛ"/>
		<feat xlink:href="#sSpan3052" value="ϩⲁⲗⲁⲧⲉ"/>
		<feat xlink:href="#sSpan3054" value="ⲛ"/>
		<feat xlink:href="#sSpan3058" value="ⲧ"/>
		<feat xlink:href="#sSpan3061" value="ⲡⲉ"/>
		<feat xlink:href="#sSpan3063" value="ⲁⲩⲱ"/>
		<feat xlink:href="#sSpan3072" value="ϩⲛ"/>
		<feat xlink:href="#sSpan3076" value="ⲛⲁⲓ"/>
		<feat xlink:href="#sSpan3079" value="ⲥⲙⲟⲧ"/>
		<feat xlink:href="#sSpan3081" value="ⲙ"/>
		<feat xlink:href="#sSpan3086" value="ⲡⲁⲣⲁⲃⲟⲗⲏ"/>
		<feat xlink:href="#sSpan3088" value="ⲧⲏⲣ"/>
		<feat xlink:href="#sSpan3092" value="ⲟⲩ"/>
		<feat xlink:href="#sSpan3094" value="ⲛⲉ"/>
		<feat xlink:href="#sSpan3098" value="ϥ"/>
		<feat xlink:href="#sSpan3100" value="ϫⲱ"/>
		<feat xlink:href="#sSpan3102" value="ⲉⲣⲟ"/>
		<feat xlink:href="#sSpan3106" value="ⲟⲩ"/>
		<feat xlink:href="#sSpan3108" value="ⲙ"/>
		<feat xlink:href="#sSpan3112" value="ⲡ"/>
		<feat xlink:href="#sSpan3115" value="ϣⲁϫⲉ"/>
		<feat xlink:href="#sSpan3118" value="ⲕⲁⲧⲁ"/>
		<feat xlink:href="#sSpan3122" value="ⲧ"/>
		<feat xlink:href="#sSpan3124" value="ϩⲉ"/>
		<feat xlink:href="#sSpan3126" value="ⲉⲧ"/>
		<feat xlink:href="#sSpan3130" value="ⲟⲩ"/>
		<feat xlink:href="#sSpan3132" value="ⲛⲁ"/>
		<feat xlink:href="#sSpan3134" value="ϣ"/>
		<feat xlink:href="#sSpan3136" value="ⲥⲱⲧⲙ"/>
		<feat xlink:href="#sSpan3138" value="ⲁϫⲛ"/>
		<feat xlink:href="#sSpan3149" value="ⲡⲁⲣⲁⲃⲟⲗⲏ"/>
		<feat xlink:href="#sSpan3153" value="ⲇⲉ"/>
		<feat xlink:href="#sSpan3157" value="ⲙⲉ"/>
		<feat xlink:href="#sSpan3161" value="ϥ"/>
		<feat xlink:href="#sSpan3163" value="ϣⲁϫⲉ"/>
		<feat xlink:href="#sSpan3165" value="ⲛⲙⲙⲁ"/>
		<feat xlink:href="#sSpan3169" value="ⲩ"/>
		<feat xlink:href="#sSpan3171" value="ⲛⲥⲁ"/>
		<feat xlink:href="#sSpan3175" value="ⲩ"/>
		<feat xlink:href="#sSpan3178" value="ⲥⲁ"/>
		<feat xlink:href="#sSpan3181" value="ⲇⲉ"/>
		<feat xlink:href="#sSpan3185" value="ϣⲁ"/>
		<feat xlink:href="#sSpan3189" value="ϥ"/>
		<feat xlink:href="#sSpan3191" value="ⲃⲟⲗ"/>
		<feat xlink:href="#sSpan3193" value="ⲟⲩ"/>
		<feat xlink:href="#sSpan3195" value="ⲧⲏⲣ"/>
		<feat xlink:href="#sSpan3199" value="ⲟⲩ"/>
		<feat xlink:href="#sSpan3201" value="ⲉ"/>
		<feat xlink:href="#sSpan3205" value="ⲛⲉϥ"/>
		<feat xlink:href="#sSpan3209" value="ⲙⲁⲑⲏⲧⲏⲥ"/>
		<feat xlink:href="#sSpan3211" value="."/>
		<feat xlink:href="#sSpan3215" value="ⲁⲩⲱ"/>
		<feat xlink:href="#sSpan3224" value="ⲡⲉϫⲁ"/>
		<feat xlink:href="#sSpan3228" value="ϥ"/>
		<feat xlink:href="#sSpan3230" value="ⲛⲁ"/>
		<feat xlink:href="#sSpan3234" value="ⲩ"/>
		<feat xlink:href="#sSpan3236" value="ϩⲙ"/>
		<feat xlink:href="#sSpan3240" value="ⲡⲉ"/>
		<feat xlink:href="#sSpan3243" value="ϩⲟⲟⲩ"/>
		<feat xlink:href="#sSpan3245" value="ⲉⲧ"/>
		<feat xlink:href="#sSpan3249" value="ⲙⲙⲁⲩ"/>
		<feat xlink:href="#sSpan3251" value="ⲛⲧⲉⲣⲉ"/>
		<feat xlink:href="#sSpan3255" value="ⲣⲟⲩϩⲉ"/>
		<feat xlink:href="#sSpan3258" value="ϣⲱⲡⲉ"/>
		<feat xlink:href="#sSpan3262" value="ϫⲉ"/>
		<feat xlink:href="#sSpan3266" value="ⲙⲁⲣⲟ"/>
		<feat xlink:href="#sSpan3268" value="ⲛ"/>
		<feat xlink:href="#sSpan3270" value="ⲉ"/>
		<feat xlink:href="#sSpan3274" value="ⲡⲉⲓ"/>
		<feat xlink:href="#sSpan3277" value="ⲕⲣⲟ"/>
		<feat xlink:href="#sSpan3279" value="ⲁ"/>
		<feat xlink:href="#sSpan3289" value="ⲩ"/>
		<feat xlink:href="#sSpan3291" value="ⲕⲁ"/>
		<feat xlink:href="#sSpan3293" value="ⲡ"/>
		<feat xlink:href="#sSpan3296" value="ⲙⲏⲏϣⲉ"/>
		<feat xlink:href="#sSpan3298" value="ϭⲉ"/>
		<feat xlink:href="#sSpan3302" value="ⲁ"/>
		<feat xlink:href="#sSpan3306" value="ⲩ"/>
		<feat xlink:href="#sSpan3308" value="ⲧⲁⲗⲟ"/>
		<feat xlink:href="#sSpan3310" value="ϥ"/>
		<feat xlink:href="#sSpan3312" value="ⲉ"/>
		<feat xlink:href="#sSpan3316" value="ⲡ"/>
		<feat xlink:href="#sSpan3319" value="ϫⲟⲉⲓ"/>
		<feat xlink:href="#sSpan3321" value="ⲛ"/>
		<feat xlink:href="#sSpan3325" value="ⲧ"/>
		<feat xlink:href="#sSpan3327" value="ϩⲉ"/>
		<feat xlink:href="#sSpan3329" value="ⲉⲧ"/>
		<feat xlink:href="#sSpan3333" value="ϥ"/>
		<feat xlink:href="#sSpan3335" value="ⲛϩⲏⲧ"/>
		<feat xlink:href="#sSpan3337" value="ⲥ"/>
		<feat xlink:href="#sSpan3339" value="ⲁ"/>
		<feat xlink:href="#sSpan3343" value="ϩⲉⲛ"/>
		<feat xlink:href="#sSpan3346" value="ⲕⲉ"/>
		<feat xlink:href="#sSpan3348" value="ⲉϫⲏⲩ"/>
		<feat xlink:href="#sSpan3350" value="ⲥϭⲏⲣ"/>
		<feat xlink:href="#sSpan3354" value="ⲛⲙⲙⲁ"/>
		<feat xlink:href="#sSpan3358" value="ϥ"/>
		<feat xlink:href="#sSpan3360" value="."/>
		<feat xlink:href="#sSpan3364" value="ⲁⲩⲱ"/>
		<feat xlink:href="#sSpan3374" value="ⲁ"/>
		<feat xlink:href="#sSpan3378" value="ⲩ"/>
		<feat xlink:href="#sSpan3381" value="ⲛⲟϭ"/>
		<feat xlink:href="#sSpan3383" value="ⲛ"/>
		<feat xlink:href="#sSpan3387" value="ϩⲁⲧⲏⲩ"/>
		<feat xlink:href="#sSpan3389" value="ϣⲱⲡⲉ"/>
		<feat xlink:href="#sSpan3393" value="ⲁ"/>
		<feat xlink:href="#sSpan3397" value="ⲛ"/>
		<feat xlink:href="#sSpan3400" value="ϩⲟⲉⲓⲙ"/>
		<feat xlink:href="#sSpan3402" value="ϥⲱϭⲉ"/>
		<feat xlink:href="#sSpan3406" value="ⲉ"/>
		<feat xlink:href="#sSpan3410" value="ⲡ"/>
		<feat xlink:href="#sSpan3413" value="ϫⲟⲉⲓ"/>
		<feat xlink:href="#sSpan3416" value="ϩⲱⲥⲧⲉ"/>
		<feat xlink:href="#sSpan3420" value="ⲉ"/>
		<feat xlink:href="#sSpan3424" value="ⲟⲙⲥ"/>
		<feat xlink:href="#sSpan3426" value="ϥ"/>
		<feat xlink:href="#sSpan3428" value="."/>
		<feat xlink:href="#sSpan3432" value="ⲛⲧⲟϥ"/>
		<feat xlink:href="#sSpan3443" value="ⲇⲉ"/>
		<feat xlink:href="#sSpan3447" value="ⲛⲉ"/>
		<feat xlink:href="#sSpan3451" value="ϥ"/>
		<feat xlink:href="#sSpan3453" value="ϩⲓ"/>
		<feat xlink:href="#sSpan3455" value="ⲡⲁϩⲟⲩ"/>
		<feat xlink:href="#sSpan3458" value="ⲙ"/>
		<feat xlink:href="#sSpan3462" value="ⲡ"/>
		<feat xlink:href="#sSpan3465" value="ϫⲟⲉⲓ"/>
		<feat xlink:href="#sSpan3467" value="ⲉ"/>
		<feat xlink:href="#sSpan3471" value="ϥ"/>
		<feat xlink:href="#sSpan3473" value="ⲛⲕⲟⲧⲕ"/>
		<feat xlink:href="#sSpan3475" value="ϩⲓϫⲛ"/>
		<feat xlink:href="#sSpan3479" value="ⲟⲩ"/>
		<feat xlink:href="#sSpan3482" value="ϣⲟⲧ"/>
		<feat xlink:href="#sSpan3484" value="ⲁⲩⲱ"/>
		<feat xlink:href="#sSpan3488" value="ⲁ"/>
		<feat xlink:href="#sSpan3492" value="ⲩ"/>
		<feat xlink:href="#sSpan3494" value="ⲛⲉϩⲥⲉ"/>
		<feat xlink:href="#sSpan3496" value="ⲙⲙⲟ"/>
		<feat xlink:href="#sSpan3500" value="ϥ"/>
		<feat xlink:href="#sSpan3502" value="ⲉ"/>
		<feat xlink:href="#sSpan3506" value="ⲩ"/>
		<feat xlink:href="#sSpan3508" value="ϫⲱ"/>
		<feat xlink:href="#sSpan3510" value="ⲙⲙⲟ"/>
		<feat xlink:href="#sSpan3514" value="ⲥ"/>
		<feat xlink:href="#sSpan3516" value="ⲛⲁ"/>
		<feat xlink:href="#sSpan3520" value="ϥ"/>
		<feat xlink:href="#sSpan3522" value="."/>
		<feat xlink:href="#sSpan3526" value="ϫⲉ"/>
		<feat xlink:href="#sSpan3530" value="ⲡ"/>
		<feat xlink:href="#sSpan3533" value="ⲥⲁϩ"/>
		<feat xlink:href="#sSpan3535" value="ⲛ"/>
		<feat xlink:href="#sSpan3539" value="ⲅ"/>
		<feat xlink:href="#sSpan3541" value="ⲟ"/>
		<feat xlink:href="#sSpan3543" value="ⲁⲛ"/>
		<feat xlink:href="#sSpan3547" value="ⲡⲉ"/>
		<feat xlink:href="#sSpan3552" value="ⲣⲣⲟⲟⲩϣ"/>
		<feat xlink:href="#sSpan3557" value="ϫⲉ"/>
		<feat xlink:href="#sSpan3561" value="ⲧⲛ"/>
		<feat xlink:href="#sSpan3563" value="ⲛⲁ"/>
		<feat xlink:href="#sSpan3565" value="ⲙⲟⲩ"/>
		<feat xlink:href="#sSpan3567" value="ⲁ"/>
		<feat xlink:href="#sSpan3576" value="ϥ"/>
		<feat xlink:href="#sSpan3578" value="ⲧⲱⲟⲩⲛ"/>
		<feat xlink:href="#sSpan3580" value="ϥ"/>
		<feat xlink:href="#sSpan3583" value="ⲇⲉ"/>
		<feat xlink:href="#sSpan3587" value="ⲁ"/>
		<feat xlink:href="#sSpan3591" value="ϥ"/>
		<feat xlink:href="#sSpan3594" value="ⲉⲡⲓⲧⲓⲙⲁ"/>
		<feat xlink:href="#sSpan3596" value="ⲙ"/>
		<feat xlink:href="#sSpan3600" value="ⲡ"/>
		<feat xlink:href="#sSpan3603" value="ⲧⲏⲩ"/>
		<feat xlink:href="#sSpan3605" value="ⲁⲩⲱ"/>
		<feat xlink:href="#sSpan3609" value="ⲡⲉϫⲁ"/>
		<feat xlink:href="#sSpan3613" value="ϥ"/>
		<feat xlink:href="#sSpan3615" value="ⲛ"/>
		<feat xlink:href="#sSpan3619" value="ⲧⲉ"/>
		<feat xlink:href="#sSpan3623" value="ⲑⲁⲗⲁⲥⲥⲁ"/>
		<feat xlink:href="#sSpan3625" value="ϫⲉ"/>
		<feat xlink:href="#sSpan3629" value="ⲕⲁ"/>
		<feat xlink:href="#sSpan3632" value="ⲣⲱ"/>
		<feat xlink:href="#sSpan3634" value="ⲛ"/>
		<feat xlink:href="#sSpan3638" value="ⲧⲉ"/>
		<feat xlink:href="#sSpan3640" value="ϣⲧⲙ"/>
		<feat xlink:href="#sSpan3642" value="ⲣⲱ"/>
		<feat xlink:href="#sSpan3644" value="ⲁⲩⲱ"/>
		<feat xlink:href="#sSpan3648" value="ⲁ"/>
		<feat xlink:href="#sSpan3652" value="ⲡ"/>
		<feat xlink:href="#sSpan3655" value="ⲧⲏⲩ"/>
		<feat xlink:href="#sSpan3657" value="ϩⲣⲏϭ"/>
		<feat xlink:href="#sSpan3661" value="ⲁ"/>
		<feat xlink:href="#sSpan3665" value="ⲩ"/>
		<feat xlink:href="#sSpan3668" value="ⲛⲟϭ"/>
		<feat xlink:href="#sSpan3670" value="ⲛ"/>
		<feat xlink:href="#sSpan3674" value="ϫⲁⲙⲏ"/>
		<feat xlink:href="#sSpan3676" value="ϣⲱⲡⲉ"/>
		<feat xlink:href="#sSpan3680" value="."/>
		<feat xlink:href="#sSpan3684" value="ⲁⲩⲱ"/>
		<feat xlink:href="#sSpan3694" value="ⲡⲉϫⲁ"/>
		<feat xlink:href="#sSpan3698" value="ϥ"/>
		<feat xlink:href="#sSpan3700" value="ⲛⲁ"/>
		<feat xlink:href="#sSpan3704" value="ⲩ"/>
		<feat xlink:href="#sSpan3706" value="ϫⲉ"/>
		<feat xlink:href="#sSpan3710" value="ⲁϩⲣⲱ"/>
		<feat xlink:href="#sSpan3712" value="ⲧⲛ"/>
		<feat xlink:href="#sSpan3714" value="ⲧⲉⲧⲛ"/>
		<feat xlink:href="#sSpan3718" value="ⲟ"/>
		<feat xlink:href="#sSpan3720" value="ⲛ"/>
		<feat xlink:href="#sSpan3726" value="ϭⲁⲃϩⲏⲧ"/>
		<feat xlink:href="#sSpan3729" value="ⲙⲡⲁⲧⲉ"/>
		<feat xlink:href="#sSpan3733" value="ⲧⲛ"/>
		<feat xlink:href="#sSpan3736" value="ⲕⲁⲡⲓⲥⲧⲓⲥ"/>
		<feat xlink:href="#sSpan3740" value="ⲛⲏ"/>
		<feat xlink:href="#sSpan3744" value="ⲧⲛ"/>
		<feat xlink:href="#sSpan3746" value="."/>
		<feat xlink:href="#sSpan3750" value="ⲁⲩⲱ"/>
		<feat xlink:href="#sSpan3760" value="ⲁ"/>
		<feat xlink:href="#sSpan3764" value="ⲩ"/>
		<feat xlink:href="#sSpan3767" value="ⲣϩⲟⲧⲉ"/>
		<feat xlink:href="#sSpan3770" value="ϩⲛ"/>
		<feat xlink:href="#sSpan3774" value="ⲟⲩ"/>
		<feat xlink:href="#sSpan3777" value="ⲛⲟϭ"/>
		<feat xlink:href="#sSpan3779" value="ⲛ"/>
		<feat xlink:href="#sSpan3783" value="ϩⲟⲧⲉ"/>
		<feat xlink:href="#sSpan3785" value="ⲉ"/>
		<feat xlink:href="#sSpan3789" value="ⲩ"/>
		<feat xlink:href="#sSpan3791" value="ϫⲱ"/>
		<feat xlink:href="#sSpan3793" value="ⲙⲙⲟ"/>
		<feat xlink:href="#sSpan3797" value="ⲥ"/>
		<feat xlink:href="#sSpan3799" value="ⲛ"/>
		<feat xlink:href="#sSpan3803" value="ⲛⲉⲩ"/>
		<feat xlink:href="#sSpan3805" value="ⲉⲣⲏⲩ"/>
		<feat xlink:href="#sSpan3807" value="ϫⲉ"/>
		<feat xlink:href="#sSpan3811" value="ⲟⲩ"/>
		<feat xlink:href="#sSpan3813" value="ⲁϣ"/>
		<feat xlink:href="#sSpan3815" value="ⲙ"/>
		<feat xlink:href="#sSpan3819" value="ⲙⲓⲛⲉ"/>
		<feat xlink:href="#sSpan3821" value="ⲡⲉ"/>
		<feat xlink:href="#sSpan3825" value="ⲡⲁⲓ"/>
		<feat xlink:href="#sSpan3830" value="ϫⲉ"/>
		<feat xlink:href="#sSpan3834" value="ⲡ"/>
		<feat xlink:href="#sSpan3837" value="ⲕⲉ"/>
		<feat xlink:href="#sSpan3839" value="ⲧⲏⲩ"/>
		<feat xlink:href="#sSpan3841" value="ⲛⲙ"/>
		<feat xlink:href="#sSpan3845" value="ⲧⲉ"/>
		<feat xlink:href="#sSpan3849" value="ⲑⲁⲗⲁⲥⲥⲁ"/>
		<feat xlink:href="#sSpan3851" value="ⲥⲱⲧⲙ"/>
		<feat xlink:href="#sSpan3855" value="ⲛⲥⲱ"/>
		<feat xlink:href="#sSpan3859" value="ϥ"/>
		<feat xlink:href="#sSpan3861" value="."/></featList></paula>