<?xml version='1.0' encoding='UTF-8'?><!DOCTYPE paula SYSTEM "paula_feat.dtd">
<paula version="1.1">
	<header paula_id="scriptorium.life.longinus.lucius.01.mark_norm_group"/>
	<featList xmlns:xlink="http://www.w3.org/1999/xlink" type="norm_group" xml:base="scriptorium.life.longinus.lucius.01.mark.xml">
		<feat xlink:href="#sSpan3" value="ⲡⲃⲓⲟⲥ"/>
		<feat xlink:href="#sSpan15" value="ⲁⲩⲱ"/>
		<feat xlink:href="#sSpan19" value="ⲧⲡⲟⲗⲏⲧⲓⲁ"/>
		<feat xlink:href="#sSpan26" value="ⲛⲛⲉⲓⲟⲧⲉ"/>
		<feat xlink:href="#sSpan35" value="ⲉⲧⲟⲩⲁⲁⲃ"/>
		<feat xlink:href="#sSpan41" value="ⲉⲧⲧⲁⲓⲏⲩ"/>
		<feat xlink:href="#sSpan47" value="ⲛⲁⲥⲕⲏⲧⲏⲥ"/>
		<feat xlink:href="#sSpan55" value="ⲁⲡⲁ"/>
		<feat xlink:href="#sSpan60" value="ⲗⲟⲅⲅⲓⲛⲟⲥ"/>
		<feat xlink:href="#sSpan65" value="ⲙⲛⲁⲡⲁ"/>
		<feat xlink:href="#sSpan73" value="ⲗⲟⲩⲅⲓⲟⲥ"/>
		<feat xlink:href="#sSpan77" value="ⲡⲉϥⲉⲓⲱⲧ"/>
		<feat xlink:href="#sSpan83" value="ⲙⲡⲛⲉⲩⲙⲁⲧⲓⲕⲟⲥ"/>
		<feat xlink:href="#sSpan92" value="·"/>
		<feat xlink:href="#sSpan96" value="ⲛⲧⲁⲩϫⲱⲕ"/>
		<feat xlink:href="#sSpan108" value="ⲇⲉ"/>
		<feat xlink:href="#sSpan112" value="ⲉⲃⲟⲗ"/>
		<feat xlink:href="#sSpan116" value="ⲙⲡⲉⲩⲃⲓⲟⲥ"/>
		<feat xlink:href="#sSpan127" value="ⲉⲧⲧⲁⲓⲏⲩ"/>
		<feat xlink:href="#sSpan134" value="ⲛⲥⲟⲩⲥⲛⲁⲩ"/>
		<feat xlink:href="#sSpan143" value="ⲙⲡⲉⲃⲟⲧ"/>
		<feat xlink:href="#sSpan152" value="ⲙϣⲓⲣ"/>
		<feat xlink:href="#sSpan156" value="·"/>
		<feat xlink:href="#sSpan160" value="ϩⲛⲟⲩⲉⲓⲣⲏⲛⲏ"/>
		<feat xlink:href="#sSpan170" value="ⲛⲧⲉⲡⲛⲟⲩⲧⲉ"/>
		<feat xlink:href="#sSpan180" value="·"/>
		<feat xlink:href="#sSpan185" value="ϩⲁⲙⲏⲛ"/>
		<feat xlink:href="#sSpan189" value="·"/>
		<feat xlink:href="#sSpan193" value="ⲛⲉⲛⲧⲁⲩϫⲱⲕ"/>
		<feat xlink:href="#sSpan211" value="ⲙⲉⲛ"/>
		<feat xlink:href="#sSpan215" value="ⲉⲃⲟⲗ"/>
		<feat xlink:href="#sSpan219" value="ⲛϩⲉⲛⲡⲟⲗⲏϯⲁ"/>
		<feat xlink:href="#sSpan229" value="ⲉⲩⲧⲟⲟⲙⲉ"/>
		<feat xlink:href="#sSpan237" value="ⲉϩⲉⲛⲣⲱⲙⲉ"/>
		<feat xlink:href="#sSpan246" value="ⲉⲩⲫⲟⲣⲉⲓ"/>
		<feat xlink:href="#sSpan256" value="ⲛⲧⲥⲁⲣⲝ"/>
		<feat xlink:href="#sSpan266" value=","/>
		<feat xlink:href="#sSpan271" value="ⲉⲥⲧⲱ"/>
		<feat xlink:href="#sSpan277" value="ⲇⲉ"/>
		<feat xlink:href="#sSpan281" value="ϩⲉⲛⲗⲁⲥ"/>
		<feat xlink:href="#sSpan288" value="ⲛⲥⲁⲣⲝ"/>
		<feat xlink:href="#sSpan295" value="ϫⲱ"/>
		<feat xlink:href="#sSpan299" value="ⲉⲣⲟⲟⲩ"/>
		<feat xlink:href="#sSpan305" value="ⲛϩⲉⲛⲁⲓⲡⲁⲓⲛⲟⲥ"/>
		<feat xlink:href="#sSpan314" value="·"/>
		<feat xlink:href="#sSpan318" value="ⲛⲉⲛⲧⲁⲩⲣⲡⲉⲧⲡⲉ"/>
		<feat xlink:href="#sSpan337" value="ⲙⲡϣⲓ"/>
		<feat xlink:href="#sSpan346" value="ⲛⲛⲣⲱⲙⲉ"/>
		<feat xlink:href="#sSpan355" value="ϩⲛⲧⲉⲩⲡⲟⲗⲏϯⲁ"/>
		<feat xlink:href="#sSpan365" value="ⲁⲩⲱ"/>
		<feat xlink:href="#sSpan369" value="ⲁⲛⲉⲩⲕⲁⲧⲟⲣⲑⲟⲙⲁ"/>
		<feat xlink:href="#sSpan378" value="ⲣⲡⲉⲧⲡⲉ"/>
		<feat xlink:href="#sSpan390" value="ⲙⲡⲉϩⲣⲟϣ"/>
		<feat xlink:href="#sSpan399" value="ⲛⲛⲉⲧⲫⲟⲣⲉⲓ"/>
		<feat xlink:href="#sSpan411" value="ⲛⲧⲥⲁⲣⲝ"/>
		<feat xlink:href="#sSpan421" value=","/>
		<feat xlink:href="#sSpan425" value="ⲥⲭⲉⲇⲱⲛ"/>
		<feat xlink:href="#sSpan429" value="ⲉⲙⲛⲥⲁⲣⲝ"/>
		<feat xlink:href="#sSpan439" value="ⲧⲟ"/>
		<feat xlink:href="#sSpan443" value="ϩⲓⲱⲟⲩ"/>
		<feat xlink:href="#sSpan449" value=","/>
		<feat xlink:href="#sSpan453" value="ⲁϣ"/>
		<feat xlink:href="#sSpan458" value="ⲛⲗⲁⲥ"/>
		<feat xlink:href="#sSpan465" value="ⲛⲥⲁⲣⲝ"/>
		<feat xlink:href="#sSpan473" value="ⲡⲉⲧⲛⲁϣϫⲱ"/>
		<feat xlink:href="#sSpan485" value="ⲙⲡⲧⲁⲉⲓⲟ"/>
		<feat xlink:href="#sSpan494" value="ⲛⲛⲉⲧⲙⲙⲁⲩ"/>
		<feat xlink:href="#sSpan505" value="·"/>
		<feat xlink:href="#sSpan509" value="ⲛⲁⲓ"/>
		<feat xlink:href="#sSpan514" value="ⲛⲧⲉⲓⲙⲓⲛⲉ"/>
		<feat xlink:href="#sSpan522" value="ⲥⲉⲣⲭⲣⲉⲓⲁ"/>
		<feat xlink:href="#sSpan532" value="ⲙⲡⲗⲁⲥ"/>
		<feat xlink:href="#sSpan541" value="ⲛϩⲉⲛⲁⲥⲱⲙⲁⲧⲟⲥ"/>
		<feat xlink:href="#sSpan551" value="ⲉⲧⲣⲉⲩϫⲱ"/>
		<feat xlink:href="#sSpan561" value="ⲛϩⲉⲛⲁⲓⲡⲁⲓⲛⲟⲥ"/>
		<feat xlink:href="#sSpan570" value="ⲉⲣⲟⲟⲩ"/>
		<feat xlink:href="#sSpan576" value=","/>
		<feat xlink:href="#sSpan580" value="ⲛⲧϩⲉ"/>
		<feat xlink:href="#sSpan589" value="ⲟⲛ"/>
		<feat xlink:href="#sSpan593" value="ⲛⲛⲧⲁⲩϫⲱⲕ"/>
		<feat xlink:href="#sSpan606" value="ⲉⲃⲟⲗ"/>
		<feat xlink:href="#sSpan610" value="ⲛⲛⲉⲩⲡⲟⲗⲏϯⲁ"/>
		<feat xlink:href="#sSpan620" value="ⲛⲁⲅⲅⲉⲗⲓⲕⲟⲛ"/>
		<feat xlink:href="#sSpan628" value="·"/>
		<feat xlink:href="#sSpan632" value="ⲛⲁⲓ"/>
		<feat xlink:href="#sSpan636" value="ⲉⲧⲉⲙⲡⲉⲡⲉϩⲣⲟϣ"/>
		<feat xlink:href="#sSpan647" value="ⲛⲧⲥⲁⲣⲝ"/>
		<feat xlink:href="#sSpan659" value="ⲕⲱⲗⲩ"/>
		<feat xlink:href="#sSpan663" value="ⲙⲙⲟⲟⲩ"/>
		<feat xlink:href="#sSpan669" value="ⲛⲗⲁⲁⲩ"/>
		<feat xlink:href="#sSpan676" value="ⲉⲧⲣⲉⲩϣⲱⲡⲉ"/>
		<feat xlink:href="#sSpan686" value="ⲛϩⲓⲥⲁⲅⲅⲉⲗⲟⲥ"/>
		<feat xlink:href="#sSpan696" value="ⲁⲩⲱ"/>
		<feat xlink:href="#sSpan700" value="ⲛⲥⲉϫⲱⲕ"/>
		<feat xlink:href="#sSpan708" value="ⲉⲃⲟⲗ"/>
		<feat xlink:href="#sSpan712" value="ⲛⲛⲙⲡⲟⲗⲏϯⲁ"/>
		<feat xlink:href="#sSpan723" value="ⲛⲛⲉⲧϩⲛⲙⲡⲏⲩⲉ"/>
		<feat xlink:href="#sSpan739" value="ⲉⲩϣⲟⲟⲡ"/>
		<feat xlink:href="#sSpan747" value="ϩⲓϫⲙⲡⲕⲁϩ"/>
		<feat xlink:href="#sSpan756" value=","/>
		<feat xlink:href="#sSpan761" value="ⲕⲁⲧⲁⲡⲉⲛⲧⲁⲡϩⲓⲉⲣⲟⲥ"/>
		<feat xlink:href="#sSpan777" value="ⲛⲁⲡⲟⲥⲧⲟⲗⲟⲥ"/>
		<feat xlink:href="#sSpan785" value="ϫⲟⲟϥ"/>
		<feat xlink:href="#sSpan791" value="ϫⲉ"/>
		<feat xlink:href="#sSpan795" value="·"/>
		<feat xlink:href="#sSpan799" value="ⲁⲛⲟⲛ"/>
		<feat xlink:href="#sSpan805" value="ⲇⲉ"/>
		<feat xlink:href="#sSpan809" value="ⲉⲣⲉⲡⲉⲛⲡⲟⲗⲓⲧⲉⲩⲙⲁ"/>
		<feat xlink:href="#sSpan819" value="ϩⲛⲙⲡⲏⲩⲉ"/>
		<feat xlink:href="#sSpan828" value=","/>
		<feat xlink:href="#sSpan832" value="ⲡⲙⲁ"/>
		<feat xlink:href="#sSpan838" value="ⲉⲧⲛϭⲱϣⲧ"/>
		<feat xlink:href="#sSpan847" value="ⲉⲃⲟⲗ"/>
		<feat xlink:href="#sSpan851" value="ⲛϩⲏⲧϥ"/>
		<feat xlink:href="#sSpan857" value="ⲙⲡⲉⲛⲥⲱⲧⲏⲣ"/>
		<feat xlink:href="#sSpan867" value="ⲡⲉⲛϫⲟⲉⲓⲥ"/>
		<feat xlink:href="#sSpan873" value=","/>
		<feat xlink:href="#sSpan877" value="ⲡⲁⲓ"/>
		<feat xlink:href="#sSpan883" value="ⲉⲧⲛⲁϣⲃⲃⲉ"/>
		<feat xlink:href="#sSpan891" value="ⲙⲡⲉⲛⲑⲃⲃⲓⲟ"/>
		<feat xlink:href="#sSpan901" value="ⲉⲡⲉⲓⲛⲉ"/>
		<feat xlink:href="#sSpan910" value="ⲙⲡⲥⲱⲙⲁ"/>
		<feat xlink:href="#sSpan920" value="ⲙⲡⲉϥⲉⲟⲟⲩ"/>
		<feat xlink:href="#sSpan929" value="·"/>
		<feat xlink:href="#sSpan934" value="ⲉⲧⲃⲉⲡⲁⲓ"/>
		<feat xlink:href="#sSpan945" value="ⲛⲧⲉⲣⲓⲟⲩⲱϣ"/>
		<feat xlink:href="#sSpan953" value="ⲉⲕⲱ"/>
		<feat xlink:href="#sSpan960" value="ⲉϩⲣⲁⲓ"/>
		<feat xlink:href="#sSpan964" value="ⲛⲧϩⲓⲥⲧⲱⲣⲓⲁ"/>
		<feat xlink:href="#sSpan973" value="ⲙⲡⲡⲉⲧⲟⲩⲁⲁⲃ"/>
		<feat xlink:href="#sSpan983" value="ⲁⲡⲁ"/>
		<feat xlink:href="#sSpan989" value="ⲗⲟⲅⲅⲓⲛⲟⲥ"/>
		<feat xlink:href="#sSpan993" value="ⲙⲛⲡⲉϥⲉⲓⲱⲧ"/>
		<feat xlink:href="#sSpan1002" value="ⲙⲡⲛⲉⲩⲙⲁⲧⲓⲕⲟⲥ"/>
		<feat xlink:href="#sSpan1010" value="ⲁⲡⲁ"/>
		<feat xlink:href="#sSpan1015" value="ⲗⲟⲩⲅⲓⲟⲥ"/>
		<feat xlink:href="#sSpan1019" value=","/>
		<feat xlink:href="#sSpan1023" value="ⲛⲁⲓ"/>
		<feat xlink:href="#sSpan1028" value="ⲛⲧⲁⲩϫⲱⲕ"/>
		<feat xlink:href="#sSpan1038" value="ⲉⲃⲟⲗ"/>
		<feat xlink:href="#sSpan1043" value="ⲛⲛⲉⲩⲡⲟⲗⲏⲧⲓⲁ"/>
		<feat xlink:href="#sSpan1052" value="˽"/>
		<feat xlink:href="#sSpan1056" value="ϫⲉⲛⲛⲁϫⲟⲟⲥ"/>
		<feat xlink:href="#sSpan1068" value="ϫⲉⲛⲉⲩⲁⲑⲗⲱⲛ"/>
		<feat xlink:href="#sSpan1077" value="ⲙⲛⲛⲉⲩⲁⲅⲱⲛ"/>
		<feat xlink:href="#sSpan1087" value="˽"/>
		<feat xlink:href="#sSpan1091" value="ⲁⲓⲁⲡⲟⲣⲉⲓ"/>
		<feat xlink:href="#sSpan1101" value="ϩⲣⲁⲓ"/>
		<feat xlink:href="#sSpan1105" value="ⲛϩⲏⲧ"/>
		<feat xlink:href="#sSpan1113" value="ϩⲱⲥ"/>
		<feat xlink:href="#sSpan1117" value="ⲉⲓⲥⲟⲟⲩⲛ"/>
		<feat xlink:href="#sSpan1125" value="ⲛⲧⲁⲁⲥⲑⲉⲛⲉⲓⲁ"/>
		<feat xlink:href="#sSpan1135" value="ⲙⲙⲓⲛⲙⲙⲟⲓ"/>
		<feat xlink:href="#sSpan1141" value="ⲙⲛⲡϫⲓⲥⲉ"/>
		<feat xlink:href="#sSpan1150" value="ⲛⲛⲁⲣⲉⲧⲏ"/>
		<feat xlink:href="#sSpan1161" value="ⲙⲡⲡⲉⲧⲟⲩⲁⲁⲃ"/>
		<feat xlink:href="#sSpan1170" value="ⲉⲧⲙⲙⲁⲩ"/>
		<feat xlink:href="#sSpan1176" value=","/>
		<feat xlink:href="#sSpan1180" value="ⲛⲧϩⲉ"/>
		<feat xlink:href="#sSpan1188" value="ⲛⲛⲟⲩⲁ"/>
		<feat xlink:href="#sSpan1197" value="ⲉϥⲁϩⲉⲣⲁⲧϥ"/>
		<feat xlink:href="#sSpan1209" value="ϩⲁⲟⲩⲡⲉⲧⲣⲁ"/>
		<feat xlink:href="#sSpan1219" value="ⲉⲥϫⲟⲥⲉ"/>
		<feat xlink:href="#sSpan1228" value="ⲉⲙⲁⲧⲉ"/>
		<feat xlink:href="#sSpan1232" value="ⲉϥⲉⲡⲉⲓⲭⲉⲣⲉⲓ"/>
		<feat xlink:href="#sSpan1238" value="ⲉϫⲓ"/>
		<feat xlink:href="#sSpan1244" value="ⲧⲡⲉⲧⲣⲁ"/>
		<feat xlink:href="#sSpan1252" value="ⲉⲧⲙⲙⲁⲩ"/>
		<feat xlink:href="#sSpan1259" value="ⲏ"/>
		<feat xlink:href="#sSpan1263" value="ⲉⲃⲱⲕ"/>
		<feat xlink:href="#sSpan1270" value="ⲉϩⲣⲁⲓ"/>
		<feat xlink:href="#sSpan1274" value="ⲛϩⲏⲧⲥ"/>
		<feat xlink:href="#sSpan1280" value=","/>
		<feat xlink:href="#sSpan1284" value="ⲉⲓⲁⲡⲟⲣⲉⲓ"/>
		<feat xlink:href="#sSpan1294" value="ⲛⲥⲁⲥⲁ"/>
		<feat xlink:href="#sSpan1301" value="ⲛⲓⲙ"/>
		<feat xlink:href="#sSpan1305" value="ϫⲉⲉⲓⲛⲁϣϭⲙϭⲟⲙ"/>
		<feat xlink:href="#sSpan1319" value="ⲛⲁϣ"/>
		<feat xlink:href="#sSpan1325" value="ⲛϩⲉ"/>
		<feat xlink:href="#sSpan1332" value="ⲉⲃⲱⲕ"/>
		<feat xlink:href="#sSpan1339" value="ⲉϩⲣⲁⲓ"/>
		<feat xlink:href="#sSpan1343" value="ⲉϫⲛⲧⲡⲉⲧⲣⲁ"/>
		<feat xlink:href="#sSpan1354" value="ⲉⲧⲙⲙⲁⲩ"/>
		<feat xlink:href="#sSpan1360" value="·"/>
		<feat xlink:href="#sSpan1365" value="ⲙⲁϯ"/>
		<feat xlink:href="#sSpan1371" value="ⲛⲁⲓ"/>
		<feat xlink:href="#sSpan1377" value="ⲛⲟⲩⲥⲩⲅⲛⲱⲙⲏ"/>
		<feat xlink:href="#sSpan1386" value="ⲉⲧⲣⲁϫⲟⲟⲥ"/>
		<feat xlink:href="#sSpan1398" value="ϫⲉⲧⲡⲉⲧⲣⲁ"/>
		<feat xlink:href="#sSpan1408" value="ⲉⲛⲉ"/>
		<feat xlink:href="#sSpan1413" value="ⲡⲉⲭⲣⲓⲥⲧⲟⲥ"/>
		<feat xlink:href="#sSpan1421" value="ⲡⲉ"/>
		<feat xlink:href="#sSpan1425" value="·"/>
		<feat xlink:href="#sSpan1429" value="ⲡⲙⲁ"/>
		<feat xlink:href="#sSpan1438" value="ⲅⲁⲣ"/>
		<feat xlink:href="#sSpan1442" value="ⲉⲧⲉⲣⲉⲛⲉⲧⲟⲩⲁⲁⲃ"/>
		<feat xlink:href="#sSpan1453" value="ⲛϩⲏⲧϥ"/>
		<feat xlink:href="#sSpan1459" value="ϥⲙⲙⲁⲩ"/>
		<feat xlink:href="#sSpan1465" value="ⲛϭⲓⲡϫⲟⲉⲓⲥ"/>
		<feat xlink:href="#sSpan1474" value="ⲛⲛⲉⲧⲟⲩⲁⲁⲃ"/>
		<feat xlink:href="#sSpan1486" value="·"/>
		<feat xlink:href="#sSpan1491" value="ⲡⲉⲧⲉⲙⲡⲉϥϯⲥⲟ"/>
		<feat xlink:href="#sSpan1507" value="ⲅⲁⲣ"/>
		<feat xlink:href="#sSpan1511" value="ⲉⲃⲱⲕ"/>
		<feat xlink:href="#sSpan1518" value="ⲉϩⲣⲁⲓ"/>
		<feat xlink:href="#sSpan1522" value="ⲉⲛⲧⲟⲟⲩ"/>
		<feat xlink:href="#sSpan1531" value="ⲙⲛⲡⲉⲧⲣⲟⲥ"/>
		<feat xlink:href="#sSpan1540" value="ⲙⲛⲓⲱϩⲁⲛⲛⲏⲥ"/>
		<feat xlink:href="#sSpan1550" value=","/>
		<feat xlink:href="#sSpan1554" value="ⲙⲡⲉϥϯⲥⲟ"/>
		<feat xlink:href="#sSpan1566" value="ⲟⲛ"/>
		<feat xlink:href="#sSpan1570" value="ⲉⲟⲩⲱϩ"/>
		<feat xlink:href="#sSpan1576" value="ⲙⲛⲁⲡⲁ"/>
		<feat xlink:href="#sSpan1585" value="ⲗⲟⲅⲅⲓⲛⲟⲥ"/>
		<feat xlink:href="#sSpan1589" value="ⲙⲛⲁⲡⲁ"/>
		<feat xlink:href="#sSpan1598" value="ⲗⲟⲩⲅⲓⲟⲥ"/>
		<feat xlink:href="#sSpan1602" value="ⲡⲉϥⲉⲓⲱⲧ"/>
		<feat xlink:href="#sSpan1609" value="ϩⲙⲡⲙⲁ"/>
		<feat xlink:href="#sSpan1618" value="ⲉⲛⲉⲩⲛϩⲏⲧϥ"/>
		<feat xlink:href="#sSpan1630" value="·"/>
		<feat xlink:href="#sSpan1634" value="ⲁⲩⲱ"/>
		<feat xlink:href="#sSpan1638" value="ⲁⲣⲏⲩ"/>
		<feat xlink:href="#sSpan1642" value="ⲛⲧϩⲉ"/>
		<feat xlink:href="#sSpan1650" value="ⲛⲧⲁⲧⲟⲡⲧⲁⲥⲓⲁ"/>
		<feat xlink:href="#sSpan1659" value="ⲉⲧⲙⲙⲁⲩ"/>
		<feat xlink:href="#sSpan1665" value="ⲧⲥⲁⲃⲟ"/>
		<feat xlink:href="#sSpan1670" value="ⲙⲡⲉⲧⲣⲟⲥ"/>
		<feat xlink:href="#sSpan1679" value="ⲙⲛⲓⲱϩⲁⲛⲛⲏⲥ"/>
		<feat xlink:href="#sSpan1688" value="ϫⲉⲛⲓⲙ"/>
		<feat xlink:href="#sSpan1694" value="ⲡⲉⲛⲧⲁϥⲃⲱⲕ"/>
		<feat xlink:href="#sSpan1707" value="ⲉϩⲣⲁⲓ"/>
		<feat xlink:href="#sSpan1711" value="ⲉⲧⲡⲉⲧⲣⲁ"/>
		<feat xlink:href="#sSpan1721" value="ⲉⲧⲙⲙⲁⲩ"/>
		<feat xlink:href="#sSpan1728" value=","/>
		<feat xlink:href="#sSpan1733" value="ⲧⲁⲓ"/>
		<feat xlink:href="#sSpan1738" value="ⲟⲛ"/>
		<feat xlink:href="#sSpan1742" value="ⲧⲉ"/>
		<feat xlink:href="#sSpan1746" value="ⲧϩⲉ"/>
		<feat xlink:href="#sSpan1752" value="ⲛⲧⲁϥⲧⲥⲁⲃⲉ"/>
		<feat xlink:href="#sSpan1763" value="ⲁⲡⲁ"/>
		<feat xlink:href="#sSpan1769" value="ⲗⲟⲩⲅⲓⲟⲥ"/>
		<feat xlink:href="#sSpan1773" value="ⲙⲛⲁⲡⲁ"/>
		<feat xlink:href="#sSpan1782" value="ⲗⲟⲅⲅⲓⲛⲟⲥ"/>
		<feat xlink:href="#sSpan1786" value="ⲉⲧⲡⲓⲥⲧⲓⲥ"/>
		<feat xlink:href="#sSpan1797" value="ⲉⲧⲥⲟⲩⲧⲱⲛ"/>
		<feat xlink:href="#sSpan1803" value=","/>
		<feat xlink:href="#sSpan1807" value="ⲧⲁⲓ"/>
		<feat xlink:href="#sSpan1811" value="ⲛⲧⲁϩⲁϩ"/>
		<feat xlink:href="#sSpan1820" value="ⲙⲁⲧⲉ"/>
		<feat xlink:href="#sSpan1824" value="ⲙⲙⲟⲥ"/>
		<feat xlink:href="#sSpan1830" value="ⲉⲃⲟⲗ"/>
		<feat xlink:href="#sSpan1835" value="ϩⲓⲧⲟⲟⲧⲟⲩ"/>
		<feat xlink:href="#sSpan1841" value=","/>
		<feat xlink:href="#sSpan1846" value="ⲕⲁⲧⲁⲧϩⲉ"/>
		<feat xlink:href="#sSpan1855" value="ⲉⲧⲛⲛⲁⲟⲩⲉⲛϩ"/>
		<feat xlink:href="#sSpan1865" value="ⲡⲁⲓ"/>
		<feat xlink:href="#sSpan1870" value="ⲉⲃⲟⲗ"/>
		<feat xlink:href="#sSpan1874" value="ϩⲙⲡⲧⲣⲉⲛⲙⲟⲟϣⲉ"/>
		<feat xlink:href="#sSpan1888" value="ⲉⲧϩⲏ"/>
		<feat xlink:href="#sSpan1897" value="·"/>
		<feat xlink:href="#sSpan1902" value="ⲡⲗⲏⲛ"/>
		<feat xlink:href="#sSpan1911" value="ϩⲱⲥ"/>
		<feat xlink:href="#sSpan1915" value="ⲉⲓⲥⲟⲟⲩ"/>
		<feat xlink:href="#sSpan1925" value="ⲛⲛⲁϭⲱϫⲃ"/>
		<feat xlink:href="#sSpan1933" value="ⲙⲙⲓⲛⲙⲙⲟⲓ"/>
		<feat xlink:href="#sSpan1939" value=","/>
		<feat xlink:href="#sSpan1943" value="ⲉⲓⲟⲩⲱϣ"/>
		<feat xlink:href="#sSpan1951" value="ⲉⲕⲁⲣⲱⲓ"/>
		<feat xlink:href="#sSpan1961" value="ⲉⲧϩⲓⲥⲧⲱⲣⲓⲁ"/>
		<feat xlink:href="#sSpan1971" value="ⲛⲛⲉⲧⲟⲩⲁⲁⲃ"/>
		<feat xlink:href="#sSpan1982" value="ⲉⲧⲙⲙⲁⲩ"/>
		<feat xlink:href="#sSpan1988" value="ⲉⲧⲃⲉⲡⲉⲩϫⲓⲥⲉ"/>
		<feat xlink:href="#sSpan1997" value="ⲙⲛⲧⲁⲉⲩⲧⲉⲗⲉⲓⲁ"/>
		<feat xlink:href="#sSpan2007" value="ϩⲱ"/>
		<feat xlink:href="#sSpan2011" value=","/>
		<feat xlink:href="#sSpan2015" value="ⲉϣϫⲉ"/>
		<feat xlink:href="#sSpan2020" value="ⲉⲓⲛⲁⲩ"/>
		<feat xlink:href="#sSpan2029" value="ⲉⲡⲉⲕⲣⲓⲙⲙⲁ"/>
		<feat xlink:href="#sSpan2038" value="ϩⲱⲱϥ"/>
		<feat xlink:href="#sSpan2044" value="ⲙⲡⲙⲧⲟ"/>
		<feat xlink:href="#sSpan2053" value="ⲛⲛⲁⲃⲁⲗ"/>
		<feat xlink:href="#sSpan2062" value="ⲉϥⲁⲡⲉⲓⲗⲉ"/>
		<feat xlink:href="#sSpan2071" value="ⲛⲁⲓ"/>
		<feat xlink:href="#sSpan2077" value="ⲛⲧⲉⲓϩⲉ"/>
		<feat xlink:href="#sSpan2085" value="ϫⲉ"/>
		<feat xlink:href="#sSpan2089" value="·"/>
		<feat xlink:href="#sSpan2094" value="ⲁⲣⲁ"/>
		<feat xlink:href="#sSpan2099" value="ⲧⲉⲓⲙⲛⲧⲣⲉϥⲣϩⲟⲧⲉ"/>
		<feat xlink:href="#sSpan2110" value="ⲛⲧⲉⲓⲙⲓⲛⲉ"/>
		<feat xlink:href="#sSpan2118" value="ⲣⲁⲛⲁϥ"/>
		<feat xlink:href="#sSpan2126" value="ⲙⲡⲛⲟⲩⲧⲉ"/>
		<feat xlink:href="#sSpan2135" value="·"/>
		<feat xlink:href="#sSpan2139" value="ⲉϣϫⲉ"/>
		<feat xlink:href="#sSpan2144" value="ϩⲟⲗⲱⲥ"/>
		<feat xlink:href="#sSpan2148" value="ⲕϩⲟⲙⲟⲗⲟⲅⲉⲓ"/>
		<feat xlink:href="#sSpan2156" value="ϫⲉϩⲉⲛⲡⲉⲧⲟⲩⲁⲁⲃ"/>
		<feat xlink:href="#sSpan2168" value="ⲛⲉ"/>
		<feat xlink:href="#sSpan2172" value="ⲁⲩⲱ"/>
		<feat xlink:href="#sSpan2177" value="ϩⲉⲛⲡⲁⲣⲁⲛⲏⲧⲟⲥ"/>
		<feat xlink:href="#sSpan2184" value="ⲛⲉ"/>
		<feat xlink:href="#sSpan2188" value=","/>
		<feat xlink:href="#sSpan2192" value="ⲁⲩⲱ"/>
		<feat xlink:href="#sSpan2196" value="ϫⲉⲁⲛⲉⲩⲡⲟⲗⲏϯⲁ"/>
		<feat xlink:href="#sSpan2208" value="ϫⲓⲥⲉ"/>
		<feat xlink:href="#sSpan2212" value="ⲛⲧⲉⲓϩⲉ"/>
		<feat xlink:href="#sSpan2220" value="ⲧⲏⲣⲥ"/>
		<feat xlink:href="#sSpan2227" value="ⲕⲁⲧⲁⲧϩⲉ"/>
		<feat xlink:href="#sSpan2235" value="ⲉⲧⲉⲕϫⲱ"/>
		<feat xlink:href="#sSpan2243" value="ⲙⲙⲟⲥ"/>
		<feat xlink:href="#sSpan2249" value=","/>
		<feat xlink:href="#sSpan2253" value="ⲁⲩⲱ"/>
		<feat xlink:href="#sSpan2258" value="ϫⲉⲟⲩⲛϭⲟⲙ"/>
		<feat xlink:href="#sSpan2266" value="ⲉⲧⲣⲉⲡⲉⲩⲃⲓⲟⲥ"/>
		<feat xlink:href="#sSpan2279" value="ϣⲏⲣⲉ"/>
		<feat xlink:href="#sSpan2284" value="ⲛⲕⲱⲧ"/>
		<feat xlink:href="#sSpan2291" value="ⲛⲛⲧⲉⲛⲁⲥⲟⲧⲙⲉϥ"/>
		<feat xlink:href="#sSpan2305" value=","/>
		<feat xlink:href="#sSpan2310" value="ⲉⲧⲃⲉⲟⲩ"/>
		<feat xlink:href="#sSpan2316" value="ⲕⲥⲱⲧ"/>
		<feat xlink:href="#sSpan2322" value="ⲡⲙⲡⲕⲁⲣⲱⲧ"/>
		<feat xlink:href="#sSpan2333" value="ⲉⲧⲙϫⲱ"/>
		<feat xlink:href="#sSpan2342" value="ⲛⲁⲛ"/>
		<feat xlink:href="#sSpan2348" value="ⲙⲡⲃⲓⲟⲥ"/>
		<feat xlink:href="#sSpan2358" value="ⲛⲛⲉⲧⲟⲩⲁⲁⲃ"/>
		<feat xlink:href="#sSpan2369" value="ⲉⲧⲙⲙⲁⲩ"/>
		<feat xlink:href="#sSpan2375" value=";"/>
		<feat xlink:href="#sSpan2380" value="ⲕⲁⲛ"/>
		<feat xlink:href="#sSpan2386" value="ⲉϣϫⲉ"/>
		<feat xlink:href="#sSpan2390" value="ⲙⲉⲕⲉϣϭⲙϭⲟⲙ"/>
		<feat xlink:href="#sSpan2400" value="ⲉϫⲱ"/>
		<feat xlink:href="#sSpan2404" value="ⲛⲁⲛ"/>
		<feat xlink:href="#sSpan2411" value="ⲛⲧⲡⲟⲗⲏϯⲁ"/>
		<feat xlink:href="#sSpan2421" value="ⲛⲛⲉⲧⲟⲩⲁⲁⲃ"/>
		<feat xlink:href="#sSpan2432" value="ⲉⲧⲙⲙⲁⲩ"/>
		<feat xlink:href="#sSpan2438" value="ⲉⲧⲙⲉϩ"/>
		<feat xlink:href="#sSpan2444" value="ⲛⲁⲣⲉⲧⲏ"/>
		<feat xlink:href="#sSpan2452" value="ⲛⲓⲙ"/>
		<feat xlink:href="#sSpan2457" value="ⲁⲗⲗⲁ"/>
		<feat xlink:href="#sSpan2461" value="ⲟⲩⲛ"/>
		<feat xlink:href="#sSpan2465" value="ϫⲱ"/>
		<feat xlink:href="#sSpan2470" value="ⲙⲡⲉⲧⲕⲛⲁⲉϣⲧⲁϩⲟϥ"/>
		<feat xlink:href="#sSpan2490" value="ϩⲛⲟⲩⲑⲃⲃⲓⲟ"/>
		<feat xlink:href="#sSpan2499" value="ϫⲉⲛⲛⲉⲕϣⲱⲡⲉ"/>
		<feat xlink:href="#sSpan2509" value="ⲉϣϫⲉ"/>
		<feat xlink:href="#sSpan2513" value="ⲉⲕⲫⲑⲟⲛⲓ"/>
		<feat xlink:href="#sSpan2522" value="ⲉⲡϩⲡⲩ"/>
		<feat xlink:href="#sSpan2531" value="ⲛⲛⲉⲯⲩⲭⲏ"/>
		<feat xlink:href="#sSpan2542" value="ⲛⲛⲉⲧⲛⲁⲥⲱⲧⲙ"/>
		<feat xlink:href="#sSpan2555" value="ⲉⲡⲃⲓⲟⲥ"/>
		<feat xlink:href="#sSpan2565" value="ⲙⲡⲁⲣⲁⲛⲉⲧⲟⲥ"/>
		<feat xlink:href="#sSpan2573" value="ⲉⲧⲟⲩⲁⲁⲃ"/>
		<feat xlink:href="#sSpan2579" value="ⲉⲧⲙⲙⲁⲩ"/>
		<feat xlink:href="#sSpan2585" value="ⲛⲥⲉⲟⲩⲁϩⲟⲩ"/>
		<feat xlink:href="#sSpan2595" value="ⲛⲥⲁⲟⲩⲙⲉⲣⲟⲥ"/>
		<feat xlink:href="#sSpan2606" value="ϣⲏⲙ"/>
		<feat xlink:href="#sSpan2610" value="ⲛϩⲏⲧⲟⲩ"/>
		<feat xlink:href="#sSpan2616" value="·"/>
		<feat xlink:href="#sSpan2621" value="ⲙⲁⲗⲓⲥⲧⲁ"/>
		<feat xlink:href="#sSpan2629" value="ⲉⲣⲉⲡⲕⲩⲣⲝ"/>
		<feat xlink:href="#sSpan2639" value="ⲛⲧⲙⲉ"/>
		<feat xlink:href="#sSpan2648" value="ⲡⲥⲁϩ"/>
		<feat xlink:href="#sSpan2657" value="ⲡⲁⲩⲗⲟⲥ"/>
		<feat xlink:href="#sSpan2662" value="ⲡⲁⲣⲁⲅⲅⲉⲓⲗⲉ"/>
		<feat xlink:href="#sSpan2666" value="ϫⲉ"/>
		<feat xlink:href="#sSpan2670" value="·"/>
		<feat xlink:href="#sSpan2674" value="ⲁⲣⲓⲡⲙⲉⲉⲩⲉ"/>
		<feat xlink:href="#sSpan2686" value="ⲛⲛⲉⲧⲛⲛⲟϭ"/>
		<feat xlink:href="#sSpan2695" value="ⲛⲁⲓ"/>
		<feat xlink:href="#sSpan2700" value="ⲛⲧⲁⲩϫⲱ"/>
		<feat xlink:href="#sSpan2710" value="ⲛⲏⲧⲛ"/>
		<feat xlink:href="#sSpan2716" value="ⲙⲡϣⲁϫⲉ"/>
		<feat xlink:href="#sSpan2725" value="ⲙⲡⲛⲟⲩⲧⲉ"/>
		<feat xlink:href="#sSpan2734" value=","/>
		<feat xlink:href="#sSpan2738" value="ⲛⲁⲓ"/>
		<feat xlink:href="#sSpan2742" value="ⲉⲧⲉⲧⲛϭⲱϣⲧ"/>
		<feat xlink:href="#sSpan2751" value="ⲉⲡϫⲓⲥⲉ"/>
		<feat xlink:href="#sSpan2760" value="ⲛⲧⲉⲩⲁⲛⲁⲥⲧⲣⲟⲫⲏ"/>
		<feat xlink:href="#sSpan2770" value="ⲧⲛⲧⲛⲧⲏⲩⲧⲛ"/>
		<feat xlink:href="#sSpan2776" value="ⲉⲧⲉⲩⲡⲓⲥⲧⲓⲥ"/>
		<feat xlink:href="#sSpan2786" value="·"/>
		<feat xlink:href="#sSpan2790" value="ⲁⲩⲱ"/>
		<feat xlink:href="#sSpan2795" value="ϩⲱⲥ"/>
		<feat xlink:href="#sSpan2799" value="ⲉⲣⲉⲡⲛⲟⲩⲧⲉ"/>
		<feat xlink:href="#sSpan2809" value="ⲥⲟⲟⲩⲛ"/>
		<feat xlink:href="#sSpan2813" value="ϫⲉⲥⲉⲛⲁϣⲱⲡⲉ"/>
		<feat xlink:href="#sSpan2823" value="ⲛⲱⲫⲉⲗⲓⲁ"/>
		<feat xlink:href="#sSpan2831" value="ⲛⲛⲉⲧⲛⲁⲥⲱⲧⲙ"/>
		<feat xlink:href="#sSpan2844" value="ⲉⲡⲃⲓⲟⲥ"/>
		<feat xlink:href="#sSpan2854" value="ⲛⲛⲉⲛⲧⲁⲩⲡⲟⲗⲓⲧⲉⲩⲉ"/>
		<feat xlink:href="#sSpan2872" value="ⲕⲁⲧⲁⲡⲉϥⲟⲩⲱϣ"/>
		<feat xlink:href="#sSpan2881" value="ⲁϥⲥϩⲁⲓ"/>
		<feat xlink:href="#sSpan2889" value="ⲛⲁⲛ"/>
		<feat xlink:href="#sSpan2895" value="ϩⲓⲧⲙⲡⲉϥⲡⲛⲉⲩⲙⲁ"/>
		<feat xlink:href="#sSpan2905" value="ⲉⲧⲟⲩⲁⲁⲃ"/>
		<feat xlink:href="#sSpan2911" value="ⲙⲡⲃⲓⲟⲥ"/>
		<feat xlink:href="#sSpan2922" value="ⲛⲙⲡⲁⲧⲣⲓⲁⲣⲭⲏⲥ"/>
		<feat xlink:href="#sSpan2932" value="ⲙⲛⲡⲕⲉⲥⲉⲉⲡⲉ"/>
		<feat xlink:href="#sSpan2943" value="ⲛⲛⲉⲧⲟⲩⲁⲁⲃ"/>
		<feat xlink:href="#sSpan2954" value="˽"/>
		<feat xlink:href="#sSpan2958" value="ⲛⲁⲓ"/>
		<feat xlink:href="#sSpan2964" value="ⲛⲧⲁⲩϣⲱⲡⲉ"/>
		<feat xlink:href="#sSpan2974" value="ϩⲛⲧⲡⲁⲗⲁⲓⲁ"/>
		<feat xlink:href="#sSpan2985" value="ⲇⲓⲁⲑⲏⲕⲏ"/>
		<feat xlink:href="#sSpan2989" value="ⲙⲛⲧⲕⲩⲛⲏ"/>
		<feat xlink:href="#sSpan2998" value="˽"/>
		<feat xlink:href="#sSpan3002" value="ϫⲉⲕⲁⲥ"/>
		<feat xlink:href="#sSpan3006" value="ⲛⲛⲁⲥⲱⲧⲙ"/>
		<feat xlink:href="#sSpan3014" value="ⲉⲣⲟⲟⲩ"/>
		<feat xlink:href="#sSpan3020" value="ⲙⲙⲁⲧⲉ"/>
		<feat xlink:href="#sSpan3024" value="ⲁⲛ"/>
		<feat xlink:href="#sSpan3029" value="ⲁⲗⲗⲁ"/>
		<feat xlink:href="#sSpan3033" value="ϫⲉⲕⲁⲥ"/>
		<feat xlink:href="#sSpan3038" value="ⲉⲛⲛⲁⲧⲛⲧⲱⲛⲛ"/>
		<feat xlink:href="#sSpan3046" value="ⲉⲡⲉⲩⲥⲙⲟⲧ"/>
		<feat xlink:href="#sSpan3055" value="ⲧⲛⲕⲗⲏⲣⲟⲛⲟⲙⲉⲓ"/>
		<feat xlink:href="#sSpan3062" value="ϩⲱⲱⲛ"/>
		<feat xlink:href="#sSpan3068" value="ⲛⲛⲉⲣⲏⲧ"/>
		<feat xlink:href="#sSpan3076" value="ⲛⲧⲁⲡⲛⲟⲩⲧⲉ"/>
		<feat xlink:href="#sSpan3088" value="ⲉⲣⲏⲧ"/>
		<feat xlink:href="#sSpan3092" value="ⲙⲙⲟⲟⲩ"/>
		<feat xlink:href="#sSpan3098" value="ⲛⲛⲉⲧⲙⲉ"/>
		<feat xlink:href="#sSpan3109" value="ⲙⲙⲟϥ"/>
		<feat xlink:href="#sSpan3115" value="·"/>
		<feat xlink:href="#sSpan3119" value="ⲛⲁⲓ"/>
		<feat xlink:href="#sSpan3124" value="ⲟⲩⲛ"/>
		<feat xlink:href="#sSpan3128" value="ⲉⲓⲙⲉⲉⲩⲉ"/>
		<feat xlink:href="#sSpan3136" value="ⲉⲣⲟⲟⲩ"/>
		<feat xlink:href="#sSpan3142" value="ϩⲣⲁⲓ"/>
		<feat xlink:href="#sSpan3146" value="ⲛϩⲏⲧ"/>
		<feat xlink:href="#sSpan3153" value="ⲁⲓⲟⲡϥ"/>
		<feat xlink:href="#sSpan3164" value="ϫⲉⲟⲩⲁⲛⲁⲅⲕⲁⲓⲟⲛ"/>
		<feat xlink:href="#sSpan3174" value="ⲡⲉ"/>
		<feat xlink:href="#sSpan3178" value="ⲉⲧⲣⲁⲁⲣⲭⲓⲥⲑⲁⲓ"/>
		<feat xlink:href="#sSpan3189" value="ⲉⲧϩⲓⲥⲧⲱⲣⲓⲁ"/>
		<feat xlink:href="#sSpan3198" value="ⲛⲛⲉⲧⲟⲩⲁⲁⲃ"/>
		<feat xlink:href="#sSpan3209" value="ⲁⲩⲱ"/>
		<feat xlink:href="#sSpan3214" value="ⲉⲧⲣⲁϯⲡⲣⲡⲙⲉⲉⲩⲉ"/>
		<feat xlink:href="#sSpan3232" value="ⲛⲛⲉⲩⲡⲟⲗⲏϯⲁ"/>
		<feat xlink:href="#sSpan3242" value="ⲛⲏⲧⲛ"/>
		<feat xlink:href="#sSpan3248" value=","/>
		<feat xlink:href="#sSpan3252" value="ⲉⲓⲥⲟⲟⲩⲛ"/>
		<feat xlink:href="#sSpan3260" value="ϩⲛⲟⲩⲱⲣϫ"/>
		<feat xlink:href="#sSpan3268" value="ϫⲉ"/>
		<feat xlink:href="#sSpan3272" value="·"/>
		<feat xlink:href="#sSpan3276" value="ⲟⲩⲣⲡⲙⲉⲉⲩⲉ"/>
		<feat xlink:href="#sSpan3289" value="ⲉⲛⲁⲛⲟⲩϥ"/>
		<feat xlink:href="#sSpan3297" value="ⲡⲉ"/>
		<feat xlink:href="#sSpan3301" value="ⲡⲣⲡⲙⲉⲉⲩⲉ"/>
		<feat xlink:href="#sSpan3311" value="ⲙⲡⲇⲓⲕⲁⲓⲟⲥ"/>
		<feat xlink:href="#sSpan3321" value=","/>
		<feat xlink:href="#sSpan3325" value="ⲁⲩⲱ"/>
		<feat xlink:href="#sSpan3329" value="ϫⲉ"/>
		<feat xlink:href="#sSpan3333" value="·"/>
		<feat xlink:href="#sSpan3337" value="ϣⲁⲣⲉⲡⲥⲟⲉⲓⲧ"/>
		<feat xlink:href="#sSpan3348" value="ⲉⲧⲛⲁⲛⲟⲩϥ"/>
		<feat xlink:href="#sSpan3358" value="ⲉⲩⲫⲣⲁⲛⲉ"/>
		<feat xlink:href="#sSpan3362" value="ⲙⲡϩⲏⲧ"/>
		<feat xlink:href="#sSpan3371" value="·"/>
		<feat xlink:href="#sSpan3376" value="ⲙⲁⲗⲓⲥⲧⲁ"/>
		<feat xlink:href="#sSpan3380" value="ϫⲉϣⲁⲣⲉⲛⲗⲁⲟⲥ"/>
		<feat xlink:href="#sSpan3395" value="ⲉⲩⲫⲣⲁⲛⲉ"/>
		<feat xlink:href="#sSpan3399" value="ⲉⲩϣⲁϫⲉ"/>
		<feat xlink:href="#sSpan3407" value="ⲉⲛⲇⲓⲕⲁⲓⲟⲥ"/>
		<feat xlink:href="#sSpan3418" value=","/>
		<feat xlink:href="#sSpan3423" value="ⲕⲁⲧⲁⲛⲉⲛⲧⲁⲡⲥⲟⲫⲟⲥ"/>
		<feat xlink:href="#sSpan3440" value="ⲥⲟⲗⲟⲙⲱⲛ"/>
		<feat xlink:href="#sSpan3444" value="ϫⲟⲟⲩ"/>
		<feat xlink:href="#sSpan3450" value="·"/>
		<feat xlink:href="#sSpan3454" value="ⲧⲡⲟⲗⲏϯⲁ"/>
		<feat xlink:href="#sSpan3464" value="ⲙⲛⲡⲃⲓⲟⲥ"/>
		<feat xlink:href="#sSpan3474" value="ⲙⲡⲉⲛⲉⲓⲱⲧ"/>
		<feat xlink:href="#sSpan3483" value="ⲉⲧⲟⲩⲁⲁⲃ"/>
		<feat xlink:href="#sSpan3490" value="ⲁⲡⲁ"/>
		<feat xlink:href="#sSpan3496" value="ⲗⲟⲅⲅⲓⲛⲟⲥ"/>
		<feat xlink:href="#sSpan3500" value=","/>
		<feat xlink:href="#sSpan3504" value="ⲉⲛⲉⲩⲉⲃⲟⲗ"/>
		<feat xlink:href="#sSpan3514" value="ⲡⲉ"/>
		<feat xlink:href="#sSpan3518" value="ϩⲛⲧⲗⲁⲩⲣⲁ"/>
		<feat xlink:href="#sSpan3531" value="ⲙⲡϩⲉⲛⲁⲧⲟⲛ"/>
		<feat xlink:href="#sSpan3540" value="ⲛⲣⲁⲕⲟⲧⲉ"/>
		<feat xlink:href="#sSpan3549" value="·"/>
		<feat xlink:href="#sSpan3553" value="ⲛⲉⲟⲩ"/>
		<feat xlink:href="#sSpan3563" value="ⲉⲧⲉⲓⲙⲓⲛⲉ"/>
		<feat xlink:href="#sSpan3573" value="ⲇⲉ"/>
		<feat xlink:href="#sSpan3577" value="ⲡⲉ"/>
		<feat xlink:href="#sSpan3581" value="·"/>
		<feat xlink:href="#sSpan3585" value="ⲉⲛⲉⲟⲩⲉⲃⲟⲗ"/>
		<feat xlink:href="#sSpan3596" value="ⲡⲉ"/>
		<feat xlink:href="#sSpan3600" value="ϩⲛⲟⲩⲡⲟⲗⲓⲥ"/>
		<feat xlink:href="#sSpan3609" value="ⲛⲧⲉⲧⲗⲩⲕⲓⲁ"/>
		<feat xlink:href="#sSpan3620" value="ⲡⲉ"/>
		<feat xlink:href="#sSpan3626" value="ⲕⲁⲧⲁⲡⲉϥⲅⲉⲛⲟⲥ"/>
		<feat xlink:href="#sSpan3636" value="ⲉⲧⲏⲡ"/>
		<feat xlink:href="#sSpan3642" value="ⲉⲡⲕⲁϩ"/>
		<feat xlink:href="#sSpan3651" value=","/>
		<feat xlink:href="#sSpan3655" value="ⲉⲩⲡⲟⲗⲓⲧⲏⲥ"/>
		<feat xlink:href="#sSpan3665" value="ⲡⲉ"/>
		<feat xlink:href="#sSpan3669" value="ⲛⲧⲉⲧϩⲓⲉⲗⲏⲙ"/>
		<feat xlink:href="#sSpan3681" value="ⲛⲧⲡⲉ"/>
		<feat xlink:href="#sSpan3690" value="ⲉⲣⲉⲡⲉϥⲡⲟⲗⲓⲧⲉⲩⲙⲁ"/>
		<feat xlink:href="#sSpan3701" value="ϩⲛⲙⲡⲏⲩⲉ"/>
		<feat xlink:href="#sSpan3710" value=","/>
		<feat xlink:href="#sSpan3715" value="ⲕⲁⲧⲁⲡϣⲁϫⲉ"/>
		<feat xlink:href="#sSpan3724" value="ⲙⲡⲥⲟⲫⲟⲥ"/>
		<feat xlink:href="#sSpan3736" value="ⲡⲁⲩⲗⲟⲥ"/>
		<feat xlink:href="#sSpan3740" value="·"/>
		<feat xlink:href="#sSpan3745" value="ⲁⲓⲧⲉⲓ"/>
		<feat xlink:href="#sSpan3751" value="ⲇⲉ"/>
		<feat xlink:href="#sSpan3755" value="ⲉϥⲟ"/>
		<feat xlink:href="#sSpan3764" value="ⲛϣⲏⲣⲉ"/>
		<feat xlink:href="#sSpan3772" value="ϣⲏⲙ"/>
		<feat xlink:href="#sSpan3776" value="ⲁϥⲙⲉⲣⲉⲧⲉⲫⲓⲗⲟⲥⲟⲫⲓⲁ"/>
		<feat xlink:href="#sSpan3790" value="ⲙⲡⲃⲓⲟⲥ"/>
		<feat xlink:href="#sSpan3800" value="ⲛⲧⲙⲛⲧⲙⲟⲛⲁⲭⲟⲥ"/>
		<feat xlink:href="#sSpan3812" value="ⲁϥϯ"/>
		<feat xlink:href="#sSpan3820" value="ⲙⲡⲉϥⲟⲩⲟⲓ"/>
		<feat xlink:href="#sSpan3829" value="ⲉⲩⲙⲟⲛⲁⲥⲧⲏⲣⲓⲟⲛ"/>
		<feat xlink:href="#sSpan3839" value="ⲉⲡⲁⲧⲉϥⲭⲱⲣⲁ"/>
		<feat xlink:href="#sSpan3851" value="ⲡⲉ"/>
		<feat xlink:href="#sSpan3855" value="ⲛⲧⲉⲧⲗⲩⲕⲓⲁ"/>
		<feat xlink:href="#sSpan3866" value="ⲉϣⲁⲩⲙⲟⲩⲧⲉ"/>
		<feat xlink:href="#sSpan3876" value="ⲉⲣⲟϥ"/>
		<feat xlink:href="#sSpan3883" value="ϫⲉⲡⲙⲁ"/>
		<feat xlink:href="#sSpan3894" value="ⲛⲁⲡⲁ"/>
		<feat xlink:href="#sSpan3902" value="ϩⲓⲉⲣⲟⲛⲓⲕⲟⲥ"/>
		<feat xlink:href="#sSpan3906" value="·"/>
		<feat xlink:href="#sSpan3910" value="ⲁⲩⲱ"/>
		<feat xlink:href="#sSpan3915" value="ⲛⲧⲉⲣⲉϥⲙⲡϣⲁ"/>
		<feat xlink:href="#sSpan3923" value="ⲙⲡⲉⲥⲭⲏⲙⲁ"/>
		<feat xlink:href="#sSpan3933" value="ⲉⲧⲟⲩⲁⲁⲃ"/>
		<feat xlink:href="#sSpan3939" value="ⲛⲧⲙⲛⲧⲙⲟⲛⲁⲭⲟⲥ"/>
		<feat xlink:href="#sSpan3952" value="ϩⲙⲡⲙⲟⲛⲁⲥⲧⲏⲣⲓⲟⲛ"/>
		<feat xlink:href="#sSpan3964" value="ⲉⲧⲙⲙⲁⲩ"/>
		<feat xlink:href="#sSpan3970" value="ⲁⲩⲧⲁⲁϥ"/>
		<feat xlink:href="#sSpan3980" value="ⲉⲧⲟⲟⲧϥ"/>
		<feat xlink:href="#sSpan3986" value="ⲛⲟⲩⲛⲟϭ"/>
		<feat xlink:href="#sSpan3995" value="ⲛⲁⲥⲕⲏⲧⲏⲥ"/>
		<feat xlink:href="#sSpan4003" value="ⲉⲡⲉϥⲣⲁⲛ"/>
		<feat xlink:href="#sSpan4012" value="ⲡⲉ"/>
		<feat xlink:href="#sSpan4017" value="ⲁⲡⲁ"/>
		<feat xlink:href="#sSpan4023" value="ⲗⲟⲩⲅⲓⲟⲥ"/>
		<feat xlink:href="#sSpan4027" value=","/>
		<feat xlink:href="#sSpan4031" value="ⲉϥⲕⲟⲥⲙⲉⲓ"/>
		<feat xlink:href="#sSpan4040" value="ϩⲙⲡϣⲁϫⲉ"/>
		<feat xlink:href="#sSpan4049" value="ⲛⲛⲉⲅⲣⲁⲫⲏ"/>
		<feat xlink:href="#sSpan4059" value="ⲉⲧⲟⲩⲁⲁⲃ"/>
		<feat xlink:href="#sSpan4066" value="ⲙⲛⲧⲇⲓⲁⲕⲣⲏⲥⲓⲥ"/>
		<feat xlink:href="#sSpan4075" value="ⲧⲙⲁⲁⲩ"/>
		<feat xlink:href="#sSpan4082" value="ⲛⲛⲁⲣⲉⲧⲏ"/>
		<feat xlink:href="#sSpan4092" value="ⲧⲏⲣⲟⲩ"/>
		<feat xlink:href="#sSpan4098" value="·"/>
		<feat xlink:href="#sSpan4102" value="ⲁϥⲡⲁⲓⲇⲁⲅⲱⲅⲉⲓ"/>
		<feat xlink:href="#sSpan4111" value="ⲟⲛ"/>
		<feat xlink:href="#sSpan4115" value="ⲙⲙⲟϥ"/>
		<feat xlink:href="#sSpan4122" value="ϩⲛⲧⲡⲓⲥⲧⲓⲥ"/>
		<feat xlink:href="#sSpan4132" value="ⲙⲛⲛⲁⲕⲟⲗⲟⲑⲓⲁ"/>
		<feat xlink:href="#sSpan4141" value="ⲛⲓⲙ"/>
		<feat xlink:href="#sSpan4145" value="ⲉⲧⲡⲣⲉⲡⲉⲓ"/>
		<feat xlink:href="#sSpan4152" value="ⲉⲡⲃⲓⲟⲥ"/>
		<feat xlink:href="#sSpan4162" value="ⲛⲧⲙⲛⲧⲙⲟⲛⲁⲭⲟⲥ"/>
		<feat xlink:href="#sSpan4175" value="·"/>
		<feat xlink:href="#sSpan4179" value="ⲛⲧⲉⲣⲉϥⲟⲩⲟⲉⲓϣ"/>
		<feat xlink:href="#sSpan4193" value="ⲉϥⲡⲟⲗⲓⲧⲉⲩⲉ"/>
		<feat xlink:href="#sSpan4202" value="ϩⲙⲡⲙⲟⲛⲁⲥⲧⲏⲣⲓⲟⲛ"/>
		<feat xlink:href="#sSpan4214" value="ϩⲛⲛⲁⲣⲉⲧⲏ"/>
		<feat xlink:href="#sSpan4224" value="ⲙⲡⲉⲭⲣⲓⲥⲧⲟⲥ"/>
		<feat xlink:href="#sSpan4235" value="˽"/>
		<feat xlink:href="#sSpan4239" value="ⲉⲧⲉⲡⲉⲑⲃⲃⲓⲟ"/>
		<feat xlink:href="#sSpan4248" value="ⲡⲉ"/>
		<feat xlink:href="#sSpan4252" value="ⲙⲛⲧⲙⲛⲧⲣⲙⲣϣ"/>
		<feat xlink:href="#sSpan4263" value="ⲙⲛⲧⲙⲛⲧⲁⲡⲟⲧⲁⲕⲧⲓⲕⲟⲥ"/>
		<feat xlink:href="#sSpan4275" value="ⲙⲛⲡⲕⲉⲥⲉⲉⲡⲉ"/>
		<feat xlink:href="#sSpan4287" value="ⲛⲛⲁⲣⲉⲧⲏ"/>
		<feat xlink:href="#sSpan4297" value="–"/>
		<feat xlink:href="#sSpan4301" value="ⲉⲧⲉⲓⲛⲉ"/>
		<feat xlink:href="#sSpan4308" value="ⲛⲛⲁⲓ"/>
		<feat xlink:href="#sSpan4316" value="–"/>
		<feat xlink:href="#sSpan4320" value="ⲁϥⲙⲧⲟⲛ"/>
		<feat xlink:href="#sSpan4328" value="ⲙⲙⲟϥ"/>
		<feat xlink:href="#sSpan4334" value="ⲛϭⲓⲡⲉⲡⲣⲟⲉⲥⲧⲟⲥ"/>
		<feat xlink:href="#sSpan4343" value="ⲙⲡⲙⲟⲛⲁⲥⲧⲏⲣⲓⲟⲛ"/>
		<feat xlink:href="#sSpan4356" value="ⲉⲧⲙⲙⲁⲩ"/>
		<feat xlink:href="#sSpan4362" value=","/>
		<feat xlink:href="#sSpan4366" value="ⲉⲩⲣⲱⲙⲉ"/>
		<feat xlink:href="#sSpan4375" value="ⲡⲉ"/>
		<feat xlink:href="#sSpan4379" value="ⲛⲛⲉⲥⲩⲭⲟⲥ"/>
		<feat xlink:href="#sSpan4388" value="ⲁⲩⲱ"/>
		<feat xlink:href="#sSpan4392" value="ⲛⲉⲓⲣⲏⲛⲓⲕⲟⲥ"/>
		<feat xlink:href="#sSpan4399" value=","/>
		<feat xlink:href="#sSpan4403" value="ⲉⲁⲩⲕⲁⲑⲓⲥⲧⲁ"/>
		<feat xlink:href="#sSpan4415" value="ⲛⲕⲉⲟⲩⲁ"/>
		<feat xlink:href="#sSpan4424" value="ⲉⲡⲉϥⲙⲁ"/>
		<feat xlink:href="#sSpan4433" value="·"/>
		<feat xlink:href="#sSpan4438" value="ⲧⲟⲧⲉ"/>
		<feat xlink:href="#sSpan4442" value="ⲁⲩⲧⲁⲣⲁⲭⲏ"/>
		<feat xlink:href="#sSpan4452" value="ϣⲱⲡⲉ"/>
		<feat xlink:href="#sSpan4456" value="ϩⲛⲧⲉⲕⲕⲗⲏⲥⲓⲁ"/>
		<feat xlink:href="#sSpan4466" value="ⲙⲡⲙⲟⲛⲁⲥⲧⲏⲣⲓⲟⲛ"/>
		<feat xlink:href="#sSpan4477" value="ⲧⲁⲓ"/>
		<feat xlink:href="#sSpan4482" value="ⲧⲁⲓⲧⲓⲁ"/>
		<feat xlink:href="#sSpan4489" value="·"/>
		<feat xlink:href="#sSpan4493" value="ⲉⲩⲥⲟⲟⲩⲛ"/>
		<feat xlink:href="#sSpan4502" value="ⲧⲏⲣⲟⲩ"/>
		<feat xlink:href="#sSpan4508" value="ⲛⲁⲡⲁ"/>
		<feat xlink:href="#sSpan4517" value="ⲗⲟⲩⲕⲓⲟⲥ"/>
		<feat xlink:href="#sSpan4521" value="ⲁⲩⲱ"/>
		<feat xlink:href="#sSpan4525" value="ⲉⲩϭⲱϣⲧ"/>
		<feat xlink:href="#sSpan4533" value="ⲛⲥⲱϥ"/>
		<feat xlink:href="#sSpan4540" value="ⲧⲏⲣⲟⲩ"/>
		<feat xlink:href="#sSpan4547" value="ϩⲱⲥ"/>
		<feat xlink:href="#sSpan4551" value="ⲛⲧⲟϥ"/>
		<feat xlink:href="#sSpan4555" value="ⲡⲉⲧⲛⲁⲡⲣⲟϩⲓⲥⲧⲁ"/>
		<feat xlink:href="#sSpan4566" value="ⲙⲙⲟⲟⲩ"/>
		<feat xlink:href="#sSpan4572" value="ⲙⲛⲛⲥⲁⲡⲉⲛⲧⲁϥⲛⲕⲟⲧⲕ"/>
		<feat xlink:href="#sSpan4587" value="·"/>
		<feat xlink:href="#sSpan4592" value="ⲗⲟⲓⲡⲟⲛ"/>
		<feat xlink:href="#sSpan4597" value="ⲛⲧⲉⲣⲉⲡⲡⲉⲧⲟⲩⲁⲁⲃ"/>
		<feat xlink:href="#sSpan4610" value="ⲕⲁⲧⲁⲗⲁⲙⲃⲁⲛⲉ"/>
		<feat xlink:href="#sSpan4614" value="ⲙⲙⲟϥ"/>
		<feat xlink:href="#sSpan4620" value="ⲙⲡⲉϣⲧⲟⲣⲧⲣ"/>
		<feat xlink:href="#sSpan4629" value="ⲉⲧⲧⲏϣ"/>
		<feat xlink:href="#sSpan4635" value="ⲉϣⲱⲡⲉ"/>
		<feat xlink:href="#sSpan4640" value="ⲛⲧⲉϥⲁⲫⲟⲣⲙⲏ"/>
		<feat xlink:href="#sSpan4650" value=","/>
		<feat xlink:href="#sSpan4654" value="ⲁϥⲥⲟⲧⲡⲥ"/>
		<feat xlink:href="#sSpan4665" value="ⲛⲁϥ"/>
		<feat xlink:href="#sSpan4671" value="ⲉⲗⲟ"/>
		<feat xlink:href="#sSpan4677" value="ⲙⲙⲟⲟⲩ"/>
		<feat xlink:href="#sSpan4683" value="ϩⲁⲡⲉⲩϩⲟ"/>
		<feat xlink:href="#sSpan4692" value="ⲉⲧⲉⲡⲁⲓ"/>
		<feat xlink:href="#sSpan4699" value="ⲡⲉ"/>
		<feat xlink:href="#sSpan4703" value="ⲛϥⲉⲓ"/>
		<feat xlink:href="#sSpan4713" value="ⲉⲃⲟⲗ"/>
		<feat xlink:href="#sSpan4717" value="ϩⲙⲡⲙⲟⲛⲁⲥⲧⲏⲣⲓⲟⲛ"/>
		<feat xlink:href="#sSpan4729" value="ⲉⲧⲙⲙⲁⲩ"/>
		<feat xlink:href="#sSpan4735" value="ⲛⲧⲉⲡⲙⲁ"/>
		<feat xlink:href="#sSpan4744" value="ⲉⲍⲩⲭⲁⲍⲉ"/>
		<feat xlink:href="#sSpan4748" value="·"/>
		<feat xlink:href="#sSpan4753" value="ⲙⲁⲗⲓⲥⲧⲁ"/>
		<feat xlink:href="#sSpan4758" value="ⲙⲡⲉϥⲗⲟ"/>
		<feat xlink:href="#sSpan4768" value="ⲉϥⲡⲏⲧ"/>
		<feat xlink:href="#sSpan4776" value="ⲛⲥⲁⲡⲉⲑⲃⲃⲓⲟ"/>
		<feat xlink:href="#sSpan4785" value="ⲉⲛⲉϩ"/>
		<feat xlink:href="#sSpan4789" value="ⲛⲧϩⲉ"/>
		<feat xlink:href="#sSpan4797" value="ⲙⲡⲉϥϫⲟⲉⲓⲥ"/>
		<feat xlink:href="#sSpan4806" value="·"/>
		<feat xlink:href="#sSpan4811" value="ⲛⲁⲓ"/>
		<feat xlink:href="#sSpan4820" value="ⲇⲉ"/>
		<feat xlink:href="#sSpan4824" value="ⲉϥⲙⲉⲉⲩⲉ"/>
		<feat xlink:href="#sSpan4832" value="ⲉⲣⲟⲟⲩ"/>
		<feat xlink:href="#sSpan4838" value="ⲁϥⲙⲟⲩⲧⲉ"/>
		<feat xlink:href="#sSpan4846" value="ⲉⲡⲉϥⲙⲁⲑⲏⲧⲏⲥ"/>
		<feat xlink:href="#sSpan4857" value="ⲁⲡⲁ"/>
		<feat xlink:href="#sSpan4862" value="ⲗⲟⲅⲅⲓⲛⲟⲥ"/>
		<feat xlink:href="#sSpan4866" value="ⲡⲉϫⲁϥ"/>
		<feat xlink:href="#sSpan4873" value="ⲛⲁϥ"/>
		<feat xlink:href="#sSpan4879" value="ϫⲉ"/>
		<feat xlink:href="#sSpan4883" value="·"/>
		<feat xlink:href="#sSpan4888" value="ⲡⲁϣⲏⲣⲉ"/>
		<feat xlink:href="#sSpan4894" value=","/>
		<feat xlink:href="#sSpan4898" value="ⲧⲛⲥⲟⲟⲩⲛ"/>
		<feat xlink:href="#sSpan4904" value="ϫⲉⲟⲩϩⲟⲩⲟ"/>
		<feat xlink:href="#sSpan4912" value="ⲡⲉ"/>
		<feat xlink:href="#sSpan4916" value="ⲉⲧⲣⲉⲛⲥⲉ"/>
		<feat xlink:href="#sSpan4926" value="ⲛⲡⲉⲛⲙⲟⲛⲁⲥⲧⲏⲣⲓⲟⲛ"/>
		<feat xlink:href="#sSpan4937" value="ⲉⲃⲟⲗ"/>
		<feat xlink:href="#sSpan4941" value="ϩⲙⲡⲉⲛⲱⲛϩ"/>
		<feat xlink:href="#sSpan4950" value="·"/>
		<feat xlink:href="#sSpan4955" value="ⲁⲗⲗⲁ"/>
		<feat xlink:href="#sSpan4959" value="ϫⲉⲕⲁⲥ"/>
		<feat xlink:href="#sSpan4963" value="ⲛⲛϣⲱⲡⲉ"/>
		<feat xlink:href="#sSpan4972" value="ⲛⲁⲓϯⲟⲥ"/>
		<feat xlink:href="#sSpan4979" value="ⲛⲟⲩϣⲧⲟⲣⲧⲣ"/>
		<feat xlink:href="#sSpan4988" value="ⲛⲧⲉⲓⲙⲓⲛⲉ"/>
		<feat xlink:href="#sSpan4997" value="ⲛⲧⲉⲟⲩⲕⲣⲓⲙⲁ"/>
		<feat xlink:href="#sSpan5007" value="ϣⲱⲡⲉ"/>
		<feat xlink:href="#sSpan5011" value="ⲛⲁⲛ"/>
		<feat xlink:href="#sSpan5017" value="ϯⲙⲉⲉⲩⲉ"/>
		<feat xlink:href="#sSpan5023" value="ϫⲉⲛⲁⲛⲟⲩⲥ"/>
		<feat xlink:href="#sSpan5031" value="ⲉⲧⲣⲉⲛⲛⲁⲛⲁⲭⲱⲣⲉⲓ"/>
		<feat xlink:href="#sSpan5044" value="ⲛⲁⲛ"/>
		<feat xlink:href="#sSpan5051" value="ⲉⲩⲙⲁ"/>
		<feat xlink:href="#sSpan5060" value="ⲙⲁⲩⲁⲁⲛ"/>
		<feat xlink:href="#sSpan5066" value=","/>
		<feat xlink:href="#sSpan5071" value="ⲕⲁⲧⲁⲡⲉⲧⲥⲏϩ"/>
		<feat xlink:href="#sSpan5082" value="ϩⲛⲙⲡⲁⲣⲣⲟⲓⲙⲓⲁ"/>
		<feat xlink:href="#sSpan5091" value="ϫⲉ"/>
		<feat xlink:href="#sSpan5095" value="·"/>
		<feat xlink:href="#sSpan5099" value="ⲛⲁⲛⲟⲩⲥ"/>
		<feat xlink:href="#sSpan5106" value="ⲉⲟⲩⲱϩϩⲛⲟⲩⲕⲗϫⲉ"/>
		<feat xlink:href="#sSpan5118" value="ϩⲛⲟⲩϫⲉⲛⲉⲡⲱⲣ"/>
		<feat xlink:href="#sSpan5127" value="ⲉϩⲟⲩⲉ"/>
		<feat xlink:href="#sSpan5131" value="ⲉⲟⲩⲱϩ"/>
		<feat xlink:href="#sSpan5137" value="ϩⲛⲟⲩⲏⲓ"/>
		<feat xlink:href="#sSpan5146" value="ⲛⲃⲣⲣⲉ"/>
		<feat xlink:href="#sSpan5152" value="ⲙⲛϩⲉⲛⲙⲁ"/>
		<feat xlink:href="#sSpan5161" value="ⲉⲩϫⲏϩ"/>
		<feat xlink:href="#sSpan5170" value="ϩⲛⲟⲩⲙⲓϣⲉ"/>
		<feat xlink:href="#sSpan5179" value="·"/>
		<feat xlink:href="#sSpan5183" value="ⲥⲣⲛⲟϥⲣⲉ"/>
		<feat xlink:href="#sSpan5192" value="ⲛⲁⲛ"/>
		<feat xlink:href="#sSpan5198" value="ⲟⲩⲛ"/>
		<feat xlink:href="#sSpan5202" value="ⲉⲧⲣⲉⲛⲁⲛⲁⲭⲱⲣⲉⲓ"/>
		<feat xlink:href="#sSpan5213" value="ⲛⲁⲛ"/>
		<feat xlink:href="#sSpan5219" value="ϩⲛⲟⲩⲙⲁ"/>
		<feat xlink:href="#sSpan5228" value="ⲙⲁⲩⲁⲁⲛ"/>
		<feat xlink:href="#sSpan5235" value="ⲛⲧⲛⲥϥⲉ"/>
		<feat xlink:href="#sSpan5243" value="ⲉⲡⲟⲩϫⲁⲓ"/>
		<feat xlink:href="#sSpan5252" value="ⲛⲛⲉⲛⲯⲩⲭⲏ"/>
		<feat xlink:href="#sSpan5262" value=","/>
		<feat xlink:href="#sSpan5266" value="ⲡⲁⲓ"/>
		<feat xlink:href="#sSpan5272" value="ⲛⲧⲁⲛⲁⲡⲟⲧⲁⲥⲥⲉ"/>
		<feat xlink:href="#sSpan5283" value="ⲙⲡⲕⲟⲥⲙⲟⲥ"/>
		<feat xlink:href="#sSpan5294" value="ⲙⲛⲛⲉⲧⲛϩⲏⲧϥ"/>
		<feat xlink:href="#sSpan5307" value="ⲉⲧⲃⲏⲏⲧϥ"/>
		<feat xlink:href="#sSpan5313" value=","/>
		<feat xlink:href="#sSpan5317" value="ⲛϩⲟⲩⲟ"/>
		<feat xlink:href="#sSpan5323" value="ⲉⲣⲟⲥ"/>
		<feat xlink:href="#sSpan5329" value="ⲛⲧⲛϩⲙⲟⲟⲥ"/>
		<feat xlink:href="#sSpan5337" value="ϩⲙⲡⲉⲓⲙⲁ"/>
		<feat xlink:href="#sSpan5346" value="ⲉⲧⲣⲉⲛⲛⲁⲩ"/>
		<feat xlink:href="#sSpan5357" value="ⲉⲧⲇⲓⲁⲥⲧⲣⲟⲫⲏ"/>
		<feat xlink:href="#sSpan5367" value="ⲙⲡⲉⲛⲙⲟⲛⲁⲥⲧⲏⲣⲓⲟⲛ"/>
		<feat xlink:href="#sSpan5380" value="ⲧⲁⲓ"/>
		<feat xlink:href="#sSpan5384" value="ⲧⲉ"/>
		<feat xlink:href="#sSpan5388" value="ⲧⲁⲓⲧⲓⲁ"/>
		<feat xlink:href="#sSpan5396" value="ⲛⲧⲁⲩⲉⲓ"/>
		<feat xlink:href="#sSpan5407" value="ⲉⲃⲟⲗ"/>
		<feat xlink:href="#sSpan5411" value="ϩⲙⲡⲉⲩⲙⲟⲛⲁⲥⲧⲏⲣⲓⲟⲛ"/>
		<feat xlink:href="#sSpan5424" value="ⲉⲧⲃⲏⲏⲧⲥ"/>
		<feat xlink:href="#sSpan5430" value="·"/>
		<feat xlink:href="#sSpan5435" value="ⲙⲁⲗⲗⲟⲛ"/>
		<feat xlink:href="#sSpan5441" value="ⲇⲉ"/>
		<feat xlink:href="#sSpan5445" value="ⲟⲩⲟⲓⲕⲟⲛⲟⲙⲓⲁ"/>
		<feat xlink:href="#sSpan5453" value="ⲛⲧⲉⲡⲛⲟⲩⲧⲉ"/>
		<feat xlink:href="#sSpan5462" value="ⲧⲛⲧⲁⲥϣⲱⲡⲉ"/>
		<feat xlink:href="#sSpan5475" value="ϫⲉⲕⲁⲥ"/>
		<feat xlink:href="#sSpan5479" value="ⲉϥⲉⲟⲩⲱⲛϩ"/>
		<feat xlink:href="#sSpan5486" value="ⲉⲃⲟⲗ"/>
		<feat xlink:href="#sSpan5490" value="ⲛⲛⲉⲭⲁⲣⲓⲥ"/>
		<feat xlink:href="#sSpan5500" value="ⲛⲧⲉϥⲙⲛⲧⲁⲅⲁⲑⲟⲥ"/>
		<feat xlink:href="#sSpan5512" value="ⲉⲧⲟⲓⲕⲟⲛⲟⲙⲉⲓ"/>
		<feat xlink:href="#sSpan5520" value="ⲛⲛⲥⲱⲙⲁ"/>
		<feat xlink:href="#sSpan5530" value="ⲙⲛⲛⲉⲛⲯⲩⲭⲏ"/>
		<feat xlink:href="#sSpan5540" value="ϩⲓⲧⲛⲛⲉϥⲥⲱⲧⲡ"/>
		<feat xlink:href="#sSpan5549" value="ⲁⲩⲱ"/>
		<feat xlink:href="#sSpan5553" value="ⲛⲧⲉⲟⲩⲙⲏⲏϣⲉ"/>
		<feat xlink:href="#sSpan5562" value="ⲟⲩϫⲁⲓ"/>
		<feat xlink:href="#sSpan5566" value="ⲉⲃⲟⲗ"/>
		<feat xlink:href="#sSpan5572" value="ϩⲓⲧⲟⲟⲧⲟⲩ"/>
		<feat xlink:href="#sSpan5578" value="·"/>
		<feat xlink:href="#sSpan5582" value="ⲛⲧⲉⲣⲟⲩⲉⲓ"/>
		<feat xlink:href="#sSpan5595" value="ⲇⲉ"/>
		<feat xlink:href="#sSpan5599" value="ⲉⲃⲟⲗ"/>
		<feat xlink:href="#sSpan5603" value="ϩⲙⲡⲉⲩⲙⲟⲛⲁⲥⲧⲏⲣⲓⲟⲛ"/>
		<feat xlink:href="#sSpan5615" value="ⲁⲩⲕⲁⲧⲁⲛⲧⲁ"/>
		<feat xlink:href="#sSpan5624" value="ⲉⲩϯⲙⲉ"/>
		<feat xlink:href="#sSpan5633" value="ϩⲛⲧⲉⲭⲱⲣⲁ"/>
		<feat xlink:href="#sSpan5644" value="ⲉⲧⲙⲙⲁⲩ"/>
		<feat xlink:href="#sSpan5650" value="ⲛⲧⲉⲧⲗⲩⲕⲓⲁ"/>
		<feat xlink:href="#sSpan5659" value="ⲉϥⲥϭⲣⲉϩⲧ"/>
		<feat xlink:href="#sSpan5667" value="ⲁⲩⲱ"/>
		<feat xlink:href="#sSpan5671" value="ⲁⲩⲟⲱϩ"/>
		<feat xlink:href="#sSpan5679" value="ϩⲛⲟⲩⲉⲕⲕⲗⲏⲥⲓⲁϩⲙ"/>
		<feat xlink:href="#sSpan5691" value="ⲡϯⲙⲉ"/>
		<feat xlink:href="#sSpan5697" value="ⲉⲧⲙⲙⲁⲩ"/>
		<feat xlink:href="#sSpan5703" value="ⲉⲩⲙⲟⲩⲧⲉ"/>
		<feat xlink:href="#sSpan5711" value="ⲉⲣⲟⲥ"/>
		<feat xlink:href="#sSpan5717" value="ϩⲙⲡⲣⲁⲛ"/>
		<feat xlink:href="#sSpan5726" value="ⲙⲡϩⲁⲅⲓⲟⲥ"/>
		<feat xlink:href="#sSpan5736" value="ⲉⲧⲧⲁⲓⲏⲩ"/>
		<feat xlink:href="#sSpan5742" value="ⲙⲙⲁⲣⲧⲩⲡⲟⲥ"/>
		<feat xlink:href="#sSpan5751" value="ⲑⲉⲟⲕⲧⲓⲥⲧⲟⲥ"/>
		<feat xlink:href="#sSpan5755" value="·"/>
		<feat xlink:href="#sSpan5760" value="ⲡⲉⲓⲕⲉⲟⲩⲁ"/>
		<feat xlink:href="#sSpan5770" value="ⲇⲉ"/>
		<feat xlink:href="#sSpan5775" value="ⲟⲛ"/>
		<feat xlink:href="#sSpan5779" value="ⲛⲧⲁϥϣⲱⲡⲉ"/>
		<feat xlink:href="#sSpan5789" value="ⲛⲧⲉⲓϩⲉ"/>
		<feat xlink:href="#sSpan5798" value="ϩⲁⲡⲗⲱⲥ"/>
		<feat xlink:href="#sSpan5803" value="ⲁⲗⲗⲁ"/>
		<feat xlink:href="#sSpan5807" value="ϫⲉⲕⲁⲥ"/>
		<feat xlink:href="#sSpan5812" value="ⲉⲣⲉⲛⲉϣⲡⲏⲣⲉ"/>
		<feat xlink:href="#sSpan5821" value="ⲙⲡⲛⲟⲩⲧⲉ"/>
		<feat xlink:href="#sSpan5830" value="ⲟⲩⲱⲛϩ"/>
		<feat xlink:href="#sSpan5835" value="ⲉⲃⲟⲗ"/>
		<feat xlink:href="#sSpan5839" value=","/>
		<feat xlink:href="#sSpan5844" value="ⲕⲁⲧⲁⲧϩⲉ"/>
		<feat xlink:href="#sSpan5853" value="ⲛⲧⲁⲡⲁⲓ"/>
		<feat xlink:href="#sSpan5862" value="ⲟⲩⲱⲛϩ"/>
		<feat xlink:href="#sSpan5867" value="ⲉⲃⲟⲗ"/>
		<feat xlink:href="#sSpan5872" value="ϩⲓⲧⲛⲧϩⲉⲣⲙⲏⲛⲉⲓⲁ"/>
		<feat xlink:href="#sSpan5882" value="ⲙⲡⲣⲁⲛ"/>
		<feat xlink:href="#sSpan5891" value="ⲉⲧⲧⲁⲓⲏⲩ"/>
		<feat xlink:href="#sSpan5897" value="ⲙⲡⲙⲁⲣⲧⲩⲣⲟⲥ"/>
		<feat xlink:href="#sSpan5908" value="ⲑⲉⲟⲕⲧⲓⲥⲧⲟⲥ"/>
		<feat xlink:href="#sSpan5912" value=","/>
		<feat xlink:href="#sSpan5916" value="ⲉϥϣⲣⲡⲥⲩⲙⲁⲛⲉ"/>
		<feat xlink:href="#sSpan5927" value="ⲛⲛⲉⲧⲛⲁϣⲱⲡⲉ"/>
		<feat xlink:href="#sSpan5940" value="ϩⲙⲡⲉϥⲉⲩⲕⲧⲏⲣⲓⲟⲛ"/>
		<feat xlink:href="#sSpan5951" value="ϩⲓⲧⲛⲛⲉⲓⲡⲉⲧⲟⲩⲁⲁⲃ"/>
		<feat xlink:href="#sSpan5960" value="·"/>
		<feat xlink:href="#sSpan5966" value="ⲑⲉⲟⲕⲧⲓⲥⲧⲟⲥ"/>
		<feat xlink:href="#sSpan5973" value="ⲅⲁⲣ"/>
		<feat xlink:href="#sSpan5977" value="ⲉϣⲁⲩϩⲉⲣⲙⲏⲛⲉⲩⲉ"/>
		<feat xlink:href="#sSpan5988" value="ⲙⲙⲟϥ"/>
		<feat xlink:href="#sSpan5994" value="ϫⲉ"/>
		<feat xlink:href="#sSpan5998" value="·"/>
		<feat xlink:href="#sSpan6002" value="ⲡⲉⲛⲧⲁⲩⲕⲟⲧϥ"/>
		<feat xlink:href="#sSpan6017" value="ϩⲓⲧⲙⲡⲛⲟⲩⲧⲉ"/>
		<feat xlink:href="#sSpan6026" value=","/>
		<feat xlink:href="#sSpan6030" value="ϩⲙⲡⲧⲣⲉⲛⲉⲓⲡⲉⲧⲟⲩⲁⲁⲃ"/>
		<feat xlink:href="#sSpan6048" value="ⲉⲧⲙⲙⲁⲩ"/>
		<feat xlink:href="#sSpan6055" value="ϫⲓⲕⲱⲧ"/>
		<feat xlink:href="#sSpan6060" value="ϩⲙⲡⲣⲁⲛ"/>
		<feat xlink:href="#sSpan6069" value="ⲙⲡⲙⲁⲣⲧⲩⲣⲟⲥ"/>
		<feat xlink:href="#sSpan6079" value="ϩⲓⲧⲛⲛⲉⲩⲁⲥⲕⲏⲥⲓⲥ"/>
		<feat xlink:href="#sSpan6091" value="ⲙⲛⲛⲉⲩⲁⲅⲱⲛ"/>
		<feat xlink:href="#sSpan6101" value="ⲉⲧⲟϣ"/>
		<feat xlink:href="#sSpan6107" value="·"/>
		<feat xlink:href="#sSpan6111" value="ⲁⲩⲕⲱⲧ"/>
		<feat xlink:href="#sSpan6120" value="ϩⲱⲟⲩ"/>
		<feat xlink:href="#sSpan6126" value="ⲛϩⲉⲛⲁϣⲏ"/>
		<feat xlink:href="#sSpan6135" value="ⲙⲯⲩⲭⲏ"/>
		<feat xlink:href="#sSpan6143" value="ϩⲓⲧⲛⲛⲉϣⲡⲏⲣⲉ"/>
		<feat xlink:href="#sSpan6154" value="ⲙⲛⲛⲧⲁⲗϭⲟ"/>
		<feat xlink:href="#sSpan6163" value="ⲛⲧⲁⲡⲛⲟⲩⲧⲉ"/>
		<feat xlink:href="#sSpan6175" value="ⲉⲛⲉⲣⲅⲉⲓ"/>
		<feat xlink:href="#sSpan6179" value="ⲙⲙⲟⲩ"/>
		<feat xlink:href="#sSpan6185" value="ⲟⲃⲟⲗ"/>
		<feat xlink:href="#sSpan6189" value="ϩⲓⲧⲟⲟⲧⲟⲩ"/>
		<feat xlink:href="#sSpan6195" value="ϩⲙⲡⲧⲟⲡⲟⲥ"/>
		<feat xlink:href="#sSpan6207" value="ⲉⲧⲙⲙⲁⲩ"/>
		<feat xlink:href="#sSpan6213" value="·"/>
		<feat xlink:href="#sSpan6217" value="ⲛⲧⲉⲣⲟⲩⲟⲩⲱϩ"/>
		<feat xlink:href="#sSpan6226" value="ϩⲙⲡⲙⲁ"/>
		<feat xlink:href="#sSpan6235" value="ⲉⲧⲙⲙⲁⲩ"/>
		<feat xlink:href="#sSpan6241" value="ⲛⲉⲣⲉϩⲁϩ"/>
		<feat xlink:href="#sSpan6248" value="ⲛⲏⲩ"/>
		<feat xlink:href="#sSpan6252" value="ϩⲛⲧⲡⲉⲣⲓⲭⲱⲣⲟⲥ"/>
		<feat xlink:href="#sSpan6263" value="ⲉⲩⲉⲓⲛⲉ"/>
		<feat xlink:href="#sSpan6272" value="ⲛⲛⲉⲧϣⲱⲛⲉ"/>
		<feat xlink:href="#sSpan6283" value=","/>
		<feat xlink:href="#sSpan6287" value="ⲛϩⲟⲩⲟ"/>
		<feat xlink:href="#sSpan6295" value="ⲇⲉ"/>
		<feat xlink:href="#sSpan6299" value="ⲛⲉⲧⲉⲣⲉⲛⲉⲡⲛⲉⲩⲙⲁ"/>
		<feat xlink:href="#sSpan6312" value="ⲛⲁⲕⲁⲑⲁⲣⲧⲟⲛ"/>
		<feat xlink:href="#sSpan6320" value="ϩⲓⲱⲟⲩ"/>
		<feat xlink:href="#sSpan6326" value=","/>
		<feat xlink:href="#sSpan6330" value="ⲉⲩϫⲧⲟ"/>
		<feat xlink:href="#sSpan6338" value="ⲙⲙⲟⲟⲩ"/>
		<feat xlink:href="#sSpan6344" value="ϩⲙⲕⲟⲓⲙⲏⲧⲏⲣⲓⲟⲛ"/>
		<feat xlink:href="#sSpan6353" value="ⲉⲧⲙⲙⲁⲩ"/>
		<feat xlink:href="#sSpan6359" value="·"/>
		<feat xlink:href="#sSpan6363" value="ⲁⲩⲱ"/>
		<feat xlink:href="#sSpan6368" value="ⲛⲉⲩⲙⲁⲧⲉ"/>
		<feat xlink:href="#sSpan6376" value="ⲙⲡⲧⲁⲗϭⲟ"/>
		<feat xlink:href="#sSpan6386" value="ϩⲓⲧⲛⲛⲉϣⲗⲏⲗ"/>
		<feat xlink:href="#sSpan6395" value="ⲙⲡⲡⲉⲧⲟⲩⲁⲁⲃ"/>
		<feat xlink:href="#sSpan6407" value="ⲉⲧⲙⲙⲁⲩ"/>
		<feat xlink:href="#sSpan6413" value="·"/>
		<feat xlink:href="#sSpan6418" value="ⲟⲩⲥϩⲓⲙⲉ"/>
		<feat xlink:href="#sSpan6429" value="ⲅⲁⲣ"/>
		<feat xlink:href="#sSpan6433" value="ⲉⲣⲉⲟⲩⲡⲛⲉⲩⲙⲁ"/>
		<feat xlink:href="#sSpan6443" value="ⲛⲛⲁⲕⲁⲑⲁⲣⲧⲟⲛ"/>
		<feat xlink:href="#sSpan6453" value="ϩⲓⲱⲱⲥ"/>
		<feat xlink:href="#sSpan6459" value="ⲉϥⲛⲁϣⲧ"/>
		<feat xlink:href="#sSpan6467" value="ⲉⲙⲁⲧⲉ"/>
		<feat xlink:href="#sSpan6471" value=","/>
		<feat xlink:href="#sSpan6476" value="ⲇⲁⲓ"/>
		<feat xlink:href="#sSpan6483" value="ⲇⲉ"/>
		<feat xlink:href="#sSpan6487" value="ⲛⲉⲥⲉⲓⲣⲉ"/>
		<feat xlink:href="#sSpan6496" value="ⲛϩⲉⲛⲛⲟϭ"/>
		<feat xlink:href="#sSpan6505" value="ⲛϣⲧⲟⲣⲧⲣ"/>
		<feat xlink:href="#sSpan6511" value="ⲙⲛϩⲉⲛⲧⲁⲣⲁⲭⲏ"/>
		<feat xlink:href="#sSpan6521" value="ϩⲓⲧⲙⲡⲇⲁⲓⲙⲱⲛ"/>
		<feat xlink:href="#sSpan6531" value="ⲉⲧⲛϩⲏⲧⲥ"/>
		<feat xlink:href="#sSpan6541" value="ϩⲱⲥⲧⲉ"/>
		<feat xlink:href="#sSpan6545" value="ⲟⲩⲟⲛ"/>
		<feat xlink:href="#sSpan6551" value="ⲛⲓⲙ"/>
		<feat xlink:href="#sSpan6555" value="ⲉⲧⲛⲁϩⲱⲛ"/>
		<feat xlink:href="#sSpan6563" value="ⲉϩⲟⲩⲛ"/>
		<feat xlink:href="#sSpan6567" value="ⲉⲣⲟⲥ"/>
		<feat xlink:href="#sSpan6573" value="ⲛⲥⲡⲁϩⲛⲉⲩϩⲟⲓⲧⲉ"/>
		<feat xlink:href="#sSpan6586" value="ⲁⲩⲱ"/>
		<feat xlink:href="#sSpan6590" value="ⲟⲛ"/>
		<feat xlink:href="#sSpan6596" value="ⲡⲉⲩⲕⲉⲥⲱⲙⲁ"/>
		<feat xlink:href="#sSpan6605" value="·"/>
		<feat xlink:href="#sSpan6609" value="ⲛⲧⲉⲣⲟⲩⲛⲧⲥ"/>
		<feat xlink:href="#sSpan6620" value="ⲉⲣⲁⲧⲟⲩ"/>
		<feat xlink:href="#sSpan6626" value="ⲛⲛϩⲙϩⲁⲗ"/>
		<feat xlink:href="#sSpan6635" value="ⲙⲡⲛⲟⲩⲧⲉ"/>
		<feat xlink:href="#sSpan6644" value="ⲁⲩⲱ"/>
		<feat xlink:href="#sSpan6648" value="ⲛⲥⲉⲥⲡⲥⲱⲡⲟⲩ"/>
		<feat xlink:href="#sSpan6659" value="ϫⲉⲉⲩⲉϣⲗⲏⲗ"/>
		<feat xlink:href="#sSpan6667" value="ⲉϫⲱⲥ"/>
		<feat xlink:href="#sSpan6673" value="ⲛⲥⲙⲁⲧⲉ"/>
		<feat xlink:href="#sSpan6681" value="ⲙⲡⲧⲁⲗϭⲟ"/>
		<feat xlink:href="#sSpan6690" value="ϩⲓⲧⲛⲛⲉⲩⲡⲣⲉⲥⲃⲉⲓⲁ"/>
		<feat xlink:href="#sSpan6700" value=","/>
		<feat xlink:href="#sSpan6704" value="ⲁⲥⲁⲣⲭⲉⲓ"/>
		<feat xlink:href="#sSpan6715" value="ⲇⲉ"/>
		<feat xlink:href="#sSpan6721" value="ⲟⲛ"/>
		<feat xlink:href="#sSpan6725" value="ⲛϯⲁⲥⲡⲁⲣⲁⲥⲥⲉ"/>
		<feat xlink:href="#sSpan6734" value="ⲁⲩⲱ"/>
		<feat xlink:href="#sSpan6738" value="ⲛⲉⲡⲉⲓⲭⲉⲣⲉⲓ"/>
		<feat xlink:href="#sSpan6747" value="ⲉⲛⲉⲧⲙⲡⲉⲥⲕⲱⲧⲉ"/>
		<feat xlink:href="#sSpan6763" value="·"/>
		<feat xlink:href="#sSpan6767" value="ⲧⲟⲧⲟ"/>
		<feat xlink:href="#sSpan6771" value="ⲁⲥϩⲉ"/>
		<feat xlink:href="#sSpan6779" value="ϩⲁⲛⲉⲩⲟⲩⲉⲣⲏⲧⲉ"/>
		<feat xlink:href="#sSpan6789" value="ⲁⲥϭⲱ"/>
		<feat xlink:href="#sSpan6798" value="ⲉⲥϩⲓⲧⲉ"/>
		<feat xlink:href="#sSpan6806" value="ϩⲓⲧⲙⲡⲉⲡⲛⲉⲩⲙⲁ"/>
		<feat xlink:href="#sSpan6816" value="ⲙⲡⲟⲛⲏⲣⲟⲛ"/>
		<feat xlink:href="#sSpan6823" value="ⲉⲧⲛⲙⲙⲁⲥ"/>
		<feat xlink:href="#sSpan6831" value="ⲁⲩⲱ"/>
		<feat xlink:href="#sSpan6835" value="ⲛⲉⲥⲛⲉϫⲥⲃⲏⲏⲧⲉ"/>
		<feat xlink:href="#sSpan6847" value="ⲉⲃⲟⲗ"/>
		<feat xlink:href="#sSpan6852" value="ϩⲛⲣⲱⲥ"/>
		<feat xlink:href="#sSpan6861" value="·"/>
		<feat xlink:href="#sSpan6865" value="ⲛⲧⲉⲣⲉⲥⲱϣ"/>
		<feat xlink:href="#sSpan6875" value="ⲉⲃⲟⲗ"/>
		<feat xlink:href="#sSpan6879" value="ϩⲛⲟⲩⲛⲟϭ"/>
		<feat xlink:href="#sSpan6888" value="ⲛϩⲣⲟⲟⲩ"/>
		<feat xlink:href="#sSpan6894" value="ⲛⲉⲁⲥⲣⲧϩⲉ"/>
		<feat xlink:href="#sSpan6908" value="ⲛⲛⲉⲧⲙⲟⲟⲩⲧ"/>
		<feat xlink:href="#sSpan6919" value="ⲡⲉ"/>
		<feat xlink:href="#sSpan6923" value="·"/>
		<feat xlink:href="#sSpan6928" value="ⲧⲟⲧⲉ"/>
		<feat xlink:href="#sSpan6932" value="ⲡⲙⲁⲕⲁⲣⲓⲟⲥ"/>
		<feat xlink:href="#sSpan6941" value="ⲗⲟⲩⲕⲓⲟⲥ"/>
		<feat xlink:href="#sSpan6945" value="ⲛⲧⲉⲣⲉϥϣⲛϩⲧⲏϥ"/>
		<feat xlink:href="#sSpan6957" value="ϩⲁⲣⲟⲥ"/>
		<feat xlink:href="#sSpan6963" value="ⲁϥⲁⲣⲭⲉⲓ"/>
		<feat xlink:href="#sSpan6973" value="ⲛϣⲗⲏⲗ"/>
		<feat xlink:href="#sSpan6979" value="ⲁⲩⲱ"/>
		<feat xlink:href="#sSpan6983" value="ⲉⲧⲁⲗⲉⲛⲉϥϭⲓϫ"/>
		<feat xlink:href="#sSpan6994" value="ⲉϫⲱⲥ"/>
		<feat xlink:href="#sSpan7000" value="ⲁϥⲟⲩⲉϩⲥⲁϩⲛⲉ"/>
		<feat xlink:href="#sSpan7010" value="ⲙⲡⲉϥⲙⲁⲑⲏⲧⲏⲥ"/>
		<feat xlink:href="#sSpan7021" value="ⲗⲟⲅⲅⲓⲛⲟⲥ"/>
		<feat xlink:href="#sSpan7026" value="ⲉⲧⲣⲉϥϣⲗⲏⲗ"/>
		<feat xlink:href="#sSpan7036" value="ϩⲱⲱϥ"/>
		<feat xlink:href="#sSpan7042" value="ⲁⲩⲱ"/>
		<feat xlink:href="#sSpan7046" value="ⲛϥⲕⲱ"/>
		<feat xlink:href="#sSpan7054" value="ⲛⲛⲉϥϭⲓϫ"/>
		<feat xlink:href="#sSpan7063" value="ϩⲣⲁⲓ"/>
		<feat xlink:href="#sSpan7067" value="ⲉϫⲱⲥ"/>
		<feat xlink:href="#sSpan7073" value="ⲛϥⲥⲫⲣⲁⲅⲓⲍⲉ"/>
		<feat xlink:href="#sSpan7083" value="ⲙⲙⲟⲥ"/>
		<feat xlink:href="#sSpan7089" value="·"/>
		<feat xlink:href="#sSpan7094" value="ⲡⲁⲓ"/>
		<feat xlink:href="#sSpan7100" value="ⲇⲉ"/>
		<feat xlink:href="#sSpan7104" value="ⲛⲧⲉⲣⲟⲩⲁⲁϥ"/>
		<feat xlink:href="#sSpan7114" value="ⲁⲡⲇⲁⲓⲙⲱⲛⲓⲟⲛ"/>
		<feat xlink:href="#sSpan7124" value="ⲉⲓ"/>
		<feat xlink:href="#sSpan7129" value="ⲉⲃⲟⲗ"/>
		<feat xlink:href="#sSpan7133" value="ⲛϩⲏⲧⲥ"/>
		<feat xlink:href="#sSpan7139" value="ⲛⲧⲉⲩⲛⲟⲩ"/>
		<feat xlink:href="#sSpan7147" value="ⲁⲩⲱ"/>
		<feat xlink:href="#sSpan7152" value="ⲁⲥⲧⲱⲟⲩⲛ"/>
		<feat xlink:href="#sSpan7160" value="ⲛⲧϩⲉ"/>
		<feat xlink:href="#sSpan7168" value="ⲙⲡⲉⲛⲧⲁϥⲧⲱⲟⲩⲛ"/>
		<feat xlink:href="#sSpan7184" value="ϩⲁⲡϩⲓⲛⲏⲃ"/>
		<feat xlink:href="#sSpan7193" value="ⲉⲁⲥⲧⲃⲃⲟ"/>
		<feat xlink:href="#sSpan7203" value="ⲉⲃⲟⲗ"/>
		<feat xlink:href="#sSpan7208" value="ϩⲛⲧⲙⲁⲥⲧⲓⲅⲝ"/>
		<feat xlink:href="#sSpan7219" value="ⲉⲧⲛⲙⲙⲁⲥ"/>
		<feat xlink:href="#sSpan7227" value="·"/>
		<feat xlink:href="#sSpan7231" value="ⲁⲩⲱ"/>
		<feat xlink:href="#sSpan7236" value="ⲛⲧⲉⲓϩⲉ"/>
		<feat xlink:href="#sSpan7244" value="ⲁⲥϣⲱⲡⲉ"/>
		<feat xlink:href="#sSpan7252" value="ⲉⲥⲇⲓⲁⲕⲟⲛⲉⲓ"/>
		<feat xlink:href="#sSpan7261" value="ⲉⲛⲉⲧϣⲱⲛⲉ"/>
		<feat xlink:href="#sSpan7272" value="ϩⲙⲡⲙⲁⲣⲧⲏⲣⲓⲟⲛ"/>
		<feat xlink:href="#sSpan7283" value="ϫⲓⲛⲉⲡⲉϩⲟⲟⲩ"/>
		<feat xlink:href="#sSpan7295" value="ⲉⲧⲙⲙⲁⲩ"/>
		<feat xlink:href="#sSpan7301" value="ϣⲁⲡⲉⲥⲙⲟⲩ"/>
		<feat xlink:href="#sSpan7310" value="·"/>
		<feat xlink:href="#sSpan7315" value="ⲡⲁⲓ"/>
		<feat xlink:href="#sSpan7320" value="ⲟⲩⲛ"/>
		<feat xlink:href="#sSpan7324" value="ⲡⲉ"/>
		<feat xlink:href="#sSpan7328" value="ⲡϣⲟⲣⲡ"/>
		<feat xlink:href="#sSpan7335" value="ⲙⲙⲁⲉⲓⲛ"/>
		<feat xlink:href="#sSpan7342" value="ⲛⲧⲁⲡⲛⲟⲩⲧⲉ"/>
		<feat xlink:href="#sSpan7354" value="ⲉⲛⲉⲣⲅⲉⲓ"/>
		<feat xlink:href="#sSpan7358" value="ⲙⲙⲟϥ"/>
		<feat xlink:href="#sSpan7364" value="ⲉⲃⲟⲗ"/>
		<feat xlink:href="#sSpan7369" value="ϩⲓⲧⲟⲟⲧⲟⲩ"/>
		<feat xlink:href="#sSpan7375" value="ⲙⲛⲛⲥⲁⲧⲣⲉⲩⲉⲓ"/>
		<feat xlink:href="#sSpan7386" value="ⲉⲃⲟⲗ"/>
		<feat xlink:href="#sSpan7391" value="ϩⲙⲙⲟⲛⲁⲥⲧⲏⲣⲓⲟⲛ"/>
		<feat xlink:href="#sSpan7401" value="ⲛⲥⲉⲟⲩⲱϩ"/>
		<feat xlink:href="#sSpan7409" value="ϩⲛⲧⲉⲕⲕⲗⲏⲥⲓⲁ"/>
		<feat xlink:href="#sSpan7421" value="ⲉⲧⲙⲙⲁⲩ"/>
		<feat xlink:href="#sSpan7427" value="·"/></featList></paula>