<?xml version='1.0' encoding='UTF-8'?><!DOCTYPE paula SYSTEM "paula_feat.dtd">
<paula version="1.1">
	<header paula_id="scriptorium.life.longinus.lucius.01.mark_multiword"/>
	<featList xmlns:xlink="http://www.w3.org/1999/xlink" type="multiword" xml:base="scriptorium.life.longinus.lucius.01.mark.xml">
		<feat xlink:href="#sSpan933" value="ⲉⲧⲃⲉ ⲡⲁⲓ"/>
		<feat xlink:href="#sSpan957" value="ⲕⲱ ⲉϩⲣⲁⲓ"/>
		<feat xlink:href="#sSpan1267" value="ⲃⲱⲕ ⲉϩⲣⲁⲓ"/>
		<feat xlink:href="#sSpan1329" value="ϩⲉ ⲉ"/>
		<feat xlink:href="#sSpan1336" value="ⲃⲱⲕ ⲉϩⲣⲁⲓ"/>
		<feat xlink:href="#sSpan1515" value="ⲃⲱⲕ ⲉϩⲣⲁⲓ"/>
		<feat xlink:href="#sSpan1704" value="ⲃⲱⲕ ⲉϩⲣⲁⲓ"/>
		<feat xlink:href="#sSpan1832" value="ⲉⲃⲟⲗ ϩⲓⲧⲟⲟⲧ"/>
		<feat xlink:href="#sSpan1885" value="ⲙⲟⲟϣⲉ ⲉ"/>
		<feat xlink:href="#sSpan2309" value="ⲉⲧⲃⲉ ⲟⲩ"/>
		<feat xlink:href="#sSpan2382" value="ⲕⲁⲛ ⲉϣϫⲉ"/>
		<feat xlink:href="#sSpan3768" value="ϣⲏⲣⲉ ϣⲏⲙ"/>
		<feat xlink:href="#sSpan4305" value="ⲉⲓⲛⲉ ⲛ"/>
		<feat xlink:href="#sSpan4709" value="ⲉⲓ ⲉⲃⲟⲗ"/>
		<feat xlink:href="#sSpan4765" value="ⲗⲟ ⲉ"/>
		<feat xlink:href="#sSpan5404" value="ⲉⲓ ⲉⲃⲟⲗ"/>
		<feat xlink:href="#sSpan5483" value="ⲟⲩⲱⲛϩ ⲉⲃⲟⲗ"/>
		<feat xlink:href="#sSpan5568" value="ⲉⲃⲟⲗ ϩⲓⲧⲟⲟⲧ"/>
		<feat xlink:href="#sSpan5772" value="ⲇⲉ ⲟⲛ"/>
		<feat xlink:href="#sSpan5832" value="ⲟⲩⲱⲛϩ ⲉⲃⲟⲗ"/>
		<feat xlink:href="#sSpan5864" value="ⲟⲩⲱⲛϩ ⲉⲃⲟⲗ"/>
		<feat xlink:href="#sSpan6269" value="ⲉⲓⲛⲉ ⲛ"/>
		<feat xlink:href="#sSpan6493" value="ⲉⲓⲣⲉ ⲛ"/>
		<feat xlink:href="#sSpan6547" value="ⲟⲩⲟⲛ ⲛⲓⲙ"/>
		<feat xlink:href="#sSpan6717" value="ⲇⲉ ⲟⲛ"/>
		<feat xlink:href="#sSpan6795" value="ϭⲱ ⲉ"/>
		<feat xlink:href="#sSpan6849" value="ⲉⲃⲟⲗ ϩⲛ"/>
		<feat xlink:href="#sSpan6872" value="ⲱϣ ⲉⲃⲟⲗ"/>
		<feat xlink:href="#sSpan7126" value="ⲉⲓ ⲉⲃⲟⲗ"/>
		<feat xlink:href="#sSpan7181" value="ⲧⲱⲟⲩⲛ ϩⲁ"/>
		<feat xlink:href="#sSpan7205" value="ⲉⲃⲟⲗ ϩⲛ"/>
		<feat xlink:href="#sSpan7366" value="ⲉⲃⲟⲗ ϩⲓⲧⲟⲟⲧ"/>
		<feat xlink:href="#sSpan7383" value="ⲉⲓ ⲉⲃⲟⲗ"/></featList></paula>