<?xml version='1.0' encoding='UTF-8'?><!DOCTYPE paula SYSTEM "paula_feat.dtd">
<paula version="1.1">
	<header paula_id="scriptorium.life.paul.tamma.02.mark_multiword"/>
	<featList xmlns:xlink="http://www.w3.org/1999/xlink" type="multiword" xml:base="scriptorium.life.paul.tamma.02.mark.xml">
		<feat xlink:href="#sSpan153" value="ⲉⲓ ⲉⲃⲟⲗ"/>
		<feat xlink:href="#sSpan172" value="ⲙⲟⲟϣⲉ ⲉ"/>
		<feat xlink:href="#sSpan396" value="ⲉⲓ ⲉⲃⲟⲗ"/>
		<feat xlink:href="#sSpan1028" value="ⲉⲓ ⲉⲃⲟⲗ"/>
		<feat xlink:href="#sSpan1520" value="ⲉⲓ ⲉⲃⲟⲗ"/>
		<feat xlink:href="#sSpan1563" value="ⲉⲃⲟⲗ ϩⲛ"/>
		<feat xlink:href="#sSpan1593" value="ⲉⲓ ⲉ"/>
		<feat xlink:href="#sSpan1625" value="ⲉⲓ ⲉ"/>
		<feat xlink:href="#sSpan1737" value="ⲉⲓ ⲉ"/>
		<feat xlink:href="#sSpan1781" value="ⲉⲓ ⲉⲃⲟⲗ"/>
		<feat xlink:href="#sSpan1989" value="ⲥⲱⲧⲙ ⲛ"/>
		<feat xlink:href="#sSpan2136" value="ⲉⲓ ⲉ"/>
		<feat xlink:href="#sSpan2204" value="ϣⲓⲛⲉ ⲛⲥⲁ"/>
		<feat xlink:href="#sSpan2361" value="ⲉⲓ ⲉϫⲛ"/>
		<feat xlink:href="#sSpan2397" value="ⲉⲃⲟⲗ ϩⲛ"/>
		<feat xlink:href="#sSpan2480" value="ⲃⲱⲕ ⲉ"/>
		<feat xlink:href="#sSpan2518" value="ⲙⲟⲩⲧⲉ ⲉϩⲟⲩⲛ"/>
		<feat xlink:href="#sSpan2782" value="ⲉⲧⲃⲉ ϫⲉ"/>
		<feat xlink:href="#sSpan3010" value="ⲡⲱϩ ⲉ"/>
		<feat xlink:href="#sSpan3049" value="ⲡⲱϩ ⲉ"/>
		<feat xlink:href="#sSpan3138" value="ⲉⲓⲥ ϩⲏⲏⲧⲉ"/>
		<feat xlink:href="#sSpan3689" value="ⲱϣ ⲉⲃⲟⲗ"/>
		<feat xlink:href="#sSpan4076" value="ⲉⲃⲟⲗ ϫⲉ"/>
		<feat xlink:href="#sSpan4325" value="ⲉⲃⲟⲗ ϫⲉ"/>
		<feat xlink:href="#sSpan4395" value="ⲉⲓ ⲉ"/>
		<feat xlink:href="#sSpan4657" value="ⲉⲓ ⲉⲃⲟⲗ"/>
		<feat xlink:href="#sSpan4835" value="ⲃⲱⲕ ⲉϩⲣⲁⲓ"/>
		<feat xlink:href="#sSpan4956" value="ⲉⲓ ⲉⲃⲟⲗ"/>
		<feat xlink:href="#sSpan4988" value="ⲉⲓ ⲉ"/>
		<feat xlink:href="#sSpan5088" value="ⲉⲓⲣⲉ ⲛ"/>
		<feat xlink:href="#sSpan5540" value="ⲉⲓⲣⲉ ⲛ"/>
		<feat xlink:href="#sSpan5829" value="ϣⲏⲣⲉ ϣⲏⲙ"/>
		<feat xlink:href="#sSpan6359" value="ⲉ ⲁ"/>
		<feat xlink:href="#sSpan6438" value="ⲱϩⲉ ⲉⲣⲁⲧ"/>
		<feat xlink:href="#sSpan6475" value="ⲉⲃⲟⲗ ϩⲁ"/></featList></paula>