<?xml version='1.0' encoding='UTF-8'?><!DOCTYPE paula SYSTEM "paula_feat.dtd">
<paula version="1.1">
	<header paula_id="scriptorium.life.paul.tamma.02.mark_translation"/>
	<featList xmlns:xlink="http://www.w3.org/1999/xlink" type="translation" xml:base="scriptorium.life.paul.tamma.02.mark.xml">
		<feat xlink:href="#sSpan6" value="..."/>
		<feat xlink:href="#sSpan86" value="..."/>
		<feat xlink:href="#sSpan234" value="..."/>
		<feat xlink:href="#sSpan300" value="..."/>
		<feat xlink:href="#sSpan378" value="..."/>
		<feat xlink:href="#sSpan465" value="..."/>
		<feat xlink:href="#sSpan583" value="..."/>
		<feat xlink:href="#sSpan618" value="..."/>
		<feat xlink:href="#sSpan690" value="..."/>
		<feat xlink:href="#sSpan743" value="..."/>
		<feat xlink:href="#sSpan773" value="..."/>
		<feat xlink:href="#sSpan785" value="..."/>
		<feat xlink:href="#sSpan835" value="..."/>
		<feat xlink:href="#sSpan897" value="..."/>
		<feat xlink:href="#sSpan966" value="..."/>
		<feat xlink:href="#sSpan1063" value="..."/>
		<feat xlink:href="#sSpan1177" value="..."/>
		<feat xlink:href="#sSpan1256" value="..."/>
		<feat xlink:href="#sSpan1340" value="..."/>
		<feat xlink:href="#sSpan1402" value="..."/>
		<feat xlink:href="#sSpan1578" value="..."/>
		<feat xlink:href="#sSpan1682" value="..."/>
		<feat xlink:href="#sSpan1766" value="..."/>
		<feat xlink:href="#sSpan1810" value="..."/>
		<feat xlink:href="#sSpan1844" value="..."/>
		<feat xlink:href="#sSpan1875" value="..."/>
		<feat xlink:href="#sSpan1952" value="..."/>
		<feat xlink:href="#sSpan2005" value="..."/>
		<feat xlink:href="#sSpan2050" value="..."/>
		<feat xlink:href="#sSpan2101" value="..."/>
		<feat xlink:href="#sSpan2116" value="..."/>
		<feat xlink:href="#sSpan2328" value="..."/>
		<feat xlink:href="#sSpan2412" value="..."/>
		<feat xlink:href="#sSpan2438" value="..."/>
		<feat xlink:href="#sSpan2648" value="..."/>
		<feat xlink:href="#sSpan2678" value="..."/>
		<feat xlink:href="#sSpan2742" value="..."/>
		<feat xlink:href="#sSpan2825" value="..."/>
		<feat xlink:href="#sSpan2910" value="..."/>
		<feat xlink:href="#sSpan2990" value="..."/>
		<feat xlink:href="#sSpan3030" value="..."/>
		<feat xlink:href="#sSpan3087" value="..."/>
		<feat xlink:href="#sSpan3126" value="..."/>
		<feat xlink:href="#sSpan3162" value="..."/>
		<feat xlink:href="#sSpan3302" value="..."/>
		<feat xlink:href="#sSpan3337" value="..."/>
		<feat xlink:href="#sSpan3452" value="..."/>
		<feat xlink:href="#sSpan3496" value="..."/>
		<feat xlink:href="#sSpan3607" value="..."/>
		<feat xlink:href="#sSpan3673" value="..."/>
		<feat xlink:href="#sSpan3717" value="..."/>
		<feat xlink:href="#sSpan3817" value="..."/>
		<feat xlink:href="#sSpan4002" value="..."/>
		<feat xlink:href="#sSpan4108" value="..."/>
		<feat xlink:href="#sSpan4203" value="..."/>
		<feat xlink:href="#sSpan4261" value="..."/>
		<feat xlink:href="#sSpan4357" value="..."/>
		<feat xlink:href="#sSpan4436" value="..."/>
		<feat xlink:href="#sSpan4633" value="..."/>
		<feat xlink:href="#sSpan4863" value="..."/>
		<feat xlink:href="#sSpan4982" value="..."/>
		<feat xlink:href="#sSpan5071" value="..."/>
		<feat xlink:href="#sSpan5109" value="..."/>
		<feat xlink:href="#sSpan5249" value="..."/>
		<feat xlink:href="#sSpan5334" value="..."/>
		<feat xlink:href="#sSpan5455" value="..."/>
		<feat xlink:href="#sSpan5585" value="..."/>
		<feat xlink:href="#sSpan5622" value="..."/>
		<feat xlink:href="#sSpan5710" value="..."/>
		<feat xlink:href="#sSpan5864" value="..."/>
		<feat xlink:href="#sSpan5967" value="..."/>
		<feat xlink:href="#sSpan6070" value="..."/>
		<feat xlink:href="#sSpan6172" value="..."/>
		<feat xlink:href="#sSpan6202" value="..."/></featList></paula>