<?xml version="1.0" encoding="UTF-8" standalone="no"?>

<!DOCTYPE paula SYSTEM "paula_feat.dtd">
<paula version="1.0">

<header paula_id="scriptorium.sahidic.ot.01_Genesis_18_norm_group"/>

<featList xmlns:xlink="http://www.w3.org/1999/xlink" type="norm_group" xml:base="scriptorium.sahidic.ot.01_Genesis_18.norm_groupSeg.xml">
<feat xlink:href="#norm_group_1" value="ⲥⲉϫⲓⲥⲙⲟⲩ"/><!-- ⲥⲉ...ϫⲓⲥⲙⲟⲩ -->
<feat xlink:href="#norm_group_3" value="ϩⲣⲁⲓ"/><!-- ϩⲣⲁⲓ -->
<feat xlink:href="#norm_group_4" value="ⲛϩⲏⲧϥ"/><!-- ⲛϩⲏⲧ...ϥ -->
<feat xlink:href="#norm_group_6" value="ⲛϭⲓ"/><!-- ⲛϭⲓ -->
<feat xlink:href="#norm_group_7" value="ⲛϩⲉⲑⲛⲟⲥ"/><!-- ⲛ...ϩⲉⲑⲛⲟⲥ -->
<feat xlink:href="#norm_group_9" value="ⲧⲏⲣⲟⲩ"/><!-- ⲧⲏⲣ...ⲟⲩ -->
<feat xlink:href="#norm_group_11" value="ⲙⲡⲕⲁϩ"/><!-- ⲙ...ⲕⲁϩ -->
<feat xlink:href="#norm_group_14" value="ⲛⲉⲓⲥⲟⲟⲩⲛ"/><!-- ⲛⲉ...ⲥⲟⲟⲩⲛ -->
<feat xlink:href="#norm_group_17" value="ⲅⲁⲣ"/><!-- ⲅⲁⲣ -->
<feat xlink:href="#norm_group_18" value="ϫⲉ"/><!-- ϫⲉ -->
<feat xlink:href="#norm_group_19" value="ⲁⲃⲣⲁϩⲁⲙ"/><!-- ⲁⲃⲣⲁϩⲁⲙ -->
<feat xlink:href="#norm_group_20" value="ⲛⲁϩⲱⲛ"/><!-- ⲛⲁ...ϩⲱⲛ -->
<feat xlink:href="#norm_group_22" value="ⲉⲧⲟⲟⲧⲟⲩ"/><!-- ⲉⲧⲟⲟⲧ...ⲟⲩ -->
<feat xlink:href="#norm_group_24" value="ⲛⲛⲉϥϣⲏⲣⲉ"/><!-- ⲛ...ϣⲏⲣⲉ -->
<feat xlink:href="#norm_group_27" value="ⲁⲩⲱ"/><!-- ⲁⲩⲱ -->
<feat xlink:href="#norm_group_28" value="ⲡⲉϥⲏⲓ"/><!-- ⲡⲉϥ...ⲏⲓ -->
<feat xlink:href="#norm_group_30" value="ⲙⲛⲛⲥⲱϥ"/><!-- ⲙⲛⲛⲥⲱ...ϥ -->
<feat xlink:href="#norm_group_32" value="ⲛⲥⲉϩⲁⲣⲉϩ"/><!-- ⲛ...ϩⲁⲣⲉϩ -->
<feat xlink:href="#norm_group_35" value="ⲉⲛⲉϩⲓⲟⲟⲩⲉ"/><!-- ⲉⲛⲉϩⲓⲟⲟⲩⲉ -->
<feat xlink:href="#norm_group_36" value="ⲙⲡϫⲟⲉⲓⲥ"/><!-- ⲙ...ϫⲟⲉⲓⲥ -->
<feat xlink:href="#norm_group_39" value="ⲉⲉⲓⲣⲉ"/><!-- ⲉ...ⲉⲓⲣⲉ -->
<feat xlink:href="#norm_group_41" value="ⲛⲧⲇⲓⲕⲁⲓⲟⲥⲩⲛⲏ"/><!-- ⲛ...ⲇⲓⲕⲁⲓⲟⲥⲩⲛⲏ -->
<feat xlink:href="#norm_group_44" value="ⲙⲛ"/><!-- ⲙⲛ -->
<feat xlink:href="#norm_group_45" value="ⲡϩⲁⲡ"/><!-- ⲡ...ϩⲁⲡ -->
<feat xlink:href="#norm_group_47" value="ϫⲉ"/><!-- ϫⲉ -->
<feat xlink:href="#norm_group_48" value="ⲉⲣⲉ"/><!-- ⲉⲣⲉ -->
<feat xlink:href="#norm_group_49" value="ⲡϫⲟⲉⲓⲥ"/><!-- ⲡ...ϫⲟⲉⲓⲥ -->
<feat xlink:href="#norm_group_51" value="ⲉⲓⲛⲉ"/><!-- ⲉⲓⲛⲉ -->
<feat xlink:href="#norm_group_52" value="ⲉϫⲛ"/><!-- ⲉϫⲛ -->
<feat xlink:href="#norm_group_53" value="ⲁⲃⲣⲁϩⲁⲙ"/><!-- ⲁⲃⲣⲁϩⲁⲙ -->
<feat xlink:href="#norm_group_54" value="ⲛϩⲱⲃ"/><!-- ⲛ...ϩⲱⲃ -->
<feat xlink:href="#norm_group_56" value="ⲛⲓⲙ"/><!-- ⲛⲓⲙ -->
<feat xlink:href="#norm_group_57" value="ⲉⲛⲧⲁϥϫⲟⲟⲩ"/><!-- ⲉ...ϫⲟⲟⲩ -->
<feat xlink:href="#norm_group_61" value="ⲛⲁϥ"/><!-- ⲛⲁ...ϥ -->
<feat xlink:href="#norm_group_63" value="ⲡⲉϫⲁϥ"/><!-- ⲡⲉϫⲁ...ϥ -->
<feat xlink:href="#norm_group_65" value="ⲇⲉ"/><!-- ⲇⲉ -->
<feat xlink:href="#norm_group_66" value="ⲛϭⲓ"/><!-- ⲛϭⲓ -->
<feat xlink:href="#norm_group_67" value="ⲡϫⲟⲉⲓⲥ"/><!-- ⲡ...ϫⲟⲉⲓⲥ -->
<feat xlink:href="#norm_group_69" value="ϫⲉ"/><!-- ϫⲉ -->
<feat xlink:href="#norm_group_70" value="ⲡⲁϣⲕⲁⲕ"/><!-- ⲡⲁ...ϣⲕⲁⲕ -->
<feat xlink:href="#norm_group_72" value="ⲛⲥⲟⲇⲟⲙⲁ"/><!-- ⲛ...ⲥⲟⲇⲟⲙⲁ -->
<feat xlink:href="#norm_group_74" value="ⲙⲛ"/><!-- ⲙⲛ -->
<feat xlink:href="#norm_group_75" value="ⲅⲟⲙⲟⲣⲣⲁ"/><!-- ⲅⲟⲙⲟⲣⲣⲁ -->
<feat xlink:href="#norm_group_76" value="ⲁϥⲉⲓ"/><!-- ⲁ...ⲉⲓ -->
<feat xlink:href="#norm_group_79" value="ⲉϩⲣⲁⲓ"/><!-- ⲉϩⲣⲁⲓ -->
<feat xlink:href="#norm_group_80" value="ϣⲁⲣⲟⲓ"/><!-- ϣⲁⲣⲟ...ⲓ -->
<feat xlink:href="#norm_group_82" value="ⲁⲩⲱ"/><!-- ⲁⲩⲱ -->
<feat xlink:href="#norm_group_83" value="ⲛⲉⲩⲛⲟⲃⲉ"/><!-- ⲛⲉⲩ...ⲛⲟⲃⲉ -->
<feat xlink:href="#norm_group_85" value="ϩⲉⲛⲛⲟϭ"/><!-- ϩⲉⲛ...ⲛⲟϭ -->
<feat xlink:href="#norm_group_87" value="ⲛⲉ"/><!-- ⲛⲉ -->
<feat xlink:href="#norm_group_88" value="ⲉⲙⲁⲧⲉ"/><!-- ⲉⲙⲁⲧⲉ -->
<feat xlink:href="#norm_group_89" value="ϯⲛⲁⲃⲱⲕ"/><!-- ϯ...ⲃⲱⲕ -->
<feat xlink:href="#norm_group_92" value="ϭⲉ"/><!-- ϭⲉ -->
<feat xlink:href="#norm_group_93" value="ⲉⲡⲉⲥⲏⲧ"/><!-- ⲉⲡⲉⲥⲏⲧ -->
<feat xlink:href="#norm_group_94" value="ⲧⲁⲛⲁⲩ"/><!-- ⲧⲁ...ⲛⲁⲩ -->
<feat xlink:href="#norm_group_96" value="ϫⲉ"/><!-- ϫⲉ -->
<feat xlink:href="#norm_group_97" value="ⲥⲉϫⲱⲕ"/><!-- ⲥⲉ...ϫⲱⲕ -->
<feat xlink:href="#norm_group_99" value="ⲉⲃⲟⲗ"/><!-- ⲉⲃⲟⲗ -->
<feat xlink:href="#norm_group_100" value="ⲛⲧⲟⲕ"/><!-- ⲛⲧⲟⲕ -->
<feat xlink:href="#norm_group_101" value="ⲛⲧϩⲉ"/><!-- ⲛ...ⲉ -->
<feat xlink:href="#norm_group_104" value="ⲙⲡⲓϣⲁϫⲉ"/><!-- ⲙ...ϣⲁϫⲉ -->
<feat xlink:href="#norm_group_107" value="ⲉⲙⲟⲩⲟⲩⲧ"/><!-- ⲉ...ⲙⲟⲩⲟⲩⲧ -->
<feat xlink:href="#norm_group_109" value="ⲙⲡⲇⲓⲕⲁⲓⲟⲥ"/><!-- ⲙ...ⲇⲓⲕⲁⲓⲟⲥ -->
<feat xlink:href="#norm_group_112" value="ⲙⲛ"/><!-- ⲙⲛ -->
<feat xlink:href="#norm_group_113" value="ⲡⲁⲥⲉⲃⲏⲥ"/><!-- ⲡ...ⲁⲥⲉⲃⲏⲥ -->
<feat xlink:href="#norm_group_115" value="ⲛⲧⲉ"/><!-- ⲛⲧⲉ -->
<feat xlink:href="#norm_group_116" value="ⲡⲇⲓⲕⲁⲓⲟⲥ"/><!-- ⲡ...ⲇⲓⲕⲁⲓⲟⲥ -->
<feat xlink:href="#norm_group_118" value="ϣⲱⲡⲉ"/><!-- ϣⲱⲡⲉ -->
<feat xlink:href="#norm_group_119" value="ⲛⲧϩⲉ"/><!-- ⲛ...ⲉ -->
<feat xlink:href="#norm_group_122" value="ⲙⲡⲁⲥⲉⲃⲏⲥ"/><!-- ⲙ...ⲁⲥⲉⲃⲏⲥ -->
<feat xlink:href="#norm_group_125" value="ⲙⲡⲱⲣ"/><!-- ⲙⲡⲱⲣ -->
<feat xlink:href="#norm_group_126" value="ⲡⲉⲧⲕⲣⲓⲛⲉ"/><!-- ⲡ...ⲕⲣⲓⲛⲉ -->
<feat xlink:href="#norm_group_129" value="ⲙⲡⲕⲁϩ"/><!-- ⲙ...ⲕⲁϩ -->
<feat xlink:href="#norm_group_132" value="ⲧⲏⲣϥ"/><!-- ⲧⲏⲣ...ϥ -->
<feat xlink:href="#norm_group_134" value="ⲛⲛⲉⲕⲉⲓⲣⲉ"/><!-- ⲛⲛⲉ...ⲉⲓⲣⲉ -->
<feat xlink:href="#norm_group_137" value="ⲙⲡⲓϩⲁⲡ"/><!-- ⲙ...ϩⲁⲡ -->
<feat xlink:href="#norm_group_140" value="ⲡⲉϫⲁϥ"/><!-- ⲡⲉϫⲁ...ϥ -->
<feat xlink:href="#norm_group_142" value="ⲇⲉ"/><!-- ⲇⲉ -->
<feat xlink:href="#norm_group_143" value="ⲛϭⲓ"/><!-- ⲛϭⲓ -->
<feat xlink:href="#norm_group_144" value="ⲡϫⲟⲉⲓⲥ"/><!-- ⲡ...ϫⲟⲉⲓⲥ -->
<feat xlink:href="#norm_group_146" value="ϫⲉ"/><!-- ϫⲉ -->
<feat xlink:href="#norm_group_147" value="ⲉⲓϣⲁⲛϩⲉ"/><!-- ⲉⲓϣⲁⲛ...ϩⲉ -->
<feat xlink:href="#norm_group_149" value="ⲉⲧⲁⲓⲟⲩ"/><!-- ⲉ...ⲓⲟⲩ -->
<feat xlink:href="#norm_group_152" value="ⲛⲇⲓⲕⲁⲓⲟⲥ"/><!-- ⲛ...ⲇⲓⲕⲁⲓⲟⲥ -->
<feat xlink:href="#norm_group_154" value="ϩⲛ"/><!-- ϩⲛ -->
<feat xlink:href="#norm_group_155" value="ⲥⲟⲇⲟⲙⲁ"/><!-- ⲥⲟⲇⲟⲙⲁ -->
<feat xlink:href="#norm_group_156" value="ⲧⲡⲟⲗⲓⲥ"/><!-- ⲧ...ⲡⲟⲗⲓⲥ -->
<feat xlink:href="#norm_group_158" value="ϯⲛⲁⲕⲱ"/><!-- ϯ...ⲕⲱ -->
<feat xlink:href="#norm_group_161" value="ⲉⲃⲟⲗ"/><!-- ⲉⲃⲟⲗ -->
<feat xlink:href="#norm_group_162" value="ⲙⲡⲙⲁ"/><!-- ⲙ...ⲙⲁ -->
<feat xlink:href="#norm_group_165" value="ⲧⲏⲣϥ"/><!-- ⲧⲏⲣ...ϥ -->
<feat xlink:href="#norm_group_167" value="ⲉⲧⲃⲏⲏⲧⲟⲩ"/><!-- ⲉⲧⲃⲏⲏⲧ...ⲟⲩ -->
<feat xlink:href="#norm_group_169" value="ⲁϥⲟⲩⲱϣⲃ"/><!-- ⲁ...ⲟⲩⲱϣⲃ -->
<feat xlink:href="#norm_group_172" value="ⲛϭⲓ"/><!-- ⲛϭⲓ -->
<feat xlink:href="#norm_group_173" value="ⲁⲃⲣⲁϩⲁⲙ"/><!-- ⲁⲃⲣⲁϩⲁⲙ -->
<feat xlink:href="#norm_group_174" value="ⲡⲉϫⲁϥ"/><!-- ⲡⲉϫⲁ...ϥ -->
<feat xlink:href="#norm_group_176" value="ϫⲉ"/><!-- ϫⲉ -->
<feat xlink:href="#norm_group_177" value="ⲧⲉⲛⲟⲩ"/><!-- ⲧⲉⲛⲟⲩ -->
<feat xlink:href="#norm_group_178" value="ⲉⲛⲧⲁⲓⲁⲣⲭⲉⲓ"/><!-- ⲉⲛⲧ...ⲁⲣⲭⲉⲓ -->
<feat xlink:href="#norm_group_182" value="ⲛϣⲁϫⲉ"/><!-- ⲛ...ϣⲁϫⲉ -->
<feat xlink:href="#norm_group_184" value="ⲙⲛ"/><!-- ⲙⲛ -->
<feat xlink:href="#norm_group_185" value="ⲡⲁϫⲟⲉⲓⲥ"/><!-- ⲡⲁ...ϫⲟⲉⲓⲥ -->
<feat xlink:href="#norm_group_187" value="ⲁⲛⲟⲕ"/><!-- ⲁⲛⲟⲕ -->
<feat xlink:href="#norm_group_188" value="ⲇⲉ"/><!-- ⲇⲉ -->
<feat xlink:href="#norm_group_189" value="ⲁⲛⲅ"/><!-- ⲁⲛⲅ -->
<feat xlink:href="#norm_group_190" value="ⲟⲩⲕⲁϩ"/><!-- ⲟⲩ...ⲕⲁϩ -->
<feat xlink:href="#norm_group_192" value="ⲁⲛⲅ"/><!-- ⲁⲛⲅ -->
<feat xlink:href="#norm_group_193" value="ⲟⲩⲕⲣⲙⲉⲥ"/><!-- ⲟⲩ...ⲕⲣⲙⲉⲥ -->
<feat xlink:href="#norm_group_195" value="ⲉϣⲱⲡⲉ"/><!-- ⲉϣⲱⲡⲉ -->
<feat xlink:href="#norm_group_196" value="ⲇⲉ"/><!-- ⲇⲉ -->
<feat xlink:href="#norm_group_197" value="ⲉⲩϣⲁⲛϣⲱⲱⲧ"/><!-- ⲉⲩϣⲁⲛ...ϣⲱⲱⲧ -->
<feat xlink:href="#norm_group_199" value="ⲛϭⲓ"/><!-- ⲛϭⲓ -->
<feat xlink:href="#norm_group_200" value="ⲡⲧⲁⲓⲟⲩ"/><!-- ⲡ...ⲧⲁⲓⲟⲩ -->
<feat xlink:href="#norm_group_202" value="ⲛⲇⲓⲕⲁⲓⲟⲥ"/><!-- ⲛ...ⲇⲓⲕⲁⲓⲟⲥ -->
<feat xlink:href="#norm_group_204" value="ⲛⲧⲓⲟⲩ"/><!-- ⲛ...ⲧⲓⲟⲩ -->
<feat xlink:href="#norm_group_206" value="ⲕⲛⲁ"/><!-- ⲕ...ⲛⲁ -->
<feat xlink:href="#norm_group_208" value="ⲁⲥϣⲱⲡⲉ"/><!-- ⲁ...ϣⲱⲡⲉ -->
<feat xlink:href="#norm_group_211" value="ⲇⲉ"/><!-- ⲇⲉ -->
<feat xlink:href="#norm_group_212" value="ⲙⲛⲛⲥⲁ"/><!-- ⲙⲛⲛⲥⲁ -->
<feat xlink:href="#norm_group_213" value="ⲛⲓϣⲁϫⲉ"/><!-- ⲛ...ϣⲁϫⲉ -->
<feat xlink:href="#norm_group_216" value="ⲁⲡⲛⲟⲩⲧⲉ"/><!-- ⲁ...ⲛⲟⲩⲧⲉ -->
<feat xlink:href="#norm_group_219" value="ⲡⲓⲣⲁⲍⲉ"/><!-- ⲡⲓⲣⲁⲍⲉ -->
<feat xlink:href="#norm_group_220" value="ⲛⲁⲃⲣⲁϩⲁⲙ"/><!-- ⲛ...ⲁⲃⲣⲁϩⲁⲙ -->
<feat xlink:href="#norm_group_222" value="ⲡⲉϫⲁϥ"/><!-- ⲡⲉϫⲁ...ϥ -->
<feat xlink:href="#norm_group_224" value="ⲛⲁϥ"/><!-- ⲛⲁ...ϥ -->
<feat xlink:href="#norm_group_226" value="ϫⲉ"/><!-- ϫⲉ -->
<feat xlink:href="#norm_group_227" value="ⲁⲃⲣⲁϩⲁⲙ"/><!-- ⲁⲃⲣⲁϩⲁⲙ -->
<feat xlink:href="#norm_group_228" value="ⲡⲉϫⲁϥ"/><!-- ⲡⲉϫⲁ...ϥ -->
<feat xlink:href="#norm_group_230" value="ϫⲉ"/><!-- ϫⲉ -->
<feat xlink:href="#norm_group_231" value="ⲉⲓⲥ"/><!-- ⲉⲓⲥ -->
<feat xlink:href="#norm_group_232" value="ϩⲏⲏⲧⲉ"/><!-- ϩⲏⲏⲧⲉ -->
<feat xlink:href="#norm_group_233" value="ⲁⲛⲟⲕ"/><!-- ⲁⲛⲟⲕ -->
</featList>
</paula>
