<?xml version="1.0" encoding="UTF-8" standalone="no"?>

<!DOCTYPE paula SYSTEM "paula_mark.dtd">
<paula version="1.0">

<header paula_id="sahidica.nt.1_Corinthians_3_posSeg"/>

<markList xmlns:xlink="http://www.w3.org/1999/xlink" type="posSeg" xml:base="sahidica.nt.1_Corinthians_3.tok.xml">
<mark id="pos_1" xlink:href="#tok_1"/><!-- ⲁⲛⲟⲕ -->
<mark id="pos_2" xlink:href="#tok_2"/><!-- ϩⲱ -->
<mark id="pos_3" xlink:href="#tok_3"/><!-- ⲛⲁ -->
<mark id="pos_4" xlink:href="#tok_4"/><!-- ⲥⲛⲏⲩ -->
<mark id="pos_5" xlink:href="#tok_5"/><!-- ⲙ -->
<mark id="pos_6" xlink:href="#tok_6"/><!-- ⲡⲓ -->
<mark id="pos_7" xlink:href="#tok_7"/><!-- ϣϭⲙϭⲟⲙ -->
<mark id="pos_8" xlink:href="#tok_8"/><!-- ⲉ -->
<mark id="pos_9" xlink:href="#tok_9"/><!-- ϣⲁϫⲉ -->
<mark id="pos_10" xlink:href="#tok_10"/><!-- ⲛⲙⲙⲏ -->
<mark id="pos_11" xlink:href="#tok_11"/><!-- ⲧⲛ -->
<mark id="pos_12" xlink:href="#tok_12"/><!-- ϩⲱⲥ -->
<mark id="pos_13" xlink:href="#tok_13"/><!-- ⲡⲛⲉⲩⲙⲁⲧⲓⲕⲟⲥ -->
<mark id="pos_14" xlink:href="#tok_14"/><!-- . -->
<mark id="pos_15" xlink:href="#tok_15"/><!-- ⲁⲗⲗⲁ -->
<mark id="pos_16" xlink:href="#tok_16"/><!-- ϩⲱⲥ -->
<mark id="pos_17" xlink:href="#tok_17"/><!-- ⲥⲁⲣⲕⲓⲕⲟⲥ -->
<mark id="pos_18" xlink:href="#tok_18"/><!-- ϩⲱⲥ -->
<mark id="pos_19" xlink:href="#tok_19"/><!-- ⲕⲟⲩⲓ -->
<mark id="pos_20" xlink:href="#tok_20"/><!-- ϩⲙ -->
<mark id="pos_21" xlink:href="#tok_21"/><!-- ⲡⲉ -->
<mark id="pos_22" xlink:href="#tok_22"/><!-- ⲭⲣⲓⲥⲧⲟⲥ -->
<mark id="pos_23" xlink:href="#tok_23"/><!-- . -->
<mark id="pos_24" xlink:href="#tok_24"/><!-- ⲁ -->
<mark id="pos_25" xlink:href="#tok_25"/><!-- ⲓ -->
<mark id="pos_26" xlink:href="#tok_26"/><!-- ⲧⲥⲉ -->
<mark id="pos_27" xlink:href="#tok_27"/><!-- ⲧⲛ -->
<mark id="pos_28" xlink:href="#tok_28"/><!-- ⲉⲣⲱⲧⲉ -->
<mark id="pos_29" xlink:href="#tok_29"/><!-- ⲛ -->
<mark id="pos_30" xlink:href="#tok_30"/><!-- ⲟⲩ -->
<mark id="pos_31" xlink:href="#tok_31"/><!-- ϩⲣⲉ -->
<mark id="pos_32" xlink:href="#tok_32"/><!-- ⲁⲛ -->
<mark id="pos_33" xlink:href="#tok_33"/><!-- . -->
<mark id="pos_34" xlink:href="#tok_34"/><!-- ⲛⲉ -->
<mark id="pos_35" xlink:href="#tok_35"/><!-- ⲙⲡⲁⲧⲉⲧⲛⲉϣϭ -->
<mark id="pos_36" xlink:href="#tok_36"/><!-- ⲙ -->
<mark id="pos_37" xlink:href="#tok_37"/><!-- ϭⲟⲙ -->
<mark id="pos_38" xlink:href="#tok_38"/><!-- ⲅⲁⲣ -->
<mark id="pos_39" xlink:href="#tok_39"/><!-- ⲡⲉ -->
<mark id="pos_40" xlink:href="#tok_40"/><!-- . -->
<mark id="pos_41" xlink:href="#tok_41"/><!-- ⲁⲗⲗⲁ -->
<mark id="pos_42" xlink:href="#tok_42"/><!-- ⲧⲉⲛⲟⲩ -->
<mark id="pos_43" xlink:href="#tok_43"/><!-- ⲟⲛ -->
<mark id="pos_44" xlink:href="#tok_44"/><!-- ⲉⲙⲡⲁⲧⲉⲧⲛⲉϣϭⲙϭⲟⲙ -->
<mark id="pos_45" xlink:href="#tok_45"/><!-- . -->
<mark id="pos_46" xlink:href="#tok_46"/><!-- ⲉⲧ -->
<mark id="pos_47" xlink:href="#tok_47"/><!-- ⲉⲓ -->
<mark id="pos_48" xlink:href="#tok_48"/><!-- ⲅⲁⲣ -->
<mark id="pos_49" xlink:href="#tok_49"/><!-- ⲛⲧⲉⲧⲛ -->
<mark id="pos_50" xlink:href="#tok_50"/><!-- ϩⲉⲛ -->
<mark id="pos_51" xlink:href="#tok_51"/><!-- ⲥⲁⲣⲕⲓⲕⲟⲥ -->
<mark id="pos_52" xlink:href="#tok_52"/><!-- ϩⲟⲡⲟⲩ -->
<mark id="pos_53" xlink:href="#tok_53"/><!-- ⲅⲁⲣ -->
<mark id="pos_54" xlink:href="#tok_54"/><!-- ⲟⲩⲛ -->
<mark id="pos_55" xlink:href="#tok_55"/><!-- ⲕⲱϩ -->
<mark id="pos_56" xlink:href="#tok_56"/><!-- ϩⲓ -->
<mark id="pos_57" xlink:href="#tok_57"/><!-- ϯⲧⲱⲛ -->
<mark id="pos_58" xlink:href="#tok_58"/><!-- ⲛϩⲏⲧ -->
<mark id="pos_59" xlink:href="#tok_59"/><!-- ⲧⲏⲩⲧⲛ -->
<mark id="pos_60" xlink:href="#tok_60"/><!-- . -->
<mark id="pos_61" xlink:href="#tok_61"/><!-- ⲙⲏ -->
<mark id="pos_62" xlink:href="#tok_62"/><!-- ⲛⲧⲉⲧⲛ -->
<mark id="pos_63" xlink:href="#tok_63"/><!-- ϩⲉⲛ -->
<mark id="pos_64" xlink:href="#tok_64"/><!-- ⲥⲁⲣⲕⲓⲕⲟⲥ -->
<mark id="pos_65" xlink:href="#tok_65"/><!-- ⲁⲛ -->
<mark id="pos_66" xlink:href="#tok_66"/><!-- . -->
<mark id="pos_67" xlink:href="#tok_67"/><!-- ⲁⲩⲱ -->
<mark id="pos_68" xlink:href="#tok_68"/><!-- ⲉ -->
<mark id="pos_69" xlink:href="#tok_69"/><!-- ⲧⲉⲧⲛ -->
<mark id="pos_70" xlink:href="#tok_70"/><!-- ⲙⲟⲟϣⲉ -->
<mark id="pos_71" xlink:href="#tok_71"/><!-- ⲕⲁⲧⲁ -->
<mark id="pos_72" xlink:href="#tok_72"/><!-- ⲣⲱⲙⲉ -->
<mark id="pos_73" xlink:href="#tok_73"/><!-- . -->
<mark id="pos_74" xlink:href="#tok_74"/><!-- ϩⲟⲧⲁⲛ -->
<mark id="pos_75" xlink:href="#tok_75"/><!-- ⲅⲁⲣ -->
<mark id="pos_76" xlink:href="#tok_76"/><!-- ⲉⲣϣⲁⲛ -->
<mark id="pos_77" xlink:href="#tok_77"/><!-- ⲟⲩⲁ -->
<mark id="pos_78" xlink:href="#tok_78"/><!-- ϫⲟⲟ -->
<mark id="pos_79" xlink:href="#tok_79"/><!-- ⲥ -->
<mark id="pos_80" xlink:href="#tok_80"/><!-- ϫⲉ -->
<mark id="pos_81" xlink:href="#tok_81"/><!-- ⲁⲛⲟⲕ -->
<mark id="pos_82" xlink:href="#tok_82"/><!-- ⲙⲉⲛ -->
<mark id="pos_83" xlink:href="#tok_83"/><!-- ⲁⲛⲅ -->
<mark id="pos_84" xlink:href="#tok_84"/><!-- ⲡⲁ -->
<mark id="pos_85" xlink:href="#tok_85"/><!-- ⲡⲁⲩⲗⲟⲥ -->
<mark id="pos_86" xlink:href="#tok_86"/><!-- . -->
<mark id="pos_87" xlink:href="#tok_87"/><!-- ⲕⲉⲟⲩⲁ -->
<mark id="pos_88" xlink:href="#tok_88"/><!-- ⲇⲉ -->
<mark id="pos_89" xlink:href="#tok_89"/><!-- ϫⲉ -->
<mark id="pos_90" xlink:href="#tok_90"/><!-- ⲁⲛⲅ -->
<mark id="pos_91" xlink:href="#tok_91"/><!-- ⲡⲁ -->
<mark id="pos_92" xlink:href="#tok_92"/><!-- ⲁⲡⲟⲗⲗⲱ -->
<mark id="pos_93" xlink:href="#tok_93"/><!-- . -->
<mark id="pos_94" xlink:href="#tok_94"/><!-- ⲙⲏ -->
<mark id="pos_95" xlink:href="#tok_95"/><!-- ⲛⲧⲉⲧⲛ -->
<mark id="pos_96" xlink:href="#tok_96"/><!-- ϩⲉⲛ -->
<mark id="pos_97" xlink:href="#tok_97"/><!-- ⲣⲱⲙⲉ -->
<mark id="pos_98" xlink:href="#tok_98"/><!-- ⲁⲛ -->
<mark id="pos_99" xlink:href="#tok_99"/><!-- . -->
<mark id="pos_100" xlink:href="#tok_100"/><!-- ⲟⲩ -->
<mark id="pos_101" xlink:href="#tok_101"/><!-- ϭⲉ -->
<mark id="pos_102" xlink:href="#tok_102"/><!-- ⲡⲉ -->
<mark id="pos_103" xlink:href="#tok_103"/><!-- ⲁⲡⲟⲗⲗⲱ -->
<mark id="pos_104" xlink:href="#tok_104"/><!-- ⲟⲩ -->
<mark id="pos_105" xlink:href="#tok_105"/><!-- ⲇⲉ -->
<mark id="pos_106" xlink:href="#tok_106"/><!-- ⲡⲉ -->
<mark id="pos_107" xlink:href="#tok_107"/><!-- ⲡⲁⲩⲗⲟⲥ -->
<mark id="pos_108" xlink:href="#tok_108"/><!-- ⲁⲗⲗⲁ -->
<mark id="pos_109" xlink:href="#tok_109"/><!-- ϩⲉⲛ -->
<mark id="pos_110" xlink:href="#tok_110"/><!-- ⲇⲓⲁⲕⲱⲛ -->
<mark id="pos_111" xlink:href="#tok_111"/><!-- ⲛⲉ -->
<mark id="pos_112" xlink:href="#tok_112"/><!-- ⲉ -->
<mark id="pos_113" xlink:href="#tok_113"/><!-- ⲁ -->
<mark id="pos_114" xlink:href="#tok_114"/><!-- ⲧⲉⲧⲛ -->
<mark id="pos_115" xlink:href="#tok_115"/><!-- ⲡⲓⲥⲧⲉⲩⲉ -->
<mark id="pos_116" xlink:href="#tok_116"/><!-- ⲉⲃⲟⲗ -->
<mark id="pos_117" xlink:href="#tok_117"/><!-- ϩⲓ -->
<mark id="pos_118" xlink:href="#tok_118"/><!-- ⲧⲟⲟⲧⲟⲩ -->
<mark id="pos_119" xlink:href="#tok_119"/><!-- ⲁⲩⲱ -->
<mark id="pos_120" xlink:href="#tok_120"/><!-- ⲡ -->
<mark id="pos_121" xlink:href="#tok_121"/><!-- ⲟⲩⲁ -->
<mark id="pos_122" xlink:href="#tok_122"/><!-- ⲡ -->
<mark id="pos_123" xlink:href="#tok_123"/><!-- ⲟⲩⲁ -->
<mark id="pos_124" xlink:href="#tok_124"/><!-- ⲛ -->
<mark id="pos_125" xlink:href="#tok_125"/><!-- ⲧ -->
<mark id="pos_126" xlink:href="#tok_126"/><!-- ϩⲉ -->
<mark id="pos_127" xlink:href="#tok_127"/><!-- ⲉⲛⲧⲁ -->
<mark id="pos_128" xlink:href="#tok_128"/><!-- ⲡ -->
<mark id="pos_129" xlink:href="#tok_129"/><!-- ϫⲟⲉⲓⲥ -->
<mark id="pos_130" xlink:href="#tok_130"/><!-- ϯⲛⲁϥ -->
<mark id="pos_131" xlink:href="#tok_131"/><!-- . -->
<mark id="pos_132" xlink:href="#tok_132"/><!-- ⲁⲛⲟⲕ -->
<mark id="pos_133" xlink:href="#tok_133"/><!-- ⲁ -->
<mark id="pos_134" xlink:href="#tok_134"/><!-- ⲓ -->
<mark id="pos_135" xlink:href="#tok_135"/><!-- ⲧⲱϭⲉ -->
<mark id="pos_136" xlink:href="#tok_136"/><!-- ⲁⲡⲟⲗⲗⲱ -->
<mark id="pos_137" xlink:href="#tok_137"/><!-- ⲡ -->
<mark id="pos_138" xlink:href="#tok_138"/><!-- ⲉⲛⲧ -->
<mark id="pos_139" xlink:href="#tok_139"/><!-- ⲁ -->
<mark id="pos_140" xlink:href="#tok_140"/><!-- ϥ -->
<mark id="pos_141" xlink:href="#tok_141"/><!-- ⲧⲥⲟ -->
<mark id="pos_142" xlink:href="#tok_142"/><!-- . -->
<mark id="pos_143" xlink:href="#tok_143"/><!-- ⲁⲗⲗⲁ -->
<mark id="pos_144" xlink:href="#tok_144"/><!-- ⲡ -->
<mark id="pos_145" xlink:href="#tok_145"/><!-- ⲛⲟⲩⲧⲉ -->
<mark id="pos_146" xlink:href="#tok_146"/><!-- ⲡ -->
<mark id="pos_147" xlink:href="#tok_147"/><!-- ⲉⲛⲧ -->
<mark id="pos_148" xlink:href="#tok_148"/><!-- ⲁ -->
<mark id="pos_149" xlink:href="#tok_149"/><!-- ϥ -->
<mark id="pos_150" xlink:href="#tok_150"/><!-- ⲁⲩⲝⲁⲛⲉ -->
<mark id="pos_151" xlink:href="#tok_151"/><!-- . -->
<mark id="pos_152" xlink:href="#tok_152"/><!-- ϩⲱⲥⲧⲉ -->
<mark id="pos_153" xlink:href="#tok_153"/><!-- ϭⲉ -->
<mark id="pos_154" xlink:href="#tok_154"/><!-- ⲙⲡⲁ -->
<mark id="pos_155" xlink:href="#tok_155"/><!-- ⲡ -->
<mark id="pos_156" xlink:href="#tok_156"/><!-- ⲉⲧ -->
<mark id="pos_157" xlink:href="#tok_157"/><!-- ⲧⲱϭⲉ -->
<mark id="pos_158" xlink:href="#tok_158"/><!-- ⲁⲛ -->
<mark id="pos_159" xlink:href="#tok_159"/><!-- ⲡⲉ -->
<mark id="pos_160" xlink:href="#tok_160"/><!-- ⲟⲩⲇⲉ -->
<mark id="pos_161" xlink:href="#tok_161"/><!-- ⲙⲡⲁ -->
<mark id="pos_162" xlink:href="#tok_162"/><!-- ⲡ -->
<mark id="pos_163" xlink:href="#tok_163"/><!-- ⲉⲧ -->
<mark id="pos_164" xlink:href="#tok_164"/><!-- ⲧⲥⲟ -->
<mark id="pos_165" xlink:href="#tok_165"/><!-- ⲁⲛ -->
<mark id="pos_166" xlink:href="#tok_166"/><!-- ⲡⲉ -->
<mark id="pos_167" xlink:href="#tok_167"/><!-- . -->
<mark id="pos_168" xlink:href="#tok_168"/><!-- ⲁⲗⲗⲁ -->
<mark id="pos_169" xlink:href="#tok_169"/><!-- ⲡ -->
<mark id="pos_170" xlink:href="#tok_170"/><!-- ⲛⲟⲩⲧⲉ -->
<mark id="pos_171" xlink:href="#tok_171"/><!-- ⲡⲉ -->
<mark id="pos_172" xlink:href="#tok_172"/><!-- ⲉⲧ -->
<mark id="pos_173" xlink:href="#tok_173"/><!-- ⲁⲩⲝⲁⲛⲉ -->
<mark id="pos_174" xlink:href="#tok_174"/><!-- . -->
<mark id="pos_175" xlink:href="#tok_175"/><!-- ⲡ -->
<mark id="pos_176" xlink:href="#tok_176"/><!-- ⲉⲧ -->
<mark id="pos_177" xlink:href="#tok_177"/><!-- ⲧⲱϭⲉ -->
<mark id="pos_178" xlink:href="#tok_178"/><!-- ⲇⲉ -->
<mark id="pos_179" xlink:href="#tok_179"/><!-- ⲙⲛ -->
<mark id="pos_180" xlink:href="#tok_180"/><!-- ⲡ -->
<mark id="pos_181" xlink:href="#tok_181"/><!-- ⲉⲧ -->
<mark id="pos_182" xlink:href="#tok_182"/><!-- ⲧⲥⲟ -->
<mark id="pos_183" xlink:href="#tok_183"/><!-- ⲟⲩⲁ -->
<mark id="pos_184" xlink:href="#tok_184"/><!-- ⲛⲉ -->
<mark id="pos_185" xlink:href="#tok_185"/><!-- . -->
<mark id="pos_186" xlink:href="#tok_186"/><!-- ⲡ -->
<mark id="pos_187" xlink:href="#tok_187"/><!-- ⲟⲩⲁ -->
<mark id="pos_188" xlink:href="#tok_188"/><!-- ⲇⲉ -->
<mark id="pos_189" xlink:href="#tok_189"/><!-- ⲡ -->
<mark id="pos_190" xlink:href="#tok_190"/><!-- ⲟⲩⲁ -->
<mark id="pos_191" xlink:href="#tok_191"/><!-- ⲛⲁ -->
<mark id="pos_192" xlink:href="#tok_192"/><!-- ϫⲓ -->
<mark id="pos_193" xlink:href="#tok_193"/><!-- ⲙ -->
<mark id="pos_194" xlink:href="#tok_194"/><!-- ⲡⲉϥ -->
<mark id="pos_195" xlink:href="#tok_195"/><!-- ⲃⲉⲕⲉ -->
<mark id="pos_196" xlink:href="#tok_196"/><!-- ⲕⲁⲧⲁ -->
<mark id="pos_197" xlink:href="#tok_197"/><!-- ⲡⲉϥ -->
<mark id="pos_198" xlink:href="#tok_198"/><!-- ϩⲓⲥⲉ -->
<mark id="pos_199" xlink:href="#tok_199"/><!-- . -->
<mark id="pos_200" xlink:href="#tok_200"/><!-- ⲁⲛⲟⲛ -->
<mark id="pos_201" xlink:href="#tok_201"/><!-- ϩⲉⲛ -->
<mark id="pos_202" xlink:href="#tok_202"/><!-- ϣⲃⲣⲣϩⲱⲃ -->
<mark id="pos_203" xlink:href="#tok_203"/><!-- ⲅⲁⲣ -->
<mark id="pos_204" xlink:href="#tok_204"/><!-- ⲛⲧⲉ -->
<mark id="pos_205" xlink:href="#tok_205"/><!-- ⲡ -->
<mark id="pos_206" xlink:href="#tok_206"/><!-- ⲛⲟⲩⲧⲉ -->
<mark id="pos_207" xlink:href="#tok_207"/><!-- ⲟⲩ -->
<mark id="pos_208" xlink:href="#tok_208"/><!-- ⲙⲁ -->
<mark id="pos_209" xlink:href="#tok_209"/><!-- ⲛ -->
<mark id="pos_210" xlink:href="#tok_210"/><!-- ⲟⲩⲟⲉⲓⲉ -->
<mark id="pos_211" xlink:href="#tok_211"/><!-- ⲛⲧⲉ -->
<mark id="pos_212" xlink:href="#tok_212"/><!-- ⲡ -->
<mark id="pos_213" xlink:href="#tok_213"/><!-- ⲛⲟⲩⲧⲉ -->
<mark id="pos_214" xlink:href="#tok_214"/><!-- ⲡⲉ -->
<mark id="pos_215" xlink:href="#tok_215"/><!-- . -->
<mark id="pos_216" xlink:href="#tok_216"/><!-- ⲛⲧⲉⲧⲛ -->
<mark id="pos_217" xlink:href="#tok_217"/><!-- ⲟⲩⲕⲱⲧ -->
<mark id="pos_218" xlink:href="#tok_218"/><!-- ⲛⲧⲉ -->
<mark id="pos_219" xlink:href="#tok_219"/><!-- ⲡ -->
<mark id="pos_220" xlink:href="#tok_220"/><!-- ⲛⲟⲩⲧⲉ -->
<mark id="pos_221" xlink:href="#tok_221"/><!-- . -->
<mark id="pos_222" xlink:href="#tok_222"/><!-- ⲕⲁⲧⲁ -->
<mark id="pos_223" xlink:href="#tok_223"/><!-- ⲡⲉ -->
<mark id="pos_224" xlink:href="#tok_224"/><!-- ϩⲙⲟⲧ -->
<mark id="pos_225" xlink:href="#tok_225"/><!-- ⲛⲧⲉ -->
<mark id="pos_226" xlink:href="#tok_226"/><!-- ⲡ -->
<mark id="pos_227" xlink:href="#tok_227"/><!-- ⲛⲟⲩⲧⲉ -->
<mark id="pos_228" xlink:href="#tok_228"/><!-- ⲉⲛⲧ -->
<mark id="pos_229" xlink:href="#tok_229"/><!-- ⲁ -->
<mark id="pos_230" xlink:href="#tok_230"/><!-- ⲩ -->
<mark id="pos_231" xlink:href="#tok_231"/><!-- ⲧⲁⲁ -->
<mark id="pos_232" xlink:href="#tok_232"/><!-- ϥ -->
<mark id="pos_233" xlink:href="#tok_233"/><!-- ⲛⲁⲓ -->
<mark id="pos_234" xlink:href="#tok_234"/><!-- ϩⲱⲥ -->
<mark id="pos_235" xlink:href="#tok_235"/><!-- ⲥⲟⲫⲟⲥ -->
<mark id="pos_236" xlink:href="#tok_236"/><!-- ⲛ -->
<mark id="pos_237" xlink:href="#tok_237"/><!-- ⲁⲣⲭⲓⲧⲉⲕⲧⲱⲛ -->
<mark id="pos_238" xlink:href="#tok_238"/><!-- . -->
<mark id="pos_239" xlink:href="#tok_239"/><!-- ⲁ -->
<mark id="pos_240" xlink:href="#tok_240"/><!-- ⲓ -->
<mark id="pos_241" xlink:href="#tok_241"/><!-- ⲕⲱ -->
<mark id="pos_242" xlink:href="#tok_242"/><!-- ⲉϩⲣⲁⲓ -->
<mark id="pos_243" xlink:href="#tok_243"/><!-- ⲛ -->
<mark id="pos_244" xlink:href="#tok_244"/><!-- ⲧ -->
<mark id="pos_245" xlink:href="#tok_245"/><!-- ⲥⲛⲧⲉ -->
<mark id="pos_246" xlink:href="#tok_246"/><!-- ⲟⲩⲛϭⲉ -->
<mark id="pos_247" xlink:href="#tok_247"/><!-- ⲇⲉ -->
<mark id="pos_248" xlink:href="#tok_248"/><!-- ⲕⲱⲧ -->
<mark id="pos_249" xlink:href="#tok_249"/><!-- ⲉϫⲱ -->
<mark id="pos_250" xlink:href="#tok_250"/><!-- ⲥ -->
<mark id="pos_251" xlink:href="#tok_251"/><!-- . -->
<mark id="pos_252" xlink:href="#tok_252"/><!-- ⲡ -->
<mark id="pos_253" xlink:href="#tok_253"/><!-- ⲟⲩⲁ -->
<mark id="pos_254" xlink:href="#tok_254"/><!-- ⲇⲉ -->
<mark id="pos_255" xlink:href="#tok_255"/><!-- ⲡ -->
<mark id="pos_256" xlink:href="#tok_256"/><!-- ⲟⲩⲁ -->
<mark id="pos_257" xlink:href="#tok_257"/><!-- ⲙⲁⲣⲉ -->
<mark id="pos_258" xlink:href="#tok_258"/><!-- ϥ -->
<mark id="pos_259" xlink:href="#tok_259"/><!-- ϭⲱϣⲧ -->
<mark id="pos_260" xlink:href="#tok_260"/><!-- ϫⲉ -->
<mark id="pos_261" xlink:href="#tok_261"/><!-- ⲉ -->
<mark id="pos_262" xlink:href="#tok_262"/><!-- ϥ -->
<mark id="pos_263" xlink:href="#tok_263"/><!-- ⲕⲱⲧ -->
<mark id="pos_264" xlink:href="#tok_264"/><!-- ⲛ -->
<mark id="pos_265" xlink:href="#tok_265"/><!-- ⲁϣ -->
<mark id="pos_266" xlink:href="#tok_266"/><!-- ⲛ -->
<mark id="pos_267" xlink:href="#tok_267"/><!-- ϩⲉ -->
<mark id="pos_268" xlink:href="#tok_268"/><!-- . -->
<mark id="pos_269" xlink:href="#tok_269"/><!-- ⲙⲛ -->
<mark id="pos_270" xlink:href="#tok_270"/><!-- ϭⲟⲙ -->
<mark id="pos_271" xlink:href="#tok_271"/><!-- ⲅⲁⲣ -->
<mark id="pos_272" xlink:href="#tok_272"/><!-- ⲛ -->
<mark id="pos_273" xlink:href="#tok_273"/><!-- ⲗⲁⲁⲩ -->
<mark id="pos_274" xlink:href="#tok_274"/><!-- ⲉⲕⲁⲕⲉⲥⲛⲧⲉ -->
<mark id="pos_275" xlink:href="#tok_275"/><!-- ⲉϩⲣⲁⲓ -->
<mark id="pos_276" xlink:href="#tok_276"/><!-- ⲡⲁⲣⲁ -->
<mark id="pos_277" xlink:href="#tok_277"/><!-- ⲧ -->
<mark id="pos_278" xlink:href="#tok_278"/><!-- ⲉⲧ -->
<mark id="pos_279" xlink:href="#tok_279"/><!-- ⲕⲏ -->
<mark id="pos_280" xlink:href="#tok_280"/><!-- ⲉϩⲣⲁⲓ -->
<mark id="pos_281" xlink:href="#tok_281"/><!-- ⲉⲧⲉ -->
<mark id="pos_282" xlink:href="#tok_282"/><!-- ⲡⲁⲓ -->
<mark id="pos_283" xlink:href="#tok_283"/><!-- ⲡⲉ -->
<mark id="pos_284" xlink:href="#tok_284"/><!-- ⲓⲏⲥⲟⲩⲥ -->
<mark id="pos_285" xlink:href="#tok_285"/><!-- ⲡⲉ -->
<mark id="pos_286" xlink:href="#tok_286"/><!-- ⲭⲣⲓⲥⲧⲟⲥ -->
<mark id="pos_287" xlink:href="#tok_287"/><!-- . -->
<mark id="pos_288" xlink:href="#tok_288"/><!-- ⲉϣϫⲉ -->
<mark id="pos_289" xlink:href="#tok_289"/><!-- ⲟⲩⲛ -->
<mark id="pos_290" xlink:href="#tok_290"/><!-- ⲟⲩⲁ -->
<mark id="pos_291" xlink:href="#tok_291"/><!-- ⲇⲉ -->
<mark id="pos_292" xlink:href="#tok_292"/><!-- ⲛⲁ -->
<mark id="pos_293" xlink:href="#tok_293"/><!-- ⲕⲱⲧ -->
<mark id="pos_294" xlink:href="#tok_294"/><!-- ⲉϫⲛ -->
<mark id="pos_295" xlink:href="#tok_295"/><!-- ⲧⲉⲓ -->
<mark id="pos_296" xlink:href="#tok_296"/><!-- ⲥⲛⲧⲉ -->
<mark id="pos_297" xlink:href="#tok_297"/><!-- ⲟⲩ -->
<mark id="pos_298" xlink:href="#tok_298"/><!-- ⲛⲟⲩⲃ -->
<mark id="pos_299" xlink:href="#tok_299"/><!-- ⲟⲩ -->
<mark id="pos_300" xlink:href="#tok_300"/><!-- ϩⲁⲧ -->
<mark id="pos_301" xlink:href="#tok_301"/><!-- ϩⲉⲛⲉⲛⲉⲙⲙⲉ -->
<mark id="pos_302" xlink:href="#tok_302"/><!-- ϩⲉⲛ -->
<mark id="pos_303" xlink:href="#tok_303"/><!-- ϣⲉ -->
<mark id="pos_304" xlink:href="#tok_304"/><!-- ⲟⲩ -->
<mark id="pos_305" xlink:href="#tok_305"/><!-- ⲭⲟⲣⲧⲟⲥ -->
<mark id="pos_306" xlink:href="#tok_306"/><!-- ⲟⲩ -->
<mark id="pos_307" xlink:href="#tok_307"/><!-- ⲣⲟⲟⲩⲉ -->
<mark id="pos_308" xlink:href="#tok_308"/><!-- . -->
<mark id="pos_309" xlink:href="#tok_309"/><!-- ⲡ -->
<mark id="pos_310" xlink:href="#tok_310"/><!-- ϩⲱⲃ -->
<mark id="pos_311" xlink:href="#tok_311"/><!-- ⲙ -->
<mark id="pos_312" xlink:href="#tok_312"/><!-- ⲡ -->
<mark id="pos_313" xlink:href="#tok_313"/><!-- ⲟⲩⲁ -->
<mark id="pos_314" xlink:href="#tok_314"/><!-- ⲡ -->
<mark id="pos_315" xlink:href="#tok_315"/><!-- ⲟⲩⲁ -->
<mark id="pos_316" xlink:href="#tok_316"/><!-- ⲛⲁ -->
<mark id="pos_317" xlink:href="#tok_317"/><!-- ⲟⲩ -->
<mark id="pos_318" xlink:href="#tok_318"/><!-- ⲱⲛϩ -->
<mark id="pos_319" xlink:href="#tok_319"/><!-- ⲉⲃⲟⲗ -->
<mark id="pos_320" xlink:href="#tok_320"/><!-- ⲡⲉ -->
<mark id="pos_321" xlink:href="#tok_321"/><!-- ϩⲟⲟⲩ -->
<mark id="pos_322" xlink:href="#tok_322"/><!-- ⲅⲁⲣ -->
<mark id="pos_323" xlink:href="#tok_323"/><!-- ⲛⲁ -->
<mark id="pos_324" xlink:href="#tok_324"/><!-- ⲟⲩⲟⲛϩ -->
<mark id="pos_325" xlink:href="#tok_325"/><!-- ϥ -->
<mark id="pos_326" xlink:href="#tok_326"/><!-- ⲉⲃⲟⲗ -->
<mark id="pos_327" xlink:href="#tok_327"/><!-- ϫⲉ -->
<mark id="pos_328" xlink:href="#tok_328"/><!-- ⲉ -->
<mark id="pos_329" xlink:href="#tok_329"/><!-- ϥ -->
<mark id="pos_330" xlink:href="#tok_330"/><!-- ⲛⲁ -->
<mark id="pos_331" xlink:href="#tok_331"/><!-- ϭⲱⲗⲡ -->
<mark id="pos_332" xlink:href="#tok_332"/><!-- ⲉⲃⲟⲗ -->
<mark id="pos_333" xlink:href="#tok_333"/><!-- ϩⲛ -->
<mark id="pos_334" xlink:href="#tok_334"/><!-- ⲧ -->
<mark id="pos_335" xlink:href="#tok_335"/><!-- ⲥⲁⲧⲉ -->
<mark id="pos_336" xlink:href="#tok_336"/><!-- ⲁⲩⲱ -->
<mark id="pos_337" xlink:href="#tok_337"/><!-- ⲡ -->
<mark id="pos_338" xlink:href="#tok_338"/><!-- ϩⲱⲃ -->
<mark id="pos_339" xlink:href="#tok_339"/><!-- ⲙ -->
<mark id="pos_340" xlink:href="#tok_340"/><!-- ⲡ -->
<mark id="pos_341" xlink:href="#tok_341"/><!-- ⲟⲩⲁ -->
<mark id="pos_342" xlink:href="#tok_342"/><!-- ⲡ -->
<mark id="pos_343" xlink:href="#tok_343"/><!-- ⲟⲩⲁ -->
<mark id="pos_344" xlink:href="#tok_344"/><!-- ⲛ -->
<mark id="pos_345" xlink:href="#tok_345"/><!-- ⲧ -->
<mark id="pos_346" xlink:href="#tok_346"/><!-- ϩⲉ -->
<mark id="pos_347" xlink:href="#tok_347"/><!-- ⲉⲧ -->
<mark id="pos_348" xlink:href="#tok_348"/><!-- ϥⲟ -->
<mark id="pos_349" xlink:href="#tok_349"/><!-- ⲙⲙⲟ -->
<mark id="pos_350" xlink:href="#tok_350"/><!-- ⲥ -->
<mark id="pos_351" xlink:href="#tok_351"/><!-- ⲡ -->
<mark id="pos_352" xlink:href="#tok_352"/><!-- ⲕⲱϩⲧ -->
<mark id="pos_353" xlink:href="#tok_353"/><!-- ⲡ -->
<mark id="pos_354" xlink:href="#tok_354"/><!-- ⲉⲧ -->
<mark id="pos_355" xlink:href="#tok_355"/><!-- ⲛⲁ -->
<mark id="pos_356" xlink:href="#tok_356"/><!-- ⲇⲟⲕⲓⲙⲁⲍⲉ -->
<mark id="pos_357" xlink:href="#tok_357"/><!-- ⲙⲙⲟ -->
<mark id="pos_358" xlink:href="#tok_358"/><!-- ϥ -->
<mark id="pos_359" xlink:href="#tok_359"/><!-- . -->
<mark id="pos_360" xlink:href="#tok_360"/><!-- ⲡ -->
<mark id="pos_361" xlink:href="#tok_361"/><!-- ⲉⲧⲉⲣⲉ -->
<mark id="pos_362" xlink:href="#tok_362"/><!-- ⲡⲉϥ -->
<mark id="pos_363" xlink:href="#tok_363"/><!-- ϩⲱⲃ -->
<mark id="pos_364" xlink:href="#tok_364"/><!-- ⲛⲁ -->
<mark id="pos_365" xlink:href="#tok_365"/><!-- ϭⲱ -->
<mark id="pos_366" xlink:href="#tok_366"/><!-- ⲡⲁⲓ -->
<mark id="pos_367" xlink:href="#tok_367"/><!-- ⲉⲛⲧ -->
<mark id="pos_368" xlink:href="#tok_368"/><!-- ⲁ -->
<mark id="pos_369" xlink:href="#tok_369"/><!-- ϥ -->
<mark id="pos_370" xlink:href="#tok_370"/><!-- ⲕⲟⲧ -->
<mark id="pos_371" xlink:href="#tok_371"/><!-- ϥ -->
<mark id="pos_372" xlink:href="#tok_372"/><!-- ϥ -->
<mark id="pos_373" xlink:href="#tok_373"/><!-- ⲛⲁ -->
<mark id="pos_374" xlink:href="#tok_374"/><!-- ϫⲓ -->
<mark id="pos_375" xlink:href="#tok_375"/><!-- ⲛ -->
<mark id="pos_376" xlink:href="#tok_376"/><!-- ⲟⲩ -->
<mark id="pos_377" xlink:href="#tok_377"/><!-- ⲃⲉⲕⲉ -->
<mark id="pos_378" xlink:href="#tok_378"/><!-- . -->
<mark id="pos_379" xlink:href="#tok_379"/><!-- ⲡ -->
<mark id="pos_380" xlink:href="#tok_380"/><!-- ⲉⲧⲉⲣⲉ -->
<mark id="pos_381" xlink:href="#tok_381"/><!-- ⲡⲉϥ -->
<mark id="pos_382" xlink:href="#tok_382"/><!-- ϩⲱⲃ -->
<mark id="pos_383" xlink:href="#tok_383"/><!-- ⲛⲁ -->
<mark id="pos_384" xlink:href="#tok_384"/><!-- ⲣⲱⲕϩ -->
<mark id="pos_385" xlink:href="#tok_385"/><!-- ϥ -->
<mark id="pos_386" xlink:href="#tok_386"/><!-- ⲛⲁ -->
<mark id="pos_387" xlink:href="#tok_387"/><!-- ϯⲟⲥⲉ -->
<mark id="pos_388" xlink:href="#tok_388"/><!-- . -->
<mark id="pos_389" xlink:href="#tok_389"/><!-- ⲛⲧⲟϥ -->
<mark id="pos_390" xlink:href="#tok_390"/><!-- ⲇⲉ -->
<mark id="pos_391" xlink:href="#tok_391"/><!-- ϥ -->
<mark id="pos_392" xlink:href="#tok_392"/><!-- ⲛⲁ -->
<mark id="pos_393" xlink:href="#tok_393"/><!-- ⲟⲩϫⲁⲓ -->
<mark id="pos_394" xlink:href="#tok_394"/><!-- . -->
<mark id="pos_395" xlink:href="#tok_395"/><!-- ⲛ -->
<mark id="pos_396" xlink:href="#tok_396"/><!-- ⲧⲉⲓ -->
<mark id="pos_397" xlink:href="#tok_397"/><!-- ϩⲉ -->
<mark id="pos_398" xlink:href="#tok_398"/><!-- ⲇⲉ -->
<mark id="pos_399" xlink:href="#tok_399"/><!-- ϩⲱⲥ -->
<mark id="pos_400" xlink:href="#tok_400"/><!-- ⲉⲃⲟⲗ -->
<mark id="pos_401" xlink:href="#tok_401"/><!-- ϩⲓⲧⲙ -->
<mark id="pos_402" xlink:href="#tok_402"/><!-- ⲡ -->
<mark id="pos_403" xlink:href="#tok_403"/><!-- ⲕⲱϩⲧ -->
<mark id="pos_404" xlink:href="#tok_404"/><!-- . -->
<mark id="pos_405" xlink:href="#tok_405"/><!-- ⲛⲧⲉⲧⲛ -->
<mark id="pos_406" xlink:href="#tok_406"/><!-- ⲥⲟⲟⲩⲛ -->
<mark id="pos_407" xlink:href="#tok_407"/><!-- ⲁⲛ -->
<mark id="pos_408" xlink:href="#tok_408"/><!-- ϫⲉ -->
<mark id="pos_409" xlink:href="#tok_409"/><!-- ⲛⲧⲉⲧⲛ -->
<mark id="pos_410" xlink:href="#tok_410"/><!-- ⲡ -->
<mark id="pos_411" xlink:href="#tok_411"/><!-- ⲣⲡⲉ -->
<mark id="pos_412" xlink:href="#tok_412"/><!-- ⲙ -->
<mark id="pos_413" xlink:href="#tok_413"/><!-- ⲡ -->
<mark id="pos_414" xlink:href="#tok_414"/><!-- ⲛⲟⲩⲧⲉ -->
<mark id="pos_415" xlink:href="#tok_415"/><!-- . -->
<mark id="pos_416" xlink:href="#tok_416"/><!-- ⲁⲩⲱ -->
<mark id="pos_417" xlink:href="#tok_417"/><!-- ⲡⲉ -->
<mark id="pos_418" xlink:href="#tok_418"/><!-- ⲡⲛⲉⲩⲙⲁ -->
<mark id="pos_419" xlink:href="#tok_419"/><!-- ⲙ -->
<mark id="pos_420" xlink:href="#tok_420"/><!-- ⲡ -->
<mark id="pos_421" xlink:href="#tok_421"/><!-- ⲛⲟⲩⲧⲉ -->
<mark id="pos_422" xlink:href="#tok_422"/><!-- ⲟⲩⲏϩ -->
<mark id="pos_423" xlink:href="#tok_423"/><!-- ⲛϩⲏⲧ -->
<mark id="pos_424" xlink:href="#tok_424"/><!-- ⲧⲏⲩⲧⲛ -->
<mark id="pos_425" xlink:href="#tok_425"/><!-- . -->
<mark id="pos_426" xlink:href="#tok_426"/><!-- ⲡ -->
<mark id="pos_427" xlink:href="#tok_427"/><!-- ⲉⲧ -->
<mark id="pos_428" xlink:href="#tok_428"/><!-- ⲛⲁ -->
<mark id="pos_429" xlink:href="#tok_429"/><!-- ⲥⲱⲱϥ -->
<mark id="pos_430" xlink:href="#tok_430"/><!-- ⲙ -->
<mark id="pos_431" xlink:href="#tok_431"/><!-- ⲡ -->
<mark id="pos_432" xlink:href="#tok_432"/><!-- ⲣⲡⲉ -->
<mark id="pos_433" xlink:href="#tok_433"/><!-- ⲙ -->
<mark id="pos_434" xlink:href="#tok_434"/><!-- ⲡ -->
<mark id="pos_435" xlink:href="#tok_435"/><!-- ⲛⲟⲩⲧⲉ -->
<mark id="pos_436" xlink:href="#tok_436"/><!-- ⲡⲁⲓ -->
<mark id="pos_437" xlink:href="#tok_437"/><!-- ⲡ -->
<mark id="pos_438" xlink:href="#tok_438"/><!-- ⲛⲟⲩⲧⲉ -->
<mark id="pos_439" xlink:href="#tok_439"/><!-- ⲛⲁ -->
<mark id="pos_440" xlink:href="#tok_440"/><!-- ⲧⲁⲕⲟ -->
<mark id="pos_441" xlink:href="#tok_441"/><!-- ϥ -->
<mark id="pos_442" xlink:href="#tok_442"/><!-- ⲡ -->
<mark id="pos_443" xlink:href="#tok_443"/><!-- ⲣⲡⲉ -->
<mark id="pos_444" xlink:href="#tok_444"/><!-- ⲅⲁⲣ -->
<mark id="pos_445" xlink:href="#tok_445"/><!-- ⲙ -->
<mark id="pos_446" xlink:href="#tok_446"/><!-- ⲡ -->
<mark id="pos_447" xlink:href="#tok_447"/><!-- ⲛⲟⲩⲧⲉ -->
<mark id="pos_448" xlink:href="#tok_448"/><!-- ⲟⲩⲁⲁⲃ -->
<mark id="pos_449" xlink:href="#tok_449"/><!-- ⲉ -->
<mark id="pos_450" xlink:href="#tok_450"/><!-- ⲧⲉⲛ -->
<mark id="pos_451" xlink:href="#tok_451"/><!-- ⲧⲱⲧ -->
<mark id="pos_452" xlink:href="#tok_452"/><!-- ⲛ -->
<mark id="pos_453" xlink:href="#tok_453"/><!-- ⲡⲉ -->
<mark id="pos_454" xlink:href="#tok_454"/><!-- . -->
<mark id="pos_455" xlink:href="#tok_455"/><!-- ⲙⲡⲣⲧⲣⲉ -->
<mark id="pos_456" xlink:href="#tok_456"/><!-- ⲗⲁⲁⲩ -->
<mark id="pos_457" xlink:href="#tok_457"/><!-- ⲉⲝⲁⲡⲁⲧⲁ -->
<mark id="pos_458" xlink:href="#tok_458"/><!-- ⲙⲙⲟ -->
<mark id="pos_459" xlink:href="#tok_459"/><!-- ϥ -->
<mark id="pos_460" xlink:href="#tok_460"/><!-- . -->
<mark id="pos_461" xlink:href="#tok_461"/><!-- ⲡ -->
<mark id="pos_462" xlink:href="#tok_462"/><!-- ⲉⲧ -->
<mark id="pos_463" xlink:href="#tok_463"/><!-- ϫⲱ -->
<mark id="pos_464" xlink:href="#tok_464"/><!-- ⲙⲙⲟ -->
<mark id="pos_465" xlink:href="#tok_465"/><!-- ⲥ -->
<mark id="pos_466" xlink:href="#tok_466"/><!-- ϫⲉ -->
<mark id="pos_467" xlink:href="#tok_467"/><!-- ⲁⲛⲅ -->
<mark id="pos_468" xlink:href="#tok_468"/><!-- ⲟⲩ -->
<mark id="pos_469" xlink:href="#tok_469"/><!-- ⲥⲟⲫⲟⲥ -->
<mark id="pos_470" xlink:href="#tok_470"/><!-- ⲛϩⲏⲧ -->
<mark id="pos_471" xlink:href="#tok_471"/><!-- ⲧⲏⲩⲧⲛ -->
<mark id="pos_472" xlink:href="#tok_472"/><!-- ⲙⲁⲣⲉ -->
<mark id="pos_473" xlink:href="#tok_473"/><!-- ϥ -->
<mark id="pos_474" xlink:href="#tok_474"/><!-- ⲣⲥⲟϭ -->
<mark id="pos_475" xlink:href="#tok_475"/><!-- ϩⲙ -->
<mark id="pos_476" xlink:href="#tok_476"/><!-- ⲡⲉⲓ -->
<mark id="pos_477" xlink:href="#tok_477"/><!-- ⲁⲓⲱⲛ -->
<mark id="pos_478" xlink:href="#tok_478"/><!-- ϫⲉⲕⲁⲁⲥ -->
<mark id="pos_479" xlink:href="#tok_479"/><!-- ⲉϥⲉ -->
<mark id="pos_480" xlink:href="#tok_480"/><!-- ϣⲱⲡⲉ -->
<mark id="pos_481" xlink:href="#tok_481"/><!-- ⲛ -->
<mark id="pos_482" xlink:href="#tok_482"/><!-- ⲥⲟⲫⲟⲥ -->
<mark id="pos_483" xlink:href="#tok_483"/><!-- . -->
<mark id="pos_484" xlink:href="#tok_484"/><!-- ⲧ -->
<mark id="pos_485" xlink:href="#tok_485"/><!-- ⲥⲟⲫⲓⲁ -->
<mark id="pos_486" xlink:href="#tok_486"/><!-- ⲅⲁⲣ -->
<mark id="pos_487" xlink:href="#tok_487"/><!-- ⲙ -->
<mark id="pos_488" xlink:href="#tok_488"/><!-- ⲡⲉⲓ -->
<mark id="pos_489" xlink:href="#tok_489"/><!-- ⲕⲟⲥⲙⲟⲥ -->
<mark id="pos_490" xlink:href="#tok_490"/><!-- ⲟⲩ -->
<mark id="pos_491" xlink:href="#tok_491"/><!-- ⲙⲛⲧⲥⲟϭ -->
<mark id="pos_492" xlink:href="#tok_492"/><!-- ⲧⲉ -->
<mark id="pos_493" xlink:href="#tok_493"/><!-- ⲛⲛⲁϩⲣⲙ -->
<mark id="pos_494" xlink:href="#tok_494"/><!-- ⲡ -->
<mark id="pos_495" xlink:href="#tok_495"/><!-- ⲛⲟⲩⲧⲉ -->
<mark id="pos_496" xlink:href="#tok_496"/><!-- . -->
<mark id="pos_497" xlink:href="#tok_497"/><!-- ϥ -->
<mark id="pos_498" xlink:href="#tok_498"/><!-- ⲥⲏϩ -->
<mark id="pos_499" xlink:href="#tok_499"/><!-- ⲅⲁⲣ -->
<mark id="pos_500" xlink:href="#tok_500"/><!-- ϫⲉ -->
<mark id="pos_501" xlink:href="#tok_501"/><!-- ⲡ -->
<mark id="pos_502" xlink:href="#tok_502"/><!-- ⲉⲧ -->
<mark id="pos_503" xlink:href="#tok_503"/><!-- ϭⲱⲡⲉ -->
<mark id="pos_504" xlink:href="#tok_504"/><!-- ⲛ -->
<mark id="pos_505" xlink:href="#tok_505"/><!-- ⲛ -->
<mark id="pos_506" xlink:href="#tok_506"/><!-- ⲥⲟⲫⲟⲥ -->
<mark id="pos_507" xlink:href="#tok_507"/><!-- ϩⲛ -->
<mark id="pos_508" xlink:href="#tok_508"/><!-- ⲛⲉⲩ -->
<mark id="pos_509" xlink:href="#tok_509"/><!-- ⲕⲟⲧⲥ -->
<mark id="pos_510" xlink:href="#tok_510"/><!-- . -->
<mark id="pos_511" xlink:href="#tok_511"/><!-- ⲁⲩⲱ -->
<mark id="pos_512" xlink:href="#tok_512"/><!-- ⲟⲛ -->
<mark id="pos_513" xlink:href="#tok_513"/><!-- ϫⲉ -->
<mark id="pos_514" xlink:href="#tok_514"/><!-- ⲡ -->
<mark id="pos_515" xlink:href="#tok_515"/><!-- ϫⲟⲉⲓⲥ -->
<mark id="pos_516" xlink:href="#tok_516"/><!-- ⲥⲟⲟⲩⲛ -->
<mark id="pos_517" xlink:href="#tok_517"/><!-- ⲛ -->
<mark id="pos_518" xlink:href="#tok_518"/><!-- ⲙ -->
<mark id="pos_519" xlink:href="#tok_519"/><!-- ⲙⲟⲕⲙⲉⲕ -->
<mark id="pos_520" xlink:href="#tok_520"/><!-- ⲛ -->
<mark id="pos_521" xlink:href="#tok_521"/><!-- ⲛ -->
<mark id="pos_522" xlink:href="#tok_522"/><!-- ⲥⲟⲫⲟⲥ -->
<mark id="pos_523" xlink:href="#tok_523"/><!-- ϫⲉ -->
<mark id="pos_524" xlink:href="#tok_524"/><!-- ⲥⲉ -->
<mark id="pos_525" xlink:href="#tok_525"/><!-- ϣⲟⲩⲉⲓⲧ -->
<mark id="pos_526" xlink:href="#tok_526"/><!-- ϩⲱⲥⲧⲉ -->
<mark id="pos_527" xlink:href="#tok_527"/><!-- ⲙⲡⲣⲧⲣⲉ -->
<mark id="pos_528" xlink:href="#tok_528"/><!-- ⲗⲁⲁⲩ -->
<mark id="pos_529" xlink:href="#tok_529"/><!-- ϣⲟⲩϣⲟⲩ -->
<mark id="pos_530" xlink:href="#tok_530"/><!-- ⲙⲙⲟ -->
<mark id="pos_531" xlink:href="#tok_531"/><!-- ϥ -->
<mark id="pos_532" xlink:href="#tok_532"/><!-- ϩⲛ -->
<mark id="pos_533" xlink:href="#tok_533"/><!-- ⲛ -->
<mark id="pos_534" xlink:href="#tok_534"/><!-- ⲣⲱⲙⲉ -->
<mark id="pos_535" xlink:href="#tok_535"/><!-- ⲡ -->
<mark id="pos_536" xlink:href="#tok_536"/><!-- ⲧⲏⲣϥ -->
<mark id="pos_537" xlink:href="#tok_537"/><!-- ⲅⲁⲣ -->
<mark id="pos_538" xlink:href="#tok_538"/><!-- ⲡⲱⲧ -->
<mark id="pos_539" xlink:href="#tok_539"/><!-- ⲛ -->
<mark id="pos_540" xlink:href="#tok_540"/><!-- ⲡⲉ -->
<mark id="pos_541" xlink:href="#tok_541"/><!-- ⲉⲓⲧⲉ -->
<mark id="pos_542" xlink:href="#tok_542"/><!-- ⲡⲁⲩⲗⲟⲥ -->
<mark id="pos_543" xlink:href="#tok_543"/><!-- ⲉⲓⲧⲉ -->
<mark id="pos_544" xlink:href="#tok_544"/><!-- ⲁⲡⲟⲗⲗⲱ -->
<mark id="pos_545" xlink:href="#tok_545"/><!-- ⲉⲓⲧⲉ -->
<mark id="pos_546" xlink:href="#tok_546"/><!-- ⲕⲏⲫⲁ -->
<mark id="pos_547" xlink:href="#tok_547"/><!-- ⲉⲓⲧⲉ -->
<mark id="pos_548" xlink:href="#tok_548"/><!-- ⲕⲟⲥⲙⲟⲥ -->
<mark id="pos_549" xlink:href="#tok_549"/><!-- ⲉⲓⲧⲉ -->
<mark id="pos_550" xlink:href="#tok_550"/><!-- ⲱⲛϩ -->
<mark id="pos_551" xlink:href="#tok_551"/><!-- ⲉⲓⲧⲉ -->
<mark id="pos_552" xlink:href="#tok_552"/><!-- ⲙⲟⲩ -->
<mark id="pos_553" xlink:href="#tok_553"/><!-- ⲉⲓⲧⲉ -->
<mark id="pos_554" xlink:href="#tok_554"/><!-- ⲛ -->
<mark id="pos_555" xlink:href="#tok_555"/><!-- ⲉⲧ -->
<mark id="pos_556" xlink:href="#tok_556"/><!-- ϣⲟⲟⲡ -->
<mark id="pos_557" xlink:href="#tok_557"/><!-- ⲉⲓⲧⲉ -->
<mark id="pos_558" xlink:href="#tok_558"/><!-- ⲛ -->
<mark id="pos_559" xlink:href="#tok_559"/><!-- ⲉⲧ -->
<mark id="pos_560" xlink:href="#tok_560"/><!-- ⲛⲁ -->
<mark id="pos_561" xlink:href="#tok_561"/><!-- ϣⲱⲡⲉ -->
<mark id="pos_562" xlink:href="#tok_562"/><!-- ⲡ -->
<mark id="pos_563" xlink:href="#tok_563"/><!-- ⲧⲏⲣϥ -->
<mark id="pos_564" xlink:href="#tok_564"/><!-- ⲡⲱⲧ -->
<mark id="pos_565" xlink:href="#tok_565"/><!-- ⲛ -->
<mark id="pos_566" xlink:href="#tok_566"/><!-- ⲡⲉ -->
<mark id="pos_567" xlink:href="#tok_567"/><!-- . -->
<mark id="pos_568" xlink:href="#tok_568"/><!-- ⲛⲧⲱⲧⲛ -->
<mark id="pos_569" xlink:href="#tok_569"/><!-- ⲇⲉ -->
<mark id="pos_570" xlink:href="#tok_570"/><!-- ⲛⲧⲉⲧⲛ -->
<mark id="pos_571" xlink:href="#tok_571"/><!-- ⲛⲁ -->
<mark id="pos_572" xlink:href="#tok_572"/><!-- ⲡⲉ -->
<mark id="pos_573" xlink:href="#tok_573"/><!-- ⲭⲣⲓⲥⲧⲟⲥ -->
<mark id="pos_574" xlink:href="#tok_574"/><!-- . -->
<mark id="pos_575" xlink:href="#tok_575"/><!-- ⲡⲉ -->
<mark id="pos_576" xlink:href="#tok_576"/><!-- ⲭⲣⲓⲥⲧⲟⲥ -->
<mark id="pos_577" xlink:href="#tok_577"/><!-- ⲇⲉ -->
<mark id="pos_578" xlink:href="#tok_578"/><!-- ⲡⲁ -->
<mark id="pos_579" xlink:href="#tok_579"/><!-- ⲡ -->
<mark id="pos_580" xlink:href="#tok_580"/><!-- ⲛⲟⲩⲧⲉ -->
<mark id="pos_581" xlink:href="#tok_581"/><!-- ⲡⲉ -->
<mark id="pos_582" xlink:href="#tok_582"/><!-- . -->
</markList>
</paula>
