<?xml version="1.0" encoding="UTF-8" standalone="no"?>

<!DOCTYPE paula SYSTEM "paula_mark.dtd">
<paula version="1.0">

<header paula_id="sahidica.nt.1_Corinthians_3_lemmaSeg"/>

<markList xmlns:xlink="http://www.w3.org/1999/xlink" type="lemmaSeg" xml:base="sahidica.nt.1_Corinthians_3.tok.xml">
<mark id="lemma_1" xlink:href="#tok_1"/><!-- ⲁⲛⲟⲕ -->
<mark id="lemma_2" xlink:href="#tok_2"/><!-- ϩⲱ -->
<mark id="lemma_3" xlink:href="#tok_3"/><!-- ⲛⲁ -->
<mark id="lemma_4" xlink:href="#tok_4"/><!-- ⲥⲛⲏⲩ -->
<mark id="lemma_5" xlink:href="#tok_5"/><!-- ⲙ -->
<mark id="lemma_6" xlink:href="#tok_6"/><!-- ⲡⲓ -->
<mark id="lemma_7" xlink:href="#tok_7"/><!-- ϣϭⲙϭⲟⲙ -->
<mark id="lemma_8" xlink:href="#tok_8"/><!-- ⲉ -->
<mark id="lemma_9" xlink:href="#tok_9"/><!-- ϣⲁϫⲉ -->
<mark id="lemma_10" xlink:href="#tok_10"/><!-- ⲛⲙⲙⲏ -->
<mark id="lemma_11" xlink:href="#tok_11"/><!-- ⲧⲛ -->
<mark id="lemma_12" xlink:href="#tok_12"/><!-- ϩⲱⲥ -->
<mark id="lemma_13" xlink:href="#tok_13"/><!-- ⲡⲛⲉⲩⲙⲁⲧⲓⲕⲟⲥ -->
<mark id="lemma_14" xlink:href="#tok_14"/><!-- . -->
<mark id="lemma_15" xlink:href="#tok_15"/><!-- ⲁⲗⲗⲁ -->
<mark id="lemma_16" xlink:href="#tok_16"/><!-- ϩⲱⲥ -->
<mark id="lemma_17" xlink:href="#tok_17"/><!-- ⲥⲁⲣⲕⲓⲕⲟⲥ -->
<mark id="lemma_18" xlink:href="#tok_18"/><!-- ϩⲱⲥ -->
<mark id="lemma_19" xlink:href="#tok_19"/><!-- ⲕⲟⲩⲓ -->
<mark id="lemma_20" xlink:href="#tok_20"/><!-- ϩⲙ -->
<mark id="lemma_21" xlink:href="#tok_21"/><!-- ⲡⲉ -->
<mark id="lemma_22" xlink:href="#tok_22"/><!-- ⲭⲣⲓⲥⲧⲟⲥ -->
<mark id="lemma_23" xlink:href="#tok_23"/><!-- . -->
<mark id="lemma_24" xlink:href="#tok_24"/><!-- ⲁ -->
<mark id="lemma_25" xlink:href="#tok_25"/><!-- ⲓ -->
<mark id="lemma_26" xlink:href="#tok_26"/><!-- ⲧⲥⲉ -->
<mark id="lemma_27" xlink:href="#tok_27"/><!-- ⲧⲛ -->
<mark id="lemma_28" xlink:href="#tok_28"/><!-- ⲉⲣⲱⲧⲉ -->
<mark id="lemma_29" xlink:href="#tok_29"/><!-- ⲛ -->
<mark id="lemma_30" xlink:href="#tok_30"/><!-- ⲟⲩ -->
<mark id="lemma_31" xlink:href="#tok_31"/><!-- ϩⲣⲉ -->
<mark id="lemma_32" xlink:href="#tok_32"/><!-- ⲁⲛ -->
<mark id="lemma_33" xlink:href="#tok_33"/><!-- . -->
<mark id="lemma_34" xlink:href="#tok_34"/><!-- ⲛⲉ -->
<mark id="lemma_35" xlink:href="#tok_35"/><!-- ⲙⲡⲁⲧⲉⲧⲛⲉϣϭ -->
<mark id="lemma_36" xlink:href="#tok_36"/><!-- ⲙ -->
<mark id="lemma_37" xlink:href="#tok_37"/><!-- ϭⲟⲙ -->
<mark id="lemma_38" xlink:href="#tok_38"/><!-- ⲅⲁⲣ -->
<mark id="lemma_39" xlink:href="#tok_39"/><!-- ⲡⲉ -->
<mark id="lemma_40" xlink:href="#tok_40"/><!-- . -->
<mark id="lemma_41" xlink:href="#tok_41"/><!-- ⲁⲗⲗⲁ -->
<mark id="lemma_42" xlink:href="#tok_42"/><!-- ⲧⲉⲛⲟⲩ -->
<mark id="lemma_43" xlink:href="#tok_43"/><!-- ⲟⲛ -->
<mark id="lemma_44" xlink:href="#tok_44"/><!-- ⲉⲙⲡⲁⲧⲉⲧⲛⲉϣϭⲙϭⲟⲙ -->
<mark id="lemma_45" xlink:href="#tok_45"/><!-- . -->
<mark id="lemma_46" xlink:href="#tok_46"/><!-- ⲉⲧ -->
<mark id="lemma_47" xlink:href="#tok_47"/><!-- ⲉⲓ -->
<mark id="lemma_48" xlink:href="#tok_48"/><!-- ⲅⲁⲣ -->
<mark id="lemma_49" xlink:href="#tok_49"/><!-- ⲛⲧⲉⲧⲛ -->
<mark id="lemma_50" xlink:href="#tok_50"/><!-- ϩⲉⲛ -->
<mark id="lemma_51" xlink:href="#tok_51"/><!-- ⲥⲁⲣⲕⲓⲕⲟⲥ -->
<mark id="lemma_52" xlink:href="#tok_52"/><!-- ϩⲟⲡⲟⲩ -->
<mark id="lemma_53" xlink:href="#tok_53"/><!-- ⲅⲁⲣ -->
<mark id="lemma_54" xlink:href="#tok_54"/><!-- ⲟⲩⲛ -->
<mark id="lemma_55" xlink:href="#tok_55"/><!-- ⲕⲱϩ -->
<mark id="lemma_56" xlink:href="#tok_56"/><!-- ϩⲓ -->
<mark id="lemma_57" xlink:href="#tok_57"/><!-- ϯ -->
<mark id="lemma_58" xlink:href="#tok_58"/><!-- ⲧⲱⲛ -->
<mark id="lemma_59" xlink:href="#tok_59"/><!-- ⲛϩⲏⲧ -->
<mark id="lemma_60" xlink:href="#tok_60"/><!-- ⲧⲏⲩⲧⲛ -->
<mark id="lemma_61" xlink:href="#tok_61"/><!-- . -->
<mark id="lemma_62" xlink:href="#tok_62"/><!-- ⲙⲏ -->
<mark id="lemma_63" xlink:href="#tok_63"/><!-- ⲛⲧⲉⲧⲛ -->
<mark id="lemma_64" xlink:href="#tok_64"/><!-- ϩⲉⲛ -->
<mark id="lemma_65" xlink:href="#tok_65"/><!-- ⲥⲁⲣⲕⲓⲕⲟⲥ -->
<mark id="lemma_66" xlink:href="#tok_66"/><!-- ⲁⲛ -->
<mark id="lemma_67" xlink:href="#tok_67"/><!-- . -->
<mark id="lemma_68" xlink:href="#tok_68"/><!-- ⲁⲩⲱ -->
<mark id="lemma_69" xlink:href="#tok_69"/><!-- ⲉ -->
<mark id="lemma_70" xlink:href="#tok_70"/><!-- ⲧⲉⲧⲛ -->
<mark id="lemma_71" xlink:href="#tok_71"/><!-- ⲙⲟⲟϣⲉ -->
<mark id="lemma_72" xlink:href="#tok_72"/><!-- ⲕⲁⲧⲁ -->
<mark id="lemma_73" xlink:href="#tok_73"/><!-- ⲣⲱⲙⲉ -->
<mark id="lemma_74" xlink:href="#tok_74"/><!-- . -->
<mark id="lemma_75" xlink:href="#tok_75"/><!-- ϩⲟⲧⲁⲛ -->
<mark id="lemma_76" xlink:href="#tok_76"/><!-- ⲅⲁⲣ -->
<mark id="lemma_77" xlink:href="#tok_77"/><!-- ⲉⲣϣⲁⲛ -->
<mark id="lemma_78" xlink:href="#tok_78"/><!-- ⲟⲩⲁ -->
<mark id="lemma_79" xlink:href="#tok_79"/><!-- ϫⲟⲟ -->
<mark id="lemma_80" xlink:href="#tok_80"/><!-- ⲥ -->
<mark id="lemma_81" xlink:href="#tok_81"/><!-- ϫⲉ -->
<mark id="lemma_82" xlink:href="#tok_82"/><!-- ⲁⲛⲟⲕ -->
<mark id="lemma_83" xlink:href="#tok_83"/><!-- ⲙⲉⲛ -->
<mark id="lemma_84" xlink:href="#tok_84"/><!-- ⲁⲛⲅ -->
<mark id="lemma_85" xlink:href="#tok_85"/><!-- ⲡⲁ -->
<mark id="lemma_86" xlink:href="#tok_86"/><!-- ⲡⲁⲩⲗⲟⲥ -->
<mark id="lemma_87" xlink:href="#tok_87"/><!-- . -->
<mark id="lemma_88" xlink:href="#tok_88"/><!-- ⲕⲉ -->
<mark id="lemma_89" xlink:href="#tok_89"/><!-- ⲟⲩⲁ -->
<mark id="lemma_90" xlink:href="#tok_90"/><!-- ⲇⲉ -->
<mark id="lemma_91" xlink:href="#tok_91"/><!-- ϫⲉ -->
<mark id="lemma_92" xlink:href="#tok_92"/><!-- ⲁⲛⲅ -->
<mark id="lemma_93" xlink:href="#tok_93"/><!-- ⲡⲁ -->
<mark id="lemma_94" xlink:href="#tok_94"/><!-- ⲁⲡⲟⲗⲗⲱ -->
<mark id="lemma_95" xlink:href="#tok_95"/><!-- . -->
<mark id="lemma_96" xlink:href="#tok_96"/><!-- ⲙⲏ -->
<mark id="lemma_97" xlink:href="#tok_97"/><!-- ⲛⲧⲉⲧⲛ -->
<mark id="lemma_98" xlink:href="#tok_98"/><!-- ϩⲉⲛ -->
<mark id="lemma_99" xlink:href="#tok_99"/><!-- ⲣⲱⲙⲉ -->
<mark id="lemma_100" xlink:href="#tok_100"/><!-- ⲁⲛ -->
<mark id="lemma_101" xlink:href="#tok_101"/><!-- . -->
<mark id="lemma_102" xlink:href="#tok_102"/><!-- ⲟⲩ -->
<mark id="lemma_103" xlink:href="#tok_103"/><!-- ϭⲉ -->
<mark id="lemma_104" xlink:href="#tok_104"/><!-- ⲡⲉ -->
<mark id="lemma_105" xlink:href="#tok_105"/><!-- ⲁⲡⲟⲗⲗⲱ -->
<mark id="lemma_106" xlink:href="#tok_106"/><!-- ⲟⲩ -->
<mark id="lemma_107" xlink:href="#tok_107"/><!-- ⲇⲉ -->
<mark id="lemma_108" xlink:href="#tok_108"/><!-- ⲡⲉ -->
<mark id="lemma_109" xlink:href="#tok_109"/><!-- ⲡⲁⲩⲗⲟⲥ -->
<mark id="lemma_110" xlink:href="#tok_110"/><!-- ⲁⲗⲗⲁ -->
<mark id="lemma_111" xlink:href="#tok_111"/><!-- ϩⲉⲛ -->
<mark id="lemma_112" xlink:href="#tok_112"/><!-- ⲇⲓⲁⲕⲱⲛ -->
<mark id="lemma_113" xlink:href="#tok_113"/><!-- ⲛⲉ -->
<mark id="lemma_114" xlink:href="#tok_114"/><!-- ⲉ -->
<mark id="lemma_115" xlink:href="#tok_115"/><!-- ⲁ -->
<mark id="lemma_116" xlink:href="#tok_116"/><!-- ⲧⲉⲧⲛ -->
<mark id="lemma_117" xlink:href="#tok_117"/><!-- ⲡⲓⲥⲧⲉⲩⲉ -->
<mark id="lemma_118" xlink:href="#tok_118"/><!-- ⲉⲃⲟⲗ -->
<mark id="lemma_119" xlink:href="#tok_119"/><!-- ϩⲓ -->
<mark id="lemma_120" xlink:href="#tok_120"/><!-- ⲧⲟⲟⲧⲟⲩ -->
<mark id="lemma_121" xlink:href="#tok_121"/><!-- ⲁⲩⲱ -->
<mark id="lemma_122" xlink:href="#tok_122"/><!-- ⲡ -->
<mark id="lemma_123" xlink:href="#tok_123"/><!-- ⲟⲩⲁ -->
<mark id="lemma_124" xlink:href="#tok_124"/><!-- ⲡ -->
<mark id="lemma_125" xlink:href="#tok_125"/><!-- ⲟⲩⲁ -->
<mark id="lemma_126" xlink:href="#tok_126"/><!-- ⲛ -->
<mark id="lemma_127" xlink:href="#tok_127"/><!-- ⲧ -->
<mark id="lemma_128" xlink:href="#tok_128"/><!-- ϩⲉ -->
<mark id="lemma_129" xlink:href="#tok_129"/><!-- ⲉ -->
<mark id="lemma_130" xlink:href="#tok_130"/><!-- ⲛ -->
<mark id="lemma_131" xlink:href="#tok_131"/><!-- ⲧ -->
<mark id="lemma_132" xlink:href="#tok_132"/><!-- ⲁ -->
<mark id="lemma_133" xlink:href="#tok_133"/><!-- ⲡ -->
<mark id="lemma_134" xlink:href="#tok_134"/><!-- ϫⲟⲉⲓⲥ -->
<mark id="lemma_135" xlink:href="#tok_135"/><!-- ϯⲛⲁϥ -->
<mark id="lemma_136" xlink:href="#tok_136"/><!-- . -->
<mark id="lemma_137" xlink:href="#tok_137"/><!-- ⲁⲛⲟⲕ -->
<mark id="lemma_138" xlink:href="#tok_138"/><!-- ⲁ -->
<mark id="lemma_139" xlink:href="#tok_139"/><!-- ⲓ -->
<mark id="lemma_140" xlink:href="#tok_140"/><!-- ⲧⲱϭⲉ -->
<mark id="lemma_141" xlink:href="#tok_141"/><!-- ⲁⲡⲟⲗⲗⲱ -->
<mark id="lemma_142" xlink:href="#tok_142"/><!-- ⲡ -->
<mark id="lemma_143" xlink:href="#tok_143"/><!-- ⲉⲛⲧ -->
<mark id="lemma_144" xlink:href="#tok_144"/><!-- ⲁ -->
<mark id="lemma_145" xlink:href="#tok_145"/><!-- ϥ -->
<mark id="lemma_146" xlink:href="#tok_146"/><!-- ⲧⲥⲟ -->
<mark id="lemma_147" xlink:href="#tok_147"/><!-- . -->
<mark id="lemma_148" xlink:href="#tok_148"/><!-- ⲁⲗⲗⲁ -->
<mark id="lemma_149" xlink:href="#tok_149"/><!-- ⲡ -->
<mark id="lemma_150" xlink:href="#tok_150"/><!-- ⲛⲟⲩⲧⲉ -->
<mark id="lemma_151" xlink:href="#tok_151"/><!-- ⲡ -->
<mark id="lemma_152" xlink:href="#tok_152"/><!-- ⲉⲛⲧ -->
<mark id="lemma_153" xlink:href="#tok_153"/><!-- ⲁ -->
<mark id="lemma_154" xlink:href="#tok_154"/><!-- ϥ -->
<mark id="lemma_155" xlink:href="#tok_155"/><!-- ⲁⲩⲝⲁⲛⲉ -->
<mark id="lemma_156" xlink:href="#tok_156"/><!-- . -->
<mark id="lemma_157" xlink:href="#tok_157"/><!-- ϩⲱⲥⲧⲉ -->
<mark id="lemma_158" xlink:href="#tok_158"/><!-- ϭⲉ -->
<mark id="lemma_159" xlink:href="#tok_159"/><!-- ⲙ -->
<mark id="lemma_160" xlink:href="#tok_160"/><!-- ⲡ -->
<mark id="lemma_161" xlink:href="#tok_161"/><!-- ⲁ -->
<mark id="lemma_162" xlink:href="#tok_162"/><!-- ⲡ -->
<mark id="lemma_163" xlink:href="#tok_163"/><!-- ⲉⲧ -->
<mark id="lemma_164" xlink:href="#tok_164"/><!-- ⲧⲱϭⲉ -->
<mark id="lemma_165" xlink:href="#tok_165"/><!-- ⲁⲛ -->
<mark id="lemma_166" xlink:href="#tok_166"/><!-- ⲡⲉ -->
<mark id="lemma_167" xlink:href="#tok_167"/><!-- ⲟⲩⲇⲉ -->
<mark id="lemma_168" xlink:href="#tok_168"/><!-- ⲙ -->
<mark id="lemma_169" xlink:href="#tok_169"/><!-- ⲡ -->
<mark id="lemma_170" xlink:href="#tok_170"/><!-- ⲁ -->
<mark id="lemma_171" xlink:href="#tok_171"/><!-- ⲡ -->
<mark id="lemma_172" xlink:href="#tok_172"/><!-- ⲉⲧ -->
<mark id="lemma_173" xlink:href="#tok_173"/><!-- ⲧⲥⲟ -->
<mark id="lemma_174" xlink:href="#tok_174"/><!-- ⲁⲛ -->
<mark id="lemma_175" xlink:href="#tok_175"/><!-- ⲡⲉ -->
<mark id="lemma_176" xlink:href="#tok_176"/><!-- . -->
<mark id="lemma_177" xlink:href="#tok_177"/><!-- ⲁⲗⲗⲁ -->
<mark id="lemma_178" xlink:href="#tok_178"/><!-- ⲡ -->
<mark id="lemma_179" xlink:href="#tok_179"/><!-- ⲛⲟⲩⲧⲉ -->
<mark id="lemma_180" xlink:href="#tok_180"/><!-- ⲡⲉ -->
<mark id="lemma_181" xlink:href="#tok_181"/><!-- ⲉⲧ -->
<mark id="lemma_182" xlink:href="#tok_182"/><!-- ⲁⲩⲝⲁⲛⲉ -->
<mark id="lemma_183" xlink:href="#tok_183"/><!-- . -->
<mark id="lemma_184" xlink:href="#tok_184"/><!-- ⲡ -->
<mark id="lemma_185" xlink:href="#tok_185"/><!-- ⲉⲧ -->
<mark id="lemma_186" xlink:href="#tok_186"/><!-- ⲧⲱϭⲉ -->
<mark id="lemma_187" xlink:href="#tok_187"/><!-- ⲇⲉ -->
<mark id="lemma_188" xlink:href="#tok_188"/><!-- ⲙⲛ -->
<mark id="lemma_189" xlink:href="#tok_189"/><!-- ⲡ -->
<mark id="lemma_190" xlink:href="#tok_190"/><!-- ⲉⲧ -->
<mark id="lemma_191" xlink:href="#tok_191"/><!-- ⲧⲥⲟ -->
<mark id="lemma_192" xlink:href="#tok_192"/><!-- ⲟⲩⲁ -->
<mark id="lemma_193" xlink:href="#tok_193"/><!-- ⲛⲉ -->
<mark id="lemma_194" xlink:href="#tok_194"/><!-- . -->
<mark id="lemma_195" xlink:href="#tok_195"/><!-- ⲡ -->
<mark id="lemma_196" xlink:href="#tok_196"/><!-- ⲟⲩⲁ -->
<mark id="lemma_197" xlink:href="#tok_197"/><!-- ⲇⲉ -->
<mark id="lemma_198" xlink:href="#tok_198"/><!-- ⲡ -->
<mark id="lemma_199" xlink:href="#tok_199"/><!-- ⲟⲩⲁ -->
<mark id="lemma_200" xlink:href="#tok_200"/><!-- ⲛⲁ -->
<mark id="lemma_201" xlink:href="#tok_201"/><!-- ϫⲓ -->
<mark id="lemma_202" xlink:href="#tok_202"/><!-- ⲙ -->
<mark id="lemma_203" xlink:href="#tok_203"/><!-- ⲡⲉϥ -->
<mark id="lemma_204" xlink:href="#tok_204"/><!-- ⲃⲉⲕⲉ -->
<mark id="lemma_205" xlink:href="#tok_205"/><!-- ⲕⲁⲧⲁ -->
<mark id="lemma_206" xlink:href="#tok_206"/><!-- ⲡⲉϥ -->
<mark id="lemma_207" xlink:href="#tok_207"/><!-- ϩⲓⲥⲉ -->
<mark id="lemma_208" xlink:href="#tok_208"/><!-- . -->
<mark id="lemma_209" xlink:href="#tok_209"/><!-- ⲁⲛⲟⲛ -->
<mark id="lemma_210" xlink:href="#tok_210"/><!-- ϩⲉⲛ -->
<mark id="lemma_211" xlink:href="#tok_211"/><!-- ϣⲃⲣⲣϩⲱⲃ -->
<mark id="lemma_212" xlink:href="#tok_212"/><!-- ⲅⲁⲣ -->
<mark id="lemma_213" xlink:href="#tok_213"/><!-- ⲛⲧⲉ -->
<mark id="lemma_214" xlink:href="#tok_214"/><!-- ⲡ -->
<mark id="lemma_215" xlink:href="#tok_215"/><!-- ⲛⲟⲩⲧⲉ -->
<mark id="lemma_216" xlink:href="#tok_216"/><!-- ⲟⲩ -->
<mark id="lemma_217" xlink:href="#tok_217"/><!-- ⲙⲁ -->
<mark id="lemma_218" xlink:href="#tok_218"/><!-- ⲛ -->
<mark id="lemma_219" xlink:href="#tok_219"/><!-- ⲟⲩ -->
<mark id="lemma_220" xlink:href="#tok_220"/><!-- ⲟⲉⲓⲉ -->
<mark id="lemma_221" xlink:href="#tok_221"/><!-- ⲛⲧⲉ -->
<mark id="lemma_222" xlink:href="#tok_222"/><!-- ⲡ -->
<mark id="lemma_223" xlink:href="#tok_223"/><!-- ⲛⲟⲩⲧⲉ -->
<mark id="lemma_224" xlink:href="#tok_224"/><!-- ⲡⲉ -->
<mark id="lemma_225" xlink:href="#tok_225"/><!-- . -->
<mark id="lemma_226" xlink:href="#tok_226"/><!-- ⲛⲧⲉⲧⲛ -->
<mark id="lemma_227" xlink:href="#tok_227"/><!-- ⲟⲩⲕⲱⲧ -->
<mark id="lemma_228" xlink:href="#tok_228"/><!-- ⲛⲧⲉ -->
<mark id="lemma_229" xlink:href="#tok_229"/><!-- ⲡ -->
<mark id="lemma_230" xlink:href="#tok_230"/><!-- ⲛⲟⲩⲧⲉ -->
<mark id="lemma_231" xlink:href="#tok_231"/><!-- . -->
<mark id="lemma_232" xlink:href="#tok_232"/><!-- ⲕⲁⲧⲁ -->
<mark id="lemma_233" xlink:href="#tok_233"/><!-- ⲡⲉ -->
<mark id="lemma_234" xlink:href="#tok_234"/><!-- ϩⲙⲟⲧ -->
<mark id="lemma_235" xlink:href="#tok_235"/><!-- ⲛⲧⲉ -->
<mark id="lemma_236" xlink:href="#tok_236"/><!-- ⲡ -->
<mark id="lemma_237" xlink:href="#tok_237"/><!-- ⲛⲟⲩⲧⲉ -->
<mark id="lemma_238" xlink:href="#tok_238"/><!-- ⲉⲛⲧ -->
<mark id="lemma_239" xlink:href="#tok_239"/><!-- ⲁ -->
<mark id="lemma_240" xlink:href="#tok_240"/><!-- ⲩ -->
<mark id="lemma_241" xlink:href="#tok_241"/><!-- ⲧⲁⲁ -->
<mark id="lemma_242" xlink:href="#tok_242"/><!-- ϥ -->
<mark id="lemma_243" xlink:href="#tok_243"/><!-- ⲛⲁⲓ -->
<mark id="lemma_244" xlink:href="#tok_244"/><!-- ϩⲱⲥ -->
<mark id="lemma_245" xlink:href="#tok_245"/><!-- ⲥⲟⲫⲟⲥ -->
<mark id="lemma_246" xlink:href="#tok_246"/><!-- ⲛ -->
<mark id="lemma_247" xlink:href="#tok_247"/><!-- ⲁⲣⲭⲓⲧⲉⲕⲧⲱⲛ -->
<mark id="lemma_248" xlink:href="#tok_248"/><!-- . -->
<mark id="lemma_249" xlink:href="#tok_249"/><!-- ⲁ -->
<mark id="lemma_250" xlink:href="#tok_250"/><!-- ⲓ -->
<mark id="lemma_251" xlink:href="#tok_251"/><!-- ⲕⲱ -->
<mark id="lemma_252" xlink:href="#tok_252"/><!-- ⲉϩⲣⲁⲓ -->
<mark id="lemma_253" xlink:href="#tok_253"/><!-- ⲛ -->
<mark id="lemma_254" xlink:href="#tok_254"/><!-- ⲧ -->
<mark id="lemma_255" xlink:href="#tok_255"/><!-- ⲥⲛⲧⲉ -->
<mark id="lemma_256" xlink:href="#tok_256"/><!-- ⲟⲩⲛϭⲉ -->
<mark id="lemma_257" xlink:href="#tok_257"/><!-- ⲇⲉ -->
<mark id="lemma_258" xlink:href="#tok_258"/><!-- ⲕⲱⲧ -->
<mark id="lemma_259" xlink:href="#tok_259"/><!-- ⲉϫⲱ -->
<mark id="lemma_260" xlink:href="#tok_260"/><!-- ⲥ -->
<mark id="lemma_261" xlink:href="#tok_261"/><!-- . -->
<mark id="lemma_262" xlink:href="#tok_262"/><!-- ⲡ -->
<mark id="lemma_263" xlink:href="#tok_263"/><!-- ⲟⲩⲁ -->
<mark id="lemma_264" xlink:href="#tok_264"/><!-- ⲇⲉ -->
<mark id="lemma_265" xlink:href="#tok_265"/><!-- ⲡ -->
<mark id="lemma_266" xlink:href="#tok_266"/><!-- ⲟⲩⲁ -->
<mark id="lemma_267" xlink:href="#tok_267"/><!-- ⲙⲁⲣⲉ -->
<mark id="lemma_268" xlink:href="#tok_268"/><!-- ϥ -->
<mark id="lemma_269" xlink:href="#tok_269"/><!-- ϭⲱϣⲧ -->
<mark id="lemma_270" xlink:href="#tok_270"/><!-- ϫⲉ -->
<mark id="lemma_271" xlink:href="#tok_271"/><!-- ⲉ -->
<mark id="lemma_272" xlink:href="#tok_272"/><!-- ϥ -->
<mark id="lemma_273" xlink:href="#tok_273"/><!-- ⲕⲱⲧ -->
<mark id="lemma_274" xlink:href="#tok_274"/><!-- ⲛ -->
<mark id="lemma_275" xlink:href="#tok_275"/><!-- ⲁϣ -->
<mark id="lemma_276" xlink:href="#tok_276"/><!-- ⲛ -->
<mark id="lemma_277" xlink:href="#tok_277"/><!-- ϩⲉ -->
<mark id="lemma_278" xlink:href="#tok_278"/><!-- . -->
<mark id="lemma_279" xlink:href="#tok_279"/><!-- ⲙⲛ -->
<mark id="lemma_280" xlink:href="#tok_280"/><!-- ϭⲟⲙ -->
<mark id="lemma_281" xlink:href="#tok_281"/><!-- ⲅⲁⲣ -->
<mark id="lemma_282" xlink:href="#tok_282"/><!-- ⲛ -->
<mark id="lemma_283" xlink:href="#tok_283"/><!-- ⲗⲁⲁⲩ -->
<mark id="lemma_284" xlink:href="#tok_284"/><!-- ⲉ -->
<mark id="lemma_285" xlink:href="#tok_285"/><!-- ⲕⲁ -->
<mark id="lemma_286" xlink:href="#tok_286"/><!-- ⲕⲉ -->
<mark id="lemma_287" xlink:href="#tok_287"/><!-- ⲥⲛⲧⲉ -->
<mark id="lemma_288" xlink:href="#tok_288"/><!-- ⲉϩⲣⲁⲓ -->
<mark id="lemma_289" xlink:href="#tok_289"/><!-- ⲡⲁⲣⲁ -->
<mark id="lemma_290" xlink:href="#tok_290"/><!-- ⲧ -->
<mark id="lemma_291" xlink:href="#tok_291"/><!-- ⲉⲧ -->
<mark id="lemma_292" xlink:href="#tok_292"/><!-- ⲕⲏ -->
<mark id="lemma_293" xlink:href="#tok_293"/><!-- ⲉϩⲣⲁⲓ -->
<mark id="lemma_294" xlink:href="#tok_294"/><!-- ⲉⲧⲉ -->
<mark id="lemma_295" xlink:href="#tok_295"/><!-- ⲡⲁⲓ -->
<mark id="lemma_296" xlink:href="#tok_296"/><!-- ⲡⲉ -->
<mark id="lemma_297" xlink:href="#tok_297"/><!-- ⲓⲏⲥⲟⲩⲥ -->
<mark id="lemma_298" xlink:href="#tok_298"/><!-- ⲡⲉ -->
<mark id="lemma_299" xlink:href="#tok_299"/><!-- ⲭⲣⲓⲥⲧⲟⲥ -->
<mark id="lemma_300" xlink:href="#tok_300"/><!-- . -->
<mark id="lemma_301" xlink:href="#tok_301"/><!-- ⲉϣϫⲉ -->
<mark id="lemma_302" xlink:href="#tok_302"/><!-- ⲟⲩⲛ -->
<mark id="lemma_303" xlink:href="#tok_303"/><!-- ⲟⲩⲁ -->
<mark id="lemma_304" xlink:href="#tok_304"/><!-- ⲇⲉ -->
<mark id="lemma_305" xlink:href="#tok_305"/><!-- ⲛⲁ -->
<mark id="lemma_306" xlink:href="#tok_306"/><!-- ⲕⲱⲧ -->
<mark id="lemma_307" xlink:href="#tok_307"/><!-- ⲉϫⲛ -->
<mark id="lemma_308" xlink:href="#tok_308"/><!-- ⲧⲉⲓ -->
<mark id="lemma_309" xlink:href="#tok_309"/><!-- ⲥⲛⲧⲉ -->
<mark id="lemma_310" xlink:href="#tok_310"/><!-- ⲟⲩ -->
<mark id="lemma_311" xlink:href="#tok_311"/><!-- ⲛⲟⲩⲃ -->
<mark id="lemma_312" xlink:href="#tok_312"/><!-- ⲟⲩ -->
<mark id="lemma_313" xlink:href="#tok_313"/><!-- ϩⲁⲧ -->
<mark id="lemma_314" xlink:href="#tok_314"/><!-- ϩⲉⲛⲉⲛⲉⲙⲙⲉ -->
<mark id="lemma_315" xlink:href="#tok_315"/><!-- ϩⲉⲛ -->
<mark id="lemma_316" xlink:href="#tok_316"/><!-- ϣⲉ -->
<mark id="lemma_317" xlink:href="#tok_317"/><!-- ⲟⲩ -->
<mark id="lemma_318" xlink:href="#tok_318"/><!-- ⲭⲟⲣⲧⲟⲥ -->
<mark id="lemma_319" xlink:href="#tok_319"/><!-- ⲟⲩ -->
<mark id="lemma_320" xlink:href="#tok_320"/><!-- ⲣⲟⲟⲩⲉ -->
<mark id="lemma_321" xlink:href="#tok_321"/><!-- . -->
<mark id="lemma_322" xlink:href="#tok_322"/><!-- ⲡ -->
<mark id="lemma_323" xlink:href="#tok_323"/><!-- ϩⲱⲃ -->
<mark id="lemma_324" xlink:href="#tok_324"/><!-- ⲙ -->
<mark id="lemma_325" xlink:href="#tok_325"/><!-- ⲡ -->
<mark id="lemma_326" xlink:href="#tok_326"/><!-- ⲟⲩⲁ -->
<mark id="lemma_327" xlink:href="#tok_327"/><!-- ⲡ -->
<mark id="lemma_328" xlink:href="#tok_328"/><!-- ⲟⲩⲁ -->
<mark id="lemma_329" xlink:href="#tok_329"/><!-- ⲛⲁ -->
<mark id="lemma_330" xlink:href="#tok_330"/><!-- ⲟⲩ -->
<mark id="lemma_331" xlink:href="#tok_331"/><!-- ⲱⲛϩ -->
<mark id="lemma_332" xlink:href="#tok_332"/><!-- ⲉⲃⲟⲗ -->
<mark id="lemma_333" xlink:href="#tok_333"/><!-- ⲡⲉ -->
<mark id="lemma_334" xlink:href="#tok_334"/><!-- ϩⲟⲟⲩ -->
<mark id="lemma_335" xlink:href="#tok_335"/><!-- ⲅⲁⲣ -->
<mark id="lemma_336" xlink:href="#tok_336"/><!-- ⲛⲁ -->
<mark id="lemma_337" xlink:href="#tok_337"/><!-- ⲟⲩⲟⲛϩ -->
<mark id="lemma_338" xlink:href="#tok_338"/><!-- ϥ -->
<mark id="lemma_339" xlink:href="#tok_339"/><!-- ⲉⲃⲟⲗ -->
<mark id="lemma_340" xlink:href="#tok_340"/><!-- ϫⲉ -->
<mark id="lemma_341" xlink:href="#tok_341"/><!-- ⲉ -->
<mark id="lemma_342" xlink:href="#tok_342"/><!-- ϥ -->
<mark id="lemma_343" xlink:href="#tok_343"/><!-- ⲛⲁ -->
<mark id="lemma_344" xlink:href="#tok_344"/><!-- ϭⲱⲗⲡ -->
<mark id="lemma_345" xlink:href="#tok_345"/><!-- ⲉⲃⲟⲗ -->
<mark id="lemma_346" xlink:href="#tok_346"/><!-- ϩⲛ -->
<mark id="lemma_347" xlink:href="#tok_347"/><!-- ⲧ -->
<mark id="lemma_348" xlink:href="#tok_348"/><!-- ⲥⲁⲧⲉ -->
<mark id="lemma_349" xlink:href="#tok_349"/><!-- ⲁⲩⲱ -->
<mark id="lemma_350" xlink:href="#tok_350"/><!-- ⲡ -->
<mark id="lemma_351" xlink:href="#tok_351"/><!-- ϩⲱⲃ -->
<mark id="lemma_352" xlink:href="#tok_352"/><!-- ⲙ -->
<mark id="lemma_353" xlink:href="#tok_353"/><!-- ⲡ -->
<mark id="lemma_354" xlink:href="#tok_354"/><!-- ⲟⲩⲁ -->
<mark id="lemma_355" xlink:href="#tok_355"/><!-- ⲡ -->
<mark id="lemma_356" xlink:href="#tok_356"/><!-- ⲟⲩⲁ -->
<mark id="lemma_357" xlink:href="#tok_357"/><!-- ⲛ -->
<mark id="lemma_358" xlink:href="#tok_358"/><!-- ⲧ -->
<mark id="lemma_359" xlink:href="#tok_359"/><!-- ϩⲉ -->
<mark id="lemma_360" xlink:href="#tok_360"/><!-- ⲉⲧ -->
<mark id="lemma_361" xlink:href="#tok_361"/><!-- ϥⲟ -->
<mark id="lemma_362" xlink:href="#tok_362"/><!-- ⲙⲙⲟ -->
<mark id="lemma_363" xlink:href="#tok_363"/><!-- ⲥ -->
<mark id="lemma_364" xlink:href="#tok_364"/><!-- ⲡ -->
<mark id="lemma_365" xlink:href="#tok_365"/><!-- ⲕⲱϩⲧ -->
<mark id="lemma_366" xlink:href="#tok_366"/><!-- ⲡ -->
<mark id="lemma_367" xlink:href="#tok_367"/><!-- ⲉⲧ -->
<mark id="lemma_368" xlink:href="#tok_368"/><!-- ⲛⲁ -->
<mark id="lemma_369" xlink:href="#tok_369"/><!-- ⲇⲟⲕⲓⲙⲁⲍⲉ -->
<mark id="lemma_370" xlink:href="#tok_370"/><!-- ⲙⲙⲟ -->
<mark id="lemma_371" xlink:href="#tok_371"/><!-- ϥ -->
<mark id="lemma_372" xlink:href="#tok_372"/><!-- . -->
<mark id="lemma_373" xlink:href="#tok_373"/><!-- ⲡ -->
<mark id="lemma_374" xlink:href="#tok_374"/><!-- ⲉⲧⲉⲣⲉ -->
<mark id="lemma_375" xlink:href="#tok_375"/><!-- ⲡⲉϥ -->
<mark id="lemma_376" xlink:href="#tok_376"/><!-- ϩⲱⲃ -->
<mark id="lemma_377" xlink:href="#tok_377"/><!-- ⲛⲁ -->
<mark id="lemma_378" xlink:href="#tok_378"/><!-- ϭⲱ -->
<mark id="lemma_379" xlink:href="#tok_379"/><!-- ⲡⲁⲓ -->
<mark id="lemma_380" xlink:href="#tok_380"/><!-- ⲉⲛⲧ -->
<mark id="lemma_381" xlink:href="#tok_381"/><!-- ⲁ -->
<mark id="lemma_382" xlink:href="#tok_382"/><!-- ϥ -->
<mark id="lemma_383" xlink:href="#tok_383"/><!-- ⲕⲟⲧ -->
<mark id="lemma_384" xlink:href="#tok_384"/><!-- ϥ -->
<mark id="lemma_385" xlink:href="#tok_385"/><!-- ϥ -->
<mark id="lemma_386" xlink:href="#tok_386"/><!-- ⲛⲁ -->
<mark id="lemma_387" xlink:href="#tok_387"/><!-- ϫⲓ -->
<mark id="lemma_388" xlink:href="#tok_388"/><!-- ⲛ -->
<mark id="lemma_389" xlink:href="#tok_389"/><!-- ⲟⲩ -->
<mark id="lemma_390" xlink:href="#tok_390"/><!-- ⲃⲉⲕⲉ -->
<mark id="lemma_391" xlink:href="#tok_391"/><!-- . -->
<mark id="lemma_392" xlink:href="#tok_392"/><!-- ⲡ -->
<mark id="lemma_393" xlink:href="#tok_393"/><!-- ⲉⲧⲉⲣⲉ -->
<mark id="lemma_394" xlink:href="#tok_394"/><!-- ⲡⲉϥ -->
<mark id="lemma_395" xlink:href="#tok_395"/><!-- ϩⲱⲃ -->
<mark id="lemma_396" xlink:href="#tok_396"/><!-- ⲛⲁ -->
<mark id="lemma_397" xlink:href="#tok_397"/><!-- ⲣⲱⲕϩ -->
<mark id="lemma_398" xlink:href="#tok_398"/><!-- ϥ -->
<mark id="lemma_399" xlink:href="#tok_399"/><!-- ⲛⲁ -->
<mark id="lemma_400" xlink:href="#xpointer(id('tok_400')/range-to(id('tok_401')))"/><!-- ϯ...ⲟⲥⲉ -->
<mark id="lemma_402" xlink:href="#tok_402"/><!-- . -->
<mark id="lemma_403" xlink:href="#tok_403"/><!-- ⲛⲧⲟϥ -->
<mark id="lemma_404" xlink:href="#tok_404"/><!-- ⲇⲉ -->
<mark id="lemma_405" xlink:href="#tok_405"/><!-- ϥ -->
<mark id="lemma_406" xlink:href="#tok_406"/><!-- ⲛⲁ -->
<mark id="lemma_407" xlink:href="#tok_407"/><!-- ⲟⲩϫⲁⲓ -->
<mark id="lemma_408" xlink:href="#tok_408"/><!-- . -->
<mark id="lemma_409" xlink:href="#tok_409"/><!-- ⲛ -->
<mark id="lemma_410" xlink:href="#tok_410"/><!-- ⲧⲉⲓ -->
<mark id="lemma_411" xlink:href="#tok_411"/><!-- ϩⲉ -->
<mark id="lemma_412" xlink:href="#tok_412"/><!-- ⲇⲉ -->
<mark id="lemma_413" xlink:href="#tok_413"/><!-- ϩⲱⲥ -->
<mark id="lemma_414" xlink:href="#tok_414"/><!-- ⲉⲃⲟⲗ -->
<mark id="lemma_415" xlink:href="#tok_415"/><!-- ϩⲓⲧⲙ -->
<mark id="lemma_416" xlink:href="#tok_416"/><!-- ⲡ -->
<mark id="lemma_417" xlink:href="#tok_417"/><!-- ⲕⲱϩⲧ -->
<mark id="lemma_418" xlink:href="#tok_418"/><!-- . -->
<mark id="lemma_419" xlink:href="#tok_419"/><!-- ⲛⲧⲉⲧⲛ -->
<mark id="lemma_420" xlink:href="#tok_420"/><!-- ⲥⲟⲟⲩⲛ -->
<mark id="lemma_421" xlink:href="#tok_421"/><!-- ⲁⲛ -->
<mark id="lemma_422" xlink:href="#tok_422"/><!-- ϫⲉ -->
<mark id="lemma_423" xlink:href="#tok_423"/><!-- ⲛⲧⲉⲧⲛ -->
<mark id="lemma_424" xlink:href="#tok_424"/><!-- ⲡ -->
<mark id="lemma_425" xlink:href="#tok_425"/><!-- ⲣⲡⲉ -->
<mark id="lemma_426" xlink:href="#tok_426"/><!-- ⲙ -->
<mark id="lemma_427" xlink:href="#tok_427"/><!-- ⲡ -->
<mark id="lemma_428" xlink:href="#tok_428"/><!-- ⲛⲟⲩⲧⲉ -->
<mark id="lemma_429" xlink:href="#tok_429"/><!-- . -->
<mark id="lemma_430" xlink:href="#tok_430"/><!-- ⲁⲩⲱ -->
<mark id="lemma_431" xlink:href="#tok_431"/><!-- ⲡⲉ -->
<mark id="lemma_432" xlink:href="#tok_432"/><!-- ⲡⲛⲉⲩⲙⲁ -->
<mark id="lemma_433" xlink:href="#tok_433"/><!-- ⲙ -->
<mark id="lemma_434" xlink:href="#tok_434"/><!-- ⲡ -->
<mark id="lemma_435" xlink:href="#tok_435"/><!-- ⲛⲟⲩⲧⲉ -->
<mark id="lemma_436" xlink:href="#tok_436"/><!-- ⲟⲩⲏϩ -->
<mark id="lemma_437" xlink:href="#tok_437"/><!-- ⲛϩⲏⲧ -->
<mark id="lemma_438" xlink:href="#tok_438"/><!-- ⲧⲏⲩⲧⲛ -->
<mark id="lemma_439" xlink:href="#tok_439"/><!-- . -->
<mark id="lemma_440" xlink:href="#tok_440"/><!-- ⲡ -->
<mark id="lemma_441" xlink:href="#tok_441"/><!-- ⲉⲧ -->
<mark id="lemma_442" xlink:href="#tok_442"/><!-- ⲛⲁ -->
<mark id="lemma_443" xlink:href="#tok_443"/><!-- ⲥⲱⲱϥ -->
<mark id="lemma_444" xlink:href="#tok_444"/><!-- ⲙ -->
<mark id="lemma_445" xlink:href="#tok_445"/><!-- ⲡ -->
<mark id="lemma_446" xlink:href="#tok_446"/><!-- ⲣⲡⲉ -->
<mark id="lemma_447" xlink:href="#tok_447"/><!-- ⲙ -->
<mark id="lemma_448" xlink:href="#tok_448"/><!-- ⲡ -->
<mark id="lemma_449" xlink:href="#tok_449"/><!-- ⲛⲟⲩⲧⲉ -->
<mark id="lemma_450" xlink:href="#tok_450"/><!-- ⲡⲁⲓ -->
<mark id="lemma_451" xlink:href="#tok_451"/><!-- ⲡ -->
<mark id="lemma_452" xlink:href="#tok_452"/><!-- ⲛⲟⲩⲧⲉ -->
<mark id="lemma_453" xlink:href="#tok_453"/><!-- ⲛⲁ -->
<mark id="lemma_454" xlink:href="#tok_454"/><!-- ⲧⲁⲕⲟ -->
<mark id="lemma_455" xlink:href="#tok_455"/><!-- ϥ -->
<mark id="lemma_456" xlink:href="#tok_456"/><!-- ⲡ -->
<mark id="lemma_457" xlink:href="#tok_457"/><!-- ⲣⲡⲉ -->
<mark id="lemma_458" xlink:href="#tok_458"/><!-- ⲅⲁⲣ -->
<mark id="lemma_459" xlink:href="#tok_459"/><!-- ⲙ -->
<mark id="lemma_460" xlink:href="#tok_460"/><!-- ⲡ -->
<mark id="lemma_461" xlink:href="#tok_461"/><!-- ⲛⲟⲩⲧⲉ -->
<mark id="lemma_462" xlink:href="#tok_462"/><!-- ⲟⲩⲁⲁⲃ -->
<mark id="lemma_463" xlink:href="#tok_463"/><!-- ⲉⲧⲉ -->
<mark id="lemma_464" xlink:href="#tok_464"/><!-- ⲛⲧⲱⲧⲛ -->
<mark id="lemma_465" xlink:href="#tok_465"/><!-- ⲡⲉ -->
<mark id="lemma_466" xlink:href="#tok_466"/><!-- . -->
<mark id="lemma_467" xlink:href="#tok_467"/><!-- ⲙⲡⲣⲧⲣⲉ -->
<mark id="lemma_468" xlink:href="#tok_468"/><!-- ⲗⲁⲁⲩ -->
<mark id="lemma_469" xlink:href="#tok_469"/><!-- ⲉⲝⲁⲡⲁⲧⲁ -->
<mark id="lemma_470" xlink:href="#tok_470"/><!-- ⲙⲙⲟ -->
<mark id="lemma_471" xlink:href="#tok_471"/><!-- ϥ -->
<mark id="lemma_472" xlink:href="#tok_472"/><!-- . -->
<mark id="lemma_473" xlink:href="#tok_473"/><!-- ⲡ -->
<mark id="lemma_474" xlink:href="#tok_474"/><!-- ⲉⲧ -->
<mark id="lemma_475" xlink:href="#tok_475"/><!-- ϫⲱ -->
<mark id="lemma_476" xlink:href="#tok_476"/><!-- ⲙⲙⲟ -->
<mark id="lemma_477" xlink:href="#tok_477"/><!-- ⲥ -->
<mark id="lemma_478" xlink:href="#tok_478"/><!-- ϫⲉ -->
<mark id="lemma_479" xlink:href="#tok_479"/><!-- ⲁⲛⲅ -->
<mark id="lemma_480" xlink:href="#tok_480"/><!-- ⲟⲩ -->
<mark id="lemma_481" xlink:href="#tok_481"/><!-- ⲥⲟⲫⲟⲥ -->
<mark id="lemma_482" xlink:href="#tok_482"/><!-- ⲛϩⲏⲧ -->
<mark id="lemma_483" xlink:href="#tok_483"/><!-- ⲧⲏⲩⲧⲛ -->
<mark id="lemma_484" xlink:href="#tok_484"/><!-- ⲙⲁⲣⲉ -->
<mark id="lemma_485" xlink:href="#tok_485"/><!-- ϥ -->
<mark id="lemma_486" xlink:href="#xpointer(id('tok_486')/range-to(id('tok_487')))"/><!-- ⲣ...ⲥⲟϭ -->
<mark id="lemma_488" xlink:href="#tok_488"/><!-- ϩⲙ -->
<mark id="lemma_489" xlink:href="#tok_489"/><!-- ⲡⲉⲓ -->
<mark id="lemma_490" xlink:href="#tok_490"/><!-- ⲁⲓⲱⲛ -->
<mark id="lemma_491" xlink:href="#tok_491"/><!-- ϫⲉⲕⲁⲁⲥ -->
<mark id="lemma_492" xlink:href="#tok_492"/><!-- ⲉϥⲉ -->
<mark id="lemma_493" xlink:href="#tok_493"/><!-- ϣⲱⲡⲉ -->
<mark id="lemma_494" xlink:href="#tok_494"/><!-- ⲛ -->
<mark id="lemma_495" xlink:href="#tok_495"/><!-- ⲥⲟⲫⲟⲥ -->
<mark id="lemma_496" xlink:href="#tok_496"/><!-- . -->
<mark id="lemma_497" xlink:href="#tok_497"/><!-- ⲧ -->
<mark id="lemma_498" xlink:href="#tok_498"/><!-- ⲥⲟⲫⲓⲁ -->
<mark id="lemma_499" xlink:href="#tok_499"/><!-- ⲅⲁⲣ -->
<mark id="lemma_500" xlink:href="#tok_500"/><!-- ⲙ -->
<mark id="lemma_501" xlink:href="#tok_501"/><!-- ⲡⲉⲓ -->
<mark id="lemma_502" xlink:href="#tok_502"/><!-- ⲕⲟⲥⲙⲟⲥ -->
<mark id="lemma_503" xlink:href="#tok_503"/><!-- ⲟⲩ -->
<mark id="lemma_504" xlink:href="#xpointer(id('tok_504')/range-to(id('tok_505')))"/><!-- ⲙⲛⲧ...ⲥⲟϭ -->
<mark id="lemma_506" xlink:href="#tok_506"/><!-- ⲧⲉ -->
<mark id="lemma_507" xlink:href="#tok_507"/><!-- ⲛⲛⲁϩⲣⲙ -->
<mark id="lemma_508" xlink:href="#tok_508"/><!-- ⲡ -->
<mark id="lemma_509" xlink:href="#tok_509"/><!-- ⲛⲟⲩⲧⲉ -->
<mark id="lemma_510" xlink:href="#tok_510"/><!-- . -->
<mark id="lemma_511" xlink:href="#tok_511"/><!-- ϥ -->
<mark id="lemma_512" xlink:href="#tok_512"/><!-- ⲥⲏϩ -->
<mark id="lemma_513" xlink:href="#tok_513"/><!-- ⲅⲁⲣ -->
<mark id="lemma_514" xlink:href="#tok_514"/><!-- ϫⲉ -->
<mark id="lemma_515" xlink:href="#tok_515"/><!-- ⲡ -->
<mark id="lemma_516" xlink:href="#tok_516"/><!-- ⲉⲧ -->
<mark id="lemma_517" xlink:href="#tok_517"/><!-- ϭⲱⲡⲉ -->
<mark id="lemma_518" xlink:href="#tok_518"/><!-- ⲛ -->
<mark id="lemma_519" xlink:href="#tok_519"/><!-- ⲛ -->
<mark id="lemma_520" xlink:href="#tok_520"/><!-- ⲥⲟⲫⲟⲥ -->
<mark id="lemma_521" xlink:href="#tok_521"/><!-- ϩⲛ -->
<mark id="lemma_522" xlink:href="#tok_522"/><!-- ⲛⲉⲩ -->
<mark id="lemma_523" xlink:href="#tok_523"/><!-- ⲕⲟⲧⲥ -->
<mark id="lemma_524" xlink:href="#tok_524"/><!-- . -->
<mark id="lemma_525" xlink:href="#tok_525"/><!-- ⲁⲩⲱ -->
<mark id="lemma_526" xlink:href="#tok_526"/><!-- ⲟⲛ -->
<mark id="lemma_527" xlink:href="#tok_527"/><!-- ϫⲉ -->
<mark id="lemma_528" xlink:href="#tok_528"/><!-- ⲡ -->
<mark id="lemma_529" xlink:href="#tok_529"/><!-- ϫⲟⲉⲓⲥ -->
<mark id="lemma_530" xlink:href="#tok_530"/><!-- ⲥⲟⲟⲩⲛ -->
<mark id="lemma_531" xlink:href="#tok_531"/><!-- ⲛ -->
<mark id="lemma_532" xlink:href="#tok_532"/><!-- ⲙ -->
<mark id="lemma_533" xlink:href="#tok_533"/><!-- ⲙⲟⲕⲙⲉⲕ -->
<mark id="lemma_534" xlink:href="#tok_534"/><!-- ⲛ -->
<mark id="lemma_535" xlink:href="#tok_535"/><!-- ⲛ -->
<mark id="lemma_536" xlink:href="#tok_536"/><!-- ⲥⲟⲫⲟⲥ -->
<mark id="lemma_537" xlink:href="#tok_537"/><!-- ϫⲉ -->
<mark id="lemma_538" xlink:href="#tok_538"/><!-- ⲥⲉ -->
<mark id="lemma_539" xlink:href="#tok_539"/><!-- ϣⲟⲩⲉⲓⲧ -->
<mark id="lemma_540" xlink:href="#tok_540"/><!-- ϩⲱⲥⲧⲉ -->
<mark id="lemma_541" xlink:href="#tok_541"/><!-- ⲙⲡⲣⲧⲣⲉ -->
<mark id="lemma_542" xlink:href="#tok_542"/><!-- ⲗⲁⲁⲩ -->
<mark id="lemma_543" xlink:href="#tok_543"/><!-- ϣⲟⲩϣⲟⲩ -->
<mark id="lemma_544" xlink:href="#tok_544"/><!-- ⲙⲙⲟ -->
<mark id="lemma_545" xlink:href="#tok_545"/><!-- ϥ -->
<mark id="lemma_546" xlink:href="#tok_546"/><!-- ϩⲛ -->
<mark id="lemma_547" xlink:href="#tok_547"/><!-- ⲛ -->
<mark id="lemma_548" xlink:href="#tok_548"/><!-- ⲣⲱⲙⲉ -->
<mark id="lemma_549" xlink:href="#tok_549"/><!-- ⲡ -->
<mark id="lemma_550" xlink:href="#tok_550"/><!-- ⲧⲏⲣ -->
<mark id="lemma_551" xlink:href="#tok_551"/><!-- ϥ -->
<mark id="lemma_552" xlink:href="#tok_552"/><!-- ⲅⲁⲣ -->
<mark id="lemma_553" xlink:href="#xpointer(id('tok_553')/range-to(id('tok_554')))"/><!-- ⲡⲱⲧ...ⲛ -->
<mark id="lemma_555" xlink:href="#tok_555"/><!-- ⲡⲉ -->
<mark id="lemma_556" xlink:href="#tok_556"/><!-- ⲉⲓⲧⲉ -->
<mark id="lemma_557" xlink:href="#tok_557"/><!-- ⲡⲁⲩⲗⲟⲥ -->
<mark id="lemma_558" xlink:href="#tok_558"/><!-- ⲉⲓⲧⲉ -->
<mark id="lemma_559" xlink:href="#tok_559"/><!-- ⲁⲡⲟⲗⲗⲱ -->
<mark id="lemma_560" xlink:href="#tok_560"/><!-- ⲉⲓⲧⲉ -->
<mark id="lemma_561" xlink:href="#tok_561"/><!-- ⲕⲏⲫⲁ -->
<mark id="lemma_562" xlink:href="#tok_562"/><!-- ⲉⲓⲧⲉ -->
<mark id="lemma_563" xlink:href="#tok_563"/><!-- ⲕⲟⲥⲙⲟⲥ -->
<mark id="lemma_564" xlink:href="#tok_564"/><!-- ⲉⲓⲧⲉ -->
<mark id="lemma_565" xlink:href="#tok_565"/><!-- ⲱⲛϩ -->
<mark id="lemma_566" xlink:href="#tok_566"/><!-- ⲉⲓⲧⲉ -->
<mark id="lemma_567" xlink:href="#tok_567"/><!-- ⲙⲟⲩ -->
<mark id="lemma_568" xlink:href="#tok_568"/><!-- ⲉⲓⲧⲉ -->
<mark id="lemma_569" xlink:href="#tok_569"/><!-- ⲛ -->
<mark id="lemma_570" xlink:href="#tok_570"/><!-- ⲉⲧ -->
<mark id="lemma_571" xlink:href="#tok_571"/><!-- ϣⲟⲟⲡ -->
<mark id="lemma_572" xlink:href="#tok_572"/><!-- ⲉⲓⲧⲉ -->
<mark id="lemma_573" xlink:href="#tok_573"/><!-- ⲛ -->
<mark id="lemma_574" xlink:href="#tok_574"/><!-- ⲉⲧ -->
<mark id="lemma_575" xlink:href="#tok_575"/><!-- ⲛⲁ -->
<mark id="lemma_576" xlink:href="#tok_576"/><!-- ϣⲱⲡⲉ -->
<mark id="lemma_577" xlink:href="#tok_577"/><!-- ⲡ -->
<mark id="lemma_578" xlink:href="#tok_578"/><!-- ⲧⲏⲣ -->
<mark id="lemma_579" xlink:href="#tok_579"/><!-- ϥ -->
<mark id="lemma_580" xlink:href="#xpointer(id('tok_580')/range-to(id('tok_581')))"/><!-- ⲡⲱⲧ...ⲛ -->
<mark id="lemma_582" xlink:href="#tok_582"/><!-- ⲡⲉ -->
<mark id="lemma_583" xlink:href="#tok_583"/><!-- . -->
<mark id="lemma_584" xlink:href="#tok_584"/><!-- ⲛⲧⲱⲧⲛ -->
<mark id="lemma_585" xlink:href="#tok_585"/><!-- ⲇⲉ -->
<mark id="lemma_586" xlink:href="#tok_586"/><!-- ⲛⲧⲉⲧⲛ -->
<mark id="lemma_587" xlink:href="#tok_587"/><!-- ⲛⲁ -->
<mark id="lemma_588" xlink:href="#tok_588"/><!-- ⲡⲉ -->
<mark id="lemma_589" xlink:href="#tok_589"/><!-- ⲭⲣⲓⲥⲧⲟⲥ -->
<mark id="lemma_590" xlink:href="#tok_590"/><!-- . -->
<mark id="lemma_591" xlink:href="#tok_591"/><!-- ⲡⲉ -->
<mark id="lemma_592" xlink:href="#tok_592"/><!-- ⲭⲣⲓⲥⲧⲟⲥ -->
<mark id="lemma_593" xlink:href="#tok_593"/><!-- ⲇⲉ -->
<mark id="lemma_594" xlink:href="#tok_594"/><!-- ⲡⲁ -->
<mark id="lemma_595" xlink:href="#tok_595"/><!-- ⲡ -->
<mark id="lemma_596" xlink:href="#tok_596"/><!-- ⲛⲟⲩⲧⲉ -->
<mark id="lemma_597" xlink:href="#tok_597"/><!-- ⲡⲉ -->
<mark id="lemma_598" xlink:href="#tok_598"/><!-- . -->
</markList>
</paula>
