<?xml version='1.0' encoding='UTF-8'?><!DOCTYPE paula SYSTEM "paula_feat.dtd">
<paula version="1.1">
	<header paula_id="scriptorium.life.cyrus.02.mark_new_sent"/>
	<featList xmlns:xlink="http://www.w3.org/1999/xlink" type="new_sent" xml:base="scriptorium.life.cyrus.02.mark.xml">
		<feat xlink:href="#sSpan2" value="true"/>
		<feat xlink:href="#sSpan53" value="true"/>
		<feat xlink:href="#sSpan114" value="true"/>
		<feat xlink:href="#sSpan163" value="true"/>
		<feat xlink:href="#sSpan238" value="true"/>
		<feat xlink:href="#sSpan322" value="true"/>
		<feat xlink:href="#sSpan413" value="true"/>
		<feat xlink:href="#sSpan494" value="true"/>
		<feat xlink:href="#sSpan559" value="true"/>
		<feat xlink:href="#sSpan586" value="true"/>
		<feat xlink:href="#sSpan662" value="true"/>
		<feat xlink:href="#sSpan773" value="true"/>
		<feat xlink:href="#sSpan884" value="true"/>
		<feat xlink:href="#sSpan1007" value="true"/>
		<feat xlink:href="#sSpan1233" value="true"/>
		<feat xlink:href="#sSpan1366" value="true"/>
		<feat xlink:href="#sSpan1410" value="true"/>
		<feat xlink:href="#sSpan1526" value="true"/>
		<feat xlink:href="#sSpan1636" value="true"/>
		<feat xlink:href="#sSpan1667" value="true"/>
		<feat xlink:href="#sSpan1722" value="true"/>
		<feat xlink:href="#sSpan1782" value="true"/>
		<feat xlink:href="#sSpan1830" value="true"/>
		<feat xlink:href="#sSpan1892" value="true"/>
		<feat xlink:href="#sSpan1985" value="true"/>
		<feat xlink:href="#sSpan2085" value="true"/>
		<feat xlink:href="#sSpan2225" value="true"/>
		<feat xlink:href="#sSpan2344" value="true"/>
		<feat xlink:href="#sSpan2389" value="true"/>
		<feat xlink:href="#sSpan2514" value="true"/>
		<feat xlink:href="#sSpan2622" value="true"/>
		<feat xlink:href="#sSpan2810" value="true"/>
		<feat xlink:href="#sSpan2956" value="true"/>
		<feat xlink:href="#sSpan3096" value="true"/>
		<feat xlink:href="#sSpan3164" value="true"/>
		<feat xlink:href="#sSpan3347" value="true"/>
		<feat xlink:href="#sSpan3575" value="true"/>
		<feat xlink:href="#sSpan3720" value="true"/>
		<feat xlink:href="#sSpan3833" value="true"/>
		<feat xlink:href="#sSpan3880" value="true"/>
		<feat xlink:href="#sSpan3921" value="true"/>
		<feat xlink:href="#sSpan3983" value="true"/>
		<feat xlink:href="#sSpan4025" value="true"/>
		<feat xlink:href="#sSpan4115" value="true"/>
		<feat xlink:href="#sSpan4161" value="true"/>
		<feat xlink:href="#sSpan4312" value="true"/>
		<feat xlink:href="#sSpan4351" value="true"/>
		<feat xlink:href="#sSpan4526" value="true"/>
		<feat xlink:href="#sSpan4575" value="true"/>
		<feat xlink:href="#sSpan4614" value="true"/>
		<feat xlink:href="#sSpan4675" value="true"/>
		<feat xlink:href="#sSpan4720" value="true"/>
		<feat xlink:href="#sSpan4861" value="true"/>
		<feat xlink:href="#sSpan4906" value="true"/>
		<feat xlink:href="#sSpan4987" value="true"/></featList></paula>