<?xml version='1.0' encoding='UTF-8'?><!DOCTYPE paula SYSTEM "paula_feat.dtd">
<paula version="1.1">
	<header paula_id="scriptorium.life.cyrus.02.mark_norm_group"/>
	<featList xmlns:xlink="http://www.w3.org/1999/xlink" type="norm_group" xml:base="scriptorium.life.cyrus.02.mark.xml">
		<feat xlink:href="#sSpan4" value="ⲉⲡⲉⲓⲇⲏ"/>
		<feat xlink:href="#sSpan14" value="ⲉⲣⲉⲡⲉⲓϩⲱⲃ"/>
		<feat xlink:href="#sSpan23" value="ⲕⲏ"/>
		<feat xlink:href="#sSpan27" value="ⲉϩⲣⲁⲓ"/>
		<feat xlink:href="#sSpan31" value="ⲉⲩⲟⲓⲕⲟⲛⲟⲙⲓⲁ"/>
		<feat xlink:href="#sSpan41" value="ⲛⲧⲉⲡⲛⲟⲩⲧⲉ"/>
		<feat xlink:href="#sSpan51" value="·"/>
		<feat xlink:href="#sSpan55" value="ⲧⲉⲛⲟⲩ"/>
		<feat xlink:href="#sSpan62" value="ⲇⲉ"/>
		<feat xlink:href="#sSpan66" value="ⲉⲓⲥ"/>
		<feat xlink:href="#sSpan71" value="ⲡⲁⲟⲩⲱϣ"/>
		<feat xlink:href="#sSpan77" value="ⲁⲡⲛⲟⲩⲧⲉ"/>
		<feat xlink:href="#sSpan86" value="ϫⲟⲕϥ"/>
		<feat xlink:href="#sSpan92" value="ⲛⲁⲓ"/>
		<feat xlink:href="#sSpan99" value="ⲉⲃⲟⲗ"/>
		<feat xlink:href="#sSpan103" value="ⲙⲡϩⲟⲟⲩ"/>
		<feat xlink:href="#sSpan112" value="·"/>
		<feat xlink:href="#sSpan116" value="ⲡⲉϫⲁⲓ"/>
		<feat xlink:href="#sSpan124" value="ⲛⲁϥ"/>
		<feat xlink:href="#sSpan130" value="ϫⲉⲁⲣⲁ"/>
		<feat xlink:href="#sSpan138" value="ⲡⲁⲥⲟⲛ"/>
		<feat xlink:href="#sSpan144" value="ⲟⲩⲛⲥⲟⲛ"/>
		<feat xlink:href="#sSpan152" value="ⲙⲡⲉⲕϩⲟⲩⲛ"/>
		<feat xlink:href="#sSpan161" value="·"/>
		<feat xlink:href="#sSpan165" value="ⲡⲉϫⲁϥ"/>
		<feat xlink:href="#sSpan173" value="ⲛⲁⲓ"/>
		<feat xlink:href="#sSpan179" value="ϫⲉⲙⲛⲗⲁⲁⲩ"/>
		<feat xlink:href="#sSpan188" value="ⲙⲡⲁϩⲟⲩⲛ"/>
		<feat xlink:href="#sSpan198" value="ⲛⲥⲁⲡⲕⲁⲕⲉ"/>
		<feat xlink:href="#sSpan207" value="ⲙⲛⲛⲕⲟⲗⲁⲥⲓⲥ"/>
		<feat xlink:href="#sSpan217" value="ⲉⲣⲉⲛⲣⲉϥⲣⲛⲟⲃⲉ"/>
		<feat xlink:href="#sSpan230" value="ⲛϩⲏⲧⲟⲩ"/>
		<feat xlink:href="#sSpan236" value="·"/>
		<feat xlink:href="#sSpan240" value="ϩⲙⲟⲟⲥ"/>
		<feat xlink:href="#sSpan246" value="ⲛⲁⲕ"/>
		<feat xlink:href="#sSpan252" value="ⲙⲡⲉⲓⲙⲁ"/>
		<feat xlink:href="#sSpan263" value="ⲱ"/>
		<feat xlink:href="#sSpan268" value="ⲡⲁⲥⲟⲛ"/>
		<feat xlink:href="#sSpan275" value="·"/>
		<feat xlink:href="#sSpan279" value="ⲙⲡⲉⲓⲛⲁⲩ"/>
		<feat xlink:href="#sSpan288" value="·"/>
		<feat xlink:href="#sSpan292" value="ⲁⲩⲱ"/>
		<feat xlink:href="#sSpan296" value="ⲕⲛⲁⲛⲁⲩ"/>
		<feat xlink:href="#sSpan304" value="ⲉϩⲉⲛⲛⲟϭ"/>
		<feat xlink:href="#sSpan313" value="ⲛϣⲡⲏⲣⲉ"/>
		<feat xlink:href="#sSpan320" value="·"/>
		<feat xlink:href="#sSpan324" value="ⲛⲉⲧⲉⲩϣⲏ"/>
		<feat xlink:href="#sSpan336" value="ⲅⲁⲣ"/>
		<feat xlink:href="#sSpan340" value="ⲛⲧⲕⲩⲣⲓⲁⲕⲏ"/>
		<feat xlink:href="#sSpan350" value="ⲡⲉ"/>
		<feat xlink:href="#sSpan354" value="ⲡⲉϩⲟⲟⲩ"/>
		<feat xlink:href="#sSpan361" value="ⲉⲧⲙⲙⲁⲩ"/>
		<feat xlink:href="#sSpan368" value="·"/>
		<feat xlink:href="#sSpan372" value="ϩⲙⲡⲧⲣⲉⲡⲟⲩⲟⲉⲓⲛ"/>
		<feat xlink:href="#sSpan387" value="ⲇⲉ"/>
		<feat xlink:href="#sSpan391" value="ⲛⲧⲕⲩⲣⲓⲁⲕⲏ"/>
		<feat xlink:href="#sSpan401" value="ⲥⲱⲣ"/>
		<feat xlink:href="#sSpan407" value="ⲉⲃⲟⲗ"/>
		<feat xlink:href="#sSpan411" value="·"/>
		<feat xlink:href="#sSpan415" value="ⲁⲓⲥⲱⲧⲙ"/>
		<feat xlink:href="#sSpan425" value="ⲉϩⲉⲛϩⲣⲟⲟⲩ"/>
		<feat xlink:href="#sSpan434" value="ⲉⲩⲱϣ"/>
		<feat xlink:href="#sSpan443" value="ⲉⲃⲟⲗ"/>
		<feat xlink:href="#sSpan447" value="ϫⲉⲧⲉⲕⲁⲅⲁⲡⲏ"/>
		<feat xlink:href="#sSpan458" value="ϣⲏⲡ"/>
		<feat xlink:href="#sSpan463" value="ⲡⲉⲭⲣⲓⲥⲧⲟⲥ"/>
		<feat xlink:href="#sSpan470" value="ϫⲉⲁⲕⲣⲡⲛⲁ"/>
		<feat xlink:href="#sSpan486" value="ⲛⲙⲙⲁⲛ"/>
		<feat xlink:href="#sSpan492" value="·"/>
		<feat xlink:href="#sSpan496" value="ⲁⲛⲟⲕ"/>
		<feat xlink:href="#sSpan504" value="ⲇⲉ"/>
		<feat xlink:href="#sSpan508" value="ⲡⲉϫⲁⲓ"/>
		<feat xlink:href="#sSpan514" value="ⲛⲁϥ"/>
		<feat xlink:href="#sSpan520" value="ϫⲉⲡⲁⲙⲉⲣⲓⲧ"/>
		<feat xlink:href="#sSpan529" value="ⲛⲉⲓⲱⲧ"/>
		<feat xlink:href="#sSpan535" value="ⲉⲛⲣⲟⲩ"/>
		<feat xlink:href="#sSpan546" value="·"/>
		<feat xlink:href="#sSpan550" value="ϩⲓⲛⲁⲓ"/>
		<feat xlink:href="#sSpan557" value="·"/>
		<feat xlink:href="#sSpan561" value="ⲉⲣⲉⲡⲧⲟⲟⲩ"/>
		<feat xlink:href="#sSpan572" value="ⲛⲁⲥⲱϩⲙ"/>
		<feat xlink:href="#sSpan578" value="ϩⲁⲣⲟⲛ"/>
		<feat xlink:href="#sSpan584" value="⁛—"/>
		<feat xlink:href="#sSpan588" value="ⲡⲉϫⲁϥ"/>
		<feat xlink:href="#sSpan598" value="ⲛⲁⲓ"/>
		<feat xlink:href="#sSpan604" value="ϫⲉⲙⲡⲣⲣϩⲟⲧⲉ"/>
		<feat xlink:href="#sSpan615" value="ⲡⲁϣⲏⲣⲉ"/>
		<feat xlink:href="#sSpan621" value="·"/>
		<feat xlink:href="#sSpan625" value="ⲛⲧⲁⲡⲛⲟⲩⲧⲉ"/>
		<feat xlink:href="#sSpan636" value="ⲉⲓ"/>
		<feat xlink:href="#sSpan642" value="ⲉⲡⲉⲥⲏⲧ"/>
		<feat xlink:href="#sSpan650" value="ⲉϫⲛⲛⲕⲟⲗⲁⲥⲓⲥ"/>
		<feat xlink:href="#sSpan660" value="·"/>
		<feat xlink:href="#sSpan664" value="ⲁϥⲟⲩⲉϩⲥⲁϩⲛⲉ"/>
		<feat xlink:href="#sSpan676" value="ⲛⲛϯⲙⲱⲣⲓⲥⲧⲏⲥ"/>
		<feat xlink:href="#sSpan688" value="·"/>
		<feat xlink:href="#sSpan692" value="ⲉⲧⲧⲟ"/>
		<feat xlink:href="#sSpan698" value="ⲉⲛⲉⲯⲩⲭⲟⲟⲩⲉ"/>
		<feat xlink:href="#sSpan708" value="ⲉⲧⲣⲉⲩϯⲁⲛⲁⲡⲁⲩⲥⲓⲥ"/>
		<feat xlink:href="#sSpan722" value="ⲛⲁⲩ"/>
		<feat xlink:href="#sSpan728" value="ϫⲉⲧⲕⲩⲣⲓⲁⲕⲏ"/>
		<feat xlink:href="#sSpan738" value="ⲧⲉ"/>
		<feat xlink:href="#sSpan742" value="ⲁⲩⲱ"/>
		<feat xlink:href="#sSpan746" value="ⲧⲁⲛⲁⲥⲧⲁⲥⲓⲥ"/>
		<feat xlink:href="#sSpan754" value="ⲙⲡϫⲟⲉⲓⲥ"/>
		<feat xlink:href="#sSpan765" value="ⲡⲟⲟⲩ"/>
		<feat xlink:href="#sSpan771" value="·"/>
		<feat xlink:href="#sSpan775" value="ⲡⲉϫⲁϥ"/>
		<feat xlink:href="#sSpan783" value="ⲛⲁⲓ"/>
		<feat xlink:href="#sSpan789" value="ⲟⲛ"/>
		<feat xlink:href="#sSpan793" value="ϫⲉϩⲁⲡⲥ"/>
		<feat xlink:href="#sSpan799" value="ⲡⲉ"/>
		<feat xlink:href="#sSpan803" value="ⲉⲧⲣⲉⲡⲉⲭⲣⲓⲥⲧⲟⲥ"/>
		<feat xlink:href="#sSpan816" value="ⲉⲓ"/>
		<feat xlink:href="#sSpan821" value="ⲉⲡⲉⲓⲙⲁ"/>
		<feat xlink:href="#sSpan830" value="ⲙⲡϩⲟⲟⲩ"/>
		<feat xlink:href="#sSpan840" value="ⲕⲁⲧⲁⲧⲉϥⲥⲩⲛⲏⲑⲓⲁ"/>
		<feat xlink:href="#sSpan849" value="·"/>
		<feat xlink:href="#sSpan853" value="ⲧⲁⲁⲥⲡⲁⲍⲉ"/>
		<feat xlink:href="#sSpan861" value="ⲙⲙⲟϥ"/>
		<feat xlink:href="#sSpan867" value="ⲛⲧⲁⲡⲣⲟ"/>
		<feat xlink:href="#sSpan874" value="ϩⲓⲧⲁⲡⲣⲟ"/>
		<feat xlink:href="#sSpan881" value="·"/>
		<feat xlink:href="#sSpan886" value="ⲉⲧⲓ"/>
		<feat xlink:href="#sSpan893" value="ⲇⲉ"/>
		<feat xlink:href="#sSpan897" value="ⲉϥϫⲱ"/>
		<feat xlink:href="#sSpan906" value="ⲛⲛⲁⲓ"/>
		<feat xlink:href="#sSpan913" value="ⲉⲓⲥ"/>
		<feat xlink:href="#sSpan918" value="ⲡⲉⲭⲣⲓⲥⲧⲟⲥ"/>
		<feat xlink:href="#sSpan925" value="ⲁϥⲟⲩⲱⲛ"/>
		<feat xlink:href="#sSpan933" value="ⲙⲡⲣⲟ"/>
		<feat xlink:href="#sSpan942" value="ⲙⲡⲕⲁⲧⲁⲅⲓⲟⲛ"/>
		<feat xlink:href="#sSpan952" value="·"/>
		<feat xlink:href="#sSpan956" value="ⲁϥⲉⲓ"/>
		<feat xlink:href="#sSpan965" value="ⲉϩⲟⲩⲛ"/>
		<feat xlink:href="#sSpan969" value="·"/>
		<feat xlink:href="#sSpan973" value="ⲁⲩⲱ"/>
		<feat xlink:href="#sSpan977" value="ⲛⲧⲉⲩⲛⲟⲩ"/>
		<feat xlink:href="#sSpan985" value="ⲁⲡⲣⲟ"/>
		<feat xlink:href="#sSpan994" value="ⲟⲩⲱⲛ"/>
		<feat xlink:href="#sSpan998" value="ⲙⲁⲩⲁⲁϥ"/>
		<feat xlink:href="#sSpan1005" value="⁛"/>
		<feat xlink:href="#sSpan1009" value="ⲁⲩⲱ"/>
		<feat xlink:href="#sSpan1015" value="ⲛⲧⲉⲣϥⲉⲓ"/>
		<feat xlink:href="#sSpan1025" value="ⲉϩⲟⲩⲛ"/>
		<feat xlink:href="#sSpan1030" value="ⲡⲓⲥⲧⲉⲩⲉ"/>
		<feat xlink:href="#sSpan1034" value="ⲛⲁⲓ"/>
		<feat xlink:href="#sSpan1041" value="ⲛⲁⲥⲛⲏⲩ"/>
		<feat xlink:href="#sSpan1048" value="ⲁⲩⲱ"/>
		<feat xlink:href="#sSpan1053" value="ⲛⲁⲉⲓⲟⲟⲧⲉ"/>
		<feat xlink:href="#sSpan1059" value="·"/>
		<feat xlink:href="#sSpan1063" value="ⲁⲛⲟⲕ"/>
		<feat xlink:href="#sSpan1067" value="ⲡⲁⲙⲃⲱ"/>
		<feat xlink:href="#sSpan1073" value="ⲡⲉⲓⲉⲗⲁⲭⲓⲥⲧⲟⲥ"/>
		<feat xlink:href="#sSpan1081" value="ⲁⲓⲛⲁⲩ"/>
		<feat xlink:href="#sSpan1089" value="ⲉⲡⲉⲭⲣⲓⲥⲧⲟⲥ"/>
		<feat xlink:href="#sSpan1100" value="ⲉⲁϥϯ"/>
		<feat xlink:href="#sSpan1110" value="ⲙⲡⲉϥⲟⲩⲟⲓ"/>
		<feat xlink:href="#sSpan1118" value="ⲉϩⲟⲩⲛ"/>
		<feat xlink:href="#sSpan1122" value="ⲉⲡⲥⲟⲛ"/>
		<feat xlink:href="#sSpan1132" value="ⲉⲧⲙⲙⲁⲩ"/>
		<feat xlink:href="#sSpan1138" value="ⲁϥⲁⲥⲡⲁⲍⲉ"/>
		<feat xlink:href="#sSpan1147" value="ⲙⲙⲟϥ"/>
		<feat xlink:href="#sSpan1153" value="ⲛⲧⲁⲡⲣⲟ"/>
		<feat xlink:href="#sSpan1160" value="ϩⲓⲧⲁⲡⲣⲟ"/>
		<feat xlink:href="#sSpan1168" value="·"/>
		<feat xlink:href="#sSpan1172" value="ⲛⲧϩⲉ"/>
		<feat xlink:href="#sSpan1180" value="ⲛⲟⲩⲥⲟⲛ"/>
		<feat xlink:href="#sSpan1189" value="ⲛⲧⲁϥⲉⲓ"/>
		<feat xlink:href="#sSpan1199" value="ϩⲓⲡϣⲙⲙⲟ"/>
		<feat xlink:href="#sSpan1208" value="·"/>
		<feat xlink:href="#sSpan1212" value="ⲁϥⲁⲡⲁⲛⲧⲁ"/>
		<feat xlink:href="#sSpan1222" value="ⲉⲡⲉϥϣⲃⲏⲣ"/>
		<feat xlink:href="#sSpan1231" value="·"/>
		<feat xlink:href="#sSpan1235" value="ⲁⲛⲟⲕ"/>
		<feat xlink:href="#sSpan1242" value="ⲇⲉ"/>
		<feat xlink:href="#sSpan1246" value="ⲡⲁⲙⲃⲱ"/>
		<feat xlink:href="#sSpan1252" value="ⲡⲉⲓⲉⲗⲁⲭⲓⲥⲧⲟⲥ"/>
		<feat xlink:href="#sSpan1259" value="ⲙⲡⲉⲓⲣⲡⲙⲡϣⲁ"/>
		<feat xlink:href="#sSpan1275" value="ⲉⲧⲣϥⲁⲥⲡⲁⲍⲉ"/>
		<feat xlink:href="#sSpan1286" value="ⲙⲙⲟⲓ"/>
		<feat xlink:href="#sSpan1292" value="ⲙⲡⲛⲁⲩ"/>
		<feat xlink:href="#sSpan1301" value="ⲉⲧⲙⲙⲁⲩ"/>
		<feat xlink:href="#sSpan1309" value="ⲁⲗⲗⲁ"/>
		<feat xlink:href="#sSpan1313" value="ⲁϥⲉⲓ"/>
		<feat xlink:href="#sSpan1322" value="ⲉⲃⲟⲗ"/>
		<feat xlink:href="#sSpan1326" value="ϩⲓⲧⲟⲟⲧⲛ"/>
		<feat xlink:href="#sSpan1332" value="ⲙⲡⲉⲛⲉⲓⲙⲉ"/>
		<feat xlink:href="#sSpan1340" value="·"/>
		<feat xlink:href="#sSpan1344" value="ϫⲉⲛⲧⲁϥⲃⲱⲕ"/>
		<feat xlink:href="#sSpan1358" value="ⲉⲧⲱⲛ"/>
		<feat xlink:href="#sSpan1364" value="·"/>
		<feat xlink:href="#sSpan1368" value="ⲁⲛⲟⲕ"/>
		<feat xlink:href="#sSpan1375" value="ⲇⲉ"/>
		<feat xlink:href="#sSpan1379" value="ⲛⲉⲓⲙⲉⲉⲩⲉ"/>
		<feat xlink:href="#sSpan1387" value="ϫⲉⲟⲩⲥⲟⲛ"/>
		<feat xlink:href="#sSpan1397" value="ⲙⲙⲟⲛⲁⲭⲟⲥ"/>
		<feat xlink:href="#sSpan1404" value="ⲡⲉ"/>
		<feat xlink:href="#sSpan1408" value="·"/>
		<feat xlink:href="#sSpan1412" value="ⲡⲉϫⲁⲓ"/>
		<feat xlink:href="#sSpan1420" value="ⲛⲁϥ"/>
		<feat xlink:href="#sSpan1426" value="ϫⲉⲡⲁⲙⲉⲣⲓⲧ"/>
		<feat xlink:href="#sSpan1435" value="ⲛⲉⲓⲱⲧ"/>
		<feat xlink:href="#sSpan1443" value="ⲙⲏ"/>
		<feat xlink:href="#sSpan1447" value="ⲙⲡⲉⲕϫⲟⲟⲥ"/>
		<feat xlink:href="#sSpan1457" value="ⲛⲁⲓ"/>
		<feat xlink:href="#sSpan1463" value="ϫⲉⲙⲡⲉⲓⲛⲁⲩ"/>
		<feat xlink:href="#sSpan1473" value="ⲉⲣⲙⲛⲥⲁⲣⲝ"/>
		<feat xlink:href="#sSpan1485" value="·"/>
		<feat xlink:href="#sSpan1489" value="ⲉϥⲛⲏⲩ"/>
		<feat xlink:href="#sSpan1497" value="ϣⲁⲣⲟⲓ"/>
		<feat xlink:href="#sSpan1503" value="ⲉⲡⲉⲓⲙⲁ"/>
		<feat xlink:href="#sSpan1512" value="·"/>
		<feat xlink:href="#sSpan1516" value="ⲛⲥⲁⲃⲗⲗⲁⲕ"/>
		<feat xlink:href="#sSpan1523" value="ⲙⲙⲁⲧⲉ"/>
		<feat xlink:href="#sSpan1528" value="ⲡⲗⲏⲛ"/>
		<feat xlink:href="#sSpan1536" value="ⲙⲁⲧⲁⲙⲟⲓ"/>
		<feat xlink:href="#sSpan1544" value="ϫⲉⲛⲓⲙ"/>
		<feat xlink:href="#sSpan1550" value="ⲡⲉ"/>
		<feat xlink:href="#sSpan1554" value="ⲡⲉⲓⲥⲟⲛ"/>
		<feat xlink:href="#sSpan1561" value="ⲙⲙⲟⲛⲁⲭⲟⲥ"/>
		<feat xlink:href="#sSpan1568" value="·"/>
		<feat xlink:href="#sSpan1572" value="ⲛⲧⲁϥⲉⲓ"/>
		<feat xlink:href="#sSpan1584" value="ⲉϩⲟⲩⲛ"/>
		<feat xlink:href="#sSpan1588" value="ⲁϥⲁⲥⲡⲁⲍⲉ"/>
		<feat xlink:href="#sSpan1597" value="ⲙⲙⲟⲕ"/>
		<feat xlink:href="#sSpan1603" value="ⲙⲡⲓⲙⲡϣⲁ"/>
		<feat xlink:href="#sSpan1612" value="ⲁⲛⲟⲕ"/>
		<feat xlink:href="#sSpan1617" value="ⲉⲧⲣϥⲁⲥⲡⲁⲍⲉ"/>
		<feat xlink:href="#sSpan1628" value="ⲙⲙⲟⲓ"/>
		<feat xlink:href="#sSpan1634" value="·"/>
		<feat xlink:href="#sSpan1638" value="ⲡⲉϫⲁϥ"/>
		<feat xlink:href="#sSpan1646" value="ⲛⲁⲓ"/>
		<feat xlink:href="#sSpan1652" value="ϫⲉⲙⲡⲉⲕⲥⲟⲩⲱⲛϥ"/>
		<feat xlink:href="#sSpan1665" value="·"/>
		<feat xlink:href="#sSpan1669" value="ⲡⲉϫⲁⲓ"/>
		<feat xlink:href="#sSpan1677" value="ⲛⲁϥ"/>
		<feat xlink:href="#sSpan1683" value="ϫⲉⲙⲡⲉ"/>
		<feat xlink:href="#sSpan1689" value="ⲡⲁⲉⲓⲱⲧ"/>
		<feat xlink:href="#sSpan1695" value="ⲉⲓⲛⲁⲥⲟⲩⲱⲛϥ"/>
		<feat xlink:href="#sSpan1708" value="ⲛⲁϣ"/>
		<feat xlink:href="#sSpan1714" value="ⲛϩⲉ"/>
		<feat xlink:href="#sSpan1720" value="·"/>
		<feat xlink:href="#sSpan1724" value="ⲡⲉϫⲁϥ"/>
		<feat xlink:href="#sSpan1732" value="ⲛⲁⲓ"/>
		<feat xlink:href="#sSpan1738" value="ϫⲉⲡⲁⲓ"/>
		<feat xlink:href="#sSpan1745" value="ⲡⲉ"/>
		<feat xlink:href="#sSpan1750" value="ⲡϫⲟⲉⲓⲥ"/>
		<feat xlink:href="#sSpan1757" value="ⲛⲛⲁⲧⲡⲉ"/>
		<feat xlink:href="#sSpan1769" value="ⲙⲛⲛⲁⲡⲕⲁϩ"/>
		<feat xlink:href="#sSpan1780" value="·"/>
		<feat xlink:href="#sSpan1785" value="ⲡⲁⲓ"/>
		<feat xlink:href="#sSpan1791" value="ⲡⲉ"/>
		<feat xlink:href="#sSpan1795" value="ⲡϣⲏⲣⲉ"/>
		<feat xlink:href="#sSpan1802" value="ⲙⲙⲁⲣⲓⲁ"/>
		<feat xlink:href="#sSpan1811" value="ⲛⲧⲡⲁⲣⲑⲉⲛⲟⲥ"/>
		<feat xlink:href="#sSpan1822" value="ⲉⲧⲟⲩⲁⲁⲃ"/>
		<feat xlink:href="#sSpan1828" value="·"/>
		<feat xlink:href="#sSpan1832" value="ⲡⲁⲓ"/>
		<feat xlink:href="#sSpan1839" value="ⲡⲉⲧⲙⲟⲩϩ"/>
		<feat xlink:href="#sSpan1847" value="ⲛⲧⲉⲣⲏⲙⲟⲥ"/>
		<feat xlink:href="#sSpan1856" value="ⲉⲧϣⲟⲟⲡ"/>
		<feat xlink:href="#sSpan1863" value="ⲙⲛⲟⲩⲟⲛ"/>
		<feat xlink:href="#sSpan1871" value="ⲛⲓⲙ"/>
		<feat xlink:href="#sSpan1875" value="ⲉⲧⲛⲁⲉⲡⲓⲕⲁⲗⲉⲓ"/>
		<feat xlink:href="#sSpan1884" value="ⲙⲙⲟϥ"/>
		<feat xlink:href="#sSpan1890" value="·"/>
		<feat xlink:href="#sSpan1894" value="ⲡⲉϫⲁϥ"/>
		<feat xlink:href="#sSpan1902" value="ⲛⲁⲓ"/>
		<feat xlink:href="#sSpan1908" value="ⲟⲛ"/>
		<feat xlink:href="#sSpan1913" value="ϫⲉⲁⲩⲛⲟϭ"/>
		<feat xlink:href="#sSpan1925" value="ⲙⲡⲣⲟⲫⲏⲧⲏⲥ"/>
		<feat xlink:href="#sSpan1932" value="ⲁⲩⲱ"/>
		<feat xlink:href="#sSpan1936" value="ⲛⲁⲣⲭⲓⲙⲁⲛⲇⲣⲓⲧⲏⲥ"/>
		<feat xlink:href="#sSpan1944" value="ⲙⲧⲟⲛ"/>
		<feat xlink:href="#sSpan1948" value="ⲙⲙⲟϥ"/>
		<feat xlink:href="#sSpan1954" value="ⲙⲡϩⲟⲟⲩ"/>
		<feat xlink:href="#sSpan1963" value="ⲉⲧⲉⲁⲡⲁ"/>
		<feat xlink:href="#sSpan1970" value="ϣⲉⲛⲟⲩⲧⲉ"/>
		<feat xlink:href="#sSpan1974" value="ⲡⲉⲡⲣⲉⲥⲃⲩⲧⲉⲣⲟⲥ"/>
		<feat xlink:href="#sSpan1982" value="·"/>
		<feat xlink:href="#sSpan1987" value="ⲟⲛⲧⲱⲥ"/>
		<feat xlink:href="#sSpan1993" value="ⲁⲡⲕⲟⲥⲙⲟⲥ"/>
		<feat xlink:href="#sSpan2003" value="ⲧⲏⲣϥ"/>
		<feat xlink:href="#sSpan2010" value="ϯⲟⲥⲉ"/>
		<feat xlink:href="#sSpan2015" value="ⲙⲡϩⲟⲟⲩ"/>
		<feat xlink:href="#sSpan2025" value="ⲛⲟⲩⲛⲟϭ"/>
		<feat xlink:href="#sSpan2034" value="ⲛⲣⲉϥϯⲥⲃⲱ"/>
		<feat xlink:href="#sSpan2043" value="ⲛⲉⲥⲟⲩⲥⲁϣϥ"/>
		<feat xlink:href="#sSpan2053" value="ⲅⲁⲣ"/>
		<feat xlink:href="#sSpan2057" value="ⲛⲉⲡⲏⲡ"/>
		<feat xlink:href="#sSpan2066" value="ⲡⲉ"/>
		<feat xlink:href="#sSpan2070" value="ⲡⲉϩⲟⲟⲩ"/>
		<feat xlink:href="#sSpan2077" value="ⲉⲧⲙⲙⲁⲩ"/>
		<feat xlink:href="#sSpan2083" value="·"/>
		<feat xlink:href="#sSpan2087" value="ⲡⲉϫⲁϥ"/>
		<feat xlink:href="#sSpan2095" value="ⲟⲛ"/>
		<feat xlink:href="#sSpan2099" value="ⲛⲁⲓ"/>
		<feat xlink:href="#sSpan2105" value="ϫⲉⲡⲁⲓ"/>
		<feat xlink:href="#sSpan2112" value="ⲡⲉ"/>
		<feat xlink:href="#sSpan2118" value="ⲡⲣⲱⲙⲉ"/>
		<feat xlink:href="#sSpan2124" value="ⲙⲡⲉϥⲛⲕⲟⲧⲕ"/>
		<feat xlink:href="#sSpan2133" value="ⲟⲩⲇⲉ"/>
		<feat xlink:href="#sSpan2137" value="ⲙⲡⲉϥⲱⲃϣ"/>
		<feat xlink:href="#sSpan2146" value="ⲟⲩⲇⲉ"/>
		<feat xlink:href="#sSpan2150" value="ⲙⲡⲉϥϫⲓⲣⲉⲕⲣⲓⲕⲉ"/>
		<feat xlink:href="#sSpan2162" value="ϣⲁⲛⲧⲉϥϭⲛⲟⲩⲙⲁ"/>
		<feat xlink:href="#sSpan2175" value="ⲙⲡϫⲟⲉⲓⲥ"/>
		<feat xlink:href="#sSpan2184" value="ⲟⲩⲙⲁ"/>
		<feat xlink:href="#sSpan2191" value="ⲛϣⲱⲡⲉ"/>
		<feat xlink:href="#sSpan2197" value="ⲙⲡⲛⲟⲩⲧⲉ"/>
		<feat xlink:href="#sSpan2206" value="ⲛⲓⲁⲕⲱⲃ"/>
		<feat xlink:href="#sSpan2215" value="ⲡⲉϥⲃⲟⲏⲑⲟⲥ"/>
		<feat xlink:href="#sSpan2222" value="·"/>
		<feat xlink:href="#sSpan2227" value="ⲟⲛⲧⲱⲥ"/>
		<feat xlink:href="#sSpan2235" value="ⲡⲁⲓ"/>
		<feat xlink:href="#sSpan2239" value="ⲙⲓϣⲉ"/>
		<feat xlink:href="#sSpan2244" value="ⲕⲁⲗⲱⲥ"/>
		<feat xlink:href="#sSpan2248" value="ⲁϥϫⲣⲟ"/>
		<feat xlink:href="#sSpan2256" value="ⲉⲡⲇⲓⲁⲃⲟⲗⲟⲥ"/>
		<feat xlink:href="#sSpan2266" value="ϩⲙⲡⲕⲟⲥⲙⲟⲥ"/>
		<feat xlink:href="#sSpan2277" value="ⲁϥⲃⲱⲕ"/>
		<feat xlink:href="#sSpan2286" value="ⲉⲣⲁⲧϥ"/>
		<feat xlink:href="#sSpan2292" value="ⲙⲡⲉϥϫⲟⲉⲓⲥ"/>
		<feat xlink:href="#sSpan2301" value="ⲉϥⲟ"/>
		<feat xlink:href="#sSpan2309" value="ⲛⲧⲉⲗⲉⲓⲟⲥ"/>
		<feat xlink:href="#sSpan2318" value="ϩⲛⲧⲙⲛⲧⲣⲣⲟ"/>
		<feat xlink:href="#sSpan2329" value="·"/>
		<feat xlink:href="#sSpan2333" value="ⲛⲙⲡⲏⲩⲉ"/>
		<feat xlink:href="#sSpan2342" value="·"/>
		<feat xlink:href="#sSpan2346" value="ⲉⲣⲉⲛⲉϥⲥⲙⲟⲩ"/>
		<feat xlink:href="#sSpan2356" value="ⲙⲛⲛⲉϥϣⲗⲏⲗ"/>
		<feat xlink:href="#sSpan2365" value="·"/>
		<feat xlink:href="#sSpan2369" value="ⲛⲁϣⲱⲡⲉ"/>
		<feat xlink:href="#sSpan2375" value="ⲛⲙⲙⲁⲛ"/>
		<feat xlink:href="#sSpan2383" value="ϩⲁⲙⲏⲛ"/>
		<feat xlink:href="#sSpan2387" value="·"/>
		<feat xlink:href="#sSpan2391" value="ⲡⲉϫⲁϥ"/>
		<feat xlink:href="#sSpan2401" value="ⲛⲁⲓ"/>
		<feat xlink:href="#sSpan2407" value="ⲟⲛ"/>
		<feat xlink:href="#sSpan2411" value="ϫⲉⲡⲁⲙⲉⲣⲓⲧ"/>
		<feat xlink:href="#sSpan2421" value="ⲛⲥⲟⲛ"/>
		<feat xlink:href="#sSpan2427" value="ⲡⲁⲙⲃⲱ"/>
		<feat xlink:href="#sSpan2431" value="·"/>
		<feat xlink:href="#sSpan2435" value="ϯϣⲱⲛⲉ"/>
		<feat xlink:href="#sSpan2442" value="ⲙⲡϩⲟⲟⲩ"/>
		<feat xlink:href="#sSpan2451" value="ⲁⲣⲓⲧⲁⲅⲁⲡⲏ"/>
		<feat xlink:href="#sSpan2461" value="ⲛⲅϣⲗⲏⲗ"/>
		<feat xlink:href="#sSpan2469" value="ϩⲁⲣⲟⲓ"/>
		<feat xlink:href="#sSpan2475" value="ϣⲁⲛⲧⲓⲡⲁⲣⲁⲅⲉ"/>
		<feat xlink:href="#sSpan2485" value="·"/>
		<feat xlink:href="#sSpan2489" value="ⲛⲧⲉϩⲓⲏ"/>
		<feat xlink:href="#sSpan2498" value="ⲛϩⲟⲧⲉ"/>
		<feat xlink:href="#sSpan2505" value="ϩⲓⲥⲧⲱⲧ"/>
		<feat xlink:href="#sSpan2512" value="·"/>
		<feat xlink:href="#sSpan2516" value="ⲡⲉϫⲁⲓ"/>
		<feat xlink:href="#sSpan2524" value="ⲛⲁϥ"/>
		<feat xlink:href="#sSpan2531" value="·"/>
		<feat xlink:href="#sSpan2535" value="ϫⲉⲡⲁⲙⲉⲣⲓⲧ"/>
		<feat xlink:href="#sSpan2544" value="ⲛⲉⲓⲱⲧ"/>
		<feat xlink:href="#sSpan2550" value="ⲉⲓⲉ"/>
		<feat xlink:href="#sSpan2554" value="ⲕⲣ"/>
		<feat xlink:href="#sSpan2560" value="·"/>
		<feat xlink:href="#sSpan2564" value="ϩⲟⲧⲉ"/>
		<feat xlink:href="#sSpan2569" value="ϩⲱⲱⲕ"/>
		<feat xlink:href="#sSpan2575" value="ⲙⲛⲛⲥⲁϯⲁϣⲏ"/>
		<feat xlink:href="#sSpan2585" value="ⲛⲁⲥⲕⲏⲥⲓⲥ"/>
		<feat xlink:href="#sSpan2593" value="ⲛⲧⲁⲕϥⲓ"/>
		<feat xlink:href="#sSpan2603" value="ϩⲁⲣⲟⲟⲩ"/>
		<feat xlink:href="#sSpan2609" value="ϩⲙⲡⲕⲟⲥⲙⲟⲥ"/>
		<feat xlink:href="#sSpan2620" value="·"/>
		<feat xlink:href="#sSpan2624" value="ⲡⲉϫⲁϥ"/>
		<feat xlink:href="#sSpan2632" value="ⲛⲁⲓ"/>
		<feat xlink:href="#sSpan2638" value="ϫⲉⲛⲁⲥⲕⲏⲥⲓⲥ"/>
		<feat xlink:href="#sSpan2649" value="ⲙⲉⲛ"/>
		<feat xlink:href="#sSpan2654" value="ⲡⲣⲟⲥⲧϩⲉ"/>
		<feat xlink:href="#sSpan2663" value="ⲛⲧⲁⲡⲛⲟⲩⲧⲉ"/>
		<feat xlink:href="#sSpan2674" value="ⲧⲟϣⲥ"/>
		<feat xlink:href="#sSpan2680" value="ⲛⲁⲓ"/>
		<feat xlink:href="#sSpan2686" value="ⲁⲓⲣϩⲉⲛⲕⲟⲩⲓ"/>
		<feat xlink:href="#sSpan2699" value="·"/>
		<feat xlink:href="#sSpan2704" value="ⲁⲗⲗⲁ"/>
		<feat xlink:href="#sSpan2709" value="ⲉⲧⲃⲉⲟⲩ"/>
		<feat xlink:href="#sSpan2717" value="ⲛⲧⲛⲛⲁⲣϩⲟⲧⲉ"/>
		<feat xlink:href="#sSpan2729" value="ⲁⲛ"/>
		<feat xlink:href="#sSpan2733" value="ϩⲓⲧⲛⲧϭⲓⲛⲥⲏⲙⲁⲛⲉ"/>
		<feat xlink:href="#sSpan2745" value="ⲛⲁⲛ"/>
		<feat xlink:href="#sSpan2751" value="ϩⲓⲧⲛϩⲁϩ"/>
		<feat xlink:href="#sSpan2759" value="ⲙⲙⲛⲧⲣⲉ"/>
		<feat xlink:href="#sSpan2766" value="ϫⲉⲟⲩⲛⲟⲩⲓⲉⲣⲟ"/>
		<feat xlink:href="#sSpan2777" value="ⲛⲕⲱϩⲧ"/>
		<feat xlink:href="#sSpan2784" value="ⲛⲥⲱⲕ"/>
		<feat xlink:href="#sSpan2790" value="ϩⲓϩⲏ"/>
		<feat xlink:href="#sSpan2798" value="ⲙⲡⲉⲕⲣⲓⲧⲏⲥ"/>
		<feat xlink:href="#sSpan2808" value="·"/>
		<feat xlink:href="#sSpan2812" value="ⲁⲩⲱ"/>
		<feat xlink:href="#sSpan2818" value="ⲡⲓⲉⲣⲟ"/>
		<feat xlink:href="#sSpan2825" value="ⲉⲧⲙⲙⲁⲩ"/>
		<feat xlink:href="#sSpan2831" value="ϣⲁⲣⲉⲟⲩⲟⲛ"/>
		<feat xlink:href="#sSpan2840" value="ⲛⲓⲙ"/>
		<feat xlink:href="#sSpan2845" value="ⲇⲓⲁⲡⲉⲣⲁ"/>
		<feat xlink:href="#sSpan2849" value="ⲙⲙⲟϥ"/>
		<feat xlink:href="#sSpan2855" value="·"/>
		<feat xlink:href="#sSpan2860" value="ⲉⲓⲧⲉ"/>
		<feat xlink:href="#sSpan2866" value="ⲇⲓⲕⲁⲓⲟⲥ"/>
		<feat xlink:href="#sSpan2870" value="·"/>
		<feat xlink:href="#sSpan2875" value="ⲉⲓⲧⲉ"/>
		<feat xlink:href="#sSpan2881" value="ⲣⲉϥⲣⲛⲟⲃⲉ"/>
		<feat xlink:href="#sSpan2888" value="·"/>
		<feat xlink:href="#sSpan2892" value="ⲡⲉⲧⲉϣϣⲉ"/>
		<feat xlink:href="#sSpan2901" value="ⲡⲉ"/>
		<feat xlink:href="#sSpan2905" value="ⲉⲧⲣⲉⲕϣⲗⲏⲗ"/>
		<feat xlink:href="#sSpan2915" value="ϩⲁⲣⲟⲓ"/>
		<feat xlink:href="#sSpan2921" value="ϣⲁⲛⲧⲓⲡⲁⲣⲁⲅⲉ"/>
		<feat xlink:href="#sSpan2931" value="ⲛⲧⲉϩⲓⲏ"/>
		<feat xlink:href="#sSpan2940" value="ⲉⲧϩⲁϩⲟⲧⲉ"/>
		<feat xlink:href="#sSpan2948" value="ⲉⲧⲙⲙⲁⲩ"/>
		<feat xlink:href="#sSpan2954" value="·"/>
		<feat xlink:href="#sSpan2958" value="ϥϫⲱ"/>
		<feat xlink:href="#sSpan2967" value="ⲟⲛ"/>
		<feat xlink:href="#sSpan2971" value="ⲙⲙⲟⲥ"/>
		<feat xlink:href="#sSpan2977" value="ϫⲉⲕⲁⲛ"/>
		<feat xlink:href="#sSpan2984" value="ⲟⲩϩⲟⲟⲩ"/>
		<feat xlink:href="#sSpan2991" value="ⲛⲟⲩⲱⲧ"/>
		<feat xlink:href="#sSpan2997" value="ⲡⲉ"/>
		<feat xlink:href="#sSpan3001" value="ⲡⲁϩⲉ"/>
		<feat xlink:href="#sSpan3008" value="ⲙⲡⲣⲱⲙⲉ"/>
		<feat xlink:href="#sSpan3018" value="ϩⲓϫⲙⲡⲕⲁϩ"/>
		<feat xlink:href="#sSpan3027" value="·"/>
		<feat xlink:href="#sSpan3031" value="ⲛϥⲟⲩⲁⲁⲃ"/>
		<feat xlink:href="#sSpan3039" value="ⲁⲛ"/>
		<feat xlink:href="#sSpan3043" value="ⲉⲛⲟⲃⲉ"/>
		<feat xlink:href="#sSpan3050" value="·"/>
		<feat xlink:href="#sSpan3054" value="ⲁⲩⲱ"/>
		<feat xlink:href="#sSpan3059" value="ⲟⲛ"/>
		<feat xlink:href="#sSpan3064" value="ϫⲉⲥⲁⲣⲝ"/>
		<feat xlink:href="#sSpan3071" value="ⲛⲓⲙ"/>
		<feat xlink:href="#sSpan3075" value="ⲥⲉⲛⲁϫⲟⲕⲣⲟⲩ"/>
		<feat xlink:href="#sSpan3085" value="ϩⲛⲟⲩⲥⲁⲧⲉ"/>
		<feat xlink:href="#sSpan3094" value="·"/>
		<feat xlink:href="#sSpan3098" value="ⲁⲥϣⲱⲡⲉ"/>
		<feat xlink:href="#sSpan3111" value="ⲇⲉ"/>
		<feat xlink:href="#sSpan3115" value="ⲛϫⲡϣⲟⲙⲧⲉ"/>
		<feat xlink:href="#sSpan3124" value="ⲛⲥⲟⲩϣⲙⲟⲩⲛ"/>
		<feat xlink:href="#sSpan3133" value="ⲛⲉⲡⲏⲡ"/>
		<feat xlink:href="#sSpan3141" value="·"/>
		<feat xlink:href="#sSpan3145" value="ⲁϥϣⲱⲛⲉ"/>
		<feat xlink:href="#sSpan3154" value="ⲉⲡⲉϩⲟⲩⲟ"/>
		<feat xlink:href="#sSpan3162" value="·"/>
		<feat xlink:href="#sSpan3166" value="ⲡⲉϫⲁϥ"/>
		<feat xlink:href="#sSpan3174" value="ⲛⲁⲓ"/>
		<feat xlink:href="#sSpan3180" value="ϫⲉϯϣⲓⲛⲉ"/>
		<feat xlink:href="#sSpan3188" value="ⲉⲣⲟⲕ"/>
		<feat xlink:href="#sSpan3194" value="ϩⲙⲡϫⲟⲉⲓⲥ"/>
		<feat xlink:href="#sSpan3204" value="·"/>
		<feat xlink:href="#sSpan3208" value="ⲡⲁⲙⲉⲣⲓⲧ"/>
		<feat xlink:href="#sSpan3215" value="ⲛⲥⲟⲛ"/>
		<feat xlink:href="#sSpan3221" value="ⲁⲩⲱ"/>
		<feat xlink:href="#sSpan3225" value="ⲛϯϩⲉ"/>
		<feat xlink:href="#sSpan3233" value="ⲁϥϣⲗⲏⲗ"/>
		<feat xlink:href="#sSpan3241" value="ⲁϥϫⲱ"/>
		<feat xlink:href="#sSpan3250" value="ⲙⲡⲉϣⲗⲏⲗ"/>
		<feat xlink:href="#sSpan3259" value="ⲙⲡⲉⲩⲁⲅⲅⲉⲗⲓⲟⲛ"/>
		<feat xlink:href="#sSpan3269" value="ⲁϥⲟⲩⲱⲛ"/>
		<feat xlink:href="#sSpan3277" value="ⲛⲣⲱϥ"/>
		<feat xlink:href="#sSpan3287" value="ⲁϥϯ"/>
		<feat xlink:href="#sSpan3295" value="ⲙⲡⲉϥⲡⲛⲉⲩⲙⲁ"/>
		<feat xlink:href="#sSpan3305" value="·"/>
		<feat xlink:href="#sSpan3309" value="ⲛⲧϩⲉ"/>
		<feat xlink:href="#sSpan3317" value="ⲛⲟⲩⲁ"/>
		<feat xlink:href="#sSpan3324" value="ⲉϥⲛⲁⲛⲕⲟⲧⲕ"/>
		<feat xlink:href="#sSpan3335" value="ϩⲛⲟⲩϩⲓⲛⲏⲃ"/>
		<feat xlink:href="#sSpan3345" value="·"/>
		<feat xlink:href="#sSpan3349" value="ⲁⲛⲟⲕ"/>
		<feat xlink:href="#sSpan3356" value="ⲇⲉ"/>
		<feat xlink:href="#sSpan3360" value="ⲁⲓϩⲙⲟⲟⲥ"/>
		<feat xlink:href="#sSpan3368" value="ⲁⲓϭⲱ"/>
		<feat xlink:href="#sSpan3377" value="ⲉⲓⲣⲓⲙⲉ"/>
		<feat xlink:href="#sSpan3385" value="ⲉϩⲣⲁⲓ"/>
		<feat xlink:href="#sSpan3389" value="ⲉϫⲱϥ"/>
		<feat xlink:href="#sSpan3396" value="ⲛϩⲟⲥⲟⲛ"/>
		<feat xlink:href="#sSpan3403" value="ⲉⲓⲣⲓⲙⲉ"/>
		<feat xlink:href="#sSpan3411" value="ⲉϩⲣⲁⲓ"/>
		<feat xlink:href="#sSpan3415" value="ⲉϫⲱϥ"/>
		<feat xlink:href="#sSpan3421" value="·"/>
		<feat xlink:href="#sSpan3425" value="ⲉⲓⲥ"/>
		<feat xlink:href="#sSpan3430" value="ⲡⲉⲭⲣⲓⲥⲧⲟⲥ"/>
		<feat xlink:href="#sSpan3437" value="ⲁϥⲟⲩⲱⲛ"/>
		<feat xlink:href="#sSpan3446" value="ⲙⲡⲣⲟ"/>
		<feat xlink:href="#sSpan3455" value="ⲙⲡⲕⲁⲧⲁⲅⲓⲟⲛ"/>
		<feat xlink:href="#sSpan3465" value="ⲁϥⲉⲓ"/>
		<feat xlink:href="#sSpan3474" value="ⲉϩⲟⲩⲛ"/>
		<feat xlink:href="#sSpan3478" value="ⲁϥⲁϩⲉⲣⲁⲧϥ"/>
		<feat xlink:href="#sSpan3491" value="ⲉϫⲙⲡⲥⲱⲙⲁ"/>
		<feat xlink:href="#sSpan3501" value="ⲙⲡⲙⲁⲕⲁⲣⲓⲟⲥ"/>
		<feat xlink:href="#sSpan3513" value="ⲁⲡⲁ"/>
		<feat xlink:href="#sSpan3518" value="ⲕⲩⲣⲟⲥ"/>
		<feat xlink:href="#sSpan3523" value="ⲁϥⲣⲓⲙⲉ"/>
		<feat xlink:href="#sSpan3531" value="ⲉϩⲣⲁⲓ"/>
		<feat xlink:href="#sSpan3535" value="ⲉϫⲱϥ"/>
		<feat xlink:href="#sSpan3541" value="·"/>
		<feat xlink:href="#sSpan3545" value="ⲁⲛⲟⲕ"/>
		<feat xlink:href="#sSpan3550" value="ⲇⲉ"/>
		<feat xlink:href="#sSpan3554" value="ⲁⲓⲣⲓⲙⲉ"/>
		<feat xlink:href="#sSpan3562" value="ⲉϩⲣⲁⲓ"/>
		<feat xlink:href="#sSpan3567" value="ⲉϫⲱϥ"/>
		<feat xlink:href="#sSpan3573" value="·"/>
		<feat xlink:href="#sSpan3577" value="ⲁⲓⲛⲁⲩ"/>
		<feat xlink:href="#sSpan3587" value="ⲛⲣⲙⲉⲓⲟⲟⲩⲉ"/>
		<feat xlink:href="#sSpan3594" value="ⲙⲡⲉⲭⲣⲓⲥⲧⲟⲥ"/>
		<feat xlink:href="#sSpan3604" value="ⲛⲧⲁⲩⲉⲓ"/>
		<feat xlink:href="#sSpan3615" value="ⲉϫⲙⲡⲥⲱⲙⲁ"/>
		<feat xlink:href="#sSpan3625" value="ⲙⲡⲙⲁⲕⲁⲣⲓⲟⲥ"/>
		<feat xlink:href="#sSpan3636" value="ⲁⲡⲁ"/>
		<feat xlink:href="#sSpan3641" value="ⲕⲩⲣⲟⲥ"/>
		<feat xlink:href="#sSpan3645" value="·"/>
		<feat xlink:href="#sSpan3649" value="ⲁϥⲕⲟⲧϥ"/>
		<feat xlink:href="#sSpan3660" value="ⲟⲛ"/>
		<feat xlink:href="#sSpan3664" value="ⲉⲣⲟⲓ"/>
		<feat xlink:href="#sSpan3670" value="ⲛϭⲓⲡⲉⲭⲣⲓⲥⲧⲟⲥ"/>
		<feat xlink:href="#sSpan3680" value="ϫⲉⲁⲛⲁⲭⲱⲣⲉⲓ"/>
		<feat xlink:href="#sSpan3688" value="ⲛⲁⲕ"/>
		<feat xlink:href="#sSpan3694" value="ⲛⲥⲁⲃⲟⲗ"/>
		<feat xlink:href="#sSpan3699" value="ⲙⲡⲣⲟ"/>
		<feat xlink:href="#sSpan3708" value="ⲙⲡⲕⲁⲧⲁⲅⲓⲟⲛ"/>
		<feat xlink:href="#sSpan3718" value="·"/>
		<feat xlink:href="#sSpan3722" value="ⲛⲧⲉⲣⲉⲓⲣⲡⲉϥⲃⲟⲗ"/>
		<feat xlink:href="#sSpan3741" value="ⲇⲉ"/>
		<feat xlink:href="#sSpan3745" value="ⲁⲓⲛⲁⲩ"/>
		<feat xlink:href="#sSpan3753" value="ⲉⲩⲙⲏⲏϣⲉ"/>
		<feat xlink:href="#sSpan3763" value="ⲛⲁⲅⲅⲉⲗⲟⲥ"/>
		<feat xlink:href="#sSpan3770" value="ϩⲓⲁⲣⲭⲁⲅⲅⲉⲗⲟⲥ"/>
		<feat xlink:href="#sSpan3778" value="ⲙⲛⲛⲁⲡⲟⲥⲧⲟⲗⲟⲥ"/>
		<feat xlink:href="#sSpan3788" value="ⲙⲛⲛⲇⲓⲕⲁⲓⲟⲥ"/>
		<feat xlink:href="#sSpan3798" value="ⲧⲏⲣⲟⲩ"/>
		<feat xlink:href="#sSpan3805" value="ⲉⲩⲥⲟⲟϩ"/>
		<feat xlink:href="#sSpan3813" value="ⲧⲏⲣⲟⲩ"/>
		<feat xlink:href="#sSpan3819" value="ⲉⲩⲁϩⲉⲣⲁⲧⲟⲩ"/>
		<feat xlink:href="#sSpan3831" value="·"/>
		<feat xlink:href="#sSpan3835" value="ⲁⲟⲩⲁ"/>
		<feat xlink:href="#sSpan3844" value="ⲛϩⲏⲧⲟⲩ"/>
		<feat xlink:href="#sSpan3851" value="·"/>
		<feat xlink:href="#sSpan3855" value="ⲙⲟⲟϣⲉ"/>
		<feat xlink:href="#sSpan3859" value="ⲉⲣⲟⲓ"/>
		<feat xlink:href="#sSpan3865" value="ⲉⲩϭⲁⲗⲟⲩⲃⲟⲥ"/>
		<feat xlink:href="#sSpan3874" value="ⲡⲉ"/>
		<feat xlink:href="#sSpan3878" value="·"/>
		<feat xlink:href="#sSpan3882" value="ⲡⲉϫⲁϥ"/>
		<feat xlink:href="#sSpan3890" value="ⲛⲁⲓ"/>
		<feat xlink:href="#sSpan3897" value="ϫⲉⲁⲕⲥⲟⲩⲱⲛⲧ"/>
		<feat xlink:href="#sSpan3909" value="ϫⲉⲁⲛⲅ"/>
		<feat xlink:href="#sSpan3915" value="ⲛⲓⲙ"/>
		<feat xlink:href="#sSpan3919" value="·"/>
		<feat xlink:href="#sSpan3923" value="ⲡⲉϫⲁⲓ"/>
		<feat xlink:href="#sSpan3931" value="ⲛⲁϥ"/>
		<feat xlink:href="#sSpan3937" value="ϫⲉⲙⲡⲉ"/>
		<feat xlink:href="#sSpan3945" value="ⲡⲁϫⲟⲉⲓⲥ"/>
		<feat xlink:href="#sSpan3951" value="·"/>
		<feat xlink:href="#sSpan3955" value="ⲡⲉϫⲁϥ"/>
		<feat xlink:href="#sSpan3961" value="ⲛⲁⲓ"/>
		<feat xlink:href="#sSpan3967" value="ϫⲉⲥⲱⲧⲙ"/>
		<feat xlink:href="#sSpan3973" value="ⲛⲧⲁⲧⲁⲙⲟⲕ"/>
		<feat xlink:href="#sSpan3981" value="·"/>
		<feat xlink:href="#sSpan3985" value="ⲁⲛⲟⲕ"/>
		<feat xlink:href="#sSpan3992" value="ⲕⲏⲫⲁⲥ"/>
		<feat xlink:href="#sSpan3998" value="ⲡⲉ"/>
		<feat xlink:href="#sSpan4002" value="ⲛⲧⲁⲩϯⲣⲁⲛϥ"/>
		<feat xlink:href="#sSpan4016" value="ϫⲉⲡⲉⲧⲣⲟⲥ"/>
		<feat xlink:href="#sSpan4023" value="·"/>
		<feat xlink:href="#sSpan4027" value="ⲁⲛⲟⲕ"/>
		<feat xlink:href="#sSpan4033" value="ⲡⲉ"/>
		<feat xlink:href="#sSpan4038" value="ⲛⲧⲁⲡⲉⲭⲣⲓⲥⲧⲟⲥ"/>
		<feat xlink:href="#sSpan4050" value="ϫⲟⲟⲥ"/>
		<feat xlink:href="#sSpan4056" value="ⲉⲣⲟⲓ"/>
		<feat xlink:href="#sSpan4062" value="ϩⲙⲡⲉⲩⲁⲅⲅⲉⲗⲓⲟⲛ"/>
		<feat xlink:href="#sSpan4072" value="ϫⲉⲃⲁⲣ"/>
		<feat xlink:href="#sSpan4083" value="ⲓⲱⲛⲁ"/>
		<feat xlink:href="#sSpan4087" value="ⲉⲧⲉⲡⲁⲓ"/>
		<feat xlink:href="#sSpan4094" value="ⲡⲉ"/>
		<feat xlink:href="#sSpan4098" value="ⲡϣⲏⲣⲉ"/>
		<feat xlink:href="#sSpan4104" value="ⲛⲧⲉϭⲣⲟⲙⲡⲉ"/>
		<feat xlink:href="#sSpan4113" value="·"/>
		<feat xlink:href="#sSpan4117" value="ⲛⲧⲁⲡⲙⲁⲕⲁⲣⲓⲟⲥ"/>
		<feat xlink:href="#sSpan4134" value="ⲁⲡⲁ"/>
		<feat xlink:href="#sSpan4138" value="ϣⲉⲛⲟⲩⲧⲉ"/>
		<feat xlink:href="#sSpan4142" value="ⲙⲧⲟⲛ"/>
		<feat xlink:href="#sSpan4146" value="ⲙⲙⲟϥ"/>
		<feat xlink:href="#sSpan4152" value="ⲛⲥⲁϥ"/>
		<feat xlink:href="#sSpan4159" value="·"/>
		<feat xlink:href="#sSpan4163" value="ⲁϥϫⲓ"/>
		<feat xlink:href="#sSpan4174" value="ⲛⲧⲉⲯⲩⲭⲏ"/>
		<feat xlink:href="#sSpan4184" value="ⲙⲡⲙⲁⲕⲁⲣⲓⲟⲥ"/>
		<feat xlink:href="#sSpan4195" value="ⲁⲡⲁ"/>
		<feat xlink:href="#sSpan4200" value="ⲕⲩⲣⲟⲥ"/>
		<feat xlink:href="#sSpan4204" value="ⲙⲛⲁⲡⲁ"/>
		<feat xlink:href="#sSpan4215" value="ϣⲉⲛⲟⲩⲧⲉ"/>
		<feat xlink:href="#sSpan4219" value="ⲡⲁⲣⲭⲓⲙⲁⲛⲇⲣⲓⲧⲏⲥ"/>
		<feat xlink:href="#sSpan4226" value="ⲉⲛⲧⲟⲡⲟⲥ"/>
		<feat xlink:href="#sSpan4236" value="ⲛⲧⲁⲛⲁⲡⲁⲩⲥⲓⲥ"/>
		<feat xlink:href="#sSpan4247" value="·"/>
		<feat xlink:href="#sSpan4251" value="ⲛⲧϩⲉ"/>
		<feat xlink:href="#sSpan4259" value="ⲉⲧⲥⲏϩ"/>
		<feat xlink:href="#sSpan4265" value="ϫⲉⲟⲩⲛϩⲁϩ"/>
		<feat xlink:href="#sSpan4274" value="ⲙⲙⲁ"/>
		<feat xlink:href="#sSpan4280" value="ⲛϣⲱⲡⲉ"/>
		<feat xlink:href="#sSpan4287" value="·"/>
		<feat xlink:href="#sSpan4291" value="ϩⲙⲡⲏⲓ"/>
		<feat xlink:href="#sSpan4300" value="ⲙⲡⲁⲉⲓⲱⲧ"/>
		<feat xlink:href="#sSpan4310" value="·"/>
		<feat xlink:href="#sSpan4314" value="ⲉⲣⲉⲛⲉⲩⲥⲙⲟⲧ"/>
		<feat xlink:href="#sSpan4325" value="ⲉⲧⲟⲩⲁⲁⲃ"/>
		<feat xlink:href="#sSpan4332" value="ⲛⲁϣⲱⲡⲉ"/>
		<feat xlink:href="#sSpan4338" value="ⲛⲙⲙⲁⲛ"/>
		<feat xlink:href="#sSpan4345" value="ϩⲁⲙⲏⲛ"/>
		<feat xlink:href="#sSpan4349" value="⁛—"/>
		<feat xlink:href="#sSpan4353" value="ⲙⲛⲛⲥⲁⲛⲁⲓ"/>
		<feat xlink:href="#sSpan4364" value="ⲁⲓⲁⲡⲟⲣⲉⲓ"/>
		<feat xlink:href="#sSpan4373" value="ϩⲣⲁⲓ"/>
		<feat xlink:href="#sSpan4377" value="ⲛϩⲏⲧ"/>
		<feat xlink:href="#sSpan4381" value="ϫⲉⲉⲓⲛⲁⲣⲡⲥⲱⲙⲁ"/>
		<feat xlink:href="#sSpan4399" value="ⲙⲡⲙⲁⲕⲁⲣⲓⲟⲥ"/>
		<feat xlink:href="#sSpan4410" value="ⲛⲁϣ"/>
		<feat xlink:href="#sSpan4416" value="ⲛϩⲉ"/>
		<feat xlink:href="#sSpan4422" value="·"/>
		<feat xlink:href="#sSpan4427" value="ⲏ"/>
		<feat xlink:href="#sSpan4431" value="ⲉⲓⲛⲁϭⲛⲕⲁⲓⲥⲉ"/>
		<feat xlink:href="#sSpan4443" value="·"/>
		<feat xlink:href="#sSpan4447" value="ⲧⲱⲛ"/>
		<feat xlink:href="#sSpan4451" value="ⲛⲧⲁϯ"/>
		<feat xlink:href="#sSpan4458" value="ⲉⲣⲟϥ"/>
		<feat xlink:href="#sSpan4464" value="·"/>
		<feat xlink:href="#sSpan4468" value="ⲁⲡⲥⲱⲧⲏⲣ"/>
		<feat xlink:href="#sSpan4478" value="ⲉⲓ"/>
		<feat xlink:href="#sSpan4483" value="ⲉⲃⲟⲗ"/>
		<feat xlink:href="#sSpan4487" value="ϩⲙⲡⲣⲟ"/>
		<feat xlink:href="#sSpan4496" value="ⲙⲡⲕⲁⲧⲁⲅⲓⲟⲛ"/>
		<feat xlink:href="#sSpan4507" value="ⲁϥϣⲧⲁⲙ"/>
		<feat xlink:href="#sSpan4515" value="ⲙⲡⲣⲟ"/>
		<feat xlink:href="#sSpan4524" value="·"/>
		<feat xlink:href="#sSpan4528" value="ⲁⲡⲥⲱⲧⲏⲣ"/>
		<feat xlink:href="#sSpan4540" value="ϫⲉⲧⲟⲟⲧϥ"/>
		<feat xlink:href="#sSpan4549" value="ⲉⲃⲟⲗ"/>
		<feat xlink:href="#sSpan4554" value="ⲉϫⲙⲡⲣⲟ"/>
		<feat xlink:href="#sSpan4563" value="ⲙⲡⲕⲁⲧⲁⲅⲓⲟⲛ"/>
		<feat xlink:href="#sSpan4573" value="·"/>
		<feat xlink:href="#sSpan4577" value="ⲁϥⲥⲱϩⲙ"/>
		<feat xlink:href="#sSpan4587" value="·"/>
		<feat xlink:href="#sSpan4591" value="ⲉϫⲙⲡⲥⲱⲙⲁ"/>
		<feat xlink:href="#sSpan4602" value="ⲙⲡⲙⲁⲕⲁⲣⲓⲟⲥ"/>
		<feat xlink:href="#sSpan4612" value="·"/>
		<feat xlink:href="#sSpan4616" value="ⲁϥϣⲱⲡⲉ"/>
		<feat xlink:href="#sSpan4626" value="ⲛⲁϥ"/>
		<feat xlink:href="#sSpan4632" value="ⲙⲙⲁ"/>
		<feat xlink:href="#sSpan4639" value="ⲛⲥⲕⲉⲡⲁⲍⲉ"/>
		<feat xlink:href="#sSpan4648" value="ϣⲁⲡⲉϩⲟⲟⲩ"/>
		<feat xlink:href="#sSpan4657" value="ⲙⲡϩⲁⲡ"/>
		<feat xlink:href="#sSpan4667" value="ⲙⲙⲉ"/>
		<feat xlink:href="#sSpan4673" value="·"/>
		<feat xlink:href="#sSpan4677" value="ⲁⲡⲥⲱⲧⲏⲣ"/>
		<feat xlink:href="#sSpan4689" value="ⲃⲱⲕ"/>
		<feat xlink:href="#sSpan4695" value="ⲉϩⲣⲁⲓ"/>
		<feat xlink:href="#sSpan4699" value="ⲉⲧⲡⲉ"/>
		<feat xlink:href="#sSpan4708" value="ⲙⲛⲛⲉϥⲁⲅⲅⲉⲗⲟⲥ"/>
		<feat xlink:href="#sSpan4718" value="·"/>
		<feat xlink:href="#sSpan4722" value="ⲁⲛⲟⲕ"/>
		<feat xlink:href="#sSpan4729" value="ⲇⲉ"/>
		<feat xlink:href="#sSpan4733" value="ⲁⲓⲙⲟⲟϣⲉ"/>
		<feat xlink:href="#sSpan4742" value="·"/>
		<feat xlink:href="#sSpan4746" value="ⲁⲓⲉⲓ"/>
		<feat xlink:href="#sSpan4755" value="ⲉⲃⲟⲗ"/>
		<feat xlink:href="#sSpan4759" value="ϣⲁⲛⲉⲥⲛⲏⲩ"/>
		<feat xlink:href="#sSpan4769" value="ⲁⲡⲁ"/>
		<feat xlink:href="#sSpan4774" value="ⲡⲁⲙⲟⲩⲛ"/>
		<feat xlink:href="#sSpan4778" value="·"/>
		<feat xlink:href="#sSpan4782" value="ⲙⲛⲁⲡⲁ"/>
		<feat xlink:href="#sSpan4792" value="ϩⲓⲉⲣⲁⲝ"/>
		<feat xlink:href="#sSpan4796" value="·"/>
		<feat xlink:href="#sSpan4800" value="ⲁⲓϫⲱ"/>
		<feat xlink:href="#sSpan4808" value="ⲉⲣⲟⲟⲩ"/>
		<feat xlink:href="#sSpan4814" value="·"/>
		<feat xlink:href="#sSpan4818" value="ⲛⲛⲉⲛⲧⲁⲓⲛⲁⲩ"/>
		<feat xlink:href="#sSpan4833" value="ⲉⲣⲟⲟⲩ"/>
		<feat xlink:href="#sSpan4840" value="ⲁⲩϯⲉⲟⲟⲩ"/>
		<feat xlink:href="#sSpan4850" value="ⲙⲡⲛⲟⲩⲧⲉ"/>
		<feat xlink:href="#sSpan4859" value="·"/>
		<feat xlink:href="#sSpan4863" value="ⲁⲛⲟⲕ"/>
		<feat xlink:href="#sSpan4870" value="ⲇⲉ"/>
		<feat xlink:href="#sSpan4874" value="ⲁⲓϭⲱ"/>
		<feat xlink:href="#sSpan4882" value="ϩⲁϩⲧⲏⲩ"/>
		<feat xlink:href="#sSpan4889" value="ⲛϩⲉⲛⲕⲟⲩⲓ"/>
		<feat xlink:href="#sSpan4898" value="ⲛϩⲟⲟⲩ"/>
		<feat xlink:href="#sSpan4904" value="·"/>
		<feat xlink:href="#sSpan4908" value="ⲙⲛⲛⲥⲁⲛⲁⲓ"/>
		<feat xlink:href="#sSpan4919" value="ⲁⲓⲃⲱⲕ"/>
		<feat xlink:href="#sSpan4928" value="ⲉⲡⲁⲙⲟⲛⲁⲥⲧⲏⲣⲓⲟⲛ"/>
		<feat xlink:href="#sSpan4938" value="ϩⲛϣⲓⲏⲧ"/>
		<feat xlink:href="#sSpan4946" value="ⲁⲓⲥϩⲁⲓ"/>
		<feat xlink:href="#sSpan4955" value="ⲙⲡⲃⲓⲟⲥ"/>
		<feat xlink:href="#sSpan4965" value="ⲙⲡⲙⲁⲕⲁⲣⲓⲟⲥ"/>
		<feat xlink:href="#sSpan4976" value="ⲁⲡⲁ"/>
		<feat xlink:href="#sSpan4981" value="ⲕⲩⲣⲟⲥ"/>
		<feat xlink:href="#sSpan4985" value="·"/>
		<feat xlink:href="#sSpan4989" value="ⲁⲓⲕⲁⲁϥ"/>
		<feat xlink:href="#sSpan5002" value="ϩⲛⲧⲉⲕⲕⲗⲏⲥⲓⲁ"/>
		<feat xlink:href="#sSpan5012" value="ⲛϣⲓⲏⲧ"/>
		<feat xlink:href="#sSpan5020" value="·"/>
		<feat xlink:href="#sSpan5024" value="ⲉⲩϩⲏⲩ"/>
		<feat xlink:href="#sSpan5032" value="ⲙⲛⲟⲩⲥⲟⲗⲥⲗ"/>
		<feat xlink:href="#sSpan5042" value="ⲛⲛⲉⲧⲛⲁⲥⲱⲧⲙ"/>
		<feat xlink:href="#sSpan5055" value="ⲉⲣⲟϥ"/>
		<feat xlink:href="#sSpan5061" value="·"/>
		<feat xlink:href="#sSpan5065" value="ⲉⲩⲉⲟⲟⲩ"/>
		<feat xlink:href="#sSpan5074" value="ⲛⲧⲉⲧⲣⲓⲁⲥ"/>
		<feat xlink:href="#sSpan5084" value="ⲉⲧⲟⲩⲁⲁⲃ"/>
		<feat xlink:href="#sSpan5092" value="ⲡⲉⲓⲱⲧ"/>
		<feat xlink:href="#sSpan5098" value="·"/>
		<feat xlink:href="#sSpan5102" value="ⲙⲛⲡϣⲏⲣⲉ"/>
		<feat xlink:href="#sSpan5111" value="·"/>
		<feat xlink:href="#sSpan5115" value="ⲙⲛⲡⲉⲡⲛⲉⲩⲙⲁ"/>
		<feat xlink:href="#sSpan5125" value="ⲉⲧⲟⲩⲁⲁⲃ"/>
		<feat xlink:href="#sSpan5131" value="ϣⲁⲉⲛⲉϩ"/>
		<feat xlink:href="#sSpan5139" value="ⲛⲉⲛⲉϩ"/>
		<feat xlink:href="#sSpan5146" value="ϩⲁⲙⲏⲛ"/>
		<feat xlink:href="#sSpan5150" value="⁛—:—"/>
		<feat xlink:href="#sSpan5154" value="ⲍ"/>
		<feat xlink:href="#sSpan5159" value="◈"/>
		<feat xlink:href="#sSpan5163" value="ⲍ"/>
		<feat xlink:href="#sSpan5167" value="◈"/>
		<feat xlink:href="#sSpan5171" value="ⲍ"/>
		<feat xlink:href="#sSpan5175" value="◈"/>
		<feat xlink:href="#sSpan5179" value="ⲍ"/>
		<feat xlink:href="#sSpan5183" value="◈"/>
		<feat xlink:href="#sSpan5187" value="ⲍ"/></featList></paula>