<?xml version="1.0" encoding="UTF-8" standalone="no"?>

<!DOCTYPE paula SYSTEM "paula_feat.dtd">
<paula version="1.0">

<header paula_id="sahidica.nt.1_Corinthians_13_orig_group"/>

<featList xmlns:xlink="http://www.w3.org/1999/xlink" type="orig_group" xml:base="sahidica.nt.1_Corinthians_13.orig_groupSeg.xml">
<feat xlink:href="#orig_group_1" value="ⲉⲓϣⲁⲛϣⲁϫⲉ"/><!-- ⲉⲓϣⲁⲛ...ϣⲁϫⲉ -->
<feat xlink:href="#orig_group_3" value="ⲛⲛⲁⲥⲡⲉ"/><!-- ⲛ...ⲁⲥⲡⲉ -->
<feat xlink:href="#orig_group_6" value="ⲛⲛⲣⲱⲙⲉ"/><!-- ⲛ...ⲣⲱⲙⲉ -->
<feat xlink:href="#orig_group_9" value="ⲙⲛⲧⲁ"/><!-- ⲙⲛⲧⲁ -->
<feat xlink:href="#orig_group_10" value="ⲛⲁⲅⲅⲉⲗⲟⲥ"/><!-- ⲛ...ⲁⲅⲅⲉⲗⲟⲥ -->
<feat xlink:href="#orig_group_12" value="ⲉⲙⲛⲧⲁⲓ"/><!-- ⲉ...ⲓ -->
<feat xlink:href="#orig_group_15" value="ⲁⲅⲁⲡⲏ"/><!-- ⲁⲅⲁⲡⲏ -->
<feat xlink:href="#orig_group_16" value="ⲇⲉ"/><!-- ⲇⲉ -->
<feat xlink:href="#orig_group_17" value="ⲙⲙⲁⲩ"/><!-- ⲙⲙⲁⲩ -->
<feat xlink:href="#orig_group_18" value="ⲛⲧⲁⲓ"/><!-- ⲛ...ⲧⲁⲓ -->
<feat xlink:href="#orig_group_20" value="ⲣⲑⲉ"/><!-- ⲣⲑⲉ -->
<feat xlink:href="#orig_group_21" value="ⲛⲟⲩϩⲟⲙⲛⲧ"/><!-- ⲛ...ϩⲟⲙⲛⲧ -->
<feat xlink:href="#orig_group_24" value="ⲉϥϯϩⲣⲟⲟⲩ"/><!-- ⲉϥϯϩⲣⲟⲟⲩ -->
<feat xlink:href="#orig_group_25" value="ⲏⲟⲩⲕⲩⲙⲃⲁⲗⲟⲛ"/><!-- ⲏⲟⲩⲕⲩⲙⲃⲁⲗⲟⲛ -->
<feat xlink:href="#orig_group_26" value="ⲉϥⲱϣ"/><!-- ⲉ...ⲱϣ -->
<feat xlink:href="#orig_group_29" value="ⲉⲃⲟⲗ"/><!-- ⲉⲃⲟⲗ -->
<feat xlink:href="#orig_group_30" value="."/><!-- . -->
<feat xlink:href="#orig_group_31" value="ⲁⲩⲱ"/><!-- ⲁⲩⲱ -->
<feat xlink:href="#orig_group_32" value="ⲉϣⲱⲡⲉ"/><!-- ⲉϣⲱⲡⲉ -->
<feat xlink:href="#orig_group_33" value="ⲟⲩⲛⲧⲁⲓ"/><!-- ⲟⲩⲛⲧⲁ...ⲓ -->
<feat xlink:href="#orig_group_35" value="ⲛⲟⲩⲡⲣⲟⲫⲏⲧⲓⲁ"/><!-- ⲛ...ⲡⲣⲟⲫⲏⲧⲓⲁ -->
<feat xlink:href="#orig_group_38" value="."/><!-- . -->
<feat xlink:href="#orig_group_39" value="ⲧⲁⲉⲓⲙⲉ"/><!-- ⲧⲁⲉⲓⲙⲉ -->
<feat xlink:href="#orig_group_40" value="ⲉⲙⲙⲩⲥⲧⲏⲣⲓⲟⲛ"/><!-- ⲉ...ⲙⲩⲥⲧⲏⲣⲓⲟⲛ -->
<feat xlink:href="#orig_group_43" value="ⲧⲏⲣⲟⲩ"/><!-- ⲧⲏⲣ...ⲟⲩ -->
<feat xlink:href="#orig_group_45" value="ⲙⲛ"/><!-- ⲙⲛ -->
<feat xlink:href="#orig_group_46" value="ⲡⲥⲟⲟⲩⲛ"/><!-- ⲡ...ⲥⲟⲟⲩⲛ -->
<feat xlink:href="#orig_group_48" value="ⲧⲏⲣϥ"/><!-- ⲧⲏⲣϥ -->
<feat xlink:href="#orig_group_49" value="."/><!-- . -->
<feat xlink:href="#orig_group_50" value="ⲕⲁⲛ"/><!-- ⲕⲁⲛ -->
<feat xlink:href="#orig_group_51" value="ⲉⲩⲛⲧⲁⲓ"/><!-- ⲉⲩⲛⲧⲁⲓ -->
<feat xlink:href="#orig_group_52" value="ⲧⲡⲓⲥⲧⲓⲥ"/><!-- ⲧ...ⲡⲓⲥⲧⲓⲥ -->
<feat xlink:href="#orig_group_54" value="ⲧⲏⲣⲥ"/><!-- ⲧⲏⲣ...ⲥ -->
<feat xlink:href="#orig_group_56" value="ϩⲱⲥⲧⲉ"/><!-- ϩⲱⲥⲧⲉ -->
<feat xlink:href="#orig_group_57" value="ⲉⲡⲉⲛⲉⲧⲟⲟⲩ"/><!-- ⲉⲡⲉⲛⲉⲧⲟⲟⲩ -->
<feat xlink:href="#orig_group_58" value="ⲉⲃⲟⲗ"/><!-- ⲉⲃⲟⲗ -->
<feat xlink:href="#orig_group_59" value="ⲉⲙⲛ"/><!-- ⲉⲙ...ⲛ -->
<feat xlink:href="#orig_group_61" value="ⲁⲅⲁⲡⲏ"/><!-- ⲁⲅⲁⲡⲏ -->
<feat xlink:href="#orig_group_62" value="ⲇⲉ"/><!-- ⲇⲉ -->
<feat xlink:href="#orig_group_63" value="ⲛϩⲏⲧ"/><!-- ⲛϩⲏⲧ -->
<feat xlink:href="#orig_group_64" value="ⲁⲛⲅ"/><!-- ⲁⲛⲅ -->
<feat xlink:href="#orig_group_65" value="ⲟⲩⲗⲁⲁⲩ"/><!-- ⲟⲩ...ⲗⲁⲁⲩ -->
<feat xlink:href="#orig_group_67" value="."/><!-- . -->
<feat xlink:href="#orig_group_68" value="ⲕⲁⲛⲉⲓϣⲁⲛⲧⲙⲙⲟ"/><!-- ⲕⲁⲛⲉⲓϣⲁⲛⲧⲙⲙⲟ -->
<feat xlink:href="#orig_group_69" value="ⲛⲛⲁϩⲩⲡⲁⲣⲭⲟⲛⲧⲁ"/><!-- ⲛ...ϩⲩⲡⲁⲣⲭⲟⲛⲧⲁ -->
<feat xlink:href="#orig_group_72" value="ⲧⲏⲣⲟⲩ"/><!-- ⲧⲏⲣ...ⲟⲩ -->
<feat xlink:href="#orig_group_74" value="."/><!-- . -->
<feat xlink:href="#orig_group_75" value="ⲁⲩⲱ"/><!-- ⲁⲩⲱ -->
<feat xlink:href="#orig_group_76" value="ⲧⲁϯ"/><!-- ⲧⲁ...ϯ -->
<feat xlink:href="#orig_group_78" value="ⲙⲡⲁⲥⲱⲙⲁ"/><!-- ⲙ...ⲥⲱⲙⲁ -->
<feat xlink:href="#orig_group_81" value="ϫⲉ"/><!-- ϫⲉ -->
<feat xlink:href="#orig_group_82" value="ⲉⲓⲉϣⲟⲩϣⲟⲩ"/><!-- ⲉⲓⲉ...ϣⲟⲩϣⲟⲩ -->
<feat xlink:href="#orig_group_84" value="ⲙⲙⲟⲓ"/><!-- ⲙⲙⲟ...ⲓ -->
<feat xlink:href="#orig_group_86" value="ⲉⲙⲛⲧⲁⲓ"/><!-- ⲉ...ⲓ -->
<feat xlink:href="#orig_group_89" value="ⲁⲅⲁⲡⲏ"/><!-- ⲁⲅⲁⲡⲏ -->
<feat xlink:href="#orig_group_90" value="ⲇⲉ"/><!-- ⲇⲉ -->
<feat xlink:href="#orig_group_91" value="ⲙⲙⲁⲩ"/><!-- ⲙⲙⲁⲩ -->
<feat xlink:href="#orig_group_92" value="ⲛϯⲛⲁϯϩⲏⲩ"/><!-- ⲛϯⲛⲁϯϩⲏⲩ -->
<feat xlink:href="#orig_group_93" value="ⲁⲛ"/><!-- ⲁⲛ -->
<feat xlink:href="#orig_group_94" value="ⲛⲗⲁⲁⲩ"/><!-- ⲛ...ⲗⲁⲁⲩ -->
<feat xlink:href="#orig_group_96" value="."/><!-- . -->
<feat xlink:href="#orig_group_97" value="ⲧⲁⲅⲁⲡⲏ"/><!-- ⲧ...ⲁⲅⲁⲡⲏ -->
<feat xlink:href="#orig_group_99" value="ϣⲁⲥϩⲣⲟϣ"/><!-- ϣⲁ...ϩⲣⲟϣ -->
<feat xlink:href="#orig_group_102" value="ⲛϩⲏⲧ"/><!-- ⲛϩⲏⲧ -->
<feat xlink:href="#orig_group_103" value="ϣⲁⲥⲣⲭⲣⲏⲥⲧⲟⲥ"/><!-- ϣⲁ...ⲭⲣⲏⲥⲧⲟⲥ -->
<feat xlink:href="#orig_group_107" value="ⲧⲁⲅⲁⲡⲏ"/><!-- ⲧ...ⲁⲅⲁⲡⲏ -->
<feat xlink:href="#orig_group_109" value="ⲙⲉⲥⲕⲱϩ"/><!-- ⲙⲉ...ⲕⲱϩ -->
<feat xlink:href="#orig_group_112" value="ⲙⲉⲥⲣⲡⲉⲣⲡⲉⲣⲟⲥ"/><!-- ⲙⲉⲥⲣⲡⲉⲣⲡⲉⲣⲟⲥ -->
<feat xlink:href="#orig_group_113" value="ⲙⲉⲥϫⲓⲥⲉ"/><!-- ⲙⲉ...ϫⲓⲥⲉ -->
<feat xlink:href="#orig_group_116" value="ⲛϩⲏⲧ"/><!-- ⲛϩⲏⲧ -->
<feat xlink:href="#orig_group_117" value="."/><!-- . -->
<feat xlink:href="#orig_group_118" value="ⲙⲉⲥⲁⲥⲭⲩⲙⲟⲛⲓ"/><!-- ⲙⲉⲥⲁⲥⲭⲩⲙⲟⲛⲓ -->
<feat xlink:href="#orig_group_119" value="."/><!-- . -->
<feat xlink:href="#orig_group_120" value="ⲙⲉⲥϣⲓⲛⲉ"/><!-- ⲙⲉ...ϣⲓⲛⲉ -->
<feat xlink:href="#orig_group_123" value="ⲛⲥⲁ"/><!-- ⲛⲥⲁ -->
<feat xlink:href="#orig_group_124" value="ⲛⲉⲧⲉⲛⲟⲩⲥ"/><!-- ⲛⲉⲧⲉⲛⲟⲩⲥ -->
<feat xlink:href="#orig_group_125" value="ⲛⲉ"/><!-- ⲛⲉ -->
<feat xlink:href="#orig_group_126" value="."/><!-- . -->
<feat xlink:href="#orig_group_127" value="ⲙⲉⲥⲛⲟⲩϭⲥ"/><!-- ⲙⲉ...ⲛⲟⲩϭⲥ -->
<feat xlink:href="#orig_group_130" value="ⲙⲉⲥⲙⲉⲉⲩⲉ"/><!-- ⲙⲉ...ⲙⲉⲉⲩⲉ -->
<feat xlink:href="#orig_group_133" value="ⲉⲡⲡⲉⲑⲟⲟⲩ"/><!-- ⲉ...ⲡⲉⲑⲟⲟⲩ -->
<feat xlink:href="#orig_group_136" value="."/><!-- . -->
<feat xlink:href="#orig_group_137" value="ⲙⲉⲥⲣⲁϣⲉ"/><!-- ⲙⲉ...ⲣⲁϣⲉ -->
<feat xlink:href="#orig_group_140" value="ⲉϫⲙ"/><!-- ⲉϫⲙ -->
<feat xlink:href="#orig_group_141" value="ⲡϫⲓ"/><!-- ⲡϫⲓ -->
<feat xlink:href="#orig_group_142" value="ⲛϭⲟⲛⲥ"/><!-- ⲛ...ϭⲟⲛⲥ -->
<feat xlink:href="#orig_group_144" value="."/><!-- . -->
<feat xlink:href="#orig_group_145" value="ϣⲁⲥⲣⲁϣⲉ"/><!-- ϣⲁ...ⲣⲁϣⲉ -->
<feat xlink:href="#orig_group_148" value="ⲛⲧⲟϥ"/><!-- ⲛⲧⲟϥ -->
<feat xlink:href="#orig_group_149" value="ⲙⲛ"/><!-- ⲙⲛ -->
<feat xlink:href="#orig_group_150" value="ⲧⲙⲉ"/><!-- ⲧ...ⲙⲉ -->
<feat xlink:href="#orig_group_152" value="."/><!-- . -->
<feat xlink:href="#orig_group_153" value="ϣⲁⲥϥⲓ"/><!-- ϣⲁ...ϥⲓ -->
<feat xlink:href="#orig_group_156" value="ϩⲁ"/><!-- ϩⲁ -->
<feat xlink:href="#orig_group_157" value="ϩⲱⲃ"/><!-- ϩⲱⲃ -->
<feat xlink:href="#orig_group_158" value="ⲛⲓⲙ"/><!-- ⲛⲓⲙ -->
<feat xlink:href="#orig_group_159" value="ϣⲁⲥⲡⲓⲥⲧⲉⲩⲉ"/><!-- ϣⲁ...ⲡⲓⲥⲧⲉⲩⲉ -->
<feat xlink:href="#orig_group_162" value="ⲉⲡⲧⲏⲣϥ"/><!-- ⲉⲡⲧⲏⲣϥ -->
<feat xlink:href="#orig_group_163" value="ϣⲁⲥϩⲉⲗⲡⲓⲍⲉ"/><!-- ϣⲁ...ϩⲉⲗⲡⲓⲍⲉ -->
<feat xlink:href="#orig_group_166" value="ⲉⲡⲧⲏⲣϥ"/><!-- ⲉⲡⲧⲏⲣϥ -->
<feat xlink:href="#orig_group_167" value="ϣⲁⲥϩⲩⲡⲟⲙⲓⲛⲉ"/><!-- ϣⲁ...ϩⲩⲡⲟⲙⲓⲛⲉ -->
<feat xlink:href="#orig_group_170" value="ⲉⲡⲧⲏⲣϥ"/><!-- ⲉⲡⲧⲏⲣϥ -->
<feat xlink:href="#orig_group_171" value="."/><!-- . -->
<feat xlink:href="#orig_group_172" value="ⲧⲁⲅⲁⲡⲏ"/><!-- ⲧ...ⲁⲅⲁⲡⲏ -->
<feat xlink:href="#orig_group_174" value="ⲙⲉⲥϩⲉ"/><!-- ⲙⲉ...ϩⲉ -->
<feat xlink:href="#orig_group_177" value="ⲉⲛⲉϩ"/><!-- ⲉⲛⲉϩ -->
<feat xlink:href="#orig_group_178" value="ⲉⲓⲧⲉ"/><!-- ⲉⲓⲧⲉ -->
<feat xlink:href="#orig_group_179" value="ⲇⲉ"/><!-- ⲇⲉ -->
<feat xlink:href="#orig_group_180" value="ⲛⲉⲡⲣⲟⲫⲏⲧⲓⲁ"/><!-- ⲛⲉ...ⲡⲣⲟⲫⲏⲧⲓⲁ -->
<feat xlink:href="#orig_group_182" value="ⲥⲉⲛⲁⲟⲩⲱⲥϥ"/><!-- ⲥⲉ...ⲟⲩⲱⲥϥ -->
<feat xlink:href="#orig_group_185" value="ⲉⲓⲧⲉ"/><!-- ⲉⲓⲧⲉ -->
<feat xlink:href="#orig_group_186" value="ⲛⲁⲥⲡⲉ"/><!-- ⲛ...ⲁⲥⲡⲉ -->
<feat xlink:href="#orig_group_188" value="ⲥⲉⲛⲁⲗⲟ"/><!-- ⲥⲉ...ⲗⲟ -->
<feat xlink:href="#orig_group_191" value="ⲉⲓⲧⲉ"/><!-- ⲉⲓⲧⲉ -->
<feat xlink:href="#orig_group_192" value="ⲛⲥⲟⲟⲩⲛ"/><!-- ⲛ...ⲥⲟⲟⲩⲛ -->
<feat xlink:href="#orig_group_194" value="ⲥⲉⲛⲁⲟⲩⲱⲥϥ"/><!-- ⲥⲉ...ⲟⲩⲱⲥϥ -->
<feat xlink:href="#orig_group_197" value="."/><!-- . -->
<feat xlink:href="#orig_group_198" value="ⲉⲛⲥⲟⲟⲩⲛ"/><!-- ⲉ...ⲥⲟⲟⲩⲛ -->
<feat xlink:href="#orig_group_201" value="ⲅⲁⲣ"/><!-- ⲅⲁⲣ -->
<feat xlink:href="#orig_group_202" value="ⲉⲃⲟⲗ"/><!-- ⲉⲃⲟⲗ -->
<feat xlink:href="#orig_group_203" value="ϩⲛ"/><!-- ϩⲛ -->
<feat xlink:href="#orig_group_204" value="ⲟⲩⲙⲉⲣⲟⲥ"/><!-- ⲟⲩ...ⲙⲉⲣⲟⲥ -->
<feat xlink:href="#orig_group_206" value="."/><!-- . -->
<feat xlink:href="#orig_group_207" value="ⲁⲩⲱ"/><!-- ⲁⲩⲱ -->
<feat xlink:href="#orig_group_208" value="ⲉⲛⲡⲣⲟⲫⲏⲧⲉⲩⲉ"/><!-- ⲉ...ⲡⲣⲟⲫⲏⲧⲉⲩⲉ -->
<feat xlink:href="#orig_group_211" value="ⲉⲃⲟⲗ"/><!-- ⲉⲃⲟⲗ -->
<feat xlink:href="#orig_group_212" value="ϩⲛ"/><!-- ϩⲛ -->
<feat xlink:href="#orig_group_213" value="ⲟⲩⲙⲉⲣⲟⲥ"/><!-- ⲟⲩ...ⲙⲉⲣⲟⲥ -->
<feat xlink:href="#orig_group_215" value="."/><!-- . -->
<feat xlink:href="#orig_group_216" value="ϩⲟⲧⲁⲛ"/><!-- ϩⲟⲧⲁⲛ -->
<feat xlink:href="#orig_group_217" value="ⲇⲉ"/><!-- ⲇⲉ -->
<feat xlink:href="#orig_group_218" value="ⲉϥϣⲁⲛⲉⲓ"/><!-- ⲉϥϣⲁⲛ...ⲉⲓ -->
<feat xlink:href="#orig_group_220" value="ⲛϭⲓ"/><!-- ⲛϭⲓ -->
<feat xlink:href="#orig_group_221" value="ⲡϫⲱⲕ"/><!-- ⲡϫⲱⲕ -->
<feat xlink:href="#orig_group_222" value="ⲡⲉⲃⲟⲗ"/><!-- ⲡⲉⲃⲟⲗ -->
<feat xlink:href="#orig_group_223" value="ϩⲙ"/><!-- ϩⲙ -->
<feat xlink:href="#orig_group_224" value="ⲡⲙⲉⲣⲟⲥ"/><!-- ⲡ...ⲙⲉⲣⲟⲥ -->
<feat xlink:href="#orig_group_226" value="ⲛⲁⲟⲩⲱⲥϥ"/><!-- ⲛⲁ...ⲟⲩⲱⲥϥ -->
<feat xlink:href="#orig_group_228" value="."/><!-- . -->
<feat xlink:href="#orig_group_229" value="ⲙⲡⲉⲩⲟⲉⲓϣ"/><!-- ⲙ...ⲩⲟⲉⲓϣ -->
<feat xlink:href="#orig_group_232" value="ⲉⲓⲟ"/><!-- ⲉ...ⲟ -->
<feat xlink:href="#orig_group_235" value="ⲛⲕⲟⲩⲓ"/><!-- ⲛ...ⲕⲟⲩⲓ -->
<feat xlink:href="#orig_group_237" value="ⲛⲉⲉⲓϣⲁϫⲉ"/><!-- ⲛⲉⲉⲓϣⲁϫⲉ -->
<feat xlink:href="#orig_group_238" value="ⲡⲉ"/><!-- ⲡⲉ -->
<feat xlink:href="#orig_group_239" value="ϩⲱⲥ"/><!-- ϩⲱⲥ -->
<feat xlink:href="#orig_group_240" value="ⲕⲟⲩⲓ"/><!-- ⲕⲟⲩⲓ -->
<feat xlink:href="#orig_group_241" value="ⲛⲉⲓⲙⲉⲉⲩⲉ"/><!-- ⲛⲉ...ⲙⲉⲉⲩⲉ -->
<feat xlink:href="#orig_group_244" value="ϩⲱⲥ"/><!-- ϩⲱⲥ -->
<feat xlink:href="#orig_group_245" value="ⲕⲟⲩⲓ"/><!-- ⲕⲟⲩⲓ -->
<feat xlink:href="#orig_group_246" value="ⲛⲉⲓϣⲟϫⲛⲉ"/><!-- ⲛⲉⲓ...ϣⲟϫⲛⲉ -->
<feat xlink:href="#orig_group_248" value="ϩⲱⲥ"/><!-- ϩⲱⲥ -->
<feat xlink:href="#orig_group_249" value="ⲕⲟⲩⲓ"/><!-- ⲕⲟⲩⲓ -->
<feat xlink:href="#orig_group_250" value="ⲛⲧⲉⲣⲓⲣⲛⲟϭ"/><!-- ⲛⲧⲉⲣ...ⲛⲟϭ -->
<feat xlink:href="#orig_group_254" value="ⲇⲉ"/><!-- ⲇⲉ -->
<feat xlink:href="#orig_group_255" value="ⲁⲓⲟⲩⲱⲥϥ"/><!-- ⲁ...ⲟⲩⲱⲥϥ -->
<feat xlink:href="#orig_group_258" value="ⲛⲛⲁ"/><!-- ⲛⲛⲁ -->
<feat xlink:href="#orig_group_259" value="ⲡⲕⲟⲩⲓ"/><!-- ⲡ...ⲕⲟⲩⲓ -->
<feat xlink:href="#orig_group_261" value="."/><!-- . -->
<feat xlink:href="#orig_group_262" value="ⲧⲛⲛⲁⲩ"/><!-- ⲧⲛ...ⲛⲁⲩ -->
<feat xlink:href="#orig_group_264" value="ⲅⲁⲣ"/><!-- ⲅⲁⲣ -->
<feat xlink:href="#orig_group_265" value="ⲧⲉⲛⲟⲩ"/><!-- ⲧⲉⲛⲟⲩ -->
<feat xlink:href="#orig_group_266" value="ϩⲓⲧⲛ"/><!-- ϩⲓⲧⲛ -->
<feat xlink:href="#orig_group_267" value="ⲟⲩⲉⲓⲁⲗ"/><!-- ⲟⲩ...ⲉⲓⲁⲗ -->
<feat xlink:href="#orig_group_269" value="ϩⲛ"/><!-- ϩⲛ -->
<feat xlink:href="#orig_group_270" value="ⲟⲩϩⲣⲃ"/><!-- ⲟⲩ...ϩⲣⲃ -->
<feat xlink:href="#orig_group_272" value="ⲙⲛⲛⲥⲱⲥ"/><!-- ⲙⲛⲛⲥⲱ...ⲥ -->
<feat xlink:href="#orig_group_274" value="ⲇⲉ"/><!-- ⲇⲉ -->
<feat xlink:href="#orig_group_275" value="ⲛϩⲟ"/><!-- ⲛ...ϩⲟ -->
<feat xlink:href="#orig_group_277" value="ϩⲓ"/><!-- ϩⲓ -->
<feat xlink:href="#orig_group_278" value="ϩⲟ"/><!-- ϩⲟ -->
<feat xlink:href="#orig_group_279" value="."/><!-- . -->
<feat xlink:href="#orig_group_280" value="ⲧⲉⲛⲟⲩ"/><!-- ⲧⲉⲛⲟⲩ -->
<feat xlink:href="#orig_group_281" value="ⲅⲁⲣ"/><!-- ⲅⲁⲣ -->
<feat xlink:href="#orig_group_282" value="ⲉⲓⲉⲓⲙⲉ"/><!-- ⲉⲓⲉ...ⲙⲉ -->
<feat xlink:href="#orig_group_285" value="ⲉⲃⲟⲗ"/><!-- ⲉⲃⲟⲗ -->
<feat xlink:href="#orig_group_286" value="ϩⲛ"/><!-- ϩⲛ -->
<feat xlink:href="#orig_group_287" value="ⲟⲩⲙⲉⲣⲟⲥ"/><!-- ⲟⲩ...ⲙⲉⲣⲟⲥ -->
<feat xlink:href="#orig_group_289" value="."/><!-- . -->
<feat xlink:href="#orig_group_290" value="ⲙⲛⲛⲥⲱⲥ"/><!-- ⲙⲛⲛⲥⲱ...ⲥ -->
<feat xlink:href="#orig_group_292" value="ⲇⲉ"/><!-- ⲇⲉ -->
<feat xlink:href="#orig_group_293" value="ϯⲛⲁⲥⲟⲟⲩⲛ"/><!-- ϯ...ⲥⲟⲟⲩⲛ -->
<feat xlink:href="#orig_group_296" value="ⲕⲁⲧⲁ"/><!-- ⲕⲁⲧⲁ -->
<feat xlink:href="#orig_group_297" value="ⲧϩⲉ"/><!-- ⲧ...ϩⲉ -->
<feat xlink:href="#orig_group_299" value="ⲟⲛ"/><!-- ⲟⲛ -->
<feat xlink:href="#orig_group_300" value="ⲉⲛⲧⲁⲩⲥⲟⲩⲱⲛⲧ"/><!-- ⲉⲛⲧⲁⲩⲥⲟⲩⲱⲛⲧ -->
<feat xlink:href="#orig_group_301" value="."/><!-- . -->
<feat xlink:href="#orig_group_302" value="ⲧⲉⲛⲟⲩ"/><!-- ⲧⲉⲛⲟⲩ -->
<feat xlink:href="#orig_group_303" value="ϭⲉ"/><!-- ϭⲉ -->
<feat xlink:href="#orig_group_304" value="ⲥϣⲟⲟⲡ"/><!-- ⲥ...ϣⲟⲟⲡ -->
<feat xlink:href="#orig_group_306" value="ⲛϭⲓ"/><!-- ⲛϭⲓ -->
<feat xlink:href="#orig_group_307" value="ⲧⲡⲓⲥⲧⲓⲥ"/><!-- ⲧ...ⲡⲓⲥⲧⲓⲥ -->
<feat xlink:href="#orig_group_309" value="ⲧϩⲉⲗⲡⲓⲥ"/><!-- ⲧ...ϩⲉⲗⲡⲓⲥ -->
<feat xlink:href="#orig_group_311" value="ⲧⲁⲅⲁⲡⲏ"/><!-- ⲧ...ⲁⲅⲁⲡⲏ -->
<feat xlink:href="#orig_group_313" value="ⲡⲉⲉⲓϣⲟⲙⲛⲧ"/><!-- ⲡⲉⲉⲓϣⲟⲙⲛⲧ -->
<feat xlink:href="#orig_group_314" value="ⲧⲛⲟϭ"/><!-- ⲧ...ⲛⲟϭ -->
<feat xlink:href="#orig_group_316" value="ⲇⲉ"/><!-- ⲇⲉ -->
<feat xlink:href="#orig_group_317" value="ⲉⲛⲁⲓ"/><!-- ⲉ...ⲛⲁⲓ -->
<feat xlink:href="#orig_group_319" value="ⲧⲉ"/><!-- ⲧⲉ -->
<feat xlink:href="#orig_group_320" value="ⲧⲁⲅⲁⲡⲏ"/><!-- ⲧ...ⲁⲅⲁⲡⲏ -->
<feat xlink:href="#orig_group_322" value="."/><!-- . -->
</featList>
</paula>
