<?xml version="1.0" encoding="UTF-8" standalone="no"?>

<!DOCTYPE paula SYSTEM "paula_feat.dtd">
<paula version="1.0">

<header paula_id="sahidica.nt.1_Corinthians_13_pos"/>

<featList xmlns:xlink="http://www.w3.org/1999/xlink" type="pos" xml:base="sahidica.nt.1_Corinthians_13.posSeg.xml">
<feat xlink:href="#pos_1" value="ACOND_PPERS"/><!-- ⲉⲓϣⲁⲛ -->
<feat xlink:href="#pos_2" value="V"/><!-- ϣⲁϫⲉ -->
<feat xlink:href="#pos_3" value="PREP"/><!-- ⲛ -->
<feat xlink:href="#pos_4" value="ART"/><!-- ⲛ -->
<feat xlink:href="#pos_5" value="N"/><!-- ⲁⲥⲡⲉ -->
<feat xlink:href="#pos_6" value="PREP"/><!-- ⲛ -->
<feat xlink:href="#pos_7" value="ART"/><!-- ⲛ -->
<feat xlink:href="#pos_8" value="N"/><!-- ⲣⲱⲙⲉ -->
<feat xlink:href="#pos_9" value="EXIST"/><!-- ⲙⲛⲧⲁ -->
<feat xlink:href="#pos_10" value="ART"/><!-- ⲛ -->
<feat xlink:href="#pos_11" value="N"/><!-- ⲁⲅⲅⲉⲗⲟⲥ -->
<feat xlink:href="#pos_12" value="CCIRC"/><!-- ⲉ -->
<feat xlink:href="#pos_13" value="EXIST"/><!-- ⲙⲛⲧⲁ -->
<feat xlink:href="#pos_14" value="PPERO"/><!-- ⲓ -->
<feat xlink:href="#pos_15" value="N"/><!-- ⲁⲅⲁⲡⲏ -->
<feat xlink:href="#pos_16" value="PTC"/><!-- ⲇⲉ -->
<feat xlink:href="#pos_17" value="ADV"/><!-- ⲙⲙⲁⲩ -->
<feat xlink:href="#pos_18" value="PREP"/><!-- ⲛ -->
<feat xlink:href="#pos_19" value="PDEM"/><!-- ⲧⲁⲓ -->
<feat xlink:href="#pos_20" value="N"/><!-- ⲣⲑⲉ -->
<feat xlink:href="#pos_21" value="PREP"/><!-- ⲛ -->
<feat xlink:href="#pos_22" value="ART"/><!-- ⲟⲩ -->
<feat xlink:href="#pos_23" value="N"/><!-- ϩⲟⲙⲛⲧ -->
<feat xlink:href="#pos_24" value="V"/><!-- ⲉϥϯϩⲣⲟⲟⲩ -->
<feat xlink:href="#pos_25" value="N"/><!-- ⲏⲟⲩⲕⲩⲙⲃⲁⲗⲟⲛ -->
<feat xlink:href="#pos_26" value="CCIRC"/><!-- ⲉ -->
<feat xlink:href="#pos_27" value="PPERS"/><!-- ϥ -->
<feat xlink:href="#pos_28" value="V"/><!-- ⲱϣ -->
<feat xlink:href="#pos_29" value="ADV"/><!-- ⲉⲃⲟⲗ -->
<feat xlink:href="#pos_30" value="PUNCT"/><!-- . -->
<feat xlink:href="#pos_31" value="CONJ"/><!-- ⲁⲩⲱ -->
<feat xlink:href="#pos_32" value="CONJ"/><!-- ⲉϣⲱⲡⲉ -->
<feat xlink:href="#pos_33" value="EXIST"/><!-- ⲟⲩⲛⲧⲁ -->
<feat xlink:href="#pos_34" value="PPERO"/><!-- ⲓ -->
<feat xlink:href="#pos_35" value="PREP"/><!-- ⲛ -->
<feat xlink:href="#pos_36" value="ART"/><!-- ⲟⲩ -->
<feat xlink:href="#pos_37" value="N"/><!-- ⲡⲣⲟⲫⲏⲧⲓⲁ -->
<feat xlink:href="#pos_38" value="PUNCT"/><!-- . -->
<feat xlink:href="#pos_39" value="N"/><!-- ⲧⲁⲉⲓⲙⲉ -->
<feat xlink:href="#pos_40" value="PREP"/><!-- ⲉ -->
<feat xlink:href="#pos_41" value="ART"/><!-- ⲙ -->
<feat xlink:href="#pos_42" value="N"/><!-- ⲙⲩⲥⲧⲏⲣⲓⲟⲛ -->
<feat xlink:href="#pos_43" value="IMOD"/><!-- ⲧⲏⲣ -->
<feat xlink:href="#pos_44" value="PPERO"/><!-- ⲟⲩ -->
<feat xlink:href="#pos_45" value="PREP"/><!-- ⲙⲛ -->
<feat xlink:href="#pos_46" value="ART"/><!-- ⲡ -->
<feat xlink:href="#pos_47" value="N"/><!-- ⲥⲟⲟⲩⲛ -->
<feat xlink:href="#pos_48" value="N"/><!-- ⲧⲏⲣϥ -->
<feat xlink:href="#pos_49" value="PUNCT"/><!-- . -->
<feat xlink:href="#pos_50" value="CONJ"/><!-- ⲕⲁⲛ -->
<feat xlink:href="#pos_51" value="NPROP"/><!-- ⲉⲩⲛⲧⲁⲓ -->
<feat xlink:href="#pos_52" value="ART"/><!-- ⲧ -->
<feat xlink:href="#pos_53" value="N"/><!-- ⲡⲓⲥⲧⲓⲥ -->
<feat xlink:href="#pos_54" value="IMOD"/><!-- ⲧⲏⲣ -->
<feat xlink:href="#pos_55" value="PPERO"/><!-- ⲥ -->
<feat xlink:href="#pos_56" value="CONJ"/><!-- ϩⲱⲥⲧⲉ -->
<feat xlink:href="#pos_57" value="V"/><!-- ⲉⲡⲉⲛⲉⲧⲟⲟⲩ -->
<feat xlink:href="#pos_58" value="ADV"/><!-- ⲉⲃⲟⲗ -->
<feat xlink:href="#pos_59" value="V"/><!-- ⲉⲙ -->
<feat xlink:href="#pos_60" value="PREP"/><!-- ⲛ -->
<feat xlink:href="#pos_61" value="N"/><!-- ⲁⲅⲁⲡⲏ -->
<feat xlink:href="#pos_62" value="PTC"/><!-- ⲇⲉ -->
<feat xlink:href="#pos_63" value="PREP"/><!-- ⲛϩⲏⲧ -->
<feat xlink:href="#pos_64" value="PPERI"/><!-- ⲁⲛⲅ -->
<feat xlink:href="#pos_65" value="ART"/><!-- ⲟⲩ -->
<feat xlink:href="#pos_66" value="N"/><!-- ⲗⲁⲁⲩ -->
<feat xlink:href="#pos_67" value="PUNCT"/><!-- . -->
<feat xlink:href="#pos_68" value="V"/><!-- ⲕⲁⲛⲉⲓϣⲁⲛⲧⲙⲙⲟ -->
<feat xlink:href="#pos_69" value="PREP"/><!-- ⲛ -->
<feat xlink:href="#pos_70" value="PPOS"/><!-- ⲛⲁ -->
<feat xlink:href="#pos_71" value="N"/><!-- ϩⲩⲡⲁⲣⲭⲟⲛⲧⲁ -->
<feat xlink:href="#pos_72" value="IMOD"/><!-- ⲧⲏⲣ -->
<feat xlink:href="#pos_73" value="PPERO"/><!-- ⲟⲩ -->
<feat xlink:href="#pos_74" value="PUNCT"/><!-- . -->
<feat xlink:href="#pos_75" value="CONJ"/><!-- ⲁⲩⲱ -->
<feat xlink:href="#pos_76" value="ACONJ_PPERS"/><!-- ⲧⲁ -->
<feat xlink:href="#pos_77" value="V"/><!-- ϯ -->
<feat xlink:href="#pos_78" value="PREP"/><!-- ⲙ -->
<feat xlink:href="#pos_79" value="PPOS"/><!-- ⲡⲁ -->
<feat xlink:href="#pos_80" value="N"/><!-- ⲥⲱⲙⲁ -->
<feat xlink:href="#pos_81" value="CONJ"/><!-- ϫⲉ -->
<feat xlink:href="#pos_82" value="AOPT_PPERS"/><!-- ⲉⲓⲉ -->
<feat xlink:href="#pos_83" value="V"/><!-- ϣⲟⲩϣⲟⲩ -->
<feat xlink:href="#pos_84" value="PREP"/><!-- ⲙⲙⲟ -->
<feat xlink:href="#pos_85" value="PPERO"/><!-- ⲓ -->
<feat xlink:href="#pos_86" value="CCIRC"/><!-- ⲉ -->
<feat xlink:href="#pos_87" value="EXIST"/><!-- ⲙⲛⲧⲁ -->
<feat xlink:href="#pos_88" value="PPERO"/><!-- ⲓ -->
<feat xlink:href="#pos_89" value="N"/><!-- ⲁⲅⲁⲡⲏ -->
<feat xlink:href="#pos_90" value="PTC"/><!-- ⲇⲉ -->
<feat xlink:href="#pos_91" value="ADV"/><!-- ⲙⲙⲁⲩ -->
<feat xlink:href="#pos_92" value="ADV"/><!-- ⲛϯⲛⲁϯϩⲏⲩ -->
<feat xlink:href="#pos_93" value="NEG"/><!-- ⲁⲛ -->
<feat xlink:href="#pos_94" value="PREP"/><!-- ⲛ -->
<feat xlink:href="#pos_95" value="N"/><!-- ⲗⲁⲁⲩ -->
<feat xlink:href="#pos_96" value="PUNCT"/><!-- . -->
<feat xlink:href="#pos_97" value="ART"/><!-- ⲧ -->
<feat xlink:href="#pos_98" value="N"/><!-- ⲁⲅⲁⲡⲏ -->
<feat xlink:href="#pos_99" value="AAOR"/><!-- ϣⲁ -->
<feat xlink:href="#pos_100" value="PPERS"/><!-- ⲥ -->
<feat xlink:href="#pos_101" value="V"/><!-- ϩⲣⲟϣ -->
<feat xlink:href="#pos_102" value="PREP"/><!-- ⲛϩⲏⲧ -->
<feat xlink:href="#pos_103" value="AAOR"/><!-- ϣⲁ -->
<feat xlink:href="#pos_104" value="PPERS"/><!-- ⲥ -->
<feat xlink:href="#pos_105" value="V"/><!-- ⲣ -->
<feat xlink:href="#pos_106" value="N"/><!-- ⲭⲣⲏⲥⲧⲟⲥ -->
<feat xlink:href="#pos_107" value="ART"/><!-- ⲧ -->
<feat xlink:href="#pos_108" value="N"/><!-- ⲁⲅⲁⲡⲏ -->
<feat xlink:href="#pos_109" value="ANEGAOR"/><!-- ⲙⲉ -->
<feat xlink:href="#pos_110" value="PPERS"/><!-- ⲥ -->
<feat xlink:href="#pos_111" value="V"/><!-- ⲕⲱϩ -->
<feat xlink:href="#pos_112" value="N"/><!-- ⲙⲉⲥⲣⲡⲉⲣⲡⲉⲣⲟⲥ -->
<feat xlink:href="#pos_113" value="ANEGAOR"/><!-- ⲙⲉ -->
<feat xlink:href="#pos_114" value="PPERS"/><!-- ⲥ -->
<feat xlink:href="#pos_115" value="V"/><!-- ϫⲓⲥⲉ -->
<feat xlink:href="#pos_116" value="PREP"/><!-- ⲛϩⲏⲧ -->
<feat xlink:href="#pos_117" value="PUNCT"/><!-- . -->
<feat xlink:href="#pos_118" value="N"/><!-- ⲙⲉⲥⲁⲥⲭⲩⲙⲟⲛⲓ -->
<feat xlink:href="#pos_119" value="PUNCT"/><!-- . -->
<feat xlink:href="#pos_120" value="ANEGAOR"/><!-- ⲙⲉ -->
<feat xlink:href="#pos_121" value="PPERS"/><!-- ⲥ -->
<feat xlink:href="#pos_122" value="V"/><!-- ϣⲓⲛⲉ -->
<feat xlink:href="#pos_123" value="PREP"/><!-- ⲛⲥⲁ -->
<feat xlink:href="#pos_124" value="N"/><!-- ⲛⲉⲧⲉⲛⲟⲩⲥ -->
<feat xlink:href="#pos_125" value="COP"/><!-- ⲛⲉ -->
<feat xlink:href="#pos_126" value="PUNCT"/><!-- . -->
<feat xlink:href="#pos_127" value="V"/><!-- ⲙⲉ -->
<feat xlink:href="#pos_128" value="PPERO"/><!-- ⲥ -->
<feat xlink:href="#pos_129" value="N"/><!-- ⲛⲟⲩϭⲥ -->
<feat xlink:href="#pos_130" value="ANEGAOR"/><!-- ⲙⲉ -->
<feat xlink:href="#pos_131" value="PPERS"/><!-- ⲥ -->
<feat xlink:href="#pos_132" value="V"/><!-- ⲙⲉⲉⲩⲉ -->
<feat xlink:href="#pos_133" value="PREP"/><!-- ⲉ -->
<feat xlink:href="#pos_134" value="ART"/><!-- ⲡ -->
<feat xlink:href="#pos_135" value="N"/><!-- ⲡⲉⲑⲟⲟⲩ -->
<feat xlink:href="#pos_136" value="PUNCT"/><!-- . -->
<feat xlink:href="#pos_137" value="ANEGAOR"/><!-- ⲙⲉ -->
<feat xlink:href="#pos_138" value="PPERS"/><!-- ⲥ -->
<feat xlink:href="#pos_139" value="V"/><!-- ⲣⲁϣⲉ -->
<feat xlink:href="#pos_140" value="PREP"/><!-- ⲉϫⲙ -->
<feat xlink:href="#pos_141" value="NPROP"/><!-- ⲡϫⲓ -->
<feat xlink:href="#pos_142" value="ART"/><!-- ⲛ -->
<feat xlink:href="#pos_143" value="N"/><!-- ϭⲟⲛⲥ -->
<feat xlink:href="#pos_144" value="PUNCT"/><!-- . -->
<feat xlink:href="#pos_145" value="AAOR"/><!-- ϣⲁ -->
<feat xlink:href="#pos_146" value="PPERS"/><!-- ⲥ -->
<feat xlink:href="#pos_147" value="V"/><!-- ⲣⲁϣⲉ -->
<feat xlink:href="#pos_148" value="PPERI"/><!-- ⲛⲧⲟϥ -->
<feat xlink:href="#pos_149" value="PREP"/><!-- ⲙⲛ -->
<feat xlink:href="#pos_150" value="ART"/><!-- ⲧ -->
<feat xlink:href="#pos_151" value="N"/><!-- ⲙⲉ -->
<feat xlink:href="#pos_152" value="PUNCT"/><!-- . -->
<feat xlink:href="#pos_153" value="AAOR"/><!-- ϣⲁ -->
<feat xlink:href="#pos_154" value="PPERS"/><!-- ⲥ -->
<feat xlink:href="#pos_155" value="V"/><!-- ϥⲓ -->
<feat xlink:href="#pos_156" value="PREP"/><!-- ϩⲁ -->
<feat xlink:href="#pos_157" value="N"/><!-- ϩⲱⲃ -->
<feat xlink:href="#pos_158" value="PINT"/><!-- ⲛⲓⲙ -->
<feat xlink:href="#pos_159" value="AAOR"/><!-- ϣⲁ -->
<feat xlink:href="#pos_160" value="PPERS"/><!-- ⲥ -->
<feat xlink:href="#pos_161" value="V"/><!-- ⲡⲓⲥⲧⲉⲩⲉ -->
<feat xlink:href="#pos_162" value="ADV"/><!-- ⲉⲡⲧⲏⲣϥ -->
<feat xlink:href="#pos_163" value="AAOR"/><!-- ϣⲁ -->
<feat xlink:href="#pos_164" value="PPERS"/><!-- ⲥ -->
<feat xlink:href="#pos_165" value="V"/><!-- ϩⲉⲗⲡⲓⲍⲉ -->
<feat xlink:href="#pos_166" value="ADV"/><!-- ⲉⲡⲧⲏⲣϥ -->
<feat xlink:href="#pos_167" value="AAOR"/><!-- ϣⲁ -->
<feat xlink:href="#pos_168" value="PPERS"/><!-- ⲥ -->
<feat xlink:href="#pos_169" value="V"/><!-- ϩⲩⲡⲟⲙⲓⲛⲉ -->
<feat xlink:href="#pos_170" value="ADV"/><!-- ⲉⲡⲧⲏⲣϥ -->
<feat xlink:href="#pos_171" value="PUNCT"/><!-- . -->
<feat xlink:href="#pos_172" value="ART"/><!-- ⲧ -->
<feat xlink:href="#pos_173" value="N"/><!-- ⲁⲅⲁⲡⲏ -->
<feat xlink:href="#pos_174" value="ANEGAOR"/><!-- ⲙⲉ -->
<feat xlink:href="#pos_175" value="PPERS"/><!-- ⲥ -->
<feat xlink:href="#pos_176" value="V"/><!-- ϩⲉ -->
<feat xlink:href="#pos_177" value="ADV"/><!-- ⲉⲛⲉϩ -->
<feat xlink:href="#pos_178" value="CONJ"/><!-- ⲉⲓⲧⲉ -->
<feat xlink:href="#pos_179" value="PTC"/><!-- ⲇⲉ -->
<feat xlink:href="#pos_180" value="ART"/><!-- ⲛⲉ -->
<feat xlink:href="#pos_181" value="N"/><!-- ⲡⲣⲟⲫⲏⲧⲓⲁ -->
<feat xlink:href="#pos_182" value="PPERS"/><!-- ⲥⲉ -->
<feat xlink:href="#pos_183" value="FUT"/><!-- ⲛⲁ -->
<feat xlink:href="#pos_184" value="V"/><!-- ⲟⲩⲱⲥϥ -->
<feat xlink:href="#pos_185" value="CONJ"/><!-- ⲉⲓⲧⲉ -->
<feat xlink:href="#pos_186" value="ART"/><!-- ⲛ -->
<feat xlink:href="#pos_187" value="N"/><!-- ⲁⲥⲡⲉ -->
<feat xlink:href="#pos_188" value="PPERS"/><!-- ⲥⲉ -->
<feat xlink:href="#pos_189" value="FUT"/><!-- ⲛⲁ -->
<feat xlink:href="#pos_190" value="V"/><!-- ⲗⲟ -->
<feat xlink:href="#pos_191" value="CONJ"/><!-- ⲉⲓⲧⲉ -->
<feat xlink:href="#pos_192" value="ART"/><!-- ⲛ -->
<feat xlink:href="#pos_193" value="N"/><!-- ⲥⲟⲟⲩⲛ -->
<feat xlink:href="#pos_194" value="PPERS"/><!-- ⲥⲉ -->
<feat xlink:href="#pos_195" value="FUT"/><!-- ⲛⲁ -->
<feat xlink:href="#pos_196" value="V"/><!-- ⲟⲩⲱⲥϥ -->
<feat xlink:href="#pos_197" value="PUNCT"/><!-- . -->
<feat xlink:href="#pos_198" value="CCIRC"/><!-- ⲉ -->
<feat xlink:href="#pos_199" value="PPERS"/><!-- ⲛ -->
<feat xlink:href="#pos_200" value="V"/><!-- ⲥⲟⲟⲩⲛ -->
<feat xlink:href="#pos_201" value="PTC"/><!-- ⲅⲁⲣ -->
<feat xlink:href="#pos_202" value="ADV"/><!-- ⲉⲃⲟⲗ -->
<feat xlink:href="#pos_203" value="PREP"/><!-- ϩⲛ -->
<feat xlink:href="#pos_204" value="ART"/><!-- ⲟⲩ -->
<feat xlink:href="#pos_205" value="N"/><!-- ⲙⲉⲣⲟⲥ -->
<feat xlink:href="#pos_206" value="PUNCT"/><!-- . -->
<feat xlink:href="#pos_207" value="CONJ"/><!-- ⲁⲩⲱ -->
<feat xlink:href="#pos_208" value="CFOC"/><!-- ⲉ -->
<feat xlink:href="#pos_209" value="PPERS"/><!-- ⲛ -->
<feat xlink:href="#pos_210" value="V"/><!-- ⲡⲣⲟⲫⲏⲧⲉⲩⲉ -->
<feat xlink:href="#pos_211" value="ADV"/><!-- ⲉⲃⲟⲗ -->
<feat xlink:href="#pos_212" value="PREP"/><!-- ϩⲛ -->
<feat xlink:href="#pos_213" value="ART"/><!-- ⲟⲩ -->
<feat xlink:href="#pos_214" value="N"/><!-- ⲙⲉⲣⲟⲥ -->
<feat xlink:href="#pos_215" value="PUNCT"/><!-- . -->
<feat xlink:href="#pos_216" value="CONJ"/><!-- ϩⲟⲧⲁⲛ -->
<feat xlink:href="#pos_217" value="PTC"/><!-- ⲇⲉ -->
<feat xlink:href="#pos_218" value="ACOND_PPERS"/><!-- ⲉϥϣⲁⲛ -->
<feat xlink:href="#pos_219" value="V"/><!-- ⲉⲓ -->
<feat xlink:href="#pos_220" value="PTC"/><!-- ⲛϭⲓ -->
<feat xlink:href="#pos_221" value="NPROP"/><!-- ⲡϫⲱⲕ -->
<feat xlink:href="#pos_222" value="ADV"/><!-- ⲡⲉⲃⲟⲗ -->
<feat xlink:href="#pos_223" value="PREP"/><!-- ϩⲙ -->
<feat xlink:href="#pos_224" value="ART"/><!-- ⲡ -->
<feat xlink:href="#pos_225" value="N"/><!-- ⲙⲉⲣⲟⲥ -->
<feat xlink:href="#pos_226" value="FUT"/><!-- ⲛⲁ -->
<feat xlink:href="#pos_227" value="V"/><!-- ⲟⲩⲱⲥϥ -->
<feat xlink:href="#pos_228" value="PUNCT"/><!-- . -->
<feat xlink:href="#pos_229" value="PREP"/><!-- ⲙ -->
<feat xlink:href="#pos_230" value="ART"/><!-- ⲡⲉ -->
<feat xlink:href="#pos_231" value="N"/><!-- ⲩⲟⲉⲓϣ -->
<feat xlink:href="#pos_232" value="CCIRC"/><!-- ⲉ -->
<feat xlink:href="#pos_233" value="PPERS"/><!-- ⲓ -->
<feat xlink:href="#pos_234" value="VSTAT"/><!-- ⲟ -->
<feat xlink:href="#pos_235" value="PREP"/><!-- ⲛ -->
<feat xlink:href="#pos_236" value="N"/><!-- ⲕⲟⲩⲓ -->
<feat xlink:href="#pos_237" value="N"/><!-- ⲛⲉⲉⲓϣⲁϫⲉ -->
<feat xlink:href="#pos_238" value="COP"/><!-- ⲡⲉ -->
<feat xlink:href="#pos_239" value="CONJ"/><!-- ϩⲱⲥ -->
<feat xlink:href="#pos_240" value="N"/><!-- ⲕⲟⲩⲓ -->
<feat xlink:href="#pos_241" value="CPRET"/><!-- ⲛⲉ -->
<feat xlink:href="#pos_242" value="PPERS"/><!-- ⲓ -->
<feat xlink:href="#pos_243" value="V"/><!-- ⲙⲉⲉⲩⲉ -->
<feat xlink:href="#pos_244" value="CONJ"/><!-- ϩⲱⲥ -->
<feat xlink:href="#pos_245" value="N"/><!-- ⲕⲟⲩⲓ -->
<feat xlink:href="#pos_246" value="PDEM"/><!-- ⲛⲉⲓ -->
<feat xlink:href="#pos_247" value="N"/><!-- ϣⲟϫⲛⲉ -->
<feat xlink:href="#pos_248" value="CONJ"/><!-- ϩⲱⲥ -->
<feat xlink:href="#pos_249" value="N"/><!-- ⲕⲟⲩⲓ -->
<feat xlink:href="#pos_250" value="APREC"/><!-- ⲛⲧⲉⲣ -->
<feat xlink:href="#pos_251" value="PPERS"/><!-- ⲓ -->
<feat xlink:href="#pos_252" value="V"/><!-- ⲣ -->
<feat xlink:href="#pos_253" value="N"/><!-- ⲛⲟϭ -->
<feat xlink:href="#pos_254" value="PTC"/><!-- ⲇⲉ -->
<feat xlink:href="#pos_255" value="APST"/><!-- ⲁ -->
<feat xlink:href="#pos_256" value="PPERS"/><!-- ⲓ -->
<feat xlink:href="#pos_257" value="V"/><!-- ⲟⲩⲱⲥϥ -->
<feat xlink:href="#pos_258" value="ANEGOPT_PPERS"/><!-- ⲛⲛⲁ -->
<feat xlink:href="#pos_259" value="ART"/><!-- ⲡ -->
<feat xlink:href="#pos_260" value="N"/><!-- ⲕⲟⲩⲓ -->
<feat xlink:href="#pos_261" value="PUNCT"/><!-- . -->
<feat xlink:href="#pos_262" value="PPERS"/><!-- ⲧⲛ -->
<feat xlink:href="#pos_263" value="V"/><!-- ⲛⲁⲩ -->
<feat xlink:href="#pos_264" value="PTC"/><!-- ⲅⲁⲣ -->
<feat xlink:href="#pos_265" value="ADV"/><!-- ⲧⲉⲛⲟⲩ -->
<feat xlink:href="#pos_266" value="PREP"/><!-- ϩⲓⲧⲛ -->
<feat xlink:href="#pos_267" value="ART"/><!-- ⲟⲩ -->
<feat xlink:href="#pos_268" value="N"/><!-- ⲉⲓⲁⲗ -->
<feat xlink:href="#pos_269" value="PREP"/><!-- ϩⲛ -->
<feat xlink:href="#pos_270" value="ART"/><!-- ⲟⲩ -->
<feat xlink:href="#pos_271" value="N"/><!-- ϩⲣⲃ -->
<feat xlink:href="#pos_272" value="PREP"/><!-- ⲙⲛⲛⲥⲱ -->
<feat xlink:href="#pos_273" value="PPERO"/><!-- ⲥ -->
<feat xlink:href="#pos_274" value="PTC"/><!-- ⲇⲉ -->
<feat xlink:href="#pos_275" value="ART"/><!-- ⲛ -->
<feat xlink:href="#pos_276" value="N"/><!-- ϩⲟ -->
<feat xlink:href="#pos_277" value="PREP"/><!-- ϩⲓ -->
<feat xlink:href="#pos_278" value="N"/><!-- ϩⲟ -->
<feat xlink:href="#pos_279" value="PUNCT"/><!-- . -->
<feat xlink:href="#pos_280" value="ADV"/><!-- ⲧⲉⲛⲟⲩ -->
<feat xlink:href="#pos_281" value="PTC"/><!-- ⲅⲁⲣ -->
<feat xlink:href="#pos_282" value="AOPT_PPERS"/><!-- ⲉⲓⲉ -->
<feat xlink:href="#pos_283" value="PPERS"/><!-- ⲓ -->
<feat xlink:href="#pos_284" value="V"/><!-- ⲙⲉ -->
<feat xlink:href="#pos_285" value="ADV"/><!-- ⲉⲃⲟⲗ -->
<feat xlink:href="#pos_286" value="PREP"/><!-- ϩⲛ -->
<feat xlink:href="#pos_287" value="ART"/><!-- ⲟⲩ -->
<feat xlink:href="#pos_288" value="N"/><!-- ⲙⲉⲣⲟⲥ -->
<feat xlink:href="#pos_289" value="PUNCT"/><!-- . -->
<feat xlink:href="#pos_290" value="PREP"/><!-- ⲙⲛⲛⲥⲱ -->
<feat xlink:href="#pos_291" value="PPERO"/><!-- ⲥ -->
<feat xlink:href="#pos_292" value="PTC"/><!-- ⲇⲉ -->
<feat xlink:href="#pos_293" value="PPERS"/><!-- ϯ -->
<feat xlink:href="#pos_294" value="FUT"/><!-- ⲛⲁ -->
<feat xlink:href="#pos_295" value="V"/><!-- ⲥⲟⲟⲩⲛ -->
<feat xlink:href="#pos_296" value="PREP"/><!-- ⲕⲁⲧⲁ -->
<feat xlink:href="#pos_297" value="ART"/><!-- ⲧ -->
<feat xlink:href="#pos_298" value="N"/><!-- ϩⲉ -->
<feat xlink:href="#pos_299" value="ADV"/><!-- ⲟⲛ -->
<feat xlink:href="#pos_300" value="N"/><!-- ⲉⲛⲧⲁⲩⲥⲟⲩⲱⲛⲧ -->
<feat xlink:href="#pos_301" value="PUNCT"/><!-- . -->
<feat xlink:href="#pos_302" value="ADV"/><!-- ⲧⲉⲛⲟⲩ -->
<feat xlink:href="#pos_303" value="ART"/><!-- ϭⲉ -->
<feat xlink:href="#pos_304" value="PPERS"/><!-- ⲥ -->
<feat xlink:href="#pos_305" value="VSTAT"/><!-- ϣⲟⲟⲡ -->
<feat xlink:href="#pos_306" value="PTC"/><!-- ⲛϭⲓ -->
<feat xlink:href="#pos_307" value="ART"/><!-- ⲧ -->
<feat xlink:href="#pos_308" value="N"/><!-- ⲡⲓⲥⲧⲓⲥ -->
<feat xlink:href="#pos_309" value="ART"/><!-- ⲧ -->
<feat xlink:href="#pos_310" value="N"/><!-- ϩⲉⲗⲡⲓⲥ -->
<feat xlink:href="#pos_311" value="ART"/><!-- ⲧ -->
<feat xlink:href="#pos_312" value="N"/><!-- ⲁⲅⲁⲡⲏ -->
<feat xlink:href="#pos_313" value="NPROP"/><!-- ⲡⲉⲉⲓϣⲟⲙⲛⲧ -->
<feat xlink:href="#pos_314" value="ART"/><!-- ⲧ -->
<feat xlink:href="#pos_315" value="N"/><!-- ⲛⲟϭ -->
<feat xlink:href="#pos_316" value="PTC"/><!-- ⲇⲉ -->
<feat xlink:href="#pos_317" value="CREL"/><!-- ⲉ -->
<feat xlink:href="#pos_318" value="PDEM"/><!-- ⲛⲁⲓ -->
<feat xlink:href="#pos_319" value="COP"/><!-- ⲧⲉ -->
<feat xlink:href="#pos_320" value="ART"/><!-- ⲧ -->
<feat xlink:href="#pos_321" value="N"/><!-- ⲁⲅⲁⲡⲏ -->
<feat xlink:href="#pos_322" value="PUNCT"/><!-- . -->
</featList>
</paula>
