<?xml version="1.0" encoding="UTF-8" standalone="no"?>

<!DOCTYPE paula SYSTEM "paula_mark.dtd">
<paula version="1.0">

<header paula_id="sahidica.nt.1_Corinthians_13_origSeg"/>

<markList xmlns:xlink="http://www.w3.org/1999/xlink" type="origSeg" xml:base="sahidica.nt.1_Corinthians_13.tok.xml">
<mark id="orig_1" xlink:href="#tok_1"/><!-- ⲉⲓϣⲁⲛ -->
<mark id="orig_2" xlink:href="#tok_2"/><!-- ϣⲁϫⲉ -->
<mark id="orig_3" xlink:href="#tok_3"/><!-- ⲛ -->
<mark id="orig_4" xlink:href="#tok_4"/><!-- ⲛ -->
<mark id="orig_5" xlink:href="#tok_5"/><!-- ⲁⲥⲡⲉ -->
<mark id="orig_6" xlink:href="#tok_6"/><!-- ⲛ -->
<mark id="orig_7" xlink:href="#tok_7"/><!-- ⲛ -->
<mark id="orig_8" xlink:href="#tok_8"/><!-- ⲣⲱⲙⲉ -->
<mark id="orig_9" xlink:href="#tok_9"/><!-- ⲙⲛⲧⲁ -->
<mark id="orig_10" xlink:href="#tok_10"/><!-- ⲛ -->
<mark id="orig_11" xlink:href="#tok_11"/><!-- ⲁⲅⲅⲉⲗⲟⲥ -->
<mark id="orig_12" xlink:href="#tok_12"/><!-- ⲉ -->
<mark id="orig_13" xlink:href="#tok_13"/><!-- ⲙⲛⲧⲁ -->
<mark id="orig_14" xlink:href="#tok_14"/><!-- ⲓ -->
<mark id="orig_15" xlink:href="#tok_15"/><!-- ⲁⲅⲁⲡⲏ -->
<mark id="orig_16" xlink:href="#tok_16"/><!-- ⲇⲉ -->
<mark id="orig_17" xlink:href="#tok_17"/><!-- ⲙⲙⲁⲩ -->
<mark id="orig_18" xlink:href="#tok_18"/><!-- ⲛ -->
<mark id="orig_19" xlink:href="#tok_19"/><!-- ⲧⲁⲓ -->
<mark id="orig_20" xlink:href="#tok_20"/><!-- ⲣⲑⲉ -->
<mark id="orig_21" xlink:href="#tok_21"/><!-- ⲛ -->
<mark id="orig_22" xlink:href="#tok_22"/><!-- ⲟⲩ -->
<mark id="orig_23" xlink:href="#tok_23"/><!-- ϩⲟⲙⲛⲧ -->
<mark id="orig_24" xlink:href="#tok_24"/><!-- ⲉϥϯϩⲣⲟⲟⲩ -->
<mark id="orig_25" xlink:href="#tok_25"/><!-- ⲏⲟⲩⲕⲩⲙⲃⲁⲗⲟⲛ -->
<mark id="orig_26" xlink:href="#tok_26"/><!-- ⲉ -->
<mark id="orig_27" xlink:href="#tok_27"/><!-- ϥ -->
<mark id="orig_28" xlink:href="#tok_28"/><!-- ⲱϣ -->
<mark id="orig_29" xlink:href="#tok_29"/><!-- ⲉⲃⲟⲗ -->
<mark id="orig_30" xlink:href="#tok_30"/><!-- . -->
<mark id="orig_31" xlink:href="#tok_31"/><!-- ⲁⲩⲱ -->
<mark id="orig_32" xlink:href="#tok_32"/><!-- ⲉϣⲱⲡⲉ -->
<mark id="orig_33" xlink:href="#tok_33"/><!-- ⲟⲩⲛⲧⲁ -->
<mark id="orig_34" xlink:href="#tok_34"/><!-- ⲓ -->
<mark id="orig_35" xlink:href="#tok_35"/><!-- ⲛ -->
<mark id="orig_36" xlink:href="#tok_36"/><!-- ⲟⲩ -->
<mark id="orig_37" xlink:href="#tok_37"/><!-- ⲡⲣⲟⲫⲏⲧⲓⲁ -->
<mark id="orig_38" xlink:href="#tok_38"/><!-- . -->
<mark id="orig_39" xlink:href="#tok_39"/><!-- ⲧⲁⲉⲓⲙⲉ -->
<mark id="orig_40" xlink:href="#tok_40"/><!-- ⲉ -->
<mark id="orig_41" xlink:href="#tok_41"/><!-- ⲙ -->
<mark id="orig_42" xlink:href="#tok_42"/><!-- ⲙⲩⲥⲧⲏⲣⲓⲟⲛ -->
<mark id="orig_43" xlink:href="#tok_43"/><!-- ⲧⲏⲣ -->
<mark id="orig_44" xlink:href="#tok_44"/><!-- ⲟⲩ -->
<mark id="orig_45" xlink:href="#tok_45"/><!-- ⲙⲛ -->
<mark id="orig_46" xlink:href="#tok_46"/><!-- ⲡ -->
<mark id="orig_47" xlink:href="#tok_47"/><!-- ⲥⲟⲟⲩⲛ -->
<mark id="orig_48" xlink:href="#tok_48"/><!-- ⲧⲏⲣϥ -->
<mark id="orig_49" xlink:href="#tok_49"/><!-- . -->
<mark id="orig_50" xlink:href="#tok_50"/><!-- ⲕⲁⲛ -->
<mark id="orig_51" xlink:href="#tok_51"/><!-- ⲉⲩⲛⲧⲁⲓ -->
<mark id="orig_52" xlink:href="#tok_52"/><!-- ⲧ -->
<mark id="orig_53" xlink:href="#tok_53"/><!-- ⲡⲓⲥⲧⲓⲥ -->
<mark id="orig_54" xlink:href="#tok_54"/><!-- ⲧⲏⲣ -->
<mark id="orig_55" xlink:href="#tok_55"/><!-- ⲥ -->
<mark id="orig_56" xlink:href="#tok_56"/><!-- ϩⲱⲥⲧⲉ -->
<mark id="orig_57" xlink:href="#tok_57"/><!-- ⲉⲡⲉⲛⲉⲧⲟⲟⲩ -->
<mark id="orig_58" xlink:href="#tok_58"/><!-- ⲉⲃⲟⲗ -->
<mark id="orig_59" xlink:href="#tok_59"/><!-- ⲉⲙ -->
<mark id="orig_60" xlink:href="#tok_60"/><!-- ⲛ -->
<mark id="orig_61" xlink:href="#tok_61"/><!-- ⲁⲅⲁⲡⲏ -->
<mark id="orig_62" xlink:href="#tok_62"/><!-- ⲇⲉ -->
<mark id="orig_63" xlink:href="#tok_63"/><!-- ⲛϩⲏⲧ -->
<mark id="orig_64" xlink:href="#tok_64"/><!-- ⲁⲛⲅ -->
<mark id="orig_65" xlink:href="#tok_65"/><!-- ⲟⲩ -->
<mark id="orig_66" xlink:href="#tok_66"/><!-- ⲗⲁⲁⲩ -->
<mark id="orig_67" xlink:href="#tok_67"/><!-- . -->
<mark id="orig_68" xlink:href="#tok_68"/><!-- ⲕⲁⲛⲉⲓϣⲁⲛⲧⲙⲙⲟ -->
<mark id="orig_69" xlink:href="#tok_69"/><!-- ⲛ -->
<mark id="orig_70" xlink:href="#tok_70"/><!-- ⲛⲁ -->
<mark id="orig_71" xlink:href="#tok_71"/><!-- ϩⲩⲡⲁⲣⲭⲟⲛⲧⲁ -->
<mark id="orig_72" xlink:href="#tok_72"/><!-- ⲧⲏⲣ -->
<mark id="orig_73" xlink:href="#tok_73"/><!-- ⲟⲩ -->
<mark id="orig_74" xlink:href="#tok_74"/><!-- . -->
<mark id="orig_75" xlink:href="#tok_75"/><!-- ⲁⲩⲱ -->
<mark id="orig_76" xlink:href="#tok_76"/><!-- ⲧⲁ -->
<mark id="orig_77" xlink:href="#tok_77"/><!-- ϯ -->
<mark id="orig_78" xlink:href="#tok_78"/><!-- ⲙ -->
<mark id="orig_79" xlink:href="#tok_79"/><!-- ⲡⲁ -->
<mark id="orig_80" xlink:href="#tok_80"/><!-- ⲥⲱⲙⲁ -->
<mark id="orig_81" xlink:href="#tok_81"/><!-- ϫⲉ -->
<mark id="orig_82" xlink:href="#tok_82"/><!-- ⲉⲓⲉ -->
<mark id="orig_83" xlink:href="#tok_83"/><!-- ϣⲟⲩϣⲟⲩ -->
<mark id="orig_84" xlink:href="#tok_84"/><!-- ⲙⲙⲟ -->
<mark id="orig_85" xlink:href="#tok_85"/><!-- ⲓ -->
<mark id="orig_86" xlink:href="#tok_86"/><!-- ⲉ -->
<mark id="orig_87" xlink:href="#tok_87"/><!-- ⲙⲛⲧⲁ -->
<mark id="orig_88" xlink:href="#tok_88"/><!-- ⲓ -->
<mark id="orig_89" xlink:href="#tok_89"/><!-- ⲁⲅⲁⲡⲏ -->
<mark id="orig_90" xlink:href="#tok_90"/><!-- ⲇⲉ -->
<mark id="orig_91" xlink:href="#tok_91"/><!-- ⲙⲙⲁⲩ -->
<mark id="orig_92" xlink:href="#tok_92"/><!-- ⲛϯⲛⲁϯϩⲏⲩ -->
<mark id="orig_93" xlink:href="#tok_93"/><!-- ⲁⲛ -->
<mark id="orig_94" xlink:href="#tok_94"/><!-- ⲛ -->
<mark id="orig_95" xlink:href="#tok_95"/><!-- ⲗⲁⲁⲩ -->
<mark id="orig_96" xlink:href="#tok_96"/><!-- . -->
<mark id="orig_97" xlink:href="#tok_97"/><!-- ⲧ -->
<mark id="orig_98" xlink:href="#tok_98"/><!-- ⲁⲅⲁⲡⲏ -->
<mark id="orig_99" xlink:href="#tok_99"/><!-- ϣⲁ -->
<mark id="orig_100" xlink:href="#tok_100"/><!-- ⲥ -->
<mark id="orig_101" xlink:href="#tok_101"/><!-- ϩⲣⲟϣ -->
<mark id="orig_102" xlink:href="#tok_102"/><!-- ⲛϩⲏⲧ -->
<mark id="orig_103" xlink:href="#tok_103"/><!-- ϣⲁ -->
<mark id="orig_104" xlink:href="#tok_104"/><!-- ⲥ -->
<mark id="orig_105" xlink:href="#tok_105"/><!-- ⲣ -->
<mark id="orig_106" xlink:href="#tok_106"/><!-- ⲭⲣⲏⲥⲧⲟⲥ -->
<mark id="orig_107" xlink:href="#tok_107"/><!-- ⲧ -->
<mark id="orig_108" xlink:href="#tok_108"/><!-- ⲁⲅⲁⲡⲏ -->
<mark id="orig_109" xlink:href="#tok_109"/><!-- ⲙⲉ -->
<mark id="orig_110" xlink:href="#tok_110"/><!-- ⲥ -->
<mark id="orig_111" xlink:href="#tok_111"/><!-- ⲕⲱϩ -->
<mark id="orig_112" xlink:href="#tok_112"/><!-- ⲙⲉⲥⲣⲡⲉⲣⲡⲉⲣⲟⲥ -->
<mark id="orig_113" xlink:href="#tok_113"/><!-- ⲙⲉ -->
<mark id="orig_114" xlink:href="#tok_114"/><!-- ⲥ -->
<mark id="orig_115" xlink:href="#tok_115"/><!-- ϫⲓⲥⲉ -->
<mark id="orig_116" xlink:href="#tok_116"/><!-- ⲛϩⲏⲧ -->
<mark id="orig_117" xlink:href="#tok_117"/><!-- . -->
<mark id="orig_118" xlink:href="#tok_118"/><!-- ⲙⲉⲥⲁⲥⲭⲩⲙⲟⲛⲓ -->
<mark id="orig_119" xlink:href="#tok_119"/><!-- . -->
<mark id="orig_120" xlink:href="#tok_120"/><!-- ⲙⲉ -->
<mark id="orig_121" xlink:href="#tok_121"/><!-- ⲥ -->
<mark id="orig_122" xlink:href="#tok_122"/><!-- ϣⲓⲛⲉ -->
<mark id="orig_123" xlink:href="#tok_123"/><!-- ⲛⲥⲁ -->
<mark id="orig_124" xlink:href="#tok_124"/><!-- ⲛⲉⲧⲉⲛⲟⲩⲥ -->
<mark id="orig_125" xlink:href="#tok_125"/><!-- ⲛⲉ -->
<mark id="orig_126" xlink:href="#tok_126"/><!-- . -->
<mark id="orig_127" xlink:href="#tok_127"/><!-- ⲙⲉ -->
<mark id="orig_128" xlink:href="#tok_128"/><!-- ⲥ -->
<mark id="orig_129" xlink:href="#tok_129"/><!-- ⲛⲟⲩϭⲥ -->
<mark id="orig_130" xlink:href="#tok_130"/><!-- ⲙⲉ -->
<mark id="orig_131" xlink:href="#tok_131"/><!-- ⲥ -->
<mark id="orig_132" xlink:href="#tok_132"/><!-- ⲙⲉⲉⲩⲉ -->
<mark id="orig_133" xlink:href="#tok_133"/><!-- ⲉ -->
<mark id="orig_134" xlink:href="#tok_134"/><!-- ⲡ -->
<mark id="orig_135" xlink:href="#tok_135"/><!-- ⲡⲉⲑⲟⲟⲩ -->
<mark id="orig_136" xlink:href="#tok_136"/><!-- . -->
<mark id="orig_137" xlink:href="#tok_137"/><!-- ⲙⲉ -->
<mark id="orig_138" xlink:href="#tok_138"/><!-- ⲥ -->
<mark id="orig_139" xlink:href="#tok_139"/><!-- ⲣⲁϣⲉ -->
<mark id="orig_140" xlink:href="#tok_140"/><!-- ⲉϫⲙ -->
<mark id="orig_141" xlink:href="#tok_141"/><!-- ⲡϫⲓ -->
<mark id="orig_142" xlink:href="#tok_142"/><!-- ⲛ -->
<mark id="orig_143" xlink:href="#tok_143"/><!-- ϭⲟⲛⲥ -->
<mark id="orig_144" xlink:href="#tok_144"/><!-- . -->
<mark id="orig_145" xlink:href="#tok_145"/><!-- ϣⲁ -->
<mark id="orig_146" xlink:href="#tok_146"/><!-- ⲥ -->
<mark id="orig_147" xlink:href="#tok_147"/><!-- ⲣⲁϣⲉ -->
<mark id="orig_148" xlink:href="#tok_148"/><!-- ⲛⲧⲟϥ -->
<mark id="orig_149" xlink:href="#tok_149"/><!-- ⲙⲛ -->
<mark id="orig_150" xlink:href="#tok_150"/><!-- ⲧ -->
<mark id="orig_151" xlink:href="#tok_151"/><!-- ⲙⲉ -->
<mark id="orig_152" xlink:href="#tok_152"/><!-- . -->
<mark id="orig_153" xlink:href="#tok_153"/><!-- ϣⲁ -->
<mark id="orig_154" xlink:href="#tok_154"/><!-- ⲥ -->
<mark id="orig_155" xlink:href="#tok_155"/><!-- ϥⲓ -->
<mark id="orig_156" xlink:href="#tok_156"/><!-- ϩⲁ -->
<mark id="orig_157" xlink:href="#tok_157"/><!-- ϩⲱⲃ -->
<mark id="orig_158" xlink:href="#tok_158"/><!-- ⲛⲓⲙ -->
<mark id="orig_159" xlink:href="#tok_159"/><!-- ϣⲁ -->
<mark id="orig_160" xlink:href="#tok_160"/><!-- ⲥ -->
<mark id="orig_161" xlink:href="#tok_161"/><!-- ⲡⲓⲥⲧⲉⲩⲉ -->
<mark id="orig_162" xlink:href="#tok_162"/><!-- ⲉⲡⲧⲏⲣϥ -->
<mark id="orig_163" xlink:href="#tok_163"/><!-- ϣⲁ -->
<mark id="orig_164" xlink:href="#tok_164"/><!-- ⲥ -->
<mark id="orig_165" xlink:href="#tok_165"/><!-- ϩⲉⲗⲡⲓⲍⲉ -->
<mark id="orig_166" xlink:href="#tok_166"/><!-- ⲉⲡⲧⲏⲣϥ -->
<mark id="orig_167" xlink:href="#tok_167"/><!-- ϣⲁ -->
<mark id="orig_168" xlink:href="#tok_168"/><!-- ⲥ -->
<mark id="orig_169" xlink:href="#tok_169"/><!-- ϩⲩⲡⲟⲙⲓⲛⲉ -->
<mark id="orig_170" xlink:href="#tok_170"/><!-- ⲉⲡⲧⲏⲣϥ -->
<mark id="orig_171" xlink:href="#tok_171"/><!-- . -->
<mark id="orig_172" xlink:href="#tok_172"/><!-- ⲧ -->
<mark id="orig_173" xlink:href="#tok_173"/><!-- ⲁⲅⲁⲡⲏ -->
<mark id="orig_174" xlink:href="#tok_174"/><!-- ⲙⲉ -->
<mark id="orig_175" xlink:href="#tok_175"/><!-- ⲥ -->
<mark id="orig_176" xlink:href="#tok_176"/><!-- ϩⲉ -->
<mark id="orig_177" xlink:href="#tok_177"/><!-- ⲉⲛⲉϩ -->
<mark id="orig_178" xlink:href="#tok_178"/><!-- ⲉⲓⲧⲉ -->
<mark id="orig_179" xlink:href="#tok_179"/><!-- ⲇⲉ -->
<mark id="orig_180" xlink:href="#tok_180"/><!-- ⲛⲉ -->
<mark id="orig_181" xlink:href="#tok_181"/><!-- ⲡⲣⲟⲫⲏⲧⲓⲁ -->
<mark id="orig_182" xlink:href="#tok_182"/><!-- ⲥⲉ -->
<mark id="orig_183" xlink:href="#tok_183"/><!-- ⲛⲁ -->
<mark id="orig_184" xlink:href="#tok_184"/><!-- ⲟⲩⲱⲥϥ -->
<mark id="orig_185" xlink:href="#tok_185"/><!-- ⲉⲓⲧⲉ -->
<mark id="orig_186" xlink:href="#tok_186"/><!-- ⲛ -->
<mark id="orig_187" xlink:href="#tok_187"/><!-- ⲁⲥⲡⲉ -->
<mark id="orig_188" xlink:href="#tok_188"/><!-- ⲥⲉ -->
<mark id="orig_189" xlink:href="#tok_189"/><!-- ⲛⲁ -->
<mark id="orig_190" xlink:href="#tok_190"/><!-- ⲗⲟ -->
<mark id="orig_191" xlink:href="#tok_191"/><!-- ⲉⲓⲧⲉ -->
<mark id="orig_192" xlink:href="#tok_192"/><!-- ⲛ -->
<mark id="orig_193" xlink:href="#tok_193"/><!-- ⲥⲟⲟⲩⲛ -->
<mark id="orig_194" xlink:href="#tok_194"/><!-- ⲥⲉ -->
<mark id="orig_195" xlink:href="#tok_195"/><!-- ⲛⲁ -->
<mark id="orig_196" xlink:href="#tok_196"/><!-- ⲟⲩⲱⲥϥ -->
<mark id="orig_197" xlink:href="#tok_197"/><!-- . -->
<mark id="orig_198" xlink:href="#tok_198"/><!-- ⲉ -->
<mark id="orig_199" xlink:href="#tok_199"/><!-- ⲛ -->
<mark id="orig_200" xlink:href="#tok_200"/><!-- ⲥⲟⲟⲩⲛ -->
<mark id="orig_201" xlink:href="#tok_201"/><!-- ⲅⲁⲣ -->
<mark id="orig_202" xlink:href="#tok_202"/><!-- ⲉⲃⲟⲗ -->
<mark id="orig_203" xlink:href="#tok_203"/><!-- ϩⲛ -->
<mark id="orig_204" xlink:href="#tok_204"/><!-- ⲟⲩ -->
<mark id="orig_205" xlink:href="#tok_205"/><!-- ⲙⲉⲣⲟⲥ -->
<mark id="orig_206" xlink:href="#tok_206"/><!-- . -->
<mark id="orig_207" xlink:href="#tok_207"/><!-- ⲁⲩⲱ -->
<mark id="orig_208" xlink:href="#tok_208"/><!-- ⲉ -->
<mark id="orig_209" xlink:href="#tok_209"/><!-- ⲛ -->
<mark id="orig_210" xlink:href="#tok_210"/><!-- ⲡⲣⲟⲫⲏⲧⲉⲩⲉ -->
<mark id="orig_211" xlink:href="#tok_211"/><!-- ⲉⲃⲟⲗ -->
<mark id="orig_212" xlink:href="#tok_212"/><!-- ϩⲛ -->
<mark id="orig_213" xlink:href="#tok_213"/><!-- ⲟⲩ -->
<mark id="orig_214" xlink:href="#tok_214"/><!-- ⲙⲉⲣⲟⲥ -->
<mark id="orig_215" xlink:href="#tok_215"/><!-- . -->
<mark id="orig_216" xlink:href="#tok_216"/><!-- ϩⲟⲧⲁⲛ -->
<mark id="orig_217" xlink:href="#tok_217"/><!-- ⲇⲉ -->
<mark id="orig_218" xlink:href="#tok_218"/><!-- ⲉϥϣⲁⲛ -->
<mark id="orig_219" xlink:href="#tok_219"/><!-- ⲉⲓ -->
<mark id="orig_220" xlink:href="#tok_220"/><!-- ⲛϭⲓ -->
<mark id="orig_221" xlink:href="#tok_221"/><!-- ⲡϫⲱⲕ -->
<mark id="orig_222" xlink:href="#tok_222"/><!-- ⲡⲉⲃⲟⲗ -->
<mark id="orig_223" xlink:href="#tok_223"/><!-- ϩⲙ -->
<mark id="orig_224" xlink:href="#tok_224"/><!-- ⲡ -->
<mark id="orig_225" xlink:href="#tok_225"/><!-- ⲙⲉⲣⲟⲥ -->
<mark id="orig_226" xlink:href="#tok_226"/><!-- ⲛⲁ -->
<mark id="orig_227" xlink:href="#tok_227"/><!-- ⲟⲩⲱⲥϥ -->
<mark id="orig_228" xlink:href="#tok_228"/><!-- . -->
<mark id="orig_229" xlink:href="#tok_229"/><!-- ⲙ -->
<mark id="orig_230" xlink:href="#tok_230"/><!-- ⲡⲉ -->
<mark id="orig_231" xlink:href="#tok_231"/><!-- ⲩⲟⲉⲓϣ -->
<mark id="orig_232" xlink:href="#tok_232"/><!-- ⲉ -->
<mark id="orig_233" xlink:href="#tok_233"/><!-- ⲓ -->
<mark id="orig_234" xlink:href="#tok_234"/><!-- ⲟ -->
<mark id="orig_235" xlink:href="#tok_235"/><!-- ⲛ -->
<mark id="orig_236" xlink:href="#tok_236"/><!-- ⲕⲟⲩⲓ -->
<mark id="orig_237" xlink:href="#tok_237"/><!-- ⲛⲉⲉⲓϣⲁϫⲉ -->
<mark id="orig_238" xlink:href="#tok_238"/><!-- ⲡⲉ -->
<mark id="orig_239" xlink:href="#tok_239"/><!-- ϩⲱⲥ -->
<mark id="orig_240" xlink:href="#tok_240"/><!-- ⲕⲟⲩⲓ -->
<mark id="orig_241" xlink:href="#tok_241"/><!-- ⲛⲉ -->
<mark id="orig_242" xlink:href="#tok_242"/><!-- ⲓ -->
<mark id="orig_243" xlink:href="#tok_243"/><!-- ⲙⲉⲉⲩⲉ -->
<mark id="orig_244" xlink:href="#tok_244"/><!-- ϩⲱⲥ -->
<mark id="orig_245" xlink:href="#tok_245"/><!-- ⲕⲟⲩⲓ -->
<mark id="orig_246" xlink:href="#tok_246"/><!-- ⲛⲉⲓ -->
<mark id="orig_247" xlink:href="#tok_247"/><!-- ϣⲟϫⲛⲉ -->
<mark id="orig_248" xlink:href="#tok_248"/><!-- ϩⲱⲥ -->
<mark id="orig_249" xlink:href="#tok_249"/><!-- ⲕⲟⲩⲓ -->
<mark id="orig_250" xlink:href="#tok_250"/><!-- ⲛⲧⲉⲣ -->
<mark id="orig_251" xlink:href="#tok_251"/><!-- ⲓ -->
<mark id="orig_252" xlink:href="#tok_252"/><!-- ⲣ -->
<mark id="orig_253" xlink:href="#tok_253"/><!-- ⲛⲟϭ -->
<mark id="orig_254" xlink:href="#tok_254"/><!-- ⲇⲉ -->
<mark id="orig_255" xlink:href="#tok_255"/><!-- ⲁ -->
<mark id="orig_256" xlink:href="#tok_256"/><!-- ⲓ -->
<mark id="orig_257" xlink:href="#tok_257"/><!-- ⲟⲩⲱⲥϥ -->
<mark id="orig_258" xlink:href="#tok_258"/><!-- ⲛⲛⲁ -->
<mark id="orig_259" xlink:href="#tok_259"/><!-- ⲡ -->
<mark id="orig_260" xlink:href="#tok_260"/><!-- ⲕⲟⲩⲓ -->
<mark id="orig_261" xlink:href="#tok_261"/><!-- . -->
<mark id="orig_262" xlink:href="#tok_262"/><!-- ⲧⲛ -->
<mark id="orig_263" xlink:href="#tok_263"/><!-- ⲛⲁⲩ -->
<mark id="orig_264" xlink:href="#tok_264"/><!-- ⲅⲁⲣ -->
<mark id="orig_265" xlink:href="#tok_265"/><!-- ⲧⲉⲛⲟⲩ -->
<mark id="orig_266" xlink:href="#tok_266"/><!-- ϩⲓⲧⲛ -->
<mark id="orig_267" xlink:href="#tok_267"/><!-- ⲟⲩ -->
<mark id="orig_268" xlink:href="#tok_268"/><!-- ⲉⲓⲁⲗ -->
<mark id="orig_269" xlink:href="#tok_269"/><!-- ϩⲛ -->
<mark id="orig_270" xlink:href="#tok_270"/><!-- ⲟⲩ -->
<mark id="orig_271" xlink:href="#tok_271"/><!-- ϩⲣⲃ -->
<mark id="orig_272" xlink:href="#tok_272"/><!-- ⲙⲛⲛⲥⲱ -->
<mark id="orig_273" xlink:href="#tok_273"/><!-- ⲥ -->
<mark id="orig_274" xlink:href="#tok_274"/><!-- ⲇⲉ -->
<mark id="orig_275" xlink:href="#tok_275"/><!-- ⲛ -->
<mark id="orig_276" xlink:href="#tok_276"/><!-- ϩⲟ -->
<mark id="orig_277" xlink:href="#tok_277"/><!-- ϩⲓ -->
<mark id="orig_278" xlink:href="#tok_278"/><!-- ϩⲟ -->
<mark id="orig_279" xlink:href="#tok_279"/><!-- . -->
<mark id="orig_280" xlink:href="#tok_280"/><!-- ⲧⲉⲛⲟⲩ -->
<mark id="orig_281" xlink:href="#tok_281"/><!-- ⲅⲁⲣ -->
<mark id="orig_282" xlink:href="#tok_282"/><!-- ⲉⲓⲉ -->
<mark id="orig_283" xlink:href="#tok_283"/><!-- ⲓ -->
<mark id="orig_284" xlink:href="#tok_284"/><!-- ⲙⲉ -->
<mark id="orig_285" xlink:href="#tok_285"/><!-- ⲉⲃⲟⲗ -->
<mark id="orig_286" xlink:href="#tok_286"/><!-- ϩⲛ -->
<mark id="orig_287" xlink:href="#tok_287"/><!-- ⲟⲩ -->
<mark id="orig_288" xlink:href="#tok_288"/><!-- ⲙⲉⲣⲟⲥ -->
<mark id="orig_289" xlink:href="#tok_289"/><!-- . -->
<mark id="orig_290" xlink:href="#tok_290"/><!-- ⲙⲛⲛⲥⲱ -->
<mark id="orig_291" xlink:href="#tok_291"/><!-- ⲥ -->
<mark id="orig_292" xlink:href="#tok_292"/><!-- ⲇⲉ -->
<mark id="orig_293" xlink:href="#tok_293"/><!-- ϯ -->
<mark id="orig_294" xlink:href="#tok_294"/><!-- ⲛⲁ -->
<mark id="orig_295" xlink:href="#tok_295"/><!-- ⲥⲟⲟⲩⲛ -->
<mark id="orig_296" xlink:href="#tok_296"/><!-- ⲕⲁⲧⲁ -->
<mark id="orig_297" xlink:href="#tok_297"/><!-- ⲧ -->
<mark id="orig_298" xlink:href="#tok_298"/><!-- ϩⲉ -->
<mark id="orig_299" xlink:href="#tok_299"/><!-- ⲟⲛ -->
<mark id="orig_300" xlink:href="#tok_300"/><!-- ⲉⲛⲧⲁⲩⲥⲟⲩⲱⲛⲧ -->
<mark id="orig_301" xlink:href="#tok_301"/><!-- . -->
<mark id="orig_302" xlink:href="#tok_302"/><!-- ⲧⲉⲛⲟⲩ -->
<mark id="orig_303" xlink:href="#tok_303"/><!-- ϭⲉ -->
<mark id="orig_304" xlink:href="#tok_304"/><!-- ⲥ -->
<mark id="orig_305" xlink:href="#tok_305"/><!-- ϣⲟⲟⲡ -->
<mark id="orig_306" xlink:href="#tok_306"/><!-- ⲛϭⲓ -->
<mark id="orig_307" xlink:href="#tok_307"/><!-- ⲧ -->
<mark id="orig_308" xlink:href="#tok_308"/><!-- ⲡⲓⲥⲧⲓⲥ -->
<mark id="orig_309" xlink:href="#tok_309"/><!-- ⲧ -->
<mark id="orig_310" xlink:href="#tok_310"/><!-- ϩⲉⲗⲡⲓⲥ -->
<mark id="orig_311" xlink:href="#tok_311"/><!-- ⲧ -->
<mark id="orig_312" xlink:href="#tok_312"/><!-- ⲁⲅⲁⲡⲏ -->
<mark id="orig_313" xlink:href="#tok_313"/><!-- ⲡⲉⲉⲓϣⲟⲙⲛⲧ -->
<mark id="orig_314" xlink:href="#tok_314"/><!-- ⲧ -->
<mark id="orig_315" xlink:href="#tok_315"/><!-- ⲛⲟϭ -->
<mark id="orig_316" xlink:href="#tok_316"/><!-- ⲇⲉ -->
<mark id="orig_317" xlink:href="#tok_317"/><!-- ⲉ -->
<mark id="orig_318" xlink:href="#tok_318"/><!-- ⲛⲁⲓ -->
<mark id="orig_319" xlink:href="#tok_319"/><!-- ⲧⲉ -->
<mark id="orig_320" xlink:href="#tok_320"/><!-- ⲧ -->
<mark id="orig_321" xlink:href="#tok_321"/><!-- ⲁⲅⲁⲡⲏ -->
<mark id="orig_322" xlink:href="#tok_322"/><!-- . -->
</markList>
</paula>
