<?xml version="1.0" encoding="UTF-8" standalone="no"?>

<!DOCTYPE paula SYSTEM "paula_mark.dtd">
<paula version="1.0">

<header paula_id="AP.177.ephraim_origSeg"/>

<markList xmlns:xlink="http://www.w3.org/1999/xlink" type="origSeg" xml:base="AP.177.ephraim.tok.xml">
<mark id="orig_1" xlink:href="#tok_1"/><!-- . -->
<mark id="orig_3" xlink:href="#xpointer(id('tok_3')/range-to(id('tok_4')))"/><!-- Ⲉ...ⲣⲉ -->
<mark id="orig_5" xlink:href="#tok_5"/><!-- ⲡ -->
<mark id="orig_6" xlink:href="#tok_6"/><!-- ⲙⲁⲕⲁⲣⲓ̇ⲟⲥ -->
<mark id="orig_7" xlink:href="#xpointer(id('tok_7')/range-to(id('tok_9')))"/><!-- ⲉ̇...ⲣⲉⲙ -->
<mark id="orig_10" xlink:href="#tok_10"/><!-- ⲟ -->
<mark id="orig_11" xlink:href="#tok_11"/><!-- ⲛ̇ -->
<mark id="orig_12" xlink:href="#tok_12"/><!-- ϣⲏⲣⲉ -->
<mark id="orig_13" xlink:href="#tok_13"/><!-- ϣⲏⲙ -->
<mark id="orig_14" xlink:href="#tok_14"/><!-- ⲁ -->
<mark id="orig_15" xlink:href="#tok_15"/><!-- ϥ -->
<mark id="orig_16" xlink:href="#tok_16"/><!-- ⲛⲁⲩ -->
<mark id="orig_17" xlink:href="#tok_17"/><!-- ⲉ̇ -->
<mark id="orig_18" xlink:href="#tok_18"/><!-- ⲩ -->
<mark id="orig_19" xlink:href="#tok_19"/><!-- ⲣⲁⲥⲟⲩ -->
<mark id="orig_20" xlink:href="#tok_20"/><!-- · -->
<mark id="orig_21" xlink:href="#tok_21"/><!-- ⲏ̇ -->
<mark id="orig_22" xlink:href="#xpointer(id('tok_22')/range-to(id('tok_23')))"/><!-- ⲟ...ⲩ -->
<mark id="orig_24" xlink:href="#tok_24"/><!-- ϭⲱⲗⲡ̇ -->
<mark id="orig_25" xlink:href="#tok_25"/><!-- ⲉ̇ⲃⲟⲗ -->
<mark id="orig_26" xlink:href="#tok_26"/><!-- · -->
<mark id="orig_27" xlink:href="#tok_27"/><!-- ϫⲉ -->
<mark id="orig_28" xlink:href="#tok_28"/><!-- ⲁ̇ -->
<mark id="orig_29" xlink:href="#tok_29"/><!-- ⲩ -->
<mark id="orig_30" xlink:href="#tok_30"/><!-- ⲃⲱ -->
<mark id="orig_31" xlink:href="#tok_31"/><!-- ⲛ -->
<mark id="orig_32" xlink:href="#tok_32"/><!-- ⲉⲗⲟⲟ̇ⲗⲉ -->
<mark id="orig_33" xlink:href="#tok_33"/><!-- ⲣⲱⲧ -->
<mark id="orig_34" xlink:href="#tok_34"/><!-- ϩⲙ̇ -->
<mark id="orig_35" xlink:href="#tok_35"/><!-- ⲡⲉϥ -->
<mark id="orig_36" xlink:href="#tok_36"/><!-- ⲗ̇ⲁⲥ -->
<mark id="orig_37" xlink:href="#tok_37"/><!-- · -->
<mark id="orig_38" xlink:href="#tok_38"/><!-- ⲁⲩⲱ̇ -->
<mark id="orig_39" xlink:href="#tok_39"/><!-- ⲁ̇ -->
<mark id="orig_40" xlink:href="#tok_40"/><!-- ⲥ -->
<mark id="orig_41" xlink:href="#tok_41"/><!-- ⲁ̇ⲩⲝⲁⲛⲉ -->
<mark id="orig_42" xlink:href="#tok_42"/><!-- ⲁ̇ -->
<mark id="orig_43" xlink:href="#tok_43"/><!-- ⲥ -->
<mark id="orig_44" xlink:href="#tok_44"/><!-- ⲙⲉϩ̣ -->
<mark id="orig_45" xlink:href="#tok_45"/><!-- ⲡ̇ -->
<mark id="orig_46" xlink:href="#tok_46"/><!-- ⲕⲁϩ -->
<mark id="orig_47" xlink:href="#tok_47"/><!-- ⲧⲏⲣ -->
<mark id="orig_48" xlink:href="#tok_48"/><!-- ϥ̇ -->
<mark id="orig_49" xlink:href="#tok_49"/><!-- ϩⲁ -->
<mark id="orig_50" xlink:href="#tok_50"/><!-- ⲧ̇ -->
<mark id="orig_51" xlink:href="#tok_51"/><!-- ⲡⲉ -->
<mark id="orig_52" xlink:href="#tok_52"/><!-- ⲉ̇ -->
<mark id="orig_53" xlink:href="#tok_53"/><!-- ⲛⲁⲛⲟⲩ -->
<mark id="orig_54" xlink:href="#tok_54"/><!-- ⲡⲉⲥ -->
<mark id="orig_55" xlink:href="#tok_55"/><!-- ⲕⲁⲣⲡⲟⲥ -->
<mark id="orig_56" xlink:href="#tok_56"/><!-- ⲙ̇ⲙⲁⲧⲉ -->
<mark id="orig_57" xlink:href="#xpointer(id('tok_57')/range-to(id('tok_58')))"/><!-- Ⲁ...ⲩⲱ̇ -->
<mark id="orig_59" xlink:href="#tok_59"/><!-- ⲁ̇ -->
<mark id="orig_60" xlink:href="#tok_60"/><!-- ⲩ -->
<mark id="orig_61" xlink:href="#tok_61"/><!-- ⲉⲓ̇ -->
<mark id="orig_62" xlink:href="#tok_62"/><!-- ⲛ̇ϭⲓ̇ -->
<mark id="orig_63" xlink:href="#tok_63"/><!-- ⲛ̇ -->
<mark id="orig_64" xlink:href="#xpointer(id('tok_64')/range-to(id('tok_65')))"/><!-- ϩⲁⲗⲁⲁ̇...ⲧⲉ -->
<mark id="orig_66" xlink:href="#tok_66"/><!-- ⲧⲏⲣ -->
<mark id="orig_67" xlink:href="#tok_67"/><!-- ⲟⲩ -->
<mark id="orig_68" xlink:href="#tok_68"/><!-- ⲛ̇ -->
<mark id="orig_69" xlink:href="#tok_69"/><!-- ⲧ̇ -->
<mark id="orig_70" xlink:href="#tok_70"/><!-- ⲡⲉ -->
<mark id="orig_71" xlink:href="#tok_71"/><!-- ⲁ̇ -->
<mark id="orig_72" xlink:href="#tok_72"/><!-- ⲩ -->
<mark id="orig_73" xlink:href="#xpointer(id('tok_73')/range-to(id('tok_74')))"/><!-- ⲟⲩ̇ⲱ̇...ϩ -->
<mark id="orig_75" xlink:href="#tok_75"/><!-- ϩⲙ̇ -->
<mark id="orig_76" xlink:href="#tok_76"/><!-- ⲡⲉⲥ -->
<mark id="orig_77" xlink:href="#xpointer(id('tok_77')/range-to(id('tok_78')))"/><!-- ⲕⲁⲣ...ⲡⲟⲥ -->
<mark id="orig_79" xlink:href="#tok_79"/><!-- · -->
<mark id="orig_80" xlink:href="#tok_80"/><!-- ⲁⲩⲱ̇ -->
<mark id="orig_81" xlink:href="#tok_81"/><!-- ⲡ -->
<mark id="orig_82" xlink:href="#xpointer(id('tok_82')/range-to(id('tok_83')))"/><!-- ⲉ...Ⲧ -->
<mark id="orig_84" xlink:href="#tok_84"/><!-- ⲟⲩ -->
<mark id="orig_85" xlink:href="#tok_85"/><!-- ⲛⲁ -->
<mark id="orig_86" xlink:href="#tok_86"/><!-- ⲟⲩⲟ̇ⲙ -->
<mark id="orig_87" xlink:href="#tok_87"/><!-- ϥ̇ -->
<mark id="orig_88" xlink:href="#tok_88"/><!-- ϩⲛ̇ -->
<mark id="orig_89" xlink:href="#tok_89"/><!-- ⲧ -->
<mark id="orig_90" xlink:href="#tok_90"/><!-- ⲃⲱ -->
<mark id="orig_91" xlink:href="#tok_91"/><!-- ⲛ̇ -->
<mark id="orig_92" xlink:href="#tok_92"/><!-- ⲉⲗⲟⲟ̇ⲗⲉ -->
<mark id="orig_93" xlink:href="#tok_93"/><!-- ϣⲁ -->
<mark id="orig_94" xlink:href="#tok_94"/><!-- ⲥ -->
<mark id="orig_95" xlink:href="#tok_95"/><!-- ϯ -->
<mark id="orig_96" xlink:href="#tok_96"/><!-- ⲟⲩⲱ̇ -->
<mark id="orig_97" xlink:href="#tok_97"/><!-- ⲙ̇ⲙⲟ -->
<mark id="orig_98" xlink:href="#tok_98"/><!-- ϥ -->
<mark id="orig_99" xlink:href="#tok_99"/><!-- ⲛ̇ -->
<mark id="orig_100" xlink:href="#tok_100"/><!-- ⲕⲉ -->
<mark id="orig_101" xlink:href="#tok_101"/><!-- ⲥⲟⲡ -->
<mark id="orig_102" xlink:href="#tok_102"/><!-- ⲛ̇ -->
<mark id="orig_103" xlink:href="#tok_103"/><!-- ϩⲟⲩⲟ -->
<mark id="orig_104" xlink:href="#tok_104"/><!-- :ⲻ -->
</markList>
</paula>
