<?xml version='1.0' encoding='UTF-8'?><!DOCTYPE paula SYSTEM "paula_feat.dtd">
<paula version="1.1">
	<header paula_id="scriptorium.OCrum_ST_18.mark_lemma"/>
	<featList xmlns:xlink="http://www.w3.org/1999/xlink" type="lemma" xml:base="scriptorium.OCrum_ST_18.mark.xml">
		<feat xlink:href="#sSpan2" value="ⲓⲏⲥⲟⲩⲥ"/>
		<feat xlink:href="#sSpan13" value="ⲡ"/>
		<feat xlink:href="#sSpan18" value="ⲭⲣⲓⲥⲧⲟⲥ"/>
		<feat xlink:href="#sSpan20" value="ⲡ"/>
		<feat xlink:href="#sSpan25" value="ϣⲏⲣⲉ"/>
		<feat xlink:href="#sSpan27" value="ⲛ"/>
		<feat xlink:href="#sSpan31" value="ⲡ"/>
		<feat xlink:href="#sSpan35" value="ⲛⲟⲩⲧⲉ"/>
		<feat xlink:href="#sSpan37" value="ⲉⲧⲉⲣⲉ"/>
		<feat xlink:href="#sSpan41" value="ⲱⲛϩ"/>
		<feat xlink:href="#sSpan43" value="ⲉⲣⲉ_ⲛⲧⲟⲕ"/>
		<feat xlink:href="#sSpan48" value="ϩⲁⲣⲉϩ"/>
		<feat xlink:href="#sSpan50" value="·"/>
		<feat xlink:href="#sSpan54" value="ⲉ"/>
		<feat xlink:href="#sSpan58" value="ⲡ"/>
		<feat xlink:href="#sSpan61" value="ⲣⲱⲙⲉ"/>
		<feat xlink:href="#sSpan64" value="ⲛ"/>
		<feat xlink:href="#sSpan68" value="ⲡ"/>
		<feat xlink:href="#sSpan71" value="ϩⲉⲛⲉⲉⲧⲉ"/>
		<feat xlink:href="#sSpan73" value="ⲙⲛ"/>
		<feat xlink:href="#sSpan78" value="ⲡ"/>
		<feat xlink:href="#sSpan81" value="ⲧⲃⲛⲏ"/>
		<feat xlink:href="#sSpan83" value="ⲛⲧⲉ"/>
		<feat xlink:href="#sSpan90" value="ⲛⲧⲟⲕ"/>
		<feat xlink:href="#sSpan92" value="ⲥⲙⲟⲩ"/>
		<feat xlink:href="#sSpan94" value="ⲉ"/>
		<feat xlink:href="#sSpan98" value="ⲛⲧⲟⲟⲩ"/>
		<feat xlink:href="#sSpan100" value="ϩⲛ"/>
		<feat xlink:href="#sSpan104" value="ⲡ"/>
		<feat xlink:href="#sSpan108" value="ⲥⲙⲟⲩ"/>
		<feat xlink:href="#sSpan110" value="ⲛ"/>
		<feat xlink:href="#sSpan115" value="ⲁⲃⲣⲁϩⲁⲙ"/>
		<feat xlink:href="#sSpan118" value="ⲙⲛ"/>
		<feat xlink:href="#sSpan124" value="ⲓⲥⲁⲁⲕ"/>
		<feat xlink:href="#sSpan127" value="ⲙⲛ"/>
		<feat xlink:href="#sSpan132" value="ⲓⲁⲕⲱⲃ"/>
		<feat xlink:href="#sSpan137" value="ϥⲣⲁⲛⲅⲉ"/>
		<feat xlink:href="#sSpan144" value="ⲉⲣⲉ"/>
		<feat xlink:href="#sSpan149" value="ⲛⲧⲟϥ"/>
		<feat xlink:href="#sSpan151" value="ⲥϩⲁⲓ"/>
		<feat xlink:href="#sSpan153" value="ⲛ"/>
		<feat xlink:href="#sSpan157" value="ⲡⲉϥ"/>
		<feat xlink:href="#sSpan160" value="ϭⲓϫ"/>
		<feat xlink:href="#sSpan163" value="+"/>
		<feat xlink:href="#sSpan173" value="ⲓⲏⲥⲟⲩⲥ"/>
		<feat xlink:href="#sSpan178" value="ⲡ"/>
		<feat xlink:href="#sSpan183" value="ⲭⲣⲓⲥⲧⲟⲥ"/>
		<feat xlink:href="#sSpan185" value="ⲡ"/>
		<feat xlink:href="#sSpan190" value="ϣⲏⲣⲉ"/>
		<feat xlink:href="#sSpan192" value="ⲛ"/>
		<feat xlink:href="#sSpan196" value="ⲡ"/>
		<feat xlink:href="#sSpan200" value="ⲛⲟⲩⲧⲉ"/>
		<feat xlink:href="#sSpan202" value="‧"/>
		<feat xlink:href="#sSpan206" value="ⲉⲧⲉⲣⲉ"/>
		<feat xlink:href="#sSpan210" value="ⲱⲛϩ"/>
		<feat xlink:href="#sSpan212" value="ⲉⲣⲉ"/>
		<feat xlink:href="#sSpan217" value="ⲛⲧⲟⲕ"/>
		<feat xlink:href="#sSpan219" value="ⲛⲁ"/>
		<feat xlink:href="#sSpan221" value="ⲥⲙⲟⲩ"/>
		<feat xlink:href="#sSpan223" value="ⲉ"/>
		<feat xlink:href="#sSpan228" value="ⲡ"/>
		<feat xlink:href="#sSpan231" value="ϩⲉⲛⲉⲉⲧⲉ"/>
		<feat xlink:href="#sSpan233" value="ϩⲛ"/>
		<feat xlink:href="#sSpan238" value="ⲥⲙⲟⲩ"/>
		<feat xlink:href="#sSpan241" value="ⲛⲓⲙ"/>
		<feat xlink:href="#sSpan245" value="ⲉⲣⲉ"/>
		<feat xlink:href="#sSpan249" value="ⲛⲧⲟϥ"/>
		<feat xlink:href="#sSpan251" value="ⲥϩⲁⲓ"/>
		<feat xlink:href="#sSpan254" value="‧"/>
		<feat xlink:href="#sSpan258" value="ϩⲛ"/>
		<feat xlink:href="#sSpan262" value="ⲡ"/>
		<feat xlink:href="#sSpan266" value="ⲅⲣⲁⲫⲏ"/>
		<feat xlink:href="#sSpan269" value="‧"/>
		<feat xlink:href="#sSpan273" value="ⲛⲁ"/>
		<feat xlink:href="#sSpan279" value="ⲛⲁ"/>
		<feat xlink:href="#sSpan283" value="ⲛ"/>
		<feat xlink:href="#sSpan285" value="ⲛ"/>
		<feat xlink:href="#sSpan291" value="ⲁⲅⲁⲡⲏ"/>
		<feat xlink:href="#sSpan294" value="‧"/>
		<feat xlink:href="#sSpan298" value="ⲡ"/>
		<feat xlink:href="#sSpan304" value="ϫⲟⲉⲓⲥ"/>
		<feat xlink:href="#sSpan306" value=":"/>
		<feat xlink:href="#sSpan311" value="ⲓⲏⲥⲟⲩⲥ"/>
		<feat xlink:href="#sSpan316" value="ⲡ"/>
		<feat xlink:href="#sSpan321" value="ⲭⲣⲓⲥⲧⲟⲥ"/>
		<feat xlink:href="#sSpan323" value="⁝"/>
		<feat xlink:href="#sSpan329" value="ⲭⲙⲅ"/>
		<feat xlink:href="#sSpan336" value="+"/>
		<feat xlink:href="#sSpan343" value="ⲁⲙⲏⲛ"/></featList></paula>