<?xml version='1.0' encoding='UTF-8'?><!DOCTYPE paula SYSTEM "paula_mark.dtd">
<paula version="1.1">
	<header paula_id="Jonah_03.tok"/>
	<markList xmlns:xlink="http://www.w3.org/1999/xlink" type="tok" xml:base="Jonah_03.text.xml">
		<!--ⲁⲩⲱ-->
		<mark id="sTok1" xlink:href="#xpointer(string-range(//body,'',1,3))"/>
		<!--ⲡ-->
		<mark id="sTok2" xlink:href="#xpointer(string-range(//body,'',5,1))"/>
		<!--ϣⲁϫⲉ-->
		<mark id="sTok3" xlink:href="#xpointer(string-range(//body,'',7,4))"/>
		<!--ⲙ-->
		<mark id="sTok4" xlink:href="#xpointer(string-range(//body,'',12,1))"/>
		<!--ⲡ-->
		<mark id="sTok5" xlink:href="#xpointer(string-range(//body,'',14,1))"/>
		<!--ϫⲟⲉⲓⲥ-->
		<mark id="sTok6" xlink:href="#xpointer(string-range(//body,'',16,5))"/>
		<!--ⲁ-->
		<mark id="sTok7" xlink:href="#xpointer(string-range(//body,'',22,1))"/>
		<!--ϥ-->
		<mark id="sTok8" xlink:href="#xpointer(string-range(//body,'',24,1))"/>
		<!--ϣⲱⲡⲉ-->
		<mark id="sTok9" xlink:href="#xpointer(string-range(//body,'',26,4))"/>
		<!--ϣⲁ-->
		<mark id="sTok10" xlink:href="#xpointer(string-range(//body,'',31,2))"/>
		<!--ⲓⲱⲛⲁⲥ-->
		<mark id="sTok11" xlink:href="#xpointer(string-range(//body,'',34,5))"/>
		<!--ⲙ-->
		<mark id="sTok12" xlink:href="#xpointer(string-range(//body,'',40,1))"/>
		<!--ⲡ-->
		<mark id="sTok13" xlink:href="#xpointer(string-range(//body,'',42,1))"/>
		<!--ⲙⲉϩ-->
		<mark id="sTok14" xlink:href="#xpointer(string-range(//body,'',44,3))"/>
		<!--ⲥⲉⲡ-->
		<mark id="sTok15" xlink:href="#xpointer(string-range(//body,'',48,3))"/>
		<!--ⲥⲛⲁⲩ-->
		<mark id="sTok16" xlink:href="#xpointer(string-range(//body,'',52,4))"/>
		<!--ⲉ-->
		<mark id="sTok17" xlink:href="#xpointer(string-range(//body,'',57,1))"/>
		<!--ϥ-->
		<mark id="sTok18" xlink:href="#xpointer(string-range(//body,'',59,1))"/>
		<!--ϫⲱ-->
		<mark id="sTok19" xlink:href="#xpointer(string-range(//body,'',61,2))"/>
		<!--ⲙⲙⲟ-->
		<mark id="sTok20" xlink:href="#xpointer(string-range(//body,'',64,3))"/>
		<!--ⲥ-->
		<mark id="sTok21" xlink:href="#xpointer(string-range(//body,'',68,1))"/>
		<!--ⲛⲁ-->
		<mark id="sTok22" xlink:href="#xpointer(string-range(//body,'',70,2))"/>
		<!--ϥ-->
		<mark id="sTok23" xlink:href="#xpointer(string-range(//body,'',73,1))"/>
		<!--:-->
		<mark id="sTok24" xlink:href="#xpointer(string-range(//body,'',75,1))"/>
		<!--ϫⲉ-->
		<mark id="sTok25" xlink:href="#xpointer(string-range(//body,'',77,2))"/>
		<!--ⲧⲱⲟⲩⲛ-->
		<mark id="sTok26" xlink:href="#xpointer(string-range(//body,'',80,5))"/>
		<!--ⲛ-->
		<mark id="sTok27" xlink:href="#xpointer(string-range(//body,'',86,1))"/>
		<!--ⲅ-->
		<mark id="sTok28" xlink:href="#xpointer(string-range(//body,'',88,1))"/>
		<!--ⲃⲱⲕ-->
		<mark id="sTok29" xlink:href="#xpointer(string-range(//body,'',90,3))"/>
		<!--ⲉϩⲣⲁⲓ-->
		<mark id="sTok30" xlink:href="#xpointer(string-range(//body,'',94,5))"/>
		<!--ⲉ-->
		<mark id="sTok31" xlink:href="#xpointer(string-range(//body,'',100,1))"/>
		<!--ⲛⲓⲛⲉⲩⲏ-->
		<mark id="sTok32" xlink:href="#xpointer(string-range(//body,'',102,6))"/>
		<!--ⲧ-->
		<mark id="sTok33" xlink:href="#xpointer(string-range(//body,'',109,1))"/>
		<!--ⲛⲟϭ-->
		<mark id="sTok34" xlink:href="#xpointer(string-range(//body,'',111,3))"/>
		<!--ⲙ-->
		<mark id="sTok35" xlink:href="#xpointer(string-range(//body,'',115,1))"/>
		<!--ⲡⲟⲗⲉⲓⲥ-->
		<mark id="sTok36" xlink:href="#xpointer(string-range(//body,'',117,6))"/>
		<!--ⲛ-->
		<mark id="sTok37" xlink:href="#xpointer(string-range(//body,'',124,1))"/>
		<!--ⲅ-->
		<mark id="sTok38" xlink:href="#xpointer(string-range(//body,'',126,1))"/>
		<!--ⲕⲏⲣⲩⲥⲥⲉ-->
		<mark id="sTok39" xlink:href="#xpointer(string-range(//body,'',128,7))"/>
		<!--ⲛⲁ-->
		<mark id="sTok40" xlink:href="#xpointer(string-range(//body,'',136,2))"/>
		<!--ⲥ-->
		<mark id="sTok41" xlink:href="#xpointer(string-range(//body,'',139,1))"/>
		<!--ⲕⲁⲧⲁ-->
		<mark id="sTok42" xlink:href="#xpointer(string-range(//body,'',141,4))"/>
		<!--ⲡ-->
		<mark id="sTok43" xlink:href="#xpointer(string-range(//body,'',146,1))"/>
		<!--ⲕⲏⲣⲩⲅⲙⲁ-->
		<mark id="sTok44" xlink:href="#xpointer(string-range(//body,'',148,7))"/>
		<!--ⲛ-->
		<mark id="sTok45" xlink:href="#xpointer(string-range(//body,'',156,1))"/>
		<!--ϣⲟⲣⲡ-->
		<mark id="sTok46" xlink:href="#xpointer(string-range(//body,'',158,4))"/>
		<!--ⲡⲁⲓ-->
		<mark id="sTok47" xlink:href="#xpointer(string-range(//body,'',163,3))"/>
		<!--ⲉⲛⲧ-->
		<mark id="sTok48" xlink:href="#xpointer(string-range(//body,'',167,3))"/>
		<!--ⲁ-->
		<mark id="sTok49" xlink:href="#xpointer(string-range(//body,'',171,1))"/>
		<!--ⲓ-->
		<mark id="sTok50" xlink:href="#xpointer(string-range(//body,'',173,1))"/>
		<!--ϫⲟⲟ-->
		<mark id="sTok51" xlink:href="#xpointer(string-range(//body,'',175,3))"/>
		<!--ϥ-->
		<mark id="sTok52" xlink:href="#xpointer(string-range(//body,'',179,1))"/>
		<!--ⲉⲣⲟ-->
		<mark id="sTok53" xlink:href="#xpointer(string-range(//body,'',181,3))"/>
		<!--ⲕ-->
		<mark id="sTok54" xlink:href="#xpointer(string-range(//body,'',185,1))"/>
		<!--:-->
		<mark id="sTok55" xlink:href="#xpointer(string-range(//body,'',187,1))"/>
		<!--ⲁⲩⲱ-->
		<mark id="sTok56" xlink:href="#xpointer(string-range(//body,'',189,3))"/>
		<!--ⲁ-->
		<mark id="sTok57" xlink:href="#xpointer(string-range(//body,'',193,1))"/>
		<!--ϥ-->
		<mark id="sTok58" xlink:href="#xpointer(string-range(//body,'',195,1))"/>
		<!--ⲧⲱⲟⲩⲛ-->
		<mark id="sTok59" xlink:href="#xpointer(string-range(//body,'',197,5))"/>
		<!--ϥ-->
		<mark id="sTok60" xlink:href="#xpointer(string-range(//body,'',203,1))"/>
		<!--ⲛϭⲓ-->
		<mark id="sTok61" xlink:href="#xpointer(string-range(//body,'',205,3))"/>
		<!--ⲓⲱⲛⲁⲥ-->
		<mark id="sTok62" xlink:href="#xpointer(string-range(//body,'',209,5))"/>
		<!--ⲁ-->
		<mark id="sTok63" xlink:href="#xpointer(string-range(//body,'',215,1))"/>
		<!--ϥ-->
		<mark id="sTok64" xlink:href="#xpointer(string-range(//body,'',217,1))"/>
		<!--ⲙⲟⲟϣⲉ-->
		<mark id="sTok65" xlink:href="#xpointer(string-range(//body,'',219,5))"/>
		<!--ⲉϩⲣⲁⲓ-->
		<mark id="sTok66" xlink:href="#xpointer(string-range(//body,'',225,5))"/>
		<!--ⲉ-->
		<mark id="sTok67" xlink:href="#xpointer(string-range(//body,'',231,1))"/>
		<!--ⲛⲓⲛⲉⲩⲏ-->
		<mark id="sTok68" xlink:href="#xpointer(string-range(//body,'',233,6))"/>
		<!--:-->
		<mark id="sTok69" xlink:href="#xpointer(string-range(//body,'',240,1))"/>
		<!--ⲕⲁⲧⲁ-->
		<mark id="sTok70" xlink:href="#xpointer(string-range(//body,'',242,4))"/>
		<!--ⲑ-->
		<mark id="sTok71" xlink:href="#xpointer(string-range(//body,'',247,1))"/>
		<!--ⲉ-->
		<mark id="sTok72" xlink:href="#xpointer(string-range(//body,'',249,1))"/>
		<!--[ⲉⲛⲧ]-->
		<mark id="sTok73" xlink:href="#xpointer(string-range(//body,'',251,5))"/>
		<!--[ⲁ]-->
		<mark id="sTok74" xlink:href="#xpointer(string-range(//body,'',257,3))"/>
		<!--ⲡ-->
		<mark id="sTok75" xlink:href="#xpointer(string-range(//body,'',261,1))"/>
		<!--ϫⲟⲉⲓⲥ-->
		<mark id="sTok76" xlink:href="#xpointer(string-range(//body,'',263,5))"/>
		<!--ϣⲁϫⲉ-->
		<mark id="sTok77" xlink:href="#xpointer(string-range(//body,'',269,4))"/>
		<!--ⲛⲉⲙⲁ-->
		<mark id="sTok78" xlink:href="#xpointer(string-range(//body,'',274,4))"/>
		<!--ϥ-->
		<mark id="sTok79" xlink:href="#xpointer(string-range(//body,'',279,1))"/>
		<!--:-->
		<mark id="sTok80" xlink:href="#xpointer(string-range(//body,'',281,1))"/>
		<!--[ⲛⲓⲛⲉⲩⲏ]-->
		<mark id="sTok81" xlink:href="#xpointer(string-range(//body,'',283,8))"/>
		<!--ⲇⲉ-->
		<mark id="sTok82" xlink:href="#xpointer(string-range(//body,'',292,2))"/>
		<!--ⲛⲉ-->
		<mark id="sTok83" xlink:href="#xpointer(string-range(//body,'',295,2))"/>
		<!--ⲩ-->
		<mark id="sTok84" xlink:href="#xpointer(string-range(//body,'',298,1))"/>
		<!--ⲛⲟϭ-->
		<mark id="sTok85" xlink:href="#xpointer(string-range(//body,'',300,3))"/>
		<!--ⲙ-->
		<mark id="sTok86" xlink:href="#xpointer(string-range(//body,'',304,1))"/>
		<!--ⲡⲟⲗⲉⲓⲥ-->
		<mark id="sTok87" xlink:href="#xpointer(string-range(//body,'',306,6))"/>
		<!--ⲧⲉ-->
		<mark id="sTok88" xlink:href="#xpointer(string-range(//body,'',313,2))"/>
		<!--ⲙ-->
		<mark id="sTok89" xlink:href="#xpointer(string-range(//body,'',316,1))"/>
		<!--ⲡ-->
		<mark id="sTok90" xlink:href="#xpointer(string-range(//body,'',318,1))"/>
		<!--ϫⲟⲉⲓⲥ-->
		<mark id="sTok91" xlink:href="#xpointer(string-range(//body,'',320,5))"/>
		<!--ⲉ-->
		<mark id="sTok92" xlink:href="#xpointer(string-range(//body,'',326,1))"/>
		<!--ⲥ-->
		<mark id="sTok93" xlink:href="#xpointer(string-range(//body,'',328,1))"/>
		<!--ⲛⲁ-->
		<mark id="sTok94" xlink:href="#xpointer(string-range(//body,'',330,2))"/>
		<!--[ⲣ]-->
		<mark id="sTok95" xlink:href="#xpointer(string-range(//body,'',333,3))"/>
		<!--ⲟⲩ-->
		<mark id="sTok96" xlink:href="#xpointer(string-range(//body,'',337,2))"/>
		<!--ϩⲓⲏ-->
		<mark id="sTok97" xlink:href="#xpointer(string-range(//body,'',340,3))"/>
		<!--ⲛ-->
		<mark id="sTok98" xlink:href="#xpointer(string-range(//body,'',344,1))"/>
		<!--ϣⲟⲙⲛⲧ-->
		<mark id="sTok99" xlink:href="#xpointer(string-range(//body,'',346,5))"/>
		<!--ⲛ-->
		<mark id="sTok100" xlink:href="#xpointer(string-range(//body,'',352,1))"/>
		<!--ϩⲟⲟⲩ-->
		<mark id="sTok101" xlink:href="#xpointer(string-range(//body,'',354,4))"/>
		<!--ⲙ-->
		<mark id="sTok102" xlink:href="#xpointer(string-range(//body,'',359,1))"/>
		<!--ⲙⲟⲟϣⲉ-->
		<mark id="sTok103" xlink:href="#xpointer(string-range(//body,'',361,5))"/>
		<!--:-->
		<mark id="sTok104" xlink:href="#xpointer(string-range(//body,'',367,1))"/>
		<!--ⲁⲩⲱ-->
		<mark id="sTok105" xlink:href="#xpointer(string-range(//body,'',369,3))"/>
		<!--ⲁ-->
		<mark id="sTok106" xlink:href="#xpointer(string-range(//body,'',373,1))"/>
		<!--ϥ-->
		<mark id="sTok107" xlink:href="#xpointer(string-range(//body,'',375,1))"/>
		<!--ϫⲱⲛⲧ-->
		<mark id="sTok108" xlink:href="#xpointer(string-range(//body,'',377,4))"/>
		<!--ⲛϭⲓ-->
		<mark id="sTok109" xlink:href="#xpointer(string-range(//body,'',382,3))"/>
		<!--ⲓⲱⲛⲁⲥ-->
		<mark id="sTok110" xlink:href="#xpointer(string-range(//body,'',386,5))"/>
		<!--ⲉ-->
		<mark id="sTok111" xlink:href="#xpointer(string-range(//body,'',392,1))"/>
		<!--ⲃⲱⲕ-->
		<mark id="sTok112" xlink:href="#xpointer(string-range(//body,'',394,3))"/>
		<!--ⲉϩⲟⲩ-->
		<mark id="sTok113" xlink:href="#xpointer(string-range(//body,'',398,4))"/>
		<!--[ⲛ]-->
		<mark id="sTok114" xlink:href="#xpointer(string-range(//body,'',403,3))"/>
		<!--ⲉ-->
		<mark id="sTok115" xlink:href="#xpointer(string-range(//body,'',407,1))"/>
		<!--ⲧ-->
		<mark id="sTok116" xlink:href="#xpointer(string-range(//body,'',409,1))"/>
		<!--ⲡⲟⲗⲉⲓⲥ-->
		<mark id="sTok117" xlink:href="#xpointer(string-range(//body,'',411,6))"/>
		<!--ⲛ-->
		<mark id="sTok118" xlink:href="#xpointer(string-range(//body,'',418,1))"/>
		<!--ϩⲟⲟⲩ-->
		<mark id="sTok119" xlink:href="#xpointer(string-range(//body,'',420,4))"/>
		<!--ⲟⲩⲁ-->
		<mark id="sTok120" xlink:href="#xpointer(string-range(//body,'',425,3))"/>
		<!--ⲙ-->
		<mark id="sTok121" xlink:href="#xpointer(string-range(//body,'',429,1))"/>
		<!--ⲙⲟⲟϣⲉ-->
		<mark id="sTok122" xlink:href="#xpointer(string-range(//body,'',431,5))"/>
		<!--ⲁⲩⲱ-->
		<mark id="sTok123" xlink:href="#xpointer(string-range(//body,'',437,3))"/>
		<!--ⲁ-->
		<mark id="sTok124" xlink:href="#xpointer(string-range(//body,'',441,1))"/>
		<!--ϥ-->
		<mark id="sTok125" xlink:href="#xpointer(string-range(//body,'',443,1))"/>
		<!--ⲕⲏⲣⲩⲥⲥⲉ-->
		<mark id="sTok126" xlink:href="#xpointer(string-range(//body,'',445,7))"/>
		<!--ⲉ-->
		<mark id="sTok127" xlink:href="#xpointer(string-range(//body,'',453,1))"/>
		<!--ϥ-->
		<mark id="sTok128" xlink:href="#xpointer(string-range(//body,'',455,1))"/>
		<!--ϫⲱ-->
		<mark id="sTok129" xlink:href="#xpointer(string-range(//body,'',457,2))"/>
		<!--ⲙⲙⲟ-->
		<mark id="sTok130" xlink:href="#xpointer(string-range(//body,'',460,3))"/>
		<!--ⲥ-->
		<mark id="sTok131" xlink:href="#xpointer(string-range(//body,'',464,1))"/>
		<!--ϫⲉ-->
		<mark id="sTok132" xlink:href="#xpointer(string-range(//body,'',466,2))"/>
		<!--ⲉⲧⲓ-->
		<mark id="sTok133" xlink:href="#xpointer(string-range(//body,'',469,3))"/>
		<!--ϣⲟⲙⲛⲧ-->
		<mark id="sTok134" xlink:href="#xpointer(string-range(//body,'',473,5))"/>
		<!--ⲛ-->
		<mark id="sTok135" xlink:href="#xpointer(string-range(//body,'',479,1))"/>
		<!--ϩⲟⲟⲩ-->
		<mark id="sTok136" xlink:href="#xpointer(string-range(//body,'',481,4))"/>
		<!--ⲁⲩⲱ-->
		<mark id="sTok137" xlink:href="#xpointer(string-range(//body,'',486,3))"/>
		<!--ⲛⲓⲛⲉⲩⲏ-->
		<mark id="sTok138" xlink:href="#xpointer(string-range(//body,'',490,6))"/>
		<!--ⲥⲉ-->
		<mark id="sTok139" xlink:href="#xpointer(string-range(//body,'',497,2))"/>
		<!--ⲛⲁ-->
		<mark id="sTok140" xlink:href="#xpointer(string-range(//body,'',500,2))"/>
		<!--ⲧⲁⲕⲟ-->
		<mark id="sTok141" xlink:href="#xpointer(string-range(//body,'',503,4))"/>
		<!--ⲥ-->
		<mark id="sTok142" xlink:href="#xpointer(string-range(//body,'',508,1))"/>
		<!--:-->
		<mark id="sTok143" xlink:href="#xpointer(string-range(//body,'',510,1))"/>
		<!--ⲁⲩⲱ-->
		<mark id="sTok144" xlink:href="#xpointer(string-range(//body,'',512,3))"/>
		<!--ⲛ-->
		<mark id="sTok145" xlink:href="#xpointer(string-range(//body,'',516,1))"/>
		<!--ⲣⲱⲙⲉ-->
		<mark id="sTok146" xlink:href="#xpointer(string-range(//body,'',518,4))"/>
		<!--ⲛ-->
		<mark id="sTok147" xlink:href="#xpointer(string-range(//body,'',523,1))"/>
		<!--ⲛⲓⲛⲉⲩⲏ-->
		<mark id="sTok148" xlink:href="#xpointer(string-range(//body,'',525,6))"/>
		<!--ⲁ-->
		<mark id="sTok149" xlink:href="#xpointer(string-range(//body,'',532,1))"/>
		<!--ⲩ-->
		<mark id="sTok150" xlink:href="#xpointer(string-range(//body,'',534,1))"/>
		<!--ⲡⲓⲥⲧⲉⲩⲉ-->
		<mark id="sTok151" xlink:href="#xpointer(string-range(//body,'',536,7))"/>
		<!--ⲉ-->
		<mark id="sTok152" xlink:href="#xpointer(string-range(//body,'',544,1))"/>
		<!--ⲡ-->
		<mark id="sTok153" xlink:href="#xpointer(string-range(//body,'',546,1))"/>
		<!--ⲛⲟⲩⲧⲉ-->
		<mark id="sTok154" xlink:href="#xpointer(string-range(//body,'',548,5))"/>
		<!--ⲁ-->
		<mark id="sTok155" xlink:href="#xpointer(string-range(//body,'',554,1))"/>
		<!--ⲩ-->
		<mark id="sTok156" xlink:href="#xpointer(string-range(//body,'',556,1))"/>
		<!--ⲕⲏⲣⲩⲥⲥⲉ-->
		<mark id="sTok157" xlink:href="#xpointer(string-range(//body,'',558,7))"/>
		<!--ⲛ-->
		<mark id="sTok158" xlink:href="#xpointer(string-range(//body,'',566,1))"/>
		<!--ⲟⲩ-->
		<mark id="sTok159" xlink:href="#xpointer(string-range(//body,'',568,2))"/>
		<!--ⲛⲏⲥⲧⲓⲁ-->
		<mark id="sTok160" xlink:href="#xpointer(string-range(//body,'',571,6))"/>
		<!--ⲁⲩⲱ-->
		<mark id="sTok161" xlink:href="#xpointer(string-range(//body,'',578,3))"/>
		<!--ⲁ-->
		<mark id="sTok162" xlink:href="#xpointer(string-range(//body,'',582,1))"/>
		<!--ⲩ-->
		<mark id="sTok163" xlink:href="#xpointer(string-range(//body,'',584,1))"/>
		<!--ϯ-->
		<mark id="sTok164" xlink:href="#xpointer(string-range(//body,'',586,1))"/>
		<!--ϩⲓⲱⲱ-->
		<mark id="sTok165" xlink:href="#xpointer(string-range(//body,'',588,4))"/>
		<!--ⲟⲩ-->
		<mark id="sTok166" xlink:href="#xpointer(string-range(//body,'',593,2))"/>
		<!--ⲛ-->
		<mark id="sTok167" xlink:href="#xpointer(string-range(//body,'',596,1))"/>
		<!--ϩⲉⲛ-->
		<mark id="sTok168" xlink:href="#xpointer(string-range(//body,'',598,3))"/>
		<!--ϭⲟⲟⲩⲛⲉ-->
		<mark id="sTok169" xlink:href="#xpointer(string-range(//body,'',602,6))"/>
		<!--ϫⲓⲛ-->
		<mark id="sTok170" xlink:href="#xpointer(string-range(//body,'',609,3))"/>
		<!--ⲡⲉⲩ-->
		<mark id="sTok171" xlink:href="#xpointer(string-range(//body,'',613,3))"/>
		<!--ⲛⲟϭ-->
		<mark id="sTok172" xlink:href="#xpointer(string-range(//body,'',617,3))"/>
		<!--ϣⲁ-->
		<mark id="sTok173" xlink:href="#xpointer(string-range(//body,'',621,2))"/>
		<!--ⲡⲉⲩ-->
		<mark id="sTok174" xlink:href="#xpointer(string-range(//body,'',624,3))"/>
		<!--ⲕⲟⲩⲉⲓ-->
		<mark id="sTok175" xlink:href="#xpointer(string-range(//body,'',628,5))"/>
		<!--:-->
		<mark id="sTok176" xlink:href="#xpointer(string-range(//body,'',634,1))"/>
		<!--ⲁⲩⲱ-->
		<mark id="sTok177" xlink:href="#xpointer(string-range(//body,'',636,3))"/>
		<!--ⲡ-->
		<mark id="sTok178" xlink:href="#xpointer(string-range(//body,'',640,1))"/>
		<!--ϣⲁϫⲉ-->
		<mark id="sTok179" xlink:href="#xpointer(string-range(//body,'',642,4))"/>
		<!--ⲁ-->
		<mark id="sTok180" xlink:href="#xpointer(string-range(//body,'',647,1))"/>
		<!--ϥ-->
		<mark id="sTok181" xlink:href="#xpointer(string-range(//body,'',649,1))"/>
		<!--ⲡⲱϩ-->
		<mark id="sTok182" xlink:href="#xpointer(string-range(//body,'',651,3))"/>
		<!--ϣⲁ-->
		<mark id="sTok183" xlink:href="#xpointer(string-range(//body,'',655,2))"/>
		<!--ⲡ-->
		<mark id="sTok184" xlink:href="#xpointer(string-range(//body,'',658,1))"/>
		<!--ⲣⲣⲟ-->
		<mark id="sTok185" xlink:href="#xpointer(string-range(//body,'',660,3))"/>
		<!--ⲛ-->
		<mark id="sTok186" xlink:href="#xpointer(string-range(//body,'',664,1))"/>
		<!--ⲛⲓⲛⲉⲩⲏ-->
		<mark id="sTok187" xlink:href="#xpointer(string-range(//body,'',666,6))"/>
		<!--ⲁⲩⲱ-->
		<mark id="sTok188" xlink:href="#xpointer(string-range(//body,'',673,3))"/>
		<!--ⲁ-->
		<mark id="sTok189" xlink:href="#xpointer(string-range(//body,'',677,1))"/>
		<!--ϥ-->
		<mark id="sTok190" xlink:href="#xpointer(string-range(//body,'',679,1))"/>
		<!--ⲧⲱⲟⲩⲛ-->
		<mark id="sTok191" xlink:href="#xpointer(string-range(//body,'',681,5))"/>
		<!--ⲉⲃⲟⲗ-->
		<mark id="sTok192" xlink:href="#xpointer(string-range(//body,'',687,4))"/>
		<!--ϩⲓϫⲛ-->
		<mark id="sTok193" xlink:href="#xpointer(string-range(//body,'',692,4))"/>
		<!--ⲡⲉϥ-->
		<mark id="sTok194" xlink:href="#xpointer(string-range(//body,'',697,3))"/>
		<!--ⲑⲣⲟⲛⲟⲥ-->
		<mark id="sTok195" xlink:href="#xpointer(string-range(//body,'',701,6))"/>
		<!--:-->
		<mark id="sTok196" xlink:href="#xpointer(string-range(//body,'',708,1))"/>
		<!--ⲁ-->
		<mark id="sTok197" xlink:href="#xpointer(string-range(//body,'',710,1))"/>
		<!--ϥ-->
		<mark id="sTok198" xlink:href="#xpointer(string-range(//body,'',712,1))"/>
		<!--ⲕⲁⲁ-->
		<mark id="sTok199" xlink:href="#xpointer(string-range(//body,'',714,3))"/>
		<!--ϥ-->
		<mark id="sTok200" xlink:href="#xpointer(string-range(//body,'',718,1))"/>
		<!--ⲕⲁ-->
		<mark id="sTok201" xlink:href="#xpointer(string-range(//body,'',720,2))"/>
		<!--ϩⲏⲟⲩ-->
		<mark id="sTok202" xlink:href="#xpointer(string-range(//body,'',723,4))"/>
		<!--ⲛ-->
		<mark id="sTok203" xlink:href="#xpointer(string-range(//body,'',728,1))"/>
		<!--ⲧⲉϥ-->
		<mark id="sTok204" xlink:href="#xpointer(string-range(//body,'',730,3))"/>
		<!--ϩⲃⲥⲱ-->
		<mark id="sTok205" xlink:href="#xpointer(string-range(//body,'',734,4))"/>
		<!--ⲁ-->
		<mark id="sTok206" xlink:href="#xpointer(string-range(//body,'',739,1))"/>
		<!--ϥ-->
		<mark id="sTok207" xlink:href="#xpointer(string-range(//body,'',741,1))"/>
		<!--ϭⲟⲟⲗⲉ-->
		<mark id="sTok208" xlink:href="#xpointer(string-range(//body,'',743,5))"/>
		<!--ϥ-->
		<mark id="sTok209" xlink:href="#xpointer(string-range(//body,'',749,1))"/>
		<!--ⲛ-->
		<mark id="sTok210" xlink:href="#xpointer(string-range(//body,'',751,1))"/>
		<!--ⲟⲩ-->
		<mark id="sTok211" xlink:href="#xpointer(string-range(//body,'',753,2))"/>
		<!--ϭⲟⲟⲩⲛⲉ-->
		<mark id="sTok212" xlink:href="#xpointer(string-range(//body,'',756,6))"/>
		<!--ⲁ-->
		<mark id="sTok213" xlink:href="#xpointer(string-range(//body,'',763,1))"/>
		<!--ϥ-->
		<mark id="sTok214" xlink:href="#xpointer(string-range(//body,'',765,1))"/>
		<!--ϩⲙⲟⲟⲥ-->
		<mark id="sTok215" xlink:href="#xpointer(string-range(//body,'',767,5))"/>
		<!--ϩⲓϫⲛ-->
		<mark id="sTok216" xlink:href="#xpointer(string-range(//body,'',773,4))"/>
		<!--ⲟⲩ-->
		<mark id="sTok217" xlink:href="#xpointer(string-range(//body,'',778,2))"/>
		<!--ⲕⲣⲙⲉⲥ-->
		<mark id="sTok218" xlink:href="#xpointer(string-range(//body,'',781,5))"/>
		<!--:-->
		<mark id="sTok219" xlink:href="#xpointer(string-range(//body,'',787,1))"/>
		<!--ⲁⲩⲱ-->
		<mark id="sTok220" xlink:href="#xpointer(string-range(//body,'',789,3))"/>
		<!--ⲁ-->
		<mark id="sTok221" xlink:href="#xpointer(string-range(//body,'',793,1))"/>
		<!--ⲩ-->
		<mark id="sTok222" xlink:href="#xpointer(string-range(//body,'',795,1))"/>
		<!--ⲕⲏⲣⲩⲥⲥⲉ-->
		<mark id="sTok223" xlink:href="#xpointer(string-range(//body,'',797,7))"/>
		<!--ϩⲛ-->
		<mark id="sTok224" xlink:href="#xpointer(string-range(//body,'',805,2))"/>
		<!--ⲛⲓⲛⲉⲩⲏ-->
		<mark id="sTok225" xlink:href="#xpointer(string-range(//body,'',808,6))"/>
		<!--:-->
		<mark id="sTok226" xlink:href="#xpointer(string-range(//body,'',815,1))"/>
		<!--ⲉⲃⲟⲗ-->
		<mark id="sTok227" xlink:href="#xpointer(string-range(//body,'',817,4))"/>
		<!--ϩⲓⲧⲟⲟⲧ-->
		<mark id="sTok228" xlink:href="#xpointer(string-range(//body,'',822,6))"/>
		<!--ϥ-->
		<mark id="sTok229" xlink:href="#xpointer(string-range(//body,'',829,1))"/>
		<!--ⲙ-->
		<mark id="sTok230" xlink:href="#xpointer(string-range(//body,'',831,1))"/>
		<!--ⲡ-->
		<mark id="sTok231" xlink:href="#xpointer(string-range(//body,'',833,1))"/>
		<!--ⲣⲣⲟ-->
		<mark id="sTok232" xlink:href="#xpointer(string-range(//body,'',835,3))"/>
		<!--ⲙⲛ-->
		<mark id="sTok233" xlink:href="#xpointer(string-range(//body,'',839,2))"/>
		<!--ⲛⲉϥ-->
		<mark id="sTok234" xlink:href="#xpointer(string-range(//body,'',842,3))"/>
		<!--ⲙⲉⲅⲓⲥⲧⲁⲛⲟⲥ-->
		<mark id="sTok235" xlink:href="#xpointer(string-range(//body,'',846,10))"/>
		<!--ⲛ-->
		<mark id="sTok236" xlink:href="#xpointer(string-range(//body,'',857,1))"/>
		<!--ⲟⲩ-->
		<mark id="sTok237" xlink:href="#xpointer(string-range(//body,'',859,2))"/>
		<!--ϣⲁϫⲉ-->
		<mark id="sTok238" xlink:href="#xpointer(string-range(//body,'',862,4))"/>
		<!--ⲉ-->
		<mark id="sTok239" xlink:href="#xpointer(string-range(//body,'',867,1))"/>
		<!--ϥ-->
		<mark id="sTok240" xlink:href="#xpointer(string-range(//body,'',869,1))"/>
		<!--ϫⲱ-->
		<mark id="sTok241" xlink:href="#xpointer(string-range(//body,'',871,2))"/>
		<!--ⲙⲙⲟ-->
		<mark id="sTok242" xlink:href="#xpointer(string-range(//body,'',874,3))"/>
		<!--ⲥ-->
		<mark id="sTok243" xlink:href="#xpointer(string-range(//body,'',878,1))"/>
		<!--ϫⲉ-->
		<mark id="sTok244" xlink:href="#xpointer(string-range(//body,'',880,2))"/>
		<!--ⲛ-->
		<mark id="sTok245" xlink:href="#xpointer(string-range(//body,'',883,1))"/>
		<!--ⲣⲱⲙⲉ-->
		<mark id="sTok246" xlink:href="#xpointer(string-range(//body,'',885,4))"/>
		<!--ⲙⲛ-->
		<mark id="sTok247" xlink:href="#xpointer(string-range(//body,'',890,2))"/>
		<!--ⲛ-->
		<mark id="sTok248" xlink:href="#xpointer(string-range(//body,'',893,1))"/>
		<!--ⲧⲃⲛⲟⲟⲩⲉ-->
		<mark id="sTok249" xlink:href="#xpointer(string-range(//body,'',895,7))"/>
		<!--ⲁⲩⲱ-->
		<mark id="sTok250" xlink:href="#xpointer(string-range(//body,'',903,3))"/>
		<!--ⲛ-->
		<mark id="sTok251" xlink:href="#xpointer(string-range(//body,'',907,1))"/>
		<!--ⲉϩⲟⲟⲩ-->
		<mark id="sTok252" xlink:href="#xpointer(string-range(//body,'',909,5))"/>
		<!--ⲛⲙ-->
		<mark id="sTok253" xlink:href="#xpointer(string-range(//body,'',915,2))"/>
		<!--ⲛ-->
		<mark id="sTok254" xlink:href="#xpointer(string-range(//body,'',918,1))"/>
		<!--ⲉⲥⲟⲟⲩ-->
		<mark id="sTok255" xlink:href="#xpointer(string-range(//body,'',920,5))"/>
		<!--ⲙⲛ-->
		<mark id="sTok256" xlink:href="#xpointer(string-range(//body,'',926,2))"/>
		<!--ⲛ-->
		<mark id="sTok257" xlink:href="#xpointer(string-range(//body,'',929,1))"/>
		<!--ⲉϩⲟⲟⲩ-->
		<mark id="sTok258" xlink:href="#xpointer(string-range(//body,'',931,5))"/>
		<!--ⲙⲡⲣⲧⲣⲉ-->
		<mark id="sTok259" xlink:href="#xpointer(string-range(//body,'',937,6))"/>
		<!--ⲩ-->
		<mark id="sTok260" xlink:href="#xpointer(string-range(//body,'',944,1))"/>
		<!--ⲟⲩⲱⲙ-->
		<mark id="sTok261" xlink:href="#xpointer(string-range(//body,'',946,4))"/>
		<!--ⲗⲁⲁⲩ-->
		<mark id="sTok262" xlink:href="#xpointer(string-range(//body,'',951,4))"/>
		<!--ⲟⲩⲇⲉ-->
		<mark id="sTok263" xlink:href="#xpointer(string-range(//body,'',956,4))"/>
		<!--ⲙⲡⲣⲧⲣⲉ-->
		<mark id="sTok264" xlink:href="#xpointer(string-range(//body,'',961,6))"/>
		<!--ⲩ-->
		<mark id="sTok265" xlink:href="#xpointer(string-range(//body,'',968,1))"/>
		<!--ⲙⲟⲟⲛⲉ-->
		<mark id="sTok266" xlink:href="#xpointer(string-range(//body,'',970,5))"/>
		<!--ⲙⲙⲟ-->
		<mark id="sTok267" xlink:href="#xpointer(string-range(//body,'',976,3))"/>
		<!--ⲟⲩ-->
		<mark id="sTok268" xlink:href="#xpointer(string-range(//body,'',980,2))"/>
		<!--ⲁⲩⲱ-->
		<mark id="sTok269" xlink:href="#xpointer(string-range(//body,'',983,3))"/>
		<!--ⲙⲡⲣⲧⲣⲉ-->
		<mark id="sTok270" xlink:href="#xpointer(string-range(//body,'',987,6))"/>
		<!--ⲩ-->
		<mark id="sTok271" xlink:href="#xpointer(string-range(//body,'',994,1))"/>
		<!--ⲥⲉ-->
		<mark id="sTok272" xlink:href="#xpointer(string-range(//body,'',996,2))"/>
		<!--ⲙⲟⲟⲩ-->
		<mark id="sTok273" xlink:href="#xpointer(string-range(//body,'',999,4))"/>
		<!--:-->
		<mark id="sTok274" xlink:href="#xpointer(string-range(//body,'',1004,1))"/>
		<!--ⲁⲩⲱ-->
		<mark id="sTok275" xlink:href="#xpointer(string-range(//body,'',1006,3))"/>
		<!--ⲁ-->
		<mark id="sTok276" xlink:href="#xpointer(string-range(//body,'',1010,1))"/>
		<!--ⲩ-->
		<mark id="sTok277" xlink:href="#xpointer(string-range(//body,'',1012,1))"/>
		<!--ϭⲟⲟⲗ-->
		<mark id="sTok278" xlink:href="#xpointer(string-range(//body,'',1014,4))"/>
		<!--ⲟⲩ-->
		<mark id="sTok279" xlink:href="#xpointer(string-range(//body,'',1019,2))"/>
		<!--ⲛ-->
		<mark id="sTok280" xlink:href="#xpointer(string-range(//body,'',1022,1))"/>
		<!--ϩⲉⲛ-->
		<mark id="sTok281" xlink:href="#xpointer(string-range(//body,'',1024,3))"/>
		<!--ϭⲟⲟⲩⲛⲉ-->
		<mark id="sTok282" xlink:href="#xpointer(string-range(//body,'',1028,6))"/>
		<!--ⲛϭⲓ-->
		<mark id="sTok283" xlink:href="#xpointer(string-range(//body,'',1035,3))"/>
		<!--ⲛ-->
		<mark id="sTok284" xlink:href="#xpointer(string-range(//body,'',1039,1))"/>
		<!--ⲣⲱⲙⲉ-->
		<mark id="sTok285" xlink:href="#xpointer(string-range(//body,'',1041,4))"/>
		<!--ⲙⲛ-->
		<mark id="sTok286" xlink:href="#xpointer(string-range(//body,'',1046,2))"/>
		<!--ⲛ-->
		<mark id="sTok287" xlink:href="#xpointer(string-range(//body,'',1049,1))"/>
		<!--ⲧⲃⲛⲟⲟⲩⲉ-->
		<mark id="sTok288" xlink:href="#xpointer(string-range(//body,'',1051,7))"/>
		<!--ⲁⲩⲱ-->
		<mark id="sTok289" xlink:href="#xpointer(string-range(//body,'',1059,3))"/>
		<!--ⲁ-->
		<mark id="sTok290" xlink:href="#xpointer(string-range(//body,'',1063,1))"/>
		<!--ⲩ-->
		<mark id="sTok291" xlink:href="#xpointer(string-range(//body,'',1065,1))"/>
		<!--ⲛⲏⲥⲧⲉⲩⲉ-->
		<mark id="sTok292" xlink:href="#xpointer(string-range(//body,'',1067,7))"/>
		<!--ⲁ-->
		<mark id="sTok293" xlink:href="#xpointer(string-range(//body,'',1075,1))"/>
		<!--ⲩ-->
		<mark id="sTok294" xlink:href="#xpointer(string-range(//body,'',1077,1))"/>
		<!--ⲱϣ-->
		<mark id="sTok295" xlink:href="#xpointer(string-range(//body,'',1079,2))"/>
		<!--ⲉⲃⲟⲗ-->
		<mark id="sTok296" xlink:href="#xpointer(string-range(//body,'',1082,4))"/>
		<!--ⲉⲙⲁⲧⲉ-->
		<mark id="sTok297" xlink:href="#xpointer(string-range(//body,'',1087,5))"/>
		<!--ⲉϩⲣⲁⲓ-->
		<mark id="sTok298" xlink:href="#xpointer(string-range(//body,'',1093,5))"/>
		<!--ⲉ-->
		<mark id="sTok299" xlink:href="#xpointer(string-range(//body,'',1099,1))"/>
		<!--ⲡ-->
		<mark id="sTok300" xlink:href="#xpointer(string-range(//body,'',1101,1))"/>
		<!--ϫⲟⲉⲓⲥ-->
		<mark id="sTok301" xlink:href="#xpointer(string-range(//body,'',1103,5))"/>
		<!--:-->
		<mark id="sTok302" xlink:href="#xpointer(string-range(//body,'',1109,1))"/>
		<!--ⲁⲩⲱ-->
		<mark id="sTok303" xlink:href="#xpointer(string-range(//body,'',1111,3))"/>
		<!--ⲁ-->
		<mark id="sTok304" xlink:href="#xpointer(string-range(//body,'',1115,1))"/>
		<!--ϥ-->
		<mark id="sTok305" xlink:href="#xpointer(string-range(//body,'',1117,1))"/>
		<!--ⲕⲧⲟ-->
		<mark id="sTok306" xlink:href="#xpointer(string-range(//body,'',1119,3))"/>
		<!--ϥ-->
		<mark id="sTok307" xlink:href="#xpointer(string-range(//body,'',1123,1))"/>
		<!--ⲛϭⲓ-->
		<mark id="sTok308" xlink:href="#xpointer(string-range(//body,'',1125,3))"/>
		<!--ⲡ-->
		<mark id="sTok309" xlink:href="#xpointer(string-range(//body,'',1129,1))"/>
		<!--ⲟⲩⲁ-->
		<mark id="sTok310" xlink:href="#xpointer(string-range(//body,'',1131,3))"/>
		<!--ⲡ-->
		<mark id="sTok311" xlink:href="#xpointer(string-range(//body,'',1135,1))"/>
		<!--ⲟⲩⲁ-->
		<mark id="sTok312" xlink:href="#xpointer(string-range(//body,'',1137,3))"/>
		<!--ⲉⲃⲟⲗ-->
		<mark id="sTok313" xlink:href="#xpointer(string-range(//body,'',1141,4))"/>
		<!--ϩⲛ-->
		<mark id="sTok314" xlink:href="#xpointer(string-range(//body,'',1146,2))"/>
		<!--ⲧⲉϥ-->
		<mark id="sTok315" xlink:href="#xpointer(string-range(//body,'',1149,3))"/>
		<!--ϩⲓⲏ-->
		<mark id="sTok316" xlink:href="#xpointer(string-range(//body,'',1153,3))"/>
		<!--ⲉⲑ-->
		<mark id="sTok317" xlink:href="#xpointer(string-range(//body,'',1157,2))"/>
		<!--ⲟⲟⲩ-->
		<mark id="sTok318" xlink:href="#xpointer(string-range(//body,'',1160,3))"/>
		<!--ⲛⲙ-->
		<mark id="sTok319" xlink:href="#xpointer(string-range(//body,'',1164,2))"/>
		<!--ⲡ-->
		<mark id="sTok320" xlink:href="#xpointer(string-range(//body,'',1167,1))"/>
		<!--ϫⲓ-->
		<mark id="sTok321" xlink:href="#xpointer(string-range(//body,'',1169,2))"/>
		<!--ⲛ-->
		<mark id="sTok322" xlink:href="#xpointer(string-range(//body,'',1172,1))"/>
		<!--ϭⲟⲛⲥ-->
		<mark id="sTok323" xlink:href="#xpointer(string-range(//body,'',1174,4))"/>
		<!--ⲉⲧ-->
		<mark id="sTok324" xlink:href="#xpointer(string-range(//body,'',1179,2))"/>
		<!--ϩⲛ-->
		<mark id="sTok325" xlink:href="#xpointer(string-range(//body,'',1182,2))"/>
		<!--ⲛⲉⲩ-->
		<mark id="sTok326" xlink:href="#xpointer(string-range(//body,'',1185,3))"/>
		<!--ϭⲓϫ-->
		<mark id="sTok327" xlink:href="#xpointer(string-range(//body,'',1189,3))"/>
		<!--:-->
		<mark id="sTok328" xlink:href="#xpointer(string-range(//body,'',1193,1))"/>
		<!--ⲁⲩⲱ-->
		<mark id="sTok329" xlink:href="#xpointer(string-range(//body,'',1195,3))"/>
		<!--ⲡⲉϫⲁ-->
		<mark id="sTok330" xlink:href="#xpointer(string-range(//body,'',1199,4))"/>
		<!--ⲩ-->
		<mark id="sTok331" xlink:href="#xpointer(string-range(//body,'',1204,1))"/>
		<!--ϫⲉ-->
		<mark id="sTok332" xlink:href="#xpointer(string-range(//body,'',1206,2))"/>
		<!--ⲛⲓⲙ-->
		<mark id="sTok333" xlink:href="#xpointer(string-range(//body,'',1209,3))"/>
		<!--ⲡ-->
		<mark id="sTok334" xlink:href="#xpointer(string-range(//body,'',1213,1))"/>
		<!--ⲉⲧ-->
		<mark id="sTok335" xlink:href="#xpointer(string-range(//body,'',1215,2))"/>
		<!--ⲥⲟⲟⲩ-->
		<mark id="sTok336" xlink:href="#xpointer(string-range(//body,'',1218,4))"/>
		<!--[ⲛ]-->
		<mark id="sTok337" xlink:href="#xpointer(string-range(//body,'',1223,3))"/>
		<!--ϫⲉ-->
		<mark id="sTok338" xlink:href="#xpointer(string-range(//body,'',1227,2))"/>
		<!--ϥ-->
		<mark id="sTok339" xlink:href="#xpointer(string-range(//body,'',1230,1))"/>
		<!--ⲛⲁ-->
		<mark id="sTok340" xlink:href="#xpointer(string-range(//body,'',1232,2))"/>
		<!--ⲣ-->
		<mark id="sTok341" xlink:href="#xpointer(string-range(//body,'',1235,1))"/>
		<!--ϩⲧⲏ-->
		<mark id="sTok342" xlink:href="#xpointer(string-range(//body,'',1237,3))"/>
		<!--ϥ-->
		<mark id="sTok343" xlink:href="#xpointer(string-range(//body,'',1241,1))"/>
		<!--ⲛϭⲓ-->
		<mark id="sTok344" xlink:href="#xpointer(string-range(//body,'',1243,3))"/>
		<!--ⲡ-->
		<mark id="sTok345" xlink:href="#xpointer(string-range(//body,'',1247,1))"/>
		<!--ⲛⲟⲩⲧⲉ-->
		<mark id="sTok346" xlink:href="#xpointer(string-range(//body,'',1249,5))"/>
		<!--ⲛ-->
		<mark id="sTok347" xlink:href="#xpointer(string-range(//body,'',1255,1))"/>
		<!--ϥ-->
		<mark id="sTok348" xlink:href="#xpointer(string-range(//body,'',1257,1))"/>
		<!--ⲕⲧⲟ-->
		<mark id="sTok349" xlink:href="#xpointer(string-range(//body,'',1259,3))"/>
		<!--ϥ-->
		<mark id="sTok350" xlink:href="#xpointer(string-range(//body,'',1263,1))"/>
		<!--ⲉⲃⲟⲗ-->
		<mark id="sTok351" xlink:href="#xpointer(string-range(//body,'',1265,4))"/>
		<!--ⲛ-->
		<mark id="sTok352" xlink:href="#xpointer(string-range(//body,'',1270,1))"/>
		<!--ⲧ-->
		<mark id="sTok353" xlink:href="#xpointer(string-range(//body,'',1272,1))"/>
		<!--ⲟⲣⲅⲏ-->
		<mark id="sTok354" xlink:href="#xpointer(string-range(//body,'',1274,4))"/>
		<!--ⲙ-->
		<mark id="sTok355" xlink:href="#xpointer(string-range(//body,'',1279,1))"/>
		<!--ⲡⲉϥ-->
		<mark id="sTok356" xlink:href="#xpointer(string-range(//body,'',1281,3))"/>
		<!--ϭⲱⲛⲧ-->
		<mark id="sTok357" xlink:href="#xpointer(string-range(//body,'',1285,4))"/>
		<!--ⲛ-->
		<mark id="sTok358" xlink:href="#xpointer(string-range(//body,'',1290,1))"/>
		<!--ⲧⲛ-->
		<mark id="sTok359" xlink:href="#xpointer(string-range(//body,'',1292,2))"/>
		<!--ⲧⲙ-->
		<mark id="sTok360" xlink:href="#xpointer(string-range(//body,'',1295,2))"/>
		<!--ⲙⲟⲩ-->
		<mark id="sTok361" xlink:href="#xpointer(string-range(//body,'',1298,3))"/>
		<!--:-->
		<mark id="sTok362" xlink:href="#xpointer(string-range(//body,'',1302,1))"/>
		<!--ⲁⲩⲱ-->
		<mark id="sTok363" xlink:href="#xpointer(string-range(//body,'',1304,3))"/>
		<!--ⲡ-->
		<mark id="sTok364" xlink:href="#xpointer(string-range(//body,'',1308,1))"/>
		<!--ⲛⲟⲩⲧⲉ-->
		<mark id="sTok365" xlink:href="#xpointer(string-range(//body,'',1310,5))"/>
		<!--ⲁ-->
		<mark id="sTok366" xlink:href="#xpointer(string-range(//body,'',1316,1))"/>
		<!--ⲩ-->
		<mark id="sTok367" xlink:href="#xpointer(string-range(//body,'',1318,1))"/>
		<!--ⲛⲁⲩ-->
		<mark id="sTok368" xlink:href="#xpointer(string-range(//body,'',1320,3))"/>
		<!--ⲉ-->
		<mark id="sTok369" xlink:href="#xpointer(string-range(//body,'',1324,1))"/>
		<!--ⲛⲉⲩ-->
		<mark id="sTok370" xlink:href="#xpointer(string-range(//body,'',1326,3))"/>
		<!--ϩⲃⲏⲟⲩⲉ-->
		<mark id="sTok371" xlink:href="#xpointer(string-range(//body,'',1330,6))"/>
		<!--ϫⲉ-->
		<mark id="sTok372" xlink:href="#xpointer(string-range(//body,'',1337,2))"/>
		<!--ⲁ-->
		<mark id="sTok373" xlink:href="#xpointer(string-range(//body,'',1340,1))"/>
		<!--ⲩ-->
		<mark id="sTok374" xlink:href="#xpointer(string-range(//body,'',1342,1))"/>
		<!--ⲕⲧⲟ-->
		<mark id="sTok375" xlink:href="#xpointer(string-range(//body,'',1344,3))"/>
		<!--ⲟⲩ-->
		<mark id="sTok376" xlink:href="#xpointer(string-range(//body,'',1348,2))"/>
		<!--ⲉⲃⲟⲗ-->
		<mark id="sTok377" xlink:href="#xpointer(string-range(//body,'',1351,4))"/>
		<!--ϩⲓ-->
		<mark id="sTok378" xlink:href="#xpointer(string-range(//body,'',1356,2))"/>
		<!--ⲛⲉⲩ-->
		<mark id="sTok379" xlink:href="#xpointer(string-range(//body,'',1359,3))"/>
		<!--ϩⲓⲟⲟⲩⲉ-->
		<mark id="sTok380" xlink:href="#xpointer(string-range(//body,'',1363,6))"/>
		<!--ⲉⲑ-->
		<mark id="sTok381" xlink:href="#xpointer(string-range(//body,'',1370,2))"/>
		<!--ⲟⲟⲩ-->
		<mark id="sTok382" xlink:href="#xpointer(string-range(//body,'',1373,3))"/>
		<!--ⲁⲩⲱ-->
		<mark id="sTok383" xlink:href="#xpointer(string-range(//body,'',1377,3))"/>
		<!--ⲁ-->
		<mark id="sTok384" xlink:href="#xpointer(string-range(//body,'',1381,1))"/>
		<!--ϥ-->
		<mark id="sTok385" xlink:href="#xpointer(string-range(//body,'',1383,1))"/>
		<!--ⲣ-->
		<mark id="sTok386" xlink:href="#xpointer(string-range(//body,'',1385,1))"/>
		<!--ϩⲧⲏ-->
		<mark id="sTok387" xlink:href="#xpointer(string-range(//body,'',1387,3))"/>
		<!--ϥ-->
		<mark id="sTok388" xlink:href="#xpointer(string-range(//body,'',1391,1))"/>
		<!--ⲛϭⲓ-->
		<mark id="sTok389" xlink:href="#xpointer(string-range(//body,'',1393,3))"/>
		<!--ⲡ-->
		<mark id="sTok390" xlink:href="#xpointer(string-range(//body,'',1397,1))"/>
		<!--ⲛⲟⲩⲧⲉ-->
		<mark id="sTok391" xlink:href="#xpointer(string-range(//body,'',1399,5))"/>
		<!--ⲉϫⲛ-->
		<mark id="sTok392" xlink:href="#xpointer(string-range(//body,'',1405,3))"/>
		<!--ⲙ-->
		<mark id="sTok393" xlink:href="#xpointer(string-range(//body,'',1409,1))"/>
		<!--ⲡ-->
		<mark id="sTok394" xlink:href="#xpointer(string-range(//body,'',1411,1))"/>
		<!--ⲉⲑ-->
		<mark id="sTok395" xlink:href="#xpointer(string-range(//body,'',1413,2))"/>
		<!--ⲟⲟⲩ-->
		<mark id="sTok396" xlink:href="#xpointer(string-range(//body,'',1416,3))"/>
		<!--ⲉⲛⲧ-->
		<mark id="sTok397" xlink:href="#xpointer(string-range(//body,'',1420,3))"/>
		<!--ⲁ-->
		<mark id="sTok398" xlink:href="#xpointer(string-range(//body,'',1424,1))"/>
		<!--ϥ-->
		<mark id="sTok399" xlink:href="#xpointer(string-range(//body,'',1426,1))"/>
		<!--ϣⲁϫⲉ-->
		<mark id="sTok400" xlink:href="#xpointer(string-range(//body,'',1428,4))"/>
		<!--ⲉ-->
		<mark id="sTok401" xlink:href="#xpointer(string-range(//body,'',1433,1))"/>
		<!--ⲁⲁ-->
		<mark id="sTok402" xlink:href="#xpointer(string-range(//body,'',1435,2))"/>
		<!--ⲩ-->
		<mark id="sTok403" xlink:href="#xpointer(string-range(//body,'',1438,1))"/>
		<!--ⲛⲁ-->
		<mark id="sTok404" xlink:href="#xpointer(string-range(//body,'',1440,2))"/>
		<!--ⲩ-->
		<mark id="sTok405" xlink:href="#xpointer(string-range(//body,'',1443,1))"/>
		<!--:-->
		<mark id="sTok406" xlink:href="#xpointer(string-range(//body,'',1445,1))"/>
		<!--ⲁⲩⲱ-->
		<mark id="sTok407" xlink:href="#xpointer(string-range(//body,'',1447,3))"/>
		<!--ⲙⲡ-->
		<mark id="sTok408" xlink:href="#xpointer(string-range(//body,'',1451,2))"/>
		<!--ϥ-->
		<mark id="sTok409" xlink:href="#xpointer(string-range(//body,'',1454,1))"/>
		<!--ⲁⲁ-->
		<mark id="sTok410" xlink:href="#xpointer(string-range(//body,'',1456,2))"/>
		<!--ⲩ-->
		<mark id="sTok411" xlink:href="#xpointer(string-range(//body,'',1459,1))"/>
		<!--:-->
		<mark id="sTok412" xlink:href="#xpointer(string-range(//body,'',1461,1))"/></markList></paula>