<?xml version='1.0' encoding='UTF-8'?><!DOCTYPE paula SYSTEM "paula_rel.dtd">
<paula version="1.1">
	<header paula_id="scriptorium.Jonah_03.dep"/>
	<relList xmlns:xlink="http://www.w3.org/1999/xlink" type="dep">
		<rel id="sPointingRel1" xlink:href="scriptorium.Jonah_03.mark.xml#sSpan199" target="scriptorium.Jonah_03.mark.xml#sSpan193"/>
		<rel id="sPointingRel3" xlink:href="scriptorium.Jonah_03.mark.xml#sSpan621" target="scriptorium.Jonah_03.mark.xml#sSpan730"/>
		<rel id="sPointingRel5" xlink:href="scriptorium.Jonah_03.mark.xml#sSpan1311" target="scriptorium.Jonah_03.mark.xml#sSpan1307"/>
		<rel id="sPointingRel7" xlink:href="scriptorium.Jonah_03.mark.xml#sSpan1080" target="scriptorium.Jonah_03.mark.xml#sSpan1077"/>
		<rel id="sPointingRel9" xlink:href="scriptorium.Jonah_03.mark.xml#sSpan178" target="scriptorium.Jonah_03.mark.xml#sSpan174"/>
		<rel id="sPointingRel11" xlink:href="scriptorium.Jonah_03.mark.xml#sSpan50" target="scriptorium.Jonah_03.mark.xml#sSpan53"/>
		<rel id="sPointingRel13" xlink:href="scriptorium.Jonah_03.mark.xml#sSpan98" target="scriptorium.Jonah_03.mark.xml#sSpan110"/>
		<rel id="sPointingRel15" xlink:href="scriptorium.Jonah_03.mark.xml#sSpan520" target="scriptorium.Jonah_03.mark.xml#sSpan538"/>
		<rel id="sPointingRel17" xlink:href="scriptorium.Jonah_03.mark.xml#sSpan98" target="scriptorium.Jonah_03.mark.xml#sSpan92"/>
		<rel id="sPointingRel19" xlink:href="scriptorium.Jonah_03.mark.xml#sSpan133" target="scriptorium.Jonah_03.mark.xml#sSpan130"/>
		<rel id="sPointingRel21" xlink:href="scriptorium.Jonah_03.mark.xml#sSpan824" target="scriptorium.Jonah_03.mark.xml#sSpan821"/>
		<rel id="sPointingRel23" xlink:href="scriptorium.Jonah_03.mark.xml#sSpan32" target="scriptorium.Jonah_03.mark.xml#sSpan15"/>
		<rel id="sPointingRel25" xlink:href="scriptorium.Jonah_03.mark.xml#sSpan291" target="scriptorium.Jonah_03.mark.xml#sSpan274"/>
		<rel id="sPointingRel27" xlink:href="scriptorium.Jonah_03.mark.xml#sSpan971" target="scriptorium.Jonah_03.mark.xml#sSpan968"/>
		<rel id="sPointingRel29" xlink:href="scriptorium.Jonah_03.mark.xml#sSpan1028" target="scriptorium.Jonah_03.mark.xml#sSpan1021"/>
		<rel id="sPointingRel31" xlink:href="scriptorium.Jonah_03.mark.xml#sSpan1147" target="scriptorium.Jonah_03.mark.xml#sSpan1163"/>
		<rel id="sPointingRel33" xlink:href="scriptorium.Jonah_03.mark.xml#sSpan370" target="scriptorium.Jonah_03.mark.xml#sSpan368"/>
		<rel id="sPointingRel35" xlink:href="scriptorium.Jonah_03.mark.xml#sSpan1017" target="scriptorium.Jonah_03.mark.xml#sSpan1003"/>
		<rel id="sPointingRel37" xlink:href="scriptorium.Jonah_03.mark.xml#sSpan291" target="scriptorium.Jonah_03.mark.xml#sSpan268"/>
		<rel id="sPointingRel39" xlink:href="scriptorium.Jonah_03.mark.xml#sSpan584" target="scriptorium.Jonah_03.mark.xml#sSpan577"/>
		<rel id="sPointingRel41" xlink:href="scriptorium.Jonah_03.mark.xml#sSpan719" target="scriptorium.Jonah_03.mark.xml#sSpan717"/>
		<rel id="sPointingRel43" xlink:href="scriptorium.Jonah_03.mark.xml#sSpan63" target="scriptorium.Jonah_03.mark.xml#sSpan75"/>
		<rel id="sPointingRel45" xlink:href="scriptorium.Jonah_03.mark.xml#sSpan719" target="scriptorium.Jonah_03.mark.xml#sSpan728"/>
		<rel id="sPointingRel47" xlink:href="scriptorium.Jonah_03.mark.xml#sSpan940" target="scriptorium.Jonah_03.mark.xml#sSpan933"/>
		<rel id="sPointingRel49" xlink:href="scriptorium.Jonah_03.mark.xml#sSpan1297" target="scriptorium.Jonah_03.mark.xml#sSpan1289"/>
		<rel id="sPointingRel51" xlink:href="scriptorium.Jonah_03.mark.xml#sSpan1275" target="scriptorium.Jonah_03.mark.xml#sSpan1268"/>
		<rel id="sPointingRel53" xlink:href="scriptorium.Jonah_03.mark.xml#sSpan370" target="scriptorium.Jonah_03.mark.xml#sSpan355"/>
		<rel id="sPointingRel55" xlink:href="scriptorium.Jonah_03.mark.xml#sSpan520" target="scriptorium.Jonah_03.mark.xml#sSpan503"/>
		<rel id="sPointingRel57" xlink:href="scriptorium.Jonah_03.mark.xml#sSpan445" target="scriptorium.Jonah_03.mark.xml#sSpan441"/>
		<rel id="sPointingRel59" xlink:href="scriptorium.Jonah_03.mark.xml#sSpan324" target="scriptorium.Jonah_03.mark.xml#sSpan319"/>
		<rel id="sPointingRel61" xlink:href="scriptorium.Jonah_03.mark.xml#sSpan548" target="scriptorium.Jonah_03.mark.xml#sSpan540"/>
		<rel id="sPointingRel63" xlink:href="scriptorium.Jonah_03.mark.xml#sSpan243" target="scriptorium.Jonah_03.mark.xml#sSpan258"/>
		<rel id="sPointingRel65" xlink:href="scriptorium.Jonah_03.mark.xml#sSpan1233" target="scriptorium.Jonah_03.mark.xml#sSpan1237"/>
		<rel id="sPointingRel67" xlink:href="scriptorium.Jonah_03.mark.xml#sSpan1048" target="scriptorium.Jonah_03.mark.xml#sSpan1063"/>
		<rel id="sPointingRel69" xlink:href="scriptorium.Jonah_03.mark.xml#sSpan929" target="scriptorium.Jonah_03.mark.xml#sSpan940"/>
		<rel id="sPointingRel71" xlink:href="scriptorium.Jonah_03.mark.xml#sSpan844" target="scriptorium.Jonah_03.mark.xml#sSpan862"/>
		<rel id="sPointingRel73" xlink:href="scriptorium.Jonah_03.mark.xml#sSpan677" target="scriptorium.Jonah_03.mark.xml#sSpan675"/>
		<rel id="sPointingRel75" xlink:href="scriptorium.Jonah_03.mark.xml#sSpan32" target="scriptorium.Jonah_03.mark.xml#sSpan30"/>
		<rel id="sPointingRel77" xlink:href="scriptorium.Jonah_03.mark.xml#sSpan637" target="scriptorium.Jonah_03.mark.xml#sSpan632"/>
		<rel id="sPointingRel79" xlink:href="scriptorium.Jonah_03.mark.xml#sSpan1080" target="scriptorium.Jonah_03.mark.xml#sSpan1071"/>
		<rel id="sPointingRel81" xlink:href="scriptorium.Jonah_03.mark.xml#sSpan417" target="scriptorium.Jonah_03.mark.xml#sSpan413"/>
		<rel id="sPointingRel83" xlink:href="scriptorium.Jonah_03.mark.xml#sSpan929" target="scriptorium.Jonah_03.mark.xml#sSpan931"/>
		<rel id="sPointingRel85" xlink:href="scriptorium.Jonah_03.mark.xml#sSpan700" target="scriptorium.Jonah_03.mark.xml#sSpan719"/>
		<rel id="sPointingRel87" xlink:href="scriptorium.Jonah_03.mark.xml#sSpan862" target="scriptorium.Jonah_03.mark.xml#sSpan855"/>
		<rel id="sPointingRel89" xlink:href="scriptorium.Jonah_03.mark.xml#sSpan1036" target="scriptorium.Jonah_03.mark.xml#sSpan1041"/>
		<rel id="sPointingRel91" xlink:href="scriptorium.Jonah_03.mark.xml#sSpan520" target="scriptorium.Jonah_03.mark.xml#sSpan529"/>
		<rel id="sPointingRel93" xlink:href="scriptorium.Jonah_03.mark.xml#sSpan566" target="scriptorium.Jonah_03.mark.xml#sSpan562"/>
		<rel id="sPointingRel95" xlink:href="scriptorium.Jonah_03.mark.xml#sSpan370" target="scriptorium.Jonah_03.mark.xml#sSpan364"/>
		<rel id="sPointingRel97" xlink:href="scriptorium.Jonah_03.mark.xml#sSpan1262" target="scriptorium.Jonah_03.mark.xml#sSpan1264"/>
		<rel id="sPointingRel99" xlink:href="scriptorium.Jonah_03.mark.xml#sSpan217" target="scriptorium.Jonah_03.mark.xml#sSpan229"/>
		<rel id="sPointingRel101" xlink:href="scriptorium.Jonah_03.mark.xml#sSpan728" target="scriptorium.Jonah_03.mark.xml#sSpan725"/>
		<rel id="sPointingRel103" xlink:href="scriptorium.Jonah_03.mark.xml#sSpan929" target="scriptorium.Jonah_03.mark.xml#sSpan923"/>
		<rel id="sPointingRel105" xlink:href="scriptorium.Jonah_03.mark.xml#sSpan750" target="scriptorium.Jonah_03.mark.xml#sSpan734"/>
		<rel id="sPointingRel107" xlink:href="scriptorium.Jonah_03.mark.xml#sSpan750" target="scriptorium.Jonah_03.mark.xml#sSpan743"/>
		<rel id="sPointingRel109" xlink:href="scriptorium.Jonah_03.mark.xml#sSpan342" target="scriptorium.Jonah_03.mark.xml#sSpan348"/>
		<rel id="sPointingRel111" xlink:href="scriptorium.Jonah_03.mark.xml#sSpan50" target="scriptorium.Jonah_03.mark.xml#sSpan42"/>
		<rel id="sPointingRel113" xlink:href="scriptorium.Jonah_03.mark.xml#sSpan621" target="scriptorium.Jonah_03.mark.xml#sSpan615"/>
		<rel id="sPointingRel115" xlink:href="scriptorium.Jonah_03.mark.xml#sSpan1017" target="scriptorium.Jonah_03.mark.xml#sSpan1015"/>
		<rel id="sPointingRel117" xlink:href="scriptorium.Jonah_03.mark.xml#sSpan15" target="scriptorium.Jonah_03.mark.xml#sSpan10"/>
		<rel id="sPointingRel119" xlink:href="scriptorium.Jonah_03.mark.xml#sSpan439" target="scriptorium.Jonah_03.mark.xml#sSpan481"/>
		<rel id="sPointingRel121" xlink:href="scriptorium.Jonah_03.mark.xml#sSpan929" target="scriptorium.Jonah_03.mark.xml#sSpan927"/>
		<rel id="sPointingRel123" xlink:href="scriptorium.Jonah_03.mark.xml#sSpan170" target="scriptorium.Jonah_03.mark.xml#sSpan168"/>
		<rel id="sPointingRel125" xlink:href="scriptorium.Jonah_03.mark.xml#sSpan621" target="scriptorium.Jonah_03.mark.xml#sSpan619"/>
		<rel id="sPointingRel127" xlink:href="scriptorium.Jonah_03.mark.xml#sSpan170" target="scriptorium.Jonah_03.mark.xml#sSpan178"/>
		<rel id="sPointingRel129" xlink:href="scriptorium.Jonah_03.mark.xml#sSpan243" target="scriptorium.Jonah_03.mark.xml#sSpan237"/>
		<rel id="sPointingRel131" xlink:href="scriptorium.Jonah_03.mark.xml#sSpan1327" target="scriptorium.Jonah_03.mark.xml#sSpan1317"/>
		<rel id="sPointingRel133" xlink:href="scriptorium.Jonah_03.mark.xml#sSpan324" target="scriptorium.Jonah_03.mark.xml#sSpan315"/>
		<rel id="sPointingRel135" xlink:href="scriptorium.Jonah_03.mark.xml#sSpan630" target="scriptorium.Jonah_03.mark.xml#sSpan627"/>
		<rel id="sPointingRel137" xlink:href="scriptorium.Jonah_03.mark.xml#sSpan1210" target="scriptorium.Jonah_03.mark.xml#sSpan1327"/>
		<rel id="sPointingRel139" xlink:href="scriptorium.Jonah_03.mark.xml#sSpan833" target="scriptorium.Jonah_03.mark.xml#sSpan826"/>
		<rel id="sPointingRel141" xlink:href="scriptorium.Jonah_03.mark.xml#sSpan681" target="scriptorium.Jonah_03.mark.xml#sSpan692"/>
		<rel id="sPointingRel143" xlink:href="scriptorium.Jonah_03.mark.xml#sSpan792" target="scriptorium.Jonah_03.mark.xml#sSpan784"/>
		<rel id="sPointingRel145" xlink:href="scriptorium.Jonah_03.mark.xml#sSpan150" target="scriptorium.Jonah_03.mark.xml#sSpan158"/>
		<rel id="sPointingRel147" xlink:href="scriptorium.Jonah_03.mark.xml#sSpan291" target="scriptorium.Jonah_03.mark.xml#sSpan284"/>
		<rel id="sPointingRel149" xlink:href="scriptorium.Jonah_03.mark.xml#sSpan520" target="scriptorium.Jonah_03.mark.xml#sSpan489"/>
		<rel id="sPointingRel151" xlink:href="scriptorium.Jonah_03.mark.xml#sSpan291" target="scriptorium.Jonah_03.mark.xml#sSpan288"/>
		<rel id="sPointingRel153" xlink:href="scriptorium.Jonah_03.mark.xml#sSpan431" target="scriptorium.Jonah_03.mark.xml#sSpan428"/>
		<rel id="sPointingRel155" xlink:href="scriptorium.Jonah_03.mark.xml#sSpan170" target="scriptorium.Jonah_03.mark.xml#sSpan172"/>
		<rel id="sPointingRel157" xlink:href="scriptorium.Jonah_03.mark.xml#sSpan1105" target="scriptorium.Jonah_03.mark.xml#sSpan1113"/>
		<rel id="sPointingRel159" xlink:href="scriptorium.Jonah_03.mark.xml#sSpan298" target="scriptorium.Jonah_03.mark.xml#sSpan293"/>
		<rel id="sPointingRel161" xlink:href="scriptorium.Jonah_03.mark.xml#sSpan677" target="scriptorium.Jonah_03.mark.xml#sSpan679"/>
		<rel id="sPointingRel163" xlink:href="scriptorium.Jonah_03.mark.xml#sSpan170" target="scriptorium.Jonah_03.mark.xml#sSpan162"/>
		<rel id="sPointingRel165" xlink:href="scriptorium.Jonah_03.mark.xml#sSpan870" target="scriptorium.Jonah_03.mark.xml#sSpan868"/>
		<rel id="sPointingRel167" xlink:href="scriptorium.Jonah_03.mark.xml#sSpan503" target="scriptorium.Jonah_03.mark.xml#sSpan510"/>
		<rel id="sPointingRel169" xlink:href="scriptorium.Jonah_03.mark.xml#sSpan1163" target="scriptorium.Jonah_03.mark.xml#sSpan1151"/>
		<rel id="sPointingRel171" xlink:href="scriptorium.Jonah_03.mark.xml#sSpan1262" target="scriptorium.Jonah_03.mark.xml#sSpan1275"/>
		<rel id="sPointingRel173" xlink:href="scriptorium.Jonah_03.mark.xml#sSpan217" target="scriptorium.Jonah_03.mark.xml#sSpan243"/>
		<rel id="sPointingRel175" xlink:href="scriptorium.Jonah_03.mark.xml#sSpan1017" target="scriptorium.Jonah_03.mark.xml#sSpan1028"/>
		<rel id="sPointingRel177" xlink:href="scriptorium.Jonah_03.mark.xml#sSpan773" target="scriptorium.Jonah_03.mark.xml#sSpan760"/>
		<rel id="sPointingRel179" xlink:href="scriptorium.Jonah_03.mark.xml#sSpan1095" target="scriptorium.Jonah_03.mark.xml#sSpan1099"/>
		<rel id="sPointingRel181" xlink:href="scriptorium.Jonah_03.mark.xml#sSpan117" target="scriptorium.Jonah_03.mark.xml#sSpan113"/>
		<rel id="sPointingRel183" xlink:href="scriptorium.Jonah_03.mark.xml#sSpan291" target="scriptorium.Jonah_03.mark.xml#sSpan298"/>
		<rel id="sPointingRel185" xlink:href="scriptorium.Jonah_03.mark.xml#sSpan1327" target="scriptorium.Jonah_03.mark.xml#sSpan1321"/>
		<rel id="sPointingRel187" xlink:href="scriptorium.Jonah_03.mark.xml#sSpan677" target="scriptorium.Jonah_03.mark.xml#sSpan681"/>
		<rel id="sPointingRel189" xlink:href="scriptorium.Jonah_03.mark.xml#sSpan110" target="scriptorium.Jonah_03.mark.xml#sSpan105"/>
		<rel id="sPointingRel191" xlink:href="scriptorium.Jonah_03.mark.xml#sSpan63" target="scriptorium.Jonah_03.mark.xml#sSpan69"/>
		<rel id="sPointingRel193" xlink:href="scriptorium.Jonah_03.mark.xml#sSpan24" target="scriptorium.Jonah_03.mark.xml#sSpan21"/>
		<rel id="sPointingRel195" xlink:href="scriptorium.Jonah_03.mark.xml#sSpan560" target="scriptorium.Jonah_03.mark.xml#sSpan575"/>
		<rel id="sPointingRel197" xlink:href="scriptorium.Jonah_03.mark.xml#sSpan150" target="scriptorium.Jonah_03.mark.xml#sSpan146"/>
		<rel id="sPointingRel199" xlink:href="scriptorium.Jonah_03.mark.xml#sSpan1264" target="scriptorium.Jonah_03.mark.xml#sSpan1266"/>
		<rel id="sPointingRel201" xlink:href="scriptorium.Jonah_03.mark.xml#sSpan15" target="scriptorium.Jonah_03.mark.xml#sSpan24"/>
		<rel id="sPointingRel203" xlink:href="scriptorium.Jonah_03.mark.xml#sSpan750" target="scriptorium.Jonah_03.mark.xml#sSpan801"/>
		<rel id="sPointingRel205" xlink:href="scriptorium.Jonah_03.mark.xml#sSpan1262" target="scriptorium.Jonah_03.mark.xml#sSpan1256"/>
		<rel id="sPointingRel207" xlink:href="scriptorium.Jonah_03.mark.xml#sSpan520" target="scriptorium.Jonah_03.mark.xml#sSpan517"/>
		<rel id="sPointingRel209" xlink:href="scriptorium.Jonah_03.mark.xml#sSpan815" target="scriptorium.Jonah_03.mark.xml#sSpan811"/>
		<rel id="sPointingRel211" xlink:href="scriptorium.Jonah_03.mark.xml#sSpan870" target="scriptorium.Jonah_03.mark.xml#sSpan864"/>
		<rel id="sPointingRel213" xlink:href="scriptorium.Jonah_03.mark.xml#sSpan384" target="scriptorium.Jonah_03.mark.xml#sSpan406"/>
		<rel id="sPointingRel215" xlink:href="scriptorium.Jonah_03.mark.xml#sSpan888" target="scriptorium.Jonah_03.mark.xml#sSpan894"/>
		<rel id="sPointingRel217" xlink:href="scriptorium.Jonah_03.mark.xml#sSpan894" target="scriptorium.Jonah_03.mark.xml#sSpan890"/>
		<rel id="sPointingRel219" xlink:href="scriptorium.Jonah_03.mark.xml#sSpan291" target="scriptorium.Jonah_03.mark.xml#sSpan324"/>
		<rel id="sPointingRel221" xlink:href="scriptorium.Jonah_03.mark.xml#sSpan750" target="scriptorium.Jonah_03.mark.xml#sSpan910"/>
		<rel id="sPointingRel223" xlink:href="scriptorium.Jonah_03.mark.xml#sSpan665" target="scriptorium.Jonah_03.mark.xml#sSpan652"/>
		<rel id="sPointingRel225" xlink:href="scriptorium.Jonah_03.mark.xml#sSpan1147" target="scriptorium.Jonah_03.mark.xml#sSpan1182"/>
		<rel id="sPointingRel227" xlink:href="scriptorium.Jonah_03.mark.xml#sSpan348" target="scriptorium.Jonah_03.mark.xml#sSpan344"/>
		<rel id="sPointingRel229" xlink:href="scriptorium.Jonah_03.mark.xml#sSpan24" target="scriptorium.Jonah_03.mark.xml#sSpan17"/>
		<rel id="sPointingRel231" xlink:href="scriptorium.Jonah_03.mark.xml#sSpan677" target="scriptorium.Jonah_03.mark.xml#sSpan667"/>
		<rel id="sPointingRel233" xlink:href="scriptorium.Jonah_03.mark.xml#sSpan750" target="scriptorium.Jonah_03.mark.xml#sSpan773"/>
		<rel id="sPointingRel235" xlink:href="scriptorium.Jonah_03.mark.xml#sSpan384" target="scriptorium.Jonah_03.mark.xml#sSpan387"/>
		<rel id="sPointingRel237" xlink:href="scriptorium.Jonah_03.mark.xml#sSpan520" target="scriptorium.Jonah_03.mark.xml#sSpan595"/>
		<rel id="sPointingRel239" xlink:href="scriptorium.Jonah_03.mark.xml#sSpan971" target="scriptorium.Jonah_03.mark.xml#sSpan979"/>
		<rel id="sPointingRel241" xlink:href="scriptorium.Jonah_03.mark.xml#sSpan1285" target="scriptorium.Jonah_03.mark.xml#sSpan1281"/>
		<rel id="sPointingRel243" xlink:href="scriptorium.Jonah_03.mark.xml#sSpan370" target="scriptorium.Jonah_03.mark.xml#sSpan431"/>
		<rel id="sPointingRel245" xlink:href="scriptorium.Jonah_03.mark.xml#sSpan384" target="scriptorium.Jonah_03.mark.xml#sSpan380"/>
		<rel id="sPointingRel247" xlink:href="scriptorium.Jonah_03.mark.xml#sSpan1147" target="scriptorium.Jonah_03.mark.xml#sSpan1145"/>
		<rel id="sPointingRel249" xlink:href="scriptorium.Jonah_03.mark.xml#sSpan463" target="scriptorium.Jonah_03.mark.xml#sSpan459"/>
		<rel id="sPointingRel251" xlink:href="scriptorium.Jonah_03.mark.xml#sSpan809" target="scriptorium.Jonah_03.mark.xml#sSpan807"/>
		<rel id="sPointingRel253" xlink:href="scriptorium.Jonah_03.mark.xml#sSpan1105" target="scriptorium.Jonah_03.mark.xml#sSpan1107"/>
		<rel id="sPointingRel255" xlink:href="scriptorium.Jonah_03.mark.xml#sSpan1048" target="scriptorium.Jonah_03.mark.xml#sSpan1045"/>
		<rel id="sPointingRel257" xlink:href="scriptorium.Jonah_03.mark.xml#sSpan1244" target="scriptorium.Jonah_03.mark.xml#sSpan1250"/>
		<rel id="sPointingRel259" xlink:href="scriptorium.Jonah_03.mark.xml#sSpan1139" target="scriptorium.Jonah_03.mark.xml#sSpan1132"/>
		<rel id="sPointingRel261" xlink:href="scriptorium.Jonah_03.mark.xml#sSpan844" target="scriptorium.Jonah_03.mark.xml#sSpan835"/>
		<rel id="sPointingRel263" xlink:href="scriptorium.Jonah_03.mark.xml#sSpan32" target="scriptorium.Jonah_03.mark.xml#sSpan77"/>
		<rel id="sPointingRel265" xlink:href="scriptorium.Jonah_03.mark.xml#sSpan529" target="scriptorium.Jonah_03.mark.xml#sSpan526"/>
		<rel id="sPointingRel267" xlink:href="scriptorium.Jonah_03.mark.xml#sSpan1028" target="scriptorium.Jonah_03.mark.xml#sSpan1025"/>
		<rel id="sPointingRel269" xlink:href="scriptorium.Jonah_03.mark.xml#sSpan481" target="scriptorium.Jonah_03.mark.xml#sSpan479"/>
		<rel id="sPointingRel271" xlink:href="scriptorium.Jonah_03.mark.xml#sSpan750" target="scriptorium.Jonah_03.mark.xml#sSpan747"/>
		<rel id="sPointingRel273" xlink:href="scriptorium.Jonah_03.mark.xml#sSpan575" target="scriptorium.Jonah_03.mark.xml#sSpan568"/>
		<rel id="sPointingRel275" xlink:href="scriptorium.Jonah_03.mark.xml#sSpan1297" target="scriptorium.Jonah_03.mark.xml#sSpan1293"/>
		<rel id="sPointingRel277" xlink:href="scriptorium.Jonah_03.mark.xml#sSpan650" target="scriptorium.Jonah_03.mark.xml#sSpan648"/>
		<rel id="sPointingRel279" xlink:href="scriptorium.Jonah_03.mark.xml#sSpan1151" target="scriptorium.Jonah_03.mark.xml#sSpan1155"/>
		<rel id="sPointingRel281" xlink:href="scriptorium.Jonah_03.mark.xml#sSpan1125" target="scriptorium.Jonah_03.mark.xml#sSpan1128"/>
		<rel id="sPointingRel283" xlink:href="scriptorium.Jonah_03.mark.xml#sSpan862" target="scriptorium.Jonah_03.mark.xml#sSpan859"/>
		<rel id="sPointingRel285" xlink:href="scriptorium.Jonah_03.mark.xml#sSpan700" target="scriptorium.Jonah_03.mark.xml#sSpan698"/>
		<rel id="sPointingRel287" xlink:href="scriptorium.Jonah_03.mark.xml#sSpan1095" target="scriptorium.Jonah_03.mark.xml#sSpan1184"/>
		<rel id="sPointingRel289" xlink:href="scriptorium.Jonah_03.mark.xml#sSpan400" target="scriptorium.Jonah_03.mark.xml#sSpan396"/>
		<rel id="sPointingRel291" xlink:href="scriptorium.Jonah_03.mark.xml#sSpan1063" target="scriptorium.Jonah_03.mark.xml#sSpan1056"/>
		<rel id="sPointingRel293" xlink:href="scriptorium.Jonah_03.mark.xml#sSpan560" target="scriptorium.Jonah_03.mark.xml#sSpan554"/>
		<rel id="sPointingRel295" xlink:href="scriptorium.Jonah_03.mark.xml#sSpan940" target="scriptorium.Jonah_03.mark.xml#sSpan937"/>
		<rel id="sPointingRel297" xlink:href="scriptorium.Jonah_03.mark.xml#sSpan1275" target="scriptorium.Jonah_03.mark.xml#sSpan1272"/>
		<rel id="sPointingRel299" xlink:href="scriptorium.Jonah_03.mark.xml#sSpan907" target="scriptorium.Jonah_03.mark.xml#sSpan896"/>
		<rel id="sPointingRel301" xlink:href="scriptorium.Jonah_03.mark.xml#sSpan782" target="scriptorium.Jonah_03.mark.xml#sSpan792"/>
		<rel id="sPointingRel303" xlink:href="scriptorium.Jonah_03.mark.xml#sSpan1262" target="scriptorium.Jonah_03.mark.xml#sSpan1252"/>
		<rel id="sPointingRel305" xlink:href="scriptorium.Jonah_03.mark.xml#sSpan217" target="scriptorium.Jonah_03.mark.xml#sSpan215"/>
		<rel id="sPointingRel307" xlink:href="scriptorium.Jonah_03.mark.xml#sSpan575" target="scriptorium.Jonah_03.mark.xml#sSpan572"/>
		<rel id="sPointingRel309" xlink:href="scriptorium.Jonah_03.mark.xml#sSpan431" target="scriptorium.Jonah_03.mark.xml#sSpan424"/>
		<rel id="sPointingRel311" xlink:href="scriptorium.Jonah_03.mark.xml#sSpan1229" target="scriptorium.Jonah_03.mark.xml#sSpan1221"/>
		<rel id="sPointingRel313" xlink:href="scriptorium.Jonah_03.mark.xml#sSpan208" target="scriptorium.Jonah_03.mark.xml#sSpan203"/>
		<rel id="sPointingRel315" xlink:href="scriptorium.Jonah_03.mark.xml#sSpan824" target="scriptorium.Jonah_03.mark.xml#sSpan833"/>
		<rel id="sPointingRel317" xlink:href="scriptorium.Jonah_03.mark.xml#sSpan298" target="scriptorium.Jonah_03.mark.xml#sSpan313"/>
		<rel id="sPointingRel319" xlink:href="scriptorium.Jonah_03.mark.xml#sSpan69" target="scriptorium.Jonah_03.mark.xml#sSpan65"/>
		<rel id="sPointingRel321" xlink:href="scriptorium.Jonah_03.mark.xml#sSpan199" target="scriptorium.Jonah_03.mark.xml#sSpan351"/>
		<rel id="sPointingRel323" xlink:href="scriptorium.Jonah_03.mark.xml#sSpan700" target="scriptorium.Jonah_03.mark.xml#sSpan702"/>
		<rel id="sPointingRel325" xlink:href="scriptorium.Jonah_03.mark.xml#sSpan1327" target="scriptorium.Jonah_03.mark.xml#sSpan1325"/>
		<rel id="sPointingRel327" xlink:href="scriptorium.Jonah_03.mark.xml#sSpan439" target="scriptorium.Jonah_03.mark.xml#sSpan433"/>
		<rel id="sPointingRel329" xlink:href="scriptorium.Jonah_03.mark.xml#sSpan1285" target="scriptorium.Jonah_03.mark.xml#sSpan1277"/>
		<rel id="sPointingRel331" xlink:href="scriptorium.Jonah_03.mark.xml#sSpan313" target="scriptorium.Jonah_03.mark.xml#sSpan310"/>
		<rel id="sPointingRel333" xlink:href="scriptorium.Jonah_03.mark.xml#sSpan384" target="scriptorium.Jonah_03.mark.xml#sSpan400"/>
		<rel id="sPointingRel335" xlink:href="scriptorium.Jonah_03.mark.xml#sSpan90" target="scriptorium.Jonah_03.mark.xml#sSpan180"/>
		<rel id="sPointingRel337" xlink:href="scriptorium.Jonah_03.mark.xml#sSpan324" target="scriptorium.Jonah_03.mark.xml#sSpan321"/>
		<rel id="sPointingRel339" xlink:href="scriptorium.Jonah_03.mark.xml#sSpan481" target="scriptorium.Jonah_03.mark.xml#sSpan483"/>
		<rel id="sPointingRel341" xlink:href="scriptorium.Jonah_03.mark.xml#sSpan560" target="scriptorium.Jonah_03.mark.xml#sSpan566"/>
		<rel id="sPointingRel343" xlink:href="scriptorium.Jonah_03.mark.xml#sSpan150" target="scriptorium.Jonah_03.mark.xml#sSpan142"/>
		<rel id="sPointingRel345" xlink:href="scriptorium.Jonah_03.mark.xml#sSpan117" target="scriptorium.Jonah_03.mark.xml#sSpan124"/>
		<rel id="sPointingRel347" xlink:href="scriptorium.Jonah_03.mark.xml#sSpan1219" target="scriptorium.Jonah_03.mark.xml#sSpan1216"/>
		<rel id="sPointingRel349" xlink:href="scriptorium.Jonah_03.mark.xml#sSpan98" target="scriptorium.Jonah_03.mark.xml#sSpan133"/>
		<rel id="sPointingRel351" xlink:href="scriptorium.Jonah_03.mark.xml#sSpan979" target="scriptorium.Jonah_03.mark.xml#sSpan990"/>
		<rel id="sPointingRel353" xlink:href="scriptorium.Jonah_03.mark.xml#sSpan406" target="scriptorium.Jonah_03.mark.xml#sSpan409"/>
		<rel id="sPointingRel355" xlink:href="scriptorium.Jonah_03.mark.xml#sSpan700" target="scriptorium.Jonah_03.mark.xml#sSpan711"/>
		<rel id="sPointingRel357" xlink:href="scriptorium.Jonah_03.mark.xml#sSpan1017" target="scriptorium.Jonah_03.mark.xml#sSpan1007"/>
		<rel id="sPointingRel359" xlink:href="scriptorium.Jonah_03.mark.xml#sSpan313" target="scriptorium.Jonah_03.mark.xml#sSpan306"/>
		<rel id="sPointingRel361" xlink:href="scriptorium.Jonah_03.mark.xml#sSpan1017" target="scriptorium.Jonah_03.mark.xml#sSpan1048"/>
		<rel id="sPointingRel363" xlink:href="scriptorium.Jonah_03.mark.xml#sSpan650" target="scriptorium.Jonah_03.mark.xml#sSpan665"/>
		<rel id="sPointingRel365" xlink:href="scriptorium.Jonah_03.mark.xml#sSpan199" target="scriptorium.Jonah_03.mark.xml#sSpan201"/>
		<rel id="sPointingRel367" xlink:href="scriptorium.Jonah_03.mark.xml#sSpan1297" target="scriptorium.Jonah_03.mark.xml#sSpan1295"/>
		<rel id="sPointingRel369" xlink:href="scriptorium.Jonah_03.mark.xml#sSpan258" target="scriptorium.Jonah_03.mark.xml#sSpan251"/>
		<rel id="sPointingRel371" xlink:href="scriptorium.Jonah_03.mark.xml#sSpan1297" target="scriptorium.Jonah_03.mark.xml#sSpan1303"/>
		<rel id="sPointingRel373" xlink:href="scriptorium.Jonah_03.mark.xml#sSpan1229" target="scriptorium.Jonah_03.mark.xml#sSpan1244"/>
		<rel id="sPointingRel375" xlink:href="scriptorium.Jonah_03.mark.xml#sSpan979" target="scriptorium.Jonah_03.mark.xml#sSpan986"/>
		<rel id="sPointingRel377" xlink:href="scriptorium.Jonah_03.mark.xml#sSpan291" target="scriptorium.Jonah_03.mark.xml#sSpan280"/>
		<rel id="sPointingRel379" xlink:href="scriptorium.Jonah_03.mark.xml#sSpan1229" target="scriptorium.Jonah_03.mark.xml#sSpan1231"/>
		<rel id="sPointingRel381" xlink:href="scriptorium.Jonah_03.mark.xml#sSpan256" target="scriptorium.Jonah_03.mark.xml#sSpan253"/>
		<rel id="sPointingRel383" xlink:href="scriptorium.Jonah_03.mark.xml#sSpan158" target="scriptorium.Jonah_03.mark.xml#sSpan170"/>
		<rel id="sPointingRel385" xlink:href="scriptorium.Jonah_03.mark.xml#sSpan1125" target="scriptorium.Jonah_03.mark.xml#sSpan1139"/>
		<rel id="sPointingRel387" xlink:href="scriptorium.Jonah_03.mark.xml#sSpan949" target="scriptorium.Jonah_03.mark.xml#sSpan942"/>
		<rel id="sPointingRel389" xlink:href="scriptorium.Jonah_03.mark.xml#sSpan481" target="scriptorium.Jonah_03.mark.xml#sSpan447"/>
		<rel id="sPointingRel391" xlink:href="scriptorium.Jonah_03.mark.xml#sSpan870" target="scriptorium.Jonah_03.mark.xml#sSpan824"/>
		<rel id="sPointingRel393" xlink:href="scriptorium.Jonah_03.mark.xml#sSpan1017" target="scriptorium.Jonah_03.mark.xml#sSpan1011"/>
		<rel id="sPointingRel395" xlink:href="scriptorium.Jonah_03.mark.xml#sSpan1327" target="scriptorium.Jonah_03.mark.xml#sSpan1313"/>
		<rel id="sPointingRel397" xlink:href="scriptorium.Jonah_03.mark.xml#sSpan1095" target="scriptorium.Jonah_03.mark.xml#sSpan1086"/>
		<rel id="sPointingRel399" xlink:href="scriptorium.Jonah_03.mark.xml#sSpan711" target="scriptorium.Jonah_03.mark.xml#sSpan708"/>
		<rel id="sPointingRel401" xlink:href="scriptorium.Jonah_03.mark.xml#sSpan1048" target="scriptorium.Jonah_03.mark.xml#sSpan1054"/>
		<rel id="sPointingRel403" xlink:href="scriptorium.Jonah_03.mark.xml#sSpan133" target="scriptorium.Jonah_03.mark.xml#sSpan126"/>
		<rel id="sPointingRel405" xlink:href="scriptorium.Jonah_03.mark.xml#sSpan243" target="scriptorium.Jonah_03.mark.xml#sSpan232"/>
		<rel id="sPointingRel407" xlink:href="scriptorium.Jonah_03.mark.xml#sSpan958" target="scriptorium.Jonah_03.mark.xml#sSpan955"/>
		<rel id="sPointingRel409" xlink:href="scriptorium.Jonah_03.mark.xml#sSpan958" target="scriptorium.Jonah_03.mark.xml#sSpan951"/>
		<rel id="sPointingRel411" xlink:href="scriptorium.Jonah_03.mark.xml#sSpan133" target="scriptorium.Jonah_03.mark.xml#sSpan150"/>
		<rel id="sPointingRel413" xlink:href="scriptorium.Jonah_03.mark.xml#sSpan1210" target="scriptorium.Jonah_03.mark.xml#sSpan1204"/>
		<rel id="sPointingRel415" xlink:href="scriptorium.Jonah_03.mark.xml#sSpan548" target="scriptorium.Jonah_03.mark.xml#sSpan544"/>
		<rel id="sPointingRel417" xlink:href="scriptorium.Jonah_03.mark.xml#sSpan652" target="scriptorium.Jonah_03.mark.xml#sSpan657"/>
		<rel id="sPointingRel419" xlink:href="scriptorium.Jonah_03.mark.xml#sSpan630" target="scriptorium.Jonah_03.mark.xml#sSpan637"/>
		<rel id="sPointingRel421" xlink:href="scriptorium.Jonah_03.mark.xml#sSpan124" target="scriptorium.Jonah_03.mark.xml#sSpan119"/>
		<rel id="sPointingRel423" xlink:href="scriptorium.Jonah_03.mark.xml#sSpan481" target="scriptorium.Jonah_03.mark.xml#sSpan475"/>
		<rel id="sPointingRel425" xlink:href="scriptorium.Jonah_03.mark.xml#sSpan809" target="scriptorium.Jonah_03.mark.xml#sSpan803"/>
		<rel id="sPointingRel427" xlink:href="scriptorium.Jonah_03.mark.xml#sSpan1028" target="scriptorium.Jonah_03.mark.xml#sSpan1034"/>
		<rel id="sPointingRel429" xlink:href="scriptorium.Jonah_03.mark.xml#sSpan342" target="scriptorium.Jonah_03.mark.xml#sSpan338"/>
		<rel id="sPointingRel431" xlink:href="scriptorium.Jonah_03.mark.xml#sSpan520" target="scriptorium.Jonah_03.mark.xml#sSpan513"/>
		<rel id="sPointingRel433" xlink:href="scriptorium.Jonah_03.mark.xml#sSpan1210" target="scriptorium.Jonah_03.mark.xml#sSpan1208"/>
		<rel id="sPointingRel435" xlink:href="scriptorium.Jonah_03.mark.xml#sSpan39" target="scriptorium.Jonah_03.mark.xml#sSpan34"/>
		<rel id="sPointingRel437" xlink:href="scriptorium.Jonah_03.mark.xml#sSpan1163" target="scriptorium.Jonah_03.mark.xml#sSpan1172"/>
		<rel id="sPointingRel439" xlink:href="scriptorium.Jonah_03.mark.xml#sSpan90" target="scriptorium.Jonah_03.mark.xml#sSpan81"/>
		<rel id="sPointingRel441" xlink:href="scriptorium.Jonah_03.mark.xml#sSpan1202" target="scriptorium.Jonah_03.mark.xml#sSpan1197"/>
		<rel id="sPointingRel443" xlink:href="scriptorium.Jonah_03.mark.xml#sSpan439" target="scriptorium.Jonah_03.mark.xml#sSpan437"/>
		<rel id="sPointingRel445" xlink:href="scriptorium.Jonah_03.mark.xml#sSpan400" target="scriptorium.Jonah_03.mark.xml#sSpan392"/>
		<rel id="sPointingRel447" xlink:href="scriptorium.Jonah_03.mark.xml#sSpan342" target="scriptorium.Jonah_03.mark.xml#sSpan335"/>
		<rel id="sPointingRel449" xlink:href="scriptorium.Jonah_03.mark.xml#sSpan621" target="scriptorium.Jonah_03.mark.xml#sSpan613"/>
		<rel id="sPointingRel451" xlink:href="scriptorium.Jonah_03.mark.xml#sSpan665" target="scriptorium.Jonah_03.mark.xml#sSpan661"/>
		<rel id="sPointingRel453" xlink:href="scriptorium.Jonah_03.mark.xml#sSpan1210" target="scriptorium.Jonah_03.mark.xml#sSpan1202"/>
		<rel id="sPointingRel455" xlink:href="scriptorium.Jonah_03.mark.xml#sSpan1210" target="scriptorium.Jonah_03.mark.xml#sSpan1262"/>
		<rel id="sPointingRel457" xlink:href="scriptorium.Jonah_03.mark.xml#sSpan1163" target="scriptorium.Jonah_03.mark.xml#sSpan1159"/>
		<rel id="sPointingRel459" xlink:href="scriptorium.Jonah_03.mark.xml#sSpan692" target="scriptorium.Jonah_03.mark.xml#sSpan685"/>
		<rel id="sPointingRel461" xlink:href="scriptorium.Jonah_03.mark.xml#sSpan1095" target="scriptorium.Jonah_03.mark.xml#sSpan1105"/>
		<rel id="sPointingRel463" xlink:href="scriptorium.Jonah_03.mark.xml#sSpan1210" target="scriptorium.Jonah_03.mark.xml#sSpan1229"/>
		<rel id="sPointingRel465" xlink:href="scriptorium.Jonah_03.mark.xml#sSpan32" target="scriptorium.Jonah_03.mark.xml#sSpan63"/>
		<rel id="sPointingRel467" xlink:href="scriptorium.Jonah_03.mark.xml#sSpan90" target="scriptorium.Jonah_03.mark.xml#sSpan98"/>
		<rel id="sPointingRel469" xlink:href="scriptorium.Jonah_03.mark.xml#sSpan844" target="scriptorium.Jonah_03.mark.xml#sSpan839"/>
		<rel id="sPointingRel471" xlink:href="scriptorium.Jonah_03.mark.xml#sSpan593" target="scriptorium.Jonah_03.mark.xml#sSpan590"/>
		<rel id="sPointingRel473" xlink:href="scriptorium.Jonah_03.mark.xml#sSpan463" target="scriptorium.Jonah_03.mark.xml#sSpan454"/>
		<rel id="sPointingRel475" xlink:href="scriptorium.Jonah_03.mark.xml#sSpan1229" target="scriptorium.Jonah_03.mark.xml#sSpan1225"/>
		<rel id="sPointingRel477" xlink:href="scriptorium.Jonah_03.mark.xml#sSpan32" target="scriptorium.Jonah_03.mark.xml#sSpan26"/>
		<rel id="sPointingRel479" xlink:href="scriptorium.Jonah_03.mark.xml#sSpan63" target="scriptorium.Jonah_03.mark.xml#sSpan61"/>
		<rel id="sPointingRel481" xlink:href="scriptorium.Jonah_03.mark.xml#sSpan75" target="scriptorium.Jonah_03.mark.xml#sSpan71"/>
		<rel id="sPointingRel483" xlink:href="scriptorium.Jonah_03.mark.xml#sSpan700" target="scriptorium.Jonah_03.mark.xml#sSpan694"/>
		<rel id="sPointingRel485" xlink:href="scriptorium.Jonah_03.mark.xml#sSpan510" target="scriptorium.Jonah_03.mark.xml#sSpan505"/>
		<rel id="sPointingRel487" xlink:href="scriptorium.Jonah_03.mark.xml#sSpan329" target="scriptorium.Jonah_03.mark.xml#sSpan326"/>
		<rel id="sPointingRel489" xlink:href="scriptorium.Jonah_03.mark.xml#sSpan538" target="scriptorium.Jonah_03.mark.xml#sSpan531"/>
		<rel id="sPointingRel491" xlink:href="scriptorium.Jonah_03.mark.xml#sSpan463" target="scriptorium.Jonah_03.mark.xml#sSpan452"/>
		<rel id="sPointingRel493" xlink:href="scriptorium.Jonah_03.mark.xml#sSpan870" target="scriptorium.Jonah_03.mark.xml#sSpan872"/>
		<rel id="sPointingRel495" xlink:href="scriptorium.Jonah_03.mark.xml#sSpan711" target="scriptorium.Jonah_03.mark.xml#sSpan704"/>
		<rel id="sPointingRel497" xlink:href="scriptorium.Jonah_03.mark.xml#sSpan217" target="scriptorium.Jonah_03.mark.xml#sSpan220"/>
		<rel id="sPointingRel499" xlink:href="scriptorium.Jonah_03.mark.xml#sSpan406" target="scriptorium.Jonah_03.mark.xml#sSpan402"/>
		<rel id="sPointingRel501" xlink:href="scriptorium.Jonah_03.mark.xml#sSpan1244" target="scriptorium.Jonah_03.mark.xml#sSpan1241"/>
		<rel id="sPointingRel503" xlink:href="scriptorium.Jonah_03.mark.xml#sSpan650" target="scriptorium.Jonah_03.mark.xml#sSpan640"/>
		<rel id="sPointingRel505" xlink:href="scriptorium.Jonah_03.mark.xml#sSpan1063" target="scriptorium.Jonah_03.mark.xml#sSpan1060"/>
		<rel id="sPointingRel507" xlink:href="scriptorium.Jonah_03.mark.xml#sSpan406" target="scriptorium.Jonah_03.mark.xml#sSpan417"/>
		<rel id="sPointingRel509" xlink:href="scriptorium.Jonah_03.mark.xml#sSpan32" target="scriptorium.Jonah_03.mark.xml#sSpan1"/>
		<rel id="sPointingRel511" xlink:href="scriptorium.Jonah_03.mark.xml#sSpan32" target="scriptorium.Jonah_03.mark.xml#sSpan50"/>
		<rel id="sPointingRel513" xlink:href="scriptorium.Jonah_03.mark.xml#sSpan324" target="scriptorium.Jonah_03.mark.xml#sSpan329"/>
		<rel id="sPointingRel515" xlink:href="scriptorium.Jonah_03.mark.xml#sSpan773" target="scriptorium.Jonah_03.mark.xml#sSpan764"/>
		<rel id="sPointingRel517" xlink:href="scriptorium.Jonah_03.mark.xml#sSpan560" target="scriptorium.Jonah_03.mark.xml#sSpan550"/>
		<rel id="sPointingRel519" xlink:href="scriptorium.Jonah_03.mark.xml#sSpan217" target="scriptorium.Jonah_03.mark.xml#sSpan211"/>
		<rel id="sPointingRel521" xlink:href="scriptorium.Jonah_03.mark.xml#sSpan1105" target="scriptorium.Jonah_03.mark.xml#sSpan1101"/>
		<rel id="sPointingRel523" xlink:href="scriptorium.Jonah_03.mark.xml#sSpan801" target="scriptorium.Jonah_03.mark.xml#sSpan794"/>
		<rel id="sPointingRel525" xlink:href="scriptorium.Jonah_03.mark.xml#sSpan156" target="scriptorium.Jonah_03.mark.xml#sSpan152"/>
		<rel id="sPointingRel527" xlink:href="scriptorium.Jonah_03.mark.xml#sSpan853" target="scriptorium.Jonah_03.mark.xml#sSpan850"/>
		<rel id="sPointingRel529" xlink:href="scriptorium.Jonah_03.mark.xml#sSpan431" target="scriptorium.Jonah_03.mark.xml#sSpan420"/>
		<rel id="sPointingRel531" xlink:href="scriptorium.Jonah_03.mark.xml#sSpan870" target="scriptorium.Jonah_03.mark.xml#sSpan907"/>
		<rel id="sPointingRel533" xlink:href="scriptorium.Jonah_03.mark.xml#sSpan801" target="scriptorium.Jonah_03.mark.xml#sSpan809"/>
		<rel id="sPointingRel535" xlink:href="scriptorium.Jonah_03.mark.xml#sSpan1244" target="scriptorium.Jonah_03.mark.xml#sSpan1233"/>
		<rel id="sPointingRel537" xlink:href="scriptorium.Jonah_03.mark.xml#sSpan1080" target="scriptorium.Jonah_03.mark.xml#sSpan1075"/>
		<rel id="sPointingRel539" xlink:href="scriptorium.Jonah_03.mark.xml#sSpan870" target="scriptorium.Jonah_03.mark.xml#sSpan888"/>
		<rel id="sPointingRel541" xlink:href="scriptorium.Jonah_03.mark.xml#sSpan907" target="scriptorium.Jonah_03.mark.xml#sSpan904"/>
		<rel id="sPointingRel543" xlink:href="scriptorium.Jonah_03.mark.xml#sSpan291" target="scriptorium.Jonah_03.mark.xml#sSpan302"/>
		<rel id="sPointingRel545" xlink:href="scriptorium.Jonah_03.mark.xml#sSpan792" target="scriptorium.Jonah_03.mark.xml#sSpan788"/>
		<rel id="sPointingRel547" xlink:href="scriptorium.Jonah_03.mark.xml#sSpan824" target="scriptorium.Jonah_03.mark.xml#sSpan844"/>
		<rel id="sPointingRel549" xlink:href="scriptorium.Jonah_03.mark.xml#sSpan98" target="scriptorium.Jonah_03.mark.xml#sSpan96"/>
		<rel id="sPointingRel551" xlink:href="scriptorium.Jonah_03.mark.xml#sSpan1128" target="scriptorium.Jonah_03.mark.xml#sSpan1130"/>
		<rel id="sPointingRel553" xlink:href="scriptorium.Jonah_03.mark.xml#sSpan1303" target="scriptorium.Jonah_03.mark.xml#sSpan1299"/>
		<rel id="sPointingRel555" xlink:href="scriptorium.Jonah_03.mark.xml#sSpan929" target="scriptorium.Jonah_03.mark.xml#sSpan1082"/>
		<rel id="sPointingRel557" xlink:href="scriptorium.Jonah_03.mark.xml#sSpan1303" target="scriptorium.Jonah_03.mark.xml#sSpan1311"/>
		<rel id="sPointingRel559" xlink:href="scriptorium.Jonah_03.mark.xml#sSpan229" target="scriptorium.Jonah_03.mark.xml#sSpan224"/>
		<rel id="sPointingRel561" xlink:href="scriptorium.Jonah_03.mark.xml#sSpan1125" target="scriptorium.Jonah_03.mark.xml#sSpan1147"/>
		<rel id="sPointingRel563" xlink:href="scriptorium.Jonah_03.mark.xml#sSpan757" target="scriptorium.Jonah_03.mark.xml#sSpan752"/>
		<rel id="sPointingRel565" xlink:href="scriptorium.Jonah_03.mark.xml#sSpan133" target="scriptorium.Jonah_03.mark.xml#sSpan139"/>
		<rel id="sPointingRel567" xlink:href="scriptorium.Jonah_03.mark.xml#sSpan1250" target="scriptorium.Jonah_03.mark.xml#sSpan1246"/>
		<rel id="sPointingRel569" xlink:href="scriptorium.Jonah_03.mark.xml#sSpan979" target="scriptorium.Jonah_03.mark.xml#sSpan977"/>
		<rel id="sPointingRel571" xlink:href="scriptorium.Jonah_03.mark.xml#sSpan439" target="scriptorium.Jonah_03.mark.xml#sSpan445"/>
		<rel id="sPointingRel573" xlink:href="scriptorium.Jonah_03.mark.xml#sSpan677" target="scriptorium.Jonah_03.mark.xml#sSpan671"/>
		<rel id="sPointingRel575" xlink:href="scriptorium.Jonah_03.mark.xml#sSpan1182" target="scriptorium.Jonah_03.mark.xml#sSpan1174"/>
		<rel id="sPointingRel577" xlink:href="scriptorium.Jonah_03.mark.xml#sSpan560" target="scriptorium.Jonah_03.mark.xml#sSpan584"/>
		<rel id="sPointingRel579" xlink:href="scriptorium.Jonah_03.mark.xml#sSpan621" target="scriptorium.Jonah_03.mark.xml#sSpan650"/>
		<rel id="sPointingRel581" xlink:href="scriptorium.Jonah_03.mark.xml#sSpan692" target="scriptorium.Jonah_03.mark.xml#sSpan689"/>
		<rel id="sPointingRel583" xlink:href="scriptorium.Jonah_03.mark.xml#sSpan258" target="scriptorium.Jonah_03.mark.xml#sSpan266"/>
		<rel id="sPointingRel585" xlink:href="scriptorium.Jonah_03.mark.xml#sSpan377" target="scriptorium.Jonah_03.mark.xml#sSpan372"/>
		<rel id="sPointingRel587" xlink:href="scriptorium.Jonah_03.mark.xml#sSpan529" target="scriptorium.Jonah_03.mark.xml#sSpan522"/>
		<rel id="sPointingRel589" xlink:href="scriptorium.Jonah_03.mark.xml#sSpan782" target="scriptorium.Jonah_03.mark.xml#sSpan775"/>
		<rel id="sPointingRel591" xlink:href="scriptorium.Jonah_03.mark.xml#sSpan98" target="scriptorium.Jonah_03.mark.xml#sSpan101"/>
		<rel id="sPointingRel593" xlink:href="scriptorium.Jonah_03.mark.xml#sSpan1182" target="scriptorium.Jonah_03.mark.xml#sSpan1178"/>
		<rel id="sPointingRel595" xlink:href="scriptorium.Jonah_03.mark.xml#sSpan621" target="scriptorium.Jonah_03.mark.xml#sSpan599"/>
		<rel id="sPointingRel597" xlink:href="scriptorium.Jonah_03.mark.xml#sSpan370" target="scriptorium.Jonah_03.mark.xml#sSpan377"/>
		<rel id="sPointingRel599" xlink:href="scriptorium.Jonah_03.mark.xml#sSpan650" target="scriptorium.Jonah_03.mark.xml#sSpan644"/>
		<rel id="sPointingRel601" xlink:href="scriptorium.Jonah_03.mark.xml#sSpan949" target="scriptorium.Jonah_03.mark.xml#sSpan958"/>
		<rel id="sPointingRel603" xlink:href="scriptorium.Jonah_03.mark.xml#sSpan728" target="scriptorium.Jonah_03.mark.xml#sSpan721"/>
		<rel id="sPointingRel605" xlink:href="scriptorium.Jonah_03.mark.xml#sSpan199" target="scriptorium.Jonah_03.mark.xml#sSpan208"/>
		<rel id="sPointingRel607" xlink:href="scriptorium.Jonah_03.mark.xml#sSpan199" target="scriptorium.Jonah_03.mark.xml#sSpan217"/>
		<rel id="sPointingRel609" xlink:href="scriptorium.Jonah_03.mark.xml#sSpan1113" target="scriptorium.Jonah_03.mark.xml#sSpan1125"/>
		<rel id="sPointingRel611" xlink:href="scriptorium.Jonah_03.mark.xml#sSpan1069" target="scriptorium.Jonah_03.mark.xml#sSpan1065"/>
		<rel id="sPointingRel613" xlink:href="scriptorium.Jonah_03.mark.xml#sSpan801" target="scriptorium.Jonah_03.mark.xml#sSpan798"/>
		<rel id="sPointingRel615" xlink:href="scriptorium.Jonah_03.mark.xml#sSpan1125" target="scriptorium.Jonah_03.mark.xml#sSpan1116"/>
		<rel id="sPointingRel617" xlink:href="scriptorium.Jonah_03.mark.xml#sSpan258" target="scriptorium.Jonah_03.mark.xml#sSpan256"/>
		<rel id="sPointingRel619" xlink:href="scriptorium.Jonah_03.mark.xml#sSpan971" target="scriptorium.Jonah_03.mark.xml#sSpan964"/>
		<rel id="sPointingRel621" xlink:href="scriptorium.Jonah_03.mark.xml#sSpan929" target="scriptorium.Jonah_03.mark.xml#sSpan949"/>
		<rel id="sPointingRel623" xlink:href="scriptorium.Jonah_03.mark.xml#sSpan50" target="scriptorium.Jonah_03.mark.xml#sSpan46"/>
		<rel id="sPointingRel625" xlink:href="scriptorium.Jonah_03.mark.xml#sSpan844" target="scriptorium.Jonah_03.mark.xml#sSpan853"/>
		<rel id="sPointingRel627" xlink:href="scriptorium.Jonah_03.mark.xml#sSpan1001" target="scriptorium.Jonah_03.mark.xml#sSpan998"/>
		<rel id="sPointingRel629" xlink:href="scriptorium.Jonah_03.mark.xml#sSpan1172" target="scriptorium.Jonah_03.mark.xml#sSpan1169"/>
		<rel id="sPointingRel631" xlink:href="scriptorium.Jonah_03.mark.xml#sSpan979" target="scriptorium.Jonah_03.mark.xml#sSpan973"/>
		<rel id="sPointingRel633" xlink:href="scriptorium.Jonah_03.mark.xml#sSpan431" target="scriptorium.Jonah_03.mark.xml#sSpan439"/>
		<rel id="sPointingRel635" xlink:href="scriptorium.Jonah_03.mark.xml#sSpan1125" target="scriptorium.Jonah_03.mark.xml#sSpan1122"/>
		<rel id="sPointingRel637" xlink:href="scriptorium.Jonah_03.mark.xml#sSpan888" target="scriptorium.Jonah_03.mark.xml#sSpan886"/>
		<rel id="sPointingRel639" xlink:href="scriptorium.Jonah_03.mark.xml#sSpan266" target="scriptorium.Jonah_03.mark.xml#sSpan262"/>
		<rel id="sPointingRel641" xlink:href="scriptorium.Jonah_03.mark.xml#sSpan139" target="scriptorium.Jonah_03.mark.xml#sSpan135"/>
		<rel id="sPointingRel643" xlink:href="scriptorium.Jonah_03.mark.xml#sSpan370" target="scriptorium.Jonah_03.mark.xml#sSpan384"/>
		<rel id="sPointingRel645" xlink:href="scriptorium.Jonah_03.mark.xml#sSpan621" target="scriptorium.Jonah_03.mark.xml#sSpan630"/>
		<rel id="sPointingRel647" xlink:href="scriptorium.Jonah_03.mark.xml#sSpan888" target="scriptorium.Jonah_03.mark.xml#sSpan878"/>
		<rel id="sPointingRel649" xlink:href="scriptorium.Jonah_03.mark.xml#sSpan1017" target="scriptorium.Jonah_03.mark.xml#sSpan1019"/>
		<rel id="sPointingRel651" xlink:href="scriptorium.Jonah_03.mark.xml#sSpan217" target="scriptorium.Jonah_03.mark.xml#sSpan291"/>
		<rel id="sPointingRel653" xlink:href="scriptorium.Jonah_03.mark.xml#sSpan621" target="scriptorium.Jonah_03.mark.xml#sSpan677"/>
		<rel id="sPointingRel655" xlink:href="scriptorium.Jonah_03.mark.xml#sSpan613" target="scriptorium.Jonah_03.mark.xml#sSpan608"/>
		<rel id="sPointingRel657" xlink:href="scriptorium.Jonah_03.mark.xml#sSpan199" target="scriptorium.Jonah_03.mark.xml#sSpan197"/>
		<rel id="sPointingRel659" xlink:href="scriptorium.Jonah_03.mark.xml#sSpan481" target="scriptorium.Jonah_03.mark.xml#sSpan463"/>
		<rel id="sPointingRel661" xlink:href="scriptorium.Jonah_03.mark.xml#sSpan630" target="scriptorium.Jonah_03.mark.xml#sSpan623"/>
		<rel id="sPointingRel663" xlink:href="scriptorium.Jonah_03.mark.xml#sSpan979" target="scriptorium.Jonah_03.mark.xml#sSpan1001"/>
		<rel id="sPointingRel665" xlink:href="scriptorium.Jonah_03.mark.xml#sSpan949" target="scriptorium.Jonah_03.mark.xml#sSpan946"/>
		<rel id="sPointingRel667" xlink:href="scriptorium.Jonah_03.mark.xml#sSpan929" target="scriptorium.Jonah_03.mark.xml#sSpan971"/>
		<rel id="sPointingRel669" xlink:href="scriptorium.Jonah_03.mark.xml#sSpan243" target="scriptorium.Jonah_03.mark.xml#sSpan241"/>
		<rel id="sPointingRel671" xlink:href="scriptorium.Jonah_03.mark.xml#sSpan1139" target="scriptorium.Jonah_03.mark.xml#sSpan1136"/>
		<rel id="sPointingRel673" xlink:href="scriptorium.Jonah_03.mark.xml#sSpan1182" target="scriptorium.Jonah_03.mark.xml#sSpan1180"/>
		<rel id="sPointingRel675" xlink:href="scriptorium.Jonah_03.mark.xml#sSpan1054" target="scriptorium.Jonah_03.mark.xml#sSpan1050"/>
		<rel id="sPointingRel677" xlink:href="scriptorium.Jonah_03.mark.xml#sSpan538" target="scriptorium.Jonah_03.mark.xml#sSpan535"/>
		<rel id="sPointingRel679" xlink:href="scriptorium.Jonah_03.mark.xml#sSpan560" target="scriptorium.Jonah_03.mark.xml#sSpan558"/>
		<rel id="sPointingRel681" xlink:href="scriptorium.Jonah_03.mark.xml#sSpan584" target="scriptorium.Jonah_03.mark.xml#sSpan581"/>
		<rel id="sPointingRel683" xlink:href="scriptorium.Jonah_03.mark.xml#sSpan1210" target="scriptorium.Jonah_03.mark.xml#sSpan1188"/>
		<rel id="sPointingRel685" xlink:href="scriptorium.Jonah_03.mark.xml#sSpan888" target="scriptorium.Jonah_03.mark.xml#sSpan882"/>
		<rel id="sPointingRel687" xlink:href="scriptorium.Jonah_03.mark.xml#sSpan750" target="scriptorium.Jonah_03.mark.xml#sSpan757"/>
		<rel id="sPointingRel689" xlink:href="scriptorium.Jonah_03.mark.xml#sSpan1063" target="scriptorium.Jonah_03.mark.xml#sSpan1069"/>
		<rel id="sPointingRel691" xlink:href="scriptorium.Jonah_03.mark.xml#sSpan63" target="scriptorium.Jonah_03.mark.xml#sSpan57"/>
		<rel id="sPointingRel693" xlink:href="scriptorium.Jonah_03.mark.xml#sSpan329" target="scriptorium.Jonah_03.mark.xml#sSpan342"/>
		<rel id="sPointingRel695" xlink:href="scriptorium.Jonah_03.mark.xml#sSpan342" target="scriptorium.Jonah_03.mark.xml#sSpan331"/>
		<rel id="sPointingRel697" xlink:href="scriptorium.Jonah_03.mark.xml#sSpan199" target="scriptorium.Jonah_03.mark.xml#sSpan184"/>
		<rel id="sPointingRel699" xlink:href="scriptorium.Jonah_03.mark.xml#sSpan677" target="scriptorium.Jonah_03.mark.xml#sSpan700"/>
		<rel id="sPointingRel701" xlink:href="scriptorium.Jonah_03.mark.xml#sSpan971" target="scriptorium.Jonah_03.mark.xml#sSpan960"/>
		<rel id="sPointingRel703" xlink:href="scriptorium.Jonah_03.mark.xml#sSpan32" target="scriptorium.Jonah_03.mark.xml#sSpan39"/>
		<rel id="sPointingRel705" xlink:href="scriptorium.Jonah_03.mark.xml#sSpan833" target="scriptorium.Jonah_03.mark.xml#sSpan830"/>
		<rel id="sPointingRel707" xlink:href="scriptorium.Jonah_03.mark.xml#sSpan470" target="scriptorium.Jonah_03.mark.xml#sSpan465"/>
		<rel id="sPointingRel709" xlink:href="scriptorium.Jonah_03.mark.xml#sSpan110" target="scriptorium.Jonah_03.mark.xml#sSpan117"/>
		<rel id="sPointingRel711" xlink:href="scriptorium.Jonah_03.mark.xml#sSpan929" target="scriptorium.Jonah_03.mark.xml#sSpan914"/>
		<rel id="sPointingRel713" xlink:href="scriptorium.Jonah_03.mark.xml#sSpan1147" target="scriptorium.Jonah_03.mark.xml#sSpan1141"/>
		<rel id="sPointingRel715" xlink:href="scriptorium.Jonah_03.mark.xml#sSpan853" target="scriptorium.Jonah_03.mark.xml#sSpan846"/>
		<rel id="sPointingRel717" xlink:href="scriptorium.Jonah_03.mark.xml#sSpan907" target="scriptorium.Jonah_03.mark.xml#sSpan900"/>
		<rel id="sPointingRel719" xlink:href="scriptorium.Jonah_03.mark.xml#sSpan370" target="scriptorium.Jonah_03.mark.xml#sSpan485"/>
		<rel id="sPointingRel721" xlink:href="scriptorium.Jonah_03.mark.xml#sSpan1172" target="scriptorium.Jonah_03.mark.xml#sSpan1165"/>
		<rel id="sPointingRel723" xlink:href="scriptorium.Jonah_03.mark.xml#sSpan1034" target="scriptorium.Jonah_03.mark.xml#sSpan1030"/>
		<rel id="sPointingRel725" xlink:href="scriptorium.Jonah_03.mark.xml#sSpan1210" target="scriptorium.Jonah_03.mark.xml#sSpan1219"/>
		<rel id="sPointingRel727" xlink:href="scriptorium.Jonah_03.mark.xml#sSpan1262" target="scriptorium.Jonah_03.mark.xml#sSpan1285"/>
		<rel id="sPointingRel729" xlink:href="scriptorium.Jonah_03.mark.xml#sSpan520" target="scriptorium.Jonah_03.mark.xml#sSpan560"/>
		<rel id="sPointingRel731" xlink:href="scriptorium.Jonah_03.mark.xml#sSpan1001" target="scriptorium.Jonah_03.mark.xml#sSpan994"/>
		<rel id="sPointingRel733" xlink:href="scriptorium.Jonah_03.mark.xml#sSpan979" target="scriptorium.Jonah_03.mark.xml#sSpan982"/>
		<rel id="sPointingRel735" xlink:href="scriptorium.Jonah_03.mark.xml#sSpan929" target="scriptorium.Jonah_03.mark.xml#sSpan1017"/>
		<rel id="sPointingRel737" xlink:href="scriptorium.Jonah_03.mark.xml#sSpan258" target="scriptorium.Jonah_03.mark.xml#sSpan246"/>
		<rel id="sPointingRel739" xlink:href="scriptorium.Jonah_03.mark.xml#sSpan1262" target="scriptorium.Jonah_03.mark.xml#sSpan1260"/>
		<rel id="sPointingRel741" xlink:href="scriptorium.Jonah_03.mark.xml#sSpan1063" target="scriptorium.Jonah_03.mark.xml#sSpan1080"/>
		<rel id="sPointingRel743" xlink:href="scriptorium.Jonah_03.mark.xml#sSpan593" target="scriptorium.Jonah_03.mark.xml#sSpan586"/>
		<rel id="sPointingRel745" xlink:href="scriptorium.Jonah_03.mark.xml#sSpan809" target="scriptorium.Jonah_03.mark.xml#sSpan870"/>
		<rel id="sPointingRel747" xlink:href="scriptorium.Jonah_03.mark.xml#sSpan1210" target="scriptorium.Jonah_03.mark.xml#sSpan1331"/>
		<rel id="sPointingRel749" xlink:href="scriptorium.Jonah_03.mark.xml#sSpan1125" target="scriptorium.Jonah_03.mark.xml#sSpan1120"/>
		<rel id="sPointingRel751" xlink:href="scriptorium.Jonah_03.mark.xml#sSpan1113" target="scriptorium.Jonah_03.mark.xml#sSpan1111"/>
		<rel id="sPointingRel753" xlink:href="scriptorium.Jonah_03.mark.xml#sSpan1285" target="scriptorium.Jonah_03.mark.xml#sSpan1297"/>
		<rel id="sPointingRel755" xlink:href="scriptorium.Jonah_03.mark.xml#sSpan170" target="scriptorium.Jonah_03.mark.xml#sSpan166"/>
		<rel id="sPointingRel757" xlink:href="scriptorium.Jonah_03.mark.xml#sSpan1147" target="scriptorium.Jonah_03.mark.xml#sSpan1149"/>
		<rel id="sPointingRel759" xlink:href="scriptorium.Jonah_03.mark.xml#sSpan1327" target="scriptorium.Jonah_03.mark.xml#sSpan1329"/>
		<rel id="sPointingRel761" xlink:href="scriptorium.Jonah_03.mark.xml#sSpan782" target="scriptorium.Jonah_03.mark.xml#sSpan779"/>
		<rel id="sPointingRel763" xlink:href="scriptorium.Jonah_03.mark.xml#sSpan719" target="scriptorium.Jonah_03.mark.xml#sSpan713"/>
		<rel id="sPointingRel765" xlink:href="scriptorium.Jonah_03.mark.xml#sSpan1219" target="scriptorium.Jonah_03.mark.xml#sSpan1212"/>
		<rel id="sPointingRel767" xlink:href="scriptorium.Jonah_03.mark.xml#sSpan538" target="scriptorium.Jonah_03.mark.xml#sSpan548"/>
		<rel id="sPointingRel769" xlink:href="scriptorium.Jonah_03.mark.xml#sSpan503" target="scriptorium.Jonah_03.mark.xml#sSpan498"/>
		<rel id="sPointingRel771" xlink:href="scriptorium.Jonah_03.mark.xml#sSpan809" target="scriptorium.Jonah_03.mark.xml#sSpan815"/>
		<rel id="sPointingRel773" xlink:href="scriptorium.Jonah_03.mark.xml#sSpan1303" target="scriptorium.Jonah_03.mark.xml#sSpan1305"/>
		<rel id="sPointingRel775" xlink:href="scriptorium.Jonah_03.mark.xml#sSpan560" target="scriptorium.Jonah_03.mark.xml#sSpan593"/>
		<rel id="sPointingRel777" xlink:href="scriptorium.Jonah_03.mark.xml#sSpan764" target="scriptorium.Jonah_03.mark.xml#sSpan769"/>
		<rel id="sPointingRel779" xlink:href="scriptorium.Jonah_03.mark.xml#sSpan150" target="scriptorium.Jonah_03.mark.xml#sSpan156"/>
		<rel id="sPointingRel781" xlink:href="scriptorium.Jonah_03.mark.xml#sSpan773" target="scriptorium.Jonah_03.mark.xml#sSpan782"/>
		<rel id="sPointingRel783" xlink:href="scriptorium.Jonah_03.mark.xml#sSpan481" target="scriptorium.Jonah_03.mark.xml#sSpan470"/>
		<rel id="sPointingRel785" xlink:href="scriptorium.Jonah_03.mark.xml#sSpan1048" target="scriptorium.Jonah_03.mark.xml#sSpan1036"/>
		<rel id="sPointingRel787" xlink:href="scriptorium.Jonah_03.mark.xml#sSpan1229" target="scriptorium.Jonah_03.mark.xml#sSpan1227"/>
		<rel id="sPointingRel789" xlink:href="scriptorium.Jonah_03.mark.xml#sSpan870" target="scriptorium.Jonah_03.mark.xml#sSpan817"/></relList></paula>