<?xml version='1.0' encoding='UTF-8'?><!DOCTYPE paula SYSTEM "paula_feat.dtd">
<paula version="1.1">
	<header paula_id="scriptorium.Jonah_03.mark_norm"/>
	<featList xmlns:xlink="http://www.w3.org/1999/xlink" type="norm" xml:base="scriptorium.Jonah_03.mark.xml">
		<feat xlink:href="#sSpan1" value="ⲁⲩⲱ"/>
		<feat xlink:href="#sSpan10" value="ⲡ"/>
		<feat xlink:href="#sSpan15" value="ϣⲁϫⲉ"/>
		<feat xlink:href="#sSpan17" value="ⲙ"/>
		<feat xlink:href="#sSpan21" value="ⲡ"/>
		<feat xlink:href="#sSpan24" value="ϫⲟⲉⲓⲥ"/>
		<feat xlink:href="#sSpan26" value="ⲁ"/>
		<feat xlink:href="#sSpan30" value="ϥ"/>
		<feat xlink:href="#sSpan32" value="ϣⲱⲡⲉ"/>
		<feat xlink:href="#sSpan34" value="ϣⲁ"/>
		<feat xlink:href="#sSpan39" value="ⲓⲱⲛⲁⲥ"/>
		<feat xlink:href="#sSpan42" value="ⲙ"/>
		<feat xlink:href="#sSpan46" value="ⲡ"/>
		<feat xlink:href="#sSpan50" value="ⲙⲉϩⲥⲉⲡ"/>
		<feat xlink:href="#sSpan53" value="ⲥⲛⲁⲩ"/>
		<feat xlink:href="#sSpan57" value="ⲉ"/>
		<feat xlink:href="#sSpan61" value="ϥ"/>
		<feat xlink:href="#sSpan63" value="ϫⲱ"/>
		<feat xlink:href="#sSpan65" value="ⲙⲙⲟ"/>
		<feat xlink:href="#sSpan69" value="ⲥ"/>
		<feat xlink:href="#sSpan71" value="ⲛⲁ"/>
		<feat xlink:href="#sSpan75" value="ϥ"/>
		<feat xlink:href="#sSpan77" value=":"/>
		<feat xlink:href="#sSpan81" value="ϫⲉ"/>
		<feat xlink:href="#sSpan90" value="ⲧⲱⲟⲩⲛ"/>
		<feat xlink:href="#sSpan92" value="ⲛ"/>
		<feat xlink:href="#sSpan96" value="ⲅ"/>
		<feat xlink:href="#sSpan98" value="ⲃⲱⲕ"/>
		<feat xlink:href="#sSpan101" value="ⲉϩⲣⲁⲓ"/>
		<feat xlink:href="#sSpan105" value="ⲉ"/>
		<feat xlink:href="#sSpan110" value="ⲛⲓⲛⲉⲩⲏ"/>
		<feat xlink:href="#sSpan113" value="ⲧ"/>
		<feat xlink:href="#sSpan117" value="ⲛⲟϭ"/>
		<feat xlink:href="#sSpan119" value="ⲙ"/>
		<feat xlink:href="#sSpan124" value="ⲡⲟⲗⲓⲥ"/>
		<feat xlink:href="#sSpan126" value="ⲛ"/>
		<feat xlink:href="#sSpan130" value="ⲅ"/>
		<feat xlink:href="#sSpan133" value="ⲕⲏⲣⲩⲥⲥⲉ"/>
		<feat xlink:href="#sSpan135" value="ⲛⲁ"/>
		<feat xlink:href="#sSpan139" value="ⲥ"/>
		<feat xlink:href="#sSpan142" value="ⲕⲁⲧⲁ"/>
		<feat xlink:href="#sSpan146" value="ⲡ"/>
		<feat xlink:href="#sSpan150" value="ⲕⲏⲣⲩⲅⲙⲁ"/>
		<feat xlink:href="#sSpan152" value="ⲛ"/>
		<feat xlink:href="#sSpan156" value="ϣⲟⲣⲡ"/>
		<feat xlink:href="#sSpan158" value="ⲡⲁⲓ"/>
		<feat xlink:href="#sSpan162" value="ⲉⲛⲧ"/>
		<feat xlink:href="#sSpan166" value="ⲁ"/>
		<feat xlink:href="#sSpan168" value="ⲓ"/>
		<feat xlink:href="#sSpan170" value="ϫⲟⲟ"/>
		<feat xlink:href="#sSpan172" value="ϥ"/>
		<feat xlink:href="#sSpan174" value="ⲉⲣⲟ"/>
		<feat xlink:href="#sSpan178" value="ⲕ"/>
		<feat xlink:href="#sSpan180" value=":"/>
		<feat xlink:href="#sSpan184" value="ⲁⲩⲱ"/>
		<feat xlink:href="#sSpan193" value="ⲁ"/>
		<feat xlink:href="#sSpan197" value="ϥ"/>
		<feat xlink:href="#sSpan199" value="ⲧⲱⲟⲩⲛ"/>
		<feat xlink:href="#sSpan201" value="ϥ"/>
		<feat xlink:href="#sSpan203" value="ⲛϭⲓ"/>
		<feat xlink:href="#sSpan208" value="ⲓⲱⲛⲁⲥ"/>
		<feat xlink:href="#sSpan211" value="ⲁ"/>
		<feat xlink:href="#sSpan215" value="ϥ"/>
		<feat xlink:href="#sSpan217" value="ⲙⲟⲟϣⲉ"/>
		<feat xlink:href="#sSpan220" value="ⲉϩⲣⲁⲓ"/>
		<feat xlink:href="#sSpan224" value="ⲉ"/>
		<feat xlink:href="#sSpan229" value="ⲛⲓⲛⲉⲩⲏ"/>
		<feat xlink:href="#sSpan232" value=":"/>
		<feat xlink:href="#sSpan237" value="ⲕⲁⲧⲁ"/>
		<feat xlink:href="#sSpan241" value="ⲧ"/>
		<feat xlink:href="#sSpan243" value="ϩⲉ"/>
		<feat xlink:href="#sSpan246" value="ⲉⲛⲧ"/>
		<feat xlink:href="#sSpan251" value="ⲁ"/>
		<feat xlink:href="#sSpan253" value="ⲡ"/>
		<feat xlink:href="#sSpan256" value="ϫⲟⲉⲓⲥ"/>
		<feat xlink:href="#sSpan258" value="ϣⲁϫⲉ"/>
		<feat xlink:href="#sSpan262" value="ⲛⲉⲙⲁ"/>
		<feat xlink:href="#sSpan266" value="ϥ"/>
		<feat xlink:href="#sSpan268" value=":"/>
		<feat xlink:href="#sSpan274" value="ⲛⲓⲛⲉⲩⲏ"/>
		<feat xlink:href="#sSpan280" value="ⲇⲉ"/>
		<feat xlink:href="#sSpan284" value="ⲛⲉ"/>
		<feat xlink:href="#sSpan288" value="ⲩ"/>
		<feat xlink:href="#sSpan291" value="ⲛⲟϭ"/>
		<feat xlink:href="#sSpan293" value="ⲙ"/>
		<feat xlink:href="#sSpan298" value="ⲡⲟⲗⲓⲥ"/>
		<feat xlink:href="#sSpan302" value="ⲧⲉ"/>
		<feat xlink:href="#sSpan306" value="ⲙ"/>
		<feat xlink:href="#sSpan310" value="ⲡ"/>
		<feat xlink:href="#sSpan313" value="ϫⲟⲉⲓⲥ"/>
		<feat xlink:href="#sSpan315" value="ⲉ"/>
		<feat xlink:href="#sSpan319" value="ⲥ"/>
		<feat xlink:href="#sSpan321" value="ⲛⲁ"/>
		<feat xlink:href="#sSpan324" value="ⲣ"/>
		<feat xlink:href="#sSpan326" value="ⲟⲩ"/>
		<feat xlink:href="#sSpan329" value="ϩⲓⲏ"/>
		<feat xlink:href="#sSpan331" value="ⲛ"/>
		<feat xlink:href="#sSpan335" value="ϣⲟⲙⲛⲧ"/>
		<feat xlink:href="#sSpan338" value="ⲛ"/>
		<feat xlink:href="#sSpan342" value="ϩⲟⲟⲩ"/>
		<feat xlink:href="#sSpan344" value="ⲙ"/>
		<feat xlink:href="#sSpan348" value="ⲙⲟⲟϣⲉ"/>
		<feat xlink:href="#sSpan351" value=":"/>
		<feat xlink:href="#sSpan355" value="ⲁⲩⲱ"/>
		<feat xlink:href="#sSpan364" value="ⲁ"/>
		<feat xlink:href="#sSpan368" value="ϥ"/>
		<feat xlink:href="#sSpan370" value="ϫⲱⲛⲧ"/>
		<feat xlink:href="#sSpan372" value="ⲛϭⲓ"/>
		<feat xlink:href="#sSpan377" value="ⲓⲱⲛⲁⲥ"/>
		<feat xlink:href="#sSpan380" value="ⲉ"/>
		<feat xlink:href="#sSpan384" value="ⲃⲱⲕ"/>
		<feat xlink:href="#sSpan387" value="ⲉϩⲟⲩⲛ"/>
		<feat xlink:href="#sSpan392" value="ⲉ"/>
		<feat xlink:href="#sSpan396" value="ⲧ"/>
		<feat xlink:href="#sSpan400" value="ⲡⲟⲗⲓⲥ"/>
		<feat xlink:href="#sSpan402" value="ⲛ"/>
		<feat xlink:href="#sSpan406" value="ϩⲟⲟⲩ"/>
		<feat xlink:href="#sSpan409" value="ⲟⲩⲁ"/>
		<feat xlink:href="#sSpan413" value="ⲙ"/>
		<feat xlink:href="#sSpan417" value="ⲙⲟⲟϣⲉ"/>
		<feat xlink:href="#sSpan420" value="ⲁⲩⲱ"/>
		<feat xlink:href="#sSpan424" value="ⲁ"/>
		<feat xlink:href="#sSpan428" value="ϥ"/>
		<feat xlink:href="#sSpan431" value="ⲕⲏⲣⲩⲥⲥⲉ"/>
		<feat xlink:href="#sSpan433" value="ⲉ"/>
		<feat xlink:href="#sSpan437" value="ϥ"/>
		<feat xlink:href="#sSpan439" value="ϫⲱ"/>
		<feat xlink:href="#sSpan441" value="ⲙⲙⲟ"/>
		<feat xlink:href="#sSpan445" value="ⲥ"/>
		<feat xlink:href="#sSpan447" value="ϫⲉ"/>
		<feat xlink:href="#sSpan452" value="ⲉⲧⲓ"/>
		<feat xlink:href="#sSpan454" value="ϣⲟⲙⲛⲧ"/>
		<feat xlink:href="#sSpan459" value="ⲛ"/>
		<feat xlink:href="#sSpan463" value="ϩⲟⲟⲩ"/>
		<feat xlink:href="#sSpan465" value="ⲁⲩⲱ"/>
		<feat xlink:href="#sSpan470" value="ⲛⲓⲛⲉⲩⲏ"/>
		<feat xlink:href="#sSpan475" value="ⲥⲉ"/>
		<feat xlink:href="#sSpan479" value="ⲛⲁ"/>
		<feat xlink:href="#sSpan481" value="ⲧⲁⲕⲟ"/>
		<feat xlink:href="#sSpan483" value="ⲥ"/>
		<feat xlink:href="#sSpan485" value=":"/>
		<feat xlink:href="#sSpan489" value="ⲁⲩⲱ"/>
		<feat xlink:href="#sSpan498" value="ⲛ"/>
		<feat xlink:href="#sSpan503" value="ⲣⲱⲙⲉ"/>
		<feat xlink:href="#sSpan505" value="ⲛ"/>
		<feat xlink:href="#sSpan510" value="ⲛⲓⲛⲉⲩⲏ"/>
		<feat xlink:href="#sSpan513" value="ⲁ"/>
		<feat xlink:href="#sSpan517" value="ⲩ"/>
		<feat xlink:href="#sSpan520" value="ⲡⲓⲥⲧⲉⲩⲉ"/>
		<feat xlink:href="#sSpan522" value="ⲉ"/>
		<feat xlink:href="#sSpan526" value="ⲡ"/>
		<feat xlink:href="#sSpan529" value="ⲛⲟⲩⲧⲉ"/>
		<feat xlink:href="#sSpan531" value="ⲁ"/>
		<feat xlink:href="#sSpan535" value="ⲩ"/>
		<feat xlink:href="#sSpan538" value="ⲕⲏⲣⲩⲥⲥⲉ"/>
		<feat xlink:href="#sSpan540" value="ⲛ"/>
		<feat xlink:href="#sSpan544" value="ⲟⲩ"/>
		<feat xlink:href="#sSpan548" value="ⲛⲏⲥⲧⲉⲓⲁ"/>
		<feat xlink:href="#sSpan550" value="ⲁⲩⲱ"/>
		<feat xlink:href="#sSpan554" value="ⲁ"/>
		<feat xlink:href="#sSpan558" value="ⲩ"/>
		<feat xlink:href="#sSpan560" value="ϯ"/>
		<feat xlink:href="#sSpan562" value="ϩⲓⲱⲱ"/>
		<feat xlink:href="#sSpan566" value="ⲟⲩ"/>
		<feat xlink:href="#sSpan568" value="ⲛ"/>
		<feat xlink:href="#sSpan572" value="ϩⲉⲛ"/>
		<feat xlink:href="#sSpan575" value="ϭⲟⲟⲩⲛⲉ"/>
		<feat xlink:href="#sSpan577" value="ϫⲓⲛ"/>
		<feat xlink:href="#sSpan581" value="ⲡⲉⲩ"/>
		<feat xlink:href="#sSpan584" value="ⲛⲟϭ"/>
		<feat xlink:href="#sSpan586" value="ϣⲁ"/>
		<feat xlink:href="#sSpan590" value="ⲡⲉⲩ"/>
		<feat xlink:href="#sSpan593" value="ⲕⲟⲩⲓ"/>
		<feat xlink:href="#sSpan595" value=":"/>
		<feat xlink:href="#sSpan599" value="ⲁⲩⲱ"/>
		<feat xlink:href="#sSpan608" value="ⲡ"/>
		<feat xlink:href="#sSpan613" value="ϣⲁϫⲉ"/>
		<feat xlink:href="#sSpan615" value="ⲁ"/>
		<feat xlink:href="#sSpan619" value="ϥ"/>
		<feat xlink:href="#sSpan621" value="ⲡⲱϩ"/>
		<feat xlink:href="#sSpan623" value="ϣⲁ"/>
		<feat xlink:href="#sSpan627" value="ⲡ"/>
		<feat xlink:href="#sSpan630" value="ⲣⲣⲟ"/>
		<feat xlink:href="#sSpan632" value="ⲛ"/>
		<feat xlink:href="#sSpan637" value="ⲛⲓⲛⲉⲩⲏ"/>
		<feat xlink:href="#sSpan640" value="ⲁⲩⲱ"/>
		<feat xlink:href="#sSpan644" value="ⲁ"/>
		<feat xlink:href="#sSpan648" value="ϥ"/>
		<feat xlink:href="#sSpan650" value="ⲧⲱⲟⲩⲛ"/>
		<feat xlink:href="#sSpan652" value="ⲉⲃⲟⲗ"/>
		<feat xlink:href="#sSpan657" value="ϩⲓϫⲛ"/>
		<feat xlink:href="#sSpan661" value="ⲡⲉϥ"/>
		<feat xlink:href="#sSpan665" value="ⲑⲣⲟⲛⲟⲥ"/>
		<feat xlink:href="#sSpan667" value=":"/>
		<feat xlink:href="#sSpan671" value="ⲁ"/>
		<feat xlink:href="#sSpan675" value="ϥ"/>
		<feat xlink:href="#sSpan677" value="ⲕⲁⲁ"/>
		<feat xlink:href="#sSpan679" value="ϥ"/>
		<feat xlink:href="#sSpan681" value="ⲕⲁϩⲏⲟⲩ"/>
		<feat xlink:href="#sSpan685" value="ⲛ"/>
		<feat xlink:href="#sSpan689" value="ⲧⲉϥ"/>
		<feat xlink:href="#sSpan692" value="ϩⲃⲥⲱ"/>
		<feat xlink:href="#sSpan694" value="ⲁ"/>
		<feat xlink:href="#sSpan698" value="ϥ"/>
		<feat xlink:href="#sSpan700" value="ϭⲟⲟⲗⲉ"/>
		<feat xlink:href="#sSpan702" value="ϥ"/>
		<feat xlink:href="#sSpan704" value="ⲛ"/>
		<feat xlink:href="#sSpan708" value="ⲟⲩ"/>
		<feat xlink:href="#sSpan711" value="ϭⲟⲟⲩⲛⲉ"/>
		<feat xlink:href="#sSpan713" value="ⲁ"/>
		<feat xlink:href="#sSpan717" value="ϥ"/>
		<feat xlink:href="#sSpan719" value="ϩⲙⲟⲟⲥ"/>
		<feat xlink:href="#sSpan721" value="ϩⲓϫⲛ"/>
		<feat xlink:href="#sSpan725" value="ⲟⲩ"/>
		<feat xlink:href="#sSpan728" value="ⲕⲣⲙⲉⲥ"/>
		<feat xlink:href="#sSpan730" value=":"/>
		<feat xlink:href="#sSpan734" value="ⲁⲩⲱ"/>
		<feat xlink:href="#sSpan743" value="ⲁ"/>
		<feat xlink:href="#sSpan747" value="ⲩ"/>
		<feat xlink:href="#sSpan750" value="ⲕⲏⲣⲩⲥⲥⲉ"/>
		<feat xlink:href="#sSpan752" value="ϩⲛ"/>
		<feat xlink:href="#sSpan757" value="ⲛⲓⲛⲉⲩⲏ"/>
		<feat xlink:href="#sSpan760" value=":"/>
		<feat xlink:href="#sSpan764" value="ⲉⲃⲟⲗ"/>
		<feat xlink:href="#sSpan769" value="ϩⲓⲧⲟⲟⲧ"/>
		<feat xlink:href="#sSpan773" value="ϥ"/>
		<feat xlink:href="#sSpan775" value="ⲙ"/>
		<feat xlink:href="#sSpan779" value="ⲡ"/>
		<feat xlink:href="#sSpan782" value="ⲣⲣⲟ"/>
		<feat xlink:href="#sSpan784" value="ⲙⲛ"/>
		<feat xlink:href="#sSpan788" value="ⲛⲉϥ"/>
		<feat xlink:href="#sSpan792" value="ⲙⲉⲅⲓⲥⲧⲁⲛⲟⲥ"/>
		<feat xlink:href="#sSpan794" value="ⲛ"/>
		<feat xlink:href="#sSpan798" value="ⲟⲩ"/>
		<feat xlink:href="#sSpan801" value="ϣⲁϫⲉ"/>
		<feat xlink:href="#sSpan803" value="ⲉ"/>
		<feat xlink:href="#sSpan807" value="ϥ"/>
		<feat xlink:href="#sSpan809" value="ϫⲱ"/>
		<feat xlink:href="#sSpan811" value="ⲙⲙⲟ"/>
		<feat xlink:href="#sSpan815" value="ⲥ"/>
		<feat xlink:href="#sSpan817" value="ϫⲉ"/>
		<feat xlink:href="#sSpan821" value="ⲛ"/>
		<feat xlink:href="#sSpan824" value="ⲣⲱⲙⲉ"/>
		<feat xlink:href="#sSpan826" value="ⲙⲛ"/>
		<feat xlink:href="#sSpan830" value="ⲛ"/>
		<feat xlink:href="#sSpan833" value="ⲧⲃⲛⲟⲟⲩⲉ"/>
		<feat xlink:href="#sSpan835" value="ⲁⲩⲱ"/>
		<feat xlink:href="#sSpan839" value="ⲛ"/>
		<feat xlink:href="#sSpan844" value="ⲉϩⲟⲟⲩ"/>
		<feat xlink:href="#sSpan846" value="ⲛⲙ"/>
		<feat xlink:href="#sSpan850" value="ⲛ"/>
		<feat xlink:href="#sSpan853" value="ⲉⲥⲟⲟⲩ"/>
		<feat xlink:href="#sSpan855" value="ⲙⲛ"/>
		<feat xlink:href="#sSpan859" value="ⲛ"/>
		<feat xlink:href="#sSpan862" value="ⲉϩⲟⲟⲩ"/>
		<feat xlink:href="#sSpan864" value="ⲙⲡⲣⲧⲣⲉ"/>
		<feat xlink:href="#sSpan868" value="ⲩ"/>
		<feat xlink:href="#sSpan870" value="ⲟⲩⲱⲙ"/>
		<feat xlink:href="#sSpan872" value="ⲗⲁⲁⲩ"/>
		<feat xlink:href="#sSpan878" value="ⲟⲩⲇⲉ"/>
		<feat xlink:href="#sSpan882" value="ⲙⲡⲣⲧⲣⲉ"/>
		<feat xlink:href="#sSpan886" value="ⲩ"/>
		<feat xlink:href="#sSpan888" value="ⲙⲟⲟⲛⲉ"/>
		<feat xlink:href="#sSpan890" value="ⲙⲙⲟ"/>
		<feat xlink:href="#sSpan894" value="ⲟⲩ"/>
		<feat xlink:href="#sSpan896" value="ⲁⲩⲱ"/>
		<feat xlink:href="#sSpan900" value="ⲙⲡⲣⲧⲣⲉ"/>
		<feat xlink:href="#sSpan904" value="ⲩ"/>
		<feat xlink:href="#sSpan907" value="ⲥⲉⲙⲟⲟⲩ"/>
		<feat xlink:href="#sSpan910" value=":"/>
		<feat xlink:href="#sSpan914" value="ⲁⲩⲱ"/>
		<feat xlink:href="#sSpan923" value="ⲁ"/>
		<feat xlink:href="#sSpan927" value="ⲩ"/>
		<feat xlink:href="#sSpan929" value="ϭⲟⲟⲗ"/>
		<feat xlink:href="#sSpan931" value="ⲟⲩ"/>
		<feat xlink:href="#sSpan933" value="ⲛ"/>
		<feat xlink:href="#sSpan937" value="ϩⲉⲛ"/>
		<feat xlink:href="#sSpan940" value="ϭⲟⲟⲩⲛⲉ"/>
		<feat xlink:href="#sSpan942" value="ⲛϭⲓ"/>
		<feat xlink:href="#sSpan946" value="ⲛ"/>
		<feat xlink:href="#sSpan949" value="ⲣⲱⲙⲉ"/>
		<feat xlink:href="#sSpan951" value="ⲙⲛ"/>
		<feat xlink:href="#sSpan955" value="ⲛ"/>
		<feat xlink:href="#sSpan958" value="ⲧⲃⲛⲟⲟⲩⲉ"/>
		<feat xlink:href="#sSpan960" value="ⲁⲩⲱ"/>
		<feat xlink:href="#sSpan964" value="ⲁ"/>
		<feat xlink:href="#sSpan968" value="ⲩ"/>
		<feat xlink:href="#sSpan971" value="ⲛⲏⲥⲧⲉⲩⲉ"/>
		<feat xlink:href="#sSpan973" value="ⲁ"/>
		<feat xlink:href="#sSpan977" value="ⲩ"/>
		<feat xlink:href="#sSpan979" value="ⲱϣ"/>
		<feat xlink:href="#sSpan982" value="ⲉⲃⲟⲗ"/>
		<feat xlink:href="#sSpan986" value="ⲉⲙⲁⲧⲉ"/>
		<feat xlink:href="#sSpan990" value="ⲉϩⲣⲁⲓ"/>
		<feat xlink:href="#sSpan994" value="ⲉ"/>
		<feat xlink:href="#sSpan998" value="ⲡ"/>
		<feat xlink:href="#sSpan1001" value="ϫⲟⲉⲓⲥ"/>
		<feat xlink:href="#sSpan1003" value=":"/>
		<feat xlink:href="#sSpan1007" value="ⲁⲩⲱ"/>
		<feat xlink:href="#sSpan1011" value="ⲁ"/>
		<feat xlink:href="#sSpan1015" value="ϥ"/>
		<feat xlink:href="#sSpan1017" value="ⲕⲧⲟ"/>
		<feat xlink:href="#sSpan1019" value="ϥ"/>
		<feat xlink:href="#sSpan1021" value="ⲛϭⲓ"/>
		<feat xlink:href="#sSpan1025" value="ⲡ"/>
		<feat xlink:href="#sSpan1028" value="ⲟⲩⲁ"/>
		<feat xlink:href="#sSpan1030" value="ⲡ"/>
		<feat xlink:href="#sSpan1034" value="ⲟⲩⲁ"/>
		<feat xlink:href="#sSpan1036" value="ⲉⲃⲟⲗ"/>
		<feat xlink:href="#sSpan1041" value="ϩⲛ"/>
		<feat xlink:href="#sSpan1045" value="ⲧⲉϥ"/>
		<feat xlink:href="#sSpan1048" value="ϩⲓⲏ"/>
		<feat xlink:href="#sSpan1050" value="ⲉⲧ"/>
		<feat xlink:href="#sSpan1054" value="ϩⲟⲟⲩ"/>
		<feat xlink:href="#sSpan1056" value="ⲛⲙ"/>
		<feat xlink:href="#sSpan1060" value="ⲡ"/>
		<feat xlink:href="#sSpan1063" value="ϫⲓ"/>
		<feat xlink:href="#sSpan1065" value="ⲛ"/>
		<feat xlink:href="#sSpan1069" value="ϭⲟⲛⲥ"/>
		<feat xlink:href="#sSpan1071" value="ⲉⲧ"/>
		<feat xlink:href="#sSpan1075" value="ϩⲛ"/>
		<feat xlink:href="#sSpan1077" value="ⲛⲉⲩ"/>
		<feat xlink:href="#sSpan1080" value="ϭⲓϫ"/>
		<feat xlink:href="#sSpan1082" value=":"/>
		<feat xlink:href="#sSpan1086" value="ⲁⲩⲱ"/>
		<feat xlink:href="#sSpan1095" value="ⲡⲉϫⲁ"/>
		<feat xlink:href="#sSpan1099" value="ⲩ"/>
		<feat xlink:href="#sSpan1101" value="ϫⲉ"/>
		<feat xlink:href="#sSpan1105" value="ⲛⲓⲙ"/>
		<feat xlink:href="#sSpan1107" value="ⲡ"/>
		<feat xlink:href="#sSpan1111" value="ⲉⲧ"/>
		<feat xlink:href="#sSpan1113" value="ⲥⲟⲟⲩⲛ"/>
		<feat xlink:href="#sSpan1116" value="ϫⲉ"/>
		<feat xlink:href="#sSpan1120" value="ϥ"/>
		<feat xlink:href="#sSpan1122" value="ⲛⲁ"/>
		<feat xlink:href="#sSpan1125" value="ⲣ"/>
		<feat xlink:href="#sSpan1128" value="ϩⲧⲏ"/>
		<feat xlink:href="#sSpan1130" value="ϥ"/>
		<feat xlink:href="#sSpan1132" value="ⲛϭⲓ"/>
		<feat xlink:href="#sSpan1136" value="ⲡ"/>
		<feat xlink:href="#sSpan1139" value="ⲛⲟⲩⲧⲉ"/>
		<feat xlink:href="#sSpan1141" value="ⲛ"/>
		<feat xlink:href="#sSpan1145" value="ϥ"/>
		<feat xlink:href="#sSpan1147" value="ⲕⲧⲟ"/>
		<feat xlink:href="#sSpan1149" value="ϥ"/>
		<feat xlink:href="#sSpan1151" value="ⲉⲃⲟⲗ"/>
		<feat xlink:href="#sSpan1155" value="ⲛ"/>
		<feat xlink:href="#sSpan1159" value="ⲧ"/>
		<feat xlink:href="#sSpan1163" value="ⲟⲣⲅⲏ"/>
		<feat xlink:href="#sSpan1165" value="ⲙ"/>
		<feat xlink:href="#sSpan1169" value="ⲡⲉϥ"/>
		<feat xlink:href="#sSpan1172" value="ϭⲱⲛⲧ"/>
		<feat xlink:href="#sSpan1174" value="ⲛ"/>
		<feat xlink:href="#sSpan1178" value="ⲧⲛ"/>
		<feat xlink:href="#sSpan1180" value="ⲧⲙ"/>
		<feat xlink:href="#sSpan1182" value="ⲙⲟⲩ"/>
		<feat xlink:href="#sSpan1184" value=":"/>
		<feat xlink:href="#sSpan1188" value="ⲁⲩⲱ"/>
		<feat xlink:href="#sSpan1197" value="ⲡ"/>
		<feat xlink:href="#sSpan1202" value="ⲛⲟⲩⲧⲉ"/>
		<feat xlink:href="#sSpan1204" value="ⲁ"/>
		<feat xlink:href="#sSpan1208" value="ⲩ"/>
		<feat xlink:href="#sSpan1210" value="ⲛⲁⲩ"/>
		<feat xlink:href="#sSpan1212" value="ⲉ"/>
		<feat xlink:href="#sSpan1216" value="ⲛⲉⲩ"/>
		<feat xlink:href="#sSpan1219" value="ϩⲃⲏⲩⲉ"/>
		<feat xlink:href="#sSpan1221" value="ϫⲉ"/>
		<feat xlink:href="#sSpan1225" value="ⲁ"/>
		<feat xlink:href="#sSpan1227" value="ⲩ"/>
		<feat xlink:href="#sSpan1229" value="ⲕⲧⲟ"/>
		<feat xlink:href="#sSpan1231" value="ⲟⲩ"/>
		<feat xlink:href="#sSpan1233" value="ⲉⲃⲟⲗ"/>
		<feat xlink:href="#sSpan1237" value="ϩⲓ"/>
		<feat xlink:href="#sSpan1241" value="ⲛⲉⲩ"/>
		<feat xlink:href="#sSpan1244" value="ϩⲓⲟⲟⲩⲉ"/>
		<feat xlink:href="#sSpan1246" value="ⲉⲧ"/>
		<feat xlink:href="#sSpan1250" value="ϩⲟⲟⲩ"/>
		<feat xlink:href="#sSpan1252" value="ⲁⲩⲱ"/>
		<feat xlink:href="#sSpan1256" value="ⲁ"/>
		<feat xlink:href="#sSpan1260" value="ϥ"/>
		<feat xlink:href="#sSpan1262" value="ⲣ"/>
		<feat xlink:href="#sSpan1264" value="ϩⲧⲏ"/>
		<feat xlink:href="#sSpan1266" value="ϥ"/>
		<feat xlink:href="#sSpan1268" value="ⲛϭⲓ"/>
		<feat xlink:href="#sSpan1272" value="ⲡ"/>
		<feat xlink:href="#sSpan1275" value="ⲛⲟⲩⲧⲉ"/>
		<feat xlink:href="#sSpan1277" value="ⲉϫⲛ"/>
		<feat xlink:href="#sSpan1281" value="ⲙ"/>
		<feat xlink:href="#sSpan1285" value="ⲡⲉⲧϩⲟⲟⲩ"/>
		<feat xlink:href="#sSpan1289" value="ⲉⲛⲧ"/>
		<feat xlink:href="#sSpan1293" value="ⲁ"/>
		<feat xlink:href="#sSpan1295" value="ϥ"/>
		<feat xlink:href="#sSpan1297" value="ϣⲁϫⲉ"/>
		<feat xlink:href="#sSpan1299" value="ⲉ"/>
		<feat xlink:href="#sSpan1303" value="ⲁⲁ"/>
		<feat xlink:href="#sSpan1305" value="ⲩ"/>
		<feat xlink:href="#sSpan1307" value="ⲛⲁ"/>
		<feat xlink:href="#sSpan1311" value="ⲩ"/>
		<feat xlink:href="#sSpan1313" value=":"/>
		<feat xlink:href="#sSpan1317" value="ⲁⲩⲱ"/>
		<feat xlink:href="#sSpan1321" value="ⲙⲡ"/>
		<feat xlink:href="#sSpan1325" value="ϥ"/>
		<feat xlink:href="#sSpan1327" value="ⲁⲁ"/>
		<feat xlink:href="#sSpan1329" value="ⲩ"/>
		<feat xlink:href="#sSpan1331" value=":"/></featList></paula>