<?xml version='1.0' encoding='UTF-8'?><!DOCTYPE paula SYSTEM "paula_feat.dtd">
<paula version="1.1">
	<header paula_id="scriptorium.bohairic.1Cor_03.mark_orig"/>
	<featList xmlns:xlink="http://www.w3.org/1999/xlink" type="orig" xml:base="scriptorium.bohairic.1Cor_03.mark.xml">
		<feat xlink:href="#sSpan2" value="ⲁⲛⲟⲕ"/>
		<feat xlink:href="#sSpan9" value="ⲇⲉ"/>
		<feat xlink:href="#sSpan13" value="ϩⲱ"/>
		<feat xlink:href="#sSpan17" value="ⲛⲁ"/>
		<feat xlink:href="#sSpan22" value="ⲥⲛⲏⲟⲩ"/>
		<feat xlink:href="#sSpan24" value="ⲙⲡ"/>
		<feat xlink:href="#sSpan28" value="ⲓ"/>
		<feat xlink:href="#sSpan30" value="ϣ"/>
		<feat xlink:href="#sSpan33" value="ϫⲉⲙϫⲟⲙ"/>
		<feat xlink:href="#sSpan36" value="ⲉ"/>
		<feat xlink:href="#sSpan40" value="ⲥⲁϫⲓ"/>
		<feat xlink:href="#sSpan42" value="ⲛⲉⲙⲱ"/>
		<feat xlink:href="#sSpan46" value="ⲧⲉⲛ"/>
		<feat xlink:href="#sSpan48" value="ⲙ"/>
		<feat xlink:href="#sSpan52" value="ⲫ"/>
		<feat xlink:href="#sSpan54" value="ⲣⲏϯ"/>
		<feat xlink:href="#sSpan56" value="ⲛ"/>
		<feat xlink:href="#sSpan60" value="ϩⲁⲛ"/>
		<feat xlink:href="#sSpan64" value="ⲡⲛⲁⲧⲓⲕⲱⲥ"/>
		<feat xlink:href="#sSpan67" value="ⲁⲗⲗⲁ"/>
		<feat xlink:href="#sSpan71" value="ⲙ"/>
		<feat xlink:href="#sSpan75" value="ⲫ"/>
		<feat xlink:href="#sSpan77" value="ⲣⲏϯ"/>
		<feat xlink:href="#sSpan79" value="ⲛ"/>
		<feat xlink:href="#sSpan83" value="ϩⲁⲛ"/>
		<feat xlink:href="#sSpan87" value="ⲥⲁⲣⲕⲓⲕⲱⲥ"/>
		<feat xlink:href="#sSpan89" value="ⲙ"/>
		<feat xlink:href="#sSpan93" value="ⲫ"/>
		<feat xlink:href="#sSpan95" value="ⲣⲏϯ"/>
		<feat xlink:href="#sSpan97" value="ⲛ"/>
		<feat xlink:href="#sSpan101" value="ϩⲁⲛ"/>
		<feat xlink:href="#sSpan104" value="ⲕⲟⲩϫⲓ"/>
		<feat xlink:href="#sSpan106" value="ⲛ"/>
		<feat xlink:href="#sSpan110" value="ⲁⲗⲱⲟⲩⲓ"/>
		<feat xlink:href="#sSpan112" value="ϧⲉⲛ"/>
		<feat xlink:href="#sSpan116" value="ⲡ"/>
		<feat xlink:href="#sSpan120" value="ⲭⲣⲓⲥⲧⲟⲥ"/>
		<feat xlink:href="#sSpan122" value="."/>
		<feat xlink:href="#sSpan126" value="ⲁ"/>
		<feat xlink:href="#sSpan132" value="ⲓ"/>
		<feat xlink:href="#sSpan134" value="ⲧⲥⲉ"/>
		<feat xlink:href="#sSpan136" value="ⲑⲏⲛⲟⲩ"/>
		<feat xlink:href="#sSpan138" value="ⲛ"/>
		<feat xlink:href="#sSpan142" value="ⲟⲩ"/>
		<feat xlink:href="#sSpan145" value="ⲉⲣⲱϯ"/>
		<feat xlink:href="#sSpan147" value="ⲛ"/>
		<feat xlink:href="#sSpan151" value="ⲟⲩ"/>
		<feat xlink:href="#sSpan154" value="ϧⲣⲉ"/>
		<feat xlink:href="#sSpan156" value="ⲁⲛ"/>
		<feat xlink:href="#sSpan160" value="ⲧⲉ"/>
		<feat xlink:href="#sSpan164" value="ⲛⲉ"/>
		<feat xlink:href="#sSpan168" value="ⲙⲡⲁⲧⲉ"/>
		<feat xlink:href="#sSpan170" value="ⲧⲉⲛ"/>
		<feat xlink:href="#sSpan172" value="ϣ"/>
		<feat xlink:href="#sSpan175" value="ϫⲉⲙϫⲟⲙ"/>
		<feat xlink:href="#sSpan179" value="ⲅⲁⲣ"/>
		<feat xlink:href="#sSpan183" value="ⲡⲉ"/>
		<feat xlink:href="#sSpan188" value="ⲁⲗⲗⲁ"/>
		<feat xlink:href="#sSpan193" value="ⲟⲩⲇⲉ"/>
		<feat xlink:href="#sSpan197" value="ϯⲛⲟⲩ"/>
		<feat xlink:href="#sSpan201" value="ⲙⲡⲁⲧⲉ"/>
		<feat xlink:href="#sSpan205" value="ⲧⲉⲛ"/>
		<feat xlink:href="#sSpan207" value="ϣ"/>
		<feat xlink:href="#sSpan210" value="ϫⲉⲙϫⲟⲙ"/>
		<feat xlink:href="#sSpan213" value="."/>
		<feat xlink:href="#sSpan218" value="ⲉⲧⲓ"/>
		<feat xlink:href="#sSpan225" value="ⲅⲁⲣ"/>
		<feat xlink:href="#sSpan229" value="ⲛⲑⲱⲧⲉⲛ"/>
		<feat xlink:href="#sSpan233" value="ϩⲁⲛ"/>
		<feat xlink:href="#sSpan239" value="ⲥⲁⲣⲕⲓⲕⲟⲥ"/>
		<feat xlink:href="#sSpan242" value="ϩⲱⲥ"/>
		<feat xlink:href="#sSpan247" value="ⲅⲁⲣ"/>
		<feat xlink:href="#sSpan251" value="ⲉ"/>
		<feat xlink:href="#sSpan255" value="ⲟⲩⲟⲛ"/>
		<feat xlink:href="#sSpan257" value="ⲟⲩ"/>
		<feat xlink:href="#sSpan260" value="ⲭⲟϩ"/>
		<feat xlink:href="#sSpan262" value="ⲛⲉⲙ"/>
		<feat xlink:href="#sSpan266" value="ⲟⲩ"/>
		<feat xlink:href="#sSpan269" value="ϣϭⲛⲏⲛ"/>
		<feat xlink:href="#sSpan271" value="ϧⲉⲛ"/>
		<feat xlink:href="#sSpan275" value="ⲑⲏⲛⲟⲩ"/>
		<feat xlink:href="#sSpan278" value="ⲙⲏ"/>
		<feat xlink:href="#sSpan282" value="ⲛⲑⲱⲧⲉⲛ"/>
		<feat xlink:href="#sSpan286" value="ϩⲁⲛ"/>
		<feat xlink:href="#sSpan292" value="ⲥⲁⲣⲕⲓⲕⲟⲥ"/>
		<feat xlink:href="#sSpan294" value="ⲁⲛ"/>
		<feat xlink:href="#sSpan298" value="ⲟⲩⲟϩ"/>
		<feat xlink:href="#sSpan302" value="ⲁ"/>
		<feat xlink:href="#sSpan306" value="ⲧⲉⲧⲉⲛ"/>
		<feat xlink:href="#sSpan308" value="ⲙⲟϣⲓ"/>
		<feat xlink:href="#sSpan311" value="ⲕⲁⲧⲁ"/>
		<feat xlink:href="#sSpan315" value="ⲣⲱⲙⲓ"/>
		<feat xlink:href="#sSpan318" value="."/>
		<feat xlink:href="#sSpan322" value="ⲉϣⲱⲡ"/>
		<feat xlink:href="#sSpan329" value="ⲅⲁⲣ"/>
		<feat xlink:href="#sSpan333" value="ⲛⲧⲉ"/>
		<feat xlink:href="#sSpan337" value="ⲟⲩⲁⲓ"/>
		<feat xlink:href="#sSpan340" value="ϫⲟ"/>
		<feat xlink:href="#sSpan344" value="ⲥ"/>
		<feat xlink:href="#sSpan346" value="ϫⲉ"/>
		<feat xlink:href="#sSpan350" value="ⲁⲛⲟⲕ"/>
		<feat xlink:href="#sSpan353" value="ⲙⲉⲛ"/>
		<feat xlink:href="#sSpan357" value="ⲁⲛⲟⲕ"/>
		<feat xlink:href="#sSpan361" value="ⲫⲁ"/>
		<feat xlink:href="#sSpan367" value="ⲡⲁⲩⲗⲟⲥ"/>
		<feat xlink:href="#sSpan370" value="ⲕⲉ"/>
		<feat xlink:href="#sSpan375" value="ⲟⲩⲁⲓ"/>
		<feat xlink:href="#sSpan378" value="ⲇⲉ"/>
		<feat xlink:href="#sSpan382" value="ϫⲉ"/>
		<feat xlink:href="#sSpan386" value="ⲁⲛⲟⲕ"/>
		<feat xlink:href="#sSpan388" value="ⲫⲁ"/>
		<feat xlink:href="#sSpan394" value="ⲁⲡⲟⲗⲗⲱ"/>
		<feat xlink:href="#sSpan398" value="ⲟⲩⲭⲓ"/>
		<feat xlink:href="#sSpan402" value="ⲛⲑⲱⲧⲉⲛ"/>
		<feat xlink:href="#sSpan406" value="ϩⲁⲛ"/>
		<feat xlink:href="#sSpan411" value="ⲣⲱⲙⲓ"/>
		<feat xlink:href="#sSpan413" value="."/>
		<feat xlink:href="#sSpan417" value="ⲟⲩ"/>
		<feat xlink:href="#sSpan424" value="ⲟⲩⲛ"/>
		<feat xlink:href="#sSpan428" value="ⲡⲉ"/>
		<feat xlink:href="#sSpan433" value="ⲁⲡⲟⲗⲗⲱ"/>
		<feat xlink:href="#sSpan438" value="ⲟⲩ"/>
		<feat xlink:href="#sSpan443" value="ⲇⲉ"/>
		<feat xlink:href="#sSpan448" value="ⲡⲁⲩⲗⲟⲥ"/>
		<feat xlink:href="#sSpan453" value="ϩⲁⲛ"/>
		<feat xlink:href="#sSpan459" value="ⲇⲓⲁⲕⲱⲛ"/>
		<feat xlink:href="#sSpan461" value="ⲛⲉ"/>
		<feat xlink:href="#sSpan465" value="ⲉ"/>
		<feat xlink:href="#sSpan469" value="ⲁⲣⲉ"/>
		<feat xlink:href="#sSpan471" value="ⲧⲉⲛ"/>
		<feat xlink:href="#sSpan473" value="ⲛⲁϩϯ"/>
		<feat xlink:href="#sSpan475" value="ⲉⲃⲟⲗ"/>
		<feat xlink:href="#sSpan480" value="ϩⲓⲧⲟⲧ"/>
		<feat xlink:href="#sSpan485" value="ⲟⲩ"/>
		<feat xlink:href="#sSpan487" value="ⲡⲓ"/>
		<feat xlink:href="#sSpan492" value="ⲟⲩⲁⲓ"/>
		<feat xlink:href="#sSpan494" value="ⲡⲓ"/>
		<feat xlink:href="#sSpan499" value="ⲟⲩⲁⲓ"/>
		<feat xlink:href="#sSpan502" value="ⲕⲁⲧⲁ"/>
		<feat xlink:href="#sSpan506" value="ⲫ"/>
		<feat xlink:href="#sSpan508" value="ⲣⲏϯ"/>
		<feat xlink:href="#sSpan510" value="ⲉⲧ"/>
		<feat xlink:href="#sSpan514" value="ⲁ"/>
		<feat xlink:href="#sSpan516" value="ⲡ"/>
		<feat xlink:href="#sSpan519" value="ϭⲟⲓⲥ"/>
		<feat xlink:href="#sSpan521" value="ϯ"/>
		<feat xlink:href="#sSpan525" value="ⲛⲁ"/>
		<feat xlink:href="#sSpan529" value="ϥ"/>
		<feat xlink:href="#sSpan531" value="."/>
		<feat xlink:href="#sSpan535" value="ⲁⲛⲟⲕ"/>
		<feat xlink:href="#sSpan541" value="ⲁ"/>
		<feat xlink:href="#sSpan545" value="ⲓ"/>
		<feat xlink:href="#sSpan547" value="ⲧⲱϫⲓ"/>
		<feat xlink:href="#sSpan550" value="ⲁⲡⲟⲗⲗⲱ"/>
		<feat xlink:href="#sSpan555" value="ⲁ"/>
		<feat xlink:href="#sSpan559" value="ϥ"/>
		<feat xlink:href="#sSpan561" value="ⲧⲥⲟ"/>
		<feat xlink:href="#sSpan564" value="ⲁⲗⲗⲁ"/>
		<feat xlink:href="#sSpan568" value="ⲫ"/>
		<feat xlink:href="#sSpan573" value="ⲛⲟⲩϯ"/>
		<feat xlink:href="#sSpan575" value="ⲁ"/>
		<feat xlink:href="#sSpan579" value="ϥ"/>
		<feat xlink:href="#sSpan581" value="ⲑⲣ"/>
		<feat xlink:href="#sSpan583" value="ⲟⲩ"/>
		<feat xlink:href="#sSpan585" value="ⲁⲓⲁⲓ"/>
		<feat xlink:href="#sSpan587" value="."/>
		<feat xlink:href="#sSpan592" value="ϩⲱⲥⲧⲉ"/>
		<feat xlink:href="#sSpan599" value="ⲟⲩⲇⲉ"/>
		<feat xlink:href="#sSpan603" value="ⲫⲏ"/>
		<feat xlink:href="#sSpan608" value="ⲉⲧ"/>
		<feat xlink:href="#sSpan612" value="ⲧⲱϫⲓ"/>
		<feat xlink:href="#sSpan615" value="ⲟⲩⲇⲉ"/>
		<feat xlink:href="#sSpan619" value="ⲫⲏ"/>
		<feat xlink:href="#sSpan624" value="ⲉⲧ"/>
		<feat xlink:href="#sSpan628" value="ⲧⲥⲟ"/>
		<feat xlink:href="#sSpan630" value="ϩⲗⲓ"/>
		<feat xlink:href="#sSpan635" value="ⲡⲉ"/>
		<feat xlink:href="#sSpan640" value="ⲁⲗⲗⲁ"/>
		<feat xlink:href="#sSpan644" value="ⲫ"/>
		<feat xlink:href="#sSpan649" value="ⲛⲟⲩϯ"/>
		<feat xlink:href="#sSpan651" value="ⲉⲧ"/>
		<feat xlink:href="#sSpan655" value="ⲑⲣⲟ"/>
		<feat xlink:href="#sSpan657" value="ⲙⲙⲱ"/>
		<feat xlink:href="#sSpan661" value="ⲟⲩ"/>
		<feat xlink:href="#sSpan663" value="ⲉ"/>
		<feat xlink:href="#sSpan667" value="ⲁⲓⲁⲓ"/>
		<feat xlink:href="#sSpan669" value="."/>
		<feat xlink:href="#sSpan673" value="ⲫⲏ"/>
		<feat xlink:href="#sSpan681" value="ⲇⲉ"/>
		<feat xlink:href="#sSpan685" value="ⲉⲧ"/>
		<feat xlink:href="#sSpan689" value="ⲧⲱϫⲓ"/>
		<feat xlink:href="#sSpan691" value="ⲛⲉⲙ"/>
		<feat xlink:href="#sSpan695" value="ⲫⲏ"/>
		<feat xlink:href="#sSpan698" value="ⲉⲧ"/>
		<feat xlink:href="#sSpan702" value="ⲥⲟ"/>
		<feat xlink:href="#sSpan704" value="ⲟⲩⲁⲓ"/>
		<feat xlink:href="#sSpan709" value="ⲡⲉ"/>
		<feat xlink:href="#sSpan713" value="ⲡⲓ"/>
		<feat xlink:href="#sSpan718" value="ⲟⲩⲁⲓ"/>
		<feat xlink:href="#sSpan721" value="ⲇⲉ"/>
		<feat xlink:href="#sSpan725" value="ⲡⲓ"/>
		<feat xlink:href="#sSpan730" value="ⲟⲩⲁⲓ"/>
		<feat xlink:href="#sSpan732" value="ϥ"/>
		<feat xlink:href="#sSpan736" value="ⲛⲁ"/>
		<feat xlink:href="#sSpan738" value="ϭⲓ"/>
		<feat xlink:href="#sSpan740" value="ⲙ"/>
		<feat xlink:href="#sSpan744" value="ⲡⲉϥ"/>
		<feat xlink:href="#sSpan747" value="ⲃⲉⲭⲉ"/>
		<feat xlink:href="#sSpan750" value="ⲕⲁⲧⲁ"/>
		<feat xlink:href="#sSpan754" value="ⲡⲉϥ"/>
		<feat xlink:href="#sSpan757" value="ϧⲓⲥⲓ"/>
		<feat xlink:href="#sSpan759" value="ⲙⲙⲓⲛⲙⲙⲟ"/>
		<feat xlink:href="#sSpan763" value="ϥ"/>
		<feat xlink:href="#sSpan765" value="."/>
		<feat xlink:href="#sSpan769" value="ⲁⲛⲟⲛ"/>
		<feat xlink:href="#sSpan775" value="ϩⲁⲛ"/>
		<feat xlink:href="#sSpan780" value="ϣⲫⲏⲣ"/>
		<feat xlink:href="#sSpan783" value="ⲅⲁⲣ"/>
		<feat xlink:href="#sSpan787" value="ⲛ"/>
		<feat xlink:href="#sSpan792" value="ⲣⲉϥⲉⲣϩⲱⲃ"/>
		<feat xlink:href="#sSpan796" value="ⲛⲧⲉ"/>
		<feat xlink:href="#sSpan800" value="ⲫ"/>
		<feat xlink:href="#sSpan803" value="ⲛⲟⲩϯ"/>
		<feat xlink:href="#sSpan805" value="ⲟⲩ"/>
		<feat xlink:href="#sSpan811" value="ⲓⲉⲫⲟⲩⲱⲓ"/>
		<feat xlink:href="#sSpan814" value="ⲛⲧⲉ"/>
		<feat xlink:href="#sSpan818" value="ⲫ"/>
		<feat xlink:href="#sSpan821" value="ⲛⲟⲩϯ"/>
		<feat xlink:href="#sSpan823" value="ⲛⲑⲱⲧⲉⲛ"/>
		<feat xlink:href="#sSpan827" value="ⲟⲩ"/>
		<feat xlink:href="#sSpan832" value="ⲕⲱⲧ"/>
		<feat xlink:href="#sSpan834" value="ⲛⲧⲉ"/>
		<feat xlink:href="#sSpan838" value="ⲫ"/>
		<feat xlink:href="#sSpan841" value="ⲛⲟⲩϯ"/>
		<feat xlink:href="#sSpan843" value="."/>
		<feat xlink:href="#sSpan848" value="ⲕⲁⲧⲁ"/>
		<feat xlink:href="#sSpan854" value="ⲡⲓ"/>
		<feat xlink:href="#sSpan857" value="ϩⲙⲟⲧ"/>
		<feat xlink:href="#sSpan859" value="ⲛⲧⲉ"/>
		<feat xlink:href="#sSpan863" value="ⲫ"/>
		<feat xlink:href="#sSpan866" value="ⲛⲟⲩϯ"/>
		<feat xlink:href="#sSpan868" value="ⲉⲧ"/>
		<feat xlink:href="#sSpan873" value="ⲧⲟⲓ"/>
		<feat xlink:href="#sSpan875" value="ⲛⲏ"/>
		<feat xlink:href="#sSpan879" value="ⲓ"/>
		<feat xlink:href="#sSpan881" value="ⲙ"/>
		<feat xlink:href="#sSpan885" value="ⲫ"/>
		<feat xlink:href="#sSpan887" value="ⲣⲏϯ"/>
		<feat xlink:href="#sSpan889" value="ⲛ"/>
		<feat xlink:href="#sSpan893" value="ⲟⲩ"/>
		<feat xlink:href="#sSpan896" value="ⲥⲁⲃⲉ"/>
		<feat xlink:href="#sSpan898" value="ⲛ"/>
		<feat xlink:href="#sSpan903" value="ⲁⲣⲭⲏⲇⲉⲕⲧⲱⲛ"/>
		<feat xlink:href="#sSpan905" value="ⲁ"/>
		<feat xlink:href="#sSpan909" value="ⲓ"/>
		<feat xlink:href="#sSpan911" value="ⲭⲱ"/>
		<feat xlink:href="#sSpan913" value="ⲛ"/>
		<feat xlink:href="#sSpan917" value="ⲟⲩ"/>
		<feat xlink:href="#sSpan920" value="ⲥⲉⲛϯ"/>
		<feat xlink:href="#sSpan922" value="ⲉϧⲣⲏⲓ"/>
		<feat xlink:href="#sSpan926" value="ⲕⲉ"/>
		<feat xlink:href="#sSpan931" value="ⲟⲩⲁⲓ"/>
		<feat xlink:href="#sSpan933" value="ⲡ"/>
		<feat xlink:href="#sSpan937" value="ⲉⲑ"/>
		<feat xlink:href="#sSpan939" value="ⲟⲩⲁϩⲉⲙ"/>
		<feat xlink:href="#sSpan941" value="ⲕⲱⲧ"/>
		<feat xlink:href="#sSpan945" value="ⲡⲓ"/>
		<feat xlink:href="#sSpan950" value="ⲟⲩⲁⲓ"/>
		<feat xlink:href="#sSpan953" value="ⲇⲉ"/>
		<feat xlink:href="#sSpan957" value="ⲡⲓ"/>
		<feat xlink:href="#sSpan962" value="ⲟⲩⲁⲓ"/>
		<feat xlink:href="#sSpan964" value="ⲙⲁⲣⲉ"/>
		<feat xlink:href="#sSpan968" value="ϥ"/>
		<feat xlink:href="#sSpan970" value="ⲥⲟⲙⲥ"/>
		<feat xlink:href="#sSpan972" value="ϫⲉ"/>
		<feat xlink:href="#sSpan976" value="ⲁ"/>
		<feat xlink:href="#sSpan978" value="ϥ"/>
		<feat xlink:href="#sSpan980" value="ⲕⲱⲧ"/>
		<feat xlink:href="#sSpan982" value="ⲛ"/>
		<feat xlink:href="#sSpan986" value="ⲁϣ"/>
		<feat xlink:href="#sSpan988" value="ⲛ"/>
		<feat xlink:href="#sSpan992" value="ⲣⲏϯ"/>
		<feat xlink:href="#sSpan994" value="."/>
		<feat xlink:href="#sSpan998" value="ⲕⲉ"/>
		<feat xlink:href="#sSpan1005" value="ⲥⲉⲛϯ"/>
		<feat xlink:href="#sSpan1008" value="ⲅⲁⲣ"/>
		<feat xlink:href="#sSpan1012" value="ⲙⲙⲟⲛ"/>
		<feat xlink:href="#sSpan1016" value="ϣϫⲟⲙ"/>
		<feat xlink:href="#sSpan1020" value="ⲛⲧⲉ"/>
		<feat xlink:href="#sSpan1024" value="ⲕⲉ"/>
		<feat xlink:href="#sSpan1027" value="ⲟⲩⲁⲓ"/>
		<feat xlink:href="#sSpan1029" value="ⲭⲁ"/>
		<feat xlink:href="#sSpan1033" value="ⲥ"/>
		<feat xlink:href="#sSpan1035" value="ⲉϧⲣⲏⲓ"/>
		<feat xlink:href="#sSpan1039" value="ⲥⲁⲃⲟⲗ"/>
		<feat xlink:href="#sSpan1043" value="ⲛ"/>
		<feat xlink:href="#sSpan1047" value="ⲑⲏ"/>
		<feat xlink:href="#sSpan1050" value="ⲉⲧ"/>
		<feat xlink:href="#sSpan1054" value="ⲭⲏ"/>
		<feat xlink:href="#sSpan1056" value="ⲉⲧⲉ"/>
		<feat xlink:href="#sSpan1061" value="ⲓⲏⲥⲟⲩⲥ"/>
		<feat xlink:href="#sSpan1064" value="ⲡ"/>
		<feat xlink:href="#sSpan1069" value="ⲭⲣⲓⲥⲧⲟⲥ"/>
		<feat xlink:href="#sSpan1071" value="ⲡⲉ"/>
		<feat xlink:href="#sSpan1075" value="."/>
		<feat xlink:href="#sSpan1079" value="ⲓⲥϫⲉ"/>
		<feat xlink:href="#sSpan1085" value="ⲟⲩⲟⲛ"/>
		<feat xlink:href="#sSpan1087" value="ⲡ"/>
		<feat xlink:href="#sSpan1092" value="ⲉⲧ"/>
		<feat xlink:href="#sSpan1094" value="ⲕⲱⲧ"/>
		<feat xlink:href="#sSpan1096" value="ⲉϫⲉⲛ"/>
		<feat xlink:href="#sSpan1100" value="ⲧⲁⲓ"/>
		<feat xlink:href="#sSpan1103" value="ⲥⲉⲛϯ"/>
		<feat xlink:href="#sSpan1105" value="ⲛⲟⲩⲃ"/>
		<feat xlink:href="#sSpan1110" value="ϩⲁⲧ"/>
		<feat xlink:href="#sSpan1115" value="ⲁⲛⲁⲙⲏⲓ"/>
		<feat xlink:href="#sSpan1120" value="ⲣⲱⲕϩ"/>
		<feat xlink:href="#sSpan1125" value="ⲥⲱⲟⲩⲃⲉⲛ"/>
		<feat xlink:href="#sSpan1130" value="ⲣⲱⲟⲩⲓ"/>
		<feat xlink:href="#sSpan1135" value="."/>
		<feat xlink:href="#sSpan1139" value="ⲡ"/>
		<feat xlink:href="#sSpan1146" value="ϩⲱⲃ"/>
		<feat xlink:href="#sSpan1148" value="ⲙ"/>
		<feat xlink:href="#sSpan1152" value="ⲡⲓ"/>
		<feat xlink:href="#sSpan1155" value="ⲟⲩⲁⲓ"/>
		<feat xlink:href="#sSpan1157" value="ⲡⲓ"/>
		<feat xlink:href="#sSpan1162" value="ⲟⲩⲁⲓ"/>
		<feat xlink:href="#sSpan1164" value="ⲉϥⲉ"/>
		<feat xlink:href="#sSpan1168" value="ⲟⲩⲱⲛϩ"/>
		<feat xlink:href="#sSpan1171" value="ⲉⲃⲟⲗ"/>
		<feat xlink:href="#sSpan1175" value="ⲡⲓ"/>
		<feat xlink:href="#sSpan1180" value="ⲉϩⲟⲟⲩ"/>
		<feat xlink:href="#sSpan1183" value="ⲅⲁⲣ"/>
		<feat xlink:href="#sSpan1187" value="ϥ"/>
		<feat xlink:href="#sSpan1191" value="ⲛⲁ"/>
		<feat xlink:href="#sSpan1193" value="ⲟⲩⲟⲛϩ"/>
		<feat xlink:href="#sSpan1195" value="ϥ"/>
		<feat xlink:href="#sSpan1197" value="ⲉⲃⲟⲗ"/>
		<feat xlink:href="#sSpan1202" value="ϫⲉ"/>
		<feat xlink:href="#sSpan1206" value="ϥ"/>
		<feat xlink:href="#sSpan1208" value="ⲛⲁ"/>
		<feat xlink:href="#sSpan1210" value="ϭⲱⲣⲡ"/>
		<feat xlink:href="#sSpan1212" value="ⲉⲃⲟⲗ"/>
		<feat xlink:href="#sSpan1216" value="ϧⲉⲛ"/>
		<feat xlink:href="#sSpan1220" value="ⲟⲩ"/>
		<feat xlink:href="#sSpan1223" value="ⲭⲣⲱⲙ"/>
		<feat xlink:href="#sSpan1225" value="ⲟⲩⲟϩ"/>
		<feat xlink:href="#sSpan1229" value="ⲡ"/>
		<feat xlink:href="#sSpan1233" value="ϩⲱⲃ"/>
		<feat xlink:href="#sSpan1235" value="ⲙ"/>
		<feat xlink:href="#sSpan1239" value="ⲡⲓ"/>
		<feat xlink:href="#sSpan1242" value="ⲟⲩⲁⲓ"/>
		<feat xlink:href="#sSpan1244" value="ⲡⲓ"/>
		<feat xlink:href="#sSpan1249" value="ⲟⲩⲁⲓ"/>
		<feat xlink:href="#sSpan1251" value="ⲡⲓ"/>
		<feat xlink:href="#sSpan1256" value="ⲭⲣⲱⲙ"/>
		<feat xlink:href="#sSpan1258" value="ⲛⲁ"/>
		<feat xlink:href="#sSpan1263" value="ⲉⲣⲇⲟⲕⲓⲙⲁⲍⲓⲛ"/>
		<feat xlink:href="#sSpan1267" value="ⲙⲙⲟ"/>
		<feat xlink:href="#sSpan1271" value="ϥ"/>
		<feat xlink:href="#sSpan1273" value="ϫⲉ"/>
		<feat xlink:href="#sSpan1277" value="ⲟⲩ"/>
		<feat xlink:href="#sSpan1279" value="ⲁϣ"/>
		<feat xlink:href="#sSpan1281" value="ⲛ"/>
		<feat xlink:href="#sSpan1285" value="ⲣⲏϯ"/>
		<feat xlink:href="#sSpan1287" value="ⲡⲉ"/>
		<feat xlink:href="#sSpan1291" value="."/>
		<feat xlink:href="#sSpan1295" value="ⲫⲏ"/>
		<feat xlink:href="#sSpan1302" value="ⲉⲧⲉ"/>
		<feat xlink:href="#sSpan1306" value="ⲡⲉϥ"/>
		<feat xlink:href="#sSpan1309" value="ϩⲱⲃ"/>
		<feat xlink:href="#sSpan1311" value="ⲛⲁ"/>
		<feat xlink:href="#sSpan1315" value="ⲟϩⲓ"/>
		<feat xlink:href="#sSpan1317" value="ⲉⲣⲁⲧ"/>
		<feat xlink:href="#sSpan1321" value="ϥ"/>
		<feat xlink:href="#sSpan1323" value="ⲉⲧ"/>
		<feat xlink:href="#sSpan1327" value="ⲁ"/>
		<feat xlink:href="#sSpan1329" value="ϥ"/>
		<feat xlink:href="#sSpan1331" value="ⲕⲟⲧ"/>
		<feat xlink:href="#sSpan1333" value="ϥ"/>
		<feat xlink:href="#sSpan1335" value="ϥ"/>
		<feat xlink:href="#sSpan1339" value="ⲛⲁ"/>
		<feat xlink:href="#sSpan1341" value="ϭⲓ"/>
		<feat xlink:href="#sSpan1343" value="ⲙ"/>
		<feat xlink:href="#sSpan1347" value="ⲡⲉϥ"/>
		<feat xlink:href="#sSpan1350" value="ⲃⲉⲭⲉ"/>
		<feat xlink:href="#sSpan1352" value="."/>
		<feat xlink:href="#sSpan1356" value="ⲫⲏ"/>
		<feat xlink:href="#sSpan1363" value="ⲉⲧⲉ"/>
		<feat xlink:href="#sSpan1367" value="ⲡⲉϥ"/>
		<feat xlink:href="#sSpan1370" value="ϩⲱⲃ"/>
		<feat xlink:href="#sSpan1372" value="ⲛⲁ"/>
		<feat xlink:href="#sSpan1376" value="ⲣⲱⲕϩ"/>
		<feat xlink:href="#sSpan1378" value="ϥ"/>
		<feat xlink:href="#sSpan1382" value="ⲛⲁ"/>
		<feat xlink:href="#sSpan1385" value="ϯⲟⲥⲓ"/>
		<feat xlink:href="#sSpan1388" value="ⲛⲑⲟϥ"/>
		<feat xlink:href="#sSpan1393" value="ⲇⲉ"/>
		<feat xlink:href="#sSpan1397" value="ϥ"/>
		<feat xlink:href="#sSpan1401" value="ⲛⲁ"/>
		<feat xlink:href="#sSpan1403" value="ⲛⲟϩⲉⲙ"/>
		<feat xlink:href="#sSpan1405" value="ⲡⲁⲓ"/>
		<feat xlink:href="#sSpan1409" value="ⲣⲏϯ"/>
		<feat xlink:href="#sSpan1412" value="ⲇⲉ"/>
		<feat xlink:href="#sSpan1417" value="ϩⲱⲥ"/>
		<feat xlink:href="#sSpan1421" value="ⲉⲃⲟⲗ"/>
		<feat xlink:href="#sSpan1425" value="ϩⲓⲧⲉⲛ"/>
		<feat xlink:href="#sSpan1429" value="ⲟⲩ"/>
		<feat xlink:href="#sSpan1432" value="ⲭⲣⲱⲙ"/>
		<feat xlink:href="#sSpan1434" value="."/>
		<feat xlink:href="#sSpan1438" value="ⲛ"/>
		<feat xlink:href="#sSpan1444" value="ⲧⲉⲧⲉⲛ"/>
		<feat xlink:href="#sSpan1446" value="ⲉⲙⲓ"/>
		<feat xlink:href="#sSpan1448" value="ⲁⲛ"/>
		<feat xlink:href="#sSpan1452" value="ϫⲉ"/>
		<feat xlink:href="#sSpan1456" value="ⲛⲑⲱⲧⲉⲛ"/>
		<feat xlink:href="#sSpan1458" value="ⲟⲩ"/>
		<feat xlink:href="#sSpan1463" value="ⲉⲣⲫⲉⲓ"/>
		<feat xlink:href="#sSpan1465" value="ⲛⲧⲉ"/>
		<feat xlink:href="#sSpan1469" value="ⲫ"/>
		<feat xlink:href="#sSpan1472" value="ⲛⲟⲩϯ"/>
		<feat xlink:href="#sSpan1474" value="ⲟⲩⲟϩ"/>
		<feat xlink:href="#sSpan1478" value="ⲡⲓ"/>
		<feat xlink:href="#sSpan1484" value="ⲡⲛⲉⲩⲙⲁ"/>
		<feat xlink:href="#sSpan1486" value="ⲛⲧⲉ"/>
		<feat xlink:href="#sSpan1490" value="ⲫ"/>
		<feat xlink:href="#sSpan1493" value="ⲛⲟⲩϯ"/>
		<feat xlink:href="#sSpan1495" value="ⲁ"/>
		<feat xlink:href="#sSpan1499" value="ϥ"/>
		<feat xlink:href="#sSpan1501" value="ϣⲟⲡ"/>
		<feat xlink:href="#sSpan1503" value="ϧⲉⲛ"/>
		<feat xlink:href="#sSpan1507" value="ⲑⲏⲛⲟⲩ"/>
		<feat xlink:href="#sSpan1509" value="."/>
		<feat xlink:href="#sSpan1513" value="ⲫⲏ"/>
		<feat xlink:href="#sSpan1521" value="ⲟⲩⲛ"/>
		<feat xlink:href="#sSpan1525" value="ⲉⲑ"/>
		<feat xlink:href="#sSpan1529" value="ⲛⲁ"/>
		<feat xlink:href="#sSpan1531" value="ⲥⲉϥ"/>
		<feat xlink:href="#sSpan1533" value="ⲡⲓ"/>
		<feat xlink:href="#sSpan1538" value="ⲉⲣⲫⲉⲓ"/>
		<feat xlink:href="#sSpan1540" value="ⲛⲧⲉ"/>
		<feat xlink:href="#sSpan1544" value="ⲫ"/>
		<feat xlink:href="#sSpan1547" value="ⲛⲟⲩϯ"/>
		<feat xlink:href="#sSpan1549" value="ⲫⲁⲓ"/>
		<feat xlink:href="#sSpan1554" value="ⲫ"/>
		<feat xlink:href="#sSpan1559" value="ⲛⲟⲩϯ"/>
		<feat xlink:href="#sSpan1561" value="ⲛⲁ"/>
		<feat xlink:href="#sSpan1565" value="ⲧⲁⲕⲟ"/>
		<feat xlink:href="#sSpan1567" value="ϥ"/>
		<feat xlink:href="#sSpan1569" value="ⲡⲓ"/>
		<feat xlink:href="#sSpan1574" value="ⲉⲣⲫⲉⲓ"/>
		<feat xlink:href="#sSpan1577" value="ⲅⲁⲣ"/>
		<feat xlink:href="#sSpan1581" value="ⲛⲧⲉ"/>
		<feat xlink:href="#sSpan1585" value="ⲫ"/>
		<feat xlink:href="#sSpan1588" value="ⲛⲟⲩϯ"/>
		<feat xlink:href="#sSpan1590" value="ϥ"/>
		<feat xlink:href="#sSpan1594" value="ⲟⲩⲁⲃ"/>
		<feat xlink:href="#sSpan1596" value="ⲉⲧⲉ"/>
		<feat xlink:href="#sSpan1600" value="ⲛⲑⲱⲧⲉⲛ"/>
		<feat xlink:href="#sSpan1602" value="ⲡⲉ"/>
		<feat xlink:href="#sSpan1606" value="."/>
		<feat xlink:href="#sSpan1610" value="ⲙⲡⲉⲛⲑⲣⲉ"/>
		<feat xlink:href="#sSpan1616" value="ϩⲗⲓ"/>
		<feat xlink:href="#sSpan1620" value="ⲉⲣϩⲁⲗ"/>
		<feat xlink:href="#sSpan1625" value="ⲙⲙⲟ"/>
		<feat xlink:href="#sSpan1629" value="ϥ"/>
		<feat xlink:href="#sSpan1631" value="ⲙⲙⲁⲩⲁⲧ"/>
		<feat xlink:href="#sSpan1635" value="ϥ"/>
		<feat xlink:href="#sSpan1637" value="ⲫⲏ"/>
		<feat xlink:href="#sSpan1642" value="ⲉⲑ"/>
		<feat xlink:href="#sSpan1646" value="ⲙⲉⲩⲓ"/>
		<feat xlink:href="#sSpan1648" value="ϧⲉⲛ"/>
		<feat xlink:href="#sSpan1652" value="ⲑⲏⲛⲟⲩ"/>
		<feat xlink:href="#sSpan1654" value="ϫⲉ"/>
		<feat xlink:href="#sSpan1658" value="ⲟⲩ"/>
		<feat xlink:href="#sSpan1661" value="ⲥⲁⲃⲉ"/>
		<feat xlink:href="#sSpan1663" value="ⲡⲉ"/>
		<feat xlink:href="#sSpan1667" value="ϧⲉⲛ"/>
		<feat xlink:href="#sSpan1671" value="ⲡⲁⲓ"/>
		<feat xlink:href="#sSpan1674" value="ⲉⲛⲉϩ"/>
		<feat xlink:href="#sSpan1676" value="ⲙⲁⲣⲉ"/>
		<feat xlink:href="#sSpan1680" value="ϥ"/>
		<feat xlink:href="#sSpan1683" value="ⲉⲣⲥⲟϫ"/>
		<feat xlink:href="#sSpan1687" value="ϩⲓⲛⲁ"/>
		<feat xlink:href="#sSpan1691" value="ⲛⲧⲉ"/>
		<feat xlink:href="#sSpan1695" value="ϥ"/>
		<feat xlink:href="#sSpan1698" value="ⲉⲣⲥⲁⲃⲉ"/>
		<feat xlink:href="#sSpan1701" value="."/>
		<feat xlink:href="#sSpan1705" value="ⲧ"/>
		<feat xlink:href="#sSpan1712" value="ⲥⲃⲱ"/>
		<feat xlink:href="#sSpan1715" value="ⲅⲁⲣ"/>
		<feat xlink:href="#sSpan1719" value="ⲙ"/>
		<feat xlink:href="#sSpan1723" value="ⲡⲁⲓ"/>
		<feat xlink:href="#sSpan1727" value="ⲕⲟⲥⲙⲟⲥ"/>
		<feat xlink:href="#sSpan1729" value="ⲟⲩ"/>
		<feat xlink:href="#sSpan1735" value="ⲙⲉⲧⲥⲟϫ"/>
		<feat xlink:href="#sSpan1738" value="ⲧⲉ"/>
		<feat xlink:href="#sSpan1742" value="ⲛⲁϩⲣⲉⲛ"/>
		<feat xlink:href="#sSpan1746" value="ⲫ"/>
		<feat xlink:href="#sSpan1749" value="ⲛⲟⲩϯ"/>
		<feat xlink:href="#sSpan1751" value="ⲥ"/>
		<feat xlink:href="#sSpan1755" value="ⲥϧⲏⲟⲩⲧ"/>
		<feat xlink:href="#sSpan1758" value="ⲅⲁⲣ"/>
		<feat xlink:href="#sSpan1762" value="ϫⲉ"/>
		<feat xlink:href="#sSpan1766" value="ⲫⲏ"/>
		<feat xlink:href="#sSpan1769" value="ⲉⲧ"/>
		<feat xlink:href="#sSpan1773" value="ⲁⲙⲁϩⲓ"/>
		<feat xlink:href="#sSpan1775" value="ⲛ"/>
		<feat xlink:href="#sSpan1779" value="ⲛⲓ"/>
		<feat xlink:href="#sSpan1782" value="ⲥⲁⲃⲉⲩ"/>
		<feat xlink:href="#sSpan1784" value="ϧⲉⲛ"/>
		<feat xlink:href="#sSpan1788" value="ⲧⲟⲩ"/>
		<feat xlink:href="#sSpan1792" value="ⲙⲉⲧⲥⲉⲃ"/>
		<feat xlink:href="#sSpan1795" value="."/>
		<feat xlink:href="#sSpan1799" value="ⲟⲩⲟϩ"/>
		<feat xlink:href="#sSpan1806" value="ⲡⲁⲗⲓⲛ"/>
		<feat xlink:href="#sSpan1810" value="ϫⲉ"/>
		<feat xlink:href="#sSpan1814" value="ⲡ"/>
		<feat xlink:href="#sSpan1817" value="ϭⲟⲓⲥ"/>
		<feat xlink:href="#sSpan1819" value="ⲥⲱⲟⲩⲛ"/>
		<feat xlink:href="#sSpan1823" value="ⲛ"/>
		<feat xlink:href="#sSpan1827" value="ⲛⲓ"/>
		<feat xlink:href="#sSpan1830" value="ⲙⲟⲕⲙⲉⲕ"/>
		<feat xlink:href="#sSpan1832" value="ⲛⲧⲉ"/>
		<feat xlink:href="#sSpan1836" value="ϩⲁⲛ"/>
		<feat xlink:href="#sSpan1839" value="ⲥⲁⲃⲉⲩ"/>
		<feat xlink:href="#sSpan1841" value="ϫⲉ"/>
		<feat xlink:href="#sSpan1845" value="ϩⲁⲛ"/>
		<feat xlink:href="#sSpan1848" value="ⲉⲫⲗⲏⲟⲩ"/>
		<feat xlink:href="#sSpan1850" value="ⲛⲉ"/>
		<feat xlink:href="#sSpan1855" value="ϩⲱⲥⲧⲉ"/>
		<feat xlink:href="#sSpan1861" value="ⲙⲡⲉⲛⲑⲣⲉ"/>
		<feat xlink:href="#sSpan1865" value="ϩⲗⲓ"/>
		<feat xlink:href="#sSpan1868" value="ϣⲟⲩϣⲟⲩ"/>
		<feat xlink:href="#sSpan1872" value="ⲙⲙⲟ"/>
		<feat xlink:href="#sSpan1876" value="ϥ"/>
		<feat xlink:href="#sSpan1878" value="ϧⲉⲛ"/>
		<feat xlink:href="#sSpan1882" value="ⲛⲓ"/>
		<feat xlink:href="#sSpan1885" value="ⲣⲱⲙⲓ"/>
		<feat xlink:href="#sSpan1887" value="ⲉⲛⲭⲁⲓ"/>
		<feat xlink:href="#sSpan1893" value="ⲅⲁⲣ"/>
		<feat xlink:href="#sSpan1897" value="ⲛⲓⲃⲉⲛ"/>
		<feat xlink:href="#sSpan1901" value="ⲛⲟⲩⲧⲉⲛ"/>
		<feat xlink:href="#sSpan1906" value="ⲛⲉ"/>
		<feat xlink:href="#sSpan1911" value="ⲓⲧⲉ"/>
		<feat xlink:href="#sSpan1918" value="ⲡⲁⲩⲗⲟⲥ"/>
		<feat xlink:href="#sSpan1924" value="ⲓⲧⲉ"/>
		<feat xlink:href="#sSpan1929" value="ⲁⲡⲟⲗⲗⲱ"/>
		<feat xlink:href="#sSpan1935" value="ⲓⲧⲉ"/>
		<feat xlink:href="#sSpan1940" value="ⲕⲏⲫⲁ"/>
		<feat xlink:href="#sSpan1946" value="ⲓⲧⲉ"/>
		<feat xlink:href="#sSpan1950" value="ⲡⲓ"/>
		<feat xlink:href="#sSpan1956" value="ⲕⲟⲥⲙⲟⲥ"/>
		<feat xlink:href="#sSpan1959" value="ⲓⲧⲉ"/>
		<feat xlink:href="#sSpan1963" value="ⲡ"/>
		<feat xlink:href="#sSpan1968" value="ⲱⲛϧ"/>
		<feat xlink:href="#sSpan1971" value="ⲓⲧⲉ"/>
		<feat xlink:href="#sSpan1975" value="ⲫ"/>
		<feat xlink:href="#sSpan1980" value="ⲙⲟⲩ"/>
		<feat xlink:href="#sSpan1985" value="ⲓⲧⲉ"/>
		<feat xlink:href="#sSpan1989" value="ⲛⲏ"/>
		<feat xlink:href="#sSpan1994" value="ⲉⲧ"/>
		<feat xlink:href="#sSpan1998" value="ϣⲟⲡ"/>
		<feat xlink:href="#sSpan2001" value="ⲓⲧⲉ"/>
		<feat xlink:href="#sSpan2005" value="ⲛⲏ"/>
		<feat xlink:href="#sSpan2010" value="ⲉⲑ"/>
		<feat xlink:href="#sSpan2014" value="ⲛⲁ"/>
		<feat xlink:href="#sSpan2016" value="ϣⲱⲡⲓ"/>
		<feat xlink:href="#sSpan2018" value="ⲛⲟⲩⲧⲉⲛ"/>
		<feat xlink:href="#sSpan2023" value="ⲧⲏⲣ"/>
		<feat xlink:href="#sSpan2027" value="ⲟⲩ"/>
		<feat xlink:href="#sSpan2029" value="ⲛⲉ"/>
		<feat xlink:href="#sSpan2033" value="."/>
		<feat xlink:href="#sSpan2037" value="ⲛⲑⲱⲧⲉⲛ"/>
		<feat xlink:href="#sSpan2044" value="ⲇⲉ"/>
		<feat xlink:href="#sSpan2048" value="ⲛⲑⲱⲧⲉⲛ"/>
		<feat xlink:href="#sSpan2052" value="ⲛⲁ"/>
		<feat xlink:href="#sSpan2057" value="ⲡ"/>
		<feat xlink:href="#sSpan2061" value="ⲭⲣⲓⲥⲧⲟⲥ"/>
		<feat xlink:href="#sSpan2063" value="ⲡ"/>
		<feat xlink:href="#sSpan2069" value="ⲭⲣⲓⲥⲧⲟⲥ"/>
		<feat xlink:href="#sSpan2072" value="ⲇⲉ"/>
		<feat xlink:href="#sSpan2076" value="ⲫⲁ"/>
		<feat xlink:href="#sSpan2081" value="ⲫ"/>
		<feat xlink:href="#sSpan2084" value="ⲛⲟⲩϯ"/>
		<feat xlink:href="#sSpan2086" value="ⲡⲉ"/>
		<feat xlink:href="#sSpan2090" value="."/></featList></paula>