<?xml version='1.0' encoding='UTF-8'?><!DOCTYPE paula SYSTEM "paula_feat.dtd">
<paula version="1.1">
	<header paula_id="scriptorium.psflavianus.encomium.01.mark_identity"/>
	<featList xmlns:xlink="http://www.w3.org/1999/xlink" type="identity" xml:base="scriptorium.psflavianus.encomium.01.mark.xml">
		<feat xlink:href="#sSpan67" value="Ephesus"/>
		<feat xlink:href="#sSpan95" value="Pope Demetrius I of Alexandria"/>
		<feat xlink:href="#sSpan118" value="Alexandria"/>
		<feat xlink:href="#sSpan171" value="Thout"/>
		<feat xlink:href="#sSpan283" value="Peter I of Alexandria"/>
		<feat xlink:href="#sSpan330" value="Alexandria"/>
		<feat xlink:href="#sSpan380" value="Antioch"/>
		<feat xlink:href="#sSpan493" value="Jeremiah"/>
		<feat xlink:href="#sSpan568" value="David"/>
		<feat xlink:href="#sSpan706" value="David"/>
		<feat xlink:href="#sSpan1603" value="Jews"/>
		<feat xlink:href="#sSpan2191" value="Moses"/>
		<feat xlink:href="#sSpan3052" value="David"/>
		<feat xlink:href="#sSpan3071" value="Goliath"/>
		<feat xlink:href="#sSpan3408" value="David"/>
		<feat xlink:href="#sSpan3498" value="Pope Demetrius I of Alexandria"/>
		<feat xlink:href="#sSpan3972" value="Pope Demetrius I of Alexandria"/>
		<feat xlink:href="#sSpan4040" value="Alexandria"/>
		<feat xlink:href="#sSpan4076" value="Pope Julian of Alexandria"/>
		<feat xlink:href="#sSpan4101" value="Alexandria"/>
		<feat xlink:href="#sSpan4118" value="Alexandria"/>
		<feat xlink:href="#sSpan4409" value="Pope Demetrius I of Alexandria"/>
		<feat xlink:href="#sSpan4437" value="Pope Demetrius I of Alexandria"/>
		<feat xlink:href="#sSpan4477" value="Mark the Evangelist"/>
		<feat xlink:href="#sSpan4580" value="Joseph (Genesis)"/>
		<feat xlink:href="#sSpan4668" value="Joseph (Genesis)"/>
		<feat xlink:href="#sSpan4785" value="Joseph (Genesis)"/>
		<feat xlink:href="#sSpan4943" value="Pope Demetrius I of Alexandria"/>
		<feat xlink:href="#sSpan6196" value="Mark the Evangelist"/>
		<feat xlink:href="#sSpan6930" value="Pope Demetrius I of Alexandria"/>
		<feat xlink:href="#sSpan6935" value="Pope Demetrius I of Alexandria"/>
		<feat xlink:href="#sSpan7110" value="Pope Demetrius I of Alexandria"/>
		<feat xlink:href="#sSpan7269" value="Jesus"/>
		<feat xlink:href="#sSpan7327" value="Pope Demetrius I of Alexandria"/>
		<feat xlink:href="#sSpan7650" value="Pope Demetrius I of Alexandria"/>
		<feat xlink:href="#sSpan7791" value="Pope Demetrius I of Alexandria"/>
		<feat xlink:href="#sSpan8066" value="Pentecost"/>
		<feat xlink:href="#sSpan11042" value="New Jerusalem"/></featList></paula>