<?xml version='1.0' encoding='UTF-8'?><!DOCTYPE paula SYSTEM "paula_feat.dtd">
<paula version="1.1">
	<header paula_id="scriptorium.psflavianus.encomium.01.mark_verse_n"/>
	<featList xmlns:xlink="http://www.w3.org/1999/xlink" type="verse_n" xml:base="scriptorium.psflavianus.encomium.01.mark.xml">
		<feat xlink:href="#sSpan8" value="1"/>
		<feat xlink:href="#sSpan187" value="2"/>
		<feat xlink:href="#sSpan245" value="3"/>
		<feat xlink:href="#sSpan354" value="4"/>
		<feat xlink:href="#sSpan428" value="5"/>
		<feat xlink:href="#sSpan574" value="6"/>
		<feat xlink:href="#sSpan607" value="1"/>
		<feat xlink:href="#sSpan811" value="2"/>
		<feat xlink:href="#sSpan840" value="3"/>
		<feat xlink:href="#sSpan886" value="4"/>
		<feat xlink:href="#sSpan952" value="5"/>
		<feat xlink:href="#sSpan1157" value="6"/>
		<feat xlink:href="#sSpan1318" value="7"/>
		<feat xlink:href="#sSpan1383" value="8"/>
		<feat xlink:href="#sSpan1461" value="1"/>
		<feat xlink:href="#sSpan1495" value="2"/>
		<feat xlink:href="#sSpan1520" value="3"/>
		<feat xlink:href="#sSpan1549" value="4"/>
		<feat xlink:href="#sSpan1578" value="5"/>
		<feat xlink:href="#sSpan1613" value="6"/>
		<feat xlink:href="#sSpan1774" value="7"/>
		<feat xlink:href="#sSpan1884" value="1"/>
		<feat xlink:href="#sSpan2054" value="2"/>
		<feat xlink:href="#sSpan2132" value="3"/>
		<feat xlink:href="#sSpan2256" value="1"/>
		<feat xlink:href="#sSpan2417" value="1"/>
		<feat xlink:href="#sSpan2531" value="2"/>
		<feat xlink:href="#sSpan2558" value="3"/>
		<feat xlink:href="#sSpan2651" value="4"/>
		<feat xlink:href="#sSpan2730" value="5"/>
		<feat xlink:href="#sSpan2802" value="6"/>
		<feat xlink:href="#sSpan2890" value="7"/>
		<feat xlink:href="#sSpan2971" value="8"/>
		<feat xlink:href="#sSpan3041" value="1"/>
		<feat xlink:href="#sSpan3151" value="2"/>
		<feat xlink:href="#sSpan3263" value="3"/>
		<feat xlink:href="#sSpan3409" value="4"/>
		<feat xlink:href="#sSpan3498" value="5"/>
		<feat xlink:href="#sSpan3555" value="1"/>
		<feat xlink:href="#sSpan3636" value="2"/>
		<feat xlink:href="#sSpan3711" value="3"/>
		<feat xlink:href="#sSpan3819" value="4"/>
		<feat xlink:href="#sSpan3891" value="1"/>
		<feat xlink:href="#sSpan3970" value="2"/>
		<feat xlink:href="#sSpan4053" value="3"/>
		<feat xlink:href="#sSpan4339" value="4"/>
		<feat xlink:href="#sSpan4422" value="5"/>
		<feat xlink:href="#sSpan4500" value="1"/>
		<feat xlink:href="#sSpan4711" value="2"/>
		<feat xlink:href="#sSpan4785" value="3"/>
		<feat xlink:href="#sSpan4847" value="4"/>
		<feat xlink:href="#sSpan4941" value="5"/>
		<feat xlink:href="#sSpan5052" value="6"/>
		<feat xlink:href="#sSpan5120" value="7"/>
		<feat xlink:href="#sSpan5156" value="8"/>
		<feat xlink:href="#sSpan5319" value="9"/>
		<feat xlink:href="#sSpan5397" value="10"/>
		<feat xlink:href="#sSpan5446" value="11"/>
		<feat xlink:href="#sSpan5496" value="12"/>
		<feat xlink:href="#sSpan5559" value="13"/>
		<feat xlink:href="#sSpan5573" value="14"/>
		<feat xlink:href="#sSpan5688" value="1"/>
		<feat xlink:href="#sSpan5793" value="2"/>
		<feat xlink:href="#sSpan5969" value="3"/>
		<feat xlink:href="#sSpan6014" value="4"/>
		<feat xlink:href="#sSpan6102" value="5"/>
		<feat xlink:href="#sSpan6235" value="1"/>
		<feat xlink:href="#sSpan6323" value="2"/>
		<feat xlink:href="#sSpan6351" value="3"/>
		<feat xlink:href="#sSpan6383" value="4"/>
		<feat xlink:href="#sSpan6415" value="5"/>
		<feat xlink:href="#sSpan6554" value="1"/>
		<feat xlink:href="#sSpan6812" value="2"/>
		<feat xlink:href="#sSpan6868" value="3"/>
		<feat xlink:href="#sSpan6986" value="4"/>
		<feat xlink:href="#sSpan7093" value="5"/>
		<feat xlink:href="#sSpan7287" value="6"/>
		<feat xlink:href="#sSpan7329" value="7"/>
		<feat xlink:href="#sSpan7405" value="8"/>
		<feat xlink:href="#sSpan7484" value="9"/>
		<feat xlink:href="#sSpan7560" value="10"/>
		<feat xlink:href="#sSpan7640" value="11"/>
		<feat xlink:href="#sSpan7749" value="12"/>
		<feat xlink:href="#sSpan7835" value="13"/>
		<feat xlink:href="#sSpan7860" value="14"/>
		<feat xlink:href="#sSpan7969" value="15"/>
		<feat xlink:href="#sSpan8026" value="1"/>
		<feat xlink:href="#sSpan8111" value="2"/>
		<feat xlink:href="#sSpan8172" value="3"/>
		<feat xlink:href="#sSpan8235" value="4"/>
		<feat xlink:href="#sSpan8424" value="5"/>
		<feat xlink:href="#sSpan8536" value="6"/>
		<feat xlink:href="#sSpan8583" value="1"/>
		<feat xlink:href="#sSpan8615" value="2"/>
		<feat xlink:href="#sSpan8642" value="3"/>
		<feat xlink:href="#sSpan8745" value="4"/>
		<feat xlink:href="#sSpan8827" value="5"/>
		<feat xlink:href="#sSpan8933" value="6"/>
		<feat xlink:href="#sSpan8992" value="7"/>
		<feat xlink:href="#sSpan9147" value="1"/>
		<feat xlink:href="#sSpan9239" value="2"/>
		<feat xlink:href="#sSpan9297" value="3"/>
		<feat xlink:href="#sSpan9418" value="4"/>
		<feat xlink:href="#sSpan9506" value="1"/>
		<feat xlink:href="#sSpan9547" value="2"/>
		<feat xlink:href="#sSpan9645" value="3"/>
		<feat xlink:href="#sSpan9719" value="4"/>
		<feat xlink:href="#sSpan9754" value="1"/>
		<feat xlink:href="#sSpan9811" value="2"/>
		<feat xlink:href="#sSpan9839" value="3"/>
		<feat xlink:href="#sSpan9964" value="4"/>
		<feat xlink:href="#sSpan10064" value="1"/>
		<feat xlink:href="#sSpan10112" value="2"/>
		<feat xlink:href="#sSpan10159" value="3"/>
		<feat xlink:href="#sSpan10344" value="1"/>
		<feat xlink:href="#sSpan10403" value="2"/>
		<feat xlink:href="#sSpan10536" value="1"/>
		<feat xlink:href="#sSpan10616" value="2"/>
		<feat xlink:href="#sSpan10676" value="3"/>
		<feat xlink:href="#sSpan10709" value="4"/>
		<feat xlink:href="#sSpan10783" value="5"/>
		<feat xlink:href="#sSpan10888" value="6"/>
		<feat xlink:href="#sSpan10963" value="7"/>
		<feat xlink:href="#sSpan11059" value="8"/>
		<feat xlink:href="#sSpan11154" value="9"/>
		<feat xlink:href="#sSpan11190" value="10"/>
		<feat xlink:href="#sSpan11316" value="11"/>
		<feat xlink:href="#sSpan11373" value="1"/>
		<feat xlink:href="#sSpan11423" value="2"/>
		<feat xlink:href="#sSpan11489" value="3"/>
		<feat xlink:href="#sSpan11558" value="4"/>
		<feat xlink:href="#sSpan11659" value="5"/>
		<feat xlink:href="#sSpan11721" value="6"/>
		<feat xlink:href="#sSpan11862" value="7"/>
		<feat xlink:href="#sSpan11941" value="1"/>
		<feat xlink:href="#sSpan12073" value="2"/>
		<feat xlink:href="#sSpan12119" value="3"/></featList></paula>