<?xml version='1.0' encoding='UTF-8'?><!DOCTYPE paula SYSTEM "paula_feat.dtd">
<paula version="1.1">
	<header paula_id="scriptorium.psflavianus.encomium.01.mark_new_sent"/>
	<featList xmlns:xlink="http://www.w3.org/1999/xlink" type="new_sent" xml:base="scriptorium.psflavianus.encomium.01.mark.xml">
		<feat xlink:href="#sSpan1" value="true"/>
		<feat xlink:href="#sSpan182" value="true"/>
		<feat xlink:href="#sSpan240" value="true"/>
		<feat xlink:href="#sSpan348" value="true"/>
		<feat xlink:href="#sSpan422" value="true"/>
		<feat xlink:href="#sSpan569" value="true"/>
		<feat xlink:href="#sSpan600" value="true"/>
		<feat xlink:href="#sSpan806" value="true"/>
		<feat xlink:href="#sSpan835" value="true"/>
		<feat xlink:href="#sSpan881" value="true"/>
		<feat xlink:href="#sSpan946" value="true"/>
		<feat xlink:href="#sSpan1152" value="true"/>
		<feat xlink:href="#sSpan1312" value="true"/>
		<feat xlink:href="#sSpan1376" value="true"/>
		<feat xlink:href="#sSpan1456" value="true"/>
		<feat xlink:href="#sSpan1490" value="true"/>
		<feat xlink:href="#sSpan1515" value="true"/>
		<feat xlink:href="#sSpan1543" value="true"/>
		<feat xlink:href="#sSpan1573" value="true"/>
		<feat xlink:href="#sSpan1607" value="true"/>
		<feat xlink:href="#sSpan1770" value="true"/>
		<feat xlink:href="#sSpan1881" value="true"/>
		<feat xlink:href="#sSpan2050" value="true"/>
		<feat xlink:href="#sSpan2127" value="true"/>
		<feat xlink:href="#sSpan2252" value="true"/>
		<feat xlink:href="#sSpan2414" value="true"/>
		<feat xlink:href="#sSpan2527" value="true"/>
		<feat xlink:href="#sSpan2554" value="true"/>
		<feat xlink:href="#sSpan2648" value="true"/>
		<feat xlink:href="#sSpan2727" value="true"/>
		<feat xlink:href="#sSpan2799" value="true"/>
		<feat xlink:href="#sSpan2886" value="true"/>
		<feat xlink:href="#sSpan2967" value="true"/>
		<feat xlink:href="#sSpan3038" value="true"/>
		<feat xlink:href="#sSpan3148" value="true"/>
		<feat xlink:href="#sSpan3262" value="true"/>
		<feat xlink:href="#sSpan3406" value="true"/>
		<feat xlink:href="#sSpan3496" value="true"/>
		<feat xlink:href="#sSpan3553" value="true"/>
		<feat xlink:href="#sSpan3635" value="true"/>
		<feat xlink:href="#sSpan3708" value="true"/>
		<feat xlink:href="#sSpan3818" value="true"/>
		<feat xlink:href="#sSpan3890" value="true"/>
		<feat xlink:href="#sSpan3967" value="true"/>
		<feat xlink:href="#sSpan4052" value="true"/>
		<feat xlink:href="#sSpan4338" value="true"/>
		<feat xlink:href="#sSpan4420" value="true"/>
		<feat xlink:href="#sSpan4498" value="true"/>
		<feat xlink:href="#sSpan4710" value="true"/>
		<feat xlink:href="#sSpan4783" value="true"/>
		<feat xlink:href="#sSpan4845" value="true"/>
		<feat xlink:href="#sSpan4939" value="true"/>
		<feat xlink:href="#sSpan5051" value="true"/>
		<feat xlink:href="#sSpan5119" value="true"/>
		<feat xlink:href="#sSpan5155" value="true"/>
		<feat xlink:href="#sSpan5318" value="true"/>
		<feat xlink:href="#sSpan5395" value="true"/>
		<feat xlink:href="#sSpan5443" value="true"/>
		<feat xlink:href="#sSpan5494" value="true"/>
		<feat xlink:href="#sSpan5558" value="true"/>
		<feat xlink:href="#sSpan5572" value="true"/>
		<feat xlink:href="#sSpan5686" value="true"/>
		<feat xlink:href="#sSpan5792" value="true"/>
		<feat xlink:href="#sSpan5968" value="true"/>
		<feat xlink:href="#sSpan6013" value="true"/>
		<feat xlink:href="#sSpan6101" value="true"/>
		<feat xlink:href="#sSpan6233" value="true"/>
		<feat xlink:href="#sSpan6322" value="true"/>
		<feat xlink:href="#sSpan6350" value="true"/>
		<feat xlink:href="#sSpan6382" value="true"/>
		<feat xlink:href="#sSpan6414" value="true"/>
		<feat xlink:href="#sSpan6552" value="true"/>
		<feat xlink:href="#sSpan6811" value="true"/>
		<feat xlink:href="#sSpan6867" value="true"/>
		<feat xlink:href="#sSpan6985" value="true"/>
		<feat xlink:href="#sSpan7091" value="true"/>
		<feat xlink:href="#sSpan7286" value="true"/>
		<feat xlink:href="#sSpan7328" value="true"/>
		<feat xlink:href="#sSpan7404" value="true"/>
		<feat xlink:href="#sSpan7483" value="true"/>
		<feat xlink:href="#sSpan7559" value="true"/>
		<feat xlink:href="#sSpan7639" value="true"/>
		<feat xlink:href="#sSpan7748" value="true"/>
		<feat xlink:href="#sSpan7834" value="true"/>
		<feat xlink:href="#sSpan7859" value="true"/>
		<feat xlink:href="#sSpan7968" value="true"/>
		<feat xlink:href="#sSpan8023" value="true"/>
		<feat xlink:href="#sSpan8110" value="true"/>
		<feat xlink:href="#sSpan8170" value="true"/>
		<feat xlink:href="#sSpan8234" value="true"/>
		<feat xlink:href="#sSpan8423" value="true"/>
		<feat xlink:href="#sSpan8534" value="true"/>
		<feat xlink:href="#sSpan8582" value="true"/>
		<feat xlink:href="#sSpan8614" value="true"/>
		<feat xlink:href="#sSpan8641" value="true"/>
		<feat xlink:href="#sSpan8744" value="true"/>
		<feat xlink:href="#sSpan8825" value="true"/>
		<feat xlink:href="#sSpan8930" value="true"/>
		<feat xlink:href="#sSpan8991" value="true"/>
		<feat xlink:href="#sSpan9145" value="true"/>
		<feat xlink:href="#sSpan9238" value="true"/>
		<feat xlink:href="#sSpan9295" value="true"/>
		<feat xlink:href="#sSpan9415" value="true"/>
		<feat xlink:href="#sSpan9504" value="true"/>
		<feat xlink:href="#sSpan9546" value="true"/>
		<feat xlink:href="#sSpan9643" value="true"/>
		<feat xlink:href="#sSpan9718" value="true"/>
		<feat xlink:href="#sSpan9753" value="true"/>
		<feat xlink:href="#sSpan9810" value="true"/>
		<feat xlink:href="#sSpan9838" value="true"/>
		<feat xlink:href="#sSpan9963" value="true"/>
		<feat xlink:href="#sSpan10063" value="true"/>
		<feat xlink:href="#sSpan10111" value="true"/>
		<feat xlink:href="#sSpan10158" value="true"/>
		<feat xlink:href="#sSpan10342" value="true"/>
		<feat xlink:href="#sSpan10402" value="true"/>
		<feat xlink:href="#sSpan10535" value="true"/>
		<feat xlink:href="#sSpan10615" value="true"/>
		<feat xlink:href="#sSpan10675" value="true"/>
		<feat xlink:href="#sSpan10708" value="true"/>
		<feat xlink:href="#sSpan10782" value="true"/>
		<feat xlink:href="#sSpan10886" value="true"/>
		<feat xlink:href="#sSpan10962" value="true"/>
		<feat xlink:href="#sSpan11058" value="true"/>
		<feat xlink:href="#sSpan11152" value="true"/>
		<feat xlink:href="#sSpan11189" value="true"/>
		<feat xlink:href="#sSpan11314" value="true"/>
		<feat xlink:href="#sSpan11371" value="true"/>
		<feat xlink:href="#sSpan11422" value="true"/>
		<feat xlink:href="#sSpan11487" value="true"/>
		<feat xlink:href="#sSpan11557" value="true"/>
		<feat xlink:href="#sSpan11657" value="true"/>
		<feat xlink:href="#sSpan11720" value="true"/>
		<feat xlink:href="#sSpan11860" value="true"/>
		<feat xlink:href="#sSpan11940" value="true"/>
		<feat xlink:href="#sSpan12072" value="true"/>
		<feat xlink:href="#sSpan12117" value="true"/></featList></paula>