<?xml version="1.0" encoding="UTF-8" standalone="no"?>
<!DOCTYPE paula SYSTEM "paula_struct.dtd">

<paula version="1.0">
 <header paula_id="Abraham.YA518-520_merge.annoSet" />
 <structList xmlns:xlink="http://www.w3.org/1999/xlink" type="annoSet">
  <struct id="anno_1">
   <rel id="rel_1" xlink:href="Abraham.YA518-520_merge.text.xml" />
   <rel id="rel_2" xlink:href="Abraham.YA518-520_merge.tok.xml" />
   <rel id="rel_3" xlink:href="Abraham.YA518-520_merge.cbSeg_cb.xml" />
   <rel id="rel_4" xlink:href="Abraham.YA518-520_merge.cbSeg.xml" />
   <rel id="rel_5" xlink:href="Abraham.YA518-520_merge.lbSeg_lb.xml" />
   <rel id="rel_6" xlink:href="Abraham.YA518-520_merge.lbSeg.xml" />
   <rel id="rel_7" xlink:href="Abraham.YA518-520_merge.pb_xml_idSeg_pb_xml_id.xml" />
   <rel id="rel_8" xlink:href="Abraham.YA518-520_merge.pb_xml_idSeg.xml" />
   <rel id="rel_9" xlink:href="Abraham.YA518-520_merge.dipl_wordSeg_dipl_word.xml" />
   <rel id="rel_10" xlink:href="Abraham.YA518-520_merge.dipl_wordSeg.xml" />
   <rel id="rel_11" xlink:href="Abraham.YA518-520_merge.diplSeg_dipl.xml" />
   <rel id="rel_12" xlink:href="Abraham.YA518-520_merge.diplSeg.xml" />
   <rel id="rel_13" xlink:href="Abraham.YA518-520_merge.normSeg_norm.xml" />
   <rel id="rel_14" xlink:href="Abraham.YA518-520_merge.normSeg.xml" />
   <rel id="rel_15" xlink:href="Abraham.YA518-520_merge.posSeg_pos.xml" />
   <rel id="rel_16" xlink:href="Abraham.YA518-520_merge.posSeg.xml" />
   <rel id="rel_17" xlink:href="Abraham.YA518-520_merge.originSeg_origin.xml" />
   <rel id="rel_18" xlink:href="Abraham.YA518-520_merge.originSeg.xml" />
   <rel id="rel_19" xlink:href="Abraham.YA518-520_merge.translationSeg_translation.xml" />
   <rel id="rel_20" xlink:href="Abraham.YA518-520_merge.translationSeg.xml" />
   <rel id="rel_21" xlink:href="Abraham.YA518-520_merge.pSeg_p.xml" />
   <rel id="rel_22" xlink:href="Abraham.YA518-520_merge.pSeg.xml" />
   <rel id="rel_23" xlink:href="Abraham.YA518-520_merge.hi_rendSeg_hi_rend.xml" />
   <rel id="rel_24" xlink:href="Abraham.YA518-520_merge.hi_rendSeg.xml" />
  </struct>
 </structList>
</paula>