<?xml version="1.0" encoding="UTF-8" standalone="no"?>

<!DOCTYPE paula SYSTEM "paula_feat.dtd">
<paula version="1.0">

<header paula_id="sahidica.nt.1_Corinthians_1_lang"/>

<featList xmlns:xlink="http://www.w3.org/1999/xlink" type="lang" xml:base="sahidica.nt.1_Corinthians_1.langSeg.xml">
<feat xlink:href="#lang_1" value="Greek"/><!-- ⲡⲁⲩⲗⲟⲥ -->
<feat xlink:href="#lang_3" value="Greek"/><!-- ⲁⲡⲟⲥⲧⲟⲗⲟⲥ -->
<feat xlink:href="#lang_8" value="Greek"/><!-- ⲭⲣⲓⲥⲧⲟⲥ -->
<feat xlink:href="#lang_9" value="Hebrew"/><!-- ⲓⲏⲥⲟⲩⲥ -->
<feat xlink:href="#lang_17" value="Greek"/><!-- ⲥⲱⲥⲑⲉⲛⲏⲥ -->
<feat xlink:href="#lang_25" value="Greek"/><!-- ⲉⲕⲕⲗⲏⲥⲓⲁ -->
<feat xlink:href="#lang_33" value="Greek"/><!-- ⲕⲟⲣⲓⲛⲑⲟⲥ -->
<feat xlink:href="#lang_40" value="Greek"/><!-- ⲭⲣⲓⲥⲧⲟⲥ -->
<feat xlink:href="#lang_41" value="Hebrew"/><!-- ⲓⲏⲥⲟⲩⲥ -->
<feat xlink:href="#lang_52" value="Greek"/><!-- ⲉⲡⲓⲕⲁⲗⲉⲓ -->
<feat xlink:href="#lang_59" value="Hebrew"/><!-- ⲓⲏⲥⲟⲩⲥ -->
<feat xlink:href="#lang_61" value="Greek"/><!-- ⲭⲣⲓⲥⲧⲟⲥ -->
<feat xlink:href="#lang_85" value="Hebrew"/><!-- ⲓⲏⲥⲟⲩⲥ -->
<feat xlink:href="#lang_87" value="Greek"/><!-- ⲭⲣⲓⲥⲧⲟⲥ -->
<feat xlink:href="#lang_116" value="Greek"/><!-- ⲭⲣⲓⲥⲧⲟⲥ -->
<feat xlink:href="#lang_117" value="Hebrew"/><!-- ⲓⲏⲥⲟⲩⲥ -->
<feat xlink:href="#lang_135" value="Greek"/><!-- ⲕⲁⲧⲁ -->
<feat xlink:href="#lang_148" value="Greek"/><!-- ϩⲱⲥⲧⲉ -->
<feat xlink:href="#lang_169" value="Hebrew"/><!-- ⲓⲏⲥⲟⲩⲥ -->
<feat xlink:href="#lang_171" value="Greek"/><!-- ⲭⲣⲓⲥⲧⲟⲥ -->
<feat xlink:href="#lang_194" value="Hebrew"/><!-- ⲓⲏⲥⲟⲩⲥ -->
<feat xlink:href="#lang_196" value="Greek"/><!-- ⲭⲣⲓⲥⲧⲟⲥ -->
<feat xlink:href="#lang_199" value="Greek"/><!-- ⲡⲓⲥⲧⲟⲥ -->
<feat xlink:href="#lang_215" value="Hebrew"/><!-- ⲓⲏⲥⲟⲩⲥ -->
<feat xlink:href="#lang_217" value="Greek"/><!-- ⲭⲣⲓⲥⲧⲟⲥ -->
<feat xlink:href="#lang_222" value="Greek"/><!-- ⲡⲁⲣⲁⲕⲁⲗⲉⲓ -->
<feat xlink:href="#lang_223" value="Greek"/><!-- ⲇⲉ -->
<feat xlink:href="#lang_235" value="Hebrew"/><!-- ⲓⲏⲥⲟⲩⲥ -->
<feat xlink:href="#lang_237" value="Greek"/><!-- ⲭⲣⲓⲥⲧⲟⲥ -->
<feat xlink:href="#lang_256" value="Greek"/><!-- ⲇⲉ -->
<feat xlink:href="#lang_267" value="Greek"/><!-- ⲅⲛⲱⲙⲏ -->
<feat xlink:href="#lang_275" value="Greek"/><!-- ⲅⲁⲣ -->
<feat xlink:href="#lang_285" value="Greek"/><!-- ⲟⲩⲛ -->
<feat xlink:href="#lang_293" value="Greek"/><!-- ⲇⲉ -->
<feat xlink:href="#lang_308" value="Greek"/><!-- ⲙⲉⲛ -->
<feat xlink:href="#lang_311" value="Greek"/><!-- ⲡⲁⲩⲗⲟⲥ -->
<feat xlink:href="#lang_313" value="Greek"/><!-- ⲇⲉ -->
<feat xlink:href="#lang_318" value="Greek"/><!-- ⲇⲉ -->
<feat xlink:href="#lang_321" value="Greek"/><!-- ⲕⲏⲫⲁ -->
<feat xlink:href="#lang_323" value="Greek"/><!-- ⲇⲉ -->
<feat xlink:href="#lang_327" value="Greek"/><!-- ⲭⲣⲓⲥⲧⲟⲥ -->
<feat xlink:href="#lang_329" value="Greek"/><!-- ⲙⲏ -->
<feat xlink:href="#lang_336" value="Greek"/><!-- ⲭⲣⲓⲥⲧⲟⲥ -->
<feat xlink:href="#lang_338" value="Greek"/><!-- ⲙⲏ -->
<feat xlink:href="#lang_342" value="Greek"/><!-- ⲥⲧⲁⲩⲣⲟⲩ -->
<feat xlink:href="#lang_344" value="Greek"/><!-- ⲡⲁⲩⲗⲟⲥ -->
<feat xlink:href="#lang_349" value="Greek"/><!-- ⲃⲁⲡⲧⲓⲥⲙⲁ -->
<feat xlink:href="#lang_354" value="Greek"/><!-- ⲡⲁⲩⲗⲟⲥ -->
<feat xlink:href="#lang_361" value="Greek"/><!-- ⲃⲁⲡⲧⲓⲍⲉ -->
<feat xlink:href="#lang_367" value="Greek"/><!-- ⲕⲣⲓⲥⲡⲟⲥ -->
<feat xlink:href="#lang_369" value="Greek"/><!-- ⲅⲁⲓⲟⲥ -->
<feat xlink:href="#lang_380" value="Greek"/><!-- ⲃⲁⲡⲧⲓⲍⲉ -->
<feat xlink:href="#lang_387" value="Greek"/><!-- ⲃⲁⲡⲧⲓⲍⲉ -->
<feat xlink:href="#lang_388" value="Greek"/><!-- ⲇⲉ -->
<feat xlink:href="#lang_401" value="Greek"/><!-- ⲃⲁⲡⲧⲓⲍⲉ -->
<feat xlink:href="#lang_407" value="Greek"/><!-- ⲭⲣⲓⲥⲧⲟⲥ -->
<feat xlink:href="#lang_408" value="Greek"/><!-- ⲅⲁⲣ -->
<feat xlink:href="#lang_413" value="Greek"/><!-- ⲃⲁⲡⲧⲓⲍⲉ -->
<feat xlink:href="#lang_414" value="Greek"/><!-- ⲁⲗⲗⲁ -->
<feat xlink:href="#lang_419" value="Greek"/><!-- ⲥⲟⲫⲓⲁ -->
<feat xlink:href="#lang_433" value="Greek"/><!-- ⲥⲧⲁⲩⲣⲟⲥ -->
<feat xlink:href="#lang_436" value="Greek"/><!-- ⲭⲣⲓⲥⲧⲟⲥ -->
<feat xlink:href="#lang_440" value="Greek"/><!-- ⲅⲁⲣ -->
<feat xlink:href="#lang_443" value="Greek"/><!-- ⲥⲧⲁⲩⲣⲟⲥ -->
<feat xlink:href="#lang_446" value="Greek"/><!-- ⲙⲉⲛ -->
<feat xlink:href="#lang_457" value="Greek"/><!-- ⲇⲉ -->
<feat xlink:href="#lang_472" value="Greek"/><!-- ⲅⲁⲣ -->
<feat xlink:href="#lang_479" value="Greek"/><!-- ⲥⲟⲫⲓⲁ -->
<feat xlink:href="#lang_482" value="Greek"/><!-- ⲥⲟⲫⲟⲥ -->
<feat xlink:href="#lang_495" value="Greek"/><!-- ⲥⲟⲫⲟⲥ -->
<feat xlink:href="#lang_499" value="Greek"/><!-- ⲅⲣⲁⲙⲙⲁⲧⲉⲩⲥ -->
<feat xlink:href="#lang_503" value="Greek"/><!-- ⲥⲩⲛⲍⲏⲧⲏⲧⲏⲥ -->
<feat xlink:href="#lang_506" value="Greek"/><!-- ⲁⲓⲱⲛ -->
<feat xlink:href="#lang_507" value="Greek"/><!-- ⲙⲏ -->
<feat xlink:href="#lang_514" value="Greek"/><!-- ⲥⲟⲫⲓⲁ -->
<feat xlink:href="#lang_517" value="Greek"/><!-- ⲕⲟⲥⲙⲟⲥ -->
<feat xlink:href="#lang_521" value="Greek"/><!-- ⲉⲡⲉⲓⲇⲏ -->
<feat xlink:href="#lang_522" value="Greek"/><!-- ⲅⲁⲣ -->
<feat xlink:href="#lang_525" value="Greek"/><!-- ⲥⲟⲫⲓⲁ -->
<feat xlink:href="#lang_531" value="Greek"/><!-- ⲕⲟⲥⲙⲟⲥ -->
<feat xlink:href="#lang_537" value="Greek"/><!-- ⲥⲟⲫⲓⲁ -->
<feat xlink:href="#lang_543" value="Greek"/><!-- ⲇⲉ -->
<feat xlink:href="#lang_552" value="Greek"/><!-- ⲡⲓⲥⲧⲉⲩⲉ -->
<feat xlink:href="#lang_560" value="Greek"/><!-- ⲉⲡⲉⲓⲇⲏ -->
<feat xlink:href="#lang_570" value="Greek"/><!-- ϩⲉⲗⲗⲏⲛ -->
<feat xlink:href="#lang_571" value="Greek"/><!-- ⲇⲉ -->
<feat xlink:href="#lang_577" value="Greek"/><!-- ⲥⲟⲫⲓⲁ -->
<feat xlink:href="#lang_580" value="Greek"/><!-- ⲇⲉ -->
<feat xlink:href="#lang_584" value="Greek"/><!-- ⲭⲣⲓⲥⲧⲟⲥ -->
<feat xlink:href="#lang_588" value="Greek"/><!-- ⲥⲧⲁⲩⲣⲟⲩ -->
<feat xlink:href="#lang_594" value="Greek"/><!-- ⲙⲉⲛ -->
<feat xlink:href="#lang_596" value="Greek"/><!-- ⲥⲕⲁⲛⲇⲁⲗⲟⲛ -->
<feat xlink:href="#lang_603" value="Greek"/><!-- ⲇⲉ -->
<feat xlink:href="#lang_607" value="Greek"/><!-- ϩⲉⲑⲛⲟⲥ -->
<feat xlink:href="#lang_611" value="Greek"/><!-- ⲇⲉ -->
<feat xlink:href="#lang_616" value="Greek"/><!-- ϩⲉⲗⲗⲏⲛ -->
<feat xlink:href="#lang_618" value="Greek"/><!-- ⲭⲣⲓⲥⲧⲟⲥ -->
<feat xlink:href="#lang_629" value="Greek"/><!-- ⲥⲟⲫⲓⲁ -->
<feat xlink:href="#lang_664" value="Greek"/><!-- ⲅⲁⲣ -->
<feat xlink:href="#lang_674" value="Greek"/><!-- ⲥⲟⲫⲟⲥ -->
<feat xlink:href="#lang_677" value="Greek"/><!-- ⲕⲁⲧⲁ -->
<feat xlink:href="#lang_678" value="Greek"/><!-- ⲥⲁⲣⲝ -->
<feat xlink:href="#lang_683" value="Greek"/><!-- ⲇⲩⲛⲁⲧⲟⲥ -->
<feat xlink:href="#lang_688" value="Greek"/><!-- ⲉⲩⲅⲉⲛⲏⲥ -->
<feat xlink:href="#lang_690" value="Greek"/><!-- ⲁⲗⲗⲁ -->
<feat xlink:href="#lang_695" value="Greek"/><!-- ⲕⲟⲥⲙⲟⲥ -->
<feat xlink:href="#lang_713" value="Greek"/><!-- ⲕⲟⲥⲙⲟⲥ -->
<feat xlink:href="#lang_732" value="Greek"/><!-- ⲕⲟⲥⲙⲟⲥ -->
<feat xlink:href="#lang_748" value="Greek"/><!-- ⲕⲁⲧⲁⲣⲅⲉⲓ -->
<feat xlink:href="#lang_758" value="Greek"/><!-- ⲥⲁⲣⲝ -->
<feat xlink:href="#lang_771" value="Greek"/><!-- ⲇⲉ -->
<feat xlink:href="#lang_778" value="Greek"/><!-- ⲭⲣⲓⲥⲧⲟⲥ -->
<feat xlink:href="#lang_779" value="Hebrew"/><!-- ⲓⲏⲥⲟⲩⲥ -->
<feat xlink:href="#lang_788" value="Greek"/><!-- ⲥⲟⲫⲓⲁ -->
<feat xlink:href="#lang_802" value="Greek"/><!-- ⲕⲁⲧⲁ -->
</featList>
</paula>
