<?xml version='1.0' encoding='UTF-8'?><!DOCTYPE paula SYSTEM "paula_feat.dtd">
<paula version="1.1">
	<header paula_id="scriptorium.life.pisentius.03.mark_new_sent"/>
	<featList xmlns:xlink="http://www.w3.org/1999/xlink" type="new_sent" xml:base="scriptorium.life.pisentius.03.mark.xml">
		<feat xlink:href="#sSpan1" value="true"/>
		<feat xlink:href="#sSpan27" value="true"/>
		<feat xlink:href="#sSpan99" value="true"/>
		<feat xlink:href="#sSpan151" value="true"/>
		<feat xlink:href="#sSpan259" value="true"/>
		<feat xlink:href="#sSpan372" value="true"/>
		<feat xlink:href="#sSpan446" value="true"/>
		<feat xlink:href="#sSpan512" value="true"/>
		<feat xlink:href="#sSpan651" value="true"/>
		<feat xlink:href="#sSpan732" value="true"/>
		<feat xlink:href="#sSpan788" value="true"/>
		<feat xlink:href="#sSpan850" value="true"/>
		<feat xlink:href="#sSpan927" value="true"/>
		<feat xlink:href="#sSpan1024" value="true"/>
		<feat xlink:href="#sSpan1097" value="true"/>
		<feat xlink:href="#sSpan1216" value="true"/>
		<feat xlink:href="#sSpan1412" value="true"/>
		<feat xlink:href="#sSpan1523" value="true"/>
		<feat xlink:href="#sSpan1715" value="true"/>
		<feat xlink:href="#sSpan1868" value="true"/>
		<feat xlink:href="#sSpan1945" value="true"/>
		<feat xlink:href="#sSpan2008" value="true"/>
		<feat xlink:href="#sSpan2050" value="true"/>
		<feat xlink:href="#sSpan2143" value="true"/>
		<feat xlink:href="#sSpan2225" value="true"/>
		<feat xlink:href="#sSpan2321" value="true"/>
		<feat xlink:href="#sSpan2424" value="true"/>
		<feat xlink:href="#sSpan2524" value="true"/>
		<feat xlink:href="#sSpan2639" value="true"/>
		<feat xlink:href="#sSpan2707" value="true"/>
		<feat xlink:href="#sSpan2757" value="true"/>
		<feat xlink:href="#sSpan2920" value="true"/>
		<feat xlink:href="#sSpan2999" value="true"/>
		<feat xlink:href="#sSpan3069" value="true"/>
		<feat xlink:href="#sSpan3129" value="true"/>
		<feat xlink:href="#sSpan3244" value="true"/>
		<feat xlink:href="#sSpan3485" value="true"/>
		<feat xlink:href="#sSpan3550" value="true"/>
		<feat xlink:href="#sSpan3653" value="true"/>
		<feat xlink:href="#sSpan3721" value="true"/>
		<feat xlink:href="#sSpan3812" value="true"/>
		<feat xlink:href="#sSpan3922" value="true"/>
		<feat xlink:href="#sSpan4108" value="true"/>
		<feat xlink:href="#sSpan4136" value="true"/>
		<feat xlink:href="#sSpan4213" value="true"/>
		<feat xlink:href="#sSpan4276" value="true"/>
		<feat xlink:href="#sSpan4397" value="true"/>
		<feat xlink:href="#sSpan4514" value="true"/>
		<feat xlink:href="#sSpan4579" value="true"/>
		<feat xlink:href="#sSpan4736" value="true"/>
		<feat xlink:href="#sSpan5042" value="true"/>
		<feat xlink:href="#sSpan5152" value="true"/>
		<feat xlink:href="#sSpan5207" value="true"/>
		<feat xlink:href="#sSpan5277" value="true"/>
		<feat xlink:href="#sSpan5513" value="true"/>
		<feat xlink:href="#sSpan5588" value="true"/>
		<feat xlink:href="#sSpan5678" value="true"/>
		<feat xlink:href="#sSpan5760" value="true"/>
		<feat xlink:href="#sSpan5812" value="true"/>
		<feat xlink:href="#sSpan5890" value="true"/>
		<feat xlink:href="#sSpan5940" value="true"/>
		<feat xlink:href="#sSpan6006" value="true"/>
		<feat xlink:href="#sSpan6049" value="true"/>
		<feat xlink:href="#sSpan6201" value="true"/>
		<feat xlink:href="#sSpan6315" value="true"/>
		<feat xlink:href="#sSpan6374" value="true"/>
		<feat xlink:href="#sSpan6460" value="true"/>
		<feat xlink:href="#sSpan6668" value="true"/>
		<feat xlink:href="#sSpan6889" value="true"/>
		<feat xlink:href="#sSpan7055" value="true"/>
		<feat xlink:href="#sSpan7218" value="true"/>
		<feat xlink:href="#sSpan7340" value="true"/>
		<feat xlink:href="#sSpan7404" value="true"/>
		<feat xlink:href="#sSpan7498" value="true"/>
		<feat xlink:href="#sSpan7605" value="true"/>
		<feat xlink:href="#sSpan7668" value="true"/>
		<feat xlink:href="#sSpan7763" value="true"/>
		<feat xlink:href="#sSpan7945" value="true"/>
		<feat xlink:href="#sSpan7997" value="true"/>
		<feat xlink:href="#sSpan8104" value="true"/>
		<feat xlink:href="#sSpan8177" value="true"/>
		<feat xlink:href="#sSpan8201" value="true"/>
		<feat xlink:href="#sSpan8345" value="true"/>
		<feat xlink:href="#sSpan8508" value="true"/>
		<feat xlink:href="#sSpan8570" value="true"/>
		<feat xlink:href="#sSpan8653" value="true"/>
		<feat xlink:href="#sSpan8817" value="true"/>
		<feat xlink:href="#sSpan8854" value="true"/>
		<feat xlink:href="#sSpan8923" value="true"/>
		<feat xlink:href="#sSpan9004" value="true"/>
		<feat xlink:href="#sSpan9031" value="true"/>
		<feat xlink:href="#sSpan9073" value="true"/>
		<feat xlink:href="#sSpan9117" value="true"/>
		<feat xlink:href="#sSpan9165" value="true"/>
		<feat xlink:href="#sSpan9252" value="true"/>
		<feat xlink:href="#sSpan9303" value="true"/>
		<feat xlink:href="#sSpan9463" value="true"/>
		<feat xlink:href="#sSpan9585" value="true"/>
		<feat xlink:href="#sSpan9635" value="true"/>
		<feat xlink:href="#sSpan9744" value="true"/>
		<feat xlink:href="#sSpan9790" value="true"/>
		<feat xlink:href="#sSpan9839" value="true"/>
		<feat xlink:href="#sSpan9934" value="true"/>
		<feat xlink:href="#sSpan10027" value="true"/>
		<feat xlink:href="#sSpan10124" value="true"/>
		<feat xlink:href="#sSpan10214" value="true"/>
		<feat xlink:href="#sSpan10282" value="true"/>
		<feat xlink:href="#sSpan10417" value="true"/>
		<feat xlink:href="#sSpan10453" value="true"/>
		<feat xlink:href="#sSpan10512" value="true"/>
		<feat xlink:href="#sSpan10572" value="true"/>
		<feat xlink:href="#sSpan10614" value="true"/>
		<feat xlink:href="#sSpan10713" value="true"/>
		<feat xlink:href="#sSpan10791" value="true"/>
		<feat xlink:href="#sSpan10844" value="true"/>
		<feat xlink:href="#sSpan10933" value="true"/>
		<feat xlink:href="#sSpan10973" value="true"/>
		<feat xlink:href="#sSpan11052" value="true"/>
		<feat xlink:href="#sSpan11084" value="true"/>
		<feat xlink:href="#sSpan11217" value="true"/>
		<feat xlink:href="#sSpan11251" value="true"/>
		<feat xlink:href="#sSpan11345" value="true"/>
		<feat xlink:href="#sSpan11476" value="true"/>
		<feat xlink:href="#sSpan11554" value="true"/>
		<feat xlink:href="#sSpan11625" value="true"/>
		<feat xlink:href="#sSpan11734" value="true"/>
		<feat xlink:href="#sSpan11812" value="true"/>
		<feat xlink:href="#sSpan11867" value="true"/>
		<feat xlink:href="#sSpan11903" value="true"/>
		<feat xlink:href="#sSpan12009" value="true"/>
		<feat xlink:href="#sSpan12045" value="true"/>
		<feat xlink:href="#sSpan12106" value="true"/>
		<feat xlink:href="#sSpan12177" value="true"/>
		<feat xlink:href="#sSpan12255" value="true"/>
		<feat xlink:href="#sSpan12306" value="true"/>
		<feat xlink:href="#sSpan12402" value="true"/>
		<feat xlink:href="#sSpan12697" value="true"/>
		<feat xlink:href="#sSpan12791" value="true"/>
		<feat xlink:href="#sSpan12840" value="true"/>
		<feat xlink:href="#sSpan12926" value="true"/>
		<feat xlink:href="#sSpan13090" value="true"/>
		<feat xlink:href="#sSpan13128" value="true"/>
		<feat xlink:href="#sSpan13213" value="true"/>
		<feat xlink:href="#sSpan13315" value="true"/>
		<feat xlink:href="#sSpan13360" value="true"/>
		<feat xlink:href="#sSpan13414" value="true"/>
		<feat xlink:href="#sSpan13670" value="true"/>
		<feat xlink:href="#sSpan13721" value="true"/>
		<feat xlink:href="#sSpan13794" value="true"/>
		<feat xlink:href="#sSpan13904" value="true"/>
		<feat xlink:href="#sSpan14037" value="true"/>
		<feat xlink:href="#sSpan14201" value="true"/>
		<feat xlink:href="#sSpan14401" value="true"/>
		<feat xlink:href="#sSpan14539" value="true"/>
		<feat xlink:href="#sSpan14598" value="true"/>
		<feat xlink:href="#sSpan14791" value="true"/>
		<feat xlink:href="#sSpan14824" value="true"/>
		<feat xlink:href="#sSpan14882" value="true"/>
		<feat xlink:href="#sSpan14931" value="true"/>
		<feat xlink:href="#sSpan14978" value="true"/>
		<feat xlink:href="#sSpan15085" value="true"/>
		<feat xlink:href="#sSpan15184" value="true"/>
		<feat xlink:href="#sSpan15252" value="true"/>
		<feat xlink:href="#sSpan15322" value="true"/>
		<feat xlink:href="#sSpan15419" value="true"/>
		<feat xlink:href="#sSpan15468" value="true"/>
		<feat xlink:href="#sSpan15569" value="true"/>
		<feat xlink:href="#sSpan15696" value="true"/>
		<feat xlink:href="#sSpan15773" value="true"/>
		<feat xlink:href="#sSpan15864" value="true"/>
		<feat xlink:href="#sSpan15966" value="true"/>
		<feat xlink:href="#sSpan16047" value="true"/>
		<feat xlink:href="#sSpan16144" value="true"/>
		<feat xlink:href="#sSpan16212" value="true"/>
		<feat xlink:href="#sSpan16301" value="true"/>
		<feat xlink:href="#sSpan16580" value="true"/>
		<feat xlink:href="#sSpan16738" value="true"/>
		<feat xlink:href="#sSpan16771" value="true"/>
		<feat xlink:href="#sSpan16952" value="true"/>
		<feat xlink:href="#sSpan17068" value="true"/>
		<feat xlink:href="#sSpan17166" value="true"/>
		<feat xlink:href="#sSpan17255" value="true"/>
		<feat xlink:href="#sSpan17304" value="true"/>
		<feat xlink:href="#sSpan17368" value="true"/>
		<feat xlink:href="#sSpan17451" value="true"/>
		<feat xlink:href="#sSpan17498" value="true"/>
		<feat xlink:href="#sSpan17547" value="true"/>
		<feat xlink:href="#sSpan17631" value="true"/>
		<feat xlink:href="#sSpan17710" value="true"/>
		<feat xlink:href="#sSpan17777" value="true"/>
		<feat xlink:href="#sSpan17846" value="true"/>
		<feat xlink:href="#sSpan17913" value="true"/>
		<feat xlink:href="#sSpan18114" value="true"/>
		<feat xlink:href="#sSpan18298" value="true"/>
		<feat xlink:href="#sSpan18351" value="true"/>
		<feat xlink:href="#sSpan18537" value="true"/>
		<feat xlink:href="#sSpan18696" value="true"/>
		<feat xlink:href="#sSpan18764" value="true"/>
		<feat xlink:href="#sSpan18929" value="true"/>
		<feat xlink:href="#sSpan19008" value="true"/>
		<feat xlink:href="#sSpan19048" value="true"/>
		<feat xlink:href="#sSpan19074" value="true"/>
		<feat xlink:href="#sSpan19115" value="true"/>
		<feat xlink:href="#sSpan19203" value="true"/>
		<feat xlink:href="#sSpan19435" value="true"/>
		<feat xlink:href="#sSpan19507" value="true"/>
		<feat xlink:href="#sSpan19611" value="true"/>
		<feat xlink:href="#sSpan19707" value="true"/>
		<feat xlink:href="#sSpan19764" value="true"/>
		<feat xlink:href="#sSpan19840" value="true"/>
		<feat xlink:href="#sSpan19907" value="true"/>
		<feat xlink:href="#sSpan19992" value="true"/>
		<feat xlink:href="#sSpan20057" value="true"/>
		<feat xlink:href="#sSpan20170" value="true"/>
		<feat xlink:href="#sSpan20229" value="true"/>
		<feat xlink:href="#sSpan20299" value="true"/>
		<feat xlink:href="#sSpan20343" value="true"/>
		<feat xlink:href="#sSpan20388" value="true"/>
		<feat xlink:href="#sSpan20549" value="true"/>
		<feat xlink:href="#sSpan20747" value="true"/>
		<feat xlink:href="#sSpan20934" value="true"/>
		<feat xlink:href="#sSpan20982" value="true"/>
		<feat xlink:href="#sSpan21147" value="true"/>
		<feat xlink:href="#sSpan21256" value="true"/>
		<feat xlink:href="#sSpan21299" value="true"/>
		<feat xlink:href="#sSpan21368" value="true"/>
		<feat xlink:href="#sSpan21405" value="true"/>
		<feat xlink:href="#sSpan21589" value="true"/>
		<feat xlink:href="#sSpan21683" value="true"/>
		<feat xlink:href="#sSpan21798" value="true"/>
		<feat xlink:href="#sSpan21883" value="true"/>
		<feat xlink:href="#sSpan22023" value="true"/>
		<feat xlink:href="#sSpan22068" value="true"/>
		<feat xlink:href="#sSpan22164" value="true"/>
		<feat xlink:href="#sSpan22239" value="true"/>
		<feat xlink:href="#sSpan22307" value="true"/>
		<feat xlink:href="#sSpan22365" value="true"/>
		<feat xlink:href="#sSpan22533" value="true"/>
		<feat xlink:href="#sSpan22617" value="true"/>
		<feat xlink:href="#sSpan22756" value="true"/>
		<feat xlink:href="#sSpan22799" value="true"/>
		<feat xlink:href="#sSpan22987" value="true"/>
		<feat xlink:href="#sSpan23035" value="true"/>
		<feat xlink:href="#sSpan23137" value="true"/>
		<feat xlink:href="#sSpan23217" value="true"/>
		<feat xlink:href="#sSpan23340" value="true"/>
		<feat xlink:href="#sSpan23465" value="true"/>
		<feat xlink:href="#sSpan23551" value="true"/>
		<feat xlink:href="#sSpan23593" value="true"/>
		<feat xlink:href="#sSpan23632" value="true"/>
		<feat xlink:href="#sSpan23669" value="true"/>
		<feat xlink:href="#sSpan23733" value="true"/>
		<feat xlink:href="#sSpan23806" value="true"/>
		<feat xlink:href="#sSpan23855" value="true"/>
		<feat xlink:href="#sSpan24031" value="true"/>
		<feat xlink:href="#sSpan24214" value="true"/>
		<feat xlink:href="#sSpan24425" value="true"/></featList></paula>