<?xml version='1.0' encoding='UTF-8'?><!DOCTYPE paula SYSTEM "paula_feat.dtd">
<paula version="1.1">
	<header paula_id="scriptorium.AP_001_n135_mother.mark_supplied_reason"/>
	<featList xmlns:xlink="http://www.w3.org/1999/xlink" type="supplied_reason" xml:base="scriptorium.AP_001_n135_mother.mark.xml">
		<feat xlink:href="#sSpan688" value="lost"/>
		<feat xlink:href="#sSpan711" value="lost"/>
		<feat xlink:href="#sSpan722" value="lost"/>
		<feat xlink:href="#sSpan760" value="lost"/>
		<feat xlink:href="#sSpan825" value="lost"/>
		<feat xlink:href="#sSpan843" value="lost"/>
		<feat xlink:href="#sSpan859" value="lost"/>
		<feat xlink:href="#sSpan877" value="lost"/>
		<feat xlink:href="#sSpan882" value="lost"/></featList></paula>