<?xml version='1.0' encoding='UTF-8'?><!DOCTYPE paula SYSTEM "paula_feat.dtd">
<paula version="1.1">
	<header paula_id="scriptorium.AP_001_n135_mother.mark_norm"/>
	<featList xmlns:xlink="http://www.w3.org/1999/xlink" type="norm" xml:base="scriptorium.AP_001_n135_mother.mark.xml">
		<feat xlink:href="#sSpan1" value="ⲉⲩⲉ"/>
		<feat xlink:href="#sSpan10" value="ⲉ"/>
		<feat xlink:href="#sSpan14" value="ϥ"/>
		<feat xlink:href="#sSpan17" value="ϫⲱ"/>
		<feat xlink:href="#sSpan19" value="ⲙⲙⲟ"/>
		<feat xlink:href="#sSpan23" value="ⲥ"/>
		<feat xlink:href="#sSpan26" value="."/>
		<feat xlink:href="#sSpan30" value="ϫⲉ"/>
		<feat xlink:href="#sSpan35" value="ⲉ"/>
		<feat xlink:href="#sSpan37" value="ⲓ"/>
		<feat xlink:href="#sSpan39" value="ⲟⲩⲱϣ"/>
		<feat xlink:href="#sSpan41" value="ⲉ"/>
		<feat xlink:href="#sSpan45" value="ⲧⲟⲩϫⲉ"/>
		<feat xlink:href="#sSpan48" value="ⲧⲁ"/>
		<feat xlink:href="#sSpan51" value="ⲯⲩⲭⲏ"/>
		<feat xlink:href="#sSpan54" value="."/>
		<feat xlink:href="#sSpan59" value="ⲛⲧⲟⲥ"/>
		<feat xlink:href="#sSpan66" value="ⲇⲉ"/>
		<feat xlink:href="#sSpan70" value="ⲁ"/>
		<feat xlink:href="#sSpan74" value="ⲥ"/>
		<feat xlink:href="#sSpan76" value="ϩⲓⲥⲉ"/>
		<feat xlink:href="#sSpan78" value="ⲉ"/>
		<feat xlink:href="#sSpan82" value="ⲥ"/>
		<feat xlink:href="#sSpan84" value="ϣⲱϣⲧ"/>
		<feat xlink:href="#sSpan87" value="ⲙⲙⲟ"/>
		<feat xlink:href="#sSpan91" value="ϥ"/>
		<feat xlink:href="#sSpan93" value="ⲙⲡⲉ"/>
		<feat xlink:href="#sSpan98" value="ⲥ"/>
		<feat xlink:href="#sSpan100" value="ϣϭⲙϭⲟⲙ"/>
		<feat xlink:href="#sSpan102" value="ⲉⲣⲟ"/>
		<feat xlink:href="#sSpan106" value="ϥ"/>
		<feat xlink:href="#sSpan108" value="ⲙⲛⲛⲥⲱ"/>
		<feat xlink:href="#sSpan114" value="ⲥ"/>
		<feat xlink:href="#sSpan116" value="ⲁ"/>
		<feat xlink:href="#sSpan120" value="ⲥ"/>
		<feat xlink:href="#sSpan122" value="ⲕⲁⲁ"/>
		<feat xlink:href="#sSpan124" value="ϥ"/>
		<feat xlink:href="#sSpan126" value="ⲉⲃⲟⲗ"/>
		<feat xlink:href="#sSpan133" value="."/>
		<feat xlink:href="#sSpan137" value="ⲛⲧⲉⲣⲉ"/>
		<feat xlink:href="#sSpan142" value="ϥ"/>
		<feat xlink:href="#sSpan145" value="ⲃⲱⲕ"/>
		<feat xlink:href="#sSpan149" value="ⲇⲉ"/>
		<feat xlink:href="#sSpan153" value="ⲛ"/>
		<feat xlink:href="#sSpan157" value="ϥ"/>
		<feat xlink:href="#sSpan160" value="ⲣⲙⲟⲛⲁⲭⲟⲥ"/>
		<feat xlink:href="#sSpan165" value="ⲁ"/>
		<feat xlink:href="#sSpan169" value="ϥ"/>
		<feat xlink:href="#sSpan171" value="ϣⲱⲡⲉ"/>
		<feat xlink:href="#sSpan173" value="ϩⲛ"/>
		<feat xlink:href="#sSpan177" value="ⲟⲩ"/>
		<feat xlink:href="#sSpan180" value="ⲁⲙⲉⲗⲓⲁ"/>
		<feat xlink:href="#sSpan184" value="."/>
		<feat xlink:href="#sSpan188" value="ⲁⲩⲱ"/>
		<feat xlink:href="#sSpan192" value="ⲁ"/>
		<feat xlink:href="#sSpan196" value="ϥ"/>
		<feat xlink:href="#sSpan198" value="ϫⲉ"/>
		<feat xlink:href="#sSpan201" value="ⲡⲉϥ"/>
		<feat xlink:href="#sSpan203" value="ⲁϩⲉ"/>
		<feat xlink:href="#sSpan205" value="ⲉⲃⲟⲗ"/>
		<feat xlink:href="#sSpan210" value="ⲕⲁⲕⲱⲥ"/>
		<feat xlink:href="#sSpan216" value="."/>
		<feat xlink:href="#sSpan220" value="ⲁ"/>
		<feat xlink:href="#sSpan225" value="ⲥ"/>
		<feat xlink:href="#sSpan227" value="ϣⲱⲡⲉ"/>
		<feat xlink:href="#sSpan232" value="ⲇⲉ"/>
		<feat xlink:href="#sSpan236" value="ⲛⲧⲉⲣⲉ"/>
		<feat xlink:href="#sSpan240" value="ⲧⲉϥ"/>
		<feat xlink:href="#sSpan242" value="ⲙⲁⲁⲩ"/>
		<feat xlink:href="#sSpan244" value="ⲙⲟⲩ"/>
		<feat xlink:href="#sSpan249" value="."/>
		<feat xlink:href="#sSpan253" value="ⲙⲛⲛⲥⲁ"/>
		<feat xlink:href="#sSpan257" value="ⲟⲩⲟⲉⲓϣ"/>
		<feat xlink:href="#sSpan260" value="ⲇⲉ"/>
		<feat xlink:href="#sSpan265" value="ⲁ"/>
		<feat xlink:href="#sSpan269" value="ϥ"/>
		<feat xlink:href="#sSpan271" value="ϣⲱⲛⲉ"/>
		<feat xlink:href="#sSpan273" value="ϩⲛ"/>
		<feat xlink:href="#sSpan277" value="ⲟⲩ"/>
		<feat xlink:href="#sSpan279" value="ⲛⲟϭ"/>
		<feat xlink:href="#sSpan281" value="ⲛ"/>
		<feat xlink:href="#sSpan286" value="ϣⲱⲛⲉ"/>
		<feat xlink:href="#sSpan289" value="."/>
		<feat xlink:href="#sSpan294" value="ϩⲱⲥⲧⲉ"/>
		<feat xlink:href="#sSpan298" value="ⲛ"/>
		<feat xlink:href="#sSpan303" value="ϥ"/>
		<feat xlink:href="#sSpan305" value="ϣⲱⲡⲉ"/>
		<feat xlink:href="#sSpan307" value="ϩⲛ"/>
		<feat xlink:href="#sSpan311" value="ⲟⲩ"/>
		<feat xlink:href="#sSpan314" value="ⲉⲕⲥⲧⲁⲥⲓⲥ"/>
		<feat xlink:href="#sSpan317" value="ⲉ"/>
		<feat xlink:href="#sSpan321" value="ⲧⲣⲉ"/>
		<feat xlink:href="#sSpan323" value="ⲩ"/>
		<feat xlink:href="#sSpan325" value="ⲧⲟⲣⲡ"/>
		<feat xlink:href="#sSpan327" value="ϥ"/>
		<feat xlink:href="#sSpan329" value="ⲉ"/>
		<feat xlink:href="#sSpan333" value="ⲧⲉ"/>
		<feat xlink:href="#sSpan337" value="ⲕⲣⲓⲥⲓⲥ"/>
		<feat xlink:href="#sSpan340" value="."/>
		<feat xlink:href="#sSpan344" value="ⲁⲩⲱ"/>
		<feat xlink:href="#sSpan349" value="ⲁ"/>
		<feat xlink:href="#sSpan354" value="ϥ"/>
		<feat xlink:href="#sSpan356" value="ϭⲓⲛⲉ"/>
		<feat xlink:href="#sSpan358" value="ⲛ"/>
		<feat xlink:href="#sSpan362" value="ⲧⲉϥ"/>
		<feat xlink:href="#sSpan364" value="ⲙⲁⲁⲩ"/>
		<feat xlink:href="#sSpan366" value="ⲙⲙⲁⲩ"/>
		<feat xlink:href="#sSpan371" value="ⲙⲛ"/>
		<feat xlink:href="#sSpan375" value="ⲛ"/>
		<feat xlink:href="#sSpan377" value="ⲉⲧ"/>
		<feat xlink:href="#sSpan379" value="ⲟⲩ"/>
		<feat xlink:href="#sSpan382" value="ⲕⲣⲓⲛⲉ"/>
		<feat xlink:href="#sSpan385" value="ⲙⲙⲟ"/>
		<feat xlink:href="#sSpan389" value="ⲟⲩ"/>
		<feat xlink:href="#sSpan392" value="."/>
		<feat xlink:href="#sSpan397" value="ⲛⲧⲟⲥ"/>
		<feat xlink:href="#sSpan404" value="ⲇⲉ"/>
		<feat xlink:href="#sSpan408" value="ⲛⲧⲉⲣⲉ"/>
		<feat xlink:href="#sSpan412" value="ⲥ"/>
		<feat xlink:href="#sSpan414" value="ⲛⲁⲩ"/>
		<feat xlink:href="#sSpan416" value="ⲉⲣⲟ"/>
		<feat xlink:href="#sSpan421" value="ϥ"/>
		<feat xlink:href="#sSpan423" value="ⲁ"/>
		<feat xlink:href="#sSpan427" value="ⲥ"/>
		<feat xlink:href="#sSpan429" value="ⲡⲱϣⲥ"/>
		<feat xlink:href="#sSpan431" value="."/>
		<feat xlink:href="#sSpan435" value="ⲁⲩⲱ"/>
		<feat xlink:href="#sSpan440" value="ⲡⲉϫⲁ"/>
		<feat xlink:href="#sSpan445" value="ⲥ"/>
		<feat xlink:href="#sSpan447" value="ⲛⲁ"/>
		<feat xlink:href="#sSpan451" value="ϥ"/>
		<feat xlink:href="#sSpan453" value="."/>
		<feat xlink:href="#sSpan457" value="ϫⲉ"/>
		<feat xlink:href="#sSpan461" value="ⲟⲩ"/>
		<feat xlink:href="#sSpan463" value="ⲡⲉ"/>
		<feat xlink:href="#sSpan468" value="ⲡⲁⲓ"/>
		<feat xlink:href="#sSpan472" value="ⲡⲁ"/>
		<feat xlink:href="#sSpan476" value="ϣⲏⲣⲉ"/>
		<feat xlink:href="#sSpan478" value="ⲉ"/>
		<feat xlink:href="#sSpan482" value="ⲧⲣⲉ"/>
		<feat xlink:href="#sSpan485" value="ⲕ"/>
		<feat xlink:href="#sSpan487" value="ⲉⲓ"/>
		<feat xlink:href="#sSpan489" value="ϩⲱⲱ"/>
		<feat xlink:href="#sSpan493" value="ⲕ"/>
		<feat xlink:href="#sSpan495" value="ⲉ"/>
		<feat xlink:href="#sSpan499" value="ⲡⲉⲓ"/>
		<feat xlink:href="#sSpan501" value="ⲙⲁ"/>
		<feat xlink:href="#sSpan504" value="ϩⲱⲥⲧⲉ"/>
		<feat xlink:href="#sSpan509" value="ⲉ"/>
		<feat xlink:href="#sSpan513" value="ⲧⲣⲉ"/>
		<feat xlink:href="#sSpan515" value="ⲩ"/>
		<feat xlink:href="#sSpan518" value="ⲕⲣⲓⲛⲉ"/>
		<feat xlink:href="#sSpan520" value="ⲙⲙⲟ"/>
		<feat xlink:href="#sSpan525" value="ⲕ"/>
		<feat xlink:href="#sSpan527" value="ϩⲱⲱ"/>
		<feat xlink:href="#sSpan531" value="ⲕ"/>
		<feat xlink:href="#sSpan534" value="."/>
		<feat xlink:href="#sSpan539" value="ⲉ"/>
		<feat xlink:href="#sSpan545" value="ⲩ"/>
		<feat xlink:href="#sSpan547" value="ⲧⲱⲛ"/>
		<feat xlink:href="#sSpan549" value="ⲛⲉⲕ"/>
		<feat xlink:href="#sSpan553" value="ϣⲁϫⲉ"/>
		<feat xlink:href="#sSpan555" value="ⲉⲧⲉ"/>
		<feat xlink:href="#sSpan560" value="ⲕ"/>
		<feat xlink:href="#sSpan562" value="ϫⲱ"/>
		<feat xlink:href="#sSpan564" value="ⲙⲙⲟ"/>
		<feat xlink:href="#sSpan568" value="ⲟⲩ"/>
		<feat xlink:href="#sSpan570" value="ϫⲉ"/>
		<feat xlink:href="#sSpan574" value="ⲉ"/>
		<feat xlink:href="#sSpan577" value="ⲓ"/>
		<feat xlink:href="#sSpan579" value="ⲟⲩⲉϣ"/>
		<feat xlink:href="#sSpan581" value="ⲉ"/>
		<feat xlink:href="#sSpan585" value="ⲧⲟⲩϫⲉ"/>
		<feat xlink:href="#sSpan587" value="ⲧⲁ"/>
		<feat xlink:href="#sSpan590" value="ⲯⲩⲭⲏ"/>
		<feat xlink:href="#sSpan594" value="."/>
		<feat xlink:href="#sSpan598" value="ⲁ"/>
		<feat xlink:href="#sSpan603" value="ϥ"/>
		<feat xlink:href="#sSpan605" value="ϣⲓⲡⲉ"/>
		<feat xlink:href="#sSpan609" value="ⲇⲉ"/>
		<feat xlink:href="#sSpan614" value="ⲉϫⲛ"/>
		<feat xlink:href="#sSpan618" value="ⲛ"/>
		<feat xlink:href="#sSpan622" value="ⲉⲛⲧ"/>
		<feat xlink:href="#sSpan624" value="ⲁ"/>
		<feat xlink:href="#sSpan626" value="ϥ"/>
		<feat xlink:href="#sSpan628" value="ⲥⲟⲧⲙ"/>
		<feat xlink:href="#sSpan631" value="ⲟⲩ"/>
		<feat xlink:href="#sSpan633" value="ⲁ"/>
		<feat xlink:href="#sSpan638" value="ϥ"/>
		<feat xlink:href="#sSpan641" value="ⲁϩⲉⲣⲁⲧ"/>
		<feat xlink:href="#sSpan644" value="ϥ"/>
		<feat xlink:href="#sSpan646" value="ⲉ"/>
		<feat xlink:href="#sSpan650" value="ϥ"/>
		<feat xlink:href="#sSpan652" value="ⲟⲕⲙ"/>
		<feat xlink:href="#sSpan656" value="."/>
		<feat xlink:href="#sSpan660" value="ⲉ"/>
		<feat xlink:href="#sSpan664" value="ⲙⲛⲧ"/>
		<feat xlink:href="#sSpan666" value="ϥ"/>
		<feat xlink:href="#sSpan668" value="ⲗⲁⲁⲩ"/>
		<feat xlink:href="#sSpan672" value="ⲛ"/>
		<feat xlink:href="#sSpan678" value="ⲁⲡⲟⲗⲟⲅⲓⲁ"/>
		<feat xlink:href="#sSpan680" value="ⲉ"/>
		<feat xlink:href="#sSpan684" value="ϫⲱ"/>
		<feat xlink:href="#sSpan686" value="ⲛⲁ"/>
		<feat xlink:href="#sSpan693" value="ⲥ"/>
		<feat xlink:href="#sSpan696" value="."/>
		<feat xlink:href="#sSpan701" value="ⲕⲁⲧⲁ"/>
		<feat xlink:href="#sSpan706" value="ⲟⲩ"/>
		<feat xlink:href="#sSpan709" value="ⲟⲓⲕⲟⲛⲟⲙⲓⲁ"/>
		<feat xlink:href="#sSpan714" value="ⲇⲉ"/>
		<feat xlink:href="#sSpan718" value="ⲛⲧⲉ"/>
		<feat xlink:href="#sSpan723" value="ⲡ"/>
		<feat xlink:href="#sSpan727" value="ⲛⲟⲩⲧⲉ"/>
		<feat xlink:href="#sSpan730" value="ⲡ"/>
		<feat xlink:href="#sSpan735" value="ⲙⲁⲓⲣⲱⲙⲉ"/>
		<feat xlink:href="#sSpan741" value=".."/>
		<feat xlink:href="#sSpan746" value="ϣⲱⲡⲉ"/>
		<feat xlink:href="#sSpan750" value="ⲉ"/>
		<feat xlink:href="#sSpan754" value="ⲧⲣⲉ"/>
		<feat xlink:href="#sSpan756" value="ϥ"/>
		<feat xlink:href="#sSpan758" value="ⲗⲟϭ"/>
		<feat xlink:href="#sSpan762" value="ⲙ"/>
		<feat xlink:href="#sSpan766" value="ⲡ"/>
		<feat xlink:href="#sSpan768" value="ϣⲱⲛⲉ"/>
		<feat xlink:href="#sSpan770" value="ⲙⲛⲛⲥⲁ"/>
		<feat xlink:href="#sSpan774" value="ⲉ"/>
		<feat xlink:href="#sSpan780" value="ⲧⲣⲉ"/>
		<feat xlink:href="#sSpan782" value="ϥ"/>
		<feat xlink:href="#sSpan784" value="ⲛⲁⲩ"/>
		<feat xlink:href="#sSpan790" value="....."/>
		<feat xlink:href="#sSpan794" value="ⲛⲟⲓ"/>
		<feat xlink:href="#sSpan799" value="ϩⲙ"/>
		<feat xlink:href="#sSpan803" value="ⲡⲉϥ"/>
		<feat xlink:href="#sSpan808" value="...."/>
		<feat xlink:href="#sSpan812" value="ⲛⲧ"/>
		<feat xlink:href="#sSpan818" value="ⲁ"/>
		<feat xlink:href="#sSpan820" value="ⲡⲉⲓ"/>
		<feat xlink:href="#sSpan823" value="ϭⲙ[ϣⲓ]ⲛⲉ"/>
		<feat xlink:href="#sSpan827" value="ϣⲱⲡⲉ"/>
		<feat xlink:href="#sSpan832" value="ⲛ"/>
		<feat xlink:href="#sSpan839" value=".."/>
		<feat xlink:href="#sSpan844" value="[ⲉⲃⲟ]ⲗ"/>
		<feat xlink:href="#sSpan848" value="ϩⲓⲧⲙ"/>
		<feat xlink:href="#sSpan853" value="ⲡ"/>
		<feat xlink:href="#sSpan857" value="ⲛⲟⲩⲧⲉ"/>
		<feat xlink:href="#sSpan861" value="."/>
		<feat xlink:href="#sSpan866" value="ⲁ"/>
		<feat xlink:href="#sSpan871" value="ϥ"/>
		<feat xlink:href="#sSpan873" value="ⲟⲧⲡ"/>
		<feat xlink:href="#sSpan875" value="ϥ"/>
		<feat xlink:href="#sSpan878" value="ϭⲉ"/>
		<feat xlink:href="#sSpan883" value="ⲉϩⲟⲩⲛ"/>
		<feat xlink:href="#sSpan887" value="ⲙⲁⲩⲁⲁ"/>
		<feat xlink:href="#sSpan892" value="ϥ"/>
		<feat xlink:href="#sSpan895" value="."/>
		<feat xlink:href="#sSpan899" value="ⲙⲛⲛⲥⲱ"/>
		<feat xlink:href="#sSpan904" value="ⲥ"/>
		<feat xlink:href="#sSpan906" value="ⲁ"/>
		<feat xlink:href="#sSpan910" value="ϥ"/>
		<feat xlink:href="#sSpan912" value="ϩⲙⲟⲟⲥ"/>
		<feat xlink:href="#sSpan915" value="ⲉϩⲣⲁⲓ"/>
		<feat xlink:href="#sSpan919" value="ⲉ"/>
		<feat xlink:href="#sSpan923" value="ϥ"/>
		<feat xlink:href="#sSpan927" value="ⲫⲣⲟⲛⲧⲓⲍⲉ"/>
		<feat xlink:href="#sSpan930" value="ⲉ"/>
		<feat xlink:href="#sSpan934" value="ⲡⲉϥ"/>
		<feat xlink:href="#sSpan936" value="ⲟⲩϫⲁⲓ"/>
		<feat xlink:href="#sSpan939" value="."/>
		<feat xlink:href="#sSpan944" value="ⲁⲩⲱ"/>
		<feat xlink:href="#sSpan949" value="ⲉ"/>
		<feat xlink:href="#sSpan953" value="ϥ"/>
		<feat xlink:href="#sSpan955" value="ⲣⲓⲙⲉ"/>
		<feat xlink:href="#sSpan957" value="ⲉϫⲛ"/>
		<feat xlink:href="#sSpan961" value="ⲛ"/>
		<feat xlink:href="#sSpan963" value="ⲉⲛⲧ"/>
		<feat xlink:href="#sSpan966" value="ⲁ"/>
		<feat xlink:href="#sSpan968" value="ϥ"/>
		<feat xlink:href="#sSpan970" value="ⲁⲁ"/>
		<feat xlink:href="#sSpan972" value="ⲩ"/>
		<feat xlink:href="#sSpan974" value="ϩⲛ"/>
		<feat xlink:href="#sSpan978" value="ⲟⲩ"/>
		<feat xlink:href="#sSpan981" value="ⲙⲛⲧⲁⲙⲉⲗⲏⲥ"/>
		<feat xlink:href="#sSpan986" value="ⲛ"/>
		<feat xlink:href="#sSpan990" value="ϣⲟⲣⲡ"/>
		<feat xlink:href="#sSpan993" value="."/>
		<feat xlink:href="#sSpan998" value="ⲁ"/>
		<feat xlink:href="#sSpan1004" value="ⲩ"/>
		<feat xlink:href="#sSpan1006" value="ⲧⲱⲃⲥ"/>
		<feat xlink:href="#sSpan1008" value="ϣⲱⲡⲉ"/>
		<feat xlink:href="#sSpan1012" value="ⲛⲁ"/>
		<feat xlink:href="#sSpan1016" value="ϥ"/>
		<feat xlink:href="#sSpan1018" value="ⲛ"/>
		<feat xlink:href="#sSpan1022" value="ⲧⲉⲓ"/>
		<feat xlink:href="#sSpan1025" value="ϭⲟⲧ"/>
		<feat xlink:href="#sSpan1028" value="."/>
		<feat xlink:href="#sSpan1033" value="ϩⲱⲥⲧⲉ"/>
		<feat xlink:href="#sSpan1037" value="ⲉ"/>
		<feat xlink:href="#sSpan1041" value="ⲧⲣⲉ"/>
		<feat xlink:href="#sSpan1044" value="ⲟⲩ"/>
		<feat xlink:href="#sSpan1046" value="ⲙⲏⲏϣⲉ"/>
		<feat xlink:href="#sSpan1049" value="ⲡⲁⲣⲁⲕⲁⲗⲉⲓ"/>
		<feat xlink:href="#sSpan1054" value="ⲙⲙⲟ"/>
		<feat xlink:href="#sSpan1058" value="ϥ"/>
		<feat xlink:href="#sSpan1060" value="ⲉ"/>
		<feat xlink:href="#sSpan1064" value="ⲧⲣⲉ"/>
		<feat xlink:href="#sSpan1066" value="ϥ"/>
		<feat xlink:href="#sSpan1069" value="ϯⲙⲧⲟⲛ"/>
		<feat xlink:href="#sSpan1073" value="ⲛⲁ"/>
		<feat xlink:href="#sSpan1077" value="ϥ"/>
		<feat xlink:href="#sSpan1079" value="ⲛ"/>
		<feat xlink:href="#sSpan1083" value="ⲟⲩ"/>
		<feat xlink:href="#sSpan1085" value="ⲕⲟⲩⲓ"/>
		<feat xlink:href="#sSpan1087" value="ϫⲉ"/>
		<feat xlink:href="#sSpan1091" value="ⲛⲛⲉ"/>
		<feat xlink:href="#sSpan1094" value="ϥ"/>
		<feat xlink:href="#sSpan1096" value="ϣⲱϭⲉ"/>
		<feat xlink:href="#sSpan1098" value="ϩⲓⲧⲙ"/>
		<feat xlink:href="#sSpan1102" value="ⲡ"/>
		<feat xlink:href="#sSpan1104" value="ⲁϣⲁⲓ"/>
		<feat xlink:href="#sSpan1107" value="ⲙ"/>
		<feat xlink:href="#sSpan1111" value="ⲡ"/>
		<feat xlink:href="#sSpan1113" value="ⲣⲓⲙⲉ"/>
		<feat xlink:href="#sSpan1116" value="."/>
		<feat xlink:href="#sSpan1121" value="ⲛⲧⲟϥ"/>
		<feat xlink:href="#sSpan1128" value="ⲇⲉ"/>
		<feat xlink:href="#sSpan1132" value="ⲙⲡⲉ"/>
		<feat xlink:href="#sSpan1136" value="ϥ"/>
		<feat xlink:href="#sSpan1138" value="ⲟⲩⲱϣ"/>
		<feat xlink:href="#sSpan1140" value="ⲉ"/>
		<feat xlink:href="#sSpan1145" value="ⲥⲗⲥⲱⲗ"/>
		<feat xlink:href="#sSpan1147" value="ϥ"/>
		<feat xlink:href="#sSpan1149" value="ⲉ"/>
		<feat xlink:href="#sSpan1153" value="ϥ"/>
		<feat xlink:href="#sSpan1155" value="ϫⲱ"/>
		<feat xlink:href="#sSpan1157" value="ⲙⲙⲟ"/>
		<feat xlink:href="#sSpan1162" value="ⲥ"/>
		<feat xlink:href="#sSpan1164" value="."/>
		<feat xlink:href="#sSpan1168" value="ϫⲉ"/>
		<feat xlink:href="#sSpan1172" value="ⲉϣϫⲉ"/>
		<feat xlink:href="#sSpan1174" value="ⲙⲡ"/>
		<feat xlink:href="#sSpan1177" value="ⲓ"/>
		<feat xlink:href="#sSpan1179" value="ϣϭⲙϭⲟⲙ"/>
		<feat xlink:href="#sSpan1181" value="ⲉ"/>
		<feat xlink:href="#sSpan1185" value="ⲧⲱⲟⲩⲛ"/>
		<feat xlink:href="#sSpan1187" value="ϩⲁ"/>
		<feat xlink:href="#sSpan1192" value="ⲡ"/>
		<feat xlink:href="#sSpan1196" value="ⲛⲟϭⲛⲉϭ"/>
		<feat xlink:href="#sSpan1198" value="ⲛ"/>
		<feat xlink:href="#sSpan1202" value="ⲧⲁ"/>
		<feat xlink:href="#sSpan1204" value="ⲙⲁⲁⲩ"/>
		<feat xlink:href="#sSpan1208" value="."/>
		<feat xlink:href="#sSpan1212" value="ⲛ"/>
		<feat xlink:href="#sSpan1216" value="ⲁϣ"/>
		<feat xlink:href="#sSpan1218" value="ⲛ"/>
		<feat xlink:href="#sSpan1222" value="ϩⲉ"/>
		<feat xlink:href="#sSpan1224" value="ⲉ"/>
		<feat xlink:href="#sSpan1228" value="ⲓ"/>
		<feat xlink:href="#sSpan1230" value="ⲛⲁ"/>
		<feat xlink:href="#sSpan1233" value="ϣⲧⲱⲟⲩⲛ"/>
		<feat xlink:href="#sSpan1237" value="ϩⲁ"/>
		<feat xlink:href="#sSpan1241" value="ⲡ"/>
		<feat xlink:href="#sSpan1243" value="ϣⲓⲡⲉ"/>
		<feat xlink:href="#sSpan1245" value="ⲙ"/>
		<feat xlink:href="#sSpan1250" value="ⲡⲉ"/>
		<feat xlink:href="#sSpan1252" value="ϩⲟⲟⲩ"/>
		<feat xlink:href="#sSpan1254" value="ⲛ"/>
		<feat xlink:href="#sSpan1258" value="ⲧⲉ"/>
		<feat xlink:href="#sSpan1261" value="ⲕⲣⲓⲥⲓⲥ"/>
		<feat xlink:href="#sSpan1263" value="ϩⲓ"/>
		<feat xlink:href="#sSpan1268" value="ⲧ"/>
		<feat xlink:href="#sSpan1270" value="ϩⲏ"/>
		<feat xlink:href="#sSpan1272" value="ⲙ"/>
		<feat xlink:href="#sSpan1276" value="ⲡⲉ"/>
		<feat xlink:href="#sSpan1279" value="ⲭⲣⲓⲥⲧⲟⲥ"/>
		<feat xlink:href="#sSpan1281" value="ⲙⲛ"/>
		<feat xlink:href="#sSpan1285" value="ⲛⲉϥ"/>
		<feat xlink:href="#sSpan1288" value="ⲁⲅⲅⲉⲗⲟⲥ"/>
		<feat xlink:href="#sSpan1291" value="ⲧⲏⲣ"/>
		<feat xlink:href="#sSpan1295" value="ⲟⲩ"/>
		<feat xlink:href="#sSpan1297" value="."/></featList></paula>