<?xml version='1.0' encoding='UTF-8'?><!DOCTYPE paula SYSTEM "paula_feat.dtd">
<paula version="1.1">
	<header paula_id="scriptorium.dormition.john.mercad.mark_ed_line_n"/>
	<featList xmlns:xlink="http://www.w3.org/1999/xlink" type="ed_line_n" xml:base="scriptorium.dormition.john.mercad.mark.xml">
		<feat xlink:href="#sSpan6" value="1"/>
		<feat xlink:href="#sSpan36" value="2"/>
		<feat xlink:href="#sSpan63" value="3"/>
		<feat xlink:href="#sSpan99" value="4"/>
		<feat xlink:href="#sSpan115" value="5"/>
		<feat xlink:href="#sSpan144" value="6"/>
		<feat xlink:href="#sSpan176" value="7"/>
		<feat xlink:href="#sSpan224" value="8"/>
		<feat xlink:href="#sSpan259" value="9"/>
		<feat xlink:href="#sSpan304" value="10"/>
		<feat xlink:href="#sSpan346" value="11"/>
		<feat xlink:href="#sSpan385" value="12"/>
		<feat xlink:href="#sSpan431" value="13"/>
		<feat xlink:href="#sSpan470" value="14"/>
		<feat xlink:href="#sSpan522" value="15"/>
		<feat xlink:href="#sSpan562" value="16"/>
		<feat xlink:href="#sSpan603" value="17"/>
		<feat xlink:href="#sSpan655" value="18"/>
		<feat xlink:href="#sSpan698" value="19"/>
		<feat xlink:href="#sSpan741" value="20"/>
		<feat xlink:href="#sSpan784" value="21"/>
		<feat xlink:href="#sSpan821" value="22"/>
		<feat xlink:href="#sSpan861" value="23"/>
		<feat xlink:href="#sSpan901" value="1"/>
		<feat xlink:href="#sSpan943" value="2"/>
		<feat xlink:href="#sSpan978" value="3"/>
		<feat xlink:href="#sSpan1020" value="4"/>
		<feat xlink:href="#sSpan1065" value="5"/>
		<feat xlink:href="#sSpan1111" value="6"/>
		<feat xlink:href="#sSpan1163" value="7"/>
		<feat xlink:href="#sSpan1209" value="8"/>
		<feat xlink:href="#sSpan1229" value="9"/>
		<feat xlink:href="#sSpan1273" value="10"/>
		<feat xlink:href="#sSpan1303" value="11"/>
		<feat xlink:href="#sSpan1344" value="12"/>
		<feat xlink:href="#sSpan1383" value="13"/>
		<feat xlink:href="#sSpan1419" value="14"/>
		<feat xlink:href="#sSpan1467" value="15"/>
		<feat xlink:href="#sSpan1512" value="16"/>
		<feat xlink:href="#sSpan1554" value="17"/>
		<feat xlink:href="#sSpan1587" value="18"/>
		<feat xlink:href="#sSpan1631" value="19"/>
		<feat xlink:href="#sSpan1675" value="20"/>
		<feat xlink:href="#sSpan1703" value="21"/>
		<feat xlink:href="#sSpan1746" value="22"/>
		<feat xlink:href="#sSpan1787" value="23"/>
		<feat xlink:href="#sSpan1834" value="24"/>
		<feat xlink:href="#sSpan1865" value="25"/>
		<feat xlink:href="#sSpan1921" value="26"/>
		<feat xlink:href="#sSpan1971" value="27"/>
		<feat xlink:href="#sSpan2005" value="28"/>
		<feat xlink:href="#sSpan2055" value="29"/>
		<feat xlink:href="#sSpan2093" value="30"/>
		<feat xlink:href="#sSpan2131" value="31"/>
		<feat xlink:href="#sSpan2166" value="32"/>
		<feat xlink:href="#sSpan2198" value="33"/>
		<feat xlink:href="#sSpan2243" value="34"/>
		<feat xlink:href="#sSpan2283" value="1"/>
		<feat xlink:href="#sSpan2318" value="2"/>
		<feat xlink:href="#sSpan2358" value="3"/>
		<feat xlink:href="#sSpan2402" value="4"/>
		<feat xlink:href="#sSpan2451" value="5"/>
		<feat xlink:href="#sSpan2462" value="6"/>
		<feat xlink:href="#sSpan2500" value="7"/>
		<feat xlink:href="#sSpan2549" value="8"/>
		<feat xlink:href="#sSpan2590" value="9"/>
		<feat xlink:href="#sSpan2629" value="10"/>
		<feat xlink:href="#sSpan2673" value="11"/>
		<feat xlink:href="#sSpan2720" value="12"/>
		<feat xlink:href="#sSpan2768" value="13"/>
		<feat xlink:href="#sSpan2816" value="14"/>
		<feat xlink:href="#sSpan2861" value="15"/>
		<feat xlink:href="#sSpan2911" value="16"/>
		<feat xlink:href="#sSpan2956" value="17"/>
		<feat xlink:href="#sSpan3010" value="18"/>
		<feat xlink:href="#sSpan3045" value="19"/>
		<feat xlink:href="#sSpan3090" value="20"/>
		<feat xlink:href="#sSpan3126" value="21"/>
		<feat xlink:href="#sSpan3151" value="22"/>
		<feat xlink:href="#sSpan3185" value="23"/>
		<feat xlink:href="#sSpan3228" value="24"/>
		<feat xlink:href="#sSpan3275" value="25"/>
		<feat xlink:href="#sSpan3333" value="26"/>
		<feat xlink:href="#sSpan3368" value="27"/>
		<feat xlink:href="#sSpan3413" value="28"/>
		<feat xlink:href="#sSpan3437" value="29"/>
		<feat xlink:href="#sSpan3486" value="30"/>
		<feat xlink:href="#sSpan3516" value="31"/>
		<feat xlink:href="#sSpan3560" value="32"/>
		<feat xlink:href="#sSpan3596" value="33"/>
		<feat xlink:href="#sSpan3650" value="34"/>
		<feat xlink:href="#sSpan3695" value="1"/>
		<feat xlink:href="#sSpan3751" value="2"/>
		<feat xlink:href="#sSpan3806" value="3"/>
		<feat xlink:href="#sSpan3845" value="4"/>
		<feat xlink:href="#sSpan3874" value="5"/>
		<feat xlink:href="#sSpan3929" value="6"/>
		<feat xlink:href="#sSpan3972" value="7"/>
		<feat xlink:href="#sSpan3982" value="8"/>
		<feat xlink:href="#sSpan4032" value="9"/>
		<feat xlink:href="#sSpan4073" value="10"/>
		<feat xlink:href="#sSpan4120" value="11"/>
		<feat xlink:href="#sSpan4164" value="12"/>
		<feat xlink:href="#sSpan4208" value="13"/>
		<feat xlink:href="#sSpan4251" value="14"/>
		<feat xlink:href="#sSpan4293" value="15"/>
		<feat xlink:href="#sSpan4342" value="16"/>
		<feat xlink:href="#sSpan4385" value="17"/>
		<feat xlink:href="#sSpan4425" value="18"/>
		<feat xlink:href="#sSpan4474" value="19"/>
		<feat xlink:href="#sSpan4521" value="20"/>
		<feat xlink:href="#sSpan4567" value="21"/>
		<feat xlink:href="#sSpan4604" value="22"/>
		<feat xlink:href="#sSpan4652" value="23"/>
		<feat xlink:href="#sSpan4691" value="24"/>
		<feat xlink:href="#sSpan4738" value="25"/>
		<feat xlink:href="#sSpan4779" value="26"/>
		<feat xlink:href="#sSpan4822" value="27"/>
		<feat xlink:href="#sSpan4857" value="28"/>
		<feat xlink:href="#sSpan4895" value="29"/>
		<feat xlink:href="#sSpan4940" value="30"/>
		<feat xlink:href="#sSpan4988" value="31"/>
		<feat xlink:href="#sSpan5035" value="32"/>
		<feat xlink:href="#sSpan5084" value="33"/>
		<feat xlink:href="#sSpan5130" value="34"/>
		<feat xlink:href="#sSpan5182" value="1"/>
		<feat xlink:href="#sSpan5222" value="2"/>
		<feat xlink:href="#sSpan5270" value="3"/>
		<feat xlink:href="#sSpan5318" value="4"/>
		<feat xlink:href="#sSpan5362" value="5"/>
		<feat xlink:href="#sSpan5408" value="6"/>
		<feat xlink:href="#sSpan5452" value="7"/>
		<feat xlink:href="#sSpan5484" value="8"/>
		<feat xlink:href="#sSpan5525" value="9"/>
		<feat xlink:href="#sSpan5572" value="10"/>
		<feat xlink:href="#sSpan5625" value="11"/>
		<feat xlink:href="#sSpan5672" value="12"/>
		<feat xlink:href="#sSpan5724" value="13"/>
		<feat xlink:href="#sSpan5767" value="14"/>
		<feat xlink:href="#sSpan5821" value="15"/>
		<feat xlink:href="#sSpan5866" value="16"/>
		<feat xlink:href="#sSpan5922" value="17"/>
		<feat xlink:href="#sSpan5974" value="18"/>
		<feat xlink:href="#sSpan6018" value="19"/>
		<feat xlink:href="#sSpan6060" value="20"/>
		<feat xlink:href="#sSpan6106" value="21"/>
		<feat xlink:href="#sSpan6152" value="22"/>
		<feat xlink:href="#sSpan6195" value="23"/>
		<feat xlink:href="#sSpan6242" value="24"/>
		<feat xlink:href="#sSpan6283" value="25"/>
		<feat xlink:href="#sSpan6321" value="26"/>
		<feat xlink:href="#sSpan6365" value="27"/>
		<feat xlink:href="#sSpan6420" value="28"/>
		<feat xlink:href="#sSpan6465" value="29"/>
		<feat xlink:href="#sSpan6522" value="30"/>
		<feat xlink:href="#sSpan6573" value="31"/>
		<feat xlink:href="#sSpan6626" value="32"/>
		<feat xlink:href="#sSpan6677" value="33"/>
		<feat xlink:href="#sSpan6720" value="34"/>
		<feat xlink:href="#sSpan6763" value="1"/>
		<feat xlink:href="#sSpan6804" value="2"/>
		<feat xlink:href="#sSpan6853" value="3"/>
		<feat xlink:href="#sSpan6908" value="4"/>
		<feat xlink:href="#sSpan6952" value="5"/>
		<feat xlink:href="#sSpan6997" value="6"/>
		<feat xlink:href="#sSpan7044" value="7"/>
		<feat xlink:href="#sSpan7082" value="8"/>
		<feat xlink:href="#sSpan7095" value="9"/>
		<feat xlink:href="#sSpan7139" value="10"/>
		<feat xlink:href="#sSpan7193" value="11"/>
		<feat xlink:href="#sSpan7243" value="12"/>
		<feat xlink:href="#sSpan7283" value="13"/>
		<feat xlink:href="#sSpan7330" value="14"/>
		<feat xlink:href="#sSpan7374" value="15"/>
		<feat xlink:href="#sSpan7415" value="16"/>
		<feat xlink:href="#sSpan7474" value="17"/>
		<feat xlink:href="#sSpan7529" value="18"/>
		<feat xlink:href="#sSpan7579" value="19"/>
		<feat xlink:href="#sSpan7628" value="20"/>
		<feat xlink:href="#sSpan7680" value="21"/>
		<feat xlink:href="#sSpan7728" value="22"/>
		<feat xlink:href="#sSpan7766" value="23"/>
		<feat xlink:href="#sSpan7815" value="24"/>
		<feat xlink:href="#sSpan7858" value="25"/>
		<feat xlink:href="#sSpan7907" value="26"/>
		<feat xlink:href="#sSpan7952" value="27"/>
		<feat xlink:href="#sSpan8008" value="28"/>
		<feat xlink:href="#sSpan8056" value="29"/>
		<feat xlink:href="#sSpan8109" value="30"/>
		<feat xlink:href="#sSpan8159" value="31"/>
		<feat xlink:href="#sSpan8204" value="32"/>
		<feat xlink:href="#sSpan8250" value="33"/>
		<feat xlink:href="#sSpan8297" value="34"/>
		<feat xlink:href="#sSpan8345" value="1"/>
		<feat xlink:href="#sSpan8396" value="2"/>
		<feat xlink:href="#sSpan8437" value="3"/>
		<feat xlink:href="#sSpan8485" value="4"/>
		<feat xlink:href="#sSpan8536" value="5"/>
		<feat xlink:href="#sSpan8583" value="6"/>
		<feat xlink:href="#sSpan8637" value="7"/>
		<feat xlink:href="#sSpan8682" value="8"/>
		<feat xlink:href="#sSpan8727" value="9"/>
		<feat xlink:href="#sSpan8767" value="10"/>
		<feat xlink:href="#sSpan8809" value="11"/>
		<feat xlink:href="#sSpan8856" value="12"/>
		<feat xlink:href="#sSpan8904" value="13"/>
		<feat xlink:href="#sSpan8954" value="14"/>
		<feat xlink:href="#sSpan8999" value="15"/>
		<feat xlink:href="#sSpan9039" value="16"/>
		<feat xlink:href="#sSpan9080" value="17"/>
		<feat xlink:href="#sSpan9110" value="18"/>
		<feat xlink:href="#sSpan9148" value="19"/>
		<feat xlink:href="#sSpan9187" value="20"/>
		<feat xlink:href="#sSpan9229" value="21"/>
		<feat xlink:href="#sSpan9268" value="22"/>
		<feat xlink:href="#sSpan9310" value="23"/>
		<feat xlink:href="#sSpan9351" value="24"/>
		<feat xlink:href="#sSpan9393" value="25"/>
		<feat xlink:href="#sSpan9437" value="26"/>
		<feat xlink:href="#sSpan9479" value="27"/>
		<feat xlink:href="#sSpan9518" value="28"/>
		<feat xlink:href="#sSpan9548" value="29"/>
		<feat xlink:href="#sSpan9586" value="30"/>
		<feat xlink:href="#sSpan9631" value="31"/>
		<feat xlink:href="#sSpan9680" value="32"/>
		<feat xlink:href="#sSpan9729" value="33"/>
		<feat xlink:href="#sSpan9786" value="34"/>
		<feat xlink:href="#sSpan9832" value="1"/>
		<feat xlink:href="#sSpan9882" value="2"/>
		<feat xlink:href="#sSpan9929" value="3"/>
		<feat xlink:href="#sSpan9974" value="4"/>
		<feat xlink:href="#sSpan10017" value="5"/>
		<feat xlink:href="#sSpan10072" value="6"/>
		<feat xlink:href="#sSpan10115" value="7"/>
		<feat xlink:href="#sSpan10154" value="8"/>
		<feat xlink:href="#sSpan10201" value="9"/>
		<feat xlink:href="#sSpan10246" value="10"/>
		<feat xlink:href="#sSpan10282" value="11"/>
		<feat xlink:href="#sSpan10320" value="12"/>
		<feat xlink:href="#sSpan10364" value="13"/>
		<feat xlink:href="#sSpan10409" value="14"/>
		<feat xlink:href="#sSpan10456" value="15"/>
		<feat xlink:href="#sSpan10499" value="16"/>
		<feat xlink:href="#sSpan10546" value="17"/></featList></paula>