<?xml version='1.0' encoding='UTF-8'?><!DOCTYPE paula SYSTEM "paula_feat.dtd">
<paula version="1.1">
	<header paula_id="scriptorium.shenoute.seeks.CZ129-137.mark_cb_n"/>
	<featList xmlns:xlink="http://www.w3.org/1999/xlink" type="cb_n" xml:base="scriptorium.shenoute.seeks.CZ129-137.mark.xml">
		<feat xlink:href="#sSpan12" value="1"/>
		<feat xlink:href="#sSpan395" value="2"/>
		<feat xlink:href="#sSpan838" value="1"/>
		<feat xlink:href="#sSpan1238" value="2"/>
		<feat xlink:href="#sSpan1602" value="1"/>
		<feat xlink:href="#sSpan1990" value="2"/>
		<feat xlink:href="#sSpan2408" value="1"/>
		<feat xlink:href="#sSpan2784" value="2"/>
		<feat xlink:href="#sSpan3257" value="1"/>
		<feat xlink:href="#sSpan3689" value="2"/>
		<feat xlink:href="#sSpan4091" value="1"/>
		<feat xlink:href="#sSpan4516" value="2"/>
		<feat xlink:href="#sSpan4950" value="1"/>
		<feat xlink:href="#sSpan5326" value="2"/>
		<feat xlink:href="#sSpan5699" value="1"/>
		<feat xlink:href="#sSpan6094" value="2"/>
		<feat xlink:href="#sSpan6486" value="1"/>
		<feat xlink:href="#sSpan6865" value="2"/></featList></paula>