<?xml version='1.0' encoding='UTF-8'?><!DOCTYPE paula SYSTEM "paula_feat.dtd">
<paula version="1.1">
	<header paula_id="scriptorium.shenoute.seeks.CZ129-137.mark_translation"/>
	<featList xmlns:xlink="http://www.w3.org/1999/xlink" type="translation" xml:base="scriptorium.shenoute.seeks.CZ129-137.mark.xml">
		<feat xlink:href="#sSpan11" value="..."/>
		<feat xlink:href="#sSpan92" value="..."/>
		<feat xlink:href="#sSpan208" value="..."/>
		<feat xlink:href="#sSpan311" value="..."/>
		<feat xlink:href="#sSpan463" value="..."/>
		<feat xlink:href="#sSpan895" value="..."/>
		<feat xlink:href="#sSpan917" value="..."/>
		<feat xlink:href="#sSpan982" value="..."/>
		<feat xlink:href="#sSpan1069" value="..."/>
		<feat xlink:href="#sSpan1137" value="..."/>
		<feat xlink:href="#sSpan1196" value="..."/>
		<feat xlink:href="#sSpan1226" value="..."/>
		<feat xlink:href="#sSpan1256" value="..."/>
		<feat xlink:href="#sSpan1332" value="..."/>
		<feat xlink:href="#sSpan1364" value="..."/>
		<feat xlink:href="#sSpan1485" value="..."/>
		<feat xlink:href="#sSpan1513" value="..."/>
		<feat xlink:href="#sSpan1544" value="..."/>
		<feat xlink:href="#sSpan1600" value="..."/>
		<feat xlink:href="#sSpan1708" value="..."/>
		<feat xlink:href="#sSpan1742" value="..."/>
		<feat xlink:href="#sSpan1795" value="..."/>
		<feat xlink:href="#sSpan1813" value="..."/>
		<feat xlink:href="#sSpan1834" value="..."/>
		<feat xlink:href="#sSpan1865" value="..."/>
		<feat xlink:href="#sSpan1911" value="..."/>
		<feat xlink:href="#sSpan1956" value="..."/>
		<feat xlink:href="#sSpan2210" value="..."/>
		<feat xlink:href="#sSpan2243" value="..."/>
		<feat xlink:href="#sSpan2287" value="..."/>
		<feat xlink:href="#sSpan2365" value="..."/>
		<feat xlink:href="#sSpan2398" value="..."/>
		<feat xlink:href="#sSpan2528" value="..."/>
		<feat xlink:href="#sSpan2618" value="..."/>
		<feat xlink:href="#sSpan2700" value="..."/>
		<feat xlink:href="#sSpan2870" value="..."/>
		<feat xlink:href="#sSpan2927" value="..."/>
		<feat xlink:href="#sSpan3005" value="..."/>
		<feat xlink:href="#sSpan3112" value="..."/>
		<feat xlink:href="#sSpan3293" value="..."/>
		<feat xlink:href="#sSpan3403" value="..."/>
		<feat xlink:href="#sSpan3459" value="..."/>
		<feat xlink:href="#sSpan3496" value="..."/>
		<feat xlink:href="#sSpan3562" value="..."/>
		<feat xlink:href="#sSpan3618" value="..."/>
		<feat xlink:href="#sSpan3752" value="..."/>
		<feat xlink:href="#sSpan3903" value="..."/>
		<feat xlink:href="#sSpan4112" value="..."/>
		<feat xlink:href="#sSpan4247" value="..."/>
		<feat xlink:href="#sSpan4556" value="..."/>
		<feat xlink:href="#sSpan4664" value="..."/>
		<feat xlink:href="#sSpan4743" value="..."/>
		<feat xlink:href="#sSpan4838" value="..."/>
		<feat xlink:href="#sSpan5005" value="..."/>
		<feat xlink:href="#sSpan5059" value="..."/>
		<feat xlink:href="#sSpan5150" value="..."/>
		<feat xlink:href="#sSpan5253" value="..."/>
		<feat xlink:href="#sSpan5345" value="..."/>
		<feat xlink:href="#sSpan5386" value="..."/>
		<feat xlink:href="#sSpan5426" value="..."/>
		<feat xlink:href="#sSpan5557" value="..."/>
		<feat xlink:href="#sSpan5606" value="..."/>
		<feat xlink:href="#sSpan5647" value="..."/>
		<feat xlink:href="#sSpan5713" value="..."/>
		<feat xlink:href="#sSpan5785" value="..."/>
		<feat xlink:href="#sSpan5816" value="..."/>
		<feat xlink:href="#sSpan5918" value="..."/>
		<feat xlink:href="#sSpan6032" value="..."/>
		<feat xlink:href="#sSpan6093" value="..."/>
		<feat xlink:href="#sSpan6174" value="..."/>
		<feat xlink:href="#sSpan6209" value="..."/>
		<feat xlink:href="#sSpan6288" value="..."/>
		<feat xlink:href="#sSpan6433" value="..."/>
		<feat xlink:href="#sSpan6482" value="..."/>
		<feat xlink:href="#sSpan6512" value="..."/>
		<feat xlink:href="#sSpan6575" value="..."/>
		<feat xlink:href="#sSpan6601" value="..."/>
		<feat xlink:href="#sSpan6658" value="..."/>
		<feat xlink:href="#sSpan6830" value="..."/></featList></paula>