<?xml version='1.0' encoding='UTF-8'?><!DOCTYPE paula SYSTEM "paula_feat.dtd">
<paula version="1.1">
	<header paula_id="scriptorium.on_lack_of_food.mark_lemma"/>
	<featList xmlns:xlink="http://www.w3.org/1999/xlink" type="lemma" xml:base="scriptorium.on_lack_of_food.mark.xml">
		<feat xlink:href="#sSpan1" value="ⲉⲣⲉ"/>
		<feat xlink:href="#sSpan13" value="ⲛⲧⲱⲧⲛ"/>
		<feat xlink:href="#sSpan16" value="ϣⲡϩⲓⲥⲉ"/>
		<feat xlink:href="#sSpan20" value="ⲙⲛ"/>
		<feat xlink:href="#sSpan24" value="ⲡ"/>
		<feat xlink:href="#sSpan27" value="ⲉⲧⲉⲣⲉ"/>
		<feat xlink:href="#sSpan30" value="ⲙⲟⲩⲣ"/>
		<feat xlink:href="#sSpan32" value="ⲉⲧⲉⲣⲉ"/>
		<feat xlink:href="#sSpan36" value="ⲡ"/>
		<feat xlink:href="#sSpan40" value="ⲉⲧⲉⲣⲉ"/>
		<feat xlink:href="#sSpan42" value="ⲙⲟⲩⲕϩ"/>
		<feat xlink:href="#sSpan44" value="ⲡⲉ"/>
		<feat xlink:href="#sSpan49" value="·"/>
		<feat xlink:href="#sSpan53" value="ⲛ"/>
		<feat xlink:href="#sSpan58" value="ⲡ"/>
		<feat xlink:href="#sSpan61" value="ϩⲉ"/>
		<feat xlink:href="#sSpan63" value="ⲉⲧⲉⲣⲉ"/>
		<feat xlink:href="#sSpan67" value="ⲛⲧⲟⲟⲩ"/>
		<feat xlink:href="#sSpan69" value="ⲱⲛϩ"/>
		<feat xlink:href="#sSpan71" value="ⲉ"/>
		<feat xlink:href="#sSpan76" value="ⲡ"/>
		<feat xlink:href="#sSpan79" value="ⲟⲩⲟⲧⲟⲩⲉⲧ"/>
		<feat xlink:href="#sSpan82" value="ⲛ"/>
		<feat xlink:href="#sSpan86" value="ⲡ"/>
		<feat xlink:href="#sSpan89" value="ⲥⲱϣⲉ"/>
		<feat xlink:href="#sSpan91" value="ϫⲉ"/>
		<feat xlink:href="#sSpan97" value="ⲙⲡⲉ"/>
		<feat xlink:href="#sSpan99" value="ⲛⲧⲟⲟⲩ"/>
		<feat xlink:href="#sSpan101" value="ϭⲓⲛⲉ"/>
		<feat xlink:href="#sSpan103" value="ⲡ"/>
		<feat xlink:href="#sSpan107" value="ⲉⲧⲉⲣⲉ"/>
		<feat xlink:href="#sSpan109" value="ⲛⲧⲟⲟⲩ"/>
		<feat xlink:href="#sSpan111" value="ⲛⲁ"/>
		<feat xlink:href="#sSpan113" value="ⲟⲩⲱⲙ"/>
		<feat xlink:href="#sSpan116" value="ⲛⲧⲟϥ"/>
		<feat xlink:href="#sSpan118" value="·"/>
		<feat xlink:href="#sSpan122" value="ⲛ"/>
		<feat xlink:href="#sSpan127" value="ⲡ"/>
		<feat xlink:href="#sSpan129" value="ϩⲉ"/>
		<feat xlink:href="#sSpan131" value="ⲉⲧⲉⲣⲉ"/>
		<feat xlink:href="#sSpan135" value="ⲛⲧⲱⲧⲛ"/>
		<feat xlink:href="#sSpan138" value="ⲥⲱⲧⲙ"/>
		<feat xlink:href="#sSpan140" value="·"/>
		<feat xlink:href="#sSpan144" value="ⲁⲩⲱ"/>
		<feat xlink:href="#sSpan149" value="ⲉⲣⲉ"/>
		<feat xlink:href="#sSpan153" value="ⲡ"/>
		<feat xlink:href="#sSpan156" value="ⲉⲧⲉⲣⲉ"/>
		<feat xlink:href="#sSpan158" value="ⲛⲁⲩ"/>
		<feat xlink:href="#sSpan162" value="ϩⲟⲙⲟⲗⲟⲅⲉⲓ"/>
		<feat xlink:href="#sSpan167" value="ⲛ"/>
		<feat xlink:href="#sSpan171" value="ⲡⲉⲩ"/>
		<feat xlink:href="#sSpan174" value="ϩⲓⲥⲉ"/>
		<feat xlink:href="#sSpan177" value="·"/>
		<feat xlink:href="#sSpan182" value="ⲉⲧⲃⲉ"/>
		<feat xlink:href="#sSpan192" value="ⲡⲁⲓ"/>
		<feat xlink:href="#sSpan195" value="ⲙⲁⲣⲉ"/>
		<feat xlink:href="#sSpan199" value="ⲁⲛⲟⲛ"/>
		<feat xlink:href="#sSpan201" value="ϣⲗⲏⲗ"/>
		<feat xlink:href="#sSpan204" value="ⲧⲏⲣ"/>
		<feat xlink:href="#sSpan209" value="ⲁⲛⲟⲛ"/>
		<feat xlink:href="#sSpan211" value="ⲟⲩⲟⲛ"/>
		<feat xlink:href="#sSpan217" value="ⲛⲓⲙ"/>
		<feat xlink:href="#sSpan221" value="ⲉⲧⲉⲣⲉ"/>
		<feat xlink:href="#sSpan227" value="ⲣϩⲟⲧⲉ"/>
		<feat xlink:href="#sSpan230" value="ϩⲏⲧ"/>
		<feat xlink:href="#sSpan235" value="ⲛⲧⲟϥ"/>
		<feat xlink:href="#sSpan237" value="ⲛ"/>
		<feat xlink:href="#sSpan241" value="ⲡ"/>
		<feat xlink:href="#sSpan244" value="ⲛⲟⲩⲧⲉ"/>
		<feat xlink:href="#sSpan246" value="ⲉ"/>
		<feat xlink:href="#sSpan251" value="ⲧⲣⲉ"/>
		<feat xlink:href="#sSpan253" value="ⲡ"/>
		<feat xlink:href="#sSpan257" value="ⲭⲣⲓⲥⲧⲟⲥ"/>
		<feat xlink:href="#sSpan259" value="ⲕⲱ"/>
		<feat xlink:href="#sSpan264" value="ⲡⲉϥ"/>
		<feat xlink:href="#sSpan267" value="ⲥⲙⲟⲩ"/>
		<feat xlink:href="#sSpan269" value="ⲉⲣⲉ"/>
		<feat xlink:href="#sSpan275" value="ⲛⲧⲟϥ"/>
		<feat xlink:href="#sSpan277" value="ⲙⲟⲩⲛ"/>
		<feat xlink:href="#sSpan279" value="ⲉⲃⲟⲗ"/>
		<feat xlink:href="#sSpan283" value="ϩⲣⲁⲓ"/>
		<feat xlink:href="#sSpan289" value="ϩⲛ"/>
		<feat xlink:href="#sSpan293" value="ⲡⲉϥ"/>
		<feat xlink:href="#sSpan297" value="ⲥⲩⲛⲁⲅⲱⲅⲏ"/>
		<feat xlink:href="#sSpan300" value="·"/>
		<feat xlink:href="#sSpan304" value="ⲁⲩⲱ"/>
		<feat xlink:href="#sSpan310" value="ⲛⲧⲉ"/>
		<feat xlink:href="#sSpan314" value="ⲛⲧⲟϥ"/>
		<feat xlink:href="#sSpan316" value="ⲧⲙ"/>
		<feat xlink:href="#sSpan318" value="ⲕⲱ"/>
		<feat xlink:href="#sSpan320" value="ⲡⲉϥ"/>
		<feat xlink:href="#sSpan325" value="ⲧⲟⲡⲟⲥ"/>
		<feat xlink:href="#sSpan327" value="ⲉ"/>
		<feat xlink:href="#sSpan331" value="ϣⲱⲱⲧ"/>
		<feat xlink:href="#sSpan334" value="ⲛ"/>
		<feat xlink:href="#sSpan338" value="ⲗⲁⲁⲩ"/>
		<feat xlink:href="#sSpan341" value=":"/></featList></paula>