<?xml version='1.0' encoding='UTF-8'?><!DOCTYPE paula SYSTEM "paula_feat.dtd">
<paula version="1.1">
	<header paula_id="scriptorium.on_lack_of_food.mark_func"/>
	<featList xmlns:xlink="http://www.w3.org/1999/xlink" type="func" xml:base="scriptorium.on_lack_of_food.mark.xml">
		<feat xlink:href="#sSpan1" value="mark"/>
		<feat xlink:href="#sSpan13" value="nsubj"/>
		<feat xlink:href="#sSpan16" value="root"/>
		<feat xlink:href="#sSpan20" value="case"/>
		<feat xlink:href="#sSpan24" value="obl"/>
		<feat xlink:href="#sSpan27" value="mark"/>
		<feat xlink:href="#sSpan30" value="acl:relcl"/>
		<feat xlink:href="#sSpan32" value="mark"/>
		<feat xlink:href="#sSpan36" value="acl:relcl"/>
		<feat xlink:href="#sSpan40" value="mark"/>
		<feat xlink:href="#sSpan42" value="acl:relcl"/>
		<feat xlink:href="#sSpan44" value="cop"/>
		<feat xlink:href="#sSpan49" value="punct"/>
		<feat xlink:href="#sSpan53" value="case"/>
		<feat xlink:href="#sSpan59" value="det"/>
		<feat xlink:href="#sSpan62" value="root"/>
		<feat xlink:href="#sSpan64" value="mark"/>
		<feat xlink:href="#sSpan68" value="nsubj"/>
		<feat xlink:href="#sSpan70" value="acl:relcl"/>
		<feat xlink:href="#sSpan72" value="case"/>
		<feat xlink:href="#sSpan77" value="det"/>
		<feat xlink:href="#sSpan80" value="obl"/>
		<feat xlink:href="#sSpan83" value="case"/>
		<feat xlink:href="#sSpan87" value="det"/>
		<feat xlink:href="#sSpan90" value="nmod"/>
		<feat xlink:href="#sSpan92" value="mark"/>
		<feat xlink:href="#sSpan97" value="aux"/>
		<feat xlink:href="#sSpan99" value="nsubj"/>
		<feat xlink:href="#sSpan101" value="advcl"/>
		<feat xlink:href="#sSpan103" value="obj"/>
		<feat xlink:href="#sSpan107" value="mark"/>
		<feat xlink:href="#sSpan109" value="nsubj"/>
		<feat xlink:href="#sSpan111" value="aux"/>
		<feat xlink:href="#sSpan113" value="acl:relcl"/>
		<feat xlink:href="#sSpan116" value="obj"/>
		<feat xlink:href="#sSpan118" value="punct"/>
		<feat xlink:href="#sSpan122" value="case"/>
		<feat xlink:href="#sSpan128" value="det"/>
		<feat xlink:href="#sSpan130" value="root"/>
		<feat xlink:href="#sSpan132" value="mark"/>
		<feat xlink:href="#sSpan136" value="nsubj"/>
		<feat xlink:href="#sSpan139" value="acl:relcl"/>
		<feat xlink:href="#sSpan141" value="punct"/>
		<feat xlink:href="#sSpan145" value="cc"/>
		<feat xlink:href="#sSpan152" value="mark"/>
		<feat xlink:href="#sSpan156" value="nsubj"/>
		<feat xlink:href="#sSpan159" value="mark"/>
		<feat xlink:href="#sSpan161" value="acl:relcl"/>
		<feat xlink:href="#sSpan165" value="root"/>
		<feat xlink:href="#sSpan170" value="case"/>
		<feat xlink:href="#sSpan174" value="det"/>
		<feat xlink:href="#sSpan177" value="obl"/>
		<feat xlink:href="#sSpan180" value="punct"/>
		<feat xlink:href="#sSpan185" value="case"/>
		<feat xlink:href="#sSpan195" value="obl"/>
		<feat xlink:href="#sSpan198" value="aux"/>
		<feat xlink:href="#sSpan202" value="nsubj"/>
		<feat xlink:href="#sSpan204" value="root"/>
		<feat xlink:href="#sSpan207" value="advmod"/>
		<feat xlink:href="#sSpan212" value="det"/>
		<feat xlink:href="#sSpan214" value="dislocated"/>
		<feat xlink:href="#sSpan220" value="det"/>
		<feat xlink:href="#sSpan224" value="mark"/>
		<feat xlink:href="#sSpan230" value="acl:relcl"/>
		<feat xlink:href="#sSpan233" value="obl:npmod"/>
		<feat xlink:href="#sSpan238" value="det"/>
		<feat xlink:href="#sSpan240" value="case"/>
		<feat xlink:href="#sSpan244" value="det"/>
		<feat xlink:href="#sSpan247" value="obl"/>
		<feat xlink:href="#sSpan249" value="mark"/>
		<feat xlink:href="#sSpan254" value="xcomp"/>
		<feat xlink:href="#sSpan256" value="det"/>
		<feat xlink:href="#sSpan260" value="obj"/>
		<feat xlink:href="#sSpan262" value="xcomp"/>
		<feat xlink:href="#sSpan267" value="det"/>
		<feat xlink:href="#sSpan270" value="obj"/>
		<feat xlink:href="#sSpan272" value="mark"/>
		<feat xlink:href="#sSpan277" value="nsubj"/>
		<feat xlink:href="#sSpan279" value="advcl"/>
		<feat xlink:href="#sSpan281" value="advmod"/>
		<feat xlink:href="#sSpan285" value="advmod"/>
		<feat xlink:href="#sSpan291" value="case"/>
		<feat xlink:href="#sSpan295" value="det"/>
		<feat xlink:href="#sSpan299" value="obl"/>
		<feat xlink:href="#sSpan302" value="punct"/>
		<feat xlink:href="#sSpan306" value="cc"/>
		<feat xlink:href="#sSpan313" value="aux"/>
		<feat xlink:href="#sSpan317" value="nsubj"/>
		<feat xlink:href="#sSpan319" value="advmod"/>
		<feat xlink:href="#sSpan321" value="root"/>
		<feat xlink:href="#sSpan323" value="det"/>
		<feat xlink:href="#sSpan328" value="obj"/>
		<feat xlink:href="#sSpan330" value="mark"/>
		<feat xlink:href="#sSpan334" value="xcomp"/>
		<feat xlink:href="#sSpan337" value="case"/>
		<feat xlink:href="#sSpan341" value="obj"/>
		<feat xlink:href="#sSpan344" value="punct"/></featList></paula>