<?xml version='1.0' encoding='UTF-8'?><!DOCTYPE paula SYSTEM "paula_rel.dtd">
<paula version="1.1">
	<header paula_id="scriptorium.on_lack_of_food.head"/>
	<relList xmlns:xlink="http://www.w3.org/1999/xlink" type="head">
		<rel id="sPointingRel183" xlink:href="scriptorium.on_lack_of_food.mark.xml#sSpan106" target="scriptorium.on_lack_of_food.mark.xml#sSpan103"/>
		<rel id="sPointingRel185" xlink:href="scriptorium.on_lack_of_food.mark.xml#sSpan79" target="scriptorium.on_lack_of_food.mark.xml#sSpan80"/>
		<rel id="sPointingRel187" xlink:href="scriptorium.on_lack_of_food.mark.xml#sSpan269" target="scriptorium.on_lack_of_food.mark.xml#sSpan270"/>
		<rel id="sPointingRel189" xlink:href="scriptorium.on_lack_of_food.mark.xml#sSpan246" target="scriptorium.on_lack_of_food.mark.xml#sSpan247"/>
		<rel id="sPointingRel191" xlink:href="scriptorium.on_lack_of_food.mark.xml#sSpan158" target="scriptorium.on_lack_of_food.mark.xml#sSpan156"/>
		<rel id="sPointingRel193" xlink:href="scriptorium.on_lack_of_food.mark.xml#sSpan297" target="scriptorium.on_lack_of_food.mark.xml#sSpan299"/>
		<rel id="sPointingRel195" xlink:href="scriptorium.on_lack_of_food.mark.xml#sSpan325" target="scriptorium.on_lack_of_food.mark.xml#sSpan328"/>
		<rel id="sPointingRel197" xlink:href="scriptorium.on_lack_of_food.mark.xml#sSpan26" target="scriptorium.on_lack_of_food.mark.xml#sSpan24"/>
		<rel id="sPointingRel199" xlink:href="scriptorium.on_lack_of_food.mark.xml#sSpan343" target="scriptorium.on_lack_of_food.mark.xml#sSpan341"/>
		<rel id="sPointingRel201" xlink:href="scriptorium.on_lack_of_food.mark.xml#sSpan176" target="scriptorium.on_lack_of_food.mark.xml#sSpan177"/>
		<rel id="sPointingRel203" xlink:href="scriptorium.on_lack_of_food.mark.xml#sSpan38" target="scriptorium.on_lack_of_food.mark.xml#sSpan36"/>
		<rel id="sPointingRel205" xlink:href="scriptorium.on_lack_of_food.mark.xml#sSpan219" target="scriptorium.on_lack_of_food.mark.xml#sSpan214"/>
		<rel id="sPointingRel207" xlink:href="scriptorium.on_lack_of_food.mark.xml#sSpan197" target="scriptorium.on_lack_of_food.mark.xml#sSpan195"/>
		<rel id="sPointingRel209" xlink:href="scriptorium.on_lack_of_food.mark.xml#sSpan89" target="scriptorium.on_lack_of_food.mark.xml#sSpan90"/>
		<rel id="sPointingRel211" xlink:href="scriptorium.on_lack_of_food.mark.xml#sSpan258" target="scriptorium.on_lack_of_food.mark.xml#sSpan260"/></relList></paula>