<?xml version='1.0' encoding='UTF-8'?><!DOCTYPE paula SYSTEM "paula_rel.dtd">
<paula version="1.1">
	<header paula_id="scriptorium.on_lack_of_food.head"/>
	<relList xmlns:xlink="http://www.w3.org/1999/xlink" type="head">
		<rel id="sPointingRel183" xlink:href="scriptorium.on_lack_of_food.mark.xml#sSpan26" target="scriptorium.on_lack_of_food.mark.xml#sSpan24"/>
		<rel id="sPointingRel185" xlink:href="scriptorium.on_lack_of_food.mark.xml#sSpan78" target="scriptorium.on_lack_of_food.mark.xml#sSpan79"/>
		<rel id="sPointingRel187" xlink:href="scriptorium.on_lack_of_food.mark.xml#sSpan340" target="scriptorium.on_lack_of_food.mark.xml#sSpan338"/>
		<rel id="sPointingRel189" xlink:href="scriptorium.on_lack_of_food.mark.xml#sSpan266" target="scriptorium.on_lack_of_food.mark.xml#sSpan267"/>
		<rel id="sPointingRel191" xlink:href="scriptorium.on_lack_of_food.mark.xml#sSpan216" target="scriptorium.on_lack_of_food.mark.xml#sSpan211"/>
		<rel id="sPointingRel193" xlink:href="scriptorium.on_lack_of_food.mark.xml#sSpan322" target="scriptorium.on_lack_of_food.mark.xml#sSpan325"/>
		<rel id="sPointingRel195" xlink:href="scriptorium.on_lack_of_food.mark.xml#sSpan155" target="scriptorium.on_lack_of_food.mark.xml#sSpan153"/>
		<rel id="sPointingRel197" xlink:href="scriptorium.on_lack_of_food.mark.xml#sSpan173" target="scriptorium.on_lack_of_food.mark.xml#sSpan174"/>
		<rel id="sPointingRel199" xlink:href="scriptorium.on_lack_of_food.mark.xml#sSpan88" target="scriptorium.on_lack_of_food.mark.xml#sSpan89"/>
		<rel id="sPointingRel201" xlink:href="scriptorium.on_lack_of_food.mark.xml#sSpan106" target="scriptorium.on_lack_of_food.mark.xml#sSpan103"/>
		<rel id="sPointingRel203" xlink:href="scriptorium.on_lack_of_food.mark.xml#sSpan243" target="scriptorium.on_lack_of_food.mark.xml#sSpan244"/>
		<rel id="sPointingRel205" xlink:href="scriptorium.on_lack_of_food.mark.xml#sSpan38" target="scriptorium.on_lack_of_food.mark.xml#sSpan36"/>
		<rel id="sPointingRel207" xlink:href="scriptorium.on_lack_of_food.mark.xml#sSpan295" target="scriptorium.on_lack_of_food.mark.xml#sSpan297"/>
		<rel id="sPointingRel209" xlink:href="scriptorium.on_lack_of_food.mark.xml#sSpan255" target="scriptorium.on_lack_of_food.mark.xml#sSpan257"/>
		<rel id="sPointingRel211" xlink:href="scriptorium.on_lack_of_food.mark.xml#sSpan194" target="scriptorium.on_lack_of_food.mark.xml#sSpan192"/></relList></paula>