<?xml version='1.0' encoding='UTF-8'?><!DOCTYPE paula SYSTEM "paula_feat.dtd">
<paula version="1.1">
	<header paula_id="scriptorium.on_lack_of_food.mark_func"/>
	<featList xmlns:xlink="http://www.w3.org/1999/xlink" type="func" xml:base="scriptorium.on_lack_of_food.mark.xml">
		<feat xlink:href="#sSpan1" value="mark"/>
		<feat xlink:href="#sSpan13" value="nsubj"/>
		<feat xlink:href="#sSpan16" value="root"/>
		<feat xlink:href="#sSpan20" value="case"/>
		<feat xlink:href="#sSpan24" value="obl"/>
		<feat xlink:href="#sSpan27" value="mark"/>
		<feat xlink:href="#sSpan30" value="acl:relcl"/>
		<feat xlink:href="#sSpan32" value="mark"/>
		<feat xlink:href="#sSpan36" value="acl:relcl"/>
		<feat xlink:href="#sSpan40" value="mark"/>
		<feat xlink:href="#sSpan42" value="acl:relcl"/>
		<feat xlink:href="#sSpan44" value="cop"/>
		<feat xlink:href="#sSpan49" value="punct"/>
		<feat xlink:href="#sSpan53" value="case"/>
		<feat xlink:href="#sSpan58" value="det"/>
		<feat xlink:href="#sSpan61" value="root"/>
		<feat xlink:href="#sSpan63" value="mark"/>
		<feat xlink:href="#sSpan67" value="nsubj"/>
		<feat xlink:href="#sSpan69" value="acl:relcl"/>
		<feat xlink:href="#sSpan71" value="case"/>
		<feat xlink:href="#sSpan76" value="det"/>
		<feat xlink:href="#sSpan79" value="obl"/>
		<feat xlink:href="#sSpan82" value="case"/>
		<feat xlink:href="#sSpan86" value="det"/>
		<feat xlink:href="#sSpan89" value="nmod"/>
		<feat xlink:href="#sSpan91" value="mark"/>
		<feat xlink:href="#sSpan96" value="aux"/>
		<feat xlink:href="#sSpan98" value="nsubj"/>
		<feat xlink:href="#sSpan100" value="advcl"/>
		<feat xlink:href="#sSpan102" value="obj"/>
		<feat xlink:href="#sSpan106" value="mark"/>
		<feat xlink:href="#sSpan108" value="nsubj"/>
		<feat xlink:href="#sSpan110" value="aux"/>
		<feat xlink:href="#sSpan112" value="acl:relcl"/>
		<feat xlink:href="#sSpan115" value="obj"/>
		<feat xlink:href="#sSpan117" value="punct"/>
		<feat xlink:href="#sSpan121" value="case"/>
		<feat xlink:href="#sSpan126" value="det"/>
		<feat xlink:href="#sSpan128" value="root"/>
		<feat xlink:href="#sSpan130" value="mark"/>
		<feat xlink:href="#sSpan134" value="nsubj"/>
		<feat xlink:href="#sSpan137" value="acl:relcl"/>
		<feat xlink:href="#sSpan139" value="punct"/>
		<feat xlink:href="#sSpan143" value="cc"/>
		<feat xlink:href="#sSpan149" value="mark"/>
		<feat xlink:href="#sSpan153" value="nsubj"/>
		<feat xlink:href="#sSpan156" value="mark"/>
		<feat xlink:href="#sSpan158" value="acl:relcl"/>
		<feat xlink:href="#sSpan162" value="root"/>
		<feat xlink:href="#sSpan167" value="case"/>
		<feat xlink:href="#sSpan171" value="nmod:poss"/>
		<feat xlink:href="#sSpan174" value="obl"/>
		<feat xlink:href="#sSpan177" value="punct"/>
		<feat xlink:href="#sSpan182" value="case"/>
		<feat xlink:href="#sSpan192" value="obl"/>
		<feat xlink:href="#sSpan195" value="aux"/>
		<feat xlink:href="#sSpan199" value="nsubj"/>
		<feat xlink:href="#sSpan201" value="root"/>
		<feat xlink:href="#sSpan204" value="obl:unmarked"/>
		<feat xlink:href="#sSpan209" value="nmod:poss"/>
		<feat xlink:href="#sSpan211" value="dislocated"/>
		<feat xlink:href="#sSpan217" value="det"/>
		<feat xlink:href="#sSpan221" value="mark"/>
		<feat xlink:href="#sSpan227" value="acl:relcl"/>
		<feat xlink:href="#sSpan230" value="obl:unmarked"/>
		<feat xlink:href="#sSpan235" value="nmod:poss"/>
		<feat xlink:href="#sSpan237" value="case"/>
		<feat xlink:href="#sSpan241" value="det"/>
		<feat xlink:href="#sSpan244" value="obl"/>
		<feat xlink:href="#sSpan246" value="mark"/>
		<feat xlink:href="#sSpan251" value="xcomp"/>
		<feat xlink:href="#sSpan253" value="det"/>
		<feat xlink:href="#sSpan257" value="obj"/>
		<feat xlink:href="#sSpan259" value="xcomp"/>
		<feat xlink:href="#sSpan264" value="nmod:poss"/>
		<feat xlink:href="#sSpan267" value="obj"/>
		<feat xlink:href="#sSpan269" value="mark"/>
		<feat xlink:href="#sSpan274" value="nsubj"/>
		<feat xlink:href="#sSpan276" value="advcl"/>
		<feat xlink:href="#sSpan278" value="advmod"/>
		<feat xlink:href="#sSpan282" value="advmod"/>
		<feat xlink:href="#sSpan288" value="case"/>
		<feat xlink:href="#sSpan292" value="nmod:poss"/>
		<feat xlink:href="#sSpan296" value="obl"/>
		<feat xlink:href="#sSpan299" value="punct"/>
		<feat xlink:href="#sSpan303" value="cc"/>
		<feat xlink:href="#sSpan309" value="aux"/>
		<feat xlink:href="#sSpan313" value="nsubj"/>
		<feat xlink:href="#sSpan315" value="advmod"/>
		<feat xlink:href="#sSpan317" value="root"/>
		<feat xlink:href="#sSpan319" value="nmod:poss"/>
		<feat xlink:href="#sSpan324" value="obj"/>
		<feat xlink:href="#sSpan326" value="mark"/>
		<feat xlink:href="#sSpan330" value="xcomp"/>
		<feat xlink:href="#sSpan333" value="case"/>
		<feat xlink:href="#sSpan337" value="obj"/>
		<feat xlink:href="#sSpan340" value="punct"/></featList></paula>