<?xml version='1.0' encoding='UTF-8'?><!DOCTYPE paula SYSTEM "paula_feat.dtd">
<paula version="1.1">
	<header paula_id="scriptorium.martyrdom.victor.04.mark_entity_identity"/>
	<featList xmlns:xlink="http://www.w3.org/1999/xlink" type="entity_identity" xml:base="scriptorium.martyrdom.victor.04.mark.xml">
		<feat xlink:href="#sSpan1726" value="Diocletian"/>
		<feat xlink:href="#sSpan1789" value="Antioch"/>
		<feat xlink:href="#sSpan1861" value="Jesus"/>
		<feat xlink:href="#sSpan1965" value="Devil"/>
		<feat xlink:href="#sSpan2841" value="Jesus"/>
		<feat xlink:href="#sSpan2945" value="Heavenly host"/>
		<feat xlink:href="#sSpan2989" value="Jesus"/>
		<feat xlink:href="#sSpan3432" value="Jesus"/>
		<feat xlink:href="#sSpan4292" value="Alexandria"/>
		<feat xlink:href="#sSpan4336" value="Parmouti"/>
		<feat xlink:href="#sSpan4416" value="Diocletian"/>
		<feat xlink:href="#sSpan4856" value="Alexandria"/>
		<feat xlink:href="#sSpan5215" value="Apollo"/>
		<feat xlink:href="#sSpan5874" value="Alexandria"/>
		<feat xlink:href="#sSpan7054" value="Jesus"/>
		<feat xlink:href="#sSpan7124" value="Apollo"/>
		<feat xlink:href="#sSpan7169" value="Artemis"/>
		<feat xlink:href="#sSpan7789" value="Abel"/>
		<feat xlink:href="#sSpan7808" value="Zechariah ben Jehoiada"/>
		<feat xlink:href="#sSpan8081" value="Shadrach, Meshach, and Abednego"/>
		<feat xlink:href="#sSpan8102" value="Shadrach, Meshach, and Abednego"/>
		<feat xlink:href="#sSpan8111" value="Shadrach, Meshach, and Abednego"/>
		<feat xlink:href="#sSpan8153" value="Jesus"/>
		<feat xlink:href="#sSpan8478" value="Jesus"/></featList></paula>