<?xml version='1.0' encoding='UTF-8'?><!DOCTYPE paula SYSTEM "paula_feat.dtd">
<paula version="1.1">
	<header paula_id="scriptorium.martyrdom.victor.04.mark_lang"/>
	<featList xmlns:xlink="http://www.w3.org/1999/xlink" type="lang" xml:base="scriptorium.martyrdom.victor.04.mark.xml">
		<feat xlink:href="#sSpan109" value="Greek"/>
		<feat xlink:href="#sSpan129" value="Greek"/>
		<feat xlink:href="#sSpan187" value="Greek"/>
		<feat xlink:href="#sSpan256" value="Greek"/>
		<feat xlink:href="#sSpan271" value="Greek"/>
		<feat xlink:href="#sSpan278" value="Greek"/>
		<feat xlink:href="#sSpan316" value="Greek"/>
		<feat xlink:href="#sSpan379" value="Greek"/>
		<feat xlink:href="#sSpan391" value="Greek"/>
		<feat xlink:href="#sSpan394" value="Greek"/>
		<feat xlink:href="#sSpan471" value="Greek"/>
		<feat xlink:href="#sSpan487" value="Greek"/>
		<feat xlink:href="#sSpan596" value="Greek"/>
		<feat xlink:href="#sSpan666" value="Greek"/>
		<feat xlink:href="#sSpan770" value="Greek"/>
		<feat xlink:href="#sSpan786" value="Greek"/>
		<feat xlink:href="#sSpan804" value="Greek"/>
		<feat xlink:href="#sSpan851" value="Greek"/>
		<feat xlink:href="#sSpan1048" value="Greek"/>
		<feat xlink:href="#sSpan1078" value="Greek"/>
		<feat xlink:href="#sSpan1090" value="Latin"/>
		<feat xlink:href="#sSpan1125" value="Greek"/>
		<feat xlink:href="#sSpan1143" value="Greek"/>
		<feat xlink:href="#sSpan1168" value="Greek"/>
		<feat xlink:href="#sSpan1211" value="Greek"/>
		<feat xlink:href="#sSpan1236" value="Greek"/>
		<feat xlink:href="#sSpan1320" value="Greek"/>
		<feat xlink:href="#sSpan1341" value="Greek"/>
		<feat xlink:href="#sSpan1373" value="Greek"/>
		<feat xlink:href="#sSpan1411" value="Hebrew"/>
		<feat xlink:href="#sSpan1421" value="Latin"/>
		<feat xlink:href="#sSpan1426" value="Greek"/>
		<feat xlink:href="#sSpan1493" value="Greek"/>
		<feat xlink:href="#sSpan1531" value="Greek"/>
		<feat xlink:href="#sSpan1674" value="Greek"/>
		<feat xlink:href="#sSpan1708" value="Greek"/>
		<feat xlink:href="#sSpan1725" value="Latin"/>
		<feat xlink:href="#sSpan1777" value="Greek"/>
		<feat xlink:href="#sSpan1788" value="Greek"/>
		<feat xlink:href="#sSpan1791" value="Greek"/>
		<feat xlink:href="#sSpan1807" value="Greek"/>
		<feat xlink:href="#sSpan1840" value="Greek"/>
		<feat xlink:href="#sSpan1862" value="Hebrew"/>
		<feat xlink:href="#sSpan1968" value="Greek"/>
		<feat xlink:href="#sSpan1984" value="Greek"/>
		<feat xlink:href="#sSpan2012" value="Greek"/>
		<feat xlink:href="#sSpan2079" value="Hebrew"/>
		<feat xlink:href="#sSpan2088" value="Latin"/>
		<feat xlink:href="#sSpan2093" value="Greek"/>
		<feat xlink:href="#sSpan2189" value="Greek"/>
		<feat xlink:href="#sSpan2203" value="Greek"/>
		<feat xlink:href="#sSpan2211" value="Greek"/>
		<feat xlink:href="#sSpan2221" value="Greek"/>
		<feat xlink:href="#sSpan2237" value="Greek"/>
		<feat xlink:href="#sSpan2362" value="Greek"/>
		<feat xlink:href="#sSpan2440" value="Greek"/>
		<feat xlink:href="#sSpan2484" value="Greek"/>
		<feat xlink:href="#sSpan2487" value="Greek"/>
		<feat xlink:href="#sSpan2519" value="Greek"/>
		<feat xlink:href="#sSpan2564" value="Greek"/>
		<feat xlink:href="#sSpan2736" value="Greek"/>
		<feat xlink:href="#sSpan2867" value="Greek"/>
		<feat xlink:href="#sSpan2877" value="Hebrew"/>
		<feat xlink:href="#sSpan2887" value="Hebrew"/>
		<feat xlink:href="#sSpan2936" value="Hebrew"/>
		<feat xlink:href="#sSpan2960" value="Greek"/>
		<feat xlink:href="#sSpan2964" value="Greek"/>
		<feat xlink:href="#sSpan2979" value="Hebrew"/>
		<feat xlink:href="#sSpan2987" value="Greek"/>
		<feat xlink:href="#sSpan3001" value="Greek"/>
		<feat xlink:href="#sSpan3004" value="Greek"/>
		<feat xlink:href="#sSpan3042" value="Greek"/>
		<feat xlink:href="#sSpan3110" value="Greek"/>
		<feat xlink:href="#sSpan3147" value="Greek"/>
		<feat xlink:href="#sSpan3171" value="Greek"/>
		<feat xlink:href="#sSpan3217" value="Hebrew"/>
		<feat xlink:href="#sSpan3224" value="Greek"/>
		<feat xlink:href="#sSpan3361" value="Greek"/>
		<feat xlink:href="#sSpan3383" value="Greek"/>
		<feat xlink:href="#sSpan3402" value="Greek"/>
		<feat xlink:href="#sSpan3426" value="Greek"/>
		<feat xlink:href="#sSpan3429" value="Hebrew"/>
		<feat xlink:href="#sSpan3478" value="Greek"/>
		<feat xlink:href="#sSpan3595" value="Greek"/>
		<feat xlink:href="#sSpan3638" value="Greek"/>
		<feat xlink:href="#sSpan3708" value="Greek"/>
		<feat xlink:href="#sSpan3715" value="Greek"/>
		<feat xlink:href="#sSpan3755" value="Greek"/>
		<feat xlink:href="#sSpan3780" value="Greek"/>
		<feat xlink:href="#sSpan3807" value="Greek"/>
		<feat xlink:href="#sSpan3823" value="Greek"/>
		<feat xlink:href="#sSpan3830" value="Greek"/>
		<feat xlink:href="#sSpan3884" value="Greek"/>
		<feat xlink:href="#sSpan3895" value="Greek"/>
		<feat xlink:href="#sSpan4129" value="Greek"/>
		<feat xlink:href="#sSpan4199" value="Greek"/>
		<feat xlink:href="#sSpan4268" value="Greek"/>
		<feat xlink:href="#sSpan4276" value="Latin"/>
		<feat xlink:href="#sSpan4341" value="Greek"/>
		<feat xlink:href="#sSpan4385" value="Latin"/>
		<feat xlink:href="#sSpan4392" value="Greek"/>
		<feat xlink:href="#sSpan4405" value="Latin"/>
		<feat xlink:href="#sSpan4443" value="Greek"/>
		<feat xlink:href="#sSpan4453" value="Greek"/>
		<feat xlink:href="#sSpan4456" value="Hebrew"/>
		<feat xlink:href="#sSpan4462" value="Latin"/>
		<feat xlink:href="#sSpan4471" value="Greek"/>
		<feat xlink:href="#sSpan4488" value="Greek"/>
		<feat xlink:href="#sSpan4564" value="Hebrew"/>
		<feat xlink:href="#sSpan4664" value="Latin"/>
		<feat xlink:href="#sSpan4667" value="Greek"/>
		<feat xlink:href="#sSpan4687" value="Greek"/>
		<feat xlink:href="#sSpan4696" value="Greek"/>
		<feat xlink:href="#sSpan4725" value="Greek"/>
		<feat xlink:href="#sSpan4740" value="Greek"/>
		<feat xlink:href="#sSpan4779" value="Greek"/>
		<feat xlink:href="#sSpan4804" value="Latin"/>
		<feat xlink:href="#sSpan4811" value="Greek"/>
		<feat xlink:href="#sSpan4816" value="Greek"/>
		<feat xlink:href="#sSpan4837" value="Greek"/>
		<feat xlink:href="#sSpan4859" value="Greek"/>
		<feat xlink:href="#sSpan4886" value="Greek"/>
		<feat xlink:href="#sSpan4889" value="Greek"/>
		<feat xlink:href="#sSpan4894" value="Greek"/>
		<feat xlink:href="#sSpan4901" value="Latin"/>
		<feat xlink:href="#sSpan4950" value="Hebrew"/>
		<feat xlink:href="#sSpan4959" value="Latin"/>
		<feat xlink:href="#sSpan4964" value="Greek"/>
		<feat xlink:href="#sSpan5001" value="Greek"/>
		<feat xlink:href="#sSpan5020" value="Greek"/>
		<feat xlink:href="#sSpan5061" value="Greek"/>
		<feat xlink:href="#sSpan5097" value="Greek"/>
		<feat xlink:href="#sSpan5120" value="Greek"/>
		<feat xlink:href="#sSpan5141" value="Latin"/>
		<feat xlink:href="#sSpan5161" value="Greek"/>
		<feat xlink:href="#sSpan5203" value="Greek"/>
		<feat xlink:href="#sSpan5215" value="Greek"/>
		<feat xlink:href="#sSpan5223" value="Greek"/>
		<feat xlink:href="#sSpan5235" value="Greek"/>
		<feat xlink:href="#sSpan5324" value="Greek"/>
		<feat xlink:href="#sSpan5392" value="Hebrew"/>
		<feat xlink:href="#sSpan5402" value="Latin"/>
		<feat xlink:href="#sSpan5407" value="Greek"/>
		<feat xlink:href="#sSpan5425" value="Latin"/>
		<feat xlink:href="#sSpan5524" value="Greek"/>
		<feat xlink:href="#sSpan5553" value="Greek"/>
		<feat xlink:href="#sSpan5561" value="Greek"/>
		<feat xlink:href="#sSpan5576" value="Greek"/>
		<feat xlink:href="#sSpan5614" value="Greek"/>
		<feat xlink:href="#sSpan5636" value="Greek"/>
		<feat xlink:href="#sSpan5645" value="Latin"/>
		<feat xlink:href="#sSpan5655" value="Greek"/>
		<feat xlink:href="#sSpan5708" value="Greek"/>
		<feat xlink:href="#sSpan5756" value="Greek"/>
		<feat xlink:href="#sSpan5768" value="Latin"/>
		<feat xlink:href="#sSpan5812" value="Greek"/>
		<feat xlink:href="#sSpan5829" value="Greek"/>
		<feat xlink:href="#sSpan5852" value="Latin"/>
		<feat xlink:href="#sSpan5883" value="Greek"/>
		<feat xlink:href="#sSpan5919" value="Greek"/>
		<feat xlink:href="#sSpan5986" value="Greek"/>
		<feat xlink:href="#sSpan6015" value="Latin"/>
		<feat xlink:href="#sSpan6029" value="Greek"/>
		<feat xlink:href="#sSpan6110" value="Greek"/>
		<feat xlink:href="#sSpan6195" value="Greek"/>
		<feat xlink:href="#sSpan6219" value="Latin"/>
		<feat xlink:href="#sSpan6285" value="Greek"/>
		<feat xlink:href="#sSpan6306" value="Greek"/>
		<feat xlink:href="#sSpan6380" value="Latin"/>
		<feat xlink:href="#sSpan6383" value="Greek"/>
		<feat xlink:href="#sSpan6453" value="Greek"/>
		<feat xlink:href="#sSpan6536" value="Greek"/>
		<feat xlink:href="#sSpan6553" value="Greek"/>
		<feat xlink:href="#sSpan6562" value="Greek"/>
		<feat xlink:href="#sSpan6757" value="Greek"/>
		<feat xlink:href="#sSpan6777" value="Latin"/>
		<feat xlink:href="#sSpan6799" value="Hebrew"/>
		<feat xlink:href="#sSpan6803" value="Latin"/>
		<feat xlink:href="#sSpan6822" value="Greek"/>
		<feat xlink:href="#sSpan6860" value="Greek"/>
		<feat xlink:href="#sSpan6863" value="Greek"/>
		<feat xlink:href="#sSpan6868" value="Hebrew"/>
		<feat xlink:href="#sSpan6873" value="Latin"/>
		<feat xlink:href="#sSpan6943" value="Greek"/>
		<feat xlink:href="#sSpan6989" value="Greek"/>
		<feat xlink:href="#sSpan7001" value="Greek"/>
		<feat xlink:href="#sSpan7017" value="Latin"/>
		<feat xlink:href="#sSpan7036" value="Hebrew"/>
		<feat xlink:href="#sSpan7048" value="Greek"/>
		<feat xlink:href="#sSpan7090" value="Greek"/>
		<feat xlink:href="#sSpan7109" value="Greek"/>
		<feat xlink:href="#sSpan7142" value="Greek"/>
		<feat xlink:href="#sSpan7153" value="Greek"/>
		<feat xlink:href="#sSpan7172" value="Hebrew"/>
		<feat xlink:href="#sSpan7180" value="Latin"/>
		<feat xlink:href="#sSpan7185" value="Greek"/>
		<feat xlink:href="#sSpan7209" value="Greek"/>
		<feat xlink:href="#sSpan7227" value="Latin"/>
		<feat xlink:href="#sSpan7230" value="Greek"/>
		<feat xlink:href="#sSpan7242" value="Greek"/>
		<feat xlink:href="#sSpan7264" value="Greek"/>
		<feat xlink:href="#sSpan7294" value="Greek"/>
		<feat xlink:href="#sSpan7330" value="Greek"/>
		<feat xlink:href="#sSpan7348" value="Latin"/>
		<feat xlink:href="#sSpan7351" value="Greek"/>
		<feat xlink:href="#sSpan7362" value="Greek"/>
		<feat xlink:href="#sSpan7386" value="Hebrew"/>
		<feat xlink:href="#sSpan7394" value="Latin"/>
		<feat xlink:href="#sSpan7399" value="Greek"/>
		<feat xlink:href="#sSpan7410" value="Greek"/>
		<feat xlink:href="#sSpan7435" value="Latin"/>
		<feat xlink:href="#sSpan7438" value="Greek"/>
		<feat xlink:href="#sSpan7481" value="Latin"/>
		<feat xlink:href="#sSpan7524" value="Greek"/>
		<feat xlink:href="#sSpan7562" value="Greek"/>
		<feat xlink:href="#sSpan7582" value="Greek"/>
		<feat xlink:href="#sSpan7618" value="Hebrew"/>
		<feat xlink:href="#sSpan7626" value="Latin"/>
		<feat xlink:href="#sSpan7631" value="Greek"/>
		<feat xlink:href="#sSpan7663" value="Greek"/>
		<feat xlink:href="#sSpan7725" value="Greek"/>
		<feat xlink:href="#sSpan7736" value="Greek"/>
		<feat xlink:href="#sSpan7754" value="Greek"/>
		<feat xlink:href="#sSpan7775" value="Hebrew"/>
		<feat xlink:href="#sSpan7793" value="Hebrew"/>
		<feat xlink:href="#sSpan7827" value="Greek"/>
		<feat xlink:href="#sSpan7832" value="Hebrew"/>
		<feat xlink:href="#sSpan7838" value="Latin"/>
		<feat xlink:href="#sSpan7853" value="Hebrew"/>
		<feat xlink:href="#sSpan7868" value="Greek"/>
		<feat xlink:href="#sSpan7872" value="Greek"/>
		<feat xlink:href="#sSpan7916" value="Greek"/>
		<feat xlink:href="#sSpan8008" value="Greek"/>
		<feat xlink:href="#sSpan8011" value="Greek"/>
		<feat xlink:href="#sSpan8050" value="Greek"/>
		<feat xlink:href="#sSpan8072" value="Greek"/>
		<feat xlink:href="#sSpan8075" value="Hebrew"/>
		<feat xlink:href="#sSpan8085" value="Hebrew"/>
		<feat xlink:href="#sSpan8109" value="Greek"/>
		<feat xlink:href="#sSpan8137" value="Hebrew"/>
		<feat xlink:href="#sSpan8220" value="Greek"/>
		<feat xlink:href="#sSpan8263" value="Greek"/>
		<feat xlink:href="#sSpan8291" value="Greek"/>
		<feat xlink:href="#sSpan8414" value="Greek"/>
		<feat xlink:href="#sSpan8436" value="Greek"/>
		<feat xlink:href="#sSpan8439" value="Greek"/>
		<feat xlink:href="#sSpan8458" value="Hebrew"/>
		<feat xlink:href="#sSpan8474" value="Greek"/>
		<feat xlink:href="#sSpan8526" value="Hebrew"/>
		<feat xlink:href="#sSpan8546" value="Greek"/>
		<feat xlink:href="#sSpan8553" value="Hebrew"/>
		<feat xlink:href="#sSpan8557" value="Latin"/>
		<feat xlink:href="#sSpan8597" value="Greek"/>
		<feat xlink:href="#sSpan8628" value="Greek"/>
		<feat xlink:href="#sSpan8644" value="Hebrew"/></featList></paula>