<?xml version="1.0" encoding="UTF-8" standalone="no"?>

<!DOCTYPE paula SYSTEM "paula_feat.dtd">
<paula version="1.0">

<header paula_id="sahidica.nt.1_Corinthians_16_translation"/>

<featList xmlns:xlink="http://www.w3.org/1999/xlink" type="translation" xml:base="sahidica.nt.1_Corinthians_16.translationSeg.xml">
<feat xlink:href="#translation_1" value="Now concerning the collection for the saints, as I commanded the assemblies of Galatia, you do likewise."/><!-- ⲉⲧⲃⲉ...ⲧⲏⲩⲧⲛ -->
<feat xlink:href="#translation_28" value="On the first day of the week, let each one of you save, as he may prosper, that no collections be made when I come."/><!-- ⲕⲁⲧⲁ.... -->
<feat xlink:href="#translation_60" value="When I arrive, I will send whoever you approve with letters to carry your gracious gift to Jerusalem."/><!-- ϩⲟⲧⲁⲛ.... -->
<feat xlink:href="#translation_81" value="If it is appropriate for me to go also, they will go with me."/><!-- ⲉϣⲱⲡⲉ.... -->
<feat xlink:href="#translation_94" value="But I will come to you when I have passed through Macedonia, for I am passing through Macedonia."/><!-- ϯ.... -->
<feat xlink:href="#translation_111" value="But with you it may be that I will stay, or even winter, that you may send me on my journey wherever I go."/><!-- ⲙⲉϣⲁⲕ.... -->
<feat xlink:href="#translation_131" value="For I do not wish to see you now in passing, but I hope to stay a while with you, if the Lord permits."/><!-- ⲛ.... -->
<feat xlink:href="#translation_154" value="But I will stay at Ephesus until Pentecost,"/><!-- ϯ.... -->
<feat xlink:href="#translation_162" value="for a great and effective door has opened to me, and there are many adversaries."/><!-- ⲁⲩⲛⲟϭ.... -->
<feat xlink:href="#translation_179" value="Now if Timothy comes, see that he is with you without fear, for he does the work of the Lord, as I also do."/><!-- ⲉⲣϣⲁⲛ.... -->
<feat xlink:href="#translation_207" value="Therefore let no one despise him. But set him forward on his journey in peace, that he may come to me; for I expect him with the brothers."/><!-- ⲙⲡⲣⲧⲣⲉ.... -->
<feat xlink:href="#translation_234" value="Now concerning Apollos, the brother, I strongly urged him to come to you with the brothers; and it was not at all his desire to come now; but he will come when he has an opportunity."/><!-- ⲉⲧⲃⲉ.... -->
<feat xlink:href="#translation_271" value="Watch! Stand firm in the faith! Be courageous! Be strong!"/><!-- ⲣⲟⲉⲓⲥ.... -->
<feat xlink:href="#translation_282" value="Let all that you do be done in love."/><!-- ⲛⲉⲧⲛ.... -->
<feat xlink:href="#translation_291" value="Now I beg you, brothers (you know the house of Stephanas, that it is the first fruits of Achaia, and that they have set themselves to serve the saints),"/><!-- ϯ.... -->
<feat xlink:href="#translation_325" value="that you also be in subjection to such, and to everyone who helps in the work and labors."/><!-- ϫⲉⲕⲁⲁⲥ.... -->
<feat xlink:href="#translation_346" value="I rejoice at the coming of Stephanas, Fortunatus, and Achaicus; for that which was lacking on your part, they supplied."/><!-- ϯ.... -->
<feat xlink:href="#translation_366" value="For they refreshed my spirit and yours. Therefore acknowledge those who are like that."/><!-- ⲁ.... -->
<feat xlink:href="#translation_382" value="The assemblies of Asia greet you. Aquila and Priscilla greet you much in the Lord, together with the assembly that is in their house."/><!-- ⲥⲉ.... -->
<feat xlink:href="#translation_411" value="All the brothers greet you. Greet one another with a holy kiss."/><!-- ⲥⲉ.... -->
<feat xlink:href="#translation_432" value="This greeting is by me, Paul, with my own hand."/><!-- ⲡⲁⲥⲡⲁⲥⲙⲟⲥ.... -->
<feat xlink:href="#translation_439" value="If any man doesn&apos;t love the Lord Jesus Christ, let him be accursed"/><!-- ⲡⲉⲧⲉⲛϥⲙⲉ.... -->
<feat xlink:href="#translation_451" value="The grace of the Lord Jesus Christ be with you."/><!-- ⲧⲉ.... -->
<feat xlink:href="#translation_460" value="My love to all of you in Christ Jesus. Amen."/><!-- ⲧⲁ...ⲓⲏⲥⲟⲩⲥ -->
</featList>
</paula>
