<?xml version="1.0" encoding="UTF-8" standalone="no"?>

<!DOCTYPE paula SYSTEM "paula_mark.dtd">
<paula version="1.0">

<header paula_id="sahidica.nt.1_Corinthians_16_verseSeg"/>

<markList xmlns:xlink="http://www.w3.org/1999/xlink" type="verseSeg" xml:base="sahidica.nt.1_Corinthians_16.tok.xml">
<mark id="verse_1" xlink:href="#xpointer(id('tok_1')/range-to(id('tok_29')))"/><!-- ⲉⲧⲃⲉ...ⲧⲏⲩⲧⲛ -->
<mark id="verse_30" xlink:href="#xpointer(id('tok_30')/range-to(id('tok_65')))"/><!-- ⲕⲁⲧⲁ.... -->
<mark id="verse_66" xlink:href="#xpointer(id('tok_66')/range-to(id('tok_88')))"/><!-- ϩⲟⲧⲁⲛ.... -->
<mark id="verse_89" xlink:href="#xpointer(id('tok_89')/range-to(id('tok_101')))"/><!-- ⲉϣⲱⲡⲉ.... -->
<mark id="verse_102" xlink:href="#xpointer(id('tok_102')/range-to(id('tok_118')))"/><!-- ϯ.... -->
<mark id="verse_119" xlink:href="#xpointer(id('tok_119')/range-to(id('tok_143')))"/><!-- ⲙⲉϣⲁⲕ.... -->
<mark id="verse_144" xlink:href="#xpointer(id('tok_144')/range-to(id('tok_170')))"/><!-- ⲛ.... -->
<mark id="verse_171" xlink:href="#xpointer(id('tok_171')/range-to(id('tok_179')))"/><!-- ϯ.... -->
<mark id="verse_180" xlink:href="#xpointer(id('tok_180')/range-to(id('tok_198')))"/><!-- ⲁ.... -->
<mark id="verse_199" xlink:href="#xpointer(id('tok_199')/range-to(id('tok_226')))"/><!-- ⲉⲣϣⲁⲛ.... -->
<mark id="verse_227" xlink:href="#xpointer(id('tok_227')/range-to(id('tok_253')))"/><!-- ⲙⲡⲣⲧⲣⲉ.... -->
<mark id="verse_254" xlink:href="#xpointer(id('tok_254')/range-to(id('tok_290')))"/><!-- ⲉⲧⲃⲉ.... -->
<mark id="verse_291" xlink:href="#xpointer(id('tok_291')/range-to(id('tok_302')))"/><!-- ⲣⲟⲉⲓⲥ.... -->
<mark id="verse_303" xlink:href="#xpointer(id('tok_303')/range-to(id('tok_311')))"/><!-- ⲛⲉⲧⲛ.... -->
<mark id="verse_312" xlink:href="#xpointer(id('tok_312')/range-to(id('tok_345')))"/><!-- ϯ.... -->
<mark id="verse_346" xlink:href="#xpointer(id('tok_346')/range-to(id('tok_368')))"/><!-- ϫⲉⲕⲁⲁⲥ.... -->
<mark id="verse_369" xlink:href="#xpointer(id('tok_369')/range-to(id('tok_390')))"/><!-- ϯ.... -->
<mark id="verse_391" xlink:href="#xpointer(id('tok_391')/range-to(id('tok_408')))"/><!-- ⲁ.... -->
<mark id="verse_409" xlink:href="#xpointer(id('tok_409')/range-to(id('tok_441')))"/><!-- ⲥⲉ.... -->
<mark id="verse_442" xlink:href="#xpointer(id('tok_442')/range-to(id('tok_461')))"/><!-- ⲥⲉ.... -->
<mark id="verse_462" xlink:href="#xpointer(id('tok_462')/range-to(id('tok_469')))"/><!-- ⲡ.... -->
<mark id="verse_470" xlink:href="#xpointer(id('tok_470')/range-to(id('tok_481')))"/><!-- ⲡⲉⲧⲉⲛϥⲙⲉ.... -->
<mark id="verse_482" xlink:href="#xpointer(id('tok_482')/range-to(id('tok_490')))"/><!-- ⲧⲉ.... -->
<mark id="verse_491" xlink:href="#xpointer(id('tok_491')/range-to(id('tok_500')))"/><!-- ⲧⲁ...ⲓⲏⲥⲟⲩⲥ -->
</markList>
</paula>
