<?xml version='1.0' encoding='UTF-8'?><!DOCTYPE paula SYSTEM "paula_feat.dtd">
<paula version="1.1">
	<header paula_id="scriptorium.AP.001.n135.mother.mark_hi_rend"/>
	<featList xmlns:xlink="http://www.w3.org/1999/xlink" type="hi_rend" xml:base="scriptorium.AP.001.n135.mother.mark.xml">
		<feat xlink:href="#sSpan18" value="red"/>
		<feat xlink:href="#sSpan27" value="red"/>
		<feat xlink:href="#sSpan55" value="red"/>
		<feat xlink:href="#sSpan60" value="red ekthetic large"/>
		<feat xlink:href="#sSpan137" value="4_space_right"/>
		<feat xlink:href="#sSpan138" value="red 4_space_right"/>
		<feat xlink:href="#sSpan152" value="red ekthetic large"/>
		<feat xlink:href="#sSpan191" value="red 4_space_right"/>
		<feat xlink:href="#sSpan223" value="red 4_space_right"/>
		<feat xlink:href="#sSpan239" value="red ekthetic large"/>
		<feat xlink:href="#sSpan298" value="red 1_space_right"/>
		<feat xlink:href="#sSpan349" value="4_space_right"/>
		<feat xlink:href="#sSpan403" value="red"/>
		<feat xlink:href="#sSpan408" value="red ekthetic large"/>
		<feat xlink:href="#sSpan549" value="red"/>
		<feat xlink:href="#sSpan554" value="red ekthetic large"/>
		<feat xlink:href="#sSpan611" value="red 2_space_right"/>
		<feat xlink:href="#sSpan627" value="red ekthetic large"/>
		<feat xlink:href="#sSpan677" value="red"/>
		<feat xlink:href="#sSpan717" value="red 3_space_right"/>
		<feat xlink:href="#sSpan803" value="red tall"/>
		<feat xlink:href="#sSpan810" value="red tall"/>
		<feat xlink:href="#sSpan886" value="red"/>
		<feat xlink:href="#sSpan891" value="red ekthetic large"/>
		<feat xlink:href="#sSpan920" value="red"/>
		<feat xlink:href="#sSpan953" value="red"/>
		<feat xlink:href="#sSpan966" value="red"/>
		<feat xlink:href="#sSpan971" value="red ekthetic large"/>
		<feat xlink:href="#sSpan1020" value="red"/>
		<feat xlink:href="#sSpan1025" value="red ekthetic large"/>
		<feat xlink:href="#sSpan1057" value="red 1_space_right"/>
		<feat xlink:href="#sSpan1145" value="red"/>
		<feat xlink:href="#sSpan1150" value="red ekthetic large"/>
		<feat xlink:href="#sSpan1240" value="red 2_spaces_right"/></featList></paula>