<?xml version='1.0' encoding='UTF-8'?><!DOCTYPE paula SYSTEM "paula_feat.dtd">
<paula version="1.1">
	<header paula_id="scriptorium.40_Matthew_15.mark_verse"/>
	<featList xmlns:xlink="http://www.w3.org/1999/xlink" type="verse" xml:base="scriptorium.40_Matthew_15.mark.xml">
		<feat xlink:href="#sSpan1" value="1"/>
		<feat xlink:href="#sSpan39" value="2"/>
		<feat xlink:href="#sSpan84" value="3"/>
		<feat xlink:href="#sSpan132" value="4"/>
		<feat xlink:href="#sSpan183" value="5"/>
		<feat xlink:href="#sSpan233" value="6"/>
		<feat xlink:href="#sSpan267" value="7"/>
		<feat xlink:href="#sSpan293" value="8"/>
		<feat xlink:href="#sSpan329" value="9"/>
		<feat xlink:href="#sSpan363" value="10"/>
		<feat xlink:href="#sSpan393" value="11"/>
		<feat xlink:href="#sSpan440" value="12"/>
		<feat xlink:href="#sSpan491" value="13"/>
		<feat xlink:href="#sSpan535" value="14"/>
		<feat xlink:href="#sSpan582" value="15"/>
		<feat xlink:href="#sSpan618" value="16"/>
		<feat xlink:href="#sSpan648" value="17"/>
		<feat xlink:href="#sSpan706" value="18"/>
		<feat xlink:href="#sSpan749" value="19"/>
		<feat xlink:href="#sSpan796" value="20"/>
		<feat xlink:href="#sSpan831" value="21"/>
		<feat xlink:href="#sSpan865" value="22"/>
		<feat xlink:href="#sSpan936" value="23"/>
		<feat xlink:href="#sSpan1008" value="24"/>
		<feat xlink:href="#sSpan1056" value="25"/>
		<feat xlink:href="#sSpan1096" value="26"/>
		<feat xlink:href="#sSpan1148" value="27"/>
		<feat xlink:href="#sSpan1198" value="28"/>
		<feat xlink:href="#sSpan1265" value="29"/>
		<feat xlink:href="#sSpan1328" value="30"/>
		<feat xlink:href="#sSpan1393" value="31"/>
		<feat xlink:href="#sSpan1463" value="32"/>
		<feat xlink:href="#sSpan1555" value="33"/>
		<feat xlink:href="#sSpan1601" value="34"/>
		<feat xlink:href="#sSpan1651" value="35"/>
		<feat xlink:href="#sSpan1677" value="36"/>
		<feat xlink:href="#sSpan1737" value="37"/>
		<feat xlink:href="#sSpan1776" value="38"/>
		<feat xlink:href="#sSpan1804" value="39"/></featList></paula>