<?xml version='1.0' encoding='UTF-8'?><!DOCTYPE paula SYSTEM "paula_feat.dtd">
<paula version="1.1">
	<header paula_id="scriptorium.40_Matthew_15.mark_translation"/>
	<featList xmlns:xlink="http://www.w3.org/1999/xlink" type="translation" xml:base="scriptorium.40_Matthew_15.mark.xml">
		<feat xlink:href="#sSpan1" value="Then Pharisees and scribes came to Jesus from Jerusalem, saying,"/>
		<feat xlink:href="#sSpan39" value="'Why do your disciples disobey the tradition of the elders? For they don't wash their hands when they eat bread.'"/>
		<feat xlink:href="#sSpan84" value="He answered them, 'Why do you also disobey the commandment of God because of your tradition?"/>
		<feat xlink:href="#sSpan132" value="For God commanded, 'Honor your father and your mother,'"/>
		<feat xlink:href="#sSpan183" value="But you say, 'Whoever may tell his father or his mother, 'Whatever help you might otherwise have gotten from me is a gift devoted to God,'"/>
		<feat xlink:href="#sSpan233" value="he shall not honor his father or mother.' You have made the commandment of God void because of your tradition."/>
		<feat xlink:href="#sSpan267" value="You hypocrites! Well did Isaiah prophesy of you, saying,"/>
		<feat xlink:href="#sSpan293" value="'These people draw near to me with their mouth, and honor me with their lips; but their heart is far from me."/>
		<feat xlink:href="#sSpan329" value="And in vain do they worship me, teaching as doctrine rules made by men.''"/>
		<feat xlink:href="#sSpan363" value="He summoned the multitude, and said to them, 'Hear, and understand."/>
		<feat xlink:href="#sSpan393" value="That which enters into the mouth doesn't defile the man; but that which proceeds out of the mouth, this defiles the man.'"/>
		<feat xlink:href="#sSpan440" value="Then the disciples came, and said to him, 'Do you know that the Pharisees were offended, when they heard this saying?'"/>
		<feat xlink:href="#sSpan491" value="But he answered, 'Every plant which my heavenly Father didn't plant will be uprooted."/>
		<feat xlink:href="#sSpan535" value="Leave them alone. They are blind guides of the blind. If the blind guide the blind, both will fall into a pit.'"/>
		<feat xlink:href="#sSpan582" value="Peter answered him, 'Explain the parable to us.'"/>
		<feat xlink:href="#sSpan618" value="So Jesus said, 'Do you also still not understand?"/>
		<feat xlink:href="#sSpan648" value="Don't you understand that whatever goes into the mouth passes into the belly, and then out of the body?"/>
		<feat xlink:href="#sSpan706" value="But the things which proceed out of the mouth come out of the heart, and they defile the man."/>
		<feat xlink:href="#sSpan749" value="For out of the heart come forth evil thoughts, murders, adulteries, sexual sins, thefts, false testimony, and blasphemies."/>
		<feat xlink:href="#sSpan796" value="These are the things which defile the man; but to eat with unwashed hands doesn't defile the man.'"/>
		<feat xlink:href="#sSpan831" value="Jesus went out from there, and withdrew into the region of Tyre and Sidon."/>
		<feat xlink:href="#sSpan865" value="Behold, a Canaanite woman came out from those borders, and cried, saying, 'Have mercy on me, Lord, you son of David! My daughter is severely demonized!'"/>
		<feat xlink:href="#sSpan936" value="But he answered her not a word. His disciples came and begged him, saying, 'Send her away; for she cries after us.'"/>
		<feat xlink:href="#sSpan1008" value="But he answered, 'I wasn't sent to anyone but the lost sheep of the house of Israel.'"/>
		<feat xlink:href="#sSpan1056" value="But she came and worshiped him, saying, 'Lord, help me.'"/>
		<feat xlink:href="#sSpan1096" value="But he answered, 'It is not appropriate to take the children's bread and throw it to the dogs.'"/>
		<feat xlink:href="#sSpan1148" value="But she said, 'Yes, Lord, but even the dogs eat the crumbs which fall from their masters' table.'"/>
		<feat xlink:href="#sSpan1198" value="Then Jesus answered her, 'Woman, great is your faith! Be it done to you even as you desire.' And her daughter was healed from that hour."/>
		<feat xlink:href="#sSpan1265" value="Jesus departed there, and came near to the sea of Galilee; and he went up into the mountain, and sat there."/>
		<feat xlink:href="#sSpan1328" value="Great multitudes came to him, having with them the lame, blind, mute, maimed, and many others, and they put them down at his feet. He healed them,"/>
		<feat xlink:href="#sSpan1393" value="so that the multitude wondered when they saw the mute speaking, injured whole, lame walking, and blind seeing--and they glorified the God of Israel."/>
		<feat xlink:href="#sSpan1463" value="Jesus summoned his disciples and said, 'I have compassion on the multitude, because they continue with me now three days and have nothing to eat. I don't want to send them away fasting, or they might faint on the way.'"/>
		<feat xlink:href="#sSpan1555" value="The disciples said to him, 'Where should we get so many loaves in a deserted place as to satisfy so great a multitude?'"/>
		<feat xlink:href="#sSpan1601" value="Jesus said to them, 'How many loaves do you have?' They said, 'Seven, and a few small fish.'"/>
		<feat xlink:href="#sSpan1651" value="He commanded the multitude to sit down on the ground;"/>
		<feat xlink:href="#sSpan1677" value="and he took the seven loaves and the fish. He gave thanks and broke them, and gave to the disciples, and the disciples to the multitudes."/>
		<feat xlink:href="#sSpan1737" value="They all ate, and were filled. They took up seven baskets full of the broken pieces that were left over."/>
		<feat xlink:href="#sSpan1776" value="Those who ate were four thousand men, besides women and children."/>
		<feat xlink:href="#sSpan1804" value="Then he sent away the multitudes, got into the boat, and came into the borders of Magdala."/></featList></paula>