<?xml version='1.0' encoding='UTF-8'?><!DOCTYPE paula SYSTEM "paula_feat.dtd">
<paula version="1.1">
	<header paula_id="scriptorium.johannes_canons_FA33-34.mark_norm_group"/>
	<featList xmlns:xlink="http://www.w3.org/1999/xlink" type="norm_group" xml:base="scriptorium.johannes_canons_FA33-34.mark.xml">
		<feat xlink:href="#sSpan4" value="ⲇⲁⲓⲙⲱⲛ"/>
		<feat xlink:href="#sSpan16" value="ⲉⲧⲣⲉⲩⲕⲗⲏⲣⲟⲛⲟⲙⲉⲓ"/>
		<feat xlink:href="#sSpan31" value="ϩⲱⲟⲩ"/>
		<feat xlink:href="#sSpan38" value="ⲛⲙⲙⲁϥ"/>
		<feat xlink:href="#sSpan44" value="ⲙⲡⲕⲱϩⲧ"/>
		<feat xlink:href="#sSpan53" value="ⲙⲛⲡϥⲛⲧ"/>
		<feat xlink:href="#sSpan62" value="·"/>
		<feat xlink:href="#sSpan66" value="ⲉⲩϣⲟⲃⲉ"/>
		<feat xlink:href="#sSpan78" value="ⲉⲣⲟϥ"/>
		<feat xlink:href="#sSpan85" value="ⲧⲉⲛⲟⲩ"/>
		<feat xlink:href="#sSpan89" value="ϩⲛⲟⲩ"/>
		<feat xlink:href="#sSpan96" value="ⲛϩⲣⲁⲓ"/>
		<feat xlink:href="#sSpan100" value="ϩⲛⲁⲙⲛⲧⲉ"/>
		<feat xlink:href="#sSpan107" value="·"/>
		<feat xlink:href="#sSpan111" value="ⲛϭⲓⲛⲉⲛⲧⲁⲩⲃⲱⲕ"/>
		<feat xlink:href="#sSpan130" value="ⲉⲡⲉⲥⲏⲧ"/>
		<feat xlink:href="#sSpan138" value="ⲉⲣⲟϥ"/>
		<feat xlink:href="#sSpan145" value="ⲧⲏⲣⲟⲩ"/>
		<feat xlink:href="#sSpan151" value="ϫⲓⲛⲛϣⲟⲣⲡ"/>
		<feat xlink:href="#sSpan160" value="ϣⲁϩⲣⲁⲓ"/>
		<feat xlink:href="#sSpan165" value="ⲉⲧⲉⲛⲟⲩ"/>
		<feat xlink:href="#sSpan170" value="ⲙⲛⲛⲉⲧⲛⲁⲃⲱⲕ"/>
		<feat xlink:href="#sSpan183" value="ⲟⲛ"/>
		<feat xlink:href="#sSpan187" value="ⲉⲡⲉⲥⲏⲧ"/>
		<feat xlink:href="#sSpan196" value="ⲉⲣⲟϥ"/>
		<feat xlink:href="#sSpan202" value="ϣⲁϩⲣⲁⲓ"/>
		<feat xlink:href="#sSpan207" value="ⲉⲧⲥⲩⲛⲧⲉⲗⲉⲓⲁ"/>
		<feat xlink:href="#sSpan217" value="ⲙⲡⲁⲓⲱⲛ"/>
		<feat xlink:href="#sSpan227" value="ⲕⲁⲧⲁⲡⲉⲙⲡϣⲁ"/>
		<feat xlink:href="#sSpan236" value="ⲛⲛⲛⲟⲃⲉ"/>
		<feat xlink:href="#sSpan245" value="ⲙⲡⲟⲩⲁ"/>
		<feat xlink:href="#sSpan253" value="ⲡⲟⲩⲁ"/>
		<feat xlink:href="#sSpan260" value="·"/>
		<feat xlink:href="#sSpan264" value="ⲟⲩ"/>
		<feat xlink:href="#sSpan272" value="ϭⲉ"/>
		<feat xlink:href="#sSpan276" value="ⲧⲉⲛⲟⲩ"/>
		<feat xlink:href="#sSpan281" value="ⲡⲉ"/>
		<feat xlink:href="#sSpan285" value="ⲡϣⲓⲃⲉ"/>
		<feat xlink:href="#sSpan292" value="ⲙⲡⲇⲓⲁⲃⲟⲗⲟⲥ"/>
		<feat xlink:href="#sSpan305" value="ⲙⲛⲛⲉϥⲇⲁⲓⲙⲱⲛ"/>
		<feat xlink:href="#sSpan316" value="ⲁⲩⲱ"/>
		<feat xlink:href="#sSpan322" value="ⲓⲟⲩⲇⲁⲥ"/>
		<feat xlink:href="#sSpan326" value="ⲙⲛⲛⲣⲉϥⲣⲛⲟⲃⲉ"/>
		<feat xlink:href="#sSpan338" value="ⲧⲏⲣⲟⲩ"/>
		<feat xlink:href="#sSpan345" value="ⲉⲧⲛⲁⲙⲟⲩ"/>
		<feat xlink:href="#sSpan354" value="ⲛϩⲣⲁⲓ"/>
		<feat xlink:href="#sSpan358" value="ϩⲛⲛⲉⲩⲛⲟⲃⲉ"/>
		<feat xlink:href="#sSpan367" value="ⲉⲙⲡⲟⲩⲙⲉⲧⲁⲛⲟⲉⲓ"/>
		<feat xlink:href="#sSpan382" value="ⲉⲩϣⲟⲃⲉ"/>
		<feat xlink:href="#sSpan392" value="ⲉⲛⲉⲩⲉⲣⲏⲩ"/>
		<feat xlink:href="#sSpan401" value="ϩⲟⲟⲩ"/>
		<feat xlink:href="#sSpan405" value="·"/>
		<feat xlink:href="#sSpan409" value="ⲛϩⲣⲁⲓ"/>
		<feat xlink:href="#sSpan418" value="ϩⲙⲡⲕⲱϩⲧ"/>
		<feat xlink:href="#sSpan426" value="ⲛⲧⲅⲉϩⲉⲛⲛⲁ"/>
		<feat xlink:href="#sSpan436" value="·"/>
		<feat xlink:href="#sSpan442" value="ⲧⲛⲟⲩⲱϣ"/>
		<feat xlink:href="#sSpan456" value="ⲉⲉⲓⲙⲉ"/>
		<feat xlink:href="#sSpan463" value="ϫⲉⲛⲥⲉϣⲟⲃⲉ"/>
		<feat xlink:href="#sSpan476" value="ⲁⲛ"/>
		<feat xlink:href="#sSpan483" value="ⲉⲛⲉⲩⲉⲣⲏⲩ"/>
		<feat xlink:href="#sSpan491" value="ⲛϭⲓⲛⲣⲉϥⲣⲛⲟⲃⲉ"/>
		<feat xlink:href="#sSpan505" value="ⲉⲡⲇⲓⲁⲃⲟⲗⲟⲥ"/>
		<feat xlink:href="#sSpan518" value="ⲙⲛⲛⲉϥⲇⲁⲓⲙⲱⲛ"/>
		<feat xlink:href="#sSpan531" value="ⲛϩⲣⲁⲓ"/>
		<feat xlink:href="#sSpan539" value="ϩⲛⲁⲙⲛⲧⲉ"/>
		<feat xlink:href="#sSpan545" value="ⲁⲩⲱ"/>
		<feat xlink:href="#sSpan553" value="ⲛϩⲉⲗⲗⲏⲛ"/>
		<feat xlink:href="#sSpan560" value="ⲙⲛⲛϩⲁⲓⲣⲉⲧⲓⲕⲟⲥ"/>
		<feat xlink:href="#sSpan573" value="ⲁⲩⲱ"/>
		<feat xlink:href="#sSpan581" value="ⲃⲁⲣⲃⲁⲣⲟⲥ"/>
		<feat xlink:href="#sSpan586" value="ⲙⲛⲛⲓⲟⲩⲇⲁⲓ"/>
		<feat xlink:href="#sSpan598" value="ⲛⲁⲓ"/>
		<feat xlink:href="#sSpan603" value="ⲉⲧⲟ"/>
		<feat xlink:href="#sSpan611" value="ⲛⲁⲧⲛⲁϩⲧⲉ"/>
		<feat xlink:href="#sSpan620" value="ⲉⲡϫⲟⲉⲓⲥ"/>
		<feat xlink:href="#sSpan631" value="ⲓⲏⲥⲟⲩⲥ"/>
		<feat xlink:href="#sSpan635" value="ϫⲉⲡⲓⲉⲓⲛⲉ"/>
		<feat xlink:href="#sSpan648" value="ⲛⲟⲩⲱⲧ"/>
		<feat xlink:href="#sSpan654" value="ⲡⲉ"/>
		<feat xlink:href="#sSpan660" value="ⲛⲛⲉⲩⲉⲣⲏⲩ"/>
		<feat xlink:href="#sSpan671" value="ⲛϩⲣⲁⲓ"/>
		<feat xlink:href="#sSpan679" value="ϩⲙⲡⲕⲱϩⲧ"/>
		<feat xlink:href="#sSpan687" value="ⲙⲛⲡϥⲛⲧ"/>
		<feat xlink:href="#sSpan699" value="ⲉⲧⲉⲙⲉϥⲛⲕⲟⲧⲕ"/>
		<feat xlink:href="#sSpan713" value="·"/>
		<feat xlink:href="#sSpan717" value="ⲁⲛⲁⲩ"/>
		<feat xlink:href="#sSpan728" value="ⲉⲩⲙⲁ"/>
		<feat xlink:href="#sSpan736" value="ⲉϥϣⲟⲕϩ"/>
		<feat xlink:href="#sSpan748" value="ⲉⲙⲁⲧⲉ"/>
		<feat xlink:href="#sSpan752" value="ⲁⲩⲱ"/>
		<feat xlink:href="#sSpan758" value="ⲉϥⲟⲩⲟϣⲥ"/>
		<feat xlink:href="#sSpan769" value="ⲉⲡⲉϩⲟⲩⲟ"/>
		<feat xlink:href="#sSpan780" value="ⲛⲅϫⲓ"/>
		<feat xlink:href="#sSpan788" value="ⲉⲃⲟⲗ"/>
		<feat xlink:href="#sSpan793" value="ϩⲛϣⲉ"/>
		<feat xlink:href="#sSpan802" value="ⲛⲓⲙ"/>
		<feat xlink:href="#sSpan806" value="ⲉⲛⲁⲛⲟⲩϥ"/>
		<feat xlink:href="#sSpan815" value="·"/>
		<feat xlink:href="#sSpan821" value="ϩⲛⲛⲥⲱⲧⲡ"/>
		<feat xlink:href="#sSpan834" value="ⲛϣⲉ"/>
		<feat xlink:href="#sSpan842" value="ⲧⲏⲣⲟⲩ"/>
		<feat xlink:href="#sSpan853" value="ⲙⲡⲗⲓⲃⲁⲛⲟⲥ"/>
		<feat xlink:href="#sSpan863" value="·"/>
		<feat xlink:href="#sSpan867" value="ⲁⲩⲱ"/>
		<feat xlink:href="#sSpan875" value="ϣⲉ"/>
		<feat xlink:href="#sSpan879" value="ⲛⲓⲙ"/>
		<feat xlink:href="#sSpan883" value="ⲉϥϣⲟⲟⲡ"/>
		<feat xlink:href="#sSpan892" value="ϩⲓϫⲙⲡⲕⲁϩ"/>
		<feat xlink:href="#sSpan902" value="ⲕⲁⲧⲁⲗⲁⲁⲩ"/>
		<feat xlink:href="#sSpan909" value="ⲛⲥⲙⲟⲩ"/>
		<feat xlink:href="#sSpan915" value="ϣⲁϩⲣⲁⲓ"/>
		<feat xlink:href="#sSpan920" value="ⲉϩⲉⲛϣⲟⲛⲧⲉ"/>
		<feat xlink:href="#sSpan930" value="ⲙⲛϩⲉⲛⲁⲣⲟⲟⲩⲉ"/>
		<feat xlink:href="#sSpan940" value="·"/>
		<feat xlink:href="#sSpan946" value="ⲁⲩⲱ"/>
		<feat xlink:href="#sSpan958" value=".ⲛⲉ"/>
		<feat xlink:href="#sSpan967" value="ⲙⲙⲟⲟⲩ"/>
		<feat xlink:href="#sSpan975" value="ⲧⲏⲣⲟⲩ"/>
		<feat xlink:href="#sSpan981" value="ⲛⲅϫⲓ"/>
		<feat xlink:href="#sSpan992" value="ⲉⲃⲟⲗ"/>
		<feat xlink:href="#sSpan997" value="ⲛϩⲏⲧⲟⲩ"/>
		<feat xlink:href="#sSpan1006" value="ⲧⲏⲣⲟⲩ"/>
		<feat xlink:href="#sSpan1012" value="ⲛⲅⲛⲟϫⲟⲩ"/>
		<feat xlink:href="#sSpan1025" value="ⲉϩⲣⲁⲓ"/>
		<feat xlink:href="#sSpan1029" value="ⲉⲡⲙⲁ"/>
		<feat xlink:href="#sSpan1037" value="ⲉⲧϣⲟⲣϩ"/>
		<feat xlink:href="#sSpan1046" value="ⲁⲩⲱ"/>
		<feat xlink:href="#sSpan1051" value="ⲉⲧⲟⲩⲟϣⲥ"/>
		<feat xlink:href="#sSpan1060" value="ⲉⲃⲟⲗ"/>
		<feat xlink:href="#sSpan1067" value="ⲛⲅϯⲡⲕⲱϩⲧ"/>
		<feat xlink:href="#sSpan1081" value="ⲉⲣⲟⲕ"/>
		<feat xlink:href="#sSpan1090" value="ⲉⲣⲉⲟⲩⲧⲏⲩ"/>
		<feat xlink:href="#sSpan1101" value="ⲉϥⲛⲁϣⲧⲛⲓϥⲉ"/>
		<feat xlink:href="#sSpan1119" value="ⲛⲥⲱⲟⲩ"/>
		<feat xlink:href="#sSpan1127" value="ϩⲓⲧⲙⲡⲟⲩⲉϩⲥⲁϩⲛⲉ"/>
		<feat xlink:href="#sSpan1140" value="ⲙⲡⲛⲟⲩⲧⲉ"/>
		<feat xlink:href="#sSpan1151" value="ⲛⲅⲛⲁⲩ"/>
		<feat xlink:href="#sSpan1162" value="ϫⲉⲉⲣⲉⲡⲉⲓⲛⲉ"/>
		<feat xlink:href="#sSpan1176" value="ⲙⲡⲉⲩⲕⲁⲡⲛⲟⲥ"/>
		<feat xlink:href="#sSpan1186" value="ⲁⲩⲱ"/>
		<feat xlink:href="#sSpan1193" value="ⲡⲉⲩⲣⲱⲕϩ"/>
		<feat xlink:href="#sSpan1202" value="ⲉϥϣⲟⲃⲉ"/>
		<feat xlink:href="#sSpan1213" value="ⲉⲛⲉⲩⲉⲣⲏⲩ"/>
		<feat xlink:href="#sSpan1224" value="ϩⲛⲟⲩ"/>
		<feat xlink:href="#sSpan1231" value="·"/>
		<feat xlink:href="#sSpan1235" value="ⲁⲛⲥⲁⲃⲉⲉⲩⲉ"/>
		<feat xlink:href="#sSpan1251" value="ⲅⲁⲣ"/>
		<feat xlink:href="#sSpan1255" value="ⲟⲩⲱ"/>
		<feat xlink:href="#sSpan1261" value="ⲉⲩⲛⲟⲉⲓ"/>
		<feat xlink:href="#sSpan1273" value="·"/>
		<feat xlink:href="#sSpan1277" value="ⲁⲩⲱ"/>
		<feat xlink:href="#sSpan1285" value="ⲛⲥⲉⲣⲭⲣⲉⲓⲁ"/>
		<feat xlink:href="#sSpan1300" value="ⲁⲛ"/>
		<feat xlink:href="#sSpan1304" value="ⲛⲟⲩ"/>
		<feat xlink:href="#sSpan1312" value="ϩⲙⲡⲉⲓⲡⲁⲣⲁⲇⲓⲅⲙⲁ"/>
		<feat xlink:href="#sSpan1322" value="ϫⲉⲧⲁⲓ"/>
		<feat xlink:href="#sSpan1328" value="ⲧⲉ"/>
		<feat xlink:href="#sSpan1333" value="ⲧϩⲉ"/>
		<feat xlink:href="#sSpan1339" value="ⲙⲡⲉⲓⲛⲉ"/>
		<feat xlink:href="#sSpan1347" value="ⲛⲛⲉⲧϩⲛⲁⲙⲛⲧⲉ"/>
		<feat xlink:href="#sSpan1361" value="·"/>
		<feat xlink:href="#sSpan1365" value="ⲉⲩϩⲛⲧⲙⲏⲧⲉ"/>
		<feat xlink:href="#sSpan1383" value="ⲅⲁⲣ"/>
		<feat xlink:href="#sSpan1387" value="ⲙⲡϣⲁ"/>
		<feat xlink:href="#sSpan1395" value="ϩⲙⲡⲕⲱϩⲧ"/>
		<feat xlink:href="#sSpan1404" value="·"/>
		<feat xlink:href="#sSpan1408" value="ⲁⲩⲱ"/>
		<feat xlink:href="#sSpan1417" value="ⲉⲩϩⲁⲣⲱϥ"/>
		<feat xlink:href="#sSpan1427" value="ⲙⲡϥⲛⲧ"/>
		<feat xlink:href="#sSpan1436" value="ⲉⲧⲉⲙⲉϥⲛⲕⲟⲧⲕ"/>
		<feat xlink:href="#sSpan1447" value="ⲛⲧⲁⲡⲛⲟⲩⲧⲉ"/>
		<feat xlink:href="#sSpan1459" value="ⲅⲁⲣ"/>
		<feat xlink:href="#sSpan1464" value="ⲧⲁⲙⲓⲉⲡϥⲛⲧ"/>
		<feat xlink:href="#sSpan1473" value="ⲉⲧϩⲛⲁⲙⲛⲧⲉ"/>
		<feat xlink:href="#sSpan1482" value="·"/>
		<feat xlink:href="#sSpan1486" value="ⲁⲩⲱ"/>
		<feat xlink:href="#sSpan1494" value="ⲧϫⲟⲟⲗⲉⲥ"/>
		<feat xlink:href="#sSpan1501" value="·"/>
		<feat xlink:href="#sSpan1505" value="ⲉⲩⲟ"/>
		<feat xlink:href="#sSpan1517" value="ⲛⲁⲧⲙⲟⲩ"/>
		<feat xlink:href="#sSpan1527" value="·"/>
		<feat xlink:href="#sSpan1531" value="ⲛⲧϩⲉ"/>
		<feat xlink:href="#sSpan1543" value="ϩⲱⲱϥ"/>
		<feat xlink:href="#sSpan1550" value="ⲙⲡⲕⲱϩⲧ"/>
		<feat xlink:href="#sSpan1559" value="ⲛⲁⲧⲱϣⲙ"/>
		<feat xlink:href="#sSpan1567" value="ⲉⲧⲣⲉϥϫⲓⲕⲃⲁ"/>
		<feat xlink:href="#sSpan1584" value="ⲙⲡⲇⲓⲁⲃⲟⲗⲟⲥ"/>
		<feat xlink:href="#sSpan1595" value="ⲙⲛⲛⲉϥⲇⲁⲓⲙⲱⲛ"/>
		<feat xlink:href="#sSpan1605" value="ⲛϩⲣⲁⲓ"/>
		<feat xlink:href="#sSpan1609" value="ϩⲛⲁⲙⲛⲧⲉ"/>
		<feat xlink:href="#sSpan1616" value="ⲉⲃⲟⲗ"/>
		<feat xlink:href="#sSpan1621" value="ϩⲓⲧⲟⲟⲧⲟⲩ"/>
		<feat xlink:href="#sSpan1629" value="ⲙⲡⲕⲱϩⲧ"/>
		<feat xlink:href="#sSpan1638" value="ⲉⲧⲉⲙⲉϥⲱϣⲙ"/></featList></paula>