<?xml version='1.0' encoding='UTF-8'?><!DOCTYPE paula SYSTEM "paula_feat.dtd">
<paula version="1.1">
	<header paula_id="scriptorium.johannes_canons_FA33-34.mark_supplied_reason"/>
	<featList xmlns:xlink="http://www.w3.org/1999/xlink" type="supplied_reason" xml:base="scriptorium.johannes_canons_FA33-34.mark.xml">
		<feat xlink:href="#sSpan21" value="reason not provided by transcriber"/>
		<feat xlink:href="#sSpan301" value="reason not provided by transcriber"/>
		<feat xlink:href="#sSpan378" value="reason not provided by transcriber"/>
		<feat xlink:href="#sSpan450" value="reason not provided by transcriber"/>
		<feat xlink:href="#sSpan466" value="reason not provided by transcriber"/>
		<feat xlink:href="#sSpan479" value="reason not provided by transcriber"/>
		<feat xlink:href="#sSpan494" value="reason not provided by transcriber"/>
		<feat xlink:href="#sSpan514" value="reason not provided by transcriber"/>
		<feat xlink:href="#sSpan524" value="reason not provided by transcriber"/>
		<feat xlink:href="#sSpan535" value="lacuna"/>
		<feat xlink:href="#sSpan549" value="reason not provided by transcriber"/>
		<feat xlink:href="#sSpan564" value="reason not provided by transcriber"/>
		<feat xlink:href="#sSpan576" value="lacuna"/>
		<feat xlink:href="#sSpan589" value="reason not provided by transcriber"/>
		<feat xlink:href="#sSpan605" value="lacuna"/>
		<feat xlink:href="#sSpan624" value="lacuna"/>
		<feat xlink:href="#sSpan644" value="lacuna"/>
		<feat xlink:href="#sSpan665" value="reason not provided by transcriber"/>
		<feat xlink:href="#sSpan677" value="illegible"/>
		<feat xlink:href="#sSpan693" value="reason not provided by transcriber"/>
		<feat xlink:href="#sSpan707" value="reason not provided by transcriber"/>
		<feat xlink:href="#sSpan719" value="lacuna"/>
		<feat xlink:href="#sSpan744" value="lacuna"/>
		<feat xlink:href="#sSpan764" value="reason not provided by transcriber"/>
		<feat xlink:href="#sSpan778" value="reason not provided by transcriber"/>
		<feat xlink:href="#sSpan798" value="lacuna"/>
		<feat xlink:href="#sSpan817" value="lacuna"/>
		<feat xlink:href="#sSpan838" value="lacuna"/>
		<feat xlink:href="#sSpan845" value="illegible"/>
		<feat xlink:href="#sSpan928" value="illegible"/>
		<feat xlink:href="#sSpan942" value="lacuna"/>
		<feat xlink:href="#sSpan965" value="illegible"/>
		<feat xlink:href="#sSpan983" value="illegible"/>
		<feat xlink:href="#sSpan999" value="lacuna"/>
		<feat xlink:href="#sSpan1018" value="lacuna"/>
		<feat xlink:href="#sSpan1039" value="illegible"/>
		<feat xlink:href="#sSpan1053" value="lacuna"/>
		<feat xlink:href="#sSpan1065" value="reason not provided by transcriber"/>
		<feat xlink:href="#sSpan1083" value="lacuna"/>
		<feat xlink:href="#sSpan1099" value="reason not provided by transcriber"/>
		<feat xlink:href="#sSpan1117" value="reason not provided by transcriber"/>
		<feat xlink:href="#sSpan1131" value="reason not provided by transcriber"/>
		<feat xlink:href="#sSpan1144" value="reason not provided by transcriber"/>
		<feat xlink:href="#sSpan1157" value="lacuna"/>
		<feat xlink:href="#sSpan1174" value="reason not provided by transcriber"/>
		<feat xlink:href="#sSpan1188" value="lacuna"/>
		<feat xlink:href="#sSpan1200" value="reason not provided by transcriber"/>
		<feat xlink:href="#sSpan1220" value="lacuna"/>
		<feat xlink:href="#sSpan1243" value="reason not provided by transcriber"/>
		<feat xlink:href="#sSpan1259" value="reason not provided by transcriber"/>
		<feat xlink:href="#sSpan1287" value="reason not provided by transcriber"/>
		<feat xlink:href="#sSpan1570" value="illegible"/>
		<feat xlink:href="#sSpan1625" value="reason not provided by transcriber"/></featList></paula>