<?xml version='1.0' encoding='UTF-8'?><!DOCTYPE paula SYSTEM "paula_feat.dtd">
<paula version="1.1">
	<header paula_id="scriptorium.YA518-520.mark_pos"/>
	<featList xmlns:xlink="http://www.w3.org/1999/xlink" type="pos" xml:base="scriptorium.YA518-520.mark.xml">
		<feat xlink:href="#sSpan2" value="PUNCT"/>
		<feat xlink:href="#sSpan13" value="FM"/>
		<feat xlink:href="#sSpan20" value="FM"/>
		<feat xlink:href="#sSpan24" value="PUNCT"/>
		<feat xlink:href="#sSpan29" value="PUNCT"/>
		<feat xlink:href="#sSpan37" value="NPROP"/>
		<feat xlink:href="#sSpan46" value="PPOS"/>
		<feat xlink:href="#sSpan50" value="N"/>
		<feat xlink:href="#sSpan53" value="CPRET"/>
		<feat xlink:href="#sSpan57" value="PPERS"/>
		<feat xlink:href="#sSpan59" value="V"/>
		<feat xlink:href="#sSpan62" value="COP"/>
		<feat xlink:href="#sSpan66" value="PREP"/>
		<feat xlink:href="#sSpan70" value="ACAUS"/>
		<feat xlink:href="#sSpan72" value="ART"/>
		<feat xlink:href="#sSpan76" value="N"/>
		<feat xlink:href="#sSpan78" value="V"/>
		<feat xlink:href="#sSpan81" value="PREP"/>
		<feat xlink:href="#sSpan85" value="PPERO"/>
		<feat xlink:href="#sSpan87" value="ADV"/>
		<feat xlink:href="#sSpan92" value="PREP"/>
		<feat xlink:href="#sSpan97" value="NPROP"/>
		<feat xlink:href="#sSpan101" value="PUNCT"/>
		<feat xlink:href="#sSpan105" value="CONJ"/>
		<feat xlink:href="#sSpan113" value="NPROP"/>
		<feat xlink:href="#sSpan119" value="CPRET"/>
		<feat xlink:href="#sSpan123" value="PPERS"/>
		<feat xlink:href="#sSpan125" value="V"/>
		<feat xlink:href="#sSpan128" value="COP"/>
		<feat xlink:href="#sSpan132" value="PUNCT"/>
		<feat xlink:href="#sSpan136" value="PREP"/>
		<feat xlink:href="#sSpan140" value="ACAUS"/>
		<feat xlink:href="#sSpan142" value="ART"/>
		<feat xlink:href="#sSpan146" value="N"/>
		<feat xlink:href="#sSpan148" value="V"/>
		<feat xlink:href="#sSpan153" value="PREP"/>
		<feat xlink:href="#sSpan157" value="PPERO"/>
		<feat xlink:href="#sSpan159" value="ADV"/>
		<feat xlink:href="#sSpan164" value="PREP"/>
		<feat xlink:href="#sSpan170" value="NPROP"/>
		<feat xlink:href="#sSpan173" value="PUNCT"/>
		<feat xlink:href="#sSpan177" value="CONJ"/>
		<feat xlink:href="#sSpan185" value="PDEM"/>
		<feat xlink:href="#sSpan190" value="COP"/>
		<feat xlink:href="#sSpan194" value="ART"/>
		<feat xlink:href="#sSpan198" value="N"/>
		<feat xlink:href="#sSpan200" value="CREL"/>
		<feat xlink:href="#sSpan205" value="APST"/>
		<feat xlink:href="#sSpan207" value="ART"/>
		<feat xlink:href="#sSpan210" value="N"/>
		<feat xlink:href="#sSpan212" value="ART"/>
		<feat xlink:href="#sSpan217" value="N"/>
		<feat xlink:href="#sSpan219" value="V"/>
		<feat xlink:href="#sSpan223" value="PREP"/>
		<feat xlink:href="#sSpan227" value="ART"/>
		<feat xlink:href="#sSpan231" value="N"/>
		<feat xlink:href="#sSpan233" value="PREP"/>
		<feat xlink:href="#sSpan238" value="NPROP"/>
		<feat xlink:href="#sSpan242" value="PREP"/>
		<feat xlink:href="#sSpan246" value="PPOS"/>
		<feat xlink:href="#sSpan250" value="N"/>
		<feat xlink:href="#sSpan254" value="PUNCT"/>
		<feat xlink:href="#sSpan258" value="CCIRC"/>
		<feat xlink:href="#sSpan266" value="APST"/>
		<feat xlink:href="#sSpan268" value="PPERS"/>
		<feat xlink:href="#sSpan270" value="V"/>
		<feat xlink:href="#sSpan272" value="PREP"/>
		<feat xlink:href="#sSpan277" value="NPROP"/>
		<feat xlink:href="#sSpan281" value="ADV"/>
		<feat xlink:href="#sSpan286" value="PREP"/>
		<feat xlink:href="#sSpan291" value="NPROP"/>
		<feat xlink:href="#sSpan295" value="PREP"/>
		<feat xlink:href="#sSpan299" value="PPOS"/>
		<feat xlink:href="#sSpan303" value="N"/>
		<feat xlink:href="#sSpan307" value="PUNCT"/>
		<feat xlink:href="#sSpan311" value="APST"/>
		<feat xlink:href="#sSpan318" value="PPERS"/>
		<feat xlink:href="#sSpan320" value="V"/>
		<feat xlink:href="#sSpan323" value="PREP"/>
		<feat xlink:href="#sSpan327" value="PPERO"/>
		<feat xlink:href="#sSpan329" value="PREP"/>
		<feat xlink:href="#sSpan333" value="ART"/>
		<feat xlink:href="#sSpan337" value="N"/>
		<feat xlink:href="#sSpan339" value="PREP"/>
		<feat xlink:href="#sSpan343" value="N"/>
		<feat xlink:href="#sSpan346" value="PREP"/>
		<feat xlink:href="#sSpan350" value="ART"/>
		<feat xlink:href="#sSpan352" value="N"/>
		<feat xlink:href="#sSpan354" value="PREP"/>
		<feat xlink:href="#sSpan358" value="ART"/>
		<feat xlink:href="#sSpan361" value="NUM"/>
		<feat xlink:href="#sSpan364" value="PREP"/>
		<feat xlink:href="#sSpan368" value="N"/>
		<feat xlink:href="#sSpan370" value="CCIRC"/>
		<feat xlink:href="#sSpan374" value="NUM"/>
		<feat xlink:href="#sSpan378" value="COP"/>
		<feat xlink:href="#sSpan382" value="PUNCT"/>
		<feat xlink:href="#sSpan386" value="UNKNOWN"/>
		<feat xlink:href="#sSpan396" value="UNKNOWN"/>
		<feat xlink:href="#sSpan399" value="COP"/>
		<feat xlink:href="#sSpan402" value="PUNCT"/>
		<feat xlink:href="#sSpan406" value="UNKNOWN"/>
		<feat xlink:href="#sSpan410" value="PREP"/>
		<feat xlink:href="#sSpan413" value="PPOS"/>
		<feat xlink:href="#sSpan418" value="N"/>
		<feat xlink:href="#sSpan420" value="CREL"/>
		<feat xlink:href="#sSpan428" value="APST"/>
		<feat xlink:href="#sSpan430" value="PPERS"/>
		<feat xlink:href="#sSpan432" value="V"/>
		<feat xlink:href="#sSpan435" value="ADV"/>
		<feat xlink:href="#sSpan439" value="PREP"/>
		<feat xlink:href="#sSpan444" value="PPOS"/>
		<feat xlink:href="#sSpan448" value="N"/>
		<feat xlink:href="#sSpan450" value="PUNCT"/>
		<feat xlink:href="#sSpan454" value="CCIRC"/>
		<feat xlink:href="#sSpan462" value="PPERS"/>
		<feat xlink:href="#sSpan465" value="V"/>
		<feat xlink:href="#sSpan469" value="PTC"/>
		<feat xlink:href="#sSpan474" value="ADV"/>
		<feat xlink:href="#sSpan479" value="PREP"/>
		<feat xlink:href="#sSpan483" value="ART"/>
		<feat xlink:href="#sSpan486" value="N"/>
		<feat xlink:href="#sSpan488" value="CREL"/>
		<feat xlink:href="#sSpan493" value="APST"/>
		<feat xlink:href="#sSpan495" value="PPERS"/>
		<feat xlink:href="#sSpan497" value="V"/>
		<feat xlink:href="#sSpan499" value="PPERO"/>
		<feat xlink:href="#sSpan501" value="PUNCT"/>
		<feat xlink:href="#sSpan505" value="CONJ"/>
		<feat xlink:href="#sSpan513" value="PREP"/>
		<feat xlink:href="#sSpan517" value="PDEM"/>
		<feat xlink:href="#sSpan519" value="N"/>
		<feat xlink:href="#sSpan521" value="APST"/>
		<feat xlink:href="#sSpan526" value="PPERS"/>
		<feat xlink:href="#sSpan529" value="V"/>
		<feat xlink:href="#sSpan531" value="PREP"/>
		<feat xlink:href="#sSpan536" value="ART"/>
		<feat xlink:href="#sSpan540" value="N"/>
		<feat xlink:href="#sSpan543" value="PREP"/>
		<feat xlink:href="#sSpan547" value="PPOS"/>
		<feat xlink:href="#sSpan550" value="N"/>
		<feat xlink:href="#sSpan553" value="PUNCT"/>
		<feat xlink:href="#sSpan558" value="PREP"/>
		<feat xlink:href="#sSpan565" value="ART"/>
		<feat xlink:href="#sSpan568" value="CREL"/>
		<feat xlink:href="#sSpan571" value="APST"/>
		<feat xlink:href="#sSpan573" value="PPERS"/>
		<feat xlink:href="#sSpan575" value="V"/>
		<feat xlink:href="#sSpan577" value="PPERO"/>
		<feat xlink:href="#sSpan579" value="PREP"/>
		<feat xlink:href="#sSpan584" value="NPROP"/>
		<feat xlink:href="#sSpan588" value="ADV"/>
		<feat xlink:href="#sSpan592" value="PREP"/>
		<feat xlink:href="#sSpan597" value="ART"/>
		<feat xlink:href="#sSpan600" value="N"/>
		<feat xlink:href="#sSpan602" value="CONJ"/>
		<feat xlink:href="#sSpan610" value="PDEM"/>
		<feat xlink:href="#sSpan613" value="CREL"/>
		<feat xlink:href="#sSpan617" value="ADV"/>
		<feat xlink:href="#sSpan619" value="CREL"/>
		<feat xlink:href="#sSpan625" value="NPROP"/>
		<feat xlink:href="#sSpan627" value="COP"/>
		<feat xlink:href="#sSpan632" value="NEG"/>
		<feat xlink:href="#sSpan636" value="PPERS"/>
		<feat xlink:href="#sSpan638" value="FUT"/>
		<feat xlink:href="#sSpan641" value="V"/>
		<feat xlink:href="#sSpan644" value="PREP"/>
		<feat xlink:href="#sSpan649" value="PPERO"/>
		<feat xlink:href="#sSpan651" value="NEG"/>
		<feat xlink:href="#sSpan655" value="PUNCT"/>
		<feat xlink:href="#sSpan660" value="CONJ"/>
		<feat xlink:href="#sSpan668" value="PPERS"/>
		<feat xlink:href="#sSpan672" value="FUT"/>
		<feat xlink:href="#sSpan674" value="V"/>
		<feat xlink:href="#sSpan677" value="PTC"/>
		<feat xlink:href="#sSpan683" value="ADV"/>
		<feat xlink:href="#sSpan687" value="PREP"/>
		<feat xlink:href="#sSpan691" value="PPERO"/>
		<feat xlink:href="#sSpan693" value="PREP"/>
		<feat xlink:href="#sSpan698" value="PPERO"/>
		<feat xlink:href="#sSpan700" value="ACONJ_PPERS"/>
		<feat xlink:href="#sSpan707" value="V"/>
		<feat xlink:href="#sSpan710" value="PREP"/>
		<feat xlink:href="#sSpan714" value="PPERO"/>
		<feat xlink:href="#sSpan716" value="ADV"/>
		<feat xlink:href="#sSpan721" value="ACONJ"/>
		<feat xlink:href="#sSpan728" value="PPERS"/>
		<feat xlink:href="#sSpan730" value="V"/>
		<feat xlink:href="#sSpan732" value="PPERO"/>
		<feat xlink:href="#sSpan734" value="PREP"/>
		<feat xlink:href="#sSpan739" value="ART"/>
		<feat xlink:href="#sSpan742" value="N"/>
		<feat xlink:href="#sSpan744" value="PREP"/>
		<feat xlink:href="#sSpan749" value="N"/>
		<feat xlink:href="#sSpan752" value="CCIRC"/>
		<feat xlink:href="#sSpan756" value="VBD"/>
		<feat xlink:href="#sSpan758" value="PPERS"/>
		<feat xlink:href="#sSpan760" value="PUNCT"/>
		<feat xlink:href="#sSpan764" value="CONJ"/>
		<feat xlink:href="#sSpan772" value="ART"/>
		<feat xlink:href="#sSpan777" value="CREL"/>
		<feat xlink:href="#sSpan779" value="VSTAT"/>
		<feat xlink:href="#sSpan782" value="ADV"/>
		<feat xlink:href="#sSpan787" value="PREP"/>
		<feat xlink:href="#sSpan791" value="PPOS"/>
		<feat xlink:href="#sSpan793" value="PUNCT"/>
		<feat xlink:href="#sSpan797" value="UNKNOWN"/>
		<feat xlink:href="#sSpan804" value="PUNCT"/>
		<feat xlink:href="#sSpan809" value="NPROP"/>
		<feat xlink:href="#sSpan817" value="UNKNOWN"/>
		<feat xlink:href="#sSpan822" value="COP"/>
		<feat xlink:href="#sSpan826" value="CREL"/>
		<feat xlink:href="#sSpan828" value="FUT"/>
		<feat xlink:href="#sSpan831" value="V"/>
		<feat xlink:href="#sSpan834" value="PREP"/>
		<feat xlink:href="#sSpan839" value="PPERO"/>
		<feat xlink:href="#sSpan841" value="PUNCT"/>
		<feat xlink:href="#sSpan846" value="PREP"/>
		<feat xlink:href="#sSpan856" value="PDEM"/>
		<feat xlink:href="#sSpan859" value="PTC"/>
		<feat xlink:href="#sSpan863" value="APST"/>
		<feat xlink:href="#sSpan867" value="PPERS"/>
		<feat xlink:href="#sSpan869" value="V"/>
		<feat xlink:href="#sSpan872" value="PPERO"/>
		<feat xlink:href="#sSpan874" value="PREP"/>
		<feat xlink:href="#sSpan878" value="ART"/>
		<feat xlink:href="#sSpan882" value="N"/>
		<feat xlink:href="#sSpan885" value="PREP"/>
		<feat xlink:href="#sSpan889" value="ART"/>
		<feat xlink:href="#sSpan893" value="N"/>
		<feat xlink:href="#sSpan895" value="PREP"/>
		<feat xlink:href="#sSpan899" value="ART"/>
		<feat xlink:href="#sSpan903" value="N"/>
		<feat xlink:href="#sSpan905" value="PTC"/>
		<feat xlink:href="#sSpan912" value="ART"/>
		<feat xlink:href="#sSpan916" value="N"/>
		<feat xlink:href="#sSpan918" value="PREP"/>
		<feat xlink:href="#sSpan922" value="ART"/>
		<feat xlink:href="#sSpan925" value="N"/>
		<feat xlink:href="#sSpan928" value="CREL"/>
		<feat xlink:href="#sSpan932" value="VSTAT"/>
		<feat xlink:href="#sSpan934" value="PREP"/>
		<feat xlink:href="#sSpan939" value="PPERO"/>
		<feat xlink:href="#sSpan941" value="PUNCT"/>
		<feat xlink:href="#sSpan945" value="CONJ"/>
		<feat xlink:href="#sSpan952" value="VIMP"/>
		<feat xlink:href="#sSpan956" value="ADV"/>
		<feat xlink:href="#sSpan960" value="PREP"/>
		<feat xlink:href="#sSpan964" value="PDEM"/>
		<feat xlink:href="#sSpan967" value="N"/>
		<feat xlink:href="#sSpan970" value="PREP"/>
		<feat xlink:href="#sSpan974" value="PPOS"/>
		<feat xlink:href="#sSpan977" value="N"/>
		<feat xlink:href="#sSpan980" value="PUNCT"/>
		<feat xlink:href="#sSpan984" value="ANEGOPT"/>
		<feat xlink:href="#sSpan991" value="PPERS"/>
		<feat xlink:href="#sSpan994" value="V"/>
		<feat xlink:href="#sSpan998" value="PTC"/>
		<feat xlink:href="#sSpan1003" value="PTC"/>
		<feat xlink:href="#sSpan1007" value="ART"/>
		<feat xlink:href="#sSpan1010" value="N"/>
		<feat xlink:href="#sSpan1013" value="PREP"/>
		<feat xlink:href="#sSpan1017" value="PDEM"/>
		<feat xlink:href="#sSpan1020" value="N"/>
		<feat xlink:href="#sSpan1023" value="PREP"/>
		<feat xlink:href="#sSpan1027" value="PPOS"/>
		<feat xlink:href="#sSpan1030" value="N"/>
		<feat xlink:href="#sSpan1034" value="NPROP"/>
		<feat xlink:href="#sSpan1038" value="PUNCT"/>
		<feat xlink:href="#sSpan1044" value="NPROP"/>
		<feat xlink:href="#sSpan1053" value="CPRET"/>
		<feat xlink:href="#sSpan1057" value="PPERS"/>
		<feat xlink:href="#sSpan1059" value="V"/>
		<feat xlink:href="#sSpan1062" value="PREP"/>
		<feat xlink:href="#sSpan1066" value="ART"/>
		<feat xlink:href="#sSpan1069" value="N"/>
		<feat xlink:href="#sSpan1071" value="COP"/>
		<feat xlink:href="#sSpan1076" value="PUNCT"/>
		<feat xlink:href="#sSpan1080" value="CCIRC"/>
		<feat xlink:href="#sSpan1084" value="PPERS"/>
		<feat xlink:href="#sSpan1086" value="V"/>
		<feat xlink:href="#sSpan1089" value="PREP"/>
		<feat xlink:href="#sSpan1093" value="ACAUS"/>
		<feat xlink:href="#sSpan1095" value="ART"/>
		<feat xlink:href="#sSpan1098" value="N"/>
		<feat xlink:href="#sSpan1101" value="V"/>
		<feat xlink:href="#sSpan1106" value="PREP"/>
		<feat xlink:href="#sSpan1110" value="PPERO"/>
		<feat xlink:href="#sSpan1112" value="ADV"/>
		<feat xlink:href="#sSpan1117" value="PREP"/>
		<feat xlink:href="#sSpan1123" value="NPROP"/>
		<feat xlink:href="#sSpan1126" value="PUNCT"/>
		<feat xlink:href="#sSpan1130" value="CONJ"/>
		<feat xlink:href="#sSpan1139" value="NPROP"/>
		<feat xlink:href="#sSpan1146" value="CPRET"/>
		<feat xlink:href="#sSpan1150" value="PPERS"/>
		<feat xlink:href="#sSpan1152" value="V"/>
		<feat xlink:href="#sSpan1154" value="PREP"/>
		<feat xlink:href="#sSpan1159" value="ACAUS"/>
		<feat xlink:href="#sSpan1161" value="ART"/>
		<feat xlink:href="#sSpan1164" value="N"/>
		<feat xlink:href="#sSpan1167" value="V"/>
		<feat xlink:href="#sSpan1171" value="PREP"/>
		<feat xlink:href="#sSpan1175" value="PPERO"/>
		<feat xlink:href="#sSpan1177" value="ADV"/>
		<feat xlink:href="#sSpan1184" value="PREP"/>
		<feat xlink:href="#sSpan1188" value="NPROP"/>
		<feat xlink:href="#sSpan1193" value="PUNCT"/>
		<feat xlink:href="#sSpan1197" value="CONJ"/>
		<feat xlink:href="#sSpan1205" value="PDEM"/>
		<feat xlink:href="#sSpan1211" value="COP"/>
		<feat xlink:href="#sSpan1215" value="ART"/>
		<feat xlink:href="#sSpan1219" value="N"/>
		<feat xlink:href="#sSpan1221" value="CREL"/>
		<feat xlink:href="#sSpan1225" value="APST"/>
		<feat xlink:href="#sSpan1227" value="ART"/>
		<feat xlink:href="#sSpan1231" value="N"/>
		<feat xlink:href="#sSpan1233" value="ART"/>
		<feat xlink:href="#sSpan1237" value="N"/>
		<feat xlink:href="#sSpan1240" value="V"/>
		<feat xlink:href="#sSpan1244" value="PREP"/>
		<feat xlink:href="#sSpan1248" value="PPERO"/>
		<feat xlink:href="#sSpan1251" value="PREP"/>
		<feat xlink:href="#sSpan1256" value="PPOS"/>
		<feat xlink:href="#sSpan1259" value="N"/>
		<feat xlink:href="#sSpan1261" value="PUNCT"/>
		<feat xlink:href="#sSpan1265" value="CCIRC"/>
		<feat xlink:href="#sSpan1273" value="APST"/>
		<feat xlink:href="#sSpan1275" value="PPERS"/>
		<feat xlink:href="#sSpan1277" value="V"/>
		<feat xlink:href="#sSpan1279" value="ADV"/>
		<feat xlink:href="#sSpan1284" value="PREP"/>
		<feat xlink:href="#sSpan1288" value="PPOS"/>
		<feat xlink:href="#sSpan1292" value="N"/>
		<feat xlink:href="#sSpan1295" value="IMOD"/>
		<feat xlink:href="#sSpan1299" value="PPERO"/>
		<feat xlink:href="#sSpan1301" value="PUNCT"/>
		<feat xlink:href="#sSpan1305" value="CCIRC"/>
		<feat xlink:href="#sSpan1313" value="APST"/>
		<feat xlink:href="#sSpan1315" value="PPERS"/>
		<feat xlink:href="#sSpan1317" value="V"/>
		<feat xlink:href="#sSpan1319" value="PREP"/>
		<feat xlink:href="#sSpan1324" value="NPROP"/>
		<feat xlink:href="#sSpan1328" value="PREP"/>
		<feat xlink:href="#sSpan1333" value="NPROP"/>
		<feat xlink:href="#sSpan1337" value="PUNCT"/>
		<feat xlink:href="#sSpan1341" value="CCIRC"/>
		<feat xlink:href="#sSpan1349" value="APST"/>
		<feat xlink:href="#sSpan1352" value="NPROP"/>
		<feat xlink:href="#sSpan1356" value="PTC"/>
		<feat xlink:href="#sSpan1360" value="V"/>
		<feat xlink:href="#sSpan1365" value="PREP"/>
		<feat xlink:href="#sSpan1370" value="NPROP"/>
		<feat xlink:href="#sSpan1374" value="PUNCT"/>
		<feat xlink:href="#sSpan1378" value="ADV"/>
		<feat xlink:href="#sSpan1383" value="PREP"/>
		<feat xlink:href="#sSpan1387" value="ART"/>
		<feat xlink:href="#sSpan1391" value="N"/>
		<feat xlink:href="#sSpan1393" value="PUNCT"/>
		<feat xlink:href="#sSpan1397" value="PREP"/>
		<feat xlink:href="#sSpan1401" value="ART"/>
		<feat xlink:href="#sSpan1405" value="N"/>
		<feat xlink:href="#sSpan1407" value="PREP"/>
		<feat xlink:href="#sSpan1412" value="NPROP"/>
		<feat xlink:href="#sSpan1416" value="ART"/>
		<feat xlink:href="#sSpan1421" value="N"/>
		<feat xlink:href="#sSpan1423" value="PREP"/>
		<feat xlink:href="#sSpan1428" value="NPROP"/>
		<feat xlink:href="#sSpan1432" value="CCIRC"/>
		<feat xlink:href="#sSpan1440" value="APST"/>
		<feat xlink:href="#sSpan1443" value="NPROP"/>
		<feat xlink:href="#sSpan1446" value="V"/>
		<feat xlink:href="#sSpan1451" value="PREP"/>
		<feat xlink:href="#sSpan1455" value="N"/>
		<feat xlink:href="#sSpan1458" value="PREP"/>
		<feat xlink:href="#sSpan1464" value="NPROP"/>
		<feat xlink:href="#sSpan1468" value="PREP"/>
		<feat xlink:href="#sSpan1472" value="ART"/>
		<feat xlink:href="#sSpan1477" value="N"/>
		<feat xlink:href="#sSpan1479" value="CONJ"/>
		<feat xlink:href="#sSpan1487" value="ART"/>
		<feat xlink:href="#sSpan1490" value="N"/>
		<feat xlink:href="#sSpan1492" value="FUT"/>
		<feat xlink:href="#sSpan1497" value="V"/>
		<feat xlink:href="#sSpan1501" value="PREP"/>
		<feat xlink:href="#sSpan1505" value="ART"/>
		<feat xlink:href="#sSpan1508" value="N"/>
		<feat xlink:href="#sSpan1510" value="CONJ"/>
		<feat xlink:href="#sSpan1518" value="ADV"/>
		<feat xlink:href="#sSpan1522" value="CONJ"/>
		<feat xlink:href="#sSpan1527" value="NPROP"/>
		<feat xlink:href="#sSpan1531" value="APST"/>
		<feat xlink:href="#sSpan1535" value="PPERS"/>
		<feat xlink:href="#sSpan1537" value="V"/>
		<feat xlink:href="#sSpan1540" value="PPERO"/>
		<feat xlink:href="#sSpan1543" value="NPROP"/>
		<feat xlink:href="#sSpan1549" value="PTC"/>
		<feat xlink:href="#sSpan1553" value="APST"/>
		<feat xlink:href="#sSpan1558" value="PPERS"/>
		<feat xlink:href="#sSpan1560" value="V"/>
		<feat xlink:href="#sSpan1562" value="PPERO"/>
		<feat xlink:href="#sSpan1564" value="PUNCT"/>
		<feat xlink:href="#sSpan1570" value="NPROP"/>
		<feat xlink:href="#sSpan1581" value="PTC"/>
		<feat xlink:href="#sSpan1585" value="CPRET"/>
		<feat xlink:href="#sSpan1589" value="PPERS"/>
		<feat xlink:href="#sSpan1591" value="V"/>
		<feat xlink:href="#sSpan1594" value="COP"/>
		<feat xlink:href="#sSpan1598" value="PREP"/>
		<feat xlink:href="#sSpan1602" value="ACAUS"/>
		<feat xlink:href="#sSpan1605" value="ART"/>
		<feat xlink:href="#sSpan1608" value="N"/>
		<feat xlink:href="#sSpan1613" value="V"/>
		<feat xlink:href="#sSpan1617" value="PREP"/>
		<feat xlink:href="#sSpan1621" value="PPERO"/>
		<feat xlink:href="#sSpan1623" value="ADV"/>
		<feat xlink:href="#sSpan1629" value="PREP"/>
		<feat xlink:href="#sSpan1634" value="NPROP"/>
		<feat xlink:href="#sSpan1637" value="PUNCT"/>
		<feat xlink:href="#sSpan1641" value="PREP"/>
		<feat xlink:href="#sSpan1649" value="ART"/>
		<feat xlink:href="#sSpan1651" value="N"/>
		<feat xlink:href="#sSpan1653" value="PREP"/>
		<feat xlink:href="#sSpan1657" value="ART"/>
		<feat xlink:href="#sSpan1660" value="CREL"/>
		<feat xlink:href="#sSpan1662" value="APST"/>
		<feat xlink:href="#sSpan1664" value="PPERS"/>
		<feat xlink:href="#sSpan1666" value="V"/>
		<feat xlink:href="#sSpan1669" value="PREP"/>
		<feat xlink:href="#sSpan1673" value="PPERO"/>
		<feat xlink:href="#sSpan1675" value="ADV"/>
		<feat xlink:href="#sSpan1681" value="PREP"/>
		<feat xlink:href="#sSpan1686" value="NPROP"/>
		<feat xlink:href="#sSpan1689" value="PUNCT"/>
		<feat xlink:href="#sSpan1693" value="PREP"/>
		<feat xlink:href="#sSpan1701" value="ART"/>
		<feat xlink:href="#sSpan1704" value="CREL"/>
		<feat xlink:href="#sSpan1706" value="APST"/>
		<feat xlink:href="#sSpan1708" value="PPERS"/>
		<feat xlink:href="#sSpan1710" value="V"/>
		<feat xlink:href="#sSpan1713" value="PREP"/>
		<feat xlink:href="#sSpan1717" value="PPERO"/>
		<feat xlink:href="#sSpan1719" value="ADV"/>
		<feat xlink:href="#sSpan1725" value="PREP"/>
		<feat xlink:href="#sSpan1730" value="NPROP"/>
		<feat xlink:href="#sSpan1734" value="PREP"/>
		<feat xlink:href="#sSpan1739" value="NPROP"/>
		<feat xlink:href="#sSpan1742" value="PUNCT"/>
		<feat xlink:href="#sSpan1748" value="NPROP"/>
		<feat xlink:href="#sSpan1758" value="PTC"/>
		<feat xlink:href="#sSpan1762" value="CPRET"/>
		<feat xlink:href="#sSpan1766" value="PPERS"/>
		<feat xlink:href="#sSpan1768" value="V"/>
		<feat xlink:href="#sSpan1771" value="PREP"/>
		<feat xlink:href="#sSpan1775" value="ACAUS"/>
		<feat xlink:href="#sSpan1777" value="ART"/>
		<feat xlink:href="#sSpan1781" value="N"/>
		<feat xlink:href="#sSpan1783" value="V"/>
		<feat xlink:href="#sSpan1788" value="PREP"/>
		<feat xlink:href="#sSpan1792" value="PPERO"/>
		<feat xlink:href="#sSpan1794" value="ADV"/>
		<feat xlink:href="#sSpan1800" value="PREP"/>
		<feat xlink:href="#sSpan1804" value="NPROP"/>
		<feat xlink:href="#sSpan1809" value="PUNCT"/>
		<feat xlink:href="#sSpan1813" value="CONJ"/>
		<feat xlink:href="#sSpan1820" value="CPRET"/>
		<feat xlink:href="#sSpan1825" value="PPERS"/>
		<feat xlink:href="#sSpan1827" value="V"/>
		<feat xlink:href="#sSpan1829" value="PREP"/>
		<feat xlink:href="#sSpan1833" value="N"/>
		<feat xlink:href="#sSpan1836" value="COP"/>
		<feat xlink:href="#sSpan1840" value="CCIRC"/>
		<feat xlink:href="#sSpan1847" value="PPERS"/>
		<feat xlink:href="#sSpan1850" value="V"/>
		<feat xlink:href="#sSpan1854" value="PREP"/>
		<feat xlink:href="#sSpan1859" value="NPROP"/>
		<feat xlink:href="#sSpan1862" value="PREP"/>
		<feat xlink:href="#sSpan1867" value="PPOS"/>
		<feat xlink:href="#sSpan1871" value="N"/>
		<feat xlink:href="#sSpan1876" value="PREP"/>
		<feat xlink:href="#sSpan1883" value="ART"/>
		<feat xlink:href="#sSpan1887" value="N"/>
		<feat xlink:href="#sSpan1889" value="PREP"/>
		<feat xlink:href="#sSpan1893" value="ART"/>
		<feat xlink:href="#sSpan1896" value="N"/>
		<feat xlink:href="#sSpan1899" value="PREP"/>
		<feat xlink:href="#sSpan1903" value="N"/>
		<feat xlink:href="#sSpan1905" value="CONJ"/>
		<feat xlink:href="#sSpan1912" value="VIMP"/>
		<feat xlink:href="#sSpan1915" value="PREP"/>
		<feat xlink:href="#sSpan1919" value="PPERO"/>
		<feat xlink:href="#sSpan1921" value="PREP"/>
		<feat xlink:href="#sSpan1925" value="ART"/>
		<feat xlink:href="#sSpan1928" value="N"/>
		<feat xlink:href="#sSpan1931" value="CONJ"/>
		<feat xlink:href="#sSpan1936" value="PTC"/>
		<feat xlink:href="#sSpan1940" value="PPERS"/>
		<feat xlink:href="#sSpan1944" value="FUT"/>
		<feat xlink:href="#sSpan1947" value="V"/>
		<feat xlink:href="#sSpan1949" value="PUNCT"/>
		<feat xlink:href="#sSpan1954" value="CONJ"/>
		<feat xlink:href="#sSpan1963" value="NPROP"/>
		<feat xlink:href="#sSpan1968" value="CPRET"/>
		<feat xlink:href="#sSpan1972" value="PPERS"/>
		<feat xlink:href="#sSpan1974" value="V"/>
		<feat xlink:href="#sSpan1977" value="PREP"/>
		<feat xlink:href="#sSpan1981" value="PPERO"/>
		<feat xlink:href="#sSpan1983" value="PREP"/>
		<feat xlink:href="#sSpan1987" value="PPERO"/>
		<feat xlink:href="#sSpan1989" value="COP"/>
		<feat xlink:href="#sSpan1994" value="CCIRC"/>
		<feat xlink:href="#sSpan1998" value="PPERS"/>
		<feat xlink:href="#sSpan2000" value="V"/>
		<feat xlink:href="#sSpan2002" value="PREP"/>
		<feat xlink:href="#sSpan2007" value="N"/>
		<feat xlink:href="#sSpan2009" value="PUNCT"/>
		<feat xlink:href="#sSpan2013" value="CONJ"/>
		<feat xlink:href="#sSpan2021" value="CONJ"/>
		<feat xlink:href="#sSpan2023" value="PPERI"/>
		<feat xlink:href="#sSpan2028" value="ART"/>
		<feat xlink:href="#sSpan2031" value="N"/>
		<feat xlink:href="#sSpan2033" value="PPERI"/>
		<feat xlink:href="#sSpan2039" value="UNKNOWN"/>
		<feat xlink:href="#sSpan2044" value="PREP"/>
		<feat xlink:href="#sSpan2048" value="UNKNOWN"/>
		<feat xlink:href="#sSpan2051" value="PREP"/>
		<feat xlink:href="#sSpan2055" value="UNKNOWN"/>
		<feat xlink:href="#sSpan2057" value="PUNCT"/>
		<feat xlink:href="#sSpan2061" value="CONJ"/>
		<feat xlink:href="#sSpan2069" value="CFOC"/>
		<feat xlink:href="#sSpan2073" value="APST"/>
		<feat xlink:href="#sSpan2075" value="PPERS"/>
		<feat xlink:href="#sSpan2077" value="V"/>
		<feat xlink:href="#sSpan2079" value="PDEM"/>
		<feat xlink:href="#sSpan2085" value="PREP"/>
		<feat xlink:href="#sSpan2089" value="ART"/>
		<feat xlink:href="#sSpan2092" value="N"/>
		<feat xlink:href="#sSpan2095" value="PTC"/>
		<feat xlink:href="#sSpan2100" value="NPROP"/>
		<feat xlink:href="#sSpan2103" value="ADV"/>
		<feat xlink:href="#sSpan2109" value="CONJ"/>
		<feat xlink:href="#sSpan2113" value="CPRET"/>
		<feat xlink:href="#sSpan2115" value="PPERS"/>
		<feat xlink:href="#sSpan2117" value="V"/>
		<feat xlink:href="#sSpan2120" value="ADV"/>
		<feat xlink:href="#sSpan2125" value="PPERO"/>
		<feat xlink:href="#sSpan2127" value="COP"/>
		<feat xlink:href="#sSpan2131" value="PUNCT"/>
		<feat xlink:href="#sSpan2135" value="PREP"/>
		<feat xlink:href="#sSpan2139" value="ACAUS"/>
		<feat xlink:href="#sSpan2141" value="ART"/>
		<feat xlink:href="#sSpan2145" value="N"/>
		<feat xlink:href="#sSpan2147" value="V"/>
		<feat xlink:href="#sSpan2152" value="PREP"/>
		<feat xlink:href="#sSpan2156" value="PPERO"/>
		<feat xlink:href="#sSpan2158" value="ADV"/>
		<feat xlink:href="#sSpan2164" value="PREP"/>
		<feat xlink:href="#sSpan2169" value="NPROP"/>
		<feat xlink:href="#sSpan2172" value="CONJ"/>
		<feat xlink:href="#sSpan2180" value="PREP"/>
		<feat xlink:href="#sSpan2184" value="PDEM"/>
		<feat xlink:href="#sSpan2186" value="N"/>
		<feat xlink:href="#sSpan2188" value="APST"/>
		<feat xlink:href="#sSpan2193" value="ART"/>
		<feat xlink:href="#sSpan2196" value="N"/>
		<feat xlink:href="#sSpan2198" value="V"/>
		<feat xlink:href="#sSpan2203" value="PREP"/>
		<feat xlink:href="#sSpan2207" value="PPOS"/>
		<feat xlink:href="#sSpan2210" value="N"/>
		<feat xlink:href="#sSpan2213" value="PUNCT"/>
		<feat xlink:href="#sSpan2217" value="CCIRC"/>
		<feat xlink:href="#sSpan2224" value="APST"/>
		<feat xlink:href="#sSpan2226" value="PPERS"/>
		<feat xlink:href="#sSpan2228" value="V"/>
		<feat xlink:href="#sSpan2230" value="PREP"/>
		<feat xlink:href="#sSpan2235" value="ART"/>
		<feat xlink:href="#sSpan2238" value="N"/>
		<feat xlink:href="#sSpan2240" value="PREP"/>
		<feat xlink:href="#sSpan2246" value="NPROP"/>
		<feat xlink:href="#sSpan2249" value="ADV"/>
		<feat xlink:href="#sSpan2254" value="PREP"/>
		<feat xlink:href="#sSpan2260" value="NPROP"/>
		<feat xlink:href="#sSpan2263" value="PUNCT"/>
		<feat xlink:href="#sSpan2268" value="NPROP"/>
		<feat xlink:href="#sSpan2274" value="PREP"/>
		<feat xlink:href="#sSpan2279" value="NPROP"/>
		<feat xlink:href="#sSpan2283" value="PUNCT"/>
		<feat xlink:href="#sSpan2288" value="CONJ"/>
		<feat xlink:href="#sSpan2298" value="NPROP"/>
		<feat xlink:href="#sSpan2303" value="APST"/>
		<feat xlink:href="#sSpan2307" value="PPERS"/>
		<feat xlink:href="#sSpan2309" value="V"/>
		<feat xlink:href="#sSpan2312" value="PREP"/>
		<feat xlink:href="#sSpan2316" value="PPOS"/>
		<feat xlink:href="#sSpan2319" value="N"/>
		<feat xlink:href="#sSpan2322" value="IMOD"/>
		<feat xlink:href="#sSpan2326" value="PPERO"/>
		<feat xlink:href="#sSpan2328" value="ADV"/>
		<feat xlink:href="#sSpan2333" value="PREP"/>
		<feat xlink:href="#sSpan2337" value="ART"/>
		<feat xlink:href="#sSpan2341" value="N"/>
		<feat xlink:href="#sSpan2343" value="ART"/>
		<feat xlink:href="#sSpan2347" value="N"/>
		<feat xlink:href="#sSpan2350" value="PUNCT"/>
		<feat xlink:href="#sSpan2354" value="PDEM"/>
		<feat xlink:href="#sSpan2362" value="CREL"/>
		<feat xlink:href="#sSpan2366" value="APST"/>
		<feat xlink:href="#sSpan2368" value="PPERS"/>
		<feat xlink:href="#sSpan2370" value="V"/>
		<feat xlink:href="#sSpan2373" value="PREP"/>
		<feat xlink:href="#sSpan2378" value="NPROP"/>
		<feat xlink:href="#sSpan2382" value="PREP"/>
		<feat xlink:href="#sSpan2387" value="NPROP"/>
		<feat xlink:href="#sSpan2390" value="PREP"/>
		<feat xlink:href="#sSpan2396" value="NPROP"/>
		<feat xlink:href="#sSpan2399" value="PUNCT"/>
		<feat xlink:href="#sSpan2403" value="PREP"/>
		<feat xlink:href="#sSpan2408" value="ART"/>
		<feat xlink:href="#sSpan2411" value="N"/></featList></paula>