<?xml version='1.0' encoding='UTF-8'?><!DOCTYPE paula SYSTEM "paula_feat.dtd">
<paula version="1.1">
	<header paula_id="scriptorium.1Cor_03.mark_lang"/>
	<featList xmlns:xlink="http://www.w3.org/1999/xlink" type="lang" xml:base="scriptorium.1Cor_03.mark.xml">
		<feat xlink:href="#sSpan47" value="Greek"/>
		<feat xlink:href="#sSpan52" value="Greek"/>
		<feat xlink:href="#sSpan62" value="Greek"/>
		<feat xlink:href="#sSpan67" value="Greek"/>
		<feat xlink:href="#sSpan72" value="Greek"/>
		<feat xlink:href="#sSpan78" value="Greek"/>
		<feat xlink:href="#sSpan95" value="Greek"/>
		<feat xlink:href="#sSpan153" value="Greek"/>
		<feat xlink:href="#sSpan166" value="Greek"/>
		<feat xlink:href="#sSpan195" value="Greek"/>
		<feat xlink:href="#sSpan206" value="Greek"/>
		<feat xlink:href="#sSpan220" value="Greek"/>
		<feat xlink:href="#sSpan223" value="Greek"/>
		<feat xlink:href="#sSpan228" value="Greek"/>
		<feat xlink:href="#sSpan233" value="Greek"/>
		<feat xlink:href="#sSpan273" value="Greek"/>
		<feat xlink:href="#sSpan296" value="Greek"/>
		<feat xlink:href="#sSpan307" value="Greek"/>
		<feat xlink:href="#sSpan318" value="Greek"/>
		<feat xlink:href="#sSpan342" value="Greek"/>
		<feat xlink:href="#sSpan354" value="Greek"/>
		<feat xlink:href="#sSpan369" value="Greek"/>
		<feat xlink:href="#sSpan383" value="Greek"/>
		<feat xlink:href="#sSpan432" value="Greek"/>
		<feat xlink:href="#sSpan442" value="Greek"/>
		<feat xlink:href="#sSpan451" value="Greek"/>
		<feat xlink:href="#sSpan457" value="Greek"/>
		<feat xlink:href="#sSpan467" value="Greek"/>
		<feat xlink:href="#sSpan483" value="Greek"/>
		<feat xlink:href="#sSpan564" value="Greek"/>
		<feat xlink:href="#sSpan586" value="Greek"/>
		<feat xlink:href="#sSpan608" value="Greek"/>
		<feat xlink:href="#sSpan615" value="Greek"/>
		<feat xlink:href="#sSpan651" value="Greek"/>
		<feat xlink:href="#sSpan682" value="Greek"/>
		<feat xlink:href="#sSpan702" value="Greek"/>
		<feat xlink:href="#sSpan723" value="Greek"/>
		<feat xlink:href="#sSpan759" value="Greek"/>
		<feat xlink:href="#sSpan783" value="Greek"/>
		<feat xlink:href="#sSpan816" value="Greek"/>
		<feat xlink:href="#sSpan882" value="Greek"/>
		<feat xlink:href="#sSpan925" value="Greek"/>
		<feat xlink:href="#sSpan930" value="Greek"/>
		<feat xlink:href="#sSpan940" value="Greek"/>
		<feat xlink:href="#sSpan976" value="Greek"/>
		<feat xlink:href="#sSpan1002" value="Greek"/>
		<feat xlink:href="#sSpan1059" value="Greek"/>
		<feat xlink:href="#sSpan1086" value="Greek"/>
		<feat xlink:href="#sSpan1112" value="Hebrew"/>
		<feat xlink:href="#sSpan1122" value="Greek"/>
		<feat xlink:href="#sSpan1139" value="Greek"/>
		<feat xlink:href="#sSpan1145" value="Greek"/>
		<feat xlink:href="#sSpan1204" value="Greek"/>
		<feat xlink:href="#sSpan1264" value="Greek"/>
		<feat xlink:href="#sSpan1371" value="Greek"/>
		<feat xlink:href="#sSpan1486" value="Greek"/>
		<feat xlink:href="#sSpan1511" value="Greek"/>
		<feat xlink:href="#sSpan1516" value="Greek"/>
		<feat xlink:href="#sSpan1589" value="Greek"/>
		<feat xlink:href="#sSpan1676" value="Greek"/>
		<feat xlink:href="#sSpan1720" value="Greek"/>
		<feat xlink:href="#sSpan1759" value="Greek"/>
		<feat xlink:href="#sSpan1785" value="Greek"/>
		<feat xlink:href="#sSpan1802" value="Greek"/>
		<feat xlink:href="#sSpan1820" value="Greek"/>
		<feat xlink:href="#sSpan1823" value="Greek"/>
		<feat xlink:href="#sSpan1835" value="Greek"/>
		<feat xlink:href="#sSpan1870" value="Greek"/>
		<feat xlink:href="#sSpan1893" value="Greek"/>
		<feat xlink:href="#sSpan1953" value="Greek"/>
		<feat xlink:href="#sSpan1966" value="Greek"/>
		<feat xlink:href="#sSpan2016" value="Greek"/>
		<feat xlink:href="#sSpan2029" value="Greek"/>
		<feat xlink:href="#sSpan2034" value="Greek"/>
		<feat xlink:href="#sSpan2040" value="Greek"/>
		<feat xlink:href="#sSpan2045" value="Greek"/>
		<feat xlink:href="#sSpan2051" value="Greek"/>
		<feat xlink:href="#sSpan2056" value="Aramaic"/>
		<feat xlink:href="#sSpan2062" value="Greek"/>
		<feat xlink:href="#sSpan2067" value="Greek"/>
		<feat xlink:href="#sSpan2073" value="Greek"/>
		<feat xlink:href="#sSpan2083" value="Greek"/>
		<feat xlink:href="#sSpan2093" value="Greek"/>
		<feat xlink:href="#sSpan2107" value="Greek"/>
		<feat xlink:href="#sSpan2152" value="Greek"/>
		<feat xlink:href="#sSpan2169" value="Greek"/>
		<feat xlink:href="#sSpan2181" value="Greek"/>
		<feat xlink:href="#sSpan2184" value="Greek"/></featList></paula>