<?xml version='1.0' encoding='UTF-8'?><!DOCTYPE paula SYSTEM "paula_feat.dtd">
<paula version="1.1">
	<header paula_id="scriptorium.AP.005.unid.senses.mark_norm"/>
	<featList xmlns:xlink="http://www.w3.org/1999/xlink" type="norm" xml:base="scriptorium.AP.005.unid.senses.mark.xml">
		<feat xlink:href="#sSpan2" value="ⲁ"/>
		<feat xlink:href="#sSpan13" value="ⲟⲩⲁ"/>
		<feat xlink:href="#sSpan15" value="ϫⲛⲉ"/>
		<feat xlink:href="#sSpan19" value="ⲟⲩ"/>
		<feat xlink:href="#sSpan21" value="ϩⲗⲗⲟ"/>
		<feat xlink:href="#sSpan23" value="ϫⲉ"/>
		<feat xlink:href="#sSpan28" value="ⲉⲧⲃⲉ"/>
		<feat xlink:href="#sSpan32" value="ⲟⲩ"/>
		<feat xlink:href="#sSpan34" value="ⲉ"/>
		<feat xlink:href="#sSpan38" value="ⲓ"/>
		<feat xlink:href="#sSpan40" value="ϩⲙⲟⲟⲥ"/>
		<feat xlink:href="#sSpan42" value="ϩⲙ"/>
		<feat xlink:href="#sSpan46" value="ⲡⲁ"/>
		<feat xlink:href="#sSpan49" value="ⲙⲁ"/>
		<feat xlink:href="#sSpan51" value="ⲛ"/>
		<feat xlink:href="#sSpan53" value="ϣⲱⲱⲡⲉ"/>
		<feat xlink:href="#sSpan55" value="ⲡⲁ"/>
		<feat xlink:href="#sSpan60" value="ϩⲏⲧ"/>
		<feat xlink:href="#sSpan63" value="ⲕⲱⲧⲉ"/>
		<feat xlink:href="#sSpan67" value="ⲥⲁ"/>
		<feat xlink:href="#sSpan71" value="ⲥⲁ"/>
		<feat xlink:href="#sSpan73" value="ⲛⲓⲙ"/>
		<feat xlink:href="#sSpan77" value="."/>
		<feat xlink:href="#sSpan82" value="ⲁ"/>
		<feat xlink:href="#sSpan90" value="ϥ"/>
		<feat xlink:href="#sSpan92" value="ⲟⲩⲱϣⲃ"/>
		<feat xlink:href="#sSpan94" value="ⲛⲁ"/>
		<feat xlink:href="#sSpan98" value="ϥ"/>
		<feat xlink:href="#sSpan100" value="ⲛϭⲓ"/>
		<feat xlink:href="#sSpan104" value="ⲡ"/>
		<feat xlink:href="#sSpan106" value="ϩⲗⲗⲟ"/>
		<feat xlink:href="#sSpan109" value="ϫⲉ"/>
		<feat xlink:href="#sSpan114" value="ⲉⲃⲟⲗ"/>
		<feat xlink:href="#sSpan117" value="ϫⲉ"/>
		<feat xlink:href="#sSpan121" value="ⲥⲉ"/>
		<feat xlink:href="#sSpan123" value="ϣⲱⲛⲉ"/>
		<feat xlink:href="#sSpan126" value="ⲛϭⲓ"/>
		<feat xlink:href="#sSpan130" value="ⲛⲉⲕ"/>
		<feat xlink:href="#sSpan133" value="ⲉⲥⲑⲏⲧⲏⲣⲓⲟⲛ"/>
		<feat xlink:href="#sSpan136" value="ⲉⲧ"/>
		<feat xlink:href="#sSpan141" value="ϩⲓⲃⲟⲗ"/>
		<feat xlink:href="#sSpan143" value=","/>
		<feat xlink:href="#sSpan147" value="ⲧ"/>
		<feat xlink:href="#sSpan154" value="ϭⲓⲛⲛⲁⲩ"/>
		<feat xlink:href="#sSpan157" value=","/>
		<feat xlink:href="#sSpan161" value="ⲧ"/>
		<feat xlink:href="#sSpan167" value="ϭⲓⲛⲥⲱⲧⲙ"/>
		<feat xlink:href="#sSpan170" value=","/>
		<feat xlink:href="#sSpan174" value="ⲧ"/>
		<feat xlink:href="#sSpan180" value="ϭⲓⲛϣⲱⲗⲙ"/>
		<feat xlink:href="#sSpan183" value=","/>
		<feat xlink:href="#sSpan187" value="ⲧ"/>
		<feat xlink:href="#sSpan193" value="ϭⲓⲛϣⲁϫⲉ"/>
		<feat xlink:href="#sSpan196" value="."/>
		<feat xlink:href="#sSpan201" value="ⲛⲁⲓ"/>
		<feat xlink:href="#sSpan209" value="ϭⲉ"/>
		<feat xlink:href="#sSpan213" value="ⲉϣⲱⲡⲉ"/>
		<feat xlink:href="#sSpan217" value="ⲉⲕϣⲁⲛ"/>
		<feat xlink:href="#sSpan221" value="ϫⲡⲟ"/>
		<feat xlink:href="#sSpan224" value="ⲛ"/>
		<feat xlink:href="#sSpan228" value="ⲧⲉⲩ"/>
		<feat xlink:href="#sSpan231" value="ⲉⲛⲉⲣⲅⲓⲁ"/>
		<feat xlink:href="#sSpan233" value="ϩⲛ"/>
		<feat xlink:href="#sSpan238" value="ⲟⲩ"/>
		<feat xlink:href="#sSpan241" value="ⲙⲛⲧⲕⲁⲑⲁⲣⲟⲥ"/>
		<feat xlink:href="#sSpan246" value="ϣⲁⲣⲉ"/>
		<feat xlink:href="#sSpan252" value="ⲛ"/>
		<feat xlink:href="#sSpan256" value="ⲕⲉ"/>
		<feat xlink:href="#sSpan259" value="ⲉⲥⲑⲏⲧⲏⲣⲓⲟⲛ"/>
		<feat xlink:href="#sSpan263" value="ⲉⲧ"/>
		<feat xlink:href="#sSpan268" value="ϩⲓϩⲟⲩⲛ"/>
		<feat xlink:href="#sSpan270" value="ϣⲱⲡⲉ"/>
		<feat xlink:href="#sSpan275" value="ϩⲛ"/>
		<feat xlink:href="#sSpan280" value="ⲟⲩ"/>
		<feat xlink:href="#sSpan282" value="ⲥϭⲣⲁϩⲧ"/>
		<feat xlink:href="#sSpan284" value=","/>
		<feat xlink:href="#sSpan288" value="ⲙⲛ"/>
		<feat xlink:href="#sSpan292" value="ⲟⲩ"/>
		<feat xlink:href="#sSpan294" value="ⲟⲩϫⲁⲓ"/>
		<feat xlink:href="#sSpan297" value="."/></featList></paula>