<?xml version='1.0' encoding='UTF-8'?><!DOCTYPE paula SYSTEM "paula_feat.dtd">
<paula version="1.1">
	<header paula_id="scriptorium.bohairic.1Cor_06.dep_func"/>
	<featList xmlns:xlink="http://www.w3.org/1999/xlink" type="func" xml:base="scriptorium.bohairic.1Cor_06.dep.xml">
		<feat xlink:href="#sPointingRel1" value="nsubj"/>
		<feat xlink:href="#sPointingRel3" value="case"/>
		<feat xlink:href="#sPointingRel5" value="nsubj"/>
		<feat xlink:href="#sPointingRel7" value="nsubj"/>
		<feat xlink:href="#sPointingRel9" value="aux"/>
		<feat xlink:href="#sPointingRel11" value="cc"/>
		<feat xlink:href="#sPointingRel13" value="det"/>
		<feat xlink:href="#sPointingRel15" value="obj"/>
		<feat xlink:href="#sPointingRel17" value="obj"/>
		<feat xlink:href="#sPointingRel19" value="advmod"/>
		<feat xlink:href="#sPointingRel21" value="det"/>
		<feat xlink:href="#sPointingRel23" value="nmod"/>
		<feat xlink:href="#sPointingRel25" value="case"/>
		<feat xlink:href="#sPointingRel27" value="parataxis"/>
		<feat xlink:href="#sPointingRel29" value="det"/>
		<feat xlink:href="#sPointingRel31" value="advmod"/>
		<feat xlink:href="#sPointingRel33" value="nmod"/>
		<feat xlink:href="#sPointingRel35" value="nsubj"/>
		<feat xlink:href="#sPointingRel37" value="advmod"/>
		<feat xlink:href="#sPointingRel39" value="nsubj"/>
		<feat xlink:href="#sPointingRel41" value="nsubj"/>
		<feat xlink:href="#sPointingRel43" value="nmod"/>
		<feat xlink:href="#sPointingRel45" value="aux"/>
		<feat xlink:href="#sPointingRel47" value="mark"/>
		<feat xlink:href="#sPointingRel49" value="dislocated"/>
		<feat xlink:href="#sPointingRel51" value="dep"/>
		<feat xlink:href="#sPointingRel53" value="obj"/>
		<feat xlink:href="#sPointingRel55" value="cop"/>
		<feat xlink:href="#sPointingRel57" value="case"/>
		<feat xlink:href="#sPointingRel59" value="parataxis"/>
		<feat xlink:href="#sPointingRel61" value="mark"/>
		<feat xlink:href="#sPointingRel63" value="nsubj"/>
		<feat xlink:href="#sPointingRel65" value="det"/>
		<feat xlink:href="#sPointingRel67" value="cop"/>
		<feat xlink:href="#sPointingRel69" value="nsubj"/>
		<feat xlink:href="#sPointingRel71" value="det"/>
		<feat xlink:href="#sPointingRel73" value="aux"/>
		<feat xlink:href="#sPointingRel75" value="mark"/>
		<feat xlink:href="#sPointingRel77" value="mark"/>
		<feat xlink:href="#sPointingRel79" value="cc"/>
		<feat xlink:href="#sPointingRel81" value="obj"/>
		<feat xlink:href="#sPointingRel83" value="parataxis"/>
		<feat xlink:href="#sPointingRel85" value="case"/>
		<feat xlink:href="#sPointingRel87" value="case"/>
		<feat xlink:href="#sPointingRel89" value="obl"/>
		<feat xlink:href="#sPointingRel91" value="det"/>
		<feat xlink:href="#sPointingRel93" value="case"/>
		<feat xlink:href="#sPointingRel95" value="det"/>
		<feat xlink:href="#sPointingRel97" value="parataxis"/>
		<feat xlink:href="#sPointingRel99" value="det"/>
		<feat xlink:href="#sPointingRel101" value="iobj"/>
		<feat xlink:href="#sPointingRel103" value="det"/>
		<feat xlink:href="#sPointingRel105" value="case"/>
		<feat xlink:href="#sPointingRel107" value="advmod"/>
		<feat xlink:href="#sPointingRel109" value="advcl"/>
		<feat xlink:href="#sPointingRel111" value="aux"/>
		<feat xlink:href="#sPointingRel113" value="advmod"/>
		<feat xlink:href="#sPointingRel115" value="ccomp"/>
		<feat xlink:href="#sPointingRel117" value="conj"/>
		<feat xlink:href="#sPointingRel119" value="advmod"/>
		<feat xlink:href="#sPointingRel121" value="nmod"/>
		<feat xlink:href="#sPointingRel123" value="advmod"/>
		<feat xlink:href="#sPointingRel125" value="case"/>
		<feat xlink:href="#sPointingRel127" value="advmod"/>
		<feat xlink:href="#sPointingRel129" value="det"/>
		<feat xlink:href="#sPointingRel131" value="conj"/>
		<feat xlink:href="#sPointingRel133" value="ccomp"/>
		<feat xlink:href="#sPointingRel135" value="nmod"/>
		<feat xlink:href="#sPointingRel137" value="nsubj"/>
		<feat xlink:href="#sPointingRel139" value="advmod"/>
		<feat xlink:href="#sPointingRel141" value="case"/>
		<feat xlink:href="#sPointingRel143" value="nsubj"/>
		<feat xlink:href="#sPointingRel145" value="xcomp"/>
		<feat xlink:href="#sPointingRel147" value="advmod"/>
		<feat xlink:href="#sPointingRel149" value="dislocated"/>
		<feat xlink:href="#sPointingRel151" value="nsubj"/>
		<feat xlink:href="#sPointingRel153" value="mark"/>
		<feat xlink:href="#sPointingRel155" value="nsubj"/>
		<feat xlink:href="#sPointingRel157" value="nsubj"/>
		<feat xlink:href="#sPointingRel159" value="case"/>
		<feat xlink:href="#sPointingRel161" value="conj"/>
		<feat xlink:href="#sPointingRel163" value="advmod"/>
		<feat xlink:href="#sPointingRel165" value="det"/>
		<feat xlink:href="#sPointingRel167" value="conj"/>
		<feat xlink:href="#sPointingRel169" value="obl"/>
		<feat xlink:href="#sPointingRel171" value="nsubj"/>
		<feat xlink:href="#sPointingRel173" value="dislocated"/>
		<feat xlink:href="#sPointingRel175" value="obl"/>
		<feat xlink:href="#sPointingRel177" value="amod"/>
		<feat xlink:href="#sPointingRel179" value="det"/>
		<feat xlink:href="#sPointingRel181" value="nummod"/>
		<feat xlink:href="#sPointingRel183" value="nmod"/>
		<feat xlink:href="#sPointingRel185" value="nsubj"/>
		<feat xlink:href="#sPointingRel187" value="nsubj"/>
		<feat xlink:href="#sPointingRel189" value="det"/>
		<feat xlink:href="#sPointingRel191" value="nsubj"/>
		<feat xlink:href="#sPointingRel193" value="nsubj"/>
		<feat xlink:href="#sPointingRel195" value="det"/>
		<feat xlink:href="#sPointingRel197" value="advmod"/>
		<feat xlink:href="#sPointingRel199" value="det"/>
		<feat xlink:href="#sPointingRel201" value="case"/>
		<feat xlink:href="#sPointingRel203" value="parataxis"/>
		<feat xlink:href="#sPointingRel205" value="parataxis"/>
		<feat xlink:href="#sPointingRel207" value="det"/>
		<feat xlink:href="#sPointingRel209" value="advmod"/>
		<feat xlink:href="#sPointingRel211" value="aux"/>
		<feat xlink:href="#sPointingRel213" value="nsubj"/>
		<feat xlink:href="#sPointingRel215" value="case"/>
		<feat xlink:href="#sPointingRel217" value="case"/>
		<feat xlink:href="#sPointingRel219" value="cc"/>
		<feat xlink:href="#sPointingRel221" value="case"/>
		<feat xlink:href="#sPointingRel223" value="det"/>
		<feat xlink:href="#sPointingRel225" value="acl:relcl"/>
		<feat xlink:href="#sPointingRel227" value="advmod"/>
		<feat xlink:href="#sPointingRel229" value="ccomp"/>
		<feat xlink:href="#sPointingRel231" value="aux"/>
		<feat xlink:href="#sPointingRel233" value="advmod"/>
		<feat xlink:href="#sPointingRel235" value="case"/>
		<feat xlink:href="#sPointingRel237" value="det"/>
		<feat xlink:href="#sPointingRel239" value="advmod"/>
		<feat xlink:href="#sPointingRel241" value="nmod"/>
		<feat xlink:href="#sPointingRel243" value="conj"/>
		<feat xlink:href="#sPointingRel245" value="acl:relcl"/>
		<feat xlink:href="#sPointingRel247" value="cc"/>
		<feat xlink:href="#sPointingRel249" value="mark"/>
		<feat xlink:href="#sPointingRel251" value="conj"/>
		<feat xlink:href="#sPointingRel253" value="nsubj"/>
		<feat xlink:href="#sPointingRel255" value="advcl"/>
		<feat xlink:href="#sPointingRel257" value="conj"/>
		<feat xlink:href="#sPointingRel259" value="conj"/>
		<feat xlink:href="#sPointingRel261" value="conj"/>
		<feat xlink:href="#sPointingRel263" value="xcomp"/>
		<feat xlink:href="#sPointingRel265" value="conj"/>
		<feat xlink:href="#sPointingRel267" value="advcl"/>
		<feat xlink:href="#sPointingRel269" value="advmod"/>
		<feat xlink:href="#sPointingRel271" value="advcl"/>
		<feat xlink:href="#sPointingRel273" value="parataxis"/>
		<feat xlink:href="#sPointingRel275" value="advcl"/>
		<feat xlink:href="#sPointingRel277" value="obl"/>
		<feat xlink:href="#sPointingRel279" value="dislocated"/>
		<feat xlink:href="#sPointingRel281" value="nsubj"/>
		<feat xlink:href="#sPointingRel283" value="det"/>
		<feat xlink:href="#sPointingRel285" value="case"/>
		<feat xlink:href="#sPointingRel287" value="case"/>
		<feat xlink:href="#sPointingRel289" value="det"/>
		<feat xlink:href="#sPointingRel291" value="appos"/>
		<feat xlink:href="#sPointingRel293" value="acl:relcl"/>
		<feat xlink:href="#sPointingRel295" value="obl"/>
		<feat xlink:href="#sPointingRel297" value="advmod"/>
		<feat xlink:href="#sPointingRel299" value="nsubj"/>
		<feat xlink:href="#sPointingRel301" value="aux"/>
		<feat xlink:href="#sPointingRel303" value="ccomp"/>
		<feat xlink:href="#sPointingRel305" value="case"/>
		<feat xlink:href="#sPointingRel307" value="nsubj"/>
		<feat xlink:href="#sPointingRel309" value="case"/>
		<feat xlink:href="#sPointingRel311" value="parataxis"/>
		<feat xlink:href="#sPointingRel313" value="obj"/>
		<feat xlink:href="#sPointingRel315" value="nsubj"/>
		<feat xlink:href="#sPointingRel317" value="det"/>
		<feat xlink:href="#sPointingRel319" value="case"/>
		<feat xlink:href="#sPointingRel321" value="nsubj"/>
		<feat xlink:href="#sPointingRel323" value="xcomp"/>
		<feat xlink:href="#sPointingRel325" value="nmod"/>
		<feat xlink:href="#sPointingRel327" value="mark"/>
		<feat xlink:href="#sPointingRel329" value="det"/>
		<feat xlink:href="#sPointingRel331" value="case"/>
		<feat xlink:href="#sPointingRel333" value="dislocated"/>
		<feat xlink:href="#sPointingRel335" value="cop"/>
		<feat xlink:href="#sPointingRel337" value="case"/>
		<feat xlink:href="#sPointingRel339" value="advcl"/>
		<feat xlink:href="#sPointingRel341" value="obj"/>
		<feat xlink:href="#sPointingRel343" value="obl"/>
		<feat xlink:href="#sPointingRel345" value="aux"/>
		<feat xlink:href="#sPointingRel347" value="nsubj"/>
		<feat xlink:href="#sPointingRel349" value="obl"/>
		<feat xlink:href="#sPointingRel351" value="obl"/>
		<feat xlink:href="#sPointingRel353" value="obj"/>
		<feat xlink:href="#sPointingRel355" value="ccomp"/>
		<feat xlink:href="#sPointingRel357" value="advmod"/>
		<feat xlink:href="#sPointingRel359" value="det"/>
		<feat xlink:href="#sPointingRel361" value="nsubj"/>
		<feat xlink:href="#sPointingRel363" value="advmod"/>
		<feat xlink:href="#sPointingRel365" value="det"/>
		<feat xlink:href="#sPointingRel367" value="nsubj"/>
		<feat xlink:href="#sPointingRel369" value="mark"/>
		<feat xlink:href="#sPointingRel371" value="acl:relcl"/>
		<feat xlink:href="#sPointingRel373" value="advmod"/>
		<feat xlink:href="#sPointingRel375" value="parataxis"/>
		<feat xlink:href="#sPointingRel377" value="aux"/>
		<feat xlink:href="#sPointingRel379" value="advmod"/>
		<feat xlink:href="#sPointingRel381" value="mark"/>
		<feat xlink:href="#sPointingRel383" value="cc"/>
		<feat xlink:href="#sPointingRel385" value="case"/>
		<feat xlink:href="#sPointingRel387" value="advcl"/>
		<feat xlink:href="#sPointingRel389" value="obl"/>
		<feat xlink:href="#sPointingRel391" value="det"/>
		<feat xlink:href="#sPointingRel393" value="conj"/>
		<feat xlink:href="#sPointingRel395" value="case"/>
		<feat xlink:href="#sPointingRel397" value="ccomp"/>
		<feat xlink:href="#sPointingRel399" value="obj"/>
		<feat xlink:href="#sPointingRel401" value="obl"/>
		<feat xlink:href="#sPointingRel403" value="nmod"/>
		<feat xlink:href="#sPointingRel405" value="case"/>
		<feat xlink:href="#sPointingRel407" value="nsubj"/>
		<feat xlink:href="#sPointingRel409" value="obj"/>
		<feat xlink:href="#sPointingRel411" value="mark"/>
		<feat xlink:href="#sPointingRel413" value="case"/>
		<feat xlink:href="#sPointingRel415" value="case"/>
		<feat xlink:href="#sPointingRel417" value="nmod"/>
		<feat xlink:href="#sPointingRel419" value="det"/>
		<feat xlink:href="#sPointingRel421" value="det"/>
		<feat xlink:href="#sPointingRel423" value="obl"/>
		<feat xlink:href="#sPointingRel425" value="nmod"/>
		<feat xlink:href="#sPointingRel427" value="aux"/>
		<feat xlink:href="#sPointingRel429" value="cc"/>
		<feat xlink:href="#sPointingRel431" value="parataxis"/>
		<feat xlink:href="#sPointingRel433" value="mark"/>
		<feat xlink:href="#sPointingRel435" value="case"/>
		<feat xlink:href="#sPointingRel437" value="advmod"/>
		<feat xlink:href="#sPointingRel439" value="nmod"/>
		<feat xlink:href="#sPointingRel441" value="obl"/>
		<feat xlink:href="#sPointingRel443" value="parataxis"/>
		<feat xlink:href="#sPointingRel445" value="det"/>
		<feat xlink:href="#sPointingRel447" value="obl"/>
		<feat xlink:href="#sPointingRel449" value="advmod"/>
		<feat xlink:href="#sPointingRel451" value="cc"/>
		<feat xlink:href="#sPointingRel453" value="nsubj"/>
		<feat xlink:href="#sPointingRel455" value="advmod"/>
		<feat xlink:href="#sPointingRel457" value="nsubj"/>
		<feat xlink:href="#sPointingRel459" value="parataxis"/>
		<feat xlink:href="#sPointingRel461" value="obl"/>
		<feat xlink:href="#sPointingRel463" value="advmod"/>
		<feat xlink:href="#sPointingRel465" value="acl:relcl"/>
		<feat xlink:href="#sPointingRel467" value="det"/>
		<feat xlink:href="#sPointingRel469" value="parataxis"/>
		<feat xlink:href="#sPointingRel471" value="advmod"/>
		<feat xlink:href="#sPointingRel473" value="appos"/>
		<feat xlink:href="#sPointingRel475" value="obl"/>
		<feat xlink:href="#sPointingRel477" value="aux"/>
		<feat xlink:href="#sPointingRel479" value="nsubj"/>
		<feat xlink:href="#sPointingRel481" value="case"/>
		<feat xlink:href="#sPointingRel483" value="case"/>
		<feat xlink:href="#sPointingRel485" value="case"/>
		<feat xlink:href="#sPointingRel487" value="det"/>
		<feat xlink:href="#sPointingRel489" value="mark"/>
		<feat xlink:href="#sPointingRel491" value="dep"/>
		<feat xlink:href="#sPointingRel493" value="cc"/>
		<feat xlink:href="#sPointingRel495" value="case"/>
		<feat xlink:href="#sPointingRel497" value="mark"/>
		<feat xlink:href="#sPointingRel499" value="case"/>
		<feat xlink:href="#sPointingRel501" value="aux"/>
		<feat xlink:href="#sPointingRel503" value="obl"/>
		<feat xlink:href="#sPointingRel505" value="obj"/>
		<feat xlink:href="#sPointingRel507" value="appos"/>
		<feat xlink:href="#sPointingRel509" value="det"/>
		<feat xlink:href="#sPointingRel511" value="det"/>
		<feat xlink:href="#sPointingRel513" value="nsubj"/>
		<feat xlink:href="#sPointingRel515" value="advcl"/>
		<feat xlink:href="#sPointingRel517" value="obl"/>
		<feat xlink:href="#sPointingRel519" value="conj"/>
		<feat xlink:href="#sPointingRel521" value="case"/>
		<feat xlink:href="#sPointingRel523" value="aux"/>
		<feat xlink:href="#sPointingRel525" value="case"/>
		<feat xlink:href="#sPointingRel527" value="obl"/>
		<feat xlink:href="#sPointingRel529" value="case"/>
		<feat xlink:href="#sPointingRel531" value="case"/>
		<feat xlink:href="#sPointingRel533" value="det"/>
		<feat xlink:href="#sPointingRel535" value="det"/>
		<feat xlink:href="#sPointingRel537" value="cop"/>
		<feat xlink:href="#sPointingRel539" value="aux"/>
		<feat xlink:href="#sPointingRel541" value="cc"/>
		<feat xlink:href="#sPointingRel543" value="advmod"/>
		<feat xlink:href="#sPointingRel545" value="case"/>
		<feat xlink:href="#sPointingRel547" value="nmod"/>
		<feat xlink:href="#sPointingRel549" value="aux"/>
		<feat xlink:href="#sPointingRel551" value="det"/>
		<feat xlink:href="#sPointingRel553" value="nsubj"/>
		<feat xlink:href="#sPointingRel555" value="case"/>
		<feat xlink:href="#sPointingRel557" value="mark"/>
		<feat xlink:href="#sPointingRel559" value="det"/>
		<feat xlink:href="#sPointingRel561" value="acl:relcl"/>
		<feat xlink:href="#sPointingRel563" value="obl"/>
		<feat xlink:href="#sPointingRel565" value="mark"/>
		<feat xlink:href="#sPointingRel567" value="advmod"/>
		<feat xlink:href="#sPointingRel569" value="obl"/>
		<feat xlink:href="#sPointingRel571" value="case"/>
		<feat xlink:href="#sPointingRel573" value="nmod"/>
		<feat xlink:href="#sPointingRel575" value="nsubj"/>
		<feat xlink:href="#sPointingRel577" value="obj"/>
		<feat xlink:href="#sPointingRel579" value="case"/>
		<feat xlink:href="#sPointingRel581" value="case"/>
		<feat xlink:href="#sPointingRel583" value="fixed"/>
		<feat xlink:href="#sPointingRel585" value="nsubj"/>
		<feat xlink:href="#sPointingRel587" value="det"/>
		<feat xlink:href="#sPointingRel589" value="acl:relcl"/>
		<feat xlink:href="#sPointingRel591" value="obl"/>
		<feat xlink:href="#sPointingRel593" value="det"/>
		<feat xlink:href="#sPointingRel595" value="nsubj"/>
		<feat xlink:href="#sPointingRel597" value="cc"/>
		<feat xlink:href="#sPointingRel599" value="aux"/>
		<feat xlink:href="#sPointingRel601" value="iobj"/>
		<feat xlink:href="#sPointingRel603" value="aux"/>
		<feat xlink:href="#sPointingRel605" value="det"/>
		<feat xlink:href="#sPointingRel607" value="obj"/>
		<feat xlink:href="#sPointingRel609" value="nsubj"/>
		<feat xlink:href="#sPointingRel611" value="mark"/>
		<feat xlink:href="#sPointingRel613" value="nsubj"/>
		<feat xlink:href="#sPointingRel615" value="obl"/>
		<feat xlink:href="#sPointingRel617" value="nmod"/>
		<feat xlink:href="#sPointingRel619" value="ccomp"/>
		<feat xlink:href="#sPointingRel621" value="nsubj"/>
		<feat xlink:href="#sPointingRel623" value="advmod"/>
		<feat xlink:href="#sPointingRel625" value="parataxis"/>
		<feat xlink:href="#sPointingRel627" value="advmod"/>
		<feat xlink:href="#sPointingRel629" value="cc"/>
		<feat xlink:href="#sPointingRel631" value="conj"/>
		<feat xlink:href="#sPointingRel633" value="case"/>
		<feat xlink:href="#sPointingRel635" value="case"/>
		<feat xlink:href="#sPointingRel637" value="case"/>
		<feat xlink:href="#sPointingRel639" value="nsubj"/>
		<feat xlink:href="#sPointingRel641" value="case"/>
		<feat xlink:href="#sPointingRel643" value="cc"/>
		<feat xlink:href="#sPointingRel645" value="case"/>
		<feat xlink:href="#sPointingRel647" value="advmod"/>
		<feat xlink:href="#sPointingRel649" value="nsubj"/>
		<feat xlink:href="#sPointingRel651" value="dislocated"/>
		<feat xlink:href="#sPointingRel653" value="aux"/>
		<feat xlink:href="#sPointingRel655" value="conj"/>
		<feat xlink:href="#sPointingRel657" value="nmod"/>
		<feat xlink:href="#sPointingRel659" value="det"/>
		<feat xlink:href="#sPointingRel661" value="aux"/>
		<feat xlink:href="#sPointingRel663" value="obj"/>
		<feat xlink:href="#sPointingRel665" value="nmod"/>
		<feat xlink:href="#sPointingRel667" value="dislocated"/>
		<feat xlink:href="#sPointingRel669" value="advmod"/>
		<feat xlink:href="#sPointingRel671" value="obl"/>
		<feat xlink:href="#sPointingRel673" value="conj"/>
		<feat xlink:href="#sPointingRel675" value="nsubj"/>
		<feat xlink:href="#sPointingRel677" value="parataxis"/>
		<feat xlink:href="#sPointingRel679" value="mark"/>
		<feat xlink:href="#sPointingRel681" value="nsubj"/>
		<feat xlink:href="#sPointingRel683" value="aux"/>
		<feat xlink:href="#sPointingRel685" value="aux"/>
		<feat xlink:href="#sPointingRel687" value="det"/>
		<feat xlink:href="#sPointingRel689" value="cop"/>
		<feat xlink:href="#sPointingRel691" value="advmod"/>
		<feat xlink:href="#sPointingRel693" value="acl:relcl"/>
		<feat xlink:href="#sPointingRel695" value="obl"/>
		<feat xlink:href="#sPointingRel697" value="appos"/>
		<feat xlink:href="#sPointingRel699" value="appos"/>
		<feat xlink:href="#sPointingRel701" value="mark"/>
		<feat xlink:href="#sPointingRel703" value="obj"/>
		<feat xlink:href="#sPointingRel705" value="case"/>
		<feat xlink:href="#sPointingRel707" value="appos"/>
		<feat xlink:href="#sPointingRel709" value="cc"/>
		<feat xlink:href="#sPointingRel711" value="nsubj"/>
		<feat xlink:href="#sPointingRel713" value="advcl"/>
		<feat xlink:href="#sPointingRel715" value="ccomp"/>
		<feat xlink:href="#sPointingRel717" value="advcl"/>
		<feat xlink:href="#sPointingRel719" value="obl"/>
		<feat xlink:href="#sPointingRel721" value="det"/>
		<feat xlink:href="#sPointingRel723" value="nsubj"/>
		<feat xlink:href="#sPointingRel725" value="det"/>
		<feat xlink:href="#sPointingRel727" value="obj"/>
		<feat xlink:href="#sPointingRel729" value="det"/>
		<feat xlink:href="#sPointingRel731" value="mark"/>
		<feat xlink:href="#sPointingRel733" value="case"/>
		<feat xlink:href="#sPointingRel735" value="nsubj"/>
		<feat xlink:href="#sPointingRel737" value="nsubj"/>
		<feat xlink:href="#sPointingRel739" value="det"/>
		<feat xlink:href="#sPointingRel741" value="nsubj"/>
		<feat xlink:href="#sPointingRel743" value="advmod"/>
		<feat xlink:href="#sPointingRel745" value="nsubj"/>
		<feat xlink:href="#sPointingRel747" value="nsubj"/>
		<feat xlink:href="#sPointingRel749" value="case"/>
		<feat xlink:href="#sPointingRel751" value="xcomp"/>
		<feat xlink:href="#sPointingRel753" value="obl"/>
		<feat xlink:href="#sPointingRel755" value="advmod"/>
		<feat xlink:href="#sPointingRel757" value="det"/>
		<feat xlink:href="#sPointingRel759" value="nsubj"/>
		<feat xlink:href="#sPointingRel761" value="case"/>
		<feat xlink:href="#sPointingRel763" value="cc"/>
		<feat xlink:href="#sPointingRel765" value="advmod"/>
		<feat xlink:href="#sPointingRel767" value="conj"/>
		<feat xlink:href="#sPointingRel769" value="advmod"/>
		<feat xlink:href="#sPointingRel771" value="case"/>
		<feat xlink:href="#sPointingRel773" value="conj"/>
		<feat xlink:href="#sPointingRel775" value="conj"/>
		<feat xlink:href="#sPointingRel777" value="det"/>
		<feat xlink:href="#sPointingRel779" value="mark"/>
		<feat xlink:href="#sPointingRel781" value="cc"/>
		<feat xlink:href="#sPointingRel783" value="nsubj"/>
		<feat xlink:href="#sPointingRel785" value="aux"/>
		<feat xlink:href="#sPointingRel787" value="obl"/>
		<feat xlink:href="#sPointingRel789" value="nsubj"/>
		<feat xlink:href="#sPointingRel791" value="case"/>
		<feat xlink:href="#sPointingRel793" value="parataxis"/>
		<feat xlink:href="#sPointingRel795" value="mark"/>
		<feat xlink:href="#sPointingRel797" value="obj"/>
		<feat xlink:href="#sPointingRel799" value="det"/>
		<feat xlink:href="#sPointingRel801" value="advmod"/>
		<feat xlink:href="#sPointingRel803" value="case"/>
		<feat xlink:href="#sPointingRel805" value="det"/>
		<feat xlink:href="#sPointingRel807" value="ccomp"/>
		<feat xlink:href="#sPointingRel809" value="case"/>
		<feat xlink:href="#sPointingRel811" value="obl"/>
		<feat xlink:href="#sPointingRel813" value="nsubj"/>
		<feat xlink:href="#sPointingRel815" value="advmod"/>
		<feat xlink:href="#sPointingRel817" value="det"/>
		<feat xlink:href="#sPointingRel819" value="parataxis"/>
		<feat xlink:href="#sPointingRel821" value="obl"/>
		<feat xlink:href="#sPointingRel823" value="advcl"/>
		<feat xlink:href="#sPointingRel825" value="det"/>
		<feat xlink:href="#sPointingRel827" value="case"/>
		<feat xlink:href="#sPointingRel829" value="mark"/>
		<feat xlink:href="#sPointingRel831" value="case"/>
		<feat xlink:href="#sPointingRel833" value="acl:relcl"/>
		<feat xlink:href="#sPointingRel835" value="amod"/>
		<feat xlink:href="#sPointingRel837" value="det"/>
		<feat xlink:href="#sPointingRel839" value="case"/>
		<feat xlink:href="#sPointingRel841" value="nmod"/>
		<feat xlink:href="#sPointingRel843" value="det"/>
		<feat xlink:href="#sPointingRel845" value="case"/>
		<feat xlink:href="#sPointingRel847" value="conj"/>
		<feat xlink:href="#sPointingRel849" value="det"/>
		<feat xlink:href="#sPointingRel851" value="nsubj"/>
		<feat xlink:href="#sPointingRel853" value="obl:npmod"/>
		<feat xlink:href="#sPointingRel855" value="advmod"/>
		<feat xlink:href="#sPointingRel857" value="acl:relcl"/>
		<feat xlink:href="#sPointingRel859" value="ccomp"/>
		<feat xlink:href="#sPointingRel861" value="case"/>
		<feat xlink:href="#sPointingRel863" value="case"/>
		<feat xlink:href="#sPointingRel865" value="case"/>
		<feat xlink:href="#sPointingRel867" value="mark"/>
		<feat xlink:href="#sPointingRel869" value="acl:relcl"/>
		<feat xlink:href="#sPointingRel871" value="det"/>
		<feat xlink:href="#sPointingRel873" value="nsubj"/>
		<feat xlink:href="#sPointingRel875" value="parataxis"/>
		<feat xlink:href="#sPointingRel877" value="nmod"/>
		<feat xlink:href="#sPointingRel879" value="obl"/>
		<feat xlink:href="#sPointingRel881" value="parataxis"/>
		<feat xlink:href="#sPointingRel883" value="mark"/>
		<feat xlink:href="#sPointingRel885" value="nmod"/>
		<feat xlink:href="#sPointingRel887" value="mark"/>
		<feat xlink:href="#sPointingRel889" value="nsubj"/>
		<feat xlink:href="#sPointingRel891" value="nmod"/>
		<feat xlink:href="#sPointingRel893" value="obj"/>
		<feat xlink:href="#sPointingRel895" value="nsubj"/>
		<feat xlink:href="#sPointingRel897" value="obl"/>
		<feat xlink:href="#sPointingRel899" value="case"/>
		<feat xlink:href="#sPointingRel901" value="nsubj"/>
		<feat xlink:href="#sPointingRel903" value="det"/>
		<feat xlink:href="#sPointingRel905" value="cc"/>
		<feat xlink:href="#sPointingRel907" value="obl"/>
		<feat xlink:href="#sPointingRel909" value="cc"/>
		<feat xlink:href="#sPointingRel911" value="obl"/>
		<feat xlink:href="#sPointingRel913" value="cop"/>
		<feat xlink:href="#sPointingRel915" value="nsubj"/>
		<feat xlink:href="#sPointingRel917" value="mark"/>
		<feat xlink:href="#sPointingRel919" value="mark"/>
		<feat xlink:href="#sPointingRel921" value="cc"/>
		<feat xlink:href="#sPointingRel923" value="parataxis"/>
		<feat xlink:href="#sPointingRel925" value="xcomp"/>
		<feat xlink:href="#sPointingRel927" value="obj"/>
		<feat xlink:href="#sPointingRel929" value="aux"/>
		<feat xlink:href="#sPointingRel931" value="det"/>
		<feat xlink:href="#sPointingRel933" value="obj"/>
		<feat xlink:href="#sPointingRel935" value="det"/>
		<feat xlink:href="#sPointingRel937" value="cc"/>
		<feat xlink:href="#sPointingRel939" value="nmod"/>
		<feat xlink:href="#sPointingRel941" value="amod"/>
		<feat xlink:href="#sPointingRel943" value="xcomp"/>
		<feat xlink:href="#sPointingRel945" value="nsubj"/>
		<feat xlink:href="#sPointingRel947" value="nsubj"/>
		<feat xlink:href="#sPointingRel949" value="advmod"/>
		<feat xlink:href="#sPointingRel951" value="det"/>
		<feat xlink:href="#sPointingRel953" value="parataxis"/>
		<feat xlink:href="#sPointingRel955" value="obj"/>
		<feat xlink:href="#sPointingRel957" value="det"/>
		<feat xlink:href="#sPointingRel959" value="nsubj"/>
		<feat xlink:href="#sPointingRel961" value="case"/>
		<feat xlink:href="#sPointingRel963" value="conj"/>
		<feat xlink:href="#sPointingRel965" value="conj"/>
		<feat xlink:href="#sPointingRel967" value="nsubj"/>
		<feat xlink:href="#sPointingRel969" value="nmod"/>
		<feat xlink:href="#sPointingRel971" value="obj"/>
		<feat xlink:href="#sPointingRel973" value="obj"/>
		<feat xlink:href="#sPointingRel975" value="det"/>
		<feat xlink:href="#sPointingRel977" value="aux"/>
		<feat xlink:href="#sPointingRel979" value="advmod"/>
		<feat xlink:href="#sPointingRel981" value="nmod"/>
		<feat xlink:href="#sPointingRel983" value="det"/>
		<feat xlink:href="#sPointingRel985" value="nsubj"/>
		<feat xlink:href="#sPointingRel987" value="obj"/>
		<feat xlink:href="#sPointingRel989" value="advmod"/>
		<feat xlink:href="#sPointingRel991" value="xcomp"/>
		<feat xlink:href="#sPointingRel993" value="cc"/>
		<feat xlink:href="#sPointingRel995" value="case"/>
		<feat xlink:href="#sPointingRel997" value="det"/>
		<feat xlink:href="#sPointingRel999" value="xcomp"/>
		<feat xlink:href="#sPointingRel1001" value="advmod"/>
		<feat xlink:href="#sPointingRel1003" value="advmod"/>
		<feat xlink:href="#sPointingRel1005" value="advmod"/>
		<feat xlink:href="#sPointingRel1007" value="obj"/>
		<feat xlink:href="#sPointingRel1009" value="obl"/>
		<feat xlink:href="#sPointingRel1011" value="nsubj"/>
		<feat xlink:href="#sPointingRel1013" value="parataxis"/>
		<feat xlink:href="#sPointingRel1015" value="nsubj"/>
		<feat xlink:href="#sPointingRel1017" value="det"/>
		<feat xlink:href="#sPointingRel1019" value="nsubj"/>
		<feat xlink:href="#sPointingRel1021" value="obl"/>
		<feat xlink:href="#sPointingRel1023" value="mark"/>
		<feat xlink:href="#sPointingRel1025" value="mark"/>
		<feat xlink:href="#sPointingRel1027" value="det"/>
		<feat xlink:href="#sPointingRel1029" value="obj"/>
		<feat xlink:href="#sPointingRel1031" value="case"/></featList></paula>