<?xml version='1.0' encoding='UTF-8'?><!DOCTYPE paula SYSTEM "paula_feat.dtd">
<paula version="1.1">
	<header paula_id="scriptorium.bohairic.1Cor_06.mark_pos"/>
	<featList xmlns:xlink="http://www.w3.org/1999/xlink" type="pos" xml:base="scriptorium.bohairic.1Cor_06.mark.xml">
		<feat xlink:href="#sSpan1" value="EXIST"/>
		<feat xlink:href="#sSpan8" value="NUM"/>
		<feat xlink:href="#sSpan12" value="FUT"/>
		<feat xlink:href="#sSpan17" value="V"/>
		<feat xlink:href="#sSpan21" value="PREP"/>
		<feat xlink:href="#sSpan25" value="PPERO"/>
		<feat xlink:href="#sSpan27" value="CCIRC"/>
		<feat xlink:href="#sSpan31" value="EXIST"/>
		<feat xlink:href="#sSpan33" value="PPERO"/>
		<feat xlink:href="#sSpan35" value="ART"/>
		<feat xlink:href="#sSpan39" value="N"/>
		<feat xlink:href="#sSpan41" value="PREP"/>
		<feat xlink:href="#sSpan45" value="PPERO"/>
		<feat xlink:href="#sSpan47" value="PREP"/>
		<feat xlink:href="#sSpan51" value="PPOS"/>
		<feat xlink:href="#sSpan53" value="N"/>
		<feat xlink:href="#sSpan55" value="PREP"/>
		<feat xlink:href="#sSpan60" value="V"/>
		<feat xlink:href="#sSpan63" value="PREP"/>
		<feat xlink:href="#sSpan67" value="ART"/>
		<feat xlink:href="#sSpan70" value="N"/>
		<feat xlink:href="#sSpan75" value="CONJ"/>
		<feat xlink:href="#sSpan79" value="PREP"/>
		<feat xlink:href="#sSpan83" value="ART"/>
		<feat xlink:href="#sSpan86" value="N"/>
		<feat xlink:href="#sSpan88" value="NEG"/>
		<feat xlink:href="#sSpan92" value="PUNCT"/>
		<feat xlink:href="#sSpan96" value="CONJ"/>
		<feat xlink:href="#sSpan103" value="PPERS"/>
		<feat xlink:href="#sSpan107" value="V"/>
		<feat xlink:href="#sSpan109" value="NEG"/>
		<feat xlink:href="#sSpan113" value="CONJ"/>
		<feat xlink:href="#sSpan117" value="ART"/>
		<feat xlink:href="#sSpan120" value="N"/>
		<feat xlink:href="#sSpan122" value="CREL"/>
		<feat xlink:href="#sSpan126" value="FUT"/>
		<feat xlink:href="#sSpan129" value="V"/>
		<feat xlink:href="#sSpan132" value="PREP"/>
		<feat xlink:href="#sSpan136" value="ART"/>
		<feat xlink:href="#sSpan139" value="N"/>
		<feat xlink:href="#sSpan141" value="CONJ"/>
		<feat xlink:href="#sSpan145" value="CONJ"/>
		<feat xlink:href="#sSpan149" value="ART"/>
		<feat xlink:href="#sSpan154" value="N"/>
		<feat xlink:href="#sSpan156" value="CCIRC"/>
		<feat xlink:href="#sSpan160" value="PPERS"/>
		<feat xlink:href="#sSpan162" value="FUT"/>
		<feat xlink:href="#sSpan165" value="V"/>
		<feat xlink:href="#sSpan168" value="PREP"/>
		<feat xlink:href="#sSpan172" value="PPERO"/>
		<feat xlink:href="#sSpan174" value="PREP"/>
		<feat xlink:href="#sSpan178" value="PPERO"/>
		<feat xlink:href="#sSpan180" value="CPRET"/>
		<feat xlink:href="#sSpan184" value="PPERS"/>
		<feat xlink:href="#sSpan186" value="V"/>
		<feat xlink:href="#sSpan188" value="NEG"/>
		<feat xlink:href="#sSpan192" value="CONJ"/>
		<feat xlink:href="#sSpan196" value="PREP"/>
		<feat xlink:href="#sSpan198" value="ART"/>
		<feat xlink:href="#sSpan200" value="N"/>
		<feat xlink:href="#sSpan202" value="PREP"/>
		<feat xlink:href="#sSpan206" value="N"/>
		<feat xlink:href="#sSpan208" value="PREP"/>
		<feat xlink:href="#sSpan213" value="N"/>
		<feat xlink:href="#sSpan216" value="PUNCT"/>
		<feat xlink:href="#sSpan220" value="NEG"/>
		<feat xlink:href="#sSpan227" value="PPERS"/>
		<feat xlink:href="#sSpan229" value="V"/>
		<feat xlink:href="#sSpan231" value="NEG"/>
		<feat xlink:href="#sSpan235" value="CONJ"/>
		<feat xlink:href="#sSpan239" value="CCIRC"/>
		<feat xlink:href="#sSpan241" value="PPERS"/>
		<feat xlink:href="#sSpan243" value="FUT"/>
		<feat xlink:href="#sSpan246" value="V"/>
		<feat xlink:href="#sSpan249" value="PREP"/>
		<feat xlink:href="#sSpan253" value="ART"/>
		<feat xlink:href="#sSpan256" value="N"/>
		<feat xlink:href="#sSpan259" value="CONJ"/>
		<feat xlink:href="#sSpan264" value="PTC"/>
		<feat xlink:href="#sSpan268" value="ART"/>
		<feat xlink:href="#sSpan272" value="N"/>
		<feat xlink:href="#sSpan274" value="PREP"/>
		<feat xlink:href="#sSpan278" value="PDEM"/>
		<feat xlink:href="#sSpan281" value="N"/>
		<feat xlink:href="#sSpan283" value="PUNCT"/>
		<feat xlink:href="#sSpan287" value="CONJ"/>
		<feat xlink:href="#sSpan295" value="PTC"/>
		<feat xlink:href="#sSpan299" value="PTC"/>
		<feat xlink:href="#sSpan303" value="CCIRC"/>
		<feat xlink:href="#sSpan307" value="EXIST"/>
		<feat xlink:href="#sSpan309" value="PPERO"/>
		<feat xlink:href="#sSpan311" value="ADV"/>
		<feat xlink:href="#sSpan315" value="PREP"/>
		<feat xlink:href="#sSpan319" value="ART"/>
		<feat xlink:href="#sSpan321" value="N"/>
		<feat xlink:href="#sSpan323" value="PREP"/>
		<feat xlink:href="#sSpan328" value="N"/>
		<feat xlink:href="#sSpan331" value="PREP"/>
		<feat xlink:href="#sSpan335" value="PDEM"/>
		<feat xlink:href="#sSpan338" value="N"/>
		<feat xlink:href="#sSpan340" value="PDEM"/>
		<feat xlink:href="#sSpan344" value="CREL"/>
		<feat xlink:href="#sSpan348" value="VSTAT"/>
		<feat xlink:href="#sSpan350" value="PREP"/>
		<feat xlink:href="#sSpan354" value="ART"/>
		<feat xlink:href="#sSpan357" value="N"/>
		<feat xlink:href="#sSpan359" value="PDEM"/>
		<feat xlink:href="#sSpan363" value="VIMP"/>
		<feat xlink:href="#sSpan367" value="V"/>
		<feat xlink:href="#sSpan369" value="PPERO"/>
		<feat xlink:href="#sSpan371" value="PUNCT"/>
		<feat xlink:href="#sSpan375" value="CCIRC"/>
		<feat xlink:href="#sSpan382" value="PPERS"/>
		<feat xlink:href="#sSpan384" value="V"/>
		<feat xlink:href="#sSpan386" value="PREP"/>
		<feat xlink:href="#sSpan390" value="PPERO"/>
		<feat xlink:href="#sSpan392" value="PREP"/>
		<feat xlink:href="#sSpan396" value="ART"/>
		<feat xlink:href="#sSpan398" value="N"/>
		<feat xlink:href="#sSpan400" value="PREP"/>
		<feat xlink:href="#sSpan404" value="PPERO"/>
		<feat xlink:href="#sSpan406" value="PDEM"/>
		<feat xlink:href="#sSpan410" value="N"/>
		<feat xlink:href="#sSpan412" value="EXIST"/>
		<feat xlink:href="#sSpan416" value="N"/>
		<feat xlink:href="#sSpan420" value="PREP"/>
		<feat xlink:href="#sSpan424" value="N"/>
		<feat xlink:href="#sSpan426" value="PREP"/>
		<feat xlink:href="#sSpan430" value="PPERO"/>
		<feat xlink:href="#sSpan432" value="CCIRC"/>
		<feat xlink:href="#sSpan436" value="EXIST"/>
		<feat xlink:href="#sSpan438" value="N"/>
		<feat xlink:href="#sSpan440" value="PREP"/>
		<feat xlink:href="#sSpan444" value="PPERO"/>
		<feat xlink:href="#sSpan446" value="PREP"/>
		<feat xlink:href="#sSpan451" value="V"/>
		<feat xlink:href="#sSpan455" value="PREP"/>
		<feat xlink:href="#sSpan459" value="PPOS"/>
		<feat xlink:href="#sSpan461" value="N"/>
		<feat xlink:href="#sSpan463" value="PUNCT"/>
		<feat xlink:href="#sSpan468" value="CONJ"/>
		<feat xlink:href="#sSpan475" value="ART"/>
		<feat xlink:href="#sSpan479" value="N"/>
		<feat xlink:href="#sSpan481" value="PREP"/>
		<feat xlink:href="#sSpan485" value="ART"/>
		<feat xlink:href="#sSpan487" value="N"/>
		<feat xlink:href="#sSpan489" value="CCIRC"/>
		<feat xlink:href="#sSpan493" value="PPERS"/>
		<feat xlink:href="#sSpan496" value="V"/>
		<feat xlink:href="#sSpan499" value="CONJ"/>
		<feat xlink:href="#sSpan503" value="PDEM"/>
		<feat xlink:href="#sSpan507" value="PREP"/>
		<feat xlink:href="#sSpan511" value="ART"/>
		<feat xlink:href="#sSpan514" value="N"/>
		<feat xlink:href="#sSpan517" value="PUNCT"/>
		<feat xlink:href="#sSpan522" value="ADV"/>
		<feat xlink:href="#sSpan530" value="PTC"/>
		<feat xlink:href="#sSpan535" value="ADV"/>
		<feat xlink:href="#sSpan539" value="ART"/>
		<feat xlink:href="#sSpan543" value="N"/>
		<feat xlink:href="#sSpan545" value="PREP"/>
		<feat xlink:href="#sSpan549" value="PPERO"/>
		<feat xlink:href="#sSpan551" value="COP"/>
		<feat xlink:href="#sSpan555" value="CONJ"/>
		<feat xlink:href="#sSpan559" value="EXIST"/>
		<feat xlink:href="#sSpan561" value="PPERO"/>
		<feat xlink:href="#sSpan563" value="N"/>
		<feat xlink:href="#sSpan567" value="ADV"/>
		<feat xlink:href="#sSpan571" value="PREP"/>
		<feat xlink:href="#sSpan575" value="PPERO"/>
		<feat xlink:href="#sSpan577" value="PREP"/>
		<feat xlink:href="#sSpan581" value="PPOS"/>
		<feat xlink:href="#sSpan583" value="N"/>
		<feat xlink:href="#sSpan585" value="PREP"/>
		<feat xlink:href="#sSpan589" value="PINT"/>
		<feat xlink:href="#sSpan592" value="ADV"/>
		<feat xlink:href="#sSpan596" value="PPERS"/>
		<feat xlink:href="#sSpan600" value="V"/>
		<feat xlink:href="#sSpan602" value="PREP"/>
		<feat xlink:href="#sSpan606" value="PPERO"/>
		<feat xlink:href="#sSpan608" value="PREP"/>
		<feat xlink:href="#sSpan612" value="N"/>
		<feat xlink:href="#sSpan614" value="NEG"/>
		<feat xlink:href="#sSpan618" value="PREP"/>
		<feat xlink:href="#sSpan622" value="PINT"/>
		<feat xlink:href="#sSpan625" value="ADV"/>
		<feat xlink:href="#sSpan629" value="PPERS"/>
		<feat xlink:href="#sSpan633" value="V"/>
		<feat xlink:href="#sSpan635" value="PREP"/>
		<feat xlink:href="#sSpan639" value="PPERO"/>
		<feat xlink:href="#sSpan641" value="NEG"/>
		<feat xlink:href="#sSpan645" value="PUNCT"/>
		<feat xlink:href="#sSpan650" value="CONJ"/>
		<feat xlink:href="#sSpan657" value="PPERI"/>
		<feat xlink:href="#sSpan661" value="CREL"/>
		<feat xlink:href="#sSpan665" value="V"/>
		<feat xlink:href="#sSpan667" value="PREP"/>
		<feat xlink:href="#sSpan671" value="N"/>
		<feat xlink:href="#sSpan673" value="CONJ"/>
		<feat xlink:href="#sSpan677" value="CREL"/>
		<feat xlink:href="#sSpan681" value="V"/>
		<feat xlink:href="#sSpan683" value="CONJ"/>
		<feat xlink:href="#sSpan687" value="PDEM"/>
		<feat xlink:href="#sSpan691" value="PREP"/>
		<feat xlink:href="#sSpan695" value="PPOS"/>
		<feat xlink:href="#sSpan697" value="N"/>
		<feat xlink:href="#sSpan699" value="PUNCT"/>
		<feat xlink:href="#sSpan703" value="CONJ"/>
		<feat xlink:href="#sSpan710" value="PPERS"/>
		<feat xlink:href="#sSpan714" value="V"/>
		<feat xlink:href="#sSpan716" value="NEG"/>
		<feat xlink:href="#sSpan720" value="CONJ"/>
		<feat xlink:href="#sSpan724" value="ART"/>
		<feat xlink:href="#sSpan727" value="N"/>
		<feat xlink:href="#sSpan730" value="PREP"/>
		<feat xlink:href="#sSpan734" value="N"/>
		<feat xlink:href="#sSpan736" value="ART"/>
		<feat xlink:href="#sSpan741" value="N"/>
		<feat xlink:href="#sSpan744" value="PREP"/>
		<feat xlink:href="#sSpan748" value="ART"/>
		<feat xlink:href="#sSpan750" value="N"/>
		<feat xlink:href="#sSpan752" value="PPERS"/>
		<feat xlink:href="#sSpan756" value="FUT"/>
		<feat xlink:href="#sSpan759" value="V"/>
		<feat xlink:href="#sSpan763" value="PREP"/>
		<feat xlink:href="#sSpan767" value="PPERO"/>
		<feat xlink:href="#sSpan769" value="NEG"/>
		<feat xlink:href="#sSpan773" value="NEG"/>
		<feat xlink:href="#sSpan777" value="V"/>
		<feat xlink:href="#sSpan779" value="CONJ"/>
		<feat xlink:href="#sSpan784" value="CONJ"/>
		<feat xlink:href="#sSpan787" value="N"/>
		<feat xlink:href="#sSpan792" value="CONJ"/>
		<feat xlink:href="#sSpan797" value="N"/>
		<feat xlink:href="#sSpan805" value="CONJ"/>
		<feat xlink:href="#sSpan809" value="N"/>
		<feat xlink:href="#sSpan814" value="CONJ"/>
		<feat xlink:href="#sSpan819" value="N"/>
		<feat xlink:href="#sSpan824" value="CONJ"/>
		<feat xlink:href="#sSpan829" value="N"/>
		<feat xlink:href="#sSpan834" value="PREP"/>
		<feat xlink:href="#sSpan838" value="N"/>
		<feat xlink:href="#sSpan840" value="PUNCT"/>
		<feat xlink:href="#sSpan845" value="CONJ"/>
		<feat xlink:href="#sSpan853" value="N"/>
		<feat xlink:href="#sSpan859" value="CONJ"/>
		<feat xlink:href="#sSpan864" value="N"/>
		<feat xlink:href="#sSpan869" value="PREP"/>
		<feat xlink:href="#sSpan873" value="N"/>
		<feat xlink:href="#sSpan876" value="CONJ"/>
		<feat xlink:href="#sSpan881" value="N"/>
		<feat xlink:href="#sSpan887" value="CONJ"/>
		<feat xlink:href="#sSpan892" value="N"/>
		<feat xlink:href="#sSpan899" value="CONJ"/>
		<feat xlink:href="#sSpan904" value="N"/>
		<feat xlink:href="#sSpan909" value="ART"/>
		<feat xlink:href="#sSpan914" value="N"/>
		<feat xlink:href="#sSpan917" value="PREP"/>
		<feat xlink:href="#sSpan921" value="ART"/>
		<feat xlink:href="#sSpan923" value="N"/>
		<feat xlink:href="#sSpan925" value="PPERS"/>
		<feat xlink:href="#sSpan929" value="FUT"/>
		<feat xlink:href="#sSpan932" value="V"/>
		<feat xlink:href="#sSpan935" value="PREP"/>
		<feat xlink:href="#sSpan939" value="PPERO"/>
		<feat xlink:href="#sSpan941" value="NEG"/>
		<feat xlink:href="#sSpan945" value="PUNCT"/>
		<feat xlink:href="#sSpan950" value="FM"/>
		<feat xlink:href="#sSpan958" value="FM"/>
		<feat xlink:href="#sSpan962" value="CPRET"/>
		<feat xlink:href="#sSpan966" value="PPERS"/>
		<feat xlink:href="#sSpan968" value="ART"/>
		<feat xlink:href="#sSpan970" value="N"/>
		<feat xlink:href="#sSpan972" value="COP"/>
		<feat xlink:href="#sSpan977" value="CONJ"/>
		<feat xlink:href="#sSpan981" value="APST"/>
		<feat xlink:href="#sSpan985" value="PPERS"/>
		<feat xlink:href="#sSpan987" value="V"/>
		<feat xlink:href="#sSpan989" value="PPERO"/>
		<feat xlink:href="#sSpan992" value="CONJ"/>
		<feat xlink:href="#sSpan996" value="APST"/>
		<feat xlink:href="#sSpan1000" value="PPERS"/>
		<feat xlink:href="#sSpan1002" value="V"/>
		<feat xlink:href="#sSpan1004" value="PPERO"/>
		<feat xlink:href="#sSpan1007" value="CONJ"/>
		<feat xlink:href="#sSpan1011" value="APST"/>
		<feat xlink:href="#sSpan1015" value="PPERS"/>
		<feat xlink:href="#sSpan1017" value="V"/>
		<feat xlink:href="#sSpan1019" value="PPERO"/>
		<feat xlink:href="#sSpan1021" value="PREP"/>
		<feat xlink:href="#sSpan1025" value="ART"/>
		<feat xlink:href="#sSpan1027" value="N"/>
		<feat xlink:href="#sSpan1029" value="PREP"/>
		<feat xlink:href="#sSpan1033" value="PPOS"/>
		<feat xlink:href="#sSpan1035" value="N"/>
		<feat xlink:href="#sSpan1038" value="NPROP"/>
		<feat xlink:href="#sSpan1042" value="ART"/>
		<feat xlink:href="#sSpan1047" value="N"/>
		<feat xlink:href="#sSpan1049" value="PREP"/>
		<feat xlink:href="#sSpan1053" value="PREP"/>
		<feat xlink:href="#sSpan1055" value="ART"/>
		<feat xlink:href="#sSpan1058" value="N"/>
		<feat xlink:href="#sSpan1060" value="PREP"/>
		<feat xlink:href="#sSpan1064" value="PPOS"/>
		<feat xlink:href="#sSpan1066" value="N"/>
		<feat xlink:href="#sSpan1068" value="PUNCT"/>
		<feat xlink:href="#sSpan1073" value="V"/>
		<feat xlink:href="#sSpan1080" value="PREP"/>
		<feat xlink:href="#sSpan1084" value="PPERO"/>
		<feat xlink:href="#sSpan1086" value="PREP"/>
		<feat xlink:href="#sSpan1090" value="V"/>
		<feat xlink:href="#sSpan1092" value="N"/>
		<feat xlink:href="#sSpan1094" value="PINT"/>
		<feat xlink:href="#sSpan1099" value="CONJ"/>
		<feat xlink:href="#sSpan1103" value="PPERS"/>
		<feat xlink:href="#sSpan1108" value="V"/>
		<feat xlink:href="#sSpan1111" value="IMOD"/>
		<feat xlink:href="#sSpan1115" value="PPERO"/>
		<feat xlink:href="#sSpan1117" value="NEG"/>
		<feat xlink:href="#sSpan1122" value="V"/>
		<feat xlink:href="#sSpan1126" value="PREP"/>
		<feat xlink:href="#sSpan1130" value="PPERO"/>
		<feat xlink:href="#sSpan1132" value="PREP"/>
		<feat xlink:href="#sSpan1136" value="V"/>
		<feat xlink:href="#sSpan1138" value="N"/>
		<feat xlink:href="#sSpan1140" value="PINT"/>
		<feat xlink:href="#sSpan1145" value="CONJ"/>
		<feat xlink:href="#sSpan1149" value="ACONJ"/>
		<feat xlink:href="#sSpan1153" value="V"/>
		<feat xlink:href="#sSpan1155" value="N"/>
		<feat xlink:href="#sSpan1159" value="V"/>
		<feat xlink:href="#sSpan1163" value="PREP"/>
		<feat xlink:href="#sSpan1167" value="PPOS"/>
		<feat xlink:href="#sSpan1170" value="N"/>
		<feat xlink:href="#sSpan1173" value="PUNCT"/>
		<feat xlink:href="#sSpan1177" value="ART"/>
		<feat xlink:href="#sSpan1184" value="N"/>
		<feat xlink:href="#sSpan1186" value="APST"/>
		<feat xlink:href="#sSpan1190" value="PPERS"/>
		<feat xlink:href="#sSpan1192" value="VSTAT"/>
		<feat xlink:href="#sSpan1194" value="PREP"/>
		<feat xlink:href="#sSpan1198" value="ART"/>
		<feat xlink:href="#sSpan1200" value="N"/>
		<feat xlink:href="#sSpan1202" value="CONJ"/>
		<feat xlink:href="#sSpan1206" value="ART"/>
		<feat xlink:href="#sSpan1210" value="N"/>
		<feat xlink:href="#sSpan1212" value="PREP"/>
		<feat xlink:href="#sSpan1216" value="ART"/>
		<feat xlink:href="#sSpan1218" value="N"/>
		<feat xlink:href="#sSpan1220" value="PDEM"/>
		<feat xlink:href="#sSpan1225" value="PTC"/>
		<feat xlink:href="#sSpan1229" value="PREP"/>
		<feat xlink:href="#sSpan1233" value="ART"/>
		<feat xlink:href="#sSpan1235" value="N"/>
		<feat xlink:href="#sSpan1237" value="ART"/>
		<feat xlink:href="#sSpan1241" value="N"/>
		<feat xlink:href="#sSpan1243" value="FUT"/>
		<feat xlink:href="#sSpan1247" value="V"/>
		<feat xlink:href="#sSpan1249" value="PPERO"/>
		<feat xlink:href="#sSpan1251" value="ART"/>
		<feat xlink:href="#sSpan1256" value="N"/>
		<feat xlink:href="#sSpan1259" value="PTC"/>
		<feat xlink:href="#sSpan1263" value="CPRET"/>
		<feat xlink:href="#sSpan1267" value="PPERS"/>
		<feat xlink:href="#sSpan1269" value="VSTAT"/>
		<feat xlink:href="#sSpan1271" value="PREP"/>
		<feat xlink:href="#sSpan1275" value="ART"/>
		<feat xlink:href="#sSpan1278" value="N"/>
		<feat xlink:href="#sSpan1280" value="NEG"/>
		<feat xlink:href="#sSpan1285" value="CONJ"/>
		<feat xlink:href="#sSpan1289" value="PREP"/>
		<feat xlink:href="#sSpan1293" value="ART"/>
		<feat xlink:href="#sSpan1295" value="N"/>
		<feat xlink:href="#sSpan1297" value="CONJ"/>
		<feat xlink:href="#sSpan1301" value="ART"/>
		<feat xlink:href="#sSpan1305" value="N"/>
		<feat xlink:href="#sSpan1307" value="PREP"/>
		<feat xlink:href="#sSpan1311" value="ART"/>
		<feat xlink:href="#sSpan1314" value="N"/>
		<feat xlink:href="#sSpan1316" value="PUNCT"/>
		<feat xlink:href="#sSpan1320" value="ART"/>
		<feat xlink:href="#sSpan1327" value="N"/>
		<feat xlink:href="#sSpan1330" value="PTC"/>
		<feat xlink:href="#sSpan1334" value="APST"/>
		<feat xlink:href="#sSpan1338" value="PPERS"/>
		<feat xlink:href="#sSpan1340" value="V"/>
		<feat xlink:href="#sSpan1342" value="PPOS"/>
		<feat xlink:href="#sSpan1344" value="N"/>
		<feat xlink:href="#sSpan1346" value="CONJ"/>
		<feat xlink:href="#sSpan1350" value="PPERI"/>
		<feat xlink:href="#sSpan1354" value="IMOD"/>
		<feat xlink:href="#sSpan1358" value="PPERO"/>
		<feat xlink:href="#sSpan1360" value="AOPT_PPERS"/>
		<feat xlink:href="#sSpan1364" value="V"/>
		<feat xlink:href="#sSpan1366" value="PPERO"/>
		<feat xlink:href="#sSpan1368" value="ADV"/>
		<feat xlink:href="#sSpan1372" value="PREP"/>
		<feat xlink:href="#sSpan1376" value="PPOS"/>
		<feat xlink:href="#sSpan1378" value="N"/>
		<feat xlink:href="#sSpan1380" value="PUNCT"/>
		<feat xlink:href="#sSpan1384" value="NEG"/>
		<feat xlink:href="#sSpan1391" value="PPERS"/>
		<feat xlink:href="#sSpan1393" value="V"/>
		<feat xlink:href="#sSpan1395" value="NEG"/>
		<feat xlink:href="#sSpan1399" value="CONJ"/>
		<feat xlink:href="#sSpan1403" value="PPOS"/>
		<feat xlink:href="#sSpan1406" value="N"/>
		<feat xlink:href="#sSpan1408" value="ART"/>
		<feat xlink:href="#sSpan1413" value="N"/>
		<feat xlink:href="#sSpan1415" value="PREP"/>
		<feat xlink:href="#sSpan1419" value="ART"/>
		<feat xlink:href="#sSpan1422" value="N"/>
		<feat xlink:href="#sSpan1424" value="COP"/>
		<feat xlink:href="#sSpan1428" value="ACONJ"/>
		<feat xlink:href="#sSpan1432" value="PPERS"/>
		<feat xlink:href="#sSpan1434" value="V"/>
		<feat xlink:href="#sSpan1436" value="PTC"/>
		<feat xlink:href="#sSpan1440" value="PREP"/>
		<feat xlink:href="#sSpan1444" value="ART"/>
		<feat xlink:href="#sSpan1447" value="N"/>
		<feat xlink:href="#sSpan1449" value="PREP"/>
		<feat xlink:href="#sSpan1453" value="ART"/>
		<feat xlink:href="#sSpan1456" value="N"/>
		<feat xlink:href="#sSpan1458" value="ACONJ"/>
		<feat xlink:href="#sSpan1462" value="PPERS"/>
		<feat xlink:href="#sSpan1464" value="V"/>
		<feat xlink:href="#sSpan1466" value="PPERO"/>
		<feat xlink:href="#sSpan1468" value="PREP"/>
		<feat xlink:href="#sSpan1473" value="N"/>
		<feat xlink:href="#sSpan1475" value="PREP"/>
		<feat xlink:href="#sSpan1480" value="N"/>
		<feat xlink:href="#sSpan1482" value="ANEGOPT"/>
		<feat xlink:href="#sSpan1486" value="PPERS"/>
		<feat xlink:href="#sSpan1488" value="V"/>
		<feat xlink:href="#sSpan1490" value="CONJ"/>
		<feat xlink:href="#sSpan1497" value="PPERS"/>
		<feat xlink:href="#sSpan1501" value="V"/>
		<feat xlink:href="#sSpan1503" value="NEG"/>
		<feat xlink:href="#sSpan1507" value="CONJ"/>
		<feat xlink:href="#sSpan1511" value="PDEM"/>
		<feat xlink:href="#sSpan1513" value="CREL"/>
		<feat xlink:href="#sSpan1517" value="V"/>
		<feat xlink:href="#sSpan1519" value="PREP"/>
		<feat xlink:href="#sSpan1523" value="PPERO"/>
		<feat xlink:href="#sSpan1525" value="PREP"/>
		<feat xlink:href="#sSpan1529" value="ART"/>
		<feat xlink:href="#sSpan1532" value="N"/>
		<feat xlink:href="#sSpan1534" value="ART"/>
		<feat xlink:href="#sSpan1539" value="N"/>
		<feat xlink:href="#sSpan1541" value="PREP"/>
		<feat xlink:href="#sSpan1545" value="N"/>
		<feat xlink:href="#sSpan1547" value="COP"/>
		<feat xlink:href="#sSpan1551" value="AOPT_PPERS"/>
		<feat xlink:href="#sSpan1555" value="V"/>
		<feat xlink:href="#sSpan1558" value="PTC"/>
		<feat xlink:href="#sSpan1562" value="VBD"/>
		<feat xlink:href="#sSpan1566" value="PPERS"/>
		<feat xlink:href="#sSpan1568" value="PREP"/>
		<feat xlink:href="#sSpan1572" value="ART"/>
		<feat xlink:href="#sSpan1574" value="NUM"/>
		<feat xlink:href="#sSpan1576" value="PREP"/>
		<feat xlink:href="#sSpan1580" value="ART"/>
		<feat xlink:href="#sSpan1583" value="N"/>
		<feat xlink:href="#sSpan1585" value="PREP"/>
		<feat xlink:href="#sSpan1589" value="N"/>
		<feat xlink:href="#sSpan1591" value="PUNCT"/>
		<feat xlink:href="#sSpan1595" value="PDEM"/>
		<feat xlink:href="#sSpan1602" value="CREL"/>
		<feat xlink:href="#sSpan1606" value="V"/>
		<feat xlink:href="#sSpan1608" value="PREP"/>
		<feat xlink:href="#sSpan1612" value="PPERO"/>
		<feat xlink:href="#sSpan1614" value="PREP"/>
		<feat xlink:href="#sSpan1618" value="ART"/>
		<feat xlink:href="#sSpan1620" value="N"/>
		<feat xlink:href="#sSpan1622" value="ART"/>
		<feat xlink:href="#sSpan1627" value="N"/>
		<feat xlink:href="#sSpan1629" value="PREP"/>
		<feat xlink:href="#sSpan1633" value="N"/>
		<feat xlink:href="#sSpan1635" value="PUNCT"/>
		<feat xlink:href="#sSpan1639" value="V"/>
		<feat xlink:href="#sSpan1646" value="ADV"/>
		<feat xlink:href="#sSpan1650" value="PREP"/>
		<feat xlink:href="#sSpan1654" value="ART"/>
		<feat xlink:href="#sSpan1657" value="N"/>
		<feat xlink:href="#sSpan1659" value="N"/>
		<feat xlink:href="#sSpan1663" value="PINT"/>
		<feat xlink:href="#sSpan1667" value="CREL"/>
		<feat xlink:href="#sSpan1671" value="ART"/>
		<feat xlink:href="#sSpan1673" value="N"/>
		<feat xlink:href="#sSpan1675" value="FUT"/>
		<feat xlink:href="#sSpan1679" value="V"/>
		<feat xlink:href="#sSpan1681" value="PPERO"/>
		<feat xlink:href="#sSpan1683" value="PPERS"/>
		<feat xlink:href="#sSpan1687" value="ADV"/>
		<feat xlink:href="#sSpan1689" value="PREP"/>
		<feat xlink:href="#sSpan1693" value="ART"/>
		<feat xlink:href="#sSpan1696" value="N"/>
		<feat xlink:href="#sSpan1698" value="PDEM"/>
		<feat xlink:href="#sSpan1703" value="PTC"/>
		<feat xlink:href="#sSpan1707" value="CREL"/>
		<feat xlink:href="#sSpan1712" value="V"/>
		<feat xlink:href="#sSpan1716" value="APST"/>
		<feat xlink:href="#sSpan1720" value="PPERS"/>
		<feat xlink:href="#sSpan1723" value="V"/>
		<feat xlink:href="#sSpan1726" value="PREP"/>
		<feat xlink:href="#sSpan1730" value="PPOS"/>
		<feat xlink:href="#sSpan1733" value="N"/>
		<feat xlink:href="#sSpan1735" value="IMOD"/>
		<feat xlink:href="#sSpan1739" value="PPERO"/>
		<feat xlink:href="#sSpan1741" value="PUNCT"/>
		<feat xlink:href="#sSpan1745" value="CONJ"/>
		<feat xlink:href="#sSpan1752" value="PPERS"/>
		<feat xlink:href="#sSpan1756" value="V"/>
		<feat xlink:href="#sSpan1758" value="NEG"/>
		<feat xlink:href="#sSpan1762" value="CONJ"/>
		<feat xlink:href="#sSpan1766" value="PPOS"/>
		<feat xlink:href="#sSpan1769" value="N"/>
		<feat xlink:href="#sSpan1771" value="ART"/>
		<feat xlink:href="#sSpan1775" value="N"/>
		<feat xlink:href="#sSpan1777" value="PREP"/>
		<feat xlink:href="#sSpan1781" value="ART"/>
		<feat xlink:href="#sSpan1784" value="N"/>
		<feat xlink:href="#sSpan1786" value="CREL"/>
		<feat xlink:href="#sSpan1790" value="VSTAT"/>
		<feat xlink:href="#sSpan1792" value="COP"/>
		<feat xlink:href="#sSpan1796" value="PDEM"/>
		<feat xlink:href="#sSpan1800" value="CREL"/>
		<feat xlink:href="#sSpan1804" value="VSTAT"/>
		<feat xlink:href="#sSpan1806" value="PREP"/>
		<feat xlink:href="#sSpan1810" value="PPERO"/>
		<feat xlink:href="#sSpan1812" value="PDEM"/>
		<feat xlink:href="#sSpan1816" value="CREL"/>
		<feat xlink:href="#sSpan1820" value="CFOC"/>
		<feat xlink:href="#sSpan1822" value="PPERS"/>
		<feat xlink:href="#sSpan1824" value="V"/>
		<feat xlink:href="#sSpan1826" value="PPERO"/>
		<feat xlink:href="#sSpan1828" value="PREP"/>
		<feat xlink:href="#sSpan1832" value="ART"/>
		<feat xlink:href="#sSpan1834" value="N"/>
		<feat xlink:href="#sSpan1836" value="CONJ"/>
		<feat xlink:href="#sSpan1840" value="PPERI"/>
		<feat xlink:href="#sSpan1844" value="PPOS"/>
		<feat xlink:href="#sSpan1848" value="NEG"/>
		<feat xlink:href="#sSpan1852" value="PUNCT"/>
		<feat xlink:href="#sSpan1856" value="APST"/>
		<feat xlink:href="#sSpan1863" value="PPERS"/>
		<feat xlink:href="#sSpan1865" value="V"/>
		<feat xlink:href="#sSpan1867" value="PPERO"/>
		<feat xlink:href="#sSpan1869" value="PREP"/>
		<feat xlink:href="#sSpan1873" value="ART"/>
		<feat xlink:href="#sSpan1876" value="N"/>
		<feat xlink:href="#sSpan1879" value="VIMP"/>
		<feat xlink:href="#sSpan1884" value="PREP"/>
		<feat xlink:href="#sSpan1888" value="ART"/>
		<feat xlink:href="#sSpan1890" value="N"/>
		<feat xlink:href="#sSpan1892" value="PREP"/>
		<feat xlink:href="#sSpan1896" value="PPOS"/>
		<feat xlink:href="#sSpan1899" value="N"/>
		<feat xlink:href="#sSpan1901" value="PUNCT"/></featList></paula>