<?xml version='1.0' encoding='UTF-8'?><!DOCTYPE paula SYSTEM "paula_feat.dtd">
<paula version="1.1">
	<header paula_id="scriptorium.AP.006.n196.worms.mark_note"/>
	<featList xmlns:xlink="http://www.w3.org/1999/xlink" type="note" xml:base="scriptorium.AP.006.n196.worms.mark.xml">
		<feat xlink:href="#sSpan46" value="decoration straight line with dots above and below in left margin"/>
		<feat xlink:href="#sSpan133" value="tail of zeta goes into line below between omicron and lambda"/>
		<feat xlink:href="#sSpan263" value="manuscript torn"/>
		<feat xlink:href="#sSpan287" value="manuscript torn"/>
		<feat xlink:href="#sSpan309" value="manuscript torn"/>
		<feat xlink:href="#sSpan324" value="manuscript torn"/></featList></paula>