<?xml version='1.0' encoding='UTF-8'?><!DOCTYPE paula SYSTEM "paula_rel.dtd">
<paula version="1.1">
	<header paula_id="scriptorium.AP.006.n196.worms.dep"/>
	<relList xmlns:xlink="http://www.w3.org/1999/xlink" type="dep">
		<rel id="sPointingRel1" xlink:href="scriptorium.AP.006.n196.worms.mark.xml#sSpan44" target="scriptorium.AP.006.n196.worms.mark.xml#sSpan29"/>
		<rel id="sPointingRel3" xlink:href="scriptorium.AP.006.n196.worms.mark.xml#sSpan129" target="scriptorium.AP.006.n196.worms.mark.xml#sSpan122"/>
		<rel id="sPointingRel5" xlink:href="scriptorium.AP.006.n196.worms.mark.xml#sSpan138" target="scriptorium.AP.006.n196.worms.mark.xml#sSpan134"/>
		<rel id="sPointingRel7" xlink:href="scriptorium.AP.006.n196.worms.mark.xml#sSpan277" target="scriptorium.AP.006.n196.worms.mark.xml#sSpan322"/>
		<rel id="sPointingRel9" xlink:href="scriptorium.AP.006.n196.worms.mark.xml#sSpan225" target="scriptorium.AP.006.n196.worms.mark.xml#sSpan216"/>
		<rel id="sPointingRel11" xlink:href="scriptorium.AP.006.n196.worms.mark.xml#sSpan20" target="scriptorium.AP.006.n196.worms.mark.xml#sSpan27"/>
		<rel id="sPointingRel13" xlink:href="scriptorium.AP.006.n196.worms.mark.xml#sSpan233" target="scriptorium.AP.006.n196.worms.mark.xml#sSpan229"/>
		<rel id="sPointingRel15" xlink:href="scriptorium.AP.006.n196.worms.mark.xml#sSpan249" target="scriptorium.AP.006.n196.worms.mark.xml#sSpan265"/>
		<rel id="sPointingRel17" xlink:href="scriptorium.AP.006.n196.worms.mark.xml#sSpan277" target="scriptorium.AP.006.n196.worms.mark.xml#sSpan182"/>
		<rel id="sPointingRel19" xlink:href="scriptorium.AP.006.n196.worms.mark.xml#sSpan225" target="scriptorium.AP.006.n196.worms.mark.xml#sSpan241"/>
		<rel id="sPointingRel21" xlink:href="scriptorium.AP.006.n196.worms.mark.xml#sSpan216" target="scriptorium.AP.006.n196.worms.mark.xml#sSpan222"/>
		<rel id="sPointingRel23" xlink:href="scriptorium.AP.006.n196.worms.mark.xml#sSpan85" target="scriptorium.AP.006.n196.worms.mark.xml#sSpan75"/>
		<rel id="sPointingRel25" xlink:href="scriptorium.AP.006.n196.worms.mark.xml#sSpan222" target="scriptorium.AP.006.n196.worms.mark.xml#sSpan218"/>
		<rel id="sPointingRel27" xlink:href="scriptorium.AP.006.n196.worms.mark.xml#sSpan225" target="scriptorium.AP.006.n196.worms.mark.xml#sSpan249"/>
		<rel id="sPointingRel29" xlink:href="scriptorium.AP.006.n196.worms.mark.xml#sSpan44" target="scriptorium.AP.006.n196.worms.mark.xml#sSpan55"/>
		<rel id="sPointingRel31" xlink:href="scriptorium.AP.006.n196.worms.mark.xml#sSpan129" target="scriptorium.AP.006.n196.worms.mark.xml#sSpan126"/>
		<rel id="sPointingRel33" xlink:href="scriptorium.AP.006.n196.worms.mark.xml#sSpan110" target="scriptorium.AP.006.n196.worms.mark.xml#sSpan98"/>
		<rel id="sPointingRel35" xlink:href="scriptorium.AP.006.n196.worms.mark.xml#sSpan164" target="scriptorium.AP.006.n196.worms.mark.xml#sSpan158"/>
		<rel id="sPointingRel37" xlink:href="scriptorium.AP.006.n196.worms.mark.xml#sSpan120" target="scriptorium.AP.006.n196.worms.mark.xml#sSpan129"/>
		<rel id="sPointingRel39" xlink:href="scriptorium.AP.006.n196.worms.mark.xml#sSpan20" target="scriptorium.AP.006.n196.worms.mark.xml#sSpan2"/>
		<rel id="sPointingRel41" xlink:href="scriptorium.AP.006.n196.worms.mark.xml#sSpan182" target="scriptorium.AP.006.n196.worms.mark.xml#sSpan178"/>
		<rel id="sPointingRel43" xlink:href="scriptorium.AP.006.n196.worms.mark.xml#sSpan110" target="scriptorium.AP.006.n196.worms.mark.xml#sSpan120"/>
		<rel id="sPointingRel45" xlink:href="scriptorium.AP.006.n196.worms.mark.xml#sSpan110" target="scriptorium.AP.006.n196.worms.mark.xml#sSpan108"/>
		<rel id="sPointingRel47" xlink:href="scriptorium.AP.006.n196.worms.mark.xml#sSpan182" target="scriptorium.AP.006.n196.worms.mark.xml#sSpan184"/>
		<rel id="sPointingRel49" xlink:href="scriptorium.AP.006.n196.worms.mark.xml#sSpan303" target="scriptorium.AP.006.n196.worms.mark.xml#sSpan311"/>
		<rel id="sPointingRel51" xlink:href="scriptorium.AP.006.n196.worms.mark.xml#sSpan277" target="scriptorium.AP.006.n196.worms.mark.xml#sSpan275"/>
		<rel id="sPointingRel53" xlink:href="scriptorium.AP.006.n196.worms.mark.xml#sSpan265" target="scriptorium.AP.006.n196.worms.mark.xml#sSpan260"/>
		<rel id="sPointingRel55" xlink:href="scriptorium.AP.006.n196.worms.mark.xml#sSpan249" target="scriptorium.AP.006.n196.worms.mark.xml#sSpan243"/>
		<rel id="sPointingRel57" xlink:href="scriptorium.AP.006.n196.worms.mark.xml#sSpan68" target="scriptorium.AP.006.n196.worms.mark.xml#sSpan63"/>
		<rel id="sPointingRel59" xlink:href="scriptorium.AP.006.n196.worms.mark.xml#sSpan20" target="scriptorium.AP.006.n196.worms.mark.xml#sSpan16"/>
		<rel id="sPointingRel61" xlink:href="scriptorium.AP.006.n196.worms.mark.xml#sSpan182" target="scriptorium.AP.006.n196.worms.mark.xml#sSpan196"/>
		<rel id="sPointingRel63" xlink:href="scriptorium.AP.006.n196.worms.mark.xml#sSpan155" target="scriptorium.AP.006.n196.worms.mark.xml#sSpan167"/>
		<rel id="sPointingRel65" xlink:href="scriptorium.AP.006.n196.worms.mark.xml#sSpan311" target="scriptorium.AP.006.n196.worms.mark.xml#sSpan305"/>
		<rel id="sPointingRel67" xlink:href="scriptorium.AP.006.n196.worms.mark.xml#sSpan120" target="scriptorium.AP.006.n196.worms.mark.xml#sSpan112"/>
		<rel id="sPointingRel69" xlink:href="scriptorium.AP.006.n196.worms.mark.xml#sSpan98" target="scriptorium.AP.006.n196.worms.mark.xml#sSpan101"/>
		<rel id="sPointingRel71" xlink:href="scriptorium.AP.006.n196.worms.mark.xml#sSpan44" target="scriptorium.AP.006.n196.worms.mark.xml#sSpan40"/>
		<rel id="sPointingRel73" xlink:href="scriptorium.AP.006.n196.worms.mark.xml#sSpan155" target="scriptorium.AP.006.n196.worms.mark.xml#sSpan164"/>
		<rel id="sPointingRel75" xlink:href="scriptorium.AP.006.n196.worms.mark.xml#sSpan129" target="scriptorium.AP.006.n196.worms.mark.xml#sSpan138"/>
		<rel id="sPointingRel77" xlink:href="scriptorium.AP.006.n196.worms.mark.xml#sSpan225" target="scriptorium.AP.006.n196.worms.mark.xml#sSpan198"/>
		<rel id="sPointingRel79" xlink:href="scriptorium.AP.006.n196.worms.mark.xml#sSpan155" target="scriptorium.AP.006.n196.worms.mark.xml#sSpan146"/>
		<rel id="sPointingRel81" xlink:href="scriptorium.AP.006.n196.worms.mark.xml#sSpan38" target="scriptorium.AP.006.n196.worms.mark.xml#sSpan35"/>
		<rel id="sPointingRel83" xlink:href="scriptorium.AP.006.n196.worms.mark.xml#sSpan61" target="scriptorium.AP.006.n196.worms.mark.xml#sSpan57"/>
		<rel id="sPointingRel85" xlink:href="scriptorium.AP.006.n196.worms.mark.xml#sSpan155" target="scriptorium.AP.006.n196.worms.mark.xml#sSpan150"/>
		<rel id="sPointingRel87" xlink:href="scriptorium.AP.006.n196.worms.mark.xml#sSpan27" target="scriptorium.AP.006.n196.worms.mark.xml#sSpan24"/>
		<rel id="sPointingRel89" xlink:href="scriptorium.AP.006.n196.worms.mark.xml#sSpan164" target="scriptorium.AP.006.n196.worms.mark.xml#sSpan162"/>
		<rel id="sPointingRel91" xlink:href="scriptorium.AP.006.n196.worms.mark.xml#sSpan241" target="scriptorium.AP.006.n196.worms.mark.xml#sSpan237"/>
		<rel id="sPointingRel93" xlink:href="scriptorium.AP.006.n196.worms.mark.xml#sSpan44" target="scriptorium.AP.006.n196.worms.mark.xml#sSpan38"/>
		<rel id="sPointingRel95" xlink:href="scriptorium.AP.006.n196.worms.mark.xml#sSpan303" target="scriptorium.AP.006.n196.worms.mark.xml#sSpan296"/>
		<rel id="sPointingRel97" xlink:href="scriptorium.AP.006.n196.worms.mark.xml#sSpan110" target="scriptorium.AP.006.n196.worms.mark.xml#sSpan93"/>
		<rel id="sPointingRel99" xlink:href="scriptorium.AP.006.n196.worms.mark.xml#sSpan225" target="scriptorium.AP.006.n196.worms.mark.xml#sSpan209"/>
		<rel id="sPointingRel101" xlink:href="scriptorium.AP.006.n196.worms.mark.xml#sSpan55" target="scriptorium.AP.006.n196.worms.mark.xml#sSpan52"/>
		<rel id="sPointingRel103" xlink:href="scriptorium.AP.006.n196.worms.mark.xml#sSpan322" target="scriptorium.AP.006.n196.worms.mark.xml#sSpan320"/>
		<rel id="sPointingRel105" xlink:href="scriptorium.AP.006.n196.worms.mark.xml#sSpan249" target="scriptorium.AP.006.n196.worms.mark.xml#sSpan247"/>
		<rel id="sPointingRel107" xlink:href="scriptorium.AP.006.n196.worms.mark.xml#sSpan182" target="scriptorium.AP.006.n196.worms.mark.xml#sSpan180"/>
		<rel id="sPointingRel109" xlink:href="scriptorium.AP.006.n196.worms.mark.xml#sSpan120" target="scriptorium.AP.006.n196.worms.mark.xml#sSpan117"/>
		<rel id="sPointingRel111" xlink:href="scriptorium.AP.006.n196.worms.mark.xml#sSpan20" target="scriptorium.AP.006.n196.worms.mark.xml#sSpan70"/>
		<rel id="sPointingRel113" xlink:href="scriptorium.AP.006.n196.worms.mark.xml#sSpan322" target="scriptorium.AP.006.n196.worms.mark.xml#sSpan318"/>
		<rel id="sPointingRel115" xlink:href="scriptorium.AP.006.n196.worms.mark.xml#sSpan216" target="scriptorium.AP.006.n196.worms.mark.xml#sSpan213"/>
		<rel id="sPointingRel117" xlink:href="scriptorium.AP.006.n196.worms.mark.xml#sSpan55" target="scriptorium.AP.006.n196.worms.mark.xml#sSpan47"/>
		<rel id="sPointingRel119" xlink:href="scriptorium.AP.006.n196.worms.mark.xml#sSpan303" target="scriptorium.AP.006.n196.worms.mark.xml#sSpan301"/>
		<rel id="sPointingRel121" xlink:href="scriptorium.AP.006.n196.worms.mark.xml#sSpan85" target="scriptorium.AP.006.n196.worms.mark.xml#sSpan141"/>
		<rel id="sPointingRel123" xlink:href="scriptorium.AP.006.n196.worms.mark.xml#sSpan249" target="scriptorium.AP.006.n196.worms.mark.xml#sSpan252"/>
		<rel id="sPointingRel125" xlink:href="scriptorium.AP.006.n196.worms.mark.xml#sSpan277" target="scriptorium.AP.006.n196.worms.mark.xml#sSpan273"/>
		<rel id="sPointingRel127" xlink:href="scriptorium.AP.006.n196.worms.mark.xml#sSpan85" target="scriptorium.AP.006.n196.worms.mark.xml#sSpan83"/>
		<rel id="sPointingRel129" xlink:href="scriptorium.AP.006.n196.worms.mark.xml#sSpan265" target="scriptorium.AP.006.n196.worms.mark.xml#sSpan256"/>
		<rel id="sPointingRel131" xlink:href="scriptorium.AP.006.n196.worms.mark.xml#sSpan277" target="scriptorium.AP.006.n196.worms.mark.xml#sSpan326"/>
		<rel id="sPointingRel133" xlink:href="scriptorium.AP.006.n196.worms.mark.xml#sSpan182" target="scriptorium.AP.006.n196.worms.mark.xml#sSpan225"/>
		<rel id="sPointingRel135" xlink:href="scriptorium.AP.006.n196.worms.mark.xml#sSpan277" target="scriptorium.AP.006.n196.worms.mark.xml#sSpan303"/>
		<rel id="sPointingRel137" xlink:href="scriptorium.AP.006.n196.worms.mark.xml#sSpan91" target="scriptorium.AP.006.n196.worms.mark.xml#sSpan87"/>
		<rel id="sPointingRel139" xlink:href="scriptorium.AP.006.n196.worms.mark.xml#sSpan277" target="scriptorium.AP.006.n196.worms.mark.xml#sSpan267"/>
		<rel id="sPointingRel141" xlink:href="scriptorium.AP.006.n196.worms.mark.xml#sSpan322" target="scriptorium.AP.006.n196.worms.mark.xml#sSpan313"/>
		<rel id="sPointingRel143" xlink:href="scriptorium.AP.006.n196.worms.mark.xml#sSpan20" target="scriptorium.AP.006.n196.worms.mark.xml#sSpan13"/>
		<rel id="sPointingRel145" xlink:href="scriptorium.AP.006.n196.worms.mark.xml#sSpan85" target="scriptorium.AP.006.n196.worms.mark.xml#sSpan91"/>
		<rel id="sPointingRel147" xlink:href="scriptorium.AP.006.n196.worms.mark.xml#sSpan110" target="scriptorium.AP.006.n196.worms.mark.xml#sSpan106"/>
		<rel id="sPointingRel149" xlink:href="scriptorium.AP.006.n196.worms.mark.xml#sSpan55" target="scriptorium.AP.006.n196.worms.mark.xml#sSpan61"/>
		<rel id="sPointingRel151" xlink:href="scriptorium.AP.006.n196.worms.mark.xml#sSpan196" target="scriptorium.AP.006.n196.worms.mark.xml#sSpan194"/>
		<rel id="sPointingRel153" xlink:href="scriptorium.AP.006.n196.worms.mark.xml#sSpan85" target="scriptorium.AP.006.n196.worms.mark.xml#sSpan110"/>
		<rel id="sPointingRel155" xlink:href="scriptorium.AP.006.n196.worms.mark.xml#sSpan196" target="scriptorium.AP.006.n196.worms.mark.xml#sSpan189"/>
		<rel id="sPointingRel157" xlink:href="scriptorium.AP.006.n196.worms.mark.xml#sSpan277" target="scriptorium.AP.006.n196.worms.mark.xml#sSpan279"/>
		<rel id="sPointingRel159" xlink:href="scriptorium.AP.006.n196.worms.mark.xml#sSpan225" target="scriptorium.AP.006.n196.worms.mark.xml#sSpan233"/>
		<rel id="sPointingRel161" xlink:href="scriptorium.AP.006.n196.worms.mark.xml#sSpan225" target="scriptorium.AP.006.n196.worms.mark.xml#sSpan171"/>
		<rel id="sPointingRel163" xlink:href="scriptorium.AP.006.n196.worms.mark.xml#sSpan277" target="scriptorium.AP.006.n196.worms.mark.xml#sSpan290"/>
		<rel id="sPointingRel165" xlink:href="scriptorium.AP.006.n196.worms.mark.xml#sSpan225" target="scriptorium.AP.006.n196.worms.mark.xml#sSpan203"/>
		<rel id="sPointingRel167" xlink:href="scriptorium.AP.006.n196.worms.mark.xml#sSpan20" target="scriptorium.AP.006.n196.worms.mark.xml#sSpan44"/>
		<rel id="sPointingRel169" xlink:href="scriptorium.AP.006.n196.worms.mark.xml#sSpan290" target="scriptorium.AP.006.n196.worms.mark.xml#sSpan283"/>
		<rel id="sPointingRel171" xlink:href="scriptorium.AP.006.n196.worms.mark.xml#sSpan277" target="scriptorium.AP.006.n196.worms.mark.xml#sSpan292"/>
		<rel id="sPointingRel173" xlink:href="scriptorium.AP.006.n196.worms.mark.xml#sSpan44" target="scriptorium.AP.006.n196.worms.mark.xml#sSpan68"/></relList></paula>