<?xml version='1.0' encoding='UTF-8'?><!DOCTYPE paula SYSTEM "paula_feat.dtd">
<paula version="1.1">
	<header paula_id="scriptorium.AP.006.n196.worms.mark_norm_group"/>
	<featList xmlns:xlink="http://www.w3.org/1999/xlink" type="norm_group" xml:base="scriptorium.AP.006.n196.worms.mark.xml">
		<feat xlink:href="#sSpan4" value="ⲁⲟⲩⲁ"/>
		<feat xlink:href="#sSpan19" value="ⲟⲛ"/>
		<feat xlink:href="#sSpan23" value="ϫⲛⲉⲟⲩϩⲗⲗⲟ"/>
		<feat xlink:href="#sSpan32" value="ϫⲉⲉⲧⲃⲉⲟⲩ"/>
		<feat xlink:href="#sSpan44" value="ϯϩⲙⲟⲟⲥ"/>
		<feat xlink:href="#sSpan51" value="ϩⲙⲡⲁⲙⲁ"/>
		<feat xlink:href="#sSpan61" value="ⲛϣⲱⲡⲉ"/>
		<feat xlink:href="#sSpan67" value="ϯϩⲗⲡⲗⲱⲡ"/>
		<feat xlink:href="#sSpan74" value="·ⲻ"/>
		<feat xlink:href="#sSpan79" value="ⲁϥⲟⲩⲱϣⲃ"/>
		<feat xlink:href="#sSpan92" value="ⲛⲁϥ"/>
		<feat xlink:href="#sSpan98" value="ϫⲉⲉⲃⲟⲗ"/>
		<feat xlink:href="#sSpan107" value="ϫⲉⲙⲡⲁⲧⲕⲉⲓⲱⲣϩ"/>
		<feat xlink:href="#sSpan118" value="ⲙⲡⲙⲧⲟⲛ"/>
		<feat xlink:href="#sSpan128" value="ⲉⲧⲛϩⲉⲗⲡⲓⲍⲉ"/>
		<feat xlink:href="#sSpan140" value="ⲉⲣⲟϥ"/>
		<feat xlink:href="#sSpan147" value="·"/>
		<feat xlink:href="#sSpan152" value="ⲟⲩⲇⲉ"/>
		<feat xlink:href="#sSpan156" value="ⲧⲕⲟⲗⲁⲥⲓⲥ"/>
		<feat xlink:href="#sSpan164" value="ⲉⲧⲛⲁϣⲱⲡⲉ"/>
		<feat xlink:href="#sSpan173" value="·"/>
		<feat xlink:href="#sSpan177" value="ⲉⲛⲉⲁⲕⲉⲓⲉⲣϩ"/>
		<feat xlink:href="#sSpan192" value="ⲛⲁⲓ"/>
		<feat xlink:href="#sSpan196" value="ϩⲛⲟⲩⲱⲣϫ"/>
		<feat xlink:href="#sSpan205" value="·ⲻ"/>
		<feat xlink:href="#sSpan210" value="ⲁⲩⲱ"/>
		<feat xlink:href="#sSpan217" value="ⲛⲧⲉⲡⲉⲕⲙⲁ"/>
		<feat xlink:href="#sSpan226" value="ⲛϣⲱⲱⲡⲉ"/>
		<feat xlink:href="#sSpan233" value="ⲙⲟⲩϩ"/>
		<feat xlink:href="#sSpan237" value="ⲛⲃⲛⲧ"/>
		<feat xlink:href="#sSpan245" value="ⲉⲣⲟⲕ"/>
		<feat xlink:href="#sSpan251" value="ϣⲁⲛⲧⲟⲩⲡⲱϩ"/>
		<feat xlink:href="#sSpan260" value="ⲉϩⲣⲁⲓ"/>
		<feat xlink:href="#sSpan264" value="ⲉⲡⲉⲕⲙⲟⲧⲉ"/>
		<feat xlink:href="#sSpan275" value="ⲛⲉⲕⲛⲁϭⲱ"/>
		<feat xlink:href="#sSpan288" value="ⲉϩⲣⲁⲓ"/>
		<feat xlink:href="#sSpan292" value="ⲛϩⲏⲧⲟⲩ"/>
		<feat xlink:href="#sSpan301" value="ⲡⲉ"/>
		<feat xlink:href="#sSpan305" value="ⲛⲅϥⲓ"/>
		<feat xlink:href="#sSpan315" value="ϩⲁⲣⲟⲟⲩ"/>
		<feat xlink:href="#sSpan323" value="ⲛⲅⲧⲙϩⲗⲟⲡⲗⲡ"/>
		<feat xlink:href="#sSpan336" value="·"/></featList></paula>