<?xml version='1.0' encoding='UTF-8'?><!DOCTYPE paula SYSTEM "paula_feat.dtd">
<paula version="1.1">
	<header paula_id="scriptorium.AP.006.n196.worms.mark_translation"/>
	<featList xmlns:xlink="http://www.w3.org/1999/xlink" type="translation" xml:base="scriptorium.AP.006.n196.worms.mark.xml">
		<feat xlink:href="#sSpan6" value="Someone also asked an old man:"/>
		<feat xlink:href="#sSpan34" value="Why do I sit in my cell and become distressed?"/>
		<feat xlink:href="#sSpan79" value="He answered him:"/>
		<feat xlink:href="#sSpan97" value="Because you have not yet looked at the repose that we hope for, nor the punishment that will come."/>
		<feat xlink:href="#sSpan175" value="If you had looked at these carefully,"/>
		<feat xlink:href="#sSpan208" value="then while your cell is full of worms about you until they reach up to your neck"/>
		<feat xlink:href="#sSpan272" value="you would stay among them,"/>
		<feat xlink:href="#sSpan300" value="and you would put up with them and not be distressed."/></featList></paula>