<?xml version='1.0' encoding='UTF-8'?><!DOCTYPE paula SYSTEM "paula_feat.dtd">
<paula version="1.1">
	<header paula_id="scriptorium.johannes.canons.FA203-204.mark_lb_n"/>
	<featList xmlns:xlink="http://www.w3.org/1999/xlink" type="lb_n" xml:base="scriptorium.johannes.canons.FA203-204.mark.xml">
		<feat xlink:href="#sSpan3" value="1"/>
		<feat xlink:href="#sSpan19" value="2"/>
		<feat xlink:href="#sSpan29" value="3"/>
		<feat xlink:href="#sSpan50" value="4"/>
		<feat xlink:href="#sSpan60" value="5"/>
		<feat xlink:href="#sSpan75" value="6"/>
		<feat xlink:href="#sSpan88" value="7"/>
		<feat xlink:href="#sSpan98" value="8"/>
		<feat xlink:href="#sSpan113" value="9"/>
		<feat xlink:href="#sSpan130" value="10"/>
		<feat xlink:href="#sSpan139" value="11"/>
		<feat xlink:href="#sSpan152" value="12"/>
		<feat xlink:href="#sSpan166" value="13"/>
		<feat xlink:href="#sSpan181" value="14"/>
		<feat xlink:href="#sSpan196" value="15"/>
		<feat xlink:href="#sSpan218" value="16"/>
		<feat xlink:href="#sSpan233" value="17"/>
		<feat xlink:href="#sSpan251" value="18"/>
		<feat xlink:href="#sSpan269" value="19"/>
		<feat xlink:href="#sSpan289" value="20"/>
		<feat xlink:href="#sSpan301" value="21"/>
		<feat xlink:href="#sSpan323" value="22"/>
		<feat xlink:href="#sSpan335" value="23"/>
		<feat xlink:href="#sSpan346" value="24"/>
		<feat xlink:href="#sSpan359" value="25"/>
		<feat xlink:href="#sSpan371" value="26"/>
		<feat xlink:href="#sSpan383" value="1"/>
		<feat xlink:href="#sSpan396" value="2"/>
		<feat xlink:href="#sSpan417" value="3"/>
		<feat xlink:href="#sSpan438" value="4"/>
		<feat xlink:href="#sSpan454" value="5"/>
		<feat xlink:href="#sSpan467" value="6"/>
		<feat xlink:href="#sSpan482" value="7"/>
		<feat xlink:href="#sSpan493" value="8"/>
		<feat xlink:href="#sSpan504" value="9"/>
		<feat xlink:href="#sSpan520" value="10"/>
		<feat xlink:href="#sSpan534" value="11"/>
		<feat xlink:href="#sSpan547" value="12"/>
		<feat xlink:href="#sSpan555" value="13"/>
		<feat xlink:href="#sSpan564" value="14"/>
		<feat xlink:href="#sSpan576" value="15"/>
		<feat xlink:href="#sSpan591" value="16"/>
		<feat xlink:href="#sSpan605" value="17"/>
		<feat xlink:href="#sSpan623" value="18"/>
		<feat xlink:href="#sSpan633" value="19"/>
		<feat xlink:href="#sSpan647" value="20"/>
		<feat xlink:href="#sSpan657" value="21"/>
		<feat xlink:href="#sSpan682" value="22"/>
		<feat xlink:href="#sSpan695" value="23"/>
		<feat xlink:href="#sSpan705" value="24"/>
		<feat xlink:href="#sSpan725" value="25"/>
		<feat xlink:href="#sSpan735" value="26"/>
		<feat xlink:href="#sSpan746" value="1"/>
		<feat xlink:href="#sSpan766" value="2"/>
		<feat xlink:href="#sSpan779" value="3"/>
		<feat xlink:href="#sSpan802" value="4"/>
		<feat xlink:href="#sSpan814" value="5"/>
		<feat xlink:href="#sSpan825" value="6"/>
		<feat xlink:href="#sSpan849" value="7"/>
		<feat xlink:href="#sSpan865" value="8"/>
		<feat xlink:href="#sSpan881" value="9"/>
		<feat xlink:href="#sSpan891" value="10"/>
		<feat xlink:href="#sSpan909" value="11"/>
		<feat xlink:href="#sSpan925" value="12"/>
		<feat xlink:href="#sSpan942" value="13"/>
		<feat xlink:href="#sSpan963" value="14"/>
		<feat xlink:href="#sSpan978" value="15"/>
		<feat xlink:href="#sSpan990" value="16"/>
		<feat xlink:href="#sSpan1011" value="17"/>
		<feat xlink:href="#sSpan1025" value="18"/>
		<feat xlink:href="#sSpan1047" value="19"/>
		<feat xlink:href="#sSpan1059" value="20"/>
		<feat xlink:href="#sSpan1074" value="21"/>
		<feat xlink:href="#sSpan1088" value="22"/>
		<feat xlink:href="#sSpan1101" value="23"/>
		<feat xlink:href="#sSpan1110" value="24"/>
		<feat xlink:href="#sSpan1127" value="25"/>
		<feat xlink:href="#sSpan1147" value="26"/>
		<feat xlink:href="#sSpan1167" value="1"/>
		<feat xlink:href="#sSpan1179" value="2"/>
		<feat xlink:href="#sSpan1198" value="3"/>
		<feat xlink:href="#sSpan1209" value="4"/>
		<feat xlink:href="#sSpan1227" value="5"/>
		<feat xlink:href="#sSpan1236" value="6"/>
		<feat xlink:href="#sSpan1250" value="7"/>
		<feat xlink:href="#sSpan1261" value="8"/>
		<feat xlink:href="#sSpan1276" value="9"/>
		<feat xlink:href="#sSpan1287" value="10"/>
		<feat xlink:href="#sSpan1299" value="11"/>
		<feat xlink:href="#sSpan1313" value="12"/>
		<feat xlink:href="#sSpan1330" value="13"/>
		<feat xlink:href="#sSpan1343" value="14"/>
		<feat xlink:href="#sSpan1359" value="15"/>
		<feat xlink:href="#sSpan1371" value="16"/>
		<feat xlink:href="#sSpan1384" value="17"/>
		<feat xlink:href="#sSpan1400" value="18"/>
		<feat xlink:href="#sSpan1408" value="19"/>
		<feat xlink:href="#sSpan1428" value="20"/>
		<feat xlink:href="#sSpan1442" value="21"/>
		<feat xlink:href="#sSpan1456" value="22"/>
		<feat xlink:href="#sSpan1476" value="23"/>
		<feat xlink:href="#sSpan1495" value="24"/>
		<feat xlink:href="#sSpan1505" value="25"/>
		<feat xlink:href="#sSpan1526" value="26"/></featList></paula>