<?xml version='1.0' encoding='UTF-8'?><!DOCTYPE paula SYSTEM "paula_rel.dtd">
<paula version="1.1">
	<header paula_id="scriptorium.johannes.canons.FA203-204.head"/>
	<relList xmlns:xlink="http://www.w3.org/1999/xlink" type="head">
		<rel id="sPointingRel781" xlink:href="scriptorium.johannes.canons.FA203-204.mark.xml#sSpan1383" target="scriptorium.johannes.canons.FA203-204.mark.xml#sSpan1392"/>
		<rel id="sPointingRel783" xlink:href="scriptorium.johannes.canons.FA203-204.mark.xml#sSpan480" target="scriptorium.johannes.canons.FA203-204.mark.xml#sSpan484"/>
		<rel id="sPointingRel785" xlink:href="scriptorium.johannes.canons.FA203-204.mark.xml#sSpan1258" target="scriptorium.johannes.canons.FA203-204.mark.xml#sSpan1259"/>
		<rel id="sPointingRel787" xlink:href="scriptorium.johannes.canons.FA203-204.mark.xml#sSpan1049" target="scriptorium.johannes.canons.FA203-204.mark.xml#sSpan1047"/>
		<rel id="sPointingRel789" xlink:href="scriptorium.johannes.canons.FA203-204.mark.xml#sSpan1313" target="scriptorium.johannes.canons.FA203-204.mark.xml#sSpan1314"/>
		<rel id="sPointingRel791" xlink:href="scriptorium.johannes.canons.FA203-204.mark.xml#sSpan362" target="scriptorium.johannes.canons.FA203-204.mark.xml#sSpan360"/>
		<rel id="sPointingRel793" xlink:href="scriptorium.johannes.canons.FA203-204.mark.xml#sSpan948" target="scriptorium.johannes.canons.FA203-204.mark.xml#sSpan950"/>
		<rel id="sPointingRel795" xlink:href="scriptorium.johannes.canons.FA203-204.mark.xml#sSpan1196" target="scriptorium.johannes.canons.FA203-204.mark.xml#sSpan1197"/>
		<rel id="sPointingRel797" xlink:href="scriptorium.johannes.canons.FA203-204.mark.xml#sSpan1026" target="scriptorium.johannes.canons.FA203-204.mark.xml#sSpan1022"/>
		<rel id="sPointingRel799" xlink:href="scriptorium.johannes.canons.FA203-204.mark.xml#sSpan1440" target="scriptorium.johannes.canons.FA203-204.mark.xml#sSpan1452"/>
		<rel id="sPointingRel801" xlink:href="scriptorium.johannes.canons.FA203-204.mark.xml#sSpan1057" target="scriptorium.johannes.canons.FA203-204.mark.xml#sSpan1059"/>
		<rel id="sPointingRel803" xlink:href="scriptorium.johannes.canons.FA203-204.mark.xml#sSpan1115" target="scriptorium.johannes.canons.FA203-204.mark.xml#sSpan1113"/>
		<rel id="sPointingRel805" xlink:href="scriptorium.johannes.canons.FA203-204.mark.xml#sSpan774" target="scriptorium.johannes.canons.FA203-204.mark.xml#sSpan776"/>
		<rel id="sPointingRel807" xlink:href="scriptorium.johannes.canons.FA203-204.mark.xml#sSpan1187" target="scriptorium.johannes.canons.FA203-204.mark.xml#sSpan1185"/>
		<rel id="sPointingRel809" xlink:href="scriptorium.johannes.canons.FA203-204.mark.xml#sSpan286" target="scriptorium.johannes.canons.FA203-204.mark.xml#sSpan287"/>
		<rel id="sPointingRel811" xlink:href="scriptorium.johannes.canons.FA203-204.mark.xml#sSpan1132" target="scriptorium.johannes.canons.FA203-204.mark.xml#sSpan1130"/>
		<rel id="sPointingRel813" xlink:href="scriptorium.johannes.canons.FA203-204.mark.xml#sSpan1263" target="scriptorium.johannes.canons.FA203-204.mark.xml#sSpan1267"/>
		<rel id="sPointingRel815" xlink:href="scriptorium.johannes.canons.FA203-204.mark.xml#sSpan495" target="scriptorium.johannes.canons.FA203-204.mark.xml#sSpan496"/>
		<rel id="sPointingRel817" xlink:href="scriptorium.johannes.canons.FA203-204.mark.xml#sSpan678" target="scriptorium.johannes.canons.FA203-204.mark.xml#sSpan680"/>
		<rel id="sPointingRel819" xlink:href="scriptorium.johannes.canons.FA203-204.mark.xml#sSpan1282" target="scriptorium.johannes.canons.FA203-204.mark.xml#sSpan1283"/>
		<rel id="sPointingRel821" xlink:href="scriptorium.johannes.canons.FA203-204.mark.xml#sSpan912" target="scriptorium.johannes.canons.FA203-204.mark.xml#sSpan913"/>
		<rel id="sPointingRel823" xlink:href="scriptorium.johannes.canons.FA203-204.mark.xml#sSpan546" target="scriptorium.johannes.canons.FA203-204.mark.xml#sSpan549"/>
		<rel id="sPointingRel825" xlink:href="scriptorium.johannes.canons.FA203-204.mark.xml#sSpan963" target="scriptorium.johannes.canons.FA203-204.mark.xml#sSpan971"/>
		<rel id="sPointingRel827" xlink:href="scriptorium.johannes.canons.FA203-204.mark.xml#sSpan1006" target="scriptorium.johannes.canons.FA203-204.mark.xml#sSpan1007"/>
		<rel id="sPointingRel829" xlink:href="scriptorium.johannes.canons.FA203-204.mark.xml#sSpan516" target="scriptorium.johannes.canons.FA203-204.mark.xml#sSpan512"/>
		<rel id="sPointingRel831" xlink:href="scriptorium.johannes.canons.FA203-204.mark.xml#sSpan454" target="scriptorium.johannes.canons.FA203-204.mark.xml#sSpan456"/>
		<rel id="sPointingRel833" xlink:href="scriptorium.johannes.canons.FA203-204.mark.xml#sSpan314" target="scriptorium.johannes.canons.FA203-204.mark.xml#sSpan321"/>
		<rel id="sPointingRel835" xlink:href="scriptorium.johannes.canons.FA203-204.mark.xml#sSpan650" target="scriptorium.johannes.canons.FA203-204.mark.xml#sSpan648"/>
		<rel id="sPointingRel837" xlink:href="scriptorium.johannes.canons.FA203-204.mark.xml#sSpan872" target="scriptorium.johannes.canons.FA203-204.mark.xml#sSpan870"/>
		<rel id="sPointingRel839" xlink:href="scriptorium.johannes.canons.FA203-204.mark.xml#sSpan607" target="scriptorium.johannes.canons.FA203-204.mark.xml#sSpan608"/>
		<rel id="sPointingRel841" xlink:href="scriptorium.johannes.canons.FA203-204.mark.xml#sSpan389" target="scriptorium.johannes.canons.FA203-204.mark.xml#sSpan387"/>
		<rel id="sPointingRel843" xlink:href="scriptorium.johannes.canons.FA203-204.mark.xml#sSpan1152" target="scriptorium.johannes.canons.FA203-204.mark.xml#sSpan1150"/>
		<rel id="sPointingRel845" xlink:href="scriptorium.johannes.canons.FA203-204.mark.xml#sSpan1405" target="scriptorium.johannes.canons.FA203-204.mark.xml#sSpan1407"/>
		<rel id="sPointingRel847" xlink:href="scriptorium.johannes.canons.FA203-204.mark.xml#sSpan1472" target="scriptorium.johannes.canons.FA203-204.mark.xml#sSpan1476"/>
		<rel id="sPointingRel849" xlink:href="scriptorium.johannes.canons.FA203-204.mark.xml#sSpan1495" target="scriptorium.johannes.canons.FA203-204.mark.xml#sSpan1493"/>
		<rel id="sPointingRel851" xlink:href="scriptorium.johannes.canons.FA203-204.mark.xml#sSpan699" target="scriptorium.johannes.canons.FA203-204.mark.xml#sSpan700"/>
		<rel id="sPointingRel853" xlink:href="scriptorium.johannes.canons.FA203-204.mark.xml#sSpan1091" target="scriptorium.johannes.canons.FA203-204.mark.xml#sSpan1089"/>
		<rel id="sPointingRel855" xlink:href="scriptorium.johannes.canons.FA203-204.mark.xml#sSpan658" target="scriptorium.johannes.canons.FA203-204.mark.xml#sSpan660"/>
		<rel id="sPointingRel857" xlink:href="scriptorium.johannes.canons.FA203-204.mark.xml#sSpan80" target="scriptorium.johannes.canons.FA203-204.mark.xml#sSpan82"/>
		<rel id="sPointingRel859" xlink:href="scriptorium.johannes.canons.FA203-204.mark.xml#sSpan786" target="scriptorium.johannes.canons.FA203-204.mark.xml#sSpan782"/>
		<rel id="sPointingRel861" xlink:href="scriptorium.johannes.canons.FA203-204.mark.xml#sSpan236" target="scriptorium.johannes.canons.FA203-204.mark.xml#sSpan237"/>
		<rel id="sPointingRel863" xlink:href="scriptorium.johannes.canons.FA203-204.mark.xml#sSpan1483" target="scriptorium.johannes.canons.FA203-204.mark.xml#sSpan1484"/>
		<rel id="sPointingRel865" xlink:href="scriptorium.johannes.canons.FA203-204.mark.xml#sSpan633" target="scriptorium.johannes.canons.FA203-204.mark.xml#sSpan628"/>
		<rel id="sPointingRel867" xlink:href="scriptorium.johannes.canons.FA203-204.mark.xml#sSpan1078" target="scriptorium.johannes.canons.FA203-204.mark.xml#sSpan1076"/>
		<rel id="sPointingRel869" xlink:href="scriptorium.johannes.canons.FA203-204.mark.xml#sSpan902" target="scriptorium.johannes.canons.FA203-204.mark.xml#sSpan904"/>
		<rel id="sPointingRel871" xlink:href="scriptorium.johannes.canons.FA203-204.mark.xml#sSpan471" target="scriptorium.johannes.canons.FA203-204.mark.xml#sSpan472"/>
		<rel id="sPointingRel873" xlink:href="scriptorium.johannes.canons.FA203-204.mark.xml#sSpan146" target="scriptorium.johannes.canons.FA203-204.mark.xml#sSpan144"/>
		<rel id="sPointingRel875" xlink:href="scriptorium.johannes.canons.FA203-204.mark.xml#sSpan53" target="scriptorium.johannes.canons.FA203-204.mark.xml#sSpan54"/>
		<rel id="sPointingRel877" xlink:href="scriptorium.johannes.canons.FA203-204.mark.xml#sSpan617" target="scriptorium.johannes.canons.FA203-204.mark.xml#sSpan615"/>
		<rel id="sPointingRel879" xlink:href="scriptorium.johannes.canons.FA203-204.mark.xml#sSpan159" target="scriptorium.johannes.canons.FA203-204.mark.xml#sSpan157"/>
		<rel id="sPointingRel881" xlink:href="scriptorium.johannes.canons.FA203-204.mark.xml#sSpan296" target="scriptorium.johannes.canons.FA203-204.mark.xml#sSpan294"/>
		<rel id="sPointingRel883" xlink:href="scriptorium.johannes.canons.FA203-204.mark.xml#sSpan571" target="scriptorium.johannes.canons.FA203-204.mark.xml#sSpan572"/>
		<rel id="sPointingRel885" xlink:href="scriptorium.johannes.canons.FA203-204.mark.xml#sSpan1229" target="scriptorium.johannes.canons.FA203-204.mark.xml#sSpan1230"/>
		<rel id="sPointingRel887" xlink:href="scriptorium.johannes.canons.FA203-204.mark.xml#sSpan215" target="scriptorium.johannes.canons.FA203-204.mark.xml#sSpan213"/>
		<rel id="sPointingRel889" xlink:href="scriptorium.johannes.canons.FA203-204.mark.xml#sSpan599" target="scriptorium.johannes.canons.FA203-204.mark.xml#sSpan597"/>
		<rel id="sPointingRel891" xlink:href="scriptorium.johannes.canons.FA203-204.mark.xml#sSpan252" target="scriptorium.johannes.canons.FA203-204.mark.xml#sSpan253"/>
		<rel id="sPointingRel893" xlink:href="scriptorium.johannes.canons.FA203-204.mark.xml#sSpan276" target="scriptorium.johannes.canons.FA203-204.mark.xml#sSpan278"/>
		<rel id="sPointingRel895" xlink:href="scriptorium.johannes.canons.FA203-204.mark.xml#sSpan40" target="scriptorium.johannes.canons.FA203-204.mark.xml#sSpan44"/>
		<rel id="sPointingRel897" xlink:href="scriptorium.johannes.canons.FA203-204.mark.xml#sSpan857" target="scriptorium.johannes.canons.FA203-204.mark.xml#sSpan858"/>
		<rel id="sPointingRel899" xlink:href="scriptorium.johannes.canons.FA203-204.mark.xml#sSpan803" target="scriptorium.johannes.canons.FA203-204.mark.xml#sSpan804"/>
		<rel id="sPointingRel901" xlink:href="scriptorium.johannes.canons.FA203-204.mark.xml#sSpan937" target="scriptorium.johannes.canons.FA203-204.mark.xml#sSpan934"/>
		<rel id="sPointingRel903" xlink:href="scriptorium.johannes.canons.FA203-204.mark.xml#sSpan1070" target="scriptorium.johannes.canons.FA203-204.mark.xml#sSpan1097"/>
		<rel id="sPointingRel905" xlink:href="scriptorium.johannes.canons.FA203-204.mark.xml#sSpan1216" target="scriptorium.johannes.canons.FA203-204.mark.xml#sSpan1214"/>
		<rel id="sPointingRel907" xlink:href="scriptorium.johannes.canons.FA203-204.mark.xml#sSpan63" target="scriptorium.johannes.canons.FA203-204.mark.xml#sSpan61"/>
		<rel id="sPointingRel909" xlink:href="scriptorium.johannes.canons.FA203-204.mark.xml#sSpan424" target="scriptorium.johannes.canons.FA203-204.mark.xml#sSpan422"/>
		<rel id="sPointingRel911" xlink:href="scriptorium.johannes.canons.FA203-204.mark.xml#sSpan1292" target="scriptorium.johannes.canons.FA203-204.mark.xml#sSpan1293"/>
		<rel id="sPointingRel913" xlink:href="scriptorium.johannes.canons.FA203-204.mark.xml#sSpan1329" target="scriptorium.johannes.canons.FA203-204.mark.xml#sSpan1331"/>
		<rel id="sPointingRel915" xlink:href="scriptorium.johannes.canons.FA203-204.mark.xml#sSpan539" target="scriptorium.johannes.canons.FA203-204.mark.xml#sSpan537"/>
		<rel id="sPointingRel917" xlink:href="scriptorium.johannes.canons.FA203-204.mark.xml#sSpan349" target="scriptorium.johannes.canons.FA203-204.mark.xml#sSpan347"/>
		<rel id="sPointingRel919" xlink:href="scriptorium.johannes.canons.FA203-204.mark.xml#sSpan730" target="scriptorium.johannes.canons.FA203-204.mark.xml#sSpan728"/>
		<rel id="sPointingRel921" xlink:href="scriptorium.johannes.canons.FA203-204.mark.xml#sSpan332" target="scriptorium.johannes.canons.FA203-204.mark.xml#sSpan333"/>
		<rel id="sPointingRel923" xlink:href="scriptorium.johannes.canons.FA203-204.mark.xml#sSpan1518" target="scriptorium.johannes.canons.FA203-204.mark.xml#sSpan1519"/>
		<rel id="sPointingRel925" xlink:href="scriptorium.johannes.canons.FA203-204.mark.xml#sSpan579" target="scriptorium.johannes.canons.FA203-204.mark.xml#sSpan574"/>
		<rel id="sPointingRel927" xlink:href="scriptorium.johannes.canons.FA203-204.mark.xml#sSpan711" target="scriptorium.johannes.canons.FA203-204.mark.xml#sSpan707"/>
		<rel id="sPointingRel929" xlink:href="scriptorium.johannes.canons.FA203-204.mark.xml#sSpan979" target="scriptorium.johannes.canons.FA203-204.mark.xml#sSpan980"/>
		<rel id="sPointingRel931" xlink:href="scriptorium.johannes.canons.FA203-204.mark.xml#sSpan121" target="scriptorium.johannes.canons.FA203-204.mark.xml#sSpan117"/>
		<rel id="sPointingRel933" xlink:href="scriptorium.johannes.canons.FA203-204.mark.xml#sSpan880" target="scriptorium.johannes.canons.FA203-204.mark.xml#sSpan882"/>
		<rel id="sPointingRel935" xlink:href="scriptorium.johannes.canons.FA203-204.mark.xml#sSpan6" target="scriptorium.johannes.canons.FA203-204.mark.xml#sSpan14"/>
		<rel id="sPointingRel937" xlink:href="scriptorium.johannes.canons.FA203-204.mark.xml#sSpan504" target="scriptorium.johannes.canons.FA203-204.mark.xml#sSpan506"/>
		<rel id="sPointingRel939" xlink:href="scriptorium.johannes.canons.FA203-204.mark.xml#sSpan759" target="scriptorium.johannes.canons.FA203-204.mark.xml#sSpan760"/>
		<rel id="sPointingRel941" xlink:href="scriptorium.johannes.canons.FA203-204.mark.xml#sSpan625" target="scriptorium.johannes.canons.FA203-204.mark.xml#sSpan626"/>
		<rel id="sPointingRel943" xlink:href="scriptorium.johannes.canons.FA203-204.mark.xml#sSpan26" target="scriptorium.johannes.canons.FA203-204.mark.xml#sSpan30"/>
		<rel id="sPointingRel945" xlink:href="scriptorium.johannes.canons.FA203-204.mark.xml#sSpan374" target="scriptorium.johannes.canons.FA203-204.mark.xml#sSpan372"/>
		<rel id="sPointingRel947" xlink:href="scriptorium.johannes.canons.FA203-204.mark.xml#sSpan91" target="scriptorium.johannes.canons.FA203-204.mark.xml#sSpan92"/></relList></paula>