<?xml version='1.0' encoding='UTF-8'?><!DOCTYPE paula SYSTEM "paula_feat.dtd">
<paula version="1.1">
	<header paula_id="scriptorium.johannes.canons.FA203-204.mark_norm_group"/>
	<featList xmlns:xlink="http://www.w3.org/1999/xlink" type="norm_group" xml:base="scriptorium.johannes.canons.FA203-204.mark.xml">
		<feat xlink:href="#sSpan4" value="ⲧⲙⲛⲧⲣⲉϥϭⲉⲧⲡⲣⲱⲙⲉ"/>
		<feat xlink:href="#sSpan22" value="ⲉⲃⲟⲗ"/>
		<feat xlink:href="#sSpan27" value="ⲡⲕⲣⲟϥ"/>
		<feat xlink:href="#sSpan34" value="·"/>
		<feat xlink:href="#sSpan38" value="ⲡⲣⲁϣⲉ"/>
		<feat xlink:href="#sSpan48" value="ⲉϫⲙⲡⲧⲁⲕⲟ"/>
		<feat xlink:href="#sSpan58" value="ⲙⲡⲉⲧϩⲓⲧⲟⲩⲱⲕ"/>
		<feat xlink:href="#sSpan73" value="ⲁⲗⲗⲁ"/>
		<feat xlink:href="#sSpan78" value="ⲧⲉⲅⲣⲁⲫⲏ"/>
		<feat xlink:href="#sSpan86" value="ⲙⲡⲛⲟⲩⲧⲉ"/>
		<feat xlink:href="#sSpan96" value="ϣⲟⲟⲡ"/>
		<feat xlink:href="#sSpan101" value="ⲟⲩⲃⲏⲥ"/>
		<feat xlink:href="#sSpan107" value="·"/>
		<feat xlink:href="#sSpan111" value="ⲁⲩⲱ"/>
		<feat xlink:href="#sSpan119" value="ⲛⲉⲛⲧⲁⲥϫⲟⲟⲩ"/>
		<feat xlink:href="#sSpan133" value="ϫⲓⲛⲛϣⲟⲣⲡ"/>
		<feat xlink:href="#sSpan142" value="ⲉⲧⲃⲉⲛⲉⲧⲉⲓⲣⲉ"/>
		<feat xlink:href="#sSpan155" value="ⲛⲛⲁⲓ"/>
		<feat xlink:href="#sSpan162" value="ⲉⲧⲁⲟⲩⲟⲟⲥ"/>
		<feat xlink:href="#sSpan171" value="ⲉⲡⲉⲥⲏⲧ"/>
		<feat xlink:href="#sSpan179" value="ⲁⲩⲱ"/>
		<feat xlink:href="#sSpan184" value="ⲛⲥϣⲁϣⲥ"/>
		<feat xlink:href="#sSpan194" value="ⲉⲃⲟⲗ"/>
		<feat xlink:href="#sSpan199" value="·"/>
		<feat xlink:href="#sSpan203" value="ⲛⲧϩⲉ"/>
		<feat xlink:href="#sSpan211" value="ⲛⲛⲉⲧⲉⲛⲥⲉϣⲟⲟⲡ"/>
		<feat xlink:href="#sSpan227" value="ⲁⲛ"/>
		<feat xlink:href="#sSpan231" value="ϩⲙⲡⲥⲟⲡ"/>
		<feat xlink:href="#sSpan241" value="·"/>
		<feat xlink:href="#sSpan245" value="ⲁⲩⲱ"/>
		<feat xlink:href="#sSpan249" value="ⲡⲛⲁⲩ"/>
		<feat xlink:href="#sSpan257" value="·"/>
		<feat xlink:href="#sSpan261" value="ⲉⲧⲥⲛⲁϯ"/>
		<feat xlink:href="#sSpan272" value="ⲙⲡⲉⲥⲡⲛⲁ"/>
		<feat xlink:href="#sSpan282" value="ⲉⲛϭⲓϫ"/>
		<feat xlink:href="#sSpan292" value="ⲙⲡⲉⲧⲙⲟⲥⲧⲉ"/>
		<feat xlink:href="#sSpan304" value="ⲙⲙⲟⲥ"/>
		<feat xlink:href="#sSpan310" value="·"/>
		<feat xlink:href="#sSpan315" value="ⲡⲉⲭⲣⲓⲥⲧⲟⲥ"/>
		<feat xlink:href="#sSpan326" value="ⲙⲛⲛⲉⲥⲕⲉϩⲃⲏⲩⲉ"/>
		<feat xlink:href="#sSpan338" value="ⲧⲏⲣⲟⲩ"/>
		<feat xlink:href="#sSpan344" value="ⲛⲥⲓϣⲉ"/>
		<feat xlink:href="#sSpan352" value="·"/>
		<feat xlink:href="#sSpan357" value="ⲕⲁⲧⲁⲡⲉⲧⲥⲏϩ"/>
		<feat xlink:href="#sSpan369" value="ϫⲉⲡⲉⲧⲛⲁⲣⲁϣⲉ"/>
		<feat xlink:href="#sSpan384" value="ⲉϫⲙⲡⲉⲧⲛⲁⲧⲁⲕⲟ"/>
		<feat xlink:href="#sSpan399" value="·"/>
		<feat xlink:href="#sSpan403" value="ⲛϥⲛⲁⲣⲃⲟⲗ"/>
		<feat xlink:href="#sSpan415" value="ⲁⲛ"/>
		<feat xlink:href="#sSpan420" value="ⲉⲡⲉⲧϩⲟⲟⲩ"/>
		<feat xlink:href="#sSpan431" value="·"/>
		<feat xlink:href="#sSpan436" value="ⲕⲁⲓ"/>
		<feat xlink:href="#sSpan445" value="ⲅⲁⲣ"/>
		<feat xlink:href="#sSpan449" value="ⲛⲧⲉⲣⲉⲡϫⲟⲉⲓⲥ"/>
		<feat xlink:href="#sSpan460" value="ⲣⲣⲱⲙⲉ"/>
		<feat xlink:href="#sSpan465" value="ⲙⲛⲛⲣⲱⲙⲉ"/>
		<feat xlink:href="#sSpan475" value="·"/>
		<feat xlink:href="#sSpan480" value="ⲡⲛⲟⲩⲧⲉ"/>
		<feat xlink:href="#sSpan487" value="ⲁⲩⲱ"/>
		<feat xlink:href="#sSpan491" value="ⲡϣⲏⲣⲉ"/>
		<feat xlink:href="#sSpan499" value="ⲙⲡⲛⲟⲩⲧⲉ"/>
		<feat xlink:href="#sSpan509" value="·"/>
		<feat xlink:href="#sSpan513" value="ⲡⲉ"/>
		<feat xlink:href="#sSpan518" value="ⲛⲧⲁϥϯⲛⲟⲙⲟⲥ"/>
		<feat xlink:href="#sSpan532" value="ⲛⲁⲇⲁⲙ"/>
		<feat xlink:href="#sSpan542" value="ϩⲙⲡⲡⲁⲣⲁⲇⲓⲥⲟⲥ"/>
		<feat xlink:href="#sSpan553" value="ⲉⲧⲙⲟⲩⲱⲙ"/>
		<feat xlink:href="#sSpan562" value="ⲉⲃⲟⲗ"/>
		<feat xlink:href="#sSpan567" value="ϩⲙⲡϣⲏⲛ"/>
		<feat xlink:href="#sSpan577" value="ⲡⲉⲛⲧⲁϥϯⲛⲟⲙⲟⲥ"/>
		<feat xlink:href="#sSpan594" value="ⲛⲁⲃⲣⲁϩⲁⲙ"/>
		<feat xlink:href="#sSpan603" value="ϩⲛⲟⲩⲥⲃⲃⲉ"/>
		<feat xlink:href="#sSpan613" value="ⲛⲥⲁⲣⲝ"/>
		<feat xlink:href="#sSpan621" value="ⲙⲛⲡⲉϥⲏⲓ"/>
		<feat xlink:href="#sSpan631" value="ⲡⲉⲛⲧⲁϥϣⲁϫⲉ"/>
		<feat xlink:href="#sSpan645" value="ⲙⲛⲙⲱⲩⲥⲏⲥ"/>
		<feat xlink:href="#sSpan655" value="ϩⲓⲡⲃⲁⲧⲟⲥ"/>
		<feat xlink:href="#sSpan666" value="·"/>
		<feat xlink:href="#sSpan671" value="ⲉⲁϥⲣⲛⲉⲓϭⲟⲙ"/>
		<feat xlink:href="#sSpan687" value="ⲧⲏⲣⲟⲩ"/>
		<feat xlink:href="#sSpan693" value="ϩⲣⲁⲓ"/>
		<feat xlink:href="#sSpan698" value="ϩⲙⲡⲉϥϭⲉⲣⲱⲃ"/>
		<feat xlink:href="#sSpan708" value="·"/>
		<feat xlink:href="#sSpan712" value="ⲡⲁⲓ"/>
		<feat xlink:href="#sSpan717" value="ⲛⲧⲁϥϣⲁϫⲉ"/>
		<feat xlink:href="#sSpan728" value="ⲙⲛⲙⲱⲩⲥⲏⲥ"/>
		<feat xlink:href="#sSpan738" value="ⲉⲧⲃⲏⲏⲧϥ"/>
		<feat xlink:href="#sSpan744" value="ϫⲉϫⲓ"/>
		<feat xlink:href="#sSpan753" value="ⲛⲁⲕ"/>
		<feat xlink:href="#sSpan759" value="ⲙⲡⲉⲓϭⲉⲣⲱⲃ"/>
		<feat xlink:href="#sSpan769" value="ϩⲣⲁⲓ"/>
		<feat xlink:href="#sSpan774" value="ϩⲛⲧⲉⲕϭⲓϫ"/>
		<feat xlink:href="#sSpan784" value="·"/>
		<feat xlink:href="#sSpan788" value="ⲡⲁⲓ"/>
		<feat xlink:href="#sSpan796" value="ⲉⲧⲕⲛⲁⲣⲛⲉⲓⲙⲁⲉⲓⲛ"/>
		<feat xlink:href="#sSpan812" value="ⲧⲏⲣⲟⲩ"/>
		<feat xlink:href="#sSpan819" value="ϩⲣⲁⲓ"/>
		<feat xlink:href="#sSpan823" value="ⲛϩⲏⲧϥ"/>
		<feat xlink:href="#sSpan830" value="·"/>
		<feat xlink:href="#sSpan835" value="ⲉⲁϥⲣϩⲟⲩⲉ"/>
		<feat xlink:href="#sSpan847" value="ϫⲟⲟⲕⲟⲩ"/>
		<feat xlink:href="#sSpan854" value="ⲉⲃⲟⲗ"/>
		<feat xlink:href="#sSpan858" value="ⲙⲡⲉⲙⲧⲟ"/>
		<feat xlink:href="#sSpan868" value="ⲉⲃⲟⲗ"/>
		<feat xlink:href="#sSpan872" value="ⲙⲫⲁⲣⲁⲱ"/>
		<feat xlink:href="#sSpan882" value="ⲙⲛⲛⲣⲙⲛⲕⲏⲙⲉ"/>
		<feat xlink:href="#sSpan894" value="ⲧⲏⲣⲟⲩ"/>
		<feat xlink:href="#sSpan900" value="·"/>
		<feat xlink:href="#sSpan904" value="ϩⲛⲧϭⲟⲙ"/>
		<feat xlink:href="#sSpan914" value="ⲙⲡⲉϥϭⲃⲟⲓ"/>
		<feat xlink:href="#sSpan923" value="ⲛⲧϩⲉ"/>
		<feat xlink:href="#sSpan932" value="ⲉⲧⲥⲏϩ"/>
		<feat xlink:href="#sSpan938" value="ϫⲉⲡⲉⲛⲧⲁϥⲙⲡⲓⲥⲣⲁⲏⲗ"/>
		<feat xlink:href="#sSpan961" value="ⲉⲃⲟⲗ"/>
		<feat xlink:href="#sSpan966" value="ϩⲙⲡⲕⲁϩ"/>
		<feat xlink:href="#sSpan976" value="ⲛⲕⲏⲙⲉ"/>
		<feat xlink:href="#sSpan983" value="ϩⲛⲟⲩϭⲓϫ"/>
		<feat xlink:href="#sSpan993" value="ⲉⲥϫⲟⲟⲣ"/>
		<feat xlink:href="#sSpan1001" value="·"/>
		<feat xlink:href="#sSpan1005" value="ⲁⲩⲱ"/>
		<feat xlink:href="#sSpan1009" value="ϩⲛⲟⲩϭⲃⲟⲓ"/>
		<feat xlink:href="#sSpan1019" value="ⲉϥϫⲟⲥⲉ"/>
		<feat xlink:href="#sSpan1028" value="·"/>
		<feat xlink:href="#sSpan1032" value="ⲡⲉⲛⲧⲁϥϯⲛⲟⲙⲟⲥ"/>
		<feat xlink:href="#sSpan1052" value="ⲙⲙⲱⲩⲥⲏⲥ"/>
		<feat xlink:href="#sSpan1062" value="ϩⲓⲧⲉⲣⲏⲙⲟⲥ"/>
		<feat xlink:href="#sSpan1072" value="ⲁⲩⲱ"/>
		<feat xlink:href="#sSpan1077" value="ⲡⲉⲛⲧⲁⲉⲛⲧⲟⲗⲏ"/>
		<feat xlink:href="#sSpan1091" value="ⲛⲓⲙ"/>
		<feat xlink:href="#sSpan1095" value="ϩⲓⲛⲟⲙⲟⲥ"/>
		<feat xlink:href="#sSpan1104" value="ⲛⲓⲙ"/>
		<feat xlink:href="#sSpan1108" value="ϣⲱⲡⲉ"/>
		<feat xlink:href="#sSpan1113" value="ⲉⲃⲟⲗ"/>
		<feat xlink:href="#sSpan1118" value="ϩⲓⲧⲟⲟⲧϥ"/>
		<feat xlink:href="#sSpan1125" value="ⲡⲉⲛⲧⲁϥⲣⲛⲁⲓ"/>
		<feat xlink:href="#sSpan1145" value="ⲉⲁϥⲣϩⲟⲩⲟ"/>
		<feat xlink:href="#sSpan1158" value="ⲉⲛⲉⲧⲉⲙⲡⲛϫⲟⲟⲩ"/>
		<feat xlink:href="#sSpan1177" value="ⲉⲙⲁⲧⲉ"/>
		<feat xlink:href="#sSpan1182" value="ⲉⲙⲁⲧⲉ"/>
		<feat xlink:href="#sSpan1186" value="·"/>
		<feat xlink:href="#sSpan1190" value="ⲉⲙⲛϣⲓϣⲟⲟⲡ"/>
		<feat xlink:href="#sSpan1202" value="ⲛⲛⲉϥϭⲟⲙ"/>
		<feat xlink:href="#sSpan1212" value="·"/>
		<feat xlink:href="#sSpan1216" value="ⲁⲩⲱ"/>
		<feat xlink:href="#sSpan1220" value="ⲉⲙⲛϫⲱⲕ"/>
		<feat xlink:href="#sSpan1230" value="ϣⲱⲡⲉ"/>
		<feat xlink:href="#sSpan1234" value="ⲛⲛⲉϥϣⲡⲏⲣⲉ"/>
		<feat xlink:href="#sSpan1244" value="·"/>
		<feat xlink:href="#sSpan1248" value="ⲛⲧⲉⲣⲉϥⲣⲣⲱⲙⲉ"/>
		<feat xlink:href="#sSpan1259" value="ϭⲉ"/>
		<feat xlink:href="#sSpan1264" value="ⲙⲛⲛⲣⲱⲙⲉ"/>
		<feat xlink:href="#sSpan1274" value="ⲡⲛⲟⲩⲧⲉ"/>
		<feat xlink:href="#sSpan1281" value="ⲡⲉ"/>
		<feat xlink:href="#sSpan1285" value="ⲁⲩⲱ"/>
		<feat xlink:href="#sSpan1290" value="ⲡϣⲏⲣⲉ"/>
		<feat xlink:href="#sSpan1297" value="ⲙⲡⲛⲟⲩⲧⲉ"/>
		<feat xlink:href="#sSpan1307" value="·"/>
		<feat xlink:href="#sSpan1311" value="ⲁϥϯⲡⲉϥⲟⲩⲟⲉⲓ"/>
		<feat xlink:href="#sSpan1328" value="ⲉⲣⲟϥ"/>
		<feat xlink:href="#sSpan1335" value="ⲛϭⲓⲟⲩⲛⲟⲙⲓⲕⲟⲥ"/>
		<feat xlink:href="#sSpan1346" value="·"/>
		<feat xlink:href="#sSpan1350" value="ⲁϥϫⲛⲟⲩϥ"/>
		<feat xlink:href="#sSpan1364" value="ⲉϥⲡⲉⲓⲣⲁⲍⲉ"/>
		<feat xlink:href="#sSpan1374" value="ⲙⲙⲟϥ"/>
		<feat xlink:href="#sSpan1380" value="ϫⲉⲁϣ"/>
		<feat xlink:href="#sSpan1387" value="ⲧⲉ"/>
		<feat xlink:href="#sSpan1391" value="ⲧⲛⲟϭ"/>
		<feat xlink:href="#sSpan1398" value="ⲛⲉⲛⲧⲟⲗⲏ"/>
		<feat xlink:href="#sSpan1406" value="ϩⲣⲁⲓ"/>
		<feat xlink:href="#sSpan1411" value="ϩⲙⲡⲛⲟⲙⲟⲥ"/>
		<feat xlink:href="#sSpan1421" value="·"/>
		<feat xlink:href="#sSpan1426" value="ⲉⲁϥⲟⲩⲱϣⲃ"/>
		<feat xlink:href="#sSpan1440" value="ⲛⲁϥ"/>
		<feat xlink:href="#sSpan1447" value="ⲛϭⲓⲡⲥⲱⲧⲏⲣ"/>
		<feat xlink:href="#sSpan1459" value="ⲙⲙⲉ"/>
		<feat xlink:href="#sSpan1466" value="ⲓⲏⲥⲟⲩⲥ"/>
		<feat xlink:href="#sSpan1470" value="·"/>
		<feat xlink:href="#sSpan1474" value="ϫⲉⲥⲱⲧⲙ"/>
		<feat xlink:href="#sSpan1486" value="ⲡⲓⲥⲣⲁⲏⲗ"/>
		<feat xlink:href="#sSpan1493" value="ⲡϫⲟⲉⲓⲥ"/>
		<feat xlink:href="#sSpan1501" value="ⲡⲉⲕⲛⲟⲩⲧⲉ"/>
		<feat xlink:href="#sSpan1509" value="ⲟⲩⲁ"/>
		<feat xlink:href="#sSpan1513" value="ⲛⲉ"/>
		<feat xlink:href="#sSpan1517" value="·"/>
		<feat xlink:href="#sSpan1522" value="ⲉⲕⲉⲙⲉⲣⲉⲡϫⲟⲉⲓⲥ"/></featList></paula>