<?xml version='1.0' encoding='UTF-8'?><!DOCTYPE paula SYSTEM "paula_feat.dtd">
<paula version="1.1">
	<header paula_id="scriptorium.shenoute.dirt.GF113-120.mark_orig"/>
	<featList xmlns:xlink="http://www.w3.org/1999/xlink" type="orig" xml:base="scriptorium.shenoute.dirt.GF113-120.mark.xml">
		<feat xlink:href="#sSpan2" value="ⲙⲛ"/>
		<feat xlink:href="#sSpan13" value="ⲛ"/>
		<feat xlink:href="#sSpan16" value="ⲥⲩⲛⲁⲅⲱⲅⲏ"/>
		<feat xlink:href="#sSpan19" value="·"/>
		<feat xlink:href="#sSpan23" value="ⲙⲛ"/>
		<feat xlink:href="#sSpan27" value="ⲛ"/>
		<feat xlink:href="#sSpan29" value="ⲏⲓ̈"/>
		<feat xlink:href="#sSpan31" value="ⲛⲁ"/>
		<feat xlink:href="#sSpan35" value="ⲱϣⲡⲉ"/>
		<feat xlink:href="#sSpan38" value="ⲉ"/>
		<feat xlink:href="#sSpan42" value="ⲩ"/>
		<feat xlink:href="#sSpan44" value="ⲟⲩⲁⲁⲃ"/>
		<feat xlink:href="#sSpan46" value="ⲁⲩⲱ"/>
		<feat xlink:href="#sSpan51" value="ⲉ"/>
		<feat xlink:href="#sSpan55" value="ⲩ"/>
		<feat xlink:href="#sSpan57" value="ⲥⲙⲟⲛⲧ"/>
		<feat xlink:href="#sSpan59" value="·"/>
		<feat xlink:href="#sSpan63" value="ϫⲉ"/>
		<feat xlink:href="#sSpan68" value="ⲙⲡⲉ"/>
		<feat xlink:href="#sSpan70" value="ϥ"/>
		<feat xlink:href="#sSpan73" value="ⲉⲓ̈"/>
		<feat xlink:href="#sSpan75" value="ⲉϩⲟⲩⲛ"/>
		<feat xlink:href="#sSpan79" value="ⲉⲣⲟ"/>
		<feat xlink:href="#sSpan84" value="ⲟⲩ"/>
		<feat xlink:href="#sSpan86" value="ⲛϭⲉⲓ"/>
		<feat xlink:href="#sSpan90" value="ⲡ"/>
		<feat xlink:href="#sSpan92" value="ⲉⲛⲧ"/>
		<feat xlink:href="#sSpan95" value="ⲁ"/>
		<feat xlink:href="#sSpan97" value="ϥ"/>
		<feat xlink:href="#sSpan99" value="ⲣ̄"/>
		<feat xlink:href="#sSpan101" value="ⲟⲩ"/>
		<feat xlink:href="#sSpan104" value="ⲙⲏⲏϣⲉ"/>
		<feat xlink:href="#sSpan106" value="ⲛ"/>
		<feat xlink:href="#sSpan111" value="ⲣⲱⲙⲉ"/>
		<feat xlink:href="#sSpan113" value="ⲛ"/>
		<feat xlink:href="#sSpan117" value="ⲑ"/>
		<feat xlink:href="#sSpan119" value="ⲉ"/>
		<feat xlink:href="#sSpan121" value="ⲛⲉ"/>
		<feat xlink:href="#sSpan125" value="ⲛ"/>
		<feat xlink:href="#sSpan129" value="ⲧⲃⲛⲟⲟⲩⲉ"/>
		<feat xlink:href="#sSpan132" value="·"/>
		<feat xlink:href="#sSpan137" value="ⲛ"/>
		<feat xlink:href="#sSpan145" value="ⲉⲧ"/>
		<feat xlink:href="#sSpan148" value="ⲛⲟⲩϫⲉ"/>
		<feat xlink:href="#sSpan150" value="ⲛ"/>
		<feat xlink:href="#sSpan154" value="ⲛⲉⲓ̈"/>
		<feat xlink:href="#sSpan156" value="ϣⲁϫⲉ"/>
		<feat xlink:href="#sSpan159" value="ⲉⲃⲟⲗ"/>
		<feat xlink:href="#sSpan163" value="ⲙⲙⲟ"/>
		<feat xlink:href="#sSpan167" value="ⲟⲩ"/>
		<feat xlink:href="#sSpan170" value="·"/>
		<feat xlink:href="#sSpan174" value="ⲛⲁⲓ̈"/>
		<feat xlink:href="#sSpan178" value="ⲛⲉ"/>
		<feat xlink:href="#sSpan182" value="ⲛ"/>
		<feat xlink:href="#sSpan186" value="ⲣⲱⲙⲉ"/>
		<feat xlink:href="#sSpan189" value="ⲉⲧⲉ"/>
		<feat xlink:href="#sSpan193" value="ⲛ"/>
		<feat xlink:href="#sSpan195" value="ⲥⲉ"/>
		<feat xlink:href="#sSpan197" value="ϣⲗⲏⲗ"/>
		<feat xlink:href="#sSpan199" value="ⲁⲛ"/>
		<feat xlink:href="#sSpan204" value="ⲉ"/>
		<feat xlink:href="#sSpan208" value="ⲧⲙ"/>
		<feat xlink:href="#sSpan210" value="ⲧⲣⲉ"/>
		<feat xlink:href="#sSpan212" value="ⲡ"/>
		<feat xlink:href="#sSpan214" value="ⲛⲟⲩⲛ"/>
		<feat xlink:href="#sSpan217" value="ⲟⲙⲕ"/>
		<feat xlink:href="#sSpan221" value="ⲟⲩ"/>
		<feat xlink:href="#sSpan223" value="·"/>
		<feat xlink:href="#sSpan228" value="ⲛⲁⲓ"/>
		<feat xlink:href="#sSpan236" value="ⲛⲉ"/>
		<feat xlink:href="#sSpan240" value="ⲛ"/>
		<feat xlink:href="#sSpan244" value="ⲣⲱⲙⲉ"/>
		<feat xlink:href="#sSpan246" value="ⲉⲧⲉ"/>
		<feat xlink:href="#sSpan251" value="ⲙⲡ"/>
		<feat xlink:href="#sSpan253" value="ⲟⲩ"/>
		<feat xlink:href="#sSpan255" value="ϯ"/>
		<feat xlink:href="#sSpan257" value="ⲛ"/>
		<feat xlink:href="#sSpan261" value="ⲛⲉⲛ"/>
		<feat xlink:href="#sSpan264" value="ⲙⲉⲉⲩⲉ"/>
		<feat xlink:href="#sSpan266" value="ⲛ"/>
		<feat xlink:href="#sSpan270" value="ϩⲏⲧ"/>
		<feat xlink:href="#sSpan272" value="ⲉ"/>
		<feat xlink:href="#sSpan277" value="ⲧⲣⲉ"/>
		<feat xlink:href="#sSpan279" value="ⲩ"/>
		<feat xlink:href="#sSpan281" value="ⲕⲟⲧ"/>
		<feat xlink:href="#sSpan283" value="ⲟⲩ"/>
		<feat xlink:href="#sSpan285" value="ⲉ"/>
		<feat xlink:href="#sSpan289" value="ⲡⲉⲩ"/>
		<feat xlink:href="#sSpan292" value="ⲛⲟⲩⲧⲉ"/>
		<feat xlink:href="#sSpan294" value="·"/>
		<feat xlink:href="#sSpan299" value="ⲟⲩⲛ"/>
		<feat xlink:href="#sSpan308" value="ⲟⲩ"/>
		<feat xlink:href="#sSpan310" value="ϣⲁϫⲉ"/>
		<feat xlink:href="#sSpan313" value="ⲏ"/>
		<feat xlink:href="#sSpan317" value="ⲟⲩ"/>
		<feat xlink:href="#sSpan321" value="ϩⲱⲃ"/>
		<feat xlink:href="#sSpan324" value="·"/>
		<feat xlink:href="#sSpan328" value="ⲉ"/>
		<feat xlink:href="#sSpan332" value="ⲁ"/>
		<feat xlink:href="#sSpan334" value="ϥ"/>
		<feat xlink:href="#sSpan337" value="ⲣⲟⲩ"/>
		<feat xlink:href="#sSpan340" value="ⲙⲕⲁϩ"/>
		<feat xlink:href="#sSpan343" value="ⲛ"/>
		<feat xlink:href="#sSpan347" value="ϩⲏⲧ"/>
		<feat xlink:href="#sSpan349" value="ⲉ"/>
		<feat xlink:href="#sSpan353" value="ⲧⲣⲉ"/>
		<feat xlink:href="#sSpan355" value="ⲩ"/>
		<feat xlink:href="#sSpan357" value="ⲕⲟⲧ"/>
		<feat xlink:href="#sSpan360" value="ⲟⲩ"/>
		<feat xlink:href="#sSpan362" value="ⲉ"/>
		<feat xlink:href="#sSpan366" value="ⲡⲉⲩ"/>
		<feat xlink:href="#sSpan368" value="ⲛⲟⲩⲧⲉ"/>
		<feat xlink:href="#sSpan371" value="·"/>
		<feat xlink:href="#sSpan376" value="ⲟⲩⲛ"/>
		<feat xlink:href="#sSpan384" value="ⲟⲩ"/>
		<feat xlink:href="#sSpan386" value="ϣⲁϫⲉ"/>
		<feat xlink:href="#sSpan389" value="ⲏ"/>
		<feat xlink:href="#sSpan393" value="ⲟⲩ"/>
		<feat xlink:href="#sSpan397" value="ϩⲱⲃ"/>
		<feat xlink:href="#sSpan401" value="ⲉ"/>
		<feat xlink:href="#sSpan405" value="ⲁ"/>
		<feat xlink:href="#sSpan407" value="ϥ"/>
		<feat xlink:href="#sSpan410" value="ⲣⲟⲩ"/>
		<feat xlink:href="#sSpan413" value="ⲙⲕⲁϩ"/>
		<feat xlink:href="#sSpan415" value="ⲛ"/>
		<feat xlink:href="#sSpan420" value="ϩⲏⲧ"/>
		<feat xlink:href="#sSpan422" value="·"/>
		<feat xlink:href="#sSpan426" value="ⲛ"/>
		<feat xlink:href="#sSpan430" value="ⲟⲩ"/>
		<feat xlink:href="#sSpan432" value="ϣⲏⲣⲉ"/>
		<feat xlink:href="#sSpan435" value="ⲉⲃⲟⲗ"/>
		<feat xlink:href="#sSpan439" value="ϩⲉⲓ̈ⲧⲛ"/>
		<feat xlink:href="#sSpan443" value="ⲛⲉϥ"/>
		<feat xlink:href="#sSpan446" value="ⲉⲓ̈ⲟⲧⲉ"/>
		<feat xlink:href="#sSpan448" value="·"/>
		<feat xlink:href="#sSpan452" value="ϫⲉ"/>
		<feat xlink:href="#sSpan456" value="ⲛⲉϥ"/>
		<feat xlink:href="#sSpan459" value="ⲧⲉⲓⲧⲱⲛ"/>
		<feat xlink:href="#sSpan463" value="ⲛⲙⲙⲁ"/>
		<feat xlink:href="#sSpan467" value="ⲩ"/>
		<feat xlink:href="#sSpan469" value="ⲡⲉ"/>
		<feat xlink:href="#sSpan474" value="·"/>
		<feat xlink:href="#sSpan478" value="ⲛⲛⲉ"/>
		<feat xlink:href="#sSpan485" value="ⲡ"/>
		<feat xlink:href="#sSpan487" value="ⲛⲟⲩⲧⲉ"/>
		<feat xlink:href="#sSpan489" value="ϫⲟⲟ"/>
		<feat xlink:href="#sSpan494" value="ϥ"/>
		<feat xlink:href="#sSpan496" value="ⲉ"/>
		<feat xlink:href="#sSpan500" value="ⲧⲣⲉ"/>
		<feat xlink:href="#sSpan502" value="ϥ"/>
		<feat xlink:href="#sSpan505" value="ⲉⲓ̈"/>
		<feat xlink:href="#sSpan507" value="ⲉϩⲣⲁⲓ̈"/>
		<feat xlink:href="#sSpan512" value="ⲉϫⲱ"/>
		<feat xlink:href="#sSpan516" value="ⲛ"/>
		<feat xlink:href="#sSpan518" value="·"/>
		<feat xlink:href="#sSpan525" value="ⲡⲁⲗⲓⲛ"/>
		<feat xlink:href="#sSpan530" value="ⲟⲛ"/>
		<feat xlink:href="#sSpan534" value="ⲡⲉ"/>
		<feat xlink:href="#sSpan538" value="ⲛ"/>
		<feat xlink:href="#sSpan542" value="ϩⲟⲩⲟ"/>
		<feat xlink:href="#sSpan544" value="ⲛⲁ"/>
		<feat xlink:href="#sSpan550" value="ⲣⲃⲟⲗ"/>
		<feat xlink:href="#sSpan553" value="ⲉⲣⲟ"/>
		<feat xlink:href="#sSpan557" value="ϥ"/>
		<feat xlink:href="#sSpan559" value="ⲁⲛ"/>
		<feat xlink:href="#sSpan564" value="·"/>
		<feat xlink:href="#sSpan571" value="ⲉⲧⲃⲉ"/>
		<feat xlink:href="#sSpan579" value="ⲡⲁⲓ̈"/>
		<feat xlink:href="#sSpan583" value="ⲡⲉϫⲉ"/>
		<feat xlink:href="#sSpan588" value="ⲙⲏⲡⲟⲧⲉ"/>
		<feat xlink:href="#sSpan591" value="ⲛ"/>
		<feat xlink:href="#sSpan595" value="ⲑ"/>
		<feat xlink:href="#sSpan597" value="ⲉ"/>
		<feat xlink:href="#sSpan599" value="ⲛⲧⲁ"/>
		<feat xlink:href="#sSpan604" value="ϩⲣⲉⲃⲉⲕⲕⲁ"/>
		<feat xlink:href="#sSpan607" value="·"/>
		<feat xlink:href="#sSpan612" value="ⲥⲡⲟⲩⲇⲁⲍⲉ"/>
		<feat xlink:href="#sSpan617" value="ⲉ"/>
		<feat xlink:href="#sSpan621" value="ⲧⲣⲉ"/>
		<feat xlink:href="#sSpan624" value="ⲉⲓ̈ⲁⲕⲱⲃ"/>
		<feat xlink:href="#sSpan626" value="ϫⲉⲓ̈"/>
		<feat xlink:href="#sSpan631" value="ⲡⲉ"/>
		<feat xlink:href="#sSpan633" value="ⲥⲙⲟⲩ"/>
		<feat xlink:href="#sSpan635" value="ⲉⲃⲟⲗ"/>
		<feat xlink:href="#sSpan639" value="ϩⲉⲓ̈ⲧⲙ"/>
		<feat xlink:href="#sSpan644" value="ⲡⲉϥ"/>
		<feat xlink:href="#sSpan646" value="ⲓⲱⲧ"/>
		<feat xlink:href="#sSpan648" value="ϫⲉ"/>
		<feat xlink:href="#sSpan653" value="ⲛⲉ"/>
		<feat xlink:href="#sSpan655" value="ϥ"/>
		<feat xlink:href="#sSpan657" value="ⲥⲱⲧⲙ"/>
		<feat xlink:href="#sSpan659" value="ⲛⲥⲱ"/>
		<feat xlink:href="#sSpan664" value="ⲟⲩ"/>
		<feat xlink:href="#sSpan666" value="·"/>
		<feat xlink:href="#sSpan671" value="ⲛⲧⲉ"/>
		<feat xlink:href="#sSpan676" value="ⲡ"/>
		<feat xlink:href="#sSpan678" value="ϣⲏⲣⲉ"/>
		<feat xlink:href="#sSpan680" value="ⲉⲧ"/>
		<feat xlink:href="#sSpan684" value="ⲛⲁⲛⲟⲩ"/>
		<feat xlink:href="#sSpan687" value="ϥ"/>
		<feat xlink:href="#sSpan689" value="ϫⲉⲓ"/>
		<feat xlink:href="#sSpan693" value="ⲡⲉ"/>
		<feat xlink:href="#sSpan695" value="ⲥⲙⲟⲩ"/>
		<feat xlink:href="#sSpan698" value="ⲉⲃⲟⲗ"/>
		<feat xlink:href="#sSpan702" value="ϩⲉⲓ̈ⲧⲙ"/>
		<feat xlink:href="#sSpan706" value="ⲡ"/>
		<feat xlink:href="#sSpan709" value="ⲛⲟⲩⲧⲉ"/>
		<feat xlink:href="#sSpan712" value="ⲓ︤ⲥ︥"/>
		<feat xlink:href="#sSpan716" value="ϫⲉ"/>
		<feat xlink:href="#sSpan720" value="ϥ"/>
		<feat xlink:href="#sSpan723" value="ϩⲏⲡⲟⲧⲁⲥⲥⲉ"/>
		<feat xlink:href="#sSpan726" value="ⲛⲁ"/>
		<feat xlink:href="#sSpan731" value="ϥ"/>
		<feat xlink:href="#sSpan733" value="ⲁⲩⲱ"/>
		<feat xlink:href="#sSpan737" value="ϥ"/>
		<feat xlink:href="#sSpan742" value="ⲥⲱⲧⲙ"/>
		<feat xlink:href="#sSpan744" value="ⲛⲥⲁ"/>
		<feat xlink:href="#sSpan751" value="ⲧⲉϥ"/>
		<feat xlink:href="#sSpan753" value="ⲙⲁⲁⲩ"/>
		<feat xlink:href="#sSpan755" value="ⲧ"/>
		<feat xlink:href="#sSpan760" value="ⲉⲕⲕⲗⲏⲥⲓⲁ"/>
		<feat xlink:href="#sSpan763" value="·"/>
		<feat xlink:href="#sSpan768" value="ⲛⲧⲉ"/>
		<feat xlink:href="#sSpan773" value="ⲡ"/>
		<feat xlink:href="#sSpan775" value="ϣⲏⲣⲉ"/>
		<feat xlink:href="#sSpan777" value="ⲙ"/>
		<feat xlink:href="#sSpan782" value="ⲡⲟⲛⲏⲣⲟⲥ"/>
		<feat xlink:href="#sSpan785" value="·"/>
		<feat xlink:href="#sSpan790" value="ⲣϣⲙⲙⲟ"/>
		<feat xlink:href="#sSpan795" value="ⲉⲣⲟ"/>
		<feat xlink:href="#sSpan800" value="ϥ"/>
		<feat xlink:href="#sSpan802" value="·"/>
		<feat xlink:href="#sSpan806" value="ϫⲉ"/>
		<feat xlink:href="#sSpan810" value="ⲉ"/>
		<feat xlink:href="#sSpan812" value="ϥ"/>
		<feat xlink:href="#sSpan815" value="ϯⲧⲱⲛ"/>
		<feat xlink:href="#sSpan818" value="ⲛⲙⲙⲁ"/>
		<feat xlink:href="#sSpan823" value="ⲥ"/>
		<feat xlink:href="#sSpan825" value="ϩⲛ"/>
		<feat xlink:href="#sSpan829" value="ⲛⲉϥ"/>
		<feat xlink:href="#sSpan831" value="ϩⲃⲏⲩⲉ"/>
		<feat xlink:href="#sSpan834" value="ⲙ"/>
		<feat xlink:href="#sSpan839" value="ⲡⲟⲛⲏⲣⲟⲛ"/>
		<feat xlink:href="#sSpan842" value="ⲛ"/>
		<feat xlink:href="#sSpan846" value="ⲑ"/>
		<feat xlink:href="#sSpan848" value="ⲉ"/>
		<feat xlink:href="#sSpan850" value="ⲛ"/>
		<feat xlink:href="#sSpan854" value="ⲏⲥⲁⲩ"/>
		<feat xlink:href="#sSpan858" value="."/>
		<feat xlink:href="#sSpan863" value="ⲟⲩⲛ"/>
		<feat xlink:href="#sSpan871" value="ϣⲏⲣⲉ"/>
		<feat xlink:href="#sSpan873" value="ⲛ"/>
		<feat xlink:href="#sSpan877" value="ϣⲣ︤ⲡ︥"/>
		<feat xlink:href="#sSpan879" value="ⲙ"/>
		<feat xlink:href="#sSpan884" value="ⲙⲓⲥⲉ"/>
		<feat xlink:href="#sSpan886" value="ⲉ"/>
		<feat xlink:href="#sSpan890" value="ϣⲁ"/>
		<feat xlink:href="#sSpan892" value="ϥ"/>
		<feat xlink:href="#sSpan895" value="ⲕⲗⲏⲣⲟⲛⲟⲙⲉⲓ̈"/>
		<feat xlink:href="#sSpan898" value="ⲛ"/>
		<feat xlink:href="#sSpan902" value="ⲛⲉϥ"/>
		<feat xlink:href="#sSpan904" value="ⲉⲓ̈ⲟⲧⲉ"/>
		<feat xlink:href="#sSpan907" value="ϫⲉ"/>
		<feat xlink:href="#sSpan911" value="ϥ"/>
		<feat xlink:href="#sSpan913" value="ⲥⲱⲧⲙ"/>
		<feat xlink:href="#sSpan915" value="ⲛⲥⲱ"/>
		<feat xlink:href="#sSpan920" value="ⲟⲩ"/>
		<feat xlink:href="#sSpan922" value="·"/>
		<feat xlink:href="#sSpan927" value="ⲁⲩⲱ"/>
		<feat xlink:href="#sSpan935" value="ⲟⲩⲛ"/>
		<feat xlink:href="#sSpan939" value="ϣⲏⲣⲉ"/>
		<feat xlink:href="#sSpan941" value="ϣⲏⲙⲉ"/>
		<feat xlink:href="#sSpan946" value="ϣⲁ"/>
		<feat xlink:href="#sSpan950" value="ⲩ"/>
		<feat xlink:href="#sSpan952" value="ϣⲟⲛ"/>
		<feat xlink:href="#sSpan955" value="ϥ"/>
		<feat xlink:href="#sSpan957" value="ⲉ"/>
		<feat xlink:href="#sSpan961" value="ⲧⲉ"/>
		<feat xlink:href="#sSpan964" value="ⲕⲗⲏⲣⲟⲛⲟⲙⲉⲓ̈"/>
		<feat xlink:href="#sSpan967" value="ϫⲉ"/>
		<feat xlink:href="#sSpan971" value="ⲩⲟⲛ"/>
		<feat xlink:href="#sSpan974" value="ⲁⲧⲥⲱⲧⲙ̄"/>
		<feat xlink:href="#sSpan978" value="ⲛ̄ⲥⲱ"/>
		<feat xlink:href="#sSpan982" value="ⲟⲩ"/>
		<feat xlink:href="#sSpan984" value="."/>
		<feat xlink:href="#sSpan989" value="ⲟⲩⲛ"/>
		<feat xlink:href="#sSpan994" value="ϣⲏⲣⲉ"/>
		<feat xlink:href="#sSpan998" value="ⲇⲉ"/>
		<feat xlink:href="#sSpan1002" value="ⲟⲛ"/>
		<feat xlink:href="#sSpan1006" value="ϣⲏⲙⲉ"/>
		<feat xlink:href="#sSpan1011" value="ϣⲁ"/>
		<feat xlink:href="#sSpan1015" value="ⲩ"/>
		<feat xlink:href="#sSpan1018" value="ⲕⲗⲩⲣⲟⲛⲟⲙⲉⲓ"/>
		<feat xlink:href="#sSpan1021" value="ⲉⲧⲃⲉ"/>
		<feat xlink:href="#sSpan1025" value="ⲧⲉⲩ"/>
		<feat xlink:href="#sSpan1031" value="ⲙⲛⲧⲥⲙⲛⲧ"/>
		<feat xlink:href="#sSpan1034" value="."/>
		<feat xlink:href="#sSpan1039" value="ⲁⲩⲱ"/>
		<feat xlink:href="#sSpan1047" value="ⲟⲩⲛ"/>
		<feat xlink:href="#sSpan1051" value="ⲛⲟϭ"/>
		<feat xlink:href="#sSpan1053" value="ⲛ"/>
		<feat xlink:href="#sSpan1057" value="ϣⲏⲣⲉ"/>
		<feat xlink:href="#sSpan1060" value="ⲉ"/>
		<feat xlink:href="#sSpan1064" value="ϣⲁ"/>
		<feat xlink:href="#sSpan1066" value="ⲩ"/>
		<feat xlink:href="#sSpan1068" value="ϣⲟⲟⲛ"/>
		<feat xlink:href="#sSpan1071" value="ⲟⲩ"/>
		<feat xlink:href="#sSpan1073" value="ⲉ"/>
		<feat xlink:href="#sSpan1077" value="ⲧⲉⲕ"/>
		<feat xlink:href="#sSpan1080" value="ⲕⲗⲩⲣⲟⲛⲟⲙⲉⲓ̈ⲁ"/>
		<feat xlink:href="#sSpan1084" value="ⲉⲧⲃⲉ"/>
		<feat xlink:href="#sSpan1088" value="ⲧⲉⲩ"/>
		<feat xlink:href="#sSpan1091" value="ⲙⲛⲧⲁⲧⲥⲱⲧⲙ"/>
		<feat xlink:href="#sSpan1097" value="ⲛⲁⲓ̈"/>
		<feat xlink:href="#sSpan1106" value="ⲁ"/>
		<feat xlink:href="#sSpan1110" value="ⲓ̈"/>
		<feat xlink:href="#sSpan1112" value="ϫⲟⲟⲩ"/>
		<feat xlink:href="#sSpan1114" value="ⲛ"/>
		<feat xlink:href="#sSpan1118" value="ⲧⲉⲓ"/>
		<feat xlink:href="#sSpan1120" value="ϩⲉ"/>
		<feat xlink:href="#sSpan1122" value=":"/>
		<feat xlink:href="#sSpan1126" value="ⲡⲱ"/>
		<feat xlink:href="#sSpan1134" value="ⲧⲛ"/>
		<feat xlink:href="#sSpan1138" value="ϩⲱⲧ"/>
		<feat xlink:href="#sSpan1142" value="ⲧⲏⲩⲧⲛ"/>
		<feat xlink:href="#sSpan1145" value="ⲡⲉ"/>
		<feat xlink:href="#sSpan1150" value="ⲕⲣⲓ̈ⲛⲉ"/>
		<feat xlink:href="#sSpan1153" value="·"/>
		<feat xlink:href="#sSpan1157" value="ϫⲉ"/>
		<feat xlink:href="#sSpan1161" value="ⲛⲓⲙ"/>
		<feat xlink:href="#sSpan1163" value="ⲡⲉ"/>
		<feat xlink:href="#sSpan1167" value="ⲡ"/>
		<feat xlink:href="#sSpan1172" value="ⲛⲟϭ"/>
		<feat xlink:href="#sSpan1174" value="·"/>
		<feat xlink:href="#sSpan1178" value="ⲁⲩⲱ"/>
		<feat xlink:href="#sSpan1185" value="ⲁϣ"/>
		<feat xlink:href="#sSpan1189" value="ⲡⲉ"/>
		<feat xlink:href="#sSpan1194" value="ⲡ"/>
		<feat xlink:href="#sSpan1198" value="ⲕⲟⲩⲓ̈"/>
		<feat xlink:href="#sSpan1201" value="ⲉⲃⲟⲗ"/>
		<feat xlink:href="#sSpan1206" value="ⲁⲛ"/>
		<feat xlink:href="#sSpan1210" value="ϫⲉ"/>
		<feat xlink:href="#sSpan1214" value="ⲉⲣⲉ"/>
		<feat xlink:href="#sSpan1216" value="ⲙ"/>
		<feat xlink:href="#sSpan1218" value="ⲡ"/>
		<feat xlink:href="#sSpan1221" value="ϩⲱⲃ"/>
		<feat xlink:href="#sSpan1223" value="ⲙⲟⲕϩ"/>
		<feat xlink:href="#sSpan1227" value="ⲛⲁϩⲣⲁ"/>
		<feat xlink:href="#sSpan1232" value="ⲓ̈"/>
		<feat xlink:href="#sSpan1234" value="ⲉ"/>
		<feat xlink:href="#sSpan1238" value="ⲧⲣⲁ"/>
		<feat xlink:href="#sSpan1240" value="ϫⲟⲟ"/>
		<feat xlink:href="#sSpan1242" value="ⲥ"/>
		<feat xlink:href="#sSpan1244" value="ϫⲉ"/>
		<feat xlink:href="#sSpan1249" value="ⲡ"/>
		<feat xlink:href="#sSpan1251" value="ⲟⲩⲏⲏⲃ"/>
		<feat xlink:href="#sSpan1253" value="ⲡⲉ"/>
		<feat xlink:href="#sSpan1257" value="ϭⲉ"/>
		<feat xlink:href="#sSpan1262" value="·"/>
		<feat xlink:href="#sSpan1266" value="ϫⲓ̈ⲛ"/>
		<feat xlink:href="#sSpan1270" value="ⲙⲙⲟⲛ"/>
		<feat xlink:href="#sSpan1272" value="ⲡ"/>
		<feat xlink:href="#sSpan1278" value="ⲗⲁⲟⲥ"/>
		<feat xlink:href="#sSpan1280" value="ⲡⲉ"/>
		<feat xlink:href="#sSpan1284" value="·"/>
		<feat xlink:href="#sSpan1289" value="ⲁⲗⲗⲁ"/>
		<feat xlink:href="#sSpan1296" value="ⲉⲃⲟⲗ"/>
		<feat xlink:href="#sSpan1301" value="ⲛⲧⲟϥ"/>
		<feat xlink:href="#sSpan1305" value="ϫⲉ"/>
		<feat xlink:href="#sSpan1309" value="ⲡ"/>
		<feat xlink:href="#sSpan1314" value="ⲣⲱⲙⲉ"/>
		<feat xlink:href="#sSpan1316" value="ⲟⲩⲱϣ"/>
		<feat xlink:href="#sSpan1320" value="ⲉ"/>
		<feat xlink:href="#sSpan1326" value="ⲡⲉⲓ̈ⲑⲉ"/>
		<feat xlink:href="#sSpan1328" value="ⲙⲙⲟ"/>
		<feat xlink:href="#sSpan1332" value="ϥ"/>
		<feat xlink:href="#sSpan1334" value="ϩⲛ"/>
		<feat xlink:href="#sSpan1338" value="ⲧⲉ"/>
		<feat xlink:href="#sSpan1342" value="ⲡⲗⲁⲛⲏ"/>
		<feat xlink:href="#sSpan1344" value="ⲙ"/>
		<feat xlink:href="#sSpan1348" value="ⲡⲉϥ"/>
		<feat xlink:href="#sSpan1351" value="ϩⲏⲧ"/>
		<feat xlink:href="#sSpan1353" value="·"/>
		<feat xlink:href="#sSpan1358" value="ⲕⲁⲛ"/>
		<feat xlink:href="#sSpan1362" value="ⲉ"/>
		<feat xlink:href="#sSpan1367" value="ⲩ"/>
		<feat xlink:href="#sSpan1369" value="ϣⲁⲛ"/>
		<feat xlink:href="#sSpan1371" value="ⲁⲁ"/>
		<feat xlink:href="#sSpan1373" value="ϥ"/>
		<feat xlink:href="#sSpan1375" value="ⲛ"/>
		<feat xlink:href="#sSpan1379" value="ϣⲙⲙⲟ"/>
		<feat xlink:href="#sSpan1382" value="ⲉ"/>
		<feat xlink:href="#sSpan1386" value="ⲧ"/>
		<feat xlink:href="#sSpan1389" value="ⲙ︤ⲛ︥ⲧⲣⲣⲟ"/>
		<feat xlink:href="#sSpan1393" value="ⲛ"/>
		<feat xlink:href="#sSpan1397" value="ⲙ"/>
		<feat xlink:href="#sSpan1399" value="ⲡⲏⲩⲉ"/>
		<feat xlink:href="#sSpan1401" value="·"/>
		<feat xlink:href="#sSpan1406" value="ⲛ̄"/>
		<feat xlink:href="#sSpan1411" value="ϩⲟⲩⲟ"/>
		<feat xlink:href="#sSpan1413" value="ⲉ"/>
		<feat xlink:href="#sSpan1417" value="ϣⲱⲡ"/>
		<feat xlink:href="#sSpan1419" value="ⲉⲣⲟ"/>
		<feat xlink:href="#sSpan1423" value="ϥ"/>
		<feat xlink:href="#sSpan1425" value="ⲛ"/>
		<feat xlink:href="#sSpan1430" value="ⲧ"/>
		<feat xlink:href="#sSpan1433" value="ⲙⲉ"/>
		<feat xlink:href="#sSpan1435" value="ⲛ"/>
		<feat xlink:href="#sSpan1439" value="ϥ"/>
		<feat xlink:href="#sSpan1442" value="ⲃⲱⲕ"/>
		<feat xlink:href="#sSpan1444" value="ⲉϩⲟⲩⲛ"/>
		<feat xlink:href="#sSpan1449" value="ⲉⲣⲟ"/>
		<feat xlink:href="#sSpan1453" value="ⲥ"/>
		<feat xlink:href="#sSpan1455" value="·"/>
		<feat xlink:href="#sSpan1459" value="ⲟⲩ"/>
		<feat xlink:href="#sSpan1468" value="ⲙⲁⲁⲩ"/>
		<feat xlink:href="#sSpan1475" value="ⲇⲉ"/>
		<feat xlink:href="#sSpan1479" value="ⲟⲛ"/>
		<feat xlink:href="#sSpan1483" value="ⲉⲣⲉ"/>
		<feat xlink:href="#sSpan1487" value="ⲛ"/>
		<feat xlink:href="#sSpan1489" value="ϣⲣⲡ"/>
		<feat xlink:href="#sSpan1492" value="ⲙⲉⲓ̈ⲥⲉ"/>
		<feat xlink:href="#sSpan1496" value="ⲛ"/>
		<feat xlink:href="#sSpan1500" value="ⲛⲉⲥ"/>
		<feat xlink:href="#sSpan1503" value="ϣⲏⲣⲉ"/>
		<feat xlink:href="#sSpan1505" value="ϣⲟⲟⲡ"/>
		<feat xlink:href="#sSpan1510" value="ϩⲙ"/>
		<feat xlink:href="#sSpan1514" value="ⲡ"/>
		<feat xlink:href="#sSpan1516" value="ⲏⲓ̈"/>
		<feat xlink:href="#sSpan1518" value="ⲛⲙⲙⲁ"/>
		<feat xlink:href="#sSpan1523" value="ⲥ"/>
		<feat xlink:href="#sSpan1525" value="·"/>
		<feat xlink:href="#sSpan1529" value="ⲉⲧⲃⲉ"/>
		<feat xlink:href="#sSpan1534" value="ⲑⲁⲗⲡⲉⲓ̈"/>
		<feat xlink:href="#sSpan1539" value="ⲙⲙⲟ"/>
		<feat xlink:href="#sSpan1543" value="ⲥ"/>
		<feat xlink:href="#sSpan1545" value="·"/>
		<feat xlink:href="#sSpan1549" value="ⲁⲩⲱ"/>
		<feat xlink:href="#sSpan1556" value="ⲉⲣⲉ"/>
		<feat xlink:href="#sSpan1561" value="ⲛ"/>
		<feat xlink:href="#sSpan1563" value="ϣⲏⲣⲉ"/>
		<feat xlink:href="#sSpan1565" value="ⲉⲧ"/>
		<feat xlink:href="#sSpan1569" value="ⲛⲏⲩ"/>
		<feat xlink:href="#sSpan1572" value="ⲙⲛⲛⲥⲱ"/>
		<feat xlink:href="#sSpan1576" value="ⲟⲩ"/>
		<feat xlink:href="#sSpan1578" value="ϩⲛ"/>
		<feat xlink:href="#sSpan1583" value="ⲧ"/>
		<feat xlink:href="#sSpan1585" value="ⲥⲱϣⲉ"/>
		<feat xlink:href="#sSpan1587" value="ⲉ"/>
		<feat xlink:href="#sSpan1591" value="ⲧⲣⲉ"/>
		<feat xlink:href="#sSpan1593" value="ⲩ"/>
		<feat xlink:href="#sSpan1596" value="ⲣϩⲱⲃ"/>
		<feat xlink:href="#sSpan1600" value="ⲛ"/>
		<feat xlink:href="#sSpan1604" value="ⲥⲉ"/>
		<feat xlink:href="#sSpan1606" value="ⲉⲓ̈ⲛⲉ"/>
		<feat xlink:href="#sSpan1608" value="ⲛⲁ"/>
		<feat xlink:href="#sSpan1613" value="ⲥ"/>
		<feat xlink:href="#sSpan1615" value="ⲉϩⲟⲩⲛ"/>
		<feat xlink:href="#sSpan1619" value="·"/>
		<feat xlink:href="#sSpan1623" value="ⲁⲩⲱ"/>
		<feat xlink:href="#sSpan1627" value="ⲉ"/>
		<feat xlink:href="#sSpan1632" value="ⲩⲛ"/>
		<feat xlink:href="#sSpan1634" value="ϩⲉⲛ"/>
		<feat xlink:href="#sSpan1637" value="ⲁⲅⲁⲑⲟⲛ"/>
		<feat xlink:href="#sSpan1639" value="ⲛⲁϣⲱ"/>
		<feat xlink:href="#sSpan1644" value="ⲟⲩ"/>
		<feat xlink:href="#sSpan1646" value="ϣⲟⲟⲡ"/>
		<feat xlink:href="#sSpan1650" value="ⲛⲁ"/>
		<feat xlink:href="#sSpan1655" value="ⲥ"/>
		<feat xlink:href="#sSpan1657" value="·"/>
		<feat xlink:href="#sSpan1661" value="ⲛⲓ̈ⲙ"/>
		<feat xlink:href="#sSpan1669" value="ⲡ"/>
		<feat xlink:href="#sSpan1674" value="ⲉⲧ"/>
		<feat xlink:href="#sSpan1676" value="ⲛⲁ"/>
		<feat xlink:href="#sSpan1678" value="ϫⲟⲟ"/>
		<feat xlink:href="#sSpan1680" value="ⲥ"/>
		<feat xlink:href="#sSpan1682" value="ⲁⲛ"/>
		<feat xlink:href="#sSpan1686" value="ϫⲉ"/>
		<feat xlink:href="#sSpan1691" value="ⲉⲥϣⲁⲛ"/>
		<feat xlink:href="#sSpan1693" value="ϭⲱⲛⲧ"/>
		<feat xlink:href="#sSpan1695" value="ⲉ"/>
		<feat xlink:href="#sSpan1700" value="ⲛ"/>
		<feat xlink:href="#sSpan1702" value="ⲉⲧ"/>
		<feat xlink:href="#sSpan1704" value="ⲟⲩⲏϩ"/>
		<feat xlink:href="#sSpan1706" value="ⲛⲙⲙⲁ"/>
		<feat xlink:href="#sSpan1711" value="ⲥ"/>
		<feat xlink:href="#sSpan1713" value="·"/>
		<feat xlink:href="#sSpan1717" value="ⲉⲧⲃⲉ"/>
		<feat xlink:href="#sSpan1721" value="ⲛ"/>
		<feat xlink:href="#sSpan1723" value="ⲥⲱϣϣⲉ"/>
		<feat xlink:href="#sSpan1726" value="ⲉⲧ"/>
		<feat xlink:href="#sSpan1730" value="ⲟⲩ"/>
		<feat xlink:href="#sSpan1732" value="ⲉⲓ̈ⲣⲉ"/>
		<feat xlink:href="#sSpan1734" value="ⲙⲙⲟ"/>
		<feat xlink:href="#sSpan1739" value="ⲟⲩ"/>
		<feat xlink:href="#sSpan1741" value="ⲛⲙⲙⲁ"/>
		<feat xlink:href="#sSpan1745" value="ⲥ"/>
		<feat xlink:href="#sSpan1747" value="·"/>
		<feat xlink:href="#sSpan1751" value="ⲥ"/>
		<feat xlink:href="#sSpan1756" value="ⲛⲁ"/>
		<feat xlink:href="#sSpan1758" value="ϩⲟⲡ"/>
		<feat xlink:href="#sSpan1760" value="ⲟⲩ"/>
		<feat xlink:href="#sSpan1762" value="ⲉⲣⲟ"/>
		<feat xlink:href="#sSpan1766" value="ⲟⲩ"/>
		<feat xlink:href="#sSpan1768" value="ϣⲁⲛⲧⲉ"/>
		<feat xlink:href="#sSpan1773" value="ⲛⲁⲓ"/>
		<feat xlink:href="#sSpan1776" value="ⲉⲓ̈"/>
		<feat xlink:href="#sSpan1780" value="ⲉϩⲟⲩⲛ"/>
		<feat xlink:href="#sSpan1785" value="ⲛ"/>
		<feat xlink:href="#sSpan1789" value="ⲉⲥ"/>
		<feat xlink:href="#sSpan1791" value="ⲧⲁⲁ"/>
		<feat xlink:href="#sSpan1793" value="ⲩ"/>
		<feat xlink:href="#sSpan1795" value="ⲛⲁ"/>
		<feat xlink:href="#sSpan1800" value="ⲩ"/>
		<feat xlink:href="#sSpan1802" value="·"/>
		<feat xlink:href="#sSpan1807" value="ⲁⲩⲱ"/>
		<feat xlink:href="#sSpan1815" value="ⲟⲛ"/>
		<feat xlink:href="#sSpan1819" value="ⲉⲣϣⲁⲛ"/>
		<feat xlink:href="#sSpan1823" value="ⲛ"/>
		<feat xlink:href="#sSpan1825" value="ⲉⲧ"/>
		<feat xlink:href="#sSpan1827" value="ⲧⲏϣⲉⲉⲣ"/>
		<feat xlink:href="#sSpan1831" value="ⲛ"/>
		<feat xlink:href="#sSpan1835" value="ⲉⲧ"/>
		<feat xlink:href="#sSpan1837" value="ⲉϣϣⲉ"/>
		<feat xlink:href="#sSpan1840" value="ϩⲙ"/>
		<feat xlink:href="#sSpan1844" value="ⲡ"/>
		<feat xlink:href="#sSpan1846" value="ⲏⲓ̈"/>
		<feat xlink:href="#sSpan1849" value="ϯⲙⲧⲟⲛ"/>
		<feat xlink:href="#sSpan1855" value="ⲛⲁ"/>
		<feat xlink:href="#sSpan1859" value="ⲩ"/>
		<feat xlink:href="#sSpan1861" value="ⲥ"/>
		<feat xlink:href="#sSpan1865" value="ⲛⲁ"/>
		<feat xlink:href="#sSpan1867" value="ⲧⲁⲁ"/>
		<feat xlink:href="#sSpan1869" value="ⲩ"/>
		<feat xlink:href="#sSpan1871" value="ⲛⲁ"/>
		<feat xlink:href="#sSpan1876" value="ⲩ"/>
		<feat xlink:href="#sSpan1878" value="·"/>
		<feat xlink:href="#sSpan1883" value="ⲁⲩⲱ"/>
		<feat xlink:href="#sSpan1891" value="ⲉⲣϣⲁⲛ"/>
		<feat xlink:href="#sSpan1895" value="ⲛⲁⲓ̈"/>
		<feat xlink:href="#sSpan1898" value="ⲉⲓ̈"/>
		<feat xlink:href="#sSpan1902" value="ⲉϩⲟⲩⲛ"/>
		<feat xlink:href="#sSpan1907" value="ⲛⲁ"/>
		<feat xlink:href="#sSpan1911" value="ⲥ"/>
		<feat xlink:href="#sSpan1913" value="ⲉ"/>
		<feat xlink:href="#sSpan1917" value="ⲥ"/>
		<feat xlink:href="#sSpan1919" value="ⲛⲁ"/>
		<feat xlink:href="#sSpan1921" value="ϩⲟⲡ"/>
		<feat xlink:href="#sSpan1923" value="ⲟⲩ"/>
		<feat xlink:href="#sSpan1925" value="ⲉⲣⲟ"/>
		<feat xlink:href="#sSpan1929" value="ⲟⲩ"/>
		<feat xlink:href="#sSpan1931" value="·"/>
		<feat xlink:href="#sSpan1935" value="ϫⲉ"/>
		<feat xlink:href="#sSpan1939" value="ⲁ"/>
		<feat xlink:href="#sSpan1941" value="ⲩ"/>
		<feat xlink:href="#sSpan1945" value="ϯϭⲱⲛⲧ"/>
		<feat xlink:href="#sSpan1948" value="ⲛⲁ"/>
		<feat xlink:href="#sSpan1952" value="ⲥ"/>
		<feat xlink:href="#sSpan1954" value="ϩⲛ"/>
		<feat xlink:href="#sSpan1959" value="ⲛ"/>
		<feat xlink:href="#sSpan1961" value="ⲉⲧⲉ"/>
		<feat xlink:href="#sSpan1963" value="ⲥ"/>
		<feat xlink:href="#sSpan1965" value="ⲟⲩⲁϣ"/>
		<feat xlink:href="#sSpan1967" value="ⲟⲩ"/>
		<feat xlink:href="#sSpan1969" value="ⲁⲛ"/>
		<feat xlink:href="#sSpan1974" value="ⲉ"/>
		<feat xlink:href="#sSpan1978" value="ⲁⲁ"/>
		<feat xlink:href="#sSpan1980" value="ⲩ"/>
		<feat xlink:href="#sSpan1982" value="·"/>
		<feat xlink:href="#sSpan1987" value="ⲉ"/>
		<feat xlink:href="#sSpan1995" value="ⲁ"/>
		<feat xlink:href="#sSpan1997" value="ⲛ"/>
		<feat xlink:href="#sSpan1999" value="ⲉⲓ̈ⲙⲉ"/>
		<feat xlink:href="#sSpan2001" value="ϭⲉ"/>
		<feat xlink:href="#sSpan2005" value="ϫⲉ"/>
		<feat xlink:href="#sSpan2009" value="ⲛ"/>
		<feat xlink:href="#sSpan2011" value="ϣⲁϫⲉ"/>
		<feat xlink:href="#sSpan2014" value="ⲉ"/>
		<feat xlink:href="#sSpan2018" value="ⲧ"/>
		<feat xlink:href="#sSpan2020" value="ⲙⲙⲁⲁⲩ"/>
		<feat xlink:href="#sSpan2022" value="ⲧ"/>
		<feat xlink:href="#sSpan2027" value="ⲉⲕⲕⲗⲏⲥⲓ̈ⲁ"/>
		<feat xlink:href="#sSpan2031" value="ⲁⲩⲱ"/>
		<feat xlink:href="#sSpan2036" value="ⲛ"/>
		<feat xlink:href="#sSpan2040" value="ⲟⲩⲏⲏⲃ"/>
		<feat xlink:href="#sSpan2042" value="ϫⲉ"/>
		<feat xlink:href="#sSpan2046" value="ⲛⲟϭ"/>
		<feat xlink:href="#sSpan2049" value="ⲛ"/>
		<feat xlink:href="#sSpan2053" value="ϣⲏⲣⲉ"/>
		<feat xlink:href="#sSpan2058" value="ⲁⲩⲱ"/>
		<feat xlink:href="#sSpan2063" value="ⲛ"/>
		<feat xlink:href="#sSpan2068" value="ⲗⲁⲟⲥ"/>
		<feat xlink:href="#sSpan2070" value="ϫⲉ"/>
		<feat xlink:href="#sSpan2074" value="ⲛ"/>
		<feat xlink:href="#sSpan2077" value="ϣⲏⲣⲉ"/>
		<feat xlink:href="#sSpan2080" value="ϣⲏⲙ"/>
		<feat xlink:href="#sSpan2084" value="·"/>
		<feat xlink:href="#sSpan2089" value="ⲛ"/>
		<feat xlink:href="#sSpan2094" value="ⲧⲛ"/>
		<feat xlink:href="#sSpan2097" value="ⲣⲭⲣⲓⲁ"/>
		<feat xlink:href="#sSpan2101" value="ⲁⲛ"/>
		<feat xlink:href="#sSpan2105" value="ⲛ"/>
		<feat xlink:href="#sSpan2109" value="ⲃⲱⲗ"/>
		<feat xlink:href="#sSpan2112" value="·"/>
		<feat xlink:href="#sSpan2118" value="ⲅⲉⲛⲟⲓⲧⲟ"/>
		<feat xlink:href="#sSpan2128" value="ⲇⲉ"/>
		<feat xlink:href="#sSpan2132" value="ⲛⲧⲉ"/>
		<feat xlink:href="#sSpan2136" value="ⲛ"/>
		<feat xlink:href="#sSpan2138" value="ϫⲉⲓ̈"/>
		<feat xlink:href="#sSpan2141" value="ⲛ"/>
		<feat xlink:href="#sSpan2145" value="ⲟⲩ"/>
		<feat xlink:href="#sSpan2147" value="ⲥⲙⲟⲩ"/>
		<feat xlink:href="#sSpan2149" value="ⲉⲃⲟⲗ"/>
		<feat xlink:href="#sSpan2153" value="ϩⲉⲓ̈ⲧⲙ"/>
		<feat xlink:href="#sSpan2158" value="ⲡ"/>
		<feat xlink:href="#sSpan2160" value="ⲛⲟⲩⲧⲉ"/>
		<feat xlink:href="#sSpan2162" value="ⲁⲩⲱ"/>
		<feat xlink:href="#sSpan2167" value="ⲛⲧ"/>
		<feat xlink:href="#sSpan2171" value="ⲛ"/>
		<feat xlink:href="#sSpan2173" value="ⲧⲙ"/>
		<feat xlink:href="#sSpan2175" value="ϫⲉⲓ̈"/>
		<feat xlink:href="#sSpan2178" value="ⲛ"/>
		<feat xlink:href="#sSpan2182" value="ϩⲉⲛ"/>
		<feat xlink:href="#sSpan2184" value="ⲧϭⲁⲉⲓⲟ"/>
		<feat xlink:href="#sSpan2186" value="ⲙⲛ"/>
		<feat xlink:href="#sSpan2191" value="ϩⲉⲛ"/>
		<feat xlink:href="#sSpan2193" value="ⲥⲱϣ"/>
		<feat xlink:href="#sSpan2195" value="·"/>
		<feat xlink:href="#sSpan2200" value="ⲉϣϫⲉ"/>
		<feat xlink:href="#sSpan2210" value="ⲙⲛ"/>
		<feat xlink:href="#sSpan2212" value="ⲡ"/>
		<feat xlink:href="#sSpan2214" value="ⲉⲧ"/>
		<feat xlink:href="#sSpan2216" value="ⲛⲁⲛⲟⲩ"/>
		<feat xlink:href="#sSpan2219" value="ϥ"/>
		<feat xlink:href="#sSpan2221" value="·"/>
		<feat xlink:href="#sSpan2225" value="ⲁⲩⲱ"/>
		<feat xlink:href="#sSpan2229" value="ⲙⲛ"/>
		<feat xlink:href="#sSpan2233" value="ⲡ"/>
		<feat xlink:href="#sSpan2236" value="ⲉⲧ"/>
		<feat xlink:href="#sSpan2238" value="ⲛⲟⲧⲙ"/>
		<feat xlink:href="#sSpan2240" value="ⲛⲥⲁ"/>
		<feat xlink:href="#sSpan2244" value="ⲧⲣⲉ"/>
		<feat xlink:href="#sSpan2247" value="ϩⲉⲛ"/>
		<feat xlink:href="#sSpan2249" value="ⲥⲛⲏⲩ"/>
		<feat xlink:href="#sSpan2251" value="ⲟⲩⲱϩ"/>
		<feat xlink:href="#sSpan2256" value="ϩⲛ"/>
		<feat xlink:href="#sSpan2260" value="ⲟⲩ"/>
		<feat xlink:href="#sSpan2262" value="ⲙⲁ"/>
		<feat xlink:href="#sSpan2264" value="ⲉ"/>
		<feat xlink:href="#sSpan2268" value="ⲛ"/>
		<feat xlink:href="#sSpan2270" value="ⲟⲩⲱⲧ"/>
		<feat xlink:href="#sSpan2273" value="·"/>
		<feat xlink:href="#sSpan2277" value="ⲉ"/>
		<feat xlink:href="#sSpan2281" value="ⲩ"/>
		<feat xlink:href="#sSpan2284" value="ϣⲟⲟⲡ"/>
		<feat xlink:href="#sSpan2287" value="ⲣⲱ"/>
		<feat xlink:href="#sSpan2291" value="ϩⲉⲓϫⲙ"/>
		<feat xlink:href="#sSpan2296" value="ⲡ"/>
		<feat xlink:href="#sSpan2298" value="ⲕⲁϩ"/>
		<feat xlink:href="#sSpan2300" value="·"/>
		<feat xlink:href="#sSpan2305" value="ⲁⲩⲱ"/>
		<feat xlink:href="#sSpan2313" value="ⲟⲩⲛ"/>
		<feat xlink:href="#sSpan2317" value="ϩⲉⲛ"/>
		<feat xlink:href="#sSpan2319" value="ⲕⲉ"/>
		<feat xlink:href="#sSpan2321" value="ⲙⲉⲉⲩⲉ"/>
		<feat xlink:href="#sSpan2324" value="ⲉ"/>
		<feat xlink:href="#sSpan2328" value="ⲩ"/>
		<feat xlink:href="#sSpan2330" value="ϩⲟⲟⲩ"/>
		<feat xlink:href="#sSpan2332" value="ϥⲱϭⲉ"/>
		<feat xlink:href="#sSpan2337" value="ⲉϩⲟⲩⲛ"/>
		<feat xlink:href="#sSpan2341" value="ⲉⲣⲟ"/>
		<feat xlink:href="#sSpan2345" value="ⲟⲩ"/>
		<feat xlink:href="#sSpan2347" value="·"/>
		<feat xlink:href="#sSpan2352" value="ⲁⲗⲗⲁ"/>
		<feat xlink:href="#sSpan2357" value="ⲛ"/>
		<feat xlink:href="#sSpan2361" value="ⲥⲉ"/>
		<feat xlink:href="#sSpan2363" value="ϣⲱⲡ"/>
		<feat xlink:href="#sSpan2365" value="ⲙⲙⲟ"/>
		<feat xlink:href="#sSpan2370" value="ⲟⲩ"/>
		<feat xlink:href="#sSpan2372" value="ⲉⲣⲟ"/>
		<feat xlink:href="#sSpan2376" value="ⲟⲩ"/>
		<feat xlink:href="#sSpan2378" value="ⲁⲛ"/>
		<feat xlink:href="#sSpan2383" value="ⲉⲓ̈ⲉ"/>
		<feat xlink:href="#sSpan2388" value="ⲛⲁⲛⲟⲩ"/>
		<feat xlink:href="#sSpan2390" value="ϥ"/>
		<feat xlink:href="#sSpan2392" value="ⲁⲩⲱ"/>
		<feat xlink:href="#sSpan2396" value="ϥ"/>
		<feat xlink:href="#sSpan2401" value="ϩⲟⲗϭⲉ"/>
		<feat xlink:href="#sSpan2403" value="ⲛ"/>
		<feat xlink:href="#sSpan2407" value="ⲟⲩⲏⲣ"/>
		<feat xlink:href="#sSpan2409" value="ⲉ"/>
		<feat xlink:href="#sSpan2414" value="ⲧⲣⲉ"/>
		<feat xlink:href="#sSpan2416" value="ⲛ"/>
		<feat xlink:href="#sSpan2419" value="ⲣⲙⲡϣⲁ"/>
		<feat xlink:href="#sSpan2422" value="ϩⲉⲓ̈"/>
		<feat xlink:href="#sSpan2427" value="ⲟⲩ"/>
		<feat xlink:href="#sSpan2429" value="ⲥⲟⲡ"/>
		<feat xlink:href="#sSpan2431" value="ⲛ"/>
		<feat xlink:href="#sSpan2435" value="ⲓⲟⲧⲉ"/>
		<feat xlink:href="#sSpan2437" value="ⲁⲩⲱ"/>
		<feat xlink:href="#sSpan2442" value="ⲛ"/>
		<feat xlink:href="#sSpan2446" value="ϣⲏⲣⲉ"/>
		<feat xlink:href="#sSpan2448" value="ⲉ"/>
		<feat xlink:href="#sSpan2452" value="ⲧⲣⲉ"/>
		<feat xlink:href="#sSpan2454" value="ⲛ"/>
		<feat xlink:href="#sSpan2456" value="ⲥⲱⲟⲩϩ"/>
		<feat xlink:href="#sSpan2459" value="ⲉ"/>
		<feat xlink:href="#sSpan2463" value="ⲡⲉⲓ"/>
		<feat xlink:href="#sSpan2465" value="ⲙⲁ"/>
		<feat xlink:href="#sSpan2467" value="ⲉ"/>
		<feat xlink:href="#sSpan2472" value="ⲛ"/>
		<feat xlink:href="#sSpan2474" value="ⲟⲩⲱⲧ"/>
		<feat xlink:href="#sSpan2476" value="ⲉⲧ"/>
		<feat xlink:href="#sSpan2480" value="ⲙⲙⲁⲩ"/>
		<feat xlink:href="#sSpan2483" value="ⲉⲧⲉ"/>
		<feat xlink:href="#sSpan2487" value="ⲧ"/>
		<feat xlink:href="#sSpan2490" value="ⲙⲛⲧⲣⲣⲟ"/>
		<feat xlink:href="#sSpan2494" value="ⲛ"/>
		<feat xlink:href="#sSpan2498" value="ⲙ"/>
		<feat xlink:href="#sSpan2500" value="ⲡⲏⲩⲉ"/>
		<feat xlink:href="#sSpan2502" value="ⲧⲉ"/>
		<feat xlink:href="#sSpan2507" value="·"/>
		<feat xlink:href="#sSpan2512" value="ⲡⲁ"/>
		<feat xlink:href="#sSpan2521" value="ⲛⲓ̈ⲙ"/>
		<feat xlink:href="#sSpan2523" value="ⲡⲉ"/>
		<feat xlink:href="#sSpan2527" value="ⲡⲉⲓ̈"/>
		<feat xlink:href="#sSpan2531" value="ⲛⲟϭ"/>
		<feat xlink:href="#sSpan2533" value="ⲛ"/>
		<feat xlink:href="#sSpan2539" value="ⲕⲁⲓ̈ⲫⲁⲗⲁⲓ̈ⲟⲛ"/>
		<feat xlink:href="#sSpan2541" value="ⲡⲁ"/>
		<feat xlink:href="#sSpan2549" value="ⲛ"/>
		<feat xlink:href="#sSpan2551" value="ⲟⲩⲏⲏⲃ"/>
		<feat xlink:href="#sSpan2553" value="ⲡⲉ"/>
		<feat xlink:href="#sSpan2557" value="ⲉⲧ"/>
		<feat xlink:href="#sSpan2562" value="ϩⲛ"/>
		<feat xlink:href="#sSpan2564" value="ⲧⲉϥ"/>
		<feat xlink:href="#sSpan2567" value="ⲧⲁⲝⲓ̈ⲥ"/>
		<feat xlink:href="#sSpan2570" value="ⲏ"/>
		<feat xlink:href="#sSpan2575" value="ⲡ"/>
		<feat xlink:href="#sSpan2580" value="ⲙⲟⲛⲁⲭⲟⲥ"/>
		<feat xlink:href="#sSpan2582" value="·"/>
		<feat xlink:href="#sSpan2587" value="ϫⲛ"/>
		<feat xlink:href="#sSpan2591" value="ⲙⲙⲟⲛ"/>
		<feat xlink:href="#sSpan2595" value="ⲡⲁ"/>
		<feat xlink:href="#sSpan2599" value="ⲡ"/>
		<feat xlink:href="#sSpan2602" value="ⲗⲁⲟⲥ"/>
		<feat xlink:href="#sSpan2605" value="ⲡⲉ"/>
		<feat xlink:href="#sSpan2609" value="·"/>
		<feat xlink:href="#sSpan2613" value="ⲛ"/>
		<feat xlink:href="#sSpan2621" value="ϯ"/>
		<feat xlink:href="#sSpan2624" value="ⲥⲟⲟⲩⲛ"/>
		<feat xlink:href="#sSpan2626" value="ⲁⲛ"/>
		<feat xlink:href="#sSpan2631" value="ⲛ"/>
		<feat xlink:href="#sSpan2635" value="ⲗⲁⲁⲩ"/>
		<feat xlink:href="#sSpan2637" value="·"/>
		<feat xlink:href="#sSpan2641" value="ⲛⲥⲁ"/>
		<feat xlink:href="#sSpan2645" value="ⲡ"/>
		<feat xlink:href="#sSpan2648" value="ⲉⲛⲧ"/>
		<feat xlink:href="#sSpan2650" value="ⲁ"/>
		<feat xlink:href="#sSpan2652" value="ⲡ"/>
		<feat xlink:href="#sSpan2654" value="ϫⲟⲉⲓ̈ⲥ"/>
		<feat xlink:href="#sSpan2656" value="ϫⲟⲟ"/>
		<feat xlink:href="#sSpan2661" value="ϥ"/>
		<feat xlink:href="#sSpan2663" value="·"/>
		<feat xlink:href="#sSpan2667" value="ϫⲉ"/>
		<feat xlink:href="#sSpan2671" value="ⲡⲁ"/>
		<feat xlink:href="#sSpan2673" value="ⲛ"/>
		<feat xlink:href="#sSpan2676" value="ⲉⲛⲧ"/>
		<feat xlink:href="#sSpan2678" value="ⲁ"/>
		<feat xlink:href="#sSpan2680" value="ⲩ"/>
		<feat xlink:href="#sSpan2682" value="ⲥⲃⲧⲱⲧ"/>
		<feat xlink:href="#sSpan2685" value="ϥ"/>
		<feat xlink:href="#sSpan2687" value="ⲛⲁ"/>
		<feat xlink:href="#sSpan2691" value="ⲩ"/>
		<feat xlink:href="#sSpan2693" value="ⲡⲉ"/>
		<feat xlink:href="#sSpan2697" value="ⲉⲃⲟⲗ"/>
		<feat xlink:href="#sSpan2701" value="ϩⲉⲓ̈ⲧⲙ"/>
		<feat xlink:href="#sSpan2706" value="ⲡⲁ"/>
		<feat xlink:href="#sSpan2708" value="ⲉⲓ̈ⲱⲧ"/>
		<feat xlink:href="#sSpan2710" value="·"/>
		<feat xlink:href="#sSpan2714" value="ϩⲛ"/>
		<feat xlink:href="#sSpan2719" value="ⲛⲉⲩ"/>
		<feat xlink:href="#sSpan2721" value="ϩⲓ̈ⲥⲉ"/>
		<feat xlink:href="#sSpan2723" value="·"/>
		<feat xlink:href="#sSpan2727" value="ⲙⲛ"/>
		<feat xlink:href="#sSpan2731" value="ⲛⲉⲩ"/>
		<feat xlink:href="#sSpan2735" value="ⲡⲣⲁⲝⲓ̈ⲥ"/>
		<feat xlink:href="#sSpan2737" value="ⲉ"/>
		<feat xlink:href="#sSpan2741" value="ⲛ"/>
		<feat xlink:href="#sSpan2744" value="ⲁⲅⲁⲑⲟⲛ"/>
		<feat xlink:href="#sSpan2747" value="·"/>
		<feat xlink:href="#sSpan2751" value="ⲁⲩⲱ"/>
		<feat xlink:href="#sSpan2755" value="ϩⲉⲛ"/>
		<feat xlink:href="#sSpan2760" value="ϩⲉⲛ"/>
		<feat xlink:href="#sSpan2763" value="ⲧⲟⲡⲟⲥ"/>
		<feat xlink:href="#sSpan2765" value="ⲁⲛ"/>
		<feat xlink:href="#sSpan2770" value="ⲛⲧⲟϥ"/>
		<feat xlink:href="#sSpan2774" value="·"/>
		<feat xlink:href="#sSpan2779" value="ⲏ"/>
		<feat xlink:href="#sSpan2783" value="ⲟⲩ"/>
		<feat xlink:href="#sSpan2787" value="ⲣⲁⲛ"/>
		<feat xlink:href="#sSpan2790" value="·"/>
		<feat xlink:href="#sSpan2795" value="ⲏ"/>
		<feat xlink:href="#sSpan2799" value="ⲟⲩ"/>
		<feat xlink:href="#sSpan2804" value="ⲥⲭⲏⲙⲁ"/>
		<feat xlink:href="#sSpan2807" value="·"/>
		<feat xlink:href="#sSpan2811" value="ⲛⲁⲓ̈"/>
		<feat xlink:href="#sSpan2818" value="ⲛ"/>
		<feat xlink:href="#sSpan2822" value="ⲥⲉ"/>
		<feat xlink:href="#sSpan2824" value="ⲛⲁ"/>
		<feat xlink:href="#sSpan2827" value="ϯϩⲏⲩ"/>
		<feat xlink:href="#sSpan2831" value="ⲁⲛ"/>
		<feat xlink:href="#sSpan2835" value="ⲙ"/>
		<feat xlink:href="#sSpan2839" value="ⲡ"/>
		<feat xlink:href="#sSpan2841" value="ⲣⲱⲙⲉ"/>
		<feat xlink:href="#sSpan2843" value="ⲁϫⲛ"/>
		<feat xlink:href="#sSpan2848" value="ⲛⲉ"/>
		<feat xlink:href="#sSpan2851" value="ⲡⲣⲁⲝⲓ̈ⲥ"/>
		<feat xlink:href="#sSpan2853" value="·"/>
		<feat xlink:href="#sSpan2858" value="ⲁ"/>
		<feat xlink:href="#sSpan2867" value="ⲓ"/>
		<feat xlink:href="#sSpan2869" value="ϫⲟⲟ"/>
		<feat xlink:href="#sSpan2871" value="ⲥ"/>
		<feat xlink:href="#sSpan2873" value="ⲛ"/>
		<feat xlink:href="#sSpan2878" value="ⲕⲁⲓ̈"/>
		<feat xlink:href="#sSpan2880" value="ⲥⲟⲡ"/>
		<feat xlink:href="#sSpan2882" value="ϫⲉ"/>
		<feat xlink:href="#sSpan2887" value="ⲁ"/>
		<feat xlink:href="#sSpan2889" value="ⲛ"/>
		<feat xlink:href="#sSpan2892" value="ⲧⲉⲓ̈ⲥⲟⲉⲓⲧ"/>
		<feat xlink:href="#sSpan2895" value="."/>
		<feat xlink:href="#sSpan2899" value="ϩⲟⲓ̈"/>
		<feat xlink:href="#sSpan2904" value="ϫⲉ"/>
		<feat xlink:href="#sSpan2908" value="ⲁ"/>
		<feat xlink:href="#sSpan2910" value="ⲩ"/>
		<feat xlink:href="#sSpan2913" value="ϩⲉ"/>
		<feat xlink:href="#sSpan2915" value="ⲉϩⲣⲁⲓ̈"/>
		<feat xlink:href="#sSpan2919" value="ⲉϫⲙ"/>
		<feat xlink:href="#sSpan2924" value="ⲡⲉ"/>
		<feat xlink:href="#sSpan2927" value="ⲑⲏⲁⲥⲧⲏⲣⲓ̈ⲟⲛ"/>
		<feat xlink:href="#sSpan2930" value="ⲉⲧⲃⲉ"/>
		<feat xlink:href="#sSpan2934" value="ⲡ"/>
		<feat xlink:href="#sSpan2938" value="ϯϩⲉ"/>
		<feat xlink:href="#sSpan2940" value="·"/>
		<feat xlink:href="#sSpan2944" value="ⲁⲩⲱ"/>
		<feat xlink:href="#sSpan2949" value="ⲡ"/>
		<feat xlink:href="#sSpan2953" value="ⲗⲓ̈ⲃⲉ"/>
		<feat xlink:href="#sSpan2955" value="ⲙ"/>
		<feat xlink:href="#sSpan2959" value="ⲡ"/>
		<feat xlink:href="#sSpan2962" value="ⲏⲣⲡ"/>
		<feat xlink:href="#sSpan2964" value="·"/>
		<feat xlink:href="#sSpan2968" value="ⲁⲩⲱ"/>
		<feat xlink:href="#sSpan2972" value="ϫⲉ"/>
		<feat xlink:href="#sSpan2976" value="ⲁ"/>
		<feat xlink:href="#sSpan2978" value="ⲟⲩ"/>
		<feat xlink:href="#sSpan2981" value="ϣⲱⲡⲉ"/>
		<feat xlink:href="#sSpan2983" value="ⲙⲙⲟ"/>
		<feat xlink:href="#sSpan2987" value="ⲟⲩ"/>
		<feat xlink:href="#sSpan2990" value="ⲉ"/>
		<feat xlink:href="#sSpan2994" value="ⲩ"/>
		<feat xlink:href="#sSpan2996" value="ⲣⲁϩⲧ"/>
		<feat xlink:href="#sSpan2998" value="ⲉϩⲣⲁⲓ̈"/>
		<feat xlink:href="#sSpan3002" value="ϩⲙ"/>
		<feat xlink:href="#sSpan3009" value="ⲡ"/>
		<feat xlink:href="#sSpan3011" value="ⲙⲁ"/>
		<feat xlink:href="#sSpan3013" value="ⲉⲧ"/>
		<feat xlink:href="#sSpan3017" value="ⲙⲙⲁⲩ"/>
		<feat xlink:href="#sSpan3019" value="ϣⲗⲟϥ"/>
		<feat xlink:href="#sSpan3027" value="ⲡⲉ"/>
		<feat xlink:href="#sSpan3031" value="ϫⲟⲟ"/>
		<feat xlink:href="#sSpan3035" value="ⲩ"/>
		<feat xlink:href="#sSpan3037" value="ϣⲓ̈ⲡⲉ"/>
		<feat xlink:href="#sSpan3042" value="ⲡⲉ"/>
		<feat xlink:href="#sSpan3046" value="ⲥⲱⲧⲙ"/>
		<feat xlink:href="#sSpan3050" value="ⲉⲣⲟ"/>
		<feat xlink:href="#sSpan3055" value="ⲟⲩ"/>
		<feat xlink:href="#sSpan3057" value="·"/>
		<feat xlink:href="#sSpan3062" value="ϩⲉⲛ"/>
		<feat xlink:href="#sSpan3070" value="ⲕⲟⲟⲩⲉ"/>
		<feat xlink:href="#sSpan3072" value="ⲉ"/>
		<feat xlink:href="#sSpan3076" value="ⲩ"/>
		<feat xlink:href="#sSpan3078" value="ⲧⲁϩⲟ"/>
		<feat xlink:href="#sSpan3080" value="ⲙⲙⲟ"/>
		<feat xlink:href="#sSpan3085" value="ⲟⲩ"/>
		<feat xlink:href="#sSpan3087" value="ⲉ"/>
		<feat xlink:href="#sSpan3091" value="ⲩ"/>
		<feat xlink:href="#sSpan3094" value="ⲟⲩⲱⲧⲃ"/>
		<feat xlink:href="#sSpan3096" value="ⲉϩⲟⲩⲛ"/>
		<feat xlink:href="#sSpan3101" value="ⲉ"/>
		<feat xlink:href="#sSpan3105" value="ⲛ"/>
		<feat xlink:href="#sSpan3107" value="ⲏⲓ̈"/>
		<feat xlink:href="#sSpan3109" value="·"/>
		<feat xlink:href="#sSpan3113" value="ⲁⲩⲱ"/>
		<feat xlink:href="#sSpan3117" value="ⲛ"/>
		<feat xlink:href="#sSpan3123" value="ⲧⲟⲡⲟⲥ"/>
		<feat xlink:href="#sSpan3125" value="ⲉⲛ"/>
		<feat xlink:href="#sSpan3129" value="ⲉⲛ"/>
		<feat xlink:href="#sSpan3131" value="ⲱⲙⲉ"/>
		<feat xlink:href="#sSpan3133" value="·"/>
		<feat xlink:href="#sSpan3137" value="ⲉ"/>
		<feat xlink:href="#sSpan3141" value="ⲩ"/>
		<feat xlink:href="#sSpan3143" value="ϫⲉⲓ̈ⲟⲩⲉ"/>
		<feat xlink:href="#sSpan3145" value="ⲁⲩⲱ"/>
		<feat xlink:href="#sSpan3150" value="ⲉ"/>
		<feat xlink:href="#sSpan3154" value="ⲩ"/>
		<feat xlink:href="#sSpan3156" value="ϫⲱ"/>
		<feat xlink:href="#sSpan3158" value="ⲛ"/>
		<feat xlink:href="#sSpan3162" value="ϩⲉⲛ"/>
		<feat xlink:href="#sSpan3164" value="ⲕⲉ"/>
		<feat xlink:href="#sSpan3167" value="ϣⲁϫⲉ"/>
		<feat xlink:href="#sSpan3169" value="ⲉ"/>
		<feat xlink:href="#sSpan3173" value="ⲛ"/>
		<feat xlink:href="#sSpan3176" value="ⲁⲣⲅⲟⲛ"/>
		<feat xlink:href="#sSpan3178" value="·"/>
		<feat xlink:href="#sSpan3182" value="ⲙⲛ"/>
		<feat xlink:href="#sSpan3187" value="ϩⲉⲛ"/>
		<feat xlink:href="#sSpan3189" value="ⲟⲩⲁ"/>
		<feat xlink:href="#sSpan3191" value="·"/>
		<feat xlink:href="#sSpan3196" value="ⲉϣϫⲉ"/>
		<feat xlink:href="#sSpan3205" value="ⲡ"/>
		<feat xlink:href="#sSpan3207" value="ⲟⲩⲏⲏⲃ"/>
		<feat xlink:href="#sSpan3209" value="ⲛⲁ"/>
		<feat xlink:href="#sSpan3214" value="ⲣϩⲉ"/>
		<feat xlink:href="#sSpan3218" value="ⲛ"/>
		<feat xlink:href="#sSpan3222" value="ϩⲃⲏⲩⲉ"/>
		<feat xlink:href="#sSpan3224" value="ⲁⲛ"/>
		<feat xlink:href="#sSpan3228" value="ⲉ"/>
		<feat xlink:href="#sSpan3233" value="ⲩ"/>
		<feat xlink:href="#sSpan3236" value="ⲣⲁⲛⲁ"/>
		<feat xlink:href="#sSpan3239" value="ϥ"/>
		<feat xlink:href="#sSpan3241" value="ⲙ"/>
		<feat xlink:href="#sSpan3245" value="ⲡ"/>
		<feat xlink:href="#sSpan3247" value="ⲛⲟⲩⲧⲉ"/>
		<feat xlink:href="#sSpan3250" value="·"/>
		<feat xlink:href="#sSpan3254" value="ⲁⲩⲱ"/>
		<feat xlink:href="#sSpan3258" value="ⲉ"/>
		<feat xlink:href="#sSpan3262" value="ⲩ"/>
		<feat xlink:href="#sSpan3264" value="ⲥⲟⲧⲡ"/>
		<feat xlink:href="#sSpan3266" value="·"/>
		<feat xlink:href="#sSpan3270" value="ⲛⲁⲛⲟⲩ"/>
		<feat xlink:href="#sSpan3275" value="ⲟⲩ"/>
		<feat xlink:href="#sSpan3277" value="·"/>
		<feat xlink:href="#sSpan3281" value="ⲁⲩⲱ"/>
		<feat xlink:href="#sSpan3285" value="ⲛ"/>
		<feat xlink:href="#sSpan3289" value="ⲧⲉⲗⲓ̈ⲟⲛ"/>
		<feat xlink:href="#sSpan3292" value="·"/>
		<feat xlink:href="#sSpan3296" value="ⲉ"/>
		<feat xlink:href="#sSpan3300" value="ⲩ"/>
		<feat xlink:href="#sSpan3302" value="ⲟⲩⲁⲁⲃ"/>
		<feat xlink:href="#sSpan3304" value="ⲛⲓ̈ⲙ"/>
		<feat xlink:href="#sSpan3309" value="ⲡ"/>
		<feat xlink:href="#sSpan3313" value="ⲉⲧ"/>
		<feat xlink:href="#sSpan3315" value="ⲛⲁ"/>
		<feat xlink:href="#sSpan3317" value="ⲁ"/>
		<feat xlink:href="#sSpan3319" value="ⲩ"/>
		<feat xlink:href="#sSpan3321" value="·"/>
		<feat xlink:href="#sSpan3327" value="ⲁⲗⲗⲁ"/>
		<feat xlink:href="#sSpan3335" value="ⲛ"/>
		<feat xlink:href="#sSpan3339" value="ⲁϣ"/>
		<feat xlink:href="#sSpan3341" value="ⲉ"/>
		<feat xlink:href="#sSpan3345" value="ⲛ"/>
		<feat xlink:href="#sSpan3347" value="ⲉⲧ"/>
		<feat xlink:href="#sSpan3349" value="ⲉⲓⲣⲉ"/>
		<feat xlink:href="#sSpan3352" value="ϭⲉ"/>
		<feat xlink:href="#sSpan3356" value="ⲙ"/>
		<feat xlink:href="#sSpan3360" value="ⲡⲉϥ"/>
		<feat xlink:href="#sSpan3362" value="ⲟⲩⲱϣ"/>
		<feat xlink:href="#sSpan3364" value="ϩⲛ"/>
		<feat xlink:href="#sSpan3369" value="ⲧⲃⲃⲟ"/>
		<feat xlink:href="#sSpan3371" value="ⲛⲓ̈ⲙ"/>
		<feat xlink:href="#sSpan3375" value="ⲉⲩⲱ"/>
		<feat xlink:href="#sSpan3379" value="ϩⲛ"/>
		<feat xlink:href="#sSpan3384" value="ⲙⲉ"/>
		<feat xlink:href="#sSpan3386" value="ⲛⲓ̈ⲙ"/>
		<feat xlink:href="#sSpan3390" value="·"/>
		<feat xlink:href="#sSpan3394" value="ⲉ"/>
		<feat xlink:href="#sSpan3398" value="ⲟⲩ"/>
		<feat xlink:href="#sSpan3400" value="ϣⲓ̈ⲡⲉ"/>
		<feat xlink:href="#sSpan3403" value="ⲛⲁ"/>
		<feat xlink:href="#sSpan3407" value="ⲛ"/>
		<feat xlink:href="#sSpan3409" value="·"/>
		<feat xlink:href="#sSpan3414" value="ⲛⲉ"/>
		<feat xlink:href="#sSpan3423" value="ⲅⲣⲁⲫⲏ"/>
		<feat xlink:href="#sSpan3425" value="ⲛⲧⲟⲟⲩ"/>
		<feat xlink:href="#sSpan3431" value="ⲡⲁⲣⲁⲅⲅⲉⲓⲗⲉ"/>
		<feat xlink:href="#sSpan3435" value="ⲉ"/>
		<feat xlink:href="#sSpan3441" value="ⲧⲣⲉ"/>
		<feat xlink:href="#sSpan3443" value="ⲡ"/>
		<feat xlink:href="#sSpan3446" value="ⲗⲁⲟⲥ"/>
		<feat xlink:href="#sSpan3448" value="ⲉⲓ̈ⲛⲉ"/>
		<feat xlink:href="#sSpan3452" value="ⲛⲁ"/>
		<feat xlink:href="#sSpan3457" value="ⲛ"/>
		<feat xlink:href="#sSpan3459" value="ⲉϩⲟⲩⲛ"/>
		<feat xlink:href="#sSpan3463" value="ⲛ"/>
		<feat xlink:href="#sSpan3467" value="ϩⲉⲛ"/>
		<feat xlink:href="#sSpan3469" value="ϩⲛⲁⲁⲩ"/>
		<feat xlink:href="#sSpan3472" value="ⲛⲁⲛⲟⲩ"/>
		<feat xlink:href="#sSpan3476" value="ⲟⲩ"/>
		<feat xlink:href="#sSpan3478" value="ⲉⲧⲉ"/>
		<feat xlink:href="#sSpan3483" value="ⲙⲛ"/>
		<feat xlink:href="#sSpan3485" value="ⲗⲁⲁⲩ"/>
		<feat xlink:href="#sSpan3487" value="ⲛ"/>
		<feat xlink:href="#sSpan3491" value="ϫⲱϩⲙ"/>
		<feat xlink:href="#sSpan3494" value="ⲛϩⲏⲧ"/>
		<feat xlink:href="#sSpan3498" value="ⲟⲩ"/>
		<feat xlink:href="#sSpan3501" value="ⲏ"/>
		<feat xlink:href="#sSpan3506" value="ⲧⲱⲗⲙ"/>
		<feat xlink:href="#sSpan3510" value="·"/>
		<feat xlink:href="#sSpan3515" value="ϩⲛⲁⲁⲩ"/>
		<feat xlink:href="#sSpan3524" value="ⲅⲁⲣ"/>
		<feat xlink:href="#sSpan3528" value="ⲛⲓ̈ⲙ"/>
		<feat xlink:href="#sSpan3532" value="ⲡⲉϫⲁ"/>
		<feat xlink:href="#sSpan3537" value="ϥ"/>
		<feat xlink:href="#sSpan3539" value="ⲉⲧ"/>
		<feat xlink:href="#sSpan3543" value="ⲥⲟⲧⲡ"/>
		<feat xlink:href="#sSpan3545" value="ⲛⲧⲉ"/>
		<feat xlink:href="#sSpan3550" value="ⲧⲏⲩⲧⲛ"/>
		<feat xlink:href="#sSpan3552" value="ⲛ"/>
		<feat xlink:href="#sSpan3557" value="ϣⲣ︤ⲡ︥"/>
		<feat xlink:href="#sSpan3559" value="ⲛ"/>
		<feat xlink:href="#sSpan3563" value="ⲅⲉⲛⲟⲓ̈ⲙⲁ"/>
		<feat xlink:href="#sSpan3566" value="ⲧⲏⲣ"/>
		<feat xlink:href="#sSpan3570" value="ⲟⲩ"/>
		<feat xlink:href="#sSpan3573" value="ⲉⲃⲟⲗ"/>
		<feat xlink:href="#sSpan3577" value="ϩⲛ"/>
		<feat xlink:href="#sSpan3582" value="ⲛ"/>
		<feat xlink:href="#sSpan3584" value="ⲉⲧⲛ"/>
		<feat xlink:href="#sSpan3587" value="ⲁⲡⲁⲣⲭⲏ"/>
		<feat xlink:href="#sSpan3590" value="ⲧⲏⲣ"/>
		<feat xlink:href="#sSpan3594" value="ⲟⲩ"/>
		<feat xlink:href="#sSpan3596" value="·"/>
		<feat xlink:href="#sSpan3600" value="ⲉ"/>
		<feat xlink:href="#sSpan3604" value="ⲩ"/>
		<feat xlink:href="#sSpan3606" value="ⲛⲁ"/>
		<feat xlink:href="#sSpan3609" value="ϣⲱⲡⲉ"/>
		<feat xlink:href="#sSpan3611" value="ⲉ"/>
		<feat xlink:href="#sSpan3615" value="ⲛⲉⲛ"/>
		<feat xlink:href="#sSpan3617" value="ⲟⲩⲏⲏⲃ"/>
		<feat xlink:href="#sSpan3620" value="·"/>
		<feat xlink:href="#sSpan3625" value="ⲁⲩⲱ"/>
		<feat xlink:href="#sSpan3633" value="ⲧⲁ"/>
		<feat xlink:href="#sSpan3637" value="ⲡ"/>
		<feat xlink:href="#sSpan3639" value="ⲁⲣⲭⲏ"/>
		<feat xlink:href="#sSpan3641" value="ⲛ"/>
		<feat xlink:href="#sSpan3644" value="ⲛ"/>
		<feat xlink:href="#sSpan3646" value="ⲉⲧ"/>
		<feat xlink:href="#sSpan3648" value="ⲧⲛ"/>
		<feat xlink:href="#sSpan3650" value="ⲛⲁ"/>
		<feat xlink:href="#sSpan3652" value="ⲟⲩⲟⲙ"/>
		<feat xlink:href="#sSpan3655" value="ⲟⲩ"/>
		<feat xlink:href="#sSpan3657" value="ⲉ"/>
		<feat xlink:href="#sSpan3661" value="ⲧⲉⲧⲛⲉ"/>
		<feat xlink:href="#sSpan3663" value="ⲧⲁⲁ"/>
		<feat xlink:href="#sSpan3666" value="ⲥ"/>
		<feat xlink:href="#sSpan3668" value="ⲉ"/>
		<feat xlink:href="#sSpan3672" value="ⲛⲉⲛ"/>
		<feat xlink:href="#sSpan3674" value="ⲟⲩⲏⲏⲃ"/>
		<feat xlink:href="#sSpan3676" value="ⲉ"/>
		<feat xlink:href="#sSpan3680" value="ⲧⲣⲉ"/>
		<feat xlink:href="#sSpan3683" value="ⲡⲉ"/>
		<feat xlink:href="#sSpan3685" value="ⲥⲙⲟⲩ"/>
		<feat xlink:href="#sSpan3688" value="ⲉⲓ̈"/>
		<feat xlink:href="#sSpan3692" value="ⲉϩⲣⲁⲓ̈"/>
		<feat xlink:href="#sSpan3697" value="ⲉϫⲙ"/>
		<feat xlink:href="#sSpan3701" value="ⲡⲉⲕ"/>
		<feat xlink:href="#sSpan3703" value="ⲏⲓ̈"/>
		<feat xlink:href="#sSpan3705" value="·"/>
		<feat xlink:href="#sSpan3710" value="ⲁⲩⲱ"/>
		<feat xlink:href="#sSpan3718" value="ⲙⲛ"/>
		<feat xlink:href="#sSpan3722" value="ⲗⲁⲁⲩ"/>
		<feat xlink:href="#sSpan3724" value="ⲙⲡ"/>
		<feat xlink:href="#sSpan3729" value="ⲟⲩ"/>
		<feat xlink:href="#sSpan3731" value="ϫⲟⲟ"/>
		<feat xlink:href="#sSpan3733" value="ⲥ"/>
		<feat xlink:href="#sSpan3735" value="ⲉⲧⲃⲏⲏⲧ"/>
		<feat xlink:href="#sSpan3740" value="ϥ"/>
		<feat xlink:href="#sSpan3742" value="ϫⲉ"/>
		<feat xlink:href="#sSpan3746" value="ⲉ"/>
		<feat xlink:href="#sSpan3748" value="ⲩ"/>
		<feat xlink:href="#sSpan3750" value="ⲛⲁ"/>
		<feat xlink:href="#sSpan3752" value="ϫⲉⲓ"/>
		<feat xlink:href="#sSpan3755" value="ⲉⲃⲟⲗ"/>
		<feat xlink:href="#sSpan3759" value="ⲛϩⲏⲧ"/>
		<feat xlink:href="#sSpan3763" value="ϥ"/>
		<feat xlink:href="#sSpan3765" value="ⲛ"/>
		<feat xlink:href="#sSpan3770" value="ϣⲟⲣⲡ"/>
		<feat xlink:href="#sSpan3772" value="ⲛϭⲉⲓ"/>
		<feat xlink:href="#sSpan3776" value="ⲛ"/>
		<feat xlink:href="#sSpan3778" value="ⲟⲩⲏⲏⲃ"/>
		<feat xlink:href="#sSpan3783" value="·"/>
		<feat xlink:href="#sSpan3787" value="ⲧⲛ"/>
		<feat xlink:href="#sSpan3795" value="ⲁⲙⲉⲗⲉⲓ"/>
		<feat xlink:href="#sSpan3800" value="ⲇⲉ"/>
		<feat xlink:href="#sSpan3804" value="ϩⲱⲱ"/>
		<feat xlink:href="#sSpan3808" value="ⲛ"/>
		<feat xlink:href="#sSpan3810" value="ⲉ"/>
		<feat xlink:href="#sSpan3815" value="ⲉⲣ"/>
		<feat xlink:href="#sSpan3817" value="ⲛ"/>
		<feat xlink:href="#sSpan3819" value="ⲉⲧ"/>
		<feat xlink:href="#sSpan3821" value="ⲥⲟⲩⲧⲱⲛ"/>
		<feat xlink:href="#sSpan3823" value="·"/>
		<feat xlink:href="#sSpan3828" value="ⲏ"/>
		<feat xlink:href="#sSpan3836" value="ⲉϣⲱⲡⲉ"/>
		<feat xlink:href="#sSpan3840" value="ⲣⲱⲧⲛ"/>
		<feat xlink:href="#sSpan3845" value="ⲛⲁ"/>
		<feat xlink:href="#sSpan3848" value="ⲉⲣⲃⲟⲗ"/>
		<feat xlink:href="#sSpan3851" value="ⲉ"/>
		<feat xlink:href="#sSpan3855" value="ⲧ"/>
		<feat xlink:href="#sSpan3858" value="ⲁⲡⲉⲓ̈ⲗⲏ"/>
		<feat xlink:href="#sSpan3861" value="ⲛ"/>
		<feat xlink:href="#sSpan3865" value="ⲛⲉⲓ̈"/>
		<feat xlink:href="#sSpan3867" value="ϣⲁϫⲉ"/>
		<feat xlink:href="#sSpan3870" value="·"/>
		<feat xlink:href="#sSpan3874" value="ϫⲉ"/>
		<feat xlink:href="#sSpan3878" value="ⲛ"/>
		<feat xlink:href="#sSpan3880" value="ⲉⲧ"/>
		<feat xlink:href="#sSpan3883" value="ⲃⲱⲧⲉ"/>
		<feat xlink:href="#sSpan3886" value="ⲙ"/>
		<feat xlink:href="#sSpan3890" value="ⲡ"/>
		<feat xlink:href="#sSpan3893" value="ϩⲁⲡ"/>
		<feat xlink:href="#sSpan3895" value="ⲁⲩⲱ"/>
		<feat xlink:href="#sSpan3900" value="ⲛ"/>
		<feat xlink:href="#sSpan3904" value="ⲉⲧ"/>
		<feat xlink:href="#sSpan3906" value="ⲡⲱϣⲥ"/>
		<feat xlink:href="#sSpan3908" value="ⲛ"/>
		<feat xlink:href="#sSpan3913" value="ⲛ"/>
		<feat xlink:href="#sSpan3915" value="ⲉⲧ"/>
		<feat xlink:href="#sSpan3917" value="ⲥⲟⲩⲧⲱⲛ"/>
		<feat xlink:href="#sSpan3919" value="ⲧⲏⲣ"/>
		<feat xlink:href="#sSpan3924" value="ⲟⲩ"/>
		<feat xlink:href="#sSpan3926" value="·"/>
		<feat xlink:href="#sSpan3931" value="ⲛⲓ̈ⲙ"/>
		<feat xlink:href="#sSpan3939" value="ⲛⲉ"/>
		<feat xlink:href="#sSpan3943" value="ⲛⲁⲓ̈"/>
		<feat xlink:href="#sSpan3947" value="ⲉⲣⲉ"/>
		<feat xlink:href="#sSpan3951" value="ⲧⲉⲓ̈"/>
		<feat xlink:href="#sSpan3953" value="ⲥⲙⲏ"/>
		<feat xlink:href="#sSpan3956" value="ϫⲱ"/>
		<feat xlink:href="#sSpan3960" value="ⲙⲙⲟ"/>
		<feat xlink:href="#sSpan3964" value="ⲥ"/>
		<feat xlink:href="#sSpan3966" value="ⲉⲣⲟ"/>
		<feat xlink:href="#sSpan3971" value="ⲟⲩ"/>
		<feat xlink:href="#sSpan3973" value="·"/>
		<feat xlink:href="#sSpan3977" value="ϫⲉ"/>
		<feat xlink:href="#sSpan3981" value="ⲁ"/>
		<feat xlink:href="#sSpan3983" value="ⲡ"/>
		<feat xlink:href="#sSpan3986" value="ⲛⲟⲩⲧⲉ"/>
		<feat xlink:href="#sSpan3990" value="ⲁϩⲉⲣⲁⲧ"/>
		<feat xlink:href="#sSpan3995" value="ϥ"/>
		<feat xlink:href="#sSpan3997" value="ϩⲛ"/>
		<feat xlink:href="#sSpan4002" value="ⲧ"/>
		<feat xlink:href="#sSpan4005" value="ⲥⲩⲛⲁⲅⲱⲅⲏ"/>
		<feat xlink:href="#sSpan4008" value="ⲉ"/>
		<feat xlink:href="#sSpan4012" value="ⲛⲉⲛ"/>
		<feat xlink:href="#sSpan4014" value="ⲛⲟⲩⲧⲉ"/>
		<feat xlink:href="#sSpan4016" value="ⲉ"/>
		<feat xlink:href="#sSpan4021" value="ϥ"/>
		<feat xlink:href="#sSpan4023" value="ϩⲛ"/>
		<feat xlink:href="#sSpan4025" value="ⲧ"/>
		<feat xlink:href="#sSpan4027" value="ⲙⲏⲧⲉ"/>
		<feat xlink:href="#sSpan4030" value="ⲇⲉ"/>
		<feat xlink:href="#sSpan4035" value="ϥ"/>
		<feat xlink:href="#sSpan4039" value="ⲛⲁ"/>
		<feat xlink:href="#sSpan4041" value="ϫⲛⲉ"/>
		<feat xlink:href="#sSpan4043" value="ⲛ"/>
		<feat xlink:href="#sSpan4047" value="ⲛⲟⲩⲧⲉ"/>
		<feat xlink:href="#sSpan4050" value="·"/>
		<feat xlink:href="#sSpan4054" value="ϫⲉ"/>
		<feat xlink:href="#sSpan4058" value="ϣⲁⲧ"/>
		<feat xlink:href="#sSpan4060" value="ⲛⲁ"/>
		<feat xlink:href="#sSpan4064" value="ⲧⲉⲧⲉⲛ"/>
		<feat xlink:href="#sSpan4067" value="ϫⲉⲓ̈"/>
		<feat xlink:href="#sSpan4069" value="ⲛⲉ"/>
		<feat xlink:href="#sSpan4073" value="ⲙ"/>
		<feat xlink:href="#sSpan4077" value="ⲡ"/>
		<feat xlink:href="#sSpan4080" value="ϫⲓ̈ⲛϭⲟⲛⲥ"/>
		<feat xlink:href="#sSpan4085" value="ⲧⲉⲧⲉⲛ"/>
		<feat xlink:href="#sSpan4090" value="ϫⲉⲓ̈"/>
		<feat xlink:href="#sSpan4092" value="ⲙ"/>
		<feat xlink:href="#sSpan4096" value="ⲡ"/>
		<feat xlink:href="#sSpan4098" value="ϩⲟⲛⲉ"/>
		<feat xlink:href="#sSpan4101" value="ⲛ"/>
		<feat xlink:href="#sSpan4106" value="ⲣⲉϥⲣⲛⲟⲃⲉ"/>
		<feat xlink:href="#sSpan4110" value="·"/>
		<feat xlink:href="#sSpan4115" value="ⲉⲓ̈ⲙⲏⲧⲉⲓ"/>
		<feat xlink:href="#sSpan4121" value="ⲟⲩⲟⲛ"/>
		<feat xlink:href="#sSpan4125" value="ⲛⲓ̈ⲙ"/>
		<feat xlink:href="#sSpan4130" value="ⲉⲧ"/>
		<feat xlink:href="#sSpan4134" value="ϩⲛ"/>
		<feat xlink:href="#sSpan4136" value="ⲙ"/>
		<feat xlink:href="#sSpan4141" value="ⲙⲛⲧⲛⲟϭ"/>
		<feat xlink:href="#sSpan4146" value="ⲙ"/>
		<feat xlink:href="#sSpan4150" value="ⲡ"/>
		<feat xlink:href="#sSpan4152" value="ⲛⲟⲩⲧⲉ"/>
		<feat xlink:href="#sSpan4154" value="·"/>
		<feat xlink:href="#sSpan4158" value="ⲡ"/>
		<feat xlink:href="#sSpan4163" value="ⲟⲩⲁ"/>
		<feat xlink:href="#sSpan4165" value="ⲡ"/>
		<feat xlink:href="#sSpan4169" value="ⲟⲩⲁ"/>
		<feat xlink:href="#sSpan4172" value="ⲕⲁⲧⲁ"/>
		<feat xlink:href="#sSpan4176" value="ⲧⲉϥ"/>
		<feat xlink:href="#sSpan4179" value="ⲙⲉⲓ̈ⲛⲉ"/>
		<feat xlink:href="#sSpan4181" value="·"/>
		<feat xlink:href="#sSpan4186" value="ϩⲉⲛ"/>
		<feat xlink:href="#sSpan4194" value="ⲣⲱⲙⲉ"/>
		<feat xlink:href="#sSpan4196" value="ⲉ"/>
		<feat xlink:href="#sSpan4200" value="ⲩ"/>
		<feat xlink:href="#sSpan4202" value="ⲙⲟⲩⲧⲉ"/>
		<feat xlink:href="#sSpan4205" value="ⲣⲟ"/>
		<feat xlink:href="#sSpan4209" value="ⲟⲩ"/>
		<feat xlink:href="#sSpan4211" value="ϭⲉ"/>
		<feat xlink:href="#sSpan4215" value="ϫⲉ"/>
		<feat xlink:href="#sSpan4219" value="ⲛⲟⲩⲧⲉ"/>
		<feat xlink:href="#sSpan4222" value="·"/>
		<feat xlink:href="#sSpan4226" value="ⲉϣϣⲉ"/>
		<feat xlink:href="#sSpan4230" value="ⲉ"/>
		<feat xlink:href="#sSpan4234" value="ⲧⲣⲉ"/>
		<feat xlink:href="#sSpan4236" value="ⲩ"/>
		<feat xlink:href="#sSpan4238" value="ⲣ"/>
		<feat xlink:href="#sSpan4241" value="ϩⲉⲛ"/>
		<feat xlink:href="#sSpan4243" value="ϩⲃⲏⲩⲉ"/>
		<feat xlink:href="#sSpan4245" value="ⲉ"/>
		<feat xlink:href="#sSpan4249" value="ⲩ"/>
		<feat xlink:href="#sSpan4251" value="ⲧⲟⲟⲙⲉ"/>
		<feat xlink:href="#sSpan4254" value="ⲉ"/>
		<feat xlink:href="#sSpan4258" value="ⲡ"/>
		<feat xlink:href="#sSpan4260" value="ⲣⲁⲛ"/>
		<feat xlink:href="#sSpan4262" value="ⲛ"/>
		<feat xlink:href="#sSpan4266" value="ⲙ"/>
		<feat xlink:href="#sSpan4269" value="ⲙⲛⲧⲛⲟϭ"/>
		<feat xlink:href="#sSpan4273" value="ⲙ"/>
		<feat xlink:href="#sSpan4277" value="ⲡ"/>
		<feat xlink:href="#sSpan4279" value="ⲉⲛⲧ"/>
		<feat xlink:href="#sSpan4282" value="ⲁ"/>
		<feat xlink:href="#sSpan4284" value="ϥ"/>
		<feat xlink:href="#sSpan4286" value="ϫⲟⲟ"/>
		<feat xlink:href="#sSpan4288" value="ⲥ"/>
		<feat xlink:href="#sSpan4290" value="·"/>
		<feat xlink:href="#sSpan4294" value="ϫⲉ"/>
		<feat xlink:href="#sSpan4302" value="ⲁⲛⲟⲕ"/>
		<feat xlink:href="#sSpan4305" value="ⲁ"/>
		<feat xlink:href="#sSpan4309" value="ⲓ̈"/>
		<feat xlink:href="#sSpan4311" value="ϫⲟⲟ"/>
		<feat xlink:href="#sSpan4313" value="ⲥ"/>
		<feat xlink:href="#sSpan4315" value="ϫⲉ"/>
		<feat xlink:href="#sSpan4319" value="ⲛⲧⲉⲧⲛ"/>
		<feat xlink:href="#sSpan4322" value="ϩⲉⲛ"/>
		<feat xlink:href="#sSpan4326" value="ⲛⲟⲩⲧⲉ"/>
		<feat xlink:href="#sSpan4329" value="ⲛⲧⲉⲧⲛ"/>
		<feat xlink:href="#sSpan4333" value="ⲛ"/>
		<feat xlink:href="#sSpan4337" value="ϣⲏⲣⲉ"/>
		<feat xlink:href="#sSpan4340" value="ⲙ"/>
		<feat xlink:href="#sSpan4344" value="ⲡ"/>
		<feat xlink:href="#sSpan4346" value="ⲉⲧ"/>
		<feat xlink:href="#sSpan4348" value="ϫⲟⲥⲉ"/>
		<feat xlink:href="#sSpan4351" value="ⲧⲏⲣ"/>
		<feat xlink:href="#sSpan4355" value="ⲧⲛ"/>
		<feat xlink:href="#sSpan4359" value="ⲙⲏⲡⲟⲧⲉ"/>
		<feat xlink:href="#sSpan4364" value="ⲉⲧⲃⲉ"/>
		<feat xlink:href="#sSpan4368" value="ⲧ"/>
		<feat xlink:href="#sSpan4374" value="ⲙⲛⲧⲣⲉϥⲕⲁⲧⲁⲫⲣⲟⲛⲉⲓ̈"/>
		<feat xlink:href="#sSpan4380" value="ⲛ"/>
		<feat xlink:href="#sSpan4387" value="ϥ"/>
		<feat xlink:href="#sSpan4389" value="ϫⲟⲟ"/>
		<feat xlink:href="#sSpan4392" value="ⲥ"/>
		<feat xlink:href="#sSpan4394" value="ϫⲉ"/>
		<feat xlink:href="#sSpan4399" value="ⲉⲓ̈ⲥ"/>
		<feat xlink:href="#sSpan4401" value="ϩⲏⲏⲧⲉ"/>
		<feat xlink:href="#sSpan4403" value="ⲧⲉⲧ"/>
		<feat xlink:href="#sSpan4408" value="ⲛⲁ"/>
		<feat xlink:href="#sSpan4410" value="ⲙⲟⲩ"/>
		<feat xlink:href="#sSpan4412" value="ⲛ"/>
		<feat xlink:href="#sSpan4416" value="ⲑ"/>
		<feat xlink:href="#sSpan4418" value="ⲉ"/>
		<feat xlink:href="#sSpan4420" value="ⲛ"/>
		<feat xlink:href="#sSpan4425" value="ⲛ"/>
		<feat xlink:href="#sSpan4427" value="ⲣⲱⲙⲉ"/>
		<feat xlink:href="#sSpan4429" value="·"/>
		<feat xlink:href="#sSpan4433" value="ⲁⲩⲱ"/>
		<feat xlink:href="#sSpan4440" value="ⲧⲉⲧ"/>
		<feat xlink:href="#sSpan4445" value="ⲛⲁ"/>
		<feat xlink:href="#sSpan4447" value="ϩⲉ"/>
		<feat xlink:href="#sSpan4449" value="ⲛ"/>
		<feat xlink:href="#sSpan4453" value="ⲑ"/>
		<feat xlink:href="#sSpan4455" value="ⲉ"/>
		<feat xlink:href="#sSpan4457" value="ⲟⲩⲁ"/>
		<feat xlink:href="#sSpan4461" value="ⲛ"/>
		<feat xlink:href="#sSpan4466" value="ⲛ"/>
		<feat xlink:href="#sSpan4469" value="ⲁⲣⲭⲱⲛ"/>
		<feat xlink:href="#sSpan4471" value="·"/>
		<feat xlink:href="#sSpan4476" value="ⲉ"/>
		<feat xlink:href="#sSpan4481" value="ϥ"/>
		<feat xlink:href="#sSpan4483" value="ϫⲱ"/>
		<feat xlink:href="#sSpan4485" value="ⲙⲙⲟ"/>
		<feat xlink:href="#sSpan4489" value="ⲥ"/>
		<feat xlink:href="#sSpan4491" value="ϫⲉ"/>
		<feat xlink:href="#sSpan4495" value="ⲧⲉⲧ"/>
		<feat xlink:href="#sSpan4498" value="ⲛⲁ"/>
		<feat xlink:href="#sSpan4500" value="ϩⲉ"/>
		<feat xlink:href="#sSpan4502" value="ⲛ"/>
		<feat xlink:href="#sSpan4506" value="ⲑ"/>
		<feat xlink:href="#sSpan4508" value="ⲉ"/>
		<feat xlink:href="#sSpan4510" value="ⲛ"/>
		<feat xlink:href="#sSpan4515" value="ⲟⲩⲁ"/>
		<feat xlink:href="#sSpan4517" value="ⲛ"/>
		<feat xlink:href="#sSpan4521" value="ⲛ"/>
		<feat xlink:href="#sSpan4524" value="ϩⲉⲗⲗⲏⲛ"/>
		<feat xlink:href="#sSpan4527" value="ⲏ"/>
		<feat xlink:href="#sSpan4534" value="ⲧⲉⲧ"/>
		<feat xlink:href="#sSpan4538" value="ⲛⲁ"/>
		<feat xlink:href="#sSpan4540" value="ⲙⲟⲩ"/>
		<feat xlink:href="#sSpan4542" value="ⲛ"/>
		<feat xlink:href="#sSpan4546" value="ⲑ"/>
		<feat xlink:href="#sSpan4548" value="ⲉ"/>
		<feat xlink:href="#sSpan4551" value="ⲛ"/>
		<feat xlink:href="#sSpan4555" value="ⲉⲛ"/>
		<feat xlink:href="#sSpan4558" value="ϩⲉⲗⲗⲏⲛ"/>
		<feat xlink:href="#sSpan4560" value="·"/>
		<feat xlink:href="#sSpan4564" value="ⲙⲛ"/>
		<feat xlink:href="#sSpan4570" value="ϩⲁⲓ̈ⲣⲁⲓ̈ⲇⲉⲓ̈ⲕⲟⲥ"/>
		<feat xlink:href="#sSpan4573" value="ⲛⲓ̈ⲙ"/>
		<feat xlink:href="#sSpan4577" value="·"/>
		<feat xlink:href="#sSpan4583" value="ⲏ"/>
		<feat xlink:href="#sSpan4592" value="ⲡⲁⲓ̈"/>
		<feat xlink:href="#sSpan4596" value="ⲟⲩⲟⲛϩ"/>
		<feat xlink:href="#sSpan4600" value="ⲉⲃⲟⲗ"/>
		<feat xlink:href="#sSpan4604" value="·"/>
		<feat xlink:href="#sSpan4608" value="ⲁⲛ"/>
		<feat xlink:href="#sSpan4613" value="ϩⲛ"/>
		<feat xlink:href="#sSpan4617" value="ⲛⲉ"/>
		<feat xlink:href="#sSpan4620" value="ⲅⲣⲁⲫⲏ"/>
		<feat xlink:href="#sSpan4622" value="·"/>
		<feat xlink:href="#sSpan4626" value="ϫⲉ"/>
		<feat xlink:href="#sSpan4631" value="ⲛⲧⲉⲣⲉ"/>
		<feat xlink:href="#sSpan4633" value="ϩⲁϩ"/>
		<feat xlink:href="#sSpan4635" value="ϩⲛ"/>
		<feat xlink:href="#sSpan4640" value="ⲛ"/>
		<feat xlink:href="#sSpan4642" value="ⲉⲧ"/>
		<feat xlink:href="#sSpan4644" value="ϩⲛ"/>
		<feat xlink:href="#sSpan4646" value="ⲙ"/>
		<feat xlink:href="#sSpan4649" value="ⲙⲛⲧⲛⲟϭ"/>
		<feat xlink:href="#sSpan4653" value="ⲙ"/>
		<feat xlink:href="#sSpan4657" value="ⲡ"/>
		<feat xlink:href="#sSpan4659" value="ⲛⲟⲩⲧⲉ"/>
		<feat xlink:href="#sSpan4661" value="ⲕⲧⲉ"/>
		<feat xlink:href="#sSpan4666" value="ⲡ"/>
		<feat xlink:href="#sSpan4668" value="ϩⲁⲡ"/>
		<feat xlink:href="#sSpan4670" value="ⲉ"/>
		<feat xlink:href="#sSpan4674" value="ⲩ"/>
		<feat xlink:href="#sSpan4677" value="ⲭⲟⲗⲏ"/>
		<feat xlink:href="#sSpan4680" value="·"/>
		<feat xlink:href="#sSpan4684" value="ⲁⲩⲱ"/>
		<feat xlink:href="#sSpan4691" value="ⲡ"/>
		<feat xlink:href="#sSpan4696" value="ⲕⲁⲣⲡⲟⲥ"/>
		<feat xlink:href="#sSpan4699" value="ⲛ"/>
		<feat xlink:href="#sSpan4703" value="ⲧ"/>
		<feat xlink:href="#sSpan4706" value="ⲇⲓ̈ⲕⲁⲓⲟⲥⲩⲛⲏ"/>
		<feat xlink:href="#sSpan4709" value="ⲉ"/>
		<feat xlink:href="#sSpan4713" value="ⲩ"/>
		<feat xlink:href="#sSpan4715" value="ⲥⲓ̈ϣⲉ"/>
		<feat xlink:href="#sSpan4717" value="·"/>
		<feat xlink:href="#sSpan4721" value="ⲁ"/>
		<feat xlink:href="#sSpan4725" value="ⲩ"/>
		<feat xlink:href="#sSpan4727" value="ϩⲉ"/>
		<feat xlink:href="#sSpan4730" value="ⲛ"/>
		<feat xlink:href="#sSpan4734" value="ⲑ"/>
		<feat xlink:href="#sSpan4736" value="ⲉ"/>
		<feat xlink:href="#sSpan4738" value="ⲛ"/>
		<feat xlink:href="#sSpan4742" value="ⲛ"/>
		<feat xlink:href="#sSpan4745" value="ⲁⲣⲭⲱⲛ"/>
		<feat xlink:href="#sSpan4747" value="ⲛ"/>
		<feat xlink:href="#sSpan4752" value="ⲛ"/>
		<feat xlink:href="#sSpan4755" value="ϩⲉⲑⲛⲟⲥ"/>
		<feat xlink:href="#sSpan4757" value="·"/>
		<feat xlink:href="#sSpan4761" value="ⲛⲧ"/>
		<feat xlink:href="#sSpan4765" value="ⲁ"/>
		<feat xlink:href="#sSpan4767" value="ⲡ"/>
		<feat xlink:href="#sSpan4770" value="ⲛⲟⲩⲧⲉ"/>
		<feat xlink:href="#sSpan4772" value="ϥⲟⲧ"/>
		<feat xlink:href="#sSpan4776" value="ⲟⲩ"/>
		<feat xlink:href="#sSpan4778" value="ⲉⲃⲟⲗ"/>
		<feat xlink:href="#sSpan4783" value="ⲧⲏⲣ"/>
		<feat xlink:href="#sSpan4787" value="ⲟⲩ"/>
		<feat xlink:href="#sSpan4789" value="ϫⲉⲓ̈ⲛⲉ"/>
		<feat xlink:href="#sSpan4794" value="ϣⲟⲣⲡ"/>
		<feat xlink:href="#sSpan4796" value="·"/>
		<feat xlink:href="#sSpan4801" value="ⲛⲧⲁ"/>
		<feat xlink:href="#sSpan4810" value="ⲥⲁⲟⲩⲗ"/>
		<feat xlink:href="#sSpan4813" value="ϯϩⲏⲩ"/>
		<feat xlink:href="#sSpan4818" value="ⲉⲛ"/>
		<feat xlink:href="#sSpan4823" value="ⲟⲩ"/>
		<feat xlink:href="#sSpan4825" value="ⲙ"/>
		<feat xlink:href="#sSpan4829" value="ⲡⲉⲓ"/>
		<feat xlink:href="#sSpan4831" value="ⲟⲩⲟⲉⲓ̈ϣ"/>
		<feat xlink:href="#sSpan4834" value="ⲛⲧ"/>
		<feat xlink:href="#sSpan4838" value="ⲁ"/>
		<feat xlink:href="#sSpan4840" value="ϥ"/>
		<feat xlink:href="#sSpan4842" value="'ⲥⲉϣ︤"/>
		<feat xlink:href="#sSpan4844" value="ϥ︥"/>
		<feat xlink:href="#sSpan4846" value="ⲡ"/>
		<feat xlink:href="#sSpan4851" value="ϣⲁϫⲉ"/>
		<feat xlink:href="#sSpan4853" value="ⲙ"/>
		<feat xlink:href="#sSpan4857" value="ⲡ"/>
		<feat xlink:href="#sSpan4859" value="ⲛⲟⲩⲧⲉ"/>
		<feat xlink:href="#sSpan4862" value="·"/>
		<feat xlink:href="#sSpan4866" value="ⲁ"/>
		<feat xlink:href="#sSpan4873" value="ϥ"/>
		<feat xlink:href="#sSpan4876" value="ϩⲉ"/>
		<feat xlink:href="#sSpan4878" value="ⲉⲃⲟⲗ"/>
		<feat xlink:href="#sSpan4882" value="ϩⲙ"/>
		<feat xlink:href="#sSpan4887" value="ⲡⲉ"/>
		<feat xlink:href="#sSpan4889" value="ϩⲙⲟⲧ"/>
		<feat xlink:href="#sSpan4891" value="ⲙ"/>
		<feat xlink:href="#sSpan4895" value="ⲡ"/>
		<feat xlink:href="#sSpan4897" value="ⲉⲛⲧ"/>
		<feat xlink:href="#sSpan4900" value="ⲁ"/>
		<feat xlink:href="#sSpan4902" value="ϥ"/>
		<feat xlink:href="#sSpan4905" value="ϯⲉⲟⲟⲩ"/>
		<feat xlink:href="#sSpan4908" value="ⲛⲁ"/>
		<feat xlink:href="#sSpan4912" value="ϥ"/>
		<feat xlink:href="#sSpan4914" value="ⲉ"/>
		<feat xlink:href="#sSpan4919" value="ⲧⲣⲉ"/>
		<feat xlink:href="#sSpan4921" value="ϥ"/>
		<feat xlink:href="#sSpan4924" value="ⲣⲣⲣⲟ"/>
		<feat xlink:href="#sSpan4927" value="·"/>
		<feat xlink:href="#sSpan4931" value="ⲁ"/>
		<feat xlink:href="#sSpan4937" value="ϥ"/>
		<feat xlink:href="#sSpan4939" value="ϩⲉ"/>
		<feat xlink:href="#sSpan4941" value="ⲟⲛ"/>
		<feat xlink:href="#sSpan4945" value="ϩⲙ"/>
		<feat xlink:href="#sSpan4949" value="ⲡⲉ︤"/>
		<feat xlink:href="#sSpan4951" value="ⲙ︥ⲗⲁϩ"/>
		<feat xlink:href="#sSpan4954" value="ⲛ"/>
		<feat xlink:href="#sSpan4958" value="ⲛ"/>
		<feat xlink:href="#sSpan4961" value="ⲁⲗⲗⲟⲫⲩⲗⲟⲥ"/>
		<feat xlink:href="#sSpan4964" value="·"/>
		<feat xlink:href="#sSpan4969" value="ⲛⲧⲁ"/>
		<feat xlink:href="#sSpan4977" value="ⲓ̈"/>
		<feat xlink:href="#sSpan4979" value="ϫⲉ"/>
		<feat xlink:href="#sSpan4981" value="ⲡⲁⲓ̈"/>
		<feat xlink:href="#sSpan4983" value="ⲙⲁⲩⲁⲁ"/>
		<feat xlink:href="#sSpan4988" value="ϥ"/>
		<feat xlink:href="#sSpan4990" value="ⲉ"/>
		<feat xlink:href="#sSpan4994" value="ⲩ"/>
		<feat xlink:href="#sSpan4997" value="ⲙⲛⲧⲙⲛⲧⲣⲉ"/>
		<feat xlink:href="#sSpan5000" value="ⲛ"/>
		<feat xlink:href="#sSpan5005" value="ⲛ"/>
		<feat xlink:href="#sSpan5007" value="ⲉⲧ"/>
		<feat xlink:href="#sSpan5009" value="ⲛ"/>
		<feat xlink:href="#sSpan5011" value="ⲥⲉ"/>
		<feat xlink:href="#sSpan5014" value="ⲕⲣⲓⲛⲉ"/>
		<feat xlink:href="#sSpan5017" value="ⲁⲛ"/>
		<feat xlink:href="#sSpan5021" value="ϫⲉ"/>
		<feat xlink:href="#sSpan5025" value="ⲁ"/>
		<feat xlink:href="#sSpan5027" value="ϩⲁϩ"/>
		<feat xlink:href="#sSpan5029" value="ϩⲉ"/>
		<feat xlink:href="#sSpan5033" value="ϫⲓ̈ⲛ"/>
		<feat xlink:href="#sSpan5038" value="ⲡ"/>
		<feat xlink:href="#sSpan5041" value="ⲁⲓ̈ⲱⲛ"/>
		<feat xlink:href="#sSpan5043" value="ⲙⲛⲛⲥⲁ"/>
		<feat xlink:href="#sSpan5048" value="ⲡ"/>
		<feat xlink:href="#sSpan5050" value="ⲣⲁⲛ"/>
		<feat xlink:href="#sSpan5052" value="ϫⲉ"/>
		<feat xlink:href="#sSpan5056" value="ⲛⲟⲩⲧⲉ"/>
		<feat xlink:href="#sSpan5059" value="ⲁⲩⲱ"/>
		<feat xlink:href="#sSpan5063" value="ϣⲏⲣⲉ"/>
		<feat xlink:href="#sSpan5067" value="ⲙ"/>
		<feat xlink:href="#sSpan5072" value="ⲡ"/>
		<feat xlink:href="#sSpan5074" value="ⲉⲧ"/>
		<feat xlink:href="#sSpan5076" value="ϫⲟⲥⲉ"/>
		<feat xlink:href="#sSpan5078" value="·"/>
		<feat xlink:href="#sSpan5082" value="ⲁⲩⲱ"/>
		<feat xlink:href="#sSpan5086" value="ⲙⲛⲛⲥⲁ"/>
		<feat xlink:href="#sSpan5091" value="ⲧⲣⲉ"/>
		<feat xlink:href="#sSpan5093" value="ⲩ"/>
		<feat xlink:href="#sSpan5096" value="ⲕⲁⲑⲓ̈ⲥⲧⲁ"/>
		<feat xlink:href="#sSpan5099" value="ⲙⲙⲟ"/>
		<feat xlink:href="#sSpan5103" value="ⲟⲩ"/>
		<feat xlink:href="#sSpan5105" value="ⲛ"/>
		<feat xlink:href="#sSpan5110" value="ⲣⲉϥϯϩⲁⲡ"/>
		<feat xlink:href="#sSpan5116" value="·"/>
		<feat xlink:href="#sSpan5120" value="ⲛ"/>
		<feat xlink:href="#sSpan5126" value="ⲑ"/>
		<feat xlink:href="#sSpan5128" value="ⲉ"/>
		<feat xlink:href="#sSpan5130" value="ⲙ"/>
		<feat xlink:href="#sSpan5134" value="ⲡⲉⲓ̈"/>
		<feat xlink:href="#sSpan5137" value="ⲡⲣⲉⲥⲃⲩⲧⲉⲣⲟⲥ"/>
		<feat xlink:href="#sSpan5140" value="ⲥⲛⲁⲩ"/>
		<feat xlink:href="#sSpan5144" value="ⲛⲧ"/>
		<feat xlink:href="#sSpan5148" value="ⲁ"/>
		<feat xlink:href="#sSpan5150" value="ⲩ"/>
		<feat xlink:href="#sSpan5152" value="ⲙⲟⲩ"/>
		<feat xlink:href="#sSpan5155" value="ⲛ"/>
		<feat xlink:href="#sSpan5159" value="ⲑ"/>
		<feat xlink:href="#sSpan5161" value="ⲉ"/>
		<feat xlink:href="#sSpan5163" value="ⲛ"/>
		<feat xlink:href="#sSpan5167" value="ⲛⲉⲓ"/>
		<feat xlink:href="#sSpan5170" value="ⲁⲧⲛⲟⲩⲧⲉ"/>
		<feat xlink:href="#sSpan5174" value="·"/>
		<feat xlink:href="#sSpan5178" value="ϫⲉ"/>
		<feat xlink:href="#sSpan5182" value="ⲁ"/>
		<feat xlink:href="#sSpan5185" value="ⲇⲁⲛⲓ̈ⲏⲗ"/>
		<feat xlink:href="#sSpan5188" value="ⲧⲁϩⲟ"/>
		<feat xlink:href="#sSpan5192" value="ⲟⲩ"/>
		<feat xlink:href="#sSpan5194" value="ϩⲛ"/>
		<feat xlink:href="#sSpan5198" value="ⲛⲉⲩ"/>
		<feat xlink:href="#sSpan5201" value="ϩⲃⲏⲩⲉ"/>
		<feat xlink:href="#sSpan5203" value="ⲙ"/>
		<feat xlink:href="#sSpan5208" value="ⲡⲟⲛⲏⲣⲟⲛ"/>
		<feat xlink:href="#sSpan5211" value="·"/>
		<feat xlink:href="#sSpan5216" value="ⲁⲩⲱ"/>
		<feat xlink:href="#sSpan5221" value="ⲛ"/>
		<feat xlink:href="#sSpan5225" value="ⲑ"/>
		<feat xlink:href="#sSpan5227" value="ⲉ"/>
		<feat xlink:href="#sSpan5229" value="ⲛ"/>
		<feat xlink:href="#sSpan5233" value="ⲁⲇⲁⲃ"/>
		<feat xlink:href="#sSpan5235" value="ⲙⲛ"/>
		<feat xlink:href="#sSpan5240" value="ⲁⲃⲉⲓⲟⲩⲇ"/>
		<feat xlink:href="#sSpan5242" value="ⲛⲧⲁ"/>
		<feat xlink:href="#sSpan5247" value="ⲁ"/>
		<feat xlink:href="#sSpan5249" value="ⲩ"/>
		<feat xlink:href="#sSpan5251" value="ⲙⲟⲩ"/>
		<feat xlink:href="#sSpan5253" value="ⲛ"/>
		<feat xlink:href="#sSpan5257" value="ⲑ"/>
		<feat xlink:href="#sSpan5259" value="ⲉ"/>
		<feat xlink:href="#sSpan5261" value="ⲛ"/>
		<feat xlink:href="#sSpan5265" value="ⲛ"/>
		<feat xlink:href="#sSpan5268" value="ⲉⲧⲉ"/>
		<feat xlink:href="#sSpan5270" value="ⲛ"/>
		<feat xlink:href="#sSpan5272" value="ⲥⲉ"/>
		<feat xlink:href="#sSpan5274" value="ⲥⲟⲟⲩⲛ"/>
		<feat xlink:href="#sSpan5276" value="ⲁⲛ"/>
		<feat xlink:href="#sSpan5281" value="ⲙ"/>
		<feat xlink:href="#sSpan5285" value="ⲡ"/>
		<feat xlink:href="#sSpan5287" value="ⲛⲟⲩⲧⲉ"/>
		<feat xlink:href="#sSpan5290" value="ⲟⲩⲇⲉ"/>
		<feat xlink:href="#sSpan5295" value="ⲛⲉϥ"/>
		<feat xlink:href="#sSpan5300" value="ϩⲁⲡ"/>
		<feat xlink:href="#sSpan5302" value="ⲙⲛ"/>
		<feat xlink:href="#sSpan5306" value="ⲛⲉϥ"/>
		<feat xlink:href="#sSpan5312" value="ⲡⲣⲟⲥⲧⲁⲅⲙⲁ"/>
		<feat xlink:href="#sSpan5314" value="ⲁⲩⲱ"/>
		<feat xlink:href="#sSpan5319" value="ⲛ"/>
		<feat xlink:href="#sSpan5323" value="ⲑ"/>
		<feat xlink:href="#sSpan5325" value="ⲉ"/>
		<feat xlink:href="#sSpan5327" value="ⲛ"/>
		<feat xlink:href="#sSpan5331" value="ⲛ"/>
		<feat xlink:href="#sSpan5333" value="ⲉⲧ"/>
		<feat xlink:href="#sSpan5335" value="ϣⲙϣⲉ"/>
		<feat xlink:href="#sSpan5338" value="ⲛ"/>
		<feat xlink:href="#sSpan5342" value="ϩⲉⲛ"/>
		<feat xlink:href="#sSpan5344" value="ⲕⲉ"/>
		<feat xlink:href="#sSpan5346" value="ⲛⲟⲩⲧⲉ"/>
		<feat xlink:href="#sSpan5349" value="·"/>
		<feat xlink:href="#sSpan5353" value="ⲛⲁⲓ̈"/>
		<feat xlink:href="#sSpan5357" value="ⲉⲧⲉ"/>
		<feat xlink:href="#sSpan5361" value="ⲛ"/>
		<feat xlink:href="#sSpan5363" value="ϩⲉⲛ"/>
		<feat xlink:href="#sSpan5366" value="ⲛⲟⲩⲧⲉ"/>
		<feat xlink:href="#sSpan5368" value="ⲁⲛ"/>
		<feat xlink:href="#sSpan5372" value="ⲛⲉ"/>
		<feat xlink:href="#sSpan5376" value="ⲛ"/>
		<feat xlink:href="#sSpan5381" value="ϣⲉ"/>
		<feat xlink:href="#sSpan5383" value="·"/>
		<feat xlink:href="#sSpan5387" value="ⲙⲛ"/>
		<feat xlink:href="#sSpan5391" value="ⲡ"/>
		<feat xlink:href="#sSpan5393" value="ⲱⲛⲉ"/>
		<feat xlink:href="#sSpan5395" value="·"/>
		<feat xlink:href="#sSpan5400" value="ⲁⲩⲱ"/>
		<feat xlink:href="#sSpan5408" value="ϩⲁⲙⲟⲓ̈"/>
		<feat xlink:href="#sSpan5412" value="ⲛⲧⲉⲧⲙ"/>
		<feat xlink:href="#sSpan5416" value="ⲡⲉⲓ̈"/>
		<feat xlink:href="#sSpan5421" value="ϣⲁϫⲉ"/>
		<feat xlink:href="#sSpan5423" value="·"/>
		<feat xlink:href="#sSpan5427" value="ⲧⲱⲙⲛⲧ"/>
		<feat xlink:href="#sSpan5432" value="ⲉ"/>
		<feat xlink:href="#sSpan5436" value="ϩⲁϩ"/>
		<feat xlink:href="#sSpan5438" value="ⲛϩⲏⲧ"/>
		<feat xlink:href="#sSpan5443" value="ⲛ"/>
		<feat xlink:href="#sSpan5445" value="·"/>
		<feat xlink:href="#sSpan5449" value="ϫⲉ"/>
		<feat xlink:href="#sSpan5453" value="ⲛ"/>
		<feat xlink:href="#sSpan5455" value="ⲛⲁ"/>
		<feat xlink:href="#sSpan5457" value="ϫⲟⲟ"/>
		<feat xlink:href="#sSpan5460" value="ⲥ"/>
		<feat xlink:href="#sSpan5462" value="ϫⲉ"/>
		<feat xlink:href="#sSpan5466" value="ϩⲁϩ"/>
		<feat xlink:href="#sSpan5468" value="ⲛϩⲏⲧ"/>
		<feat xlink:href="#sSpan5473" value="ⲛ"/>
		<feat xlink:href="#sSpan5475" value="ⲁⲛ"/>
		<feat xlink:href="#sSpan5481" value="ⲁⲗⲗⲁ"/>
		<feat xlink:href="#sSpan5485" value="ⲡⲉ"/>
		<feat xlink:href="#sSpan5489" value="ⲛ"/>
		<feat xlink:href="#sSpan5493" value="ϩⲟⲩⲟ"/>
		<feat xlink:href="#sSpan5496" value="·"/>
		<feat xlink:href="#sSpan5501" value="ϫⲉ"/>
		<feat xlink:href="#sSpan5510" value="ⲉⲓ̈ⲥ"/>
		<feat xlink:href="#sSpan5512" value="ϩⲏⲏⲧⲉ"/>
		<feat xlink:href="#sSpan5514" value="ⲧⲉⲧ"/>
		<feat xlink:href="#sSpan5518" value="ⲛⲁ"/>
		<feat xlink:href="#sSpan5521" value="ⲙⲟⲩ"/>
		<feat xlink:href="#sSpan5523" value="ⲛ"/>
		<feat xlink:href="#sSpan5527" value="ⲑ"/>
		<feat xlink:href="#sSpan5529" value="ⲉ"/>
		<feat xlink:href="#sSpan5531" value="ⲛ"/>
		<feat xlink:href="#sSpan5535" value="ⲛ"/>
		<feat xlink:href="#sSpan5538" value="ⲉⲧⲉ"/>
		<feat xlink:href="#sSpan5540" value="ⲛ"/>
		<feat xlink:href="#sSpan5542" value="ⲥⲉ"/>
		<feat xlink:href="#sSpan5544" value="ⲥⲟⲟⲩⲛ"/>
		<feat xlink:href="#sSpan5546" value="ⲁⲛ"/>
		<feat xlink:href="#sSpan5551" value="ⲛ"/>
		<feat xlink:href="#sSpan5556" value="ⲓ︤ⲥ︥"/>
		<feat xlink:href="#sSpan5558" value="·"/>
		<feat xlink:href="#sSpan5562" value="ⲁⲩⲱ"/>
		<feat xlink:href="#sSpan5566" value="ⲧⲉⲧ"/>
		<feat xlink:href="#sSpan5570" value="ⲛⲁ"/>
		<feat xlink:href="#sSpan5573" value="ϩⲉ"/>
		<feat xlink:href="#sSpan5575" value="ⲛ"/>
		<feat xlink:href="#sSpan5579" value="ⲑ"/>
		<feat xlink:href="#sSpan5581" value="ⲉ"/>
		<feat xlink:href="#sSpan5583" value="ⲛ"/>
		<feat xlink:href="#sSpan5587" value="ⲛ"/>
		<feat xlink:href="#sSpan5589" value="ⲉⲧ"/>
		<feat xlink:href="#sSpan5591" value="ⲟⲩⲱϣⲧ"/>
		<feat xlink:href="#sSpan5594" value="ⲛ"/>
		<feat xlink:href="#sSpan5599" value="ⲕⲣⲟⲛⲟⲥ"/>
		<feat xlink:href="#sSpan5601" value="·"/>
		<feat xlink:href="#sSpan5606" value="ⲡⲉⲓ"/>
		<feat xlink:href="#sSpan5615" value="ⲛⲟϭ"/>
		<feat xlink:href="#sSpan5617" value="ⲛ"/>
		<feat xlink:href="#sSpan5621" value="ⲥⲱϣ"/>
		<feat xlink:href="#sSpan5623" value="ⲛⲧ"/>
		<feat xlink:href="#sSpan5627" value="ⲁ"/>
		<feat xlink:href="#sSpan5630" value="ⲛ"/>
		<feat xlink:href="#sSpan5632" value="ⲧⲱⲧ"/>
		<feat xlink:href="#sSpan5634" value="ⲛ"/>
		<feat xlink:href="#sSpan5638" value="ϩⲏⲧ"/>
		<feat xlink:href="#sSpan5641" value="ⲛϩⲏⲧ"/>
		<feat xlink:href="#sSpan5645" value="ϥ"/>
		<feat xlink:href="#sSpan5647" value="·"/>
		<feat xlink:href="#sSpan5653" value="ⲏ"/>
		<feat xlink:href="#sSpan5661" value="ⲛⲧⲉ"/>
		<feat xlink:href="#sSpan5665" value="ⲡ"/>
		<feat xlink:href="#sSpan5667" value="ⲉⲧ"/>
		<feat xlink:href="#sSpan5669" value="ⲟⲩⲱϣ"/>
		<feat xlink:href="#sSpan5671" value="ⲉ"/>
		<feat xlink:href="#sSpan5676" value="ⲉⲣ"/>
		<feat xlink:href="#sSpan5678" value="ⲡ"/>
		<feat xlink:href="#sSpan5680" value="ⲉⲧ"/>
		<feat xlink:href="#sSpan5682" value="ⲛⲁⲛⲟⲩ"/>
		<feat xlink:href="#sSpan5684" value="ϥ"/>
		<feat xlink:href="#sSpan5686" value="ⲛⲓⲙ"/>
		<feat xlink:href="#sSpan5691" value="ⲕⲱϩ"/>
		<feat xlink:href="#sSpan5695" value="ⲉⲣⲟ"/>
		<feat xlink:href="#sSpan5699" value="ⲛ"/>
		<feat xlink:href="#sSpan5701" value="ⲉ"/>
		<feat xlink:href="#sSpan5706" value="ϥ"/>
		<feat xlink:href="#sSpan5708" value="ⲛⲁⲩ"/>
		<feat xlink:href="#sSpan5710" value="ⲉ"/>
		<feat xlink:href="#sSpan5714" value="ⲛⲉⲛ"/>
		<feat xlink:href="#sSpan5716" value="ϩⲃⲏⲩⲉ"/>
		<feat xlink:href="#sSpan5718" value="ⲛ"/>
		<feat xlink:href="#sSpan5724" value="ⲇⲉⲓ̈ⲕⲁⲓⲟⲥⲩⲛⲏ"/>
		<feat xlink:href="#sSpan5728" value="ⲏ"/>
		<feat xlink:href="#sSpan5733" value="ⲛ"/>
		<feat xlink:href="#sSpan5737" value="ⲥⲉ"/>
		<feat xlink:href="#sSpan5739" value="ϣⲁϫⲉ"/>
		<feat xlink:href="#sSpan5741" value="ⲉ"/>
		<feat xlink:href="#sSpan5745" value="ⲛⲉⲛ"/>
		<feat xlink:href="#sSpan5747" value="ϩⲃⲏⲩⲉ"/>
		<feat xlink:href="#sSpan5751" value="ⲙ"/>
		<feat xlink:href="#sSpan5756" value="ⲡⲟⲛⲏⲣⲟⲛ"/>
		<feat xlink:href="#sSpan5759" value="·"/>
		<feat xlink:href="#sSpan5765" value="ⲏ"/>
		<feat xlink:href="#sSpan5773" value="ⲛ"/>
		<feat xlink:href="#sSpan5777" value="ⲥⲉ"/>
		<feat xlink:href="#sSpan5780" value="ⲙⲉⲗⲉⲧⲁ"/>
		<feat xlink:href="#sSpan5782" value="ⲛ"/>
		<feat xlink:href="#sSpan5786" value="ⲛⲉⲛ"/>
		<feat xlink:href="#sSpan5789" value="ⲁⲅⲁⲡⲏ"/>
		<feat xlink:href="#sSpan5792" value="ⲉⲧ"/>
		<feat xlink:href="#sSpan5796" value="ϣⲟⲟⲡ"/>
		<feat xlink:href="#sSpan5798" value="ⲉϩⲟⲩⲛ"/>
		<feat xlink:href="#sSpan5803" value="ⲉ"/>
		<feat xlink:href="#sSpan5807" value="ⲛⲉⲛ"/>
		<feat xlink:href="#sSpan5809" value="ⲉⲣⲏⲩ"/>
		<feat xlink:href="#sSpan5811" value="·"/>
		<feat xlink:href="#sSpan5817" value="ⲏ"/>
		<feat xlink:href="#sSpan5825" value="ⲛ"/>
		<feat xlink:href="#sSpan5829" value="ⲧⲉⲛ"/>
		<feat xlink:href="#sSpan5832" value="ⲧⲉⲓ̈ⲥⲟⲉⲓⲧ"/>
		<feat xlink:href="#sSpan5835" value="ϩⲙ"/>
		<feat xlink:href="#sSpan5840" value="ⲡ"/>
		<feat xlink:href="#sSpan5842" value="ⲧⲃⲃⲟ"/>
		<feat xlink:href="#sSpan5844" value="·"/>
		<feat xlink:href="#sSpan5848" value="ⲙⲛ"/>
		<feat xlink:href="#sSpan5852" value="ⲧ"/>
		<feat xlink:href="#sSpan5856" value="ⲙⲛⲧⲣⲙ̄ϩⲉ"/>
		<feat xlink:href="#sSpan5859" value="·"/>
		<feat xlink:href="#sSpan5865" value="ⲏ"/>
		<feat xlink:href="#sSpan5873" value="ⲛ"/>
		<feat xlink:href="#sSpan5877" value="ⲧⲉⲧⲛ"/>
		<feat xlink:href="#sSpan5880" value="ⲧⲉⲓ̈ⲥⲟⲉⲓⲧ"/>
		<feat xlink:href="#sSpan5884" value="ϩⲙ"/>
		<feat xlink:href="#sSpan5888" value="ⲡ"/>
		<feat xlink:href="#sSpan5890" value="ϫⲱϩⲙ"/>
		<feat xlink:href="#sSpan5892" value="ⲙⲛ"/>
		<feat xlink:href="#sSpan5897" value="ϩⲉⲛ"/>
		<feat xlink:href="#sSpan5900" value="ⲡⲣⲁⲝⲓⲥ"/>
		<feat xlink:href="#sSpan5902" value="ⲛ"/>
		<feat xlink:href="#sSpan5908" value="ⲗⲏⲥⲧⲏⲥ"/>
		<feat xlink:href="#sSpan5910" value="·"/>
		<feat xlink:href="#sSpan5914" value="ⲁⲩⲱ"/>
		<feat xlink:href="#sSpan5919" value="ϩⲉⲛ"/>
		<feat xlink:href="#sSpan5923" value="ϭⲟⲗ"/>
		<feat xlink:href="#sSpan5925" value="·"/>
		<feat xlink:href="#sSpan5929" value="ⲙⲛ"/>
		<feat xlink:href="#sSpan5934" value="ϩⲉⲛ"/>
		<feat xlink:href="#sSpan5936" value="ⲁⲛⲁϣ"/>
		<feat xlink:href="#sSpan5938" value="ⲛ"/>
		<feat xlink:href="#sSpan5942" value="ⲛⲟⲩϫ"/>
		<feat xlink:href="#sSpan5945" value="·"/>
		<feat xlink:href="#sSpan5949" value="ϯ"/>
		<feat xlink:href="#sSpan5957" value="ⲕⲉ"/>
		<feat xlink:href="#sSpan5960" value="ϩⲏⲡⲟⲅⲣⲏⲥⲓ̈ⲥ"/>
		<feat xlink:href="#sSpan5963" value="ⲛⲧⲉ"/>
		<feat xlink:href="#sSpan5967" value="ⲓ̈ⲁⲏⲥ"/>
		<feat xlink:href="#sSpan5969" value="·"/>
		<feat xlink:href="#sSpan5973" value="ⲙⲛ"/>
		<feat xlink:href="#sSpan5978" value="ⲡⲉⲓ̈"/>
		<feat xlink:href="#sSpan5980" value="ⲉⲟⲟⲩ"/>
		<feat xlink:href="#sSpan5982" value="ⲛ"/>
		<feat xlink:href="#sSpan5986" value="ⲣⲱⲙⲉ"/>
		<feat xlink:href="#sSpan5989" value="ϫⲉ"/>
		<feat xlink:href="#sSpan5993" value="·"/>
		<feat xlink:href="#sSpan5997" value="ⲟⲩ"/>
		<feat xlink:href="#sSpan6002" value="ⲙⲟⲛⲟⲛ"/>
		<feat xlink:href="#sSpan6005" value="ϫⲉ"/>
		<feat xlink:href="#sSpan6009" value="ⲧⲉⲛ"/>
		<feat xlink:href="#sSpan6012" value="ⲁⲛⲉⲭⲉ"/>
		<feat xlink:href="#sSpan6015" value="ⲙⲙⲟ"/>
		<feat xlink:href="#sSpan6019" value="ⲟⲩ"/>
		<feat xlink:href="#sSpan6021" value="·"/>
		<feat xlink:href="#sSpan6026" value="ⲁⲗⲗⲁ"/>
		<feat xlink:href="#sSpan6031" value="ⲧⲉⲛ"/>
		<feat xlink:href="#sSpan6037" value="ⲉⲣ"/>
		<feat xlink:href="#sSpan6040" value="ⲡ"/>
		<feat xlink:href="#sSpan6042" value="ⲕⲉ"/>
		<feat xlink:href="#sSpan6044" value="ⲙⲉⲓϣⲉ"/>
		<feat xlink:href="#sSpan6047" value="ⲉϫⲱ"/>
		<feat xlink:href="#sSpan6051" value="ⲟⲩ"/>
		<feat xlink:href="#sSpan6053" value="ⲉⲩϣⲁⲛ"/>
		<feat xlink:href="#sSpan6058" value="ⲧⲁϩⲟ"/>
		<feat xlink:href="#sSpan6060" value="ⲟⲩ"/>
		<feat xlink:href="#sSpan6062" value="ϩⲉⲛ"/>
		<feat xlink:href="#sSpan6067" value="ϩⲉⲛ"/>
		<feat xlink:href="#sSpan6069" value="ϩⲃⲏⲩⲉ"/>
		<feat xlink:href="#sSpan6071" value="ⲛ"/>
		<feat xlink:href="#sSpan6077" value="ⲇⲁⲓⲙⲟⲛⲉⲓ̈ⲟⲛ"/>
		<feat xlink:href="#sSpan6080" value="ⲁ"/>
		<feat xlink:href="#sSpan6089" value="ⲙ"/>
		<feat xlink:href="#sSpan6092" value="ⲡⲉⲓ̈ⲥⲧⲟⲥ"/>
		<feat xlink:href="#sSpan6094" value="ⲁⲩⲱ"/></featList></paula>