<?xml version='1.0' encoding='UTF-8'?><!DOCTYPE paula SYSTEM "paula_feat.dtd">
<paula version="1.1">
	<header paula_id="scriptorium.shenoute.dirt.GF113-120.mark_vid_n"/>
	<featList xmlns:xlink="http://www.w3.org/1999/xlink" type="vid_n" xml:base="scriptorium.shenoute.dirt.GF113-120.mark.xml">
		<feat xlink:href="#sSpan7" value="urn:cts:copticLit:shenoute.dirt.monbgf:41.2"/>
		<feat xlink:href="#sSpan142" value="urn:cts:copticLit:shenoute.dirt.monbgf:41.3"/>
		<feat xlink:href="#sSpan233" value="urn:cts:copticLit:shenoute.dirt.monbgf:41.4"/>
		<feat xlink:href="#sSpan304" value="urn:cts:copticLit:shenoute.dirt.monbgf:42.1"/>
		<feat xlink:href="#sSpan381" value="urn:cts:copticLit:shenoute.dirt.monbgf:42.2"/>
		<feat xlink:href="#sSpan482" value="urn:cts:copticLit:shenoute.dirt.monbgf:42.3"/>
		<feat xlink:href="#sSpan576" value="urn:cts:copticLit:shenoute.dirt.monbgf:42.4"/>
		<feat xlink:href="#sSpan868" value="urn:cts:copticLit:shenoute.dirt.monbgf:42.5"/>
		<feat xlink:href="#sSpan932" value="urn:cts:copticLit:shenoute.dirt.monbgf:42.6"/>
		<feat xlink:href="#sSpan1044" value="urn:cts:copticLit:shenoute.dirt.monbgf:42.7"/>
		<feat xlink:href="#sSpan1101" value="urn:cts:copticLit:shenoute.dirt.monbgf:43.1"/>
		<feat xlink:href="#sSpan1131" value="urn:cts:copticLit:shenoute.dirt.monbgf:43.2"/>
		<feat xlink:href="#sSpan1182" value="urn:cts:copticLit:shenoute.dirt.monbgf:43.4"/>
		<feat xlink:href="#sSpan1293" value="urn:cts:copticLit:shenoute.dirt.monbgf:43.5"/>
		<feat xlink:href="#sSpan1463" value="urn:cts:copticLit:shenoute.dirt.monbgf:44.1"/>
		<feat xlink:href="#sSpan1553" value="urn:cts:copticLit:shenoute.dirt.monbgf:44.2"/>
		<feat xlink:href="#sSpan1665" value="urn:cts:copticLit:shenoute.dirt.monbgf:44.3"/>
		<feat xlink:href="#sSpan1812" value="4'urn:cts:copticLit:shenoute.dirt.monbgf:44.4"/>
		<feat xlink:href="#sSpan1888" value="urn:cts:copticLit:shenoute.dirt.monbgf:44.5"/>
		<feat xlink:href="#sSpan1992" value="urn:cts:copticLit:shenoute.dirt.monbgf:44.6"/>
		<feat xlink:href="#sSpan2123" value="urn:cts:copticLit:shenoute.dirt.monbgf:45.1"/>
		<feat xlink:href="#sSpan2205" value="urn:cts:copticLit:shenoute.dirt.monbgf:45.2"/>
		<feat xlink:href="#sSpan2310" value="urn:cts:copticLit:shenoute.dirt.monbgf:45.3"/>
		<feat xlink:href="#sSpan2517" value="urn:cts:copticLit:shenoute.dirt.monbgf:46.1"/>
		<feat xlink:href="#sSpan2546" value="urn:cts:copticLit:shenoute.dirt.monbgf:46.2"/>
		<feat xlink:href="#sSpan2617" value="urn:cts:copticLit:shenoute.dirt.monbgf:46.3"/>
		<feat xlink:href="#sSpan2815" value="urn:cts:copticLit:shenoute.dirt.monbgf:46.4"/>
		<feat xlink:href="#sSpan2863" value="urn:cts:copticLit:shenoute.dirt.monbgf:47.1"/>
		<feat xlink:href="#sSpan3024" value="urn:cts:copticLit:shenoute.dirt.monbgf:47.2"/>
		<feat xlink:href="#sSpan3067" value="urn:cts:copticLit:shenoute.dirt.monbgf:47.3"/>
		<feat xlink:href="#sSpan3201" value="urn:cts:copticLit:shenoute.dirt.monbgf:48.1"/>
		<feat xlink:href="#sSpan3332" value="urn:cts:copticLit:shenoute.dirt.monbgf:48.2"/>
		<feat xlink:href="#sSpan3419" value="urn:cts:copticLit:shenoute.dirt.monbgf:48.3"/>
		<feat xlink:href="#sSpan3520" value="urn:cts:copticLit:shenoute.dirt.monbgf:48.4"/>
		<feat xlink:href="#sSpan3630" value="urn:cts:copticLit:shenoute.dirt.monbgf:48.5"/>
		<feat xlink:href="#sSpan3715" value="urn:cts:copticLit:shenoute.dirt.monbgf:48.6"/>
		<feat xlink:href="#sSpan3791" value="urn:cts:copticLit:shenoute.dirt.monbgf:48.7"/>
		<feat xlink:href="#sSpan3833" value="urn:cts:copticLit:shenoute.dirt.monbgf:48.8"/>
		<feat xlink:href="#sSpan3936" value="urn:cts:copticLit:shenoute.dirt.monbgf:48.9"/>
		<feat xlink:href="#sSpan4191" value="urn:cts:copticLit:shenoute.dirt.monbgf:48.10"/>
		<feat xlink:href="#sSpan4298" value="urn:cts:copticLit:shenoute.dirt.monbgf:48.11"/>
		<feat xlink:href="#sSpan4384" value="urn:cts:copticLit:shenoute.dirt.monbgf:48.12"/>
		<feat xlink:href="#sSpan4437" value="urn:cts:copticLit:shenoute.dirt.monbgf:48.13"/>
		<feat xlink:href="#sSpan4588" value="urn:cts:copticLit:shenoute.dirt.monbgf:49.1"/>
		<feat xlink:href="#sSpan4688" value="urn:cts:copticLit:shenoute.dirt.monbgf:49.2"/>
		<feat xlink:href="#sSpan4806" value="urn:cts:copticLit:shenoute.dirt.monbgf:49.3"/>
		<feat xlink:href="#sSpan4870" value="urn:cts:copticLit:shenoute.dirt.monbgf:49.4"/>
		<feat xlink:href="#sSpan4974" value="urn:cts:copticLit:shenoute.dirt.monbgf:49.5"/>
		<feat xlink:href="#sSpan5405" value="urn:cts:copticLit:shenoute.dirt.monbgf:49.6"/>
		<feat xlink:href="#sSpan5506" value="urn:cts:copticLit:shenoute.dirt.monbgf:49.7"/>
		<feat xlink:href="#sSpan5611" value="urn:cts:copticLit:shenoute.dirt.monbgf:50.1"/>
		<feat xlink:href="#sSpan5658" value="urn:cts:copticLit:shenoute.dirt.monbgf:50.2"/>
		<feat xlink:href="#sSpan5770" value="urn:cts:copticLit:shenoute.dirt.monbgf:50.3"/>
		<feat xlink:href="#sSpan5822" value="urn:cts:copticLit:shenoute.dirt.monbgf:50.4"/>
		<feat xlink:href="#sSpan5870" value="urn:cts:copticLit:shenoute.dirt.monbgf:50.5"/>
		<feat xlink:href="#sSpan5954" value="urn:cts:copticLit:shenoute.dirt.monbgf:50.6"/>
		<feat xlink:href="#sSpan6084" value="urn:cts:copticLit:shenoute.dirt.monbgf:51.1"/></featList></paula>