<?xml version='1.0' encoding='UTF-8'?><!DOCTYPE paula SYSTEM "paula_feat.dtd">
<paula version="1.1">
	<header paula_id="scriptorium.shenoute.dirt.GF113-120.mark_verse_n"/>
	<featList xmlns:xlink="http://www.w3.org/1999/xlink" type="verse_n" xml:base="scriptorium.shenoute.dirt.GF113-120.mark.xml">
		<feat xlink:href="#sSpan8" value="2"/>
		<feat xlink:href="#sSpan143" value="3"/>
		<feat xlink:href="#sSpan234" value="4"/>
		<feat xlink:href="#sSpan305" value="1"/>
		<feat xlink:href="#sSpan382" value="2"/>
		<feat xlink:href="#sSpan483" value="3"/>
		<feat xlink:href="#sSpan577" value="4"/>
		<feat xlink:href="#sSpan869" value="5"/>
		<feat xlink:href="#sSpan933" value="6"/>
		<feat xlink:href="#sSpan1045" value="7"/>
		<feat xlink:href="#sSpan1102" value="1"/>
		<feat xlink:href="#sSpan1132" value="2"/>
		<feat xlink:href="#sSpan1183" value="3"/>
		<feat xlink:href="#sSpan1294" value="4"/>
		<feat xlink:href="#sSpan1464" value="1"/>
		<feat xlink:href="#sSpan1554" value="2"/>
		<feat xlink:href="#sSpan1666" value="3"/>
		<feat xlink:href="#sSpan1813" value="4"/>
		<feat xlink:href="#sSpan1889" value="5"/>
		<feat xlink:href="#sSpan1993" value="6"/>
		<feat xlink:href="#sSpan2124" value="1"/>
		<feat xlink:href="#sSpan2206" value="2"/>
		<feat xlink:href="#sSpan2311" value="3"/>
		<feat xlink:href="#sSpan2518" value="1"/>
		<feat xlink:href="#sSpan2547" value="2"/>
		<feat xlink:href="#sSpan2618" value="3"/>
		<feat xlink:href="#sSpan2816" value="4"/>
		<feat xlink:href="#sSpan2864" value="1"/>
		<feat xlink:href="#sSpan3025" value="2"/>
		<feat xlink:href="#sSpan3068" value="3"/>
		<feat xlink:href="#sSpan3202" value="1"/>
		<feat xlink:href="#sSpan3333" value="2"/>
		<feat xlink:href="#sSpan3420" value="3"/>
		<feat xlink:href="#sSpan3521" value="4"/>
		<feat xlink:href="#sSpan3631" value="5"/>
		<feat xlink:href="#sSpan3716" value="6"/>
		<feat xlink:href="#sSpan3792" value="7"/>
		<feat xlink:href="#sSpan3834" value="8"/>
		<feat xlink:href="#sSpan3937" value="9"/>
		<feat xlink:href="#sSpan4192" value="10"/>
		<feat xlink:href="#sSpan4299" value="11"/>
		<feat xlink:href="#sSpan4385" value="12"/>
		<feat xlink:href="#sSpan4438" value="13"/>
		<feat xlink:href="#sSpan4589" value="1"/>
		<feat xlink:href="#sSpan4689" value="2"/>
		<feat xlink:href="#sSpan4807" value="3"/>
		<feat xlink:href="#sSpan4871" value="4"/>
		<feat xlink:href="#sSpan4975" value="5"/>
		<feat xlink:href="#sSpan5406" value="6"/>
		<feat xlink:href="#sSpan5507" value="7"/>
		<feat xlink:href="#sSpan5612" value="1"/>
		<feat xlink:href="#sSpan5659" value="2"/>
		<feat xlink:href="#sSpan5771" value="3"/>
		<feat xlink:href="#sSpan5823" value="4"/>
		<feat xlink:href="#sSpan5871" value="5"/>
		<feat xlink:href="#sSpan5955" value="6"/>
		<feat xlink:href="#sSpan6085" value="1"/></featList></paula>