<?xml version='1.0' encoding='UTF-8'?><!DOCTYPE paula SYSTEM "paula_feat.dtd">
<paula version="1.1">
	<header paula_id="scriptorium.cross.michbr283-286.mark_verse_n"/>
	<featList xmlns:xlink="http://www.w3.org/1999/xlink" type="verse_n" xml:base="scriptorium.cross.michbr283-286.mark.xml">
		<feat xlink:href="#sSpan10" value="1"/>
		<feat xlink:href="#sSpan132" value="2"/>
		<feat xlink:href="#sSpan232" value="3"/>
		<feat xlink:href="#sSpan331" value="4"/>
		<feat xlink:href="#sSpan417" value="5"/>
		<feat xlink:href="#sSpan503" value="6"/>
		<feat xlink:href="#sSpan599" value="7"/>
		<feat xlink:href="#sSpan658" value="1"/>
		<feat xlink:href="#sSpan733" value="2"/>
		<feat xlink:href="#sSpan813" value="3"/>
		<feat xlink:href="#sSpan928" value="4"/>
		<feat xlink:href="#sSpan994" value="5"/>
		<feat xlink:href="#sSpan1042" value="6"/>
		<feat xlink:href="#sSpan1126" value="7"/>
		<feat xlink:href="#sSpan1212" value="8"/>
		<feat xlink:href="#sSpan1266" value="9"/>
		<feat xlink:href="#sSpan1364" value="10"/>
		<feat xlink:href="#sSpan1441" value="11"/>
		<feat xlink:href="#sSpan1549" value="12"/>
		<feat xlink:href="#sSpan1652" value="13"/>
		<feat xlink:href="#sSpan1704" value="14"/>
		<feat xlink:href="#sSpan1786" value="15"/>
		<feat xlink:href="#sSpan1862" value="16"/>
		<feat xlink:href="#sSpan1915" value="1"/>
		<feat xlink:href="#sSpan1996" value="2"/>
		<feat xlink:href="#sSpan2072" value="3"/>
		<feat xlink:href="#sSpan2143" value="4"/>
		<feat xlink:href="#sSpan2192" value="5"/>
		<feat xlink:href="#sSpan2289" value="6"/>
		<feat xlink:href="#sSpan2365" value="7"/>
		<feat xlink:href="#sSpan2420" value="8"/>
		<feat xlink:href="#sSpan2509" value="9"/>
		<feat xlink:href="#sSpan2585" value="10"/>
		<feat xlink:href="#sSpan2690" value="11"/>
		<feat xlink:href="#sSpan2744" value="12"/>
		<feat xlink:href="#sSpan2822" value="13"/>
		<feat xlink:href="#sSpan2872" value="14"/>
		<feat xlink:href="#sSpan2962" value="15"/>
		<feat xlink:href="#sSpan3013" value="16"/>
		<feat xlink:href="#sSpan3114" value="17"/>
		<feat xlink:href="#sSpan3151" value="18"/>
		<feat xlink:href="#sSpan3203" value="19"/>
		<feat xlink:href="#sSpan3250" value="20"/>
		<feat xlink:href="#sSpan3316" value="21"/>
		<feat xlink:href="#sSpan3368" value="22"/>
		<feat xlink:href="#sSpan3551" value="23"/>
		<feat xlink:href="#sSpan3611" value="24"/>
		<feat xlink:href="#sSpan3687" value="25"/>
		<feat xlink:href="#sSpan3729" value="26"/>
		<feat xlink:href="#sSpan3772" value="1"/>
		<feat xlink:href="#sSpan3809" value="2"/>
		<feat xlink:href="#sSpan3864" value="3"/>
		<feat xlink:href="#sSpan3912" value="4"/>
		<feat xlink:href="#sSpan3971" value="5"/>
		<feat xlink:href="#sSpan4044" value="6"/>
		<feat xlink:href="#sSpan4136" value="7"/>
		<feat xlink:href="#sSpan4193" value="8"/>
		<feat xlink:href="#sSpan4274" value="9"/>
		<feat xlink:href="#sSpan4337" value="10"/>
		<feat xlink:href="#sSpan4389" value="11"/>
		<feat xlink:href="#sSpan4492" value="12"/>
		<feat xlink:href="#sSpan4538" value="13"/>
		<feat xlink:href="#sSpan4595" value="14"/></featList></paula>