<?xml version='1.0' encoding='UTF-8'?><!DOCTYPE paula SYSTEM "paula_feat.dtd">
<paula version="1.1">
	<header paula_id="scriptorium.cross.michbr283-286.mark_morph"/>
	<featList xmlns:xlink="http://www.w3.org/1999/xlink" type="morph" xml:base="scriptorium.cross.michbr283-286.mark.xml">
		<feat xlink:href="#sSpan185" value="ⲣ"/>
		<feat xlink:href="#sSpan188" value="ⲟⲩⲟⲉⲓⲛ"/>
		<feat xlink:href="#sSpan271" value="ⲙⲛⲧ"/>
		<feat xlink:href="#sSpan275" value="ⲣⲣⲟ"/>
		<feat xlink:href="#sSpan335" value="ⲥϯ"/>
		<feat xlink:href="#sSpan338" value="ⲛⲟⲩϥⲉ"/>
		<feat xlink:href="#sSpan382" value="ϯ"/>
		<feat xlink:href="#sSpan386" value="ⲃⲱⲱⲛ"/>
		<feat xlink:href="#sSpan797" value="ⲁϣ"/>
		<feat xlink:href="#sSpan800" value="ⲁϩⲟⲙ"/>
		<feat xlink:href="#sSpan1016" value="ϭⲓⲛ"/>
		<feat xlink:href="#sSpan1020" value="ⲡⲟⲗⲩⲙⲉⲓ"/>
		<feat xlink:href="#sSpan1191" value="ⲙⲛⲧ"/>
		<feat xlink:href="#sSpan1194" value="ⲣⲱⲙⲉ"/>
		<feat xlink:href="#sSpan1365" value="ⲙⲛⲧ"/>
		<feat xlink:href="#sSpan1368" value="ⲣⲉϥ"/>
		<feat xlink:href="#sSpan1369" value="ϣⲙϣⲉ"/>
		<feat xlink:href="#sSpan1370" value="ⲉⲓⲇⲱⲗⲟⲛ"/>
		<feat xlink:href="#sSpan1381" value="ⲙⲛⲧ"/>
		<feat xlink:href="#sSpan1384" value="ⲣⲉϥ"/>
		<feat xlink:href="#sSpan1386" value="ⲧⲱⲣⲡ"/>
		<feat xlink:href="#sSpan1395" value="ⲙⲛⲧ"/>
		<feat xlink:href="#sSpan1398" value="ⲁⲧ"/>
		<feat xlink:href="#sSpan1400" value="ϣⲁⲩ"/>
		<feat xlink:href="#sSpan1409" value="ⲙⲛⲧ"/>
		<feat xlink:href="#sSpan1412" value="ⲣⲉϥ"/>
		<feat xlink:href="#sSpan1414" value="ϫⲓⲟⲩⲉ"/>
		<feat xlink:href="#sSpan1424" value="ⲙⲛⲧ"/>
		<feat xlink:href="#sSpan1427" value="ⲣⲉϥ"/>
		<feat xlink:href="#sSpan1429" value="ϩⲱⲧⲃ"/>
		<feat xlink:href="#sSpan1508" value="ⲙⲛⲧ"/>
		<feat xlink:href="#sSpan1511" value="ⲣⲉϥ"/>
		<feat xlink:href="#sSpan1512" value="ⲣϩⲓⲕ"/>
		<feat xlink:href="#sSpan1593" value="ⲙⲛⲧ"/>
		<feat xlink:href="#sSpan1596" value="ϫⲁⲥⲓ"/>
		<feat xlink:href="#sSpan1597" value="ϩⲏⲧ"/>
		<feat xlink:href="#sSpan1653" value="ⲙⲛⲧ"/>
		<feat xlink:href="#sSpan1656" value="ⲥⲁ"/>
		<feat xlink:href="#sSpan1657" value="ⲛ"/>
		<feat xlink:href="#sSpan1658" value="ⲕⲟⲧⲥ"/>
		<feat xlink:href="#sSpan1900" value="ⲣⲙ"/>
		<feat xlink:href="#sSpan1904" value="ϩⲉ"/>
		<feat xlink:href="#sSpan1920" value="ⲣ"/>
		<feat xlink:href="#sSpan1923" value="ϩⲛⲁ"/>
		<feat xlink:href="#sSpan2075" value="ⲧⲁϣⲉ"/>
		<feat xlink:href="#sSpan2078" value="ⲟⲉⲓϣ"/>
		<feat xlink:href="#sSpan2119" value="ⲙⲛⲧ"/>
		<feat xlink:href="#sSpan2122" value="ⲣⲣⲟ"/>
		<feat xlink:href="#sSpan2156" value="ϯ"/>
		<feat xlink:href="#sSpan2159" value="ϩⲧⲏ"/>
		<feat xlink:href="#sSpan2241" value="ⲁϫⲓ"/>
		<feat xlink:href="#sSpan2245" value="ⲏⲡⲉ"/>
		<feat xlink:href="#sSpan2541" value="ⲙⲛⲧ"/>
		<feat xlink:href="#sSpan2544" value="ⲛⲟⲩⲧⲉ"/>
		<feat xlink:href="#sSpan2728" value="ⲙⲛⲧ"/>
		<feat xlink:href="#sSpan2732" value="ⲛⲟⲩⲧⲉ"/>
		<feat xlink:href="#sSpan2800" value="ⲛⲁϩⲙⲉ"/>
		<feat xlink:href="#sSpan2803" value="ⲃⲱⲕ"/>
		<feat xlink:href="#sSpan3165" value="ⲡ"/>
		<feat xlink:href="#sSpan3168" value="ⲉⲑ"/>
		<feat xlink:href="#sSpan3169" value="ⲟⲟⲩ"/>
		<feat xlink:href="#sSpan3298" value="ϯ"/>
		<feat xlink:href="#sSpan3304" value="ⲣⲙⲉⲓⲏ"/>
		<feat xlink:href="#sSpan3320" value="ⲁϣ"/>
		<feat xlink:href="#sSpan3326" value="ⲁϩⲟⲙ"/>
		<feat xlink:href="#sSpan3486" value="ϯ"/>
		<feat xlink:href="#sSpan3489" value="ⲉⲓⲃⲧ"/>
		<feat xlink:href="#sSpan3523" value="ϯ"/>
		<feat xlink:href="#sSpan3526" value="ⲁⲁⲥ"/>
		<feat xlink:href="#sSpan3578" value="ϯ"/>
		<feat xlink:href="#sSpan3581" value="ⲕⲗⲯ"/>
		<feat xlink:href="#sSpan4009" value="ⲣ"/>
		<feat xlink:href="#sSpan4012" value="ϩⲟⲧⲉ"/>
		<feat xlink:href="#sSpan4110" value="ⲣ"/>
		<feat xlink:href="#sSpan4113" value="ⲗⲁⲁⲩ"/>
		<feat xlink:href="#sSpan4178" value="ⲙⲛⲧ"/>
		<feat xlink:href="#sSpan4182" value="ⲣⲣⲟ"/>
		<feat xlink:href="#sSpan4408" value="ⲙⲛⲧ"/>
		<feat xlink:href="#sSpan4411" value="ⲛⲟⲩⲧⲉ"/>
		<feat xlink:href="#sSpan4477" value="ⲙⲛⲧ"/>
		<feat xlink:href="#sSpan4481" value="ⲣⲣⲟ"/>
		<feat xlink:href="#sSpan4495" value="ϯ"/>
		<feat xlink:href="#sSpan4498" value="ⲉⲟⲟⲩ"/>
		<feat xlink:href="#sSpan4522" value="ⲣⲉϥ"/>
		<feat xlink:href="#sSpan4525" value="ⲣ"/>
		<feat xlink:href="#sSpan4526" value="ⲛⲟⲃⲉ"/>
		<feat xlink:href="#sSpan4549" value="ϯ"/>
		<feat xlink:href="#sSpan4553" value="ⲉⲟⲟⲩ"/></featList></paula>