<?xml version='1.0' encoding='UTF-8'?><!DOCTYPE paula SYSTEM "paula_feat.dtd">
<paula version="1.1">
	<header paula_id="scriptorium.cross.michbr283-286.mark_translation"/>
	<featList xmlns:xlink="http://www.w3.org/1999/xlink" type="translation" xml:base="scriptorium.cross.michbr283-286.mark.xml">
		<feat xlink:href="#sSpan9" value="..."/>
		<feat xlink:href="#sSpan131" value="..."/>
		<feat xlink:href="#sSpan231" value="..."/>
		<feat xlink:href="#sSpan330" value="..."/>
		<feat xlink:href="#sSpan416" value="..."/>
		<feat xlink:href="#sSpan502" value="..."/>
		<feat xlink:href="#sSpan598" value="..."/>
		<feat xlink:href="#sSpan657" value="..."/>
		<feat xlink:href="#sSpan732" value="..."/>
		<feat xlink:href="#sSpan812" value="..."/>
		<feat xlink:href="#sSpan927" value="..."/>
		<feat xlink:href="#sSpan993" value="..."/>
		<feat xlink:href="#sSpan1041" value="..."/>
		<feat xlink:href="#sSpan1125" value="..."/>
		<feat xlink:href="#sSpan1211" value="..."/>
		<feat xlink:href="#sSpan1265" value="..."/>
		<feat xlink:href="#sSpan1363" value="..."/>
		<feat xlink:href="#sSpan1440" value="..."/>
		<feat xlink:href="#sSpan1548" value="..."/>
		<feat xlink:href="#sSpan1651" value="..."/>
		<feat xlink:href="#sSpan1703" value="..."/>
		<feat xlink:href="#sSpan1785" value="..."/>
		<feat xlink:href="#sSpan1861" value="..."/>
		<feat xlink:href="#sSpan1914" value="..."/>
		<feat xlink:href="#sSpan1995" value="..."/>
		<feat xlink:href="#sSpan2071" value="..."/>
		<feat xlink:href="#sSpan2142" value="..."/>
		<feat xlink:href="#sSpan2191" value="..."/>
		<feat xlink:href="#sSpan2288" value="..."/>
		<feat xlink:href="#sSpan2364" value="..."/>
		<feat xlink:href="#sSpan2419" value="..."/>
		<feat xlink:href="#sSpan2508" value="..."/>
		<feat xlink:href="#sSpan2584" value="..."/>
		<feat xlink:href="#sSpan2689" value="..."/>
		<feat xlink:href="#sSpan2743" value="..."/>
		<feat xlink:href="#sSpan2821" value="..."/>
		<feat xlink:href="#sSpan2871" value="..."/>
		<feat xlink:href="#sSpan2961" value="..."/>
		<feat xlink:href="#sSpan3012" value="..."/>
		<feat xlink:href="#sSpan3113" value="..."/>
		<feat xlink:href="#sSpan3150" value="..."/>
		<feat xlink:href="#sSpan3202" value="..."/>
		<feat xlink:href="#sSpan3249" value="..."/>
		<feat xlink:href="#sSpan3315" value="..."/>
		<feat xlink:href="#sSpan3367" value="..."/>
		<feat xlink:href="#sSpan3550" value="..."/>
		<feat xlink:href="#sSpan3610" value="..."/>
		<feat xlink:href="#sSpan3686" value="..."/>
		<feat xlink:href="#sSpan3728" value="..."/>
		<feat xlink:href="#sSpan3771" value="..."/>
		<feat xlink:href="#sSpan3808" value="..."/>
		<feat xlink:href="#sSpan3863" value="..."/>
		<feat xlink:href="#sSpan3911" value="..."/>
		<feat xlink:href="#sSpan3970" value="..."/>
		<feat xlink:href="#sSpan4043" value="..."/>
		<feat xlink:href="#sSpan4135" value="..."/>
		<feat xlink:href="#sSpan4192" value="..."/>
		<feat xlink:href="#sSpan4273" value="..."/>
		<feat xlink:href="#sSpan4336" value="..."/>
		<feat xlink:href="#sSpan4388" value="..."/>
		<feat xlink:href="#sSpan4491" value="..."/>
		<feat xlink:href="#sSpan4537" value="..."/>
		<feat xlink:href="#sSpan4594" value="..."/></featList></paula>