<?xml version='1.0' encoding='UTF-8'?><!DOCTYPE paula SYSTEM "paula_feat.dtd">
<paula version="1.1">
	<header paula_id="scriptorium.cross.michbr283-286.mark_entity"/>
	<featList xmlns:xlink="http://www.w3.org/1999/xlink" type="entity" xml:base="scriptorium.cross.michbr283-286.mark.xml">
		<feat xlink:href="#sSpan7" value="abstract"/>
		<feat xlink:href="#sSpan25" value="person"/>
		<feat xlink:href="#sSpan46" value="place"/>
		<feat xlink:href="#sSpan71" value="object"/>
		<feat xlink:href="#sSpan82" value="person"/>
		<feat xlink:href="#sSpan97" value="abstract"/>
		<feat xlink:href="#sSpan107" value="person"/>
		<feat xlink:href="#sSpan135" value="object"/>
		<feat xlink:href="#sSpan144" value="abstract"/>
		<feat xlink:href="#sSpan165" value="place"/>
		<feat xlink:href="#sSpan196" value="person"/>
		<feat xlink:href="#sSpan203" value="abstract"/>
		<feat xlink:href="#sSpan213" value="abstract"/>
		<feat xlink:href="#sSpan222" value="event"/>
		<feat xlink:href="#sSpan235" value="person"/>
		<feat xlink:href="#sSpan244" value="abstract"/>
		<feat xlink:href="#sSpan261" value="abstract"/>
		<feat xlink:href="#sSpan270" value="abstract"/>
		<feat xlink:href="#sSpan286" value="person"/>
		<feat xlink:href="#sSpan307" value="place"/>
		<feat xlink:href="#sSpan316" value="object"/>
		<feat xlink:href="#sSpan334" value="abstract"/>
		<feat xlink:href="#sSpan355" value="person"/>
		<feat xlink:href="#sSpan363" value="abstract"/>
		<feat xlink:href="#sSpan381" value="abstract"/>
		<feat xlink:href="#sSpan393" value="abstract"/>
		<feat xlink:href="#sSpan403" value="object"/>
		<feat xlink:href="#sSpan420" value="animal"/>
		<feat xlink:href="#sSpan429" value="person"/>
		<feat xlink:href="#sSpan447" value="place"/>
		<feat xlink:href="#sSpan456" value="plant"/>
		<feat xlink:href="#sSpan464" value="animal"/>
		<feat xlink:href="#sSpan481" value="abstract"/>
		<feat xlink:href="#sSpan491" value="abstract"/>
		<feat xlink:href="#sSpan507" value="person"/>
		<feat xlink:href="#sSpan533" value="abstract"/>
		<feat xlink:href="#sSpan543" value="abstract"/>
		<feat xlink:href="#sSpan550" value="person"/>
		<feat xlink:href="#sSpan580" value="object"/>
		<feat xlink:href="#sSpan588" value="abstract"/>
		<feat xlink:href="#sSpan602" value="abstract"/>
		<feat xlink:href="#sSpan613" value="abstract"/>
		<feat xlink:href="#sSpan676" value="place"/>
		<feat xlink:href="#sSpan686" value="person"/>
		<feat xlink:href="#sSpan741" value="abstract"/>
		<feat xlink:href="#sSpan765" value="abstract"/>
		<feat xlink:href="#sSpan833" value="person"/>
		<feat xlink:href="#sSpan849" value="abstract"/>
		<feat xlink:href="#sSpan863" value="object"/>
		<feat xlink:href="#sSpan913" value="person"/>
		<feat xlink:href="#sSpan949" value="person"/>
		<feat xlink:href="#sSpan969" value="object"/>
		<feat xlink:href="#sSpan981" value="abstract"/>
		<feat xlink:href="#sSpan989" value="person"/>
		<feat xlink:href="#sSpan1015" value="abstract"/>
		<feat xlink:href="#sSpan1028" value="person"/>
		<feat xlink:href="#sSpan1070" value="abstract"/>
		<feat xlink:href="#sSpan1099" value="person"/>
		<feat xlink:href="#sSpan1109" value="abstract"/>
		<feat xlink:href="#sSpan1122" value="abstract"/>
		<feat xlink:href="#sSpan1149" value="person"/>
		<feat xlink:href="#sSpan1180" value="person"/>
		<feat xlink:href="#sSpan1190" value="organization"/>
		<feat xlink:href="#sSpan1215" value="abstract"/>
		<feat xlink:href="#sSpan1223" value="person"/>
		<feat xlink:href="#sSpan1248" value="place"/>
		<feat xlink:href="#sSpan1278" value="person"/>
		<feat xlink:href="#sSpan1290" value="person"/>
		<feat xlink:href="#sSpan1306" value="abstract"/>
		<feat xlink:href="#sSpan1330" value="object"/>
		<feat xlink:href="#sSpan1347" value="abstract"/>
		<feat xlink:href="#sSpan1361" value="abstract"/>
		<feat xlink:href="#sSpan1421" value="abstract"/>
		<feat xlink:href="#sSpan1438" value="abstract"/>
		<feat xlink:href="#sSpan1462" value="abstract"/>
		<feat xlink:href="#sSpan1469" value="abstract"/>
		<feat xlink:href="#sSpan1481" value="abstract"/>
		<feat xlink:href="#sSpan1493" value="abstract"/>
		<feat xlink:href="#sSpan1505" value="abstract"/>
		<feat xlink:href="#sSpan1520" value="abstract"/>
		<feat xlink:href="#sSpan1531" value="abstract"/>
		<feat xlink:href="#sSpan1546" value="abstract"/>
		<feat xlink:href="#sSpan1559" value="abstract"/>
		<feat xlink:href="#sSpan1615" value="abstract"/>
		<feat xlink:href="#sSpan1634" value="abstract"/>
		<feat xlink:href="#sSpan1647" value="abstract"/>
		<feat xlink:href="#sSpan1670" value="person"/>
		<feat xlink:href="#sSpan1683" value="abstract"/>
		<feat xlink:href="#sSpan1698" value="abstract"/>
		<feat xlink:href="#sSpan1713" value="abstract"/>
		<feat xlink:href="#sSpan1724" value="person"/>
		<feat xlink:href="#sSpan1740" value="person"/>
		<feat xlink:href="#sSpan1817" value="person"/>
		<feat xlink:href="#sSpan1880" value="abstract"/>
		<feat xlink:href="#sSpan1903" value="person"/>
		<feat xlink:href="#sSpan1932" value="person"/>
		<feat xlink:href="#sSpan1948" value="abstract"/>
		<feat xlink:href="#sSpan1956" value="abstract"/>
		<feat xlink:href="#sSpan2008" value="person"/>
		<feat xlink:href="#sSpan2024" value="place"/>
		<feat xlink:href="#sSpan2049" value="organization"/>
		<feat xlink:href="#sSpan2118" value="abstract"/>
		<feat xlink:href="#sSpan2130" value="place"/>
		<feat xlink:href="#sSpan2169" value="abstract"/>
		<feat xlink:href="#sSpan2197" value="abstract"/>
		<feat xlink:href="#sSpan2210" value="abstract"/>
		<feat xlink:href="#sSpan2226" value="place"/>
		<feat xlink:href="#sSpan2240" value="abstract"/>
		<feat xlink:href="#sSpan2254" value="person"/>
		<feat xlink:href="#sSpan2284" value="person"/>
		<feat xlink:href="#sSpan2311" value="person"/>
		<feat xlink:href="#sSpan2335" value="person"/>
		<feat xlink:href="#sSpan2359" value="person"/>
		<feat xlink:href="#sSpan2387" value="person"/>
		<feat xlink:href="#sSpan2417" value="object"/>
		<feat xlink:href="#sSpan2452" value="person"/>
		<feat xlink:href="#sSpan2474" value="object"/>
		<feat xlink:href="#sSpan2481" value="person"/>
		<feat xlink:href="#sSpan2516" value="abstract"/>
		<feat xlink:href="#sSpan2540" value="abstract"/>
		<feat xlink:href="#sSpan2570" value="person"/>
		<feat xlink:href="#sSpan2588" value="person"/>
		<feat xlink:href="#sSpan2614" value="abstract"/>
		<feat xlink:href="#sSpan2636" value="object"/>
		<feat xlink:href="#sSpan2652" value="object"/>
		<feat xlink:href="#sSpan2662" value="person"/>
		<feat xlink:href="#sSpan2718" value="abstract"/>
		<feat xlink:href="#sSpan2727" value="abstract"/>
		<feat xlink:href="#sSpan2755" value="abstract"/>
		<feat xlink:href="#sSpan2766" value="person"/>
		<feat xlink:href="#sSpan2783" value="abstract"/>
		<feat xlink:href="#sSpan2811" value="abstract"/>
		<feat xlink:href="#sSpan2825" value="abstract"/>
		<feat xlink:href="#sSpan2937" value="place"/>
		<feat xlink:href="#sSpan2947" value="person"/>
		<feat xlink:href="#sSpan2980" value="abstract"/>
		<feat xlink:href="#sSpan2989" value="place"/>
		<feat xlink:href="#sSpan2999" value="abstract"/>
		<feat xlink:href="#sSpan3021" value="abstract"/>
		<feat xlink:href="#sSpan3053" value="abstract"/>
		<feat xlink:href="#sSpan3068" value="abstract"/>
		<feat xlink:href="#sSpan3080" value="place"/>
		<feat xlink:href="#sSpan3096" value="abstract"/>
		<feat xlink:href="#sSpan3119" value="abstract"/>
		<feat xlink:href="#sSpan3128" value="place"/>
		<feat xlink:href="#sSpan3164" value="abstract"/>
		<feat xlink:href="#sSpan3189" value="person"/>
		<feat xlink:href="#sSpan3206" value="person"/>
		<feat xlink:href="#sSpan3247" value="abstract"/>
		<feat xlink:href="#sSpan3277" value="object"/>
		<feat xlink:href="#sSpan3293" value="object"/>
		<feat xlink:href="#sSpan3311" value="abstract"/>
		<feat xlink:href="#sSpan3333" value="abstract"/>
		<feat xlink:href="#sSpan3363" value="person"/>
		<feat xlink:href="#sSpan3392" value="person"/>
		<feat xlink:href="#sSpan3422" value="person"/>
		<feat xlink:href="#sSpan3452" value="person"/>
		<feat xlink:href="#sSpan3503" value="object"/>
		<feat xlink:href="#sSpan3538" value="object"/>
		<feat xlink:href="#sSpan3588" value="object"/>
		<feat xlink:href="#sSpan3598" value="person"/>
		<feat xlink:href="#sSpan3623" value="object"/>
		<feat xlink:href="#sSpan3632" value="plant"/>
		<feat xlink:href="#sSpan3665" value="object"/>
		<feat xlink:href="#sSpan3705" value="substance"/>
		<feat xlink:href="#sSpan3714" value="abstract"/>
		<feat xlink:href="#sSpan3726" value="abstract"/>
		<feat xlink:href="#sSpan3792" value="person"/>
		<feat xlink:href="#sSpan3803" value="person"/>
		<feat xlink:href="#sSpan3836" value="abstract"/>
		<feat xlink:href="#sSpan3846" value="person"/>
		<feat xlink:href="#sSpan3873" value="person"/>
		<feat xlink:href="#sSpan3926" value="person"/>
		<feat xlink:href="#sSpan3974" value="person"/>
		<feat xlink:href="#sSpan3997" value="abstract"/>
		<feat xlink:href="#sSpan4034" value="person"/>
		<feat xlink:href="#sSpan4066" value="abstract"/>
		<feat xlink:href="#sSpan4075" value="abstract"/>
		<feat xlink:href="#sSpan4094" value="abstract"/>
		<feat xlink:href="#sSpan4109" value="abstract"/>
		<feat xlink:href="#sSpan4121" value="abstract"/>
		<feat xlink:href="#sSpan4161" value="person"/>
		<feat xlink:href="#sSpan4177" value="abstract"/>
		<feat xlink:href="#sSpan4197" value="person"/>
		<feat xlink:href="#sSpan4211" value="abstract"/>
		<feat xlink:href="#sSpan4233" value="time"/>
		<feat xlink:href="#sSpan4258" value="place"/>
		<feat xlink:href="#sSpan4271" value="object"/>
		<feat xlink:href="#sSpan4283" value="place"/>
		<feat xlink:href="#sSpan4305" value="abstract"/>
		<feat xlink:href="#sSpan4318" value="person"/>
		<feat xlink:href="#sSpan4407" value="abstract"/>
		<feat xlink:href="#sSpan4427" value="object"/>
		<feat xlink:href="#sSpan4459" value="person"/>
		<feat xlink:href="#sSpan4467" value="abstract"/>
		<feat xlink:href="#sSpan4476" value="place"/>
		<feat xlink:href="#sSpan4501" value="abstract"/>
		<feat xlink:href="#sSpan4511" value="place"/>
		<feat xlink:href="#sSpan4520" value="person"/>
		<feat xlink:href="#sSpan4570" value="place"/>
		<feat xlink:href="#sSpan4580" value="object"/>
		<feat xlink:href="#sSpan4617" value="object"/></featList></paula>