<?xml version="1.0" encoding="UTF-8" standalone="no"?>

<!DOCTYPE paula SYSTEM "paula_feat.dtd">
<paula version="1.0">

<header paula_id="AP.217.besarion_norm_group"/>

<featList xmlns:xlink="http://www.w3.org/1999/xlink" type="norm_group" xml:base="AP.217.besarion.norm_groupSeg.xml">
<feat xlink:href="#norm_group_4" value="ϩⲛⲕⲉⲥⲟⲡ"/><!-- ϩⲛ̇ -->
<feat xlink:href="#norm_group_8" value="ⲇⲉ"/><!-- ⲇⲉ -->
<feat xlink:href="#norm_group_9" value="ⲁ"/><!-- ⲁ -->
<feat xlink:href="#norm_group_10" value="ⲕⲉⲣⲭⲣⲓⲁ"/><!-- ⲕⲉ -->
<feat xlink:href="#norm_group_13" value="ⲧⲁϩⲟϥ"/><!-- ⲧⲁϩⲟ -->
<feat xlink:href="#norm_group_15" value="ⲁϥϣⲗⲏⲗ"/><!-- ⲁ -->
<feat xlink:href="#norm_group_18" value="ⲁⲩⲱ"/><!-- ⲁⲩⲱ -->
<feat xlink:href="#norm_group_19" value="ⲁϥⲟⲩⲱⲧⲃ"/><!-- ⲁ -->
<feat xlink:href="#norm_group_22" value="ⲙⲡⲓⲉⲣⲟ"/><!-- ⲙ̇ -->
<feat xlink:href="#norm_group_27" value="ⲉⲧⲟⲩⲙⲟⲩⲧⲉ"/><!-- ⲉ -->
<feat xlink:href="#norm_group_33" value="ⲉⲣⲟϥ"/><!-- ⲉ̇ -->
<feat xlink:href="#norm_group_36" value="ϫⲉⲡⲁⲟⲩⲟⲛ"/><!-- ϫⲉ -->
<feat xlink:href="#norm_group_39" value="ⲛⲛⲟⲩⲃ"/><!-- ⲛ̇ -->
<feat xlink:href="#norm_group_41" value="·"/><!-- · -->
<feat xlink:href="#norm_group_42" value="ⲡϩⲉⲣⲙⲁⲛ"/><!-- ⲡ̇ -->
<feat xlink:href="#norm_group_44" value="·"/><!-- · -->
<feat xlink:href="#norm_group_45" value="ⲉϥⲙⲟⲟϣⲉ"/><!-- ⲉ̇ -->
<feat xlink:href="#norm_group_49" value="ⲛⲣⲁⲧϥ"/><!-- ⲛ̇ -->
<feat xlink:href="#norm_group_52" value="ϣⲁⲛⲧⲉϥⲃⲱⲕ"/><!-- ϣⲁⲛⲧⲉ -->
<feat xlink:href="#norm_group_55" value="ⲉⲡⲉⲕⲣⲟ"/><!-- ⲉ̇ -->
<feat xlink:href="#norm_group_58" value="."/><!-- :ⲻ -->
<feat xlink:href="#norm_group_59" value="ⲁⲛⲟⲕ"/><!-- Ⲁ -->
<feat xlink:href="#norm_group_61" value="ⲇⲉ"/><!-- ⲇⲉ -->
<feat xlink:href="#norm_group_62" value="ⲁⲓⲣϣⲡⲏⲣⲉ"/><!-- ⲁ -->
<feat xlink:href="#norm_group_66" value="ⲁⲓⲡⲁϩⲧ"/><!-- ⲁ -->
<feat xlink:href="#norm_group_69" value="ⲛⲁϥ"/><!-- ⲛⲁ -->
<feat xlink:href="#norm_group_71" value="·"/><!-- · -->
<feat xlink:href="#norm_group_72" value="ϫⲉⲉⲕⲁⲓⲥⲑⲁⲛⲉ"/><!-- ϫⲉ -->
<feat xlink:href="#norm_group_76" value="ⲉⲛⲉⲕⲟⲩⲉⲣⲏⲧⲉ"/><!-- ⲉ -->
<feat xlink:href="#norm_group_80" value="ⲛⲁϣ"/><!-- ⲛ -->
<feat xlink:href="#norm_group_82" value="ⲛϩⲉ"/><!-- ⲛ̇ -->
<feat xlink:href="#norm_group_84" value="ⲉⲕⲙⲟⲟϣⲉ"/><!-- ⲉ̇ -->
<feat xlink:href="#norm_group_88" value="ϩⲓϫⲛⲙⲙⲟⲟⲩ"/><!-- ϩⲓϫⲛ̇ -->
<feat xlink:href="#norm_group_91" value="."/><!-- . -->
<feat xlink:href="#norm_group_92" value="ⲡⲉϫⲁϥ"/><!-- Ⲡ -->
<feat xlink:href="#norm_group_95" value="ⲛϭⲓⲡϩⲗⲗⲟ"/><!-- ⲛ̇ϭⲓ -->
<feat xlink:href="#norm_group_98" value="ϫⲉϯⲉⲥⲑⲁⲛⲉ"/><!-- ϫⲉ -->
<feat xlink:href="#norm_group_101" value="ϫⲉⲡⲙⲟⲟⲩ"/><!-- ϫⲉ -->
<feat xlink:href="#norm_group_105" value="ⲛⲏⲩ"/><!-- ⲛⲏⲩ -->
<feat xlink:href="#norm_group_106" value="ϣⲁⲛⲕⲗⲗⲉ"/><!-- ϣⲁ -->
<feat xlink:href="#norm_group_109" value="ⲛⲣⲁⲧ"/><!-- ⲛ̇ -->
<feat xlink:href="#norm_group_111" value="."/><!-- . -->
<feat xlink:href="#norm_group_112" value="ⲡⲉⲥⲏⲧ"/><!-- ⲡ -->
<feat xlink:href="#norm_group_114" value="ⲇⲉ"/><!-- ⲇⲉ -->
<feat xlink:href="#norm_group_115" value="ⲡⲉⲧⲧⲁϫⲣⲏⲩ"/><!-- ⲡⲉⲧ -->
<feat xlink:href="#norm_group_117" value="ⲡⲉ"/><!-- ⲡⲉ -->
<feat xlink:href="#norm_group_118" value="."/><!-- . -->
</featList>
</paula>
