<?xml version="1.0" encoding="UTF-8" standalone="no"?>

<!DOCTYPE paula SYSTEM "paula_feat.dtd">
<paula version="1.0">

<header paula_id="AP.217.besarion_hi_rend"/>

<featList xmlns:xlink="http://www.w3.org/1999/xlink" type="hi_rend" xml:base="AP.217.besarion.hi_rendSeg.xml">
<feat xlink:href="#hi_rend_5" value="red, tall"/><!-- Ⲕ -->
<feat xlink:href="#hi_rend_25" value="tall"/><!-- Ⲣ -->
<feat xlink:href="#hi_rend_28" value="tall"/><!-- Ⲧ -->
<feat xlink:href="#hi_rend_31" value="tall"/><!-- Ⲩ -->
<feat xlink:href="#hi_rend_59" value="red, tall"/><!-- Ⲁ -->
<feat xlink:href="#hi_rend_92" value="red, tall"/><!-- Ⲡ -->
</featList>
</paula>
