<?xml version='1.0' encoding='UTF-8'?><!DOCTYPE paula SYSTEM "paula_rel.dtd">
<paula version="1.1">
	<header paula_id="scriptorium.01_Genesis_05.head"/>
	<relList xmlns:xlink="http://www.w3.org/1999/xlink" type="head">
		<rel id="sPointingRel1187" xlink:href="scriptorium.01_Genesis_05.mark.xml#sSpan688" target="scriptorium.01_Genesis_05.mark.xml#sSpan687"/>
		<rel id="sPointingRel1189" xlink:href="scriptorium.01_Genesis_05.mark.xml#sSpan131" target="scriptorium.01_Genesis_05.mark.xml#sSpan132"/>
		<rel id="sPointingRel1191" xlink:href="scriptorium.01_Genesis_05.mark.xml#sSpan490" target="scriptorium.01_Genesis_05.mark.xml#sSpan489"/>
		<rel id="sPointingRel1193" xlink:href="scriptorium.01_Genesis_05.mark.xml#sSpan30" target="scriptorium.01_Genesis_05.mark.xml#sSpan31"/>
		<rel id="sPointingRel1195" xlink:href="scriptorium.01_Genesis_05.mark.xml#sSpan439" target="scriptorium.01_Genesis_05.mark.xml#sSpan438"/>
		<rel id="sPointingRel1197" xlink:href="scriptorium.01_Genesis_05.mark.xml#sSpan486" target="scriptorium.01_Genesis_05.mark.xml#sSpan485"/>
		<rel id="sPointingRel1199" xlink:href="scriptorium.01_Genesis_05.mark.xml#sSpan904" target="scriptorium.01_Genesis_05.mark.xml#sSpan903"/>
		<rel id="sPointingRel1201" xlink:href="scriptorium.01_Genesis_05.mark.xml#sSpan433" target="scriptorium.01_Genesis_05.mark.xml#sSpan434"/>
		<rel id="sPointingRel1203" xlink:href="scriptorium.01_Genesis_05.mark.xml#sSpan19" target="scriptorium.01_Genesis_05.mark.xml#sSpan20"/>
		<rel id="sPointingRel1205" xlink:href="scriptorium.01_Genesis_05.mark.xml#sSpan862" target="scriptorium.01_Genesis_05.mark.xml#sSpan865"/>
		<rel id="sPointingRel1207" xlink:href="scriptorium.01_Genesis_05.mark.xml#sSpan333" target="scriptorium.01_Genesis_05.mark.xml#sSpan336"/>
		<rel id="sPointingRel1209" xlink:href="scriptorium.01_Genesis_05.mark.xml#sSpan792" target="scriptorium.01_Genesis_05.mark.xml#sSpan791"/>
		<rel id="sPointingRel1211" xlink:href="scriptorium.01_Genesis_05.mark.xml#sSpan816" target="scriptorium.01_Genesis_05.mark.xml#sSpan815"/>
		<rel id="sPointingRel1213" xlink:href="scriptorium.01_Genesis_05.mark.xml#sSpan102" target="scriptorium.01_Genesis_05.mark.xml#sSpan101"/>
		<rel id="sPointingRel1215" xlink:href="scriptorium.01_Genesis_05.mark.xml#sSpan620" target="scriptorium.01_Genesis_05.mark.xml#sSpan619"/>
		<rel id="sPointingRel1217" xlink:href="scriptorium.01_Genesis_05.mark.xml#sSpan211" target="scriptorium.01_Genesis_05.mark.xml#sSpan212"/>
		<rel id="sPointingRel1219" xlink:href="scriptorium.01_Genesis_05.mark.xml#sSpan89" target="scriptorium.01_Genesis_05.mark.xml#sSpan88"/>
		<rel id="sPointingRel1221" xlink:href="scriptorium.01_Genesis_05.mark.xml#sSpan198" target="scriptorium.01_Genesis_05.mark.xml#sSpan199"/>
		<rel id="sPointingRel1223" xlink:href="scriptorium.01_Genesis_05.mark.xml#sSpan443" target="scriptorium.01_Genesis_05.mark.xml#sSpan447"/>
		<rel id="sPointingRel1225" xlink:href="scriptorium.01_Genesis_05.mark.xml#sSpan394" target="scriptorium.01_Genesis_05.mark.xml#sSpan407"/>
		<rel id="sPointingRel1227" xlink:href="scriptorium.01_Genesis_05.mark.xml#sSpan801" target="scriptorium.01_Genesis_05.mark.xml#sSpan802"/>
		<rel id="sPointingRel1229" xlink:href="scriptorium.01_Genesis_05.mark.xml#sSpan674" target="scriptorium.01_Genesis_05.mark.xml#sSpan673"/>
		<rel id="sPointingRel1231" xlink:href="scriptorium.01_Genesis_05.mark.xml#sSpan1068" target="scriptorium.01_Genesis_05.mark.xml#sSpan1067"/>
		<rel id="sPointingRel1233" xlink:href="scriptorium.01_Genesis_05.mark.xml#sSpan652" target="scriptorium.01_Genesis_05.mark.xml#sSpan651"/>
		<rel id="sPointingRel1235" xlink:href="scriptorium.01_Genesis_05.mark.xml#sSpan833" target="scriptorium.01_Genesis_05.mark.xml#sSpan834"/>
		<rel id="sPointingRel1237" xlink:href="scriptorium.01_Genesis_05.mark.xml#sSpan385" target="scriptorium.01_Genesis_05.mark.xml#sSpan384"/>
		<rel id="sPointingRel1239" xlink:href="scriptorium.01_Genesis_05.mark.xml#sSpan867" target="scriptorium.01_Genesis_05.mark.xml#sSpan866"/>
		<rel id="sPointingRel1241" xlink:href="scriptorium.01_Genesis_05.mark.xml#sSpan591" target="scriptorium.01_Genesis_05.mark.xml#sSpan604"/>
		<rel id="sPointingRel1243" xlink:href="scriptorium.01_Genesis_05.mark.xml#sSpan201" target="scriptorium.01_Genesis_05.mark.xml#sSpan200"/>
		<rel id="sPointingRel1245" xlink:href="scriptorium.01_Genesis_05.mark.xml#sSpan702" target="scriptorium.01_Genesis_05.mark.xml#sSpan701"/>
		<rel id="sPointingRel1247" xlink:href="scriptorium.01_Genesis_05.mark.xml#sSpan960" target="scriptorium.01_Genesis_05.mark.xml#sSpan961"/>
		<rel id="sPointingRel1249" xlink:href="scriptorium.01_Genesis_05.mark.xml#sSpan670" target="scriptorium.01_Genesis_05.mark.xml#sSpan680"/>
		<rel id="sPointingRel1251" xlink:href="scriptorium.01_Genesis_05.mark.xml#sSpan617" target="scriptorium.01_Genesis_05.mark.xml#sSpan618"/>
		<rel id="sPointingRel1253" xlink:href="scriptorium.01_Genesis_05.mark.xml#sSpan628" target="scriptorium.01_Genesis_05.mark.xml#sSpan633"/>
		<rel id="sPointingRel1255" xlink:href="scriptorium.01_Genesis_05.mark.xml#sSpan37" target="scriptorium.01_Genesis_05.mark.xml#sSpan36"/>
		<rel id="sPointingRel1257" xlink:href="scriptorium.01_Genesis_05.mark.xml#sSpan1063" target="scriptorium.01_Genesis_05.mark.xml#sSpan1062"/>
		<rel id="sPointingRel1259" xlink:href="scriptorium.01_Genesis_05.mark.xml#sSpan995" target="scriptorium.01_Genesis_05.mark.xml#sSpan1004"/>
		<rel id="sPointingRel1261" xlink:href="scriptorium.01_Genesis_05.mark.xml#sSpan739" target="scriptorium.01_Genesis_05.mark.xml#sSpan740"/>
		<rel id="sPointingRel1263" xlink:href="scriptorium.01_Genesis_05.mark.xml#sSpan306" target="scriptorium.01_Genesis_05.mark.xml#sSpan307"/>
		<rel id="sPointingRel1265" xlink:href="scriptorium.01_Genesis_05.mark.xml#sSpan1047" target="scriptorium.01_Genesis_05.mark.xml#sSpan1048"/>
		<rel id="sPointingRel1267" xlink:href="scriptorium.01_Genesis_05.mark.xml#sSpan940" target="scriptorium.01_Genesis_05.mark.xml#sSpan952"/>
		<rel id="sPointingRel1269" xlink:href="scriptorium.01_Genesis_05.mark.xml#sSpan420" target="scriptorium.01_Genesis_05.mark.xml#sSpan421"/>
		<rel id="sPointingRel1271" xlink:href="scriptorium.01_Genesis_05.mark.xml#sSpan24" target="scriptorium.01_Genesis_05.mark.xml#sSpan25"/>
		<rel id="sPointingRel1273" xlink:href="scriptorium.01_Genesis_05.mark.xml#sSpan477" target="scriptorium.01_Genesis_05.mark.xml#sSpan476"/>
		<rel id="sPointingRel1275" xlink:href="scriptorium.01_Genesis_05.mark.xml#sSpan497" target="scriptorium.01_Genesis_05.mark.xml#sSpan501"/>
		<rel id="sPointingRel1277" xlink:href="scriptorium.01_Genesis_05.mark.xml#sSpan880" target="scriptorium.01_Genesis_05.mark.xml#sSpan881"/>
		<rel id="sPointingRel1279" xlink:href="scriptorium.01_Genesis_05.mark.xml#sSpan731" target="scriptorium.01_Genesis_05.mark.xml#sSpan730"/>
		<rel id="sPointingRel1281" xlink:href="scriptorium.01_Genesis_05.mark.xml#sSpan521" target="scriptorium.01_Genesis_05.mark.xml#sSpan520"/>
		<rel id="sPointingRel1283" xlink:href="scriptorium.01_Genesis_05.mark.xml#sSpan929" target="scriptorium.01_Genesis_05.mark.xml#sSpan928"/>
		<rel id="sPointingRel1285" xlink:href="scriptorium.01_Genesis_05.mark.xml#sSpan857" target="scriptorium.01_Genesis_05.mark.xml#sSpan856"/>
		<rel id="sPointingRel1287" xlink:href="scriptorium.01_Genesis_05.mark.xml#sSpan147" target="scriptorium.01_Genesis_05.mark.xml#sSpan146"/>
		<rel id="sPointingRel1289" xlink:href="scriptorium.01_Genesis_05.mark.xml#sSpan63" target="scriptorium.01_Genesis_05.mark.xml#sSpan64"/>
		<rel id="sPointingRel1291" xlink:href="scriptorium.01_Genesis_05.mark.xml#sSpan93" target="scriptorium.01_Genesis_05.mark.xml#sSpan94"/>
		<rel id="sPointingRel1293" xlink:href="scriptorium.01_Genesis_05.mark.xml#sSpan244" target="scriptorium.01_Genesis_05.mark.xml#sSpan243"/>
		<rel id="sPointingRel1295" xlink:href="scriptorium.01_Genesis_05.mark.xml#sSpan276" target="scriptorium.01_Genesis_05.mark.xml#sSpan275"/>
		<rel id="sPointingRel1297" xlink:href="scriptorium.01_Genesis_05.mark.xml#sSpan254" target="scriptorium.01_Genesis_05.mark.xml#sSpan255"/>
		<rel id="sPointingRel1299" xlink:href="scriptorium.01_Genesis_05.mark.xml#sSpan126" target="scriptorium.01_Genesis_05.mark.xml#sSpan127"/>
		<rel id="sPointingRel1301" xlink:href="scriptorium.01_Genesis_05.mark.xml#sSpan728" target="scriptorium.01_Genesis_05.mark.xml#sSpan729"/>
		<rel id="sPointingRel1303" xlink:href="scriptorium.01_Genesis_05.mark.xml#sSpan563" target="scriptorium.01_Genesis_05.mark.xml#sSpan562"/>
		<rel id="sPointingRel1305" xlink:href="scriptorium.01_Genesis_05.mark.xml#sSpan747" target="scriptorium.01_Genesis_05.mark.xml#sSpan758"/>
		<rel id="sPointingRel1307" xlink:href="scriptorium.01_Genesis_05.mark.xml#sSpan917" target="scriptorium.01_Genesis_05.mark.xml#sSpan916"/>
		<rel id="sPointingRel1309" xlink:href="scriptorium.01_Genesis_05.mark.xml#sSpan177" target="scriptorium.01_Genesis_05.mark.xml#sSpan185"/>
		<rel id="sPointingRel1311" xlink:href="scriptorium.01_Genesis_05.mark.xml#sSpan1039" target="scriptorium.01_Genesis_05.mark.xml#sSpan1038"/>
		<rel id="sPointingRel1313" xlink:href="scriptorium.01_Genesis_05.mark.xml#sSpan145" target="scriptorium.01_Genesis_05.mark.xml#sSpan144"/>
		<rel id="sPointingRel1315" xlink:href="scriptorium.01_Genesis_05.mark.xml#sSpan374" target="scriptorium.01_Genesis_05.mark.xml#sSpan376"/>
		<rel id="sPointingRel1317" xlink:href="scriptorium.01_Genesis_05.mark.xml#sSpan229" target="scriptorium.01_Genesis_05.mark.xml#sSpan228"/>
		<rel id="sPointingRel1319" xlink:href="scriptorium.01_Genesis_05.mark.xml#sSpan529" target="scriptorium.01_Genesis_05.mark.xml#sSpan530"/>
		<rel id="sPointingRel1321" xlink:href="scriptorium.01_Genesis_05.mark.xml#sSpan393" target="scriptorium.01_Genesis_05.mark.xml#sSpan392"/>
		<rel id="sPointingRel1323" xlink:href="scriptorium.01_Genesis_05.mark.xml#sSpan978" target="scriptorium.01_Genesis_05.mark.xml#sSpan979"/>
		<rel id="sPointingRel1325" xlink:href="scriptorium.01_Genesis_05.mark.xml#sSpan157" target="scriptorium.01_Genesis_05.mark.xml#sSpan158"/>
		<rel id="sPointingRel1327" xlink:href="scriptorium.01_Genesis_05.mark.xml#sSpan706" target="scriptorium.01_Genesis_05.mark.xml#sSpan705"/>
		<rel id="sPointingRel1329" xlink:href="scriptorium.01_Genesis_05.mark.xml#sSpan114" target="scriptorium.01_Genesis_05.mark.xml#sSpan118"/>
		<rel id="sPointingRel1331" xlink:href="scriptorium.01_Genesis_05.mark.xml#sSpan1017" target="scriptorium.01_Genesis_05.mark.xml#sSpan1028"/>
		<rel id="sPointingRel1333" xlink:href="scriptorium.01_Genesis_05.mark.xml#sSpan586" target="scriptorium.01_Genesis_05.mark.xml#sSpan585"/>
		<rel id="sPointingRel1335" xlink:href="scriptorium.01_Genesis_05.mark.xml#sSpan819" target="scriptorium.01_Genesis_05.mark.xml#sSpan825"/>
		<rel id="sPointingRel1337" xlink:href="scriptorium.01_Genesis_05.mark.xml#sSpan193" target="scriptorium.01_Genesis_05.mark.xml#sSpan194"/>
		<rel id="sPointingRel1339" xlink:href="scriptorium.01_Genesis_05.mark.xml#sSpan871" target="scriptorium.01_Genesis_05.mark.xml#sSpan870"/>
		<rel id="sPointingRel1341" xlink:href="scriptorium.01_Genesis_05.mark.xml#sSpan669" target="scriptorium.01_Genesis_05.mark.xml#sSpan668"/>
		<rel id="sPointingRel1343" xlink:href="scriptorium.01_Genesis_05.mark.xml#sSpan1079" target="scriptorium.01_Genesis_05.mark.xml#sSpan1080"/>
		<rel id="sPointingRel1345" xlink:href="scriptorium.01_Genesis_05.mark.xml#sSpan1052" target="scriptorium.01_Genesis_05.mark.xml#sSpan1051"/>
		<rel id="sPointingRel1347" xlink:href="scriptorium.01_Genesis_05.mark.xml#sSpan540" target="scriptorium.01_Genesis_05.mark.xml#sSpan546"/>
		<rel id="sPointingRel1349" xlink:href="scriptorium.01_Genesis_05.mark.xml#sSpan612" target="scriptorium.01_Genesis_05.mark.xml#sSpan613"/>
		<rel id="sPointingRel1351" xlink:href="scriptorium.01_Genesis_05.mark.xml#sSpan46" target="scriptorium.01_Genesis_05.mark.xml#sSpan47"/>
		<rel id="sPointingRel1353" xlink:href="scriptorium.01_Genesis_05.mark.xml#sSpan994" target="scriptorium.01_Genesis_05.mark.xml#sSpan998"/>
		<rel id="sPointingRel1355" xlink:href="scriptorium.01_Genesis_05.mark.xml#sSpan777" target="scriptorium.01_Genesis_05.mark.xml#sSpan776"/>
		<rel id="sPointingRel1357" xlink:href="scriptorium.01_Genesis_05.mark.xml#sSpan513" target="scriptorium.01_Genesis_05.mark.xml#sSpan514"/>
		<rel id="sPointingRel1359" xlink:href="scriptorium.01_Genesis_05.mark.xml#sSpan287" target="scriptorium.01_Genesis_05.mark.xml#sSpan293"/>
		<rel id="sPointingRel1361" xlink:href="scriptorium.01_Genesis_05.mark.xml#sSpan723" target="scriptorium.01_Genesis_05.mark.xml#sSpan724"/>
		<rel id="sPointingRel1363" xlink:href="scriptorium.01_Genesis_05.mark.xml#sSpan2" target="scriptorium.01_Genesis_05.mark.xml#sSpan1"/>
		<rel id="sPointingRel1365" xlink:href="scriptorium.01_Genesis_05.mark.xml#sSpan590" target="scriptorium.01_Genesis_05.mark.xml#sSpan589"/>
		<rel id="sPointingRel1367" xlink:href="scriptorium.01_Genesis_05.mark.xml#sSpan838" target="scriptorium.01_Genesis_05.mark.xml#sSpan839"/>
		<rel id="sPointingRel1369" xlink:href="scriptorium.01_Genesis_05.mark.xml#sSpan358" target="scriptorium.01_Genesis_05.mark.xml#sSpan368"/>
		<rel id="sPointingRel1371" xlink:href="scriptorium.01_Genesis_05.mark.xml#sSpan14" target="scriptorium.01_Genesis_05.mark.xml#sSpan15"/>
		<rel id="sPointingRel1373" xlink:href="scriptorium.01_Genesis_05.mark.xml#sSpan281" target="scriptorium.01_Genesis_05.mark.xml#sSpan280"/>
		<rel id="sPointingRel1375" xlink:href="scriptorium.01_Genesis_05.mark.xml#sSpan423" target="scriptorium.01_Genesis_05.mark.xml#sSpan422"/>
		<rel id="sPointingRel1377" xlink:href="scriptorium.01_Genesis_05.mark.xml#sSpan912" target="scriptorium.01_Genesis_05.mark.xml#sSpan921"/>
		<rel id="sPointingRel1379" xlink:href="scriptorium.01_Genesis_05.mark.xml#sSpan309" target="scriptorium.01_Genesis_05.mark.xml#sSpan308"/>
		<rel id="sPointingRel1381" xlink:href="scriptorium.01_Genesis_05.mark.xml#sSpan578" target="scriptorium.01_Genesis_05.mark.xml#sSpan577"/>
		<rel id="sPointingRel1383" xlink:href="scriptorium.01_Genesis_05.mark.xml#sSpan690" target="scriptorium.01_Genesis_05.mark.xml#sSpan689"/>
		<rel id="sPointingRel1385" xlink:href="scriptorium.01_Genesis_05.mark.xml#sSpan746" target="scriptorium.01_Genesis_05.mark.xml#sSpan752"/>
		<rel id="sPointingRel1387" xlink:href="scriptorium.01_Genesis_05.mark.xml#sSpan162" target="scriptorium.01_Genesis_05.mark.xml#sSpan161"/>
		<rel id="sPointingRel1389" xlink:href="scriptorium.01_Genesis_05.mark.xml#sSpan286" target="scriptorium.01_Genesis_05.mark.xml#sSpan290"/>
		<rel id="sPointingRel1391" xlink:href="scriptorium.01_Genesis_05.mark.xml#sSpan140" target="scriptorium.01_Genesis_05.mark.xml#sSpan141"/>
		<rel id="sPointingRel1393" xlink:href="scriptorium.01_Genesis_05.mark.xml#sSpan849" target="scriptorium.01_Genesis_05.mark.xml#sSpan850"/>
		<rel id="sPointingRel1395" xlink:href="scriptorium.01_Genesis_05.mark.xml#sSpan775" target="scriptorium.01_Genesis_05.mark.xml#sSpan781"/>
		<rel id="sPointingRel1397" xlink:href="scriptorium.01_Genesis_05.mark.xml#sSpan518" target="scriptorium.01_Genesis_05.mark.xml#sSpan519"/>
		<rel id="sPointingRel1399" xlink:href="scriptorium.01_Genesis_05.mark.xml#sSpan771" target="scriptorium.01_Genesis_05.mark.xml#sSpan770"/>
		<rel id="sPointingRel1401" xlink:href="scriptorium.01_Genesis_05.mark.xml#sSpan301" target="scriptorium.01_Genesis_05.mark.xml#sSpan302"/>
		<rel id="sPointingRel1403" xlink:href="scriptorium.01_Genesis_05.mark.xml#sSpan106" target="scriptorium.01_Genesis_05.mark.xml#sSpan105"/>
		<rel id="sPointingRel1405" xlink:href="scriptorium.01_Genesis_05.mark.xml#sSpan465" target="scriptorium.01_Genesis_05.mark.xml#sSpan464"/>
		<rel id="sPointingRel1407" xlink:href="scriptorium.01_Genesis_05.mark.xml#sSpan965" target="scriptorium.01_Genesis_05.mark.xml#sSpan966"/>
		<rel id="sPointingRel1409" xlink:href="scriptorium.01_Genesis_05.mark.xml#sSpan256" target="scriptorium.01_Genesis_05.mark.xml#sSpan255"/>
		<rel id="sPointingRel1411" xlink:href="scriptorium.01_Genesis_05.mark.xml#sSpan317" target="scriptorium.01_Genesis_05.mark.xml#sSpan318"/>
		<rel id="sPointingRel1413" xlink:href="scriptorium.01_Genesis_05.mark.xml#sSpan362" target="scriptorium.01_Genesis_05.mark.xml#sSpan361"/>
		<rel id="sPointingRel1415" xlink:href="scriptorium.01_Genesis_05.mark.xml#sSpan812" target="scriptorium.01_Genesis_05.mark.xml#sSpan811"/>
		<rel id="sPointingRel1417" xlink:href="scriptorium.01_Genesis_05.mark.xml#sSpan389" target="scriptorium.01_Genesis_05.mark.xml#sSpan388"/>
		<rel id="sPointingRel1419" xlink:href="scriptorium.01_Genesis_05.mark.xml#sSpan841" target="scriptorium.01_Genesis_05.mark.xml#sSpan840"/>
		<rel id="sPointingRel1421" xlink:href="scriptorium.01_Genesis_05.mark.xml#sSpan231" target="scriptorium.01_Genesis_05.mark.xml#sSpan238"/>
		<rel id="sPointingRel1423" xlink:href="scriptorium.01_Genesis_05.mark.xml#sSpan84" target="scriptorium.01_Genesis_05.mark.xml#sSpan85"/>
		<rel id="sPointingRel1425" xlink:href="scriptorium.01_Genesis_05.mark.xml#sSpan1036" target="scriptorium.01_Genesis_05.mark.xml#sSpan1037"/>
		<rel id="sPointingRel1427" xlink:href="scriptorium.01_Genesis_05.mark.xml#sSpan340" target="scriptorium.01_Genesis_05.mark.xml#sSpan344"/>
		<rel id="sPointingRel1429" xlink:href="scriptorium.01_Genesis_05.mark.xml#sSpan461" target="scriptorium.01_Genesis_05.mark.xml#sSpan460"/>
		<rel id="sPointingRel1431" xlink:href="scriptorium.01_Genesis_05.mark.xml#sSpan41" target="scriptorium.01_Genesis_05.mark.xml#sSpan42"/>
		<rel id="sPointingRel1433" xlink:href="scriptorium.01_Genesis_05.mark.xml#sSpan564" target="scriptorium.01_Genesis_05.mark.xml#sSpan570"/>
		<rel id="sPointingRel1435" xlink:href="scriptorium.01_Genesis_05.mark.xml#sSpan537" target="scriptorium.01_Genesis_05.mark.xml#sSpan536"/>
		<rel id="sPointingRel1437" xlink:href="scriptorium.01_Genesis_05.mark.xml#sSpan559" target="scriptorium.01_Genesis_05.mark.xml#sSpan558"/>
		<rel id="sPointingRel1439" xlink:href="scriptorium.01_Genesis_05.mark.xml#sSpan235" target="scriptorium.01_Genesis_05.mark.xml#sSpan234"/>
		<rel id="sPointingRel1441" xlink:href="scriptorium.01_Genesis_05.mark.xml#sSpan357" target="scriptorium.01_Genesis_05.mark.xml#sSpan356"/>
		<rel id="sPointingRel1443" xlink:href="scriptorium.01_Genesis_05.mark.xml#sSpan415" target="scriptorium.01_Genesis_05.mark.xml#sSpan416"/>
		<rel id="sPointingRel1445" xlink:href="scriptorium.01_Genesis_05.mark.xml#sSpan645" target="scriptorium.01_Genesis_05.mark.xml#sSpan656"/>
		<rel id="sPointingRel1447" xlink:href="scriptorium.01_Genesis_05.mark.xml#sSpan364" target="scriptorium.01_Genesis_05.mark.xml#sSpan363"/>
		<rel id="sPointingRel1449" xlink:href="scriptorium.01_Genesis_05.mark.xml#sSpan9" target="scriptorium.01_Genesis_05.mark.xml#sSpan10"/>
		<rel id="sPointingRel1451" xlink:href="scriptorium.01_Genesis_05.mark.xml#sSpan968" target="scriptorium.01_Genesis_05.mark.xml#sSpan967"/>
		<rel id="sPointingRel1453" xlink:href="scriptorium.01_Genesis_05.mark.xml#sSpan56" target="scriptorium.01_Genesis_05.mark.xml#sSpan59"/>
		<rel id="sPointingRel1455" xlink:href="scriptorium.01_Genesis_05.mark.xml#sSpan219" target="scriptorium.01_Genesis_05.mark.xml#sSpan218"/>
		<rel id="sPointingRel1457" xlink:href="scriptorium.01_Genesis_05.mark.xml#sSpan698" target="scriptorium.01_Genesis_05.mark.xml#sSpan697"/>
		<rel id="sPointingRel1459" xlink:href="scriptorium.01_Genesis_05.mark.xml#sSpan896" target="scriptorium.01_Genesis_05.mark.xml#sSpan897"/>
		<rel id="sPointingRel1461" xlink:href="scriptorium.01_Genesis_05.mark.xml#sSpan466" target="scriptorium.01_Genesis_05.mark.xml#sSpan469"/>
		<rel id="sPointingRel1463" xlink:href="scriptorium.01_Genesis_05.mark.xml#sSpan566" target="scriptorium.01_Genesis_05.mark.xml#sSpan565"/>
		<rel id="sPointingRel1465" xlink:href="scriptorium.01_Genesis_05.mark.xml#sSpan493" target="scriptorium.01_Genesis_05.mark.xml#sSpan505"/></relList></paula>