<?xml version='1.0' encoding='UTF-8'?><!DOCTYPE paula SYSTEM "paula_feat.dtd">
<paula version="1.1">
	<header paula_id="scriptorium.johannes.canons.FA225-232.mark_morph"/>
	<featList xmlns:xlink="http://www.w3.org/1999/xlink" type="morph" xml:base="scriptorium.johannes.canons.FA225-232.mark.xml">
		<feat xlink:href="#sSpan14" value="ⲙⲛⲧ"/>
		<feat xlink:href="#sSpan17" value="ⲣⲙ"/>
		<feat xlink:href="#sSpan18" value="ⲛ"/>
		<feat xlink:href="#sSpan19" value="ϩⲏⲧ"/>
		<feat xlink:href="#sSpan35" value="ⲣ"/>
		<feat xlink:href="#sSpan38" value="ϩⲟⲧⲉ"/>
		<feat xlink:href="#sSpan163" value="ϯ"/>
		<feat xlink:href="#sSpan166" value="ⲥⲟⲉⲓⲧ"/>
		<feat xlink:href="#sSpan362" value="ⲥϯ"/>
		<feat xlink:href="#sSpan366" value="ⲛⲟⲩϥⲉ"/>
		<feat xlink:href="#sSpan436" value="ⲣ"/>
		<feat xlink:href="#sSpan439" value="ⲟⲩⲟⲉⲓⲛ"/>
		<feat xlink:href="#sSpan467" value="ϣⲉϣ"/>
		<feat xlink:href="#sSpan470" value="ⲥϯ"/>
		<feat xlink:href="#sSpan471" value="ⲛⲟⲩϥⲉ"/>
		<feat xlink:href="#sSpan509" value="ϯ"/>
		<feat xlink:href="#sSpan512" value="ⲉⲟⲟⲩ"/>
		<feat xlink:href="#sSpan542" value="ⲟⲩⲉϩ"/>
		<feat xlink:href="#sSpan545" value="ⲡⲣⲟⲥⲑⲩⲕⲏ"/>
		<feat xlink:href="#sSpan555" value="ⲡ"/>
		<feat xlink:href="#sSpan559" value="ⲉⲧ"/>
		<feat xlink:href="#sSpan560" value="ⲛⲁⲛⲟⲩ"/>
		<feat xlink:href="#sSpan561" value="ϥ"/>
		<feat xlink:href="#sSpan589" value="ⲧⲁϣⲉ"/>
		<feat xlink:href="#sSpan592" value="ⲟⲉⲓϣ"/>
		<feat xlink:href="#sSpan972" value="ⲣ"/>
		<feat xlink:href="#sSpan975" value="ϩⲱⲃ"/>
		<feat xlink:href="#sSpan1206" value="ⲛⲁ"/>
		<feat xlink:href="#sSpan1209" value="ⲏⲧ"/>
		<feat xlink:href="#sSpan1378" value="ⲙⲛⲧ"/>
		<feat xlink:href="#sSpan1381" value="ⲛⲟⲩⲧⲉ"/>
		<feat xlink:href="#sSpan1815" value="ⲙⲛⲧ"/>
		<feat xlink:href="#sSpan1818" value="ϩⲁⲣϣ"/>
		<feat xlink:href="#sSpan1820" value="ϩⲏⲧ"/>
		<feat xlink:href="#sSpan2080" value="ⲣ"/>
		<feat xlink:href="#sSpan2083" value="ϩⲟⲩⲉ"/>
		<feat xlink:href="#sSpan2084" value="ⲙⲁⲕⲁⲣⲓⲍⲉ"/>
		<feat xlink:href="#sSpan2405" value="ⲣⲉϥ"/>
		<feat xlink:href="#sSpan2408" value="ϣⲟⲡ"/>
		<feat xlink:href="#sSpan2410" value="ⲛ"/>
		<feat xlink:href="#sSpan2439" value="ⲡ"/>
		<feat xlink:href="#sSpan2442" value="ⲉⲧ"/>
		<feat xlink:href="#sSpan2444" value="ⲟⲩⲁⲁⲃ"/>
		<feat xlink:href="#sSpan3569" value="ⲡ"/>
		<feat xlink:href="#sSpan3572" value="ⲉⲧ"/>
		<feat xlink:href="#sSpan3573" value="ⲟⲩⲁⲁⲃ"/>
		<feat xlink:href="#sSpan3851" value="ⲙⲛⲧ"/>
		<feat xlink:href="#sSpan3855" value="ⲥⲁⲃⲉ"/>
		<feat xlink:href="#sSpan3869" value="ⲙⲛⲧ"/>
		<feat xlink:href="#sSpan3873" value="ⲥⲙⲏⲧ"/>
		<feat xlink:href="#sSpan3926" value="ⲙⲛⲧ"/>
		<feat xlink:href="#sSpan3930" value="ⲣⲙ"/>
		<feat xlink:href="#sSpan3931" value="ⲙ"/>
		<feat xlink:href="#sSpan3932" value="ⲁⲟ"/>
		<feat xlink:href="#sSpan3938" value="ⲁⲧ"/>
		<feat xlink:href="#sSpan3942" value="ϣⲁϫⲉ"/>
		<feat xlink:href="#sSpan4088" value="ⲙⲛⲧ"/>
		<feat xlink:href="#sSpan4091" value="ⲁⲧ"/>
		<feat xlink:href="#sSpan4093" value="ϩⲏⲧ"/>
		<feat xlink:href="#sSpan4101" value="ⲙⲛⲧ"/>
		<feat xlink:href="#sSpan4105" value="ⲁⲧ"/>
		<feat xlink:href="#sSpan4106" value="ⲥⲱⲧⲙ"/>
		<feat xlink:href="#sSpan4153" value="ⲙⲛⲧ"/>
		<feat xlink:href="#sSpan4156" value="ⲉⲃⲓⲏⲛ"/>
		<feat xlink:href="#sSpan4164" value="ⲙⲛⲧ"/>
		<feat xlink:href="#sSpan4168" value="ϩⲏⲕⲉ"/>
		<feat xlink:href="#sSpan4334" value="ⲡ"/>
		<feat xlink:href="#sSpan4337" value="ⲉⲧ"/>
		<feat xlink:href="#sSpan4338" value="ⲟⲩⲁⲁⲃ"/>
		<feat xlink:href="#sSpan4368" value="ⲣⲉϥ"/>
		<feat xlink:href="#sSpan4371" value="ⲡⲱⲧ"/>
		<feat xlink:href="#sSpan4523" value="ⲙⲛⲧ"/>
		<feat xlink:href="#sSpan4526" value="ⲉⲃⲓⲏⲛ"/>
		<feat xlink:href="#sSpan4593" value="ⲣ"/>
		<feat xlink:href="#sSpan4596" value="ⲣⲙ"/>
		<feat xlink:href="#sSpan4597" value="ⲙ"/>
		<feat xlink:href="#sSpan4598" value="ⲁⲟ"/>
		<feat xlink:href="#sSpan4607" value="ⲙⲛⲧ"/>
		<feat xlink:href="#sSpan4610" value="ⲥⲡⲟⲩⲇⲁⲓⲟⲥ"/>
		<feat xlink:href="#sSpan4653" value="ⲣ"/>
		<feat xlink:href="#sSpan4656" value="ⲡⲁϩⲣⲉ"/>
		<feat xlink:href="#sSpan4799" value="ⲙⲛⲧ"/>
		<feat xlink:href="#sSpan4803" value="ⲁⲧ"/>
		<feat xlink:href="#sSpan4804" value="ⲥⲱⲧⲙ"/>
		<feat xlink:href="#sSpan4826" value="ⲁⲧ"/>
		<feat xlink:href="#sSpan4830" value="ⲙⲡϣⲁ"/>
		<feat xlink:href="#sSpan4912" value="ϣⲡ"/>
		<feat xlink:href="#sSpan4918" value="ϩⲓⲥⲉ"/>
		<feat xlink:href="#sSpan4992" value="ⲣ"/>
		<feat xlink:href="#sSpan4999" value="ⲟⲩϣⲏ"/>
		<feat xlink:href="#sSpan5036" value="ϣ"/>
		<feat xlink:href="#sSpan5039" value="ϭⲟⲙ"/>
		<feat xlink:href="#sSpan5164" value="ⲣ"/>
		<feat xlink:href="#sSpan5167" value="ⲗⲁⲁⲩ"/>
		<feat xlink:href="#sSpan5209" value="ⲣ"/>
		<feat xlink:href="#sSpan5214" value="ϩⲱⲃ"/>
		<feat xlink:href="#sSpan5245" value="ⲣ"/>
		<feat xlink:href="#sSpan5250" value="ϩⲱⲃ"/>
		<feat xlink:href="#sSpan5293" value="ⲣ"/>
		<feat xlink:href="#sSpan5298" value="ϩⲱⲃ"/>
		<feat xlink:href="#sSpan5376" value="ⲣ"/>
		<feat xlink:href="#sSpan5381" value="ϩⲱⲃ"/>
		<feat xlink:href="#sSpan5616" value="ⲣ"/>
		<feat xlink:href="#sSpan5619" value="ϩⲗⲗⲟ"/>
		<feat xlink:href="#sSpan5799" value="ⲡ"/>
		<feat xlink:href="#sSpan5802" value="ⲉⲧ"/>
		<feat xlink:href="#sSpan5803" value="ⲛⲁⲛⲟⲩ"/>
		<feat xlink:href="#sSpan5805" value="ϥ"/>
		<feat xlink:href="#sSpan5813" value="ⲡ"/>
		<feat xlink:href="#sSpan5816" value="ⲉⲧ"/>
		<feat xlink:href="#sSpan5818" value="ϩⲟⲟⲩ"/>
		<feat xlink:href="#sSpan5829" value="ⲡ"/>
		<feat xlink:href="#sSpan5832" value="ⲉⲧ"/>
		<feat xlink:href="#sSpan5834" value="ϩⲟⲟⲩ"/>
		<feat xlink:href="#sSpan5877" value="ⲡ"/>
		<feat xlink:href="#sSpan5880" value="ⲉⲧ"/>
		<feat xlink:href="#sSpan5881" value="ⲛⲁⲛⲟⲩ"/>
		<feat xlink:href="#sSpan5882" value="ϥ"/></featList></paula>