<?xml version='1.0' encoding='UTF-8'?><!DOCTYPE paula SYSTEM "paula_feat.dtd">
<paula version="1.1">
	<header paula_id="scriptorium.johannes.canons.FA225-232.mark_pb_xml_id"/>
	<featList xmlns:xlink="http://www.w3.org/1999/xlink" type="pb_xml_id" xml:base="scriptorium.johannes.canons.FA225-232.mark.xml">
		<feat xlink:href="#sSpan9" value="FA225"/>
		<feat xlink:href="#sSpan758" value="FA226"/>
		<feat xlink:href="#sSpan1497" value="FA227"/>
		<feat xlink:href="#sSpan2216" value="FA228"/>
		<feat xlink:href="#sSpan2935" value="FA229"/>
		<feat xlink:href="#sSpan3747" value="FA230"/>
		<feat xlink:href="#sSpan4481" value="FA231"/>
		<feat xlink:href="#sSpan5191" value="FA232"/></featList></paula>