<?xml version="1.0" encoding="UTF-8" standalone="no"?>

<!DOCTYPE paula SYSTEM "paula_feat.dtd">
<paula version="1.0">

<header paula_id="sahidica.nt.1_John_1_norm_group"/>

<featList xmlns:xlink="http://www.w3.org/1999/xlink" type="norm_group" xml:base="sahidica.nt.1_John_1.norm_groupSeg.xml">
<feat xlink:href="#norm_group_1" value="ⲡⲉⲧϣⲟⲟⲡ"/><!-- ⲡ...ϣⲟⲟⲡ -->
<feat xlink:href="#norm_group_4" value="ⲛϫⲓⲛ"/><!-- ⲛϫⲓⲛ -->
<feat xlink:href="#norm_group_5" value="ⲧⲉϩⲟⲩⲉⲓⲧ"/><!-- ⲧⲉϩⲟⲩⲉⲓⲧ -->
<feat xlink:href="#norm_group_6" value="ⲡⲉⲛⲧⲁⲛⲥⲱⲧⲙ"/><!-- ⲡ...ⲥⲱⲧⲙ -->
<feat xlink:href="#norm_group_11" value="ⲉⲣⲟϥ"/><!-- ⲉⲣⲟ...ϥ -->
<feat xlink:href="#norm_group_13" value="ⲡⲉⲛⲧⲁⲛⲛⲁⲩ"/><!-- ⲡ...ⲛⲁⲩ -->
<feat xlink:href="#norm_group_18" value="ⲉⲣⲟϥ"/><!-- ⲉⲣⲟ...ϥ -->
<feat xlink:href="#norm_group_20" value="ⲏⲛ"/><!-- ⲏⲛ -->
<feat xlink:href="#norm_group_21" value="ⲛⲉⲛⲃⲁⲗ"/><!-- ⲛⲉⲛ...ⲃⲁⲗ -->
<feat xlink:href="#norm_group_23" value="ⲁⲛⲉⲓⲟⲣϩϥ"/><!-- ⲁⲛⲉⲓⲟⲣϩϥ -->
<feat xlink:href="#norm_group_24" value="ⲛⲉⲛϭⲓϫ"/><!-- ⲛⲉⲛ...ϭⲓϫ -->
<feat xlink:href="#norm_group_26" value="ⲛⲉⲁⲩϭⲙϭⲱⲙϥ"/><!-- ⲛⲉⲁⲩϭⲙϭⲱⲙϥ -->
<feat xlink:href="#norm_group_27" value="ⲉⲧⲃⲉ"/><!-- ⲉⲧⲃⲉ -->
<feat xlink:href="#norm_group_28" value="ⲡϣⲁϫⲉ"/><!-- ⲡ...ϣⲁϫⲉ -->
<feat xlink:href="#norm_group_30" value="ⲙⲡⲱⲛϩ"/><!-- ⲙ...ⲱⲛϩ -->
<feat xlink:href="#norm_group_33" value="ⲁⲩⲱ"/><!-- ⲁⲩⲱ -->
<feat xlink:href="#norm_group_34" value="ⲡⲱⲛϩ"/><!-- ⲡ...ⲱⲛϩ -->
<feat xlink:href="#norm_group_36" value="ⲁϥⲟⲩⲱⲛϩ"/><!-- ⲁ...ⲟⲩⲱⲛϩ -->
<feat xlink:href="#norm_group_39" value="ⲉⲃⲟⲗ"/><!-- ⲉⲃⲟⲗ -->
<feat xlink:href="#norm_group_40" value="ⲁⲛⲛⲁⲩ"/><!-- ⲁ...ⲛⲁⲩ -->
<feat xlink:href="#norm_group_43" value="ⲉⲡⲟϥ"/><!-- ⲉⲡⲟϥ -->
<feat xlink:href="#norm_group_44" value="ⲁⲩⲱ"/><!-- ⲁⲩⲱ -->
<feat xlink:href="#norm_group_45" value="ⲧⲉⲛⲛⲟ"/><!-- ⲧⲉⲛⲛⲟ -->
<feat xlink:href="#norm_group_46" value="ⲙⲛⲧⲣⲉ"/><!-- ⲙⲛⲧⲣⲉ -->
<feat xlink:href="#norm_group_47" value="ⲁⲩⲱ"/><!-- ⲁⲩⲱ -->
<feat xlink:href="#norm_group_48" value="ⲧⲛϫⲱ"/><!-- ⲧⲛ...ϫⲱ -->
<feat xlink:href="#norm_group_50" value="ⲛⲏⲧⲛ"/><!-- ⲛⲏ...ⲧⲛ -->
<feat xlink:href="#norm_group_52" value="ⲙⲡⲱⲛϩ"/><!-- ⲙ...ⲱⲛϩ -->
<feat xlink:href="#norm_group_55" value="ϣⲁ"/><!-- ϣⲁ -->
<feat xlink:href="#norm_group_56" value="ⲉⲛⲉϩ"/><!-- ⲉⲛⲉϩ -->
<feat xlink:href="#norm_group_57" value="ⲡⲁⲓ"/><!-- ⲡⲁⲓ -->
<feat xlink:href="#norm_group_58" value="ⲉⲛⲛⲉϥϣⲟⲟⲡ"/><!-- ⲉⲛⲛⲉϥϣⲟⲟⲡ -->
<feat xlink:href="#norm_group_59" value="ϩⲁⲧⲙ"/><!-- ϩⲁⲧⲙ -->
<feat xlink:href="#norm_group_60" value="ⲡⲉⲓⲱⲧ"/><!-- ⲡ...ⲉⲓⲱⲧ -->
<feat xlink:href="#norm_group_62" value="ⲁⲩⲱ"/><!-- ⲁⲩⲱ -->
<feat xlink:href="#norm_group_63" value="ⲁϥⲟⲩⲱⲛϩ"/><!-- ⲁ...ⲟⲩⲱⲛϩ -->
<feat xlink:href="#norm_group_66" value="ⲛⲁⲛ"/><!-- ⲛⲁ...ⲛ -->
<feat xlink:href="#norm_group_68" value="ⲉⲃⲟⲗ"/><!-- ⲉⲃⲟⲗ -->
<feat xlink:href="#norm_group_69" value="ⲡⲉⲛⲧⲁⲛⲛⲁⲩ"/><!-- ⲡ...ⲛⲁⲩ -->
<feat xlink:href="#norm_group_74" value="ⲉⲣⲟϥ"/><!-- ⲉⲣⲟ...ϥ -->
<feat xlink:href="#norm_group_76" value="ⲁⲩⲱ"/><!-- ⲁⲩⲱ -->
<feat xlink:href="#norm_group_77" value="ⲁⲛⲥⲱⲧⲙ"/><!-- ⲁ...ⲥⲱⲧⲙ -->
<feat xlink:href="#norm_group_80" value="ⲉⲣⲟϥ"/><!-- ⲉⲣⲟ...ϥ -->
<feat xlink:href="#norm_group_82" value="ⲧⲛϫⲱ"/><!-- ⲧⲛ...ϫⲱ -->
<feat xlink:href="#norm_group_84" value="ⲙⲙⲟϥ"/><!-- ⲙⲙⲟ...ϥ -->
<feat xlink:href="#norm_group_86" value="ⲛⲏⲧⲛ"/><!-- ⲛⲏ...ⲧⲛ -->
<feat xlink:href="#norm_group_88" value="ϩⲱⲱ"/><!-- ϩⲱⲱ -->
<feat xlink:href="#norm_group_89" value="ⲧⲏⲩⲧⲛ"/><!-- ⲧⲏⲩⲧⲛ -->
<feat xlink:href="#norm_group_90" value="ϫⲉⲕⲁⲁⲥ"/><!-- ϫⲉⲕⲁⲁⲥ -->
<feat xlink:href="#norm_group_91" value="ⲉⲧⲉⲧⲛⲛⲁϣⲱⲡⲉ"/><!-- ⲉ...ϣⲱⲡⲉ -->
<feat xlink:href="#norm_group_95" value="ⲉⲩⲟⲩⲛⲧⲏⲧⲛ"/><!-- ⲉⲩⲟⲩⲛⲧⲏⲧⲛ -->
<feat xlink:href="#norm_group_96" value="ⲕⲟⲓⲛⲟⲛⲓⲁ"/><!-- ⲕⲟⲓⲛⲟⲛⲓⲁ -->
<feat xlink:href="#norm_group_97" value="ⲛⲙⲙⲁⲛ"/><!-- ⲛⲙⲙⲁ...ⲛ -->
<feat xlink:href="#norm_group_99" value="ⲁⲩⲱ"/><!-- ⲁⲩⲱ -->
<feat xlink:href="#norm_group_100" value="ⲧⲛⲕⲟⲓⲛⲟⲛⲓⲁ"/><!-- ⲧⲛⲕⲟⲓⲛⲟⲛⲓⲁ -->
<feat xlink:href="#norm_group_101" value="ϩⲓ"/><!-- ϩⲓ -->
<feat xlink:href="#norm_group_102" value="ⲟⲩⲥⲟⲡ"/><!-- ⲟⲩ...ⲥⲟⲡ -->
<feat xlink:href="#norm_group_104" value="ⲛⲥϣⲱⲡⲉ"/><!-- ⲛ...ϣⲱⲡⲉ -->
<feat xlink:href="#norm_group_107" value="ⲙⲛ"/><!-- ⲙⲛ -->
<feat xlink:href="#norm_group_108" value="ⲡⲉⲓⲱⲧ"/><!-- ⲡ...ⲉⲓⲱⲧ -->
<feat xlink:href="#norm_group_110" value="ⲁⲩⲱ"/><!-- ⲁⲩⲱ -->
<feat xlink:href="#norm_group_111" value="ⲡϣⲏⲣⲉ"/><!-- ⲡ...ϣⲏⲣⲉ -->
<feat xlink:href="#norm_group_113" value="ⲓⲏⲥⲟⲩⲥ"/><!-- ⲓⲏⲥⲟⲩⲥ -->
<feat xlink:href="#norm_group_114" value="ⲡⲉⲭⲣⲓⲥⲧⲟⲥ"/><!-- ⲡⲉ...ⲭⲣⲓⲥⲧⲟⲥ -->
<feat xlink:href="#norm_group_116" value="ⲁⲩⲱ"/><!-- ⲁⲩⲱ -->
<feat xlink:href="#norm_group_117" value="ⲁⲛⲟⲛ"/><!-- ⲁⲛⲟⲛ -->
<feat xlink:href="#norm_group_118" value="ⲉⲛⲥϩⲁⲓ"/><!-- ⲉ...ⲥϩⲁⲓ -->
<feat xlink:href="#norm_group_121" value="ⲛⲛⲁⲓ"/><!-- ⲛ...ⲛⲁⲓ -->
<feat xlink:href="#norm_group_123" value="ϫⲉⲕⲁⲁⲥ"/><!-- ϫⲉⲕⲁⲁⲥ -->
<feat xlink:href="#norm_group_124" value="ⲉⲣⲉⲡⲉⲛⲣⲁϣⲉ"/><!-- ⲉⲣⲉ...ⲁϣⲉ -->
<feat xlink:href="#norm_group_128" value="ϣⲱⲡⲉ"/><!-- ϣⲱⲡⲉ -->
<feat xlink:href="#norm_group_129" value="ⲉϥϫⲏⲕ"/><!-- ⲉ...ϫⲏⲕ -->
<feat xlink:href="#norm_group_132" value="ⲉⲃⲟⲗ"/><!-- ⲉⲃⲟⲗ -->
<feat xlink:href="#norm_group_133" value="ⲁⲩⲱ"/><!-- ⲁⲩⲱ -->
<feat xlink:href="#norm_group_134" value="ⲡⲁⲓ"/><!-- ⲡⲁⲓ -->
<feat xlink:href="#norm_group_135" value="ⲡⲉ"/><!-- ⲡⲉ -->
<feat xlink:href="#norm_group_136" value="ⲡⲉⲣⲏⲧ"/><!-- ⲡⲉⲣⲏⲧ -->
<feat xlink:href="#norm_group_137" value="ⲛⲧⲁⲛⲥⲱⲧⲙ"/><!-- ⲛⲧ...ⲥⲱⲧⲙ -->
<feat xlink:href="#norm_group_141" value="ⲉⲣⲟϥ"/><!-- ⲉⲣⲟ...ϥ -->
<feat xlink:href="#norm_group_143" value="ⲉⲃⲟⲗ"/><!-- ⲉⲃⲟⲗ -->
<feat xlink:href="#norm_group_144" value="ϩⲓⲧⲟⲟⲧϥ"/><!-- ϩⲓⲧⲟⲟⲧ...ϥ -->
<feat xlink:href="#norm_group_146" value="ⲁⲩⲱ"/><!-- ⲁⲩⲱ -->
<feat xlink:href="#norm_group_147" value="ⲧⲛϫⲱ"/><!-- ⲧⲛ...ϫⲱ -->
<feat xlink:href="#norm_group_149" value="ⲙⲙⲟϥ"/><!-- ⲙⲙⲟ...ϥ -->
<feat xlink:href="#norm_group_151" value="ⲛⲏⲧⲛ"/><!-- ⲛⲏ...ⲧⲛ -->
<feat xlink:href="#norm_group_153" value="ϫⲉ"/><!-- ϫⲉ -->
<feat xlink:href="#norm_group_154" value="ⲡⲛⲟⲩⲧⲉ"/><!-- ⲡ...ⲛⲟⲩⲧⲉ -->
<feat xlink:href="#norm_group_156" value="ⲟⲩⲟⲉⲓⲛ"/><!-- ⲟⲩⲟⲉⲓⲛ -->
<feat xlink:href="#norm_group_157" value="ⲡⲉ"/><!-- ⲡⲉ -->
<feat xlink:href="#norm_group_158" value="ⲁⲩⲱ"/><!-- ⲁⲩⲱ -->
<feat xlink:href="#norm_group_159" value="ⲙⲛ"/><!-- ⲙⲛ -->
<feat xlink:href="#norm_group_160" value="ⲗⲁⲁⲩ"/><!-- ⲗⲁⲁⲩ -->
<feat xlink:href="#norm_group_161" value="ⲛⲕⲁⲕⲉ"/><!-- ⲛ...ⲕⲁⲕⲉ -->
<feat xlink:href="#norm_group_163" value="ϣⲟⲟⲡ"/><!-- ϣⲟⲟⲡ -->
<feat xlink:href="#norm_group_164" value="ϩⲣⲁⲓ"/><!-- ϩⲣⲁⲓ -->
<feat xlink:href="#norm_group_165" value="ⲛϩⲏⲧϥ"/><!-- ⲛϩⲏⲧ...ϥ -->
<feat xlink:href="#norm_group_167" value="ⲉⲛϣⲁⲛϫⲟⲟⲥ"/><!-- ⲉⲛϣⲁⲛϫⲟⲟⲥ -->
<feat xlink:href="#norm_group_168" value="ϫⲉ"/><!-- ϫⲉ -->
<feat xlink:href="#norm_group_169" value="ⲟⲩⲛⲧⲁⲛ"/><!-- ⲟⲩⲛⲧⲁ...ⲛ -->
<feat xlink:href="#norm_group_171" value="ⲙⲙⲟⲟⲩ"/><!-- ⲙⲙⲟ...ⲟⲩ -->
<feat xlink:href="#norm_group_173" value="ⲛⲛⲟⲩⲕⲟⲓⲛⲟⲛⲓⲁ"/><!-- ⲛⲛⲟⲩⲕⲟⲓⲛⲟⲛⲓⲁ -->
<feat xlink:href="#norm_group_174" value="ⲛⲙⲙⲟϥ"/><!-- ⲛⲙⲙⲟϥ -->
<feat xlink:href="#norm_group_175" value="ⲁⲩⲱ"/><!-- ⲁⲩⲱ -->
<feat xlink:href="#norm_group_176" value="ⲧⲛⲙⲟⲟϣⲉ"/><!-- ⲧⲛ...ⲙⲟⲟϣⲉ -->
<feat xlink:href="#norm_group_178" value="ϩⲙ"/><!-- ϩⲙ -->
<feat xlink:href="#norm_group_179" value="ⲡⲕⲁⲕⲉ"/><!-- ⲡ...ⲕⲁⲕⲉ -->
<feat xlink:href="#norm_group_181" value="ⲉⲛϫⲓ"/><!-- ⲉ...ϫⲓ -->
<feat xlink:href="#norm_group_184" value="ϭⲟⲗ"/><!-- ϭⲟⲗ -->
<feat xlink:href="#norm_group_185" value="ⲁⲩⲱ"/><!-- ⲁⲩⲱ -->
<feat xlink:href="#norm_group_186" value="ⲛⲧⲛⲉⲓⲣⲉ"/><!-- ⲛⲧⲛⲉⲓⲣⲉ -->
<feat xlink:href="#norm_group_187" value="ⲁⲛ"/><!-- ⲁⲛ -->
<feat xlink:href="#norm_group_188" value="ⲛⲧⲙⲉ"/><!-- ⲛ...ⲙⲉ -->
<feat xlink:href="#norm_group_191" value="ⲉϣⲱⲡⲉ"/><!-- ⲉϣⲱⲡⲉ -->
<feat xlink:href="#norm_group_192" value="ⲇⲉ"/><!-- ⲇⲉ -->
<feat xlink:href="#norm_group_193" value="ⲛⲧⲟϥ"/><!-- ⲛⲧⲟϥ -->
<feat xlink:href="#norm_group_194" value="ⲉⲛϣⲁⲛⲙⲟⲟϣⲉ"/><!-- ⲉⲛϣⲁⲛ...ⲙⲟⲟϣⲉ -->
<feat xlink:href="#norm_group_196" value="ϩⲙ"/><!-- ϩⲙ -->
<feat xlink:href="#norm_group_197" value="ⲡⲟⲩⲟⲉⲓⲛ"/><!-- ⲡ...ⲟⲩⲟⲉⲓⲛ -->
<feat xlink:href="#norm_group_199" value="ⲉⲛⲑⲉⲉ"/><!-- ⲉⲛⲑⲉⲉ -->
<feat xlink:href="#norm_group_200" value="ⲛⲧⲟϥ"/><!-- ⲛⲧⲟϥ -->
<feat xlink:href="#norm_group_201" value="ⲉⲧϥϩⲙ"/><!-- ⲉⲧϥϩⲙ -->
<feat xlink:href="#norm_group_202" value="ⲡⲟⲩⲟⲉⲓⲛ"/><!-- ⲡ...ⲟⲩⲟⲉⲓⲛ -->
<feat xlink:href="#norm_group_204" value="ⲉⲓⲉ"/><!-- ⲉⲓⲉ -->
<feat xlink:href="#norm_group_205" value="ⲟⲩⲛⲧⲁⲛ"/><!-- ⲟⲩⲛⲧⲁ...ⲛ -->
<feat xlink:href="#norm_group_207" value="ⲙⲙⲟⲟⲩ"/><!-- ⲙⲙⲟ...ⲟⲩ -->
<feat xlink:href="#norm_group_209" value="ⲛⲛⲟⲩⲕⲟⲓⲛⲟⲛⲓⲁ"/><!-- ⲛⲛⲟⲩⲕⲟⲓⲛⲟⲛⲓⲁ -->
<feat xlink:href="#norm_group_210" value="ⲙⲛ"/><!-- ⲙⲛ -->
<feat xlink:href="#norm_group_211" value="ⲛⲉⲛⲉⲣⲏⲩ"/><!-- ⲛⲉⲛ...ⲉⲣⲏⲩ -->
<feat xlink:href="#norm_group_213" value="ⲁⲩⲱ"/><!-- ⲁⲩⲱ -->
<feat xlink:href="#norm_group_214" value="ⲡⲉⲥⲛⲟϥ"/><!-- ⲡⲉ...ⲥⲛⲟϥ -->
<feat xlink:href="#norm_group_216" value="ⲛⲓⲏⲥⲟⲩⲥ"/><!-- ⲛ...ⲓⲏⲥⲟⲩⲥ -->
<feat xlink:href="#norm_group_218" value="ⲡⲉϥϣⲏⲣⲉ"/><!-- ⲡⲉϥ...ϣⲏⲣⲉ -->
<feat xlink:href="#norm_group_220" value="ⲛⲁⲧⲃⲃⲟⲛ"/><!-- ⲛⲁ...ⲛ -->
<feat xlink:href="#norm_group_223" value="ⲉⲃⲟⲗ"/><!-- ⲉⲃⲟⲗ -->
<feat xlink:href="#norm_group_224" value="ϩⲛ"/><!-- ϩⲛ -->
<feat xlink:href="#norm_group_225" value="ⲧⲱⲗⲙ"/><!-- ⲧⲱⲗⲙ -->
<feat xlink:href="#norm_group_226" value="ⲛⲓⲙ"/><!-- ⲛⲓⲙ -->
<feat xlink:href="#norm_group_227" value="ϩⲓ"/><!-- ϩⲓ -->
<feat xlink:href="#norm_group_228" value="ⲛⲟⲃⲉ"/><!-- ⲛⲟⲃⲉ -->
<feat xlink:href="#norm_group_229" value="ⲛⲓⲙ"/><!-- ⲛⲓⲙ -->
<feat xlink:href="#norm_group_230" value="ⲉⲛϣⲁⲛϫⲟⲟⲥ"/><!-- ⲉⲛϣⲁⲛϫⲟⲟⲥ -->
<feat xlink:href="#norm_group_231" value="ϭⲉ"/><!-- ϭⲉ -->
<feat xlink:href="#norm_group_232" value="ϫⲉ"/><!-- ϫⲉ -->
<feat xlink:href="#norm_group_233" value="ⲙⲛⲧⲁⲛ"/><!-- ⲙⲛⲧⲁ...ⲛ -->
<feat xlink:href="#norm_group_235" value="ⲛⲟⲃⲉ"/><!-- ⲛⲟⲃⲉ -->
<feat xlink:href="#norm_group_236" value="ⲙⲙⲁⲩ"/><!-- ⲙⲙⲁⲩ -->
<feat xlink:href="#norm_group_237" value="ⲉⲛⲡⲗⲁⲛⲁ"/><!-- ⲉ...ⲡⲗⲁⲛⲁ -->
<feat xlink:href="#norm_group_240" value="ⲙⲙⲟⲛ"/><!-- ⲙⲙⲟⲛ -->
<feat xlink:href="#norm_group_241" value="ⲙⲙⲓⲛ"/><!-- ⲙⲙⲓⲛ -->
<feat xlink:href="#norm_group_242" value="ⲙⲙⲟⲛ"/><!-- ⲙⲙⲟⲛ -->
<feat xlink:href="#norm_group_243" value="ⲁⲩⲱ"/><!-- ⲁⲩⲱ -->
<feat xlink:href="#norm_group_244" value="ⲛⲧⲙⲉ"/><!-- ⲛ...ⲙⲉ -->
<feat xlink:href="#norm_group_247" value="ϣⲟⲟⲡ"/><!-- ϣⲟⲟⲡ -->
<feat xlink:href="#norm_group_248" value="ⲁⲛ"/><!-- ⲁⲛ -->
<feat xlink:href="#norm_group_249" value="ϩⲣⲁⲓ"/><!-- ϩⲣⲁⲓ -->
<feat xlink:href="#norm_group_250" value="ⲛϩⲏⲧⲛ"/><!-- ⲛϩⲏⲧ...ⲛ -->
<feat xlink:href="#norm_group_252" value="ⲉϣⲱⲡⲉ"/><!-- ⲉϣⲱⲡⲉ -->
<feat xlink:href="#norm_group_253" value="ⲉⲛϣⲁⲛϩⲩⲙⲟⲗⲟⲅⲉⲓ"/><!-- ⲉⲛϣⲁⲛϩⲩⲙⲟⲗⲟⲅⲉⲓ -->
<feat xlink:href="#norm_group_254" value="ⲛⲛⲉⲛⲟⲃⲉ"/><!-- ⲛⲛⲉⲛⲟⲃⲉ -->
<feat xlink:href="#norm_group_255" value="ⲟⲩⲡⲓⲥⲧⲟⲥ"/><!-- ⲟⲩ...ⲡⲓⲥⲧⲟⲥ -->
<feat xlink:href="#norm_group_257" value="ⲡⲉ"/><!-- ⲡⲉ -->
<feat xlink:href="#norm_group_258" value="ⲁⲩⲱ"/><!-- ⲁⲩⲱ -->
<feat xlink:href="#norm_group_259" value="ⲟⲩⲇⲓⲕⲁⲓⲟⲥ"/><!-- ⲟⲩ...ⲇⲓⲕⲁⲓⲟⲥ -->
<feat xlink:href="#norm_group_261" value="ⲡⲉ"/><!-- ⲡⲉ -->
<feat xlink:href="#norm_group_262" value="ϫⲉⲕⲁⲁⲥ"/><!-- ϫⲉⲕⲁⲁⲥ -->
<feat xlink:href="#norm_group_263" value="ⲉϥⲉⲕⲱ"/><!-- ⲉϥⲉ...ⲕⲱ -->
<feat xlink:href="#norm_group_265" value="ⲉⲃⲟⲗ"/><!-- ⲉⲃⲟⲗ -->
<feat xlink:href="#norm_group_266" value="ⲛⲛⲉⲛⲟⲃⲉ"/><!-- ⲛⲛⲉⲛⲟⲃⲉ -->
<feat xlink:href="#norm_group_267" value="ⲁⲩⲱ"/><!-- ⲁⲩⲱ -->
<feat xlink:href="#norm_group_268" value="ⲛϥⲧⲃⲃⲟⲛ"/><!-- ⲛ...ⲛ -->
<feat xlink:href="#norm_group_272" value="ⲉⲃⲟⲗ"/><!-- ⲉⲃⲟⲗ -->
<feat xlink:href="#norm_group_273" value="ϩⲛ"/><!-- ϩⲛ -->
<feat xlink:href="#norm_group_274" value="ϫⲓ"/><!-- ϫⲓ -->
<feat xlink:href="#norm_group_275" value="ⲛϭⲟⲛⲥ"/><!-- ⲛ...ϭⲟⲛⲥ -->
<feat xlink:href="#norm_group_277" value="ⲛⲓⲙ"/><!-- ⲛⲓⲙ -->
<feat xlink:href="#norm_group_278" value="ⲉϣⲱⲡⲉ"/><!-- ⲉϣⲱⲡⲉ -->
<feat xlink:href="#norm_group_279" value="ⲉⲛϣⲁⲛϫⲟⲟⲥ"/><!-- ⲉⲛϣⲁⲛϫⲟⲟⲥ -->
<feat xlink:href="#norm_group_280" value="ϫⲉ"/><!-- ϫⲉ -->
<feat xlink:href="#norm_group_281" value="ⲙⲡⲉⲛⲣ"/><!-- ⲙ...ⲣ -->
<feat xlink:href="#norm_group_284" value="ⲛⲟⲃⲉ"/><!-- ⲛⲟⲃⲉ -->
<feat xlink:href="#norm_group_285" value="ⲉⲛⲉⲓⲣⲉ"/><!-- ⲉⲛⲉ...ⲓⲣⲉ -->
<feat xlink:href="#norm_group_287" value="ⲙⲙⲟϥ"/><!-- ⲙⲙⲟ...ϥ -->
<feat xlink:href="#norm_group_289" value="ⲛⲣⲉϥϫⲓ"/><!-- ⲛⲣⲉϥϫⲓ -->
<feat xlink:href="#norm_group_290" value="ϭⲟⲗ"/><!-- ϭⲟⲗ -->
<feat xlink:href="#norm_group_291" value="ⲁⲩⲱ"/><!-- ⲁⲩⲱ -->
<feat xlink:href="#norm_group_292" value="ⲡⲉϥϣⲁϫⲉ"/><!-- ⲡⲉϥ...ϣⲁϫⲉ -->
<feat xlink:href="#norm_group_294" value="ϣⲟⲟⲡ"/><!-- ϣⲟⲟⲡ -->
<feat xlink:href="#norm_group_295" value="ⲁⲛ"/><!-- ⲁⲛ -->
<feat xlink:href="#norm_group_296" value="ϩⲣⲁⲓ"/><!-- ϩⲣⲁⲓ -->
<feat xlink:href="#norm_group_297" value="ⲛϩⲏⲧⲛ"/><!-- ⲛϩⲏⲧ...ⲛ -->
<feat xlink:href="#norm_group_299" value="."/><!-- . -->
</featList>
</paula>
