<?xml version="1.0" encoding="UTF-8" standalone="no"?>

<!DOCTYPE paula SYSTEM "paula_mark.dtd">
<paula version="1.0">

<header paula_id="sahidica.nt.1_John_1_langSeg"/>

<markList xmlns:xlink="http://www.w3.org/1999/xlink" type="langSeg" xml:base="sahidica.nt.1_John_1.tok.xml">
<mark id="lang_113" xlink:href="#tok_113"/><!-- ⲓⲏⲥⲟⲩⲥ -->
<mark id="lang_115" xlink:href="#tok_115"/><!-- ⲭⲣⲓⲥⲧⲟⲥ -->
<mark id="lang_192" xlink:href="#tok_192"/><!-- ⲇⲉ -->
<mark id="lang_217" xlink:href="#tok_217"/><!-- ⲓⲏⲥⲟⲩⲥ -->
<mark id="lang_256" xlink:href="#tok_256"/><!-- ⲡⲓⲥⲧⲟⲥ -->
<mark id="lang_260" xlink:href="#tok_260"/><!-- ⲇⲓⲕⲁⲓⲟⲥ -->
</markList>
</paula>
