<?xml version="1.0" encoding="UTF-8" standalone="no"?>

<!DOCTYPE paula SYSTEM "paula_feat.dtd">
<paula version="1.0">

<header paula_id="AP.216.besarion_norm_group"/>

<featList xmlns:xlink="http://www.w3.org/1999/xlink" type="norm_group" xml:base="AP.216.besarion.norm_groupSeg.xml">
<feat xlink:href="#norm_group_1" value="ⲁϥϫⲟⲟⲥ"/><!-- Ⲁ -->
<feat xlink:href="#norm_group_5" value="ⲛ̅ϭⲓⲁⲡⲁ"/><!-- ⲛϭⲓ -->
<feat xlink:href="#norm_group_7" value="ⲇⲟⲩⲗⲟⲥ"/><!-- ⲇⲟⲩⲗⲟⲥ -->
<feat xlink:href="#norm_group_8" value="ⲡⲙⲁⲑⲏⲧⲏⲥ"/><!-- ⲡ̇ -->
<feat xlink:href="#norm_group_11" value="ⲛ̅ⲁⲡⲁ"/><!-- ⲛ -->
<feat xlink:href="#norm_group_13" value="ⲃⲏⲥⲁⲣⲓⲟⲛ"/><!-- ⲃⲏⲥⲁ -->
<feat xlink:href="#norm_group_15" value="·"/><!-- · -->
<feat xlink:href="#norm_group_16" value="ϫⲉⲉⲛⲙⲟⲟϣⲉ"/><!-- ϫⲉ -->
<feat xlink:href="#norm_group_21" value="ϩⲁϩⲧⲛ̅ⲑⲁⲗⲁⲥⲥⲁ"/><!-- ϩⲁϩⲧⲛ̇ -->
<feat xlink:href="#norm_group_24" value="ⲁⲩⲱ"/><!-- ⲁⲩⲱ̇ -->
<feat xlink:href="#norm_group_25" value="ⲁⲓⲉⲓⲃⲉ"/><!-- ⲁ -->
<feat xlink:href="#norm_group_28" value="·"/><!-- · -->
<feat xlink:href="#norm_group_29" value="ⲁⲓϫⲟⲟⲥ"/><!-- ⲁ -->
<feat xlink:href="#norm_group_33" value="ⲛ̅ⲁⲡⲁ"/><!-- ⲛ -->
<feat xlink:href="#norm_group_35" value="ⲃⲏⲥⲁⲣⲓⲟⲛ"/><!-- ⲃⲏⲥⲁⲣⲓ̈ⲟⲛ -->
<feat xlink:href="#norm_group_36" value="ϫⲉⲡⲁⲉⲓⲱⲧ"/><!-- ϫⲉ -->
<feat xlink:href="#norm_group_39" value="ϯⲟⲃⲉ"/><!-- ϯ̇ -->
<feat xlink:href="#norm_group_41" value="ⲧⲟⲛⲟⲩ"/><!-- ⲧⲟ -->
<feat xlink:href="#norm_group_43" value="."/><!-- . -->
<feat xlink:href="#norm_group_44" value="ⲡϩⲗ̅ⲗⲟ"/><!-- ⲡ̇ -->
<feat xlink:href="#norm_group_46" value="ⲇⲉ"/><!-- ⲇⲉ -->
<feat xlink:href="#norm_group_47" value="ⲁϥϣⲗⲏⲗ"/><!-- Ⲁ -->
<feat xlink:href="#norm_group_50" value="ⲡⲉϫⲁϥ"/><!-- ⲡⲉϫⲁ -->
<feat xlink:href="#norm_group_52" value="ⲛⲁⲓ"/><!-- ⲛⲁ -->
<feat xlink:href="#norm_group_54" value="ϫⲉⲥⲱ"/><!-- ϫⲉ -->
<feat xlink:href="#norm_group_56" value="ⲛⲁⲕ"/><!-- ⲛⲁ -->
<feat xlink:href="#norm_group_58" value="ϩⲛ̅ⲑ"/><!-- ϩⲛ̇ -->
<feat xlink:href="#norm_group_60" value="ⲁⲗⲁⲥⲥⲁ"/><!-- ⲁⲗⲁⲥ -->
<feat xlink:href="#norm_group_62" value="·"/><!-- · -->
<feat xlink:href="#norm_group_63" value="ⲁⲩⲱ"/><!-- ⲁⲩⲱ̇ -->
<feat xlink:href="#norm_group_64" value="ⲡⲙⲟⲟⲩ"/><!-- ⲡ̇ -->
<feat xlink:href="#norm_group_66" value="ϩⲟⲗϭ"/><!-- ϩⲟⲗϭ̇ -->
<feat xlink:href="#norm_group_67" value="."/><!-- . -->
<feat xlink:href="#norm_group_68" value="ⲁⲛⲟⲕ"/><!-- ⲁ̇ⲛⲟⲕ -->
<feat xlink:href="#norm_group_69" value="ⲇⲉ"/><!-- ⲇⲉ -->
<feat xlink:href="#norm_group_70" value="ⲁⲓⲥⲱ"/><!-- ⲁ -->
<feat xlink:href="#norm_group_73" value="·"/><!-- · -->
<feat xlink:href="#norm_group_75" value="ⲁⲩⲱ"/><!-- Ⲁⲩⲱ̇ -->
<feat xlink:href="#norm_group_76" value="ⲁⲓϯ"/><!-- ⲁ -->
<feat xlink:href="#norm_group_79" value="ⲛ̅ⲟⲩϣⲏⲙ"/><!-- ⲛ -->
<feat xlink:href="#norm_group_82" value="ⲙ̅ⲙⲟⲟⲩ"/><!-- ⲙ̇ -->
<feat xlink:href="#norm_group_84" value="ⲉⲡⲁⲁⲅⲅⲏⲛ"/><!-- ⲉ̇ -->
<feat xlink:href="#norm_group_87" value="ⲉⲧⲛ̅ⲧⲟⲟⲧ"/><!-- ⲉ̇ⲧ -->
<feat xlink:href="#norm_group_90" value="·"/><!-- · -->
<feat xlink:href="#norm_group_91" value="ⲉⲓϫⲱ"/><!-- ⲉ -->
<feat xlink:href="#norm_group_94" value="ⲙ̅ⲙⲟⲥ"/><!-- ⲙ̇ -->
<feat xlink:href="#norm_group_97" value="ϫⲉⲙⲏⲡⲟⲧⲉ"/><!-- ϫⲉ -->
<feat xlink:href="#norm_group_99" value="ⲧⲁⲉⲓⲃⲉ"/><!-- ⲧⲁ -->
<feat xlink:href="#norm_group_101" value="ⲟⲛ"/><!-- ⲟ̇ⲛ -->
<feat xlink:href="#norm_group_102" value="."/><!-- . -->
<feat xlink:href="#norm_group_103" value="ⲡϩⲗ̅ⲗⲟ"/><!-- ⲡ̇ -->
<feat xlink:href="#norm_group_105" value="ⲇⲉ"/><!-- Ⲇⲉ -->
<feat xlink:href="#norm_group_106" value="ⲛ̅ⲧⲉⲣⲉϥⲛⲁⲩ"/><!-- ⲛ̇ⲧⲉⲣⲉ -->
<feat xlink:href="#norm_group_109" value="ⲡⲉϫⲁϥ"/><!-- ⲡⲉϫⲁ -->
<feat xlink:href="#norm_group_111" value="ⲛⲁⲓ"/><!-- ⲛⲁ -->
<feat xlink:href="#norm_group_113" value="ϫⲉⲉⲧⲃⲉⲟⲩ"/><!-- ϫⲉ -->
<feat xlink:href="#norm_group_116" value="ⲁⲕⲙⲉϩ"/><!-- ⲁ̇ -->
<feat xlink:href="#norm_group_119" value="ⲙⲟⲟⲩ"/><!-- ⲙⲟⲟⲩ -->
<feat xlink:href="#norm_group_120" value="."/><!-- . -->
<feat xlink:href="#norm_group_121" value="ⲡⲉϫⲁⲓ"/><!-- ⲡⲉϫⲁ -->
<feat xlink:href="#norm_group_123" value="ϫⲉⲕⲱ"/><!-- ϫⲉ -->
<feat xlink:href="#norm_group_125" value="ⲛⲁⲓ"/><!-- ⲛⲁ -->
<feat xlink:href="#norm_group_127" value="ⲉⲃⲟⲗ"/><!-- ⲉⲃⲟⲗ -->
<feat xlink:href="#norm_group_128" value="·"/><!-- · -->
<feat xlink:href="#norm_group_129" value="ϫⲉⲙⲏⲡⲟⲧⲉ"/><!-- ϫⲉ -->
<feat xlink:href="#norm_group_131" value="ⲧⲁⲉⲓⲃⲉ"/><!-- ⲧⲁ -->
<feat xlink:href="#norm_group_133" value="ⲙ̅ⲡⲉⲓⲥⲁ"/><!-- ⲙ̇ -->
<feat xlink:href="#norm_group_136" value="."/><!-- . -->
<feat xlink:href="#norm_group_138" value="ⲡⲉϫⲉ"/><!-- Ⲡⲉϫⲉ -->
<feat xlink:href="#norm_group_139" value="ⲡϩⲗ̅ⲗⲟ"/><!-- ⲡ̇ -->
<feat xlink:href="#norm_group_141" value="ⲛⲁⲓ"/><!-- ⲛⲁ -->
<feat xlink:href="#norm_group_143" value="ϫⲉⲡⲛⲟⲩⲧⲉ"/><!-- ϫⲉ -->
<feat xlink:href="#norm_group_146" value="ⲙ̅ⲡⲉⲓⲙⲁ"/><!-- ⲙ̇ -->
<feat xlink:href="#norm_group_149" value="·"/><!-- · -->
<feat xlink:href="#norm_group_150" value="ⲛ̅ⲧⲟϥ"/><!-- ⲛ̇ -->
<feat xlink:href="#norm_group_153" value="ⲟⲛ"/><!-- ⲟ̇ⲛ -->
<feat xlink:href="#norm_group_154" value="ⲡⲉ"/><!-- ⲡⲉ -->
<feat xlink:href="#norm_group_155" value="ⲡⲛⲟⲩⲧⲉ"/><!-- ⲡ -->
<feat xlink:href="#norm_group_157" value="ⲙ̅ⲡⲉⲓⲥⲁ"/><!-- ⲙ̇ -->
<feat xlink:href="#norm_group_160" value="."/><!-- . -->
</featList>
</paula>
