<?xml version='1.0' encoding='UTF-8'?><!DOCTYPE paula SYSTEM "paula_rel.dtd">
<paula version="1.1">
	<header paula_id="scriptorium.01_Genesis_06.dep"/>
	<relList xmlns:xlink="http://www.w3.org/1999/xlink" type="dep">
		<rel id="sPointingRel1" xlink:href="scriptorium.01_Genesis_06.mark.xml#sSpan520" target="scriptorium.01_Genesis_06.mark.xml#sSpan517"/>
		<rel id="sPointingRel3" xlink:href="scriptorium.01_Genesis_06.mark.xml#sSpan153" target="scriptorium.01_Genesis_06.mark.xml#sSpan143"/>
		<rel id="sPointingRel5" xlink:href="scriptorium.01_Genesis_06.mark.xml#sSpan80" target="scriptorium.01_Genesis_06.mark.xml#sSpan77"/>
		<rel id="sPointingRel7" xlink:href="scriptorium.01_Genesis_06.mark.xml#sSpan219" target="scriptorium.01_Genesis_06.mark.xml#sSpan240"/>
		<rel id="sPointingRel9" xlink:href="scriptorium.01_Genesis_06.mark.xml#sSpan362" target="scriptorium.01_Genesis_06.mark.xml#sSpan363"/>
		<rel id="sPointingRel11" xlink:href="scriptorium.01_Genesis_06.mark.xml#sSpan195" target="scriptorium.01_Genesis_06.mark.xml#sSpan194"/>
		<rel id="sPointingRel13" xlink:href="scriptorium.01_Genesis_06.mark.xml#sSpan107" target="scriptorium.01_Genesis_06.mark.xml#sSpan63"/>
		<rel id="sPointingRel15" xlink:href="scriptorium.01_Genesis_06.mark.xml#sSpan272" target="scriptorium.01_Genesis_06.mark.xml#sSpan270"/>
		<rel id="sPointingRel17" xlink:href="scriptorium.01_Genesis_06.mark.xml#sSpan12" target="scriptorium.01_Genesis_06.mark.xml#sSpan10"/>
		<rel id="sPointingRel19" xlink:href="scriptorium.01_Genesis_06.mark.xml#sSpan39" target="scriptorium.01_Genesis_06.mark.xml#sSpan35"/>
		<rel id="sPointingRel21" xlink:href="scriptorium.01_Genesis_06.mark.xml#sSpan660" target="scriptorium.01_Genesis_06.mark.xml#sSpan663"/>
		<rel id="sPointingRel23" xlink:href="scriptorium.01_Genesis_06.mark.xml#sSpan219" target="scriptorium.01_Genesis_06.mark.xml#sSpan217"/>
		<rel id="sPointingRel25" xlink:href="scriptorium.01_Genesis_06.mark.xml#sSpan1066" target="scriptorium.01_Genesis_06.mark.xml#sSpan1062"/>
		<rel id="sPointingRel27" xlink:href="scriptorium.01_Genesis_06.mark.xml#sSpan400" target="scriptorium.01_Genesis_06.mark.xml#sSpan412"/>
		<rel id="sPointingRel29" xlink:href="scriptorium.01_Genesis_06.mark.xml#sSpan912" target="scriptorium.01_Genesis_06.mark.xml#sSpan920"/>
		<rel id="sPointingRel31" xlink:href="scriptorium.01_Genesis_06.mark.xml#sSpan313" target="scriptorium.01_Genesis_06.mark.xml#sSpan311"/>
		<rel id="sPointingRel33" xlink:href="scriptorium.01_Genesis_06.mark.xml#sSpan503" target="scriptorium.01_Genesis_06.mark.xml#sSpan501"/>
		<rel id="sPointingRel35" xlink:href="scriptorium.01_Genesis_06.mark.xml#sSpan1079" target="scriptorium.01_Genesis_06.mark.xml#sSpan1088"/>
		<rel id="sPointingRel37" xlink:href="scriptorium.01_Genesis_06.mark.xml#sSpan1015" target="scriptorium.01_Genesis_06.mark.xml#sSpan1013"/>
		<rel id="sPointingRel39" xlink:href="scriptorium.01_Genesis_06.mark.xml#sSpan499" target="scriptorium.01_Genesis_06.mark.xml#sSpan498"/>
		<rel id="sPointingRel41" xlink:href="scriptorium.01_Genesis_06.mark.xml#sSpan339" target="scriptorium.01_Genesis_06.mark.xml#sSpan340"/>
		<rel id="sPointingRel43" xlink:href="scriptorium.01_Genesis_06.mark.xml#sSpan888" target="scriptorium.01_Genesis_06.mark.xml#sSpan880"/>
		<rel id="sPointingRel45" xlink:href="scriptorium.01_Genesis_06.mark.xml#sSpan663" target="scriptorium.01_Genesis_06.mark.xml#sSpan661"/>
		<rel id="sPointingRel47" xlink:href="scriptorium.01_Genesis_06.mark.xml#sSpan378" target="scriptorium.01_Genesis_06.mark.xml#sSpan384"/>
		<rel id="sPointingRel49" xlink:href="scriptorium.01_Genesis_06.mark.xml#sSpan30" target="scriptorium.01_Genesis_06.mark.xml#sSpan28"/>
		<rel id="sPointingRel51" xlink:href="scriptorium.01_Genesis_06.mark.xml#sSpan1041" target="scriptorium.01_Genesis_06.mark.xml#sSpan1039"/>
		<rel id="sPointingRel53" xlink:href="scriptorium.01_Genesis_06.mark.xml#sSpan211" target="scriptorium.01_Genesis_06.mark.xml#sSpan208"/>
		<rel id="sPointingRel55" xlink:href="scriptorium.01_Genesis_06.mark.xml#sSpan1074" target="scriptorium.01_Genesis_06.mark.xml#sSpan1068"/>
		<rel id="sPointingRel57" xlink:href="scriptorium.01_Genesis_06.mark.xml#sSpan384" target="scriptorium.01_Genesis_06.mark.xml#sSpan380"/>
		<rel id="sPointingRel59" xlink:href="scriptorium.01_Genesis_06.mark.xml#sSpan532" target="scriptorium.01_Genesis_06.mark.xml#sSpan573"/>
		<rel id="sPointingRel61" xlink:href="scriptorium.01_Genesis_06.mark.xml#sSpan1074" target="scriptorium.01_Genesis_06.mark.xml#sSpan1079"/>
		<rel id="sPointingRel63" xlink:href="scriptorium.01_Genesis_06.mark.xml#sSpan991" target="scriptorium.01_Genesis_06.mark.xml#sSpan1000"/>
		<rel id="sPointingRel65" xlink:href="scriptorium.01_Genesis_06.mark.xml#sSpan107" target="scriptorium.01_Genesis_06.mark.xml#sSpan64"/>
		<rel id="sPointingRel67" xlink:href="scriptorium.01_Genesis_06.mark.xml#sSpan337" target="scriptorium.01_Genesis_06.mark.xml#sSpan339"/>
		<rel id="sPointingRel69" xlink:href="scriptorium.01_Genesis_06.mark.xml#sSpan938" target="scriptorium.01_Genesis_06.mark.xml#sSpan934"/>
		<rel id="sPointingRel71" xlink:href="scriptorium.01_Genesis_06.mark.xml#sSpan803" target="scriptorium.01_Genesis_06.mark.xml#sSpan811"/>
		<rel id="sPointingRel73" xlink:href="scriptorium.01_Genesis_06.mark.xml#sSpan976" target="scriptorium.01_Genesis_06.mark.xml#sSpan978"/>
		<rel id="sPointingRel75" xlink:href="scriptorium.01_Genesis_06.mark.xml#sSpan984" target="scriptorium.01_Genesis_06.mark.xml#sSpan986"/>
		<rel id="sPointingRel77" xlink:href="scriptorium.01_Genesis_06.mark.xml#sSpan1" target="scriptorium.01_Genesis_06.mark.xml#sSpan6"/>
		<rel id="sPointingRel79" xlink:href="scriptorium.01_Genesis_06.mark.xml#sSpan701" target="scriptorium.01_Genesis_06.mark.xml#sSpan702"/>
		<rel id="sPointingRel81" xlink:href="scriptorium.01_Genesis_06.mark.xml#sSpan355" target="scriptorium.01_Genesis_06.mark.xml#sSpan354"/>
		<rel id="sPointingRel83" xlink:href="scriptorium.01_Genesis_06.mark.xml#sSpan160" target="scriptorium.01_Genesis_06.mark.xml#sSpan161"/>
		<rel id="sPointingRel85" xlink:href="scriptorium.01_Genesis_06.mark.xml#sSpan604" target="scriptorium.01_Genesis_06.mark.xml#sSpan602"/>
		<rel id="sPointingRel87" xlink:href="scriptorium.01_Genesis_06.mark.xml#sSpan202" target="scriptorium.01_Genesis_06.mark.xml#sSpan198"/>
		<rel id="sPointingRel89" xlink:href="scriptorium.01_Genesis_06.mark.xml#sSpan436" target="scriptorium.01_Genesis_06.mark.xml#sSpan435"/>
		<rel id="sPointingRel91" xlink:href="scriptorium.01_Genesis_06.mark.xml#sSpan739" target="scriptorium.01_Genesis_06.mark.xml#sSpan748"/>
		<rel id="sPointingRel93" xlink:href="scriptorium.01_Genesis_06.mark.xml#sSpan912" target="scriptorium.01_Genesis_06.mark.xml#sSpan923"/>
		<rel id="sPointingRel95" xlink:href="scriptorium.01_Genesis_06.mark.xml#sSpan216" target="scriptorium.01_Genesis_06.mark.xml#sSpan212"/>
		<rel id="sPointingRel97" xlink:href="scriptorium.01_Genesis_06.mark.xml#sSpan1" target="scriptorium.01_Genesis_06.mark.xml#sSpan24"/>
		<rel id="sPointingRel99" xlink:href="scriptorium.01_Genesis_06.mark.xml#sSpan912" target="scriptorium.01_Genesis_06.mark.xml#sSpan906"/>
		<rel id="sPointingRel101" xlink:href="scriptorium.01_Genesis_06.mark.xml#sSpan266" target="scriptorium.01_Genesis_06.mark.xml#sSpan263"/>
		<rel id="sPointingRel103" xlink:href="scriptorium.01_Genesis_06.mark.xml#sSpan337" target="scriptorium.01_Genesis_06.mark.xml#sSpan345"/>
		<rel id="sPointingRel105" xlink:href="scriptorium.01_Genesis_06.mark.xml#sSpan628" target="scriptorium.01_Genesis_06.mark.xml#sSpan627"/>
		<rel id="sPointingRel107" xlink:href="scriptorium.01_Genesis_06.mark.xml#sSpan235" target="scriptorium.01_Genesis_06.mark.xml#sSpan231"/>
		<rel id="sPointingRel109" xlink:href="scriptorium.01_Genesis_06.mark.xml#sSpan546" target="scriptorium.01_Genesis_06.mark.xml#sSpan549"/>
		<rel id="sPointingRel111" xlink:href="scriptorium.01_Genesis_06.mark.xml#sSpan107" target="scriptorium.01_Genesis_06.mark.xml#sSpan95"/>
		<rel id="sPointingRel113" xlink:href="scriptorium.01_Genesis_06.mark.xml#sSpan557" target="scriptorium.01_Genesis_06.mark.xml#sSpan553"/>
		<rel id="sPointingRel115" xlink:href="scriptorium.01_Genesis_06.mark.xml#sSpan266" target="scriptorium.01_Genesis_06.mark.xml#sSpan257"/>
		<rel id="sPointingRel117" xlink:href="scriptorium.01_Genesis_06.mark.xml#sSpan211" target="scriptorium.01_Genesis_06.mark.xml#sSpan216"/>
		<rel id="sPointingRel119" xlink:href="scriptorium.01_Genesis_06.mark.xml#sSpan457" target="scriptorium.01_Genesis_06.mark.xml#sSpan482"/>
		<rel id="sPointingRel121" xlink:href="scriptorium.01_Genesis_06.mark.xml#sSpan445" target="scriptorium.01_Genesis_06.mark.xml#sSpan441"/>
		<rel id="sPointingRel123" xlink:href="scriptorium.01_Genesis_06.mark.xml#sSpan1030" target="scriptorium.01_Genesis_06.mark.xml#sSpan1035"/>
		<rel id="sPointingRel125" xlink:href="scriptorium.01_Genesis_06.mark.xml#sSpan1061" target="scriptorium.01_Genesis_06.mark.xml#sSpan1066"/>
		<rel id="sPointingRel127" xlink:href="scriptorium.01_Genesis_06.mark.xml#sSpan418" target="scriptorium.01_Genesis_06.mark.xml#sSpan413"/>
		<rel id="sPointingRel129" xlink:href="scriptorium.01_Genesis_06.mark.xml#sSpan872" target="scriptorium.01_Genesis_06.mark.xml#sSpan884"/>
		<rel id="sPointingRel131" xlink:href="scriptorium.01_Genesis_06.mark.xml#sSpan39" target="scriptorium.01_Genesis_06.mark.xml#sSpan37"/>
		<rel id="sPointingRel133" xlink:href="scriptorium.01_Genesis_06.mark.xml#sSpan776" target="scriptorium.01_Genesis_06.mark.xml#sSpan774"/>
		<rel id="sPointingRel135" xlink:href="scriptorium.01_Genesis_06.mark.xml#sSpan670" target="scriptorium.01_Genesis_06.mark.xml#sSpan665"/>
		<rel id="sPointingRel137" xlink:href="scriptorium.01_Genesis_06.mark.xml#sSpan165" target="scriptorium.01_Genesis_06.mark.xml#sSpan180"/>
		<rel id="sPointingRel139" xlink:href="scriptorium.01_Genesis_06.mark.xml#sSpan604" target="scriptorium.01_Genesis_06.mark.xml#sSpan607"/>
		<rel id="sPointingRel141" xlink:href="scriptorium.01_Genesis_06.mark.xml#sSpan860" target="scriptorium.01_Genesis_06.mark.xml#sSpan858"/>
		<rel id="sPointingRel143" xlink:href="scriptorium.01_Genesis_06.mark.xml#sSpan696" target="scriptorium.01_Genesis_06.mark.xml#sSpan693"/>
		<rel id="sPointingRel145" xlink:href="scriptorium.01_Genesis_06.mark.xml#sSpan912" target="scriptorium.01_Genesis_06.mark.xml#sSpan864"/>
		<rel id="sPointingRel147" xlink:href="scriptorium.01_Genesis_06.mark.xml#sSpan313" target="scriptorium.01_Genesis_06.mark.xml#sSpan322"/>
		<rel id="sPointingRel149" xlink:href="scriptorium.01_Genesis_06.mark.xml#sSpan572" target="scriptorium.01_Genesis_06.mark.xml#sSpan566"/>
		<rel id="sPointingRel151" xlink:href="scriptorium.01_Genesis_06.mark.xml#sSpan418" target="scriptorium.01_Genesis_06.mark.xml#sSpan436"/>
		<rel id="sPointingRel153" xlink:href="scriptorium.01_Genesis_06.mark.xml#sSpan984" target="scriptorium.01_Genesis_06.mark.xml#sSpan982"/>
		<rel id="sPointingRel155" xlink:href="scriptorium.01_Genesis_06.mark.xml#sSpan907" target="scriptorium.01_Genesis_06.mark.xml#sSpan909"/>
		<rel id="sPointingRel157" xlink:href="scriptorium.01_Genesis_06.mark.xml#sSpan400" target="scriptorium.01_Genesis_06.mark.xml#sSpan397"/>
		<rel id="sPointingRel159" xlink:href="scriptorium.01_Genesis_06.mark.xml#sSpan607" target="scriptorium.01_Genesis_06.mark.xml#sSpan609"/>
		<rel id="sPointingRel161" xlink:href="scriptorium.01_Genesis_06.mark.xml#sSpan1030" target="scriptorium.01_Genesis_06.mark.xml#sSpan1046"/>
		<rel id="sPointingRel163" xlink:href="scriptorium.01_Genesis_06.mark.xml#sSpan966" target="scriptorium.01_Genesis_06.mark.xml#sSpan968"/>
		<rel id="sPointingRel165" xlink:href="scriptorium.01_Genesis_06.mark.xml#sSpan590" target="scriptorium.01_Genesis_06.mark.xml#sSpan588"/>
		<rel id="sPointingRel167" xlink:href="scriptorium.01_Genesis_06.mark.xml#sSpan505" target="scriptorium.01_Genesis_06.mark.xml#sSpan507"/>
		<rel id="sPointingRel169" xlink:href="scriptorium.01_Genesis_06.mark.xml#sSpan912" target="scriptorium.01_Genesis_06.mark.xml#sSpan913"/>
		<rel id="sPointingRel171" xlink:href="scriptorium.01_Genesis_06.mark.xml#sSpan1005" target="scriptorium.01_Genesis_06.mark.xml#sSpan1001"/>
		<rel id="sPointingRel173" xlink:href="scriptorium.01_Genesis_06.mark.xml#sSpan607" target="scriptorium.01_Genesis_06.mark.xml#sSpan605"/>
		<rel id="sPointingRel175" xlink:href="scriptorium.01_Genesis_06.mark.xml#sSpan39" target="scriptorium.01_Genesis_06.mark.xml#sSpan47"/>
		<rel id="sPointingRel177" xlink:href="scriptorium.01_Genesis_06.mark.xml#sSpan146" target="scriptorium.01_Genesis_06.mark.xml#sSpan144"/>
		<rel id="sPointingRel179" xlink:href="scriptorium.01_Genesis_06.mark.xml#sSpan172" target="scriptorium.01_Genesis_06.mark.xml#sSpan170"/>
		<rel id="sPointingRel181" xlink:href="scriptorium.01_Genesis_06.mark.xml#sSpan984" target="scriptorium.01_Genesis_06.mark.xml#sSpan991"/>
		<rel id="sPointingRel183" xlink:href="scriptorium.01_Genesis_06.mark.xml#sSpan739" target="scriptorium.01_Genesis_06.mark.xml#sSpan734"/>
		<rel id="sPointingRel185" xlink:href="scriptorium.01_Genesis_06.mark.xml#sSpan560" target="scriptorium.01_Genesis_06.mark.xml#sSpan558"/>
		<rel id="sPointingRel187" xlink:href="scriptorium.01_Genesis_06.mark.xml#sSpan800" target="scriptorium.01_Genesis_06.mark.xml#sSpan803"/>
		<rel id="sPointingRel189" xlink:href="scriptorium.01_Genesis_06.mark.xml#sSpan1011" target="scriptorium.01_Genesis_06.mark.xml#sSpan1015"/>
		<rel id="sPointingRel191" xlink:href="scriptorium.01_Genesis_06.mark.xml#sSpan107" target="scriptorium.01_Genesis_06.mark.xml#sSpan128"/>
		<rel id="sPointingRel193" xlink:href="scriptorium.01_Genesis_06.mark.xml#sSpan855" target="scriptorium.01_Genesis_06.mark.xml#sSpan860"/>
		<rel id="sPointingRel195" xlink:href="scriptorium.01_Genesis_06.mark.xml#sSpan906" target="scriptorium.01_Genesis_06.mark.xml#sSpan901"/>
		<rel id="sPointingRel197" xlink:href="scriptorium.01_Genesis_06.mark.xml#sSpan920" target="scriptorium.01_Genesis_06.mark.xml#sSpan918"/>
		<rel id="sPointingRel199" xlink:href="scriptorium.01_Genesis_06.mark.xml#sSpan391" target="scriptorium.01_Genesis_06.mark.xml#sSpan389"/>
		<rel id="sPointingRel201" xlink:href="scriptorium.01_Genesis_06.mark.xml#sSpan355" target="scriptorium.01_Genesis_06.mark.xml#sSpan346"/>
		<rel id="sPointingRel203" xlink:href="scriptorium.01_Genesis_06.mark.xml#sSpan818" target="scriptorium.01_Genesis_06.mark.xml#sSpan817"/>
		<rel id="sPointingRel205" xlink:href="scriptorium.01_Genesis_06.mark.xml#sSpan153" target="scriptorium.01_Genesis_06.mark.xml#sSpan160"/>
		<rel id="sPointingRel207" xlink:href="scriptorium.01_Genesis_06.mark.xml#sSpan947" target="scriptorium.01_Genesis_06.mark.xml#sSpan952"/>
		<rel id="sPointingRel209" xlink:href="scriptorium.01_Genesis_06.mark.xml#sSpan219" target="scriptorium.01_Genesis_06.mark.xml#sSpan225"/>
		<rel id="sPointingRel211" xlink:href="scriptorium.01_Genesis_06.mark.xml#sSpan63" target="scriptorium.01_Genesis_06.mark.xml#sSpan70"/>
		<rel id="sPointingRel213" xlink:href="scriptorium.01_Genesis_06.mark.xml#sSpan773" target="scriptorium.01_Genesis_06.mark.xml#sSpan776"/>
		<rel id="sPointingRel215" xlink:href="scriptorium.01_Genesis_06.mark.xml#sSpan330" target="scriptorium.01_Genesis_06.mark.xml#sSpan328"/>
		<rel id="sPointingRel217" xlink:href="scriptorium.01_Genesis_06.mark.xml#sSpan195" target="scriptorium.01_Genesis_06.mark.xml#sSpan211"/>
		<rel id="sPointingRel219" xlink:href="scriptorium.01_Genesis_06.mark.xml#sSpan313" target="scriptorium.01_Genesis_06.mark.xml#sSpan304"/>
		<rel id="sPointingRel221" xlink:href="scriptorium.01_Genesis_06.mark.xml#sSpan266" target="scriptorium.01_Genesis_06.mark.xml#sSpan265"/>
		<rel id="sPointingRel223" xlink:href="scriptorium.01_Genesis_06.mark.xml#sSpan991" target="scriptorium.01_Genesis_06.mark.xml#sSpan993"/>
		<rel id="sPointingRel225" xlink:href="scriptorium.01_Genesis_06.mark.xml#sSpan99" target="scriptorium.01_Genesis_06.mark.xml#sSpan106"/>
		<rel id="sPointingRel227" xlink:href="scriptorium.01_Genesis_06.mark.xml#sSpan701" target="scriptorium.01_Genesis_06.mark.xml#sSpan699"/>
		<rel id="sPointingRel229" xlink:href="scriptorium.01_Genesis_06.mark.xml#sSpan378" target="scriptorium.01_Genesis_06.mark.xml#sSpan377"/>
		<rel id="sPointingRel231" xlink:href="scriptorium.01_Genesis_06.mark.xml#sSpan811" target="scriptorium.01_Genesis_06.mark.xml#sSpan809"/>
		<rel id="sPointingRel233" xlink:href="scriptorium.01_Genesis_06.mark.xml#sSpan240" target="scriptorium.01_Genesis_06.mark.xml#sSpan245"/>
		<rel id="sPointingRel235" xlink:href="scriptorium.01_Genesis_06.mark.xml#sSpan758" target="scriptorium.01_Genesis_06.mark.xml#sSpan786"/>
		<rel id="sPointingRel237" xlink:href="scriptorium.01_Genesis_06.mark.xml#sSpan288" target="scriptorium.01_Genesis_06.mark.xml#sSpan294"/>
		<rel id="sPointingRel239" xlink:href="scriptorium.01_Genesis_06.mark.xml#sSpan482" target="scriptorium.01_Genesis_06.mark.xml#sSpan470"/>
		<rel id="sPointingRel241" xlink:href="scriptorium.01_Genesis_06.mark.xml#sSpan58" target="scriptorium.01_Genesis_06.mark.xml#sSpan53"/>
		<rel id="sPointingRel243" xlink:href="scriptorium.01_Genesis_06.mark.xml#sSpan181" target="scriptorium.01_Genesis_06.mark.xml#sSpan182"/>
		<rel id="sPointingRel245" xlink:href="scriptorium.01_Genesis_06.mark.xml#sSpan863" target="scriptorium.01_Genesis_06.mark.xml#sSpan861"/>
		<rel id="sPointingRel247" xlink:href="scriptorium.01_Genesis_06.mark.xml#sSpan701" target="scriptorium.01_Genesis_06.mark.xml#sSpan696"/>
		<rel id="sPointingRel249" xlink:href="scriptorium.01_Genesis_06.mark.xml#sSpan400" target="scriptorium.01_Genesis_06.mark.xml#sSpan395"/>
		<rel id="sPointingRel251" xlink:href="scriptorium.01_Genesis_06.mark.xml#sSpan923" target="scriptorium.01_Genesis_06.mark.xml#sSpan921"/>
		<rel id="sPointingRel253" xlink:href="scriptorium.01_Genesis_06.mark.xml#sSpan572" target="scriptorium.01_Genesis_06.mark.xml#sSpan570"/>
		<rel id="sPointingRel255" xlink:href="scriptorium.01_Genesis_06.mark.xml#sSpan892" target="scriptorium.01_Genesis_06.mark.xml#sSpan888"/>
		<rel id="sPointingRel257" xlink:href="scriptorium.01_Genesis_06.mark.xml#sSpan180" target="scriptorium.01_Genesis_06.mark.xml#sSpan179"/>
		<rel id="sPointingRel259" xlink:href="scriptorium.01_Genesis_06.mark.xml#sSpan755" target="scriptorium.01_Genesis_06.mark.xml#sSpan751"/>
		<rel id="sPointingRel261" xlink:href="scriptorium.01_Genesis_06.mark.xml#sSpan146" target="scriptorium.01_Genesis_06.mark.xml#sSpan149"/>
		<rel id="sPointingRel263" xlink:href="scriptorium.01_Genesis_06.mark.xml#sSpan1079" target="scriptorium.01_Genesis_06.mark.xml#sSpan1082"/>
		<rel id="sPointingRel265" xlink:href="scriptorium.01_Genesis_06.mark.xml#sSpan378" target="scriptorium.01_Genesis_06.mark.xml#sSpan370"/>
		<rel id="sPointingRel267" xlink:href="scriptorium.01_Genesis_06.mark.xml#sSpan63" target="scriptorium.01_Genesis_06.mark.xml#sSpan88"/>
		<rel id="sPointingRel269" xlink:href="scriptorium.01_Genesis_06.mark.xml#sSpan901" target="scriptorium.01_Genesis_06.mark.xml#sSpan904"/>
		<rel id="sPointingRel271" xlink:href="scriptorium.01_Genesis_06.mark.xml#sSpan670" target="scriptorium.01_Genesis_06.mark.xml#sSpan671"/>
		<rel id="sPointingRel273" xlink:href="scriptorium.01_Genesis_06.mark.xml#sSpan947" target="scriptorium.01_Genesis_06.mark.xml#sSpan939"/>
		<rel id="sPointingRel275" xlink:href="scriptorium.01_Genesis_06.mark.xml#sSpan1024" target="scriptorium.01_Genesis_06.mark.xml#sSpan1026"/>
		<rel id="sPointingRel277" xlink:href="scriptorium.01_Genesis_06.mark.xml#sSpan1000" target="scriptorium.01_Genesis_06.mark.xml#sSpan1005"/>
		<rel id="sPointingRel279" xlink:href="scriptorium.01_Genesis_06.mark.xml#sSpan564" target="scriptorium.01_Genesis_06.mark.xml#sSpan561"/>
		<rel id="sPointingRel281" xlink:href="scriptorium.01_Genesis_06.mark.xml#sSpan313" target="scriptorium.01_Genesis_06.mark.xml#sSpan316"/>
		<rel id="sPointingRel283" xlink:href="scriptorium.01_Genesis_06.mark.xml#sSpan701" target="scriptorium.01_Genesis_06.mark.xml#sSpan715"/>
		<rel id="sPointingRel285" xlink:href="scriptorium.01_Genesis_06.mark.xml#sSpan640" target="scriptorium.01_Genesis_06.mark.xml#sSpan638"/>
		<rel id="sPointingRel287" xlink:href="scriptorium.01_Genesis_06.mark.xml#sSpan277" target="scriptorium.01_Genesis_06.mark.xml#sSpan278"/>
		<rel id="sPointingRel289" xlink:href="scriptorium.01_Genesis_06.mark.xml#sSpan952" target="scriptorium.01_Genesis_06.mark.xml#sSpan955"/>
		<rel id="sPointingRel291" xlink:href="scriptorium.01_Genesis_06.mark.xml#sSpan837" target="scriptorium.01_Genesis_06.mark.xml#sSpan833"/>
		<rel id="sPointingRel293" xlink:href="scriptorium.01_Genesis_06.mark.xml#sSpan322" target="scriptorium.01_Genesis_06.mark.xml#sSpan323"/>
		<rel id="sPointingRel295" xlink:href="scriptorium.01_Genesis_06.mark.xml#sSpan132" target="scriptorium.01_Genesis_06.mark.xml#sSpan135"/>
		<rel id="sPointingRel297" xlink:href="scriptorium.01_Genesis_06.mark.xml#sSpan758" target="scriptorium.01_Genesis_06.mark.xml#sSpan756"/>
		<rel id="sPointingRel299" xlink:href="scriptorium.01_Genesis_06.mark.xml#sSpan670" target="scriptorium.01_Genesis_06.mark.xml#sSpan668"/>
		<rel id="sPointingRel301" xlink:href="scriptorium.01_Genesis_06.mark.xml#sSpan1005" target="scriptorium.01_Genesis_06.mark.xml#sSpan1003"/>
		<rel id="sPointingRel303" xlink:href="scriptorium.01_Genesis_06.mark.xml#sSpan132" target="scriptorium.01_Genesis_06.mark.xml#sSpan140"/>
		<rel id="sPointingRel305" xlink:href="scriptorium.01_Genesis_06.mark.xml#sSpan225" target="scriptorium.01_Genesis_06.mark.xml#sSpan221"/>
		<rel id="sPointingRel307" xlink:href="scriptorium.01_Genesis_06.mark.xml#sSpan255" target="scriptorium.01_Genesis_06.mark.xml#sSpan254"/>
		<rel id="sPointingRel309" xlink:href="scriptorium.01_Genesis_06.mark.xml#sSpan520" target="scriptorium.01_Genesis_06.mark.xml#sSpan510"/>
		<rel id="sPointingRel311" xlink:href="scriptorium.01_Genesis_06.mark.xml#sSpan499" target="scriptorium.01_Genesis_06.mark.xml#sSpan509"/>
		<rel id="sPointingRel313" xlink:href="scriptorium.01_Genesis_06.mark.xml#sSpan557" target="scriptorium.01_Genesis_06.mark.xml#sSpan546"/>
		<rel id="sPointingRel315" xlink:href="scriptorium.01_Genesis_06.mark.xml#sSpan255" target="scriptorium.01_Genesis_06.mark.xml#sSpan251"/>
		<rel id="sPointingRel317" xlink:href="scriptorium.01_Genesis_06.mark.xml#sSpan80" target="scriptorium.01_Genesis_06.mark.xml#sSpan87"/>
		<rel id="sPointingRel319" xlink:href="scriptorium.01_Genesis_06.mark.xml#sSpan1" target="scriptorium.01_Genesis_06.mark.xml#sSpan12"/>
		<rel id="sPointingRel321" xlink:href="scriptorium.01_Genesis_06.mark.xml#sSpan345" target="scriptorium.01_Genesis_06.mark.xml#sSpan343"/>
		<rel id="sPointingRel323" xlink:href="scriptorium.01_Genesis_06.mark.xml#sSpan322" target="scriptorium.01_Genesis_06.mark.xml#sSpan319"/>
		<rel id="sPointingRel325" xlink:href="scriptorium.01_Genesis_06.mark.xml#sSpan680" target="scriptorium.01_Genesis_06.mark.xml#sSpan701"/>
		<rel id="sPointingRel327" xlink:href="scriptorium.01_Genesis_06.mark.xml#sSpan202" target="scriptorium.01_Genesis_06.mark.xml#sSpan200"/>
		<rel id="sPointingRel329" xlink:href="scriptorium.01_Genesis_06.mark.xml#sSpan722" target="scriptorium.01_Genesis_06.mark.xml#sSpan723"/>
		<rel id="sPointingRel331" xlink:href="scriptorium.01_Genesis_06.mark.xml#sSpan1066" target="scriptorium.01_Genesis_06.mark.xml#sSpan1064"/>
		<rel id="sPointingRel333" xlink:href="scriptorium.01_Genesis_06.mark.xml#sSpan564" target="scriptorium.01_Genesis_06.mark.xml#sSpan563"/>
		<rel id="sPointingRel335" xlink:href="scriptorium.01_Genesis_06.mark.xml#sSpan845" target="scriptorium.01_Genesis_06.mark.xml#sSpan840"/>
		<rel id="sPointingRel337" xlink:href="scriptorium.01_Genesis_06.mark.xml#sSpan418" target="scriptorium.01_Genesis_06.mark.xml#sSpan431"/>
		<rel id="sPointingRel339" xlink:href="scriptorium.01_Genesis_06.mark.xml#sSpan670" target="scriptorium.01_Genesis_06.mark.xml#sSpan680"/>
		<rel id="sPointingRel341" xlink:href="scriptorium.01_Genesis_06.mark.xml#sSpan132" target="scriptorium.01_Genesis_06.mark.xml#sSpan153"/>
		<rel id="sPointingRel343" xlink:href="scriptorium.01_Genesis_06.mark.xml#sSpan384" target="scriptorium.01_Genesis_06.mark.xml#sSpan385"/>
		<rel id="sPointingRel345" xlink:href="scriptorium.01_Genesis_06.mark.xml#sSpan122" target="scriptorium.01_Genesis_06.mark.xml#sSpan117"/>
		<rel id="sPointingRel347" xlink:href="scriptorium.01_Genesis_06.mark.xml#sSpan745" target="scriptorium.01_Genesis_06.mark.xml#sSpan743"/>
		<rel id="sPointingRel349" xlink:href="scriptorium.01_Genesis_06.mark.xml#sSpan384" target="scriptorium.01_Genesis_06.mark.xml#sSpan382"/>
		<rel id="sPointingRel351" xlink:href="scriptorium.01_Genesis_06.mark.xml#sSpan462" target="scriptorium.01_Genesis_06.mark.xml#sSpan465"/>
		<rel id="sPointingRel353" xlink:href="scriptorium.01_Genesis_06.mark.xml#sSpan872" target="scriptorium.01_Genesis_06.mark.xml#sSpan882"/>
		<rel id="sPointingRel355" xlink:href="scriptorium.01_Genesis_06.mark.xml#sSpan996" target="scriptorium.01_Genesis_06.mark.xml#sSpan994"/>
		<rel id="sPointingRel357" xlink:href="scriptorium.01_Genesis_06.mark.xml#sSpan203" target="scriptorium.01_Genesis_06.mark.xml#sSpan205"/>
		<rel id="sPointingRel359" xlink:href="scriptorium.01_Genesis_06.mark.xml#sSpan63" target="scriptorium.01_Genesis_06.mark.xml#sSpan59"/>
		<rel id="sPointingRel361" xlink:href="scriptorium.01_Genesis_06.mark.xml#sSpan122" target="scriptorium.01_Genesis_06.mark.xml#sSpan119"/>
		<rel id="sPointingRel363" xlink:href="scriptorium.01_Genesis_06.mark.xml#sSpan818" target="scriptorium.01_Genesis_06.mark.xml#sSpan815"/>
		<rel id="sPointingRel365" xlink:href="scriptorium.01_Genesis_06.mark.xml#sSpan557" target="scriptorium.01_Genesis_06.mark.xml#sSpan551"/>
		<rel id="sPointingRel367" xlink:href="scriptorium.01_Genesis_06.mark.xml#sSpan739" target="scriptorium.01_Genesis_06.mark.xml#sSpan749"/>
		<rel id="sPointingRel369" xlink:href="scriptorium.01_Genesis_06.mark.xml#sSpan316" target="scriptorium.01_Genesis_06.mark.xml#sSpan314"/>
		<rel id="sPointingRel371" xlink:href="scriptorium.01_Genesis_06.mark.xml#sSpan408" target="scriptorium.01_Genesis_06.mark.xml#sSpan410"/>
		<rel id="sPointingRel373" xlink:href="scriptorium.01_Genesis_06.mark.xml#sSpan912" target="scriptorium.01_Genesis_06.mark.xml#sSpan872"/>
		<rel id="sPointingRel375" xlink:href="scriptorium.01_Genesis_06.mark.xml#sSpan528" target="scriptorium.01_Genesis_06.mark.xml#sSpan530"/>
		<rel id="sPointingRel377" xlink:href="scriptorium.01_Genesis_06.mark.xml#sSpan509" target="scriptorium.01_Genesis_06.mark.xml#sSpan505"/>
		<rel id="sPointingRel379" xlink:href="scriptorium.01_Genesis_06.mark.xml#sSpan165" target="scriptorium.01_Genesis_06.mark.xml#sSpan187"/>
		<rel id="sPointingRel381" xlink:href="scriptorium.01_Genesis_06.mark.xml#sSpan195" target="scriptorium.01_Genesis_06.mark.xml#sSpan250"/>
		<rel id="sPointingRel383" xlink:href="scriptorium.01_Genesis_06.mark.xml#sSpan572" target="scriptorium.01_Genesis_06.mark.xml#sSpan568"/>
		<rel id="sPointingRel385" xlink:href="scriptorium.01_Genesis_06.mark.xml#sSpan103" target="scriptorium.01_Genesis_06.mark.xml#sSpan100"/>
		<rel id="sPointingRel387" xlink:href="scriptorium.01_Genesis_06.mark.xml#sSpan465" target="scriptorium.01_Genesis_06.mark.xml#sSpan463"/>
		<rel id="sPointingRel389" xlink:href="scriptorium.01_Genesis_06.mark.xml#sSpan525" target="scriptorium.01_Genesis_06.mark.xml#sSpan521"/>
		<rel id="sPointingRel391" xlink:href="scriptorium.01_Genesis_06.mark.xml#sSpan277" target="scriptorium.01_Genesis_06.mark.xml#sSpan273"/>
		<rel id="sPointingRel393" xlink:href="scriptorium.01_Genesis_06.mark.xml#sSpan545" target="scriptorium.01_Genesis_06.mark.xml#sSpan543"/>
		<rel id="sPointingRel395" xlink:href="scriptorium.01_Genesis_06.mark.xml#sSpan132" target="scriptorium.01_Genesis_06.mark.xml#sSpan165"/>
		<rel id="sPointingRel397" xlink:href="scriptorium.01_Genesis_06.mark.xml#sSpan649" target="scriptorium.01_Genesis_06.mark.xml#sSpan644"/>
		<rel id="sPointingRel399" xlink:href="scriptorium.01_Genesis_06.mark.xml#sSpan984" target="scriptorium.01_Genesis_06.mark.xml#sSpan976"/>
		<rel id="sPointingRel401" xlink:href="scriptorium.01_Genesis_06.mark.xml#sSpan739" target="scriptorium.01_Genesis_06.mark.xml#sSpan738"/>
		<rel id="sPointingRel403" xlink:href="scriptorium.01_Genesis_06.mark.xml#sSpan272" target="scriptorium.01_Genesis_06.mark.xml#sSpan268"/>
		<rel id="sPointingRel405" xlink:href="scriptorium.01_Genesis_06.mark.xml#sSpan965" target="scriptorium.01_Genesis_06.mark.xml#sSpan957"/>
		<rel id="sPointingRel407" xlink:href="scriptorium.01_Genesis_06.mark.xml#sSpan739" target="scriptorium.01_Genesis_06.mark.xml#sSpan755"/>
		<rel id="sPointingRel409" xlink:href="scriptorium.01_Genesis_06.mark.xml#sSpan804" target="scriptorium.01_Genesis_06.mark.xml#sSpan806"/>
		<rel id="sPointingRel411" xlink:href="scriptorium.01_Genesis_06.mark.xml#sSpan686" target="scriptorium.01_Genesis_06.mark.xml#sSpan692"/>
		<rel id="sPointingRel413" xlink:href="scriptorium.01_Genesis_06.mark.xml#sSpan245" target="scriptorium.01_Genesis_06.mark.xml#sSpan243"/>
		<rel id="sPointingRel415" xlink:href="scriptorium.01_Genesis_06.mark.xml#sSpan128" target="scriptorium.01_Genesis_06.mark.xml#sSpan126"/>
		<rel id="sPointingRel417" xlink:href="scriptorium.01_Genesis_06.mark.xml#sSpan637" target="scriptorium.01_Genesis_06.mark.xml#sSpan635"/>
		<rel id="sPointingRel419" xlink:href="scriptorium.01_Genesis_06.mark.xml#sSpan660" target="scriptorium.01_Genesis_06.mark.xml#sSpan654"/>
		<rel id="sPointingRel421" xlink:href="scriptorium.01_Genesis_06.mark.xml#sSpan823" target="scriptorium.01_Genesis_06.mark.xml#sSpan819"/>
		<rel id="sPointingRel423" xlink:href="scriptorium.01_Genesis_06.mark.xml#sSpan867" target="scriptorium.01_Genesis_06.mark.xml#sSpan870"/>
		<rel id="sPointingRel425" xlink:href="scriptorium.01_Genesis_06.mark.xml#sSpan362" target="scriptorium.01_Genesis_06.mark.xml#sSpan360"/>
		<rel id="sPointingRel427" xlink:href="scriptorium.01_Genesis_06.mark.xml#sSpan726" target="scriptorium.01_Genesis_06.mark.xml#sSpan724"/>
		<rel id="sPointingRel429" xlink:href="scriptorium.01_Genesis_06.mark.xml#sSpan1046" target="scriptorium.01_Genesis_06.mark.xml#sSpan1053"/>
		<rel id="sPointingRel431" xlink:href="scriptorium.01_Genesis_06.mark.xml#sSpan266" target="scriptorium.01_Genesis_06.mark.xml#sSpan261"/>
		<rel id="sPointingRel433" xlink:href="scriptorium.01_Genesis_06.mark.xml#sSpan313" target="scriptorium.01_Genesis_06.mark.xml#sSpan309"/>
		<rel id="sPointingRel435" xlink:href="scriptorium.01_Genesis_06.mark.xml#sSpan926" target="scriptorium.01_Genesis_06.mark.xml#sSpan924"/>
		<rel id="sPointingRel437" xlink:href="scriptorium.01_Genesis_06.mark.xml#sSpan47" target="scriptorium.01_Genesis_06.mark.xml#sSpan46"/>
		<rel id="sPointingRel439" xlink:href="scriptorium.01_Genesis_06.mark.xml#sSpan498" target="scriptorium.01_Genesis_06.mark.xml#sSpan496"/>
		<rel id="sPointingRel441" xlink:href="scriptorium.01_Genesis_06.mark.xml#sSpan803" target="scriptorium.01_Genesis_06.mark.xml#sSpan802"/>
		<rel id="sPointingRel443" xlink:href="scriptorium.01_Genesis_06.mark.xml#sSpan255" target="scriptorium.01_Genesis_06.mark.xml#sSpan253"/>
		<rel id="sPointingRel445" xlink:href="scriptorium.01_Genesis_06.mark.xml#sSpan604" target="scriptorium.01_Genesis_06.mark.xml#sSpan600"/>
		<rel id="sPointingRel447" xlink:href="scriptorium.01_Genesis_06.mark.xml#sSpan456" target="scriptorium.01_Genesis_06.mark.xml#sSpan452"/>
		<rel id="sPointingRel449" xlink:href="scriptorium.01_Genesis_06.mark.xml#sSpan106" target="scriptorium.01_Genesis_06.mark.xml#sSpan104"/>
		<rel id="sPointingRel451" xlink:href="scriptorium.01_Genesis_06.mark.xml#sSpan499" target="scriptorium.01_Genesis_06.mark.xml#sSpan495"/>
		<rel id="sPointingRel453" xlink:href="scriptorium.01_Genesis_06.mark.xml#sSpan187" target="scriptorium.01_Genesis_06.mark.xml#sSpan186"/>
		<rel id="sPointingRel455" xlink:href="scriptorium.01_Genesis_06.mark.xml#sSpan107" target="scriptorium.01_Genesis_06.mark.xml#sSpan99"/>
		<rel id="sPointingRel457" xlink:href="scriptorium.01_Genesis_06.mark.xml#sSpan1088" target="scriptorium.01_Genesis_06.mark.xml#sSpan1084"/>
		<rel id="sPointingRel459" xlink:href="scriptorium.01_Genesis_06.mark.xml#sSpan855" target="scriptorium.01_Genesis_06.mark.xml#sSpan853"/>
		<rel id="sPointingRel461" xlink:href="scriptorium.01_Genesis_06.mark.xml#sSpan1053" target="scriptorium.01_Genesis_06.mark.xml#sSpan1061"/>
		<rel id="sPointingRel463" xlink:href="scriptorium.01_Genesis_06.mark.xml#sSpan482" target="scriptorium.01_Genesis_06.mark.xml#sSpan499"/>
		<rel id="sPointingRel465" xlink:href="scriptorium.01_Genesis_06.mark.xml#sSpan965" target="scriptorium.01_Genesis_06.mark.xml#sSpan973"/>
		<rel id="sPointingRel467" xlink:href="scriptorium.01_Genesis_06.mark.xml#sSpan457" target="scriptorium.01_Genesis_06.mark.xml#sSpan462"/>
		<rel id="sPointingRel469" xlink:href="scriptorium.01_Genesis_06.mark.xml#sSpan715" target="scriptorium.01_Genesis_06.mark.xml#sSpan718"/>
		<rel id="sPointingRel471" xlink:href="scriptorium.01_Genesis_06.mark.xml#sSpan478" target="scriptorium.01_Genesis_06.mark.xml#sSpan476"/>
		<rel id="sPointingRel473" xlink:href="scriptorium.01_Genesis_06.mark.xml#sSpan607" target="scriptorium.01_Genesis_06.mark.xml#sSpan613"/>
		<rel id="sPointingRel475" xlink:href="scriptorium.01_Genesis_06.mark.xml#sSpan545" target="scriptorium.01_Genesis_06.mark.xml#sSpan541"/>
		<rel id="sPointingRel477" xlink:href="scriptorium.01_Genesis_06.mark.xml#sSpan70" target="scriptorium.01_Genesis_06.mark.xml#sSpan73"/>
		<rel id="sPointingRel479" xlink:href="scriptorium.01_Genesis_06.mark.xml#sSpan431" target="scriptorium.01_Genesis_06.mark.xml#sSpan429"/>
		<rel id="sPointingRel481" xlink:href="scriptorium.01_Genesis_06.mark.xml#sSpan88" target="scriptorium.01_Genesis_06.mark.xml#sSpan74"/>
		<rel id="sPointingRel483" xlink:href="scriptorium.01_Genesis_06.mark.xml#sSpan423" target="scriptorium.01_Genesis_06.mark.xml#sSpan426"/>
		<rel id="sPointingRel485" xlink:href="scriptorium.01_Genesis_06.mark.xml#sSpan15" target="scriptorium.01_Genesis_06.mark.xml#sSpan13"/>
		<rel id="sPointingRel487" xlink:href="scriptorium.01_Genesis_06.mark.xml#sSpan660" target="scriptorium.01_Genesis_06.mark.xml#sSpan656"/>
		<rel id="sPointingRel489" xlink:href="scriptorium.01_Genesis_06.mark.xml#sSpan195" target="scriptorium.01_Genesis_06.mark.xml#sSpan219"/>
		<rel id="sPointingRel491" xlink:href="scriptorium.01_Genesis_06.mark.xml#sSpan24" target="scriptorium.01_Genesis_06.mark.xml#sSpan20"/>
		<rel id="sPointingRel493" xlink:href="scriptorium.01_Genesis_06.mark.xml#sSpan1079" target="scriptorium.01_Genesis_06.mark.xml#sSpan1077"/>
		<rel id="sPointingRel495" xlink:href="scriptorium.01_Genesis_06.mark.xml#sSpan153" target="scriptorium.01_Genesis_06.mark.xml#sSpan146"/>
		<rel id="sPointingRel497" xlink:href="scriptorium.01_Genesis_06.mark.xml#sSpan990" target="scriptorium.01_Genesis_06.mark.xml#sSpan988"/>
		<rel id="sPointingRel499" xlink:href="scriptorium.01_Genesis_06.mark.xml#sSpan230" target="scriptorium.01_Genesis_06.mark.xml#sSpan228"/>
		<rel id="sPointingRel501" xlink:href="scriptorium.01_Genesis_06.mark.xml#sSpan649" target="scriptorium.01_Genesis_06.mark.xml#sSpan647"/>
		<rel id="sPointingRel503" xlink:href="scriptorium.01_Genesis_06.mark.xml#sSpan1046" target="scriptorium.01_Genesis_06.mark.xml#sSpan1044"/>
		<rel id="sPointingRel505" xlink:href="scriptorium.01_Genesis_06.mark.xml#sSpan172" target="scriptorium.01_Genesis_06.mark.xml#sSpan168"/>
		<rel id="sPointingRel507" xlink:href="scriptorium.01_Genesis_06.mark.xml#sSpan441" target="scriptorium.01_Genesis_06.mark.xml#sSpan443"/>
		<rel id="sPointingRel509" xlink:href="scriptorium.01_Genesis_06.mark.xml#sSpan499" target="scriptorium.01_Genesis_06.mark.xml#sSpan503"/>
		<rel id="sPointingRel511" xlink:href="scriptorium.01_Genesis_06.mark.xml#sSpan195" target="scriptorium.01_Genesis_06.mark.xml#sSpan202"/>
		<rel id="sPointingRel513" xlink:href="scriptorium.01_Genesis_06.mark.xml#sSpan225" target="scriptorium.01_Genesis_06.mark.xml#sSpan220"/>
		<rel id="sPointingRel515" xlink:href="scriptorium.01_Genesis_06.mark.xml#sSpan739" target="scriptorium.01_Genesis_06.mark.xml#sSpan745"/>
		<rel id="sPointingRel517" xlink:href="scriptorium.01_Genesis_06.mark.xml#sSpan250" target="scriptorium.01_Genesis_06.mark.xml#sSpan255"/>
		<rel id="sPointingRel519" xlink:href="scriptorium.01_Genesis_06.mark.xml#sSpan250" target="scriptorium.01_Genesis_06.mark.xml#sSpan248"/>
		<rel id="sPointingRel521" xlink:href="scriptorium.01_Genesis_06.mark.xml#sSpan12" target="scriptorium.01_Genesis_06.mark.xml#sSpan15"/>
		<rel id="sPointingRel523" xlink:href="scriptorium.01_Genesis_06.mark.xml#sSpan337" target="scriptorium.01_Genesis_06.mark.xml#sSpan333"/>
		<rel id="sPointingRel525" xlink:href="scriptorium.01_Genesis_06.mark.xml#sSpan923" target="scriptorium.01_Genesis_06.mark.xml#sSpan926"/>
		<rel id="sPointingRel527" xlink:href="scriptorium.01_Genesis_06.mark.xml#sSpan652" target="scriptorium.01_Genesis_06.mark.xml#sSpan650"/>
		<rel id="sPointingRel529" xlink:href="scriptorium.01_Genesis_06.mark.xml#sSpan585" target="scriptorium.01_Genesis_06.mark.xml#sSpan587"/>
		<rel id="sPointingRel531" xlink:href="scriptorium.01_Genesis_06.mark.xml#sSpan947" target="scriptorium.01_Genesis_06.mark.xml#sSpan965"/>
		<rel id="sPointingRel533" xlink:href="scriptorium.01_Genesis_06.mark.xml#sSpan818" target="scriptorium.01_Genesis_06.mark.xml#sSpan812"/>
		<rel id="sPointingRel535" xlink:href="scriptorium.01_Genesis_06.mark.xml#sSpan722" target="scriptorium.01_Genesis_06.mark.xml#sSpan720"/>
		<rel id="sPointingRel537" xlink:href="scriptorium.01_Genesis_06.mark.xml#sSpan1000" target="scriptorium.01_Genesis_06.mark.xml#sSpan997"/>
		<rel id="sPointingRel539" xlink:href="scriptorium.01_Genesis_06.mark.xml#sSpan1066" target="scriptorium.01_Genesis_06.mark.xml#sSpan1067"/>
		<rel id="sPointingRel541" xlink:href="scriptorium.01_Genesis_06.mark.xml#sSpan24" target="scriptorium.01_Genesis_06.mark.xml#sSpan18"/>
		<rel id="sPointingRel543" xlink:href="scriptorium.01_Genesis_06.mark.xml#sSpan1030" target="scriptorium.01_Genesis_06.mark.xml#sSpan1027"/>
		<rel id="sPointingRel545" xlink:href="scriptorium.01_Genesis_06.mark.xml#sSpan1035" target="scriptorium.01_Genesis_06.mark.xml#sSpan1032"/>
		<rel id="sPointingRel547" xlink:href="scriptorium.01_Genesis_06.mark.xml#sSpan649" target="scriptorium.01_Genesis_06.mark.xml#sSpan642"/>
		<rel id="sPointingRel549" xlink:href="scriptorium.01_Genesis_06.mark.xml#sSpan63" target="scriptorium.01_Genesis_06.mark.xml#sSpan62"/>
		<rel id="sPointingRel551" xlink:href="scriptorium.01_Genesis_06.mark.xml#sSpan219" target="scriptorium.01_Genesis_06.mark.xml#sSpan230"/>
		<rel id="sPointingRel553" xlink:href="scriptorium.01_Genesis_06.mark.xml#sSpan302" target="scriptorium.01_Genesis_06.mark.xml#sSpan300"/>
		<rel id="sPointingRel555" xlink:href="scriptorium.01_Genesis_06.mark.xml#sSpan1061" target="scriptorium.01_Genesis_06.mark.xml#sSpan1059"/>
		<rel id="sPointingRel557" xlink:href="scriptorium.01_Genesis_06.mark.xml#sSpan322" target="scriptorium.01_Genesis_06.mark.xml#sSpan321"/>
		<rel id="sPointingRel559" xlink:href="scriptorium.01_Genesis_06.mark.xml#sSpan710" target="scriptorium.01_Genesis_06.mark.xml#sSpan708"/>
		<rel id="sPointingRel561" xlink:href="scriptorium.01_Genesis_06.mark.xml#sSpan1011" target="scriptorium.01_Genesis_06.mark.xml#sSpan1006"/>
		<rel id="sPointingRel563" xlink:href="scriptorium.01_Genesis_06.mark.xml#sSpan581" target="scriptorium.01_Genesis_06.mark.xml#sSpan578"/>
		<rel id="sPointingRel565" xlink:href="scriptorium.01_Genesis_06.mark.xml#sSpan984" target="scriptorium.01_Genesis_06.mark.xml#sSpan947"/>
		<rel id="sPointingRel567" xlink:href="scriptorium.01_Genesis_06.mark.xml#sSpan670" target="scriptorium.01_Genesis_06.mark.xml#sSpan675"/>
		<rel id="sPointingRel569" xlink:href="scriptorium.01_Genesis_06.mark.xml#sSpan245" target="scriptorium.01_Genesis_06.mark.xml#sSpan241"/>
		<rel id="sPointingRel571" xlink:href="scriptorium.01_Genesis_06.mark.xml#sSpan912" target="scriptorium.01_Genesis_06.mark.xml#sSpan910"/>
		<rel id="sPointingRel573" xlink:href="scriptorium.01_Genesis_06.mark.xml#sSpan761" target="scriptorium.01_Genesis_06.mark.xml#sSpan763"/>
		<rel id="sPointingRel575" xlink:href="scriptorium.01_Genesis_06.mark.xml#sSpan1023" target="scriptorium.01_Genesis_06.mark.xml#sSpan1021"/>
		<rel id="sPointingRel577" xlink:href="scriptorium.01_Genesis_06.mark.xml#sSpan149" target="scriptorium.01_Genesis_06.mark.xml#sSpan151"/>
		<rel id="sPointingRel579" xlink:href="scriptorium.01_Genesis_06.mark.xml#sSpan1046" target="scriptorium.01_Genesis_06.mark.xml#sSpan1047"/>
		<rel id="sPointingRel581" xlink:href="scriptorium.01_Genesis_06.mark.xml#sSpan829" target="scriptorium.01_Genesis_06.mark.xml#sSpan837"/>
		<rel id="sPointingRel583" xlink:href="scriptorium.01_Genesis_06.mark.xml#sSpan761" target="scriptorium.01_Genesis_06.mark.xml#sSpan767"/>
		<rel id="sPointingRel585" xlink:href="scriptorium.01_Genesis_06.mark.xml#sSpan739" target="scriptorium.01_Genesis_06.mark.xml#sSpan797"/>
		<rel id="sPointingRel587" xlink:href="scriptorium.01_Genesis_06.mark.xml#sSpan952" target="scriptorium.01_Genesis_06.mark.xml#sSpan948"/>
		<rel id="sPointingRel589" xlink:href="scriptorium.01_Genesis_06.mark.xml#sSpan1035" target="scriptorium.01_Genesis_06.mark.xml#sSpan1034"/>
		<rel id="sPointingRel591" xlink:href="scriptorium.01_Genesis_06.mark.xml#sSpan362" target="scriptorium.01_Genesis_06.mark.xml#sSpan359"/>
		<rel id="sPointingRel593" xlink:href="scriptorium.01_Genesis_06.mark.xml#sSpan337" target="scriptorium.01_Genesis_06.mark.xml#sSpan336"/>
		<rel id="sPointingRel595" xlink:href="scriptorium.01_Genesis_06.mark.xml#sSpan933" target="scriptorium.01_Genesis_06.mark.xml#sSpan938"/>
		<rel id="sPointingRel597" xlink:href="scriptorium.01_Genesis_06.mark.xml#sSpan202" target="scriptorium.01_Genesis_06.mark.xml#sSpan203"/>
		<rel id="sPointingRel599" xlink:href="scriptorium.01_Genesis_06.mark.xml#sSpan892" target="scriptorium.01_Genesis_06.mark.xml#sSpan886"/>
		<rel id="sPointingRel601" xlink:href="scriptorium.01_Genesis_06.mark.xml#sSpan701" target="scriptorium.01_Genesis_06.mark.xml#sSpan697"/>
		<rel id="sPointingRel603" xlink:href="scriptorium.01_Genesis_06.mark.xml#sSpan1088" target="scriptorium.01_Genesis_06.mark.xml#sSpan1087"/>
		<rel id="sPointingRel605" xlink:href="scriptorium.01_Genesis_06.mark.xml#sSpan791" target="scriptorium.01_Genesis_06.mark.xml#sSpan787"/>
		<rel id="sPointingRel607" xlink:href="scriptorium.01_Genesis_06.mark.xml#sSpan70" target="scriptorium.01_Genesis_06.mark.xml#sSpan66"/>
		<rel id="sPointingRel609" xlink:href="scriptorium.01_Genesis_06.mark.xml#sSpan12" target="scriptorium.01_Genesis_06.mark.xml#sSpan8"/>
		<rel id="sPointingRel611" xlink:href="scriptorium.01_Genesis_06.mark.xml#sSpan336" target="scriptorium.01_Genesis_06.mark.xml#sSpan335"/>
		<rel id="sPointingRel613" xlink:href="scriptorium.01_Genesis_06.mark.xml#sSpan378" target="scriptorium.01_Genesis_06.mark.xml#sSpan400"/>
		<rel id="sPointingRel615" xlink:href="scriptorium.01_Genesis_06.mark.xml#sSpan582" target="scriptorium.01_Genesis_06.mark.xml#sSpan585"/>
		<rel id="sPointingRel617" xlink:href="scriptorium.01_Genesis_06.mark.xml#sSpan965" target="scriptorium.01_Genesis_06.mark.xml#sSpan966"/>
		<rel id="sPointingRel619" xlink:href="scriptorium.01_Genesis_06.mark.xml#sSpan758" target="scriptorium.01_Genesis_06.mark.xml#sSpan761"/>
		<rel id="sPointingRel621" xlink:href="scriptorium.01_Genesis_06.mark.xml#sSpan24" target="scriptorium.01_Genesis_06.mark.xml#sSpan33"/>
		<rel id="sPointingRel623" xlink:href="scriptorium.01_Genesis_06.mark.xml#sSpan786" target="scriptorium.01_Genesis_06.mark.xml#sSpan791"/>
		<rel id="sPointingRel625" xlink:href="scriptorium.01_Genesis_06.mark.xml#sSpan299" target="scriptorium.01_Genesis_06.mark.xml#sSpan302"/>
		<rel id="sPointingRel627" xlink:href="scriptorium.01_Genesis_06.mark.xml#sSpan686" target="scriptorium.01_Genesis_06.mark.xml#sSpan682"/>
		<rel id="sPointingRel629" xlink:href="scriptorium.01_Genesis_06.mark.xml#sSpan1073" target="scriptorium.01_Genesis_06.mark.xml#sSpan1071"/>
		<rel id="sPointingRel631" xlink:href="scriptorium.01_Genesis_06.mark.xml#sSpan445" target="scriptorium.01_Genesis_06.mark.xml#sSpan437"/>
		<rel id="sPointingRel633" xlink:href="scriptorium.01_Genesis_06.mark.xml#sSpan811" target="scriptorium.01_Genesis_06.mark.xml#sSpan807"/>
		<rel id="sPointingRel635" xlink:href="scriptorium.01_Genesis_06.mark.xml#sSpan457" target="scriptorium.01_Genesis_06.mark.xml#sSpan468"/>
		<rel id="sPointingRel637" xlink:href="scriptorium.01_Genesis_06.mark.xml#sSpan240" target="scriptorium.01_Genesis_06.mark.xml#sSpan238"/>
		<rel id="sPointingRel639" xlink:href="scriptorium.01_Genesis_06.mark.xml#sSpan30" target="scriptorium.01_Genesis_06.mark.xml#sSpan26"/>
		<rel id="sPointingRel641" xlink:href="scriptorium.01_Genesis_06.mark.xml#sSpan195" target="scriptorium.01_Genesis_06.mark.xml#sSpan191"/>
		<rel id="sPointingRel643" xlink:href="scriptorium.01_Genesis_06.mark.xml#sSpan520" target="scriptorium.01_Genesis_06.mark.xml#sSpan519"/>
		<rel id="sPointingRel645" xlink:href="scriptorium.01_Genesis_06.mark.xml#sSpan114" target="scriptorium.01_Genesis_06.mark.xml#sSpan109"/>
		<rel id="sPointingRel647" xlink:href="scriptorium.01_Genesis_06.mark.xml#sSpan418" target="scriptorium.01_Genesis_06.mark.xml#sSpan423"/>
		<rel id="sPointingRel649" xlink:href="scriptorium.01_Genesis_06.mark.xml#sSpan47" target="scriptorium.01_Genesis_06.mark.xml#sSpan58"/>
		<rel id="sPointingRel651" xlink:href="scriptorium.01_Genesis_06.mark.xml#sSpan478" target="scriptorium.01_Genesis_06.mark.xml#sSpan480"/>
		<rel id="sPointingRel653" xlink:href="scriptorium.01_Genesis_06.mark.xml#sSpan557" target="scriptorium.01_Genesis_06.mark.xml#sSpan555"/>
		<rel id="sPointingRel655" xlink:href="scriptorium.01_Genesis_06.mark.xml#sSpan1038" target="scriptorium.01_Genesis_06.mark.xml#sSpan1036"/>
		<rel id="sPointingRel657" xlink:href="scriptorium.01_Genesis_06.mark.xml#sSpan829" target="scriptorium.01_Genesis_06.mark.xml#sSpan838"/>
		<rel id="sPointingRel659" xlink:href="scriptorium.01_Genesis_06.mark.xml#sSpan165" target="scriptorium.01_Genesis_06.mark.xml#sSpan172"/>
		<rel id="sPointingRel661" xlink:href="scriptorium.01_Genesis_06.mark.xml#sSpan818" target="scriptorium.01_Genesis_06.mark.xml#sSpan829"/>
		<rel id="sPointingRel663" xlink:href="scriptorium.01_Genesis_06.mark.xml#sSpan187" target="scriptorium.01_Genesis_06.mark.xml#sSpan183"/>
		<rel id="sPointingRel665" xlink:href="scriptorium.01_Genesis_06.mark.xml#sSpan797" target="scriptorium.01_Genesis_06.mark.xml#sSpan800"/>
		<rel id="sPointingRel667" xlink:href="scriptorium.01_Genesis_06.mark.xml#sSpan445" target="scriptorium.01_Genesis_06.mark.xml#sSpan451"/>
		<rel id="sPointingRel669" xlink:href="scriptorium.01_Genesis_06.mark.xml#sSpan24" target="scriptorium.01_Genesis_06.mark.xml#sSpan39"/>
		<rel id="sPointingRel671" xlink:href="scriptorium.01_Genesis_06.mark.xml#sSpan1023" target="scriptorium.01_Genesis_06.mark.xml#sSpan1016"/>
		<rel id="sPointingRel673" xlink:href="scriptorium.01_Genesis_06.mark.xml#sSpan94" target="scriptorium.01_Genesis_06.mark.xml#sSpan90"/>
		<rel id="sPointingRel675" xlink:href="scriptorium.01_Genesis_06.mark.xml#sSpan1011" target="scriptorium.01_Genesis_06.mark.xml#sSpan1009"/>
		<rel id="sPointingRel677" xlink:href="scriptorium.01_Genesis_06.mark.xml#sSpan475" target="scriptorium.01_Genesis_06.mark.xml#sSpan478"/>
		<rel id="sPointingRel679" xlink:href="scriptorium.01_Genesis_06.mark.xml#sSpan837" target="scriptorium.01_Genesis_06.mark.xml#sSpan835"/>
		<rel id="sPointingRel681" xlink:href="scriptorium.01_Genesis_06.mark.xml#sSpan976" target="scriptorium.01_Genesis_06.mark.xml#sSpan974"/>
		<rel id="sPointingRel683" xlink:href="scriptorium.01_Genesis_06.mark.xml#sSpan621" target="scriptorium.01_Genesis_06.mark.xml#sSpan637"/>
		<rel id="sPointingRel685" xlink:href="scriptorium.01_Genesis_06.mark.xml#sSpan322" target="scriptorium.01_Genesis_06.mark.xml#sSpan330"/>
		<rel id="sPointingRel687" xlink:href="scriptorium.01_Genesis_06.mark.xml#sSpan838" target="scriptorium.01_Genesis_06.mark.xml#sSpan855"/>
		<rel id="sPointingRel689" xlink:href="scriptorium.01_Genesis_06.mark.xml#sSpan818" target="scriptorium.01_Genesis_06.mark.xml#sSpan823"/>
		<rel id="sPointingRel691" xlink:href="scriptorium.01_Genesis_06.mark.xml#sSpan190" target="scriptorium.01_Genesis_06.mark.xml#sSpan188"/>
		<rel id="sPointingRel693" xlink:href="scriptorium.01_Genesis_06.mark.xml#sSpan767" target="scriptorium.01_Genesis_06.mark.xml#sSpan768"/>
		<rel id="sPointingRel695" xlink:href="scriptorium.01_Genesis_06.mark.xml#sSpan1088" target="scriptorium.01_Genesis_06.mark.xml#sSpan1086"/>
		<rel id="sPointingRel697" xlink:href="scriptorium.01_Genesis_06.mark.xml#sSpan436" target="scriptorium.01_Genesis_06.mark.xml#sSpan432"/>
		<rel id="sPointingRel699" xlink:href="scriptorium.01_Genesis_06.mark.xml#sSpan780" target="scriptorium.01_Genesis_06.mark.xml#sSpan778"/>
		<rel id="sPointingRel701" xlink:href="scriptorium.01_Genesis_06.mark.xml#sSpan528" target="scriptorium.01_Genesis_06.mark.xml#sSpan526"/>
		<rel id="sPointingRel703" xlink:href="scriptorium.01_Genesis_06.mark.xml#sSpan94" target="scriptorium.01_Genesis_06.mark.xml#sSpan92"/>
		<rel id="sPointingRel705" xlink:href="scriptorium.01_Genesis_06.mark.xml#sSpan560" target="scriptorium.01_Genesis_06.mark.xml#sSpan564"/>
		<rel id="sPointingRel707" xlink:href="scriptorium.01_Genesis_06.mark.xml#sSpan255" target="scriptorium.01_Genesis_06.mark.xml#sSpan256"/>
		<rel id="sPointingRel709" xlink:href="scriptorium.01_Genesis_06.mark.xml#sSpan637" target="scriptorium.01_Genesis_06.mark.xml#sSpan649"/>
		<rel id="sPointingRel711" xlink:href="scriptorium.01_Genesis_06.mark.xml#sSpan277" target="scriptorium.01_Genesis_06.mark.xml#sSpan275"/>
		<rel id="sPointingRel713" xlink:href="scriptorium.01_Genesis_06.mark.xml#sSpan637" target="scriptorium.01_Genesis_06.mark.xml#sSpan630"/>
		<rel id="sPointingRel715" xlink:href="scriptorium.01_Genesis_06.mark.xml#sSpan73" target="scriptorium.01_Genesis_06.mark.xml#sSpan71"/>
		<rel id="sPointingRel717" xlink:href="scriptorium.01_Genesis_06.mark.xml#sSpan475" target="scriptorium.01_Genesis_06.mark.xml#sSpan473"/>
		<rel id="sPointingRel719" xlink:href="scriptorium.01_Genesis_06.mark.xml#sSpan892" target="scriptorium.01_Genesis_06.mark.xml#sSpan899"/>
		<rel id="sPointingRel721" xlink:href="scriptorium.01_Genesis_06.mark.xml#sSpan520" target="scriptorium.01_Genesis_06.mark.xml#sSpan515"/>
		<rel id="sPointingRel723" xlink:href="scriptorium.01_Genesis_06.mark.xml#sSpan692" target="scriptorium.01_Genesis_06.mark.xml#sSpan687"/>
		<rel id="sPointingRel725" xlink:href="scriptorium.01_Genesis_06.mark.xml#sSpan436" target="scriptorium.01_Genesis_06.mark.xml#sSpan445"/>
		<rel id="sPointingRel727" xlink:href="scriptorium.01_Genesis_06.mark.xml#sSpan637" target="scriptorium.01_Genesis_06.mark.xml#sSpan640"/>
		<rel id="sPointingRel729" xlink:href="scriptorium.01_Genesis_06.mark.xml#sSpan715" target="scriptorium.01_Genesis_06.mark.xml#sSpan711"/>
		<rel id="sPointingRel731" xlink:href="scriptorium.01_Genesis_06.mark.xml#sSpan88" target="scriptorium.01_Genesis_06.mark.xml#sSpan94"/>
		<rel id="sPointingRel733" xlink:href="scriptorium.01_Genesis_06.mark.xml#sSpan313" target="scriptorium.01_Genesis_06.mark.xml#sSpan317"/>
		<rel id="sPointingRel735" xlink:href="scriptorium.01_Genesis_06.mark.xml#sSpan680" target="scriptorium.01_Genesis_06.mark.xml#sSpan678"/>
		<rel id="sPointingRel737" xlink:href="scriptorium.01_Genesis_06.mark.xml#sSpan362" target="scriptorium.01_Genesis_06.mark.xml#sSpan356"/>
		<rel id="sPointingRel739" xlink:href="scriptorium.01_Genesis_06.mark.xml#sSpan24" target="scriptorium.01_Genesis_06.mark.xml#sSpan30"/>
		<rel id="sPointingRel741" xlink:href="scriptorium.01_Genesis_06.mark.xml#sSpan451" target="scriptorium.01_Genesis_06.mark.xml#sSpan447"/>
		<rel id="sPointingRel743" xlink:href="scriptorium.01_Genesis_06.mark.xml#sSpan892" target="scriptorium.01_Genesis_06.mark.xml#sSpan897"/>
		<rel id="sPointingRel745" xlink:href="scriptorium.01_Genesis_06.mark.xml#sSpan826" target="scriptorium.01_Genesis_06.mark.xml#sSpan824"/>
		<rel id="sPointingRel747" xlink:href="scriptorium.01_Genesis_06.mark.xml#sSpan394" target="scriptorium.01_Genesis_06.mark.xml#sSpan392"/>
		<rel id="sPointingRel749" xlink:href="scriptorium.01_Genesis_06.mark.xml#sSpan70" target="scriptorium.01_Genesis_06.mark.xml#sSpan68"/>
		<rel id="sPointingRel751" xlink:href="scriptorium.01_Genesis_06.mark.xml#sSpan933" target="scriptorium.01_Genesis_06.mark.xml#sSpan930"/>
		<rel id="sPointingRel753" xlink:href="scriptorium.01_Genesis_06.mark.xml#sSpan510" target="scriptorium.01_Genesis_06.mark.xml#sSpan513"/>
		<rel id="sPointingRel755" xlink:href="scriptorium.01_Genesis_06.mark.xml#sSpan24" target="scriptorium.01_Genesis_06.mark.xml#sSpan22"/>
		<rel id="sPointingRel757" xlink:href="scriptorium.01_Genesis_06.mark.xml#sSpan235" target="scriptorium.01_Genesis_06.mark.xml#sSpan233"/>
		<rel id="sPointingRel759" xlink:href="scriptorium.01_Genesis_06.mark.xml#sSpan140" target="scriptorium.01_Genesis_06.mark.xml#sSpan138"/>
		<rel id="sPointingRel761" xlink:href="scriptorium.01_Genesis_06.mark.xml#sSpan1053" target="scriptorium.01_Genesis_06.mark.xml#sSpan1051"/>
		<rel id="sPointingRel763" xlink:href="scriptorium.01_Genesis_06.mark.xml#sSpan965" target="scriptorium.01_Genesis_06.mark.xml#sSpan963"/>
		<rel id="sPointingRel765" xlink:href="scriptorium.01_Genesis_06.mark.xml#sSpan153" target="scriptorium.01_Genesis_06.mark.xml#sSpan141"/>
		<rel id="sPointingRel767" xlink:href="scriptorium.01_Genesis_06.mark.xml#sSpan1094" target="scriptorium.01_Genesis_06.mark.xml#sSpan1092"/>
		<rel id="sPointingRel769" xlink:href="scriptorium.01_Genesis_06.mark.xml#sSpan573" target="scriptorium.01_Genesis_06.mark.xml#sSpan575"/>
		<rel id="sPointingRel771" xlink:href="scriptorium.01_Genesis_06.mark.xml#sSpan391" target="scriptorium.01_Genesis_06.mark.xml#sSpan387"/>
		<rel id="sPointingRel773" xlink:href="scriptorium.01_Genesis_06.mark.xml#sSpan621" target="scriptorium.01_Genesis_06.mark.xml#sSpan623"/>
		<rel id="sPointingRel775" xlink:href="scriptorium.01_Genesis_06.mark.xml#sSpan1094" target="scriptorium.01_Genesis_06.mark.xml#sSpan1097"/>
		<rel id="sPointingRel777" xlink:href="scriptorium.01_Genesis_06.mark.xml#sSpan613" target="scriptorium.01_Genesis_06.mark.xml#sSpan611"/>
		<rel id="sPointingRel779" xlink:href="scriptorium.01_Genesis_06.mark.xml#sSpan767" target="scriptorium.01_Genesis_06.mark.xml#sSpan780"/>
		<rel id="sPointingRel781" xlink:href="scriptorium.01_Genesis_06.mark.xml#sSpan882" target="scriptorium.01_Genesis_06.mark.xml#sSpan876"/>
		<rel id="sPointingRel783" xlink:href="scriptorium.01_Genesis_06.mark.xml#sSpan288" target="scriptorium.01_Genesis_06.mark.xml#sSpan313"/>
		<rel id="sPointingRel785" xlink:href="scriptorium.01_Genesis_06.mark.xml#sSpan715" target="scriptorium.01_Genesis_06.mark.xml#sSpan713"/>
		<rel id="sPointingRel787" xlink:href="scriptorium.01_Genesis_06.mark.xml#sSpan535" target="scriptorium.01_Genesis_06.mark.xml#sSpan545"/>
		<rel id="sPointingRel789" xlink:href="scriptorium.01_Genesis_06.mark.xml#sSpan128" target="scriptorium.01_Genesis_06.mark.xml#sSpan124"/>
		<rel id="sPointingRel791" xlink:href="scriptorium.01_Genesis_06.mark.xml#sSpan490" target="scriptorium.01_Genesis_06.mark.xml#sSpan493"/>
		<rel id="sPointingRel793" xlink:href="scriptorium.01_Genesis_06.mark.xml#sSpan705" target="scriptorium.01_Genesis_06.mark.xml#sSpan710"/>
		<rel id="sPointingRel795" xlink:href="scriptorium.01_Genesis_06.mark.xml#sSpan991" target="scriptorium.01_Genesis_06.mark.xml#sSpan996"/>
		<rel id="sPointingRel797" xlink:href="scriptorium.01_Genesis_06.mark.xml#sSpan855" target="scriptorium.01_Genesis_06.mark.xml#sSpan846"/>
		<rel id="sPointingRel799" xlink:href="scriptorium.01_Genesis_06.mark.xml#sSpan520" target="scriptorium.01_Genesis_06.mark.xml#sSpan525"/>
		<rel id="sPointingRel801" xlink:href="scriptorium.01_Genesis_06.mark.xml#sSpan1053" target="scriptorium.01_Genesis_06.mark.xml#sSpan1056"/>
		<rel id="sPointingRel803" xlink:href="scriptorium.01_Genesis_06.mark.xml#sSpan1" target="scriptorium.01_Genesis_06.mark.xml#sSpan5"/>
		<rel id="sPointingRel805" xlink:href="scriptorium.01_Genesis_06.mark.xml#sSpan838" target="scriptorium.01_Genesis_06.mark.xml#sSpan845"/>
		<rel id="sPointingRel807" xlink:href="scriptorium.01_Genesis_06.mark.xml#sSpan1097" target="scriptorium.01_Genesis_06.mark.xml#sSpan1095"/>
		<rel id="sPointingRel809" xlink:href="scriptorium.01_Genesis_06.mark.xml#sSpan920" target="scriptorium.01_Genesis_06.mark.xml#sSpan916"/>
		<rel id="sPointingRel811" xlink:href="scriptorium.01_Genesis_06.mark.xml#sSpan20" target="scriptorium.01_Genesis_06.mark.xml#sSpan19"/>
		<rel id="sPointingRel813" xlink:href="scriptorium.01_Genesis_06.mark.xml#sSpan649" target="scriptorium.01_Genesis_06.mark.xml#sSpan652"/>
		<rel id="sPointingRel815" xlink:href="scriptorium.01_Genesis_06.mark.xml#sSpan545" target="scriptorium.01_Genesis_06.mark.xml#sSpan557"/>
		<rel id="sPointingRel817" xlink:href="scriptorium.01_Genesis_06.mark.xml#sSpan952" target="scriptorium.01_Genesis_06.mark.xml#sSpan950"/>
		<rel id="sPointingRel819" xlink:href="scriptorium.01_Genesis_06.mark.xml#sSpan195" target="scriptorium.01_Genesis_06.mark.xml#sSpan196"/>
		<rel id="sPointingRel821" xlink:href="scriptorium.01_Genesis_06.mark.xml#sSpan482" target="scriptorium.01_Genesis_06.mark.xml#sSpan489"/>
		<rel id="sPointingRel823" xlink:href="scriptorium.01_Genesis_06.mark.xml#sSpan973" target="scriptorium.01_Genesis_06.mark.xml#sSpan969"/>
		<rel id="sPointingRel825" xlink:href="scriptorium.01_Genesis_06.mark.xml#sSpan573" target="scriptorium.01_Genesis_06.mark.xml#sSpan582"/>
		<rel id="sPointingRel827" xlink:href="scriptorium.01_Genesis_06.mark.xml#sSpan912" target="scriptorium.01_Genesis_06.mark.xml#sSpan914"/>
		<rel id="sPointingRel829" xlink:href="scriptorium.01_Genesis_06.mark.xml#sSpan266" target="scriptorium.01_Genesis_06.mark.xml#sSpan272"/>
		<rel id="sPointingRel831" xlink:href="scriptorium.01_Genesis_06.mark.xml#sSpan1088" target="scriptorium.01_Genesis_06.mark.xml#sSpan1089"/>
		<rel id="sPointingRel833" xlink:href="scriptorium.01_Genesis_06.mark.xml#sSpan1094" target="scriptorium.01_Genesis_06.mark.xml#sSpan1090"/>
		<rel id="sPointingRel835" xlink:href="scriptorium.01_Genesis_06.mark.xml#sSpan355" target="scriptorium.01_Genesis_06.mark.xml#sSpan352"/>
		<rel id="sPointingRel837" xlink:href="scriptorium.01_Genesis_06.mark.xml#sSpan1011" target="scriptorium.01_Genesis_06.mark.xml#sSpan1030"/>
		<rel id="sPointingRel839" xlink:href="scriptorium.01_Genesis_06.mark.xml#sSpan482" target="scriptorium.01_Genesis_06.mark.xml#sSpan520"/>
		<rel id="sPointingRel841" xlink:href="scriptorium.01_Genesis_06.mark.xml#sSpan976" target="scriptorium.01_Genesis_06.mark.xml#sSpan980"/>
		<rel id="sPointingRel843" xlink:href="scriptorium.01_Genesis_06.mark.xml#sSpan355" target="scriptorium.01_Genesis_06.mark.xml#sSpan350"/>
		<rel id="sPointingRel845" xlink:href="scriptorium.01_Genesis_06.mark.xml#sSpan955" target="scriptorium.01_Genesis_06.mark.xml#sSpan953"/>
		<rel id="sPointingRel847" xlink:href="scriptorium.01_Genesis_06.mark.xml#sSpan786" target="scriptorium.01_Genesis_06.mark.xml#sSpan781"/>
		<rel id="sPointingRel849" xlink:href="scriptorium.01_Genesis_06.mark.xml#sSpan786" target="scriptorium.01_Genesis_06.mark.xml#sSpan783"/>
		<rel id="sPointingRel851" xlink:href="scriptorium.01_Genesis_06.mark.xml#sSpan1046" target="scriptorium.01_Genesis_06.mark.xml#sSpan1043"/>
		<rel id="sPointingRel853" xlink:href="scriptorium.01_Genesis_06.mark.xml#sSpan33" target="scriptorium.01_Genesis_06.mark.xml#sSpan31"/>
		<rel id="sPointingRel855" xlink:href="scriptorium.01_Genesis_06.mark.xml#sSpan1011" target="scriptorium.01_Genesis_06.mark.xml#sSpan1023"/>
		<rel id="sPointingRel857" xlink:href="scriptorium.01_Genesis_06.mark.xml#sSpan939" target="scriptorium.01_Genesis_06.mark.xml#sSpan943"/>
		<rel id="sPointingRel859" xlink:href="scriptorium.01_Genesis_06.mark.xml#sSpan489" target="scriptorium.01_Genesis_06.mark.xml#sSpan485"/>
		<rel id="sPointingRel861" xlink:href="scriptorium.01_Genesis_06.mark.xml#sSpan377" target="scriptorium.01_Genesis_06.mark.xml#sSpan375"/>
		<rel id="sPointingRel863" xlink:href="scriptorium.01_Genesis_06.mark.xml#sSpan88" target="scriptorium.01_Genesis_06.mark.xml#sSpan76"/>
		<rel id="sPointingRel865" xlink:href="scriptorium.01_Genesis_06.mark.xml#sSpan39" target="scriptorium.01_Genesis_06.mark.xml#sSpan40"/>
		<rel id="sPointingRel867" xlink:href="scriptorium.01_Genesis_06.mark.xml#sSpan313" target="scriptorium.01_Genesis_06.mark.xml#sSpan307"/>
		<rel id="sPointingRel869" xlink:href="scriptorium.01_Genesis_06.mark.xml#sSpan797" target="scriptorium.01_Genesis_06.mark.xml#sSpan796"/>
		<rel id="sPointingRel871" xlink:href="scriptorium.01_Genesis_06.mark.xml#sSpan1035" target="scriptorium.01_Genesis_06.mark.xml#sSpan1038"/>
		<rel id="sPointingRel873" xlink:href="scriptorium.01_Genesis_06.mark.xml#sSpan680" target="scriptorium.01_Genesis_06.mark.xml#sSpan686"/>
		<rel id="sPointingRel875" xlink:href="scriptorium.01_Genesis_06.mark.xml#sSpan535" target="scriptorium.01_Genesis_06.mark.xml#sSpan540"/>
		<rel id="sPointingRel877" xlink:href="scriptorium.01_Genesis_06.mark.xml#sSpan823" target="scriptorium.01_Genesis_06.mark.xml#sSpan821"/>
		<rel id="sPointingRel879" xlink:href="scriptorium.01_Genesis_06.mark.xml#sSpan892" target="scriptorium.01_Genesis_06.mark.xml#sSpan878"/>
		<rel id="sPointingRel881" xlink:href="scriptorium.01_Genesis_06.mark.xml#sSpan860" target="scriptorium.01_Genesis_06.mark.xml#sSpan856"/>
		<rel id="sPointingRel883" xlink:href="scriptorium.01_Genesis_06.mark.xml#sSpan284" target="scriptorium.01_Genesis_06.mark.xml#sSpan282"/>
		<rel id="sPointingRel885" xlink:href="scriptorium.01_Genesis_06.mark.xml#sSpan855" target="scriptorium.01_Genesis_06.mark.xml#sSpan863"/>
		<rel id="sPointingRel887" xlink:href="scriptorium.01_Genesis_06.mark.xml#sSpan739" target="scriptorium.01_Genesis_06.mark.xml#sSpan736"/>
		<rel id="sPointingRel889" xlink:href="scriptorium.01_Genesis_06.mark.xml#sSpan1056" target="scriptorium.01_Genesis_06.mark.xml#sSpan1054"/>
		<rel id="sPointingRel891" xlink:href="scriptorium.01_Genesis_06.mark.xml#sSpan739" target="scriptorium.01_Genesis_06.mark.xml#sSpan758"/>
		<rel id="sPointingRel893" xlink:href="scriptorium.01_Genesis_06.mark.xml#sSpan1061" target="scriptorium.01_Genesis_06.mark.xml#sSpan1057"/>
		<rel id="sPointingRel895" xlink:href="scriptorium.01_Genesis_06.mark.xml#sSpan906" target="scriptorium.01_Genesis_06.mark.xml#sSpan907"/>
		<rel id="sPointingRel897" xlink:href="scriptorium.01_Genesis_06.mark.xml#sSpan87" target="scriptorium.01_Genesis_06.mark.xml#sSpan85"/>
		<rel id="sPointingRel899" xlink:href="scriptorium.01_Genesis_06.mark.xml#sSpan965" target="scriptorium.01_Genesis_06.mark.xml#sSpan959"/>
		<rel id="sPointingRel901" xlink:href="scriptorium.01_Genesis_06.mark.xml#sSpan621" target="scriptorium.01_Genesis_06.mark.xml#sSpan622"/>
		<rel id="sPointingRel903" xlink:href="scriptorium.01_Genesis_06.mark.xml#sSpan288" target="scriptorium.01_Genesis_06.mark.xml#sSpan292"/>
		<rel id="sPointingRel905" xlink:href="scriptorium.01_Genesis_06.mark.xml#sSpan850" target="scriptorium.01_Genesis_06.mark.xml#sSpan848"/>
		<rel id="sPointingRel907" xlink:href="scriptorium.01_Genesis_06.mark.xml#sSpan838" target="scriptorium.01_Genesis_06.mark.xml#sSpan850"/>
		<rel id="sPointingRel909" xlink:href="scriptorium.01_Genesis_06.mark.xml#sSpan829" target="scriptorium.01_Genesis_06.mark.xml#sSpan827"/>
		<rel id="sPointingRel911" xlink:href="scriptorium.01_Genesis_06.mark.xml#sSpan855" target="scriptorium.01_Genesis_06.mark.xml#sSpan851"/>
		<rel id="sPointingRel913" xlink:href="scriptorium.01_Genesis_06.mark.xml#sSpan1030" target="scriptorium.01_Genesis_06.mark.xml#sSpan1029"/>
		<rel id="sPointingRel915" xlink:href="scriptorium.01_Genesis_06.mark.xml#sSpan613" target="scriptorium.01_Genesis_06.mark.xml#sSpan617"/>
		<rel id="sPointingRel917" xlink:href="scriptorium.01_Genesis_06.mark.xml#sSpan525" target="scriptorium.01_Genesis_06.mark.xml#sSpan523"/>
		<rel id="sPointingRel919" xlink:href="scriptorium.01_Genesis_06.mark.xml#sSpan250" target="scriptorium.01_Genesis_06.mark.xml#sSpan249"/>
		<rel id="sPointingRel921" xlink:href="scriptorium.01_Genesis_06.mark.xml#sSpan649" target="scriptorium.01_Genesis_06.mark.xml#sSpan660"/>
		<rel id="sPointingRel923" xlink:href="scriptorium.01_Genesis_06.mark.xml#sSpan180" target="scriptorium.01_Genesis_06.mark.xml#sSpan181"/>
		<rel id="sPointingRel925" xlink:href="scriptorium.01_Genesis_06.mark.xml#sSpan400" target="scriptorium.01_Genesis_06.mark.xml#sSpan399"/>
		<rel id="sPointingRel927" xlink:href="scriptorium.01_Genesis_06.mark.xml#sSpan240" target="scriptorium.01_Genesis_06.mark.xml#sSpan236"/>
		<rel id="sPointingRel929" xlink:href="scriptorium.01_Genesis_06.mark.xml#sSpan621" target="scriptorium.01_Genesis_06.mark.xml#sSpan628"/>
		<rel id="sPointingRel931" xlink:href="scriptorium.01_Genesis_06.mark.xml#sSpan160" target="scriptorium.01_Genesis_06.mark.xml#sSpan156"/>
		<rel id="sPointingRel933" xlink:href="scriptorium.01_Genesis_06.mark.xml#sSpan225" target="scriptorium.01_Genesis_06.mark.xml#sSpan223"/>
		<rel id="sPointingRel935" xlink:href="scriptorium.01_Genesis_06.mark.xml#sSpan761" target="scriptorium.01_Genesis_06.mark.xml#sSpan759"/>
		<rel id="sPointingRel937" xlink:href="scriptorium.01_Genesis_06.mark.xml#sSpan160" target="scriptorium.01_Genesis_06.mark.xml#sSpan158"/>
		<rel id="sPointingRel939" xlink:href="scriptorium.01_Genesis_06.mark.xml#sSpan1023" target="scriptorium.01_Genesis_06.mark.xml#sSpan1024"/>
		<rel id="sPointingRel941" xlink:href="scriptorium.01_Genesis_06.mark.xml#sSpan829" target="scriptorium.01_Genesis_06.mark.xml#sSpan831"/>
		<rel id="sPointingRel943" xlink:href="scriptorium.01_Genesis_06.mark.xml#sSpan701" target="scriptorium.01_Genesis_06.mark.xml#sSpan722"/>
		<rel id="sPointingRel945" xlink:href="scriptorium.01_Genesis_06.mark.xml#sSpan277" target="scriptorium.01_Genesis_06.mark.xml#sSpan284"/>
		<rel id="sPointingRel947" xlink:href="scriptorium.01_Genesis_06.mark.xml#sSpan482" target="scriptorium.01_Genesis_06.mark.xml#sSpan472"/>
		<rel id="sPointingRel949" xlink:href="scriptorium.01_Genesis_06.mark.xml#sSpan378" target="scriptorium.01_Genesis_06.mark.xml#sSpan373"/>
		<rel id="sPointingRel951" xlink:href="scriptorium.01_Genesis_06.mark.xml#sSpan660" target="scriptorium.01_Genesis_06.mark.xml#sSpan658"/>
		<rel id="sPointingRel953" xlink:href="scriptorium.01_Genesis_06.mark.xml#sSpan468" target="scriptorium.01_Genesis_06.mark.xml#sSpan466"/>
		<rel id="sPointingRel955" xlink:href="scriptorium.01_Genesis_06.mark.xml#sSpan929" target="scriptorium.01_Genesis_06.mark.xml#sSpan933"/>
		<rel id="sPointingRel957" xlink:href="scriptorium.01_Genesis_06.mark.xml#sSpan250" target="scriptorium.01_Genesis_06.mark.xml#sSpan246"/>
		<rel id="sPointingRel959" xlink:href="scriptorium.01_Genesis_06.mark.xml#sSpan337" target="scriptorium.01_Genesis_06.mark.xml#sSpan331"/>
		<rel id="sPointingRel961" xlink:href="scriptorium.01_Genesis_06.mark.xml#sSpan87" target="scriptorium.01_Genesis_06.mark.xml#sSpan83"/>
		<rel id="sPointingRel963" xlink:href="scriptorium.01_Genesis_06.mark.xml#sSpan745" target="scriptorium.01_Genesis_06.mark.xml#sSpan741"/>
		<rel id="sPointingRel965" xlink:href="scriptorium.01_Genesis_06.mark.xml#sSpan451" target="scriptorium.01_Genesis_06.mark.xml#sSpan449"/>
		<rel id="sPointingRel967" xlink:href="scriptorium.01_Genesis_06.mark.xml#sSpan621" target="scriptorium.01_Genesis_06.mark.xml#sSpan618"/>
		<rel id="sPointingRel969" xlink:href="scriptorium.01_Genesis_06.mark.xml#sSpan604" target="scriptorium.01_Genesis_06.mark.xml#sSpan598"/>
		<rel id="sPointingRel971" xlink:href="scriptorium.01_Genesis_06.mark.xml#sSpan947" target="scriptorium.01_Genesis_06.mark.xml#sSpan945"/>
		<rel id="sPointingRel973" xlink:href="scriptorium.01_Genesis_06.mark.xml#sSpan107" target="scriptorium.01_Genesis_06.mark.xml#sSpan114"/>
		<rel id="sPointingRel975" xlink:href="scriptorium.01_Genesis_06.mark.xml#sSpan557" target="scriptorium.01_Genesis_06.mark.xml#sSpan560"/>
		<rel id="sPointingRel977" xlink:href="scriptorium.01_Genesis_06.mark.xml#sSpan462" target="scriptorium.01_Genesis_06.mark.xml#sSpan460"/>
		<rel id="sPointingRel979" xlink:href="scriptorium.01_Genesis_06.mark.xml#sSpan288" target="scriptorium.01_Genesis_06.mark.xml#sSpan299"/>
		<rel id="sPointingRel981" xlink:href="scriptorium.01_Genesis_06.mark.xml#sSpan728" target="scriptorium.01_Genesis_06.mark.xml#sSpan732"/>
		<rel id="sPointingRel983" xlink:href="scriptorium.01_Genesis_06.mark.xml#sSpan368" target="scriptorium.01_Genesis_06.mark.xml#sSpan365"/>
		<rel id="sPointingRel985" xlink:href="scriptorium.01_Genesis_06.mark.xml#sSpan445" target="scriptorium.01_Genesis_06.mark.xml#sSpan456"/>
		<rel id="sPointingRel987" xlink:href="scriptorium.01_Genesis_06.mark.xml#sSpan773" target="scriptorium.01_Genesis_06.mark.xml#sSpan769"/>
		<rel id="sPointingRel989" xlink:href="scriptorium.01_Genesis_06.mark.xml#sSpan426" target="scriptorium.01_Genesis_06.mark.xml#sSpan424"/>
		<rel id="sPointingRel991" xlink:href="scriptorium.01_Genesis_06.mark.xml#sSpan172" target="scriptorium.01_Genesis_06.mark.xml#sSpan175"/>
		<rel id="sPointingRel993" xlink:href="scriptorium.01_Genesis_06.mark.xml#sSpan532" target="scriptorium.01_Genesis_06.mark.xml#sSpan535"/>
		<rel id="sPointingRel995" xlink:href="scriptorium.01_Genesis_06.mark.xml#sSpan590" target="scriptorium.01_Genesis_06.mark.xml#sSpan592"/>
		<rel id="sPointingRel997" xlink:href="scriptorium.01_Genesis_06.mark.xml#sSpan412" target="scriptorium.01_Genesis_06.mark.xml#sSpan408"/>
		<rel id="sPointingRel999" xlink:href="scriptorium.01_Genesis_06.mark.xml#sSpan46" target="scriptorium.01_Genesis_06.mark.xml#sSpan44"/>
		<rel id="sPointingRel1001" xlink:href="scriptorium.01_Genesis_06.mark.xml#sSpan88" target="scriptorium.01_Genesis_06.mark.xml#sSpan80"/>
		<rel id="sPointingRel1003" xlink:href="scriptorium.01_Genesis_06.mark.xml#sSpan187" target="scriptorium.01_Genesis_06.mark.xml#sSpan190"/>
		<rel id="sPointingRel1005" xlink:href="scriptorium.01_Genesis_06.mark.xml#sSpan1074" target="scriptorium.01_Genesis_06.mark.xml#sSpan1073"/>
		<rel id="sPointingRel1007" xlink:href="scriptorium.01_Genesis_06.mark.xml#sSpan58" target="scriptorium.01_Genesis_06.mark.xml#sSpan56"/>
		<rel id="sPointingRel1009" xlink:href="scriptorium.01_Genesis_06.mark.xml#sSpan929" target="scriptorium.01_Genesis_06.mark.xml#sSpan927"/>
		<rel id="sPointingRel1011" xlink:href="scriptorium.01_Genesis_06.mark.xml#sSpan845" target="scriptorium.01_Genesis_06.mark.xml#sSpan842"/>
		<rel id="sPointingRel1013" xlink:href="scriptorium.01_Genesis_06.mark.xml#sSpan1046" target="scriptorium.01_Genesis_06.mark.xml#sSpan1050"/>
		<rel id="sPointingRel1015" xlink:href="scriptorium.01_Genesis_06.mark.xml#sSpan423" target="scriptorium.01_Genesis_06.mark.xml#sSpan419"/>
		<rel id="sPointingRel1017" xlink:href="scriptorium.01_Genesis_06.mark.xml#sSpan391" target="scriptorium.01_Genesis_06.mark.xml#sSpan394"/>
		<rel id="sPointingRel1019" xlink:href="scriptorium.01_Genesis_06.mark.xml#sSpan284" target="scriptorium.01_Genesis_06.mark.xml#sSpan280"/>
		<rel id="sPointingRel1021" xlink:href="scriptorium.01_Genesis_06.mark.xml#sSpan216" target="scriptorium.01_Genesis_06.mark.xml#sSpan214"/>
		<rel id="sPointingRel1023" xlink:href="scriptorium.01_Genesis_06.mark.xml#sSpan800" target="scriptorium.01_Genesis_06.mark.xml#sSpan804"/>
		<rel id="sPointingRel1025" xlink:href="scriptorium.01_Genesis_06.mark.xml#sSpan230" target="scriptorium.01_Genesis_06.mark.xml#sSpan226"/>
		<rel id="sPointingRel1027" xlink:href="scriptorium.01_Genesis_06.mark.xml#sSpan1050" target="scriptorium.01_Genesis_06.mark.xml#sSpan1048"/>
		<rel id="sPointingRel1029" xlink:href="scriptorium.01_Genesis_06.mark.xml#sSpan686" target="scriptorium.01_Genesis_06.mark.xml#sSpan684"/>
		<rel id="sPointingRel1031" xlink:href="scriptorium.01_Genesis_06.mark.xml#sSpan590" target="scriptorium.01_Genesis_06.mark.xml#sSpan596"/>
		<rel id="sPointingRel1033" xlink:href="scriptorium.01_Genesis_06.mark.xml#sSpan596" target="scriptorium.01_Genesis_06.mark.xml#sSpan594"/>
		<rel id="sPointingRel1035" xlink:href="scriptorium.01_Genesis_06.mark.xml#sSpan705" target="scriptorium.01_Genesis_06.mark.xml#sSpan703"/>
		<rel id="sPointingRel1037" xlink:href="scriptorium.01_Genesis_06.mark.xml#sSpan872" target="scriptorium.01_Genesis_06.mark.xml#sSpan874"/>
		<rel id="sPointingRel1039" xlink:href="scriptorium.01_Genesis_06.mark.xml#sSpan456" target="scriptorium.01_Genesis_06.mark.xml#sSpan454"/>
		<rel id="sPointingRel1041" xlink:href="scriptorium.01_Genesis_06.mark.xml#sSpan581" target="scriptorium.01_Genesis_06.mark.xml#sSpan580"/>
		<rel id="sPointingRel1043" xlink:href="scriptorium.01_Genesis_06.mark.xml#sSpan525" target="scriptorium.01_Genesis_06.mark.xml#sSpan528"/>
		<rel id="sPointingRel1045" xlink:href="scriptorium.01_Genesis_06.mark.xml#sSpan722" target="scriptorium.01_Genesis_06.mark.xml#sSpan726"/>
		<rel id="sPointingRel1047" xlink:href="scriptorium.01_Genesis_06.mark.xml#sSpan445" target="scriptorium.01_Genesis_06.mark.xml#sSpan439"/>
		<rel id="sPointingRel1049" xlink:href="scriptorium.01_Genesis_06.mark.xml#sSpan489" target="scriptorium.01_Genesis_06.mark.xml#sSpan487"/>
		<rel id="sPointingRel1051" xlink:href="scriptorium.01_Genesis_06.mark.xml#sSpan219" target="scriptorium.01_Genesis_06.mark.xml#sSpan235"/>
		<rel id="sPointingRel1053" xlink:href="scriptorium.01_Genesis_06.mark.xml#sSpan47" target="scriptorium.01_Genesis_06.mark.xml#sSpan42"/>
		<rel id="sPointingRel1055" xlink:href="scriptorium.01_Genesis_06.mark.xml#sSpan872" target="scriptorium.01_Genesis_06.mark.xml#sSpan867"/>
		<rel id="sPointingRel1057" xlink:href="scriptorium.01_Genesis_06.mark.xml#sSpan418" target="scriptorium.01_Genesis_06.mark.xml#sSpan417"/>
		<rel id="sPointingRel1059" xlink:href="scriptorium.01_Genesis_06.mark.xml#sSpan818" target="scriptorium.01_Genesis_06.mark.xml#sSpan826"/>
		<rel id="sPointingRel1061" xlink:href="scriptorium.01_Genesis_06.mark.xml#sSpan767" target="scriptorium.01_Genesis_06.mark.xml#sSpan765"/>
		<rel id="sPointingRel1063" xlink:href="scriptorium.01_Genesis_06.mark.xml#sSpan701" target="scriptorium.01_Genesis_06.mark.xml#sSpan705"/>
		<rel id="sPointingRel1065" xlink:href="scriptorium.01_Genesis_06.mark.xml#sSpan892" target="scriptorium.01_Genesis_06.mark.xml#sSpan894"/>
		<rel id="sPointingRel1067" xlink:href="scriptorium.01_Genesis_06.mark.xml#sSpan355" target="scriptorium.01_Genesis_06.mark.xml#sSpan368"/>
		<rel id="sPointingRel1069" xlink:href="scriptorium.01_Genesis_06.mark.xml#sSpan99" target="scriptorium.01_Genesis_06.mark.xml#sSpan97"/>
		<rel id="sPointingRel1071" xlink:href="scriptorium.01_Genesis_06.mark.xml#sSpan675" target="scriptorium.01_Genesis_06.mark.xml#sSpan673"/>
		<rel id="sPointingRel1073" xlink:href="scriptorium.01_Genesis_06.mark.xml#sSpan1030" target="scriptorium.01_Genesis_06.mark.xml#sSpan1031"/>
		<rel id="sPointingRel1075" xlink:href="scriptorium.01_Genesis_06.mark.xml#sSpan984" target="scriptorium.01_Genesis_06.mark.xml#sSpan990"/>
		<rel id="sPointingRel1077" xlink:href="scriptorium.01_Genesis_06.mark.xml#sSpan140" target="scriptorium.01_Genesis_06.mark.xml#sSpan136"/>
		<rel id="sPointingRel1079" xlink:href="scriptorium.01_Genesis_06.mark.xml#sSpan590" target="scriptorium.01_Genesis_06.mark.xml#sSpan604"/>
		<rel id="sPointingRel1081" xlink:href="scriptorium.01_Genesis_06.mark.xml#sSpan149" target="scriptorium.01_Genesis_06.mark.xml#sSpan147"/>
		<rel id="sPointingRel1083" xlink:href="scriptorium.01_Genesis_06.mark.xml#sSpan797" target="scriptorium.01_Genesis_06.mark.xml#sSpan794"/>
		<rel id="sPointingRel1085" xlink:href="scriptorium.01_Genesis_06.mark.xml#sSpan739" target="scriptorium.01_Genesis_06.mark.xml#sSpan728"/>
		<rel id="sPointingRel1087" xlink:href="scriptorium.01_Genesis_06.mark.xml#sSpan404" target="scriptorium.01_Genesis_06.mark.xml#sSpan401"/>
		<rel id="sPointingRel1089" xlink:href="scriptorium.01_Genesis_06.mark.xml#sSpan180" target="scriptorium.01_Genesis_06.mark.xml#sSpan178"/>
		<rel id="sPointingRel1091" xlink:href="scriptorium.01_Genesis_06.mark.xml#sSpan180" target="scriptorium.01_Genesis_06.mark.xml#sSpan176"/>
		<rel id="sPointingRel1093" xlink:href="scriptorium.01_Genesis_06.mark.xml#sSpan748" target="scriptorium.01_Genesis_06.mark.xml#sSpan746"/>
		<rel id="sPointingRel1095" xlink:href="scriptorium.01_Genesis_06.mark.xml#sSpan585" target="scriptorium.01_Genesis_06.mark.xml#sSpan590"/>
		<rel id="sPointingRel1097" xlink:href="scriptorium.01_Genesis_06.mark.xml#sSpan431" target="scriptorium.01_Genesis_06.mark.xml#sSpan427"/>
		<rel id="sPointingRel1099" xlink:href="scriptorium.01_Genesis_06.mark.xml#sSpan287" target="scriptorium.01_Genesis_06.mark.xml#sSpan285"/>
		<rel id="sPointingRel1101" xlink:href="scriptorium.01_Genesis_06.mark.xml#sSpan573" target="scriptorium.01_Genesis_06.mark.xml#sSpan581"/>
		<rel id="sPointingRel1103" xlink:href="scriptorium.01_Genesis_06.mark.xml#sSpan499" target="scriptorium.01_Genesis_06.mark.xml#sSpan490"/>
		<rel id="sPointingRel1105" xlink:href="scriptorium.01_Genesis_06.mark.xml#sSpan692" target="scriptorium.01_Genesis_06.mark.xml#sSpan689"/>
		<rel id="sPointingRel1107" xlink:href="scriptorium.01_Genesis_06.mark.xml#sSpan675" target="scriptorium.01_Genesis_06.mark.xml#sSpan676"/>
		<rel id="sPointingRel1109" xlink:href="scriptorium.01_Genesis_06.mark.xml#sSpan107" target="scriptorium.01_Genesis_06.mark.xml#sSpan122"/>
		<rel id="sPointingRel1111" xlink:href="scriptorium.01_Genesis_06.mark.xml#sSpan355" target="scriptorium.01_Genesis_06.mark.xml#sSpan362"/>
		<rel id="sPointingRel1113" xlink:href="scriptorium.01_Genesis_06.mark.xml#sSpan313" target="scriptorium.01_Genesis_06.mark.xml#sSpan337"/>
		<rel id="sPointingRel1115" xlink:href="scriptorium.01_Genesis_06.mark.xml#sSpan628" target="scriptorium.01_Genesis_06.mark.xml#sSpan625"/>
		<rel id="sPointingRel1117" xlink:href="scriptorium.01_Genesis_06.mark.xml#sSpan767" target="scriptorium.01_Genesis_06.mark.xml#sSpan773"/>
		<rel id="sPointingRel1119" xlink:href="scriptorium.01_Genesis_06.mark.xml#sSpan582" target="scriptorium.01_Genesis_06.mark.xml#sSpan584"/>
		<rel id="sPointingRel1121" xlink:href="scriptorium.01_Genesis_06.mark.xml#sSpan532" target="scriptorium.01_Genesis_06.mark.xml#sSpan536"/>
		<rel id="sPointingRel1123" xlink:href="scriptorium.01_Genesis_06.mark.xml#sSpan617" target="scriptorium.01_Genesis_06.mark.xml#sSpan615"/>
		<rel id="sPointingRel1125" xlink:href="scriptorium.01_Genesis_06.mark.xml#sSpan299" target="scriptorium.01_Genesis_06.mark.xml#sSpan296"/>
		<rel id="sPointingRel1127" xlink:href="scriptorium.01_Genesis_06.mark.xml#sSpan888" target="scriptorium.01_Genesis_06.mark.xml#sSpan890"/>
		<rel id="sPointingRel1129" xlink:href="scriptorium.01_Genesis_06.mark.xml#sSpan129" target="scriptorium.01_Genesis_06.mark.xml#sSpan131"/>
		<rel id="sPointingRel1131" xlink:href="scriptorium.01_Genesis_06.mark.xml#sSpan923" target="scriptorium.01_Genesis_06.mark.xml#sSpan929"/>
		<rel id="sPointingRel1133" xlink:href="scriptorium.01_Genesis_06.mark.xml#sSpan128" target="scriptorium.01_Genesis_06.mark.xml#sSpan129"/>
		<rel id="sPointingRel1135" xlink:href="scriptorium.01_Genesis_06.mark.xml#sSpan1016" target="scriptorium.01_Genesis_06.mark.xml#sSpan1019"/>
		<rel id="sPointingRel1137" xlink:href="scriptorium.01_Genesis_06.mark.xml#sSpan1088" target="scriptorium.01_Genesis_06.mark.xml#sSpan1094"/>
		<rel id="sPointingRel1139" xlink:href="scriptorium.01_Genesis_06.mark.xml#sSpan797" target="scriptorium.01_Genesis_06.mark.xml#sSpan792"/>
		<rel id="sPointingRel1141" xlink:href="scriptorium.01_Genesis_06.mark.xml#sSpan187" target="scriptorium.01_Genesis_06.mark.xml#sSpan185"/>
		<rel id="sPointingRel1143" xlink:href="scriptorium.01_Genesis_06.mark.xml#sSpan482" target="scriptorium.01_Genesis_06.mark.xml#sSpan475"/>
		<rel id="sPointingRel1145" xlink:href="scriptorium.01_Genesis_06.mark.xml#sSpan330" target="scriptorium.01_Genesis_06.mark.xml#sSpan326"/>
		<rel id="sPointingRel1147" xlink:href="scriptorium.01_Genesis_06.mark.xml#sSpan58" target="scriptorium.01_Genesis_06.mark.xml#sSpan49"/>
		<rel id="sPointingRel1149" xlink:href="scriptorium.01_Genesis_06.mark.xml#sSpan165" target="scriptorium.01_Genesis_06.mark.xml#sSpan163"/>
		<rel id="sPointingRel1151" xlink:href="scriptorium.01_Genesis_06.mark.xml#sSpan959" target="scriptorium.01_Genesis_06.mark.xml#sSpan961"/>
		<rel id="sPointingRel1153" xlink:href="scriptorium.01_Genesis_06.mark.xml#sSpan384" target="scriptorium.01_Genesis_06.mark.xml#sSpan391"/>
		<rel id="sPointingRel1155" xlink:href="scriptorium.01_Genesis_06.mark.xml#sSpan99" target="scriptorium.01_Genesis_06.mark.xml#sSpan103"/>
		<rel id="sPointingRel1157" xlink:href="scriptorium.01_Genesis_06.mark.xml#sSpan938" target="scriptorium.01_Genesis_06.mark.xml#sSpan936"/>
		<rel id="sPointingRel1159" xlink:href="scriptorium.01_Genesis_06.mark.xml#sSpan400" target="scriptorium.01_Genesis_06.mark.xml#sSpan404"/>
		<rel id="sPointingRel1161" xlink:href="scriptorium.01_Genesis_06.mark.xml#sSpan882" target="scriptorium.01_Genesis_06.mark.xml#sSpan892"/>
		<rel id="sPointingRel1163" xlink:href="scriptorium.01_Genesis_06.mark.xml#sSpan800" target="scriptorium.01_Genesis_06.mark.xml#sSpan798"/>
		<rel id="sPointingRel1165" xlink:href="scriptorium.01_Genesis_06.mark.xml#sSpan345" target="scriptorium.01_Genesis_06.mark.xml#sSpan341"/>
		<rel id="sPointingRel1167" xlink:href="scriptorium.01_Genesis_06.mark.xml#sSpan973" target="scriptorium.01_Genesis_06.mark.xml#sSpan971"/>
		<rel id="sPointingRel1169" xlink:href="scriptorium.01_Genesis_06.mark.xml#sSpan1035" target="scriptorium.01_Genesis_06.mark.xml#sSpan1041"/>
		<rel id="sPointingRel1171" xlink:href="scriptorium.01_Genesis_06.mark.xml#sSpan24" target="scriptorium.01_Genesis_06.mark.xml#sSpan16"/>
		<rel id="sPointingRel1173" xlink:href="scriptorium.01_Genesis_06.mark.xml#sSpan564" target="scriptorium.01_Genesis_06.mark.xml#sSpan572"/>
		<rel id="sPointingRel1175" xlink:href="scriptorium.01_Genesis_06.mark.xml#sSpan211" target="scriptorium.01_Genesis_06.mark.xml#sSpan206"/>
		<rel id="sPointingRel1177" xlink:href="scriptorium.01_Genesis_06.mark.xml#sSpan718" target="scriptorium.01_Genesis_06.mark.xml#sSpan716"/>
		<rel id="sPointingRel1179" xlink:href="scriptorium.01_Genesis_06.mark.xml#sSpan423" target="scriptorium.01_Genesis_06.mark.xml#sSpan421"/>
		<rel id="sPointingRel1181" xlink:href="scriptorium.01_Genesis_06.mark.xml#sSpan165" target="scriptorium.01_Genesis_06.mark.xml#sSpan167"/>
		<rel id="sPointingRel1183" xlink:href="scriptorium.01_Genesis_06.mark.xml#sSpan284" target="scriptorium.01_Genesis_06.mark.xml#sSpan287"/>
		<rel id="sPointingRel1185" xlink:href="scriptorium.01_Genesis_06.mark.xml#sSpan680" target="scriptorium.01_Genesis_06.mark.xml#sSpan681"/>
		<rel id="sPointingRel1187" xlink:href="scriptorium.01_Genesis_06.mark.xml#sSpan436" target="scriptorium.01_Genesis_06.mark.xml#sSpan434"/>
		<rel id="sPointingRel1189" xlink:href="scriptorium.01_Genesis_06.mark.xml#sSpan114" target="scriptorium.01_Genesis_06.mark.xml#sSpan111"/>
		<rel id="sPointingRel1191" xlink:href="scriptorium.01_Genesis_06.mark.xml#sSpan755" target="scriptorium.01_Genesis_06.mark.xml#sSpan753"/>
		<rel id="sPointingRel1193" xlink:href="scriptorium.01_Genesis_06.mark.xml#sSpan540" target="scriptorium.01_Genesis_06.mark.xml#sSpan538"/>
		<rel id="sPointingRel1195" xlink:href="scriptorium.01_Genesis_06.mark.xml#sSpan266" target="scriptorium.01_Genesis_06.mark.xml#sSpan277"/>
		<rel id="sPointingRel1197" xlink:href="scriptorium.01_Genesis_06.mark.xml#sSpan791" target="scriptorium.01_Genesis_06.mark.xml#sSpan789"/>
		<rel id="sPointingRel1199" xlink:href="scriptorium.01_Genesis_06.mark.xml#sSpan58" target="scriptorium.01_Genesis_06.mark.xml#sSpan51"/>
		<rel id="sPointingRel1201" xlink:href="scriptorium.01_Genesis_06.mark.xml#sSpan573" target="scriptorium.01_Genesis_06.mark.xml#sSpan576"/>
		<rel id="sPointingRel1203" xlink:href="scriptorium.01_Genesis_06.mark.xml#sSpan175" target="scriptorium.01_Genesis_06.mark.xml#sSpan173"/></relList></paula>