<?xml version='1.0' encoding='UTF-8'?><!DOCTYPE paula SYSTEM "paula_feat.dtd">
<paula version="1.1">
	<header paula_id="scriptorium.shenoute.thundered.GG19-28.mark_ed_page"/>
	<featList xmlns:xlink="http://www.w3.org/1999/xlink" type="ed_page" xml:base="scriptorium.shenoute.thundered.GG19-28.mark.xml">
		<feat xlink:href="#sSpan10" value="ed_page"/>
		<feat xlink:href="#sSpan708" value="ed_page"/>
		<feat xlink:href="#sSpan1466" value="ed_page"/>
		<feat xlink:href="#sSpan2144" value="ed_page"/>
		<feat xlink:href="#sSpan2967" value="ed_page"/>
		<feat xlink:href="#sSpan3869" value="ed_page"/>
		<feat xlink:href="#sSpan4565" value="ed_page"/>
		<feat xlink:href="#sSpan5432" value="ed_page"/>
		<feat xlink:href="#sSpan6264" value="ed_page"/>
		<feat xlink:href="#sSpan7144" value="ed_page"/></featList></paula>