<?xml version='1.0' encoding='UTF-8'?><!DOCTYPE paula SYSTEM "paula_feat.dtd">
<paula version="1.1">
	<header paula_id="scriptorium.shenoute.thundered.GG19-28.mark_text"/>
	<featList xmlns:xlink="http://www.w3.org/1999/xlink" type="text" xml:base="scriptorium.shenoute.thundered.GG19-28.mark.xml">
		<feat xlink:href="#sSpan33" value="ϩⲉⲛ ϫⲱⲱⲙⲉ"/>
		<feat xlink:href="#sSpan48" value="ϣⲁϫⲉ ⲛ ⲃⲟⲧⲉ"/>
		<feat xlink:href="#sSpan66" value="ⲡ ϫⲟⲉⲓⲥ"/>
		<feat xlink:href="#sSpan87" value="ⲛⲉⲩ ⲕⲉ ϣⲱϫⲡ"/>
		<feat xlink:href="#sSpan113" value="ⲛ ϣⲱϫⲡ ⲛ ⲛ ⲁⲥⲉⲃⲏⲥ"/>
		<feat xlink:href="#sSpan122" value="ⲛ ⲁⲥⲉⲃⲏⲥ"/>
		<feat xlink:href="#sSpan147" value="ⲧ ⲇⲓⲕⲁⲓⲟⲥⲩⲛⲏ ⲛ ⲛ ⲇⲓⲕⲁⲓⲟⲥ ⲧⲏⲣ ⲟⲩ"/>
		<feat xlink:href="#sSpan157" value="ⲛ ⲇⲓⲕⲁⲓⲟⲥ ⲧⲏⲣ ⲟⲩ"/>
		<feat xlink:href="#sSpan188" value="ⲛⲉ ϣⲃⲏⲣ ⲙ ⲡ ⲛⲟⲩⲧⲉ"/>
		<feat xlink:href="#sSpan197" value="ⲡ ⲛⲟⲩⲧⲉ"/>
		<feat xlink:href="#sSpan215" value="ⲁⲃⲣⲁϩⲁⲙ ⲡⲉ ϣⲃⲏⲣ ⲙ ⲡ ⲛⲟⲩⲧⲉ"/>
		<feat xlink:href="#sSpan228" value="ⲡ ⲛⲟⲩⲧⲉ"/>
		<feat xlink:href="#sSpan250" value="ⲛ ⲁⲡⲟⲥⲧⲟⲗⲟⲥ ⲛⲧ ⲁ ⲡ ϫⲟⲉⲓⲥ ⲙⲟⲩⲧⲉ ⲉⲣⲟ ⲟⲩ ϫⲉ ⲛⲁ ϣⲃⲉⲉⲣ"/>
		<feat xlink:href="#sSpan262" value="ⲡ ϫⲟⲉⲓⲥ"/>
		<feat xlink:href="#sSpan281" value="ⲛⲁ ϣⲃⲉⲉⲣ"/>
		<feat xlink:href="#sSpan297" value="ⲧ ⲁⲛⲟⲙⲓⲁ ⲇⲉ ϩⲱⲱ ϥ ⲛ ⲛ ϩⲁⲓⲣⲉⲧⲓⲕⲟⲥ"/>
		<feat xlink:href="#sSpan318" value="ⲛ ϩⲁⲓⲣⲉⲧⲓⲕⲟⲥ"/>
		<feat xlink:href="#sSpan328" value="ⲡ ⲥⲁⲧⲁⲛⲁⲥ"/>
		<feat xlink:href="#sSpan350" value="ϣⲃⲏⲣ"/>
		<feat xlink:href="#sSpan362" value="ⲛⲉⲩ ⲕⲉ ⲫⲓⲗⲟⲥⲟⲫⲟⲥ ⲉⲧ ⲟⲩⲉϩϥⲱ ⲛ ⲧ ϩⲉ ⲛ ⲛⲉ ϩⲓⲟⲙⲉ"/>
		<feat xlink:href="#sSpan389" value="ⲛⲉ ϩⲓⲟⲙⲉ"/>
		<feat xlink:href="#sSpan400" value="ⲡ ϫⲟⲉⲓⲥ ⲓⲏⲥⲟⲩⲥ"/>
		<feat xlink:href="#sSpan433" value="ⲡ ⲉⲧ ⲥⲏϩ ⲉ ⲧⲣⲉ ⲛ ⲉⲧ ⲡⲓⲥⲧⲉⲩⲉ ⲉⲣⲟ ϥ ⲁⲩⲱ ⲉⲧ ⲙⲉ ⲙⲙⲟ ϥ ⲉⲧ ϩⲁⲣⲉϩ ⲉ ⲛⲉϥ ϣⲁϫⲉ"/>
		<feat xlink:href="#sSpan446" value="ⲛ ⲉⲧ ⲡⲓⲥⲧⲉⲩⲉ ⲉⲣⲟ ϥ"/>
		<feat xlink:href="#sSpan487" value="ⲛⲉϥ ϣⲁϫⲉ"/>
		<feat xlink:href="#sSpan506" value="ⲧⲉϥ ⲙⲛⲧⲣⲣⲟ"/>
		<feat xlink:href="#sSpan531" value="ⲡⲉϥ ⲉⲟⲟⲩ"/>
		<feat xlink:href="#sSpan565" value="ⲉⲛⲉϩ"/>
		<feat xlink:href="#sSpan568" value="ⲡ ⲥⲁⲧⲁⲛⲁⲥ"/>
		<feat xlink:href="#sSpan600" value="ⲡ ⲉⲧⲉ ϩⲛⲁ ϥ"/>
		<feat xlink:href="#sSpan623" value="ⲛ ϩⲁⲓⲣⲉⲧⲓⲕⲟⲥ ⲧⲏⲣ ⲟⲩ"/>
		<feat xlink:href="#sSpan651" value="ⲧⲉ ϩⲣⲱ ⲛ ⲕⲱϩⲧ ⲛⲧ ⲁ ⲩ ⲥⲃⲧⲱⲧ ⲥ ⲛⲁ ϥ"/>
		<feat xlink:href="#sSpan660" value="ⲕⲱϩⲧ"/>
		<feat xlink:href="#sSpan685" value="ⲛⲉϥ ⲁⲅⲅⲉⲗⲟⲥ"/>
		<feat xlink:href="#sSpan721" value="ⲛ ϩⲁⲓⲣⲉⲧⲓⲕⲟⲥ ⲉⲧⲉ ϥ ϣⲟⲩϣⲟⲩ ⲙⲙⲟ ϥ ⲉϫⲱ ⲟⲩ"/>
		<feat xlink:href="#sSpan751" value="ⲛⲟⲩⲓ"/>
		<feat xlink:href="#sSpan763" value="ⲡⲉϥ ⲥⲱϣ"/>
		<feat xlink:href="#sSpan772" value="ⲡⲱⲟⲩ"/>
		<feat xlink:href="#sSpan786" value="ⲁⲙⲛⲧⲉ"/>
		<feat xlink:href="#sSpan808" value="ⲟⲩ ⲡⲓⲥⲧⲓⲥ"/>
		<feat xlink:href="#sSpan819" value="ⲡ ⲉⲧ ⲥⲏϩ"/>
		<feat xlink:href="#sSpan832" value="ⲁⲃⲣⲁϩⲁⲙ"/>
		<feat xlink:href="#sSpan845" value="ⲡⲉϥ ϣⲏⲣⲉ ⲙ ⲙⲉⲣⲓⲧ"/>
		<feat xlink:href="#sSpan862" value="ⲡⲉϥ ⲟⲩⲱϣ ⲉϩⲟⲩⲛ ⲉ ⲡ ⲛⲟⲩⲧⲉ"/>
		<feat xlink:href="#sSpan876" value="ⲡ ⲛⲟⲩⲧⲉ"/>
		<feat xlink:href="#sSpan916" value="ⲛ ϩⲉⲑⲛⲟⲥ ⲇⲉ ϩⲱ ⲟⲩ"/>
		<feat xlink:href="#sSpan953" value="ⲡⲉ ⲥⲛⲟϥ ⲛ ⲛⲉⲩ ϣⲏⲣⲉ"/>
		<feat xlink:href="#sSpan962" value="ⲛⲉⲩ ϣⲏⲣⲉ"/>
		<feat xlink:href="#sSpan971" value="ⲛⲉⲩ ϣⲉⲉⲣⲉ ⲛ ⲛ ⲇⲁⲓⲙⲱⲛⲓⲟⲛ"/>
		<feat xlink:href="#sSpan980" value="ⲛ ⲇⲁⲓⲙⲱⲛⲓⲟⲛ"/>
		<feat xlink:href="#sSpan1005" value="ⲛⲉ ⲯⲁⲗⲙⲟⲥ"/>
		<feat xlink:href="#sSpan1017" value="ϩⲉⲛ ⲉⲣⲱⲟⲩ ⲛ ⲁⲡⲓⲥⲧⲟⲥ ⲁⲩⲱ ⲛ ⲁⲥⲉⲃⲏⲥ ⲛⲧ ⲁ ⲩ ϣⲱⲡⲉ ⲉⲃⲟⲗ ϩⲙ ⲡⲉⲧⲛ ⲥⲡⲉⲣⲙⲁ ϫⲓⲛ ⲛ ϣⲟⲣⲡ"/>
		<feat xlink:href="#sSpan1061" value="ⲡⲉⲧⲛ ⲥⲡⲉⲣⲙⲁ"/>
		<feat xlink:href="#sSpan1088" value="ⲅⲱⲅ"/>
		<feat xlink:href="#sSpan1096" value="ⲱⲅ"/>
		<feat xlink:href="#sSpan1103" value="ⲛ ⲉⲧ ⲉⲓⲛⲉ ⲙⲙⲟ ⲟⲩ"/>
		<feat xlink:href="#sSpan1125" value="ϩⲏⲣⲱⲇⲏⲥ ⲡ ⲣⲣⲟ"/>
		<feat xlink:href="#sSpan1144" value="ⲡ ϫⲟⲉⲓⲥ"/>
		<feat xlink:href="#sSpan1160" value="ⲃⲁϣⲟⲣ"/>
		<feat xlink:href="#sSpan1182" value="ϩⲉⲛ ⲉⲣⲱⲟⲩ ⲙ ⲡⲓⲥⲧⲟⲥ"/>
		<feat xlink:href="#sSpan1198" value="ϩⲉⲛ ⲉⲣⲱⲟⲩ ⲛ ⲇⲓⲕⲁⲓⲟⲥ"/>
		<feat xlink:href="#sSpan1229" value="ⲡⲉ ⲥⲡⲉⲣⲙⲁ ⲛ ⲛⲉ ⲭⲣⲓⲥⲧⲓⲁⲛⲟⲥ"/>
		<feat xlink:href="#sSpan1239" value="ⲛⲉ ⲭⲣⲓⲥⲧⲓⲁⲛⲟⲥ"/>
		<feat xlink:href="#sSpan1278" value="ⲇⲁⲩⲉⲓⲇ"/>
		<feat xlink:href="#sSpan1285" value="ⲥⲁⲗⲟⲙⲱⲛ"/>
		<feat xlink:href="#sSpan1292" value="ⲉⲍⲉⲭⲓⲁⲥ"/>
		<feat xlink:href="#sSpan1299" value="ⲛ ⲉⲣⲱⲟⲩ ⲧⲏⲣ ⲟⲩ ⲛ ⲁⲣⲭⲁⲓⲟⲥ ⲁⲩⲱ ⲛ ⲇⲓⲕⲁⲓⲟⲥ ⲛ ⲉⲣⲱⲟⲩ"/>
		<feat xlink:href="#sSpan1316" value="ⲁⲣⲭⲁⲓⲟⲥ"/>
		<feat xlink:href="#sSpan1323" value="ⲛ ⲇⲓⲕⲁⲓⲟⲥ"/>
		<feat xlink:href="#sSpan1335" value="ⲉⲣⲱⲟⲩ"/>
		<feat xlink:href="#sSpan1342" value="ⲛ ϩⲏⲅⲉⲙⲱⲛ ⲛⲧ ⲁ ⲩ ϣⲟⲣϣⲣ ⲛ ⲛⲉⲧⲛ ⲣⲡⲏⲩⲉ"/>
		<feat xlink:href="#sSpan1363" value="ⲛⲉⲧⲛ ⲣⲡⲏⲩⲉ"/>
		<feat xlink:href="#sSpan1389" value="ⲛⲉⲧⲛ ⲉⲓⲇⲱⲗⲟⲛ"/>
		<feat xlink:href="#sSpan1397" value="ϩⲉⲛ ⲉⲃⲟⲗ ⲛⲉ ϩⲛ ⲛⲉ ⲭⲣⲓⲥⲧⲓⲁⲛⲟⲥ"/>
		<feat xlink:href="#sSpan1422" value="ⲧ ϭⲓⲛⲧⲁϩⲟ ⲉⲣⲁⲧ ⲟⲩ ⲛ ⲛⲉⲧⲛ ⲛⲟⲩⲧⲉ ϫⲓⲛ ⲛ ϣⲟⲣⲡ"/>
		<feat xlink:href="#sSpan1442" value="ⲛⲉⲧⲛ ⲛⲟⲩⲧⲉ"/>
		<feat xlink:href="#sSpan1477" value="ⲛⲉⲧⲛ ⲯⲩⲭⲏ"/>
		<feat xlink:href="#sSpan1489" value="ⲧ ϭⲓⲛⲧⲁⲩⲟ ⲉϩⲣⲁⲓ ⲛ ⲛⲉⲧⲛ ⲉⲓⲇⲱⲗⲟⲛ ϩⲛ ⲛⲉⲓ ⲟⲩⲟⲉⲓϣ"/>
		<feat xlink:href="#sSpan1504" value="ⲛⲉⲧⲛ ⲉⲓⲇⲱⲗⲟⲛ"/>
		<feat xlink:href="#sSpan1514" value="ⲛⲉⲓ ⲟⲩⲟⲉⲓϣ"/>
		<feat xlink:href="#sSpan1539" value="ⲧⲁⲗⲁⲓⲡⲱⲣⲟⲥ"/>
		<feat xlink:href="#sSpan1553" value="ⲛ ⲉⲛⲧ ⲁ ⲧⲉⲧⲛ ⲧⲁϩⲟ ⲟⲩ ⲉⲣⲁⲧ ⲟⲩ ⲛⲏ ⲧⲛ ⲛ ⲛⲟⲩⲧⲉ"/>
		<feat xlink:href="#sSpan1585" value="ⲛⲟⲩⲧⲉ"/>
		<feat xlink:href="#sSpan1613" value="ⲡ ⲧⲣⲉ ⲩ ⲥⲟⲕ ⲟⲩ ⲉϫⲙ ⲡⲉⲩ ϩⲟ ⲉϩⲣⲁⲓ ⲉϫⲙ ⲡ ⲕⲁϩ"/>
		<feat xlink:href="#sSpan1629" value="ⲡⲉⲩ ϩⲟ"/>
		<feat xlink:href="#sSpan1642" value="ⲡ ⲕⲁϩ"/>
		<feat xlink:href="#sSpan1651" value="ⲛⲉ ⲭⲣⲓⲥⲧⲓⲁⲛⲟⲥ ⲉ ⲩ ⲥⲱⲃⲉ"/>
		<feat xlink:href="#sSpan1682" value="ⲧⲉⲧⲛ ⲙⲛⲧⲁⲧϩⲏⲧ"/>
		<feat xlink:href="#sSpan1702" value="ϩⲣⲁⲩ"/>
		<feat xlink:href="#sSpan1722" value="ϩⲉⲛ ⲟⲩⲉⲗⲗⲉ"/>
		<feat xlink:href="#sSpan1742" value="ⲛ ⲉⲧ ϫⲱ ϩⲛ ⲟⲩ ⲕⲓⲑⲁⲣⲁ ϩⲙ ⲡ ⲧⲣⲉ ⲡⲉⲩ ϩⲏⲧ ⲟⲩⲛⲟϥ ϩⲣⲁⲓ ⲛϩⲏⲧ ⲟⲩ ⲉϫⲙ ⲡ ⲧⲁⲕⲟ ⲛ ⲛ ⲉⲧ ⲟⲩⲱϣⲧ ⲛⲁ ⲩ ⲉ ⲩ ϫⲱ ..ⲙⲟ ⲥ ⲛ ⲧⲉⲓ ϩⲉ"/>
		<feat xlink:href="#sSpan1753" value="ⲟⲩ ⲕⲓⲑⲁⲣⲁ"/>
		<feat xlink:href="#sSpan1763" value="ⲡ ⲧⲣⲉ ⲡⲉⲩ ϩⲏⲧ ⲟⲩⲛⲟϥ ϩⲣⲁⲓ ⲛϩⲏⲧ ⲟⲩ ⲉϫⲙ ⲡ ⲧⲁⲕⲟ ⲛ ⲛ ⲉⲧ ⲟⲩⲱϣⲧ ⲛⲁ ⲩ ⲉ ⲩ ϫⲱ ..ⲙⲟ ⲥ ⲛ ⲧⲉⲓ ϩⲉ"/>
		<feat xlink:href="#sSpan1768" value="ⲡⲉⲩ ϩⲏⲧ"/>
		<feat xlink:href="#sSpan1792" value="ⲡ ⲧⲁⲕⲟ ⲛ ⲛ ⲉⲧ ⲟⲩⲱϣⲧ ⲛⲁ ⲩ"/>
		<feat xlink:href="#sSpan1801" value="ⲛ ⲉⲧ ⲟⲩⲱϣⲧ ⲛⲁ ⲩ"/>
		<feat xlink:href="#sSpan1864" value="ⲁⲇⲁ....ⲱⲛ"/>
		<feat xlink:href="#sSpan1883" value="ⲩ ⲙⲟⲩⲛⲅ ⲛ ϭⲓϫ"/>
		<feat xlink:href="#sSpan1892" value="ϭⲓϫ"/>
		<feat xlink:href="#sSpan1903" value="ϩⲉⲛ ⲑⲏⲣⲓⲟⲛ"/>
		<feat xlink:href="#sSpan1914" value="ϩⲉⲛ ⲧⲃⲛⲟⲟⲩⲉ"/>
		<feat xlink:href="#sSpan1945" value="ⲟⲩ ⲉⲧⲡⲱ ⲛ ⲉⲓⲧⲛ"/>
		<feat xlink:href="#sSpan1954" value="ⲉⲓⲧⲛ"/>
		<feat xlink:href="#sSpan1971" value="ⲛ ⲉⲓⲇⲱⲗⲟⲛ ⲛ ⲛ ϩⲉⲑⲛⲟⲥ"/>
		<feat xlink:href="#sSpan1982" value="ⲛ ϩⲉⲑⲛⲟⲥ"/>
		<feat xlink:href="#sSpan1988" value="ϩⲉⲛ ϩⲁⲧ"/>
		<feat xlink:href="#sSpan2003" value="ⲛⲟⲩⲃ"/>
		<feat xlink:href="#sSpan2006" value="ϩⲉⲛ ϩⲃⲏⲩⲉ"/>
		<feat xlink:href="#sSpan2019" value="ⲛ ϭⲓϫ ⲛ ⲣⲱⲙⲉ"/>
		<feat xlink:href="#sSpan2045" value="ⲛ ⲉⲧ ⲧⲁⲙⲓⲟ ⲙⲙⲟ ⲟⲩ"/>
		<feat xlink:href="#sSpan2063" value="ⲟⲩⲟⲛ ⲛⲓⲙ ⲉⲧ ⲛⲁϩⲧⲉ ⲉⲣⲟ ⲟⲩ"/>
		<feat xlink:href="#sSpan2096" value="ⲛ ⲛⲟⲩⲧⲉ ⲧⲏⲣ ⲟⲩ ⲛ ⲛ ϩⲉⲑⲛⲟⲥ"/>
		<feat xlink:href="#sSpan2111" value="ⲛ ϩⲉⲑⲛⲟⲥ"/>
		<feat xlink:href="#sSpan2119" value="ϩⲉⲛ ⲉⲓⲇⲱⲗⲟⲛ ⲛ ⲇⲁⲓⲙⲱⲛⲓⲟⲛ"/>
		<feat xlink:href="#sSpan2130" value="ⲇⲁⲓⲙⲱⲛⲓⲟⲛ"/>
		<feat xlink:href="#sSpan2137" value="ⲛⲁⲓ"/>
		<feat xlink:href="#sSpan2156" value="ϩⲉⲛ ⲕⲟⲟⲩⲉ ⲉ ⲛⲁϣⲱ ⲟⲩ"/>
		<feat xlink:href="#sSpan2192" value="ⲡ ⲛⲟⲩⲧⲉ ⲉⲧ ⲥⲙⲁⲙⲁⲁⲧ"/>
		<feat xlink:href="#sSpan2216" value="ⲡ ⲥⲟⲗⲥⲗ ⲛ ⲧⲉⲩ ⲙⲁⲁⲩ ⲧ ⲉⲕⲕⲗⲏⲥⲓⲁ ⲉⲧ ⲟⲩⲁⲁⲃ ⲉ ⲩ ⲛⲁⲩ ⲉⲣⲟ ⲥ"/>
		<feat xlink:href="#sSpan2225" value="ⲧⲉⲩ ⲙⲁⲁⲩ ⲧ ⲉⲕⲕⲗⲏⲥⲓⲁ ⲉⲧ ⲟⲩⲁⲁⲃ ⲉ ⲩ ⲛⲁⲩ ⲉⲣⲟ ⲥ"/>
		<feat xlink:href="#sSpan2271" value="ⲙⲏⲏϣⲉ ⲛ ⲗⲁⲟⲥ ⲛ ⲛ ⲉⲧ ⲡⲓⲥⲧⲉⲩⲉ ⲉ ⲡ ⲛⲟⲩⲧⲉ ⲙⲛ ⲡⲉϥ ⲭⲣⲓⲥⲧⲟⲥ ⲓⲏⲥⲟⲩⲥ"/>
		<feat xlink:href="#sSpan2285" value="ⲛ ⲉⲧ ⲡⲓⲥⲧⲉⲩⲉ ⲉ ⲡ ⲛⲟⲩⲧⲉ ⲙⲛ ⲡⲉϥ ⲭⲣⲓⲥⲧⲟⲥ ⲓⲏⲥⲟⲩⲥ"/>
		<feat xlink:href="#sSpan2297" value="ⲡ ⲛⲟⲩⲧⲉ"/>
		<feat xlink:href="#sSpan2306" value="ⲡⲉϥ ⲭⲣⲓⲥⲧⲟⲥ ⲓⲏⲥⲟⲩⲥ"/>
		<feat xlink:href="#sSpan2336" value="ⲩ ⲟⲩⲱϣⲧ ⲙ ⲡ ϫⲟⲉⲓⲥ"/>
		<feat xlink:href="#sSpan2347" value="ⲡ ϫⲟⲉⲓⲥ"/>
		<feat xlink:href="#sSpan2357" value="ⲡ ⲉⲧ ⲥⲏϩ"/>
		<feat xlink:href="#sSpan2417" value="ⲡ ϫⲟⲉⲓⲥ"/>
		<feat xlink:href="#sSpan2447" value="ⲡⲉⲛ ⲛⲟⲩⲧⲉ"/>
		<feat xlink:href="#sSpan2490" value="ⲛⲉⲧⲛ ⲣⲡⲏⲩⲉ ⲛⲧ ⲁ ⲩ ⲣϫⲁⲓⲉ"/>
		<feat xlink:href="#sSpan2512" value="ⲛⲉⲧⲛ ⲕⲉ ⲙⲁ ⲧⲏⲣ ⲟⲩ"/>
		<feat xlink:href="#sSpan2552" value="ⲡⲉⲧϣⲟⲩⲉⲓⲧ"/>
		<feat xlink:href="#sSpan2563" value="ⲧ ⲁⲡⲟⲇⲏⲙⲓⲁ ⲙ ⲡⲉⲛ ⲛⲟⲩⲧⲉ ⲓⲏⲥⲟⲩⲥ ⲡⲉ ⲭⲣⲓⲥⲧⲟⲥ"/>
		<feat xlink:href="#sSpan2575" value="ⲡⲉⲛ ⲛⲟⲩⲧⲉ ⲓⲏⲥⲟⲩⲥ ⲡⲉ ⲭⲣⲓⲥⲧⲟⲥ"/>
		<feat xlink:href="#sSpan2613" value="ⲛⲉⲧⲛ ⲣⲡⲏⲩⲉ"/>
		<feat xlink:href="#sSpan2638" value="ⲧ ⲕⲁⲑⲟⲗⲓⲕⲏ ⲉⲕⲕⲗⲏⲥⲓⲁ"/>
		<feat xlink:href="#sSpan2710" value="ⲡⲉϥ ⲗⲁⲟⲥ ⲉⲧ ⲟⲩⲁⲁⲃ"/>
		<feat xlink:href="#sSpan2739" value="ⲡⲉ ⲥⲧⲁⲩⲣⲟⲥ ⲙ ⲡ ⲛⲟⲩⲧⲉ ⲛ ⲛⲉ ⲭⲣⲓⲥⲧⲓⲁⲛⲟⲥ ⲓⲏⲥⲟⲩⲥ"/>
		<feat xlink:href="#sSpan2749" value="ⲡ ⲛⲟⲩⲧⲉ ⲛ ⲛⲉ ⲭⲣⲓⲥⲧⲓⲁⲛⲟⲥ ⲓⲏⲥⲟⲩⲥ"/>
		<feat xlink:href="#sSpan2758" value="ⲛⲉ ⲭⲣⲓⲥⲧⲓⲁⲛⲟⲥ"/>
		<feat xlink:href="#sSpan2788" value="ⲟⲩ ⲱⲛϩ"/>
		<feat xlink:href="#sSpan2797" value="ⲉⲛⲉϩ"/>
		<feat xlink:href="#sSpan2824" value="ⲛ"/>
		<feat xlink:href="#sSpan2844" value="ⲛⲉ ⲭⲣⲓⲥⲧⲓⲁⲛⲟⲥ ⲛ ϣⲏⲣⲉ ⲙ ⲡ ⲣⲣⲟ ⲡⲉ ⲭⲣⲓⲥⲧⲟⲥ ⲡ ϫⲟⲉⲓⲥ ⲓⲏⲥⲟⲩⲥ"/>
		<feat xlink:href="#sSpan2863" value="ⲡ ⲣⲣⲟ ⲡⲉ ⲭⲣⲓⲥⲧⲟⲥ ⲡ ϫⲟⲉⲓⲥ ⲓⲏⲥⲟⲩⲥ"/>
		<feat xlink:href="#sSpan2894" value="ⲡ ⲟⲩⲟⲉⲓⲛ"/>
		<feat xlink:href="#sSpan2904" value="ⲡ ⲱⲛϩ"/>
		<feat xlink:href="#sSpan2923" value="ⲛ ϩⲁⲓⲣⲉϯⲕⲟⲥ"/>
		<feat xlink:href="#sSpan2946" value="ⲛ ϩⲉⲑⲛⲟⲥ"/>
		<feat xlink:href="#sSpan2961" value="ⲁⲥⲉⲃⲏⲥ"/>
		<feat xlink:href="#sSpan2976" value="ⲕⲉ"/>
		<feat xlink:href="#sSpan2993" value="ⲟⲩ ⲣⲱⲙⲉ ⲉ ⲁ ϥ ⲃ... ⲉϩⲟⲩⲛ ϩⲛ ⲟⲩ ⲙⲁ"/>
		<feat xlink:href="#sSpan3017" value="ⲟⲩ ⲙⲁ"/>
		<feat xlink:href="#sSpan3030" value="ⲩ ϭⲟⲥⲙ"/>
		<feat xlink:href="#sSpan3068" value="ⲛ ⲉⲧ ϭⲱϣⲧ ⲛⲥⲱ ϥ"/>
		<feat xlink:href="#sSpan3085" value="ⲧⲁⲓ"/>
		<feat xlink:href="#sSpan3107" value="ⲛ ⲁⲣⲭⲏⲅⲟⲥ ⲛ ⲛ ϩⲉⲑⲛⲟⲥ ⲉⲧ ⲟ ⲛ ⲁⲧⲛⲁϩⲧⲉ ϫⲓⲛ ⲛ ϣⲟⲣⲡ"/>
		<feat xlink:href="#sSpan3117" value="ⲛ ϩⲉⲑⲛⲟⲥ ⲉⲧ ⲟ ⲛ ⲁⲧⲛⲁϩⲧⲉ ϫⲓⲛ ⲛ ϣⲟⲣⲡ"/>
		<feat xlink:href="#sSpan3136" value="ⲁⲧⲛⲁϩⲧⲉ ϫⲓⲛ ⲛ ϣⲟⲣⲡ"/>
		<feat xlink:href="#sSpan3168" value="ⲡ ⲧⲟⲡⲟⲥ ⲛ ⲕⲁⲕⲉ ⲉⲧⲉ ⲡ ⲥⲁⲧⲁⲛⲁⲥ ⲡⲉ"/>
		<feat xlink:href="#sSpan3178" value="ⲕⲁⲕⲉ"/>
		<feat xlink:href="#sSpan3185" value="ⲡ ⲥⲁⲧⲁⲛⲁⲥ"/>
		<feat xlink:href="#sSpan3211" value="ⲛⲉϥ ⲕⲗϫⲉ"/>
		<feat xlink:href="#sSpan3221" value="ⲛⲉϥ ϩⲓⲣ"/>
		<feat xlink:href="#sSpan3230" value="ⲛⲉϥ ⲧⲁⲙⲉⲓⲟⲛ"/>
		<feat xlink:href="#sSpan3247" value="ⲡ ϭⲟⲥⲙ ⲛ ⲁⲛⲟⲙⲓⲁ ⲛⲓⲙ"/>
		<feat xlink:href="#sSpan3257" value="ⲁⲛⲟⲙⲓⲁ ⲛⲓⲙ"/>
		<feat xlink:href="#sSpan3283" value="ⲡ ⲧⲣⲉ ϥ ⲟⲩⲱⲛϩ ⲉⲃⲟⲗ ⲛϩⲏⲧ ⲟⲩ"/>
		<feat xlink:href="#sSpan3313" value="ⲛ ⲕⲁⲕⲉ"/>
		<feat xlink:href="#sSpan3333" value="ϩⲉⲛ ⲏⲓ ⲉ ⲩ ⲕⲏⲧ ϩⲁ ⲡ ⲉⲥⲏⲧ ⲙ ⲡ ⲕⲁϩ ⲙⲙ ⲛⲟⲩ ⲉⲓⲣϩⲉ ϣⲏⲙ ⲛ ⲟⲩⲟⲉⲓⲛ ⲛϩⲏⲧ ⲟⲩ"/>
		<feat xlink:href="#sSpan3350" value="ⲡ ⲉⲥⲏⲧ ⲙ ⲡ ⲕⲁϩ"/>
		<feat xlink:href="#sSpan3359" value="ⲡ ⲕⲁϩ"/>
		<feat xlink:href="#sSpan3380" value="ⲟⲩⲟⲉⲓⲛ ⲛϩⲏⲧ ⲟⲩ"/>
		<feat xlink:href="#sSpan3398" value="ⲡ ⲛⲟⲩⲧⲉ"/>
		<feat xlink:href="#sSpan3417" value="ⲡ ⲟⲩⲟⲉⲓⲛ ⲙ ⲙⲉ ⲓⲏⲥⲟⲩⲥ ⲡⲁⲓ ⲉⲧ ⲣⲟⲩⲟⲉⲓⲛ ⲉ ⲛⲉϥ ϣⲏⲣⲉ ⲛ ⲭⲣⲓⲥϯⲓⲁⲛⲟⲥ ⲉⲧⲉ ⲟⲩⲛⲧⲁ ⲩ ⲙⲙⲁⲩ ⲙ ⲡ ⲟⲩⲟⲉⲓⲛ ⲉ ⲩ ⲡⲓⲥⲧⲉⲩⲉ ⲉ ⲡ ⲟⲩⲟⲉⲓⲛ ⲁⲩⲱ ⲉ ⲩ ⲙⲟⲟϣⲉ ϩⲙ ⲡ ⲟⲩⲟⲉⲓⲛ ⲛ ⲟⲩⲟⲉⲓϣ ⲛⲓⲙ"/>
		<feat xlink:href="#sSpan3450" value="ⲛⲉϥ ϣⲏⲣⲉ ⲛ ⲭⲣⲓⲥϯⲓⲁⲛⲟⲥ"/>
		<feat xlink:href="#sSpan3460" value="ⲭⲣⲓⲥϯⲓⲁⲛⲟⲥ"/>
		<feat xlink:href="#sSpan3479" value="ⲡ ⲟⲩⲟⲉⲓⲛ"/>
		<feat xlink:href="#sSpan3497" value="ⲡ ⲟⲩⲟⲉⲓⲛ"/>
		<feat xlink:href="#sSpan3519" value="ⲡ ⲟⲩⲟⲉⲓⲛ"/>
		<feat xlink:href="#sSpan3528" value="ⲟⲩⲟⲉⲓϣ ⲛⲓⲙ"/>
		<feat xlink:href="#sSpan3539" value="ⲡ ⲕⲁⲕⲉ"/>
		<feat xlink:href="#sSpan3584" value="ⲟⲩ ⲣⲱⲙⲉ ⲉ ⲁ ϥ ⲡⲱⲧ ⲉⲃⲟⲗ ϩⲛ ⲟⲩ ⲙⲁ ⲛ ϫⲁⲓⲉ ⲛ ⲕⲁⲕⲉ ⲉϩⲟⲩⲛ ⲉ ⲩ ⲧⲟⲡⲟⲥ ⲛ ⲟⲩⲟⲉⲓⲛ"/>
		<feat xlink:href="#sSpan3609" value="ⲟⲩ ⲙⲁ ⲛ ϫⲁⲓⲉ ⲛ ⲕⲁⲕⲉ"/>
		<feat xlink:href="#sSpan3618" value="ϫⲁⲓⲉ ⲛ ⲕⲁⲕⲉ"/>
		<feat xlink:href="#sSpan3625" value="ⲕⲁⲕⲉ"/>
		<feat xlink:href="#sSpan3637" value="ⲩ ⲧⲟⲡⲟⲥ ⲛ ⲟⲩⲟⲉⲓⲛ"/>
		<feat xlink:href="#sSpan3647" value="ⲟⲩⲟⲉⲓⲛ"/>
		<feat xlink:href="#sSpan3668" value="ⲟⲩ ⲁϣⲏ ⲙ ⲡⲟⲗⲓⲥ"/>
		<feat xlink:href="#sSpan3678" value="ⲡⲟⲗⲓⲥ"/>
		<feat xlink:href="#sSpan3681" value="ⲧⲁⲓ"/>
		<feat xlink:href="#sSpan3709" value="ⲛⲉⲛ ⲉⲓⲟⲧⲉ ⲛ ⲁⲣⲭⲁⲓⲟⲥ ⲁⲃⲣⲁϩⲁⲙ ⲙⲛ ⲓⲥⲁⲁⲕ ⲙⲛ ⲓⲁⲕⲱⲃ"/>
		<feat xlink:href="#sSpan3722" value="ⲁⲃⲣⲁϩⲁⲙ"/>
		<feat xlink:href="#sSpan3732" value="ⲓⲥⲁⲁⲕ"/>
		<feat xlink:href="#sSpan3740" value="ⲓⲁⲕⲱⲃ"/>
		<feat xlink:href="#sSpan3747" value="ⲛ ⲉⲛⲧ ⲁ ⲩ ϣⲱⲡⲉ ϩⲁ ⲧⲉⲩ ϩⲏ"/>
		<feat xlink:href="#sSpan3763" value="ⲧⲉⲩ ϩⲏ"/>
		<feat xlink:href="#sSpan3772" value="ⲛ ⲉⲛⲧ ⲁ ⲩ ϣⲱⲡⲉ ⲙⲛⲛⲥⲱ ⲟⲩ"/>
		<feat xlink:href="#sSpan3816" value="ⲧⲉ ⲡⲗⲁⲛⲏ ⲉⲧ ϩⲙ ⲡ ⲕⲟⲥⲙⲟⲥ ⲉϩⲟⲩⲛ"/>
		<feat xlink:href="#sSpan3828" value="ⲡ ⲕⲟⲥⲙⲟⲥ ⲉϩⲟⲩⲛ"/>
		<feat xlink:href="#sSpan3842" value="ⲡ ⲥⲟⲟⲩⲛ ⲙ ⲙⲉ"/>
		<feat xlink:href="#sSpan3867" value="ⲧ ϩⲁⲓⲃⲉⲥ ⲙ ⲡ ϫⲟⲉⲓⲥ ⲡ ⲛⲟⲩⲧⲉ ⲛ ⲧ ⲡⲉ"/>
		<feat xlink:href="#sSpan3878" value="ⲡ ϫⲟⲉⲓⲥ ⲡ ⲛⲟⲩⲧⲉ ⲛ ⲧ ⲡⲉ"/>
		<feat xlink:href="#sSpan3895" value="ⲧ ⲡⲉ"/>
		<feat xlink:href="#sSpan3909" value="ⲡ ⲉⲧ ⲥⲏϩ ⲛ ⲧ ϩⲉ ⲉⲧⲉⲣⲉ ⲡ ⲟⲩⲟⲉⲓⲛ ⲣⲟⲩⲟⲉⲓⲛ ϩⲙ ⲡ ⲕⲁⲕⲉ"/>
		<feat xlink:href="#sSpan3928" value="ⲡ ⲟⲩⲟⲉⲓⲛ"/>
		<feat xlink:href="#sSpan3944" value="ⲡ ⲕⲁⲕⲉ"/>
		<feat xlink:href="#sSpan3957" value="ⲡ ⲕⲁⲕⲉ"/>
		<feat xlink:href="#sSpan3968" value="ⲧⲁⲓ"/>
		<feat xlink:href="#sSpan3990" value="ⲡⲉⲩ ⲥⲡⲉⲣⲙⲁ ⲧⲏⲣ ϥ ϫⲓⲛ ⲛ ϣⲟⲣⲡ"/>
		<feat xlink:href="#sSpan4034" value="ⲛⲉ ϩⲃⲏⲩⲉ ⲉⲧ ⲛⲁⲛⲟⲩ ⲟⲩ"/>
		<feat xlink:href="#sSpan4052" value="ⲡ ⲕⲁⲕⲉ ⲙ ⲡ ⲅⲉⲛⲟⲥ ⲧⲏⲣ ϥ ⲛ ⲛ ϩⲁⲓⲣⲉⲧⲓⲕⲟⲥ"/>
		<feat xlink:href="#sSpan4061" value="ⲡ ⲅⲉⲛⲟⲥ ⲧⲏⲣ ϥ ⲛ ⲛ ϩⲁⲓⲣⲉⲧⲓⲕⲟⲥ"/>
		<feat xlink:href="#sSpan4077" value="ⲛ ϩⲁⲓⲣⲉⲧⲓⲕⲟⲥ"/>
		<feat xlink:href="#sSpan4113" value="ⲡ ϣⲁϫⲉ ⲉⲧ ⲥⲏϩ"/>
		<feat xlink:href="#sSpan4145" value="ⲛ ϩⲁⲓⲣⲉϯⲕⲟⲥ"/>
		<feat xlink:href="#sSpan4158" value="ⲛ ⲟⲃϩⲉ ⲛ ⲛ ⲣⲉϥⲣⲛⲟⲃⲉ"/>
		<feat xlink:href="#sSpan4167" value="ⲛ ⲣⲉϥⲣⲛⲟⲃⲉ"/>
		<feat xlink:href="#sSpan4193" value="ⲡⲉⲧⲛ ⲗⲁⲥ"/>
		<feat xlink:href="#sSpan4203" value="ⲡⲉⲧⲛ ϩⲏⲧ"/>
		<feat xlink:href="#sSpan4229" value="ⲛⲉⲧⲛ ϣⲟϫⲛⲉ"/>
		<feat xlink:href="#sSpan4239" value="ⲡ ⲁϣⲁⲓ ⲛ ⲛⲉⲧⲛ ⲙⲛⲧϣⲁϥⲧⲉ"/>
		<feat xlink:href="#sSpan4249" value="ⲛⲉⲧⲛ ⲙⲛⲧϣⲁϥⲧⲉ"/>
		<feat xlink:href="#sSpan4262" value="ⲡ ϫⲟⲉⲓⲥ"/>
		<feat xlink:href="#sSpan4296" value="ⲁⲡⲉⲧⲛ"/>
		<feat xlink:href="#sSpan4316" value="ⲟⲩ ⲟⲩⲱⲛϩ ⲉⲃⲟⲗ"/>
		<feat xlink:href="#sSpan4338" value="ⲡ ⲧⲁⲕⲟ ⲛⲧ ⲁ ⲧⲉⲧⲛ ⲁⲁ ϥ"/>
		<feat xlink:href="#sSpan4372" value="ⲛ ϣⲏⲣⲉ ⲛ ϣⲙⲙⲟ ⲛ ⲇⲁⲓⲙⲱⲛⲓⲟⲛ"/>
		<feat xlink:href="#sSpan4388" value="ⲇⲁⲓⲙⲱⲛⲓⲟⲛ"/>
		<feat xlink:href="#sSpan4411" value="ⲛⲉⲧⲛ ϩⲓⲟⲟⲩⲉ"/>
		<feat xlink:href="#sSpan4416" value="ⲡ ϫⲟⲉⲓⲥ"/>
		<feat xlink:href="#sSpan4457" value="ⲛ ϣⲁϫⲉ ⲛ ⲣⲱ ⲧⲛ"/>
		<feat xlink:href="#sSpan4468" value="ⲣⲱ ⲧⲛ"/>
		<feat xlink:href="#sSpan4473" value="ⲟⲩ ⲁⲛⲟⲙⲓⲁ"/>
		<feat xlink:href="#sSpan4489" value="ⲟⲩ ⲕⲣⲟϥ ⲙ ⲡⲉⲧⲛ ⲟⲩⲱϣ"/>
		<feat xlink:href="#sSpan4498" value="ⲡⲉⲧⲛ ⲟⲩⲱϣ"/>
		<feat xlink:href="#sSpan4509" value="ⲡ ⲡⲉⲧⲛⲁⲛⲟⲩϥ"/>
		<feat xlink:href="#sSpan4542" value="ⲩ ⲁⲛⲟⲙⲓⲁ"/>
		<feat xlink:href="#sSpan4552" value="ⲡⲉⲧⲛ ϭⲗⲟϭ"/>
		<feat xlink:href="#sSpan4576" value="ϩⲓⲏ ⲛⲓⲙ ⲉⲧ ϩⲟⲟⲩ"/>
		<feat xlink:href="#sSpan4593" value="ⲧ ⲕⲁⲕⲓⲁ"/>
		<feat xlink:href="#sSpan4617" value="ⲡⲉⲧⲛ ϩⲏⲧ"/>
		<feat xlink:href="#sSpan4643" value="ⲟⲩ ⲁⲛⲟⲙⲓⲁ"/>
		<feat xlink:href="#sSpan4667" value="ⲡ ϩⲟ ⲙ ⲡ ⲛⲟⲩⲧⲉ"/>
		<feat xlink:href="#sSpan4676" value="ⲡ ⲛⲟⲩⲧⲉ"/>
		<feat xlink:href="#sSpan4685" value="ⲡⲉϥ ⲭⲣⲓⲥⲧⲟⲥ ⲓⲏⲥⲟⲩⲥ"/>
		<feat xlink:href="#sSpan4702" value="ϩⲉⲛ ϫⲃⲃⲉⲥ"/>
		<feat xlink:href="#sSpan4751" value="ⲟⲩ ⲕⲱϩⲧ"/>
		<feat xlink:href="#sSpan4764" value="ⲟⲩ ⲗⲁⲟⲥ ⲛ ⲁⲧϩⲏⲧ ⲉ ⲁ ⲧⲉⲧⲛ ϯ ⲛ ⲟⲩϭⲥ ⲙ ⲡⲉϥ ⲣⲁⲛ"/>
		<feat xlink:href="#sSpan4776" value="ⲁⲧϩⲏⲧ"/>
		<feat xlink:href="#sSpan4795" value="ⲟⲩϭⲥ ⲙ ⲡⲉϥ ⲣⲁⲛ"/>
		<feat xlink:href="#sSpan4802" value="ⲡⲉϥ ⲣⲁⲛ"/>
		<feat xlink:href="#sSpan4813" value="ⲧⲉⲧⲛ ⲙⲛⲧϫⲁⲥⲓϩⲏⲧ"/>
		<feat xlink:href="#sSpan4841" value="ⲟⲩⲟⲉⲓϣ ⲛⲓⲙ"/>
		<feat xlink:href="#sSpan4862" value="ⲡⲉⲧⲛ ⲧⲁⲡ"/>
		<feat xlink:href="#sSpan4875" value="ⲧ ⲡⲉ"/>
		<feat xlink:href="#sSpan4893" value="ⲡ ⲛⲟⲩⲧⲉ"/>
		<feat xlink:href="#sSpan4902" value="ⲟⲩ ϫⲓⲛϭⲟⲛⲥ"/>
		<feat xlink:href="#sSpan4915" value="ⲡⲁⲓ"/>
		<feat xlink:href="#sSpan4936" value="ϫⲁϫⲉ"/>
		<feat xlink:href="#sSpan4959" value="ⲩ ⲛⲟϭⲛⲉϭ ϣⲁ ⲉⲛⲉϩ"/>
		<feat xlink:href="#sSpan4968" value="ⲉⲛⲉϩ"/>
		<feat xlink:href="#sSpan4981" value="ⲟⲩ ⲧⲏⲩ"/>
		<feat xlink:href="#sSpan4990" value="ⲡ ϭⲱⲛⲧ ⲙ ⲡ ϫⲟⲉⲓⲥ"/>
		<feat xlink:href="#sSpan4999" value="ⲡ ϫⲟⲉⲓⲥ"/>
		<feat xlink:href="#sSpan5033" value="ⲧ ϩⲁⲧⲏⲩ ⲉⲧⲉ ⲧⲉϥ ⲟⲣⲅⲏ ⲧⲉ ⲉ ⲛⲁ ϥⲓ ⲧⲏⲩⲧⲛ ⲛ ⲧ ϩⲉ ⲛ ϩⲉⲛ ϭⲗⲙ ⲉⲧⲓ ⲅⲁⲣ ⲕⲉ ⲕⲟⲩⲓ ⲡⲉ"/>
		<feat xlink:href="#sSpan5044" value="ⲧⲉϥ ⲟⲣⲅⲏ ⲧⲉ ⲉ ⲛⲁ ϥⲓ ⲧⲏⲩⲧⲛ ⲛ ⲧ ϩⲉ ⲛ ϩⲉⲛ ϭⲗⲙ ⲉⲧⲓ ⲅⲁⲣ ⲕⲉ ⲕⲟⲩⲓ ⲡⲉ"/>
		<feat xlink:href="#sSpan5077" value="ϩⲉⲛ ϭⲗⲙ ⲉⲧⲓ ⲅⲁⲣ ⲕⲉ ⲕⲟⲩⲓ ⲡⲉ"/>
		<feat xlink:href="#sSpan5092" value="ⲕⲉ ⲕⲟⲩⲓ"/>
		<feat xlink:href="#sSpan5146" value="ⲁⲧⲥⲟⲟⲩⲛ"/>
		<feat xlink:href="#sSpan5177" value="ϣⲏⲙ ϣⲏⲙ"/>
		<feat xlink:href="#sSpan5188" value="ⲡⲉⲧⲛ ⲥⲡⲉⲣⲙⲁ ⲧⲏⲣ ϥ"/>
		<feat xlink:href="#sSpan5237" value="ⲟⲩ ϣⲉ ⲉ ϥ ⲟⲩⲟϣϥ"/>
		<feat xlink:href="#sSpan5255" value="ⲛ ⲣⲉϥⲣⲛⲟⲃⲉ"/>
		<feat xlink:href="#sSpan5280" value="ⲡ ⲉⲧ ϣⲟⲩⲉⲓⲧ"/>
		<feat xlink:href="#sSpan5317" value="ϫⲁϫⲉ ⲙ ⲡ ϫⲟⲉⲓⲥ"/>
		<feat xlink:href="#sSpan5325" value="ⲡ ϫⲟⲉⲓⲥ"/>
		<feat xlink:href="#sSpan5353" value="ⲡⲉ ⲡⲛⲉⲩⲙⲁ ⲙ ⲡ ϫⲟⲉⲓⲥ ⲉⲧ ϩⲛ ⲛⲉ ⲡⲣⲟⲫⲏⲧⲏⲥ"/>
		<feat xlink:href="#sSpan5363" value="ⲡ ϫⲟⲉⲓⲥ ⲉⲧ ϩⲛ ⲛⲉ ⲡⲣⲟⲫⲏⲧⲏⲥ"/>
		<feat xlink:href="#sSpan5374" value="ⲛⲉ ⲡⲣⲟⲫⲏⲧⲏⲥ"/>
		<feat xlink:href="#sSpan5395" value="ⲛⲉⲕ ϫⲓϫⲉⲩⲉ"/>
		<feat xlink:href="#sSpan5430" value="ⲟⲩⲟⲛ ⲛⲓⲙ ⲉⲧ ⲣϩⲱⲃ ⲉ ⲧ ⲁⲛⲟⲙⲓⲁ"/>
		<feat xlink:href="#sSpan5451" value="ⲧ ⲁⲛⲟⲙⲓⲁ"/>
		<feat xlink:href="#sSpan5474" value="ⲛ ⲣⲉϥⲣⲛⲟⲃⲉ"/>
		<feat xlink:href="#sSpan5490" value="ⲡ ⲕⲁϩ"/>
		<feat xlink:href="#sSpan5505" value="ⲙ ⲡⲁⲣⲁⲛⲟⲙⲟⲥ"/>
		<feat xlink:href="#sSpan5525" value="ⲛ ⲉⲧ ⲛⲁⲛⲟⲩ ⲟⲩ"/>
		<feat xlink:href="#sSpan5547" value="ⲡ ⲕⲁϩ"/>
		<feat xlink:href="#sSpan5556" value="ⲛ ⲉⲧ ⲟⲩⲁⲁⲃ"/>
		<feat xlink:href="#sSpan5581" value="ⲡ ⲣⲱⲙⲉ ⲙ ⲡⲁⲣⲁⲛⲟⲙⲟⲥ"/>
		<feat xlink:href="#sSpan5615" value="ⲟⲩ ⲙⲁⲥⲧⲡⲉⲧⲛⲁⲛⲟⲩϥ"/>
		<feat xlink:href="#sSpan5653" value="ⲛⲉⲓ ϣⲁϫⲉ ⲧⲏⲣ ⲟⲩ"/>
		<feat xlink:href="#sSpan5666" value="ⲛⲁⲓ ⲉⲧ ⲟ ⲙ ⲙⲛⲧⲣⲉ ⲉⲣⲟ ⲛ ⲙⲛ ⲛⲁ ⲛⲉ ⲅⲣⲁⲫⲏ"/>
		<feat xlink:href="#sSpan5679" value="ⲙⲛⲧⲣⲉ ⲉⲣⲟ ⲛ ⲙⲛ ⲛⲁ ⲛⲉ ⲅⲣⲁⲫⲏ"/>
		<feat xlink:href="#sSpan5695" value="ⲛⲉ ⲅⲣⲁⲫⲏ"/>
		<feat xlink:href="#sSpan5716" value="ⲛⲉ ⲕⲣⲓⲛⲟⲛ ⲛ ⲛ ⲉⲧ ⲣⲱⲧ ⲉϩⲣⲁⲓ ϩⲛ ⲧ ⲥⲱϣⲉ ⲙⲛ ϩⲉⲛ ⲕⲉ ϩⲛⲁⲁⲩ ⲛ ⲉⲗⲁⲭⲓⲥⲧⲟⲛ"/>
		<feat xlink:href="#sSpan5726" value="ⲛ ⲉⲧ ⲣⲱⲧ ⲉϩⲣⲁⲓ ϩⲛ ⲧ ⲥⲱϣⲉ ⲙⲛ ϩⲉⲛ ⲕⲉ ϩⲛⲁⲁⲩ ⲛ ⲉⲗⲁⲭⲓⲥⲧⲟⲛ"/>
		<feat xlink:href="#sSpan5741" value="ⲧ ⲥⲱϣⲉ"/>
		<feat xlink:href="#sSpan5750" value="ϩⲉⲛ ⲕⲉ ϩⲛⲁⲁⲩ ⲛ ⲉⲗⲁⲭⲓⲥⲧⲟⲛ"/>
		<feat xlink:href="#sSpan5763" value="ⲉⲗⲁⲭⲓⲥⲧⲟⲛ"/>
		<feat xlink:href="#sSpan5772" value="ⲡ ⲥⲟⲣⲧ"/>
		<feat xlink:href="#sSpan5786" value="ⲩ ⲏⲡⲉ"/>
		<feat xlink:href="#sSpan5795" value="ⲥⲙⲟⲧ ⲛ ⲁⲩⲁⲁⲛ"/>
		<feat xlink:href="#sSpan5802" value="ⲁⲩⲁⲁⲛ"/>
		<feat xlink:href="#sSpan5814" value="ⲛ ⲉⲧ ⲣϩⲱⲃ ⲉⲣⲟ ϥ"/>
		<feat xlink:href="#sSpan5831" value="ⲡ ⲁⲥⲉⲃⲏⲥ ⲇⲉ ⲛⲧⲟϥ"/>
		<feat xlink:href="#sSpan5861" value="ⲧⲉϥ ⲕⲁⲕⲓⲁ"/>
		<feat xlink:href="#sSpan5894" value="ⲛ ϣⲁϫⲉ ⲧⲏⲣ ⲟⲩ ⲙ ⲡ ⲛⲟⲩⲧⲉ"/>
		<feat xlink:href="#sSpan5909" value="ⲡ ⲛⲟⲩⲧⲉ"/>
		<feat xlink:href="#sSpan5923" value="ⲧ ⲁⲅⲁⲡⲏ"/>
		<feat xlink:href="#sSpan5933" value="ⲧ ⲙⲉ"/>
		<feat xlink:href="#sSpan5943" value="ⲡⲉⲧⲛⲁⲛⲟⲩϥ ⲛⲓⲙ"/>
		<feat xlink:href="#sSpan5963" value="ⲡ ⲛⲟⲩⲧⲉ"/>
		<feat xlink:href="#sSpan5981" value="ϩⲁϩ ⲛ ⲥⲟⲡ"/>
		<feat xlink:href="#sSpan5995" value="ϩⲁϩ ⲛ ⲥⲙⲟⲧ"/>
		<feat xlink:href="#sSpan6008" value="ⲛⲉϥ ⲡⲉⲧⲟⲩⲁⲁⲃ"/>
		<feat xlink:href="#sSpan6035" value="ⲛⲉϥ ⲟⲩⲱϣ ⲧⲏⲣ ⲟⲩ"/>
		<feat xlink:href="#sSpan6054" value="ⲟⲩ ⲥⲟⲡ ⲛ ⲟⲩⲱⲧ ⲡⲉ ⲛⲧ ⲁ ϥ ϩⲱⲛ ⲉⲧⲟⲟⲧ ϥ ⲛ ⲛⲱϩⲉ ⲉ ⲧⲣⲉ ϥ ⲧⲁⲙⲓⲟ ⲛ ⲧ ⲕⲓⲃⲱⲧⲟⲥ"/>
		<feat xlink:href="#sSpan6089" value="ⲛⲱϩⲉ"/>
		<feat xlink:href="#sSpan6107" value="ⲧ ⲕⲓⲃⲱⲧⲟⲥ"/>
		<feat xlink:href="#sSpan6135" value="ⲡⲉϥ ϩⲱⲃ"/>
		<feat xlink:href="#sSpan6155" value="ⲧ ⲟⲣⲅⲏ ⲛⲧ ⲁ ⲥ ⲉⲓ ⲉϩⲣⲁⲓ ⲉϫⲙ ⲡ ⲕⲁϩ"/>
		<feat xlink:href="#sSpan6180" value="ⲡ ⲕⲁϩ"/>
		<feat xlink:href="#sSpan6193" value="ⲡⲉϥ ⲏⲓ ⲧⲏⲣ ϥ"/>
		<feat xlink:href="#sSpan6208" value="ϩⲉⲛ ⲕⲉ ϩⲁⲗⲁⲧⲉ"/>
		<feat xlink:href="#sSpan6220" value="ϩⲉⲛ ⲕⲉ ⲑⲏⲣⲓⲟⲛ"/>
		<feat xlink:href="#sSpan6232" value="ϩⲉⲛ ⲧⲃⲛⲟⲟⲩⲉ ⲉ ⲛⲁϣⲱ ⲟⲩ"/>
		<feat xlink:href="#sSpan6269" value="ⲁⲛⲟⲛ ⲛ ⲉⲧ ⲣ ⲡ ⲉⲧϩⲟⲟⲩ ⲙⲛⲛⲥⲁ ⲛⲉⲓ ϣⲁϫⲉ ⲧⲏⲣ ⲟⲩ ⲉⲃⲟⲗ ϩⲓⲧⲙ ⲡ ⲛⲟⲩⲧⲉ ⲉ ⲧⲣⲉ ⲛ ⲉⲓⲣⲉ ⲛ ⲟⲩ ⲇⲓⲕⲁⲓⲟⲥⲩⲛⲏ ⲉ ⲛ ⲛⲁ ⲟⲩϫⲁⲓ ⲛϩⲏⲧ ⲥ"/>
		<feat xlink:href="#sSpan6280" value="ⲡ ⲉⲧϩⲟⲟⲩ"/>
		<feat xlink:href="#sSpan6289" value="ⲛⲉⲓ ϣⲁϫⲉ ⲧⲏⲣ ⲟⲩ"/>
		<feat xlink:href="#sSpan6308" value="ⲡ ⲛⲟⲩⲧⲉ"/>
		<feat xlink:href="#sSpan6329" value="ⲟⲩ ⲇⲓⲕⲁⲓⲟⲥⲩⲛⲏ ⲉ ⲛ ⲛⲁ ⲟⲩϫⲁⲓ ⲛϩⲏⲧ ⲥ"/>
		<feat xlink:href="#sSpan6357" value="ⲟⲩ ⲥⲟⲡ ⲇⲉ ⲛ ⲟⲩⲱⲧ"/>
		<feat xlink:href="#sSpan6383" value="ⲡ ⲛⲟⲩⲧⲉ"/>
		<feat xlink:href="#sSpan6400" value="ⲁⲃⲣⲁϩⲁⲙ"/>
		<feat xlink:href="#sSpan6422" value="ⲡⲉϥ ⲙⲉⲣⲓⲧ ⲛ ϣⲏⲣⲉ"/>
		<feat xlink:href="#sSpan6431" value="ϣⲏⲣⲉ"/>
		<feat xlink:href="#sSpan6457" value="ⲡ ⲟⲩⲱϣ ⲙ ⲡ ϫⲟⲉⲓⲥ"/>
		<feat xlink:href="#sSpan6466" value="ⲡ ϫⲟⲉⲓⲥ"/>
		<feat xlink:href="#sSpan6494" value="ⲡⲉϥ ϣⲏⲣⲉ"/>
		<feat xlink:href="#sSpan6531" value="ϩⲟⲩⲛ"/>
		<feat xlink:href="#sSpan6544" value="ⲛⲉϥ ϣⲁϫⲉ ⲧⲏⲣ ⲟⲩ"/>
		<feat xlink:href="#sSpan6571" value="ⲛⲉⲛ ⲥⲱⲙⲁ"/>
		<feat xlink:href="#sSpan6588" value="ⲑⲩⲥⲓⲁ"/>
		<feat xlink:href="#sSpan6595" value="ⲧⲃⲃⲟ ⲛⲓⲙ"/>
		<feat xlink:href="#sSpan6607" value="ⲙⲛⲧⲙⲉ ⲛⲓⲙ"/>
		<feat xlink:href="#sSpan6631" value="ⲛ ⲁⲅⲅⲉⲗⲟⲥ"/>
		<feat xlink:href="#sSpan6643" value="ϩⲁϩ ⲛ ϣⲁϫⲉ"/>
		<feat xlink:href="#sSpan6657" value="ⲗⲱⲧ"/>
		<feat xlink:href="#sSpan6686" value="ⲛⲉⲓ ⲡⲟⲗⲓⲥ ⲉⲧ ⲙⲙⲁⲩ ⲛⲧ ⲁ ⲡ ϫⲟⲉⲓⲥ ⲣⲟⲕϩ ⲟⲩ ϩⲛ ⲟⲩ ⲕⲱϩⲧ ⲉⲃⲟⲗ ϩⲛ ⲧ ⲡⲉ ϩⲓⲧⲙ ⲡ ⲛⲟⲩⲧⲉ"/>
		<feat xlink:href="#sSpan6704" value="ⲡ ϫⲟⲉⲓⲥ"/>
		<feat xlink:href="#sSpan6719" value="ⲟⲩ ⲕⲱϩⲧ"/>
		<feat xlink:href="#sSpan6733" value="ⲧ ⲡⲉ ϩⲓⲧⲙ ⲡ ⲛⲟⲩⲧⲉ"/>
		<feat xlink:href="#sSpan6743" value="ⲡ ⲛⲟⲩⲧⲉ"/>
		<feat xlink:href="#sSpan6763" value="ⲡ ⲉⲛⲧ ⲁ ⲩ ⲟⲩⲉϩⲥⲁϩⲛⲉ ⲙⲙⲟ ϥ ⲛⲁ ϥ ϩⲛ ⲟⲩ ϭⲉⲡⲏ"/>
		<feat xlink:href="#sSpan6820" value="ⲡ ⲛⲟⲩⲧⲉ"/>
		<feat xlink:href="#sSpan6829" value="ⲛⲉϥ ϣⲁϫⲉ ⲧⲏⲣ ⲟⲩ"/>
		<feat xlink:href="#sSpan6861" value="ⲡⲉⲧϩⲟⲟⲩ ⲛⲓⲙ"/>
		<feat xlink:href="#sSpan6879" value="ϩⲱⲃ ⲛⲓⲙ ⲛ ⲁⲅⲁⲑⲟⲛ ⲁⲩⲱ ⲙ ⲙⲉ"/>
		<feat xlink:href="#sSpan6891" value="ⲁⲅⲁⲑⲟⲛ"/>
		<feat xlink:href="#sSpan6898" value="ⲙ ⲙⲉ"/>
		<feat xlink:href="#sSpan6911" value="ⲟⲩ ϣⲁϫⲉ ⲇⲉ ⲟⲛ ⲛ ⲟⲩⲱⲧ"/>
		<feat xlink:href="#sSpan6942" value="ⲡ ⲛⲟⲩⲧⲉ"/>
		<feat xlink:href="#sSpan6959" value="ⲛⲉϥ ⲙⲁⲑⲏⲧⲏⲥ"/>
		<feat xlink:href="#sSpan6984" value="ⲧⲏⲩⲧⲛ ⲛ ⲟⲩⲱϩⲉ"/>
		<feat xlink:href="#sSpan6985" value="ⲧⲏⲩⲧⲛ ⲛ ⲟⲩⲱϩⲉ ⲛ ⲣⲱⲙⲉ"/>
		<feat xlink:href="#sSpan7016" value="ⲛⲉⲩ ϣⲛⲏⲩ"/>
		<feat xlink:href="#sSpan7026" value="ⲛⲉⲩ ⲉϫⲏⲩ"/>
		<feat xlink:href="#sSpan7035" value="ⲡⲉⲩ ⲉⲓⲱⲧ"/>
		<feat xlink:href="#sSpan7044" value="ⲛ ϫⲁⲓⲃⲉⲕⲉ"/>
		<feat xlink:href="#sSpan7074" value="ⲧⲁⲓ"/>
		<feat xlink:href="#sSpan7103" value="ⲛⲉⲓ ⲛⲟϭ ⲛ ⲧⲁⲉⲓⲟ ⲙⲛ ⲛⲉⲓ ⲛⲟϭ ⲛ ⲉⲟⲟⲩ"/>
		<feat xlink:href="#sSpan7118" value="ⲛⲉⲓ ⲛⲟϭ"/>
		<feat xlink:href="#sSpan7127" value="ⲉⲟⲟⲩ"/>
		<feat xlink:href="#sSpan7147" value="ϩⲉⲛ ϩⲃⲏⲩⲉ ⲛ ϣⲡⲏⲣⲉ"/>
		<feat xlink:href="#sSpan7156" value="ϣⲡⲏⲣⲉ"/>
		<feat xlink:href="#sSpan7189" value="ⲛⲉϥ ϣⲁϫⲉ ⲧⲏⲣ ⲟⲩ"/>
		<feat xlink:href="#sSpan7221" value="ⲛⲉⲛ ⲉⲡⲉⲓⲑⲩⲙⲓⲁ"/>
		<feat xlink:href="#sSpan7231" value="ⲛⲉ ⲛⲟⲃⲉ ⲧⲏⲣ ⲟⲩ"/>
		<feat xlink:href="#sSpan7257" value="ⲡⲉϥ ⲛⲁ"/>
		<feat xlink:href="#sSpan7266" value="ⲡⲉϥ ⲥⲙⲟⲩ"/>
		<feat xlink:href="#sSpan7313" value="ⲛ ⲉⲧ ⲟⲩⲁⲁⲃ"/>
		<feat xlink:href="#sSpan7325" value="ⲛ ⲇⲓⲕⲁⲓⲟⲥ"/>
		<feat xlink:href="#sSpan7337" value="ⲛⲉⲛ ⲉⲓⲟⲧⲉ ⲛ ⲁⲣⲭⲁⲓⲟⲥ"/>
		<feat xlink:href="#sSpan7353" value="ⲛⲉ ⲡⲣⲟⲫⲏⲧⲏⲥ"/>
		<feat xlink:href="#sSpan7368" value="ⲛⲉⲛ ⲉⲓⲟⲧⲉ ⲛ ⲁⲡⲟⲥⲧⲟⲗⲟⲥ"/>
		<feat xlink:href="#sSpan7395" value="ⲡ ⲛⲟⲩⲧⲉ"/>
		<feat xlink:href="#sSpan7411" value="ⲛⲉϥ ⲟⲩⲱϣ ⲧⲏⲣ ⲟⲩ"/>
		<feat xlink:href="#sSpan7447" value="ϩⲉⲛ ⲕⲟⲟⲩⲉ"/>
		<feat xlink:href="#sSpan7471" value="ⲛⲉϥ ϩⲓⲟⲟⲩⲉ"/>
		<feat xlink:href="#sSpan7500" value="ⲛⲉⲓ ⲁⲛⲟⲙⲟⲥ"/>
		<feat xlink:href="#sSpan7512" value="ⲛⲉⲕ ϩⲓⲟⲟⲩⲉ"/>
		<feat xlink:href="#sSpan7521" value="ⲛ ⲁⲥⲉⲃⲏⲥ"/>
		<feat xlink:href="#sSpan7581" value="ⲡⲉϥ ⲟⲩⲱϣ"/>
		<feat xlink:href="#sSpan7591" value="ⲡⲉⲛ ϩⲧⲟⲣ ⲙⲁⲩⲁⲁ ⲛ ϩⲱⲥ ϣⲏⲣⲉ"/>
		<feat xlink:href="#sSpan7607" value="ϣⲏⲣⲉ"/>
		<feat xlink:href="#sSpan7627" value="ⲧ ⲙⲛⲧⲣⲣⲟ ⲙ ⲡⲉⲩ ⲉⲓⲱⲧ ⲉⲧ ϩⲛ ⲙ ⲡⲏⲩⲉ"/>
		<feat xlink:href="#sSpan7639" value="ⲡⲉⲩ ⲉⲓⲱⲧ ⲉⲧ ϩⲛ ⲙ ⲡⲏⲩⲉ"/>
		<feat xlink:href="#sSpan7650" value="ⲙ ⲡⲏⲩⲉ"/>
		<feat xlink:href="#sSpan7677" value="ⲛⲉϥ ϣⲁϫⲉ ⲙⲛ ⲛⲉϥ ⲥⲃⲟⲟⲩ ⲛ ⲉⲃⲟⲗ ϩⲛ ⲛⲉ ⲅⲣⲁⲫⲏ ⲛⲁⲓ ⲉⲧ ϯϩⲧⲟⲣ ⲉⲣⲟ ⲛ ⲉ ⲧⲣⲉ ⲛ ϩⲩⲡⲟⲧⲁⲥⲥⲉ"/>
		<feat xlink:href="#sSpan7686" value="ⲛⲉϥ ⲥⲃⲟⲟⲩ"/>
		<feat xlink:href="#sSpan7703" value="ⲛⲉ ⲅⲣⲁⲫⲏ"/></featList></paula>