<?xml version='1.0' encoding='UTF-8'?><!DOCTYPE paula SYSTEM "paula_feat.dtd">
<paula version="1.1">
	<header paula_id="scriptorium.01_Genesis_07.mark_func"/>
	<featList xmlns:xlink="http://www.w3.org/1999/xlink" type="func" xml:base="scriptorium.01_Genesis_07.mark.xml">
		<feat xlink:href="#sSpan1" value="root"/>
		<feat xlink:href="#sSpan4" value="det"/>
		<feat xlink:href="#sSpan6" value="nsubj"/>
		<feat xlink:href="#sSpan7" value="det"/>
		<feat xlink:href="#sSpan9" value="appos"/>
		<feat xlink:href="#sSpan10" value="case"/>
		<feat xlink:href="#sSpan12" value="obl"/>
		<feat xlink:href="#sSpan14" value="mark"/>
		<feat xlink:href="#sSpan16" value="ccomp"/>
		<feat xlink:href="#sSpan18" value="advmod"/>
		<feat xlink:href="#sSpan20" value="mark"/>
		<feat xlink:href="#sSpan22" value="parataxis"/>
		<feat xlink:href="#sSpan24" value="dislocated"/>
		<feat xlink:href="#sSpan26" value="cc"/>
		<feat xlink:href="#sSpan28" value="nmod:poss"/>
		<feat xlink:href="#sSpan30" value="conj"/>
		<feat xlink:href="#sSpan31" value="nmod:unmarked"/>
		<feat xlink:href="#sSpan33" value="nmod:poss"/>
		<feat xlink:href="#sSpan34" value="mark"/>
		<feat xlink:href="#sSpan36" value="advcl"/>
		<feat xlink:href="#sSpan37" value="cop"/>
		<feat xlink:href="#sSpan39" value="mark"/>
		<feat xlink:href="#sSpan40" value="aux"/>
		<feat xlink:href="#sSpan41" value="nsubj"/>
		<feat xlink:href="#sSpan42" value="csubj"/>
		<feat xlink:href="#sSpan43" value="case"/>
		<feat xlink:href="#sSpan45" value="obl"/>
		<feat xlink:href="#sSpan46" value="case"/>
		<feat xlink:href="#sSpan48" value="obl"/>
		<feat xlink:href="#sSpan50" value="case"/>
		<feat xlink:href="#sSpan52" value="nmod:poss"/>
		<feat xlink:href="#sSpan54" value="obl"/>
		<feat xlink:href="#sSpan55" value="advmod"/>
		<feat xlink:href="#sSpan58" value="case"/>
		<feat xlink:href="#sSpan60" value="det"/>
		<feat xlink:href="#sSpan62" value="nmod"/>
		<feat xlink:href="#sSpan63" value="root"/>
		<feat xlink:href="#sSpan66" value="advmod"/>
		<feat xlink:href="#sSpan68" value="advmod"/>
		<feat xlink:href="#sSpan70" value="case"/>
		<feat xlink:href="#sSpan72" value="obl"/>
		<feat xlink:href="#sSpan73" value="case"/>
		<feat xlink:href="#sSpan76" value="fixed"/>
		<feat xlink:href="#sSpan78" value="det"/>
		<feat xlink:href="#sSpan80" value="obl"/>
		<feat xlink:href="#sSpan81" value="nmod:unmarked"/>
		<feat xlink:href="#sSpan83" value="nmod:poss"/>
		<feat xlink:href="#sSpan84" value="mark"/>
		<feat xlink:href="#sSpan86" value="acl:relcl"/>
		<feat xlink:href="#sSpan87" value="appos"/>
		<feat xlink:href="#sSpan90" value="nsubj"/>
		<feat xlink:href="#sSpan93" value="det"/>
		<feat xlink:href="#sSpan95" value="appos"/>
		<feat xlink:href="#sSpan96" value="cc"/>
		<feat xlink:href="#sSpan98" value="det"/>
		<feat xlink:href="#sSpan100" value="conj"/>
		<feat xlink:href="#sSpan101" value="cc"/>
		<feat xlink:href="#sSpan103" value="case"/>
		<feat xlink:href="#sSpan105" value="advmod"/>
		<feat xlink:href="#sSpan107" value="fixed"/>
		<feat xlink:href="#sSpan109" value="det"/>
		<feat xlink:href="#sSpan111" value="conj"/>
		<feat xlink:href="#sSpan112" value="mark"/>
		<feat xlink:href="#sSpan114" value="advmod"/>
		<feat xlink:href="#sSpan115" value="nsubj"/>
		<feat xlink:href="#sSpan116" value="acl:relcl"/>
		<feat xlink:href="#sSpan117" value="advmod"/>
		<feat xlink:href="#sSpan119" value="nummod"/>
		<feat xlink:href="#sSpan121" value="nummod"/>
		<feat xlink:href="#sSpan123" value="det"/>
		<feat xlink:href="#sSpan125" value="conj"/>
		<feat xlink:href="#sSpan126" value="cc"/>
		<feat xlink:href="#sSpan128" value="det"/>
		<feat xlink:href="#sSpan129" value="conj"/>
		<feat xlink:href="#sSpan130" value="cc"/>
		<feat xlink:href="#sSpan133" value="case"/>
		<feat xlink:href="#sSpan135" value="det"/>
		<feat xlink:href="#sSpan137" value="obl"/>
		<feat xlink:href="#sSpan138" value="nmod:unmarked"/>
		<feat xlink:href="#sSpan140" value="nmod:poss"/>
		<feat xlink:href="#sSpan141" value="mark"/>
		<feat xlink:href="#sSpan143" value="acl:relcl"/>
		<feat xlink:href="#sSpan144" value="advmod"/>
		<feat xlink:href="#sSpan147" value="nsubj"/>
		<feat xlink:href="#sSpan150" value="det"/>
		<feat xlink:href="#sSpan153" value="root"/>
		<feat xlink:href="#sSpan154" value="cc"/>
		<feat xlink:href="#sSpan156" value="det"/>
		<feat xlink:href="#sSpan158" value="conj"/>
		<feat xlink:href="#sSpan159" value="case"/>
		<feat xlink:href="#sSpan162" value="fixed"/>
		<feat xlink:href="#sSpan164" value="det"/>
		<feat xlink:href="#sSpan166" value="nmod"/>
		<feat xlink:href="#sSpan167" value="mark"/>
		<feat xlink:href="#sSpan169" value="advmod"/>
		<feat xlink:href="#sSpan170" value="nsubj"/>
		<feat xlink:href="#sSpan171" value="acl:relcl"/>
		<feat xlink:href="#sSpan172" value="advmod"/>
		<feat xlink:href="#sSpan174" value="nummod"/>
		<feat xlink:href="#sSpan176" value="flat"/>
		<feat xlink:href="#sSpan179" value="det"/>
		<feat xlink:href="#sSpan182" value="conj"/>
		<feat xlink:href="#sSpan183" value="cc"/>
		<feat xlink:href="#sSpan185" value="det"/>
		<feat xlink:href="#sSpan187" value="conj"/>
		<feat xlink:href="#sSpan188" value="mark"/>
		<feat xlink:href="#sSpan190" value="acl:relcl"/>
		<feat xlink:href="#sSpan191" value="obj"/>
		<feat xlink:href="#sSpan192" value="case"/>
		<feat xlink:href="#sSpan194" value="det"/>
		<feat xlink:href="#sSpan196" value="obl"/>
		<feat xlink:href="#sSpan197" value="case"/>
		<feat xlink:href="#sSpan199" value="det"/>
		<feat xlink:href="#sSpan201" value="obl"/>
		<feat xlink:href="#sSpan202" value="advmod"/>
		<feat xlink:href="#sSpan205" value="advmod"/>
		<feat xlink:href="#sSpan207" value="det"/>
		<feat xlink:href="#sSpan210" value="nummod"/>
		<feat xlink:href="#sSpan211" value="case"/>
		<feat xlink:href="#sSpan213" value="obl"/>
		<feat xlink:href="#sSpan214" value="aux"/>
		<feat xlink:href="#sSpan216" value="nsubj"/>
		<feat xlink:href="#sSpan218" value="aux"/>
		<feat xlink:href="#sSpan219" value="root"/>
		<feat xlink:href="#sSpan221" value="case"/>
		<feat xlink:href="#sSpan223" value="det"/>
		<feat xlink:href="#sSpan225" value="obj"/>
		<feat xlink:href="#sSpan226" value="case"/>
		<feat xlink:href="#sSpan228" value="det"/>
		<feat xlink:href="#sSpan230" value="obl"/>
		<feat xlink:href="#sSpan231" value="case"/>
		<feat xlink:href="#sSpan233" value="nummod"/>
		<feat xlink:href="#sSpan235" value="case"/>
		<feat xlink:href="#sSpan237" value="obl"/>
		<feat xlink:href="#sSpan238" value="cc"/>
		<feat xlink:href="#sSpan240" value="det"/>
		<feat xlink:href="#sSpan242" value="conj"/>
		<feat xlink:href="#sSpan243" value="cc"/>
		<feat xlink:href="#sSpan245" value="nsubj"/>
		<feat xlink:href="#sSpan247" value="aux"/>
		<feat xlink:href="#sSpan248" value="conj"/>
		<feat xlink:href="#sSpan250" value="advmod"/>
		<feat xlink:href="#sSpan252" value="case"/>
		<feat xlink:href="#sSpan254" value="det"/>
		<feat xlink:href="#sSpan256" value="obj"/>
		<feat xlink:href="#sSpan257" value="nmod:unmarked"/>
		<feat xlink:href="#sSpan259" value="nmod:poss"/>
		<feat xlink:href="#sSpan260" value="mark"/>
		<feat xlink:href="#sSpan262" value="aux"/>
		<feat xlink:href="#sSpan263" value="nsubj"/>
		<feat xlink:href="#sSpan264" value="acl:relcl"/>
		<feat xlink:href="#sSpan265" value="obj"/>
		<feat xlink:href="#sSpan266" value="case"/>
		<feat xlink:href="#sSpan268" value="det"/>
		<feat xlink:href="#sSpan270" value="obl"/>
		<feat xlink:href="#sSpan271" value="aux"/>
		<feat xlink:href="#sSpan275" value="det"/>
		<feat xlink:href="#sSpan277" value="nsubj"/>
		<feat xlink:href="#sSpan278" value="advmod"/>
		<feat xlink:href="#sSpan280" value="root"/>
		<feat xlink:href="#sSpan283" value="case"/>
		<feat xlink:href="#sSpan285" value="obj"/>
		<feat xlink:href="#sSpan288" value="det"/>
		<feat xlink:href="#sSpan290" value="mark"/>
		<feat xlink:href="#sSpan292" value="aux"/>
		<feat xlink:href="#sSpan293" value="nsubj"/>
		<feat xlink:href="#sSpan294" value="acl:relcl"/>
		<feat xlink:href="#sSpan295" value="obj"/>
		<feat xlink:href="#sSpan296" value="case"/>
		<feat xlink:href="#sSpan298" value="obl"/>
		<feat xlink:href="#sSpan299" value="case"/>
		<feat xlink:href="#sSpan301" value="det"/>
		<feat xlink:href="#sSpan303" value="dislocated"/>
		<feat xlink:href="#sSpan304" value="dislocated"/>
		<feat xlink:href="#sSpan308" value="advmod"/>
		<feat xlink:href="#sSpan310" value="aux"/>
		<feat xlink:href="#sSpan312" value="nsubj"/>
		<feat xlink:href="#sSpan313" value="root"/>
		<feat xlink:href="#sSpan314" value="case"/>
		<feat xlink:href="#sSpan315" value="compound"/>
		<feat xlink:href="#sSpan317" value="case"/>
		<feat xlink:href="#sSpan319" value="nummod"/>
		<feat xlink:href="#sSpan320" value="case"/>
		<feat xlink:href="#sSpan322" value="obl"/>
		<feat xlink:href="#sSpan323" value="cc"/>
		<feat xlink:href="#sSpan325" value="det"/>
		<feat xlink:href="#sSpan328" value="nsubj"/>
		<feat xlink:href="#sSpan329" value="case"/>
		<feat xlink:href="#sSpan331" value="det"/>
		<feat xlink:href="#sSpan333" value="nmod"/>
		<feat xlink:href="#sSpan334" value="conj"/>
		<feat xlink:href="#sSpan337" value="case"/>
		<feat xlink:href="#sSpan339" value="det"/>
		<feat xlink:href="#sSpan341" value="obl"/>
		<feat xlink:href="#sSpan342" value="punct"/>
		<feat xlink:href="#sSpan345" value="det"/>
		<feat xlink:href="#sSpan347" value="nsubj"/>
		<feat xlink:href="#sSpan348" value="root"/>
		<feat xlink:href="#sSpan351" value="advmod"/>
		<feat xlink:href="#sSpan353" value="case"/>
		<feat xlink:href="#sSpan355" value="det"/>
		<feat xlink:href="#sSpan357" value="obl"/>
		<feat xlink:href="#sSpan358" value="cc"/>
		<feat xlink:href="#sSpan360" value="nmod:poss"/>
		<feat xlink:href="#sSpan362" value="conj"/>
		<feat xlink:href="#sSpan363" value="cc"/>
		<feat xlink:href="#sSpan365" value="nmod:poss"/>
		<feat xlink:href="#sSpan367" value="conj"/>
		<feat xlink:href="#sSpan368" value="cc"/>
		<feat xlink:href="#sSpan370" value="det"/>
		<feat xlink:href="#sSpan372" value="conj"/>
		<feat xlink:href="#sSpan373" value="case"/>
		<feat xlink:href="#sSpan375" value="nmod:poss"/>
		<feat xlink:href="#sSpan377" value="nmod"/>
		<feat xlink:href="#sSpan378" value="case"/>
		<feat xlink:href="#sSpan380" value="obl"/>
		<feat xlink:href="#sSpan381" value="case"/>
		<feat xlink:href="#sSpan383" value="det"/>
		<feat xlink:href="#sSpan385" value="obl"/>
		<feat xlink:href="#sSpan386" value="case"/>
		<feat xlink:href="#sSpan388" value="det"/>
		<feat xlink:href="#sSpan390" value="nmod"/>
		<feat xlink:href="#sSpan391" value="cc"/>
		<feat xlink:href="#sSpan394" value="case"/>
		<feat xlink:href="#sSpan397" value="fixed"/>
		<feat xlink:href="#sSpan399" value="det"/>
		<feat xlink:href="#sSpan401" value="root"/>
		<feat xlink:href="#sSpan402" value="nmod:unmarked"/>
		<feat xlink:href="#sSpan404" value="nmod:poss"/>
		<feat xlink:href="#sSpan405" value="mark"/>
		<feat xlink:href="#sSpan407" value="acl:relcl"/>
		<feat xlink:href="#sSpan408" value="cc"/>
		<feat xlink:href="#sSpan410" value="case"/>
		<feat xlink:href="#sSpan413" value="fixed"/>
		<feat xlink:href="#sSpan415" value="det"/>
		<feat xlink:href="#sSpan417" value="conj"/>
		<feat xlink:href="#sSpan418" value="mark"/>
		<feat xlink:href="#sSpan420" value="advmod"/>
		<feat xlink:href="#sSpan421" value="nsubj"/>
		<feat xlink:href="#sSpan422" value="acl:relcl"/>
		<feat xlink:href="#sSpan423" value="advmod"/>
		<feat xlink:href="#sSpan425" value="cc"/>
		<feat xlink:href="#sSpan427" value="case"/>
		<feat xlink:href="#sSpan430" value="fixed"/>
		<feat xlink:href="#sSpan432" value="det"/>
		<feat xlink:href="#sSpan434" value="conj"/>
		<feat xlink:href="#sSpan435" value="mark"/>
		<feat xlink:href="#sSpan437" value="advmod"/>
		<feat xlink:href="#sSpan438" value="nsubj"/>
		<feat xlink:href="#sSpan439" value="acl:relcl"/>
		<feat xlink:href="#sSpan440" value="advmod"/>
		<feat xlink:href="#sSpan442" value="cc"/>
		<feat xlink:href="#sSpan444" value="case"/>
		<feat xlink:href="#sSpan447" value="fixed"/>
		<feat xlink:href="#sSpan449" value="det"/>
		<feat xlink:href="#sSpan451" value="conj"/>
		<feat xlink:href="#sSpan452" value="nmod:unmarked"/>
		<feat xlink:href="#sSpan454" value="nmod:poss"/>
		<feat xlink:href="#sSpan455" value="mark"/>
		<feat xlink:href="#sSpan457" value="nsubj"/>
		<feat xlink:href="#sSpan458" value="case"/>
		<feat xlink:href="#sSpan459" value="det"/>
		<feat xlink:href="#sSpan462" value="acl:relcl"/>
		<feat xlink:href="#sSpan463" value="dislocated"/>
		<feat xlink:href="#sSpan467" value="advmod"/>
		<feat xlink:href="#sSpan470" value="aux"/>
		<feat xlink:href="#sSpan472" value="nsubj"/>
		<feat xlink:href="#sSpan473" value="root"/>
		<feat xlink:href="#sSpan475" value="advmod"/>
		<feat xlink:href="#sSpan477" value="case"/>
		<feat xlink:href="#sSpan479" value="det"/>
		<feat xlink:href="#sSpan481" value="obl"/>
		<feat xlink:href="#sSpan482" value="case"/>
		<feat xlink:href="#sSpan484" value="obl"/>
		<feat xlink:href="#sSpan486" value="det"/>
		<feat xlink:href="#sSpan488" value="appos"/>
		<feat xlink:href="#sSpan489" value="cc"/>
		<feat xlink:href="#sSpan491" value="det"/>
		<feat xlink:href="#sSpan493" value="conj"/>
		<feat xlink:href="#sSpan494" value="case"/>
		<feat xlink:href="#sSpan496" value="det"/>
		<feat xlink:href="#sSpan497" value="obl"/>
		<feat xlink:href="#sSpan498" value="mark"/>
		<feat xlink:href="#sSpan500" value="aux"/>
		<feat xlink:href="#sSpan501" value="det"/>
		<feat xlink:href="#sSpan503" value="nsubj"/>
		<feat xlink:href="#sSpan504" value="acl:relcl"/>
		<feat xlink:href="#sSpan506" value="case"/>
		<feat xlink:href="#sSpan508" value="obl"/>
		<feat xlink:href="#sSpan509" value="aux"/>
		<feat xlink:href="#sSpan513" value="nsubj"/>
		<feat xlink:href="#sSpan514" value="root"/>
		<feat xlink:href="#sSpan515" value="advmod"/>
		<feat xlink:href="#sSpan517" value="case"/>
		<feat xlink:href="#sSpan519" value="nummod"/>
		<feat xlink:href="#sSpan521" value="case"/>
		<feat xlink:href="#sSpan523" value="obl"/>
		<feat xlink:href="#sSpan524" value="aux"/>
		<feat xlink:href="#sSpan526" value="det"/>
		<feat xlink:href="#sSpan528" value="nsubj"/>
		<feat xlink:href="#sSpan529" value="case"/>
		<feat xlink:href="#sSpan531" value="det"/>
		<feat xlink:href="#sSpan533" value="nmod"/>
		<feat xlink:href="#sSpan534" value="parataxis"/>
		<feat xlink:href="#sSpan536" value="case"/>
		<feat xlink:href="#sSpan538" value="det"/>
		<feat xlink:href="#sSpan540" value="obl"/>
		<feat xlink:href="#sSpan541" value="case"/>
		<feat xlink:href="#sSpan544" value="det"/>
		<feat xlink:href="#sSpan546" value="compound"/>
		<feat xlink:href="#sSpan547" value="case"/>
		<feat xlink:href="#sSpan549" value="nummod"/>
		<feat xlink:href="#sSpan550" value="case"/>
		<feat xlink:href="#sSpan552" value="obl"/>
		<feat xlink:href="#sSpan553" value="case"/>
		<feat xlink:href="#sSpan555" value="det"/>
		<feat xlink:href="#sSpan557" value="nummod"/>
		<feat xlink:href="#sSpan559" value="case"/>
		<feat xlink:href="#sSpan561" value="nmod"/>
		<feat xlink:href="#sSpan563" value="case"/>
		<feat xlink:href="#sSpan565" value="det"/>
		<feat xlink:href="#sSpan568" value="nummod"/>
		<feat xlink:href="#sSpan570" value="case"/>
		<feat xlink:href="#sSpan572" value="nmod"/>
		<feat xlink:href="#sSpan573" value="case"/>
		<feat xlink:href="#sSpan575" value="compound"/>
		<feat xlink:href="#sSpan577" value="compound"/>
		<feat xlink:href="#sSpan578" value="nummod"/>
		<feat xlink:href="#sSpan580" value="case"/>
		<feat xlink:href="#sSpan582" value="det"/>
		<feat xlink:href="#sSpan583" value="obl"/>
		<feat xlink:href="#sSpan584" value="advmod"/>
		<feat xlink:href="#sSpan587" value="case"/>
		<feat xlink:href="#sSpan589" value="det"/>
		<feat xlink:href="#sSpan591" value="obl"/>
		<feat xlink:href="#sSpan592" value="mark"/>
		<feat xlink:href="#sSpan594" value="acl:relcl"/>
		<feat xlink:href="#sSpan595" value="aux"/>
		<feat xlink:href="#sSpan597" value="nsubj"/>
		<feat xlink:href="#sSpan598" value="root"/>
		<feat xlink:href="#sSpan599" value="case"/>
		<feat xlink:href="#sSpan601" value="det"/>
		<feat xlink:href="#sSpan603" value="dislocated"/>
		<feat xlink:href="#sSpan604" value="case"/>
		<feat xlink:href="#sSpan606" value="det"/>
		<feat xlink:href="#sSpan608" value="nmod"/>
		<feat xlink:href="#sSpan609" value="cc"/>
		<feat xlink:href="#sSpan611" value="det"/>
		<feat xlink:href="#sSpan614" value="conj"/>
		<feat xlink:href="#sSpan615" value="case"/>
		<feat xlink:href="#sSpan617" value="det"/>
		<feat xlink:href="#sSpan619" value="nmod"/>
		<feat xlink:href="#sSpan620" value="aux"/>
		<feat xlink:href="#sSpan622" value="nsubj"/>
		<feat xlink:href="#sSpan623" value="conj"/>
		<feat xlink:href="#sSpan624" value="aux"/>
		<feat xlink:href="#sSpan628" value="nsubj"/>
		<feat xlink:href="#sSpan629" value="root"/>
		<feat xlink:href="#sSpan630" value="case"/>
		<feat xlink:href="#sSpan632" value="det"/>
		<feat xlink:href="#sSpan634" value="dislocated"/>
		<feat xlink:href="#sSpan635" value="case"/>
		<feat xlink:href="#sSpan637" value="det"/>
		<feat xlink:href="#sSpan639" value="obl"/>
		<feat xlink:href="#sSpan640" value="case"/>
		<feat xlink:href="#sSpan642" value="nummod"/>
		<feat xlink:href="#sSpan644" value="case"/>
		<feat xlink:href="#sSpan646" value="obl"/>
		<feat xlink:href="#sSpan647" value="cc"/>
		<feat xlink:href="#sSpan649" value="nummod"/>
		<feat xlink:href="#sSpan651" value="case"/>
		<feat xlink:href="#sSpan653" value="conj"/>
		<feat xlink:href="#sSpan654" value="advmod"/>
		<feat xlink:href="#sSpan657" value="advmod"/>
		<feat xlink:href="#sSpan659" value="case"/>
		<feat xlink:href="#sSpan661" value="det"/>
		<feat xlink:href="#sSpan663" value="obl"/>
		<feat xlink:href="#sSpan664" value="aux"/>
		<feat xlink:href="#sSpan666" value="det"/>
		<feat xlink:href="#sSpan668" value="nsubj"/>
		<feat xlink:href="#sSpan669" value="root"/>
		<feat xlink:href="#sSpan672" value="advmod"/>
		<feat xlink:href="#sSpan674" value="case"/>
		<feat xlink:href="#sSpan676" value="det"/>
		<feat xlink:href="#sSpan678" value="obl"/>
		<feat xlink:href="#sSpan679" value="cc"/>
		<feat xlink:href="#sSpan681" value="nmod:poss"/>
		<feat xlink:href="#sSpan683" value="conj"/>
		<feat xlink:href="#sSpan684" value="nummod"/>
		<feat xlink:href="#sSpan686" value="appos"/>
		<feat xlink:href="#sSpan688" value="appos"/>
		<feat xlink:href="#sSpan690" value="cc"/>
		<feat xlink:href="#sSpan692" value="det"/>
		<feat xlink:href="#sSpan694" value="conj"/>
		<feat xlink:href="#sSpan695" value="case"/>
		<feat xlink:href="#sSpan697" value="nmod"/>
		<feat xlink:href="#sSpan699" value="cc"/>
		<feat xlink:href="#sSpan701" value="det"/>
		<feat xlink:href="#sSpan703" value="compound"/>
		<feat xlink:href="#sSpan704" value="case"/>
		<feat xlink:href="#sSpan706" value="conj"/>
		<feat xlink:href="#sSpan707" value="case"/>
		<feat xlink:href="#sSpan709" value="nmod:poss"/>
		<feat xlink:href="#sSpan711" value="nmod"/>
		<feat xlink:href="#sSpan712" value="case"/>
		<feat xlink:href="#sSpan714" value="nmod"/>
		<feat xlink:href="#sSpan715" value="case"/>
		<feat xlink:href="#sSpan717" value="det"/>
		<feat xlink:href="#sSpan719" value="nmod"/>
		<feat xlink:href="#sSpan720" value="case"/>
		<feat xlink:href="#sSpan723" value="det"/>
		<feat xlink:href="#sSpan725" value="root"/>
		<feat xlink:href="#sSpan726" value="nmod:unmarked"/>
		<feat xlink:href="#sSpan728" value="nmod:poss"/>
		<feat xlink:href="#sSpan729" value="case"/>
		<feat xlink:href="#sSpan731" value="nmod"/>
		<feat xlink:href="#sSpan733" value="cc"/>
		<feat xlink:href="#sSpan735" value="det"/>
		<feat xlink:href="#sSpan738" value="conj"/>
		<feat xlink:href="#sSpan739" value="case"/>
		<feat xlink:href="#sSpan741" value="nmod"/>
		<feat xlink:href="#sSpan743" value="cc"/>
		<feat xlink:href="#sSpan745" value="conj"/>
		<feat xlink:href="#sSpan747" value="det"/>
		<feat xlink:href="#sSpan749" value="mark"/>
		<feat xlink:href="#sSpan751" value="acl:relcl"/>
		<feat xlink:href="#sSpan752" value="case"/>
		<feat xlink:href="#sSpan754" value="det"/>
		<feat xlink:href="#sSpan756" value="obl"/>
		<feat xlink:href="#sSpan757" value="case"/>
		<feat xlink:href="#sSpan759" value="nmod:poss"/>
		<feat xlink:href="#sSpan761" value="obl"/>
		<feat xlink:href="#sSpan762" value="cc"/>
		<feat xlink:href="#sSpan764" value="conj"/>
		<feat xlink:href="#sSpan767" value="det"/>
		<feat xlink:href="#sSpan769" value="case"/>
		<feat xlink:href="#sSpan771" value="det"/>
		<feat xlink:href="#sSpan773" value="acl:relcl"/>
		<feat xlink:href="#sSpan774" value="case"/>
		<feat xlink:href="#sSpan776" value="nmod"/>
		<feat xlink:href="#sSpan778" value="aux"/>
		<feat xlink:href="#sSpan781" value="nsubj"/>
		<feat xlink:href="#sSpan782" value="root"/>
		<feat xlink:href="#sSpan784" value="advmod"/>
		<feat xlink:href="#sSpan786" value="case"/>
		<feat xlink:href="#sSpan788" value="obl"/>
		<feat xlink:href="#sSpan790" value="case"/>
		<feat xlink:href="#sSpan792" value="det"/>
		<feat xlink:href="#sSpan794" value="obl"/>
		<feat xlink:href="#sSpan795" value="nummod"/>
		<feat xlink:href="#sSpan797" value="nummod"/>
		<feat xlink:href="#sSpan800" value="case"/>
		<feat xlink:href="#sSpan803" value="fixed"/>
		<feat xlink:href="#sSpan805" value="obl"/>
		<feat xlink:href="#sSpan806" value="det"/>
		<feat xlink:href="#sSpan808" value="appos"/>
		<feat xlink:href="#sSpan810" value="mark"/>
		<feat xlink:href="#sSpan812" value="acl:relcl"/>
		<feat xlink:href="#sSpan813" value="det"/>
		<feat xlink:href="#sSpan816" value="nsubj"/>
		<feat xlink:href="#sSpan817" value="case"/>
		<feat xlink:href="#sSpan819" value="nmod"/>
		<feat xlink:href="#sSpan821" value="case"/>
		<feat xlink:href="#sSpan823" value="obl"/>
		<feat xlink:href="#sSpan824" value="cc"/>
		<feat xlink:href="#sSpan827" value="dislocated"/>
		<feat xlink:href="#sSpan830" value="mark"/>
		<feat xlink:href="#sSpan831" value="acl:relcl"/>
		<feat xlink:href="#sSpan833" value="advmod"/>
		<feat xlink:href="#sSpan835" value="det"/>
		<feat xlink:href="#sSpan838" value="obl"/>
		<feat xlink:href="#sSpan839" value="cc"/>
		<feat xlink:href="#sSpan841" value="det"/>
		<feat xlink:href="#sSpan843" value="conj"/>
		<feat xlink:href="#sSpan844" value="case"/>
		<feat xlink:href="#sSpan847" value="fixed"/>
		<feat xlink:href="#sSpan849" value="obl"/>
		<feat xlink:href="#sSpan851" value="det"/>
		<feat xlink:href="#sSpan853" value="aux"/>
		<feat xlink:href="#sSpan855" value="nsubj"/>
		<feat xlink:href="#sSpan856" value="root"/>
		<feat xlink:href="#sSpan858" value="advmod"/>
		<feat xlink:href="#sSpan860" value="case"/>
		<feat xlink:href="#sSpan862" value="det"/>
		<feat xlink:href="#sSpan863" value="obl"/>
		<feat xlink:href="#sSpan864" value="mark"/>
		<feat xlink:href="#sSpan866" value="aux"/>
		<feat xlink:href="#sSpan867" value="det"/>
		<feat xlink:href="#sSpan869" value="nsubj"/>
		<feat xlink:href="#sSpan870" value="acl:relcl"/>
		<feat xlink:href="#sSpan872" value="case"/>
		<feat xlink:href="#sSpan874" value="obl"/>
		<feat xlink:href="#sSpan875" value="case"/>
		<feat xlink:href="#sSpan877" value="obl"/>
		<feat xlink:href="#sSpan879" value="aux"/>
		<feat xlink:href="#sSpan881" value="det"/>
		<feat xlink:href="#sSpan883" value="nsubj"/>
		<feat xlink:href="#sSpan884" value="det"/>
		<feat xlink:href="#sSpan886" value="appos"/>
		<feat xlink:href="#sSpan887" value="parataxis"/>
		<feat xlink:href="#sSpan889" value="nsubj"/>
		<feat xlink:href="#sSpan891" value="xcomp"/>
		<feat xlink:href="#sSpan893" value="case"/>
		<feat xlink:href="#sSpan895" value="obl"/>
		<feat xlink:href="#sSpan896" value="cc"/>
		<feat xlink:href="#sSpan899" value="aux"/>
		<feat xlink:href="#sSpan901" value="nsubj"/>
		<feat xlink:href="#sSpan902" value="root"/>
		<feat xlink:href="#sSpan903" value="case"/>
		<feat xlink:href="#sSpan905" value="det"/>
		<feat xlink:href="#sSpan907" value="dislocated"/>
		<feat xlink:href="#sSpan908" value="case"/>
		<feat xlink:href="#sSpan910" value="nummod"/>
		<feat xlink:href="#sSpan912" value="case"/>
		<feat xlink:href="#sSpan914" value="obl"/>
		<feat xlink:href="#sSpan915" value="cc"/>
		<feat xlink:href="#sSpan917" value="nummod"/>
		<feat xlink:href="#sSpan919" value="case"/>
		<feat xlink:href="#sSpan921" value="conj"/>
		<feat xlink:href="#sSpan922" value="case"/>
		<feat xlink:href="#sSpan924" value="fixed"/>
		<feat xlink:href="#sSpan926" value="det"/>
		<feat xlink:href="#sSpan928" value="obl"/>
		<feat xlink:href="#sSpan929" value="cc"/>
		<feat xlink:href="#sSpan931" value="aux"/>
		<feat xlink:href="#sSpan933" value="nsubj"/>
		<feat xlink:href="#sSpan934" value="conj"/>
		<feat xlink:href="#sSpan935" value="case"/>
		<feat xlink:href="#sSpan937" value="det"/>
		<feat xlink:href="#sSpan939" value="dislocated"/>
		<feat xlink:href="#sSpan940" value="aux"/>
		<feat xlink:href="#sSpan942" value="nsubj"/>
		<feat xlink:href="#sSpan943" value="parataxis"/>
		<feat xlink:href="#sSpan944" value="advmod"/>
		<feat xlink:href="#sSpan946" value="case"/>
		<feat xlink:href="#sSpan948" value="det"/>
		<feat xlink:href="#sSpan950" value="obj"/>
		<feat xlink:href="#sSpan951" value="cc"/>
		<feat xlink:href="#sSpan953" value="aux"/>
		<feat xlink:href="#sSpan955" value="nsubj"/>
		<feat xlink:href="#sSpan956" value="conj"/>
		<feat xlink:href="#sSpan957" value="case"/>
		<feat xlink:href="#sSpan959" value="det"/>
		<feat xlink:href="#sSpan961" value="obl"/>
		<feat xlink:href="#sSpan962" value="aux"/>
		<feat xlink:href="#sSpan966" value="nsubj"/>
		<feat xlink:href="#sSpan967" value="root"/>
		<feat xlink:href="#sSpan968" value="case"/>
		<feat xlink:href="#sSpan970" value="det"/>
		<feat xlink:href="#sSpan972" value="dislocated"/>
		<feat xlink:href="#sSpan973" value="cc"/>
		<feat xlink:href="#sSpan975" value="aux"/>
		<feat xlink:href="#sSpan977" value="nsubj"/>
		<feat xlink:href="#sSpan978" value="conj"/>
		<feat xlink:href="#sSpan979" value="advmod"/>
		<feat xlink:href="#sSpan981" value="case"/>
		<feat xlink:href="#sSpan983" value="det"/>
		<feat xlink:href="#sSpan985" value="obl"/>
		<feat xlink:href="#sSpan986" value="det"/>
		<feat xlink:href="#sSpan989" value="dislocated"/>
		<feat xlink:href="#sSpan990" value="advmod"/>
		<feat xlink:href="#sSpan992" value="aux"/>
		<feat xlink:href="#sSpan994" value="nsubj"/>
		<feat xlink:href="#sSpan995" value="parataxis"/>
		<feat xlink:href="#sSpan996" value="cop"/>
		<feat xlink:href="#sSpan998" value="case"/>
		<feat xlink:href="#sSpan1000" value="det"/>
		<feat xlink:href="#sSpan1002" value="obl"/>
		<feat xlink:href="#sSpan1003" value="det"/>
		<feat xlink:href="#sSpan1007" value="dislocated"/>
		<feat xlink:href="#sSpan1008" value="advmod"/>
		<feat xlink:href="#sSpan1010" value="aux"/>
		<feat xlink:href="#sSpan1012" value="nsubj"/>
		<feat xlink:href="#sSpan1013" value="root"/>
		<feat xlink:href="#sSpan1014" value="advmod"/>
		<feat xlink:href="#sSpan1016" value="advmod"/>
		<feat xlink:href="#sSpan1018" value="case"/>
		<feat xlink:href="#sSpan1020" value="det"/>
		<feat xlink:href="#sSpan1022" value="obl"/>
		<feat xlink:href="#sSpan1023" value="cc"/>
		<feat xlink:href="#sSpan1025" value="aux"/>
		<feat xlink:href="#sSpan1027" value="nsubj"/>
		<feat xlink:href="#sSpan1028" value="conj"/>
		<feat xlink:href="#sSpan1029" value="dislocated"/>
		<feat xlink:href="#sSpan1031" value="det"/>
		<feat xlink:href="#sSpan1033" value="mark"/>
		<feat xlink:href="#sSpan1035" value="acl:relcl"/>
		<feat xlink:href="#sSpan1036" value="cc"/>
		<feat xlink:href="#sSpan1038" value="mark"/>
		<feat xlink:href="#sSpan1040" value="conj"/>
		<feat xlink:href="#sSpan1041" value="case"/>
		<feat xlink:href="#sSpan1043" value="det"/>
		<feat xlink:href="#sSpan1045" value="obl"/>
		<feat xlink:href="#sSpan1046" value="aux"/>
		<feat xlink:href="#sSpan1049" value="det"/>
		<feat xlink:href="#sSpan1051" value="nsubj"/>
		<feat xlink:href="#sSpan1052" value="advmod"/>
		<feat xlink:href="#sSpan1054" value="root"/>
		<feat xlink:href="#sSpan1056" value="case"/>
		<feat xlink:href="#sSpan1058" value="obl"/>
		<feat xlink:href="#sSpan1059" value="nummod"/>
		<feat xlink:href="#sSpan1062" value="det"/>
		<feat xlink:href="#sSpan1064" value="obl"/>
		<feat xlink:href="#sSpan1065" value="cc"/>
		<feat xlink:href="#sSpan1067" value="aux"/>
		<feat xlink:href="#sSpan1069" value="nsubj"/>
		<feat xlink:href="#sSpan1070" value="conj"/>
		<feat xlink:href="#sSpan1071" value="case"/>
		<feat xlink:href="#sSpan1073" value="det"/>
		<feat xlink:href="#sSpan1075" value="obj"/>
		<feat xlink:href="#sSpan1076" value="nmod:unmarked"/>
		<feat xlink:href="#sSpan1078" value="nmod:poss"/>
		<feat xlink:href="#sSpan1079" value="aux"/>
		<feat xlink:href="#sSpan1083" value="nsubj"/>
		<feat xlink:href="#sSpan1084" value="root"/>
		<feat xlink:href="#sSpan1085" value="case"/>
		<feat xlink:href="#sSpan1087" value="dislocated"/>
		<feat xlink:href="#sSpan1089" value="det"/>
		<feat xlink:href="#sSpan1091" value="mark"/>
		<feat xlink:href="#sSpan1093" value="acl:relcl"/>
		<feat xlink:href="#sSpan1094" value="case"/>
		<feat xlink:href="#sSpan1096" value="det"/>
		<feat xlink:href="#sSpan1098" value="obl"/>
		<feat xlink:href="#sSpan1099" value="det"/>
		<feat xlink:href="#sSpan1101" value="appos"/>
		<feat xlink:href="#sSpan1102" value="cc"/>
		<feat xlink:href="#sSpan1104" value="det"/>
		<feat xlink:href="#sSpan1106" value="conj"/>
		<feat xlink:href="#sSpan1107" value="cc"/>
		<feat xlink:href="#sSpan1109" value="det"/>
		<feat xlink:href="#sSpan1111" value="conj"/>
		<feat xlink:href="#sSpan1112" value="cc"/>
		<feat xlink:href="#sSpan1114" value="conj"/>
		<feat xlink:href="#sSpan1116" value="det"/>
		<feat xlink:href="#sSpan1118" value="mark"/>
		<feat xlink:href="#sSpan1120" value="acl:relcl"/>
		<feat xlink:href="#sSpan1121" value="case"/>
		<feat xlink:href="#sSpan1123" value="det"/>
		<feat xlink:href="#sSpan1125" value="obl"/>
		<feat xlink:href="#sSpan1126" value="cc"/>
		<feat xlink:href="#sSpan1128" value="det"/>
		<feat xlink:href="#sSpan1130" value="conj"/>
		<feat xlink:href="#sSpan1131" value="case"/>
		<feat xlink:href="#sSpan1135" value="dislocated"/>
		<feat xlink:href="#sSpan1137" value="det"/>
		<feat xlink:href="#sSpan1139" value="mark"/>
		<feat xlink:href="#sSpan1141" value="acl:relcl"/>
		<feat xlink:href="#sSpan1142" value="nsubj"/>
		<feat xlink:href="#sSpan1144" value="det"/>
		<feat xlink:href="#sSpan1147" value="nmod"/>
		<feat xlink:href="#sSpan1148" value="case"/>
		<feat xlink:href="#sSpan1150" value="obl"/>
		<feat xlink:href="#sSpan1151" value="cc"/>
		<feat xlink:href="#sSpan1153" value="dislocated"/>
		<feat xlink:href="#sSpan1157" value="det"/>
		<feat xlink:href="#sSpan1159" value="mark"/>
		<feat xlink:href="#sSpan1161" value="case"/>
		<feat xlink:href="#sSpan1162" value="acl:relcl"/>
		<feat xlink:href="#sSpan1164" value="mark"/>
		<feat xlink:href="#sSpan1165" value="acl:relcl"/>
		<feat xlink:href="#sSpan1166" value="obj"/>
		<feat xlink:href="#sSpan1167" value="aux"/>
		<feat xlink:href="#sSpan1169" value="nsubj"/>
		<feat xlink:href="#sSpan1170" value="root"/>
		<feat xlink:href="#sSpan1171" value="cc"/>
		<feat xlink:href="#sSpan1174" value="aux"/>
		<feat xlink:href="#sSpan1176" value="nsubj"/>
		<feat xlink:href="#sSpan1177" value="root"/>
		<feat xlink:href="#sSpan1179" value="advmod"/>
		<feat xlink:href="#sSpan1181" value="case"/>
		<feat xlink:href="#sSpan1183" value="det"/>
		<feat xlink:href="#sSpan1185" value="obj"/>
		<feat xlink:href="#sSpan1186" value="nmod:unmarked"/>
		<feat xlink:href="#sSpan1188" value="nmod:poss"/>
		<feat xlink:href="#sSpan1189" value="aux"/>
		<feat xlink:href="#sSpan1191" value="nsubj"/>
		<feat xlink:href="#sSpan1192" value="parataxis"/>
		<feat xlink:href="#sSpan1193" value="case"/>
		<feat xlink:href="#sSpan1195" value="det"/>
		<feat xlink:href="#sSpan1197" value="obl"/>
		<feat xlink:href="#sSpan1198" value="case"/>
		<feat xlink:href="#sSpan1200" value="det"/>
		<feat xlink:href="#sSpan1202" value="nmod"/>
		<feat xlink:href="#sSpan1203" value="case"/>
		<feat xlink:href="#sSpan1205" value="det"/>
		<feat xlink:href="#sSpan1207" value="obl"/>
		<feat xlink:href="#sSpan1208" value="case"/>
		<feat xlink:href="#sSpan1210" value="det"/>
		<feat xlink:href="#sSpan1212" value="obl"/>
		<feat xlink:href="#sSpan1213" value="cc"/>
		<feat xlink:href="#sSpan1215" value="det"/>
		<feat xlink:href="#sSpan1217" value="conj"/>
		<feat xlink:href="#sSpan1218" value="cc"/>
		<feat xlink:href="#sSpan1220" value="det"/>
		<feat xlink:href="#sSpan1223" value="conj"/>
		<feat xlink:href="#sSpan1224" value="case"/>
		<feat xlink:href="#sSpan1226" value="det"/>
		<feat xlink:href="#sSpan1228" value="nmod"/>
		<feat xlink:href="#sSpan1229" value="aux"/>
		<feat xlink:href="#sSpan1231" value="nsubj"/>
		<feat xlink:href="#sSpan1232" value="conj"/>
		<feat xlink:href="#sSpan1234" value="advmod"/>
		<feat xlink:href="#sSpan1236" value="case"/>
		<feat xlink:href="#sSpan1238" value="det"/>
		<feat xlink:href="#sSpan1240" value="obl"/>
		<feat xlink:href="#sSpan1241" value="aux"/>
		<feat xlink:href="#sSpan1243" value="nsubj"/>
		<feat xlink:href="#sSpan1244" value="parataxis"/>
		<feat xlink:href="#sSpan1245" value="case"/>
		<feat xlink:href="#sSpan1247" value="dislocated"/>
		<feat xlink:href="#sSpan1249" value="nmod:unmarked"/>
		<feat xlink:href="#sSpan1251" value="nmod:poss"/>
		<feat xlink:href="#sSpan1252" value="cc"/>
		<feat xlink:href="#sSpan1254" value="conj"/>
		<feat xlink:href="#sSpan1256" value="mark"/>
		<feat xlink:href="#sSpan1257" value="case"/>
		<feat xlink:href="#sSpan1258" value="acl:relcl"/>
		<feat xlink:href="#sSpan1259" value="case"/>
		<feat xlink:href="#sSpan1261" value="det"/>
		<feat xlink:href="#sSpan1263" value="nmod"/>
		<feat xlink:href="#sSpan1264" value="cc"/>
		<feat xlink:href="#sSpan1267" value="aux"/>
		<feat xlink:href="#sSpan1269" value="nsubj"/>
		<feat xlink:href="#sSpan1270" value="root"/>
		<feat xlink:href="#sSpan1271" value="advmod"/>
		<feat xlink:href="#sSpan1273" value="case"/>
		<feat xlink:href="#sSpan1275" value="det"/>
		<feat xlink:href="#sSpan1277" value="dislocated"/>
		<feat xlink:href="#sSpan1278" value="case"/>
		<feat xlink:href="#sSpan1280" value="det"/>
		<feat xlink:href="#sSpan1282" value="obl"/>
		<feat xlink:href="#sSpan1283" value="case"/>
		<feat xlink:href="#sSpan1285" value="nummod"/>
		<feat xlink:href="#sSpan1288" value="case"/>
		<feat xlink:href="#sSpan1290" value="nmod"/></featList></paula>