<?xml version='1.0' encoding='UTF-8'?><!DOCTYPE paula SYSTEM "paula_feat.dtd">
<paula version="1.1">
	<header paula_id="scriptorium.shenoute.dirt.GL75-76.mark_lemma"/>
	<featList xmlns:xlink="http://www.w3.org/1999/xlink" type="lemma" xml:base="scriptorium.shenoute.dirt.GL75-76.mark.xml">
		<feat xlink:href="#sSpan1" value="ⲡⲁⲓ"/>
		<feat xlink:href="#sSpan12" value="ⲡⲉ"/>
		<feat xlink:href="#sSpan16" value="ⲡ"/>
		<feat xlink:href="#sSpan21" value="ⲡⲩⲗⲏ"/>
		<feat xlink:href="#sSpan23" value="ⲛ"/>
		<feat xlink:href="#sSpan28" value="ⲡ"/>
		<feat xlink:href="#sSpan30" value="ⲡⲉ"/>
		<feat xlink:href="#sSpan32" value="·"/>
		<feat xlink:href="#sSpan38" value="ⲉⲡⲉⲓⲇⲏ"/>
		<feat xlink:href="#sSpan46" value="ⲙⲛ"/>
		<feat xlink:href="#sSpan50" value="ⲡ"/>
		<feat xlink:href="#sSpan52" value="ϩⲉ"/>
		<feat xlink:href="#sSpan54" value="ⲛ"/>
		<feat xlink:href="#sSpan58" value="ⲃⲱⲕ"/>
		<feat xlink:href="#sSpan62" value="ⲉ"/>
		<feat xlink:href="#sSpan66" value="ⲡ"/>
		<feat xlink:href="#sSpan68" value="ⲡⲉ"/>
		<feat xlink:href="#sSpan70" value="·"/>
		<feat xlink:href="#sSpan74" value="ⲛ"/>
		<feat xlink:href="#sSpan78" value="ⲕⲉ"/>
		<feat xlink:href="#sSpan80" value="ⲥⲙⲟⲧ"/>
		<feat xlink:href="#sSpan83" value="·"/>
		<feat xlink:href="#sSpan88" value="ⲉⲓⲙⲏⲧⲉⲓ"/>
		<feat xlink:href="#sSpan92" value="ⲉⲃⲟⲗ"/>
		<feat xlink:href="#sSpan97" value="ϩⲓⲧⲛ"/>
		<feat xlink:href="#sSpan101" value="ⲡ"/>
		<feat xlink:href="#sSpan104" value="ⲉⲕⲕⲗⲏⲥⲓⲁ"/>
		<feat xlink:href="#sSpan107" value="·"/>
		<feat xlink:href="#sSpan111" value="ⲙⲁⲩⲁⲁ"/>
		<feat xlink:href="#sSpan115" value="ⲛⲧⲟⲥ"/>
		<feat xlink:href="#sSpan117" value="ⲡⲁⲓ"/>
		<feat xlink:href="#sSpan122" value="ⲉⲧⲉⲣⲉ"/>
		<feat xlink:href="#sSpan126" value="ⲡ"/>
		<feat xlink:href="#sSpan128" value="ⲛⲟⲩⲧⲉ"/>
		<feat xlink:href="#sSpan130" value="ϩⲱⲛ"/>
		<feat xlink:href="#sSpan135" value="·"/>
		<feat xlink:href="#sSpan139" value="ⲉ"/>
		<feat xlink:href="#sSpan144" value="ⲣϩⲟⲧⲉ"/>
		<feat xlink:href="#sSpan147" value="ϩⲏⲧ"/>
		<feat xlink:href="#sSpan151" value="ⲛⲧⲟⲥ"/>
		<feat xlink:href="#sSpan153" value="ⲁⲩⲱ"/>
		<feat xlink:href="#sSpan158" value="ⲉ"/>
		<feat xlink:href="#sSpan162" value="ⲛⲟⲩϫⲉ"/>
		<feat xlink:href="#sSpan164" value="·"/>
		<feat xlink:href="#sSpan168" value="ⲉⲃⲟⲗ"/>
		<feat xlink:href="#sSpan173" value="ϩⲛ"/>
		<feat xlink:href="#sSpan177" value="ⲛⲧⲟⲥ"/>
		<feat xlink:href="#sSpan179" value="ⲛ"/>
		<feat xlink:href="#sSpan183" value="ⲡ"/>
		<feat xlink:href="#sSpan185" value="ⲉⲧⲉⲣⲉ"/>
		<feat xlink:href="#sSpan188" value="ⲉⲓⲣⲉ"/>
		<feat xlink:href="#sSpan190" value="ⲛⲟⲃⲉ"/>
		<feat xlink:href="#sSpan193" value="ⲛⲧⲟϥ"/>
		<feat xlink:href="#sSpan203" value="ⲁⲅⲁⲛⲁⲕⲧⲉⲓ"/>
		<feat xlink:href="#sSpan206" value="ⲅⲁⲣ"/>
		<feat xlink:href="#sSpan210" value="ⲛ"/>
		<feat xlink:href="#sSpan215" value="ⲟⲩⲟⲉⲓϣ"/>
		<feat xlink:href="#sSpan217" value="ⲛⲓⲙ"/>
		<feat xlink:href="#sSpan221" value="ⲉⲣⲉ"/>
		<feat xlink:href="#sSpan226" value="ⲛⲧⲟϥ"/>
		<feat xlink:href="#sSpan228" value="ϫⲱ"/>
		<feat xlink:href="#sSpan230" value="ⲛ"/>
		<feat xlink:href="#sSpan234" value="ⲛⲧⲟⲥ"/>
		<feat xlink:href="#sSpan236" value="ϫⲉ"/>
		<feat xlink:href="#sSpan240" value="ⲡ"/>
		<feat xlink:href="#sSpan243" value="ϣⲃⲏⲣ"/>
		<feat xlink:href="#sSpan245" value="ⲛ"/>
		<feat xlink:href="#sSpan249" value="ⲁϣ"/>
		<feat xlink:href="#sSpan251" value="ⲛ"/>
		<feat xlink:href="#sSpan256" value="ϩⲉ"/>
		<feat xlink:href="#sSpan258" value="·"/>
		<feat xlink:href="#sSpan262" value="ⲁ"/>
		<feat xlink:href="#sSpan266" value="ⲛⲧⲟⲕ"/>
		<feat xlink:href="#sSpan268" value="ⲉⲓ"/>
		<feat xlink:href="#sSpan271" value="ⲉϩⲟⲩⲛ"/>
		<feat xlink:href="#sSpan275" value="·"/>
		<feat xlink:href="#sSpan279" value="ⲉ"/>
		<feat xlink:href="#sSpan283" value="ⲡⲉⲓ"/>
		<feat xlink:href="#sSpan286" value="ⲙⲁ"/>
		<feat xlink:href="#sSpan288" value="·"/>
		<feat xlink:href="#sSpan292" value="ⲉⲣⲉ"/>
		<feat xlink:href="#sSpan296" value="ⲙⲛ"/>
		<feat xlink:href="#sSpan298" value="ϩⲃⲥⲱ"/>
		<feat xlink:href="#sSpan300" value="ⲛ"/>
		<feat xlink:href="#sSpan305" value="ⲙⲁ"/>
		<feat xlink:href="#sSpan307" value="ⲛ"/>
		<feat xlink:href="#sSpan311" value="ϣⲉⲗⲉⲉⲧ"/>
		<feat xlink:href="#sSpan313" value="ϩⲓ"/>
		<feat xlink:href="#sSpan318" value="ⲛⲧⲟⲕ"/>
		<feat xlink:href="#sSpan321" value="ⲛⲉⲣⲉ"/>
		<feat xlink:href="#sSpan329" value="ⲡⲉⲓ"/>
		<feat xlink:href="#sSpan331" value="ⲥⲙⲏ"/>
		<feat xlink:href="#sSpan334" value="ⲁⲡⲉⲓⲗⲏ"/>
		<feat xlink:href="#sSpan339" value="ⲁⲛ"/>
		<feat xlink:href="#sSpan343" value="·"/>
		<feat xlink:href="#sSpan347" value="ⲉϩⲟⲩⲛ"/>
		<feat xlink:href="#sSpan351" value="ⲉ"/>
		<feat xlink:href="#sSpan355" value="ⲁⲛⲟⲛ"/>
		<feat xlink:href="#sSpan357" value="ϩⲛ"/>
		<feat xlink:href="#sSpan362" value="ⲟⲩ"/>
		<feat xlink:href="#sSpan365" value="ⲟⲣⲅⲏ"/>
		<feat xlink:href="#sSpan367" value="·"/>
		<feat xlink:href="#sSpan371" value="ⲉⲧⲃⲉ"/>
		<feat xlink:href="#sSpan375" value="ⲡ"/>
		<feat xlink:href="#sSpan380" value="ⲙⲁ"/>
		<feat xlink:href="#sSpan382" value="·"/>
		<feat xlink:href="#sSpan386" value="ⲉⲧⲉⲣⲉ"/>
		<feat xlink:href="#sSpan390" value="ⲁⲛⲟⲛ"/>
		<feat xlink:href="#sSpan392" value="ⲛⲁ"/>
		<feat xlink:href="#sSpan394" value="ⲃⲱⲕ"/>
		<feat xlink:href="#sSpan396" value="ⲉ"/>
		<feat xlink:href="#sSpan401" value="ⲛⲧⲟϥ"/>
		<feat xlink:href="#sSpan403" value="ⲙⲙⲁⲧⲉ"/>
		<feat xlink:href="#sSpan408" value="ⲁⲗⲗⲁ"/>
		<feat xlink:href="#sSpan416" value="ⲧⲉⲛⲟⲩ"/>
		<feat xlink:href="#sSpan420" value="·"/>
		<feat xlink:href="#sSpan424" value="ⲟⲛ"/>
		<feat xlink:href="#sSpan428" value="ⲛⲧⲟⲥ"/>
		<feat xlink:href="#sSpan433" value="ⲱϣ"/>
		<feat xlink:href="#sSpan436" value="ⲉⲃⲟⲗ"/>
		<feat xlink:href="#sSpan440" value="ⲛ"/>
		<feat xlink:href="#sSpan444" value="ϩⲟⲩⲟ"/>
		<feat xlink:href="#sSpan446" value="ϫⲉ"/>
		<feat xlink:href="#sSpan451" value="ⲡ"/>
		<feat xlink:href="#sSpan453" value="ⲣⲱⲙⲉ"/>
		<feat xlink:href="#sSpan455" value="·"/>
		<feat xlink:href="#sSpan460" value="ⲏ"/>
		<feat xlink:href="#sSpan464" value="ⲡ"/>
		<feat xlink:href="#sSpan468" value="ϣⲃⲏⲣ"/>
		<feat xlink:href="#sSpan471" value="·"/>
		<feat xlink:href="#sSpan475" value="ⲛ"/>
		<feat xlink:href="#sSpan482" value="ⲁϣ"/>
		<feat xlink:href="#sSpan484" value="ⲛ"/>
		<feat xlink:href="#sSpan488" value="ϩⲉ"/>
		<feat xlink:href="#sSpan490" value="ⲁ"/>
		<feat xlink:href="#sSpan496" value="ⲛⲧⲱⲧⲛ"/>
		<feat xlink:href="#sSpan498" value="ⲉⲓ"/>
		<feat xlink:href="#sSpan501" value="ⲉϩⲟⲩⲛ"/>
		<feat xlink:href="#sSpan505" value="ⲉ"/>
		<feat xlink:href="#sSpan510" value="ⲡⲉⲓ"/>
		<feat xlink:href="#sSpan513" value="ⲧⲟⲡⲟⲥ"/>
		<feat xlink:href="#sSpan515" value="·"/>
		<feat xlink:href="#sSpan519" value="ⲉⲣⲉ"/>
		<feat xlink:href="#sSpan523" value="ⲙⲛ"/>
		<feat xlink:href="#sSpan525" value="ⲧⲃⲃⲟ"/>
		<feat xlink:href="#sSpan528" value="·"/>
		<feat xlink:href="#sSpan532" value="ⲉⲣⲉ"/>
		<feat xlink:href="#sSpan536" value="ⲙⲛ"/>
		<feat xlink:href="#sSpan538" value="ⲙⲉ"/>
		<feat xlink:href="#sSpan540" value="·"/>
		<feat xlink:href="#sSpan544" value="ⲉⲣⲉ"/>
		<feat xlink:href="#sSpan548" value="ⲙⲛ"/>
		<feat xlink:href="#sSpan550" value="ϩⲁⲣⲉϩ"/>
		<feat xlink:href="#sSpan554" value="ⲉⲛⲧⲟⲗⲏ"/>
		<feat xlink:href="#sSpan558" value="ⲉⲣⲉ"/>
		<feat xlink:href="#sSpan563" value="ⲙⲛ"/>
		<feat xlink:href="#sSpan566" value="ⲡⲣⲁⲝⲓⲥ"/>
		<feat xlink:href="#sSpan568" value="ϩⲓⲱⲧ"/>
		<feat xlink:href="#sSpan572" value="ⲛⲧⲱⲧⲛ"/>
		<feat xlink:href="#sSpan575" value="·"/>
		<feat xlink:href="#sSpan579" value="ⲉⲣⲉ"/>
		<feat xlink:href="#sSpan583" value="ⲛⲧⲟⲟⲩ"/>
		<feat xlink:href="#sSpan585" value="ⲙⲡϣⲁ"/>
		<feat xlink:href="#sSpan587" value="ⲛⲧⲉ"/>
		<feat xlink:href="#sSpan592" value="ⲛⲧⲱⲧⲛ"/>
		<feat xlink:href="#sSpan594" value="ϭⲓⲛϣⲱⲡⲉ"/>
		<feat xlink:href="#sSpan597" value="ϩⲛ"/>
		<feat xlink:href="#sSpan601" value="ⲛⲧⲟⲟⲩ"/>
		<feat xlink:href="#sSpan603" value="·"/>
		<feat xlink:href="#sSpan608" value="ⲙⲁⲣⲉ"/>
		<feat xlink:href="#sSpan616" value="ⲟⲩ"/>
		<feat xlink:href="#sSpan619" value="ⲡⲛⲉⲩⲙⲁ"/>
		<feat xlink:href="#sSpan621" value="·"/>
		<feat xlink:href="#sSpan626" value="ⲏ"/>
		<feat xlink:href="#sSpan630" value="ⲟⲩ"/>
		<feat xlink:href="#sSpan635" value="ⲁⲅⲅⲉⲗⲟⲥ"/>
		<feat xlink:href="#sSpan638" value="ⲉⲓ"/>
		<feat xlink:href="#sSpan643" value="ⲉϩⲣⲁⲓ"/>
		<feat xlink:href="#sSpan647" value="ϩⲛ"/>
		<feat xlink:href="#sSpan651" value="ⲡ"/>
		<feat xlink:href="#sSpan654" value="ⲡⲉ"/>
		<feat xlink:href="#sSpan656" value="ⲉⲃⲟⲗ"/>
		<feat xlink:href="#sSpan660" value="ϩⲓⲧⲛ"/>
		<feat xlink:href="#sSpan664" value="ⲡ"/>
		<feat xlink:href="#sSpan667" value="ⲛⲟⲩⲧⲉ"/>
		<feat xlink:href="#sSpan669" value="·"/>
		<feat xlink:href="#sSpan673" value="ⲛⲧⲉ"/>
		<feat xlink:href="#sSpan677" value="ⲛⲧⲟϥ"/>
		<feat xlink:href="#sSpan680" value="ⲁϩⲉⲣⲁⲧ"/>
		<feat xlink:href="#sSpan684" value="ⲛⲧⲟϥ"/>
		<feat xlink:href="#sSpan686" value="ϩⲛ"/>
		<feat xlink:href="#sSpan690" value="ⲟⲩ"/>
		<feat xlink:href="#sSpan693" value="ⲥⲩⲛⲁⲅⲱⲅⲏ"/>
		<feat xlink:href="#sSpan696" value="·"/>
		<feat xlink:href="#sSpan700" value="ⲛ"/>
		<feat xlink:href="#sSpan704" value="ⲟⲩⲱⲧ"/>
		<feat xlink:href="#sSpan706" value="·"/>
		<feat xlink:href="#sSpan710" value="ⲛⲧⲉ_ⲁⲛⲟⲕ"/>
		<feat xlink:href="#sSpan714" value="ⲁⲛⲟⲛ"/>
		<feat xlink:href="#sSpan716" value="·"/>
		<feat xlink:href="#sSpan720" value="ⲛⲧⲉ"/>
		<feat xlink:href="#sSpan725" value="ⲛⲧⲟϥ"/>
		<feat xlink:href="#sSpan727" value="ⲡⲱⲣϫ"/>
		<feat xlink:href="#sSpan729" value="ⲉⲃⲟⲗ"/>
		<feat xlink:href="#sSpan733" value="ⲛ"/>
		<feat xlink:href="#sSpan738" value="ⲡ"/>
		<feat xlink:href="#sSpan740" value="ⲉⲧⲉⲣⲉ"/>
		<feat xlink:href="#sSpan742" value="ⲙⲛ"/>
		<feat xlink:href="#sSpan744" value="ϩⲃⲥⲱ"/>
		<feat xlink:href="#sSpan746" value="ⲛ"/>
		<feat xlink:href="#sSpan751" value="ⲙⲁ"/>
		<feat xlink:href="#sSpan753" value="·"/>
		<feat xlink:href="#sSpan757" value="ⲡ"/>
		<feat xlink:href="#sSpan761" value="ϣⲉⲗⲉⲉⲧ"/>
		<feat xlink:href="#sSpan763" value="ϩⲓ"/>
		<feat xlink:href="#sSpan768" value="ⲛⲧⲟⲟⲩ"/>
		<feat xlink:href="#sSpan770" value="ϩⲛ"/>
		<feat xlink:href="#sSpan774" value="ⲡ"/>
		<feat xlink:href="#sSpan776" value="ⲙⲏⲏⲧⲉ"/>
		<feat xlink:href="#sSpan779" value="ⲛ"/>
		<feat xlink:href="#sSpan783" value="ⲡ"/>
		<feat xlink:href="#sSpan785" value="ⲉⲧⲉⲣⲉ"/>
		<feat xlink:href="#sSpan787" value="ⲛⲧⲟⲟⲩ"/>
		<feat xlink:href="#sSpan789" value="ϣⲱⲡⲉ"/>
		<feat xlink:href="#sSpan791" value="ⲛⲁ"/>
		<feat xlink:href="#sSpan796" value="ⲛⲧⲟⲟⲩ"/>
		<feat xlink:href="#sSpan798" value="·"/>
		<feat xlink:href="#sSpan802" value="ⲁⲩⲱ"/>
		<feat xlink:href="#sSpan806" value="ⲉⲣⲉ"/>
		<feat xlink:href="#sSpan810" value="ⲛⲧⲟⲟⲩ"/>
		<feat xlink:href="#sSpan813" value="ⲣϩⲟⲩⲟ"/>
		<feat xlink:href="#sSpan816" value="ⲧⲟ"/>
		<feat xlink:href="#sSpan821" value="ϩⲓ"/>
		<feat xlink:href="#sSpan825" value="ⲛⲧⲟⲟⲩ"/>
		<feat xlink:href="#sSpan827" value="ϫⲉ"/>
		<feat xlink:href="#sSpan831" value="ⲉⲣⲉ"/>
		<feat xlink:href="#sSpan833" value="ⲛⲧⲟⲟⲩ"/>
		<feat xlink:href="#sSpan835" value="ⲛⲧⲟⲟⲩ"/>
		<feat xlink:href="#sSpan838" value="ⲥⲱϣ"/>
		<feat xlink:href="#sSpan840" value="ⲛ"/>
		<feat xlink:href="#sSpan844" value="ⲟⲩⲏⲣ"/>
		<feat xlink:href="#sSpan848" value="ⲏ"/>
		<feat xlink:href="#sSpan856" value="ⲛ"/>
		<feat xlink:href="#sSpan860" value="ⲁϣ"/>
		<feat xlink:href="#sSpan862" value="ⲛ"/>
		<feat xlink:href="#sSpan866" value="ϩⲉ"/>
		<feat xlink:href="#sSpan868" value="·"/>
		<feat xlink:href="#sSpan872" value="ⲛ"/>
		<feat xlink:href="#sSpan876" value="ⲣⲟ_ⲛⲧⲟ"/>
		<feat xlink:href="#sSpan878" value="ⲛⲧⲟⲟⲩ"/>
		<feat xlink:href="#sSpan880" value="ⲛⲁ"/>
		<feat xlink:href="#sSpan885" value="ⲧⲱⲙ"/>
		<feat xlink:href="#sSpan887" value="·"/>
		<feat xlink:href="#sSpan891" value="ⲁⲛ"/>
		<feat xlink:href="#sSpan895" value="ⲛⲧⲟⲟⲩ"/>
		<feat xlink:href="#sSpan900" value="·"/>
		<feat xlink:href="#sSpan904" value="ⲛ"/>
		<feat xlink:href="#sSpan908" value="ⲡⲉ"/>
		<feat xlink:href="#sSpan910" value="ϩⲉ"/>
		<feat xlink:href="#sSpan912" value="ⲙⲡⲉ"/>
		<feat xlink:href="#sSpan917" value="ⲛⲧⲁ"/>
		<feat xlink:href="#sSpan919" value="ⲛⲧⲟⲟⲩ"/>
		<feat xlink:href="#sSpan921" value="ϫⲱ"/>
		<feat xlink:href="#sSpan923" value="ⲛⲧⲟⲥ"/>
		<feat xlink:href="#sSpan925" value="·"/>
		<feat xlink:href="#sSpan929" value="ⲉⲧⲃⲉ"/>
		<feat xlink:href="#sSpan934" value="ⲛⲧⲟϥ"/>
		<feat xlink:href="#sSpan936" value="·"/>
		<feat xlink:href="#sSpan940" value="ϫⲉ"/>
		<feat xlink:href="#sSpan944" value="ⲛⲧⲟϥ"/>
		<feat xlink:href="#sSpan947" value="ⲇⲉ"/>
		<feat xlink:href="#sSpan952" value="ⲁ"/>
		<feat xlink:href="#sSpan956" value="ⲣⲟ_ⲛⲧⲟ"/>
		<feat xlink:href="#sSpan958" value="ⲛⲧⲟϥ"/>
		<feat xlink:href="#sSpan960" value="ⲧⲱⲙ"/>
		<feat xlink:href="#sSpan966" value="ⲏ"/>
		<feat xlink:href="#sSpan975" value="ⲉⲧⲉⲣⲉ"/>
		<feat xlink:href="#sSpan979" value="ⲁ"/>
		<feat xlink:href="#sSpan981" value="ⲡ"/>
		<feat xlink:href="#sSpan983" value="ϫⲟⲉⲓⲥ"/>
		<feat xlink:href="#sSpan985" value="ϫⲉ"/>
		<feat xlink:href="#sSpan989" value="ⲟⲩ"/>
		<feat xlink:href="#sSpan994" value="ϣⲁϫⲉ"/>
		<feat xlink:href="#sSpan996" value="ⲉⲣⲉ"/>
		<feat xlink:href="#sSpan1000" value="ⲛⲧⲉ"/>
		<feat xlink:href="#sSpan1002" value="ⲛⲧⲟϥ"/>
		<feat xlink:href="#sSpan1004" value="ⲛⲁ"/>
		<feat xlink:href="#sSpan1007" value="ⲉⲓⲣⲉ"/>
		<feat xlink:href="#sSpan1009" value="ⲛⲧⲟⲟⲩ"/>
		<feat xlink:href="#sSpan1011" value="ⲁⲛ"/>
		<feat xlink:href="#sSpan1015" value="·"/>
		<feat xlink:href="#sSpan1020" value="ⲁⲩⲱ"/>
		<feat xlink:href="#sSpan1028" value="ⲉⲧⲃⲉ"/>
		<feat xlink:href="#sSpan1033" value="ⲛⲧⲟⲟⲩ"/>
		<feat xlink:href="#sSpan1035" value="·"/>
		<feat xlink:href="#sSpan1039" value="ⲁ"/>
		<feat xlink:href="#sSpan1043" value="ⲁⲛⲟⲛ"/>
		<feat xlink:href="#sSpan1046" value="ⲣⲁⲧⲥⲱⲧⲙ"/>
		<feat xlink:href="#sSpan1051" value="ⲛⲥⲁ"/>
		<feat xlink:href="#sSpan1055" value="ⲡ"/>
		<feat xlink:href="#sSpan1057" value="ⲉⲧⲉⲣⲉ"/>
		<feat xlink:href="#sSpan1059" value="ⲥϩⲁⲓ"/>
		<feat xlink:href="#sSpan1062" value="·"/>
		<feat xlink:href="#sSpan1066" value="ⲙⲡⲉ"/>
		<feat xlink:href="#sSpan1070" value="ⲁⲛⲟⲛ"/>
		<feat xlink:href="#sSpan1072" value="ⲙⲟⲥⲧⲉ"/>
		<feat xlink:href="#sSpan1075" value="ⲡ"/>
		<feat xlink:href="#sSpan1077" value="ϩⲟⲉⲓⲧⲉ"/>
		<feat xlink:href="#sSpan1079" value="ⲉⲧⲉⲣⲉ"/>
		<feat xlink:href="#sSpan1083" value="ϫⲱϩⲙ"/>
		<feat xlink:href="#sSpan1086" value="·"/>
		<feat xlink:href="#sSpan1090" value="ⲛⲧⲉ"/>
		<feat xlink:href="#sSpan1094" value="ⲡ"/>
		<feat xlink:href="#sSpan1097" value="ⲥⲁⲣⲝ"/>
		<feat xlink:href="#sSpan1099" value="·"/>
		<feat xlink:href="#sSpan1103" value="ⲉⲣⲉ"/>
		<feat xlink:href="#sSpan1107" value="ⲧⲙ"/>
		<feat xlink:href="#sSpan1110" value="ϯ"/>
		<feat xlink:href="#sSpan1112" value="ⲛⲧⲟⲥ"/>
		<feat xlink:href="#sSpan1114" value="ϩⲓ"/>
		<feat xlink:href="#sSpan1118" value="ⲁⲛⲟⲛ"/>
		<feat xlink:href="#sSpan1121" value="ⲛⲧⲟⲥ"/>
		<feat xlink:href="#sSpan1129" value="ⲟⲩⲱⲛϩ"/>
		<feat xlink:href="#sSpan1131" value="ⲉⲃⲟⲗ"/>
		<feat xlink:href="#sSpan1135" value="ⲛϭⲓ"/>
		<feat xlink:href="#sSpan1140" value="ⲡ"/>
		<feat xlink:href="#sSpan1142" value="ϩⲃⲥⲱ"/>
		<feat xlink:href="#sSpan1144" value="·"/>
		<feat xlink:href="#sSpan1149" value="ⲏ"/>
		<feat xlink:href="#sSpan1153" value="ⲡ"/>
		<feat xlink:href="#sSpan1157" value="ϩⲃⲥⲱ"/>
		<feat xlink:href="#sSpan1160" value="ⲉⲧⲉⲣⲉ"/>
		<feat xlink:href="#sSpan1164" value="ⲙⲙⲁⲩ"/>
		<feat xlink:href="#sSpan1166" value="ⲉⲧⲉ"/>
		<feat xlink:href="#sSpan1170" value="ⲛⲉⲣⲉ"/>
		<feat xlink:href="#sSpan1173" value="ⲛⲧⲟⲥ"/>
		<feat xlink:href="#sSpan1176" value="ⲡⲣⲉⲡⲉⲓ"/>
		<feat xlink:href="#sSpan1178" value="ⲁⲛ"/>
		<feat xlink:href="#sSpan1182" value="·"/>
		<feat xlink:href="#sSpan1186" value="ⲉⲣⲉ"/>
		<feat xlink:href="#sSpan1190" value="ϣⲗⲏⲗ"/>
		<feat xlink:href="#sSpan1193" value="ⲉ"/>
		<feat xlink:href="#sSpan1197" value="ⲡ"/>
		<feat xlink:href="#sSpan1199" value="ⲛⲟⲩⲧⲉ"/>
		<feat xlink:href="#sSpan1202" value="ⲏ"/>
		<feat xlink:href="#sSpan1207" value="ⲉⲣⲉ"/>
		<feat xlink:href="#sSpan1211" value="ϣⲙϣⲉ"/>
		<feat xlink:href="#sSpan1213" value="ⲛⲁ"/>
		<feat xlink:href="#sSpan1217" value="ⲛⲧⲟϥ"/>
		<feat xlink:href="#sSpan1219" value="ⲉⲣⲉ"/>
		<feat xlink:href="#sSpan1224" value="ⲛⲧⲟⲟⲩ"/>
		<feat xlink:href="#sSpan1226" value="ϩⲓ"/>
		<feat xlink:href="#sSpan1228" value="ⲁⲛⲟⲛ"/>
		<feat xlink:href="#sSpan1230" value="·"/>
		<feat xlink:href="#sSpan1234" value="ⲉⲧⲉⲣⲉ"/>
		<feat xlink:href="#sSpan1238" value="ⲡⲁⲓ"/>
		<feat xlink:href="#sSpan1241" value="ⲡⲉ"/>
		<feat xlink:href="#sSpan1245" value="ⲡ"/>
		<feat xlink:href="#sSpan1250" value="ⲡⲟⲣⲛⲉⲓⲁ"/>
		<feat xlink:href="#sSpan1252" value="ⲡ"/>
		<feat xlink:href="#sSpan1257" value="ϫⲱϩⲙ"/>
		<feat xlink:href="#sSpan1259" value="ⲡ"/>
		<feat xlink:href="#sSpan1263" value="ϫⲓ"/>
		<feat xlink:href="#sSpan1265" value="ⲛ"/>
		<feat xlink:href="#sSpan1269" value="ϭⲟⲛⲥ"/>
		<feat xlink:href="#sSpan1272" value="ⲉⲧⲉⲣⲉ"/>
		<feat xlink:href="#sSpan1276" value="ⲡⲉⲩ"/>
		<feat xlink:href="#sSpan1278" value="ϣⲓⲏ"/>
		<feat xlink:href="#sSpan1280" value="ⲙⲛ"/>
		<feat xlink:href="#sSpan1285" value="ⲡⲉⲩ"/>
		<feat xlink:href="#sSpan1287" value="ⲟⲩⲱϣⲥ"/>
		<feat xlink:href="#sSpan1289" value="ⲙⲛ"/>
		<feat xlink:href="#sSpan1294" value="ⲡⲉⲩ"/>
		<feat xlink:href="#sSpan1296" value="ⲟⲩⲙⲟⲧ"/>
		<feat xlink:href="#sSpan1298" value="ⲡⲉ"/>
		<feat xlink:href="#sSpan1304" value="ⲡⲟⲛⲏⲣⲟⲛ"/>
		<feat xlink:href="#sSpan1308" value="ⲛⲓⲙ"/>
		<feat xlink:href="#sSpan1313" value="ⲡ"/>
		<feat xlink:href="#sSpan1321" value="ⲉⲧⲉⲣⲉ"/>
		<feat xlink:href="#sSpan1323" value="ⲥⲱⲣ"/>
		<feat xlink:href="#sSpan1325" value="ⲛ"/>
		<feat xlink:href="#sSpan1329" value="ⲛⲧⲟⲟⲩ"/>
		<feat xlink:href="#sSpan1331" value="ⲉⲃⲟⲗ"/>
		<feat xlink:href="#sSpan1337" value="ⲏ"/>
		<feat xlink:href="#sSpan1341" value="ⲉⲧⲉⲣⲉ"/>
		<feat xlink:href="#sSpan1345" value="ϯ"/>
		<feat xlink:href="#sSpan1347" value="ϣⲓ"/>
		<feat xlink:href="#sSpan1349" value="ⲉ"/>
		<feat xlink:href="#sSpan1353" value="ⲛⲧⲟⲟⲩ"/>
		<feat xlink:href="#sSpan1356" value="ⲡⲉ"/>
		<feat xlink:href="#sSpan1360" value="ⲡ"/>
		<feat xlink:href="#sSpan1364" value="ⲥⲁϩ"/>
		<feat xlink:href="#sSpan1366" value="ⲛ"/>
		<feat xlink:href="#sSpan1370" value="ⲡ"/>
		<feat xlink:href="#sSpan1373" value="ⲕⲁⲕⲓⲁ"/>
		<feat xlink:href="#sSpan1376" value="ⲡ"/>
		<feat xlink:href="#sSpan1381" value="ⲇⲓⲁⲃⲟⲗⲟⲥ"/>
		<feat xlink:href="#sSpan1384" value="·"/>
		<feat xlink:href="#sSpan1388" value="ⲡ"/>
		<feat xlink:href="#sSpan1395" value="ⲉⲧⲉⲣⲉ"/>
		<feat xlink:href="#sSpan1398" value="ⲣϩⲱⲃ"/>
		<feat xlink:href="#sSpan1403" value="ⲇⲉ"/>
		<feat xlink:href="#sSpan1408" value="ⲉ"/>
		<feat xlink:href="#sSpan1412" value="ⲛⲧⲟⲟⲩ"/>
		<feat xlink:href="#sSpan1414" value="ⲙⲛ"/>
		<feat xlink:href="#sSpan1418" value="ⲛⲧⲟϥ"/>
		<feat xlink:href="#sSpan1420" value="·"/>
		<feat xlink:href="#sSpan1424" value="ⲡⲉ"/>
		<feat xlink:href="#sSpan1429" value="ⲡ"/>
		<feat xlink:href="#sSpan1433" value="ⲉⲧⲉⲣⲉ"/>
		<feat xlink:href="#sSpan1436" value="ⲣⲛⲟⲃⲉ"/>
		<feat xlink:href="#sSpan1439" value="·"/>
		<feat xlink:href="#sSpan1443" value="ⲡ"/>
		<feat xlink:href="#sSpan1452" value="ⲛⲉⲧ"/>
		<feat xlink:href="#sSpan1454" value="ⲉⲧⲉⲣⲉ"/>
		<feat xlink:href="#sSpan1458" value="ⲛⲧⲟⲟⲩ"/>
		<feat xlink:href="#sSpan1460" value="ⲥⲱϩⲉ"/>
		<feat xlink:href="#sSpan1462" value="ϩⲓ"/>
		<feat xlink:href="#sSpan1467" value="ⲛⲧⲟϥ"/>
		<feat xlink:href="#sSpan1469" value="ⲡⲉ"/>
		<feat xlink:href="#sSpan1473" value="ⲡ"/>
		<feat xlink:href="#sSpan1477" value="ϩⲏⲧ"/>
		<feat xlink:href="#sSpan1479" value="ⲛ"/>
		<feat xlink:href="#sSpan1486" value="ⲁⲛⲟⲙⲟⲛ"/>
		<feat xlink:href="#sSpan1488" value="·"/>
		<feat xlink:href="#sSpan1492" value="ⲡ"/>
		<feat xlink:href="#sSpan1500" value="ϩⲛⲁⲁⲩ"/>
		<feat xlink:href="#sSpan1502" value="ⲛ"/>
		<feat xlink:href="#sSpan1506" value="ⲕⲱⲗϩ"/>
		<feat xlink:href="#sSpan1508" value="ⲡⲉ"/>
		<feat xlink:href="#sSpan1513" value="ⲡ"/>
		<feat xlink:href="#sSpan1517" value="ϯ"/>
		<feat xlink:href="#sSpan1519" value="ⲧⲱⲛ"/>
		<feat xlink:href="#sSpan1521" value="·"/>
		<feat xlink:href="#sSpan1525" value="ⲟⲩⲃⲉ"/>
		<feat xlink:href="#sSpan1529" value="ⲡ"/>
		<feat xlink:href="#sSpan1532" value="ⲥⲃⲱ"/>
		<feat xlink:href="#sSpan1534" value="ⲉⲧⲉⲣⲉ"/>
		<feat xlink:href="#sSpan1538" value="ⲟⲩⲱϫⲉ"/>
		<feat xlink:href="#sSpan1540" value="·"/>
		<feat xlink:href="#sSpan1544" value="ⲡ"/>
		<feat xlink:href="#sSpan1552" value="ⲕⲗⲁⲗ"/>
		<feat xlink:href="#sSpan1554" value="·"/>
		<feat xlink:href="#sSpan1558" value="ⲛ"/>
		<feat xlink:href="#sSpan1562" value="ϫⲟⲗⲕ"/>
		<feat xlink:href="#sSpan1564" value="ⲟⲩ"/>
		<feat xlink:href="#sSpan1566" value="ⲡⲉ"/>
		<feat xlink:href="#sSpan1571" value="ⲡ"/>
		<feat xlink:href="#sSpan1576" value="ⲙⲛⲧⲛⲁϣⲧⲙⲁⲕϩ"/>
		<feat xlink:href="#sSpan1581" value="·"/>
		<feat xlink:href="#sSpan1585" value="ⲙⲛ"/>
		<feat xlink:href="#sSpan1589" value="ⲡ"/>
		<feat xlink:href="#sSpan1592" value="ⲙⲛⲧⲛⲁϣⲧ"/>
		<feat xlink:href="#sSpan1596" value="ⲛ"/>
		<feat xlink:href="#sSpan1600" value="ⲙⲉ"/>
		<feat xlink:href="#sSpan1603" value="ⲡ"/>
		<feat xlink:href="#sSpan1611" value="ⲛⲟⲩϩ"/>
		<feat xlink:href="#sSpan1613" value="ⲛ"/>
		<feat xlink:href="#sSpan1617" value="ⲥⲱⲕ"/>
		<feat xlink:href="#sSpan1619" value="ⲁⲩⲱ"/>
		<feat xlink:href="#sSpan1623" value="ⲡⲉⲩ"/>
		<feat xlink:href="#sSpan1628" value="ⲥⲟⲃⲧⲉ"/>
		<feat xlink:href="#sSpan1630" value="ⲧⲏⲣ"/>
		<feat xlink:href="#sSpan1634" value="ⲛⲧⲟϥ"/>
		<feat xlink:href="#sSpan1636" value="ⲡⲉ"/>
		<feat xlink:href="#sSpan1641" value="ⲡ"/>
		<feat xlink:href="#sSpan1645" value="ⲕⲣⲙⲣⲙ"/>
		<feat xlink:href="#sSpan1647" value="ⲙⲛ"/>
		<feat xlink:href="#sSpan1651" value="ⲡ"/>
		<feat xlink:href="#sSpan1654" value="ⲟⲩⲱϩⲙ"/>
		<feat xlink:href="#sSpan1656" value="ⲙⲛ"/>
		<feat xlink:href="#sSpan1660" value="ⲡ"/>
		<feat xlink:href="#sSpan1663" value="ⲕⲁⲧⲁⲗⲁⲗⲓⲁ"/>
		<feat xlink:href="#sSpan1666" value="·"/>
		<feat xlink:href="#sSpan1671" value="ⲡ"/>
		<feat xlink:href="#sSpan1679" value="ⲥⲟⲩⲣⲉ"/>
		<feat xlink:href="#sSpan1681" value="ⲡⲉ"/>
		<feat xlink:href="#sSpan1685" value="ⲡ"/>
		<feat xlink:href="#sSpan1690" value="ⲙⲛⲧⲁⲧⲥⲃⲱ"/>
		<feat xlink:href="#sSpan1695" value="·"/>
		<feat xlink:href="#sSpan1699" value="ⲙⲛ"/>
		<feat xlink:href="#sSpan1703" value="ⲡ"/>
		<feat xlink:href="#sSpan1706" value="ⲙⲛⲧⲁⲧⲥⲱⲧⲙ"/>
		<feat xlink:href="#sSpan1711" value="·"/>
		<feat xlink:href="#sSpan1715" value="ⲡ"/>
		<feat xlink:href="#sSpan1719" value="ϩⲟⲩⲟ"/>
		<feat xlink:href="#sSpan1722" value="ⲇⲉ"/>
		<feat xlink:href="#sSpan1727" value="ⲡ"/>
		<feat xlink:href="#sSpan1731" value="ⲥⲃⲱ"/>
		<feat xlink:href="#sSpan1733" value="·"/>
		<feat xlink:href="#sSpan1737" value="ⲛ"/>
		<feat xlink:href="#sSpan1742" value="ⲇⲁⲓⲙⲱⲛⲓⲟⲛ"/>
		<feat xlink:href="#sSpan1745" value="·"/>
		<feat xlink:href="#sSpan1750" value="ⲡ"/>
		<feat xlink:href="#sSpan1758" value="ⲉⲧⲉⲣⲉ"/>
		<feat xlink:href="#sSpan1761" value="ⲁⲛⲉⲭⲉ"/>
		<feat xlink:href="#sSpan1763" value="ⲉ"/>
		<feat xlink:href="#sSpan1767" value="ⲧⲣⲉ"/>
		<feat xlink:href="#sSpan1769" value="ⲛⲧⲟⲟⲩ"/>
		<feat xlink:href="#sSpan1772" value="ⲣϩⲱⲃ"/>
		<feat xlink:href="#sSpan1776" value="ⲉ"/>
		<feat xlink:href="#sSpan1780" value="ⲡ"/>
		<feat xlink:href="#sSpan1782" value="ϩⲃⲥⲱ"/>
		<feat xlink:href="#sSpan1784" value="·"/>
		<feat xlink:href="#sSpan1788" value="ⲉⲧⲉⲣⲉ"/>
		<feat xlink:href="#sSpan1793" value="ⲥⲱϣ"/>
		<feat xlink:href="#sSpan1795" value="ⲉⲧⲉⲣⲉ"/>
		<feat xlink:href="#sSpan1799" value="ⲙⲙⲁⲩ"/>
		<feat xlink:href="#sSpan1801" value="ϩⲛ"/>
		<feat xlink:href="#sSpan1806" value="ⲡⲉⲩ"/>
		<feat xlink:href="#sSpan1808" value="ⲏⲓ"/>
		<feat xlink:href="#sSpan1810" value="ⲡⲉ"/>
		<feat xlink:href="#sSpan1814" value="ⲡ"/>
		<feat xlink:href="#sSpan1819" value="ⲯⲩⲭⲏ"/>
		<feat xlink:href="#sSpan1822" value="ⲛ"/>
		<feat xlink:href="#sSpan1826" value="ⲡ"/>
		<feat xlink:href="#sSpan1828" value="ⲣⲱⲙⲉ"/>
		<feat xlink:href="#sSpan1830" value="ⲛ"/>
		<feat xlink:href="#sSpan1835" value="ⲥⲟϭ"/>
		<feat xlink:href="#sSpan1837" value="ⲁⲩⲱ"/>
		<feat xlink:href="#sSpan1841" value="ⲛ"/>
		<feat xlink:href="#sSpan1846" value="ⲁⲧϩⲏⲧ"/>
		<feat xlink:href="#sSpan1850" value="ⲟⲩ"/>
		<feat xlink:href="#sSpan1858" value="ⲉ"/>
		<feat xlink:href="#sSpan1862" value="ⲁⲛⲟⲛ"/>
		<feat xlink:href="#sSpan1864" value="·"/>
		<feat xlink:href="#sSpan1868" value="ⲡⲉ"/>
		<feat xlink:href="#sSpan1872" value="ⲡ"/>
		<feat xlink:href="#sSpan1876" value="ⲛⲟⲃⲉ"/>
		<feat xlink:href="#sSpan1878" value="ⲛ"/>
		<feat xlink:href="#sSpan1883" value="ⲡ"/>
		<feat xlink:href="#sSpan1886" value="ⲥⲁⲧⲁⲛⲁⲥ"/>
		<feat xlink:href="#sSpan1888" value="ⲙⲛ"/>
		<feat xlink:href="#sSpan1892" value="ⲡ"/>
		<feat xlink:href="#sSpan1895" value="ϩⲱⲃ"/>
		<feat xlink:href="#sSpan1897" value="ⲛ"/>
		<feat xlink:href="#sSpan1901" value="ⲡⲁⲓ"/>
		<feat xlink:href="#sSpan1903" value="ⲉⲧⲉⲣⲉ"/>
		<feat xlink:href="#sSpan1908" value="ⲁ"/>
		<feat xlink:href="#sSpan1910" value="ⲛⲧⲟⲟⲩ"/>
		<feat xlink:href="#sSpan1912" value="ⲥϩⲁⲓ"/>
		<feat xlink:href="#sSpan1914" value="ⲉⲧⲃⲉ"/>
		<feat xlink:href="#sSpan1919" value="ⲛⲧⲟⲟⲩ"/>
		<feat xlink:href="#sSpan1921" value="ϫⲉ"/>
		<feat xlink:href="#sSpan1925" value="ⲉⲣⲉ"/>
		<feat xlink:href="#sSpan1927" value="ⲛⲧⲟⲟⲩ"/>
		<feat xlink:href="#sSpan1929" value="ⲧⲁⲗⲟ"/>
		<feat xlink:href="#sSpan1931" value="ⲛ"/>
		<feat xlink:href="#sSpan1936" value="ⲟⲩ"/>
		<feat xlink:href="#sSpan1938" value="ⲛⲁⲧ"/>
		<feat xlink:href="#sSpan1940" value="ⲛ"/>
		<feat xlink:href="#sSpan1944" value="ϩⲁⲗⲟⲩⲥ"/></featList></paula>