<?xml version='1.0' encoding='UTF-8'?><!DOCTYPE paula SYSTEM "paula_feat.dtd">
<paula version="1.1">
	<header paula_id="scriptorium.shenoute.dirt.GL75-76.mark_vid_n"/>
	<featList xmlns:xlink="http://www.w3.org/1999/xlink" type="vid_n" xml:base="scriptorium.shenoute.dirt.GL75-76.mark.xml">
		<feat xlink:href="#sSpan7" value="urn:cts:copticLit:shenoute.dirt.monbgl:5.7"/>
		<feat xlink:href="#sSpan44" value="urn:cts:copticLit:shenoute.dirt.monbgl:5.8"/>
		<feat xlink:href="#sSpan199" value="urn:cts:copticLit:shenoute.dirt.monbgl:6.1"/>
		<feat xlink:href="#sSpan327" value="urn:cts:copticLit:shenoute.dirt.monbgl:6.2"/>
		<feat xlink:href="#sSpan414" value="urn:cts:copticLit:shenoute.dirt.monbgl:6.3"/>
		<feat xlink:href="#sSpan480" value="urn:cts:copticLit:shenoute.dirt.monbgl:6.4"/>
		<feat xlink:href="#sSpan614" value="urn:cts:copticLit:shenoute.dirt.monbgl:6.5"/>
		<feat xlink:href="#sSpan854" value="urn:cts:copticLit:shenoute.dirt.monbgl:6.6"/>
		<feat xlink:href="#sSpan972" value="urn:cts:copticLit:shenoute.dirt.monbgl:7.1"/>
		<feat xlink:href="#sSpan1026" value="urn:cts:copticLit:shenoute.dirt.monbgl:7.2"/>
		<feat xlink:href="#sSpan1127" value="urn:cts:copticLit:shenoute.dirt.monbgl:7.3"/>
		<feat xlink:href="#sSpan1319" value="urn:cts:copticLit:shenoute.dirt.monbgl:7.4"/>
		<feat xlink:href="#sSpan1393" value="urn:cts:copticLit:shenoute.dirt.monbgl:7.5"/>
		<feat xlink:href="#sSpan1450" value="urn:cts:copticLit:shenoute.dirt.monbgl:7.6"/>
		<feat xlink:href="#sSpan1498" value="urn:cts:copticLit:shenoute.dirt.monbgl:7.7"/>
		<feat xlink:href="#sSpan1550" value="urn:cts:copticLit:shenoute.dirt.monbgl:7.8"/>
		<feat xlink:href="#sSpan1609" value="urn:cts:copticLit:shenoute.dirt.monbgl:7.9"/>
		<feat xlink:href="#sSpan1677" value="urn:cts:copticLit:shenoute.dirt.monbgl:7.10"/>
		<feat xlink:href="#sSpan1756" value="urn:cts:copticLit:shenoute.dirt.monbgl:7.11"/>
		<feat xlink:href="#sSpan1856" value="urn:cts:copticLit:shenoute.dirt.monbgl:7.12"/></featList></paula>