<?xml version='1.0' encoding='UTF-8'?><!DOCTYPE paula SYSTEM "paula_feat.dtd">
<paula version="1.1">
	<header paula_id="scriptorium.shenoute.dirt.GF121-128.mark_pb_xml_id"/>
	<featList xmlns:xlink="http://www.w3.org/1999/xlink" type="pb_xml_id" xml:base="scriptorium.shenoute.dirt.GF121-128.mark.xml">
		<feat xlink:href="#sSpan11" value="GF121"/>
		<feat xlink:href="#sSpan782" value="GF122"/>
		<feat xlink:href="#sSpan1540" value="GF123"/>
		<feat xlink:href="#sSpan2277" value="GF124"/>
		<feat xlink:href="#sSpan3018" value="GF125"/>
		<feat xlink:href="#sSpan3731" value="GF126"/>
		<feat xlink:href="#sSpan4468" value="GF127"/>
		<feat xlink:href="#sSpan5157" value="GF128"/></featList></paula>