<?xml version='1.0' encoding='UTF-8'?><!DOCTYPE paula SYSTEM "paula_feat.dtd">
<paula version="1.1">
	<header paula_id="scriptorium.YA525-530.mark_orig"/>
	<featList xmlns:xlink="http://www.w3.org/1999/xlink" type="orig" xml:base="scriptorium.YA525-530.mark.xml">
		<feat xlink:href="#sSpan3" value="ⲉⲧⲃⲉ"/>
		<feat xlink:href="#sSpan15" value="ⲡⲁⲓ̈"/>
		<feat xlink:href="#sSpan18" value="ⲟⲩ"/>
		<feat xlink:href="#sSpan24" value="ⲙ︤ⲛ︦ⲧ︥ⲁⲑⲏⲧ`"/>
		<feat xlink:href="#sSpan29" value="ⲛⲁ"/>
		<feat xlink:href="#sSpan33" value="ⲛ"/>
		<feat xlink:href="#sSpan35" value="ⲧⲉ"/>
		<feat xlink:href="#sSpan39" value="ⲙ︤ⲛ︥"/>
		<feat xlink:href="#sSpan44" value="ⲟⲩ"/>
		<feat xlink:href="#sSpan48" value="ⲙ︤ⲛ︦ⲧⲃⲗⲗⲉ"/>
		<feat xlink:href="#sSpan52" value="·"/>
		<feat xlink:href="#sSpan56" value="ⲉⲣϣⲁⲛ"/>
		<feat xlink:href="#sSpan63" value="ϩⲟⲓ̈ⲛⲉ"/>
		<feat xlink:href="#sSpan69" value="ϩⲣⲁⲓ̈"/>
		<feat xlink:href="#sSpan73" value="ⲛ̄ϩⲏⲧ︤"/>
		<feat xlink:href="#sSpan77" value="ⲛ︥"/>
		<feat xlink:href="#sSpan79" value="ϩⲁⲧⲏ"/>
		<feat xlink:href="#sSpan84" value="ⲛ`"/>
		<feat xlink:href="#sSpan86" value="ⲁⲑⲉⲧⲓ`"/>
		<feat xlink:href="#sSpan90" value="ϩ︤ⲛ︥"/>
		<feat xlink:href="#sSpan95" value="ⲟⲩ"/>
		<feat xlink:href="#sSpan98" value="ϯⲧⲱⲛ`"/>
		<feat xlink:href="#sSpan101" value="ⲙ︤ⲛ︥"/>
		<feat xlink:href="#sSpan106" value="ⲟⲩ"/>
		<feat xlink:href="#sSpan110" value="ⲙ︤ⲛ︦ⲧ︥ⲁⲧⲥⲱⲧ︤ⲙ︥"/>
		<feat xlink:href="#sSpan115" value="ⲛ̄ⲥⲁ"/>
		<feat xlink:href="#sSpan119" value="ϩⲉ⳯"/>
		<feat xlink:href="#sSpan122" value="ϩⲃⲏⲩⲉ`"/>
		<feat xlink:href="#sSpan125" value="ⲉ"/>
		<feat xlink:href="#sSpan129" value="ⲩⲛ"/>
		<feat xlink:href="#sSpan131" value="ϭⲟⲙ`"/>
		<feat xlink:href="#sSpan133" value="ⲙ̄ⲙⲟ"/>
		<feat xlink:href="#sSpan138" value="ⲟⲩ"/>
		<feat xlink:href="#sSpan140" value="ⲉ"/>
		<feat xlink:href="#sSpan144" value="ϥⲓ"/>
		<feat xlink:href="#sSpan146" value="·"/>
		<feat xlink:href="#sSpan150" value="ⲡⲉⲩ"/>
		<feat xlink:href="#sSpan156" value="ⲣⲟⲟⲩϣ"/>
		<feat xlink:href="#sSpan158" value="·"/>
		<feat xlink:href="#sSpan163" value="ⲉⲓⲧⲉ"/>
		<feat xlink:href="#sSpan171" value="ϩⲉⲛ"/>
		<feat xlink:href="#sSpan176" value="ⲣⲱⲙⲉ"/>
		<feat xlink:href="#sSpan179" value="ⲉ"/>
		<feat xlink:href="#sSpan183" value="ⲁ"/>
		<feat xlink:href="#sSpan185" value="ⲩ"/>
		<feat xlink:href="#sSpan187" value="ϭⲁⲗⲱ"/>
		<feat xlink:href="#sSpan189" value="ⲟⲩ"/>
		<feat xlink:href="#sSpan192" value="ⲉⲣⲟ"/>
		<feat xlink:href="#sSpan196" value="ⲟⲩ"/>
		<feat xlink:href="#sSpan198" value="·"/>
		<feat xlink:href="#sSpan203" value="ⲉⲓⲧⲉ"/>
		<feat xlink:href="#sSpan208" value="ϩⲉⲛ"/>
		<feat xlink:href="#sSpan214" value="ⲇⲓⲁⲕⲟⲛⲓⲁ`"/>
		<feat xlink:href="#sSpan217" value="·"/>
		<feat xlink:href="#sSpan222" value="ⲉⲓⲧⲉ"/>
		<feat xlink:href="#sSpan226" value="ϭⲉ"/>
		<feat xlink:href="#sSpan231" value="ⲗⲁⲁⲩ"/>
		<feat xlink:href="#sSpan236" value="ⲛ̄"/>
		<feat xlink:href="#sSpan240" value="ϩⲱⲃ"/>
		<feat xlink:href="#sSpan242" value="ⲉ"/>
		<feat xlink:href="#sSpan246" value="ⲛⲁⲛⲟⲩ"/>
		<feat xlink:href="#sSpan249" value="ϥ`"/>
		<feat xlink:href="#sSpan251" value="·"/>
		<feat xlink:href="#sSpan255" value="ⲉ"/>
		<feat xlink:href="#sSpan262" value="ⲛ"/>
		<feat xlink:href="#sSpan264" value="ⲛⲁ"/>
		<feat xlink:href="#sSpan266" value="ϣ"/>
		<feat xlink:href="#sSpan269" value="ⲁⲁ"/>
		<feat xlink:href="#sSpan271" value="ϥ"/>
		<feat xlink:href="#sSpan273" value="ⲛ̄"/>
		<feat xlink:href="#sSpan277" value="ⲛⲉⲛ"/>
		<feat xlink:href="#sSpan279" value="ⲉⲣⲏⲩ`"/>
		<feat xlink:href="#sSpan282" value="ⲉⲃⲟⲗ"/>
		<feat xlink:href="#sSpan286" value="ϩⲓⲧ︤ⲙ︥"/>
		<feat xlink:href="#sSpan290" value="ⲡ"/>
		<feat xlink:href="#sSpan294" value="ⲛⲟⲩⲧⲉ"/>
		<feat xlink:href="#sSpan296" value="ⲉ"/>
		<feat xlink:href="#sSpan300" value="ⲡ"/>
		<feat xlink:href="#sSpan304" value="ⲥⲱⲧⲉ`"/>
		<feat xlink:href="#sSpan306" value="ⲛ"/>
		<feat xlink:href="#sSpan310" value="ⲛⲉ⳯"/>
		<feat xlink:href="#sSpan314" value="ⲯⲩⲭⲏ`"/>
		<feat xlink:href="#sSpan317" value="·"/>
		<feat xlink:href="#sSpan322" value="ⲟⲩ"/>
		<feat xlink:href="#sSpan333" value="ⲙⲛⲧⲥⲟϭ"/>
		<feat xlink:href="#sSpan337" value="ⲇⲉ"/>
		<feat xlink:href="#sSpan342" value="ⲟⲛ"/>
		<feat xlink:href="#sSpan347" value="ⲧⲉ"/>
		<feat xlink:href="#sSpan351" value="ⲉ"/>
		<feat xlink:href="#sSpan355" value="ⲡⲉ"/>
		<feat xlink:href="#sSpan357" value="ϩⲟⲩⲟ`"/>
		<feat xlink:href="#sSpan359" value="ⲙ︤ⲛ︥"/>
		<feat xlink:href="#sSpan364" value="ⲟⲩ"/>
		<feat xlink:href="#sSpan367" value="ⲧⲱⲙ`"/>
		<feat xlink:href="#sSpan369" value="ⲛ̄"/>
		<feat xlink:href="#sSpan373" value="ϩⲏⲧ`"/>
		<feat xlink:href="#sSpan377" value="ⲉ"/>
		<feat xlink:href="#sSpan381" value="ϥ"/>
		<feat xlink:href="#sSpan383" value="ϩⲟⲟⲩ"/>
		<feat xlink:href="#sSpan385" value="·"/>
		<feat xlink:href="#sSpan389" value="ⲉⲣϣⲁⲛ"/>
		<feat xlink:href="#sSpan397" value="ϩⲟⲓ̈ⲛⲉ`"/>
		<feat xlink:href="#sSpan400" value="ϩⲁⲧ︤ⲛ︥"/>
		<feat xlink:href="#sSpan405" value="ⲧⲏⲩⲧ︤ⲛ︥"/>
		<feat xlink:href="#sSpan407" value="ⲥⲟⲧⲡ︤"/>
		<feat xlink:href="#sSpan412" value="ⲥ︥"/>
		<feat xlink:href="#sSpan414" value="ⲛⲁ"/>
		<feat xlink:href="#sSpan418" value="ⲩ`"/>
		<feat xlink:href="#sSpan420" value="ⲉ"/>
		<feat xlink:href="#sSpan424" value="ⲧⲣⲉ"/>
		<feat xlink:href="#sSpan428" value="ⲩ"/>
		<feat xlink:href="#sSpan430" value="ϣⲱⲡⲉ`"/>
		<feat xlink:href="#sSpan432" value="ⲛ̄"/>
		<feat xlink:href="#sSpan436" value="ⲁϭⲣⲏⲛ"/>
		<feat xlink:href="#sSpan440" value="ⲉⲃⲟⲗ"/>
		<feat xlink:href="#sSpan444" value="ϩⲓⲧ︤ⲙ︥"/>
		<feat xlink:href="#sSpan449" value="ⲡ"/>
		<feat xlink:href="#sSpan452" value="ⲛⲟⲩⲧⲉ"/>
		<feat xlink:href="#sSpan454" value="ⲛ̄"/>
		<feat xlink:href="#sSpan458" value="ⲥⲉ"/>
		<feat xlink:href="#sSpan462" value="ⲁⲡⲟⲧⲁⲥⲥⲉ"/>
		<feat xlink:href="#sSpan464" value="ϩ︤ⲛ︥"/>
		<feat xlink:href="#sSpan469" value="ⲟⲩ"/>
		<feat xlink:href="#sSpan473" value="ϯⲧⲱⲛ"/>
		<feat xlink:href="#sSpan476" value="·"/>
		<feat xlink:href="#sSpan480" value="ⲙ︤ⲛ︥"/>
		<feat xlink:href="#sSpan485" value="ⲟⲩ"/>
		<feat xlink:href="#sSpan489" value="ⲙ︤ⲛ︦ⲧ︥ⲁⲧⲥⲃⲱ̂"/>
		<feat xlink:href="#sSpan494" value="·"/>
		<feat xlink:href="#sSpan498" value="ⲛ̄"/>
		<feat xlink:href="#sSpan502" value="ϩⲉⲛ"/>
		<feat xlink:href="#sSpan505" value="ϩⲃⲏⲟⲩⲉ`"/>
		<feat xlink:href="#sSpan508" value="ⲉ"/>
		<feat xlink:href="#sSpan515" value="ⲩⲛ̄"/>
		<feat xlink:href="#sSpan517" value="ϭⲟⲙ"/>
		<feat xlink:href="#sSpan519" value="ⲙ̄ⲙⲟ"/>
		<feat xlink:href="#sSpan524" value="ⲟⲩ"/>
		<feat xlink:href="#sSpan526" value="ⲉ"/>
		<feat xlink:href="#sSpan530" value="ϥⲓ"/>
		<feat xlink:href="#sSpan532" value="ⲡⲉⲩ"/>
		<feat xlink:href="#sSpan535" value="ⲣⲟⲟⲩϣ`"/>
		<feat xlink:href="#sSpan539" value="ⲉⲓⲧⲉ"/>
		<feat xlink:href="#sSpan543" value="ϩⲉⲛ"/>
		<feat xlink:href="#sSpan549" value="ⲣⲱⲙⲉ"/>
		<feat xlink:href="#sSpan551" value="·"/>
		<feat xlink:href="#sSpan556" value="ⲉⲓⲧⲉ"/>
		<feat xlink:href="#sSpan561" value="ϩⲉⲛ"/>
		<feat xlink:href="#sSpan567" value="ⲇⲓⲁⲕⲟⲛⲓⲁ`"/>
		<feat xlink:href="#sSpan570" value="·"/>
		<feat xlink:href="#sSpan575" value="ⲉⲓⲧⲉ"/>
		<feat xlink:href="#sSpan579" value="ϭⲉ"/>
		<feat xlink:href="#sSpan584" value="ⲗⲁⲁⲩ"/>
		<feat xlink:href="#sSpan589" value="ⲛ̄"/>
		<feat xlink:href="#sSpan593" value="ϩⲱⲃ`"/>
		<feat xlink:href="#sSpan595" value="ⲉ"/>
		<feat xlink:href="#sSpan599" value="ⲛⲁⲛⲟⲩ"/>
		<feat xlink:href="#sSpan602" value="ϥ"/>
		<feat xlink:href="#sSpan604" value="·"/>
		<feat xlink:href="#sSpan608" value="ⲉ"/>
		<feat xlink:href="#sSpan612" value="ⲧⲣⲉ"/>
		<feat xlink:href="#sSpan614" value="ⲧ︤ⲛ︥"/>
		<feat xlink:href="#sSpan617" value="ⲁⲁ"/>
		<feat xlink:href="#sSpan619" value="ⲩ`"/>
		<feat xlink:href="#sSpan621" value="ⲛ̄"/>
		<feat xlink:href="#sSpan625" value="ⲛⲉⲧ︤ⲛ︥"/>
		<feat xlink:href="#sSpan627" value="ⲉⲣⲏⲩ"/>
		<feat xlink:href="#sSpan630" value="ϩ︤ⲛ︥"/>
		<feat xlink:href="#sSpan634" value="ⲑ"/>
		<feat xlink:href="#sSpan637" value="ⲟⲧⲉ"/>
		<feat xlink:href="#sSpan639" value="ⲙ̄"/>
		<feat xlink:href="#sSpan644" value="ⲡ"/>
		<feat xlink:href="#sSpan647" value="ϫⲟⲉⲓⲥ"/>
		<feat xlink:href="#sSpan649" value="·"/>
		<feat xlink:href="#sSpan654" value="ⲉϣϫⲉ"/>
		<feat xlink:href="#sSpan662" value="ⲧⲉ"/>
		<feat xlink:href="#sSpan667" value="ⲥϩⲓⲙⲉ"/>
		<feat xlink:href="#sSpan670" value="ⲇⲉ`"/>
		<feat xlink:href="#sSpan675" value="ⲉⲧ"/>
		<feat xlink:href="#sSpan679" value="ⲥ"/>
		<feat xlink:href="#sSpan681" value="ϩⲙⲟⲟⲥ"/>
		<feat xlink:href="#sSpan683" value="ⲙ︤ⲛ︥"/>
		<feat xlink:href="#sSpan688" value="ⲟⲩ"/>
		<feat xlink:href="#sSpan691" value="ϩⲁⲓ̈"/>
		<feat xlink:href="#sSpan694" value="ⲕⲁⲧⲁ"/>
		<feat xlink:href="#sSpan699" value="ⲥⲁⲣ︤ⲝ︥"/>
		<feat xlink:href="#sSpan703" value="·"/>
		<feat xlink:href="#sSpan707" value="ϣⲁ"/>
		<feat xlink:href="#sSpan711" value="ⲥ"/>
		<feat xlink:href="#sSpan713" value="ⲣ̄"/>
		<feat xlink:href="#sSpan715" value="ϩ︤ⲛ︥ⲁ"/>
		<feat xlink:href="#sSpan718" value="ⲥ`"/>
		<feat xlink:href="#sSpan720" value="ⲉ"/>
		<feat xlink:href="#sSpan724" value="ⲧⲣⲉ"/>
		<feat xlink:href="#sSpan726" value="ϩⲉ⳯"/>
		<feat xlink:href="#sSpan729" value="ϣⲏⲣⲉ"/>
		<feat xlink:href="#sSpan732" value="ⲙ︤ⲛ︥"/>
		<feat xlink:href="#sSpan736" value="ϩⲉⲛ"/>
		<feat xlink:href="#sSpan739" value="ϣⲉⲉⲣⲉ`"/>
		<feat xlink:href="#sSpan742" value="ϣⲱⲡⲉ"/>
		<feat xlink:href="#sSpan746" value="ⲛⲁ"/>
		<feat xlink:href="#sSpan751" value="ⲥ"/>
		<feat xlink:href="#sSpan753" value="·"/>
		<feat xlink:href="#sSpan757" value="ⲁⲩⲱ"/>
		<feat xlink:href="#sSpan765" value="ⲉϣϫⲉ"/>
		<feat xlink:href="#sSpan771" value="ⲥⲁⲣⲣⲁ`"/>
		<feat xlink:href="#sSpan776" value="ⲙ︤ⲛ︥"/>
		<feat xlink:href="#sSpan781" value="ϩⲣⲉⲃⲉⲕⲕⲁ`"/>
		<feat xlink:href="#sSpan785" value="ⲙ︤ⲛ︥"/>
		<feat xlink:href="#sSpan790" value="ϩⲣⲁⲭⲏⲗ`"/>
		<feat xlink:href="#sSpan794" value="·"/>
		<feat xlink:href="#sSpan798" value="ⲙ︤ⲛ︥"/>
		<feat xlink:href="#sSpan803" value="ⲁⲛⲛⲁ`"/>
		<feat xlink:href="#sSpan807" value="·"/>
		<feat xlink:href="#sSpan811" value="ⲙ︤ⲛ︥"/>
		<feat xlink:href="#sSpan815" value="ⲧ"/>
		<feat xlink:href="#sSpan818" value="ⲙⲁⲁⲩ"/>
		<feat xlink:href="#sSpan821" value="ⲙ̄"/>
		<feat xlink:href="#sSpan825" value="ⲡⲉ"/>
		<feat xlink:href="#sSpan829" value="ⲡⲣⲟⲫⲏⲧⲏⲥ"/>
		<feat xlink:href="#sSpan835" value="ⲥⲁⲙⲯⲱⲛ`"/>
		<feat xlink:href="#sSpan840" value="·"/>
		<feat xlink:href="#sSpan844" value="ⲙ︤ⲛ︥"/>
		<feat xlink:href="#sSpan849" value="ⲉⲗⲓⲥⲁⲃⲉⲧ`"/>
		<feat xlink:href="#sSpan853" value="ⲧ"/>
		<feat xlink:href="#sSpan857" value="ⲙⲁⲁⲩ"/>
		<feat xlink:href="#sSpan859" value="ⲛ̄"/>
		<feat xlink:href="#sSpan865" value="ⲓ̈ⲱϩⲁⲛⲛⲏⲥ`"/>
		<feat xlink:href="#sSpan868" value="ⲡ"/>
		<feat xlink:href="#sSpan872" value="ⲉ⳯ⲧ"/>
		<feat xlink:href="#sSpan875" value="ⲁ"/>
		<feat xlink:href="#sSpan877" value="ϥ"/>
		<feat xlink:href="#sSpan879" value="ⲙⲟⲩϩ`"/>
		<feat xlink:href="#sSpan881" value="ⲙ̄"/>
		<feat xlink:href="#sSpan886" value="ⲡ︤ⲛ︦ⲁ︥"/>
		<feat xlink:href="#sSpan889" value="ⲉ"/>
		<feat xlink:href="#sSpan894" value="ϥ"/>
		<feat xlink:href="#sSpan896" value="ⲟⲩⲁⲁⲃ`"/>
		<feat xlink:href="#sSpan898" value="ϫⲓⲛ"/>
		<feat xlink:href="#sSpan902" value="ⲉ"/>
		<feat xlink:href="#sSpan906" value="ϥ"/>
		<feat xlink:href="#sSpan908" value="ⲛ̄ϩⲏⲧ︤"/>
		<feat xlink:href="#sSpan911" value="ⲥ︥"/>
		<feat xlink:href="#sSpan913" value="ⲛ̄"/>
		<feat xlink:href="#sSpan917" value="ⲧⲉϥ"/>
		<feat xlink:href="#sSpan920" value="ⲙⲁⲁⲩ"/>
		<feat xlink:href="#sSpan923" value="·"/>
		<feat xlink:href="#sSpan927" value="ⲉϣϫⲉ"/>
		<feat xlink:href="#sSpan935" value="ⲛⲁⲓ"/>
		<feat xlink:href="#sSpan941" value="ⲙ︤ⲛ︥"/>
		<feat xlink:href="#sSpan945" value="ϩⲉⲛ"/>
		<feat xlink:href="#sSpan948" value="ⲕⲟⲟⲩⲉ"/>
		<feat xlink:href="#sSpan951" value="ϩ︤ⲛ︥"/>
		<feat xlink:href="#sSpan955" value="ⲛⲉ"/>
		<feat xlink:href="#sSpan958" value="ϩⲓⲟⲙⲉ`"/>
		<feat xlink:href="#sSpan961" value="ⲉⲧ"/>
		<feat xlink:href="#sSpan965" value="ⲟⲩⲁⲁⲃ`"/>
		<feat xlink:href="#sSpan967" value="ⲛ̄"/>
		<feat xlink:href="#sSpan972" value="ⲁⲣⲭⲁⲓⲟⲥ`"/>
		<feat xlink:href="#sSpan975" value="ⲛⲉ"/>
		<feat xlink:href="#sSpan979" value="ⲩ"/>
		<feat xlink:href="#sSpan981" value="ⲱϣ`"/>
		<feat xlink:href="#sSpan984" value="ⲡⲉ`"/>
		<feat xlink:href="#sSpan988" value="ⲉϩⲣⲁⲓ̈"/>
		<feat xlink:href="#sSpan992" value="ⲉ"/>
		<feat xlink:href="#sSpan997" value="ⲡ"/>
		<feat xlink:href="#sSpan1000" value="ϫⲟⲉⲓⲥ`"/>
		<feat xlink:href="#sSpan1002" value="ⲉ"/>
		<feat xlink:href="#sSpan1006" value="ⲩ"/>
		<feat xlink:href="#sSpan1008" value="ⲧⲱⲃ︤ϩ︥"/>
		<feat xlink:href="#sSpan1011" value="·"/>
		<feat xlink:href="#sSpan1015" value="ⲁⲩⲱ"/>
		<feat xlink:href="#sSpan1019" value="ⲉ"/>
		<feat xlink:href="#sSpan1024" value="ⲩ"/>
		<feat xlink:href="#sSpan1027" value="ⲡⲁⲣⲁⲕⲁⲗⲉⲓ`"/>
		<feat xlink:href="#sSpan1029" value="ⲉ"/>
		<feat xlink:href="#sSpan1034" value="ⲧ︤ⲙ︥"/>
		<feat xlink:href="#sSpan1036" value="ⲧⲣⲉ"/>
		<feat xlink:href="#sSpan1038" value="ⲩ"/>
		<feat xlink:href="#sSpan1040" value="ϣⲱⲡⲉ`"/>
		<feat xlink:href="#sSpan1043" value="ⲛ̄"/>
		<feat xlink:href="#sSpan1047" value="ⲁϭⲣⲏⲛ"/>
		<feat xlink:href="#sSpan1050" value="·"/>
		<feat xlink:href="#sSpan1054" value="ⲉⲓ̈ⲉ"/>
		<feat xlink:href="#sSpan1062" value="ⲉⲣϣⲁⲛ"/>
		<feat xlink:href="#sSpan1066" value="ϩⲟⲓ̈ⲛⲉ"/>
		<feat xlink:href="#sSpan1070" value="ϩⲁⲧ︤ⲛ︥"/>
		<feat xlink:href="#sSpan1074" value="ⲧⲏⲩⲧ︤ⲛ︥"/>
		<feat xlink:href="#sSpan1078" value="ⲁⲡⲟⲧⲁⲥⲥⲉ"/>
		<feat xlink:href="#sSpan1082" value="ⲛ̄"/>
		<feat xlink:href="#sSpan1087" value="ϩⲉⲛ"/>
		<feat xlink:href="#sSpan1090" value="ⲣⲱⲙⲉ`"/>
		<feat xlink:href="#sSpan1092" value="ⲉ"/>
		<feat xlink:href="#sSpan1097" value="ⲁ"/>
		<feat xlink:href="#sSpan1099" value="ⲩ"/>
		<feat xlink:href="#sSpan1101" value="ϭⲁⲗⲱ"/>
		<feat xlink:href="#sSpan1103" value="ⲟⲩ`"/>
		<feat xlink:href="#sSpan1105" value="ⲉⲣⲟ"/>
		<feat xlink:href="#sSpan1110" value="ⲟⲩ`"/>
		<feat xlink:href="#sSpan1112" value="ⲉⲃⲟⲗ"/>
		<feat xlink:href="#sSpan1116" value="ϩⲓⲧ︤ⲙ︥"/>
		<feat xlink:href="#sSpan1121" value="ⲡ"/>
		<feat xlink:href="#sSpan1124" value="ⲛⲟⲩⲧⲉ"/>
		<feat xlink:href="#sSpan1126" value="·"/>
		<feat xlink:href="#sSpan1130" value="ⲉ"/>
		<feat xlink:href="#sSpan1135" value="ⲩ"/>
		<feat xlink:href="#sSpan1137" value="ⲛⲁ"/>
		<feat xlink:href="#sSpan1139" value="ϣⲱⲡⲉ"/>
		<feat xlink:href="#sSpan1141" value="ⲉ"/>
		<feat xlink:href="#sSpan1146" value="ⲩ"/>
		<feat xlink:href="#sSpan1148" value="ⲧϭⲁⲓ̈ⲏⲩ`"/>
		<feat xlink:href="#sSpan1150" value="ⲛ̄"/>
		<feat xlink:href="#sSpan1154" value="ⲟⲩⲏⲣ"/>
		<feat xlink:href="#sSpan1157" value="·"/>
		<feat xlink:href="#sSpan1161" value="ϫⲉ"/>
		<feat xlink:href="#sSpan1165" value="ⲁ"/>
		<feat xlink:href="#sSpan1167" value="ⲩ"/>
		<feat xlink:href="#sSpan1169" value="ⲥⲟⲧⲡ︤"/>
		<feat xlink:href="#sSpan1172" value="ⲥ︥"/>
		<feat xlink:href="#sSpan1174" value="ⲛⲁ"/>
		<feat xlink:href="#sSpan1178" value="ⲩ"/>
		<feat xlink:href="#sSpan1180" value="ⲉ"/>
		<feat xlink:href="#sSpan1184" value="ⲧⲣⲉ"/>
		<feat xlink:href="#sSpan1186" value="ⲩ"/>
		<feat xlink:href="#sSpan1188" value="ϣⲱⲡⲉ"/>
		<feat xlink:href="#sSpan1191" value="ⲛ̄"/>
		<feat xlink:href="#sSpan1195" value="ⲁϭⲣⲏⲛ"/>
		<feat xlink:href="#sSpan1198" value="ⲁⲩⲱ"/>
		<feat xlink:href="#sSpan1203" value="ⲛ̄"/>
		<feat xlink:href="#sSpan1209" value="ⲭⲏⲣⲁ"/>
		<feat xlink:href="#sSpan1213" value="·"/>
		<feat xlink:href="#sSpan1218" value="ⲛⲁϣⲱ"/>
		<feat xlink:href="#sSpan1228" value="ⲟⲩ"/>
		<feat xlink:href="#sSpan1231" value="ⲅⲁⲣ"/>
		<feat xlink:href="#sSpan1235" value="ϫⲓⲛ"/>
		<feat xlink:href="#sSpan1239" value="ⲛ̄"/>
		<feat xlink:href="#sSpan1242" value="ϣⲟⲣ︤ⲡ︥"/>
		<feat xlink:href="#sSpan1244" value="ϣⲁϩⲣⲁⲓ̈"/>
		<feat xlink:href="#sSpan1248" value="ⲉ"/>
		<feat xlink:href="#sSpan1253" value="ⲧⲉⲛⲟⲩ`"/>
		<feat xlink:href="#sSpan1255" value="ⲛ̄ϭⲓ"/>
		<feat xlink:href="#sSpan1259" value="ϩⲉⲛ"/>
		<feat xlink:href="#sSpan1263" value="ⲉⲓⲟⲧⲉ`"/>
		<feat xlink:href="#sSpan1265" value="ⲉ"/>
		<feat xlink:href="#sSpan1269" value="ⲁ"/>
		<feat xlink:href="#sSpan1271" value="ⲡ"/>
		<feat xlink:href="#sSpan1275" value="ⲛⲟⲩⲧⲉ`"/>
		<feat xlink:href="#sSpan1277" value="ⲥⲟϣϥ"/>
		<feat xlink:href="#sSpan1282" value="ⲟⲩ"/>
		<feat xlink:href="#sSpan1284" value="·"/>
		<feat xlink:href="#sSpan1289" value="ⲉⲓⲧⲉ"/>
		<feat xlink:href="#sSpan1293" value="ϩⲟⲟⲩⲧ`"/>
		<feat xlink:href="#sSpan1299" value="·"/>
		<feat xlink:href="#sSpan1304" value="ⲉⲓⲧⲉ"/>
		<feat xlink:href="#sSpan1308" value="ⲥϩⲓⲙⲉ`"/>
		<feat xlink:href="#sSpan1314" value="·"/>
		<feat xlink:href="#sSpan1318" value="ϫⲉ"/>
		<feat xlink:href="#sSpan1325" value="ⲙ̄ⲡ"/>
		<feat xlink:href="#sSpan1328" value="ⲟⲩ"/>
		<feat xlink:href="#sSpan1330" value="ⲱϣ`"/>
		<feat xlink:href="#sSpan1332" value="ⲉ"/>
		<feat xlink:href="#sSpan1337" value="ϣ︤ⲡ︥ϩⲓⲥⲉ`"/>
		<feat xlink:href="#sSpan1341" value="ⲙ︤ⲛ︥"/>
		<feat xlink:href="#sSpan1345" value="ϩⲉⲛ"/>
		<feat xlink:href="#sSpan1348" value="ⲕⲟⲟⲩⲉ`"/>
		<feat xlink:href="#sSpan1351" value="ⲉ"/>
		<feat xlink:href="#sSpan1355" value="ⲧⲣⲉ"/>
		<feat xlink:href="#sSpan1357" value="ⲩ"/>
		<feat xlink:href="#sSpan1359" value="ϣⲱⲡⲉ"/>
		<feat xlink:href="#sSpan1362" value="ⲛⲁ"/>
		<feat xlink:href="#sSpan1366" value="ⲩ"/>
		<feat xlink:href="#sSpan1368" value="ⲉ"/>
		<feat xlink:href="#sSpan1372" value="ϩⲉⲛ"/>
		<feat xlink:href="#sSpan1376" value="ϣⲏⲣⲉ`"/>
		<feat xlink:href="#sSpan1378" value="ⲙ︤ⲛ︥"/>
		<feat xlink:href="#sSpan1382" value="ϩⲉⲛ"/>
		<feat xlink:href="#sSpan1386" value="ϣⲉⲉⲣⲉ`"/>
		<feat xlink:href="#sSpan1388" value="·"/>
		<feat xlink:href="#sSpan1392" value="ⲉⲃⲟⲗ"/>
		<feat xlink:href="#sSpan1397" value="ϩⲓⲧ︤ⲙ︥"/>
		<feat xlink:href="#sSpan1401" value="ⲡ"/>
		<feat xlink:href="#sSpan1405" value="ⲛⲟⲩⲧⲉ"/>
		<feat xlink:href="#sSpan1407" value="·"/>
		<feat xlink:href="#sSpan1413" value="ⲁⲗⲗⲁ"/>
		<feat xlink:href="#sSpan1421" value="ⲉⲧⲃⲉ"/>
		<feat xlink:href="#sSpan1425" value="ⲡⲉ"/>
		<feat xlink:href="#sSpan1428" value="ⲙⲧⲟⲛ`"/>
		<feat xlink:href="#sSpan1431" value="ⲛ̄"/>
		<feat xlink:href="#sSpan1436" value="ⲥⲱⲙⲁ"/>
		<feat xlink:href="#sSpan1439" value="ⲙ︤ⲛ︥"/>
		<feat xlink:href="#sSpan1444" value="ⲧ"/>
		<feat xlink:href="#sSpan1448" value="ⲙ︤ⲛ︦ⲧ︥ϫⲁⲥⲓϩⲏⲧ`"/>
		<feat xlink:href="#sSpan1453" value="·"/>
		<feat xlink:href="#sSpan1457" value="ⲉ"/>
		<feat xlink:href="#sSpan1461" value="ⲁ"/>
		<feat xlink:href="#sSpan1463" value="ϩⲁϩ"/>
		<feat xlink:href="#sSpan1466" value="ⲛ̄"/>
		<feat xlink:href="#sSpan1471" value="ⲣⲱⲙⲉ"/>
		<feat xlink:href="#sSpan1474" value="ⲁⲡⲟⲧⲁⲥⲥⲉ`"/>
		<feat xlink:href="#sSpan1479" value="ⲉ"/>
		<feat xlink:href="#sSpan1483" value="ⲧ︤ⲙ︥"/>
		<feat xlink:href="#sSpan1485" value="ⲧⲣⲉ"/>
		<feat xlink:href="#sSpan1488" value="ⲩ"/>
		<feat xlink:href="#sSpan1491" value="ϣ︤ⲡ︥ϩⲓⲥⲉ"/>
		<feat xlink:href="#sSpan1494" value="ⲙ︤ⲛ︥"/>
		<feat xlink:href="#sSpan1499" value="ϩⲉⲛ"/>
		<feat xlink:href="#sSpan1502" value="ⲕⲟⲟⲩⲉ`"/>
		<feat xlink:href="#sSpan1504" value="ⲉⲃⲟⲗ"/>
		<feat xlink:href="#sSpan1509" value="ϩⲓⲧ︤ⲙ︥"/>
		<feat xlink:href="#sSpan1513" value="ⲡ"/>
		<feat xlink:href="#sSpan1516" value="ⲛⲟⲩⲧⲉ`"/>
		<feat xlink:href="#sSpan1521" value="ⲛ̄"/>
		<feat xlink:href="#sSpan1528" value="ⲑ"/>
		<feat xlink:href="#sSpan1530" value="ⲉ"/>
		<feat xlink:href="#sSpan1532" value="ⲛ̄ⲧ"/>
		<feat xlink:href="#sSpan1536" value="ⲁ"/>
		<feat xlink:href="#sSpan1538" value="ϩⲟⲓ̈ⲛⲉ"/>
		<feat xlink:href="#sSpan1543" value="ϣ︤ⲡ︥ϩⲓⲥⲉ"/>
		<feat xlink:href="#sSpan1549" value="ϩⲱ"/>
		<feat xlink:href="#sSpan1553" value="ⲟⲩ"/>
		<feat xlink:href="#sSpan1555" value="ⲛ︤ⲙ︥ⲙⲁ"/>
		<feat xlink:href="#sSpan1560" value="ⲩ"/>
		<feat xlink:href="#sSpan1562" value="·"/>
		<feat xlink:href="#sSpan1566" value="ⲁⲩⲱ"/>
		<feat xlink:href="#sSpan1573" value="ⲉ"/>
		<feat xlink:href="#sSpan1577" value="ⲁ"/>
		<feat xlink:href="#sSpan1580" value="ϩⲁϩ"/>
		<feat xlink:href="#sSpan1583" value="ⲛ̄"/>
		<feat xlink:href="#sSpan1587" value="ⲥϩⲓⲙⲉ"/>
		<feat xlink:href="#sSpan1590" value="ⲁⲡⲟⲧⲁⲥⲥⲉ`"/>
		<feat xlink:href="#sSpan1595" value="ⲉ"/>
		<feat xlink:href="#sSpan1599" value="ⲧ︤ⲙ︥"/>
		<feat xlink:href="#sSpan1604" value="ⲧⲣ̣ⲉ"/>
		<feat xlink:href="#sSpan1606" value="ⲩ"/>
		<feat xlink:href="#sSpan1609" value="ϣ̣︤ⲡ̣︥ϩⲓⲥⲉ"/>
		<feat xlink:href="#sSpan1613" value="ⲙ︤ⲛ︥"/>
		<feat xlink:href="#sSpan1617" value="ϩⲉⲛ"/>
		<feat xlink:href="#sSpan1620" value="ⲕⲟⲟⲩⲉ"/>
		<feat xlink:href="#sSpan1623" value="ⲉⲃⲟⲗ"/>
		<feat xlink:href="#sSpan1627" value="ϩⲓⲧ︤ⲙ︥"/>
		<feat xlink:href="#sSpan1631" value="ⲡ"/>
		<feat xlink:href="#sSpan1635" value="ⲛⲟⲩⲧⲉ"/>
		<feat xlink:href="#sSpan1637" value="·"/>
		<feat xlink:href="#sSpan1641" value="ⲛ̄"/>
		<feat xlink:href="#sSpan1649" value="ⲧ"/>
		<feat xlink:href="#sSpan1651" value="ϩⲉ"/>
		<feat xlink:href="#sSpan1653" value="ⲛ̄ⲧ"/>
		<feat xlink:href="#sSpan1657" value="ⲁ"/>
		<feat xlink:href="#sSpan1659" value="ϩⲟⲓ̈ⲛⲉ"/>
		<feat xlink:href="#sSpan1663" value="ϣ︤ⲡ︥ϩⲓⲥⲉ"/>
		<feat xlink:href="#sSpan1669" value="ϩⲱ"/>
		<feat xlink:href="#sSpan1673" value="ⲟⲩ"/>
		<feat xlink:href="#sSpan1675" value="ⲛ︤ⲙ︥ⲙⲁ"/>
		<feat xlink:href="#sSpan1680" value="ⲩ"/>
		<feat xlink:href="#sSpan1682" value="·"/>
		<feat xlink:href="#sSpan1686" value="ⲁⲩⲱ"/>
		<feat xlink:href="#sSpan1693" value="ⲉⲧⲃⲉ"/>
		<feat xlink:href="#sSpan1698" value="ⲧⲉⲩ"/>
		<feat xlink:href="#sSpan1702" value="ⲙ︤ⲛ︦ⲧ︥ϫⲁⲥⲓϩⲏⲧ`"/>
		<feat xlink:href="#sSpan1707" value="·"/>
		<feat xlink:href="#sSpan1711" value="ⲙ︤ⲛ︥"/>
		<feat xlink:href="#sSpan1715" value="ⲧⲉ"/>
		<feat xlink:href="#sSpan1719" value="ⲩ"/>
		<feat xlink:href="#sSpan1722" value="ⲙ︤ⲛ︦ⲧ︥ⲙⲁⲓ̈"/>
		<feat xlink:href="#sSpan1725" value="ⲡⲉⲩ"/>
		<feat xlink:href="#sSpan1731" value="ⲙ̄ⲧⲟⲛ"/>
		<feat xlink:href="#sSpan1733" value="ⲛ̄"/>
		<feat xlink:href="#sSpan1738" value="ⲥⲱⲙⲁ`"/>
		<feat xlink:href="#sSpan1742" value="ⲁ"/>
		<feat xlink:href="#sSpan1746" value="ⲩ"/>
		<feat xlink:href="#sSpan1749" value="ⲣ̄ϩⲛⲁⲩ"/>
		<feat xlink:href="#sSpan1752" value="ⲉ"/>
		<feat xlink:href="#sSpan1757" value="ⲧⲣⲉ"/>
		<feat xlink:href="#sSpan1759" value="ⲩ"/>
		<feat xlink:href="#sSpan1761" value="ϣⲱⲡⲉ"/>
		<feat xlink:href="#sSpan1763" value="ⲉ"/>
		<feat xlink:href="#sSpan1768" value="ⲩ"/>
		<feat xlink:href="#sSpan1770" value="ⲟ"/>
		<feat xlink:href="#sSpan1772" value="ⲛ̄"/>
		<feat xlink:href="#sSpan1776" value="ⲁϭⲣⲏⲛ"/>
		<feat xlink:href="#sSpan1779" value="·"/>
		<feat xlink:href="#sSpan1783" value="ⲁⲩⲱ"/>
		<feat xlink:href="#sSpan1791" value="ⲛ̄ⲧⲉ"/>
		<feat xlink:href="#sSpan1795" value="ⲡ"/>
		<feat xlink:href="#sSpan1798" value="ϫⲟⲉⲓⲥ`"/>
		<feat xlink:href="#sSpan1801" value="ϣⲧⲁⲙ`"/>
		<feat xlink:href="#sSpan1805" value="ⲉⲣ︤ⲛ︥"/>
		<feat xlink:href="#sSpan1809" value="ⲧ"/>
		<feat xlink:href="#sSpan1813" value="ⲟⲟⲧⲉ`"/>
		<feat xlink:href="#sSpan1815" value="ⲛ̄"/>
		<feat xlink:href="#sSpan1819" value="ⲧⲉⲩ"/>
		<feat xlink:href="#sSpan1823" value="ⲯⲩⲭⲏ`"/>
		<feat xlink:href="#sSpan1826" value="ⲛ̄"/>
		<feat xlink:href="#sSpan1830" value="ⲧ"/>
		<feat xlink:href="#sSpan1832" value="ϩⲉ"/>
		<feat xlink:href="#sSpan1834" value="ⲛ̄"/>
		<feat xlink:href="#sSpan1838" value="ⲟⲩ"/>
		<feat xlink:href="#sSpan1841" value="ⲁϭⲣⲏⲛ"/>
		<feat xlink:href="#sSpan1844" value="·"/>
		<feat xlink:href="#sSpan1848" value="ⲁⲩⲱ"/>
		<feat xlink:href="#sSpan1852" value="ⲛ︤"/>
		<feat xlink:href="#sSpan1857" value="ϥ︥"/>
		<feat xlink:href="#sSpan1859" value="ⲧⲣⲉ"/>
		<feat xlink:href="#sSpan1861" value="ⲛ̄"/>
		<feat xlink:href="#sSpan1864" value="ϣⲟϫⲛⲉ"/>
		<feat xlink:href="#sSpan1867" value="ⲛ̄"/>
		<feat xlink:href="#sSpan1871" value="ⲧⲉ"/>
		<feat xlink:href="#sSpan1874" value="ⲥⲃⲱ̂"/>
		<feat xlink:href="#sSpan1876" value="ϣⲟⲟⲩⲉ"/>
		<feat xlink:href="#sSpan1882" value="ⲉϩⲣⲁⲓ̈"/>
		<feat xlink:href="#sSpan1886" value="ⲛ̄ϩⲏⲧ︤"/>
		<feat xlink:href="#sSpan1891" value="ⲛ︥"/>
		<feat xlink:href="#sSpan1893" value="ⲛ̄"/>
		<feat xlink:href="#sSpan1897" value="ⲧ"/>
		<feat xlink:href="#sSpan1899" value="ϩⲉ"/>
		<feat xlink:href="#sSpan1901" value="ⲛ̄"/>
		<feat xlink:href="#sSpan1905" value="ϩⲉⲛ"/>
		<feat xlink:href="#sSpan1909" value="ⲉⲕⲓⲃⲉ`"/>
		<feat xlink:href="#sSpan1911" value="ⲉ"/>
		<feat xlink:href="#sSpan1915" value="ⲩ"/>
		<feat xlink:href="#sSpan1917" value="ϣⲟⲩⲱ"/>
		<feat xlink:href="#sSpan1920" value="ⲟⲩ`"/>
		<feat xlink:href="#sSpan1922" value="ⲉ"/>
		<feat xlink:href="#sSpan1926" value="ⲧ︤ⲙ︥"/>
		<feat xlink:href="#sSpan1928" value="ⲧⲣⲉ"/>
		<feat xlink:href="#sSpan1931" value="ⲩ"/>
		<feat xlink:href="#sSpan1933" value="ⲥⲱⲧ`"/>
		<feat xlink:href="#sSpan1936" value="ⲉ"/>
		<feat xlink:href="#sSpan1941" value="ϯⲥⲃⲱ̂"/>
		<feat xlink:href="#sSpan1945" value="ⲛ̄"/>
		<feat xlink:href="#sSpan1949" value="ϩⲉⲛ"/>
		<feat xlink:href="#sSpan1952" value="ⲕⲟⲟⲩⲉ`"/>
		<feat xlink:href="#sSpan1955" value="ϫⲓⲛ"/>
		<feat xlink:href="#sSpan1959" value="ⲡⲉⲓ̈"/>
		<feat xlink:href="#sSpan1962" value="ⲛⲁⲩ`"/>
		<feat xlink:href="#sSpan1966" value="ⲉⲃⲟⲗ"/>
		<feat xlink:href="#sSpan1970" value="ϩⲓⲧ︤ⲙ︥"/>
		<feat xlink:href="#sSpan1974" value="ⲡ"/>
		<feat xlink:href="#sSpan1978" value="ⲛⲟⲩⲧⲉ"/>
		<feat xlink:href="#sSpan1980" value="·"/>
		<feat xlink:href="#sSpan1985" value="ⲛⲁϣⲱ"/>
		<feat xlink:href="#sSpan1993" value="ⲟⲩ"/>
		<feat xlink:href="#sSpan1996" value="ⲇⲉ"/>
		<feat xlink:href="#sSpan2001" value="ⲟⲛ"/>
		<feat xlink:href="#sSpan2005" value="ⲛ̄ϭ[ⲓ"/>
		<feat xlink:href="#sSpan2011" value="ⲛⲉ]ⲛ"/>
		<feat xlink:href="#sSpan2014" value="ⲉⲓⲟⲧⲉ"/>
		<feat xlink:href="#sSpan2016" value="ϫⲓⲛ"/>
		<feat xlink:href="#sSpan2021" value="ⲛ̄"/>
		<feat xlink:href="#sSpan2023" value="ϣⲟⲣ︤ⲡ︥"/>
		<feat xlink:href="#sSpan2025" value="ϣⲁϩⲣⲁⲓ̈"/>
		<feat xlink:href="#sSpan2030" value="ⲉ"/>
		<feat xlink:href="#sSpan2034" value="ⲧⲉⲛⲟⲩ"/>
		<feat xlink:href="#sSpan2037" value="ⲉ"/>
		<feat xlink:href="#sSpan2041" value="ⲁ"/>
		<feat xlink:href="#sSpan2043" value="ⲡ"/>
		<feat xlink:href="#sSpan2046" value="ϫⲟⲉⲓⲥ"/>
		<feat xlink:href="#sSpan2049" value="ⲥⲙⲟⲩ"/>
		<feat xlink:href="#sSpan2053" value="ⲉⲣⲟ"/>
		<feat xlink:href="#sSpan2058" value="ⲟⲩ"/>
		<feat xlink:href="#sSpan2060" value="·"/>
		<feat xlink:href="#sSpan2065" value="ⲉⲓⲧⲉ"/>
		<feat xlink:href="#sSpan2069" value="ϩⲟⲟⲩⲧ"/>
		<feat xlink:href="#sSpan2075" value="·"/>
		<feat xlink:href="#sSpan2080" value="ⲉⲓⲧⲉ"/>
		<feat xlink:href="#sSpan2084" value="ⲥϩⲓⲙⲉ"/>
		<feat xlink:href="#sSpan2090" value="·"/>
		<feat xlink:href="#sSpan2094" value="ϫⲉ"/>
		<feat xlink:href="#sSpan2101" value="ⲁ"/>
		<feat xlink:href="#sSpan2103" value="ⲩ"/>
		<feat xlink:href="#sSpan2106" value="ⲣ̄ϩⲛⲁⲩ"/>
		<feat xlink:href="#sSpan2110" value="ⲛ̄"/>
		<feat xlink:href="#sSpan2114" value="ϩⲟⲩⲟ"/>
		<feat xlink:href="#sSpan2116" value="ⲉ"/>
		<feat xlink:href="#sSpan2121" value="ϣ︤ⲡ︥"/>
		<feat xlink:href="#sSpan2123" value="ϩⲓⲥⲉ`"/>
		<feat xlink:href="#sSpan2126" value="ⲙ︤ⲛ︥"/>
		<feat xlink:href="#sSpan2130" value="ϩⲉⲛ"/>
		<feat xlink:href="#sSpan2134" value="ⲕⲟⲟⲩⲉ`"/>
		<feat xlink:href="#sSpan2136" value="ⲉⲃⲟⲗ"/>
		<feat xlink:href="#sSpan2141" value="ϩⲓⲧ︤ⲙ︥"/>
		<feat xlink:href="#sSpan2145" value="ⲡ"/>
		<feat xlink:href="#sSpan2148" value="ⲛⲟⲩⲧⲉ"/>
		<feat xlink:href="#sSpan2151" value="·"/>
		<feat xlink:href="#sSpan2155" value="ⲛ̄"/>
		<feat xlink:href="#sSpan2162" value="ⲧ"/>
		<feat xlink:href="#sSpan2164" value="ϩⲉ"/>
		<feat xlink:href="#sSpan2166" value="ⲛ̄"/>
		<feat xlink:href="#sSpan2170" value="ⲛⲉⲛ"/>
		<feat xlink:href="#sSpan2174" value="ⲉⲓⲟⲧⲉ"/>
		<feat xlink:href="#sSpan2176" value="ⲛ̄"/>
		<feat xlink:href="#sSpan2180" value="ⲁⲣⲭⲁⲓⲟⲥ"/>
		<feat xlink:href="#sSpan2184" value="·"/>
		<feat xlink:href="#sSpan2188" value="ⲁⲩⲱ"/>
		<feat xlink:href="#sSpan2192" value="ⲛⲉ"/>
		<feat xlink:href="#sSpan2199" value="ⲡⲣⲟⲫⲏⲧⲏⲥ`"/>
		<feat xlink:href="#sSpan2201" value="ⲙ︤ⲛ︥"/>
		<feat xlink:href="#sSpan2206" value="ⲛ̄"/>
		<feat xlink:href="#sSpan2210" value="ⲁⲡⲟⲥⲧⲟⲗⲟⲥ"/>
		<feat xlink:href="#sSpan2213" value="ⲛⲁⲓ̈"/>
		<feat xlink:href="#sSpan2217" value="ⲛ̄ⲧ"/>
		<feat xlink:href="#sSpan2221" value="ⲁ"/>
		<feat xlink:href="#sSpan2223" value="ⲩ"/>
		<feat xlink:href="#sSpan2225" value="ϣⲱⲡⲉ`"/>
		<feat xlink:href="#sSpan2228" value="ⲛ̄"/>
		<feat xlink:href="#sSpan2232" value="ⲉⲓⲱⲧ`"/>
		<feat xlink:href="#sSpan2234" value="ⲛ̄"/>
		<feat xlink:href="#sSpan2239" value="ϩⲁϩ"/>
		<feat xlink:href="#sSpan2242" value="ⲙ̄"/>
		<feat xlink:href="#sSpan2246" value="ⲙⲏⲏϣⲉ"/>
		<feat xlink:href="#sSpan2248" value="ⲉⲃⲟⲗ"/>
		<feat xlink:href="#sSpan2253" value="ϩⲓⲧ︤ⲙ︥"/>
		<feat xlink:href="#sSpan2257" value="ⲡ"/>
		<feat xlink:href="#sSpan2260" value="ⲛⲟⲩⲧⲉ"/>
		<feat xlink:href="#sSpan2263" value="·"/>
		<feat xlink:href="#sSpan2267" value="ⲁⲩⲱ"/>
		<feat xlink:href="#sSpan2274" value="ⲛ̄"/>
		<feat xlink:href="#sSpan2279" value="ⲑ"/>
		<feat xlink:href="#sSpan2282" value="ⲉ"/>
		<feat xlink:href="#sSpan2284" value="ⲛ̄"/>
		<feat xlink:href="#sSpan2289" value="ⲇⲉⲃⲃⲱⲣⲁ`"/>
		<feat xlink:href="#sSpan2292" value="ⲧⲁⲓ̈"/>
		<feat xlink:href="#sSpan2297" value="ⲛ̄ⲧ"/>
		<feat xlink:href="#sSpan2301" value="ⲁ"/>
		<feat xlink:href="#sSpan2303" value="ⲥ"/>
		<feat xlink:href="#sSpan2305" value="ϣⲱⲡⲉ`"/>
		<feat xlink:href="#sSpan2308" value="ⲛ̄"/>
		<feat xlink:href="#sSpan2313" value="ⲕⲣⲓⲧⲏⲥ"/>
		<feat xlink:href="#sSpan2316" value="·"/>
		<feat xlink:href="#sSpan2320" value="ⲁⲩⲱ"/>
		<feat xlink:href="#sSpan2325" value="ⲙ̄ⲙⲁⲁⲩ"/>
		<feat xlink:href="#sSpan2330" value="ϩ︤ⲙ︥"/>
		<feat xlink:href="#sSpan2334" value="ⲡ︤"/>
		<feat xlink:href="#sSpan2339" value="ⲓ︦ⲏ︦ⲗ︥"/>
		<feat xlink:href="#sSpan2341" value="·"/>
		<feat xlink:href="#sSpan2345" value="ⲁⲩⲱ"/>
		<feat xlink:href="#sSpan2349" value="ⲛ̄"/>
		<feat xlink:href="#sSpan2353" value="ⲧ"/>
		<feat xlink:href="#sSpan2356" value="ϩⲉ"/>
		<feat xlink:href="#sSpan2358" value="ⲛ"/>
		<feat xlink:href="#sSpan2363" value="ⲟⲇⲟⲗⲗⲁ`"/>
		<feat xlink:href="#sSpan2366" value="ⲧⲉ"/>
		<feat xlink:href="#sSpan2372" value="ⲡⲣⲟⲫⲏⲧⲏⲥ"/>
		<feat xlink:href="#sSpan2374" value="·"/>
		<feat xlink:href="#sSpan2378" value="ⲧⲁⲓ̈"/>
		<feat xlink:href="#sSpan2383" value="ⲛ̄ⲧ"/>
		<feat xlink:href="#sSpan2387" value="ⲁ"/>
		<feat xlink:href="#sSpan2390" value="ⲓ̈ⲱⲥⲓⲁⲥ"/>
		<feat xlink:href="#sSpan2394" value="ⲡ︤"/>
		<feat xlink:href="#sSpan2398" value="ⲣ︥ⲣⲟ`"/>
		<feat xlink:href="#sSpan2400" value="ⲛ̄"/>
		<feat xlink:href="#sSpan2405" value="ⲇⲓⲕⲁⲓⲟⲥ"/>
		<feat xlink:href="#sSpan2410" value="[...]ⲩ̣"/>
		<feat xlink:href="#sSpan2414" value="ⲉⲣⲁⲧ︤"/>
		<feat xlink:href="#sSpan2419" value="ⲥ︥"/>
		<feat xlink:href="#sSpan2421" value="ⲉ"/>
		<feat xlink:href="#sSpan2425" value="ⲧⲣ̣[ⲉ"/>
		<feat xlink:href="#sSpan2427" value=".]"/>
		<feat xlink:href="#sSpan2429" value="ϣⲓⲛⲉ"/>
		<feat xlink:href="#sSpan2432" value="ⲙ̄"/>
		<feat xlink:href="#sSpan2436" value="ⲡ̣"/>
		<feat xlink:href="#sSpan2439" value="[ϫⲟ]ⲉⲓⲥ`"/>
		<feat xlink:href="#sSpan2442" value="ⲉⲃⲟⲗ"/>
		<feat xlink:href="#sSpan2446" value="ϩⲓ"/>
		<feat xlink:href="#sSpan2451" value="ⲧⲟⲟⲧ︤"/>
		<feat xlink:href="#sSpan2455" value="ⲥ︥"/>
		<feat xlink:href="#sSpan2457" value="·"/>
		<feat xlink:href="#sSpan2461" value="ⲁⲩⲱ"/>
		<feat xlink:href="#sSpan2465" value="ⲛ̄"/>
		<feat xlink:href="#sSpan2469" value="ⲧ"/>
		<feat xlink:href="#sSpan2472" value="ϩⲉ"/>
		<feat xlink:href="#sSpan2474" value="ⲛ̄"/>
		<feat xlink:href="#sSpan2479" value="ⲁⲛⲛⲁ`"/>
		<feat xlink:href="#sSpan2482" value="ⲧ"/>
		<feat xlink:href="#sSpan2486" value="ϣⲉⲉⲣⲉ`"/>
		<feat xlink:href="#sSpan2489" value="ⲙ̄"/>
		<feat xlink:href="#sSpan2494" value="ⲫⲁⲛⲟⲩⲏⲗ`"/>
		<feat xlink:href="#sSpan2498" value="·"/>
		<feat xlink:href="#sSpan2502" value="ⲙ̄"/>
		<feat xlink:href="#sSpan2510" value="ⲡ"/>
		<feat xlink:href="#sSpan2513" value="ⲛⲁⲩ"/>
		<feat xlink:href="#sSpan2516" value="ⲁⲛ"/>
		<feat xlink:href="#sSpan2521" value="ⲡⲉ"/>
		<feat xlink:href="#sSpan2525" value="ⲡⲁⲓ̈"/>
		<feat xlink:href="#sSpan2530" value="ⲉ"/>
		<feat xlink:href="#sSpan2534" value="ⲧⲣⲉ"/>
		<feat xlink:href="#sSpan2536" value="ⲛ̄"/>
		<feat xlink:href="#sSpan2540" value="ⲉⲓⲟⲧⲉ"/>
		<feat xlink:href="#sSpan2542" value="ⲛ̄"/>
		<feat xlink:href="#sSpan2546" value="ϩⲉⲛ"/>
		<feat xlink:href="#sSpan2549" value="ϣⲏⲣⲉ`"/>
		<feat xlink:href="#sSpan2552" value="ⲙ︤ⲛ︥"/>
		<feat xlink:href="#sSpan2556" value="ϩⲉⲛ"/>
		<feat xlink:href="#sSpan2559" value="ϣⲉⲉⲣⲉ`"/>
		<feat xlink:href="#sSpan2562" value="ⲉⲃⲟⲗ"/>
		<feat xlink:href="#sSpan2566" value="ϩⲓⲧ︤ⲙ︥"/>
		<feat xlink:href="#sSpan2571" value="ⲡ"/>
		<feat xlink:href="#sSpan2574" value="ⲛⲟⲩⲧⲉ"/>
		<feat xlink:href="#sSpan2576" value="·"/>
		<feat xlink:href="#sSpan2580" value="ϫⲟⲟ"/>
		<feat xlink:href="#sSpan2585" value="ⲥ"/>
		<feat xlink:href="#sSpan2587" value="ϩ︤ⲛ︥"/>
		<feat xlink:href="#sSpan2591" value="ⲧⲉⲩ"/>
		<feat xlink:href="#sSpan2595" value="ⲙ︤ⲛ︦ⲧ︥ⲁⲧⲥⲟⲟⲩ⳯"/>
		<feat xlink:href="#sSpan2600" value="·"/>
		<feat xlink:href="#sSpan2604" value="ϫⲉ"/>
		<feat xlink:href="#sSpan2612" value="ⲡ"/>
		<feat xlink:href="#sSpan2615" value="ϫⲟⲉⲓⲥ"/>
		<feat xlink:href="#sSpan2617" value="ⲛⲁ"/>
		<feat xlink:href="#sSpan2621" value="ϯ"/>
		<feat xlink:href="#sSpan2624" value="ⲛ̄"/>
		<feat xlink:href="#sSpan2628" value="ϩⲉⲛ"/>
		<feat xlink:href="#sSpan2631" value="ⲥⲓⲟⲩⲣ`"/>
		<feat xlink:href="#sSpan2633" value="ⲙ︤ⲛ︥"/>
		<feat xlink:href="#sSpan2638" value="ⲙ̄"/>
		<feat xlink:href="#sSpan2642" value="ⲡⲁⲣⲑⲉⲛⲟⲥ"/>
		<feat xlink:href="#sSpan2645" value="ⲛ̄"/>
		<feat xlink:href="#sSpan2649" value="ⲟⲩ"/>
		<feat xlink:href="#sSpan2652" value="ⲙⲁ`"/>
		<feat xlink:href="#sSpan2654" value="ⲉ"/>
		<feat xlink:href="#sSpan2658" value="ϥ"/>
		<feat xlink:href="#sSpan2660" value="ⲥⲟⲧ︤ⲡ︥`"/>
		<feat xlink:href="#sSpan2663" value="ⲁⲩⲱ"/>
		<feat xlink:href="#sSpan2667" value="ⲛ̄"/>
		<feat xlink:href="#sSpan2671" value="ⲥⲟⲉⲓⲧ`"/>
		<feat xlink:href="#sSpan2675" value="ⲉ"/>
		<feat xlink:href="#sSpan2679" value="ⲛⲁⲛⲟⲩ"/>
		<feat xlink:href="#sSpan2682" value="ϥ"/>
		<feat xlink:href="#sSpan2684" value="ⲉ"/>
		<feat xlink:href="#sSpan2688" value="ϣⲏⲣⲉ`"/>
		<feat xlink:href="#sSpan2691" value="ϩⲓ"/>
		<feat xlink:href="#sSpan2696" value="ϣⲉⲉⲣⲉ"/>
		<feat xlink:href="#sSpan2699" value="·"/>
		<feat xlink:href="#sSpan2704" value="ⲛ̄"/>
		<feat xlink:href="#sSpan2713" value="ⲥⲉ"/>
		<feat xlink:href="#sSpan2715" value="ⲥⲟⲧⲡ︤"/>
		<feat xlink:href="#sSpan2717" value="ⲥ︥"/>
		<feat xlink:href="#sSpan2719" value="ⲛⲁ"/>
		<feat xlink:href="#sSpan2723" value="ⲩ`"/>
		<feat xlink:href="#sSpan2725" value="ⲛ̄ϭⲓ"/>
		<feat xlink:href="#sSpan2730" value="ϩⲟⲓ̈ⲛⲉ`"/>
		<feat xlink:href="#sSpan2733" value="ϩⲣⲁⲓ̈"/>
		<feat xlink:href="#sSpan2737" value="ⲛ̄ϩⲏⲧ︤"/>
		<feat xlink:href="#sSpan2742" value="ⲛ︥"/>
		<feat xlink:href="#sSpan2744" value="ϩⲁⲧⲏ"/>
		<feat xlink:href="#sSpan2748" value="ⲛ`"/>
		<feat xlink:href="#sSpan2751" value="ⲏ̂"/>
		<feat xlink:href="#sSpan2756" value="ϩⲁⲧ︤ⲛ︥"/>
		<feat xlink:href="#sSpan2760" value="ⲧⲏⲩⲧ︤ⲛ︥"/>
		<feat xlink:href="#sSpan2762" value="ⲛ̄ⲧⲱⲧ︤ⲛ︥"/>
		<feat xlink:href="#sSpan2767" value="·"/>
		<feat xlink:href="#sSpan2771" value="ⲉ"/>
		<feat xlink:href="#sSpan2778" value="ⲧⲣⲉ"/>
		<feat xlink:href="#sSpan2781" value="ⲩ"/>
		<feat xlink:href="#sSpan2784" value="ⲁⲡⲟⲧⲁⲥⲥⲉ`"/>
		<feat xlink:href="#sSpan2787" value="ⲛ̄"/>
		<feat xlink:href="#sSpan2791" value="ⲛⲉ"/>
		<feat xlink:href="#sSpan2794" value="ⲛⲧ"/>
		<feat xlink:href="#sSpan2796" value="ⲁ"/>
		<feat xlink:href="#sSpan2798" value="ⲩ"/>
		<feat xlink:href="#sSpan2800" value="ϭⲁⲗⲱ"/>
		<feat xlink:href="#sSpan2803" value="ⲟⲩ"/>
		<feat xlink:href="#sSpan2805" value="ⲉⲣⲟ"/>
		<feat xlink:href="#sSpan2809" value="ⲟⲩ̣"/>
		<feat xlink:href="#sSpan2813" value="ⲉ"/>
		<feat xlink:href="#sSpan2817" value="ⲧ︤ⲙ̣︥"/>
		<feat xlink:href="#sSpan2819" value="ⲧⲣⲉ"/>
		<feat xlink:href="#sSpan2821" value="ⲩ"/>
		<feat xlink:href="#sSpan2823" value="ϥⲓ"/>
		<feat xlink:href="#sSpan2826" value="ⲡⲉⲩ"/>
		<feat xlink:href="#sSpan2831" value="ⲣⲟⲟⲩϣ"/>
		<feat xlink:href="#sSpan2833" value="ⲉ"/>
		<feat xlink:href="#sSpan2838" value="ⲩ"/>
		<feat xlink:href="#sSpan2840" value="ϫⲱ"/>
		<feat xlink:href="#sSpan2842" value="ⲙ̄ⲙⲟ"/>
		<feat xlink:href="#sSpan2846" value="ⲥ"/>
		<feat xlink:href="#sSpan2848" value="ϫⲉ"/>
		<feat xlink:href="#sSpan2856" value="ⲧ︤ⲛ︥"/>
		<feat xlink:href="#sSpan2858" value="ⲛⲁ"/>
		<feat xlink:href="#sSpan2860" value="ⲣ̄ϩⲛⲁ"/>
		<feat xlink:href="#sSpan2862" value="[ϥ]"/>
		<feat xlink:href="#sSpan2864" value="ⲙ̄"/>
		<feat xlink:href="#sSpan2867" value="ⲡ"/>
		<feat xlink:href="#sSpan2870" value="ⲛⲟⲩⲧⲉ"/>
		<feat xlink:href="#sSpan2872" value="·"/>
		<feat xlink:href="#sSpan2876" value="ⲁⲩⲱ"/>
		<feat xlink:href="#sSpan2884" value="ⲙ̄"/>
		<feat xlink:href="#sSpan2888" value="ⲡⲉⲛ"/>
		<feat xlink:href="#sSpan2891" value="ⲣⲟⲟⲩϣ`"/>
		<feat xlink:href="#sSpan2894" value="ⲁⲛ"/>
		<feat xlink:href="#sSpan2898" value="ⲡⲉ"/>
		<feat xlink:href="#sSpan2902" value="ϩⲁ"/>
		<feat xlink:href="#sSpan2906" value="ⲛⲁⲓ̈"/>
		<feat xlink:href="#sSpan2910" value="ⲙ︤ⲛ︥"/>
		<feat xlink:href="#sSpan2914" value="ⲛⲉⲓ̈"/>
		<feat xlink:href="#sSpan2917" value="ⲕⲟⲟⲩⲉ`"/>
		<feat xlink:href="#sSpan2920" value="·"/>
		<feat xlink:href="#sSpan2924" value="ⲁⲩⲱ"/>
		<feat xlink:href="#sSpan2931" value="ϩ︤ⲙ︥"/>
		<feat xlink:href="#sSpan2935" value="ⲡⲉⲩ"/>
		<feat xlink:href="#sSpan2939" value="ⲧⲱⲙ`"/>
		<feat xlink:href="#sSpan2941" value="ⲛ̄"/>
		<feat xlink:href="#sSpan2945" value="ϩⲏⲧ`"/>
		<feat xlink:href="#sSpan2949" value="ⲉ"/>
		<feat xlink:href="#sSpan2953" value="ⲩ"/>
		<feat xlink:href="#sSpan2955" value="ⲉⲓⲛⲉ"/>
		<feat xlink:href="#sSpan2958" value="ⲉϩⲟⲩⲛ`"/>
		<feat xlink:href="#sSpan2963" value="ⲙ̄"/>
		<feat xlink:href="#sSpan2967" value="ⲡ"/>
		<feat xlink:href="#sSpan2970" value="ϣⲁϫⲉ`"/>
		<feat xlink:href="#sSpan2973" value="ⲙ̄"/>
		<feat xlink:href="#sSpan2977" value="ⲡⲉ"/>
		<feat xlink:href="#sSpan2981" value="ⲡⲣⲟⲫⲏⲧⲏⲥ"/>
		<feat xlink:href="#sSpan2984" value="·"/>
		<feat xlink:href="#sSpan2988" value="ⲉ"/>
		<feat xlink:href="#sSpan2995" value="ⲩ"/>
		<feat xlink:href="#sSpan2997" value="ⲃⲱⲗ`"/>
		<feat xlink:href="#sSpan3000" value="ⲙ̄ⲙⲟ"/>
		<feat xlink:href="#sSpan3004" value="ϥ`"/>
		<feat xlink:href="#sSpan3006" value="ⲉϫ︤ⲙ︥"/>
		<feat xlink:href="#sSpan3011" value="ⲡ"/>
		<feat xlink:href="#sSpan3014" value="ⲟⲩⲱϣ`"/>
		<feat xlink:href="#sSpan3016" value="ⲙ̄"/>
		<feat xlink:href="#sSpan3021" value="ⲡⲉⲩ"/>
		<feat xlink:href="#sSpan3024" value="ϩⲏⲧ`"/>
		<feat xlink:href="#sSpan3026" value="·"/>
		<feat xlink:href="#sSpan3030" value="ⲙ︤ⲛ︥"/>
		<feat xlink:href="#sSpan3035" value="ⲡⲉⲩ"/>
		<feat xlink:href="#sSpan3038" value="ⲙ̄ⲧⲟⲛ"/>
		<feat xlink:href="#sSpan3040" value="ⲙ̄ⲙⲓⲛ`ⲙ̄ⲙⲟ"/>
		<feat xlink:href="#sSpan3045" value="ⲟⲩ`"/>
		<feat xlink:href="#sSpan3049" value="ⲉ"/>
		<feat xlink:href="#sSpan3054" value="ⲩ"/>
		<feat xlink:href="#sSpan3056" value="ϫⲱ"/>
		<feat xlink:href="#sSpan3058" value="ⲙ̄ⲙⲟ"/>
		<feat xlink:href="#sSpan3062" value="ⲥ"/>
		<feat xlink:href="#sSpan3064" value="ϫⲉ"/>
		<feat xlink:href="#sSpan3072" value="ⲡ"/>
		<feat xlink:href="#sSpan3075" value="ϫⲟⲉⲓⲥ"/>
		<feat xlink:href="#sSpan3077" value="ⲛⲁ"/>
		<feat xlink:href="#sSpan3081" value="ϯ"/>
		<feat xlink:href="#sSpan3084" value="ⲛ̄"/>
		<feat xlink:href="#sSpan3088" value="ⲛⲉ"/>
		<feat xlink:href="#sSpan3091" value="ⲥⲓⲟⲩⲣ`"/>
		<feat xlink:href="#sSpan3093" value="ⲙ︤ⲛ︥"/>
		<feat xlink:href="#sSpan3098" value="ⲙ̄"/>
		<feat xlink:href="#sSpan3102" value="ⲡⲁⲣⲑⲉⲛⲟⲥ"/>
		<feat xlink:href="#sSpan3105" value="ⲛ̄"/>
		<feat xlink:href="#sSpan3109" value="ⲟⲩ"/>
		<feat xlink:href="#sSpan3112" value="ⲙ︤ⲛ︦ⲧ︥ⲉⲣⲟ`"/>
		<feat xlink:href="#sSpan3115" value="ⲛ̄ⲧⲉ"/>
		<feat xlink:href="#sSpan3119" value="ⲙ̄"/>
		<feat xlink:href="#sSpan3122" value="ⲡⲏⲩⲉ"/>
		<feat xlink:href="#sSpan3125" value="·"/>
		<feat xlink:href="#sSpan3129" value="ⲁⲩⲱ"/>
		<feat xlink:href="#sSpan3138" value="ⲛ̄"/>
		<feat xlink:href="#sSpan3143" value="ⲧⲉⲓ̈"/>
		<feat xlink:href="#sSpan3145" value="ϩⲉ"/>
		<feat xlink:href="#sSpan3147" value="ⲛ̄"/>
		<feat xlink:href="#sSpan3151" value="ⲥⲉ"/>
		<feat xlink:href="#sSpan3154" value="ⲁⲡⲟⲧⲁⲥⲥⲉ"/>
		<feat xlink:href="#sSpan3157" value="ⲛ̄"/>
		<feat xlink:href="#sSpan3161" value="ϩⲉⲛ"/>
		<feat xlink:href="#sSpan3165" value="ⲕⲟⲟⲩⲉ`"/>
		<feat xlink:href="#sSpan3167" value="ⲉ"/>
		<feat xlink:href="#sSpan3172" value="ⲧ︤ⲙ︥"/>
		<feat xlink:href="#sSpan3174" value="ⲧⲣⲉ"/>
		<feat xlink:href="#sSpan3176" value="ⲩ"/>
		<feat xlink:href="#sSpan3178" value="ϥⲓ"/>
		<feat xlink:href="#sSpan3180" value="ⲡⲉⲩ"/>
		<feat xlink:href="#sSpan3186" value="ⲣⲟⲟⲩϣ`"/>
		<feat xlink:href="#sSpan3188" value="[ ]"/>
		<feat xlink:href="#sSpan3199" value="[ ]"/>
		<feat xlink:href="#sSpan3204" value="[ ]"/>
		<feat xlink:href="#sSpan3210" value="[.....]ⲡ̣ⲣ̣[..][....]ⲥ̣"/>
		<feat xlink:href="#sSpan3215" value="·"/>
		<feat xlink:href="#sSpan3219" value="ϫⲉ"/>
		<feat xlink:href="#sSpan3223" value="ⲙ̣[.....]ⲟⲓ"/>
		<feat xlink:href="#sSpan3226" value="ⲙ̄ⲙⲟ"/>
		<feat xlink:href="#sSpan3230" value="ϥ"/>
		<feat xlink:href="#sSpan3232" value="·"/>
		<feat xlink:href="#sSpan3236" value="[....]ϫ̣ⲉ"/>
		<feat xlink:href="#sSpan3244" value="ⲙ̄ⲡⲟⲩ"/>
		<feat xlink:href="#sSpan3249" value="[..]ⲥ̣ⲃⲱ`"/>
		<feat xlink:href="#sSpan3252" value="ⲉⲛⲉϩ"/>
		<feat xlink:href="#sSpan3257" value="ⲛ̣̄ⲧⲟⲟⲧ︤"/>
		<feat xlink:href="#sSpan3262" value="ϥ︥"/>
		<feat xlink:href="#sSpan3264" value="ⲙ̄"/>
		<feat xlink:href="#sSpan3268" value="ⲡ"/>
		<feat xlink:href="#sSpan3272" value="ⲁ[ⲡⲟⲥ]ⲧⲟⲗⲟⲥ"/>
		<feat xlink:href="#sSpan3275" value="ⲉ"/>
		<feat xlink:href="#sSpan3279" value="ϥ"/>
		<feat xlink:href="#sSpan3281" value="[..]ⲱ"/>
		<feat xlink:href="#sSpan3284" value="ⲙ̄ⲙⲟ"/>
		<feat xlink:href="#sSpan3288" value="ⲥ"/>
		<feat xlink:href="#sSpan3290" value="·"/>
		<feat xlink:href="#sSpan3294" value="[..]ⲉ̣"/>
		<feat xlink:href="#sSpan3302" value="ⲙ̄ⲡ︤ⲣ︥ⲧⲣⲉ"/>
		<feat xlink:href="#sSpan3304" value="[..]ⲁⲩ"/>
		<feat xlink:href="#sSpan3307" value="ϣⲓⲛⲉ`"/>
		<feat xlink:href="#sSpan3310" value="ⲛ̄[.]ⲁ"/>
		<feat xlink:href="#sSpan3315" value="ⲧⲉϥ"/>
		<feat xlink:href="#sSpan3318" value="ⲛⲟϥⲣⲉ`"/>
		<feat xlink:href="#sSpan3322" value="ⲁⲗⲗⲁ"/>
		<feat xlink:href="#sSpan3326" value="ⲧⲁ"/>
		<feat xlink:href="#sSpan3331" value="ⲕⲉ"/>
		<feat xlink:href="#sSpan3333" value="ⲟⲩⲁ`"/>
		<feat xlink:href="#sSpan3337" value="ⲕⲁⲧⲁ"/>
		<feat xlink:href="#sSpan3344" value="ⲑ"/>
		<feat xlink:href="#sSpan3346" value="ⲉ"/>
		<feat xlink:href="#sSpan3348" value="ϩⲱⲱ"/>
		<feat xlink:href="#sSpan3353" value="ϥ"/>
		<feat xlink:href="#sSpan3355" value="ⲟⲛ"/>
		<feat xlink:href="#sSpan3359" value="ⲉⲧⲉ"/>
		<feat xlink:href="#sSpan3364" value="ⲙ̄ⲡ︤"/>
		<feat xlink:href="#sSpan3368" value="ϥ︥"/>
		<feat xlink:href="#sSpan3370" value="ϣⲓⲛⲉ"/>
		<feat xlink:href="#sSpan3373" value="ⲛ̄ⲥⲁ"/>
		<feat xlink:href="#sSpan3378" value="ⲧⲉϥ"/>
		<feat xlink:href="#sSpan3381" value="ⲛⲟϥⲣⲉ`"/>
		<feat xlink:href="#sSpan3385" value="ⲁⲗⲗⲁ"/>
		<feat xlink:href="#sSpan3389" value="ⲧⲁ"/>
		<feat xlink:href="#sSpan3394" value="ϩⲁϩ"/>
		<feat xlink:href="#sSpan3397" value="ϫⲉ"/>
		<feat xlink:href="#sSpan3404" value="ⲉⲩⲉ"/>
		<feat xlink:href="#sSpan3406" value="ⲟⲩϫⲁⲓ̈"/>
		<feat xlink:href="#sSpan3409" value="·"/>
		<feat xlink:href="#sSpan3414" value="ⲙⲁⲗⲓⲥⲧⲁ"/>
		<feat xlink:href="#sSpan3425" value="ⲇ̣ⲉ"/>
		<feat xlink:href="#sSpan3429" value="ⲡⲉ"/>
		<feat xlink:href="#sSpan3435" value="ⲡⲣⲟⲫⲏⲧⲏⲥ`"/>
		<feat xlink:href="#sSpan3438" value="ⲉⲧⲉⲣⲉ"/>
		<feat xlink:href="#sSpan3443" value="ⲛⲓ"/>
		<feat xlink:href="#sSpan3446" value="ⲁⲧⲥⲃⲱ̂"/>
		<feat xlink:href="#sSpan3448" value="ⲃⲱⲗ`"/>
		<feat xlink:href="#sSpan3453" value="ⲙ̄"/>
		<feat xlink:href="#sSpan3457" value="ⲡⲉϥ"/>
		<feat xlink:href="#sSpan3460" value="ϣⲁϫⲉ`"/>
		<feat xlink:href="#sSpan3463" value="ⲉϫ︤ⲙ︥"/>
		<feat xlink:href="#sSpan3467" value="ⲡⲉⲩ"/>
		<feat xlink:href="#sSpan3471" value="ⲟⲩⲱϣ`"/>
		<feat xlink:href="#sSpan3473" value="ⲙ̄ⲙⲓⲛⲙ̄ⲙⲟ"/>
		<feat xlink:href="#sSpan3478" value="ⲟⲩ"/>
		<feat xlink:href="#sSpan3480" value="·"/>
		<feat xlink:href="#sSpan3484" value="ϫⲉ"/>
		<feat xlink:href="#sSpan3492" value="ⲡ"/>
		<feat xlink:href="#sSpan3495" value="ϫⲟⲉⲓⲥ"/>
		<feat xlink:href="#sSpan3497" value="ⲛⲁ"/>
		<feat xlink:href="#sSpan3502" value="ϯ"/>
		<feat xlink:href="#sSpan3504" value="ⲛ̄"/>
		<feat xlink:href="#sSpan3508" value="ⲛⲉ"/>
		<feat xlink:href="#sSpan3510" value="ⲥⲓ[....]ⲟⲩ"/>
		<feat xlink:href="#sSpan3514" value="ⲙⲁ"/>
		<feat xlink:href="#sSpan3517" value="[...]ⲟⲧ︤ⲡ︥"/>
		<feat xlink:href="#sSpan3522" value="·"/>
		<feat xlink:href="#sSpan3526" value="[...]ⲛ̄"/>
		<feat xlink:href="#sSpan3531" value="ⲥⲟⲉⲓⲧ`"/>
		<feat xlink:href="#sSpan3534" value="ⲉ̣"/>
		<feat xlink:href="#sSpan3539" value="ⲛⲁⲛⲟⲩ"/>
		<feat xlink:href="#sSpan3541" value="ϥ̣"/>
		<feat xlink:href="#sSpan3543" value="ⲉ"/>
		<feat xlink:href="#sSpan3547" value="ϣⲏⲣⲉ`"/>
		<feat xlink:href="#sSpan3551" value="ϩⲓ"/>
		<feat xlink:href="#sSpan3555" value="ϣⲉⲉⲣⲉ"/>
		<feat xlink:href="#sSpan3559" value="·"/>
		<feat xlink:href="#sSpan3563" value="ⲛ̄ⲧⲟϥ"/>
		<feat xlink:href="#sSpan3570" value="Ϩⲱⲱ"/>
		<feat xlink:href="#sSpan3575" value="ϥ`"/>
		<feat xlink:href="#sSpan3577" value="ⲟⲛ`"/>
		<feat xlink:href="#sSpan3582" value="ⲏ̂ⲥⲁⲓ̈ⲁⲥ"/>
		<feat xlink:href="#sSpan3588" value="ⲟⲩ"/>
		<feat xlink:href="#sSpan3593" value="ⲙⲟⲛⲟ⳯"/>
		<feat xlink:href="#sSpan3597" value="ϫⲉ"/>
		<feat xlink:href="#sSpan3602" value="ⲁ"/>
		<feat xlink:href="#sSpan3604" value="ϥ"/>
		<feat xlink:href="#sSpan3607" value="ϣ︤ⲡ︥ϩⲁϩ"/>
		<feat xlink:href="#sSpan3610" value="ⲛ̄"/>
		<feat xlink:href="#sSpan3615" value="ϩⲓⲥⲉ`"/>
		<feat xlink:href="#sSpan3618" value="ⲉⲧⲃⲉ"/>
		<feat xlink:href="#sSpan3622" value="ⲡ"/>
		<feat xlink:href="#sSpan3626" value="ⲣⲁⲛ`"/>
		<feat xlink:href="#sSpan3628" value="ⲙ̄"/>
		<feat xlink:href="#sSpan3632" value="ⲡ"/>
		<feat xlink:href="#sSpan3635" value="ⲛⲟⲩⲧⲉ"/>
		<feat xlink:href="#sSpan3638" value="·"/>
		<feat xlink:href="#sSpan3643" value="ⲁⲗⲗⲁ"/>
		<feat xlink:href="#sSpan3650" value="ⲁ"/>
		<feat xlink:href="#sSpan3654" value="ϥ"/>
		<feat xlink:href="#sSpan3656" value="ⲙⲟⲩ"/>
		<feat xlink:href="#sSpan3659" value="ϩⲁ"/>
		<feat xlink:href="#sSpan3663" value="ϩⲉⲛ"/>
		<feat xlink:href="#sSpan3666" value="ⲙⲏⲏϣⲉ`"/>
		<feat xlink:href="#sSpan3669" value="ⲉ"/>
		<feat xlink:href="#sSpan3673" value="ⲛⲁϣⲱ"/>
		<feat xlink:href="#sSpan3676" value="ⲟⲩ"/>
		<feat xlink:href="#sSpan3678" value="·"/>
		<feat xlink:href="#sSpan3682" value="ⲁⲩⲱ"/>
		<feat xlink:href="#sSpan3686" value="ϩⲁⲣⲟ"/>
		<feat xlink:href="#sSpan3691" value="ⲛ"/>
		<feat xlink:href="#sSpan3693" value="ⲧⲏⲣ︤"/>
		<feat xlink:href="#sSpan3697" value="ⲛ︥"/>
		<feat xlink:href="#sSpan3699" value="·"/>
		<feat xlink:href="#sSpan3704" value="ⲟⲩ"/>
		<feat xlink:href="#sSpan3714" value="ⲉⲓⲱⲧ`"/>
		<feat xlink:href="#sSpan3717" value="ⲏ̂"/>
		<feat xlink:href="#sSpan3721" value="ⲟⲩ"/>
		<feat xlink:href="#sSpan3726" value="ⲙⲁⲁⲩ`"/>
		<feat xlink:href="#sSpan3729" value="ⲉ"/>
		<feat xlink:href="#sSpan3733" value="ⲩⲛ̄ⲧⲁ"/>
		<feat xlink:href="#sSpan3735" value="ⲩ"/>
		<feat xlink:href="#sSpan3737" value="ⲙ̄ⲙⲁⲩ`"/>
		<feat xlink:href="#sSpan3742" value="ⲛ̄"/>
		<feat xlink:href="#sSpan3746" value="ϩⲉⲛ"/>
		<feat xlink:href="#sSpan3749" value="ϣⲏⲣⲉ`"/>
		<feat xlink:href="#sSpan3752" value="ⲙ︤ⲛ︥"/>
		<feat xlink:href="#sSpan3756" value="ϩⲉⲛ"/>
		<feat xlink:href="#sSpan3759" value="ϣⲉⲉⲣⲉ"/>
		<feat xlink:href="#sSpan3762" value="·"/>
		<feat xlink:href="#sSpan3766" value="ⲙ︤ⲛ︥"/>
		<feat xlink:href="#sSpan3770" value="ⲛ̄"/>
		<feat xlink:href="#sSpan3773" value="ϣⲏⲣⲉ`"/>
		<feat xlink:href="#sSpan3776" value="ⲛ̄"/>
		<feat xlink:href="#sSpan3780" value="ⲛⲉⲩ"/>
		<feat xlink:href="#sSpan3783" value="ϣⲏⲣⲉ`"/>
		<feat xlink:href="#sSpan3786" value="·"/>
		<feat xlink:href="#sSpan3790" value="ⲙ︤ⲛ︥"/>
		<feat xlink:href="#sSpan3794" value="ϩⲉ⳯"/>
		<feat xlink:href="#sSpan3797" value="ϩⲩⲡⲁⲣⲭⲟⲛⲧⲁ`"/>
		<feat xlink:href="#sSpan3800" value="ⲉ"/>
		<feat xlink:href="#sSpan3805" value="ⲛⲁϣⲱ"/>
		<feat xlink:href="#sSpan3807" value="ⲟⲩ"/>
		<feat xlink:href="#sSpan3809" value="·"/>
		<feat xlink:href="#sSpan3813" value="ⲁⲩⲱ"/>
		<feat xlink:href="#sSpan3821" value="ⲉ"/>
		<feat xlink:href="#sSpan3825" value="ⲩ"/>
		<feat xlink:href="#sSpan3828" value="ⲁⲛⲁⲅⲕⲁⲍⲉ"/>
		<feat xlink:href="#sSpan3831" value="ⲙ̄ⲙⲟ"/>
		<feat xlink:href="#sSpan3835" value="ⲟⲩ"/>
		<feat xlink:href="#sSpan3837" value="ϩⲓⲧ︤ⲛ︥"/>
		<feat xlink:href="#sSpan3842" value="ⲛⲉ"/>
		<feat xlink:href="#sSpan3845" value="ϩⲃⲏⲟⲩⲉ`"/>
		<feat xlink:href="#sSpan3848" value="ⲙ̄"/>
		<feat xlink:href="#sSpan3852" value="ⲡ"/>
		<feat xlink:href="#sSpan3855" value="ⲃⲓⲟⲥ`"/>
		<feat xlink:href="#sSpan3857" value="ⲉ"/>
		<feat xlink:href="#sSpan3862" value="ⲙ︤ⲛ︥"/>
		<feat xlink:href="#sSpan3864" value="ϣϭⲟⲙ`"/>
		<feat xlink:href="#sSpan3866" value="ⲙ̄ⲙⲟ"/>
		<feat xlink:href="#sSpan3871" value="ⲟⲩ`"/>
		<feat xlink:href="#sSpan3873" value="ⲉⲛⲉϩ`"/>
		<feat xlink:href="#sSpan3877" value="ⲉ"/>
		<feat xlink:href="#sSpan3884" value="ⲧⲣⲉ"/>
		<feat xlink:href="#sSpan3886" value="ⲩ̣"/>
		<feat xlink:href="#sSpan3888" value="[....]ⲥⲧⲁ`"/>
		<feat xlink:href="#sSpan3891" value="ⲉϫ[.....]"/>
		<feat xlink:href="#sSpan3895" value="ϣⲏⲣⲉ`"/>
		<feat xlink:href="#sSpan3899" value="ⲙ︤ⲛ̣︥"/>
		<feat xlink:href="#sSpan3903" value="[...]"/>
		<feat xlink:href="#sSpan3905" value="ϣⲉⲉⲣⲉ`"/>
		<feat xlink:href="#sSpan3909" value="ⲙ︤ⲛ︥"/>
		<feat xlink:href="#sSpan3913" value="ⲛ̣̄"/>
		<feat xlink:href="#sSpan3916" value="ⲕⲉ"/>
		<feat xlink:href="#sSpan3919" value="ϩⲃⲏⲩⲉ`"/>
		<feat xlink:href="#sSpan3921" value="ⲧⲏⲣ"/>
		<feat xlink:href="#sSpan3926" value="ⲟⲩ`"/>
		<feat xlink:href="#sSpan3928" value="ⲛ̄ⲧⲉ"/>
		<feat xlink:href="#sSpan3932" value="ⲡⲓ̈"/>
		<feat xlink:href="#sSpan3936" value="ⲁⲓⲱⲛ"/>
		<feat xlink:href="#sSpan3939" value="·"/>
		<feat xlink:href="#sSpan3943" value="ⲁⲩⲱ"/>
		<feat xlink:href="#sSpan3950" value="ⲛ̄"/>
		<feat xlink:href="#sSpan3954" value="ⲥⲉ"/>
		<feat xlink:href="#sSpan3956" value="ⲡⲣⲟϩⲓⲥⲧⲁ`"/>
		<feat xlink:href="#sSpan3959" value="ⲉϫ︤ⲛ︥"/>
		<feat xlink:href="#sSpan3963" value="ϩⲉⲛ"/>
		<feat xlink:href="#sSpan3967" value="ϣⲏⲣⲉ`"/>
		<feat xlink:href="#sSpan3969" value="ⲙ︤ⲛ︥"/>
		<feat xlink:href="#sSpan3973" value="ϩⲉⲛ"/>
		<feat xlink:href="#sSpan3977" value="ϣⲉⲉⲣⲉ`"/>
		<feat xlink:href="#sSpan3979" value="ⲉⲃⲟⲗ"/>
		<feat xlink:href="#sSpan3984" value="ϩⲓⲧ︤ⲙ︥"/>
		<feat xlink:href="#sSpan3988" value="ⲡ"/>
		<feat xlink:href="#sSpan3991" value="ⲛⲟⲩⲧⲉ"/>
		<feat xlink:href="#sSpan3994" value="·"/>
		<feat xlink:href="#sSpan3998" value="ⲙ︤ⲛ︥"/>
		<feat xlink:href="#sSpan4002" value="ϩⲉⲛ"/>
		<feat xlink:href="#sSpan4005" value="ⲕⲉ"/>
		<feat xlink:href="#sSpan4007" value="ϩⲃⲏⲩⲉ"/>
		<feat xlink:href="#sSpan4010" value="ⲧⲏⲣ"/>
		<feat xlink:href="#sSpan4014" value="ⲟⲩ"/>
		<feat xlink:href="#sSpan4016" value="ⲛ̄"/>
		<feat xlink:href="#sSpan4021" value="ⲇⲓⲕⲁⲓⲟⲥⲩⲛⲏ`"/>
		<feat xlink:href="#sSpan4024" value="ⲙ̄ⲙ︤ⲛ︥"/>
		<feat xlink:href="#sSpan4032" value="ϣϭⲟⲙ"/>
		<feat xlink:href="#sSpan4036" value="ⲅⲁⲣ"/>
		<feat xlink:href="#sSpan4040" value="ⲉ"/>
		<feat xlink:href="#sSpan4045" value="ⲧⲣⲉ"/>
		<feat xlink:href="#sSpan4047" value="ⲛⲁⲓ̈"/>
		<feat xlink:href="#sSpan4050" value="ⲛ̄"/>
		<feat xlink:href="#sSpan4054" value="ⲧⲉⲓ"/>
		<feat xlink:href="#sSpan4056" value="ⲙⲓⲛⲉ"/>
		<feat xlink:href="#sSpan4060" value="ⲣ̄ϩ︤ⲙ︥ϩⲁⲗ`"/>
		<feat xlink:href="#sSpan4065" value="ⲛ̄"/>
		<feat xlink:href="#sSpan4070" value="ⲛ"/>
		<feat xlink:href="#sSpan4073" value="ⲉⲧ"/>
		<feat xlink:href="#sSpan4075" value="ϣⲟⲟⲡ"/>
		<feat xlink:href="#sSpan4077" value="ⲛⲁ"/>
		<feat xlink:href="#sSpan4082" value="ⲩ"/>
		<feat xlink:href="#sSpan4085" value="ⲕⲁⲧⲁ"/>
		<feat xlink:href="#sSpan4090" value="ⲥⲁⲣ︤ⲝ︥"/>
		<feat xlink:href="#sSpan4094" value="·"/>
		<feat xlink:href="#sSpan4098" value="ⲁⲩⲱ"/>
		<feat xlink:href="#sSpan4105" value="ⲛ̄"/>
		<feat xlink:href="#sSpan4109" value="ⲥⲉ"/>
		<feat xlink:href="#sSpan4112" value="ⲣ̄ϩ︤ⲙ︥ϩⲁⲗ"/>
		<feat xlink:href="#sSpan4116" value="ⲛ̄"/>
		<feat xlink:href="#sSpan4120" value="ϩⲉⲛ"/>
		<feat xlink:href="#sSpan4123" value="ⲕⲟⲟⲩⲉ`"/>
		<feat xlink:href="#sSpan4126" value="ⲉⲃⲟⲗ"/>
		<feat xlink:href="#sSpan4130" value="ϩⲓⲧ︤ⲙ︥"/>
		<feat xlink:href="#sSpan4135" value="ⲡ"/>
		<feat xlink:href="#sSpan4138" value="ⲛⲟⲩⲧⲉ"/>
		<feat xlink:href="#sSpan4141" value="ϩⲉⲛ"/>
		<feat xlink:href="#sSpan4151" value="ⲣⲱⲙⲉ"/>
		<feat xlink:href="#sSpan4154" value="ⲇⲉ"/>
		<feat xlink:href="#sSpan4158" value="ⲛ̄ⲧⲟϥ"/>
		<feat xlink:href="#sSpan4163" value="ⲉ"/>
		<feat xlink:href="#sSpan4167" value="ⲙ︤ⲛ︥ⲧⲁ"/>
		<feat xlink:href="#sSpan4169" value="ⲩ"/>
		<feat xlink:href="#sSpan4171" value="ⲙ̄ⲙⲁⲩ`"/>
		<feat xlink:href="#sSpan4176" value="ⲛ̄"/>
		<feat xlink:href="#sSpan4180" value="ϩⲉⲛ"/>
		<feat xlink:href="#sSpan4183" value="ϣⲏⲣⲉ`"/>
		<feat xlink:href="#sSpan4186" value="ⲙ︤ⲛ︥"/>
		<feat xlink:href="#sSpan4190" value="ϣⲉⲉⲣⲉ`"/>
		<feat xlink:href="#sSpan4195" value="ⲕⲁⲧⲁ"/>
		<feat xlink:href="#sSpan4200" value="ⲥⲁⲣ︤ⲝ︥"/>
		<feat xlink:href="#sSpan4203" value="·"/>
		<feat xlink:href="#sSpan4208" value="ⲏ̂"/>
		<feat xlink:href="#sSpan4216" value="ⲛ̄ⲧⲟϥ"/>
		<feat xlink:href="#sSpan4220" value="ⲉ"/>
		<feat xlink:href="#sSpan4224" value="ⲩⲛ̄ⲧⲁ"/>
		<feat xlink:href="#sSpan4227" value="ⲩ"/>
		<feat xlink:href="#sSpan4229" value="·"/>
		<feat xlink:href="#sSpan4233" value="ⲁⲩⲱ"/>
		<feat xlink:href="#sSpan4237" value="ⲛ̄"/>
		<feat xlink:href="#sSpan4241" value="ⲥⲉ"/>
		<feat xlink:href="#sSpan4244" value="ⲁⲡⲟⲧⲁⲥⲥⲉ`"/>
		<feat xlink:href="#sSpan4247" value="ⲙ̄[ ]"/>
		<feat xlink:href="#sSpan4254" value="[ ]"/>
		<feat xlink:href="#sSpan4262" value="[ ]"/>
		<feat xlink:href="#sSpan4267" value="[ ]"/>
		<feat xlink:href="#sSpan4273" value="ⲟϣⲉ̣"/>
		<feat xlink:href="#sSpan4279" value="ⲕⲁⲧⲁ"/>
		<feat xlink:href="#sSpan4284" value="ⲡⲉ"/>
		<feat xlink:href="#sSpan4287" value="ⲙⲡ̣ϣ̣ⲁ̣"/>
		<feat xlink:href="#sSpan4290" value="ⲙ̄"/>
		<feat xlink:href="#sSpan4297" value="ⲡ"/>
		<feat xlink:href="#sSpan4301" value="ⲧⲱϩ︤ⲙ︥"/>
		<feat xlink:href="#sSpan4304" value="ⲡ̣"/>
		<feat xlink:href="#sSpan4308" value="ⲉ̣ⲛ̣ⲧ̣"/>
		<feat xlink:href="#sSpan4310" value="ⲁ"/>
		<feat xlink:href="#sSpan4313" value="ϥ"/>
		<feat xlink:href="#sSpan4315" value="ⲧⲁϩⲙ"/>
		<feat xlink:href="#sSpan4318" value="ⲟⲩ`"/>
		<feat xlink:href="#sSpan4320" value="ⲉ"/>
		<feat xlink:href="#sSpan4324" value="ⲡⲉⲓ"/>
		<feat xlink:href="#sSpan4329" value="ⲃⲓⲟⲥ"/>
		<feat xlink:href="#sSpan4332" value="ⲡⲁⲓ̈"/>
		<feat xlink:href="#sSpan4336" value="·"/>
		<feat xlink:href="#sSpan4340" value="ⲛ̣ⲁⲓ̈"/>
		<feat xlink:href="#sSpan4348" value="ⲛⲉ"/>
		<feat xlink:href="#sSpan4353" value="ⲛ̄"/>
		<feat xlink:href="#sSpan4358" value="ⲥⲓⲟⲩⲣ`"/>
		<feat xlink:href="#sSpan4360" value="ⲙ̣︤ⲛ︥"/>
		<feat xlink:href="#sSpan4365" value="ⲙ̄"/>
		<feat xlink:href="#sSpan4370" value="ⲡⲁⲣⲑⲉⲛⲟⲥ"/>
		<feat xlink:href="#sSpan4372" value="ⲉⲧⲉ"/>
		<feat xlink:href="#sSpan4377" value="ⲛ̄ⲧⲱⲧ︤ⲛ︥"/>
		<feat xlink:href="#sSpan4379" value="ⲡⲉ"/>
		<feat xlink:href="#sSpan4384" value="ⲛⲉ"/>
		<feat xlink:href="#sSpan4389" value="ⲥⲛⲏⲩ̣"/>
		<feat xlink:href="#sSpan4391" value="ⲙ︤ⲛ︥"/>
		<feat xlink:href="#sSpan4396" value="ⲟⲩⲟⲛ"/>
		<feat xlink:href="#sSpan4400" value="ⲛⲓⲙ̣"/>
		<feat xlink:href="#sSpan4404" value="ⲉⲧ"/>
		<feat xlink:href="#sSpan4409" value="ⲉⲅⲕⲣⲁⲧⲉⲩⲉ̣"/>
		<feat xlink:href="#sSpan4411" value="ⲙ̄ⲙⲟ"/>
		<feat xlink:href="#sSpan4416" value="ⲟⲩ"/>
		<feat xlink:href="#sSpan4418" value="ϩ︤ⲛ︥"/>
		<feat xlink:href="#sSpan4422" value="ⲙⲁ`"/>
		<feat xlink:href="#sSpan4425" value="ⲛⲓⲙ"/>
		<feat xlink:href="#sSpan4430" value="·"/>
		<feat xlink:href="#sSpan4434" value="ϩ︤ⲙ︥"/>
		<feat xlink:href="#sSpan4441" value="ⲡ"/>
		<feat xlink:href="#sSpan4444" value="ⲕⲁϩ"/>
		<feat xlink:href="#sSpan4446" value="ⲧⲏⲣ︤"/>
		<feat xlink:href="#sSpan4451" value="ϥ︥"/>
		<feat xlink:href="#sSpan4453" value="·"/>
		<feat xlink:href="#sSpan4458" value="ⲉⲓⲧⲉ"/>
		<feat xlink:href="#sSpan4462" value="ⲛ"/>
		<feat xlink:href="#sSpan4468" value="ⲉⲧⲉ"/>
		<feat xlink:href="#sSpan4470" value="ⲛ̄"/>
		<feat xlink:href="#sSpan4472" value="ⲥⲉ"/>
		<feat xlink:href="#sSpan4474" value="ⲥⲟⲟⲩⲛ`"/>
		<feat xlink:href="#sSpan4477" value="ⲁⲛ`"/>
		<feat xlink:href="#sSpan4481" value="ϫⲉ"/>
		<feat xlink:href="#sSpan4485" value="ⲟ᷍ⲩ"/>
		<feat xlink:href="#sSpan4487" value="ⲡⲉ"/>
		<feat xlink:href="#sSpan4492" value="ⲡ"/>
		<feat xlink:href="#sSpan4497" value="ⲅⲁⲙⲟⲥ"/>
		<feat xlink:href="#sSpan4499" value="ⲉⲧ"/>
		<feat xlink:href="#sSpan4503" value="ⲧⲁⲓ̈ⲏⲩ"/>
		<feat xlink:href="#sSpan4506" value="·"/>
		<feat xlink:href="#sSpan4510" value="ⲙ︤ⲛ︥"/>
		<feat xlink:href="#sSpan4514" value="ⲡ"/>
		<feat xlink:href="#sSpan4517" value="ⲙⲁ"/>
		<feat xlink:href="#sSpan4519" value="ⲛ︤"/>
		<feat xlink:href="#sSpan4524" value="ⲛ︥ⲕⲟⲧ︤ⲕ︥"/>
		<feat xlink:href="#sSpan4526" value="ⲉⲧ"/>
		<feat xlink:href="#sSpan4530" value="ⲧⲃⲃⲏⲩ"/>
		<feat xlink:href="#sSpan4533" value="·"/>
		<feat xlink:href="#sSpan4538" value="ⲉⲓ̈ⲧⲉ"/>
		<feat xlink:href="#sSpan4542" value="ⲛ"/>
		<feat xlink:href="#sSpan4546" value="ⲉⲛⲧ"/>
		<feat xlink:href="#sSpan4548" value="ⲁ"/>
		<feat xlink:href="#sSpan4551" value="ⲩ"/>
		<feat xlink:href="#sSpan4554" value="ϫⲓϩⲓⲙⲉ"/>
		<feat xlink:href="#sSpan4557" value="·"/>
		<feat xlink:href="#sSpan4561" value="ⲙ︤ⲛ︥"/>
		<feat xlink:href="#sSpan4566" value="ⲛ"/>
		<feat xlink:href="#sSpan4569" value="ⲉⲛⲧ"/>
		<feat xlink:href="#sSpan4571" value="ⲁ"/>
		<feat xlink:href="#sSpan4573" value="ⲩ"/>
		<feat xlink:href="#sSpan4576" value="ϫⲓϩⲁⲓ̈"/>
		<feat xlink:href="#sSpan4580" value="·"/>
		<feat xlink:href="#sSpan4584" value="ⲁⲩⲱ"/>
		<feat xlink:href="#sSpan4591" value="ⲛ̄ⲧⲉⲣ"/>
		<feat xlink:href="#sSpan4596" value="ⲟⲩ"/>
		<feat xlink:href="#sSpan4599" value="ⲣ̄ϩⲛⲁ"/>
		<feat xlink:href="#sSpan4602" value="ⲩ`"/>
		<feat xlink:href="#sSpan4604" value="ⲉⲃⲟⲗ"/>
		<feat xlink:href="#sSpan4608" value="ϩⲓⲧ︤ⲙ︥"/>
		<feat xlink:href="#sSpan4613" value="ⲡ"/>
		<feat xlink:href="#sSpan4616" value="ⲛⲟⲩⲧⲉ"/>
		<feat xlink:href="#sSpan4618" value="ϩ︤ⲙ︥"/>
		<feat xlink:href="#sSpan4623" value="ⲡ"/>
		<feat xlink:href="#sSpan4626" value="ϣⲟϫⲛⲉ`"/>
		<feat xlink:href="#sSpan4628" value="ⲙ̄"/>
		<feat xlink:href="#sSpan4633" value="ⲡ"/>
		<feat xlink:href="#sSpan4636" value="ⲉⲛⲧ"/>
		<feat xlink:href="#sSpan4638" value="ⲁ"/>
		<feat xlink:href="#sSpan4640" value="ϥ"/>
		<feat xlink:href="#sSpan4642" value="ϫⲟⲟ"/>
		<feat xlink:href="#sSpan4644" value="ⲥ"/></featList></paula>