<?xml version='1.0' encoding='UTF-8'?><!DOCTYPE paula SYSTEM "paula_feat.dtd">
<paula version="1.1">
	<header paula_id="scriptorium.YA525-530.mark_morph"/>
	<featList xmlns:xlink="http://www.w3.org/1999/xlink" type="morph" xml:base="scriptorium.YA525-530.mark.xml">
		<feat xlink:href="#sSpan22" value="ⲙⲛⲧ"/>
		<feat xlink:href="#sSpan25" value="ⲁⲧ"/>
		<feat xlink:href="#sSpan27" value="ϩⲏⲧ"/>
		<feat xlink:href="#sSpan46" value="ⲙⲛⲧ"/>
		<feat xlink:href="#sSpan49" value="ⲃⲗⲗⲉ"/>
		<feat xlink:href="#sSpan96" value="ϯ"/>
		<feat xlink:href="#sSpan99" value="ⲧⲱⲛ"/>
		<feat xlink:href="#sSpan108" value="ⲙⲛⲧ"/>
		<feat xlink:href="#sSpan111" value="ⲁⲧ"/>
		<feat xlink:href="#sSpan112" value="ⲥⲱⲧⲙ"/>
		<feat xlink:href="#sSpan331" value="ⲙⲛⲧ"/>
		<feat xlink:href="#sSpan334" value="ⲥⲟϭ"/>
		<feat xlink:href="#sSpan471" value="ϯ"/>
		<feat xlink:href="#sSpan474" value="ⲧⲱⲛ"/>
		<feat xlink:href="#sSpan487" value="ⲙⲛⲧ"/>
		<feat xlink:href="#sSpan490" value="ⲁⲧ"/>
		<feat xlink:href="#sSpan491" value="ⲥⲃⲱ"/>
		<feat xlink:href="#sSpan1335" value="ϣⲡ"/>
		<feat xlink:href="#sSpan1338" value="ϩⲓⲥⲉ"/>
		<feat xlink:href="#sSpan1446" value="ⲙⲛⲧ"/>
		<feat xlink:href="#sSpan1449" value="ϫⲁⲥⲓ"/>
		<feat xlink:href="#sSpan1450" value="ϩⲏⲧ"/>
		<feat xlink:href="#sSpan1489" value="ϣⲡ"/>
		<feat xlink:href="#sSpan1492" value="ϩⲓⲥⲉ"/>
		<feat xlink:href="#sSpan1541" value="ϣⲡ"/>
		<feat xlink:href="#sSpan1546" value="ϩⲓⲥⲉ"/>
		<feat xlink:href="#sSpan1607" value="ϣⲡ"/>
		<feat xlink:href="#sSpan1610" value="ϩⲓⲥⲉ"/>
		<feat xlink:href="#sSpan1661" value="ϣⲡ"/>
		<feat xlink:href="#sSpan1667" value="ϩⲓⲥⲉ"/>
		<feat xlink:href="#sSpan1700" value="ⲙⲛⲧ"/>
		<feat xlink:href="#sSpan1703" value="ϫⲁⲥⲓ"/>
		<feat xlink:href="#sSpan1705" value="ϩⲏⲧ"/>
		<feat xlink:href="#sSpan1720" value="ⲙⲛⲧ"/>
		<feat xlink:href="#sSpan1723" value="ⲙⲁⲓ"/>
		<feat xlink:href="#sSpan1747" value="ⲣ"/>
		<feat xlink:href="#sSpan1750" value="ϩⲛⲁⲩ"/>
		<feat xlink:href="#sSpan1939" value="ϯ"/>
		<feat xlink:href="#sSpan1942" value="ⲥⲃⲱ"/>
		<feat xlink:href="#sSpan2104" value="ⲣ"/>
		<feat xlink:href="#sSpan2108" value="ϩⲛⲁⲩ"/>
		<feat xlink:href="#sSpan2593" value="ⲙⲛⲧ"/>
		<feat xlink:href="#sSpan2597" value="ⲁⲧ"/>
		<feat xlink:href="#sSpan2598" value="ⲥⲟⲟⲩⲛ"/>
		<feat xlink:href="#sSpan3605" value="ϣⲡ"/>
		<feat xlink:href="#sSpan3608" value="ϩⲁϩ"/>
		<feat xlink:href="#sSpan4058" value="ⲣ"/>
		<feat xlink:href="#sSpan4063" value="ϩⲙϩⲁⲗ"/>
		<feat xlink:href="#sSpan4110" value="ⲣ"/>
		<feat xlink:href="#sSpan4114" value="ϩⲙϩⲁⲗ"/>
		<feat xlink:href="#sSpan4552" value="ϫⲓ"/>
		<feat xlink:href="#sSpan4555" value="ϩⲓⲙⲉ"/>
		<feat xlink:href="#sSpan4574" value="ϫⲓ"/>
		<feat xlink:href="#sSpan4577" value="ϩⲁⲓ"/>
		<feat xlink:href="#sSpan4597" value="ⲣ"/>
		<feat xlink:href="#sSpan4600" value="ϩⲛⲁ"/></featList></paula>