<?xml version='1.0' encoding='UTF-8'?><!DOCTYPE paula SYSTEM "paula_feat.dtd">
<paula version="1.1">
	<header paula_id="scriptorium.YA525-530.mark_new_sent"/>
	<featList xmlns:xlink="http://www.w3.org/1999/xlink" type="new_sent" xml:base="scriptorium.YA525-530.mark.xml">
		<feat xlink:href="#sSpan2" value="true"/>
		<feat xlink:href="#sSpan56" value="true"/>
		<feat xlink:href="#sSpan164" value="true"/>
		<feat xlink:href="#sSpan258" value="true"/>
		<feat xlink:href="#sSpan326" value="true"/>
		<feat xlink:href="#sSpan393" value="true"/>
		<feat xlink:href="#sSpan513" value="true"/>
		<feat xlink:href="#sSpan660" value="true"/>
		<feat xlink:href="#sSpan764" value="true"/>
		<feat xlink:href="#sSpan942" value="true"/>
		<feat xlink:href="#sSpan1070" value="true"/>
		<feat xlink:href="#sSpan1236" value="true"/>
		<feat xlink:href="#sSpan1338" value="true"/>
		<feat xlink:href="#sSpan1434" value="true"/>
		<feat xlink:href="#sSpan1544" value="true"/>
		<feat xlink:href="#sSpan1590" value="true"/>
		<feat xlink:href="#sSpan1667" value="true"/>
		<feat xlink:href="#sSpan1713" value="true"/>
		<feat xlink:href="#sSpan1811" value="true"/>
		<feat xlink:href="#sSpan2014" value="true"/>
		<feat xlink:href="#sSpan2126" value="true"/>
		<feat xlink:href="#sSpan2188" value="true"/>
		<feat xlink:href="#sSpan2301" value="true"/>
		<feat xlink:href="#sSpan2548" value="true"/>
		<feat xlink:href="#sSpan2651" value="true"/>
		<feat xlink:href="#sSpan2752" value="true"/>
		<feat xlink:href="#sSpan2820" value="true"/>
		<feat xlink:href="#sSpan2903" value="true"/>
		<feat xlink:href="#sSpan2932" value="true"/>
		<feat xlink:href="#sSpan2981" value="true"/>
		<feat xlink:href="#sSpan3046" value="true"/>
		<feat xlink:href="#sSpan3123" value="true"/>
		<feat xlink:href="#sSpan3191" value="true"/>
		<feat xlink:href="#sSpan3252" value="true"/>
		<feat xlink:href="#sSpan3313" value="true"/>
		<feat xlink:href="#sSpan3374" value="true"/>
		<feat xlink:href="#sSpan3418" value="true"/>
		<feat xlink:href="#sSpan3477" value="true"/>
		<feat xlink:href="#sSpan3497" value="true"/>
		<feat xlink:href="#sSpan3568" value="true"/>
		<feat xlink:href="#sSpan3648" value="true"/>
		<feat xlink:href="#sSpan3731" value="true"/>
		<feat xlink:href="#sSpan3793" value="true"/>
		<feat xlink:href="#sSpan3903" value="true"/>
		<feat xlink:href="#sSpan4043" value="true"/>
		<feat xlink:href="#sSpan4125" value="true"/>
		<feat xlink:href="#sSpan4200" value="true"/>
		<feat xlink:href="#sSpan4244" value="true"/>
		<feat xlink:href="#sSpan4312" value="true"/>
		<feat xlink:href="#sSpan4364" value="true"/>
		<feat xlink:href="#sSpan4404" value="true"/>
		<feat xlink:href="#sSpan4458" value="true"/>
		<feat xlink:href="#sSpan4560" value="true"/>
		<feat xlink:href="#sSpan4711" value="true"/></featList></paula>