<?xml version='1.0' encoding='UTF-8'?><!DOCTYPE paula SYSTEM "paula_feat.dtd">
<paula version="1.1">
	<header paula_id="scriptorium.to_thieving_nuns.mark_pb_xml_id"/>
	<featList xmlns:xlink="http://www.w3.org/1999/xlink" type="pb_xml_id" xml:base="scriptorium.to_thieving_nuns.mark.xml">
		<feat xlink:href="#sSpan13" value="BA409"/>
		<feat xlink:href="#sSpan294" value="BA410"/>
		<feat xlink:href="#sSpan1063" value="BA411"/>
		<feat xlink:href="#sSpan1822" value="BA412"/>
		<feat xlink:href="#sSpan2611" value="BA413"/></featList></paula>