<?xml version='1.0' encoding='UTF-8'?><!DOCTYPE paula SYSTEM "paula_feat.dtd">
<paula version="1.1">
	<header paula_id="scriptorium.to_thieving_nuns.mark_norm_group"/>
	<featList xmlns:xlink="http://www.w3.org/1999/xlink" type="norm_group" xml:base="scriptorium.to_thieving_nuns.mark.xml">
		<feat xlink:href="#sSpan5" value="ⲱ"/>
		<feat xlink:href="#sSpan17" value="ⲧⲉⲧⲛⲣⲱϣⲉ"/>
		<feat xlink:href="#sSpan24" value="ⲛⲧⲱⲧⲛ"/>
		<feat xlink:href="#sSpan29" value="ⲛⲉⲧⲕⲁⲙⲁ"/>
		<feat xlink:href="#sSpan41" value="ⲙⲡⲥⲁⲧⲁⲛⲁⲥ"/>
		<feat xlink:href="#sSpan52" value="ⲉⲧⲣⲉϥⲉⲓ"/>
		<feat xlink:href="#sSpan63" value="ⲉϩⲟⲩⲛ"/>
		<feat xlink:href="#sSpan68" value="ⲛϥϫⲱϩⲙ"/>
		<feat xlink:href="#sSpan78" value="ⲛⲙⲙⲁ"/>
		<feat xlink:href="#sSpan87" value="ⲉⲧⲟⲩⲁⲁⲃ"/>
		<feat xlink:href="#sSpan94" value="ⲙⲡⲛⲟⲩⲧⲉ"/>
		<feat xlink:href="#sSpan104" value="·"/>
		<feat xlink:href="#sSpan108" value="ⲁⲩⲱ"/>
		<feat xlink:href="#sSpan114" value="ⲛⲧⲉⲧⲛⲥⲱⲱϥ"/>
		<feat xlink:href="#sSpan123" value="ⲙⲡⲉϥⲣⲡⲉ"/>
		<feat xlink:href="#sSpan133" value="ⲉⲧⲉⲛⲧⲱⲧⲛ"/>
		<feat xlink:href="#sSpan140" value="ⲡⲉ"/>
		<feat xlink:href="#sSpan144" value="ⲙⲙⲓⲛⲙⲙⲱⲧⲛ"/>
		<feat xlink:href="#sSpan152" value="·"/>
		<feat xlink:href="#sSpan156" value="ⲙⲡⲉⲧⲛⲣⲡⲙⲉⲉⲩⲉ"/>
		<feat xlink:href="#sSpan170" value="ⲛⲧⲁⲡⲟⲫⲁⲥⲓⲥ"/>
		<feat xlink:href="#sSpan182" value="ⲙⲡⲁⲡⲟⲥⲧⲟⲗⲟⲥ"/>
		<feat xlink:href="#sSpan193" value=","/>
		<feat xlink:href="#sSpan197" value="ϫⲉⲡⲉⲧⲛⲁⲥⲱⲱϥ"/>
		<feat xlink:href="#sSpan212" value="ⲙⲡⲉⲣⲡⲉ"/>
		<feat xlink:href="#sSpan222" value="ⲙⲡⲛⲟⲩⲧⲉ"/>
		<feat xlink:href="#sSpan234" value="."/>
		<feat xlink:href="#sSpan239" value="ⲡⲁⲓ"/>
		<feat xlink:href="#sSpan244" value="ⲡⲛⲟⲩⲧⲉ"/>
		<feat xlink:href="#sSpan251" value="ⲛⲁⲧⲁⲕⲟϥ"/>
		<feat xlink:href="#sSpan259" value=":"/>
		<feat xlink:href="#sSpan264" value="ⲟⲩⲧⲉ"/>
		<feat xlink:href="#sSpan273" value="ⲟⲛ"/>
		<feat xlink:href="#sSpan277" value="ⲙⲡⲉⲧⲛⲣⲡⲙⲉⲉⲩⲉ"/>
		<feat xlink:href="#sSpan290" value="ⲛⲛⲥⲁϩⲟⲩ"/>
		<feat xlink:href="#sSpan302" value="ⲧⲏⲣⲟⲩ"/>
		<feat xlink:href="#sSpan309" value="ⲉⲛⲧⲁⲡⲉⲛⲉⲓⲱⲧ"/>
		<feat xlink:href="#sSpan321" value="ϫⲟⲟⲩ"/>
		<feat xlink:href="#sSpan327" value="ⲉϥϯ"/>
		<feat xlink:href="#sSpan336" value="ⲙⲙⲟⲛ"/>
		<feat xlink:href="#sSpan343" value="ⲧⲏⲣⲛ"/>
		<feat xlink:href="#sSpan350" value="ⲉⲧⲟⲟⲧϥ"/>
		<feat xlink:href="#sSpan356" value="ⲙⲡⲛⲟⲩⲧⲉ"/>
		<feat xlink:href="#sSpan366" value="ⲉϥϫⲱ"/>
		<feat xlink:href="#sSpan376" value="ⲙⲙⲟⲥ"/>
		<feat xlink:href="#sSpan382" value=","/>
		<feat xlink:href="#sSpan386" value="ϫⲉϥⲥϩⲟⲩⲟⲣⲧ"/>
		<feat xlink:href="#sSpan397" value="ⲛϭⲓⲡⲉⲧⲛⲁϫⲱϩⲙ"/>
		<feat xlink:href="#sSpan411" value="ⲙⲡⲉϥⲥⲱⲙⲁ"/>
		<feat xlink:href="#sSpan423" value="ⲕⲁⲧⲁⲗⲁⲁⲩ"/>
		<feat xlink:href="#sSpan431" value="ⲛⲥⲙⲟⲧ"/>
		<feat xlink:href="#sSpan438" value="·"/>
		<feat xlink:href="#sSpan443" value="ⲏ"/>
		<feat xlink:href="#sSpan448" value="ⲛϥϫⲓⲟⲩⲉ"/>
		<feat xlink:href="#sSpan457" value="ϩⲛⲗⲁⲁⲩ"/>
		<feat xlink:href="#sSpan464" value="ⲛϩⲛⲟ"/>
		<feat xlink:href="#sSpan471" value="·"/>
		<feat xlink:href="#sSpan475" value="ϫⲓⲛⲟⲩϩⲱⲥ"/>
		<feat xlink:href="#sSpan485" value="ⲙⲛⲟⲩⲙⲟⲩⲥ"/>
		<feat xlink:href="#sSpan495" value="·"/>
		<feat xlink:href="#sSpan500" value="ⲙⲁⲗⲓⲥⲧⲁ"/>
		<feat xlink:href="#sSpan507" value="ϩⲟⲉⲓⲧⲉ"/>
		<feat xlink:href="#sSpan511" value="ϩⲓⲡⲣⲏϣ"/>
		<feat xlink:href="#sSpan519" value="ϩⲓⲕⲗⲁϥⲧ"/>
		<feat xlink:href="#sSpan527" value="·"/>
		<feat xlink:href="#sSpan531" value="ⲁⲩⲱ"/>
		<feat xlink:href="#sSpan535" value="ϣⲁϩⲣⲁⲓ"/>
		<feat xlink:href="#sSpan540" value="ⲉⲟⲩⲉⲗⲁⲭⲓⲥⲧⲟⲛ"/>
		<feat xlink:href="#sSpan551" value="ⲛϩⲛⲟ"/>
		<feat xlink:href="#sSpan559" value="ⲛⲟⲩⲱⲙ"/>
		<feat xlink:href="#sSpan565" value="·"/>
		<feat xlink:href="#sSpan570" value="ⲉⲓⲧⲉ"/>
		<feat xlink:href="#sSpan576" value="ⲉⲃⲟⲗ"/>
		<feat xlink:href="#sSpan581" value="ϩⲛⲛⲉϩⲛⲁⲁⲩ"/>
		<feat xlink:href="#sSpan591" value="ⲛⲧⲇⲓⲁⲕⲟⲛⲓⲁ"/>
		<feat xlink:href="#sSpan602" value="ⲙⲡⲛⲟⲩⲧⲉ"/>
		<feat xlink:href="#sSpan612" value="·"/>
		<feat xlink:href="#sSpan617" value="ⲉⲓⲧⲉ"/>
		<feat xlink:href="#sSpan622" value="ⲉⲃⲟⲗ"/>
		<feat xlink:href="#sSpan627" value="ϩⲛⲛⲧⲟ"/>
		<feat xlink:href="#sSpan637" value="ⲛⲛⲉⲧϩⲓⲧⲟⲩⲱⲟⲩ"/>
		<feat xlink:href="#sSpan652" value="·"/>
		<feat xlink:href="#sSpan657" value="ⲛⲉⲓⲙⲉⲉⲩⲉ"/>
		<feat xlink:href="#sSpan672" value="ⲙⲉⲛ"/>
		<feat xlink:href="#sSpan676" value="ⲡⲉ"/>
		<feat xlink:href="#sSpan681" value="ⲉⲉⲓ"/>
		<feat xlink:href="#sSpan687" value="ϣⲁⲣⲱⲧⲛ"/>
		<feat xlink:href="#sSpan694" value="ϩⲛⲟⲩⲧⲱⲧ"/>
		<feat xlink:href="#sSpan703" value="ⲛϩⲏⲧ"/>
		<feat xlink:href="#sSpan710" value="·"/>
		<feat xlink:href="#sSpan715" value="ⲁⲗⲗⲁ"/>
		<feat xlink:href="#sSpan720" value="ⲡⲉⲙⲕⲁϩ"/>
		<feat xlink:href="#sSpan728" value="ⲛϩⲏⲧ"/>
		<feat xlink:href="#sSpan735" value="ⲛⲛⲉⲛⲧⲁⲩϯϭⲱⲛⲧ"/>
		<feat xlink:href="#sSpan753" value="ⲙⲡⲛⲟⲩⲧⲉ"/>
		<feat xlink:href="#sSpan764" value="ⲁⲩⲱ"/>
		<feat xlink:href="#sSpan768" value="ⲁⲩⲗⲩⲡⲉⲓ"/>
		<feat xlink:href="#sSpan778" value="ⲙⲡⲉϥⲡⲛⲉⲩⲙⲁ"/>
		<feat xlink:href="#sSpan788" value="ⲉⲧⲟⲩⲁⲁⲃ"/>
		<feat xlink:href="#sSpan795" value="·"/>
		<feat xlink:href="#sSpan799" value="ⲡⲉⲛⲧⲁϥⲕⲱⲗⲩⲉ"/>
		<feat xlink:href="#sSpan813" value="ⲙⲡⲉⲛⲟⲩⲣⲟⲧ"/>
		<feat xlink:href="#sSpan823" value="·"/>
		<feat xlink:href="#sSpan828" value="ϯⲥⲟⲟⲩⲛ"/>
		<feat xlink:href="#sSpan840" value="ⲙⲉⲛ"/>
		<feat xlink:href="#sSpan844" value="ϫⲉⲡⲁⲙⲡϣⲁ"/>
		<feat xlink:href="#sSpan854" value="ⲡⲉ"/>
		<feat xlink:href="#sSpan859" value="ⲙⲕⲁϩ"/>
		<feat xlink:href="#sSpan864" value="ⲛϩⲏⲧ"/>
		<feat xlink:href="#sSpan870" value="ⲛⲓⲙ"/>
		<feat xlink:href="#sSpan875" value="·"/>
		<feat xlink:href="#sSpan879" value="ⲁⲗⲗⲁ"/>
		<feat xlink:href="#sSpan883" value="ⲉⲣϣⲁⲛⲡⲛⲟⲩⲧⲉ"/>
		<feat xlink:href="#sSpan893" value="ⲙⲛⲡⲉⲛϫⲟⲉⲓⲥ"/>
		<feat xlink:href="#sSpan903" value="ⲓⲏⲥⲟⲩⲥ"/>
		<feat xlink:href="#sSpan908" value="ⲣϩⲛⲁϥ"/>
		<feat xlink:href="#sSpan916" value="·"/>
		<feat xlink:href="#sSpan920" value="ϯⲛⲏⲩ"/>
		<feat xlink:href="#sSpan927" value="ϣⲁⲣⲱⲧⲛ"/>
		<feat xlink:href="#sSpan934" value="ϩⲛⲟⲩϭⲱⲛⲧ"/>
		<feat xlink:href="#sSpan944" value="·"/>
		<feat xlink:href="#sSpan948" value="ⲛⲧⲁⲉⲓⲣⲉ"/>
		<feat xlink:href="#sSpan959" value="ⲛⲛⲓⲁⲧⲥⲃⲱ"/>
		<feat xlink:href="#sSpan969" value="ⲁⲩⲱ"/>
		<feat xlink:href="#sSpan973" value="ⲛⲓⲡⲁⲣⲑⲉⲛⲟⲥ"/>
		<feat xlink:href="#sSpan982" value="ⲛⲥⲟϭ"/>
		<feat xlink:href="#sSpan989" value=","/>
		<feat xlink:href="#sSpan993" value="ⲉⲧⲉⲙⲛⲛⲉϩ"/>
		<feat xlink:href="#sSpan1003" value="ϩⲛⲛⲉⲩⲁⲅⲅⲓⲟⲛ"/>
		<feat xlink:href="#sSpan1014" value="ⲛⲛⲉⲧϩⲙⲡⲁϩⲏⲧ"/>
		<feat xlink:href="#sSpan1031" value="ⲧⲏⲣⲟⲩ"/>
		<feat xlink:href="#sSpan1038" value="·"/>
		<feat xlink:href="#sSpan1042" value="ϫⲉⲡⲁⲗⲓⲛ"/>
		<feat xlink:href="#sSpan1056" value="ⲟⲛ"/>
		<feat xlink:href="#sSpan1060" value="ⲛⲧⲉⲧⲛⲕⲉⲧⲧⲏⲩⲧⲛ"/>
		<feat xlink:href="#sSpan1072" value="ⲉⲡⲁϩⲟⲩ"/>
		<feat xlink:href="#sSpan1079" value="ϩⲓⲛⲓⲙⲛⲧⲣⲉϥϯϭⲱⲛⲧ"/>
		<feat xlink:href="#sSpan1094" value="ⲙⲡⲛⲟⲩⲧⲉ"/>
		<feat xlink:href="#sSpan1107" value="ⲛⲧⲉⲧⲛϩⲉ"/>
		<feat xlink:href="#sSpan1116" value="ⲉϩⲣⲁⲓ"/>
		<feat xlink:href="#sSpan1121" value="ⲉⲧⲟⲟⲧⲥ"/>
		<feat xlink:href="#sSpan1128" value="ⲛⲧⲥⲏϥⲉ"/>
		<feat xlink:href="#sSpan1137" value="ⲙⲡⲡⲟⲛⲏⲣⲟⲥ"/>
		<feat xlink:href="#sSpan1149" value="ⲡⲉⲛⲧⲁϥⲧⲁⲕⲟ"/>
		<feat xlink:href="#sSpan1164" value="ⲛⲧⲟⲓⲕⲟⲩⲙⲉⲛⲏ"/>
		<feat xlink:href="#sSpan1175" value="ⲧⲏⲣⲥ"/>
		<feat xlink:href="#sSpan1181" value="ϩⲛⲛⲉϥⲛⲟⲃⲉ"/>
		<feat xlink:href="#sSpan1192" value="ⲙⲛⲛⲉϥⲁⲛⲟⲙⲓⲁ"/>
		<feat xlink:href="#sSpan1204" value="·"/>
		<feat xlink:href="#sSpan1208" value="ⲉⲃⲟⲗ"/>
		<feat xlink:href="#sSpan1214" value="ϫⲉⲁⲧⲉⲧⲛⲙⲉⲣⲉⲡϫⲱϩⲙ"/>
		<feat xlink:href="#sSpan1231" value="·"/>
		<feat xlink:href="#sSpan1235" value="ⲉϩⲟⲩⲉⲡⲧⲃⲃⲟ"/>
		<feat xlink:href="#sSpan1248" value="·"/>
		<feat xlink:href="#sSpan1252" value="ⲁⲩⲱ"/>
		<feat xlink:href="#sSpan1256" value="ⲁⲧⲉⲧⲛⲥⲱⲧⲡ"/>
		<feat xlink:href="#sSpan1266" value="ⲛⲏⲧⲛ"/>
		<feat xlink:href="#sSpan1273" value="ⲙⲡⲙⲟⲩ"/>
		<feat xlink:href="#sSpan1282" value="·"/>
		<feat xlink:href="#sSpan1286" value="ⲉϩⲟⲩⲉⲡⲱⲛϩ"/>
		<feat xlink:href="#sSpan1296" value="·"/>
		<feat xlink:href="#sSpan1301" value="ⲁⲧⲉⲧⲛϯⲛⲟⲩϭⲥ"/>
		<feat xlink:href="#sSpan1317" value="ⲅⲁⲣ"/>
		<feat xlink:href="#sSpan1321" value="ⲙⲡⲉⲛⲧⲁϥⲧⲁⲙⲓⲉⲧⲏⲩⲧⲛ"/>
		<feat xlink:href="#sSpan1341" value="·"/>
		<feat xlink:href="#sSpan1345" value="ⲁⲩⲱ"/>
		<feat xlink:href="#sSpan1349" value="ⲁϥⲥⲁⲛϣⲧⲏⲩⲧⲛ"/>
		<feat xlink:href="#sSpan1360" value="ⲡⲛⲟⲩⲧⲉ"/>
		<feat xlink:href="#sSpan1368" value="ⲡϣⲁⲉⲛⲉϩ"/>
		<feat xlink:href="#sSpan1379" value="·"/>
		<feat xlink:href="#sSpan1383" value="ⲁⲧⲉⲧⲛϯⲙⲕⲁϩ"/>
		<feat xlink:href="#sSpan1396" value="ⲛϩⲏⲧ"/>
		<feat xlink:href="#sSpan1404" value="ⲇⲉ"/>
		<feat xlink:href="#sSpan1410" value="ⲟⲛ"/>
		<feat xlink:href="#sSpan1414" value="ⲛⲧⲉⲛⲧⲁⲥϣⲉⲡϣⲡⲧⲏⲩⲧⲛ"/>
		<feat xlink:href="#sSpan1433" value="ⲧϩⲓⲉⲣⲟⲩⲥⲁⲗⲏⲙ"/>
		<feat xlink:href="#sSpan1441" value="ⲉⲧⲉⲧⲥⲩⲛⲁⲅⲱⲅⲏ"/>
		<feat xlink:href="#sSpan1453" value="ⲧⲉ"/>
		<feat xlink:href="#sSpan1458" value="·"/>
		<feat xlink:href="#sSpan1462" value="ⲁⲩⲱ"/>
		<feat xlink:href="#sSpan1467" value="ⲁⲧⲉⲧⲛϩⲉ"/>
		<feat xlink:href="#sSpan1476" value="ⲙⲙⲉⲉⲣⲉ"/>
		<feat xlink:href="#sSpan1484" value="ⲛⲧϩⲉ"/>
		<feat xlink:href="#sSpan1493" value="ⲛⲛⲉⲧϩⲛⲧⲡⲁϣⲉ"/>
		<feat xlink:href="#sSpan1510" value="ⲛⲧⲉⲩϣⲏ"/>
		<feat xlink:href="#sSpan1519" value="·"/>
		<feat xlink:href="#sSpan1523" value="ⲛⲧϩⲉ"/>
		<feat xlink:href="#sSpan1533" value="ⲉⲧⲥⲏϩ"/>
		<feat xlink:href="#sSpan1539" value="ϫⲉⲁⲥⲥⲗⲁⲁⲧⲉ"/>
		<feat xlink:href="#sSpan1550" value="ⲁⲥϩⲉ"/>
		<feat xlink:href="#sSpan1559" value="ⲛϭⲓⲧⲡⲁⲣⲑⲉⲛⲟⲥ"/>
		<feat xlink:href="#sSpan1570" value="ⲙⲡⲓⲥⲣⲁⲏⲗ"/>
		<feat xlink:href="#sSpan1580" value="ⲛⲥⲛⲁⲟⲩⲱϩ"/>
		<feat xlink:href="#sSpan1591" value="ϭⲉ"/>
		<feat xlink:href="#sSpan1596" value="ⲁⲛ"/>
		<feat xlink:href="#sSpan1600" value="ⲉⲧⲟⲟⲧⲥ"/>
		<feat xlink:href="#sSpan1606" value="ⲉⲧⲱⲟⲩⲛ"/>
		<feat xlink:href="#sSpan1613" value="·"/>
		<feat xlink:href="#sSpan1619" value="ⲛⲉⲧⲛⲕⲟⲧⲕ"/>
		<feat xlink:href="#sSpan1633" value="ⲅⲁⲣ"/>
		<feat xlink:href="#sSpan1638" value="ⲡⲉϫⲁϥ"/>
		<feat xlink:href="#sSpan1644" value="·"/>
		<feat xlink:href="#sSpan1648" value="ⲉⲩⲛⲕⲟⲧⲕ"/>
		<feat xlink:href="#sSpan1658" value="ⲛⲧⲉⲩϣⲏ"/>
		<feat xlink:href="#sSpan1668" value="·"/>
		<feat xlink:href="#sSpan1672" value="ⲁⲩⲱ"/>
		<feat xlink:href="#sSpan1677" value="ⲛⲉⲧⲧⲁϩⲉ"/>
		<feat xlink:href="#sSpan1686" value="."/>
		<feat xlink:href="#sSpan1690" value="ⲉⲩⲧⲁϩⲉ"/>
		<feat xlink:href="#sSpan1698" value="ⲛⲧⲉⲩϣⲏ"/>
		<feat xlink:href="#sSpan1708" value="·"/>
		<feat xlink:href="#sSpan1712" value="ⲛⲧⲱⲧⲛ"/>
		<feat xlink:href="#sSpan1719" value="ⲇⲉ"/>
		<feat xlink:href="#sSpan1723" value="ⲁⲧⲉⲧⲛϯϩⲉ"/>
		<feat xlink:href="#sSpan1734" value="ⲙⲙⲉⲉⲣⲉ"/>
		<feat xlink:href="#sSpan1742" value="ⲛⲧϩⲉ"/>
		<feat xlink:href="#sSpan1751" value="ⲛⲛⲉⲛⲧⲁⲩϫⲟⲟⲥ"/>
		<feat xlink:href="#sSpan1769" value="ⲉⲧⲃⲏⲏⲧⲟⲩ"/>
		<feat xlink:href="#sSpan1776" value="·"/>
		<feat xlink:href="#sSpan1780" value="ϫⲉⲛⲉⲧⲧⲁϩⲉ"/>
		<feat xlink:href="#sSpan1793" value="ⲁϫⲛⲏⲣⲡ"/>
		<feat xlink:href="#sSpan1801" value="·"/>
		<feat xlink:href="#sSpan1805" value="ⲁⲩⲱ"/>
		<feat xlink:href="#sSpan1813" value="ⲁⲧⲉⲧⲛϩⲱⲣⲡ"/>
		<feat xlink:href="#sSpan1823" value="ⲙⲙⲉⲉⲣⲉ"/>
		<feat xlink:href="#sSpan1830" value="ⲛⲧϩⲉ"/>
		<feat xlink:href="#sSpan1839" value="ⲛⲛⲉⲧⲛⲕⲟⲧⲕ"/>
		<feat xlink:href="#sSpan1852" value="ⲛⲧⲉⲩϣⲏ"/>
		<feat xlink:href="#sSpan1862" value="·"/>
		<feat xlink:href="#sSpan1866" value="ⲉⲃⲟⲗ"/>
		<feat xlink:href="#sSpan1872" value="ϫⲉⲁⲧⲉⲧⲛⲕⲱ"/>
		<feat xlink:href="#sSpan1883" value="ⲛⲥⲱⲧⲛ"/>
		<feat xlink:href="#sSpan1890" value="ⲛⲧϩⲟⲧⲉ"/>
		<feat xlink:href="#sSpan1900" value="ⲙⲡⲛⲟⲩⲧⲉ"/>
		<feat xlink:href="#sSpan1910" value="·"/>
		<feat xlink:href="#sSpan1916" value="ⲉⲁⲧⲉⲧⲛⲙⲉⲣⲉⲡⲕⲁⲕⲉ"/>
		<feat xlink:href="#sSpan1933" value="ⲉϩⲟⲩⲉ"/>
		<feat xlink:href="#sSpan1938" value="ⲉⲡⲟⲩⲟⲉⲓⲛ"/>
		<feat xlink:href="#sSpan1948" value="·"/>
		<feat xlink:href="#sSpan1954" value="ⲉⲁⲧⲉⲧⲛⲉⲡⲡⲉⲧⲥⲁϣⲉ"/>
		<feat xlink:href="#sSpan1974" value="ⲇⲉ"/>
		<feat xlink:href="#sSpan1979" value="ⲟⲛ"/>
		<feat xlink:href="#sSpan1984" value="ϫⲉϥϩⲟⲗϭ"/>
		<feat xlink:href="#sSpan1992" value="·"/>
		<feat xlink:href="#sSpan1996" value="ⲁⲩⲱ"/>
		<feat xlink:href="#sSpan2002" value="ⲡⲉⲧϩⲟⲗϭ"/>
		<feat xlink:href="#sSpan2010" value="ϫⲉϥⲥⲁϣⲉ"/>
		<feat xlink:href="#sSpan2019" value="·"/>
		<feat xlink:href="#sSpan2025" value="ⲉⲧⲃⲉⲡⲁⲓ"/>
		<feat xlink:href="#sSpan2038" value="ⲟⲩⲟⲓ"/>
		<feat xlink:href="#sSpan2042" value="ⲛⲏⲧⲛ"/>
		<feat xlink:href="#sSpan2049" value="ⲙⲡⲟⲛⲏⲣⲟⲥ"/>
		<feat xlink:href="#sSpan2057" value="ϫⲉⲙⲡⲉⲧⲛⲣⲡⲙⲉⲉⲩⲉ"/>
		<feat xlink:href="#sSpan2073" value="ⲙⲡϩⲓⲥⲉ"/>
		<feat xlink:href="#sSpan2082" value="ⲧⲏⲣϥ"/>
		<feat xlink:href="#sSpan2089" value="ⲉⲛⲧⲁⲡⲉⲛⲉⲓⲱⲧ"/>
		<feat xlink:href="#sSpan2102" value="ϣⲟⲡϥ"/>
		<feat xlink:href="#sSpan2108" value="ⲛⲙⲙⲏⲧⲛ"/>
		<feat xlink:href="#sSpan2115" value="ⲧⲏⲣⲧⲛ"/>
		<feat xlink:href="#sSpan2123" value="·"/>
		<feat xlink:href="#sSpan2128" value="ⲉⲁⲧⲉⲧⲛⲕⲱ"/>
		<feat xlink:href="#sSpan2140" value="ⲛⲥⲱⲧⲛ"/>
		<feat xlink:href="#sSpan2146" value="ⲛⲛⲉϥⲥⲃⲟⲟⲩⲉ"/>
		<feat xlink:href="#sSpan2157" value="ⲛⲱⲛϩ"/>
		<feat xlink:href="#sSpan2166" value="ⲙⲛⲛⲁⲛⲥⲙⲙⲉ"/>
		<feat xlink:href="#sSpan2178" value="ⲛⲛⲉⲧⲛⲉⲓⲟⲧⲉ"/>
		<feat xlink:href="#sSpan2189" value=":"/>
		<feat xlink:href="#sSpan2196" value="ⲡⲗⲏⲛ"/>
		<feat xlink:href="#sSpan2205" value="ⲉⲓⲥⲛϩⲗⲗⲟ"/>
		<feat xlink:href="#sSpan2215" value="ⲉⲓ"/>
		<feat xlink:href="#sSpan2219" value="ⲙⲛⲛⲉⲛⲥⲛⲏⲩ"/>
		<feat xlink:href="#sSpan2229" value="ⲁⲩⲉⲓ"/>
		<feat xlink:href="#sSpan2238" value="ϣⲁⲣⲱⲧⲛ"/>
		<feat xlink:href="#sSpan2245" value="ⲛⲕⲉⲥⲟⲡ"/>
		<feat xlink:href="#sSpan2256" value="·"/>
		<feat xlink:href="#sSpan2260" value="ⲉⲛⲟⲛϩ"/>
		<feat xlink:href="#sSpan2270" value="ϩⲛⲟⲩⲛⲟϭ"/>
		<feat xlink:href="#sSpan2280" value="ⲛⲗⲩⲡⲏ"/>
		<feat xlink:href="#sSpan2287" value="ⲙⲛⲟⲩⲙⲕⲁϩ"/>
		<feat xlink:href="#sSpan2297" value="ⲛϩⲏⲧ"/>
		<feat xlink:href="#sSpan2304" value="ⲉⲛⲁϣⲱϥ"/>
		<feat xlink:href="#sSpan2314" value="·"/>
		<feat xlink:href="#sSpan2318" value="ⲉⲧⲣⲉⲩⲉⲓⲣⲉ"/>
		<feat xlink:href="#sSpan2331" value="ⲛⲧⲟⲩⲉⲓ"/>
		<feat xlink:href="#sSpan2342" value="ⲧⲟⲩⲉⲓ"/>
		<feat xlink:href="#sSpan2349" value="ⲙⲙⲱⲧⲛ"/>
		<feat xlink:href="#sSpan2357" value="ⲕⲁⲧⲁⲡⲉⲥⲙⲡϣⲁ"/>
		<feat xlink:href="#sSpan2367" value="·"/>
		<feat xlink:href="#sSpan2371" value="ⲉⲃⲟⲗ"/>
		<feat xlink:href="#sSpan2381" value="ϫⲉⲁⲧⲉⲧⲛⲕⲱ"/>
		<feat xlink:href="#sSpan2392" value="ⲛⲥⲱⲧⲛ"/>
		<feat xlink:href="#sSpan2399" value="ⲛⲧⲡⲏⲅⲏ"/>
		<feat xlink:href="#sSpan2410" value="ⲙⲙⲟⲟⲩ"/>
		<feat xlink:href="#sSpan2418" value="ⲛⲱⲛϩ"/>
		<feat xlink:href="#sSpan2425" value="·"/>
		<feat xlink:href="#sSpan2430" value="ⲉⲁⲧⲉⲧⲛϣⲓⲕⲉ"/>
		<feat xlink:href="#sSpan2443" value="ⲛⲏⲧⲛ"/>
		<feat xlink:href="#sSpan2450" value="ⲛϩⲉⲛϣⲏⲓ"/>
		<feat xlink:href="#sSpan2460" value="ⲉⲩⲟⲩⲟϭⲡ"/>
		<feat xlink:href="#sSpan2470" value="ϩⲙⲡⲧⲣⲉⲡⲉⲧⲛϩⲏⲧ"/>
		<feat xlink:href="#sSpan2485" value="ⲛⲁⲧⲥⲃⲱ"/>
		<feat xlink:href="#sSpan2495" value="ⲣⲕⲁⲕⲉ"/>
		<feat xlink:href="#sSpan2501" value="ⲉⲣⲱⲧⲛ"/>
		<feat xlink:href="#sSpan2508" value="·"/>
		<feat xlink:href="#sSpan2512" value="ⲉⲧⲉⲧⲛϫⲱ"/>
		<feat xlink:href="#sSpan2522" value="ⲙⲙⲟⲥ"/>
		<feat xlink:href="#sSpan2529" value="ϫⲉⲁⲛⲟⲛ"/>
		<feat xlink:href="#sSpan2536" value="ϩⲉⲛⲥⲁⲃⲉ"/>
		<feat xlink:href="#sSpan2543" value="·"/>
		<feat xlink:href="#sSpan2547" value="ⲁⲧⲉⲧⲛⲣⲥⲟϭ"/>
		<feat xlink:href="#sSpan2560" value="·"/>
		<feat xlink:href="#sSpan2565" value="ⲉⲁⲧⲉⲧⲛϣⲓⲃⲉ"/>
		<feat xlink:href="#sSpan2578" value="ⲙⲡⲉⲟⲟⲩ"/>
		<feat xlink:href="#sSpan2588" value="ⲙⲡⲛⲟⲩⲧⲉ"/>
		<feat xlink:href="#sSpan2598" value="ϩⲛϩⲉⲛϩⲃⲏⲩⲉ"/>
		<feat xlink:href="#sSpan2610" value="ⲉⲙⲉϣϣⲉ"/>
		<feat xlink:href="#sSpan2617" value="."/>
		<feat xlink:href="#sSpan2622" value="ⲉⲧⲃⲉⲡⲁⲓ"/>
		<feat xlink:href="#sSpan2634" value="ⲁⲡⲛⲟⲩⲧⲉ"/>
		<feat xlink:href="#sSpan2644" value="ϯⲧⲏⲩⲧⲛ"/>
		<feat xlink:href="#sSpan2650" value="ⲉϩⲣⲁⲓ"/>
		<feat xlink:href="#sSpan2655" value="ⲉϩⲉⲛⲡⲁⲑⲟⲥ"/>
		<feat xlink:href="#sSpan2666" value="ⲉⲩⲥⲏϣ"/>
		<feat xlink:href="#sSpan2674" value="ⲉⲧⲉⲡϫⲓⲟⲩⲉ"/>
		<feat xlink:href="#sSpan2684" value="ⲡⲉ"/>
		<feat xlink:href="#sSpan2689" value="ⲙⲛⲡϫⲱϩⲙ"/>
		<feat xlink:href="#sSpan2699" value="ⲙⲛⲡⲟⲛⲏⲣⲟⲛ"/>
		<feat xlink:href="#sSpan2708" value="ⲛⲓⲙ"/>
		<feat xlink:href="#sSpan2713" value="·"/>
		<feat xlink:href="#sSpan2717" value="ⲛⲁⲓ"/>
		<feat xlink:href="#sSpan2723" value="ⲉⲧⲉⲣⲉⲧⲓⲙⲱⲣⲓⲁ"/>
		<feat xlink:href="#sSpan2732" value="ⲛⲓⲙ"/>
		<feat xlink:href="#sSpan2737" value="ϣⲟⲟⲡ"/>
		<feat xlink:href="#sSpan2741" value="ⲛⲛⲉⲧⲉⲓⲣⲉ"/>
		<feat xlink:href="#sSpan2753" value="ⲙⲙⲟⲟⲩ"/>
		<feat xlink:href="#sSpan2761" value="·"/>
		<feat xlink:href="#sSpan2765" value="ⲟⲩ"/>
		<feat xlink:href="#sSpan2771" value="ⲙⲟⲛⲟⲛ"/>
		<feat xlink:href="#sSpan2775" value="ϩⲙⲡⲉⲓⲁⲓⲱⲛ"/>
		<feat xlink:href="#sSpan2786" value="·"/>
		<feat xlink:href="#sSpan2790" value="ⲁⲗⲗⲁ"/>
		<feat xlink:href="#sSpan2795" value="ϩⲙⲡⲕⲉⲟⲩⲁ"/>
		<feat xlink:href="#sSpan2808" value=":"/></featList></paula>