<?xml version='1.0' encoding='UTF-8'?><!DOCTYPE paula SYSTEM "paula_feat.dtd">
<paula version="1.1">
	<header paula_id="scriptorium.to_thieving_nuns.mark_lb_n"/>
	<featList xmlns:xlink="http://www.w3.org/1999/xlink" type="lb_n" xml:base="scriptorium.to_thieving_nuns.mark.xml">
		<feat xlink:href="#sSpan7" value="28"/>
		<feat xlink:href="#sSpan26" value="8"/>
		<feat xlink:href="#sSpan37" value="9"/>
		<feat xlink:href="#sSpan49" value="10"/>
		<feat xlink:href="#sSpan65" value="11"/>
		<feat xlink:href="#sSpan75" value="12"/>
		<feat xlink:href="#sSpan91" value="13"/>
		<feat xlink:href="#sSpan110" value="14"/>
		<feat xlink:href="#sSpan120" value="15"/>
		<feat xlink:href="#sSpan130" value="16"/>
		<feat xlink:href="#sSpan137" value="17"/>
		<feat xlink:href="#sSpan146" value="18"/>
		<feat xlink:href="#sSpan161" value="19"/>
		<feat xlink:href="#sSpan172" value="20"/>
		<feat xlink:href="#sSpan181" value="21"/>
		<feat xlink:href="#sSpan190" value="22"/>
		<feat xlink:href="#sSpan207" value="23"/>
		<feat xlink:href="#sSpan216" value="24"/>
		<feat xlink:href="#sSpan230" value="25"/>
		<feat xlink:href="#sSpan248" value="26"/>
		<feat xlink:href="#sSpan266" value="27"/>
		<feat xlink:href="#sSpan281" value="28"/>
		<feat xlink:href="#sSpan292" value="1"/>
		<feat xlink:href="#sSpan304" value="2"/>
		<feat xlink:href="#sSpan318" value="3"/>
		<feat xlink:href="#sSpan329" value="4"/>
		<feat xlink:href="#sSpan345" value="5"/>
		<feat xlink:href="#sSpan358" value="6"/>
		<feat xlink:href="#sSpan373" value="7"/>
		<feat xlink:href="#sSpan392" value="8"/>
		<feat xlink:href="#sSpan402" value="9"/>
		<feat xlink:href="#sSpan413" value="10"/>
		<feat xlink:href="#sSpan425" value="11"/>
		<feat xlink:href="#sSpan435" value="12"/>
		<feat xlink:href="#sSpan454" value="13"/>
		<feat xlink:href="#sSpan466" value="14"/>
		<feat xlink:href="#sSpan482" value="15"/>
		<feat xlink:href="#sSpan492" value="16"/>
		<feat xlink:href="#sSpan503" value="17"/>
		<feat xlink:href="#sSpan513" value="18"/>
		<feat xlink:href="#sSpan524" value="19"/>
		<feat xlink:href="#sSpan537" value="20"/>
		<feat xlink:href="#sSpan548" value="21"/>
		<feat xlink:href="#sSpan558" value="22"/>
		<feat xlink:href="#sSpan576" value="23"/>
		<feat xlink:href="#sSpan591" value="24"/>
		<feat xlink:href="#sSpan603" value="25"/>
		<feat xlink:href="#sSpan615" value="26"/>
		<feat xlink:href="#sSpan627" value="27"/>
		<feat xlink:href="#sSpan642" value="28"/>
		<feat xlink:href="#sSpan655" value="29"/>
		<feat xlink:href="#sSpan667" value="1"/>
		<feat xlink:href="#sSpan686" value="2"/>
		<feat xlink:href="#sSpan699" value="3"/>
		<feat xlink:href="#sSpan713" value="4"/>
		<feat xlink:href="#sSpan732" value="5"/>
		<feat xlink:href="#sSpan744" value="6"/>
		<feat xlink:href="#sSpan760" value="7"/>
		<feat xlink:href="#sSpan771" value="8"/>
		<feat xlink:href="#sSpan785" value="9"/>
		<feat xlink:href="#sSpan800" value="10"/>
		<feat xlink:href="#sSpan813" value="11"/>
		<feat xlink:href="#sSpan828" value="12"/>
		<feat xlink:href="#sSpan840" value="13"/>
		<feat xlink:href="#sSpan856" value="14"/>
		<feat xlink:href="#sSpan866" value="15"/>
		<feat xlink:href="#sSpan882" value="16"/>
		<feat xlink:href="#sSpan895" value="17"/>
		<feat xlink:href="#sSpan905" value="18"/>
		<feat xlink:href="#sSpan915" value="19"/>
		<feat xlink:href="#sSpan934" value="20"/>
		<feat xlink:href="#sSpan946" value="21"/>
		<feat xlink:href="#sSpan960" value="22"/>
		<feat xlink:href="#sSpan976" value="23"/>
		<feat xlink:href="#sSpan985" value="24"/>
		<feat xlink:href="#sSpan994" value="25"/>
		<feat xlink:href="#sSpan1007" value="26"/>
		<feat xlink:href="#sSpan1021" value="27"/>
		<feat xlink:href="#sSpan1033" value="28"/>
		<feat xlink:href="#sSpan1043" value="29"/>
		<feat xlink:href="#sSpan1062" value="1"/>
		<feat xlink:href="#sSpan1075" value="2"/>
		<feat xlink:href="#sSpan1080" value="3"/>
		<feat xlink:href="#sSpan1089" value="4"/>
		<feat xlink:href="#sSpan1101" value="5"/>
		<feat xlink:href="#sSpan1115" value="6"/>
		<feat xlink:href="#sSpan1129" value="7"/>
		<feat xlink:href="#sSpan1134" value="8"/>
		<feat xlink:href="#sSpan1150" value="9"/>
		<feat xlink:href="#sSpan1162" value="10"/>
		<feat xlink:href="#sSpan1174" value="11"/>
		<feat xlink:href="#sSpan1183" value="12"/>
		<feat xlink:href="#sSpan1197" value="13"/>
		<feat xlink:href="#sSpan1202" value="14"/>
		<feat xlink:href="#sSpan1211" value="15"/>
		<feat xlink:href="#sSpan1229" value="16"/>
		<feat xlink:href="#sSpan1237" value="17"/>
		<feat xlink:href="#sSpan1253" value="18"/>
		<feat xlink:href="#sSpan1269" value="19"/>
		<feat xlink:href="#sSpan1279" value="20"/>
		<feat xlink:href="#sSpan1301" value="21"/>
		<feat xlink:href="#sSpan1313" value="22"/>
		<feat xlink:href="#sSpan1326" value="23"/>
		<feat xlink:href="#sSpan1341" value="24"/>
		<feat xlink:href="#sSpan1351" value="25"/>
		<feat xlink:href="#sSpan1368" value="26"/>
		<feat xlink:href="#sSpan1375" value="27"/>
		<feat xlink:href="#sSpan1388" value="28"/>
		<feat xlink:href="#sSpan1401" value="29"/>
		<feat xlink:href="#sSpan1420" value="1"/>
		<feat xlink:href="#sSpan1435" value="2"/>
		<feat xlink:href="#sSpan1444" value="3"/>
		<feat xlink:href="#sSpan1454" value="4"/>
		<feat xlink:href="#sSpan1464" value="5"/>
		<feat xlink:href="#sSpan1483" value="6"/>
		<feat xlink:href="#sSpan1495" value="7"/>
		<feat xlink:href="#sSpan1506" value="8"/>
		<feat xlink:href="#sSpan1521" value="9"/>
		<feat xlink:href="#sSpan1539" value="10"/>
		<feat xlink:href="#sSpan1555" value="11"/>
		<feat xlink:href="#sSpan1566" value="12"/>
		<feat xlink:href="#sSpan1581" value="13"/>
		<feat xlink:href="#sSpan1596" value="14"/>
		<feat xlink:href="#sSpan1607" value="15"/>
		<feat xlink:href="#sSpan1622" value="16"/>
		<feat xlink:href="#sSpan1635" value="17"/>
		<feat xlink:href="#sSpan1649" value="18"/>
		<feat xlink:href="#sSpan1669" value="19"/>
		<feat xlink:href="#sSpan1679" value="20"/>
		<feat xlink:href="#sSpan1697" value="21"/>
		<feat xlink:href="#sSpan1714" value="22"/>
		<feat xlink:href="#sSpan1728" value="23"/>
		<feat xlink:href="#sSpan1741" value="24"/>
		<feat xlink:href="#sSpan1753" value="25"/>
		<feat xlink:href="#sSpan1764" value="26"/>
		<feat xlink:href="#sSpan1778" value="27"/>
		<feat xlink:href="#sSpan1796" value="28"/>
		<feat xlink:href="#sSpan1809" value="29"/>
		<feat xlink:href="#sSpan1821" value="1"/>
		<feat xlink:href="#sSpan1834" value="2"/>
		<feat xlink:href="#sSpan1846" value="3"/>
		<feat xlink:href="#sSpan1863" value="4"/>
		<feat xlink:href="#sSpan1873" value="5"/>
		<feat xlink:href="#sSpan1890" value="6"/>
		<feat xlink:href="#sSpan1899" value="7"/>
		<feat xlink:href="#sSpan1916" value="8"/>
		<feat xlink:href="#sSpan1928" value="9"/>
		<feat xlink:href="#sSpan1941" value="10"/>
		<feat xlink:href="#sSpan1953" value="11"/>
		<feat xlink:href="#sSpan1967" value="12"/>
		<feat xlink:href="#sSpan1980" value="13"/>
		<feat xlink:href="#sSpan1996" value="14"/>
		<feat xlink:href="#sSpan2013" value="15"/>
		<feat xlink:href="#sSpan2027" value="16"/>
		<feat xlink:href="#sSpan2042" value="17"/>
		<feat xlink:href="#sSpan2059" value="18"/>
		<feat xlink:href="#sSpan2069" value="19"/>
		<feat xlink:href="#sSpan2076" value="20"/>
		<feat xlink:href="#sSpan2085" value="21"/>
		<feat xlink:href="#sSpan2099" value="22"/>
		<feat xlink:href="#sSpan2114" value="23"/>
		<feat xlink:href="#sSpan2125" value="24"/>
		<feat xlink:href="#sSpan2134" value="25"/>
		<feat xlink:href="#sSpan2151" value="26"/>
		<feat xlink:href="#sSpan2162" value="27"/>
		<feat xlink:href="#sSpan2173" value="28"/>
		<feat xlink:href="#sSpan2185" value="29"/>
		<feat xlink:href="#sSpan2198" value="1"/>
		<feat xlink:href="#sSpan2213" value="2"/>
		<feat xlink:href="#sSpan2227" value="3"/>
		<feat xlink:href="#sSpan2241" value="4"/>
		<feat xlink:href="#sSpan2255" value="5"/>
		<feat xlink:href="#sSpan2277" value="6"/>
		<feat xlink:href="#sSpan2292" value="7"/>
		<feat xlink:href="#sSpan2304" value="8"/>
		<feat xlink:href="#sSpan2316" value="9"/>
		<feat xlink:href="#sSpan2335" value="10"/>
		<feat xlink:href="#sSpan2348" value="11"/>
		<feat xlink:href="#sSpan2366" value="12"/>
		<feat xlink:href="#sSpan2377" value="13"/>
		<feat xlink:href="#sSpan2389" value="14"/>
		<feat xlink:href="#sSpan2402" value="15"/>
		<feat xlink:href="#sSpan2416" value="16"/>
		<feat xlink:href="#sSpan2430" value="17"/>
		<feat xlink:href="#sSpan2451" value="18"/>
		<feat xlink:href="#sSpan2459" value="19"/>
		<feat xlink:href="#sSpan2471" value="20"/>
		<feat xlink:href="#sSpan2483" value="21"/>
		<feat xlink:href="#sSpan2494" value="22"/>
		<feat xlink:href="#sSpan2511" value="23"/>
		<feat xlink:href="#sSpan2528" value="24"/>
		<feat xlink:href="#sSpan2538" value="25"/>
		<feat xlink:href="#sSpan2552" value="26"/>
		<feat xlink:href="#sSpan2567" value="27"/>
		<feat xlink:href="#sSpan2586" value="28"/>
		<feat xlink:href="#sSpan2598" value="29"/>
		<feat xlink:href="#sSpan2613" value="1"/>
		<feat xlink:href="#sSpan2625" value="2"/>
		<feat xlink:href="#sSpan2641" value="3"/>
		<feat xlink:href="#sSpan2654" value="4"/>
		<feat xlink:href="#sSpan2665" value="5"/>
		<feat xlink:href="#sSpan2676" value="6"/>
		<feat xlink:href="#sSpan2689" value="7"/>
		<feat xlink:href="#sSpan2699" value="8"/>
		<feat xlink:href="#sSpan2714" value="9"/>
		<feat xlink:href="#sSpan2723" value="10"/>
		<feat xlink:href="#sSpan2738" value="11"/>
		<feat xlink:href="#sSpan2747" value="12"/>
		<feat xlink:href="#sSpan2758" value="13"/>
		<feat xlink:href="#sSpan2770" value="14"/>
		<feat xlink:href="#sSpan2790" value="15"/>
		<feat xlink:href="#sSpan2805" value="16"/>
		<feat xlink:href="#sSpan2818" value="17"/></featList></paula>