<?xml version='1.0' encoding='UTF-8'?><!DOCTYPE paula SYSTEM "paula_feat.dtd">
<paula version="1.1">
	<header paula_id="scriptorium.to_thieving_nuns.dep_func"/>
	<featList xmlns:xlink="http://www.w3.org/1999/xlink" type="func" xml:base="scriptorium.to_thieving_nuns.dep.xml">
		<feat xlink:href="#sPointingRel1" value="mark"/>
		<feat xlink:href="#sPointingRel3" value="aux"/>
		<feat xlink:href="#sPointingRel5" value="advcl"/>
		<feat xlink:href="#sPointingRel7" value="mark"/>
		<feat xlink:href="#sPointingRel9" value="nsubj"/>
		<feat xlink:href="#sPointingRel11" value="conj"/>
		<feat xlink:href="#sPointingRel13" value="nsubj"/>
		<feat xlink:href="#sPointingRel15" value="case"/>
		<feat xlink:href="#sPointingRel17" value="case"/>
		<feat xlink:href="#sPointingRel19" value="case"/>
		<feat xlink:href="#sPointingRel21" value="case"/>
		<feat xlink:href="#sPointingRel23" value="obj"/>
		<feat xlink:href="#sPointingRel25" value="case"/>
		<feat xlink:href="#sPointingRel27" value="mark"/>
		<feat xlink:href="#sPointingRel29" value="case"/>
		<feat xlink:href="#sPointingRel31" value="case"/>
		<feat xlink:href="#sPointingRel33" value="nsubj"/>
		<feat xlink:href="#sPointingRel35" value="dislocated"/>
		<feat xlink:href="#sPointingRel37" value="case"/>
		<feat xlink:href="#sPointingRel39" value="punct"/>
		<feat xlink:href="#sPointingRel41" value="obj"/>
		<feat xlink:href="#sPointingRel43" value="det"/>
		<feat xlink:href="#sPointingRel45" value="punct"/>
		<feat xlink:href="#sPointingRel47" value="det"/>
		<feat xlink:href="#sPointingRel49" value="appos"/>
		<feat xlink:href="#sPointingRel51" value="acl"/>
		<feat xlink:href="#sPointingRel53" value="obl"/>
		<feat xlink:href="#sPointingRel55" value="punct"/>
		<feat xlink:href="#sPointingRel57" value="punct"/>
		<feat xlink:href="#sPointingRel59" value="case"/>
		<feat xlink:href="#sPointingRel61" value="case"/>
		<feat xlink:href="#sPointingRel63" value="advmod"/>
		<feat xlink:href="#sPointingRel65" value="obj"/>
		<feat xlink:href="#sPointingRel67" value="nmod"/>
		<feat xlink:href="#sPointingRel69" value="dislocated"/>
		<feat xlink:href="#sPointingRel71" value="mark"/>
		<feat xlink:href="#sPointingRel73" value="aux"/>
		<feat xlink:href="#sPointingRel75" value="det"/>
		<feat xlink:href="#sPointingRel77" value="advmod"/>
		<feat xlink:href="#sPointingRel79" value="nsubj"/>
		<feat xlink:href="#sPointingRel81" value="nmod"/>
		<feat xlink:href="#sPointingRel83" value="cc"/>
		<feat xlink:href="#sPointingRel85" value="nmod"/>
		<feat xlink:href="#sPointingRel87" value="punct"/>
		<feat xlink:href="#sPointingRel89" value="det"/>
		<feat xlink:href="#sPointingRel91" value="punct"/>
		<feat xlink:href="#sPointingRel93" value="case"/>
		<feat xlink:href="#sPointingRel95" value="aux"/>
		<feat xlink:href="#sPointingRel97" value="mark"/>
		<feat xlink:href="#sPointingRel99" value="aux"/>
		<feat xlink:href="#sPointingRel101" value="punct"/>
		<feat xlink:href="#sPointingRel103" value="obj"/>
		<feat xlink:href="#sPointingRel105" value="det"/>
		<feat xlink:href="#sPointingRel107" value="nmod"/>
		<feat xlink:href="#sPointingRel109" value="mark"/>
		<feat xlink:href="#sPointingRel111" value="mark"/>
		<feat xlink:href="#sPointingRel113" value="obl"/>
		<feat xlink:href="#sPointingRel115" value="det"/>
		<feat xlink:href="#sPointingRel117" value="obl"/>
		<feat xlink:href="#sPointingRel119" value="acl"/>
		<feat xlink:href="#sPointingRel121" value="punct"/>
		<feat xlink:href="#sPointingRel123" value="advcl"/>
		<feat xlink:href="#sPointingRel125" value="det"/>
		<feat xlink:href="#sPointingRel127" value="det"/>
		<feat xlink:href="#sPointingRel129" value="case"/>
		<feat xlink:href="#sPointingRel131" value="obl"/>
		<feat xlink:href="#sPointingRel133" value="det"/>
		<feat xlink:href="#sPointingRel135" value="obl"/>
		<feat xlink:href="#sPointingRel137" value="det"/>
		<feat xlink:href="#sPointingRel139" value="det"/>
		<feat xlink:href="#sPointingRel141" value="nmod"/>
		<feat xlink:href="#sPointingRel143" value="punct"/>
		<feat xlink:href="#sPointingRel145" value="ccomp"/>
		<feat xlink:href="#sPointingRel147" value="nmod"/>
		<feat xlink:href="#sPointingRel149" value="aux"/>
		<feat xlink:href="#sPointingRel151" value="punct"/>
		<feat xlink:href="#sPointingRel153" value="obj"/>
		<feat xlink:href="#sPointingRel155" value="det"/>
		<feat xlink:href="#sPointingRel157" value="obl"/>
		<feat xlink:href="#sPointingRel159" value="obj"/>
		<feat xlink:href="#sPointingRel161" value="mark"/>
		<feat xlink:href="#sPointingRel163" value="case"/>
		<feat xlink:href="#sPointingRel165" value="cc"/>
		<feat xlink:href="#sPointingRel167" value="obj"/>
		<feat xlink:href="#sPointingRel169" value="xcomp"/>
		<feat xlink:href="#sPointingRel171" value="nmod"/>
		<feat xlink:href="#sPointingRel173" value="mark"/>
		<feat xlink:href="#sPointingRel175" value="case"/>
		<feat xlink:href="#sPointingRel177" value="det"/>
		<feat xlink:href="#sPointingRel179" value="det"/>
		<feat xlink:href="#sPointingRel181" value="conj"/>
		<feat xlink:href="#sPointingRel183" value="obj"/>
		<feat xlink:href="#sPointingRel185" value="case"/>
		<feat xlink:href="#sPointingRel187" value="appos"/>
		<feat xlink:href="#sPointingRel189" value="nsubj"/>
		<feat xlink:href="#sPointingRel191" value="det"/>
		<feat xlink:href="#sPointingRel193" value="nsubj"/>
		<feat xlink:href="#sPointingRel195" value="punct"/>
		<feat xlink:href="#sPointingRel197" value="obj"/>
		<feat xlink:href="#sPointingRel199" value="case"/>
		<feat xlink:href="#sPointingRel201" value="mark"/>
		<feat xlink:href="#sPointingRel203" value="punct"/>
		<feat xlink:href="#sPointingRel205" value="obl"/>
		<feat xlink:href="#sPointingRel207" value="appos"/>
		<feat xlink:href="#sPointingRel209" value="det"/>
		<feat xlink:href="#sPointingRel211" value="case"/>
		<feat xlink:href="#sPointingRel213" value="punct"/>
		<feat xlink:href="#sPointingRel215" value="obl"/>
		<feat xlink:href="#sPointingRel217" value="punct"/>
		<feat xlink:href="#sPointingRel219" value="det"/>
		<feat xlink:href="#sPointingRel221" value="nmod"/>
		<feat xlink:href="#sPointingRel223" value="fixed"/>
		<feat xlink:href="#sPointingRel225" value="det"/>
		<feat xlink:href="#sPointingRel227" value="cop"/>
		<feat xlink:href="#sPointingRel229" value="nsubj"/>
		<feat xlink:href="#sPointingRel231" value="nsubj"/>
		<feat xlink:href="#sPointingRel233" value="punct"/>
		<feat xlink:href="#sPointingRel235" value="acl"/>
		<feat xlink:href="#sPointingRel237" value="nmod"/>
		<feat xlink:href="#sPointingRel239" value="mark"/>
		<feat xlink:href="#sPointingRel241" value="advcl"/>
		<feat xlink:href="#sPointingRel243" value="aux"/>
		<feat xlink:href="#sPointingRel245" value="nmod"/>
		<feat xlink:href="#sPointingRel247" value="aux"/>
		<feat xlink:href="#sPointingRel249" value="det"/>
		<feat xlink:href="#sPointingRel251" value="case"/>
		<feat xlink:href="#sPointingRel253" value="det"/>
		<feat xlink:href="#sPointingRel255" value="nmod"/>
		<feat xlink:href="#sPointingRel257" value="punct"/>
		<feat xlink:href="#sPointingRel259" value="aux"/>
		<feat xlink:href="#sPointingRel261" value="nsubj"/>
		<feat xlink:href="#sPointingRel263" value="obl"/>
		<feat xlink:href="#sPointingRel265" value="det"/>
		<feat xlink:href="#sPointingRel267" value="mark"/>
		<feat xlink:href="#sPointingRel269" value="det"/>
		<feat xlink:href="#sPointingRel271" value="aux"/>
		<feat xlink:href="#sPointingRel273" value="obj"/>
		<feat xlink:href="#sPointingRel275" value="det"/>
		<feat xlink:href="#sPointingRel277" value="acl"/>
		<feat xlink:href="#sPointingRel279" value="nmod"/>
		<feat xlink:href="#sPointingRel281" value="obj"/>
		<feat xlink:href="#sPointingRel283" value="acl"/>
		<feat xlink:href="#sPointingRel285" value="case"/>
		<feat xlink:href="#sPointingRel287" value="ccomp"/>
		<feat xlink:href="#sPointingRel289" value="cc"/>
		<feat xlink:href="#sPointingRel291" value="aux"/>
		<feat xlink:href="#sPointingRel293" value="nmod"/>
		<feat xlink:href="#sPointingRel295" value="obl"/>
		<feat xlink:href="#sPointingRel297" value="aux"/>
		<feat xlink:href="#sPointingRel299" value="nsubj"/>
		<feat xlink:href="#sPointingRel301" value="advmod"/>
		<feat xlink:href="#sPointingRel303" value="case"/>
		<feat xlink:href="#sPointingRel305" value="cc"/>
		<feat xlink:href="#sPointingRel307" value="case"/>
		<feat xlink:href="#sPointingRel309" value="nsubj"/>
		<feat xlink:href="#sPointingRel311" value="case"/>
		<feat xlink:href="#sPointingRel313" value="case"/>
		<feat xlink:href="#sPointingRel315" value="obj"/>
		<feat xlink:href="#sPointingRel317" value="case"/>
		<feat xlink:href="#sPointingRel319" value="dislocated"/>
		<feat xlink:href="#sPointingRel321" value="case"/>
		<feat xlink:href="#sPointingRel323" value="case"/>
		<feat xlink:href="#sPointingRel325" value="mark"/>
		<feat xlink:href="#sPointingRel327" value="conj"/>
		<feat xlink:href="#sPointingRel329" value="det"/>
		<feat xlink:href="#sPointingRel331" value="punct"/>
		<feat xlink:href="#sPointingRel333" value="mark"/>
		<feat xlink:href="#sPointingRel335" value="dislocated"/>
		<feat xlink:href="#sPointingRel337" value="acl"/>
		<feat xlink:href="#sPointingRel339" value="obl"/>
		<feat xlink:href="#sPointingRel341" value="mark"/>
		<feat xlink:href="#sPointingRel343" value="advmod"/>
		<feat xlink:href="#sPointingRel345" value="advmod"/>
		<feat xlink:href="#sPointingRel347" value="csubj"/>
		<feat xlink:href="#sPointingRel349" value="obj"/>
		<feat xlink:href="#sPointingRel351" value="nsubj"/>
		<feat xlink:href="#sPointingRel353" value="obl"/>
		<feat xlink:href="#sPointingRel355" value="mark"/>
		<feat xlink:href="#sPointingRel357" value="case"/>
		<feat xlink:href="#sPointingRel359" value="case"/>
		<feat xlink:href="#sPointingRel361" value="cc"/>
		<feat xlink:href="#sPointingRel363" value="obl"/>
		<feat xlink:href="#sPointingRel365" value="case"/>
		<feat xlink:href="#sPointingRel367" value="advmod"/>
		<feat xlink:href="#sPointingRel369" value="nsubj"/>
		<feat xlink:href="#sPointingRel371" value="case"/>
		<feat xlink:href="#sPointingRel373" value="cc"/>
		<feat xlink:href="#sPointingRel375" value="ccomp"/>
		<feat xlink:href="#sPointingRel377" value="det"/>
		<feat xlink:href="#sPointingRel379" value="aux"/>
		<feat xlink:href="#sPointingRel381" value="mark"/>
		<feat xlink:href="#sPointingRel383" value="case"/>
		<feat xlink:href="#sPointingRel385" value="obl"/>
		<feat xlink:href="#sPointingRel387" value="appos"/>
		<feat xlink:href="#sPointingRel389" value="case"/>
		<feat xlink:href="#sPointingRel391" value="obl"/>
		<feat xlink:href="#sPointingRel393" value="case"/>
		<feat xlink:href="#sPointingRel395" value="case"/>
		<feat xlink:href="#sPointingRel397" value="mark"/>
		<feat xlink:href="#sPointingRel399" value="mark"/>
		<feat xlink:href="#sPointingRel401" value="mark"/>
		<feat xlink:href="#sPointingRel403" value="det"/>
		<feat xlink:href="#sPointingRel405" value="advmod"/>
		<feat xlink:href="#sPointingRel407" value="punct"/>
		<feat xlink:href="#sPointingRel409" value="ccomp"/>
		<feat xlink:href="#sPointingRel411" value="cc"/>
		<feat xlink:href="#sPointingRel413" value="obl"/>
		<feat xlink:href="#sPointingRel415" value="punct"/>
		<feat xlink:href="#sPointingRel417" value="nsubj"/>
		<feat xlink:href="#sPointingRel419" value="det"/>
		<feat xlink:href="#sPointingRel421" value="det"/>
		<feat xlink:href="#sPointingRel423" value="case"/>
		<feat xlink:href="#sPointingRel425" value="obj"/>
		<feat xlink:href="#sPointingRel427" value="nsubj"/>
		<feat xlink:href="#sPointingRel429" value="punct"/>
		<feat xlink:href="#sPointingRel431" value="mark"/>
		<feat xlink:href="#sPointingRel433" value="advmod"/>
		<feat xlink:href="#sPointingRel435" value="aux"/>
		<feat xlink:href="#sPointingRel437" value="case"/>
		<feat xlink:href="#sPointingRel439" value="case"/>
		<feat xlink:href="#sPointingRel441" value="case"/>
		<feat xlink:href="#sPointingRel443" value="case"/>
		<feat xlink:href="#sPointingRel445" value="det"/>
		<feat xlink:href="#sPointingRel447" value="punct"/>
		<feat xlink:href="#sPointingRel449" value="punct"/>
		<feat xlink:href="#sPointingRel451" value="case"/>
		<feat xlink:href="#sPointingRel453" value="punct"/>
		<feat xlink:href="#sPointingRel455" value="discourse"/>
		<feat xlink:href="#sPointingRel457" value="case"/>
		<feat xlink:href="#sPointingRel459" value="case"/>
		<feat xlink:href="#sPointingRel461" value="det"/>
		<feat xlink:href="#sPointingRel463" value="case"/>
		<feat xlink:href="#sPointingRel465" value="det"/>
		<feat xlink:href="#sPointingRel467" value="det"/>
		<feat xlink:href="#sPointingRel469" value="cc"/>
		<feat xlink:href="#sPointingRel471" value="mark"/>
		<feat xlink:href="#sPointingRel473" value="cc"/>
		<feat xlink:href="#sPointingRel475" value="obl"/>
		<feat xlink:href="#sPointingRel477" value="case"/>
		<feat xlink:href="#sPointingRel479" value="case"/>
		<feat xlink:href="#sPointingRel481" value="advmod"/>
		<feat xlink:href="#sPointingRel483" value="aux"/>
		<feat xlink:href="#sPointingRel485" value="cop"/>
		<feat xlink:href="#sPointingRel487" value="det"/>
		<feat xlink:href="#sPointingRel489" value="acl"/>
		<feat xlink:href="#sPointingRel491" value="case"/>
		<feat xlink:href="#sPointingRel493" value="conj"/>
		<feat xlink:href="#sPointingRel495" value="cc"/>
		<feat xlink:href="#sPointingRel497" value="nsubj"/>
		<feat xlink:href="#sPointingRel499" value="det"/>
		<feat xlink:href="#sPointingRel501" value="aux"/>
		<feat xlink:href="#sPointingRel503" value="nsubj"/>
		<feat xlink:href="#sPointingRel505" value="nmod"/>
		<feat xlink:href="#sPointingRel507" value="mark"/>
		<feat xlink:href="#sPointingRel509" value="acl"/>
		<feat xlink:href="#sPointingRel511" value="punct"/>
		<feat xlink:href="#sPointingRel513" value="nmod"/>
		<feat xlink:href="#sPointingRel515" value="det"/>
		<feat xlink:href="#sPointingRel517" value="case"/>
		<feat xlink:href="#sPointingRel519" value="case"/>
		<feat xlink:href="#sPointingRel521" value="aux"/>
		<feat xlink:href="#sPointingRel523" value="case"/>
		<feat xlink:href="#sPointingRel525" value="cop"/>
		<feat xlink:href="#sPointingRel527" value="obj"/>
		<feat xlink:href="#sPointingRel529" value="det"/>
		<feat xlink:href="#sPointingRel531" value="det"/>
		<feat xlink:href="#sPointingRel533" value="punct"/>
		<feat xlink:href="#sPointingRel535" value="nsubj"/>
		<feat xlink:href="#sPointingRel537" value="obj"/>
		<feat xlink:href="#sPointingRel539" value="case"/>
		<feat xlink:href="#sPointingRel541" value="acl"/>
		<feat xlink:href="#sPointingRel543" value="mark"/>
		<feat xlink:href="#sPointingRel545" value="nmod"/>
		<feat xlink:href="#sPointingRel547" value="case"/>
		<feat xlink:href="#sPointingRel549" value="punct"/>
		<feat xlink:href="#sPointingRel551" value="aux"/>
		<feat xlink:href="#sPointingRel553" value="det"/>
		<feat xlink:href="#sPointingRel555" value="nsubj"/>
		<feat xlink:href="#sPointingRel557" value="nsubj"/>
		<feat xlink:href="#sPointingRel559" value="advmod"/>
		<feat xlink:href="#sPointingRel561" value="aux"/>
		<feat xlink:href="#sPointingRel563" value="nsubj"/>
		<feat xlink:href="#sPointingRel565" value="det"/>
		<feat xlink:href="#sPointingRel567" value="nmod"/>
		<feat xlink:href="#sPointingRel569" value="det"/>
		<feat xlink:href="#sPointingRel571" value="case"/>
		<feat xlink:href="#sPointingRel573" value="nsubj"/>
		<feat xlink:href="#sPointingRel575" value="nmod"/>
		<feat xlink:href="#sPointingRel577" value="aux"/>
		<feat xlink:href="#sPointingRel579" value="obl"/>
		<feat xlink:href="#sPointingRel581" value="obl"/>
		<feat xlink:href="#sPointingRel583" value="case"/>
		<feat xlink:href="#sPointingRel585" value="acl"/>
		<feat xlink:href="#sPointingRel587" value="case"/>
		<feat xlink:href="#sPointingRel589" value="conj"/>
		<feat xlink:href="#sPointingRel591" value="nsubj"/>
		<feat xlink:href="#sPointingRel593" value="nsubj"/>
		<feat xlink:href="#sPointingRel595" value="nsubj"/>
		<feat xlink:href="#sPointingRel597" value="advcl"/>
		<feat xlink:href="#sPointingRel599" value="nmod"/>
		<feat xlink:href="#sPointingRel601" value="case"/>
		<feat xlink:href="#sPointingRel603" value="det"/>
		<feat xlink:href="#sPointingRel605" value="case"/>
		<feat xlink:href="#sPointingRel607" value="mark"/>
		<feat xlink:href="#sPointingRel609" value="mark"/>
		<feat xlink:href="#sPointingRel611" value="obj"/>
		<feat xlink:href="#sPointingRel613" value="obl"/>
		<feat xlink:href="#sPointingRel615" value="obl"/>
		<feat xlink:href="#sPointingRel617" value="mark"/>
		<feat xlink:href="#sPointingRel619" value="mark"/>
		<feat xlink:href="#sPointingRel621" value="obl"/>
		<feat xlink:href="#sPointingRel623" value="case"/>
		<feat xlink:href="#sPointingRel625" value="appos"/>
		<feat xlink:href="#sPointingRel627" value="nmod"/>
		<feat xlink:href="#sPointingRel629" value="case"/>
		<feat xlink:href="#sPointingRel631" value="mark"/>
		<feat xlink:href="#sPointingRel633" value="nsubj"/>
		<feat xlink:href="#sPointingRel635" value="cc"/>
		<feat xlink:href="#sPointingRel637" value="nsubj"/>
		<feat xlink:href="#sPointingRel639" value="det"/>
		<feat xlink:href="#sPointingRel641" value="aux"/>
		<feat xlink:href="#sPointingRel643" value="cc"/>
		<feat xlink:href="#sPointingRel645" value="advmod"/>
		<feat xlink:href="#sPointingRel647" value="fixed"/>
		<feat xlink:href="#sPointingRel649" value="parataxis"/>
		<feat xlink:href="#sPointingRel651" value="case"/>
		<feat xlink:href="#sPointingRel653" value="advmod"/>
		<feat xlink:href="#sPointingRel655" value="obl"/>
		<feat xlink:href="#sPointingRel657" value="det"/>
		<feat xlink:href="#sPointingRel659" value="advmod"/>
		<feat xlink:href="#sPointingRel661" value="nmod"/>
		<feat xlink:href="#sPointingRel663" value="advmod"/>
		<feat xlink:href="#sPointingRel665" value="punct"/>
		<feat xlink:href="#sPointingRel667" value="det"/>
		<feat xlink:href="#sPointingRel669" value="xcomp"/>
		<feat xlink:href="#sPointingRel671" value="obl"/>
		<feat xlink:href="#sPointingRel673" value="det"/>
		<feat xlink:href="#sPointingRel675" value="mark"/>
		<feat xlink:href="#sPointingRel677" value="case"/>
		<feat xlink:href="#sPointingRel679" value="mark"/>
		<feat xlink:href="#sPointingRel681" value="punct"/>
		<feat xlink:href="#sPointingRel683" value="parataxis"/>
		<feat xlink:href="#sPointingRel685" value="det"/>
		<feat xlink:href="#sPointingRel687" value="aux"/>
		<feat xlink:href="#sPointingRel689" value="case"/>
		<feat xlink:href="#sPointingRel691" value="cc"/>
		<feat xlink:href="#sPointingRel693" value="conj"/>
		<feat xlink:href="#sPointingRel695" value="det"/>
		<feat xlink:href="#sPointingRel697" value="nmod"/>
		<feat xlink:href="#sPointingRel699" value="nsubj"/>
		<feat xlink:href="#sPointingRel701" value="obj"/>
		<feat xlink:href="#sPointingRel703" value="nsubj"/>
		<feat xlink:href="#sPointingRel705" value="cc"/>
		<feat xlink:href="#sPointingRel707" value="obl"/>
		<feat xlink:href="#sPointingRel709" value="det"/>
		<feat xlink:href="#sPointingRel711" value="conj"/>
		<feat xlink:href="#sPointingRel713" value="aux"/>
		<feat xlink:href="#sPointingRel715" value="aux"/>
		<feat xlink:href="#sPointingRel717" value="acl"/>
		<feat xlink:href="#sPointingRel719" value="det"/>
		<feat xlink:href="#sPointingRel721" value="advmod"/>
		<feat xlink:href="#sPointingRel723" value="obl"/>
		<feat xlink:href="#sPointingRel725" value="case"/>
		<feat xlink:href="#sPointingRel727" value="obj"/>
		<feat xlink:href="#sPointingRel729" value="mark"/>
		<feat xlink:href="#sPointingRel731" value="punct"/>
		<feat xlink:href="#sPointingRel733" value="nsubj"/>
		<feat xlink:href="#sPointingRel735" value="det"/>
		<feat xlink:href="#sPointingRel737" value="nsubj"/>
		<feat xlink:href="#sPointingRel739" value="advmod"/>
		<feat xlink:href="#sPointingRel741" value="nmod"/>
		<feat xlink:href="#sPointingRel743" value="det"/>
		<feat xlink:href="#sPointingRel745" value="det"/>
		<feat xlink:href="#sPointingRel747" value="punct"/>
		<feat xlink:href="#sPointingRel749" value="obj"/>
		<feat xlink:href="#sPointingRel751" value="case"/>
		<feat xlink:href="#sPointingRel753" value="ccomp"/>
		<feat xlink:href="#sPointingRel755" value="nmod"/>
		<feat xlink:href="#sPointingRel757" value="det"/>
		<feat xlink:href="#sPointingRel759" value="case"/>
		<feat xlink:href="#sPointingRel761" value="case"/>
		<feat xlink:href="#sPointingRel763" value="acl"/>
		<feat xlink:href="#sPointingRel765" value="nmod"/>
		<feat xlink:href="#sPointingRel767" value="dislocated"/>
		<feat xlink:href="#sPointingRel769" value="det"/>
		<feat xlink:href="#sPointingRel771" value="nsubj"/>
		<feat xlink:href="#sPointingRel773" value="punct"/>
		<feat xlink:href="#sPointingRel775" value="obl"/>
		<feat xlink:href="#sPointingRel777" value="det"/>
		<feat xlink:href="#sPointingRel779" value="acl"/>
		<feat xlink:href="#sPointingRel781" value="cc"/>
		<feat xlink:href="#sPointingRel783" value="conj"/>
		<feat xlink:href="#sPointingRel785" value="det"/>
		<feat xlink:href="#sPointingRel787" value="mark"/>
		<feat xlink:href="#sPointingRel789" value="acl"/>
		<feat xlink:href="#sPointingRel791" value="nsubj"/>
		<feat xlink:href="#sPointingRel793" value="nsubj"/>
		<feat xlink:href="#sPointingRel795" value="advmod"/>
		<feat xlink:href="#sPointingRel797" value="obl"/>
		<feat xlink:href="#sPointingRel799" value="mark"/>
		<feat xlink:href="#sPointingRel801" value="xcomp"/>
		<feat xlink:href="#sPointingRel803" value="mark"/>
		<feat xlink:href="#sPointingRel805" value="aux"/>
		<feat xlink:href="#sPointingRel807" value="punct"/>
		<feat xlink:href="#sPointingRel809" value="nmod"/>
		<feat xlink:href="#sPointingRel811" value="obj"/>
		<feat xlink:href="#sPointingRel813" value="obl"/>
		<feat xlink:href="#sPointingRel815" value="obj"/>
		<feat xlink:href="#sPointingRel817" value="nsubj"/>
		<feat xlink:href="#sPointingRel819" value="obl"/>
		<feat xlink:href="#sPointingRel821" value="aux"/>
		<feat xlink:href="#sPointingRel823" value="det"/>
		<feat xlink:href="#sPointingRel825" value="mark"/>
		<feat xlink:href="#sPointingRel827" value="mark"/>
		<feat xlink:href="#sPointingRel829" value="punct"/>
		<feat xlink:href="#sPointingRel831" value="case"/>
		<feat xlink:href="#sPointingRel833" value="punct"/>
		<feat xlink:href="#sPointingRel835" value="mark"/>
		<feat xlink:href="#sPointingRel837" value="det"/>
		<feat xlink:href="#sPointingRel839" value="nmod"/>
		<feat xlink:href="#sPointingRel841" value="case"/>
		<feat xlink:href="#sPointingRel843" value="conj"/>
		<feat xlink:href="#sPointingRel845" value="det"/>
		<feat xlink:href="#sPointingRel847" value="mark"/>
		<feat xlink:href="#sPointingRel849" value="nsubj"/>
		<feat xlink:href="#sPointingRel851" value="acl"/>
		<feat xlink:href="#sPointingRel853" value="case"/>
		<feat xlink:href="#sPointingRel855" value="conj"/>
		<feat xlink:href="#sPointingRel857" value="acl"/>
		<feat xlink:href="#sPointingRel859" value="aux"/>
		<feat xlink:href="#sPointingRel861" value="case"/>
		<feat xlink:href="#sPointingRel863" value="punct"/>
		<feat xlink:href="#sPointingRel865" value="det"/>
		<feat xlink:href="#sPointingRel867" value="aux"/>
		<feat xlink:href="#sPointingRel869" value="obl"/>
		<feat xlink:href="#sPointingRel871" value="acl"/>
		<feat xlink:href="#sPointingRel873" value="det"/>
		<feat xlink:href="#sPointingRel875" value="case"/>
		<feat xlink:href="#sPointingRel877" value="case"/>
		<feat xlink:href="#sPointingRel879" value="case"/>
		<feat xlink:href="#sPointingRel881" value="aux"/>
		<feat xlink:href="#sPointingRel883" value="nsubj"/>
		<feat xlink:href="#sPointingRel885" value="punct"/>
		<feat xlink:href="#sPointingRel887" value="obl"/>
		<feat xlink:href="#sPointingRel889" value="ccomp"/>
		<feat xlink:href="#sPointingRel891" value="nsubj"/>
		<feat xlink:href="#sPointingRel893" value="nsubj"/>
		<feat xlink:href="#sPointingRel895" value="case"/>
		<feat xlink:href="#sPointingRel897" value="case"/>
		<feat xlink:href="#sPointingRel899" value="det"/>
		<feat xlink:href="#sPointingRel901" value="case"/>
		<feat xlink:href="#sPointingRel903" value="case"/>
		<feat xlink:href="#sPointingRel905" value="nsubj"/>
		<feat xlink:href="#sPointingRel907" value="det"/>
		<feat xlink:href="#sPointingRel909" value="det"/>
		<feat xlink:href="#sPointingRel911" value="case"/>
		<feat xlink:href="#sPointingRel913" value="punct"/>
		<feat xlink:href="#sPointingRel915" value="punct"/>
		<feat xlink:href="#sPointingRel917" value="case"/>
		<feat xlink:href="#sPointingRel919" value="case"/>
		<feat xlink:href="#sPointingRel921" value="acl"/>
		<feat xlink:href="#sPointingRel923" value="det"/>
		<feat xlink:href="#sPointingRel925" value="obl"/>
		<feat xlink:href="#sPointingRel927" value="advmod"/>
		<feat xlink:href="#sPointingRel929" value="case"/>
		<feat xlink:href="#sPointingRel931" value="mark"/>
		<feat xlink:href="#sPointingRel933" value="mark"/>
		<feat xlink:href="#sPointingRel935" value="fixed"/>
		<feat xlink:href="#sPointingRel937" value="nsubj"/>
		<feat xlink:href="#sPointingRel939" value="conj"/>
		<feat xlink:href="#sPointingRel941" value="case"/>
		<feat xlink:href="#sPointingRel943" value="mark"/>
		<feat xlink:href="#sPointingRel945" value="nsubj"/>
		<feat xlink:href="#sPointingRel947" value="case"/>
		<feat xlink:href="#sPointingRel949" value="obl"/>
		<feat xlink:href="#sPointingRel951" value="acl"/>
		<feat xlink:href="#sPointingRel953" value="aux"/>
		<feat xlink:href="#sPointingRel955" value="mark"/>
		<feat xlink:href="#sPointingRel957" value="mark"/>
		<feat xlink:href="#sPointingRel959" value="mark"/>
		<feat xlink:href="#sPointingRel961" value="det"/>
		<feat xlink:href="#sPointingRel963" value="obj"/>
		<feat xlink:href="#sPointingRel965" value="punct"/>
		<feat xlink:href="#sPointingRel967" value="punct"/>
		<feat xlink:href="#sPointingRel969" value="case"/>
		<feat xlink:href="#sPointingRel971" value="nsubj"/>
		<feat xlink:href="#sPointingRel973" value="case"/>
		<feat xlink:href="#sPointingRel975" value="acl"/>
		<feat xlink:href="#sPointingRel977" value="det"/>
		<feat xlink:href="#sPointingRel979" value="case"/>
		<feat xlink:href="#sPointingRel981" value="nsubj"/>
		<feat xlink:href="#sPointingRel983" value="nmod"/>
		<feat xlink:href="#sPointingRel985" value="det"/>
		<feat xlink:href="#sPointingRel987" value="orphan"/>
		<feat xlink:href="#sPointingRel989" value="nsubj"/>
		<feat xlink:href="#sPointingRel991" value="obl"/>
		<feat xlink:href="#sPointingRel993" value="nsubj"/>
		<feat xlink:href="#sPointingRel995" value="nsubj"/>
		<feat xlink:href="#sPointingRel997" value="advmod"/>
		<feat xlink:href="#sPointingRel999" value="det"/>
		<feat xlink:href="#sPointingRel1001" value="det"/>
		<feat xlink:href="#sPointingRel1003" value="mark"/>
		<feat xlink:href="#sPointingRel1005" value="nsubj"/>
		<feat xlink:href="#sPointingRel1007" value="mark"/>
		<feat xlink:href="#sPointingRel1009" value="advmod"/>
		<feat xlink:href="#sPointingRel1011" value="case"/>
		<feat xlink:href="#sPointingRel1013" value="obl"/>
		<feat xlink:href="#sPointingRel1015" value="obl"/>
		<feat xlink:href="#sPointingRel1017" value="parataxis"/>
		<feat xlink:href="#sPointingRel1019" value="aux"/>
		<feat xlink:href="#sPointingRel1021" value="cc"/>
		<feat xlink:href="#sPointingRel1023" value="det"/>
		<feat xlink:href="#sPointingRel1025" value="acl"/>
		<feat xlink:href="#sPointingRel1027" value="det"/>
		<feat xlink:href="#sPointingRel1029" value="aux"/>
		<feat xlink:href="#sPointingRel1031" value="cop"/>
		<feat xlink:href="#sPointingRel1033" value="dislocated"/>
		<feat xlink:href="#sPointingRel1035" value="nsubj"/>
		<feat xlink:href="#sPointingRel1037" value="case"/>
		<feat xlink:href="#sPointingRel1039" value="det"/>
		<feat xlink:href="#sPointingRel1041" value="advmod"/>
		<feat xlink:href="#sPointingRel1043" value="punct"/>
		<feat xlink:href="#sPointingRel1045" value="nmod"/>
		<feat xlink:href="#sPointingRel1047" value="aux"/>
		<feat xlink:href="#sPointingRel1049" value="cop"/>
		<feat xlink:href="#sPointingRel1051" value="case"/>
		<feat xlink:href="#sPointingRel1053" value="mark"/>
		<feat xlink:href="#sPointingRel1055" value="mark"/>
		<feat xlink:href="#sPointingRel1057" value="advmod"/>
		<feat xlink:href="#sPointingRel1059" value="nmod"/>
		<feat xlink:href="#sPointingRel1061" value="mark"/>
		<feat xlink:href="#sPointingRel1063" value="obl"/>
		<feat xlink:href="#sPointingRel1065" value="case"/>
		<feat xlink:href="#sPointingRel1067" value="appos"/>
		<feat xlink:href="#sPointingRel1069" value="acl"/>
		<feat xlink:href="#sPointingRel1071" value="obl"/>
		<feat xlink:href="#sPointingRel1073" value="nmod"/>
		<feat xlink:href="#sPointingRel1075" value="aux"/>
		<feat xlink:href="#sPointingRel1077" value="case"/>
		<feat xlink:href="#sPointingRel1079" value="acl"/>
		<feat xlink:href="#sPointingRel1081" value="cc"/>
		<feat xlink:href="#sPointingRel1083" value="obl"/>
		<feat xlink:href="#sPointingRel1085" value="acl"/>
		<feat xlink:href="#sPointingRel1087" value="punct"/>
		<feat xlink:href="#sPointingRel1089" value="obl"/>
		<feat xlink:href="#sPointingRel1091" value="case"/>
		<feat xlink:href="#sPointingRel1093" value="punct"/>
		<feat xlink:href="#sPointingRel1095" value="advmod"/>
		<feat xlink:href="#sPointingRel1097" value="nsubj"/>
		<feat xlink:href="#sPointingRel1099" value="nmod"/>
		<feat xlink:href="#sPointingRel1101" value="case"/>
		<feat xlink:href="#sPointingRel1103" value="acl"/>
		<feat xlink:href="#sPointingRel1105" value="det"/>
		<feat xlink:href="#sPointingRel1107" value="det"/>
		<feat xlink:href="#sPointingRel1109" value="case"/>
		<feat xlink:href="#sPointingRel1111" value="case"/>
		<feat xlink:href="#sPointingRel1113" value="advcl"/>
		<feat xlink:href="#sPointingRel1115" value="det"/>
		<feat xlink:href="#sPointingRel1117" value="nmod"/>
		<feat xlink:href="#sPointingRel1119" value="obj"/>
		<feat xlink:href="#sPointingRel1121" value="case"/>
		<feat xlink:href="#sPointingRel1123" value="obl"/>
		<feat xlink:href="#sPointingRel1125" value="advcl"/>
		<feat xlink:href="#sPointingRel1127" value="acl"/>
		<feat xlink:href="#sPointingRel1129" value="acl"/>
		<feat xlink:href="#sPointingRel1131" value="case"/>
		<feat xlink:href="#sPointingRel1133" value="parataxis"/>
		<feat xlink:href="#sPointingRel1135" value="mark"/>
		<feat xlink:href="#sPointingRel1137" value="case"/>
		<feat xlink:href="#sPointingRel1139" value="nmod"/>
		<feat xlink:href="#sPointingRel1141" value="nsubj"/>
		<feat xlink:href="#sPointingRel1143" value="case"/>
		<feat xlink:href="#sPointingRel1145" value="det"/>
		<feat xlink:href="#sPointingRel1147" value="punct"/>
		<feat xlink:href="#sPointingRel1149" value="ccomp"/>
		<feat xlink:href="#sPointingRel1151" value="nsubj"/>
		<feat xlink:href="#sPointingRel1153" value="conj"/>
		<feat xlink:href="#sPointingRel1155" value="case"/>
		<feat xlink:href="#sPointingRel1157" value="advmod"/>
		<feat xlink:href="#sPointingRel1159" value="case"/>
		<feat xlink:href="#sPointingRel1161" value="case"/>
		<feat xlink:href="#sPointingRel1163" value="dislocated"/>
		<feat xlink:href="#sPointingRel1165" value="obj"/>
		<feat xlink:href="#sPointingRel1167" value="case"/>
		<feat xlink:href="#sPointingRel1169" value="acl"/>
		<feat xlink:href="#sPointingRel1171" value="cc"/>
		<feat xlink:href="#sPointingRel1173" value="fixed"/>
		<feat xlink:href="#sPointingRel1175" value="det"/>
		<feat xlink:href="#sPointingRel1177" value="obl"/>
		<feat xlink:href="#sPointingRel1179" value="case"/>
		<feat xlink:href="#sPointingRel1181" value="obl"/>
		<feat xlink:href="#sPointingRel1183" value="det"/>
		<feat xlink:href="#sPointingRel1185" value="acl"/>
		<feat xlink:href="#sPointingRel1187" value="case"/>
		<feat xlink:href="#sPointingRel1189" value="nsubj"/>
		<feat xlink:href="#sPointingRel1191" value="nsubj"/>
		<feat xlink:href="#sPointingRel1193" value="mark"/>
		<feat xlink:href="#sPointingRel1195" value="case"/>
		<feat xlink:href="#sPointingRel1197" value="punct"/>
		<feat xlink:href="#sPointingRel1199" value="case"/>
		<feat xlink:href="#sPointingRel1201" value="det"/>
		<feat xlink:href="#sPointingRel1203" value="xcomp"/>
		<feat xlink:href="#sPointingRel1205" value="aux"/>
		<feat xlink:href="#sPointingRel1207" value="nmod"/>
		<feat xlink:href="#sPointingRel1209" value="punct"/>
		<feat xlink:href="#sPointingRel1211" value="det"/>
		<feat xlink:href="#sPointingRel1213" value="case"/>
		<feat xlink:href="#sPointingRel1215" value="punct"/>
		<feat xlink:href="#sPointingRel1217" value="cc"/>
		<feat xlink:href="#sPointingRel1219" value="mark"/>
		<feat xlink:href="#sPointingRel1221" value="case"/>
		<feat xlink:href="#sPointingRel1223" value="nmod"/>
		<feat xlink:href="#sPointingRel1225" value="det"/>
		<feat xlink:href="#sPointingRel1227" value="det"/>
		<feat xlink:href="#sPointingRel1229" value="obj"/>
		<feat xlink:href="#sPointingRel1231" value="det"/>
		<feat xlink:href="#sPointingRel1233" value="obl"/>
		<feat xlink:href="#sPointingRel1235" value="punct"/>
		<feat xlink:href="#sPointingRel1237" value="nmod"/>
		<feat xlink:href="#sPointingRel1239" value="aux"/>
		<feat xlink:href="#sPointingRel1241" value="case"/>
		<feat xlink:href="#sPointingRel1243" value="advmod"/>
		<feat xlink:href="#sPointingRel1245" value="aux"/>
		<feat xlink:href="#sPointingRel1247" value="det"/>
		<feat xlink:href="#sPointingRel1249" value="nsubj"/>
		<feat xlink:href="#sPointingRel1251" value="cc"/>
		<feat xlink:href="#sPointingRel1253" value="acl"/>
		<feat xlink:href="#sPointingRel1255" value="mark"/>
		<feat xlink:href="#sPointingRel1257" value="nsubj"/>
		<feat xlink:href="#sPointingRel1259" value="nsubj"/>
		<feat xlink:href="#sPointingRel1261" value="conj"/>
		<feat xlink:href="#sPointingRel1263" value="nsubj"/>
		<feat xlink:href="#sPointingRel1265" value="nmod"/>
		<feat xlink:href="#sPointingRel1267" value="obj"/>
		<feat xlink:href="#sPointingRel1269" value="mark"/>
		<feat xlink:href="#sPointingRel1271" value="punct"/>
		<feat xlink:href="#sPointingRel1273" value="mark"/>
		<feat xlink:href="#sPointingRel1275" value="nsubj"/>
		<feat xlink:href="#sPointingRel1277" value="dislocated"/>
		<feat xlink:href="#sPointingRel1279" value="det"/>
		<feat xlink:href="#sPointingRel1281" value="case"/>
		<feat xlink:href="#sPointingRel1283" value="det"/>
		<feat xlink:href="#sPointingRel1285" value="cc"/>
		<feat xlink:href="#sPointingRel1287" value="ccomp"/>
		<feat xlink:href="#sPointingRel1289" value="case"/>
		<feat xlink:href="#sPointingRel1291" value="advmod"/>
		<feat xlink:href="#sPointingRel1293" value="conj"/>
		<feat xlink:href="#sPointingRel1295" value="mark"/>
		<feat xlink:href="#sPointingRel1297" value="case"/>
		<feat xlink:href="#sPointingRel1299" value="obj"/>
		<feat xlink:href="#sPointingRel1301" value="aux"/>
		<feat xlink:href="#sPointingRel1303" value="advmod"/>
		<feat xlink:href="#sPointingRel1305" value="aux"/>
		<feat xlink:href="#sPointingRel1307" value="obl"/>
		<feat xlink:href="#sPointingRel1309" value="case"/>
		<feat xlink:href="#sPointingRel1311" value="det"/>
		<feat xlink:href="#sPointingRel1313" value="cc"/>
		<feat xlink:href="#sPointingRel1315" value="advmod"/>
		<feat xlink:href="#sPointingRel1317" value="det"/>
		<feat xlink:href="#sPointingRel1319" value="obl"/>
		<feat xlink:href="#sPointingRel1321" value="nsubj"/>
		<feat xlink:href="#sPointingRel1323" value="det"/>
		<feat xlink:href="#sPointingRel1325" value="obj"/>
		<feat xlink:href="#sPointingRel1327" value="nsubj"/>
		<feat xlink:href="#sPointingRel1329" value="obj"/>
		<feat xlink:href="#sPointingRel1331" value="aux"/>
		<feat xlink:href="#sPointingRel1333" value="punct"/>
		<feat xlink:href="#sPointingRel1335" value="det"/>
		<feat xlink:href="#sPointingRel1337" value="case"/>
		<feat xlink:href="#sPointingRel1339" value="aux"/>
		<feat xlink:href="#sPointingRel1341" value="det"/>
		<feat xlink:href="#sPointingRel1343" value="nmod"/>
		<feat xlink:href="#sPointingRel1345" value="punct"/>
		<feat xlink:href="#sPointingRel1347" value="obl"/>
		<feat xlink:href="#sPointingRel1349" value="nmod"/>
		<feat xlink:href="#sPointingRel1351" value="cc"/>
		<feat xlink:href="#sPointingRel1353" value="mark"/>
		<feat xlink:href="#sPointingRel1355" value="csubj"/>
		<feat xlink:href="#sPointingRel1357" value="punct"/>
		<feat xlink:href="#sPointingRel1359" value="det"/>
		<feat xlink:href="#sPointingRel1361" value="nsubj"/>
		<feat xlink:href="#sPointingRel1363" value="case"/>
		<feat xlink:href="#sPointingRel1365" value="cop"/>
		<feat xlink:href="#sPointingRel1367" value="aux"/>
		<feat xlink:href="#sPointingRel1369" value="advmod"/>
		<feat xlink:href="#sPointingRel1371" value="case"/>
		<feat xlink:href="#sPointingRel1373" value="cc"/>
		<feat xlink:href="#sPointingRel1375" value="aux"/>
		<feat xlink:href="#sPointingRel1377" value="aux"/>
		<feat xlink:href="#sPointingRel1379" value="nsubj"/>
		<feat xlink:href="#sPointingRel1381" value="nsubj"/>
		<feat xlink:href="#sPointingRel1383" value="mark"/>
		<feat xlink:href="#sPointingRel1385" value="xcomp"/>
		<feat xlink:href="#sPointingRel1387" value="advmod"/>
		<feat xlink:href="#sPointingRel1389" value="det"/>
		<feat xlink:href="#sPointingRel1391" value="punct"/>
		<feat xlink:href="#sPointingRel1393" value="case"/>
		<feat xlink:href="#sPointingRel1395" value="punct"/>
		<feat xlink:href="#sPointingRel1397" value="det"/>
		<feat xlink:href="#sPointingRel1399" value="mark"/>
		<feat xlink:href="#sPointingRel1401" value="case"/>
		<feat xlink:href="#sPointingRel1403" value="case"/>
		<feat xlink:href="#sPointingRel1405" value="fixed"/>
		<feat xlink:href="#sPointingRel1407" value="obl"/>
		<feat xlink:href="#sPointingRel1409" value="det"/>
		<feat xlink:href="#sPointingRel1411" value="det"/>
		<feat xlink:href="#sPointingRel1413" value="nmod"/>
		<feat xlink:href="#sPointingRel1415" value="obj"/>
		<feat xlink:href="#sPointingRel1417" value="aux"/>
		<feat xlink:href="#sPointingRel1419" value="advmod"/>
		<feat xlink:href="#sPointingRel1421" value="nsubj"/>
		<feat xlink:href="#sPointingRel1423" value="case"/>
		<feat xlink:href="#sPointingRel1425" value="obj"/>
		<feat xlink:href="#sPointingRel1427" value="det"/>
		<feat xlink:href="#sPointingRel1429" value="nsubj"/>
		<feat xlink:href="#sPointingRel1431" value="nsubj"/>
		<feat xlink:href="#sPointingRel1433" value="obl"/>
		<feat xlink:href="#sPointingRel1435" value="advcl"/>
		<feat xlink:href="#sPointingRel1437" value="case"/>
		<feat xlink:href="#sPointingRel1439" value="case"/>
		<feat xlink:href="#sPointingRel1441" value="det"/>
		<feat xlink:href="#sPointingRel1443" value="obl"/>
		<feat xlink:href="#sPointingRel1445" value="det"/>
		<feat xlink:href="#sPointingRel1447" value="punct"/>
		<feat xlink:href="#sPointingRel1449" value="det"/>
		<feat xlink:href="#sPointingRel1451" value="obj"/>
		<feat xlink:href="#sPointingRel1453" value="nmod"/>
		<feat xlink:href="#sPointingRel1455" value="det"/>
		<feat xlink:href="#sPointingRel1457" value="cc"/>
		<feat xlink:href="#sPointingRel1459" value="det"/>
		<feat xlink:href="#sPointingRel1461" value="aux"/>
		<feat xlink:href="#sPointingRel1463" value="acl"/>
		<feat xlink:href="#sPointingRel1465" value="obj"/>
		<feat xlink:href="#sPointingRel1467" value="conj"/>
		<feat xlink:href="#sPointingRel1469" value="punct"/>
		<feat xlink:href="#sPointingRel1471" value="obl"/>
		<feat xlink:href="#sPointingRel1473" value="case"/>
		<feat xlink:href="#sPointingRel1475" value="det"/>
		<feat xlink:href="#sPointingRel1477" value="advmod"/>
		<feat xlink:href="#sPointingRel1479" value="det"/>
		<feat xlink:href="#sPointingRel1481" value="obl"/></featList></paula>