<?xml version='1.0' encoding='UTF-8'?><!DOCTYPE paula SYSTEM "paula_feat.dtd">
<paula version="1.1">
	<header paula_id="scriptorium.to_thieving_nuns.mark_orig_group"/>
	<featList xmlns:xlink="http://www.w3.org/1999/xlink" type="orig_group" xml:base="scriptorium.to_thieving_nuns.mark.xml">
		<feat xlink:href="#sSpan6" value="ⲱ̂"/>
		<feat xlink:href="#sSpan18" value="ⲧⲉⲧ︤ⲛ︥ⲣⲱϣⲉ"/>
		<feat xlink:href="#sSpan25" value="ⲛ̄ⲧⲱⲧ︤ⲛ︥"/>
		<feat xlink:href="#sSpan30" value="ⲛⲉⲧⲕⲁⲙⲁ⳿"/>
		<feat xlink:href="#sSpan42" value="ⲙ̄ⲡⲥⲁⲧⲁⲛⲁⲥ"/>
		<feat xlink:href="#sSpan53" value="ⲉⲧⲣⲉϥⲉⲓ̂"/>
		<feat xlink:href="#sSpan64" value="ⲉϩⲟⲩⲛ"/>
		<feat xlink:href="#sSpan69" value="ⲛ︤ϥ︥ϫⲱϩ︤ⲙ︥"/>
		<feat xlink:href="#sSpan79" value="ⲛ̄ⲙ̄ⲙⲁ"/>
		<feat xlink:href="#sSpan88" value="ⲉⲧⲟⲩⲁⲁⲃ"/>
		<feat xlink:href="#sSpan95" value="ⲙ̄ⲡⲛⲟⲩⲧⲉ"/>
		<feat xlink:href="#sSpan105" value="·"/>
		<feat xlink:href="#sSpan109" value="ⲁⲩⲱ"/>
		<feat xlink:href="#sSpan115" value="ⲛ̄ⲧⲉⲧ︤ⲛ︥ⲥⲱⲱϥ"/>
		<feat xlink:href="#sSpan124" value="ⲙ̄ⲡⲉϥⲣ̄ⲡⲉ"/>
		<feat xlink:href="#sSpan134" value="ⲉⲧⲉⲛ̄ⲧⲱⲧ︤ⲛ︥"/>
		<feat xlink:href="#sSpan141" value="ⲡⲉ"/>
		<feat xlink:href="#sSpan145" value="ⲙ̄ⲙⲓⲛⲙ̄ⲙⲱⲧ︤ⲛ︥"/>
		<feat xlink:href="#sSpan153" value="·"/>
		<feat xlink:href="#sSpan157" value="ⲙ̄ⲡⲉⲧ︤ⲛ︥ⲣ̄ⲡⲙⲉⲉⲩⲉ"/>
		<feat xlink:href="#sSpan171" value="ⲛ̄ⲧⲁⲡⲟⲫⲁⲥⲓⲥ"/>
		<feat xlink:href="#sSpan183" value="ⲙ̄ⲡⲁⲡⲟⲥⲧⲟⲗⲟⲥ"/>
		<feat xlink:href="#sSpan194" value=","/>
		<feat xlink:href="#sSpan198" value="ϫⲉⲡⲉⲧⲛⲁⲥⲱⲱϥ⳿"/>
		<feat xlink:href="#sSpan213" value="ⲙ̄ⲡⲉⲣⲡⲉ"/>
		<feat xlink:href="#sSpan223" value="ⲙ̄ⲡⲛⲟⲩⲧⲉ"/>
		<feat xlink:href="#sSpan235" value="."/>
		<feat xlink:href="#sSpan240" value="ⲡⲁⲓ"/>
		<feat xlink:href="#sSpan245" value="ⲡⲛⲟⲩⲧⲉ"/>
		<feat xlink:href="#sSpan252" value="ⲛⲁⲧⲁⲕⲟϥ"/>
		<feat xlink:href="#sSpan260" value=":"/>
		<feat xlink:href="#sSpan265" value="ⲟⲩⲧⲉ"/>
		<feat xlink:href="#sSpan274" value="ⲟⲛ"/>
		<feat xlink:href="#sSpan278" value="ⲙ̄ⲡⲉⲧ︤ⲛ︥ⲣ̄ⲡⲙⲉⲉⲩⲉ"/>
		<feat xlink:href="#sSpan291" value="ⲛ̄ⲛ̄ⲥⲁϩⲟⲩ"/>
		<feat xlink:href="#sSpan303" value="ⲧⲏⲣⲟⲩ"/>
		<feat xlink:href="#sSpan310" value="ⲉⲛⲧⲁⲡⲉ⳯ⲉⲓⲱⲧ"/>
		<feat xlink:href="#sSpan322" value="ϫⲟⲟⲩ"/>
		<feat xlink:href="#sSpan328" value="ⲉϥϯ"/>
		<feat xlink:href="#sSpan337" value="ⲙ̄ⲙⲟⲛ"/>
		<feat xlink:href="#sSpan344" value="ⲧⲏⲣ︤ⲛ︥"/>
		<feat xlink:href="#sSpan351" value="ⲉⲧⲟⲟⲧ︤ϥ︥"/>
		<feat xlink:href="#sSpan357" value="ⲙ̄ⲡⲛⲟⲩⲧⲉ"/>
		<feat xlink:href="#sSpan367" value="ⲉϥϫⲱ"/>
		<feat xlink:href="#sSpan377" value="ⲙ̄ⲙⲟⲥ"/>
		<feat xlink:href="#sSpan383" value=","/>
		<feat xlink:href="#sSpan387" value="ϫⲉϥⲥϩⲟⲩⲟⲣ︤ⲧ︥"/>
		<feat xlink:href="#sSpan398" value="ⲛ̄ϭⲓⲡⲉⲧⲛⲁϫⲱϩ︤ⲙ︥"/>
		<feat xlink:href="#sSpan412" value="ⲙ̄ⲡⲉϥⲥⲱⲙⲁ"/>
		<feat xlink:href="#sSpan424" value="ⲕⲁⲧⲁⲗⲁⲁⲩ"/>
		<feat xlink:href="#sSpan432" value="ⲛ̄ⲥⲙⲟⲧ"/>
		<feat xlink:href="#sSpan439" value="·"/>
		<feat xlink:href="#sSpan444" value="ⲏ̂"/>
		<feat xlink:href="#sSpan449" value="ⲛ︤ϥ︥ϫⲓⲟⲩⲉ"/>
		<feat xlink:href="#sSpan458" value="ϩ︤ⲛ︥ⲗⲁⲁⲩ"/>
		<feat xlink:href="#sSpan465" value="ⲛ̄ϩⲛⲟ̂"/>
		<feat xlink:href="#sSpan472" value="·"/>
		<feat xlink:href="#sSpan476" value="ϫⲓⲛⲟⲩϩⲱⲥ⳿"/>
		<feat xlink:href="#sSpan486" value="ⲙ︤ⲛ︥ⲟⲩⲙⲟⲩⲥ"/>
		<feat xlink:href="#sSpan496" value="·"/>
		<feat xlink:href="#sSpan501" value="ⲙⲁⲗⲓⲥⲧⲁ"/>
		<feat xlink:href="#sSpan508" value="ϩⲟⲉⲓⲧⲉ"/>
		<feat xlink:href="#sSpan512" value="ϩⲓⲡⲣⲏϣ"/>
		<feat xlink:href="#sSpan520" value="ϩⲓⲕⲗⲁϥ︤ⲧ︥"/>
		<feat xlink:href="#sSpan528" value="·"/>
		<feat xlink:href="#sSpan532" value="ⲁⲩⲱ"/>
		<feat xlink:href="#sSpan536" value="ϣⲁϩⲣⲁⲓ̈"/>
		<feat xlink:href="#sSpan541" value="ⲉⲟⲩⲉⲗⲁⲭⲓⲥⲧⲟⲛ"/>
		<feat xlink:href="#sSpan552" value="ⲛ̄"/>
		<feat xlink:href="#sSpan556" value="ϩⲛⲟ̂"/>
		<feat xlink:href="#sSpan562" value="ⲛ̄"/>
		<feat xlink:href="#sSpan566" value="ⲟⲩⲱⲙ"/>
		<feat xlink:href="#sSpan570" value="·"/>
		<feat xlink:href="#sSpan575" value="ⲉⲓⲧⲉ"/>
		<feat xlink:href="#sSpan581" value="ⲉⲃⲟⲗ"/>
		<feat xlink:href="#sSpan586" value="ϩ︤ⲛ︥"/>
		<feat xlink:href="#sSpan590" value="ⲛⲉ"/>
		<feat xlink:href="#sSpan596" value="ϩⲛⲁⲁⲩ"/>
		<feat xlink:href="#sSpan600" value="ⲛ̄ⲧⲇⲓⲁⲕⲟⲛⲓⲁ"/>
		<feat xlink:href="#sSpan611" value="ⲙ̄ⲡⲛⲟⲩⲧⲉ"/>
		<feat xlink:href="#sSpan621" value="·"/>
		<feat xlink:href="#sSpan626" value="ⲉⲓⲧⲉ"/>
		<feat xlink:href="#sSpan631" value="ⲉⲃⲟⲗ"/>
		<feat xlink:href="#sSpan636" value="ϩ︤ⲛ︥ⲛ̄ⲧⲟ̂"/>
		<feat xlink:href="#sSpan646" value="ⲛ̄ⲛⲉⲧϩⲓⲧⲟⲩⲱⲟⲩ"/>
		<feat xlink:href="#sSpan661" value="·"/>
		<feat xlink:href="#sSpan666" value="ⲛⲉⲓ̈ⲙⲉⲉⲩⲉ"/>
		<feat xlink:href="#sSpan681" value="ⲙⲉ⳯"/>
		<feat xlink:href="#sSpan685" value="ⲡⲉ"/>
		<feat xlink:href="#sSpan690" value="ⲉⲉⲓ̂"/>
		<feat xlink:href="#sSpan696" value="ϣⲁⲣⲱⲧ︤ⲛ︥"/>
		<feat xlink:href="#sSpan703" value="ϩ︤ⲛ︥ⲟⲩⲧⲱⲧ"/>
		<feat xlink:href="#sSpan712" value="ⲛ̄"/>
		<feat xlink:href="#sSpan717" value="ϩⲏⲧ⳿"/>
		<feat xlink:href="#sSpan721" value="·"/>
		<feat xlink:href="#sSpan726" value="ⲁⲗⲗⲁ"/>
		<feat xlink:href="#sSpan731" value="ⲡⲉⲙⲕⲁϩ"/>
		<feat xlink:href="#sSpan739" value="ⲛ̄ϩⲏⲧ"/>
		<feat xlink:href="#sSpan746" value="ⲛ̄ⲛⲉⲛⲧⲁⲩϯϭⲱⲛ︤ⲧ︥"/>
		<feat xlink:href="#sSpan764" value="ⲙ̄ⲡⲛⲟⲩⲧⲉ"/>
		<feat xlink:href="#sSpan775" value="ⲁⲩⲱ"/>
		<feat xlink:href="#sSpan779" value="ⲁⲩⲗⲩⲡⲉⲓ"/>
		<feat xlink:href="#sSpan789" value="ⲙ̄ⲡⲉϥⲡ︤ⲛ︦ⲁ︥"/>
		<feat xlink:href="#sSpan799" value="ⲉⲧⲟⲩⲁⲁⲃ"/>
		<feat xlink:href="#sSpan806" value="·"/>
		<feat xlink:href="#sSpan810" value="ⲡⲉ⳯ⲧⲁϥⲕⲱⲗⲩⲉ"/>
		<feat xlink:href="#sSpan824" value="ⲙ̄ⲡⲉⲛⲟⲩⲣⲟⲧ"/>
		<feat xlink:href="#sSpan834" value="·"/>
		<feat xlink:href="#sSpan839" value="ϯⲥⲟⲟⲩⲛ"/>
		<feat xlink:href="#sSpan851" value="ⲙⲉⲛ"/>
		<feat xlink:href="#sSpan855" value="ϫⲉⲡⲁⲙ̄ⲡϣⲁ"/>
		<feat xlink:href="#sSpan865" value="ⲡⲉ"/>
		<feat xlink:href="#sSpan870" value="ⲙ̄ⲕⲁϩ"/>
		<feat xlink:href="#sSpan875" value="ⲛ̄ϩⲏⲧ"/>
		<feat xlink:href="#sSpan881" value="ⲛⲓⲙ"/>
		<feat xlink:href="#sSpan886" value="·"/>
		<feat xlink:href="#sSpan890" value="ⲁⲗⲗⲁ"/>
		<feat xlink:href="#sSpan894" value="ⲉⲣϣⲁⲛⲡⲛⲟⲩⲧⲉ"/>
		<feat xlink:href="#sSpan904" value="ⲙ︤ⲛ︥ⲡⲉⲛϫⲟⲓ̈ⲥ"/>
		<feat xlink:href="#sSpan914" value="ⲓ︤ⲥ︥"/>
		<feat xlink:href="#sSpan919" value="ⲣ̄ϩⲛⲁϥ"/>
		<feat xlink:href="#sSpan927" value="·"/>
		<feat xlink:href="#sSpan931" value="ϯⲛⲏⲩ"/>
		<feat xlink:href="#sSpan938" value="ϣⲁⲣⲱⲧ︤ⲛ︥"/>
		<feat xlink:href="#sSpan945" value="ϩ︤ⲛ︥ⲟⲩϭⲱⲛ︤ⲧ︥"/>
		<feat xlink:href="#sSpan955" value="·"/>
		<feat xlink:href="#sSpan959" value="ⲛ̄ⲧⲁⲉⲓⲣⲉ"/>
		<feat xlink:href="#sSpan970" value="ⲛ̄ⲛⲓⲁⲧⲥⲃⲱ̂"/>
		<feat xlink:href="#sSpan980" value="ⲁⲩⲱ"/>
		<feat xlink:href="#sSpan984" value="ⲛⲓⲡⲁⲣⲑⲉⲛⲟⲥ"/>
		<feat xlink:href="#sSpan993" value="ⲛ̄ⲥⲟϭ"/>
		<feat xlink:href="#sSpan1000" value=","/>
		<feat xlink:href="#sSpan1004" value="ⲉⲧⲉⲙ︤ⲛ︥ⲛⲉϩ⳿"/>
		<feat xlink:href="#sSpan1014" value="ϩ︤ⲛ︥ⲛⲉⲩⲁⲅⲅⲓⲟⲛ"/>
		<feat xlink:href="#sSpan1025" value="ⲛ̄ⲛⲉⲧϩ︤ⲙ︥ⲡⲁϩⲏⲧ⳿"/>
		<feat xlink:href="#sSpan1042" value="ⲧⲏⲣⲟⲩ"/>
		<feat xlink:href="#sSpan1049" value="·"/>
		<feat xlink:href="#sSpan1053" value="ϫⲉⲡⲁⲡⲁⲗⲓⲛ"/>
		<feat xlink:href="#sSpan1068" value="ⲟⲛ"/>
		<feat xlink:href="#sSpan1072" value="ⲛ̄ⲧⲉⲧ︤ⲛ︥ⲕⲉⲧⲧⲏⲩⲧ︤ⲛ︥"/>
		<feat xlink:href="#sSpan1084" value="ⲉⲡⲁϩⲟⲩ"/>
		<feat xlink:href="#sSpan1091" value="ϩⲓⲛⲓⲙ︤ⲛ︦ⲧ︥ⲣⲉϥϯϭⲱⲛ︤ⲧ︥"/>
		<feat xlink:href="#sSpan1106" value="ⲙ̄ⲡⲛⲟⲩⲧⲉ"/>
		<feat xlink:href="#sSpan1119" value="ⲛ̄ⲧⲉⲧ︤ⲛ︥ϩⲉ⳿"/>
		<feat xlink:href="#sSpan1128" value="ⲉϩⲣⲁⲓ̈"/>
		<feat xlink:href="#sSpan1133" value="ⲉⲧⲟⲟⲧ︤ⲥ︥"/>
		<feat xlink:href="#sSpan1140" value="ⲛ̄ⲧⲥⲏϥⲉ"/>
		<feat xlink:href="#sSpan1149" value="ⲙ̄ⲡ︤ⲡ︥ⲟⲛⲏⲣⲟⲥ"/>
		<feat xlink:href="#sSpan1161" value="ⲡⲉⲛⲧⲁϥⲧⲁⲕⲟ"/>
		<feat xlink:href="#sSpan1176" value="ⲛ̄ⲧⲟⲓⲕⲟⲩⲙⲉⲛⲏ"/>
		<feat xlink:href="#sSpan1187" value="ⲧⲏⲣ︤ⲥ︥"/>
		<feat xlink:href="#sSpan1193" value="ϩ︤ⲛ︥ⲛⲉϥⲛⲟⲃⲉ"/>
		<feat xlink:href="#sSpan1204" value="ⲙ︤ⲛ︥ⲛⲉϥⲁⲛⲟⲙⲓⲁ"/>
		<feat xlink:href="#sSpan1216" value="·"/>
		<feat xlink:href="#sSpan1220" value="ⲉⲃⲟⲗ"/>
		<feat xlink:href="#sSpan1226" value="ϫⲉⲁⲧⲉⲧ︤ⲛ︥ⲙⲉⲣⲉⲡϫⲱϩ︤ⲙ︥"/>
		<feat xlink:href="#sSpan1243" value="·"/>
		<feat xlink:href="#sSpan1247" value="ⲉϩⲟⲩⲉⲡ︤ⲧ︥ⲃⲃⲟ̂"/>
		<feat xlink:href="#sSpan1260" value="·"/>
		<feat xlink:href="#sSpan1264" value="ⲁⲩⲱ"/>
		<feat xlink:href="#sSpan1268" value="ⲁⲧⲉⲧ︤ⲛ︥ⲥⲱⲧⲡ̄"/>
		<feat xlink:href="#sSpan1278" value="ⲛⲏ"/>
		<feat xlink:href="#sSpan1283" value="ⲧ︤ⲛ︥"/>
		<feat xlink:href="#sSpan1287" value="ⲙ̄ⲡⲙⲟⲩ"/>
		<feat xlink:href="#sSpan1296" value="·"/>
		<feat xlink:href="#sSpan1300" value="ⲉϩⲟⲩⲉⲡⲱⲛ︤ϩ︥"/>
		<feat xlink:href="#sSpan1310" value="·"/>
		<feat xlink:href="#sSpan1315" value="ⲁⲧⲉⲧ︤ⲛ︥ϯⲛⲟⲩϭ︤ⲥ︥"/>
		<feat xlink:href="#sSpan1331" value="ⲅⲁⲣ"/>
		<feat xlink:href="#sSpan1335" value="ⲙ̄ⲡⲉⲛⲧⲁϥⲧⲁⲙⲓⲉⲧⲏⲩⲧ︤ⲛ︥"/>
		<feat xlink:href="#sSpan1355" value="·"/>
		<feat xlink:href="#sSpan1359" value="ⲁⲩⲱ"/>
		<feat xlink:href="#sSpan1363" value="ⲁϥⲥⲁⲛ︤ϣ︥ⲧⲏⲩⲧ︤ⲛ︥"/>
		<feat xlink:href="#sSpan1374" value="ⲡⲛⲟⲩⲧⲉ"/>
		<feat xlink:href="#sSpan1382" value="ⲡϣⲁⲉⲛⲉϩ"/>
		<feat xlink:href="#sSpan1393" value="·"/>
		<feat xlink:href="#sSpan1397" value="ⲁⲧⲉⲧ︤ⲛ︥ϯⲙ̄ⲕⲁϩ"/>
		<feat xlink:href="#sSpan1410" value="ⲛ̄ϩⲏⲧ⳿"/>
		<feat xlink:href="#sSpan1418" value="ⲇⲉ"/>
		<feat xlink:href="#sSpan1425" value="ⲟⲛ"/>
		<feat xlink:href="#sSpan1429" value="ⲛ̄ⲧⲉⲛⲧⲁⲥϣⲉⲡϣ︤ⲡ︥ⲧⲏⲩⲧ︤ⲛ︥"/>
		<feat xlink:href="#sSpan1448" value="ⲑⲓ︤ⲗ︥︦︤ⲏ︦︥︤ⲙ︦︥"/>
		<feat xlink:href="#sSpan1456" value="ⲉⲧⲉⲧⲥⲩⲛⲁⲅⲱⲅⲏ"/>
		<feat xlink:href="#sSpan1468" value="ⲧⲉ"/>
		<feat xlink:href="#sSpan1473" value="·"/>
		<feat xlink:href="#sSpan1477" value="ⲁⲩⲱ"/>
		<feat xlink:href="#sSpan1482" value="ⲁⲧⲉⲧ︤ⲛ︥ϩⲉ⳿"/>
		<feat xlink:href="#sSpan1491" value="ⲙ̄ⲙⲉⲉⲣⲉ"/>
		<feat xlink:href="#sSpan1499" value="ⲛ̄ⲑⲉ"/>
		<feat xlink:href="#sSpan1508" value="ⲛ̄ⲛⲉⲧϩ︤ⲛ︥ⲧⲡⲁϣⲉ"/>
		<feat xlink:href="#sSpan1525" value="ⲛ̄ⲧⲉⲩϣⲏ̂"/>
		<feat xlink:href="#sSpan1534" value="·"/>
		<feat xlink:href="#sSpan1538" value="ⲛ̄ⲑⲉ"/>
		<feat xlink:href="#sSpan1548" value="ⲉⲧⲥⲏϩ"/>
		<feat xlink:href="#sSpan1554" value="ϫⲉⲁⲥⲥⲗⲁⲁⲧⲉ"/>
		<feat xlink:href="#sSpan1565" value="ⲁⲥϩⲉ"/>
		<feat xlink:href="#sSpan1574" value="ⲛ̄ϭⲓⲧⲡⲁⲣⲑⲉⲛⲟⲥ"/>
		<feat xlink:href="#sSpan1585" value="ⲙ̄ⲡⲓ︤ⲏ︦ⲗ︥"/>
		<feat xlink:href="#sSpan1595" value="ⲛ︤︤ⲥ︥ⲛⲁⲟⲩⲱϩ⳿"/>
		<feat xlink:href="#sSpan1606" value="ϭⲉ"/>
		<feat xlink:href="#sSpan1611" value="ⲁⲛ⳿"/>
		<feat xlink:href="#sSpan1615" value="ⲉⲧⲟⲟⲧ︤ⲥ︥"/>
		<feat xlink:href="#sSpan1621" value="ⲉⲧⲱⲟⲩⲛ"/>
		<feat xlink:href="#sSpan1628" value="·"/>
		<feat xlink:href="#sSpan1634" value="ⲛⲉⲧ︤ⲛ︥ⲕⲟⲧ︤ⲕ︥"/>
		<feat xlink:href="#sSpan1648" value="ⲅⲁⲣ"/>
		<feat xlink:href="#sSpan1653" value="ⲡⲉϫⲁϥ"/>
		<feat xlink:href="#sSpan1659" value="·"/>
		<feat xlink:href="#sSpan1663" value="ⲉⲩⲛ̄ⲕⲟⲧ︤ⲕ︥"/>
		<feat xlink:href="#sSpan1673" value="ⲛ̄ⲧⲉⲩϣⲏ̂"/>
		<feat xlink:href="#sSpan1683" value="·"/>
		<feat xlink:href="#sSpan1687" value="ⲁⲩⲱ"/>
		<feat xlink:href="#sSpan1692" value="ⲛⲉⲧⲧⲁϩⲉ"/>
		<feat xlink:href="#sSpan1701" value="."/>
		<feat xlink:href="#sSpan1705" value="ⲉⲩⲧⲁϩⲉ"/>
		<feat xlink:href="#sSpan1713" value="ⲛ̄ⲧⲉⲩϣⲏ̂"/>
		<feat xlink:href="#sSpan1723" value="·"/>
		<feat xlink:href="#sSpan1727" value="ⲛ̄ⲧⲱⲧ︤ⲛ︥"/>
		<feat xlink:href="#sSpan1734" value="ⲇⲉ"/>
		<feat xlink:href="#sSpan1738" value="ⲁⲧⲉⲧ︤ⲛ︥ϯϩⲉ"/>
		<feat xlink:href="#sSpan1749" value="ⲙ̄ⲙⲉⲉⲣⲉ"/>
		<feat xlink:href="#sSpan1757" value="ⲛ̄ⲑⲉ"/>
		<feat xlink:href="#sSpan1766" value="ⲛ̄ⲛⲉⲛⲧⲁⲩϫⲟⲟⲥ"/>
		<feat xlink:href="#sSpan1784" value="ⲉⲧⲃⲏⲏⲧⲟⲩ"/>
		<feat xlink:href="#sSpan1791" value="·"/>
		<feat xlink:href="#sSpan1795" value="ϫⲉⲛⲉⲧⲧⲁϩⲉ"/>
		<feat xlink:href="#sSpan1808" value="ⲁϫ︤ⲛ︥ⲏⲣ︤ⲡ︥"/>
		<feat xlink:href="#sSpan1816" value="·"/>
		<feat xlink:href="#sSpan1820" value="ⲁⲩⲱ"/>
		<feat xlink:href="#sSpan1828" value="ⲁⲧⲉⲧ︤ⲛ︥ϩⲱⲣ︤ⲡ︥"/>
		<feat xlink:href="#sSpan1838" value="ⲙ̄ⲙⲉⲉⲣⲉ"/>
		<feat xlink:href="#sSpan1845" value="ⲛ̄ⲑⲉ"/>
		<feat xlink:href="#sSpan1854" value="ⲛ̄ⲛⲉⲧ︤ⲛ︥ⲕⲟⲧ︤ⲕ︥"/>
		<feat xlink:href="#sSpan1867" value="ⲛ̄ⲧⲉⲩϣⲏ̂"/>
		<feat xlink:href="#sSpan1877" value="·"/>
		<feat xlink:href="#sSpan1881" value="ⲉⲃⲟⲗ"/>
		<feat xlink:href="#sSpan1887" value="ϫⲉⲁⲧⲉⲧ︤ⲛ︥ⲕⲱ̂"/>
		<feat xlink:href="#sSpan1898" value="ⲛ̄ⲥⲱⲧ︤ⲛ︥"/>
		<feat xlink:href="#sSpan1905" value="ⲛ̄ⲑⲟⲧⲉ"/>
		<feat xlink:href="#sSpan1915" value="ⲙ̄ⲡⲛⲟⲩⲧⲉ"/>
		<feat xlink:href="#sSpan1925" value="·"/>
		<feat xlink:href="#sSpan1930" value="ⲉⲁⲧⲉⲧ︤ⲛ︥ⲙⲉⲣⲉⲡⲕⲁⲕⲉ"/>
		<feat xlink:href="#sSpan1947" value="ⲉϩⲟⲩⲉ"/>
		<feat xlink:href="#sSpan1952" value="ⲉⲡⲟⲩⲟⲉⲓⲛ"/>
		<feat xlink:href="#sSpan1962" value="·"/>
		<feat xlink:href="#sSpan1966" value="ⲉⲁⲧⲉⲧ︤ⲛ︥ⲉⲡ⳿"/>
		<feat xlink:href="#sSpan1979" value="ⲡⲉⲧⲥⲁϣⲉ"/>
		<feat xlink:href="#sSpan1989" value="ⲇⲉ"/>
		<feat xlink:href="#sSpan1995" value="ⲟⲛ"/>
		<feat xlink:href="#sSpan2000" value="ϫⲉϥϩⲟⲗ︤ϭ︥"/>
		<feat xlink:href="#sSpan2008" value="·"/>
		<feat xlink:href="#sSpan2012" value="ⲁⲩⲱ"/>
		<feat xlink:href="#sSpan2018" value="ⲡⲉⲧϩⲟⲗ︤ϭ︥"/>
		<feat xlink:href="#sSpan2026" value="ϫⲉϥⲥⲁϣⲉ"/>
		<feat xlink:href="#sSpan2035" value="·"/>
		<feat xlink:href="#sSpan2041" value="ⲉⲧⲃⲉⲡⲁⲓ̈"/>
		<feat xlink:href="#sSpan2054" value="ⲟⲩⲟⲓ̈"/>
		<feat xlink:href="#sSpan2058" value="ⲛⲏⲧ︤ⲛ︥"/>
		<feat xlink:href="#sSpan2065" value="ⲙ̄ⲡⲟⲛⲏⲣⲟⲥ"/>
		<feat xlink:href="#sSpan2073" value="ϫⲉⲙ̄ⲡⲉⲧ︤ⲛ︥ⲣ̄ⲡⲙⲉⲉⲩⲉ"/>
		<feat xlink:href="#sSpan2089" value="ⲙ̄ⲡϩⲓⲥⲉ"/>
		<feat xlink:href="#sSpan2098" value="ⲧⲏⲣ︤ϥ︥"/>
		<feat xlink:href="#sSpan2105" value="ⲉⲛⲧⲁⲡⲉ⳯ⲉⲓⲱⲧ"/>
		<feat xlink:href="#sSpan2118" value="ϣⲟⲡ︤ϥ︥"/>
		<feat xlink:href="#sSpan2124" value="ⲛ︤ⲙ︥ⲙⲏⲧ︤ⲛ︥"/>
		<feat xlink:href="#sSpan2131" value="ⲧⲏⲣⲧ︤ⲛ︥"/>
		<feat xlink:href="#sSpan2139" value="·"/>
		<feat xlink:href="#sSpan2143" value="ⲉⲁⲧⲉⲧ︤ⲛ︥ⲕⲱ̂"/>
		<feat xlink:href="#sSpan2155" value="ⲛ̄ⲥⲱⲧ︤ⲛ︥"/>
		<feat xlink:href="#sSpan2161" value="ⲛ̄ⲛⲉϥⲥⲃⲟⲟⲩⲉ"/>
		<feat xlink:href="#sSpan2172" value="ⲛ̄ⲱⲛ︤ϩ︥"/>
		<feat xlink:href="#sSpan2181" value="ⲙ︤ⲛ︥ⲛ̄ⲁⲛⲥ︤ⲙ︥ⲙⲉ"/>
		<feat xlink:href="#sSpan2194" value="ⲛ̄ⲛⲉⲧ︤ⲛ︥ⲉⲓⲟⲧⲉ"/>
		<feat xlink:href="#sSpan2205" value=":"/>
		<feat xlink:href="#sSpan2212" value="ⲡⲗⲏⲛ"/>
		<feat xlink:href="#sSpan2221" value="ⲉⲓⲥⲛ̄ϩ︤ⲗ︥ⲗⲟ"/>
		<feat xlink:href="#sSpan2231" value="ⲉⲓ"/>
		<feat xlink:href="#sSpan2235" value="ⲙ︤ⲛ︥ⲛⲉⲛⲥⲛⲏⲩ"/>
		<feat xlink:href="#sSpan2245" value="ⲁⲩⲉⲓ̂"/>
		<feat xlink:href="#sSpan2254" value="ϣⲁⲣⲱⲧ︤ⲛ︥"/>
		<feat xlink:href="#sSpan2261" value="ⲛ̄ⲕⲉⲥⲟⲡ"/>
		<feat xlink:href="#sSpan2272" value="·"/>
		<feat xlink:href="#sSpan2276" value="ⲉⲛⲟⲛ︤ϩ︥"/>
		<feat xlink:href="#sSpan2286" value="ϩ︤ⲛ︥ⲟⲩⲛⲟϭ"/>
		<feat xlink:href="#sSpan2296" value="ⲛ̄ⲗⲩⲡⲏ"/>
		<feat xlink:href="#sSpan2303" value="ⲙ︤ⲛ︥ⲟⲩⲙ̄ⲕⲁϩ"/>
		<feat xlink:href="#sSpan2313" value="ⲛ̄ϩⲏⲧ⳿"/>
		<feat xlink:href="#sSpan2320" value="ⲉⲛⲁϣⲱϥ"/>
		<feat xlink:href="#sSpan2330" value="·"/>
		<feat xlink:href="#sSpan2334" value="ⲉⲧⲣⲉⲩⲉⲓⲣⲉ"/>
		<feat xlink:href="#sSpan2347" value="ⲛ̄ⲧⲟⲩⲉⲓ̂"/>
		<feat xlink:href="#sSpan2358" value="ⲧⲟⲩⲉⲓ"/>
		<feat xlink:href="#sSpan2365" value="ⲙ̄ⲙⲱⲧ︤ⲛ︥"/>
		<feat xlink:href="#sSpan2373" value="ⲕⲁⲧⲁⲡⲉⲥⲙ̄ⲡϣⲁ"/>
		<feat xlink:href="#sSpan2383" value="·"/>
		<feat xlink:href="#sSpan2387" value="ⲉⲃⲟⲗ"/>
		<feat xlink:href="#sSpan2397" value="ϫⲉⲁⲧⲉⲧ︤ⲛ︥ⲕⲱ"/>
		<feat xlink:href="#sSpan2408" value="ⲛ̄ⲥⲱⲧ︤ⲛ︥"/>
		<feat xlink:href="#sSpan2415" value="ⲛ̄ⲧⲡⲏⲅⲏ̂"/>
		<feat xlink:href="#sSpan2426" value="ⲙ̄ⲙⲟⲩ"/>
		<feat xlink:href="#sSpan2434" value="ⲛⲱⲛ︤ϩ︥"/>
		<feat xlink:href="#sSpan2441" value="·"/>
		<feat xlink:href="#sSpan2445" value="ⲉⲁⲧⲉⲧ︤ⲛ︥ⲕⲓϣⲉ"/>
		<feat xlink:href="#sSpan2458" value="ⲛⲏⲧ︤ⲛ︥"/>
		<feat xlink:href="#sSpan2465" value="ⲛ̄ϩⲉⲛϣⲏⲓ̈"/>
		<feat xlink:href="#sSpan2475" value="ⲉⲩⲟⲩⲟϭ︤ⲡ︥"/>
		<feat xlink:href="#sSpan2485" value="ϩ︤ⲙ︥ⲡⲧⲣⲉⲡⲉⲧ︤ⲛ︥ϩⲏⲧ"/>
		<feat xlink:href="#sSpan2500" value="ⲛ̄ⲁⲧⲥⲃⲱ̂"/>
		<feat xlink:href="#sSpan2510" value="ⲣ̄ⲕⲁⲕⲉ"/>
		<feat xlink:href="#sSpan2516" value="ⲉⲣⲱⲧ︤ⲛ︥"/>
		<feat xlink:href="#sSpan2523" value="·"/>
		<feat xlink:href="#sSpan2527" value="ⲉⲧⲉⲧ︤ⲛ︥ϫⲱ"/>
		<feat xlink:href="#sSpan2537" value="ⲙ̄ⲙⲟⲥ"/>
		<feat xlink:href="#sSpan2544" value="ϫⲉⲁⲛⲟ⳯"/>
		<feat xlink:href="#sSpan2551" value="ϩⲉⲛⲥⲁⲃⲉ"/>
		<feat xlink:href="#sSpan2558" value="·"/>
		<feat xlink:href="#sSpan2562" value="ⲁⲧⲉⲧ︤ⲛ︥ⲣ̄ⲥⲟϭ"/>
		<feat xlink:href="#sSpan2575" value="·"/>
		<feat xlink:href="#sSpan2579" value="ⲉⲁⲧⲉⲧ︤ⲛ︥ϣⲓⲃⲉ"/>
		<feat xlink:href="#sSpan2592" value="ⲙ̄ⲡⲉⲟⲟⲩ"/>
		<feat xlink:href="#sSpan2602" value="ⲙ̄ⲡⲛⲟⲩⲧⲉ"/>
		<feat xlink:href="#sSpan2612" value="ϩ︤ⲛ︥ϩⲉⲛϩⲃⲏⲩⲉ"/>
		<feat xlink:href="#sSpan2624" value="ⲉⲙⲉϣϣⲉ"/>
		<feat xlink:href="#sSpan2631" value="."/>
		<feat xlink:href="#sSpan2636" value="ⲉⲧⲃⲉⲡⲁⲓ̈"/>
		<feat xlink:href="#sSpan2648" value="ⲁⲡⲛⲟⲩⲧⲉ"/>
		<feat xlink:href="#sSpan2658" value="ϯⲧⲏⲩⲧ︤ⲛ︥"/>
		<feat xlink:href="#sSpan2664" value="ⲉϩⲣⲁⲓ̈"/>
		<feat xlink:href="#sSpan2669" value="ⲉϩⲉⲛⲡⲁⲑⲟⲥ"/>
		<feat xlink:href="#sSpan2680" value="ⲉⲩⲥⲏϣ"/>
		<feat xlink:href="#sSpan2688" value="ⲉⲧⲉⲡϫⲓⲟⲩⲉ"/>
		<feat xlink:href="#sSpan2698" value="ⲡⲉ"/>
		<feat xlink:href="#sSpan2703" value="ⲙ︤ⲛ︥ⲡϫⲱϩ︤ⲙ︥"/>
		<feat xlink:href="#sSpan2713" value="ⲙ︤ⲛ︥ⲡⲟⲛⲏⲣⲟ⳯"/>
		<feat xlink:href="#sSpan2722" value="ⲛⲓⲙ"/>
		<feat xlink:href="#sSpan2727" value="·"/>
		<feat xlink:href="#sSpan2731" value="ⲛⲁⲓ̈"/>
		<feat xlink:href="#sSpan2737" value="ⲉⲧⲉⲣⲉⲧⲓⲙⲱⲣⲓⲁ"/>
		<feat xlink:href="#sSpan2746" value="ⲛⲓⲙ⳿"/>
		<feat xlink:href="#sSpan2751" value="ϣⲟⲟⲡ⳿"/>
		<feat xlink:href="#sSpan2755" value="ⲛ̄ⲛⲉⲧⲉⲓⲣⲉ"/>
		<feat xlink:href="#sSpan2767" value="ⲙ̄ⲙⲟⲟⲩ"/>
		<feat xlink:href="#sSpan2775" value="·"/>
		<feat xlink:href="#sSpan2779" value="ⲟⲩ"/>
		<feat xlink:href="#sSpan2785" value="ⲙⲟⲛⲟ⳯"/>
		<feat xlink:href="#sSpan2789" value="ϩ︤ⲙ︥ⲡⲉⲓ̈ⲁⲓⲱⲛ"/>
		<feat xlink:href="#sSpan2800" value="·"/>
		<feat xlink:href="#sSpan2804" value="ⲁⲗⲗⲁ"/>
		<feat xlink:href="#sSpan2809" value="ϩ︤ⲙ︥ⲡⲕⲉⲟⲩⲁ̂"/>
		<feat xlink:href="#sSpan2822" value=":"/></featList></paula>