<?xml version='1.0' encoding='UTF-8'?><!DOCTYPE paula SYSTEM "paula_feat.dtd">
<paula version="1.1">
	<header paula_id="scriptorium.to_thieving_nuns.mark_hi_rend"/>
	<featList xmlns:xlink="http://www.w3.org/1999/xlink" type="hi_rend" xml:base="scriptorium.to_thieving_nuns.mark.xml">
		<feat xlink:href="#sSpan1" value="large decorated"/>
		<feat xlink:href="#sSpan21" value="small"/>
		<feat xlink:href="#sSpan101" value="small"/>
		<feat xlink:href="#sSpan149" value="1_space_right"/>
		<feat xlink:href="#sSpan229" value="superscript ligature above upsilon"/>
		<feat xlink:href="#sSpan231" value="1_space_right"/>
		<feat xlink:href="#sSpan340" value="large"/>
		<feat xlink:href="#sSpan368" value="long thin"/>
		<feat xlink:href="#sSpan389" value="slightly to the left"/>
		<feat xlink:href="#sSpan654" value="small"/>
		<feat xlink:href="#sSpan662" value="decorated"/>
		<feat xlink:href="#sSpan770" value="large"/>
		<feat xlink:href="#sSpan835" value="decorated"/>
		<feat xlink:href="#sSpan941" value="small"/>
		<feat xlink:href="#sSpan1099" value="tall"/>
		<feat xlink:href="#sSpan1113" value="superscript above ni"/>
		<feat xlink:href="#sSpan1114" value="subscript below ni"/>
		<feat xlink:href="#sSpan1157" value="small"/>
		<feat xlink:href="#sSpan1171" value="small"/>
		<feat xlink:href="#sSpan1212" value="1_space_right"/>
		<feat xlink:href="#sSpan1248" value="small"/>
		<feat xlink:href="#sSpan1249" value="small"/>
		<feat xlink:href="#sSpan1256" value="1_space_right"/>
		<feat xlink:href="#sSpan1274" value="small"/>
		<feat xlink:href="#sSpan1350" value="small"/>
		<feat xlink:href="#sSpan1389" value="1_space_right"/>
		<feat xlink:href="#sSpan1413" value="long"/>
		<feat xlink:href="#sSpan1463" value="small"/>
		<feat xlink:href="#sSpan1469" value="1_space_right"/>
		<feat xlink:href="#sSpan1629" value="decorated"/>
		<feat xlink:href="#sSpan1785" value="small"/>
		<feat xlink:href="#sSpan1833" value="small"/>
		<feat xlink:href="#sSpan1911" value="small"/>
		<feat xlink:href="#sSpan1948" value="small"/>
		<feat xlink:href="#sSpan1991" value="small"/>
		<feat xlink:href="#sSpan2036" value="decorated"/>
		<feat xlink:href="#sSpan2111" value="small"/>
		<feat xlink:href="#sSpan2135" value="1_space_right"/>
		<feat xlink:href="#sSpan2168" value="small"/>
		<feat xlink:href="#sSpan2174" value="1_space_right"/>
		<feat xlink:href="#sSpan2206" value="ekthetic"/>
		<feat xlink:href="#sSpan2267" value="superscript above pi"/>
		<feat xlink:href="#sSpan2268" value="small"/>
		<feat xlink:href="#sSpan2323" value="long thin"/>
		<feat xlink:href="#sSpan2361" value="small"/>
		<feat xlink:href="#sSpan2411" value="small"/>
		<feat xlink:href="#sSpan2480" value="small very faded"/>
		<feat xlink:href="#sSpan2505" value="small"/>
		<feat xlink:href="#sSpan2519" value="small"/>
		<feat xlink:href="#sSpan2566" value="small"/>
		<feat xlink:href="#sSpan2585" value="small"/>
		<feat xlink:href="#sSpan2608" value="small"/>
		<feat xlink:href="#sSpan2709" value="small"/>
		<feat xlink:href="#sSpan2771" value="1_space_right"/>
		<feat xlink:href="#sSpan2815" value="1_space_right"/></featList></paula>