<?xml version='1.0' encoding='UTF-8'?><!DOCTYPE paula SYSTEM "paula_feat.dtd">
<paula version="1.1">
	<header paula_id="scriptorium.to_aphthonia.mark_lemma"/>
	<featList xmlns:xlink="http://www.w3.org/1999/xlink" type="lemma" xml:base="scriptorium.to_aphthonia.mark.xml">
		<feat xlink:href="#sSpan2" value="ⲁ_ⲛⲧⲟ"/>
		<feat xlink:href="#sSpan15" value="ϯⲉⲟⲟⲩ"/>
		<feat xlink:href="#sSpan18" value="ⲛ"/>
		<feat xlink:href="#sSpan22" value="ⲡ"/>
		<feat xlink:href="#sSpan26" value="ⲛⲟⲩⲧⲉ"/>
		<feat xlink:href="#sSpan28" value="ⲧⲱⲛⲉ"/>
		<feat xlink:href="#sSpan33" value="."/>
		<feat xlink:href="#sSpan37" value="ⲉⲣⲉ"/>
		<feat xlink:href="#sSpan43" value="ⲁⲛⲟⲕ"/>
		<feat xlink:href="#sSpan45" value="ϣⲁϫⲉ"/>
		<feat xlink:href="#sSpan47" value="ⲉ_ⲛⲧⲟ"/>
		<feat xlink:href="#sSpan53" value="ⲛⲧⲟ"/>
		<feat xlink:href="#sSpan58" value="ⲁⲫⲑⲟⲛⲓⲁ"/>
		<feat xlink:href="#sSpan68" value="ⲡ"/>
		<feat xlink:href="#sSpan72" value="ϣⲉⲉⲣⲉ"/>
		<feat xlink:href="#sSpan74" value="ⲛ"/>
		<feat xlink:href="#sSpan79" value="ⲡ"/>
		<feat xlink:href="#sSpan83" value="ⲕⲟⲙⲉⲥ"/>
		<feat xlink:href="#sSpan86" value="ⲁⲗⲉⲝⲁⲛⲇⲣⲟⲥ"/>
		<feat xlink:href="#sSpan91" value="·"/>
		<feat xlink:href="#sSpan96" value="ⲏ"/>
		<feat xlink:href="#sSpan103" value="ⲁ_ⲛⲧⲟ"/>
		<feat xlink:href="#sSpan107" value="ⲧⲁⲉⲓⲟ"/>
		<feat xlink:href="#sSpan109" value="ⲡ"/>
		<feat xlink:href="#sSpan112" value="ⲙⲁ"/>
		<feat xlink:href="#sSpan114" value="ⲉⲧⲉⲣⲉ"/>
		<feat xlink:href="#sSpan119" value="ⲁ"/>
		<feat xlink:href="#sSpan121" value="ⲛⲧⲟⲟⲩ"/>
		<feat xlink:href="#sSpan123" value="ⲥⲁⲁⲛϣ"/>
		<feat xlink:href="#sSpan126" value="ⲛⲧⲟ"/>
		<feat xlink:href="#sSpan128" value="ϩⲛ"/>
		<feat xlink:href="#sSpan132" value="ⲛⲧⲟϥ"/>
		<feat xlink:href="#sSpan135" value="ⲕⲁⲧⲁ"/>
		<feat xlink:href="#sSpan140" value="ⲡ"/>
		<feat xlink:href="#sSpan143" value="ⲛⲟⲩⲧⲉ"/>
		<feat xlink:href="#sSpan145" value="ⲁⲩⲱ"/>
		<feat xlink:href="#sSpan151" value="ⲕⲁⲧⲁ"/>
		<feat xlink:href="#sSpan155" value="ⲡ"/>
		<feat xlink:href="#sSpan159" value="ⲕⲟⲥⲙⲟⲥ"/>
		<feat xlink:href="#sSpan162" value=","/>
		<feat xlink:href="#sSpan166" value="ϩⲛ"/>
		<feat xlink:href="#sSpan170" value="ⲡⲟⲩ"/>
		<feat xlink:href="#sSpan173" value="ϣⲁϫⲉ"/>
		<feat xlink:href="#sSpan176" value="ⲙⲛ"/>
		<feat xlink:href="#sSpan180" value="ⲡⲟⲩ"/>
		<feat xlink:href="#sSpan183" value="ϩⲱⲃ"/>
		<feat xlink:href="#sSpan187" value="·"/>
		<feat xlink:href="#sSpan191" value="ⲉⲛⲉ"/>
		<feat xlink:href="#sSpan199" value="ⲙⲡⲉ"/>
		<feat xlink:href="#sSpan202" value="ⲡⲟⲩ"/>
		<feat xlink:href="#sSpan205" value="ϩⲏⲧ"/>
		<feat xlink:href="#sSpan207" value="ⲧⲁⲕⲟ"/>
		<feat xlink:href="#sSpan212" value="."/>
		<feat xlink:href="#sSpan216" value="ⲛⲉⲣⲉ_ⲛⲧⲟ"/>
		<feat xlink:href="#sSpan220" value="ⲛⲁ"/>
		<feat xlink:href="#sSpan222" value="ⲥⲱϣ"/>
		<feat xlink:href="#sSpan225" value="ⲡ"/>
		<feat xlink:href="#sSpan228" value="ⲙⲁ"/>
		<feat xlink:href="#sSpan230" value="ⲁⲛ"/>
		<feat xlink:href="#sSpan234" value="ⲉⲧⲉⲣⲉ"/>
		<feat xlink:href="#sSpan239" value="ⲛⲧⲟ"/>
		<feat xlink:href="#sSpan241" value="ϩⲛ"/>
		<feat xlink:href="#sSpan243" value="ⲛⲧⲟϥ"/>
		<feat xlink:href="#sSpan245" value="."/>
		<feat xlink:href="#sSpan250" value="ⲏ"/>
		<feat xlink:href="#sSpan255" value="ⲛⲉⲣⲉ_ⲛⲧⲟ"/>
		<feat xlink:href="#sSpan259" value="ⲛⲁ"/>
		<feat xlink:href="#sSpan261" value="ⲧϭⲁⲉⲓⲟ"/>
		<feat xlink:href="#sSpan263" value="ⲡ"/>
		<feat xlink:href="#sSpan267" value="ⲥⲟⲛ"/>
		<feat xlink:href="#sSpan269" value="ⲉⲧⲉⲣⲉ"/>
		<feat xlink:href="#sSpan273" value="ϩⲛ"/>
		<feat xlink:href="#sSpan276" value="ⲡ"/>
		<feat xlink:href="#sSpan279" value="ⲙⲁ"/>
		<feat xlink:href="#sSpan281" value="ⲙⲛ"/>
		<feat xlink:href="#sSpan286" value="ⲛⲧⲟ"/>
		<feat xlink:href="#sSpan288" value="·"/>
		<feat xlink:href="#sSpan293" value="ⲛⲧⲟⲟⲩ"/>
		<feat xlink:href="#sSpan302" value="ⲙⲟⲩⲧⲉ"/>
		<feat xlink:href="#sSpan305" value="ⲙⲉⲛ"/>
		<feat xlink:href="#sSpan310" value="ⲉ_ⲛⲧⲟ"/>
		<feat xlink:href="#sSpan314" value="ϩⲛ"/>
		<feat xlink:href="#sSpan318" value="ⲡⲟⲩ"/>
		<feat xlink:href="#sSpan322" value="ⲣⲁⲛ"/>
		<feat xlink:href="#sSpan324" value="ϫⲉ"/>
		<feat xlink:href="#sSpan329" value="ⲁⲫⲑⲟⲛⲓⲁ"/>
		<feat xlink:href="#sSpan333" value="·"/>
		<feat xlink:href="#sSpan337" value="ⲛⲧⲟ"/>
		<feat xlink:href="#sSpan342" value="ⲫⲑⲟⲛⲉⲓ"/>
		<feat xlink:href="#sSpan346" value="ⲇⲉ"/>
		<feat xlink:href="#sSpan350" value="ⲉ_ⲛⲧⲟ"/>
		<feat xlink:href="#sSpan355" value="ⲙⲁⲩⲁⲁ"/>
		<feat xlink:href="#sSpan360" value="ⲛⲧⲟ"/>
		<feat xlink:href="#sSpan362" value="·"/>
		<feat xlink:href="#sSpan366" value="ⲁⲩⲱ"/>
		<feat xlink:href="#sSpan373" value="ⲛⲧⲟ"/>
		<feat xlink:href="#sSpan377" value="ⲉⲓⲣⲉ"/>
		<feat xlink:href="#sSpan379" value="ⲛ"/>
		<feat xlink:href="#sSpan384" value="ⲃⲁⲥⲕⲁⲛⲟⲥ"/>
		<feat xlink:href="#sSpan388" value="ⲉ_ⲛⲧⲟ"/>
		<feat xlink:href="#sSpan393" value="ⲙⲙⲓⲛⲙⲙⲟ_ⲛⲧⲟ"/>
		<feat xlink:href="#sSpan398" value="·"/>
		<feat xlink:href="#sSpan402" value="ⲉⲣⲉ_ⲛⲧⲟ"/>
		<feat xlink:href="#sSpan407" value="ⲟⲩⲱϣ"/>
		<feat xlink:href="#sSpan409" value="ⲉ"/>
		<feat xlink:href="#sSpan413" value="ⲧⲁⲕⲟ"/>
		<feat xlink:href="#sSpan418" value="ⲡⲟⲩ"/>
		<feat xlink:href="#sSpan422" value="ⲯⲩⲭⲏ"/>
		<feat xlink:href="#sSpan425" value="ⲉⲧⲉⲣⲉ"/>
		<feat xlink:href="#sSpan429" value="ⲙ"/>
		<feat xlink:href="#sSpan431" value="ⲡ"/>
		<feat xlink:href="#sSpan435" value="ⲕⲟⲥⲙⲟⲥ"/>
		<feat xlink:href="#sSpan439" value="ⲧⲏⲣ"/>
		<feat xlink:href="#sSpan443" value="ⲛⲧⲟϥ"/>
		<feat xlink:href="#sSpan445" value="ⲙⲡϣⲁ"/>
		<feat xlink:href="#sSpan450" value="ⲛ"/>
		<feat xlink:href="#sSpan454" value="ⲛⲧⲟⲥ"/>
		<feat xlink:href="#sSpan456" value="ⲁⲛ"/>
		<feat xlink:href="#sSpan462" value="·"/>
		<feat xlink:href="#sSpan466" value="ⲁⲩⲱ"/>
		<feat xlink:href="#sSpan472" value="ⲉ"/>
		<feat xlink:href="#sSpan476" value="ⲥⲱⲣⲙ"/>
		<feat xlink:href="#sSpan479" value="ⲛ"/>
		<feat xlink:href="#sSpan483" value="ⲡⲟⲩ"/>
		<feat xlink:href="#sSpan486" value="ϩⲓⲥⲉ"/>
		<feat xlink:href="#sSpan488" value="ⲉ"/>
		<feat xlink:href="#sSpan493" value="ⲡ"/>
		<feat xlink:href="#sSpan496" value="ϫⲓⲛϫⲏ"/>
		<feat xlink:href="#sSpan498" value="·"/>
		<feat xlink:href="#sSpan502" value="ⲉⲃⲟⲗ"/>
		<feat xlink:href="#sSpan510" value="ϫⲉ"/>
		<feat xlink:href="#sSpan514" value="ⲁ_ⲛⲧⲟ"/>
		<feat xlink:href="#sSpan516" value="ⲕⲱ"/>
		<feat xlink:href="#sSpan519" value="ⲡ"/>
		<feat xlink:href="#sSpan523" value="ⲙⲁ"/>
		<feat xlink:href="#sSpan525" value="ⲛ"/>
		<feat xlink:href="#sSpan529" value="ⲡ"/>
		<feat xlink:href="#sSpan533" value="ⲥⲁⲧⲁⲛⲁⲥ"/>
		<feat xlink:href="#sSpan536" value="ⲉϩⲟⲩⲛ"/>
		<feat xlink:href="#sSpan540" value="ⲉ_ⲛⲧⲟ"/>
		<feat xlink:href="#sSpan545" value="ⲉ"/>
		<feat xlink:href="#sSpan549" value="ⲧⲣⲉ"/>
		<feat xlink:href="#sSpan551" value="ⲛⲧⲟϥ"/>
		<feat xlink:href="#sSpan553" value="ⲡⲱⲱⲛⲉ"/>
		<feat xlink:href="#sSpan556" value="ⲛ"/>
		<feat xlink:href="#sSpan560" value="ⲡⲟⲩ"/>
		<feat xlink:href="#sSpan563" value="ϩⲏⲧ"/>
		<feat xlink:href="#sSpan566" value="·"/>
		<feat xlink:href="#sSpan570" value="ⲁⲩⲱ"/>
		<feat xlink:href="#sSpan574" value="ⲛⲧⲉ"/>
		<feat xlink:href="#sSpan578" value="ⲛⲧⲟϥ"/>
		<feat xlink:href="#sSpan580" value="ⲥⲣⲟⲙⲣⲙ"/>
		<feat xlink:href="#sSpan583" value="ⲛⲧⲟ"/>
		<feat xlink:href="#sSpan585" value="ⲛ"/>
		<feat xlink:href="#sSpan589" value="ⲡ"/>
		<feat xlink:href="#sSpan592" value="ϩⲉ"/>
		<feat xlink:href="#sSpan594" value="ⲛ"/>
		<feat xlink:href="#sSpan598" value="ⲡⲓ"/>
		<feat xlink:href="#sSpan601" value="ⲉⲥⲟⲟⲩ"/>
		<feat xlink:href="#sSpan604" value="ⲉⲧⲉⲣⲉ"/>
		<feat xlink:href="#sSpan608" value="ⲉⲓⲣⲉ"/>
		<feat xlink:href="#sSpan610" value="ⲛ"/>
		<feat xlink:href="#sSpan614" value="ϩⲟⲟⲗⲉ"/>
		<feat xlink:href="#sSpan619" value="·"/>
		<feat xlink:href="#sSpan623" value="ⲡ"/>
		<feat xlink:href="#sSpan632" value="ⲁⲑⲏⲧ"/>
		<feat xlink:href="#sSpan634" value="ⲁⲩⲱ"/>
		<feat xlink:href="#sSpan639" value="ⲡ"/>
		<feat xlink:href="#sSpan645" value="ⲁⲧⲥⲃⲱ"/>
		<feat xlink:href="#sSpan648" value="ⲉⲧⲉⲣⲉ"/>
		<feat xlink:href="#sSpan653" value="ⲙⲛ"/>
		<feat xlink:href="#sSpan655" value="ⲥⲃⲱ"/>
		<feat xlink:href="#sSpan658" value="ⲛ"/>
		<feat xlink:href="#sSpan663" value="ⲛⲧⲟⲥ"/>
		<feat xlink:href="#sSpan666" value="·"/>
		<feat xlink:href="#sSpan670" value="ⲉⲛⲉ"/>
		<feat xlink:href="#sSpan676" value="ⲟⲩⲛ"/>
		<feat xlink:href="#sSpan680" value="ⲉⲡⲓⲥⲧⲏⲙⲏ"/>
		<feat xlink:href="#sSpan685" value="ⲅⲁⲣ"/>
		<feat xlink:href="#sSpan689" value="ⲛ_ⲛⲧⲟ"/>
		<feat xlink:href="#sSpan693" value="."/>
		<feat xlink:href="#sSpan697" value="ⲕⲁⲛ"/>
		<feat xlink:href="#sSpan702" value="ⲁ"/>
		<feat xlink:href="#sSpan706" value="ⲛⲧⲟⲟⲩ"/>
		<feat xlink:href="#sSpan708" value="ⲙⲓϣⲉ"/>
		<feat xlink:href="#sSpan710" value="ⲙⲛ"/>
		<feat xlink:href="#sSpan715" value="ⲛⲧⲟ"/>
		<feat xlink:href="#sSpan717" value="ⲛⲁⲙⲉ"/>
		<feat xlink:href="#sSpan721" value="ⲛⲧⲟ"/>
		<feat xlink:href="#sSpan726" value="ⲱⲡ"/>
		<feat xlink:href="#sSpan728" value="ⲉ"/>
		<feat xlink:href="#sSpan733" value="ⲕⲁⲣⲱⲙⲉ"/>
		<feat xlink:href="#sSpan737" value="ⲉ"/>
		<feat xlink:href="#sSpan741" value="ⲉⲓⲙⲉ"/>
		<feat xlink:href="#sSpan743" value="ϫⲉ"/>
		<feat xlink:href="#sSpan747" value="ⲉⲣⲉ"/>
		<feat xlink:href="#sSpan750" value="ⲛⲧⲱⲧⲛ"/>
		<feat xlink:href="#sSpan752" value="ⲉⲓⲣⲉ"/>
		<feat xlink:href="#sSpan754" value="ⲛ"/>
		<feat xlink:href="#sSpan758" value="ⲁϣ"/>
		<feat xlink:href="#sSpan760" value="ⲛ"/>
		<feat xlink:href="#sSpan765" value="ϩⲉ"/>
		<feat xlink:href="#sSpan767" value="ⲛϩⲟⲩⲛ"/>
		<feat xlink:href="#sSpan771" value="ⲛ"/>
		<feat xlink:href="#sSpan776" value="ⲡⲉⲧⲛ"/>
		<feat xlink:href="#sSpan779" value="ⲙⲁ"/>
		<feat xlink:href="#sSpan781" value="·"/>
		<feat xlink:href="#sSpan786" value="ⲙⲁⲗⲓⲥⲧⲁ"/>
		<feat xlink:href="#sSpan796" value="ⲉⲣⲉ"/>
		<feat xlink:href="#sSpan800" value="ⲁ_ⲛⲧⲟ"/>
		<feat xlink:href="#sSpan802" value="ϫⲟⲟⲩ"/>
		<feat xlink:href="#sSpan805" value="ⲛ"/>
		<feat xlink:href="#sSpan809" value="ⲡⲟⲩ"/>
		<feat xlink:href="#sSpan812" value="ⲉⲓⲱⲧ"/>
		<feat xlink:href="#sSpan815" value="ⲙⲛ"/>
		<feat xlink:href="#sSpan819" value="ⲡⲟⲩ"/>
		<feat xlink:href="#sSpan822" value="ⲙⲁⲁⲩ"/>
		<feat xlink:href="#sSpan825" value=","/>
		<feat xlink:href="#sSpan829" value="ϫⲉ"/>
		<feat xlink:href="#sSpan833" value="ⲁ"/>
		<feat xlink:href="#sSpan835" value="ⲛⲧⲟⲟⲩ"/>
		<feat xlink:href="#sSpan837" value="ⲙⲓϣⲉ"/>
		<feat xlink:href="#sSpan840" value="ⲙⲛ"/>
		<feat xlink:href="#sSpan844" value="ⲁⲛⲟⲕ"/>
		<feat xlink:href="#sSpan846" value="·"/>
		<feat xlink:href="#sSpan851" value="ⲏ"/>
		<feat xlink:href="#sSpan856" value="ϫⲉ"/>
		<feat xlink:href="#sSpan860" value="ⲁ"/>
		<feat xlink:href="#sSpan862" value="ⲛⲧⲟⲟⲩ"/>
		<feat xlink:href="#sSpan864" value="ϩⲟⲟⲩϣ"/>
		<feat xlink:href="#sSpan867" value="ⲉ"/>
		<feat xlink:href="#sSpan872" value="ⲁⲛⲟⲕ"/>
		<feat xlink:href="#sSpan875" value="·"/>
		<feat xlink:href="#sSpan879" value="ⲉⲣⲉ_ⲛⲧⲟ"/>
		<feat xlink:href="#sSpan886" value="ϫⲓϭⲟⲗ"/>
		<feat xlink:href="#sSpan890" value="ⲉⲣⲉ"/>
		<feat xlink:href="#sSpan894" value="ⲙⲡⲉ"/>
		<feat xlink:href="#sSpan896" value="ⲛⲧⲟⲟⲩ"/>
		<feat xlink:href="#sSpan898" value="ⲙⲓϣⲉ"/>
		<feat xlink:href="#sSpan901" value="ⲙⲛ"/>
		<feat xlink:href="#sSpan905" value="ⲛⲧⲟ"/>
		<feat xlink:href="#sSpan908" value="ⲟⲩⲧⲉ"/>
		<feat xlink:href="#sSpan913" value="ⲙⲡⲉ"/>
		<feat xlink:href="#sSpan917" value="ⲛⲧⲟⲟⲩ"/>
		<feat xlink:href="#sSpan919" value="ϩⲟⲟⲩϣ"/>
		<feat xlink:href="#sSpan922" value="ⲉ_ⲛⲧⲟ"/>
		<feat xlink:href="#sSpan926" value="·"/>
		<feat xlink:href="#sSpan930" value="ⲉⲣⲉ"/>
		<feat xlink:href="#sSpan937" value="ⲁ"/>
		<feat xlink:href="#sSpan939" value="ⲛⲧⲟⲟⲩ"/>
		<feat xlink:href="#sSpan941" value="ⲙⲓϣⲉ"/>
		<feat xlink:href="#sSpan943" value="ⲙⲛ"/>
		<feat xlink:href="#sSpan948" value="ⲛⲧⲟ"/>
		<feat xlink:href="#sSpan950" value="ϫⲉ"/>
		<feat xlink:href="#sSpan954" value="ⲁ"/>
		<feat xlink:href="#sSpan956" value="ⲛⲧⲟⲟⲩ"/>
		<feat xlink:href="#sSpan958" value="ϯ"/>
		<feat xlink:href="#sSpan961" value="ⲛ"/>
		<feat xlink:href="#sSpan965" value="ⲛⲧⲟ"/>
		<feat xlink:href="#sSpan967" value="ⲟⲩ"/>
		<feat xlink:href="#sSpan973" value="ⲉⲡⲓⲥⲧⲏⲙⲏ"/>
		<feat xlink:href="#sSpan977" value="ϩⲛ"/>
		<feat xlink:href="#sSpan981" value="ⲡ"/>
		<feat xlink:href="#sSpan983" value="ⲧⲣⲉ"/>
		<feat xlink:href="#sSpan986" value="ⲡⲁⲣⲁⲃⲁ"/>
		<feat xlink:href="#sSpan989" value="ⲛ"/>
		<feat xlink:href="#sSpan993" value="ⲡ"/>
		<feat xlink:href="#sSpan997" value="ⲉⲛⲧⲟⲗⲏ"/>
		<feat xlink:href="#sSpan1000" value="ⲛⲧⲉ"/>
		<feat xlink:href="#sSpan1004" value="ⲛⲧⲟ"/>
		<feat xlink:href="#sSpan1006" value="ϫⲓ"/>
		<feat xlink:href="#sSpan1008" value="ϩⲛⲁ"/>
		<feat xlink:href="#sSpan1010" value="ⲛⲧⲟ"/>
		<feat xlink:href="#sSpan1013" value="ⲛ"/>
		<feat xlink:href="#sSpan1017" value="ⲧⲱⲣⲉ"/>
		<feat xlink:href="#sSpan1021" value="ⲛⲧⲟⲟⲩ"/>
		<feat xlink:href="#sSpan1023" value="ⲛ"/>
		<feat xlink:href="#sSpan1028" value="ⲡⲟⲩ"/>
		<feat xlink:href="#sSpan1031" value="ⲉⲓⲱⲧ"/>
		<feat xlink:href="#sSpan1033" value="ⲟⲩⲱϣ"/>
		<feat xlink:href="#sSpan1038" value="ⲛ"/>
		<feat xlink:href="#sSpan1042" value="ϣⲓⲛⲉ"/>
		<feat xlink:href="#sSpan1044" value="·"/>
		<feat xlink:href="#sSpan1048" value="ⲉⲣⲉ"/>
		<feat xlink:href="#sSpan1057" value="ⲁ_ⲛⲧⲟ"/>
		<feat xlink:href="#sSpan1059" value="ϣⲓⲛⲉ"/>
		<feat xlink:href="#sSpan1062" value="ⲛⲥⲁ"/>
		<feat xlink:href="#sSpan1067" value="ⲟⲩ"/>
		<feat xlink:href="#sSpan1069" value="ⲉⲣⲉ_ⲛⲧⲟ"/>
		<feat xlink:href="#sSpan1074" value="ⲣⲭⲣⲉⲓⲁ"/>
		<feat xlink:href="#sSpan1079" value="ⲛⲁ"/>
		<feat xlink:href="#sSpan1083" value="ⲛⲧⲟϥ"/>
		<feat xlink:href="#sSpan1085" value="·"/>
		<feat xlink:href="#sSpan1089" value="ⲁ"/>
		<feat xlink:href="#sSpan1094" value="ⲛⲧⲟⲟⲩ"/>
		<feat xlink:href="#sSpan1096" value="ⲧⲥⲧⲟ"/>
		<feat xlink:href="#sSpan1099" value="ⲉⲃⲟⲗ"/>
		<feat xlink:href="#sSpan1104" value="·"/>
		<feat xlink:href="#sSpan1109" value="ⲏ"/>
		<feat xlink:href="#sSpan1114" value="ⲉⲣⲉ"/>
		<feat xlink:href="#sSpan1118" value="ⲙⲡⲉ"/>
		<feat xlink:href="#sSpan1120" value="ⲛⲧⲟⲟⲩ"/>
		<feat xlink:href="#sSpan1122" value="ϯ"/>
		<feat xlink:href="#sSpan1125" value="ⲛⲧⲟϥ"/>
		<feat xlink:href="#sSpan1127" value="ⲛ"/>
		<feat xlink:href="#sSpan1131" value="ⲛⲧⲟ"/>
		<feat xlink:href="#sSpan1134" value="·"/>
		<feat xlink:href="#sSpan1138" value="ⲉⲣϣⲁⲛ"/>
		<feat xlink:href="#sSpan1144" value="ϫⲱ"/>
		<feat xlink:href="#sSpan1147" value="ⲛⲧⲟⲥ"/>
		<feat xlink:href="#sSpan1149" value="ⲛ"/>
		<feat xlink:href="#sSpan1153" value="ⲡⲟⲩ"/>
		<feat xlink:href="#sSpan1157" value="ⲉⲓⲱⲧ"/>
		<feat xlink:href="#sSpan1160" value="ⲙⲛ"/>
		<feat xlink:href="#sSpan1164" value="ⲡⲟⲩ"/>
		<feat xlink:href="#sSpan1167" value="ⲙⲁⲁⲩ"/>
		<feat xlink:href="#sSpan1171" value="·"/>
		<feat xlink:href="#sSpan1176" value="ⲉⲣⲉ"/>
		<feat xlink:href="#sSpan1180" value="ⲁⲛⲟⲛ"/>
		<feat xlink:href="#sSpan1183" value="ⲣϩⲟⲧⲉ"/>
		<feat xlink:href="#sSpan1189" value="·"/>
		<feat xlink:href="#sSpan1194" value="ⲙⲁⲗⲓⲥⲧⲁ"/>
		<feat xlink:href="#sSpan1201" value="ⲉⲣⲉ_ⲛⲧⲟ"/>
		<feat xlink:href="#sSpan1206" value="ϫⲓϭⲟⲗ"/>
		<feat xlink:href="#sSpan1209" value="·"/>
		<feat xlink:href="#sSpan1214" value="ⲟⲩⲕ"/>
		<feat xlink:href="#sSpan1222" value="ⲟⲩⲛ"/>
		<feat xlink:href="#sSpan1224" value="ⲛⲧⲟ"/>
		<feat xlink:href="#sSpan1228" value="ⲟⲩⲱϣ"/>
		<feat xlink:href="#sSpan1231" value="ⲉ"/>
		<feat xlink:href="#sSpan1235" value="ⲧⲣⲉ"/>
		<feat xlink:href="#sSpan1237" value="ⲁⲛⲟⲛ"/>
		<feat xlink:href="#sSpan1239" value="ⲧⲁⲙⲟ"/>
		<feat xlink:href="#sSpan1242" value="ⲛⲧⲟⲟⲩ"/>
		<feat xlink:href="#sSpan1244" value="ⲉ"/>
		<feat xlink:href="#sSpan1248" value="ⲡⲟⲩ"/>
		<feat xlink:href="#sSpan1252" value="ϩⲱⲃ"/>
		<feat xlink:href="#sSpan1255" value="ⲛ"/>
		<feat xlink:href="#sSpan1260" value="ⲙⲛⲧⲥⲟϭ"/>
		<feat xlink:href="#sSpan1264" value="ⲉⲧⲉⲣⲉ"/>
		<feat xlink:href="#sSpan1268" value="ⲛⲧⲟ"/>
		<feat xlink:href="#sSpan1270" value="ⲉⲓⲣⲉ"/>
		<feat xlink:href="#sSpan1273" value="ⲛ"/>
		<feat xlink:href="#sSpan1277" value="ⲛⲧⲟⲟⲩ"/>
		<feat xlink:href="#sSpan1279" value="·"/>
		<feat xlink:href="#sSpan1283" value="ⲙⲛ"/>
		<feat xlink:href="#sSpan1288" value="ⲡⲟⲩ"/>
		<feat xlink:href="#sSpan1291" value="ϫⲓⲟⲩⲉ"/>
		<feat xlink:href="#sSpan1293" value="ⲙⲛ"/>
		<feat xlink:href="#sSpan1298" value="ⲡⲟⲩ"/>
		<feat xlink:href="#sSpan1302" value="ϯⲧⲱⲛ"/>
		<feat xlink:href="#sSpan1305" value="·"/>
		<feat xlink:href="#sSpan1309" value="ⲡ"/>
		<feat xlink:href="#sSpan1320" value="ⲃⲗⲗⲏ"/>
		<feat xlink:href="#sSpan1322" value="ⲛⲁⲙⲉ"/>
		<feat xlink:href="#sSpan1326" value="ⲉⲧⲉⲣⲉ"/>
		<feat xlink:href="#sSpan1331" value="ϩϫⲟⲡϫⲡ"/>
		<feat xlink:href="#sSpan1333" value="ⲛ"/>
		<feat xlink:href="#sSpan1337" value="ⲙⲉⲉⲣⲉ"/>
		<feat xlink:href="#sSpan1341" value="ⲛ"/>
		<feat xlink:href="#sSpan1345" value="ⲡ"/>
		<feat xlink:href="#sSpan1347" value="ϩⲉ"/>
		<feat xlink:href="#sSpan1349" value="ⲛ"/>
		<feat xlink:href="#sSpan1354" value="ⲡ"/>
		<feat xlink:href="#sSpan1357" value="ⲉⲧⲉⲣⲉ"/>
		<feat xlink:href="#sSpan1359" value="ϩⲛ"/>
		<feat xlink:href="#sSpan1361" value="ⲡ"/>
		<feat xlink:href="#sSpan1364" value="ⲡⲁϣⲉ"/>
		<feat xlink:href="#sSpan1367" value="ⲛ"/>
		<feat xlink:href="#sSpan1371" value="ⲡ"/>
		<feat xlink:href="#sSpan1374" value="ⲩϣⲏ"/>
		<feat xlink:href="#sSpan1376" value="·"/>
		<feat xlink:href="#sSpan1380" value="ⲁⲩⲱ"/>
		<feat xlink:href="#sSpan1385" value="ⲛ"/>
		<feat xlink:href="#sSpan1389" value="ⲡ"/>
		<feat xlink:href="#sSpan1391" value="ϩⲉ"/>
		<feat xlink:href="#sSpan1393" value="ⲛ"/>
		<feat xlink:href="#sSpan1397" value="ⲡⲓ"/>
		<feat xlink:href="#sSpan1400" value="ⲃⲗⲗⲉ"/>
		<feat xlink:href="#sSpan1403" value=","/>
		<feat xlink:href="#sSpan1407" value="ⲉⲧⲉⲣⲉ"/>
		<feat xlink:href="#sSpan1411" value="ⲙⲛ"/>
		<feat xlink:href="#sSpan1413" value="ⲃⲁⲗ"/>
		<feat xlink:href="#sSpan1417" value="ⲛ"/>
		<feat xlink:href="#sSpan1421" value="ⲛⲧⲟⲟⲩ"/>
		<feat xlink:href="#sSpan1423" value="·"/>
		<feat xlink:href="#sSpan1427" value="ⲉⲃⲟⲗ"/>
		<feat xlink:href="#sSpan1435" value="ⲧⲱⲛ"/>
		<feat xlink:href="#sSpan1439" value="ϫⲉ"/>
		<feat xlink:href="#sSpan1444" value="ⲉⲣⲉ"/>
		<feat xlink:href="#sSpan1447" value="ⲡⲟⲩ"/>
		<feat xlink:href="#sSpan1450" value="ⲉⲓⲱⲧ"/>
		<feat xlink:href="#sSpan1453" value="ⲛ"/>
		<feat xlink:href="#sSpan1457" value="ⲃⲟⲗ"/>
		<feat xlink:href="#sSpan1459" value="ϩⲛ"/>
		<feat xlink:href="#sSpan1463" value="ⲡ"/>
		<feat xlink:href="#sSpan1467" value="ⲕⲟⲥⲙⲟⲥ"/>
		<feat xlink:href="#sSpan1469" value="ⲛⲁ"/>
		<feat xlink:href="#sSpan1474" value="ⲥⲱⲧⲙ"/>
		<feat xlink:href="#sSpan1476" value="ⲉ"/>
		<feat xlink:href="#sSpan1480" value="ⲡⲟⲩ"/>
		<feat xlink:href="#sSpan1484" value="ϣⲁϫⲉ"/>
		<feat xlink:href="#sSpan1486" value="ⲛϩⲟⲩⲛ"/>
		<feat xlink:href="#sSpan1491" value="ϩⲛ"/>
		<feat xlink:href="#sSpan1495" value="ⲡⲉⲓ"/>
		<feat xlink:href="#sSpan1498" value="ⲙⲁ"/>
		<feat xlink:href="#sSpan1501" value="·"/>
		<feat xlink:href="#sSpan1505" value="ⲛⲧⲉ"/>
		<feat xlink:href="#sSpan1509" value="ⲁⲛⲟⲛ"/>
		<feat xlink:href="#sSpan1511" value="ⲧⲙ"/>
		<feat xlink:href="#sSpan1513" value="ⲉⲓⲙⲉ"/>
		<feat xlink:href="#sSpan1516" value="ⲁⲛⲟⲛ"/>
		<feat xlink:href="#sSpan1520" value="ϩⲛ"/>
		<feat xlink:href="#sSpan1525" value="ⲡ"/>
		<feat xlink:href="#sSpan1528" value="ϩⲉⲛⲉⲉⲧⲏ"/>
		<feat xlink:href="#sSpan1531" value="·"/>
		<feat xlink:href="#sSpan1535" value="ⲡⲉ"/>
		<feat xlink:href="#sSpan1544" value="ⲁ"/>
		<feat xlink:href="#sSpan1548" value="ⲛⲧⲟⲟⲩ"/>
		<feat xlink:href="#sSpan1550" value="ϫⲓ"/>
		<feat xlink:href="#sSpan1552" value="ⲛ"/>
		<feat xlink:href="#sSpan1558" value="ϭⲟⲛⲥ"/>
		<feat xlink:href="#sSpan1561" value="ⲛⲁⲙⲉ"/>
		<feat xlink:href="#sSpan1566" value="ⲏ"/>
		<feat xlink:href="#sSpan1571" value="ⲁ"/>
		<feat xlink:href="#sSpan1575" value="ⲛⲧⲟⲟⲩ"/>
		<feat xlink:href="#sSpan1577" value="ⲑⲙⲕⲟ"/>
		<feat xlink:href="#sSpan1580" value="ⲏ"/>
		<feat xlink:href="#sSpan1585" value="ⲁ"/>
		<feat xlink:href="#sSpan1589" value="ⲛⲧⲟⲟⲩ"/>
		<feat xlink:href="#sSpan1592" value="ⲗⲩⲡⲉⲓ"/>
		<feat xlink:href="#sSpan1594" value="ⲛ_ⲛⲧⲟ"/>
		<feat xlink:href="#sSpan1600" value="·"/>
		<feat xlink:href="#sSpan1604" value="ⲛⲉⲣⲉ_ⲛⲧⲟ"/>
		<feat xlink:href="#sSpan1608" value="ⲱⲡ"/>
		<feat xlink:href="#sSpan1610" value="ⲡⲉ"/>
		<feat xlink:href="#sSpan1615" value="ⲉ"/>
		<feat xlink:href="#sSpan1619" value="ⲧⲁⲙⲟ"/>
		<feat xlink:href="#sSpan1621" value="ⲁⲛⲟⲛ"/>
		<feat xlink:href="#sSpan1623" value="ⲉ"/>
		<feat xlink:href="#sSpan1628" value="ⲡⲟⲩ"/>
		<feat xlink:href="#sSpan1631" value="ⲙⲕⲁϩ"/>
		<feat xlink:href="#sSpan1633" value="·"/>
		<feat xlink:href="#sSpan1637" value="ⲧⲁⲣ"/>
		<feat xlink:href="#sSpan1644" value="ⲁⲛⲟⲛ"/>
		<feat xlink:href="#sSpan1646" value="ⲉⲓⲙⲉ"/>
		<feat xlink:href="#sSpan1648" value="ϫⲉ"/>
		<feat xlink:href="#sSpan1652" value="ⲉⲣⲉ_ⲛⲧⲟ"/>
		<feat xlink:href="#sSpan1656" value="ϫⲉⲙⲉ"/>
		<feat xlink:href="#sSpan1659" value="·"/>
		<feat xlink:href="#sSpan1663" value="ϫⲛ"/>
		<feat xlink:href="#sSpan1669" value="ⲙⲙⲟⲛ"/>
		<feat xlink:href="#sSpan1674" value="·"/>
		<feat xlink:href="#sSpan1679" value="ⲏ"/>
		<feat xlink:href="#sSpan1685" value="ⲛⲧⲉ"/>
		<feat xlink:href="#sSpan1689" value="ⲛⲧⲟ"/>
		<feat xlink:href="#sSpan1692" value="ⲧⲁⲙⲟ"/>
		<feat xlink:href="#sSpan1695" value="ⲡⲟⲩ"/>
		<feat xlink:href="#sSpan1698" value="ⲙⲁⲁⲩ"/>
		<feat xlink:href="#sSpan1701" value="ⲉⲧⲉⲣⲉ"/>
		<feat xlink:href="#sSpan1705" value="ϩⲛ"/>
		<feat xlink:href="#sSpan1707" value="ⲡ"/>
		<feat xlink:href="#sSpan1710" value="ⲙⲁ"/>
		<feat xlink:href="#sSpan1712" value="ϩⲁϩⲧⲛ"/>
		<feat xlink:href="#sSpan1718" value="."/>
		<feat xlink:href="#sSpan1722" value="ⲉϣⲱⲡⲉ"/>
		<feat xlink:href="#sSpan1729" value="ⲉⲣⲉ"/>
		<feat xlink:href="#sSpan1733" value="ⲙⲟⲩⲧⲉ"/>
		<feat xlink:href="#sSpan1736" value="ⲉ"/>
		<feat xlink:href="#sSpan1740" value="ⲛⲧⲟⲥ"/>
		<feat xlink:href="#sSpan1742" value="ⲁⲛ"/>
		<feat xlink:href="#sSpan1746" value="ⲙⲙⲁⲧⲉ"/>
		<feat xlink:href="#sSpan1751" value="ϩⲛ"/>
		<feat xlink:href="#sSpan1755" value="ⲡⲟⲩ"/>
		<feat xlink:href="#sSpan1758" value="ⲧⲁⲡⲣⲟ"/>
		<feat xlink:href="#sSpan1761" value="ϫⲉ"/>
		<feat xlink:href="#sSpan1765" value="ⲙⲁⲁⲩ"/>
		<feat xlink:href="#sSpan1770" value="."/>
		<feat xlink:href="#sSpan1774" value="ⲉⲣⲉ"/>
		<feat xlink:href="#sSpan1780" value="ⲡⲟⲩ"/>
		<feat xlink:href="#sSpan1783" value="ϩⲏⲧ"/>
		<feat xlink:href="#sSpan1787" value="ⲇⲉ"/>
		<feat xlink:href="#sSpan1791" value="ⲟⲩⲉ"/>
		<feat xlink:href="#sSpan1795" value="ⲛⲥⲁ"/>
		<feat xlink:href="#sSpan1800" value="ⲃⲟⲗ"/>
		<feat xlink:href="#sSpan1802" value="ⲛ"/>
		<feat xlink:href="#sSpan1808" value="ⲛⲧⲟⲥ"/>
		<feat xlink:href="#sSpan1810" value="."/>
		<feat xlink:href="#sSpan1814" value="ⲛ"/>
		<feat xlink:href="#sSpan1821" value="ⲡ"/>
		<feat xlink:href="#sSpan1823" value="ϩⲉ"/>
		<feat xlink:href="#sSpan1825" value="ⲉⲧⲉⲣⲉ"/>
		<feat xlink:href="#sSpan1829" value="ⲥϩⲁⲓ"/>
		<feat xlink:href="#sSpan1831" value="ϫⲉ"/>
		<feat xlink:href="#sSpan1838" value="ⲡⲉⲓ"/>
		<feat xlink:href="#sSpan1842" value="ⲗⲁⲟⲥ"/>
		<feat xlink:href="#sSpan1844" value="ⲧⲁⲓⲟ"/>
		<feat xlink:href="#sSpan1849" value="ⲛ"/>
		<feat xlink:href="#sSpan1853" value="ⲁⲛⲟⲕ"/>
		<feat xlink:href="#sSpan1855" value="ϩⲛ"/>
		<feat xlink:href="#sSpan1860" value="ⲡⲉⲩ"/>
		<feat xlink:href="#sSpan1863" value="ⲥⲡⲟⲧⲟⲩ"/>
		<feat xlink:href="#sSpan1866" value="·"/>
		<feat xlink:href="#sSpan1870" value="ⲡⲉⲩ"/>
		<feat xlink:href="#sSpan1875" value="ϩⲏⲧ"/>
		<feat xlink:href="#sSpan1879" value="ⲇⲉ"/>
		<feat xlink:href="#sSpan1884" value="ⲟⲩⲉ"/>
		<feat xlink:href="#sSpan1888" value="ⲛⲥⲁ"/>
		<feat xlink:href="#sSpan1892" value="ⲡ"/>
		<feat xlink:href="#sSpan1894" value="ⲃⲟⲗ"/>
		<feat xlink:href="#sSpan1897" value="ⲛ"/>
		<feat xlink:href="#sSpan1901" value="ⲁⲛⲟⲕ"/>
		<feat xlink:href="#sSpan1903" value="·"/>
		<feat xlink:href="#sSpan1907" value="ⲉⲛⲉ"/>
		<feat xlink:href="#sSpan1916" value="ⲙⲡⲉ"/>
		<feat xlink:href="#sSpan1918" value="ⲡⲟⲩ"/>
		<feat xlink:href="#sSpan1922" value="ϩⲏⲧ"/>
		<feat xlink:href="#sSpan1926" value="ⲅⲁⲣ"/>
		<feat xlink:href="#sSpan1930" value="ⲛ"/>
		<feat xlink:href="#sSpan1935" value="ⲁⲧⲥⲃⲱ"/>
		<feat xlink:href="#sSpan1940" value="ⲣⲕⲁⲕⲉ"/>
		<feat xlink:href="#sSpan1945" value="ⲉ_ⲛⲧⲟ"/>
		<feat xlink:href="#sSpan1952" value="."/>
		<feat xlink:href="#sSpan1956" value="ⲛⲉⲣⲉ_ⲛⲧⲟ"/>
		<feat xlink:href="#sSpan1960" value="ⲛⲁ"/>
		<feat xlink:href="#sSpan1963" value="ⲕⲁⲧⲁⲫⲣⲟⲛⲉⲓ"/>
		<feat xlink:href="#sSpan1966" value="ⲡⲉ"/>
		<feat xlink:href="#sSpan1970" value="ⲛ"/>
		<feat xlink:href="#sSpan1975" value="ⲡⲟⲩ"/>
		<feat xlink:href="#sSpan1978" value="ⲉⲓⲱⲧ"/>
		<feat xlink:href="#sSpan1980" value="ⲉⲧⲉⲣⲉ"/>
		<feat xlink:href="#sSpan1985" value="ϩⲛ"/>
		<feat xlink:href="#sSpan1987" value="ⲡ"/>
		<feat xlink:href="#sSpan1991" value="ⲥⲩⲛⲁⲅⲱⲅⲏ"/>
		<feat xlink:href="#sSpan1994" value="ⲙⲛ"/>
		<feat xlink:href="#sSpan1998" value="ⲛⲧⲟ"/>
		<feat xlink:href="#sSpan2000" value="·"/>
		<feat xlink:href="#sSpan2005" value="ⲏ"/>
		<feat xlink:href="#sSpan2012" value="ⲛⲉⲣⲉ_ⲛⲧⲟ"/>
		<feat xlink:href="#sSpan2016" value="ⲛⲁ"/>
		<feat xlink:href="#sSpan2018" value="ⲥⲱϣ"/>
		<feat xlink:href="#sSpan2020" value="ⲛ"/>
		<feat xlink:href="#sSpan2025" value="ⲡ"/>
		<feat xlink:href="#sSpan2028" value="ⲥⲟⲛ"/>
		<feat xlink:href="#sSpan2030" value=","/>
		<feat xlink:href="#sSpan2034" value="ⲉⲧⲉⲣⲉ_ⲛⲧⲟ"/>
		<feat xlink:href="#sSpan2039" value="ⲟⲩⲱϩ"/>
		<feat xlink:href="#sSpan2041" value="ⲙⲛ"/>
		<feat xlink:href="#sSpan2046" value="ⲛⲧⲟⲟⲩ"/>
		<feat xlink:href="#sSpan2048" value="ϩⲛ"/>
		<feat xlink:href="#sSpan2052" value="ⲡⲟⲩ"/>
		<feat xlink:href="#sSpan2057" value="ⲙⲛⲧϫⲁⲥⲓϩⲏⲧ"/>
		<feat xlink:href="#sSpan2062" value="·"/>
		<feat xlink:href="#sSpan2066" value="ⲙⲛ"/>
		<feat xlink:href="#sSpan2071" value="ⲡⲟⲩ"/>
		<feat xlink:href="#sSpan2075" value="ⲙⲛⲧⲃⲁⲃⲉⲣⲱⲙⲉ"/>
		<feat xlink:href="#sSpan2080" value="·"/>
		<feat xlink:href="#sSpan2085" value="ⲏ"/>
		<feat xlink:href="#sSpan2094" value="ⲉⲛⲉ"/>
		<feat xlink:href="#sSpan2098" value="ⲙⲡⲉ_ⲛⲧⲟ"/>
		<feat xlink:href="#sSpan2100" value="ⲕⲱ"/>
		<feat xlink:href="#sSpan2103" value="ⲛⲥⲁ_ⲛⲧⲟ"/>
		<feat xlink:href="#sSpan2108" value="ⲛ"/>
		<feat xlink:href="#sSpan2112" value="ⲡ"/>
		<feat xlink:href="#sSpan2115" value="ⲥⲃⲱ"/>
		<feat xlink:href="#sSpan2118" value="ⲙⲛ"/>
		<feat xlink:href="#sSpan2123" value="ⲡ"/>
		<feat xlink:href="#sSpan2127" value="ⲙⲛⲧⲣⲙⲛϩⲏⲧ"/>
		<feat xlink:href="#sSpan2133" value="."/>
		<feat xlink:href="#sSpan2137" value="ⲁⲩⲱ"/>
		<feat xlink:href="#sSpan2143" value="ⲛⲧⲉ"/>
		<feat xlink:href="#sSpan2147" value="ⲛⲧⲟ"/>
		<feat xlink:href="#sSpan2150" value="ⲙⲉ"/>
		<feat xlink:href="#sSpan2152" value="ⲡ"/>
		<feat xlink:href="#sSpan2156" value="ⲡⲉⲧϩⲟⲟⲩ"/>
		<feat xlink:href="#sSpan2161" value=","/>
		<feat xlink:href="#sSpan2165" value="ⲉϩⲟⲩⲉ"/>
		<feat xlink:href="#sSpan2169" value="ⲡ"/>
		<feat xlink:href="#sSpan2174" value="ⲡⲉⲧⲛⲁⲛⲟⲩϥ"/>
		<feat xlink:href="#sSpan2181" value="."/>
		<feat xlink:href="#sSpan2185" value="ⲛⲉⲣⲉ_ⲛⲧⲟ"/>
		<feat xlink:href="#sSpan2192" value="ⲛⲁ"/>
		<feat xlink:href="#sSpan2195" value="ⲙⲉⲗⲉⲧⲁ"/>
		<feat xlink:href="#sSpan2198" value="ⲡⲉ"/>
		<feat xlink:href="#sSpan2203" value="ⲛ"/>
		<feat xlink:href="#sSpan2207" value="ⲟⲩ"/>
		<feat xlink:href="#sSpan2210" value="ϣⲁϫⲉ"/>
		<feat xlink:href="#sSpan2213" value="ⲉⲣⲉ"/>
		<feat xlink:href="#sSpan2217" value="ⲛⲧⲟⲟⲩ"/>
		<feat xlink:href="#sSpan2219" value="ⲃⲟⲟⲛⲉ"/>
		<feat xlink:href="#sSpan2221" value="."/>
		<feat xlink:href="#sSpan2225" value="ⲛⲧⲉ"/>
		<feat xlink:href="#sSpan2230" value="ⲛⲧⲟ"/>
		<feat xlink:href="#sSpan2232" value="ϫⲱ"/>
		<feat xlink:href="#sSpan2234" value="ⲛⲧⲟⲥ"/>
		<feat xlink:href="#sSpan2236" value="ϩⲛ"/>
		<feat xlink:href="#sSpan2240" value="ⲡⲟⲩ"/>
		<feat xlink:href="#sSpan2244" value="ⲧⲁⲡⲣⲟ"/>
		<feat xlink:href="#sSpan2246" value="ⲉⲧⲉⲣⲉ"/>
		<feat xlink:href="#sSpan2251" value="ⲙⲟⲩϩ"/>
		<feat xlink:href="#sSpan2253" value="ⲛ"/>
		<feat xlink:href="#sSpan2257" value="ⲥⲁϩⲟⲩ"/>
		<feat xlink:href="#sSpan2261" value="ϩⲓ"/>
		<feat xlink:href="#sSpan2266" value="ⲥⲓϣⲉ"/>
		<feat xlink:href="#sSpan2269" value=","/>
		<feat xlink:href="#sSpan2273" value="ϫⲉ"/>
		<feat xlink:href="#sSpan2279" value="ⲁⲛⲟⲕ"/>
		<feat xlink:href="#sSpan2282" value="ⲛⲁ"/>
		<feat xlink:href="#sSpan2284" value="ⲃⲱⲕ"/>
		<feat xlink:href="#sSpan2287" value="ⲉ"/>
		<feat xlink:href="#sSpan2291" value="ⲕⲉ"/>
		<feat xlink:href="#sSpan2294" value="ϩⲉⲛⲉⲉⲧⲏ"/>
		<feat xlink:href="#sSpan2297" value="."/>
		<feat xlink:href="#sSpan2301" value="ⲉⲣⲉ"/>
		<feat xlink:href="#sSpan2310" value="ⲁ"/>
		<feat xlink:href="#sSpan2312" value="ⲡⲉⲓ"/>
		<feat xlink:href="#sSpan2315" value="ⲙⲁ"/>
		<feat xlink:href="#sSpan2317" value="ϫⲓ"/>
		<feat xlink:href="#sSpan2323" value="ⲛⲧⲟ"/>
		<feat xlink:href="#sSpan2325" value="ⲛ"/>
		<feat xlink:href="#sSpan2329" value="ϭⲟⲛⲥ"/>
		<feat xlink:href="#sSpan2332" value="ϩⲛ"/>
		<feat xlink:href="#sSpan2336" value="ⲟⲩ"/>
		<feat xlink:href="#sSpan2339" value="·"/>
		<feat xlink:href="#sSpan2344" value="ⲏ"/>
		<feat xlink:href="#sSpan2350" value="ⲟⲩ"/>
		<feat xlink:href="#sSpan2354" value="ⲡⲉ"/>
		<feat xlink:href="#sSpan2358" value="ⲡ"/>
		<feat xlink:href="#sSpan2365" value="ⲃⲁⲣⲟⲥ"/>
		<feat xlink:href="#sSpan2367" value="ⲉⲧⲉⲣⲉ"/>
		<feat xlink:href="#sSpan2373" value="ⲁ"/>
		<feat xlink:href="#sSpan2376" value="ⲛⲧⲟⲟⲩ"/>
		<feat xlink:href="#sSpan2378" value="ⲟⲩⲱϩ"/>
		<feat xlink:href="#sSpan2381" value="ⲛⲧⲟϥ"/>
		<feat xlink:href="#sSpan2383" value="ⲉϫⲛ_ⲛⲧⲟ"/>
		<feat xlink:href="#sSpan2387" value="·"/>
		<feat xlink:href="#sSpan2391" value="ⲛⲥⲁⲃⲏⲗ"/>
		<feat xlink:href="#sSpan2399" value="ϫⲉ"/>
		<feat xlink:href="#sSpan2403" value="ⲁ"/>
		<feat xlink:href="#sSpan2405" value="ⲛⲧⲟⲟⲩ"/>
		<feat xlink:href="#sSpan2407" value="ϫⲱ"/>
		<feat xlink:href="#sSpan2410" value="ⲛⲧⲟⲥ"/>
		<feat xlink:href="#sSpan2412" value="ⲛ"/>
		<feat xlink:href="#sSpan2416" value="ⲛⲧⲟ"/>
		<feat xlink:href="#sSpan2418" value="ϫⲉ"/>
		<feat xlink:href="#sSpan2422" value="ⲙⲡⲣ"/>
		<feat xlink:href="#sSpan2426" value="ⲡⲁⲣⲁⲃⲁ"/>
		<feat xlink:href="#sSpan2428" value="ⲛ"/>
		<feat xlink:href="#sSpan2432" value="ⲡ"/>
		<feat xlink:href="#sSpan2437" value="ⲉⲛⲧⲟⲗⲏ"/>
		<feat xlink:href="#sSpan2440" value="ⲛ"/>
		<feat xlink:href="#sSpan2444" value="ⲡ"/>
		<feat xlink:href="#sSpan2447" value="ⲛⲟⲩⲧⲉ"/>
		<feat xlink:href="#sSpan2451" value="·"/>
		<feat xlink:href="#sSpan2455" value="ⲉⲃⲟⲗ"/>
		<feat xlink:href="#sSpan2462" value="ϫⲉ"/>
		<feat xlink:href="#sSpan2466" value="ⲁ_ⲛⲧⲟ"/>
		<feat xlink:href="#sSpan2468" value="ϯ"/>
		<feat xlink:href="#sSpan2471" value="ϣⲟⲟⲩ"/>
		<feat xlink:href="#sSpan2474" value=","/>
		<feat xlink:href="#sSpan2478" value="ⲁⲩⲱ"/>
		<feat xlink:href="#sSpan2483" value="ⲙⲉⲥⲟⲩⲁⲫⲓ"/>
		<feat xlink:href="#sSpan2489" value="ⲛ"/>
		<feat xlink:href="#sSpan2493" value="ⲟⲩ"/>
		<feat xlink:href="#sSpan2497" value="ⲗⲉⲗⲟⲩ"/>
		<feat xlink:href="#sSpan2499" value="ⲉⲧⲉⲣⲉ"/>
		<feat xlink:href="#sSpan2503" value="ⲛⲧⲟⲥ"/>
		<feat xlink:href="#sSpan2505" value="ϩⲛ"/>
		<feat xlink:href="#sSpan2508" value="ⲡ"/>
		<feat xlink:href="#sSpan2511" value="ⲏⲓ"/>
		<feat xlink:href="#sSpan2513" value="ⲙⲛ"/>
		<feat xlink:href="#sSpan2517" value="ⲛⲧⲟ"/>
		<feat xlink:href="#sSpan2519" value="ϫⲉⲕⲁⲁⲥ"/>
		<feat xlink:href="#sSpan2526" value="ⲉⲣⲉ"/>
		<feat xlink:href="#sSpan2530" value="ⲛⲧⲱⲧⲛ"/>
		<feat xlink:href="#sSpan2533" value="ⲛⲁ"/>
		<feat xlink:href="#sSpan2535" value="ϣⲱⲡⲉ"/>
		<feat xlink:href="#sSpan2537" value="ⲛ"/>
		<feat xlink:href="#sSpan2542" value="ϫⲣⲟⲡ"/>
		<feat xlink:href="#sSpan2545" value="ⲁⲩⲱ"/>
		<feat xlink:href="#sSpan2549" value="ⲛ"/>
		<feat xlink:href="#sSpan2554" value="ⲥⲕⲁⲛⲇⲁⲗⲟⲛ"/>
		<feat xlink:href="#sSpan2558" value="ⲛ"/>
		<feat xlink:href="#sSpan2563" value="ⲡⲉⲧⲛ"/>
		<feat xlink:href="#sSpan2565" value="ⲉⲣⲏⲩ"/>
		<feat xlink:href="#sSpan2567" value="·"/>
		<feat xlink:href="#sSpan2572" value="ⲉⲧⲃⲉ"/>
		<feat xlink:href="#sSpan2582" value="ⲡⲁⲓ"/>
		<feat xlink:href="#sSpan2585" value="ⲁⲛⲟⲕ"/>
		<feat xlink:href="#sSpan2590" value="ϩⲟⲙⲟⲗⲟⲅⲉⲓ"/>
		<feat xlink:href="#sSpan2593" value="ⲛ"/>
		<feat xlink:href="#sSpan2597" value="ⲛⲧⲟ"/>
		<feat xlink:href="#sSpan2599" value="ϫⲉ"/>
		<feat xlink:href="#sSpan2604" value="ⲉϣⲱⲡⲉ"/>
		<feat xlink:href="#sSpan2606" value="ⲉⲣⲉ"/>
		<feat xlink:href="#sSpan2611" value="ⲧⲙ"/>
		<feat xlink:href="#sSpan2614" value="ⲕⲁⲉⲡⲓⲥⲧⲏⲙⲏ"/>
		<feat xlink:href="#sSpan2619" value="ⲛ_ⲛⲧⲟ"/>
		<feat xlink:href="#sSpan2623" value="ⲁⲩⲱ"/>
		<feat xlink:href="#sSpan2628" value="ⲛⲧⲉ"/>
		<feat xlink:href="#sSpan2632" value="ⲛⲧⲟ"/>
		<feat xlink:href="#sSpan2634" value="ϥⲓ"/>
		<feat xlink:href="#sSpan2637" value="ⲡⲉⲓ"/>
		<feat xlink:href="#sSpan2644" value="ⲙⲛⲧⲁⲧⲥⲱⲧⲙ"/>
		<feat xlink:href="#sSpan2651" value="ⲉⲃⲟⲗ"/>
		<feat xlink:href="#sSpan2656" value="ⲛ_ⲛⲧⲟ"/>
		<feat xlink:href="#sSpan2660" value="ⲙⲛ"/>
		<feat xlink:href="#sSpan2665" value="ⲡⲓ"/>
		<feat xlink:href="#sSpan2668" value="ϯⲧⲱⲛ"/>
		<feat xlink:href="#sSpan2670" value="ⲉ"/>
		<feat xlink:href="#sSpan2675" value="ⲡ"/>
		<feat xlink:href="#sSpan2678" value="ϫⲓⲛϫⲏ"/>
		<feat xlink:href="#sSpan2680" value="."/>
		<feat xlink:href="#sSpan2684" value="ⲁⲛⲟⲕ"/>
		<feat xlink:href="#sSpan2690" value="ⲛⲁ"/>
		<feat xlink:href="#sSpan2693" value="ⲧⲣⲉ"/>
		<feat xlink:href="#sSpan2695" value="ⲡⲟⲩ"/>
		<feat xlink:href="#sSpan2698" value="ϩⲏⲧ"/>
		<feat xlink:href="#sSpan2703" value="ⲙⲕⲁϩ"/>
		<feat xlink:href="#sSpan2707" value="."/>
		<feat xlink:href="#sSpan2711" value="ⲁⲩⲱ"/>
		<feat xlink:href="#sSpan2718" value="ⲁⲛⲟⲕ"/>
		<feat xlink:href="#sSpan2723" value="ⲛⲁ"/>
		<feat xlink:href="#sSpan2725" value="ⲧⲣⲉ"/>
		<feat xlink:href="#sSpan2727" value="ⲛⲧⲟⲟⲩ"/>
		<feat xlink:href="#sSpan2729" value="ⲉⲓⲣⲉ"/>
		<feat xlink:href="#sSpan2733" value="ⲛ"/>
		<feat xlink:href="#sSpan2737" value="ⲛⲧⲟ"/>
		<feat xlink:href="#sSpan2740" value="ⲕⲁⲧⲁ"/>
		<feat xlink:href="#sSpan2744" value="ⲡ"/>
		<feat xlink:href="#sSpan2748" value="ⲉⲧⲉⲣⲉ"/>
		<feat xlink:href="#sSpan2750" value="ⲁ"/>
		<feat xlink:href="#sSpan2752" value="ⲛⲧⲟϥ"/>
		<feat xlink:href="#sSpan2754" value="ⲉⲓ"/>
		<feat xlink:href="#sSpan2757" value="ⲉⲃⲟⲗ"/>
		<feat xlink:href="#sSpan2762" value="ϩⲛ"/>
		<feat xlink:href="#sSpan2766" value="ⲡⲟⲩ"/>
		<feat xlink:href="#sSpan2769" value="ⲧⲁⲡⲣⲟ"/>
		<feat xlink:href="#sSpan2772" value="·"/>
		<feat xlink:href="#sSpan2778" value="ⲛⲁⲙⲉ"/>
		<feat xlink:href="#sSpan2788" value="ⲁⲛⲟⲕ"/>
		<feat xlink:href="#sSpan2792" value="ⲙⲟⲩⲕϩ"/>
		<feat xlink:href="#sSpan2794" value="ⲛ"/>
		<feat xlink:href="#sSpan2799" value="ϩⲏⲧ"/>
		<feat xlink:href="#sSpan2801" value="ⲛⲁ"/>
		<feat xlink:href="#sSpan2805" value="ⲁⲛⲟⲕ"/>
		<feat xlink:href="#sSpan2807" value=","/>
		<feat xlink:href="#sSpan2811" value="ⲙⲛ"/>
		<feat xlink:href="#sSpan2816" value="ⲛⲧⲟ"/>
		<feat xlink:href="#sSpan2819" value=","/>
		<feat xlink:href="#sSpan2824" value="ⲏ"/>
		<feat xlink:href="#sSpan2828" value="ⲙⲛ"/>
		<feat xlink:href="#sSpan2832" value="ⲛⲧⲱⲧⲛ"/>
		<feat xlink:href="#sSpan2836" value="·"/>
		<feat xlink:href="#sSpan2840" value="ⲉⲣⲉ"/>
		<feat xlink:href="#sSpan2846" value="ⲁⲛⲟⲕ"/>
		<feat xlink:href="#sSpan2849" value="ⲣϩⲟⲧⲉ"/>
		<feat xlink:href="#sSpan2853" value="ϫⲉ"/>
		<feat xlink:href="#sSpan2859" value="ⲙⲏⲡⲟⲧⲉ"/>
		<feat xlink:href="#sSpan2861" value="ⲛ"/>
		<feat xlink:href="#sSpan2866" value="ⲡ"/>
		<feat xlink:href="#sSpan2868" value="ϩⲉ"/>
		<feat xlink:href="#sSpan2870" value="ⲉⲧⲉⲣⲉ"/>
		<feat xlink:href="#sSpan2874" value="ⲁ"/>
		<feat xlink:href="#sSpan2876" value="ⲡ"/>
		<feat xlink:href="#sSpan2880" value="ϩⲟϥ"/>
		<feat xlink:href="#sSpan2883" value="ⲉⲝⲁⲡⲁⲧⲁ"/>
		<feat xlink:href="#sSpan2888" value="ⲛ"/>
		<feat xlink:href="#sSpan2893" value="ⲉⲩϩⲁ"/>
		<feat xlink:href="#sSpan2896" value="ϩⲛ"/>
		<feat xlink:href="#sSpan2900" value="ⲡⲉϥ"/>
		<feat xlink:href="#sSpan2905" value="ⲡⲁⲛⲟⲩⲣⲅⲓⲁ"/>
		<feat xlink:href="#sSpan2908" value="ⲛⲧⲉ"/>
		<feat xlink:href="#sSpan2912" value="ⲛⲧⲟⲟⲩ"/>
		<feat xlink:href="#sSpan2914" value="ⲧⲁⲕⲟ"/>
		<feat xlink:href="#sSpan2917" value="ⲛϭⲓ"/>
		<feat xlink:href="#sSpan2921" value="ⲡⲉⲧⲛ"/>
		<feat xlink:href="#sSpan2925" value="ϩⲏⲧ"/>
		<feat xlink:href="#sSpan2928" value="ⲉⲃⲟⲗ"/>
		<feat xlink:href="#sSpan2933" value="ϩⲛ"/>
		<feat xlink:href="#sSpan2937" value="ⲡ"/>
		<feat xlink:href="#sSpan2942" value="ⲙⲛⲧϩⲁⲡⲗⲟⲩⲥ"/>
		<feat xlink:href="#sSpan2948" value="ⲙⲛ"/>
		<feat xlink:href="#sSpan2953" value="ⲡ"/>
		<feat xlink:href="#sSpan2956" value="ⲧⲃⲃⲟ"/>
		<feat xlink:href="#sSpan2958" value="ⲉⲧⲉⲣⲉ"/>
		<feat xlink:href="#sSpan2963" value="ϫⲓ"/>
		<feat xlink:href="#sSpan2966" value="ⲉϩⲟⲩⲛ"/>
		<feat xlink:href="#sSpan2970" value="ⲉ"/>
		<feat xlink:href="#sSpan2975" value="ⲡ"/>
		<feat xlink:href="#sSpan2979" value="ⲭⲣⲓⲥⲧⲟⲥ"/>
		<feat xlink:href="#sSpan2982" value=":"/>
		<feat xlink:href="#sSpan2986" value="ⲉϣϫⲉ"/>
		<feat xlink:href="#sSpan2997" value="ⲡ"/>
		<feat xlink:href="#sSpan3002" value="ⲉⲧⲉⲣⲉ"/>
		<feat xlink:href="#sSpan3004" value="ⲙⲙⲁⲩ"/>
		<feat xlink:href="#sSpan3006" value="ⲙⲡⲉ"/>
		<feat xlink:href="#sSpan3011" value="ⲛⲧⲟϥ"/>
		<feat xlink:href="#sSpan3013" value="ⲕⲱ"/>
		<feat xlink:href="#sSpan3015" value="ⲛⲧⲟⲥ"/>
		<feat xlink:href="#sSpan3017" value="ϩⲛ"/>
		<feat xlink:href="#sSpan3021" value="ⲡ"/>
		<feat xlink:href="#sSpan3026" value="ⲡⲁⲣⲁⲇⲉⲓⲥⲟⲥ"/>
		<feat xlink:href="#sSpan3029" value="ⲉⲣⲉ"/>
		<feat xlink:href="#sSpan3034" value="ⲛⲧⲟϥ"/>
		<feat xlink:href="#sSpan3036" value="ⲛⲁ"/>
		<feat xlink:href="#sSpan3039" value="ϯⲥⲟ"/>
		<feat xlink:href="#sSpan3042" value="ⲉ_ⲛⲧⲟ"/>
		<feat xlink:href="#sSpan3047" value="."/>
		<feat xlink:href="#sSpan3052" value="ⲏ"/>
		<feat xlink:href="#sSpan3058" value="ⲉ"/>
		<feat xlink:href="#sSpan3062" value="ⲛⲧⲱⲧⲛ"/>
		<feat xlink:href="#sSpan3064" value="ϩⲛ"/>
		<feat xlink:href="#sSpan3069" value="ⲡ"/>
		<feat xlink:href="#sSpan3072" value="ⲧⲣⲉ"/>
		<feat xlink:href="#sSpan3074" value="ⲁⲛⲟⲛ"/>
		<feat xlink:href="#sSpan3077" value="ⲕⲁⲙⲁ"/>
		<feat xlink:href="#sSpan3081" value="ⲛⲁ"/>
		<feat xlink:href="#sSpan3085" value="ⲛⲧⲟϥ"/>
		<feat xlink:href="#sSpan3087" value="ϩⲛ"/>
		<feat xlink:href="#sSpan3093" value="ⲛⲧⲱⲧⲛ"/>
		<feat xlink:href="#sSpan3095" value="·"/>
		<feat xlink:href="#sSpan3099" value="ⲁⲩⲱ"/>
		<feat xlink:href="#sSpan3106" value="ⲛⲧⲉ"/>
		<feat xlink:href="#sSpan3110" value="ⲛⲧⲱⲧⲛ"/>
		<feat xlink:href="#sSpan3112" value="ϣⲱⲡ"/>
		<feat xlink:href="#sSpan3115" value="ⲉ"/>
		<feat xlink:href="#sSpan3119" value="ⲛⲧⲱⲧⲛ"/>
		<feat xlink:href="#sSpan3122" value="ⲛ"/>
		<feat xlink:href="#sSpan3126" value="ⲡⲉϥ"/>
		<feat xlink:href="#sSpan3129" value="ϣⲟϫⲛⲉ"/>
		<feat xlink:href="#sSpan3132" value="ⲛ"/>
		<feat xlink:href="#sSpan3136" value="ⲕⲣⲟϥ"/>
		<feat xlink:href="#sSpan3138" value="ⲙⲛ"/>
		<feat xlink:href="#sSpan3143" value="ⲡⲉϥ"/>
		<feat xlink:href="#sSpan3146" value="ϩⲱⲃ"/>
		<feat xlink:href="#sSpan3149" value="ⲛ"/>
		<feat xlink:href="#sSpan3155" value="ⲡⲟⲛⲏⲣⲟⲛ"/>
		<feat xlink:href="#sSpan3157" value="·"/>
		<feat xlink:href="#sSpan3161" value="ⲛ"/>
		<feat xlink:href="#sSpan3168" value="ⲛⲧⲟϥ"/>
		<feat xlink:href="#sSpan3170" value="ⲛⲁ"/>
		<feat xlink:href="#sSpan3172" value="ϣϭⲙϭⲟⲙ"/>
		<feat xlink:href="#sSpan3176" value="ⲅⲁⲣ"/>
		<feat xlink:href="#sSpan3180" value="ⲁⲛ"/>
		<feat xlink:href="#sSpan3184" value="ⲉ"/>
		<feat xlink:href="#sSpan3188" value="ⲡ"/>
		<feat xlink:href="#sSpan3192" value="ⲉⲧⲉⲣⲉ"/>
		<feat xlink:href="#sSpan3195" value="ⲣϩⲟⲧⲉ"/>
		<feat xlink:href="#sSpan3198" value="ϩⲏⲧ"/>
		<feat xlink:href="#sSpan3203" value="ⲛⲧⲟϥ"/>
		<feat xlink:href="#sSpan3205" value="ⲛ"/>
		<feat xlink:href="#sSpan3209" value="ⲡ"/>
		<feat xlink:href="#sSpan3212" value="ⲛⲟⲩⲧⲉ"/>
		<feat xlink:href="#sSpan3217" value="."/>
		<feat xlink:href="#sSpan3221" value="ⲡⲁⲓ"/>
		<feat xlink:href="#sSpan3225" value="ⲉⲧⲉⲣⲉ"/>
		<feat xlink:href="#sSpan3230" value="ⲡ"/>
		<feat xlink:href="#sSpan3234" value="ⲭⲣⲓⲥⲧⲟⲥ"/>
		<feat xlink:href="#sSpan3236" value="ϣⲱⲡⲉ"/>
		<feat xlink:href="#sSpan3242" value="ⲛⲁ"/>
		<feat xlink:href="#sSpan3246" value="ⲛⲧⲟⲟⲩ"/>
		<feat xlink:href="#sSpan3248" value="ⲛ"/>
		<feat xlink:href="#sSpan3254" value="ⲃⲟⲏⲑⲟⲥ"/>
		<feat xlink:href="#sSpan3258" value="ⲁⲩⲱ"/>
		<feat xlink:href="#sSpan3262" value="ⲡ"/>
		<feat xlink:href="#sSpan3269" value="ⲥⲕⲉⲡⲁⲥⲧⲏⲥ"/>
		<feat xlink:href="#sSpan3272" value="·"/>
		<feat xlink:href="#sSpan3276" value="ⲛ"/>
		<feat xlink:href="#sSpan3283" value="ⲡ"/>
		<feat xlink:href="#sSpan3285" value="ϩⲉ"/>
		<feat xlink:href="#sSpan3287" value="ⲉⲧⲉⲣⲉ"/>
		<feat xlink:href="#sSpan3291" value="ⲥϩⲁⲓ"/>
		<feat xlink:href="#sSpan3293" value="ϫⲉ"/>
		<feat xlink:href="#sSpan3298" value="ⲡ"/>
		<feat xlink:href="#sSpan3301" value="ⲉⲧⲉⲣⲉ"/>
		<feat xlink:href="#sSpan3303" value="ⲙⲓϣⲉ"/>
		<feat xlink:href="#sSpan3306" value="ⲉϫⲛ"/>
		<feat xlink:href="#sSpan3311" value="ⲛⲧⲟⲕ"/>
		<feat xlink:href="#sSpan3313" value="ⲡⲉ"/>
		<feat xlink:href="#sSpan3317" value="ⲡⲉⲕ"/>
		<feat xlink:href="#sSpan3323" value="ⲃⲟⲏⲑⲟⲥ"/>
		<feat xlink:href="#sSpan3326" value=","/>
		<feat xlink:href="#sSpan3330" value="ⲁⲩⲱ"/>
		<feat xlink:href="#sSpan3335" value="ⲡ"/>
		<feat xlink:href="#sSpan3341" value="ⲥⲏϥⲉ"/>
		<feat xlink:href="#sSpan3343" value="ⲡⲉ"/>
		<feat xlink:href="#sSpan3347" value="ⲛ"/>
		<feat xlink:href="#sSpan3351" value="ⲡⲉⲕ"/>
		<feat xlink:href="#sSpan3355" value="ϣⲟⲩϣⲟⲩ"/>
		<feat xlink:href="#sSpan3358" value="ⲁⲩⲱ"/>
		<feat xlink:href="#sSpan3363" value="ⲡ"/>
		<feat xlink:href="#sSpan3368" value="ⲉⲟⲟⲩ"/>
		<feat xlink:href="#sSpan3370" value="ⲛ"/>
		<feat xlink:href="#sSpan3375" value="ⲡ"/>
		<feat xlink:href="#sSpan3379" value="ⲥⲧⲉⲣⲉⲱⲙⲁ"/>
		<feat xlink:href="#sSpan3383" value="·"/>
		<feat xlink:href="#sSpan3387" value="ⲡ"/>
		<feat xlink:href="#sSpan3396" value="ⲉⲧⲉⲣⲉ"/>
		<feat xlink:href="#sSpan3399" value="ⲛⲁ"/>
		<feat xlink:href="#sSpan3402" value="ⲙⲉ"/>
		<feat xlink:href="#sSpan3404" value="ⲡ"/>
		<feat xlink:href="#sSpan3408" value="ⲡⲉⲧϩⲟⲟⲩ"/>
		<feat xlink:href="#sSpan3413" value=","/>
		<feat xlink:href="#sSpan3417" value="ⲛⲧⲟϥ"/>
		<feat xlink:href="#sSpan3422" value="ⲡ"/>
		<feat xlink:href="#sSpan3428" value="ⲉⲧⲉⲣⲉ"/>
		<feat xlink:href="#sSpan3430" value="ⲛⲁ"/>
		<feat xlink:href="#sSpan3432" value="ⲧⲁⲕⲟ"/>
		<feat xlink:href="#sSpan3434" value="·"/>
		<feat xlink:href="#sSpan3438" value="ⲁⲩⲱ"/>
		<feat xlink:href="#sSpan3445" value="ⲛⲧⲟϥ"/>
		<feat xlink:href="#sSpan3449" value="ⲡ"/>
		<feat xlink:href="#sSpan3454" value="ⲉⲧⲉⲣⲉ"/>
		<feat xlink:href="#sSpan3459" value="ⲉⲣⲉ"/>
		<feat xlink:href="#sSpan3461" value="ⲡ"/>
		<feat xlink:href="#sSpan3465" value="ⲇⲓⲁⲃⲟⲗⲟⲥ"/>
		<feat xlink:href="#sSpan3469" value="ⲛⲁ"/>
		<feat xlink:href="#sSpan3473" value="ϭⲙϭⲟⲙ"/>
		<feat xlink:href="#sSpan3476" value="ⲉ"/>
		<feat xlink:href="#sSpan3481" value="ⲛⲧⲟϥ"/>
		<feat xlink:href="#sSpan3483" value="ϩⲛ"/>
		<feat xlink:href="#sSpan3487" value="ⲡⲉϥ"/>
		<feat xlink:href="#sSpan3491" value="ϩⲱⲃ"/>
		<feat xlink:href="#sSpan3494" value="ⲛ"/>
		<feat xlink:href="#sSpan3499" value="ⲙⲛⲧⲣⲉϥϩⲉⲧⲃⲯⲩⲭⲏ"/>
		<feat xlink:href="#sSpan3509" value="·"/>
		<feat xlink:href="#sSpan3513" value="ⲡ"/>
		<feat xlink:href="#sSpan3521" value="ⲥⲟⲫⲟⲥ"/>
		<feat xlink:href="#sSpan3526" value="ⲇⲉ"/>
		<feat xlink:href="#sSpan3531" value="ⲛⲧⲟϥ"/>
		<feat xlink:href="#sSpan3535" value="ⲉⲧⲉⲣⲉ"/>
		<feat xlink:href="#sSpan3539" value="ⲙⲉ"/>
		<feat xlink:href="#sSpan3542" value="ⲛ"/>
		<feat xlink:href="#sSpan3546" value="ⲡ"/>
		<feat xlink:href="#sSpan3549" value="ⲥⲃⲱ"/>
		<feat xlink:href="#sSpan3551" value="."/>
		<feat xlink:href="#sSpan3555" value="ⲛⲧⲟϥ"/>
		<feat xlink:href="#sSpan3560" value="ⲛⲁ"/>
		<feat xlink:href="#sSpan3562" value="ϣⲱⲡ"/>
		<feat xlink:href="#sSpan3564" value="ⲉ"/>
		<feat xlink:href="#sSpan3569" value="ⲛⲧⲟϥ"/>
		<feat xlink:href="#sSpan3571" value="ⲛ"/>
		<feat xlink:href="#sSpan3575" value="ⲡ"/>
		<feat xlink:href="#sSpan3579" value="ⲉⲛⲧⲟⲗⲏ"/>
		<feat xlink:href="#sSpan3584" value="·"/>
		<feat xlink:href="#sSpan3588" value="ⲁⲩⲱ"/>
		<feat xlink:href="#sSpan3594" value="ⲡ"/>
		<feat xlink:href="#sSpan3600" value="ⲣⲙⲛϩⲏⲧ"/>
		<feat xlink:href="#sSpan3605" value="ⲉⲧⲉⲣⲉ"/>
		<feat xlink:href="#sSpan3610" value="ⲣϩⲟⲧⲉ"/>
		<feat xlink:href="#sSpan3614" value="ϩⲏⲧ"/>
		<feat xlink:href="#sSpan3618" value="ⲛⲧⲟϥ"/>
		<feat xlink:href="#sSpan3620" value="ⲛ"/>
		<feat xlink:href="#sSpan3624" value="ⲡ"/>
		<feat xlink:href="#sSpan3628" value="ϫⲟⲉⲓⲥ"/>
		<feat xlink:href="#sSpan3631" value="·"/>
		<feat xlink:href="#sSpan3635" value="ⲛⲁ"/>
		<feat xlink:href="#sSpan3639" value="ϫⲡⲟ"/>
		<feat xlink:href="#sSpan3642" value="ⲛⲁ"/>
		<feat xlink:href="#sSpan3646" value="ⲛⲧⲟϥ"/>
		<feat xlink:href="#sSpan3648" value="ⲛ"/>
		<feat xlink:href="#sSpan3652" value="ⲟⲩ"/>
		<feat xlink:href="#sSpan3656" value="ⲣϩⲙⲙⲉ"/>
		<feat xlink:href="#sSpan3660" value="·"/>
		<feat xlink:href="#sSpan3665" value="ⲡⲗⲏⲛ"/>
		<feat xlink:href="#sSpan3674" value="ⲙⲁⲣⲉ"/>
		<feat xlink:href="#sSpan3678" value="ⲁⲛⲟⲕ"/>
		<feat xlink:href="#sSpan3680" value="ⲥⲱⲧⲙ"/>
		<feat xlink:href="#sSpan3684" value="ϫⲉ"/>
		<feat xlink:href="#sSpan3688" value="ⲁ_ⲛⲧⲟ"/>
		<feat xlink:href="#sSpan3691" value="ϯⲙⲧⲟⲛ"/>
		<feat xlink:href="#sSpan3696" value="ⲛ"/>
		<feat xlink:href="#sSpan3700" value="ⲡⲟⲩ"/>
		<feat xlink:href="#sSpan3703" value="ⲉⲓⲱⲧ"/>
		<feat xlink:href="#sSpan3706" value="ⲉⲧⲉⲣⲉ"/>
		<feat xlink:href="#sSpan3710" value="ϩⲛ"/>
		<feat xlink:href="#sSpan3712" value="ⲡ"/>
		<feat xlink:href="#sSpan3716" value="ⲙⲁ"/>
		<feat xlink:href="#sSpan3718" value="ⲙⲛ"/>
		<feat xlink:href="#sSpan3723" value="ⲛⲧⲟ"/>
		<feat xlink:href="#sSpan3725" value="."/>
		<feat xlink:href="#sSpan3729" value="ⲁⲩⲱ"/>
		<feat xlink:href="#sSpan3736" value="ⲛⲧⲉ"/>
		<feat xlink:href="#sSpan3740" value="ⲛⲧⲟ"/>
		<feat xlink:href="#sSpan3742" value="ⲥⲱⲧⲙ"/>
		<feat xlink:href="#sSpan3745" value="ⲛⲥⲁ"/>
		<feat xlink:href="#sSpan3749" value="ⲛⲧⲟⲟⲩ"/>
		<feat xlink:href="#sSpan3751" value="ϩⲛ"/>
		<feat xlink:href="#sSpan3756" value="ϩⲱⲃ"/>
		<feat xlink:href="#sSpan3761" value="ⲛⲓⲙ"/>
		<feat xlink:href="#sSpan3765" value="·"/>
		<feat xlink:href="#sSpan3769" value="ⲧⲁⲣⲉ"/>
		<feat xlink:href="#sSpan3776" value="ⲡⲉⲛ"/>
		<feat xlink:href="#sSpan3779" value="ϩⲏⲧ"/>
		<feat xlink:href="#sSpan3781" value="ⲙⲧⲟⲛ"/>
		<feat xlink:href="#sSpan3787" value="·"/>
		<feat xlink:href="#sSpan3791" value="ⲁⲩⲱ"/>
		<feat xlink:href="#sSpan3797" value="ⲛⲧⲟ"/>
		<feat xlink:href="#sSpan3802" value="ϩⲱⲱ"/>
		<feat xlink:href="#sSpan3806" value="ⲛⲧⲟ"/>
		<feat xlink:href="#sSpan3809" value="ⲛⲧⲉ"/>
		<feat xlink:href="#sSpan3814" value="ⲛⲧⲟ"/>
		<feat xlink:href="#sSpan3816" value="ⲥⲉⲓ"/>
		<feat xlink:href="#sSpan3818" value="ⲛ"/>
		<feat xlink:href="#sSpan3822" value="ⲡⲟⲩ"/>
		<feat xlink:href="#sSpan3826" value="ⲧⲱⲧ"/>
		<feat xlink:href="#sSpan3829" value="ⲛ"/>
		<feat xlink:href="#sSpan3833" value="ϩⲏⲧ"/>
		<feat xlink:href="#sSpan3835" value="·"/>
		<feat xlink:href="#sSpan3841" value="ⲉϣⲱⲡⲉ"/>
		<feat xlink:href="#sSpan3852" value="ⲇⲉ"/>
		<feat xlink:href="#sSpan3856" value="ⲟⲛ"/>
		<feat xlink:href="#sSpan3860" value="·"/>
		<feat xlink:href="#sSpan3864" value="ⲉⲣⲉ"/>
		<feat xlink:href="#sSpan3869" value="ⲟⲩⲛⲧⲉ"/>
		<feat xlink:href="#sSpan3871" value="ⲛⲧⲟ"/>
		<feat xlink:href="#sSpan3873" value="ⲟⲩ"/>
		<feat xlink:href="#sSpan3878" value="ϣⲁϫⲉ"/>
		<feat xlink:href="#sSpan3881" value="ⲉ"/>
		<feat xlink:href="#sSpan3885" value="ϫⲱ"/>
		<feat xlink:href="#sSpan3888" value="ⲛⲧⲟϥ"/>
		<feat xlink:href="#sSpan3890" value="."/>
		<feat xlink:href="#sSpan3894" value="ⲉⲓⲥ"/>
		<feat xlink:href="#sSpan3899" value="ⲡ"/>
		<feat xlink:href="#sSpan3904" value="ϩⲗⲗⲟ"/>
		<feat xlink:href="#sSpan3906" value="ⲡⲉⲛ"/>
		<feat xlink:href="#sSpan3911" value="ⲉⲓⲱⲧ"/>
		<feat xlink:href="#sSpan3913" value="ⲁⲩⲱ"/>
		<feat xlink:href="#sSpan3918" value="ⲡⲉⲛ"/>
		<feat xlink:href="#sSpan3923" value="ⲥⲟⲛ"/>
		<feat xlink:href="#sSpan3926" value="ⲁ"/>
		<feat xlink:href="#sSpan3931" value="ⲛⲧⲟⲟⲩ"/>
		<feat xlink:href="#sSpan3933" value="ⲉⲓ"/>
		<feat xlink:href="#sSpan3935" value="ϣⲁ"/>
		<feat xlink:href="#sSpan3939" value="ⲛⲧⲱⲧⲛ"/>
		<feat xlink:href="#sSpan3942" value="·"/>
		<feat xlink:href="#sSpan3946" value="ⲧⲁⲩⲟ"/>
		<feat xlink:href="#sSpan3953" value="ⲛⲧⲟϥ"/>
		<feat xlink:href="#sSpan3955" value="ⲉ"/>
		<feat xlink:href="#sSpan3960" value="ⲛⲧⲟⲟⲩ"/>
		<feat xlink:href="#sSpan3964" value="·"/>
		<feat xlink:href="#sSpan3968" value="ⲁⲩⲱ"/>
		<feat xlink:href="#sSpan3972" value="ⲛⲧⲱⲧⲛ"/>
		<feat xlink:href="#sSpan3977" value="ⲧⲏⲣ"/>
		<feat xlink:href="#sSpan3981" value="ⲛⲧⲱⲧⲛ"/>
		<feat xlink:href="#sSpan3983" value="·"/>
		<feat xlink:href="#sSpan3987" value="ⲡⲉ"/>
		<feat xlink:href="#sSpan3994" value="ⲟⲩⲛⲧⲉ"/>
		<feat xlink:href="#sSpan3998" value="ⲛⲧⲱⲧⲛ"/>
		<feat xlink:href="#sSpan4000" value="ϣⲁϫⲉ"/>
		<feat xlink:href="#sSpan4006" value="ⲙⲙⲁⲩ"/>
		<feat xlink:href="#sSpan4011" value="ⲏ"/>
		<feat xlink:href="#sSpan4016" value="ⲗⲁⲁⲩ"/>
		<feat xlink:href="#sSpan4021" value="ⲛ"/>
		<feat xlink:href="#sSpan4025" value="ϩⲱⲃ"/>
		<feat xlink:href="#sSpan4027" value="·"/>
		<feat xlink:href="#sSpan4031" value="ϩⲛ"/>
		<feat xlink:href="#sSpan4036" value="ⲡⲉⲧⲛ"/>
		<feat xlink:href="#sSpan4039" value="ⲙⲁ"/>
		<feat xlink:href="#sSpan4041" value="·"/>
		<feat xlink:href="#sSpan4045" value="ⲙⲡⲣ"/>
		<feat xlink:href="#sSpan4052" value="ϭⲱ"/>
		<feat xlink:href="#sSpan4054" value="ⲛ"/>
		<feat xlink:href="#sSpan4058" value="ⲟⲩⲱϣ"/>
		<feat xlink:href="#sSpan4061" value="ⲛ"/>
		<feat xlink:href="#sSpan4065" value="ⲧⲁⲙⲟ"/>
		<feat xlink:href="#sSpan4068" value="ⲛⲧⲟⲟⲩ"/>
		<feat xlink:href="#sSpan4070" value="ⲛⲧⲉ"/>
		<feat xlink:href="#sSpan4077" value="ⲛⲧⲱⲧⲛ"/>
		<feat xlink:href="#sSpan4079" value="ⲧⲙ"/>
		<feat xlink:href="#sSpan4081" value="ϩⲱⲡ"/>
		<feat xlink:href="#sSpan4084" value="ⲗⲁⲁⲩ"/>
		<feat xlink:href="#sSpan4088" value="ⲛ"/>
		<feat xlink:href="#sSpan4092" value="ϩⲱⲃ"/>
		<feat xlink:href="#sSpan4094" value="ⲉ"/>
		<feat xlink:href="#sSpan4099" value="ⲛⲧⲟⲟⲩ"/>
		<feat xlink:href="#sSpan4102" value="·"/>
		<feat xlink:href="#sSpan4106" value="ϫⲉⲕⲁⲥ"/>
		<feat xlink:href="#sSpan4112" value="ⲉⲣⲉ"/>
		<feat xlink:href="#sSpan4117" value="ⲡⲉⲛ"/>
		<feat xlink:href="#sSpan4120" value="ϩⲏⲧ"/>
		<feat xlink:href="#sSpan4122" value="ⲛⲁ"/>
		<feat xlink:href="#sSpan4127" value="ⲙⲧⲟⲛ"/>
		<feat xlink:href="#sSpan4129" value="ⲧⲏⲣ"/>
		<feat xlink:href="#sSpan4134" value="ⲁⲛⲟⲛ"/>
		<feat xlink:href="#sSpan4136" value="ϩⲓ"/>
		<feat xlink:href="#sSpan4140" value="ⲟⲩ"/>
		<feat xlink:href="#sSpan4142" value="ⲥⲟⲡ"/>
		<feat xlink:href="#sSpan4144" value="ⲁⲛⲟⲛ"/>
		<feat xlink:href="#sSpan4149" value="ⲁⲩⲱ"/>
		<feat xlink:href="#sSpan4153" value="ⲛⲧⲱⲧⲛ"/>
		<feat xlink:href="#sSpan4159" value="·"/>
		<feat xlink:href="#sSpan4163" value="ⲁⲩⲱ"/>
		<feat xlink:href="#sSpan4169" value="ⲟⲛ"/>
		<feat xlink:href="#sSpan4174" value="ⲛⲧⲉ"/>
		<feat xlink:href="#sSpan4178" value="ⲡ"/>
		<feat xlink:href="#sSpan4181" value="ϫⲟⲉⲓⲥ"/>
		<feat xlink:href="#sSpan4184" value="ⲧⲱⲧ"/>
		<feat xlink:href="#sSpan4188" value="ⲛ"/>
		<feat xlink:href="#sSpan4192" value="ϩⲏⲧ"/>
		<feat xlink:href="#sSpan4195" value="ⲉϫⲛ"/>
		<feat xlink:href="#sSpan4199" value="ⲁⲛⲟⲛ"/>
		<feat xlink:href="#sSpan4201" value=":"/></featList></paula>