<?xml version='1.0' encoding='UTF-8'?><!DOCTYPE paula SYSTEM "paula_feat.dtd">
<paula version="1.1">
	<header paula_id="scriptorium.to_aphthonia.mark_norm_group"/>
	<featList xmlns:xlink="http://www.w3.org/1999/xlink" type="norm_group" xml:base="scriptorium.to_aphthonia.mark.xml">
		<feat xlink:href="#sSpan4" value="ⲁⲣϯⲉⲟⲟⲩ"/>
		<feat xlink:href="#sSpan20" value="ⲙⲡⲛⲟⲩⲧⲉ"/>
		<feat xlink:href="#sSpan30" value="ⲧⲱⲛⲉ"/>
		<feat xlink:href="#sSpan35" value="."/>
		<feat xlink:href="#sSpan39" value="ⲉⲓϣⲁϫⲉ"/>
		<feat xlink:href="#sSpan49" value="ⲉⲣⲟ"/>
		<feat xlink:href="#sSpan55" value="ⲛⲧⲟ"/>
		<feat xlink:href="#sSpan60" value="ⲁⲫⲑⲟⲛⲓⲁ"/>
		<feat xlink:href="#sSpan70" value="ⲧϣⲉⲉⲣⲉ"/>
		<feat xlink:href="#sSpan76" value="ⲙⲡⲕⲟⲙⲉⲥ"/>
		<feat xlink:href="#sSpan88" value="ⲁⲗⲉⲝⲁⲛⲇⲣⲟⲥ"/>
		<feat xlink:href="#sSpan93" value="·"/>
		<feat xlink:href="#sSpan98" value="ⲏ"/>
		<feat xlink:href="#sSpan105" value="ⲁⲣⲧⲁⲓⲉⲡⲙⲁ"/>
		<feat xlink:href="#sSpan117" value="ⲉⲛⲧⲁⲩⲥⲁⲛⲟⲩϣⲉ"/>
		<feat xlink:href="#sSpan130" value="ⲛϩⲏⲧτ"/>
		<feat xlink:href="#sSpan137" value="ⲕⲁⲧⲁⲡⲛⲟⲩⲧⲉ"/>
		<feat xlink:href="#sSpan147" value="ⲁⲩⲱ"/>
		<feat xlink:href="#sSpan153" value="ⲕⲁⲧⲁⲡⲕⲟⲥⲙⲟⲥ"/>
		<feat xlink:href="#sSpan164" value=","/>
		<feat xlink:href="#sSpan168" value="ϩⲛⲛⲟⲩϣⲁϫⲉ"/>
		<feat xlink:href="#sSpan178" value="ⲙⲛⲛⲟⲩϩⲃⲏⲩⲉ"/>
		<feat xlink:href="#sSpan189" value="·"/>
		<feat xlink:href="#sSpan193" value="ⲉⲛⲉⲙⲡⲉⲡⲟⲩϩⲏⲧ"/>
		<feat xlink:href="#sSpan209" value="ⲧⲁⲕⲟ"/>
		<feat xlink:href="#sSpan214" value="."/>
		<feat xlink:href="#sSpan218" value="ⲛⲉⲣⲁⲥⲱϣⲡⲙⲁ"/>
		<feat xlink:href="#sSpan232" value="ⲁⲛ"/>
		<feat xlink:href="#sSpan236" value="ⲉⲧⲉⲛϩⲏⲧϥ"/>
		<feat xlink:href="#sSpan247" value="."/>
		<feat xlink:href="#sSpan252" value="ⲏ"/>
		<feat xlink:href="#sSpan257" value="ⲛⲉⲣⲁⲧϭⲁⲓⲉⲛⲉⲥⲛⲏⲩ"/>
		<feat xlink:href="#sSpan271" value="ⲉⲧϩⲙⲡⲙⲁ"/>
		<feat xlink:href="#sSpan283" value="ⲛⲙⲙⲉ"/>
		<feat xlink:href="#sSpan290" value="·"/>
		<feat xlink:href="#sSpan295" value="ⲥⲉⲙⲟⲩⲧⲉ"/>
		<feat xlink:href="#sSpan307" value="ⲙⲉⲛ"/>
		<feat xlink:href="#sSpan312" value="ⲉⲣⲟ"/>
		<feat xlink:href="#sSpan316" value="ϩⲙⲡⲟⲩⲣⲁⲛ"/>
		<feat xlink:href="#sSpan326" value="ϫⲉⲁⲫⲑⲟⲛⲓⲁ"/>
		<feat xlink:href="#sSpan335" value="·"/>
		<feat xlink:href="#sSpan339" value="ⲧⲉⲫⲑⲟⲛⲉⲓ"/>
		<feat xlink:href="#sSpan348" value="ⲇⲉ"/>
		<feat xlink:href="#sSpan352" value="ⲉⲣⲟ"/>
		<feat xlink:href="#sSpan357" value="ⲙⲁⲩⲁⲁⲧⲉ"/>
		<feat xlink:href="#sSpan364" value="·"/>
		<feat xlink:href="#sSpan368" value="ⲁⲩⲱ"/>
		<feat xlink:href="#sSpan375" value="ⲧⲉⲟ"/>
		<feat xlink:href="#sSpan381" value="ⲛⲃⲁⲥⲕⲁⲛⲟⲥ"/>
		<feat xlink:href="#sSpan390" value="ⲉⲣⲟ"/>
		<feat xlink:href="#sSpan395" value="ⲙⲙⲓⲛⲙⲙⲟ"/>
		<feat xlink:href="#sSpan400" value="·"/>
		<feat xlink:href="#sSpan404" value="ⲉⲣⲟⲩⲱϣ"/>
		<feat xlink:href="#sSpan411" value="ⲉⲧⲁⲕⲉⲧⲟⲩⲯⲩⲭⲏ"/>
		<feat xlink:href="#sSpan427" value="ⲉⲧⲉⲙⲡⲕⲟⲥⲙⲟⲥ"/>
		<feat xlink:href="#sSpan441" value="ⲧⲏⲣϥ"/>
		<feat xlink:href="#sSpan447" value="ⲙⲡϣⲁ"/>
		<feat xlink:href="#sSpan452" value="ⲙⲙⲟⲥ"/>
		<feat xlink:href="#sSpan458" value="ⲁⲛ"/>
		<feat xlink:href="#sSpan464" value="·"/>
		<feat xlink:href="#sSpan468" value="ⲁⲩⲱ"/>
		<feat xlink:href="#sSpan474" value="ⲉⲥⲱⲣⲙ"/>
		<feat xlink:href="#sSpan481" value="ⲛⲛⲟⲩϩⲓⲥⲉ"/>
		<feat xlink:href="#sSpan490" value="ⲉⲡϫⲓⲛϫⲏ"/>
		<feat xlink:href="#sSpan500" value="·"/>
		<feat xlink:href="#sSpan504" value="ⲉⲃⲟⲗ"/>
		<feat xlink:href="#sSpan512" value="ϫⲉⲁⲣⲕⲁⲡⲙⲁ"/>
		<feat xlink:href="#sSpan527" value="ⲙⲡⲥⲁⲧⲁⲛⲁⲥ"/>
		<feat xlink:href="#sSpan538" value="ⲉϩⲟⲩⲛ"/>
		<feat xlink:href="#sSpan542" value="ⲉⲣⲟ"/>
		<feat xlink:href="#sSpan547" value="ⲉⲧⲣⲉϥⲡⲱⲱⲛⲉ"/>
		<feat xlink:href="#sSpan558" value="ⲙⲡⲟⲩϩⲏⲧ"/>
		<feat xlink:href="#sSpan568" value="·"/>
		<feat xlink:href="#sSpan572" value="ⲁⲩⲱ"/>
		<feat xlink:href="#sSpan576" value="ⲛϥⲥⲣⲙⲣⲱⲙⲉ"/>
		<feat xlink:href="#sSpan587" value="ⲛⲧϩⲉ"/>
		<feat xlink:href="#sSpan596" value="ⲛⲛⲓⲉⲥⲟⲟⲩ"/>
		<feat xlink:href="#sSpan606" value="ⲉⲧⲟ"/>
		<feat xlink:href="#sSpan612" value="ⲛϩⲟⲟⲗⲉ"/>
		<feat xlink:href="#sSpan621" value="·"/>
		<feat xlink:href="#sSpan626" value="ⲧⲁⲑⲏⲧ"/>
		<feat xlink:href="#sSpan636" value="ⲁⲩⲱ"/>
		<feat xlink:href="#sSpan641" value="ⲧⲁⲧⲥⲃⲱ"/>
		<feat xlink:href="#sSpan650" value="ⲉⲧⲉⲙⲛⲥⲃⲱ"/>
		<feat xlink:href="#sSpan660" value="ⲙⲙⲟⲥ"/>
		<feat xlink:href="#sSpan668" value="·"/>
		<feat xlink:href="#sSpan672" value="ⲉⲛⲉⲟⲩⲛⲉⲡⲓⲥⲧⲏⲙⲏ"/>
		<feat xlink:href="#sSpan687" value="ⲅⲁⲣ"/>
		<feat xlink:href="#sSpan691" value="ⲙⲙⲟ"/>
		<feat xlink:href="#sSpan695" value="."/>
		<feat xlink:href="#sSpan699" value="ⲕⲁⲛ"/>
		<feat xlink:href="#sSpan704" value="ⲁⲩⲙⲓϣⲉ"/>
		<feat xlink:href="#sSpan712" value="ⲛⲙⲙⲉ"/>
		<feat xlink:href="#sSpan719" value="ⲛⲁⲙⲉ"/>
		<feat xlink:href="#sSpan723" value="ⲧⲉⲏⲡ"/>
		<feat xlink:href="#sSpan730" value="ⲉⲕⲁⲣⲱⲙⲉ"/>
		<feat xlink:href="#sSpan739" value="ⲉⲉⲓⲙⲉ"/>
		<feat xlink:href="#sSpan745" value="ϫⲉⲉⲧⲉⲧⲛⲟ"/>
		<feat xlink:href="#sSpan756" value="ⲛⲁϣ"/>
		<feat xlink:href="#sSpan762" value="ⲛϩⲉ"/>
		<feat xlink:href="#sSpan769" value="ⲛϩⲟⲩⲛ"/>
		<feat xlink:href="#sSpan773" value="ⲙⲡⲉⲧⲛⲙⲁ"/>
		<feat xlink:href="#sSpan783" value="·"/>
		<feat xlink:href="#sSpan788" value="ⲙⲁⲗⲓⲥⲧⲁ"/>
		<feat xlink:href="#sSpan798" value="ⲉⲁⲣϫⲟⲟⲩ"/>
		<feat xlink:href="#sSpan807" value="ⲙⲡⲟⲩⲉⲓⲱⲧ"/>
		<feat xlink:href="#sSpan817" value="ⲙⲛⲧⲟⲩⲙⲁⲁⲩ"/>
		<feat xlink:href="#sSpan827" value=","/>
		<feat xlink:href="#sSpan831" value="ϫⲉⲁⲩⲙⲓϣⲉ"/>
		<feat xlink:href="#sSpan842" value="ⲛⲙⲙⲁⲓ"/>
		<feat xlink:href="#sSpan848" value="·"/>
		<feat xlink:href="#sSpan853" value="ⲏ"/>
		<feat xlink:href="#sSpan858" value="ϫⲉⲁⲩϩⲟⲟⲩϣ"/>
		<feat xlink:href="#sSpan869" value="ⲉⲣⲟⲓ"/>
		<feat xlink:href="#sSpan877" value="·"/>
		<feat xlink:href="#sSpan881" value="ⲉⲣϫⲓϭⲟⲗ"/>
		<feat xlink:href="#sSpan892" value="ⲉⲙⲡⲟⲩⲙⲓϣⲉ"/>
		<feat xlink:href="#sSpan903" value="ⲛⲙⲙⲉ"/>
		<feat xlink:href="#sSpan910" value="ⲟⲩⲧⲉ"/>
		<feat xlink:href="#sSpan915" value="ⲙⲡⲟⲩϩⲟⲟⲩϣ"/>
		<feat xlink:href="#sSpan924" value="ⲉⲣⲟ"/>
		<feat xlink:href="#sSpan928" value="·"/>
		<feat xlink:href="#sSpan932" value="ⲛⲧⲁⲩⲙⲓϣⲉ"/>
		<feat xlink:href="#sSpan945" value="ⲛⲙⲙⲉ"/>
		<feat xlink:href="#sSpan952" value="ϫⲉⲁⲩϯ"/>
		<feat xlink:href="#sSpan963" value="ⲛⲉ"/>
		<feat xlink:href="#sSpan969" value="ⲟⲩⲉⲡⲓⲥⲧⲏⲙⲏ"/>
		<feat xlink:href="#sSpan979" value="ϩⲙⲡⲧⲣⲉⲡⲁⲣⲁⲃⲁ"/>
		<feat xlink:href="#sSpan991" value="ⲛⲧⲉⲛⲧⲟⲗⲏ"/>
		<feat xlink:href="#sSpan1002" value="ⲛⲧⲉϫⲓϩⲛⲟ"/>
		<feat xlink:href="#sSpan1015" value="ⲛⲧⲟⲟⲧⲟⲩ"/>
		<feat xlink:href="#sSpan1025" value="ⲛⲛⲟⲩⲉⲓⲟⲧⲉ"/>
		<feat xlink:href="#sSpan1035" value="ⲟⲩⲉϣ"/>
		<feat xlink:href="#sSpan1040" value="ⲛϣⲓⲛⲉ"/>
		<feat xlink:href="#sSpan1046" value="·"/>
		<feat xlink:href="#sSpan1050" value="ⲛⲧⲁⲣϣⲓⲛⲉ"/>
		<feat xlink:href="#sSpan1064" value="ⲛⲥⲁⲟⲩ"/>
		<feat xlink:href="#sSpan1071" value="ⲉⲣⲉⲣⲭⲣⲉⲓⲁ"/>
		<feat xlink:href="#sSpan1081" value="ⲛⲁϥ"/>
		<feat xlink:href="#sSpan1087" value="·"/>
		<feat xlink:href="#sSpan1091" value="ⲁⲩⲧⲥⲧⲟ"/>
		<feat xlink:href="#sSpan1101" value="ⲉⲃⲟⲗ"/>
		<feat xlink:href="#sSpan1106" value="·"/>
		<feat xlink:href="#sSpan1111" value="ⲏ"/>
		<feat xlink:href="#sSpan1116" value="ⲉⲙⲡⲟⲩⲧⲁⲁϥ"/>
		<feat xlink:href="#sSpan1129" value="ⲛⲉ"/>
		<feat xlink:href="#sSpan1136" value="·"/>
		<feat xlink:href="#sSpan1140" value="ⲉⲣϣⲁⲛϫⲟⲟⲥ"/>
		<feat xlink:href="#sSpan1151" value="ⲙⲡⲟⲩⲉⲓⲱⲧ"/>
		<feat xlink:href="#sSpan1162" value="ⲙⲛⲧⲟⲩⲙⲁⲁⲩ"/>
		<feat xlink:href="#sSpan1173" value="·"/>
		<feat xlink:href="#sSpan1178" value="ⲉⲛⲣϩⲟⲧⲉ"/>
		<feat xlink:href="#sSpan1191" value="·"/>
		<feat xlink:href="#sSpan1196" value="ⲙⲁⲗⲓⲥⲧⲁ"/>
		<feat xlink:href="#sSpan1203" value="ⲉⲣϫⲓϭⲟⲗ"/>
		<feat xlink:href="#sSpan1211" value="·"/>
		<feat xlink:href="#sSpan1216" value="ⲟⲩⲕⲟⲩⲛ"/>
		<feat xlink:href="#sSpan1226" value="ⲧⲉⲟⲩⲱϣ"/>
		<feat xlink:href="#sSpan1233" value="ⲉⲧⲣⲉⲛⲧⲁⲙⲟⲟⲩ"/>
		<feat xlink:href="#sSpan1246" value="ⲉⲛⲟⲩϩⲃⲏⲩⲉ"/>
		<feat xlink:href="#sSpan1257" value="ⲙⲙⲛⲧⲥⲟϭ"/>
		<feat xlink:href="#sSpan1266" value="ⲉⲧⲉⲉⲓⲣⲉ"/>
		<feat xlink:href="#sSpan1275" value="ⲙⲙⲟⲟⲩ"/>
		<feat xlink:href="#sSpan1281" value="·"/>
		<feat xlink:href="#sSpan1285" value="ⲙⲛⲛⲟⲩϫⲓⲟⲩⲉ"/>
		<feat xlink:href="#sSpan1295" value="ⲙⲛⲛⲟⲩϯⲧⲱⲛ"/>
		<feat xlink:href="#sSpan1307" value="·"/>
		<feat xlink:href="#sSpan1311" value="ⲧⲃⲗⲗⲏ"/>
		<feat xlink:href="#sSpan1324" value="ⲛⲁⲙⲉ"/>
		<feat xlink:href="#sSpan1328" value="ⲉⲧϫⲟⲡϫⲡ"/>
		<feat xlink:href="#sSpan1335" value="ⲙⲙⲉⲉⲣⲉ"/>
		<feat xlink:href="#sSpan1343" value="ⲛⲧϩⲉ"/>
		<feat xlink:href="#sSpan1352" value="ⲛⲛⲉⲧϩⲛⲧⲡⲁϣⲉ"/>
		<feat xlink:href="#sSpan1369" value="ⲛⲧⲉⲩϣⲏ"/>
		<feat xlink:href="#sSpan1378" value="·"/>
		<feat xlink:href="#sSpan1382" value="ⲁⲩⲱ"/>
		<feat xlink:href="#sSpan1387" value="ⲛⲧϩⲉ"/>
		<feat xlink:href="#sSpan1395" value="ⲛⲛⲓⲃⲗⲗⲉ"/>
		<feat xlink:href="#sSpan1405" value=","/>
		<feat xlink:href="#sSpan1409" value="ⲉⲧⲉⲙⲛⲃⲁⲗ"/>
		<feat xlink:href="#sSpan1419" value="ⲙⲙⲟⲟⲩ"/>
		<feat xlink:href="#sSpan1425" value="·"/>
		<feat xlink:href="#sSpan1429" value="ⲉⲃⲟⲗ"/>
		<feat xlink:href="#sSpan1437" value="ⲧⲱⲛ"/>
		<feat xlink:href="#sSpan1441" value="ϫⲉⲉⲣⲉⲛⲟⲩⲉⲓⲟⲧⲉ"/>
		<feat xlink:href="#sSpan1455" value="ⲛⲃⲟⲗ"/>
		<feat xlink:href="#sSpan1461" value="ϩⲙⲡⲕⲟⲥⲙⲟⲥ"/>
		<feat xlink:href="#sSpan1471" value="ⲛⲁⲥⲱⲧⲙ"/>
		<feat xlink:href="#sSpan1478" value="ⲉⲡⲟⲩϣⲁϫⲉ"/>
		<feat xlink:href="#sSpan1488" value="ⲛϩⲟⲩⲛ"/>
		<feat xlink:href="#sSpan1493" value="ϩⲙⲡⲉⲓⲙⲁ"/>
		<feat xlink:href="#sSpan1503" value="·"/>
		<feat xlink:href="#sSpan1507" value="ⲛⲧⲛⲧⲙⲉⲓⲙⲉ"/>
		<feat xlink:href="#sSpan1518" value="ⲁⲛⲟⲛ"/>
		<feat xlink:href="#sSpan1522" value="ϩⲛⲧϩⲉⲛⲉⲉⲧⲏ"/>
		<feat xlink:href="#sSpan1533" value="·"/>
		<feat xlink:href="#sSpan1537" value="ⲡⲉ"/>
		<feat xlink:href="#sSpan1546" value="ⲁⲩϫⲓⲧⲉ"/>
		<feat xlink:href="#sSpan1554" value="ⲛϭⲟⲛⲥ"/>
		<feat xlink:href="#sSpan1563" value="ⲛⲁⲙⲉ"/>
		<feat xlink:href="#sSpan1568" value="ⲏ"/>
		<feat xlink:href="#sSpan1573" value="ⲁⲩⲑⲙⲕⲟ"/>
		<feat xlink:href="#sSpan1582" value="ⲏ"/>
		<feat xlink:href="#sSpan1587" value="ⲁⲩⲗⲩⲡⲉⲓ"/>
		<feat xlink:href="#sSpan1596" value="ⲙⲙⲟ"/>
		<feat xlink:href="#sSpan1602" value="·"/>
		<feat xlink:href="#sSpan1606" value="ⲛⲉⲣⲉⲏⲡ"/>
		<feat xlink:href="#sSpan1612" value="ⲡⲉ"/>
		<feat xlink:href="#sSpan1617" value="ⲉⲧⲁⲙⲟⲛ"/>
		<feat xlink:href="#sSpan1625" value="ⲉⲡⲟⲩⲙⲕⲁϩ"/>
		<feat xlink:href="#sSpan1635" value="·"/>
		<feat xlink:href="#sSpan1639" value="ⲧⲁⲣⲛⲉⲓⲙⲉ"/>
		<feat xlink:href="#sSpan1650" value="ϫⲉⲉⲣⲉϫⲉⲙⲉ"/>
		<feat xlink:href="#sSpan1661" value="·"/>
		<feat xlink:href="#sSpan1665" value="ϫⲛ"/>
		<feat xlink:href="#sSpan1671" value="ⲙⲙⲟⲛ"/>
		<feat xlink:href="#sSpan1676" value="·"/>
		<feat xlink:href="#sSpan1681" value="ⲏ"/>
		<feat xlink:href="#sSpan1687" value="ⲛⲧⲉⲧⲁⲙⲉⲧⲟⲩⲙⲁⲁⲩ"/>
		<feat xlink:href="#sSpan1703" value="ⲉⲧϩⲙⲡⲙⲁ"/>
		<feat xlink:href="#sSpan1714" value="ϩⲁⲧⲏ"/>
		<feat xlink:href="#sSpan1720" value="."/>
		<feat xlink:href="#sSpan1724" value="ⲉϣⲱⲡⲉ"/>
		<feat xlink:href="#sSpan1731" value="ⲉⲣⲉⲙⲟⲩⲧⲉ"/>
		<feat xlink:href="#sSpan1738" value="ⲉⲣⲟⲥ"/>
		<feat xlink:href="#sSpan1744" value="ⲁⲛ"/>
		<feat xlink:href="#sSpan1748" value="ⲙⲙⲁⲧⲉ"/>
		<feat xlink:href="#sSpan1753" value="ϩⲛⲧⲟⲩⲧⲁⲡⲣⲟ"/>
		<feat xlink:href="#sSpan1763" value="ϫⲉⲙⲁⲁⲩ"/>
		<feat xlink:href="#sSpan1772" value="."/>
		<feat xlink:href="#sSpan1776" value="ⲉⲣⲉⲡⲟⲩϩⲏⲧ"/>
		<feat xlink:href="#sSpan1789" value="ⲇⲉ"/>
		<feat xlink:href="#sSpan1793" value="ⲟⲩⲏⲩ"/>
		<feat xlink:href="#sSpan1797" value="ⲛⲥⲁⲃⲟⲗ"/>
		<feat xlink:href="#sSpan1804" value="ⲙⲙⲟⲥ"/>
		<feat xlink:href="#sSpan1812" value="."/>
		<feat xlink:href="#sSpan1816" value="ⲛⲧϩⲉ"/>
		<feat xlink:href="#sSpan1827" value="ⲉⲧⲥⲏϩ"/>
		<feat xlink:href="#sSpan1833" value="ϫⲉⲡⲉⲓⲗⲁⲟⲥ"/>
		<feat xlink:href="#sSpan1846" value="ⲧⲁⲓⲟ"/>
		<feat xlink:href="#sSpan1851" value="ⲙⲙⲟⲓ"/>
		<feat xlink:href="#sSpan1858" value="ϩⲛⲛⲉⲩⲥⲡⲟⲧⲟⲩ"/>
		<feat xlink:href="#sSpan1868" value="·"/>
		<feat xlink:href="#sSpan1873" value="ⲡⲉⲩϩⲏⲧ"/>
		<feat xlink:href="#sSpan1881" value="ⲇⲉ"/>
		<feat xlink:href="#sSpan1886" value="ⲟⲩⲏⲩ"/>
		<feat xlink:href="#sSpan1890" value="ⲛⲥⲁⲛⲃⲟⲗ"/>
		<feat xlink:href="#sSpan1899" value="ⲙⲙⲟⲓ"/>
		<feat xlink:href="#sSpan1905" value="·"/>
		<feat xlink:href="#sSpan1910" value="ⲉⲛⲉⲙⲡⲉⲡⲟⲩϩⲏⲧ"/>
		<feat xlink:href="#sSpan1928" value="ⲅⲁⲣ"/>
		<feat xlink:href="#sSpan1932" value="ⲛⲁⲧⲥⲃⲱ"/>
		<feat xlink:href="#sSpan1942" value="ⲣⲕⲁⲕⲉ"/>
		<feat xlink:href="#sSpan1947" value="ⲉⲣⲟ"/>
		<feat xlink:href="#sSpan1954" value="."/>
		<feat xlink:href="#sSpan1958" value="ⲛⲉⲣⲁⲕⲁⲧⲁⲫⲣⲟⲛⲉⲓ"/>
		<feat xlink:href="#sSpan1968" value="ⲡⲉ"/>
		<feat xlink:href="#sSpan1972" value="ⲛⲛⲟⲩⲉⲓⲟⲧⲉ"/>
		<feat xlink:href="#sSpan1983" value="ⲉⲧϩⲛⲧⲥⲩⲛⲁⲅⲱⲅⲏ"/>
		<feat xlink:href="#sSpan1996" value="ⲛⲙⲙⲉ"/>
		<feat xlink:href="#sSpan2002" value="·"/>
		<feat xlink:href="#sSpan2007" value="ⲏ"/>
		<feat xlink:href="#sSpan2014" value="ⲛⲉⲣⲁⲥⲱϣ"/>
		<feat xlink:href="#sSpan2022" value="ⲛⲛⲉⲥⲛⲏⲩ"/>
		<feat xlink:href="#sSpan2032" value=","/>
		<feat xlink:href="#sSpan2036" value="ⲉⲧⲉⲣⲉⲟⲩⲏϩ"/>
		<feat xlink:href="#sSpan2043" value="ⲛⲙⲙⲁⲩ"/>
		<feat xlink:href="#sSpan2050" value="ϩⲛⲧⲟⲩⲙⲛⲧϫⲁⲥⲓϩⲏⲧ"/>
		<feat xlink:href="#sSpan2064" value="·"/>
		<feat xlink:href="#sSpan2069" value="ⲙⲛⲧⲟⲩⲙⲛⲧⲃⲁⲃⲉⲣⲱⲙⲉ"/>
		<feat xlink:href="#sSpan2082" value="·"/>
		<feat xlink:href="#sSpan2087" value="ⲏ"/>
		<feat xlink:href="#sSpan2096" value="ⲉⲛⲉⲙⲡⲉⲕⲱ"/>
		<feat xlink:href="#sSpan2105" value="ⲛⲥⲱ"/>
		<feat xlink:href="#sSpan2110" value="ⲛⲧⲉⲥⲃⲱ"/>
		<feat xlink:href="#sSpan2121" value="ⲙⲛⲧⲙⲛⲧⲣⲙⲛϩⲏⲧ"/>
		<feat xlink:href="#sSpan2135" value="."/>
		<feat xlink:href="#sSpan2139" value="ⲁⲩⲱ"/>
		<feat xlink:href="#sSpan2145" value="ⲛⲧⲉⲙⲉⲣⲉⲡⲡⲉⲑⲟⲟⲩ"/>
		<feat xlink:href="#sSpan2163" value=","/>
		<feat xlink:href="#sSpan2167" value="ⲉϩⲟⲩⲉⲡⲡⲉⲧⲛⲁⲛⲟⲩϥ"/>
		<feat xlink:href="#sSpan2183" value="."/>
		<feat xlink:href="#sSpan2187" value="ⲛⲉⲣⲁⲙⲉⲗⲉⲧⲁ"/>
		<feat xlink:href="#sSpan2200" value="ⲡⲉ"/>
		<feat xlink:href="#sSpan2205" value="ⲛϩⲉⲛϣⲁϫⲉ"/>
		<feat xlink:href="#sSpan2215" value="ⲉⲩⲃⲟⲟⲛⲉ"/>
		<feat xlink:href="#sSpan2223" value="."/>
		<feat xlink:href="#sSpan2227" value="ⲛⲧⲉϫⲟⲟⲥ"/>
		<feat xlink:href="#sSpan2238" value="ϩⲛⲧⲟⲩⲧⲁⲡⲣⲟ"/>
		<feat xlink:href="#sSpan2248" value="ⲉⲧⲙⲉϩ"/>
		<feat xlink:href="#sSpan2255" value="ⲛⲥⲁϩⲟⲩ"/>
		<feat xlink:href="#sSpan2263" value="ϩⲓⲥⲓϣⲉ"/>
		<feat xlink:href="#sSpan2271" value=","/>
		<feat xlink:href="#sSpan2275" value="ϫⲉϯⲛⲁⲃⲱⲕ"/>
		<feat xlink:href="#sSpan2289" value="ⲉⲕⲉϩⲉⲛⲉⲉⲧⲏ"/>
		<feat xlink:href="#sSpan2299" value="."/>
		<feat xlink:href="#sSpan2303" value="ⲛⲧⲁⲡⲉⲓⲙⲁ"/>
		<feat xlink:href="#sSpan2319" value="ϫⲓⲧⲉ"/>
		<feat xlink:href="#sSpan2327" value="ⲛϭⲟⲛⲥ"/>
		<feat xlink:href="#sSpan2334" value="ϩⲛⲟⲩ"/>
		<feat xlink:href="#sSpan2341" value="·"/>
		<feat xlink:href="#sSpan2346" value="ⲏ"/>
		<feat xlink:href="#sSpan2352" value="ⲟⲩ"/>
		<feat xlink:href="#sSpan2356" value="ⲡⲉ"/>
		<feat xlink:href="#sSpan2360" value="ⲡⲃⲁⲣⲟⲥ"/>
		<feat xlink:href="#sSpan2369" value="ⲉⲛⲧⲁⲩⲟⲩⲁϩϥ"/>
		<feat xlink:href="#sSpan2385" value="ⲉϫⲱ"/>
		<feat xlink:href="#sSpan2389" value="·"/>
		<feat xlink:href="#sSpan2393" value="ⲛⲥⲁⲃⲏⲗ"/>
		<feat xlink:href="#sSpan2401" value="ϫⲉⲁⲩϫⲟⲟⲥ"/>
		<feat xlink:href="#sSpan2414" value="ⲛⲉ"/>
		<feat xlink:href="#sSpan2420" value="ϫⲉⲙⲡⲣⲡⲁⲣⲁⲃⲁ"/>
		<feat xlink:href="#sSpan2430" value="ⲛⲧⲉⲛⲧⲟⲗⲏ"/>
		<feat xlink:href="#sSpan2442" value="ⲙⲡⲛⲟⲩⲧⲉ"/>
		<feat xlink:href="#sSpan2453" value="·"/>
		<feat xlink:href="#sSpan2457" value="ⲉⲃⲟⲗ"/>
		<feat xlink:href="#sSpan2464" value="ϫⲉⲁⲣϯϣⲟⲟⲩ"/>
		<feat xlink:href="#sSpan2476" value=","/>
		<feat xlink:href="#sSpan2480" value="ⲁⲩⲱ"/>
		<feat xlink:href="#sSpan2486" value="ⲙⲉⲥⲟⲩⲁⲫⲓ"/>
		<feat xlink:href="#sSpan2491" value="ⲛⲟⲩⲗⲉⲗⲟⲩ"/>
		<feat xlink:href="#sSpan2501" value="ⲉⲥϩⲙⲡⲏⲓ"/>
		<feat xlink:href="#sSpan2515" value="ⲛⲙⲙⲉ"/>
		<feat xlink:href="#sSpan2521" value="ϫⲉⲕⲁⲥ"/>
		<feat xlink:href="#sSpan2528" value="ⲉⲧⲉⲧⲛⲛⲁϣⲱⲡⲉ"/>
		<feat xlink:href="#sSpan2540" value="ⲛϫⲣⲟⲡ"/>
		<feat xlink:href="#sSpan2547" value="ⲁⲩⲱ"/>
		<feat xlink:href="#sSpan2551" value="ⲛⲥⲕⲁⲛⲇⲁⲗⲟⲛ"/>
		<feat xlink:href="#sSpan2560" value="ⲛⲛⲉⲧⲛⲉⲣⲏⲩ"/>
		<feat xlink:href="#sSpan2569" value="·"/>
		<feat xlink:href="#sSpan2575" value="ⲉⲧⲃⲉⲡⲁⲓ"/>
		<feat xlink:href="#sSpan2587" value="ϯϩⲟⲙⲟⲗⲟⲅⲉⲓ"/>
		<feat xlink:href="#sSpan2595" value="ⲛⲉ"/>
		<feat xlink:href="#sSpan2601" value="ϫⲉⲉϣⲱⲡⲉ"/>
		<feat xlink:href="#sSpan2608" value="ⲉⲣⲉⲧⲙⲕⲁⲉⲡⲓⲥⲧⲏⲙⲏ"/>
		<feat xlink:href="#sSpan2621" value="ⲙⲙⲟ"/>
		<feat xlink:href="#sSpan2625" value="ⲁⲩⲱ"/>
		<feat xlink:href="#sSpan2630" value="ⲛⲧⲉϥⲓ"/>
		<feat xlink:href="#sSpan2640" value="ⲧⲉⲓⲙⲛⲧⲁⲧⲥⲱⲧⲙ"/>
		<feat xlink:href="#sSpan2653" value="ⲉⲃⲟⲗ"/>
		<feat xlink:href="#sSpan2658" value="ⲙⲙⲟ"/>
		<feat xlink:href="#sSpan2662" value="ⲙⲛⲛⲓϯⲧⲱⲛ"/>
		<feat xlink:href="#sSpan2672" value="ⲉⲡϫⲓⲛϫⲏ"/>
		<feat xlink:href="#sSpan2682" value="."/>
		<feat xlink:href="#sSpan2686" value="ϯⲛⲁⲧⲣⲉⲡⲟⲩϩⲏⲧ"/>
		<feat xlink:href="#sSpan2705" value="ⲙⲕⲁϩ"/>
		<feat xlink:href="#sSpan2709" value="."/>
		<feat xlink:href="#sSpan2713" value="ⲁⲩⲱ"/>
		<feat xlink:href="#sSpan2721" value="ϯⲛⲁⲧⲣⲉⲩⲉⲓⲣⲉ"/>
		<feat xlink:href="#sSpan2735" value="ⲛⲉ"/>
		<feat xlink:href="#sSpan2742" value="ⲕⲁⲧⲁⲡⲉⲛⲧⲁϥⲉⲓ"/>
		<feat xlink:href="#sSpan2759" value="ⲉⲃⲟⲗ"/>
		<feat xlink:href="#sSpan2764" value="ϩⲛⲧⲟⲩⲧⲁⲡⲣⲟ"/>
		<feat xlink:href="#sSpan2774" value="·"/>
		<feat xlink:href="#sSpan2780" value="ⲛⲁⲙⲉ"/>
		<feat xlink:href="#sSpan2790" value="ϯⲙⲟⲕϩ"/>
		<feat xlink:href="#sSpan2796" value="ⲛϩⲏⲧ"/>
		<feat xlink:href="#sSpan2803" value="ⲛⲁⲓ"/>
		<feat xlink:href="#sSpan2809" value=","/>
		<feat xlink:href="#sSpan2813" value="ⲛⲙⲙⲉ"/>
		<feat xlink:href="#sSpan2821" value=","/>
		<feat xlink:href="#sSpan2826" value="ⲏ"/>
		<feat xlink:href="#sSpan2830" value="ⲛⲙⲙⲏⲧⲛ"/>
		<feat xlink:href="#sSpan2838" value="·"/>
		<feat xlink:href="#sSpan2842" value="ⲉⲓⲣϩⲟⲧⲉ"/>
		<feat xlink:href="#sSpan2855" value="ϫⲉⲙⲏⲡⲟⲧⲉ"/>
		<feat xlink:href="#sSpan2863" value="ⲛⲧϩⲉ"/>
		<feat xlink:href="#sSpan2872" value="ⲉⲛⲧⲁⲡϩⲟϥ"/>
		<feat xlink:href="#sSpan2885" value="ⲉⲝⲁⲡⲁⲧⲁ"/>
		<feat xlink:href="#sSpan2890" value="ⲛⲉⲩϩⲁ"/>
		<feat xlink:href="#sSpan2898" value="ϩⲛⲧⲉϥⲡⲁⲛⲟⲩⲣⲅⲓⲁ"/>
		<feat xlink:href="#sSpan2910" value="ⲛⲥⲉⲧⲁⲕⲟ"/>
		<feat xlink:href="#sSpan2919" value="ⲛϭⲓⲛⲉⲧⲛϩⲏⲧ"/>
		<feat xlink:href="#sSpan2930" value="ⲉⲃⲟⲗ"/>
		<feat xlink:href="#sSpan2935" value="ϩⲛⲧⲙⲛⲧϩⲁⲡⲗⲟⲩⲥ"/>
		<feat xlink:href="#sSpan2950" value="ⲙⲛⲡⲧⲃⲃⲟ"/>
		<feat xlink:href="#sSpan2960" value="ⲉⲧϫⲓ"/>
		<feat xlink:href="#sSpan2968" value="ⲉϩⲟⲩⲛ"/>
		<feat xlink:href="#sSpan2972" value="ⲉⲡⲉⲭⲣⲓⲥⲧⲟⲥ"/>
		<feat xlink:href="#sSpan2984" value=":"/>
		<feat xlink:href="#sSpan2988" value="ⲉϣϫⲉ"/>
		<feat xlink:href="#sSpan3000" value="ⲧⲉⲧⲙⲙⲁⲩ"/>
		<feat xlink:href="#sSpan3008" value="ⲙⲡϥⲕⲁⲁⲥ"/>
		<feat xlink:href="#sSpan3019" value="ϩⲙⲡⲡⲁⲣⲁⲇⲉⲓⲥⲟⲥ"/>
		<feat xlink:href="#sSpan3031" value="ⲉϥⲛⲁϯⲥⲟ"/>
		<feat xlink:href="#sSpan3044" value="ⲉⲣⲟ"/>
		<feat xlink:href="#sSpan3049" value="."/>
		<feat xlink:href="#sSpan3054" value="ⲏ"/>
		<feat xlink:href="#sSpan3060" value="ⲉⲣⲱⲧⲛ"/>
		<feat xlink:href="#sSpan3067" value="ϩⲙⲡⲧⲣⲉⲧⲛⲕⲁⲙⲁ"/>
		<feat xlink:href="#sSpan3083" value="ⲛⲁϥ"/>
		<feat xlink:href="#sSpan3089" value="ⲛϩⲏⲧⲧⲏⲩⲧⲛ"/>
		<feat xlink:href="#sSpan3097" value="·"/>
		<feat xlink:href="#sSpan3101" value="ⲁⲩⲱ"/>
		<feat xlink:href="#sSpan3108" value="ⲛⲧⲉⲧⲛϣⲱⲡ"/>
		<feat xlink:href="#sSpan3117" value="ⲉⲣⲱⲧⲛ"/>
		<feat xlink:href="#sSpan3124" value="ⲛⲛⲉϥϣⲟϫⲛⲉ"/>
		<feat xlink:href="#sSpan3134" value="ⲛⲕⲣⲟϥ"/>
		<feat xlink:href="#sSpan3140" value="ⲙⲛⲛⲉϥϩⲃⲏⲩⲉ"/>
		<feat xlink:href="#sSpan3151" value="ⲙⲡⲟⲛⲏⲣⲟⲛ"/>
		<feat xlink:href="#sSpan3159" value="·"/>
		<feat xlink:href="#sSpan3164" value="ⲛϥⲛⲁϣϭⲙϭⲟⲙ"/>
		<feat xlink:href="#sSpan3178" value="ⲅⲁⲣ"/>
		<feat xlink:href="#sSpan3182" value="ⲁⲛ"/>
		<feat xlink:href="#sSpan3186" value="ⲉⲛⲉⲧⲣϩⲟⲧⲉ"/>
		<feat xlink:href="#sSpan3200" value="ϩⲏⲧϥ"/>
		<feat xlink:href="#sSpan3207" value="ⲙⲡⲛⲟⲩⲧⲉ"/>
		<feat xlink:href="#sSpan3219" value="."/>
		<feat xlink:href="#sSpan3223" value="ⲛⲁⲓ"/>
		<feat xlink:href="#sSpan3227" value="ⲉⲧⲉⲣⲉⲡⲉⲭⲣⲓⲥⲧⲟⲥ"/>
		<feat xlink:href="#sSpan3238" value="ϣⲟⲟⲡ"/>
		<feat xlink:href="#sSpan3244" value="ⲛⲁⲩ"/>
		<feat xlink:href="#sSpan3251" value="ⲛⲃⲟⲏⲑⲟⲥ"/>
		<feat xlink:href="#sSpan3260" value="ⲁⲩⲱ"/>
		<feat xlink:href="#sSpan3265" value="ⲛⲥⲕⲉⲡⲁⲥⲧⲏⲥ"/>
		<feat xlink:href="#sSpan3274" value="·"/>
		<feat xlink:href="#sSpan3278" value="ⲛⲧϩⲉ"/>
		<feat xlink:href="#sSpan3289" value="ⲉⲧⲥⲏϩ"/>
		<feat xlink:href="#sSpan3295" value="ϫⲉⲡⲉⲧⲙⲓϣⲉ"/>
		<feat xlink:href="#sSpan3308" value="ⲉϫⲱⲕ"/>
		<feat xlink:href="#sSpan3315" value="ⲡⲉ"/>
		<feat xlink:href="#sSpan3320" value="ⲡⲉⲕⲃⲟⲏⲑⲟⲥ"/>
		<feat xlink:href="#sSpan3328" value=","/>
		<feat xlink:href="#sSpan3332" value="ⲁⲩⲱ"/>
		<feat xlink:href="#sSpan3337" value="ⲧⲥⲏϥⲉ"/>
		<feat xlink:href="#sSpan3345" value="ⲡⲉ"/>
		<feat xlink:href="#sSpan3349" value="ⲙⲡⲉⲕϣⲟⲩϣⲟⲩ"/>
		<feat xlink:href="#sSpan3360" value="ⲁⲩⲱ"/>
		<feat xlink:href="#sSpan3365" value="ⲡⲉⲟⲟⲩ"/>
		<feat xlink:href="#sSpan3373" value="ⲙⲡⲉⲥⲧⲉⲣⲉⲱⲙⲁ"/>
		<feat xlink:href="#sSpan3385" value="·"/>
		<feat xlink:href="#sSpan3390" value="ⲡⲉⲧⲛⲁⲙⲉⲣⲉⲡⲡⲉⲑⲟⲟⲩ"/>
		<feat xlink:href="#sSpan3415" value=","/>
		<feat xlink:href="#sSpan3419" value="ⲛⲧⲟϥ"/>
		<feat xlink:href="#sSpan3425" value="ⲡⲉⲧⲛⲁⲧⲁⲕⲟ"/>
		<feat xlink:href="#sSpan3436" value="·"/>
		<feat xlink:href="#sSpan3440" value="ⲁⲩⲱ"/>
		<feat xlink:href="#sSpan3447" value="ⲛⲧⲟϥ"/>
		<feat xlink:href="#sSpan3451" value="ⲡⲉⲧⲉⲣⲉⲡⲇⲓⲁⲃⲟⲗⲟⲥ"/>
		<feat xlink:href="#sSpan3471" value="ⲛⲁϭⲙϭⲟⲙ"/>
		<feat xlink:href="#sSpan3478" value="ⲉⲣⲟϥ"/>
		<feat xlink:href="#sSpan3485" value="ϩⲛⲛⲉϥϩⲃⲏⲩⲉ"/>
		<feat xlink:href="#sSpan3496" value="ⲙⲙⲛⲧⲣⲉϥϩⲉⲧⲃⲯⲩⲭⲏ"/>
		<feat xlink:href="#sSpan3511" value="·"/>
		<feat xlink:href="#sSpan3515" value="ⲡⲥⲟⲫⲟⲥ"/>
		<feat xlink:href="#sSpan3528" value="ⲇⲉ"/>
		<feat xlink:href="#sSpan3533" value="ⲛⲧⲟϥ"/>
		<feat xlink:href="#sSpan3537" value="ⲉⲧⲙⲉ"/>
		<feat xlink:href="#sSpan3544" value="ⲛⲧⲉⲥⲃⲱ"/>
		<feat xlink:href="#sSpan3553" value="."/>
		<feat xlink:href="#sSpan3557" value="ϥⲛⲁϣⲱⲡ"/>
		<feat xlink:href="#sSpan3566" value="ⲉⲣⲟϥ"/>
		<feat xlink:href="#sSpan3573" value="ⲛⲧⲉⲛⲧⲟⲗⲏ"/>
		<feat xlink:href="#sSpan3586" value="·"/>
		<feat xlink:href="#sSpan3590" value="ⲁⲩⲱ"/>
		<feat xlink:href="#sSpan3596" value="ⲡⲣⲙⲛϩⲏⲧ"/>
		<feat xlink:href="#sSpan3607" value="ⲉⲧⲣϩⲟⲧⲉ"/>
		<feat xlink:href="#sSpan3616" value="ϩⲏⲧϥ"/>
		<feat xlink:href="#sSpan3622" value="ⲙⲡϫⲟⲉⲓⲥ"/>
		<feat xlink:href="#sSpan3633" value="·"/>
		<feat xlink:href="#sSpan3637" value="ⲛⲁϫⲡⲟ"/>
		<feat xlink:href="#sSpan3644" value="ⲛⲁϥ"/>
		<feat xlink:href="#sSpan3650" value="ⲛⲟⲩⲣϩⲙⲙⲉ"/>
		<feat xlink:href="#sSpan3662" value="·"/>
		<feat xlink:href="#sSpan3667" value="ⲡⲗⲏⲛ"/>
		<feat xlink:href="#sSpan3676" value="ⲙⲁⲣⲓⲥⲱⲧⲙ"/>
		<feat xlink:href="#sSpan3686" value="ϫⲉⲁⲣϯⲙⲧⲟⲛ"/>
		<feat xlink:href="#sSpan3698" value="ⲛⲛⲟⲩⲉⲓⲟⲧⲉ"/>
		<feat xlink:href="#sSpan3708" value="ⲉⲧϩⲙⲡⲙⲁ"/>
		<feat xlink:href="#sSpan3720" value="ⲛⲙⲙⲉ"/>
		<feat xlink:href="#sSpan3727" value="."/>
		<feat xlink:href="#sSpan3731" value="ⲁⲩⲱ"/>
		<feat xlink:href="#sSpan3738" value="ⲛⲧⲉⲥⲱⲧⲙ"/>
		<feat xlink:href="#sSpan3747" value="ⲛⲥⲱⲟⲩ"/>
		<feat xlink:href="#sSpan3753" value="ϩⲛϩⲱⲃ"/>
		<feat xlink:href="#sSpan3763" value="ⲛⲓⲙ"/>
		<feat xlink:href="#sSpan3767" value="·"/>
		<feat xlink:href="#sSpan3771" value="ⲧⲁⲣⲉⲡⲉⲛϩⲏⲧ"/>
		<feat xlink:href="#sSpan3783" value="ⲙⲧⲟⲛ"/>
		<feat xlink:href="#sSpan3789" value="·"/>
		<feat xlink:href="#sSpan3793" value="ⲁⲩⲱ"/>
		<feat xlink:href="#sSpan3799" value="ⲛⲧⲟ"/>
		<feat xlink:href="#sSpan3804" value="ϩⲱⲱⲧⲉ"/>
		<feat xlink:href="#sSpan3811" value="ⲛⲧⲉⲥⲉⲓ"/>
		<feat xlink:href="#sSpan3820" value="ⲙⲡⲟⲩⲧⲱⲧ"/>
		<feat xlink:href="#sSpan3831" value="ⲛϩⲏⲧ"/>
		<feat xlink:href="#sSpan3837" value="·"/>
		<feat xlink:href="#sSpan3843" value="ⲉϣⲱⲡⲉ"/>
		<feat xlink:href="#sSpan3854" value="ⲇⲉ"/>
		<feat xlink:href="#sSpan3858" value="ⲟⲛ"/>
		<feat xlink:href="#sSpan3862" value="·"/>
		<feat xlink:href="#sSpan3866" value="ⲉⲟⲩⲛⲧⲉ"/>
		<feat xlink:href="#sSpan3875" value="ⲟⲩϣⲁϫⲉ"/>
		<feat xlink:href="#sSpan3883" value="ⲉϫⲟⲟϥ"/>
		<feat xlink:href="#sSpan3892" value="."/>
		<feat xlink:href="#sSpan3896" value="ⲉⲓⲥ"/>
		<feat xlink:href="#sSpan3901" value="ⲛϩⲗⲗⲟⲓ"/>
		<feat xlink:href="#sSpan3908" value="ⲛⲉⲛⲉⲓⲟⲧⲉ"/>
		<feat xlink:href="#sSpan3915" value="ⲁⲩⲱ"/>
		<feat xlink:href="#sSpan3921" value="ⲛⲉⲛⲥⲛⲏⲩ"/>
		<feat xlink:href="#sSpan3928" value="ⲁⲩⲉⲓ"/>
		<feat xlink:href="#sSpan3937" value="ϣⲁⲣⲱⲧⲛ"/>
		<feat xlink:href="#sSpan3944" value="·"/>
		<feat xlink:href="#sSpan3948" value="ⲧⲁⲩⲟⲩⲟϥ"/>
		<feat xlink:href="#sSpan3957" value="ⲉⲣⲟⲟⲩ"/>
		<feat xlink:href="#sSpan3966" value="·"/>
		<feat xlink:href="#sSpan3970" value="ⲁⲩⲱ"/>
		<feat xlink:href="#sSpan3974" value="ⲛⲧⲱⲧⲛ"/>
		<feat xlink:href="#sSpan3979" value="ⲧⲏⲣⲧⲛ"/>
		<feat xlink:href="#sSpan3985" value="·"/>
		<feat xlink:href="#sSpan3989" value="ⲡⲉ"/>
		<feat xlink:href="#sSpan3996" value="ⲟⲩⲛⲧⲏⲧⲛ"/>
		<feat xlink:href="#sSpan4003" value="ϣⲁϫⲉ"/>
		<feat xlink:href="#sSpan4008" value="ⲙⲙⲁⲩ"/>
		<feat xlink:href="#sSpan4013" value="ⲏ"/>
		<feat xlink:href="#sSpan4018" value="ⲗⲁⲁⲩ"/>
		<feat xlink:href="#sSpan4023" value="ⲛϩⲱⲃ"/>
		<feat xlink:href="#sSpan4029" value="·"/>
		<feat xlink:href="#sSpan4033" value="ϩⲙⲡⲉⲧⲛⲙⲁ"/>
		<feat xlink:href="#sSpan4043" value="·"/>
		<feat xlink:href="#sSpan4047" value="ⲙⲡⲣϭⲱ"/>
		<feat xlink:href="#sSpan4056" value="ⲛⲟⲩⲉϣ"/>
		<feat xlink:href="#sSpan4063" value="ⲛⲧⲁⲙⲟⲟⲩ"/>
		<feat xlink:href="#sSpan4073" value="ⲛⲧⲉⲧⲛⲧⲙϩⲉⲡⲗⲁⲁⲩ"/>
		<feat xlink:href="#sSpan4090" value="ⲛϩⲱⲃ"/>
		<feat xlink:href="#sSpan4096" value="ⲉⲣⲟⲟⲩ"/>
		<feat xlink:href="#sSpan4104" value="·"/>
		<feat xlink:href="#sSpan4108" value="ϫⲉⲕⲁⲥ"/>
		<feat xlink:href="#sSpan4114" value="ⲉⲣⲉⲡⲉⲛϩⲏⲧ"/>
		<feat xlink:href="#sSpan4124" value="ⲛⲁⲙⲧⲟⲛ"/>
		<feat xlink:href="#sSpan4131" value="ⲧⲏⲣⲛ"/>
		<feat xlink:href="#sSpan4138" value="ϩⲓⲟⲩⲥⲟⲡ"/>
		<feat xlink:href="#sSpan4146" value="ⲁⲛⲟⲛ"/>
		<feat xlink:href="#sSpan4151" value="ⲁⲩⲱ"/>
		<feat xlink:href="#sSpan4155" value="ⲛⲧⲱⲧⲛ"/>
		<feat xlink:href="#sSpan4161" value="·"/>
		<feat xlink:href="#sSpan4165" value="ⲁⲩⲱ"/>
		<feat xlink:href="#sSpan4171" value="ⲟⲛ"/>
		<feat xlink:href="#sSpan4176" value="ⲛⲧⲉⲡϫⲟⲉⲓⲥ"/>
		<feat xlink:href="#sSpan4186" value="ⲧⲱⲧ"/>
		<feat xlink:href="#sSpan4190" value="ⲛϩⲏⲧ"/>
		<feat xlink:href="#sSpan4197" value="ⲉϫⲱⲛ"/>
		<feat xlink:href="#sSpan4203" value=":"/></featList></paula>