<?xml version='1.0' encoding='UTF-8'?><!DOCTYPE paula SYSTEM "paula_feat.dtd">
<paula version="1.1">
	<header paula_id="scriptorium.to_aphthonia.mark_orig"/>
	<featList xmlns:xlink="http://www.w3.org/1999/xlink" type="orig" xml:base="scriptorium.to_aphthonia.mark.xml">
		<feat xlink:href="#sSpan3" value="ⲁⲣ"/>
		<feat xlink:href="#sSpan16" value="ϯⲉⲟⲟⲩ"/>
		<feat xlink:href="#sSpan19" value="ⲙ̄"/>
		<feat xlink:href="#sSpan23" value="ⲡ"/>
		<feat xlink:href="#sSpan27" value="ⲛⲟⲩⲧⲉ"/>
		<feat xlink:href="#sSpan29" value="ⲧⲱⲛⲉ"/>
		<feat xlink:href="#sSpan34" value="."/>
		<feat xlink:href="#sSpan38" value="ⲉ"/>
		<feat xlink:href="#sSpan43" value="ⲓ̈"/>
		<feat xlink:href="#sSpan45" value="ϣⲁϫⲉ"/>
		<feat xlink:href="#sSpan47" value="ⲉⲣⲟ̂"/>
		<feat xlink:href="#sSpan53" value="ⲛ̄ⲧⲟ"/>
		<feat xlink:href="#sSpan58" value="ⲁⲫⲑⲟⲛⲓⲁ"/>
		<feat xlink:href="#sSpan68" value="ⲧ"/>
		<feat xlink:href="#sSpan72" value="ϣⲉⲉⲣⲉ"/>
		<feat xlink:href="#sSpan74" value="ⲙ̄"/>
		<feat xlink:href="#sSpan79" value="ⲡ"/>
		<feat xlink:href="#sSpan83" value="ⲕⲟⲙⲉⲥ"/>
		<feat xlink:href="#sSpan86" value="ⲁⲗⲉⲝⲁⲛⲇⲣⲟⲥ"/>
		<feat xlink:href="#sSpan91" value="·"/>
		<feat xlink:href="#sSpan96" value="ⲏ̇"/>
		<feat xlink:href="#sSpan102" value="ⲁⲣ"/>
		<feat xlink:href="#sSpan106" value="ⲧⲁⲓ̈ⲉ⳿"/>
		<feat xlink:href="#sSpan108" value="ⲡ"/>
		<feat xlink:href="#sSpan111" value="ⲙⲁ"/>
		<feat xlink:href="#sSpan113" value="ⲉⲛⲧ"/>
		<feat xlink:href="#sSpan118" value="ⲁ"/>
		<feat xlink:href="#sSpan120" value="ⲩ"/>
		<feat xlink:href="#sSpan122" value="ⲥⲁⲛⲟⲩϣ"/>
		<feat xlink:href="#sSpan125" value="ⲉ"/>
		<feat xlink:href="#sSpan127" value="ⲛ̄ϩⲏⲧ"/>
		<feat xlink:href="#sSpan131" value="ϥ̄"/>
		<feat xlink:href="#sSpan134" value="ⲕⲁⲧⲁ"/>
		<feat xlink:href="#sSpan139" value="ⲡ"/>
		<feat xlink:href="#sSpan142" value="ⲛⲟⲩⲧⲉ"/>
		<feat xlink:href="#sSpan144" value="ⲁⲩⲱ"/>
		<feat xlink:href="#sSpan150" value="ⲕⲁⲧⲁ"/>
		<feat xlink:href="#sSpan154" value="ⲡ"/>
		<feat xlink:href="#sSpan158" value="ⲕⲟⲥⲙⲟⲥ"/>
		<feat xlink:href="#sSpan161" value=","/>
		<feat xlink:href="#sSpan165" value="ϩ︤ⲛ︥"/>
		<feat xlink:href="#sSpan169" value="ⲛⲟⲩ"/>
		<feat xlink:href="#sSpan172" value="ϣⲁϫⲉ⳿"/>
		<feat xlink:href="#sSpan175" value="ⲙ︤ⲛ︥"/>
		<feat xlink:href="#sSpan179" value="ⲛⲟⲩ"/>
		<feat xlink:href="#sSpan182" value="ϩⲃⲏⲩⲉ"/>
		<feat xlink:href="#sSpan186" value="·"/>
		<feat xlink:href="#sSpan190" value="ⲉⲛⲉ"/>
		<feat xlink:href="#sSpan198" value="ⲙ̄ⲡⲉ"/>
		<feat xlink:href="#sSpan201" value="ⲡⲟⲩ"/>
		<feat xlink:href="#sSpan204" value="ϩⲏⲧ"/>
		<feat xlink:href="#sSpan206" value="ⲧⲁⲕⲟ̂"/>
		<feat xlink:href="#sSpan211" value="."/>
		<feat xlink:href="#sSpan215" value="ⲛⲉⲣ"/>
		<feat xlink:href="#sSpan219" value="ⲁ"/>
		<feat xlink:href="#sSpan221" value="ⲥⲱϣ"/>
		<feat xlink:href="#sSpan224" value="ⲡ"/>
		<feat xlink:href="#sSpan227" value="ⲙⲁ"/>
		<feat xlink:href="#sSpan229" value="ⲁⲛ"/>
		<feat xlink:href="#sSpan233" value="ⲉⲧ"/>
		<feat xlink:href="#sSpan238" value="ⲉ"/>
		<feat xlink:href="#sSpan240" value="ⲛ̄ϩⲏⲧ︤"/>
		<feat xlink:href="#sSpan242" value="ϥ︥"/>
		<feat xlink:href="#sSpan244" value="."/>
		<feat xlink:href="#sSpan249" value="ⲏ̂"/>
		<feat xlink:href="#sSpan254" value="ⲛⲉⲣ"/>
		<feat xlink:href="#sSpan258" value="ⲁ"/>
		<feat xlink:href="#sSpan260" value="ⲧϭⲁⲓ̈ⲉ"/>
		<feat xlink:href="#sSpan262" value="ⲛⲉ"/>
		<feat xlink:href="#sSpan266" value="ⲥⲛⲏⲩ"/>
		<feat xlink:href="#sSpan268" value="ⲉⲧ"/>
		<feat xlink:href="#sSpan272" value="ϩ︤ⲙ︥"/>
		<feat xlink:href="#sSpan275" value="ⲡ"/>
		<feat xlink:href="#sSpan278" value="ⲙⲁ"/>
		<feat xlink:href="#sSpan280" value="ⲛ︤ⲙ︥ⲙ"/>
		<feat xlink:href="#sSpan285" value="ⲉ"/>
		<feat xlink:href="#sSpan287" value="·"/>
		<feat xlink:href="#sSpan292" value="ⲥⲉ"/>
		<feat xlink:href="#sSpan301" value="ⲙⲟⲩⲧⲉ"/>
		<feat xlink:href="#sSpan304" value="ⲙⲉⲛ"/>
		<feat xlink:href="#sSpan309" value="ⲉⲣⲟ"/>
		<feat xlink:href="#sSpan313" value="ϩ︤ⲙ︥"/>
		<feat xlink:href="#sSpan317" value="ⲡⲟⲩ"/>
		<feat xlink:href="#sSpan321" value="ⲣⲁⲛ"/>
		<feat xlink:href="#sSpan323" value="ϫⲉ"/>
		<feat xlink:href="#sSpan328" value="ⲁⲫⲑⲟⲛⲓⲁ"/>
		<feat xlink:href="#sSpan332" value="·"/>
		<feat xlink:href="#sSpan336" value="ⲧⲉ"/>
		<feat xlink:href="#sSpan341" value="ⲫⲑⲟⲛⲉⲓ"/>
		<feat xlink:href="#sSpan345" value="ⲇⲉ"/>
		<feat xlink:href="#sSpan349" value="ⲉⲣⲟ"/>
		<feat xlink:href="#sSpan354" value="ⲙⲁⲩⲁⲁⲧ"/>
		<feat xlink:href="#sSpan359" value="ⲉ"/>
		<feat xlink:href="#sSpan361" value="·"/>
		<feat xlink:href="#sSpan365" value="ⲁⲩⲱ"/>
		<feat xlink:href="#sSpan371" value="ⲧⲉ"/>
		<feat xlink:href="#sSpan375" value="ⲟ"/>
		<feat xlink:href="#sSpan377" value="ⲛ̄"/>
		<feat xlink:href="#sSpan382" value="ⲃⲁⲥⲕⲁⲛⲟⲥ"/>
		<feat xlink:href="#sSpan386" value="ⲉⲣⲟ"/>
		<feat xlink:href="#sSpan391" value="ⲙ̄ⲙⲓⲛⲙ̄ⲙⲟ"/>
		<feat xlink:href="#sSpan396" value="·"/>
		<feat xlink:href="#sSpan400" value="ⲉⲣ"/>
		<feat xlink:href="#sSpan405" value="ⲟⲩⲱϣ"/>
		<feat xlink:href="#sSpan407" value="ⲉ"/>
		<feat xlink:href="#sSpan411" value="ⲧⲁⲕⲉ"/>
		<feat xlink:href="#sSpan416" value="ⲧⲟⲩ"/>
		<feat xlink:href="#sSpan420" value="ⲯⲩⲭⲏ"/>
		<feat xlink:href="#sSpan423" value="ⲉⲧⲉ"/>
		<feat xlink:href="#sSpan427" value="ⲙ̄"/>
		<feat xlink:href="#sSpan429" value="ⲡ"/>
		<feat xlink:href="#sSpan433" value="ⲕⲟⲥⲙⲟⲥ"/>
		<feat xlink:href="#sSpan437" value="ⲧⲏⲣ︤"/>
		<feat xlink:href="#sSpan441" value="ϥ︥"/>
		<feat xlink:href="#sSpan443" value="ⲙ̄ⲡϣⲁ"/>
		<feat xlink:href="#sSpan448" value="ⲙ̄ⲙⲟ"/>
		<feat xlink:href="#sSpan452" value="ⲥ"/>
		<feat xlink:href="#sSpan454" value="ⲁⲛ"/>
		<feat xlink:href="#sSpan460" value="·"/>
		<feat xlink:href="#sSpan464" value="ⲁⲩⲱ"/>
		<feat xlink:href="#sSpan469" value="ⲉ"/>
		<feat xlink:href="#sSpan473" value="ⲥⲱⲣ︤ⲙ︥"/>
		<feat xlink:href="#sSpan476" value="ⲛ̄"/>
		<feat xlink:href="#sSpan480" value="ⲛⲟⲩ"/>
		<feat xlink:href="#sSpan483" value="ϩⲓⲥⲉ"/>
		<feat xlink:href="#sSpan485" value="ⲉ"/>
		<feat xlink:href="#sSpan490" value="ⲡ"/>
		<feat xlink:href="#sSpan493" value="ϫⲓⲛϫⲏ̂"/>
		<feat xlink:href="#sSpan495" value="·"/>
		<feat xlink:href="#sSpan499" value="ⲉⲃⲟⲗ"/>
		<feat xlink:href="#sSpan506" value="ϫⲉ"/>
		<feat xlink:href="#sSpan510" value="ⲁⲣ"/>
		<feat xlink:href="#sSpan512" value="ⲕⲁ"/>
		<feat xlink:href="#sSpan515" value="ⲡ"/>
		<feat xlink:href="#sSpan519" value="ⲙⲁ"/>
		<feat xlink:href="#sSpan521" value="ⲙ̄"/>
		<feat xlink:href="#sSpan525" value="ⲡ"/>
		<feat xlink:href="#sSpan529" value="ⲥⲁⲧⲁⲛⲁⲥ"/>
		<feat xlink:href="#sSpan532" value="ⲉϩⲟⲩⲛ"/>
		<feat xlink:href="#sSpan536" value="ⲉⲣⲟ̂"/>
		<feat xlink:href="#sSpan541" value="ⲉ"/>
		<feat xlink:href="#sSpan545" value="ⲧⲣⲉ"/>
		<feat xlink:href="#sSpan547" value="ϥ"/>
		<feat xlink:href="#sSpan549" value="ⲡⲱⲱⲛⲉ"/>
		<feat xlink:href="#sSpan552" value="ⲙ"/>
		<feat xlink:href="#sSpan556" value="ⲡⲟⲩ"/>
		<feat xlink:href="#sSpan559" value="ϩⲏⲧ"/>
		<feat xlink:href="#sSpan562" value="·"/>
		<feat xlink:href="#sSpan566" value="ⲁⲩⲱ"/>
		<feat xlink:href="#sSpan570" value="ⲛ︤"/>
		<feat xlink:href="#sSpan574" value="ϥ︥"/>
		<feat xlink:href="#sSpan576" value="ⲥⲣ︤ⲙ︥ⲣⲱⲙ"/>
		<feat xlink:href="#sSpan579" value="ⲉ"/>
		<feat xlink:href="#sSpan581" value="ⲛ̄"/>
		<feat xlink:href="#sSpan585" value="ⲑ"/>
		<feat xlink:href="#sSpan588" value="ⲉ"/>
		<feat xlink:href="#sSpan590" value="ⲛ̄"/>
		<feat xlink:href="#sSpan594" value="ⲛⲓ"/>
		<feat xlink:href="#sSpan597" value="ⲉⲥⲟⲟⲩ"/>
		<feat xlink:href="#sSpan600" value="ⲉⲧ"/>
		<feat xlink:href="#sSpan604" value="ⲟ̂"/>
		<feat xlink:href="#sSpan606" value="ⲛ̄"/>
		<feat xlink:href="#sSpan610" value="ϩⲟⲟⲗⲉ"/>
		<feat xlink:href="#sSpan615" value="·"/>
		<feat xlink:href="#sSpan619" value="ⲧ"/>
		<feat xlink:href="#sSpan628" value="ⲁⲑⲏⲧ"/>
		<feat xlink:href="#sSpan630" value="ⲁⲩⲱ"/>
		<feat xlink:href="#sSpan635" value="ⲧ"/>
		<feat xlink:href="#sSpan641" value="ⲁⲧⲥⲃⲱ̂"/>
		<feat xlink:href="#sSpan644" value="ⲉⲧⲉ"/>
		<feat xlink:href="#sSpan649" value="ⲙ︤ⲛ︥"/>
		<feat xlink:href="#sSpan651" value="ⲥⲃⲱ̂"/>
		<feat xlink:href="#sSpan654" value="ⲙ̄ⲙⲟ"/>
		<feat xlink:href="#sSpan659" value="ⲥ"/>
		<feat xlink:href="#sSpan662" value="·"/>
		<feat xlink:href="#sSpan666" value="ⲉⲛⲉ"/>
		<feat xlink:href="#sSpan671" value="ⲟⲩⲛ̄"/>
		<feat xlink:href="#sSpan675" value="ⲉⲡⲓⲥⲧⲏⲙⲏ"/>
		<feat xlink:href="#sSpan680" value="ⲅⲁⲣ"/>
		<feat xlink:href="#sSpan684" value="ⲙ̄ⲙⲟ"/>
		<feat xlink:href="#sSpan688" value="."/>
		<feat xlink:href="#sSpan692" value="ⲕⲁⲛ"/>
		<feat xlink:href="#sSpan697" value="ⲁ"/>
		<feat xlink:href="#sSpan701" value="ⲩ"/>
		<feat xlink:href="#sSpan703" value="ⲙⲓϣⲉ"/>
		<feat xlink:href="#sSpan705" value="ⲛ︤ⲙ︥ⲙ"/>
		<feat xlink:href="#sSpan710" value="ⲉ"/>
		<feat xlink:href="#sSpan712" value="ⲛⲁⲙⲉ"/>
		<feat xlink:href="#sSpan716" value="ⲧⲉ"/>
		<feat xlink:href="#sSpan721" value="ⲏⲡ⳿"/>
		<feat xlink:href="#sSpan723" value="ⲉ"/>
		<feat xlink:href="#sSpan728" value="ⲕⲁⲣⲱⲙⲉ"/>
		<feat xlink:href="#sSpan732" value="ⲉ"/>
		<feat xlink:href="#sSpan736" value="ⲉⲓⲙⲉ"/>
		<feat xlink:href="#sSpan738" value="ϫⲉ"/>
		<feat xlink:href="#sSpan742" value="ⲉ"/>
		<feat xlink:href="#sSpan745" value="ⲧⲉⲧ︤ⲛ︥"/>
		<feat xlink:href="#sSpan747" value="ⲟ̂"/>
		<feat xlink:href="#sSpan749" value="ⲛ̄"/>
		<feat xlink:href="#sSpan753" value="ⲁϣ"/>
		<feat xlink:href="#sSpan755" value="ⲛ̄"/>
		<feat xlink:href="#sSpan760" value="ϩⲉ"/>
		<feat xlink:href="#sSpan762" value="ⲛ̄ϩⲟⲩⲛ"/>
		<feat xlink:href="#sSpan766" value="ⲙ̄"/>
		<feat xlink:href="#sSpan771" value="ⲡⲉⲧ︤ⲛ︥"/>
		<feat xlink:href="#sSpan774" value="ⲙⲁ"/>
		<feat xlink:href="#sSpan776" value="·"/>
		<feat xlink:href="#sSpan781" value="ⲙⲁⲗⲓⲥⲧⲁ"/>
		<feat xlink:href="#sSpan791" value="ⲉ"/>
		<feat xlink:href="#sSpan795" value="ⲁⲣ"/>
		<feat xlink:href="#sSpan797" value="ϫⲟⲟⲩ"/>
		<feat xlink:href="#sSpan800" value="ⲙ̄"/>
		<feat xlink:href="#sSpan804" value="ⲡⲟⲩ"/>
		<feat xlink:href="#sSpan807" value="ⲉⲓⲱⲧ"/>
		<feat xlink:href="#sSpan810" value="ⲙ︤ⲛ︥"/>
		<feat xlink:href="#sSpan814" value="ⲧⲟⲩ"/>
		<feat xlink:href="#sSpan817" value="ⲙⲁⲁⲩ"/>
		<feat xlink:href="#sSpan820" value=","/>
		<feat xlink:href="#sSpan824" value="ϫⲉ"/>
		<feat xlink:href="#sSpan828" value="ⲁ"/>
		<feat xlink:href="#sSpan830" value="ⲩ"/>
		<feat xlink:href="#sSpan832" value="ⲙⲓϣⲉ"/>
		<feat xlink:href="#sSpan835" value="ⲛ︤ⲙ︥ⲙⲁ"/>
		<feat xlink:href="#sSpan839" value="ⲓ̈"/>
		<feat xlink:href="#sSpan841" value="·"/>
		<feat xlink:href="#sSpan846" value="ⲏ̇"/>
		<feat xlink:href="#sSpan851" value="ϫⲉ"/>
		<feat xlink:href="#sSpan855" value="ⲁ"/>
		<feat xlink:href="#sSpan857" value="ⲩ"/>
		<feat xlink:href="#sSpan859" value="ϩⲟⲟⲩϣ"/>
		<feat xlink:href="#sSpan862" value="ⲉⲣⲟ"/>
		<feat xlink:href="#sSpan867" value="ⲓ̈"/>
		<feat xlink:href="#sSpan870" value="·"/>
		<feat xlink:href="#sSpan874" value="ⲉⲣ"/>
		<feat xlink:href="#sSpan880" value="ϫⲓϭⲟⲗ"/>
		<feat xlink:href="#sSpan884" value="ⲉ"/>
		<feat xlink:href="#sSpan888" value="ⲙⲡ"/>
		<feat xlink:href="#sSpan890" value="ⲟⲩ"/>
		<feat xlink:href="#sSpan892" value="ⲙⲓϣⲉ"/>
		<feat xlink:href="#sSpan895" value="ⲛ︤ⲙ︥ⲙ"/>
		<feat xlink:href="#sSpan899" value="ⲉ"/>
		<feat xlink:href="#sSpan902" value="ⲟⲩⲧⲉ"/>
		<feat xlink:href="#sSpan907" value="ⲙ̄ⲡ"/>
		<feat xlink:href="#sSpan911" value="ⲟⲩ"/>
		<feat xlink:href="#sSpan913" value="ϩⲟⲟⲩϣ"/>
		<feat xlink:href="#sSpan916" value="ⲉⲣⲟ̂"/>
		<feat xlink:href="#sSpan920" value="·"/>
		<feat xlink:href="#sSpan924" value="ⲛ̄ⲧ"/>
		<feat xlink:href="#sSpan930" value="ⲁ"/>
		<feat xlink:href="#sSpan932" value="ⲩ"/>
		<feat xlink:href="#sSpan934" value="ⲙⲓϣⲉ"/>
		<feat xlink:href="#sSpan936" value="ⲛ︤ⲙ︥ⲙ"/>
		<feat xlink:href="#sSpan941" value="ⲉ"/>
		<feat xlink:href="#sSpan943" value="ϫⲉ"/>
		<feat xlink:href="#sSpan947" value="ⲁ"/>
		<feat xlink:href="#sSpan949" value="ⲩ"/>
		<feat xlink:href="#sSpan951" value="ϯ"/>
		<feat xlink:href="#sSpan954" value="ⲛ"/>
		<feat xlink:href="#sSpan958" value="ⲉ⳿"/>
		<feat xlink:href="#sSpan960" value="ⲟⲩ"/>
		<feat xlink:href="#sSpan966" value="ⲉⲡⲓⲥⲧⲏⲙⲏ"/>
		<feat xlink:href="#sSpan970" value="ϩ︤ⲙ︥"/>
		<feat xlink:href="#sSpan974" value="ⲡ"/>
		<feat xlink:href="#sSpan976" value="ⲧⲣⲉ"/>
		<feat xlink:href="#sSpan979" value="ⲡⲁⲣⲁⲃⲁ"/>
		<feat xlink:href="#sSpan982" value="ⲛ̄"/>
		<feat xlink:href="#sSpan986" value="ⲧ"/>
		<feat xlink:href="#sSpan990" value="ⲉ⳯ⲧⲟⲗⲏ̂"/>
		<feat xlink:href="#sSpan993" value="ⲛ̄"/>
		<feat xlink:href="#sSpan997" value="ⲧⲉ"/>
		<feat xlink:href="#sSpan999" value="ϫⲓ"/>
		<feat xlink:href="#sSpan1001" value="ϩⲛ"/>
		<feat xlink:href="#sSpan1003" value="ⲟ"/>
		<feat xlink:href="#sSpan1006" value="ⲛ̄"/>
		<feat xlink:href="#sSpan1010" value="ⲧⲟⲟⲧ"/>
		<feat xlink:href="#sSpan1014" value="ⲟⲩ"/>
		<feat xlink:href="#sSpan1016" value="ⲛ̄"/>
		<feat xlink:href="#sSpan1021" value="ⲛⲟⲩ"/>
		<feat xlink:href="#sSpan1024" value="ⲉⲓⲟⲧⲉ"/>
		<feat xlink:href="#sSpan1026" value="ⲟⲩⲉϣ"/>
		<feat xlink:href="#sSpan1031" value="ⲛ̄"/>
		<feat xlink:href="#sSpan1035" value="ϣⲓⲛⲉ"/>
		<feat xlink:href="#sSpan1037" value="·"/>
		<feat xlink:href="#sSpan1041" value="ⲛ̄ⲧ"/>
		<feat xlink:href="#sSpan1050" value="ⲁⲣ"/>
		<feat xlink:href="#sSpan1052" value="ϣⲓⲛⲉ"/>
		<feat xlink:href="#sSpan1055" value="ⲛ̄ⲥⲁ"/>
		<feat xlink:href="#sSpan1060" value="ⲟⲩ̂"/>
		<feat xlink:href="#sSpan1062" value="ⲉⲣⲉ"/>
		<feat xlink:href="#sSpan1067" value="ⲣ̄ⲭⲣⲉⲓⲁ"/>
		<feat xlink:href="#sSpan1072" value="ⲛⲁ"/>
		<feat xlink:href="#sSpan1076" value="ϥ"/>
		<feat xlink:href="#sSpan1078" value="·"/>
		<feat xlink:href="#sSpan1082" value="ⲁ"/>
		<feat xlink:href="#sSpan1087" value="ⲩ"/>
		<feat xlink:href="#sSpan1089" value="ⲧ︤ⲥ︥ⲧⲟ"/>
		<feat xlink:href="#sSpan1092" value="ⲉⲃⲟⲗ"/>
		<feat xlink:href="#sSpan1097" value="·"/>
		<feat xlink:href="#sSpan1102" value="ⲏ̇"/>
		<feat xlink:href="#sSpan1107" value="ⲉ"/>
		<feat xlink:href="#sSpan1111" value="ⲙⲡ"/>
		<feat xlink:href="#sSpan1113" value="ⲟⲩ"/>
		<feat xlink:href="#sSpan1115" value="ⲧⲁⲁ"/>
		<feat xlink:href="#sSpan1118" value="ϥ"/>
		<feat xlink:href="#sSpan1120" value="ⲛ"/>
		<feat xlink:href="#sSpan1124" value="ⲉ"/>
		<feat xlink:href="#sSpan1127" value="·"/>
		<feat xlink:href="#sSpan1131" value="ⲉⲣϣⲁ⳯"/>
		<feat xlink:href="#sSpan1136" value="ϫⲟⲟ"/>
		<feat xlink:href="#sSpan1139" value="ⲥ"/>
		<feat xlink:href="#sSpan1141" value="ⲙ̄"/>
		<feat xlink:href="#sSpan1145" value="ⲡⲟⲩ"/>
		<feat xlink:href="#sSpan1149" value="ⲉⲓⲱⲧ"/>
		<feat xlink:href="#sSpan1152" value="ⲙ︤ⲛ︥"/>
		<feat xlink:href="#sSpan1156" value="ⲧⲟⲩ"/>
		<feat xlink:href="#sSpan1159" value="ⲙⲁⲁⲩ"/>
		<feat xlink:href="#sSpan1163" value="·"/>
		<feat xlink:href="#sSpan1168" value="ⲉ"/>
		<feat xlink:href="#sSpan1172" value="ⲛ"/>
		<feat xlink:href="#sSpan1175" value="ⲣ̄ϩⲟⲧⲉ"/>
		<feat xlink:href="#sSpan1181" value="·"/>
		<feat xlink:href="#sSpan1186" value="ⲙⲁⲗⲓⲥⲧⲁ"/>
		<feat xlink:href="#sSpan1192" value="ⲉⲣ"/>
		<feat xlink:href="#sSpan1197" value="ϫⲓϭⲟⲗ"/>
		<feat xlink:href="#sSpan1200" value="·"/>
		<feat xlink:href="#sSpan1205" value="ⲟⲩⲕ"/>
		<feat xlink:href="#sSpan1213" value="ⲟⲩⲛ"/>
		<feat xlink:href="#sSpan1215" value="ⲧⲉ"/>
		<feat xlink:href="#sSpan1219" value="ⲟⲩⲱϣ"/>
		<feat xlink:href="#sSpan1222" value="ⲉ"/>
		<feat xlink:href="#sSpan1226" value="ⲧⲣⲉ"/>
		<feat xlink:href="#sSpan1228" value="⳯"/>
		<feat xlink:href="#sSpan1230" value="ⲧⲁⲙⲟ"/>
		<feat xlink:href="#sSpan1233" value="ⲟⲩ"/>
		<feat xlink:href="#sSpan1235" value="ⲉ"/>
		<feat xlink:href="#sSpan1239" value="ⲛⲟⲩ"/>
		<feat xlink:href="#sSpan1243" value="ϩⲃⲏⲩⲉ"/>
		<feat xlink:href="#sSpan1246" value="ⲙ̄"/>
		<feat xlink:href="#sSpan1251" value="ⲙ︤ⲛ︦ⲧ︥ⲥⲟϭ"/>
		<feat xlink:href="#sSpan1255" value="ⲉ"/>
		<feat xlink:href="#sSpan1259" value="ⲧⲉ"/>
		<feat xlink:href="#sSpan1261" value="ⲉⲓⲣⲉ"/>
		<feat xlink:href="#sSpan1264" value="ⲙ̄ⲙⲟ"/>
		<feat xlink:href="#sSpan1268" value="ⲟⲩ"/>
		<feat xlink:href="#sSpan1270" value="·"/>
		<feat xlink:href="#sSpan1274" value="ⲙ︤ⲛ︥"/>
		<feat xlink:href="#sSpan1279" value="ⲛⲟⲩ"/>
		<feat xlink:href="#sSpan1282" value="ϫⲓⲟⲩⲉ"/>
		<feat xlink:href="#sSpan1284" value="ⲙ︤ⲛ︥"/>
		<feat xlink:href="#sSpan1289" value="ⲛⲟⲩ"/>
		<feat xlink:href="#sSpan1293" value="ϯⲧⲱ⳯"/>
		<feat xlink:href="#sSpan1296" value="·"/>
		<feat xlink:href="#sSpan1300" value="ⲧ"/>
		<feat xlink:href="#sSpan1311" value="ⲃ̄ⲗⲗⲏ̂"/>
		<feat xlink:href="#sSpan1313" value="ⲛⲁⲙⲉ"/>
		<feat xlink:href="#sSpan1317" value="ⲉⲧ"/>
		<feat xlink:href="#sSpan1322" value="ϫⲟⲡϫ︤ⲡ︥"/>
		<feat xlink:href="#sSpan1324" value="ⲙ̄"/>
		<feat xlink:href="#sSpan1328" value="ⲙⲉⲉⲣⲉ"/>
		<feat xlink:href="#sSpan1332" value="ⲛ̄"/>
		<feat xlink:href="#sSpan1336" value="ⲑ"/>
		<feat xlink:href="#sSpan1338" value="ⲉ"/>
		<feat xlink:href="#sSpan1340" value="ⲛ̄"/>
		<feat xlink:href="#sSpan1345" value="ⲛ"/>
		<feat xlink:href="#sSpan1348" value="ⲉⲧ"/>
		<feat xlink:href="#sSpan1350" value="ϩ︤ⲛ︥"/>
		<feat xlink:href="#sSpan1352" value="ⲧ"/>
		<feat xlink:href="#sSpan1355" value="ⲡⲁϣⲉ"/>
		<feat xlink:href="#sSpan1358" value="ⲛ̄"/>
		<feat xlink:href="#sSpan1362" value="ⲧⲉ"/>
		<feat xlink:href="#sSpan1365" value="ⲩϣⲏ̂"/>
		<feat xlink:href="#sSpan1367" value="·"/>
		<feat xlink:href="#sSpan1371" value="ⲁⲩⲱ"/>
		<feat xlink:href="#sSpan1376" value="ⲛ̄"/>
		<feat xlink:href="#sSpan1380" value="ⲑ"/>
		<feat xlink:href="#sSpan1382" value="ⲉ"/>
		<feat xlink:href="#sSpan1384" value="ⲛ̄"/>
		<feat xlink:href="#sSpan1388" value="ⲛⲓ"/>
		<feat xlink:href="#sSpan1391" value="ⲃ︤ⲗ︥ⲗⲉ"/>
		<feat xlink:href="#sSpan1394" value=","/>
		<feat xlink:href="#sSpan1398" value="ⲉⲧⲉ"/>
		<feat xlink:href="#sSpan1402" value="ⲙⲛ̄"/>
		<feat xlink:href="#sSpan1404" value="ⲃⲁⲗ"/>
		<feat xlink:href="#sSpan1408" value="ⲙ̄ⲙⲟ"/>
		<feat xlink:href="#sSpan1412" value="ⲟⲩ"/>
		<feat xlink:href="#sSpan1414" value="·"/>
		<feat xlink:href="#sSpan1418" value="ⲉⲃⲟⲗ"/>
		<feat xlink:href="#sSpan1425" value="ⲧⲱⲛ"/>
		<feat xlink:href="#sSpan1429" value="ϫⲉ"/>
		<feat xlink:href="#sSpan1434" value="ⲉⲣⲉ"/>
		<feat xlink:href="#sSpan1437" value="ⲛⲟⲩ"/>
		<feat xlink:href="#sSpan1440" value="ⲉⲓⲟⲧⲉ"/>
		<feat xlink:href="#sSpan1443" value="ⲛ̄"/>
		<feat xlink:href="#sSpan1447" value="ⲃⲟⲗ"/>
		<feat xlink:href="#sSpan1449" value="ϩ︤ⲙ︥"/>
		<feat xlink:href="#sSpan1453" value="ⲡ"/>
		<feat xlink:href="#sSpan1457" value="ⲕⲟⲥⲙⲟⲥ"/>
		<feat xlink:href="#sSpan1459" value="ⲛⲁ"/>
		<feat xlink:href="#sSpan1464" value="ⲥⲱⲧ︤ⲙ︥"/>
		<feat xlink:href="#sSpan1466" value="ⲉ"/>
		<feat xlink:href="#sSpan1470" value="ⲡⲟⲩ"/>
		<feat xlink:href="#sSpan1474" value="ϣⲁϫⲉ"/>
		<feat xlink:href="#sSpan1476" value="ⲛ̄ϩⲟⲩⲛ"/>
		<feat xlink:href="#sSpan1481" value="ϩ︤ⲙ︥"/>
		<feat xlink:href="#sSpan1485" value="ⲡⲉⲓ̈"/>
		<feat xlink:href="#sSpan1488" value="ⲙⲁ"/>
		<feat xlink:href="#sSpan1491" value="·"/>
		<feat xlink:href="#sSpan1495" value="ⲛ̄"/>
		<feat xlink:href="#sSpan1499" value="ⲧ︤ⲛ︥"/>
		<feat xlink:href="#sSpan1501" value="ⲧ︤ⲙ︥"/>
		<feat xlink:href="#sSpan1503" value="ⲉⲓⲙⲉ"/>
		<feat xlink:href="#sSpan1506" value="ⲁⲛⲟⲛ"/>
		<feat xlink:href="#sSpan1510" value="ϩ︤ⲛ︥"/>
		<feat xlink:href="#sSpan1515" value="ⲑ"/>
		<feat xlink:href="#sSpan1518" value="ⲉⲛⲉ.ⲉⲧⲏ"/>
		<feat xlink:href="#sSpan1521" value="·"/>
		<feat xlink:href="#sSpan1525" value="ⲡⲉ"/>
		<feat xlink:href="#sSpan1534" value="ⲁ"/>
		<feat xlink:href="#sSpan1538" value="ⲩ"/>
		<feat xlink:href="#sSpan1540" value="ϫⲓⲧⲉ"/>
		<feat xlink:href="#sSpan1542" value="ⲛ̄"/>
		<feat xlink:href="#sSpan1548" value="ϭⲟⲛⲥ"/>
		<feat xlink:href="#sSpan1551" value="ⲛⲁⲙⲉ"/>
		<feat xlink:href="#sSpan1556" value="ⲏ̇"/>
		<feat xlink:href="#sSpan1561" value="ⲁ"/>
		<feat xlink:href="#sSpan1565" value="ⲩ"/>
		<feat xlink:href="#sSpan1567" value="ⲑⲙ̄ⲕⲟ"/>
		<feat xlink:href="#sSpan1570" value="ⲏ̇"/>
		<feat xlink:href="#sSpan1575" value="ⲁ"/>
		<feat xlink:href="#sSpan1579" value="ⲩ"/>
		<feat xlink:href="#sSpan1582" value="ⲗⲩⲡⲉⲓ"/>
		<feat xlink:href="#sSpan1584" value="ⲙⲙⲟ"/>
		<feat xlink:href="#sSpan1590" value="·"/>
		<feat xlink:href="#sSpan1594" value="ⲛⲉⲣⲉ"/>
		<feat xlink:href="#sSpan1598" value="ⲏⲡ"/>
		<feat xlink:href="#sSpan1600" value="ⲡⲉ"/>
		<feat xlink:href="#sSpan1605" value="ⲉ"/>
		<feat xlink:href="#sSpan1609" value="ⲧⲁⲙⲟ"/>
		<feat xlink:href="#sSpan1611" value="ⲛ"/>
		<feat xlink:href="#sSpan1613" value="ⲉ"/>
		<feat xlink:href="#sSpan1618" value="ⲡⲟⲩ"/>
		<feat xlink:href="#sSpan1621" value="ⲙ̄ⲕⲁϩ"/>
		<feat xlink:href="#sSpan1623" value="·"/>
		<feat xlink:href="#sSpan1627" value="ⲧⲁⲣ︤"/>
		<feat xlink:href="#sSpan1633" value="ⲛ︥"/>
		<feat xlink:href="#sSpan1635" value="ⲉⲓⲙⲉ"/>
		<feat xlink:href="#sSpan1637" value="ϫⲉ"/>
		<feat xlink:href="#sSpan1641" value="ⲉⲣⲉ"/>
		<feat xlink:href="#sSpan1645" value="ϫⲉⲙⲉ"/>
		<feat xlink:href="#sSpan1648" value="·"/>
		<feat xlink:href="#sSpan1652" value="ϫⲛ̄"/>
		<feat xlink:href="#sSpan1658" value="ⲙ̄ⲙⲟⲛ"/>
		<feat xlink:href="#sSpan1663" value="·"/>
		<feat xlink:href="#sSpan1668" value="ⲏ̇"/>
		<feat xlink:href="#sSpan1673" value="ⲛ̄"/>
		<feat xlink:href="#sSpan1677" value="ⲧⲉ"/>
		<feat xlink:href="#sSpan1680" value="ⲧⲁⲙⲉ"/>
		<feat xlink:href="#sSpan1683" value="ⲧⲟⲩ"/>
		<feat xlink:href="#sSpan1686" value="ⲙⲁⲁⲩ"/>
		<feat xlink:href="#sSpan1689" value="ⲉⲧ"/>
		<feat xlink:href="#sSpan1693" value="ϩ︤ⲙ︥"/>
		<feat xlink:href="#sSpan1695" value="ⲡ"/>
		<feat xlink:href="#sSpan1698" value="ⲙⲁ"/>
		<feat xlink:href="#sSpan1700" value="ϩⲁⲧⲏ̂"/>
		<feat xlink:href="#sSpan1706" value="."/>
		<feat xlink:href="#sSpan1710" value="ⲉϣⲱⲡⲉ"/>
		<feat xlink:href="#sSpan1716" value="ⲉⲣⲉ"/>
		<feat xlink:href="#sSpan1720" value="ⲙⲟⲩⲧⲉ"/>
		<feat xlink:href="#sSpan1723" value="ⲉⲣⲟ"/>
		<feat xlink:href="#sSpan1727" value="ⲥ"/>
		<feat xlink:href="#sSpan1729" value="ⲁⲛ"/>
		<feat xlink:href="#sSpan1733" value="ⲙ̄ⲙⲁⲧⲉ"/>
		<feat xlink:href="#sSpan1738" value="ϩ︤ⲛ︥"/>
		<feat xlink:href="#sSpan1742" value="ⲧⲟⲩ"/>
		<feat xlink:href="#sSpan1745" value="ⲧⲁⲡⲣⲟ"/>
		<feat xlink:href="#sSpan1748" value="ϫⲉ"/>
		<feat xlink:href="#sSpan1752" value="ⲙⲁⲁⲩ"/>
		<feat xlink:href="#sSpan1757" value="."/>
		<feat xlink:href="#sSpan1761" value="ⲉⲣⲉ"/>
		<feat xlink:href="#sSpan1766" value="ⲡⲟⲩ"/>
		<feat xlink:href="#sSpan1769" value="ϩⲏⲧ"/>
		<feat xlink:href="#sSpan1773" value="ⲇⲉ"/>
		<feat xlink:href="#sSpan1777" value="ⲟⲩⲏⲩ"/>
		<feat xlink:href="#sSpan1781" value="ⲛ̄ⲥⲁ"/>
		<feat xlink:href="#sSpan1786" value="ⲃⲟⲗ"/>
		<feat xlink:href="#sSpan1788" value="ⲙ̄ⲙⲟ"/>
		<feat xlink:href="#sSpan1794" value="ⲥ"/>
		<feat xlink:href="#sSpan1796" value="."/>
		<feat xlink:href="#sSpan1800" value="ⲛ̄"/>
		<feat xlink:href="#sSpan1806" value="ⲑ"/>
		<feat xlink:href="#sSpan1808" value="ⲉ"/>
		<feat xlink:href="#sSpan1810" value="ⲉⲧ"/>
		<feat xlink:href="#sSpan1814" value="ⲥⲏϩ"/>
		<feat xlink:href="#sSpan1816" value="ϫⲉ"/>
		<feat xlink:href="#sSpan1822" value="ⲡⲉⲓ̈"/>
		<feat xlink:href="#sSpan1826" value="ⲗⲁⲟⲥ"/>
		<feat xlink:href="#sSpan1828" value="ⲧⲁⲓ̈ⲟ̂"/>
		<feat xlink:href="#sSpan1833" value="ⲙ̄ⲙⲟ"/>
		<feat xlink:href="#sSpan1837" value="ⲓ̈"/>
		<feat xlink:href="#sSpan1839" value="ϩ︤ⲛ︥"/>
		<feat xlink:href="#sSpan1844" value="ⲛⲉⲩ"/>
		<feat xlink:href="#sSpan1847" value="ⲥⲡⲟⲧⲟⲩ"/>
		<feat xlink:href="#sSpan1850" value="·"/>
		<feat xlink:href="#sSpan1854" value="ⲡⲉⲩ"/>
		<feat xlink:href="#sSpan1859" value="ϩⲏⲧ"/>
		<feat xlink:href="#sSpan1863" value="ⲇⲉ"/>
		<feat xlink:href="#sSpan1868" value="ⲟⲩⲏⲩ"/>
		<feat xlink:href="#sSpan1872" value="ⲛ̄ⲥⲁ"/>
		<feat xlink:href="#sSpan1876" value="⳯"/>
		<feat xlink:href="#sSpan1878" value="ⲃⲟⲗ"/>
		<feat xlink:href="#sSpan1881" value="ⲙ̄ⲙⲟ"/>
		<feat xlink:href="#sSpan1885" value="ⲓ̈"/>
		<feat xlink:href="#sSpan1887" value="·"/>
		<feat xlink:href="#sSpan1891" value="ⲉⲛⲉ"/>
		<feat xlink:href="#sSpan1900" value="ⲙ̄ⲡⲉ"/>
		<feat xlink:href="#sSpan1902" value="ⲡⲟⲩ"/>
		<feat xlink:href="#sSpan1906" value="ϩⲏⲧ⳿"/>
		<feat xlink:href="#sSpan1910" value="ⲅⲁⲣ"/>
		<feat xlink:href="#sSpan1914" value="ⲛ"/>
		<feat xlink:href="#sSpan1919" value="ⲁⲧⲥⲃⲱ̂"/>
		<feat xlink:href="#sSpan1924" value="ⲣ̄ⲕⲁⲕⲉ"/>
		<feat xlink:href="#sSpan1929" value="ⲉⲣⲟ̂"/>
		<feat xlink:href="#sSpan1936" value="."/>
		<feat xlink:href="#sSpan1940" value="ⲛⲉⲣ"/>
		<feat xlink:href="#sSpan1944" value="ⲁ"/>
		<feat xlink:href="#sSpan1947" value="ⲕⲁⲧⲁⲫⲣⲟⲛⲉⲓ"/>
		<feat xlink:href="#sSpan1950" value="ⲡⲉ"/>
		<feat xlink:href="#sSpan1954" value="ⲛ̄"/>
		<feat xlink:href="#sSpan1959" value="ⲛⲟⲩ"/>
		<feat xlink:href="#sSpan1962" value="ⲉⲓⲟⲧⲉ"/>
		<feat xlink:href="#sSpan1964" value="ⲉⲧ"/>
		<feat xlink:href="#sSpan1969" value="ϩ︤ⲛ︥"/>
		<feat xlink:href="#sSpan1971" value="ⲧ"/>
		<feat xlink:href="#sSpan1975" value="ⲥⲩⲛⲁⲅⲱⲅⲏ"/>
		<feat xlink:href="#sSpan1978" value="ⲛ︤ⲙ︥ⲙ"/>
		<feat xlink:href="#sSpan1982" value="ⲉ"/>
		<feat xlink:href="#sSpan1984" value="·"/>
		<feat xlink:href="#sSpan1989" value="ⲏ̇"/>
		<feat xlink:href="#sSpan1995" value="ⲛⲉⲣ"/>
		<feat xlink:href="#sSpan1999" value="ⲁ"/>
		<feat xlink:href="#sSpan2001" value="ⲥⲱϣ"/>
		<feat xlink:href="#sSpan2003" value="ⲛ̄"/>
		<feat xlink:href="#sSpan2008" value="ⲛⲉ"/>
		<feat xlink:href="#sSpan2011" value="ⲥⲛⲏⲩ"/>
		<feat xlink:href="#sSpan2013" value=","/>
		<feat xlink:href="#sSpan2017" value="ⲉⲧⲉⲣⲉ"/>
		<feat xlink:href="#sSpan2022" value="ⲟⲩⲏϩ"/>
		<feat xlink:href="#sSpan2024" value="ⲛ︤ⲙ︥ⲙⲁ"/>
		<feat xlink:href="#sSpan2029" value="ⲩ"/>
		<feat xlink:href="#sSpan2031" value="ϩ︤ⲛ︥"/>
		<feat xlink:href="#sSpan2035" value="ⲧⲟⲩ"/>
		<feat xlink:href="#sSpan2040" value="ⲙ︤ⲛ︦ⲧ︥ϫⲁⲥⲓϩⲏⲧ"/>
		<feat xlink:href="#sSpan2045" value="·"/>
		<feat xlink:href="#sSpan2049" value="ⲙ︤ⲛ︥"/>
		<feat xlink:href="#sSpan2054" value="ⲧⲟⲩ"/>
		<feat xlink:href="#sSpan2058" value="ⲙ︤ⲛ︦ⲧ︥ⲃⲁⲃⲉⲣⲱⲙⲉ"/>
		<feat xlink:href="#sSpan2063" value="·"/>
		<feat xlink:href="#sSpan2068" value="ⲏ̇"/>
		<feat xlink:href="#sSpan2077" value="ⲉⲛⲉ"/>
		<feat xlink:href="#sSpan2081" value="ⲙ̄ⲡⲉ"/>
		<feat xlink:href="#sSpan2083" value="ⲕⲱ̂"/>
		<feat xlink:href="#sSpan2086" value="ⲛ̄ⲥⲱ̂"/>
		<feat xlink:href="#sSpan2091" value="ⲛ̄"/>
		<feat xlink:href="#sSpan2095" value="ⲧⲉ"/>
		<feat xlink:href="#sSpan2098" value="ⲥⲃⲱ̂"/>
		<feat xlink:href="#sSpan2101" value="ⲙ︤ⲛ︥"/>
		<feat xlink:href="#sSpan2106" value="ⲧ"/>
		<feat xlink:href="#sSpan2110" value="ⲙ︤ⲛ︦︦ⲧ︥ⲣ︤ⲙ︥ⲛ̄ϩⲏⲧ"/>
		<feat xlink:href="#sSpan2116" value="."/>
		<feat xlink:href="#sSpan2120" value="ⲁⲩⲱ"/>
		<feat xlink:href="#sSpan2125" value="ⲛ̄"/>
		<feat xlink:href="#sSpan2129" value="ⲧⲉ"/>
		<feat xlink:href="#sSpan2132" value="ⲙⲉⲣⲉ"/>
		<feat xlink:href="#sSpan2134" value="ⲡ︤"/>
		<feat xlink:href="#sSpan2138" value="ⲡ︥ⲉⲑⲟⲟⲩ"/>
		<feat xlink:href="#sSpan2143" value=","/>
		<feat xlink:href="#sSpan2147" value="ⲉϩⲟⲩⲉ"/>
		<feat xlink:href="#sSpan2151" value="ⲡ"/>
		<feat xlink:href="#sSpan2156" value="ⲡⲉⲧⲛⲁⲛⲟⲩϥ"/>
		<feat xlink:href="#sSpan2163" value="."/>
		<feat xlink:href="#sSpan2167" value="ⲛⲉⲣ"/>
		<feat xlink:href="#sSpan2173" value="ⲁ"/>
		<feat xlink:href="#sSpan2176" value="ⲙⲉⲗⲉⲧⲁ"/>
		<feat xlink:href="#sSpan2179" value="ⲡⲉ"/>
		<feat xlink:href="#sSpan2184" value="ⲛ̄"/>
		<feat xlink:href="#sSpan2188" value="ϩⲉⲛ"/>
		<feat xlink:href="#sSpan2191" value="ϣⲁϫⲉ"/>
		<feat xlink:href="#sSpan2194" value="ⲉ"/>
		<feat xlink:href="#sSpan2198" value="ⲩ"/>
		<feat xlink:href="#sSpan2200" value="ⲃⲟⲟⲛⲉ"/>
		<feat xlink:href="#sSpan2202" value="."/>
		<feat xlink:href="#sSpan2206" value="ⲛ̄"/>
		<feat xlink:href="#sSpan2211" value="ⲧⲉ"/>
		<feat xlink:href="#sSpan2213" value="ϫⲟⲟ"/>
		<feat xlink:href="#sSpan2215" value="ⲥ"/>
		<feat xlink:href="#sSpan2217" value="ϩ︤ⲛ︥"/>
		<feat xlink:href="#sSpan2221" value="ⲧⲟⲩ"/>
		<feat xlink:href="#sSpan2225" value="ⲧⲁⲡⲣⲟ̂"/>
		<feat xlink:href="#sSpan2227" value="ⲉⲧ"/>
		<feat xlink:href="#sSpan2232" value="ⲙⲉϩ"/>
		<feat xlink:href="#sSpan2234" value="ⲛ̄"/>
		<feat xlink:href="#sSpan2238" value="ⲥⲁϩⲟⲩ"/>
		<feat xlink:href="#sSpan2242" value="ϩⲓ"/>
		<feat xlink:href="#sSpan2247" value="ⲥⲓϣⲉ"/>
		<feat xlink:href="#sSpan2250" value=","/>
		<feat xlink:href="#sSpan2254" value="ϫⲉ"/>
		<feat xlink:href="#sSpan2259" value="ϯ"/>
		<feat xlink:href="#sSpan2262" value="ⲛⲁ"/>
		<feat xlink:href="#sSpan2264" value="ⲃⲱⲕ"/>
		<feat xlink:href="#sSpan2267" value="ⲉ"/>
		<feat xlink:href="#sSpan2271" value="ⲕⲉ"/>
		<feat xlink:href="#sSpan2274" value="ϩⲉⲛⲉⲉⲧⲏ"/>
		<feat xlink:href="#sSpan2277" value="."/>
		<feat xlink:href="#sSpan2281" value="ⲛ̄ⲧ"/>
		<feat xlink:href="#sSpan2290" value="ⲁ"/>
		<feat xlink:href="#sSpan2292" value="ⲡⲉⲓ̈"/>
		<feat xlink:href="#sSpan2295" value="ⲙⲁ"/>
		<feat xlink:href="#sSpan2297" value="ϫⲓⲧ"/>
		<feat xlink:href="#sSpan2303" value="ⲉ"/>
		<feat xlink:href="#sSpan2305" value="ⲛ̄"/>
		<feat xlink:href="#sSpan2309" value="ϭⲟⲛ︤ⲥ︥"/>
		<feat xlink:href="#sSpan2312" value="ϩ︤ⲛ︥"/>
		<feat xlink:href="#sSpan2316" value="ⲟⲩ̂"/>
		<feat xlink:href="#sSpan2319" value="·"/>
		<feat xlink:href="#sSpan2324" value="ⲏ̇"/>
		<feat xlink:href="#sSpan2329" value="ⲟⲩ̂"/>
		<feat xlink:href="#sSpan2333" value="ⲡⲉ"/>
		<feat xlink:href="#sSpan2337" value="ⲡ"/>
		<feat xlink:href="#sSpan2344" value="ⲃⲁⲣⲟⲥ"/>
		<feat xlink:href="#sSpan2346" value="ⲉⲛⲧ"/>
		<feat xlink:href="#sSpan2352" value="ⲁ"/>
		<feat xlink:href="#sSpan2355" value="ⲩ"/>
		<feat xlink:href="#sSpan2357" value="ⲟⲩⲁϩ︤"/>
		<feat xlink:href="#sSpan2360" value="ϥ︥"/>
		<feat xlink:href="#sSpan2362" value="ⲉϫⲱ̂"/>
		<feat xlink:href="#sSpan2366" value="·"/>
		<feat xlink:href="#sSpan2370" value="ⲛ̄ⲥⲁⲃⲏⲗ"/>
		<feat xlink:href="#sSpan2377" value="ϫⲉ"/>
		<feat xlink:href="#sSpan2381" value="ⲁ"/>
		<feat xlink:href="#sSpan2383" value="ⲩ"/>
		<feat xlink:href="#sSpan2385" value="ϫⲟⲟ"/>
		<feat xlink:href="#sSpan2388" value="ⲥ"/>
		<feat xlink:href="#sSpan2390" value="ⲛ"/>
		<feat xlink:href="#sSpan2394" value="ⲉ"/>
		<feat xlink:href="#sSpan2396" value="ϫⲉ"/>
		<feat xlink:href="#sSpan2400" value="ⲙ̄ⲡ︤ⲣ︥"/>
		<feat xlink:href="#sSpan2404" value="ⲡⲁⲣⲁⲃⲁ"/>
		<feat xlink:href="#sSpan2406" value="ⲛ̄"/>
		<feat xlink:href="#sSpan2410" value="ⲧ"/>
		<feat xlink:href="#sSpan2415" value="ⲉ⳯ⲧⲟⲗⲏ̂"/>
		<feat xlink:href="#sSpan2418" value="ⲙ̄"/>
		<feat xlink:href="#sSpan2422" value="ⲡ"/>
		<feat xlink:href="#sSpan2425" value="ⲛⲟⲩⲧⲉ"/>
		<feat xlink:href="#sSpan2429" value="·"/>
		<feat xlink:href="#sSpan2433" value="ⲉⲃⲟⲗ"/>
		<feat xlink:href="#sSpan2439" value="ϫⲉ"/>
		<feat xlink:href="#sSpan2443" value="ⲁⲣ"/>
		<feat xlink:href="#sSpan2445" value="ϯ"/>
		<feat xlink:href="#sSpan2448" value="ϣⲟⲟⲩ"/>
		<feat xlink:href="#sSpan2451" value=","/>
		<feat xlink:href="#sSpan2455" value="ⲁⲩⲱ"/>
		<feat xlink:href="#sSpan2460" value="ⲙⲉⲥⲟⲩⲁ⸍ⲫⲓ"/>
		<feat xlink:href="#sSpan2466" value="ⲛ̄"/>
		<feat xlink:href="#sSpan2470" value="ⲟⲩ"/>
		<feat xlink:href="#sSpan2474" value="ⲗⲉⲗⲟⲩ"/>
		<feat xlink:href="#sSpan2476" value="ⲉ"/>
		<feat xlink:href="#sSpan2480" value="ⲥ"/>
		<feat xlink:href="#sSpan2482" value="ϩ︤ⲙ︥"/>
		<feat xlink:href="#sSpan2485" value="ⲡ"/>
		<feat xlink:href="#sSpan2488" value="ⲏⲓ̈"/>
		<feat xlink:href="#sSpan2490" value="ⲛ︤ⲙ︥ⲙ"/>
		<feat xlink:href="#sSpan2494" value="ⲉ"/>
		<feat xlink:href="#sSpan2496" value="ϫⲉⲕⲁⲥ"/>
		<feat xlink:href="#sSpan2502" value="ⲉ"/>
		<feat xlink:href="#sSpan2506" value="ⲧⲉⲧⲛ"/>
		<feat xlink:href="#sSpan2509" value="ⲁ"/>
		<feat xlink:href="#sSpan2511" value="ϣⲱⲡⲉ"/>
		<feat xlink:href="#sSpan2513" value="ⲛ̄"/>
		<feat xlink:href="#sSpan2518" value="ϫⲣⲟⲡ⳿"/>
		<feat xlink:href="#sSpan2521" value="ⲁⲩⲱ"/>
		<feat xlink:href="#sSpan2525" value="ⲛ̄"/>
		<feat xlink:href="#sSpan2530" value="ⲥⲕⲁⲛⲇⲁⲗⲟⲛ"/>
		<feat xlink:href="#sSpan2534" value="ⲛ̄"/>
		<feat xlink:href="#sSpan2539" value="ⲛⲉⲧ︤ⲛ︥"/>
		<feat xlink:href="#sSpan2541" value="ⲉⲣⲏⲩ"/>
		<feat xlink:href="#sSpan2543" value="·"/>
		<feat xlink:href="#sSpan2548" value="ⲉⲧⲃⲉ"/>
		<feat xlink:href="#sSpan2558" value="ⲡⲁⲓ̈"/>
		<feat xlink:href="#sSpan2561" value="ϯ"/>
		<feat xlink:href="#sSpan2566" value="ϩⲟⲙⲟⲗⲟⲅⲉⲓ"/>
		<feat xlink:href="#sSpan2569" value="ⲛ"/>
		<feat xlink:href="#sSpan2573" value="ⲉ"/>
		<feat xlink:href="#sSpan2575" value="ϫⲉ"/>
		<feat xlink:href="#sSpan2580" value="ⲉϣⲱⲡⲉ"/>
		<feat xlink:href="#sSpan2582" value="ⲉⲣⲉ"/>
		<feat xlink:href="#sSpan2587" value="ⲧ︤ⲙ︥"/>
		<feat xlink:href="#sSpan2590" value="ⲕⲁⲉⲡⲓⲥⲧⲏⲙⲏ"/>
		<feat xlink:href="#sSpan2595" value="ⲙ̄ⲙⲟ"/>
		<feat xlink:href="#sSpan2599" value="ⲁⲩⲱ"/>
		<feat xlink:href="#sSpan2604" value="ⲛ̄"/>
		<feat xlink:href="#sSpan2608" value="ⲧⲉ"/>
		<feat xlink:href="#sSpan2610" value="ϥⲓ"/>
		<feat xlink:href="#sSpan2613" value="ⲧⲉⲓ̈"/>
		<feat xlink:href="#sSpan2620" value="ⲙ︤ⲛ︦ⲧ︥ⲁⲧⲥⲱⲧⲙ̄"/>
		<feat xlink:href="#sSpan2627" value="ⲉⲃⲟⲗ"/>
		<feat xlink:href="#sSpan2632" value="ⲙ̄ⲙⲟ"/>
		<feat xlink:href="#sSpan2636" value="ⲙ︤ⲛ︥"/>
		<feat xlink:href="#sSpan2641" value="ⲛⲓ"/>
		<feat xlink:href="#sSpan2644" value="ϯⲧⲱⲛ"/>
		<feat xlink:href="#sSpan2646" value="ⲉ"/>
		<feat xlink:href="#sSpan2651" value="ⲡ"/>
		<feat xlink:href="#sSpan2654" value="ϫⲓⲛϫⲏ"/>
		<feat xlink:href="#sSpan2656" value="."/>
		<feat xlink:href="#sSpan2660" value="ϯ"/>
		<feat xlink:href="#sSpan2665" value="ⲛⲁ"/>
		<feat xlink:href="#sSpan2668" value="ⲧⲣⲉ"/>
		<feat xlink:href="#sSpan2670" value="ⲡⲟⲩ"/>
		<feat xlink:href="#sSpan2673" value="ϩⲏⲧ"/>
		<feat xlink:href="#sSpan2678" value="ⲙ̄ⲕⲁϩ"/>
		<feat xlink:href="#sSpan2682" value="."/>
		<feat xlink:href="#sSpan2686" value="ⲁⲩⲱ"/>
		<feat xlink:href="#sSpan2692" value="ϯ"/>
		<feat xlink:href="#sSpan2697" value="ⲛⲁ"/>
		<feat xlink:href="#sSpan2699" value="ⲧⲣⲉ"/>
		<feat xlink:href="#sSpan2701" value="ⲩ"/>
		<feat xlink:href="#sSpan2703" value="ⲉⲓⲣⲉ"/>
		<feat xlink:href="#sSpan2707" value="ⲛ"/>
		<feat xlink:href="#sSpan2711" value="ⲉ"/>
		<feat xlink:href="#sSpan2714" value="ⲕⲁⲧⲁ"/>
		<feat xlink:href="#sSpan2718" value="ⲡ"/>
		<feat xlink:href="#sSpan2722" value="ⲉⲛⲧ"/>
		<feat xlink:href="#sSpan2724" value="ⲁ"/>
		<feat xlink:href="#sSpan2726" value="ϥ"/>
		<feat xlink:href="#sSpan2728" value="ⲉⲓ"/>
		<feat xlink:href="#sSpan2731" value="ⲉⲃⲟⲗ"/>
		<feat xlink:href="#sSpan2736" value="ϩ︤ⲛ︥"/>
		<feat xlink:href="#sSpan2740" value="ⲧⲟⲩ"/>
		<feat xlink:href="#sSpan2743" value="ⲧⲁⲡⲣⲟ̂"/>
		<feat xlink:href="#sSpan2746" value="·"/>
		<feat xlink:href="#sSpan2752" value="ⲛⲁⲙⲉ"/>
		<feat xlink:href="#sSpan2762" value="ϯ"/>
		<feat xlink:href="#sSpan2766" value="ⲙⲟⲕϩ̄"/>
		<feat xlink:href="#sSpan2768" value="ⲛ̄"/>
		<feat xlink:href="#sSpan2773" value="ϩⲏⲧ"/>
		<feat xlink:href="#sSpan2775" value="ⲛⲁ"/>
		<feat xlink:href="#sSpan2779" value="ⲓ̈"/>
		<feat xlink:href="#sSpan2781" value=","/>
		<feat xlink:href="#sSpan2785" value="ⲛ︤ⲙ︥ⲙ"/>
		<feat xlink:href="#sSpan2790" value="ⲉ"/>
		<feat xlink:href="#sSpan2793" value=","/>
		<feat xlink:href="#sSpan2798" value="ⲏ̇"/>
		<feat xlink:href="#sSpan2802" value="ⲛ︤ⲙ︥ⲙⲏ"/>
		<feat xlink:href="#sSpan2806" value="ⲧ︤ⲛ︥"/>
		<feat xlink:href="#sSpan2810" value="·"/>
		<feat xlink:href="#sSpan2814" value="ⲉ"/>
		<feat xlink:href="#sSpan2819" value="ⲓ̈"/>
		<feat xlink:href="#sSpan2822" value="ⲣ̄ϩⲟⲧⲉ"/>
		<feat xlink:href="#sSpan2826" value="ϫⲉ"/>
		<feat xlink:href="#sSpan2832" value="ⲙⲏⲡⲟⲧⲉ"/>
		<feat xlink:href="#sSpan2834" value="ⲛ̄"/>
		<feat xlink:href="#sSpan2839" value="ⲑ"/>
		<feat xlink:href="#sSpan2841" value="ⲉ"/>
		<feat xlink:href="#sSpan2843" value="ⲉⲛⲧ"/>
		<feat xlink:href="#sSpan2847" value="ⲁ"/>
		<feat xlink:href="#sSpan2849" value="ⲡ"/>
		<feat xlink:href="#sSpan2853" value="ϩⲟϥ"/>
		<feat xlink:href="#sSpan2856" value="ⲉⲝⲁⲡⲁⲧⲁ"/>
		<feat xlink:href="#sSpan2861" value="ⲛ̄"/>
		<feat xlink:href="#sSpan2866" value="ⲉⲩϩⲁ"/>
		<feat xlink:href="#sSpan2869" value="ϩ︤ⲛ︥"/>
		<feat xlink:href="#sSpan2873" value="ⲧⲉϥ"/>
		<feat xlink:href="#sSpan2878" value="ⲡⲁⲛⲟⲩⲣⲅⲓⲁ"/>
		<feat xlink:href="#sSpan2881" value="ⲛ̄"/>
		<feat xlink:href="#sSpan2885" value="ⲥⲉ"/>
		<feat xlink:href="#sSpan2887" value="ⲧⲁⲕⲟ̂"/>
		<feat xlink:href="#sSpan2890" value="ⲛ̄ϭⲓ"/>
		<feat xlink:href="#sSpan2894" value="ⲛⲉⲧⲛ̄"/>
		<feat xlink:href="#sSpan2898" value="ϩⲏⲧ"/>
		<feat xlink:href="#sSpan2901" value="ⲉⲃⲟⲗ"/>
		<feat xlink:href="#sSpan2906" value="ϩ︤ⲛ︥"/>
		<feat xlink:href="#sSpan2910" value="ⲧ"/>
		<feat xlink:href="#sSpan2915" value="ⲙ︤ⲛ︦ⲧ︥ϩⲁⲡⲗⲟⲩⲥ"/>
		<feat xlink:href="#sSpan2921" value="ⲙ︤ⲛ︥"/>
		<feat xlink:href="#sSpan2926" value="ⲡ"/>
		<feat xlink:href="#sSpan2929" value="ⲧ︤ⲃ︦ⲃ︥ⲟ"/>
		<feat xlink:href="#sSpan2931" value="ⲉⲧ"/>
		<feat xlink:href="#sSpan2936" value="ϫⲓ"/>
		<feat xlink:href="#sSpan2939" value="ⲉϩⲟⲩⲛ"/>
		<feat xlink:href="#sSpan2943" value="ⲉ"/>
		<feat xlink:href="#sSpan2948" value="ⲡⲉ"/>
		<feat xlink:href="#sSpan2952" value="ⲭ︤ⲥ︥"/>
		<feat xlink:href="#sSpan2955" value=":"/>
		<feat xlink:href="#sSpan2959" value="ⲉϣϪⲉ"/>
		<feat xlink:href="#sSpan2970" value="ⲧ"/>
		<feat xlink:href="#sSpan2975" value="ⲉⲧ"/>
		<feat xlink:href="#sSpan2977" value="ⲙ̄ⲙⲁⲩ"/>
		<feat xlink:href="#sSpan2979" value="ⲙ̄ⲡ︤"/>
		<feat xlink:href="#sSpan2984" value="ϥ︥"/>
		<feat xlink:href="#sSpan2986" value="ⲕⲁⲁ"/>
		<feat xlink:href="#sSpan2988" value="ⲥ"/>
		<feat xlink:href="#sSpan2990" value="ϩ︤ⲙ︥"/>
		<feat xlink:href="#sSpan2994" value="ⲡ"/>
		<feat xlink:href="#sSpan2999" value="ⲡⲁⲣⲁⲇⲉⲓⲥⲟⲥ"/>
		<feat xlink:href="#sSpan3002" value="ⲉ"/>
		<feat xlink:href="#sSpan3007" value="ϥ"/>
		<feat xlink:href="#sSpan3009" value="ⲛⲁ"/>
		<feat xlink:href="#sSpan3012" value="ϯⲥⲟ̂"/>
		<feat xlink:href="#sSpan3015" value="ⲉⲣⲟ̂"/>
		<feat xlink:href="#sSpan3020" value="."/>
		<feat xlink:href="#sSpan3025" value="ⲏ̇"/>
		<feat xlink:href="#sSpan3030" value="ⲉⲣⲱ"/>
		<feat xlink:href="#sSpan3034" value="ⲧⲛ̄"/>
		<feat xlink:href="#sSpan3036" value="ϩ︤ⲙ︥"/>
		<feat xlink:href="#sSpan3041" value="ⲡ"/>
		<feat xlink:href="#sSpan3044" value="ⲧⲣⲉ"/>
		<feat xlink:href="#sSpan3046" value="ⲧ︤ⲛ︥"/>
		<feat xlink:href="#sSpan3049" value="ⲕⲁⲙⲁ"/>
		<feat xlink:href="#sSpan3053" value="ⲛⲁ"/>
		<feat xlink:href="#sSpan3057" value="ϥ"/>
		<feat xlink:href="#sSpan3059" value="ⲛ̄ϩⲏⲧ"/>
		<feat xlink:href="#sSpan3065" value="ⲧⲏⲩⲧⲛ̄"/>
		<feat xlink:href="#sSpan3067" value="·"/>
		<feat xlink:href="#sSpan3071" value="ⲁⲩⲱ"/>
		<feat xlink:href="#sSpan3077" value="ⲛ̄"/>
		<feat xlink:href="#sSpan3081" value="ⲧⲉⲧ︤ⲛ︥"/>
		<feat xlink:href="#sSpan3083" value="ϣⲱⲡ"/>
		<feat xlink:href="#sSpan3086" value="ⲉⲣⲱ"/>
		<feat xlink:href="#sSpan3090" value="ⲧ︤ⲛ︥"/>
		<feat xlink:href="#sSpan3093" value="ⲛ̄"/>
		<feat xlink:href="#sSpan3097" value="ⲛⲉϥ"/>
		<feat xlink:href="#sSpan3100" value="ϣⲟϫⲛⲉ"/>
		<feat xlink:href="#sSpan3103" value="ⲛ̄"/>
		<feat xlink:href="#sSpan3107" value="ⲕⲣⲟϥ"/>
		<feat xlink:href="#sSpan3109" value="ⲙ︤ⲛ︥"/>
		<feat xlink:href="#sSpan3114" value="ⲛⲉϥ"/>
		<feat xlink:href="#sSpan3117" value="ϩⲃⲏⲩⲉ"/>
		<feat xlink:href="#sSpan3120" value="ⲙ̄"/>
		<feat xlink:href="#sSpan3126" value="ⲡⲟⲛⲏⲣⲟⲛ"/>
		<feat xlink:href="#sSpan3128" value="·"/>
		<feat xlink:href="#sSpan3132" value="ⲛ︤"/>
		<feat xlink:href="#sSpan3138" value="ϥ︥"/>
		<feat xlink:href="#sSpan3140" value="ⲛⲁ"/>
		<feat xlink:href="#sSpan3142" value="ϣϭⲙ̄ϭⲟⲙ"/>
		<feat xlink:href="#sSpan3146" value="ⲅⲁⲣ"/>
		<feat xlink:href="#sSpan3150" value="ⲁⲛ"/>
		<feat xlink:href="#sSpan3154" value="ⲉ"/>
		<feat xlink:href="#sSpan3158" value="ⲛ"/>
		<feat xlink:href="#sSpan3162" value="ⲉⲧ"/>
		<feat xlink:href="#sSpan3165" value="ⲣ̄ϩⲟⲧⲉ"/>
		<feat xlink:href="#sSpan3168" value="ϩⲏⲧ︤"/>
		<feat xlink:href="#sSpan3173" value="ϥ︥"/>
		<feat xlink:href="#sSpan3175" value="ⲙ̄"/>
		<feat xlink:href="#sSpan3179" value="ⲡ"/>
		<feat xlink:href="#sSpan3182" value="ⲛⲟⲩⲧⲉ"/>
		<feat xlink:href="#sSpan3187" value="."/>
		<feat xlink:href="#sSpan3191" value="ⲛⲁⲓ̈"/>
		<feat xlink:href="#sSpan3195" value="ⲉⲧⲉⲣⲉ"/>
		<feat xlink:href="#sSpan3200" value="ⲡⲉ"/>
		<feat xlink:href="#sSpan3204" value="ⲭ︤ⲥ︥"/>
		<feat xlink:href="#sSpan3206" value="ϣⲟⲟⲡ"/>
		<feat xlink:href="#sSpan3212" value="ⲛⲁ"/>
		<feat xlink:href="#sSpan3216" value="ⲩ"/>
		<feat xlink:href="#sSpan3218" value="ⲛ̄"/>
		<feat xlink:href="#sSpan3224" value="ⲃⲟⲏⲑⲟⲥ"/>
		<feat xlink:href="#sSpan3228" value="ⲁⲩⲱ"/>
		<feat xlink:href="#sSpan3232" value="ⲛ̄"/>
		<feat xlink:href="#sSpan3239" value="ⲥⲕⲉⲡⲁⲥⲧⲏⲥ"/>
		<feat xlink:href="#sSpan3242" value="·"/>
		<feat xlink:href="#sSpan3246" value="ⲛ̄"/>
		<feat xlink:href="#sSpan3252" value="ⲑ"/>
		<feat xlink:href="#sSpan3254" value="ⲉ"/>
		<feat xlink:href="#sSpan3256" value="ⲉⲧ"/>
		<feat xlink:href="#sSpan3260" value="ⲥⲏϩ"/>
		<feat xlink:href="#sSpan3262" value="ϫⲉ"/>
		<feat xlink:href="#sSpan3267" value="ⲡ"/>
		<feat xlink:href="#sSpan3270" value="ⲉⲧ"/>
		<feat xlink:href="#sSpan3272" value="ⲙⲓϣⲉ"/>
		<feat xlink:href="#sSpan3275" value="ⲉϫⲱ"/>
		<feat xlink:href="#sSpan3280" value="ⲕ"/>
		<feat xlink:href="#sSpan3282" value="ⲡⲉ"/>
		<feat xlink:href="#sSpan3286" value="ⲡⲉⲕ"/>
		<feat xlink:href="#sSpan3292" value="ⲃⲟⲏⲑⲟⲥ"/>
		<feat xlink:href="#sSpan3295" value=","/>
		<feat xlink:href="#sSpan3299" value="ⲁⲩⲱ"/>
		<feat xlink:href="#sSpan3304" value="ⲧ"/>
		<feat xlink:href="#sSpan3310" value="ⲥⲏϥⲉ"/>
		<feat xlink:href="#sSpan3312" value="ⲡⲉ"/>
		<feat xlink:href="#sSpan3316" value="ⲙ̄"/>
		<feat xlink:href="#sSpan3320" value="ⲡⲉⲕ"/>
		<feat xlink:href="#sSpan3324" value="ϣⲟⲩϣⲟⲩ"/>
		<feat xlink:href="#sSpan3327" value="ⲁⲩⲱ"/>
		<feat xlink:href="#sSpan3332" value="ⲡ"/>
		<feat xlink:href="#sSpan3337" value="ⲉⲟⲟⲩ"/>
		<feat xlink:href="#sSpan3339" value="ⲙ̄"/>
		<feat xlink:href="#sSpan3344" value="ⲡⲉ"/>
		<feat xlink:href="#sSpan3348" value="ⲥⲧⲉⲣⲉⲱⲙⲁ"/>
		<feat xlink:href="#sSpan3352" value="·"/>
		<feat xlink:href="#sSpan3356" value="ⲡ"/>
		<feat xlink:href="#sSpan3365" value="ⲉⲧ"/>
		<feat xlink:href="#sSpan3368" value="ⲛⲁ"/>
		<feat xlink:href="#sSpan3371" value="ⲙⲉⲣⲉ"/>
		<feat xlink:href="#sSpan3373" value="ⲡ"/>
		<feat xlink:href="#sSpan3377" value="ⲡⲉⲑⲟⲟⲩ"/>
		<feat xlink:href="#sSpan3382" value=","/>
		<feat xlink:href="#sSpan3386" value="ⲛ̄ⲧⲟϥ"/>
		<feat xlink:href="#sSpan3391" value="ⲡ"/>
		<feat xlink:href="#sSpan3397" value="ⲉⲧ"/>
		<feat xlink:href="#sSpan3399" value="ⲛⲁ"/>
		<feat xlink:href="#sSpan3401" value="ⲧⲁⲕⲟ̂"/>
		<feat xlink:href="#sSpan3403" value="·"/>
		<feat xlink:href="#sSpan3407" value="ⲁⲩⲱ"/>
		<feat xlink:href="#sSpan3413" value="ⲛ̄ⲧⲟϥ"/>
		<feat xlink:href="#sSpan3417" value="ⲡ"/>
		<feat xlink:href="#sSpan3422" value="ⲉⲧ"/>
		<feat xlink:href="#sSpan3427" value="ⲉⲣⲉ"/>
		<feat xlink:href="#sSpan3429" value="ⲡ"/>
		<feat xlink:href="#sSpan3433" value="ⲇⲓⲁⲃⲟⲗⲟⲥ"/>
		<feat xlink:href="#sSpan3437" value="ⲛⲁ"/>
		<feat xlink:href="#sSpan3441" value="ϭⲙ̄ϭⲟⲙ"/>
		<feat xlink:href="#sSpan3444" value="ⲉⲣⲟ"/>
		<feat xlink:href="#sSpan3449" value="ϥ"/>
		<feat xlink:href="#sSpan3451" value="ϩ︤ⲛ︥"/>
		<feat xlink:href="#sSpan3455" value="ⲛⲉϥ"/>
		<feat xlink:href="#sSpan3459" value="ϩⲃⲏⲩⲉ"/>
		<feat xlink:href="#sSpan3462" value="ⲙ̄"/>
		<feat xlink:href="#sSpan3467" value="ⲙ︤ⲛ︦ⲧ︥ⲣⲉϥϩⲉⲧⲃ̄ⲯⲩⲭⲏ"/>
		<feat xlink:href="#sSpan3477" value="·"/>
		<feat xlink:href="#sSpan3481" value="ⲡ"/>
		<feat xlink:href="#sSpan3488" value="ⲥⲟⲫⲟⲥ"/>
		<feat xlink:href="#sSpan3493" value="ⲇⲉ"/>
		<feat xlink:href="#sSpan3498" value="ⲛ̄ⲧⲟϥ"/>
		<feat xlink:href="#sSpan3502" value="ⲉⲧ"/>
		<feat xlink:href="#sSpan3506" value="ⲙⲉ"/>
		<feat xlink:href="#sSpan3509" value="ⲛ̄"/>
		<feat xlink:href="#sSpan3513" value="ⲧⲉ"/>
		<feat xlink:href="#sSpan3516" value="ⲥⲃⲱ̂"/>
		<feat xlink:href="#sSpan3518" value="."/>
		<feat xlink:href="#sSpan3522" value="ϥ"/>
		<feat xlink:href="#sSpan3527" value="ⲛⲁ"/>
		<feat xlink:href="#sSpan3529" value="ϣⲱⲡ⳿"/>
		<feat xlink:href="#sSpan3531" value="ⲉⲣⲟ"/>
		<feat xlink:href="#sSpan3536" value="ϥ"/>
		<feat xlink:href="#sSpan3538" value="ⲛ̄"/>
		<feat xlink:href="#sSpan3542" value="ⲧ"/>
		<feat xlink:href="#sSpan3546" value="ⲉⲛⲧⲟⲗⲏ̂"/>
		<feat xlink:href="#sSpan3551" value="·"/>
		<feat xlink:href="#sSpan3555" value="ⲁⲩⲱ"/>
		<feat xlink:href="#sSpan3560" value="ⲡ"/>
		<feat xlink:href="#sSpan3566" value="ⲣ︤ⲙ︥ⲛ̄ϩⲏⲧ"/>
		<feat xlink:href="#sSpan3571" value="ⲉⲧ"/>
		<feat xlink:href="#sSpan3576" value="ⲣ̄ϩⲟⲧⲉ"/>
		<feat xlink:href="#sSpan3580" value="ϩⲏⲧ︤"/>
		<feat xlink:href="#sSpan3584" value="ϥ︥"/>
		<feat xlink:href="#sSpan3586" value="ⲙ̄"/>
		<feat xlink:href="#sSpan3590" value="ⲡ"/>
		<feat xlink:href="#sSpan3594" value="ϫⲟⲉⲓⲥ"/>
		<feat xlink:href="#sSpan3597" value="·"/>
		<feat xlink:href="#sSpan3601" value="ⲛⲁ"/>
		<feat xlink:href="#sSpan3605" value="ϫⲡⲟ̂"/>
		<feat xlink:href="#sSpan3608" value="ⲛⲁ"/>
		<feat xlink:href="#sSpan3612" value="ϥ"/>
		<feat xlink:href="#sSpan3614" value="ⲛ̄"/>
		<feat xlink:href="#sSpan3618" value="ⲟⲩ"/>
		<feat xlink:href="#sSpan3622" value="ⲣ̄ϩ︤ⲙ︥ⲙⲉ"/>
		<feat xlink:href="#sSpan3626" value="·"/>
		<feat xlink:href="#sSpan3631" value="ⲡⲗⲏⲛ"/>
		<feat xlink:href="#sSpan3640" value="ⲙⲁⲣ"/>
		<feat xlink:href="#sSpan3644" value="ⲓ"/>
		<feat xlink:href="#sSpan3646" value="ⲥⲱⲧ︤ⲙ︥"/>
		<feat xlink:href="#sSpan3650" value="ϫⲉ"/>
		<feat xlink:href="#sSpan3654" value="ⲁⲣ"/>
		<feat xlink:href="#sSpan3657" value="ϯⲙ̄ⲧⲟⲛ"/>
		<feat xlink:href="#sSpan3662" value="ⲛ̄"/>
		<feat xlink:href="#sSpan3666" value="ⲛⲟⲩ"/>
		<feat xlink:href="#sSpan3669" value="ⲉⲓⲟⲧⲉ"/>
		<feat xlink:href="#sSpan3672" value="ⲉⲧ"/>
		<feat xlink:href="#sSpan3676" value="ϩ︤ⲙ︥"/>
		<feat xlink:href="#sSpan3678" value="ⲡ"/>
		<feat xlink:href="#sSpan3682" value="ⲙⲁ"/>
		<feat xlink:href="#sSpan3684" value="ⲛ︤ⲙ︥ⲙ"/>
		<feat xlink:href="#sSpan3689" value="ⲉ"/>
		<feat xlink:href="#sSpan3691" value="."/>
		<feat xlink:href="#sSpan3695" value="ⲁⲩⲱ"/>
		<feat xlink:href="#sSpan3701" value="ⲛ̄"/>
		<feat xlink:href="#sSpan3705" value="ⲧⲉ"/>
		<feat xlink:href="#sSpan3707" value="ⲥⲱⲧ︤ⲙ︥"/>
		<feat xlink:href="#sSpan3710" value="ⲛ̄ⲥⲱ"/>
		<feat xlink:href="#sSpan3714" value="ⲟⲩ"/>
		<feat xlink:href="#sSpan3716" value="ϩ︤ⲛ︥"/>
		<feat xlink:href="#sSpan3721" value="ϩⲱⲃ"/>
		<feat xlink:href="#sSpan3726" value="ⲛⲓⲙ"/>
		<feat xlink:href="#sSpan3730" value="·"/>
		<feat xlink:href="#sSpan3734" value="ⲧⲁⲣⲉ"/>
		<feat xlink:href="#sSpan3740" value="ⲡⲉⲛ"/>
		<feat xlink:href="#sSpan3743" value="ϩⲏⲧ"/>
		<feat xlink:href="#sSpan3745" value="ⲙ̄ⲧⲟⲛ"/>
		<feat xlink:href="#sSpan3751" value="·"/>
		<feat xlink:href="#sSpan3755" value="ⲁⲩⲱ"/>
		<feat xlink:href="#sSpan3760" value="ⲛ̄ⲧⲟ"/>
		<feat xlink:href="#sSpan3765" value="ϩⲱⲱ"/>
		<feat xlink:href="#sSpan3769" value="ⲧⲉ"/>
		<feat xlink:href="#sSpan3772" value="ⲛ̄"/>
		<feat xlink:href="#sSpan3777" value="ⲧⲉ"/>
		<feat xlink:href="#sSpan3779" value="ⲥⲉⲓ"/>
		<feat xlink:href="#sSpan3781" value="ⲙ̄"/>
		<feat xlink:href="#sSpan3785" value="ⲡⲟⲩ"/>
		<feat xlink:href="#sSpan3789" value="ⲧⲱⲧ"/>
		<feat xlink:href="#sSpan3792" value="ⲛ̄"/>
		<feat xlink:href="#sSpan3796" value="ϩⲏⲧ"/>
		<feat xlink:href="#sSpan3798" value="·"/>
		<feat xlink:href="#sSpan3804" value="ⲉϣⲱⲡⲉ"/>
		<feat xlink:href="#sSpan3815" value="ⲇⲉ"/>
		<feat xlink:href="#sSpan3820" value="ⲟⲛ"/>
		<feat xlink:href="#sSpan3824" value="·"/>
		<feat xlink:href="#sSpan3828" value="ⲉ"/>
		<feat xlink:href="#sSpan3833" value="ⲟⲩⲛ̄ⲧ"/>
		<feat xlink:href="#sSpan3835" value="ⲉ"/>
		<feat xlink:href="#sSpan3837" value="ⲟⲩ"/>
		<feat xlink:href="#sSpan3842" value="ϣⲁϫⲉ"/>
		<feat xlink:href="#sSpan3845" value="ⲉ"/>
		<feat xlink:href="#sSpan3849" value="ϫⲟⲟ"/>
		<feat xlink:href="#sSpan3852" value="ϥ"/>
		<feat xlink:href="#sSpan3854" value="."/>
		<feat xlink:href="#sSpan3858" value="ⲉⲓⲥ"/>
		<feat xlink:href="#sSpan3863" value="ⲛ̄"/>
		<feat xlink:href="#sSpan3868" value="ϩⲗ̄ⲗⲟⲉⲓ"/>
		<feat xlink:href="#sSpan3870" value="ⲛⲉⲛ"/>
		<feat xlink:href="#sSpan3875" value="ⲉⲓⲟⲧⲉ"/>
		<feat xlink:href="#sSpan3877" value="ⲁⲩⲱ"/>
		<feat xlink:href="#sSpan3882" value="ⲛⲉⲛ"/>
		<feat xlink:href="#sSpan3887" value="ⲥⲛⲏⲩ"/>
		<feat xlink:href="#sSpan3890" value="ⲁ"/>
		<feat xlink:href="#sSpan3895" value="ⲩ"/>
		<feat xlink:href="#sSpan3897" value="ⲉⲓ̂"/>
		<feat xlink:href="#sSpan3899" value="ϣⲁⲣⲱ"/>
		<feat xlink:href="#sSpan3903" value="ⲧⲛ̄"/>
		<feat xlink:href="#sSpan3906" value="·"/>
		<feat xlink:href="#sSpan3910" value="ⲧⲁⲩⲟⲩⲟ"/>
		<feat xlink:href="#sSpan3916" value="ϥ"/>
		<feat xlink:href="#sSpan3918" value="ⲉⲣⲟ"/>
		<feat xlink:href="#sSpan3923" value="ⲟⲩ"/>
		<feat xlink:href="#sSpan3927" value="·"/>
		<feat xlink:href="#sSpan3931" value="ⲁⲩⲱ"/>
		<feat xlink:href="#sSpan3935" value="ⲛ̄ⲧⲱⲧ︤ⲛ︥"/>
		<feat xlink:href="#sSpan3940" value="ⲧⲏⲣ"/>
		<feat xlink:href="#sSpan3944" value="ⲧ︤ⲛ︥"/>
		<feat xlink:href="#sSpan3946" value="·"/>
		<feat xlink:href="#sSpan3950" value="ⲡⲉ"/>
		<feat xlink:href="#sSpan3956" value="ⲟⲩⲛ̄ⲧⲏ"/>
		<feat xlink:href="#sSpan3960" value="ⲧ︤ⲛ︥"/>
		<feat xlink:href="#sSpan3962" value="ϣⲁϫⲉ"/>
		<feat xlink:href="#sSpan3968" value="ⲙ̄ⲙⲁⲩ"/>
		<feat xlink:href="#sSpan3973" value="ⲏ̇"/>
		<feat xlink:href="#sSpan3978" value="ⲗⲁⲁⲩ"/>
		<feat xlink:href="#sSpan3983" value="ⲛ̄"/>
		<feat xlink:href="#sSpan3987" value="ϩⲱⲃ"/>
		<feat xlink:href="#sSpan3989" value="·"/>
		<feat xlink:href="#sSpan3993" value="ϩ︤ⲙ︥"/>
		<feat xlink:href="#sSpan3998" value="ⲡⲉⲧ︤ⲛ︥"/>
		<feat xlink:href="#sSpan4001" value="ⲙⲁ"/>
		<feat xlink:href="#sSpan4003" value="·"/>
		<feat xlink:href="#sSpan4007" value="ⲙ̄ⲡⲣ̄"/>
		<feat xlink:href="#sSpan4013" value="ϭⲱ̂"/>
		<feat xlink:href="#sSpan4015" value="ⲛ̄"/>
		<feat xlink:href="#sSpan4019" value="ⲟⲩⲉϣ"/>
		<feat xlink:href="#sSpan4022" value="ⲛ̄"/>
		<feat xlink:href="#sSpan4026" value="ⲧⲁⲙⲟ"/>
		<feat xlink:href="#sSpan4029" value="ⲟⲩ"/>
		<feat xlink:href="#sSpan4031" value="ⲛ̄"/>
		<feat xlink:href="#sSpan4037" value="ⲧⲉⲧ︤ⲛ︥"/>
		<feat xlink:href="#sSpan4039" value="ⲧ︤ⲙ︥"/>
		<feat xlink:href="#sSpan4041" value="ϩⲉⲡ⳿"/>
		<feat xlink:href="#sSpan4044" value="ⲗⲁⲁⲩ"/>
		<feat xlink:href="#sSpan4048" value="ⲛ̄"/>
		<feat xlink:href="#sSpan4052" value="ϩⲱⲃ"/>
		<feat xlink:href="#sSpan4054" value="ⲉⲣⲟ"/>
		<feat xlink:href="#sSpan4059" value="ⲟⲩ"/>
		<feat xlink:href="#sSpan4062" value="·"/>
		<feat xlink:href="#sSpan4066" value="ϫⲉⲕⲁⲥ"/>
		<feat xlink:href="#sSpan4071" value="ⲉⲣⲉ"/>
		<feat xlink:href="#sSpan4076" value="ⲡⲉⲛ"/>
		<feat xlink:href="#sSpan4079" value="ϩⲏⲧ"/>
		<feat xlink:href="#sSpan4081" value="ⲛⲁ"/>
		<feat xlink:href="#sSpan4086" value="ⲙ̄ⲧⲟⲛ"/>
		<feat xlink:href="#sSpan4088" value="ⲧⲏⲣ︤"/>
		<feat xlink:href="#sSpan4093" value="ⲛ︥"/>
		<feat xlink:href="#sSpan4095" value="ϩⲓ"/>
		<feat xlink:href="#sSpan4099" value="ⲟⲩ"/>
		<feat xlink:href="#sSpan4101" value="ⲥⲟⲡ"/>
		<feat xlink:href="#sSpan4103" value="ⲁⲛⲟⲛ⳿"/>
		<feat xlink:href="#sSpan4108" value="ⲁⲩⲱ"/>
		<feat xlink:href="#sSpan4112" value="ⲛ̄ⲧⲱⲧ︤ⲛ︥"/>
		<feat xlink:href="#sSpan4118" value="·"/>
		<feat xlink:href="#sSpan4122" value="ⲁⲩⲱ"/>
		<feat xlink:href="#sSpan4127" value="ⲟⲛ"/>
		<feat xlink:href="#sSpan4132" value="ⲛ̄ⲧⲉ"/>
		<feat xlink:href="#sSpan4136" value="ⲡ"/>
		<feat xlink:href="#sSpan4139" value="ϫⲟⲉⲓⲥ"/>
		<feat xlink:href="#sSpan4142" value="ⲧⲱⲧ⳿"/>
		<feat xlink:href="#sSpan4146" value="ⲛ̄"/>
		<feat xlink:href="#sSpan4150" value="ϩⲏⲧ"/>
		<feat xlink:href="#sSpan4153" value="ⲉϫⲱ"/>
		<feat xlink:href="#sSpan4157" value="ⲛ"/>
		<feat xlink:href="#sSpan4159" value=":"/></featList></paula>