<?xml version='1.0' encoding='UTF-8'?><!DOCTYPE paula SYSTEM "paula_feat.dtd">
<paula version="1.1">
	<header paula_id="scriptorium.to_aphthonia.mark_pos"/>
	<featList xmlns:xlink="http://www.w3.org/1999/xlink" type="pos" xml:base="scriptorium.to_aphthonia.mark.xml">
		<feat xlink:href="#sSpan2" value="APST_PPERS"/>
		<feat xlink:href="#sSpan15" value="V"/>
		<feat xlink:href="#sSpan18" value="PREP"/>
		<feat xlink:href="#sSpan22" value="ART"/>
		<feat xlink:href="#sSpan26" value="N"/>
		<feat xlink:href="#sSpan28" value="ADV"/>
		<feat xlink:href="#sSpan33" value="PUNCT"/>
		<feat xlink:href="#sSpan37" value="CFOC"/>
		<feat xlink:href="#sSpan43" value="PPERS"/>
		<feat xlink:href="#sSpan45" value="V"/>
		<feat xlink:href="#sSpan47" value="PREP_PPERO"/>
		<feat xlink:href="#sSpan53" value="PPERI"/>
		<feat xlink:href="#sSpan58" value="NPROP"/>
		<feat xlink:href="#sSpan68" value="ART"/>
		<feat xlink:href="#sSpan72" value="N"/>
		<feat xlink:href="#sSpan74" value="PREP"/>
		<feat xlink:href="#sSpan79" value="ART"/>
		<feat xlink:href="#sSpan83" value="N"/>
		<feat xlink:href="#sSpan86" value="NPROP"/>
		<feat xlink:href="#sSpan91" value="PUNCT"/>
		<feat xlink:href="#sSpan96" value="CONJ"/>
		<feat xlink:href="#sSpan103" value="APST_PPERS"/>
		<feat xlink:href="#sSpan107" value="V"/>
		<feat xlink:href="#sSpan109" value="ART"/>
		<feat xlink:href="#sSpan112" value="N"/>
		<feat xlink:href="#sSpan114" value="CREL"/>
		<feat xlink:href="#sSpan119" value="APST"/>
		<feat xlink:href="#sSpan121" value="PPERS"/>
		<feat xlink:href="#sSpan123" value="V"/>
		<feat xlink:href="#sSpan126" value="PPERO"/>
		<feat xlink:href="#sSpan128" value="PREP"/>
		<feat xlink:href="#sSpan132" value="PPERO"/>
		<feat xlink:href="#sSpan135" value="PREP"/>
		<feat xlink:href="#sSpan140" value="ART"/>
		<feat xlink:href="#sSpan143" value="N"/>
		<feat xlink:href="#sSpan145" value="CONJ"/>
		<feat xlink:href="#sSpan151" value="PREP"/>
		<feat xlink:href="#sSpan155" value="ART"/>
		<feat xlink:href="#sSpan159" value="N"/>
		<feat xlink:href="#sSpan162" value="PUNCT"/>
		<feat xlink:href="#sSpan166" value="PREP"/>
		<feat xlink:href="#sSpan170" value="PPOS"/>
		<feat xlink:href="#sSpan173" value="N"/>
		<feat xlink:href="#sSpan176" value="PREP"/>
		<feat xlink:href="#sSpan180" value="PPOS"/>
		<feat xlink:href="#sSpan183" value="N"/>
		<feat xlink:href="#sSpan187" value="PUNCT"/>
		<feat xlink:href="#sSpan191" value="CONJ"/>
		<feat xlink:href="#sSpan199" value="ANEGPST"/>
		<feat xlink:href="#sSpan202" value="PPOS"/>
		<feat xlink:href="#sSpan205" value="N"/>
		<feat xlink:href="#sSpan207" value="V"/>
		<feat xlink:href="#sSpan212" value="PUNCT"/>
		<feat xlink:href="#sSpan216" value="CPRET_PPERS"/>
		<feat xlink:href="#sSpan220" value="FUT"/>
		<feat xlink:href="#sSpan222" value="V"/>
		<feat xlink:href="#sSpan225" value="ART"/>
		<feat xlink:href="#sSpan228" value="N"/>
		<feat xlink:href="#sSpan230" value="NEG"/>
		<feat xlink:href="#sSpan234" value="CREL"/>
		<feat xlink:href="#sSpan239" value="PPERS"/>
		<feat xlink:href="#sSpan241" value="PREP"/>
		<feat xlink:href="#sSpan243" value="PPERO"/>
		<feat xlink:href="#sSpan245" value="PUNCT"/>
		<feat xlink:href="#sSpan250" value="CONJ"/>
		<feat xlink:href="#sSpan255" value="CPRET_PPERS"/>
		<feat xlink:href="#sSpan259" value="FUT"/>
		<feat xlink:href="#sSpan261" value="V"/>
		<feat xlink:href="#sSpan263" value="ART"/>
		<feat xlink:href="#sSpan267" value="N"/>
		<feat xlink:href="#sSpan269" value="CREL"/>
		<feat xlink:href="#sSpan273" value="PREP"/>
		<feat xlink:href="#sSpan276" value="ART"/>
		<feat xlink:href="#sSpan279" value="N"/>
		<feat xlink:href="#sSpan281" value="PREP"/>
		<feat xlink:href="#sSpan286" value="PPERO"/>
		<feat xlink:href="#sSpan288" value="PUNCT"/>
		<feat xlink:href="#sSpan293" value="PPERS"/>
		<feat xlink:href="#sSpan302" value="V"/>
		<feat xlink:href="#sSpan305" value="PTC"/>
		<feat xlink:href="#sSpan310" value="PREP_PPERO"/>
		<feat xlink:href="#sSpan314" value="PREP"/>
		<feat xlink:href="#sSpan318" value="PPOS"/>
		<feat xlink:href="#sSpan322" value="N"/>
		<feat xlink:href="#sSpan324" value="CONJ"/>
		<feat xlink:href="#sSpan329" value="NPROP"/>
		<feat xlink:href="#sSpan333" value="PUNCT"/>
		<feat xlink:href="#sSpan337" value="PPERS"/>
		<feat xlink:href="#sSpan342" value="V"/>
		<feat xlink:href="#sSpan346" value="PTC"/>
		<feat xlink:href="#sSpan350" value="PREP_PPERO"/>
		<feat xlink:href="#sSpan355" value="IMOD"/>
		<feat xlink:href="#sSpan360" value="PPERO"/>
		<feat xlink:href="#sSpan362" value="PUNCT"/>
		<feat xlink:href="#sSpan366" value="CONJ"/>
		<feat xlink:href="#sSpan373" value="PPERS"/>
		<feat xlink:href="#sSpan377" value="VSTAT"/>
		<feat xlink:href="#sSpan379" value="PREP"/>
		<feat xlink:href="#sSpan384" value="N"/>
		<feat xlink:href="#sSpan388" value="PREP_PPERO"/>
		<feat xlink:href="#sSpan393" value="IMOD_PPERO"/>
		<feat xlink:href="#sSpan398" value="PUNCT"/>
		<feat xlink:href="#sSpan402" value="CFOC_PPERS"/>
		<feat xlink:href="#sSpan407" value="V"/>
		<feat xlink:href="#sSpan409" value="PREP"/>
		<feat xlink:href="#sSpan413" value="V"/>
		<feat xlink:href="#sSpan418" value="PPOS"/>
		<feat xlink:href="#sSpan422" value="N"/>
		<feat xlink:href="#sSpan425" value="CREL"/>
		<feat xlink:href="#sSpan429" value="NEG"/>
		<feat xlink:href="#sSpan431" value="ART"/>
		<feat xlink:href="#sSpan435" value="N"/>
		<feat xlink:href="#sSpan439" value="IMOD"/>
		<feat xlink:href="#sSpan443" value="PPERO"/>
		<feat xlink:href="#sSpan445" value="V"/>
		<feat xlink:href="#sSpan450" value="PREP"/>
		<feat xlink:href="#sSpan454" value="PPERO"/>
		<feat xlink:href="#sSpan456" value="NEG"/>
		<feat xlink:href="#sSpan462" value="PUNCT"/>
		<feat xlink:href="#sSpan466" value="CONJ"/>
		<feat xlink:href="#sSpan472" value="PREP"/>
		<feat xlink:href="#sSpan476" value="V"/>
		<feat xlink:href="#sSpan479" value="PREP"/>
		<feat xlink:href="#sSpan483" value="PPOS"/>
		<feat xlink:href="#sSpan486" value="N"/>
		<feat xlink:href="#sSpan488" value="PREP"/>
		<feat xlink:href="#sSpan493" value="ART"/>
		<feat xlink:href="#sSpan496" value="N"/>
		<feat xlink:href="#sSpan498" value="PUNCT"/>
		<feat xlink:href="#sSpan502" value="ADV"/>
		<feat xlink:href="#sSpan510" value="CONJ"/>
		<feat xlink:href="#sSpan514" value="APST_PPERS"/>
		<feat xlink:href="#sSpan516" value="V"/>
		<feat xlink:href="#sSpan519" value="ART"/>
		<feat xlink:href="#sSpan523" value="N"/>
		<feat xlink:href="#sSpan525" value="PREP"/>
		<feat xlink:href="#sSpan529" value="ART"/>
		<feat xlink:href="#sSpan533" value="NPROP"/>
		<feat xlink:href="#sSpan536" value="ADV"/>
		<feat xlink:href="#sSpan540" value="PREP_PPERO"/>
		<feat xlink:href="#sSpan545" value="PREP"/>
		<feat xlink:href="#sSpan549" value="ACAUS"/>
		<feat xlink:href="#sSpan551" value="PPERS"/>
		<feat xlink:href="#sSpan553" value="V"/>
		<feat xlink:href="#sSpan556" value="PREP"/>
		<feat xlink:href="#sSpan560" value="PPOS"/>
		<feat xlink:href="#sSpan563" value="N"/>
		<feat xlink:href="#sSpan566" value="PUNCT"/>
		<feat xlink:href="#sSpan570" value="CONJ"/>
		<feat xlink:href="#sSpan574" value="ACONJ"/>
		<feat xlink:href="#sSpan578" value="PPERS"/>
		<feat xlink:href="#sSpan580" value="V"/>
		<feat xlink:href="#sSpan583" value="PPERO"/>
		<feat xlink:href="#sSpan585" value="PREP"/>
		<feat xlink:href="#sSpan589" value="ART"/>
		<feat xlink:href="#sSpan592" value="N"/>
		<feat xlink:href="#sSpan594" value="PREP"/>
		<feat xlink:href="#sSpan598" value="PDEM"/>
		<feat xlink:href="#sSpan601" value="N"/>
		<feat xlink:href="#sSpan604" value="CREL"/>
		<feat xlink:href="#sSpan608" value="VSTAT"/>
		<feat xlink:href="#sSpan610" value="PREP"/>
		<feat xlink:href="#sSpan614" value="N"/>
		<feat xlink:href="#sSpan619" value="PUNCT"/>
		<feat xlink:href="#sSpan623" value="ART"/>
		<feat xlink:href="#sSpan632" value="N"/>
		<feat xlink:href="#sSpan634" value="CONJ"/>
		<feat xlink:href="#sSpan639" value="ART"/>
		<feat xlink:href="#sSpan645" value="N"/>
		<feat xlink:href="#sSpan648" value="CREL"/>
		<feat xlink:href="#sSpan653" value="EXIST"/>
		<feat xlink:href="#sSpan655" value="N"/>
		<feat xlink:href="#sSpan658" value="PREP"/>
		<feat xlink:href="#sSpan663" value="PPERO"/>
		<feat xlink:href="#sSpan666" value="PUNCT"/>
		<feat xlink:href="#sSpan670" value="CONJ"/>
		<feat xlink:href="#sSpan676" value="EXIST"/>
		<feat xlink:href="#sSpan680" value="N"/>
		<feat xlink:href="#sSpan685" value="PTC"/>
		<feat xlink:href="#sSpan689" value="PREP_PPERO"/>
		<feat xlink:href="#sSpan693" value="PUNCT"/>
		<feat xlink:href="#sSpan697" value="CONJ"/>
		<feat xlink:href="#sSpan702" value="APST"/>
		<feat xlink:href="#sSpan706" value="PPERS"/>
		<feat xlink:href="#sSpan708" value="V"/>
		<feat xlink:href="#sSpan710" value="PREP"/>
		<feat xlink:href="#sSpan715" value="PPERO"/>
		<feat xlink:href="#sSpan717" value="ADV"/>
		<feat xlink:href="#sSpan721" value="PPERS"/>
		<feat xlink:href="#sSpan726" value="VSTAT"/>
		<feat xlink:href="#sSpan728" value="PREP"/>
		<feat xlink:href="#sSpan733" value="V"/>
		<feat xlink:href="#sSpan737" value="PREP"/>
		<feat xlink:href="#sSpan741" value="V"/>
		<feat xlink:href="#sSpan743" value="CONJ"/>
		<feat xlink:href="#sSpan747" value="CFOC"/>
		<feat xlink:href="#sSpan750" value="PPERS"/>
		<feat xlink:href="#sSpan752" value="VSTAT"/>
		<feat xlink:href="#sSpan754" value="PREP"/>
		<feat xlink:href="#sSpan758" value="PINT"/>
		<feat xlink:href="#sSpan760" value="PREP"/>
		<feat xlink:href="#sSpan765" value="N"/>
		<feat xlink:href="#sSpan767" value="ADV"/>
		<feat xlink:href="#sSpan771" value="PREP"/>
		<feat xlink:href="#sSpan776" value="PPOS"/>
		<feat xlink:href="#sSpan779" value="N"/>
		<feat xlink:href="#sSpan781" value="PUNCT"/>
		<feat xlink:href="#sSpan786" value="ADV"/>
		<feat xlink:href="#sSpan796" value="CCIRC"/>
		<feat xlink:href="#sSpan800" value="APST_PPERS"/>
		<feat xlink:href="#sSpan802" value="V"/>
		<feat xlink:href="#sSpan805" value="PREP"/>
		<feat xlink:href="#sSpan809" value="PPOS"/>
		<feat xlink:href="#sSpan812" value="N"/>
		<feat xlink:href="#sSpan815" value="PREP"/>
		<feat xlink:href="#sSpan819" value="PPOS"/>
		<feat xlink:href="#sSpan822" value="N"/>
		<feat xlink:href="#sSpan825" value="PUNCT"/>
		<feat xlink:href="#sSpan829" value="CONJ"/>
		<feat xlink:href="#sSpan833" value="APST"/>
		<feat xlink:href="#sSpan835" value="PPERS"/>
		<feat xlink:href="#sSpan837" value="V"/>
		<feat xlink:href="#sSpan840" value="PREP"/>
		<feat xlink:href="#sSpan844" value="PPERO"/>
		<feat xlink:href="#sSpan846" value="PUNCT"/>
		<feat xlink:href="#sSpan851" value="CONJ"/>
		<feat xlink:href="#sSpan856" value="CONJ"/>
		<feat xlink:href="#sSpan860" value="APST"/>
		<feat xlink:href="#sSpan862" value="PPERS"/>
		<feat xlink:href="#sSpan864" value="V"/>
		<feat xlink:href="#sSpan867" value="PREP"/>
		<feat xlink:href="#sSpan872" value="PPERO"/>
		<feat xlink:href="#sSpan875" value="PUNCT"/>
		<feat xlink:href="#sSpan879" value="CFOC_PPERS"/>
		<feat xlink:href="#sSpan886" value="V"/>
		<feat xlink:href="#sSpan890" value="CCIRC"/>
		<feat xlink:href="#sSpan894" value="ANEGPST"/>
		<feat xlink:href="#sSpan896" value="PPERS"/>
		<feat xlink:href="#sSpan898" value="V"/>
		<feat xlink:href="#sSpan901" value="PREP"/>
		<feat xlink:href="#sSpan905" value="PPERO"/>
		<feat xlink:href="#sSpan908" value="CONJ"/>
		<feat xlink:href="#sSpan913" value="ANEGPST"/>
		<feat xlink:href="#sSpan917" value="PPERS"/>
		<feat xlink:href="#sSpan919" value="V"/>
		<feat xlink:href="#sSpan922" value="PREP_PPERO"/>
		<feat xlink:href="#sSpan926" value="PUNCT"/>
		<feat xlink:href="#sSpan930" value="CFOC"/>
		<feat xlink:href="#sSpan937" value="APST"/>
		<feat xlink:href="#sSpan939" value="PPERS"/>
		<feat xlink:href="#sSpan941" value="V"/>
		<feat xlink:href="#sSpan943" value="PREP"/>
		<feat xlink:href="#sSpan948" value="PPERO"/>
		<feat xlink:href="#sSpan950" value="CONJ"/>
		<feat xlink:href="#sSpan954" value="APST"/>
		<feat xlink:href="#sSpan956" value="PPERS"/>
		<feat xlink:href="#sSpan958" value="V"/>
		<feat xlink:href="#sSpan961" value="PREP"/>
		<feat xlink:href="#sSpan965" value="PPERO"/>
		<feat xlink:href="#sSpan967" value="ART"/>
		<feat xlink:href="#sSpan973" value="N"/>
		<feat xlink:href="#sSpan977" value="PREP"/>
		<feat xlink:href="#sSpan981" value="ART"/>
		<feat xlink:href="#sSpan983" value="ACAUS"/>
		<feat xlink:href="#sSpan986" value="V"/>
		<feat xlink:href="#sSpan989" value="PREP"/>
		<feat xlink:href="#sSpan993" value="ART"/>
		<feat xlink:href="#sSpan997" value="N"/>
		<feat xlink:href="#sSpan1000" value="ACONJ"/>
		<feat xlink:href="#sSpan1004" value="PPERS"/>
		<feat xlink:href="#sSpan1006" value="V"/>
		<feat xlink:href="#sSpan1008" value="N"/>
		<feat xlink:href="#sSpan1010" value="PPERO"/>
		<feat xlink:href="#sSpan1013" value="PREP"/>
		<feat xlink:href="#sSpan1017" value="N"/>
		<feat xlink:href="#sSpan1021" value="PPERO"/>
		<feat xlink:href="#sSpan1023" value="PREP"/>
		<feat xlink:href="#sSpan1028" value="PPOS"/>
		<feat xlink:href="#sSpan1031" value="N"/>
		<feat xlink:href="#sSpan1033" value="V"/>
		<feat xlink:href="#sSpan1038" value="PREP"/>
		<feat xlink:href="#sSpan1042" value="N"/>
		<feat xlink:href="#sSpan1044" value="PUNCT"/>
		<feat xlink:href="#sSpan1048" value="CFOC"/>
		<feat xlink:href="#sSpan1057" value="APST_PPERS"/>
		<feat xlink:href="#sSpan1059" value="V"/>
		<feat xlink:href="#sSpan1062" value="PREP"/>
		<feat xlink:href="#sSpan1067" value="PINT"/>
		<feat xlink:href="#sSpan1069" value="CCIRC_PPERS"/>
		<feat xlink:href="#sSpan1074" value="V"/>
		<feat xlink:href="#sSpan1079" value="PREP"/>
		<feat xlink:href="#sSpan1083" value="PPERO"/>
		<feat xlink:href="#sSpan1085" value="PUNCT"/>
		<feat xlink:href="#sSpan1089" value="APST"/>
		<feat xlink:href="#sSpan1094" value="PPERS"/>
		<feat xlink:href="#sSpan1096" value="V"/>
		<feat xlink:href="#sSpan1099" value="ADV"/>
		<feat xlink:href="#sSpan1104" value="PUNCT"/>
		<feat xlink:href="#sSpan1109" value="CONJ"/>
		<feat xlink:href="#sSpan1114" value="CCIRC"/>
		<feat xlink:href="#sSpan1118" value="ANEGPST"/>
		<feat xlink:href="#sSpan1120" value="PPERS"/>
		<feat xlink:href="#sSpan1122" value="V"/>
		<feat xlink:href="#sSpan1125" value="PPERO"/>
		<feat xlink:href="#sSpan1127" value="PREP"/>
		<feat xlink:href="#sSpan1131" value="PPERO"/>
		<feat xlink:href="#sSpan1134" value="PUNCT"/>
		<feat xlink:href="#sSpan1138" value="ACOND"/>
		<feat xlink:href="#sSpan1144" value="V"/>
		<feat xlink:href="#sSpan1147" value="PPERO"/>
		<feat xlink:href="#sSpan1149" value="PREP"/>
		<feat xlink:href="#sSpan1153" value="PPOS"/>
		<feat xlink:href="#sSpan1157" value="N"/>
		<feat xlink:href="#sSpan1160" value="PREP"/>
		<feat xlink:href="#sSpan1164" value="PPOS"/>
		<feat xlink:href="#sSpan1167" value="N"/>
		<feat xlink:href="#sSpan1171" value="PUNCT"/>
		<feat xlink:href="#sSpan1176" value="CFOC"/>
		<feat xlink:href="#sSpan1180" value="PPERS"/>
		<feat xlink:href="#sSpan1183" value="V"/>
		<feat xlink:href="#sSpan1189" value="PUNCT"/>
		<feat xlink:href="#sSpan1194" value="ADV"/>
		<feat xlink:href="#sSpan1201" value="CCIRC_PPERS"/>
		<feat xlink:href="#sSpan1206" value="V"/>
		<feat xlink:href="#sSpan1209" value="PUNCT"/>
		<feat xlink:href="#sSpan1214" value="NEG"/>
		<feat xlink:href="#sSpan1222" value="PTC"/>
		<feat xlink:href="#sSpan1224" value="PPERS"/>
		<feat xlink:href="#sSpan1228" value="V"/>
		<feat xlink:href="#sSpan1231" value="PREP"/>
		<feat xlink:href="#sSpan1235" value="ACAUS"/>
		<feat xlink:href="#sSpan1237" value="PPERS"/>
		<feat xlink:href="#sSpan1239" value="V"/>
		<feat xlink:href="#sSpan1242" value="PPERO"/>
		<feat xlink:href="#sSpan1244" value="PREP"/>
		<feat xlink:href="#sSpan1248" value="PPOS"/>
		<feat xlink:href="#sSpan1252" value="N"/>
		<feat xlink:href="#sSpan1255" value="PREP"/>
		<feat xlink:href="#sSpan1260" value="N"/>
		<feat xlink:href="#sSpan1264" value="CREL"/>
		<feat xlink:href="#sSpan1268" value="PPERS"/>
		<feat xlink:href="#sSpan1270" value="V"/>
		<feat xlink:href="#sSpan1273" value="PREP"/>
		<feat xlink:href="#sSpan1277" value="PPERO"/>
		<feat xlink:href="#sSpan1279" value="PUNCT"/>
		<feat xlink:href="#sSpan1283" value="PREP"/>
		<feat xlink:href="#sSpan1288" value="PPOS"/>
		<feat xlink:href="#sSpan1291" value="N"/>
		<feat xlink:href="#sSpan1293" value="PREP"/>
		<feat xlink:href="#sSpan1298" value="PPOS"/>
		<feat xlink:href="#sSpan1302" value="N"/>
		<feat xlink:href="#sSpan1305" value="PUNCT"/>
		<feat xlink:href="#sSpan1309" value="ART"/>
		<feat xlink:href="#sSpan1320" value="N"/>
		<feat xlink:href="#sSpan1322" value="ADV"/>
		<feat xlink:href="#sSpan1326" value="CREL"/>
		<feat xlink:href="#sSpan1331" value="V"/>
		<feat xlink:href="#sSpan1333" value="PREP"/>
		<feat xlink:href="#sSpan1337" value="N"/>
		<feat xlink:href="#sSpan1341" value="PREP"/>
		<feat xlink:href="#sSpan1345" value="ART"/>
		<feat xlink:href="#sSpan1347" value="N"/>
		<feat xlink:href="#sSpan1349" value="PREP"/>
		<feat xlink:href="#sSpan1354" value="ART"/>
		<feat xlink:href="#sSpan1357" value="CREL"/>
		<feat xlink:href="#sSpan1359" value="PREP"/>
		<feat xlink:href="#sSpan1361" value="ART"/>
		<feat xlink:href="#sSpan1364" value="N"/>
		<feat xlink:href="#sSpan1367" value="PREP"/>
		<feat xlink:href="#sSpan1371" value="ART"/>
		<feat xlink:href="#sSpan1374" value="N"/>
		<feat xlink:href="#sSpan1376" value="PUNCT"/>
		<feat xlink:href="#sSpan1380" value="CONJ"/>
		<feat xlink:href="#sSpan1385" value="PREP"/>
		<feat xlink:href="#sSpan1389" value="ART"/>
		<feat xlink:href="#sSpan1391" value="N"/>
		<feat xlink:href="#sSpan1393" value="PREP"/>
		<feat xlink:href="#sSpan1397" value="PDEM"/>
		<feat xlink:href="#sSpan1400" value="N"/>
		<feat xlink:href="#sSpan1403" value="PUNCT"/>
		<feat xlink:href="#sSpan1407" value="CREL"/>
		<feat xlink:href="#sSpan1411" value="EXIST"/>
		<feat xlink:href="#sSpan1413" value="N"/>
		<feat xlink:href="#sSpan1417" value="PREP"/>
		<feat xlink:href="#sSpan1421" value="PPERO"/>
		<feat xlink:href="#sSpan1423" value="PUNCT"/>
		<feat xlink:href="#sSpan1427" value="ADV"/>
		<feat xlink:href="#sSpan1435" value="PINT"/>
		<feat xlink:href="#sSpan1439" value="CONJ"/>
		<feat xlink:href="#sSpan1444" value="CFOC"/>
		<feat xlink:href="#sSpan1447" value="PPOS"/>
		<feat xlink:href="#sSpan1450" value="N"/>
		<feat xlink:href="#sSpan1453" value="PREP"/>
		<feat xlink:href="#sSpan1457" value="N"/>
		<feat xlink:href="#sSpan1459" value="PREP"/>
		<feat xlink:href="#sSpan1463" value="ART"/>
		<feat xlink:href="#sSpan1467" value="N"/>
		<feat xlink:href="#sSpan1469" value="FUT"/>
		<feat xlink:href="#sSpan1474" value="V"/>
		<feat xlink:href="#sSpan1476" value="PREP"/>
		<feat xlink:href="#sSpan1480" value="PPOS"/>
		<feat xlink:href="#sSpan1484" value="N"/>
		<feat xlink:href="#sSpan1486" value="ADV"/>
		<feat xlink:href="#sSpan1491" value="PREP"/>
		<feat xlink:href="#sSpan1495" value="PDEM"/>
		<feat xlink:href="#sSpan1498" value="N"/>
		<feat xlink:href="#sSpan1501" value="PUNCT"/>
		<feat xlink:href="#sSpan1505" value="ACONJ"/>
		<feat xlink:href="#sSpan1509" value="PPERS"/>
		<feat xlink:href="#sSpan1511" value="NEG"/>
		<feat xlink:href="#sSpan1513" value="V"/>
		<feat xlink:href="#sSpan1516" value="PPERI"/>
		<feat xlink:href="#sSpan1520" value="PREP"/>
		<feat xlink:href="#sSpan1525" value="ART"/>
		<feat xlink:href="#sSpan1528" value="N"/>
		<feat xlink:href="#sSpan1531" value="PUNCT"/>
		<feat xlink:href="#sSpan1535" value="PTC"/>
		<feat xlink:href="#sSpan1544" value="APST"/>
		<feat xlink:href="#sSpan1548" value="PPERS"/>
		<feat xlink:href="#sSpan1550" value="V"/>
		<feat xlink:href="#sSpan1552" value="PREP"/>
		<feat xlink:href="#sSpan1558" value="N"/>
		<feat xlink:href="#sSpan1561" value="ADV"/>
		<feat xlink:href="#sSpan1566" value="CONJ"/>
		<feat xlink:href="#sSpan1571" value="APST"/>
		<feat xlink:href="#sSpan1575" value="PPERS"/>
		<feat xlink:href="#sSpan1577" value="V"/>
		<feat xlink:href="#sSpan1580" value="CONJ"/>
		<feat xlink:href="#sSpan1585" value="APST"/>
		<feat xlink:href="#sSpan1589" value="PPERS"/>
		<feat xlink:href="#sSpan1592" value="V"/>
		<feat xlink:href="#sSpan1594" value="PREP_PPERO"/>
		<feat xlink:href="#sSpan1600" value="PUNCT"/>
		<feat xlink:href="#sSpan1604" value="CPRET_PPERS"/>
		<feat xlink:href="#sSpan1608" value="VSTAT"/>
		<feat xlink:href="#sSpan1610" value="COP"/>
		<feat xlink:href="#sSpan1615" value="PREP"/>
		<feat xlink:href="#sSpan1619" value="V"/>
		<feat xlink:href="#sSpan1621" value="PPERO"/>
		<feat xlink:href="#sSpan1623" value="PREP"/>
		<feat xlink:href="#sSpan1628" value="PPOS"/>
		<feat xlink:href="#sSpan1631" value="N"/>
		<feat xlink:href="#sSpan1633" value="PUNCT"/>
		<feat xlink:href="#sSpan1637" value="AFUTCONJ"/>
		<feat xlink:href="#sSpan1644" value="PPERS"/>
		<feat xlink:href="#sSpan1646" value="V"/>
		<feat xlink:href="#sSpan1648" value="CONJ"/>
		<feat xlink:href="#sSpan1652" value="CFOC_PPERS"/>
		<feat xlink:href="#sSpan1656" value="V"/>
		<feat xlink:href="#sSpan1659" value="PUNCT"/>
		<feat xlink:href="#sSpan1663" value="CONJ"/>
		<feat xlink:href="#sSpan1669" value="PTC"/>
		<feat xlink:href="#sSpan1674" value="PUNCT"/>
		<feat xlink:href="#sSpan1679" value="CONJ"/>
		<feat xlink:href="#sSpan1685" value="ACONJ"/>
		<feat xlink:href="#sSpan1689" value="PPERS"/>
		<feat xlink:href="#sSpan1692" value="V"/>
		<feat xlink:href="#sSpan1695" value="PPOS"/>
		<feat xlink:href="#sSpan1698" value="N"/>
		<feat xlink:href="#sSpan1701" value="CREL"/>
		<feat xlink:href="#sSpan1705" value="PREP"/>
		<feat xlink:href="#sSpan1707" value="ART"/>
		<feat xlink:href="#sSpan1710" value="N"/>
		<feat xlink:href="#sSpan1712" value="PREP_PPERO"/>
		<feat xlink:href="#sSpan1718" value="PUNCT"/>
		<feat xlink:href="#sSpan1722" value="CONJ"/>
		<feat xlink:href="#sSpan1729" value="CFOC_PPERS"/>
		<feat xlink:href="#sSpan1733" value="V"/>
		<feat xlink:href="#sSpan1736" value="PREP"/>
		<feat xlink:href="#sSpan1740" value="PPERO"/>
		<feat xlink:href="#sSpan1742" value="NEG"/>
		<feat xlink:href="#sSpan1746" value="ADV"/>
		<feat xlink:href="#sSpan1751" value="PREP"/>
		<feat xlink:href="#sSpan1755" value="PPOS"/>
		<feat xlink:href="#sSpan1758" value="N"/>
		<feat xlink:href="#sSpan1761" value="CONJ"/>
		<feat xlink:href="#sSpan1765" value="N"/>
		<feat xlink:href="#sSpan1770" value="PUNCT"/>
		<feat xlink:href="#sSpan1774" value="CFOC"/>
		<feat xlink:href="#sSpan1780" value="PPOS"/>
		<feat xlink:href="#sSpan1783" value="N"/>
		<feat xlink:href="#sSpan1787" value="PTC"/>
		<feat xlink:href="#sSpan1791" value="VSTAT"/>
		<feat xlink:href="#sSpan1795" value="PREP"/>
		<feat xlink:href="#sSpan1800" value="N"/>
		<feat xlink:href="#sSpan1802" value="PREP"/>
		<feat xlink:href="#sSpan1808" value="PPERO"/>
		<feat xlink:href="#sSpan1810" value="PUNCT"/>
		<feat xlink:href="#sSpan1814" value="PREP"/>
		<feat xlink:href="#sSpan1821" value="ART"/>
		<feat xlink:href="#sSpan1823" value="N"/>
		<feat xlink:href="#sSpan1825" value="CREL"/>
		<feat xlink:href="#sSpan1829" value="VSTAT"/>
		<feat xlink:href="#sSpan1831" value="CONJ"/>
		<feat xlink:href="#sSpan1838" value="PDEM"/>
		<feat xlink:href="#sSpan1842" value="N"/>
		<feat xlink:href="#sSpan1844" value="V"/>
		<feat xlink:href="#sSpan1849" value="PREP"/>
		<feat xlink:href="#sSpan1853" value="PPERO"/>
		<feat xlink:href="#sSpan1855" value="PREP"/>
		<feat xlink:href="#sSpan1860" value="PPOS"/>
		<feat xlink:href="#sSpan1863" value="N"/>
		<feat xlink:href="#sSpan1866" value="PUNCT"/>
		<feat xlink:href="#sSpan1870" value="PPOS"/>
		<feat xlink:href="#sSpan1875" value="N"/>
		<feat xlink:href="#sSpan1879" value="PTC"/>
		<feat xlink:href="#sSpan1884" value="VSTAT"/>
		<feat xlink:href="#sSpan1888" value="PREP"/>
		<feat xlink:href="#sSpan1892" value="ART"/>
		<feat xlink:href="#sSpan1894" value="N"/>
		<feat xlink:href="#sSpan1897" value="PREP"/>
		<feat xlink:href="#sSpan1901" value="PPERO"/>
		<feat xlink:href="#sSpan1903" value="PUNCT"/>
		<feat xlink:href="#sSpan1907" value="CONJ"/>
		<feat xlink:href="#sSpan1916" value="ANEGPST"/>
		<feat xlink:href="#sSpan1918" value="PPOS"/>
		<feat xlink:href="#sSpan1922" value="N"/>
		<feat xlink:href="#sSpan1926" value="PTC"/>
		<feat xlink:href="#sSpan1930" value="PREP"/>
		<feat xlink:href="#sSpan1935" value="N"/>
		<feat xlink:href="#sSpan1940" value="V"/>
		<feat xlink:href="#sSpan1945" value="PREP_PPERO"/>
		<feat xlink:href="#sSpan1952" value="PUNCT"/>
		<feat xlink:href="#sSpan1956" value="CPRET_PPERS"/>
		<feat xlink:href="#sSpan1960" value="FUT"/>
		<feat xlink:href="#sSpan1963" value="V"/>
		<feat xlink:href="#sSpan1966" value="COP"/>
		<feat xlink:href="#sSpan1970" value="PREP"/>
		<feat xlink:href="#sSpan1975" value="PPOS"/>
		<feat xlink:href="#sSpan1978" value="N"/>
		<feat xlink:href="#sSpan1980" value="CREL"/>
		<feat xlink:href="#sSpan1985" value="PREP"/>
		<feat xlink:href="#sSpan1987" value="ART"/>
		<feat xlink:href="#sSpan1991" value="N"/>
		<feat xlink:href="#sSpan1994" value="PREP"/>
		<feat xlink:href="#sSpan1998" value="PPERO"/>
		<feat xlink:href="#sSpan2000" value="PUNCT"/>
		<feat xlink:href="#sSpan2005" value="CONJ"/>
		<feat xlink:href="#sSpan2012" value="CPRET_PPERS"/>
		<feat xlink:href="#sSpan2016" value="FUT"/>
		<feat xlink:href="#sSpan2018" value="V"/>
		<feat xlink:href="#sSpan2020" value="PREP"/>
		<feat xlink:href="#sSpan2025" value="ART"/>
		<feat xlink:href="#sSpan2028" value="N"/>
		<feat xlink:href="#sSpan2030" value="PUNCT"/>
		<feat xlink:href="#sSpan2034" value="CREL_PPERS"/>
		<feat xlink:href="#sSpan2039" value="VSTAT"/>
		<feat xlink:href="#sSpan2041" value="PREP"/>
		<feat xlink:href="#sSpan2046" value="PPERO"/>
		<feat xlink:href="#sSpan2048" value="PREP"/>
		<feat xlink:href="#sSpan2052" value="PPOS"/>
		<feat xlink:href="#sSpan2057" value="N"/>
		<feat xlink:href="#sSpan2062" value="PUNCT"/>
		<feat xlink:href="#sSpan2066" value="PREP"/>
		<feat xlink:href="#sSpan2071" value="PPOS"/>
		<feat xlink:href="#sSpan2075" value="N"/>
		<feat xlink:href="#sSpan2080" value="PUNCT"/>
		<feat xlink:href="#sSpan2085" value="CONJ"/>
		<feat xlink:href="#sSpan2094" value="CONJ"/>
		<feat xlink:href="#sSpan2098" value="ANEGPST_PPERS"/>
		<feat xlink:href="#sSpan2100" value="V"/>
		<feat xlink:href="#sSpan2103" value="PREP_PPERO"/>
		<feat xlink:href="#sSpan2108" value="PREP"/>
		<feat xlink:href="#sSpan2112" value="ART"/>
		<feat xlink:href="#sSpan2115" value="N"/>
		<feat xlink:href="#sSpan2118" value="PREP"/>
		<feat xlink:href="#sSpan2123" value="ART"/>
		<feat xlink:href="#sSpan2127" value="N"/>
		<feat xlink:href="#sSpan2133" value="PUNCT"/>
		<feat xlink:href="#sSpan2137" value="CONJ"/>
		<feat xlink:href="#sSpan2143" value="ACONJ"/>
		<feat xlink:href="#sSpan2147" value="PPERS"/>
		<feat xlink:href="#sSpan2150" value="V"/>
		<feat xlink:href="#sSpan2152" value="ART"/>
		<feat xlink:href="#sSpan2156" value="N"/>
		<feat xlink:href="#sSpan2161" value="PUNCT"/>
		<feat xlink:href="#sSpan2165" value="PREP"/>
		<feat xlink:href="#sSpan2169" value="ART"/>
		<feat xlink:href="#sSpan2174" value="N"/>
		<feat xlink:href="#sSpan2181" value="PUNCT"/>
		<feat xlink:href="#sSpan2185" value="CPRET_PPERS"/>
		<feat xlink:href="#sSpan2192" value="FUT"/>
		<feat xlink:href="#sSpan2195" value="V"/>
		<feat xlink:href="#sSpan2198" value="COP"/>
		<feat xlink:href="#sSpan2203" value="PREP"/>
		<feat xlink:href="#sSpan2207" value="ART"/>
		<feat xlink:href="#sSpan2210" value="N"/>
		<feat xlink:href="#sSpan2213" value="CCIRC"/>
		<feat xlink:href="#sSpan2217" value="PPERS"/>
		<feat xlink:href="#sSpan2219" value="V"/>
		<feat xlink:href="#sSpan2221" value="PUNCT"/>
		<feat xlink:href="#sSpan2225" value="ACONJ"/>
		<feat xlink:href="#sSpan2230" value="PPERS"/>
		<feat xlink:href="#sSpan2232" value="V"/>
		<feat xlink:href="#sSpan2234" value="PPERO"/>
		<feat xlink:href="#sSpan2236" value="PREP"/>
		<feat xlink:href="#sSpan2240" value="PPOS"/>
		<feat xlink:href="#sSpan2244" value="N"/>
		<feat xlink:href="#sSpan2246" value="CREL"/>
		<feat xlink:href="#sSpan2251" value="VSTAT"/>
		<feat xlink:href="#sSpan2253" value="PREP"/>
		<feat xlink:href="#sSpan2257" value="N"/>
		<feat xlink:href="#sSpan2261" value="PREP"/>
		<feat xlink:href="#sSpan2266" value="N"/>
		<feat xlink:href="#sSpan2269" value="PUNCT"/>
		<feat xlink:href="#sSpan2273" value="CONJ"/>
		<feat xlink:href="#sSpan2279" value="PPERS"/>
		<feat xlink:href="#sSpan2282" value="FUT"/>
		<feat xlink:href="#sSpan2284" value="V"/>
		<feat xlink:href="#sSpan2287" value="PREP"/>
		<feat xlink:href="#sSpan2291" value="ART"/>
		<feat xlink:href="#sSpan2294" value="N"/>
		<feat xlink:href="#sSpan2297" value="PUNCT"/>
		<feat xlink:href="#sSpan2301" value="CFOC"/>
		<feat xlink:href="#sSpan2310" value="APST"/>
		<feat xlink:href="#sSpan2312" value="PDEM"/>
		<feat xlink:href="#sSpan2315" value="N"/>
		<feat xlink:href="#sSpan2317" value="V"/>
		<feat xlink:href="#sSpan2323" value="PPERO"/>
		<feat xlink:href="#sSpan2325" value="PREP"/>
		<feat xlink:href="#sSpan2329" value="N"/>
		<feat xlink:href="#sSpan2332" value="PREP"/>
		<feat xlink:href="#sSpan2336" value="PINT"/>
		<feat xlink:href="#sSpan2339" value="PUNCT"/>
		<feat xlink:href="#sSpan2344" value="CONJ"/>
		<feat xlink:href="#sSpan2350" value="PINT"/>
		<feat xlink:href="#sSpan2354" value="COP"/>
		<feat xlink:href="#sSpan2358" value="ART"/>
		<feat xlink:href="#sSpan2365" value="N"/>
		<feat xlink:href="#sSpan2367" value="CREL"/>
		<feat xlink:href="#sSpan2373" value="APST"/>
		<feat xlink:href="#sSpan2376" value="PPERS"/>
		<feat xlink:href="#sSpan2378" value="V"/>
		<feat xlink:href="#sSpan2381" value="PPERO"/>
		<feat xlink:href="#sSpan2383" value="PREP_PPERO"/>
		<feat xlink:href="#sSpan2387" value="PUNCT"/>
		<feat xlink:href="#sSpan2391" value="CONJ"/>
		<feat xlink:href="#sSpan2399" value="CONJ"/>
		<feat xlink:href="#sSpan2403" value="APST"/>
		<feat xlink:href="#sSpan2405" value="PPERS"/>
		<feat xlink:href="#sSpan2407" value="V"/>
		<feat xlink:href="#sSpan2410" value="PPERO"/>
		<feat xlink:href="#sSpan2412" value="PREP"/>
		<feat xlink:href="#sSpan2416" value="PPERO"/>
		<feat xlink:href="#sSpan2418" value="CONJ"/>
		<feat xlink:href="#sSpan2422" value="NEG"/>
		<feat xlink:href="#sSpan2426" value="V"/>
		<feat xlink:href="#sSpan2428" value="PREP"/>
		<feat xlink:href="#sSpan2432" value="ART"/>
		<feat xlink:href="#sSpan2437" value="N"/>
		<feat xlink:href="#sSpan2440" value="PREP"/>
		<feat xlink:href="#sSpan2444" value="ART"/>
		<feat xlink:href="#sSpan2447" value="N"/>
		<feat xlink:href="#sSpan2451" value="PUNCT"/>
		<feat xlink:href="#sSpan2455" value="ADV"/>
		<feat xlink:href="#sSpan2462" value="CONJ"/>
		<feat xlink:href="#sSpan2466" value="APST_PPERS"/>
		<feat xlink:href="#sSpan2468" value="V"/>
		<feat xlink:href="#sSpan2471" value="N"/>
		<feat xlink:href="#sSpan2474" value="PUNCT"/>
		<feat xlink:href="#sSpan2478" value="CONJ"/>
		<feat xlink:href="#sSpan2483" value="N"/>
		<feat xlink:href="#sSpan2489" value="PREP"/>
		<feat xlink:href="#sSpan2493" value="ART"/>
		<feat xlink:href="#sSpan2497" value="N"/>
		<feat xlink:href="#sSpan2499" value="CREL"/>
		<feat xlink:href="#sSpan2503" value="PPERS"/>
		<feat xlink:href="#sSpan2505" value="PREP"/>
		<feat xlink:href="#sSpan2508" value="ART"/>
		<feat xlink:href="#sSpan2511" value="N"/>
		<feat xlink:href="#sSpan2513" value="PREP"/>
		<feat xlink:href="#sSpan2517" value="PPERO"/>
		<feat xlink:href="#sSpan2519" value="CONJ"/>
		<feat xlink:href="#sSpan2526" value="CCIRC"/>
		<feat xlink:href="#sSpan2530" value="PPERS"/>
		<feat xlink:href="#sSpan2533" value="FUT"/>
		<feat xlink:href="#sSpan2535" value="V"/>
		<feat xlink:href="#sSpan2537" value="PREP"/>
		<feat xlink:href="#sSpan2542" value="N"/>
		<feat xlink:href="#sSpan2545" value="CONJ"/>
		<feat xlink:href="#sSpan2549" value="PREP"/>
		<feat xlink:href="#sSpan2554" value="N"/>
		<feat xlink:href="#sSpan2558" value="PREP"/>
		<feat xlink:href="#sSpan2563" value="PPOS"/>
		<feat xlink:href="#sSpan2565" value="N"/>
		<feat xlink:href="#sSpan2567" value="PUNCT"/>
		<feat xlink:href="#sSpan2572" value="PREP"/>
		<feat xlink:href="#sSpan2582" value="PDEM"/>
		<feat xlink:href="#sSpan2585" value="PPERS"/>
		<feat xlink:href="#sSpan2590" value="V"/>
		<feat xlink:href="#sSpan2593" value="PREP"/>
		<feat xlink:href="#sSpan2597" value="PPERO"/>
		<feat xlink:href="#sSpan2599" value="CONJ"/>
		<feat xlink:href="#sSpan2604" value="CONJ"/>
		<feat xlink:href="#sSpan2606" value="CCIRC"/>
		<feat xlink:href="#sSpan2611" value="NEG"/>
		<feat xlink:href="#sSpan2614" value="V"/>
		<feat xlink:href="#sSpan2619" value="PREP_PPERO"/>
		<feat xlink:href="#sSpan2623" value="CONJ"/>
		<feat xlink:href="#sSpan2628" value="ACONJ"/>
		<feat xlink:href="#sSpan2632" value="PPERS"/>
		<feat xlink:href="#sSpan2634" value="V"/>
		<feat xlink:href="#sSpan2637" value="PDEM"/>
		<feat xlink:href="#sSpan2644" value="N"/>
		<feat xlink:href="#sSpan2651" value="ADV"/>
		<feat xlink:href="#sSpan2656" value="PREP_PPERO"/>
		<feat xlink:href="#sSpan2660" value="PREP"/>
		<feat xlink:href="#sSpan2665" value="PDEM"/>
		<feat xlink:href="#sSpan2668" value="N"/>
		<feat xlink:href="#sSpan2670" value="PREP"/>
		<feat xlink:href="#sSpan2675" value="ART"/>
		<feat xlink:href="#sSpan2678" value="N"/>
		<feat xlink:href="#sSpan2680" value="PUNCT"/>
		<feat xlink:href="#sSpan2684" value="PPERS"/>
		<feat xlink:href="#sSpan2690" value="FUT"/>
		<feat xlink:href="#sSpan2693" value="ACAUS"/>
		<feat xlink:href="#sSpan2695" value="PPOS"/>
		<feat xlink:href="#sSpan2698" value="N"/>
		<feat xlink:href="#sSpan2703" value="V"/>
		<feat xlink:href="#sSpan2707" value="PUNCT"/>
		<feat xlink:href="#sSpan2711" value="CONJ"/>
		<feat xlink:href="#sSpan2718" value="PPERS"/>
		<feat xlink:href="#sSpan2723" value="FUT"/>
		<feat xlink:href="#sSpan2725" value="ACAUS"/>
		<feat xlink:href="#sSpan2727" value="PPERS"/>
		<feat xlink:href="#sSpan2729" value="V"/>
		<feat xlink:href="#sSpan2733" value="PREP"/>
		<feat xlink:href="#sSpan2737" value="PPERO"/>
		<feat xlink:href="#sSpan2740" value="PREP"/>
		<feat xlink:href="#sSpan2744" value="ART"/>
		<feat xlink:href="#sSpan2748" value="CREL"/>
		<feat xlink:href="#sSpan2750" value="APST"/>
		<feat xlink:href="#sSpan2752" value="PPERS"/>
		<feat xlink:href="#sSpan2754" value="V"/>
		<feat xlink:href="#sSpan2757" value="ADV"/>
		<feat xlink:href="#sSpan2762" value="PREP"/>
		<feat xlink:href="#sSpan2766" value="PPOS"/>
		<feat xlink:href="#sSpan2769" value="N"/>
		<feat xlink:href="#sSpan2772" value="PUNCT"/>
		<feat xlink:href="#sSpan2778" value="ADV"/>
		<feat xlink:href="#sSpan2788" value="PPERS"/>
		<feat xlink:href="#sSpan2792" value="VSTAT"/>
		<feat xlink:href="#sSpan2794" value="PREP"/>
		<feat xlink:href="#sSpan2799" value="N"/>
		<feat xlink:href="#sSpan2801" value="PREP"/>
		<feat xlink:href="#sSpan2805" value="PPERO"/>
		<feat xlink:href="#sSpan2807" value="PUNCT"/>
		<feat xlink:href="#sSpan2811" value="PREP"/>
		<feat xlink:href="#sSpan2816" value="PPERO"/>
		<feat xlink:href="#sSpan2819" value="PUNCT"/>
		<feat xlink:href="#sSpan2824" value="CONJ"/>
		<feat xlink:href="#sSpan2828" value="PREP"/>
		<feat xlink:href="#sSpan2832" value="PPERO"/>
		<feat xlink:href="#sSpan2836" value="PUNCT"/>
		<feat xlink:href="#sSpan2840" value="CFOC"/>
		<feat xlink:href="#sSpan2846" value="PPERS"/>
		<feat xlink:href="#sSpan2849" value="V"/>
		<feat xlink:href="#sSpan2853" value="CONJ"/>
		<feat xlink:href="#sSpan2859" value="CONJ"/>
		<feat xlink:href="#sSpan2861" value="PREP"/>
		<feat xlink:href="#sSpan2866" value="ART"/>
		<feat xlink:href="#sSpan2868" value="N"/>
		<feat xlink:href="#sSpan2870" value="CREL"/>
		<feat xlink:href="#sSpan2874" value="APST"/>
		<feat xlink:href="#sSpan2876" value="ART"/>
		<feat xlink:href="#sSpan2880" value="N"/>
		<feat xlink:href="#sSpan2883" value="V"/>
		<feat xlink:href="#sSpan2888" value="PREP"/>
		<feat xlink:href="#sSpan2893" value="NPROP"/>
		<feat xlink:href="#sSpan2896" value="PREP"/>
		<feat xlink:href="#sSpan2900" value="PPOS"/>
		<feat xlink:href="#sSpan2905" value="N"/>
		<feat xlink:href="#sSpan2908" value="ACONJ"/>
		<feat xlink:href="#sSpan2912" value="PPERS"/>
		<feat xlink:href="#sSpan2914" value="V"/>
		<feat xlink:href="#sSpan2917" value="PTC"/>
		<feat xlink:href="#sSpan2921" value="PPOS"/>
		<feat xlink:href="#sSpan2925" value="N"/>
		<feat xlink:href="#sSpan2928" value="ADV"/>
		<feat xlink:href="#sSpan2933" value="PREP"/>
		<feat xlink:href="#sSpan2937" value="ART"/>
		<feat xlink:href="#sSpan2942" value="N"/>
		<feat xlink:href="#sSpan2948" value="PREP"/>
		<feat xlink:href="#sSpan2953" value="ART"/>
		<feat xlink:href="#sSpan2956" value="N"/>
		<feat xlink:href="#sSpan2958" value="CREL"/>
		<feat xlink:href="#sSpan2963" value="V"/>
		<feat xlink:href="#sSpan2966" value="ADV"/>
		<feat xlink:href="#sSpan2970" value="PREP"/>
		<feat xlink:href="#sSpan2975" value="ART"/>
		<feat xlink:href="#sSpan2979" value="N"/>
		<feat xlink:href="#sSpan2982" value="PUNCT"/>
		<feat xlink:href="#sSpan2986" value="CONJ"/>
		<feat xlink:href="#sSpan2997" value="ART"/>
		<feat xlink:href="#sSpan3002" value="CREL"/>
		<feat xlink:href="#sSpan3004" value="ADV"/>
		<feat xlink:href="#sSpan3006" value="ANEGPST"/>
		<feat xlink:href="#sSpan3011" value="PPERS"/>
		<feat xlink:href="#sSpan3013" value="V"/>
		<feat xlink:href="#sSpan3015" value="PPERO"/>
		<feat xlink:href="#sSpan3017" value="PREP"/>
		<feat xlink:href="#sSpan3021" value="ART"/>
		<feat xlink:href="#sSpan3026" value="N"/>
		<feat xlink:href="#sSpan3029" value="CFOC"/>
		<feat xlink:href="#sSpan3034" value="PPERS"/>
		<feat xlink:href="#sSpan3036" value="FUT"/>
		<feat xlink:href="#sSpan3039" value="V"/>
		<feat xlink:href="#sSpan3042" value="PREP_PPERO"/>
		<feat xlink:href="#sSpan3047" value="PUNCT"/>
		<feat xlink:href="#sSpan3052" value="CONJ"/>
		<feat xlink:href="#sSpan3058" value="PREP"/>
		<feat xlink:href="#sSpan3062" value="PPERO"/>
		<feat xlink:href="#sSpan3064" value="PREP"/>
		<feat xlink:href="#sSpan3069" value="ART"/>
		<feat xlink:href="#sSpan3072" value="ACAUS"/>
		<feat xlink:href="#sSpan3074" value="PPERS"/>
		<feat xlink:href="#sSpan3077" value="V"/>
		<feat xlink:href="#sSpan3081" value="PREP"/>
		<feat xlink:href="#sSpan3085" value="PPERO"/>
		<feat xlink:href="#sSpan3087" value="PREP"/>
		<feat xlink:href="#sSpan3093" value="PPERO"/>
		<feat xlink:href="#sSpan3095" value="PUNCT"/>
		<feat xlink:href="#sSpan3099" value="CONJ"/>
		<feat xlink:href="#sSpan3106" value="ACONJ"/>
		<feat xlink:href="#sSpan3110" value="PPERS"/>
		<feat xlink:href="#sSpan3112" value="V"/>
		<feat xlink:href="#sSpan3115" value="PREP"/>
		<feat xlink:href="#sSpan3119" value="PPERO"/>
		<feat xlink:href="#sSpan3122" value="PREP"/>
		<feat xlink:href="#sSpan3126" value="PPOS"/>
		<feat xlink:href="#sSpan3129" value="N"/>
		<feat xlink:href="#sSpan3132" value="PREP"/>
		<feat xlink:href="#sSpan3136" value="N"/>
		<feat xlink:href="#sSpan3138" value="PREP"/>
		<feat xlink:href="#sSpan3143" value="PPOS"/>
		<feat xlink:href="#sSpan3146" value="N"/>
		<feat xlink:href="#sSpan3149" value="PREP"/>
		<feat xlink:href="#sSpan3155" value="N"/>
		<feat xlink:href="#sSpan3157" value="PUNCT"/>
		<feat xlink:href="#sSpan3161" value="NEG"/>
		<feat xlink:href="#sSpan3168" value="PPERS"/>
		<feat xlink:href="#sSpan3170" value="FUT"/>
		<feat xlink:href="#sSpan3172" value="V"/>
		<feat xlink:href="#sSpan3176" value="PTC"/>
		<feat xlink:href="#sSpan3180" value="NEG"/>
		<feat xlink:href="#sSpan3184" value="PREP"/>
		<feat xlink:href="#sSpan3188" value="ART"/>
		<feat xlink:href="#sSpan3192" value="CREL"/>
		<feat xlink:href="#sSpan3195" value="V"/>
		<feat xlink:href="#sSpan3198" value="N"/>
		<feat xlink:href="#sSpan3203" value="PPERO"/>
		<feat xlink:href="#sSpan3205" value="PREP"/>
		<feat xlink:href="#sSpan3209" value="ART"/>
		<feat xlink:href="#sSpan3212" value="N"/>
		<feat xlink:href="#sSpan3217" value="PUNCT"/>
		<feat xlink:href="#sSpan3221" value="PDEM"/>
		<feat xlink:href="#sSpan3225" value="CREL"/>
		<feat xlink:href="#sSpan3230" value="ART"/>
		<feat xlink:href="#sSpan3234" value="N"/>
		<feat xlink:href="#sSpan3236" value="VSTAT"/>
		<feat xlink:href="#sSpan3242" value="PREP"/>
		<feat xlink:href="#sSpan3246" value="PPERO"/>
		<feat xlink:href="#sSpan3248" value="PREP"/>
		<feat xlink:href="#sSpan3254" value="N"/>
		<feat xlink:href="#sSpan3258" value="CONJ"/>
		<feat xlink:href="#sSpan3262" value="ART"/>
		<feat xlink:href="#sSpan3269" value="N"/>
		<feat xlink:href="#sSpan3272" value="PUNCT"/>
		<feat xlink:href="#sSpan3276" value="PREP"/>
		<feat xlink:href="#sSpan3283" value="ART"/>
		<feat xlink:href="#sSpan3285" value="N"/>
		<feat xlink:href="#sSpan3287" value="CREL"/>
		<feat xlink:href="#sSpan3291" value="VSTAT"/>
		<feat xlink:href="#sSpan3293" value="CONJ"/>
		<feat xlink:href="#sSpan3298" value="ART"/>
		<feat xlink:href="#sSpan3301" value="CREL"/>
		<feat xlink:href="#sSpan3303" value="V"/>
		<feat xlink:href="#sSpan3306" value="PREP"/>
		<feat xlink:href="#sSpan3311" value="PPERO"/>
		<feat xlink:href="#sSpan3313" value="COP"/>
		<feat xlink:href="#sSpan3317" value="PPOS"/>
		<feat xlink:href="#sSpan3323" value="N"/>
		<feat xlink:href="#sSpan3326" value="PUNCT"/>
		<feat xlink:href="#sSpan3330" value="CONJ"/>
		<feat xlink:href="#sSpan3335" value="ART"/>
		<feat xlink:href="#sSpan3341" value="N"/>
		<feat xlink:href="#sSpan3343" value="COP"/>
		<feat xlink:href="#sSpan3347" value="PREP"/>
		<feat xlink:href="#sSpan3351" value="PPOS"/>
		<feat xlink:href="#sSpan3355" value="N"/>
		<feat xlink:href="#sSpan3358" value="CONJ"/>
		<feat xlink:href="#sSpan3363" value="ART"/>
		<feat xlink:href="#sSpan3368" value="N"/>
		<feat xlink:href="#sSpan3370" value="PREP"/>
		<feat xlink:href="#sSpan3375" value="ART"/>
		<feat xlink:href="#sSpan3379" value="N"/>
		<feat xlink:href="#sSpan3383" value="PUNCT"/>
		<feat xlink:href="#sSpan3387" value="ART"/>
		<feat xlink:href="#sSpan3396" value="CREL"/>
		<feat xlink:href="#sSpan3399" value="FUT"/>
		<feat xlink:href="#sSpan3402" value="V"/>
		<feat xlink:href="#sSpan3404" value="ART"/>
		<feat xlink:href="#sSpan3408" value="N"/>
		<feat xlink:href="#sSpan3413" value="PUNCT"/>
		<feat xlink:href="#sSpan3417" value="PPERI"/>
		<feat xlink:href="#sSpan3422" value="ART"/>
		<feat xlink:href="#sSpan3428" value="CREL"/>
		<feat xlink:href="#sSpan3430" value="FUT"/>
		<feat xlink:href="#sSpan3432" value="V"/>
		<feat xlink:href="#sSpan3434" value="PUNCT"/>
		<feat xlink:href="#sSpan3438" value="CONJ"/>
		<feat xlink:href="#sSpan3445" value="PPERI"/>
		<feat xlink:href="#sSpan3449" value="ART"/>
		<feat xlink:href="#sSpan3454" value="CREL"/>
		<feat xlink:href="#sSpan3459" value="CFOC"/>
		<feat xlink:href="#sSpan3461" value="ART"/>
		<feat xlink:href="#sSpan3465" value="NPROP"/>
		<feat xlink:href="#sSpan3469" value="FUT"/>
		<feat xlink:href="#sSpan3473" value="V"/>
		<feat xlink:href="#sSpan3476" value="PREP"/>
		<feat xlink:href="#sSpan3481" value="PPERO"/>
		<feat xlink:href="#sSpan3483" value="PREP"/>
		<feat xlink:href="#sSpan3487" value="PPOS"/>
		<feat xlink:href="#sSpan3491" value="N"/>
		<feat xlink:href="#sSpan3494" value="PREP"/>
		<feat xlink:href="#sSpan3499" value="N"/>
		<feat xlink:href="#sSpan3509" value="PUNCT"/>
		<feat xlink:href="#sSpan3513" value="ART"/>
		<feat xlink:href="#sSpan3521" value="N"/>
		<feat xlink:href="#sSpan3526" value="PTC"/>
		<feat xlink:href="#sSpan3531" value="PPERI"/>
		<feat xlink:href="#sSpan3535" value="CREL"/>
		<feat xlink:href="#sSpan3539" value="V"/>
		<feat xlink:href="#sSpan3542" value="PREP"/>
		<feat xlink:href="#sSpan3546" value="ART"/>
		<feat xlink:href="#sSpan3549" value="N"/>
		<feat xlink:href="#sSpan3551" value="PUNCT"/>
		<feat xlink:href="#sSpan3555" value="PPERS"/>
		<feat xlink:href="#sSpan3560" value="FUT"/>
		<feat xlink:href="#sSpan3562" value="V"/>
		<feat xlink:href="#sSpan3564" value="PREP"/>
		<feat xlink:href="#sSpan3569" value="PPERO"/>
		<feat xlink:href="#sSpan3571" value="PREP"/>
		<feat xlink:href="#sSpan3575" value="ART"/>
		<feat xlink:href="#sSpan3579" value="N"/>
		<feat xlink:href="#sSpan3584" value="PUNCT"/>
		<feat xlink:href="#sSpan3588" value="CONJ"/>
		<feat xlink:href="#sSpan3594" value="ART"/>
		<feat xlink:href="#sSpan3600" value="N"/>
		<feat xlink:href="#sSpan3605" value="CREL"/>
		<feat xlink:href="#sSpan3610" value="V"/>
		<feat xlink:href="#sSpan3614" value="N"/>
		<feat xlink:href="#sSpan3618" value="PPERO"/>
		<feat xlink:href="#sSpan3620" value="PREP"/>
		<feat xlink:href="#sSpan3624" value="ART"/>
		<feat xlink:href="#sSpan3628" value="N"/>
		<feat xlink:href="#sSpan3631" value="PUNCT"/>
		<feat xlink:href="#sSpan3635" value="FUT"/>
		<feat xlink:href="#sSpan3639" value="V"/>
		<feat xlink:href="#sSpan3642" value="PREP"/>
		<feat xlink:href="#sSpan3646" value="PPERO"/>
		<feat xlink:href="#sSpan3648" value="PREP"/>
		<feat xlink:href="#sSpan3652" value="ART"/>
		<feat xlink:href="#sSpan3656" value="N"/>
		<feat xlink:href="#sSpan3660" value="PUNCT"/>
		<feat xlink:href="#sSpan3665" value="CONJ"/>
		<feat xlink:href="#sSpan3674" value="AJUS"/>
		<feat xlink:href="#sSpan3678" value="PPERS"/>
		<feat xlink:href="#sSpan3680" value="V"/>
		<feat xlink:href="#sSpan3684" value="CONJ"/>
		<feat xlink:href="#sSpan3688" value="APST_PPERS"/>
		<feat xlink:href="#sSpan3691" value="V"/>
		<feat xlink:href="#sSpan3696" value="PREP"/>
		<feat xlink:href="#sSpan3700" value="PPOS"/>
		<feat xlink:href="#sSpan3703" value="N"/>
		<feat xlink:href="#sSpan3706" value="CREL"/>
		<feat xlink:href="#sSpan3710" value="PREP"/>
		<feat xlink:href="#sSpan3712" value="ART"/>
		<feat xlink:href="#sSpan3716" value="N"/>
		<feat xlink:href="#sSpan3718" value="PREP"/>
		<feat xlink:href="#sSpan3723" value="PPERO"/>
		<feat xlink:href="#sSpan3725" value="PUNCT"/>
		<feat xlink:href="#sSpan3729" value="CONJ"/>
		<feat xlink:href="#sSpan3736" value="ACONJ"/>
		<feat xlink:href="#sSpan3740" value="PPERS"/>
		<feat xlink:href="#sSpan3742" value="V"/>
		<feat xlink:href="#sSpan3745" value="PREP"/>
		<feat xlink:href="#sSpan3749" value="PPERO"/>
		<feat xlink:href="#sSpan3751" value="PREP"/>
		<feat xlink:href="#sSpan3756" value="N"/>
		<feat xlink:href="#sSpan3761" value="PINT"/>
		<feat xlink:href="#sSpan3765" value="PUNCT"/>
		<feat xlink:href="#sSpan3769" value="AFUTCONJ"/>
		<feat xlink:href="#sSpan3776" value="PPOS"/>
		<feat xlink:href="#sSpan3779" value="N"/>
		<feat xlink:href="#sSpan3781" value="V"/>
		<feat xlink:href="#sSpan3787" value="PUNCT"/>
		<feat xlink:href="#sSpan3791" value="CONJ"/>
		<feat xlink:href="#sSpan3797" value="PPERI"/>
		<feat xlink:href="#sSpan3802" value="IMOD"/>
		<feat xlink:href="#sSpan3806" value="PPERO"/>
		<feat xlink:href="#sSpan3809" value="ACONJ"/>
		<feat xlink:href="#sSpan3814" value="PPERS"/>
		<feat xlink:href="#sSpan3816" value="V"/>
		<feat xlink:href="#sSpan3818" value="PREP"/>
		<feat xlink:href="#sSpan3822" value="PPOS"/>
		<feat xlink:href="#sSpan3826" value="N"/>
		<feat xlink:href="#sSpan3829" value="PREP"/>
		<feat xlink:href="#sSpan3833" value="N"/>
		<feat xlink:href="#sSpan3835" value="PUNCT"/>
		<feat xlink:href="#sSpan3841" value="CONJ"/>
		<feat xlink:href="#sSpan3852" value="PTC"/>
		<feat xlink:href="#sSpan3856" value="ADV"/>
		<feat xlink:href="#sSpan3860" value="PUNCT"/>
		<feat xlink:href="#sSpan3864" value="CFOC"/>
		<feat xlink:href="#sSpan3869" value="EXIST"/>
		<feat xlink:href="#sSpan3871" value="PPERO"/>
		<feat xlink:href="#sSpan3873" value="ART"/>
		<feat xlink:href="#sSpan3878" value="N"/>
		<feat xlink:href="#sSpan3881" value="PREP"/>
		<feat xlink:href="#sSpan3885" value="V"/>
		<feat xlink:href="#sSpan3888" value="PPERO"/>
		<feat xlink:href="#sSpan3890" value="PUNCT"/>
		<feat xlink:href="#sSpan3894" value="PTC"/>
		<feat xlink:href="#sSpan3899" value="ART"/>
		<feat xlink:href="#sSpan3904" value="N"/>
		<feat xlink:href="#sSpan3906" value="PPOS"/>
		<feat xlink:href="#sSpan3911" value="N"/>
		<feat xlink:href="#sSpan3913" value="CONJ"/>
		<feat xlink:href="#sSpan3918" value="PPOS"/>
		<feat xlink:href="#sSpan3923" value="N"/>
		<feat xlink:href="#sSpan3926" value="APST"/>
		<feat xlink:href="#sSpan3931" value="PPERS"/>
		<feat xlink:href="#sSpan3933" value="V"/>
		<feat xlink:href="#sSpan3935" value="PREP"/>
		<feat xlink:href="#sSpan3939" value="PPERO"/>
		<feat xlink:href="#sSpan3942" value="PUNCT"/>
		<feat xlink:href="#sSpan3946" value="V"/>
		<feat xlink:href="#sSpan3953" value="PPERO"/>
		<feat xlink:href="#sSpan3955" value="PREP"/>
		<feat xlink:href="#sSpan3960" value="PPERO"/>
		<feat xlink:href="#sSpan3964" value="PUNCT"/>
		<feat xlink:href="#sSpan3968" value="CONJ"/>
		<feat xlink:href="#sSpan3972" value="PPERI"/>
		<feat xlink:href="#sSpan3977" value="IMOD"/>
		<feat xlink:href="#sSpan3981" value="PPERO"/>
		<feat xlink:href="#sSpan3983" value="PUNCT"/>
		<feat xlink:href="#sSpan3987" value="PTC"/>
		<feat xlink:href="#sSpan3994" value="EXIST"/>
		<feat xlink:href="#sSpan3998" value="PPERO"/>
		<feat xlink:href="#sSpan4000" value="N"/>
		<feat xlink:href="#sSpan4006" value="ADV"/>
		<feat xlink:href="#sSpan4011" value="CONJ"/>
		<feat xlink:href="#sSpan4016" value="N"/>
		<feat xlink:href="#sSpan4021" value="PREP"/>
		<feat xlink:href="#sSpan4025" value="N"/>
		<feat xlink:href="#sSpan4027" value="PUNCT"/>
		<feat xlink:href="#sSpan4031" value="PREP"/>
		<feat xlink:href="#sSpan4036" value="PPOS"/>
		<feat xlink:href="#sSpan4039" value="N"/>
		<feat xlink:href="#sSpan4041" value="PUNCT"/>
		<feat xlink:href="#sSpan4045" value="NEG"/>
		<feat xlink:href="#sSpan4052" value="V"/>
		<feat xlink:href="#sSpan4054" value="PREP"/>
		<feat xlink:href="#sSpan4058" value="N"/>
		<feat xlink:href="#sSpan4061" value="PREP"/>
		<feat xlink:href="#sSpan4065" value="N"/>
		<feat xlink:href="#sSpan4068" value="PPERO"/>
		<feat xlink:href="#sSpan4070" value="ACONJ"/>
		<feat xlink:href="#sSpan4077" value="PPERS"/>
		<feat xlink:href="#sSpan4079" value="NEG"/>
		<feat xlink:href="#sSpan4081" value="V"/>
		<feat xlink:href="#sSpan4084" value="N"/>
		<feat xlink:href="#sSpan4088" value="PREP"/>
		<feat xlink:href="#sSpan4092" value="N"/>
		<feat xlink:href="#sSpan4094" value="PREP"/>
		<feat xlink:href="#sSpan4099" value="PPERO"/>
		<feat xlink:href="#sSpan4102" value="PUNCT"/>
		<feat xlink:href="#sSpan4106" value="CONJ"/>
		<feat xlink:href="#sSpan4112" value="CFOC"/>
		<feat xlink:href="#sSpan4117" value="PPOS"/>
		<feat xlink:href="#sSpan4120" value="N"/>
		<feat xlink:href="#sSpan4122" value="FUT"/>
		<feat xlink:href="#sSpan4127" value="V"/>
		<feat xlink:href="#sSpan4129" value="IMOD"/>
		<feat xlink:href="#sSpan4134" value="PPERO"/>
		<feat xlink:href="#sSpan4136" value="PREP"/>
		<feat xlink:href="#sSpan4140" value="ART"/>
		<feat xlink:href="#sSpan4142" value="N"/>
		<feat xlink:href="#sSpan4144" value="PPERI"/>
		<feat xlink:href="#sSpan4149" value="CONJ"/>
		<feat xlink:href="#sSpan4153" value="PPERI"/>
		<feat xlink:href="#sSpan4159" value="PUNCT"/>
		<feat xlink:href="#sSpan4163" value="CONJ"/>
		<feat xlink:href="#sSpan4169" value="ADV"/>
		<feat xlink:href="#sSpan4174" value="ACONJ"/>
		<feat xlink:href="#sSpan4178" value="ART"/>
		<feat xlink:href="#sSpan4181" value="N"/>
		<feat xlink:href="#sSpan4184" value="V"/>
		<feat xlink:href="#sSpan4188" value="PREP"/>
		<feat xlink:href="#sSpan4192" value="N"/>
		<feat xlink:href="#sSpan4195" value="PREP"/>
		<feat xlink:href="#sSpan4199" value="PPERO"/>
		<feat xlink:href="#sSpan4201" value="PUNCT"/></featList></paula>