<?xml version='1.0' encoding='UTF-8'?><!DOCTYPE paula SYSTEM "paula_feat.dtd">
<paula version="1.1">
	<header paula_id="scriptorium.to_aphthonia.mark_orig"/>
	<featList xmlns:xlink="http://www.w3.org/1999/xlink" type="orig" xml:base="scriptorium.to_aphthonia.mark.xml">
		<feat xlink:href="#sSpan3" value="ⲁⲣ"/>
		<feat xlink:href="#sSpan16" value="ϯⲉⲟⲟⲩ"/>
		<feat xlink:href="#sSpan19" value="ⲙ̄"/>
		<feat xlink:href="#sSpan23" value="ⲡ"/>
		<feat xlink:href="#sSpan27" value="ⲛⲟⲩⲧⲉ"/>
		<feat xlink:href="#sSpan29" value="ⲧⲱⲛⲉ"/>
		<feat xlink:href="#sSpan34" value="."/>
		<feat xlink:href="#sSpan38" value="ⲉ"/>
		<feat xlink:href="#sSpan44" value="ⲓ̈"/>
		<feat xlink:href="#sSpan46" value="ϣⲁϫⲉ"/>
		<feat xlink:href="#sSpan48" value="ⲉⲣⲟ̂"/>
		<feat xlink:href="#sSpan54" value="ⲛ̄ⲧⲟ"/>
		<feat xlink:href="#sSpan59" value="ⲁⲫⲑⲟⲛⲓⲁ"/>
		<feat xlink:href="#sSpan69" value="ⲧ"/>
		<feat xlink:href="#sSpan73" value="ϣⲉⲉⲣⲉ"/>
		<feat xlink:href="#sSpan75" value="ⲙ̄"/>
		<feat xlink:href="#sSpan80" value="ⲡ"/>
		<feat xlink:href="#sSpan84" value="ⲕⲟⲙⲉⲥ"/>
		<feat xlink:href="#sSpan87" value="ⲁⲗⲉⲝⲁⲛⲇⲣⲟⲥ"/>
		<feat xlink:href="#sSpan92" value="·"/>
		<feat xlink:href="#sSpan97" value="ⲏ̇"/>
		<feat xlink:href="#sSpan104" value="ⲁⲣ"/>
		<feat xlink:href="#sSpan108" value="ⲧⲁⲓ̈ⲉ⳿"/>
		<feat xlink:href="#sSpan110" value="ⲡ"/>
		<feat xlink:href="#sSpan113" value="ⲙⲁ"/>
		<feat xlink:href="#sSpan115" value="ⲉⲛⲧ"/>
		<feat xlink:href="#sSpan120" value="ⲁ"/>
		<feat xlink:href="#sSpan122" value="ⲩ"/>
		<feat xlink:href="#sSpan124" value="ⲥⲁⲛⲟⲩϣ"/>
		<feat xlink:href="#sSpan127" value="ⲉ"/>
		<feat xlink:href="#sSpan129" value="ⲛ̄ϩⲏⲧ"/>
		<feat xlink:href="#sSpan133" value="ϥ̄"/>
		<feat xlink:href="#sSpan136" value="ⲕⲁⲧⲁ"/>
		<feat xlink:href="#sSpan141" value="ⲡ"/>
		<feat xlink:href="#sSpan144" value="ⲛⲟⲩⲧⲉ"/>
		<feat xlink:href="#sSpan146" value="ⲁⲩⲱ"/>
		<feat xlink:href="#sSpan152" value="ⲕⲁⲧⲁ"/>
		<feat xlink:href="#sSpan156" value="ⲡ"/>
		<feat xlink:href="#sSpan160" value="ⲕⲟⲥⲙⲟⲥ"/>
		<feat xlink:href="#sSpan163" value=","/>
		<feat xlink:href="#sSpan167" value="ϩ︤ⲛ︥"/>
		<feat xlink:href="#sSpan171" value="ⲛⲟⲩ"/>
		<feat xlink:href="#sSpan174" value="ϣⲁϫⲉ⳿"/>
		<feat xlink:href="#sSpan177" value="ⲙ︤ⲛ︥"/>
		<feat xlink:href="#sSpan181" value="ⲛⲟⲩ"/>
		<feat xlink:href="#sSpan184" value="ϩⲃⲏⲩⲉ"/>
		<feat xlink:href="#sSpan188" value="·"/>
		<feat xlink:href="#sSpan192" value="ⲉⲛⲉ"/>
		<feat xlink:href="#sSpan200" value="ⲙ̄ⲡⲉ"/>
		<feat xlink:href="#sSpan203" value="ⲡⲟⲩ"/>
		<feat xlink:href="#sSpan206" value="ϩⲏⲧ"/>
		<feat xlink:href="#sSpan208" value="ⲧⲁⲕⲟ̂"/>
		<feat xlink:href="#sSpan213" value="."/>
		<feat xlink:href="#sSpan217" value="ⲛⲉⲣ"/>
		<feat xlink:href="#sSpan221" value="ⲁ"/>
		<feat xlink:href="#sSpan223" value="ⲥⲱϣ"/>
		<feat xlink:href="#sSpan226" value="ⲡ"/>
		<feat xlink:href="#sSpan229" value="ⲙⲁ"/>
		<feat xlink:href="#sSpan231" value="ⲁⲛ"/>
		<feat xlink:href="#sSpan235" value="ⲉⲧ"/>
		<feat xlink:href="#sSpan240" value="ⲉ"/>
		<feat xlink:href="#sSpan242" value="ⲛ̄ϩⲏⲧ︤"/>
		<feat xlink:href="#sSpan244" value="ϥ︥"/>
		<feat xlink:href="#sSpan246" value="."/>
		<feat xlink:href="#sSpan251" value="ⲏ̂"/>
		<feat xlink:href="#sSpan256" value="ⲛⲉⲣ"/>
		<feat xlink:href="#sSpan260" value="ⲁ"/>
		<feat xlink:href="#sSpan262" value="ⲧϭⲁⲓ̈ⲉ"/>
		<feat xlink:href="#sSpan264" value="ⲛⲉ"/>
		<feat xlink:href="#sSpan268" value="ⲥⲛⲏⲩ"/>
		<feat xlink:href="#sSpan270" value="ⲉⲧ"/>
		<feat xlink:href="#sSpan274" value="ϩ︤ⲙ︥"/>
		<feat xlink:href="#sSpan277" value="ⲡ"/>
		<feat xlink:href="#sSpan280" value="ⲙⲁ"/>
		<feat xlink:href="#sSpan282" value="ⲛ︤ⲙ︥ⲙ"/>
		<feat xlink:href="#sSpan287" value="ⲉ"/>
		<feat xlink:href="#sSpan289" value="·"/>
		<feat xlink:href="#sSpan294" value="ⲥⲉ"/>
		<feat xlink:href="#sSpan303" value="ⲙⲟⲩⲧⲉ"/>
		<feat xlink:href="#sSpan306" value="ⲙⲉⲛ"/>
		<feat xlink:href="#sSpan311" value="ⲉⲣⲟ"/>
		<feat xlink:href="#sSpan315" value="ϩ︤ⲙ︥"/>
		<feat xlink:href="#sSpan319" value="ⲡⲟⲩ"/>
		<feat xlink:href="#sSpan323" value="ⲣⲁⲛ"/>
		<feat xlink:href="#sSpan325" value="ϫⲉ"/>
		<feat xlink:href="#sSpan330" value="ⲁⲫⲑⲟⲛⲓⲁ"/>
		<feat xlink:href="#sSpan334" value="·"/>
		<feat xlink:href="#sSpan338" value="ⲧⲉ"/>
		<feat xlink:href="#sSpan343" value="ⲫⲑⲟⲛⲉⲓ"/>
		<feat xlink:href="#sSpan347" value="ⲇⲉ"/>
		<feat xlink:href="#sSpan351" value="ⲉⲣⲟ"/>
		<feat xlink:href="#sSpan356" value="ⲙⲁⲩⲁⲁⲧ"/>
		<feat xlink:href="#sSpan361" value="ⲉ"/>
		<feat xlink:href="#sSpan363" value="·"/>
		<feat xlink:href="#sSpan367" value="ⲁⲩⲱ"/>
		<feat xlink:href="#sSpan374" value="ⲧⲉ"/>
		<feat xlink:href="#sSpan378" value="ⲟ"/>
		<feat xlink:href="#sSpan380" value="ⲛ̄"/>
		<feat xlink:href="#sSpan385" value="ⲃⲁⲥⲕⲁⲛⲟⲥ"/>
		<feat xlink:href="#sSpan389" value="ⲉⲣⲟ"/>
		<feat xlink:href="#sSpan394" value="ⲙ̄ⲙⲓⲛⲙ̄ⲙⲟ"/>
		<feat xlink:href="#sSpan399" value="·"/>
		<feat xlink:href="#sSpan403" value="ⲉⲣ"/>
		<feat xlink:href="#sSpan408" value="ⲟⲩⲱϣ"/>
		<feat xlink:href="#sSpan410" value="ⲉ"/>
		<feat xlink:href="#sSpan414" value="ⲧⲁⲕⲉ"/>
		<feat xlink:href="#sSpan419" value="ⲧⲟⲩ"/>
		<feat xlink:href="#sSpan423" value="ⲯⲩⲭⲏ"/>
		<feat xlink:href="#sSpan426" value="ⲉⲧⲉ"/>
		<feat xlink:href="#sSpan430" value="ⲙ̄"/>
		<feat xlink:href="#sSpan432" value="ⲡ"/>
		<feat xlink:href="#sSpan436" value="ⲕⲟⲥⲙⲟⲥ"/>
		<feat xlink:href="#sSpan440" value="ⲧⲏⲣ︤"/>
		<feat xlink:href="#sSpan444" value="ϥ︥"/>
		<feat xlink:href="#sSpan446" value="ⲙ̄ⲡϣⲁ"/>
		<feat xlink:href="#sSpan451" value="ⲙ̄ⲙⲟ"/>
		<feat xlink:href="#sSpan455" value="ⲥ"/>
		<feat xlink:href="#sSpan457" value="ⲁⲛ"/>
		<feat xlink:href="#sSpan463" value="·"/>
		<feat xlink:href="#sSpan467" value="ⲁⲩⲱ"/>
		<feat xlink:href="#sSpan473" value="ⲉ"/>
		<feat xlink:href="#sSpan477" value="ⲥⲱⲣ︤ⲙ︥"/>
		<feat xlink:href="#sSpan480" value="ⲛ̄"/>
		<feat xlink:href="#sSpan484" value="ⲛⲟⲩ"/>
		<feat xlink:href="#sSpan487" value="ϩⲓⲥⲉ"/>
		<feat xlink:href="#sSpan489" value="ⲉ"/>
		<feat xlink:href="#sSpan494" value="ⲡ"/>
		<feat xlink:href="#sSpan497" value="ϫⲓⲛϫⲏ̂"/>
		<feat xlink:href="#sSpan499" value="·"/>
		<feat xlink:href="#sSpan503" value="ⲉⲃⲟⲗ"/>
		<feat xlink:href="#sSpan511" value="ϫⲉ"/>
		<feat xlink:href="#sSpan515" value="ⲁⲣ"/>
		<feat xlink:href="#sSpan517" value="ⲕⲁ"/>
		<feat xlink:href="#sSpan520" value="ⲡ"/>
		<feat xlink:href="#sSpan524" value="ⲙⲁ"/>
		<feat xlink:href="#sSpan526" value="ⲙ̄"/>
		<feat xlink:href="#sSpan530" value="ⲡ"/>
		<feat xlink:href="#sSpan534" value="ⲥⲁⲧⲁⲛⲁⲥ"/>
		<feat xlink:href="#sSpan537" value="ⲉϩⲟⲩⲛ"/>
		<feat xlink:href="#sSpan541" value="ⲉⲣⲟ̂"/>
		<feat xlink:href="#sSpan546" value="ⲉ"/>
		<feat xlink:href="#sSpan550" value="ⲧⲣⲉ"/>
		<feat xlink:href="#sSpan552" value="ϥ"/>
		<feat xlink:href="#sSpan554" value="ⲡⲱⲱⲛⲉ"/>
		<feat xlink:href="#sSpan557" value="ⲙ"/>
		<feat xlink:href="#sSpan561" value="ⲡⲟⲩ"/>
		<feat xlink:href="#sSpan564" value="ϩⲏⲧ"/>
		<feat xlink:href="#sSpan567" value="·"/>
		<feat xlink:href="#sSpan571" value="ⲁⲩⲱ"/>
		<feat xlink:href="#sSpan575" value="ⲛ︤"/>
		<feat xlink:href="#sSpan579" value="ϥ︥"/>
		<feat xlink:href="#sSpan581" value="ⲥⲣ︤ⲙ︥ⲣⲱⲙ"/>
		<feat xlink:href="#sSpan584" value="ⲉ"/>
		<feat xlink:href="#sSpan586" value="ⲛ̄"/>
		<feat xlink:href="#sSpan590" value="ⲑ"/>
		<feat xlink:href="#sSpan593" value="ⲉ"/>
		<feat xlink:href="#sSpan595" value="ⲛ̄"/>
		<feat xlink:href="#sSpan599" value="ⲛⲓ"/>
		<feat xlink:href="#sSpan602" value="ⲉⲥⲟⲟⲩ"/>
		<feat xlink:href="#sSpan605" value="ⲉⲧ"/>
		<feat xlink:href="#sSpan609" value="ⲟ̂"/>
		<feat xlink:href="#sSpan611" value="ⲛ̄"/>
		<feat xlink:href="#sSpan615" value="ϩⲟⲟⲗⲉ"/>
		<feat xlink:href="#sSpan620" value="·"/>
		<feat xlink:href="#sSpan624" value="ⲧ"/>
		<feat xlink:href="#sSpan633" value="ⲁⲑⲏⲧ"/>
		<feat xlink:href="#sSpan635" value="ⲁⲩⲱ"/>
		<feat xlink:href="#sSpan640" value="ⲧ"/>
		<feat xlink:href="#sSpan646" value="ⲁⲧⲥⲃⲱ̂"/>
		<feat xlink:href="#sSpan649" value="ⲉⲧⲉ"/>
		<feat xlink:href="#sSpan654" value="ⲙ︤ⲛ︥"/>
		<feat xlink:href="#sSpan656" value="ⲥⲃⲱ̂"/>
		<feat xlink:href="#sSpan659" value="ⲙ̄ⲙⲟ"/>
		<feat xlink:href="#sSpan664" value="ⲥ"/>
		<feat xlink:href="#sSpan667" value="·"/>
		<feat xlink:href="#sSpan671" value="ⲉⲛⲉ"/>
		<feat xlink:href="#sSpan677" value="ⲟⲩⲛ̄"/>
		<feat xlink:href="#sSpan681" value="ⲉⲡⲓⲥⲧⲏⲙⲏ"/>
		<feat xlink:href="#sSpan686" value="ⲅⲁⲣ"/>
		<feat xlink:href="#sSpan690" value="ⲙ̄ⲙⲟ"/>
		<feat xlink:href="#sSpan694" value="."/>
		<feat xlink:href="#sSpan698" value="ⲕⲁⲛ"/>
		<feat xlink:href="#sSpan703" value="ⲁ"/>
		<feat xlink:href="#sSpan707" value="ⲩ"/>
		<feat xlink:href="#sSpan709" value="ⲙⲓϣⲉ"/>
		<feat xlink:href="#sSpan711" value="ⲛ︤ⲙ︥ⲙ"/>
		<feat xlink:href="#sSpan716" value="ⲉ"/>
		<feat xlink:href="#sSpan718" value="ⲛⲁⲙⲉ"/>
		<feat xlink:href="#sSpan722" value="ⲧⲉ"/>
		<feat xlink:href="#sSpan727" value="ⲏⲡ⳿"/>
		<feat xlink:href="#sSpan729" value="ⲉ"/>
		<feat xlink:href="#sSpan734" value="ⲕⲁⲣⲱⲙⲉ"/>
		<feat xlink:href="#sSpan738" value="ⲉ"/>
		<feat xlink:href="#sSpan742" value="ⲉⲓⲙⲉ"/>
		<feat xlink:href="#sSpan744" value="ϫⲉ"/>
		<feat xlink:href="#sSpan748" value="ⲉ"/>
		<feat xlink:href="#sSpan751" value="ⲧⲉⲧ︤ⲛ︥"/>
		<feat xlink:href="#sSpan753" value="ⲟ̂"/>
		<feat xlink:href="#sSpan755" value="ⲛ̄"/>
		<feat xlink:href="#sSpan759" value="ⲁϣ"/>
		<feat xlink:href="#sSpan761" value="ⲛ̄"/>
		<feat xlink:href="#sSpan766" value="ϩⲉ"/>
		<feat xlink:href="#sSpan768" value="ⲛ̄ϩⲟⲩⲛ"/>
		<feat xlink:href="#sSpan772" value="ⲙ̄"/>
		<feat xlink:href="#sSpan777" value="ⲡⲉⲧ︤ⲛ︥"/>
		<feat xlink:href="#sSpan780" value="ⲙⲁ"/>
		<feat xlink:href="#sSpan782" value="·"/>
		<feat xlink:href="#sSpan787" value="ⲙⲁⲗⲓⲥⲧⲁ"/>
		<feat xlink:href="#sSpan797" value="ⲉ"/>
		<feat xlink:href="#sSpan801" value="ⲁⲣ"/>
		<feat xlink:href="#sSpan803" value="ϫⲟⲟⲩ"/>
		<feat xlink:href="#sSpan806" value="ⲙ̄"/>
		<feat xlink:href="#sSpan810" value="ⲡⲟⲩ"/>
		<feat xlink:href="#sSpan813" value="ⲉⲓⲱⲧ"/>
		<feat xlink:href="#sSpan816" value="ⲙ︤ⲛ︥"/>
		<feat xlink:href="#sSpan820" value="ⲧⲟⲩ"/>
		<feat xlink:href="#sSpan823" value="ⲙⲁⲁⲩ"/>
		<feat xlink:href="#sSpan826" value=","/>
		<feat xlink:href="#sSpan830" value="ϫⲉ"/>
		<feat xlink:href="#sSpan834" value="ⲁ"/>
		<feat xlink:href="#sSpan836" value="ⲩ"/>
		<feat xlink:href="#sSpan838" value="ⲙⲓϣⲉ"/>
		<feat xlink:href="#sSpan841" value="ⲛ︤ⲙ︥ⲙⲁ"/>
		<feat xlink:href="#sSpan845" value="ⲓ̈"/>
		<feat xlink:href="#sSpan847" value="·"/>
		<feat xlink:href="#sSpan852" value="ⲏ̇"/>
		<feat xlink:href="#sSpan857" value="ϫⲉ"/>
		<feat xlink:href="#sSpan861" value="ⲁ"/>
		<feat xlink:href="#sSpan863" value="ⲩ"/>
		<feat xlink:href="#sSpan865" value="ϩⲟⲟⲩϣ"/>
		<feat xlink:href="#sSpan868" value="ⲉⲣⲟ"/>
		<feat xlink:href="#sSpan873" value="ⲓ̈"/>
		<feat xlink:href="#sSpan876" value="·"/>
		<feat xlink:href="#sSpan880" value="ⲉⲣ"/>
		<feat xlink:href="#sSpan887" value="ϫⲓϭⲟⲗ"/>
		<feat xlink:href="#sSpan891" value="ⲉ"/>
		<feat xlink:href="#sSpan895" value="ⲙⲡ"/>
		<feat xlink:href="#sSpan897" value="ⲟⲩ"/>
		<feat xlink:href="#sSpan899" value="ⲙⲓϣⲉ"/>
		<feat xlink:href="#sSpan902" value="ⲛ︤ⲙ︥ⲙ"/>
		<feat xlink:href="#sSpan906" value="ⲉ"/>
		<feat xlink:href="#sSpan909" value="ⲟⲩⲧⲉ"/>
		<feat xlink:href="#sSpan914" value="ⲙ̄ⲡ"/>
		<feat xlink:href="#sSpan918" value="ⲟⲩ"/>
		<feat xlink:href="#sSpan920" value="ϩⲟⲟⲩϣ"/>
		<feat xlink:href="#sSpan923" value="ⲉⲣⲟ̂"/>
		<feat xlink:href="#sSpan927" value="·"/>
		<feat xlink:href="#sSpan931" value="ⲛ̄ⲧ"/>
		<feat xlink:href="#sSpan938" value="ⲁ"/>
		<feat xlink:href="#sSpan940" value="ⲩ"/>
		<feat xlink:href="#sSpan942" value="ⲙⲓϣⲉ"/>
		<feat xlink:href="#sSpan944" value="ⲛ︤ⲙ︥ⲙ"/>
		<feat xlink:href="#sSpan949" value="ⲉ"/>
		<feat xlink:href="#sSpan951" value="ϫⲉ"/>
		<feat xlink:href="#sSpan955" value="ⲁ"/>
		<feat xlink:href="#sSpan957" value="ⲩ"/>
		<feat xlink:href="#sSpan959" value="ϯ"/>
		<feat xlink:href="#sSpan962" value="ⲛ"/>
		<feat xlink:href="#sSpan966" value="ⲉ⳿"/>
		<feat xlink:href="#sSpan968" value="ⲟⲩ"/>
		<feat xlink:href="#sSpan974" value="ⲉⲡⲓⲥⲧⲏⲙⲏ"/>
		<feat xlink:href="#sSpan978" value="ϩ︤ⲙ︥"/>
		<feat xlink:href="#sSpan982" value="ⲡ"/>
		<feat xlink:href="#sSpan984" value="ⲧⲣⲉ"/>
		<feat xlink:href="#sSpan987" value="ⲡⲁⲣⲁⲃⲁ"/>
		<feat xlink:href="#sSpan990" value="ⲛ̄"/>
		<feat xlink:href="#sSpan994" value="ⲧ"/>
		<feat xlink:href="#sSpan998" value="ⲉ⳯ⲧⲟⲗⲏ̂"/>
		<feat xlink:href="#sSpan1001" value="ⲛ̄"/>
		<feat xlink:href="#sSpan1005" value="ⲧⲉ"/>
		<feat xlink:href="#sSpan1007" value="ϫⲓ"/>
		<feat xlink:href="#sSpan1009" value="ϩⲛ"/>
		<feat xlink:href="#sSpan1011" value="ⲟ"/>
		<feat xlink:href="#sSpan1014" value="ⲛ̄"/>
		<feat xlink:href="#sSpan1018" value="ⲧⲟⲟⲧ"/>
		<feat xlink:href="#sSpan1022" value="ⲟⲩ"/>
		<feat xlink:href="#sSpan1024" value="ⲛ̄"/>
		<feat xlink:href="#sSpan1029" value="ⲛⲟⲩ"/>
		<feat xlink:href="#sSpan1032" value="ⲉⲓⲟⲧⲉ"/>
		<feat xlink:href="#sSpan1034" value="ⲟⲩⲉϣ"/>
		<feat xlink:href="#sSpan1039" value="ⲛ̄"/>
		<feat xlink:href="#sSpan1043" value="ϣⲓⲛⲉ"/>
		<feat xlink:href="#sSpan1045" value="·"/>
		<feat xlink:href="#sSpan1049" value="ⲛ̄ⲧ"/>
		<feat xlink:href="#sSpan1058" value="ⲁⲣ"/>
		<feat xlink:href="#sSpan1060" value="ϣⲓⲛⲉ"/>
		<feat xlink:href="#sSpan1063" value="ⲛ̄ⲥⲁ"/>
		<feat xlink:href="#sSpan1068" value="ⲟⲩ̂"/>
		<feat xlink:href="#sSpan1070" value="ⲉⲣⲉ"/>
		<feat xlink:href="#sSpan1075" value="ⲣ̄ⲭⲣⲉⲓⲁ"/>
		<feat xlink:href="#sSpan1080" value="ⲛⲁ"/>
		<feat xlink:href="#sSpan1084" value="ϥ"/>
		<feat xlink:href="#sSpan1086" value="·"/>
		<feat xlink:href="#sSpan1090" value="ⲁ"/>
		<feat xlink:href="#sSpan1095" value="ⲩ"/>
		<feat xlink:href="#sSpan1097" value="ⲧ︤ⲥ︥ⲧⲟ"/>
		<feat xlink:href="#sSpan1100" value="ⲉⲃⲟⲗ"/>
		<feat xlink:href="#sSpan1105" value="·"/>
		<feat xlink:href="#sSpan1110" value="ⲏ̇"/>
		<feat xlink:href="#sSpan1115" value="ⲉ"/>
		<feat xlink:href="#sSpan1119" value="ⲙⲡ"/>
		<feat xlink:href="#sSpan1121" value="ⲟⲩ"/>
		<feat xlink:href="#sSpan1123" value="ⲧⲁⲁ"/>
		<feat xlink:href="#sSpan1126" value="ϥ"/>
		<feat xlink:href="#sSpan1128" value="ⲛ"/>
		<feat xlink:href="#sSpan1132" value="ⲉ"/>
		<feat xlink:href="#sSpan1135" value="·"/>
		<feat xlink:href="#sSpan1139" value="ⲉⲣϣⲁ⳯"/>
		<feat xlink:href="#sSpan1145" value="ϫⲟⲟ"/>
		<feat xlink:href="#sSpan1148" value="ⲥ"/>
		<feat xlink:href="#sSpan1150" value="ⲙ̄"/>
		<feat xlink:href="#sSpan1154" value="ⲡⲟⲩ"/>
		<feat xlink:href="#sSpan1158" value="ⲉⲓⲱⲧ"/>
		<feat xlink:href="#sSpan1161" value="ⲙ︤ⲛ︥"/>
		<feat xlink:href="#sSpan1165" value="ⲧⲟⲩ"/>
		<feat xlink:href="#sSpan1168" value="ⲙⲁⲁⲩ"/>
		<feat xlink:href="#sSpan1172" value="·"/>
		<feat xlink:href="#sSpan1177" value="ⲉ"/>
		<feat xlink:href="#sSpan1181" value="ⲛ"/>
		<feat xlink:href="#sSpan1184" value="ⲣ̄ϩⲟⲧⲉ"/>
		<feat xlink:href="#sSpan1190" value="·"/>
		<feat xlink:href="#sSpan1195" value="ⲙⲁⲗⲓⲥⲧⲁ"/>
		<feat xlink:href="#sSpan1202" value="ⲉⲣ"/>
		<feat xlink:href="#sSpan1207" value="ϫⲓϭⲟⲗ"/>
		<feat xlink:href="#sSpan1210" value="·"/>
		<feat xlink:href="#sSpan1215" value="ⲟⲩⲕ"/>
		<feat xlink:href="#sSpan1223" value="ⲟⲩⲛ"/>
		<feat xlink:href="#sSpan1225" value="ⲧⲉ"/>
		<feat xlink:href="#sSpan1229" value="ⲟⲩⲱϣ"/>
		<feat xlink:href="#sSpan1232" value="ⲉ"/>
		<feat xlink:href="#sSpan1236" value="ⲧⲣⲉ"/>
		<feat xlink:href="#sSpan1238" value="⳯"/>
		<feat xlink:href="#sSpan1240" value="ⲧⲁⲙⲟ"/>
		<feat xlink:href="#sSpan1243" value="ⲟⲩ"/>
		<feat xlink:href="#sSpan1245" value="ⲉ"/>
		<feat xlink:href="#sSpan1249" value="ⲛⲟⲩ"/>
		<feat xlink:href="#sSpan1253" value="ϩⲃⲏⲩⲉ"/>
		<feat xlink:href="#sSpan1256" value="ⲙ̄"/>
		<feat xlink:href="#sSpan1261" value="ⲙ︤ⲛ︦ⲧ︥ⲥⲟϭ"/>
		<feat xlink:href="#sSpan1265" value="ⲉ"/>
		<feat xlink:href="#sSpan1269" value="ⲧⲉ"/>
		<feat xlink:href="#sSpan1271" value="ⲉⲓⲣⲉ"/>
		<feat xlink:href="#sSpan1274" value="ⲙ̄ⲙⲟ"/>
		<feat xlink:href="#sSpan1278" value="ⲟⲩ"/>
		<feat xlink:href="#sSpan1280" value="·"/>
		<feat xlink:href="#sSpan1284" value="ⲙ︤ⲛ︥"/>
		<feat xlink:href="#sSpan1289" value="ⲛⲟⲩ"/>
		<feat xlink:href="#sSpan1292" value="ϫⲓⲟⲩⲉ"/>
		<feat xlink:href="#sSpan1294" value="ⲙ︤ⲛ︥"/>
		<feat xlink:href="#sSpan1299" value="ⲛⲟⲩ"/>
		<feat xlink:href="#sSpan1303" value="ϯⲧⲱ⳯"/>
		<feat xlink:href="#sSpan1306" value="·"/>
		<feat xlink:href="#sSpan1310" value="ⲧ"/>
		<feat xlink:href="#sSpan1321" value="ⲃ̄ⲗⲗⲏ̂"/>
		<feat xlink:href="#sSpan1323" value="ⲛⲁⲙⲉ"/>
		<feat xlink:href="#sSpan1327" value="ⲉⲧ"/>
		<feat xlink:href="#sSpan1332" value="ϫⲟⲡϫ︤ⲡ︥"/>
		<feat xlink:href="#sSpan1334" value="ⲙ̄"/>
		<feat xlink:href="#sSpan1338" value="ⲙⲉⲉⲣⲉ"/>
		<feat xlink:href="#sSpan1342" value="ⲛ̄"/>
		<feat xlink:href="#sSpan1346" value="ⲑ"/>
		<feat xlink:href="#sSpan1348" value="ⲉ"/>
		<feat xlink:href="#sSpan1350" value="ⲛ̄"/>
		<feat xlink:href="#sSpan1355" value="ⲛ"/>
		<feat xlink:href="#sSpan1358" value="ⲉⲧ"/>
		<feat xlink:href="#sSpan1360" value="ϩ︤ⲛ︥"/>
		<feat xlink:href="#sSpan1362" value="ⲧ"/>
		<feat xlink:href="#sSpan1365" value="ⲡⲁϣⲉ"/>
		<feat xlink:href="#sSpan1368" value="ⲛ̄"/>
		<feat xlink:href="#sSpan1372" value="ⲧⲉ"/>
		<feat xlink:href="#sSpan1375" value="ⲩϣⲏ̂"/>
		<feat xlink:href="#sSpan1377" value="·"/>
		<feat xlink:href="#sSpan1381" value="ⲁⲩⲱ"/>
		<feat xlink:href="#sSpan1386" value="ⲛ̄"/>
		<feat xlink:href="#sSpan1390" value="ⲑ"/>
		<feat xlink:href="#sSpan1392" value="ⲉ"/>
		<feat xlink:href="#sSpan1394" value="ⲛ̄"/>
		<feat xlink:href="#sSpan1398" value="ⲛⲓ"/>
		<feat xlink:href="#sSpan1401" value="ⲃ︤ⲗ︥ⲗⲉ"/>
		<feat xlink:href="#sSpan1404" value=","/>
		<feat xlink:href="#sSpan1408" value="ⲉⲧⲉ"/>
		<feat xlink:href="#sSpan1412" value="ⲙⲛ̄"/>
		<feat xlink:href="#sSpan1414" value="ⲃⲁⲗ"/>
		<feat xlink:href="#sSpan1418" value="ⲙ̄ⲙⲟ"/>
		<feat xlink:href="#sSpan1422" value="ⲟⲩ"/>
		<feat xlink:href="#sSpan1424" value="·"/>
		<feat xlink:href="#sSpan1428" value="ⲉⲃⲟⲗ"/>
		<feat xlink:href="#sSpan1436" value="ⲧⲱⲛ"/>
		<feat xlink:href="#sSpan1440" value="ϫⲉ"/>
		<feat xlink:href="#sSpan1445" value="ⲉⲣⲉ"/>
		<feat xlink:href="#sSpan1448" value="ⲛⲟⲩ"/>
		<feat xlink:href="#sSpan1451" value="ⲉⲓⲟⲧⲉ"/>
		<feat xlink:href="#sSpan1454" value="ⲛ̄"/>
		<feat xlink:href="#sSpan1458" value="ⲃⲟⲗ"/>
		<feat xlink:href="#sSpan1460" value="ϩ︤ⲙ︥"/>
		<feat xlink:href="#sSpan1464" value="ⲡ"/>
		<feat xlink:href="#sSpan1468" value="ⲕⲟⲥⲙⲟⲥ"/>
		<feat xlink:href="#sSpan1470" value="ⲛⲁ"/>
		<feat xlink:href="#sSpan1475" value="ⲥⲱⲧ︤ⲙ︥"/>
		<feat xlink:href="#sSpan1477" value="ⲉ"/>
		<feat xlink:href="#sSpan1481" value="ⲡⲟⲩ"/>
		<feat xlink:href="#sSpan1485" value="ϣⲁϫⲉ"/>
		<feat xlink:href="#sSpan1487" value="ⲛ̄ϩⲟⲩⲛ"/>
		<feat xlink:href="#sSpan1492" value="ϩ︤ⲙ︥"/>
		<feat xlink:href="#sSpan1496" value="ⲡⲉⲓ̈"/>
		<feat xlink:href="#sSpan1499" value="ⲙⲁ"/>
		<feat xlink:href="#sSpan1502" value="·"/>
		<feat xlink:href="#sSpan1506" value="ⲛ̄"/>
		<feat xlink:href="#sSpan1510" value="ⲧ︤ⲛ︥"/>
		<feat xlink:href="#sSpan1512" value="ⲧ︤ⲙ︥"/>
		<feat xlink:href="#sSpan1514" value="ⲉⲓⲙⲉ"/>
		<feat xlink:href="#sSpan1517" value="ⲁⲛⲟⲛ"/>
		<feat xlink:href="#sSpan1521" value="ϩ︤ⲛ︥"/>
		<feat xlink:href="#sSpan1526" value="ⲑ"/>
		<feat xlink:href="#sSpan1529" value="ⲉⲛⲉ.ⲉⲧⲏ"/>
		<feat xlink:href="#sSpan1532" value="·"/>
		<feat xlink:href="#sSpan1536" value="ⲡⲉ"/>
		<feat xlink:href="#sSpan1545" value="ⲁ"/>
		<feat xlink:href="#sSpan1549" value="ⲩ"/>
		<feat xlink:href="#sSpan1551" value="ϫⲓⲧⲉ"/>
		<feat xlink:href="#sSpan1553" value="ⲛ̄"/>
		<feat xlink:href="#sSpan1559" value="ϭⲟⲛⲥ"/>
		<feat xlink:href="#sSpan1562" value="ⲛⲁⲙⲉ"/>
		<feat xlink:href="#sSpan1567" value="ⲏ̇"/>
		<feat xlink:href="#sSpan1572" value="ⲁ"/>
		<feat xlink:href="#sSpan1576" value="ⲩ"/>
		<feat xlink:href="#sSpan1578" value="ⲑⲙ̄ⲕⲟ"/>
		<feat xlink:href="#sSpan1581" value="ⲏ̇"/>
		<feat xlink:href="#sSpan1586" value="ⲁ"/>
		<feat xlink:href="#sSpan1590" value="ⲩ"/>
		<feat xlink:href="#sSpan1593" value="ⲗⲩⲡⲉⲓ"/>
		<feat xlink:href="#sSpan1595" value="ⲙⲙⲟ"/>
		<feat xlink:href="#sSpan1601" value="·"/>
		<feat xlink:href="#sSpan1605" value="ⲛⲉⲣⲉ"/>
		<feat xlink:href="#sSpan1609" value="ⲏⲡ"/>
		<feat xlink:href="#sSpan1611" value="ⲡⲉ"/>
		<feat xlink:href="#sSpan1616" value="ⲉ"/>
		<feat xlink:href="#sSpan1620" value="ⲧⲁⲙⲟ"/>
		<feat xlink:href="#sSpan1622" value="ⲛ"/>
		<feat xlink:href="#sSpan1624" value="ⲉ"/>
		<feat xlink:href="#sSpan1629" value="ⲡⲟⲩ"/>
		<feat xlink:href="#sSpan1632" value="ⲙ̄ⲕⲁϩ"/>
		<feat xlink:href="#sSpan1634" value="·"/>
		<feat xlink:href="#sSpan1638" value="ⲧⲁⲣ︤"/>
		<feat xlink:href="#sSpan1645" value="ⲛ︥"/>
		<feat xlink:href="#sSpan1647" value="ⲉⲓⲙⲉ"/>
		<feat xlink:href="#sSpan1649" value="ϫⲉ"/>
		<feat xlink:href="#sSpan1653" value="ⲉⲣⲉ"/>
		<feat xlink:href="#sSpan1657" value="ϫⲉⲙⲉ"/>
		<feat xlink:href="#sSpan1660" value="·"/>
		<feat xlink:href="#sSpan1664" value="ϫⲛ̄"/>
		<feat xlink:href="#sSpan1670" value="ⲙ̄ⲙⲟⲛ"/>
		<feat xlink:href="#sSpan1675" value="·"/>
		<feat xlink:href="#sSpan1680" value="ⲏ̇"/>
		<feat xlink:href="#sSpan1686" value="ⲛ̄"/>
		<feat xlink:href="#sSpan1690" value="ⲧⲉ"/>
		<feat xlink:href="#sSpan1693" value="ⲧⲁⲙⲉ"/>
		<feat xlink:href="#sSpan1696" value="ⲧⲟⲩ"/>
		<feat xlink:href="#sSpan1699" value="ⲙⲁⲁⲩ"/>
		<feat xlink:href="#sSpan1702" value="ⲉⲧ"/>
		<feat xlink:href="#sSpan1706" value="ϩ︤ⲙ︥"/>
		<feat xlink:href="#sSpan1708" value="ⲡ"/>
		<feat xlink:href="#sSpan1711" value="ⲙⲁ"/>
		<feat xlink:href="#sSpan1713" value="ϩⲁⲧⲏ̂"/>
		<feat xlink:href="#sSpan1719" value="."/>
		<feat xlink:href="#sSpan1723" value="ⲉϣⲱⲡⲉ"/>
		<feat xlink:href="#sSpan1730" value="ⲉⲣⲉ"/>
		<feat xlink:href="#sSpan1734" value="ⲙⲟⲩⲧⲉ"/>
		<feat xlink:href="#sSpan1737" value="ⲉⲣⲟ"/>
		<feat xlink:href="#sSpan1741" value="ⲥ"/>
		<feat xlink:href="#sSpan1743" value="ⲁⲛ"/>
		<feat xlink:href="#sSpan1747" value="ⲙ̄ⲙⲁⲧⲉ"/>
		<feat xlink:href="#sSpan1752" value="ϩ︤ⲛ︥"/>
		<feat xlink:href="#sSpan1756" value="ⲧⲟⲩ"/>
		<feat xlink:href="#sSpan1759" value="ⲧⲁⲡⲣⲟ"/>
		<feat xlink:href="#sSpan1762" value="ϫⲉ"/>
		<feat xlink:href="#sSpan1766" value="ⲙⲁⲁⲩ"/>
		<feat xlink:href="#sSpan1771" value="."/>
		<feat xlink:href="#sSpan1775" value="ⲉⲣⲉ"/>
		<feat xlink:href="#sSpan1781" value="ⲡⲟⲩ"/>
		<feat xlink:href="#sSpan1784" value="ϩⲏⲧ"/>
		<feat xlink:href="#sSpan1788" value="ⲇⲉ"/>
		<feat xlink:href="#sSpan1792" value="ⲟⲩⲏⲩ"/>
		<feat xlink:href="#sSpan1796" value="ⲛ̄ⲥⲁ"/>
		<feat xlink:href="#sSpan1801" value="ⲃⲟⲗ"/>
		<feat xlink:href="#sSpan1803" value="ⲙ̄ⲙⲟ"/>
		<feat xlink:href="#sSpan1809" value="ⲥ"/>
		<feat xlink:href="#sSpan1811" value="."/>
		<feat xlink:href="#sSpan1815" value="ⲛ̄"/>
		<feat xlink:href="#sSpan1822" value="ⲑ"/>
		<feat xlink:href="#sSpan1824" value="ⲉ"/>
		<feat xlink:href="#sSpan1826" value="ⲉⲧ"/>
		<feat xlink:href="#sSpan1830" value="ⲥⲏϩ"/>
		<feat xlink:href="#sSpan1832" value="ϫⲉ"/>
		<feat xlink:href="#sSpan1839" value="ⲡⲉⲓ̈"/>
		<feat xlink:href="#sSpan1843" value="ⲗⲁⲟⲥ"/>
		<feat xlink:href="#sSpan1845" value="ⲧⲁⲓ̈ⲟ̂"/>
		<feat xlink:href="#sSpan1850" value="ⲙ̄ⲙⲟ"/>
		<feat xlink:href="#sSpan1854" value="ⲓ̈"/>
		<feat xlink:href="#sSpan1856" value="ϩ︤ⲛ︥"/>
		<feat xlink:href="#sSpan1861" value="ⲛⲉⲩ"/>
		<feat xlink:href="#sSpan1864" value="ⲥⲡⲟⲧⲟⲩ"/>
		<feat xlink:href="#sSpan1867" value="·"/>
		<feat xlink:href="#sSpan1871" value="ⲡⲉⲩ"/>
		<feat xlink:href="#sSpan1876" value="ϩⲏⲧ"/>
		<feat xlink:href="#sSpan1880" value="ⲇⲉ"/>
		<feat xlink:href="#sSpan1885" value="ⲟⲩⲏⲩ"/>
		<feat xlink:href="#sSpan1889" value="ⲛ̄ⲥⲁ"/>
		<feat xlink:href="#sSpan1893" value="⳯"/>
		<feat xlink:href="#sSpan1895" value="ⲃⲟⲗ"/>
		<feat xlink:href="#sSpan1898" value="ⲙ̄ⲙⲟ"/>
		<feat xlink:href="#sSpan1902" value="ⲓ̈"/>
		<feat xlink:href="#sSpan1904" value="·"/>
		<feat xlink:href="#sSpan1908" value="ⲉⲛⲉ"/>
		<feat xlink:href="#sSpan1917" value="ⲙ̄ⲡⲉ"/>
		<feat xlink:href="#sSpan1919" value="ⲡⲟⲩ"/>
		<feat xlink:href="#sSpan1923" value="ϩⲏⲧ⳿"/>
		<feat xlink:href="#sSpan1927" value="ⲅⲁⲣ"/>
		<feat xlink:href="#sSpan1931" value="ⲛ"/>
		<feat xlink:href="#sSpan1936" value="ⲁⲧⲥⲃⲱ̂"/>
		<feat xlink:href="#sSpan1941" value="ⲣ̄ⲕⲁⲕⲉ"/>
		<feat xlink:href="#sSpan1946" value="ⲉⲣⲟ̂"/>
		<feat xlink:href="#sSpan1953" value="."/>
		<feat xlink:href="#sSpan1957" value="ⲛⲉⲣ"/>
		<feat xlink:href="#sSpan1961" value="ⲁ"/>
		<feat xlink:href="#sSpan1964" value="ⲕⲁⲧⲁⲫⲣⲟⲛⲉⲓ"/>
		<feat xlink:href="#sSpan1967" value="ⲡⲉ"/>
		<feat xlink:href="#sSpan1971" value="ⲛ̄"/>
		<feat xlink:href="#sSpan1976" value="ⲛⲟⲩ"/>
		<feat xlink:href="#sSpan1979" value="ⲉⲓⲟⲧⲉ"/>
		<feat xlink:href="#sSpan1981" value="ⲉⲧ"/>
		<feat xlink:href="#sSpan1986" value="ϩ︤ⲛ︥"/>
		<feat xlink:href="#sSpan1988" value="ⲧ"/>
		<feat xlink:href="#sSpan1992" value="ⲥⲩⲛⲁⲅⲱⲅⲏ"/>
		<feat xlink:href="#sSpan1995" value="ⲛ︤ⲙ︥ⲙ"/>
		<feat xlink:href="#sSpan1999" value="ⲉ"/>
		<feat xlink:href="#sSpan2001" value="·"/>
		<feat xlink:href="#sSpan2006" value="ⲏ̇"/>
		<feat xlink:href="#sSpan2013" value="ⲛⲉⲣ"/>
		<feat xlink:href="#sSpan2017" value="ⲁ"/>
		<feat xlink:href="#sSpan2019" value="ⲥⲱϣ"/>
		<feat xlink:href="#sSpan2021" value="ⲛ̄"/>
		<feat xlink:href="#sSpan2026" value="ⲛⲉ"/>
		<feat xlink:href="#sSpan2029" value="ⲥⲛⲏⲩ"/>
		<feat xlink:href="#sSpan2031" value=","/>
		<feat xlink:href="#sSpan2035" value="ⲉⲧⲉⲣⲉ"/>
		<feat xlink:href="#sSpan2040" value="ⲟⲩⲏϩ"/>
		<feat xlink:href="#sSpan2042" value="ⲛ︤ⲙ︥ⲙⲁ"/>
		<feat xlink:href="#sSpan2047" value="ⲩ"/>
		<feat xlink:href="#sSpan2049" value="ϩ︤ⲛ︥"/>
		<feat xlink:href="#sSpan2053" value="ⲧⲟⲩ"/>
		<feat xlink:href="#sSpan2058" value="ⲙ︤ⲛ︦ⲧ︥ϫⲁⲥⲓϩⲏⲧ"/>
		<feat xlink:href="#sSpan2063" value="·"/>
		<feat xlink:href="#sSpan2067" value="ⲙ︤ⲛ︥"/>
		<feat xlink:href="#sSpan2072" value="ⲧⲟⲩ"/>
		<feat xlink:href="#sSpan2076" value="ⲙ︤ⲛ︦ⲧ︥ⲃⲁⲃⲉⲣⲱⲙⲉ"/>
		<feat xlink:href="#sSpan2081" value="·"/>
		<feat xlink:href="#sSpan2086" value="ⲏ̇"/>
		<feat xlink:href="#sSpan2095" value="ⲉⲛⲉ"/>
		<feat xlink:href="#sSpan2099" value="ⲙ̄ⲡⲉ"/>
		<feat xlink:href="#sSpan2101" value="ⲕⲱ̂"/>
		<feat xlink:href="#sSpan2104" value="ⲛ̄ⲥⲱ̂"/>
		<feat xlink:href="#sSpan2109" value="ⲛ̄"/>
		<feat xlink:href="#sSpan2113" value="ⲧⲉ"/>
		<feat xlink:href="#sSpan2116" value="ⲥⲃⲱ̂"/>
		<feat xlink:href="#sSpan2119" value="ⲙ︤ⲛ︥"/>
		<feat xlink:href="#sSpan2124" value="ⲧ"/>
		<feat xlink:href="#sSpan2128" value="ⲙ︤ⲛ︦︦ⲧ︥ⲣ︤ⲙ︥ⲛ̄ϩⲏⲧ"/>
		<feat xlink:href="#sSpan2134" value="."/>
		<feat xlink:href="#sSpan2138" value="ⲁⲩⲱ"/>
		<feat xlink:href="#sSpan2144" value="ⲛ̄"/>
		<feat xlink:href="#sSpan2148" value="ⲧⲉ"/>
		<feat xlink:href="#sSpan2151" value="ⲙⲉⲣⲉ"/>
		<feat xlink:href="#sSpan2153" value="ⲡ︤"/>
		<feat xlink:href="#sSpan2157" value="ⲡ︥ⲉⲑⲟⲟⲩ"/>
		<feat xlink:href="#sSpan2162" value=","/>
		<feat xlink:href="#sSpan2166" value="ⲉϩⲟⲩⲉ"/>
		<feat xlink:href="#sSpan2170" value="ⲡ"/>
		<feat xlink:href="#sSpan2175" value="ⲡⲉⲧⲛⲁⲛⲟⲩϥ"/>
		<feat xlink:href="#sSpan2182" value="."/>
		<feat xlink:href="#sSpan2186" value="ⲛⲉⲣ"/>
		<feat xlink:href="#sSpan2193" value="ⲁ"/>
		<feat xlink:href="#sSpan2196" value="ⲙⲉⲗⲉⲧⲁ"/>
		<feat xlink:href="#sSpan2199" value="ⲡⲉ"/>
		<feat xlink:href="#sSpan2204" value="ⲛ̄"/>
		<feat xlink:href="#sSpan2208" value="ϩⲉⲛ"/>
		<feat xlink:href="#sSpan2211" value="ϣⲁϫⲉ"/>
		<feat xlink:href="#sSpan2214" value="ⲉ"/>
		<feat xlink:href="#sSpan2218" value="ⲩ"/>
		<feat xlink:href="#sSpan2220" value="ⲃⲟⲟⲛⲉ"/>
		<feat xlink:href="#sSpan2222" value="."/>
		<feat xlink:href="#sSpan2226" value="ⲛ̄"/>
		<feat xlink:href="#sSpan2231" value="ⲧⲉ"/>
		<feat xlink:href="#sSpan2233" value="ϫⲟⲟ"/>
		<feat xlink:href="#sSpan2235" value="ⲥ"/>
		<feat xlink:href="#sSpan2237" value="ϩ︤ⲛ︥"/>
		<feat xlink:href="#sSpan2241" value="ⲧⲟⲩ"/>
		<feat xlink:href="#sSpan2245" value="ⲧⲁⲡⲣⲟ̂"/>
		<feat xlink:href="#sSpan2247" value="ⲉⲧ"/>
		<feat xlink:href="#sSpan2252" value="ⲙⲉϩ"/>
		<feat xlink:href="#sSpan2254" value="ⲛ̄"/>
		<feat xlink:href="#sSpan2258" value="ⲥⲁϩⲟⲩ"/>
		<feat xlink:href="#sSpan2262" value="ϩⲓ"/>
		<feat xlink:href="#sSpan2267" value="ⲥⲓϣⲉ"/>
		<feat xlink:href="#sSpan2270" value=","/>
		<feat xlink:href="#sSpan2274" value="ϫⲉ"/>
		<feat xlink:href="#sSpan2280" value="ϯ"/>
		<feat xlink:href="#sSpan2283" value="ⲛⲁ"/>
		<feat xlink:href="#sSpan2285" value="ⲃⲱⲕ"/>
		<feat xlink:href="#sSpan2288" value="ⲉ"/>
		<feat xlink:href="#sSpan2292" value="ⲕⲉ"/>
		<feat xlink:href="#sSpan2295" value="ϩⲉⲛⲉⲉⲧⲏ"/>
		<feat xlink:href="#sSpan2298" value="."/>
		<feat xlink:href="#sSpan2302" value="ⲛ̄ⲧ"/>
		<feat xlink:href="#sSpan2311" value="ⲁ"/>
		<feat xlink:href="#sSpan2313" value="ⲡⲉⲓ̈"/>
		<feat xlink:href="#sSpan2316" value="ⲙⲁ"/>
		<feat xlink:href="#sSpan2318" value="ϫⲓⲧ"/>
		<feat xlink:href="#sSpan2324" value="ⲉ"/>
		<feat xlink:href="#sSpan2326" value="ⲛ̄"/>
		<feat xlink:href="#sSpan2330" value="ϭⲟⲛ︤ⲥ︥"/>
		<feat xlink:href="#sSpan2333" value="ϩ︤ⲛ︥"/>
		<feat xlink:href="#sSpan2337" value="ⲟⲩ̂"/>
		<feat xlink:href="#sSpan2340" value="·"/>
		<feat xlink:href="#sSpan2345" value="ⲏ̇"/>
		<feat xlink:href="#sSpan2351" value="ⲟⲩ̂"/>
		<feat xlink:href="#sSpan2355" value="ⲡⲉ"/>
		<feat xlink:href="#sSpan2359" value="ⲡ"/>
		<feat xlink:href="#sSpan2366" value="ⲃⲁⲣⲟⲥ"/>
		<feat xlink:href="#sSpan2368" value="ⲉⲛⲧ"/>
		<feat xlink:href="#sSpan2374" value="ⲁ"/>
		<feat xlink:href="#sSpan2377" value="ⲩ"/>
		<feat xlink:href="#sSpan2379" value="ⲟⲩⲁϩ︤"/>
		<feat xlink:href="#sSpan2382" value="ϥ︥"/>
		<feat xlink:href="#sSpan2384" value="ⲉϫⲱ̂"/>
		<feat xlink:href="#sSpan2388" value="·"/>
		<feat xlink:href="#sSpan2392" value="ⲛ̄ⲥⲁⲃⲏⲗ"/>
		<feat xlink:href="#sSpan2400" value="ϫⲉ"/>
		<feat xlink:href="#sSpan2404" value="ⲁ"/>
		<feat xlink:href="#sSpan2406" value="ⲩ"/>
		<feat xlink:href="#sSpan2408" value="ϫⲟⲟ"/>
		<feat xlink:href="#sSpan2411" value="ⲥ"/>
		<feat xlink:href="#sSpan2413" value="ⲛ"/>
		<feat xlink:href="#sSpan2417" value="ⲉ"/>
		<feat xlink:href="#sSpan2419" value="ϫⲉ"/>
		<feat xlink:href="#sSpan2423" value="ⲙ̄ⲡ︤ⲣ︥"/>
		<feat xlink:href="#sSpan2427" value="ⲡⲁⲣⲁⲃⲁ"/>
		<feat xlink:href="#sSpan2429" value="ⲛ̄"/>
		<feat xlink:href="#sSpan2433" value="ⲧ"/>
		<feat xlink:href="#sSpan2438" value="ⲉ⳯ⲧⲟⲗⲏ̂"/>
		<feat xlink:href="#sSpan2441" value="ⲙ̄"/>
		<feat xlink:href="#sSpan2445" value="ⲡ"/>
		<feat xlink:href="#sSpan2448" value="ⲛⲟⲩⲧⲉ"/>
		<feat xlink:href="#sSpan2452" value="·"/>
		<feat xlink:href="#sSpan2456" value="ⲉⲃⲟⲗ"/>
		<feat xlink:href="#sSpan2463" value="ϫⲉ"/>
		<feat xlink:href="#sSpan2467" value="ⲁⲣ"/>
		<feat xlink:href="#sSpan2469" value="ϯ"/>
		<feat xlink:href="#sSpan2472" value="ϣⲟⲟⲩ"/>
		<feat xlink:href="#sSpan2475" value=","/>
		<feat xlink:href="#sSpan2479" value="ⲁⲩⲱ"/>
		<feat xlink:href="#sSpan2484" value="ⲙⲉⲥⲟⲩⲁ⸍ⲫⲓ"/>
		<feat xlink:href="#sSpan2490" value="ⲛ̄"/>
		<feat xlink:href="#sSpan2494" value="ⲟⲩ"/>
		<feat xlink:href="#sSpan2498" value="ⲗⲉⲗⲟⲩ"/>
		<feat xlink:href="#sSpan2500" value="ⲉ"/>
		<feat xlink:href="#sSpan2504" value="ⲥ"/>
		<feat xlink:href="#sSpan2506" value="ϩ︤ⲙ︥"/>
		<feat xlink:href="#sSpan2509" value="ⲡ"/>
		<feat xlink:href="#sSpan2512" value="ⲏⲓ̈"/>
		<feat xlink:href="#sSpan2514" value="ⲛ︤ⲙ︥ⲙ"/>
		<feat xlink:href="#sSpan2518" value="ⲉ"/>
		<feat xlink:href="#sSpan2520" value="ϫⲉⲕⲁⲥ"/>
		<feat xlink:href="#sSpan2527" value="ⲉ"/>
		<feat xlink:href="#sSpan2531" value="ⲧⲉⲧ"/>
		<feat xlink:href="#sSpan2534" value="ⲛⲁ"/>
		<feat xlink:href="#sSpan2536" value="ϣⲱⲡⲉ"/>
		<feat xlink:href="#sSpan2538" value="ⲛ̄"/>
		<feat xlink:href="#sSpan2543" value="ϫⲣⲟⲡ⳿"/>
		<feat xlink:href="#sSpan2546" value="ⲁⲩⲱ"/>
		<feat xlink:href="#sSpan2550" value="ⲛ̄"/>
		<feat xlink:href="#sSpan2555" value="ⲥⲕⲁⲛⲇⲁⲗⲟⲛ"/>
		<feat xlink:href="#sSpan2559" value="ⲛ̄"/>
		<feat xlink:href="#sSpan2564" value="ⲛⲉⲧ︤ⲛ︥"/>
		<feat xlink:href="#sSpan2566" value="ⲉⲣⲏⲩ"/>
		<feat xlink:href="#sSpan2568" value="·"/>
		<feat xlink:href="#sSpan2573" value="ⲉⲧⲃⲉ"/>
		<feat xlink:href="#sSpan2583" value="ⲡⲁⲓ̈"/>
		<feat xlink:href="#sSpan2586" value="ϯ"/>
		<feat xlink:href="#sSpan2591" value="ϩⲟⲙⲟⲗⲟⲅⲉⲓ"/>
		<feat xlink:href="#sSpan2594" value="ⲛ"/>
		<feat xlink:href="#sSpan2598" value="ⲉ"/>
		<feat xlink:href="#sSpan2600" value="ϫⲉ"/>
		<feat xlink:href="#sSpan2605" value="ⲉϣⲱⲡⲉ"/>
		<feat xlink:href="#sSpan2607" value="ⲉⲣⲉ"/>
		<feat xlink:href="#sSpan2612" value="ⲧ︤ⲙ︥"/>
		<feat xlink:href="#sSpan2615" value="ⲕⲁⲉⲡⲓⲥⲧⲏⲙⲏ"/>
		<feat xlink:href="#sSpan2620" value="ⲙ̄ⲙⲟ"/>
		<feat xlink:href="#sSpan2624" value="ⲁⲩⲱ"/>
		<feat xlink:href="#sSpan2629" value="ⲛ̄"/>
		<feat xlink:href="#sSpan2633" value="ⲧⲉ"/>
		<feat xlink:href="#sSpan2635" value="ϥⲓ"/>
		<feat xlink:href="#sSpan2638" value="ⲧⲉⲓ̈"/>
		<feat xlink:href="#sSpan2645" value="ⲙ︤ⲛ︦ⲧ︥ⲁⲧⲥⲱⲧⲙ̄"/>
		<feat xlink:href="#sSpan2652" value="ⲉⲃⲟⲗ"/>
		<feat xlink:href="#sSpan2657" value="ⲙ̄ⲙⲟ"/>
		<feat xlink:href="#sSpan2661" value="ⲙ︤ⲛ︥"/>
		<feat xlink:href="#sSpan2666" value="ⲛⲓ"/>
		<feat xlink:href="#sSpan2669" value="ϯⲧⲱⲛ"/>
		<feat xlink:href="#sSpan2671" value="ⲉ"/>
		<feat xlink:href="#sSpan2676" value="ⲡ"/>
		<feat xlink:href="#sSpan2679" value="ϫⲓⲛϫⲏ"/>
		<feat xlink:href="#sSpan2681" value="."/>
		<feat xlink:href="#sSpan2685" value="ϯ"/>
		<feat xlink:href="#sSpan2691" value="ⲛⲁ"/>
		<feat xlink:href="#sSpan2694" value="ⲧⲣⲉ"/>
		<feat xlink:href="#sSpan2696" value="ⲡⲟⲩ"/>
		<feat xlink:href="#sSpan2699" value="ϩⲏⲧ"/>
		<feat xlink:href="#sSpan2704" value="ⲙ̄ⲕⲁϩ"/>
		<feat xlink:href="#sSpan2708" value="."/>
		<feat xlink:href="#sSpan2712" value="ⲁⲩⲱ"/>
		<feat xlink:href="#sSpan2719" value="ϯ"/>
		<feat xlink:href="#sSpan2724" value="ⲛⲁ"/>
		<feat xlink:href="#sSpan2726" value="ⲧⲣⲉ"/>
		<feat xlink:href="#sSpan2728" value="ⲩ"/>
		<feat xlink:href="#sSpan2730" value="ⲉⲓⲣⲉ"/>
		<feat xlink:href="#sSpan2734" value="ⲛ"/>
		<feat xlink:href="#sSpan2738" value="ⲉ"/>
		<feat xlink:href="#sSpan2741" value="ⲕⲁⲧⲁ"/>
		<feat xlink:href="#sSpan2745" value="ⲡ"/>
		<feat xlink:href="#sSpan2749" value="ⲉⲛⲧ"/>
		<feat xlink:href="#sSpan2751" value="ⲁ"/>
		<feat xlink:href="#sSpan2753" value="ϥ"/>
		<feat xlink:href="#sSpan2755" value="ⲉⲓ"/>
		<feat xlink:href="#sSpan2758" value="ⲉⲃⲟⲗ"/>
		<feat xlink:href="#sSpan2763" value="ϩ︤ⲛ︥"/>
		<feat xlink:href="#sSpan2767" value="ⲧⲟⲩ"/>
		<feat xlink:href="#sSpan2770" value="ⲧⲁⲡⲣⲟ̂"/>
		<feat xlink:href="#sSpan2773" value="·"/>
		<feat xlink:href="#sSpan2779" value="ⲛⲁⲙⲉ"/>
		<feat xlink:href="#sSpan2789" value="ϯ"/>
		<feat xlink:href="#sSpan2793" value="ⲙⲟⲕϩ̄"/>
		<feat xlink:href="#sSpan2795" value="ⲛ̄"/>
		<feat xlink:href="#sSpan2800" value="ϩⲏⲧ"/>
		<feat xlink:href="#sSpan2802" value="ⲛⲁ"/>
		<feat xlink:href="#sSpan2806" value="ⲓ̈"/>
		<feat xlink:href="#sSpan2808" value=","/>
		<feat xlink:href="#sSpan2812" value="ⲛ︤ⲙ︥ⲙ"/>
		<feat xlink:href="#sSpan2817" value="ⲉ"/>
		<feat xlink:href="#sSpan2820" value=","/>
		<feat xlink:href="#sSpan2825" value="ⲏ̇"/>
		<feat xlink:href="#sSpan2829" value="ⲛ︤ⲙ︥ⲙⲏ"/>
		<feat xlink:href="#sSpan2833" value="ⲧ︤ⲛ︥"/>
		<feat xlink:href="#sSpan2837" value="·"/>
		<feat xlink:href="#sSpan2841" value="ⲉ"/>
		<feat xlink:href="#sSpan2847" value="ⲓ̈"/>
		<feat xlink:href="#sSpan2850" value="ⲣ̄ϩⲟⲧⲉ"/>
		<feat xlink:href="#sSpan2854" value="ϫⲉ"/>
		<feat xlink:href="#sSpan2860" value="ⲙⲏⲡⲟⲧⲉ"/>
		<feat xlink:href="#sSpan2862" value="ⲛ̄"/>
		<feat xlink:href="#sSpan2867" value="ⲑ"/>
		<feat xlink:href="#sSpan2869" value="ⲉ"/>
		<feat xlink:href="#sSpan2871" value="ⲉⲛⲧ"/>
		<feat xlink:href="#sSpan2875" value="ⲁ"/>
		<feat xlink:href="#sSpan2877" value="ⲡ"/>
		<feat xlink:href="#sSpan2881" value="ϩⲟϥ"/>
		<feat xlink:href="#sSpan2884" value="ⲉⲝⲁⲡⲁⲧⲁ"/>
		<feat xlink:href="#sSpan2889" value="ⲛ̄"/>
		<feat xlink:href="#sSpan2894" value="ⲉⲩϩⲁ"/>
		<feat xlink:href="#sSpan2897" value="ϩ︤ⲛ︥"/>
		<feat xlink:href="#sSpan2901" value="ⲧⲉϥ"/>
		<feat xlink:href="#sSpan2906" value="ⲡⲁⲛⲟⲩⲣⲅⲓⲁ"/>
		<feat xlink:href="#sSpan2909" value="ⲛ̄"/>
		<feat xlink:href="#sSpan2913" value="ⲥⲉ"/>
		<feat xlink:href="#sSpan2915" value="ⲧⲁⲕⲟ̂"/>
		<feat xlink:href="#sSpan2918" value="ⲛ̄ϭⲓ"/>
		<feat xlink:href="#sSpan2922" value="ⲛⲉⲧⲛ̄"/>
		<feat xlink:href="#sSpan2926" value="ϩⲏⲧ"/>
		<feat xlink:href="#sSpan2929" value="ⲉⲃⲟⲗ"/>
		<feat xlink:href="#sSpan2934" value="ϩ︤ⲛ︥"/>
		<feat xlink:href="#sSpan2938" value="ⲧ"/>
		<feat xlink:href="#sSpan2943" value="ⲙ︤ⲛ︦ⲧ︥ϩⲁⲡⲗⲟⲩⲥ"/>
		<feat xlink:href="#sSpan2949" value="ⲙ︤ⲛ︥"/>
		<feat xlink:href="#sSpan2954" value="ⲡ"/>
		<feat xlink:href="#sSpan2957" value="ⲧ︤ⲃ︦ⲃ︥ⲟ"/>
		<feat xlink:href="#sSpan2959" value="ⲉⲧ"/>
		<feat xlink:href="#sSpan2964" value="ϫⲓ"/>
		<feat xlink:href="#sSpan2967" value="ⲉϩⲟⲩⲛ"/>
		<feat xlink:href="#sSpan2971" value="ⲉ"/>
		<feat xlink:href="#sSpan2976" value="ⲡⲉ"/>
		<feat xlink:href="#sSpan2980" value="ⲭ︤ⲥ︥"/>
		<feat xlink:href="#sSpan2983" value=":"/>
		<feat xlink:href="#sSpan2987" value="ⲉϣϪⲉ"/>
		<feat xlink:href="#sSpan2998" value="ⲧ"/>
		<feat xlink:href="#sSpan3003" value="ⲉⲧ"/>
		<feat xlink:href="#sSpan3005" value="ⲙ̄ⲙⲁⲩ"/>
		<feat xlink:href="#sSpan3007" value="ⲙ̄ⲡ︤"/>
		<feat xlink:href="#sSpan3012" value="ϥ︥"/>
		<feat xlink:href="#sSpan3014" value="ⲕⲁⲁ"/>
		<feat xlink:href="#sSpan3016" value="ⲥ"/>
		<feat xlink:href="#sSpan3018" value="ϩ︤ⲙ︥"/>
		<feat xlink:href="#sSpan3022" value="ⲡ"/>
		<feat xlink:href="#sSpan3027" value="ⲡⲁⲣⲁⲇⲉⲓⲥⲟⲥ"/>
		<feat xlink:href="#sSpan3030" value="ⲉ"/>
		<feat xlink:href="#sSpan3035" value="ϥ"/>
		<feat xlink:href="#sSpan3037" value="ⲛⲁ"/>
		<feat xlink:href="#sSpan3040" value="ϯⲥⲟ̂"/>
		<feat xlink:href="#sSpan3043" value="ⲉⲣⲟ̂"/>
		<feat xlink:href="#sSpan3048" value="."/>
		<feat xlink:href="#sSpan3053" value="ⲏ̇"/>
		<feat xlink:href="#sSpan3059" value="ⲉⲣⲱ"/>
		<feat xlink:href="#sSpan3063" value="ⲧⲛ̄"/>
		<feat xlink:href="#sSpan3065" value="ϩ︤ⲙ︥"/>
		<feat xlink:href="#sSpan3070" value="ⲡ"/>
		<feat xlink:href="#sSpan3073" value="ⲧⲣⲉ"/>
		<feat xlink:href="#sSpan3075" value="ⲧ︤ⲛ︥"/>
		<feat xlink:href="#sSpan3078" value="ⲕⲁⲙⲁ"/>
		<feat xlink:href="#sSpan3082" value="ⲛⲁ"/>
		<feat xlink:href="#sSpan3086" value="ϥ"/>
		<feat xlink:href="#sSpan3088" value="ⲛ̄ϩⲏⲧ"/>
		<feat xlink:href="#sSpan3094" value="ⲧⲏⲩⲧⲛ̄"/>
		<feat xlink:href="#sSpan3096" value="·"/>
		<feat xlink:href="#sSpan3100" value="ⲁⲩⲱ"/>
		<feat xlink:href="#sSpan3107" value="ⲛ̄"/>
		<feat xlink:href="#sSpan3111" value="ⲧⲉⲧ︤ⲛ︥"/>
		<feat xlink:href="#sSpan3113" value="ϣⲱⲡ"/>
		<feat xlink:href="#sSpan3116" value="ⲉⲣⲱ"/>
		<feat xlink:href="#sSpan3120" value="ⲧ︤ⲛ︥"/>
		<feat xlink:href="#sSpan3123" value="ⲛ̄"/>
		<feat xlink:href="#sSpan3127" value="ⲛⲉϥ"/>
		<feat xlink:href="#sSpan3130" value="ϣⲟϫⲛⲉ"/>
		<feat xlink:href="#sSpan3133" value="ⲛ̄"/>
		<feat xlink:href="#sSpan3137" value="ⲕⲣⲟϥ"/>
		<feat xlink:href="#sSpan3139" value="ⲙ︤ⲛ︥"/>
		<feat xlink:href="#sSpan3144" value="ⲛⲉϥ"/>
		<feat xlink:href="#sSpan3147" value="ϩⲃⲏⲩⲉ"/>
		<feat xlink:href="#sSpan3150" value="ⲙ̄"/>
		<feat xlink:href="#sSpan3156" value="ⲡⲟⲛⲏⲣⲟⲛ"/>
		<feat xlink:href="#sSpan3158" value="·"/>
		<feat xlink:href="#sSpan3162" value="ⲛ︤"/>
		<feat xlink:href="#sSpan3169" value="ϥ︥"/>
		<feat xlink:href="#sSpan3171" value="ⲛⲁ"/>
		<feat xlink:href="#sSpan3173" value="ϣϭⲙ̄ϭⲟⲙ"/>
		<feat xlink:href="#sSpan3177" value="ⲅⲁⲣ"/>
		<feat xlink:href="#sSpan3181" value="ⲁⲛ"/>
		<feat xlink:href="#sSpan3185" value="ⲉ"/>
		<feat xlink:href="#sSpan3189" value="ⲛ"/>
		<feat xlink:href="#sSpan3193" value="ⲉⲧ"/>
		<feat xlink:href="#sSpan3196" value="ⲣ̄ϩⲟⲧⲉ"/>
		<feat xlink:href="#sSpan3199" value="ϩⲏⲧ︤"/>
		<feat xlink:href="#sSpan3204" value="ϥ︥"/>
		<feat xlink:href="#sSpan3206" value="ⲙ̄"/>
		<feat xlink:href="#sSpan3210" value="ⲡ"/>
		<feat xlink:href="#sSpan3213" value="ⲛⲟⲩⲧⲉ"/>
		<feat xlink:href="#sSpan3218" value="."/>
		<feat xlink:href="#sSpan3222" value="ⲛⲁⲓ̈"/>
		<feat xlink:href="#sSpan3226" value="ⲉⲧⲉⲣⲉ"/>
		<feat xlink:href="#sSpan3231" value="ⲡⲉ"/>
		<feat xlink:href="#sSpan3235" value="ⲭ︤ⲥ︥"/>
		<feat xlink:href="#sSpan3237" value="ϣⲟⲟⲡ"/>
		<feat xlink:href="#sSpan3243" value="ⲛⲁ"/>
		<feat xlink:href="#sSpan3247" value="ⲩ"/>
		<feat xlink:href="#sSpan3249" value="ⲛ̄"/>
		<feat xlink:href="#sSpan3255" value="ⲃⲟⲏⲑⲟⲥ"/>
		<feat xlink:href="#sSpan3259" value="ⲁⲩⲱ"/>
		<feat xlink:href="#sSpan3263" value="ⲛ̄"/>
		<feat xlink:href="#sSpan3270" value="ⲥⲕⲉⲡⲁⲥⲧⲏⲥ"/>
		<feat xlink:href="#sSpan3273" value="·"/>
		<feat xlink:href="#sSpan3277" value="ⲛ̄"/>
		<feat xlink:href="#sSpan3284" value="ⲑ"/>
		<feat xlink:href="#sSpan3286" value="ⲉ"/>
		<feat xlink:href="#sSpan3288" value="ⲉⲧ"/>
		<feat xlink:href="#sSpan3292" value="ⲥⲏϩ"/>
		<feat xlink:href="#sSpan3294" value="ϫⲉ"/>
		<feat xlink:href="#sSpan3299" value="ⲡ"/>
		<feat xlink:href="#sSpan3302" value="ⲉⲧ"/>
		<feat xlink:href="#sSpan3304" value="ⲙⲓϣⲉ"/>
		<feat xlink:href="#sSpan3307" value="ⲉϫⲱ"/>
		<feat xlink:href="#sSpan3312" value="ⲕ"/>
		<feat xlink:href="#sSpan3314" value="ⲡⲉ"/>
		<feat xlink:href="#sSpan3318" value="ⲡⲉⲕ"/>
		<feat xlink:href="#sSpan3324" value="ⲃⲟⲏⲑⲟⲥ"/>
		<feat xlink:href="#sSpan3327" value=","/>
		<feat xlink:href="#sSpan3331" value="ⲁⲩⲱ"/>
		<feat xlink:href="#sSpan3336" value="ⲧ"/>
		<feat xlink:href="#sSpan3342" value="ⲥⲏϥⲉ"/>
		<feat xlink:href="#sSpan3344" value="ⲡⲉ"/>
		<feat xlink:href="#sSpan3348" value="ⲙ̄"/>
		<feat xlink:href="#sSpan3352" value="ⲡⲉⲕ"/>
		<feat xlink:href="#sSpan3356" value="ϣⲟⲩϣⲟⲩ"/>
		<feat xlink:href="#sSpan3359" value="ⲁⲩⲱ"/>
		<feat xlink:href="#sSpan3364" value="ⲡ"/>
		<feat xlink:href="#sSpan3369" value="ⲉⲟⲟⲩ"/>
		<feat xlink:href="#sSpan3371" value="ⲙ̄"/>
		<feat xlink:href="#sSpan3376" value="ⲡⲉ"/>
		<feat xlink:href="#sSpan3380" value="ⲥⲧⲉⲣⲉⲱⲙⲁ"/>
		<feat xlink:href="#sSpan3384" value="·"/>
		<feat xlink:href="#sSpan3388" value="ⲡ"/>
		<feat xlink:href="#sSpan3397" value="ⲉⲧ"/>
		<feat xlink:href="#sSpan3400" value="ⲛⲁ"/>
		<feat xlink:href="#sSpan3403" value="ⲙⲉⲣⲉ"/>
		<feat xlink:href="#sSpan3405" value="ⲡ"/>
		<feat xlink:href="#sSpan3409" value="ⲡⲉⲑⲟⲟⲩ"/>
		<feat xlink:href="#sSpan3414" value=","/>
		<feat xlink:href="#sSpan3418" value="ⲛ̄ⲧⲟϥ"/>
		<feat xlink:href="#sSpan3423" value="ⲡ"/>
		<feat xlink:href="#sSpan3429" value="ⲉⲧ"/>
		<feat xlink:href="#sSpan3431" value="ⲛⲁ"/>
		<feat xlink:href="#sSpan3433" value="ⲧⲁⲕⲟ̂"/>
		<feat xlink:href="#sSpan3435" value="·"/>
		<feat xlink:href="#sSpan3439" value="ⲁⲩⲱ"/>
		<feat xlink:href="#sSpan3446" value="ⲛ̄ⲧⲟϥ"/>
		<feat xlink:href="#sSpan3450" value="ⲡ"/>
		<feat xlink:href="#sSpan3455" value="ⲉⲧ"/>
		<feat xlink:href="#sSpan3460" value="ⲉⲣⲉ"/>
		<feat xlink:href="#sSpan3462" value="ⲡ"/>
		<feat xlink:href="#sSpan3466" value="ⲇⲓⲁⲃⲟⲗⲟⲥ"/>
		<feat xlink:href="#sSpan3470" value="ⲛⲁ"/>
		<feat xlink:href="#sSpan3474" value="ϭⲙ̄ϭⲟⲙ"/>
		<feat xlink:href="#sSpan3477" value="ⲉⲣⲟ"/>
		<feat xlink:href="#sSpan3482" value="ϥ"/>
		<feat xlink:href="#sSpan3484" value="ϩ︤ⲛ︥"/>
		<feat xlink:href="#sSpan3488" value="ⲛⲉϥ"/>
		<feat xlink:href="#sSpan3492" value="ϩⲃⲏⲩⲉ"/>
		<feat xlink:href="#sSpan3495" value="ⲙ̄"/>
		<feat xlink:href="#sSpan3500" value="ⲙ︤ⲛ︦ⲧ︥ⲣⲉϥϩⲉⲧⲃ̄ⲯⲩⲭⲏ"/>
		<feat xlink:href="#sSpan3510" value="·"/>
		<feat xlink:href="#sSpan3514" value="ⲡ"/>
		<feat xlink:href="#sSpan3522" value="ⲥⲟⲫⲟⲥ"/>
		<feat xlink:href="#sSpan3527" value="ⲇⲉ"/>
		<feat xlink:href="#sSpan3532" value="ⲛ̄ⲧⲟϥ"/>
		<feat xlink:href="#sSpan3536" value="ⲉⲧ"/>
		<feat xlink:href="#sSpan3540" value="ⲙⲉ"/>
		<feat xlink:href="#sSpan3543" value="ⲛ̄"/>
		<feat xlink:href="#sSpan3547" value="ⲧⲉ"/>
		<feat xlink:href="#sSpan3550" value="ⲥⲃⲱ̂"/>
		<feat xlink:href="#sSpan3552" value="."/>
		<feat xlink:href="#sSpan3556" value="ϥ"/>
		<feat xlink:href="#sSpan3561" value="ⲛⲁ"/>
		<feat xlink:href="#sSpan3563" value="ϣⲱⲡ⳿"/>
		<feat xlink:href="#sSpan3565" value="ⲉⲣⲟ"/>
		<feat xlink:href="#sSpan3570" value="ϥ"/>
		<feat xlink:href="#sSpan3572" value="ⲛ̄"/>
		<feat xlink:href="#sSpan3576" value="ⲧ"/>
		<feat xlink:href="#sSpan3580" value="ⲉⲛⲧⲟⲗⲏ̂"/>
		<feat xlink:href="#sSpan3585" value="·"/>
		<feat xlink:href="#sSpan3589" value="ⲁⲩⲱ"/>
		<feat xlink:href="#sSpan3595" value="ⲡ"/>
		<feat xlink:href="#sSpan3601" value="ⲣ︤ⲙ︥ⲛ̄ϩⲏⲧ"/>
		<feat xlink:href="#sSpan3606" value="ⲉⲧ"/>
		<feat xlink:href="#sSpan3611" value="ⲣ̄ϩⲟⲧⲉ"/>
		<feat xlink:href="#sSpan3615" value="ϩⲏⲧ︤"/>
		<feat xlink:href="#sSpan3619" value="ϥ︥"/>
		<feat xlink:href="#sSpan3621" value="ⲙ̄"/>
		<feat xlink:href="#sSpan3625" value="ⲡ"/>
		<feat xlink:href="#sSpan3629" value="ϫⲟⲉⲓⲥ"/>
		<feat xlink:href="#sSpan3632" value="·"/>
		<feat xlink:href="#sSpan3636" value="ⲛⲁ"/>
		<feat xlink:href="#sSpan3640" value="ϫⲡⲟ̂"/>
		<feat xlink:href="#sSpan3643" value="ⲛⲁ"/>
		<feat xlink:href="#sSpan3647" value="ϥ"/>
		<feat xlink:href="#sSpan3649" value="ⲛ̄"/>
		<feat xlink:href="#sSpan3653" value="ⲟⲩ"/>
		<feat xlink:href="#sSpan3657" value="ⲣ̄ϩ︤ⲙ︥ⲙⲉ"/>
		<feat xlink:href="#sSpan3661" value="·"/>
		<feat xlink:href="#sSpan3666" value="ⲡⲗⲏⲛ"/>
		<feat xlink:href="#sSpan3675" value="ⲙⲁⲣ"/>
		<feat xlink:href="#sSpan3679" value="ⲓ"/>
		<feat xlink:href="#sSpan3681" value="ⲥⲱⲧ︤ⲙ︥"/>
		<feat xlink:href="#sSpan3685" value="ϫⲉ"/>
		<feat xlink:href="#sSpan3689" value="ⲁⲣ"/>
		<feat xlink:href="#sSpan3692" value="ϯⲙ̄ⲧⲟⲛ"/>
		<feat xlink:href="#sSpan3697" value="ⲛ̄"/>
		<feat xlink:href="#sSpan3701" value="ⲛⲟⲩ"/>
		<feat xlink:href="#sSpan3704" value="ⲉⲓⲟⲧⲉ"/>
		<feat xlink:href="#sSpan3707" value="ⲉⲧ"/>
		<feat xlink:href="#sSpan3711" value="ϩ︤ⲙ︥"/>
		<feat xlink:href="#sSpan3713" value="ⲡ"/>
		<feat xlink:href="#sSpan3717" value="ⲙⲁ"/>
		<feat xlink:href="#sSpan3719" value="ⲛ︤ⲙ︥ⲙ"/>
		<feat xlink:href="#sSpan3724" value="ⲉ"/>
		<feat xlink:href="#sSpan3726" value="."/>
		<feat xlink:href="#sSpan3730" value="ⲁⲩⲱ"/>
		<feat xlink:href="#sSpan3737" value="ⲛ̄"/>
		<feat xlink:href="#sSpan3741" value="ⲧⲉ"/>
		<feat xlink:href="#sSpan3743" value="ⲥⲱⲧ︤ⲙ︥"/>
		<feat xlink:href="#sSpan3746" value="ⲛ̄ⲥⲱ"/>
		<feat xlink:href="#sSpan3750" value="ⲟⲩ"/>
		<feat xlink:href="#sSpan3752" value="ϩ︤ⲛ︥"/>
		<feat xlink:href="#sSpan3757" value="ϩⲱⲃ"/>
		<feat xlink:href="#sSpan3762" value="ⲛⲓⲙ"/>
		<feat xlink:href="#sSpan3766" value="·"/>
		<feat xlink:href="#sSpan3770" value="ⲧⲁⲣⲉ"/>
		<feat xlink:href="#sSpan3777" value="ⲡⲉⲛ"/>
		<feat xlink:href="#sSpan3780" value="ϩⲏⲧ"/>
		<feat xlink:href="#sSpan3782" value="ⲙ̄ⲧⲟⲛ"/>
		<feat xlink:href="#sSpan3788" value="·"/>
		<feat xlink:href="#sSpan3792" value="ⲁⲩⲱ"/>
		<feat xlink:href="#sSpan3798" value="ⲛ̄ⲧⲟ"/>
		<feat xlink:href="#sSpan3803" value="ϩⲱⲱ"/>
		<feat xlink:href="#sSpan3807" value="ⲧⲉ"/>
		<feat xlink:href="#sSpan3810" value="ⲛ̄"/>
		<feat xlink:href="#sSpan3815" value="ⲧⲉ"/>
		<feat xlink:href="#sSpan3817" value="ⲥⲉⲓ"/>
		<feat xlink:href="#sSpan3819" value="ⲙ̄"/>
		<feat xlink:href="#sSpan3823" value="ⲡⲟⲩ"/>
		<feat xlink:href="#sSpan3827" value="ⲧⲱⲧ"/>
		<feat xlink:href="#sSpan3830" value="ⲛ̄"/>
		<feat xlink:href="#sSpan3834" value="ϩⲏⲧ"/>
		<feat xlink:href="#sSpan3836" value="·"/>
		<feat xlink:href="#sSpan3842" value="ⲉϣⲱⲡⲉ"/>
		<feat xlink:href="#sSpan3853" value="ⲇⲉ"/>
		<feat xlink:href="#sSpan3857" value="ⲟⲛ"/>
		<feat xlink:href="#sSpan3861" value="·"/>
		<feat xlink:href="#sSpan3865" value="ⲉ"/>
		<feat xlink:href="#sSpan3870" value="ⲟⲩⲛ̄ⲧ"/>
		<feat xlink:href="#sSpan3872" value="ⲉ"/>
		<feat xlink:href="#sSpan3874" value="ⲟⲩ"/>
		<feat xlink:href="#sSpan3879" value="ϣⲁϫⲉ"/>
		<feat xlink:href="#sSpan3882" value="ⲉ"/>
		<feat xlink:href="#sSpan3886" value="ϫⲟⲟ"/>
		<feat xlink:href="#sSpan3889" value="ϥ"/>
		<feat xlink:href="#sSpan3891" value="."/>
		<feat xlink:href="#sSpan3895" value="ⲉⲓⲥ"/>
		<feat xlink:href="#sSpan3900" value="ⲛ̄"/>
		<feat xlink:href="#sSpan3905" value="ϩⲗ̄ⲗⲟⲉⲓ"/>
		<feat xlink:href="#sSpan3907" value="ⲛⲉⲛ"/>
		<feat xlink:href="#sSpan3912" value="ⲉⲓⲟⲧⲉ"/>
		<feat xlink:href="#sSpan3914" value="ⲁⲩⲱ"/>
		<feat xlink:href="#sSpan3919" value="ⲛⲉⲛ"/>
		<feat xlink:href="#sSpan3924" value="ⲥⲛⲏⲩ"/>
		<feat xlink:href="#sSpan3927" value="ⲁ"/>
		<feat xlink:href="#sSpan3932" value="ⲩ"/>
		<feat xlink:href="#sSpan3934" value="ⲉⲓ̂"/>
		<feat xlink:href="#sSpan3936" value="ϣⲁⲣⲱ"/>
		<feat xlink:href="#sSpan3940" value="ⲧⲛ̄"/>
		<feat xlink:href="#sSpan3943" value="·"/>
		<feat xlink:href="#sSpan3947" value="ⲧⲁⲩⲟⲩⲟ"/>
		<feat xlink:href="#sSpan3954" value="ϥ"/>
		<feat xlink:href="#sSpan3956" value="ⲉⲣⲟ"/>
		<feat xlink:href="#sSpan3961" value="ⲟⲩ"/>
		<feat xlink:href="#sSpan3965" value="·"/>
		<feat xlink:href="#sSpan3969" value="ⲁⲩⲱ"/>
		<feat xlink:href="#sSpan3973" value="ⲛ̄ⲧⲱⲧ︤ⲛ︥"/>
		<feat xlink:href="#sSpan3978" value="ⲧⲏⲣ"/>
		<feat xlink:href="#sSpan3982" value="ⲧ︤ⲛ︥"/>
		<feat xlink:href="#sSpan3984" value="·"/>
		<feat xlink:href="#sSpan3988" value="ⲡⲉ"/>
		<feat xlink:href="#sSpan3995" value="ⲟⲩⲛ̄ⲧⲏ"/>
		<feat xlink:href="#sSpan3999" value="ⲧ︤ⲛ︥"/>
		<feat xlink:href="#sSpan4001" value="ϣⲁϫⲉ"/>
		<feat xlink:href="#sSpan4007" value="ⲙ̄ⲙⲁⲩ"/>
		<feat xlink:href="#sSpan4012" value="ⲏ̇"/>
		<feat xlink:href="#sSpan4017" value="ⲗⲁⲁⲩ"/>
		<feat xlink:href="#sSpan4022" value="ⲛ̄"/>
		<feat xlink:href="#sSpan4026" value="ϩⲱⲃ"/>
		<feat xlink:href="#sSpan4028" value="·"/>
		<feat xlink:href="#sSpan4032" value="ϩ︤ⲙ︥"/>
		<feat xlink:href="#sSpan4037" value="ⲡⲉⲧ︤ⲛ︥"/>
		<feat xlink:href="#sSpan4040" value="ⲙⲁ"/>
		<feat xlink:href="#sSpan4042" value="·"/>
		<feat xlink:href="#sSpan4046" value="ⲙ̄ⲡⲣ̄"/>
		<feat xlink:href="#sSpan4053" value="ϭⲱ̂"/>
		<feat xlink:href="#sSpan4055" value="ⲛ̄"/>
		<feat xlink:href="#sSpan4059" value="ⲟⲩⲉϣ"/>
		<feat xlink:href="#sSpan4062" value="ⲛ̄"/>
		<feat xlink:href="#sSpan4066" value="ⲧⲁⲙⲟ"/>
		<feat xlink:href="#sSpan4069" value="ⲟⲩ"/>
		<feat xlink:href="#sSpan4071" value="ⲛ̄"/>
		<feat xlink:href="#sSpan4078" value="ⲧⲉⲧ︤ⲛ︥"/>
		<feat xlink:href="#sSpan4080" value="ⲧ︤ⲙ︥"/>
		<feat xlink:href="#sSpan4082" value="ϩⲉⲡ⳿"/>
		<feat xlink:href="#sSpan4085" value="ⲗⲁⲁⲩ"/>
		<feat xlink:href="#sSpan4089" value="ⲛ̄"/>
		<feat xlink:href="#sSpan4093" value="ϩⲱⲃ"/>
		<feat xlink:href="#sSpan4095" value="ⲉⲣⲟ"/>
		<feat xlink:href="#sSpan4100" value="ⲟⲩ"/>
		<feat xlink:href="#sSpan4103" value="·"/>
		<feat xlink:href="#sSpan4107" value="ϫⲉⲕⲁⲥ"/>
		<feat xlink:href="#sSpan4113" value="ⲉⲣⲉ"/>
		<feat xlink:href="#sSpan4118" value="ⲡⲉⲛ"/>
		<feat xlink:href="#sSpan4121" value="ϩⲏⲧ"/>
		<feat xlink:href="#sSpan4123" value="ⲛⲁ"/>
		<feat xlink:href="#sSpan4128" value="ⲙ̄ⲧⲟⲛ"/>
		<feat xlink:href="#sSpan4130" value="ⲧⲏⲣ︤"/>
		<feat xlink:href="#sSpan4135" value="ⲛ︥"/>
		<feat xlink:href="#sSpan4137" value="ϩⲓ"/>
		<feat xlink:href="#sSpan4141" value="ⲟⲩ"/>
		<feat xlink:href="#sSpan4143" value="ⲥⲟⲡ"/>
		<feat xlink:href="#sSpan4145" value="ⲁⲛⲟⲛ⳿"/>
		<feat xlink:href="#sSpan4150" value="ⲁⲩⲱ"/>
		<feat xlink:href="#sSpan4154" value="ⲛ̄ⲧⲱⲧ︤ⲛ︥"/>
		<feat xlink:href="#sSpan4160" value="·"/>
		<feat xlink:href="#sSpan4164" value="ⲁⲩⲱ"/>
		<feat xlink:href="#sSpan4170" value="ⲟⲛ"/>
		<feat xlink:href="#sSpan4175" value="ⲛ̄ⲧⲉ"/>
		<feat xlink:href="#sSpan4179" value="ⲡ"/>
		<feat xlink:href="#sSpan4182" value="ϫⲟⲉⲓⲥ"/>
		<feat xlink:href="#sSpan4185" value="ⲧⲱⲧ⳿"/>
		<feat xlink:href="#sSpan4189" value="ⲛ̄"/>
		<feat xlink:href="#sSpan4193" value="ϩⲏⲧ"/>
		<feat xlink:href="#sSpan4196" value="ⲉϫⲱ"/>
		<feat xlink:href="#sSpan4200" value="ⲛ"/>
		<feat xlink:href="#sSpan4202" value=":"/></featList></paula>