<?xml version='1.0' encoding='UTF-8'?><!DOCTYPE paula SYSTEM "paula_feat.dtd">
<paula version="1.1">
	<header paula_id="scriptorium.to_aphthonia.mark_func"/>
	<featList xmlns:xlink="http://www.w3.org/1999/xlink" type="func" xml:base="scriptorium.to_aphthonia.mark.xml">
		<feat xlink:href="#sSpan2" value="nsubj"/>
		<feat xlink:href="#sSpan15" value="root"/>
		<feat xlink:href="#sSpan18" value="case"/>
		<feat xlink:href="#sSpan22" value="det"/>
		<feat xlink:href="#sSpan26" value="obl"/>
		<feat xlink:href="#sSpan28" value="advmod"/>
		<feat xlink:href="#sSpan33" value="punct"/>
		<feat xlink:href="#sSpan37" value="mark"/>
		<feat xlink:href="#sSpan42" value="nsubj"/>
		<feat xlink:href="#sSpan44" value="root"/>
		<feat xlink:href="#sSpan46" value="obl"/>
		<feat xlink:href="#sSpan52" value="vocative"/>
		<feat xlink:href="#sSpan57" value="appos"/>
		<feat xlink:href="#sSpan67" value="det"/>
		<feat xlink:href="#sSpan71" value="appos"/>
		<feat xlink:href="#sSpan73" value="case"/>
		<feat xlink:href="#sSpan78" value="det"/>
		<feat xlink:href="#sSpan82" value="nmod"/>
		<feat xlink:href="#sSpan85" value="appos"/>
		<feat xlink:href="#sSpan90" value="punct"/>
		<feat xlink:href="#sSpan95" value="cc"/>
		<feat xlink:href="#sSpan101" value="nsubj"/>
		<feat xlink:href="#sSpan105" value="root"/>
		<feat xlink:href="#sSpan107" value="det"/>
		<feat xlink:href="#sSpan110" value="obj"/>
		<feat xlink:href="#sSpan112" value="mark"/>
		<feat xlink:href="#sSpan117" value="aux"/>
		<feat xlink:href="#sSpan119" value="nsubj"/>
		<feat xlink:href="#sSpan121" value="acl:relcl"/>
		<feat xlink:href="#sSpan124" value="obj"/>
		<feat xlink:href="#sSpan126" value="case"/>
		<feat xlink:href="#sSpan130" value="obl"/>
		<feat xlink:href="#sSpan133" value="case"/>
		<feat xlink:href="#sSpan138" value="det"/>
		<feat xlink:href="#sSpan141" value="obl"/>
		<feat xlink:href="#sSpan143" value="cc"/>
		<feat xlink:href="#sSpan149" value="case"/>
		<feat xlink:href="#sSpan153" value="det"/>
		<feat xlink:href="#sSpan157" value="conj"/>
		<feat xlink:href="#sSpan160" value="punct"/>
		<feat xlink:href="#sSpan164" value="case"/>
		<feat xlink:href="#sSpan168" value="det"/>
		<feat xlink:href="#sSpan171" value="obl"/>
		<feat xlink:href="#sSpan174" value="cc"/>
		<feat xlink:href="#sSpan178" value="det"/>
		<feat xlink:href="#sSpan181" value="conj"/>
		<feat xlink:href="#sSpan185" value="punct"/>
		<feat xlink:href="#sSpan189" value="mark"/>
		<feat xlink:href="#sSpan197" value="aux"/>
		<feat xlink:href="#sSpan200" value="det"/>
		<feat xlink:href="#sSpan203" value="nsubj"/>
		<feat xlink:href="#sSpan205" value="advcl"/>
		<feat xlink:href="#sSpan210" value="punct"/>
		<feat xlink:href="#sSpan214" value="nsubj"/>
		<feat xlink:href="#sSpan218" value="aux"/>
		<feat xlink:href="#sSpan220" value="root"/>
		<feat xlink:href="#sSpan223" value="det"/>
		<feat xlink:href="#sSpan226" value="obj"/>
		<feat xlink:href="#sSpan228" value="advmod"/>
		<feat xlink:href="#sSpan232" value="mark"/>
		<feat xlink:href="#sSpan237" value="nsubj"/>
		<feat xlink:href="#sSpan239" value="case"/>
		<feat xlink:href="#sSpan241" value="acl:relcl"/>
		<feat xlink:href="#sSpan243" value="punct"/>
		<feat xlink:href="#sSpan248" value="cc"/>
		<feat xlink:href="#sSpan253" value="nsubj"/>
		<feat xlink:href="#sSpan257" value="aux"/>
		<feat xlink:href="#sSpan259" value="root"/>
		<feat xlink:href="#sSpan261" value="det"/>
		<feat xlink:href="#sSpan265" value="obj"/>
		<feat xlink:href="#sSpan267" value="mark"/>
		<feat xlink:href="#sSpan271" value="case"/>
		<feat xlink:href="#sSpan274" value="det"/>
		<feat xlink:href="#sSpan277" value="acl:relcl"/>
		<feat xlink:href="#sSpan279" value="case"/>
		<feat xlink:href="#sSpan284" value="obl"/>
		<feat xlink:href="#sSpan286" value="punct"/>
		<feat xlink:href="#sSpan291" value="nsubj"/>
		<feat xlink:href="#sSpan300" value="root"/>
		<feat xlink:href="#sSpan303" value="advmod"/>
		<feat xlink:href="#sSpan308" value="obl"/>
		<feat xlink:href="#sSpan312" value="case"/>
		<feat xlink:href="#sSpan316" value="det"/>
		<feat xlink:href="#sSpan320" value="obl"/>
		<feat xlink:href="#sSpan322" value="mark"/>
		<feat xlink:href="#sSpan327" value="xcomp"/>
		<feat xlink:href="#sSpan331" value="punct"/>
		<feat xlink:href="#sSpan335" value="nsubj"/>
		<feat xlink:href="#sSpan340" value="root"/>
		<feat xlink:href="#sSpan344" value="advmod"/>
		<feat xlink:href="#sSpan348" value="obl"/>
		<feat xlink:href="#sSpan353" value="advmod"/>
		<feat xlink:href="#sSpan358" value="det"/>
		<feat xlink:href="#sSpan360" value="punct"/>
		<feat xlink:href="#sSpan364" value="cc"/>
		<feat xlink:href="#sSpan370" value="nsubj"/>
		<feat xlink:href="#sSpan374" value="root"/>
		<feat xlink:href="#sSpan376" value="case"/>
		<feat xlink:href="#sSpan381" value="obl"/>
		<feat xlink:href="#sSpan385" value="obl"/>
		<feat xlink:href="#sSpan390" value="obl:npmod"/>
		<feat xlink:href="#sSpan395" value="punct"/>
		<feat xlink:href="#sSpan399" value="nsubj"/>
		<feat xlink:href="#sSpan404" value="root"/>
		<feat xlink:href="#sSpan406" value="mark"/>
		<feat xlink:href="#sSpan410" value="xcomp"/>
		<feat xlink:href="#sSpan415" value="det"/>
		<feat xlink:href="#sSpan419" value="obj"/>
		<feat xlink:href="#sSpan422" value="mark"/>
		<feat xlink:href="#sSpan426" value="advmod"/>
		<feat xlink:href="#sSpan428" value="det"/>
		<feat xlink:href="#sSpan432" value="nsubj"/>
		<feat xlink:href="#sSpan436" value="advmod"/>
		<feat xlink:href="#sSpan440" value="det"/>
		<feat xlink:href="#sSpan442" value="acl:relcl"/>
		<feat xlink:href="#sSpan447" value="case"/>
		<feat xlink:href="#sSpan451" value="obj"/>
		<feat xlink:href="#sSpan453" value="advmod"/>
		<feat xlink:href="#sSpan459" value="punct"/>
		<feat xlink:href="#sSpan463" value="cc"/>
		<feat xlink:href="#sSpan468" value="mark"/>
		<feat xlink:href="#sSpan472" value="conj"/>
		<feat xlink:href="#sSpan475" value="case"/>
		<feat xlink:href="#sSpan479" value="det"/>
		<feat xlink:href="#sSpan482" value="obj"/>
		<feat xlink:href="#sSpan484" value="case"/>
		<feat xlink:href="#sSpan489" value="det"/>
		<feat xlink:href="#sSpan492" value="obl"/>
		<feat xlink:href="#sSpan494" value="punct"/>
		<feat xlink:href="#sSpan498" value="mark"/>
		<feat xlink:href="#sSpan505" value="fixed"/>
		<feat xlink:href="#sSpan509" value="nsubj"/>
		<feat xlink:href="#sSpan511" value="root"/>
		<feat xlink:href="#sSpan514" value="det"/>
		<feat xlink:href="#sSpan518" value="obj"/>
		<feat xlink:href="#sSpan520" value="case"/>
		<feat xlink:href="#sSpan524" value="det"/>
		<feat xlink:href="#sSpan528" value="nmod"/>
		<feat xlink:href="#sSpan531" value="advmod"/>
		<feat xlink:href="#sSpan535" value="obl"/>
		<feat xlink:href="#sSpan540" value="mark"/>
		<feat xlink:href="#sSpan544" value="xcomp"/>
		<feat xlink:href="#sSpan546" value="obj"/>
		<feat xlink:href="#sSpan548" value="xcomp"/>
		<feat xlink:href="#sSpan551" value="case"/>
		<feat xlink:href="#sSpan555" value="det"/>
		<feat xlink:href="#sSpan558" value="obl"/>
		<feat xlink:href="#sSpan561" value="punct"/>
		<feat xlink:href="#sSpan565" value="cc"/>
		<feat xlink:href="#sSpan569" value="aux"/>
		<feat xlink:href="#sSpan573" value="nsubj"/>
		<feat xlink:href="#sSpan575" value="advcl"/>
		<feat xlink:href="#sSpan578" value="obj"/>
		<feat xlink:href="#sSpan580" value="case"/>
		<feat xlink:href="#sSpan584" value="det"/>
		<feat xlink:href="#sSpan587" value="obl"/>
		<feat xlink:href="#sSpan589" value="case"/>
		<feat xlink:href="#sSpan593" value="det"/>
		<feat xlink:href="#sSpan596" value="nmod"/>
		<feat xlink:href="#sSpan599" value="mark"/>
		<feat xlink:href="#sSpan603" value="acl:relcl"/>
		<feat xlink:href="#sSpan605" value="case"/>
		<feat xlink:href="#sSpan609" value="nmod"/>
		<feat xlink:href="#sSpan614" value="punct"/>
		<feat xlink:href="#sSpan618" value="det"/>
		<feat xlink:href="#sSpan627" value="root"/>
		<feat xlink:href="#sSpan629" value="cc"/>
		<feat xlink:href="#sSpan634" value="det"/>
		<feat xlink:href="#sSpan640" value="conj"/>
		<feat xlink:href="#sSpan643" value="mark"/>
		<feat xlink:href="#sSpan648" value="acl:relcl"/>
		<feat xlink:href="#sSpan650" value="nsubj"/>
		<feat xlink:href="#sSpan653" value="case"/>
		<feat xlink:href="#sSpan658" value="obl"/>
		<feat xlink:href="#sSpan661" value="punct"/>
		<feat xlink:href="#sSpan665" value="mark"/>
		<feat xlink:href="#sSpan670" value="advcl"/>
		<feat xlink:href="#sSpan674" value="nsubj"/>
		<feat xlink:href="#sSpan679" value="advmod"/>
		<feat xlink:href="#sSpan683" value="obl"/>
		<feat xlink:href="#sSpan687" value="punct"/>
		<feat xlink:href="#sSpan691" value="cc"/>
		<feat xlink:href="#sSpan696" value="aux"/>
		<feat xlink:href="#sSpan700" value="nsubj"/>
		<feat xlink:href="#sSpan702" value="root"/>
		<feat xlink:href="#sSpan704" value="case"/>
		<feat xlink:href="#sSpan709" value="obl"/>
		<feat xlink:href="#sSpan711" value="advmod"/>
		<feat xlink:href="#sSpan715" value="nsubj"/>
		<feat xlink:href="#sSpan720" value="parataxis"/>
		<feat xlink:href="#sSpan722" value="mark"/>
		<feat xlink:href="#sSpan727" value="xcomp"/>
		<feat xlink:href="#sSpan731" value="mark"/>
		<feat xlink:href="#sSpan735" value="xcomp"/>
		<feat xlink:href="#sSpan737" value="mark"/>
		<feat xlink:href="#sSpan741" value="mark"/>
		<feat xlink:href="#sSpan744" value="nsubj"/>
		<feat xlink:href="#sSpan746" value="ccomp"/>
		<feat xlink:href="#sSpan748" value="case"/>
		<feat xlink:href="#sSpan752" value="obl"/>
		<feat xlink:href="#sSpan754" value="case"/>
		<feat xlink:href="#sSpan759" value="nmod"/>
		<feat xlink:href="#sSpan761" value="case"/>
		<feat xlink:href="#sSpan765" value="fixed"/>
		<feat xlink:href="#sSpan770" value="det"/>
		<feat xlink:href="#sSpan773" value="obl"/>
		<feat xlink:href="#sSpan775" value="punct"/>
		<feat xlink:href="#sSpan780" value="advmod"/>
		<feat xlink:href="#sSpan790" value="mark"/>
		<feat xlink:href="#sSpan794" value="nsubj"/>
		<feat xlink:href="#sSpan796" value="root"/>
		<feat xlink:href="#sSpan799" value="case"/>
		<feat xlink:href="#sSpan803" value="det"/>
		<feat xlink:href="#sSpan806" value="obl"/>
		<feat xlink:href="#sSpan809" value="cc"/>
		<feat xlink:href="#sSpan813" value="det"/>
		<feat xlink:href="#sSpan816" value="conj"/>
		<feat xlink:href="#sSpan819" value="punct"/>
		<feat xlink:href="#sSpan823" value="mark"/>
		<feat xlink:href="#sSpan827" value="aux"/>
		<feat xlink:href="#sSpan829" value="nsubj"/>
		<feat xlink:href="#sSpan831" value="ccomp"/>
		<feat xlink:href="#sSpan834" value="case"/>
		<feat xlink:href="#sSpan838" value="obl"/>
		<feat xlink:href="#sSpan840" value="punct"/>
		<feat xlink:href="#sSpan845" value="cc"/>
		<feat xlink:href="#sSpan850" value="mark"/>
		<feat xlink:href="#sSpan854" value="aux"/>
		<feat xlink:href="#sSpan856" value="nsubj"/>
		<feat xlink:href="#sSpan858" value="conj"/>
		<feat xlink:href="#sSpan861" value="case"/>
		<feat xlink:href="#sSpan866" value="obl"/>
		<feat xlink:href="#sSpan869" value="punct"/>
		<feat xlink:href="#sSpan873" value="nsubj"/>
		<feat xlink:href="#sSpan879" value="root"/>
		<feat xlink:href="#sSpan883" value="mark"/>
		<feat xlink:href="#sSpan887" value="aux"/>
		<feat xlink:href="#sSpan889" value="nsubj"/>
		<feat xlink:href="#sSpan891" value="advcl"/>
		<feat xlink:href="#sSpan894" value="case"/>
		<feat xlink:href="#sSpan898" value="obl"/>
		<feat xlink:href="#sSpan901" value="cc"/>
		<feat xlink:href="#sSpan906" value="aux"/>
		<feat xlink:href="#sSpan910" value="nsubj"/>
		<feat xlink:href="#sSpan912" value="conj"/>
		<feat xlink:href="#sSpan915" value="obl"/>
		<feat xlink:href="#sSpan919" value="punct"/>
		<feat xlink:href="#sSpan923" value="mark"/>
		<feat xlink:href="#sSpan929" value="aux"/>
		<feat xlink:href="#sSpan931" value="nsubj"/>
		<feat xlink:href="#sSpan933" value="root"/>
		<feat xlink:href="#sSpan935" value="case"/>
		<feat xlink:href="#sSpan940" value="obl"/>
		<feat xlink:href="#sSpan942" value="mark"/>
		<feat xlink:href="#sSpan946" value="aux"/>
		<feat xlink:href="#sSpan948" value="nsubj"/>
		<feat xlink:href="#sSpan950" value="ccomp"/>
		<feat xlink:href="#sSpan953" value="case"/>
		<feat xlink:href="#sSpan957" value="obj"/>
		<feat xlink:href="#sSpan959" value="det"/>
		<feat xlink:href="#sSpan965" value="obj"/>
		<feat xlink:href="#sSpan969" value="case"/>
		<feat xlink:href="#sSpan973" value="det"/>
		<feat xlink:href="#sSpan975" value="nmod"/>
		<feat xlink:href="#sSpan978" value="xcomp"/>
		<feat xlink:href="#sSpan981" value="case"/>
		<feat xlink:href="#sSpan985" value="det"/>
		<feat xlink:href="#sSpan989" value="obl"/>
		<feat xlink:href="#sSpan992" value="aux"/>
		<feat xlink:href="#sSpan996" value="nsubj"/>
		<feat xlink:href="#sSpan998" value="advcl"/>
		<feat xlink:href="#sSpan1000" value="obj"/>
		<feat xlink:href="#sSpan1002" value="det"/>
		<feat xlink:href="#sSpan1005" value="case"/>
		<feat xlink:href="#sSpan1009" value="obl"/>
		<feat xlink:href="#sSpan1013" value="det"/>
		<feat xlink:href="#sSpan1015" value="case"/>
		<feat xlink:href="#sSpan1020" value="det"/>
		<feat xlink:href="#sSpan1023" value="obl"/>
		<feat xlink:href="#sSpan1025" value="advcl"/>
		<feat xlink:href="#sSpan1030" value="case"/>
		<feat xlink:href="#sSpan1034" value="obl"/>
		<feat xlink:href="#sSpan1036" value="punct"/>
		<feat xlink:href="#sSpan1040" value="mark"/>
		<feat xlink:href="#sSpan1049" value="nsubj"/>
		<feat xlink:href="#sSpan1051" value="root"/>
		<feat xlink:href="#sSpan1054" value="case"/>
		<feat xlink:href="#sSpan1059" value="obl"/>
		<feat xlink:href="#sSpan1061" value="nsubj"/>
		<feat xlink:href="#sSpan1066" value="advcl"/>
		<feat xlink:href="#sSpan1071" value="case"/>
		<feat xlink:href="#sSpan1075" value="obl"/>
		<feat xlink:href="#sSpan1077" value="punct"/>
		<feat xlink:href="#sSpan1081" value="aux"/>
		<feat xlink:href="#sSpan1086" value="nsubj"/>
		<feat xlink:href="#sSpan1088" value="parataxis"/>
		<feat xlink:href="#sSpan1091" value="advmod"/>
		<feat xlink:href="#sSpan1096" value="punct"/>
		<feat xlink:href="#sSpan1101" value="cc"/>
		<feat xlink:href="#sSpan1106" value="mark"/>
		<feat xlink:href="#sSpan1110" value="aux"/>
		<feat xlink:href="#sSpan1112" value="nsubj"/>
		<feat xlink:href="#sSpan1114" value="conj"/>
		<feat xlink:href="#sSpan1117" value="obj"/>
		<feat xlink:href="#sSpan1119" value="case"/>
		<feat xlink:href="#sSpan1123" value="obl"/>
		<feat xlink:href="#sSpan1126" value="punct"/>
		<feat xlink:href="#sSpan1130" value="aux"/>
		<feat xlink:href="#sSpan1135" value="advcl"/>
		<feat xlink:href="#sSpan1138" value="obj"/>
		<feat xlink:href="#sSpan1140" value="case"/>
		<feat xlink:href="#sSpan1144" value="det"/>
		<feat xlink:href="#sSpan1148" value="obl"/>
		<feat xlink:href="#sSpan1151" value="cc"/>
		<feat xlink:href="#sSpan1155" value="det"/>
		<feat xlink:href="#sSpan1158" value="conj"/>
		<feat xlink:href="#sSpan1162" value="punct"/>
		<feat xlink:href="#sSpan1167" value="mark"/>
		<feat xlink:href="#sSpan1171" value="nsubj"/>
		<feat xlink:href="#sSpan1174" value="root"/>
		<feat xlink:href="#sSpan1180" value="punct"/>
		<feat xlink:href="#sSpan1185" value="advmod"/>
		<feat xlink:href="#sSpan1191" value="nsubj"/>
		<feat xlink:href="#sSpan1196" value="root"/>
		<feat xlink:href="#sSpan1199" value="punct"/>
		<feat xlink:href="#sSpan1204" value="advmod"/>
		<feat xlink:href="#sSpan1211" value="advmod"/>
		<feat xlink:href="#sSpan1213" value="nsubj"/>
		<feat xlink:href="#sSpan1217" value="root"/>
		<feat xlink:href="#sSpan1220" value="mark"/>
		<feat xlink:href="#sSpan1224" value="xcomp"/>
		<feat xlink:href="#sSpan1226" value="obj"/>
		<feat xlink:href="#sSpan1228" value="xcomp"/>
		<feat xlink:href="#sSpan1231" value="obj"/>
		<feat xlink:href="#sSpan1233" value="case"/>
		<feat xlink:href="#sSpan1237" value="det"/>
		<feat xlink:href="#sSpan1241" value="obl"/>
		<feat xlink:href="#sSpan1244" value="case"/>
		<feat xlink:href="#sSpan1249" value="nmod"/>
		<feat xlink:href="#sSpan1253" value="mark"/>
		<feat xlink:href="#sSpan1257" value="nsubj"/>
		<feat xlink:href="#sSpan1259" value="acl:relcl"/>
		<feat xlink:href="#sSpan1262" value="case"/>
		<feat xlink:href="#sSpan1266" value="obj"/>
		<feat xlink:href="#sSpan1268" value="punct"/>
		<feat xlink:href="#sSpan1272" value="cc"/>
		<feat xlink:href="#sSpan1277" value="det"/>
		<feat xlink:href="#sSpan1280" value="conj"/>
		<feat xlink:href="#sSpan1282" value="cc"/>
		<feat xlink:href="#sSpan1287" value="det"/>
		<feat xlink:href="#sSpan1291" value="conj"/>
		<feat xlink:href="#sSpan1294" value="punct"/>
		<feat xlink:href="#sSpan1298" value="det"/>
		<feat xlink:href="#sSpan1309" value="root"/>
		<feat xlink:href="#sSpan1311" value="advmod"/>
		<feat xlink:href="#sSpan1315" value="mark"/>
		<feat xlink:href="#sSpan1320" value="acl:relcl"/>
		<feat xlink:href="#sSpan1322" value="case"/>
		<feat xlink:href="#sSpan1326" value="obl"/>
		<feat xlink:href="#sSpan1330" value="case"/>
		<feat xlink:href="#sSpan1334" value="det"/>
		<feat xlink:href="#sSpan1336" value="obl"/>
		<feat xlink:href="#sSpan1338" value="case"/>
		<feat xlink:href="#sSpan1343" value="nmod"/>
		<feat xlink:href="#sSpan1346" value="mark"/>
		<feat xlink:href="#sSpan1348" value="case"/>
		<feat xlink:href="#sSpan1350" value="det"/>
		<feat xlink:href="#sSpan1353" value="acl:relcl"/>
		<feat xlink:href="#sSpan1356" value="case"/>
		<feat xlink:href="#sSpan1360" value="det"/>
		<feat xlink:href="#sSpan1363" value="nmod"/>
		<feat xlink:href="#sSpan1365" value="punct"/>
		<feat xlink:href="#sSpan1369" value="cc"/>
		<feat xlink:href="#sSpan1374" value="case"/>
		<feat xlink:href="#sSpan1378" value="det"/>
		<feat xlink:href="#sSpan1380" value="conj"/>
		<feat xlink:href="#sSpan1382" value="case"/>
		<feat xlink:href="#sSpan1386" value="det"/>
		<feat xlink:href="#sSpan1389" value="nmod"/>
		<feat xlink:href="#sSpan1392" value="punct"/>
		<feat xlink:href="#sSpan1396" value="mark"/>
		<feat xlink:href="#sSpan1400" value="acl:relcl"/>
		<feat xlink:href="#sSpan1402" value="nsubj"/>
		<feat xlink:href="#sSpan1406" value="case"/>
		<feat xlink:href="#sSpan1410" value="obl"/>
		<feat xlink:href="#sSpan1412" value="punct"/>
		<feat xlink:href="#sSpan1416" value="advmod"/>
		<feat xlink:href="#sSpan1423" value="advmod"/>
		<feat xlink:href="#sSpan1427" value="mark"/>
		<feat xlink:href="#sSpan1432" value="mark"/>
		<feat xlink:href="#sSpan1435" value="det"/>
		<feat xlink:href="#sSpan1438" value="nsubj"/>
		<feat xlink:href="#sSpan1441" value="case"/>
		<feat xlink:href="#sSpan1445" value="nmod"/>
		<feat xlink:href="#sSpan1447" value="case"/>
		<feat xlink:href="#sSpan1451" value="det"/>
		<feat xlink:href="#sSpan1455" value="nmod"/>
		<feat xlink:href="#sSpan1457" value="aux"/>
		<feat xlink:href="#sSpan1462" value="root"/>
		<feat xlink:href="#sSpan1464" value="case"/>
		<feat xlink:href="#sSpan1468" value="det"/>
		<feat xlink:href="#sSpan1472" value="obl"/>
		<feat xlink:href="#sSpan1474" value="advmod"/>
		<feat xlink:href="#sSpan1479" value="case"/>
		<feat xlink:href="#sSpan1483" value="det"/>
		<feat xlink:href="#sSpan1486" value="nmod"/>
		<feat xlink:href="#sSpan1489" value="punct"/>
		<feat xlink:href="#sSpan1493" value="aux"/>
		<feat xlink:href="#sSpan1497" value="nsubj"/>
		<feat xlink:href="#sSpan1499" value="advmod"/>
		<feat xlink:href="#sSpan1501" value="advcl"/>
		<feat xlink:href="#sSpan1504" value="dislocated"/>
		<feat xlink:href="#sSpan1508" value="case"/>
		<feat xlink:href="#sSpan1513" value="det"/>
		<feat xlink:href="#sSpan1516" value="obl"/>
		<feat xlink:href="#sSpan1519" value="punct"/>
		<feat xlink:href="#sSpan1523" value="advmod"/>
		<feat xlink:href="#sSpan1532" value="aux"/>
		<feat xlink:href="#sSpan1536" value="nsubj"/>
		<feat xlink:href="#sSpan1538" value="root"/>
		<feat xlink:href="#sSpan1540" value="case"/>
		<feat xlink:href="#sSpan1546" value="obj"/>
		<feat xlink:href="#sSpan1549" value="advmod"/>
		<feat xlink:href="#sSpan1554" value="cc"/>
		<feat xlink:href="#sSpan1559" value="aux"/>
		<feat xlink:href="#sSpan1563" value="nsubj"/>
		<feat xlink:href="#sSpan1565" value="conj"/>
		<feat xlink:href="#sSpan1568" value="cc"/>
		<feat xlink:href="#sSpan1573" value="aux"/>
		<feat xlink:href="#sSpan1577" value="nsubj"/>
		<feat xlink:href="#sSpan1580" value="conj"/>
		<feat xlink:href="#sSpan1582" value="obj"/>
		<feat xlink:href="#sSpan1588" value="punct"/>
		<feat xlink:href="#sSpan1592" value="nsubj"/>
		<feat xlink:href="#sSpan1596" value="root"/>
		<feat xlink:href="#sSpan1598" value="cop"/>
		<feat xlink:href="#sSpan1603" value="mark"/>
		<feat xlink:href="#sSpan1607" value="xcomp"/>
		<feat xlink:href="#sSpan1609" value="obj"/>
		<feat xlink:href="#sSpan1611" value="case"/>
		<feat xlink:href="#sSpan1616" value="det"/>
		<feat xlink:href="#sSpan1619" value="obl"/>
		<feat xlink:href="#sSpan1621" value="punct"/>
		<feat xlink:href="#sSpan1625" value="aux"/>
		<feat xlink:href="#sSpan1631" value="nsubj"/>
		<feat xlink:href="#sSpan1633" value="root"/>
		<feat xlink:href="#sSpan1635" value="mark"/>
		<feat xlink:href="#sSpan1639" value="nsubj"/>
		<feat xlink:href="#sSpan1643" value="ccomp"/>
		<feat xlink:href="#sSpan1646" value="punct"/>
		<feat xlink:href="#sSpan1650" value="cc"/>
		<feat xlink:href="#sSpan1656" value="conj"/>
		<feat xlink:href="#sSpan1661" value="punct"/>
		<feat xlink:href="#sSpan1666" value="cc"/>
		<feat xlink:href="#sSpan1671" value="aux"/>
		<feat xlink:href="#sSpan1675" value="nsubj"/>
		<feat xlink:href="#sSpan1678" value="root"/>
		<feat xlink:href="#sSpan1681" value="det"/>
		<feat xlink:href="#sSpan1684" value="obj"/>
		<feat xlink:href="#sSpan1687" value="mark"/>
		<feat xlink:href="#sSpan1691" value="case"/>
		<feat xlink:href="#sSpan1693" value="det"/>
		<feat xlink:href="#sSpan1696" value="acl:relcl"/>
		<feat xlink:href="#sSpan1698" value="obl"/>
		<feat xlink:href="#sSpan1704" value="punct"/>
		<feat xlink:href="#sSpan1708" value="mark"/>
		<feat xlink:href="#sSpan1714" value="nsubj"/>
		<feat xlink:href="#sSpan1718" value="advcl"/>
		<feat xlink:href="#sSpan1721" value="case"/>
		<feat xlink:href="#sSpan1725" value="obl"/>
		<feat xlink:href="#sSpan1727" value="advmod"/>
		<feat xlink:href="#sSpan1731" value="advmod"/>
		<feat xlink:href="#sSpan1736" value="case"/>
		<feat xlink:href="#sSpan1740" value="det"/>
		<feat xlink:href="#sSpan1743" value="obl"/>
		<feat xlink:href="#sSpan1746" value="mark"/>
		<feat xlink:href="#sSpan1750" value="xcomp"/>
		<feat xlink:href="#sSpan1755" value="punct"/>
		<feat xlink:href="#sSpan1759" value="mark"/>
		<feat xlink:href="#sSpan1764" value="det"/>
		<feat xlink:href="#sSpan1767" value="nsubj"/>
		<feat xlink:href="#sSpan1771" value="advmod"/>
		<feat xlink:href="#sSpan1775" value="root"/>
		<feat xlink:href="#sSpan1779" value="case"/>
		<feat xlink:href="#sSpan1784" value="obl"/>
		<feat xlink:href="#sSpan1786" value="case"/>
		<feat xlink:href="#sSpan1792" value="nmod"/>
		<feat xlink:href="#sSpan1794" value="punct"/>
		<feat xlink:href="#sSpan1798" value="case"/>
		<feat xlink:href="#sSpan1804" value="det"/>
		<feat xlink:href="#sSpan1806" value="root"/>
		<feat xlink:href="#sSpan1808" value="mark"/>
		<feat xlink:href="#sSpan1812" value="acl:relcl"/>
		<feat xlink:href="#sSpan1814" value="mark"/>
		<feat xlink:href="#sSpan1820" value="det"/>
		<feat xlink:href="#sSpan1824" value="nsubj"/>
		<feat xlink:href="#sSpan1826" value="ccomp"/>
		<feat xlink:href="#sSpan1831" value="case"/>
		<feat xlink:href="#sSpan1835" value="obj"/>
		<feat xlink:href="#sSpan1837" value="case"/>
		<feat xlink:href="#sSpan1842" value="det"/>
		<feat xlink:href="#sSpan1845" value="obl"/>
		<feat xlink:href="#sSpan1848" value="punct"/>
		<feat xlink:href="#sSpan1852" value="det"/>
		<feat xlink:href="#sSpan1857" value="nsubj"/>
		<feat xlink:href="#sSpan1861" value="advmod"/>
		<feat xlink:href="#sSpan1866" value="parataxis"/>
		<feat xlink:href="#sSpan1870" value="case"/>
		<feat xlink:href="#sSpan1874" value="det"/>
		<feat xlink:href="#sSpan1876" value="obl"/>
		<feat xlink:href="#sSpan1879" value="case"/>
		<feat xlink:href="#sSpan1883" value="nmod"/>
		<feat xlink:href="#sSpan1885" value="punct"/>
		<feat xlink:href="#sSpan1889" value="mark"/>
		<feat xlink:href="#sSpan1898" value="aux"/>
		<feat xlink:href="#sSpan1900" value="det"/>
		<feat xlink:href="#sSpan1904" value="nsubj"/>
		<feat xlink:href="#sSpan1908" value="advmod"/>
		<feat xlink:href="#sSpan1912" value="case"/>
		<feat xlink:href="#sSpan1917" value="nmod"/>
		<feat xlink:href="#sSpan1922" value="advcl"/>
		<feat xlink:href="#sSpan1927" value="obl"/>
		<feat xlink:href="#sSpan1934" value="punct"/>
		<feat xlink:href="#sSpan1938" value="nsubj"/>
		<feat xlink:href="#sSpan1942" value="aux"/>
		<feat xlink:href="#sSpan1945" value="root"/>
		<feat xlink:href="#sSpan1948" value="cop"/>
		<feat xlink:href="#sSpan1952" value="case"/>
		<feat xlink:href="#sSpan1957" value="det"/>
		<feat xlink:href="#sSpan1960" value="obj"/>
		<feat xlink:href="#sSpan1962" value="mark"/>
		<feat xlink:href="#sSpan1967" value="case"/>
		<feat xlink:href="#sSpan1969" value="det"/>
		<feat xlink:href="#sSpan1973" value="acl:relcl"/>
		<feat xlink:href="#sSpan1976" value="case"/>
		<feat xlink:href="#sSpan1980" value="obl"/>
		<feat xlink:href="#sSpan1982" value="punct"/>
		<feat xlink:href="#sSpan1987" value="cc"/>
		<feat xlink:href="#sSpan1993" value="nsubj"/>
		<feat xlink:href="#sSpan1997" value="aux"/>
		<feat xlink:href="#sSpan1999" value="conj"/>
		<feat xlink:href="#sSpan2001" value="case"/>
		<feat xlink:href="#sSpan2006" value="det"/>
		<feat xlink:href="#sSpan2009" value="obj"/>
		<feat xlink:href="#sSpan2011" value="punct"/>
		<feat xlink:href="#sSpan2015" value="nsubj"/>
		<feat xlink:href="#sSpan2020" value="acl:relcl"/>
		<feat xlink:href="#sSpan2022" value="case"/>
		<feat xlink:href="#sSpan2027" value="obl"/>
		<feat xlink:href="#sSpan2029" value="case"/>
		<feat xlink:href="#sSpan2033" value="det"/>
		<feat xlink:href="#sSpan2038" value="obl"/>
		<feat xlink:href="#sSpan2043" value="punct"/>
		<feat xlink:href="#sSpan2047" value="cc"/>
		<feat xlink:href="#sSpan2052" value="det"/>
		<feat xlink:href="#sSpan2056" value="conj"/>
		<feat xlink:href="#sSpan2061" value="punct"/>
		<feat xlink:href="#sSpan2066" value="cc"/>
		<feat xlink:href="#sSpan2075" value="mark"/>
		<feat xlink:href="#sSpan2079" value="nsubj"/>
		<feat xlink:href="#sSpan2081" value="advcl"/>
		<feat xlink:href="#sSpan2084" value="obl"/>
		<feat xlink:href="#sSpan2089" value="case"/>
		<feat xlink:href="#sSpan2093" value="det"/>
		<feat xlink:href="#sSpan2096" value="obj"/>
		<feat xlink:href="#sSpan2099" value="cc"/>
		<feat xlink:href="#sSpan2104" value="det"/>
		<feat xlink:href="#sSpan2108" value="conj"/>
		<feat xlink:href="#sSpan2114" value="punct"/>
		<feat xlink:href="#sSpan2118" value="cc"/>
		<feat xlink:href="#sSpan2123" value="aux"/>
		<feat xlink:href="#sSpan2127" value="nsubj"/>
		<feat xlink:href="#sSpan2130" value="conj"/>
		<feat xlink:href="#sSpan2132" value="det"/>
		<feat xlink:href="#sSpan2136" value="obj"/>
		<feat xlink:href="#sSpan2141" value="punct"/>
		<feat xlink:href="#sSpan2145" value="case"/>
		<feat xlink:href="#sSpan2149" value="det"/>
		<feat xlink:href="#sSpan2154" value="obl"/>
		<feat xlink:href="#sSpan2161" value="punct"/>
		<feat xlink:href="#sSpan2165" value="nsubj"/>
		<feat xlink:href="#sSpan2171" value="aux"/>
		<feat xlink:href="#sSpan2174" value="root"/>
		<feat xlink:href="#sSpan2177" value="cop"/>
		<feat xlink:href="#sSpan2182" value="case"/>
		<feat xlink:href="#sSpan2186" value="det"/>
		<feat xlink:href="#sSpan2189" value="obj"/>
		<feat xlink:href="#sSpan2192" value="mark"/>
		<feat xlink:href="#sSpan2196" value="nsubj"/>
		<feat xlink:href="#sSpan2198" value="acl:relcl"/>
		<feat xlink:href="#sSpan2200" value="punct"/>
		<feat xlink:href="#sSpan2204" value="aux"/>
		<feat xlink:href="#sSpan2209" value="nsubj"/>
		<feat xlink:href="#sSpan2211" value="advcl"/>
		<feat xlink:href="#sSpan2213" value="obj"/>
		<feat xlink:href="#sSpan2215" value="case"/>
		<feat xlink:href="#sSpan2219" value="det"/>
		<feat xlink:href="#sSpan2223" value="obl"/>
		<feat xlink:href="#sSpan2225" value="mark"/>
		<feat xlink:href="#sSpan2230" value="acl:relcl"/>
		<feat xlink:href="#sSpan2232" value="case"/>
		<feat xlink:href="#sSpan2236" value="obl"/>
		<feat xlink:href="#sSpan2240" value="cc"/>
		<feat xlink:href="#sSpan2245" value="conj"/>
		<feat xlink:href="#sSpan2248" value="punct"/>
		<feat xlink:href="#sSpan2252" value="mark"/>
		<feat xlink:href="#sSpan2257" value="nsubj"/>
		<feat xlink:href="#sSpan2260" value="aux"/>
		<feat xlink:href="#sSpan2262" value="ccomp"/>
		<feat xlink:href="#sSpan2265" value="case"/>
		<feat xlink:href="#sSpan2269" value="det"/>
		<feat xlink:href="#sSpan2272" value="obl"/>
		<feat xlink:href="#sSpan2275" value="punct"/>
		<feat xlink:href="#sSpan2279" value="mark"/>
		<feat xlink:href="#sSpan2288" value="aux"/>
		<feat xlink:href="#sSpan2290" value="det"/>
		<feat xlink:href="#sSpan2293" value="nsubj"/>
		<feat xlink:href="#sSpan2295" value="root"/>
		<feat xlink:href="#sSpan2301" value="obj"/>
		<feat xlink:href="#sSpan2303" value="case"/>
		<feat xlink:href="#sSpan2307" value="obl"/>
		<feat xlink:href="#sSpan2310" value="case"/>
		<feat xlink:href="#sSpan2314" value="obl"/>
		<feat xlink:href="#sSpan2317" value="punct"/>
		<feat xlink:href="#sSpan2322" value="cc"/>
		<feat xlink:href="#sSpan2327" value="root"/>
		<feat xlink:href="#sSpan2331" value="cop"/>
		<feat xlink:href="#sSpan2335" value="det"/>
		<feat xlink:href="#sSpan2342" value="nsubj"/>
		<feat xlink:href="#sSpan2344" value="mark"/>
		<feat xlink:href="#sSpan2350" value="aux"/>
		<feat xlink:href="#sSpan2353" value="nsubj"/>
		<feat xlink:href="#sSpan2355" value="acl:relcl"/>
		<feat xlink:href="#sSpan2358" value="obj"/>
		<feat xlink:href="#sSpan2360" value="obl"/>
		<feat xlink:href="#sSpan2364" value="punct"/>
		<feat xlink:href="#sSpan2368" value="mark"/>
		<feat xlink:href="#sSpan2375" value="mark"/>
		<feat xlink:href="#sSpan2379" value="aux"/>
		<feat xlink:href="#sSpan2381" value="nsubj"/>
		<feat xlink:href="#sSpan2383" value="advcl"/>
		<feat xlink:href="#sSpan2386" value="obj"/>
		<feat xlink:href="#sSpan2388" value="case"/>
		<feat xlink:href="#sSpan2392" value="obl"/>
		<feat xlink:href="#sSpan2394" value="mark"/>
		<feat xlink:href="#sSpan2398" value="advmod"/>
		<feat xlink:href="#sSpan2402" value="ccomp"/>
		<feat xlink:href="#sSpan2404" value="case"/>
		<feat xlink:href="#sSpan2408" value="det"/>
		<feat xlink:href="#sSpan2413" value="obj"/>
		<feat xlink:href="#sSpan2416" value="case"/>
		<feat xlink:href="#sSpan2420" value="det"/>
		<feat xlink:href="#sSpan2423" value="nmod"/>
		<feat xlink:href="#sSpan2427" value="punct"/>
		<feat xlink:href="#sSpan2431" value="mark"/>
		<feat xlink:href="#sSpan2437" value="fixed"/>
		<feat xlink:href="#sSpan2441" value="nsubj"/>
		<feat xlink:href="#sSpan2443" value="advcl"/>
		<feat xlink:href="#sSpan2446" value="obj"/>
		<feat xlink:href="#sSpan2449" value="punct"/>
		<feat xlink:href="#sSpan2453" value="cc"/>
		<feat xlink:href="#sSpan2458" value="conj"/>
		<feat xlink:href="#sSpan2464" value="case"/>
		<feat xlink:href="#sSpan2468" value="det"/>
		<feat xlink:href="#sSpan2472" value="obl"/>
		<feat xlink:href="#sSpan2474" value="mark"/>
		<feat xlink:href="#sSpan2478" value="nsubj"/>
		<feat xlink:href="#sSpan2480" value="case"/>
		<feat xlink:href="#sSpan2483" value="det"/>
		<feat xlink:href="#sSpan2486" value="acl:relcl"/>
		<feat xlink:href="#sSpan2488" value="case"/>
		<feat xlink:href="#sSpan2492" value="obl"/>
		<feat xlink:href="#sSpan2494" value="mark"/>
		<feat xlink:href="#sSpan2500" value="mark"/>
		<feat xlink:href="#sSpan2504" value="nsubj"/>
		<feat xlink:href="#sSpan2507" value="aux"/>
		<feat xlink:href="#sSpan2509" value="advcl"/>
		<feat xlink:href="#sSpan2511" value="case"/>
		<feat xlink:href="#sSpan2516" value="xcomp"/>
		<feat xlink:href="#sSpan2519" value="cc"/>
		<feat xlink:href="#sSpan2523" value="case"/>
		<feat xlink:href="#sSpan2528" value="conj"/>
		<feat xlink:href="#sSpan2532" value="case"/>
		<feat xlink:href="#sSpan2537" value="det"/>
		<feat xlink:href="#sSpan2539" value="obl"/>
		<feat xlink:href="#sSpan2541" value="punct"/>
		<feat xlink:href="#sSpan2546" value="case"/>
		<feat xlink:href="#sSpan2556" value="obl"/>
		<feat xlink:href="#sSpan2559" value="nsubj"/>
		<feat xlink:href="#sSpan2564" value="root"/>
		<feat xlink:href="#sSpan2567" value="case"/>
		<feat xlink:href="#sSpan2571" value="obl"/>
		<feat xlink:href="#sSpan2573" value="mark"/>
		<feat xlink:href="#sSpan2578" value="mark"/>
		<feat xlink:href="#sSpan2580" value="mark"/>
		<feat xlink:href="#sSpan2585" value="advmod"/>
		<feat xlink:href="#sSpan2588" value="advcl"/>
		<feat xlink:href="#sSpan2593" value="obl"/>
		<feat xlink:href="#sSpan2597" value="cc"/>
		<feat xlink:href="#sSpan2602" value="aux"/>
		<feat xlink:href="#sSpan2606" value="nsubj"/>
		<feat xlink:href="#sSpan2608" value="conj"/>
		<feat xlink:href="#sSpan2611" value="det"/>
		<feat xlink:href="#sSpan2618" value="obj"/>
		<feat xlink:href="#sSpan2625" value="case"/>
		<feat xlink:href="#sSpan2630" value="obl"/>
		<feat xlink:href="#sSpan2634" value="cc"/>
		<feat xlink:href="#sSpan2639" value="det"/>
		<feat xlink:href="#sSpan2642" value="conj"/>
		<feat xlink:href="#sSpan2644" value="case"/>
		<feat xlink:href="#sSpan2649" value="det"/>
		<feat xlink:href="#sSpan2652" value="nmod"/>
		<feat xlink:href="#sSpan2654" value="punct"/>
		<feat xlink:href="#sSpan2658" value="nsubj"/>
		<feat xlink:href="#sSpan2663" value="aux"/>
		<feat xlink:href="#sSpan2666" value="ccomp"/>
		<feat xlink:href="#sSpan2668" value="det"/>
		<feat xlink:href="#sSpan2671" value="obj"/>
		<feat xlink:href="#sSpan2676" value="xcomp"/>
		<feat xlink:href="#sSpan2680" value="punct"/>
		<feat xlink:href="#sSpan2684" value="cc"/>
		<feat xlink:href="#sSpan2690" value="nsubj"/>
		<feat xlink:href="#sSpan2695" value="aux"/>
		<feat xlink:href="#sSpan2697" value="conj"/>
		<feat xlink:href="#sSpan2699" value="obj"/>
		<feat xlink:href="#sSpan2701" value="xcomp"/>
		<feat xlink:href="#sSpan2705" value="case"/>
		<feat xlink:href="#sSpan2709" value="obj"/>
		<feat xlink:href="#sSpan2712" value="case"/>
		<feat xlink:href="#sSpan2716" value="obl"/>
		<feat xlink:href="#sSpan2720" value="mark"/>
		<feat xlink:href="#sSpan2722" value="aux"/>
		<feat xlink:href="#sSpan2724" value="nsubj"/>
		<feat xlink:href="#sSpan2726" value="acl:relcl"/>
		<feat xlink:href="#sSpan2729" value="case"/>
		<feat xlink:href="#sSpan2734" value="fixed"/>
		<feat xlink:href="#sSpan2738" value="det"/>
		<feat xlink:href="#sSpan2741" value="obl"/>
		<feat xlink:href="#sSpan2744" value="punct"/>
		<feat xlink:href="#sSpan2750" value="advmod"/>
		<feat xlink:href="#sSpan2760" value="nsubj"/>
		<feat xlink:href="#sSpan2764" value="root"/>
		<feat xlink:href="#sSpan2766" value="case"/>
		<feat xlink:href="#sSpan2771" value="nmod"/>
		<feat xlink:href="#sSpan2773" value="case"/>
		<feat xlink:href="#sSpan2777" value="obl"/>
		<feat xlink:href="#sSpan2779" value="punct"/>
		<feat xlink:href="#sSpan2783" value="case"/>
		<feat xlink:href="#sSpan2788" value="obl"/>
		<feat xlink:href="#sSpan2791" value="punct"/>
		<feat xlink:href="#sSpan2796" value="cc"/>
		<feat xlink:href="#sSpan2800" value="case"/>
		<feat xlink:href="#sSpan2804" value="conj"/>
		<feat xlink:href="#sSpan2808" value="punct"/>
		<feat xlink:href="#sSpan2812" value="mark"/>
		<feat xlink:href="#sSpan2817" value="nsubj"/>
		<feat xlink:href="#sSpan2820" value="root"/>
		<feat xlink:href="#sSpan2824" value="mark"/>
		<feat xlink:href="#sSpan2830" value="mark"/>
		<feat xlink:href="#sSpan2832" value="case"/>
		<feat xlink:href="#sSpan2837" value="det"/>
		<feat xlink:href="#sSpan2839" value="obl"/>
		<feat xlink:href="#sSpan2841" value="mark"/>
		<feat xlink:href="#sSpan2845" value="aux"/>
		<feat xlink:href="#sSpan2847" value="det"/>
		<feat xlink:href="#sSpan2851" value="nsubj"/>
		<feat xlink:href="#sSpan2854" value="acl:relcl"/>
		<feat xlink:href="#sSpan2859" value="case"/>
		<feat xlink:href="#sSpan2864" value="obl"/>
		<feat xlink:href="#sSpan2867" value="case"/>
		<feat xlink:href="#sSpan2871" value="det"/>
		<feat xlink:href="#sSpan2876" value="obl"/>
		<feat xlink:href="#sSpan2879" value="aux"/>
		<feat xlink:href="#sSpan2883" value="nsubj"/>
		<feat xlink:href="#sSpan2885" value="ccomp"/>
		<feat xlink:href="#sSpan2888" value="case"/>
		<feat xlink:href="#sSpan2892" value="det"/>
		<feat xlink:href="#sSpan2896" value="dislocated"/>
		<feat xlink:href="#sSpan2899" value="case"/>
		<feat xlink:href="#sSpan2904" value="fixed"/>
		<feat xlink:href="#sSpan2908" value="det"/>
		<feat xlink:href="#sSpan2913" value="obl"/>
		<feat xlink:href="#sSpan2919" value="cc"/>
		<feat xlink:href="#sSpan2924" value="det"/>
		<feat xlink:href="#sSpan2927" value="conj"/>
		<feat xlink:href="#sSpan2929" value="mark"/>
		<feat xlink:href="#sSpan2934" value="acl:relcl"/>
		<feat xlink:href="#sSpan2937" value="advmod"/>
		<feat xlink:href="#sSpan2941" value="case"/>
		<feat xlink:href="#sSpan2946" value="det"/>
		<feat xlink:href="#sSpan2950" value="obl"/>
		<feat xlink:href="#sSpan2953" value="punct"/>
		<feat xlink:href="#sSpan2957" value="advmod"/>
		<feat xlink:href="#sSpan2968" value="dislocated"/>
		<feat xlink:href="#sSpan2973" value="mark"/>
		<feat xlink:href="#sSpan2975" value="acl:relcl"/>
		<feat xlink:href="#sSpan2977" value="aux"/>
		<feat xlink:href="#sSpan2982" value="nsubj"/>
		<feat xlink:href="#sSpan2984" value="advcl"/>
		<feat xlink:href="#sSpan2986" value="obj"/>
		<feat xlink:href="#sSpan2988" value="case"/>
		<feat xlink:href="#sSpan2992" value="det"/>
		<feat xlink:href="#sSpan2997" value="obl"/>
		<feat xlink:href="#sSpan3000" value="mark"/>
		<feat xlink:href="#sSpan3005" value="nsubj"/>
		<feat xlink:href="#sSpan3007" value="aux"/>
		<feat xlink:href="#sSpan3010" value="root"/>
		<feat xlink:href="#sSpan3013" value="obl"/>
		<feat xlink:href="#sSpan3018" value="punct"/>
		<feat xlink:href="#sSpan3023" value="cc"/>
		<feat xlink:href="#sSpan3028" value="case"/>
		<feat xlink:href="#sSpan3032" value="conj"/>
		<feat xlink:href="#sSpan3034" value="case"/>
		<feat xlink:href="#sSpan3039" value="det"/>
		<feat xlink:href="#sSpan3042" value="nmod"/>
		<feat xlink:href="#sSpan3044" value="obj"/>
		<feat xlink:href="#sSpan3047" value="xcomp"/>
		<feat xlink:href="#sSpan3051" value="case"/>
		<feat xlink:href="#sSpan3055" value="obl"/>
		<feat xlink:href="#sSpan3057" value="case"/>
		<feat xlink:href="#sSpan3063" value="obl"/>
		<feat xlink:href="#sSpan3065" value="punct"/>
		<feat xlink:href="#sSpan3069" value="cc"/>
		<feat xlink:href="#sSpan3075" value="aux"/>
		<feat xlink:href="#sSpan3079" value="nsubj"/>
		<feat xlink:href="#sSpan3081" value="advcl"/>
		<feat xlink:href="#sSpan3084" value="case"/>
		<feat xlink:href="#sSpan3088" value="obl"/>
		<feat xlink:href="#sSpan3091" value="case"/>
		<feat xlink:href="#sSpan3095" value="det"/>
		<feat xlink:href="#sSpan3098" value="obj"/>
		<feat xlink:href="#sSpan3101" value="case"/>
		<feat xlink:href="#sSpan3105" value="obj"/>
		<feat xlink:href="#sSpan3107" value="cc"/>
		<feat xlink:href="#sSpan3112" value="det"/>
		<feat xlink:href="#sSpan3115" value="conj"/>
		<feat xlink:href="#sSpan3118" value="case"/>
		<feat xlink:href="#sSpan3124" value="nmod"/>
		<feat xlink:href="#sSpan3126" value="punct"/>
		<feat xlink:href="#sSpan3130" value="advmod"/>
		<feat xlink:href="#sSpan3136" value="nsubj"/>
		<feat xlink:href="#sSpan3138" value="aux"/>
		<feat xlink:href="#sSpan3140" value="root"/>
		<feat xlink:href="#sSpan3144" value="advmod"/>
		<feat xlink:href="#sSpan3148" value="advmod"/>
		<feat xlink:href="#sSpan3152" value="case"/>
		<feat xlink:href="#sSpan3156" value="obl"/>
		<feat xlink:href="#sSpan3160" value="mark"/>
		<feat xlink:href="#sSpan3163" value="acl:relcl"/>
		<feat xlink:href="#sSpan3166" value="obl:npmod"/>
		<feat xlink:href="#sSpan3171" value="det"/>
		<feat xlink:href="#sSpan3173" value="case"/>
		<feat xlink:href="#sSpan3177" value="det"/>
		<feat xlink:href="#sSpan3180" value="obl"/>
		<feat xlink:href="#sSpan3185" value="punct"/>
		<feat xlink:href="#sSpan3189" value="appos"/>
		<feat xlink:href="#sSpan3193" value="mark"/>
		<feat xlink:href="#sSpan3198" value="det"/>
		<feat xlink:href="#sSpan3202" value="nsubj"/>
		<feat xlink:href="#sSpan3204" value="acl:relcl"/>
		<feat xlink:href="#sSpan3210" value="case"/>
		<feat xlink:href="#sSpan3214" value="obl"/>
		<feat xlink:href="#sSpan3216" value="case"/>
		<feat xlink:href="#sSpan3222" value="xcomp"/>
		<feat xlink:href="#sSpan3226" value="cc"/>
		<feat xlink:href="#sSpan3230" value="det"/>
		<feat xlink:href="#sSpan3237" value="conj"/>
		<feat xlink:href="#sSpan3240" value="punct"/>
		<feat xlink:href="#sSpan3244" value="case"/>
		<feat xlink:href="#sSpan3250" value="det"/>
		<feat xlink:href="#sSpan3252" value="root"/>
		<feat xlink:href="#sSpan3254" value="mark"/>
		<feat xlink:href="#sSpan3258" value="acl:relcl"/>
		<feat xlink:href="#sSpan3260" value="mark"/>
		<feat xlink:href="#sSpan3265" value="ccomp"/>
		<feat xlink:href="#sSpan3268" value="mark"/>
		<feat xlink:href="#sSpan3270" value="acl:relcl"/>
		<feat xlink:href="#sSpan3273" value="case"/>
		<feat xlink:href="#sSpan3278" value="obl"/>
		<feat xlink:href="#sSpan3280" value="cop"/>
		<feat xlink:href="#sSpan3284" value="det"/>
		<feat xlink:href="#sSpan3290" value="nsubj"/>
		<feat xlink:href="#sSpan3293" value="punct"/>
		<feat xlink:href="#sSpan3297" value="cc"/>
		<feat xlink:href="#sSpan3302" value="det"/>
		<feat xlink:href="#sSpan3308" value="conj"/>
		<feat xlink:href="#sSpan3310" value="cop"/>
		<feat xlink:href="#sSpan3314" value="case"/>
		<feat xlink:href="#sSpan3318" value="det"/>
		<feat xlink:href="#sSpan3322" value="nmod"/>
		<feat xlink:href="#sSpan3325" value="cc"/>
		<feat xlink:href="#sSpan3330" value="det"/>
		<feat xlink:href="#sSpan3335" value="conj"/>
		<feat xlink:href="#sSpan3337" value="case"/>
		<feat xlink:href="#sSpan3342" value="det"/>
		<feat xlink:href="#sSpan3346" value="nmod"/>
		<feat xlink:href="#sSpan3350" value="punct"/>
		<feat xlink:href="#sSpan3354" value="nsubj"/>
		<feat xlink:href="#sSpan3363" value="mark"/>
		<feat xlink:href="#sSpan3366" value="aux"/>
		<feat xlink:href="#sSpan3369" value="acl:relcl"/>
		<feat xlink:href="#sSpan3371" value="det"/>
		<feat xlink:href="#sSpan3375" value="obj"/>
		<feat xlink:href="#sSpan3380" value="punct"/>
		<feat xlink:href="#sSpan3384" value="obl:npmod"/>
		<feat xlink:href="#sSpan3389" value="root"/>
		<feat xlink:href="#sSpan3395" value="mark"/>
		<feat xlink:href="#sSpan3397" value="aux"/>
		<feat xlink:href="#sSpan3399" value="acl:relcl"/>
		<feat xlink:href="#sSpan3401" value="punct"/>
		<feat xlink:href="#sSpan3405" value="cc"/>
		<feat xlink:href="#sSpan3411" value="obl:npmod"/>
		<feat xlink:href="#sSpan3415" value="root"/>
		<feat xlink:href="#sSpan3420" value="mark"/>
		<feat xlink:href="#sSpan3425" value="mark"/>
		<feat xlink:href="#sSpan3427" value="det"/>
		<feat xlink:href="#sSpan3431" value="nsubj"/>
		<feat xlink:href="#sSpan3435" value="aux"/>
		<feat xlink:href="#sSpan3439" value="acl:relcl"/>
		<feat xlink:href="#sSpan3442" value="case"/>
		<feat xlink:href="#sSpan3447" value="obl"/>
		<feat xlink:href="#sSpan3449" value="case"/>
		<feat xlink:href="#sSpan3453" value="det"/>
		<feat xlink:href="#sSpan3457" value="obl"/>
		<feat xlink:href="#sSpan3460" value="case"/>
		<feat xlink:href="#sSpan3465" value="nmod"/>
		<feat xlink:href="#sSpan3475" value="punct"/>
		<feat xlink:href="#sSpan3479" value="det"/>
		<feat xlink:href="#sSpan3486" value="dislocated"/>
		<feat xlink:href="#sSpan3491" value="advmod"/>
		<feat xlink:href="#sSpan3496" value="obl:npmod"/>
		<feat xlink:href="#sSpan3500" value="mark"/>
		<feat xlink:href="#sSpan3504" value="acl:relcl"/>
		<feat xlink:href="#sSpan3507" value="case"/>
		<feat xlink:href="#sSpan3511" value="det"/>
		<feat xlink:href="#sSpan3514" value="obj"/>
		<feat xlink:href="#sSpan3516" value="punct"/>
		<feat xlink:href="#sSpan3520" value="nsubj"/>
		<feat xlink:href="#sSpan3525" value="aux"/>
		<feat xlink:href="#sSpan3527" value="root"/>
		<feat xlink:href="#sSpan3529" value="case"/>
		<feat xlink:href="#sSpan3534" value="obl"/>
		<feat xlink:href="#sSpan3536" value="case"/>
		<feat xlink:href="#sSpan3540" value="det"/>
		<feat xlink:href="#sSpan3544" value="obj"/>
		<feat xlink:href="#sSpan3549" value="punct"/>
		<feat xlink:href="#sSpan3553" value="cc"/>
		<feat xlink:href="#sSpan3558" value="det"/>
		<feat xlink:href="#sSpan3564" value="nsubj"/>
		<feat xlink:href="#sSpan3569" value="mark"/>
		<feat xlink:href="#sSpan3574" value="acl:relcl"/>
		<feat xlink:href="#sSpan3578" value="obl:npmod"/>
		<feat xlink:href="#sSpan3582" value="det"/>
		<feat xlink:href="#sSpan3584" value="case"/>
		<feat xlink:href="#sSpan3588" value="det"/>
		<feat xlink:href="#sSpan3592" value="obl"/>
		<feat xlink:href="#sSpan3595" value="punct"/>
		<feat xlink:href="#sSpan3599" value="aux"/>
		<feat xlink:href="#sSpan3603" value="root"/>
		<feat xlink:href="#sSpan3606" value="case"/>
		<feat xlink:href="#sSpan3610" value="obl"/>
		<feat xlink:href="#sSpan3612" value="case"/>
		<feat xlink:href="#sSpan3616" value="det"/>
		<feat xlink:href="#sSpan3620" value="obj"/>
		<feat xlink:href="#sSpan3624" value="punct"/>
		<feat xlink:href="#sSpan3629" value="advmod"/>
		<feat xlink:href="#sSpan3638" value="aux"/>
		<feat xlink:href="#sSpan3642" value="nsubj"/>
		<feat xlink:href="#sSpan3644" value="root"/>
		<feat xlink:href="#sSpan3648" value="mark"/>
		<feat xlink:href="#sSpan3652" value="nsubj"/>
		<feat xlink:href="#sSpan3655" value="ccomp"/>
		<feat xlink:href="#sSpan3660" value="case"/>
		<feat xlink:href="#sSpan3664" value="det"/>
		<feat xlink:href="#sSpan3667" value="obl"/>
		<feat xlink:href="#sSpan3670" value="mark"/>
		<feat xlink:href="#sSpan3674" value="case"/>
		<feat xlink:href="#sSpan3676" value="det"/>
		<feat xlink:href="#sSpan3680" value="acl:relcl"/>
		<feat xlink:href="#sSpan3682" value="case"/>
		<feat xlink:href="#sSpan3687" value="obl"/>
		<feat xlink:href="#sSpan3689" value="punct"/>
		<feat xlink:href="#sSpan3693" value="cc"/>
		<feat xlink:href="#sSpan3699" value="aux"/>
		<feat xlink:href="#sSpan3703" value="nsubj"/>
		<feat xlink:href="#sSpan3705" value="conj"/>
		<feat xlink:href="#sSpan3708" value="case"/>
		<feat xlink:href="#sSpan3712" value="obl"/>
		<feat xlink:href="#sSpan3714" value="case"/>
		<feat xlink:href="#sSpan3719" value="obl"/>
		<feat xlink:href="#sSpan3724" value="det"/>
		<feat xlink:href="#sSpan3728" value="punct"/>
		<feat xlink:href="#sSpan3732" value="aux"/>
		<feat xlink:href="#sSpan3738" value="det"/>
		<feat xlink:href="#sSpan3741" value="nsubj"/>
		<feat xlink:href="#sSpan3743" value="root"/>
		<feat xlink:href="#sSpan3749" value="punct"/>
		<feat xlink:href="#sSpan3753" value="cc"/>
		<feat xlink:href="#sSpan3758" value="dislocated"/>
		<feat xlink:href="#sSpan3763" value="advmod"/>
		<feat xlink:href="#sSpan3767" value="det"/>
		<feat xlink:href="#sSpan3770" value="aux"/>
		<feat xlink:href="#sSpan3775" value="nsubj"/>
		<feat xlink:href="#sSpan3777" value="root"/>
		<feat xlink:href="#sSpan3779" value="case"/>
		<feat xlink:href="#sSpan3783" value="det"/>
		<feat xlink:href="#sSpan3787" value="obl"/>
		<feat xlink:href="#sSpan3790" value="case"/>
		<feat xlink:href="#sSpan3794" value="nmod"/>
		<feat xlink:href="#sSpan3796" value="punct"/>
		<feat xlink:href="#sSpan3802" value="mark"/>
		<feat xlink:href="#sSpan3813" value="advmod"/>
		<feat xlink:href="#sSpan3817" value="advmod"/>
		<feat xlink:href="#sSpan3821" value="punct"/>
		<feat xlink:href="#sSpan3825" value="mark"/>
		<feat xlink:href="#sSpan3830" value="advcl"/>
		<feat xlink:href="#sSpan3832" value="iobj"/>
		<feat xlink:href="#sSpan3834" value="det"/>
		<feat xlink:href="#sSpan3839" value="nsubj"/>
		<feat xlink:href="#sSpan3842" value="mark"/>
		<feat xlink:href="#sSpan3846" value="xcomp"/>
		<feat xlink:href="#sSpan3849" value="obj"/>
		<feat xlink:href="#sSpan3851" value="punct"/>
		<feat xlink:href="#sSpan3855" value="advmod"/>
		<feat xlink:href="#sSpan3860" value="det"/>
		<feat xlink:href="#sSpan3865" value="dislocated"/>
		<feat xlink:href="#sSpan3867" value="det"/>
		<feat xlink:href="#sSpan3872" value="appos"/>
		<feat xlink:href="#sSpan3874" value="cc"/>
		<feat xlink:href="#sSpan3879" value="det"/>
		<feat xlink:href="#sSpan3884" value="conj"/>
		<feat xlink:href="#sSpan3887" value="aux"/>
		<feat xlink:href="#sSpan3892" value="nsubj"/>
		<feat xlink:href="#sSpan3894" value="root"/>
		<feat xlink:href="#sSpan3896" value="case"/>
		<feat xlink:href="#sSpan3900" value="obl"/>
		<feat xlink:href="#sSpan3903" value="punct"/>
		<feat xlink:href="#sSpan3907" value="root"/>
		<feat xlink:href="#sSpan3913" value="obj"/>
		<feat xlink:href="#sSpan3915" value="case"/>
		<feat xlink:href="#sSpan3920" value="obl"/>
		<feat xlink:href="#sSpan3924" value="punct"/>
		<feat xlink:href="#sSpan3928" value="cc"/>
		<feat xlink:href="#sSpan3932" value="conj"/>
		<feat xlink:href="#sSpan3937" value="advmod"/>
		<feat xlink:href="#sSpan3941" value="det"/>
		<feat xlink:href="#sSpan3943" value="punct"/>
		<feat xlink:href="#sSpan3947" value="advmod"/>
		<feat xlink:href="#sSpan3953" value="root"/>
		<feat xlink:href="#sSpan3957" value="iobj"/>
		<feat xlink:href="#sSpan3959" value="nsubj"/>
		<feat xlink:href="#sSpan3965" value="advmod"/>
		<feat xlink:href="#sSpan3970" value="cc"/>
		<feat xlink:href="#sSpan3975" value="conj"/>
		<feat xlink:href="#sSpan3980" value="case"/>
		<feat xlink:href="#sSpan3984" value="nmod"/>
		<feat xlink:href="#sSpan3986" value="punct"/>
		<feat xlink:href="#sSpan3990" value="case"/>
		<feat xlink:href="#sSpan3995" value="det"/>
		<feat xlink:href="#sSpan3998" value="obl"/>
		<feat xlink:href="#sSpan4000" value="punct"/>
		<feat xlink:href="#sSpan4004" value="advmod"/>
		<feat xlink:href="#sSpan4010" value="root"/>
		<feat xlink:href="#sSpan4012" value="case"/>
		<feat xlink:href="#sSpan4016" value="obl"/>
		<feat xlink:href="#sSpan4019" value="case"/>
		<feat xlink:href="#sSpan4023" value="nmod"/>
		<feat xlink:href="#sSpan4026" value="det"/>
		<feat xlink:href="#sSpan4028" value="aux"/>
		<feat xlink:href="#sSpan4034" value="nsubj"/>
		<feat xlink:href="#sSpan4036" value="advmod"/>
		<feat xlink:href="#sSpan4038" value="advcl"/>
		<feat xlink:href="#sSpan4041" value="obj"/>
		<feat xlink:href="#sSpan4045" value="case"/>
		<feat xlink:href="#sSpan4049" value="nmod"/>
		<feat xlink:href="#sSpan4051" value="case"/>
		<feat xlink:href="#sSpan4056" value="obl"/>
		<feat xlink:href="#sSpan4059" value="punct"/>
		<feat xlink:href="#sSpan4063" value="mark"/>
		<feat xlink:href="#sSpan4068" value="mark"/>
		<feat xlink:href="#sSpan4073" value="det"/>
		<feat xlink:href="#sSpan4076" value="nsubj"/>
		<feat xlink:href="#sSpan4078" value="aux"/>
		<feat xlink:href="#sSpan4083" value="advcl"/>
		<feat xlink:href="#sSpan4085" value="advmod"/>
		<feat xlink:href="#sSpan4090" value="det"/>
		<feat xlink:href="#sSpan4092" value="case"/>
		<feat xlink:href="#sSpan4096" value="det"/>
		<feat xlink:href="#sSpan4098" value="obl"/>
		<feat xlink:href="#sSpan4100" value="obl:npmod"/>
		<feat xlink:href="#sSpan4105" value="cc"/>
		<feat xlink:href="#sSpan4109" value="conj"/>
		<feat xlink:href="#sSpan4115" value="punct"/>
		<feat xlink:href="#sSpan4119" value="cc"/>
		<feat xlink:href="#sSpan4124" value="advmod"/>
		<feat xlink:href="#sSpan4129" value="aux"/>
		<feat xlink:href="#sSpan4133" value="det"/>
		<feat xlink:href="#sSpan4136" value="nsubj"/>
		<feat xlink:href="#sSpan4139" value="root"/>
		<feat xlink:href="#sSpan4143" value="case"/>
		<feat xlink:href="#sSpan4147" value="obl"/>
		<feat xlink:href="#sSpan4150" value="case"/>
		<feat xlink:href="#sSpan4154" value="obl"/>
		<feat xlink:href="#sSpan4156" value="punct"/></featList></paula>