<?xml version='1.0' encoding='UTF-8'?><!DOCTYPE paula SYSTEM "paula_feat.dtd">
<paula version="1.1">
	<header paula_id="scriptorium.Mark_05.mark_lang"/>
	<featList xmlns:xlink="http://www.w3.org/1999/xlink" type="lang" xml:base="scriptorium.Mark_05.mark.xml">
		<feat xlink:href="#sSpan36" value="Greek"/>
		<feat xlink:href="#sSpan46" value="Greek"/>
		<feat xlink:href="#sSpan56" value="Greek"/>
		<feat xlink:href="#sSpan146" value="Greek"/>
		<feat xlink:href="#sSpan153" value="Greek"/>
		<feat xlink:href="#sSpan216" value="Greek"/>
		<feat xlink:href="#sSpan263" value="Greek"/>
		<feat xlink:href="#sSpan273" value="Greek"/>
		<feat xlink:href="#sSpan291" value="Greek"/>
		<feat xlink:href="#sSpan305" value="Greek"/>
		<feat xlink:href="#sSpan451" value="Hebrew"/>
		<feat xlink:href="#sSpan516" value="Greek"/>
		<feat xlink:href="#sSpan569" value="Hebrew"/>
		<feat xlink:href="#sSpan629" value="Greek"/>
		<feat xlink:href="#sSpan651" value="Hebrew"/>
		<feat xlink:href="#sSpan655" value="Greek"/>
		<feat xlink:href="#sSpan700" value="Greek"/>
		<feat xlink:href="#sSpan707" value="Greek"/>
		<feat xlink:href="#sSpan769" value="Greek"/>
		<feat xlink:href="#sSpan843" value="Greek"/>
		<feat xlink:href="#sSpan868" value="Greek"/>
		<feat xlink:href="#sSpan907" value="Greek"/>
		<feat xlink:href="#sSpan1028" value="Greek"/>
		<feat xlink:href="#sSpan1031" value="Greek"/>
		<feat xlink:href="#sSpan1040" value="Greek"/>
		<feat xlink:href="#sSpan1093" value="Greek"/>
		<feat xlink:href="#sSpan1154" value="Greek"/>
		<feat xlink:href="#sSpan1176" value="Greek"/>
		<feat xlink:href="#sSpan1220" value="Greek"/>
		<feat xlink:href="#sSpan1284" value="Greek"/>
		<feat xlink:href="#sSpan1299" value="Hebrew"/>
		<feat xlink:href="#sSpan1387" value="Greek"/>
		<feat xlink:href="#sSpan1438" value="Greek"/>
		<feat xlink:href="#sSpan1490" value="Greek"/>
		<feat xlink:href="#sSpan1522" value="Greek"/>
		<feat xlink:href="#sSpan1605" value="Greek"/>
		<feat xlink:href="#sSpan1768" value="Greek"/>
		<feat xlink:href="#sSpan1779" value="Greek"/>
		<feat xlink:href="#sSpan1798" value="Greek"/>
		<feat xlink:href="#sSpan1812" value="Hebrew"/>
		<feat xlink:href="#sSpan1882" value="Hebrew"/>
		<feat xlink:href="#sSpan1948" value="Greek"/>
		<feat xlink:href="#sSpan1951" value="Greek"/>
		<feat xlink:href="#sSpan1985" value="Greek"/>
		<feat xlink:href="#sSpan2001" value="Hebrew"/>
		<feat xlink:href="#sSpan2018" value="Greek"/>
		<feat xlink:href="#sSpan2166" value="Greek"/>
		<feat xlink:href="#sSpan2222" value="Greek"/>
		<feat xlink:href="#sSpan2225" value="Greek"/>
		<feat xlink:href="#sSpan2397" value="Greek"/>
		<feat xlink:href="#sSpan2442" value="Hebrew"/>
		<feat xlink:href="#sSpan2524" value="Greek"/>
		<feat xlink:href="#sSpan2591" value="Greek"/>
		<feat xlink:href="#sSpan2626" value="Greek"/>
		<feat xlink:href="#sSpan2651" value="Greek"/>
		<feat xlink:href="#sSpan2662" value="Hebrew"/>
		<feat xlink:href="#sSpan2674" value="Greek"/>
		<feat xlink:href="#sSpan2807" value="Greek"/>
		<feat xlink:href="#sSpan2837" value="Greek"/>
		<feat xlink:href="#sSpan2911" value="Greek"/>
		<feat xlink:href="#sSpan2952" value="Greek"/>
		<feat xlink:href="#sSpan3071" value="Greek"/>
		<feat xlink:href="#sSpan3102" value="Greek"/>
		<feat xlink:href="#sSpan3130" value="Greek"/>
		<feat xlink:href="#sSpan3157" value="Greek"/>
		<feat xlink:href="#sSpan3164" value="Greek"/>
		<feat xlink:href="#sSpan3214" value="Greek"/>
		<feat xlink:href="#sSpan3286" value="Hebrew"/>
		<feat xlink:href="#sSpan3298" value="Greek"/>
		<feat xlink:href="#sSpan3347" value="Greek"/>
		<feat xlink:href="#sSpan3360" value="Greek"/>
		<feat xlink:href="#sSpan3412" value="Greek"/>
		<feat xlink:href="#sSpan3420" value="Hebrew"/>
		<feat xlink:href="#sSpan3428" value="Hebrew"/>
		<feat xlink:href="#sSpan3442" value="Hebrew"/>
		<feat xlink:href="#sSpan3485" value="Greek"/>
		<feat xlink:href="#sSpan3551" value="Greek"/>
		<feat xlink:href="#sSpan3622" value="Greek"/>
		<feat xlink:href="#sSpan3659" value="Greek"/>
		<feat xlink:href="#sSpan3836" value="Aramaic"/>
		<feat xlink:href="#sSpan3840" value="Aramaic"/>
		<feat xlink:href="#sSpan3961" value="Greek"/>
		<feat xlink:href="#sSpan4022" value="Greek"/></featList></paula>