<?xml version='1.0' encoding='UTF-8'?><!DOCTYPE paula SYSTEM "paula_feat.dtd">
<paula version="1.1">
	<header paula_id="scriptorium.johannes.canons.FA37-42.mark_norm_group"/>
	<featList xmlns:xlink="http://www.w3.org/1999/xlink" type="norm_group" xml:base="scriptorium.johannes.canons.FA37-42.mark.xml">
		<feat xlink:href="#sSpan3" value="ⲛⲧϩⲉ"/>
		<feat xlink:href="#sSpan19" value="ϩⲱⲱϥ"/>
		<feat xlink:href="#sSpan25" value="ⲛⲧⲁⲛⲉⲓⲙⲉ"/>
		<feat xlink:href="#sSpan36" value="ⲉⲡⲁⲓ"/>
		<feat xlink:href="#sSpan43" value="ϩⲓⲧⲛⲛϩⲩⲡⲟⲙⲛⲏⲙⲁ"/>
		<feat xlink:href="#sSpan53" value="ⲛⲙⲙⲁⲣⲧⲩⲣⲟⲥ"/>
		<feat xlink:href="#sSpan63" value="ⲉⲧⲟⲩⲁⲁⲃ"/>
		<feat xlink:href="#sSpan69" value="ϫⲉⲛϥϯⲥⲟ"/>
		<feat xlink:href="#sSpan82" value="ⲁⲛ"/>
		<feat xlink:href="#sSpan86" value="ⲉⲗⲁⲁⲩ"/>
		<feat xlink:href="#sSpan93" value="ϩⲛⲛⲉⲛⲧⲁⲛϫⲟⲟⲩ"/>
		<feat xlink:href="#sSpan110" value="·"/>
		<feat xlink:href="#sSpan114" value="ⲛⲧϩⲉ"/>
		<feat xlink:href="#sSpan127" value="ⲉⲛⲧⲁⲛϩⲉ"/>
		<feat xlink:href="#sSpan137" value="ⲉⲣⲟⲥ"/>
		<feat xlink:href="#sSpan144" value="ⲉϥϫⲓⲕⲃⲁ"/>
		<feat xlink:href="#sSpan154" value="ⲙⲙⲟⲟⲩ"/>
		<feat xlink:href="#sSpan161" value="ⲧⲏⲣⲟⲩ"/>
		<feat xlink:href="#sSpan167" value="ⲁⲩⲱ"/>
		<feat xlink:href="#sSpan172" value="ⲉϥⲕⲁⲧⲁⲕⲣⲓⲛⲉ"/>
		<feat xlink:href="#sSpan182" value="ⲙⲙⲟⲟⲩ"/>
		<feat xlink:href="#sSpan188" value="ⲉⲡⲙⲟⲩ"/>
		<feat xlink:href="#sSpan197" value="ϩⲓⲧⲙⲡⲉⲓⲛⲉ"/>
		<feat xlink:href="#sSpan207" value="ⲛⲛⲉϥⲡⲣⲟⲥⲧⲁⲅⲙⲁ"/>
		<feat xlink:href="#sSpan217" value="ⲛⲁⲓ"/>
		<feat xlink:href="#sSpan222" value="ⲉⲧⲥⲏϩ"/>
		<feat xlink:href="#sSpan228" value="ϩⲛⲛϩⲩⲡⲟⲙⲛⲏⲙⲁ"/>
		<feat xlink:href="#sSpan239" value="ⲛⲙⲙⲁⲣⲧⲩⲣⲟⲥ"/>
		<feat xlink:href="#sSpan250" value="·"/>
		<feat xlink:href="#sSpan254" value="ⲛⲧϩⲉ"/>
		<feat xlink:href="#sSpan268" value="ⲉⲧⲥⲏϩ"/>
		<feat xlink:href="#sSpan275" value="ϩⲓⲧⲛⲛⲉϥⲥϩⲁⲓ"/>
		<feat xlink:href="#sSpan284" value="ϫⲉⲛⲓⲙ"/>
		<feat xlink:href="#sSpan290" value="ⲙⲛⲛⲓⲙ"/>
		<feat xlink:href="#sSpan297" value="ⲛⲛⲟϭ"/>
		<feat xlink:href="#sSpan303" value="ⲛⲉⲡⲓⲥⲕⲟⲡⲟⲥ"/>
		<feat xlink:href="#sSpan311" value="ⲛⲧⲉⲧⲉⲭⲱⲣⲁ"/>
		<feat xlink:href="#sSpan321" value="ⲉⲩϣⲁⲛⲟⲩⲱϣ"/>
		<feat xlink:href="#sSpan328" value="ⲉⲥⲱⲧⲙ"/>
		<feat xlink:href="#sSpan336" value="ⲛⲥⲁⲡⲁⲇⲓⲁⲧⲁⲅⲙⲁ"/>
		<feat xlink:href="#sSpan346" value="ⲉⲛⲧⲁⲓⲧⲟϭϥ"/>
		<feat xlink:href="#sSpan360" value="ⲉⲃⲟⲗ"/>
		<feat xlink:href="#sSpan365" value="·"/>
		<feat xlink:href="#sSpan369" value="ⲁⲩⲱ"/>
		<feat xlink:href="#sSpan377" value="ⲛⲥⲉⲟⲩⲱϣⲧ"/>
		<feat xlink:href="#sSpan386" value="ⲛⲛⲛⲟⲩⲧⲉ"/>
		<feat xlink:href="#sSpan395" value="·"/>
		<feat xlink:href="#sSpan399" value="ⲉⲩⲛⲁϫⲓ"/>
		<feat xlink:href="#sSpan413" value="ⲛⲟⲩⲛⲟϭ"/>
		<feat xlink:href="#sSpan422" value="ⲛⲉⲝⲟⲩⲥⲓⲁ"/>
		<feat xlink:href="#sSpan430" value="ⲟⲩ"/>
		<feat xlink:href="#sSpan436" value="ⲙⲟⲛⲟⲛ"/>
		<feat xlink:href="#sSpan440" value="ϩⲛⲧⲉⲩⲡⲟⲗⲓⲥ"/>
		<feat xlink:href="#sSpan450" value="·"/>
		<feat xlink:href="#sSpan455" value="ⲁⲗⲗⲁ"/>
		<feat xlink:href="#sSpan463" value="ϩⲛⲧⲉⲭⲱⲣⲁ"/>
		<feat xlink:href="#sSpan473" value="ⲧⲏⲣⲥ"/>
		<feat xlink:href="#sSpan479" value="·"/>
		<feat xlink:href="#sSpan483" value="ⲉϣⲱⲡⲉ"/>
		<feat xlink:href="#sSpan493" value="ⲇⲉ"/>
		<feat xlink:href="#sSpan497" value="ⲉⲩⲧⲙⲥⲱⲧⲙ"/>
		<feat xlink:href="#sSpan509" value="ⲛⲥⲁⲡⲁⲇⲓⲁⲧⲁⲅⲙⲁ"/>
		<feat xlink:href="#sSpan519" value="ⲡⲉϫⲁϥ"/>
		<feat xlink:href="#sSpan527" value="·"/>
		<feat xlink:href="#sSpan531" value="ⲁⲩⲱ"/>
		<feat xlink:href="#sSpan539" value="ⲛⲥⲉⲧⲙⲟⲩⲱϣⲧ"/>
		<feat xlink:href="#sSpan550" value="ⲛⲛⲛⲟⲩⲧⲉ"/>
		<feat xlink:href="#sSpan559" value="·"/>
		<feat xlink:href="#sSpan563" value="ⲉⲩⲉⲕⲁⲧⲁⲕⲣⲓⲛⲉ"/>
		<feat xlink:href="#sSpan575" value="ⲙⲙⲟⲟⲩ"/>
		<feat xlink:href="#sSpan582" value="ⲉⲡⲙⲟⲩ"/>
		<feat xlink:href="#sSpan590" value="ⲁⲩⲱ"/>
		<feat xlink:href="#sSpan595" value="ⲟⲛ"/>
		<feat xlink:href="#sSpan599" value="ⲧⲁⲓ"/>
		<feat xlink:href="#sSpan603" value="ⲧⲉ"/>
		<feat xlink:href="#sSpan607" value="ⲧϩⲉ"/>
		<feat xlink:href="#sSpan614" value="ⲛⲧⲁⲩϩⲩⲡⲟⲙⲉⲓⲛⲉ"/>
		<feat xlink:href="#sSpan626" value="ⲛϭⲓⲙⲙⲁⲣⲧⲩⲣⲟⲥ"/>
		<feat xlink:href="#sSpan636" value="ⲉⲧⲟⲩⲁⲁⲃ"/>
		<feat xlink:href="#sSpan642" value="ϣⲁⲛⲧⲟⲩϫⲓ"/>
		<feat xlink:href="#sSpan651" value="ⲙⲡⲉⲕⲗⲟⲙ"/>
		<feat xlink:href="#sSpan660" value="ⲙⲡⲱⲛϩ"/>
		<feat xlink:href="#sSpan670" value="·"/>
		<feat xlink:href="#sSpan674" value="ⲛⲧⲁⲛϫⲉⲛⲁⲓ"/>
		<feat xlink:href="#sSpan693" value="ϫⲉⲉϣϫⲉ"/>
		<feat xlink:href="#sSpan700" value="ⲡⲣⲣⲟ"/>
		<feat xlink:href="#sSpan706" value="ⲛⲧⲁⲡⲛⲟⲩⲧⲉ"/>
		<feat xlink:href="#sSpan717" value="ϯ"/>
		<feat xlink:href="#sSpan721" value="ⲛⲁϥ"/>
		<feat xlink:href="#sSpan727" value="ⲛⲟⲩⲉⲝⲟⲩⲥⲓⲁ"/>
		<feat xlink:href="#sSpan738" value="ⲉⲧⲣⲉϥⲣⲣⲣⲟ"/>
		<feat xlink:href="#sSpan751" value="ϩϫⲙⲡⲕⲁϩ"/>
		<feat xlink:href="#sSpan762" value="·"/>
		<feat xlink:href="#sSpan766" value="ⲟⲩⲛⲧⲁϥ"/>
		<feat xlink:href="#sSpan777" value="ⲙⲙⲁⲩ"/>
		<feat xlink:href="#sSpan781" value="ⲛⲟⲩϩⲟⲧⲉ"/>
		<feat xlink:href="#sSpan790" value="ⲛⲧⲉⲓⲙⲓⲛⲉ"/>
		<feat xlink:href="#sSpan798" value="ⲙⲛⲟⲩϭⲱⲛⲧ"/>
		<feat xlink:href="#sSpan807" value="ϩⲛⲟⲩⲛⲟϭ"/>
		<feat xlink:href="#sSpan816" value="ⲛⲁⲡⲉⲓⲗⲏ"/>
		<feat xlink:href="#sSpan824" value="ⲉϫⲛⲛⲉⲧⲧⲥⲧⲟ"/>
		<feat xlink:href="#sSpan836" value="ⲉⲃⲟⲗ"/>
		<feat xlink:href="#sSpan841" value="ⲛⲛⲉϥⲡⲣⲟⲥⲧⲁⲅⲙⲁ"/>
		<feat xlink:href="#sSpan851" value="·"/>
		<feat xlink:href="#sSpan855" value="ⲉⲧϯⲟⲩⲃⲉⲡⲉϥⲇⲓⲁⲧⲁⲅⲙⲁ"/>
		<feat xlink:href="#sSpan873" value="ⲉⲧⲣⲉϥϫⲓⲕⲃⲁ"/>
		<feat xlink:href="#sSpan886" value="ⲙⲙⲟⲟⲩ"/>
		<feat xlink:href="#sSpan893" value="ϩⲛϩⲉⲛⲥⲏϥⲉ"/>
		<feat xlink:href="#sSpan902" value="ⲙⲛϩⲉⲛⲕⲉⲧⲓⲙⲱⲣⲓⲁ"/>
		<feat xlink:href="#sSpan914" value="ⲉⲩⲟϣ"/>
		<feat xlink:href="#sSpan924" value="ⲕⲁⲧⲁⲡⲉⲧⲥⲏϩ"/>
		<feat xlink:href="#sSpan935" value="·"/>
		<feat xlink:href="#sSpan939" value="ϫⲉⲉⲣⲉⲡϭⲱⲛⲧ"/>
		<feat xlink:href="#sSpan954" value="ⲛⲟⲩⲣⲣⲟ"/>
		<feat xlink:href="#sSpan962" value="ⲟ"/>
		<feat xlink:href="#sSpan966" value="ⲛⲧϩⲉ"/>
		<feat xlink:href="#sSpan975" value="ⲙⲡⲁϣⲁϩ"/>
		<feat xlink:href="#sSpan983" value="ⲟ"/>
		<feat xlink:href="#sSpan988" value="ⲙⲛⲟⲩⲙⲟⲩⲓ"/>
		<feat xlink:href="#sSpan996" value="ⲉϥϯⲥⲃⲱ"/>
		<feat xlink:href="#sSpan1007" value="ⲣⲱ"/>
		<feat xlink:href="#sSpan1011" value="ⲉⲩⲙⲛⲧⲁⲧⲛⲟⲩⲧⲉ"/>
		<feat xlink:href="#sSpan1023" value="ⲁⲩⲱ"/>
		<feat xlink:href="#sSpan1028" value="ⲡⲟⲥⲉ"/>
		<feat xlink:href="#sSpan1034" value="ⲛⲛⲉⲯⲩⲭⲏ"/>
		<feat xlink:href="#sSpan1044" value="ⲛϩⲉ"/>
		<feat xlink:href="#sSpan1050" value="ⲛⲙⲏⲏϣⲉ"/>
		<feat xlink:href="#sSpan1057" value="·"/>
		<feat xlink:href="#sSpan1061" value="ⲉⲟⲩⲛⲧⲁϥ"/>
		<feat xlink:href="#sSpan1074" value="ⲙⲙⲁⲩ"/>
		<feat xlink:href="#sSpan1078" value="ⲛⲟⲩⲁⲡⲉⲓⲗⲏ"/>
		<feat xlink:href="#sSpan1088" value="ⲛⲧⲉⲓϭⲟⲧ"/>
		<feat xlink:href="#sSpan1097" value="·"/>
		<feat xlink:href="#sSpan1101" value="ⲁⲩⲱ"/>
		<feat xlink:href="#sSpan1109" value="ⲟⲩϭⲱⲛⲧ"/>
		<feat xlink:href="#sSpan1117" value="ⲛⲁⲧⲡⲉⲓⲑⲉ"/>
		<feat xlink:href="#sSpan1127" value="ⲙⲙⲟϥ"/>
		<feat xlink:href="#sSpan1134" value="ϩⲓⲧⲛϩⲉⲛⲭⲣⲏⲙⲁ"/>
		<feat xlink:href="#sSpan1144" value="·"/>
		<feat xlink:href="#sSpan1148" value="ⲉⲓⲉⲡⲟⲥⲟ"/>
		<feat xlink:href="#sSpan1161" value="ⲙⲁⲗⲗⲟⲛ"/>
		<feat xlink:href="#sSpan1166" value="ⲡⲣⲣⲟ"/>
		<feat xlink:href="#sSpan1172" value="ⲛⲧⲡⲉ"/>
		<feat xlink:href="#sSpan1181" value="ⲙⲛⲡⲕⲁϩ"/>
		<feat xlink:href="#sSpan1189" value="ⲡⲇⲏⲙⲓⲟⲩⲣⲅⲟⲥ"/>
		<feat xlink:href="#sSpan1197" value="ⲙⲡⲧⲏⲣϥ"/>
		<feat xlink:href="#sSpan1208" value="·"/>
		<feat xlink:href="#sSpan1213" value="ⲡⲉⲛⲧⲁϥⲧⲁⲙⲓⲉⲡⲧⲏⲣϥ"/>
		<feat xlink:href="#sSpan1236" value="ⲉⲃⲟⲗ"/>
		<feat xlink:href="#sSpan1241" value="ϩⲙⲡⲉⲧⲉⲛϥϣⲟⲟⲡ"/>
		<feat xlink:href="#sSpan1256" value="ⲁⲛ"/>
		<feat xlink:href="#sSpan1260" value="ⲙⲡⲏⲩⲉ"/>
		<feat xlink:href="#sSpan1267" value="ⲙⲛⲡⲕⲁϩ"/>
		<feat xlink:href="#sSpan1276" value="·"/>
		<feat xlink:href="#sSpan1280" value="ⲧⲑⲁⲗⲁⲥⲥⲁ"/>
		<feat xlink:href="#sSpan1292" value="ⲙⲛⲛⲉⲧⲛϩⲏⲧⲥ"/>
		<feat xlink:href="#sSpan1305" value="ⲧⲏⲣⲟⲩ"/>
		<feat xlink:href="#sSpan1311" value="ⲛϥⲛⲁϭⲱⲛⲧ"/>
		<feat xlink:href="#sSpan1322" value="ⲁⲛ"/>
		<feat xlink:href="#sSpan1327" value="·"/>
		<feat xlink:href="#sSpan1332" value="ⲏ"/>
		<feat xlink:href="#sSpan1340" value="ⲟⲩⲛⲗⲁⲁⲩ"/>
		<feat xlink:href="#sSpan1347" value="ⲛⲁϣⲁⲙⲁϩⲧⲉ"/>
		<feat xlink:href="#sSpan1356" value="ⲛⲧⲟⲣⲅⲏ"/>
		<feat xlink:href="#sSpan1365" value="ⲙⲡⲉϥϭⲱⲛⲧ"/>
		<feat xlink:href="#sSpan1374" value="ⲉϫⲛⲣⲱⲙⲉ"/>
		<feat xlink:href="#sSpan1381" value="ⲛⲓⲙ"/>
		<feat xlink:href="#sSpan1386" value="ⲉⲓⲧⲉ"/>
		<feat xlink:href="#sSpan1391" value="ϩⲟⲟⲩⲧ"/>
		<feat xlink:href="#sSpan1396" value="ⲉⲓⲧⲉ"/>
		<feat xlink:href="#sSpan1401" value="ⲥϩⲓⲙⲉ"/>
		<feat xlink:href="#sSpan1406" value="ⲉⲓⲧⲉ"/>
		<feat xlink:href="#sSpan1411" value="ⲕⲟⲩⲓ"/>
		<feat xlink:href="#sSpan1416" value="ⲉⲓⲧⲉ"/>
		<feat xlink:href="#sSpan1421" value="ⲛⲟϭ"/>
		<feat xlink:href="#sSpan1426" value="ⲉⲓⲧⲉ"/>
		<feat xlink:href="#sSpan1433" value="ⲟⲩⲏⲏⲃ"/>
		<feat xlink:href="#sSpan1438" value="ⲉⲓⲧⲉ"/>
		<feat xlink:href="#sSpan1444" value="ⲙⲟⲛⲁⲭⲟⲥ"/>
		<feat xlink:href="#sSpan1449" value="ⲉⲓⲧⲉ"/>
		<feat xlink:href="#sSpan1454" value="ⲣⲣⲟ"/>
		<feat xlink:href="#sSpan1459" value="ⲉⲓⲧⲉ"/>
		<feat xlink:href="#sSpan1465" value="ⲁⲣⲭⲱⲛ"/>
		<feat xlink:href="#sSpan1470" value="ⲉⲓⲧⲉ"/>
		<feat xlink:href="#sSpan1476" value="ⲁⲣⲭⲏⲅⲟⲥ"/>
		<feat xlink:href="#sSpan1480" value="ⲛⲓⲙ"/>
		<feat xlink:href="#sSpan1485" value="ⲛⲗⲁⲟⲥ"/>
		<feat xlink:href="#sSpan1492" value="ⲉϥⲛⲁⲧⲥⲧⲟ"/>
		<feat xlink:href="#sSpan1504" value="ⲉⲃⲟⲗ"/>
		<feat xlink:href="#sSpan1508" value="ⲛⲛⲉⲡⲣⲟⲥⲧⲁⲅⲙⲁ"/>
		<feat xlink:href="#sSpan1518" value="ⲙⲡϫⲟⲉⲓⲥ"/>
		<feat xlink:href="#sSpan1527" value="ⲙⲛⲡⲉϥⲛⲟⲙⲟⲥ"/>
		<feat xlink:href="#sSpan1537" value="ⲁⲩⲱ"/>
		<feat xlink:href="#sSpan1542" value="ⲛⲉϥⲇⲓⲕⲁⲓⲱⲙⲁ"/>
		<feat xlink:href="#sSpan1550" value="ⲙⲛⲛⲉϥϩⲁⲡ"/>
		<feat xlink:href="#sSpan1560" value="ⲁⲩⲱ"/>
		<feat xlink:href="#sSpan1564" value="ⲛⲉϥⲙⲛⲧⲙⲛⲧⲣⲉ"/>
		<feat xlink:href="#sSpan1573" value="ⲛⲁⲓ"/>
		<feat xlink:href="#sSpan1578" value="ⲛⲧⲁϥⲣⲙⲛⲧⲣⲉ"/>
		<feat xlink:href="#sSpan1591" value="ⲙⲙⲟⲟⲩ"/>
		<feat xlink:href="#sSpan1597" value="ⲛⲁⲛ"/>
		<feat xlink:href="#sSpan1604" value="ϫⲓⲛⲛϣⲟⲣⲡ"/>
		<feat xlink:href="#sSpan1613" value="ϩⲛⲧⲧⲁⲡⲣⲟ"/>
		<feat xlink:href="#sSpan1622" value="ⲛⲛⲉϥⲡⲣⲟⲫⲏⲧⲏⲥ"/>
		<feat xlink:href="#sSpan1632" value="ⲉⲧⲟⲩⲁⲁⲃ"/>
		<feat xlink:href="#sSpan1638" value="ⲁⲩⲱ"/>
		<feat xlink:href="#sSpan1643" value="ϩⲛⲧⲧⲁⲡⲣⲟ"/>
		<feat xlink:href="#sSpan1652" value="ⲙⲡⲉϥⲙⲟⲛⲟⲅⲉⲛⲏⲥ"/>
		<feat xlink:href="#sSpan1662" value="ⲛϣⲏⲣⲉ"/>
		<feat xlink:href="#sSpan1669" value="ⲉⲧⲟⲩⲁⲁⲃ"/>
		<feat xlink:href="#sSpan1676" value="ⲓⲏⲥⲟⲩⲥ"/>
		<feat xlink:href="#sSpan1681" value="ⲛⲧϩⲉ"/>
		<feat xlink:href="#sSpan1689" value="ⲉⲧⲉⲣⲉⲡⲁⲡⲟⲥⲧⲟⲗⲟⲥ"/>
		<feat xlink:href="#sSpan1699" value="ϫⲱ"/>
		<feat xlink:href="#sSpan1705" value="ⲙⲙⲟⲥ"/>
		<feat xlink:href="#sSpan1711" value="ϫⲉϩⲛϩⲁϩ"/>
		<feat xlink:href="#sSpan1720" value="ⲙⲙⲉⲣⲟⲥ"/>
		<feat xlink:href="#sSpan1727" value="ⲁⲩⲱ"/>
		<feat xlink:href="#sSpan1731" value="ϩⲛϩⲁϩ"/>
		<feat xlink:href="#sSpan1738" value="ⲛⲥⲙⲟⲧ"/>
		<feat xlink:href="#sSpan1744" value="ⲉⲁⲡⲛⲟⲩⲧⲉ"/>
		<feat xlink:href="#sSpan1755" value="ϣⲁϫⲉ"/>
		<feat xlink:href="#sSpan1760" value="ⲙⲛⲛⲉⲛⲉⲓⲟⲧⲉ"/>
		<feat xlink:href="#sSpan1769" value="ⲛϣⲟⲣⲡ"/>
		<feat xlink:href="#sSpan1775" value="ϩⲛⲛⲉⲡⲣⲟⲫⲏⲧⲏⲥ"/>
		<feat xlink:href="#sSpan1785" value="·"/>
		<feat xlink:href="#sSpan1789" value="ϩⲛⲧϩⲁⲏ"/>
		<feat xlink:href="#sSpan1803" value="ⲇⲉ"/>
		<feat xlink:href="#sSpan1807" value="ⲛⲛⲓϩⲟⲟⲩ"/>
		<feat xlink:href="#sSpan1816" value="ⲁϥϣⲁϫⲉ"/>
		<feat xlink:href="#sSpan1824" value="ⲛⲙⲙⲁⲛ"/>
		<feat xlink:href="#sSpan1831" value="ϩⲙⲡϣⲏⲣⲉ"/>
		<feat xlink:href="#sSpan1840" value="·"/>
		<feat xlink:href="#sSpan1844" value="ⲡⲁⲓ"/>
		<feat xlink:href="#sSpan1852" value="ⲛⲧⲁϥⲕⲁⲁϥ"/>
		<feat xlink:href="#sSpan1865" value="ⲛⲕⲗⲏⲣⲟⲛⲟⲙⲟⲥ"/>
		<feat xlink:href="#sSpan1873" value="ⲙⲡⲧⲏⲣϥ"/>
		<feat xlink:href="#sSpan1884" value="·"/>
		<feat xlink:href="#sSpan1888" value="ⲡⲁⲓ"/>
		<feat xlink:href="#sSpan1896" value="ⲟⲛ"/>
		<feat xlink:href="#sSpan1901" value="ⲛⲧⲁϥⲧⲁⲙⲓⲉ"/>
		<feat xlink:href="#sSpan1911" value="ⲛⲁⲓⲱⲛ"/>
		<feat xlink:href="#sSpan1920" value="ⲉⲃⲟⲗ"/>
		<feat xlink:href="#sSpan1924" value="ϩⲓⲧⲟⲟⲧϥ"/>
		<feat xlink:href="#sSpan1931" value="·"/>
		<feat xlink:href="#sSpan1935" value="ⲁⲩⲱ"/>
		<feat xlink:href="#sSpan1943" value="ⲟⲛ"/>
		<feat xlink:href="#sSpan1948" value="ϩⲛⲧⲧⲁⲡⲣⲟ"/>
		<feat xlink:href="#sSpan1956" value="ⲛⲉϥⲁⲡⲟⲥⲧⲟⲗⲟⲥ"/>
		<feat xlink:href="#sSpan1964" value="ⲟⲩ"/>
		<feat xlink:href="#sSpan1969" value="ϭⲉ"/>
		<feat xlink:href="#sSpan1973" value="ⲡⲉⲧⲛⲁϣⲱⲡⲉ"/>
		<feat xlink:href="#sSpan1984" value="ⲛⲛⲁⲓ"/>
		<feat xlink:href="#sSpan1990" value="ⲛⲧⲉⲓⲙⲓⲛⲉ"/>
		<feat xlink:href="#sSpan2000" value="ⲏ"/>
		<feat xlink:href="#sSpan2005" value="ⲛⲓⲙ"/>
		<feat xlink:href="#sSpan2009" value="ⲡⲉⲧⲛⲁϣⲡⲉⲓⲑⲉ"/>
		<feat xlink:href="#sSpan2023" value="ⲙⲡϭⲱⲛⲧ"/>
		<feat xlink:href="#sSpan2032" value="ⲛⲧⲟⲣⲅⲏ"/>
		<feat xlink:href="#sSpan2042" value="ⲙⲡⲛⲟⲩⲧⲉ"/>
		<feat xlink:href="#sSpan2050" value="ⲡⲣⲣⲟ"/>
		<feat xlink:href="#sSpan2059" value="ⲛⲧⲡⲉ"/>
		<feat xlink:href="#sSpan2067" value="ⲙⲛⲡⲕⲁϩ"/>
		<feat xlink:href="#sSpan2076" value="ⲡⲁⲓ"/>
		<feat xlink:href="#sSpan2080" value="ⲉⲧϯⲥⲃⲱ"/>
		<feat xlink:href="#sSpan2089" value="ⲉⲧⲙⲛⲧⲛⲟⲩⲧⲉ"/>
		<feat xlink:href="#sSpan2100" value="ϩⲛⲟⲩⲙⲉ"/>
		<feat xlink:href="#sSpan2108" value="ⲉⲧⲣⲉⲩⲟⲩⲱϣⲧ"/>
		<feat xlink:href="#sSpan2119" value="ⲁⲛ"/>
		<feat xlink:href="#sSpan2124" value="ⲛϩⲉⲛϣⲉ"/>
		<feat xlink:href="#sSpan2132" value="ⲙⲛϩⲉⲛⲱⲛⲉ"/>
		<feat xlink:href="#sSpan2141" value="·"/>
		<feat xlink:href="#sSpan2145" value="ⲛⲧϩⲉ"/>
		<feat xlink:href="#sSpan2157" value="ⲛⲛⲉⲣⲣⲱⲟⲩ"/>
		<feat xlink:href="#sSpan2166" value="ⲛⲧⲁⲩⲡⲱϣⲥ"/>
		<feat xlink:href="#sSpan2177" value="ⲛⲁⲓ"/>
		<feat xlink:href="#sSpan2181" value="ⲛⲧⲁⲛϣⲁϫⲉ"/>
		<feat xlink:href="#sSpan2192" value="ⲉⲧⲃⲉⲧϩⲟⲧⲉ"/>
		<feat xlink:href="#sSpan2201" value="ⲙⲛⲧⲟⲣⲅⲏ"/>
		<feat xlink:href="#sSpan2211" value="ⲙⲡⲉⲩϭⲱⲛⲧ"/>
		<feat xlink:href="#sSpan2220" value="·"/>
		<feat xlink:href="#sSpan2224" value="ⲛⲁⲓ"/>
		<feat xlink:href="#sSpan2232" value="ⲟⲛ"/>
		<feat xlink:href="#sSpan2236" value="ⲉⲧϯⲥⲃⲱ"/>
		<feat xlink:href="#sSpan2245" value="ⲉⲟⲩⲱϣⲧ"/>
		<feat xlink:href="#sSpan2252" value="ⲛϩⲉⲛϣⲉ"/>
		<feat xlink:href="#sSpan2260" value="ⲙⲛϩⲉⲛⲱⲛⲉ"/>
		<feat xlink:href="#sSpan2269" value="ⲁⲩⲱ"/>
		<feat xlink:href="#sSpan2274" value="ⲡⲕⲉⲥⲉⲉⲡⲉ"/>
		<feat xlink:href="#sSpan2282" value="ⲧⲏⲣϥ"/>
		<feat xlink:href="#sSpan2289" value="·"/>
		<feat xlink:href="#sSpan2293" value="ⲛϩⲱⲃ"/>
		<feat xlink:href="#sSpan2303" value="ⲛϭⲓϫ"/>
		<feat xlink:href="#sSpan2310" value="ⲛⲣⲱⲙⲉ"/>
		<feat xlink:href="#sSpan2317" value="ⲁⲗⲗⲁ"/>
		<feat xlink:href="#sSpan2322" value="ⲉⲣⲉⲡϫⲟⲉⲓⲥ"/>
		<feat xlink:href="#sSpan2331" value="ϯⲥⲃⲱ"/>
		<feat xlink:href="#sSpan2337" value="ⲉⲧⲣⲉⲩⲟⲩⲱϣⲧ"/>
		<feat xlink:href="#sSpan2348" value="ⲛⲁϥ"/>
		<feat xlink:href="#sSpan2354" value="ϩⲛⲟⲩⲡⲛⲉⲩⲙⲁ"/>
		<feat xlink:href="#sSpan2364" value="ⲙⲛⲟⲩⲙⲉ"/>
		<feat xlink:href="#sSpan2372" value="ϫⲉⲛⲧⲟϥ"/>
		<feat xlink:href="#sSpan2379" value="ⲡⲉ"/>
		<feat xlink:href="#sSpan2383" value="ⲡⲛⲟⲩⲧⲉ"/>
		<feat xlink:href="#sSpan2390" value="ⲙⲙⲉ"/>
		<feat xlink:href="#sSpan2396" value="ⲙⲁⲩⲁⲁϥ"/>
		<feat xlink:href="#sSpan2403" value="·"/>
		<feat xlink:href="#sSpan2408" value="ⲕⲁⲧⲁⲡⲉⲧⲥⲏϩ"/>
		<feat xlink:href="#sSpan2423" value="ϫⲉⲟⲩⲡⲛⲉⲩⲙⲁ"/>
		<feat xlink:href="#sSpan2433" value="ⲡⲉ"/>
		<feat xlink:href="#sSpan2437" value="ⲡⲛⲟⲩⲧⲉ"/>
		<feat xlink:href="#sSpan2443" value="ⲁⲩⲱ"/>
		<feat xlink:href="#sSpan2449" value="ⲛⲉⲧⲛⲁⲟⲩⲱϣⲧ"/>
		<feat xlink:href="#sSpan2460" value="ⲛⲁϥ"/>
		<feat xlink:href="#sSpan2466" value="ϣϣⲉ"/>
		<feat xlink:href="#sSpan2471" value="ⲉⲣⲟⲟⲩ"/>
		<feat xlink:href="#sSpan2477" value="ⲉⲧⲣⲉⲩⲟⲩⲱϣⲧ"/>
		<feat xlink:href="#sSpan2488" value="ⲛⲁϥ"/>
		<feat xlink:href="#sSpan2495" value="ϩⲛⲟⲩⲡⲛⲉⲩⲙⲁ"/>
		<feat xlink:href="#sSpan2504" value="ⲙⲛⲟⲩⲙⲉ"/>
		<feat xlink:href="#sSpan2513" value="·"/>
		<feat xlink:href="#sSpan2517" value="ⲁⲩⲱ"/>
		<feat xlink:href="#sSpan2526" value="ⲟⲛ"/>
		<feat xlink:href="#sSpan2530" value="ⲉⲧⲣⲉⲩⲣϩⲙϩⲁⲗ"/>
		<feat xlink:href="#sSpan2543" value="ⲛⲁϥ"/>
		<feat xlink:href="#sSpan2549" value="ϫⲉⲛⲧⲟϥ"/>
		<feat xlink:href="#sSpan2556" value="ⲡⲉ"/>
		<feat xlink:href="#sSpan2560" value="ⲡⲣⲣⲟ"/>
		<feat xlink:href="#sSpan2567" value="ⲛⲧⲡⲉ"/>
		<feat xlink:href="#sSpan2575" value="ⲙⲛⲡⲕⲁϩ"/>
		<feat xlink:href="#sSpan2584" value="·"/>
		<feat xlink:href="#sSpan2588" value="ⲁⲩⲱ"/>
		<feat xlink:href="#sSpan2596" value="ⲛⲧⲟϥ"/>
		<feat xlink:href="#sSpan2601" value="ⲡⲉⲛⲧⲁϥⲧⲁⲙⲓⲟⲟⲩ"/>
		<feat xlink:href="#sSpan2616" value="ⲛⲥⲉϣⲟⲟⲡ"/>
		<feat xlink:href="#sSpan2625" value="ⲁⲛ"/>
		<feat xlink:href="#sSpan2630" value="ⲉⲓⲧⲉ"/>
		<feat xlink:href="#sSpan2636" value="ⲁⲅⲅⲉⲗⲟⲥ"/>
		<feat xlink:href="#sSpan2641" value="ⲉⲓⲧⲉ"/>
		<feat xlink:href="#sSpan2647" value="ⲁⲣⲭⲏ"/>
		<feat xlink:href="#sSpan2652" value="ⲉⲓⲧⲉ"/>
		<feat xlink:href="#sSpan2658" value="ⲉⲝⲟⲩⲥⲓⲁ"/>
		<feat xlink:href="#sSpan2663" value="ⲉⲓⲧⲉ"/>
		<feat xlink:href="#sSpan2668" value="ⲛⲉⲧϩⲛⲙⲡⲏⲩⲉ"/>
		<feat xlink:href="#sSpan2681" value="ⲧⲏⲣⲟⲩ"/>
		<feat xlink:href="#sSpan2687" value="ⲛⲧⲁⲩϣⲱⲡⲉ"/>
		<feat xlink:href="#sSpan2699" value="ⲅⲁⲣ"/>
		<feat xlink:href="#sSpan2704" value="ⲧⲏⲣⲟⲩ"/>
		<feat xlink:href="#sSpan2711" value="ⲉⲃⲟⲗ"/>
		<feat xlink:href="#sSpan2715" value="ϩⲓⲧⲟⲟⲧϥ"/>
		<feat xlink:href="#sSpan2722" value="·"/>
		<feat xlink:href="#sSpan2728" value="ⲉⲓⲥϩⲏⲏⲧⲉ"/>
		<feat xlink:href="#sSpan2741" value="ⲟⲩⲛ"/>
		<feat xlink:href="#sSpan2745" value="ⲁⲛⲉⲓⲙⲉ"/>
		<feat xlink:href="#sSpan2754" value="ϫⲉⲟⲩⲟⲉⲓ"/>
		<feat xlink:href="#sSpan2760" value="ⲛⲅⲉⲛⲟⲥ"/>
		<feat xlink:href="#sSpan2768" value="ⲛⲓⲙ"/>
		<feat xlink:href="#sSpan2772" value="ⲛⲣⲱⲙⲉ"/>
		<feat xlink:href="#sSpan2779" value="·"/>
		<feat xlink:href="#sSpan2783" value="ⲉⲛϥϩⲁⲣⲉϩ"/>
		<feat xlink:href="#sSpan2798" value="ⲁⲛ"/>
		<feat xlink:href="#sSpan2802" value="ⲉⲛⲉⲡⲣⲟⲥⲧⲁⲅⲙⲁ"/>
		<feat xlink:href="#sSpan2812" value="ⲙⲡϫⲟⲉⲓⲥ"/>
		<feat xlink:href="#sSpan2824" value="ⲉⲃⲟⲗ"/>
		<feat xlink:href="#sSpan2828" value="ϩⲛⲛⲉⲅⲣⲁⲫⲏ"/>
		<feat xlink:href="#sSpan2838" value="ⲉⲧⲟⲩⲁⲁⲃ"/>
		<feat xlink:href="#sSpan2845" value="·"/>
		<feat xlink:href="#sSpan2849" value="ⲛⲉⲣⲣⲱⲟⲩ"/>
		<feat xlink:href="#sSpan2861" value="ⲙⲉⲛ"/>
		<feat xlink:href="#sSpan2865" value="ⲛⲧⲁⲛϣⲁϫⲉ"/>
		<feat xlink:href="#sSpan2876" value="ⲉⲧⲃⲏⲏⲧⲟⲩ"/>
		<feat xlink:href="#sSpan2883" value="ⲛⲁⲓ"/>
		<feat xlink:href="#sSpan2887" value="ⲛⲧⲁⲩⲥⲁϩⲱⲟⲩ"/>
		<feat xlink:href="#sSpan2900" value="ⲉⲃⲟⲗ"/>
		<feat xlink:href="#sSpan2904" value="ⲛⲧⲙⲉ"/>
		<feat xlink:href="#sSpan2913" value="·"/>
		<feat xlink:href="#sSpan2917" value="ⲉⲩϫⲓⲕⲃⲁ"/>
		<feat xlink:href="#sSpan2932" value="ⲛϩⲉⲛⲥⲱⲙⲁ"/>
		<feat xlink:href="#sSpan2941" value="ϩⲛⲧⲥⲏϥⲉ"/>
		<feat xlink:href="#sSpan2950" value="·"/>
		<feat xlink:href="#sSpan2955" value="ⲏ"/>
		<feat xlink:href="#sSpan2963" value="ⲛⲧⲟϥ"/>
		<feat xlink:href="#sSpan2968" value="ϩⲙⲡⲕⲱϩⲧ"/>
		<feat xlink:href="#sSpan2977" value="ⲙⲛϩⲉⲛⲕⲉⲃⲁⲥⲁⲛⲟⲥ"/>
		<feat xlink:href="#sSpan2989" value="ⲧⲉⲯⲩⲭⲏ"/>
		<feat xlink:href="#sSpan2998" value="ⲇⲉ"/>
		<feat xlink:href="#sSpan3002" value="ⲛⲧⲟⲥ"/>
		<feat xlink:href="#sSpan3006" value="ⲛⲥⲉⲛⲁϭⲙϭⲟⲙ"/>
		<feat xlink:href="#sSpan3017" value="ⲉⲣⲟⲥ"/>
		<feat xlink:href="#sSpan3024" value="ⲁⲛ"/>
		<feat xlink:href="#sSpan3028" value="·"/>
		<feat xlink:href="#sSpan3033" value="ⲟⲩⲧⲉ"/>
		<feat xlink:href="#sSpan3041" value="ⲛⲥⲉⲛⲁⲛⲁⲩ"/>
		<feat xlink:href="#sSpan3052" value="ⲁⲛ"/>
		<feat xlink:href="#sSpan3056" value="ⲉⲣⲟⲥ"/>
		<feat xlink:href="#sSpan3063" value="·"/>
		<feat xlink:href="#sSpan3068" value="ⲟⲩⲧⲉ"/>
		<feat xlink:href="#sSpan3076" value="ⲛⲥⲉⲥⲟⲟⲩⲛ"/>
		<feat xlink:href="#sSpan3085" value="ⲁⲛ"/>
		<feat xlink:href="#sSpan3089" value="ϫⲉⲉⲥⲧⲱⲛ"/>
		<feat xlink:href="#sSpan3100" value="ϩⲙⲡⲣⲱⲙⲉ"/>
		<feat xlink:href="#sSpan3109" value="·"/>
		<feat xlink:href="#sSpan3114" value="ⲁⲗⲗⲁ"/>
		<feat xlink:href="#sSpan3122" value="ⲉϣⲁⲥⲉⲓ"/>
		<feat xlink:href="#sSpan3134" value="ⲉⲃⲟⲗ"/>
		<feat xlink:href="#sSpan3138" value="ϩⲛⲟⲩϩⲱⲡ"/>
		<feat xlink:href="#sSpan3147" value="ⲛⲥⲃⲱⲕ"/>
		<feat xlink:href="#sSpan3157" value="ⲉⲛϭⲓϫ"/>
		<feat xlink:href="#sSpan3165" value="ⲙⲡⲛⲟⲩⲧⲉ"/>
		<feat xlink:href="#sSpan3174" value="ⲛϥϯ"/>
		<feat xlink:href="#sSpan3183" value="ⲛⲁⲥ"/>
		<feat xlink:href="#sSpan3190" value="ⲕⲁⲧⲁⲡⲉⲥⲙⲡϣⲁ"/>
		<feat xlink:href="#sSpan3199" value="·"/>
		<feat xlink:href="#sSpan3203" value="ⲡⲛⲟⲩⲧⲉ"/>
		<feat xlink:href="#sSpan3215" value="ⲇⲉ"/>
		<feat xlink:href="#sSpan3219" value="ⲛⲧⲟϥ"/>
		<feat xlink:href="#sSpan3225" value="ⲧⲉⲯⲩⲭⲏ"/>
		<feat xlink:href="#sSpan3232" value="ⲙⲛⲡⲥⲱⲙⲁ"/>
		<feat xlink:href="#sSpan3242" value="ⲛⲛⲉⲧⲛⲁⲣⲁⲧⲥⲱⲧⲙ"/>
		<feat xlink:href="#sSpan3259" value="ⲛⲥⲱϥ"/>
		<feat xlink:href="#sSpan3265" value="ϣⲁϥϫⲓⲕⲃⲁ"/>
		<feat xlink:href="#sSpan3276" value="ⲙⲙⲟⲟⲩ"/>
		<feat xlink:href="#sSpan3282" value="ϩⲓⲟⲩⲥⲟⲡ"/>
		<feat xlink:href="#sSpan3291" value="ⲛϩⲣⲁⲓ"/>
		<feat xlink:href="#sSpan3295" value="ϩⲙⲡⲕⲱϩⲧ"/>
		<feat xlink:href="#sSpan3304" value="ⲛⲧⲅⲉϩⲉⲛⲛⲁ"/>
		<feat xlink:href="#sSpan3314" value="ⲉⲧϩⲛⲁⲙⲛⲧⲉ"/>
		<feat xlink:href="#sSpan3323" value="·"/>
		<feat xlink:href="#sSpan3329" value="ⲱ"/>
		<feat xlink:href="#sSpan3339" value="ⲡⲛⲟⲩⲧⲉ"/>
		<feat xlink:href="#sSpan3345" value="ⲙⲙⲉ"/>
		<feat xlink:href="#sSpan3351" value="ⲙⲁⲩⲁⲁϥ"/>
		<feat xlink:href="#sSpan3358" value="·"/>
		<feat xlink:href="#sSpan3362" value="ⲁⲩⲱ"/>
		<feat xlink:href="#sSpan3370" value="ⲡϫⲟⲉⲓⲥ"/>
		<feat xlink:href="#sSpan3377" value="ⲙⲡⲉⲟⲟⲩ"/>
		<feat xlink:href="#sSpan3386" value="ⲓⲏⲥⲟⲩⲥ"/>
		<feat xlink:href="#sSpan3391" value="ⲙⲙⲛⲧⲁⲛϣⲁϫⲉ"/>
		<feat xlink:href="#sSpan3400" value="ⲙⲙⲁⲩ"/>
		<feat xlink:href="#sSpan3404" value="ⲉϫⲱ"/>
		<feat xlink:href="#sSpan3409" value="ⲙⲡⲉⲕⲙⲧⲟ"/>
		<feat xlink:href="#sSpan3418" value="ⲉⲃⲟⲗ"/>
		<feat xlink:href="#sSpan3422" value="ⲉⲕϣⲁⲛⲕⲣⲓⲛⲉ"/>
		<feat xlink:href="#sSpan3430" value="ⲉϥⲓⲱⲡ"/>
		<feat xlink:href="#sSpan3438" value="ⲛⲙⲙⲁⲛ"/>
		<feat xlink:href="#sSpan3445" value="·"/>
		<feat xlink:href="#sSpan3450" value="ⲕⲁⲧⲁⲡⲉⲙⲡϣⲁ"/>
		<feat xlink:href="#sSpan3463" value="ⲛⲛⲉⲛⲡⲉⲑⲟⲟⲩ"/>
		<feat xlink:href="#sSpan3473" value="ⲁⲗⲗⲁ"/>
		<feat xlink:href="#sSpan3478" value="ⲉⲕⲛⲁⲕⲱ"/>
		<feat xlink:href="#sSpan3489" value="ⲉⲃⲟⲗ"/>
		<feat xlink:href="#sSpan3494" value="ⲉⲧⲃⲉⲡⲉⲕⲣⲁⲛ"/>
		<feat xlink:href="#sSpan3503" value="ⲙⲁⲩⲁⲁϥ"/>
		<feat xlink:href="#sSpan3509" value="ϫⲉϥⲟⲩⲁⲁⲃ"/>
		<feat xlink:href="#sSpan3518" value="·"/>
		<feat xlink:href="#sSpan3522" value="ⲁⲩⲱ"/>
		<feat xlink:href="#sSpan3530" value="ϥϩⲁⲉⲟⲟⲩ"/>
		<feat xlink:href="#sSpan3539" value="ϣⲁⲛⲓⲉⲛⲉϩ"/>
		<feat xlink:href="#sSpan3548" value="·"/>
		<feat xlink:href="#sSpan3553" value="ⲟⲩⲟⲉⲓ"/>
		<feat xlink:href="#sSpan3563" value="ⲛⲣⲱⲙⲉ"/>
		<feat xlink:href="#sSpan3569" value="ⲛⲓⲙ"/>
		<feat xlink:href="#sSpan3574" value="ⲉϥⲛⲁⲁⲙⲉⲗⲉⲓⲁⲧⲙⲉ"/>
		<feat xlink:href="#sSpan3592" value="ⲉⲃⲟⲗ"/>
		<feat xlink:href="#sSpan3596" value="ϩⲙⲡⲛⲟⲃⲉ"/>
		<feat xlink:href="#sSpan3605" value="ϣⲁⲛⲧⲉϥⲙⲟⲩ"/>
		<feat xlink:href="#sSpan3614" value="·"/>
		<feat xlink:href="#sSpan3619" value="ⲕⲁⲧⲁⲧϩⲉ"/>
		<feat xlink:href="#sSpan3632" value="ⲛⲧⲁⲛϫⲉⲡⲁⲓ"/>
		<feat xlink:href="#sSpan3644" value="ⲛϩⲁϩ"/>
		<feat xlink:href="#sSpan3651" value="ⲛⲥⲟⲡ"/>
		<feat xlink:href="#sSpan3657" value="·"/>
		<feat xlink:href="#sSpan3661" value="ⲟⲩ"/>
		<feat xlink:href="#sSpan3670" value="ϭⲉ"/>
		<feat xlink:href="#sSpan3674" value="ⲡⲉⲧⲉⲙⲡⲟⲩϯⲟⲥⲉ"/>
		<feat xlink:href="#sSpan3689" value="ⲙⲙⲟϥ"/>
		<feat xlink:href="#sSpan3695" value="ⲛϭⲓⲛⲉⲧⲛⲁⲁⲙⲉⲗⲉⲓ"/>
		<feat xlink:href="#sSpan3709" value="ϣⲁⲛⲧⲟⲩⲙⲟⲩ"/>
		<feat xlink:href="#sSpan3718" value="ϩⲙⲡϫⲱϩⲙ"/>
		<feat xlink:href="#sSpan3727" value="·"/>
		<feat xlink:href="#sSpan3731" value="ⲉⲁⲩϯⲟⲥⲉ"/>
		<feat xlink:href="#sSpan3748" value="ⲛⲧⲉⲩϭⲓⲛⲉⲓ"/>
		<feat xlink:href="#sSpan3759" value="ϣⲁⲣⲟⲟⲩ"/>
		<feat xlink:href="#sSpan3766" value="ⲕⲁⲗⲱⲥ"/>
		<feat xlink:href="#sSpan3771" value="ϩⲓⲧⲛⲛⲁⲅⲅⲉⲗⲟⲥ"/>
		<feat xlink:href="#sSpan3781" value="ϩⲙⲡⲉϩⲟⲟⲩ"/>
		<feat xlink:href="#sSpan3790" value="ⲙⲡⲉⲩϭⲙⲡϣⲓⲛⲉ"/>
		<feat xlink:href="#sSpan3804" value="ⲉⲧⲣⲉⲩⲁⲥⲡⲁⲍⲉ"/>
		<feat xlink:href="#sSpan3816" value="ⲙⲙⲟⲟⲩ"/>
		<feat xlink:href="#sSpan3823" value="ϩⲛⲟⲩⲣⲁϣⲉ"/>
		<feat xlink:href="#sSpan3832" value="ⲉⲧⲣⲉⲩϩⲩⲙⲛⲉⲩⲉ"/>
		<feat xlink:href="#sSpan3844" value="ⲛⲙⲙⲁⲩ"/>
		<feat xlink:href="#sSpan3850" value="ϩⲛⲟⲩⲥⲙⲏ"/>
		<feat xlink:href="#sSpan3859" value="ⲛⲟⲩⲛⲟϥ"/>
		<feat xlink:href="#sSpan3866" value="ϩⲓⲧⲉⲗⲏⲗ"/>
		<feat xlink:href="#sSpan3873" value="ⲕⲁⲧⲁⲡⲉⲧⲥⲏϩ"/>
		<feat xlink:href="#sSpan3884" value="ϫⲉⲛⲁⲓ"/>
		<feat xlink:href="#sSpan3893" value="ⲁⲓⲣⲡⲉⲩⲙⲉⲉⲩⲉ"/>
		<feat xlink:href="#sSpan3906" value="ⲁⲓⲡⲱϩⲧ"/>
		<feat xlink:href="#sSpan3915" value="ⲛⲧⲁⲯⲩⲭⲏ"/>
		<feat xlink:href="#sSpan3924" value="ⲉϩⲣⲁⲓ"/>
		<feat xlink:href="#sSpan3930" value="ⲉϫⲱⲓ"/>
		<feat xlink:href="#sSpan3936" value="·"/>
		<feat xlink:href="#sSpan3940" value="ϫⲉϯⲛⲏⲩ"/>
		<feat xlink:href="#sSpan3953" value="ⲉⲃⲟⲗ"/>
		<feat xlink:href="#sSpan3957" value="ϩⲓⲧⲛⲟⲩⲙⲁ"/>
		<feat xlink:href="#sSpan3966" value="ⲛⲥⲕⲏⲛⲏ"/>
		<feat xlink:href="#sSpan3974" value="ⲛϣⲡⲏⲣⲉ"/>
		<feat xlink:href="#sSpan3981" value="·"/>
		<feat xlink:href="#sSpan3985" value="ϣⲁⲡⲏⲓ"/>
		<feat xlink:href="#sSpan3997" value="ⲙⲡⲛⲟⲩⲧⲉ"/>
		<feat xlink:href="#sSpan4006" value="ϩⲛⲟⲩⲥⲙⲏ"/>
		<feat xlink:href="#sSpan4015" value="ⲛⲧⲉⲗⲏⲗ"/>
		<feat xlink:href="#sSpan4021" value="ϩⲓⲟⲩⲱⲛϩ"/>
		<feat xlink:href="#sSpan4029" value="ⲉⲃⲟⲗ"/>
		<feat xlink:href="#sSpan4033" value="ⲛϩⲣⲟⲟⲩ"/>
		<feat xlink:href="#sSpan4040" value="ⲙⲡⲉⲧⲣϣⲁ"/>
		<feat xlink:href="#sSpan4053" value="·"/>
		<feat xlink:href="#sSpan4058" value="ⲉⲧⲃⲉⲟⲩ"/>
		<feat xlink:href="#sSpan4068" value="ⲧⲗⲩⲡⲉⲓ"/>
		<feat xlink:href="#sSpan4076" value="ⲧⲁⲯⲩⲭⲏ"/>
		<feat xlink:href="#sSpan4084" value="ⲡⲉϫⲁϥ"/>
		<feat xlink:href="#sSpan4090" value="·"/>
		<feat xlink:href="#sSpan4094" value="ⲁⲩⲱ"/>
		<feat xlink:href="#sSpan4104" value="ⲉⲧⲃⲉⲟⲩ"/>
		<feat xlink:href="#sSpan4110" value="ⲧⲉ"/>
		<feat xlink:href="#sSpan4115" value="ϣⲧⲟⲣⲧⲣ"/>
		<feat xlink:href="#sSpan4119" value="ⲙⲙⲟⲓ"/>
		<feat xlink:href="#sSpan4126" value="·"/>
		<feat xlink:href="#sSpan4131" value="ϩⲉⲗⲡⲓⲍⲉ"/>
		<feat xlink:href="#sSpan4140" value="ⲉⲡⲛⲟⲩⲧⲉ"/>
		<feat xlink:href="#sSpan4148" value="ϫⲉϯⲛⲁⲟⲩⲱⲛϩ"/>
		<feat xlink:href="#sSpan4159" value="ⲛⲁϥ"/>
		<feat xlink:href="#sSpan4166" value="ⲉⲃⲟⲗ"/>
		<feat xlink:href="#sSpan4170" value="ⲡⲟⲩϫⲁⲓ"/>
		<feat xlink:href="#sSpan4177" value="ⲙⲡⲁϩⲟ"/>
		<feat xlink:href="#sSpan4185" value="ⲡⲉ"/>
		<feat xlink:href="#sSpan4189" value="ⲡⲁⲛⲟⲩⲧⲉ"/>
		<feat xlink:href="#sSpan4196" value="·"/>
		<feat xlink:href="#sSpan4203" value="ⲕⲁⲓ"/>
		<feat xlink:href="#sSpan4214" value="ⲅⲁⲣ"/>
		<feat xlink:href="#sSpan4219" value="ⲕⲁⲧⲁⲡⲉⲧϣⲁϫⲉ"/>
		<feat xlink:href="#sSpan4230" value="ϩⲙⲡⲉⲛⲉⲓⲱⲧ"/>
		<feat xlink:href="#sSpan4240" value="ⲇⲁⲩⲉⲓⲇ"/>
		<feat xlink:href="#sSpan4245" value="ϫⲉⲡⲁⲓ"/>
		<feat xlink:href="#sSpan4252" value="ⲉⲧⲃⲉⲇⲁⲩⲉⲓⲇ"/>
		<feat xlink:href="#sSpan4260" value="ⲁⲛ"/>
		<feat xlink:href="#sSpan4264" value="ⲙⲙⲁⲧⲉ"/></featList></paula>