<?xml version='1.0' encoding='UTF-8'?><!DOCTYPE paula SYSTEM "paula_feat.dtd">
<paula version="1.1">
	<header paula_id="scriptorium.johannes.canons.FA37-42.mark_orig"/>
	<featList xmlns:xlink="http://www.w3.org/1999/xlink" type="orig" xml:base="scriptorium.johannes.canons.FA37-42.mark.xml">
		<feat xlink:href="#sSpan2" value="ⲛ"/>
		<feat xlink:href="#sSpan14" value="ⲑ"/>
		<feat xlink:href="#sSpan16" value="ⲉ"/>
		<feat xlink:href="#sSpan18" value="ϩⲱⲱ"/>
		<feat xlink:href="#sSpan22" value="ϥ"/>
		<feat xlink:href="#sSpan24" value="ⲛ̄ⲧ"/>
		<feat xlink:href="#sSpan29" value="ⲁ"/>
		<feat xlink:href="#sSpan31" value="ⲛ"/>
		<feat xlink:href="#sSpan33" value="ⲉⲓⲙⲉ"/>
		<feat xlink:href="#sSpan35" value="ⲉ"/>
		<feat xlink:href="#sSpan39" value="ⲡⲁⲓ̂"/>
		<feat xlink:href="#sSpan41" value="ϩⲓⲧⲛ̄"/>
		<feat xlink:href="#sSpan46" value="ⲛ"/>
		<feat xlink:href="#sSpan49" value="ϩⲩⲡⲟⲙⲛⲏⲙⲁ"/>
		<feat xlink:href="#sSpan52" value="ⲛ"/>
		<feat xlink:href="#sSpan56" value="ⲙ"/>
		<feat xlink:href="#sSpan59" value="ⲙⲁⲣⲧⲩⲣⲟⲥ"/>
		<feat xlink:href="#sSpan62" value="ⲉⲧ"/>
		<feat xlink:href="#sSpan66" value="ⲟⲩⲁⲁⲃ"/>
		<feat xlink:href="#sSpan68" value="ϫⲉ"/>
		<feat xlink:href="#sSpan73" value="ⲛ"/>
		<feat xlink:href="#sSpan75" value="ϥ̄"/>
		<feat xlink:href="#sSpan78" value="ϯⲥⲟ̂"/>
		<feat xlink:href="#sSpan81" value="ⲁⲛ"/>
		<feat xlink:href="#sSpan85" value="ⲉ"/>
		<feat xlink:href="#sSpan90" value="ⲗⲁⲁⲩ"/>
		<feat xlink:href="#sSpan92" value="ϩⲛ"/>
		<feat xlink:href="#sSpan96" value="ⲛ"/>
		<feat xlink:href="#sSpan98" value="ⲉⲛⲧ"/>
		<feat xlink:href="#sSpan101" value="ⲁ"/>
		<feat xlink:href="#sSpan103" value="ⲛ"/>
		<feat xlink:href="#sSpan105" value="ϫⲟ"/>
		<feat xlink:href="#sSpan107" value="ⲟⲩ"/>
		<feat xlink:href="#sSpan109" value="·"/>
		<feat xlink:href="#sSpan113" value="ⲉⲛ"/>
		<feat xlink:href="#sSpan121" value="ⲑ"/>
		<feat xlink:href="#sSpan124" value="ⲉ"/>
		<feat xlink:href="#sSpan126" value="ⲉⲛⲧ"/>
		<feat xlink:href="#sSpan130" value="ⲁ"/>
		<feat xlink:href="#sSpan132" value="ⲛ"/>
		<feat xlink:href="#sSpan134" value="ϩⲉ"/>
		<feat xlink:href="#sSpan136" value="ⲉⲣⲟ"/>
		<feat xlink:href="#sSpan141" value="ⲥ"/>
		<feat xlink:href="#sSpan143" value="ⲉ"/>
		<feat xlink:href="#sSpan147" value="ϥ"/>
		<feat xlink:href="#sSpan150" value="ϫⲓⲕⲃⲁ"/>
		<feat xlink:href="#sSpan153" value="ⲙⲙⲟ"/>
		<feat xlink:href="#sSpan158" value="ⲟⲩ"/>
		<feat xlink:href="#sSpan160" value="ⲧⲏⲣ"/>
		<feat xlink:href="#sSpan164" value="ⲟⲩ"/>
		<feat xlink:href="#sSpan166" value="ⲁⲩⲱ"/>
		<feat xlink:href="#sSpan171" value="ⲉ"/>
		<feat xlink:href="#sSpan175" value="ϥ"/>
		<feat xlink:href="#sSpan178" value="ⲕⲁⲧⲁⲕⲣⲓⲛⲉ"/>
		<feat xlink:href="#sSpan181" value="ⲙⲙⲟ"/>
		<feat xlink:href="#sSpan185" value="ⲟⲩ"/>
		<feat xlink:href="#sSpan187" value="ⲉ"/>
		<feat xlink:href="#sSpan192" value="ⲡ"/>
		<feat xlink:href="#sSpan194" value="ⲙⲟⲩ"/>
		<feat xlink:href="#sSpan196" value="ϩⲓⲧⲙ̄"/>
		<feat xlink:href="#sSpan200" value="ⲡ"/>
		<feat xlink:href="#sSpan204" value="ⲉⲓⲛⲉ"/>
		<feat xlink:href="#sSpan206" value="ⲛ"/>
		<feat xlink:href="#sSpan210" value="ⲛⲉϥ"/>
		<feat xlink:href="#sSpan213" value="ⲡⲣⲟⲥⲧⲁⲅⲙⲁ"/>
		<feat xlink:href="#sSpan216" value="ⲛⲁⲓ̂"/>
		<feat xlink:href="#sSpan221" value="ⲉⲧ"/>
		<feat xlink:href="#sSpan225" value="ⲥⲏϩ"/>
		<feat xlink:href="#sSpan227" value="ϩⲛ̄"/>
		<feat xlink:href="#sSpan231" value="ⲛ"/>
		<feat xlink:href="#sSpan235" value="ϩⲩⲡⲟⲙⲛⲏⲙⲁ"/>
		<feat xlink:href="#sSpan238" value="ⲛ̄"/>
		<feat xlink:href="#sSpan242" value="ⲙ"/>
		<feat xlink:href="#sSpan245" value="ⲙⲁⲣⲧⲩⲣⲟⲥ"/>
		<feat xlink:href="#sSpan249" value="·"/>
		<feat xlink:href="#sSpan253" value="ⲛ"/>
		<feat xlink:href="#sSpan262" value="ⲑ"/>
		<feat xlink:href="#sSpan264" value="ⲉ"/>
		<feat xlink:href="#sSpan267" value="Ⲉⲧ"/>
		<feat xlink:href="#sSpan272" value="ⲥⲏϩ"/>
		<feat xlink:href="#sSpan274" value="ϩⲓⲧⲛ̄"/>
		<feat xlink:href="#sSpan278" value="ⲛⲉϥ"/>
		<feat xlink:href="#sSpan280" value="ⲥϩⲁⲓ̇"/>
		<feat xlink:href="#sSpan283" value="ϫⲉ"/>
		<feat xlink:href="#sSpan287" value="ⲛⲓⲙ"/>
		<feat xlink:href="#sSpan289" value="ⲙⲛ"/>
		<feat xlink:href="#sSpan294" value="ⲛⲓⲙ"/>
		<feat xlink:href="#sSpan296" value="ⲛ"/>
		<feat xlink:href="#sSpan300" value="ⲛⲟϭ"/>
		<feat xlink:href="#sSpan302" value="ⲛ"/>
		<feat xlink:href="#sSpan308" value="ⲉⲡⲓⲥⲕⲟⲡⲟⲥ"/>
		<feat xlink:href="#sSpan310" value="ⲛⲧⲉ"/>
		<feat xlink:href="#sSpan315" value="ⲧⲉ"/>
		<feat xlink:href="#sSpan318" value="ⲭⲱⲣⲁ"/>
		<feat xlink:href="#sSpan320" value="ⲉⲩϣⲁⲛ"/>
		<feat xlink:href="#sSpan325" value="ⲟⲩⲱϣ"/>
		<feat xlink:href="#sSpan327" value="ⲉ"/>
		<feat xlink:href="#sSpan333" value="ⲥⲱⲧⲙ̄"/>
		<feat xlink:href="#sSpan335" value="ⲛⲥⲁ"/>
		<feat xlink:href="#sSpan339" value="ⲡⲁ"/>
		<feat xlink:href="#sSpan343" value="ⲇⲓⲁⲧⲁⲅⲙⲁ"/>
		<feat xlink:href="#sSpan345" value="ⲉⲛⲧ"/>
		<feat xlink:href="#sSpan351" value="ⲁ"/>
		<feat xlink:href="#sSpan353" value="ⲓ̇"/>
		<feat xlink:href="#sSpan355" value="ⲧⲟϭ"/>
		<feat xlink:href="#sSpan357" value="ϥ"/>
		<feat xlink:href="#sSpan359" value="ⲉⲃⲟⲗ"/>
		<feat xlink:href="#sSpan364" value="·"/>
		<feat xlink:href="#sSpan368" value="ⲁⲩⲱ"/>
		<feat xlink:href="#sSpan376" value="ⲛ"/>
		<feat xlink:href="#sSpan380" value="ⲥⲉ"/>
		<feat xlink:href="#sSpan382" value="ⲟⲩⲱϣⲧ"/>
		<feat xlink:href="#sSpan385" value="ⲛ̄"/>
		<feat xlink:href="#sSpan389" value="ⲛ̄"/>
		<feat xlink:href="#sSpan391" value="ⲛⲟⲩⲧⲉ"/>
		<feat xlink:href="#sSpan394" value="·"/>
		<feat xlink:href="#sSpan398" value="ⲉ"/>
		<feat xlink:href="#sSpan406" value="ⲩ"/>
		<feat xlink:href="#sSpan408" value="ⲛⲁ"/>
		<feat xlink:href="#sSpan410" value="ϫⲓ"/>
		<feat xlink:href="#sSpan412" value="ⲛ"/>
		<feat xlink:href="#sSpan417" value="ⲟⲩ"/>
		<feat xlink:href="#sSpan419" value="ⲛⲟϭ"/>
		<feat xlink:href="#sSpan421" value="ⲛ"/>
		<feat xlink:href="#sSpan426" value="ⲉⲝⲟⲩⲥⲓⲁ"/>
		<feat xlink:href="#sSpan429" value="ⲟⲩ"/>
		<feat xlink:href="#sSpan435" value="ⲙⲟⲛⲟⲛ"/>
		<feat xlink:href="#sSpan439" value="ϩⲛ"/>
		<feat xlink:href="#sSpan443" value="ⲧⲉⲩ"/>
		<feat xlink:href="#sSpan446" value="ⲡⲟⲗⲓⲥ"/>
		<feat xlink:href="#sSpan449" value="·"/>
		<feat xlink:href="#sSpan454" value="ⲁⲗⲗⲁ"/>
		<feat xlink:href="#sSpan462" value="ϩⲛ̄"/>
		<feat xlink:href="#sSpan466" value="ⲧⲉ"/>
		<feat xlink:href="#sSpan470" value="ⲭⲱⲣⲁ"/>
		<feat xlink:href="#sSpan472" value="ⲧⲏⲣ"/>
		<feat xlink:href="#sSpan476" value="ⲥ"/>
		<feat xlink:href="#sSpan478" value="·"/>
		<feat xlink:href="#sSpan482" value="ⲉϣⲱⲡⲉ"/>
		<feat xlink:href="#sSpan492" value="ⲇⲉ"/>
		<feat xlink:href="#sSpan496" value="ⲉ"/>
		<feat xlink:href="#sSpan500" value="ⲩ"/>
		<feat xlink:href="#sSpan502" value="ⲧⲙ"/>
		<feat xlink:href="#sSpan506" value="ⲥⲱⲧⲙ"/>
		<feat xlink:href="#sSpan508" value="ⲛⲥⲁ"/>
		<feat xlink:href="#sSpan512" value="ⲡⲁ"/>
		<feat xlink:href="#sSpan516" value="ⲇⲓⲁⲧⲁⲅⲙⲁ"/>
		<feat xlink:href="#sSpan518" value="ⲡⲉϫⲁ"/>
		<feat xlink:href="#sSpan523" value="ϥ"/>
		<feat xlink:href="#sSpan526" value="·"/>
		<feat xlink:href="#sSpan530" value="ⲁⲩⲱ"/>
		<feat xlink:href="#sSpan538" value="ⲛ"/>
		<feat xlink:href="#sSpan543" value="ⲥⲉ"/>
		<feat xlink:href="#sSpan545" value="ⲧⲙ"/>
		<feat xlink:href="#sSpan547" value="ⲟⲩⲱϣⲧ"/>
		<feat xlink:href="#sSpan549" value="ⲛ"/>
		<feat xlink:href="#sSpan554" value="ⲛ"/>
		<feat xlink:href="#sSpan556" value="ⲛⲟⲩⲧⲉ"/>
		<feat xlink:href="#sSpan558" value="·"/>
		<feat xlink:href="#sSpan562" value="ⲉⲩⲉ"/>
		<feat xlink:href="#sSpan571" value="ⲕⲁⲧⲁⲕⲣⲓⲛⲉ"/>
		<feat xlink:href="#sSpan574" value="ⲙⲙⲟ"/>
		<feat xlink:href="#sSpan579" value="ⲟⲩ"/>
		<feat xlink:href="#sSpan581" value="ⲉ"/>
		<feat xlink:href="#sSpan585" value="ⲡ"/>
		<feat xlink:href="#sSpan587" value="ⲙⲟⲩ"/>
		<feat xlink:href="#sSpan589" value="ⲁⲩⲱ"/>
		<feat xlink:href="#sSpan594" value="ⲟⲛ"/>
		<feat xlink:href="#sSpan598" value="ⲧⲁⲓ̇"/>
		<feat xlink:href="#sSpan602" value="ⲧⲉ"/>
		<feat xlink:href="#sSpan606" value="ⲑ"/>
		<feat xlink:href="#sSpan611" value="ⲉ"/>
		<feat xlink:href="#sSpan613" value="ⲛⲧ"/>
		<feat xlink:href="#sSpan617" value="ⲁ"/>
		<feat xlink:href="#sSpan619" value="ⲩ"/>
		<feat xlink:href="#sSpan622" value="ϩⲩⲡⲟⲙⲉⲓⲛⲉ"/>
		<feat xlink:href="#sSpan625" value="ⲛϭⲓ"/>
		<feat xlink:href="#sSpan629" value="ⲙ"/>
		<feat xlink:href="#sSpan632" value="ⲙⲁⲣⲧⲩⲣⲟⲥ"/>
		<feat xlink:href="#sSpan635" value="ⲉⲧ"/>
		<feat xlink:href="#sSpan639" value="ⲟⲩⲁⲁⲃ"/>
		<feat xlink:href="#sSpan641" value="ϣⲁⲛⲧ"/>
		<feat xlink:href="#sSpan646" value="ⲟⲩ"/>
		<feat xlink:href="#sSpan648" value="ϫⲓ"/>
		<feat xlink:href="#sSpan650" value="ⲙ"/>
		<feat xlink:href="#sSpan654" value="ⲡⲉ"/>
		<feat xlink:href="#sSpan657" value="ⲕⲗⲟⲙ"/>
		<feat xlink:href="#sSpan659" value="ⲙ"/>
		<feat xlink:href="#sSpan663" value="ⲡ"/>
		<feat xlink:href="#sSpan665" value="ⲱⲛϩ"/>
		<feat xlink:href="#sSpan669" value="·"/>
		<feat xlink:href="#sSpan673" value="ⲛ̄Ⲧ"/>
		<feat xlink:href="#sSpan684" value="ⲁ"/>
		<feat xlink:href="#sSpan686" value="ⲛ"/>
		<feat xlink:href="#sSpan688" value="ϫⲉ"/>
		<feat xlink:href="#sSpan690" value="ⲛⲁⲓ̂"/>
		<feat xlink:href="#sSpan692" value="ϫⲉ"/>
		<feat xlink:href="#sSpan696" value="ⲉϣϫⲉ"/>
		<feat xlink:href="#sSpan699" value="ⲡ"/>
		<feat xlink:href="#sSpan703" value="ⲣ̄ⲣⲟ̂"/>
		<feat xlink:href="#sSpan705" value="ⲛ̄ⲧ"/>
		<feat xlink:href="#sSpan709" value="ⲁ"/>
		<feat xlink:href="#sSpan711" value="ⲡ"/>
		<feat xlink:href="#sSpan714" value="ⲛⲟⲩⲧⲉ"/>
		<feat xlink:href="#sSpan716" value="ϯ"/>
		<feat xlink:href="#sSpan720" value="ⲛⲁ"/>
		<feat xlink:href="#sSpan724" value="ϥ"/>
		<feat xlink:href="#sSpan726" value="ⲛ"/>
		<feat xlink:href="#sSpan731" value="ⲟⲩ"/>
		<feat xlink:href="#sSpan735" value="ⲉⲝⲟⲩⲥⲓⲁ"/>
		<feat xlink:href="#sSpan737" value="ⲉ"/>
		<feat xlink:href="#sSpan742" value="ⲧⲣⲉ"/>
		<feat xlink:href="#sSpan744" value="ϥ"/>
		<feat xlink:href="#sSpan747" value="ⲣⲣⲣⲟ"/>
		<feat xlink:href="#sSpan750" value="ϩϫⲙ"/>
		<feat xlink:href="#sSpan757" value="ⲡ"/>
		<feat xlink:href="#sSpan759" value="ⲕⲁϩ"/>
		<feat xlink:href="#sSpan761" value="·"/>
		<feat xlink:href="#sSpan765" value="ⲟⲩⲛ̄ⲧⲁ"/>
		<feat xlink:href="#sSpan774" value="ϥ"/>
		<feat xlink:href="#sSpan776" value="ⲙⲙⲁⲩ"/>
		<feat xlink:href="#sSpan780" value="ⲛ"/>
		<feat xlink:href="#sSpan784" value="ⲟⲩ"/>
		<feat xlink:href="#sSpan786" value="ϩⲟⲧⲉ"/>
		<feat xlink:href="#sSpan789" value="ⲛ̄"/>
		<feat xlink:href="#sSpan793" value="ⲧⲉⲓ"/>
		<feat xlink:href="#sSpan795" value="ⲙⲓⲛⲉ"/>
		<feat xlink:href="#sSpan797" value="ⲙⲛ̄"/>
		<feat xlink:href="#sSpan802" value="ⲟⲩ"/>
		<feat xlink:href="#sSpan804" value="ϭⲱⲛⲧ̄"/>
		<feat xlink:href="#sSpan806" value="ϩⲛ̄"/>
		<feat xlink:href="#sSpan811" value="ⲟⲩ"/>
		<feat xlink:href="#sSpan813" value="ⲛⲟϭ"/>
		<feat xlink:href="#sSpan815" value="ⲛ"/>
		<feat xlink:href="#sSpan820" value="ⲁⲡⲉⲓⲗⲏ"/>
		<feat xlink:href="#sSpan823" value="ⲉϫⲛ̄"/>
		<feat xlink:href="#sSpan827" value="ⲛ"/>
		<feat xlink:href="#sSpan830" value="ⲉⲧ"/>
		<feat xlink:href="#sSpan833" value="ⲧⲥⲧⲟ"/>
		<feat xlink:href="#sSpan835" value="ⲉⲃⲟⲗ"/>
		<feat xlink:href="#sSpan839" value="ⲛ"/>
		<feat xlink:href="#sSpan844" value="ⲛⲉϥ"/>
		<feat xlink:href="#sSpan847" value="ⲡⲣⲟⲥⲧⲁⲅⲙⲁ"/>
		<feat xlink:href="#sSpan850" value="·"/>
		<feat xlink:href="#sSpan854" value="ⲉⲧ"/>
		<feat xlink:href="#sSpan863" value="ϯⲟⲩⲃⲉ"/>
		<feat xlink:href="#sSpan866" value="ⲡⲉϥ"/>
		<feat xlink:href="#sSpan870" value="ⲇⲓⲁⲧⲁⲅⲙⲁ"/>
		<feat xlink:href="#sSpan872" value="ⲉ"/>
		<feat xlink:href="#sSpan877" value="ⲧⲣⲉ"/>
		<feat xlink:href="#sSpan879" value="ϥ"/>
		<feat xlink:href="#sSpan882" value="ϫⲓⲕⲃⲁ"/>
		<feat xlink:href="#sSpan885" value="ⲙⲙⲟ"/>
		<feat xlink:href="#sSpan890" value="ⲟⲩ"/>
		<feat xlink:href="#sSpan892" value="ϩⲛ̄"/>
		<feat xlink:href="#sSpan896" value="ϩⲉⲛ"/>
		<feat xlink:href="#sSpan898" value="ⲥⲏϥⲉ"/>
		<feat xlink:href="#sSpan901" value="ⲙⲛ̄"/>
		<feat xlink:href="#sSpan905" value="ϩⲉⲛ"/>
		<feat xlink:href="#sSpan907" value="ⲕⲉ"/>
		<feat xlink:href="#sSpan911" value="ⲧⲓⲙⲱⲣⲓⲁ"/>
		<feat xlink:href="#sSpan913" value="ⲉ"/>
		<feat xlink:href="#sSpan918" value="ⲩ"/>
		<feat xlink:href="#sSpan920" value="ⲟϣ"/>
		<feat xlink:href="#sSpan923" value="ⲕⲁⲧⲁ"/>
		<feat xlink:href="#sSpan927" value="ⲡ"/>
		<feat xlink:href="#sSpan929" value="ⲉⲧ"/>
		<feat xlink:href="#sSpan931" value="ⲥⲏϩ"/>
		<feat xlink:href="#sSpan934" value="·"/>
		<feat xlink:href="#sSpan938" value="ϫⲉ"/>
		<feat xlink:href="#sSpan946" value="ⲉⲣⲉ"/>
		<feat xlink:href="#sSpan948" value="ⲡ"/>
		<feat xlink:href="#sSpan950" value="ϭⲱⲛⲧ̄"/>
		<feat xlink:href="#sSpan953" value="ⲛ"/>
		<feat xlink:href="#sSpan957" value="ⲟⲩ"/>
		<feat xlink:href="#sSpan959" value="ⲣⲣⲟ"/>
		<feat xlink:href="#sSpan961" value="ⲟ̂"/>
		<feat xlink:href="#sSpan965" value="ⲛ"/>
		<feat xlink:href="#sSpan970" value="ⲑ"/>
		<feat xlink:href="#sSpan972" value="ⲉ"/>
		<feat xlink:href="#sSpan974" value="ⲙ"/>
		<feat xlink:href="#sSpan978" value="ⲡⲁ"/>
		<feat xlink:href="#sSpan980" value="ϣⲁϩ"/>
		<feat xlink:href="#sSpan982" value="ⲟ"/>
		<feat xlink:href="#sSpan987" value="ⲙ"/>
		<feat xlink:href="#sSpan991" value="ⲛⲟⲩ"/>
		<feat xlink:href="#sSpan993" value="ⲙⲟⲩⲓ̇"/>
		<feat xlink:href="#sSpan995" value="ⲉ"/>
		<feat xlink:href="#sSpan1000" value="ϥ"/>
		<feat xlink:href="#sSpan1003" value="ϯⲥⲃⲱ"/>
		<feat xlink:href="#sSpan1006" value="ⲣⲱ"/>
		<feat xlink:href="#sSpan1010" value="ⲉ"/>
		<feat xlink:href="#sSpan1015" value="ⲩ"/>
		<feat xlink:href="#sSpan1018" value="ⲙⲛ︦ⲧⲁⲧⲛⲟⲩⲧⲉ"/>
		<feat xlink:href="#sSpan1022" value="ⲁⲩⲱ"/>
		<feat xlink:href="#sSpan1027" value="ⲡ"/>
		<feat xlink:href="#sSpan1031" value="ⲟⲥⲉ"/>
		<feat xlink:href="#sSpan1033" value="ⲛ"/>
		<feat xlink:href="#sSpan1037" value="ⲛⲉ"/>
		<feat xlink:href="#sSpan1040" value="ⲯⲩⲭⲏ"/>
		<feat xlink:href="#sSpan1043" value="ⲛ"/>
		<feat xlink:href="#sSpan1047" value="ϩⲉ"/>
		<feat xlink:href="#sSpan1049" value="ⲛ"/>
		<feat xlink:href="#sSpan1053" value="ⲙⲏⲏϣⲉ"/>
		<feat xlink:href="#sSpan1056" value="·"/>
		<feat xlink:href="#sSpan1060" value="ⲉ"/>
		<feat xlink:href="#sSpan1068" value="ⲟⲩⲛ̄ⲧⲁ"/>
		<feat xlink:href="#sSpan1071" value="ϥ"/>
		<feat xlink:href="#sSpan1073" value="ⲙⲙⲁⲩ"/>
		<feat xlink:href="#sSpan1077" value="ⲛ̄"/>
		<feat xlink:href="#sSpan1081" value="ⲟⲩ"/>
		<feat xlink:href="#sSpan1085" value="ⲁⲡⲉⲓⲗⲏ"/>
		<feat xlink:href="#sSpan1087" value="ⲛ̄"/>
		<feat xlink:href="#sSpan1091" value="ⲧⲉⲓ"/>
		<feat xlink:href="#sSpan1094" value="ϭⲟⲧ"/>
		<feat xlink:href="#sSpan1096" value="·"/>
		<feat xlink:href="#sSpan1100" value="ⲁⲩⲱ"/>
		<feat xlink:href="#sSpan1108" value="ⲟⲩ"/>
		<feat xlink:href="#sSpan1112" value="ϭⲱⲛⲧ"/>
		<feat xlink:href="#sSpan1116" value="ⲛ"/>
		<feat xlink:href="#sSpan1121" value="ⲁⲧⲡⲉⲓⲑⲉ"/>
		<feat xlink:href="#sSpan1126" value="ⲙⲙⲟ"/>
		<feat xlink:href="#sSpan1130" value="ϥ"/>
		<feat xlink:href="#sSpan1132" value="ϩⲓⲧⲛ"/>
		<feat xlink:href="#sSpan1137" value="ϩⲉⲛ"/>
		<feat xlink:href="#sSpan1140" value="ⲭⲣⲏⲙⲁ"/>
		<feat xlink:href="#sSpan1143" value="·"/>
		<feat xlink:href="#sSpan1147" value="ⲉⲓⲉ"/>
		<feat xlink:href="#sSpan1155" value="ⲡ"/>
		<feat xlink:href="#sSpan1157" value="ⲟⲥⲟ"/>
		<feat xlink:href="#sSpan1160" value="ⲙⲁⲗⲗⲟⲛ"/>
		<feat xlink:href="#sSpan1165" value="ⲡ"/>
		<feat xlink:href="#sSpan1169" value="ⲣⲣⲟ"/>
		<feat xlink:href="#sSpan1171" value="ⲛ"/>
		<feat xlink:href="#sSpan1176" value="ⲧ"/>
		<feat xlink:href="#sSpan1178" value="ⲡⲉ"/>
		<feat xlink:href="#sSpan1180" value="ⲙⲛ"/>
		<feat xlink:href="#sSpan1184" value="ⲡ"/>
		<feat xlink:href="#sSpan1186" value="ⲕⲁϩ"/>
		<feat xlink:href="#sSpan1188" value="ⲡ"/>
		<feat xlink:href="#sSpan1194" value="ⲇⲏⲙⲓⲟⲩⲣⲅⲟⲥ"/>
		<feat xlink:href="#sSpan1196" value="ⲙ"/>
		<feat xlink:href="#sSpan1201" value="ⲡ"/>
		<feat xlink:href="#sSpan1203" value="ⲧⲏⲣ"/>
		<feat xlink:href="#sSpan1205" value="ϥ̄"/>
		<feat xlink:href="#sSpan1207" value="·"/>
		<feat xlink:href="#sSpan1211" value="ⲡ"/>
		<feat xlink:href="#sSpan1220" value="ⲉⲛⲧ"/>
		<feat xlink:href="#sSpan1222" value="ⲁ"/>
		<feat xlink:href="#sSpan1224" value="ϥ"/>
		<feat xlink:href="#sSpan1226" value="ⲧⲁⲙⲓⲉ"/>
		<feat xlink:href="#sSpan1229" value="ⲡ"/>
		<feat xlink:href="#sSpan1231" value="ⲧⲏⲣ"/>
		<feat xlink:href="#sSpan1233" value="ϥ̄"/>
		<feat xlink:href="#sSpan1235" value="ⲉⲃⲟⲗ"/>
		<feat xlink:href="#sSpan1240" value="ϩⲙ"/>
		<feat xlink:href="#sSpan1244" value="ⲡ"/>
		<feat xlink:href="#sSpan1246" value="ⲉⲧⲉ"/>
		<feat xlink:href="#sSpan1248" value="ⲛ"/>
		<feat xlink:href="#sSpan1251" value="ϥ̇"/>
		<feat xlink:href="#sSpan1253" value="ϣⲟⲟⲡ"/>
		<feat xlink:href="#sSpan1255" value="ⲁⲛ"/>
		<feat xlink:href="#sSpan1259" value="ⲙ"/>
		<feat xlink:href="#sSpan1264" value="ⲡⲏⲩⲉ"/>
		<feat xlink:href="#sSpan1266" value="ⲙⲛ̄"/>
		<feat xlink:href="#sSpan1270" value="ⲡ"/>
		<feat xlink:href="#sSpan1273" value="ⲕⲁϩ"/>
		<feat xlink:href="#sSpan1275" value="·"/>
		<feat xlink:href="#sSpan1279" value="ⲑ"/>
		<feat xlink:href="#sSpan1288" value="ⲁⲗⲁⲥⲥⲁ"/>
		<feat xlink:href="#sSpan1291" value="ⲙⲛ"/>
		<feat xlink:href="#sSpan1295" value="ⲛ"/>
		<feat xlink:href="#sSpan1297" value="ⲉⲧ"/>
		<feat xlink:href="#sSpan1299" value="ⲛϩⲏⲧ"/>
		<feat xlink:href="#sSpan1302" value="ⲥ̄"/>
		<feat xlink:href="#sSpan1304" value="ⲧⲏⲣ"/>
		<feat xlink:href="#sSpan1308" value="ⲟⲩ"/>
		<feat xlink:href="#sSpan1310" value="ⲛ"/>
		<feat xlink:href="#sSpan1315" value="ϥ̄"/>
		<feat xlink:href="#sSpan1317" value="ⲛⲁ"/>
		<feat xlink:href="#sSpan1319" value="ϭⲱⲛⲧ̄"/>
		<feat xlink:href="#sSpan1321" value="ⲁⲛ"/>
		<feat xlink:href="#sSpan1326" value="·"/>
		<feat xlink:href="#sSpan1331" value="ⲏ̂"/>
		<feat xlink:href="#sSpan1339" value="ⲟⲩⲛ"/>
		<feat xlink:href="#sSpan1343" value="ⲗⲁⲁⲩ"/>
		<feat xlink:href="#sSpan1346" value="ⲛⲁ"/>
		<feat xlink:href="#sSpan1350" value="ϣ"/>
		<feat xlink:href="#sSpan1352" value="ⲁⲙⲁϩⲧⲉ"/>
		<feat xlink:href="#sSpan1355" value="ⲛ"/>
		<feat xlink:href="#sSpan1359" value="ⲧ"/>
		<feat xlink:href="#sSpan1362" value="ⲟⲣⲅⲏ"/>
		<feat xlink:href="#sSpan1364" value="ⲙ̄"/>
		<feat xlink:href="#sSpan1368" value="ⲡⲉϥ"/>
		<feat xlink:href="#sSpan1371" value="ϭⲱⲛⲧ̄"/>
		<feat xlink:href="#sSpan1373" value="ⲉϫⲛ"/>
		<feat xlink:href="#sSpan1378" value="ⲣⲱⲙⲉ"/>
		<feat xlink:href="#sSpan1380" value="ⲛⲓⲙ"/>
		<feat xlink:href="#sSpan1385" value="ⲉⲓⲧⲉ"/>
		<feat xlink:href="#sSpan1390" value="ϩⲟⲟⲩⲧ"/>
		<feat xlink:href="#sSpan1395" value="ⲉⲓⲧⲉ"/>
		<feat xlink:href="#sSpan1400" value="ⲥϩⲓⲙⲉ"/>
		<feat xlink:href="#sSpan1405" value="ⲉⲓⲧⲉ"/>
		<feat xlink:href="#sSpan1410" value="ⲕⲟⲩⲓ"/>
		<feat xlink:href="#sSpan1415" value="ⲉⲓⲧⲉ"/>
		<feat xlink:href="#sSpan1420" value="ⲛⲟϭ"/>
		<feat xlink:href="#sSpan1425" value="ⲉⲓⲧⲉ"/>
		<feat xlink:href="#sSpan1432" value="ⲟⲩⲏⲏⲃ"/>
		<feat xlink:href="#sSpan1437" value="ⲉⲓⲧⲉ"/>
		<feat xlink:href="#sSpan1443" value="ⲙⲟⲛⲁⲭⲟⲥ"/>
		<feat xlink:href="#sSpan1448" value="ⲉⲓⲧⲉ"/>
		<feat xlink:href="#sSpan1453" value="ⲣⲣⲟ"/>
		<feat xlink:href="#sSpan1458" value="ⲉⲓⲧⲉ"/>
		<feat xlink:href="#sSpan1464" value="ⲁⲣⲭⲱⲛ"/>
		<feat xlink:href="#sSpan1469" value="ⲉⲓⲧⲉ"/>
		<feat xlink:href="#sSpan1475" value="ⲁⲣⲭⲏⲅⲟⲥ"/>
		<feat xlink:href="#sSpan1479" value="ⲛⲓⲙ"/>
		<feat xlink:href="#sSpan1484" value="ⲛ"/>
		<feat xlink:href="#sSpan1489" value="ⲗⲁⲟⲥ"/>
		<feat xlink:href="#sSpan1491" value="ⲉ"/>
		<feat xlink:href="#sSpan1496" value="ϥ"/>
		<feat xlink:href="#sSpan1498" value="ⲛⲁ"/>
		<feat xlink:href="#sSpan1501" value="ⲧⲥⲧⲟ"/>
		<feat xlink:href="#sSpan1503" value="ⲉⲃⲟⲗ"/>
		<feat xlink:href="#sSpan1507" value="ⲛ̄"/>
		<feat xlink:href="#sSpan1512" value="ⲛⲉ"/>
		<feat xlink:href="#sSpan1515" value="ⲡⲣⲟⲥⲧⲁⲅⲙⲁ"/>
		<feat xlink:href="#sSpan1517" value="ⲙ"/>
		<feat xlink:href="#sSpan1522" value="ⲡ"/>
		<feat xlink:href="#sSpan1524" value="ϫⲟⲉⲓⲥ"/>
		<feat xlink:href="#sSpan1526" value="ⲙⲛ"/>
		<feat xlink:href="#sSpan1530" value="ⲡⲉϥ"/>
		<feat xlink:href="#sSpan1534" value="ⲛⲟⲙⲟⲥ"/>
		<feat xlink:href="#sSpan1536" value="ⲁⲩⲱ"/>
		<feat xlink:href="#sSpan1541" value="ⲛⲉϥ"/>
		<feat xlink:href="#sSpan1546" value="ⲇⲓⲕⲁⲓⲱⲙⲁ"/>
		<feat xlink:href="#sSpan1549" value="ⲙⲛ"/>
		<feat xlink:href="#sSpan1553" value="ⲛⲉϥ"/>
		<feat xlink:href="#sSpan1556" value="ϩⲁⲡ"/>
		<feat xlink:href="#sSpan1559" value="ⲁⲩⲱ"/>
		<feat xlink:href="#sSpan1563" value="ⲛⲉϥ"/>
		<feat xlink:href="#sSpan1568" value="ⲙⲛ︦ⲧⲙⲛ︦ⲧⲣⲉ"/>
		<feat xlink:href="#sSpan1572" value="ⲛⲁⲓ̂"/>
		<feat xlink:href="#sSpan1577" value="ⲛⲧ"/>
		<feat xlink:href="#sSpan1581" value="ⲁ"/>
		<feat xlink:href="#sSpan1583" value="ϥ"/>
		<feat xlink:href="#sSpan1586" value="ⲣ̄ⲙⲛⲧⲣⲉ"/>
		<feat xlink:href="#sSpan1590" value="ⲙⲙⲟ"/>
		<feat xlink:href="#sSpan1594" value="ⲟⲩ"/>
		<feat xlink:href="#sSpan1596" value="ⲛⲁ"/>
		<feat xlink:href="#sSpan1601" value="ⲛ̇"/>
		<feat xlink:href="#sSpan1603" value="ϫⲓⲛ"/>
		<feat xlink:href="#sSpan1607" value="ⲛ̄"/>
		<feat xlink:href="#sSpan1609" value="ϣⲟⲣⲡ"/>
		<feat xlink:href="#sSpan1612" value="ϩⲛ"/>
		<feat xlink:href="#sSpan1616" value="ⲧ"/>
		<feat xlink:href="#sSpan1618" value="ⲧⲁⲡⲣⲟ"/>
		<feat xlink:href="#sSpan1620" value="ⲛ"/>
		<feat xlink:href="#sSpan1625" value="ⲛⲉϥ"/>
		<feat xlink:href="#sSpan1628" value="ⲡⲣⲟⲫⲏⲧⲏⲥ"/>
		<feat xlink:href="#sSpan1631" value="ⲉⲧ"/>
		<feat xlink:href="#sSpan1635" value="ⲟⲩⲁⲁⲃ"/>
		<feat xlink:href="#sSpan1637" value="ⲁⲩⲱ"/>
		<feat xlink:href="#sSpan1642" value="ϩⲛ̄"/>
		<feat xlink:href="#sSpan1646" value="ⲧ"/>
		<feat xlink:href="#sSpan1648" value="ⲧⲁⲡⲣⲟ"/>
		<feat xlink:href="#sSpan1651" value="ⲙ̄"/>
		<feat xlink:href="#sSpan1655" value="ⲡⲉϥ"/>
		<feat xlink:href="#sSpan1658" value="ⲙⲟⲛⲟⲅⲉⲛⲏⲥ"/>
		<feat xlink:href="#sSpan1661" value="ⲛ̄"/>
		<feat xlink:href="#sSpan1665" value="ϣⲏⲣⲉ"/>
		<feat xlink:href="#sSpan1668" value="ⲉⲧ"/>
		<feat xlink:href="#sSpan1672" value="ⲟⲩⲁⲁⲃ"/>
		<feat xlink:href="#sSpan1675" value="ⲓ̄ⲥ̄"/>
		<feat xlink:href="#sSpan1680" value="ⲛ"/>
		<feat xlink:href="#sSpan1684" value="ⲑ"/>
		<feat xlink:href="#sSpan1686" value="ⲉ"/>
		<feat xlink:href="#sSpan1688" value="ⲉⲧⲉⲣⲉ"/>
		<feat xlink:href="#sSpan1692" value="ⲡ"/>
		<feat xlink:href="#sSpan1696" value="ⲁⲡⲟⲥⲧⲟⲗⲟⲥ"/>
		<feat xlink:href="#sSpan1698" value="ϫⲱ"/>
		<feat xlink:href="#sSpan1704" value="ⲙⲙⲟ"/>
		<feat xlink:href="#sSpan1708" value="ⲥ"/>
		<feat xlink:href="#sSpan1710" value="ϫⲉ"/>
		<feat xlink:href="#sSpan1714" value="ϩⲛ̄"/>
		<feat xlink:href="#sSpan1716" value="ϩⲁϩ"/>
		<feat xlink:href="#sSpan1719" value="ⲙ"/>
		<feat xlink:href="#sSpan1724" value="ⲙⲉⲣⲟⲥ"/>
		<feat xlink:href="#sSpan1726" value="ⲁⲩⲱ"/>
		<feat xlink:href="#sSpan1730" value="ϩⲛ"/>
		<feat xlink:href="#sSpan1735" value="ϩⲁϩ"/>
		<feat xlink:href="#sSpan1737" value="ⲛ"/>
		<feat xlink:href="#sSpan1741" value="ⲥⲙⲟⲧ"/>
		<feat xlink:href="#sSpan1743" value="ⲉ"/>
		<feat xlink:href="#sSpan1748" value="ⲁ"/>
		<feat xlink:href="#sSpan1750" value="ⲡ"/>
		<feat xlink:href="#sSpan1752" value="ⲛⲟⲩⲧⲉ"/>
		<feat xlink:href="#sSpan1754" value="ϣⲁϫⲉ"/>
		<feat xlink:href="#sSpan1759" value="ⲙⲛ"/>
		<feat xlink:href="#sSpan1763" value="ⲛⲉⲛ"/>
		<feat xlink:href="#sSpan1765" value="ⲉ̂ⲓⲟⲧⲉ"/>
		<feat xlink:href="#sSpan1768" value="ⲛ"/>
		<feat xlink:href="#sSpan1772" value="ϣⲟⲣⲡ̇"/>
		<feat xlink:href="#sSpan1774" value="ϩⲛ̇"/>
		<feat xlink:href="#sSpan1778" value="ⲛⲉ"/>
		<feat xlink:href="#sSpan1782" value="ⲡⲣⲟⲫⲏⲧⲏⲥ"/>
		<feat xlink:href="#sSpan1784" value="·"/>
		<feat xlink:href="#sSpan1788" value="ϩⲛ"/>
		<feat xlink:href="#sSpan1797" value="ⲑ"/>
		<feat xlink:href="#sSpan1799" value="ⲁⲏ"/>
		<feat xlink:href="#sSpan1802" value="ⲇⲉ"/>
		<feat xlink:href="#sSpan1806" value="ⲛ"/>
		<feat xlink:href="#sSpan1810" value="ⲛⲓ"/>
		<feat xlink:href="#sSpan1812" value="ϩⲟⲟⲩ"/>
		<feat xlink:href="#sSpan1815" value="ⲁ"/>
		<feat xlink:href="#sSpan1819" value="ϥ"/>
		<feat xlink:href="#sSpan1821" value="ϣⲁϫⲉ"/>
		<feat xlink:href="#sSpan1823" value="ⲛⲙⲙⲁ"/>
		<feat xlink:href="#sSpan1828" value="ⲛ"/>
		<feat xlink:href="#sSpan1830" value="ϩⲙ"/>
		<feat xlink:href="#sSpan1834" value="ⲡ"/>
		<feat xlink:href="#sSpan1837" value="ϣⲏⲣⲉ"/>
		<feat xlink:href="#sSpan1839" value="·"/>
		<feat xlink:href="#sSpan1843" value="ⲡⲁⲓ̂"/>
		<feat xlink:href="#sSpan1851" value="ⲛⲧ"/>
		<feat xlink:href="#sSpan1856" value="ⲁ"/>
		<feat xlink:href="#sSpan1858" value="ϥ"/>
		<feat xlink:href="#sSpan1860" value="ⲕⲁⲁ"/>
		<feat xlink:href="#sSpan1862" value="ϥ"/>
		<feat xlink:href="#sSpan1864" value="ⲛ̄"/>
		<feat xlink:href="#sSpan1869" value="ⲕⲗⲏⲣⲟⲛⲟⲙⲟⲥ"/>
		<feat xlink:href="#sSpan1872" value="ⲙ"/>
		<feat xlink:href="#sSpan1877" value="ⲡ"/>
		<feat xlink:href="#sSpan1879" value="ⲧⲏⲣ"/>
		<feat xlink:href="#sSpan1881" value="ϥ̄"/>
		<feat xlink:href="#sSpan1883" value="·"/>
		<feat xlink:href="#sSpan1887" value="ⲡⲁⲓ̂"/>
		<feat xlink:href="#sSpan1895" value="ⲟⲛ"/>
		<feat xlink:href="#sSpan1900" value="ⲛⲧ"/>
		<feat xlink:href="#sSpan1904" value="ⲁ"/>
		<feat xlink:href="#sSpan1906" value="ϥ"/>
		<feat xlink:href="#sSpan1908" value="ⲧⲁⲙⲓⲉ"/>
		<feat xlink:href="#sSpan1910" value="ⲛ"/>
		<feat xlink:href="#sSpan1916" value="ⲁⲓⲱⲛ"/>
		<feat xlink:href="#sSpan1919" value="ⲉⲃⲟⲗ"/>
		<feat xlink:href="#sSpan1923" value="ϩⲓⲧⲟⲟⲧ"/>
		<feat xlink:href="#sSpan1928" value="ϥ̄"/>
		<feat xlink:href="#sSpan1930" value="·"/>
		<feat xlink:href="#sSpan1934" value="ⲁⲩⲱ"/>
		<feat xlink:href="#sSpan1942" value="ⲟⲛ"/>
		<feat xlink:href="#sSpan1947" value="ϩⲛ̄"/>
		<feat xlink:href="#sSpan1951" value="ⲧ"/>
		<feat xlink:href="#sSpan1953" value="ⲧⲁⲡⲣⲟ"/>
		<feat xlink:href="#sSpan1955" value="ⲛⲉϥ"/>
		<feat xlink:href="#sSpan1961" value="ⲁⲡⲟⲥⲧⲟⲗⲟⲥ"/>
		<feat xlink:href="#sSpan1963" value="ⲟⲩ"/>
		<feat xlink:href="#sSpan1968" value="ϭⲉ"/>
		<feat xlink:href="#sSpan1972" value="ⲡ"/>
		<feat xlink:href="#sSpan1976" value="ⲉⲧ"/>
		<feat xlink:href="#sSpan1978" value="ⲛⲁ"/>
		<feat xlink:href="#sSpan1980" value="ϣⲱⲡⲉ"/>
		<feat xlink:href="#sSpan1983" value="ⲛ"/>
		<feat xlink:href="#sSpan1987" value="ⲛⲁⲓ̂"/>
		<feat xlink:href="#sSpan1989" value="ⲛ"/>
		<feat xlink:href="#sSpan1994" value="ⲧⲉⲓ"/>
		<feat xlink:href="#sSpan1996" value="ⲙⲓⲛⲉ"/>
		<feat xlink:href="#sSpan1999" value="ⲏ"/>
		<feat xlink:href="#sSpan2004" value="ⲛⲓⲙ"/>
		<feat xlink:href="#sSpan2008" value="ⲡ"/>
		<feat xlink:href="#sSpan2012" value="ⲉⲧ"/>
		<feat xlink:href="#sSpan2014" value="ⲛⲁ"/>
		<feat xlink:href="#sSpan2017" value="ϣ"/>
		<feat xlink:href="#sSpan2020" value="ⲡⲓⲑⲉ"/>
		<feat xlink:href="#sSpan2022" value="ⲙ̄"/>
		<feat xlink:href="#sSpan2026" value="ⲡ"/>
		<feat xlink:href="#sSpan2029" value="ϭⲱⲛⲧ̄"/>
		<feat xlink:href="#sSpan2031" value="ⲛ"/>
		<feat xlink:href="#sSpan2035" value="ⲧ"/>
		<feat xlink:href="#sSpan2038" value="ⲟⲣⲅⲏ"/>
		<feat xlink:href="#sSpan2041" value="ⲙ̄"/>
		<feat xlink:href="#sSpan2045" value="ⲡ"/>
		<feat xlink:href="#sSpan2047" value="ⲛⲟⲩⲧⲉ"/>
		<feat xlink:href="#sSpan2049" value="ⲡ"/>
		<feat xlink:href="#sSpan2056" value="ⲣⲣⲟ"/>
		<feat xlink:href="#sSpan2058" value="ⲛ"/>
		<feat xlink:href="#sSpan2062" value="ⲧ"/>
		<feat xlink:href="#sSpan2064" value="ⲡⲉ"/>
		<feat xlink:href="#sSpan2066" value="ⲙⲛ̄"/>
		<feat xlink:href="#sSpan2070" value="ⲡ"/>
		<feat xlink:href="#sSpan2073" value="ⲕⲁϩ"/>
		<feat xlink:href="#sSpan2075" value="ⲡⲁⲓ̂"/>
		<feat xlink:href="#sSpan2079" value="ⲉⲧ"/>
		<feat xlink:href="#sSpan2084" value="ϯⲥⲃⲱ"/>
		<feat xlink:href="#sSpan2088" value="ⲉ"/>
		<feat xlink:href="#sSpan2092" value="ⲧ"/>
		<feat xlink:href="#sSpan2095" value="ⲙⲛ︦ⲧⲛⲟⲩⲧⲉ"/>
		<feat xlink:href="#sSpan2099" value="ϩⲛ"/>
		<feat xlink:href="#sSpan2103" value="ⲟⲩ"/>
		<feat xlink:href="#sSpan2105" value="ⲙⲉ"/>
		<feat xlink:href="#sSpan2107" value="ⲉ"/>
		<feat xlink:href="#sSpan2112" value="ⲧⲣⲉ"/>
		<feat xlink:href="#sSpan2114" value="ⲩ"/>
		<feat xlink:href="#sSpan2116" value="ⲟⲩⲱϣⲧ̄"/>
		<feat xlink:href="#sSpan2118" value="ⲁⲛ"/>
		<feat xlink:href="#sSpan2123" value="ⲛ̄"/>
		<feat xlink:href="#sSpan2127" value="ϩⲉⲛ"/>
		<feat xlink:href="#sSpan2129" value="ϣⲉ"/>
		<feat xlink:href="#sSpan2131" value="ⲙⲛ"/>
		<feat xlink:href="#sSpan2135" value="ϩⲉⲛ"/>
		<feat xlink:href="#sSpan2138" value="ⲱⲛⲉ"/>
		<feat xlink:href="#sSpan2140" value="·"/>
		<feat xlink:href="#sSpan2144" value="ⲛ"/>
		<feat xlink:href="#sSpan2152" value="ⲑ"/>
		<feat xlink:href="#sSpan2154" value="ⲉ"/>
		<feat xlink:href="#sSpan2156" value="ⲛ̄"/>
		<feat xlink:href="#sSpan2160" value="ⲛ"/>
		<feat xlink:href="#sSpan2163" value="ⲉⲣⲱⲟⲩ"/>
		<feat xlink:href="#sSpan2165" value="ⲛⲧ"/>
		<feat xlink:href="#sSpan2169" value="ⲁ"/>
		<feat xlink:href="#sSpan2171" value="ⲩ"/>
		<feat xlink:href="#sSpan2173" value="ⲡⲱϣⲥ̄"/>
		<feat xlink:href="#sSpan2176" value="ⲛⲁⲓ̈"/>
		<feat xlink:href="#sSpan2180" value="ⲛ̄ⲧ"/>
		<feat xlink:href="#sSpan2184" value="ⲁ"/>
		<feat xlink:href="#sSpan2187" value="ⲛ"/>
		<feat xlink:href="#sSpan2189" value="ϣⲁϫⲉ"/>
		<feat xlink:href="#sSpan2191" value="ⲉⲧⲃⲉ"/>
		<feat xlink:href="#sSpan2196" value="ⲑ"/>
		<feat xlink:href="#sSpan2198" value="ⲟⲧⲉ"/>
		<feat xlink:href="#sSpan2200" value="ⲙⲛ̄"/>
		<feat xlink:href="#sSpan2204" value="ⲧ"/>
		<feat xlink:href="#sSpan2208" value="ⲟⲣⲅⲏ"/>
		<feat xlink:href="#sSpan2210" value="ⲙ"/>
		<feat xlink:href="#sSpan2214" value="ⲡⲉⲩ"/>
		<feat xlink:href="#sSpan2216" value="ϭⲱⲛⲧ"/>
		<feat xlink:href="#sSpan2219" value="·"/>
		<feat xlink:href="#sSpan2223" value="ⲛⲁⲓ̂"/>
		<feat xlink:href="#sSpan2231" value="ⲟⲛ"/>
		<feat xlink:href="#sSpan2235" value="ⲉⲧ"/>
		<feat xlink:href="#sSpan2241" value="ϯⲥⲃⲱ"/>
		<feat xlink:href="#sSpan2244" value="ⲉ"/>
		<feat xlink:href="#sSpan2248" value="ⲟⲩⲱϣⲧ"/>
		<feat xlink:href="#sSpan2251" value="ⲛ"/>
		<feat xlink:href="#sSpan2255" value="ϩⲉⲛ"/>
		<feat xlink:href="#sSpan2257" value="ϣⲉ"/>
		<feat xlink:href="#sSpan2259" value="ⲙⲛ"/>
		<feat xlink:href="#sSpan2264" value="ϩⲉⲛ"/>
		<feat xlink:href="#sSpan2266" value="ⲱⲛⲉ"/>
		<feat xlink:href="#sSpan2268" value="ⲁⲩⲱ"/>
		<feat xlink:href="#sSpan2273" value="ⲡ"/>
		<feat xlink:href="#sSpan2277" value="ⲕⲉ"/>
		<feat xlink:href="#sSpan2279" value="ⲥⲉⲉⲡⲉ"/>
		<feat xlink:href="#sSpan2281" value="ⲧⲏⲣ"/>
		<feat xlink:href="#sSpan2286" value="ϥ̄"/>
		<feat xlink:href="#sSpan2288" value="·"/>
		<feat xlink:href="#sSpan2292" value="ⲛ"/>
		<feat xlink:href="#sSpan2300" value="ϩⲱⲃ"/>
		<feat xlink:href="#sSpan2302" value="ⲛ"/>
		<feat xlink:href="#sSpan2307" value="ϭⲓϫ"/>
		<feat xlink:href="#sSpan2309" value="ⲛ"/>
		<feat xlink:href="#sSpan2313" value="ⲣⲱⲙⲉ"/>
		<feat xlink:href="#sSpan2316" value="ⲁⲗⲗⲁ"/>
		<feat xlink:href="#sSpan2321" value="ⲉⲣⲉ"/>
		<feat xlink:href="#sSpan2325" value="ⲡ"/>
		<feat xlink:href="#sSpan2327" value="ϫⲟⲉⲓⲥ"/>
		<feat xlink:href="#sSpan2330" value="ϯⲥⲃⲱ"/>
		<feat xlink:href="#sSpan2336" value="ⲉ"/>
		<feat xlink:href="#sSpan2340" value="ⲧⲣⲉ"/>
		<feat xlink:href="#sSpan2342" value="ⲩ"/>
		<feat xlink:href="#sSpan2344" value="ⲟⲩⲱϣⲧ̄"/>
		<feat xlink:href="#sSpan2347" value="ⲛⲁ"/>
		<feat xlink:href="#sSpan2351" value="ϥ"/>
		<feat xlink:href="#sSpan2353" value="ϩⲛ̄"/>
		<feat xlink:href="#sSpan2357" value="ⲟⲩ"/>
		<feat xlink:href="#sSpan2361" value="ⲡⲛ︦ⲁ"/>
		<feat xlink:href="#sSpan2363" value="ⲙⲛ"/>
		<feat xlink:href="#sSpan2367" value="ⲟⲩ"/>
		<feat xlink:href="#sSpan2369" value="ⲙⲉ"/>
		<feat xlink:href="#sSpan2371" value="ϫⲉ"/>
		<feat xlink:href="#sSpan2376" value="ⲛⲧⲟϥ"/>
		<feat xlink:href="#sSpan2378" value="ⲡⲉ"/>
		<feat xlink:href="#sSpan2382" value="ⲡ"/>
		<feat xlink:href="#sSpan2387" value="ⲛⲟⲩⲧⲉ"/>
		<feat xlink:href="#sSpan2389" value="ⲙ"/>
		<feat xlink:href="#sSpan2393" value="ⲙⲉ"/>
		<feat xlink:href="#sSpan2395" value="ⲙⲁⲩⲁⲁ"/>
		<feat xlink:href="#sSpan2400" value="ϥ"/>
		<feat xlink:href="#sSpan2402" value="·"/>
		<feat xlink:href="#sSpan2407" value="ⲕⲁⲧⲁ"/>
		<feat xlink:href="#sSpan2415" value="ⲡ"/>
		<feat xlink:href="#sSpan2418" value="ⲉⲧ"/>
		<feat xlink:href="#sSpan2420" value="ⲥⲏϩ"/>
		<feat xlink:href="#sSpan2422" value="ϫⲉ"/>
		<feat xlink:href="#sSpan2426" value="ⲟⲩ"/>
		<feat xlink:href="#sSpan2429" value="ⲡⲛ︦ⲁ"/>
		<feat xlink:href="#sSpan2432" value="ⲡⲉ"/>
		<feat xlink:href="#sSpan2436" value="ⲡ"/>
		<feat xlink:href="#sSpan2440" value="ⲛⲟⲩⲧⲉ"/>
		<feat xlink:href="#sSpan2442" value="ⲁⲩⲱ"/>
		<feat xlink:href="#sSpan2448" value="ⲛ"/>
		<feat xlink:href="#sSpan2452" value="ⲉⲧ"/>
		<feat xlink:href="#sSpan2454" value="ⲛⲁ"/>
		<feat xlink:href="#sSpan2456" value="ⲟⲩⲱϣⲧ"/>
		<feat xlink:href="#sSpan2459" value="ⲛⲁ"/>
		<feat xlink:href="#sSpan2463" value="ϥ"/>
		<feat xlink:href="#sSpan2465" value="ϣϣⲉ"/>
		<feat xlink:href="#sSpan2470" value="ⲉⲣⲟ"/>
		<feat xlink:href="#sSpan2474" value="ⲟⲩ"/>
		<feat xlink:href="#sSpan2476" value="ⲉ"/>
		<feat xlink:href="#sSpan2481" value="ⲧⲣⲉ"/>
		<feat xlink:href="#sSpan2483" value="ⲩ"/>
		<feat xlink:href="#sSpan2485" value="ⲟⲩⲱϣⲧ̄"/>
		<feat xlink:href="#sSpan2487" value="ⲛⲁ"/>
		<feat xlink:href="#sSpan2492" value="ϥ"/>
		<feat xlink:href="#sSpan2494" value="ϩⲛ̄"/>
		<feat xlink:href="#sSpan2498" value="ⲟⲩ"/>
		<feat xlink:href="#sSpan2501" value="ⲡⲛ︦ⲁ"/>
		<feat xlink:href="#sSpan2503" value="ⲙⲛ"/>
		<feat xlink:href="#sSpan2508" value="ⲟⲩ"/>
		<feat xlink:href="#sSpan2510" value="ⲙⲉ"/>
		<feat xlink:href="#sSpan2512" value="·"/>
		<feat xlink:href="#sSpan2516" value="ⲁⲩⲱ"/>
		<feat xlink:href="#sSpan2525" value="ⲟⲛ"/>
		<feat xlink:href="#sSpan2529" value="ⲉ"/>
		<feat xlink:href="#sSpan2533" value="ⲧⲣⲉ"/>
		<feat xlink:href="#sSpan2535" value="ⲩ"/>
		<feat xlink:href="#sSpan2538" value="ⲣ̄ϩⲙϩⲁⲗ"/>
		<feat xlink:href="#sSpan2542" value="ⲛⲁ"/>
		<feat xlink:href="#sSpan2546" value="ϥ"/>
		<feat xlink:href="#sSpan2548" value="ϫⲉ"/>
		<feat xlink:href="#sSpan2553" value="ⲛ̄ⲧⲟϥ"/>
		<feat xlink:href="#sSpan2555" value="ⲡⲉ"/>
		<feat xlink:href="#sSpan2559" value="ⲡ"/>
		<feat xlink:href="#sSpan2564" value="ⲣⲣⲟ"/>
		<feat xlink:href="#sSpan2566" value="ⲛ"/>
		<feat xlink:href="#sSpan2570" value="ⲧ"/>
		<feat xlink:href="#sSpan2572" value="ⲡⲉ"/>
		<feat xlink:href="#sSpan2574" value="ⲙⲛ"/>
		<feat xlink:href="#sSpan2578" value="ⲡ"/>
		<feat xlink:href="#sSpan2581" value="ⲕⲁϩ"/>
		<feat xlink:href="#sSpan2583" value="·"/>
		<feat xlink:href="#sSpan2587" value="ⲁⲩⲱ"/>
		<feat xlink:href="#sSpan2595" value="ⲛ̄ⲧⲟϥ"/>
		<feat xlink:href="#sSpan2600" value="ⲡ"/>
		<feat xlink:href="#sSpan2604" value="ⲉⲛⲧ"/>
		<feat xlink:href="#sSpan2606" value="ⲁ"/>
		<feat xlink:href="#sSpan2608" value="ϥ"/>
		<feat xlink:href="#sSpan2610" value="ⲧⲁⲙⲓⲟ"/>
		<feat xlink:href="#sSpan2613" value="ⲟⲩ"/>
		<feat xlink:href="#sSpan2615" value="ⲛ"/>
		<feat xlink:href="#sSpan2619" value="ⲥⲉ"/>
		<feat xlink:href="#sSpan2621" value="ϣⲟⲟⲡ"/>
		<feat xlink:href="#sSpan2624" value="ⲁⲛ"/>
		<feat xlink:href="#sSpan2629" value="ⲉⲓⲧⲉ"/>
		<feat xlink:href="#sSpan2635" value="ⲁⲅⲅⲉⲗⲟⲥ"/>
		<feat xlink:href="#sSpan2640" value="ⲉⲓⲧⲉ"/>
		<feat xlink:href="#sSpan2646" value="ⲁⲣⲭⲏ"/>
		<feat xlink:href="#sSpan2651" value="ⲉⲓⲧⲉ"/>
		<feat xlink:href="#sSpan2657" value="ⲉⲝⲟⲩⲥⲓⲁ"/>
		<feat xlink:href="#sSpan2662" value="ⲉⲓⲧⲉ"/>
		<feat xlink:href="#sSpan2667" value="ⲛ"/>
		<feat xlink:href="#sSpan2671" value="ⲉⲧ"/>
		<feat xlink:href="#sSpan2673" value="ϩⲛ̄"/>
		<feat xlink:href="#sSpan2675" value="ⲙ"/>
		<feat xlink:href="#sSpan2678" value="ⲡⲏⲩⲉ"/>
		<feat xlink:href="#sSpan2680" value="ⲧⲏⲣ"/>
		<feat xlink:href="#sSpan2684" value="ⲟⲩ"/>
		<feat xlink:href="#sSpan2686" value="ⲛⲧ"/>
		<feat xlink:href="#sSpan2691" value="ⲁ"/>
		<feat xlink:href="#sSpan2693" value="ⲩ"/>
		<feat xlink:href="#sSpan2695" value="ϣⲱⲡⲉ"/>
		<feat xlink:href="#sSpan2698" value="ⲅⲁⲣ"/>
		<feat xlink:href="#sSpan2703" value="ⲧⲏⲣ"/>
		<feat xlink:href="#sSpan2707" value="ⲟⲩ"/>
		<feat xlink:href="#sSpan2710" value="ⲉⲃⲟⲗ"/>
		<feat xlink:href="#sSpan2714" value="ϩⲓⲧⲟⲟⲧ"/>
		<feat xlink:href="#sSpan2719" value="ϥ̄"/>
		<feat xlink:href="#sSpan2721" value="·"/>
		<feat xlink:href="#sSpan2727" value="Ⲉⲓⲥ"/>
		<feat xlink:href="#sSpan2737" value="ϩⲏⲏⲧⲉ"/>
		<feat xlink:href="#sSpan2740" value="ⲟⲩⲛ"/>
		<feat xlink:href="#sSpan2744" value="ⲁ"/>
		<feat xlink:href="#sSpan2749" value="ⲛ"/>
		<feat xlink:href="#sSpan2751" value="ⲉⲓⲙⲉ"/>
		<feat xlink:href="#sSpan2753" value="ϫⲉ"/>
		<feat xlink:href="#sSpan2757" value="ⲟⲩⲟⲓ̄"/>
		<feat xlink:href="#sSpan2759" value="ⲛ"/>
		<feat xlink:href="#sSpan2765" value="ⲅⲉⲛⲟⲥ"/>
		<feat xlink:href="#sSpan2767" value="ⲛⲓⲙ"/>
		<feat xlink:href="#sSpan2771" value="ⲛ"/>
		<feat xlink:href="#sSpan2776" value="ⲣⲱⲙⲉ"/>
		<feat xlink:href="#sSpan2778" value="·"/>
		<feat xlink:href="#sSpan2782" value="ⲉ"/>
		<feat xlink:href="#sSpan2790" value="ⲛ"/>
		<feat xlink:href="#sSpan2792" value="ϥ̄"/>
		<feat xlink:href="#sSpan2794" value="ϩⲁⲣⲉϩ"/>
		<feat xlink:href="#sSpan2797" value="ⲁⲛ"/>
		<feat xlink:href="#sSpan2801" value="ⲉ"/>
		<feat xlink:href="#sSpan2805" value="ⲛⲉ"/>
		<feat xlink:href="#sSpan2808" value="ⲡⲣⲟⲥⲧⲁⲅⲙⲁ"/>
		<feat xlink:href="#sSpan2811" value="ⲙ"/>
		<feat xlink:href="#sSpan2818" value="ⲡ"/>
		<feat xlink:href="#sSpan2820" value="ϫⲟⲉⲓⲥ"/>
		<feat xlink:href="#sSpan2823" value="ⲉⲃⲟⲗ"/>
		<feat xlink:href="#sSpan2827" value="ϩⲛ"/>
		<feat xlink:href="#sSpan2832" value="ⲛⲉ"/>
		<feat xlink:href="#sSpan2835" value="ⲅⲣⲁⲫⲏ"/>
		<feat xlink:href="#sSpan2837" value="ⲉⲧ"/>
		<feat xlink:href="#sSpan2842" value="ⲟⲩⲁⲁⲃ"/>
		<feat xlink:href="#sSpan2844" value="·"/>
		<feat xlink:href="#sSpan2848" value="ⲛⲉ"/>
		<feat xlink:href="#sSpan2856" value="ⲣⲣⲱⲟⲩ"/>
		<feat xlink:href="#sSpan2860" value="ⲙⲉⲛ"/>
		<feat xlink:href="#sSpan2864" value="ⲛ̄ⲧ"/>
		<feat xlink:href="#sSpan2868" value="ⲁ"/>
		<feat xlink:href="#sSpan2870" value="ⲛ"/>
		<feat xlink:href="#sSpan2872" value="ϣⲁϫⲉ"/>
		<feat xlink:href="#sSpan2875" value="ⲉⲧⲃⲏⲏⲧ"/>
		<feat xlink:href="#sSpan2880" value="ⲟⲩ"/>
		<feat xlink:href="#sSpan2882" value="ⲛⲁⲓ̂"/>
		<feat xlink:href="#sSpan2886" value="ⲛⲧ"/>
		<feat xlink:href="#sSpan2890" value="ⲁ"/>
		<feat xlink:href="#sSpan2892" value="ⲩ"/>
		<feat xlink:href="#sSpan2894" value="ⲥⲁϩⲱ"/>
		<feat xlink:href="#sSpan2897" value="ⲟⲩ"/>
		<feat xlink:href="#sSpan2899" value="ⲉⲃⲟⲗ"/>
		<feat xlink:href="#sSpan2903" value="ⲛ"/>
		<feat xlink:href="#sSpan2908" value="ⲧ"/>
		<feat xlink:href="#sSpan2910" value="ⲙⲉ"/>
		<feat xlink:href="#sSpan2912" value="·"/>
		<feat xlink:href="#sSpan2916" value="ⲉ"/>
		<feat xlink:href="#sSpan2924" value="ⲩ"/>
		<feat xlink:href="#sSpan2927" value="ϫⲓⲕⲃⲁ"/>
		<feat xlink:href="#sSpan2931" value="ⲛ"/>
		<feat xlink:href="#sSpan2935" value="ϩⲉⲛ"/>
		<feat xlink:href="#sSpan2938" value="ⲥⲱⲙⲁ"/>
		<feat xlink:href="#sSpan2940" value="ϩⲛ"/>
		<feat xlink:href="#sSpan2945" value="ⲧ"/>
		<feat xlink:href="#sSpan2947" value="ⲥⲏϥⲉ"/>
		<feat xlink:href="#sSpan2949" value="·"/>
		<feat xlink:href="#sSpan2954" value="ⲏ̂"/>
		<feat xlink:href="#sSpan2962" value="ⲛⲧⲟϥ"/>
		<feat xlink:href="#sSpan2967" value="ϩⲙ"/>
		<feat xlink:href="#sSpan2971" value="ⲡ"/>
		<feat xlink:href="#sSpan2973" value="ⲕⲱϩⲧ̄"/>
		<feat xlink:href="#sSpan2976" value="ⲙⲛ"/>
		<feat xlink:href="#sSpan2980" value="ϩⲉⲛ"/>
		<feat xlink:href="#sSpan2982" value="ⲕⲉ"/>
		<feat xlink:href="#sSpan2985" value="ⲃⲁⲥⲁⲛⲟⲥ"/>
		<feat xlink:href="#sSpan2988" value="ⲧⲉ"/>
		<feat xlink:href="#sSpan2993" value="ⲯⲩⲭⲏ"/>
		<feat xlink:href="#sSpan2997" value="ⲇⲉ"/>
		<feat xlink:href="#sSpan3001" value="ⲛⲧⲟⲥ"/>
		<feat xlink:href="#sSpan3005" value="ⲛ"/>
		<feat xlink:href="#sSpan3009" value="ⲥⲉ"/>
		<feat xlink:href="#sSpan3012" value="ⲛⲁ"/>
		<feat xlink:href="#sSpan3014" value="ϭⲙϭⲟⲙ"/>
		<feat xlink:href="#sSpan3016" value="ⲉⲣⲟ"/>
		<feat xlink:href="#sSpan3021" value="ⲥ"/>
		<feat xlink:href="#sSpan3023" value="ⲁⲛ"/>
		<feat xlink:href="#sSpan3027" value="·"/>
		<feat xlink:href="#sSpan3032" value="ⲟⲩⲧⲉ"/>
		<feat xlink:href="#sSpan3040" value="ⲛ"/>
		<feat xlink:href="#sSpan3045" value="ⲥⲉ"/>
		<feat xlink:href="#sSpan3047" value="ⲛⲁ"/>
		<feat xlink:href="#sSpan3049" value="ⲛⲁⲩ"/>
		<feat xlink:href="#sSpan3051" value="ⲁⲛ"/>
		<feat xlink:href="#sSpan3055" value="ⲉⲣⲟ"/>
		<feat xlink:href="#sSpan3060" value="ⲥ"/>
		<feat xlink:href="#sSpan3062" value="·"/>
		<feat xlink:href="#sSpan3067" value="ⲟⲩⲧⲉ"/>
		<feat xlink:href="#sSpan3075" value="ⲛ̄"/>
		<feat xlink:href="#sSpan3079" value="ⲥⲉ"/>
		<feat xlink:href="#sSpan3082" value="ⲥⲟⲟⲩⲛ"/>
		<feat xlink:href="#sSpan3084" value="ⲁⲛ"/>
		<feat xlink:href="#sSpan3088" value="ϫⲉ"/>
		<feat xlink:href="#sSpan3092" value="ⲉ"/>
		<feat xlink:href="#sSpan3095" value="ⲥ"/>
		<feat xlink:href="#sSpan3097" value="ⲧⲱⲛ"/>
		<feat xlink:href="#sSpan3099" value="ϩⲙ"/>
		<feat xlink:href="#sSpan3103" value="ⲡ"/>
		<feat xlink:href="#sSpan3106" value="ⲣⲱⲙⲉ"/>
		<feat xlink:href="#sSpan3108" value="·"/>
		<feat xlink:href="#sSpan3113" value="ⲁⲗⲗⲁ"/>
		<feat xlink:href="#sSpan3121" value="ⲉ"/>
		<feat xlink:href="#sSpan3126" value="ϣⲁ"/>
		<feat xlink:href="#sSpan3128" value="ⲥ"/>
		<feat xlink:href="#sSpan3131" value="ⲉⲓ"/>
		<feat xlink:href="#sSpan3133" value="ⲉⲃⲟⲗ"/>
		<feat xlink:href="#sSpan3137" value="ϩⲛ"/>
		<feat xlink:href="#sSpan3142" value="ⲟⲩ"/>
		<feat xlink:href="#sSpan3144" value="ϩⲱⲡ"/>
		<feat xlink:href="#sSpan3146" value="ⲛ"/>
		<feat xlink:href="#sSpan3150" value="ⲥ̄"/>
		<feat xlink:href="#sSpan3153" value="ⲃⲱⲕ"/>
		<feat xlink:href="#sSpan3156" value="ⲉ"/>
		<feat xlink:href="#sSpan3160" value="ⲛ"/>
		<feat xlink:href="#sSpan3162" value="ϭⲓϫ"/>
		<feat xlink:href="#sSpan3164" value="ⲙ"/>
		<feat xlink:href="#sSpan3169" value="ⲡ"/>
		<feat xlink:href="#sSpan3171" value="ⲛⲟⲩⲧⲉ"/>
		<feat xlink:href="#sSpan3173" value="ⲛ"/>
		<feat xlink:href="#sSpan3178" value="ϥ"/>
		<feat xlink:href="#sSpan3180" value="ϯ"/>
		<feat xlink:href="#sSpan3182" value="ⲛⲁ"/>
		<feat xlink:href="#sSpan3186" value="ⲥ"/>
		<feat xlink:href="#sSpan3189" value="ⲕⲁⲧⲁ"/>
		<feat xlink:href="#sSpan3193" value="ⲡⲉⲥ"/>
		<feat xlink:href="#sSpan3196" value="ⲙⲡϣⲁ"/>
		<feat xlink:href="#sSpan3198" value="·"/>
		<feat xlink:href="#sSpan3202" value="ⲡ"/>
		<feat xlink:href="#sSpan3211" value="ⲛⲟⲩⲧⲉ"/>
		<feat xlink:href="#sSpan3214" value="ⲇⲉ"/>
		<feat xlink:href="#sSpan3218" value="ⲛⲧⲟϥ"/>
		<feat xlink:href="#sSpan3224" value="ⲧⲉ"/>
		<feat xlink:href="#sSpan3229" value="ⲯⲩⲭⲏ"/>
		<feat xlink:href="#sSpan3231" value="ⲙⲛ"/>
		<feat xlink:href="#sSpan3236" value="ⲡ"/>
		<feat xlink:href="#sSpan3239" value="ⲥⲱⲙⲁ"/>
		<feat xlink:href="#sSpan3241" value="ⲛ̄"/>
		<feat xlink:href="#sSpan3245" value="ⲛ"/>
		<feat xlink:href="#sSpan3248" value="ⲉⲧ"/>
		<feat xlink:href="#sSpan3250" value="ⲛⲁ"/>
		<feat xlink:href="#sSpan3253" value="ⲣⲁⲧⲥⲱⲧⲙ"/>
		<feat xlink:href="#sSpan3258" value="ⲛⲥⲱ"/>
		<feat xlink:href="#sSpan3262" value="ϥ"/>
		<feat xlink:href="#sSpan3264" value="ϣⲁ"/>
		<feat xlink:href="#sSpan3268" value="ϥ"/>
		<feat xlink:href="#sSpan3271" value="ϫⲓⲕⲃⲁ"/>
		<feat xlink:href="#sSpan3275" value="ⲙⲙⲟ"/>
		<feat xlink:href="#sSpan3279" value="ⲟⲩ"/>
		<feat xlink:href="#sSpan3281" value="ϩⲓ"/>
		<feat xlink:href="#sSpan3286" value="ⲟⲩ"/>
		<feat xlink:href="#sSpan3288" value="ⲥⲟⲡ"/>
		<feat xlink:href="#sSpan3290" value="ⲛϩⲣⲁⲓ̄"/>
		<feat xlink:href="#sSpan3294" value="ϩⲙ"/>
		<feat xlink:href="#sSpan3299" value="ⲡ"/>
		<feat xlink:href="#sSpan3301" value="ⲕⲱϩⲧ̄"/>
		<feat xlink:href="#sSpan3303" value="ⲛ"/>
		<feat xlink:href="#sSpan3308" value="ⲧ"/>
		<feat xlink:href="#sSpan3311" value="ⲕⲉϩⲉⲛⲛⲁ"/>
		<feat xlink:href="#sSpan3313" value="ⲉⲧ"/>
		<feat xlink:href="#sSpan3318" value="ϩⲛ"/>
		<feat xlink:href="#sSpan3320" value="ⲁⲙⲛⲧⲉ"/>
		<feat xlink:href="#sSpan3322" value="·"/>
		<feat xlink:href="#sSpan3328" value="ⲱ̂"/>
		<feat xlink:href="#sSpan3338" value="ⲡ"/>
		<feat xlink:href="#sSpan3342" value="ⲛⲟⲩⲧⲉ"/>
		<feat xlink:href="#sSpan3344" value="ⲙ"/>
		<feat xlink:href="#sSpan3348" value="ⲙⲉ"/>
		<feat xlink:href="#sSpan3350" value="ⲙⲁⲩⲁⲁ"/>
		<feat xlink:href="#sSpan3355" value="ϥ"/>
		<feat xlink:href="#sSpan3357" value="·"/>
		<feat xlink:href="#sSpan3361" value="ⲁⲩⲱ"/>
		<feat xlink:href="#sSpan3369" value="ⲡ"/>
		<feat xlink:href="#sSpan3374" value="ϫⲟⲉⲓⲥ"/>
		<feat xlink:href="#sSpan3376" value="ⲙ"/>
		<feat xlink:href="#sSpan3380" value="ⲡ"/>
		<feat xlink:href="#sSpan3382" value="ⲉⲟⲟⲩ"/>
		<feat xlink:href="#sSpan3385" value="ⲓ̄ⲥ̄"/>
		<feat xlink:href="#sSpan3390" value="ⲙⲙⲛⲧⲁ"/>
		<feat xlink:href="#sSpan3394" value="ⲛ"/>
		<feat xlink:href="#sSpan3396" value="ϣⲁϫⲉ"/>
		<feat xlink:href="#sSpan3399" value="ⲙⲙⲁⲩ"/>
		<feat xlink:href="#sSpan3403" value="ⲉϫⲱ"/>
		<feat xlink:href="#sSpan3408" value="ⲙ"/>
		<feat xlink:href="#sSpan3412" value="ⲡⲉⲕ"/>
		<feat xlink:href="#sSpan3414" value="ⲙ̄ⲧⲟ"/>
		<feat xlink:href="#sSpan3417" value="ⲉⲃⲟⲗ"/>
		<feat xlink:href="#sSpan3421" value="ⲉⲕϣⲁⲛ"/>
		<feat xlink:href="#sSpan3426" value="ⲕⲣⲓⲛⲉ"/>
		<feat xlink:href="#sSpan3429" value="ⲉ"/>
		<feat xlink:href="#sSpan3434" value="ϥⲓⲱⲡ"/>
		<feat xlink:href="#sSpan3437" value="ⲛⲙⲙⲁ"/>
		<feat xlink:href="#sSpan3442" value="ⲛ"/>
		<feat xlink:href="#sSpan3444" value="·"/>
		<feat xlink:href="#sSpan3449" value="ⲕⲁⲧⲁ"/>
		<feat xlink:href="#sSpan3457" value="ⲡⲉ"/>
		<feat xlink:href="#sSpan3460" value="ⲙⲡϣⲁ"/>
		<feat xlink:href="#sSpan3462" value="ⲛ̄"/>
		<feat xlink:href="#sSpan3466" value="ⲛⲉⲛ"/>
		<feat xlink:href="#sSpan3469" value="ⲡⲉⲑⲟⲟⲩ"/>
		<feat xlink:href="#sSpan3472" value="ⲁⲗⲗⲁ"/>
		<feat xlink:href="#sSpan3477" value="ⲉ"/>
		<feat xlink:href="#sSpan3481" value="ⲕ"/>
		<feat xlink:href="#sSpan3483" value="ⲛⲁ"/>
		<feat xlink:href="#sSpan3486" value="ⲕⲱ"/>
		<feat xlink:href="#sSpan3488" value="ⲉⲃⲟⲗ"/>
		<feat xlink:href="#sSpan3493" value="ⲉⲧⲃⲉ"/>
		<feat xlink:href="#sSpan3497" value="ⲡⲉⲕ"/>
		<feat xlink:href="#sSpan3499" value="ⲣⲁⲛ"/>
		<feat xlink:href="#sSpan3502" value="ⲙⲁⲩⲁⲁ"/>
		<feat xlink:href="#sSpan3506" value="ϥ"/>
		<feat xlink:href="#sSpan3508" value="ϫⲉ"/>
		<feat xlink:href="#sSpan3513" value="ϥ"/>
		<feat xlink:href="#sSpan3515" value="ⲟⲩⲁⲁⲃ"/>
		<feat xlink:href="#sSpan3517" value="·"/>
		<feat xlink:href="#sSpan3521" value="ⲁⲩⲱ"/>
		<feat xlink:href="#sSpan3529" value="ϥ"/>
		<feat xlink:href="#sSpan3535" value="ϩⲁⲉⲟⲟⲩ"/>
		<feat xlink:href="#sSpan3538" value="ϣⲁ"/>
		<feat xlink:href="#sSpan3542" value="ⲛⲓ"/>
		<feat xlink:href="#sSpan3544" value="ⲉⲛⲉϩ"/>
		<feat xlink:href="#sSpan3547" value="·"/>
		<feat xlink:href="#sSpan3552" value="Ⲟⲩⲟⲉⲓ"/>
		<feat xlink:href="#sSpan3562" value="ⲛ"/>
		<feat xlink:href="#sSpan3566" value="ⲣⲱⲙⲉ"/>
		<feat xlink:href="#sSpan3568" value="ⲛⲓⲙ"/>
		<feat xlink:href="#sSpan3573" value="ⲉ"/>
		<feat xlink:href="#sSpan3577" value="ϥ"/>
		<feat xlink:href="#sSpan3579" value="ⲛⲁ"/>
		<feat xlink:href="#sSpan3583" value="ⲁⲙⲉⲗⲉⲓⲁⲧⲙⲉⲓ"/>
		<feat xlink:href="#sSpan3591" value="ⲉⲃⲟⲗ"/>
		<feat xlink:href="#sSpan3595" value="ϩⲙ̄"/>
		<feat xlink:href="#sSpan3599" value="ⲡ"/>
		<feat xlink:href="#sSpan3602" value="ⲛⲟⲃⲉ"/>
		<feat xlink:href="#sSpan3604" value="ϣⲁⲛⲧⲉ"/>
		<feat xlink:href="#sSpan3609" value="ϥ"/>
		<feat xlink:href="#sSpan3611" value="ⲙⲟⲩ"/>
		<feat xlink:href="#sSpan3613" value="·"/>
		<feat xlink:href="#sSpan3618" value="ⲕⲁⲧⲁ"/>
		<feat xlink:href="#sSpan3626" value="ⲑ"/>
		<feat xlink:href="#sSpan3629" value="ⲉ"/>
		<feat xlink:href="#sSpan3631" value="ⲛ̄ⲧ"/>
		<feat xlink:href="#sSpan3635" value="ⲁ"/>
		<feat xlink:href="#sSpan3637" value="ⲛ"/>
		<feat xlink:href="#sSpan3639" value="ϫⲉ"/>
		<feat xlink:href="#sSpan3641" value="ⲡⲁⲓ̂"/>
		<feat xlink:href="#sSpan3643" value="ⲛ"/>
		<feat xlink:href="#sSpan3648" value="ϩⲁϩ"/>
		<feat xlink:href="#sSpan3650" value="ⲛ"/>
		<feat xlink:href="#sSpan3654" value="ⲥⲟⲡ"/>
		<feat xlink:href="#sSpan3656" value="·"/>
		<feat xlink:href="#sSpan3660" value="ⲟⲩ"/>
		<feat xlink:href="#sSpan3669" value="ϭⲉ"/>
		<feat xlink:href="#sSpan3673" value="ⲡ"/>
		<feat xlink:href="#sSpan3677" value="ⲉⲧⲉ"/>
		<feat xlink:href="#sSpan3679" value="ⲙⲡ"/>
		<feat xlink:href="#sSpan3681" value="ⲟⲩ"/>
		<feat xlink:href="#sSpan3684" value="ϯⲟⲥⲉ"/>
		<feat xlink:href="#sSpan3688" value="ⲙⲙⲟ"/>
		<feat xlink:href="#sSpan3692" value="ϥ"/>
		<feat xlink:href="#sSpan3694" value="ⲛ̄ϭⲓ"/>
		<feat xlink:href="#sSpan3698" value="ⲛ"/>
		<feat xlink:href="#sSpan3701" value="ⲉⲧ"/>
		<feat xlink:href="#sSpan3703" value="ⲛⲁ"/>
		<feat xlink:href="#sSpan3706" value="ⲁⲙⲉⲗⲉⲓ"/>
		<feat xlink:href="#sSpan3708" value="ϣⲁⲛⲧ"/>
		<feat xlink:href="#sSpan3713" value="ⲟⲩ"/>
		<feat xlink:href="#sSpan3715" value="ⲙⲟⲩ"/>
		<feat xlink:href="#sSpan3717" value="ϩⲙ"/>
		<feat xlink:href="#sSpan3722" value="ⲡ"/>
		<feat xlink:href="#sSpan3724" value="ϫⲱϩⲙ̄"/>
		<feat xlink:href="#sSpan3726" value="·"/>
		<feat xlink:href="#sSpan3730" value="ⲉ"/>
		<feat xlink:href="#sSpan3739" value="ⲁ"/>
		<feat xlink:href="#sSpan3741" value="ⲩ"/>
		<feat xlink:href="#sSpan3744" value="ϯⲟⲥⲉ"/>
		<feat xlink:href="#sSpan3747" value="ⲛ"/>
		<feat xlink:href="#sSpan3751" value="ⲧⲉⲩ"/>
		<feat xlink:href="#sSpan3754" value="ϭⲓⲛⲉⲓ"/>
		<feat xlink:href="#sSpan3758" value="ϣⲁⲣⲟ"/>
		<feat xlink:href="#sSpan3762" value="ⲟⲩ"/>
		<feat xlink:href="#sSpan3765" value="ⲕⲁⲗⲱⲥ"/>
		<feat xlink:href="#sSpan3770" value="ϩⲓⲧⲛ"/>
		<feat xlink:href="#sSpan3774" value="ⲛ"/>
		<feat xlink:href="#sSpan3778" value="ⲁⲅⲅⲉⲗⲟⲥ"/>
		<feat xlink:href="#sSpan3780" value="ϩⲙ̄"/>
		<feat xlink:href="#sSpan3784" value="ⲡⲉ"/>
		<feat xlink:href="#sSpan3787" value="ϩⲟⲟⲩ"/>
		<feat xlink:href="#sSpan3789" value="ⲙⲡⲉ"/>
		<feat xlink:href="#sSpan3793" value="ⲩ"/>
		<feat xlink:href="#sSpan3795" value="ϭⲙ"/>
		<feat xlink:href="#sSpan3798" value="ⲡ"/>
		<feat xlink:href="#sSpan3801" value="ϣⲓⲛⲉ"/>
		<feat xlink:href="#sSpan3803" value="ⲉ"/>
		<feat xlink:href="#sSpan3808" value="ⲧⲣⲉ"/>
		<feat xlink:href="#sSpan3810" value="ⲩ"/>
		<feat xlink:href="#sSpan3813" value="ⲁⲥⲡⲁⲍⲉ"/>
		<feat xlink:href="#sSpan3815" value="ⲙⲙⲟ"/>
		<feat xlink:href="#sSpan3820" value="ⲟⲩ"/>
		<feat xlink:href="#sSpan3822" value="ϩⲛ"/>
		<feat xlink:href="#sSpan3826" value="ⲟⲩ"/>
		<feat xlink:href="#sSpan3828" value="ⲣⲁϣⲉ"/>
		<feat xlink:href="#sSpan3831" value="ⲉ"/>
		<feat xlink:href="#sSpan3835" value="ⲧⲣⲉ"/>
		<feat xlink:href="#sSpan3837" value="ⲩ"/>
		<feat xlink:href="#sSpan3840" value="ϩⲩⲙⲛⲉⲩⲉ"/>
		<feat xlink:href="#sSpan3843" value="ⲛⲙⲙⲁ"/>
		<feat xlink:href="#sSpan3847" value="ⲩ"/>
		<feat xlink:href="#sSpan3849" value="ϩⲛ"/>
		<feat xlink:href="#sSpan3854" value="ⲟⲩ"/>
		<feat xlink:href="#sSpan3856" value="ⲥⲙⲏ"/>
		<feat xlink:href="#sSpan3858" value="ⲛ̄"/>
		<feat xlink:href="#sSpan3862" value="ⲟⲩⲛⲟϥ"/>
		<feat xlink:href="#sSpan3865" value="ϩⲓ"/>
		<feat xlink:href="#sSpan3869" value="ⲧⲉⲗⲏⲗ"/>
		<feat xlink:href="#sSpan3872" value="ⲕⲁⲧⲁ"/>
		<feat xlink:href="#sSpan3877" value="ⲡ"/>
		<feat xlink:href="#sSpan3879" value="ⲉⲧ"/>
		<feat xlink:href="#sSpan3881" value="ⲥⲏϩ"/>
		<feat xlink:href="#sSpan3883" value="ϫⲉ"/>
		<feat xlink:href="#sSpan3888" value="ⲛⲁ"/>
		<feat xlink:href="#sSpan3890" value="ⲓ̈"/>
		<feat xlink:href="#sSpan3892" value="ⲁ"/>
		<feat xlink:href="#sSpan3896" value="ⲓ"/>
		<feat xlink:href="#sSpan3898" value="ⲣ"/>
		<feat xlink:href="#sSpan3900" value="ⲡⲉⲩ"/>
		<feat xlink:href="#sSpan3902" value="ⲙⲉⲉⲩⲉ"/>
		<feat xlink:href="#sSpan3905" value="ⲁ"/>
		<feat xlink:href="#sSpan3909" value="ⲓ̈"/>
		<feat xlink:href="#sSpan3911" value="ⲡⲱϩⲧ"/>
		<feat xlink:href="#sSpan3914" value="ⲛ̄"/>
		<feat xlink:href="#sSpan3918" value="ⲧⲁ"/>
		<feat xlink:href="#sSpan3921" value="ⲯⲩⲭⲏ"/>
		<feat xlink:href="#sSpan3923" value="ⲉϩⲣⲁⲓ̄"/>
		<feat xlink:href="#sSpan3929" value="ⲉϫⲱ"/>
		<feat xlink:href="#sSpan3933" value="ⲓ̈"/>
		<feat xlink:href="#sSpan3935" value="·"/>
		<feat xlink:href="#sSpan3939" value="ϫⲉ"/>
		<feat xlink:href="#sSpan3949" value="ϯⲛⲏⲩ"/>
		<feat xlink:href="#sSpan3952" value="ⲉⲃⲟⲗ"/>
		<feat xlink:href="#sSpan3956" value="ϩⲓⲧⲛ̄"/>
		<feat xlink:href="#sSpan3961" value="ⲟⲩ"/>
		<feat xlink:href="#sSpan3963" value="ⲙⲁ"/>
		<feat xlink:href="#sSpan3965" value="ⲛ̄"/>
		<feat xlink:href="#sSpan3970" value="ⲥⲕⲏⲛⲏ"/>
		<feat xlink:href="#sSpan3973" value="ⲛ̄"/>
		<feat xlink:href="#sSpan3977" value="ϣⲡⲏⲣⲉ"/>
		<feat xlink:href="#sSpan3980" value="·"/>
		<feat xlink:href="#sSpan3984" value="ϣⲁ"/>
		<feat xlink:href="#sSpan3992" value="ⲡ"/>
		<feat xlink:href="#sSpan3994" value="ⲏⲓ̂"/>
		<feat xlink:href="#sSpan3996" value="ⲙ̄"/>
		<feat xlink:href="#sSpan4000" value="ⲡ"/>
		<feat xlink:href="#sSpan4003" value="ⲛⲟⲩⲧⲉ"/>
		<feat xlink:href="#sSpan4005" value="ϩⲛ"/>
		<feat xlink:href="#sSpan4009" value="ⲟⲩ"/>
		<feat xlink:href="#sSpan4011" value="ⲥⲙⲏ"/>
		<feat xlink:href="#sSpan4014" value="ⲛ"/>
		<feat xlink:href="#sSpan4018" value="ⲧⲉⲗⲏⲗ"/>
		<feat xlink:href="#sSpan4020" value="ϩⲓ"/>
		<feat xlink:href="#sSpan4026" value="ⲟⲩⲱⲛϩ"/>
		<feat xlink:href="#sSpan4028" value="ⲉⲃⲟⲗ"/>
		<feat xlink:href="#sSpan4032" value="ⲛ"/>
		<feat xlink:href="#sSpan4037" value="ϩⲣⲟⲟⲩ"/>
		<feat xlink:href="#sSpan4039" value="ⲙ"/>
		<feat xlink:href="#sSpan4043" value="ⲡ"/>
		<feat xlink:href="#sSpan4045" value="ⲉⲧ"/>
		<feat xlink:href="#sSpan4048" value="ⲣ̄ϣⲁ"/>
		<feat xlink:href="#sSpan4052" value="·"/>
		<feat xlink:href="#sSpan4057" value="ⲉⲧⲃⲉ"/>
		<feat xlink:href="#sSpan4065" value="ⲟⲩ"/>
		<feat xlink:href="#sSpan4067" value="ⲧⲉ"/>
		<feat xlink:href="#sSpan4073" value="ⲗⲩⲡⲉⲓ"/>
		<feat xlink:href="#sSpan4075" value="ⲧⲁ"/>
		<feat xlink:href="#sSpan4080" value="ⲯⲩⲭⲏ"/>
		<feat xlink:href="#sSpan4083" value="ⲡⲉϫⲁ"/>
		<feat xlink:href="#sSpan4087" value="ϥ"/>
		<feat xlink:href="#sSpan4089" value="·"/>
		<feat xlink:href="#sSpan4093" value="ⲁⲩⲱ"/>
		<feat xlink:href="#sSpan4103" value="ⲉⲧⲃⲉ"/>
		<feat xlink:href="#sSpan4107" value="ⲟⲩ"/>
		<feat xlink:href="#sSpan4109" value="ⲧⲉ"/>
		<feat xlink:href="#sSpan4114" value="ϣⲧⲟⲣⲧⲣ̄"/>
		<feat xlink:href="#sSpan4118" value="ⲙⲙⲟ"/>
		<feat xlink:href="#sSpan4123" value="ⲓ̂"/>
		<feat xlink:href="#sSpan4125" value="·"/>
		<feat xlink:href="#sSpan4130" value="ϩⲉⲗⲡⲓⲍⲉ"/>
		<feat xlink:href="#sSpan4139" value="ⲉ"/>
		<feat xlink:href="#sSpan4143" value="ⲡ"/>
		<feat xlink:href="#sSpan4145" value="ⲛⲟⲩⲧⲉ"/>
		<feat xlink:href="#sSpan4147" value="ϫⲉ"/>
		<feat xlink:href="#sSpan4152" value="ϯ"/>
		<feat xlink:href="#sSpan4154" value="ⲛⲁ"/>
		<feat xlink:href="#sSpan4156" value="ⲟⲩⲱⲛϩ̄"/>
		<feat xlink:href="#sSpan4158" value="ⲛⲁ"/>
		<feat xlink:href="#sSpan4163" value="ϥ"/>
		<feat xlink:href="#sSpan4165" value="ⲉⲃⲟⲗ"/>
		<feat xlink:href="#sSpan4169" value="ⲡ"/>
		<feat xlink:href="#sSpan4173" value="ⲟⲩϫⲁⲓ̄"/>
		<feat xlink:href="#sSpan4176" value="ⲙ̄"/>
		<feat xlink:href="#sSpan4180" value="ⲡ"/>
		<feat xlink:href="#sSpan4182" value="ⲁϩⲟ"/>
		<feat xlink:href="#sSpan4184" value="ⲡⲉ"/>
		<feat xlink:href="#sSpan4188" value="ⲡⲁ"/>
		<feat xlink:href="#sSpan4193" value="ⲛⲟⲩⲧⲉ"/>
		<feat xlink:href="#sSpan4195" value="·"/>
		<feat xlink:href="#sSpan4202" value="Ⲕⲁⲓ̂"/>
		<feat xlink:href="#sSpan4213" value="ⲅⲁⲣ"/>
		<feat xlink:href="#sSpan4218" value="ⲕⲁⲧⲁ"/>
		<feat xlink:href="#sSpan4222" value="ⲡ"/>
		<feat xlink:href="#sSpan4225" value="ⲉⲧ"/>
		<feat xlink:href="#sSpan4227" value="ϣⲁϫⲉ"/>
		<feat xlink:href="#sSpan4229" value="ϩⲙ"/>
		<feat xlink:href="#sSpan4234" value="ⲡⲉⲛ"/>
		<feat xlink:href="#sSpan4236" value="ⲉⲓⲱⲧ"/>
		<feat xlink:href="#sSpan4239" value="ⲇⲁⲩⲉⲓⲇ"/>
		<feat xlink:href="#sSpan4244" value="ϫⲉ"/>
		<feat xlink:href="#sSpan4248" value="ⲡⲁⲓ̂"/>
		<feat xlink:href="#sSpan4251" value="ⲉⲧⲃⲉ"/>
		<feat xlink:href="#sSpan4256" value="ⲇⲁⲩⲉⲓⲇ"/>
		<feat xlink:href="#sSpan4259" value="ⲁⲛ"/>
		<feat xlink:href="#sSpan4263" value="ⲙⲙⲁⲧⲉ"/></featList></paula>