<?xml version='1.0' encoding='UTF-8'?><!DOCTYPE paula SYSTEM "paula_feat.dtd">
<paula version="1.1">
	<header paula_id="scriptorium.bohairic.Habakkuk_01.dep_func"/>
	<featList xmlns:xlink="http://www.w3.org/1999/xlink" type="func" xml:base="scriptorium.bohairic.Habakkuk_01.dep.xml">
		<feat xlink:href="#sPointingRel1" value="nmod:poss"/>
		<feat xlink:href="#sPointingRel3" value="case"/>
		<feat xlink:href="#sPointingRel5" value="obl"/>
		<feat xlink:href="#sPointingRel7" value="nsubj"/>
		<feat xlink:href="#sPointingRel9" value="obl"/>
		<feat xlink:href="#sPointingRel11" value="nsubj"/>
		<feat xlink:href="#sPointingRel13" value="case"/>
		<feat xlink:href="#sPointingRel15" value="nsubj"/>
		<feat xlink:href="#sPointingRel17" value="det"/>
		<feat xlink:href="#sPointingRel19" value="cc"/>
		<feat xlink:href="#sPointingRel21" value="case"/>
		<feat xlink:href="#sPointingRel23" value="obl"/>
		<feat xlink:href="#sPointingRel25" value="obl"/>
		<feat xlink:href="#sPointingRel27" value="case"/>
		<feat xlink:href="#sPointingRel29" value="det"/>
		<feat xlink:href="#sPointingRel31" value="obj"/>
		<feat xlink:href="#sPointingRel33" value="det"/>
		<feat xlink:href="#sPointingRel35" value="det"/>
		<feat xlink:href="#sPointingRel37" value="cc"/>
		<feat xlink:href="#sPointingRel39" value="nsubj"/>
		<feat xlink:href="#sPointingRel41" value="nsubj"/>
		<feat xlink:href="#sPointingRel43" value="dislocated"/>
		<feat xlink:href="#sPointingRel45" value="obl"/>
		<feat xlink:href="#sPointingRel47" value="punct"/>
		<feat xlink:href="#sPointingRel49" value="nmod:poss"/>
		<feat xlink:href="#sPointingRel51" value="case"/>
		<feat xlink:href="#sPointingRel53" value="acl:relcl"/>
		<feat xlink:href="#sPointingRel55" value="nsubj"/>
		<feat xlink:href="#sPointingRel57" value="parataxis"/>
		<feat xlink:href="#sPointingRel59" value="advmod"/>
		<feat xlink:href="#sPointingRel61" value="nmod:unmarked"/>
		<feat xlink:href="#sPointingRel63" value="dislocated"/>
		<feat xlink:href="#sPointingRel65" value="nmod:poss"/>
		<feat xlink:href="#sPointingRel67" value="obj"/>
		<feat xlink:href="#sPointingRel69" value="parataxis"/>
		<feat xlink:href="#sPointingRel71" value="det"/>
		<feat xlink:href="#sPointingRel73" value="punct"/>
		<feat xlink:href="#sPointingRel75" value="aux"/>
		<feat xlink:href="#sPointingRel77" value="case"/>
		<feat xlink:href="#sPointingRel79" value="cc"/>
		<feat xlink:href="#sPointingRel81" value="conj"/>
		<feat xlink:href="#sPointingRel83" value="advmod"/>
		<feat xlink:href="#sPointingRel85" value="dislocated"/>
		<feat xlink:href="#sPointingRel87" value="acl:relcl"/>
		<feat xlink:href="#sPointingRel89" value="case"/>
		<feat xlink:href="#sPointingRel91" value="nmod:poss"/>
		<feat xlink:href="#sPointingRel93" value="obl"/>
		<feat xlink:href="#sPointingRel95" value="advcl"/>
		<feat xlink:href="#sPointingRel97" value="case"/>
		<feat xlink:href="#sPointingRel99" value="case"/>
		<feat xlink:href="#sPointingRel101" value="case"/>
		<feat xlink:href="#sPointingRel103" value="case"/>
		<feat xlink:href="#sPointingRel105" value="dislocated"/>
		<feat xlink:href="#sPointingRel107" value="nsubj"/>
		<feat xlink:href="#sPointingRel109" value="mark"/>
		<feat xlink:href="#sPointingRel111" value="parataxis"/>
		<feat xlink:href="#sPointingRel113" value="advcl"/>
		<feat xlink:href="#sPointingRel115" value="aux"/>
		<feat xlink:href="#sPointingRel117" value="nsubj"/>
		<feat xlink:href="#sPointingRel119" value="case"/>
		<feat xlink:href="#sPointingRel121" value="conj"/>
		<feat xlink:href="#sPointingRel123" value="det"/>
		<feat xlink:href="#sPointingRel125" value="det"/>
		<feat xlink:href="#sPointingRel127" value="nmod:poss"/>
		<feat xlink:href="#sPointingRel129" value="case"/>
		<feat xlink:href="#sPointingRel131" value="acl:relcl"/>
		<feat xlink:href="#sPointingRel133" value="nsubj"/>
		<feat xlink:href="#sPointingRel135" value="obj"/>
		<feat xlink:href="#sPointingRel137" value="obj"/>
		<feat xlink:href="#sPointingRel139" value="obl"/>
		<feat xlink:href="#sPointingRel141" value="nsubj"/>
		<feat xlink:href="#sPointingRel143" value="det"/>
		<feat xlink:href="#sPointingRel145" value="aux"/>
		<feat xlink:href="#sPointingRel147" value="case"/>
		<feat xlink:href="#sPointingRel149" value="dislocated"/>
		<feat xlink:href="#sPointingRel151" value="advmod"/>
		<feat xlink:href="#sPointingRel153" value="vocative"/>
		<feat xlink:href="#sPointingRel155" value="fixed"/>
		<feat xlink:href="#sPointingRel157" value="case"/>
		<feat xlink:href="#sPointingRel159" value="cc"/>
		<feat xlink:href="#sPointingRel161" value="conj"/>
		<feat xlink:href="#sPointingRel163" value="case"/>
		<feat xlink:href="#sPointingRel165" value="obl"/>
		<feat xlink:href="#sPointingRel167" value="aux"/>
		<feat xlink:href="#sPointingRel169" value="aux"/>
		<feat xlink:href="#sPointingRel171" value="case"/>
		<feat xlink:href="#sPointingRel173" value="conj"/>
		<feat xlink:href="#sPointingRel175" value="det"/>
		<feat xlink:href="#sPointingRel177" value="nmod"/>
		<feat xlink:href="#sPointingRel179" value="case"/>
		<feat xlink:href="#sPointingRel181" value="parataxis"/>
		<feat xlink:href="#sPointingRel183" value="obl"/>
		<feat xlink:href="#sPointingRel185" value="nmod:poss"/>
		<feat xlink:href="#sPointingRel187" value="cc"/>
		<feat xlink:href="#sPointingRel189" value="conj"/>
		<feat xlink:href="#sPointingRel191" value="det"/>
		<feat xlink:href="#sPointingRel193" value="fixed"/>
		<feat xlink:href="#sPointingRel195" value="aux"/>
		<feat xlink:href="#sPointingRel197" value="nmod:poss"/>
		<feat xlink:href="#sPointingRel199" value="conj"/>
		<feat xlink:href="#sPointingRel201" value="det"/>
		<feat xlink:href="#sPointingRel203" value="conj"/>
		<feat xlink:href="#sPointingRel205" value="nmod:poss"/>
		<feat xlink:href="#sPointingRel207" value="obl"/>
		<feat xlink:href="#sPointingRel209" value="nsubj"/>
		<feat xlink:href="#sPointingRel211" value="nsubj"/>
		<feat xlink:href="#sPointingRel213" value="nsubj"/>
		<feat xlink:href="#sPointingRel215" value="cc"/>
		<feat xlink:href="#sPointingRel217" value="case"/>
		<feat xlink:href="#sPointingRel219" value="punct"/>
		<feat xlink:href="#sPointingRel221" value="cc"/>
		<feat xlink:href="#sPointingRel223" value="conj"/>
		<feat xlink:href="#sPointingRel225" value="cc"/>
		<feat xlink:href="#sPointingRel227" value="cc"/>
		<feat xlink:href="#sPointingRel229" value="det"/>
		<feat xlink:href="#sPointingRel231" value="punct"/>
		<feat xlink:href="#sPointingRel233" value="det"/>
		<feat xlink:href="#sPointingRel235" value="obl"/>
		<feat xlink:href="#sPointingRel237" value="obl"/>
		<feat xlink:href="#sPointingRel239" value="case"/>
		<feat xlink:href="#sPointingRel241" value="case"/>
		<feat xlink:href="#sPointingRel243" value="parataxis"/>
		<feat xlink:href="#sPointingRel245" value="det"/>
		<feat xlink:href="#sPointingRel247" value="acl:relcl"/>
		<feat xlink:href="#sPointingRel249" value="appos"/>
		<feat xlink:href="#sPointingRel251" value="obl"/>
		<feat xlink:href="#sPointingRel253" value="xcomp"/>
		<feat xlink:href="#sPointingRel255" value="parataxis"/>
		<feat xlink:href="#sPointingRel257" value="aux"/>
		<feat xlink:href="#sPointingRel259" value="acl:relcl"/>
		<feat xlink:href="#sPointingRel261" value="case"/>
		<feat xlink:href="#sPointingRel263" value="nsubj"/>
		<feat xlink:href="#sPointingRel265" value="obl"/>
		<feat xlink:href="#sPointingRel267" value="case"/>
		<feat xlink:href="#sPointingRel269" value="obj"/>
		<feat xlink:href="#sPointingRel271" value="conj"/>
		<feat xlink:href="#sPointingRel273" value="nmod"/>
		<feat xlink:href="#sPointingRel275" value="nsubj"/>
		<feat xlink:href="#sPointingRel277" value="case"/>
		<feat xlink:href="#sPointingRel279" value="cc"/>
		<feat xlink:href="#sPointingRel281" value="xcomp"/>
		<feat xlink:href="#sPointingRel283" value="case"/>
		<feat xlink:href="#sPointingRel285" value="case"/>
		<feat xlink:href="#sPointingRel287" value="cop"/>
		<feat xlink:href="#sPointingRel289" value="nmod"/>
		<feat xlink:href="#sPointingRel291" value="obl"/>
		<feat xlink:href="#sPointingRel293" value="obl"/>
		<feat xlink:href="#sPointingRel295" value="case"/>
		<feat xlink:href="#sPointingRel297" value="det"/>
		<feat xlink:href="#sPointingRel299" value="case"/>
		<feat xlink:href="#sPointingRel301" value="conj"/>
		<feat xlink:href="#sPointingRel303" value="obl"/>
		<feat xlink:href="#sPointingRel305" value="iobj"/>
		<feat xlink:href="#sPointingRel307" value="acl:relcl"/>
		<feat xlink:href="#sPointingRel309" value="punct"/>
		<feat xlink:href="#sPointingRel311" value="case"/>
		<feat xlink:href="#sPointingRel313" value="det"/>
		<feat xlink:href="#sPointingRel315" value="obl"/>
		<feat xlink:href="#sPointingRel317" value="det"/>
		<feat xlink:href="#sPointingRel319" value="dislocated"/>
		<feat xlink:href="#sPointingRel321" value="case"/>
		<feat xlink:href="#sPointingRel323" value="case"/>
		<feat xlink:href="#sPointingRel325" value="mark"/>
		<feat xlink:href="#sPointingRel327" value="case"/>
		<feat xlink:href="#sPointingRel329" value="mark"/>
		<feat xlink:href="#sPointingRel331" value="det"/>
		<feat xlink:href="#sPointingRel333" value="nsubj"/>
		<feat xlink:href="#sPointingRel335" value="nsubj"/>
		<feat xlink:href="#sPointingRel337" value="nmod"/>
		<feat xlink:href="#sPointingRel339" value="nsubj"/>
		<feat xlink:href="#sPointingRel341" value="parataxis"/>
		<feat xlink:href="#sPointingRel343" value="nsubj"/>
		<feat xlink:href="#sPointingRel345" value="conj"/>
		<feat xlink:href="#sPointingRel347" value="obl"/>
		<feat xlink:href="#sPointingRel349" value="det"/>
		<feat xlink:href="#sPointingRel351" value="obj"/>
		<feat xlink:href="#sPointingRel353" value="mark"/>
		<feat xlink:href="#sPointingRel355" value="aux"/>
		<feat xlink:href="#sPointingRel357" value="nmod:poss"/>
		<feat xlink:href="#sPointingRel359" value="det"/>
		<feat xlink:href="#sPointingRel361" value="case"/>
		<feat xlink:href="#sPointingRel363" value="nsubj"/>
		<feat xlink:href="#sPointingRel365" value="dislocated"/>
		<feat xlink:href="#sPointingRel367" value="nsubj"/>
		<feat xlink:href="#sPointingRel369" value="det"/>
		<feat xlink:href="#sPointingRel371" value="nmod"/>
		<feat xlink:href="#sPointingRel373" value="det"/>
		<feat xlink:href="#sPointingRel375" value="case"/>
		<feat xlink:href="#sPointingRel377" value="nmod"/>
		<feat xlink:href="#sPointingRel379" value="acl:relcl"/>
		<feat xlink:href="#sPointingRel381" value="dislocated"/>
		<feat xlink:href="#sPointingRel383" value="dislocated"/>
		<feat xlink:href="#sPointingRel385" value="case"/>
		<feat xlink:href="#sPointingRel387" value="nsubj"/>
		<feat xlink:href="#sPointingRel389" value="obl"/>
		<feat xlink:href="#sPointingRel391" value="nsubj"/>
		<feat xlink:href="#sPointingRel393" value="case"/>
		<feat xlink:href="#sPointingRel395" value="parataxis"/>
		<feat xlink:href="#sPointingRel397" value="case"/>
		<feat xlink:href="#sPointingRel399" value="aux"/>
		<feat xlink:href="#sPointingRel401" value="det"/>
		<feat xlink:href="#sPointingRel403" value="nmod:poss"/>
		<feat xlink:href="#sPointingRel405" value="obl"/>
		<feat xlink:href="#sPointingRel407" value="case"/>
		<feat xlink:href="#sPointingRel409" value="aux"/>
		<feat xlink:href="#sPointingRel411" value="parataxis"/>
		<feat xlink:href="#sPointingRel413" value="det"/>
		<feat xlink:href="#sPointingRel415" value="nsubj"/>
		<feat xlink:href="#sPointingRel417" value="mark"/>
		<feat xlink:href="#sPointingRel419" value="punct"/>
		<feat xlink:href="#sPointingRel421" value="det"/>
		<feat xlink:href="#sPointingRel423" value="det"/>
		<feat xlink:href="#sPointingRel425" value="cc"/>
		<feat xlink:href="#sPointingRel427" value="nmod:poss"/>
		<feat xlink:href="#sPointingRel429" value="dislocated"/>
		<feat xlink:href="#sPointingRel431" value="obl"/>
		<feat xlink:href="#sPointingRel433" value="case"/>
		<feat xlink:href="#sPointingRel435" value="nsubj"/>
		<feat xlink:href="#sPointingRel437" value="obl"/>
		<feat xlink:href="#sPointingRel439" value="aux"/>
		<feat xlink:href="#sPointingRel441" value="nmod"/>
		<feat xlink:href="#sPointingRel443" value="xcomp"/>
		<feat xlink:href="#sPointingRel445" value="mark"/>
		<feat xlink:href="#sPointingRel447" value="obj"/>
		<feat xlink:href="#sPointingRel449" value="conj"/>
		<feat xlink:href="#sPointingRel451" value="nsubj"/>
		<feat xlink:href="#sPointingRel453" value="conj"/>
		<feat xlink:href="#sPointingRel455" value="xcomp"/>
		<feat xlink:href="#sPointingRel457" value="advcl"/>
		<feat xlink:href="#sPointingRel459" value="dislocated"/>
		<feat xlink:href="#sPointingRel461" value="nsubj"/>
		<feat xlink:href="#sPointingRel463" value="nsubj"/>
		<feat xlink:href="#sPointingRel465" value="nmod"/>
		<feat xlink:href="#sPointingRel467" value="nsubj"/>
		<feat xlink:href="#sPointingRel469" value="cop"/>
		<feat xlink:href="#sPointingRel471" value="det"/>
		<feat xlink:href="#sPointingRel473" value="advmod"/>
		<feat xlink:href="#sPointingRel475" value="mark"/>
		<feat xlink:href="#sPointingRel477" value="cc"/>
		<feat xlink:href="#sPointingRel479" value="case"/>
		<feat xlink:href="#sPointingRel481" value="det"/>
		<feat xlink:href="#sPointingRel483" value="nmod:poss"/>
		<feat xlink:href="#sPointingRel485" value="obl"/>
		<feat xlink:href="#sPointingRel487" value="case"/>
		<feat xlink:href="#sPointingRel489" value="case"/>
		<feat xlink:href="#sPointingRel491" value="dislocated"/>
		<feat xlink:href="#sPointingRel493" value="advmod"/>
		<feat xlink:href="#sPointingRel495" value="punct"/>
		<feat xlink:href="#sPointingRel497" value="case"/>
		<feat xlink:href="#sPointingRel499" value="case"/>
		<feat xlink:href="#sPointingRel501" value="obl"/>
		<feat xlink:href="#sPointingRel503" value="conj"/>
		<feat xlink:href="#sPointingRel505" value="aux"/>
		<feat xlink:href="#sPointingRel507" value="det"/>
		<feat xlink:href="#sPointingRel509" value="det"/>
		<feat xlink:href="#sPointingRel511" value="advmod"/>
		<feat xlink:href="#sPointingRel513" value="conj"/>
		<feat xlink:href="#sPointingRel515" value="case"/>
		<feat xlink:href="#sPointingRel517" value="advmod"/>
		<feat xlink:href="#sPointingRel519" value="conj"/>
		<feat xlink:href="#sPointingRel521" value="conj"/>
		<feat xlink:href="#sPointingRel523" value="appos"/>
		<feat xlink:href="#sPointingRel525" value="obl"/>
		<feat xlink:href="#sPointingRel527" value="conj"/>
		<feat xlink:href="#sPointingRel529" value="conj"/>
		<feat xlink:href="#sPointingRel531" value="cc"/>
		<feat xlink:href="#sPointingRel533" value="nsubj"/>
		<feat xlink:href="#sPointingRel535" value="obj"/>
		<feat xlink:href="#sPointingRel537" value="mark"/>
		<feat xlink:href="#sPointingRel539" value="conj"/>
		<feat xlink:href="#sPointingRel541" value="cc"/>
		<feat xlink:href="#sPointingRel543" value="det"/>
		<feat xlink:href="#sPointingRel545" value="cc"/>
		<feat xlink:href="#sPointingRel547" value="mark"/>
		<feat xlink:href="#sPointingRel549" value="mark"/>
		<feat xlink:href="#sPointingRel551" value="det"/>
		<feat xlink:href="#sPointingRel553" value="nsubj"/>
		<feat xlink:href="#sPointingRel555" value="nsubj"/>
		<feat xlink:href="#sPointingRel557" value="case"/>
		<feat xlink:href="#sPointingRel559" value="det"/>
		<feat xlink:href="#sPointingRel561" value="punct"/>
		<feat xlink:href="#sPointingRel563" value="det"/>
		<feat xlink:href="#sPointingRel565" value="obl"/>
		<feat xlink:href="#sPointingRel567" value="nsubj"/>
		<feat xlink:href="#sPointingRel569" value="case"/>
		<feat xlink:href="#sPointingRel571" value="det"/>
		<feat xlink:href="#sPointingRel573" value="cc"/>
		<feat xlink:href="#sPointingRel575" value="det"/>
		<feat xlink:href="#sPointingRel577" value="dislocated"/>
		<feat xlink:href="#sPointingRel579" value="dislocated"/>
		<feat xlink:href="#sPointingRel581" value="aux"/>
		<feat xlink:href="#sPointingRel583" value="aux"/>
		<feat xlink:href="#sPointingRel585" value="dislocated"/>
		<feat xlink:href="#sPointingRel587" value="vocative"/>
		<feat xlink:href="#sPointingRel589" value="obj"/>
		<feat xlink:href="#sPointingRel591" value="det"/>
		<feat xlink:href="#sPointingRel593" value="obl"/>
		<feat xlink:href="#sPointingRel595" value="case"/>
		<feat xlink:href="#sPointingRel597" value="dislocated"/>
		<feat xlink:href="#sPointingRel599" value="aux"/>
		<feat xlink:href="#sPointingRel601" value="advcl"/>
		<feat xlink:href="#sPointingRel603" value="nmod:poss"/>
		<feat xlink:href="#sPointingRel605" value="obl"/>
		<feat xlink:href="#sPointingRel607" value="nsubj"/>
		<feat xlink:href="#sPointingRel609" value="dislocated"/>
		<feat xlink:href="#sPointingRel611" value="obl"/>
		<feat xlink:href="#sPointingRel613" value="case"/>
		<feat xlink:href="#sPointingRel615" value="case"/>
		<feat xlink:href="#sPointingRel617" value="nsubj"/>
		<feat xlink:href="#sPointingRel619" value="obl"/>
		<feat xlink:href="#sPointingRel621" value="nsubj"/>
		<feat xlink:href="#sPointingRel623" value="obl"/>
		<feat xlink:href="#sPointingRel625" value="nsubj"/>
		<feat xlink:href="#sPointingRel627" value="nmod:poss"/>
		<feat xlink:href="#sPointingRel629" value="obl"/>
		<feat xlink:href="#sPointingRel631" value="det"/>
		<feat xlink:href="#sPointingRel633" value="cc"/>
		<feat xlink:href="#sPointingRel635" value="det"/>
		<feat xlink:href="#sPointingRel637" value="case"/>
		<feat xlink:href="#sPointingRel639" value="nmod:poss"/>
		<feat xlink:href="#sPointingRel641" value="case"/>
		<feat xlink:href="#sPointingRel643" value="det"/>
		<feat xlink:href="#sPointingRel645" value="acl"/>
		<feat xlink:href="#sPointingRel647" value="appos"/>
		<feat xlink:href="#sPointingRel649" value="obl"/>
		<feat xlink:href="#sPointingRel651" value="nsubj"/>
		<feat xlink:href="#sPointingRel653" value="obj"/>
		<feat xlink:href="#sPointingRel655" value="mark"/>
		<feat xlink:href="#sPointingRel657" value="obl"/>
		<feat xlink:href="#sPointingRel659" value="aux"/>
		<feat xlink:href="#sPointingRel661" value="parataxis"/>
		<feat xlink:href="#sPointingRel663" value="det"/>
		<feat xlink:href="#sPointingRel665" value="obl"/>
		<feat xlink:href="#sPointingRel667" value="case"/>
		<feat xlink:href="#sPointingRel669" value="obl"/>
		<feat xlink:href="#sPointingRel671" value="det"/>
		<feat xlink:href="#sPointingRel673" value="obj"/>
		<feat xlink:href="#sPointingRel675" value="cc"/>
		<feat xlink:href="#sPointingRel677" value="nsubj"/>
		<feat xlink:href="#sPointingRel679" value="mark"/>
		<feat xlink:href="#sPointingRel681" value="advmod"/>
		<feat xlink:href="#sPointingRel683" value="nsubj"/>
		<feat xlink:href="#sPointingRel685" value="obj"/>
		<feat xlink:href="#sPointingRel687" value="xcomp"/>
		<feat xlink:href="#sPointingRel689" value="obj"/>
		<feat xlink:href="#sPointingRel691" value="nsubj"/>
		<feat xlink:href="#sPointingRel693" value="obl"/>
		<feat xlink:href="#sPointingRel695" value="obl"/>
		<feat xlink:href="#sPointingRel697" value="aux"/>
		<feat xlink:href="#sPointingRel699" value="cc"/>
		<feat xlink:href="#sPointingRel701" value="nsubj"/>
		<feat xlink:href="#sPointingRel703" value="cc"/>
		<feat xlink:href="#sPointingRel705" value="acl:relcl"/>
		<feat xlink:href="#sPointingRel707" value="nsubj"/>
		<feat xlink:href="#sPointingRel709" value="conj"/>
		<feat xlink:href="#sPointingRel711" value="nsubj"/>
		<feat xlink:href="#sPointingRel713" value="case"/>
		<feat xlink:href="#sPointingRel715" value="aux"/>
		<feat xlink:href="#sPointingRel717" value="det"/>
		<feat xlink:href="#sPointingRel719" value="obj"/>
		<feat xlink:href="#sPointingRel721" value="nsubj"/>
		<feat xlink:href="#sPointingRel723" value="conj"/>
		<feat xlink:href="#sPointingRel725" value="obl"/>
		<feat xlink:href="#sPointingRel727" value="case"/>
		<feat xlink:href="#sPointingRel729" value="mark"/>
		<feat xlink:href="#sPointingRel731" value="obj"/>
		<feat xlink:href="#sPointingRel733" value="det"/>
		<feat xlink:href="#sPointingRel735" value="det"/>
		<feat xlink:href="#sPointingRel737" value="nsubj"/>
		<feat xlink:href="#sPointingRel739" value="obl"/>
		<feat xlink:href="#sPointingRel741" value="mark"/>
		<feat xlink:href="#sPointingRel743" value="appos"/>
		<feat xlink:href="#sPointingRel745" value="nsubj"/>
		<feat xlink:href="#sPointingRel747" value="obj"/>
		<feat xlink:href="#sPointingRel749" value="det"/>
		<feat xlink:href="#sPointingRel751" value="case"/>
		<feat xlink:href="#sPointingRel753" value="mark"/>
		<feat xlink:href="#sPointingRel755" value="conj"/>
		<feat xlink:href="#sPointingRel757" value="mark"/>
		<feat xlink:href="#sPointingRel759" value="xcomp"/>
		<feat xlink:href="#sPointingRel761" value="mark"/>
		<feat xlink:href="#sPointingRel763" value="advmod"/>
		<feat xlink:href="#sPointingRel765" value="det"/>
		<feat xlink:href="#sPointingRel767" value="mark"/>
		<feat xlink:href="#sPointingRel769" value="conj"/>
		<feat xlink:href="#sPointingRel771" value="conj"/>
		<feat xlink:href="#sPointingRel773" value="nsubj"/>
		<feat xlink:href="#sPointingRel775" value="advcl"/>
		<feat xlink:href="#sPointingRel777" value="fixed"/>
		<feat xlink:href="#sPointingRel779" value="det"/>
		<feat xlink:href="#sPointingRel781" value="case"/>
		<feat xlink:href="#sPointingRel783" value="cc"/>
		<feat xlink:href="#sPointingRel785" value="case"/>
		<feat xlink:href="#sPointingRel787" value="obl"/>
		<feat xlink:href="#sPointingRel789" value="nmod:poss"/>
		<feat xlink:href="#sPointingRel791" value="cc"/>
		<feat xlink:href="#sPointingRel793" value="case"/>
		<feat xlink:href="#sPointingRel795" value="case"/>
		<feat xlink:href="#sPointingRel797" value="case"/>
		<feat xlink:href="#sPointingRel799" value="case"/>
		<feat xlink:href="#sPointingRel801" value="case"/>
		<feat xlink:href="#sPointingRel803" value="nsubj"/>
		<feat xlink:href="#sPointingRel805" value="mark"/>
		<feat xlink:href="#sPointingRel807" value="case"/>
		<feat xlink:href="#sPointingRel809" value="mark"/>
		<feat xlink:href="#sPointingRel811" value="nmod:poss"/>
		<feat xlink:href="#sPointingRel813" value="case"/>
		<feat xlink:href="#sPointingRel815" value="nsubj"/>
		<feat xlink:href="#sPointingRel817" value="cc"/>
		<feat xlink:href="#sPointingRel819" value="cc"/>
		<feat xlink:href="#sPointingRel821" value="nsubj"/>
		<feat xlink:href="#sPointingRel823" value="aux"/>
		<feat xlink:href="#sPointingRel825" value="acl:relcl"/>
		<feat xlink:href="#sPointingRel827" value="aux"/>
		<feat xlink:href="#sPointingRel829" value="xcomp"/>
		<feat xlink:href="#sPointingRel831" value="conj"/>
		<feat xlink:href="#sPointingRel833" value="nsubj"/>
		<feat xlink:href="#sPointingRel835" value="advcl"/>
		<feat xlink:href="#sPointingRel837" value="case"/>
		<feat xlink:href="#sPointingRel839" value="mark"/>
		<feat xlink:href="#sPointingRel841" value="vocative"/>
		<feat xlink:href="#sPointingRel843" value="conj"/>
		<feat xlink:href="#sPointingRel845" value="case"/>
		<feat xlink:href="#sPointingRel847" value="conj"/>
		<feat xlink:href="#sPointingRel849" value="nsubj"/>
		<feat xlink:href="#sPointingRel851" value="case"/>
		<feat xlink:href="#sPointingRel853" value="case"/>
		<feat xlink:href="#sPointingRel855" value="obl"/>
		<feat xlink:href="#sPointingRel857" value="punct"/>
		<feat xlink:href="#sPointingRel859" value="punct"/>
		<feat xlink:href="#sPointingRel861" value="case"/>
		<feat xlink:href="#sPointingRel863" value="obl"/>
		<feat xlink:href="#sPointingRel865" value="conj"/>
		<feat xlink:href="#sPointingRel867" value="nmod:poss"/>
		<feat xlink:href="#sPointingRel869" value="mark"/>
		<feat xlink:href="#sPointingRel871" value="cc"/>
		<feat xlink:href="#sPointingRel873" value="cc"/>
		<feat xlink:href="#sPointingRel875" value="det"/>
		<feat xlink:href="#sPointingRel877" value="advmod"/>
		<feat xlink:href="#sPointingRel879" value="case"/>
		<feat xlink:href="#sPointingRel881" value="obj"/>
		<feat xlink:href="#sPointingRel883" value="nmod"/>
		<feat xlink:href="#sPointingRel885" value="case"/>
		<feat xlink:href="#sPointingRel887" value="case"/>
		<feat xlink:href="#sPointingRel889" value="cc"/>
		<feat xlink:href="#sPointingRel891" value="dislocated"/>
		<feat xlink:href="#sPointingRel893" value="cc"/>
		<feat xlink:href="#sPointingRel895" value="case"/>
		<feat xlink:href="#sPointingRel897" value="cc"/>
		<feat xlink:href="#sPointingRel899" value="nsubj"/>
		<feat xlink:href="#sPointingRel901" value="nmod"/>
		<feat xlink:href="#sPointingRel903" value="case"/>
		<feat xlink:href="#sPointingRel905" value="det"/>
		<feat xlink:href="#sPointingRel907" value="advmod"/>
		<feat xlink:href="#sPointingRel909" value="csubj"/>
		<feat xlink:href="#sPointingRel911" value="det"/>
		<feat xlink:href="#sPointingRel913" value="obl"/>
		<feat xlink:href="#sPointingRel915" value="det"/>
		<feat xlink:href="#sPointingRel917" value="nmod:poss"/>
		<feat xlink:href="#sPointingRel919" value="cc"/>
		<feat xlink:href="#sPointingRel921" value="appos"/>
		<feat xlink:href="#sPointingRel923" value="det"/>
		<feat xlink:href="#sPointingRel925" value="case"/>
		<feat xlink:href="#sPointingRel927" value="obl"/>
		<feat xlink:href="#sPointingRel929" value="cop"/>
		<feat xlink:href="#sPointingRel931" value="obl"/>
		<feat xlink:href="#sPointingRel933" value="punct"/>
		<feat xlink:href="#sPointingRel935" value="cc"/>
		<feat xlink:href="#sPointingRel937" value="det"/>
		<feat xlink:href="#sPointingRel939" value="conj"/>
		<feat xlink:href="#sPointingRel941" value="punct"/>
		<feat xlink:href="#sPointingRel943" value="appos"/>
		<feat xlink:href="#sPointingRel945" value="det"/>
		<feat xlink:href="#sPointingRel947" value="aux"/>
		<feat xlink:href="#sPointingRel949" value="case"/>
		<feat xlink:href="#sPointingRel951" value="det"/>
		<feat xlink:href="#sPointingRel953" value="cc"/>
		<feat xlink:href="#sPointingRel955" value="case"/>
		<feat xlink:href="#sPointingRel957" value="conj"/>
		<feat xlink:href="#sPointingRel959" value="det"/>
		<feat xlink:href="#sPointingRel961" value="obj"/>
		<feat xlink:href="#sPointingRel963" value="case"/>
		<feat xlink:href="#sPointingRel965" value="advmod"/>
		<feat xlink:href="#sPointingRel967" value="cc"/>
		<feat xlink:href="#sPointingRel969" value="nsubj"/>
		<feat xlink:href="#sPointingRel971" value="obj"/>
		<feat xlink:href="#sPointingRel973" value="det"/>
		<feat xlink:href="#sPointingRel975" value="obl"/>
		<feat xlink:href="#sPointingRel977" value="case"/>
		<feat xlink:href="#sPointingRel979" value="obj"/>
		<feat xlink:href="#sPointingRel981" value="case"/>
		<feat xlink:href="#sPointingRel983" value="advmod"/>
		<feat xlink:href="#sPointingRel985" value="punct"/>
		<feat xlink:href="#sPointingRel987" value="det"/>
		<feat xlink:href="#sPointingRel989" value="case"/>
		<feat xlink:href="#sPointingRel991" value="acl:relcl"/>
		<feat xlink:href="#sPointingRel993" value="advmod"/>
		<feat xlink:href="#sPointingRel995" value="nsubj"/>
		<feat xlink:href="#sPointingRel997" value="nmod:poss"/>
		<feat xlink:href="#sPointingRel999" value="det"/>
		<feat xlink:href="#sPointingRel1001" value="mark"/>
		<feat xlink:href="#sPointingRel1003" value="nmod"/>
		<feat xlink:href="#sPointingRel1005" value="punct"/>
		<feat xlink:href="#sPointingRel1007" value="det"/>
		<feat xlink:href="#sPointingRel1009" value="obl"/>
		<feat xlink:href="#sPointingRel1011" value="punct"/>
		<feat xlink:href="#sPointingRel1013" value="det"/>
		<feat xlink:href="#sPointingRel1015" value="nsubj"/>
		<feat xlink:href="#sPointingRel1017" value="punct"/>
		<feat xlink:href="#sPointingRel1019" value="det"/>
		<feat xlink:href="#sPointingRel1021" value="case"/>
		<feat xlink:href="#sPointingRel1023" value="obl"/>
		<feat xlink:href="#sPointingRel1025" value="nsubj"/>
		<feat xlink:href="#sPointingRel1027" value="conj"/>
		<feat xlink:href="#sPointingRel1029" value="nsubj"/>
		<feat xlink:href="#sPointingRel1031" value="case"/>
		<feat xlink:href="#sPointingRel1033" value="cop"/>
		<feat xlink:href="#sPointingRel1035" value="mark"/>
		<feat xlink:href="#sPointingRel1037" value="obl"/>
		<feat xlink:href="#sPointingRel1039" value="obj"/>
		<feat xlink:href="#sPointingRel1041" value="advmod"/>
		<feat xlink:href="#sPointingRel1043" value="cc"/>
		<feat xlink:href="#sPointingRel1045" value="parataxis"/>
		<feat xlink:href="#sPointingRel1047" value="obj"/>
		<feat xlink:href="#sPointingRel1049" value="case"/>
		<feat xlink:href="#sPointingRel1051" value="cc"/>
		<feat xlink:href="#sPointingRel1053" value="case"/>
		<feat xlink:href="#sPointingRel1055" value="conj"/>
		<feat xlink:href="#sPointingRel1057" value="nsubj"/>
		<feat xlink:href="#sPointingRel1059" value="advcl"/>
		<feat xlink:href="#sPointingRel1061" value="punct"/>
		<feat xlink:href="#sPointingRel1063" value="advmod"/>
		<feat xlink:href="#sPointingRel1065" value="parataxis"/>
		<feat xlink:href="#sPointingRel1067" value="case"/>
		<feat xlink:href="#sPointingRel1069" value="aux"/>
		<feat xlink:href="#sPointingRel1071" value="obj"/>
		<feat xlink:href="#sPointingRel1073" value="aux"/>
		<feat xlink:href="#sPointingRel1075" value="advmod"/>
		<feat xlink:href="#sPointingRel1077" value="cc"/>
		<feat xlink:href="#sPointingRel1079" value="advmod"/>
		<feat xlink:href="#sPointingRel1081" value="advmod"/></featList></paula>