<?xml version='1.0' encoding='UTF-8'?><!DOCTYPE paula SYSTEM "paula_feat.dtd">
<paula version="1.1">
	<header paula_id="scriptorium.bohairic.1Cor_01.mark_translation"/>
	<featList xmlns:xlink="http://www.w3.org/1999/xlink" type="translation" xml:base="scriptorium.bohairic.1Cor_01.mark.xml">
		<feat xlink:href="#sSpan7" value="Paul, called to be an apostle of Jesus Christ through the will of God, and our brother Sosthenes,"/>
		<feat xlink:href="#sSpan77" value="to the assembly of God which is at Corinth; those who are sanctified in Christ Jesus, called to be saints, with all who call on the name of our Lord Jesus Christ in every place, both theirs and ours:"/>
		<feat xlink:href="#sSpan240" value="Grace to you and peace from God our Father and the Lord Jesus Christ."/>
		<feat xlink:href="#sSpan308" value="I always thank my God concerning you, for the grace of God which was given you in Christ Jesus;"/>
		<feat xlink:href="#sSpan405" value="that in everything you were enriched in him, in all speech and all knowledge;"/>
		<feat xlink:href="#sSpan464" value="even as the testimony of Christ was confirmed in you:"/>
		<feat xlink:href="#sSpan512" value="so that you come behind in no gift; waiting for the revelation of our Lord Jesus Christ;"/>
		<feat xlink:href="#sSpan606" value="who will also confirm you until the end, blameless in the day of our Lord Jesus Christ."/>
		<feat xlink:href="#sSpan670" value="God is faithful, through whom you were called into the fellowship of his Son, Jesus Christ, our Lord."/>
		<feat xlink:href="#sSpan749" value="Now I beg you, brothers, through the name of our Lord, Jesus Christ, that you all speak the same thing and that there be no divisions among you, but that you be perfected together in the same mind and in the same judgment."/>
		<feat xlink:href="#sSpan930" value="For it has been reported to me concerning you, my brothers, by those who are from Chloe's household, that there are contentions among you."/>
		<feat xlink:href="#sSpan1001" value="Now I mean this, that each one of you says, 'I follow Paul,' 'I follow Apollos,' 'I follow Cephas,' and, 'I follow Christ.'"/>
		<feat xlink:href="#sSpan1151" value="Is Christ divided? Was Paul crucified for you? Or were you baptized into the name of Paul?"/>
		<feat xlink:href="#sSpan1235" value="I thank God that I baptized none of you, except Crispus and Gaius,"/>
		<feat xlink:href="#sSpan1296" value="so that no one should say that I had baptized you into my own name."/>
		<feat xlink:href="#sSpan1342" value="(I also baptized the household of Stephanas; besides them, I don't know whether I baptized any other.)"/>
		<feat xlink:href="#sSpan1425" value="For Christ sent me not to baptize, but to preach the Good News--not in wisdom of words, so that the cross of Christ wouldn't be made void."/>
		<feat xlink:href="#sSpan1549" value="For the word of the cross is foolishness to those who are dying, but to us who are saved it is the power of God."/>
		<feat xlink:href="#sSpan1659" value="For it is written, 'I will destroy the wisdom of the wise, I will bring the discernment of the discerning to nothing.'"/>
		<feat xlink:href="#sSpan1737" value="Where is the wise? Where is the scribe? Where is the lawyer of this world? Hasn't God made foolish the wisdom of this world?"/>
		<feat xlink:href="#sSpan1841" value="For seeing that in the wisdom of God, the world through its wisdom didn't know God, it was God's good pleasure through the foolishness of the preaching to save those who believe."/>
		<feat xlink:href="#sSpan1979" value="For Jews ask for signs, Greeks seek after wisdom,"/>
		<feat xlink:href="#sSpan2043" value="but we preach Christ crucified; a stumbling block to Jews, and foolishness to Greeks,"/>
		<feat xlink:href="#sSpan2146" value="but to those who are called, both Jews and Greeks, Christ is the power of God and the wisdom of God."/>
		<feat xlink:href="#sSpan2247" value="Because the foolishness of God is wiser than men, and the weakness of God is stronger than men."/>
		<feat xlink:href="#sSpan2344" value="For you see your calling, brothers, that not many are wise according to the flesh, not many mighty, and not many noble;"/>
		<feat xlink:href="#sSpan2439" value="but God chose the foolish things of the world that he might put to shame those who are wise. God chose the weak things of the world, that he might put to shame the things that are strong;"/>
		<feat xlink:href="#sSpan2575" value="and God chose the lowly things of the world, and the things that are despised, and the things that are not, that he might bring to nothing the things that are:"/>
		<feat xlink:href="#sSpan2683" value="that no flesh should boast before God."/>
		<feat xlink:href="#sSpan2735" value="But of him, you are in Christ Jesus, who was made to us wisdom from God, and righteousness and sanctification, and redemption:"/>
		<feat xlink:href="#sSpan2847" value="that, according as it is written, 'He who boasts, let him boast in the Lord.'"/></featList></paula>