<?xml version='1.0' encoding='UTF-8'?><!DOCTYPE paula SYSTEM "paula_feat.dtd">
<paula version="1.1">
	<header paula_id="scriptorium.p_CtYBR_1800.mark_norm_group"/>
	<featList xmlns:xlink="http://www.w3.org/1999/xlink" type="norm_group" xml:base="scriptorium.p_CtYBR_1800.mark.xml">
		<feat xlink:href="#sSpan3" value="........ⲛⲁⲥ"/>
		<feat xlink:href="#sSpan14" value="ⲡⲥⲁⲧⲁⲏⲗ"/>
		<feat xlink:href="#sSpan18" value="ϯⲱⲣⲕ"/>
		<feat xlink:href="#sSpan26" value="ⲉⲣⲟⲕ"/>
		<feat xlink:href="#sSpan32" value="ⲉⲛⲛⲁⲏⲗ"/>
		<feat xlink:href="#sSpan37" value="ⲡⲁⲓ"/>
		<feat xlink:href="#sSpan42" value="ⲉⲧⲉⲣⲉⲧⲉϥⲟⲩⲛⲁⲙ ⲧⲁⲗⲏⲩ"/>
		<feat xlink:href="#sSpan53" value="ⲉϩⲣⲁⲓ"/>
		<feat xlink:href="#sSpan57" value="ⲉϫⲉⲛⲡⲁⲣⲙⲁ"/>
		<feat xlink:href="#sSpan67" value="ⲛⲡⲉⲓⲱⲧ"/>
		<feat xlink:href="#sSpan77" value="ⲉⲧⲟⲩⲁⲁⲃ"/>
		<feat xlink:href="#sSpan84" value="ⲙⲛⲁⲥⲁⲣⲱⲑ"/>
		<feat xlink:href="#sSpan92" value="ⲡⲛⲟϭ"/>
		<feat xlink:href="#sSpan98" value="ⲛⲭⲉⲣⲟⲩⲃⲓⲛ"/>
		<feat xlink:href="#sSpan105" value="ⲡⲁⲓ"/>
		<feat xlink:href="#sSpan110" value="ⲉⲧⲣⲟⲉⲓⲥ"/>
		<feat xlink:href="#sSpan116" value="ⲉⲧⲉⲥⲕⲏⲛⲏ"/>
		<feat xlink:href="#sSpan126" value="ⲛⲡⲉⲓⲱⲧ"/>
		<feat xlink:href="#sSpan135" value="ⲡⲡⲁⲛⲧⲟⲕⲣⲁⲧⲱⲣ"/>
		<feat xlink:href="#sSpan142" value="ϯⲱⲣⲕ"/>
		<feat xlink:href="#sSpan151" value="ⲛⲡⲟⲟⲩ"/>
		<feat xlink:href="#sSpan160" value="ⲡⲁⲅⲅⲉⲗⲟⲥ"/>
		<feat xlink:href="#sSpan168" value="ⲛⲡⲉⲑⲩⲥⲓⲁⲥⲧⲏⲣⲓⲟⲛ"/>
		<feat xlink:href="#sSpan178" value="ⲉⲧⲟⲩⲁⲁⲃ"/>
		<feat xlink:href="#sSpan184" value="ϫⲉ"/>
		<feat xlink:href="#sSpan189" value="ⲛⲕⲟ"/>
		<feat xlink:href="#sSpan197" value="ⲛⲣⲉⲙϩⲉ"/>
		<feat xlink:href="#sSpan204" value="ⲁⲛ"/>
		<feat xlink:href="#sSpan209" value="ⲟⲩⲇⲉ"/>
		<feat xlink:href="#sSpan213" value="ⲛⲅⲃⲏⲗ"/>
		<feat xlink:href="#sSpan221" value="ⲉⲃⲟⲗ"/>
		<feat xlink:href="#sSpan225" value="ⲉⲃⲱⲕ"/>
		<feat xlink:href="#sSpan232" value="ⲉϩⲣⲁⲓ"/>
		<feat xlink:href="#sSpan236" value="ϣⲁⲡⲛⲟⲩⲧⲉ"/>
		<feat xlink:href="#sSpan246" value="ⲟⲩⲇⲉ"/>
		<feat xlink:href="#sSpan251" value="ⲧⲉⲕⲑⲩⲥⲓⲁ"/>
		<feat xlink:href="#sSpan259" value="ⲉϩⲣⲁⲓ"/>
		<feat xlink:href="#sSpan264" value="ⲏ"/>
		<feat xlink:href="#sSpan268" value="ⲉⲟⲩⲱϣⲧ"/>
		<feat xlink:href="#sSpan274" value="ⲛⲡⲉⲕⲣⲓⲧⲏⲥ"/>
		<feat xlink:href="#sSpan284" value="ⲙⲙⲏⲧ"/>
		<feat xlink:href="#sSpan291" value="ⲟⲩⲇⲉ"/>
		<feat xlink:href="#sSpan296" value="ⲉⲁⲡⲁⲛⲧⲁ"/>
		<feat xlink:href="#sSpan303" value="ⲉⲡϫⲟⲉⲓⲥ"/>
		<feat xlink:href="#sSpan312" value="ⲙⲡⲉⲕⲁϩⲉⲣⲁⲧⲕ"/>
		<feat xlink:href="#sSpan325" value="ⲉϩⲣⲁⲓ"/>
		<feat xlink:href="#sSpan329" value="ⲉϫⲛⲡⲥⲱⲙⲁ"/>
		<feat xlink:href="#sSpan342" value="ⲇⲉⲓⲛⲁ"/>
		<feat xlink:href="#sSpan348" value="ⲇⲉⲓⲛⲁ"/>
		<feat xlink:href="#sSpan352" value="ⲛⲅⲉⲓⲛⲉ"/>
		<feat xlink:href="#sSpan363" value="ⲉϩⲣⲁⲓ"/>
		<feat xlink:href="#sSpan367" value="ⲉϫⲱϥ"/>
		<feat xlink:href="#sSpan373" value="ⲛⲟⲩϩⲓⲥⲉ"/>
		<feat xlink:href="#sSpan382" value="ⲙⲛⲟⲩϣⲱⲛⲉ"/>
		<feat xlink:href="#sSpan391" value="ⲙⲉⲛⲟⲩⲗⲟϭⲗⲉϭ"/>
		<feat xlink:href="#sSpan401" value="ⲙⲛⲟⲩϩⲣⲉⲩⲙⲁ"/>
		<feat xlink:href="#sSpan411" value="ⲙⲛⲟⲩⲁⲥⲓⲕ"/>
		<feat xlink:href="#sSpan420" value="ⲙⲛⲟⲩⲧⲕⲁⲥ"/>
		<feat xlink:href="#sSpan429" value="ⲙⲛⲟⲩϩⲗⲟⲡⲗⲉⲡ"/>
		<feat xlink:href="#sSpan439" value="ⲙⲛⲟⲩⲙⲉⲧⲕⲟⲩⲓ"/>
		<feat xlink:href="#sSpan450" value="ⲛϩⲏⲧ"/>
		<feat xlink:href="#sSpan457" value="ⲙⲛⲟⲩⲉⲣⲙⲟⲉⲧ"/>
		<feat xlink:href="#sSpan467" value="ⲙⲛⲟⲩϣⲉⲃⲉ"/>
		<feat xlink:href="#sSpan476" value="ⲙⲛⲟⲩⲇⲁⲓⲙⲟⲛⲓⲟⲛ"/>
		<feat xlink:href="#sSpan486" value="ⲛⲗⲓⲃⲉ"/>
		<feat xlink:href="#sSpan492" value="ⲙⲛϣⲃⲉ"/>
		<feat xlink:href="#sSpan500" value="ⲛϭⲓⲛϣⲱⲛⲉ"/>
		<feat xlink:href="#sSpan509" value="ⲉⲣⲉⲛⲁⲓ"/>
		<feat xlink:href="#sSpan515" value="ϣⲟⲃⲉ"/>
		<feat xlink:href="#sSpan519" value="ⲉⲩⲉⲓ"/>
		<feat xlink:href="#sSpan525" value="ⲛⲕⲉⲛⲧⲟⲩ"/>
		<feat xlink:href="#sSpan537" value="ⲉϩⲣⲁⲓ"/>
		<feat xlink:href="#sSpan541" value="ⲉϫⲛⲡⲥⲱⲙⲁ"/>
		<feat xlink:href="#sSpan553" value="ⲇⲉⲓⲛⲁ"/>
		<feat xlink:href="#sSpan558" value="ⲇⲉⲓⲛⲁ"/>
		<feat xlink:href="#sSpan562" value="ⲛⲛⲉϩⲟⲟⲩ"/>
		<feat xlink:href="#sSpan571" value="ⲧⲏⲣⲟⲩ"/>
		<feat xlink:href="#sSpan577" value="ⲛⲡⲉϥⲱⲛϩ"/>
		<feat xlink:href="#sSpan586" value="ϫⲉⲛⲛⲉⲙⲁⲅⲟⲥ"/>
		<feat xlink:href="#sSpan599" value="ⲛϩⲟⲟⲩⲧ"/>
		<feat xlink:href="#sSpan606" value="ⲟⲩⲇⲉ"/>
		<feat xlink:href="#sSpan611" value="ⲫⲁⲣⲙⲁⲅⲟⲥ"/>
		<feat xlink:href="#sSpan616" value="ⲛⲥϩⲓⲙⲉ"/>
		<feat xlink:href="#sSpan622" value="ⲉϣⲛⲁ"/>
		<feat xlink:href="#sSpan628" value="ⲛⲁϥ"/>
		<feat xlink:href="#sSpan636" value="ⲟⲩⲇⲉ"/>
		<feat xlink:href="#sSpan640" value="ⲣⲡⲁϩⲣⲉ"/>
		<feat xlink:href="#sSpan647" value="ⲉⲣⲟϥ"/>
		<feat xlink:href="#sSpan653" value="ⲉⲃⲟⲗ"/>
		<feat xlink:href="#sSpan658" value="ϩⲛⲛⲁϭⲓϫ"/>
		<feat xlink:href="#sSpan667" value="ⲁⲛⲟⲕ"/>
		<feat xlink:href="#sSpan674" value="ⲇⲉⲓⲛⲁ"/>
		<feat xlink:href="#sSpan679" value="ⲇⲉⲓⲛⲁ"/>
		<feat xlink:href="#sSpan683" value="ϣⲁⲛⲧⲓⲛⲁ"/>
		<feat xlink:href="#sSpan692" value="ⲛⲁϥ"/>
		<feat xlink:href="#sSpan698" value="ⲉⲓⲣⲉ"/>
		<feat xlink:href="#sSpan704" value="ⲁⲩⲱ"/>
		<feat xlink:href="#sSpan708" value="ⲛⲅϫⲱⲕ"/>
		<feat xlink:href="#sSpan716" value="ⲛⲁⲓ"/>
		<feat xlink:href="#sSpan722" value="ⲉⲃⲟⲗ"/>
		<feat xlink:href="#sSpan726" value="ⲛⲡⲟⲩⲱϣ"/>
		<feat xlink:href="#sSpan735" value="ⲧⲏⲣϥ"/>
		<feat xlink:href="#sSpan741" value="ⲛⲡⲁϩⲏⲧ"/>
		<feat xlink:href="#sSpan751" value="ⲡⲁⲓⲧⲏⲙⲁ"/>
		<feat xlink:href="#sSpan759" value="ⲛⲧⲁⲯⲩⲭⲏ"/>
		<feat xlink:href="#sSpan769" value="ϩⲉⲛⲧⲉⲕⲛⲟϭ"/>
		<feat xlink:href="#sSpan778" value="ⲛϭⲟⲙ"/>
		<feat xlink:href="#sSpan785" value="ⲁⲥⲙⲟⲧⲉⲟⲥ"/>
		<feat xlink:href="#sSpan792" value="ⲇⲁⲓⲙⲟⲛⲓⲁⲕⲟⲥ"/>
		<feat xlink:href="#sSpan798" value="ⲁⲓⲟ"/>
		<feat xlink:href="#sSpan804" value="ⲁⲓⲟ"/>
		<feat xlink:href="#sSpan811" value="ⲧⲁⲭⲏ"/>
		<feat xlink:href="#sSpan818" value="ⲧⲁⲭⲏ"/>
		<feat xlink:href="#sSpan825" value="......ⲑⲫⲉⲗⲗⲱⲑ"/>
		<feat xlink:href="#sSpan833" value="ⲁⲑⲉⲥ"/>
		<feat xlink:href="#sSpan840" value="ⲧⲁⲭⲏ"/>
		<feat xlink:href="#sSpan847" value="ⲧⲁⲭⲏ"/>
		<feat xlink:href="#sSpan854" value="…"/></featList></paula>