<?xml version='1.0' encoding='UTF-8'?><!DOCTYPE paula SYSTEM "paula_feat.dtd">
<paula version="1.1">
	<header paula_id="scriptorium.p_CtYBR_1800.mark_norm"/>
	<featList xmlns:xlink="http://www.w3.org/1999/xlink" type="norm" xml:base="scriptorium.p_CtYBR_1800.mark.xml">
		<feat xlink:href="#sSpan1" value="........"/>
		<feat xlink:href="#sSpan9" value="ⲛⲁⲥ"/>
		<feat xlink:href="#sSpan11" value="ⲡⲥⲁⲧⲁⲏⲗ"/>
		<feat xlink:href="#sSpan16" value="ϯ"/>
		<feat xlink:href="#sSpan22" value="ⲱⲣⲕ"/>
		<feat xlink:href="#sSpan24" value="ⲉⲣⲟ"/>
		<feat xlink:href="#sSpan28" value="ⲕ"/>
		<feat xlink:href="#sSpan30" value="ⲉⲛⲛⲁⲏⲗ"/>
		<feat xlink:href="#sSpan35" value="ⲡⲁⲓ"/>
		<feat xlink:href="#sSpan40" value="ⲉⲧⲉⲣⲉ"/>
		<feat xlink:href="#sSpan44" value="ⲧⲉϥ"/>
		<feat xlink:href="#sSpan47" value="ⲟⲩⲛⲁⲙ"/>
		<feat xlink:href="#sSpan49" value="ⲧⲁⲗⲏⲩ"/>
		<feat xlink:href="#sSpan51" value="ⲉϩⲣⲁⲓ"/>
		<feat xlink:href="#sSpan55" value="ⲉϫⲛ"/>
		<feat xlink:href="#sSpan59" value="ⲡ"/>
		<feat xlink:href="#sSpan63" value="ⲁⲣⲙⲁ"/>
		<feat xlink:href="#sSpan65" value="ⲛ"/>
		<feat xlink:href="#sSpan70" value="ⲡ"/>
		<feat xlink:href="#sSpan73" value="ⲉⲓⲱⲧ"/>
		<feat xlink:href="#sSpan75" value="ⲉⲧ"/>
		<feat xlink:href="#sSpan79" value="ⲟⲩⲁⲁⲃ"/>
		<feat xlink:href="#sSpan82" value="ⲙⲛ"/>
		<feat xlink:href="#sSpan87" value="ⲁⲥⲁⲣⲱⲑ"/>
		<feat xlink:href="#sSpan90" value="ⲡ"/>
		<feat xlink:href="#sSpan94" value="ⲛⲟϭ"/>
		<feat xlink:href="#sSpan96" value="ⲛ"/>
		<feat xlink:href="#sSpan101" value="ⲭⲉⲣⲟⲩⲃⲓⲛ"/>
		<feat xlink:href="#sSpan103" value="ⲡⲁⲓ"/>
		<feat xlink:href="#sSpan108" value="ⲉⲧ"/>
		<feat xlink:href="#sSpan112" value="ⲣⲟⲉⲓⲥ"/>
		<feat xlink:href="#sSpan114" value="ⲉ"/>
		<feat xlink:href="#sSpan118" value="ⲧⲉ"/>
		<feat xlink:href="#sSpan122" value="ⲥⲕⲏⲛⲏ"/>
		<feat xlink:href="#sSpan124" value="ⲛ"/>
		<feat xlink:href="#sSpan128" value="ⲡ"/>
		<feat xlink:href="#sSpan131" value="ⲉⲓⲱⲧ"/>
		<feat xlink:href="#sSpan133" value="ⲡ"/>
		<feat xlink:href="#sSpan138" value="ⲡⲁⲛⲧⲟⲕⲣⲁⲧⲱⲣ"/>
		<feat xlink:href="#sSpan140" value="ϯ"/>
		<feat xlink:href="#sSpan147" value="ⲱⲣⲕ"/>
		<feat xlink:href="#sSpan149" value="ⲛ"/>
		<feat xlink:href="#sSpan153" value="ⲡ"/>
		<feat xlink:href="#sSpan156" value="ⲟⲟⲩ"/>
		<feat xlink:href="#sSpan158" value="ⲡ"/>
		<feat xlink:href="#sSpan164" value="ⲁⲅⲅⲉⲗⲟⲥ"/>
		<feat xlink:href="#sSpan166" value="ⲛ"/>
		<feat xlink:href="#sSpan170" value="ⲡⲉ"/>
		<feat xlink:href="#sSpan174" value="ⲑⲩⲥⲓⲁⲥⲧⲏⲣⲓⲟⲛ"/>
		<feat xlink:href="#sSpan176" value="ⲉⲧ"/>
		<feat xlink:href="#sSpan180" value="ⲟⲩⲁⲁⲃ"/>
		<feat xlink:href="#sSpan182" value="ϫⲉ"/>
		<feat xlink:href="#sSpan187" value="ⲛ"/>
		<feat xlink:href="#sSpan191" value="ⲕ"/>
		<feat xlink:href="#sSpan193" value="ⲟ"/>
		<feat xlink:href="#sSpan195" value="ⲛ"/>
		<feat xlink:href="#sSpan199" value="ⲣⲉⲙϩⲉ"/>
		<feat xlink:href="#sSpan202" value="ⲁⲛ"/>
		<feat xlink:href="#sSpan207" value="ⲟⲩⲇⲉ"/>
		<feat xlink:href="#sSpan211" value="ⲛ"/>
		<feat xlink:href="#sSpan215" value="ⲅ"/>
		<feat xlink:href="#sSpan217" value="ⲃⲏⲗ"/>
		<feat xlink:href="#sSpan219" value="ⲉⲃⲟⲗ"/>
		<feat xlink:href="#sSpan223" value="ⲉ"/>
		<feat xlink:href="#sSpan227" value="ⲃⲱⲕ"/>
		<feat xlink:href="#sSpan230" value="ⲉϩⲣⲁⲓ"/>
		<feat xlink:href="#sSpan234" value="ϣⲁ"/>
		<feat xlink:href="#sSpan238" value="ⲡ"/>
		<feat xlink:href="#sSpan241" value="ⲛⲟⲩⲧⲉ"/>
		<feat xlink:href="#sSpan244" value="ⲟⲩⲇⲉ"/>
		<feat xlink:href="#sSpan249" value="ⲧⲉⲕ"/>
		<feat xlink:href="#sSpan255" value="ⲑⲩⲥⲓⲁ"/>
		<feat xlink:href="#sSpan257" value="ⲉϩⲣⲁⲓ"/>
		<feat xlink:href="#sSpan262" value="ⲏ"/>
		<feat xlink:href="#sSpan266" value="ⲉ"/>
		<feat xlink:href="#sSpan270" value="ⲟⲩⲱϣⲧ"/>
		<feat xlink:href="#sSpan272" value="ⲛ"/>
		<feat xlink:href="#sSpan276" value="ⲡⲉ"/>
		<feat xlink:href="#sSpan280" value="ⲕⲣⲓⲧⲏⲥ"/>
		<feat xlink:href="#sSpan282" value="ⲙ"/>
		<feat xlink:href="#sSpan286" value="ⲙⲏⲧ"/>
		<feat xlink:href="#sSpan289" value="ⲟⲩⲇⲉ"/>
		<feat xlink:href="#sSpan294" value="ⲉ"/>
		<feat xlink:href="#sSpan299" value="ⲁⲡⲁⲛⲧⲁ"/>
		<feat xlink:href="#sSpan301" value="ⲉ"/>
		<feat xlink:href="#sSpan305" value="ⲡ"/>
		<feat xlink:href="#sSpan308" value="ϫⲟⲉⲓⲥ"/>
		<feat xlink:href="#sSpan310" value="ⲙⲡⲉ"/>
		<feat xlink:href="#sSpan314" value="ⲕ"/>
		<feat xlink:href="#sSpan316" value="ⲁϩⲉ"/>
		<feat xlink:href="#sSpan318" value="ⲣⲁⲧ"/>
		<feat xlink:href="#sSpan321" value="ⲕ"/>
		<feat xlink:href="#sSpan323" value="ⲉϩⲣⲁⲓ"/>
		<feat xlink:href="#sSpan327" value="ⲉϫⲛ"/>
		<feat xlink:href="#sSpan331" value="ⲡ"/>
		<feat xlink:href="#sSpan336" value="ⲥⲱⲙⲁ"/>
		<feat xlink:href="#sSpan340" value="ⲇⲉⲓⲛⲁ"/>
		<feat xlink:href="#sSpan346" value="ⲇⲉⲓⲛⲁ"/>
		<feat xlink:href="#sSpan350" value="ⲛ"/>
		<feat xlink:href="#sSpan356" value="ⲅ"/>
		<feat xlink:href="#sSpan358" value="ⲉⲓⲛⲉ"/>
		<feat xlink:href="#sSpan361" value="ⲉϩⲣⲁⲓ"/>
		<feat xlink:href="#sSpan365" value="ⲉϫⲱ"/>
		<feat xlink:href="#sSpan369" value="ϥ"/>
		<feat xlink:href="#sSpan371" value="ⲛ"/>
		<feat xlink:href="#sSpan375" value="ⲟⲩ"/>
		<feat xlink:href="#sSpan378" value="ϩⲓⲥⲉ"/>
		<feat xlink:href="#sSpan380" value="ⲙⲛ"/>
		<feat xlink:href="#sSpan384" value="ⲟⲩ"/>
		<feat xlink:href="#sSpan387" value="ϣⲱⲛⲉ"/>
		<feat xlink:href="#sSpan389" value="ⲙⲉⲛ"/>
		<feat xlink:href="#sSpan394" value="ⲟⲩ"/>
		<feat xlink:href="#sSpan397" value="ⲗⲟϭⲗⲉϭ"/>
		<feat xlink:href="#sSpan399" value="ⲙⲛ"/>
		<feat xlink:href="#sSpan403" value="ⲟⲩ"/>
		<feat xlink:href="#sSpan407" value="ϩⲣⲉⲩⲙⲁ"/>
		<feat xlink:href="#sSpan409" value="ⲙⲛ"/>
		<feat xlink:href="#sSpan413" value="ⲟⲩ"/>
		<feat xlink:href="#sSpan416" value="ⲁⲥⲓⲕ"/>
		<feat xlink:href="#sSpan418" value="ⲙⲛ"/>
		<feat xlink:href="#sSpan422" value="ⲟⲩ"/>
		<feat xlink:href="#sSpan425" value="ⲧⲕⲁⲥ"/>
		<feat xlink:href="#sSpan427" value="ⲙⲛ"/>
		<feat xlink:href="#sSpan432" value="ⲟⲩ"/>
		<feat xlink:href="#sSpan435" value="ϩⲗⲟⲡⲗⲉⲡ"/>
		<feat xlink:href="#sSpan437" value="ⲙⲛ"/>
		<feat xlink:href="#sSpan441" value="ⲟⲩ"/>
		<feat xlink:href="#sSpan445" value="ⲙⲉⲧⲕⲟⲩⲓ"/>
		<feat xlink:href="#sSpan448" value="ⲛ"/>
		<feat xlink:href="#sSpan452" value="ϩⲏⲧ"/>
		<feat xlink:href="#sSpan455" value="ⲙⲛ"/>
		<feat xlink:href="#sSpan459" value="ⲟⲩ"/>
		<feat xlink:href="#sSpan462" value="ⲉⲣⲙⲟⲉⲧ"/>
		<feat xlink:href="#sSpan465" value="ⲙⲛ"/>
		<feat xlink:href="#sSpan469" value="ⲟⲩ"/>
		<feat xlink:href="#sSpan472" value="ϣⲉⲃⲉ"/>
		<feat xlink:href="#sSpan474" value="ⲙⲛ"/>
		<feat xlink:href="#sSpan478" value="ⲟⲩ"/>
		<feat xlink:href="#sSpan482" value="ⲇⲁⲓⲙⲟⲛⲓⲟⲛ"/>
		<feat xlink:href="#sSpan484" value="ⲛ"/>
		<feat xlink:href="#sSpan488" value="ⲗⲓⲃⲉ"/>
		<feat xlink:href="#sSpan490" value="ⲙⲛ"/>
		<feat xlink:href="#sSpan494" value="ϣⲃⲉ"/>
		<feat xlink:href="#sSpan498" value="ⲛϭⲓ"/>
		<feat xlink:href="#sSpan502" value="ⲛ"/>
		<feat xlink:href="#sSpan505" value="ϣⲱⲛⲉ"/>
		<feat xlink:href="#sSpan507" value="ⲉⲣⲉ"/>
		<feat xlink:href="#sSpan511" value="ⲛⲁⲓ"/>
		<feat xlink:href="#sSpan513" value="ϣⲟⲃⲉ"/>
		<feat xlink:href="#sSpan517" value="ⲉ"/>
		<feat xlink:href="#sSpan521" value="ⲩⲉⲓ"/>
		<feat xlink:href="#sSpan523" value="ⲛ"/>
		<feat xlink:href="#sSpan529" value="ⲅ"/>
		<feat xlink:href="#sSpan531" value="ⲉⲛⲧ"/>
		<feat xlink:href="#sSpan533" value="ⲟⲩ"/>
		<feat xlink:href="#sSpan535" value="ⲉϩⲣⲁⲓ"/>
		<feat xlink:href="#sSpan539" value="ⲉϫⲛ"/>
		<feat xlink:href="#sSpan544" value="ⲡ"/>
		<feat xlink:href="#sSpan548" value="ⲥⲱⲙⲁ"/>
		<feat xlink:href="#sSpan551" value="ⲇⲉⲓⲛⲁ"/>
		<feat xlink:href="#sSpan556" value="ⲇⲉⲓⲛⲁ"/>
		<feat xlink:href="#sSpan560" value="ⲛ"/>
		<feat xlink:href="#sSpan564" value="ⲛⲉ"/>
		<feat xlink:href="#sSpan567" value="ϩⲟⲟⲩ"/>
		<feat xlink:href="#sSpan569" value="ⲧⲏⲣ"/>
		<feat xlink:href="#sSpan573" value="ⲟⲩ"/>
		<feat xlink:href="#sSpan575" value="ⲛ"/>
		<feat xlink:href="#sSpan579" value="ⲡⲉϥ"/>
		<feat xlink:href="#sSpan582" value="ⲱⲛϩ"/>
		<feat xlink:href="#sSpan584" value="ϫⲉ"/>
		<feat xlink:href="#sSpan591" value="ⲛⲉ"/>
		<feat xlink:href="#sSpan594" value="ⲙⲁⲅⲟⲥ"/>
		<feat xlink:href="#sSpan597" value="ⲛ"/>
		<feat xlink:href="#sSpan601" value="ϩⲟⲟⲩⲧ"/>
		<feat xlink:href="#sSpan604" value="ⲟⲩⲇⲉ"/>
		<feat xlink:href="#sSpan609" value="ⲫⲁⲣⲙⲁⲅⲟⲥ"/>
		<feat xlink:href="#sSpan614" value="ⲛ"/>
		<feat xlink:href="#sSpan618" value="ⲥϩⲓⲙⲉ"/>
		<feat xlink:href="#sSpan620" value="ⲉϣ"/>
		<feat xlink:href="#sSpan624" value="ⲛⲁ"/>
		<feat xlink:href="#sSpan626" value="ⲛⲁ"/>
		<feat xlink:href="#sSpan631" value="ϥ"/>
		<feat xlink:href="#sSpan634" value="ⲟⲩⲇⲉ"/>
		<feat xlink:href="#sSpan638" value="ⲣ"/>
		<feat xlink:href="#sSpan642" value="ⲡⲁϩⲣⲉ"/>
		<feat xlink:href="#sSpan645" value="ⲉⲣⲟ"/>
		<feat xlink:href="#sSpan649" value="ϥ"/>
		<feat xlink:href="#sSpan651" value="ⲉⲃⲟⲗ"/>
		<feat xlink:href="#sSpan656" value="ϩⲛ"/>
		<feat xlink:href="#sSpan660" value="ⲛⲁ"/>
		<feat xlink:href="#sSpan663" value="ϭⲓϫ"/>
		<feat xlink:href="#sSpan665" value="ⲁⲛⲟⲕ"/>
		<feat xlink:href="#sSpan672" value="ⲇⲉⲓⲛⲁ"/>
		<feat xlink:href="#sSpan677" value="ⲇⲉⲓⲛⲁ"/>
		<feat xlink:href="#sSpan681" value="ϣⲁⲛⲧ"/>
		<feat xlink:href="#sSpan685" value="ⲓ"/>
		<feat xlink:href="#sSpan688" value="ⲛⲁ"/>
		<feat xlink:href="#sSpan690" value="ⲛⲁ"/>
		<feat xlink:href="#sSpan694" value="ϥ"/>
		<feat xlink:href="#sSpan696" value="ⲉⲓⲣⲉ"/>
		<feat xlink:href="#sSpan702" value="ⲁⲩⲱ"/>
		<feat xlink:href="#sSpan706" value="ⲛ"/>
		<feat xlink:href="#sSpan710" value="ⲅ"/>
		<feat xlink:href="#sSpan712" value="ϫⲱⲕ"/>
		<feat xlink:href="#sSpan714" value="ⲛⲁ"/>
		<feat xlink:href="#sSpan718" value="ⲓ"/>
		<feat xlink:href="#sSpan720" value="ⲉⲃⲟⲗ"/>
		<feat xlink:href="#sSpan724" value="ⲛ"/>
		<feat xlink:href="#sSpan728" value="ⲡ"/>
		<feat xlink:href="#sSpan731" value="ⲟⲩⲱϣ"/>
		<feat xlink:href="#sSpan733" value="ⲧⲏⲣ"/>
		<feat xlink:href="#sSpan737" value="ϥ"/>
		<feat xlink:href="#sSpan739" value="ⲛ"/>
		<feat xlink:href="#sSpan744" value="ⲡⲁ"/>
		<feat xlink:href="#sSpan747" value="ϩⲏⲧ"/>
		<feat xlink:href="#sSpan749" value="ⲡ"/>
		<feat xlink:href="#sSpan755" value="ⲁⲓⲧⲏⲙⲁ"/>
		<feat xlink:href="#sSpan757" value="ⲛ"/>
		<feat xlink:href="#sSpan761" value="ⲧⲁ"/>
		<feat xlink:href="#sSpan765" value="ⲯⲩⲭⲏ"/>
		<feat xlink:href="#sSpan767" value="ϩⲉⲛ"/>
		<feat xlink:href="#sSpan771" value="ⲧⲉⲕ"/>
		<feat xlink:href="#sSpan774" value="ⲛⲟϭ"/>
		<feat xlink:href="#sSpan776" value="ⲛ"/>
		<feat xlink:href="#sSpan780" value="ϭⲟⲙ"/>
		<feat xlink:href="#sSpan783" value="ⲁⲥⲙⲟⲧⲉⲟⲥ"/>
		<feat xlink:href="#sSpan790" value="ⲇⲁⲓⲙⲟⲛⲓⲁⲕⲟⲥ"/>
		<feat xlink:href="#sSpan796" value="ⲁⲓⲟ"/>
		<feat xlink:href="#sSpan802" value="ⲁⲓⲟ"/>
		<feat xlink:href="#sSpan809" value="ⲧⲁⲭⲏ"/>
		<feat xlink:href="#sSpan816" value="ⲧⲁⲭⲏ"/>
		<feat xlink:href="#sSpan822" value="......ⲑⲫⲉⲗⲗⲱⲑ"/>
		<feat xlink:href="#sSpan830" value="ⲁⲑⲉⲥ"/>
		<feat xlink:href="#sSpan838" value="ⲧⲁⲭⲏ"/>
		<feat xlink:href="#sSpan845" value="ⲧⲁⲭⲏ"/>
		<feat xlink:href="#sSpan852" value="…"/></featList></paula>