<?xml version='1.0' encoding='UTF-8'?><!DOCTYPE paula SYSTEM "paula_feat.dtd">
<paula version="1.1">
	<header paula_id="scriptorium.Ruth_02.mark_norm"/>
	<featList xmlns:xlink="http://www.w3.org/1999/xlink" type="norm" xml:base="scriptorium.Ruth_02.mark.xml">
		<feat xlink:href="#sSpan1" value="ⲁⲩⲱ"/>
		<feat xlink:href="#sSpan10" value="ⲛⲟⲉⲙⲓⲛ"/>
		<feat xlink:href="#sSpan15" value="ⲛⲉ"/>
		<feat xlink:href="#sSpan19" value="ϥ"/>
		<feat xlink:href="#sSpan21" value="ϣⲟⲟⲡ"/>
		<feat xlink:href="#sSpan23" value="ⲛⲁ"/>
		<feat xlink:href="#sSpan27" value="ⲥ"/>
		<feat xlink:href="#sSpan29" value="ⲛϭⲓ"/>
		<feat xlink:href="#sSpan33" value="ⲟⲩ"/>
		<feat xlink:href="#sSpan37" value="ⲣⲙⲛⲥⲟⲟⲩⲛ"/>
		<feat xlink:href="#sSpan40" value="ⲛⲧⲉ"/>
		<feat xlink:href="#sSpan44" value="ⲡⲉⲥ"/>
		<feat xlink:href="#sSpan47" value="ϩⲁⲓ"/>
		<feat xlink:href="#sSpan49" value="ⲡ"/>
		<feat xlink:href="#sSpan54" value="ⲣⲱⲙⲉ"/>
		<feat xlink:href="#sSpan57" value="ⲇⲉ"/>
		<feat xlink:href="#sSpan61" value="ⲉⲧ"/>
		<feat xlink:href="#sSpan65" value="ⲙⲙⲁⲩ"/>
		<feat xlink:href="#sSpan67" value="ⲛⲉ"/>
		<feat xlink:href="#sSpan71" value="ⲩ"/>
		<feat xlink:href="#sSpan75" value="ⲇⲩⲛⲁⲧⲟⲥ"/>
		<feat xlink:href="#sSpan77" value="ⲡⲉ"/>
		<feat xlink:href="#sSpan81" value="ϩⲛ"/>
		<feat xlink:href="#sSpan85" value="ⲧⲉϥ"/>
		<feat xlink:href="#sSpan87" value="ϭⲟⲙ"/>
		<feat xlink:href="#sSpan89" value="ⲉ"/>
		<feat xlink:href="#sSpan93" value="ⲟⲩ"/>
		<feat xlink:href="#sSpan95" value="ⲉⲃⲟⲗ"/>
		<feat xlink:href="#sSpan97" value="ⲡⲉ"/>
		<feat xlink:href="#sSpan101" value="ϩⲛ"/>
		<feat xlink:href="#sSpan105" value="ⲧ"/>
		<feat xlink:href="#sSpan108" value="ⲥⲩⲅⲅⲉⲛⲉⲓⲁ"/>
		<feat xlink:href="#sSpan110" value="ⲛ"/>
		<feat xlink:href="#sSpan115" value="ⲁⲃⲓⲙⲉⲗⲉⲭ"/>
		<feat xlink:href="#sSpan118" value="ⲉ"/>
		<feat xlink:href="#sSpan122" value="ⲡⲉϥ"/>
		<feat xlink:href="#sSpan125" value="ⲣⲁⲛ"/>
		<feat xlink:href="#sSpan127" value="ⲡⲉ"/>
		<feat xlink:href="#sSpan132" value="ⲃⲟⲉⲥ"/>
		<feat xlink:href="#sSpan136" value="ⲡⲉϫⲉ"/>
		<feat xlink:href="#sSpan145" value="ϩⲣⲟⲩⲑ"/>
		<feat xlink:href="#sSpan149" value="ⲇⲉ"/>
		<feat xlink:href="#sSpan153" value="ⲧ"/>
		<feat xlink:href="#sSpan158" value="ⲙⲱⲁⲃⲓⲧⲏⲥ"/>
		<feat xlink:href="#sSpan160" value="ⲛ"/>
		<feat xlink:href="#sSpan165" value="ⲛⲟⲉⲙⲓⲛ"/>
		<feat xlink:href="#sSpan168" value="ϫⲉ"/>
		<feat xlink:href="#sSpan172" value="ⲧⲁ"/>
		<feat xlink:href="#sSpan174" value="ⲃⲱⲕ"/>
		<feat xlink:href="#sSpan177" value="ⲉⲃⲟⲗ"/>
		<feat xlink:href="#sSpan181" value="ⲉ"/>
		<feat xlink:href="#sSpan185" value="ⲧ"/>
		<feat xlink:href="#sSpan188" value="ⲥⲱϣⲉ"/>
		<feat xlink:href="#sSpan190" value="ⲧⲁ"/>
		<feat xlink:href="#sSpan194" value="ⲥⲣⲓⲧ"/>
		<feat xlink:href="#sSpan196" value="ϩⲛ"/>
		<feat xlink:href="#sSpan200" value="ⲛ"/>
		<feat xlink:href="#sSpan203" value="ϩⲙⲥ"/>
		<feat xlink:href="#sSpan205" value="ϩⲁⲣⲁⲧ"/>
		<feat xlink:href="#sSpan209" value="ϥ"/>
		<feat xlink:href="#sSpan211" value="ⲙ"/>
		<feat xlink:href="#sSpan215" value="ⲡ"/>
		<feat xlink:href="#sSpan218" value="ⲉⲧ"/>
		<feat xlink:href="#sSpan220" value="ⲓ"/>
		<feat xlink:href="#sSpan222" value="ⲛⲁ"/>
		<feat xlink:href="#sSpan225" value="ϭⲛⲭⲁⲣⲓⲥ"/>
		<feat xlink:href="#sSpan229" value="ⲛⲛⲁϩⲣⲁ"/>
		<feat xlink:href="#sSpan233" value="ϥ"/>
		<feat xlink:href="#sSpan235" value="ⲡⲉϫⲉ"/>
		<feat xlink:href="#sSpan240" value="ⲛⲟⲉⲙⲓⲛ"/>
		<feat xlink:href="#sSpan243" value="ⲛⲁ"/>
		<feat xlink:href="#sSpan247" value="ⲥ"/>
		<feat xlink:href="#sSpan249" value="ϫⲉ"/>
		<feat xlink:href="#sSpan253" value="ⲃⲱⲕ"/>
		<feat xlink:href="#sSpan255" value="ⲧⲁ"/>
		<feat xlink:href="#sSpan260" value="ϣⲉⲉⲣⲉ"/>
		<feat xlink:href="#sSpan262" value="ⲁ"/>
		<feat xlink:href="#sSpan270" value="ⲥ"/>
		<feat xlink:href="#sSpan272" value="ⲃⲱⲕ"/>
		<feat xlink:href="#sSpan275" value="ⲇⲉ"/>
		<feat xlink:href="#sSpan279" value="ⲁ"/>
		<feat xlink:href="#sSpan283" value="ⲥ"/>
		<feat xlink:href="#sSpan285" value="ⲥⲣⲓⲧ"/>
		<feat xlink:href="#sSpan287" value="ϩⲛ"/>
		<feat xlink:href="#sSpan291" value="ⲧ"/>
		<feat xlink:href="#sSpan294" value="ⲥⲱϣⲉ"/>
		<feat xlink:href="#sSpan296" value="ϩⲓ"/>
		<feat xlink:href="#sSpan300" value="ⲡⲁϩⲟⲩ"/>
		<feat xlink:href="#sSpan303" value="ⲛ"/>
		<feat xlink:href="#sSpan307" value="ⲛ"/>
		<feat xlink:href="#sSpan311" value="ϫⲁⲓⲟϩⲥ"/>
		<feat xlink:href="#sSpan314" value="ⲁⲩⲱ"/>
		<feat xlink:href="#sSpan318" value="ⲁ"/>
		<feat xlink:href="#sSpan322" value="ⲥ"/>
		<feat xlink:href="#sSpan325" value="ⲁⲡⲁⲛⲧⲁ"/>
		<feat xlink:href="#sSpan327" value="ⲉ"/>
		<feat xlink:href="#sSpan331" value="ⲧ"/>
		<feat xlink:href="#sSpan335" value="ⲙⲉⲣⲓⲥ"/>
		<feat xlink:href="#sSpan337" value="ⲛ"/>
		<feat xlink:href="#sSpan341" value="ⲧ"/>
		<feat xlink:href="#sSpan344" value="ⲥⲱϣⲉ"/>
		<feat xlink:href="#sSpan346" value="ⲛ"/>
		<feat xlink:href="#sSpan351" value="ⲃⲟⲉⲥ"/>
		<feat xlink:href="#sSpan354" value="ⲡⲉ"/>
		<feat xlink:href="#sSpan358" value="ⲉⲃⲟⲗ"/>
		<feat xlink:href="#sSpan361" value="ϩⲛ"/>
		<feat xlink:href="#sSpan365" value="ⲧ"/>
		<feat xlink:href="#sSpan368" value="ⲥⲩⲅⲅⲉⲛⲉⲓⲁ"/>
		<feat xlink:href="#sSpan370" value="ⲛ"/>
		<feat xlink:href="#sSpan375" value="ⲁⲃⲓⲙⲉⲗⲉⲭ"/>
		<feat xlink:href="#sSpan378" value="ⲁⲩⲱ"/>
		<feat xlink:href="#sSpan386" value="ⲉⲓⲥ"/>
		<feat xlink:href="#sSpan391" value="ⲃⲟⲉⲥ"/>
		<feat xlink:href="#sSpan396" value="ⲁ"/>
		<feat xlink:href="#sSpan400" value="ϥ"/>
		<feat xlink:href="#sSpan402" value="ⲉⲓ"/>
		<feat xlink:href="#sSpan405" value="ⲉⲃⲟⲗ"/>
		<feat xlink:href="#sSpan409" value="ϩⲛ"/>
		<feat xlink:href="#sSpan414" value="ⲃⲏⲑⲗⲉⲉⲙ"/>
		<feat xlink:href="#sSpan417" value="ⲡⲉϫⲁ"/>
		<feat xlink:href="#sSpan421" value="ϥ"/>
		<feat xlink:href="#sSpan423" value="ⲛ"/>
		<feat xlink:href="#sSpan427" value="ⲛⲉϥ"/>
		<feat xlink:href="#sSpan431" value="ϫⲁⲓⲟϩⲥ"/>
		<feat xlink:href="#sSpan434" value="ϫⲉ"/>
		<feat xlink:href="#sSpan438" value="ⲡ"/>
		<feat xlink:href="#sSpan441" value="ϫⲟⲉⲓⲥ"/>
		<feat xlink:href="#sSpan443" value="ⲉϥⲉ"/>
		<feat xlink:href="#sSpan447" value="ϣⲱⲡⲉ"/>
		<feat xlink:href="#sSpan449" value="ⲛⲙⲙⲏ"/>
		<feat xlink:href="#sSpan453" value="ⲧⲛ"/>
		<feat xlink:href="#sSpan455" value="ⲛⲧⲟⲟⲩ"/>
		<feat xlink:href="#sSpan459" value="ϩⲱ"/>
		<feat xlink:href="#sSpan463" value="ⲟⲩ"/>
		<feat xlink:href="#sSpan465" value="ⲡⲉϫⲁ"/>
		<feat xlink:href="#sSpan469" value="ⲩ"/>
		<feat xlink:href="#sSpan471" value="ⲛⲁ"/>
		<feat xlink:href="#sSpan475" value="ϥ"/>
		<feat xlink:href="#sSpan477" value="ϫⲉ"/>
		<feat xlink:href="#sSpan481" value="ⲉⲣⲉ"/>
		<feat xlink:href="#sSpan483" value="ⲡ"/>
		<feat xlink:href="#sSpan486" value="ϫⲟⲉⲓⲥ"/>
		<feat xlink:href="#sSpan488" value="ⲥⲙⲟⲩ"/>
		<feat xlink:href="#sSpan492" value="ⲉⲣⲟ"/>
		<feat xlink:href="#sSpan496" value="ⲕ"/>
		<feat xlink:href="#sSpan498" value="ⲁⲩⲱ"/>
		<feat xlink:href="#sSpan507" value="ⲃⲟⲉⲥ"/>
		<feat xlink:href="#sSpan512" value="ⲡⲉϫⲁ"/>
		<feat xlink:href="#sSpan516" value="ϥ"/>
		<feat xlink:href="#sSpan518" value="ⲙ"/>
		<feat xlink:href="#sSpan522" value="ⲡ"/>
		<feat xlink:href="#sSpan525" value="ϩⲙϩⲁⲗ"/>
		<feat xlink:href="#sSpan527" value="ⲡ"/>
		<feat xlink:href="#sSpan531" value="ⲉⲧ"/>
		<feat xlink:href="#sSpan533" value="ϩⲓϫⲛ"/>
		<feat xlink:href="#sSpan535" value="ⲛ"/>
		<feat xlink:href="#sSpan538" value="ⲉⲧ"/>
		<feat xlink:href="#sSpan540" value="ⲱϩⲥ"/>
		<feat xlink:href="#sSpan542" value="ϫⲉ"/>
		<feat xlink:href="#sSpan546" value="ⲧⲁ"/>
		<feat xlink:href="#sSpan548" value="ⲛⲓⲙ"/>
		<feat xlink:href="#sSpan550" value="ⲧⲉ"/>
		<feat xlink:href="#sSpan554" value="ⲧⲉⲓ"/>
		<feat xlink:href="#sSpan559" value="ϣⲉⲉⲣⲉ"/>
		<feat xlink:href="#sSpan562" value="ϣⲏⲙ"/>
		<feat xlink:href="#sSpan566" value="ⲡ"/>
		<feat xlink:href="#sSpan575" value="ϩⲙϩⲁⲗ"/>
		<feat xlink:href="#sSpan578" value="ⲇⲉ"/>
		<feat xlink:href="#sSpan582" value="ⲉⲧ"/>
		<feat xlink:href="#sSpan586" value="ϩⲓϫⲛ"/>
		<feat xlink:href="#sSpan588" value="ⲛ"/>
		<feat xlink:href="#sSpan591" value="ⲉⲧ"/>
		<feat xlink:href="#sSpan593" value="ⲱϩⲥ"/>
		<feat xlink:href="#sSpan595" value="ⲁ"/>
		<feat xlink:href="#sSpan599" value="ϥ"/>
		<feat xlink:href="#sSpan601" value="ⲟⲩⲱϣⲃ"/>
		<feat xlink:href="#sSpan603" value="ⲉ"/>
		<feat xlink:href="#sSpan607" value="ϥ"/>
		<feat xlink:href="#sSpan609" value="ϫⲱ"/>
		<feat xlink:href="#sSpan611" value="ⲙⲙⲟ"/>
		<feat xlink:href="#sSpan615" value="ⲥ"/>
		<feat xlink:href="#sSpan617" value="ⲛⲁ"/>
		<feat xlink:href="#sSpan621" value="ϥ"/>
		<feat xlink:href="#sSpan623" value="ϫⲉ"/>
		<feat xlink:href="#sSpan627" value="ⲧⲁⲓ"/>
		<feat xlink:href="#sSpan630" value="ⲧⲉ"/>
		<feat xlink:href="#sSpan634" value="ϣⲉⲉⲣⲉ"/>
		<feat xlink:href="#sSpan640" value="ϣⲏⲙ"/>
		<feat xlink:href="#sSpan645" value="ⲙ"/>
		<feat xlink:href="#sSpan650" value="ⲙⲱⲁⲃⲓⲧⲏⲥ"/>
		<feat xlink:href="#sSpan652" value="ⲧ"/>
		<feat xlink:href="#sSpan656" value="ⲉⲛⲧ"/>
		<feat xlink:href="#sSpan658" value="ⲁ"/>
		<feat xlink:href="#sSpan660" value="ⲥ"/>
		<feat xlink:href="#sSpan662" value="ⲕⲧⲟ"/>
		<feat xlink:href="#sSpan664" value="ⲥ"/>
		<feat xlink:href="#sSpan666" value="ⲙⲛ"/>
		<feat xlink:href="#sSpan671" value="ⲛⲟⲉⲙⲓⲛ"/>
		<feat xlink:href="#sSpan674" value="ⲉⲃⲟⲗ"/>
		<feat xlink:href="#sSpan679" value="ϩⲛ"/>
		<feat xlink:href="#sSpan683" value="ⲧ"/>
		<feat xlink:href="#sSpan686" value="ⲥⲱϣⲉ"/>
		<feat xlink:href="#sSpan688" value="ⲙ"/>
		<feat xlink:href="#sSpan693" value="ⲙⲱⲁⲃ"/>
		<feat xlink:href="#sSpan696" value="ⲉ"/>
		<feat xlink:href="#sSpan704" value="ⲁ"/>
		<feat xlink:href="#sSpan706" value="ⲥ"/>
		<feat xlink:href="#sSpan708" value="ϫⲟⲟ"/>
		<feat xlink:href="#sSpan710" value="ⲥ"/>
		<feat xlink:href="#sSpan712" value="ϫⲉ"/>
		<feat xlink:href="#sSpan716" value="ϯ"/>
		<feat xlink:href="#sSpan718" value="ⲛⲁ"/>
		<feat xlink:href="#sSpan720" value="ⲃⲱⲕ"/>
		<feat xlink:href="#sSpan722" value="ⲧⲁ"/>
		<feat xlink:href="#sSpan726" value="ⲥⲣⲓⲧ"/>
		<feat xlink:href="#sSpan728" value="ⲛ"/>
		<feat xlink:href="#sSpan732" value="ⲧⲁ"/>
		<feat xlink:href="#sSpan734" value="ⲕⲱⲧϥ"/>
		<feat xlink:href="#sSpan736" value="ϩⲛ"/>
		<feat xlink:href="#sSpan740" value="ⲛ"/>
		<feat xlink:href="#sSpan743" value="ϩⲙⲥ"/>
		<feat xlink:href="#sSpan745" value="ϩⲓ"/>
		<feat xlink:href="#sSpan749" value="ⲡⲁϩⲟⲩ"/>
		<feat xlink:href="#sSpan752" value="ⲛ"/>
		<feat xlink:href="#sSpan756" value="ⲛ"/>
		<feat xlink:href="#sSpan760" value="ϫⲁⲓⲟϩⲥ"/>
		<feat xlink:href="#sSpan763" value="ⲛⲧⲉⲣⲉ"/>
		<feat xlink:href="#sSpan767" value="ⲥ"/>
		<feat xlink:href="#sSpan769" value="ⲉⲓ"/>
		<feat xlink:href="#sSpan772" value="ⲇⲉ"/>
		<feat xlink:href="#sSpan776" value="ⲙⲡ"/>
		<feat xlink:href="#sSpan780" value="ⲥ"/>
		<feat xlink:href="#sSpan782" value="ⲗⲟ"/>
		<feat xlink:href="#sSpan785" value="ⲉ"/>
		<feat xlink:href="#sSpan789" value="ⲥ"/>
		<feat xlink:href="#sSpan791" value="ⲁϩⲉ"/>
		<feat xlink:href="#sSpan793" value="ⲣⲁⲧ"/>
		<feat xlink:href="#sSpan795" value="ⲥ"/>
		<feat xlink:href="#sSpan797" value="ϫⲓⲛ"/>
		<feat xlink:href="#sSpan801" value="ϩⲧⲟⲟⲩⲉ"/>
		<feat xlink:href="#sSpan804" value="ϣⲁ"/>
		<feat xlink:href="#sSpan808" value="ⲡ"/>
		<feat xlink:href="#sSpan811" value="ⲛⲁⲩ"/>
		<feat xlink:href="#sSpan813" value="ⲛ"/>
		<feat xlink:href="#sSpan817" value="ⲣⲟⲩϩⲉ"/>
		<feat xlink:href="#sSpan819" value="ⲉ"/>
		<feat xlink:href="#sSpan823" value="ⲙⲡ"/>
		<feat xlink:href="#sSpan825" value="ⲥ"/>
		<feat xlink:href="#sSpan827" value="ⲙⲧⲟⲛ"/>
		<feat xlink:href="#sSpan829" value="ⲙⲙⲟ"/>
		<feat xlink:href="#sSpan833" value="ⲥ"/>
		<feat xlink:href="#sSpan835" value="ⲗⲁⲁⲩ"/>
		<feat xlink:href="#sSpan840" value="ϩⲛ"/>
		<feat xlink:href="#sSpan844" value="ⲧ"/>
		<feat xlink:href="#sSpan847" value="ⲥⲱϣⲉ"/>
		<feat xlink:href="#sSpan849" value="ⲁⲩⲱ"/>
		<feat xlink:href="#sSpan858" value="ⲃⲟⲉⲥ"/>
		<feat xlink:href="#sSpan863" value="ⲡⲉϫⲁ"/>
		<feat xlink:href="#sSpan867" value="ϥ"/>
		<feat xlink:href="#sSpan869" value="ⲛ"/>
		<feat xlink:href="#sSpan874" value="ϩⲣⲟⲩⲑ"/>
		<feat xlink:href="#sSpan877" value="ϫⲉ"/>
		<feat xlink:href="#sSpan881" value="ⲙⲡ"/>
		<feat xlink:href="#sSpan883" value="ⲉ"/>
		<feat xlink:href="#sSpan885" value="ⲥⲱⲧⲙ"/>
		<feat xlink:href="#sSpan887" value="ⲧⲁ"/>
		<feat xlink:href="#sSpan892" value="ϣⲉⲉⲣⲉ"/>
		<feat xlink:href="#sSpan894" value="ϫⲉ"/>
		<feat xlink:href="#sSpan898" value="ⲙⲡⲣ"/>
		<feat xlink:href="#sSpan900" value="ⲃⲱⲕ"/>
		<feat xlink:href="#sSpan903" value="ⲉϩⲣⲁⲓ"/>
		<feat xlink:href="#sSpan907" value="ⲉ"/>
		<feat xlink:href="#sSpan911" value="ⲕⲉ"/>
		<feat xlink:href="#sSpan914" value="ⲉⲓⲱϩⲉ"/>
		<feat xlink:href="#sSpan916" value="ⲛ"/>
		<feat xlink:href="#sSpan920" value="ϣⲙⲙⲟ"/>
		<feat xlink:href="#sSpan922" value="ⲉ"/>
		<feat xlink:href="#sSpan926" value="ⲥⲣⲓⲧ"/>
		<feat xlink:href="#sSpan928" value="ⲛϩⲏⲧ"/>
		<feat xlink:href="#sSpan932" value="ϥ"/>
		<feat xlink:href="#sSpan934" value="ⲛⲧⲟ"/>
		<feat xlink:href="#sSpan938" value="ϭⲉ"/>
		<feat xlink:href="#sSpan942" value="ⲙⲡⲣ"/>
		<feat xlink:href="#sSpan946" value="ⲣ"/>
		<feat xlink:href="#sSpan948" value="ⲡ"/>
		<feat xlink:href="#sSpan951" value="ⲃⲟⲗ"/>
		<feat xlink:href="#sSpan953" value="ⲙ"/>
		<feat xlink:href="#sSpan957" value="ⲡⲉⲓ"/>
		<feat xlink:href="#sSpan960" value="ⲙⲁ"/>
		<feat xlink:href="#sSpan963" value="ⲁⲗⲗⲁ"/>
		<feat xlink:href="#sSpan967" value="ⲧⲟϭ"/>
		<feat xlink:href="#sSpan971" value="ⲉ"/>
		<feat xlink:href="#sSpan973" value="ⲉ"/>
		<feat xlink:href="#sSpan977" value="ⲛⲁ"/>
		<feat xlink:href="#sSpan980" value="ⲕⲉ"/>
		<feat xlink:href="#sSpan982" value="ϣⲉⲉⲣⲉ"/>
		<feat xlink:href="#sSpan985" value="ϣⲏⲙ"/>
		<feat xlink:href="#sSpan989" value="ⲁⲩⲱ"/>
		<feat xlink:href="#sSpan997" value="ⲛⲟⲩ"/>
		<feat xlink:href="#sSpan1002" value="ⲃⲁⲗ"/>
		<feat xlink:href="#sSpan1004" value="ⲙⲁⲣ"/>
		<feat xlink:href="#sSpan1008" value="ⲟⲩ"/>
		<feat xlink:href="#sSpan1010" value="ϭⲱϣⲧ"/>
		<feat xlink:href="#sSpan1012" value="ⲉ"/>
		<feat xlink:href="#sSpan1016" value="ⲡ"/>
		<feat xlink:href="#sSpan1019" value="ⲙⲁ"/>
		<feat xlink:href="#sSpan1021" value="ⲉⲧ"/>
		<feat xlink:href="#sSpan1025" value="ⲟⲩ"/>
		<feat xlink:href="#sSpan1027" value="ⲛⲁ"/>
		<feat xlink:href="#sSpan1029" value="ⲱϩⲥ"/>
		<feat xlink:href="#sSpan1031" value="ⲛϩⲏⲧ"/>
		<feat xlink:href="#sSpan1035" value="ϥ"/>
		<feat xlink:href="#sSpan1037" value="ⲛ"/>
		<feat xlink:href="#sSpan1041" value="ⲧⲉ"/>
		<feat xlink:href="#sSpan1043" value="ⲃⲱⲕ"/>
		<feat xlink:href="#sSpan1045" value="ⲛ"/>
		<feat xlink:href="#sSpan1049" value="ⲧⲉ"/>
		<feat xlink:href="#sSpan1051" value="ⲟⲩⲁϩ"/>
		<feat xlink:href="#sSpan1053" value="ⲉ"/>
		<feat xlink:href="#sSpan1055" value="ⲛⲥⲱ"/>
		<feat xlink:href="#sSpan1059" value="ⲟⲩ"/>
		<feat xlink:href="#sSpan1061" value="ⲉⲓⲥ"/>
		<feat xlink:href="#sSpan1066" value="ϩⲏⲏⲧⲉ"/>
		<feat xlink:href="#sSpan1068" value="ⲁ"/>
		<feat xlink:href="#sSpan1072" value="ⲓ"/>
		<feat xlink:href="#sSpan1074" value="ϩⲱⲛ"/>
		<feat xlink:href="#sSpan1076" value="ⲉⲧⲟⲟⲧ"/>
		<feat xlink:href="#sSpan1080" value="ⲟⲩ"/>
		<feat xlink:href="#sSpan1082" value="ⲛ"/>
		<feat xlink:href="#sSpan1086" value="ⲛ"/>
		<feat xlink:href="#sSpan1089" value="ϣⲏⲣⲉ"/>
		<feat xlink:href="#sSpan1092" value="ϣⲏⲙ"/>
		<feat xlink:href="#sSpan1096" value="ⲉ"/>
		<feat xlink:href="#sSpan1100" value="ⲧⲙ"/>
		<feat xlink:href="#sSpan1102" value="ⲧⲣⲉ"/>
		<feat xlink:href="#sSpan1104" value="ⲩ"/>
		<feat xlink:href="#sSpan1106" value="ϫⲱϩ"/>
		<feat xlink:href="#sSpan1108" value="ⲉⲣⲟ"/>
		<feat xlink:href="#sSpan1112" value="ⲁⲩⲱ"/>
		<feat xlink:href="#sSpan1116" value="ⲉⲣϣⲁⲛ"/>
		<feat xlink:href="#sSpan1120" value="ⲉⲓⲃⲉ"/>
		<feat xlink:href="#sSpan1122" value="ⲉⲣⲉ"/>
		<feat xlink:href="#sSpan1126" value="ⲃⲱⲕ"/>
		<feat xlink:href="#sSpan1129" value="ⲉ"/>
		<feat xlink:href="#sSpan1133" value="ⲡ"/>
		<feat xlink:href="#sSpan1136" value="ⲙⲁ"/>
		<feat xlink:href="#sSpan1138" value="ⲛ"/>
		<feat xlink:href="#sSpan1142" value="ⲛⲉ"/>
		<feat xlink:href="#sSpan1146" value="ⲥⲕⲉⲩⲏ"/>
		<feat xlink:href="#sSpan1148" value="ⲛ"/>
		<feat xlink:href="#sSpan1152" value="ⲧⲉ"/>
		<feat xlink:href="#sSpan1154" value="ⲥⲱ"/>
		<feat xlink:href="#sSpan1156" value="ϩⲙ"/>
		<feat xlink:href="#sSpan1160" value="ⲡ"/>
		<feat xlink:href="#sSpan1163" value="ⲙⲁ"/>
		<feat xlink:href="#sSpan1165" value="ⲉⲧⲉⲣⲉ"/>
		<feat xlink:href="#sSpan1169" value="ⲛ"/>
		<feat xlink:href="#sSpan1172" value="ϣⲏⲣⲉ"/>
		<feat xlink:href="#sSpan1175" value="ϣⲏⲙ"/>
		<feat xlink:href="#sSpan1179" value="ⲛⲁ"/>
		<feat xlink:href="#sSpan1184" value="ⲙⲉϩⲙⲟⲟⲩ"/>
		<feat xlink:href="#sSpan1187" value="ⲉⲣⲟ"/>
		<feat xlink:href="#sSpan1191" value="ϥ"/>
		<feat xlink:href="#sSpan1193" value="ⲁⲩⲱ"/>
		<feat xlink:href="#sSpan1201" value="ⲁ"/>
		<feat xlink:href="#sSpan1205" value="ⲥ"/>
		<feat xlink:href="#sSpan1207" value="ⲡⲁϩⲧ"/>
		<feat xlink:href="#sSpan1209" value="ⲥ"/>
		<feat xlink:href="#sSpan1211" value="ⲉϫⲙ"/>
		<feat xlink:href="#sSpan1215" value="ⲡⲉⲥ"/>
		<feat xlink:href="#sSpan1218" value="ϩⲟ"/>
		<feat xlink:href="#sSpan1220" value="ⲉϫⲙ"/>
		<feat xlink:href="#sSpan1224" value="ⲡ"/>
		<feat xlink:href="#sSpan1227" value="ⲕⲁϩ"/>
		<feat xlink:href="#sSpan1229" value="ⲁ"/>
		<feat xlink:href="#sSpan1233" value="ⲥ"/>
		<feat xlink:href="#sSpan1235" value="ⲟⲩⲱϣⲧ"/>
		<feat xlink:href="#sSpan1237" value="ⲉ"/>
		<feat xlink:href="#sSpan1241" value="ⲥ"/>
		<feat xlink:href="#sSpan1243" value="ϫⲱ"/>
		<feat xlink:href="#sSpan1245" value="ⲙⲙⲟ"/>
		<feat xlink:href="#sSpan1249" value="ⲥ"/>
		<feat xlink:href="#sSpan1251" value="ⲛⲁ"/>
		<feat xlink:href="#sSpan1255" value="ϥ"/>
		<feat xlink:href="#sSpan1257" value="ϫⲉ"/>
		<feat xlink:href="#sSpan1261" value="ⲉⲓⲥ"/>
		<feat xlink:href="#sSpan1264" value="ϩⲏⲏⲧⲉ"/>
		<feat xlink:href="#sSpan1266" value="ⲁ"/>
		<feat xlink:href="#sSpan1270" value="ⲓ"/>
		<feat xlink:href="#sSpan1273" value="ϭⲛⲭⲁⲣⲓⲥ"/>
		<feat xlink:href="#sSpan1277" value="ⲛⲛⲁϩⲣⲁ"/>
		<feat xlink:href="#sSpan1281" value="ⲕ"/>
		<feat xlink:href="#sSpan1283" value="ⲉ"/>
		<feat xlink:href="#sSpan1287" value="ⲧⲣⲉ"/>
		<feat xlink:href="#sSpan1289" value="ⲕ"/>
		<feat xlink:href="#sSpan1291" value="ⲥⲟⲩⲱⲛ"/>
		<feat xlink:href="#sSpan1293" value="ⲧ"/>
		<feat xlink:href="#sSpan1295" value="ⲁⲩⲱ"/>
		<feat xlink:href="#sSpan1299" value="ⲁⲛⲟⲕ"/>
		<feat xlink:href="#sSpan1303" value="ⲁⲛⲅ"/>
		<feat xlink:href="#sSpan1307" value="ⲟⲩ"/>
		<feat xlink:href="#sSpan1312" value="ϣⲙⲙⲱ"/>
		<feat xlink:href="#sSpan1314" value="ⲁ"/>
		<feat xlink:href="#sSpan1322" value="ϥ"/>
		<feat xlink:href="#sSpan1324" value="ⲟⲩⲱϣⲃ"/>
		<feat xlink:href="#sSpan1326" value="ⲛϭⲓ"/>
		<feat xlink:href="#sSpan1331" value="ⲃⲟⲉⲥ"/>
		<feat xlink:href="#sSpan1334" value="ⲉ"/>
		<feat xlink:href="#sSpan1338" value="ϥ"/>
		<feat xlink:href="#sSpan1340" value="ϫⲱ"/>
		<feat xlink:href="#sSpan1342" value="ⲙⲙⲟ"/>
		<feat xlink:href="#sSpan1346" value="ⲥ"/>
		<feat xlink:href="#sSpan1348" value="ⲛⲁ"/>
		<feat xlink:href="#sSpan1352" value="ⲥ"/>
		<feat xlink:href="#sSpan1354" value="ϫⲉ"/>
		<feat xlink:href="#sSpan1358" value="ϩⲛ"/>
		<feat xlink:href="#sSpan1360" value="ⲟⲩ"/>
		<feat xlink:href="#sSpan1363" value="ⲧⲁⲩⲟ"/>
		<feat xlink:href="#sSpan1365" value="ⲁ"/>
		<feat xlink:href="#sSpan1369" value="ⲩ"/>
		<feat xlink:href="#sSpan1371" value="ⲧⲁⲟⲩⲟ"/>
		<feat xlink:href="#sSpan1373" value="ⲉⲣⲟ"/>
		<feat xlink:href="#sSpan1377" value="ⲓ"/>
		<feat xlink:href="#sSpan1379" value="ⲛ"/>
		<feat xlink:href="#sSpan1383" value="ⲛⲉ"/>
		<feat xlink:href="#sSpan1386" value="ϩⲃⲏⲩⲉ"/>
		<feat xlink:href="#sSpan1388" value="ⲉⲛⲧ"/>
		<feat xlink:href="#sSpan1392" value="ⲁ"/>
		<feat xlink:href="#sSpan1395" value="ⲁ"/>
		<feat xlink:href="#sSpan1397" value="ⲩ"/>
		<feat xlink:href="#sSpan1399" value="ⲙⲛ"/>
		<feat xlink:href="#sSpan1403" value="ⲧⲟⲩ"/>
		<feat xlink:href="#sSpan1406" value="ϣⲱⲙⲉ"/>
		<feat xlink:href="#sSpan1408" value="ⲙⲛⲛⲥⲁ"/>
		<feat xlink:href="#sSpan1412" value="ⲛⲧⲉ"/>
		<feat xlink:href="#sSpan1414" value="ⲡⲟⲩ"/>
		<feat xlink:href="#sSpan1417" value="ϩⲁⲓ"/>
		<feat xlink:href="#sSpan1419" value="ⲙⲟⲩ"/>
		<feat xlink:href="#sSpan1423" value="ⲁⲩⲱ"/>
		<feat xlink:href="#sSpan1427" value="ⲛ"/>
		<feat xlink:href="#sSpan1431" value="ⲧ"/>
		<feat xlink:href="#sSpan1433" value="ϩⲉ"/>
		<feat xlink:href="#sSpan1435" value="ⲉⲛⲧ"/>
		<feat xlink:href="#sSpan1439" value="ⲁ"/>
		<feat xlink:href="#sSpan1441" value="ⲕⲱ"/>
		<feat xlink:href="#sSpan1443" value="ⲛⲥⲱ"/>
		<feat xlink:href="#sSpan1447" value="ⲙ"/>
		<feat xlink:href="#sSpan1451" value="ⲡⲟⲩ"/>
		<feat xlink:href="#sSpan1454" value="ⲉⲓⲱⲧ"/>
		<feat xlink:href="#sSpan1456" value="ⲙⲛ"/>
		<feat xlink:href="#sSpan1460" value="ⲧⲟⲩ"/>
		<feat xlink:href="#sSpan1463" value="ⲙⲁⲁⲩ"/>
		<feat xlink:href="#sSpan1465" value="ⲙⲛ"/>
		<feat xlink:href="#sSpan1469" value="ⲡ"/>
		<feat xlink:href="#sSpan1472" value="ⲕⲁϩ"/>
		<feat xlink:href="#sSpan1474" value="ⲉⲛⲧ"/>
		<feat xlink:href="#sSpan1478" value="ⲁ"/>
		<feat xlink:href="#sSpan1480" value="ⲩ"/>
		<feat xlink:href="#sSpan1482" value="ϫⲡⲟ"/>
		<feat xlink:href="#sSpan1484" value="ⲛϩⲏⲧ"/>
		<feat xlink:href="#sSpan1488" value="ϥ"/>
		<feat xlink:href="#sSpan1490" value="ⲁ"/>
		<feat xlink:href="#sSpan1494" value="ⲃⲱⲕ"/>
		<feat xlink:href="#sSpan1497" value="ⲉⲣⲁⲧ"/>
		<feat xlink:href="#sSpan1501" value="ϥ"/>
		<feat xlink:href="#sSpan1503" value="ⲛ"/>
		<feat xlink:href="#sSpan1507" value="ⲟⲩ"/>
		<feat xlink:href="#sSpan1511" value="ⲗⲁⲟⲥ"/>
		<feat xlink:href="#sSpan1513" value="ⲉ"/>
		<feat xlink:href="#sSpan1517" value="ⲛ"/>
		<feat xlink:href="#sSpan1519" value="ⲧⲉ"/>
		<feat xlink:href="#sSpan1521" value="ⲥⲟⲟⲩⲛ"/>
		<feat xlink:href="#sSpan1523" value="ⲙⲙⲟ"/>
		<feat xlink:href="#sSpan1527" value="ϥ"/>
		<feat xlink:href="#sSpan1529" value="ⲁⲛ"/>
		<feat xlink:href="#sSpan1533" value="ⲛ"/>
		<feat xlink:href="#sSpan1537" value="ⲥⲁϥ"/>
		<feat xlink:href="#sSpan1540" value="ⲙⲛ"/>
		<feat xlink:href="#sSpan1544" value="ϣⲙⲧ"/>
		<feat xlink:href="#sSpan1547" value="ⲉ"/>
		<feat xlink:href="#sSpan1551" value="ⲡ"/>
		<feat xlink:href="#sSpan1554" value="ϩⲟⲟⲩ"/>
		<feat xlink:href="#sSpan1556" value="ⲛ"/>
		<feat xlink:href="#sSpan1560" value="ϩⲟⲟⲩ"/>
		<feat xlink:href="#sSpan1563" value="ⲉⲣⲉ"/>
		<feat xlink:href="#sSpan1567" value="ⲡ"/>
		<feat xlink:href="#sSpan1570" value="ϫⲟⲉⲓⲥ"/>
		<feat xlink:href="#sSpan1572" value="ⲧⲱⲱⲃⲉ"/>
		<feat xlink:href="#sSpan1576" value="ⲛ"/>
		<feat xlink:href="#sSpan1580" value="ⲉ"/>
		<feat xlink:href="#sSpan1582" value="ⲙ"/>
		<feat xlink:href="#sSpan1586" value="ⲡⲟⲩ"/>
		<feat xlink:href="#sSpan1589" value="ϩⲱⲃ"/>
		<feat xlink:href="#sSpan1591" value="ⲁⲩⲱ"/>
		<feat xlink:href="#sSpan1599" value="ⲉⲣⲉ"/>
		<feat xlink:href="#sSpan1603" value="ⲡⲟⲩ"/>
		<feat xlink:href="#sSpan1606" value="ⲃⲉⲕⲉ"/>
		<feat xlink:href="#sSpan1608" value="ϣⲱⲡⲉ"/>
		<feat xlink:href="#sSpan1612" value="ⲉ"/>
		<feat xlink:href="#sSpan1616" value="ϥ"/>
		<feat xlink:href="#sSpan1618" value="ϫⲏⲕ"/>
		<feat xlink:href="#sSpan1620" value="ⲉⲃⲟⲗ"/>
		<feat xlink:href="#sSpan1624" value="ⲛⲧⲟⲟⲧ"/>
		<feat xlink:href="#sSpan1628" value="ϥ"/>
		<feat xlink:href="#sSpan1630" value="ⲙ"/>
		<feat xlink:href="#sSpan1634" value="ⲡ"/>
		<feat xlink:href="#sSpan1637" value="ϫⲟⲉⲓⲥ"/>
		<feat xlink:href="#sSpan1639" value="ⲡ"/>
		<feat xlink:href="#sSpan1643" value="ⲛⲟⲩⲧⲉ"/>
		<feat xlink:href="#sSpan1645" value="ⲙ"/>
		<feat xlink:href="#sSpan1649" value="ⲡ"/>
		<feat xlink:href="#sSpan1653" value="ⲓⲥⲣⲁⲏⲗ"/>
		<feat xlink:href="#sSpan1655" value="ⲡ"/>
		<feat xlink:href="#sSpan1659" value="ⲉⲛⲧ"/>
		<feat xlink:href="#sSpan1661" value="ⲁ"/>
		<feat xlink:href="#sSpan1663" value="ϯ"/>
		<feat xlink:href="#sSpan1665" value="ⲡⲟⲩ"/>
		<feat xlink:href="#sSpan1667" value="ⲟⲩⲟⲓ"/>
		<feat xlink:href="#sSpan1669" value="ⲉϩⲟⲩⲛ"/>
		<feat xlink:href="#sSpan1673" value="ⲉⲣⲟ"/>
		<feat xlink:href="#sSpan1677" value="ϥ"/>
		<feat xlink:href="#sSpan1679" value="ⲉ"/>
		<feat xlink:href="#sSpan1683" value="ⲧⲣ"/>
		<feat xlink:href="#sSpan1685" value="ⲉ"/>
		<feat xlink:href="#sSpan1687" value="ⲛⲁϩⲧⲉ"/>
		<feat xlink:href="#sSpan1689" value="ϩⲁ"/>
		<feat xlink:href="#sSpan1693" value="ⲛⲉϥ"/>
		<feat xlink:href="#sSpan1696" value="ⲧⲛϩ"/>
		<feat xlink:href="#sSpan1698" value="ⲛⲧⲟⲥ"/>
		<feat xlink:href="#sSpan1707" value="ⲇⲉ"/>
		<feat xlink:href="#sSpan1711" value="ⲡⲉϫⲁ"/>
		<feat xlink:href="#sSpan1715" value="ⲥ"/>
		<feat xlink:href="#sSpan1717" value="ϫⲉ"/>
		<feat xlink:href="#sSpan1721" value="ⲡ"/>
		<feat xlink:href="#sSpan1724" value="ϫⲟⲉⲓⲥ"/>
		<feat xlink:href="#sSpan1726" value="ⲉⲓⲉ"/>
		<feat xlink:href="#sSpan1731" value="ϭⲛⲭⲁⲣⲓⲥ"/>
		<feat xlink:href="#sSpan1735" value="ⲛⲛⲁϩⲣⲁ"/>
		<feat xlink:href="#sSpan1739" value="ⲕ"/>
		<feat xlink:href="#sSpan1741" value="ϫⲉ"/>
		<feat xlink:href="#sSpan1745" value="ⲁ"/>
		<feat xlink:href="#sSpan1747" value="ⲕ"/>
		<feat xlink:href="#sSpan1749" value="ⲥⲗⲥⲱⲗ"/>
		<feat xlink:href="#sSpan1751" value="ⲧ"/>
		<feat xlink:href="#sSpan1753" value="ⲁⲩⲱ"/>
		<feat xlink:href="#sSpan1757" value="ϫⲉ"/>
		<feat xlink:href="#sSpan1761" value="ⲁ"/>
		<feat xlink:href="#sSpan1763" value="ⲕ"/>
		<feat xlink:href="#sSpan1765" value="ϣⲁϫⲉ"/>
		<feat xlink:href="#sSpan1767" value="ⲉϩⲣⲁⲓ"/>
		<feat xlink:href="#sSpan1771" value="ⲉ"/>
		<feat xlink:href="#sSpan1775" value="ⲡ"/>
		<feat xlink:href="#sSpan1778" value="ϩⲏⲧ"/>
		<feat xlink:href="#sSpan1780" value="ⲛ"/>
		<feat xlink:href="#sSpan1784" value="ⲧⲉⲕ"/>
		<feat xlink:href="#sSpan1787" value="ϩⲙϩⲁⲗ"/>
		<feat xlink:href="#sSpan1789" value="ⲉⲓⲥ"/>
		<feat xlink:href="#sSpan1794" value="ϩⲏⲏⲧⲉ"/>
		<feat xlink:href="#sSpan1796" value="ⲁⲛⲟⲕ"/>
		<feat xlink:href="#sSpan1800" value="ϯ"/>
		<feat xlink:href="#sSpan1804" value="ⲛⲁ"/>
		<feat xlink:href="#sSpan1806" value="ϣⲱⲡⲉ"/>
		<feat xlink:href="#sSpan1808" value="ⲛⲁ"/>
		<feat xlink:href="#sSpan1812" value="ⲕ"/>
		<feat xlink:href="#sSpan1814" value="ⲛ"/>
		<feat xlink:href="#sSpan1818" value="ⲧ"/>
		<feat xlink:href="#sSpan1820" value="ϩⲉ"/>
		<feat xlink:href="#sSpan1822" value="ⲛ"/>
		<feat xlink:href="#sSpan1826" value="ⲟⲩⲉⲓ"/>
		<feat xlink:href="#sSpan1829" value="ⲛ"/>
		<feat xlink:href="#sSpan1833" value="ⲛⲉⲕ"/>
		<feat xlink:href="#sSpan1836" value="ϩⲙϩⲁⲗ"/>
		<feat xlink:href="#sSpan1838" value="ⲡⲉϫⲉ"/>
		<feat xlink:href="#sSpan1847" value="ⲃⲟⲉⲥ"/>
		<feat xlink:href="#sSpan1850" value="ⲛⲁ"/>
		<feat xlink:href="#sSpan1854" value="ⲥ"/>
		<feat xlink:href="#sSpan1856" value="ϫⲉ"/>
		<feat xlink:href="#sSpan1861" value="ⲏⲇⲏ"/>
		<feat xlink:href="#sSpan1863" value="ⲁ"/>
		<feat xlink:href="#sSpan1867" value="ⲡ"/>
		<feat xlink:href="#sSpan1870" value="ⲛⲁⲩ"/>
		<feat xlink:href="#sSpan1872" value="ⲛ"/>
		<feat xlink:href="#sSpan1876" value="ⲟⲩⲱⲙ"/>
		<feat xlink:href="#sSpan1878" value="ϣⲱⲡⲉ"/>
		<feat xlink:href="#sSpan1882" value="ϯ"/>
		<feat xlink:href="#sSpan1886" value="ⲡⲟⲩ"/>
		<feat xlink:href="#sSpan1888" value="ⲟⲩⲟⲓ"/>
		<feat xlink:href="#sSpan1890" value="ⲉϩⲟⲩⲛ"/>
		<feat xlink:href="#sSpan1894" value="ⲉ"/>
		<feat xlink:href="#sSpan1898" value="ⲡⲉⲓ"/>
		<feat xlink:href="#sSpan1901" value="ⲙⲁ"/>
		<feat xlink:href="#sSpan1903" value="ⲛ"/>
		<feat xlink:href="#sSpan1907" value="ⲧⲉ"/>
		<feat xlink:href="#sSpan1909" value="ⲟⲩⲱⲙ"/>
		<feat xlink:href="#sSpan1911" value="ⲉⲃⲟⲗ"/>
		<feat xlink:href="#sSpan1916" value="ϩⲛ"/>
		<feat xlink:href="#sSpan1920" value="ⲛⲉⲛ"/>
		<feat xlink:href="#sSpan1923" value="ⲟⲉⲓⲕ"/>
		<feat xlink:href="#sSpan1925" value="ⲁⲩⲱ"/>
		<feat xlink:href="#sSpan1929" value="ⲛ"/>
		<feat xlink:href="#sSpan1933" value="ⲧⲉ"/>
		<feat xlink:href="#sSpan1935" value="ⲥⲉⲡ"/>
		<feat xlink:href="#sSpan1937" value="ⲧⲟⲩ"/>
		<feat xlink:href="#sSpan1940" value="ⲗⲁⲕⲙ"/>
		<feat xlink:href="#sSpan1942" value="ϩⲙ"/>
		<feat xlink:href="#sSpan1946" value="ⲡ"/>
		<feat xlink:href="#sSpan1949" value="ϩⲙϫ"/>
		<feat xlink:href="#sSpan1951" value="ⲁⲩⲱ"/>
		<feat xlink:href="#sSpan1956" value="ϩⲣⲟⲩⲑ"/>
		<feat xlink:href="#sSpan1961" value="ⲁ"/>
		<feat xlink:href="#sSpan1965" value="ⲥ"/>
		<feat xlink:href="#sSpan1967" value="ϩⲙⲟⲟⲥ"/>
		<feat xlink:href="#sSpan1969" value="ⲉϩⲣⲁⲓ"/>
		<feat xlink:href="#sSpan1973" value="ⲛⲥⲁ"/>
		<feat xlink:href="#sSpan1977" value="ⲥⲡⲓⲣ"/>
		<feat xlink:href="#sSpan1980" value="ⲛ"/>
		<feat xlink:href="#sSpan1984" value="ⲛ"/>
		<feat xlink:href="#sSpan1987" value="ⲉⲧ"/>
		<feat xlink:href="#sSpan1989" value="ⲱϩⲥ"/>
		<feat xlink:href="#sSpan1991" value="ⲁ"/>
		<feat xlink:href="#sSpan1996" value="ⲃⲟⲉⲥ"/>
		<feat xlink:href="#sSpan1999" value="ⲧⲁⲙⲓⲟ"/>
		<feat xlink:href="#sSpan2003" value="ⲛⲁ"/>
		<feat xlink:href="#sSpan2007" value="ⲥ"/>
		<feat xlink:href="#sSpan2009" value="ⲙ"/>
		<feat xlink:href="#sSpan2014" value="ⲡ"/>
		<feat xlink:href="#sSpan2016" value="ⲉⲧ"/>
		<feat xlink:href="#sSpan2018" value="ⲥ"/>
		<feat xlink:href="#sSpan2020" value="ⲛⲁ"/>
		<feat xlink:href="#sSpan2022" value="ⲟⲩⲟⲙ"/>
		<feat xlink:href="#sSpan2024" value="ϥ"/>
		<feat xlink:href="#sSpan2026" value="ⲁ"/>
		<feat xlink:href="#sSpan2030" value="ⲥ"/>
		<feat xlink:href="#sSpan2032" value="ⲟⲩⲱⲙ"/>
		<feat xlink:href="#sSpan2034" value="ⲁ"/>
		<feat xlink:href="#sSpan2038" value="ⲥ"/>
		<feat xlink:href="#sSpan2040" value="ⲥⲉⲓ"/>
		<feat xlink:href="#sSpan2042" value="ⲁ"/>
		<feat xlink:href="#sSpan2046" value="ⲥ"/>
		<feat xlink:href="#sSpan2048" value="ⲕⲱ"/>
		<feat xlink:href="#sSpan2051" value="ⲉ"/>
		<feat xlink:href="#sSpan2055" value="ⲡⲁϩⲟⲩ"/>
		<feat xlink:href="#sSpan2058" value="ⲙ"/>
		<feat xlink:href="#sSpan2062" value="ⲡ"/>
		<feat xlink:href="#sSpan2065" value="ⲥⲉⲉⲡⲉ"/>
		<feat xlink:href="#sSpan2067" value="ⲁⲩⲱ"/>
		<feat xlink:href="#sSpan2075" value="ⲁ"/>
		<feat xlink:href="#sSpan2079" value="ⲥ"/>
		<feat xlink:href="#sSpan2081" value="ⲧⲱⲟⲩⲛ"/>
		<feat xlink:href="#sSpan2083" value="ⲉ"/>
		<feat xlink:href="#sSpan2087" value="ⲧⲣⲉ"/>
		<feat xlink:href="#sSpan2089" value="ⲥ"/>
		<feat xlink:href="#sSpan2091" value="ⲥⲣⲓⲧ"/>
		<feat xlink:href="#sSpan2094" value="ⲃⲟⲉⲥ"/>
		<feat xlink:href="#sSpan2100" value="ⲇⲉ"/>
		<feat xlink:href="#sSpan2104" value="ⲁ"/>
		<feat xlink:href="#sSpan2108" value="ϥ"/>
		<feat xlink:href="#sSpan2110" value="ϩⲱⲛ"/>
		<feat xlink:href="#sSpan2112" value="ⲉⲧⲟⲟⲧ"/>
		<feat xlink:href="#sSpan2116" value="ⲟⲩ"/>
		<feat xlink:href="#sSpan2118" value="ⲛ"/>
		<feat xlink:href="#sSpan2122" value="ⲛⲉϥ"/>
		<feat xlink:href="#sSpan2125" value="ϩⲙϩⲁⲗ"/>
		<feat xlink:href="#sSpan2127" value="ⲉ"/>
		<feat xlink:href="#sSpan2131" value="ϥ"/>
		<feat xlink:href="#sSpan2133" value="ϫⲱ"/>
		<feat xlink:href="#sSpan2135" value="ⲙⲙⲟ"/>
		<feat xlink:href="#sSpan2139" value="ⲥ"/>
		<feat xlink:href="#sSpan2141" value="ⲛⲁ"/>
		<feat xlink:href="#sSpan2145" value="ⲩ"/>
		<feat xlink:href="#sSpan2147" value="ϫⲉ"/>
		<feat xlink:href="#sSpan2151" value="ⲙⲁⲣⲉ"/>
		<feat xlink:href="#sSpan2153" value="ⲥ"/>
		<feat xlink:href="#sSpan2155" value="ⲕⲱⲧϥ"/>
		<feat xlink:href="#sSpan2157" value="ϩⲛ"/>
		<feat xlink:href="#sSpan2161" value="ⲧ"/>
		<feat xlink:href="#sSpan2164" value="ⲙⲏⲧⲉ"/>
		<feat xlink:href="#sSpan2166" value="ⲛ"/>
		<feat xlink:href="#sSpan2170" value="ⲛⲉ"/>
		<feat xlink:href="#sSpan2173" value="ⲕⲛⲁⲁⲩ"/>
		<feat xlink:href="#sSpan2175" value="ⲛ"/>
		<feat xlink:href="#sSpan2179" value="ⲧⲉⲧⲛ"/>
		<feat xlink:href="#sSpan2181" value="ⲧⲙ"/>
		<feat xlink:href="#sSpan2184" value="ϯϣⲓⲡⲉ"/>
		<feat xlink:href="#sSpan2187" value="ⲛⲁ"/>
		<feat xlink:href="#sSpan2191" value="ⲥ"/>
		<feat xlink:href="#sSpan2193" value="ⲁⲩⲱ"/>
		<feat xlink:href="#sSpan2201" value="ϩⲛ"/>
		<feat xlink:href="#sSpan2205" value="ⲟⲩ"/>
		<feat xlink:href="#sSpan2208" value="ⲧⲱⲟⲩⲛ"/>
		<feat xlink:href="#sSpan2210" value="ⲉⲧⲉⲧⲛⲉ"/>
		<feat xlink:href="#sSpan2214" value="ⲧⲱⲟⲩⲛ"/>
		<feat xlink:href="#sSpan2216" value="ⲛⲁ"/>
		<feat xlink:href="#sSpan2220" value="ⲥ"/>
		<feat xlink:href="#sSpan2222" value="ⲁⲩⲱ"/>
		<feat xlink:href="#sSpan2226" value="ϩⲛ"/>
		<feat xlink:href="#sSpan2230" value="ⲟⲩ"/>
		<feat xlink:href="#sSpan2233" value="ϯ"/>
		<feat xlink:href="#sSpan2235" value="ⲉⲧⲉⲧⲛⲉ"/>
		<feat xlink:href="#sSpan2239" value="ϯ"/>
		<feat xlink:href="#sSpan2241" value="ⲛⲁ"/>
		<feat xlink:href="#sSpan2245" value="ⲥ"/>
		<feat xlink:href="#sSpan2247" value="ⲉⲃⲟⲗ"/>
		<feat xlink:href="#sSpan2252" value="ϩⲛ"/>
		<feat xlink:href="#sSpan2256" value="ⲛ"/>
		<feat xlink:href="#sSpan2259" value="ⲉⲧ"/>
		<feat xlink:href="#sSpan2261" value="ⲧⲁⲙⲓⲏⲩ"/>
		<feat xlink:href="#sSpan2263" value="ⲛ"/>
		<feat xlink:href="#sSpan2267" value="ⲥ"/>
		<feat xlink:href="#sSpan2269" value="ⲟⲩⲱⲙ"/>
		<feat xlink:href="#sSpan2271" value="ⲁⲩⲱ"/>
		<feat xlink:href="#sSpan2275" value="ⲛ"/>
		<feat xlink:href="#sSpan2279" value="ⲥ"/>
		<feat xlink:href="#sSpan2281" value="ⲕⲱⲧϥ"/>
		<feat xlink:href="#sSpan2283" value="ⲟⲛ"/>
		<feat xlink:href="#sSpan2287" value="ⲛ"/>
		<feat xlink:href="#sSpan2291" value="ⲧⲉⲧⲛ"/>
		<feat xlink:href="#sSpan2293" value="ⲧⲙ"/>
		<feat xlink:href="#sSpan2295" value="ⲛⲟϣⲡ"/>
		<feat xlink:href="#sSpan2297" value="ⲥ"/>
		<feat xlink:href="#sSpan2299" value="ⲁⲩⲱ"/>
		<feat xlink:href="#sSpan2307" value="ⲁ"/>
		<feat xlink:href="#sSpan2311" value="ⲥ"/>
		<feat xlink:href="#sSpan2313" value="ϭⲱ"/>
		<feat xlink:href="#sSpan2316" value="ⲉ"/>
		<feat xlink:href="#sSpan2320" value="ⲥ"/>
		<feat xlink:href="#sSpan2322" value="ⲕⲱⲧϥ"/>
		<feat xlink:href="#sSpan2324" value="ϩⲛ"/>
		<feat xlink:href="#sSpan2328" value="ⲧ"/>
		<feat xlink:href="#sSpan2331" value="ⲥⲱϣⲉ"/>
		<feat xlink:href="#sSpan2333" value="ϣⲁ"/>
		<feat xlink:href="#sSpan2337" value="ⲡ"/>
		<feat xlink:href="#sSpan2340" value="ⲛⲁⲩ"/>
		<feat xlink:href="#sSpan2342" value="ⲛ"/>
		<feat xlink:href="#sSpan2346" value="ⲣⲟⲩϩⲉ"/>
		<feat xlink:href="#sSpan2348" value="ⲁⲩⲱ"/>
		<feat xlink:href="#sSpan2352" value="ⲛ"/>
		<feat xlink:href="#sSpan2357" value="ⲉⲛⲧ"/>
		<feat xlink:href="#sSpan2359" value="ⲁ"/>
		<feat xlink:href="#sSpan2361" value="ⲥ"/>
		<feat xlink:href="#sSpan2363" value="ⲕⲟⲧϥ"/>
		<feat xlink:href="#sSpan2365" value="ⲟⲩ"/>
		<feat xlink:href="#sSpan2367" value="ⲁ"/>
		<feat xlink:href="#sSpan2371" value="ⲥ"/>
		<feat xlink:href="#sSpan2373" value="ⲟⲩⲉϣⲟⲩⲱϣ"/>
		<feat xlink:href="#sSpan2375" value="ⲟⲩ"/>
		<feat xlink:href="#sSpan2377" value="ⲁ"/>
		<feat xlink:href="#sSpan2381" value="ⲩ"/>
		<feat xlink:href="#sSpan2383" value="ⲣ"/>
		<feat xlink:href="#sSpan2385" value="ⲟⲩ"/>
		<feat xlink:href="#sSpan2388" value="ϣⲓ"/>
		<feat xlink:href="#sSpan2390" value="ⲛ"/>
		<feat xlink:href="#sSpan2394" value="ⲉⲓⲱⲧ"/>
		<feat xlink:href="#sSpan2396" value="ⲁ"/>
		<feat xlink:href="#sSpan2404" value="ⲥ"/>
		<feat xlink:href="#sSpan2406" value="ϥⲓⲧ"/>
		<feat xlink:href="#sSpan2408" value="ⲟⲩ"/>
		<feat xlink:href="#sSpan2410" value="ⲁ"/>
		<feat xlink:href="#sSpan2414" value="ⲥ"/>
		<feat xlink:href="#sSpan2416" value="ⲃⲱⲕ"/>
		<feat xlink:href="#sSpan2419" value="ⲉϩⲟⲩⲛ"/>
		<feat xlink:href="#sSpan2423" value="ⲉ"/>
		<feat xlink:href="#sSpan2427" value="ⲧ"/>
		<feat xlink:href="#sSpan2431" value="ⲡⲟⲗⲓⲥ"/>
		<feat xlink:href="#sSpan2433" value="ⲁⲩⲱ"/>
		<feat xlink:href="#sSpan2437" value="ⲧⲉⲥ"/>
		<feat xlink:href="#sSpan2442" value="ϣⲱⲙⲉ"/>
		<feat xlink:href="#sSpan2444" value="ⲁ"/>
		<feat xlink:href="#sSpan2448" value="ⲥ"/>
		<feat xlink:href="#sSpan2450" value="ⲛⲁⲩ"/>
		<feat xlink:href="#sSpan2452" value="ⲉ"/>
		<feat xlink:href="#sSpan2456" value="ⲛ"/>
		<feat xlink:href="#sSpan2459" value="ⲉⲛⲧ"/>
		<feat xlink:href="#sSpan2461" value="ⲁ"/>
		<feat xlink:href="#sSpan2463" value="ⲥ"/>
		<feat xlink:href="#sSpan2465" value="ⲕⲟⲧϥ"/>
		<feat xlink:href="#sSpan2467" value="ⲟⲩ"/>
		<feat xlink:href="#sSpan2469" value="ⲁⲩⲱ"/>
		<feat xlink:href="#sSpan2474" value="ϩⲣⲟⲩⲑ"/>
		<feat xlink:href="#sSpan2479" value="ⲁ"/>
		<feat xlink:href="#sSpan2483" value="ⲥ"/>
		<feat xlink:href="#sSpan2485" value="ⲉⲓⲛⲉ"/>
		<feat xlink:href="#sSpan2488" value="ⲉⲃⲟⲗ"/>
		<feat xlink:href="#sSpan2492" value="ϩⲛ"/>
		<feat xlink:href="#sSpan2496" value="ⲛ"/>
		<feat xlink:href="#sSpan2499" value="ⲉⲛⲧ"/>
		<feat xlink:href="#sSpan2501" value="ⲁ"/>
		<feat xlink:href="#sSpan2503" value="ⲩ"/>
		<feat xlink:href="#sSpan2505" value="ⲥⲉⲉⲡⲉ"/>
		<feat xlink:href="#sSpan2507" value="ⲉⲣⲟ"/>
		<feat xlink:href="#sSpan2511" value="ⲥ"/>
		<feat xlink:href="#sSpan2513" value="ϩⲛ"/>
		<feat xlink:href="#sSpan2517" value="ⲛ"/>
		<feat xlink:href="#sSpan2520" value="ⲉⲛⲧ"/>
		<feat xlink:href="#sSpan2522" value="ⲁ"/>
		<feat xlink:href="#sSpan2524" value="ⲥ"/>
		<feat xlink:href="#sSpan2526" value="ⲥⲉⲓ"/>
		<feat xlink:href="#sSpan2528" value="ⲛϩⲏⲧ"/>
		<feat xlink:href="#sSpan2532" value="ⲟⲩ"/>
		<feat xlink:href="#sSpan2534" value="ⲁ"/>
		<feat xlink:href="#sSpan2538" value="ⲥ"/>
		<feat xlink:href="#sSpan2540" value="ⲧⲁⲁ"/>
		<feat xlink:href="#sSpan2542" value="ⲩ"/>
		<feat xlink:href="#sSpan2544" value="ⲛⲁ"/>
		<feat xlink:href="#sSpan2548" value="ⲥ"/>
		<feat xlink:href="#sSpan2550" value="ⲁⲩⲱ"/>
		<feat xlink:href="#sSpan2558" value="ⲧⲉⲥ"/>
		<feat xlink:href="#sSpan2563" value="ϣⲱⲙⲉ"/>
		<feat xlink:href="#sSpan2565" value="ⲡⲉϫⲁ"/>
		<feat xlink:href="#sSpan2569" value="ⲥ"/>
		<feat xlink:href="#sSpan2571" value="ⲛⲁ"/>
		<feat xlink:href="#sSpan2575" value="ⲥ"/>
		<feat xlink:href="#sSpan2577" value="ϫⲉ"/>
		<feat xlink:href="#sSpan2581" value="ⲛⲧ"/>
		<feat xlink:href="#sSpan2583" value="ⲁ"/>
		<feat xlink:href="#sSpan2585" value="ⲕⲱⲧϥ"/>
		<feat xlink:href="#sSpan2587" value="ⲧⲱⲛ"/>
		<feat xlink:href="#sSpan2591" value="ⲙ"/>
		<feat xlink:href="#sSpan2595" value="ⲡ"/>
		<feat xlink:href="#sSpan2598" value="ϩⲟⲟⲩ"/>
		<feat xlink:href="#sSpan2600" value="ⲁⲩⲱ"/>
		<feat xlink:href="#sSpan2604" value="ⲛⲧ"/>
		<feat xlink:href="#sSpan2608" value="ⲁ"/>
		<feat xlink:href="#sSpan2610" value="ⲧⲁⲙⲓⲟ"/>
		<feat xlink:href="#sSpan2612" value="ⲟⲩ"/>
		<feat xlink:href="#sSpan2614" value="ⲧⲱⲛ"/>
		<feat xlink:href="#sSpan2618" value="ⲉϥⲉ"/>
		<feat xlink:href="#sSpan2622" value="ϣⲱⲡⲉ"/>
		<feat xlink:href="#sSpan2624" value="ⲛϭⲓ"/>
		<feat xlink:href="#sSpan2628" value="ⲡ"/>
		<feat xlink:href="#sSpan2631" value="ⲉⲛⲧ"/>
		<feat xlink:href="#sSpan2633" value="ⲁ"/>
		<feat xlink:href="#sSpan2635" value="ϥ"/>
		<feat xlink:href="#sSpan2637" value="ⲥⲟⲩⲱⲛ"/>
		<feat xlink:href="#sSpan2639" value="ⲉ"/>
		<feat xlink:href="#sSpan2641" value="ⲉ"/>
		<feat xlink:href="#sSpan2645" value="ϥ"/>
		<feat xlink:href="#sSpan2647" value="ⲥⲙⲁⲙⲁⲁⲧ"/>
		<feat xlink:href="#sSpan2649" value="ⲁⲩⲱ"/>
		<feat xlink:href="#sSpan2654" value="ϩⲣⲟⲩⲑ"/>
		<feat xlink:href="#sSpan2659" value="ⲁ"/>
		<feat xlink:href="#sSpan2663" value="ⲥ"/>
		<feat xlink:href="#sSpan2665" value="ⲧⲁⲙⲉ"/>
		<feat xlink:href="#sSpan2667" value="ⲧⲉⲥ"/>
		<feat xlink:href="#sSpan2670" value="ϣⲱⲙⲉ"/>
		<feat xlink:href="#sSpan2672" value="ϫⲉ"/>
		<feat xlink:href="#sSpan2676" value="ⲛⲧ"/>
		<feat xlink:href="#sSpan2678" value="ⲁ"/>
		<feat xlink:href="#sSpan2680" value="ⲥ"/>
		<feat xlink:href="#sSpan2682" value="ⲧⲁⲙⲓⲟ"/>
		<feat xlink:href="#sSpan2684" value="ⲟⲩ"/>
		<feat xlink:href="#sSpan2686" value="ⲧⲱⲛ"/>
		<feat xlink:href="#sSpan2690" value="ⲁⲩⲱ"/>
		<feat xlink:href="#sSpan2694" value="ⲡⲉϫⲁ"/>
		<feat xlink:href="#sSpan2698" value="ⲥ"/>
		<feat xlink:href="#sSpan2700" value="ⲛⲁ"/>
		<feat xlink:href="#sSpan2704" value="ⲥ"/>
		<feat xlink:href="#sSpan2706" value="ϫⲉ"/>
		<feat xlink:href="#sSpan2710" value="ⲡ"/>
		<feat xlink:href="#sSpan2713" value="ⲣⲁⲛ"/>
		<feat xlink:href="#sSpan2715" value="ⲙ"/>
		<feat xlink:href="#sSpan2719" value="ⲡ"/>
		<feat xlink:href="#sSpan2722" value="ⲣⲱⲙⲉ"/>
		<feat xlink:href="#sSpan2724" value="ⲉⲛⲧ"/>
		<feat xlink:href="#sSpan2728" value="ⲁ"/>
		<feat xlink:href="#sSpan2730" value="ϥ"/>
		<feat xlink:href="#sSpan2732" value="ⲉⲓⲣⲉ"/>
		<feat xlink:href="#sSpan2734" value="ⲛⲙⲙⲁ"/>
		<feat xlink:href="#sSpan2738" value="ⲓ"/>
		<feat xlink:href="#sSpan2740" value="ⲙ"/>
		<feat xlink:href="#sSpan2744" value="ⲡ"/>
		<feat xlink:href="#sSpan2747" value="ϩⲟⲟⲩ"/>
		<feat xlink:href="#sSpan2749" value="ⲡⲉ"/>
		<feat xlink:href="#sSpan2754" value="ⲃⲟⲉⲥ"/>
		<feat xlink:href="#sSpan2759" value="ⲡⲉϫⲉ"/>
		<feat xlink:href="#sSpan2768" value="ⲛⲟⲉⲙⲓⲛ"/>
		<feat xlink:href="#sSpan2771" value="ⲛ"/>
		<feat xlink:href="#sSpan2775" value="ⲧⲉⲥ"/>
		<feat xlink:href="#sSpan2778" value="ϣⲉⲗⲉⲉⲧ"/>
		<feat xlink:href="#sSpan2780" value="ϫⲉ"/>
		<feat xlink:href="#sSpan2784" value="ϥ"/>
		<feat xlink:href="#sSpan2786" value="ⲥⲙⲁⲙⲁⲁⲧ"/>
		<feat xlink:href="#sSpan2788" value="ⲙ"/>
		<feat xlink:href="#sSpan2792" value="ⲡ"/>
		<feat xlink:href="#sSpan2795" value="ϫⲟⲉⲓⲥ"/>
		<feat xlink:href="#sSpan2797" value="ϫⲉ"/>
		<feat xlink:href="#sSpan2801" value="ⲙⲡ"/>
		<feat xlink:href="#sSpan2803" value="ϥ"/>
		<feat xlink:href="#sSpan2805" value="ⲕⲱ"/>
		<feat xlink:href="#sSpan2807" value="ⲛⲥⲱ"/>
		<feat xlink:href="#sSpan2811" value="ϥ"/>
		<feat xlink:href="#sSpan2813" value="ⲙ"/>
		<feat xlink:href="#sSpan2817" value="ⲡⲉϥ"/>
		<feat xlink:href="#sSpan2820" value="ⲛⲁ"/>
		<feat xlink:href="#sSpan2822" value="ⲙⲛ"/>
		<feat xlink:href="#sSpan2826" value="ⲛ"/>
		<feat xlink:href="#sSpan2829" value="ⲉⲧ"/>
		<feat xlink:href="#sSpan2831" value="ⲟⲛϩ"/>
		<feat xlink:href="#sSpan2833" value="ⲁⲩⲱ"/>
		<feat xlink:href="#sSpan2837" value="ⲙⲛ"/>
		<feat xlink:href="#sSpan2841" value="ⲛ"/>
		<feat xlink:href="#sSpan2844" value="ⲉⲧ"/>
		<feat xlink:href="#sSpan2846" value="ⲙⲟⲟⲩⲧ"/>
		<feat xlink:href="#sSpan2848" value="ⲁⲩⲱ"/>
		<feat xlink:href="#sSpan2853" value="ⲛⲟⲉⲙⲓⲛ"/>
		<feat xlink:href="#sSpan2858" value="ⲡⲉϫⲁ"/>
		<feat xlink:href="#sSpan2862" value="ⲥ"/>
		<feat xlink:href="#sSpan2864" value="ⲛⲁ"/>
		<feat xlink:href="#sSpan2868" value="ⲥ"/>
		<feat xlink:href="#sSpan2870" value="ϫⲉ"/>
		<feat xlink:href="#sSpan2874" value="ⲡ"/>
		<feat xlink:href="#sSpan2877" value="ⲣⲱⲙⲉ"/>
		<feat xlink:href="#sSpan2879" value="ϥ"/>
		<feat xlink:href="#sSpan2883" value="ϩⲏⲛ"/>
		<feat xlink:href="#sSpan2885" value="ⲉⲣⲟ"/>
		<feat xlink:href="#sSpan2889" value="ⲛ"/>
		<feat xlink:href="#sSpan2891" value="ⲟⲩ"/>
		<feat xlink:href="#sSpan2896" value="ⲉⲃⲟⲗ"/>
		<feat xlink:href="#sSpan2898" value="ϩⲙ"/>
		<feat xlink:href="#sSpan2902" value="ⲡ"/>
		<feat xlink:href="#sSpan2905" value="ⲅⲉⲛⲟⲥ"/>
		<feat xlink:href="#sSpan2907" value="ⲡⲉ"/>
		<feat xlink:href="#sSpan2911" value="ⲉⲧ"/>
		<feat xlink:href="#sSpan2915" value="ⲛⲁ"/>
		<feat xlink:href="#sSpan2917" value="ϫⲓⲧ"/>
		<feat xlink:href="#sSpan2919" value="ⲛ"/>
		<feat xlink:href="#sSpan2922" value="ϩⲣⲟⲩⲑ"/>
		<feat xlink:href="#sSpan2932" value="ⲇⲉ"/>
		<feat xlink:href="#sSpan2936" value="ⲡⲉϫⲁ"/>
		<feat xlink:href="#sSpan2940" value="ⲥ"/>
		<feat xlink:href="#sSpan2942" value="ⲛ"/>
		<feat xlink:href="#sSpan2946" value="ⲧⲉⲥ"/>
		<feat xlink:href="#sSpan2949" value="ϣⲱⲙⲉ"/>
		<feat xlink:href="#sSpan2951" value="ϫⲉ"/>
		<feat xlink:href="#sSpan2956" value="ⲕⲁⲓ"/>
		<feat xlink:href="#sSpan2960" value="ⲅⲁⲣ"/>
		<feat xlink:href="#sSpan2964" value="ⲁ"/>
		<feat xlink:href="#sSpan2968" value="ϥ"/>
		<feat xlink:href="#sSpan2970" value="ϫⲟⲟ"/>
		<feat xlink:href="#sSpan2972" value="ⲥ"/>
		<feat xlink:href="#sSpan2974" value="ⲛⲁ"/>
		<feat xlink:href="#sSpan2978" value="ⲓ"/>
		<feat xlink:href="#sSpan2980" value="ϫⲉ"/>
		<feat xlink:href="#sSpan2984" value="ⲧⲟϭ"/>
		<feat xlink:href="#sSpan2986" value="ⲉ"/>
		<feat xlink:href="#sSpan2988" value="ⲉ"/>
		<feat xlink:href="#sSpan2992" value="ⲛⲁ"/>
		<feat xlink:href="#sSpan2995" value="ϣⲉⲉⲣⲉ"/>
		<feat xlink:href="#sSpan2998" value="ϣⲏⲙ"/>
		<feat xlink:href="#sSpan3002" value="ϣⲁⲛⲧ"/>
		<feat xlink:href="#sSpan3006" value="ⲟⲩ"/>
		<feat xlink:href="#sSpan3008" value="ϫⲱⲕ"/>
		<feat xlink:href="#sSpan3010" value="ⲉⲃⲟⲗ"/>
		<feat xlink:href="#sSpan3014" value="ⲙ"/>
		<feat xlink:href="#sSpan3018" value="ⲡ"/>
		<feat xlink:href="#sSpan3021" value="ⲱϩⲥ"/>
		<feat xlink:href="#sSpan3023" value="ⲧⲏⲣ"/>
		<feat xlink:href="#sSpan3027" value="ϥ"/>
		<feat xlink:href="#sSpan3029" value="ⲉⲧ"/>
		<feat xlink:href="#sSpan3033" value="ϣⲟⲟⲡ"/>
		<feat xlink:href="#sSpan3035" value="ⲛⲁ"/>
		<feat xlink:href="#sSpan3039" value="ⲓ"/>
		<feat xlink:href="#sSpan3041" value="ⲁⲩⲱ"/>
		<feat xlink:href="#sSpan3050" value="ⲛⲟⲉⲙⲓⲛ"/>
		<feat xlink:href="#sSpan3055" value="ⲡⲉϫⲁ"/>
		<feat xlink:href="#sSpan3059" value="ⲥ"/>
		<feat xlink:href="#sSpan3061" value="ⲛ"/>
		<feat xlink:href="#sSpan3066" value="ϩⲣⲟⲩⲑ"/>
		<feat xlink:href="#sSpan3069" value="ⲧⲉⲥ"/>
		<feat xlink:href="#sSpan3073" value="ϣⲉⲗⲉⲉⲧ"/>
		<feat xlink:href="#sSpan3075" value="ϫⲉ"/>
		<feat xlink:href="#sSpan3079" value="ⲟⲩ"/>
		<feat xlink:href="#sSpan3083" value="ⲁⲅⲁⲑⲟⲛ"/>
		<feat xlink:href="#sSpan3085" value="ⲛ"/>
		<feat xlink:href="#sSpan3089" value="ⲉ"/>
		<feat xlink:href="#sSpan3091" value="ⲡⲉ"/>
		<feat xlink:href="#sSpan3095" value="ⲧⲁ"/>
		<feat xlink:href="#sSpan3100" value="ϣⲉⲉⲣⲉ"/>
		<feat xlink:href="#sSpan3102" value="ϫⲉ"/>
		<feat xlink:href="#sSpan3106" value="ⲁ"/>
		<feat xlink:href="#sSpan3108" value="ⲙⲟⲟϣⲉ"/>
		<feat xlink:href="#sSpan3111" value="ⲙⲛ"/>
		<feat xlink:href="#sSpan3115" value="ⲛⲉϥ"/>
		<feat xlink:href="#sSpan3118" value="ϣⲉⲉⲣⲉ"/>
		<feat xlink:href="#sSpan3121" value="ϣⲏⲙ"/>
		<feat xlink:href="#sSpan3125" value="ϫⲉ"/>
		<feat xlink:href="#sSpan3129" value="ⲛⲛⲉ"/>
		<feat xlink:href="#sSpan3131" value="ⲩ"/>
		<feat xlink:href="#sSpan3133" value="ⲧⲁϩⲟ"/>
		<feat xlink:href="#sSpan3135" value="ϩⲛ"/>
		<feat xlink:href="#sSpan3139" value="ⲕⲉ"/>
		<feat xlink:href="#sSpan3142" value="ⲥⲱϣⲉ"/>
		<feat xlink:href="#sSpan3144" value="ⲁⲩⲱ"/>
		<feat xlink:href="#sSpan3153" value="ϩⲣⲟⲩⲑ"/>
		<feat xlink:href="#sSpan3158" value="ⲁ"/>
		<feat xlink:href="#sSpan3162" value="ⲥ"/>
		<feat xlink:href="#sSpan3164" value="ⲧⲱϭⲉ"/>
		<feat xlink:href="#sSpan3166" value="ⲙⲙⲟ"/>
		<feat xlink:href="#sSpan3170" value="ⲥ"/>
		<feat xlink:href="#sSpan3172" value="ⲉ"/>
		<feat xlink:href="#sSpan3176" value="ⲛ"/>
		<feat xlink:href="#sSpan3179" value="ϣⲉⲉⲣⲉ"/>
		<feat xlink:href="#sSpan3182" value="ϣⲏⲙ"/>
		<feat xlink:href="#sSpan3186" value="ⲛ"/>
		<feat xlink:href="#sSpan3191" value="ⲃⲟⲉⲥ"/>
		<feat xlink:href="#sSpan3194" value="ⲉ"/>
		<feat xlink:href="#sSpan3198" value="ⲧⲣⲉ"/>
		<feat xlink:href="#sSpan3200" value="ⲥ"/>
		<feat xlink:href="#sSpan3202" value="ⲕⲱⲧϥ"/>
		<feat xlink:href="#sSpan3204" value="ⲛⲙⲙⲁ"/>
		<feat xlink:href="#sSpan3208" value="ⲩ"/>
		<feat xlink:href="#sSpan3210" value="ϣⲁⲛⲧ"/>
		<feat xlink:href="#sSpan3214" value="ⲟⲩ"/>
		<feat xlink:href="#sSpan3216" value="ⲟⲩⲱ"/>
		<feat xlink:href="#sSpan3218" value="ⲙ"/>
		<feat xlink:href="#sSpan3222" value="ⲡ"/>
		<feat xlink:href="#sSpan3225" value="ⲱϩⲥ"/>
		<feat xlink:href="#sSpan3227" value="ⲛ"/>
		<feat xlink:href="#sSpan3231" value="ⲛ"/>
		<feat xlink:href="#sSpan3234" value="ⲉⲓⲱⲧ"/>
		<feat xlink:href="#sSpan3236" value="ⲙⲛ"/>
		<feat xlink:href="#sSpan3240" value="ⲛⲉ"/>
		<feat xlink:href="#sSpan3243" value="ⲥⲟⲩⲟ"/>
		<feat xlink:href="#sSpan3245" value="ⲁⲩⲱ"/>
		<feat xlink:href="#sSpan3249" value="ⲁ"/>
		<feat xlink:href="#sSpan3253" value="ⲥ"/>
		<feat xlink:href="#sSpan3255" value="ϩⲙⲟⲟⲥ"/>
		<feat xlink:href="#sSpan3257" value="ⲉϩⲣⲁⲓ"/>
		<feat xlink:href="#sSpan3261" value="ⲙⲛ"/>
		<feat xlink:href="#sSpan3265" value="ⲧⲉⲥ"/>
		<feat xlink:href="#sSpan3268" value="ϣⲱⲙⲉ"/></featList></paula>