<?xml version='1.0' encoding='UTF-8'?><!DOCTYPE paula SYSTEM "paula_feat.dtd">
<paula version="1.1">
	<header paula_id="scriptorium.johannes.canons.FA143-158.mark_vid_n"/>
	<featList xmlns:xlink="http://www.w3.org/1999/xlink" type="vid_n" xml:base="scriptorium.johannes.canons.FA143-158.mark.xml">
		<feat xlink:href="#sSpan7" value="urn:cts:copticLit:johannes.canons.monbfa:308.1"/>
		<feat xlink:href="#sSpan95" value="urn:cts:copticLit:johannes.canons.monbfa:309.1"/>
		<feat xlink:href="#sSpan334" value="urn:cts:copticLit:johannes.canons.monbfa:309.2"/>
		<feat xlink:href="#sSpan423" value="urn:cts:copticLit:johannes.canons.monbfa:309.3"/>
		<feat xlink:href="#sSpan493" value="urn:cts:copticLit:johannes.canons.monbfa:310.1"/>
		<feat xlink:href="#sSpan626" value="urn:cts:copticLit:johannes.canons.monbfa:310.2"/>
		<feat xlink:href="#sSpan721" value="urn:cts:copticLit:johannes.canons.monbfa:310.3"/>
		<feat xlink:href="#sSpan809" value="urn:cts:copticLit:johannes.canons.monbfa:310.4"/>
		<feat xlink:href="#sSpan886" value="urn:cts:copticLit:johannes.canons.monbfa:310.5"/>
		<feat xlink:href="#sSpan993" value="urn:cts:copticLit:johannes.canons.monbfa:310.6"/>
		<feat xlink:href="#sSpan1070" value="urn:cts:copticLit:johannes.canons.monbfa:310.7"/>
		<feat xlink:href="#sSpan1139" value="urn:cts:copticLit:johannes.canons.monbfa:310.8"/>
		<feat xlink:href="#sSpan1172" value="urn:cts:copticLit:johannes.canons.monbfa:310.9"/>
		<feat xlink:href="#sSpan1215" value="urn:cts:copticLit:johannes.canons.monbfa:310.10"/>
		<feat xlink:href="#sSpan1316" value="urn:cts:copticLit:johannes.canons.monbfa:310.11"/>
		<feat xlink:href="#sSpan1357" value="urn:cts:copticLit:johannes.canons.monbfa:310.12"/>
		<feat xlink:href="#sSpan1445" value="urn:cts:copticLit:johannes.canons.monbfa:310.13"/>
		<feat xlink:href="#sSpan1569" value="urn:cts:copticLit:johannes.canons.monbfa:310.14"/>
		<feat xlink:href="#sSpan1639" value="urn:cts:copticLit:johannes.canons.monbfa:310.15"/>
		<feat xlink:href="#sSpan1706" value="urn:cts:copticLit:johannes.canons.monbfa:310.16"/>
		<feat xlink:href="#sSpan1751" value="urn:cts:copticLit:johannes.canons.monbfa:311."/>
		<feat xlink:href="#sSpan1811" value="urn:cts:copticLit:johannes.canons.monbfa:311.2"/>
		<feat xlink:href="#sSpan1836" value="urn:cts:copticLit:johannes.canons.monbfa:311.3"/>
		<feat xlink:href="#sSpan1879" value="urn:cts:copticLit:johannes.canons.monbfa:311.4"/>
		<feat xlink:href="#sSpan2013" value="urn:cts:copticLit:johannes.canons.monbfa:312.1"/>
		<feat xlink:href="#sSpan2215" value="urn:cts:copticLit:johannes.canons.monbfa:313.1"/>
		<feat xlink:href="#sSpan2347" value="urn:cts:copticLit:johannes.canons.monbfa:312.2"/>
		<feat xlink:href="#sSpan2473" value="urn:cts:copticLit:johannes.canons.monbfa:312.3"/>
		<feat xlink:href="#sSpan2610" value="urn:cts:copticLit:johannes.canons.monbfa:312.4"/>
		<feat xlink:href="#sSpan2706" value="5"/>
		<feat xlink:href="#sSpan2753" value="urn:cts:copticLit:johannes.canons.monbfa:314.1"/>
		<feat xlink:href="#sSpan2803" value="urn:cts:copticLit:johannes.canons.monbfa:314.2"/>
		<feat xlink:href="#sSpan2895" value="urn:cts:copticLit:johannes.canons.monbfa:314.3"/>
		<feat xlink:href="#sSpan2945" value="urn:cts:copticLit:johannes.canons.monbfa:314.4"/>
		<feat xlink:href="#sSpan2994" value="urn:cts:copticLit:johannes.canons.monbfa:314.5"/>
		<feat xlink:href="#sSpan3151" value="urn:cts:copticLit:johannes.canons.monbfa:314.6"/>
		<feat xlink:href="#sSpan3255" value="urn:cts:copticLit:johannes.canons.monbfa:314.7"/>
		<feat xlink:href="#sSpan3307" value="urn:cts:copticLit:johannes.canons.monbfa:314.8"/>
		<feat xlink:href="#sSpan3376" value="urn:cts:copticLit:johannes.canons.monbfa:314.9"/>
		<feat xlink:href="#sSpan3455" value="urn:cts:copticLit:johannes.canons.monbfa:314.10"/>
		<feat xlink:href="#sSpan3559" value="urn:cts:copticLit:johannes.canons.monbfa:314.11"/>
		<feat xlink:href="#sSpan3633" value="urn:cts:copticLit:johannes.canons.monbfa:314.12"/>
		<feat xlink:href="#sSpan3663" value="urn:cts:copticLit:johannes.canons.monbfa:315.1"/>
		<feat xlink:href="#sSpan3757" value="urn:cts:copticLit:johannes.canons.monbfa:315.2"/>
		<feat xlink:href="#sSpan3868" value="urn:cts:copticLit:johannes.canons.monbfa:315.3"/>
		<feat xlink:href="#sSpan3932" value="urn:cts:copticLit:johannes.canons.monbfa:316.1"/>
		<feat xlink:href="#sSpan3994" value="urn:cts:copticLit:johannes.canons.monbfa:316.2"/>
		<feat xlink:href="#sSpan4049" value="urn:cts:copticLit:johannes.canons.monbfa:317.1"/>
		<feat xlink:href="#sSpan4145" value="urn:cts:copticLit:johannes.canons.monbfa:317.2"/>
		<feat xlink:href="#sSpan4214" value="urn:cts:copticLit:johannes.canons.monbfa:317.3"/>
		<feat xlink:href="#sSpan4252" value="urn:cts:copticLit:johannes.canons.monbfa:318.1"/>
		<feat xlink:href="#sSpan4347" value="urn:cts:copticLit:johannes.canons.monbfa:318.2"/>
		<feat xlink:href="#sSpan4427" value="urn:cts:copticLit:johannes.canons.monbfa:318.3"/>
		<feat xlink:href="#sSpan4504" value="urn:cts:copticLit:johannes.canons.monbfa:318.4"/>
		<feat xlink:href="#sSpan4622" value="urn:cts:copticLit:johannes.canons.monbfa:318.5"/>
		<feat xlink:href="#sSpan4707" value="urn:cts:copticLit:johannes.canons.monbfa:319.1"/>
		<feat xlink:href="#sSpan4855" value="urn:cts:copticLit:johannes.canons.monbfa:319.2"/>
		<feat xlink:href="#sSpan5021" value="urn:cts:copticLit:johannes.canons.monbfa:319.3"/>
		<feat xlink:href="#sSpan5059" value="urn:cts:copticLit:johannes.canons.monbfa:320.1"/>
		<feat xlink:href="#sSpan5130" value="urn:cts:copticLit:johannes.canons.monbfa:320.2"/>
		<feat xlink:href="#sSpan5206" value="urn:cts:copticLit:johannes.canons.monbfa:320.3"/>
		<feat xlink:href="#sSpan5287" value="urn:cts:copticLit:johannes.canons.monbfa:320.4"/>
		<feat xlink:href="#sSpan5331" value="urn:cts:copticLit:johannes.canons.monbfa:320.5"/>
		<feat xlink:href="#sSpan5381" value="urn:cts:copticLit:johannes.canons.monbfa:320.6"/>
		<feat xlink:href="#sSpan5447" value="urn:cts:copticLit:johannes.canons.monbfa:320.7"/>
		<feat xlink:href="#sSpan5577" value="urn:cts:copticLit:johannes.canons.monbfa:321.1"/>
		<feat xlink:href="#sSpan5701" value="urn:cts:copticLit:johannes.canons.monbfa:321.2"/>
		<feat xlink:href="#sSpan5750" value="urn:cts:copticLit:johannes.canons.monbfa:321.3"/>
		<feat xlink:href="#sSpan5870" value="urn:cts:copticLit:johannes.canons.monbfa:321.4"/>
		<feat xlink:href="#sSpan5953" value="urn:cts:copticLit:johannes.canons.monbfa:321.5"/>
		<feat xlink:href="#sSpan6114" value="urn:cts:copticLit:johannes.canons.monbfa:321.6"/>
		<feat xlink:href="#sSpan6199" value="urn:cts:copticLit:johannes.canons.monbfa:321.7"/>
		<feat xlink:href="#sSpan6236" value="urn:cts:copticLit:johannes.canons.monbfa:321.8"/>
		<feat xlink:href="#sSpan6277" value="urn:cts:copticLit:johannes.canons.monbfa:321.9"/>
		<feat xlink:href="#sSpan6345" value="urn:cts:copticLit:johannes.canons.monbfa:321.10"/>
		<feat xlink:href="#sSpan6423" value="urn:cts:copticLit:johannes.canons.monbfa:321.11"/>
		<feat xlink:href="#sSpan6524" value="urn:cts:copticLit:johannes.canons.monbfa:321.12"/>
		<feat xlink:href="#sSpan6605" value="urn:cts:copticLit:johannes.canons.monbfa:321.13"/>
		<feat xlink:href="#sSpan6712" value="urn:cts:copticLit:johannes.canons.monbfa:322.1"/>
		<feat xlink:href="#sSpan6855" value="urn:cts:copticLit:johannes.canons.monbfa:322.2"/>
		<feat xlink:href="#sSpan6917" value="urn:cts:copticLit:johannes.canons.monbfa:322.3"/>
		<feat xlink:href="#sSpan7110" value="urn:cts:copticLit:johannes.canons.monbfa:323.1"/>
		<feat xlink:href="#sSpan7163" value="urn:cts:copticLit:johannes.canons.monbfa:323.2"/>
		<feat xlink:href="#sSpan7211" value="urn:cts:copticLit:johannes.canons.monbfa:323.3"/>
		<feat xlink:href="#sSpan7254" value="urn:cts:copticLit:johannes.canons.monbfa:323.4"/>
		<feat xlink:href="#sSpan7337" value="urn:cts:copticLit:johannes.canons.monbfa:323.5"/>
		<feat xlink:href="#sSpan7399" value="urn:cts:copticLit:johannes.canons.monbfa:324.1"/>
		<feat xlink:href="#sSpan7463" value="urn:cts:copticLit:johannes.canons.monbfa:324.2"/>
		<feat xlink:href="#sSpan7501" value="urn:cts:copticLit:johannes.canons.monbfa:325.1"/>
		<feat xlink:href="#sSpan7611" value="urn:cts:copticLit:johannes.canons.monbfa:325.2"/>
		<feat xlink:href="#sSpan7840" value="urn:cts:copticLit:johannes.canons.monbfa:325.3"/>
		<feat xlink:href="#sSpan7934" value="urn:cts:copticLit:johannes.canons.monbfa:325.4"/>
		<feat xlink:href="#sSpan8046" value="urn:cts:copticLit:johannes.canons.monbfa:325.5"/>
		<feat xlink:href="#sSpan8167" value="urn:cts:copticLit:johannes.canons.monbfa:325.6"/>
		<feat xlink:href="#sSpan8236" value="urn:cts:copticLit:johannes.canons.monbfa:326.1"/>
		<feat xlink:href="#sSpan8357" value="urn:cts:copticLit:johannes.canons.monbfa:326.2"/>
		<feat xlink:href="#sSpan8384" value="urn:cts:copticLit:johannes.canons.monbfa:326.3"/>
		<feat xlink:href="#sSpan8464" value="urn:cts:copticLit:johannes.canons.monbfa:326.4"/>
		<feat xlink:href="#sSpan8524" value="urn:cts:copticLit:johannes.canons.monbfa:326.5"/>
		<feat xlink:href="#sSpan8561" value="urn:cts:copticLit:johannes.canons.monbfa:326.6"/>
		<feat xlink:href="#sSpan8663" value="urn:cts:copticLit:johannes.canons.monbfa:326.7"/>
		<feat xlink:href="#sSpan8724" value="urn:cts:copticLit:johannes.canons.monbfa:326.8"/>
		<feat xlink:href="#sSpan8762" value="urn:cts:copticLit:johannes.canons.monbfa:326.9"/>
		<feat xlink:href="#sSpan8822" value="urn:cts:copticLit:johannes.canons.monbfa:327.1"/>
		<feat xlink:href="#sSpan8927" value="urn:cts:copticLit:johannes.canons.monbfa:327.2"/>
		<feat xlink:href="#sSpan9013" value="urn:cts:copticLit:johannes.canons.monbfa:327.3"/>
		<feat xlink:href="#sSpan9134" value="urn:cts:copticLit:johannes.canons.monbfa:327.4"/>
		<feat xlink:href="#sSpan9207" value="urn:cts:copticLit:johannes.canons.monbfa:327.5"/>
		<feat xlink:href="#sSpan9264" value="urn:cts:copticLit:johannes.canons.monbfa:327.6"/>
		<feat xlink:href="#sSpan9424" value="urn:cts:copticLit:johannes.canons.monbfa:327.7"/>
		<feat xlink:href="#sSpan9516" value="urn:cts:copticLit:johannes.canons.monbfa:327.8"/>
		<feat xlink:href="#sSpan9562" value="urn:cts:copticLit:johannes.canons.monbfa:327.9"/>
		<feat xlink:href="#sSpan9615" value="urn:cts:copticLit:johannes.canons.monbfa:327.10"/>
		<feat xlink:href="#sSpan9669" value="urn:cts:copticLit:johannes.canons.monbfa:328.1"/>
		<feat xlink:href="#sSpan9738" value="urn:cts:copticLit:johannes.canons.monbfa:328.2"/>
		<feat xlink:href="#sSpan9809" value="urn:cts:copticLit:johannes.canons.monbfa:328.3"/>
		<feat xlink:href="#sSpan9918" value="urn:cts:copticLit:johannes.canons.monbfa:328.4"/>
		<feat xlink:href="#sSpan10009" value="urn:cts:copticLit:johannes.canons.monbfa:328.5"/>
		<feat xlink:href="#sSpan10256" value="urn:cts:copticLit:johannes.canons.monbfa:328.6"/>
		<feat xlink:href="#sSpan10309" value="urn:cts:copticLit:johannes.canons.monbfa:328..7"/>
		<feat xlink:href="#sSpan10360" value="urn:cts:copticLit:johannes.canons.monbfa:328.8"/>
		<feat xlink:href="#sSpan10384" value="urn:cts:copticLit:johannes.canons.monbfa:329.1"/>
		<feat xlink:href="#sSpan10631" value="urn:cts:copticLit:johannes.canons.monbfa:329.2"/>
		<feat xlink:href="#sSpan10840" value="urn:cts:copticLit:johannes.canons.monbfa:329.3"/>
		<feat xlink:href="#sSpan10923" value="urn:cts:copticLit:johannes.canons.monbfa:329.4"/>
		<feat xlink:href="#sSpan11031" value="urn:cts:copticLit:johannes.canons.monbfa:329.5"/>
		<feat xlink:href="#sSpan11136" value="urn:cts:copticLit:johannes.canons.monbfa:329.6"/>
		<feat xlink:href="#sSpan11190" value="urn:cts:copticLit:johannes.canons.monbfa:329.7"/>
		<feat xlink:href="#sSpan11262" value="urn:cts:copticLit:johannes.canons.monbfa:329.8"/>
		<feat xlink:href="#sSpan11398" value="urn:cts:copticLit:johannes.canons.monbfa:330.1"/>
		<feat xlink:href="#sSpan11549" value="urn:cts:copticLit:johannes.canons.monbfa:330.2"/>
		<feat xlink:href="#sSpan11661" value="urn:cts:copticLit:johannes.canons.monbfa:330.3"/>
		<feat xlink:href="#sSpan11704" value="urn:cts:copticLit:johannes.canons.monbfa:330.4"/>
		<feat xlink:href="#sSpan11891" value="urn:cts:copticLit:johannes.canons.monbfa:330.5"/>
		<feat xlink:href="#sSpan11968" value="urn:cts:copticLit:johannes.canons.monbfa:330.6"/></featList></paula>