<?xml version='1.0' encoding='UTF-8'?><!DOCTYPE paula SYSTEM "paula_feat.dtd">
<paula version="1.1">
	<header paula_id="scriptorium.01_Genesis_24.mark_lang"/>
	<featList xmlns:xlink="http://www.w3.org/1999/xlink" type="lang" xml:base="scriptorium.01_Genesis_24.mark.xml">
		<feat xlink:href="#sSpan4" value="Hebrew"/>
		<feat xlink:href="#sSpan5" value="Greek"/>
		<feat xlink:href="#sSpan25" value="Greek"/>
		<feat xlink:href="#sSpan71" value="Hebrew"/>
		<feat xlink:href="#sSpan96" value="Hebrew"/>
		<feat xlink:href="#sSpan103" value="Greek"/>
		<feat xlink:href="#sSpan115" value="Hebrew"/>
		<feat xlink:href="#sSpan163" value="Greek"/>
		<feat xlink:href="#sSpan168" value="Greek"/>
		<feat xlink:href="#sSpan205" value="Greek"/>
		<feat xlink:href="#sSpan248" value="Greek"/>
		<feat xlink:href="#sSpan304" value="Greek"/>
		<feat xlink:href="#sSpan333" value="Greek"/>
		<feat xlink:href="#sSpan341" value="Greek"/>
		<feat xlink:href="#sSpan396" value="Greek"/>
		<feat xlink:href="#sSpan425" value="Greek"/>
		<feat xlink:href="#sSpan446" value="Greek"/>
		<feat xlink:href="#sSpan464" value="Greek"/>
		<feat xlink:href="#sSpan490" value="Greek"/>
		<feat xlink:href="#sSpan538" value="Hebrew"/>
		<feat xlink:href="#sSpan563" value="Hebrew"/>
		<feat xlink:href="#sSpan578" value="Hebrew"/>
		<feat xlink:href="#sSpan607" value="Greek"/>
		<feat xlink:href="#sSpan610" value="Greek"/>
		<feat xlink:href="#sSpan613" value="Greek"/>
		<feat xlink:href="#sSpan622" value="Hebrew"/>
		<feat xlink:href="#sSpan623" value="Greek"/>
		<feat xlink:href="#sSpan655" value="Hebrew"/>
		<feat xlink:href="#sSpan661" value="Hebrew"/>
		<feat xlink:href="#sSpan663" value="Greek"/>
		<feat xlink:href="#sSpan682" value="Greek"/>
		<feat xlink:href="#sSpan685" value="Greek"/>
		<feat xlink:href="#sSpan702" value="Greek"/>
		<feat xlink:href="#sSpan708" value="Hebrew"/>
		<feat xlink:href="#sSpan724" value="Hebrew"/>
		<feat xlink:href="#sSpan725" value="Greek"/>
		<feat xlink:href="#sSpan738" value="Hebrew"/>
		<feat xlink:href="#sSpan748" value="Hebrew"/>
		<feat xlink:href="#sSpan764" value="Hebrew"/>
		<feat xlink:href="#sSpan766" value="Greek"/>
		<feat xlink:href="#sSpan775" value="Hebrew"/></featList></paula>