<?xml version='1.0' encoding='UTF-8'?><!DOCTYPE paula SYSTEM "paula_feat.dtd">
<paula version="1.1">
	<header paula_id="scriptorium.01_Genesis_24.mark_multiword"/>
	<featList xmlns:xlink="http://www.w3.org/1999/xlink" type="multiword" xml:base="scriptorium.01_Genesis_24.mark.xml">
		<feat xlink:href="#sSpan87" value="ⲉⲓⲣⲉ ⲛ"/>
		<feat xlink:href="#sSpan120" value="ⲉⲓ ⲉⲃⲟⲗ"/>
		<feat xlink:href="#sSpan175" value="ⲡⲱⲧ ⲉⲃⲟⲗ"/>
		<feat xlink:href="#sSpan318" value="ⲉⲃⲟⲗ ϩⲛ"/>
		<feat xlink:href="#sSpan420" value="ⲉⲃⲟⲗ ϩⲛ"/>
		<feat xlink:href="#sSpan450" value="ⲃⲱⲕ ⲉⲃⲟⲗ"/>
		<feat xlink:href="#sSpan485" value="ⲉⲃⲟⲗ ϩⲛ"/>
		<feat xlink:href="#sSpan554" value="ⲉⲓⲣⲉ ⲛ"/>
		<feat xlink:href="#sSpan712" value="ϩⲱⲃ ⲛⲓⲙ"/>
		<feat xlink:href="#sSpan728" value="ⲃⲱⲕ ⲉϩⲟⲩⲛ"/></featList></paula>