<?xml version='1.0' encoding='UTF-8'?><!DOCTYPE paula SYSTEM "paula_feat.dtd">
<paula version="1.1">
	<header paula_id="scriptorium.01_Genesis_24.mark_vid_n"/>
	<featList xmlns:xlink="http://www.w3.org/1999/xlink" type="vid_n" xml:base="scriptorium.01_Genesis_24.mark.xml">
		<feat xlink:href="#sSpan1" value="urn:cts:copticLit:ot.gen.coptot:24.1"/>
		<feat xlink:href="#sSpan16" value="urn:cts:copticLit:ot.gen.coptot:24.14"/>
		<feat xlink:href="#sSpan98" value="urn:cts:copticLit:ot.gen.coptot:24.15"/>
		<feat xlink:href="#sSpan144" value="urn:cts:copticLit:ot.gen.coptot:24.19"/>
		<feat xlink:href="#sSpan158" value="urn:cts:copticLit:ot.gen.coptot:24.20"/>
		<feat xlink:href="#sSpan201" value="urn:cts:copticLit:ot.gen.coptot:24.21"/>
		<feat xlink:href="#sSpan243" value="urn:cts:copticLit:ot.gen.coptot:24.22"/>
		<feat xlink:href="#sSpan290" value="urn:cts:copticLit:ot.gen.coptot:24.38"/>
		<feat xlink:href="#sSpan327" value="urn:cts:copticLit:ot.gen.coptot:24.39"/>
		<feat xlink:href="#sSpan357" value="urn:cts:copticLit:ot.gen.coptot:24.40"/>
		<feat xlink:href="#sSpan432" value="urn:cts:copticLit:ot.gen.coptot:24.43"/>
		<feat xlink:href="#sSpan491" value="urn:cts:copticLit:ot.gen.coptot:24.44"/>
		<feat xlink:href="#sSpan565" value="urn:cts:copticLit:ot.gen.coptot:24.60"/>
		<feat xlink:href="#sSpan619" value="urn:cts:copticLit:ot.gen.coptot:24.61"/>
		<feat xlink:href="#sSpan660" value="urn:cts:copticLit:ot.gen.coptot:24.62"/>
		<feat xlink:href="#sSpan697" value="urn:cts:copticLit:ot.gen.coptot:24.66"/>
		<feat xlink:href="#sSpan721" value="urn:cts:copticLit:ot.gen.coptot:24.67"/></featList></paula>