<?xml version='1.0' encoding='UTF-8'?><!DOCTYPE paula SYSTEM "paula_feat.dtd">
<paula version="1.1">
	<header paula_id="scriptorium.shenoute.considering.BV283-284.mark_translation"/>
	<featList xmlns:xlink="http://www.w3.org/1999/xlink" type="translation" xml:base="scriptorium.shenoute.considering.BV283-284.mark.xml">
		<feat xlink:href="#sSpan7" value="..."/>
		<feat xlink:href="#sSpan17" value="..."/>
		<feat xlink:href="#sSpan81" value="..."/>
		<feat xlink:href="#sSpan175" value="..."/>
		<feat xlink:href="#sSpan298" value="..."/>
		<feat xlink:href="#sSpan417" value="..."/>
		<feat xlink:href="#sSpan641" value="..."/>
		<feat xlink:href="#sSpan734" value="..."/>
		<feat xlink:href="#sSpan851" value="..."/>
		<feat xlink:href="#sSpan1092" value="..."/>
		<feat xlink:href="#sSpan1312" value="..."/>
		<feat xlink:href="#sSpan1416" value="..."/>
		<feat xlink:href="#sSpan1729" value="..."/></featList></paula>