<?xml version='1.0' encoding='UTF-8'?><!DOCTYPE paula SYSTEM "paula_feat.dtd">
<paula version="1.1">
	<header paula_id="scriptorium.shenoute.considering.BV283-284.mark_lang"/>
	<featList xmlns:xlink="http://www.w3.org/1999/xlink" type="lang" xml:base="scriptorium.shenoute.considering.BV283-284.mark.xml">
		<feat xlink:href="#sSpan62" value="Greek"/>
		<feat xlink:href="#sSpan85" value="Greek"/>
		<feat xlink:href="#sSpan114" value="Greek"/>
		<feat xlink:href="#sSpan131" value="Greek"/>
		<feat xlink:href="#sSpan264" value="Greek"/>
		<feat xlink:href="#sSpan286" value="Greek"/>
		<feat xlink:href="#sSpan325" value="Greek"/>
		<feat xlink:href="#sSpan350" value="Greek"/>
		<feat xlink:href="#sSpan377" value="Greek"/>
		<feat xlink:href="#sSpan510" value="Greek"/>
		<feat xlink:href="#sSpan523" value="Greek"/>
		<feat xlink:href="#sSpan568" value="Greek"/>
		<feat xlink:href="#sSpan599" value="Greek"/>
		<feat xlink:href="#sSpan658" value="Greek"/>
		<feat xlink:href="#sSpan711" value="Greek"/>
		<feat xlink:href="#sSpan736" value="Greek"/>
		<feat xlink:href="#sSpan799" value="Greek"/>
		<feat xlink:href="#sSpan879" value="Greek"/>
		<feat xlink:href="#sSpan893" value="Greek"/>
		<feat xlink:href="#sSpan969" value="Greek"/>
		<feat xlink:href="#sSpan983" value="Greek"/>
		<feat xlink:href="#sSpan1007" value="Greek"/>
		<feat xlink:href="#sSpan1020" value="Greek"/>
		<feat xlink:href="#sSpan1054" value="Greek"/>
		<feat xlink:href="#sSpan1087" value="Greek"/>
		<feat xlink:href="#sSpan1143" value="Greek"/>
		<feat xlink:href="#sSpan1153" value="Greek"/>
		<feat xlink:href="#sSpan1163" value="Greek"/>
		<feat xlink:href="#sSpan1218" value="Greek"/>
		<feat xlink:href="#sSpan1227" value="Greek"/>
		<feat xlink:href="#sSpan1247" value="Greek"/>
		<feat xlink:href="#sSpan1275" value="Greek"/>
		<feat xlink:href="#sSpan1346" value="Greek"/>
		<feat xlink:href="#sSpan1472" value="Greek"/>
		<feat xlink:href="#sSpan1486" value="Greek"/>
		<feat xlink:href="#sSpan1489" value="Greek"/>
		<feat xlink:href="#sSpan1503" value="Greek"/>
		<feat xlink:href="#sSpan1513" value="Greek"/>
		<feat xlink:href="#sSpan1541" value="Greek"/>
		<feat xlink:href="#sSpan1670" value="Greek"/>
		<feat xlink:href="#sSpan1790" value="Greek"/>
		<feat xlink:href="#sSpan1819" value="Greek"/></featList></paula>