<?xml version='1.0' encoding='UTF-8'?><!DOCTYPE paula SYSTEM "paula_feat.dtd">
<paula version="1.1">
	<header paula_id="scriptorium.shenoute.considering.BV283-284.mark_norm"/>
	<featList xmlns:xlink="http://www.w3.org/1999/xlink" type="norm" xml:base="scriptorium.shenoute.considering.BV283-284.mark.xml">
		<feat xlink:href="#sSpan2" value="ⲥⲓⲛⲟⲩⲑⲓⲟⲩ"/>
		<feat xlink:href="#sSpan12" value="ϯ"/>
		<feat xlink:href="#sSpan19" value="ⲙⲟⲕⲙⲉⲕ"/>
		<feat xlink:href="#sSpan21" value="ⲙⲙⲟ"/>
		<feat xlink:href="#sSpan25" value="ⲓ"/>
		<feat xlink:href="#sSpan27" value="ⲉⲓⲥ"/>
		<feat xlink:href="#sSpan31" value="ϩⲉⲛ"/>
		<feat xlink:href="#sSpan36" value="ⲣⲟⲙⲡⲉ"/>
		<feat xlink:href="#sSpan38" value="ⲉ"/>
		<feat xlink:href="#sSpan42" value="ⲧⲙ"/>
		<feat xlink:href="#sSpan44" value="ⲧⲣⲉ"/>
		<feat xlink:href="#sSpan46" value="ⲣⲱⲙⲉ"/>
		<feat xlink:href="#sSpan49" value="ϭⲛ"/>
		<feat xlink:href="#sSpan53" value="ϣⲁϫⲉ"/>
		<feat xlink:href="#sSpan56" value="ⲉ"/>
		<feat xlink:href="#sSpan60" value="ϫⲱ"/>
		<feat xlink:href="#sSpan63" value="ⲕⲁⲧⲁ"/>
		<feat xlink:href="#sSpan67" value="ⲗⲁⲁⲩ"/>
		<feat xlink:href="#sSpan71" value="ⲛ"/>
		<feat xlink:href="#sSpan75" value="ⲥⲙⲟⲧ"/>
		<feat xlink:href="#sSpan77" value="ϯ"/>
		<feat xlink:href="#sSpan83" value="ⲉⲓⲙⲉ"/>
		<feat xlink:href="#sSpan86" value="ⲅⲁⲣ"/>
		<feat xlink:href="#sSpan90" value="ϫⲉ"/>
		<feat xlink:href="#sSpan94" value="ⲙⲛ"/>
		<feat xlink:href="#sSpan97" value="ⲙⲛⲧⲙⲉ"/>
		<feat xlink:href="#sSpan101" value="ⲛⲁ"/>
		<feat xlink:href="#sSpan105" value="ϣⲱⲡⲉ"/>
		<feat xlink:href="#sSpan107" value="ⲛ"/>
		<feat xlink:href="#sSpan111" value="ⲣⲱⲙⲉ"/>
		<feat xlink:href="#sSpan115" value="ⲭⲱⲣⲓⲥ"/>
		<feat xlink:href="#sSpan119" value="ϣⲓ"/>
		<feat xlink:href="#sSpan124" value="ⲙ"/>
		<feat xlink:href="#sSpan129" value="ⲙⲉ"/>
		<feat xlink:href="#sSpan132" value="ⲙⲁⲗⲓⲥⲧⲁ"/>
		<feat xlink:href="#sSpan136" value="ⲙⲏⲏϣⲉ"/>
		<feat xlink:href="#sSpan141" value="ⲉ"/>
		<feat xlink:href="#sSpan145" value="ⲙⲛ"/>
		<feat xlink:href="#sSpan147" value="ⲡ"/>
		<feat xlink:href="#sSpan150" value="ⲉⲧ"/>
		<feat xlink:href="#sSpan153" value="ⲣϩⲙⲙⲉ"/>
		<feat xlink:href="#sSpan156" value="ⲙⲙⲟ"/>
		<feat xlink:href="#sSpan160" value="ⲟⲩ"/>
		<feat xlink:href="#sSpan162" value="ϩⲛ"/>
		<feat xlink:href="#sSpan166" value="ⲟⲩ"/>
		<feat xlink:href="#sSpan169" value="ϣⲱϣ"/>
		<feat xlink:href="#sSpan171" value="ⲥⲉ"/>
		<feat xlink:href="#sSpan177" value="ⲛⲁ"/>
		<feat xlink:href="#sSpan179" value="ⲣ"/>
		<feat xlink:href="#sSpan182" value="ⲧ"/>
		<feat xlink:href="#sSpan185" value="ϩⲉ"/>
		<feat xlink:href="#sSpan187" value="ⲛ"/>
		<feat xlink:href="#sSpan191" value="ⲟⲩ"/>
		<feat xlink:href="#sSpan194" value="ϫⲟⲉⲓ"/>
		<feat xlink:href="#sSpan196" value="ⲉ"/>
		<feat xlink:href="#sSpan200" value="ϥ"/>
		<feat xlink:href="#sSpan202" value="ⲟ"/>
		<feat xlink:href="#sSpan204" value="ⲛ"/>
		<feat xlink:href="#sSpan208" value="ϭⲱⲧϩ"/>
		<feat xlink:href="#sSpan211" value="ϭⲱⲧϩ"/>
		<feat xlink:href="#sSpan215" value="ⲉ"/>
		<feat xlink:href="#sSpan219" value="ⲛ"/>
		<feat xlink:href="#sSpan221" value="ⲅ"/>
		<feat xlink:href="#sSpan223" value="ⲛⲁ"/>
		<feat xlink:href="#sSpan225" value="ϣ"/>
		<feat xlink:href="#sSpan227" value="ⲛϩⲉⲧ"/>
		<feat xlink:href="#sSpan229" value="ⲡⲉϥ"/>
		<feat xlink:href="#sSpan232" value="ⲥϭⲏⲣ"/>
		<feat xlink:href="#sSpan234" value="ⲁⲛ"/>
		<feat xlink:href="#sSpan238" value="ϫⲓⲛ"/>
		<feat xlink:href="#sSpan242" value="ⲡⲓ"/>
		<feat xlink:href="#sSpan245" value="ⲕⲣⲟ"/>
		<feat xlink:href="#sSpan247" value="ⲉ"/>
		<feat xlink:href="#sSpan252" value="ⲡⲉⲓ"/>
		<feat xlink:href="#sSpan255" value="ⲕⲣⲟ"/>
		<feat xlink:href="#sSpan257" value="ⲛ"/>
		<feat xlink:href="#sSpan261" value="ⲧ"/>
		<feat xlink:href="#sSpan265" value="ⲑⲁⲗⲁⲥⲥⲁ"/>
		<feat xlink:href="#sSpan267" value="ϫⲉ"/>
		<feat xlink:href="#sSpan271" value="ⲛⲛ"/>
		<feat xlink:href="#sSpan273" value="ⲁ"/>
		<feat xlink:href="#sSpan275" value="ϫⲟⲟ"/>
		<feat xlink:href="#sSpan277" value="ⲥ"/>
		<feat xlink:href="#sSpan279" value="ϫⲉ"/>
		<feat xlink:href="#sSpan283" value="ⲡⲉⲥ"/>
		<feat xlink:href="#sSpan287" value="ⲡⲉⲗⲁⲅⲟⲥ"/>
		<feat xlink:href="#sSpan289" value="."/>
		<feat xlink:href="#sSpan293" value="ϩⲟⲓⲛⲉ"/>
		<feat xlink:href="#sSpan300" value="ⲉ"/>
		<feat xlink:href="#sSpan304" value="ⲩ"/>
		<feat xlink:href="#sSpan307" value="ϫⲓϭⲟⲗ"/>
		<feat xlink:href="#sSpan310" value="ⲉⲧⲃⲉ"/>
		<feat xlink:href="#sSpan316" value="ϩⲉⲛ"/>
		<feat xlink:href="#sSpan319" value="ⲭ....."/>
		<feat xlink:href="#sSpan321" value="ⲛ"/>
		<feat xlink:href="#sSpan326" value="ⲥⲱⲙⲁⲧⲓⲕⲟⲛ"/>
		<feat xlink:href="#sSpan329" value="ϩⲉⲛ"/>
		<feat xlink:href="#sSpan333" value="ⲕⲟⲟⲩⲉ"/>
		<feat xlink:href="#sSpan335" value="ⲉ"/>
		<feat xlink:href="#sSpan339" value="ⲩ"/>
		<feat xlink:href="#sSpan341" value="ⲕⲣⲙⲣⲙ"/>
		<feat xlink:href="#sSpan343" value="ⲉⲧⲃⲉ"/>
		<feat xlink:href="#sSpan347" value="ⲛⲉⲓ"/>
		<feat xlink:href="#sSpan351" value="ⲁⲫⲟⲣⲙⲏ"/>
		<feat xlink:href="#sSpan354" value="ⲛ"/>
		<feat xlink:href="#sSpan358" value="ⲛ"/>
		<feat xlink:href="#sSpan360" value="ⲟⲩⲱⲧ"/>
		<feat xlink:href="#sSpan362" value="ϩⲟⲓⲛⲉ"/>
		<feat xlink:href="#sSpan366" value="ⲉ"/>
		<feat xlink:href="#sSpan370" value="ⲩ"/>
		<feat xlink:href="#sSpan372" value="ⲟⲩⲉϣ"/>
		<feat xlink:href="#sSpan374" value="ϫⲓⲟⲩⲉ"/>
		<feat xlink:href="#sSpan378" value="ⲏ"/>
		<feat xlink:href="#sSpan382" value="ⲣⲱ"/>
		<feat xlink:href="#sSpan386" value="ⲉ"/>
		<feat xlink:href="#sSpan390" value="ⲩ"/>
		<feat xlink:href="#sSpan393" value="ϫⲓⲟⲩⲉ"/>
		<feat xlink:href="#sSpan395" value="ϩⲉⲛ"/>
		<feat xlink:href="#sSpan399" value="ⲕⲟⲟⲩⲉ"/>
		<feat xlink:href="#sSpan401" value="ⲉ"/>
		<feat xlink:href="#sSpan406" value="ⲩ"/>
		<feat xlink:href="#sSpan409" value="ϭⲛⲁⲣⲓⲕⲉ"/>
		<feat xlink:href="#sSpan412" value="ϩⲟⲓⲛⲉ"/>
		<feat xlink:href="#sSpan419" value="ϩⲛ"/>
		<feat xlink:href="#sSpan423" value="ϩⲉⲛ"/>
		<feat xlink:href="#sSpan427" value="ⲙⲛⲧⲛⲟⲩϫ"/>
		<feat xlink:href="#sSpan430" value="ϩⲉⲛ"/>
		<feat xlink:href="#sSpan435" value="ⲕⲟⲟⲩⲉ"/>
		<feat xlink:href="#sSpan437" value="ϩⲛ"/>
		<feat xlink:href="#sSpan441" value="ⲟⲩ"/>
		<feat xlink:href="#sSpan444" value="ϩⲏⲧ"/>
		<feat xlink:href="#sSpan446" value="ⲛ"/>
		<feat xlink:href="#sSpan450" value="ϣⲙⲙⲟ"/>
		<feat xlink:href="#sSpan453" value="ϩⲟⲓⲛⲉ"/>
		<feat xlink:href="#sSpan459" value="ⲉ"/>
		<feat xlink:href="#sSpan463" value="ⲩ"/>
		<feat xlink:href="#sSpan465" value="ⲟⲩⲉϣ"/>
		<feat xlink:href="#sSpan467" value="ⲟⲩ"/>
		<feat xlink:href="#sSpan470" value="ϩⲛⲟ"/>
		<feat xlink:href="#sSpan472" value="ⲙⲁⲩⲁⲁ"/>
		<feat xlink:href="#sSpan476" value="ⲩ"/>
		<feat xlink:href="#sSpan478" value="ϩⲉⲛ"/>
		<feat xlink:href="#sSpan483" value="ⲕⲟⲟⲩⲉ"/>
		<feat xlink:href="#sSpan485" value="ⲉ"/>
		<feat xlink:href="#sSpan489" value="ⲩ"/>
		<feat xlink:href="#sSpan491" value="ⲟⲩⲉϣ"/>
		<feat xlink:href="#sSpan493" value="ϫⲉ"/>
		<feat xlink:href="#sSpan497" value="ⲙⲡⲉ"/>
		<feat xlink:href="#sSpan499" value="ⲩ"/>
		<feat xlink:href="#sSpan501" value="ⲙⲧⲟⲛ"/>
		<feat xlink:href="#sSpan503" value="ⲙⲙⲓⲛⲙⲙⲟ"/>
		<feat xlink:href="#sSpan508" value="ⲟⲩ"/>
		<feat xlink:href="#sSpan511" value="ⲉⲓⲧⲉ"/>
		<feat xlink:href="#sSpan515" value="ⲉ"/>
		<feat xlink:href="#sSpan519" value="ⲩ"/>
		<feat xlink:href="#sSpan521" value="ϣⲱⲛⲉ"/>
		<feat xlink:href="#sSpan524" value="ⲉⲓⲧⲉ"/>
		<feat xlink:href="#sSpan528" value="ⲉ"/>
		<feat xlink:href="#sSpan532" value="ⲩ"/>
		<feat xlink:href="#sSpan534" value="ⲙⲟⲧⲛ"/>
		<feat xlink:href="#sSpan536" value="ⲉⲃⲟⲗ"/>
		<feat xlink:href="#sSpan541" value="ϫⲉ"/>
		<feat xlink:href="#sSpan545" value="ⲡⲁⲓ"/>
		<feat xlink:href="#sSpan548" value="ⲡ"/>
		<feat xlink:href="#sSpan552" value="ⲉⲧ"/>
		<feat xlink:href="#sSpan554" value="ϣⲟⲟⲡ"/>
		<feat xlink:href="#sSpan556" value="ⲛ"/>
		<feat xlink:href="#sSpan561" value="ϩⲁϩ"/>
		<feat xlink:href="#sSpan564" value="ⲛ"/>
		<feat xlink:href="#sSpan569" value="ⲗⲁⲟⲥ"/>
		<feat xlink:href="#sSpan571" value="ⲉ"/>
		<feat xlink:href="#sSpan575" value="ⲩ"/>
		<feat xlink:href="#sSpan577" value="ϫⲱ"/>
		<feat xlink:href="#sSpan579" value="ⲙⲙⲟ"/>
		<feat xlink:href="#sSpan583" value="ⲥ"/>
		<feat xlink:href="#sSpan585" value="ϫⲉ"/>
		<feat xlink:href="#sSpan589" value="ⲉ"/>
		<feat xlink:href="#sSpan591" value="ⲩ"/>
		<feat xlink:href="#sSpan593" value="ⲟ"/>
		<feat xlink:href="#sSpan595" value="ⲛ"/>
		<feat xlink:href="#sSpan600" value="ⲕⲟⲓⲛⲱⲛⲓⲁ"/>
		<feat xlink:href="#sSpan603" value="ⲙⲛ"/>
		<feat xlink:href="#sSpan607" value="ⲛⲉⲩ"/>
		<feat xlink:href="#sSpan609" value="ⲉⲣⲏⲩ"/>
		<feat xlink:href="#sSpan611" value="ⲛ"/>
		<feat xlink:href="#sSpan615" value="ⲥⲉ"/>
		<feat xlink:href="#sSpan617" value="ⲟ"/>
		<feat xlink:href="#sSpan619" value="ⲁⲛ"/>
		<feat xlink:href="#sSpan623" value="ϩⲛ"/>
		<feat xlink:href="#sSpan627" value="ⲟⲩ"/>
		<feat xlink:href="#sSpan631" value="ⲥⲟⲟⲩⲧⲛ"/>
		<feat xlink:href="#sSpan633" value="."/>
		<feat xlink:href="#sSpan637" value="ⲙⲛ"/>
		<feat xlink:href="#sSpan643" value="ⲣⲱⲙⲉ"/>
		<feat xlink:href="#sSpan646" value="ⲉ"/>
		<feat xlink:href="#sSpan650" value="ϥ"/>
		<feat xlink:href="#sSpan652" value="ⲟ"/>
		<feat xlink:href="#sSpan654" value="ⲛ"/>
		<feat xlink:href="#sSpan659" value="ⲕⲟⲓⲛⲱⲛⲓⲁ"/>
		<feat xlink:href="#sSpan662" value="ϩⲛ"/>
		<feat xlink:href="#sSpan666" value="ⲟⲩ"/>
		<feat xlink:href="#sSpan668" value="ⲙⲉ"/>
		<feat xlink:href="#sSpan670" value="ⲛⲁ"/>
		<feat xlink:href="#sSpan674" value="ⲣ"/>
		<feat xlink:href="#sSpan676" value="ⲡⲉⲩ"/>
		<feat xlink:href="#sSpan679" value="ⲙⲧⲟⲛ"/>
		<feat xlink:href="#sSpan681" value="ⲙⲁⲩⲁⲁⲧ"/>
		<feat xlink:href="#sSpan686" value="ⲟⲩ"/>
		<feat xlink:href="#sSpan688" value="ⲉⲛⲉϩ"/>
		<feat xlink:href="#sSpan692" value="ⲛ"/>
		<feat xlink:href="#sSpan696" value="ⲥⲉ"/>
		<feat xlink:href="#sSpan698" value="ⲕⲁ"/>
		<feat xlink:href="#sSpan700" value="ⲛ"/>
		<feat xlink:href="#sSpan703" value="ⲉⲧ"/>
		<feat xlink:href="#sSpan705" value="ⲟⲩⲟ"/>
		<feat xlink:href="#sSpan707" value="ⲛ"/>
		<feat xlink:href="#sSpan712" value="ⲕⲟⲓⲛⲱⲛⲓⲁ"/>
		<feat xlink:href="#sSpan715" value="ⲛⲓⲙ"/>
		<feat xlink:href="#sSpan719" value="ⲛⲙⲙⲁ"/>
		<feat xlink:href="#sSpan723" value="ⲩ"/>
		<feat xlink:href="#sSpan725" value="."/>
		<feat xlink:href="#sSpan729" value="ⲧ"/>
		<feat xlink:href="#sSpan737" value="ⲕⲟⲓⲛⲱⲛⲓⲁ"/>
		<feat xlink:href="#sSpan739" value="ⲉⲧ"/>
		<feat xlink:href="#sSpan743" value="ϫⲏⲕ"/>
		<feat xlink:href="#sSpan745" value="ⲉⲃⲟⲗ"/>
		<feat xlink:href="#sSpan750" value="ⲡⲉ"/>
		<feat xlink:href="#sSpan754" value="ϣⲱⲡⲉ"/>
		<feat xlink:href="#sSpan758" value="ϩⲙ"/>
		<feat xlink:href="#sSpan762" value="ⲡⲉⲓ"/>
		<feat xlink:href="#sSpan765" value="ϣⲱϣ"/>
		<feat xlink:href="#sSpan767" value="ⲛ"/>
		<feat xlink:href="#sSpan771" value="ⲟⲩⲱⲧ"/>
		<feat xlink:href="#sSpan773" value="ⲁⲩⲱ"/>
		<feat xlink:href="#sSpan777" value="ⲟⲩⲟⲓ"/>
		<feat xlink:href="#sSpan781" value="ⲛ"/>
		<feat xlink:href="#sSpan785" value="ⲛ"/>
		<feat xlink:href="#sSpan788" value="ⲉⲧ"/>
		<feat xlink:href="#sSpan790" value="ⲟⲩⲏϩ"/>
		<feat xlink:href="#sSpan792" value="ϩⲛ"/>
		<feat xlink:href="#sSpan796" value="ⲛⲓ"/>
		<feat xlink:href="#sSpan800" value="ⲧⲟⲡⲟⲥ"/>
		<feat xlink:href="#sSpan802" value="ⲛ"/>
		<feat xlink:href="#sSpan807" value="ⲟⲩⲟⲉⲓϣ"/>
		<feat xlink:href="#sSpan810" value="ⲛⲓⲙ"/>
		<feat xlink:href="#sSpan814" value="ⲉⲩϣⲁⲛ"/>
		<feat xlink:href="#sSpan818" value="ϣⲱⲡⲉ"/>
		<feat xlink:href="#sSpan820" value="ϩⲛ"/>
		<feat xlink:href="#sSpan824" value="ϩⲉⲛ"/>
		<feat xlink:href="#sSpan827" value="ⲕⲉ"/>
		<feat xlink:href="#sSpan829" value="ⲥⲙⲟⲧ"/>
		<feat xlink:href="#sSpan831" value="ⲙ"/>
		<feat xlink:href="#sSpan836" value="ⲙⲛⲧⲣⲉϥϫⲓϩⲟ"/>
		<feat xlink:href="#sSpan842" value="."/>
		<feat xlink:href="#sSpan846" value="ⲉⲧⲃⲉ"/>
		<feat xlink:href="#sSpan853" value="ⲡⲁⲓ"/>
		<feat xlink:href="#sSpan856" value="ϯ"/>
		<feat xlink:href="#sSpan861" value="ⲧⲱϣ"/>
		<feat xlink:href="#sSpan864" value="ⲉ"/>
		<feat xlink:href="#sSpan868" value="ⲧⲣⲉ"/>
		<feat xlink:href="#sSpan870" value="ⲡⲉⲓ"/>
		<feat xlink:href="#sSpan873" value="ϣⲟⲙⲛⲧ"/>
		<feat xlink:href="#sSpan875" value="ⲛ"/>
		<feat xlink:href="#sSpan880" value="ⲉⲓⲇⲟⲥ"/>
		<feat xlink:href="#sSpan882" value="ϭⲱ"/>
		<feat xlink:href="#sSpan886" value="ϩⲛ"/>
		<feat xlink:href="#sSpan890" value="ⲛⲓ"/>
		<feat xlink:href="#sSpan894" value="ⲧⲟⲡⲟⲥ"/>
		<feat xlink:href="#sSpan897" value="ⲉⲧⲃⲉ"/>
		<feat xlink:href="#sSpan901" value="ⲛ"/>
		<feat xlink:href="#sSpan904" value="ⲉⲧ"/>
		<feat xlink:href="#sSpan906" value="ϣⲱⲛⲉ"/>
		<feat xlink:href="#sSpan908" value="ϩⲣⲁⲓ"/>
		<feat xlink:href="#sSpan913" value="ⲛϩⲏⲧ"/>
		<feat xlink:href="#sSpan917" value="ⲛ"/>
		<feat xlink:href="#sSpan919" value="ⲛ"/>
		<feat xlink:href="#sSpan923" value="ⲟⲩⲟⲉⲓϣ"/>
		<feat xlink:href="#sSpan926" value="ⲛⲓⲙ"/>
		<feat xlink:href="#sSpan930" value="ⲡ"/>
		<feat xlink:href="#sSpan934" value="ϫⲓⲣ"/>
		<feat xlink:href="#sSpan936" value="ⲛ"/>
		<feat xlink:href="#sSpan940" value="ⲧⲃⲧ"/>
		<feat xlink:href="#sSpan943" value="ⲡ"/>
		<feat xlink:href="#sSpan947" value="ϩⲁⲗⲱⲙ"/>
		<feat xlink:href="#sSpan949" value="ⲛ"/>
		<feat xlink:href="#sSpan953" value="ⲧ"/>
		<feat xlink:href="#sSpan955" value="ϩⲉ"/>
		<feat xlink:href="#sSpan957" value="ⲉⲧ"/>
		<feat xlink:href="#sSpan961" value="ⲟⲩⲁϣϥ"/>
		<feat xlink:href="#sSpan963" value="ⲙⲙⲟ"/>
		<feat xlink:href="#sSpan967" value="ⲥ"/>
		<feat xlink:href="#sSpan970" value="ⲉⲓⲧⲉ"/>
		<feat xlink:href="#sSpan975" value="ⲉ"/>
		<feat xlink:href="#sSpan979" value="ϥ"/>
		<feat xlink:href="#sSpan981" value="ϣⲟⲟⲩⲉ"/>
		<feat xlink:href="#sSpan984" value="ⲏ"/>
		<feat xlink:href="#sSpan988" value="ⲉ"/>
		<feat xlink:href="#sSpan992" value="ϥ"/>
		<feat xlink:href="#sSpan994" value="ⲙⲟⲗϩ"/>
		<feat xlink:href="#sSpan996" value="ⲁⲩⲱ"/>
		<feat xlink:href="#sSpan1000" value="ⲧ"/>
		<feat xlink:href="#sSpan1005" value="ⲥⲟⲟⲩϩⲉ"/>
		<feat xlink:href="#sSpan1008" value="ⲉⲓⲧⲉ"/>
		<feat xlink:href="#sSpan1012" value="ⲉ"/>
		<feat xlink:href="#sSpan1016" value="ⲥ"/>
		<feat xlink:href="#sSpan1018" value="ⲙⲟⲗϩ"/>
		<feat xlink:href="#sSpan1021" value="ⲉⲓⲧⲉ"/>
		<feat xlink:href="#sSpan1025" value="ⲉ"/>
		<feat xlink:href="#sSpan1029" value="ⲩ"/>
		<feat xlink:href="#sSpan1031" value="ⲟⲩⲉϣ"/>
		<feat xlink:href="#sSpan1033" value="ⲧⲉⲕⲥ"/>
		<feat xlink:href="#sSpan1035" value="ⲉ"/>
		<feat xlink:href="#sSpan1041" value="ⲩ"/>
		<feat xlink:href="#sSpan1044" value="ⲟⲩⲟⲟⲧⲉ"/>
		<feat xlink:href="#sSpan1046" value="ⲉ"/>
		<feat xlink:href="#sSpan1050" value="ϥ"/>
		<feat xlink:href="#sSpan1052" value="ⲡⲟⲥⲉ"/>
		<feat xlink:href="#sSpan1055" value="ⲏ"/>
		<feat xlink:href="#sSpan1059" value="ⲛ"/>
		<feat xlink:href="#sSpan1063" value="ⲧ"/>
		<feat xlink:href="#sSpan1065" value="ϩⲉ"/>
		<feat xlink:href="#sSpan1067" value="ⲉⲧ"/>
		<feat xlink:href="#sSpan1071" value="ⲟⲩ"/>
		<feat xlink:href="#sSpan1073" value="ⲟⲩⲁϣ"/>
		<feat xlink:href="#sSpan1075" value="ⲥ"/>
		<feat xlink:href="#sSpan1077" value="ⲙⲙⲟ"/>
		<feat xlink:href="#sSpan1081" value="ⲥ"/>
		<feat xlink:href="#sSpan1083" value="."/>
		<feat xlink:href="#sSpan1088" value="ⲙⲟⲛⲟⲛ"/>
		<feat xlink:href="#sSpan1095" value="ⲛ"/>
		<feat xlink:href="#sSpan1099" value="ⲛ"/>
		<feat xlink:href="#sSpan1102" value="ⲣⲱⲙⲉ"/>
		<feat xlink:href="#sSpan1104" value="ⲟⲩⲱⲙ"/>
		<feat xlink:href="#sSpan1108" value="ϩⲛⲟ"/>
		<feat xlink:href="#sSpan1114" value="ⲛ"/>
		<feat xlink:href="#sSpan1118" value="ⲧⲉⲓ"/>
		<feat xlink:href="#sSpan1120" value="ϩⲉ"/>
		<feat xlink:href="#sSpan1122" value="ϩⲣⲁⲓ"/>
		<feat xlink:href="#sSpan1126" value="ⲛϩⲏⲧ"/>
		<feat xlink:href="#sSpan1130" value="ⲛ"/>
		<feat xlink:href="#sSpan1132" value="ⲛ"/>
		<feat xlink:href="#sSpan1136" value="ⲟⲩⲟⲉⲓϣ"/>
		<feat xlink:href="#sSpan1139" value="ⲛⲓⲙ"/>
		<feat xlink:href="#sSpan1144" value="ⲉⲓⲧⲉ"/>
		<feat xlink:href="#sSpan1148" value="ϩⲟⲟⲩⲧ"/>
		<feat xlink:href="#sSpan1154" value="ⲉⲓⲧⲉ"/>
		<feat xlink:href="#sSpan1158" value="ⲥϩⲓⲙⲉ"/>
		<feat xlink:href="#sSpan1164" value="ⲭⲱⲣⲓⲥ"/>
		<feat xlink:href="#sSpan1168" value="ⲛ"/>
		<feat xlink:href="#sSpan1174" value="ⲉⲧ"/>
		<feat xlink:href="#sSpan1176" value="ϣⲱⲛⲉ"/>
		<feat xlink:href="#sSpan1178" value="ⲛⲁⲙⲉ"/>
		<feat xlink:href="#sSpan1182" value="ⲉ"/>
		<feat xlink:href="#sSpan1187" value="ⲁ"/>
		<feat xlink:href="#sSpan1189" value="ⲩ"/>
		<feat xlink:href="#sSpan1191" value="ⲉⲓⲙⲉ"/>
		<feat xlink:href="#sSpan1193" value="ⲉⲣⲟ"/>
		<feat xlink:href="#sSpan1197" value="ⲟⲩ"/>
		<feat xlink:href="#sSpan1199" value="ϩⲓⲧⲙ"/>
		<feat xlink:href="#sSpan1203" value="ⲛⲉ"/>
		<feat xlink:href="#sSpan1206" value="ⲥⲛⲏⲩ"/>
		<feat xlink:href="#sSpan1208" value="ⲧⲏⲣ"/>
		<feat xlink:href="#sSpan1212" value="ⲟⲩ"/>
		<feat xlink:href="#sSpan1214" value="ⲙ"/>
		<feat xlink:href="#sSpan1219" value="ⲡⲓⲥⲧⲟⲥ"/>
		<feat xlink:href="#sSpan1221" value="ⲛ"/>
		<feat xlink:href="#sSpan1225" value="ϩⲟⲩⲟ"/>
		<feat xlink:href="#sSpan1228" value="ⲇⲉ"/>
		<feat xlink:href="#sSpan1233" value="ⲛ"/>
		<feat xlink:href="#sSpan1238" value="ⲉⲓⲟⲧⲉ"/>
		<feat xlink:href="#sSpan1240" value="ⲛ"/>
		<feat xlink:href="#sSpan1244" value="ⲛⲉⲓ"/>
		<feat xlink:href="#sSpan1248" value="ⲧⲟⲡⲟⲥ"/>
		<feat xlink:href="#sSpan1250" value="ⲛ"/>
		<feat xlink:href="#sSpan1254" value="ⲟⲩⲟⲉⲓϣ"/>
		<feat xlink:href="#sSpan1257" value="ⲛⲓⲙ"/>
		<feat xlink:href="#sSpan1261" value="ⲛⲁⲓ"/>
		<feat xlink:href="#sSpan1265" value="ⲉⲧ"/>
		<feat xlink:href="#sSpan1269" value="ⲛⲁ"/>
		<feat xlink:href="#sSpan1272" value="ϯⲗⲟⲅⲟⲥ"/>
		<feat xlink:href="#sSpan1276" value="ⲙ"/>
		<feat xlink:href="#sSpan1280" value="ⲡ"/>
		<feat xlink:href="#sSpan1283" value="ⲛⲟⲩⲧⲉ"/>
		<feat xlink:href="#sSpan1285" value="ϩⲁ"/>
		<feat xlink:href="#sSpan1289" value="ⲛ"/>
		<feat xlink:href="#sSpan1293" value="ⲉⲧ"/>
		<feat xlink:href="#sSpan1295" value="ⲥⲟⲟⲩϩ"/>
		<feat xlink:href="#sSpan1297" value="ⲛϩⲏⲧ"/>
		<feat xlink:href="#sSpan1301" value="ⲟⲩ"/>
		<feat xlink:href="#sSpan1303" value="."/>
		<feat xlink:href="#sSpan1307" value="ⲛⲛⲉ"/>
		<feat xlink:href="#sSpan1313" value="ⲣⲱⲙⲉ"/>
		<feat xlink:href="#sSpan1316" value="ⲟⲩⲱⲙ"/>
		<feat xlink:href="#sSpan1320" value="ϩⲛⲟ"/>
		<feat xlink:href="#sSpan1325" value="ⲛ"/>
		<feat xlink:href="#sSpan1329" value="ⲧⲉⲓ"/>
		<feat xlink:href="#sSpan1331" value="ϩⲉ"/>
		<feat xlink:href="#sSpan1333" value="ϩⲛ"/>
		<feat xlink:href="#sSpan1337" value="ⲗⲁⲁⲩ"/>
		<feat xlink:href="#sSpan1340" value="ⲙ"/>
		<feat xlink:href="#sSpan1344" value="ⲙⲁ"/>
		<feat xlink:href="#sSpan1347" value="ⲉⲓⲙⲏⲧⲓ"/>
		<feat xlink:href="#sSpan1352" value="ⲉ"/>
		<feat xlink:href="#sSpan1356" value="ⲡ"/>
		<feat xlink:href="#sSpan1359" value="ⲙⲁ"/>
		<feat xlink:href="#sSpan1361" value="ⲛ"/>
		<feat xlink:href="#sSpan1365" value="ⲛ"/>
		<feat xlink:href="#sSpan1368" value="ⲣⲱⲙⲉ"/>
		<feat xlink:href="#sSpan1370" value="ⲉⲧ"/>
		<feat xlink:href="#sSpan1374" value="ϣⲱⲛⲉ"/>
		<feat xlink:href="#sSpan1376" value="ⲙⲁⲩⲁⲁⲧ"/>
		<feat xlink:href="#sSpan1380" value="ⲟⲩ"/>
		<feat xlink:href="#sSpan1383" value="ⲉ"/>
		<feat xlink:href="#sSpan1388" value="ϣⲁ"/>
		<feat xlink:href="#sSpan1390" value="ⲩ"/>
		<feat xlink:href="#sSpan1392" value="ϣⲓⲛⲉ"/>
		<feat xlink:href="#sSpan1395" value="ⲛⲥⲁ"/>
		<feat xlink:href="#sSpan1399" value="ⲡ"/>
		<feat xlink:href="#sSpan1402" value="ⲗⲉⲯⲉ"/>
		<feat xlink:href="#sSpan1404" value="ⲛ"/>
		<feat xlink:href="#sSpan1409" value="ⲏⲣⲡ"/>
		<feat xlink:href="#sSpan1412" value="ⲉ"/>
		<feat xlink:href="#sSpan1418" value="ⲩ"/>
		<feat xlink:href="#sSpan1420" value="ⲛⲁ"/>
		<feat xlink:href="#sSpan1422" value="ϣⲓⲛⲉ"/>
		<feat xlink:href="#sSpan1424" value="ⲟⲛ"/>
		<feat xlink:href="#sSpan1428" value="ⲛⲥⲁ"/>
		<feat xlink:href="#sSpan1432" value="ⲛⲉⲓ"/>
		<feat xlink:href="#sSpan1435" value="ⲕⲟⲟⲩⲉ"/>
		<feat xlink:href="#sSpan1437" value="ⲁⲩⲱ"/>
		<feat xlink:href="#sSpan1441" value="ⲉ"/>
		<feat xlink:href="#sSpan1445" value="ⲩ"/>
		<feat xlink:href="#sSpan1447" value="ⲛⲁ"/>
		<feat xlink:href="#sSpan1449" value="ϣⲱⲡⲉ"/>
		<feat xlink:href="#sSpan1451" value="ⲟⲛ"/>
		<feat xlink:href="#sSpan1455" value="ϩⲙ"/>
		<feat xlink:href="#sSpan1459" value="ⲡ"/>
		<feat xlink:href="#sSpan1462" value="ⲙⲁ"/>
		<feat xlink:href="#sSpan1464" value="ⲛ"/>
		<feat xlink:href="#sSpan1469" value="ⲧ"/>
		<feat xlink:href="#sSpan1473" value="ⲇⲓⲁⲕⲟⲛⲓⲁ"/>
		<feat xlink:href="#sSpan1475" value="ⲉ"/>
		<feat xlink:href="#sSpan1479" value="ⲧⲣⲉ"/>
		<feat xlink:href="#sSpan1481" value="ⲡ"/>
		<feat xlink:href="#sSpan1484" value="ⲉⲧ"/>
		<feat xlink:href="#sSpan1487" value="ⲁⲣⲭⲉⲓ"/>
		<feat xlink:href="#sSpan1490" value="ⲏ"/>
		<feat xlink:href="#sSpan1494" value="ⲡ"/>
		<feat xlink:href="#sSpan1499" value="ⲉⲧ"/>
		<feat xlink:href="#sSpan1501" value="ⲛⲁ"/>
		<feat xlink:href="#sSpan1504" value="ⲁⲣⲭⲉⲓ"/>
		<feat xlink:href="#sSpan1506" value="ⲉϫⲛ"/>
		<feat xlink:href="#sSpan1510" value="ⲛⲉⲓ"/>
		<feat xlink:href="#sSpan1514" value="ⲧⲟⲡⲟⲥ"/>
		<feat xlink:href="#sSpan1516" value="ⲛ"/>
		<feat xlink:href="#sSpan1520" value="ⲟⲩⲟⲉⲓϣ"/>
		<feat xlink:href="#sSpan1523" value="ⲛⲓⲙ"/>
		<feat xlink:href="#sSpan1528" value="ϯ"/>
		<feat xlink:href="#sSpan1532" value="ⲛⲁⲩ"/>
		<feat xlink:href="#sSpan1534" value="ⲛ"/>
		<feat xlink:href="#sSpan1538" value="ⲧⲉⲩ"/>
		<feat xlink:href="#sSpan1542" value="ⲭⲣⲉⲓⲁ"/>
		<feat xlink:href="#sSpan1544" value="ϩⲙ"/>
		<feat xlink:href="#sSpan1548" value="ⲡ"/>
		<feat xlink:href="#sSpan1551" value="ⲧⲣⲉ"/>
		<feat xlink:href="#sSpan1553" value="ⲩ"/>
		<feat xlink:href="#sSpan1555" value="ⲛⲁⲩ"/>
		<feat xlink:href="#sSpan1557" value="ⲉ"/>
		<feat xlink:href="#sSpan1561" value="ⲧ"/>
		<feat xlink:href="#sSpan1564" value="ⲙⲓⲛⲉ"/>
		<feat xlink:href="#sSpan1566" value="ⲙ"/>
		<feat xlink:href="#sSpan1570" value="ⲡ"/>
		<feat xlink:href="#sSpan1573" value="ⲣⲱⲙⲉ"/>
		<feat xlink:href="#sSpan1575" value="ⲙⲛ"/>
		<feat xlink:href="#sSpan1579" value="ⲡⲉϥ"/>
		<feat xlink:href="#sSpan1582" value="ϣⲱⲛⲉ"/>
		<feat xlink:href="#sSpan1585" value="ϩⲓⲧⲛ"/>
		<feat xlink:href="#sSpan1589" value="ϣⲟⲙⲛⲧ"/>
		<feat xlink:href="#sSpan1592" value="ⲁⲩⲱ"/>
		<feat xlink:href="#sSpan1596" value="ⲙⲏⲧ"/>
		<feat xlink:href="#sSpan1601" value="ⲛ"/>
		<feat xlink:href="#sSpan1605" value="ⲣⲱⲙⲉ"/>
		<feat xlink:href="#sSpan1607" value="ϩⲣⲁⲓ"/>
		<feat xlink:href="#sSpan1611" value="ⲛϩⲏⲧ"/>
		<feat xlink:href="#sSpan1615" value="ⲛ"/>
		<feat xlink:href="#sSpan1617" value="ⲛ"/>
		<feat xlink:href="#sSpan1621" value="ⲟⲩⲟⲉⲓϣ"/>
		<feat xlink:href="#sSpan1624" value="ⲛⲓⲙ"/>
		<feat xlink:href="#sSpan1628" value="ⲉ"/>
		<feat xlink:href="#sSpan1632" value="ⲩ"/>
		<feat xlink:href="#sSpan1634" value="ⲟ"/>
		<feat xlink:href="#sSpan1636" value="ⲙ"/>
		<feat xlink:href="#sSpan1641" value="ⲙⲛⲧⲣⲉ"/>
		<feat xlink:href="#sSpan1644" value="ⲉ"/>
		<feat xlink:href="#sSpan1648" value="ⲛ"/>
		<feat xlink:href="#sSpan1650" value="ⲉⲛⲧ"/>
		<feat xlink:href="#sSpan1652" value="ⲁ"/>
		<feat xlink:href="#sSpan1654" value="ⲩ"/>
		<feat xlink:href="#sSpan1656" value="ⲉⲓ"/>
		<feat xlink:href="#sSpan1659" value="ⲉϩⲣⲁⲓ"/>
		<feat xlink:href="#sSpan1663" value="ⲉ"/>
		<feat xlink:href="#sSpan1667" value="ⲛⲉⲓ"/>
		<feat xlink:href="#sSpan1671" value="ⲭⲣⲉⲓⲁ"/>
		<feat xlink:href="#sSpan1673" value="ⲛ"/>
		<feat xlink:href="#sSpan1677" value="ⲧⲉⲓ"/>
		<feat xlink:href="#sSpan1679" value="ϩⲉ"/>
		<feat xlink:href="#sSpan1682" value="ⲉ"/>
		<feat xlink:href="#sSpan1686" value="ⲩ"/>
		<feat xlink:href="#sSpan1688" value="ⲛⲁ"/>
		<feat xlink:href="#sSpan1690" value="ⲧⲁⲁ"/>
		<feat xlink:href="#sSpan1692" value="ⲩ"/>
		<feat xlink:href="#sSpan1694" value="ⲛⲁ"/>
		<feat xlink:href="#sSpan1698" value="ⲩ"/>
		<feat xlink:href="#sSpan1700" value="ϩⲙ"/>
		<feat xlink:href="#sSpan1704" value="ⲡ"/>
		<feat xlink:href="#sSpan1707" value="ϣⲓ"/>
		<feat xlink:href="#sSpan1709" value="ⲙ"/>
		<feat xlink:href="#sSpan1714" value="ⲙⲉ"/>
		<feat xlink:href="#sSpan1716" value="ϩⲛ"/>
		<feat xlink:href="#sSpan1720" value="ⲧ"/>
		<feat xlink:href="#sSpan1723" value="ϩⲟⲧⲉ"/>
		<feat xlink:href="#sSpan1725" value="ⲙⲡⲉ"/>
		<feat xlink:href="#sSpan1731" value="ⲧⲛ"/>
		<feat xlink:href="#sSpan1733" value="ⲛⲏⲩ"/>
		<feat xlink:href="#sSpan1735" value="ⲧⲏⲣ"/>
		<feat xlink:href="#sSpan1739" value="ⲛ"/>
		<feat xlink:href="#sSpan1741" value="ⲉϩⲣⲁⲓ"/>
		<feat xlink:href="#sSpan1745" value="ⲉ"/>
		<feat xlink:href="#sSpan1749" value="ⲛⲉϥ"/>
		<feat xlink:href="#sSpan1752" value="ϭⲓϫ"/>
		<feat xlink:href="#sSpan1754" value="ϩⲙ"/>
		<feat xlink:href="#sSpan1758" value="ⲡ"/>
		<feat xlink:href="#sSpan1761" value="ⲥⲟⲡ"/>
		<feat xlink:href="#sSpan1763" value="ⲉⲧⲉ"/>
		<feat xlink:href="#sSpan1767" value="ⲙⲛ"/>
		<feat xlink:href="#sSpan1770" value="ⲣⲱⲙⲉ"/>
		<feat xlink:href="#sSpan1774" value="ⲛⲁ"/>
		<feat xlink:href="#sSpan1778" value="ϣ"/>
		<feat xlink:href="#sSpan1780" value="ⲙⲉⲉⲩⲉ"/>
		<feat xlink:href="#sSpan1782" value="ⲉ"/>
		<feat xlink:href="#sSpan1786" value="ϩⲉ"/>
		<feat xlink:href="#sSpan1788" value="ⲛⲕⲟⲧⲕ"/>
		<feat xlink:href="#sSpan1791" value="ⲉⲓⲧⲉ"/>
		<feat xlink:href="#sSpan1795" value="ϩⲟⲟⲩⲧ"/>
		<feat xlink:href="#sSpan1800" value="ⲉ"/>
		<feat xlink:href="#sSpan1804" value="ⲥϩⲓⲙⲉ"/>
		<feat xlink:href="#sSpan1807" value="ϩⲣⲁⲓ"/>
		<feat xlink:href="#sSpan1812" value="ϩⲛ"/>
		<feat xlink:href="#sSpan1816" value="ⲛⲉⲓ"/>
		<feat xlink:href="#sSpan1820" value="ⲥⲩⲛⲁⲅⲱⲅⲏ"/>
		<feat xlink:href="#sSpan1824" value="."/></featList></paula>