<?xml version='1.0' encoding='UTF-8'?><!DOCTYPE paula SYSTEM "paula_feat.dtd">
<paula version="1.1">
	<header paula_id="scriptorium.johannes.canons.FA191-192.mark_entity"/>
	<featList xmlns:xlink="http://www.w3.org/1999/xlink" type="entity" xml:base="scriptorium.johannes.canons.FA191-192.mark.xml">
		<feat xlink:href="#sSpan5" value="substance"/>
		<feat xlink:href="#sSpan25" value="abstract"/>
		<feat xlink:href="#sSpan42" value="abstract"/>
		<feat xlink:href="#sSpan53" value="abstract"/>
		<feat xlink:href="#sSpan66" value="abstract"/>
		<feat xlink:href="#sSpan77" value="abstract"/>
		<feat xlink:href="#sSpan97" value="person"/>
		<feat xlink:href="#sSpan165" value="time"/>
		<feat xlink:href="#sSpan180" value="person"/>
		<feat xlink:href="#sSpan197" value="person"/>
		<feat xlink:href="#sSpan218" value="person"/>
		<feat xlink:href="#sSpan236" value="person"/>
		<feat xlink:href="#sSpan260" value="person"/>
		<feat xlink:href="#sSpan272" value="person"/>
		<feat xlink:href="#sSpan303" value="abstract"/>
		<feat xlink:href="#sSpan347" value="person"/>
		<feat xlink:href="#sSpan374" value="person"/>
		<feat xlink:href="#sSpan423" value="person"/>
		<feat xlink:href="#sSpan444" value="person"/>
		<feat xlink:href="#sSpan457" value="abstract"/>
		<feat xlink:href="#sSpan467" value="abstract"/>
		<feat xlink:href="#sSpan488" value="abstract"/>
		<feat xlink:href="#sSpan500" value="abstract"/>
		<feat xlink:href="#sSpan517" value="person"/>
		<feat xlink:href="#sSpan546" value="person"/>
		<feat xlink:href="#sSpan557" value="person"/>
		<feat xlink:href="#sSpan576" value="abstract"/>
		<feat xlink:href="#sSpan593" value="abstract"/>
		<feat xlink:href="#sSpan612" value="abstract"/>
		<feat xlink:href="#sSpan629" value="time"/>
		<feat xlink:href="#sSpan639" value="time"/>
		<feat xlink:href="#sSpan651" value="abstract"/>
		<feat xlink:href="#sSpan665" value="abstract"/>
		<feat xlink:href="#sSpan676" value="abstract"/>
		<feat xlink:href="#sSpan693" value="abstract"/>
		<feat xlink:href="#sSpan728" value="abstract"/>
		<feat xlink:href="#sSpan739" value="person"/>
		<feat xlink:href="#sSpan797" value="abstract"/>
		<feat xlink:href="#sSpan819" value="abstract"/>
		<feat xlink:href="#sSpan833" value="abstract"/>
		<feat xlink:href="#sSpan841" value="person"/>
		<feat xlink:href="#sSpan854" value="person"/>
		<feat xlink:href="#sSpan869" value="abstract"/>
		<feat xlink:href="#sSpan879" value="abstract"/>
		<feat xlink:href="#sSpan892" value="abstract"/>
		<feat xlink:href="#sSpan903" value="abstract"/>
		<feat xlink:href="#sSpan913" value="abstract"/>
		<feat xlink:href="#sSpan923" value="abstract"/>
		<feat xlink:href="#sSpan950" value="abstract"/>
		<feat xlink:href="#sSpan971" value="abstract"/>
		<feat xlink:href="#sSpan1004" value="abstract"/>
		<feat xlink:href="#sSpan1051" value="abstract"/>
		<feat xlink:href="#sSpan1074" value="abstract"/>
		<feat xlink:href="#sSpan1125" value="object"/>
		<feat xlink:href="#sSpan1137" value="object"/>
		<feat xlink:href="#sSpan1156" value="abstract"/>
		<feat xlink:href="#sSpan1260" value="abstract"/>
		<feat xlink:href="#sSpan1291" value="place"/>
		<feat xlink:href="#sSpan1305" value="abstract"/>
		<feat xlink:href="#sSpan1319" value="abstract"/>
		<feat xlink:href="#sSpan1343" value="person"/>
		<feat xlink:href="#sSpan1367" value="abstract"/>
		<feat xlink:href="#sSpan1383" value="place"/>
		<feat xlink:href="#sSpan1393" value="abstract"/>
		<feat xlink:href="#sSpan1402" value="place"/>
		<feat xlink:href="#sSpan1413" value="abstract"/>
		<feat xlink:href="#sSpan1438" value="person"/></featList></paula>