<?xml version='1.0' encoding='UTF-8'?><!DOCTYPE paula SYSTEM "paula_feat.dtd">
<paula version="1.1">
	<header paula_id="scriptorium.johannes_canons_FA29-30.mark_chapter_n"/>
	<featList xmlns:xlink="http://www.w3.org/1999/xlink" type="chapter_n" xml:base="scriptorium.johannes_canons_FA29-30.mark.xml">
		<feat xlink:href="#sSpan6" value="1"/>
		<feat xlink:href="#sSpan155" value="2"/>
		<feat xlink:href="#sSpan283" value="3"/>
		<feat xlink:href="#sSpan518" value="4"/>
		<feat xlink:href="#sSpan723" value="5"/>
		<feat xlink:href="#sSpan876" value="6"/>
		<feat xlink:href="#sSpan1238" value="7"/></featList></paula>