<?xml version='1.0' encoding='UTF-8'?><!DOCTYPE paula SYSTEM "paula_rel.dtd">
<paula version="1.1">
	<header paula_id="scriptorium.johannes_canons_FA29-30.dep"/>
	<relList xmlns:xlink="http://www.w3.org/1999/xlink" type="dep">
		<rel id="sPointingRel1" xlink:href="scriptorium.johannes_canons_FA29-30.mark.xml#sSpan1077" target="scriptorium.johannes_canons_FA29-30.mark.xml#sSpan1084"/>
		<rel id="sPointingRel3" xlink:href="scriptorium.johannes_canons_FA29-30.mark.xml#sSpan839" target="scriptorium.johannes_canons_FA29-30.mark.xml#sSpan835"/>
		<rel id="sPointingRel5" xlink:href="scriptorium.johannes_canons_FA29-30.mark.xml#sSpan1305" target="scriptorium.johannes_canons_FA29-30.mark.xml#sSpan1297"/>
		<rel id="sPointingRel7" xlink:href="scriptorium.johannes_canons_FA29-30.mark.xml#sSpan953" target="scriptorium.johannes_canons_FA29-30.mark.xml#sSpan942"/>
		<rel id="sPointingRel9" xlink:href="scriptorium.johannes_canons_FA29-30.mark.xml#sSpan1192" target="scriptorium.johannes_canons_FA29-30.mark.xml#sSpan1182"/>
		<rel id="sPointingRel11" xlink:href="scriptorium.johannes_canons_FA29-30.mark.xml#sSpan501" target="scriptorium.johannes_canons_FA29-30.mark.xml#sSpan499"/>
		<rel id="sPointingRel13" xlink:href="scriptorium.johannes_canons_FA29-30.mark.xml#sSpan331" target="scriptorium.johannes_canons_FA29-30.mark.xml#sSpan338"/>
		<rel id="sPointingRel15" xlink:href="scriptorium.johannes_canons_FA29-30.mark.xml#sSpan1153" target="scriptorium.johannes_canons_FA29-30.mark.xml#sSpan1148"/>
		<rel id="sPointingRel17" xlink:href="scriptorium.johannes_canons_FA29-30.mark.xml#sSpan1121" target="scriptorium.johannes_canons_FA29-30.mark.xml#sSpan1112"/>
		<rel id="sPointingRel19" xlink:href="scriptorium.johannes_canons_FA29-30.mark.xml#sSpan303" target="scriptorium.johannes_canons_FA29-30.mark.xml#sSpan312"/>
		<rel id="sPointingRel21" xlink:href="scriptorium.johannes_canons_FA29-30.mark.xml#sSpan1267" target="scriptorium.johannes_canons_FA29-30.mark.xml#sSpan1278"/>
		<rel id="sPointingRel23" xlink:href="scriptorium.johannes_canons_FA29-30.mark.xml#sSpan1032" target="scriptorium.johannes_canons_FA29-30.mark.xml#sSpan1030"/>
		<rel id="sPointingRel25" xlink:href="scriptorium.johannes_canons_FA29-30.mark.xml#sSpan847" target="scriptorium.johannes_canons_FA29-30.mark.xml#sSpan842"/>
		<rel id="sPointingRel27" xlink:href="scriptorium.johannes_canons_FA29-30.mark.xml#sSpan1208" target="scriptorium.johannes_canons_FA29-30.mark.xml#sSpan1206"/>
		<rel id="sPointingRel29" xlink:href="scriptorium.johannes_canons_FA29-30.mark.xml#sSpan523" target="scriptorium.johannes_canons_FA29-30.mark.xml#sSpan535"/>
		<rel id="sPointingRel31" xlink:href="scriptorium.johannes_canons_FA29-30.mark.xml#sSpan1134" target="scriptorium.johannes_canons_FA29-30.mark.xml#sSpan1192"/>
		<rel id="sPointingRel33" xlink:href="scriptorium.johannes_canons_FA29-30.mark.xml#sSpan812" target="scriptorium.johannes_canons_FA29-30.mark.xml#sSpan839"/>
		<rel id="sPointingRel35" xlink:href="scriptorium.johannes_canons_FA29-30.mark.xml#sSpan753" target="scriptorium.johannes_canons_FA29-30.mark.xml#sSpan764"/>
		<rel id="sPointingRel37" xlink:href="scriptorium.johannes_canons_FA29-30.mark.xml#sSpan486" target="scriptorium.johannes_canons_FA29-30.mark.xml#sSpan480"/>
		<rel id="sPointingRel39" xlink:href="scriptorium.johannes_canons_FA29-30.mark.xml#sSpan1035" target="scriptorium.johannes_canons_FA29-30.mark.xml#sSpan1039"/>
		<rel id="sPointingRel41" xlink:href="scriptorium.johannes_canons_FA29-30.mark.xml#sSpan1001" target="scriptorium.johannes_canons_FA29-30.mark.xml#sSpan997"/>
		<rel id="sPointingRel43" xlink:href="scriptorium.johannes_canons_FA29-30.mark.xml#sSpan1073" target="scriptorium.johannes_canons_FA29-30.mark.xml#sSpan1071"/>
		<rel id="sPointingRel45" xlink:href="scriptorium.johannes_canons_FA29-30.mark.xml#sSpan381" target="scriptorium.johannes_canons_FA29-30.mark.xml#sSpan375"/>
		<rel id="sPointingRel47" xlink:href="scriptorium.johannes_canons_FA29-30.mark.xml#sSpan1243" target="scriptorium.johannes_canons_FA29-30.mark.xml#sSpan1239"/>
		<rel id="sPointingRel49" xlink:href="scriptorium.johannes_canons_FA29-30.mark.xml#sSpan1350" target="scriptorium.johannes_canons_FA29-30.mark.xml#sSpan1346"/>
		<rel id="sPointingRel51" xlink:href="scriptorium.johannes_canons_FA29-30.mark.xml#sSpan764" target="scriptorium.johannes_canons_FA29-30.mark.xml#sSpan758"/>
		<rel id="sPointingRel53" xlink:href="scriptorium.johannes_canons_FA29-30.mark.xml#sSpan245" target="scriptorium.johannes_canons_FA29-30.mark.xml#sSpan240"/>
		<rel id="sPointingRel55" xlink:href="scriptorium.johannes_canons_FA29-30.mark.xml#sSpan860" target="scriptorium.johannes_canons_FA29-30.mark.xml#sSpan853"/>
		<rel id="sPointingRel57" xlink:href="scriptorium.johannes_canons_FA29-30.mark.xml#sSpan1243" target="scriptorium.johannes_canons_FA29-30.mark.xml#sSpan1229"/>
		<rel id="sPointingRel59" xlink:href="scriptorium.johannes_canons_FA29-30.mark.xml#sSpan542" target="scriptorium.johannes_canons_FA29-30.mark.xml#sSpan538"/>
		<rel id="sPointingRel61" xlink:href="scriptorium.johannes_canons_FA29-30.mark.xml#sSpan69" target="scriptorium.johannes_canons_FA29-30.mark.xml#sSpan92"/>
		<rel id="sPointingRel63" xlink:href="scriptorium.johannes_canons_FA29-30.mark.xml#sSpan1001" target="scriptorium.johannes_canons_FA29-30.mark.xml#sSpan1110"/>
		<rel id="sPointingRel65" xlink:href="scriptorium.johannes_canons_FA29-30.mark.xml#sSpan477" target="scriptorium.johannes_canons_FA29-30.mark.xml#sSpan458"/>
		<rel id="sPointingRel67" xlink:href="scriptorium.johannes_canons_FA29-30.mark.xml#sSpan322" target="scriptorium.johannes_canons_FA29-30.mark.xml#sSpan356"/>
		<rel id="sPointingRel69" xlink:href="scriptorium.johannes_canons_FA29-30.mark.xml#sSpan979" target="scriptorium.johannes_canons_FA29-30.mark.xml#sSpan975"/>
		<rel id="sPointingRel71" xlink:href="scriptorium.johannes_canons_FA29-30.mark.xml#sSpan1017" target="scriptorium.johannes_canons_FA29-30.mark.xml#sSpan1028"/>
		<rel id="sPointingRel73" xlink:href="scriptorium.johannes_canons_FA29-30.mark.xml#sSpan922" target="scriptorium.johannes_canons_FA29-30.mark.xml#sSpan916"/>
		<rel id="sPointingRel75" xlink:href="scriptorium.johannes_canons_FA29-30.mark.xml#sSpan31" target="scriptorium.johannes_canons_FA29-30.mark.xml#sSpan26"/>
		<rel id="sPointingRel77" xlink:href="scriptorium.johannes_canons_FA29-30.mark.xml#sSpan356" target="scriptorium.johannes_canons_FA29-30.mark.xml#sSpan352"/>
		<rel id="sPointingRel79" xlink:href="scriptorium.johannes_canons_FA29-30.mark.xml#sSpan421" target="scriptorium.johannes_canons_FA29-30.mark.xml#sSpan424"/>
		<rel id="sPointingRel81" xlink:href="scriptorium.johannes_canons_FA29-30.mark.xml#sSpan394" target="scriptorium.johannes_canons_FA29-30.mark.xml#sSpan387"/>
		<rel id="sPointingRel83" xlink:href="scriptorium.johannes_canons_FA29-30.mark.xml#sSpan882" target="scriptorium.johannes_canons_FA29-30.mark.xml#sSpan893"/>
		<rel id="sPointingRel85" xlink:href="scriptorium.johannes_canons_FA29-30.mark.xml#sSpan1146" target="scriptorium.johannes_canons_FA29-30.mark.xml#sSpan1144"/>
		<rel id="sPointingRel87" xlink:href="scriptorium.johannes_canons_FA29-30.mark.xml#sSpan1028" target="scriptorium.johannes_canons_FA29-30.mark.xml#sSpan1035"/>
		<rel id="sPointingRel89" xlink:href="scriptorium.johannes_canons_FA29-30.mark.xml#sSpan204" target="scriptorium.johannes_canons_FA29-30.mark.xml#sSpan196"/>
		<rel id="sPointingRel91" xlink:href="scriptorium.johannes_canons_FA29-30.mark.xml#sSpan641" target="scriptorium.johannes_canons_FA29-30.mark.xml#sSpan648"/>
		<rel id="sPointingRel93" xlink:href="scriptorium.johannes_canons_FA29-30.mark.xml#sSpan52" target="scriptorium.johannes_canons_FA29-30.mark.xml#sSpan50"/>
		<rel id="sPointingRel95" xlink:href="scriptorium.johannes_canons_FA29-30.mark.xml#sSpan1343" target="scriptorium.johannes_canons_FA29-30.mark.xml#sSpan1341"/>
		<rel id="sPointingRel97" xlink:href="scriptorium.johannes_canons_FA29-30.mark.xml#sSpan211" target="scriptorium.johannes_canons_FA29-30.mark.xml#sSpan235"/>
		<rel id="sPointingRel99" xlink:href="scriptorium.johannes_canons_FA29-30.mark.xml#sSpan194" target="scriptorium.johannes_canons_FA29-30.mark.xml#sSpan204"/>
		<rel id="sPointingRel101" xlink:href="scriptorium.johannes_canons_FA29-30.mark.xml#sSpan551" target="scriptorium.johannes_canons_FA29-30.mark.xml#sSpan549"/>
		<rel id="sPointingRel103" xlink:href="scriptorium.johannes_canons_FA29-30.mark.xml#sSpan1008" target="scriptorium.johannes_canons_FA29-30.mark.xml#sSpan1003"/>
		<rel id="sPointingRel105" xlink:href="scriptorium.johannes_canons_FA29-30.mark.xml#sSpan1110" target="scriptorium.johannes_canons_FA29-30.mark.xml#sSpan1099"/>
		<rel id="sPointingRel107" xlink:href="scriptorium.johannes_canons_FA29-30.mark.xml#sSpan1324" target="scriptorium.johannes_canons_FA29-30.mark.xml#sSpan1326"/>
		<rel id="sPointingRel109" xlink:href="scriptorium.johannes_canons_FA29-30.mark.xml#sSpan984" target="scriptorium.johannes_canons_FA29-30.mark.xml#sSpan995"/>
		<rel id="sPointingRel111" xlink:href="scriptorium.johannes_canons_FA29-30.mark.xml#sSpan764" target="scriptorium.johannes_canons_FA29-30.mark.xml#sSpan762"/>
		<rel id="sPointingRel113" xlink:href="scriptorium.johannes_canons_FA29-30.mark.xml#sSpan373" target="scriptorium.johannes_canons_FA29-30.mark.xml#sSpan368"/>
		<rel id="sPointingRel115" xlink:href="scriptorium.johannes_canons_FA29-30.mark.xml#sSpan1343" target="scriptorium.johannes_canons_FA29-30.mark.xml#sSpan1350"/>
		<rel id="sPointingRel117" xlink:href="scriptorium.johannes_canons_FA29-30.mark.xml#sSpan551" target="scriptorium.johannes_canons_FA29-30.mark.xml#sSpan558"/>
		<rel id="sPointingRel119" xlink:href="scriptorium.johannes_canons_FA29-30.mark.xml#sSpan204" target="scriptorium.johannes_canons_FA29-30.mark.xml#sSpan199"/>
		<rel id="sPointingRel121" xlink:href="scriptorium.johannes_canons_FA29-30.mark.xml#sSpan398" target="scriptorium.johannes_canons_FA29-30.mark.xml#sSpan412"/>
		<rel id="sPointingRel123" xlink:href="scriptorium.johannes_canons_FA29-30.mark.xml#sSpan235" target="scriptorium.johannes_canons_FA29-30.mark.xml#sSpan245"/>
		<rel id="sPointingRel125" xlink:href="scriptorium.johannes_canons_FA29-30.mark.xml#sSpan839" target="scriptorium.johannes_canons_FA29-30.mark.xml#sSpan847"/>
		<rel id="sPointingRel127" xlink:href="scriptorium.johannes_canons_FA29-30.mark.xml#sSpan995" target="scriptorium.johannes_canons_FA29-30.mark.xml#sSpan990"/>
		<rel id="sPointingRel129" xlink:href="scriptorium.johannes_canons_FA29-30.mark.xml#sSpan962" target="scriptorium.johannes_canons_FA29-30.mark.xml#sSpan960"/>
		<rel id="sPointingRel131" xlink:href="scriptorium.johannes_canons_FA29-30.mark.xml#sSpan648" target="scriptorium.johannes_canons_FA29-30.mark.xml#sSpan643"/>
		<rel id="sPointingRel133" xlink:href="scriptorium.johannes_canons_FA29-30.mark.xml#sSpan812" target="scriptorium.johannes_canons_FA29-30.mark.xml#sSpan829"/>
		<rel id="sPointingRel135" xlink:href="scriptorium.johannes_canons_FA29-30.mark.xml#sSpan641" target="scriptorium.johannes_canons_FA29-30.mark.xml#sSpan639"/>
		<rel id="sPointingRel137" xlink:href="scriptorium.johannes_canons_FA29-30.mark.xml#sSpan1243" target="scriptorium.johannes_canons_FA29-30.mark.xml#sSpan1245"/>
		<rel id="sPointingRel139" xlink:href="scriptorium.johannes_canons_FA29-30.mark.xml#sSpan687" target="scriptorium.johannes_canons_FA29-30.mark.xml#sSpan684"/>
		<rel id="sPointingRel141" xlink:href="scriptorium.johannes_canons_FA29-30.mark.xml#sSpan118" target="scriptorium.johannes_canons_FA29-30.mark.xml#sSpan114"/>
		<rel id="sPointingRel143" xlink:href="scriptorium.johannes_canons_FA29-30.mark.xml#sSpan134" target="scriptorium.johannes_canons_FA29-30.mark.xml#sSpan137"/>
		<rel id="sPointingRel145" xlink:href="scriptorium.johannes_canons_FA29-30.mark.xml#sSpan356" target="scriptorium.johannes_canons_FA29-30.mark.xml#sSpan348"/>
		<rel id="sPointingRel147" xlink:href="scriptorium.johannes_canons_FA29-30.mark.xml#sSpan812" target="scriptorium.johannes_canons_FA29-30.mark.xml#sSpan860"/>
		<rel id="sPointingRel149" xlink:href="scriptorium.johannes_canons_FA29-30.mark.xml#sSpan188" target="scriptorium.johannes_canons_FA29-30.mark.xml#sSpan184"/>
		<rel id="sPointingRel151" xlink:href="scriptorium.johannes_canons_FA29-30.mark.xml#sSpan1048" target="scriptorium.johannes_canons_FA29-30.mark.xml#sSpan1055"/>
		<rel id="sPointingRel153" xlink:href="scriptorium.johannes_canons_FA29-30.mark.xml#sSpan434" target="scriptorium.johannes_canons_FA29-30.mark.xml#sSpan432"/>
		<rel id="sPointingRel155" xlink:href="scriptorium.johannes_canons_FA29-30.mark.xml#sSpan160" target="scriptorium.johannes_canons_FA29-30.mark.xml#sSpan171"/>
		<rel id="sPointingRel157" xlink:href="scriptorium.johannes_canons_FA29-30.mark.xml#sSpan542" target="scriptorium.johannes_canons_FA29-30.mark.xml#sSpan551"/>
		<rel id="sPointingRel159" xlink:href="scriptorium.johannes_canons_FA29-30.mark.xml#sSpan1267" target="scriptorium.johannes_canons_FA29-30.mark.xml#sSpan1265"/>
		<rel id="sPointingRel161" xlink:href="scriptorium.johannes_canons_FA29-30.mark.xml#sSpan488" target="scriptorium.johannes_canons_FA29-30.mark.xml#sSpan493"/>
		<rel id="sPointingRel163" xlink:href="scriptorium.johannes_canons_FA29-30.mark.xml#sSpan909" target="scriptorium.johannes_canons_FA29-30.mark.xml#sSpan904"/>
		<rel id="sPointingRel165" xlink:href="scriptorium.johannes_canons_FA29-30.mark.xml#sSpan1215" target="scriptorium.johannes_canons_FA29-30.mark.xml#sSpan1222"/>
		<rel id="sPointingRel167" xlink:href="scriptorium.johannes_canons_FA29-30.mark.xml#sSpan1110" target="scriptorium.johannes_canons_FA29-30.mark.xml#sSpan1103"/>
		<rel id="sPointingRel169" xlink:href="scriptorium.johannes_canons_FA29-30.mark.xml#sSpan1084" target="scriptorium.johannes_canons_FA29-30.mark.xml#sSpan1080"/>
		<rel id="sPointingRel171" xlink:href="scriptorium.johannes_canons_FA29-30.mark.xml#sSpan1170" target="scriptorium.johannes_canons_FA29-30.mark.xml#sSpan1165"/>
		<rel id="sPointingRel173" xlink:href="scriptorium.johannes_canons_FA29-30.mark.xml#sSpan551" target="scriptorium.johannes_canons_FA29-30.mark.xml#sSpan584"/>
		<rel id="sPointingRel175" xlink:href="scriptorium.johannes_canons_FA29-30.mark.xml#sSpan1110" target="scriptorium.johannes_canons_FA29-30.mark.xml#sSpan1108"/>
		<rel id="sPointingRel177" xlink:href="scriptorium.johannes_canons_FA29-30.mark.xml#sSpan111" target="scriptorium.johannes_canons_FA29-30.mark.xml#sSpan109"/>
		<rel id="sPointingRel179" xlink:href="scriptorium.johannes_canons_FA29-30.mark.xml#sSpan284" target="scriptorium.johannes_canons_FA29-30.mark.xml#sSpan322"/>
		<rel id="sPointingRel181" xlink:href="scriptorium.johannes_canons_FA29-30.mark.xml#sSpan211" target="scriptorium.johannes_canons_FA29-30.mark.xml#sSpan221"/>
		<rel id="sPointingRel183" xlink:href="scriptorium.johannes_canons_FA29-30.mark.xml#sSpan690" target="scriptorium.johannes_canons_FA29-30.mark.xml#sSpan687"/>
		<rel id="sPointingRel185" xlink:href="scriptorium.johannes_canons_FA29-30.mark.xml#sSpan661" target="scriptorium.johannes_canons_FA29-30.mark.xml#sSpan654"/>
		<rel id="sPointingRel187" xlink:href="scriptorium.johannes_canons_FA29-30.mark.xml#sSpan1324" target="scriptorium.johannes_canons_FA29-30.mark.xml#sSpan1343"/>
		<rel id="sPointingRel189" xlink:href="scriptorium.johannes_canons_FA29-30.mark.xml#sSpan791" target="scriptorium.johannes_canons_FA29-30.mark.xml#sSpan794"/>
		<rel id="sPointingRel191" xlink:href="scriptorium.johannes_canons_FA29-30.mark.xml#sSpan1055" target="scriptorium.johannes_canons_FA29-30.mark.xml#sSpan1050"/>
		<rel id="sPointingRel193" xlink:href="scriptorium.johannes_canons_FA29-30.mark.xml#sSpan458" target="scriptorium.johannes_canons_FA29-30.mark.xml#sSpan450"/>
		<rel id="sPointingRel195" xlink:href="scriptorium.johannes_canons_FA29-30.mark.xml#sSpan211" target="scriptorium.johannes_canons_FA29-30.mark.xml#sSpan207"/>
		<rel id="sPointingRel197" xlink:href="scriptorium.johannes_canons_FA29-30.mark.xml#sSpan421" target="scriptorium.johannes_canons_FA29-30.mark.xml#sSpan416"/>
		<rel id="sPointingRel199" xlink:href="scriptorium.johannes_canons_FA29-30.mark.xml#sSpan727" target="scriptorium.johannes_canons_FA29-30.mark.xml#sSpan724"/>
		<rel id="sPointingRel201" xlink:href="scriptorium.johannes_canons_FA29-30.mark.xml#sSpan204" target="scriptorium.johannes_canons_FA29-30.mark.xml#sSpan201"/>
		<rel id="sPointingRel203" xlink:href="scriptorium.johannes_canons_FA29-30.mark.xml#sSpan69" target="scriptorium.johannes_canons_FA29-30.mark.xml#sSpan80"/>
		<rel id="sPointingRel205" xlink:href="scriptorium.johannes_canons_FA29-30.mark.xml#sSpan412" target="scriptorium.johannes_canons_FA29-30.mark.xml#sSpan409"/>
		<rel id="sPointingRel207" xlink:href="scriptorium.johannes_canons_FA29-30.mark.xml#sSpan92" target="scriptorium.johannes_canons_FA29-30.mark.xml#sSpan89"/>
		<rel id="sPointingRel209" xlink:href="scriptorium.johannes_canons_FA29-30.mark.xml#sSpan486" target="scriptorium.johannes_canons_FA29-30.mark.xml#sSpan484"/>
		<rel id="sPointingRel211" xlink:href="scriptorium.johannes_canons_FA29-30.mark.xml#sSpan366" target="scriptorium.johannes_canons_FA29-30.mark.xml#sSpan373"/>
		<rel id="sPointingRel213" xlink:href="scriptorium.johannes_canons_FA29-30.mark.xml#sSpan434" target="scriptorium.johannes_canons_FA29-30.mark.xml#sSpan443"/>
		<rel id="sPointingRel215" xlink:href="scriptorium.johannes_canons_FA29-30.mark.xml#sSpan535" target="scriptorium.johannes_canons_FA29-30.mark.xml#sSpan530"/>
		<rel id="sPointingRel217" xlink:href="scriptorium.johannes_canons_FA29-30.mark.xml#sSpan592" target="scriptorium.johannes_canons_FA29-30.mark.xml#sSpan586"/>
		<rel id="sPointingRel219" xlink:href="scriptorium.johannes_canons_FA29-30.mark.xml#sSpan641" target="scriptorium.johannes_canons_FA29-30.mark.xml#sSpan634"/>
		<rel id="sPointingRel221" xlink:href="scriptorium.johannes_canons_FA29-30.mark.xml#sSpan160" target="scriptorium.johannes_canons_FA29-30.mark.xml#sSpan151"/>
		<rel id="sPointingRel223" xlink:href="scriptorium.johannes_canons_FA29-30.mark.xml#sSpan1324" target="scriptorium.johannes_canons_FA29-30.mark.xml#sSpan1314"/>
		<rel id="sPointingRel225" xlink:href="scriptorium.johannes_canons_FA29-30.mark.xml#sSpan188" target="scriptorium.johannes_canons_FA29-30.mark.xml#sSpan194"/>
		<rel id="sPointingRel227" xlink:href="scriptorium.johannes_canons_FA29-30.mark.xml#sSpan394" target="scriptorium.johannes_canons_FA29-30.mark.xml#sSpan391"/>
		<rel id="sPointingRel229" xlink:href="scriptorium.johannes_canons_FA29-30.mark.xml#sSpan1287" target="scriptorium.johannes_canons_FA29-30.mark.xml#sSpan1294"/>
		<rel id="sPointingRel231" xlink:href="scriptorium.johannes_canons_FA29-30.mark.xml#sSpan753" target="scriptorium.johannes_canons_FA29-30.mark.xml#sSpan751"/>
		<rel id="sPointingRel233" xlink:href="scriptorium.johannes_canons_FA29-30.mark.xml#sSpan356" target="scriptorium.johannes_canons_FA29-30.mark.xml#sSpan366"/>
		<rel id="sPointingRel235" xlink:href="scriptorium.johannes_canons_FA29-30.mark.xml#sSpan65" target="scriptorium.johannes_canons_FA29-30.mark.xml#sSpan69"/>
		<rel id="sPointingRel237" xlink:href="scriptorium.johannes_canons_FA29-30.mark.xml#sSpan255" target="scriptorium.johannes_canons_FA29-30.mark.xml#sSpan253"/>
		<rel id="sPointingRel239" xlink:href="scriptorium.johannes_canons_FA29-30.mark.xml#sSpan322" target="scriptorium.johannes_canons_FA29-30.mark.xml#sSpan394"/>
		<rel id="sPointingRel241" xlink:href="scriptorium.johannes_canons_FA29-30.mark.xml#sSpan1267" target="scriptorium.johannes_canons_FA29-30.mark.xml#sSpan1270"/>
		<rel id="sPointingRel243" xlink:href="scriptorium.johannes_canons_FA29-30.mark.xml#sSpan1123" target="scriptorium.johannes_canons_FA29-30.mark.xml#sSpan1128"/>
		<rel id="sPointingRel245" xlink:href="scriptorium.johannes_canons_FA29-30.mark.xml#sSpan477" target="scriptorium.johannes_canons_FA29-30.mark.xml#sSpan461"/>
		<rel id="sPointingRel247" xlink:href="scriptorium.johannes_canons_FA29-30.mark.xml#sSpan605" target="scriptorium.johannes_canons_FA29-30.mark.xml#sSpan608"/>
		<rel id="sPointingRel249" xlink:href="scriptorium.johannes_canons_FA29-30.mark.xml#sSpan235" target="scriptorium.johannes_canons_FA29-30.mark.xml#sSpan231"/>
		<rel id="sPointingRel251" xlink:href="scriptorium.johannes_canons_FA29-30.mark.xml#sSpan764" target="scriptorium.johannes_canons_FA29-30.mark.xml#sSpan766"/>
		<rel id="sPointingRel253" xlink:href="scriptorium.johannes_canons_FA29-30.mark.xml#sSpan1294" target="scriptorium.johannes_canons_FA29-30.mark.xml#sSpan1289"/>
		<rel id="sPointingRel255" xlink:href="scriptorium.johannes_canons_FA29-30.mark.xml#sSpan92" target="scriptorium.johannes_canons_FA29-30.mark.xml#sSpan85"/>
		<rel id="sPointingRel257" xlink:href="scriptorium.johannes_canons_FA29-30.mark.xml#sSpan1199" target="scriptorium.johannes_canons_FA29-30.mark.xml#sSpan1195"/>
		<rel id="sPointingRel259" xlink:href="scriptorium.johannes_canons_FA29-30.mark.xml#sSpan764" target="scriptorium.johannes_canons_FA29-30.mark.xml#sSpan775"/>
		<rel id="sPointingRel261" xlink:href="scriptorium.johannes_canons_FA29-30.mark.xml#sSpan1001" target="scriptorium.johannes_canons_FA29-30.mark.xml#sSpan1017"/>
		<rel id="sPointingRel263" xlink:href="scriptorium.johannes_canons_FA29-30.mark.xml#sSpan1294" target="scriptorium.johannes_canons_FA29-30.mark.xml#sSpan1305"/>
		<rel id="sPointingRel265" xlink:href="scriptorium.johannes_canons_FA29-30.mark.xml#sSpan69" target="scriptorium.johannes_canons_FA29-30.mark.xml#sSpan76"/>
		<rel id="sPointingRel267" xlink:href="scriptorium.johannes_canons_FA29-30.mark.xml#sSpan331" target="scriptorium.johannes_canons_FA29-30.mark.xml#sSpan324"/>
		<rel id="sPointingRel269" xlink:href="scriptorium.johannes_canons_FA29-30.mark.xml#sSpan939" target="scriptorium.johannes_canons_FA29-30.mark.xml#sSpan936"/>
		<rel id="sPointingRel271" xlink:href="scriptorium.johannes_canons_FA29-30.mark.xml#sSpan398" target="scriptorium.johannes_canons_FA29-30.mark.xml#sSpan400"/>
		<rel id="sPointingRel273" xlink:href="scriptorium.johannes_canons_FA29-30.mark.xml#sSpan1163" target="scriptorium.johannes_canons_FA29-30.mark.xml#sSpan1159"/>
		<rel id="sPointingRel275" xlink:href="scriptorium.johannes_canons_FA29-30.mark.xml#sSpan1243" target="scriptorium.johannes_canons_FA29-30.mark.xml#sSpan1256"/>
		<rel id="sPointingRel277" xlink:href="scriptorium.johannes_canons_FA29-30.mark.xml#sSpan909" target="scriptorium.johannes_canons_FA29-30.mark.xml#sSpan900"/>
		<rel id="sPointingRel279" xlink:href="scriptorium.johannes_canons_FA29-30.mark.xml#sSpan1335" target="scriptorium.johannes_canons_FA29-30.mark.xml#sSpan1330"/>
		<rel id="sPointingRel281" xlink:href="scriptorium.johannes_canons_FA29-30.mark.xml#sSpan535" target="scriptorium.johannes_canons_FA29-30.mark.xml#sSpan542"/>
		<rel id="sPointingRel283" xlink:href="scriptorium.johannes_canons_FA29-30.mark.xml#sSpan331" target="scriptorium.johannes_canons_FA29-30.mark.xml#sSpan329"/>
		<rel id="sPointingRel285" xlink:href="scriptorium.johannes_canons_FA29-30.mark.xml#sSpan322" target="scriptorium.johannes_canons_FA29-30.mark.xml#sSpan318"/>
		<rel id="sPointingRel287" xlink:href="scriptorium.johannes_canons_FA29-30.mark.xml#sSpan1170" target="scriptorium.johannes_canons_FA29-30.mark.xml#sSpan1168"/>
		<rel id="sPointingRel289" xlink:href="scriptorium.johannes_canons_FA29-30.mark.xml#sSpan477" target="scriptorium.johannes_canons_FA29-30.mark.xml#sSpan474"/>
		<rel id="sPointingRel291" xlink:href="scriptorium.johannes_canons_FA29-30.mark.xml#sSpan690" target="scriptorium.johannes_canons_FA29-30.mark.xml#sSpan675"/>
		<rel id="sPointingRel293" xlink:href="scriptorium.johannes_canons_FA29-30.mark.xml#sSpan443" target="scriptorium.johannes_canons_FA29-30.mark.xml#sSpan438"/>
		<rel id="sPointingRel295" xlink:href="scriptorium.johannes_canons_FA29-30.mark.xml#sSpan690" target="scriptorium.johannes_canons_FA29-30.mark.xml#sSpan680"/>
		<rel id="sPointingRel297" xlink:href="scriptorium.johannes_canons_FA29-30.mark.xml#sSpan1278" target="scriptorium.johannes_canons_FA29-30.mark.xml#sSpan1276"/>
		<rel id="sPointingRel299" xlink:href="scriptorium.johannes_canons_FA29-30.mark.xml#sSpan1256" target="scriptorium.johannes_canons_FA29-30.mark.xml#sSpan1254"/>
		<rel id="sPointingRel301" xlink:href="scriptorium.johannes_canons_FA29-30.mark.xml#sSpan31" target="scriptorium.johannes_canons_FA29-30.mark.xml#sSpan22"/>
		<rel id="sPointingRel303" xlink:href="scriptorium.johannes_canons_FA29-30.mark.xml#sSpan551" target="scriptorium.johannes_canons_FA29-30.mark.xml#sSpan566"/>
		<rel id="sPointingRel305" xlink:href="scriptorium.johannes_canons_FA29-30.mark.xml#sSpan1267" target="scriptorium.johannes_canons_FA29-30.mark.xml#sSpan1263"/>
		<rel id="sPointingRel307" xlink:href="scriptorium.johannes_canons_FA29-30.mark.xml#sSpan65" target="scriptorium.johannes_canons_FA29-30.mark.xml#sSpan62"/>
		<rel id="sPointingRel309" xlink:href="scriptorium.johannes_canons_FA29-30.mark.xml#sSpan882" target="scriptorium.johannes_canons_FA29-30.mark.xml#sSpan886"/>
		<rel id="sPointingRel311" xlink:href="scriptorium.johannes_canons_FA29-30.mark.xml#sSpan105" target="scriptorium.johannes_canons_FA29-30.mark.xml#sSpan111"/>
		<rel id="sPointingRel313" xlink:href="scriptorium.johannes_canons_FA29-30.mark.xml#sSpan953" target="scriptorium.johannes_canons_FA29-30.mark.xml#sSpan962"/>
		<rel id="sPointingRel315" xlink:href="scriptorium.johannes_canons_FA29-30.mark.xml#sSpan1017" target="scriptorium.johannes_canons_FA29-30.mark.xml#sSpan1015"/>
		<rel id="sPointingRel317" xlink:href="scriptorium.johannes_canons_FA29-30.mark.xml#sSpan295" target="scriptorium.johannes_canons_FA29-30.mark.xml#sSpan290"/>
		<rel id="sPointingRel319" xlink:href="scriptorium.johannes_canons_FA29-30.mark.xml#sSpan1017" target="scriptorium.johannes_canons_FA29-30.mark.xml#sSpan1010"/>
		<rel id="sPointingRel321" xlink:href="scriptorium.johannes_canons_FA29-30.mark.xml#sSpan964" target="scriptorium.johannes_canons_FA29-30.mark.xml#sSpan969"/>
		<rel id="sPointingRel323" xlink:href="scriptorium.johannes_canons_FA29-30.mark.xml#sSpan939" target="scriptorium.johannes_canons_FA29-30.mark.xml#sSpan953"/>
		<rel id="sPointingRel325" xlink:href="scriptorium.johannes_canons_FA29-30.mark.xml#sSpan211" target="scriptorium.johannes_canons_FA29-30.mark.xml#sSpan214"/>
		<rel id="sPointingRel327" xlink:href="scriptorium.johannes_canons_FA29-30.mark.xml#sSpan1110" target="scriptorium.johannes_canons_FA29-30.mark.xml#sSpan1121"/>
		<rel id="sPointingRel329" xlink:href="scriptorium.johannes_canons_FA29-30.mark.xml#sSpan171" target="scriptorium.johannes_canons_FA29-30.mark.xml#sSpan162"/>
		<rel id="sPointingRel331" xlink:href="scriptorium.johannes_canons_FA29-30.mark.xml#sSpan690" target="scriptorium.johannes_canons_FA29-30.mark.xml#sSpan698"/>
		<rel id="sPointingRel333" xlink:href="scriptorium.johannes_canons_FA29-30.mark.xml#sSpan1192" target="scriptorium.johannes_canons_FA29-30.mark.xml#sSpan1208"/>
		<rel id="sPointingRel335" xlink:href="scriptorium.johannes_canons_FA29-30.mark.xml#sSpan105" target="scriptorium.johannes_canons_FA29-30.mark.xml#sSpan101"/>
		<rel id="sPointingRel337" xlink:href="scriptorium.johannes_canons_FA29-30.mark.xml#sSpan1170" target="scriptorium.johannes_canons_FA29-30.mark.xml#sSpan1176"/>
		<rel id="sPointingRel339" xlink:href="scriptorium.johannes_canons_FA29-30.mark.xml#sSpan52" target="scriptorium.johannes_canons_FA29-30.mark.xml#sSpan65"/>
		<rel id="sPointingRel341" xlink:href="scriptorium.johannes_canons_FA29-30.mark.xml#sSpan312" target="scriptorium.johannes_canons_FA29-30.mark.xml#sSpan305"/>
		<rel id="sPointingRel343" xlink:href="scriptorium.johannes_canons_FA29-30.mark.xml#sSpan398" target="scriptorium.johannes_canons_FA29-30.mark.xml#sSpan396"/>
		<rel id="sPointingRel345" xlink:href="scriptorium.johannes_canons_FA29-30.mark.xml#sSpan753" target="scriptorium.johannes_canons_FA29-30.mark.xml#sSpan745"/>
		<rel id="sPointingRel347" xlink:href="scriptorium.johannes_canons_FA29-30.mark.xml#sSpan601" target="scriptorium.johannes_canons_FA29-30.mark.xml#sSpan605"/>
		<rel id="sPointingRel349" xlink:href="scriptorium.johannes_canons_FA29-30.mark.xml#sSpan42" target="scriptorium.johannes_canons_FA29-30.mark.xml#sSpan35"/>
		<rel id="sPointingRel351" xlink:href="scriptorium.johannes_canons_FA29-30.mark.xml#sSpan839" target="scriptorium.johannes_canons_FA29-30.mark.xml#sSpan831"/>
		<rel id="sPointingRel353" xlink:href="scriptorium.johannes_canons_FA29-30.mark.xml#sSpan477" target="scriptorium.johannes_canons_FA29-30.mark.xml#sSpan465"/>
		<rel id="sPointingRel355" xlink:href="scriptorium.johannes_canons_FA29-30.mark.xml#sSpan839" target="scriptorium.johannes_canons_FA29-30.mark.xml#sSpan837"/>
		<rel id="sPointingRel357" xlink:href="scriptorium.johannes_canons_FA29-30.mark.xml#sSpan775" target="scriptorium.johannes_canons_FA29-30.mark.xml#sSpan771"/>
		<rel id="sPointingRel359" xlink:href="scriptorium.johannes_canons_FA29-30.mark.xml#sSpan1287" target="scriptorium.johannes_canons_FA29-30.mark.xml#sSpan1285"/>
		<rel id="sPointingRel361" xlink:href="scriptorium.johannes_canons_FA29-30.mark.xml#sSpan953" target="scriptorium.johannes_canons_FA29-30.mark.xml#sSpan964"/>
		<rel id="sPointingRel363" xlink:href="scriptorium.johannes_canons_FA29-30.mark.xml#sSpan632" target="scriptorium.johannes_canons_FA29-30.mark.xml#sSpan670"/>
		<rel id="sPointingRel365" xlink:href="scriptorium.johannes_canons_FA29-30.mark.xml#sSpan171" target="scriptorium.johannes_canons_FA29-30.mark.xml#sSpan211"/>
		<rel id="sPointingRel367" xlink:href="scriptorium.johannes_canons_FA29-30.mark.xml#sSpan303" target="scriptorium.johannes_canons_FA29-30.mark.xml#sSpan299"/>
		<rel id="sPointingRel369" xlink:href="scriptorium.johannes_canons_FA29-30.mark.xml#sSpan535" target="scriptorium.johannes_canons_FA29-30.mark.xml#sSpan532"/>
		<rel id="sPointingRel371" xlink:href="scriptorium.johannes_canons_FA29-30.mark.xml#sSpan1287" target="scriptorium.johannes_canons_FA29-30.mark.xml#sSpan1280"/>
		<rel id="sPointingRel373" xlink:href="scriptorium.johannes_canons_FA29-30.mark.xml#sSpan1134" target="scriptorium.johannes_canons_FA29-30.mark.xml#sSpan1163"/>
		<rel id="sPointingRel375" xlink:href="scriptorium.johannes_canons_FA29-30.mark.xml#sSpan366" target="scriptorium.johannes_canons_FA29-30.mark.xml#sSpan359"/>
		<rel id="sPointingRel377" xlink:href="scriptorium.johannes_canons_FA29-30.mark.xml#sSpan860" target="scriptorium.johannes_canons_FA29-30.mark.xml#sSpan858"/>
		<rel id="sPointingRel379" xlink:href="scriptorium.johannes_canons_FA29-30.mark.xml#sSpan1077" target="scriptorium.johannes_canons_FA29-30.mark.xml#sSpan1093"/>
		<rel id="sPointingRel381" xlink:href="scriptorium.johannes_canons_FA29-30.mark.xml#sSpan1176" target="scriptorium.johannes_canons_FA29-30.mark.xml#sSpan1172"/>
		<rel id="sPointingRel383" xlink:href="scriptorium.johannes_canons_FA29-30.mark.xml#sSpan412" target="scriptorium.johannes_canons_FA29-30.mark.xml#sSpan421"/>
		<rel id="sPointingRel385" xlink:href="scriptorium.johannes_canons_FA29-30.mark.xml#sSpan1256" target="scriptorium.johannes_canons_FA29-30.mark.xml#sSpan1250"/>
		<rel id="sPointingRel387" xlink:href="scriptorium.johannes_canons_FA29-30.mark.xml#sSpan338" target="scriptorium.johannes_canons_FA29-30.mark.xml#sSpan333"/>
		<rel id="sPointingRel389" xlink:href="scriptorium.johannes_canons_FA29-30.mark.xml#sSpan1192" target="scriptorium.johannes_canons_FA29-30.mark.xml#sSpan1187"/>
		<rel id="sPointingRel391" xlink:href="scriptorium.johannes_canons_FA29-30.mark.xml#sSpan690" target="scriptorium.johannes_canons_FA29-30.mark.xml#sSpan707"/>
		<rel id="sPointingRel393" xlink:href="scriptorium.johannes_canons_FA29-30.mark.xml#sSpan356" target="scriptorium.johannes_canons_FA29-30.mark.xml#sSpan354"/>
		<rel id="sPointingRel395" xlink:href="scriptorium.johannes_canons_FA29-30.mark.xml#sSpan1001" target="scriptorium.johannes_canons_FA29-30.mark.xml#sSpan1008"/>
		<rel id="sPointingRel397" xlink:href="scriptorium.johannes_canons_FA29-30.mark.xml#sSpan648" target="scriptorium.johannes_canons_FA29-30.mark.xml#sSpan661"/>
		<rel id="sPointingRel399" xlink:href="scriptorium.johannes_canons_FA29-30.mark.xml#sSpan105" target="scriptorium.johannes_canons_FA29-30.mark.xml#sSpan118"/>
		<rel id="sPointingRel401" xlink:href="scriptorium.johannes_canons_FA29-30.mark.xml#sSpan584" target="scriptorium.johannes_canons_FA29-30.mark.xml#sSpan581"/>
		<rel id="sPointingRel403" xlink:href="scriptorium.johannes_canons_FA29-30.mark.xml#sSpan477" target="scriptorium.johannes_canons_FA29-30.mark.xml#sSpan501"/>
		<rel id="sPointingRel405" xlink:href="scriptorium.johannes_canons_FA29-30.mark.xml#sSpan398" target="scriptorium.johannes_canons_FA29-30.mark.xml#sSpan434"/>
		<rel id="sPointingRel407" xlink:href="scriptorium.johannes_canons_FA29-30.mark.xml#sSpan171" target="scriptorium.johannes_canons_FA29-30.mark.xml#sSpan179"/>
		<rel id="sPointingRel409" xlink:href="scriptorium.johannes_canons_FA29-30.mark.xml#sSpan584" target="scriptorium.johannes_canons_FA29-30.mark.xml#sSpan592"/>
		<rel id="sPointingRel411" xlink:href="scriptorium.johannes_canons_FA29-30.mark.xml#sSpan882" target="scriptorium.johannes_canons_FA29-30.mark.xml#sSpan867"/>
		<rel id="sPointingRel413" xlink:href="scriptorium.johannes_canons_FA29-30.mark.xml#sSpan566" target="scriptorium.johannes_canons_FA29-30.mark.xml#sSpan560"/>
		<rel id="sPointingRel415" xlink:href="scriptorium.johannes_canons_FA29-30.mark.xml#sSpan984" target="scriptorium.johannes_canons_FA29-30.mark.xml#sSpan981"/>
		<rel id="sPointingRel417" xlink:href="scriptorium.johannes_canons_FA29-30.mark.xml#sSpan1208" target="scriptorium.johannes_canons_FA29-30.mark.xml#sSpan1215"/>
		<rel id="sPointingRel419" xlink:href="scriptorium.johannes_canons_FA29-30.mark.xml#sSpan128" target="scriptorium.johannes_canons_FA29-30.mark.xml#sSpan134"/>
		<rel id="sPointingRel421" xlink:href="scriptorium.johannes_canons_FA29-30.mark.xml#sSpan31" target="scriptorium.johannes_canons_FA29-30.mark.xml#sSpan52"/>
		<rel id="sPointingRel423" xlink:href="scriptorium.johannes_canons_FA29-30.mark.xml#sSpan263" target="scriptorium.johannes_canons_FA29-30.mark.xml#sSpan257"/>
		<rel id="sPointingRel425" xlink:href="scriptorium.johannes_canons_FA29-30.mark.xml#sSpan626" target="scriptorium.johannes_canons_FA29-30.mark.xml#sSpan623"/>
		<rel id="sPointingRel427" xlink:href="scriptorium.johannes_canons_FA29-30.mark.xml#sSpan626" target="scriptorium.johannes_canons_FA29-30.mark.xml#sSpan615"/>
		<rel id="sPointingRel429" xlink:href="scriptorium.johannes_canons_FA29-30.mark.xml#sSpan707" target="scriptorium.johannes_canons_FA29-30.mark.xml#sSpan702"/>
		<rel id="sPointingRel431" xlink:href="scriptorium.johannes_canons_FA29-30.mark.xml#sSpan764" target="scriptorium.johannes_canons_FA29-30.mark.xml#sSpan784"/>
		<rel id="sPointingRel433" xlink:href="scriptorium.johannes_canons_FA29-30.mark.xml#sSpan566" target="scriptorium.johannes_canons_FA29-30.mark.xml#sSpan564"/>
		<rel id="sPointingRel435" xlink:href="scriptorium.johannes_canons_FA29-30.mark.xml#sSpan1305" target="scriptorium.johannes_canons_FA29-30.mark.xml#sSpan1301"/>
		<rel id="sPointingRel437" xlink:href="scriptorium.johannes_canons_FA29-30.mark.xml#sSpan922" target="scriptorium.johannes_canons_FA29-30.mark.xml#sSpan912"/>
		<rel id="sPointingRel439" xlink:href="scriptorium.johannes_canons_FA29-30.mark.xml#sSpan784" target="scriptorium.johannes_canons_FA29-30.mark.xml#sSpan781"/>
		<rel id="sPointingRel441" xlink:href="scriptorium.johannes_canons_FA29-30.mark.xml#sSpan551" target="scriptorium.johannes_canons_FA29-30.mark.xml#sSpan601"/>
		<rel id="sPointingRel443" xlink:href="scriptorium.johannes_canons_FA29-30.mark.xml#sSpan31" target="scriptorium.johannes_canons_FA29-30.mark.xml#sSpan28"/>
		<rel id="sPointingRel445" xlink:href="scriptorium.johannes_canons_FA29-30.mark.xml#sSpan573" target="scriptorium.johannes_canons_FA29-30.mark.xml#sSpan569"/>
		<rel id="sPointingRel447" xlink:href="scriptorium.johannes_canons_FA29-30.mark.xml#sSpan558" target="scriptorium.johannes_canons_FA29-30.mark.xml#sSpan553"/>
		<rel id="sPointingRel449" xlink:href="scriptorium.johannes_canons_FA29-30.mark.xml#sSpan284" target="scriptorium.johannes_canons_FA29-30.mark.xml#sSpan295"/>
		<rel id="sPointingRel451" xlink:href="scriptorium.johannes_canons_FA29-30.mark.xml#sSpan312" target="scriptorium.johannes_canons_FA29-30.mark.xml#sSpan308"/>
		<rel id="sPointingRel453" xlink:href="scriptorium.johannes_canons_FA29-30.mark.xml#sSpan984" target="scriptorium.johannes_canons_FA29-30.mark.xml#sSpan1001"/>
		<rel id="sPointingRel455" xlink:href="scriptorium.johannes_canons_FA29-30.mark.xml#sSpan1121" target="scriptorium.johannes_canons_FA29-30.mark.xml#sSpan1116"/>
		<rel id="sPointingRel457" xlink:href="scriptorium.johannes_canons_FA29-30.mark.xml#sSpan1093" target="scriptorium.johannes_canons_FA29-30.mark.xml#sSpan1086"/>
		<rel id="sPointingRel459" xlink:href="scriptorium.johannes_canons_FA29-30.mark.xml#sSpan134" target="scriptorium.johannes_canons_FA29-30.mark.xml#sSpan130"/>
		<rel id="sPointingRel461" xlink:href="scriptorium.johannes_canons_FA29-30.mark.xml#sSpan171" target="scriptorium.johannes_canons_FA29-30.mark.xml#sSpan168"/>
		<rel id="sPointingRel463" xlink:href="scriptorium.johannes_canons_FA29-30.mark.xml#sSpan19" target="scriptorium.johannes_canons_FA29-30.mark.xml#sSpan105"/>
		<rel id="sPointingRel465" xlink:href="scriptorium.johannes_canons_FA29-30.mark.xml#sSpan331" target="scriptorium.johannes_canons_FA29-30.mark.xml#sSpan340"/>
		<rel id="sPointingRel467" xlink:href="scriptorium.johannes_canons_FA29-30.mark.xml#sSpan939" target="scriptorium.johannes_canons_FA29-30.mark.xml#sSpan928"/>
		<rel id="sPointingRel469" xlink:href="scriptorium.johannes_canons_FA29-30.mark.xml#sSpan1028" target="scriptorium.johannes_canons_FA29-30.mark.xml#sSpan1032"/>
		<rel id="sPointingRel471" xlink:href="scriptorium.johannes_canons_FA29-30.mark.xml#sSpan188" target="scriptorium.johannes_canons_FA29-30.mark.xml#sSpan181"/>
		<rel id="sPointingRel473" xlink:href="scriptorium.johannes_canons_FA29-30.mark.xml#sSpan1134" target="scriptorium.johannes_canons_FA29-30.mark.xml#sSpan1146"/>
		<rel id="sPointingRel475" xlink:href="scriptorium.johannes_canons_FA29-30.mark.xml#sSpan188" target="scriptorium.johannes_canons_FA29-30.mark.xml#sSpan186"/>
		<rel id="sPointingRel477" xlink:href="scriptorium.johannes_canons_FA29-30.mark.xml#sSpan601" target="scriptorium.johannes_canons_FA29-30.mark.xml#sSpan594"/>
		<rel id="sPointingRel479" xlink:href="scriptorium.johannes_canons_FA29-30.mark.xml#sSpan366" target="scriptorium.johannes_canons_FA29-30.mark.xml#sSpan363"/>
		<rel id="sPointingRel481" xlink:href="scriptorium.johannes_canons_FA29-30.mark.xml#sSpan727" target="scriptorium.johannes_canons_FA29-30.mark.xml#sSpan731"/>
		<rel id="sPointingRel483" xlink:href="scriptorium.johannes_canons_FA29-30.mark.xml#sSpan312" target="scriptorium.johannes_canons_FA29-30.mark.xml#sSpan310"/>
		<rel id="sPointingRel485" xlink:href="scriptorium.johannes_canons_FA29-30.mark.xml#sSpan1134" target="scriptorium.johannes_canons_FA29-30.mark.xml#sSpan1178"/>
		<rel id="sPointingRel487" xlink:href="scriptorium.johannes_canons_FA29-30.mark.xml#sSpan523" target="scriptorium.johannes_canons_FA29-30.mark.xml#sSpan519"/>
		<rel id="sPointingRel489" xlink:href="scriptorium.johannes_canons_FA29-30.mark.xml#sSpan962" target="scriptorium.johannes_canons_FA29-30.mark.xml#sSpan956"/>
		<rel id="sPointingRel491" xlink:href="scriptorium.johannes_canons_FA29-30.mark.xml#sSpan1062" target="scriptorium.johannes_canons_FA29-30.mark.xml#sSpan1077"/>
		<rel id="sPointingRel493" xlink:href="scriptorium.johannes_canons_FA29-30.mark.xml#sSpan1077" target="scriptorium.johannes_canons_FA29-30.mark.xml#sSpan1069"/>
		<rel id="sPointingRel495" xlink:href="scriptorium.johannes_canons_FA29-30.mark.xml#sSpan753" target="scriptorium.johannes_canons_FA29-30.mark.xml#sSpan756"/>
		<rel id="sPointingRel497" xlink:href="scriptorium.johannes_canons_FA29-30.mark.xml#sSpan52" target="scriptorium.johannes_canons_FA29-30.mark.xml#sSpan45"/>
		<rel id="sPointingRel499" xlink:href="scriptorium.johannes_canons_FA29-30.mark.xml#sSpan820" target="scriptorium.johannes_canons_FA29-30.mark.xml#sSpan824"/>
		<rel id="sPointingRel501" xlink:href="scriptorium.johannes_canons_FA29-30.mark.xml#sSpan670" target="scriptorium.johannes_canons_FA29-30.mark.xml#sSpan668"/>
		<rel id="sPointingRel503" xlink:href="scriptorium.johannes_canons_FA29-30.mark.xml#sSpan171" target="scriptorium.johannes_canons_FA29-30.mark.xml#sSpan166"/>
		<rel id="sPointingRel505" xlink:href="scriptorium.johannes_canons_FA29-30.mark.xml#sSpan584" target="scriptorium.johannes_canons_FA29-30.mark.xml#sSpan576"/>
		<rel id="sPointingRel507" xlink:href="scriptorium.johannes_canons_FA29-30.mark.xml#sSpan551" target="scriptorium.johannes_canons_FA29-30.mark.xml#sSpan573"/>
		<rel id="sPointingRel509" xlink:href="scriptorium.johannes_canons_FA29-30.mark.xml#sSpan486" target="scriptorium.johannes_canons_FA29-30.mark.xml#sSpan488"/>
		<rel id="sPointingRel511" xlink:href="scriptorium.johannes_canons_FA29-30.mark.xml#sSpan128" target="scriptorium.johannes_canons_FA29-30.mark.xml#sSpan120"/>
		<rel id="sPointingRel513" xlink:href="scriptorium.johannes_canons_FA29-30.mark.xml#sSpan984" target="scriptorium.johannes_canons_FA29-30.mark.xml#sSpan987"/>
		<rel id="sPointingRel515" xlink:href="scriptorium.johannes_canons_FA29-30.mark.xml#sSpan255" target="scriptorium.johannes_canons_FA29-30.mark.xml#sSpan248"/>
		<rel id="sPointingRel517" xlink:href="scriptorium.johannes_canons_FA29-30.mark.xml#sSpan1028" target="scriptorium.johannes_canons_FA29-30.mark.xml#sSpan1058"/>
		<rel id="sPointingRel519" xlink:href="scriptorium.johannes_canons_FA29-30.mark.xml#sSpan953" target="scriptorium.johannes_canons_FA29-30.mark.xml#sSpan947"/>
		<rel id="sPointingRel521" xlink:href="scriptorium.johannes_canons_FA29-30.mark.xml#sSpan118" target="scriptorium.johannes_canons_FA29-30.mark.xml#sSpan128"/>
		<rel id="sPointingRel523" xlink:href="scriptorium.johannes_canons_FA29-30.mark.xml#sSpan255" target="scriptorium.johannes_canons_FA29-30.mark.xml#sSpan263"/>
		<rel id="sPointingRel525" xlink:href="scriptorium.johannes_canons_FA29-30.mark.xml#sSpan731" target="scriptorium.johannes_canons_FA29-30.mark.xml#sSpan736"/>
		<rel id="sPointingRel527" xlink:href="scriptorium.johannes_canons_FA29-30.mark.xml#sSpan19" target="scriptorium.johannes_canons_FA29-30.mark.xml#sSpan31"/>
		<rel id="sPointingRel529" xlink:href="scriptorium.johannes_canons_FA29-30.mark.xml#sSpan1163" target="scriptorium.johannes_canons_FA29-30.mark.xml#sSpan1170"/>
		<rel id="sPointingRel531" xlink:href="scriptorium.johannes_canons_FA29-30.mark.xml#sSpan1093" target="scriptorium.johannes_canons_FA29-30.mark.xml#sSpan1090"/>
		<rel id="sPointingRel533" xlink:href="scriptorium.johannes_canons_FA29-30.mark.xml#sSpan42" target="scriptorium.johannes_canons_FA29-30.mark.xml#sSpan39"/>
		<rel id="sPointingRel535" xlink:href="scriptorium.johannes_canons_FA29-30.mark.xml#sSpan1028" target="scriptorium.johannes_canons_FA29-30.mark.xml#sSpan1048"/>
		<rel id="sPointingRel537" xlink:href="scriptorium.johannes_canons_FA29-30.mark.xml#sSpan1121" target="scriptorium.johannes_canons_FA29-30.mark.xml#sSpan1123"/>
		<rel id="sPointingRel539" xlink:href="scriptorium.johannes_canons_FA29-30.mark.xml#sSpan434" target="scriptorium.johannes_canons_FA29-30.mark.xml#sSpan428"/>
		<rel id="sPointingRel541" xlink:href="scriptorium.johannes_canons_FA29-30.mark.xml#sSpan812" target="scriptorium.johannes_canons_FA29-30.mark.xml#sSpan816"/>
		<rel id="sPointingRel543" xlink:href="scriptorium.johannes_canons_FA29-30.mark.xml#sSpan179" target="scriptorium.johannes_canons_FA29-30.mark.xml#sSpan188"/>
		<rel id="sPointingRel545" xlink:href="scriptorium.johannes_canons_FA29-30.mark.xml#sSpan670" target="scriptorium.johannes_canons_FA29-30.mark.xml#sSpan641"/>
		<rel id="sPointingRel547" xlink:href="scriptorium.johannes_canons_FA29-30.mark.xml#sSpan76" target="scriptorium.johannes_canons_FA29-30.mark.xml#sSpan78"/>
		<rel id="sPointingRel549" xlink:href="scriptorium.johannes_canons_FA29-30.mark.xml#sSpan1324" target="scriptorium.johannes_canons_FA29-30.mark.xml#sSpan1322"/>
		<rel id="sPointingRel551" xlink:href="scriptorium.johannes_canons_FA29-30.mark.xml#sSpan1267" target="scriptorium.johannes_canons_FA29-30.mark.xml#sSpan1259"/>
		<rel id="sPointingRel553" xlink:href="scriptorium.johannes_canons_FA29-30.mark.xml#sSpan601" target="scriptorium.johannes_canons_FA29-30.mark.xml#sSpan599"/>
		<rel id="sPointingRel555" xlink:href="scriptorium.johannes_canons_FA29-30.mark.xml#sSpan1267" target="scriptorium.johannes_canons_FA29-30.mark.xml#sSpan1287"/>
		<rel id="sPointingRel557" xlink:href="scriptorium.johannes_canons_FA29-30.mark.xml#sSpan322" target="scriptorium.johannes_canons_FA29-30.mark.xml#sSpan331"/>
		<rel id="sPointingRel559" xlink:href="scriptorium.johannes_canons_FA29-30.mark.xml#sSpan31" target="scriptorium.johannes_canons_FA29-30.mark.xml#sSpan42"/>
		<rel id="sPointingRel561" xlink:href="scriptorium.johannes_canons_FA29-30.mark.xml#sSpan284" target="scriptorium.johannes_canons_FA29-30.mark.xml#sSpan275"/>
		<rel id="sPointingRel563" xlink:href="scriptorium.johannes_canons_FA29-30.mark.xml#sSpan1278" target="scriptorium.johannes_canons_FA29-30.mark.xml#sSpan1272"/>
		<rel id="sPointingRel565" xlink:href="scriptorium.johannes_canons_FA29-30.mark.xml#sSpan1146" target="scriptorium.johannes_canons_FA29-30.mark.xml#sSpan1142"/>
		<rel id="sPointingRel567" xlink:href="scriptorium.johannes_canons_FA29-30.mark.xml#sSpan128" target="scriptorium.johannes_canons_FA29-30.mark.xml#sSpan125"/>
		<rel id="sPointingRel569" xlink:href="scriptorium.johannes_canons_FA29-30.mark.xml#sSpan1146" target="scriptorium.johannes_canons_FA29-30.mark.xml#sSpan1153"/>
		<rel id="sPointingRel571" xlink:href="scriptorium.johannes_canons_FA29-30.mark.xml#sSpan551" target="scriptorium.johannes_canons_FA29-30.mark.xml#sSpan547"/>
		<rel id="sPointingRel573" xlink:href="scriptorium.johannes_canons_FA29-30.mark.xml#sSpan535" target="scriptorium.johannes_canons_FA29-30.mark.xml#sSpan525"/>
		<rel id="sPointingRel575" xlink:href="scriptorium.johannes_canons_FA29-30.mark.xml#sSpan727" target="scriptorium.johannes_canons_FA29-30.mark.xml#sSpan753"/>
		<rel id="sPointingRel577" xlink:href="scriptorium.johannes_canons_FA29-30.mark.xml#sSpan331" target="scriptorium.johannes_canons_FA29-30.mark.xml#sSpan327"/>
		<rel id="sPointingRel579" xlink:href="scriptorium.johannes_canons_FA29-30.mark.xml#sSpan1324" target="scriptorium.johannes_canons_FA29-30.mark.xml#sSpan1335"/>
		<rel id="sPointingRel581" xlink:href="scriptorium.johannes_canons_FA29-30.mark.xml#sSpan882" target="scriptorium.johannes_canons_FA29-30.mark.xml#sSpan878"/>
		<rel id="sPointingRel583" xlink:href="scriptorium.johannes_canons_FA29-30.mark.xml#sSpan65" target="scriptorium.johannes_canons_FA29-30.mark.xml#sSpan58"/>
		<rel id="sPointingRel585" xlink:href="scriptorium.johannes_canons_FA29-30.mark.xml#sSpan1017" target="scriptorium.johannes_canons_FA29-30.mark.xml#sSpan1019"/>
		<rel id="sPointingRel587" xlink:href="scriptorium.johannes_canons_FA29-30.mark.xml#sSpan394" target="scriptorium.johannes_canons_FA29-30.mark.xml#sSpan398"/>
		<rel id="sPointingRel589" xlink:href="scriptorium.johannes_canons_FA29-30.mark.xml#sSpan812" target="scriptorium.johannes_canons_FA29-30.mark.xml#sSpan802"/>
		<rel id="sPointingRel591" xlink:href="scriptorium.johannes_canons_FA29-30.mark.xml#sSpan235" target="scriptorium.johannes_canons_FA29-30.mark.xml#sSpan227"/>
		<rel id="sPointingRel593" xlink:href="scriptorium.johannes_canons_FA29-30.mark.xml#sSpan979" target="scriptorium.johannes_canons_FA29-30.mark.xml#sSpan984"/>
		<rel id="sPointingRel595" xlink:href="scriptorium.johannes_canons_FA29-30.mark.xml#sSpan245" target="scriptorium.johannes_canons_FA29-30.mark.xml#sSpan255"/>
		<rel id="sPointingRel597" xlink:href="scriptorium.johannes_canons_FA29-30.mark.xml#sSpan1256" target="scriptorium.johannes_canons_FA29-30.mark.xml#sSpan1267"/>
		<rel id="sPointingRel599" xlink:href="scriptorium.johannes_canons_FA29-30.mark.xml#sSpan784" target="scriptorium.johannes_canons_FA29-30.mark.xml#sSpan791"/>
		<rel id="sPointingRel601" xlink:href="scriptorium.johannes_canons_FA29-30.mark.xml#sSpan194" target="scriptorium.johannes_canons_FA29-30.mark.xml#sSpan190"/>
		<rel id="sPointingRel603" xlink:href="scriptorium.johannes_canons_FA29-30.mark.xml#sSpan69" target="scriptorium.johannes_canons_FA29-30.mark.xml#sSpan67"/>
		<rel id="sPointingRel605" xlink:href="scriptorium.johannes_canons_FA29-30.mark.xml#sSpan632" target="scriptorium.johannes_canons_FA29-30.mark.xml#sSpan628"/>
		<rel id="sPointingRel607" xlink:href="scriptorium.johannes_canons_FA29-30.mark.xml#sSpan1208" target="scriptorium.johannes_canons_FA29-30.mark.xml#sSpan1201"/>
		<rel id="sPointingRel609" xlink:href="scriptorium.johannes_canons_FA29-30.mark.xml#sSpan829" target="scriptorium.johannes_canons_FA29-30.mark.xml#sSpan820"/>
		<rel id="sPointingRel611" xlink:href="scriptorium.johannes_canons_FA29-30.mark.xml#sSpan523" target="scriptorium.johannes_canons_FA29-30.mark.xml#sSpan509"/>
		<rel id="sPointingRel613" xlink:href="scriptorium.johannes_canons_FA29-30.mark.xml#sSpan847" target="scriptorium.johannes_canons_FA29-30.mark.xml#sSpan849"/>
		<rel id="sPointingRel615" xlink:href="scriptorium.johannes_canons_FA29-30.mark.xml#sSpan235" target="scriptorium.johannes_canons_FA29-30.mark.xml#sSpan238"/>
		<rel id="sPointingRel617" xlink:href="scriptorium.johannes_canons_FA29-30.mark.xml#sSpan670" target="scriptorium.johannes_canons_FA29-30.mark.xml#sSpan663"/>
		<rel id="sPointingRel619" xlink:href="scriptorium.johannes_canons_FA29-30.mark.xml#sSpan19" target="scriptorium.johannes_canons_FA29-30.mark.xml#sSpan14"/>
		<rel id="sPointingRel621" xlink:href="scriptorium.johannes_canons_FA29-30.mark.xml#sSpan551" target="scriptorium.johannes_canons_FA29-30.mark.xml#sSpan545"/>
		<rel id="sPointingRel623" xlink:href="scriptorium.johannes_canons_FA29-30.mark.xml#sSpan221" target="scriptorium.johannes_canons_FA29-30.mark.xml#sSpan216"/>
		<rel id="sPointingRel625" xlink:href="scriptorium.johannes_canons_FA29-30.mark.xml#sSpan753" target="scriptorium.johannes_canons_FA29-30.mark.xml#sSpan749"/>
		<rel id="sPointingRel627" xlink:href="scriptorium.johannes_canons_FA29-30.mark.xml#sSpan1028" target="scriptorium.johannes_canons_FA29-30.mark.xml#sSpan1024"/>
		<rel id="sPointingRel629" xlink:href="scriptorium.johannes_canons_FA29-30.mark.xml#sSpan648" target="scriptorium.johannes_canons_FA29-30.mark.xml#sSpan650"/>
		<rel id="sPointingRel631" xlink:href="scriptorium.johannes_canons_FA29-30.mark.xml#sSpan1222" target="scriptorium.johannes_canons_FA29-30.mark.xml#sSpan1217"/>
		<rel id="sPointingRel633" xlink:href="scriptorium.johannes_canons_FA29-30.mark.xml#sSpan76" target="scriptorium.johannes_canons_FA29-30.mark.xml#sSpan72"/>
		<rel id="sPointingRel635" xlink:href="scriptorium.johannes_canons_FA29-30.mark.xml#sSpan939" target="scriptorium.johannes_canons_FA29-30.mark.xml#sSpan979"/>
		<rel id="sPointingRel637" xlink:href="scriptorium.johannes_canons_FA29-30.mark.xml#sSpan791" target="scriptorium.johannes_canons_FA29-30.mark.xml#sSpan787"/>
		<rel id="sPointingRel639" xlink:href="scriptorium.johannes_canons_FA29-30.mark.xml#sSpan882" target="scriptorium.johannes_canons_FA29-30.mark.xml#sSpan909"/>
		<rel id="sPointingRel641" xlink:href="scriptorium.johannes_canons_FA29-30.mark.xml#sSpan784" target="scriptorium.johannes_canons_FA29-30.mark.xml#sSpan777"/>
		<rel id="sPointingRel643" xlink:href="scriptorium.johannes_canons_FA29-30.mark.xml#sSpan893" target="scriptorium.johannes_canons_FA29-30.mark.xml#sSpan888"/>
		<rel id="sPointingRel645" xlink:href="scriptorium.johannes_canons_FA29-30.mark.xml#sSpan501" target="scriptorium.johannes_canons_FA29-30.mark.xml#sSpan495"/>
		<rel id="sPointingRel647" xlink:href="scriptorium.johannes_canons_FA29-30.mark.xml#sSpan295" target="scriptorium.johannes_canons_FA29-30.mark.xml#sSpan303"/>
		<rel id="sPointingRel649" xlink:href="scriptorium.johannes_canons_FA29-30.mark.xml#sSpan1048" target="scriptorium.johannes_canons_FA29-30.mark.xml#sSpan1041"/>
		<rel id="sPointingRel651" xlink:href="scriptorium.johannes_canons_FA29-30.mark.xml#sSpan882" target="scriptorium.johannes_canons_FA29-30.mark.xml#sSpan922"/>
		<rel id="sPointingRel653" xlink:href="scriptorium.johannes_canons_FA29-30.mark.xml#sSpan626" target="scriptorium.johannes_canons_FA29-30.mark.xml#sSpan632"/>
		<rel id="sPointingRel655" xlink:href="scriptorium.johannes_canons_FA29-30.mark.xml#sSpan295" target="scriptorium.johannes_canons_FA29-30.mark.xml#sSpan292"/>
		<rel id="sPointingRel657" xlink:href="scriptorium.johannes_canons_FA29-30.mark.xml#sSpan179" target="scriptorium.johannes_canons_FA29-30.mark.xml#sSpan175"/>
		<rel id="sPointingRel659" xlink:href="scriptorium.johannes_canons_FA29-30.mark.xml#sSpan1077" target="scriptorium.johannes_canons_FA29-30.mark.xml#sSpan1073"/>
		<rel id="sPointingRel661" xlink:href="scriptorium.johannes_canons_FA29-30.mark.xml#sSpan477" target="scriptorium.johannes_canons_FA29-30.mark.xml#sSpan486"/>
		<rel id="sPointingRel663" xlink:href="scriptorium.johannes_canons_FA29-30.mark.xml#sSpan465" target="scriptorium.johannes_canons_FA29-30.mark.xml#sSpan470"/>
		<rel id="sPointingRel665" xlink:href="scriptorium.johannes_canons_FA29-30.mark.xml#sSpan412" target="scriptorium.johannes_canons_FA29-30.mark.xml#sSpan405"/>
		<rel id="sPointingRel667" xlink:href="scriptorium.johannes_canons_FA29-30.mark.xml#sSpan295" target="scriptorium.johannes_canons_FA29-30.mark.xml#sSpan286"/>
		<rel id="sPointingRel669" xlink:href="scriptorium.johannes_canons_FA29-30.mark.xml#sSpan953" target="scriptorium.johannes_canons_FA29-30.mark.xml#sSpan951"/>
		<rel id="sPointingRel671" xlink:href="scriptorium.johannes_canons_FA29-30.mark.xml#sSpan812" target="scriptorium.johannes_canons_FA29-30.mark.xml#sSpan810"/>
		<rel id="sPointingRel673" xlink:href="scriptorium.johannes_canons_FA29-30.mark.xml#sSpan1192" target="scriptorium.johannes_canons_FA29-30.mark.xml#sSpan1199"/>
		<rel id="sPointingRel675" xlink:href="scriptorium.johannes_canons_FA29-30.mark.xml#sSpan670" target="scriptorium.johannes_canons_FA29-30.mark.xml#sSpan672"/>
		<rel id="sPointingRel677" xlink:href="scriptorium.johannes_canons_FA29-30.mark.xml#sSpan1017" target="scriptorium.johannes_canons_FA29-30.mark.xml#sSpan1062"/>
		<rel id="sPointingRel679" xlink:href="scriptorium.johannes_canons_FA29-30.mark.xml#sSpan670" target="scriptorium.johannes_canons_FA29-30.mark.xml#sSpan690"/>
		<rel id="sPointingRel681" xlink:href="scriptorium.johannes_canons_FA29-30.mark.xml#sSpan1343" target="scriptorium.johannes_canons_FA29-30.mark.xml#sSpan1337"/>
		<rel id="sPointingRel683" xlink:href="scriptorium.johannes_canons_FA29-30.mark.xml#sSpan605" target="scriptorium.johannes_canons_FA29-30.mark.xml#sSpan603"/>
		<rel id="sPointingRel685" xlink:href="scriptorium.johannes_canons_FA29-30.mark.xml#sSpan727" target="scriptorium.johannes_canons_FA29-30.mark.xml#sSpan714"/>
		<rel id="sPointingRel687" xlink:href="scriptorium.johannes_canons_FA29-30.mark.xml#sSpan1077" target="scriptorium.johannes_canons_FA29-30.mark.xml#sSpan1067"/>
		<rel id="sPointingRel689" xlink:href="scriptorium.johannes_canons_FA29-30.mark.xml#sSpan356" target="scriptorium.johannes_canons_FA29-30.mark.xml#sSpan381"/>
		<rel id="sPointingRel691" xlink:href="scriptorium.johannes_canons_FA29-30.mark.xml#sSpan1215" target="scriptorium.johannes_canons_FA29-30.mark.xml#sSpan1211"/>
		<rel id="sPointingRel693" xlink:href="scriptorium.johannes_canons_FA29-30.mark.xml#sSpan661" target="scriptorium.johannes_canons_FA29-30.mark.xml#sSpan659"/></relList></paula>