<?xml version='1.0' encoding='UTF-8'?><!DOCTYPE paula SYSTEM "paula_feat.dtd">
<paula version="1.1">
	<header paula_id="scriptorium.1Cor_09.mark_entity"/>
	<featList xmlns:xlink="http://www.w3.org/1999/xlink" type="entity" xml:base="scriptorium.1Cor_09.mark.xml">
		<feat xlink:href="#sSpan19" value="person"/>
		<feat xlink:href="#sSpan37" value="person"/>
		<feat xlink:href="#sSpan65" value="person"/>
		<feat xlink:href="#sSpan93" value="abstract"/>
		<feat xlink:href="#sSpan102" value="person"/>
		<feat xlink:href="#sSpan122" value="person"/>
		<feat xlink:href="#sSpan136" value="person"/>
		<feat xlink:href="#sSpan154" value="person"/>
		<feat xlink:href="#sSpan167" value="abstract"/>
		<feat xlink:href="#sSpan184" value="person"/>
		<feat xlink:href="#sSpan204" value="person"/>
		<feat xlink:href="#sSpan213" value="abstract"/>
		<feat xlink:href="#sSpan229" value="abstract"/>
		<feat xlink:href="#sSpan239" value="person"/>
		<feat xlink:href="#sSpan273" value="abstract"/>
		<feat xlink:href="#sSpan310" value="abstract"/>
		<feat xlink:href="#sSpan324" value="person"/>
		<feat xlink:href="#sSpan357" value="person"/>
		<feat xlink:href="#sSpan369" value="person"/>
		<feat xlink:href="#sSpan378" value="person"/>
		<feat xlink:href="#sSpan388" value="person"/>
		<feat xlink:href="#sSpan423" value="person"/>
		<feat xlink:href="#sSpan432" value="abstract"/>
		<feat xlink:href="#sSpan485" value="abstract"/>
		<feat xlink:href="#sSpan525" value="place"/>
		<feat xlink:href="#sSpan550" value="plant"/>
		<feat xlink:href="#sSpan580" value="animal"/>
		<feat xlink:href="#sSpan599" value="object"/>
		<feat xlink:href="#sSpan637" value="abstract"/>
		<feat xlink:href="#sSpan653" value="abstract"/>
		<feat xlink:href="#sSpan665" value="abstract"/>
		<feat xlink:href="#sSpan692" value="abstract"/>
		<feat xlink:href="#sSpan703" value="person"/>
		<feat xlink:href="#sSpan716" value="animal"/>
		<feat xlink:href="#sSpan740" value="abstract"/>
		<feat xlink:href="#sSpan749" value="person"/>
		<feat xlink:href="#sSpan762" value="animal"/>
		<feat xlink:href="#sSpan831" value="person"/>
		<feat xlink:href="#sSpan842" value="abstract"/>
		<feat xlink:href="#sSpan849" value="abstract"/>
		<feat xlink:href="#sSpan865" value="person"/>
		<feat xlink:href="#sSpan876" value="abstract"/>
		<feat xlink:href="#sSpan925" value="abstract"/>
		<feat xlink:href="#sSpan965" value="object"/>
		<feat xlink:href="#sSpan986" value="person"/>
		<feat xlink:href="#sSpan1000" value="abstract"/>
		<feat xlink:href="#sSpan1044" value="abstract"/>
		<feat xlink:href="#sSpan1069" value="abstract"/>
		<feat xlink:href="#sSpan1092" value="abstract"/>
		<feat xlink:href="#sSpan1101" value="abstract"/>
		<feat xlink:href="#sSpan1111" value="person"/>
		<feat xlink:href="#sSpan1142" value="person"/>
		<feat xlink:href="#sSpan1155" value="place"/>
		<feat xlink:href="#sSpan1179" value="place"/>
		<feat xlink:href="#sSpan1190" value="person"/>
		<feat xlink:href="#sSpan1201" value="place"/>
		<feat xlink:href="#sSpan1227" value="place"/>
		<feat xlink:href="#sSpan1237" value="abstract"/>
		<feat xlink:href="#sSpan1262" value="person"/>
		<feat xlink:href="#sSpan1277" value="person"/>
		<feat xlink:href="#sSpan1284" value="abstract"/>
		<feat xlink:href="#sSpan1291" value="abstract"/>
		<feat xlink:href="#sSpan1301" value="abstract"/>
		<feat xlink:href="#sSpan1312" value="abstract"/>
		<feat xlink:href="#sSpan1349" value="abstract"/>
		<feat xlink:href="#sSpan1372" value="abstract"/>
		<feat xlink:href="#sSpan1439" value="abstract"/>
		<feat xlink:href="#sSpan1450" value="person"/>
		<feat xlink:href="#sSpan1496" value="abstract"/>
		<feat xlink:href="#sSpan1519" value="abstract"/>
		<feat xlink:href="#sSpan1604" value="abstract"/>
		<feat xlink:href="#sSpan1621" value="abstract"/>
		<feat xlink:href="#sSpan1667" value="abstract"/>
		<feat xlink:href="#sSpan1694" value="abstract"/>
		<feat xlink:href="#sSpan1724" value="abstract"/>
		<feat xlink:href="#sSpan1769" value="abstract"/>
		<feat xlink:href="#sSpan1778" value="abstract"/>
		<feat xlink:href="#sSpan1807" value="person"/>
		<feat xlink:href="#sSpan1819" value="abstract"/>
		<feat xlink:href="#sSpan1840" value="person"/>
		<feat xlink:href="#sSpan1848" value="person"/>
		<feat xlink:href="#sSpan1862" value="abstract"/>
		<feat xlink:href="#sSpan1895" value="person"/>
		<feat xlink:href="#sSpan1907" value="person"/>
		<feat xlink:href="#sSpan1926" value="person"/>
		<feat xlink:href="#sSpan1948" value="person"/>
		<feat xlink:href="#sSpan1955" value="abstract"/>
		<feat xlink:href="#sSpan1974" value="abstract"/>
		<feat xlink:href="#sSpan2002" value="abstract"/>
		<feat xlink:href="#sSpan2022" value="person"/>
		<feat xlink:href="#sSpan2029" value="abstract"/>
		<feat xlink:href="#sSpan2056" value="person"/>
		<feat xlink:href="#sSpan2068" value="person"/>
		<feat xlink:href="#sSpan2079" value="person"/>
		<feat xlink:href="#sSpan2093" value="person"/>
		<feat xlink:href="#sSpan2113" value="person"/>
		<feat xlink:href="#sSpan2123" value="person"/>
		<feat xlink:href="#sSpan2143" value="person"/>
		<feat xlink:href="#sSpan2170" value="person"/>
		<feat xlink:href="#sSpan2180" value="person"/>
		<feat xlink:href="#sSpan2199" value="abstract"/>
		<feat xlink:href="#sSpan2227" value="person"/>
		<feat xlink:href="#sSpan2249" value="person"/>
		<feat xlink:href="#sSpan2278" value="abstract"/>
		<feat xlink:href="#sSpan2291" value="abstract"/>
		<feat xlink:href="#sSpan2316" value="person"/>
		<feat xlink:href="#sSpan2343" value="person"/>
		<feat xlink:href="#sSpan2354" value="place"/>
		<feat xlink:href="#sSpan2377" value="person"/>
		<feat xlink:href="#sSpan2399" value="object"/>
		<feat xlink:href="#sSpan2432" value="person"/>
		<feat xlink:href="#sSpan2475" value="abstract"/>
		<feat xlink:href="#sSpan2503" value="object"/>
		<feat xlink:href="#sSpan2535" value="person"/>
		<feat xlink:href="#sSpan2556" value="person"/>
		<feat xlink:href="#sSpan2636" value="place"/>
		<feat xlink:href="#sSpan2665" value="object"/>
		<feat xlink:href="#sSpan2687" value="person"/>
		<feat xlink:href="#sSpan2713" value="person"/>
		<feat xlink:href="#sSpan2728" value="person"/></featList></paula>