<?xml version='1.0' encoding='UTF-8'?><!DOCTYPE paula SYSTEM "paula_feat.dtd">
<paula version="1.1">
	<header paula_id="scriptorium.1Cor_09.mark_lang"/>
	<featList xmlns:xlink="http://www.w3.org/1999/xlink" type="lang" xml:base="scriptorium.1Cor_09.mark.xml">
		<feat xlink:href="#sSpan1" value="Greek"/>
		<feat xlink:href="#sSpan24" value="Greek"/>
		<feat xlink:href="#sSpan35" value="Greek"/>
		<feat xlink:href="#sSpan42" value="Greek"/>
		<feat xlink:href="#sSpan59" value="Hebrew"/>
		<feat xlink:href="#sSpan68" value="Greek"/>
		<feat xlink:href="#sSpan116" value="Greek"/>
		<feat xlink:href="#sSpan135" value="Greek"/>
		<feat xlink:href="#sSpan160" value="Greek"/>
		<feat xlink:href="#sSpan163" value="Greek"/>
		<feat xlink:href="#sSpan178" value="Greek"/>
		<feat xlink:href="#sSpan216" value="Greek"/>
		<feat xlink:href="#sSpan227" value="Greek"/>
		<feat xlink:href="#sSpan240" value="Greek"/>
		<feat xlink:href="#sSpan258" value="Greek"/>
		<feat xlink:href="#sSpan277" value="Greek"/>
		<feat xlink:href="#sSpan294" value="Greek"/>
		<feat xlink:href="#sSpan341" value="Greek"/>
		<feat xlink:href="#sSpan364" value="Aramaic"/>
		<feat xlink:href="#sSpan409" value="Greek"/>
		<feat xlink:href="#sSpan461" value="Greek"/>
		<feat xlink:href="#sSpan524" value="Greek"/>
		<feat xlink:href="#sSpan577" value="Greek"/>
		<feat xlink:href="#sSpan587" value="Greek"/>
		<feat xlink:href="#sSpan612" value="Greek"/>
		<feat xlink:href="#sSpan625" value="Greek"/>
		<feat xlink:href="#sSpan649" value="Greek"/>
		<feat xlink:href="#sSpan660" value="Greek"/>
		<feat xlink:href="#sSpan667" value="Hebrew"/>
		<feat xlink:href="#sSpan696" value="Greek"/>
		<feat xlink:href="#sSpan770" value="Greek"/>
		<feat xlink:href="#sSpan809" value="Greek"/>
		<feat xlink:href="#sSpan834" value="Greek"/>
		<feat xlink:href="#sSpan845" value="Greek"/>
		<feat xlink:href="#sSpan882" value="Greek"/>
		<feat xlink:href="#sSpan921" value="Greek"/>
		<feat xlink:href="#sSpan943" value="Greek"/>
		<feat xlink:href="#sSpan954" value="Greek"/>
		<feat xlink:href="#sSpan977" value="Greek"/>
		<feat xlink:href="#sSpan988" value="Greek"/>
		<feat xlink:href="#sSpan997" value="Greek"/>
		<feat xlink:href="#sSpan1000" value="Greek"/>
		<feat xlink:href="#sSpan1051" value="Greek"/>
		<feat xlink:href="#sSpan1060" value="Greek"/>
		<feat xlink:href="#sSpan1145" value="Greek"/>
		<feat xlink:href="#sSpan1170" value="Greek"/>
		<feat xlink:href="#sSpan1229" value="Greek"/>
		<feat xlink:href="#sSpan1248" value="Greek"/>
		<feat xlink:href="#sSpan1264" value="Greek"/>
		<feat xlink:href="#sSpan1275" value="Greek"/>
		<feat xlink:href="#sSpan1306" value="Greek"/>
		<feat xlink:href="#sSpan1345" value="Greek"/>
		<feat xlink:href="#sSpan1413" value="Greek"/>
		<feat xlink:href="#sSpan1416" value="Greek"/>
		<feat xlink:href="#sSpan1453" value="Greek"/>
		<feat xlink:href="#sSpan1472" value="Greek"/>
		<feat xlink:href="#sSpan1493" value="Greek"/>
		<feat xlink:href="#sSpan1514" value="Greek"/>
		<feat xlink:href="#sSpan1565" value="Greek"/>
		<feat xlink:href="#sSpan1594" value="Greek"/>
		<feat xlink:href="#sSpan1638" value="Greek"/>
		<feat xlink:href="#sSpan1649" value="Greek"/>
		<feat xlink:href="#sSpan1701" value="Greek"/>
		<feat xlink:href="#sSpan1720" value="Greek"/>
		<feat xlink:href="#sSpan1812" value="Hebrew"/>
		<feat xlink:href="#sSpan1815" value="Greek"/>
		<feat xlink:href="#sSpan1820" value="Hebrew"/>
		<feat xlink:href="#sSpan1841" value="Hebrew"/>
		<feat xlink:href="#sSpan1868" value="Greek"/>
		<feat xlink:href="#sSpan1871" value="Greek"/>
		<feat xlink:href="#sSpan1886" value="Greek"/>
		<feat xlink:href="#sSpan1913" value="Greek"/>
		<feat xlink:href="#sSpan1938" value="Greek"/>
		<feat xlink:href="#sSpan1964" value="Greek"/>
		<feat xlink:href="#sSpan1967" value="Greek"/>
		<feat xlink:href="#sSpan1972" value="Greek"/>
		<feat xlink:href="#sSpan1985" value="Greek"/>
		<feat xlink:href="#sSpan2004" value="Greek"/>
		<feat xlink:href="#sSpan2021" value="Greek"/>
		<feat xlink:href="#sSpan2030" value="Greek"/>
		<feat xlink:href="#sSpan2049" value="Greek"/>
		<feat xlink:href="#sSpan2077" value="Greek"/>
		<feat xlink:href="#sSpan2137" value="Greek"/>
		<feat xlink:href="#sSpan2167" value="Greek"/>
		<feat xlink:href="#sSpan2190" value="Greek"/>
		<feat xlink:href="#sSpan2211" value="Greek"/>
		<feat xlink:href="#sSpan2250" value="Greek"/>
		<feat xlink:href="#sSpan2259" value="Greek"/>
		<feat xlink:href="#sSpan2274" value="Greek"/>
		<feat xlink:href="#sSpan2329" value="Greek"/>
		<feat xlink:href="#sSpan2342" value="Greek"/>
		<feat xlink:href="#sSpan2351" value="Greek"/>
		<feat xlink:href="#sSpan2375" value="Greek"/>
		<feat xlink:href="#sSpan2414" value="Greek"/>
		<feat xlink:href="#sSpan2461" value="Greek"/>
		<feat xlink:href="#sSpan2488" value="Greek"/>
		<feat xlink:href="#sSpan2499" value="Greek"/>
		<feat xlink:href="#sSpan2524" value="Greek"/>
		<feat xlink:href="#sSpan2531" value="Greek"/>
		<feat xlink:href="#sSpan2552" value="Greek"/>
		<feat xlink:href="#sSpan2577" value="Greek"/></featList></paula>