<?xml version='1.0' encoding='UTF-8'?><!DOCTYPE paula SYSTEM "paula_feat.dtd">
<paula version="1.1">
	<header paula_id="scriptorium.Jonah_01.mark_verse_n"/>
	<featList xmlns:xlink="http://www.w3.org/1999/xlink" type="verse_n" xml:base="scriptorium.Jonah_01.mark.xml">
		<feat xlink:href="#sSpan9" value="1"/>
		<feat xlink:href="#sSpan81" value="2"/>
		<feat xlink:href="#sSpan194" value="3"/>
		<feat xlink:href="#sSpan388" value="4"/>
		<feat xlink:href="#sSpan503" value="5"/>
		<feat xlink:href="#sSpan726" value="6"/>
		<feat xlink:href="#sSpan873" value="7"/>
		<feat xlink:href="#sSpan1010" value="8"/>
		<feat xlink:href="#sSpan1200" value="9"/>
		<feat xlink:href="#sSpan1333" value="10"/>
		<feat xlink:href="#sSpan1487" value="11"/>
		<feat xlink:href="#sSpan1630" value="12"/>
		<feat xlink:href="#sSpan1771" value="13"/>
		<feat xlink:href="#sSpan1887" value="14"/>
		<feat xlink:href="#sSpan2088" value="15"/>
		<feat xlink:href="#sSpan2175" value="16"/></featList></paula>