<?xml version='1.0' encoding='UTF-8'?><!DOCTYPE paula SYSTEM "paula_feat.dtd">
<paula version="1.1">
	<header paula_id="scriptorium.Jonah_01.mark_verse_n_vname"/>
	<featList xmlns:xlink="http://www.w3.org/1999/xlink" type="verse_n_vname" xml:base="scriptorium.Jonah_01.mark.xml">
		<feat xlink:href="#sSpan6" value="Jonah 1:1"/>
		<feat xlink:href="#sSpan78" value="Jonah 1:2"/>
		<feat xlink:href="#sSpan191" value="Jonah 1:3"/>
		<feat xlink:href="#sSpan385" value="Jonah 1:4"/>
		<feat xlink:href="#sSpan500" value="Jonah 1:5"/>
		<feat xlink:href="#sSpan723" value="Jonah 1:6"/>
		<feat xlink:href="#sSpan870" value="Jonah 1:7"/>
		<feat xlink:href="#sSpan1007" value="Jonah 1:8"/>
		<feat xlink:href="#sSpan1197" value="Jonah 1:9"/>
		<feat xlink:href="#sSpan1330" value="Jonah 1:10"/>
		<feat xlink:href="#sSpan1484" value="Jonah 1:11"/>
		<feat xlink:href="#sSpan1627" value="Jonah 1:12"/>
		<feat xlink:href="#sSpan1768" value="Jonah 1:13"/>
		<feat xlink:href="#sSpan1884" value="Jonah 1:14"/>
		<feat xlink:href="#sSpan2085" value="Jonah 1:15"/>
		<feat xlink:href="#sSpan2172" value="Jonah 1:16"/></featList></paula>