<?xml version='1.0' encoding='UTF-8'?><!DOCTYPE paula SYSTEM "paula_feat.dtd">
<paula version="1.1">
	<header paula_id="scriptorium.pistis.sophia_book_1_part2.mark_lb_n"/>
	<featList xmlns:xlink="http://www.w3.org/1999/xlink" type="lb_n" xml:base="scriptorium.pistis.sophia_book_1_part2.mark.xml">
		<feat xlink:href="#sSpan7" value="8"/>
		<feat xlink:href="#sSpan33" value="9"/>
		<feat xlink:href="#sSpan69" value="10"/>
		<feat xlink:href="#sSpan110" value="11"/>
		<feat xlink:href="#sSpan158" value="12"/>
		<feat xlink:href="#sSpan197" value="13"/>
		<feat xlink:href="#sSpan240" value="14"/>
		<feat xlink:href="#sSpan280" value="15"/>
		<feat xlink:href="#sSpan326" value="1"/>
		<feat xlink:href="#sSpan362" value="2"/>
		<feat xlink:href="#sSpan408" value="3"/>
		<feat xlink:href="#sSpan440" value="4"/>
		<feat xlink:href="#sSpan478" value="5"/>
		<feat xlink:href="#sSpan517" value="6"/>
		<feat xlink:href="#sSpan557" value="7"/>
		<feat xlink:href="#sSpan598" value="8"/>
		<feat xlink:href="#sSpan634" value="9"/>
		<feat xlink:href="#sSpan674" value="10"/>
		<feat xlink:href="#sSpan716" value="11"/>
		<feat xlink:href="#sSpan760" value="12"/>
		<feat xlink:href="#sSpan803" value="13"/>
		<feat xlink:href="#sSpan851" value="14"/>
		<feat xlink:href="#sSpan886" value="15"/>
		<feat xlink:href="#sSpan929" value="1"/>
		<feat xlink:href="#sSpan976" value="2"/>
		<feat xlink:href="#sSpan1015" value="3"/>
		<feat xlink:href="#sSpan1047" value="4"/>
		<feat xlink:href="#sSpan1090" value="5"/>
		<feat xlink:href="#sSpan1133" value="6"/>
		<feat xlink:href="#sSpan1160" value="7"/>
		<feat xlink:href="#sSpan1197" value="8"/>
		<feat xlink:href="#sSpan1230" value="9"/>
		<feat xlink:href="#sSpan1268" value="10"/>
		<feat xlink:href="#sSpan1303" value="11"/>
		<feat xlink:href="#sSpan1347" value="12"/>
		<feat xlink:href="#sSpan1381" value="13"/>
		<feat xlink:href="#sSpan1416" value="14"/>
		<feat xlink:href="#sSpan1451" value="15"/>
		<feat xlink:href="#sSpan1479" value="16"/>
		<feat xlink:href="#sSpan1519" value="1"/>
		<feat xlink:href="#sSpan1561" value="2"/>
		<feat xlink:href="#sSpan1592" value="3"/>
		<feat xlink:href="#sSpan1629" value="4"/>
		<feat xlink:href="#sSpan1673" value="5"/>
		<feat xlink:href="#sSpan1714" value="6"/>
		<feat xlink:href="#sSpan1756" value="7"/>
		<feat xlink:href="#sSpan1794" value="8"/>
		<feat xlink:href="#sSpan1838" value="9"/>
		<feat xlink:href="#sSpan1875" value="10"/>
		<feat xlink:href="#sSpan1921" value="11"/>
		<feat xlink:href="#sSpan1961" value="12"/>
		<feat xlink:href="#sSpan2004" value="13"/>
		<feat xlink:href="#sSpan2048" value="14"/>
		<feat xlink:href="#sSpan2088" value="15"/>
		<feat xlink:href="#sSpan2122" value="1"/>
		<feat xlink:href="#sSpan2164" value="2"/>
		<feat xlink:href="#sSpan2201" value="3"/>
		<feat xlink:href="#sSpan2239" value="4"/>
		<feat xlink:href="#sSpan2280" value="5"/>
		<feat xlink:href="#sSpan2308" value="6"/>
		<feat xlink:href="#sSpan2344" value="7"/>
		<feat xlink:href="#sSpan2388" value="8"/>
		<feat xlink:href="#sSpan2430" value="9"/>
		<feat xlink:href="#sSpan2471" value="10"/>
		<feat xlink:href="#sSpan2513" value="11"/>
		<feat xlink:href="#sSpan2546" value="12"/>
		<feat xlink:href="#sSpan2589" value="13"/>
		<feat xlink:href="#sSpan2625" value="14"/>
		<feat xlink:href="#sSpan2663" value="1"/>
		<feat xlink:href="#sSpan2705" value="2"/>
		<feat xlink:href="#sSpan2742" value="3"/>
		<feat xlink:href="#sSpan2793" value="4"/>
		<feat xlink:href="#sSpan2826" value="5"/>
		<feat xlink:href="#sSpan2866" value="6"/>
		<feat xlink:href="#sSpan2942" value="7"/>
		<feat xlink:href="#sSpan2978" value="8"/>
		<feat xlink:href="#sSpan3022" value="9"/>
		<feat xlink:href="#sSpan3067" value="10"/>
		<feat xlink:href="#sSpan3106" value="11"/>
		<feat xlink:href="#sSpan3141" value="12"/>
		<feat xlink:href="#sSpan3184" value="13"/>
		<feat xlink:href="#sSpan3211" value="14"/>
		<feat xlink:href="#sSpan3248" value="15"/>
		<feat xlink:href="#sSpan3290" value="1"/>
		<feat xlink:href="#sSpan3345" value="2"/>
		<feat xlink:href="#sSpan3387" value="3"/>
		<feat xlink:href="#sSpan3423" value="4"/>
		<feat xlink:href="#sSpan3455" value="5"/>
		<feat xlink:href="#sSpan3492" value="6"/>
		<feat xlink:href="#sSpan3536" value="7"/>
		<feat xlink:href="#sSpan3572" value="8"/>
		<feat xlink:href="#sSpan3624" value="9"/>
		<feat xlink:href="#sSpan3659" value="10"/>
		<feat xlink:href="#sSpan3709" value="11"/>
		<feat xlink:href="#sSpan3743" value="12"/>
		<feat xlink:href="#sSpan3781" value="13"/>
		<feat xlink:href="#sSpan3819" value="14"/>
		<feat xlink:href="#sSpan3857" value="15"/>
		<feat xlink:href="#sSpan3900" value="1"/>
		<feat xlink:href="#sSpan3944" value="2"/>
		<feat xlink:href="#sSpan3979" value="3"/>
		<feat xlink:href="#sSpan4019" value="4"/>
		<feat xlink:href="#sSpan4052" value="5"/>
		<feat xlink:href="#sSpan4101" value="6"/>
		<feat xlink:href="#sSpan4144" value="7"/>
		<feat xlink:href="#sSpan4187" value="8"/>
		<feat xlink:href="#sSpan4231" value="9"/>
		<feat xlink:href="#sSpan4277" value="10"/>
		<feat xlink:href="#sSpan4333" value="11"/>
		<feat xlink:href="#sSpan4373" value="12"/>
		<feat xlink:href="#sSpan4417" value="13"/>
		<feat xlink:href="#sSpan4462" value="14"/>
		<feat xlink:href="#sSpan4508" value="15"/>
		<feat xlink:href="#sSpan4546" value="1"/>
		<feat xlink:href="#sSpan4587" value="2"/>
		<feat xlink:href="#sSpan4628" value="3"/>
		<feat xlink:href="#sSpan4673" value="4"/>
		<feat xlink:href="#sSpan4709" value="5"/>
		<feat xlink:href="#sSpan4755" value="6"/>
		<feat xlink:href="#sSpan4794" value="7"/>
		<feat xlink:href="#sSpan4830" value="8"/>
		<feat xlink:href="#sSpan4863" value="9"/>
		<feat xlink:href="#sSpan4907" value="10"/>
		<feat xlink:href="#sSpan4951" value="11"/>
		<feat xlink:href="#sSpan4984" value="12"/>
		<feat xlink:href="#sSpan5030" value="13"/>
		<feat xlink:href="#sSpan5074" value="14"/>
		<feat xlink:href="#sSpan5120" value="15"/>
		<feat xlink:href="#sSpan5161" value="1"/>
		<feat xlink:href="#sSpan5211" value="2"/>
		<feat xlink:href="#sSpan5253" value="3"/>
		<feat xlink:href="#sSpan5297" value="4"/>
		<feat xlink:href="#sSpan5337" value="5"/>
		<feat xlink:href="#sSpan5386" value="6"/>
		<feat xlink:href="#sSpan5425" value="7"/>
		<feat xlink:href="#sSpan5475" value="8"/>
		<feat xlink:href="#sSpan5512" value="9"/>
		<feat xlink:href="#sSpan5557" value="10"/>
		<feat xlink:href="#sSpan5602" value="11"/>
		<feat xlink:href="#sSpan5637" value="12"/>
		<feat xlink:href="#sSpan5689" value="13"/>
		<feat xlink:href="#sSpan5727" value="14"/>
		<feat xlink:href="#sSpan5769" value="1"/>
		<feat xlink:href="#sSpan5805" value="2"/>
		<feat xlink:href="#sSpan5843" value="3"/>
		<feat xlink:href="#sSpan5883" value="4"/>
		<feat xlink:href="#sSpan5932" value="5"/>
		<feat xlink:href="#sSpan5969" value="6"/>
		<feat xlink:href="#sSpan6006" value="7"/>
		<feat xlink:href="#sSpan6043" value="8"/>
		<feat xlink:href="#sSpan6091" value="9"/>
		<feat xlink:href="#sSpan6133" value="10"/>
		<feat xlink:href="#sSpan6171" value="11"/>
		<feat xlink:href="#sSpan6217" value="12"/>
		<feat xlink:href="#sSpan6262" value="13"/>
		<feat xlink:href="#sSpan6312" value="14"/>
		<feat xlink:href="#sSpan6351" value="15"/>
		<feat xlink:href="#sSpan6401" value="1"/>
		<feat xlink:href="#sSpan6445" value="2"/>
		<feat xlink:href="#sSpan6480" value="3"/>
		<feat xlink:href="#sSpan6518" value="4"/>
		<feat xlink:href="#sSpan6567" value="5"/>
		<feat xlink:href="#sSpan6598" value="6"/>
		<feat xlink:href="#sSpan6632" value="7"/>
		<feat xlink:href="#sSpan6668" value="8"/>
		<feat xlink:href="#sSpan6717" value="9"/>
		<feat xlink:href="#sSpan6754" value="10"/>
		<feat xlink:href="#sSpan6793" value="11"/>
		<feat xlink:href="#sSpan6831" value="12"/>
		<feat xlink:href="#sSpan6879" value="13"/>
		<feat xlink:href="#sSpan6912" value="1"/>
		<feat xlink:href="#sSpan6953" value="2"/>
		<feat xlink:href="#sSpan6992" value="3"/>
		<feat xlink:href="#sSpan7021" value="4"/>
		<feat xlink:href="#sSpan7055" value="5"/>
		<feat xlink:href="#sSpan7100" value="6"/>
		<feat xlink:href="#sSpan7138" value="7"/>
		<feat xlink:href="#sSpan7180" value="8"/>
		<feat xlink:href="#sSpan7228" value="9"/>
		<feat xlink:href="#sSpan7274" value="10"/>
		<feat xlink:href="#sSpan7318" value="11"/>
		<feat xlink:href="#sSpan7360" value="12"/>
		<feat xlink:href="#sSpan7399" value="13"/>
		<feat xlink:href="#sSpan7442" value="14"/>
		<feat xlink:href="#sSpan7483" value="1"/>
		<feat xlink:href="#sSpan7515" value="2"/>
		<feat xlink:href="#sSpan7550" value="3"/>
		<feat xlink:href="#sSpan7589" value="4"/>
		<feat xlink:href="#sSpan7633" value="5"/>
		<feat xlink:href="#sSpan7675" value="6"/>
		<feat xlink:href="#sSpan7710" value="7"/>
		<feat xlink:href="#sSpan7753" value="8"/>
		<feat xlink:href="#sSpan7797" value="9"/>
		<feat xlink:href="#sSpan7831" value="10"/>
		<feat xlink:href="#sSpan7878" value="11"/>
		<feat xlink:href="#sSpan7922" value="12"/>
		<feat xlink:href="#sSpan7960" value="13"/>
		<feat xlink:href="#sSpan8002" value="1"/>
		<feat xlink:href="#sSpan8050" value="2"/>
		<feat xlink:href="#sSpan8086" value="3"/>
		<feat xlink:href="#sSpan8123" value="4"/>
		<feat xlink:href="#sSpan8137" value="5"/>
		<feat xlink:href="#sSpan8178" value="6"/>
		<feat xlink:href="#sSpan8218" value="7"/>
		<feat xlink:href="#sSpan8262" value="8"/>
		<feat xlink:href="#sSpan8306" value="9"/>
		<feat xlink:href="#sSpan8349" value="10"/>
		<feat xlink:href="#sSpan8388" value="11"/>
		<feat xlink:href="#sSpan8427" value="12"/>
		<feat xlink:href="#sSpan8466" value="13"/>
		<feat xlink:href="#sSpan8498" value="14"/>
		<feat xlink:href="#sSpan8542" value="15"/>
		<feat xlink:href="#sSpan8581" value="1"/>
		<feat xlink:href="#sSpan8626" value="2"/>
		<feat xlink:href="#sSpan8662" value="3"/>
		<feat xlink:href="#sSpan8709" value="4"/>
		<feat xlink:href="#sSpan8751" value="5"/>
		<feat xlink:href="#sSpan8797" value="6"/>
		<feat xlink:href="#sSpan8845" value="7"/>
		<feat xlink:href="#sSpan8881" value="8"/>
		<feat xlink:href="#sSpan8922" value="9"/>
		<feat xlink:href="#sSpan8952" value="10"/>
		<feat xlink:href="#sSpan8995" value="11"/>
		<feat xlink:href="#sSpan9033" value="12"/>
		<feat xlink:href="#sSpan9073" value="13"/>
		<feat xlink:href="#sSpan9111" value="14"/>
		<feat xlink:href="#sSpan9148" value="1"/>
		<feat xlink:href="#sSpan9199" value="2"/>
		<feat xlink:href="#sSpan9246" value="3"/>
		<feat xlink:href="#sSpan9287" value="4"/>
		<feat xlink:href="#sSpan9332" value="5"/>
		<feat xlink:href="#sSpan9375" value="6"/>
		<feat xlink:href="#sSpan9417" value="7"/>
		<feat xlink:href="#sSpan9464" value="8"/>
		<feat xlink:href="#sSpan9500" value="9"/>
		<feat xlink:href="#sSpan9542" value="10"/>
		<feat xlink:href="#sSpan9586" value="11"/>
		<feat xlink:href="#sSpan9632" value="12"/>
		<feat xlink:href="#sSpan9665" value="13"/>
		<feat xlink:href="#sSpan9703" value="1"/>
		<feat xlink:href="#sSpan9755" value="2"/>
		<feat xlink:href="#sSpan9803" value="3"/>
		<feat xlink:href="#sSpan9841" value="4"/>
		<feat xlink:href="#sSpan9889" value="5"/>
		<feat xlink:href="#sSpan9930" value="6"/>
		<feat xlink:href="#sSpan9973" value="7"/>
		<feat xlink:href="#sSpan10017" value="8"/>
		<feat xlink:href="#sSpan10048" value="9"/>
		<feat xlink:href="#sSpan10097" value="10"/>
		<feat xlink:href="#sSpan10119" value="11"/>
		<feat xlink:href="#sSpan10153" value="12"/>
		<feat xlink:href="#sSpan10199" value="13"/>
		<feat xlink:href="#sSpan10239" value="14"/>
		<feat xlink:href="#sSpan10280" value="1"/>
		<feat xlink:href="#sSpan10323" value="2"/>
		<feat xlink:href="#sSpan10363" value="3"/>
		<feat xlink:href="#sSpan10391" value="4"/>
		<feat xlink:href="#sSpan10431" value="5"/>
		<feat xlink:href="#sSpan10476" value="6"/>
		<feat xlink:href="#sSpan10523" value="7"/>
		<feat xlink:href="#sSpan10570" value="8"/>
		<feat xlink:href="#sSpan10615" value="9"/>
		<feat xlink:href="#sSpan10658" value="10"/>
		<feat xlink:href="#sSpan10704" value="11"/>
		<feat xlink:href="#sSpan10741" value="12"/>
		<feat xlink:href="#sSpan10777" value="13"/>
		<feat xlink:href="#sSpan10813" value="14"/>
		<feat xlink:href="#sSpan10849" value="15"/>
		<feat xlink:href="#sSpan10888" value="1"/>
		<feat xlink:href="#sSpan10932" value="2"/>
		<feat xlink:href="#sSpan10971" value="3"/>
		<feat xlink:href="#sSpan11009" value="4"/>
		<feat xlink:href="#sSpan11050" value="5"/>
		<feat xlink:href="#sSpan11085" value="6"/>
		<feat xlink:href="#sSpan11124" value="7"/>
		<feat xlink:href="#sSpan11165" value="8"/>
		<feat xlink:href="#sSpan11210" value="9"/>
		<feat xlink:href="#sSpan11258" value="10"/>
		<feat xlink:href="#sSpan11299" value="11"/>
		<feat xlink:href="#sSpan11344" value="12"/>
		<feat xlink:href="#sSpan11382" value="13"/>
		<feat xlink:href="#sSpan11420" value="1"/>
		<feat xlink:href="#sSpan11459" value="2"/>
		<feat xlink:href="#sSpan11497" value="3"/>
		<feat xlink:href="#sSpan11541" value="4"/>
		<feat xlink:href="#sSpan11575" value="5"/>
		<feat xlink:href="#sSpan11611" value="6"/>
		<feat xlink:href="#sSpan11659" value="7"/>
		<feat xlink:href="#sSpan11699" value="8"/>
		<feat xlink:href="#sSpan11741" value="9"/>
		<feat xlink:href="#sSpan11775" value="10"/>
		<feat xlink:href="#sSpan11822" value="11"/>
		<feat xlink:href="#sSpan11853" value="12"/>
		<feat xlink:href="#sSpan11895" value="13"/>
		<feat xlink:href="#sSpan11938" value="1"/>
		<feat xlink:href="#sSpan11984" value="2"/>
		<feat xlink:href="#sSpan12025" value="3"/>
		<feat xlink:href="#sSpan12066" value="4"/>
		<feat xlink:href="#sSpan12113" value="5"/>
		<feat xlink:href="#sSpan12149" value="6"/>
		<feat xlink:href="#sSpan12198" value="7"/>
		<feat xlink:href="#sSpan12241" value="8"/>
		<feat xlink:href="#sSpan12279" value="9"/>
		<feat xlink:href="#sSpan12318" value="10"/>
		<feat xlink:href="#sSpan12363" value="11"/>
		<feat xlink:href="#sSpan12411" value="12"/>
		<feat xlink:href="#sSpan12445" value="13"/>
		<feat xlink:href="#sSpan12480" value="14"/>
		<feat xlink:href="#sSpan12500" value="1"/>
		<feat xlink:href="#sSpan12550" value="2"/>
		<feat xlink:href="#sSpan12590" value="3"/>
		<feat xlink:href="#sSpan12627" value="4"/>
		<feat xlink:href="#sSpan12660" value="5"/>
		<feat xlink:href="#sSpan12707" value="6"/>
		<feat xlink:href="#sSpan12751" value="7"/>
		<feat xlink:href="#sSpan12799" value="8"/>
		<feat xlink:href="#sSpan12855" value="9"/>
		<feat xlink:href="#sSpan12903" value="10"/>
		<feat xlink:href="#sSpan12942" value="11"/>
		<feat xlink:href="#sSpan12981" value="12"/>
		<feat xlink:href="#sSpan13022" value="1"/>
		<feat xlink:href="#sSpan13071" value="2"/>
		<feat xlink:href="#sSpan13119" value="3"/>
		<feat xlink:href="#sSpan13130" value="4"/>
		<feat xlink:href="#sSpan13168" value="5"/>
		<feat xlink:href="#sSpan13209" value="6"/>
		<feat xlink:href="#sSpan13252" value="7"/>
		<feat xlink:href="#sSpan13286" value="8"/>
		<feat xlink:href="#sSpan13323" value="9"/>
		<feat xlink:href="#sSpan13355" value="10"/>
		<feat xlink:href="#sSpan13394" value="11"/>
		<feat xlink:href="#sSpan13440" value="12"/>
		<feat xlink:href="#sSpan13467" value="13"/>
		<feat xlink:href="#sSpan13505" value="14"/>
		<feat xlink:href="#sSpan13551" value="15"/>
		<feat xlink:href="#sSpan13591" value="1"/>
		<feat xlink:href="#sSpan13636" value="2"/>
		<feat xlink:href="#sSpan13671" value="3"/>
		<feat xlink:href="#sSpan13704" value="4"/>
		<feat xlink:href="#sSpan13743" value="5"/>
		<feat xlink:href="#sSpan13786" value="6"/>
		<feat xlink:href="#sSpan13823" value="7"/>
		<feat xlink:href="#sSpan13855" value="8"/>
		<feat xlink:href="#sSpan13877" value="9"/>
		<feat xlink:href="#sSpan13913" value="10"/>
		<feat xlink:href="#sSpan13957" value="11"/>
		<feat xlink:href="#sSpan13998" value="12"/>
		<feat xlink:href="#sSpan14036" value="13"/>
		<feat xlink:href="#sSpan14082" value="14"/>
		<feat xlink:href="#sSpan14114" value="15"/>
		<feat xlink:href="#sSpan14153" value="1"/>
		<feat xlink:href="#sSpan14192" value="2"/>
		<feat xlink:href="#sSpan14230" value="3"/>
		<feat xlink:href="#sSpan14274" value="4"/>
		<feat xlink:href="#sSpan14317" value="5"/>
		<feat xlink:href="#sSpan14357" value="6"/>
		<feat xlink:href="#sSpan14397" value="7"/>
		<feat xlink:href="#sSpan14439" value="8"/>
		<feat xlink:href="#sSpan14470" value="9"/>
		<feat xlink:href="#sSpan14510" value="10"/>
		<feat xlink:href="#sSpan14555" value="11"/>
		<feat xlink:href="#sSpan14602" value="12"/>
		<feat xlink:href="#sSpan14650" value="1"/>
		<feat xlink:href="#sSpan14697" value="2"/>
		<feat xlink:href="#sSpan14738" value="3"/>
		<feat xlink:href="#sSpan14781" value="4"/>
		<feat xlink:href="#sSpan14828" value="5"/>
		<feat xlink:href="#sSpan14869" value="6"/>
		<feat xlink:href="#sSpan14913" value="7"/>
		<feat xlink:href="#sSpan14949" value="8"/>
		<feat xlink:href="#sSpan14995" value="9"/>
		<feat xlink:href="#sSpan15035" value="10"/>
		<feat xlink:href="#sSpan15073" value="11"/>
		<feat xlink:href="#sSpan15101" value="12"/>
		<feat xlink:href="#sSpan15149" value="13"/>
		<feat xlink:href="#sSpan15195" value="14"/>
		<feat xlink:href="#sSpan15234" value="1"/>
		<feat xlink:href="#sSpan15281" value="2"/>
		<feat xlink:href="#sSpan15325" value="3"/>
		<feat xlink:href="#sSpan15376" value="4"/>
		<feat xlink:href="#sSpan15417" value="5"/>
		<feat xlink:href="#sSpan15463" value="6"/>
		<feat xlink:href="#sSpan15503" value="7"/>
		<feat xlink:href="#sSpan15542" value="8"/>
		<feat xlink:href="#sSpan15590" value="9"/>
		<feat xlink:href="#sSpan15633" value="10"/>
		<feat xlink:href="#sSpan15673" value="11"/>
		<feat xlink:href="#sSpan15716" value="12"/>
		<feat xlink:href="#sSpan15756" value="13"/>
		<feat xlink:href="#sSpan15801" value="14"/>
		<feat xlink:href="#sSpan15836" value="1"/>
		<feat xlink:href="#sSpan15892" value="2"/>
		<feat xlink:href="#sSpan15943" value="3"/>
		<feat xlink:href="#sSpan15987" value="4"/>
		<feat xlink:href="#sSpan16031" value="5"/>
		<feat xlink:href="#sSpan16080" value="6"/>
		<feat xlink:href="#sSpan16116" value="7"/>
		<feat xlink:href="#sSpan16159" value="8"/>
		<feat xlink:href="#sSpan16194" value="9"/>
		<feat xlink:href="#sSpan16231" value="10"/>
		<feat xlink:href="#sSpan16275" value="11"/>
		<feat xlink:href="#sSpan16299" value="12"/>
		<feat xlink:href="#sSpan16352" value="13"/>
		<feat xlink:href="#sSpan16389" value="1"/>
		<feat xlink:href="#sSpan16437" value="2"/>
		<feat xlink:href="#sSpan16487" value="3"/>
		<feat xlink:href="#sSpan16534" value="4"/>
		<feat xlink:href="#sSpan16583" value="5"/>
		<feat xlink:href="#sSpan16616" value="6"/>
		<feat xlink:href="#sSpan16657" value="7"/>
		<feat xlink:href="#sSpan16703" value="8"/>
		<feat xlink:href="#sSpan16746" value="9"/>
		<feat xlink:href="#sSpan16789" value="10"/>
		<feat xlink:href="#sSpan16828" value="11"/>
		<feat xlink:href="#sSpan16866" value="12"/>
		<feat xlink:href="#sSpan16905" value="13"/>
		<feat xlink:href="#sSpan16949" value="1"/>
		<feat xlink:href="#sSpan16988" value="2"/>
		<feat xlink:href="#sSpan17035" value="3"/>
		<feat xlink:href="#sSpan17071" value="4"/>
		<feat xlink:href="#sSpan17107" value="5"/></featList></paula>