<?xml version='1.0' encoding='UTF-8'?><!DOCTYPE paula SYSTEM "paula_feat.dtd">
<paula version="1.1">
	<header paula_id="scriptorium.psephrem.letter.mark_morph"/>
	<featList xmlns:xlink="http://www.w3.org/1999/xlink" type="morph" xml:base="scriptorium.psephrem.letter.mark.xml">
		<feat xlink:href="#sSpan62" value="ϫⲓ"/>
		<feat xlink:href="#sSpan65" value="ⲥⲃⲱ"/>
		<feat xlink:href="#sSpan211" value="ϭⲓⲛ"/>
		<feat xlink:href="#sSpan214" value="ⲟⲩⲱϣⲃ"/>
		<feat xlink:href="#sSpan312" value="ⲙⲛⲧ"/>
		<feat xlink:href="#sSpan315" value="ⲁⲅⲁⲑⲟⲥ"/>
		<feat xlink:href="#sSpan383" value="ⲥⲙ"/>
		<feat xlink:href="#sSpan387" value="ⲏⲧ"/>
		<feat xlink:href="#sSpan626" value="ⲡ"/>
		<feat xlink:href="#sSpan629" value="ⲉⲧ"/>
		<feat xlink:href="#sSpan630" value="ⲛⲁⲛⲟⲩ"/>
		<feat xlink:href="#sSpan631" value="ϥ"/>
		<feat xlink:href="#sSpan1050" value="ϯ"/>
		<feat xlink:href="#sSpan1055" value="ⲉⲟⲟⲩ"/>
		<feat xlink:href="#sSpan1371" value="ϭⲓⲛ"/>
		<feat xlink:href="#sSpan1374" value="ϣⲁϫⲉ"/>
		<feat xlink:href="#sSpan1596" value="ⲣⲉϥ"/>
		<feat xlink:href="#sSpan1599" value="ⲉⲓⲣⲉ"/>
		<feat xlink:href="#sSpan1618" value="ⲣⲉϥ"/>
		<feat xlink:href="#sSpan1622" value="ⲥⲱⲧⲙ"/>
		<feat xlink:href="#sSpan1643" value="ⲣ"/>
		<feat xlink:href="#sSpan1646" value="ϩⲁⲗ"/>
		<feat xlink:href="#sSpan1748" value="ⲙⲛⲧ"/>
		<feat xlink:href="#sSpan1751" value="ⲕⲟⲩⲓ"/>
		<feat xlink:href="#sSpan1869" value="ϫⲓ"/>
		<feat xlink:href="#sSpan1876" value="ⲥⲃⲱ"/>
		<feat xlink:href="#sSpan1905" value="ⲙⲛⲧ"/>
		<feat xlink:href="#sSpan1908" value="ⲙⲟⲛⲁⲭⲟⲥ"/>
		<feat xlink:href="#sSpan1929" value="ϣⲟⲩ"/>
		<feat xlink:href="#sSpan1932" value="ⲙⲉⲣⲓⲧ"/>
		<feat xlink:href="#sSpan1933" value="ⲕ"/>
		<feat xlink:href="#sSpan1977" value="ϫⲓ"/>
		<feat xlink:href="#sSpan1980" value="ⲙⲁ"/>
		<feat xlink:href="#sSpan2152" value="ϯ"/>
		<feat xlink:href="#sSpan2155" value="ϭⲱⲛⲧ"/>
		<feat xlink:href="#sSpan2206" value="ϯ"/>
		<feat xlink:href="#sSpan2209" value="ϭⲱⲛⲧ"/>
		<feat xlink:href="#sSpan2353" value="ⲕⲁ"/>
		<feat xlink:href="#sSpan2356" value="ⲙⲛⲧ"/>
		<feat xlink:href="#sSpan2357" value="ϣⲃⲏⲣ"/>
		<feat xlink:href="#sSpan2375" value="ⲣⲉϥ"/>
		<feat xlink:href="#sSpan2378" value="ⲧⲱϩ"/>
		<feat xlink:href="#sSpan2481" value="ϫⲓ"/>
		<feat xlink:href="#sSpan2487" value="ⲥⲃⲱ"/>
		<feat xlink:href="#sSpan2520" value="ϯ"/>
		<feat xlink:href="#sSpan2523" value="ϩⲏⲩ"/>
		<feat xlink:href="#sSpan2570" value="ⲙⲛⲧ"/>
		<feat xlink:href="#sSpan2573" value="ⲁⲧ"/>
		<feat xlink:href="#sSpan2574" value="ⲥⲱⲧⲙ"/>
		<feat xlink:href="#sSpan2708" value="ⲙⲛⲧ"/>
		<feat xlink:href="#sSpan2711" value="ⲙⲟⲛⲁⲭⲟⲥ"/>
		<feat xlink:href="#sSpan2833" value="ⲣ"/>
		<feat xlink:href="#sSpan2836" value="ϩⲁⲉ"/>
		<feat xlink:href="#sSpan3482" value="ϣⲡ"/>
		<feat xlink:href="#sSpan3485" value="ϩⲓⲥⲉ"/>
		<feat xlink:href="#sSpan3509" value="ⲣⲉϥ"/>
		<feat xlink:href="#sSpan3512" value="ⲧⲁϣⲉ"/>
		<feat xlink:href="#sSpan3513" value="ⲟⲉⲓϣ"/>
		<feat xlink:href="#sSpan3845" value="ⲣ"/>
		<feat xlink:href="#sSpan3848" value="ϩⲱⲃ"/>
		<feat xlink:href="#sSpan4044" value="ϯ"/>
		<feat xlink:href="#sSpan4047" value="ⲣⲙⲉⲓⲏ"/>
		<feat xlink:href="#sSpan4085" value="ⲣⲉϥ"/>
		<feat xlink:href="#sSpan4088" value="ⲙⲟⲟⲩⲧ"/>
		<feat xlink:href="#sSpan4205" value="ⲙⲛⲧ"/>
		<feat xlink:href="#sSpan4208" value="ϣⲁⲛ"/>
		<feat xlink:href="#sSpan4209" value="ϩⲧⲏ"/>
		<feat xlink:href="#sSpan4211" value="ϥ"/>
		<feat xlink:href="#sSpan4343" value="ⲙⲛⲧ"/>
		<feat xlink:href="#sSpan4346" value="ⲙⲟⲛⲁⲭⲟⲥ"/>
		<feat xlink:href="#sSpan4652" value="ⲙⲛⲧ"/>
		<feat xlink:href="#sSpan4655" value="ϭⲱⲃ"/>
		<feat xlink:href="#sSpan4826" value="ϯ"/>
		<feat xlink:href="#sSpan4834" value="ⲙⲟⲟⲩ"/>
		<feat xlink:href="#sSpan5608" value="ⲧⲏⲣ"/>
		<feat xlink:href="#sSpan5611" value="ϥ"/>
		<feat xlink:href="#sSpan5705" value="ⲙⲛⲧ"/>
		<feat xlink:href="#sSpan5708" value="ⲛⲟⲩⲧⲉ"/>
		<feat xlink:href="#sSpan5950" value="ⲣⲉϥ"/>
		<feat xlink:href="#sSpan5953" value="ϫⲡⲉ"/>
		<feat xlink:href="#sSpan5954" value="ⲡ"/>
		<feat xlink:href="#sSpan5955" value="ⲛⲟⲩⲧⲉ"/>
		<feat xlink:href="#sSpan5968" value="ϫⲓ"/>
		<feat xlink:href="#sSpan5971" value="ⲥⲱⲙⲁ"/>
		<feat xlink:href="#sSpan6039" value="ⲣⲉϥ"/>
		<feat xlink:href="#sSpan6042" value="ⲧⲁϣⲉ"/>
		<feat xlink:href="#sSpan6043" value="ⲟⲉⲓϣ"/>
		<feat xlink:href="#sSpan6275" value="ϫⲓ"/>
		<feat xlink:href="#sSpan6278" value="ⲃⲁⲡⲧⲓⲥⲙⲁ"/></featList></paula>