<?xml version='1.0' encoding='UTF-8'?><!DOCTYPE paula SYSTEM "paula_feat.dtd">
<paula version="1.1">
	<header paula_id="scriptorium.psephrem.letter.mark_multiword"/>
	<featList xmlns:xlink="http://www.w3.org/1999/xlink" type="multiword" xml:base="scriptorium.psephrem.letter.mark.xml">
		<feat xlink:href="#sSpan156" value="ϣⲟⲣⲡ ⲙⲉⲛ"/>
		<feat xlink:href="#sSpan168" value="ϩⲱⲃ ⲛⲓⲙ"/>
		<feat xlink:href="#sSpan1034" value="ⲡⲁⲗⲓⲛ ⲟⲛ"/>
		<feat xlink:href="#sSpan1147" value="ϩⲉ ⲉ"/>
		<feat xlink:href="#sSpan1239" value="ⲕⲁ ⲣⲱ"/>
		<feat xlink:href="#sSpan1306" value="ⲕⲁ ⲣⲱ"/>
		<feat xlink:href="#sSpan1317" value="ⲕⲁ ⲣⲱ"/>
		<feat xlink:href="#sSpan1965" value="ⲃⲱⲕ ⲉ"/>
		<feat xlink:href="#sSpan2083" value="ⲃⲱⲕ ϣⲁ"/>
		<feat xlink:href="#sSpan2265" value="ⲡⲱⲧ ⲉⲃⲟⲗ"/>
		<feat xlink:href="#sSpan2300" value="ⲙⲟⲩⲧⲉ ⲉϩⲟⲩⲛ"/>
		<feat xlink:href="#sSpan2395" value="ϭⲱ ⲉ"/>
		<feat xlink:href="#sSpan2654" value="ⲥⲱⲧⲙ ⲛ"/>
		<feat xlink:href="#sSpan2941" value="ⲱϣ ⲉⲃⲟⲗ"/>
		<feat xlink:href="#sSpan3009" value="ⲉⲓ ⲉ"/>
		<feat xlink:href="#sSpan3031" value="ⲉⲃⲟⲗ ϩⲛ"/>
		<feat xlink:href="#sSpan3093" value="ⲛⲕⲟⲧⲕ ϩⲛ"/>
		<feat xlink:href="#sSpan3180" value="ⲛⲕⲟⲧⲕ ϩⲓ"/>
		<feat xlink:href="#sSpan3212" value="ϣⲏⲣⲉ ϣⲏⲙ"/>
		<feat xlink:href="#sSpan3229" value="ⲛⲕⲟⲧⲕ ⲉ"/>
		<feat xlink:href="#sSpan3301" value="ⲙⲟⲟϣⲉ ⲙⲛ"/>
		<feat xlink:href="#sSpan3339" value="ⲥⲣϥⲉ ⲉ"/>
		<feat xlink:href="#sSpan3361" value="ⲙⲟⲟϣⲉ ⲙⲛ"/>
		<feat xlink:href="#sSpan3957" value="ⲥⲱⲕ ⲉⲃⲟⲗ"/>
		<feat xlink:href="#sSpan4098" value="ⲙⲟⲟϣⲉ ⲉⲃⲟⲗ"/>
		<feat xlink:href="#sSpan5152" value="ⲕⲱ ⲉϩⲣⲁⲓ"/>
		<feat xlink:href="#sSpan5275" value="ⲟⲩⲟⲛ ⲛⲓⲙ"/>
		<feat xlink:href="#sSpan5289" value="ⲛⲟⲩ ⲉ"/>
		<feat xlink:href="#sSpan5621" value="ⲉⲃⲟⲗ ϩⲓⲧⲟⲟⲧ"/>
		<feat xlink:href="#sSpan5760" value="ⲉⲃⲟⲗ ϩⲛ"/>
		<feat xlink:href="#sSpan5789" value="ⲉⲃⲟⲗ ϩⲛ"/>
		<feat xlink:href="#sSpan6111" value="ⲉⲓ ⲉⲃⲟⲗ"/>
		<feat xlink:href="#sSpan6189" value="ⲉⲓ ⲉⲃⲟⲗ"/></featList></paula>