<?xml version='1.0' encoding='UTF-8'?><!DOCTYPE paula SYSTEM "paula_feat.dtd">
<paula version="1.1">
	<header paula_id="scriptorium.psephrem.letter.mark_translation"/>
	<featList xmlns:xlink="http://www.w3.org/1999/xlink" type="translation" xml:base="scriptorium.psephrem.letter.mark.xml">
		<feat xlink:href="#sSpan8" value="ANOTHER EPISTLE WHICH APA EPHRAIM WROTE TO A BELOVED DISCIPLE."/>
		<feat xlink:href="#sSpan138" value="My beloved in the Lord, before every other thing set humility in thy mouth when thou art ready to make answer, for, forgive me, thou knowest that by humility all the power of the Enemy is brought to naught."/>
		<feat xlink:href="#sSpan297" value="And thou knowest the goodness of thy Master, Whom they blasphemed,"/>
		<feat xlink:href="#sSpan358" value="and how He became humble, and obedient, even unto death."/>
		<feat xlink:href="#sSpan411" value="And do thou thyself, my son, set thy humility in thy mouth, and in thy heart, and in thy neck, for there is a commandment which inculcateth humility."/>
		<feat xlink:href="#sSpan527" value="Consider David, who boasted himself of his humility,"/>
		<feat xlink:href="#sSpan569" value="and said, 'Because I humbled myself the Lord delivered me, and He did good unto me.'"/>
		<feat xlink:href="#sSpan648" value="My son, array thyself in humility, and thou shalt make the virtues of God be with thee."/>
		<feat xlink:href="#sSpan719" value="And if, my son, thou art in a state of humility, no passion whatsoever shall have power to draw nigh thee."/>
		<feat xlink:href="#sSpan799" value="There is no measure (or, limit) to the beauty of the man who is humble."/>
		<feat xlink:href="#sSpan837" value="No passion whatsoever shall be able to I draw nigh unto the man who is humble,"/>
		<feat xlink:href="#sSpan893" value="and there is no measure to his beauty."/>
		<feat xlink:href="#sSpan931" value="The humble man is a sacrifice of God."/>
		<feat xlink:href="#sSpan974" value="With him that is humble the hearts of God and His angels rest."/>
		<feat xlink:href="#sSpan1035" value="Moreover, when the angels glorify him,"/>
		<feat xlink:href="#sSpan1072" value="there is the excuse for him that hath produced in himself all virtues;"/>
		<feat xlink:href="#sSpan1116" value="but for him that hath produced humility in himself thou wilt find no excuse whatsoever needed, besides that he hath become humble."/>
		<feat xlink:href="#sSpan1202" value="My son, these are the virtues of humility."/>
		<feat xlink:href="#sSpan1242" value="My son, hold thy peace, for it is written, 'He who is wise at that time will hold his peace.'"/>
		<feat xlink:href="#sSpan1320" value="Hold thy peace until thou art asked a question."/>
		<feat xlink:href="#sSpan1352" value="When they ask thee a question speak, and use humble words, and a humble manner."/>
		<feat xlink:href="#sSpan1406" value="Do not be wholly mournful."/>
		<feat xlink:href="#sSpan1423" value="If it (i.e. the question) be too great for thee sit down."/>
		<feat xlink:href="#sSpan1455" value="Speak not when others are speaking words of depreciation ; compel thyself, thou shalt not forget, [and let] thy thoughts [be] 'I have not heard [them].'"/>
		<feat xlink:href="#sSpan1547" value="To all words wherein is profit give thy most earnest attention."/>
		<feat xlink:href="#sSpan1578" value="For it is written, 'If [thou art] a doer of the word and not a hearer thereof thou deceivest thyself, my son, in the Lord.'"/>
		<feat xlink:href="#sSpan1684" value="I gave thee commandments in thy beginning,"/>
		<feat xlink:href="#sSpan1724" value="do thou keep them in thy youth."/>
		<feat xlink:href="#sSpan1762" value="Observe what Paul spake."/>
		<feat xlink:href="#sSpan1792" value="He said, 'Besides, from the time when thou wast a child thou didst know the Holy Scriptures, which have the power to save thee.'"/>
		<feat xlink:href="#sSpan1876" value="Learn thou the whole code of rules of the profession of the monk,"/>
		<feat xlink:href="#sSpan1921" value="and make thyself to be greatly beloved in all thy works."/>
		<feat xlink:href="#sSpan1960" value="If thou goest to the desert to take up a place therein, thou art a youth,"/>
		<feat xlink:href="#sSpan2011" value="join one which is greater than thee, and God is in him, do not leave him in thy discontent and depart to another."/>
		<feat xlink:href="#sSpan2103" value="Let the one thou hast settled on be sufficient for thee, lest thou make him angry."/>
		<feat xlink:href="#sSpan2172" value="For it is written, 'Is he not little for you, he who provokes men to wrath.'"/>
		<feat xlink:href="#sSpan2230" value="In the desert wherein thou art observe this course of action, and flee not from place to place."/>
		<feat xlink:href="#sSpan2289" value="Do not cry into [the abode of] a man because of thy belief, nor because of the desire of thy bowels."/>
		<feat xlink:href="#sSpan2352" value="Have no companionship with a restless and troublesome man,"/>
		<feat xlink:href="#sSpan2389" value="and make thou thyself to continue in thy quiet life, and thou shalt not be in the mouth[s] of the brethren."/>
		<feat xlink:href="#sSpan2444" value="I beseech thee, my beloved in the Lord, to let thy chief aim be to learn ; to hearken (or, obey) will give thee rest."/>
		<feat xlink:href="#sSpan2508" value="For it is written, 'The profit of instruction is not silver.'"/>
		<feat xlink:href="#sSpan2556" value="Guard thou thyself against the habit of not listening- (i.e. disobedience), that the word of Saul be not fulfilled on thee and his generation,"/>
		<feat xlink:href="#sSpan2627" value="for God is more easily persuaded by obedience than by sacrifice."/>
		<feat xlink:href="#sSpan2680" value="These then are the rules of the profession of the monk."/>
		<feat xlink:href="#sSpan2723" value="Thou shalt eat with the brethren."/>
		<feat xlink:href="#sSpan2747" value="Lift not up thy face until thou hast finished eating."/>
		<feat xlink:href="#sSpan2788" value="Perform thy eating in the apparel wherein thou appearest in public."/>
		<feat xlink:href="#sSpan2833" value="If thou shouldst happen to be the last man served say not, 'Bring it here', where there sitteth a greater than thou."/>
		<feat xlink:href="#sSpan2904" value="When thou wishest to drink from the water-bottle do not let thy throat make a gurgling noise like a layman."/>
		<feat xlink:href="#sSpan2972" value="When thou art sitting in the midst of the brethren, and phlegm riseth up in thee, do not eject it in the midst of them,"/>
		<feat xlink:href="#sSpan3049" value="but go some distance away, and eject it there."/>
		<feat xlink:href="#sSpan3087" value="When thou art sleeping in any place with the brethren let not thy person approach them within a cubit."/>
		<feat xlink:href="#sSpan3161" value="When it becomes quiet, do not sleep upon a mat two of you together for thou art a young man."/>
		<feat xlink:href="#sSpan3225" value="Do not sleep stretched out, nor upon thy back, in order that thou mayest not be disturbed by dreams."/>
		<feat xlink:href="#sSpan3295" value="When thou art walking with the brethren keep some distance from them, for when thou walkest with a brother thou makest thy heart to be idle."/>
		<feat xlink:href="#sSpan3357" value="If thou art wearing sandals on thy feet, and he who is walking with thee hath none, take off thy sandals, and walk as he is doing,"/>
		<feat xlink:href="#sSpan3470" value="for it is written, 'Suffer.'"/>
		<feat xlink:href="#sSpan3495" value="Do the work of the preacher."/>
		<feat xlink:href="#sSpan3523" value="Do diligently whilst thou art in thy habitation."/>
		<feat xlink:href="#sSpan3563" value="Eat not whilst the sun is outside (i.e. on the horizon)."/>
		<feat xlink:href="#sSpan3590" value="Light not a fire for thyself alone, [or] thou wilt become luxurious."/>
		<feat xlink:href="#sSpan3633" value="But when thou art invited to warm thyself call some poor and miserable man who is with thee in the desert, [send him in thy stead], and thou shalt cause thyself to be praised, saying, 'I could not eat my bread by myself.'"/>
		<feat xlink:href="#sSpan3755" value="If thou art on a mountain, or in a place wherein there is a sick brother, visit him twice daily: in the morning before thou beginnest to work with thy hands, and in the evening."/>
		<feat xlink:href="#sSpan3890" value="For it is written, my beloved in the Lord, 'I was sick and ye visited Me.'"/>
		<feat xlink:href="#sSpan3946" value="When a brother dieth on the mountain whereon thou art do not sit in thy cell when thou hearest thereof, but go and sit with him, and weep over him."/>
		<feat xlink:href="#sSpan4064" value="For it is written, 'Weep over a dead man, and walk forth with him until he hath been buried';"/>
		<feat xlink:href="#sSpan4129" value="for this is the last duty which a man can perform for his brother. Salute his body compassionately, saying, 'Remember me before the Lord.'"/>
		<feat xlink:href="#sSpan4262" value="My son, do thy utmost to observe the things which I have written down for thee,"/>
		<feat xlink:href="#sSpan4317" value="for they all are the rules of the profession of the monk."/>
		<feat xlink:href="#sSpan4357" value="Let death draw nigh unto thee by day and by night,"/>
		<feat xlink:href="#sSpan4406" value="for thou knowest that him whom thou knowest is he who shall speak unto thee, saying, ' I have never placed it in my heart."/>
		<feat xlink:href="#sSpan4491" value="My feet are on the threshold, I shall live until I am beyond the threshold of the door.'"/>
		<feat xlink:href="#sSpan4563" value="My son, set thou thy whole mind before God at all times, and let not all these infirm thoughts lead thee out of thy course."/>
		<feat xlink:href="#sSpan4691" value="Keep always before thy sight the punishments which are to come."/>
		<feat xlink:href="#sSpan4731" value="Make thyself to resemble God whilst thou art in thy habitation."/>
		<feat xlink:href="#sSpan4778" value="If a brother come to thee rejoice with him."/>
		<feat xlink:href="#sSpan4815" value="Salute him."/>
		<feat xlink:href="#sSpan4832" value="Set water for his feet. Forget not this."/>
		<feat xlink:href="#sSpan4865" value="Let him pray. Do thou sit down."/>
		<feat xlink:href="#sSpan4885" value="Salute his hands and his feet."/>
		<feat xlink:href="#sSpan4914" value="Do not put questions to him, saying, 'Whence comest thou?'"/>
		<feat xlink:href="#sSpan4942" value="For it is written, 'In this way some have received angels in their abode without knowing it.'"/>
		<feat xlink:href="#sSpan5006" value="Believe him that cometh unto thee, even as thou wouldst God."/>
		<feat xlink:href="#sSpan5054" value="If he be a greater man than thou say unto him very often, 'Let [thy] favour be unto me,' that is to say, 'I regard thee as my master.'"/>
		<feat xlink:href="#sSpan5153" value="Put away thy food, and eat with him. And if thou art in the bond of fasting break it,"/>
		<feat xlink:href="#sSpan5236" value="for it is written, 'My son, I have always shewn myself glad to accompany the man who came to walk.'"/>
		<feat xlink:href="#sSpan5300" value="Lead him forth, rejoicing with him and being glad."/>
		<feat xlink:href="#sSpan5347" value="Do thine utmost to make him bless thee three times, so that the blessing of the angel who walketh with him may come upon thee."/>
		<feat xlink:href="#sSpan5444" value="And as regards the Faith itself of the Catholic Church, do not let thyself backslide therein, neither do thou put thyself outside it."/>
		<feat xlink:href="#sSpan5528" value="We believe in the One God, the Father the Almighty, and in His only-begotten Son, Jesus the Christ, our Lord, through Whom the Universe came into being, and in the Holy Spirit, that is to say, in the Blessed Trinity,"/>
		<feat xlink:href="#sSpan5685" value="which is the complete Godhead."/>
		<feat xlink:href="#sSpan5719" value="He is God, which is in a God,"/>
		<feat xlink:href="#sSpan5750" value="He is the Light which came out of Light,"/>
		<feat xlink:href="#sSpan5777" value="He is the Lord out of the Lord."/>
		<feat xlink:href="#sSpan5809" value="He was produced and was not a creation."/>
		<feat xlink:href="#sSpan5842" value="He was produced like a man."/>
		<feat xlink:href="#sSpan5876" value="He was not a created thing but God, who was produced by the Holy Virgin Mary, the woman who produced God."/>
		<feat xlink:href="#sSpan5964" value="He took the flesh of men for our sakes, until the earth can rise up under him."/>
		<feat xlink:href="#sSpan6019" value="He chose for Himself preachers, that is to say, the Holy Apostles, whose voices, according to that which is written, have gone forth into all the earth."/>
		<feat xlink:href="#sSpan6139" value="They crucified Him. They pierced Him with a spear. There came out our salvation,"/>
		<feat xlink:href="#sSpan6213" value="Water and Blood, that is to say, the baptism and the glorious Blood,"/>
		<feat xlink:href="#sSpan6269" value="for unless thou thou art baptized, thou receivest not the Blood."/>
		<feat xlink:href="#sSpan6309" value="Do thou, my son, keep this faith, and the God of peace shall be with thee, and shall save thee, and deliver thee, and thou shalt be at rest all thy days."/>
		<feat xlink:href="#sSpan6436" value="Salvation is in the Lord, my beloved son, in the Lord."/>
		<feat xlink:href="#sSpan6478" value="Remember me, O my beloved one in the Lord, through Jesus the Christ, our Lord, unto Whom belong glory and might for ever and ever! Amen."/></featList></paula>