<?xml version="1.0" encoding="UTF-8" standalone="no"?>

<!DOCTYPE paula SYSTEM "paula_mark.dtd">
<paula version="1.0">

<header paula_id="sahidica.nt.1_Corinthians_9_verseSeg"/>

<markList xmlns:xlink="http://www.w3.org/1999/xlink" type="verseSeg" xml:base="sahidica.nt.1_Corinthians_9.tok.xml">
<mark id="verse_1" xlink:href="#xpointer(id('tok_1')/range-to(id('tok_28')))"/><!-- ⲙⲏ.... -->
<mark id="verse_29" xlink:href="#xpointer(id('tok_29')/range-to(id('tok_52')))"/><!-- ⲉϣϫⲉ.... -->
<mark id="verse_53" xlink:href="#xpointer(id('tok_53')/range-to(id('tok_63')))"/><!-- ⲧⲁⲓ.... -->
<mark id="verse_64" xlink:href="#xpointer(id('tok_64')/range-to(id('tok_73')))"/><!-- ⲙⲏ.... -->
<mark id="verse_74" xlink:href="#xpointer(id('tok_74')/range-to(id('tok_99')))"/><!-- ⲙⲏ.... -->
<mark id="verse_100" xlink:href="#xpointer(id('tok_100')/range-to(id('tok_114')))"/><!-- ϫⲛ.... -->
<mark id="verse_115" xlink:href="#xpointer(id('tok_115')/range-to(id('tok_152')))"/><!-- ⲛⲓⲙ.... -->
<mark id="verse_153" xlink:href="#xpointer(id('tok_153')/range-to(id('tok_166')))"/><!-- ⲙⲏ.... -->
<mark id="verse_167" xlink:href="#xpointer(id('tok_167')/range-to(id('tok_191')))"/><!-- ϥ...ϩⲟⲟⲩ -->
<mark id="verse_192" xlink:href="#xpointer(id('tok_192')/range-to(id('tok_226')))"/><!-- ϫⲛ.... -->
<mark id="verse_227" xlink:href="#xpointer(id('tok_227')/range-to(id('tok_247')))"/><!-- ⲉϣϫⲉ.... -->
<mark id="verse_248" xlink:href="#xpointer(id('tok_248')/range-to(id('tok_286')))"/><!-- ⲉϣϫⲉ.... -->
<mark id="verse_287" xlink:href="#xpointer(id('tok_287')/range-to(id('tok_316')))"/><!-- ⲛⲧⲉⲧⲛ.... -->
<mark id="verse_317" xlink:href="#xpointer(id('tok_317')/range-to(id('tok_339')))"/><!-- ⲧⲁⲓ.... -->
<mark id="verse_340" xlink:href="#xpointer(id('tok_340')/range-to(id('tok_376')))"/><!-- ⲁⲛⲟⲕ.... -->
<mark id="verse_377" xlink:href="#xpointer(id('tok_377')/range-to(id('tok_400')))"/><!-- ⲉⲓϣⲁⲛ.... -->
<mark id="verse_401" xlink:href="#xpointer(id('tok_401')/range-to(id('tok_428')))"/><!-- ⲉϣϫⲉ.... -->
<mark id="verse_429" xlink:href="#xpointer(id('tok_429')/range-to(id('tok_456')))"/><!-- ⲁϣ.... -->
<mark id="verse_457" xlink:href="#xpointer(id('tok_457')/range-to(id('tok_477')))"/><!-- ⲉ.... -->
<mark id="verse_478" xlink:href="#xpointer(id('tok_478')/range-to(id('tok_520')))"/><!-- ⲁ.... -->
<mark id="verse_521" xlink:href="#xpointer(id('tok_521')/range-to(id('tok_550')))"/><!-- ⲁ.... -->
<mark id="verse_551" xlink:href="#xpointer(id('tok_551')/range-to(id('tok_580')))"/><!-- ⲁ.... -->
<mark id="verse_581" xlink:href="#xpointer(id('tok_581')/range-to(id('tok_597')))"/><!-- ⲉⲉⲓⲉⲓⲣⲉ.... -->
<mark id="verse_598" xlink:href="#xpointer(id('tok_598')/range-to(id('tok_625')))"/><!-- ⲛ.... -->
<mark id="verse_626" xlink:href="#xpointer(id('tok_626')/range-to(id('tok_654')))"/><!-- ⲟⲩⲟⲛ.... -->
<mark id="verse_655" xlink:href="#xpointer(id('tok_655')/range-to(id('tok_678')))"/><!-- ⲁⲛⲟⲕ.... -->
<mark id="verse_679" xlink:href="#xpointer(id('tok_679')/range-to(id('tok_702')))"/><!-- ⲁⲗⲗⲁ.... -->
</markList>
</paula>
