<?xml version='1.0' encoding='UTF-8'?><!DOCTYPE paula SYSTEM "paula_feat.dtd">
<paula version="1.1">
	<header paula_id="scriptorium.helias_martyrdom_part3.mark_multiword"/>
	<featList xmlns:xlink="http://www.w3.org/1999/xlink" type="multiword" xml:base="scriptorium.helias_martyrdom_part3.mark.xml">
		<feat xlink:href="#sSpan108" value="ⲃⲱⲕ ⲉϫⲛ"/>
		<feat xlink:href="#sSpan302" value="ϥⲓ ⲙⲙⲁⲩ"/>
		<feat xlink:href="#sSpan598" value="ⲥⲁ ⲛ"/>
		<feat xlink:href="#sSpan629" value="ϩⲉ ⲉ"/>
		<feat xlink:href="#sSpan988" value="ⲉ ⲁ"/>
		<feat xlink:href="#sSpan1339" value="ⲉⲓ ⲉ"/>
		<feat xlink:href="#sSpan1352" value="ⲉⲃⲟⲗ ϩⲛ"/>
		<feat xlink:href="#sSpan1765" value="ⲉⲓ ⲉ"/>
		<feat xlink:href="#sSpan1834" value="ⲃⲱⲕ ⲉϩⲣⲁⲓ"/>
		<feat xlink:href="#sSpan2042" value="ⲉⲓ ⲉⲃⲟⲗ"/>
		<feat xlink:href="#sSpan2591" value="ⲉⲃⲟⲗ ϩⲛ"/>
		<feat xlink:href="#sSpan2852" value="ⲉⲓⲣⲉ ⲛ"/>
		<feat xlink:href="#sSpan3480" value="ⲟⲩⲟⲛ ⲛⲓⲙ"/>
		<feat xlink:href="#sSpan3568" value="ⲟⲩⲟⲛ ⲛⲓⲙ"/>
		<feat xlink:href="#sSpan3738" value="ⲉⲧⲃⲉ ⲡⲁⲓ"/>
		<feat xlink:href="#sSpan3927" value="ⲉⲃⲟⲗ ϩⲛ"/>
		<feat xlink:href="#sSpan4208" value="ⲱϣ ⲉⲃⲟⲗ"/>
		<feat xlink:href="#sSpan4697" value="ⲱϣ ⲉⲃⲟⲗ"/>
		<feat xlink:href="#sSpan4763" value="ⲉⲃⲟⲗ ϩⲛ"/>
		<feat xlink:href="#sSpan4807" value="ⲙⲟⲩϩ ⲉⲃⲟⲗ"/>
		<feat xlink:href="#sSpan4864" value="ⲱϣ ⲉⲃⲟⲗ"/>
		<feat xlink:href="#sSpan4968" value="ⲉⲃⲟⲗ ϩⲛ"/>
		<feat xlink:href="#sSpan5138" value="ⲃⲱⲗ ⲉⲃⲟⲗ"/>
		<feat xlink:href="#sSpan5203" value="ⲃⲱⲗ ⲉⲃⲟⲗ"/>
		<feat xlink:href="#sSpan5518" value="ⲥⲁ ⲛ"/>
		<feat xlink:href="#sSpan5609" value="ⲉⲓ ϣⲁ"/>
		<feat xlink:href="#sSpan5662" value="ⲁϣⲉ ⲉϩⲣⲁⲓ"/>
		<feat xlink:href="#sSpan6255" value="ⲃⲱⲕ ⲉϩⲣⲁⲓ"/>
		<feat xlink:href="#sSpan6308" value="ϫⲟⲟⲩ ⲛⲥⲁ"/>
		<feat xlink:href="#sSpan6779" value="ⲃⲱⲗ ⲉⲃⲟⲗ"/>
		<feat xlink:href="#sSpan6876" value="ⲃⲱⲕ ⲉϩⲟⲩⲛ"/>
		<feat xlink:href="#sSpan7042" value="ⲃⲱⲗ ⲉⲃⲟⲗ"/>
		<feat xlink:href="#sSpan7096" value="ⲉⲓ ⲉϩⲣⲁⲓ"/>
		<feat xlink:href="#sSpan7296" value="ⲱϣ ⲉⲃⲟⲗ"/>
		<feat xlink:href="#sSpan7356" value="ⲟⲩⲟⲛ ⲛⲓⲙ"/>
		<feat xlink:href="#sSpan7495" value="ⲉⲃⲟⲗ ϩⲓⲧⲟⲟⲧ"/>
		<feat xlink:href="#sSpan7582" value="ϩⲓ ⲧⲟⲟⲧ"/>
		<feat xlink:href="#sSpan7655" value="ϩⲓ ⲧⲟⲟⲧ"/>
		<feat xlink:href="#sSpan7763" value="ⲉⲃⲟⲗ ϩⲓⲧⲟⲟⲧ"/>
		<feat xlink:href="#sSpan8046" value="ⲕⲱ ⲉⲃⲟⲗ"/>
		<feat xlink:href="#sSpan8068" value="ⲟⲩⲟⲛ ⲛⲓⲙ"/>
		<feat xlink:href="#sSpan8518" value="ϯ ⲉⲃⲟⲗ"/>
		<feat xlink:href="#sSpan8573" value="ⲥⲱⲧⲙ ⲛ"/>
		<feat xlink:href="#sSpan8693" value="ϯ ⲉϩⲟⲩⲛ"/>
		<feat xlink:href="#sSpan8777" value="ϯ ⲉⲃⲟⲗ"/>
		<feat xlink:href="#sSpan8860" value="ⲟⲩⲟⲛ ⲛⲓⲙ"/>
		<feat xlink:href="#sSpan8881" value="ϯ ⲉⲃⲟⲗ"/></featList></paula>