<?xml version='1.0' encoding='UTF-8'?><!DOCTYPE paula SYSTEM "paula_feat.dtd">
<paula version="1.1">
	<header paula_id="scriptorium.shenoute.dirt.XJ97-98_par_GL75-76.mark_lb_n"/>
	<featList xmlns:xlink="http://www.w3.org/1999/xlink" type="lb_n" xml:base="scriptorium.shenoute.dirt.XJ97-98_par_GL75-76.mark.xml">
		<feat xlink:href="#sSpan7" value="13"/>
		<feat xlink:href="#sSpan29" value="14"/>
		<feat xlink:href="#sSpan45" value="15"/>
		<feat xlink:href="#sSpan62" value="16"/>
		<feat xlink:href="#sSpan79" value="17"/>
		<feat xlink:href="#sSpan91" value="18"/>
		<feat xlink:href="#sSpan100" value="19"/>
		<feat xlink:href="#sSpan107" value="20"/>
		<feat xlink:href="#sSpan122" value="21"/>
		<feat xlink:href="#sSpan130" value="22"/>
		<feat xlink:href="#sSpan141" value="23"/>
		<feat xlink:href="#sSpan154" value="24"/>
		<feat xlink:href="#sSpan172" value="25"/>
		<feat xlink:href="#sSpan181" value="26"/>
		<feat xlink:href="#sSpan196" value="27"/>
		<feat xlink:href="#sSpan207" value="28"/>
		<feat xlink:href="#sSpan219" value="1"/>
		<feat xlink:href="#sSpan232" value="2"/>
		<feat xlink:href="#sSpan245" value="3"/>
		<feat xlink:href="#sSpan261" value="4"/>
		<feat xlink:href="#sSpan274" value="5"/>
		<feat xlink:href="#sSpan292" value="6"/>
		<feat xlink:href="#sSpan306" value="7"/>
		<feat xlink:href="#sSpan322" value="8"/>
		<feat xlink:href="#sSpan327" value="9"/>
		<feat xlink:href="#sSpan339" value="10"/>
		<feat xlink:href="#sSpan352" value="11"/>
		<feat xlink:href="#sSpan361" value="12"/>
		<feat xlink:href="#sSpan372" value="13"/>
		<feat xlink:href="#sSpan383" value="14"/>
		<feat xlink:href="#sSpan395" value="15"/>
		<feat xlink:href="#sSpan406" value="16"/>
		<feat xlink:href="#sSpan422" value="17"/>
		<feat xlink:href="#sSpan433" value="18"/>
		<feat xlink:href="#sSpan449" value="19"/>
		<feat xlink:href="#sSpan461" value="20"/>
		<feat xlink:href="#sSpan478" value="21"/>
		<feat xlink:href="#sSpan495" value="22"/>
		<feat xlink:href="#sSpan507" value="23"/>
		<feat xlink:href="#sSpan519" value="24"/>
		<feat xlink:href="#sSpan527" value="25"/>
		<feat xlink:href="#sSpan537" value="26"/>
		<feat xlink:href="#sSpan555" value="27"/>
		<feat xlink:href="#sSpan565" value="28"/>
		<feat xlink:href="#sSpan580" value="1"/>
		<feat xlink:href="#sSpan589" value="2"/>
		<feat xlink:href="#sSpan598" value="3"/>
		<feat xlink:href="#sSpan608" value="4"/>
		<feat xlink:href="#sSpan614" value="5"/>
		<feat xlink:href="#sSpan626" value="6"/>
		<feat xlink:href="#sSpan640" value="7"/>
		<feat xlink:href="#sSpan654" value="8"/>
		<feat xlink:href="#sSpan668" value="9"/>
		<feat xlink:href="#sSpan675" value="10"/>
		<feat xlink:href="#sSpan683" value="11"/>
		<feat xlink:href="#sSpan694" value="12"/>
		<feat xlink:href="#sSpan707" value="13"/>
		<feat xlink:href="#sSpan714" value="14"/>
		<feat xlink:href="#sSpan727" value="15"/>
		<feat xlink:href="#sSpan736" value="16"/>
		<feat xlink:href="#sSpan748" value="17"/>
		<feat xlink:href="#sSpan758" value="18"/>
		<feat xlink:href="#sSpan769" value="19"/>
		<feat xlink:href="#sSpan780" value="20"/>
		<feat xlink:href="#sSpan788" value="21"/>
		<feat xlink:href="#sSpan800" value="22"/>
		<feat xlink:href="#sSpan819" value="23"/>
		<feat xlink:href="#sSpan835" value="24"/>
		<feat xlink:href="#sSpan852" value="25"/>
		<feat xlink:href="#sSpan865" value="26"/>
		<feat xlink:href="#sSpan876" value="27"/>
		<feat xlink:href="#sSpan901" value="28"/>
		<feat xlink:href="#sSpan912" value="1"/>
		<feat xlink:href="#sSpan926" value="2"/>
		<feat xlink:href="#sSpan940" value="3"/>
		<feat xlink:href="#sSpan953" value="4"/>
		<feat xlink:href="#sSpan966" value="5"/>
		<feat xlink:href="#sSpan985" value="6"/>
		<feat xlink:href="#sSpan1002" value="7"/>
		<feat xlink:href="#sSpan1016" value="8"/>
		<feat xlink:href="#sSpan1026" value="9"/>
		<feat xlink:href="#sSpan1047" value="10"/>
		<feat xlink:href="#sSpan1061" value="11"/>
		<feat xlink:href="#sSpan1073" value="12"/>
		<feat xlink:href="#sSpan1083" value="13"/>
		<feat xlink:href="#sSpan1094" value="14"/>
		<feat xlink:href="#sSpan1104" value="15"/>
		<feat xlink:href="#sSpan1115" value="16"/>
		<feat xlink:href="#sSpan1130" value="17"/>
		<feat xlink:href="#sSpan1142" value="18"/>
		<feat xlink:href="#sSpan1155" value="19"/>
		<feat xlink:href="#sSpan1165" value="20"/>
		<feat xlink:href="#sSpan1182" value="21"/>
		<feat xlink:href="#sSpan1189" value="22"/>
		<feat xlink:href="#sSpan1205" value="23"/>
		<feat xlink:href="#sSpan1214" value="24"/>
		<feat xlink:href="#sSpan1226" value="25"/>
		<feat xlink:href="#sSpan1242" value="26"/>
		<feat xlink:href="#sSpan1257" value="27"/>
		<feat xlink:href="#sSpan1271" value="28"/></featList></paula>