<?xml version='1.0' encoding='UTF-8'?><!DOCTYPE paula SYSTEM "paula_feat.dtd">
<paula version="1.1">
	<header paula_id="scriptorium.Ruth_01.mark_norm_group"/>
	<featList xmlns:xlink="http://www.w3.org/1999/xlink" type="norm_group" xml:base="scriptorium.Ruth_01.mark.xml">
		<feat xlink:href="#sSpan3" value="ⲁⲥϣⲱⲡⲉ"/>
		<feat xlink:href="#sSpan16" value="ⲇⲉ"/>
		<feat xlink:href="#sSpan20" value="ⲛⲧⲉⲣⲉⲛⲉⲕⲣⲓⲧⲏⲥ"/>
		<feat xlink:href="#sSpan30" value="ϩⲙⲟⲟⲥ"/>
		<feat xlink:href="#sSpan34" value="ⲉϯϩⲁⲡ"/>
		<feat xlink:href="#sSpan42" value="ⲁⲩϩⲉⲃⲱⲱⲛ"/>
		<feat xlink:href="#sSpan53" value="ϣⲱⲡⲉ"/>
		<feat xlink:href="#sSpan57" value="ϩⲙⲡⲕⲁϩ"/>
		<feat xlink:href="#sSpan66" value="ⲁⲩⲱ"/>
		<feat xlink:href="#sSpan70" value="ⲁϥⲃⲱⲕ"/>
		<feat xlink:href="#sSpan78" value="ⲛϭⲓⲟⲩⲣⲱⲙⲉ"/>
		<feat xlink:href="#sSpan87" value="ⲉⲟⲩⲉⲃⲟⲗ"/>
		<feat xlink:href="#sSpan95" value="ⲡⲉ"/>
		<feat xlink:href="#sSpan99" value="ϩⲛⲃⲏⲑⲗⲉⲉⲙ"/>
		<feat xlink:href="#sSpan107" value="ⲙⲡⲕⲁϩ"/>
		<feat xlink:href="#sSpan116" value="ⲛⲓⲟⲩⲇⲁ"/>
		<feat xlink:href="#sSpan123" value="ⲉⲧⲣⲉϥϭⲟⲓⲗⲉ"/>
		<feat xlink:href="#sSpan134" value="ⲉⲧⲥⲱϣⲉ"/>
		<feat xlink:href="#sSpan143" value="ⲙⲙⲱⲁⲃ"/>
		<feat xlink:href="#sSpan151" value="ⲛⲧⲟϥ"/>
		<feat xlink:href="#sSpan155" value="ⲙⲛⲧⲉϥⲥϩⲓⲙⲉ"/>
		<feat xlink:href="#sSpan164" value="ⲙⲛⲡⲉϥϣⲏⲣⲉ"/>
		<feat xlink:href="#sSpan173" value="ⲥⲛⲁⲩ"/>
		<feat xlink:href="#sSpan177" value="ⲁⲩⲱ"/>
		<feat xlink:href="#sSpan185" value="ⲡⲣⲁⲛ"/>
		<feat xlink:href="#sSpan192" value="ⲙⲡⲣⲱⲙⲉ"/>
		<feat xlink:href="#sSpan201" value="ⲡⲉ"/>
		<feat xlink:href="#sSpan207" value="ⲁⲃⲓⲙⲉⲗⲉⲭ"/>
		<feat xlink:href="#sSpan211" value="ⲁⲩⲱ"/>
		<feat xlink:href="#sSpan215" value="ⲡⲣⲁⲛ"/>
		<feat xlink:href="#sSpan222" value="ⲛⲧⲉϥⲥϩⲓⲙⲉ"/>
		<feat xlink:href="#sSpan231" value="ⲧⲉ"/>
		<feat xlink:href="#sSpan237" value="ⲛⲟⲉⲙⲓⲛ"/>
		<feat xlink:href="#sSpan241" value="ⲡⲣⲁⲛ"/>
		<feat xlink:href="#sSpan249" value="ⲇⲉ"/>
		<feat xlink:href="#sSpan253" value="ⲙⲡⲉϥϣⲏⲣⲉ"/>
		<feat xlink:href="#sSpan262" value="ⲥⲛⲁⲩ"/>
		<feat xlink:href="#sSpan266" value="ⲡⲉ"/>
		<feat xlink:href="#sSpan272" value="ⲙⲁⲁⲗⲱⲛ"/>
		<feat xlink:href="#sSpan276" value="ⲙⲛⲭⲉⲗⲁⲓⲱⲛ"/>
		<feat xlink:href="#sSpan284" value="ϩⲉⲛⲉⲫⲣⲁⲑⲁⲓⲟⲥ"/>
		<feat xlink:href="#sSpan292" value="ⲉⲃⲟⲗ"/>
		<feat xlink:href="#sSpan297" value="ϩⲛⲃⲏⲑⲗⲉⲉⲙ"/>
		<feat xlink:href="#sSpan305" value="ⲙⲡⲕⲁϩ"/>
		<feat xlink:href="#sSpan314" value="ⲛⲓⲟⲩⲇⲁ"/>
		<feat xlink:href="#sSpan321" value="ⲁⲩⲱ"/>
		<feat xlink:href="#sSpan325" value="ⲁⲩⲉⲓ"/>
		<feat xlink:href="#sSpan334" value="ⲉϩⲣⲁⲓ"/>
		<feat xlink:href="#sSpan338" value="ⲉⲧⲥⲱϣⲉ"/>
		<feat xlink:href="#sSpan347" value="ⲙⲙⲱⲁⲃ"/>
		<feat xlink:href="#sSpan355" value="ⲁⲩϭⲱ"/>
		<feat xlink:href="#sSpan363" value="ⲙⲡⲙⲁ"/>
		<feat xlink:href="#sSpan372" value="ⲉⲧⲙⲙⲁⲩ"/>
		<feat xlink:href="#sSpan378" value="ⲁⲩⲱ"/>
		<feat xlink:href="#sSpan386" value="ⲁϥⲙⲟⲩ"/>
		<feat xlink:href="#sSpan394" value="ⲛϭⲓⲁⲃⲓⲙⲉⲗⲉⲭ"/>
		<feat xlink:href="#sSpan402" value="ⲡϩⲁⲓ"/>
		<feat xlink:href="#sSpan408" value="ⲛⲛⲟⲉⲙⲓⲛ"/>
		<feat xlink:href="#sSpan416" value="ⲁⲥϣⲱϫⲡ"/>
		<feat xlink:href="#sSpan425" value="ⲇⲉ"/>
		<feat xlink:href="#sSpan429" value="ⲛⲧⲟⲥ"/>
		<feat xlink:href="#sSpan433" value="ⲙⲛⲡⲉⲥϣⲏⲣⲉ"/>
		<feat xlink:href="#sSpan442" value="ⲥⲛⲁⲩ"/>
		<feat xlink:href="#sSpan446" value="ⲁⲩⲱ"/>
		<feat xlink:href="#sSpan454" value="ⲁⲩϫⲓ"/>
		<feat xlink:href="#sSpan462" value="ⲛⲁⲩ"/>
		<feat xlink:href="#sSpan468" value="ⲛϩⲉⲛϩⲓⲟⲙⲉ"/>
		<feat xlink:href="#sSpan477" value="ⲉⲃⲟⲗ"/>
		<feat xlink:href="#sSpan481" value="ϩⲙⲡⲕⲁϩ"/>
		<feat xlink:href="#sSpan490" value="ⲙⲙⲱⲁⲃ"/>
		<feat xlink:href="#sSpan498" value="ⲉⲡⲣⲁⲛ"/>
		<feat xlink:href="#sSpan507" value="ⲛⲧⲟⲩⲓ"/>
		<feat xlink:href="#sSpan516" value="ⲙⲙⲟⲟⲩ"/>
		<feat xlink:href="#sSpan522" value="ⲡⲉ"/>
		<feat xlink:href="#sSpan528" value="ⲟⲣⲫⲁ"/>
		<feat xlink:href="#sSpan532" value="ⲁⲩⲱ"/>
		<feat xlink:href="#sSpan536" value="ⲡⲣⲁⲛ"/>
		<feat xlink:href="#sSpan543" value="ⲛⲧⲙⲉϩⲥⲛⲧⲉ"/>
		<feat xlink:href="#sSpan554" value="ⲧⲉ"/>
		<feat xlink:href="#sSpan560" value="ϩⲣⲟⲩⲑ"/>
		<feat xlink:href="#sSpan564" value="ⲁⲩⲟⲩⲱϩ"/>
		<feat xlink:href="#sSpan572" value="ϩⲙⲡⲙⲁ"/>
		<feat xlink:href="#sSpan581" value="ⲉⲧⲙⲙⲁⲩ"/>
		<feat xlink:href="#sSpan587" value="ⲛⲁⲙⲏⲧⲉ"/>
		<feat xlink:href="#sSpan594" value="ⲛⲣⲟⲙⲡⲉ"/>
		<feat xlink:href="#sSpan600" value="ⲁⲩⲱ"/>
		<feat xlink:href="#sSpan608" value="ⲁⲩⲙⲟⲩ"/>
		<feat xlink:href="#sSpan616" value="ⲙⲡⲉⲥⲛⲁⲩ"/>
		<feat xlink:href="#sSpan627" value="ⲙⲁⲁⲗⲱⲛ"/>
		<feat xlink:href="#sSpan631" value="ⲙⲛⲭⲉⲗⲁⲓⲱⲛ"/>
		<feat xlink:href="#sSpan640" value="ⲧⲉⲥϩⲓⲙⲉ"/>
		<feat xlink:href="#sSpan647" value="ⲇⲉ"/>
		<feat xlink:href="#sSpan651" value="ⲁⲥⲣⲭⲏⲣⲁ"/>
		<feat xlink:href="#sSpan663" value="ⲉⲁⲥⲣⲁⲧϩⲁⲓ"/>
		<feat xlink:href="#sSpan676" value="ⲁⲩⲱ"/>
		<feat xlink:href="#sSpan680" value="ⲁⲥⲣⲁⲧϣⲏⲣⲉ"/>
		<feat xlink:href="#sSpan691" value="ⲁⲥⲧⲱⲟⲩⲛ"/>
		<feat xlink:href="#sSpan704" value="ⲇⲉ"/>
		<feat xlink:href="#sSpan708" value="ⲛⲧⲟⲥ"/>
		<feat xlink:href="#sSpan712" value="ⲙⲛⲧⲉⲥϣⲉⲗⲉⲉⲧ"/>
		<feat xlink:href="#sSpan721" value="ⲥⲛⲧⲉ"/>
		<feat xlink:href="#sSpan725" value="ⲁⲩⲕⲧⲟⲟⲩ"/>
		<feat xlink:href="#sSpan735" value="ⲉⲃⲟⲗ"/>
		<feat xlink:href="#sSpan740" value="ϩⲛⲧⲥⲱϣⲉ"/>
		<feat xlink:href="#sSpan749" value="ⲙⲙⲱⲁⲃ"/>
		<feat xlink:href="#sSpan757" value="ⲉⲃⲟⲗ"/>
		<feat xlink:href="#sSpan762" value="ϫⲉⲁⲩⲥⲱⲧⲙ"/>
		<feat xlink:href="#sSpan772" value="ϩⲛⲧⲥⲱϣⲉ"/>
		<feat xlink:href="#sSpan781" value="ⲙⲙⲱⲁⲃ"/>
		<feat xlink:href="#sSpan789" value="ϫⲉⲁⲡϫⲟⲉⲓⲥ"/>
		<feat xlink:href="#sSpan800" value="ϭⲙⲡϣⲓⲛⲉ"/>
		<feat xlink:href="#sSpan808" value="ⲙⲡⲉϥⲗⲁⲟⲥ"/>
		<feat xlink:href="#sSpan818" value="ⲉⲧⲣⲉϥϯⲟⲉⲓⲕ"/>
		<feat xlink:href="#sSpan830" value="ⲛⲁⲩ"/>
		<feat xlink:href="#sSpan836" value="ⲁⲩⲱ"/>
		<feat xlink:href="#sSpan844" value="ⲁⲥⲉⲓ"/>
		<feat xlink:href="#sSpan853" value="ⲉⲃⲟⲗ"/>
		<feat xlink:href="#sSpan857" value="ϩⲙⲡⲙⲁ"/>
		<feat xlink:href="#sSpan866" value="ⲉⲧⲥ"/>
		<feat xlink:href="#sSpan872" value="ⲛϩⲏⲧϥ"/>
		<feat xlink:href="#sSpan878" value="ⲛⲧⲟⲥ"/>
		<feat xlink:href="#sSpan882" value="ⲙⲛⲧⲉⲥϣⲉⲗⲉⲉⲧ"/>
		<feat xlink:href="#sSpan891" value="ⲥⲛⲧⲉ"/>
		<feat xlink:href="#sSpan895" value="ⲛⲙⲙⲁⲥ"/>
		<feat xlink:href="#sSpan901" value="ⲁⲩⲙⲟⲟϣⲉ"/>
		<feat xlink:href="#sSpan910" value="ϩⲛⲧⲉϩⲓⲏ"/>
		<feat xlink:href="#sSpan919" value="ⲉⲧⲣⲉⲩⲕⲧⲟⲟⲩ"/>
		<feat xlink:href="#sSpan931" value="ⲉϩⲣⲁⲓ"/>
		<feat xlink:href="#sSpan935" value="ⲉⲡⲕⲁϩ"/>
		<feat xlink:href="#sSpan944" value="ⲛⲓⲟⲩⲇⲁ"/>
		<feat xlink:href="#sSpan953" value="ⲛⲟⲉⲙⲓⲛ"/>
		<feat xlink:href="#sSpan962" value="ⲇⲉ"/>
		<feat xlink:href="#sSpan966" value="ⲡⲉϫⲁⲥ"/>
		<feat xlink:href="#sSpan972" value="ⲛⲧⲉⲥϣⲉⲗⲉⲉⲧ"/>
		<feat xlink:href="#sSpan981" value="ⲥⲛⲧⲉ"/>
		<feat xlink:href="#sSpan985" value="ϫⲉⲃⲱⲕ"/>
		<feat xlink:href="#sSpan991" value="ⲛⲧⲉⲧⲛⲕⲧⲉⲧⲏⲩⲧⲛ"/>
		<feat xlink:href="#sSpan1001" value="ⲛϭⲓⲧⲟⲩⲓ"/>
		<feat xlink:href="#sSpan1010" value="ⲧⲟⲩⲓ"/>
		<feat xlink:href="#sSpan1016" value="ⲙⲙⲱⲧⲛ"/>
		<feat xlink:href="#sSpan1022" value="ⲉⲡⲏⲓ"/>
		<feat xlink:href="#sSpan1031" value="ⲛⲧⲉⲥⲙⲁⲁⲩ"/>
		<feat xlink:href="#sSpan1040" value="ⲁⲩⲱ"/>
		<feat xlink:href="#sSpan1048" value="ⲉⲣⲉⲡϫⲟⲉⲓⲥ"/>
		<feat xlink:href="#sSpan1057" value="ⲉⲓⲣⲉ"/>
		<feat xlink:href="#sSpan1062" value="ⲛⲟⲩⲛⲁ"/>
		<feat xlink:href="#sSpan1071" value="ⲛⲙⲙⲏⲧⲛ"/>
		<feat xlink:href="#sSpan1078" value="ⲕⲁⲧⲁⲧϩⲉ"/>
		<feat xlink:href="#sSpan1086" value="ⲉⲛⲧⲁⲧⲉⲧⲛⲉⲓⲣⲉ"/>
		<feat xlink:href="#sSpan1096" value="ⲙⲛⲛⲉⲛⲧⲁⲩⲙⲟⲩ"/>
		<feat xlink:href="#sSpan1111" value="ⲁⲩⲱ"/>
		<feat xlink:href="#sSpan1115" value="ⲛⲙⲙⲁⲓ"/>
		<feat xlink:href="#sSpan1121" value="ϩⲱ"/>
		<feat xlink:href="#sSpan1125" value="ⲉⲣⲉⲡϫⲟⲉⲓⲥ"/>
		<feat xlink:href="#sSpan1134" value="ⲧⲱⲱⲃⲉ"/>
		<feat xlink:href="#sSpan1138" value="ⲛⲏⲧⲛ"/>
		<feat xlink:href="#sSpan1144" value="ⲛⲧⲉⲧⲟⲩⲓ"/>
		<feat xlink:href="#sSpan1153" value="ⲧⲟⲩⲓ"/>
		<feat xlink:href="#sSpan1159" value="ⲙⲙⲱⲧⲛ"/>
		<feat xlink:href="#sSpan1165" value="ϭⲓⲛⲉ"/>
		<feat xlink:href="#sSpan1169" value="ⲛⲟⲩⲁⲛⲁⲡⲁⲩⲥⲓⲥ"/>
		<feat xlink:href="#sSpan1179" value="ϩⲙⲡⲏⲓ"/>
		<feat xlink:href="#sSpan1188" value="ⲙⲡⲉⲥϩⲁⲓ"/>
		<feat xlink:href="#sSpan1197" value="ⲁⲩⲱ"/>
		<feat xlink:href="#sSpan1201" value="ⲁⲥϯⲡⲓ"/>
		<feat xlink:href="#sSpan1211" value="ⲉⲣⲱⲟⲩ"/>
		<feat xlink:href="#sSpan1217" value="ⲁⲩϥⲓϩⲣⲁⲩ"/>
		<feat xlink:href="#sSpan1235" value="ⲇⲉ"/>
		<feat xlink:href="#sSpan1239" value="ⲉⲃⲟⲗ"/>
		<feat xlink:href="#sSpan1243" value="ⲁⲩⲣⲓⲙⲉ"/>
		<feat xlink:href="#sSpan1251" value="ⲉⲩϫⲱ"/>
		<feat xlink:href="#sSpan1259" value="ⲙⲙⲟⲥ"/>
		<feat xlink:href="#sSpan1265" value="ϫⲉⲉⲛⲛⲁⲕⲧⲟⲛ"/>
		<feat xlink:href="#sSpan1279" value="ⲛⲙⲙⲉ"/>
		<feat xlink:href="#sSpan1285" value="ⲉⲣⲁⲧϥ"/>
		<feat xlink:href="#sSpan1291" value="ⲙⲡⲟⲩⲗⲁⲟⲥ"/>
		<feat xlink:href="#sSpan1301" value="ⲡⲉϫⲉⲛⲟⲉⲙⲓⲛ"/>
		<feat xlink:href="#sSpan1313" value="ⲛⲁⲩ"/>
		<feat xlink:href="#sSpan1319" value="ϫⲉⲕⲧⲉⲧⲏⲩⲧⲛ"/>
		<feat xlink:href="#sSpan1328" value="ⲛⲁϣⲉⲉⲣⲉ"/>
		<feat xlink:href="#sSpan1334" value="ⲛⲧⲉⲧⲛⲃⲱⲕ"/>
		<feat xlink:href="#sSpan1342" value="ⲁⲩⲱ"/>
		<feat xlink:href="#sSpan1346" value="ⲉⲧⲉⲧⲛⲛⲁⲉⲓ"/>
		<feat xlink:href="#sSpan1356" value="ⲛⲙⲙⲁⲓ"/>
		<feat xlink:href="#sSpan1363" value="ⲉⲧⲃⲉⲟⲩ"/>
		<feat xlink:href="#sSpan1370" value="ⲛϩⲱⲃ"/>
		<feat xlink:href="#sSpan1377" value="ⲙⲏ"/>
		<feat xlink:href="#sSpan1381" value="ⲟⲩⲛϣⲏⲣⲉ"/>
		<feat xlink:href="#sSpan1388" value="ϭⲉ"/>
		<feat xlink:href="#sSpan1392" value="ϣⲟⲟⲡ"/>
		<feat xlink:href="#sSpan1396" value="ⲛϩⲏⲧ"/>
		<feat xlink:href="#sSpan1400" value="ϫⲉⲉⲩⲉⲣϩⲁⲓ"/>
		<feat xlink:href="#sSpan1410" value="ⲛⲏⲧⲛ"/>
		<feat xlink:href="#sSpan1416" value="ⲕⲧⲉⲧⲏⲩⲧⲛ"/>
		<feat xlink:href="#sSpan1427" value="ⲛⲁϣⲉⲉⲣⲉ"/>
		<feat xlink:href="#sSpan1433" value="ⲛⲧⲉⲧⲛⲃⲱⲕ"/>
		<feat xlink:href="#sSpan1441" value="ϫⲉⲁⲓⲣϩⲗⲗⲱ"/>
		<feat xlink:href="#sSpan1453" value="ⲉⲧⲙϭⲙϭⲟⲙ"/>
		<feat xlink:href="#sSpan1461" value="ⲉϩⲙⲟⲟⲥ"/>
		<feat xlink:href="#sSpan1467" value="ⲙⲛⲕⲉϩⲁⲓ"/>
		<feat xlink:href="#sSpan1476" value="ϫⲉⲁⲓϫⲟⲟⲥ"/>
		<feat xlink:href="#sSpan1488" value="ϫⲉⲙⲏ"/>
		<feat xlink:href="#sSpan1495" value="ⲟⲩⲛϭⲟⲙ"/>
		<feat xlink:href="#sSpan1501" value="ϭⲉ"/>
		<feat xlink:href="#sSpan1505" value="ϣⲟⲟⲡ"/>
		<feat xlink:href="#sSpan1509" value="ⲛⲁⲓ"/>
		<feat xlink:href="#sSpan1515" value="ⲉⲧⲣⲁϣⲱⲡⲉ"/>
		<feat xlink:href="#sSpan1525" value="ⲙⲛⲕⲉϩⲁⲓ"/>
		<feat xlink:href="#sSpan1534" value="ⲛⲧⲁϫⲡⲉϣⲏⲣⲉ"/>
		<feat xlink:href="#sSpan1545" value="ⲙⲏ"/>
		<feat xlink:href="#sSpan1553" value="ⲉⲧⲉⲧⲛⲛⲁϭⲱ"/>
		<feat xlink:href="#sSpan1564" value="ⲉⲧⲉⲧⲛϭⲱϣⲧ"/>
		<feat xlink:href="#sSpan1572" value="ϩⲏⲧⲟⲩ"/>
		<feat xlink:href="#sSpan1578" value="ϣⲁⲛⲧⲟⲩⲣⲛⲟϭ"/>
		<feat xlink:href="#sSpan1589" value="ⲏ"/>
		<feat xlink:href="#sSpan1593" value="ⲉⲧⲉⲧⲛⲛⲁϩⲙⲟⲟⲥ"/>
		<feat xlink:href="#sSpan1603" value="ⲉⲧⲃⲏⲏⲧⲟⲩ"/>
		<feat xlink:href="#sSpan1609" value="ⲉⲧⲙϫⲓⲕⲉϩⲁⲓ"/>
		<feat xlink:href="#sSpan1622" value="ⲙⲡⲱⲣ"/>
		<feat xlink:href="#sSpan1627" value="ⲛⲁϣⲉⲉⲣⲉ"/>
		<feat xlink:href="#sSpan1633" value="ⲙⲡⲣϭⲱ"/>
		<feat xlink:href="#sSpan1639" value="ϩⲓⲛⲁⲓ"/>
		<feat xlink:href="#sSpan1646" value="ϫⲉⲁⲓⲟⲩⲱⲗⲥ"/>
		<feat xlink:href="#sSpan1656" value="ⲛϩⲏⲧ"/>
		<feat xlink:href="#sSpan1662" value="ⲉⲧⲃⲉⲧⲏⲩⲧⲛ"/>
		<feat xlink:href="#sSpan1668" value="ϫⲉⲧϭⲓϫ"/>
		<feat xlink:href="#sSpan1677" value="ⲙⲡϫⲟⲉⲓⲥ"/>
		<feat xlink:href="#sSpan1686" value="ⲁⲥⲉⲓ"/>
		<feat xlink:href="#sSpan1695" value="ⲉⲃⲟⲗ"/>
		<feat xlink:href="#sSpan1699" value="ⲉϫⲱⲓ"/>
		<feat xlink:href="#sSpan1705" value="ⲁⲩϥⲓϩⲣⲁⲩ"/>
		<feat xlink:href="#sSpan1723" value="ⲇⲉ"/>
		<feat xlink:href="#sSpan1727" value="ⲉⲃⲟⲗ"/>
		<feat xlink:href="#sSpan1731" value="ⲁⲩⲣⲓⲙⲉ"/>
		<feat xlink:href="#sSpan1739" value="ⲁⲩⲱ"/>
		<feat xlink:href="#sSpan1745" value="ⲟⲣⲫⲁ"/>
		<feat xlink:href="#sSpan1749" value="ⲁⲥⲁⲥⲡⲁⲍⲉ"/>
		<feat xlink:href="#sSpan1758" value="ⲛⲧⲉⲥϣⲱⲙⲉ"/>
		<feat xlink:href="#sSpan1767" value="ⲁⲥⲕⲧⲟⲥ"/>
		<feat xlink:href="#sSpan1777" value="ⲉϩⲣⲁⲓ"/>
		<feat xlink:href="#sSpan1781" value="ⲉⲡⲉⲥⲗⲁⲟⲥ"/>
		<feat xlink:href="#sSpan1793" value="ϩⲣⲟⲩⲑ"/>
		<feat xlink:href="#sSpan1798" value="ⲇⲉ"/>
		<feat xlink:href="#sSpan1802" value="ⲁⲥⲟⲩⲁϩⲥ"/>
		<feat xlink:href="#sSpan1812" value="ⲛⲥⲁⲧⲉⲥϣⲱⲙⲉ"/>
		<feat xlink:href="#sSpan1821" value="ⲁⲩⲱ"/>
		<feat xlink:href="#sSpan1831" value="ⲛⲟⲉⲙⲓⲛ"/>
		<feat xlink:href="#sSpan1835" value="ⲡⲉϫⲁⲥ"/>
		<feat xlink:href="#sSpan1841" value="ⲛϩⲣⲟⲩⲑ"/>
		<feat xlink:href="#sSpan1849" value="ϫⲉⲉⲓⲥϩⲏⲏⲧⲉ"/>
		<feat xlink:href="#sSpan1859" value="ⲧⲟⲩϣⲃⲣϣⲉⲗⲉⲉⲧ"/>
		<feat xlink:href="#sSpan1867" value="ⲁⲥⲕⲧⲟⲥ"/>
		<feat xlink:href="#sSpan1877" value="ⲉⲣⲁⲧϥ"/>
		<feat xlink:href="#sSpan1883" value="ⲙⲡⲉⲥⲗⲁⲟⲥ"/>
		<feat xlink:href="#sSpan1893" value="ⲁⲩⲱ"/>
		<feat xlink:href="#sSpan1897" value="ⲉⲣⲁⲧⲟⲩ"/>
		<feat xlink:href="#sSpan1903" value="ⲛⲛⲉⲥⲛⲟⲩⲧⲉ"/>
		<feat xlink:href="#sSpan1912" value="ⲛⲧⲟ"/>
		<feat xlink:href="#sSpan1916" value="ϩⲱⲱⲧⲉ"/>
		<feat xlink:href="#sSpan1923" value="ⲧⲁϣⲉⲉⲣⲉ"/>
		<feat xlink:href="#sSpan1929" value="ⲕⲧⲟ"/>
		<feat xlink:href="#sSpan1933" value="ⲉⲣⲁⲧⲥ"/>
		<feat xlink:href="#sSpan1939" value="ⲛⲧⲟⲩϣⲃⲉⲉⲣⲉ"/>
		<feat xlink:href="#sSpan1950" value="ϩⲣⲟⲩⲑ"/>
		<feat xlink:href="#sSpan1959" value="ⲇⲉ"/>
		<feat xlink:href="#sSpan1963" value="ⲡⲉϫⲁⲥ"/>
		<feat xlink:href="#sSpan1969" value="ⲛⲁⲥ"/>
		<feat xlink:href="#sSpan1975" value="ϫⲉⲛⲛⲉⲡⲁⲓ"/>
		<feat xlink:href="#sSpan1984" value="ⲧⲁϩⲟⲓ"/>
		<feat xlink:href="#sSpan1990" value="ⲉⲧⲣⲁⲕⲁⲁⲧⲉ"/>
		<feat xlink:href="#sSpan2002" value="ⲛⲥⲱⲓ"/>
		<feat xlink:href="#sSpan2008" value="ⲛⲧⲁⲃⲱⲕ"/>
		<feat xlink:href="#sSpan2016" value="ⲛⲧⲁⲗⲟ"/>
		<feat xlink:href="#sSpan2024" value="ϩⲁⲣⲟ"/>
		<feat xlink:href="#sSpan2028" value="ϫⲉⲛⲧⲟ"/>
		<feat xlink:href="#sSpan2034" value="ⲡⲙⲁ"/>
		<feat xlink:href="#sSpan2041" value="ⲉⲧⲉⲣⲁⲃⲱⲕ"/>
		<feat xlink:href="#sSpan2051" value="ⲣⲟϥ"/>
		<feat xlink:href="#sSpan2057" value="ϯⲛⲏⲩ"/>
		<feat xlink:href="#sSpan2063" value="ⲛⲙⲙⲉ"/>
		<feat xlink:href="#sSpan2069" value="ⲁⲩⲱ"/>
		<feat xlink:href="#sSpan2073" value="ⲡⲙⲁ"/>
		<feat xlink:href="#sSpan2080" value="ⲉⲧⲉⲣⲁⲟⲩⲱϩ"/>
		<feat xlink:href="#sSpan2090" value="ⲛϩⲏⲧϥ"/>
		<feat xlink:href="#sSpan2096" value="ϯⲛⲁϭⲱ"/>
		<feat xlink:href="#sSpan2104" value="ⲛϩⲏⲧϥ"/>
		<feat xlink:href="#sSpan2110" value="ⲛⲙⲙⲉ"/>
		<feat xlink:href="#sSpan2117" value="ⲡⲟⲩⲗⲁⲟⲥ"/>
		<feat xlink:href="#sSpan2124" value="ⲡⲉ"/>
		<feat xlink:href="#sSpan2129" value="ⲡⲁⲗⲁⲟⲥ"/>
		<feat xlink:href="#sSpan2136" value="ⲁⲩⲱ"/>
		<feat xlink:href="#sSpan2141" value="ⲡⲟⲩⲛⲟⲩⲧⲉ"/>
		<feat xlink:href="#sSpan2147" value="ⲡⲉ"/>
		<feat xlink:href="#sSpan2152" value="ⲡⲁⲛⲟⲩⲧⲉ"/>
		<feat xlink:href="#sSpan2158" value="ⲁⲩⲱ"/>
		<feat xlink:href="#sSpan2166" value="ⲡⲙⲁ"/>
		<feat xlink:href="#sSpan2173" value="ⲉⲧⲉⲣⲁⲙⲟⲩ"/>
		<feat xlink:href="#sSpan2183" value="ⲛϩⲏⲧϥ"/>
		<feat xlink:href="#sSpan2189" value="ⲉⲓⲛⲁⲙⲟⲩ"/>
		<feat xlink:href="#sSpan2199" value="ϩⲱ"/>
		<feat xlink:href="#sSpan2203" value="ⲛϩⲏⲧϥ"/>
		<feat xlink:href="#sSpan2209" value="ⲛⲥⲉⲧⲟⲙⲥⲧ"/>
		<feat xlink:href="#sSpan2219" value="ⲙⲡⲙⲁ"/>
		<feat xlink:href="#sSpan2228" value="ⲉⲧⲙⲙⲁⲩ"/>
		<feat xlink:href="#sSpan2235" value="ⲛⲁⲓ"/>
		<feat xlink:href="#sSpan2239" value="ⲉⲣⲉⲡϫⲟⲉⲓⲥ"/>
		<feat xlink:href="#sSpan2248" value="ⲁⲁⲩ"/>
		<feat xlink:href="#sSpan2254" value="ⲛⲁⲓ"/>
		<feat xlink:href="#sSpan2260" value="ⲁⲩⲱ"/>
		<feat xlink:href="#sSpan2265" value="ⲛⲁⲓ"/>
		<feat xlink:href="#sSpan2269" value="ⲉϥⲉⲟⲩⲁϩⲟⲩ"/>
		<feat xlink:href="#sSpan2277" value="ⲉϫⲱⲓ"/>
		<feat xlink:href="#sSpan2283" value="ϫⲉⲡⲙⲟⲩ"/>
		<feat xlink:href="#sSpan2292" value="ⲡⲉⲧⲛⲁⲡⲟⲣϫⲛ"/>
		<feat xlink:href="#sSpan2304" value="ⲉⲛⲉⲛⲉⲣⲏⲩ"/>
		<feat xlink:href="#sSpan2312" value="ⲛⲧⲉⲣⲉⲛⲟⲉⲙⲓⲛ"/>
		<feat xlink:href="#sSpan2325" value="ⲇⲉ"/>
		<feat xlink:href="#sSpan2329" value="ⲛⲁⲩ"/>
		<feat xlink:href="#sSpan2333" value="ϫⲉⲁⲥⲧⲁϫⲣⲟⲥ"/>
		<feat xlink:href="#sSpan2345" value="ⲉⲙⲟⲟϣⲉ"/>
		<feat xlink:href="#sSpan2351" value="ⲛⲙⲙⲁⲥ"/>
		<feat xlink:href="#sSpan2357" value="ⲁⲥⲗⲟ"/>
		<feat xlink:href="#sSpan2366" value="ⲉⲥϣⲁϫⲉ"/>
		<feat xlink:href="#sSpan2374" value="ⲛⲙⲙⲁⲥ"/>
		<feat xlink:href="#sSpan2380" value="ⲉⲡⲉⲓϩⲱⲃ"/>
		<feat xlink:href="#sSpan2389" value="ⲁⲩⲙⲟⲟϣⲉ"/>
		<feat xlink:href="#sSpan2402" value="ⲇⲉ"/>
		<feat xlink:href="#sSpan2406" value="ⲛⲧⲥⲛⲧⲉ"/>
		<feat xlink:href="#sSpan2415" value="ϣⲁⲛⲧⲟⲩⲉⲓ"/>
		<feat xlink:href="#sSpan2424" value="ⲉϩⲣⲁⲓ"/>
		<feat xlink:href="#sSpan2428" value="ⲉⲃⲏⲑⲗⲉⲉⲙ"/>
		<feat xlink:href="#sSpan2436" value="ⲁⲥϣⲱⲡⲉ"/>
		<feat xlink:href="#sSpan2445" value="ⲇⲉ"/>
		<feat xlink:href="#sSpan2449" value="ⲛⲧⲉⲣⲟⲩⲉⲓ"/>
		<feat xlink:href="#sSpan2458" value="ⲉϩⲟⲩⲛ"/>
		<feat xlink:href="#sSpan2462" value="ⲉⲃⲏⲑⲗⲉⲉⲙ"/>
		<feat xlink:href="#sSpan2470" value="ⲁⲩⲱ"/>
		<feat xlink:href="#sSpan2474" value="ⲧⲡⲟⲗⲓⲥ"/>
		<feat xlink:href="#sSpan2482" value="ⲧⲏⲣⲥ"/>
		<feat xlink:href="#sSpan2488" value="ⲁⲡⲥⲟⲉⲓⲧ"/>
		<feat xlink:href="#sSpan2497" value="ⲥⲱⲣ"/>
		<feat xlink:href="#sSpan2502" value="ⲉⲃⲟⲗ"/>
		<feat xlink:href="#sSpan2506" value="ⲛϩⲏⲧⲥ"/>
		<feat xlink:href="#sSpan2512" value="ⲉⲧⲃⲏⲏⲧⲥ"/>
		<feat xlink:href="#sSpan2518" value="ⲉⲩϫⲱ"/>
		<feat xlink:href="#sSpan2526" value="ⲙⲙⲟⲥ"/>
		<feat xlink:href="#sSpan2532" value="ϫⲉⲧⲁⲓ"/>
		<feat xlink:href="#sSpan2539" value="ⲧⲉ"/>
		<feat xlink:href="#sSpan2545" value="ⲛⲟⲉⲙⲓⲛ"/>
		<feat xlink:href="#sSpan2549" value="ⲁⲩⲱ"/>
		<feat xlink:href="#sSpan2557" value="ⲡⲉϫⲁⲥ"/>
		<feat xlink:href="#sSpan2563" value="ⲛⲁⲩ"/>
		<feat xlink:href="#sSpan2569" value="ϫⲉⲙⲡⲣⲙⲟⲩⲧⲉ"/>
		<feat xlink:href="#sSpan2577" value="ⲉⲣⲟⲓ"/>
		<feat xlink:href="#sSpan2583" value="ϫⲉⲛⲟⲉⲙⲓⲛ"/>
		<feat xlink:href="#sSpan2591" value="ⲙⲟⲩⲧⲉ"/>
		<feat xlink:href="#sSpan2595" value="ⲉⲣⲟⲓ"/>
		<feat xlink:href="#sSpan2601" value="ϫⲉⲧⲉⲧⲥⲁϣⲉ"/>
		<feat xlink:href="#sSpan2613" value="ⲏ"/>
		<feat xlink:href="#sSpan2618" value="ⲧⲉⲛⲧⲁⲥⲥⲓϣⲉ"/>
		<feat xlink:href="#sSpan2630" value="ϫⲉⲁⲡϩⲓⲕⲁⲛⲟⲥ"/>
		<feat xlink:href="#sSpan2642" value="ⲙⲡⲇⲩⲛⲁⲧⲟⲥ"/>
		<feat xlink:href="#sSpan2651" value="ⲁϥϯⲥⲓϣⲉ"/>
		<feat xlink:href="#sSpan2661" value="ⲛⲁⲓ"/>
		<feat xlink:href="#sSpan2667" value="ⲉⲙⲁⲧⲉ"/>
		<feat xlink:href="#sSpan2671" value="ⲁⲛⲟⲕ"/>
		<feat xlink:href="#sSpan2679" value="ⲁⲓⲃⲱⲕ"/>
		<feat xlink:href="#sSpan2688" value="ⲉⲓⲙⲉϩ"/>
		<feat xlink:href="#sSpan2697" value="ⲡϫⲟⲉⲓⲥ"/>
		<feat xlink:href="#sSpan2704" value="ⲇⲉ"/>
		<feat xlink:href="#sSpan2708" value="ⲁϥⲕⲧⲟⲓ"/>
		<feat xlink:href="#sSpan2718" value="ⲉⲓϣⲟⲩⲉⲓⲧ"/>
		<feat xlink:href="#sSpan2726" value="ⲁⲩⲱ"/>
		<feat xlink:href="#sSpan2731" value="ⲉⲧⲃⲉⲟⲩ"/>
		<feat xlink:href="#sSpan2737" value="ⲉⲧⲉⲧⲛⲛⲁⲙⲟⲩⲧⲉ"/>
		<feat xlink:href="#sSpan2747" value="ⲉⲣⲟⲓ"/>
		<feat xlink:href="#sSpan2753" value="ϫⲉⲛⲟⲉⲙⲓⲛ"/>
		<feat xlink:href="#sSpan2761" value="ⲁⲩⲱ"/>
		<feat xlink:href="#sSpan2766" value="ⲡϫⲟⲉⲓⲥ"/>
		<feat xlink:href="#sSpan2772" value="ⲁϥⲑⲃⲃⲓⲟⲓ"/>
		<feat xlink:href="#sSpan2782" value="ⲁⲩⲱ"/>
		<feat xlink:href="#sSpan2787" value="ⲡϩⲓⲕⲁⲛⲟⲥ"/>
		<feat xlink:href="#sSpan2794" value="ⲁϥⲑⲙⲕⲟⲓ"/>
		<feat xlink:href="#sSpan2804" value="ⲁⲩⲱ"/>
		<feat xlink:href="#sSpan2812" value="ⲁⲥⲕⲧⲟⲥ"/>
		<feat xlink:href="#sSpan2822" value="ⲛϭⲓⲛⲟⲉⲙⲓⲛ"/>
		<feat xlink:href="#sSpan2830" value="ⲁⲩⲱ"/>
		<feat xlink:href="#sSpan2835" value="ϩⲣⲟⲩⲑ"/>
		<feat xlink:href="#sSpan2840" value="ⲧⲙⲱⲁⲃⲓⲧⲏⲥ"/>
		<feat xlink:href="#sSpan2847" value="ⲧⲉⲥϣⲉⲗⲉⲉⲧ"/>
		<feat xlink:href="#sSpan2854" value="ⲉⲁⲥⲕⲧⲟⲥ"/>
		<feat xlink:href="#sSpan2866" value="ⲉⲃⲟⲗ"/>
		<feat xlink:href="#sSpan2871" value="ϩⲛⲧⲥⲱϣⲉ"/>
		<feat xlink:href="#sSpan2880" value="ⲙⲙⲱⲁⲃ"/>
		<feat xlink:href="#sSpan2889" value="ⲛⲁⲓ"/>
		<feat xlink:href="#sSpan2894" value="ⲇⲉ"/>
		<feat xlink:href="#sSpan2898" value="ⲁⲩⲉⲓ"/>
		<feat xlink:href="#sSpan2907" value="ⲉϩⲣⲁⲓ"/>
		<feat xlink:href="#sSpan2911" value="ⲉⲃⲏⲑⲗⲉⲉⲙ"/>
		<feat xlink:href="#sSpan2919" value="ϩⲛⲧⲁⲣⲭⲏ"/>
		<feat xlink:href="#sSpan2929" value="ⲙⲡⲱϩⲥ"/>
		<feat xlink:href="#sSpan2938" value="ⲛⲉⲓⲱⲧ"/></featList></paula>