<?xml version='1.0' encoding='UTF-8'?><!DOCTYPE paula SYSTEM "paula_feat.dtd">
<paula version="1.1">
	<header paula_id="scriptorium.shenoute.prince.XH185-194.mark_lang"/>
	<featList xmlns:xlink="http://www.w3.org/1999/xlink" type="lang" xml:base="scriptorium.shenoute.prince.XH185-194.mark.xml">
		<feat xlink:href="#sSpan30" value="Greek"/>
		<feat xlink:href="#sSpan41" value="Greek"/>
		<feat xlink:href="#sSpan82" value="Greek"/>
		<feat xlink:href="#sSpan103" value="Greek"/>
		<feat xlink:href="#sSpan134" value="Greek"/>
		<feat xlink:href="#sSpan153" value="Greek"/>
		<feat xlink:href="#sSpan188" value="Greek"/>
		<feat xlink:href="#sSpan212" value="Greek"/>
		<feat xlink:href="#sSpan260" value="Greek"/>
		<feat xlink:href="#sSpan295" value="Greek"/>
		<feat xlink:href="#sSpan315" value="Greek"/>
		<feat xlink:href="#sSpan365" value="Greek"/>
		<feat xlink:href="#sSpan387" value="Greek"/>
		<feat xlink:href="#sSpan405" value="Greek"/>
		<feat xlink:href="#sSpan412" value="Greek"/>
		<feat xlink:href="#sSpan553" value="Greek"/>
		<feat xlink:href="#sSpan563" value="Greek"/>
		<feat xlink:href="#sSpan653" value="Greek"/>
		<feat xlink:href="#sSpan710" value="Greek"/>
		<feat xlink:href="#sSpan770" value="Greek"/>
		<feat xlink:href="#sSpan833" value="Greek"/>
		<feat xlink:href="#sSpan916" value="Greek"/>
		<feat xlink:href="#sSpan1007" value="Greek"/>
		<feat xlink:href="#sSpan1024" value="Greek"/>
		<feat xlink:href="#sSpan1121" value="Greek"/>
		<feat xlink:href="#sSpan1173" value="Greek"/>
		<feat xlink:href="#sSpan1183" value="Greek"/>
		<feat xlink:href="#sSpan1191" value="Greek"/>
		<feat xlink:href="#sSpan1216" value="Greek"/>
		<feat xlink:href="#sSpan1257" value="Greek"/>
		<feat xlink:href="#sSpan1320" value="Greek"/>
		<feat xlink:href="#sSpan1373" value="Greek"/>
		<feat xlink:href="#sSpan1383" value="Greek"/>
		<feat xlink:href="#sSpan1399" value="Greek"/>
		<feat xlink:href="#sSpan1427" value="Greek"/>
		<feat xlink:href="#sSpan1437" value="Greek"/>
		<feat xlink:href="#sSpan1474" value="Greek"/>
		<feat xlink:href="#sSpan1515" value="Greek"/>
		<feat xlink:href="#sSpan1544" value="Greek"/>
		<feat xlink:href="#sSpan1572" value="Greek"/>
		<feat xlink:href="#sSpan1748" value="Greek"/>
		<feat xlink:href="#sSpan1790" value="Greek"/>
		<feat xlink:href="#sSpan1802" value="Greek"/>
		<feat xlink:href="#sSpan1834" value="Greek"/>
		<feat xlink:href="#sSpan1843" value="Greek"/>
		<feat xlink:href="#sSpan1853" value="Greek"/>
		<feat xlink:href="#sSpan1919" value="Greek"/>
		<feat xlink:href="#sSpan1972" value="Greek"/>
		<feat xlink:href="#sSpan2036" value="Greek"/>
		<feat xlink:href="#sSpan2116" value="Greek"/>
		<feat xlink:href="#sSpan2139" value="Greek"/>
		<feat xlink:href="#sSpan2157" value="Greek"/>
		<feat xlink:href="#sSpan2212" value="Greek"/>
		<feat xlink:href="#sSpan2280" value="Greek"/>
		<feat xlink:href="#sSpan2403" value="Greek"/>
		<feat xlink:href="#sSpan2426" value="Greek"/>
		<feat xlink:href="#sSpan2439" value="Greek"/>
		<feat xlink:href="#sSpan2520" value="Greek"/>
		<feat xlink:href="#sSpan2638" value="Greek"/>
		<feat xlink:href="#sSpan2679" value="Greek"/>
		<feat xlink:href="#sSpan2852" value="Greek"/>
		<feat xlink:href="#sSpan2943" value="Greek"/>
		<feat xlink:href="#sSpan2954" value="Greek"/>
		<feat xlink:href="#sSpan3034" value="Greek"/>
		<feat xlink:href="#sSpan3060" value="Greek"/>
		<feat xlink:href="#sSpan3075" value="Greek"/>
		<feat xlink:href="#sSpan3166" value="Greek"/>
		<feat xlink:href="#sSpan3311" value="Greek"/>
		<feat xlink:href="#sSpan3339" value="Greek"/>
		<feat xlink:href="#sSpan3371" value="Greek"/>
		<feat xlink:href="#sSpan3400" value="Greek"/>
		<feat xlink:href="#sSpan3426" value="Greek"/>
		<feat xlink:href="#sSpan3458" value="Greek"/>
		<feat xlink:href="#sSpan3506" value="Greek"/>
		<feat xlink:href="#sSpan3621" value="Greek"/>
		<feat xlink:href="#sSpan3626" value="Greek"/>
		<feat xlink:href="#sSpan3651" value="Greek"/>
		<feat xlink:href="#sSpan3714" value="Greek"/>
		<feat xlink:href="#sSpan3722" value="Greek"/>
		<feat xlink:href="#sSpan3830" value="Greek"/>
		<feat xlink:href="#sSpan3834" value="Greek"/>
		<feat xlink:href="#sSpan3870" value="Greek"/>
		<feat xlink:href="#sSpan3897" value="Greek"/>
		<feat xlink:href="#sSpan3999" value="Greek"/>
		<feat xlink:href="#sSpan4037" value="Greek"/>
		<feat xlink:href="#sSpan4041" value="Greek"/>
		<feat xlink:href="#sSpan4054" value="Greek"/>
		<feat xlink:href="#sSpan4089" value="Greek"/>
		<feat xlink:href="#sSpan4103" value="Greek"/>
		<feat xlink:href="#sSpan4127" value="Greek"/>
		<feat xlink:href="#sSpan4138" value="Greek"/>
		<feat xlink:href="#sSpan4217" value="Greek"/>
		<feat xlink:href="#sSpan4220" value="Greek"/>
		<feat xlink:href="#sSpan4231" value="Greek"/>
		<feat xlink:href="#sSpan4260" value="Greek"/>
		<feat xlink:href="#sSpan4308" value="Greek"/>
		<feat xlink:href="#sSpan4321" value="Greek"/>
		<feat xlink:href="#sSpan4363" value="Greek"/>
		<feat xlink:href="#sSpan4380" value="Hebrew"/>
		<feat xlink:href="#sSpan4471" value="Greek"/>
		<feat xlink:href="#sSpan4493" value="Greek"/>
		<feat xlink:href="#sSpan4663" value="Greek"/>
		<feat xlink:href="#sSpan4800" value="Greek"/>
		<feat xlink:href="#sSpan4827" value="Greek"/>
		<feat xlink:href="#sSpan4885" value="Greek"/>
		<feat xlink:href="#sSpan4937" value="Greek"/>
		<feat xlink:href="#sSpan5034" value="Greek"/>
		<feat xlink:href="#sSpan5238" value="Greek"/>
		<feat xlink:href="#sSpan5296" value="Greek"/>
		<feat xlink:href="#sSpan5405" value="Greek"/>
		<feat xlink:href="#sSpan5469" value="Greek"/>
		<feat xlink:href="#sSpan5651" value="Greek"/>
		<feat xlink:href="#sSpan5688" value="Greek"/>
		<feat xlink:href="#sSpan5699" value="Greek"/>
		<feat xlink:href="#sSpan5716" value="Greek"/>
		<feat xlink:href="#sSpan5745" value="Greek"/>
		<feat xlink:href="#sSpan5758" value="Greek"/>
		<feat xlink:href="#sSpan5772" value="Greek"/>
		<feat xlink:href="#sSpan5823" value="Greek"/>
		<feat xlink:href="#sSpan5877" value="Greek"/>
		<feat xlink:href="#sSpan5976" value="Greek"/>
		<feat xlink:href="#sSpan6176" value="Greek"/>
		<feat xlink:href="#sSpan6202" value="Greek"/>
		<feat xlink:href="#sSpan6334" value="Greek"/>
		<feat xlink:href="#sSpan6679" value="Greek"/>
		<feat xlink:href="#sSpan6690" value="Greek"/>
		<feat xlink:href="#sSpan6732" value="Greek"/>
		<feat xlink:href="#sSpan6769" value="Greek"/>
		<feat xlink:href="#sSpan6839" value="Greek"/>
		<feat xlink:href="#sSpan6873" value="Greek"/>
		<feat xlink:href="#sSpan6910" value="Greek"/>
		<feat xlink:href="#sSpan7061" value="Greek"/>
		<feat xlink:href="#sSpan7097" value="Greek"/>
		<feat xlink:href="#sSpan7105" value="Greek"/>
		<feat xlink:href="#sSpan7121" value="Greek"/>
		<feat xlink:href="#sSpan7158" value="Greek"/>
		<feat xlink:href="#sSpan7217" value="Greek"/>
		<feat xlink:href="#sSpan7228" value="Greek"/>
		<feat xlink:href="#sSpan7257" value="Greek"/>
		<feat xlink:href="#sSpan7306" value="Greek"/></featList></paula>