<?xml version='1.0' encoding='UTF-8'?><!DOCTYPE paula SYSTEM "paula_feat.dtd">
<paula version="1.1">
	<header paula_id="scriptorium.shenoute.prince.XH185-194.dep_func"/>
	<featList xmlns:xlink="http://www.w3.org/1999/xlink" type="func" xml:base="scriptorium.shenoute.prince.XH185-194.dep.xml">
		<feat xlink:href="#sPointingRel1" value="obl"/>
		<feat xlink:href="#sPointingRel3" value="advmod"/>
		<feat xlink:href="#sPointingRel5" value="cc"/>
		<feat xlink:href="#sPointingRel7" value="obl"/>
		<feat xlink:href="#sPointingRel9" value="nsubj"/>
		<feat xlink:href="#sPointingRel11" value="acl:relcl"/>
		<feat xlink:href="#sPointingRel13" value="cc"/>
		<feat xlink:href="#sPointingRel15" value="obl"/>
		<feat xlink:href="#sPointingRel17" value="advcl"/>
		<feat xlink:href="#sPointingRel19" value="expl"/>
		<feat xlink:href="#sPointingRel21" value="nmod"/>
		<feat xlink:href="#sPointingRel23" value="case"/>
		<feat xlink:href="#sPointingRel25" value="case"/>
		<feat xlink:href="#sPointingRel27" value="obl"/>
		<feat xlink:href="#sPointingRel29" value="advmod"/>
		<feat xlink:href="#sPointingRel31" value="cc"/>
		<feat xlink:href="#sPointingRel33" value="nsubj"/>
		<feat xlink:href="#sPointingRel35" value="det"/>
		<feat xlink:href="#sPointingRel37" value="cc"/>
		<feat xlink:href="#sPointingRel39" value="nmod"/>
		<feat xlink:href="#sPointingRel41" value="obl"/>
		<feat xlink:href="#sPointingRel43" value="conj"/>
		<feat xlink:href="#sPointingRel45" value="det"/>
		<feat xlink:href="#sPointingRel47" value="cc"/>
		<feat xlink:href="#sPointingRel49" value="nsubj"/>
		<feat xlink:href="#sPointingRel51" value="obl"/>
		<feat xlink:href="#sPointingRel53" value="det"/>
		<feat xlink:href="#sPointingRel55" value="acl:relcl"/>
		<feat xlink:href="#sPointingRel57" value="det"/>
		<feat xlink:href="#sPointingRel59" value="obl"/>
		<feat xlink:href="#sPointingRel61" value="nsubj"/>
		<feat xlink:href="#sPointingRel63" value="cc"/>
		<feat xlink:href="#sPointingRel65" value="det"/>
		<feat xlink:href="#sPointingRel67" value="mark"/>
		<feat xlink:href="#sPointingRel69" value="case"/>
		<feat xlink:href="#sPointingRel71" value="acl:relcl"/>
		<feat xlink:href="#sPointingRel73" value="det"/>
		<feat xlink:href="#sPointingRel75" value="dislocated"/>
		<feat xlink:href="#sPointingRel77" value="det"/>
		<feat xlink:href="#sPointingRel79" value="obl"/>
		<feat xlink:href="#sPointingRel81" value="aux"/>
		<feat xlink:href="#sPointingRel83" value="conj"/>
		<feat xlink:href="#sPointingRel85" value="det"/>
		<feat xlink:href="#sPointingRel87" value="acl:relcl"/>
		<feat xlink:href="#sPointingRel89" value="conj"/>
		<feat xlink:href="#sPointingRel91" value="advmod"/>
		<feat xlink:href="#sPointingRel93" value="obj"/>
		<feat xlink:href="#sPointingRel95" value="nsubj"/>
		<feat xlink:href="#sPointingRel97" value="aux"/>
		<feat xlink:href="#sPointingRel99" value="mark"/>
		<feat xlink:href="#sPointingRel101" value="csubj"/>
		<feat xlink:href="#sPointingRel103" value="advmod"/>
		<feat xlink:href="#sPointingRel105" value="case"/>
		<feat xlink:href="#sPointingRel107" value="conj"/>
		<feat xlink:href="#sPointingRel109" value="advcl"/>
		<feat xlink:href="#sPointingRel111" value="nmod"/>
		<feat xlink:href="#sPointingRel113" value="nsubj"/>
		<feat xlink:href="#sPointingRel115" value="det"/>
		<feat xlink:href="#sPointingRel117" value="case"/>
		<feat xlink:href="#sPointingRel119" value="det"/>
		<feat xlink:href="#sPointingRel121" value="advcl"/>
		<feat xlink:href="#sPointingRel123" value="nsubj"/>
		<feat xlink:href="#sPointingRel125" value="dislocated"/>
		<feat xlink:href="#sPointingRel127" value="mark"/>
		<feat xlink:href="#sPointingRel129" value="conj"/>
		<feat xlink:href="#sPointingRel131" value="aux"/>
		<feat xlink:href="#sPointingRel133" value="advcl"/>
		<feat xlink:href="#sPointingRel135" value="mark"/>
		<feat xlink:href="#sPointingRel137" value="mark"/>
		<feat xlink:href="#sPointingRel139" value="nsubj"/>
		<feat xlink:href="#sPointingRel141" value="case"/>
		<feat xlink:href="#sPointingRel143" value="case"/>
		<feat xlink:href="#sPointingRel145" value="nsubj"/>
		<feat xlink:href="#sPointingRel147" value="obj"/>
		<feat xlink:href="#sPointingRel149" value="aux"/>
		<feat xlink:href="#sPointingRel151" value="obl"/>
		<feat xlink:href="#sPointingRel153" value="obl"/>
		<feat xlink:href="#sPointingRel155" value="mark"/>
		<feat xlink:href="#sPointingRel157" value="aux"/>
		<feat xlink:href="#sPointingRel159" value="acl:relcl"/>
		<feat xlink:href="#sPointingRel161" value="nsubj"/>
		<feat xlink:href="#sPointingRel163" value="nsubj"/>
		<feat xlink:href="#sPointingRel165" value="obl"/>
		<feat xlink:href="#sPointingRel167" value="cop"/>
		<feat xlink:href="#sPointingRel169" value="obl"/>
		<feat xlink:href="#sPointingRel171" value="cop"/>
		<feat xlink:href="#sPointingRel173" value="obl"/>
		<feat xlink:href="#sPointingRel175" value="nsubj"/>
		<feat xlink:href="#sPointingRel177" value="advmod"/>
		<feat xlink:href="#sPointingRel179" value="det"/>
		<feat xlink:href="#sPointingRel181" value="dislocated"/>
		<feat xlink:href="#sPointingRel183" value="nmod"/>
		<feat xlink:href="#sPointingRel185" value="ccomp"/>
		<feat xlink:href="#sPointingRel187" value="advcl"/>
		<feat xlink:href="#sPointingRel189" value="dislocated"/>
		<feat xlink:href="#sPointingRel191" value="mark"/>
		<feat xlink:href="#sPointingRel193" value="advmod"/>
		<feat xlink:href="#sPointingRel195" value="case"/>
		<feat xlink:href="#sPointingRel197" value="obl"/>
		<feat xlink:href="#sPointingRel199" value="acl:relcl"/>
		<feat xlink:href="#sPointingRel201" value="case"/>
		<feat xlink:href="#sPointingRel203" value="fixed"/>
		<feat xlink:href="#sPointingRel205" value="case"/>
		<feat xlink:href="#sPointingRel207" value="mark"/>
		<feat xlink:href="#sPointingRel209" value="cc"/>
		<feat xlink:href="#sPointingRel211" value="case"/>
		<feat xlink:href="#sPointingRel213" value="obl"/>
		<feat xlink:href="#sPointingRel215" value="case"/>
		<feat xlink:href="#sPointingRel217" value="nmod"/>
		<feat xlink:href="#sPointingRel219" value="nsubj"/>
		<feat xlink:href="#sPointingRel221" value="nsubj"/>
		<feat xlink:href="#sPointingRel223" value="xcomp"/>
		<feat xlink:href="#sPointingRel225" value="case"/>
		<feat xlink:href="#sPointingRel227" value="advmod"/>
		<feat xlink:href="#sPointingRel229" value="nmod:poss"/>
		<feat xlink:href="#sPointingRel231" value="conj"/>
		<feat xlink:href="#sPointingRel233" value="mark"/>
		<feat xlink:href="#sPointingRel235" value="case"/>
		<feat xlink:href="#sPointingRel237" value="advmod"/>
		<feat xlink:href="#sPointingRel239" value="obl"/>
		<feat xlink:href="#sPointingRel241" value="nsubj"/>
		<feat xlink:href="#sPointingRel243" value="det"/>
		<feat xlink:href="#sPointingRel245" value="mark"/>
		<feat xlink:href="#sPointingRel247" value="vocative"/>
		<feat xlink:href="#sPointingRel249" value="mark"/>
		<feat xlink:href="#sPointingRel251" value="mark"/>
		<feat xlink:href="#sPointingRel253" value="obl"/>
		<feat xlink:href="#sPointingRel255" value="det"/>
		<feat xlink:href="#sPointingRel257" value="nsubj"/>
		<feat xlink:href="#sPointingRel259" value="mark"/>
		<feat xlink:href="#sPointingRel261" value="case"/>
		<feat xlink:href="#sPointingRel263" value="csubj"/>
		<feat xlink:href="#sPointingRel265" value="obl"/>
		<feat xlink:href="#sPointingRel267" value="obj"/>
		<feat xlink:href="#sPointingRel269" value="det"/>
		<feat xlink:href="#sPointingRel271" value="nsubj"/>
		<feat xlink:href="#sPointingRel273" value="nmod"/>
		<feat xlink:href="#sPointingRel275" value="nmod:poss"/>
		<feat xlink:href="#sPointingRel277" value="advcl"/>
		<feat xlink:href="#sPointingRel279" value="case"/>
		<feat xlink:href="#sPointingRel281" value="case"/>
		<feat xlink:href="#sPointingRel283" value="case"/>
		<feat xlink:href="#sPointingRel285" value="case"/>
		<feat xlink:href="#sPointingRel287" value="det"/>
		<feat xlink:href="#sPointingRel289" value="case"/>
		<feat xlink:href="#sPointingRel291" value="discourse"/>
		<feat xlink:href="#sPointingRel293" value="cc"/>
		<feat xlink:href="#sPointingRel295" value="nsubj"/>
		<feat xlink:href="#sPointingRel297" value="advmod"/>
		<feat xlink:href="#sPointingRel299" value="nsubj"/>
		<feat xlink:href="#sPointingRel301" value="advmod"/>
		<feat xlink:href="#sPointingRel303" value="ccomp"/>
		<feat xlink:href="#sPointingRel305" value="det"/>
		<feat xlink:href="#sPointingRel307" value="cc"/>
		<feat xlink:href="#sPointingRel309" value="obl"/>
		<feat xlink:href="#sPointingRel311" value="advmod"/>
		<feat xlink:href="#sPointingRel313" value="obj"/>
		<feat xlink:href="#sPointingRel315" value="aux"/>
		<feat xlink:href="#sPointingRel317" value="case"/>
		<feat xlink:href="#sPointingRel319" value="nmod"/>
		<feat xlink:href="#sPointingRel321" value="obl"/>
		<feat xlink:href="#sPointingRel323" value="case"/>
		<feat xlink:href="#sPointingRel325" value="xcomp"/>
		<feat xlink:href="#sPointingRel327" value="dislocated"/>
		<feat xlink:href="#sPointingRel329" value="obl"/>
		<feat xlink:href="#sPointingRel331" value="case"/>
		<feat xlink:href="#sPointingRel333" value="case"/>
		<feat xlink:href="#sPointingRel335" value="nmod"/>
		<feat xlink:href="#sPointingRel337" value="case"/>
		<feat xlink:href="#sPointingRel339" value="obl"/>
		<feat xlink:href="#sPointingRel341" value="nsubj"/>
		<feat xlink:href="#sPointingRel343" value="det"/>
		<feat xlink:href="#sPointingRel345" value="obl"/>
		<feat xlink:href="#sPointingRel347" value="det"/>
		<feat xlink:href="#sPointingRel349" value="advmod"/>
		<feat xlink:href="#sPointingRel351" value="advcl"/>
		<feat xlink:href="#sPointingRel353" value="case"/>
		<feat xlink:href="#sPointingRel355" value="obl"/>
		<feat xlink:href="#sPointingRel357" value="det"/>
		<feat xlink:href="#sPointingRel359" value="mark"/>
		<feat xlink:href="#sPointingRel361" value="nmod:poss"/>
		<feat xlink:href="#sPointingRel363" value="mark"/>
		<feat xlink:href="#sPointingRel365" value="aux"/>
		<feat xlink:href="#sPointingRel367" value="cop"/>
		<feat xlink:href="#sPointingRel369" value="acl:relcl"/>
		<feat xlink:href="#sPointingRel371" value="dislocated"/>
		<feat xlink:href="#sPointingRel373" value="mark"/>
		<feat xlink:href="#sPointingRel375" value="det"/>
		<feat xlink:href="#sPointingRel377" value="acl:relcl"/>
		<feat xlink:href="#sPointingRel379" value="fixed"/>
		<feat xlink:href="#sPointingRel381" value="advmod"/>
		<feat xlink:href="#sPointingRel383" value="det"/>
		<feat xlink:href="#sPointingRel385" value="mark"/>
		<feat xlink:href="#sPointingRel387" value="conj"/>
		<feat xlink:href="#sPointingRel389" value="advmod"/>
		<feat xlink:href="#sPointingRel391" value="nsubj"/>
		<feat xlink:href="#sPointingRel393" value="mark"/>
		<feat xlink:href="#sPointingRel395" value="csubj"/>
		<feat xlink:href="#sPointingRel397" value="case"/>
		<feat xlink:href="#sPointingRel399" value="det"/>
		<feat xlink:href="#sPointingRel401" value="obl"/>
		<feat xlink:href="#sPointingRel403" value="obl"/>
		<feat xlink:href="#sPointingRel405" value="acl:relcl"/>
		<feat xlink:href="#sPointingRel407" value="mark"/>
		<feat xlink:href="#sPointingRel409" value="advmod"/>
		<feat xlink:href="#sPointingRel411" value="det"/>
		<feat xlink:href="#sPointingRel413" value="nmod:poss"/>
		<feat xlink:href="#sPointingRel415" value="det"/>
		<feat xlink:href="#sPointingRel417" value="nmod:poss"/>
		<feat xlink:href="#sPointingRel419" value="obl"/>
		<feat xlink:href="#sPointingRel421" value="case"/>
		<feat xlink:href="#sPointingRel423" value="case"/>
		<feat xlink:href="#sPointingRel425" value="case"/>
		<feat xlink:href="#sPointingRel427" value="det"/>
		<feat xlink:href="#sPointingRel429" value="nsubj"/>
		<feat xlink:href="#sPointingRel431" value="case"/>
		<feat xlink:href="#sPointingRel433" value="case"/>
		<feat xlink:href="#sPointingRel435" value="mark"/>
		<feat xlink:href="#sPointingRel437" value="acl:relcl"/>
		<feat xlink:href="#sPointingRel439" value="case"/>
		<feat xlink:href="#sPointingRel441" value="nsubj"/>
		<feat xlink:href="#sPointingRel443" value="fixed"/>
		<feat xlink:href="#sPointingRel445" value="case"/>
		<feat xlink:href="#sPointingRel447" value="det"/>
		<feat xlink:href="#sPointingRel449" value="mark"/>
		<feat xlink:href="#sPointingRel451" value="advmod"/>
		<feat xlink:href="#sPointingRel453" value="obl"/>
		<feat xlink:href="#sPointingRel455" value="det"/>
		<feat xlink:href="#sPointingRel457" value="expl"/>
		<feat xlink:href="#sPointingRel459" value="case"/>
		<feat xlink:href="#sPointingRel461" value="case"/>
		<feat xlink:href="#sPointingRel463" value="mark"/>
		<feat xlink:href="#sPointingRel465" value="case"/>
		<feat xlink:href="#sPointingRel467" value="mark"/>
		<feat xlink:href="#sPointingRel469" value="nsubj"/>
		<feat xlink:href="#sPointingRel471" value="det"/>
		<feat xlink:href="#sPointingRel473" value="nsubj"/>
		<feat xlink:href="#sPointingRel475" value="advmod"/>
		<feat xlink:href="#sPointingRel477" value="obj"/>
		<feat xlink:href="#sPointingRel479" value="obl"/>
		<feat xlink:href="#sPointingRel481" value="case"/>
		<feat xlink:href="#sPointingRel483" value="mark"/>
		<feat xlink:href="#sPointingRel485" value="case"/>
		<feat xlink:href="#sPointingRel487" value="case"/>
		<feat xlink:href="#sPointingRel489" value="mark"/>
		<feat xlink:href="#sPointingRel491" value="acl:relcl"/>
		<feat xlink:href="#sPointingRel493" value="det"/>
		<feat xlink:href="#sPointingRel495" value="conj"/>
		<feat xlink:href="#sPointingRel497" value="advmod"/>
		<feat xlink:href="#sPointingRel499" value="advcl"/>
		<feat xlink:href="#sPointingRel501" value="obl"/>
		<feat xlink:href="#sPointingRel503" value="conj"/>
		<feat xlink:href="#sPointingRel505" value="case"/>
		<feat xlink:href="#sPointingRel507" value="cc"/>
		<feat xlink:href="#sPointingRel509" value="advcl"/>
		<feat xlink:href="#sPointingRel511" value="case"/>
		<feat xlink:href="#sPointingRel513" value="acl:relcl"/>
		<feat xlink:href="#sPointingRel515" value="aux"/>
		<feat xlink:href="#sPointingRel517" value="vocative"/>
		<feat xlink:href="#sPointingRel519" value="mark"/>
		<feat xlink:href="#sPointingRel521" value="mark"/>
		<feat xlink:href="#sPointingRel523" value="mark"/>
		<feat xlink:href="#sPointingRel525" value="cop"/>
		<feat xlink:href="#sPointingRel527" value="det"/>
		<feat xlink:href="#sPointingRel529" value="cc"/>
		<feat xlink:href="#sPointingRel531" value="conj"/>
		<feat xlink:href="#sPointingRel533" value="nsubj"/>
		<feat xlink:href="#sPointingRel535" value="conj"/>
		<feat xlink:href="#sPointingRel537" value="acl:relcl"/>
		<feat xlink:href="#sPointingRel539" value="nmod"/>
		<feat xlink:href="#sPointingRel541" value="advmod"/>
		<feat xlink:href="#sPointingRel543" value="case"/>
		<feat xlink:href="#sPointingRel545" value="nsubj"/>
		<feat xlink:href="#sPointingRel547" value="advmod"/>
		<feat xlink:href="#sPointingRel549" value="mark"/>
		<feat xlink:href="#sPointingRel551" value="conj"/>
		<feat xlink:href="#sPointingRel553" value="ccomp"/>
		<feat xlink:href="#sPointingRel555" value="obl:npmod"/>
		<feat xlink:href="#sPointingRel557" value="mark"/>
		<feat xlink:href="#sPointingRel559" value="det"/>
		<feat xlink:href="#sPointingRel561" value="obl"/>
		<feat xlink:href="#sPointingRel563" value="det"/>
		<feat xlink:href="#sPointingRel565" value="conj"/>
		<feat xlink:href="#sPointingRel567" value="nmod"/>
		<feat xlink:href="#sPointingRel569" value="advmod"/>
		<feat xlink:href="#sPointingRel571" value="nmod:poss"/>
		<feat xlink:href="#sPointingRel573" value="nmod"/>
		<feat xlink:href="#sPointingRel575" value="advmod"/>
		<feat xlink:href="#sPointingRel577" value="acl:relcl"/>
		<feat xlink:href="#sPointingRel579" value="xcomp"/>
		<feat xlink:href="#sPointingRel581" value="obl"/>
		<feat xlink:href="#sPointingRel583" value="obl"/>
		<feat xlink:href="#sPointingRel585" value="case"/>
		<feat xlink:href="#sPointingRel587" value="mark"/>
		<feat xlink:href="#sPointingRel589" value="mark"/>
		<feat xlink:href="#sPointingRel591" value="fixed"/>
		<feat xlink:href="#sPointingRel593" value="nmod:poss"/>
		<feat xlink:href="#sPointingRel595" value="acl:relcl"/>
		<feat xlink:href="#sPointingRel597" value="case"/>
		<feat xlink:href="#sPointingRel599" value="acl:relcl"/>
		<feat xlink:href="#sPointingRel601" value="aux"/>
		<feat xlink:href="#sPointingRel603" value="conj"/>
		<feat xlink:href="#sPointingRel605" value="nmod:poss"/>
		<feat xlink:href="#sPointingRel607" value="nsubj"/>
		<feat xlink:href="#sPointingRel609" value="det"/>
		<feat xlink:href="#sPointingRel611" value="obl:npmod"/>
		<feat xlink:href="#sPointingRel613" value="obj"/>
		<feat xlink:href="#sPointingRel615" value="acl:relcl"/>
		<feat xlink:href="#sPointingRel617" value="conj"/>
		<feat xlink:href="#sPointingRel619" value="acl:relcl"/>
		<feat xlink:href="#sPointingRel621" value="case"/>
		<feat xlink:href="#sPointingRel623" value="case"/>
		<feat xlink:href="#sPointingRel625" value="det"/>
		<feat xlink:href="#sPointingRel627" value="obj"/>
		<feat xlink:href="#sPointingRel629" value="advmod"/>
		<feat xlink:href="#sPointingRel631" value="obj"/>
		<feat xlink:href="#sPointingRel633" value="mark"/>
		<feat xlink:href="#sPointingRel635" value="mark"/>
		<feat xlink:href="#sPointingRel637" value="nmod:poss"/>
		<feat xlink:href="#sPointingRel639" value="acl:relcl"/>
		<feat xlink:href="#sPointingRel641" value="conj"/>
		<feat xlink:href="#sPointingRel643" value="mark"/>
		<feat xlink:href="#sPointingRel645" value="mark"/>
		<feat xlink:href="#sPointingRel647" value="xcomp"/>
		<feat xlink:href="#sPointingRel649" value="det"/>
		<feat xlink:href="#sPointingRel651" value="mark"/>
		<feat xlink:href="#sPointingRel653" value="mark"/>
		<feat xlink:href="#sPointingRel655" value="advmod"/>
		<feat xlink:href="#sPointingRel657" value="case"/>
		<feat xlink:href="#sPointingRel659" value="nsubj"/>
		<feat xlink:href="#sPointingRel661" value="cop"/>
		<feat xlink:href="#sPointingRel663" value="conj"/>
		<feat xlink:href="#sPointingRel665" value="nsubj"/>
		<feat xlink:href="#sPointingRel667" value="mark"/>
		<feat xlink:href="#sPointingRel669" value="mark"/>
		<feat xlink:href="#sPointingRel671" value="advcl"/>
		<feat xlink:href="#sPointingRel673" value="case"/>
		<feat xlink:href="#sPointingRel675" value="det"/>
		<feat xlink:href="#sPointingRel677" value="obl"/>
		<feat xlink:href="#sPointingRel679" value="det"/>
		<feat xlink:href="#sPointingRel681" value="cc"/>
		<feat xlink:href="#sPointingRel683" value="case"/>
		<feat xlink:href="#sPointingRel685" value="advmod"/>
		<feat xlink:href="#sPointingRel687" value="cc"/>
		<feat xlink:href="#sPointingRel689" value="nsubj"/>
		<feat xlink:href="#sPointingRel691" value="obj"/>
		<feat xlink:href="#sPointingRel693" value="nsubj"/>
		<feat xlink:href="#sPointingRel695" value="obj"/>
		<feat xlink:href="#sPointingRel697" value="obl"/>
		<feat xlink:href="#sPointingRel699" value="conj"/>
		<feat xlink:href="#sPointingRel701" value="obl"/>
		<feat xlink:href="#sPointingRel703" value="mark"/>
		<feat xlink:href="#sPointingRel705" value="case"/>
		<feat xlink:href="#sPointingRel707" value="case"/>
		<feat xlink:href="#sPointingRel709" value="case"/>
		<feat xlink:href="#sPointingRel711" value="conj"/>
		<feat xlink:href="#sPointingRel713" value="nmod"/>
		<feat xlink:href="#sPointingRel715" value="nsubj"/>
		<feat xlink:href="#sPointingRel717" value="nmod:poss"/>
		<feat xlink:href="#sPointingRel719" value="nmod:poss"/>
		<feat xlink:href="#sPointingRel721" value="case"/>
		<feat xlink:href="#sPointingRel723" value="aux"/>
		<feat xlink:href="#sPointingRel725" value="aux"/>
		<feat xlink:href="#sPointingRel727" value="acl:relcl"/>
		<feat xlink:href="#sPointingRel729" value="mark"/>
		<feat xlink:href="#sPointingRel731" value="obl"/>
		<feat xlink:href="#sPointingRel733" value="case"/>
		<feat xlink:href="#sPointingRel735" value="det"/>
		<feat xlink:href="#sPointingRel737" value="obl"/>
		<feat xlink:href="#sPointingRel739" value="cc"/>
		<feat xlink:href="#sPointingRel741" value="det"/>
		<feat xlink:href="#sPointingRel743" value="fixed"/>
		<feat xlink:href="#sPointingRel745" value="nmod:poss"/>
		<feat xlink:href="#sPointingRel747" value="conj"/>
		<feat xlink:href="#sPointingRel749" value="case"/>
		<feat xlink:href="#sPointingRel751" value="obj"/>
		<feat xlink:href="#sPointingRel753" value="acl:relcl"/>
		<feat xlink:href="#sPointingRel755" value="aux"/>
		<feat xlink:href="#sPointingRel757" value="det"/>
		<feat xlink:href="#sPointingRel759" value="mark"/>
		<feat xlink:href="#sPointingRel761" value="nmod:poss"/>
		<feat xlink:href="#sPointingRel763" value="advmod"/>
		<feat xlink:href="#sPointingRel765" value="det"/>
		<feat xlink:href="#sPointingRel767" value="det"/>
		<feat xlink:href="#sPointingRel769" value="obl"/>
		<feat xlink:href="#sPointingRel771" value="nsubj"/>
		<feat xlink:href="#sPointingRel773" value="conj"/>
		<feat xlink:href="#sPointingRel775" value="nmod"/>
		<feat xlink:href="#sPointingRel777" value="advmod"/>
		<feat xlink:href="#sPointingRel779" value="case"/>
		<feat xlink:href="#sPointingRel781" value="det"/>
		<feat xlink:href="#sPointingRel783" value="obl"/>
		<feat xlink:href="#sPointingRel785" value="advmod"/>
		<feat xlink:href="#sPointingRel787" value="case"/>
		<feat xlink:href="#sPointingRel789" value="case"/>
		<feat xlink:href="#sPointingRel791" value="nsubj"/>
		<feat xlink:href="#sPointingRel793" value="case"/>
		<feat xlink:href="#sPointingRel795" value="case"/>
		<feat xlink:href="#sPointingRel797" value="mark"/>
		<feat xlink:href="#sPointingRel799" value="case"/>
		<feat xlink:href="#sPointingRel801" value="det"/>
		<feat xlink:href="#sPointingRel803" value="iobj"/>
		<feat xlink:href="#sPointingRel805" value="det"/>
		<feat xlink:href="#sPointingRel807" value="ccomp"/>
		<feat xlink:href="#sPointingRel809" value="det"/>
		<feat xlink:href="#sPointingRel811" value="nsubj"/>
		<feat xlink:href="#sPointingRel813" value="mark"/>
		<feat xlink:href="#sPointingRel815" value="xcomp"/>
		<feat xlink:href="#sPointingRel817" value="det"/>
		<feat xlink:href="#sPointingRel819" value="nsubj"/>
		<feat xlink:href="#sPointingRel821" value="nmod:poss"/>
		<feat xlink:href="#sPointingRel823" value="mark"/>
		<feat xlink:href="#sPointingRel825" value="cc"/>
		<feat xlink:href="#sPointingRel827" value="nsubj"/>
		<feat xlink:href="#sPointingRel829" value="obl"/>
		<feat xlink:href="#sPointingRel831" value="mark"/>
		<feat xlink:href="#sPointingRel833" value="obl"/>
		<feat xlink:href="#sPointingRel835" value="case"/>
		<feat xlink:href="#sPointingRel837" value="csubj"/>
		<feat xlink:href="#sPointingRel839" value="case"/>
		<feat xlink:href="#sPointingRel841" value="det"/>
		<feat xlink:href="#sPointingRel843" value="case"/>
		<feat xlink:href="#sPointingRel845" value="nsubj"/>
		<feat xlink:href="#sPointingRel847" value="advcl"/>
		<feat xlink:href="#sPointingRel849" value="case"/>
		<feat xlink:href="#sPointingRel851" value="obj"/>
		<feat xlink:href="#sPointingRel853" value="det"/>
		<feat xlink:href="#sPointingRel855" value="obj"/>
		<feat xlink:href="#sPointingRel857" value="mark"/>
		<feat xlink:href="#sPointingRel859" value="obl"/>
		<feat xlink:href="#sPointingRel861" value="cc"/>
		<feat xlink:href="#sPointingRel863" value="nsubj"/>
		<feat xlink:href="#sPointingRel865" value="case"/>
		<feat xlink:href="#sPointingRel867" value="mark"/>
		<feat xlink:href="#sPointingRel869" value="case"/>
		<feat xlink:href="#sPointingRel871" value="obl"/>
		<feat xlink:href="#sPointingRel873" value="cop"/>
		<feat xlink:href="#sPointingRel875" value="case"/>
		<feat xlink:href="#sPointingRel877" value="xcomp"/>
		<feat xlink:href="#sPointingRel879" value="acl:relcl"/>
		<feat xlink:href="#sPointingRel881" value="case"/>
		<feat xlink:href="#sPointingRel883" value="obj"/>
		<feat xlink:href="#sPointingRel885" value="fixed"/>
		<feat xlink:href="#sPointingRel887" value="obl"/>
		<feat xlink:href="#sPointingRel889" value="nmod:poss"/>
		<feat xlink:href="#sPointingRel891" value="obj"/>
		<feat xlink:href="#sPointingRel893" value="case"/>
		<feat xlink:href="#sPointingRel895" value="acl:relcl"/>
		<feat xlink:href="#sPointingRel897" value="nsubj"/>
		<feat xlink:href="#sPointingRel899" value="cc"/>
		<feat xlink:href="#sPointingRel901" value="nsubj"/>
		<feat xlink:href="#sPointingRel903" value="conj"/>
		<feat xlink:href="#sPointingRel905" value="case"/>
		<feat xlink:href="#sPointingRel907" value="nsubj"/>
		<feat xlink:href="#sPointingRel909" value="acl:relcl"/>
		<feat xlink:href="#sPointingRel911" value="advcl"/>
		<feat xlink:href="#sPointingRel913" value="mark"/>
		<feat xlink:href="#sPointingRel915" value="mark"/>
		<feat xlink:href="#sPointingRel917" value="obl:npmod"/>
		<feat xlink:href="#sPointingRel919" value="advmod"/>
		<feat xlink:href="#sPointingRel921" value="nmod:poss"/>
		<feat xlink:href="#sPointingRel923" value="nsubj"/>
		<feat xlink:href="#sPointingRel925" value="advmod"/>
		<feat xlink:href="#sPointingRel927" value="cc"/>
		<feat xlink:href="#sPointingRel929" value="mark"/>
		<feat xlink:href="#sPointingRel931" value="xcomp"/>
		<feat xlink:href="#sPointingRel933" value="conj"/>
		<feat xlink:href="#sPointingRel935" value="nmod"/>
		<feat xlink:href="#sPointingRel937" value="obl"/>
		<feat xlink:href="#sPointingRel939" value="aux"/>
		<feat xlink:href="#sPointingRel941" value="advmod"/>
		<feat xlink:href="#sPointingRel943" value="mark"/>
		<feat xlink:href="#sPointingRel945" value="nsubj"/>
		<feat xlink:href="#sPointingRel947" value="det"/>
		<feat xlink:href="#sPointingRel949" value="case"/>
		<feat xlink:href="#sPointingRel951" value="obl:npmod"/>
		<feat xlink:href="#sPointingRel953" value="mark"/>
		<feat xlink:href="#sPointingRel955" value="case"/>
		<feat xlink:href="#sPointingRel957" value="obj"/>
		<feat xlink:href="#sPointingRel959" value="advmod"/>
		<feat xlink:href="#sPointingRel961" value="case"/>
		<feat xlink:href="#sPointingRel963" value="mark"/>
		<feat xlink:href="#sPointingRel965" value="nmod"/>
		<feat xlink:href="#sPointingRel967" value="case"/>
		<feat xlink:href="#sPointingRel969" value="nsubj"/>
		<feat xlink:href="#sPointingRel971" value="case"/>
		<feat xlink:href="#sPointingRel973" value="acl:relcl"/>
		<feat xlink:href="#sPointingRel975" value="case"/>
		<feat xlink:href="#sPointingRel977" value="obl"/>
		<feat xlink:href="#sPointingRel979" value="obl"/>
		<feat xlink:href="#sPointingRel981" value="nmod"/>
		<feat xlink:href="#sPointingRel983" value="mark"/>
		<feat xlink:href="#sPointingRel985" value="nsubj"/>
		<feat xlink:href="#sPointingRel987" value="nmod"/>
		<feat xlink:href="#sPointingRel989" value="nmod"/>
		<feat xlink:href="#sPointingRel991" value="nmod"/>
		<feat xlink:href="#sPointingRel993" value="aux"/>
		<feat xlink:href="#sPointingRel995" value="advcl"/>
		<feat xlink:href="#sPointingRel997" value="case"/>
		<feat xlink:href="#sPointingRel999" value="cop"/>
		<feat xlink:href="#sPointingRel1001" value="obl"/>
		<feat xlink:href="#sPointingRel1003" value="cop"/>
		<feat xlink:href="#sPointingRel1005" value="case"/>
		<feat xlink:href="#sPointingRel1007" value="nsubj"/>
		<feat xlink:href="#sPointingRel1009" value="det"/>
		<feat xlink:href="#sPointingRel1011" value="conj"/>
		<feat xlink:href="#sPointingRel1013" value="det"/>
		<feat xlink:href="#sPointingRel1015" value="advcl"/>
		<feat xlink:href="#sPointingRel1017" value="aux"/>
		<feat xlink:href="#sPointingRel1019" value="obl:npmod"/>
		<feat xlink:href="#sPointingRel1021" value="nsubj"/>
		<feat xlink:href="#sPointingRel1023" value="case"/>
		<feat xlink:href="#sPointingRel1025" value="mark"/>
		<feat xlink:href="#sPointingRel1027" value="parataxis"/>
		<feat xlink:href="#sPointingRel1029" value="obl"/>
		<feat xlink:href="#sPointingRel1031" value="case"/>
		<feat xlink:href="#sPointingRel1033" value="xcomp"/>
		<feat xlink:href="#sPointingRel1035" value="cop"/>
		<feat xlink:href="#sPointingRel1037" value="det"/>
		<feat xlink:href="#sPointingRel1039" value="aux"/>
		<feat xlink:href="#sPointingRel1041" value="cc"/>
		<feat xlink:href="#sPointingRel1043" value="case"/>
		<feat xlink:href="#sPointingRel1045" value="mark"/>
		<feat xlink:href="#sPointingRel1047" value="nsubj"/>
		<feat xlink:href="#sPointingRel1049" value="advmod"/>
		<feat xlink:href="#sPointingRel1051" value="obj"/>
		<feat xlink:href="#sPointingRel1053" value="nsubj"/>
		<feat xlink:href="#sPointingRel1055" value="det"/>
		<feat xlink:href="#sPointingRel1057" value="case"/>
		<feat xlink:href="#sPointingRel1059" value="mark"/>
		<feat xlink:href="#sPointingRel1061" value="aux"/>
		<feat xlink:href="#sPointingRel1063" value="mark"/>
		<feat xlink:href="#sPointingRel1065" value="obj"/>
		<feat xlink:href="#sPointingRel1067" value="nsubj"/>
		<feat xlink:href="#sPointingRel1069" value="nsubj"/>
		<feat xlink:href="#sPointingRel1071" value="conj"/>
		<feat xlink:href="#sPointingRel1073" value="case"/>
		<feat xlink:href="#sPointingRel1075" value="mark"/>
		<feat xlink:href="#sPointingRel1077" value="mark"/>
		<feat xlink:href="#sPointingRel1079" value="det"/>
		<feat xlink:href="#sPointingRel1081" value="appos"/>
		<feat xlink:href="#sPointingRel1083" value="advcl"/>
		<feat xlink:href="#sPointingRel1085" value="case"/>
		<feat xlink:href="#sPointingRel1087" value="det"/>
		<feat xlink:href="#sPointingRel1089" value="advcl"/>
		<feat xlink:href="#sPointingRel1091" value="dislocated"/>
		<feat xlink:href="#sPointingRel1093" value="case"/>
		<feat xlink:href="#sPointingRel1095" value="obj"/>
		<feat xlink:href="#sPointingRel1097" value="conj"/>
		<feat xlink:href="#sPointingRel1099" value="obl"/>
		<feat xlink:href="#sPointingRel1101" value="obl:npmod"/>
		<feat xlink:href="#sPointingRel1103" value="obl"/>
		<feat xlink:href="#sPointingRel1105" value="obj"/>
		<feat xlink:href="#sPointingRel1107" value="case"/>
		<feat xlink:href="#sPointingRel1109" value="obl"/>
		<feat xlink:href="#sPointingRel1111" value="obj"/>
		<feat xlink:href="#sPointingRel1113" value="obl:npmod"/>
		<feat xlink:href="#sPointingRel1115" value="cc"/>
		<feat xlink:href="#sPointingRel1117" value="aux"/>
		<feat xlink:href="#sPointingRel1119" value="nsubj"/>
		<feat xlink:href="#sPointingRel1121" value="amod"/>
		<feat xlink:href="#sPointingRel1123" value="obl:npmod"/>
		<feat xlink:href="#sPointingRel1125" value="case"/>
		<feat xlink:href="#sPointingRel1127" value="acl:relcl"/>
		<feat xlink:href="#sPointingRel1129" value="acl:relcl"/>
		<feat xlink:href="#sPointingRel1131" value="conj"/>
		<feat xlink:href="#sPointingRel1133" value="case"/>
		<feat xlink:href="#sPointingRel1135" value="cc"/>
		<feat xlink:href="#sPointingRel1137" value="nsubj"/>
		<feat xlink:href="#sPointingRel1139" value="obj"/>
		<feat xlink:href="#sPointingRel1141" value="conj"/>
		<feat xlink:href="#sPointingRel1143" value="det"/>
		<feat xlink:href="#sPointingRel1145" value="discourse"/>
		<feat xlink:href="#sPointingRel1147" value="nmod"/>
		<feat xlink:href="#sPointingRel1149" value="det"/>
		<feat xlink:href="#sPointingRel1151" value="mark"/>
		<feat xlink:href="#sPointingRel1153" value="cop"/>
		<feat xlink:href="#sPointingRel1155" value="mark"/>
		<feat xlink:href="#sPointingRel1157" value="aux"/>
		<feat xlink:href="#sPointingRel1159" value="nsubj"/>
		<feat xlink:href="#sPointingRel1161" value="iobj"/>
		<feat xlink:href="#sPointingRel1163" value="det"/>
		<feat xlink:href="#sPointingRel1165" value="obl:npmod"/>
		<feat xlink:href="#sPointingRel1167" value="nsubj"/>
		<feat xlink:href="#sPointingRel1169" value="conj"/>
		<feat xlink:href="#sPointingRel1171" value="obl:npmod"/>
		<feat xlink:href="#sPointingRel1173" value="obl"/>
		<feat xlink:href="#sPointingRel1175" value="obl"/>
		<feat xlink:href="#sPointingRel1177" value="aux"/>
		<feat xlink:href="#sPointingRel1179" value="obl"/>
		<feat xlink:href="#sPointingRel1181" value="advmod"/>
		<feat xlink:href="#sPointingRel1183" value="conj"/>
		<feat xlink:href="#sPointingRel1185" value="obl:npmod"/>
		<feat xlink:href="#sPointingRel1187" value="advmod"/>
		<feat xlink:href="#sPointingRel1189" value="obj"/>
		<feat xlink:href="#sPointingRel1191" value="cop"/>
		<feat xlink:href="#sPointingRel1193" value="cc"/>
		<feat xlink:href="#sPointingRel1195" value="cop"/>
		<feat xlink:href="#sPointingRel1197" value="case"/>
		<feat xlink:href="#sPointingRel1199" value="obl"/>
		<feat xlink:href="#sPointingRel1201" value="det"/>
		<feat xlink:href="#sPointingRel1203" value="conj"/>
		<feat xlink:href="#sPointingRel1205" value="mark"/>
		<feat xlink:href="#sPointingRel1207" value="obl"/>
		<feat xlink:href="#sPointingRel1209" value="fixed"/>
		<feat xlink:href="#sPointingRel1211" value="conj"/>
		<feat xlink:href="#sPointingRel1213" value="nsubj"/>
		<feat xlink:href="#sPointingRel1215" value="mark"/>
		<feat xlink:href="#sPointingRel1217" value="nsubj"/>
		<feat xlink:href="#sPointingRel1219" value="nsubj"/>
		<feat xlink:href="#sPointingRel1221" value="ccomp"/>
		<feat xlink:href="#sPointingRel1223" value="mark"/>
		<feat xlink:href="#sPointingRel1225" value="nmod"/>
		<feat xlink:href="#sPointingRel1227" value="mark"/>
		<feat xlink:href="#sPointingRel1229" value="mark"/>
		<feat xlink:href="#sPointingRel1231" value="case"/>
		<feat xlink:href="#sPointingRel1233" value="advmod"/>
		<feat xlink:href="#sPointingRel1235" value="cc"/>
		<feat xlink:href="#sPointingRel1237" value="cop"/>
		<feat xlink:href="#sPointingRel1239" value="det"/>
		<feat xlink:href="#sPointingRel1241" value="case"/>
		<feat xlink:href="#sPointingRel1243" value="obj"/>
		<feat xlink:href="#sPointingRel1245" value="det"/>
		<feat xlink:href="#sPointingRel1247" value="case"/>
		<feat xlink:href="#sPointingRel1249" value="det"/>
		<feat xlink:href="#sPointingRel1251" value="case"/>
		<feat xlink:href="#sPointingRel1253" value="obl"/>
		<feat xlink:href="#sPointingRel1255" value="mark"/>
		<feat xlink:href="#sPointingRel1257" value="case"/>
		<feat xlink:href="#sPointingRel1259" value="det"/>
		<feat xlink:href="#sPointingRel1261" value="advcl"/>
		<feat xlink:href="#sPointingRel1263" value="nsubj"/>
		<feat xlink:href="#sPointingRel1265" value="appos"/>
		<feat xlink:href="#sPointingRel1267" value="nsubj"/>
		<feat xlink:href="#sPointingRel1269" value="conj"/>
		<feat xlink:href="#sPointingRel1271" value="advcl"/>
		<feat xlink:href="#sPointingRel1273" value="obj"/>
		<feat xlink:href="#sPointingRel1275" value="cc"/>
		<feat xlink:href="#sPointingRel1277" value="acl:relcl"/>
		<feat xlink:href="#sPointingRel1279" value="obl:npmod"/>
		<feat xlink:href="#sPointingRel1281" value="det"/>
		<feat xlink:href="#sPointingRel1283" value="cc"/>
		<feat xlink:href="#sPointingRel1285" value="nmod"/>
		<feat xlink:href="#sPointingRel1287" value="det"/>
		<feat xlink:href="#sPointingRel1289" value="case"/>
		<feat xlink:href="#sPointingRel1291" value="obj"/>
		<feat xlink:href="#sPointingRel1293" value="advcl"/>
		<feat xlink:href="#sPointingRel1295" value="obj"/>
		<feat xlink:href="#sPointingRel1297" value="obl"/>
		<feat xlink:href="#sPointingRel1299" value="nmod:poss"/>
		<feat xlink:href="#sPointingRel1301" value="acl:relcl"/>
		<feat xlink:href="#sPointingRel1303" value="aux"/>
		<feat xlink:href="#sPointingRel1305" value="case"/>
		<feat xlink:href="#sPointingRel1307" value="case"/>
		<feat xlink:href="#sPointingRel1309" value="mark"/>
		<feat xlink:href="#sPointingRel1311" value="mark"/>
		<feat xlink:href="#sPointingRel1313" value="mark"/>
		<feat xlink:href="#sPointingRel1315" value="obl"/>
		<feat xlink:href="#sPointingRel1317" value="nsubj"/>
		<feat xlink:href="#sPointingRel1319" value="conj"/>
		<feat xlink:href="#sPointingRel1321" value="obj"/>
		<feat xlink:href="#sPointingRel1323" value="mark"/>
		<feat xlink:href="#sPointingRel1325" value="case"/>
		<feat xlink:href="#sPointingRel1327" value="conj"/>
		<feat xlink:href="#sPointingRel1329" value="case"/>
		<feat xlink:href="#sPointingRel1331" value="obj"/>
		<feat xlink:href="#sPointingRel1333" value="nmod:poss"/>
		<feat xlink:href="#sPointingRel1335" value="conj"/>
		<feat xlink:href="#sPointingRel1337" value="advmod"/>
		<feat xlink:href="#sPointingRel1339" value="case"/>
		<feat xlink:href="#sPointingRel1341" value="det"/>
		<feat xlink:href="#sPointingRel1343" value="obj"/>
		<feat xlink:href="#sPointingRel1345" value="obj"/>
		<feat xlink:href="#sPointingRel1347" value="advmod"/>
		<feat xlink:href="#sPointingRel1349" value="mark"/>
		<feat xlink:href="#sPointingRel1351" value="amod"/>
		<feat xlink:href="#sPointingRel1353" value="obj"/>
		<feat xlink:href="#sPointingRel1355" value="advmod"/>
		<feat xlink:href="#sPointingRel1357" value="det"/>
		<feat xlink:href="#sPointingRel1359" value="mark"/>
		<feat xlink:href="#sPointingRel1361" value="nsubj"/>
		<feat xlink:href="#sPointingRel1363" value="advcl"/>
		<feat xlink:href="#sPointingRel1365" value="aux"/>
		<feat xlink:href="#sPointingRel1367" value="cc"/>
		<feat xlink:href="#sPointingRel1369" value="conj"/>
		<feat xlink:href="#sPointingRel1371" value="det"/>
		<feat xlink:href="#sPointingRel1373" value="case"/>
		<feat xlink:href="#sPointingRel1375" value="obl"/>
		<feat xlink:href="#sPointingRel1377" value="conj"/>
		<feat xlink:href="#sPointingRel1379" value="nsubj"/>
		<feat xlink:href="#sPointingRel1381" value="det"/>
		<feat xlink:href="#sPointingRel1383" value="case"/>
		<feat xlink:href="#sPointingRel1385" value="parataxis"/>
		<feat xlink:href="#sPointingRel1387" value="nmod:poss"/>
		<feat xlink:href="#sPointingRel1389" value="mark"/>
		<feat xlink:href="#sPointingRel1391" value="case"/>
		<feat xlink:href="#sPointingRel1393" value="mark"/>
		<feat xlink:href="#sPointingRel1395" value="nsubj"/>
		<feat xlink:href="#sPointingRel1397" value="nmod"/>
		<feat xlink:href="#sPointingRel1399" value="aux"/>
		<feat xlink:href="#sPointingRel1401" value="case"/>
		<feat xlink:href="#sPointingRel1403" value="det"/>
		<feat xlink:href="#sPointingRel1405" value="cop"/>
		<feat xlink:href="#sPointingRel1407" value="mark"/>
		<feat xlink:href="#sPointingRel1409" value="mark"/>
		<feat xlink:href="#sPointingRel1411" value="obl"/>
		<feat xlink:href="#sPointingRel1413" value="nmod:poss"/>
		<feat xlink:href="#sPointingRel1415" value="det"/>
		<feat xlink:href="#sPointingRel1417" value="dislocated"/>
		<feat xlink:href="#sPointingRel1419" value="nmod:poss"/>
		<feat xlink:href="#sPointingRel1421" value="advmod"/>
		<feat xlink:href="#sPointingRel1423" value="mark"/>
		<feat xlink:href="#sPointingRel1425" value="nsubj"/>
		<feat xlink:href="#sPointingRel1427" value="advmod"/>
		<feat xlink:href="#sPointingRel1429" value="case"/>
		<feat xlink:href="#sPointingRel1431" value="acl:relcl"/>
		<feat xlink:href="#sPointingRel1433" value="cc"/>
		<feat xlink:href="#sPointingRel1435" value="case"/>
		<feat xlink:href="#sPointingRel1437" value="nmod:poss"/>
		<feat xlink:href="#sPointingRel1439" value="mark"/>
		<feat xlink:href="#sPointingRel1441" value="obl"/>
		<feat xlink:href="#sPointingRel1443" value="case"/>
		<feat xlink:href="#sPointingRel1445" value="nsubj"/>
		<feat xlink:href="#sPointingRel1447" value="det"/>
		<feat xlink:href="#sPointingRel1449" value="det"/>
		<feat xlink:href="#sPointingRel1451" value="obj"/>
		<feat xlink:href="#sPointingRel1453" value="nsubj"/>
		<feat xlink:href="#sPointingRel1455" value="conj"/>
		<feat xlink:href="#sPointingRel1457" value="case"/>
		<feat xlink:href="#sPointingRel1459" value="case"/>
		<feat xlink:href="#sPointingRel1461" value="mark"/>
		<feat xlink:href="#sPointingRel1463" value="advmod"/>
		<feat xlink:href="#sPointingRel1465" value="nsubj"/>
		<feat xlink:href="#sPointingRel1467" value="case"/>
		<feat xlink:href="#sPointingRel1469" value="cc"/>
		<feat xlink:href="#sPointingRel1471" value="mark"/>
		<feat xlink:href="#sPointingRel1473" value="cc"/>
		<feat xlink:href="#sPointingRel1475" value="nmod"/>
		<feat xlink:href="#sPointingRel1477" value="nmod:poss"/>
		<feat xlink:href="#sPointingRel1479" value="case"/>
		<feat xlink:href="#sPointingRel1481" value="case"/>
		<feat xlink:href="#sPointingRel1483" value="case"/>
		<feat xlink:href="#sPointingRel1485" value="ccomp"/>
		<feat xlink:href="#sPointingRel1487" value="advcl"/>
		<feat xlink:href="#sPointingRel1489" value="obj"/>
		<feat xlink:href="#sPointingRel1491" value="obl"/>
		<feat xlink:href="#sPointingRel1493" value="case"/>
		<feat xlink:href="#sPointingRel1495" value="advmod"/>
		<feat xlink:href="#sPointingRel1497" value="advmod"/>
		<feat xlink:href="#sPointingRel1499" value="det"/>
		<feat xlink:href="#sPointingRel1501" value="nsubj"/>
		<feat xlink:href="#sPointingRel1503" value="ccomp"/>
		<feat xlink:href="#sPointingRel1505" value="nmod:poss"/>
		<feat xlink:href="#sPointingRel1507" value="nmod:poss"/>
		<feat xlink:href="#sPointingRel1509" value="case"/>
		<feat xlink:href="#sPointingRel1511" value="mark"/>
		<feat xlink:href="#sPointingRel1513" value="nmod:poss"/>
		<feat xlink:href="#sPointingRel1515" value="mark"/>
		<feat xlink:href="#sPointingRel1517" value="advmod"/>
		<feat xlink:href="#sPointingRel1519" value="mark"/>
		<feat xlink:href="#sPointingRel1521" value="nsubj"/>
		<feat xlink:href="#sPointingRel1523" value="obl"/>
		<feat xlink:href="#sPointingRel1525" value="mark"/>
		<feat xlink:href="#sPointingRel1527" value="acl:relcl"/>
		<feat xlink:href="#sPointingRel1529" value="acl:relcl"/>
		<feat xlink:href="#sPointingRel1531" value="case"/>
		<feat xlink:href="#sPointingRel1533" value="cc"/>
		<feat xlink:href="#sPointingRel1535" value="advcl"/>
		<feat xlink:href="#sPointingRel1537" value="nmod"/>
		<feat xlink:href="#sPointingRel1539" value="case"/>
		<feat xlink:href="#sPointingRel1541" value="mark"/>
		<feat xlink:href="#sPointingRel1543" value="nsubj"/>
		<feat xlink:href="#sPointingRel1545" value="case"/>
		<feat xlink:href="#sPointingRel1547" value="obl:npmod"/>
		<feat xlink:href="#sPointingRel1549" value="case"/>
		<feat xlink:href="#sPointingRel1551" value="obj"/>
		<feat xlink:href="#sPointingRel1553" value="conj"/>
		<feat xlink:href="#sPointingRel1555" value="det"/>
		<feat xlink:href="#sPointingRel1557" value="advmod"/>
		<feat xlink:href="#sPointingRel1559" value="nsubj"/>
		<feat xlink:href="#sPointingRel1561" value="xcomp"/>
		<feat xlink:href="#sPointingRel1563" value="det"/>
		<feat xlink:href="#sPointingRel1565" value="nmod"/>
		<feat xlink:href="#sPointingRel1567" value="obl"/>
		<feat xlink:href="#sPointingRel1569" value="xcomp"/>
		<feat xlink:href="#sPointingRel1571" value="det"/>
		<feat xlink:href="#sPointingRel1573" value="conj"/>
		<feat xlink:href="#sPointingRel1575" value="case"/>
		<feat xlink:href="#sPointingRel1577" value="xcomp"/>
		<feat xlink:href="#sPointingRel1579" value="obj"/>
		<feat xlink:href="#sPointingRel1581" value="xcomp"/>
		<feat xlink:href="#sPointingRel1583" value="nmod"/>
		<feat xlink:href="#sPointingRel1585" value="mark"/>
		<feat xlink:href="#sPointingRel1587" value="nsubj"/>
		<feat xlink:href="#sPointingRel1589" value="det"/>
		<feat xlink:href="#sPointingRel1591" value="mark"/>
		<feat xlink:href="#sPointingRel1593" value="mark"/>
		<feat xlink:href="#sPointingRel1595" value="obl"/>
		<feat xlink:href="#sPointingRel1597" value="obj"/>
		<feat xlink:href="#sPointingRel1599" value="mark"/>
		<feat xlink:href="#sPointingRel1601" value="obl"/>
		<feat xlink:href="#sPointingRel1603" value="advmod"/>
		<feat xlink:href="#sPointingRel1605" value="det"/>
		<feat xlink:href="#sPointingRel1607" value="mark"/>
		<feat xlink:href="#sPointingRel1609" value="nsubj"/>
		<feat xlink:href="#sPointingRel1611" value="nmod:poss"/>
		<feat xlink:href="#sPointingRel1613" value="mark"/>
		<feat xlink:href="#sPointingRel1615" value="case"/>
		<feat xlink:href="#sPointingRel1617" value="nsubj"/>
		<feat xlink:href="#sPointingRel1619" value="case"/>
		<feat xlink:href="#sPointingRel1621" value="aux"/>
		<feat xlink:href="#sPointingRel1623" value="nsubj"/>
		<feat xlink:href="#sPointingRel1625" value="aux"/>
		<feat xlink:href="#sPointingRel1627" value="aux"/>
		<feat xlink:href="#sPointingRel1629" value="mark"/>
		<feat xlink:href="#sPointingRel1631" value="case"/>
		<feat xlink:href="#sPointingRel1633" value="case"/>
		<feat xlink:href="#sPointingRel1635" value="det"/>
		<feat xlink:href="#sPointingRel1637" value="obl"/>
		<feat xlink:href="#sPointingRel1639" value="case"/>
		<feat xlink:href="#sPointingRel1641" value="mark"/>
		<feat xlink:href="#sPointingRel1643" value="obj"/>
		<feat xlink:href="#sPointingRel1645" value="acl:relcl"/>
		<feat xlink:href="#sPointingRel1647" value="xcomp"/>
		<feat xlink:href="#sPointingRel1649" value="obl:npmod"/>
		<feat xlink:href="#sPointingRel1651" value="nmod:poss"/>
		<feat xlink:href="#sPointingRel1653" value="case"/>
		<feat xlink:href="#sPointingRel1655" value="conj"/>
		<feat xlink:href="#sPointingRel1657" value="obj"/>
		<feat xlink:href="#sPointingRel1659" value="mark"/>
		<feat xlink:href="#sPointingRel1661" value="obl"/>
		<feat xlink:href="#sPointingRel1663" value="nsubj"/>
		<feat xlink:href="#sPointingRel1665" value="obl"/>
		<feat xlink:href="#sPointingRel1667" value="conj"/>
		<feat xlink:href="#sPointingRel1669" value="obl"/>
		<feat xlink:href="#sPointingRel1671" value="obj"/>
		<feat xlink:href="#sPointingRel1673" value="case"/>
		<feat xlink:href="#sPointingRel1675" value="advcl"/>
		<feat xlink:href="#sPointingRel1677" value="obl"/>
		<feat xlink:href="#sPointingRel1679" value="aux"/>
		<feat xlink:href="#sPointingRel1681" value="obl"/>
		<feat xlink:href="#sPointingRel1683" value="advmod"/>
		<feat xlink:href="#sPointingRel1685" value="acl:relcl"/>
		<feat xlink:href="#sPointingRel1687" value="appos"/>
		<feat xlink:href="#sPointingRel1689" value="appos"/>
		<feat xlink:href="#sPointingRel1691" value="det"/>
		<feat xlink:href="#sPointingRel1693" value="mark"/>
		<feat xlink:href="#sPointingRel1695" value="nmod"/>
		<feat xlink:href="#sPointingRel1697" value="det"/>
		<feat xlink:href="#sPointingRel1699" value="obl"/>
		<feat xlink:href="#sPointingRel1701" value="conj"/>
		<feat xlink:href="#sPointingRel1703" value="mark"/>
		<feat xlink:href="#sPointingRel1705" value="case"/>
		<feat xlink:href="#sPointingRel1707" value="obl"/>
		<feat xlink:href="#sPointingRel1709" value="acl:relcl"/>
		<feat xlink:href="#sPointingRel1711" value="cc"/>
		<feat xlink:href="#sPointingRel1713" value="obl"/>
		<feat xlink:href="#sPointingRel1715" value="advmod"/>
		<feat xlink:href="#sPointingRel1717" value="obl"/>
		<feat xlink:href="#sPointingRel1719" value="obj"/>
		<feat xlink:href="#sPointingRel1721" value="nsubj"/>
		<feat xlink:href="#sPointingRel1723" value="case"/>
		<feat xlink:href="#sPointingRel1725" value="det"/>
		<feat xlink:href="#sPointingRel1727" value="advmod"/>
		<feat xlink:href="#sPointingRel1729" value="cop"/>
		<feat xlink:href="#sPointingRel1731" value="case"/>
		<feat xlink:href="#sPointingRel1733" value="nsubj"/>
		<feat xlink:href="#sPointingRel1735" value="fixed"/>
		<feat xlink:href="#sPointingRel1737" value="cop"/>
		<feat xlink:href="#sPointingRel1739" value="mark"/>
		<feat xlink:href="#sPointingRel1741" value="nmod:poss"/>
		<feat xlink:href="#sPointingRel1743" value="case"/>
		<feat xlink:href="#sPointingRel1745" value="mark"/>
		<feat xlink:href="#sPointingRel1747" value="obj"/>
		<feat xlink:href="#sPointingRel1749" value="aux"/>
		<feat xlink:href="#sPointingRel1751" value="case"/>
		<feat xlink:href="#sPointingRel1753" value="advmod"/>
		<feat xlink:href="#sPointingRel1755" value="aux"/>
		<feat xlink:href="#sPointingRel1757" value="obj"/>
		<feat xlink:href="#sPointingRel1759" value="advcl"/>
		<feat xlink:href="#sPointingRel1761" value="aux"/>
		<feat xlink:href="#sPointingRel1763" value="case"/>
		<feat xlink:href="#sPointingRel1765" value="mark"/>
		<feat xlink:href="#sPointingRel1767" value="advmod"/>
		<feat xlink:href="#sPointingRel1769" value="case"/>
		<feat xlink:href="#sPointingRel1771" value="case"/>
		<feat xlink:href="#sPointingRel1773" value="advmod"/>
		<feat xlink:href="#sPointingRel1775" value="nmod:poss"/>
		<feat xlink:href="#sPointingRel1777" value="nmod"/>
		<feat xlink:href="#sPointingRel1779" value="acl:relcl"/>
		<feat xlink:href="#sPointingRel1781" value="nsubj"/>
		<feat xlink:href="#sPointingRel1783" value="conj"/>
		<feat xlink:href="#sPointingRel1785" value="case"/>
		<feat xlink:href="#sPointingRel1787" value="det"/>
		<feat xlink:href="#sPointingRel1789" value="case"/>
		<feat xlink:href="#sPointingRel1791" value="det"/>
		<feat xlink:href="#sPointingRel1793" value="aux"/>
		<feat xlink:href="#sPointingRel1795" value="aux"/>
		<feat xlink:href="#sPointingRel1797" value="det"/>
		<feat xlink:href="#sPointingRel1799" value="acl:relcl"/>
		<feat xlink:href="#sPointingRel1801" value="case"/>
		<feat xlink:href="#sPointingRel1803" value="mark"/>
		<feat xlink:href="#sPointingRel1805" value="nsubj"/>
		<feat xlink:href="#sPointingRel1807" value="det"/>
		<feat xlink:href="#sPointingRel1809" value="aux"/>
		<feat xlink:href="#sPointingRel1811" value="nsubj"/>
		<feat xlink:href="#sPointingRel1813" value="mark"/>
		<feat xlink:href="#sPointingRel1815" value="obl"/>
		<feat xlink:href="#sPointingRel1817" value="advcl"/>
		<feat xlink:href="#sPointingRel1819" value="advmod"/>
		<feat xlink:href="#sPointingRel1821" value="advcl"/>
		<feat xlink:href="#sPointingRel1823" value="advmod"/>
		<feat xlink:href="#sPointingRel1825" value="case"/>
		<feat xlink:href="#sPointingRel1827" value="det"/>
		<feat xlink:href="#sPointingRel1829" value="acl:relcl"/>
		<feat xlink:href="#sPointingRel1831" value="acl:relcl"/>
		<feat xlink:href="#sPointingRel1833" value="nsubj"/>
		<feat xlink:href="#sPointingRel1835" value="acl:relcl"/>
		<feat xlink:href="#sPointingRel1837" value="nsubj"/>
		<feat xlink:href="#sPointingRel1839" value="case"/>
		<feat xlink:href="#sPointingRel1841" value="conj"/>
		<feat xlink:href="#sPointingRel1843" value="nsubj"/>
		<feat xlink:href="#sPointingRel1845" value="det"/>
		<feat xlink:href="#sPointingRel1847" value="nsubj"/>
		<feat xlink:href="#sPointingRel1849" value="mark"/>
		<feat xlink:href="#sPointingRel1851" value="nsubj"/>
		<feat xlink:href="#sPointingRel1853" value="ccomp"/>
		<feat xlink:href="#sPointingRel1855" value="det"/>
		<feat xlink:href="#sPointingRel1857" value="ccomp"/>
		<feat xlink:href="#sPointingRel1859" value="obj"/>
		<feat xlink:href="#sPointingRel1861" value="conj"/>
		<feat xlink:href="#sPointingRel1863" value="cc"/>
		<feat xlink:href="#sPointingRel1865" value="cc"/>
		<feat xlink:href="#sPointingRel1867" value="det"/>
		<feat xlink:href="#sPointingRel1869" value="nmod"/>
		<feat xlink:href="#sPointingRel1871" value="case"/>
		<feat xlink:href="#sPointingRel1873" value="nsubj"/>
		<feat xlink:href="#sPointingRel1875" value="det"/>
		<feat xlink:href="#sPointingRel1877" value="case"/>
		<feat xlink:href="#sPointingRel1879" value="obl"/>
		<feat xlink:href="#sPointingRel1881" value="case"/>
		<feat xlink:href="#sPointingRel1883" value="advcl"/>
		<feat xlink:href="#sPointingRel1885" value="cc"/>
		<feat xlink:href="#sPointingRel1887" value="nsubj"/>
		<feat xlink:href="#sPointingRel1889" value="det"/>
		<feat xlink:href="#sPointingRel1891" value="advmod"/>
		<feat xlink:href="#sPointingRel1893" value="mark"/>
		<feat xlink:href="#sPointingRel1895" value="case"/>
		<feat xlink:href="#sPointingRel1897" value="nsubj"/>
		<feat xlink:href="#sPointingRel1899" value="aux"/>
		<feat xlink:href="#sPointingRel1901" value="advmod"/>
		<feat xlink:href="#sPointingRel1903" value="advmod"/>
		<feat xlink:href="#sPointingRel1905" value="obl"/>
		<feat xlink:href="#sPointingRel1907" value="nmod:poss"/>
		<feat xlink:href="#sPointingRel1909" value="aux"/>
		<feat xlink:href="#sPointingRel1911" value="obl"/>
		<feat xlink:href="#sPointingRel1913" value="det"/>
		<feat xlink:href="#sPointingRel1915" value="obl"/>
		<feat xlink:href="#sPointingRel1917" value="advmod"/>
		<feat xlink:href="#sPointingRel1919" value="nmod"/>
		<feat xlink:href="#sPointingRel1921" value="nsubj"/>
		<feat xlink:href="#sPointingRel1923" value="case"/>
		<feat xlink:href="#sPointingRel1925" value="obj"/>
		<feat xlink:href="#sPointingRel1927" value="case"/>
		<feat xlink:href="#sPointingRel1929" value="mark"/>
		<feat xlink:href="#sPointingRel1931" value="cop"/>
		<feat xlink:href="#sPointingRel1933" value="mark"/>
		<feat xlink:href="#sPointingRel1935" value="ccomp"/>
		<feat xlink:href="#sPointingRel1937" value="case"/>
		<feat xlink:href="#sPointingRel1939" value="iobj"/>
		<feat xlink:href="#sPointingRel1941" value="det"/>
		<feat xlink:href="#sPointingRel1943" value="aux"/>
		<feat xlink:href="#sPointingRel1945" value="case"/>
		<feat xlink:href="#sPointingRel1947" value="advmod"/>
		<feat xlink:href="#sPointingRel1949" value="dislocated"/>
		<feat xlink:href="#sPointingRel1951" value="aux"/>
		<feat xlink:href="#sPointingRel1953" value="obl"/>
		<feat xlink:href="#sPointingRel1955" value="mark"/>
		<feat xlink:href="#sPointingRel1957" value="acl:relcl"/>
		<feat xlink:href="#sPointingRel1959" value="nsubj"/>
		<feat xlink:href="#sPointingRel1961" value="nsubj"/>
		<feat xlink:href="#sPointingRel1963" value="advcl"/>
		<feat xlink:href="#sPointingRel1965" value="obl"/>
		<feat xlink:href="#sPointingRel1967" value="advmod"/>
		<feat xlink:href="#sPointingRel1969" value="nsubj"/>
		<feat xlink:href="#sPointingRel1971" value="obj"/>
		<feat xlink:href="#sPointingRel1973" value="nsubj"/>
		<feat xlink:href="#sPointingRel1975" value="mark"/>
		<feat xlink:href="#sPointingRel1977" value="nmod"/>
		<feat xlink:href="#sPointingRel1979" value="obl:npmod"/>
		<feat xlink:href="#sPointingRel1981" value="nsubj"/>
		<feat xlink:href="#sPointingRel1983" value="cc"/>
		<feat xlink:href="#sPointingRel1985" value="mark"/>
		<feat xlink:href="#sPointingRel1987" value="det"/>
		<feat xlink:href="#sPointingRel1989" value="mark"/>
		<feat xlink:href="#sPointingRel1991" value="nsubj"/>
		<feat xlink:href="#sPointingRel1993" value="det"/>
		<feat xlink:href="#sPointingRel1995" value="case"/>
		<feat xlink:href="#sPointingRel1997" value="nmod:poss"/>
		<feat xlink:href="#sPointingRel1999" value="mark"/>
		<feat xlink:href="#sPointingRel2001" value="advmod"/>
		<feat xlink:href="#sPointingRel2003" value="case"/>
		<feat xlink:href="#sPointingRel2005" value="ccomp"/>
		<feat xlink:href="#sPointingRel2007" value="nsubj"/>
		<feat xlink:href="#sPointingRel2009" value="nmod"/>
		<feat xlink:href="#sPointingRel2011" value="nsubj"/>
		<feat xlink:href="#sPointingRel2013" value="nsubj"/>
		<feat xlink:href="#sPointingRel2015" value="nmod:poss"/>
		<feat xlink:href="#sPointingRel2017" value="mark"/>
		<feat xlink:href="#sPointingRel2019" value="nsubj"/>
		<feat xlink:href="#sPointingRel2021" value="fixed"/>
		<feat xlink:href="#sPointingRel2023" value="advcl"/>
		<feat xlink:href="#sPointingRel2025" value="mark"/>
		<feat xlink:href="#sPointingRel2027" value="advmod"/>
		<feat xlink:href="#sPointingRel2029" value="nmod"/>
		<feat xlink:href="#sPointingRel2031" value="obl"/>
		<feat xlink:href="#sPointingRel2033" value="det"/>
		<feat xlink:href="#sPointingRel2035" value="nsubj"/>
		<feat xlink:href="#sPointingRel2037" value="nsubj"/>
		<feat xlink:href="#sPointingRel2039" value="case"/>
		<feat xlink:href="#sPointingRel2041" value="case"/>
		<feat xlink:href="#sPointingRel2043" value="obl"/>
		<feat xlink:href="#sPointingRel2045" value="aux"/>
		<feat xlink:href="#sPointingRel2047" value="obl"/>
		<feat xlink:href="#sPointingRel2049" value="case"/>
		<feat xlink:href="#sPointingRel2051" value="case"/>
		<feat xlink:href="#sPointingRel2053" value="nsubj"/>
		<feat xlink:href="#sPointingRel2055" value="obl"/>
		<feat xlink:href="#sPointingRel2057" value="case"/>
		<feat xlink:href="#sPointingRel2059" value="det"/>
		<feat xlink:href="#sPointingRel2061" value="obj"/>
		<feat xlink:href="#sPointingRel2063" value="nmod:poss"/>
		<feat xlink:href="#sPointingRel2065" value="cc"/>
		<feat xlink:href="#sPointingRel2067" value="parataxis"/>
		<feat xlink:href="#sPointingRel2069" value="case"/>
		<feat xlink:href="#sPointingRel2071" value="acl:relcl"/>
		<feat xlink:href="#sPointingRel2073" value="advmod"/>
		<feat xlink:href="#sPointingRel2075" value="case"/>
		<feat xlink:href="#sPointingRel2077" value="advmod"/>
		<feat xlink:href="#sPointingRel2079" value="aux"/>
		<feat xlink:href="#sPointingRel2081" value="advmod"/>
		<feat xlink:href="#sPointingRel2083" value="mark"/>
		<feat xlink:href="#sPointingRel2085" value="nsubj"/>
		<feat xlink:href="#sPointingRel2087" value="case"/>
		<feat xlink:href="#sPointingRel2089" value="nmod"/>
		<feat xlink:href="#sPointingRel2091" value="det"/>
		<feat xlink:href="#sPointingRel2093" value="cop"/>
		<feat xlink:href="#sPointingRel2095" value="obj"/>
		<feat xlink:href="#sPointingRel2097" value="cc"/>
		<feat xlink:href="#sPointingRel2099" value="nsubj"/>
		<feat xlink:href="#sPointingRel2101" value="aux"/>
		<feat xlink:href="#sPointingRel2103" value="mark"/>
		<feat xlink:href="#sPointingRel2105" value="mark"/>
		<feat xlink:href="#sPointingRel2107" value="obj"/>
		<feat xlink:href="#sPointingRel2109" value="acl:relcl"/>
		<feat xlink:href="#sPointingRel2111" value="aux"/>
		<feat xlink:href="#sPointingRel2113" value="obl"/>
		<feat xlink:href="#sPointingRel2115" value="conj"/>
		<feat xlink:href="#sPointingRel2117" value="case"/>
		<feat xlink:href="#sPointingRel2119" value="csubj"/>
		<feat xlink:href="#sPointingRel2121" value="mark"/>
		<feat xlink:href="#sPointingRel2123" value="nmod"/>
		<feat xlink:href="#sPointingRel2125" value="advmod"/>
		<feat xlink:href="#sPointingRel2127" value="obl"/>
		<feat xlink:href="#sPointingRel2129" value="aux"/>
		<feat xlink:href="#sPointingRel2131" value="obl"/>
		<feat xlink:href="#sPointingRel2133" value="nsubj"/>
		<feat xlink:href="#sPointingRel2135" value="nsubj"/>
		<feat xlink:href="#sPointingRel2137" value="mark"/>
		<feat xlink:href="#sPointingRel2139" value="case"/>
		<feat xlink:href="#sPointingRel2141" value="cop"/>
		<feat xlink:href="#sPointingRel2143" value="advmod"/>
		<feat xlink:href="#sPointingRel2145" value="nmod"/>
		<feat xlink:href="#sPointingRel2147" value="xcomp"/>
		<feat xlink:href="#sPointingRel2149" value="obl"/>
		<feat xlink:href="#sPointingRel2151" value="cop"/>
		<feat xlink:href="#sPointingRel2153" value="nmod"/>
		<feat xlink:href="#sPointingRel2155" value="nmod:poss"/>
		<feat xlink:href="#sPointingRel2157" value="fixed"/>
		<feat xlink:href="#sPointingRel2159" value="case"/>
		<feat xlink:href="#sPointingRel2161" value="nsubj"/>
		<feat xlink:href="#sPointingRel2163" value="obl"/>
		<feat xlink:href="#sPointingRel2165" value="aux"/>
		<feat xlink:href="#sPointingRel2167" value="fixed"/>
		<feat xlink:href="#sPointingRel2169" value="nsubj"/>
		<feat xlink:href="#sPointingRel2171" value="det"/>
		<feat xlink:href="#sPointingRel2173" value="case"/>
		<feat xlink:href="#sPointingRel2175" value="obl"/>
		<feat xlink:href="#sPointingRel2177" value="mark"/>
		<feat xlink:href="#sPointingRel2179" value="mark"/>
		<feat xlink:href="#sPointingRel2181" value="conj"/>
		<feat xlink:href="#sPointingRel2183" value="nmod:poss"/>
		<feat xlink:href="#sPointingRel2185" value="aux"/>
		<feat xlink:href="#sPointingRel2187" value="obl"/>
		<feat xlink:href="#sPointingRel2189" value="acl:relcl"/>
		<feat xlink:href="#sPointingRel2191" value="case"/>
		<feat xlink:href="#sPointingRel2193" value="cc"/>
		<feat xlink:href="#sPointingRel2195" value="case"/>
		<feat xlink:href="#sPointingRel2197" value="obl"/>
		<feat xlink:href="#sPointingRel2199" value="nsubj"/>
		<feat xlink:href="#sPointingRel2201" value="det"/>
		<feat xlink:href="#sPointingRel2203" value="nmod"/>
		<feat xlink:href="#sPointingRel2205" value="aux"/>
		<feat xlink:href="#sPointingRel2207" value="det"/>
		<feat xlink:href="#sPointingRel2209" value="det"/>
		<feat xlink:href="#sPointingRel2211" value="nmod:poss"/>
		<feat xlink:href="#sPointingRel2213" value="obl"/>
		<feat xlink:href="#sPointingRel2215" value="obl"/>
		<feat xlink:href="#sPointingRel2217" value="case"/>
		<feat xlink:href="#sPointingRel2219" value="det"/>
		<feat xlink:href="#sPointingRel2221" value="obl"/>
		<feat xlink:href="#sPointingRel2223" value="case"/>
		<feat xlink:href="#sPointingRel2225" value="nsubj"/>
		<feat xlink:href="#sPointingRel2227" value="mark"/>
		<feat xlink:href="#sPointingRel2229" value="aux"/>
		<feat xlink:href="#sPointingRel2231" value="advcl"/>
		<feat xlink:href="#sPointingRel2233" value="obj"/>
		<feat xlink:href="#sPointingRel2235" value="case"/>
		<feat xlink:href="#sPointingRel2237" value="case"/>
		<feat xlink:href="#sPointingRel2239" value="mark"/>
		<feat xlink:href="#sPointingRel2241" value="obl"/>
		<feat xlink:href="#sPointingRel2243" value="nsubj"/>
		<feat xlink:href="#sPointingRel2245" value="mark"/>
		<feat xlink:href="#sPointingRel2247" value="advmod"/>
		<feat xlink:href="#sPointingRel2249" value="conj"/>
		<feat xlink:href="#sPointingRel2251" value="mark"/>
		<feat xlink:href="#sPointingRel2253" value="nmod"/>
		<feat xlink:href="#sPointingRel2255" value="case"/>
		<feat xlink:href="#sPointingRel2257" value="obl"/>
		<feat xlink:href="#sPointingRel2259" value="obl"/>
		<feat xlink:href="#sPointingRel2261" value="nmod"/>
		<feat xlink:href="#sPointingRel2263" value="nsubj"/>
		<feat xlink:href="#sPointingRel2265" value="acl:relcl"/>
		<feat xlink:href="#sPointingRel2267" value="nmod:poss"/>
		<feat xlink:href="#sPointingRel2269" value="nmod:poss"/>
		<feat xlink:href="#sPointingRel2271" value="advcl"/>
		<feat xlink:href="#sPointingRel2273" value="conj"/>
		<feat xlink:href="#sPointingRel2275" value="conj"/>
		<feat xlink:href="#sPointingRel2277" value="mark"/>
		<feat xlink:href="#sPointingRel2279" value="mark"/>
		<feat xlink:href="#sPointingRel2281" value="acl:relcl"/>
		<feat xlink:href="#sPointingRel2283" value="nmod:poss"/>
		<feat xlink:href="#sPointingRel2285" value="obj"/>
		<feat xlink:href="#sPointingRel2287" value="obl:npmod"/>
		<feat xlink:href="#sPointingRel2289" value="conj"/>
		<feat xlink:href="#sPointingRel2291" value="obl"/>
		<feat xlink:href="#sPointingRel2293" value="nsubj"/>
		<feat xlink:href="#sPointingRel2295" value="det"/>
		<feat xlink:href="#sPointingRel2297" value="case"/>
		<feat xlink:href="#sPointingRel2299" value="det"/>
		<feat xlink:href="#sPointingRel2301" value="ccomp"/>
		<feat xlink:href="#sPointingRel2303" value="case"/>
		<feat xlink:href="#sPointingRel2305" value="case"/>
		<feat xlink:href="#sPointingRel2307" value="det"/>
		<feat xlink:href="#sPointingRel2309" value="advmod"/>
		<feat xlink:href="#sPointingRel2311" value="det"/>
		<feat xlink:href="#sPointingRel2313" value="cop"/>
		<feat xlink:href="#sPointingRel2315" value="aux"/>
		<feat xlink:href="#sPointingRel2317" value="nsubj"/>
		<feat xlink:href="#sPointingRel2319" value="acl:relcl"/>
		<feat xlink:href="#sPointingRel2321" value="nmod"/>
		<feat xlink:href="#sPointingRel2323" value="cc"/>
		<feat xlink:href="#sPointingRel2325" value="nmod:poss"/>
		<feat xlink:href="#sPointingRel2327" value="obj"/>
		<feat xlink:href="#sPointingRel2329" value="cop"/>
		<feat xlink:href="#sPointingRel2331" value="obl"/>
		<feat xlink:href="#sPointingRel2333" value="obj"/>
		<feat xlink:href="#sPointingRel2335" value="nmod"/>
		<feat xlink:href="#sPointingRel2337" value="case"/>
		<feat xlink:href="#sPointingRel2339" value="obj"/>
		<feat xlink:href="#sPointingRel2341" value="aux"/>
		<feat xlink:href="#sPointingRel2343" value="det"/>
		<feat xlink:href="#sPointingRel2345" value="xcomp"/>
		<feat xlink:href="#sPointingRel2347" value="case"/>
		<feat xlink:href="#sPointingRel2349" value="nmod"/>
		<feat xlink:href="#sPointingRel2351" value="obl"/>
		<feat xlink:href="#sPointingRel2353" value="nmod"/>
		<feat xlink:href="#sPointingRel2355" value="nsubj"/>
		<feat xlink:href="#sPointingRel2357" value="case"/>
		<feat xlink:href="#sPointingRel2359" value="aux"/>
		<feat xlink:href="#sPointingRel2361" value="nsubj"/>
		<feat xlink:href="#sPointingRel2363" value="conj"/>
		<feat xlink:href="#sPointingRel2365" value="xcomp"/>
		<feat xlink:href="#sPointingRel2367" value="det"/>
		<feat xlink:href="#sPointingRel2369" value="case"/>
		<feat xlink:href="#sPointingRel2371" value="det"/>
		<feat xlink:href="#sPointingRel2373" value="case"/>
		<feat xlink:href="#sPointingRel2375" value="det"/>
		<feat xlink:href="#sPointingRel2377" value="obj"/>
		<feat xlink:href="#sPointingRel2379" value="acl:relcl"/>
		<feat xlink:href="#sPointingRel2381" value="case"/>
		<feat xlink:href="#sPointingRel2383" value="nmod:poss"/>
		<feat xlink:href="#sPointingRel2385" value="nsubj"/>
		<feat xlink:href="#sPointingRel2387" value="mark"/>
		<feat xlink:href="#sPointingRel2389" value="acl:relcl"/>
		<feat xlink:href="#sPointingRel2391" value="nsubj"/>
		<feat xlink:href="#sPointingRel2393" value="case"/>
		<feat xlink:href="#sPointingRel2395" value="aux"/>
		<feat xlink:href="#sPointingRel2397" value="case"/>
		<feat xlink:href="#sPointingRel2399" value="advcl"/>
		<feat xlink:href="#sPointingRel2401" value="case"/>
		<feat xlink:href="#sPointingRel2403" value="acl:relcl"/>
		<feat xlink:href="#sPointingRel2405" value="obl"/>
		<feat xlink:href="#sPointingRel2407" value="nmod"/>
		<feat xlink:href="#sPointingRel2409" value="acl:relcl"/>
		<feat xlink:href="#sPointingRel2411" value="nmod:poss"/>
		<feat xlink:href="#sPointingRel2413" value="nsubj"/>
		<feat xlink:href="#sPointingRel2415" value="nsubj"/>
		<feat xlink:href="#sPointingRel2417" value="vocative"/>
		<feat xlink:href="#sPointingRel2419" value="advmod"/>
		<feat xlink:href="#sPointingRel2421" value="advmod"/>
		<feat xlink:href="#sPointingRel2423" value="nsubj"/>
		<feat xlink:href="#sPointingRel2425" value="obl"/>
		<feat xlink:href="#sPointingRel2427" value="conj"/>
		<feat xlink:href="#sPointingRel2429" value="mark"/>
		<feat xlink:href="#sPointingRel2431" value="obl"/>
		<feat xlink:href="#sPointingRel2433" value="case"/>
		<feat xlink:href="#sPointingRel2435" value="obl"/>
		<feat xlink:href="#sPointingRel2437" value="aux"/>
		<feat xlink:href="#sPointingRel2439" value="expl"/>
		<feat xlink:href="#sPointingRel2441" value="mark"/>
		<feat xlink:href="#sPointingRel2443" value="nsubj"/>
		<feat xlink:href="#sPointingRel2445" value="nmod"/>
		<feat xlink:href="#sPointingRel2447" value="case"/>
		<feat xlink:href="#sPointingRel2449" value="mark"/>
		<feat xlink:href="#sPointingRel2451" value="nmod:poss"/>
		<feat xlink:href="#sPointingRel2453" value="obj"/>
		<feat xlink:href="#sPointingRel2455" value="ccomp"/>
		<feat xlink:href="#sPointingRel2457" value="case"/>
		<feat xlink:href="#sPointingRel2459" value="aux"/>
		<feat xlink:href="#sPointingRel2461" value="case"/>
		<feat xlink:href="#sPointingRel2463" value="case"/>
		<feat xlink:href="#sPointingRel2465" value="ccomp"/>
		<feat xlink:href="#sPointingRel2467" value="nsubj"/>
		<feat xlink:href="#sPointingRel2469" value="det"/>
		<feat xlink:href="#sPointingRel2471" value="cc"/>
		<feat xlink:href="#sPointingRel2473" value="mark"/>
		<feat xlink:href="#sPointingRel2475" value="case"/>
		<feat xlink:href="#sPointingRel2477" value="det"/>
		<feat xlink:href="#sPointingRel2479" value="acl:relcl"/>
		<feat xlink:href="#sPointingRel2481" value="obl"/>
		<feat xlink:href="#sPointingRel2483" value="nmod"/>
		<feat xlink:href="#sPointingRel2485" value="advmod"/>
		<feat xlink:href="#sPointingRel2487" value="mark"/>
		<feat xlink:href="#sPointingRel2489" value="mark"/>
		<feat xlink:href="#sPointingRel2491" value="advmod"/>
		<feat xlink:href="#sPointingRel2493" value="mark"/>
		<feat xlink:href="#sPointingRel2495" value="nsubj"/>
		<feat xlink:href="#sPointingRel2497" value="case"/>
		<feat xlink:href="#sPointingRel2499" value="acl:relcl"/>
		<feat xlink:href="#sPointingRel2501" value="nsubj"/>
		<feat xlink:href="#sPointingRel2503" value="nmod:poss"/>
		<feat xlink:href="#sPointingRel2505" value="conj"/>
		<feat xlink:href="#sPointingRel2507" value="det"/>
		<feat xlink:href="#sPointingRel2509" value="case"/>
		<feat xlink:href="#sPointingRel2511" value="cc"/>
		<feat xlink:href="#sPointingRel2513" value="advmod"/>
		<feat xlink:href="#sPointingRel2515" value="aux"/>
		<feat xlink:href="#sPointingRel2517" value="advmod"/>
		<feat xlink:href="#sPointingRel2519" value="advmod"/>
		<feat xlink:href="#sPointingRel2521" value="advmod"/>
		<feat xlink:href="#sPointingRel2523" value="aux"/>
		<feat xlink:href="#sPointingRel2525" value="aux"/>
		<feat xlink:href="#sPointingRel2527" value="case"/>
		<feat xlink:href="#sPointingRel2529" value="nsubj"/>
		<feat xlink:href="#sPointingRel2531" value="obl"/>
		<feat xlink:href="#sPointingRel2533" value="mark"/>
		<feat xlink:href="#sPointingRel2535" value="aux"/>
		<feat xlink:href="#sPointingRel2537" value="mark"/>
		<feat xlink:href="#sPointingRel2539" value="case"/>
		<feat xlink:href="#sPointingRel2541" value="aux"/>
		<feat xlink:href="#sPointingRel2543" value="obj"/>
		<feat xlink:href="#sPointingRel2545" value="det"/>
		<feat xlink:href="#sPointingRel2547" value="obl"/>
		<feat xlink:href="#sPointingRel2549" value="mark"/>
		<feat xlink:href="#sPointingRel2551" value="obj"/>
		<feat xlink:href="#sPointingRel2553" value="advcl"/>
		<feat xlink:href="#sPointingRel2555" value="nsubj"/>
		<feat xlink:href="#sPointingRel2557" value="case"/>
		<feat xlink:href="#sPointingRel2559" value="det"/>
		<feat xlink:href="#sPointingRel2561" value="det"/>
		<feat xlink:href="#sPointingRel2563" value="dislocated"/>
		<feat xlink:href="#sPointingRel2565" value="case"/>
		<feat xlink:href="#sPointingRel2567" value="obj"/>
		<feat xlink:href="#sPointingRel2569" value="cc"/>
		<feat xlink:href="#sPointingRel2571" value="nmod:poss"/>
		<feat xlink:href="#sPointingRel2573" value="parataxis"/>
		<feat xlink:href="#sPointingRel2575" value="discourse"/>
		<feat xlink:href="#sPointingRel2577" value="obl"/>
		<feat xlink:href="#sPointingRel2579" value="nsubj"/>
		<feat xlink:href="#sPointingRel2581" value="advcl"/>
		<feat xlink:href="#sPointingRel2583" value="obj"/>
		<feat xlink:href="#sPointingRel2585" value="nsubj"/>
		<feat xlink:href="#sPointingRel2587" value="acl:relcl"/>
		<feat xlink:href="#sPointingRel2589" value="aux"/>
		<feat xlink:href="#sPointingRel2591" value="mark"/>
		<feat xlink:href="#sPointingRel2593" value="cc"/>
		<feat xlink:href="#sPointingRel2595" value="case"/>
		<feat xlink:href="#sPointingRel2597" value="cc"/>
		<feat xlink:href="#sPointingRel2599" value="advmod"/>
		<feat xlink:href="#sPointingRel2601" value="case"/>
		<feat xlink:href="#sPointingRel2603" value="acl:relcl"/>
		<feat xlink:href="#sPointingRel2605" value="nsubj"/>
		<feat xlink:href="#sPointingRel2607" value="det"/>
		<feat xlink:href="#sPointingRel2609" value="nmod:poss"/>
		<feat xlink:href="#sPointingRel2611" value="advmod"/>
		<feat xlink:href="#sPointingRel2613" value="conj"/>
		<feat xlink:href="#sPointingRel2615" value="det"/>
		<feat xlink:href="#sPointingRel2617" value="acl:relcl"/>
		<feat xlink:href="#sPointingRel2619" value="aux"/>
		<feat xlink:href="#sPointingRel2621" value="det"/>
		<feat xlink:href="#sPointingRel2623" value="aux"/>
		<feat xlink:href="#sPointingRel2625" value="mark"/>
		<feat xlink:href="#sPointingRel2627" value="case"/>
		<feat xlink:href="#sPointingRel2629" value="conj"/>
		<feat xlink:href="#sPointingRel2631" value="obl"/>
		<feat xlink:href="#sPointingRel2633" value="nmod:poss"/>
		<feat xlink:href="#sPointingRel2635" value="det"/>
		<feat xlink:href="#sPointingRel2637" value="advmod"/>
		<feat xlink:href="#sPointingRel2639" value="cop"/>
		<feat xlink:href="#sPointingRel2641" value="obj"/>
		<feat xlink:href="#sPointingRel2643" value="advmod"/>
		<feat xlink:href="#sPointingRel2645" value="mark"/>
		<feat xlink:href="#sPointingRel2647" value="conj"/>
		<feat xlink:href="#sPointingRel2649" value="case"/>
		<feat xlink:href="#sPointingRel2651" value="acl:relcl"/>
		<feat xlink:href="#sPointingRel2653" value="case"/>
		<feat xlink:href="#sPointingRel2655" value="fixed"/>
		<feat xlink:href="#sPointingRel2657" value="obl"/>
		<feat xlink:href="#sPointingRel2659" value="acl:relcl"/>
		<feat xlink:href="#sPointingRel2661" value="dislocated"/>
		<feat xlink:href="#sPointingRel2663" value="advmod"/>
		<feat xlink:href="#sPointingRel2665" value="conj"/>
		<feat xlink:href="#sPointingRel2667" value="nsubj"/>
		<feat xlink:href="#sPointingRel2669" value="mark"/>
		<feat xlink:href="#sPointingRel2671" value="conj"/>
		<feat xlink:href="#sPointingRel2673" value="conj"/>
		<feat xlink:href="#sPointingRel2675" value="det"/>
		<feat xlink:href="#sPointingRel2677" value="cc"/>
		<feat xlink:href="#sPointingRel2679" value="det"/>
		<feat xlink:href="#sPointingRel2681" value="case"/>
		<feat xlink:href="#sPointingRel2683" value="acl:relcl"/>
		<feat xlink:href="#sPointingRel2685" value="aux"/>
		<feat xlink:href="#sPointingRel2687" value="aux"/>
		<feat xlink:href="#sPointingRel2689" value="obl"/>
		<feat xlink:href="#sPointingRel2691" value="mark"/>
		<feat xlink:href="#sPointingRel2693" value="conj"/>
		<feat xlink:href="#sPointingRel2695" value="advmod"/>
		<feat xlink:href="#sPointingRel2697" value="advmod"/>
		<feat xlink:href="#sPointingRel2699" value="case"/>
		<feat xlink:href="#sPointingRel2701" value="aux"/>
		<feat xlink:href="#sPointingRel2703" value="fixed"/>
		<feat xlink:href="#sPointingRel2705" value="nmod"/>
		<feat xlink:href="#sPointingRel2707" value="obj"/>
		<feat xlink:href="#sPointingRel2709" value="case"/>
		<feat xlink:href="#sPointingRel2711" value="cop"/>
		<feat xlink:href="#sPointingRel2713" value="aux"/>
		<feat xlink:href="#sPointingRel2715" value="det"/>
		<feat xlink:href="#sPointingRel2717" value="nmod"/>
		<feat xlink:href="#sPointingRel2719" value="obl"/>
		<feat xlink:href="#sPointingRel2721" value="conj"/>
		<feat xlink:href="#sPointingRel2723" value="advmod"/>
		<feat xlink:href="#sPointingRel2725" value="det"/>
		<feat xlink:href="#sPointingRel2727" value="case"/>
		<feat xlink:href="#sPointingRel2729" value="case"/>
		<feat xlink:href="#sPointingRel2731" value="advmod"/>
		<feat xlink:href="#sPointingRel2733" value="nmod:poss"/>
		<feat xlink:href="#sPointingRel2735" value="advmod"/>
		<feat xlink:href="#sPointingRel2737" value="nsubj"/>
		<feat xlink:href="#sPointingRel2739" value="obl"/>
		<feat xlink:href="#sPointingRel2741" value="case"/>
		<feat xlink:href="#sPointingRel2743" value="obl"/>
		<feat xlink:href="#sPointingRel2745" value="case"/>
		<feat xlink:href="#sPointingRel2747" value="mark"/>
		<feat xlink:href="#sPointingRel2749" value="obl"/>
		<feat xlink:href="#sPointingRel2751" value="case"/>
		<feat xlink:href="#sPointingRel2753" value="case"/>
		<feat xlink:href="#sPointingRel2755" value="nsubj"/>
		<feat xlink:href="#sPointingRel2757" value="det"/>
		<feat xlink:href="#sPointingRel2759" value="nsubj"/>
		<feat xlink:href="#sPointingRel2761" value="nmod"/>
		<feat xlink:href="#sPointingRel2763" value="obl:npmod"/>
		<feat xlink:href="#sPointingRel2765" value="nsubj"/>
		<feat xlink:href="#sPointingRel2767" value="conj"/>
		<feat xlink:href="#sPointingRel2769" value="acl:relcl"/>
		<feat xlink:href="#sPointingRel2771" value="mark"/>
		<feat xlink:href="#sPointingRel2773" value="nsubj"/>
		<feat xlink:href="#sPointingRel2775" value="nmod:poss"/>
		<feat xlink:href="#sPointingRel2777" value="case"/>
		<feat xlink:href="#sPointingRel2779" value="mark"/>
		<feat xlink:href="#sPointingRel2781" value="obj"/>
		<feat xlink:href="#sPointingRel2783" value="advcl"/>
		<feat xlink:href="#sPointingRel2785" value="mark"/>
		<feat xlink:href="#sPointingRel2787" value="obl"/>
		<feat xlink:href="#sPointingRel2789" value="conj"/>
		<feat xlink:href="#sPointingRel2791" value="acl:relcl"/>
		<feat xlink:href="#sPointingRel2793" value="nsubj"/>
		<feat xlink:href="#sPointingRel2795" value="nmod"/>
		<feat xlink:href="#sPointingRel2797" value="advmod"/>
		<feat xlink:href="#sPointingRel2799" value="obj"/>
		<feat xlink:href="#sPointingRel2801" value="advmod"/>
		<feat xlink:href="#sPointingRel2803" value="mark"/>
		<feat xlink:href="#sPointingRel2805" value="aux"/>
		<feat xlink:href="#sPointingRel2807" value="acl:relcl"/>
		<feat xlink:href="#sPointingRel2809" value="det"/>
		<feat xlink:href="#sPointingRel2811" value="advcl"/>
		<feat xlink:href="#sPointingRel2813" value="aux"/>
		<feat xlink:href="#sPointingRel2815" value="xcomp"/>
		<feat xlink:href="#sPointingRel2817" value="nmod"/>
		<feat xlink:href="#sPointingRel2819" value="cc"/>
		<feat xlink:href="#sPointingRel2821" value="obj"/>
		<feat xlink:href="#sPointingRel2823" value="advmod"/>
		<feat xlink:href="#sPointingRel2825" value="case"/>
		<feat xlink:href="#sPointingRel2827" value="advmod"/>
		<feat xlink:href="#sPointingRel2829" value="aux"/>
		<feat xlink:href="#sPointingRel2831" value="aux"/>
		<feat xlink:href="#sPointingRel2833" value="det"/>
		<feat xlink:href="#sPointingRel2835" value="obl"/>
		<feat xlink:href="#sPointingRel2837" value="cc"/>
		<feat xlink:href="#sPointingRel2839" value="det"/>
		<feat xlink:href="#sPointingRel2841" value="obj"/>
		<feat xlink:href="#sPointingRel2843" value="mark"/>
		<feat xlink:href="#sPointingRel2845" value="det"/>
		<feat xlink:href="#sPointingRel2847" value="nmod"/>
		<feat xlink:href="#sPointingRel2849" value="cc"/>
		<feat xlink:href="#sPointingRel2851" value="nmod"/>
		<feat xlink:href="#sPointingRel2853" value="case"/>
		<feat xlink:href="#sPointingRel2855" value="nsubj"/>
		<feat xlink:href="#sPointingRel2857" value="cop"/>
		<feat xlink:href="#sPointingRel2859" value="case"/>
		<feat xlink:href="#sPointingRel2861" value="case"/>
		<feat xlink:href="#sPointingRel2863" value="case"/>
		<feat xlink:href="#sPointingRel2865" value="csubj"/>
		<feat xlink:href="#sPointingRel2867" value="obl"/>
		<feat xlink:href="#sPointingRel2869" value="aux"/>
		<feat xlink:href="#sPointingRel2871" value="case"/>
		<feat xlink:href="#sPointingRel2873" value="det"/>
		<feat xlink:href="#sPointingRel2875" value="cc"/>
		<feat xlink:href="#sPointingRel2877" value="aux"/>
		<feat xlink:href="#sPointingRel2879" value="aux"/>
		<feat xlink:href="#sPointingRel2881" value="case"/>
		<feat xlink:href="#sPointingRel2883" value="det"/>
		<feat xlink:href="#sPointingRel2885" value="cc"/>
		<feat xlink:href="#sPointingRel2887" value="acl:relcl"/>
		<feat xlink:href="#sPointingRel2889" value="xcomp"/>
		<feat xlink:href="#sPointingRel2891" value="aux"/>
		<feat xlink:href="#sPointingRel2893" value="obj"/>
		<feat xlink:href="#sPointingRel2895" value="aux"/>
		<feat xlink:href="#sPointingRel2897" value="nsubj"/>
		<feat xlink:href="#sPointingRel2899" value="case"/>
		<feat xlink:href="#sPointingRel2901" value="obl"/>
		<feat xlink:href="#sPointingRel2903" value="case"/>
		<feat xlink:href="#sPointingRel2905" value="conj"/>
		<feat xlink:href="#sPointingRel2907" value="conj"/>
		<feat xlink:href="#sPointingRel2909" value="cc"/>
		<feat xlink:href="#sPointingRel2911" value="nmod"/>
		<feat xlink:href="#sPointingRel2913" value="aux"/>
		<feat xlink:href="#sPointingRel2915" value="mark"/>
		<feat xlink:href="#sPointingRel2917" value="det"/>
		<feat xlink:href="#sPointingRel2919" value="acl:relcl"/>
		<feat xlink:href="#sPointingRel2921" value="advmod"/>
		<feat xlink:href="#sPointingRel2923" value="obl:npmod"/>
		<feat xlink:href="#sPointingRel2925" value="cc"/>
		<feat xlink:href="#sPointingRel2927" value="case"/>
		<feat xlink:href="#sPointingRel2929" value="case"/>
		<feat xlink:href="#sPointingRel2931" value="nmod"/>
		<feat xlink:href="#sPointingRel2933" value="nsubj"/>
		<feat xlink:href="#sPointingRel2935" value="nsubj"/>
		<feat xlink:href="#sPointingRel2937" value="det"/>
		<feat xlink:href="#sPointingRel2939" value="det"/>
		<feat xlink:href="#sPointingRel2941" value="obj"/>
		<feat xlink:href="#sPointingRel2943" value="case"/>
		<feat xlink:href="#sPointingRel2945" value="acl:relcl"/>
		<feat xlink:href="#sPointingRel2947" value="cc"/>
		<feat xlink:href="#sPointingRel2949" value="obj"/>
		<feat xlink:href="#sPointingRel2951" value="case"/>
		<feat xlink:href="#sPointingRel2953" value="cc"/>
		<feat xlink:href="#sPointingRel2955" value="csubj"/>
		<feat xlink:href="#sPointingRel2957" value="obl"/>
		<feat xlink:href="#sPointingRel2959" value="conj"/>
		<feat xlink:href="#sPointingRel2961" value="case"/>
		<feat xlink:href="#sPointingRel2963" value="nmod"/>
		<feat xlink:href="#sPointingRel2965" value="case"/>
		<feat xlink:href="#sPointingRel2967" value="obl:npmod"/>
		<feat xlink:href="#sPointingRel2969" value="mark"/>
		<feat xlink:href="#sPointingRel2971" value="advmod"/>
		<feat xlink:href="#sPointingRel2973" value="nsubj"/>
		<feat xlink:href="#sPointingRel2975" value="obl"/>
		<feat xlink:href="#sPointingRel2977" value="case"/>
		<feat xlink:href="#sPointingRel2979" value="case"/>
		<feat xlink:href="#sPointingRel2981" value="case"/>
		<feat xlink:href="#sPointingRel2983" value="cc"/>
		<feat xlink:href="#sPointingRel2985" value="case"/>
		<feat xlink:href="#sPointingRel2987" value="advmod"/>
		<feat xlink:href="#sPointingRel2989" value="mark"/>
		<feat xlink:href="#sPointingRel2991" value="det"/>
		<feat xlink:href="#sPointingRel2993" value="case"/>
		<feat xlink:href="#sPointingRel2995" value="case"/>
		<feat xlink:href="#sPointingRel2997" value="mark"/>
		<feat xlink:href="#sPointingRel2999" value="obj"/>
		<feat xlink:href="#sPointingRel3001" value="acl:relcl"/>
		<feat xlink:href="#sPointingRel3003" value="case"/>
		<feat xlink:href="#sPointingRel3005" value="mark"/>
		<feat xlink:href="#sPointingRel3007" value="conj"/>
		<feat xlink:href="#sPointingRel3009" value="case"/>
		<feat xlink:href="#sPointingRel3011" value="acl:relcl"/>
		<feat xlink:href="#sPointingRel3013" value="mark"/>
		<feat xlink:href="#sPointingRel3015" value="mark"/>
		<feat xlink:href="#sPointingRel3017" value="aux"/>
		<feat xlink:href="#sPointingRel3019" value="aux"/>
		<feat xlink:href="#sPointingRel3021" value="acl:relcl"/>
		<feat xlink:href="#sPointingRel3023" value="aux"/>
		<feat xlink:href="#sPointingRel3025" value="obl"/>
		<feat xlink:href="#sPointingRel3027" value="obl"/>
		<feat xlink:href="#sPointingRel3029" value="nmod:poss"/>
		<feat xlink:href="#sPointingRel3031" value="det"/>
		<feat xlink:href="#sPointingRel3033" value="mark"/>
		<feat xlink:href="#sPointingRel3035" value="case"/>
		<feat xlink:href="#sPointingRel3037" value="acl:relcl"/>
		<feat xlink:href="#sPointingRel3039" value="det"/>
		<feat xlink:href="#sPointingRel3041" value="appos"/>
		<feat xlink:href="#sPointingRel3043" value="mark"/>
		<feat xlink:href="#sPointingRel3045" value="nsubj"/>
		<feat xlink:href="#sPointingRel3047" value="det"/>
		<feat xlink:href="#sPointingRel3049" value="mark"/>
		<feat xlink:href="#sPointingRel3051" value="det"/>
		<feat xlink:href="#sPointingRel3053" value="advmod"/>
		<feat xlink:href="#sPointingRel3055" value="det"/>
		<feat xlink:href="#sPointingRel3057" value="obj"/>
		<feat xlink:href="#sPointingRel3059" value="case"/>
		<feat xlink:href="#sPointingRel3061" value="advmod"/>
		<feat xlink:href="#sPointingRel3063" value="case"/>
		<feat xlink:href="#sPointingRel3065" value="case"/>
		<feat xlink:href="#sPointingRel3067" value="mark"/>
		<feat xlink:href="#sPointingRel3069" value="aux"/>
		<feat xlink:href="#sPointingRel3071" value="det"/>
		<feat xlink:href="#sPointingRel3073" value="mark"/>
		<feat xlink:href="#sPointingRel3075" value="acl:relcl"/>
		<feat xlink:href="#sPointingRel3077" value="aux"/>
		<feat xlink:href="#sPointingRel3079" value="case"/>
		<feat xlink:href="#sPointingRel3081" value="aux"/>
		<feat xlink:href="#sPointingRel3083" value="case"/>
		<feat xlink:href="#sPointingRel3085" value="nsubj"/>
		<feat xlink:href="#sPointingRel3087" value="nsubj"/>
		<feat xlink:href="#sPointingRel3089" value="nsubj"/>
		<feat xlink:href="#sPointingRel3091" value="acl:relcl"/>
		<feat xlink:href="#sPointingRel3093" value="mark"/>
		<feat xlink:href="#sPointingRel3095" value="nsubj"/>
		<feat xlink:href="#sPointingRel3097" value="cc"/>
		<feat xlink:href="#sPointingRel3099" value="cc"/>
		<feat xlink:href="#sPointingRel3101" value="obj"/>
		<feat xlink:href="#sPointingRel3103" value="obl"/>
		<feat xlink:href="#sPointingRel3105" value="obj"/>
		<feat xlink:href="#sPointingRel3107" value="det"/>
		<feat xlink:href="#sPointingRel3109" value="mark"/>
		<feat xlink:href="#sPointingRel3111" value="mark"/>
		<feat xlink:href="#sPointingRel3113" value="advcl"/>
		<feat xlink:href="#sPointingRel3115" value="case"/>
		<feat xlink:href="#sPointingRel3117" value="discourse"/>
		<feat xlink:href="#sPointingRel3119" value="nsubj"/>
		<feat xlink:href="#sPointingRel3121" value="mark"/>
		<feat xlink:href="#sPointingRel3123" value="obl"/>
		<feat xlink:href="#sPointingRel3125" value="nmod:poss"/>
		<feat xlink:href="#sPointingRel3127" value="aux"/>
		<feat xlink:href="#sPointingRel3129" value="advmod"/>
		<feat xlink:href="#sPointingRel3131" value="aux"/>
		<feat xlink:href="#sPointingRel3133" value="mark"/>
		<feat xlink:href="#sPointingRel3135" value="det"/>
		<feat xlink:href="#sPointingRel3137" value="obl"/>
		<feat xlink:href="#sPointingRel3139" value="obj"/>
		<feat xlink:href="#sPointingRel3141" value="nsubj"/>
		<feat xlink:href="#sPointingRel3143" value="cc"/>
		<feat xlink:href="#sPointingRel3145" value="case"/>
		<feat xlink:href="#sPointingRel3147" value="case"/>
		<feat xlink:href="#sPointingRel3149" value="aux"/>
		<feat xlink:href="#sPointingRel3151" value="nmod:poss"/>
		<feat xlink:href="#sPointingRel3153" value="advmod"/>
		<feat xlink:href="#sPointingRel3155" value="conj"/>
		<feat xlink:href="#sPointingRel3157" value="det"/>
		<feat xlink:href="#sPointingRel3159" value="obl"/>
		<feat xlink:href="#sPointingRel3161" value="case"/>
		<feat xlink:href="#sPointingRel3163" value="nmod:poss"/>
		<feat xlink:href="#sPointingRel3165" value="nmod"/>
		<feat xlink:href="#sPointingRel3167" value="obl"/>
		<feat xlink:href="#sPointingRel3169" value="obl"/>
		<feat xlink:href="#sPointingRel3171" value="case"/>
		<feat xlink:href="#sPointingRel3173" value="nmod"/>
		<feat xlink:href="#sPointingRel3175" value="det"/>
		<feat xlink:href="#sPointingRel3177" value="case"/>
		<feat xlink:href="#sPointingRel3179" value="obl"/>
		<feat xlink:href="#sPointingRel3181" value="obl"/>
		<feat xlink:href="#sPointingRel3183" value="conj"/>
		<feat xlink:href="#sPointingRel3185" value="nmod:poss"/>
		<feat xlink:href="#sPointingRel3187" value="case"/>
		<feat xlink:href="#sPointingRel3189" value="acl:relcl"/>
		<feat xlink:href="#sPointingRel3191" value="case"/>
		<feat xlink:href="#sPointingRel3193" value="advcl"/>
		<feat xlink:href="#sPointingRel3195" value="acl:relcl"/>
		<feat xlink:href="#sPointingRel3197" value="nmod:poss"/>
		<feat xlink:href="#sPointingRel3199" value="case"/>
		<feat xlink:href="#sPointingRel3201" value="obl"/>
		<feat xlink:href="#sPointingRel3203" value="nsubj"/>
		<feat xlink:href="#sPointingRel3205" value="nmod:poss"/>
		<feat xlink:href="#sPointingRel3207" value="det"/>
		<feat xlink:href="#sPointingRel3209" value="conj"/>
		<feat xlink:href="#sPointingRel3211" value="aux"/>
		<feat xlink:href="#sPointingRel3213" value="cc"/>
		<feat xlink:href="#sPointingRel3215" value="case"/>
		<feat xlink:href="#sPointingRel3217" value="aux"/>
		<feat xlink:href="#sPointingRel3219" value="case"/>
		<feat xlink:href="#sPointingRel3221" value="parataxis"/>
		<feat xlink:href="#sPointingRel3223" value="advcl"/>
		<feat xlink:href="#sPointingRel3225" value="nsubj"/>
		<feat xlink:href="#sPointingRel3227" value="nmod"/>
		<feat xlink:href="#sPointingRel3229" value="nsubj"/>
		<feat xlink:href="#sPointingRel3231" value="aux"/>
		<feat xlink:href="#sPointingRel3233" value="nmod:poss"/>
		<feat xlink:href="#sPointingRel3235" value="case"/>
		<feat xlink:href="#sPointingRel3237" value="det"/>
		<feat xlink:href="#sPointingRel3239" value="cop"/>
		<feat xlink:href="#sPointingRel3241" value="mark"/>
		<feat xlink:href="#sPointingRel3243" value="det"/>
		<feat xlink:href="#sPointingRel3245" value="cop"/>
		<feat xlink:href="#sPointingRel3247" value="det"/>
		<feat xlink:href="#sPointingRel3249" value="nsubj"/>
		<feat xlink:href="#sPointingRel3251" value="acl:relcl"/>
		<feat xlink:href="#sPointingRel3253" value="mark"/>
		<feat xlink:href="#sPointingRel3255" value="obj"/>
		<feat xlink:href="#sPointingRel3257" value="nsubj"/>
		<feat xlink:href="#sPointingRel3259" value="case"/>
		<feat xlink:href="#sPointingRel3261" value="conj"/>
		<feat xlink:href="#sPointingRel3263" value="obl"/>
		<feat xlink:href="#sPointingRel3265" value="nmod"/>
		<feat xlink:href="#sPointingRel3267" value="advmod"/>
		<feat xlink:href="#sPointingRel3269" value="nsubj"/>
		<feat xlink:href="#sPointingRel3271" value="nmod:poss"/>
		<feat xlink:href="#sPointingRel3273" value="csubj"/>
		<feat xlink:href="#sPointingRel3275" value="obl"/>
		<feat xlink:href="#sPointingRel3277" value="appos"/>
		<feat xlink:href="#sPointingRel3279" value="cc"/>
		<feat xlink:href="#sPointingRel3281" value="obj"/>
		<feat xlink:href="#sPointingRel3283" value="acl:relcl"/>
		<feat xlink:href="#sPointingRel3285" value="mark"/>
		<feat xlink:href="#sPointingRel3287" value="csubj"/>
		<feat xlink:href="#sPointingRel3289" value="advmod"/>
		<feat xlink:href="#sPointingRel3291" value="det"/>
		<feat xlink:href="#sPointingRel3293" value="nsubj"/>
		<feat xlink:href="#sPointingRel3295" value="obj"/>
		<feat xlink:href="#sPointingRel3297" value="obl"/>
		<feat xlink:href="#sPointingRel3299" value="obj"/>
		<feat xlink:href="#sPointingRel3301" value="nsubj"/>
		<feat xlink:href="#sPointingRel3303" value="mark"/>
		<feat xlink:href="#sPointingRel3305" value="aux"/>
		<feat xlink:href="#sPointingRel3307" value="cc"/>
		<feat xlink:href="#sPointingRel3309" value="aux"/>
		<feat xlink:href="#sPointingRel3311" value="aux"/>
		<feat xlink:href="#sPointingRel3313" value="acl:relcl"/>
		<feat xlink:href="#sPointingRel3315" value="nsubj"/>
		<feat xlink:href="#sPointingRel3317" value="obj"/>
		<feat xlink:href="#sPointingRel3319" value="aux"/>
		<feat xlink:href="#sPointingRel3321" value="advmod"/>
		<feat xlink:href="#sPointingRel3323" value="acl:relcl"/>
		<feat xlink:href="#sPointingRel3325" value="obj"/>
		<feat xlink:href="#sPointingRel3327" value="advcl"/>
		<feat xlink:href="#sPointingRel3329" value="vocative"/>
		<feat xlink:href="#sPointingRel3331" value="advmod"/>
		<feat xlink:href="#sPointingRel3333" value="case"/>
		<feat xlink:href="#sPointingRel3335" value="ccomp"/>
		<feat xlink:href="#sPointingRel3337" value="nsubj"/>
		<feat xlink:href="#sPointingRel3339" value="mark"/>
		<feat xlink:href="#sPointingRel3341" value="det"/>
		<feat xlink:href="#sPointingRel3343" value="det"/>
		<feat xlink:href="#sPointingRel3345" value="advmod"/>
		<feat xlink:href="#sPointingRel3347" value="nsubj"/>
		<feat xlink:href="#sPointingRel3349" value="nsubj"/>
		<feat xlink:href="#sPointingRel3351" value="det"/>
		<feat xlink:href="#sPointingRel3353" value="advmod"/>
		<feat xlink:href="#sPointingRel3355" value="obl"/>
		<feat xlink:href="#sPointingRel3357" value="obj"/>
		<feat xlink:href="#sPointingRel3359" value="obl"/>
		<feat xlink:href="#sPointingRel3361" value="nmod:poss"/>
		<feat xlink:href="#sPointingRel3363" value="case"/>
		<feat xlink:href="#sPointingRel3365" value="nsubj"/>
		<feat xlink:href="#sPointingRel3367" value="dislocated"/>
		<feat xlink:href="#sPointingRel3369" value="obl:npmod"/>
		<feat xlink:href="#sPointingRel3371" value="nsubj"/>
		<feat xlink:href="#sPointingRel3373" value="mark"/>
		<feat xlink:href="#sPointingRel3375" value="mark"/>
		<feat xlink:href="#sPointingRel3377" value="obl"/>
		<feat xlink:href="#sPointingRel3379" value="nmod:poss"/>
		<feat xlink:href="#sPointingRel3381" value="obj"/>
		<feat xlink:href="#sPointingRel3383" value="cc"/>
		<feat xlink:href="#sPointingRel3385" value="obl"/>
		<feat xlink:href="#sPointingRel3387" value="nmod"/>
		<feat xlink:href="#sPointingRel3389" value="obl"/>
		<feat xlink:href="#sPointingRel3391" value="nsubj"/>
		<feat xlink:href="#sPointingRel3393" value="obl"/>
		<feat xlink:href="#sPointingRel3395" value="nmod"/>
		<feat xlink:href="#sPointingRel3397" value="det"/>
		<feat xlink:href="#sPointingRel3399" value="nmod"/>
		<feat xlink:href="#sPointingRel3401" value="advcl"/>
		<feat xlink:href="#sPointingRel3403" value="det"/>
		<feat xlink:href="#sPointingRel3405" value="cc"/>
		<feat xlink:href="#sPointingRel3407" value="nsubj"/>
		<feat xlink:href="#sPointingRel3409" value="case"/>
		<feat xlink:href="#sPointingRel3411" value="obj"/>
		<feat xlink:href="#sPointingRel3413" value="ccomp"/>
		<feat xlink:href="#sPointingRel3415" value="case"/>
		<feat xlink:href="#sPointingRel3417" value="aux"/>
		<feat xlink:href="#sPointingRel3419" value="cc"/>
		<feat xlink:href="#sPointingRel3421" value="obj"/>
		<feat xlink:href="#sPointingRel3423" value="case"/>
		<feat xlink:href="#sPointingRel3425" value="cc"/>
		<feat xlink:href="#sPointingRel3427" value="det"/>
		<feat xlink:href="#sPointingRel3429" value="conj"/>
		<feat xlink:href="#sPointingRel3431" value="nsubj"/>
		<feat xlink:href="#sPointingRel3433" value="aux"/>
		<feat xlink:href="#sPointingRel3435" value="det"/>
		<feat xlink:href="#sPointingRel3437" value="case"/>
		<feat xlink:href="#sPointingRel3439" value="mark"/>
		<feat xlink:href="#sPointingRel3441" value="obl"/>
		<feat xlink:href="#sPointingRel3443" value="mark"/>
		<feat xlink:href="#sPointingRel3445" value="advcl"/>
		<feat xlink:href="#sPointingRel3447" value="obl"/>
		<feat xlink:href="#sPointingRel3449" value="nmod:poss"/>
		<feat xlink:href="#sPointingRel3451" value="obj"/>
		<feat xlink:href="#sPointingRel3453" value="case"/>
		<feat xlink:href="#sPointingRel3455" value="aux"/>
		<feat xlink:href="#sPointingRel3457" value="case"/>
		<feat xlink:href="#sPointingRel3459" value="nmod"/>
		<feat xlink:href="#sPointingRel3461" value="cc"/>
		<feat xlink:href="#sPointingRel3463" value="aux"/>
		<feat xlink:href="#sPointingRel3465" value="aux"/>
		<feat xlink:href="#sPointingRel3467" value="obl:npmod"/>
		<feat xlink:href="#sPointingRel3469" value="mark"/>
		<feat xlink:href="#sPointingRel3471" value="obl"/>
		<feat xlink:href="#sPointingRel3473" value="det"/>
		<feat xlink:href="#sPointingRel3475" value="mark"/>
		<feat xlink:href="#sPointingRel3477" value="obj"/>
		<feat xlink:href="#sPointingRel3479" value="nmod"/>
		<feat xlink:href="#sPointingRel3481" value="xcomp"/>
		<feat xlink:href="#sPointingRel3483" value="case"/>
		<feat xlink:href="#sPointingRel3485" value="case"/>
		<feat xlink:href="#sPointingRel3487" value="obl"/>
		<feat xlink:href="#sPointingRel3489" value="advmod"/>
		<feat xlink:href="#sPointingRel3491" value="case"/>
		<feat xlink:href="#sPointingRel3493" value="obl"/>
		<feat xlink:href="#sPointingRel3495" value="obl"/>
		<feat xlink:href="#sPointingRel3497" value="nmod"/>
		<feat xlink:href="#sPointingRel3499" value="nsubj"/>
		<feat xlink:href="#sPointingRel3501" value="conj"/>
		<feat xlink:href="#sPointingRel3503" value="case"/>
		<feat xlink:href="#sPointingRel3505" value="mark"/>
		<feat xlink:href="#sPointingRel3507" value="case"/>
		<feat xlink:href="#sPointingRel3509" value="nsubj"/>
		<feat xlink:href="#sPointingRel3511" value="cc"/>
		<feat xlink:href="#sPointingRel3513" value="nmod:poss"/>
		<feat xlink:href="#sPointingRel3515" value="aux"/>
		<feat xlink:href="#sPointingRel3517" value="nsubj"/>
		<feat xlink:href="#sPointingRel3519" value="advmod"/>
		<feat xlink:href="#sPointingRel3521" value="cc"/>
		<feat xlink:href="#sPointingRel3523" value="mark"/>
		<feat xlink:href="#sPointingRel3525" value="cc"/>
		<feat xlink:href="#sPointingRel3527" value="det"/>
		<feat xlink:href="#sPointingRel3529" value="conj"/>
		<feat xlink:href="#sPointingRel3531" value="obl"/>
		<feat xlink:href="#sPointingRel3533" value="det"/>
		<feat xlink:href="#sPointingRel3535" value="nmod"/>
		<feat xlink:href="#sPointingRel3537" value="cc"/>
		<feat xlink:href="#sPointingRel3539" value="obl"/>
		<feat xlink:href="#sPointingRel3541" value="obl"/>
		<feat xlink:href="#sPointingRel3543" value="obj"/></featList></paula>