<?xml version='1.0' encoding='UTF-8'?><!DOCTYPE paula SYSTEM "paula_rel.dtd">
<paula version="1.1">
	<header paula_id="scriptorium.shenoute.prince.XH185-194.head"/>
	<relList xmlns:xlink="http://www.w3.org/1999/xlink" type="head">
		<rel id="sPointingRel3545" xlink:href="scriptorium.shenoute.prince.XH185-194.mark.xml#sSpan5344" target="scriptorium.shenoute.prince.XH185-194.mark.xml#sSpan5342"/>
		<rel id="sPointingRel3547" xlink:href="scriptorium.shenoute.prince.XH185-194.mark.xml#sSpan1592" target="scriptorium.shenoute.prince.XH185-194.mark.xml#sSpan1590"/>
		<rel id="sPointingRel3549" xlink:href="scriptorium.shenoute.prince.XH185-194.mark.xml#sSpan5572" target="scriptorium.shenoute.prince.XH185-194.mark.xml#sSpan5576"/>
		<rel id="sPointingRel3551" xlink:href="scriptorium.shenoute.prince.XH185-194.mark.xml#sSpan7192" target="scriptorium.shenoute.prince.XH185-194.mark.xml#sSpan7190"/>
		<rel id="sPointingRel3553" xlink:href="scriptorium.shenoute.prince.XH185-194.mark.xml#sSpan5053" target="scriptorium.shenoute.prince.XH185-194.mark.xml#sSpan5050"/>
		<rel id="sPointingRel3555" xlink:href="scriptorium.shenoute.prince.XH185-194.mark.xml#sSpan2524" target="scriptorium.shenoute.prince.XH185-194.mark.xml#sSpan2522"/>
		<rel id="sPointingRel3557" xlink:href="scriptorium.shenoute.prince.XH185-194.mark.xml#sSpan5672" target="scriptorium.shenoute.prince.XH185-194.mark.xml#sSpan5674"/>
		<rel id="sPointingRel3559" xlink:href="scriptorium.shenoute.prince.XH185-194.mark.xml#sSpan3233" target="scriptorium.shenoute.prince.XH185-194.mark.xml#sSpan3229"/>
		<rel id="sPointingRel3561" xlink:href="scriptorium.shenoute.prince.XH185-194.mark.xml#sSpan1264" target="scriptorium.shenoute.prince.XH185-194.mark.xml#sSpan1262"/>
		<rel id="sPointingRel3563" xlink:href="scriptorium.shenoute.prince.XH185-194.mark.xml#sSpan40" target="scriptorium.shenoute.prince.XH185-194.mark.xml#sSpan42"/>
		<rel id="sPointingRel3565" xlink:href="scriptorium.shenoute.prince.XH185-194.mark.xml#sSpan3256" target="scriptorium.shenoute.prince.XH185-194.mark.xml#sSpan3257"/>
		<rel id="sPointingRel3567" xlink:href="scriptorium.shenoute.prince.XH185-194.mark.xml#sSpan3110" target="scriptorium.shenoute.prince.XH185-194.mark.xml#sSpan3124"/>
		<rel id="sPointingRel3569" xlink:href="scriptorium.shenoute.prince.XH185-194.mark.xml#sSpan4048" target="scriptorium.shenoute.prince.XH185-194.mark.xml#sSpan4050"/>
		<rel id="sPointingRel3571" xlink:href="scriptorium.shenoute.prince.XH185-194.mark.xml#sSpan4856" target="scriptorium.shenoute.prince.XH185-194.mark.xml#sSpan4852"/>
		<rel id="sPointingRel3573" xlink:href="scriptorium.shenoute.prince.XH185-194.mark.xml#sSpan423" target="scriptorium.shenoute.prince.XH185-194.mark.xml#sSpan421"/>
		<rel id="sPointingRel3575" xlink:href="scriptorium.shenoute.prince.XH185-194.mark.xml#sSpan5172" target="scriptorium.shenoute.prince.XH185-194.mark.xml#sSpan5174"/>
		<rel id="sPointingRel3577" xlink:href="scriptorium.shenoute.prince.XH185-194.mark.xml#sSpan4961" target="scriptorium.shenoute.prince.XH185-194.mark.xml#sSpan4962"/>
		<rel id="sPointingRel3579" xlink:href="scriptorium.shenoute.prince.XH185-194.mark.xml#sSpan6288" target="scriptorium.shenoute.prince.XH185-194.mark.xml#sSpan6301"/>
		<rel id="sPointingRel3581" xlink:href="scriptorium.shenoute.prince.XH185-194.mark.xml#sSpan3194" target="scriptorium.shenoute.prince.XH185-194.mark.xml#sSpan3192"/>
		<rel id="sPointingRel3583" xlink:href="scriptorium.shenoute.prince.XH185-194.mark.xml#sSpan4565" target="scriptorium.shenoute.prince.XH185-194.mark.xml#sSpan4566"/>
		<rel id="sPointingRel3585" xlink:href="scriptorium.shenoute.prince.XH185-194.mark.xml#sSpan4775" target="scriptorium.shenoute.prince.XH185-194.mark.xml#sSpan4770"/>
		<rel id="sPointingRel3587" xlink:href="scriptorium.shenoute.prince.XH185-194.mark.xml#sSpan5598" target="scriptorium.shenoute.prince.XH185-194.mark.xml#sSpan5599"/>
		<rel id="sPointingRel3589" xlink:href="scriptorium.shenoute.prince.XH185-194.mark.xml#sSpan5720" target="scriptorium.shenoute.prince.XH185-194.mark.xml#sSpan5722"/>
		<rel id="sPointingRel3591" xlink:href="scriptorium.shenoute.prince.XH185-194.mark.xml#sSpan415" target="scriptorium.shenoute.prince.XH185-194.mark.xml#sSpan413"/>
		<rel id="sPointingRel3593" xlink:href="scriptorium.shenoute.prince.XH185-194.mark.xml#sSpan4430" target="scriptorium.shenoute.prince.XH185-194.mark.xml#sSpan4431"/>
		<rel id="sPointingRel3595" xlink:href="scriptorium.shenoute.prince.XH185-194.mark.xml#sSpan4348" target="scriptorium.shenoute.prince.XH185-194.mark.xml#sSpan4346"/>
		<rel id="sPointingRel3597" xlink:href="scriptorium.shenoute.prince.XH185-194.mark.xml#sSpan3968" target="scriptorium.shenoute.prince.XH185-194.mark.xml#sSpan3966"/>
		<rel id="sPointingRel3599" xlink:href="scriptorium.shenoute.prince.XH185-194.mark.xml#sSpan2936" target="scriptorium.shenoute.prince.XH185-194.mark.xml#sSpan2938"/>
		<rel id="sPointingRel3601" xlink:href="scriptorium.shenoute.prince.XH185-194.mark.xml#sSpan2380" target="scriptorium.shenoute.prince.XH185-194.mark.xml#sSpan2376"/>
		<rel id="sPointingRel3603" xlink:href="scriptorium.shenoute.prince.XH185-194.mark.xml#sSpan6819" target="scriptorium.shenoute.prince.XH185-194.mark.xml#sSpan6820"/>
		<rel id="sPointingRel3605" xlink:href="scriptorium.shenoute.prince.XH185-194.mark.xml#sSpan2642" target="scriptorium.shenoute.prince.XH185-194.mark.xml#sSpan2643"/>
		<rel id="sPointingRel3607" xlink:href="scriptorium.shenoute.prince.XH185-194.mark.xml#sSpan2058" target="scriptorium.shenoute.prince.XH185-194.mark.xml#sSpan2059"/>
		<rel id="sPointingRel3609" xlink:href="scriptorium.shenoute.prince.XH185-194.mark.xml#sSpan2947" target="scriptorium.shenoute.prince.XH185-194.mark.xml#sSpan2945"/>
		<rel id="sPointingRel3611" xlink:href="scriptorium.shenoute.prince.XH185-194.mark.xml#sSpan6472" target="scriptorium.shenoute.prince.XH185-194.mark.xml#sSpan6470"/>
		<rel id="sPointingRel3613" xlink:href="scriptorium.shenoute.prince.XH185-194.mark.xml#sSpan1916" target="scriptorium.shenoute.prince.XH185-194.mark.xml#sSpan1918"/>
		<rel id="sPointingRel3615" xlink:href="scriptorium.shenoute.prince.XH185-194.mark.xml#sSpan6324" target="scriptorium.shenoute.prince.XH185-194.mark.xml#sSpan6326"/>
		<rel id="sPointingRel3617" xlink:href="scriptorium.shenoute.prince.XH185-194.mark.xml#sSpan5228" target="scriptorium.shenoute.prince.XH185-194.mark.xml#sSpan5230"/>
		<rel id="sPointingRel3619" xlink:href="scriptorium.shenoute.prince.XH185-194.mark.xml#sSpan1402" target="scriptorium.shenoute.prince.XH185-194.mark.xml#sSpan1400"/>
		<rel id="sPointingRel3621" xlink:href="scriptorium.shenoute.prince.XH185-194.mark.xml#sSpan3824" target="scriptorium.shenoute.prince.XH185-194.mark.xml#sSpan3826"/>
		<rel id="sPointingRel3623" xlink:href="scriptorium.shenoute.prince.XH185-194.mark.xml#sSpan6759" target="scriptorium.shenoute.prince.XH185-194.mark.xml#sSpan6761"/>
		<rel id="sPointingRel3625" xlink:href="scriptorium.shenoute.prince.XH185-194.mark.xml#sSpan2154" target="scriptorium.shenoute.prince.XH185-194.mark.xml#sSpan2156"/>
		<rel id="sPointingRel3627" xlink:href="scriptorium.shenoute.prince.XH185-194.mark.xml#sSpan1827" target="scriptorium.shenoute.prince.XH185-194.mark.xml#sSpan1833"/>
		<rel id="sPointingRel3629" xlink:href="scriptorium.shenoute.prince.XH185-194.mark.xml#sSpan985" target="scriptorium.shenoute.prince.XH185-194.mark.xml#sSpan986"/>
		<rel id="sPointingRel3631" xlink:href="scriptorium.shenoute.prince.XH185-194.mark.xml#sSpan1844" target="scriptorium.shenoute.prince.XH185-194.mark.xml#sSpan1842"/>
		<rel id="sPointingRel3633" xlink:href="scriptorium.shenoute.prince.XH185-194.mark.xml#sSpan3333" target="scriptorium.shenoute.prince.XH185-194.mark.xml#sSpan3335"/>
		<rel id="sPointingRel3635" xlink:href="scriptorium.shenoute.prince.XH185-194.mark.xml#sSpan4844" target="scriptorium.shenoute.prince.XH185-194.mark.xml#sSpan4839"/>
		<rel id="sPointingRel3637" xlink:href="scriptorium.shenoute.prince.XH185-194.mark.xml#sSpan4992" target="scriptorium.shenoute.prince.XH185-194.mark.xml#sSpan4990"/>
		<rel id="sPointingRel3639" xlink:href="scriptorium.shenoute.prince.XH185-194.mark.xml#sSpan7012" target="scriptorium.shenoute.prince.XH185-194.mark.xml#sSpan7013"/>
		<rel id="sPointingRel3641" xlink:href="scriptorium.shenoute.prince.XH185-194.mark.xml#sSpan6786" target="scriptorium.shenoute.prince.XH185-194.mark.xml#sSpan6787"/>
		<rel id="sPointingRel3643" xlink:href="scriptorium.shenoute.prince.XH185-194.mark.xml#sSpan951" target="scriptorium.shenoute.prince.XH185-194.mark.xml#sSpan952"/>
		<rel id="sPointingRel3645" xlink:href="scriptorium.shenoute.prince.XH185-194.mark.xml#sSpan2188" target="scriptorium.shenoute.prince.XH185-194.mark.xml#sSpan2186"/>
		<rel id="sPointingRel3647" xlink:href="scriptorium.shenoute.prince.XH185-194.mark.xml#sSpan65" target="scriptorium.shenoute.prince.XH185-194.mark.xml#sSpan63"/>
		<rel id="sPointingRel3649" xlink:href="scriptorium.shenoute.prince.XH185-194.mark.xml#sSpan2423" target="scriptorium.shenoute.prince.XH185-194.mark.xml#sSpan2425"/>
		<rel id="sPointingRel3651" xlink:href="scriptorium.shenoute.prince.XH185-194.mark.xml#sSpan6355" target="scriptorium.shenoute.prince.XH185-194.mark.xml#sSpan6358"/>
		<rel id="sPointingRel3653" xlink:href="scriptorium.shenoute.prince.XH185-194.mark.xml#sSpan2541" target="scriptorium.shenoute.prince.XH185-194.mark.xml#sSpan2542"/>
		<rel id="sPointingRel3655" xlink:href="scriptorium.shenoute.prince.XH185-194.mark.xml#sSpan1340" target="scriptorium.shenoute.prince.XH185-194.mark.xml#sSpan1338"/>
		<rel id="sPointingRel3657" xlink:href="scriptorium.shenoute.prince.XH185-194.mark.xml#sSpan7072" target="scriptorium.shenoute.prince.XH185-194.mark.xml#sSpan7070"/>
		<rel id="sPointingRel3659" xlink:href="scriptorium.shenoute.prince.XH185-194.mark.xml#sSpan6679" target="scriptorium.shenoute.prince.XH185-194.mark.xml#sSpan6682"/>
		<rel id="sPointingRel3661" xlink:href="scriptorium.shenoute.prince.XH185-194.mark.xml#sSpan4097" target="scriptorium.shenoute.prince.XH185-194.mark.xml#sSpan4099"/>
		<rel id="sPointingRel3663" xlink:href="scriptorium.shenoute.prince.XH185-194.mark.xml#sSpan2033" target="scriptorium.shenoute.prince.XH185-194.mark.xml#sSpan2035"/>
		<rel id="sPointingRel3665" xlink:href="scriptorium.shenoute.prince.XH185-194.mark.xml#sSpan3800" target="scriptorium.shenoute.prince.XH185-194.mark.xml#sSpan3803"/>
		<rel id="sPointingRel3667" xlink:href="scriptorium.shenoute.prince.XH185-194.mark.xml#sSpan7247" target="scriptorium.shenoute.prince.XH185-194.mark.xml#sSpan7249"/>
		<rel id="sPointingRel3669" xlink:href="scriptorium.shenoute.prince.XH185-194.mark.xml#sSpan1285" target="scriptorium.shenoute.prince.XH185-194.mark.xml#sSpan1283"/>
		<rel id="sPointingRel3671" xlink:href="scriptorium.shenoute.prince.XH185-194.mark.xml#sSpan3459" target="scriptorium.shenoute.prince.XH185-194.mark.xml#sSpan3457"/>
		<rel id="sPointingRel3673" xlink:href="scriptorium.shenoute.prince.XH185-194.mark.xml#sSpan6967" target="scriptorium.shenoute.prince.XH185-194.mark.xml#sSpan6965"/>
		<rel id="sPointingRel3675" xlink:href="scriptorium.shenoute.prince.XH185-194.mark.xml#sSpan5015" target="scriptorium.shenoute.prince.XH185-194.mark.xml#sSpan5016"/>
		<rel id="sPointingRel3677" xlink:href="scriptorium.shenoute.prince.XH185-194.mark.xml#sSpan3072" target="scriptorium.shenoute.prince.XH185-194.mark.xml#sSpan3070"/>
		<rel id="sPointingRel3679" xlink:href="scriptorium.shenoute.prince.XH185-194.mark.xml#sSpan726" target="scriptorium.shenoute.prince.XH185-194.mark.xml#sSpan730"/>
		<rel id="sPointingRel3681" xlink:href="scriptorium.shenoute.prince.XH185-194.mark.xml#sSpan1957" target="scriptorium.shenoute.prince.XH185-194.mark.xml#sSpan1958"/>
		<rel id="sPointingRel3683" xlink:href="scriptorium.shenoute.prince.XH185-194.mark.xml#sSpan2178" target="scriptorium.shenoute.prince.XH185-194.mark.xml#sSpan2179"/>
		<rel id="sPointingRel3685" xlink:href="scriptorium.shenoute.prince.XH185-194.mark.xml#sSpan3528" target="scriptorium.shenoute.prince.XH185-194.mark.xml#sSpan3525"/>
		<rel id="sPointingRel3687" xlink:href="scriptorium.shenoute.prince.XH185-194.mark.xml#sSpan2631" target="scriptorium.shenoute.prince.XH185-194.mark.xml#sSpan2633"/>
		<rel id="sPointingRel3689" xlink:href="scriptorium.shenoute.prince.XH185-194.mark.xml#sSpan6316" target="scriptorium.shenoute.prince.XH185-194.mark.xml#sSpan6314"/>
		<rel id="sPointingRel3691" xlink:href="scriptorium.shenoute.prince.XH185-194.mark.xml#sSpan2828" target="scriptorium.shenoute.prince.XH185-194.mark.xml#sSpan2826"/>
		<rel id="sPointingRel3693" xlink:href="scriptorium.shenoute.prince.XH185-194.mark.xml#sSpan4887" target="scriptorium.shenoute.prince.XH185-194.mark.xml#sSpan4891"/>
		<rel id="sPointingRel3695" xlink:href="scriptorium.shenoute.prince.XH185-194.mark.xml#sSpan822" target="scriptorium.shenoute.prince.XH185-194.mark.xml#sSpan823"/>
		<rel id="sPointingRel3697" xlink:href="scriptorium.shenoute.prince.XH185-194.mark.xml#sSpan1979" target="scriptorium.shenoute.prince.XH185-194.mark.xml#sSpan1980"/>
		<rel id="sPointingRel3699" xlink:href="scriptorium.shenoute.prince.XH185-194.mark.xml#sSpan5689" target="scriptorium.shenoute.prince.XH185-194.mark.xml#sSpan5691"/>
		<rel id="sPointingRel3701" xlink:href="scriptorium.shenoute.prince.XH185-194.mark.xml#sSpan4004" target="scriptorium.shenoute.prince.XH185-194.mark.xml#sSpan4005"/>
		<rel id="sPointingRel3703" xlink:href="scriptorium.shenoute.prince.XH185-194.mark.xml#sSpan4132" target="scriptorium.shenoute.prince.XH185-194.mark.xml#sSpan4134"/>
		<rel id="sPointingRel3705" xlink:href="scriptorium.shenoute.prince.XH185-194.mark.xml#sSpan777" target="scriptorium.shenoute.prince.XH185-194.mark.xml#sSpan781"/>
		<rel id="sPointingRel3707" xlink:href="scriptorium.shenoute.prince.XH185-194.mark.xml#sSpan270" target="scriptorium.shenoute.prince.XH185-194.mark.xml#sSpan273"/>
		<rel id="sPointingRel3709" xlink:href="scriptorium.shenoute.prince.XH185-194.mark.xml#sSpan4107" target="scriptorium.shenoute.prince.XH185-194.mark.xml#sSpan4109"/>
		<rel id="sPointingRel3711" xlink:href="scriptorium.shenoute.prince.XH185-194.mark.xml#sSpan5957" target="scriptorium.shenoute.prince.XH185-194.mark.xml#sSpan5963"/>
		<rel id="sPointingRel3713" xlink:href="scriptorium.shenoute.prince.XH185-194.mark.xml#sSpan5706" target="scriptorium.shenoute.prince.XH185-194.mark.xml#sSpan5702"/>
		<rel id="sPointingRel3715" xlink:href="scriptorium.shenoute.prince.XH185-194.mark.xml#sSpan3891" target="scriptorium.shenoute.prince.XH185-194.mark.xml#sSpan3893"/>
		<rel id="sPointingRel3717" xlink:href="scriptorium.shenoute.prince.XH185-194.mark.xml#sSpan1998" target="scriptorium.shenoute.prince.XH185-194.mark.xml#sSpan1999"/>
		<rel id="sPointingRel3719" xlink:href="scriptorium.shenoute.prince.XH185-194.mark.xml#sSpan5394" target="scriptorium.shenoute.prince.XH185-194.mark.xml#sSpan5397"/>
		<rel id="sPointingRel3721" xlink:href="scriptorium.shenoute.prince.XH185-194.mark.xml#sSpan6574" target="scriptorium.shenoute.prince.XH185-194.mark.xml#sSpan6576"/>
		<rel id="sPointingRel3723" xlink:href="scriptorium.shenoute.prince.XH185-194.mark.xml#sSpan3027" target="scriptorium.shenoute.prince.XH185-194.mark.xml#sSpan3029"/>
		<rel id="sPointingRel3725" xlink:href="scriptorium.shenoute.prince.XH185-194.mark.xml#sSpan6377" target="scriptorium.shenoute.prince.XH185-194.mark.xml#sSpan6378"/>
		<rel id="sPointingRel3727" xlink:href="scriptorium.shenoute.prince.XH185-194.mark.xml#sSpan3210" target="scriptorium.shenoute.prince.XH185-194.mark.xml#sSpan3211"/>
		<rel id="sPointingRel3729" xlink:href="scriptorium.shenoute.prince.XH185-194.mark.xml#sSpan552" target="scriptorium.shenoute.prince.XH185-194.mark.xml#sSpan554"/>
		<rel id="sPointingRel3731" xlink:href="scriptorium.shenoute.prince.XH185-194.mark.xml#sSpan5104" target="scriptorium.shenoute.prince.XH185-194.mark.xml#sSpan5102"/>
		<rel id="sPointingRel3733" xlink:href="scriptorium.shenoute.prince.XH185-194.mark.xml#sSpan6792" target="scriptorium.shenoute.prince.XH185-194.mark.xml#sSpan6795"/>
		<rel id="sPointingRel3735" xlink:href="scriptorium.shenoute.prince.XH185-194.mark.xml#sSpan330" target="scriptorium.shenoute.prince.XH185-194.mark.xml#sSpan344"/>
		<rel id="sPointingRel3737" xlink:href="scriptorium.shenoute.prince.XH185-194.mark.xml#sSpan29" target="scriptorium.shenoute.prince.XH185-194.mark.xml#sSpan31"/>
		<rel id="sPointingRel3739" xlink:href="scriptorium.shenoute.prince.XH185-194.mark.xml#sSpan2276" target="scriptorium.shenoute.prince.XH185-194.mark.xml#sSpan2279"/>
		<rel id="sPointingRel3741" xlink:href="scriptorium.shenoute.prince.XH185-194.mark.xml#sSpan3517" target="scriptorium.shenoute.prince.XH185-194.mark.xml#sSpan3519"/>
		<rel id="sPointingRel3743" xlink:href="scriptorium.shenoute.prince.XH185-194.mark.xml#sSpan3443" target="scriptorium.shenoute.prince.XH185-194.mark.xml#sSpan3446"/>
		<rel id="sPointingRel3745" xlink:href="scriptorium.shenoute.prince.XH185-194.mark.xml#sSpan4211" target="scriptorium.shenoute.prince.XH185-194.mark.xml#sSpan4213"/>
		<rel id="sPointingRel3747" xlink:href="scriptorium.shenoute.prince.XH185-194.mark.xml#sSpan5431" target="scriptorium.shenoute.prince.XH185-194.mark.xml#sSpan5427"/>
		<rel id="sPointingRel3749" xlink:href="scriptorium.shenoute.prince.XH185-194.mark.xml#sSpan5777" target="scriptorium.shenoute.prince.XH185-194.mark.xml#sSpan5775"/>
		<rel id="sPointingRel3751" xlink:href="scriptorium.shenoute.prince.XH185-194.mark.xml#sSpan6071" target="scriptorium.shenoute.prince.XH185-194.mark.xml#sSpan6079"/>
		<rel id="sPointingRel3753" xlink:href="scriptorium.shenoute.prince.XH185-194.mark.xml#sSpan1120" target="scriptorium.shenoute.prince.XH185-194.mark.xml#sSpan1122"/>
		<rel id="sPointingRel3755" xlink:href="scriptorium.shenoute.prince.XH185-194.mark.xml#sSpan4657" target="scriptorium.shenoute.prince.XH185-194.mark.xml#sSpan4701"/>
		<rel id="sPointingRel3757" xlink:href="scriptorium.shenoute.prince.XH185-194.mark.xml#sSpan4613" target="scriptorium.shenoute.prince.XH185-194.mark.xml#sSpan4614"/>
		<rel id="sPointingRel3759" xlink:href="scriptorium.shenoute.prince.XH185-194.mark.xml#sSpan2411" target="scriptorium.shenoute.prince.XH185-194.mark.xml#sSpan2409"/>
		<rel id="sPointingRel3761" xlink:href="scriptorium.shenoute.prince.XH185-194.mark.xml#sSpan122" target="scriptorium.shenoute.prince.XH185-194.mark.xml#sSpan123"/>
		<rel id="sPointingRel3763" xlink:href="scriptorium.shenoute.prince.XH185-194.mark.xml#sSpan6164" target="scriptorium.shenoute.prince.XH185-194.mark.xml#sSpan6168"/>
		<rel id="sPointingRel3765" xlink:href="scriptorium.shenoute.prince.XH185-194.mark.xml#sSpan1190" target="scriptorium.shenoute.prince.XH185-194.mark.xml#sSpan1192"/>
		<rel id="sPointingRel3767" xlink:href="scriptorium.shenoute.prince.XH185-194.mark.xml#sSpan1717" target="scriptorium.shenoute.prince.XH185-194.mark.xml#sSpan1718"/>
		<rel id="sPointingRel3769" xlink:href="scriptorium.shenoute.prince.XH185-194.mark.xml#sSpan384" target="scriptorium.shenoute.prince.XH185-194.mark.xml#sSpan382"/>
		<rel id="sPointingRel3771" xlink:href="scriptorium.shenoute.prince.XH185-194.mark.xml#sSpan2840" target="scriptorium.shenoute.prince.XH185-194.mark.xml#sSpan2838"/>
		<rel id="sPointingRel3773" xlink:href="scriptorium.shenoute.prince.XH185-194.mark.xml#sSpan3011" target="scriptorium.shenoute.prince.XH185-194.mark.xml#sSpan3012"/>
		<rel id="sPointingRel3775" xlink:href="scriptorium.shenoute.prince.XH185-194.mark.xml#sSpan3040" target="scriptorium.shenoute.prince.XH185-194.mark.xml#sSpan3038"/>
		<rel id="sPointingRel3777" xlink:href="scriptorium.shenoute.prince.XH185-194.mark.xml#sSpan4027" target="scriptorium.shenoute.prince.XH185-194.mark.xml#sSpan4033"/>
		<rel id="sPointingRel3779" xlink:href="scriptorium.shenoute.prince.XH185-194.mark.xml#sSpan5652" target="scriptorium.shenoute.prince.XH185-194.mark.xml#sSpan5654"/>
		<rel id="sPointingRel3781" xlink:href="scriptorium.shenoute.prince.XH185-194.mark.xml#sSpan855" target="scriptorium.shenoute.prince.XH185-194.mark.xml#sSpan861"/>
		<rel id="sPointingRel3783" xlink:href="scriptorium.shenoute.prince.XH185-194.mark.xml#sSpan634" target="scriptorium.shenoute.prince.XH185-194.mark.xml#sSpan635"/>
		<rel id="sPointingRel3785" xlink:href="scriptorium.shenoute.prince.XH185-194.mark.xml#sSpan1803" target="scriptorium.shenoute.prince.XH185-194.mark.xml#sSpan1801"/>
		<rel id="sPointingRel3787" xlink:href="scriptorium.shenoute.prince.XH185-194.mark.xml#sSpan4922" target="scriptorium.shenoute.prince.XH185-194.mark.xml#sSpan4923"/>
		<rel id="sPointingRel3789" xlink:href="scriptorium.shenoute.prince.XH185-194.mark.xml#sSpan3085" target="scriptorium.shenoute.prince.XH185-194.mark.xml#sSpan3079"/>
		<rel id="sPointingRel3791" xlink:href="scriptorium.shenoute.prince.XH185-194.mark.xml#sSpan1811" target="scriptorium.shenoute.prince.XH185-194.mark.xml#sSpan1809"/>
		<rel id="sPointingRel3793" xlink:href="scriptorium.shenoute.prince.XH185-194.mark.xml#sSpan3462" target="scriptorium.shenoute.prince.XH185-194.mark.xml#sSpan3457"/>
		<rel id="sPointingRel3795" xlink:href="scriptorium.shenoute.prince.XH185-194.mark.xml#sSpan4498" target="scriptorium.shenoute.prince.XH185-194.mark.xml#sSpan4494"/>
		<rel id="sPointingRel3797" xlink:href="scriptorium.shenoute.prince.XH185-194.mark.xml#sSpan1297" target="scriptorium.shenoute.prince.XH185-194.mark.xml#sSpan1295"/>
		<rel id="sPointingRel3799" xlink:href="scriptorium.shenoute.prince.XH185-194.mark.xml#sSpan2873" target="scriptorium.shenoute.prince.XH185-194.mark.xml#sSpan2874"/>
		<rel id="sPointingRel3801" xlink:href="scriptorium.shenoute.prince.XH185-194.mark.xml#sSpan5762" target="scriptorium.shenoute.prince.XH185-194.mark.xml#sSpan5764"/>
		<rel id="sPointingRel3803" xlink:href="scriptorium.shenoute.prince.XH185-194.mark.xml#sSpan4718" target="scriptorium.shenoute.prince.XH185-194.mark.xml#sSpan4719"/>
		<rel id="sPointingRel3805" xlink:href="scriptorium.shenoute.prince.XH185-194.mark.xml#sSpan6045" target="scriptorium.shenoute.prince.XH185-194.mark.xml#sSpan6050"/>
		<rel id="sPointingRel3807" xlink:href="scriptorium.shenoute.prince.XH185-194.mark.xml#sSpan5452" target="scriptorium.shenoute.prince.XH185-194.mark.xml#sSpan5453"/>
		<rel id="sPointingRel3809" xlink:href="scriptorium.shenoute.prince.XH185-194.mark.xml#sSpan1484" target="scriptorium.shenoute.prince.XH185-194.mark.xml#sSpan1480"/>
		<rel id="sPointingRel3811" xlink:href="scriptorium.shenoute.prince.XH185-194.mark.xml#sSpan1131" target="scriptorium.shenoute.prince.XH185-194.mark.xml#sSpan1132"/>
		<rel id="sPointingRel3813" xlink:href="scriptorium.shenoute.prince.XH185-194.mark.xml#sSpan3061" target="scriptorium.shenoute.prince.XH185-194.mark.xml#sSpan3059"/>
		<rel id="sPointingRel3815" xlink:href="scriptorium.shenoute.prince.XH185-194.mark.xml#sSpan7218" target="scriptorium.shenoute.prince.XH185-194.mark.xml#sSpan7220"/>
		<rel id="sPointingRel3817" xlink:href="scriptorium.shenoute.prince.XH185-194.mark.xml#sSpan3634" target="scriptorium.shenoute.prince.XH185-194.mark.xml#sSpan3632"/>
		<rel id="sPointingRel3819" xlink:href="scriptorium.shenoute.prince.XH185-194.mark.xml#sSpan6591" target="scriptorium.shenoute.prince.XH185-194.mark.xml#sSpan6589"/>
		<rel id="sPointingRel3821" xlink:href="scriptorium.shenoute.prince.XH185-194.mark.xml#sSpan6721" target="scriptorium.shenoute.prince.XH185-194.mark.xml#sSpan6724"/>
		<rel id="sPointingRel3823" xlink:href="scriptorium.shenoute.prince.XH185-194.mark.xml#sSpan1553" target="scriptorium.shenoute.prince.XH185-194.mark.xml#sSpan1551"/>
		<rel id="sPointingRel3825" xlink:href="scriptorium.shenoute.prince.XH185-194.mark.xml#sSpan310" target="scriptorium.shenoute.prince.XH185-194.mark.xml#sSpan312"/>
		<rel id="sPointingRel3827" xlink:href="scriptorium.shenoute.prince.XH185-194.mark.xml#sSpan493" target="scriptorium.shenoute.prince.XH185-194.mark.xml#sSpan495"/>
		<rel id="sPointingRel3829" xlink:href="scriptorium.shenoute.prince.XH185-194.mark.xml#sSpan3344" target="scriptorium.shenoute.prince.XH185-194.mark.xml#sSpan3342"/>
		<rel id="sPointingRel3831" xlink:href="scriptorium.shenoute.prince.XH185-194.mark.xml#sSpan2971" target="scriptorium.shenoute.prince.XH185-194.mark.xml#sSpan2972"/>
		<rel id="sPointingRel3833" xlink:href="scriptorium.shenoute.prince.XH185-194.mark.xml#sSpan4931" target="scriptorium.shenoute.prince.XH185-194.mark.xml#sSpan4933"/>
		<rel id="sPointingRel3835" xlink:href="scriptorium.shenoute.prince.XH185-194.mark.xml#sSpan6335" target="scriptorium.shenoute.prince.XH185-194.mark.xml#sSpan6333"/>
		<rel id="sPointingRel3837" xlink:href="scriptorium.shenoute.prince.XH185-194.mark.xml#sSpan4535" target="scriptorium.shenoute.prince.XH185-194.mark.xml#sSpan4533"/>
		<rel id="sPointingRel3839" xlink:href="scriptorium.shenoute.prince.XH185-194.mark.xml#sSpan1019" target="scriptorium.shenoute.prince.XH185-194.mark.xml#sSpan1021"/>
		<rel id="sPointingRel3841" xlink:href="scriptorium.shenoute.prince.XH185-194.mark.xml#sSpan3411" target="scriptorium.shenoute.prince.XH185-194.mark.xml#sSpan3412"/>
		<rel id="sPointingRel3843" xlink:href="scriptorium.shenoute.prince.XH185-194.mark.xml#sSpan4081" target="scriptorium.shenoute.prince.XH185-194.mark.xml#sSpan4076"/>
		<rel id="sPointingRel3845" xlink:href="scriptorium.shenoute.prince.XH185-194.mark.xml#sSpan3677" target="scriptorium.shenoute.prince.XH185-194.mark.xml#sSpan3675"/>
		<rel id="sPointingRel3847" xlink:href="scriptorium.shenoute.prince.XH185-194.mark.xml#sSpan1172" target="scriptorium.shenoute.prince.XH185-194.mark.xml#sSpan1174"/>
		<rel id="sPointingRel3849" xlink:href="scriptorium.shenoute.prince.XH185-194.mark.xml#sSpan3001" target="scriptorium.shenoute.prince.XH185-194.mark.xml#sSpan3002"/>
		<rel id="sPointingRel3851" xlink:href="scriptorium.shenoute.prince.XH185-194.mark.xml#sSpan2249" target="scriptorium.shenoute.prince.XH185-194.mark.xml#sSpan2250"/>
		<rel id="sPointingRel3853" xlink:href="scriptorium.shenoute.prince.XH185-194.mark.xml#sSpan5862" target="scriptorium.shenoute.prince.XH185-194.mark.xml#sSpan5860"/>
		<rel id="sPointingRel3855" xlink:href="scriptorium.shenoute.prince.XH185-194.mark.xml#sSpan4151" target="scriptorium.shenoute.prince.XH185-194.mark.xml#sSpan4153"/>
		<rel id="sPointingRel3857" xlink:href="scriptorium.shenoute.prince.XH185-194.mark.xml#sSpan1600" target="scriptorium.shenoute.prince.XH185-194.mark.xml#sSpan1598"/>
		<rel id="sPointingRel3859" xlink:href="scriptorium.shenoute.prince.XH185-194.mark.xml#sSpan5875" target="scriptorium.shenoute.prince.XH185-194.mark.xml#sSpan5877"/>
		<rel id="sPointingRel3861" xlink:href="scriptorium.shenoute.prince.XH185-194.mark.xml#sSpan3627" target="scriptorium.shenoute.prince.XH185-194.mark.xml#sSpan3622"/>
		<rel id="sPointingRel3863" xlink:href="scriptorium.shenoute.prince.XH185-194.mark.xml#sSpan6021" target="scriptorium.shenoute.prince.XH185-194.mark.xml#sSpan6018"/>
		<rel id="sPointingRel3865" xlink:href="scriptorium.shenoute.prince.XH185-194.mark.xml#sSpan186" target="scriptorium.shenoute.prince.XH185-194.mark.xml#sSpan189"/>
		<rel id="sPointingRel3867" xlink:href="scriptorium.shenoute.prince.XH185-194.mark.xml#sSpan404" target="scriptorium.shenoute.prince.XH185-194.mark.xml#sSpan406"/>
		<rel id="sPointingRel3869" xlink:href="scriptorium.shenoute.prince.XH185-194.mark.xml#sSpan357" target="scriptorium.shenoute.prince.XH185-194.mark.xml#sSpan358"/>
		<rel id="sPointingRel3871" xlink:href="scriptorium.shenoute.prince.XH185-194.mark.xml#sSpan1581" target="scriptorium.shenoute.prince.XH185-194.mark.xml#sSpan1583"/>
		<rel id="sPointingRel3873" xlink:href="scriptorium.shenoute.prince.XH185-194.mark.xml#sSpan6770" target="scriptorium.shenoute.prince.XH185-194.mark.xml#sSpan6776"/>
		<rel id="sPointingRel3875" xlink:href="scriptorium.shenoute.prince.XH185-194.mark.xml#sSpan3266" target="scriptorium.shenoute.prince.XH185-194.mark.xml#sSpan3263"/>
		<rel id="sPointingRel3877" xlink:href="scriptorium.shenoute.prince.XH185-194.mark.xml#sSpan3740" target="scriptorium.shenoute.prince.XH185-194.mark.xml#sSpan3738"/>
		<rel id="sPointingRel3879" xlink:href="scriptorium.shenoute.prince.XH185-194.mark.xml#sSpan6298" target="scriptorium.shenoute.prince.XH185-194.mark.xml#sSpan6296"/>
		<rel id="sPointingRel3881" xlink:href="scriptorium.shenoute.prince.XH185-194.mark.xml#sSpan1141" target="scriptorium.shenoute.prince.XH185-194.mark.xml#sSpan1142"/>
		<rel id="sPointingRel3883" xlink:href="scriptorium.shenoute.prince.XH185-194.mark.xml#sSpan2134" target="scriptorium.shenoute.prince.XH185-194.mark.xml#sSpan2135"/>
		<rel id="sPointingRel3885" xlink:href="scriptorium.shenoute.prince.XH185-194.mark.xml#sSpan845" target="scriptorium.shenoute.prince.XH185-194.mark.xml#sSpan846"/>
		<rel id="sPointingRel3887" xlink:href="scriptorium.shenoute.prince.XH185-194.mark.xml#sSpan1662" target="scriptorium.shenoute.prince.XH185-194.mark.xml#sSpan1665"/>
		<rel id="sPointingRel3889" xlink:href="scriptorium.shenoute.prince.XH185-194.mark.xml#sSpan1162" target="scriptorium.shenoute.prince.XH185-194.mark.xml#sSpan1163"/>
		<rel id="sPointingRel3891" xlink:href="scriptorium.shenoute.prince.XH185-194.mark.xml#sSpan7296" target="scriptorium.shenoute.prince.XH185-194.mark.xml#sSpan7298"/>
		<rel id="sPointingRel3893" xlink:href="scriptorium.shenoute.prince.XH185-194.mark.xml#sSpan1006" target="scriptorium.shenoute.prince.XH185-194.mark.xml#sSpan1008"/>
		<rel id="sPointingRel3895" xlink:href="scriptorium.shenoute.prince.XH185-194.mark.xml#sSpan595" target="scriptorium.shenoute.prince.XH185-194.mark.xml#sSpan596"/>
		<rel id="sPointingRel3897" xlink:href="scriptorium.shenoute.prince.XH185-194.mark.xml#sSpan5154" target="scriptorium.shenoute.prince.XH185-194.mark.xml#sSpan5150"/>
		<rel id="sPointingRel3899" xlink:href="scriptorium.shenoute.prince.XH185-194.mark.xml#sSpan106" target="scriptorium.shenoute.prince.XH185-194.mark.xml#sSpan104"/>
		<rel id="sPointingRel3901" xlink:href="scriptorium.shenoute.prince.XH185-194.mark.xml#sSpan832" target="scriptorium.shenoute.prince.XH185-194.mark.xml#sSpan834"/>
		<rel id="sPointingRel3903" xlink:href="scriptorium.shenoute.prince.XH185-194.mark.xml#sSpan1063" target="scriptorium.shenoute.prince.XH185-194.mark.xml#sSpan1064"/>
		<rel id="sPointingRel3905" xlink:href="scriptorium.shenoute.prince.XH185-194.mark.xml#sSpan897" target="scriptorium.shenoute.prince.XH185-194.mark.xml#sSpan895"/>
		<rel id="sPointingRel3907" xlink:href="scriptorium.shenoute.prince.XH185-194.mark.xml#sSpan6092" target="scriptorium.shenoute.prince.XH185-194.mark.xml#sSpan6089"/>
		<rel id="sPointingRel3909" xlink:href="scriptorium.shenoute.prince.XH185-194.mark.xml#sSpan7039" target="scriptorium.shenoute.prince.XH185-194.mark.xml#sSpan7037"/>
		<rel id="sPointingRel3911" xlink:href="scriptorium.shenoute.prince.XH185-194.mark.xml#sSpan7032" target="scriptorium.shenoute.prince.XH185-194.mark.xml#sSpan7030"/>
		<rel id="sPointingRel3913" xlink:href="scriptorium.shenoute.prince.XH185-194.mark.xml#sSpan5553" target="scriptorium.shenoute.prince.XH185-194.mark.xml#sSpan5549"/>
		<rel id="sPointingRel3915" xlink:href="scriptorium.shenoute.prince.XH185-194.mark.xml#sSpan612" target="scriptorium.shenoute.prince.XH185-194.mark.xml#sSpan613"/>
		<rel id="sPointingRel3917" xlink:href="scriptorium.shenoute.prince.XH185-194.mark.xml#sSpan234" target="scriptorium.shenoute.prince.XH185-194.mark.xml#sSpan235"/>
		<rel id="sPointingRel3919" xlink:href="scriptorium.shenoute.prince.XH185-194.mark.xml#sSpan3816" target="scriptorium.shenoute.prince.XH185-194.mark.xml#sSpan3882"/>
		<rel id="sPointingRel3921" xlink:href="scriptorium.shenoute.prince.XH185-194.mark.xml#sSpan2369" target="scriptorium.shenoute.prince.XH185-194.mark.xml#sSpan2370"/>
		<rel id="sPointingRel3923" xlink:href="scriptorium.shenoute.prince.XH185-194.mark.xml#sSpan6829" target="scriptorium.shenoute.prince.XH185-194.mark.xml#sSpan6831"/>
		<rel id="sPointingRel3925" xlink:href="scriptorium.shenoute.prince.XH185-194.mark.xml#sSpan4121" target="scriptorium.shenoute.prince.XH185-194.mark.xml#sSpan4123"/>
		<rel id="sPointingRel3927" xlink:href="scriptorium.shenoute.prince.XH185-194.mark.xml#sSpan4806" target="scriptorium.shenoute.prince.XH185-194.mark.xml#sSpan4807"/>
		<rel id="sPointingRel3929" xlink:href="scriptorium.shenoute.prince.XH185-194.mark.xml#sSpan652" target="scriptorium.shenoute.prince.XH185-194.mark.xml#sSpan654"/>
		<rel id="sPointingRel3931" xlink:href="scriptorium.shenoute.prince.XH185-194.mark.xml#sSpan163" target="scriptorium.shenoute.prince.XH185-194.mark.xml#sSpan164"/>
		<rel id="sPointingRel3933" xlink:href="scriptorium.shenoute.prince.XH185-194.mark.xml#sSpan5122" target="scriptorium.shenoute.prince.XH185-194.mark.xml#sSpan5123"/>
		<rel id="sPointingRel3935" xlink:href="scriptorium.shenoute.prince.XH185-194.mark.xml#sSpan6701" target="scriptorium.shenoute.prince.XH185-194.mark.xml#sSpan6697"/>
		<rel id="sPointingRel3937" xlink:href="scriptorium.shenoute.prince.XH185-194.mark.xml#sSpan4868" target="scriptorium.shenoute.prince.XH185-194.mark.xml#sSpan4872"/>
		<rel id="sPointingRel3939" xlink:href="scriptorium.shenoute.prince.XH185-194.mark.xml#sSpan5789" target="scriptorium.shenoute.prince.XH185-194.mark.xml#sSpan5792"/>
		<rel id="sPointingRel3941" xlink:href="scriptorium.shenoute.prince.XH185-194.mark.xml#sSpan6844" target="scriptorium.shenoute.prince.XH185-194.mark.xml#sSpan6842"/>
		<rel id="sPointingRel3943" xlink:href="scriptorium.shenoute.prince.XH185-194.mark.xml#sSpan4763" target="scriptorium.shenoute.prince.XH185-194.mark.xml#sSpan4761"/>
		<rel id="sPointingRel3945" xlink:href="scriptorium.shenoute.prince.XH185-194.mark.xml#sSpan5985" target="scriptorium.shenoute.prince.XH185-194.mark.xml#sSpan5983"/>
		<rel id="sPointingRel3947" xlink:href="scriptorium.shenoute.prince.XH185-194.mark.xml#sSpan172" target="scriptorium.shenoute.prince.XH185-194.mark.xml#sSpan178"/>
		<rel id="sPointingRel3949" xlink:href="scriptorium.shenoute.prince.XH185-194.mark.xml#sSpan3788" target="scriptorium.shenoute.prince.XH185-194.mark.xml#sSpan3786"/>
		<rel id="sPointingRel3951" xlink:href="scriptorium.shenoute.prince.XH185-194.mark.xml#sSpan5748" target="scriptorium.shenoute.prince.XH185-194.mark.xml#sSpan5750"/>
		<rel id="sPointingRel3953" xlink:href="scriptorium.shenoute.prince.XH185-194.mark.xml#sSpan197" target="scriptorium.shenoute.prince.XH185-194.mark.xml#sSpan201"/>
		<rel id="sPointingRel3955" xlink:href="scriptorium.shenoute.prince.XH185-194.mark.xml#sSpan6367" target="scriptorium.shenoute.prince.XH185-194.mark.xml#sSpan6368"/>
		<rel id="sPointingRel3957" xlink:href="scriptorium.shenoute.prince.XH185-194.mark.xml#sSpan2238" target="scriptorium.shenoute.prince.XH185-194.mark.xml#sSpan2241"/>
		<rel id="sPointingRel3959" xlink:href="scriptorium.shenoute.prince.XH185-194.mark.xml#sSpan2044" target="scriptorium.shenoute.prince.XH185-194.mark.xml#sSpan2041"/>
		<rel id="sPointingRel3961" xlink:href="scriptorium.shenoute.prince.XH185-194.mark.xml#sSpan1787" target="scriptorium.shenoute.prince.XH185-194.mark.xml#sSpan1789"/>
		<rel id="sPointingRel3963" xlink:href="scriptorium.shenoute.prince.XH185-194.mark.xml#sSpan244" target="scriptorium.shenoute.prince.XH185-194.mark.xml#sSpan248"/>
		<rel id="sPointingRel3965" xlink:href="scriptorium.shenoute.prince.XH185-194.mark.xml#sSpan4684" target="scriptorium.shenoute.prince.XH185-194.mark.xml#sSpan4685"/>
		<rel id="sPointingRel3967" xlink:href="scriptorium.shenoute.prince.XH185-194.mark.xml#sSpan4668" target="scriptorium.shenoute.prince.XH185-194.mark.xml#sSpan4665"/>
		<rel id="sPointingRel3969" xlink:href="scriptorium.shenoute.prince.XH185-194.mark.xml#sSpan3154" target="scriptorium.shenoute.prince.XH185-194.mark.xml#sSpan3158"/>
		<rel id="sPointingRel3971" xlink:href="scriptorium.shenoute.prince.XH185-194.mark.xml#sSpan6222" target="scriptorium.shenoute.prince.XH185-194.mark.xml#sSpan6219"/>
		<rel id="sPointingRel3973" xlink:href="scriptorium.shenoute.prince.XH185-194.mark.xml#sSpan4378" target="scriptorium.shenoute.prince.XH185-194.mark.xml#sSpan4376"/>
		<rel id="sPointingRel3975" xlink:href="scriptorium.shenoute.prince.XH185-194.mark.xml#sSpan2445" target="scriptorium.shenoute.prince.XH185-194.mark.xml#sSpan2446"/>
		<rel id="sPointingRel3977" xlink:href="scriptorium.shenoute.prince.XH185-194.mark.xml#sSpan6037" target="scriptorium.shenoute.prince.XH185-194.mark.xml#sSpan6038"/>
		<rel id="sPointingRel3979" xlink:href="scriptorium.shenoute.prince.XH185-194.mark.xml#sSpan1884" target="scriptorium.shenoute.prince.XH185-194.mark.xml#sSpan1888"/>
		<rel id="sPointingRel3981" xlink:href="scriptorium.shenoute.prince.XH185-194.mark.xml#sSpan4290" target="scriptorium.shenoute.prince.XH185-194.mark.xml#sSpan4291"/>
		<rel id="sPointingRel3983" xlink:href="scriptorium.shenoute.prince.XH185-194.mark.xml#sSpan5823" target="scriptorium.shenoute.prince.XH185-194.mark.xml#sSpan5825"/>
		<rel id="sPointingRel3985" xlink:href="scriptorium.shenoute.prince.XH185-194.mark.xml#sSpan1614" target="scriptorium.shenoute.prince.XH185-194.mark.xml#sSpan1612"/>
		<rel id="sPointingRel3987" xlink:href="scriptorium.shenoute.prince.XH185-194.mark.xml#sSpan931" target="scriptorium.shenoute.prince.XH185-194.mark.xml#sSpan928"/>
		<rel id="sPointingRel3989" xlink:href="scriptorium.shenoute.prince.XH185-194.mark.xml#sSpan5319" target="scriptorium.shenoute.prince.XH185-194.mark.xml#sSpan5320"/>
		<rel id="sPointingRel3991" xlink:href="scriptorium.shenoute.prince.XH185-194.mark.xml#sSpan4300" target="scriptorium.shenoute.prince.XH185-194.mark.xml#sSpan4304"/>
		<rel id="sPointingRel3993" xlink:href="scriptorium.shenoute.prince.XH185-194.mark.xml#sSpan2797" target="scriptorium.shenoute.prince.XH185-194.mark.xml#sSpan2795"/>
		<rel id="sPointingRel3995" xlink:href="scriptorium.shenoute.prince.XH185-194.mark.xml#sSpan2209" target="scriptorium.shenoute.prince.XH185-194.mark.xml#sSpan2211"/>
		<rel id="sPointingRel3997" xlink:href="scriptorium.shenoute.prince.XH185-194.mark.xml#sSpan4693" target="scriptorium.shenoute.prince.XH185-194.mark.xml#sSpan4695"/>
		<rel id="sPointingRel3999" xlink:href="scriptorium.shenoute.prince.XH185-194.mark.xml#sSpan4223" target="scriptorium.shenoute.prince.XH185-194.mark.xml#sSpan4227"/>
		<rel id="sPointingRel4001" xlink:href="scriptorium.shenoute.prince.XH185-194.mark.xml#sSpan259" target="scriptorium.shenoute.prince.XH185-194.mark.xml#sSpan261"/>
		<rel id="sPointingRel4003" xlink:href="scriptorium.shenoute.prince.XH185-194.mark.xml#sSpan4372" target="scriptorium.shenoute.prince.XH185-194.mark.xml#sSpan4368"/>
		<rel id="sPointingRel4005" xlink:href="scriptorium.shenoute.prince.XH185-194.mark.xml#sSpan2077" target="scriptorium.shenoute.prince.XH185-194.mark.xml#sSpan2078"/>
		<rel id="sPointingRel4007" xlink:href="scriptorium.shenoute.prince.XH185-194.mark.xml#sSpan2435" target="scriptorium.shenoute.prince.XH185-194.mark.xml#sSpan2433"/>
		<rel id="sPointingRel4009" xlink:href="scriptorium.shenoute.prince.XH185-194.mark.xml#sSpan3868" target="scriptorium.shenoute.prince.XH185-194.mark.xml#sSpan3866"/>
		<rel id="sPointingRel4011" xlink:href="scriptorium.shenoute.prince.XH185-194.mark.xml#sSpan3456" target="scriptorium.shenoute.prince.XH185-194.mark.xml#sSpan3454"/>
		<rel id="sPointingRel4013" xlink:href="scriptorium.shenoute.prince.XH185-194.mark.xml#sSpan5735" target="scriptorium.shenoute.prince.XH185-194.mark.xml#sSpan5737"/>
		<rel id="sPointingRel4015" xlink:href="scriptorium.shenoute.prince.XH185-194.mark.xml#sSpan3431" target="scriptorium.shenoute.prince.XH185-194.mark.xml#sSpan3432"/>
		<rel id="sPointingRel4017" xlink:href="scriptorium.shenoute.prince.XH185-194.mark.xml#sSpan7240" target="scriptorium.shenoute.prince.XH185-194.mark.xml#sSpan7238"/>
		<rel id="sPointingRel4019" xlink:href="scriptorium.shenoute.prince.XH185-194.mark.xml#sSpan6182" target="scriptorium.shenoute.prince.XH185-194.mark.xml#sSpan6180"/>
		<rel id="sPointingRel4021" xlink:href="scriptorium.shenoute.prince.XH185-194.mark.xml#sSpan1654" target="scriptorium.shenoute.prince.XH185-194.mark.xml#sSpan1658"/>
		<rel id="sPointingRel4023" xlink:href="scriptorium.shenoute.prince.XH185-194.mark.xml#sSpan5894" target="scriptorium.shenoute.prince.XH185-194.mark.xml#sSpan5892"/>
		<rel id="sPointingRel4025" xlink:href="scriptorium.shenoute.prince.XH185-194.mark.xml#sSpan6189" target="scriptorium.shenoute.prince.XH185-194.mark.xml#sSpan6194"/>
		<rel id="sPointingRel4027" xlink:href="scriptorium.shenoute.prince.XH185-194.mark.xml#sSpan222" target="scriptorium.shenoute.prince.XH185-194.mark.xml#sSpan225"/>
		<rel id="sPointingRel4029" xlink:href="scriptorium.shenoute.prince.XH185-194.mark.xml#sSpan477" target="scriptorium.shenoute.prince.XH185-194.mark.xml#sSpan478"/>
		<rel id="sPointingRel4031" xlink:href="scriptorium.shenoute.prince.XH185-194.mark.xml#sSpan2067" target="scriptorium.shenoute.prince.XH185-194.mark.xml#sSpan2068"/>
		<rel id="sPointingRel4033" xlink:href="scriptorium.shenoute.prince.XH185-194.mark.xml#sSpan4785" target="scriptorium.shenoute.prince.XH185-194.mark.xml#sSpan4783"/>
		<rel id="sPointingRel4035" xlink:href="scriptorium.shenoute.prince.XH185-194.mark.xml#sSpan5538" target="scriptorium.shenoute.prince.XH185-194.mark.xml#sSpan5540"/>
		<rel id="sPointingRel4037" xlink:href="scriptorium.shenoute.prince.XH185-194.mark.xml#sSpan5929" target="scriptorium.shenoute.prince.XH185-194.mark.xml#sSpan5927"/>
		<rel id="sPointingRel4039" xlink:href="scriptorium.shenoute.prince.XH185-194.mark.xml#sSpan5286" target="scriptorium.shenoute.prince.XH185-194.mark.xml#sSpan5288"/>
		<rel id="sPointingRel4041" xlink:href="scriptorium.shenoute.prince.XH185-194.mark.xml#sSpan5561" target="scriptorium.shenoute.prince.XH185-194.mark.xml#sSpan5557"/>
		<rel id="sPointingRel4043" xlink:href="scriptorium.shenoute.prince.XH185-194.mark.xml#sSpan137" target="scriptorium.shenoute.prince.XH185-194.mark.xml#sSpan135"/>
		<rel id="sPointingRel4045" xlink:href="scriptorium.shenoute.prince.XH185-194.mark.xml#sSpan6441" target="scriptorium.shenoute.prince.XH185-194.mark.xml#sSpan6439"/>
		<rel id="sPointingRel4047" xlink:href="scriptorium.shenoute.prince.XH185-194.mark.xml#sSpan4599" target="scriptorium.shenoute.prince.XH185-194.mark.xml#sSpan4597"/>
		<rel id="sPointingRel4049" xlink:href="scriptorium.shenoute.prince.XH185-194.mark.xml#sSpan2455" target="scriptorium.shenoute.prince.XH185-194.mark.xml#sSpan2453"/>
		<rel id="sPointingRel4051" xlink:href="scriptorium.shenoute.prince.XH185-194.mark.xml#sSpan2513" target="scriptorium.shenoute.prince.XH185-194.mark.xml#sSpan2515"/>
		<rel id="sPointingRel4053" xlink:href="scriptorium.shenoute.prince.XH185-194.mark.xml#sSpan622" target="scriptorium.shenoute.prince.XH185-194.mark.xml#sSpan623"/>
		<rel id="sPointingRel4055" xlink:href="scriptorium.shenoute.prince.XH185-194.mark.xml#sSpan685" target="scriptorium.shenoute.prince.XH185-194.mark.xml#sSpan686"/>
		<rel id="sPointingRel4057" xlink:href="scriptorium.shenoute.prince.XH185-194.mark.xml#sSpan1274" target="scriptorium.shenoute.prince.XH185-194.mark.xml#sSpan1272"/>
		<rel id="sPointingRel4059" xlink:href="scriptorium.shenoute.prince.XH185-194.mark.xml#sSpan2699" target="scriptorium.shenoute.prince.XH185-194.mark.xml#sSpan2700"/>
		<rel id="sPointingRel4061" xlink:href="scriptorium.shenoute.prince.XH185-194.mark.xml#sSpan4513" target="scriptorium.shenoute.prince.XH185-194.mark.xml#sSpan4511"/>
		<rel id="sPointingRel4063" xlink:href="scriptorium.shenoute.prince.XH185-194.mark.xml#sSpan6852" target="scriptorium.shenoute.prince.XH185-194.mark.xml#sSpan6858"/>
		<rel id="sPointingRel4065" xlink:href="scriptorium.shenoute.prince.XH185-194.mark.xml#sSpan536" target="scriptorium.shenoute.prince.XH185-194.mark.xml#sSpan534"/>
		<rel id="sPointingRel4067" xlink:href="scriptorium.shenoute.prince.XH185-194.mark.xml#sSpan288" target="scriptorium.shenoute.prince.XH185-194.mark.xml#sSpan292"/>
		<rel id="sPointingRel4069" xlink:href="scriptorium.shenoute.prince.XH185-194.mark.xml#sSpan437" target="scriptorium.shenoute.prince.XH185-194.mark.xml#sSpan438"/>
		<rel id="sPointingRel4071" xlink:href="scriptorium.shenoute.prince.XH185-194.mark.xml#sSpan5941" target="scriptorium.shenoute.prince.XH185-194.mark.xml#sSpan5942"/>
		<rel id="sPointingRel4073" xlink:href="scriptorium.shenoute.prince.XH185-194.mark.xml#sSpan2497" target="scriptorium.shenoute.prince.XH185-194.mark.xml#sSpan2495"/>
		<rel id="sPointingRel4075" xlink:href="scriptorium.shenoute.prince.XH185-194.mark.xml#sSpan3989" target="scriptorium.shenoute.prince.XH185-194.mark.xml#sSpan3987"/>
		<rel id="sPointingRel4077" xlink:href="scriptorium.shenoute.prince.XH185-194.mark.xml#sSpan1641" target="scriptorium.shenoute.prince.XH185-194.mark.xml#sSpan1639"/>
		<rel id="sPointingRel4079" xlink:href="scriptorium.shenoute.prince.XH185-194.mark.xml#sSpan4407" target="scriptorium.shenoute.prince.XH185-194.mark.xml#sSpan4403"/>
		<rel id="sPointingRel4081" xlink:href="scriptorium.shenoute.prince.XH185-194.mark.xml#sSpan211" target="scriptorium.shenoute.prince.XH185-194.mark.xml#sSpan213"/>
		<rel id="sPointingRel4083" xlink:href="scriptorium.shenoute.prince.XH185-194.mark.xml#sSpan2113" target="scriptorium.shenoute.prince.XH185-194.mark.xml#sSpan2115"/>
		<rel id="sPointingRel4085" xlink:href="scriptorium.shenoute.prince.XH185-194.mark.xml#sSpan5060" target="scriptorium.shenoute.prince.XH185-194.mark.xml#sSpan5061"/>
		<rel id="sPointingRel4087" xlink:href="scriptorium.shenoute.prince.XH185-194.mark.xml#sSpan7289" target="scriptorium.shenoute.prince.XH185-194.mark.xml#sSpan7287"/>
		<rel id="sPointingRel4089" xlink:href="scriptorium.shenoute.prince.XH185-194.mark.xml#sSpan4647" target="scriptorium.shenoute.prince.XH185-194.mark.xml#sSpan4648"/>
		<rel id="sPointingRel4091" xlink:href="scriptorium.shenoute.prince.XH185-194.mark.xml#sSpan4465" target="scriptorium.shenoute.prince.XH185-194.mark.xml#sSpan4467"/>
		<rel id="sPointingRel4093" xlink:href="scriptorium.shenoute.prince.XH185-194.mark.xml#sSpan1969" target="scriptorium.shenoute.prince.XH185-194.mark.xml#sSpan1971"/>
		<rel id="sPointingRel4095" xlink:href="scriptorium.shenoute.prince.XH185-194.mark.xml#sSpan6423" target="scriptorium.shenoute.prince.XH185-194.mark.xml#sSpan6419"/>
		<rel id="sPointingRel4097" xlink:href="scriptorium.shenoute.prince.XH185-194.mark.xml#sSpan2311" target="scriptorium.shenoute.prince.XH185-194.mark.xml#sSpan2312"/>
		<rel id="sPointingRel4099" xlink:href="scriptorium.shenoute.prince.XH185-194.mark.xml#sSpan6669" target="scriptorium.shenoute.prince.XH185-194.mark.xml#sSpan6671"/>
		<rel id="sPointingRel4101" xlink:href="scriptorium.shenoute.prince.XH185-194.mark.xml#sSpan2262" target="scriptorium.shenoute.prince.XH185-194.mark.xml#sSpan2259"/>
		<rel id="sPointingRel4103" xlink:href="scriptorium.shenoute.prince.XH185-194.mark.xml#sSpan2849" target="scriptorium.shenoute.prince.XH185-194.mark.xml#sSpan2847"/>
		<rel id="sPointingRel4105" xlink:href="scriptorium.shenoute.prince.XH185-194.mark.xml#sSpan53" target="scriptorium.shenoute.prince.XH185-194.mark.xml#sSpan50"/>
		<rel id="sPointingRel4107" xlink:href="scriptorium.shenoute.prince.XH185-194.mark.xml#sSpan1522" target="scriptorium.shenoute.prince.XH185-194.mark.xml#sSpan1520"/>
		<rel id="sPointingRel4109" xlink:href="scriptorium.shenoute.prince.XH185-194.mark.xml#sSpan4313" target="scriptorium.shenoute.prince.XH185-194.mark.xml#sSpan4317"/>
		<rel id="sPointingRel4111" xlink:href="scriptorium.shenoute.prince.XH185-194.mark.xml#sSpan3956" target="scriptorium.shenoute.prince.XH185-194.mark.xml#sSpan3952"/>
		<rel id="sPointingRel4113" xlink:href="scriptorium.shenoute.prince.XH185-194.mark.xml#sSpan2092" target="scriptorium.shenoute.prince.XH185-194.mark.xml#sSpan2100"/>
		<rel id="sPointingRel4115" xlink:href="scriptorium.shenoute.prince.XH185-194.mark.xml#sSpan6407" target="scriptorium.shenoute.prince.XH185-194.mark.xml#sSpan6403"/>
		<rel id="sPointingRel4117" xlink:href="scriptorium.shenoute.prince.XH185-194.mark.xml#sSpan753" target="scriptorium.shenoute.prince.XH185-194.mark.xml#sSpan751"/></relList></paula>