<?xml version='1.0' encoding='UTF-8'?><!DOCTYPE paula SYSTEM "paula_feat.dtd">
<paula version="1.1">
	<header paula_id="scriptorium.shenoute.prince.XH185-194.mark_pb_xml_id"/>
	<featList xmlns:xlink="http://www.w3.org/1999/xlink" type="pb_xml_id" xml:base="scriptorium.shenoute.prince.XH185-194.mark.xml">
		<feat xlink:href="#sSpan12" value="XH185"/>
		<feat xlink:href="#sSpan115" value="XH186"/>
		<feat xlink:href="#sSpan877" value="XH187"/>
		<feat xlink:href="#sSpan1690" value="XH188"/>
		<feat xlink:href="#sSpan2474" value="XH189"/>
		<feat xlink:href="#sSpan3281" value="XH190"/>
		<feat xlink:href="#sSpan4090" value="XH191"/>
		<feat xlink:href="#sSpan4939" value="XH192"/>
		<feat xlink:href="#sSpan5697" value="XH193"/>
		<feat xlink:href="#sSpan6434" value="XH194"/></featList></paula>