<?xml version='1.0' encoding='UTF-8'?><!DOCTYPE paula SYSTEM "paula_feat.dtd">
<paula version="1.1">
	<header paula_id="scriptorium.shenoute.prince.XH185-194.mark_chapter_n"/>
	<featList xmlns:xlink="http://www.w3.org/1999/xlink" type="chapter_n" xml:base="scriptorium.shenoute.prince.XH185-194.mark.xml">
		<feat xlink:href="#sSpan13" value="1"/>
		<feat xlink:href="#sSpan373" value="2"/>
		<feat xlink:href="#sSpan525" value="3"/>
		<feat xlink:href="#sSpan667" value="4"/>
		<feat xlink:href="#sSpan798" value="5"/>
		<feat xlink:href="#sSpan1089" value="6"/>
		<feat xlink:href="#sSpan1852" value="7"/>
		<feat xlink:href="#sSpan1945" value="8"/>
		<feat xlink:href="#sSpan2460" value="9"/>
		<feat xlink:href="#sSpan2681" value="10"/>
		<feat xlink:href="#sSpan2817" value="11"/>
		<feat xlink:href="#sSpan2921" value="12"/>
		<feat xlink:href="#sSpan3159" value="13"/>
		<feat xlink:href="#sSpan3301" value="14"/>
		<feat xlink:href="#sSpan3497" value="15"/>
		<feat xlink:href="#sSpan3821" value="16"/>
		<feat xlink:href="#sSpan4588" value="17"/>
		<feat xlink:href="#sSpan4778" value="18"/>
		<feat xlink:href="#sSpan4847" value="19"/>
		<feat xlink:href="#sSpan4983" value="20"/>
		<feat xlink:href="#sSpan5260" value="21"/>
		<feat xlink:href="#sSpan5374" value="22"/>
		<feat xlink:href="#sSpan5851" value="23"/>
		<feat xlink:href="#sSpan6007" value="24"/>
		<feat xlink:href="#sSpan6210" value="25"/>
		<feat xlink:href="#sSpan6508" value="26"/>
		<feat xlink:href="#sSpan6777" value="27"/>
		<feat xlink:href="#sSpan7011" value="28"/></featList></paula>