<?xml version='1.0' encoding='UTF-8'?><!DOCTYPE paula SYSTEM "paula_feat.dtd">
<paula version="1.1">
	<header paula_id="scriptorium.shenoute.prince.XH185-194.mark_arabic"/>
	<featList xmlns:xlink="http://www.w3.org/1999/xlink" type="arabic" xml:base="scriptorium.shenoute.prince.XH185-194.mark.xml">
		<feat xlink:href="#sSpan8" value="بسببك أيضًا يا رئيس الشر  قد حدثت كل أساليب طرق الشر"/>
		<feat xlink:href="#sSpan81" value="لأنه لولا أنك وضعتَ كل شر قدام كل صلاح مسببًا في البشر"/>
		<feat xlink:href="#sSpan178" value="البغضاء مقابل المحبة، العداوة مقابل السلام، الدنس مقابل الطهر، الظلم مقابل العدل والقضاء و ايضًا كل نفاق الأخرى مقابل التقوى."/>
		<feat xlink:href="#sSpan328" value="لما تكن لتذهب كل تلك الجموع إلى الهلاك"/>
		<feat xlink:href="#sSpan375" value="يا لطوباوية الذين أدركوا ما هو وقود القش والعصافة أمام تلك النار التي تُلقى عليهما"/>
		<feat xlink:href="#sSpan473" value="وما الأواني الفخارية امام حجر إذا ما ضُرب به عليها"/>
		<feat xlink:href="#sSpan529" value="إني أقول هذا في وجهك أيها الروح النجس"/>
		<feat xlink:href="#sSpan582" value="ماذا تكون أنتَ وكل خطاياك أمام قوة الله الكائنة في الإنسان الذي يعمل الصلاح؟"/>
		<feat xlink:href="#sSpan673" value="لا تفتخر بنفسك لأجل أناس راقدين، أنك عرّيتهم أو أنك نهبت ديارهم"/>
		<feat xlink:href="#sSpan749" value="أُخْرُج مقابل المتيقظين و المتنبهين، أيها القاتل"/>
		<feat xlink:href="#sSpan806" value="لماذا تجول حولهم في خيالات أحلام بأشكال كثيرة؟"/>
		<feat xlink:href="#sSpan882" value="إذا كنتً تريد القتال، فلا تترك أي أداة أخرى تحارب بها ضد من يضع الله في قلبه حقًا، الذي تجرد من نجاساتك، الذي يقاومك، أيها الجاحد، الذي صار التخنُّث من خلاله، و المولع بالنجاسات بكل نوع."/>
		<feat xlink:href="#sSpan1099" value="أنت الذي بواسطتك يتمم الرجال والنساء أهواءهم، الذين بدَّلوا شأن طبيعتهم إلى ما هو ضد طبيعتهم"/>
		<feat xlink:href="#sSpan1216" value="أنت لا تصير رجلاً، أو تصبح امرأة، أنت لا تصير ثورًا أو حصانًا ولا حمارًا ولا جملاً ولا أي بهيمة"/>
		<feat xlink:href="#sSpan1325" value="وأيضًا أنت لا تصبح حية ولا عقربًا ولا أي زاحف"/>
		<feat xlink:href="#sSpan1382" value="أنت لا تصير بربريًا أو جماعة بشرية شريرة"/>
		<feat xlink:href="#sSpan1435" value="أنت لا تصبح بحرًا أو تجمعًا مائيًا"/>
		<feat xlink:href="#sSpan1479" value="أنت لا تصير جبًا أو حفرةً"/>
		<feat xlink:href="#sSpan1520" value="أنت لا تصير جبلاً أو أرضًا، لأنت لا تصبح غنيًا أو متسولاً"/>
		<feat xlink:href="#sSpan1585" value="لأنك تتخذ شبه هؤلاء و من هم أكثر من هؤلاء، و أنت لا تُحسب كواحد منهم، فهيئتك هي هيئتك أيضًا"/>
		<feat xlink:href="#sSpan1706" value="وأنت هو أنت أيضًا: الشئ الملتف بالكلية على ذاته أو من ذاته"/>
		<feat xlink:href="#sSpan1795" value="ولا تملك أنتَ أو شياطينك أيضًا جزءًا صغيرًا في عضو في أي أحد."/>
		<feat xlink:href="#sSpan1870" value="لأن كل هيئة تتغير إليها هي غريبة عنك"/>
		<feat xlink:href="#sSpan1932" value="وبالكلية هي خيالات"/>
		<feat xlink:href="#sSpan1965" value="ما شأنك أنت والسماء و الهواء والنور لكي تتخذ هيئتها؟"/>
		<feat xlink:href="#sSpan2035" value="مثلما أيضًا تتخذ هيئات ما سوف يصير في النهاية من نارٍ وزلزالٍ  وبخارٍ عظيم ودخان تندفع في الأرض، كما لو المسكونة كلها سوف تهلك بواسطة الظلمة الكاذبة التي امتدت على العالم كله، متخذًا أيضًا هيئة كثيرين من البشر مع شياطينك، راكضًا وصائحًا :'إنها النهاية'، مضطربًا ، تسقط وتقوم، وتنطرح أرضًا، هذه كلها حتى تخدع الذين ينظرون إلى خيالاتك الشريرة في أحلام."/>
		<feat xlink:href="#sSpan2485" value="هكذا تعودتَ أن تنادي مرات كثيرة بدءًا من هذا الدهر بخاصتك أن هذه هي النهاية، ولكن ليست هي. هم يكذبون بك وأنتَ تكذب بهم، ظانين الذي يرونه من قِبله أنه ملاك نور."/>
		<feat xlink:href="#sSpan2707" value="أم فيما تهتم بالإنسان؟ لأنك عندما تحثه: 'لا تخطئ' فأنت تريد قتله بشدة، أيها الغش كله والسيل الجارف كله"/>
		<feat xlink:href="#sSpan2844" value="كيف تكون ملكًا أو جنديًا مع سلطة؟  لأنك تتخذ هيئتهم حتى تزعج الذين سيزعجونك أنتَ"/>
		<feat xlink:href="#sSpan2946" value="ما صفتك حتى تأخذ هيئة الجحيم، كما لو أنك تقيِّد البشر وتطرحهم إلى النار، عندما تلتحف عالمك بنور كاذب كإله والمسيح؟"/>
		<feat xlink:href="#sSpan3116" value="كل أمر متغير، كل أمر لن يحدث هو ما تملكه"/>
		<feat xlink:href="#sSpan3186" value="لأن الأشكال التي تدخلها إلى خاصتك وهم يقظون"/>
		<feat xlink:href="#sSpan3254" value="ليست هي التي تأتي بها في أحلام لأجل المتكلين على يسوع"/>
		<feat xlink:href="#sSpan3330" value="لأنك عندما تظهر مثل ملاك لخاصتك فلن يصدقوك"/>
		<feat xlink:href="#sSpan3423" value="لأنهم لا يعرفون شكل ملاك الرب."/>
		<feat xlink:href="#sSpan3479" value="الذي يعرفونك به هو هيئة الشيطان"/>
		<feat xlink:href="#sSpan3529" value="إذا ما ظهرتَ في هيئاتك للمنتبهين لك وهم ساهرين، أنت تعرف أنهم سوف يتعرفون عليك"/>
		<feat xlink:href="#sSpan3621" value="ماذا ستفعل؟"/>
		<feat xlink:href="#sSpan3646" value="تتخذ هيئة كملاك نوراني أمامهم"/>
		<feat xlink:href="#sSpan3691" value="وأيضًا في هذا يضبطوك، و لا تتخفى عنهم"/>
		<feat xlink:href="#sSpan3755" value="لأنهم إذا فعلوا كما الذي يريد أن يرفع أيديهم عليك، سيكونون مثل الذي صارع الريح"/>
		<feat xlink:href="#sSpan3858" value="لأن الذين عناية الله ليست بعيدة عنهم في كل وقت، يعلموا يقينًا الملاك الحق، وكل حلم صادق، وكل أمر حقيقي، وكل كلمة، وكل شكل حقيقي من الذي تجرب به البشر جميعهم"/>
		<feat xlink:href="#sSpan4072" value="لأن التجربة يتبعها رجاء حسن عند الذين يمتحنون أرواح الحق وأرواح الضلال ."/>
		<feat xlink:href="#sSpan4188" value="بحق ما هذا الجنون! "/>
		<feat xlink:href="#sSpan4211" value="لماذا نصير اغبياء لكي نتطلع لملاك أو روح ليظهروا لنا من الخارج، أو كي يتكلموا معنا، بينما يتكلم الله وروحه وملائكته معنا في داخلنا؟"/>
		<feat xlink:href="#sSpan4396" value="لأن التافهين، والذين لا يسكن فيهم يسوع، هم الذين تأسرهم  بتلك الأشكال"/>
		<feat xlink:href="#sSpan4488" value="لكنك لا يمكنك أن تضحك على أتباع المسيح الحقيقيين"/>
		<feat xlink:href="#sSpan4533" value="لأنه ما هو هذا الذي لم تجعل الناس الذين بلا إله عبيدًا لك فيه، صائرين خارجًا عن هؤلاء الآخرين؟"/>
		<feat xlink:href="#sSpan4635" value="طوبى للذين سوف ينظرون هلاكك، غير هالكين معك، في اليوم الذي فيه غضبُ الذين أهلكتَ اعمال يديه سوف يسحقك مثل رماد، ويطرحك، وينثرك في الجحيم."/>
		<feat xlink:href="#sSpan4826" value="فويل للذين سيرون هلاكك، ويهلكون معك."/>
		<feat xlink:href="#sSpan4896" value="ويل للذين لم يعرفوا حديثك أو تربصك، لأنهم لم يعرفوا صوت الكتب (المقدسة) الذي خرج على كل الأرض ."/>
		<feat xlink:href="#sSpan5033" value="طوبى للذين تيقنوا منك، و (من) افكارك الخفية، لاسيما نجاساتك التي يمكن للأولاد الصغار أن يعرفوها، وهي غير خفية عن الذين يحتقرونك مع دنسك، أيها المعوج، الذي علّم السائرين جميعًا في اعوجاج، الذي رُذل، فجعل شعوبًا كثيرة تُرذَل."/>
		<feat xlink:href="#sSpan5311" value="مِن أين سوف يُقال لجنس البشر: ' أدعوهم ‘الفضة المرذولة‘ لأن الرب قد رذلهم'."/>
		<feat xlink:href="#sSpan5423" value="لو قلتُ أن العَلَقَة خُلقت لكي ما تُشبَّه بها، هذه التي لم تشبعها بناتها، حقًا أنت تتفوق عليها وتزيد، وهي لن تستطيع أن تدركك في عدم الإشباع. "/>
		<feat xlink:href="#sSpan5608" value="ثلاثة هم من قُرأ اسمهم أنهم لم يُشبعوها في رغبتها التي احبتهم فيها حقًا،"/>
		<feat xlink:href="#sSpan5695" value="أما أنت، فلم يشبعك سافك الدماء، أو عابد الأوثان، أو وثني، أو هرطوقي، أو ظالم، أو زاني، أو مأبون، أو غير مؤمن، أو كل الذين تركوا الله يا قاتل البشر."/>
		<feat xlink:href="#sSpan5903" value="فطوبى للذين لم يذوقوا طعمك أبدًا حتى لا تذوق طعمهم، لأنه ينبغي على الذين سوف تذق طعمهم أن يذوقوا طعمك"/>
		<feat xlink:href="#sSpan6017" value="لأن تلك الأطعمة ذاتها هي التي أمامك معهم"/>
		<feat xlink:href="#sSpan6064" value="طوباهم أيضًا الذين طعنوا في حنجرتك ، فلم تقدر أن تبتلعهم بسبب عظامهم الكبيرة، أي الذين تغضب عليهم وتهاجمهم، ولا تقدر عليهم لأجل إيمانهم بالله و صلاحهم."/>
		<feat xlink:href="#sSpan6265" value="طوباهم أيضًا الذين جعلوك تتقيأهم، على غير إرادتك، بعد أن ابتلعتهم،"/>
		<feat xlink:href="#sSpan6339" value="وهذه الشريعة المحيية تجعلك بائسًا إلى التمام، حينما سوف يمحو يسوع أيضًا بقية افكارك من على الأرض، ولن تعودَ موجودًا،"/>
		<feat xlink:href="#sSpan6469" value="الذي لا يشبع، الذي سوف يبتلع الذي لا يشبع،"/>
		<feat xlink:href="#sSpan6521" value="أتكلم عن الجحيم الذي أنت سوف تهبط إليه."/>
		<feat xlink:href="#sSpan6567" value="أنت لم تشبع من قتل البشر"/>
		<feat xlink:href="#sSpan6594" value="وهو لن يشبع من قتلك، وكان عدم شبعه ليس اعظم من الذي لك، بل أكثر جدًا"/>
		<feat xlink:href="#sSpan6692" value="كيف سيتغلبون عليك فيه إلى دهر الدهور، أنت و الذين أكملوا شهواتهم معك، وأنت معهم في ما هو مخالف للطبيعة؟"/>
		<feat xlink:href="#sSpan6839" value="للثعبان سم بمقدار، ولم يخرج عن طبيعته في هذا"/>
		<feat xlink:href="#sSpan6922" value="لأن الله هو الذي وضعه فيه"/>
		<feat xlink:href="#sSpan6967" value="أما الذي لك (سُمُكَ) فقد أوجدتَه لك بنفسك، فكيف يكون له مقدار، وهو منك؟"/>
		<feat xlink:href="#sSpan7076" value="الثعبان يمكنه إلقاء السم إلى أين؟"/>
		<feat xlink:href="#sSpan7119" value="لأنه ربما تصل إلى القريبين له"/>
		<feat xlink:href="#sSpan7165" value="لأنه أيضًا إذا وثب أو لدغ، فمن سوف تتمكن منه؟"/>
		<feat xlink:href="#sSpan7226" value="أو كم سوف تلدغهم؟"/>
		<feat xlink:href="#sSpan7255" value="كم سوف تصيب؟"/>
		<feat xlink:href="#sSpan7280" value="أما أنت أيها المخالف، سمومك تتمكن من الذين في المسكونة كلها"/>
		<feat xlink:href="#sSpan7342" value="أنت تزعج وتضرب الذين في العالم كله"/></featList></paula>