<?xml version='1.0' encoding='UTF-8'?><!DOCTYPE paula SYSTEM "paula_feat.dtd">
<paula version="1.1">
	<header paula_id="scriptorium.soul_body.mark_hi_rend"/>
	<featList xmlns:xlink="http://www.w3.org/1999/xlink" type="hi_rend" xml:base="scriptorium.soul_body.mark.xml">
		<feat xlink:href="#sSpan3" value="ekthetic"/>
		<feat xlink:href="#sSpan141" value="ekthetic"/>
		<feat xlink:href="#sSpan589" value="ekthetic"/>
		<feat xlink:href="#sSpan747" value="ekthetic"/>
		<feat xlink:href="#sSpan1134" value="ekthetic"/>
		<feat xlink:href="#sSpan1385" value="ekthetic"/>
		<feat xlink:href="#sSpan1626" value="ekthetic"/>
		<feat xlink:href="#sSpan1892" value="ekthetic"/>
		<feat xlink:href="#sSpan2292" value="ekthetic"/>
		<feat xlink:href="#sSpan2681" value="ekthetic"/>
		<feat xlink:href="#sSpan2985" value="ekthetic"/>
		<feat xlink:href="#sSpan3095" value="ekthetic"/>
		<feat xlink:href="#sSpan3526" value="ekthetic"/>
		<feat xlink:href="#sSpan3896" value="ekthetic"/>
		<feat xlink:href="#sSpan4113" value="ekthetic"/>
		<feat xlink:href="#sSpan4390" value="ekthetic"/>
		<feat xlink:href="#sSpan4539" value="ekthetic"/>
		<feat xlink:href="#sSpan4892" value="ekthetic"/>
		<feat xlink:href="#sSpan5302" value="ekthetic"/>
		<feat xlink:href="#sSpan5499" value="ekthetic"/>
		<feat xlink:href="#sSpan5682" value="ekthetic"/>
		<feat xlink:href="#sSpan6168" value="ekthetic"/>
		<feat xlink:href="#sSpan6502" value="ekthetic"/>
		<feat xlink:href="#sSpan6708" value="ekthetic"/>
		<feat xlink:href="#sSpan7005" value="ekthetic"/>
		<feat xlink:href="#sSpan7431" value="ekthetic"/>
		<feat xlink:href="#sSpan7586" value="ekthetic"/>
		<feat xlink:href="#sSpan8019" value="ekthetic"/>
		<feat xlink:href="#sSpan8162" value="ekthetic"/>
		<feat xlink:href="#sSpan8640" value="ekthetic"/>
		<feat xlink:href="#sSpan8739" value="ekthetic"/>
		<feat xlink:href="#sSpan9129" value="ekthetic"/>
		<feat xlink:href="#sSpan9360" value="ekthetic"/>
		<feat xlink:href="#sSpan9585" value="ekthetic"/>
		<feat xlink:href="#sSpan9930" value="ekthetic"/>
		<feat xlink:href="#sSpan10040" value="ekthetic"/>
		<feat xlink:href="#sSpan10182" value="ekthetic"/>
		<feat xlink:href="#sSpan10607" value="ekthetic"/>
		<feat xlink:href="#sSpan10790" value="ekthetic"/>
		<feat xlink:href="#sSpan11153" value="ekthetic"/>
		<feat xlink:href="#sSpan11532" value="ekthetic"/>
		<feat xlink:href="#sSpan11700" value="ekthetic"/>
		<feat xlink:href="#sSpan12036" value="ekthetic"/>
		<feat xlink:href="#sSpan12316" value="ekthetic"/>
		<feat xlink:href="#sSpan12555" value="ekthetic"/>
		<feat xlink:href="#sSpan12892" value="ekthetic"/>
		<feat xlink:href="#sSpan13336" value="ekthetic"/>
		<feat xlink:href="#sSpan13604" value="ekthetic"/>
		<feat xlink:href="#sSpan13802" value="ekthetic"/>
		<feat xlink:href="#sSpan14015" value="ekthetic"/>
		<feat xlink:href="#sSpan14117" value="ekthetic"/>
		<feat xlink:href="#sSpan14479" value="ekthetic"/>
		<feat xlink:href="#sSpan14587" value="ekthetic"/>
		<feat xlink:href="#sSpan14966" value="ekthetic"/>
		<feat xlink:href="#sSpan15195" value="ekthetic"/>
		<feat xlink:href="#sSpan15563" value="ekthetic"/>
		<feat xlink:href="#sSpan15709" value="ekthetic"/>
		<feat xlink:href="#sSpan16206" value="ekthetic"/>
		<feat xlink:href="#sSpan16490" value="ekthetic"/>
		<feat xlink:href="#sSpan16815" value="ekthetic"/>
		<feat xlink:href="#sSpan17407" value="ekthetic"/>
		<feat xlink:href="#sSpan17714" value="ekthetic"/>
		<feat xlink:href="#sSpan17904" value="ekthetic"/>
		<feat xlink:href="#sSpan18067" value="ekthetic"/>
		<feat xlink:href="#sSpan18314" value="ekthetic"/>
		<feat xlink:href="#sSpan18377" value="ekthetic"/>
		<feat xlink:href="#sSpan18586" value="ekthetic"/>
		<feat xlink:href="#sSpan18646" value="ekthetic"/>
		<feat xlink:href="#sSpan18894" value="ekthetic"/>
		<feat xlink:href="#sSpan19223" value="ekthetic"/>
		<feat xlink:href="#sSpan19477" value="ekthetic"/>
		<feat xlink:href="#sSpan19604" value="ekthetic"/>
		<feat xlink:href="#sSpan19860" value="ekthetic"/>
		<feat xlink:href="#sSpan20129" value="ekthetic"/>
		<feat xlink:href="#sSpan20544" value="ekthetic"/>
		<feat xlink:href="#sSpan20794" value="ekthetic"/>
		<feat xlink:href="#sSpan20890" value="ekthetic"/>
		<feat xlink:href="#sSpan21007" value="ekthetic"/>
		<feat xlink:href="#sSpan21128" value="ekthetic"/>
		<feat xlink:href="#sSpan21342" value="ekthetic"/>
		<feat xlink:href="#sSpan21498" value="ekthetic"/>
		<feat xlink:href="#sSpan21769" value="ekthetic"/>
		<feat xlink:href="#sSpan22041" value="ekthetic"/>
		<feat xlink:href="#sSpan22313" value="ekthetic"/>
		<feat xlink:href="#sSpan22716" value="ekthetic"/>
		<feat xlink:href="#sSpan22892" value="ekthetic"/>
		<feat xlink:href="#sSpan22966" value="ekthetic"/>
		<feat xlink:href="#sSpan23252" value="ekthetic"/>
		<feat xlink:href="#sSpan23607" value="ekthetic"/></featList></paula>