<?xml version='1.0' encoding='UTF-8'?><!DOCTYPE paula SYSTEM "paula_feat.dtd">
<paula version="1.1">
	<header paula_id="scriptorium.XL93-94.mark_pos"/>
	<featList xmlns:xlink="http://www.w3.org/1999/xlink" type="pos" xml:base="scriptorium.XL93-94.mark.xml">
		<feat xlink:href="#sSpan1" value="N"/>
		<feat xlink:href="#sSpan14" value="PUNCT"/>
		<feat xlink:href="#sSpan18" value="ART"/>
		<feat xlink:href="#sSpan26" value="CREL"/>
		<feat xlink:href="#sSpan28" value="APST"/>
		<feat xlink:href="#sSpan30" value="PPERS"/>
		<feat xlink:href="#sSpan33" value="V"/>
		<feat xlink:href="#sSpan36" value="ADV"/>
		<feat xlink:href="#sSpan40" value="PREP"/>
		<feat xlink:href="#sSpan44" value="ART"/>
		<feat xlink:href="#sSpan49" value="N"/>
		<feat xlink:href="#sSpan52" value="PREP"/>
		<feat xlink:href="#sSpan56" value="ART"/>
		<feat xlink:href="#sSpan59" value="N"/>
		<feat xlink:href="#sSpan62" value="PUNCT"/>
		<feat xlink:href="#sSpan67" value="ADV"/>
		<feat xlink:href="#sSpan75" value="PTC"/>
		<feat xlink:href="#sSpan79" value="CONJ"/>
		<feat xlink:href="#sSpan84" value="ART"/>
		<feat xlink:href="#sSpan88" value="N"/>
		<feat xlink:href="#sSpan91" value="PREP"/>
		<feat xlink:href="#sSpan96" value="N"/>
		<feat xlink:href="#sSpan98" value="PUNCT"/>
		<feat xlink:href="#sSpan102" value="PREP"/>
		<feat xlink:href="#sSpan107" value="ART"/>
		<feat xlink:href="#sSpan111" value="N"/>
		<feat xlink:href="#sSpan114" value="PREP"/>
		<feat xlink:href="#sSpan119" value="ART"/>
		<feat xlink:href="#sSpan122" value="N"/>
		<feat xlink:href="#sSpan124" value="PUNCT"/>
		<feat xlink:href="#sSpan128" value="PREP"/>
		<feat xlink:href="#sSpan132" value="N"/>
		<feat xlink:href="#sSpan137" value="PINT"/>
		<feat xlink:href="#sSpan141" value="CREL"/>
		<feat xlink:href="#sSpan145" value="FUT"/>
		<feat xlink:href="#sSpan147" value="V"/>
		<feat xlink:href="#sSpan150" value="PPERO"/>
		<feat xlink:href="#sSpan153" value="PREP"/>
		<feat xlink:href="#sSpan157" value="N"/>
		<feat xlink:href="#sSpan161" value="PREP"/>
		<feat xlink:href="#sSpan165" value="N"/>
		<feat xlink:href="#sSpan167" value="PUNCT"/>
		<feat xlink:href="#sSpan172" value="CONJ"/>
		<feat xlink:href="#sSpan176" value="N"/>
		<feat xlink:href="#sSpan181" value="PUNCT"/>
		<feat xlink:href="#sSpan186" value="CONJ"/>
		<feat xlink:href="#sSpan190" value="N"/>
		<feat xlink:href="#sSpan194" value="ADV"/>
		<feat xlink:href="#sSpan200" value="PREP"/>
		<feat xlink:href="#sSpan204" value="CCIRC"/>
		<feat xlink:href="#sSpan206" value="PPERS"/>
		<feat xlink:href="#sSpan209" value="N"/>
		<feat xlink:href="#sSpan213" value="PINT"/>
		<feat xlink:href="#sSpan217" value="CREL"/>
		<feat xlink:href="#sSpan221" value="VSTAT"/>
		<feat xlink:href="#sSpan224" value="PREP"/>
		<feat xlink:href="#sSpan229" value="PPOS"/>
		<feat xlink:href="#sSpan232" value="N"/>
		<feat xlink:href="#sSpan234" value="PDEM"/>
		<feat xlink:href="#sSpan243" value="PUNCT"/>
		<feat xlink:href="#sSpan247" value="PREP"/>
		<feat xlink:href="#sSpan251" value="N"/>
		<feat xlink:href="#sSpan255" value="PINT"/>
		<feat xlink:href="#sSpan260" value="CREL"/>
		<feat xlink:href="#sSpan264" value="V"/>
		<feat xlink:href="#sSpan267" value="PREP"/>
		<feat xlink:href="#sSpan271" value="ART"/>
		<feat xlink:href="#sSpan274" value="N"/>
		<feat xlink:href="#sSpan277" value="PUNCT"/>
		<feat xlink:href="#sSpan281" value="PREP"/>
		<feat xlink:href="#sSpan285" value="N"/>
		<feat xlink:href="#sSpan288" value="PINT"/>
		<feat xlink:href="#sSpan292" value="PREP"/>
		<feat xlink:href="#sSpan297" value="ART"/>
		<feat xlink:href="#sSpan300" value="N"/>
		<feat xlink:href="#sSpan302" value="ADV"/>
		<feat xlink:href="#sSpan306" value="PREP"/>
		<feat xlink:href="#sSpan310" value="ART"/>
		<feat xlink:href="#sSpan314" value="N"/>
		<feat xlink:href="#sSpan316" value="PREP"/>
		<feat xlink:href="#sSpan320" value="ART"/>
		<feat xlink:href="#sSpan323" value="N"/>
		<feat xlink:href="#sSpan326" value="PUNCT"/>
		<feat xlink:href="#sSpan331" value="CONJ"/>
		<feat xlink:href="#sSpan335" value="PREP"/>
		<feat xlink:href="#sSpan339" value="ART"/>
		<feat xlink:href="#sSpan342" value="N"/>
		<feat xlink:href="#sSpan346" value="ADV"/>
		<feat xlink:href="#sSpan350" value="PUNCT"/>
		<feat xlink:href="#sSpan355" value="CONJ"/>
		<feat xlink:href="#sSpan363" value="ACOND_PPERS"/>
		<feat xlink:href="#sSpan368" value="NEG"/>
		<feat xlink:href="#sSpan370" value="V"/>
		<feat xlink:href="#sSpan372" value="PREP"/>
		<feat xlink:href="#sSpan377" value="PPERO"/>
		<feat xlink:href="#sSpan379" value="IMOD"/>
		<feat xlink:href="#sSpan384" value="PPERO"/>
		<feat xlink:href="#sSpan386" value="CFOC"/>
		<feat xlink:href="#sSpan390" value="PPERS"/>
		<feat xlink:href="#sSpan392" value="VSTAT"/>
		<feat xlink:href="#sSpan394" value="PREP"/>
		<feat xlink:href="#sSpan399" value="ART"/>
		<feat xlink:href="#sSpan401" value="N"/>
		<feat xlink:href="#sSpan403" value="PREP"/>
		<feat xlink:href="#sSpan407" value="ART"/>
		<feat xlink:href="#sSpan410" value="NPROP"/>
		<feat xlink:href="#sSpan412" value="ADV"/>
		<feat xlink:href="#sSpan418" value="PREP"/>
		<feat xlink:href="#sSpan422" value="ART"/>
		<feat xlink:href="#sSpan425" value="N"/>
		<feat xlink:href="#sSpan427" value="PREP"/>
		<feat xlink:href="#sSpan431" value="N"/>
		<feat xlink:href="#sSpan435" value="CREL"/>
		<feat xlink:href="#sSpan439" value="V"/>
		<feat xlink:href="#sSpan441" value="PUNCT"/>
		<feat xlink:href="#sSpan445" value="CFOC"/>
		<feat xlink:href="#sSpan453" value="PPERS"/>
		<feat xlink:href="#sSpan456" value="V"/>
		<feat xlink:href="#sSpan458" value="PREP"/>
		<feat xlink:href="#sSpan462" value="PPERO"/>
		<feat xlink:href="#sSpan465" value="PREP"/>
		<feat xlink:href="#sSpan469" value="ART"/>
		<feat xlink:href="#sSpan471" value="N"/>
		<feat xlink:href="#sSpan473" value="ADV"/>
		<feat xlink:href="#sSpan478" value="PREP"/>
		<feat xlink:href="#sSpan483" value="NPROP"/>
		<feat xlink:href="#sSpan486" value="PUNCT"/>
		<feat xlink:href="#sSpan490" value="PTC"/>
		<feat xlink:href="#sSpan497" value="PPOS"/>
		<feat xlink:href="#sSpan503" value="N"/>
		<feat xlink:href="#sSpan505" value="IMOD"/>
		<feat xlink:href="#sSpan509" value="PPERO"/>
		<feat xlink:href="#sSpan513" value="CONJ"/>
		<feat xlink:href="#sSpan518" value="PPOS"/>
		<feat xlink:href="#sSpan523" value="N"/>
		<feat xlink:href="#sSpan527" value="IMOD"/>
		<feat xlink:href="#sSpan531" value="PPERO"/>
		<feat xlink:href="#sSpan533" value="ART"/>
		<feat xlink:href="#sSpan538" value="N"/>
		<feat xlink:href="#sSpan541" value="COP"/>
		<feat xlink:href="#sSpan545" value="PUNCT"/>
		<feat xlink:href="#sSpan549" value="ART"/>
		<feat xlink:href="#sSpan557" value="N"/>
		<feat xlink:href="#sSpan559" value="PREP"/>
		<feat xlink:href="#sSpan563" value="PDEM"/>
		<feat xlink:href="#sSpan567" value="CREL"/>
		<feat xlink:href="#sSpan571" value="V"/>
		<feat xlink:href="#sSpan573" value="PREP"/>
		<feat xlink:href="#sSpan577" value="PDEM"/>
		<feat xlink:href="#sSpan580" value="ART"/>
		<feat xlink:href="#sSpan586" value="N"/>
		<feat xlink:href="#sSpan588" value="COP"/>
		<feat xlink:href="#sSpan592" value="PUNCT"/>
		<feat xlink:href="#sSpan597" value="FM"/>
		<feat xlink:href="#sSpan608" value="FM"/>
		<feat xlink:href="#sSpan612" value="PUNCT"/>
		<feat xlink:href="#sSpan618" value="PREP"/>
		<feat xlink:href="#sSpan627" value="PDEM"/>
		<feat xlink:href="#sSpan630" value="ANEGJUS"/>
		<feat xlink:href="#sSpan635" value="PPERS"/>
		<feat xlink:href="#sSpan638" value="V"/>
		<feat xlink:href="#sSpan640" value="PREP"/>
		<feat xlink:href="#sSpan645" value="NEG"/>
		<feat xlink:href="#sSpan647" value="V"/>
		<feat xlink:href="#sSpan650" value="PREP"/>
		<feat xlink:href="#sSpan654" value="PPOS"/>
		<feat xlink:href="#sSpan656" value="N"/>
		<feat xlink:href="#sSpan659" value="CONJ"/>
		<feat xlink:href="#sSpan663" value="ANEGOPT"/>
		<feat xlink:href="#sSpan665" value="ART"/>
		<feat xlink:href="#sSpan668" value="N"/>
		<feat xlink:href="#sSpan672" value="V"/>
		<feat xlink:href="#sSpan676" value="PREP"/>
		<feat xlink:href="#sSpan680" value="PPERO"/>
		<feat xlink:href="#sSpan682" value="CONJ"/>
		<feat xlink:href="#sSpan687" value="ANY"/>
		<feat xlink:href="#sSpan689" value="PPERS"/>
		<feat xlink:href="#sSpan691" value="V"/>
		<feat xlink:href="#sSpan694" value="PTC"/>
		<feat xlink:href="#sSpan699" value="CCIRC"/>
		<feat xlink:href="#sSpan703" value="PPERS"/>
		<feat xlink:href="#sSpan705" value="V"/>
		<feat xlink:href="#sSpan708" value="PREP"/>
		<feat xlink:href="#sSpan712" value="PPOS"/>
		<feat xlink:href="#sSpan714" value="N"/>
		<feat xlink:href="#sSpan717" value="PREP"/>
		<feat xlink:href="#sSpan721" value="ART"/>
		<feat xlink:href="#sSpan723" value="N"/>
		<feat xlink:href="#sSpan725" value="PREP"/>
		<feat xlink:href="#sSpan729" value="ART"/>
		<feat xlink:href="#sSpan732" value="N"/>
		<feat xlink:href="#sSpan735" value="CONJ"/>
		<feat xlink:href="#sSpan739" value="PPOS"/>
		<feat xlink:href="#sSpan745" value="N"/>
		<feat xlink:href="#sSpan747" value="PREP"/>
		<feat xlink:href="#sSpan752" value="PPOS"/>
		<feat xlink:href="#sSpan756" value="N"/>
		<feat xlink:href="#sSpan758" value="CREL"/>
		<feat xlink:href="#sSpan763" value="VSTAT"/>
		<feat xlink:href="#sSpan765" value="CREL"/>
		<feat xlink:href="#sSpan769" value="V"/>
		<feat xlink:href="#sSpan771" value="PREP"/>
		<feat xlink:href="#sSpan776" value="PPERO"/>
		<feat xlink:href="#sSpan778" value="PREP"/>
		<feat xlink:href="#sSpan782" value="ART"/>
		<feat xlink:href="#sSpan786" value="N"/>
		<feat xlink:href="#sSpan788" value="PREP"/>
		<feat xlink:href="#sSpan793" value="ART"/>
		<feat xlink:href="#sSpan796" value="N"/>
		<feat xlink:href="#sSpan798" value="ADV"/>
		<feat xlink:href="#sSpan803" value="PREP"/>
		<feat xlink:href="#sSpan807" value="ART"/>
		<feat xlink:href="#sSpan810" value="N"/>
		<feat xlink:href="#sSpan812" value="PREP"/>
		<feat xlink:href="#sSpan816" value="N"/>
		<feat xlink:href="#sSpan818" value="CONJ"/>
		<feat xlink:href="#sSpan823" value="ADV"/>
		<feat xlink:href="#sSpan827" value="PREP"/>
		<feat xlink:href="#sSpan831" value="N"/>
		<feat xlink:href="#sSpan834" value="PUNCT"/>
		<feat xlink:href="#sSpan839" value="CONJ"/>
		<feat xlink:href="#sSpan847" value="AJUS"/>
		<feat xlink:href="#sSpan851" value="PPERS"/>
		<feat xlink:href="#sSpan854" value="V"/>
		<feat xlink:href="#sSpan858" value="PREP"/>
		<feat xlink:href="#sSpan862" value="PPOS"/>
		<feat xlink:href="#sSpan864" value="N"/>
		<feat xlink:href="#sSpan866" value="PREP"/>
		<feat xlink:href="#sSpan871" value="ART"/>
		<feat xlink:href="#sSpan873" value="N"/>
		<feat xlink:href="#sSpan875" value="PREP"/>
		<feat xlink:href="#sSpan880" value="NPROP"/>
		<feat xlink:href="#sSpan883" value="PUNCT"/>
		<feat xlink:href="#sSpan887" value="PDEM"/>
		<feat xlink:href="#sSpan891" value="CREL"/>
		<feat xlink:href="#sSpan896" value="APST"/>
		<feat xlink:href="#sSpan898" value="PPERS"/>
		<feat xlink:href="#sSpan900" value="V"/>
		<feat xlink:href="#sSpan902" value="PREP"/>
		<feat xlink:href="#sSpan906" value="ART"/>
		<feat xlink:href="#sSpan910" value="N"/>
		<feat xlink:href="#sSpan913" value="PREP"/>
		<feat xlink:href="#sSpan917" value="N"/>
		<feat xlink:href="#sSpan920" value="PREP"/>
		<feat xlink:href="#sSpan926" value="PPERO"/>
		<feat xlink:href="#sSpan928" value="PUNCT"/>
		<feat xlink:href="#sSpan932" value="CONJ"/>
		<feat xlink:href="#sSpan939" value="PREP"/>
		<feat xlink:href="#sSpan943" value="ART"/>
		<feat xlink:href="#sSpan945" value="N"/>
		<feat xlink:href="#sSpan947" value="PREP"/>
		<feat xlink:href="#sSpan953" value="NPROP"/>
		<feat xlink:href="#sSpan956" value="ART"/>
		<feat xlink:href="#sSpan960" value="N"/>
		<feat xlink:href="#sSpan963" value="PREP"/>
		<feat xlink:href="#sSpan968" value="NPROP"/>
		<feat xlink:href="#sSpan971" value="PUNCT"/>
		<feat xlink:href="#sSpan975" value="CONJ"/>
		<feat xlink:href="#sSpan982" value="PREP"/>
		<feat xlink:href="#sSpan987" value="ART"/>
		<feat xlink:href="#sSpan989" value="N"/>
		<feat xlink:href="#sSpan991" value="PREP"/>
		<feat xlink:href="#sSpan995" value="ART"/>
		<feat xlink:href="#sSpan999" value="N"/>
		<feat xlink:href="#sSpan1002" value="IMOD"/>
		<feat xlink:href="#sSpan1006" value="PPERO"/>
		<feat xlink:href="#sSpan1008" value="PREP"/>
		<feat xlink:href="#sSpan1012" value="ART"/>
		<feat xlink:href="#sSpan1017" value="N"/>
		<feat xlink:href="#sSpan1019" value="IMOD"/>
		<feat xlink:href="#sSpan1024" value="PPERO"/>
		<feat xlink:href="#sSpan1026" value="PUNCT"/>
		<feat xlink:href="#sSpan1030" value="PDEM"/>
		<feat xlink:href="#sSpan1035" value="CREL"/>
		<feat xlink:href="#sSpan1039" value="APST"/>
		<feat xlink:href="#sSpan1041" value="PPERS"/>
		<feat xlink:href="#sSpan1043" value="V"/>
		<feat xlink:href="#sSpan1046" value="PREP"/>
		<feat xlink:href="#sSpan1050" value="N"/>
		<feat xlink:href="#sSpan1053" value="PREP"/>
		<feat xlink:href="#sSpan1058" value="ART"/>
		<feat xlink:href="#sSpan1061" value="N"/>
		<feat xlink:href="#sSpan1063" value="PPOS"/>
		<feat xlink:href="#sSpan1071" value="N"/>
		<feat xlink:href="#sSpan1074" value="NPROP"/>
		<feat xlink:href="#sSpan1078" value="ART"/>
		<feat xlink:href="#sSpan1087" value="PREP"/>
		<feat xlink:href="#sSpan1089" value="ART"/>
		<feat xlink:href="#sSpan1092" value="N"/>
		<feat xlink:href="#sSpan1095" value="CONJ"/>
		<feat xlink:href="#sSpan1100" value="APST"/>
		<feat xlink:href="#sSpan1102" value="PPERS"/>
		<feat xlink:href="#sSpan1104" value="V"/>
		<feat xlink:href="#sSpan1107" value="PREP"/>
		<feat xlink:href="#sSpan1111" value="PPERO"/>
		<feat xlink:href="#sSpan1113" value="PREP"/>
		<feat xlink:href="#sSpan1117" value="PPOS"/>
		<feat xlink:href="#sSpan1121" value="N"/>
		<feat xlink:href="#sSpan1123" value="ART"/>
		<feat xlink:href="#sSpan1128" value="N"/>
		<feat xlink:href="#sSpan1131" value="PREP"/>
		<feat xlink:href="#sSpan1135" value="ART"/>
		<feat xlink:href="#sSpan1139" value="N"/>
		<feat xlink:href="#sSpan1142" value="PREP"/>
		<feat xlink:href="#sSpan1147" value="ART"/>
		<feat xlink:href="#sSpan1150" value="N"/>
		<feat xlink:href="#sSpan1152" value="PREP"/>
		<feat xlink:href="#sSpan1156" value="N"/>
		<feat xlink:href="#sSpan1159" value="CONJ"/>
		<feat xlink:href="#sSpan1163" value="APST"/>
		<feat xlink:href="#sSpan1167" value="PPERS"/>
		<feat xlink:href="#sSpan1169" value="V"/>
		<feat xlink:href="#sSpan1172" value="PPERO"/>
		<feat xlink:href="#sSpan1174" value="PUNCT"/>
		<feat xlink:href="#sSpan1178" value="CONJ"/>
		<feat xlink:href="#sSpan1182" value="ANEGPST"/>
		<feat xlink:href="#sSpan1186" value="PPERS"/>
		<feat xlink:href="#sSpan1189" value="V"/>
		<feat xlink:href="#sSpan1191" value="PUNCT"/>
		<feat xlink:href="#sSpan1196" value="CFOC"/>
		<feat xlink:href="#sSpan1205" value="APST"/>
		<feat xlink:href="#sSpan1207" value="ART"/>
		<feat xlink:href="#sSpan1211" value="N"/>
		<feat xlink:href="#sSpan1213" value="PREP"/>
		<feat xlink:href="#sSpan1218" value="ART"/>
		<feat xlink:href="#sSpan1222" value="N"/>
		<feat xlink:href="#sSpan1225" value="V"/>
		<feat xlink:href="#sSpan1231" value="PREP"/>
		<feat xlink:href="#sSpan1235" value="ART"/>
		<feat xlink:href="#sSpan1238" value="N"/>
		<feat xlink:href="#sSpan1242" value="CONJ"/>
		<feat xlink:href="#sSpan1246" value="PPOS"/>
		<feat xlink:href="#sSpan1252" value="N"/>
		<feat xlink:href="#sSpan1254" value="PREP"/>
		<feat xlink:href="#sSpan1258" value="ART"/>
		<feat xlink:href="#sSpan1262" value="UNKNOWN"/>
		<feat xlink:href="#sSpan1264" value="PREP"/>
		<feat xlink:href="#sSpan1268" value="ACAUS"/>
		<feat xlink:href="#sSpan1270" value="PPERS"/>
		<feat xlink:href="#sSpan1272" value="V"/>
		<feat xlink:href="#sSpan1275" value="NUM"/>
		<feat xlink:href="#sSpan1280" value="PREP"/>
		<feat xlink:href="#sSpan1285" value="V"/>
		<feat xlink:href="#sSpan1289" value="PREP"/>
		<feat xlink:href="#sSpan1293" value="ART"/>
		<feat xlink:href="#sSpan1296" value="N"/>
		<feat xlink:href="#sSpan1299" value="PUNCT"/>
		<feat xlink:href="#sSpan1303" value="CONJ"/>
		<feat xlink:href="#sSpan1307" value="ACONJ"/>
		<feat xlink:href="#sSpan1311" value="PPERS"/>
		<feat xlink:href="#sSpan1313" value="V"/>
		<feat xlink:href="#sSpan1316" value="PREP"/>
		<feat xlink:href="#sSpan1320" value="ART"/>
		<feat xlink:href="#sSpan1323" value="N"/>
		<feat xlink:href="#sSpan1325" value="PREP"/>
		<feat xlink:href="#sSpan1330" value="NPROP"/>
		<feat xlink:href="#sSpan1333" value="PUNCT"/>
		<feat xlink:href="#sSpan1338" value="PREP"/>
		<feat xlink:href="#sSpan1347" value="PDEM"/>
		<feat xlink:href="#sSpan1350" value="APREC"/>
		<feat xlink:href="#sSpan1354" value="PPERS"/>
		<feat xlink:href="#sSpan1357" value="V"/>
		<feat xlink:href="#sSpan1361" value="PTC"/>
		<feat xlink:href="#sSpan1365" value="ART"/>
		<feat xlink:href="#sSpan1369" value="N"/>
		<feat xlink:href="#sSpan1372" value="NPROP"/>
		<feat xlink:href="#sSpan1376" value="CONJ"/>
		<feat xlink:href="#sSpan1380" value="PPOS"/>
		<feat xlink:href="#sSpan1383" value="N"/>
		<feat xlink:href="#sSpan1386" value="ART"/>
		<feat xlink:href="#sSpan1391" value="N"/>
		<feat xlink:href="#sSpan1394" value="FUT"/>
		<feat xlink:href="#sSpan1398" value="V"/>
		<feat xlink:href="#sSpan1401" value="PREP"/>
		<feat xlink:href="#sSpan1405" value="N"/>
		<feat xlink:href="#sSpan1409" value="PINT"/>
		<feat xlink:href="#sSpan1414" value="CREL"/>
		<feat xlink:href="#sSpan1418" value="APST"/>
		<feat xlink:href="#sSpan1420" value="PPERS"/>
		<feat xlink:href="#sSpan1423" value="V"/>
		<feat xlink:href="#sSpan1427" value="PREP"/>
		<feat xlink:href="#sSpan1431" value="PPERO"/>
		<feat xlink:href="#sSpan1433" value="CCIRC"/>
		<feat xlink:href="#sSpan1437" value="PPERS"/>
		<feat xlink:href="#sSpan1439" value="FUT"/>
		<feat xlink:href="#sSpan1442" value="V"/>
		<feat xlink:href="#sSpan1445" value="ADV"/>
		<feat xlink:href="#sSpan1449" value="PREP"/>
		<feat xlink:href="#sSpan1454" value="PPERO"/>
		<feat xlink:href="#sSpan1456" value="ADV"/>
		<feat xlink:href="#sSpan1460" value="PREP"/>
		<feat xlink:href="#sSpan1464" value="ART"/>
		<feat xlink:href="#sSpan1467" value="N"/>
		<feat xlink:href="#sSpan1471" value="PREP"/>
		<feat xlink:href="#sSpan1475" value="ART"/>
		<feat xlink:href="#sSpan1479" value="N"/>
		<feat xlink:href="#sSpan1482" value="PUNCT"/>
		<feat xlink:href="#sSpan1486" value="CONJ"/>
		<feat xlink:href="#sSpan1493" value="PREP"/>
		<feat xlink:href="#sSpan1498" value="ART"/>
		<feat xlink:href="#sSpan1500" value="N"/>
		<feat xlink:href="#sSpan1502" value="ADV"/>
		<feat xlink:href="#sSpan1506" value="CREL"/>
		<feat xlink:href="#sSpan1510" value="APST"/>
		<feat xlink:href="#sSpan1512" value="PPERS"/>
		<feat xlink:href="#sSpan1514" value="V"/>
		<feat xlink:href="#sSpan1516" value="ADV"/>
		<feat xlink:href="#sSpan1521" value="PREP"/>
		<feat xlink:href="#sSpan1525" value="ART"/>
		<feat xlink:href="#sSpan1528" value="CREL"/>
		<feat xlink:href="#sSpan1530" value="APST"/>
		<feat xlink:href="#sSpan1532" value="PPERS"/>
		<feat xlink:href="#sSpan1535" value="V"/>
		<feat xlink:href="#sSpan1539" value="PREP"/>
		<feat xlink:href="#sSpan1543" value="PPERO"/>
		<feat xlink:href="#sSpan1546" value="PREP"/>
		<feat xlink:href="#sSpan1550" value="PPERO"/>
		<feat xlink:href="#sSpan1552" value="PREP"/>
		<feat xlink:href="#sSpan1556" value="ART"/>
		<feat xlink:href="#sSpan1558" value="N"/>
		<feat xlink:href="#sSpan1561" value="CCIRC"/>
		<feat xlink:href="#sSpan1565" value="PPERS"/>
		<feat xlink:href="#sSpan1567" value="VSTAT"/>
		<feat xlink:href="#sSpan1569" value="PREP"/>
		<feat xlink:href="#sSpan1575" value="PPERO"/>
		<feat xlink:href="#sSpan1577" value="PTC"/>
		<feat xlink:href="#sSpan1581" value="ART"/>
		<feat xlink:href="#sSpan1584" value="N"/>
		<feat xlink:href="#sSpan1586" value="PREP"/>
		<feat xlink:href="#sSpan1591" value="ART"/>
		<feat xlink:href="#sSpan1594" value="N"/>
		<feat xlink:href="#sSpan1597" value="NPROP"/>
		<feat xlink:href="#sSpan1601" value="PUNCT"/>
		<feat xlink:href="#sSpan1605" value="PREP"/>
		<feat xlink:href="#sSpan1614" value="PDEM"/>
		<feat xlink:href="#sSpan1617" value="VBD"/>
		<feat xlink:href="#sSpan1621" value="PPERO"/>
		<feat xlink:href="#sSpan1623" value="PREP"/>
		<feat xlink:href="#sSpan1628" value="PPERO"/>
		<feat xlink:href="#sSpan1630" value="CONJ"/>
		<feat xlink:href="#sSpan1634" value="NEG"/>
		<feat xlink:href="#sSpan1636" value="PPERS"/>
		<feat xlink:href="#sSpan1638" value="FUT"/>
		<feat xlink:href="#sSpan1640" value="V"/>
		<feat xlink:href="#sSpan1643" value="PTC"/>
		<feat xlink:href="#sSpan1647" value="NEG"/>
		<feat xlink:href="#sSpan1651" value="PREP"/>
		<feat xlink:href="#sSpan1655" value="PPERO"/>
		<feat xlink:href="#sSpan1657" value="CONJ"/>
		<feat xlink:href="#sSpan1662" value="PPOS"/>
		<feat xlink:href="#sSpan1665" value="N"/>
		<feat xlink:href="#sSpan1667" value="CONJ"/>
		<feat xlink:href="#sSpan1671" value="NEG"/>
		<feat xlink:href="#sSpan1674" value="ART"/>
		<feat xlink:href="#sSpan1677" value="N"/>
		<feat xlink:href="#sSpan1679" value="V"/>
		<feat xlink:href="#sSpan1683" value="NEG"/>
		<feat xlink:href="#sSpan1688" value="CONJ"/>
		<feat xlink:href="#sSpan1692" value="PINT"/>
		<feat xlink:href="#sSpan1694" value="COP"/>
		<feat xlink:href="#sSpan1698" value="CREL"/>
		<feat xlink:href="#sSpan1700" value="PPOS"/>
		<feat xlink:href="#sSpan1704" value="N"/>
		<feat xlink:href="#sSpan1706" value="V"/>
		<feat xlink:href="#sSpan1710" value="PREP"/>
		<feat xlink:href="#sSpan1715" value="PPERO"/>
		<feat xlink:href="#sSpan1717" value="PUNCT"/>
		<feat xlink:href="#sSpan1722" value="CONJ"/>
		<feat xlink:href="#sSpan1729" value="CFOC"/>
		<feat xlink:href="#sSpan1733" value="PPERS"/>
		<feat xlink:href="#sSpan1735" value="FUT"/>
		<feat xlink:href="#sSpan1737" value="V"/>
		<feat xlink:href="#sSpan1740" value="PREP"/>
		<feat xlink:href="#sSpan1744" value="PPERO"/>
		<feat xlink:href="#sSpan1746" value="CONJ"/>
		<feat xlink:href="#sSpan1751" value="PPOS"/>
		<feat xlink:href="#sSpan1754" value="N"/>
		<feat xlink:href="#sSpan1756" value="CONJ"/>
		<feat xlink:href="#sSpan1760" value="PPOS"/>
		<feat xlink:href="#sSpan1766" value="N"/>
		<feat xlink:href="#sSpan1768" value="PUNCT"/>
		<feat xlink:href="#sSpan1772" value="CONJ"/>
		<feat xlink:href="#sSpan1776" value="ART"/>
		<feat xlink:href="#sSpan1779" value="CREL"/>
		<feat xlink:href="#sSpan1782" value="APST"/>
		<feat xlink:href="#sSpan1784" value="PPERS"/>
		<feat xlink:href="#sSpan1786" value="V"/>
		<feat xlink:href="#sSpan1788" value="PPERO"/>
		<feat xlink:href="#sSpan1790" value="IMOD"/>
		<feat xlink:href="#sSpan1795" value="PPERO"/>
		<feat xlink:href="#sSpan1797" value="PREP"/>
		<feat xlink:href="#sSpan1801" value="PPOS"/>
		<feat xlink:href="#sSpan1804" value="N"/>
		<feat xlink:href="#sSpan1806" value="APST"/>
		<feat xlink:href="#sSpan1811" value="PPERS"/>
		<feat xlink:href="#sSpan1813" value="V"/>
		<feat xlink:href="#sSpan1815" value="PPERO"/>
		<feat xlink:href="#sSpan1817" value="PREP"/>
		<feat xlink:href="#sSpan1821" value="PPERO"/>
		<feat xlink:href="#sSpan1824" value="PUNCT"/>
		<feat xlink:href="#sSpan1828" value="PPERI"/>
		<feat xlink:href="#sSpan1835" value="NEG"/>
		<feat xlink:href="#sSpan1839" value="VBD"/>
		<feat xlink:href="#sSpan1844" value="PPERS"/>
		<feat xlink:href="#sSpan1846" value="APST"/>
		<feat xlink:href="#sSpan1850" value="PPERS"/>
		<feat xlink:href="#sSpan1852" value="VSTAT"/>
		<feat xlink:href="#sSpan1855" value="PPERO"/>
		<feat xlink:href="#sSpan1857" value="PUNCT"/>
		<feat xlink:href="#sSpan1862" value="CONJ"/>
		<feat xlink:href="#sSpan1869" value="PPERI"/>
		<feat xlink:href="#sSpan1874" value="APST"/>
		<feat xlink:href="#sSpan1878" value="PPERS"/>
		<feat xlink:href="#sSpan1880" value="V"/>
		<feat xlink:href="#sSpan1882" value="PPERO"/>
		<feat xlink:href="#sSpan1885" value="PUNCT"/>
		<feat xlink:href="#sSpan1889" value="CONJ"/>
		<feat xlink:href="#sSpan1896" value="PPERS"/>
		<feat xlink:href="#sSpan1900" value="V"/>
		<feat xlink:href="#sSpan1902" value="PREP"/>
		<feat xlink:href="#sSpan1907" value="PPERO"/>
		<feat xlink:href="#sSpan1909" value="PREP"/>
		<feat xlink:href="#sSpan1913" value="ART"/>
		<feat xlink:href="#sSpan1915" value="N"/>
		<feat xlink:href="#sSpan1917" value="PREP"/>
		<feat xlink:href="#sSpan1921" value="ART"/>
		<feat xlink:href="#sSpan1925" value="N"/>
		<feat xlink:href="#sSpan1927" value="PREP"/>
		<feat xlink:href="#sSpan1931" value="ART"/>
		<feat xlink:href="#sSpan1934" value="N"/>
		<feat xlink:href="#sSpan1937" value="PREP"/>
		<feat xlink:href="#sSpan1941" value="ART"/>
		<feat xlink:href="#sSpan1944" value="N"/>
		<feat xlink:href="#sSpan1946" value="PUNCT"/>
		<feat xlink:href="#sSpan1951" value="NEG"/>
		<feat xlink:href="#sSpan1960" value="V"/>
		<feat xlink:href="#sSpan1963" value="N"/>
		<feat xlink:href="#sSpan1967" value="PPERO"/>
		<feat xlink:href="#sSpan1969" value="PREP"/>
		<feat xlink:href="#sSpan1974" value="ART"/>
		<feat xlink:href="#sSpan1977" value="CREL"/>
		<feat xlink:href="#sSpan1979" value="FUT"/>
		<feat xlink:href="#sSpan1981" value="V"/>
		<feat xlink:href="#sSpan1983" value="PREP"/>
		<feat xlink:href="#sSpan1988" value="PPOS"/>
		<feat xlink:href="#sSpan1992" value="N"/>
		<feat xlink:href="#sSpan1994" value="PUNCT"/>
		<feat xlink:href="#sSpan1998" value="CONJ"/>
		<feat xlink:href="#sSpan2006" value="APST"/>
		<feat xlink:href="#sSpan2010" value="PPERS"/>
		<feat xlink:href="#sSpan2012" value="V"/>
		<feat xlink:href="#sSpan2014" value="PREP"/>
		<feat xlink:href="#sSpan2019" value="PPERO"/>
		<feat xlink:href="#sSpan2021" value="PPERS"/>
		<feat xlink:href="#sSpan2025" value="FUT"/>
		<feat xlink:href="#sSpan2027" value="V"/>
		<feat xlink:href="#sSpan2030" value="PREP"/>
		<feat xlink:href="#sSpan2035" value="PPERO"/>
		<feat xlink:href="#sSpan2037" value="PUNCT"/>
		<feat xlink:href="#sSpan2041" value="CONJ"/>
		<feat xlink:href="#sSpan2049" value="APST"/>
		<feat xlink:href="#sSpan2053" value="PPERS"/>
		<feat xlink:href="#sSpan2055" value="V"/>
		<feat xlink:href="#sSpan2057" value="PREP"/>
		<feat xlink:href="#sSpan2061" value="PPOS"/>
		<feat xlink:href="#sSpan2064" value="N"/>
		<feat xlink:href="#sSpan2067" value="PPERS"/>
		<feat xlink:href="#sSpan2071" value="FUT"/>
		<feat xlink:href="#sSpan2073" value="V"/>
		<feat xlink:href="#sSpan2075" value="ADV"/>
		<feat xlink:href="#sSpan2080" value="PREP"/>
		<feat xlink:href="#sSpan2084" value="PPOS"/>
		<feat xlink:href="#sSpan2086" value="PUNCT"/>
		<feat xlink:href="#sSpan2090" value="CONJ"/>
		<feat xlink:href="#sSpan2098" value="APST"/>
		<feat xlink:href="#sSpan2102" value="PPERS"/>
		<feat xlink:href="#sSpan2104" value="V"/>
		<feat xlink:href="#sSpan2106" value="PREP"/></featList></paula>