<?xml version='1.0' encoding='UTF-8'?><!DOCTYPE paula SYSTEM "paula_mark.dtd">
<paula version="1.1">
	<header paula_id="01_Genesis_09.tok"/>
	<markList xmlns:xlink="http://www.w3.org/1999/xlink" type="tok" xml:base="01_Genesis_09.text.xml">
		<!--ⲁⲩⲱ-->
		<mark id="sTok1" xlink:href="#xpointer(string-range(//body,'',1,3))"/>
		<!--ⲁ-->
		<mark id="sTok2" xlink:href="#xpointer(string-range(//body,'',5,1))"/>
		<!--ⲡ-->
		<mark id="sTok3" xlink:href="#xpointer(string-range(//body,'',7,1))"/>
		<!--ϫⲟⲉⲓⲥ-->
		<mark id="sTok4" xlink:href="#xpointer(string-range(//body,'',9,5))"/>
		<!--ⲡ-->
		<mark id="sTok5" xlink:href="#xpointer(string-range(//body,'',15,1))"/>
		<!--ⲛⲟⲩⲧⲉ-->
		<mark id="sTok6" xlink:href="#xpointer(string-range(//body,'',17,5))"/>
		<!--ⲥⲙⲟⲩ-->
		<mark id="sTok7" xlink:href="#xpointer(string-range(//body,'',23,4))"/>
		<!--ⲉ-->
		<mark id="sTok8" xlink:href="#xpointer(string-range(//body,'',28,1))"/>
		<!--ⲛⲱϩⲉ-->
		<mark id="sTok9" xlink:href="#xpointer(string-range(//body,'',30,4))"/>
		<!--ⲙⲛ-->
		<mark id="sTok10" xlink:href="#xpointer(string-range(//body,'',35,2))"/>
		<!--ⲛⲉϥ-->
		<mark id="sTok11" xlink:href="#xpointer(string-range(//body,'',38,3))"/>
		<!--ϣⲏⲣⲉ-->
		<mark id="sTok12" xlink:href="#xpointer(string-range(//body,'',42,4))"/>
		<!--ⲉ-->
		<mark id="sTok13" xlink:href="#xpointer(string-range(//body,'',47,1))"/>
		<!--ϥ-->
		<mark id="sTok14" xlink:href="#xpointer(string-range(//body,'',49,1))"/>
		<!--ϫⲱ-->
		<mark id="sTok15" xlink:href="#xpointer(string-range(//body,'',51,2))"/>
		<!--ⲙⲙⲟ-->
		<mark id="sTok16" xlink:href="#xpointer(string-range(//body,'',54,3))"/>
		<!--ⲥ-->
		<mark id="sTok17" xlink:href="#xpointer(string-range(//body,'',58,1))"/>
		<!--ⲛⲁ-->
		<mark id="sTok18" xlink:href="#xpointer(string-range(//body,'',60,2))"/>
		<!--ⲩ-->
		<mark id="sTok19" xlink:href="#xpointer(string-range(//body,'',63,1))"/>
		<!--ϫⲉ-->
		<mark id="sTok20" xlink:href="#xpointer(string-range(//body,'',65,2))"/>
		<!--ⲁϣⲁⲓ-->
		<mark id="sTok21" xlink:href="#xpointer(string-range(//body,'',68,4))"/>
		<!--ⲛ-->
		<mark id="sTok22" xlink:href="#xpointer(string-range(//body,'',73,1))"/>
		<!--ⲧⲉⲧ-->
		<mark id="sTok23" xlink:href="#xpointer(string-range(//body,'',75,3))"/>
		<!--ⲛⲁ-->
		<mark id="sTok24" xlink:href="#xpointer(string-range(//body,'',79,2))"/>
		<!--ⲓⲁ-->
		<mark id="sTok25" xlink:href="#xpointer(string-range(//body,'',82,2))"/>
		<!--ⲓ-->
		<mark id="sTok26" xlink:href="#xpointer(string-range(//body,'',85,1))"/>
		<!--ⲛ-->
		<mark id="sTok27" xlink:href="#xpointer(string-range(//body,'',87,1))"/>
		<!--ⲧⲉⲧⲛ-->
		<mark id="sTok28" xlink:href="#xpointer(string-range(//body,'',89,4))"/>
		<!--ⲙⲉϩ-->
		<mark id="sTok29" xlink:href="#xpointer(string-range(//body,'',94,3))"/>
		<!--ⲡ-->
		<mark id="sTok30" xlink:href="#xpointer(string-range(//body,'',98,1))"/>
		<!--ⲕⲁϩ-->
		<mark id="sTok31" xlink:href="#xpointer(string-range(//body,'',100,3))"/>
		<!--ⲛ-->
		<mark id="sTok32" xlink:href="#xpointer(string-range(//body,'',104,1))"/>
		<!--ⲧⲉⲧⲛ-->
		<mark id="sTok33" xlink:href="#xpointer(string-range(//body,'',106,4))"/>
		<!--ⲣ-->
		<mark id="sTok34" xlink:href="#xpointer(string-range(//body,'',111,1))"/>
		<!--ϫⲟⲉⲓⲥ-->
		<mark id="sTok35" xlink:href="#xpointer(string-range(//body,'',113,5))"/>
		<!--ⲉϫⲱ-->
		<mark id="sTok36" xlink:href="#xpointer(string-range(//body,'',119,3))"/>
		<!--ϥ-->
		<mark id="sTok37" xlink:href="#xpointer(string-range(//body,'',123,1))"/>
		<!--ⲁⲩⲱ-->
		<mark id="sTok38" xlink:href="#xpointer(string-range(//body,'',125,3))"/>
		<!--ⲡⲉϫⲉ-->
		<mark id="sTok39" xlink:href="#xpointer(string-range(//body,'',129,4))"/>
		<!--ⲡ-->
		<mark id="sTok40" xlink:href="#xpointer(string-range(//body,'',134,1))"/>
		<!--ϫⲟⲉⲓⲥ-->
		<mark id="sTok41" xlink:href="#xpointer(string-range(//body,'',136,5))"/>
		<!--ⲡ-->
		<mark id="sTok42" xlink:href="#xpointer(string-range(//body,'',142,1))"/>
		<!--ⲛⲟⲩⲧⲉ-->
		<mark id="sTok43" xlink:href="#xpointer(string-range(//body,'',144,5))"/>
		<!--ⲛ-->
		<mark id="sTok44" xlink:href="#xpointer(string-range(//body,'',150,1))"/>
		<!--ⲛⲱϩⲉ-->
		<mark id="sTok45" xlink:href="#xpointer(string-range(//body,'',152,4))"/>
		<!--ⲉ-->
		<mark id="sTok46" xlink:href="#xpointer(string-range(//body,'',157,1))"/>
		<!--ϥ-->
		<mark id="sTok47" xlink:href="#xpointer(string-range(//body,'',159,1))"/>
		<!--ϫⲱ-->
		<mark id="sTok48" xlink:href="#xpointer(string-range(//body,'',161,2))"/>
		<!--ⲙⲙⲟ-->
		<mark id="sTok49" xlink:href="#xpointer(string-range(//body,'',164,3))"/>
		<!--ⲥ-->
		<mark id="sTok50" xlink:href="#xpointer(string-range(//body,'',168,1))"/>
		<!--ⲛⲁ-->
		<mark id="sTok51" xlink:href="#xpointer(string-range(//body,'',170,2))"/>
		<!--ϥ-->
		<mark id="sTok52" xlink:href="#xpointer(string-range(//body,'',173,1))"/>
		<!--.-->
		<mark id="sTok53" xlink:href="#xpointer(string-range(//body,'',175,1))"/>
		<!--.-->
		<mark id="sTok54" xlink:href="#xpointer(string-range(//body,'',177,1))"/>
		<!--.-->
		<mark id="sTok55" xlink:href="#xpointer(string-range(//body,'',179,1))"/>
		<!--ⲁⲩⲱ-->
		<mark id="sTok56" xlink:href="#xpointer(string-range(//body,'',181,3))"/>
		<!--ⲛ-->
		<mark id="sTok57" xlink:href="#xpointer(string-range(//body,'',185,1))"/>
		<!--ⲛⲉⲩ-->
		<mark id="sTok58" xlink:href="#xpointer(string-range(//body,'',187,3))"/>
		<!--ⲙⲟⲩ-->
		<mark id="sTok59" xlink:href="#xpointer(string-range(//body,'',191,3))"/>
		<!--ⲛϭⲓ-->
		<mark id="sTok60" xlink:href="#xpointer(string-range(//body,'',195,3))"/>
		<!--ⲥⲁⲣⲝ-->
		<mark id="sTok61" xlink:href="#xpointer(string-range(//body,'',199,4))"/>
		<!--ⲛⲓⲙ-->
		<mark id="sTok62" xlink:href="#xpointer(string-range(//body,'',204,3))"/>
		<!--ϫⲓⲛ-->
		<mark id="sTok63" xlink:href="#xpointer(string-range(//body,'',208,3))"/>
		<!--ⲧⲉⲛⲟⲩ-->
		<mark id="sTok64" xlink:href="#xpointer(string-range(//body,'',212,5))"/>
		<!--ϩⲛ-->
		<mark id="sTok65" xlink:href="#xpointer(string-range(//body,'',218,2))"/>
		<!--ⲟⲩ-->
		<mark id="sTok66" xlink:href="#xpointer(string-range(//body,'',221,2))"/>
		<!--ⲙⲟⲟⲩ-->
		<mark id="sTok67" xlink:href="#xpointer(string-range(//body,'',224,4))"/>
		<!--ⲛ-->
		<mark id="sTok68" xlink:href="#xpointer(string-range(//body,'',229,1))"/>
		<!--ⲛ-->
		<mark id="sTok69" xlink:href="#xpointer(string-range(//body,'',231,1))"/>
		<!--ⲕⲁⲧⲁⲕⲗⲩⲥⲙⲟⲥ-->
		<mark id="sTok70" xlink:href="#xpointer(string-range(//body,'',233,11))"/>
		<!--ⲟⲩⲇⲉ-->
		<mark id="sTok71" xlink:href="#xpointer(string-range(//body,'',245,4))"/>
		<!--ⲛ-->
		<mark id="sTok72" xlink:href="#xpointer(string-range(//body,'',250,1))"/>
		<!--ⲛⲉ-->
		<mark id="sTok73" xlink:href="#xpointer(string-range(//body,'',252,2))"/>
		<!--ⲙⲟⲟⲩ-->
		<mark id="sTok74" xlink:href="#xpointer(string-range(//body,'',255,4))"/>
		<!--ⲛ-->
		<mark id="sTok75" xlink:href="#xpointer(string-range(//body,'',260,1))"/>
		<!--ⲕⲁⲧⲁⲕⲗⲩⲥⲙⲟⲥ-->
		<mark id="sTok76" xlink:href="#xpointer(string-range(//body,'',262,11))"/>
		<!--ϣⲱⲡⲉ-->
		<mark id="sTok77" xlink:href="#xpointer(string-range(//body,'',274,4))"/>
		<!--ⲉ-->
		<mark id="sTok78" xlink:href="#xpointer(string-range(//body,'',279,1))"/>
		<!--ⲧⲁ-->
		<mark id="sTok79" xlink:href="#xpointer(string-range(//body,'',281,2))"/>
		<!--ⲕⲉ-->
		<mark id="sTok80" xlink:href="#xpointer(string-range(//body,'',284,2))"/>
		<!--ⲡ-->
		<mark id="sTok81" xlink:href="#xpointer(string-range(//body,'',287,1))"/>
		<!--ⲕⲁϩ-->
		<mark id="sTok82" xlink:href="#xpointer(string-range(//body,'',289,3))"/>
		<!--ⲧⲏⲣ-->
		<mark id="sTok83" xlink:href="#xpointer(string-range(//body,'',293,3))"/>
		<!--ϥ-->
		<mark id="sTok84" xlink:href="#xpointer(string-range(//body,'',297,1))"/>
		<!--.-->
		<mark id="sTok85" xlink:href="#xpointer(string-range(//body,'',299,1))"/>
		<!--.-->
		<mark id="sTok86" xlink:href="#xpointer(string-range(//body,'',301,1))"/>
		<!--.-->
		<mark id="sTok87" xlink:href="#xpointer(string-range(//body,'',303,1))"/>
		<!--ϫⲉ-->
		<mark id="sTok88" xlink:href="#xpointer(string-range(//body,'',305,2))"/>
		<!--ⲉⲓⲥ-->
		<mark id="sTok89" xlink:href="#xpointer(string-range(//body,'',308,3))"/>
		<!--ϩⲏⲏⲧⲉ-->
		<mark id="sTok90" xlink:href="#xpointer(string-range(//body,'',312,5))"/>
		<!--ⲁⲛⲟⲕ-->
		<mark id="sTok91" xlink:href="#xpointer(string-range(//body,'',318,4))"/>
		<!--ϯ-->
		<mark id="sTok92" xlink:href="#xpointer(string-range(//body,'',323,1))"/>
		<!--ⲛⲁ-->
		<mark id="sTok93" xlink:href="#xpointer(string-range(//body,'',325,2))"/>
		<!--ⲥⲙⲓⲛⲉ-->
		<mark id="sTok94" xlink:href="#xpointer(string-range(//body,'',328,5))"/>
		<!--ⲛ-->
		<mark id="sTok95" xlink:href="#xpointer(string-range(//body,'',334,1))"/>
		<!--ⲧⲁ-->
		<mark id="sTok96" xlink:href="#xpointer(string-range(//body,'',336,2))"/>
		<!--ⲇⲓⲁⲑⲩⲕⲏ-->
		<mark id="sTok97" xlink:href="#xpointer(string-range(//body,'',339,7))"/>
		<!--ⲛⲙⲙⲏ-->
		<mark id="sTok98" xlink:href="#xpointer(string-range(//body,'',347,4))"/>
		<!--ⲧⲛ-->
		<mark id="sTok99" xlink:href="#xpointer(string-range(//body,'',352,2))"/>
		<!--ⲙⲛ-->
		<mark id="sTok100" xlink:href="#xpointer(string-range(//body,'',355,2))"/>
		<!--ⲡⲉⲧⲛ-->
		<mark id="sTok101" xlink:href="#xpointer(string-range(//body,'',358,4))"/>
		<!--ⲥⲡⲉⲣⲙⲁ-->
		<mark id="sTok102" xlink:href="#xpointer(string-range(//body,'',363,6))"/>
		<!--ⲙⲛⲛⲥⲱ-->
		<mark id="sTok103" xlink:href="#xpointer(string-range(//body,'',370,5))"/>
		<!--ⲧⲛ-->
		<mark id="sTok104" xlink:href="#xpointer(string-range(//body,'',376,2))"/>
		<!--.-->
		<mark id="sTok105" xlink:href="#xpointer(string-range(//body,'',379,1))"/>
		<!--.-->
		<mark id="sTok106" xlink:href="#xpointer(string-range(//body,'',381,1))"/>
		<!--.-->
		<mark id="sTok107" xlink:href="#xpointer(string-range(//body,'',383,1))"/>
		<!--ⲙⲛ-->
		<mark id="sTok108" xlink:href="#xpointer(string-range(//body,'',385,2))"/>
		<!--ⲯⲩⲭⲏ-->
		<mark id="sTok109" xlink:href="#xpointer(string-range(//body,'',388,4))"/>
		<!--ⲛⲓⲙ-->
		<mark id="sTok110" xlink:href="#xpointer(string-range(//body,'',393,3))"/>
		<!--ⲉⲧ-->
		<mark id="sTok111" xlink:href="#xpointer(string-range(//body,'',397,2))"/>
		<!--ⲟ-->
		<mark id="sTok112" xlink:href="#xpointer(string-range(//body,'',400,1))"/>
		<!--ⲛⲙⲙⲏ-->
		<mark id="sTok113" xlink:href="#xpointer(string-range(//body,'',402,4))"/>
		<!--ⲧⲛ-->
		<mark id="sTok114" xlink:href="#xpointer(string-range(//body,'',407,2))"/>
		<!--ⲙⲛ-->
		<mark id="sTok115" xlink:href="#xpointer(string-range(//body,'',410,2))"/>
		<!--ⲛ-->
		<mark id="sTok116" xlink:href="#xpointer(string-range(//body,'',413,1))"/>
		<!--ϩⲁⲗⲁⲁⲧⲉ-->
		<mark id="sTok117" xlink:href="#xpointer(string-range(//body,'',415,7))"/>
		<!--ⲙⲛ-->
		<mark id="sTok118" xlink:href="#xpointer(string-range(//body,'',423,2))"/>
		<!--ⲛ-->
		<mark id="sTok119" xlink:href="#xpointer(string-range(//body,'',426,1))"/>
		<!--ⲧⲃⲛⲟⲟⲩⲉ-->
		<mark id="sTok120" xlink:href="#xpointer(string-range(//body,'',428,7))"/>
		<!--ⲙⲛ-->
		<mark id="sTok121" xlink:href="#xpointer(string-range(//body,'',436,2))"/>
		<!--ⲛⲉ-->
		<mark id="sTok122" xlink:href="#xpointer(string-range(//body,'',439,2))"/>
		<!--ⲑⲏⲣⲓⲟⲛ-->
		<mark id="sTok123" xlink:href="#xpointer(string-range(//body,'',442,6))"/>
		<!--ⲙ-->
		<mark id="sTok124" xlink:href="#xpointer(string-range(//body,'',449,1))"/>
		<!--ⲡ-->
		<mark id="sTok125" xlink:href="#xpointer(string-range(//body,'',451,1))"/>
		<!--ⲕⲁϩ-->
		<mark id="sTok126" xlink:href="#xpointer(string-range(//body,'',453,3))"/></markList></paula>