<?xml version="1.0" encoding="UTF-8" standalone="no"?>

<!DOCTYPE paula SYSTEM "paula_feat.dtd">
<paula version="1.0">

<header paula_id="scriptorium.sahidic.ot.01_Genesis_09_verse"/>

<featList xmlns:xlink="http://www.w3.org/1999/xlink" type="verse" xml:base="scriptorium.sahidic.ot.01_Genesis_09.verseSeg.xml">
<feat xlink:href="#verse_1" value="Genesis 9:1"/><!-- ⲁⲩⲱ...ϥ -->
<feat xlink:href="#verse_40" value="Genesis 9:2"/><!-- ⲁⲩⲱ...ϥ -->
<feat xlink:href="#verse_55" value="Genesis 9:5"/><!-- ⲁⲩⲱ...ϥ -->
<feat xlink:href="#verse_83" value="Genesis 9:9"/><!-- ϫⲉ...ⲧⲛ -->
<feat xlink:href="#verse_100" value="Genesis 9:10"/><!-- ⲙⲛ...ⲕⲁϩ -->
</featList>
</paula>
