<?xml version='1.0' encoding='UTF-8'?><!DOCTYPE paula SYSTEM "paula_feat.dtd">
<paula version="1.1">
	<header paula_id="scriptorium.01_Genesis_09.mark_func"/>
	<featList xmlns:xlink="http://www.w3.org/1999/xlink" type="func" xml:base="scriptorium.01_Genesis_09.mark.xml">
		<feat xlink:href="#sSpan2" value="cc"/>
		<feat xlink:href="#sSpan4" value="aux"/>
		<feat xlink:href="#sSpan6" value="det"/>
		<feat xlink:href="#sSpan7" value="nsubj"/>
		<feat xlink:href="#sSpan8" value="det"/>
		<feat xlink:href="#sSpan10" value="nmod"/>
		<feat xlink:href="#sSpan11" value="root"/>
		<feat xlink:href="#sSpan13" value="case"/>
		<feat xlink:href="#sSpan15" value="obl"/>
		<feat xlink:href="#sSpan16" value="cc"/>
		<feat xlink:href="#sSpan18" value="det"/>
		<feat xlink:href="#sSpan19" value="conj"/>
		<feat xlink:href="#sSpan20" value="mark"/>
		<feat xlink:href="#sSpan22" value="nsubj"/>
		<feat xlink:href="#sSpan23" value="advcl"/>
		<feat xlink:href="#sSpan24" value="case"/>
		<feat xlink:href="#sSpan26" value="obj"/>
		<feat xlink:href="#sSpan27" value="case"/>
		<feat xlink:href="#sSpan29" value="obl"/>
		<feat xlink:href="#sSpan30" value="mark"/>
		<feat xlink:href="#sSpan32" value="dislocated"/>
		<feat xlink:href="#sSpan33" value="aux"/>
		<feat xlink:href="#sSpan35" value="nsubj"/>
		<feat xlink:href="#sSpan36" value="aux"/>
		<feat xlink:href="#sSpan37" value="ccomp"/>
		<feat xlink:href="#sSpan38" value="obj"/>
		<feat xlink:href="#sSpan39" value="aux"/>
		<feat xlink:href="#sSpan41" value="nsubj"/>
		<feat xlink:href="#sSpan42" value="advcl"/>
		<feat xlink:href="#sSpan43" value="det"/>
		<feat xlink:href="#sSpan45" value="obj"/>
		<feat xlink:href="#sSpan46" value="aux"/>
		<feat xlink:href="#sSpan48" value="nsubj"/>
		<feat xlink:href="#sSpan50" value="advcl"/>
		<feat xlink:href="#sSpan52" value="case"/>
		<feat xlink:href="#sSpan54" value="obl"/>
		<feat xlink:href="#sSpan56" value="cc"/>
		<feat xlink:href="#sSpan58" value="root"/>
		<feat xlink:href="#sSpan60" value="det"/>
		<feat xlink:href="#sSpan61" value="nsubj"/>
		<feat xlink:href="#sSpan62" value="det"/>
		<feat xlink:href="#sSpan64" value="appos"/>
		<feat xlink:href="#sSpan65" value="case"/>
		<feat xlink:href="#sSpan67" value="nmod"/>
		<feat xlink:href="#sSpan68" value="mark"/>
		<feat xlink:href="#sSpan70" value="nsubj"/>
		<feat xlink:href="#sSpan71" value="advcl"/>
		<feat xlink:href="#sSpan72" value="case"/>
		<feat xlink:href="#sSpan74" value="obj"/>
		<feat xlink:href="#sSpan75" value="case"/>
		<feat xlink:href="#sSpan77" value="obl"/>
		<feat xlink:href="#sSpan78" value="punct"/>
		<feat xlink:href="#sSpan80" value="punct"/>
		<feat xlink:href="#sSpan82" value="punct"/>
		<feat xlink:href="#sSpan85" value="cc"/>
		<feat xlink:href="#sSpan87" value="case"/>
		<feat xlink:href="#sSpan89" value="det"/>
		<feat xlink:href="#sSpan90" value="dislocated"/>
		<feat xlink:href="#sSpan91" value="case"/>
		<feat xlink:href="#sSpan93" value="nmod"/>
		<feat xlink:href="#sSpan94" value="det"/>
		<feat xlink:href="#sSpan96" value="case"/>
		<feat xlink:href="#sSpan99" value="advmod"/>
		<feat xlink:href="#sSpan100" value="case"/>
		<feat xlink:href="#sSpan102" value="det"/>
		<feat xlink:href="#sSpan103" value="nmod"/>
		<feat xlink:href="#sSpan104" value="case"/>
		<feat xlink:href="#sSpan106" value="det"/>
		<feat xlink:href="#sSpan107" value="nmod"/>
		<feat xlink:href="#sSpan108" value="cc"/>
		<feat xlink:href="#sSpan110" value="case"/>
		<feat xlink:href="#sSpan112" value="det"/>
		<feat xlink:href="#sSpan113" value="conj"/>
		<feat xlink:href="#sSpan114" value="case"/>
		<feat xlink:href="#sSpan116" value="nmod"/>
		<feat xlink:href="#sSpan117" value="root"/>
		<feat xlink:href="#sSpan119" value="case"/>
		<feat xlink:href="#sSpan121" value="det"/>
		<feat xlink:href="#sSpan122" value="det"/>
		<feat xlink:href="#sSpan123" value="det"/>
		<feat xlink:href="#sSpan125" value="obl"/>
		<feat xlink:href="#sSpan126" value="advmod"/>
		<feat xlink:href="#sSpan128" value="det"/>
		<feat xlink:href="#sSpan129" value="punct"/>
		<feat xlink:href="#sSpan131" value="punct"/>
		<feat xlink:href="#sSpan133" value="punct"/>
		<feat xlink:href="#sSpan136" value="mark"/>
		<feat xlink:href="#sSpan138" value="advmod"/>
		<feat xlink:href="#sSpan140" value="fixed"/>
		<feat xlink:href="#sSpan141" value="dislocated"/>
		<feat xlink:href="#sSpan143" value="nsubj"/>
		<feat xlink:href="#sSpan145" value="aux"/>
		<feat xlink:href="#sSpan146" value="root"/>
		<feat xlink:href="#sSpan147" value="case"/>
		<feat xlink:href="#sSpan149" value="det"/>
		<feat xlink:href="#sSpan150" value="obj"/>
		<feat xlink:href="#sSpan151" value="case"/>
		<feat xlink:href="#sSpan153" value="obl"/>
		<feat xlink:href="#sSpan154" value="case"/>
		<feat xlink:href="#sSpan156" value="det"/>
		<feat xlink:href="#sSpan157" value="obl"/>
		<feat xlink:href="#sSpan158" value="case"/>
		<feat xlink:href="#sSpan160" value="nmod"/>
		<feat xlink:href="#sSpan162" value="punct"/>
		<feat xlink:href="#sSpan164" value="punct"/>
		<feat xlink:href="#sSpan166" value="punct"/>
		<feat xlink:href="#sSpan168" value="cc"/>
		<feat xlink:href="#sSpan170" value="conj"/>
		<feat xlink:href="#sSpan171" value="det"/>
		<feat xlink:href="#sSpan173" value="mark"/>
		<feat xlink:href="#sSpan175" value="acl"/>
		<feat xlink:href="#sSpan176" value="case"/>
		<feat xlink:href="#sSpan178" value="obl"/>
		<feat xlink:href="#sSpan179" value="case"/>
		<feat xlink:href="#sSpan181" value="det"/>
		<feat xlink:href="#sSpan182" value="obl"/>
		<feat xlink:href="#sSpan183" value="cc"/>
		<feat xlink:href="#sSpan185" value="det"/>
		<feat xlink:href="#sSpan186" value="conj"/>
		<feat xlink:href="#sSpan187" value="cc"/>
		<feat xlink:href="#sSpan189" value="det"/>
		<feat xlink:href="#sSpan190" value="conj"/>
		<feat xlink:href="#sSpan191" value="case"/>
		<feat xlink:href="#sSpan193" value="det"/>
		<feat xlink:href="#sSpan194" value="nmod"/></featList></paula>