<?xml version='1.0' encoding='UTF-8'?><!DOCTYPE paula SYSTEM "paula_feat.dtd">
<paula version="1.1">
	<header paula_id="scriptorium.01_Genesis_09.mark_vname"/>
	<featList xmlns:xlink="http://www.w3.org/1999/xlink" type="vname" xml:base="scriptorium.01_Genesis_09.mark.xml">
		<feat xlink:href="#sSpan1" value="Genesis 9:1"/>
		<feat xlink:href="#sSpan55" value="Genesis 9:2"/>
		<feat xlink:href="#sSpan84" value="Genesis 9:5"/>
		<feat xlink:href="#sSpan135" value="Genesis 9:9"/>
		<feat xlink:href="#sSpan161" value="Genesis 9:10"/></featList></paula>