<?xml version='1.0' encoding='UTF-8'?><!DOCTYPE paula SYSTEM "paula_feat.dtd">
<paula version="1.1">
	<header paula_id="scriptorium.01_Genesis_02.mark_translation"/>
	<featList xmlns:xlink="http://www.w3.org/1999/xlink" type="translation" xml:base="scriptorium.01_Genesis_02.mark.xml">
		<feat xlink:href="#sSpan3" value="And God finished on the sixth day his works which he made, and he ceased on the seventh day from all his works which he made."/>
		<feat xlink:href="#sSpan49" value="And God formed the man dust of the earth, and breathed upon his face the breath of life, and the man became a living soul."/>
		<feat xlink:href="#sSpan86" value="And God planted a garden eastward in Edem, and placed there the man whom he had formed."/>
		<feat xlink:href="#sSpan131" value="And God made to spring up also out of the earth every tree beautiful to the eye and good for food, and the tree of life in the midst of the garden, and the tree of learning the knowledge of good and evil."/>
		<feat xlink:href="#sSpan149" value="And a river proceeds out of Edem to water the garden, thence it divides itself into four heads."/>
		<feat xlink:href="#sSpan196" value="The name of the one, Phisom, this it is which encircles the whole land of Evilat, where there is gold."/>
		<feat xlink:href="#sSpan245" value="And the gold of that land is good, there also is carbuncle and emerald."/>
		<feat xlink:href="#sSpan284" value="And the name of the second river is Geon, this it is which encircles the whole land of Ethiopia."/>
		<feat xlink:href="#sSpan328" value="And the third river is Tigris, this is that which flows forth over against the Assyrians. And the fourth river is Euphrates."/>
		<feat xlink:href="#sSpan391" value="And the Lord God took the man whom he had formed, and placed him in the garden of Delight, to cultivate and keep it."/>
		<feat xlink:href="#sSpan440" value="And the Lord God gave a charge to Adam, saying, Of every tree which is in the garden thou mayest freely eat,"/>
		<feat xlink:href="#sSpan487" value="but of the tree of the knowledge of good and evilof it ye shall not eat, but in whatsoever day ye eat of it, ye shall surely die."/>
		<feat xlink:href="#sSpan553" value="And the Lord God said, not good that the man should be alone, let us make for him a help suitable to him."/>
		<feat xlink:href="#sSpan598" value="And God formed yet farther out of the earth all the wild beasts of the field, and all the birds of the sky, and he brought them to Adam, to see what he would call them, and whatever Adam called any living creature, that was the name of it."/>
		<feat xlink:href="#sSpan713" value="And Adam gave names to all the cattle and to all the birds of the sky, and to all the wild beasts of the field, but for Adam there was not found a help like to himself."/>
		<feat xlink:href="#sSpan771" value="And God brought a trance upon Adam, and he slept, and he took one of his ribs, and filled up the flesh instead thereof."/>
		<feat xlink:href="#sSpan823" value="And God formed the rib which he took from Adam into a woman, and brought her to Adam."/>
		<feat xlink:href="#sSpan872" value="And Adam said, This now is bone of my bones, and flesh of my flesh; she shall be called woman, because she was taken out of her husband."/>
		<feat xlink:href="#sSpan923" value="Therefore shall a man leave his father and his mother and shall cleave to his wife, and they two shall be one flesh."/></featList></paula>