<?xml version='1.0' encoding='UTF-8'?><!DOCTYPE paula SYSTEM "paula_feat.dtd">
<paula version="1.1">
	<header paula_id="scriptorium.01_Genesis_02.mark_text"/>
	<featList xmlns:xlink="http://www.w3.org/1999/xlink" type="text" xml:base="scriptorium.01_Genesis_02.mark.xml">
		<feat xlink:href="#sSpan7" value="ⲡ ⲙⲉϥ ⲥⲁϣϥ ⲛ ϩⲟⲟⲩ"/>
		<feat xlink:href="#sSpan9" value="ⲙⲉϥ"/>
		<feat xlink:href="#sSpan27" value="ⲛⲉϥ ϩⲃⲏⲩⲉ ⲧⲏⲣ ⲟⲩ ⲛⲁⲓ ⲛⲧ ⲁ ϥ ⲧⲁⲙⲓⲟ ⲟⲩ"/>
		<feat xlink:href="#sSpan43" value="ⲡ ⲛⲟⲩⲧⲉ"/>
		<feat xlink:href="#sSpan46" value="ⲁ"/>
		<feat xlink:href="#sSpan57" value="ⲡⲉϥ ϩⲟ"/>
		<feat xlink:href="#sSpan62" value="ⲟⲩ ⲡⲛⲟⲏ ⲛ ⲱⲛϩ"/>
		<feat xlink:href="#sSpan65" value="ⲛ ⲱⲛϩ"/>
		<feat xlink:href="#sSpan71" value="ⲡ ⲣⲱⲙⲉ"/>
		<feat xlink:href="#sSpan78" value="ⲟⲩ ⲯⲩⲭⲏ ⲉ ⲥ ⲟⲛϩ"/>
		<feat xlink:href="#sSpan88" value="ⲡ ⲛⲟⲩⲧⲉ"/>
		<feat xlink:href="#sSpan95" value="ⲟⲩ ⲡⲁⲣⲁⲇⲓⲥⲟⲥ"/>
		<feat xlink:href="#sSpan100" value="ⲉⲇⲉⲙ"/>
		<feat xlink:href="#sSpan104" value="ⲙ ⲙⲁ ⲛ ϣⲁ"/>
		<feat xlink:href="#sSpan118" value="ⲡ ⲣⲱⲙⲉ ⲡⲁⲓ ⲛⲧ ⲁ ϥ ⲧⲁⲙⲓⲟ ϥ"/>
		<feat xlink:href="#sSpan133" value="ⲡ ⲡⲉⲧⲛⲁⲛⲟⲩϥ"/>
		<feat xlink:href="#sSpan142" value="ⲡ ⲡⲉⲧϩⲟⲟⲩ"/>
		<feat xlink:href="#sSpan151" value="ⲟⲩ ⲓⲉⲣⲟ"/>
		<feat xlink:href="#sSpan161" value="ⲉⲇⲉⲙ"/>
		<feat xlink:href="#sSpan169" value="ⲡ ⲡⲁⲣⲁⲇⲓⲥⲟⲥ"/>
		<feat xlink:href="#sSpan177" value="ⲡ ⲙⲁ ⲉⲧ ⲙⲙⲁⲩ"/>
		<feat xlink:href="#sSpan192" value="ⲁⲣⲭⲏ"/>
		<feat xlink:href="#sSpan195" value="ⲡ ⲣⲁⲛ ⲙ ⲡ ⲟⲩⲁ ⲙⲙⲟ ⲟⲩ"/>
		<feat xlink:href="#sSpan201" value="ⲡ ⲟⲩⲁ"/>
		<feat xlink:href="#sSpan210" value="ⲡ ϩⲓⲥⲟⲛ ⲡⲁⲓ"/>
		<feat xlink:href="#sSpan215" value="ⲡ"/>
		<feat xlink:href="#sSpan222" value="ⲡ ⲕⲁϩ ⲧⲏⲣ ϥ ⲛ ⲛ ⲉⲩ"/>
		<feat xlink:href="#sSpan230" value="ⲛ ⲉⲩ"/>
		<feat xlink:href="#sSpan240" value="ⲡ ⲛⲟⲩⲃ"/>
		<feat xlink:href="#sSpan244" value="ⲡ ⲛⲟⲩⲃ ⲇⲉ ⲙ ⲡ ⲕⲁϩ ⲉⲧ ⲙⲙⲁⲩ"/>
		<feat xlink:href="#sSpan252" value="ⲡ ⲕⲁϩ ⲉⲧ ⲙⲙⲁⲩ"/>
		<feat xlink:href="#sSpan269" value="ⲡ ⲁⲛⲑⲣⲁⲝ"/>
		<feat xlink:href="#sSpan274" value="ⲡ ⲱⲛⲉ ⲛ ⲁⲩⲁⲁⲛ"/>
		<feat xlink:href="#sSpan279" value="ⲁⲩⲁⲁⲛ"/>
		<feat xlink:href="#sSpan287" value="ⲡ ⲣⲁⲛ ⲙ ⲡ ⲙⲉϩⲥⲛⲁⲩ ⲛ ⲓⲉⲣⲟ"/>
		<feat xlink:href="#sSpan292" value="ⲡ ⲙⲉϩⲥⲛⲁⲩ ⲛ ⲓⲉⲣⲟ"/>
		<feat xlink:href="#sSpan299" value="ⲓⲉⲣⲟ"/>
		<feat xlink:href="#sSpan303" value="ⲅⲉⲱⲛ"/>
		<feat xlink:href="#sSpan306" value="ⲡⲁⲓ"/>
		<feat xlink:href="#sSpan309" value="ⲡ"/>
		<feat xlink:href="#sSpan316" value="ⲡ ⲕⲁϩ ⲧⲏⲣ ϥ ⲛ ⲛ ⲉϭⲟⲟϣⲉ"/>
		<feat xlink:href="#sSpan324" value="ⲛ ⲉϭⲟⲟϣⲉ"/>
		<feat xlink:href="#sSpan331" value="ⲡ ⲙⲉϩϣⲟⲙⲛⲧ ⲛ ⲓⲉⲣⲟ"/>
		<feat xlink:href="#sSpan338" value="ⲓⲉⲣⲟ"/>
		<feat xlink:href="#sSpan342" value="ⲧⲉ ⲕⲣⲓⲥ"/>
		<feat xlink:href="#sSpan346" value="ⲡⲁⲓ"/>
		<feat xlink:href="#sSpan349" value="ⲡ"/>
		<feat xlink:href="#sSpan359" value="ⲛⲁⲥⲥⲏⲣⲓⲟⲥ ⲡ ⲙⲉϩϥⲧⲟⲟⲩ ⲇⲉ ⲛ ⲓⲉⲣⲟ"/>
		<feat xlink:href="#sSpan362" value="ⲡ ⲙⲉϩϥⲧⲟⲟⲩ ⲇⲉ ⲛ ⲓⲉⲣⲟ"/>
		<feat xlink:href="#sSpan369" value="ⲛ ⲓⲉⲣⲟ"/>
		<feat xlink:href="#sSpan373" value="ⲡⲁⲓ"/>
		<feat xlink:href="#sSpan379" value="ⲡ ⲉⲩⲫⲣⲁⲧⲏⲥ ⲡ ⲛⲟϭ ⲛ ⲓⲉⲣⲟ"/>
		<feat xlink:href="#sSpan383" value="ⲡ ⲛⲟϭ ⲛ ⲓⲉⲣⲟ"/>
		<feat xlink:href="#sSpan389" value="ⲁ"/>
		<feat xlink:href="#sSpan393" value="ⲡ ϫⲟⲉⲓⲥ ⲡ ⲛⲟⲩⲧⲉ"/>
		<feat xlink:href="#sSpan403" value="ⲡ ⲣⲱⲙⲉ ⲛⲧ ⲁ ϥ ⲡⲗⲁⲥⲥⲉ ⲙⲙⲟ ϥ"/>
		<feat xlink:href="#sSpan423" value="ⲡ ⲡⲁⲣⲁⲇⲓⲥⲟⲥ"/>
		<feat xlink:href="#sSpan429" value="ϩⲱⲃ"/>
		<feat xlink:href="#sSpan444" value="ⲡ ⲛⲟⲩⲧⲉ"/>
		<feat xlink:href="#sSpan454" value="ⲁⲇⲁⲙ"/>
		<feat xlink:href="#sSpan469" value="ϣⲏⲛ ⲛⲓⲙ ⲉⲧ ϩⲙ ⲡ ⲡⲁⲣⲁⲇⲓⲥⲟⲥ ϩⲛ ⲟⲩⲱⲙ"/>
		<feat xlink:href="#sSpan476" value="ⲡ ⲡⲁⲣⲁⲇⲓⲥⲟⲥ ϩⲛ ⲟⲩⲱⲙ"/>
		<feat xlink:href="#sSpan481" value="ⲟⲩⲱⲙ"/>
		<feat xlink:href="#sSpan493" value="ⲡ ϣⲏⲛ ⲛ ⲥⲟⲩⲛ ⲡ ⲡⲉⲧⲛⲁⲛⲟⲩ ϥ ⲙⲛ ⲡ ⲡⲉⲧϩⲟⲟⲩ"/>
		<feat xlink:href="#sSpan499" value="ⲡ ⲡⲉⲧⲛⲁⲛⲟⲩ ϥ"/>
		<feat xlink:href="#sSpan508" value="ⲡ ⲡⲉⲧϩⲟⲟⲩ"/>
		<feat xlink:href="#sSpan516" value="ⲛⲉⲧⲛ ⲟⲩⲱⲙ"/>
		<feat xlink:href="#sSpan527" value="ⲡⲉ ϩⲟⲟⲩ"/>
		<feat xlink:href="#sSpan545" value="ⲟⲩ ⲙⲟⲩ"/>
		<feat xlink:href="#sSpan560" value="ⲡ ϫⲟⲉⲓⲥ ⲡ ⲛⲟⲩⲧⲉ"/>
		<feat xlink:href="#sSpan569" value="ⲡ ⲣⲱⲙⲉ"/>
		<feat xlink:href="#sSpan591" value="ⲟⲩ ⲃⲟⲏⲑⲟⲥ"/>
		<feat xlink:href="#sSpan602" value="ⲡ ϫⲟⲉⲓⲥ ⲡ ⲛⲟⲩⲧⲉ"/>
		<feat xlink:href="#sSpan614" value="ⲕⲉ ⲥⲟⲡ"/>
		<feat xlink:href="#sSpan622" value="ⲡ ⲕⲁϩ ⲛ ⲛⲉ ⲑⲏⲣⲓⲟⲛ ⲧⲏⲣ ⲟⲩ ⲛ ⲧ ⲥⲱϣⲉ ⲙⲛ ⲛ ϩⲁⲗⲁⲁⲧⲉ ⲧⲏⲣ ⲟⲩ ⲛ ⲧ ⲡⲉ"/>
		<feat xlink:href="#sSpan627" value="ⲛⲉ ⲑⲏⲣⲓⲟⲛ ⲧⲏⲣ ⲟⲩ ⲛ ⲧ ⲥⲱϣⲉ"/>
		<feat xlink:href="#sSpan635" value="ⲧ ⲥⲱϣⲉ"/>
		<feat xlink:href="#sSpan640" value="ⲛ ϩⲁⲗⲁⲁⲧⲉ ⲧⲏⲣ ⲟⲩ ⲛ ⲧ ⲡⲉ"/>
		<feat xlink:href="#sSpan648" value="ⲧ ⲡⲉ"/>
		<feat xlink:href="#sSpan666" value="ⲁⲇⲁⲙ"/>
		<feat xlink:href="#sSpan682" value="ⲛ ⲣⲁⲛ ⲛⲧ ⲁ ⲁⲇⲁⲙ ⲧⲁⲁ ⲩ ⲉ ⲯⲩⲭⲏ ⲛⲓⲙ ⲉⲧ ⲟⲛϩ"/>
		<feat xlink:href="#sSpan688" value="ⲁⲇⲁⲙ"/>
		<feat xlink:href="#sSpan695" value="ⲯⲩⲭⲏ ⲛⲓⲙ ⲉⲧ ⲟⲛϩ"/>
		<feat xlink:href="#sSpan702" value="ⲡⲁⲓ"/>
		<feat xlink:href="#sSpan707" value="ⲡⲉⲩ ⲣⲁⲛ"/>
		<feat xlink:href="#sSpan711" value="ⲁⲇⲁⲙ"/>
		<feat xlink:href="#sSpan725" value="ⲛ ⲧⲃⲛⲟⲟⲩⲉ ⲧⲏⲣ ⲟⲩ"/>
		<feat xlink:href="#sSpan733" value="ⲛⲉ ⲑⲏⲣⲓⲟⲛ ⲧⲏⲣ ⲟⲩ ⲛ ⲧ ⲥⲱϣⲉ"/>
		<feat xlink:href="#sSpan741" value="ⲧ ⲥⲱϣⲉ"/>
		<feat xlink:href="#sSpan744" value="ⲁⲇⲁⲙ"/>
		<feat xlink:href="#sSpan756" value="ⲃⲟⲏⲑⲟⲥ ⲛⲁ ϥ"/>
		<feat xlink:href="#sSpan769" value="ⲁ"/>
		<feat xlink:href="#sSpan773" value="ⲡ ⲛⲟⲩⲧⲉ"/>
		<feat xlink:href="#sSpan783" value="ⲟⲩ ϩⲓⲛⲏⲃ"/>
		<feat xlink:href="#sSpan788" value="ⲁⲇⲁⲙ"/>
		<feat xlink:href="#sSpan800" value="ⲟⲩⲉⲓ ⲛ ⲛⲉϥ ⲃⲏⲧⲥⲡⲓⲣ"/>
		<feat xlink:href="#sSpan804" value="ⲛⲉϥ ⲃⲏⲧⲥⲡⲓⲣ"/>
		<feat xlink:href="#sSpan814" value="ⲥⲁⲣⲝ"/>
		<feat xlink:href="#sSpan818" value="ⲡⲉⲥ ⲙⲁ"/>
		<feat xlink:href="#sSpan821" value="ⲁ"/>
		<feat xlink:href="#sSpan825" value="ⲡ ϫⲟⲉⲓⲥ ⲡ ⲛⲟⲩⲧⲉ"/>
		<feat xlink:href="#sSpan835" value="ⲧ ⲃⲏⲧⲥⲡⲓⲣ ⲛⲧ ⲁ ϥ ϫⲓⲧ ⲥ ⲉⲃⲟⲗ ϩⲛ ⲁⲇⲁⲙ ⲉ ⲩ ⲥϩⲓⲙⲉ"/>
		<feat xlink:href="#sSpan849" value="ⲁⲇⲁⲙ"/>
		<feat xlink:href="#sSpan853" value="ⲩ ⲥϩⲓⲙⲉ"/>
		<feat xlink:href="#sSpan869" value="ⲁⲇⲁⲙ"/>
		<feat xlink:href="#sSpan879" value="ⲁⲇⲁⲙ"/>
		<feat xlink:href="#sSpan883" value="ⲧⲁⲓ"/>
		<feat xlink:href="#sSpan888" value="ⲟⲩ ⲕⲉⲉⲥ ⲉⲃⲟⲗ ϩⲛ ⲛⲁ ⲕⲉⲉⲥ"/>
		<feat xlink:href="#sSpan897" value="ⲛⲁ ⲕⲉⲉⲥ"/>
		<feat xlink:href="#sSpan905" value="ⲟⲩ ⲥⲁⲣⲝ ⲉⲃⲟⲗ ϩⲛ ⲧⲁ ⲥⲁⲣⲝ"/>
		<feat xlink:href="#sSpan913" value="ⲧⲁ ⲥⲁⲣⲝ"/>
		<feat xlink:href="#sSpan925" value="ⲡⲁⲓ"/>
		<feat xlink:href="#sSpan927" value="ⲡ ⲣⲱⲙⲉ"/>
		<feat xlink:href="#sSpan934" value="ⲡⲉϥ ⲉⲓⲱⲧ"/>
		<feat xlink:href="#sSpan943" value="ⲧⲉϥ ⲙⲁⲁⲩ"/>
		<feat xlink:href="#sSpan955" value="ⲧⲉϥ ⲥϩⲓⲙⲉ"/>
		<feat xlink:href="#sSpan964" value="ⲡⲉ ⲥⲛⲁⲩ"/>
		<feat xlink:href="#sSpan969" value="ⲩ ⲥⲁⲣⲝ ⲛ ⲟⲩⲱⲧ"/></featList></paula>