<?xml version='1.0' encoding='UTF-8'?><!DOCTYPE paula SYSTEM "paula_feat.dtd">
<paula version="1.1">
	<header paula_id="scriptorium.Encomium_Michael_BL_OR_7021_part3.mark_ed_line_n"/>
	<featList xmlns:xlink="http://www.w3.org/1999/xlink" type="ed_line_n" xml:base="scriptorium.Encomium_Michael_BL_OR_7021_part3.mark.xml">
		<feat xlink:href="#sSpan5" value="13"/>
		<feat xlink:href="#sSpan26" value="14"/>
		<feat xlink:href="#sSpan71" value="15"/>
		<feat xlink:href="#sSpan111" value="16"/>
		<feat xlink:href="#sSpan156" value="1"/>
		<feat xlink:href="#sSpan202" value="2"/>
		<feat xlink:href="#sSpan239" value="3"/>
		<feat xlink:href="#sSpan302" value="4"/>
		<feat xlink:href="#sSpan351" value="5"/>
		<feat xlink:href="#sSpan396" value="6"/>
		<feat xlink:href="#sSpan440" value="7"/>
		<feat xlink:href="#sSpan484" value="8"/>
		<feat xlink:href="#sSpan517" value="9"/>
		<feat xlink:href="#sSpan556" value="10"/>
		<feat xlink:href="#sSpan597" value="11"/>
		<feat xlink:href="#sSpan640" value="12"/>
		<feat xlink:href="#sSpan688" value="13"/>
		<feat xlink:href="#sSpan740" value="14"/>
		<feat xlink:href="#sSpan780" value="15"/>
		<feat xlink:href="#sSpan815" value="16"/>
		<feat xlink:href="#sSpan853" value="17"/>
		<feat xlink:href="#sSpan904" value="1"/>
		<feat xlink:href="#sSpan954" value="2"/>
		<feat xlink:href="#sSpan1008" value="3"/>
		<feat xlink:href="#sSpan1045" value="4"/>
		<feat xlink:href="#sSpan1097" value="5"/>
		<feat xlink:href="#sSpan1143" value="6"/>
		<feat xlink:href="#sSpan1198" value="7"/>
		<feat xlink:href="#sSpan1249" value="8"/>
		<feat xlink:href="#sSpan1296" value="9"/>
		<feat xlink:href="#sSpan1338" value="10"/>
		<feat xlink:href="#sSpan1389" value="11"/>
		<feat xlink:href="#sSpan1439" value="12"/>
		<feat xlink:href="#sSpan1488" value="13"/>
		<feat xlink:href="#sSpan1527" value="14"/>
		<feat xlink:href="#sSpan1590" value="15"/>
		<feat xlink:href="#sSpan1641" value="16"/>
		<feat xlink:href="#sSpan1690" value="1"/>
		<feat xlink:href="#sSpan1739" value="2"/>
		<feat xlink:href="#sSpan1780" value="3"/>
		<feat xlink:href="#sSpan1830" value="4"/>
		<feat xlink:href="#sSpan1879" value="5"/>
		<feat xlink:href="#sSpan1916" value="6"/>
		<feat xlink:href="#sSpan1956" value="7"/>
		<feat xlink:href="#sSpan1993" value="8"/>
		<feat xlink:href="#sSpan2035" value="9"/>
		<feat xlink:href="#sSpan2084" value="10"/>
		<feat xlink:href="#sSpan2121" value="11"/>
		<feat xlink:href="#sSpan2166" value="12"/>
		<feat xlink:href="#sSpan2210" value="13"/>
		<feat xlink:href="#sSpan2240" value="14"/>
		<feat xlink:href="#sSpan2287" value="15"/>
		<feat xlink:href="#sSpan2333" value="16"/>
		<feat xlink:href="#sSpan2384" value="1"/>
		<feat xlink:href="#sSpan2431" value="2"/>
		<feat xlink:href="#sSpan2471" value="3"/>
		<feat xlink:href="#sSpan2516" value="4"/>
		<feat xlink:href="#sSpan2564" value="5"/>
		<feat xlink:href="#sSpan2608" value="6"/>
		<feat xlink:href="#sSpan2656" value="7"/>
		<feat xlink:href="#sSpan2697" value="8"/>
		<feat xlink:href="#sSpan2760" value="9"/>
		<feat xlink:href="#sSpan2808" value="10"/>
		<feat xlink:href="#sSpan2851" value="11"/>
		<feat xlink:href="#sSpan2895" value="12"/>
		<feat xlink:href="#sSpan2945" value="13"/>
		<feat xlink:href="#sSpan2989" value="14"/>
		<feat xlink:href="#sSpan3034" value="15"/>
		<feat xlink:href="#sSpan3074" value="16"/>
		<feat xlink:href="#sSpan3113" value="17"/>
		<feat xlink:href="#sSpan3145" value="1"/>
		<feat xlink:href="#sSpan3192" value="2"/>
		<feat xlink:href="#sSpan3238" value="3"/>
		<feat xlink:href="#sSpan3279" value="4"/>
		<feat xlink:href="#sSpan3332" value="5"/>
		<feat xlink:href="#sSpan3377" value="6"/>
		<feat xlink:href="#sSpan3414" value="7"/>
		<feat xlink:href="#sSpan3464" value="8"/>
		<feat xlink:href="#sSpan3511" value="9"/>
		<feat xlink:href="#sSpan3555" value="10"/>
		<feat xlink:href="#sSpan3587" value="11"/>
		<feat xlink:href="#sSpan3635" value="12"/>
		<feat xlink:href="#sSpan3677" value="13"/>
		<feat xlink:href="#sSpan3727" value="14"/>
		<feat xlink:href="#sSpan3780" value="15"/>
		<feat xlink:href="#sSpan3821" value="16"/>
		<feat xlink:href="#sSpan3859" value="17"/>
		<feat xlink:href="#sSpan3905" value="1"/>
		<feat xlink:href="#sSpan3962" value="2"/>
		<feat xlink:href="#sSpan4007" value="3"/>
		<feat xlink:href="#sSpan4059" value="4"/>
		<feat xlink:href="#sSpan4111" value="5"/>
		<feat xlink:href="#sSpan4144" value="6"/>
		<feat xlink:href="#sSpan4197" value="7"/>
		<feat xlink:href="#sSpan4241" value="8"/>
		<feat xlink:href="#sSpan4270" value="9"/>
		<feat xlink:href="#sSpan4318" value="10"/>
		<feat xlink:href="#sSpan4361" value="11"/>
		<feat xlink:href="#sSpan4401" value="12"/>
		<feat xlink:href="#sSpan4443" value="13"/>
		<feat xlink:href="#sSpan4479" value="14"/>
		<feat xlink:href="#sSpan4518" value="15"/>
		<feat xlink:href="#sSpan4565" value="16"/>
		<feat xlink:href="#sSpan4609" value="17"/>
		<feat xlink:href="#sSpan4650" value="1"/>
		<feat xlink:href="#sSpan4702" value="2"/>
		<feat xlink:href="#sSpan4754" value="3"/>
		<feat xlink:href="#sSpan4799" value="4"/>
		<feat xlink:href="#sSpan4843" value="5"/>
		<feat xlink:href="#sSpan4885" value="6"/>
		<feat xlink:href="#sSpan4934" value="7"/>
		<feat xlink:href="#sSpan4983" value="8"/>
		<feat xlink:href="#sSpan5021" value="9"/>
		<feat xlink:href="#sSpan5061" value="10"/>
		<feat xlink:href="#sSpan5113" value="11"/>
		<feat xlink:href="#sSpan5150" value="12"/>
		<feat xlink:href="#sSpan5192" value="13"/>
		<feat xlink:href="#sSpan5242" value="14"/>
		<feat xlink:href="#sSpan5295" value="15"/>
		<feat xlink:href="#sSpan5334" value="16"/>
		<feat xlink:href="#sSpan5382" value="17"/>
		<feat xlink:href="#sSpan5422" value="1"/>
		<feat xlink:href="#sSpan5474" value="2"/>
		<feat xlink:href="#sSpan5526" value="3"/>
		<feat xlink:href="#sSpan5571" value="4"/>
		<feat xlink:href="#sSpan5620" value="5"/>
		<feat xlink:href="#sSpan5668" value="6"/>
		<feat xlink:href="#sSpan5713" value="7"/>
		<feat xlink:href="#sSpan5759" value="8"/>
		<feat xlink:href="#sSpan5805" value="9"/>
		<feat xlink:href="#sSpan5843" value="10"/>
		<feat xlink:href="#sSpan5891" value="11"/>
		<feat xlink:href="#sSpan5942" value="12"/>
		<feat xlink:href="#sSpan5981" value="13"/>
		<feat xlink:href="#sSpan6020" value="14"/>
		<feat xlink:href="#sSpan6065" value="15"/>
		<feat xlink:href="#sSpan6105" value="16"/>
		<feat xlink:href="#sSpan6149" value="17"/>
		<feat xlink:href="#sSpan6189" value="1"/>
		<feat xlink:href="#sSpan6242" value="2"/>
		<feat xlink:href="#sSpan6293" value="3"/>
		<feat xlink:href="#sSpan6340" value="4"/>
		<feat xlink:href="#sSpan6384" value="5"/>
		<feat xlink:href="#sSpan6424" value="6"/>
		<feat xlink:href="#sSpan6462" value="7"/>
		<feat xlink:href="#sSpan6513" value="8"/>
		<feat xlink:href="#sSpan6563" value="9"/>
		<feat xlink:href="#sSpan6606" value="10"/>
		<feat xlink:href="#sSpan6644" value="11"/>
		<feat xlink:href="#sSpan6689" value="12"/>
		<feat xlink:href="#sSpan6734" value="13"/>
		<feat xlink:href="#sSpan6787" value="14"/>
		<feat xlink:href="#sSpan6827" value="15"/>
		<feat xlink:href="#sSpan6861" value="16"/>
		<feat xlink:href="#sSpan6914" value="1"/>
		<feat xlink:href="#sSpan6955" value="2"/>
		<feat xlink:href="#sSpan7002" value="3"/>
		<feat xlink:href="#sSpan7052" value="4"/>
		<feat xlink:href="#sSpan7090" value="5"/>
		<feat xlink:href="#sSpan7137" value="6"/>
		<feat xlink:href="#sSpan7188" value="7"/>
		<feat xlink:href="#sSpan7239" value="8"/>
		<feat xlink:href="#sSpan7276" value="9"/>
		<feat xlink:href="#sSpan7318" value="10"/>
		<feat xlink:href="#sSpan7365" value="11"/>
		<feat xlink:href="#sSpan7411" value="12"/>
		<feat xlink:href="#sSpan7454" value="13"/>
		<feat xlink:href="#sSpan7497" value="14"/>
		<feat xlink:href="#sSpan7534" value="15"/>
		<feat xlink:href="#sSpan7565" value="16"/>
		<feat xlink:href="#sSpan7616" value="17"/>
		<feat xlink:href="#sSpan7658" value="1"/>
		<feat xlink:href="#sSpan7700" value="2"/>
		<feat xlink:href="#sSpan7745" value="3"/>
		<feat xlink:href="#sSpan7792" value="4"/>
		<feat xlink:href="#sSpan7834" value="5"/>
		<feat xlink:href="#sSpan7885" value="6"/>
		<feat xlink:href="#sSpan7927" value="7"/>
		<feat xlink:href="#sSpan7962" value="8"/>
		<feat xlink:href="#sSpan8017" value="9"/>
		<feat xlink:href="#sSpan8065" value="10"/>
		<feat xlink:href="#sSpan8110" value="11"/>
		<feat xlink:href="#sSpan8151" value="12"/>
		<feat xlink:href="#sSpan8188" value="13"/>
		<feat xlink:href="#sSpan8240" value="14"/>
		<feat xlink:href="#sSpan8287" value="15"/>
		<feat xlink:href="#sSpan8333" value="16"/>
		<feat xlink:href="#sSpan8380" value="17"/>
		<feat xlink:href="#sSpan8437" value="1"/>
		<feat xlink:href="#sSpan8483" value="2"/>
		<feat xlink:href="#sSpan8538" value="3"/>
		<feat xlink:href="#sSpan8590" value="4"/>
		<feat xlink:href="#sSpan8633" value="5"/>
		<feat xlink:href="#sSpan8680" value="6"/>
		<feat xlink:href="#sSpan8718" value="7"/>
		<feat xlink:href="#sSpan8778" value="8"/>
		<feat xlink:href="#sSpan8813" value="9"/>
		<feat xlink:href="#sSpan8861" value="10"/>
		<feat xlink:href="#sSpan8911" value="11"/>
		<feat xlink:href="#sSpan8950" value="12"/>
		<feat xlink:href="#sSpan8997" value="13"/>
		<feat xlink:href="#sSpan9038" value="14"/>
		<feat xlink:href="#sSpan9077" value="15"/>
		<feat xlink:href="#sSpan9115" value="16"/>
		<feat xlink:href="#sSpan9149" value="1"/>
		<feat xlink:href="#sSpan9190" value="2"/>
		<feat xlink:href="#sSpan9233" value="3"/>
		<feat xlink:href="#sSpan9270" value="4"/>
		<feat xlink:href="#sSpan9310" value="5"/>
		<feat xlink:href="#sSpan9352" value="6"/>
		<feat xlink:href="#sSpan9390" value="7"/>
		<feat xlink:href="#sSpan9435" value="8"/>
		<feat xlink:href="#sSpan9480" value="9"/>
		<feat xlink:href="#sSpan9526" value="10"/>
		<feat xlink:href="#sSpan9561" value="11"/>
		<feat xlink:href="#sSpan9604" value="12"/>
		<feat xlink:href="#sSpan9653" value="13"/>
		<feat xlink:href="#sSpan9700" value="14"/>
		<feat xlink:href="#sSpan9745" value="15"/>
		<feat xlink:href="#sSpan9789" value="16"/>
		<feat xlink:href="#sSpan9838" value="17"/>
		<feat xlink:href="#sSpan9886" value="1"/>
		<feat xlink:href="#sSpan9925" value="2"/>
		<feat xlink:href="#sSpan9953" value="3"/>
		<feat xlink:href="#sSpan9996" value="4"/>
		<feat xlink:href="#sSpan10038" value="5"/>
		<feat xlink:href="#sSpan10080" value="6"/>
		<feat xlink:href="#sSpan10127" value="7"/>
		<feat xlink:href="#sSpan10165" value="8"/>
		<feat xlink:href="#sSpan10206" value="9"/>
		<feat xlink:href="#sSpan10255" value="10"/>
		<feat xlink:href="#sSpan10300" value="11"/>
		<feat xlink:href="#sSpan10346" value="12"/>
		<feat xlink:href="#sSpan10394" value="13"/>
		<feat xlink:href="#sSpan10443" value="14"/>
		<feat xlink:href="#sSpan10494" value="15"/>
		<feat xlink:href="#sSpan10536" value="16"/>
		<feat xlink:href="#sSpan10584" value="17"/>
		<feat xlink:href="#sSpan10634" value="1"/>
		<feat xlink:href="#sSpan10685" value="2"/>
		<feat xlink:href="#sSpan10726" value="3"/>
		<feat xlink:href="#sSpan10780" value="4"/>
		<feat xlink:href="#sSpan10831" value="5"/>
		<feat xlink:href="#sSpan10863" value="6"/>
		<feat xlink:href="#sSpan10910" value="7"/>
		<feat xlink:href="#sSpan10948" value="8"/>
		<feat xlink:href="#sSpan11001" value="9"/>
		<feat xlink:href="#sSpan11043" value="10"/>
		<feat xlink:href="#sSpan11084" value="11"/>
		<feat xlink:href="#sSpan11125" value="12"/>
		<feat xlink:href="#sSpan11172" value="13"/>
		<feat xlink:href="#sSpan11214" value="14"/>
		<feat xlink:href="#sSpan11249" value="15"/>
		<feat xlink:href="#sSpan11294" value="16"/>
		<feat xlink:href="#sSpan11336" value="1"/>
		<feat xlink:href="#sSpan11386" value="2"/>
		<feat xlink:href="#sSpan11435" value="3"/>
		<feat xlink:href="#sSpan11480" value="4"/>
		<feat xlink:href="#sSpan11515" value="5"/>
		<feat xlink:href="#sSpan11560" value="6"/>
		<feat xlink:href="#sSpan11598" value="7"/>
		<feat xlink:href="#sSpan11634" value="8"/>
		<feat xlink:href="#sSpan11669" value="9"/>
		<feat xlink:href="#sSpan11707" value="10"/>
		<feat xlink:href="#sSpan11760" value="11"/>
		<feat xlink:href="#sSpan11802" value="12"/>
		<feat xlink:href="#sSpan11845" value="13"/>
		<feat xlink:href="#sSpan11898" value="14"/>
		<feat xlink:href="#sSpan11947" value="15"/>
		<feat xlink:href="#sSpan11995" value="16"/>
		<feat xlink:href="#sSpan12035" value="17"/>
		<feat xlink:href="#sSpan12076" value="1"/>
		<feat xlink:href="#sSpan12119" value="2"/>
		<feat xlink:href="#sSpan12156" value="3"/>
		<feat xlink:href="#sSpan12199" value="4"/>
		<feat xlink:href="#sSpan12246" value="5"/>
		<feat xlink:href="#sSpan12292" value="6"/>
		<feat xlink:href="#sSpan12346" value="7"/>
		<feat xlink:href="#sSpan12394" value="8"/>
		<feat xlink:href="#sSpan12445" value="9"/>
		<feat xlink:href="#sSpan12497" value="10"/>
		<feat xlink:href="#sSpan12541" value="11"/>
		<feat xlink:href="#sSpan12581" value="12"/>
		<feat xlink:href="#sSpan12626" value="13"/>
		<feat xlink:href="#sSpan12673" value="14"/>
		<feat xlink:href="#sSpan12712" value="15"/>
		<feat xlink:href="#sSpan12753" value="16"/>
		<feat xlink:href="#sSpan12787" value="17"/>
		<feat xlink:href="#sSpan12835" value="1"/>
		<feat xlink:href="#sSpan12878" value="2"/>
		<feat xlink:href="#sSpan12912" value="3"/>
		<feat xlink:href="#sSpan12961" value="4"/>
		<feat xlink:href="#sSpan13002" value="5"/>
		<feat xlink:href="#sSpan13046" value="6"/>
		<feat xlink:href="#sSpan13085" value="7"/>
		<feat xlink:href="#sSpan13122" value="8"/>
		<feat xlink:href="#sSpan13164" value="9"/>
		<feat xlink:href="#sSpan13210" value="10"/>
		<feat xlink:href="#sSpan13243" value="11"/>
		<feat xlink:href="#sSpan13284" value="12"/>
		<feat xlink:href="#sSpan13318" value="13"/>
		<feat xlink:href="#sSpan13362" value="14"/>
		<feat xlink:href="#sSpan13406" value="15"/>
		<feat xlink:href="#sSpan13451" value="16"/>
		<feat xlink:href="#sSpan13493" value="1"/>
		<feat xlink:href="#sSpan13542" value="2"/>
		<feat xlink:href="#sSpan13582" value="3"/>
		<feat xlink:href="#sSpan13634" value="4"/>
		<feat xlink:href="#sSpan13679" value="5"/>
		<feat xlink:href="#sSpan13727" value="6"/>
		<feat xlink:href="#sSpan13773" value="7"/>
		<feat xlink:href="#sSpan13819" value="8"/>
		<feat xlink:href="#sSpan13866" value="9"/>
		<feat xlink:href="#sSpan13908" value="10"/>
		<feat xlink:href="#sSpan13960" value="11"/>
		<feat xlink:href="#sSpan14012" value="12"/>
		<feat xlink:href="#sSpan14059" value="13"/>
		<feat xlink:href="#sSpan14090" value="14"/>
		<feat xlink:href="#sSpan14136" value="15"/>
		<feat xlink:href="#sSpan14185" value="16"/>
		<feat xlink:href="#sSpan14236" value="1"/>
		<feat xlink:href="#sSpan14282" value="2"/>
		<feat xlink:href="#sSpan14329" value="3"/>
		<feat xlink:href="#sSpan14387" value="4"/>
		<feat xlink:href="#sSpan14437" value="5"/>
		<feat xlink:href="#sSpan14484" value="6"/>
		<feat xlink:href="#sSpan14534" value="7"/>
		<feat xlink:href="#sSpan14581" value="8"/>
		<feat xlink:href="#sSpan14627" value="9"/>
		<feat xlink:href="#sSpan14679" value="10"/>
		<feat xlink:href="#sSpan14739" value="11"/>
		<feat xlink:href="#sSpan14796" value="12"/>
		<feat xlink:href="#sSpan14840" value="13"/>
		<feat xlink:href="#sSpan14890" value="14"/>
		<feat xlink:href="#sSpan14924" value="15"/>
		<feat xlink:href="#sSpan14957" value="16"/>
		<feat xlink:href="#sSpan14998" value="17"/>
		<feat xlink:href="#sSpan15038" value="1"/>
		<feat xlink:href="#sSpan15083" value="2"/>
		<feat xlink:href="#sSpan15123" value="3"/>
		<feat xlink:href="#sSpan15168" value="4"/>
		<feat xlink:href="#sSpan15210" value="5"/>
		<feat xlink:href="#sSpan15265" value="6"/>
		<feat xlink:href="#sSpan15317" value="7"/>
		<feat xlink:href="#sSpan15362" value="8"/>
		<feat xlink:href="#sSpan15406" value="9"/>
		<feat xlink:href="#sSpan15444" value="10"/>
		<feat xlink:href="#sSpan15487" value="11"/>
		<feat xlink:href="#sSpan15524" value="12"/>
		<feat xlink:href="#sSpan15573" value="13"/>
		<feat xlink:href="#sSpan15613" value="14"/>
		<feat xlink:href="#sSpan15655" value="15"/>
		<feat xlink:href="#sSpan15714" value="16"/>
		<feat xlink:href="#sSpan15758" value="1"/>
		<feat xlink:href="#sSpan15807" value="2"/>
		<feat xlink:href="#sSpan15851" value="3"/>
		<feat xlink:href="#sSpan15898" value="4"/>
		<feat xlink:href="#sSpan15941" value="5"/>
		<feat xlink:href="#sSpan15981" value="6"/>
		<feat xlink:href="#sSpan16013" value="7"/>
		<feat xlink:href="#sSpan16067" value="8"/>
		<feat xlink:href="#sSpan16116" value="9"/>
		<feat xlink:href="#sSpan16169" value="10"/>
		<feat xlink:href="#sSpan16213" value="11"/>
		<feat xlink:href="#sSpan16253" value="12"/>
		<feat xlink:href="#sSpan16305" value="13"/>
		<feat xlink:href="#sSpan16345" value="14"/>
		<feat xlink:href="#sSpan16399" value="15"/>
		<feat xlink:href="#sSpan16439" value="16"/>
		<feat xlink:href="#sSpan16487" value="17"/>
		<feat xlink:href="#sSpan16537" value="1"/>
		<feat xlink:href="#sSpan16585" value="2"/>
		<feat xlink:href="#sSpan16632" value="3"/>
		<feat xlink:href="#sSpan16681" value="4"/>
		<feat xlink:href="#sSpan16728" value="5"/>
		<feat xlink:href="#sSpan16780" value="6"/>
		<feat xlink:href="#sSpan16824" value="7"/>
		<feat xlink:href="#sSpan16870" value="8"/>
		<feat xlink:href="#sSpan16920" value="9"/>
		<feat xlink:href="#sSpan16978" value="10"/>
		<feat xlink:href="#sSpan17026" value="11"/>
		<feat xlink:href="#sSpan17078" value="12"/>
		<feat xlink:href="#sSpan17116" value="13"/>
		<feat xlink:href="#sSpan17157" value="14"/>
		<feat xlink:href="#sSpan17208" value="15"/>
		<feat xlink:href="#sSpan17256" value="16"/>
		<feat xlink:href="#sSpan17305" value="1"/>
		<feat xlink:href="#sSpan17345" value="2"/>
		<feat xlink:href="#sSpan17392" value="3"/>
		<feat xlink:href="#sSpan17445" value="4"/>
		<feat xlink:href="#sSpan17497" value="5"/>
		<feat xlink:href="#sSpan17546" value="6"/>
		<feat xlink:href="#sSpan17592" value="7"/>
		<feat xlink:href="#sSpan17642" value="8"/>
		<feat xlink:href="#sSpan17681" value="9"/></featList></paula>