<?xml version="1.0" standalone="no"?>

<!DOCTYPE paula SYSTEM "paula_mark.dtd">
<paula version="1.0">

<header paula_id="sahidica.nt.1_Corinthians_6_tok"/>

<markList xmlns:xlink="http://www.w3.org/1999/xlink" type="tok" xml:base="sahidica.nt.1_Corinthians_6.text.xml">
<mark id="tok_1" xlink:href="#xpointer(string-range(//body,'',1,3))"/><!-- ⲟⲩⲛ -->
<mark id="tok_2" xlink:href="#xpointer(string-range(//body,'',5,3))"/><!-- ⲟⲩⲁ -->
<mark id="tok_3" xlink:href="#xpointer(string-range(//body,'',9,2))"/><!-- ⲛⲁ -->
<mark id="tok_4" xlink:href="#xpointer(string-range(//body,'',12,5))"/><!-- ⲧⲟⲗⲙⲁ -->
<mark id="tok_5" xlink:href="#xpointer(string-range(//body,'',18,4))"/><!-- ⲉⲃⲟⲗ -->
<mark id="tok_6" xlink:href="#xpointer(string-range(//body,'',23,6))"/><!-- ⲛϩⲏⲧⲧⲏ -->
<mark id="tok_7" xlink:href="#xpointer(string-range(//body,'',30,3))"/><!-- ⲩⲧⲛ -->
<mark id="tok_8" xlink:href="#xpointer(string-range(//body,'',34,1))"/><!-- ⲉ -->
<mark id="tok_9" xlink:href="#xpointer(string-range(//body,'',36,2))"/><!-- ⲟⲩ -->
<mark id="tok_10" xlink:href="#xpointer(string-range(//body,'',39,3))"/><!-- ⲛⲧϥ -->
<mark id="tok_11" xlink:href="#xpointer(string-range(//body,'',43,2))"/><!-- ⲟⲩ -->
<mark id="tok_12" xlink:href="#xpointer(string-range(//body,'',46,3))"/><!-- ϩⲱⲃ -->
<mark id="tok_13" xlink:href="#xpointer(string-range(//body,'',50,2))"/><!-- ⲙⲛ -->
<mark id="tok_14" xlink:href="#xpointer(string-range(//body,'',53,9))"/><!-- ⲡⲉⲑⲓⲧⲟⲩⲱϥ -->
<mark id="tok_15" xlink:href="#xpointer(string-range(//body,'',63,1))"/><!-- ⲉ -->
<mark id="tok_16" xlink:href="#xpointer(string-range(//body,'',65,5))"/><!-- ϫⲓϩⲁⲡ -->
<mark id="tok_17" xlink:href="#xpointer(string-range(//body,'',71,2))"/><!-- ϩⲓ -->
<mark id="tok_18" xlink:href="#xpointer(string-range(//body,'',74,6))"/><!-- ⲛⲣⲉϥϫⲓ -->
<mark id="tok_19" xlink:href="#xpointer(string-range(//body,'',81,1))"/><!-- ⲛ -->
<mark id="tok_20" xlink:href="#xpointer(string-range(//body,'',83,4))"/><!-- ϭⲟⲛⲥ -->
<mark id="tok_21" xlink:href="#xpointer(string-range(//body,'',88,3))"/><!-- ⲁⲩⲱ -->
<mark id="tok_22" xlink:href="#xpointer(string-range(//body,'',92,2))"/><!-- ϩⲓ -->
<mark id="tok_23" xlink:href="#xpointer(string-range(//body,'',95,1))"/><!-- ⲛ -->
<mark id="tok_24" xlink:href="#xpointer(string-range(//body,'',97,2))"/><!-- ⲉⲧ -->
<mark id="tok_25" xlink:href="#xpointer(string-range(//body,'',100,5))"/><!-- ⲟⲩⲁⲁⲃ -->
<mark id="tok_26" xlink:href="#xpointer(string-range(//body,'',106,2))"/><!-- ⲁⲛ -->
<mark id="tok_27" xlink:href="#xpointer(string-range(//body,'',109,1))"/><!-- . -->
<mark id="tok_28" xlink:href="#xpointer(string-range(//body,'',111,6))"/><!-- ⲏⲛⲧⲉⲧⲛ -->
<mark id="tok_29" xlink:href="#xpointer(string-range(//body,'',118,5))"/><!-- ⲥⲟⲟⲩⲛ -->
<mark id="tok_30" xlink:href="#xpointer(string-range(//body,'',124,2))"/><!-- ⲁⲛ -->
<mark id="tok_31" xlink:href="#xpointer(string-range(//body,'',127,2))"/><!-- ϫⲉ -->
<mark id="tok_32" xlink:href="#xpointer(string-range(//body,'',130,1))"/><!-- ⲛ -->
<mark id="tok_33" xlink:href="#xpointer(string-range(//body,'',132,2))"/><!-- ⲉⲧ -->
<mark id="tok_34" xlink:href="#xpointer(string-range(//body,'',135,5))"/><!-- ⲟⲩⲁⲁⲃ -->
<mark id="tok_35" xlink:href="#xpointer(string-range(//body,'',141,1))"/><!-- ⲛ -->
<mark id="tok_36" xlink:href="#xpointer(string-range(//body,'',143,2))"/><!-- ⲉⲧ -->
<mark id="tok_37" xlink:href="#xpointer(string-range(//body,'',146,2))"/><!-- ⲛⲁ -->
<mark id="tok_38" xlink:href="#xpointer(string-range(//body,'',149,5))"/><!-- ⲕⲣⲓⲛⲉ -->
<mark id="tok_39" xlink:href="#xpointer(string-range(//body,'',155,1))"/><!-- ⲙ -->
<mark id="tok_40" xlink:href="#xpointer(string-range(//body,'',157,1))"/><!-- ⲡ -->
<mark id="tok_41" xlink:href="#xpointer(string-range(//body,'',159,6))"/><!-- ⲕⲟⲥⲙⲟⲥ -->
<mark id="tok_42" xlink:href="#xpointer(string-range(//body,'',166,1))"/><!-- . -->
<mark id="tok_43" xlink:href="#xpointer(string-range(//body,'',168,3))"/><!-- ⲁⲩⲱ -->
<mark id="tok_44" xlink:href="#xpointer(string-range(//body,'',172,4))"/><!-- ⲉϣϫⲉ -->
<mark id="tok_45" xlink:href="#xpointer(string-range(//body,'',177,1))"/><!-- ⲉ -->
<mark id="tok_46" xlink:href="#xpointer(string-range(//body,'',179,1))"/><!-- ⲩ -->
<mark id="tok_47" xlink:href="#xpointer(string-range(//body,'',181,2))"/><!-- ⲛⲁ -->
<mark id="tok_48" xlink:href="#xpointer(string-range(//body,'',184,5))"/><!-- ⲕⲣⲓⲛⲉ -->
<mark id="tok_49" xlink:href="#xpointer(string-range(//body,'',190,1))"/><!-- ⲙ -->
<mark id="tok_50" xlink:href="#xpointer(string-range(//body,'',192,1))"/><!-- ⲡ -->
<mark id="tok_51" xlink:href="#xpointer(string-range(//body,'',194,6))"/><!-- ⲕⲟⲥⲙⲟⲥ -->
<mark id="tok_52" xlink:href="#xpointer(string-range(//body,'',201,9))"/><!-- ϩⲓⲱⲧⲧⲏⲩⲧⲛ -->
<mark id="tok_53" xlink:href="#xpointer(string-range(//body,'',211,5))"/><!-- ⲛⲧⲉⲧⲛ -->
<mark id="tok_54" xlink:href="#xpointer(string-range(//body,'',217,4))"/><!-- ⲙⲡϣⲁ -->
<mark id="tok_55" xlink:href="#xpointer(string-range(//body,'',222,2))"/><!-- ⲁⲛ -->
<mark id="tok_56" xlink:href="#xpointer(string-range(//body,'',225,1))"/><!-- ⲛ -->
<mark id="tok_57" xlink:href="#xpointer(string-range(//body,'',227,3))"/><!-- ϩⲉⲛ -->
<mark id="tok_58" xlink:href="#xpointer(string-range(//body,'',231,4))"/><!-- ⲕⲟⲩⲓ -->
<mark id="tok_59" xlink:href="#xpointer(string-range(//body,'',236,1))"/><!-- ⲙ -->
<mark id="tok_60" xlink:href="#xpointer(string-range(//body,'',238,2))"/><!-- ⲙⲁ -->
<mark id="tok_61" xlink:href="#xpointer(string-range(//body,'',241,1))"/><!-- ⲛ -->
<mark id="tok_62" xlink:href="#xpointer(string-range(//body,'',243,1))"/><!-- ϯ -->
<mark id="tok_63" xlink:href="#xpointer(string-range(//body,'',245,3))"/><!-- ϩⲁⲡ -->
<mark id="tok_64" xlink:href="#xpointer(string-range(//body,'',249,1))"/><!-- . -->
<mark id="tok_65" xlink:href="#xpointer(string-range(//body,'',251,5))"/><!-- ⲛⲧⲉⲧⲛ -->
<mark id="tok_66" xlink:href="#xpointer(string-range(//body,'',257,5))"/><!-- ⲥⲟⲟⲩⲛ -->
<mark id="tok_67" xlink:href="#xpointer(string-range(//body,'',263,2))"/><!-- ⲁⲛ -->
<mark id="tok_68" xlink:href="#xpointer(string-range(//body,'',266,2))"/><!-- ϫⲉ -->
<mark id="tok_69" xlink:href="#xpointer(string-range(//body,'',269,2))"/><!-- ⲧⲛ -->
<mark id="tok_70" xlink:href="#xpointer(string-range(//body,'',272,2))"/><!-- ⲛⲁ -->
<mark id="tok_71" xlink:href="#xpointer(string-range(//body,'',275,5))"/><!-- ⲕⲣⲓⲛⲉ -->
<mark id="tok_72" xlink:href="#xpointer(string-range(//body,'',281,1))"/><!-- ⲛ -->
<mark id="tok_73" xlink:href="#xpointer(string-range(//body,'',283,3))"/><!-- ϩⲉⲛ -->
<mark id="tok_74" xlink:href="#xpointer(string-range(//body,'',287,7))"/><!-- ⲁⲅⲅⲉⲗⲟⲥ -->
<mark id="tok_75" xlink:href="#xpointer(string-range(//body,'',295,9))"/><!-- ⲉⲙⲡⲁⲧⲛⲡⲱϩ -->
<mark id="tok_76" xlink:href="#xpointer(string-range(//body,'',305,1))"/><!-- ⲉ -->
<mark id="tok_77" xlink:href="#xpointer(string-range(//body,'',307,2))"/><!-- ⲛⲁ -->
<mark id="tok_78" xlink:href="#xpointer(string-range(//body,'',310,1))"/><!-- ⲡ -->
<mark id="tok_79" xlink:href="#xpointer(string-range(//body,'',312,6))"/><!-- ⲕⲟⲥⲙⲟⲥ -->
<mark id="tok_80" xlink:href="#xpointer(string-range(//body,'',319,1))"/><!-- . -->
<mark id="tok_81" xlink:href="#xpointer(string-range(//body,'',321,5))"/><!-- ⲉϣⲱⲡⲉ -->
<mark id="tok_82" xlink:href="#xpointer(string-range(//body,'',327,2))"/><!-- ϭⲉ -->
<mark id="tok_83" xlink:href="#xpointer(string-range(//body,'',330,7))"/><!-- ⲟⲩⲛⲧⲏⲧⲛ -->
<mark id="tok_84" xlink:href="#xpointer(string-range(//body,'',338,4))"/><!-- ⲙⲙⲁⲩ -->
<mark id="tok_85" xlink:href="#xpointer(string-range(//body,'',343,1))"/><!-- ⲛ -->
<mark id="tok_86" xlink:href="#xpointer(string-range(//body,'',345,3))"/><!-- ϩⲉⲛ -->
<mark id="tok_87" xlink:href="#xpointer(string-range(//body,'',349,3))"/><!-- ϩⲱⲃ -->
<mark id="tok_88" xlink:href="#xpointer(string-range(//body,'',353,3))"/><!-- ⲛⲧⲉ -->
<mark id="tok_89" xlink:href="#xpointer(string-range(//body,'',357,1))"/><!-- ⲡ -->
<mark id="tok_90" xlink:href="#xpointer(string-range(//body,'',359,4))"/><!-- ⲃⲓⲟⲥ -->
<mark id="tok_91" xlink:href="#xpointer(string-range(//body,'',364,1))"/><!-- ⲛ -->
<mark id="tok_92" xlink:href="#xpointer(string-range(//body,'',366,2))"/><!-- ⲉⲧ -->
<mark id="tok_93" xlink:href="#xpointer(string-range(//body,'',369,4))"/><!-- ⲥⲟϣϥ -->
<mark id="tok_94" xlink:href="#xpointer(string-range(//body,'',374,2))"/><!-- ϩⲛ -->
<mark id="tok_95" xlink:href="#xpointer(string-range(//body,'',377,1))"/><!-- ⲧ -->
<mark id="tok_96" xlink:href="#xpointer(string-range(//body,'',379,8))"/><!-- ⲉⲕⲕⲗⲏⲥⲓⲁ -->
<mark id="tok_97" xlink:href="#xpointer(string-range(//body,'',388,3))"/><!-- ⲛⲁⲓ -->
<mark id="tok_98" xlink:href="#xpointer(string-range(//body,'',392,8))"/><!-- ⲙⲁⲑⲙⲥⲟⲟⲩ -->
<mark id="tok_99" xlink:href="#xpointer(string-range(//body,'',401,1))"/><!-- . -->
<mark id="tok_100" xlink:href="#xpointer(string-range(//body,'',403,1))"/><!-- ⲉ -->
<mark id="tok_101" xlink:href="#xpointer(string-range(//body,'',405,1))"/><!-- ⲓ -->
<mark id="tok_102" xlink:href="#xpointer(string-range(//body,'',407,2))"/><!-- ϫⲱ -->
<mark id="tok_103" xlink:href="#xpointer(string-range(//body,'',410,3))"/><!-- ⲙⲙⲟ -->
<mark id="tok_104" xlink:href="#xpointer(string-range(//body,'',414,1))"/><!-- ⲥ -->
<mark id="tok_105" xlink:href="#xpointer(string-range(//body,'',416,1))"/><!-- ⲉ -->
<mark id="tok_106" xlink:href="#xpointer(string-range(//body,'',418,1))"/><!-- ⲩ -->
<mark id="tok_107" xlink:href="#xpointer(string-range(//body,'',420,4))"/><!-- ϣⲓⲡⲉ -->
<mark id="tok_108" xlink:href="#xpointer(string-range(//body,'',425,2))"/><!-- ⲛⲏ -->
<mark id="tok_109" xlink:href="#xpointer(string-range(//body,'',428,2))"/><!-- ⲧⲛ -->
<mark id="tok_110" xlink:href="#xpointer(string-range(//body,'',431,1))"/><!-- . -->
<mark id="tok_111" xlink:href="#xpointer(string-range(//body,'',433,3))"/><!-- ⲧⲁⲓ -->
<mark id="tok_112" xlink:href="#xpointer(string-range(//body,'',437,2))"/><!-- ⲧⲉ -->
<mark id="tok_113" xlink:href="#xpointer(string-range(//body,'',440,1))"/><!-- ⲧ -->
<mark id="tok_114" xlink:href="#xpointer(string-range(//body,'',442,2))"/><!-- ϩⲉ -->
<mark id="tok_115" xlink:href="#xpointer(string-range(//body,'',445,2))"/><!-- ⲙⲛ -->
<mark id="tok_116" xlink:href="#xpointer(string-range(//body,'',448,4))"/><!-- ⲗⲁⲁⲩ -->
<mark id="tok_117" xlink:href="#xpointer(string-range(//body,'',453,1))"/><!-- ⲛ -->
<mark id="tok_118" xlink:href="#xpointer(string-range(//body,'',455,5))"/><!-- ⲥⲟⲫⲟⲥ -->
<mark id="tok_119" xlink:href="#xpointer(string-range(//body,'',461,4))"/><!-- ⲛϩⲏⲧ -->
<mark id="tok_120" xlink:href="#xpointer(string-range(//body,'',466,5))"/><!-- ⲧⲏⲩⲧⲛ -->
<mark id="tok_121" xlink:href="#xpointer(string-range(//body,'',472,3))"/><!-- ⲡⲁⲓ -->
<mark id="tok_122" xlink:href="#xpointer(string-range(//body,'',476,1))"/><!-- ⲉ -->
<mark id="tok_123" xlink:href="#xpointer(string-range(//body,'',478,1))"/><!-- ϥ -->
<mark id="tok_124" xlink:href="#xpointer(string-range(//body,'',480,2))"/><!-- ⲛⲁ -->
<mark id="tok_125" xlink:href="#xpointer(string-range(//body,'',483,6))"/><!-- ϣϭⲙϭⲟⲙ -->
<mark id="tok_126" xlink:href="#xpointer(string-range(//body,'',490,1))"/><!-- ⲉ -->
<mark id="tok_127" xlink:href="#xpointer(string-range(//body,'',492,8))"/><!-- ⲇⲓⲁⲕⲣⲓⲛⲉ -->
<mark id="tok_128" xlink:href="#xpointer(string-range(//body,'',501,1))"/><!-- ⲛ -->
<mark id="tok_129" xlink:href="#xpointer(string-range(//body,'',503,1))"/><!-- ⲧ -->
<mark id="tok_130" xlink:href="#xpointer(string-range(//body,'',505,4))"/><!-- ⲙⲏⲧⲉ -->
<mark id="tok_131" xlink:href="#xpointer(string-range(//body,'',510,1))"/><!-- ⲙ -->
<mark id="tok_132" xlink:href="#xpointer(string-range(//body,'',512,3))"/><!-- ⲡⲉϥ -->
<mark id="tok_133" xlink:href="#xpointer(string-range(//body,'',516,3))"/><!-- ⲥⲟⲛ -->
<mark id="tok_134" xlink:href="#xpointer(string-range(//body,'',520,1))"/><!-- . -->
<mark id="tok_135" xlink:href="#xpointer(string-range(//body,'',522,4))"/><!-- ⲁⲗⲗⲁ -->
<mark id="tok_136" xlink:href="#xpointer(string-range(//body,'',527,3))"/><!-- ⲟⲩⲛ -->
<mark id="tok_137" xlink:href="#xpointer(string-range(//body,'',531,2))"/><!-- ⲟⲩ -->
<mark id="tok_138" xlink:href="#xpointer(string-range(//body,'',534,3))"/><!-- ⲥⲟⲛ -->
<mark id="tok_139" xlink:href="#xpointer(string-range(//body,'',538,5))"/><!-- ϫⲓϩⲁⲡ -->
<mark id="tok_140" xlink:href="#xpointer(string-range(//body,'',544,2))"/><!-- ⲙⲛ -->
<mark id="tok_141" xlink:href="#xpointer(string-range(//body,'',547,3))"/><!-- ⲡⲉϥ -->
<mark id="tok_142" xlink:href="#xpointer(string-range(//body,'',551,3))"/><!-- ⲥⲟⲛ -->
<mark id="tok_143" xlink:href="#xpointer(string-range(//body,'',555,1))"/><!-- . -->
<mark id="tok_144" xlink:href="#xpointer(string-range(//body,'',557,3))"/><!-- ⲁⲩⲱ -->
<mark id="tok_145" xlink:href="#xpointer(string-range(//body,'',561,3))"/><!-- ⲡⲁⲓ -->
<mark id="tok_146" xlink:href="#xpointer(string-range(//body,'',565,2))"/><!-- ϩⲓ -->
<mark id="tok_147" xlink:href="#xpointer(string-range(//body,'',568,1))"/><!-- ⲛ -->
<mark id="tok_148" xlink:href="#xpointer(string-range(//body,'',570,7))"/><!-- ⲁⲡⲓⲥⲧⲟⲥ -->
<mark id="tok_149" xlink:href="#xpointer(string-range(//body,'',578,1))"/><!-- . -->
<mark id="tok_150" xlink:href="#xpointer(string-range(//body,'',580,3))"/><!-- ⲏⲇⲏ -->
<mark id="tok_151" xlink:href="#xpointer(string-range(//body,'',584,3))"/><!-- ⲙⲉⲛ -->
<mark id="tok_152" xlink:href="#xpointer(string-range(//body,'',588,5))"/><!-- ϩⲟⲗⲱⲥ -->
<mark id="tok_153" xlink:href="#xpointer(string-range(//body,'',594,2))"/><!-- ⲣⲱ -->
<mark id="tok_154" xlink:href="#xpointer(string-range(//body,'',597,6))"/><!-- ⲟⲩϣⲱⲱⲧ -->
<mark id="tok_155" xlink:href="#xpointer(string-range(//body,'',604,2))"/><!-- ⲛⲏ -->
<mark id="tok_156" xlink:href="#xpointer(string-range(//body,'',607,2))"/><!-- ⲧⲛ -->
<mark id="tok_157" xlink:href="#xpointer(string-range(//body,'',610,2))"/><!-- ⲡⲉ -->
<mark id="tok_158" xlink:href="#xpointer(string-range(//body,'',613,2))"/><!-- ϫⲉ -->
<mark id="tok_159" xlink:href="#xpointer(string-range(//body,'',616,7))"/><!-- ⲟⲩⲛⲧⲏⲧⲛ -->
<mark id="tok_160" xlink:href="#xpointer(string-range(//body,'',624,3))"/><!-- ϩⲁⲡ -->
<mark id="tok_161" xlink:href="#xpointer(string-range(//body,'',628,2))"/><!-- ⲙⲛ -->
<mark id="tok_162" xlink:href="#xpointer(string-range(//body,'',631,4))"/><!-- ⲛⲉⲧⲛ -->
<mark id="tok_163" xlink:href="#xpointer(string-range(//body,'',636,4))"/><!-- ⲉⲣⲏⲩ -->
<mark id="tok_164" xlink:href="#xpointer(string-range(//body,'',641,1))"/><!-- . -->
<mark id="tok_165" xlink:href="#xpointer(string-range(//body,'',643,4))"/><!-- ⲉⲧⲃⲉ -->
<mark id="tok_166" xlink:href="#xpointer(string-range(//body,'',648,2))"/><!-- ⲟⲩ -->
<mark id="tok_167" xlink:href="#xpointer(string-range(//body,'',651,2))"/><!-- ⲣⲱ -->
<mark id="tok_168" xlink:href="#xpointer(string-range(//body,'',654,2))"/><!-- ⲥⲉ -->
<mark id="tok_169" xlink:href="#xpointer(string-range(//body,'',657,2))"/><!-- ⲛⲁ -->
<mark id="tok_170" xlink:href="#xpointer(string-range(//body,'',660,2))"/><!-- ϫⲓ -->
<mark id="tok_171" xlink:href="#xpointer(string-range(//body,'',663,5))"/><!-- ⲧⲏⲩⲧⲛ -->
<mark id="tok_172" xlink:href="#xpointer(string-range(//body,'',669,2))"/><!-- ⲁⲛ -->
<mark id="tok_173" xlink:href="#xpointer(string-range(//body,'',672,1))"/><!-- ⲛ -->
<mark id="tok_174" xlink:href="#xpointer(string-range(//body,'',674,4))"/><!-- ϭⲟⲛⲥ -->
<mark id="tok_175" xlink:href="#xpointer(string-range(//body,'',679,1))"/><!-- . -->
<mark id="tok_176" xlink:href="#xpointer(string-range(//body,'',681,4))"/><!-- ⲉⲧⲃⲉ -->
<mark id="tok_177" xlink:href="#xpointer(string-range(//body,'',686,2))"/><!-- ⲟⲩ -->
<mark id="tok_178" xlink:href="#xpointer(string-range(//body,'',689,2))"/><!-- ⲣⲱ -->
<mark id="tok_179" xlink:href="#xpointer(string-range(//body,'',692,2))"/><!-- ⲥⲉ -->
<mark id="tok_180" xlink:href="#xpointer(string-range(//body,'',695,2))"/><!-- ⲛⲁ -->
<mark id="tok_181" xlink:href="#xpointer(string-range(//body,'',698,3))"/><!-- ϥⲉϭ -->
<mark id="tok_182" xlink:href="#xpointer(string-range(//body,'',702,5))"/><!-- ⲧⲏⲩⲧⲛ -->
<mark id="tok_183" xlink:href="#xpointer(string-range(//body,'',708,2))"/><!-- ⲁⲛ -->
<mark id="tok_184" xlink:href="#xpointer(string-range(//body,'',711,1))"/><!-- . -->
<mark id="tok_185" xlink:href="#xpointer(string-range(//body,'',713,4))"/><!-- ⲁⲗⲗⲁ -->
<mark id="tok_186" xlink:href="#xpointer(string-range(//body,'',718,5))"/><!-- ⲛⲧⲱⲧⲛ -->
<mark id="tok_187" xlink:href="#xpointer(string-range(//body,'',724,1))"/><!-- ⲛ -->
<mark id="tok_188" xlink:href="#xpointer(string-range(//body,'',726,2))"/><!-- ⲉⲧ -->
<mark id="tok_189" xlink:href="#xpointer(string-range(//body,'',729,2))"/><!-- ϫⲓ -->
<mark id="tok_190" xlink:href="#xpointer(string-range(//body,'',732,1))"/><!-- ⲛ -->
<mark id="tok_191" xlink:href="#xpointer(string-range(//body,'',734,4))"/><!-- ϭⲟⲛⲥ -->
<mark id="tok_192" xlink:href="#xpointer(string-range(//body,'',739,1))"/><!-- . -->
<mark id="tok_193" xlink:href="#xpointer(string-range(//body,'',741,3))"/><!-- ⲁⲩⲱ -->
<mark id="tok_194" xlink:href="#xpointer(string-range(//body,'',745,2))"/><!-- ⲉⲧ -->
<mark id="tok_195" xlink:href="#xpointer(string-range(//body,'',748,4))"/><!-- ϥⲱϭⲉ -->
<mark id="tok_196" xlink:href="#xpointer(string-range(//body,'',753,3))"/><!-- ⲁⲩⲱ -->
<mark id="tok_197" xlink:href="#xpointer(string-range(//body,'',757,3))"/><!-- ⲡⲁⲓ -->
<mark id="tok_198" xlink:href="#xpointer(string-range(//body,'',761,1))"/><!-- ⲛ -->
<mark id="tok_199" xlink:href="#xpointer(string-range(//body,'',763,4))"/><!-- ⲛⲉⲧⲛ -->
<mark id="tok_200" xlink:href="#xpointer(string-range(//body,'',768,4))"/><!-- ⲥⲛⲏⲩ -->
<mark id="tok_201" xlink:href="#xpointer(string-range(//body,'',773,1))"/><!-- . -->
<mark id="tok_202" xlink:href="#xpointer(string-range(//body,'',775,6))"/><!-- ⲏⲛⲧⲉⲧⲛ -->
<mark id="tok_203" xlink:href="#xpointer(string-range(//body,'',782,5))"/><!-- ⲥⲟⲟⲩⲛ -->
<mark id="tok_204" xlink:href="#xpointer(string-range(//body,'',788,2))"/><!-- ⲁⲛ -->
<mark id="tok_205" xlink:href="#xpointer(string-range(//body,'',791,2))"/><!-- ϫⲉ -->
<mark id="tok_206" xlink:href="#xpointer(string-range(//body,'',794,6))"/><!-- ⲛⲣⲉϥϫⲓ -->
<mark id="tok_207" xlink:href="#xpointer(string-range(//body,'',801,1))"/><!-- ⲛ -->
<mark id="tok_208" xlink:href="#xpointer(string-range(//body,'',803,4))"/><!-- ϭⲟⲛⲥ -->
<mark id="tok_209" xlink:href="#xpointer(string-range(//body,'',808,11))"/><!-- ⲛⲁⲕⲗⲏⲣⲟⲛⲟⲙⲓ -->
<mark id="tok_210" xlink:href="#xpointer(string-range(//body,'',820,2))"/><!-- ⲁⲛ -->
<mark id="tok_211" xlink:href="#xpointer(string-range(//body,'',823,1))"/><!-- ⲛ -->
<mark id="tok_212" xlink:href="#xpointer(string-range(//body,'',825,1))"/><!-- ⲧ -->
<mark id="tok_213" xlink:href="#xpointer(string-range(//body,'',827,6))"/><!-- ⲙⲛⲧⲣⲣⲟ -->
<mark id="tok_214" xlink:href="#xpointer(string-range(//body,'',834,1))"/><!-- ⲙ -->
<mark id="tok_215" xlink:href="#xpointer(string-range(//body,'',836,1))"/><!-- ⲡ -->
<mark id="tok_216" xlink:href="#xpointer(string-range(//body,'',838,5))"/><!-- ⲛⲟⲩⲧⲉ -->
<mark id="tok_217" xlink:href="#xpointer(string-range(//body,'',844,3))"/><!-- ⲙⲡⲣ -->
<mark id="tok_218" xlink:href="#xpointer(string-range(//body,'',848,5))"/><!-- ⲡⲗⲁⲛⲁ -->
<mark id="tok_219" xlink:href="#xpointer(string-range(//body,'',854,4))"/><!-- ⲟⲩⲇⲉ -->
<mark id="tok_220" xlink:href="#xpointer(string-range(//body,'',859,2))"/><!-- ⲙⲛ -->
<mark id="tok_221" xlink:href="#xpointer(string-range(//body,'',862,6))"/><!-- ⲡⲟⲣⲛⲟⲥ -->
<mark id="tok_222" xlink:href="#xpointer(string-range(//body,'',869,4))"/><!-- ⲟⲩⲇⲉ -->
<mark id="tok_223" xlink:href="#xpointer(string-range(//body,'',874,2))"/><!-- ⲙⲛ -->
<mark id="tok_224" xlink:href="#xpointer(string-range(//body,'',877,7))"/><!-- ⲣⲉϥϣⲙϣⲉ -->
<mark id="tok_225" xlink:href="#xpointer(string-range(//body,'',885,7))"/><!-- ⲉⲓⲇⲱⲗⲟⲛ -->
<mark id="tok_226" xlink:href="#xpointer(string-range(//body,'',893,4))"/><!-- ⲟⲩⲇⲉ -->
<mark id="tok_227" xlink:href="#xpointer(string-range(//body,'',898,2))"/><!-- ⲙⲛ -->
<mark id="tok_228" xlink:href="#xpointer(string-range(//body,'',901,5))"/><!-- ⲛⲟⲉⲓⲕ -->
<mark id="tok_229" xlink:href="#xpointer(string-range(//body,'',907,4))"/><!-- ⲟⲩⲇⲉ -->
<mark id="tok_230" xlink:href="#xpointer(string-range(//body,'',912,2))"/><!-- ⲙⲛ -->
<mark id="tok_231" xlink:href="#xpointer(string-range(//body,'',915,7))"/><!-- ⲙⲁⲗⲁⲕⲟⲥ -->
<mark id="tok_232" xlink:href="#xpointer(string-range(//body,'',923,4))"/><!-- ⲟⲩⲇⲉ -->
<mark id="tok_233" xlink:href="#xpointer(string-range(//body,'',928,2))"/><!-- ⲙⲛ -->
<mark id="tok_234" xlink:href="#xpointer(string-range(//body,'',931,8))"/><!-- ⲣⲉϥⲛⲕⲟⲧⲕ -->
<mark id="tok_235" xlink:href="#xpointer(string-range(//body,'',940,2))"/><!-- ⲙⲛ -->
<mark id="tok_236" xlink:href="#xpointer(string-range(//body,'',943,5))"/><!-- ϩⲟⲟⲩⲧ -->
<mark id="tok_237" xlink:href="#xpointer(string-range(//body,'',949,1))"/><!-- . -->
<mark id="tok_238" xlink:href="#xpointer(string-range(//body,'',951,4))"/><!-- ⲟⲩⲇⲉ -->
<mark id="tok_239" xlink:href="#xpointer(string-range(//body,'',956,2))"/><!-- ⲙⲛ -->
<mark id="tok_240" xlink:href="#xpointer(string-range(//body,'',959,7))"/><!-- ⲣⲉϥϩⲱϥⲧ -->
<mark id="tok_241" xlink:href="#xpointer(string-range(//body,'',967,4))"/><!-- ⲟⲩⲇⲉ -->
<mark id="tok_242" xlink:href="#xpointer(string-range(//body,'',972,2))"/><!-- ⲙⲛ -->
<mark id="tok_243" xlink:href="#xpointer(string-range(//body,'',975,5))"/><!-- ⲙⲁⲓⲧⲟ -->
<mark id="tok_244" xlink:href="#xpointer(string-range(//body,'',981,5))"/><!-- ⲛϩⲟⲩⲟ -->
<mark id="tok_245" xlink:href="#xpointer(string-range(//body,'',987,4))"/><!-- ⲟⲩⲇⲉ -->
<mark id="tok_246" xlink:href="#xpointer(string-range(//body,'',992,2))"/><!-- ⲙⲛ -->
<mark id="tok_247" xlink:href="#xpointer(string-range(//body,'',995,6))"/><!-- ⲣⲉϥϯϩⲉ -->
<mark id="tok_248" xlink:href="#xpointer(string-range(//body,'',1002,4))"/><!-- ⲟⲩⲇⲉ -->
<mark id="tok_249" xlink:href="#xpointer(string-range(//body,'',1007,2))"/><!-- ⲙⲛ -->
<mark id="tok_250" xlink:href="#xpointer(string-range(//body,'',1010,8))"/><!-- ⲣⲉϥⲥⲁϩⲟⲩ -->
<mark id="tok_251" xlink:href="#xpointer(string-range(//body,'',1019,4))"/><!-- ⲟⲩⲇⲉ -->
<mark id="tok_252" xlink:href="#xpointer(string-range(//body,'',1024,2))"/><!-- ⲙⲛ -->
<mark id="tok_253" xlink:href="#xpointer(string-range(//body,'',1027,7))"/><!-- ⲣⲉϥⲧⲱⲣⲡ -->
<mark id="tok_254" xlink:href="#xpointer(string-range(//body,'',1035,5))"/><!-- ⲛⲁⲕⲗⲏ -->
<mark id="tok_255" xlink:href="#xpointer(string-range(//body,'',1041,6))"/><!-- ⲣⲟⲛⲟⲙⲓ -->
<mark id="tok_256" xlink:href="#xpointer(string-range(//body,'',1048,1))"/><!-- ⲛ -->
<mark id="tok_257" xlink:href="#xpointer(string-range(//body,'',1050,1))"/><!-- ⲧ -->
<mark id="tok_258" xlink:href="#xpointer(string-range(//body,'',1052,6))"/><!-- ⲙⲛⲧⲣⲣⲟ -->
<mark id="tok_259" xlink:href="#xpointer(string-range(//body,'',1059,1))"/><!-- ⲙ -->
<mark id="tok_260" xlink:href="#xpointer(string-range(//body,'',1061,1))"/><!-- ⲡ -->
<mark id="tok_261" xlink:href="#xpointer(string-range(//body,'',1063,5))"/><!-- ⲛⲟⲩⲧⲉ -->
<mark id="tok_262" xlink:href="#xpointer(string-range(//body,'',1069,1))"/><!-- . -->
<mark id="tok_263" xlink:href="#xpointer(string-range(//body,'',1071,3))"/><!-- ⲁⲩⲱ -->
<mark id="tok_264" xlink:href="#xpointer(string-range(//body,'',1075,3))"/><!-- ⲛⲁⲓ -->
<mark id="tok_265" xlink:href="#xpointer(string-range(//body,'',1079,6))"/><!-- ⲛⲉⲧⲉⲧⲛ -->
<mark id="tok_266" xlink:href="#xpointer(string-range(//body,'',1086,4))"/><!-- ⲛϩⲏⲧ -->
<mark id="tok_267" xlink:href="#xpointer(string-range(//body,'',1091,2))"/><!-- ⲟⲩ -->
<mark id="tok_268" xlink:href="#xpointer(string-range(//body,'',1094,2))"/><!-- ⲡⲉ -->
<mark id="tok_269" xlink:href="#xpointer(string-range(//body,'',1097,4))"/><!-- ⲁⲗⲗⲁ -->
<mark id="tok_270" xlink:href="#xpointer(string-range(//body,'',1102,9))"/><!-- ⲁⲧⲉⲧⲛϫⲉⲕⲙ -->
<mark id="tok_271" xlink:href="#xpointer(string-range(//body,'',1112,5))"/><!-- ⲧⲏⲩⲧⲛ -->
<mark id="tok_272" xlink:href="#xpointer(string-range(//body,'',1118,4))"/><!-- ⲁⲗⲗⲁ -->
<mark id="tok_273" xlink:href="#xpointer(string-range(//body,'',1123,1))"/><!-- ⲁ -->
<mark id="tok_274" xlink:href="#xpointer(string-range(//body,'',1125,4))"/><!-- ⲧⲉⲧⲛ -->
<mark id="tok_275" xlink:href="#xpointer(string-range(//body,'',1130,4))"/><!-- ⲧⲃⲃⲟ -->
<mark id="tok_276" xlink:href="#xpointer(string-range(//body,'',1135,4))"/><!-- ⲁⲗⲗⲁ -->
<mark id="tok_277" xlink:href="#xpointer(string-range(//body,'',1140,11))"/><!-- ⲁⲧⲉⲧⲛⲧⲙⲁⲉⲓⲟ -->
<mark id="tok_278" xlink:href="#xpointer(string-range(//body,'',1152,2))"/><!-- ϩⲙ -->
<mark id="tok_279" xlink:href="#xpointer(string-range(//body,'',1155,1))"/><!-- ⲡ -->
<mark id="tok_280" xlink:href="#xpointer(string-range(//body,'',1157,3))"/><!-- ⲣⲁⲛ -->
<mark id="tok_281" xlink:href="#xpointer(string-range(//body,'',1161,1))"/><!-- ⲙ -->
<mark id="tok_282" xlink:href="#xpointer(string-range(//body,'',1163,3))"/><!-- ⲡⲉⲛ -->
<mark id="tok_283" xlink:href="#xpointer(string-range(//body,'',1167,5))"/><!-- ϫⲟⲉⲓⲥ -->
<mark id="tok_284" xlink:href="#xpointer(string-range(//body,'',1173,6))"/><!-- ⲓⲏⲥⲟⲩⲥ -->
<mark id="tok_285" xlink:href="#xpointer(string-range(//body,'',1180,3))"/><!-- ⲁⲩⲱ -->
<mark id="tok_286" xlink:href="#xpointer(string-range(//body,'',1184,2))"/><!-- ϩⲙ -->
<mark id="tok_287" xlink:href="#xpointer(string-range(//body,'',1187,2))"/><!-- ⲡⲉ -->
<mark id="tok_288" xlink:href="#xpointer(string-range(//body,'',1190,6))"/><!-- ⲡⲛⲉⲩⲙⲁ -->
<mark id="tok_289" xlink:href="#xpointer(string-range(//body,'',1197,1))"/><!-- ⲙ -->
<mark id="tok_290" xlink:href="#xpointer(string-range(//body,'',1199,3))"/><!-- ⲡⲉⲛ -->
<mark id="tok_291" xlink:href="#xpointer(string-range(//body,'',1203,5))"/><!-- ⲛⲟⲩⲧⲉ -->
<mark id="tok_292" xlink:href="#xpointer(string-range(//body,'',1209,1))"/><!-- . -->
<mark id="tok_293" xlink:href="#xpointer(string-range(//body,'',1211,3))"/><!-- ϩⲱⲃ -->
<mark id="tok_294" xlink:href="#xpointer(string-range(//body,'',1215,3))"/><!-- ⲛⲓⲙ -->
<mark id="tok_295" xlink:href="#xpointer(string-range(//body,'',1219,7))"/><!-- ⲉⲝⲉⲥⲧⲉⲓ -->
<mark id="tok_296" xlink:href="#xpointer(string-range(//body,'',1227,3))"/><!-- ⲛⲁⲓ -->
<mark id="tok_297" xlink:href="#xpointer(string-range(//body,'',1231,1))"/><!-- . -->
<mark id="tok_298" xlink:href="#xpointer(string-range(//body,'',1233,4))"/><!-- ⲁⲗⲗⲁ -->
<mark id="tok_299" xlink:href="#xpointer(string-range(//body,'',1238,3))"/><!-- ϩⲱⲃ -->
<mark id="tok_300" xlink:href="#xpointer(string-range(//body,'',1242,3))"/><!-- ⲛⲓⲙ -->
<mark id="tok_301" xlink:href="#xpointer(string-range(//body,'',1246,6))"/><!-- ⲣⲛⲟϥⲣⲉ -->
<mark id="tok_302" xlink:href="#xpointer(string-range(//body,'',1253,2))"/><!-- ⲁⲛ -->
<mark id="tok_303" xlink:href="#xpointer(string-range(//body,'',1256,1))"/><!-- . -->
<mark id="tok_304" xlink:href="#xpointer(string-range(//body,'',1258,3))"/><!-- ϩⲱⲃ -->
<mark id="tok_305" xlink:href="#xpointer(string-range(//body,'',1262,3))"/><!-- ⲛⲓⲙ -->
<mark id="tok_306" xlink:href="#xpointer(string-range(//body,'',1266,7))"/><!-- ⲉⲝⲉⲥⲧⲉⲓ -->
<mark id="tok_307" xlink:href="#xpointer(string-range(//body,'',1274,3))"/><!-- ⲛⲁⲓ -->
<mark id="tok_308" xlink:href="#xpointer(string-range(//body,'',1278,4))"/><!-- ⲁⲗⲗⲁ -->
<mark id="tok_309" xlink:href="#xpointer(string-range(//body,'',1283,1))"/><!-- ⲛ -->
<mark id="tok_310" xlink:href="#xpointer(string-range(//body,'',1285,1))"/><!-- ϯ -->
<mark id="tok_311" xlink:href="#xpointer(string-range(//body,'',1287,2))"/><!-- ⲛⲁ -->
<mark id="tok_312" xlink:href="#xpointer(string-range(//body,'',1290,2))"/><!-- ⲕⲁ -->
<mark id="tok_313" xlink:href="#xpointer(string-range(//body,'',1293,4))"/><!-- ⲗⲁⲁⲩ -->
<mark id="tok_314" xlink:href="#xpointer(string-range(//body,'',1298,2))"/><!-- ⲁⲛ -->
<mark id="tok_315" xlink:href="#xpointer(string-range(//body,'',1301,1))"/><!-- ⲉ -->
<mark id="tok_316" xlink:href="#xpointer(string-range(//body,'',1303,6))"/><!-- ⲣϫⲟⲉⲓⲥ -->
<mark id="tok_317" xlink:href="#xpointer(string-range(//body,'',1310,3))"/><!-- ⲉⲣⲟ -->
<mark id="tok_318" xlink:href="#xpointer(string-range(//body,'',1314,1))"/><!-- ⲓ -->
<mark id="tok_319" xlink:href="#xpointer(string-range(//body,'',1316,1))"/><!-- . -->
<mark id="tok_320" xlink:href="#xpointer(string-range(//body,'',1318,3))"/><!-- ⲛϭⲓ -->
<mark id="tok_321" xlink:href="#xpointer(string-range(//body,'',1322,6))"/><!-- ⲛⲟⲩⲟⲟⲙ -->
<mark id="tok_322" xlink:href="#xpointer(string-range(//body,'',1329,1))"/><!-- ⲛ -->
<mark id="tok_323" xlink:href="#xpointer(string-range(//body,'',1331,1))"/><!-- ⲧ -->
<mark id="tok_324" xlink:href="#xpointer(string-range(//body,'',1333,2))"/><!-- ϩⲏ -->
<mark id="tok_325" xlink:href="#xpointer(string-range(//body,'',1336,3))"/><!-- ⲁⲩⲱ -->
<mark id="tok_326" xlink:href="#xpointer(string-range(//body,'',1340,1))"/><!-- ⲧ -->
<mark id="tok_327" xlink:href="#xpointer(string-range(//body,'',1342,2))"/><!-- ϩⲏ -->
<mark id="tok_328" xlink:href="#xpointer(string-range(//body,'',1345,4))"/><!-- ⲛⲛϭⲓ -->
<mark id="tok_329" xlink:href="#xpointer(string-range(//body,'',1350,6))"/><!-- ⲛⲟⲩⲟⲟⲙ -->
<mark id="tok_330" xlink:href="#xpointer(string-range(//body,'',1357,1))"/><!-- ⲡ -->
<mark id="tok_331" xlink:href="#xpointer(string-range(//body,'',1359,5))"/><!-- ⲛⲟⲩⲧⲉ -->
<mark id="tok_332" xlink:href="#xpointer(string-range(//body,'',1365,2))"/><!-- ⲇⲉ -->
<mark id="tok_333" xlink:href="#xpointer(string-range(//body,'',1368,3))"/><!-- ⲧⲁⲓ -->
<mark id="tok_334" xlink:href="#xpointer(string-range(//body,'',1372,2))"/><!-- ⲙⲛ -->
<mark id="tok_335" xlink:href="#xpointer(string-range(//body,'',1375,9))"/><!-- ⲛⲉⲉⲓⲕⲟⲟⲩⲉ -->
<mark id="tok_336" xlink:href="#xpointer(string-range(//body,'',1385,10))"/><!-- ϥⲛⲁⲟⲩⲟⲥϥⲟⲩ -->
<mark id="tok_337" xlink:href="#xpointer(string-range(//body,'',1396,1))"/><!-- ⲡ -->
<mark id="tok_338" xlink:href="#xpointer(string-range(//body,'',1398,4))"/><!-- ⲥⲱⲙⲁ -->
<mark id="tok_339" xlink:href="#xpointer(string-range(//body,'',1403,4))"/><!-- ⲛⲧⲟϥ -->
<mark id="tok_340" xlink:href="#xpointer(string-range(//body,'',1408,1))"/><!-- ⲛ -->
<mark id="tok_341" xlink:href="#xpointer(string-range(//body,'',1410,1))"/><!-- ⲧ -->
<mark id="tok_342" xlink:href="#xpointer(string-range(//body,'',1412,7))"/><!-- ⲡⲟⲣⲛⲉⲓⲁ -->
<mark id="tok_343" xlink:href="#xpointer(string-range(//body,'',1420,2))"/><!-- ⲁⲛ -->
<mark id="tok_344" xlink:href="#xpointer(string-range(//body,'',1423,4))"/><!-- ⲁⲗⲗⲁ -->
<mark id="tok_345" xlink:href="#xpointer(string-range(//body,'',1428,1))"/><!-- ⲙ -->
<mark id="tok_346" xlink:href="#xpointer(string-range(//body,'',1430,1))"/><!-- ⲡ -->
<mark id="tok_347" xlink:href="#xpointer(string-range(//body,'',1432,5))"/><!-- ϫⲟⲉⲓⲥ -->
<mark id="tok_348" xlink:href="#xpointer(string-range(//body,'',1438,3))"/><!-- ⲁⲩⲱ -->
<mark id="tok_349" xlink:href="#xpointer(string-range(//body,'',1442,1))"/><!-- ⲡ -->
<mark id="tok_350" xlink:href="#xpointer(string-range(//body,'',1444,5))"/><!-- ϫⲟⲉⲓⲥ -->
<mark id="tok_351" xlink:href="#xpointer(string-range(//body,'',1450,1))"/><!-- ⲙ -->
<mark id="tok_352" xlink:href="#xpointer(string-range(//body,'',1452,1))"/><!-- ⲡ -->
<mark id="tok_353" xlink:href="#xpointer(string-range(//body,'',1454,4))"/><!-- ⲥⲱⲙⲁ -->
<mark id="tok_354" xlink:href="#xpointer(string-range(//body,'',1459,1))"/><!-- . -->
<mark id="tok_355" xlink:href="#xpointer(string-range(//body,'',1461,7))"/><!-- ⲁⲡⲛⲟⲩⲧⲉ -->
<mark id="tok_356" xlink:href="#xpointer(string-range(//body,'',1469,2))"/><!-- ⲇⲉ -->
<mark id="tok_357" xlink:href="#xpointer(string-range(//body,'',1472,6))"/><!-- ⲧⲟⲩⲛⲉⲥ -->
<mark id="tok_358" xlink:href="#xpointer(string-range(//body,'',1479,3))"/><!-- ⲡⲉⲛ -->
<mark id="tok_359" xlink:href="#xpointer(string-range(//body,'',1483,5))"/><!-- ϫⲟⲉⲓⲥ -->
<mark id="tok_360" xlink:href="#xpointer(string-range(//body,'',1489,1))"/><!-- . -->
<mark id="tok_361" xlink:href="#xpointer(string-range(//body,'',1491,3))"/><!-- ⲁⲩⲱ -->
<mark id="tok_362" xlink:href="#xpointer(string-range(//body,'',1495,1))"/><!-- ϥ -->
<mark id="tok_363" xlink:href="#xpointer(string-range(//body,'',1497,2))"/><!-- ⲛⲁ -->
<mark id="tok_364" xlink:href="#xpointer(string-range(//body,'',1500,6))"/><!-- ⲧⲟⲩⲛⲟⲥ -->
<mark id="tok_365" xlink:href="#xpointer(string-range(//body,'',1507,1))"/><!-- ⲛ -->
<mark id="tok_366" xlink:href="#xpointer(string-range(//body,'',1509,4))"/><!-- ϩⲓⲧⲛ -->
<mark id="tok_367" xlink:href="#xpointer(string-range(//body,'',1514,3))"/><!-- ⲧⲉϥ -->
<mark id="tok_368" xlink:href="#xpointer(string-range(//body,'',1518,3))"/><!-- ϭⲟⲙ -->
<mark id="tok_369" xlink:href="#xpointer(string-range(//body,'',1522,1))"/><!-- . -->
<mark id="tok_370" xlink:href="#xpointer(string-range(//body,'',1524,5))"/><!-- ⲛⲧⲉⲧⲛ -->
<mark id="tok_371" xlink:href="#xpointer(string-range(//body,'',1530,5))"/><!-- ⲥⲟⲟⲩⲛ -->
<mark id="tok_372" xlink:href="#xpointer(string-range(//body,'',1536,2))"/><!-- ⲁⲛ -->
<mark id="tok_373" xlink:href="#xpointer(string-range(//body,'',1539,2))"/><!-- ϫⲉ -->
<mark id="tok_374" xlink:href="#xpointer(string-range(//body,'',1542,4))"/><!-- ⲛⲉⲧⲛ -->
<mark id="tok_375" xlink:href="#xpointer(string-range(//body,'',1547,4))"/><!-- ⲥⲱⲙⲁ -->
<mark id="tok_376" xlink:href="#xpointer(string-range(//body,'',1552,1))"/><!-- ⲙ -->
<mark id="tok_377" xlink:href="#xpointer(string-range(//body,'',1554,5))"/><!-- ⲙⲉⲗⲟⲥ -->
<mark id="tok_378" xlink:href="#xpointer(string-range(//body,'',1560,1))"/><!-- ⲙ -->
<mark id="tok_379" xlink:href="#xpointer(string-range(//body,'',1562,2))"/><!-- ⲡⲉ -->
<mark id="tok_380" xlink:href="#xpointer(string-range(//body,'',1565,7))"/><!-- ⲭⲣⲓⲥⲧⲟⲥ -->
<mark id="tok_381" xlink:href="#xpointer(string-range(//body,'',1573,2))"/><!-- ⲛⲉ -->
<mark id="tok_382" xlink:href="#xpointer(string-range(//body,'',1576,1))"/><!-- . -->
<mark id="tok_383" xlink:href="#xpointer(string-range(//body,'',1578,4))"/><!-- ⲧⲁϥⲓ -->
<mark id="tok_384" xlink:href="#xpointer(string-range(//body,'',1583,2))"/><!-- ϭⲉ -->
<mark id="tok_385" xlink:href="#xpointer(string-range(//body,'',1586,1))"/><!-- ⲛ -->
<mark id="tok_386" xlink:href="#xpointer(string-range(//body,'',1588,1))"/><!-- ⲙ -->
<mark id="tok_387" xlink:href="#xpointer(string-range(//body,'',1590,5))"/><!-- ⲙⲉⲗⲟⲥ -->
<mark id="tok_388" xlink:href="#xpointer(string-range(//body,'',1596,1))"/><!-- ⲙ -->
<mark id="tok_389" xlink:href="#xpointer(string-range(//body,'',1598,2))"/><!-- ⲡⲉ -->
<mark id="tok_390" xlink:href="#xpointer(string-range(//body,'',1601,7))"/><!-- ⲭⲣⲓⲥⲧⲟⲥ -->
<mark id="tok_391" xlink:href="#xpointer(string-range(//body,'',1609,5))"/><!-- ⲧⲁⲁⲁⲩ -->
<mark id="tok_392" xlink:href="#xpointer(string-range(//body,'',1615,1))"/><!-- ⲙ -->
<mark id="tok_393" xlink:href="#xpointer(string-range(//body,'',1617,5))"/><!-- ⲙⲉⲗⲟⲥ -->
<mark id="tok_394" xlink:href="#xpointer(string-range(//body,'',1623,1))"/><!-- ⲙ -->
<mark id="tok_395" xlink:href="#xpointer(string-range(//body,'',1625,5))"/><!-- ⲡⲟⲣⲛⲏ -->
<mark id="tok_396" xlink:href="#xpointer(string-range(//body,'',1631,8))"/><!-- ⲛⲛⲉⲥϣⲱⲡⲉ -->
<mark id="tok_397" xlink:href="#xpointer(string-range(//body,'',1640,6))"/><!-- ⲏⲛⲧⲉⲧⲛ -->
<mark id="tok_398" xlink:href="#xpointer(string-range(//body,'',1647,5))"/><!-- ⲥⲟⲟⲩⲛ -->
<mark id="tok_399" xlink:href="#xpointer(string-range(//body,'',1653,2))"/><!-- ⲁⲛ -->
<mark id="tok_400" xlink:href="#xpointer(string-range(//body,'',1656,2))"/><!-- ϫⲉ -->
<mark id="tok_401" xlink:href="#xpointer(string-range(//body,'',1659,1))"/><!-- ⲡ -->
<mark id="tok_402" xlink:href="#xpointer(string-range(//body,'',1661,2))"/><!-- ⲉⲧ -->
<mark id="tok_403" xlink:href="#xpointer(string-range(//body,'',1664,4))"/><!-- ⲧⲱϭⲉ -->
<mark id="tok_404" xlink:href="#xpointer(string-range(//body,'',1669,3))"/><!-- ⲙⲙⲟ -->
<mark id="tok_405" xlink:href="#xpointer(string-range(//body,'',1673,1))"/><!-- ϥ -->
<mark id="tok_406" xlink:href="#xpointer(string-range(//body,'',1675,1))"/><!-- ⲉ -->
<mark id="tok_407" xlink:href="#xpointer(string-range(//body,'',1677,1))"/><!-- ⲧ -->
<mark id="tok_408" xlink:href="#xpointer(string-range(//body,'',1679,5))"/><!-- ⲡⲟⲣⲛⲏ -->
<mark id="tok_409" xlink:href="#xpointer(string-range(//body,'',1685,2))"/><!-- ⲟⲩ -->
<mark id="tok_410" xlink:href="#xpointer(string-range(//body,'',1688,4))"/><!-- ⲥⲱⲙⲁ -->
<mark id="tok_411" xlink:href="#xpointer(string-range(//body,'',1693,1))"/><!-- ⲛ -->
<mark id="tok_412" xlink:href="#xpointer(string-range(//body,'',1695,4))"/><!-- ⲟⲩⲱⲧ -->
<mark id="tok_413" xlink:href="#xpointer(string-range(//body,'',1700,2))"/><!-- ⲡⲉ -->
<mark id="tok_414" xlink:href="#xpointer(string-range(//body,'',1703,1))"/><!-- . -->
<mark id="tok_415" xlink:href="#xpointer(string-range(//body,'',1705,4))"/><!-- ⲡⲉϫⲁ -->
<mark id="tok_416" xlink:href="#xpointer(string-range(//body,'',1710,1))"/><!-- ϥ -->
<mark id="tok_417" xlink:href="#xpointer(string-range(//body,'',1712,3))"/><!-- ⲅⲁⲣ -->
<mark id="tok_418" xlink:href="#xpointer(string-range(//body,'',1716,2))"/><!-- ϫⲉ -->
<mark id="tok_419" xlink:href="#xpointer(string-range(//body,'',1719,2))"/><!-- ⲥⲉ -->
<mark id="tok_420" xlink:href="#xpointer(string-range(//body,'',1722,2))"/><!-- ⲛⲁ -->
<mark id="tok_421" xlink:href="#xpointer(string-range(//body,'',1725,4))"/><!-- ϣⲱⲡⲉ -->
<mark id="tok_422" xlink:href="#xpointer(string-range(//body,'',1730,7))"/><!-- ⲙⲡⲉⲥⲛⲁⲩ -->
<mark id="tok_423" xlink:href="#xpointer(string-range(//body,'',1738,1))"/><!-- ⲉ -->
<mark id="tok_424" xlink:href="#xpointer(string-range(//body,'',1740,1))"/><!-- ⲩ -->
<mark id="tok_425" xlink:href="#xpointer(string-range(//body,'',1742,4))"/><!-- ⲥⲁⲣⲝ -->
<mark id="tok_426" xlink:href="#xpointer(string-range(//body,'',1747,1))"/><!-- ⲛ -->
<mark id="tok_427" xlink:href="#xpointer(string-range(//body,'',1749,4))"/><!-- ⲟⲩⲱⲧ -->
<mark id="tok_428" xlink:href="#xpointer(string-range(//body,'',1754,1))"/><!-- . -->
<mark id="tok_429" xlink:href="#xpointer(string-range(//body,'',1756,1))"/><!-- ⲡ -->
<mark id="tok_430" xlink:href="#xpointer(string-range(//body,'',1758,2))"/><!-- ⲉⲧ -->
<mark id="tok_431" xlink:href="#xpointer(string-range(//body,'',1761,4))"/><!-- ⲧⲱϭⲉ -->
<mark id="tok_432" xlink:href="#xpointer(string-range(//body,'',1766,2))"/><!-- ⲇⲉ -->
<mark id="tok_433" xlink:href="#xpointer(string-range(//body,'',1769,3))"/><!-- ⲙⲙⲟ -->
<mark id="tok_434" xlink:href="#xpointer(string-range(//body,'',1773,1))"/><!-- ϥ -->
<mark id="tok_435" xlink:href="#xpointer(string-range(//body,'',1775,1))"/><!-- ⲉ -->
<mark id="tok_436" xlink:href="#xpointer(string-range(//body,'',1777,1))"/><!-- ⲡ -->
<mark id="tok_437" xlink:href="#xpointer(string-range(//body,'',1779,5))"/><!-- ϫⲟⲉⲓⲥ -->
<mark id="tok_438" xlink:href="#xpointer(string-range(//body,'',1785,2))"/><!-- ⲟⲩ -->
<mark id="tok_439" xlink:href="#xpointer(string-range(//body,'',1788,6))"/><!-- ⲡⲛⲉⲩⲙⲁ -->
<mark id="tok_440" xlink:href="#xpointer(string-range(//body,'',1795,1))"/><!-- ⲛ -->
<mark id="tok_441" xlink:href="#xpointer(string-range(//body,'',1797,4))"/><!-- ⲟⲩⲱⲧ -->
<mark id="tok_442" xlink:href="#xpointer(string-range(//body,'',1802,2))"/><!-- ⲡⲉ -->
<mark id="tok_443" xlink:href="#xpointer(string-range(//body,'',1805,1))"/><!-- . -->
<mark id="tok_444" xlink:href="#xpointer(string-range(//body,'',1807,3))"/><!-- ⲡⲱⲧ -->
<mark id="tok_445" xlink:href="#xpointer(string-range(//body,'',1811,4))"/><!-- ⲉⲃⲟⲗ -->
<mark id="tok_446" xlink:href="#xpointer(string-range(//body,'',1816,1))"/><!-- ⲛ -->
<mark id="tok_447" xlink:href="#xpointer(string-range(//body,'',1818,1))"/><!-- ⲧ -->
<mark id="tok_448" xlink:href="#xpointer(string-range(//body,'',1820,7))"/><!-- ⲡⲟⲣⲛⲉⲓⲁ -->
<mark id="tok_449" xlink:href="#xpointer(string-range(//body,'',1828,1))"/><!-- . -->
<mark id="tok_450" xlink:href="#xpointer(string-range(//body,'',1830,4))"/><!-- ⲛⲟⲃⲉ -->
<mark id="tok_451" xlink:href="#xpointer(string-range(//body,'',1835,3))"/><!-- ⲛⲓⲙ -->
<mark id="tok_452" xlink:href="#xpointer(string-range(//body,'',1839,5))"/><!-- ⲉⲧⲉⲣⲉ -->
<mark id="tok_453" xlink:href="#xpointer(string-range(//body,'',1845,1))"/><!-- ⲡ -->
<mark id="tok_454" xlink:href="#xpointer(string-range(//body,'',1847,4))"/><!-- ⲣⲱⲙⲉ -->
<mark id="tok_455" xlink:href="#xpointer(string-range(//body,'',1852,2))"/><!-- ⲛⲁ -->
<mark id="tok_456" xlink:href="#xpointer(string-range(//body,'',1855,2))"/><!-- ⲁⲁ -->
<mark id="tok_457" xlink:href="#xpointer(string-range(//body,'',1858,1))"/><!-- ⲩ -->
<mark id="tok_458" xlink:href="#xpointer(string-range(//body,'',1860,7))"/><!-- ⲥⲉⲙⲡⲃⲟⲗ -->
<mark id="tok_459" xlink:href="#xpointer(string-range(//body,'',1868,1))"/><!-- ⲙ -->
<mark id="tok_460" xlink:href="#xpointer(string-range(//body,'',1870,1))"/><!-- ⲡ -->
<mark id="tok_461" xlink:href="#xpointer(string-range(//body,'',1872,4))"/><!-- ⲥⲱⲙⲁ -->
<mark id="tok_462" xlink:href="#xpointer(string-range(//body,'',1877,1))"/><!-- . -->
<mark id="tok_463" xlink:href="#xpointer(string-range(//body,'',1879,1))"/><!-- ⲡ -->
<mark id="tok_464" xlink:href="#xpointer(string-range(//body,'',1881,2))"/><!-- ⲉⲧ -->
<mark id="tok_465" xlink:href="#xpointer(string-range(//body,'',1884,7))"/><!-- ⲡⲟⲣⲛⲉⲩⲉ -->
<mark id="tok_466" xlink:href="#xpointer(string-range(//body,'',1892,2))"/><!-- ⲇⲉ -->
<mark id="tok_467" xlink:href="#xpointer(string-range(//body,'',1895,4))"/><!-- ⲛⲧⲟϥ -->
<mark id="tok_468" xlink:href="#xpointer(string-range(//body,'',1900,1))"/><!-- ⲉ -->
<mark id="tok_469" xlink:href="#xpointer(string-range(//body,'',1902,1))"/><!-- ϥ -->
<mark id="tok_470" xlink:href="#xpointer(string-range(//body,'',1904,5))"/><!-- ⲣⲛⲟⲃⲉ -->
<mark id="tok_471" xlink:href="#xpointer(string-range(//body,'',1910,1))"/><!-- ⲉ -->
<mark id="tok_472" xlink:href="#xpointer(string-range(//body,'',1912,3))"/><!-- ⲡⲉϥ -->
<mark id="tok_473" xlink:href="#xpointer(string-range(//body,'',1916,4))"/><!-- ⲥⲱⲙⲁ -->
<mark id="tok_474" xlink:href="#xpointer(string-range(//body,'',1921,5))"/><!-- ⲙⲁⲩⲁⲁ -->
<mark id="tok_475" xlink:href="#xpointer(string-range(//body,'',1927,1))"/><!-- ϥ -->
<mark id="tok_476" xlink:href="#xpointer(string-range(//body,'',1929,1))"/><!-- . -->
<mark id="tok_477" xlink:href="#xpointer(string-range(//body,'',1931,6))"/><!-- ⲏⲛⲧⲉⲧⲛ -->
<mark id="tok_478" xlink:href="#xpointer(string-range(//body,'',1938,5))"/><!-- ⲥⲟⲟⲩⲛ -->
<mark id="tok_479" xlink:href="#xpointer(string-range(//body,'',1944,2))"/><!-- ⲁⲛ -->
<mark id="tok_480" xlink:href="#xpointer(string-range(//body,'',1947,2))"/><!-- ϫⲉ -->
<mark id="tok_481" xlink:href="#xpointer(string-range(//body,'',1950,4))"/><!-- ⲡⲉⲧⲛ -->
<mark id="tok_482" xlink:href="#xpointer(string-range(//body,'',1955,4))"/><!-- ⲥⲱⲙⲁ -->
<mark id="tok_483" xlink:href="#xpointer(string-range(//body,'',1960,1))"/><!-- ⲡ -->
<mark id="tok_484" xlink:href="#xpointer(string-range(//body,'',1962,3))"/><!-- ⲣⲡⲉ -->
<mark id="tok_485" xlink:href="#xpointer(string-range(//body,'',1966,2))"/><!-- ⲡⲉ -->
<mark id="tok_486" xlink:href="#xpointer(string-range(//body,'',1969,1))"/><!-- ⲙ -->
<mark id="tok_487" xlink:href="#xpointer(string-range(//body,'',1971,2))"/><!-- ⲡⲉ -->
<mark id="tok_488" xlink:href="#xpointer(string-range(//body,'',1974,6))"/><!-- ⲡⲛⲉⲩⲙⲁ -->
<mark id="tok_489" xlink:href="#xpointer(string-range(//body,'',1981,2))"/><!-- ⲉⲧ -->
<mark id="tok_490" xlink:href="#xpointer(string-range(//body,'',1984,5))"/><!-- ⲟⲩⲁⲁⲃ -->
<mark id="tok_491" xlink:href="#xpointer(string-range(//body,'',1990,11))"/><!-- ⲉⲧⲛϩⲏⲧⲧⲏⲩⲧⲛ -->
<mark id="tok_492" xlink:href="#xpointer(string-range(//body,'',2002,1))"/><!-- . -->
<mark id="tok_493" xlink:href="#xpointer(string-range(//body,'',2004,3))"/><!-- ⲡⲁⲓ -->
<mark id="tok_494" xlink:href="#xpointer(string-range(//body,'',2008,3))"/><!-- ⲉⲛⲧ -->
<mark id="tok_495" xlink:href="#xpointer(string-range(//body,'',2012,1))"/><!-- ⲁ -->
<mark id="tok_496" xlink:href="#xpointer(string-range(//body,'',2014,4))"/><!-- ⲧⲉⲧⲛ -->
<mark id="tok_497" xlink:href="#xpointer(string-range(//body,'',2019,3))"/><!-- ϫⲓⲧ -->
<mark id="tok_498" xlink:href="#xpointer(string-range(//body,'',2023,1))"/><!-- ϥ -->
<mark id="tok_499" xlink:href="#xpointer(string-range(//body,'',2025,4))"/><!-- ⲉⲃⲟⲗ -->
<mark id="tok_500" xlink:href="#xpointer(string-range(//body,'',2030,4))"/><!-- ϩⲓⲧⲙ -->
<mark id="tok_501" xlink:href="#xpointer(string-range(//body,'',2035,1))"/><!-- ⲡ -->
<mark id="tok_502" xlink:href="#xpointer(string-range(//body,'',2037,5))"/><!-- ⲛⲟⲩⲧⲉ -->
<mark id="tok_503" xlink:href="#xpointer(string-range(//body,'',2043,1))"/><!-- . -->
<mark id="tok_504" xlink:href="#xpointer(string-range(//body,'',2045,3))"/><!-- ⲁⲩⲱ -->
<mark id="tok_505" xlink:href="#xpointer(string-range(//body,'',2049,5))"/><!-- ⲛⲧⲉⲧⲛ -->
<mark id="tok_506" xlink:href="#xpointer(string-range(//body,'',2055,3))"/><!-- ⲡⲱⲧ -->
<mark id="tok_507" xlink:href="#xpointer(string-range(//body,'',2059,1))"/><!-- ⲛ -->
<mark id="tok_508" xlink:href="#xpointer(string-range(//body,'',2061,2))"/><!-- ⲁⲛ -->
<mark id="tok_509" xlink:href="#xpointer(string-range(//body,'',2064,1))"/><!-- . -->
<mark id="tok_510" xlink:href="#xpointer(string-range(//body,'',2066,1))"/><!-- ⲁ -->
<mark id="tok_511" xlink:href="#xpointer(string-range(//body,'',2068,1))"/><!-- ⲩ -->
<mark id="tok_512" xlink:href="#xpointer(string-range(//body,'',2070,3))"/><!-- ϣⲉⲡ -->
<mark id="tok_513" xlink:href="#xpointer(string-range(//body,'',2074,5))"/><!-- ⲧⲏⲩⲧⲛ -->
<mark id="tok_514" xlink:href="#xpointer(string-range(//body,'',2080,3))"/><!-- ⲅⲁⲣ -->
<mark id="tok_515" xlink:href="#xpointer(string-range(//body,'',2084,2))"/><!-- ϩⲁ -->
<mark id="tok_516" xlink:href="#xpointer(string-range(//body,'',2087,6))"/><!-- ⲟⲩⲁⲥⲟⲩ -->
<mark id="tok_517" xlink:href="#xpointer(string-range(//body,'',2094,1))"/><!-- . -->
<mark id="tok_518" xlink:href="#xpointer(string-range(//body,'',2096,1))"/><!-- ϯ -->
<mark id="tok_519" xlink:href="#xpointer(string-range(//body,'',2098,4))"/><!-- ⲉⲟⲟⲩ -->
<mark id="tok_520" xlink:href="#xpointer(string-range(//body,'',2103,2))"/><!-- ϭⲉ -->
<mark id="tok_521" xlink:href="#xpointer(string-range(//body,'',2106,1))"/><!-- ⲙ -->
<mark id="tok_522" xlink:href="#xpointer(string-range(//body,'',2108,1))"/><!-- ⲡ -->
<mark id="tok_523" xlink:href="#xpointer(string-range(//body,'',2110,5))"/><!-- ⲛⲟⲩⲧⲉ -->
<mark id="tok_524" xlink:href="#xpointer(string-range(//body,'',2116,2))"/><!-- ϩⲙ -->
<mark id="tok_525" xlink:href="#xpointer(string-range(//body,'',2119,4))"/><!-- ⲡⲉⲧⲛ -->
<mark id="tok_526" xlink:href="#xpointer(string-range(//body,'',2124,4))"/><!-- ⲥⲱⲙⲁ -->
<mark id="tok_527" xlink:href="#xpointer(string-range(//body,'',2129,1))"/><!-- . -->
</markList>
</paula>
