<?xml version="1.0" encoding="UTF-8" standalone="no"?>

<!DOCTYPE paula SYSTEM "paula_feat.dtd">
<paula version="1.0">

<header paula_id="sahidica.nt.1_Corinthians_6_orig_group"/>

<featList xmlns:xlink="http://www.w3.org/1999/xlink" type="orig_group" xml:base="sahidica.nt.1_Corinthians_6.orig_groupSeg.xml">
<feat xlink:href="#orig_group_1" value="ⲟⲩⲛ"/><!-- ⲟⲩⲛ -->
<feat xlink:href="#orig_group_2" value="ⲟⲩⲁ"/><!-- ⲟⲩⲁ -->
<feat xlink:href="#orig_group_3" value="ⲛⲁⲧⲟⲗⲙⲁ"/><!-- ⲛⲁ...ⲧⲟⲗⲙⲁ -->
<feat xlink:href="#orig_group_5" value="ⲉⲃⲟⲗ"/><!-- ⲉⲃⲟⲗ -->
<feat xlink:href="#orig_group_6" value="ⲛϩⲏⲧⲧⲏ"/><!-- ⲛϩⲏⲧⲧⲏ -->
<feat xlink:href="#orig_group_7" value="ⲩⲧⲛ"/><!-- ⲩⲧⲛ -->
<feat xlink:href="#orig_group_8" value="ⲉⲟⲩⲛⲧϥ"/><!-- ⲉ...ⲛⲧϥ -->
<feat xlink:href="#orig_group_11" value="ⲟⲩϩⲱⲃ"/><!-- ⲟⲩ...ϩⲱⲃ -->
<feat xlink:href="#orig_group_13" value="ⲙⲛ"/><!-- ⲙⲛ -->
<feat xlink:href="#orig_group_14" value="ⲡⲉⲑⲓⲧⲟⲩⲱϥ"/><!-- ⲡⲉⲑⲓⲧⲟⲩⲱϥ -->
<feat xlink:href="#orig_group_15" value="ⲉϫⲓϩⲁⲡ"/><!-- ⲉ...ϫⲓϩⲁⲡ -->
<feat xlink:href="#orig_group_17" value="ϩⲓ"/><!-- ϩⲓ -->
<feat xlink:href="#orig_group_18" value="ⲛⲣⲉϥϫⲓ"/><!-- ⲛⲣⲉϥϫⲓ -->
<feat xlink:href="#orig_group_19" value="ⲛϭⲟⲛⲥ"/><!-- ⲛ...ϭⲟⲛⲥ -->
<feat xlink:href="#orig_group_21" value="ⲁⲩⲱ"/><!-- ⲁⲩⲱ -->
<feat xlink:href="#orig_group_22" value="ϩⲓ"/><!-- ϩⲓ -->
<feat xlink:href="#orig_group_23" value="ⲛⲉⲧⲟⲩⲁⲁⲃ"/><!-- ⲛ...ⲟⲩⲁⲁⲃ -->
<feat xlink:href="#orig_group_26" value="ⲁⲛ"/><!-- ⲁⲛ -->
<feat xlink:href="#orig_group_27" value="."/><!-- . -->
<feat xlink:href="#orig_group_28" value="ⲏⲛⲧⲉⲧⲛ"/><!-- ⲏⲛⲧⲉⲧⲛ -->
<feat xlink:href="#orig_group_29" value="ⲥⲟⲟⲩⲛ"/><!-- ⲥⲟⲟⲩⲛ -->
<feat xlink:href="#orig_group_30" value="ⲁⲛ"/><!-- ⲁⲛ -->
<feat xlink:href="#orig_group_31" value="ϫⲉ"/><!-- ϫⲉ -->
<feat xlink:href="#orig_group_32" value="ⲛⲉⲧⲟⲩⲁⲁⲃ"/><!-- ⲛ...ⲟⲩⲁⲁⲃ -->
<feat xlink:href="#orig_group_35" value="ⲛⲉⲧⲛⲁⲕⲣⲓⲛⲉ"/><!-- ⲛ...ⲕⲣⲓⲛⲉ -->
<feat xlink:href="#orig_group_39" value="ⲙⲡⲕⲟⲥⲙⲟⲥ"/><!-- ⲙ...ⲕⲟⲥⲙⲟⲥ -->
<feat xlink:href="#orig_group_42" value="."/><!-- . -->
<feat xlink:href="#orig_group_43" value="ⲁⲩⲱ"/><!-- ⲁⲩⲱ -->
<feat xlink:href="#orig_group_44" value="ⲉϣϫⲉ"/><!-- ⲉϣϫⲉ -->
<feat xlink:href="#orig_group_45" value="ⲉⲩⲛⲁⲕⲣⲓⲛⲉ"/><!-- ⲉ...ⲕⲣⲓⲛⲉ -->
<feat xlink:href="#orig_group_49" value="ⲙⲡⲕⲟⲥⲙⲟⲥ"/><!-- ⲙ...ⲕⲟⲥⲙⲟⲥ -->
<feat xlink:href="#orig_group_52" value="ϩⲓⲱⲧⲧⲏⲩⲧⲛ"/><!-- ϩⲓⲱⲧⲧⲏⲩⲧⲛ -->
<feat xlink:href="#orig_group_53" value="ⲛⲧⲉⲧⲛ"/><!-- ⲛⲧⲉⲧⲛ -->
<feat xlink:href="#orig_group_54" value="ⲙⲡϣⲁ"/><!-- ⲙⲡϣⲁ -->
<feat xlink:href="#orig_group_55" value="ⲁⲛ"/><!-- ⲁⲛ -->
<feat xlink:href="#orig_group_56" value="ⲛϩⲉⲛⲕⲟⲩⲓ"/><!-- ⲛ...ⲕⲟⲩⲓ -->
<feat xlink:href="#orig_group_59" value="ⲙⲙⲁ"/><!-- ⲙ...ⲙⲁ -->
<feat xlink:href="#orig_group_61" value="ⲛϯϩⲁⲡ"/><!-- ⲛ...ϩⲁⲡ -->
<feat xlink:href="#orig_group_64" value="."/><!-- . -->
<feat xlink:href="#orig_group_65" value="ⲛⲧⲉⲧⲛ"/><!-- ⲛⲧⲉⲧⲛ -->
<feat xlink:href="#orig_group_66" value="ⲥⲟⲟⲩⲛ"/><!-- ⲥⲟⲟⲩⲛ -->
<feat xlink:href="#orig_group_67" value="ⲁⲛ"/><!-- ⲁⲛ -->
<feat xlink:href="#orig_group_68" value="ϫⲉ"/><!-- ϫⲉ -->
<feat xlink:href="#orig_group_69" value="ⲧⲛⲛⲁⲕⲣⲓⲛⲉ"/><!-- ⲧⲛ...ⲕⲣⲓⲛⲉ -->
<feat xlink:href="#orig_group_72" value="ⲛϩⲉⲛⲁⲅⲅⲉⲗⲟⲥ"/><!-- ⲛ...ⲁⲅⲅⲉⲗⲟⲥ -->
<feat xlink:href="#orig_group_75" value="ⲉⲙⲡⲁⲧⲛⲡⲱϩ"/><!-- ⲉⲙⲡⲁⲧⲛⲡⲱϩ -->
<feat xlink:href="#orig_group_76" value="ⲉⲛⲁ"/><!-- ⲉ...ⲛⲁ -->
<feat xlink:href="#orig_group_78" value="ⲡⲕⲟⲥⲙⲟⲥ"/><!-- ⲡ...ⲕⲟⲥⲙⲟⲥ -->
<feat xlink:href="#orig_group_80" value="."/><!-- . -->
<feat xlink:href="#orig_group_81" value="ⲉϣⲱⲡⲉ"/><!-- ⲉϣⲱⲡⲉ -->
<feat xlink:href="#orig_group_82" value="ϭⲉ"/><!-- ϭⲉ -->
<feat xlink:href="#orig_group_83" value="ⲟⲩⲛⲧⲏⲧⲛ"/><!-- ⲟⲩⲛⲧⲏⲧⲛ -->
<feat xlink:href="#orig_group_84" value="ⲙⲙⲁⲩ"/><!-- ⲙⲙⲁⲩ -->
<feat xlink:href="#orig_group_85" value="ⲛϩⲉⲛϩⲱⲃ"/><!-- ⲛ...ϩⲱⲃ -->
<feat xlink:href="#orig_group_88" value="ⲛⲧⲉ"/><!-- ⲛⲧⲉ -->
<feat xlink:href="#orig_group_89" value="ⲡⲃⲓⲟⲥ"/><!-- ⲡ...ⲃⲓⲟⲥ -->
<feat xlink:href="#orig_group_91" value="ⲛⲉⲧⲥⲟϣϥ"/><!-- ⲛ...ⲥⲟϣϥ -->
<feat xlink:href="#orig_group_94" value="ϩⲛ"/><!-- ϩⲛ -->
<feat xlink:href="#orig_group_95" value="ⲧⲉⲕⲕⲗⲏⲥⲓⲁ"/><!-- ⲧ...ⲉⲕⲕⲗⲏⲥⲓⲁ -->
<feat xlink:href="#orig_group_97" value="ⲛⲁⲓ"/><!-- ⲛⲁⲓ -->
<feat xlink:href="#orig_group_98" value="ⲙⲁⲑⲙⲥⲟⲟⲩ"/><!-- ⲙⲁⲑⲙⲥⲟⲟⲩ -->
<feat xlink:href="#orig_group_99" value="."/><!-- . -->
<feat xlink:href="#orig_group_100" value="ⲉⲓϫⲱ"/><!-- ⲉ...ϫⲱ -->
<feat xlink:href="#orig_group_103" value="ⲙⲙⲟⲥ"/><!-- ⲙⲙⲟ...ⲥ -->
<feat xlink:href="#orig_group_105" value="ⲉⲩϣⲓⲡⲉ"/><!-- ⲉ...ϣⲓⲡⲉ -->
<feat xlink:href="#orig_group_108" value="ⲛⲏⲧⲛ"/><!-- ⲛⲏ...ⲧⲛ -->
<feat xlink:href="#orig_group_110" value="."/><!-- . -->
<feat xlink:href="#orig_group_111" value="ⲧⲁⲓ"/><!-- ⲧⲁⲓ -->
<feat xlink:href="#orig_group_112" value="ⲧⲉ"/><!-- ⲧⲉ -->
<feat xlink:href="#orig_group_113" value="ⲧϩⲉ"/><!-- ⲧ...ϩⲉ -->
<feat xlink:href="#orig_group_115" value="ⲙⲛ"/><!-- ⲙⲛ -->
<feat xlink:href="#orig_group_116" value="ⲗⲁⲁⲩ"/><!-- ⲗⲁⲁⲩ -->
<feat xlink:href="#orig_group_117" value="ⲛⲥⲟⲫⲟⲥ"/><!-- ⲛ...ⲥⲟⲫⲟⲥ -->
<feat xlink:href="#orig_group_119" value="ⲛϩⲏⲧⲧⲏⲩⲧⲛ"/><!-- ⲛϩⲏⲧ...ⲧⲏⲩⲧⲛ -->
<feat xlink:href="#orig_group_121" value="ⲡⲁⲓ"/><!-- ⲡⲁⲓ -->
<feat xlink:href="#orig_group_122" value="ⲉϥⲛⲁϣϭⲙϭⲟⲙ"/><!-- ⲉ...ϣϭⲙϭⲟⲙ -->
<feat xlink:href="#orig_group_126" value="ⲉⲇⲓⲁⲕⲣⲓⲛⲉ"/><!-- ⲉ...ⲇⲓⲁⲕⲣⲓⲛⲉ -->
<feat xlink:href="#orig_group_128" value="ⲛⲧⲙⲏⲧⲉ"/><!-- ⲛ...ⲙⲏⲧⲉ -->
<feat xlink:href="#orig_group_131" value="ⲙⲡⲉϥⲥⲟⲛ"/><!-- ⲙ...ⲥⲟⲛ -->
<feat xlink:href="#orig_group_134" value="."/><!-- . -->
<feat xlink:href="#orig_group_135" value="ⲁⲗⲗⲁ"/><!-- ⲁⲗⲗⲁ -->
<feat xlink:href="#orig_group_136" value="ⲟⲩⲛ"/><!-- ⲟⲩⲛ -->
<feat xlink:href="#orig_group_137" value="ⲟⲩⲥⲟⲛ"/><!-- ⲟⲩ...ⲥⲟⲛ -->
<feat xlink:href="#orig_group_139" value="ϫⲓϩⲁⲡ"/><!-- ϫⲓϩⲁⲡ -->
<feat xlink:href="#orig_group_140" value="ⲙⲛ"/><!-- ⲙⲛ -->
<feat xlink:href="#orig_group_141" value="ⲡⲉϥⲥⲟⲛ"/><!-- ⲡⲉϥ...ⲥⲟⲛ -->
<feat xlink:href="#orig_group_143" value="."/><!-- . -->
<feat xlink:href="#orig_group_144" value="ⲁⲩⲱ"/><!-- ⲁⲩⲱ -->
<feat xlink:href="#orig_group_145" value="ⲡⲁⲓ"/><!-- ⲡⲁⲓ -->
<feat xlink:href="#orig_group_146" value="ϩⲓ"/><!-- ϩⲓ -->
<feat xlink:href="#orig_group_147" value="ⲛⲁⲡⲓⲥⲧⲟⲥ"/><!-- ⲛ...ⲁⲡⲓⲥⲧⲟⲥ -->
<feat xlink:href="#orig_group_149" value="."/><!-- . -->
<feat xlink:href="#orig_group_150" value="ⲏⲇⲏ"/><!-- ⲏⲇⲏ -->
<feat xlink:href="#orig_group_151" value="ⲙⲉⲛ"/><!-- ⲙⲉⲛ -->
<feat xlink:href="#orig_group_152" value="ϩⲟⲗⲱⲥ"/><!-- ϩⲟⲗⲱⲥ -->
<feat xlink:href="#orig_group_153" value="ⲣⲱ"/><!-- ⲣⲱ -->
<feat xlink:href="#orig_group_154" value="ⲟⲩϣⲱⲱⲧ"/><!-- ⲟⲩϣⲱⲱⲧ -->
<feat xlink:href="#orig_group_155" value="ⲛⲏⲧⲛ"/><!-- ⲛⲏ...ⲧⲛ -->
<feat xlink:href="#orig_group_157" value="ⲡⲉ"/><!-- ⲡⲉ -->
<feat xlink:href="#orig_group_158" value="ϫⲉ"/><!-- ϫⲉ -->
<feat xlink:href="#orig_group_159" value="ⲟⲩⲛⲧⲏⲧⲛ"/><!-- ⲟⲩⲛⲧⲏⲧⲛ -->
<feat xlink:href="#orig_group_160" value="ϩⲁⲡ"/><!-- ϩⲁⲡ -->
<feat xlink:href="#orig_group_161" value="ⲙⲛ"/><!-- ⲙⲛ -->
<feat xlink:href="#orig_group_162" value="ⲛⲉⲧⲛⲉⲣⲏⲩ"/><!-- ⲛⲉⲧⲛ...ⲉⲣⲏⲩ -->
<feat xlink:href="#orig_group_164" value="."/><!-- . -->
<feat xlink:href="#orig_group_165" value="ⲉⲧⲃⲉ"/><!-- ⲉⲧⲃⲉ -->
<feat xlink:href="#orig_group_166" value="ⲟⲩ"/><!-- ⲟⲩ -->
<feat xlink:href="#orig_group_167" value="ⲣⲱ"/><!-- ⲣⲱ -->
<feat xlink:href="#orig_group_168" value="ⲥⲉⲛⲁϫⲓⲧⲏⲩⲧⲛ"/><!-- ⲥⲉ...ⲧⲏⲩⲧⲛ -->
<feat xlink:href="#orig_group_172" value="ⲁⲛ"/><!-- ⲁⲛ -->
<feat xlink:href="#orig_group_173" value="ⲛϭⲟⲛⲥ"/><!-- ⲛ...ϭⲟⲛⲥ -->
<feat xlink:href="#orig_group_175" value="."/><!-- . -->
<feat xlink:href="#orig_group_176" value="ⲉⲧⲃⲉ"/><!-- ⲉⲧⲃⲉ -->
<feat xlink:href="#orig_group_177" value="ⲟⲩ"/><!-- ⲟⲩ -->
<feat xlink:href="#orig_group_178" value="ⲣⲱ"/><!-- ⲣⲱ -->
<feat xlink:href="#orig_group_179" value="ⲥⲉⲛⲁϥⲉϭ"/><!-- ⲥⲉ...ϥⲉϭ -->
<feat xlink:href="#orig_group_182" value="ⲧⲏⲩⲧⲛ"/><!-- ⲧⲏⲩⲧⲛ -->
<feat xlink:href="#orig_group_183" value="ⲁⲛ"/><!-- ⲁⲛ -->
<feat xlink:href="#orig_group_184" value="."/><!-- . -->
<feat xlink:href="#orig_group_185" value="ⲁⲗⲗⲁ"/><!-- ⲁⲗⲗⲁ -->
<feat xlink:href="#orig_group_186" value="ⲛⲧⲱⲧⲛ"/><!-- ⲛⲧⲱⲧⲛ -->
<feat xlink:href="#orig_group_187" value="ⲛⲉⲧϫⲓ"/><!-- ⲛ...ϫⲓ -->
<feat xlink:href="#orig_group_190" value="ⲛϭⲟⲛⲥ"/><!-- ⲛ...ϭⲟⲛⲥ -->
<feat xlink:href="#orig_group_192" value="."/><!-- . -->
<feat xlink:href="#orig_group_193" value="ⲁⲩⲱ"/><!-- ⲁⲩⲱ -->
<feat xlink:href="#orig_group_194" value="ⲉⲧϥⲱϭⲉ"/><!-- ⲉⲧ...ϥⲱϭⲉ -->
<feat xlink:href="#orig_group_196" value="ⲁⲩⲱ"/><!-- ⲁⲩⲱ -->
<feat xlink:href="#orig_group_197" value="ⲡⲁⲓ"/><!-- ⲡⲁⲓ -->
<feat xlink:href="#orig_group_198" value="ⲛⲛⲉⲧⲛⲥⲛⲏⲩ"/><!-- ⲛ...ⲥⲛⲏⲩ -->
<feat xlink:href="#orig_group_201" value="."/><!-- . -->
<feat xlink:href="#orig_group_202" value="ⲏⲛⲧⲉⲧⲛ"/><!-- ⲏⲛⲧⲉⲧⲛ -->
<feat xlink:href="#orig_group_203" value="ⲥⲟⲟⲩⲛ"/><!-- ⲥⲟⲟⲩⲛ -->
<feat xlink:href="#orig_group_204" value="ⲁⲛ"/><!-- ⲁⲛ -->
<feat xlink:href="#orig_group_205" value="ϫⲉ"/><!-- ϫⲉ -->
<feat xlink:href="#orig_group_206" value="ⲛⲣⲉϥϫⲓ"/><!-- ⲛⲣⲉϥϫⲓ -->
<feat xlink:href="#orig_group_207" value="ⲛϭⲟⲛⲥ"/><!-- ⲛ...ϭⲟⲛⲥ -->
<feat xlink:href="#orig_group_209" value="ⲛⲁⲕⲗⲏⲣⲟⲛⲟⲙⲓ"/><!-- ⲛⲁⲕⲗⲏⲣⲟⲛⲟⲙⲓ -->
<feat xlink:href="#orig_group_210" value="ⲁⲛ"/><!-- ⲁⲛ -->
<feat xlink:href="#orig_group_211" value="ⲛⲧⲙⲛⲧⲣⲣⲟ"/><!-- ⲛ...ⲙⲛⲧⲣⲣⲟ -->
<feat xlink:href="#orig_group_214" value="ⲙⲡⲛⲟⲩⲧⲉ"/><!-- ⲙ...ⲛⲟⲩⲧⲉ -->
<feat xlink:href="#orig_group_217" value="ⲙⲡⲣⲡⲗⲁⲛⲁ"/><!-- ⲙⲡⲣ...ⲡⲗⲁⲛⲁ -->
<feat xlink:href="#orig_group_219" value="ⲟⲩⲇⲉ"/><!-- ⲟⲩⲇⲉ -->
<feat xlink:href="#orig_group_220" value="ⲙⲛ"/><!-- ⲙⲛ -->
<feat xlink:href="#orig_group_221" value="ⲡⲟⲣⲛⲟⲥ"/><!-- ⲡⲟⲣⲛⲟⲥ -->
<feat xlink:href="#orig_group_222" value="ⲟⲩⲇⲉ"/><!-- ⲟⲩⲇⲉ -->
<feat xlink:href="#orig_group_223" value="ⲙⲛ"/><!-- ⲙⲛ -->
<feat xlink:href="#orig_group_224" value="ⲣⲉϥϣⲙϣⲉ"/><!-- ⲣⲉϥϣⲙϣⲉ -->
<feat xlink:href="#orig_group_225" value="ⲉⲓⲇⲱⲗⲟⲛ"/><!-- ⲉⲓⲇⲱⲗⲟⲛ -->
<feat xlink:href="#orig_group_226" value="ⲟⲩⲇⲉ"/><!-- ⲟⲩⲇⲉ -->
<feat xlink:href="#orig_group_227" value="ⲙⲛ"/><!-- ⲙⲛ -->
<feat xlink:href="#orig_group_228" value="ⲛⲟⲉⲓⲕ"/><!-- ⲛⲟⲉⲓⲕ -->
<feat xlink:href="#orig_group_229" value="ⲟⲩⲇⲉ"/><!-- ⲟⲩⲇⲉ -->
<feat xlink:href="#orig_group_230" value="ⲙⲛ"/><!-- ⲙⲛ -->
<feat xlink:href="#orig_group_231" value="ⲙⲁⲗⲁⲕⲟⲥ"/><!-- ⲙⲁⲗⲁⲕⲟⲥ -->
<feat xlink:href="#orig_group_232" value="ⲟⲩⲇⲉ"/><!-- ⲟⲩⲇⲉ -->
<feat xlink:href="#orig_group_233" value="ⲙⲛ"/><!-- ⲙⲛ -->
<feat xlink:href="#orig_group_234" value="ⲣⲉϥⲛⲕⲟⲧⲕ"/><!-- ⲣⲉϥⲛⲕⲟⲧⲕ -->
<feat xlink:href="#orig_group_235" value="ⲙⲛ"/><!-- ⲙⲛ -->
<feat xlink:href="#orig_group_236" value="ϩⲟⲟⲩⲧ"/><!-- ϩⲟⲟⲩⲧ -->
<feat xlink:href="#orig_group_237" value="."/><!-- . -->
<feat xlink:href="#orig_group_238" value="ⲟⲩⲇⲉ"/><!-- ⲟⲩⲇⲉ -->
<feat xlink:href="#orig_group_239" value="ⲙⲛ"/><!-- ⲙⲛ -->
<feat xlink:href="#orig_group_240" value="ⲣⲉϥϩⲱϥⲧ"/><!-- ⲣⲉϥϩⲱϥⲧ -->
<feat xlink:href="#orig_group_241" value="ⲟⲩⲇⲉ"/><!-- ⲟⲩⲇⲉ -->
<feat xlink:href="#orig_group_242" value="ⲙⲛ"/><!-- ⲙⲛ -->
<feat xlink:href="#orig_group_243" value="ⲙⲁⲓⲧⲟ"/><!-- ⲙⲁⲓⲧⲟ -->
<feat xlink:href="#orig_group_244" value="ⲛϩⲟⲩⲟ"/><!-- ⲛϩⲟⲩⲟ -->
<feat xlink:href="#orig_group_245" value="ⲟⲩⲇⲉ"/><!-- ⲟⲩⲇⲉ -->
<feat xlink:href="#orig_group_246" value="ⲙⲛ"/><!-- ⲙⲛ -->
<feat xlink:href="#orig_group_247" value="ⲣⲉϥϯϩⲉ"/><!-- ⲣⲉϥϯϩⲉ -->
<feat xlink:href="#orig_group_248" value="ⲟⲩⲇⲉ"/><!-- ⲟⲩⲇⲉ -->
<feat xlink:href="#orig_group_249" value="ⲙⲛ"/><!-- ⲙⲛ -->
<feat xlink:href="#orig_group_250" value="ⲣⲉϥⲥⲁϩⲟⲩ"/><!-- ⲣⲉϥⲥⲁϩⲟⲩ -->
<feat xlink:href="#orig_group_251" value="ⲟⲩⲇⲉ"/><!-- ⲟⲩⲇⲉ -->
<feat xlink:href="#orig_group_252" value="ⲙⲛ"/><!-- ⲙⲛ -->
<feat xlink:href="#orig_group_253" value="ⲣⲉϥⲧⲱⲣⲡ"/><!-- ⲣⲉϥⲧⲱⲣⲡ -->
<feat xlink:href="#orig_group_254" value="ⲛⲁⲕⲗⲏ"/><!-- ⲛⲁⲕⲗⲏ -->
<feat xlink:href="#orig_group_255" value="ⲣⲟⲛⲟⲙⲓ"/><!-- ⲣⲟⲛⲟⲙⲓ -->
<feat xlink:href="#orig_group_256" value="ⲛⲧⲙⲛⲧⲣⲣⲟ"/><!-- ⲛ...ⲙⲛⲧⲣⲣⲟ -->
<feat xlink:href="#orig_group_259" value="ⲙⲡⲛⲟⲩⲧⲉ"/><!-- ⲙ...ⲛⲟⲩⲧⲉ -->
<feat xlink:href="#orig_group_262" value="."/><!-- . -->
<feat xlink:href="#orig_group_263" value="ⲁⲩⲱ"/><!-- ⲁⲩⲱ -->
<feat xlink:href="#orig_group_264" value="ⲛⲁⲓ"/><!-- ⲛⲁⲓ -->
<feat xlink:href="#orig_group_265" value="ⲛⲉⲧⲉⲧⲛ"/><!-- ⲛⲉⲧⲉⲧⲛ -->
<feat xlink:href="#orig_group_266" value="ⲛϩⲏⲧⲟⲩ"/><!-- ⲛϩⲏⲧ...ⲟⲩ -->
<feat xlink:href="#orig_group_268" value="ⲡⲉ"/><!-- ⲡⲉ -->
<feat xlink:href="#orig_group_269" value="ⲁⲗⲗⲁ"/><!-- ⲁⲗⲗⲁ -->
<feat xlink:href="#orig_group_270" value="ⲁⲧⲉⲧⲛϫⲉⲕⲙ"/><!-- ⲁⲧⲉⲧⲛϫⲉⲕⲙ -->
<feat xlink:href="#orig_group_271" value="ⲧⲏⲩⲧⲛ"/><!-- ⲧⲏⲩⲧⲛ -->
<feat xlink:href="#orig_group_272" value="ⲁⲗⲗⲁ"/><!-- ⲁⲗⲗⲁ -->
<feat xlink:href="#orig_group_273" value="ⲁⲧⲉⲧⲛⲧⲃⲃⲟ"/><!-- ⲁ...ⲧⲃⲃⲟ -->
<feat xlink:href="#orig_group_276" value="ⲁⲗⲗⲁ"/><!-- ⲁⲗⲗⲁ -->
<feat xlink:href="#orig_group_277" value="ⲁⲧⲉⲧⲛⲧⲙⲁⲉⲓⲟ"/><!-- ⲁⲧⲉⲧⲛⲧⲙⲁⲉⲓⲟ -->
<feat xlink:href="#orig_group_278" value="ϩⲙ"/><!-- ϩⲙ -->
<feat xlink:href="#orig_group_279" value="ⲡⲣⲁⲛ"/><!-- ⲡ...ⲣⲁⲛ -->
<feat xlink:href="#orig_group_281" value="ⲙⲡⲉⲛϫⲟⲉⲓⲥ"/><!-- ⲙ...ϫⲟⲉⲓⲥ -->
<feat xlink:href="#orig_group_284" value="ⲓⲏⲥⲟⲩⲥ"/><!-- ⲓⲏⲥⲟⲩⲥ -->
<feat xlink:href="#orig_group_285" value="ⲁⲩⲱ"/><!-- ⲁⲩⲱ -->
<feat xlink:href="#orig_group_286" value="ϩⲙ"/><!-- ϩⲙ -->
<feat xlink:href="#orig_group_287" value="ⲡⲉⲡⲛⲉⲩⲙⲁ"/><!-- ⲡⲉ...ⲡⲛⲉⲩⲙⲁ -->
<feat xlink:href="#orig_group_289" value="ⲙⲡⲉⲛⲛⲟⲩⲧⲉ"/><!-- ⲙ...ⲛⲟⲩⲧⲉ -->
<feat xlink:href="#orig_group_292" value="."/><!-- . -->
<feat xlink:href="#orig_group_293" value="ϩⲱⲃ"/><!-- ϩⲱⲃ -->
<feat xlink:href="#orig_group_294" value="ⲛⲓⲙ"/><!-- ⲛⲓⲙ -->
<feat xlink:href="#orig_group_295" value="ⲉⲝⲉⲥⲧⲉⲓ"/><!-- ⲉⲝⲉⲥⲧⲉⲓ -->
<feat xlink:href="#orig_group_296" value="ⲛⲁⲓ"/><!-- ⲛⲁⲓ -->
<feat xlink:href="#orig_group_297" value="."/><!-- . -->
<feat xlink:href="#orig_group_298" value="ⲁⲗⲗⲁ"/><!-- ⲁⲗⲗⲁ -->
<feat xlink:href="#orig_group_299" value="ϩⲱⲃ"/><!-- ϩⲱⲃ -->
<feat xlink:href="#orig_group_300" value="ⲛⲓⲙ"/><!-- ⲛⲓⲙ -->
<feat xlink:href="#orig_group_301" value="ⲣⲛⲟϥⲣⲉ"/><!-- ⲣⲛⲟϥⲣⲉ -->
<feat xlink:href="#orig_group_302" value="ⲁⲛ"/><!-- ⲁⲛ -->
<feat xlink:href="#orig_group_303" value="."/><!-- . -->
<feat xlink:href="#orig_group_304" value="ϩⲱⲃ"/><!-- ϩⲱⲃ -->
<feat xlink:href="#orig_group_305" value="ⲛⲓⲙ"/><!-- ⲛⲓⲙ -->
<feat xlink:href="#orig_group_306" value="ⲉⲝⲉⲥⲧⲉⲓ"/><!-- ⲉⲝⲉⲥⲧⲉⲓ -->
<feat xlink:href="#orig_group_307" value="ⲛⲁⲓ"/><!-- ⲛⲁⲓ -->
<feat xlink:href="#orig_group_308" value="ⲁⲗⲗⲁ"/><!-- ⲁⲗⲗⲁ -->
<feat xlink:href="#orig_group_309" value="ⲛϯⲛⲁⲕⲁ"/><!-- ⲛ...ⲕⲁ -->
<feat xlink:href="#orig_group_313" value="ⲗⲁⲁⲩ"/><!-- ⲗⲁⲁⲩ -->
<feat xlink:href="#orig_group_314" value="ⲁⲛ"/><!-- ⲁⲛ -->
<feat xlink:href="#orig_group_315" value="ⲉⲣϫⲟⲉⲓⲥ"/><!-- ⲉ...ⲣϫⲟⲉⲓⲥ -->
<feat xlink:href="#orig_group_317" value="ⲉⲣⲟⲓ"/><!-- ⲉⲣⲟ...ⲓ -->
<feat xlink:href="#orig_group_319" value="."/><!-- . -->
<feat xlink:href="#orig_group_320" value="ⲛϭⲓ"/><!-- ⲛϭⲓ -->
<feat xlink:href="#orig_group_321" value="ⲛⲟⲩⲟⲟⲙ"/><!-- ⲛⲟⲩⲟⲟⲙ -->
<feat xlink:href="#orig_group_322" value="ⲛⲧϩⲏ"/><!-- ⲛ...ϩⲏ -->
<feat xlink:href="#orig_group_325" value="ⲁⲩⲱ"/><!-- ⲁⲩⲱ -->
<feat xlink:href="#orig_group_326" value="ⲧϩⲏ"/><!-- ⲧ...ϩⲏ -->
<feat xlink:href="#orig_group_328" value="ⲛⲛϭⲓ"/><!-- ⲛⲛϭⲓ -->
<feat xlink:href="#orig_group_329" value="ⲛⲟⲩⲟⲟⲙ"/><!-- ⲛⲟⲩⲟⲟⲙ -->
<feat xlink:href="#orig_group_330" value="ⲡⲛⲟⲩⲧⲉ"/><!-- ⲡ...ⲛⲟⲩⲧⲉ -->
<feat xlink:href="#orig_group_332" value="ⲇⲉ"/><!-- ⲇⲉ -->
<feat xlink:href="#orig_group_333" value="ⲧⲁⲓ"/><!-- ⲧⲁⲓ -->
<feat xlink:href="#orig_group_334" value="ⲙⲛ"/><!-- ⲙⲛ -->
<feat xlink:href="#orig_group_335" value="ⲛⲉⲉⲓⲕⲟⲟⲩⲉ"/><!-- ⲛⲉⲉⲓⲕⲟⲟⲩⲉ -->
<feat xlink:href="#orig_group_336" value="ϥⲛⲁⲟⲩⲟⲥϥⲟⲩ"/><!-- ϥⲛⲁⲟⲩⲟⲥϥⲟⲩ -->
<feat xlink:href="#orig_group_337" value="ⲡⲥⲱⲙⲁ"/><!-- ⲡ...ⲥⲱⲙⲁ -->
<feat xlink:href="#orig_group_339" value="ⲛⲧⲟϥ"/><!-- ⲛⲧⲟϥ -->
<feat xlink:href="#orig_group_340" value="ⲛⲧⲡⲟⲣⲛⲉⲓⲁ"/><!-- ⲛ...ⲡⲟⲣⲛⲉⲓⲁ -->
<feat xlink:href="#orig_group_343" value="ⲁⲛ"/><!-- ⲁⲛ -->
<feat xlink:href="#orig_group_344" value="ⲁⲗⲗⲁ"/><!-- ⲁⲗⲗⲁ -->
<feat xlink:href="#orig_group_345" value="ⲙⲡϫⲟⲉⲓⲥ"/><!-- ⲙ...ϫⲟⲉⲓⲥ -->
<feat xlink:href="#orig_group_348" value="ⲁⲩⲱ"/><!-- ⲁⲩⲱ -->
<feat xlink:href="#orig_group_349" value="ⲡϫⲟⲉⲓⲥ"/><!-- ⲡ...ϫⲟⲉⲓⲥ -->
<feat xlink:href="#orig_group_351" value="ⲙⲡⲥⲱⲙⲁ"/><!-- ⲙ...ⲥⲱⲙⲁ -->
<feat xlink:href="#orig_group_354" value="."/><!-- . -->
<feat xlink:href="#orig_group_355" value="ⲁⲡⲛⲟⲩⲧⲉ"/><!-- ⲁⲡⲛⲟⲩⲧⲉ -->
<feat xlink:href="#orig_group_356" value="ⲇⲉ"/><!-- ⲇⲉ -->
<feat xlink:href="#orig_group_357" value="ⲧⲟⲩⲛⲉⲥ"/><!-- ⲧⲟⲩⲛⲉⲥ -->
<feat xlink:href="#orig_group_358" value="ⲡⲉⲛϫⲟⲉⲓⲥ"/><!-- ⲡⲉⲛ...ϫⲟⲉⲓⲥ -->
<feat xlink:href="#orig_group_360" value="."/><!-- . -->
<feat xlink:href="#orig_group_361" value="ⲁⲩⲱ"/><!-- ⲁⲩⲱ -->
<feat xlink:href="#orig_group_362" value="ϥⲛⲁⲧⲟⲩⲛⲟⲥⲛ"/><!-- ϥ...ⲛ -->
<feat xlink:href="#orig_group_366" value="ϩⲓⲧⲛ"/><!-- ϩⲓⲧⲛ -->
<feat xlink:href="#orig_group_367" value="ⲧⲉϥϭⲟⲙ"/><!-- ⲧⲉϥ...ϭⲟⲙ -->
<feat xlink:href="#orig_group_369" value="."/><!-- . -->
<feat xlink:href="#orig_group_370" value="ⲛⲧⲉⲧⲛ"/><!-- ⲛⲧⲉⲧⲛ -->
<feat xlink:href="#orig_group_371" value="ⲥⲟⲟⲩⲛ"/><!-- ⲥⲟⲟⲩⲛ -->
<feat xlink:href="#orig_group_372" value="ⲁⲛ"/><!-- ⲁⲛ -->
<feat xlink:href="#orig_group_373" value="ϫⲉ"/><!-- ϫⲉ -->
<feat xlink:href="#orig_group_374" value="ⲛⲉⲧⲛⲥⲱⲙⲁ"/><!-- ⲛⲉⲧⲛ...ⲥⲱⲙⲁ -->
<feat xlink:href="#orig_group_376" value="ⲙⲙⲉⲗⲟⲥ"/><!-- ⲙ...ⲙⲉⲗⲟⲥ -->
<feat xlink:href="#orig_group_378" value="ⲙⲡⲉⲭⲣⲓⲥⲧⲟⲥ"/><!-- ⲙ...ⲭⲣⲓⲥⲧⲟⲥ -->
<feat xlink:href="#orig_group_381" value="ⲛⲉ"/><!-- ⲛⲉ -->
<feat xlink:href="#orig_group_382" value="."/><!-- . -->
<feat xlink:href="#orig_group_383" value="ⲧⲁϥⲓ"/><!-- ⲧⲁϥⲓ -->
<feat xlink:href="#orig_group_384" value="ϭⲉ"/><!-- ϭⲉ -->
<feat xlink:href="#orig_group_385" value="ⲛⲙⲙⲉⲗⲟⲥ"/><!-- ⲛ...ⲙⲉⲗⲟⲥ -->
<feat xlink:href="#orig_group_388" value="ⲙⲡⲉⲭⲣⲓⲥⲧⲟⲥ"/><!-- ⲙ...ⲭⲣⲓⲥⲧⲟⲥ -->
<feat xlink:href="#orig_group_391" value="ⲧⲁⲁⲁⲩ"/><!-- ⲧⲁⲁⲁⲩ -->
<feat xlink:href="#orig_group_392" value="ⲙⲙⲉⲗⲟⲥ"/><!-- ⲙ...ⲙⲉⲗⲟⲥ -->
<feat xlink:href="#orig_group_394" value="ⲙⲡⲟⲣⲛⲏ"/><!-- ⲙ...ⲡⲟⲣⲛⲏ -->
<feat xlink:href="#orig_group_396" value="ⲛⲛⲉⲥϣⲱⲡⲉ"/><!-- ⲛⲛⲉⲥϣⲱⲡⲉ -->
<feat xlink:href="#orig_group_397" value="ⲏⲛⲧⲉⲧⲛ"/><!-- ⲏⲛⲧⲉⲧⲛ -->
<feat xlink:href="#orig_group_398" value="ⲥⲟⲟⲩⲛ"/><!-- ⲥⲟⲟⲩⲛ -->
<feat xlink:href="#orig_group_399" value="ⲁⲛ"/><!-- ⲁⲛ -->
<feat xlink:href="#orig_group_400" value="ϫⲉ"/><!-- ϫⲉ -->
<feat xlink:href="#orig_group_401" value="ⲡⲉⲧⲧⲱϭⲉ"/><!-- ⲡ...ⲧⲱϭⲉ -->
<feat xlink:href="#orig_group_404" value="ⲙⲙⲟϥ"/><!-- ⲙⲙⲟ...ϥ -->
<feat xlink:href="#orig_group_406" value="ⲉⲧⲡⲟⲣⲛⲏ"/><!-- ⲉ...ⲡⲟⲣⲛⲏ -->
<feat xlink:href="#orig_group_409" value="ⲟⲩⲥⲱⲙⲁ"/><!-- ⲟⲩ...ⲥⲱⲙⲁ -->
<feat xlink:href="#orig_group_411" value="ⲛⲟⲩⲱⲧ"/><!-- ⲛ...ⲟⲩⲱⲧ -->
<feat xlink:href="#orig_group_413" value="ⲡⲉ"/><!-- ⲡⲉ -->
<feat xlink:href="#orig_group_414" value="."/><!-- . -->
<feat xlink:href="#orig_group_415" value="ⲡⲉϫⲁϥ"/><!-- ⲡⲉϫⲁ...ϥ -->
<feat xlink:href="#orig_group_417" value="ⲅⲁⲣ"/><!-- ⲅⲁⲣ -->
<feat xlink:href="#orig_group_418" value="ϫⲉ"/><!-- ϫⲉ -->
<feat xlink:href="#orig_group_419" value="ⲥⲉⲛⲁϣⲱⲡⲉ"/><!-- ⲥⲉ...ϣⲱⲡⲉ -->
<feat xlink:href="#orig_group_422" value="ⲙⲡⲉⲥⲛⲁⲩ"/><!-- ⲙⲡⲉⲥⲛⲁⲩ -->
<feat xlink:href="#orig_group_423" value="ⲉⲩⲥⲁⲣⲝ"/><!-- ⲉ...ⲥⲁⲣⲝ -->
<feat xlink:href="#orig_group_426" value="ⲛⲟⲩⲱⲧ"/><!-- ⲛ...ⲟⲩⲱⲧ -->
<feat xlink:href="#orig_group_428" value="."/><!-- . -->
<feat xlink:href="#orig_group_429" value="ⲡⲉⲧⲧⲱϭⲉ"/><!-- ⲡ...ⲧⲱϭⲉ -->
<feat xlink:href="#orig_group_432" value="ⲇⲉ"/><!-- ⲇⲉ -->
<feat xlink:href="#orig_group_433" value="ⲙⲙⲟϥ"/><!-- ⲙⲙⲟ...ϥ -->
<feat xlink:href="#orig_group_435" value="ⲉⲡϫⲟⲉⲓⲥ"/><!-- ⲉ...ϫⲟⲉⲓⲥ -->
<feat xlink:href="#orig_group_438" value="ⲟⲩⲡⲛⲉⲩⲙⲁ"/><!-- ⲟⲩ...ⲡⲛⲉⲩⲙⲁ -->
<feat xlink:href="#orig_group_440" value="ⲛⲟⲩⲱⲧ"/><!-- ⲛ...ⲟⲩⲱⲧ -->
<feat xlink:href="#orig_group_442" value="ⲡⲉ"/><!-- ⲡⲉ -->
<feat xlink:href="#orig_group_443" value="."/><!-- . -->
<feat xlink:href="#orig_group_444" value="ⲡⲱⲧ"/><!-- ⲡⲱⲧ -->
<feat xlink:href="#orig_group_445" value="ⲉⲃⲟⲗ"/><!-- ⲉⲃⲟⲗ -->
<feat xlink:href="#orig_group_446" value="ⲛⲧⲡⲟⲣⲛⲉⲓⲁ"/><!-- ⲛ...ⲡⲟⲣⲛⲉⲓⲁ -->
<feat xlink:href="#orig_group_449" value="."/><!-- . -->
<feat xlink:href="#orig_group_450" value="ⲛⲟⲃⲉ"/><!-- ⲛⲟⲃⲉ -->
<feat xlink:href="#orig_group_451" value="ⲛⲓⲙ"/><!-- ⲛⲓⲙ -->
<feat xlink:href="#orig_group_452" value="ⲉⲧⲉⲣⲉ"/><!-- ⲉⲧⲉⲣⲉ -->
<feat xlink:href="#orig_group_453" value="ⲡⲣⲱⲙⲉ"/><!-- ⲡ...ⲣⲱⲙⲉ -->
<feat xlink:href="#orig_group_455" value="ⲛⲁⲁⲁⲩ"/><!-- ⲛⲁ...ⲩ -->
<feat xlink:href="#orig_group_458" value="ⲥⲉⲙⲡⲃⲟⲗ"/><!-- ⲥⲉⲙⲡⲃⲟⲗ -->
<feat xlink:href="#orig_group_459" value="ⲙⲡⲥⲱⲙⲁ"/><!-- ⲙ...ⲥⲱⲙⲁ -->
<feat xlink:href="#orig_group_462" value="."/><!-- . -->
<feat xlink:href="#orig_group_463" value="ⲡⲉⲧⲡⲟⲣⲛⲉⲩⲉ"/><!-- ⲡ...ⲡⲟⲣⲛⲉⲩⲉ -->
<feat xlink:href="#orig_group_466" value="ⲇⲉ"/><!-- ⲇⲉ -->
<feat xlink:href="#orig_group_467" value="ⲛⲧⲟϥ"/><!-- ⲛⲧⲟϥ -->
<feat xlink:href="#orig_group_468" value="ⲉϥⲣⲛⲟⲃⲉ"/><!-- ⲉ...ⲣⲛⲟⲃⲉ -->
<feat xlink:href="#orig_group_471" value="ⲉⲡⲉϥⲥⲱⲙⲁ"/><!-- ⲉ...ⲥⲱⲙⲁ -->
<feat xlink:href="#orig_group_474" value="ⲙⲁⲩⲁⲁϥ"/><!-- ⲙⲁⲩⲁⲁ...ϥ -->
<feat xlink:href="#orig_group_476" value="."/><!-- . -->
<feat xlink:href="#orig_group_477" value="ⲏⲛⲧⲉⲧⲛ"/><!-- ⲏⲛⲧⲉⲧⲛ -->
<feat xlink:href="#orig_group_478" value="ⲥⲟⲟⲩⲛ"/><!-- ⲥⲟⲟⲩⲛ -->
<feat xlink:href="#orig_group_479" value="ⲁⲛ"/><!-- ⲁⲛ -->
<feat xlink:href="#orig_group_480" value="ϫⲉ"/><!-- ϫⲉ -->
<feat xlink:href="#orig_group_481" value="ⲡⲉⲧⲛⲥⲱⲙⲁ"/><!-- ⲡⲉⲧⲛ...ⲥⲱⲙⲁ -->
<feat xlink:href="#orig_group_483" value="ⲡⲣⲡⲉ"/><!-- ⲡ...ⲣⲡⲉ -->
<feat xlink:href="#orig_group_485" value="ⲡⲉ"/><!-- ⲡⲉ -->
<feat xlink:href="#orig_group_486" value="ⲙⲡⲉⲡⲛⲉⲩⲙⲁ"/><!-- ⲙ...ⲡⲛⲉⲩⲙⲁ -->
<feat xlink:href="#orig_group_489" value="ⲉⲧⲟⲩⲁⲁⲃ"/><!-- ⲉⲧ...ⲟⲩⲁⲁⲃ -->
<feat xlink:href="#orig_group_491" value="ⲉⲧⲛϩⲏⲧⲧⲏⲩⲧⲛ"/><!-- ⲉⲧⲛϩⲏⲧⲧⲏⲩⲧⲛ -->
<feat xlink:href="#orig_group_492" value="."/><!-- . -->
<feat xlink:href="#orig_group_493" value="ⲡⲁⲓ"/><!-- ⲡⲁⲓ -->
<feat xlink:href="#orig_group_494" value="ⲉⲛⲧⲁⲧⲉⲧⲛϫⲓⲧϥ"/><!-- ⲉⲛⲧ...ϥ -->
<feat xlink:href="#orig_group_499" value="ⲉⲃⲟⲗ"/><!-- ⲉⲃⲟⲗ -->
<feat xlink:href="#orig_group_500" value="ϩⲓⲧⲙ"/><!-- ϩⲓⲧⲙ -->
<feat xlink:href="#orig_group_501" value="ⲡⲛⲟⲩⲧⲉ"/><!-- ⲡ...ⲛⲟⲩⲧⲉ -->
<feat xlink:href="#orig_group_503" value="."/><!-- . -->
<feat xlink:href="#orig_group_504" value="ⲁⲩⲱ"/><!-- ⲁⲩⲱ -->
<feat xlink:href="#orig_group_505" value="ⲛⲧⲉⲧⲛ"/><!-- ⲛⲧⲉⲧⲛ -->
<feat xlink:href="#orig_group_506" value="ⲡⲱⲧⲛ"/><!-- ⲡⲱⲧ...ⲛ -->
<feat xlink:href="#orig_group_508" value="ⲁⲛ"/><!-- ⲁⲛ -->
<feat xlink:href="#orig_group_509" value="."/><!-- . -->
<feat xlink:href="#orig_group_510" value="ⲁⲩϣⲉⲡ"/><!-- ⲁ...ϣⲉⲡ -->
<feat xlink:href="#orig_group_513" value="ⲧⲏⲩⲧⲛ"/><!-- ⲧⲏⲩⲧⲛ -->
<feat xlink:href="#orig_group_514" value="ⲅⲁⲣ"/><!-- ⲅⲁⲣ -->
<feat xlink:href="#orig_group_515" value="ϩⲁ"/><!-- ϩⲁ -->
<feat xlink:href="#orig_group_516" value="ⲟⲩⲁⲥⲟⲩ"/><!-- ⲟⲩⲁⲥⲟⲩ -->
<feat xlink:href="#orig_group_517" value="."/><!-- . -->
<feat xlink:href="#orig_group_518" value="ϯⲉⲟⲟⲩ"/><!-- ϯ...ⲉⲟⲟⲩ -->
<feat xlink:href="#orig_group_520" value="ϭⲉ"/><!-- ϭⲉ -->
<feat xlink:href="#orig_group_521" value="ⲙⲡⲛⲟⲩⲧⲉ"/><!-- ⲙ...ⲛⲟⲩⲧⲉ -->
<feat xlink:href="#orig_group_524" value="ϩⲙ"/><!-- ϩⲙ -->
<feat xlink:href="#orig_group_525" value="ⲡⲉⲧⲛⲥⲱⲙⲁ"/><!-- ⲡⲉⲧⲛ...ⲥⲱⲙⲁ -->
<feat xlink:href="#orig_group_527" value="."/><!-- . -->
</featList>
</paula>
