<?xml version='1.0' encoding='UTF-8'?><!DOCTYPE paula SYSTEM "paula_feat.dtd">
<paula version="1.1">
	<header paula_id="scriptorium.pscelestinus.encomium.01.mark_ed_page_n"/>
	<featList xmlns:xlink="http://www.w3.org/1999/xlink" type="ed_page_n" xml:base="scriptorium.pscelestinus.encomium.01.mark.xml">
		<feat xlink:href="#sSpan10" value="1"/>
		<feat xlink:href="#sSpan686" value="2"/>
		<feat xlink:href="#sSpan1874" value="3"/>
		<feat xlink:href="#sSpan3323" value="4"/>
		<feat xlink:href="#sSpan4760" value="5"/>
		<feat xlink:href="#sSpan6169" value="6"/>
		<feat xlink:href="#sSpan7581" value="7"/>
		<feat xlink:href="#sSpan9020" value="8"/>
		<feat xlink:href="#sSpan10496" value="9"/>
		<feat xlink:href="#sSpan12022" value="10"/>
		<feat xlink:href="#sSpan13504" value="11"/>
		<feat xlink:href="#sSpan14912" value="12"/>
		<feat xlink:href="#sSpan16369" value="13"/>
		<feat xlink:href="#sSpan17853" value="14"/>
		<feat xlink:href="#sSpan19419" value="15"/>
		<feat xlink:href="#sSpan20904" value="16"/>
		<feat xlink:href="#sSpan22415" value="17"/>
		<feat xlink:href="#sSpan23851" value="18"/>
		<feat xlink:href="#sSpan25280" value="19"/></featList></paula>