<?xml version='1.0' encoding='UTF-8'?><!DOCTYPE paula SYSTEM "paula_feat.dtd">
<paula version="1.1">
	<header paula_id="scriptorium.YA551-554.mark_new_sent"/>
	<featList xmlns:xlink="http://www.w3.org/1999/xlink" type="new_sent" xml:base="scriptorium.YA551-554.mark.xml">
		<feat xlink:href="#sSpan1" value="true"/>
		<feat xlink:href="#sSpan21" value="true"/>
		<feat xlink:href="#sSpan145" value="true"/>
		<feat xlink:href="#sSpan238" value="true"/>
		<feat xlink:href="#sSpan326" value="true"/>
		<feat xlink:href="#sSpan457" value="true"/>
		<feat xlink:href="#sSpan508" value="true"/>
		<feat xlink:href="#sSpan600" value="true"/>
		<feat xlink:href="#sSpan642" value="true"/>
		<feat xlink:href="#sSpan697" value="true"/>
		<feat xlink:href="#sSpan825" value="true"/>
		<feat xlink:href="#sSpan899" value="true"/>
		<feat xlink:href="#sSpan1008" value="true"/>
		<feat xlink:href="#sSpan1086" value="true"/>
		<feat xlink:href="#sSpan1153" value="true"/>
		<feat xlink:href="#sSpan1253" value="true"/>
		<feat xlink:href="#sSpan1339" value="true"/>
		<feat xlink:href="#sSpan1407" value="true"/>
		<feat xlink:href="#sSpan1485" value="true"/>
		<feat xlink:href="#sSpan1554" value="true"/>
		<feat xlink:href="#sSpan1650" value="true"/>
		<feat xlink:href="#sSpan1718" value="true"/>
		<feat xlink:href="#sSpan1791" value="true"/>
		<feat xlink:href="#sSpan1833" value="true"/>
		<feat xlink:href="#sSpan1940" value="true"/>
		<feat xlink:href="#sSpan2080" value="true"/>
		<feat xlink:href="#sSpan2115" value="true"/>
		<feat xlink:href="#sSpan2217" value="true"/>
		<feat xlink:href="#sSpan2297" value="true"/>
		<feat xlink:href="#sSpan2445" value="true"/>
		<feat xlink:href="#sSpan2503" value="true"/>
		<feat xlink:href="#sSpan2549" value="true"/>
		<feat xlink:href="#sSpan2595" value="true"/>
		<feat xlink:href="#sSpan2717" value="true"/>
		<feat xlink:href="#sSpan2773" value="true"/>
		<feat xlink:href="#sSpan2813" value="true"/>
		<feat xlink:href="#sSpan2941" value="true"/>
		<feat xlink:href="#sSpan3018" value="true"/>
		<feat xlink:href="#sSpan3067" value="true"/>
		<feat xlink:href="#sSpan3159" value="true"/>
		<feat xlink:href="#sSpan3206" value="true"/></featList></paula>