<?xml version="1.0" encoding="UTF-8" standalone="no"?>

<!DOCTYPE paula SYSTEM "paula_feat.dtd">
<paula version="1.0">

<header paula_id="sahidica.nt.1_Corinthians_15_orig"/>

<featList xmlns:xlink="http://www.w3.org/1999/xlink" type="orig" xml:base="sahidica.nt.1_Corinthians_15.origSeg.xml">
<feat xlink:href="#orig_1" value="ϯ"/><!-- ϯ -->
<feat xlink:href="#orig_2" value="ⲧⲁⲙⲟ"/><!-- ⲧⲁⲙⲟ -->
<feat xlink:href="#orig_3" value="ⲇⲉ"/><!-- ⲇⲉ -->
<feat xlink:href="#orig_4" value="ⲙⲙⲱ"/><!-- ⲙⲙⲱ -->
<feat xlink:href="#orig_5" value="ⲧⲛ"/><!-- ⲧⲛ -->
<feat xlink:href="#orig_6" value="ⲛⲁ"/><!-- ⲛⲁ -->
<feat xlink:href="#orig_7" value="ⲥⲛⲏⲩ"/><!-- ⲥⲛⲏⲩ -->
<feat xlink:href="#orig_8" value="ⲉ"/><!-- ⲉ -->
<feat xlink:href="#orig_9" value="ⲡⲁ"/><!-- ⲡⲁ -->
<feat xlink:href="#orig_10" value="ⲉⲩⲁⲅⲅⲉⲗⲓⲟⲛ"/><!-- ⲉⲩⲁⲅⲅⲉⲗⲓⲟⲛ -->
<feat xlink:href="#orig_11" value="ⲡⲁⲓ"/><!-- ⲡⲁⲓ -->
<feat xlink:href="#orig_12" value="ⲉⲛⲧ"/><!-- ⲉⲛⲧ -->
<feat xlink:href="#orig_13" value="ⲁ"/><!-- ⲁ -->
<feat xlink:href="#orig_14" value="ⲓ"/><!-- ⲓ -->
<feat xlink:href="#orig_15" value="ⲉⲩⲁⲅⲅⲉⲗⲓⲍⲉ"/><!-- ⲉⲩⲁⲅⲅⲉⲗⲓⲍⲉ -->
<feat xlink:href="#orig_16" value="ⲙⲙⲟ"/><!-- ⲙⲙⲟ -->
<feat xlink:href="#orig_17" value="ϥ"/><!-- ϥ -->
<feat xlink:href="#orig_18" value="ⲛⲏ"/><!-- ⲛⲏ -->
<feat xlink:href="#orig_19" value="ⲧⲛ"/><!-- ⲧⲛ -->
<feat xlink:href="#orig_20" value="."/><!-- . -->
<feat xlink:href="#orig_21" value="ⲡⲁⲓ"/><!-- ⲡⲁⲓ -->
<feat xlink:href="#orig_22" value="ⲟⲛ"/><!-- ⲟⲛ -->
<feat xlink:href="#orig_23" value="ⲉⲛⲧ"/><!-- ⲉⲛⲧ -->
<feat xlink:href="#orig_24" value="ⲁ"/><!-- ⲁ -->
<feat xlink:href="#orig_25" value="ⲧⲉⲧⲛ"/><!-- ⲧⲉⲧⲛ -->
<feat xlink:href="#orig_26" value="ϫⲓⲧ"/><!-- ϫⲓⲧ -->
<feat xlink:href="#orig_27" value="ϥ"/><!-- ϥ -->
<feat xlink:href="#orig_28" value="."/><!-- . -->
<feat xlink:href="#orig_29" value="ⲡⲁⲓ"/><!-- ⲡⲁⲓ -->
<feat xlink:href="#orig_30" value="ⲟⲛ"/><!-- ⲟⲛ -->
<feat xlink:href="#orig_31" value="ⲉ"/><!-- ⲉ -->
<feat xlink:href="#orig_32" value="ⲧⲉⲧⲛ"/><!-- ⲧⲉⲧⲛ -->
<feat xlink:href="#orig_33" value="ⲁϩⲉⲣⲁⲧ"/><!-- ⲁϩⲉ...ⲣⲁⲧ -->
<feat xlink:href="#orig_35" value="ⲧⲏⲩⲧⲛ"/><!-- ⲧⲏⲩⲧⲛ -->
<feat xlink:href="#orig_36" value="ⲛϩⲏⲧ"/><!-- ⲛϩⲏⲧ -->
<feat xlink:href="#orig_37" value="ϥ"/><!-- ϥ -->
<feat xlink:href="#orig_38" value="."/><!-- . -->
<feat xlink:href="#orig_39" value="ⲁⲩⲱ"/><!-- ⲁⲩⲱ -->
<feat xlink:href="#orig_40" value="ⲟⲛ"/><!-- ⲟⲛ -->
<feat xlink:href="#orig_41" value="ⲉ"/><!-- ⲉ -->
<feat xlink:href="#orig_42" value="ⲧ"/><!-- ⲧ -->
<feat xlink:href="#orig_43" value="ⲉⲧ"/><!-- ⲉⲧ -->
<feat xlink:href="#orig_44" value="ⲛⲁ"/><!-- ⲛⲁ -->
<feat xlink:href="#orig_45" value="ⲟⲩϫⲁⲓ"/><!-- ⲟⲩϫⲁⲓ -->
<feat xlink:href="#orig_46" value="ⲉⲃⲟⲗ"/><!-- ⲉⲃⲟⲗ -->
<feat xlink:href="#orig_47" value="ϩⲓⲧⲟⲟⲧ"/><!-- ϩⲓⲧⲟⲟⲧ -->
<feat xlink:href="#orig_48" value="ϥ"/><!-- ϥ -->
<feat xlink:href="#orig_49" value="ϫⲉ"/><!-- ϫⲉ -->
<feat xlink:href="#orig_50" value="ⲟⲩ"/><!-- ⲟⲩ -->
<feat xlink:href="#orig_51" value="ⲡⲉ"/><!-- ⲡⲉ -->
<feat xlink:href="#orig_52" value="ⲡ"/><!-- ⲡ -->
<feat xlink:href="#orig_53" value="ϣⲁϫⲉ"/><!-- ϣⲁϫⲉ -->
<feat xlink:href="#orig_54" value="ⲉⲛⲧ"/><!-- ⲉⲛⲧ -->
<feat xlink:href="#orig_55" value="ⲁ"/><!-- ⲁ -->
<feat xlink:href="#orig_56" value="ⲓ"/><!-- ⲓ -->
<feat xlink:href="#orig_57" value="ⲉⲩⲁⲅⲅⲉⲗⲓⲍⲉ"/><!-- ⲉⲩⲁⲅⲅⲉⲗⲓⲍⲉ -->
<feat xlink:href="#orig_58" value="ⲙⲙⲟ"/><!-- ⲙⲙⲟ -->
<feat xlink:href="#orig_59" value="ϥ"/><!-- ϥ -->
<feat xlink:href="#orig_60" value="ⲛⲏ"/><!-- ⲛⲏ -->
<feat xlink:href="#orig_61" value="ⲧⲛ"/><!-- ⲧⲛ -->
<feat xlink:href="#orig_62" value="ⲉϣϫⲉ"/><!-- ⲉϣϫⲉ -->
<feat xlink:href="#orig_63" value="ⲧⲉⲧⲛ"/><!-- ⲧⲉⲧⲛ -->
<feat xlink:href="#orig_64" value="ⲁⲙⲁϩⲧⲉ"/><!-- ⲁⲙⲁϩⲧⲉ -->
<feat xlink:href="#orig_65" value="ϩⲓⲃⲟⲗ"/><!-- ϩⲓⲃⲟⲗ -->
<feat xlink:href="#orig_66" value="ⲉϣϫⲉ"/><!-- ⲉϣϫⲉ -->
<feat xlink:href="#orig_67" value="ⲉⲓⲕⲏ"/><!-- ⲉⲓⲕⲏ -->
<feat xlink:href="#orig_68" value="ⲁⲛ"/><!-- ⲁⲛ -->
<feat xlink:href="#orig_69" value="ⲁ"/><!-- ⲁ -->
<feat xlink:href="#orig_70" value="ⲧⲉⲧⲛ"/><!-- ⲧⲉⲧⲛ -->
<feat xlink:href="#orig_71" value="ⲡⲓⲥⲧⲉⲩⲉ"/><!-- ⲡⲓⲥⲧⲉⲩⲉ -->
<feat xlink:href="#orig_72" value="."/><!-- . -->
<feat xlink:href="#orig_73" value="ⲁ"/><!-- ⲁ -->
<feat xlink:href="#orig_74" value="ⲓ"/><!-- ⲓ -->
<feat xlink:href="#orig_75" value="ϯ"/><!-- ϯ -->
<feat xlink:href="#orig_76" value="ⲅⲁⲣ"/><!-- ⲅⲁⲣ -->
<feat xlink:href="#orig_77" value="ⲛⲏ"/><!-- ⲛⲏ -->
<feat xlink:href="#orig_78" value="ⲧⲛ"/><!-- ⲧⲛ -->
<feat xlink:href="#orig_79" value="ⲛ"/><!-- ⲛ -->
<feat xlink:href="#orig_80" value="ϣⲟⲣⲡ"/><!-- ϣⲟⲣⲡ -->
<feat xlink:href="#orig_81" value="ⲙⲡⲉⲛⲧⲁⲓϫⲓⲧϥ"/><!-- ⲙⲡⲉⲛⲧⲁⲓϫⲓⲧϥ -->
<feat xlink:href="#orig_82" value="."/><!-- . -->
<feat xlink:href="#orig_83" value="ϫⲉ"/><!-- ϫⲉ -->
<feat xlink:href="#orig_84" value="ⲡⲉ"/><!-- ⲡⲉ -->
<feat xlink:href="#orig_85" value="ⲭⲣⲓⲥⲧⲟⲥ"/><!-- ⲭⲣⲓⲥⲧⲟⲥ -->
<feat xlink:href="#orig_86" value="ⲁ"/><!-- ⲁ -->
<feat xlink:href="#orig_87" value="ϥ"/><!-- ϥ -->
<feat xlink:href="#orig_88" value="ⲙⲟⲩ"/><!-- ⲙⲟⲩ -->
<feat xlink:href="#orig_89" value="ϩⲁ"/><!-- ϩⲁ -->
<feat xlink:href="#orig_90" value="ⲛⲉⲛ"/><!-- ⲛⲉⲛ -->
<feat xlink:href="#orig_91" value="ⲛⲟⲃⲉ"/><!-- ⲛⲟⲃⲉ -->
<feat xlink:href="#orig_92" value="ⲕⲁⲧⲁ"/><!-- ⲕⲁⲧⲁ -->
<feat xlink:href="#orig_93" value="ⲛⲉ"/><!-- ⲛⲉ -->
<feat xlink:href="#orig_94" value="ⲅⲣⲁⲫⲏ"/><!-- ⲅⲣⲁⲫⲏ -->
<feat xlink:href="#orig_95" value="."/><!-- . -->
<feat xlink:href="#orig_96" value="ⲁⲩⲱ"/><!-- ⲁⲩⲱ -->
<feat xlink:href="#orig_97" value="ϫⲉ"/><!-- ϫⲉ -->
<feat xlink:href="#orig_98" value="ⲁ"/><!-- ⲁ -->
<feat xlink:href="#orig_99" value="ⲩ"/><!-- ⲩ -->
<feat xlink:href="#orig_100" value="ⲧⲟⲙⲥ"/><!-- ⲧⲟⲙⲥ -->
<feat xlink:href="#orig_101" value="ϥ"/><!-- ϥ -->
<feat xlink:href="#orig_102" value="."/><!-- . -->
<feat xlink:href="#orig_103" value="ⲁⲩⲱ"/><!-- ⲁⲩⲱ -->
<feat xlink:href="#orig_104" value="ϫⲉ"/><!-- ϫⲉ -->
<feat xlink:href="#orig_105" value="ⲁ"/><!-- ⲁ -->
<feat xlink:href="#orig_106" value="ϥ"/><!-- ϥ -->
<feat xlink:href="#orig_107" value="ⲧⲱⲟⲩⲛ"/><!-- ⲧⲱⲟⲩⲛ -->
<feat xlink:href="#orig_108" value="ϩⲙ"/><!-- ϩⲙ -->
<feat xlink:href="#orig_109" value="ⲡⲙⲉϩϣⲟⲙⲛⲧ"/><!-- ⲡⲙⲉϩϣⲟⲙⲛⲧ -->
<feat xlink:href="#orig_110" value="ⲛ"/><!-- ⲛ -->
<feat xlink:href="#orig_111" value="ϩⲟⲟⲩ"/><!-- ϩⲟⲟⲩ -->
<feat xlink:href="#orig_112" value="ⲕⲁⲧⲁ"/><!-- ⲕⲁⲧⲁ -->
<feat xlink:href="#orig_113" value="ⲛⲉ"/><!-- ⲛⲉ -->
<feat xlink:href="#orig_114" value="ⲅⲣⲁⲫⲏ"/><!-- ⲅⲣⲁⲫⲏ -->
<feat xlink:href="#orig_115" value="."/><!-- . -->
<feat xlink:href="#orig_116" value="ⲁⲩⲱ"/><!-- ⲁⲩⲱ -->
<feat xlink:href="#orig_117" value="ϫⲉ"/><!-- ϫⲉ -->
<feat xlink:href="#orig_118" value="ⲁ"/><!-- ⲁ -->
<feat xlink:href="#orig_119" value="ϥ"/><!-- ϥ -->
<feat xlink:href="#orig_120" value="ⲟⲩⲱⲛϩ"/><!-- ⲟⲩⲱⲛϩ -->
<feat xlink:href="#orig_121" value="ⲉⲃⲟⲗ"/><!-- ⲉⲃⲟⲗ -->
<feat xlink:href="#orig_122" value="ⲛ"/><!-- ⲛ -->
<feat xlink:href="#orig_123" value="ⲕⲏⲫⲁ"/><!-- ⲕⲏⲫⲁ -->
<feat xlink:href="#orig_124" value="."/><!-- . -->
<feat xlink:href="#orig_125" value="ⲉⲓⲧⲁ"/><!-- ⲉⲓⲧⲁ -->
<feat xlink:href="#orig_126" value="ⲙ"/><!-- ⲙ -->
<feat xlink:href="#orig_127" value="ⲡ"/><!-- ⲡ -->
<feat xlink:href="#orig_128" value="ⲙⲛⲧⲥⲛⲟⲟⲩⲥ"/><!-- ⲙⲛⲧ...ⲥⲛⲟⲟⲩⲥ -->
<feat xlink:href="#orig_130" value="ⲙⲛⲛⲥⲱ"/><!-- ⲙⲛⲛⲥⲱ -->
<feat xlink:href="#orig_131" value="ⲥ"/><!-- ⲥ -->
<feat xlink:href="#orig_132" value="ⲁ"/><!-- ⲁ -->
<feat xlink:href="#orig_133" value="ϥ"/><!-- ϥ -->
<feat xlink:href="#orig_134" value="ⲟⲩⲱⲛϩ"/><!-- ⲟⲩⲱⲛϩ -->
<feat xlink:href="#orig_135" value="ⲉⲃⲟⲗ"/><!-- ⲉⲃⲟⲗ -->
<feat xlink:href="#orig_136" value="ⲛϩⲟⲩⲟ"/><!-- ⲛϩⲟⲩⲟ -->
<feat xlink:href="#orig_137" value="ⲉ"/><!-- ⲉ -->
<feat xlink:href="#orig_138" value="ⲧ"/><!-- ⲧ -->
<feat xlink:href="#orig_139" value="ⲓⲟⲩ"/><!-- ⲓⲟⲩ -->
<feat xlink:href="#orig_140" value="ⲛ"/><!-- ⲛ -->
<feat xlink:href="#orig_141" value="ϣⲉ"/><!-- ϣⲉ -->
<feat xlink:href="#orig_142" value="ⲛ"/><!-- ⲛ -->
<feat xlink:href="#orig_143" value="ⲥ"/><!-- ⲥ -->
<feat xlink:href="#orig_144" value="ⲟⲛ"/><!-- ⲟⲛ -->
<feat xlink:href="#orig_145" value="ⲛⲟⲩⲥⲟⲡ"/><!-- ⲛⲟⲩ...ⲥⲟⲡ -->
<feat xlink:href="#orig_147" value="ⲛ"/><!-- ⲛ -->
<feat xlink:href="#orig_148" value="ⲟⲩⲱⲧ"/><!-- ⲟⲩⲱⲧ -->
<feat xlink:href="#orig_149" value="ⲛⲁⲓ"/><!-- ⲛⲁⲓ -->
<feat xlink:href="#orig_150" value="ⲉⲣⲉ"/><!-- ⲉⲣⲉ -->
<feat xlink:href="#orig_151" value="ⲡⲉⲩ"/><!-- ⲡⲉⲩ -->
<feat xlink:href="#orig_152" value="ϩⲟⲩⲟ"/><!-- ϩⲟⲩⲟ -->
<feat xlink:href="#orig_153" value="ϣⲟⲟⲡ"/><!-- ϣⲟⲟⲡ -->
<feat xlink:href="#orig_154" value="ϣⲁ"/><!-- ϣⲁ -->
<feat xlink:href="#orig_155" value="ⲧⲉⲛⲟⲩ"/><!-- ⲧⲉⲛⲟⲩ -->
<feat xlink:href="#orig_156" value="."/><!-- . -->
<feat xlink:href="#orig_157" value="ϩⲟⲓⲛⲉ"/><!-- ϩⲟⲓⲛⲉ -->
<feat xlink:href="#orig_158" value="ⲇⲉ"/><!-- ⲇⲉ -->
<feat xlink:href="#orig_159" value="ⲙⲙⲟ"/><!-- ⲙⲙⲟ -->
<feat xlink:href="#orig_160" value="ⲟⲩ"/><!-- ⲟⲩ -->
<feat xlink:href="#orig_161" value="ⲁ"/><!-- ⲁ -->
<feat xlink:href="#orig_162" value="ⲩ"/><!-- ⲩ -->
<feat xlink:href="#orig_163" value="ⲛⲕⲟⲧⲕ"/><!-- ⲛⲕⲟⲧⲕ -->
<feat xlink:href="#orig_164" value="."/><!-- . -->
<feat xlink:href="#orig_165" value="ⲙⲛⲛⲥⲱ"/><!-- ⲙⲛⲛⲥⲱ -->
<feat xlink:href="#orig_166" value="ⲥ"/><!-- ⲥ -->
<feat xlink:href="#orig_167" value="ⲁ"/><!-- ⲁ -->
<feat xlink:href="#orig_168" value="ϥ"/><!-- ϥ -->
<feat xlink:href="#orig_169" value="ⲟⲩⲱⲛϩ"/><!-- ⲟⲩⲱⲛϩ -->
<feat xlink:href="#orig_170" value="ⲉⲃⲟⲗ"/><!-- ⲉⲃⲟⲗ -->
<feat xlink:href="#orig_171" value="ⲛ"/><!-- ⲛ -->
<feat xlink:href="#orig_172" value="ⲓⲁⲕⲱⲃⲟⲥ"/><!-- ⲓⲁⲕⲱⲃⲟⲥ -->
<feat xlink:href="#orig_173" value="."/><!-- . -->
<feat xlink:href="#orig_174" value="ⲉⲓⲧⲁ"/><!-- ⲉⲓⲧⲁ -->
<feat xlink:href="#orig_175" value="ⲛ"/><!-- ⲛ -->
<feat xlink:href="#orig_176" value="ⲁⲡⲟⲥⲧⲟⲗⲟⲥ"/><!-- ⲁⲡⲟⲥⲧⲟⲗⲟⲥ -->
<feat xlink:href="#orig_177" value="ⲧⲏⲣ"/><!-- ⲧⲏⲣ -->
<feat xlink:href="#orig_178" value="ⲟⲩ"/><!-- ⲟⲩ -->
<feat xlink:href="#orig_179" value="."/><!-- . -->
<feat xlink:href="#orig_180" value="ⲛ"/><!-- ⲛ -->
<feat xlink:href="#orig_181" value="ϩⲁⲉ"/><!-- ϩⲁⲉ -->
<feat xlink:href="#orig_182" value="ⲇⲉ"/><!-- ⲇⲉ -->
<feat xlink:href="#orig_183" value="ⲉ"/><!-- ⲉ -->
<feat xlink:href="#orig_184" value="ⲟⲩⲟⲛ"/><!-- ⲟⲩⲟⲛ -->
<feat xlink:href="#orig_185" value="ⲛⲓⲙ"/><!-- ⲛⲓⲙ -->
<feat xlink:href="#orig_186" value="ⲛ"/><!-- ⲛ -->
<feat xlink:href="#orig_187" value="ⲧ"/><!-- ⲧ -->
<feat xlink:href="#orig_188" value="ϩⲉ"/><!-- ϩⲉ -->
<feat xlink:href="#orig_189" value="ⲛⲟⲩϩⲟⲩϩⲉ"/><!-- ⲛⲟⲩϩⲟⲩϩⲉ -->
<feat xlink:href="#orig_190" value="."/><!-- . -->
<feat xlink:href="#orig_191" value="ⲁ"/><!-- ⲁ -->
<feat xlink:href="#orig_192" value="ϥ"/><!-- ϥ -->
<feat xlink:href="#orig_193" value="ⲟⲩⲱⲛϩ"/><!-- ⲟⲩⲱⲛϩ -->
<feat xlink:href="#orig_194" value="ϩⲱ"/><!-- ϩⲱ -->
<feat xlink:href="#orig_195" value="ⲛⲁⲓ"/><!-- ⲛⲁⲓ -->
<feat xlink:href="#orig_196" value="ⲉⲃⲟⲗ"/><!-- ⲉⲃⲟⲗ -->
<feat xlink:href="#orig_197" value="."/><!-- . -->
<feat xlink:href="#orig_198" value="ⲁⲛⲟⲕ"/><!-- ⲁⲛⲟⲕ -->
<feat xlink:href="#orig_199" value="ⲅⲁⲣ"/><!-- ⲅⲁⲣ -->
<feat xlink:href="#orig_200" value="ⲡⲉ"/><!-- ⲡⲉ -->
<feat xlink:href="#orig_201" value="ⲡ"/><!-- ⲡ -->
<feat xlink:href="#orig_202" value="ⲉⲗⲁⲭⲓⲥⲧⲟⲥ"/><!-- ⲉⲗⲁⲭⲓⲥⲧⲟⲥ -->
<feat xlink:href="#orig_203" value="ⲛ"/><!-- ⲛ -->
<feat xlink:href="#orig_204" value="ⲁⲡⲟⲥⲧⲟⲗⲟⲥ"/><!-- ⲁⲡⲟⲥⲧⲟⲗⲟⲥ -->
<feat xlink:href="#orig_205" value="."/><!-- . -->
<feat xlink:href="#orig_206" value="ⲉ"/><!-- ⲉ -->
<feat xlink:href="#orig_207" value="ⲛ"/><!-- ⲛ -->
<feat xlink:href="#orig_208" value="ϯ"/><!-- ϯ -->
<feat xlink:href="#orig_209" value="ⲙⲡϣⲁ"/><!-- ⲙⲡϣⲁ -->
<feat xlink:href="#orig_210" value="ⲁⲛ"/><!-- ⲁⲛ -->
<feat xlink:href="#orig_211" value="ⲙⲙⲟⲩⲧⲉ"/><!-- ⲙⲙⲟⲩⲧⲉ -->
<feat xlink:href="#orig_212" value="ⲉⲣⲟ"/><!-- ⲉⲣⲟ -->
<feat xlink:href="#orig_213" value="ⲓ"/><!-- ⲓ -->
<feat xlink:href="#orig_214" value="ϫⲉ"/><!-- ϫⲉ -->
<feat xlink:href="#orig_215" value="ⲁⲡⲟⲥⲧⲟⲗⲟⲥ"/><!-- ⲁⲡⲟⲥⲧⲟⲗⲟⲥ -->
<feat xlink:href="#orig_216" value="ϫⲉ"/><!-- ϫⲉ -->
<feat xlink:href="#orig_217" value="ⲁ"/><!-- ⲁ -->
<feat xlink:href="#orig_218" value="ⲓ"/><!-- ⲓ -->
<feat xlink:href="#orig_219" value="ⲇⲓⲱⲕⲉ"/><!-- ⲇⲓⲱⲕⲉ -->
<feat xlink:href="#orig_220" value="ⲛ"/><!-- ⲛ -->
<feat xlink:href="#orig_221" value="ⲥ"/><!-- ⲥ -->
<feat xlink:href="#orig_222" value="ⲁ"/><!-- ⲁ -->
<feat xlink:href="#orig_223" value="ⲧ"/><!-- ⲧ -->
<feat xlink:href="#orig_224" value="ⲉⲕⲕⲗⲏⲥⲓⲁ"/><!-- ⲉⲕⲕⲗⲏⲥⲓⲁ -->
<feat xlink:href="#orig_225" value="ⲙ"/><!-- ⲙ -->
<feat xlink:href="#orig_226" value="ⲡ"/><!-- ⲡ -->
<feat xlink:href="#orig_227" value="ⲛⲟⲩⲧⲉ"/><!-- ⲛⲟⲩⲧⲉ -->
<feat xlink:href="#orig_228" value="."/><!-- . -->
<feat xlink:href="#orig_229" value="ⲧ"/><!-- ⲧ -->
<feat xlink:href="#orig_230" value="ϩⲉ"/><!-- ϩⲉ -->
<feat xlink:href="#orig_231" value="ⲇⲉ"/><!-- ⲇⲉ -->
<feat xlink:href="#orig_232" value="ⲉϯⲟ"/><!-- ⲉϯⲟ -->
<feat xlink:href="#orig_233" value="ⲙⲙⲟ"/><!-- ⲙⲙⲟ -->
<feat xlink:href="#orig_234" value="ⲥ"/><!-- ⲥ -->
<feat xlink:href="#orig_235" value="ⲉ"/><!-- ⲉ -->
<feat xlink:href="#orig_236" value="ⲓ"/><!-- ⲓ -->
<feat xlink:href="#orig_237" value="ⲟ"/><!-- ⲟ -->
<feat xlink:href="#orig_238" value="ⲙⲙⲟ"/><!-- ⲙⲙⲟ -->
<feat xlink:href="#orig_239" value="ⲥ"/><!-- ⲥ -->
<feat xlink:href="#orig_240" value="ϩⲙ"/><!-- ϩⲙ -->
<feat xlink:href="#orig_241" value="ⲡⲉ"/><!-- ⲡⲉ -->
<feat xlink:href="#orig_242" value="ϩⲙⲟⲧ"/><!-- ϩⲙⲟⲧ -->
<feat xlink:href="#orig_243" value="ⲙ"/><!-- ⲙ -->
<feat xlink:href="#orig_244" value="ⲡ"/><!-- ⲡ -->
<feat xlink:href="#orig_245" value="ⲛⲟⲩⲧⲉ"/><!-- ⲛⲟⲩⲧⲉ -->
<feat xlink:href="#orig_246" value="ⲁⲩⲱ"/><!-- ⲁⲩⲱ -->
<feat xlink:href="#orig_247" value="ⲧⲉϥ"/><!-- ⲧⲉϥ -->
<feat xlink:href="#orig_248" value="ⲭⲁⲣⲓⲥ"/><!-- ⲭⲁⲣⲓⲥ -->
<feat xlink:href="#orig_249" value="ⲉⲛⲧ"/><!-- ⲉⲛⲧ -->
<feat xlink:href="#orig_250" value="ⲁ"/><!-- ⲁ -->
<feat xlink:href="#orig_251" value="ⲥ"/><!-- ⲥ -->
<feat xlink:href="#orig_252" value="ⲡⲱϩ"/><!-- ⲡⲱϩ -->
<feat xlink:href="#orig_253" value="ϣⲁⲣⲟ"/><!-- ϣⲁⲣⲟ -->
<feat xlink:href="#orig_254" value="ⲓ"/><!-- ⲓ -->
<feat xlink:href="#orig_255" value="ⲙⲡ"/><!-- ⲙⲡ -->
<feat xlink:href="#orig_256" value="ⲥ"/><!-- ⲥ -->
<feat xlink:href="#orig_257" value="ϣⲱⲡⲉ"/><!-- ϣⲱⲡⲉ -->
<feat xlink:href="#orig_258" value="ⲉ"/><!-- ⲉ -->
<feat xlink:href="#orig_259" value="ⲥ"/><!-- ⲥ -->
<feat xlink:href="#orig_260" value="ϣⲟⲩⲉⲓⲧ"/><!-- ϣⲟⲩⲉⲓⲧ -->
<feat xlink:href="#orig_261" value="ⲁⲗⲗⲁ"/><!-- ⲁⲗⲗⲁ -->
<feat xlink:href="#orig_262" value="ⲁ"/><!-- ⲁ -->
<feat xlink:href="#orig_263" value="ⲓ"/><!-- ⲓ -->
<feat xlink:href="#orig_264" value="ϣⲡϩⲓⲥⲉ"/><!-- ϣⲡϩⲓⲥⲉ -->
<feat xlink:href="#orig_265" value="ⲉϩⲟⲩⲉ"/><!-- ⲉϩⲟⲩⲉ -->
<feat xlink:href="#orig_266" value="ⲉⲣⲟ"/><!-- ⲉⲣⲟ -->
<feat xlink:href="#orig_267" value="ⲟⲩ"/><!-- ⲟⲩ -->
<feat xlink:href="#orig_268" value="ⲧⲏⲣ"/><!-- ⲧⲏⲣ -->
<feat xlink:href="#orig_269" value="ⲟⲩ"/><!-- ⲟⲩ -->
<feat xlink:href="#orig_270" value="ⲛ"/><!-- ⲛ -->
<feat xlink:href="#orig_271" value="ⲁⲛⲟⲕ"/><!-- ⲁⲛⲟⲕ -->
<feat xlink:href="#orig_272" value="ⲇⲉ"/><!-- ⲇⲉ -->
<feat xlink:href="#orig_273" value="ⲁⲛ"/><!-- ⲁⲛ -->
<feat xlink:href="#orig_274" value="ⲁⲗⲗⲁ"/><!-- ⲁⲗⲗⲁ -->
<feat xlink:href="#orig_275" value="ⲧⲉ"/><!-- ⲧⲉ -->
<feat xlink:href="#orig_276" value="ⲭⲁⲣⲓⲥ"/><!-- ⲭⲁⲣⲓⲥ -->
<feat xlink:href="#orig_277" value="ⲙ"/><!-- ⲙ -->
<feat xlink:href="#orig_278" value="ⲡ"/><!-- ⲡ -->
<feat xlink:href="#orig_279" value="ⲛⲟⲩⲧⲉ"/><!-- ⲛⲟⲩⲧⲉ -->
<feat xlink:href="#orig_280" value="ⲉⲧⲛⲙⲙⲁⲓ"/><!-- ⲉⲧⲛⲙⲙⲁⲓ -->
<feat xlink:href="#orig_281" value="."/><!-- . -->
<feat xlink:href="#orig_282" value="ⲉⲓⲧⲉ"/><!-- ⲉⲓⲧⲉ -->
<feat xlink:href="#orig_283" value="ϭⲉ"/><!-- ϭⲉ -->
<feat xlink:href="#orig_284" value="ⲁⲛⲟⲕ"/><!-- ⲁⲛⲟⲕ -->
<feat xlink:href="#orig_285" value="."/><!-- . -->
<feat xlink:href="#orig_286" value="ⲉⲓⲧⲉ"/><!-- ⲉⲓⲧⲉ -->
<feat xlink:href="#orig_287" value="ⲛⲏ"/><!-- ⲛⲏ -->
<feat xlink:href="#orig_288" value="ⲧⲁⲓ"/><!-- ⲧⲁⲓ -->
<feat xlink:href="#orig_289" value="ⲧⲉ"/><!-- ⲧⲉ -->
<feat xlink:href="#orig_290" value="ⲧ"/><!-- ⲧ -->
<feat xlink:href="#orig_291" value="ϩⲉ"/><!-- ϩⲉ -->
<feat xlink:href="#orig_292" value="ⲉⲧ"/><!-- ⲉⲧ -->
<feat xlink:href="#orig_293" value="ⲛ"/><!-- ⲛ -->
<feat xlink:href="#orig_294" value="ⲧⲁϣⲉⲟⲉⲓϣ"/><!-- ⲧⲁϣⲉ...ⲟⲉⲓϣ -->
<feat xlink:href="#orig_296" value="ⲙⲙⲟ"/><!-- ⲙⲙⲟ -->
<feat xlink:href="#orig_297" value="ⲥ"/><!-- ⲥ -->
<feat xlink:href="#orig_298" value="."/><!-- . -->
<feat xlink:href="#orig_299" value="ⲁⲩⲱ"/><!-- ⲁⲩⲱ -->
<feat xlink:href="#orig_300" value="ⲧⲁⲓ"/><!-- ⲧⲁⲓ -->
<feat xlink:href="#orig_301" value="ⲧⲉ"/><!-- ⲧⲉ -->
<feat xlink:href="#orig_302" value="ⲧ"/><!-- ⲧ -->
<feat xlink:href="#orig_303" value="ϩⲉ"/><!-- ϩⲉ -->
<feat xlink:href="#orig_304" value="ⲉⲛⲧ"/><!-- ⲉⲛⲧ -->
<feat xlink:href="#orig_305" value="ⲁ"/><!-- ⲁ -->
<feat xlink:href="#orig_306" value="ⲧⲉⲧⲛ"/><!-- ⲧⲉⲧⲛ -->
<feat xlink:href="#orig_307" value="ⲡⲓⲥⲧⲉⲩⲉ"/><!-- ⲡⲓⲥⲧⲉⲩⲉ -->
<feat xlink:href="#orig_308" value="."/><!-- . -->
<feat xlink:href="#orig_309" value="ⲉϣϫⲉ"/><!-- ⲉϣϫⲉ -->
<feat xlink:href="#orig_310" value="ⲡⲉ"/><!-- ⲡⲉ -->
<feat xlink:href="#orig_311" value="ⲭⲣⲓⲥⲧⲟⲥ"/><!-- ⲭⲣⲓⲥⲧⲟⲥ -->
<feat xlink:href="#orig_312" value="ⲇⲉ"/><!-- ⲇⲉ -->
<feat xlink:href="#orig_313" value="ⲥⲉ"/><!-- ⲥⲉ -->
<feat xlink:href="#orig_314" value="ⲧⲁϣⲉⲟⲉⲓϣ"/><!-- ⲧⲁϣⲉ...ⲟⲉⲓϣ -->
<feat xlink:href="#orig_316" value="ⲙⲙⲟ"/><!-- ⲙⲙⲟ -->
<feat xlink:href="#orig_317" value="ϥ"/><!-- ϥ -->
<feat xlink:href="#orig_318" value="ϫⲉ"/><!-- ϫⲉ -->
<feat xlink:href="#orig_319" value="ⲁ"/><!-- ⲁ -->
<feat xlink:href="#orig_320" value="ϥ"/><!-- ϥ -->
<feat xlink:href="#orig_321" value="ⲧⲱⲟⲩⲛ"/><!-- ⲧⲱⲟⲩⲛ -->
<feat xlink:href="#orig_322" value="ϩⲛ"/><!-- ϩⲛ -->
<feat xlink:href="#orig_323" value="ⲛ"/><!-- ⲛ -->
<feat xlink:href="#orig_324" value="ⲉⲧ"/><!-- ⲉⲧ -->
<feat xlink:href="#orig_325" value="ⲙⲟⲟⲩⲧ"/><!-- ⲙⲟⲟⲩⲧ -->
<feat xlink:href="#orig_326" value="ⲛ"/><!-- ⲛ -->
<feat xlink:href="#orig_327" value="ⲁϣ"/><!-- ⲁϣ -->
<feat xlink:href="#orig_328" value="ⲛ"/><!-- ⲛ -->
<feat xlink:href="#orig_329" value="ϩⲉ"/><!-- ϩⲉ -->
<feat xlink:href="#orig_330" value="ⲟⲩⲛ"/><!-- ⲟⲩⲛ -->
<feat xlink:href="#orig_331" value="ϩⲟⲓⲛⲉ"/><!-- ϩⲟⲓⲛⲉ -->
<feat xlink:href="#orig_332" value="ϫⲱ"/><!-- ϫⲱ -->
<feat xlink:href="#orig_333" value="ⲙⲙⲟ"/><!-- ⲙⲙⲟ -->
<feat xlink:href="#orig_334" value="ⲥ"/><!-- ⲥ -->
<feat xlink:href="#orig_335" value="ⲛϩⲏⲧ"/><!-- ⲛϩⲏⲧ -->
<feat xlink:href="#orig_336" value="ⲧⲏⲩⲧⲛ"/><!-- ⲧⲏⲩⲧⲛ -->
<feat xlink:href="#orig_337" value="ϫⲉ"/><!-- ϫⲉ -->
<feat xlink:href="#orig_338" value="ⲛ"/><!-- ⲛ -->
<feat xlink:href="#orig_339" value="ⲉⲧ"/><!-- ⲉⲧ -->
<feat xlink:href="#orig_340" value="ⲙⲟⲟⲩⲧ"/><!-- ⲙⲟⲟⲩⲧ -->
<feat xlink:href="#orig_341" value="ⲛⲁ"/><!-- ⲛⲁ -->
<feat xlink:href="#orig_342" value="ⲧⲱⲟⲩⲛ"/><!-- ⲧⲱⲟⲩⲛ -->
<feat xlink:href="#orig_343" value="ⲁⲛ"/><!-- ⲁⲛ -->
<feat xlink:href="#orig_344" value="."/><!-- . -->
<feat xlink:href="#orig_345" value="ⲉϣϫⲉ"/><!-- ⲉϣϫⲉ -->
<feat xlink:href="#orig_346" value="ⲛ"/><!-- ⲛ -->
<feat xlink:href="#orig_347" value="ⲉⲧ"/><!-- ⲉⲧ -->
<feat xlink:href="#orig_348" value="ⲙⲟⲟⲩⲧ"/><!-- ⲙⲟⲟⲩⲧ -->
<feat xlink:href="#orig_349" value="ⲛⲁ"/><!-- ⲛⲁ -->
<feat xlink:href="#orig_350" value="ⲧⲱⲟⲩⲛ"/><!-- ⲧⲱⲟⲩⲛ -->
<feat xlink:href="#orig_351" value="ⲁⲛ"/><!-- ⲁⲛ -->
<feat xlink:href="#orig_352" value="ⲉⲓⲉ"/><!-- ⲉⲓⲉ -->
<feat xlink:href="#orig_353" value="ⲙⲡⲉ"/><!-- ⲙⲡⲉ -->
<feat xlink:href="#orig_354" value="ⲡⲉ"/><!-- ⲡⲉ -->
<feat xlink:href="#orig_355" value="ⲭⲣⲓⲥⲧⲟⲥ"/><!-- ⲭⲣⲓⲥⲧⲟⲥ -->
<feat xlink:href="#orig_356" value="ⲧⲱⲟⲩⲛ"/><!-- ⲧⲱⲟⲩⲛ -->
<feat xlink:href="#orig_357" value="."/><!-- . -->
<feat xlink:href="#orig_358" value="ⲉϣϫⲉ"/><!-- ⲉϣϫⲉ -->
<feat xlink:href="#orig_359" value="ⲙⲡⲉ"/><!-- ⲙⲡⲉ -->
<feat xlink:href="#orig_360" value="ⲡⲉ"/><!-- ⲡⲉ -->
<feat xlink:href="#orig_361" value="ⲭⲣⲓⲥⲧⲟⲥ"/><!-- ⲭⲣⲓⲥⲧⲟⲥ -->
<feat xlink:href="#orig_362" value="ⲧⲱⲟⲩⲛ"/><!-- ⲧⲱⲟⲩⲛ -->
<feat xlink:href="#orig_363" value="ⲉⲓⲉ"/><!-- ⲉⲓⲉ -->
<feat xlink:href="#orig_364" value="ⲡⲉⲛ"/><!-- ⲡⲉⲛ -->
<feat xlink:href="#orig_365" value="ⲧⲁϣⲉⲟⲉⲓϣ"/><!-- ⲧⲁϣⲉ...ⲟⲉⲓϣ -->
<feat xlink:href="#orig_367" value="ϣⲟⲩⲉⲓⲧ"/><!-- ϣⲟⲩⲉⲓⲧ -->
<feat xlink:href="#orig_368" value="."/><!-- . -->
<feat xlink:href="#orig_369" value="ⲁⲩⲱ"/><!-- ⲁⲩⲱ -->
<feat xlink:href="#orig_370" value="ⲥ"/><!-- ⲥ -->
<feat xlink:href="#orig_371" value="ϣⲟⲩⲉⲓⲧ"/><!-- ϣⲟⲩⲉⲓⲧ -->
<feat xlink:href="#orig_372" value="ⲛϭⲓ"/><!-- ⲛϭⲓ -->
<feat xlink:href="#orig_373" value="ⲧⲉⲛ"/><!-- ⲧⲉⲛ -->
<feat xlink:href="#orig_374" value="ⲡⲓⲥⲧⲓⲥ"/><!-- ⲡⲓⲥⲧⲓⲥ -->
<feat xlink:href="#orig_375" value="."/><!-- . -->
<feat xlink:href="#orig_376" value="ⲥⲉ"/><!-- ⲥⲉ -->
<feat xlink:href="#orig_377" value="ⲛⲁ"/><!-- ⲛⲁ -->
<feat xlink:href="#orig_378" value="ϩⲉ"/><!-- ϩⲉ -->
<feat xlink:href="#orig_379" value="ⲇⲉ"/><!-- ⲇⲉ -->
<feat xlink:href="#orig_380" value="ⲟⲛ"/><!-- ⲟⲛ -->
<feat xlink:href="#orig_381" value="ⲉⲣⲟ"/><!-- ⲉⲣⲟ -->
<feat xlink:href="#orig_382" value="ⲛ"/><!-- ⲛ -->
<feat xlink:href="#orig_383" value="ⲉ"/><!-- ⲉ -->
<feat xlink:href="#orig_384" value="ⲛ"/><!-- ⲛ -->
<feat xlink:href="#orig_385" value="ⲟ"/><!-- ⲟ -->
<feat xlink:href="#orig_386" value="ⲙ"/><!-- ⲙ -->
<feat xlink:href="#orig_387" value="ⲙⲛⲧⲣⲉ"/><!-- ⲙⲛⲧⲣⲉ -->
<feat xlink:href="#orig_388" value="ⲛ"/><!-- ⲛ -->
<feat xlink:href="#orig_389" value="ⲛⲟⲩϫ"/><!-- ⲛⲟⲩϫ -->
<feat xlink:href="#orig_390" value="ⲉ"/><!-- ⲉ -->
<feat xlink:href="#orig_391" value="ⲡ"/><!-- ⲡ -->
<feat xlink:href="#orig_392" value="ⲛⲟⲩⲧⲉ"/><!-- ⲛⲟⲩⲧⲉ -->
<feat xlink:href="#orig_393" value="ϫⲉ"/><!-- ϫⲉ -->
<feat xlink:href="#orig_394" value="ⲁ"/><!-- ⲁ -->
<feat xlink:href="#orig_395" value="ⲛ"/><!-- ⲛ -->
<feat xlink:href="#orig_396" value="ⲣⲙⲛⲧⲣⲉ"/><!-- ⲣ...ⲙⲛⲧⲣⲉ -->
<feat xlink:href="#orig_398" value="ⲙ"/><!-- ⲙ -->
<feat xlink:href="#orig_399" value="ⲡ"/><!-- ⲡ -->
<feat xlink:href="#orig_400" value="ⲛⲟⲩⲧⲉ"/><!-- ⲛⲟⲩⲧⲉ -->
<feat xlink:href="#orig_401" value="."/><!-- . -->
<feat xlink:href="#orig_402" value="ϫⲉ"/><!-- ϫⲉ -->
<feat xlink:href="#orig_403" value="ⲁ"/><!-- ⲁ -->
<feat xlink:href="#orig_404" value="ϥ"/><!-- ϥ -->
<feat xlink:href="#orig_405" value="ⲧⲟⲩⲛⲉⲥ"/><!-- ⲧⲟⲩⲛⲉⲥ -->
<feat xlink:href="#orig_406" value="ⲡⲉ"/><!-- ⲡⲉ -->
<feat xlink:href="#orig_407" value="ⲭⲣⲓⲥⲧⲟⲥ"/><!-- ⲭⲣⲓⲥⲧⲟⲥ -->
<feat xlink:href="#orig_408" value="ⲡⲁⲓ"/><!-- ⲡⲁⲓ -->
<feat xlink:href="#orig_409" value="ⲉⲧⲉⲙⲡϥⲧⲟⲩⲛⲟⲥϥ"/><!-- ⲉⲧⲉⲙⲡϥⲧⲟⲩⲛⲟⲥϥ -->
<feat xlink:href="#orig_410" value="."/><!-- . -->
<feat xlink:href="#orig_411" value="ⲉϣϫⲉ"/><!-- ⲉϣϫⲉ -->
<feat xlink:href="#orig_412" value="ⲛ"/><!-- ⲛ -->
<feat xlink:href="#orig_413" value="ⲉⲧ"/><!-- ⲉⲧ -->
<feat xlink:href="#orig_414" value="ⲙⲟⲟⲩⲧ"/><!-- ⲙⲟⲟⲩⲧ -->
<feat xlink:href="#orig_415" value="ⲛⲁ"/><!-- ⲛⲁ -->
<feat xlink:href="#orig_416" value="ⲧⲱⲟⲩⲛ"/><!-- ⲧⲱⲟⲩⲛ -->
<feat xlink:href="#orig_417" value="ⲁⲛ"/><!-- ⲁⲛ -->
<feat xlink:href="#orig_418" value="."/><!-- . -->
<feat xlink:href="#orig_419" value="ⲉϣϫⲉ"/><!-- ⲉϣϫⲉ -->
<feat xlink:href="#orig_420" value="ⲛ"/><!-- ⲛ -->
<feat xlink:href="#orig_421" value="ⲉⲧ"/><!-- ⲉⲧ -->
<feat xlink:href="#orig_422" value="ⲙⲟⲟⲩⲧ"/><!-- ⲙⲟⲟⲩⲧ -->
<feat xlink:href="#orig_423" value="ⲅⲁⲣ"/><!-- ⲅⲁⲣ -->
<feat xlink:href="#orig_424" value="ⲛⲁ"/><!-- ⲛⲁ -->
<feat xlink:href="#orig_425" value="ⲧⲱⲟⲩⲛ"/><!-- ⲧⲱⲟⲩⲛ -->
<feat xlink:href="#orig_426" value="ⲁⲛ"/><!-- ⲁⲛ -->
<feat xlink:href="#orig_427" value="."/><!-- . -->
<feat xlink:href="#orig_428" value="ⲉⲓⲉ"/><!-- ⲉⲓⲉ -->
<feat xlink:href="#orig_429" value="ⲙⲡⲉ"/><!-- ⲙⲡⲉ -->
<feat xlink:href="#orig_430" value="ⲡⲉ"/><!-- ⲡⲉ -->
<feat xlink:href="#orig_431" value="ⲭⲣⲓⲥⲧⲟⲥ"/><!-- ⲭⲣⲓⲥⲧⲟⲥ -->
<feat xlink:href="#orig_432" value="ⲧⲱⲟⲩⲛ"/><!-- ⲧⲱⲟⲩⲛ -->
<feat xlink:href="#orig_433" value="."/><!-- . -->
<feat xlink:href="#orig_434" value="ⲉϣϫⲉ"/><!-- ⲉϣϫⲉ -->
<feat xlink:href="#orig_435" value="ⲙⲡⲉ"/><!-- ⲙⲡⲉ -->
<feat xlink:href="#orig_436" value="ⲡⲉ"/><!-- ⲡⲉ -->
<feat xlink:href="#orig_437" value="ⲭⲣⲓⲥⲧⲟⲥ"/><!-- ⲭⲣⲓⲥⲧⲟⲥ -->
<feat xlink:href="#orig_438" value="ⲧⲱⲟⲩⲛ"/><!-- ⲧⲱⲟⲩⲛ -->
<feat xlink:href="#orig_439" value="ⲉⲓⲉ"/><!-- ⲉⲓⲉ -->
<feat xlink:href="#orig_440" value="ⲥ"/><!-- ⲥ -->
<feat xlink:href="#orig_441" value="ϣⲟⲩⲉⲓⲧ"/><!-- ϣⲟⲩⲉⲓⲧ -->
<feat xlink:href="#orig_442" value="ⲛϭⲓ"/><!-- ⲛϭⲓ -->
<feat xlink:href="#orig_443" value="ⲧⲉⲧⲛ"/><!-- ⲧⲉⲧⲛ -->
<feat xlink:href="#orig_444" value="ⲡⲓⲥⲧⲓⲥ"/><!-- ⲡⲓⲥⲧⲓⲥ -->
<feat xlink:href="#orig_445" value="."/><!-- . -->
<feat xlink:href="#orig_446" value="ⲁⲩⲱ"/><!-- ⲁⲩⲱ -->
<feat xlink:href="#orig_447" value="ⲉⲧ"/><!-- ⲉⲧ -->
<feat xlink:href="#orig_448" value="ⲉⲓ"/><!-- ⲉⲓ -->
<feat xlink:href="#orig_449" value="ⲧⲉⲧⲛ"/><!-- ⲧⲉⲧⲛ -->
<feat xlink:href="#orig_450" value="ϣⲟⲟⲡ"/><!-- ϣⲟⲟⲡ -->
<feat xlink:href="#orig_451" value="ϩⲛ"/><!-- ϩⲛ -->
<feat xlink:href="#orig_452" value="ⲛⲉⲧⲛ"/><!-- ⲛⲉⲧⲛ -->
<feat xlink:href="#orig_453" value="ⲛⲟⲃⲉ"/><!-- ⲛⲟⲃⲉ -->
<feat xlink:href="#orig_454" value="."/><!-- . -->
<feat xlink:href="#orig_455" value="ⲉⲓⲉ"/><!-- ⲉⲓⲉ -->
<feat xlink:href="#orig_456" value="ⲁ"/><!-- ⲁ -->
<feat xlink:href="#orig_457" value="ⲛ"/><!-- ⲛ -->
<feat xlink:href="#orig_458" value="ⲕⲟⲟⲩⲉ"/><!-- ⲕⲟⲟⲩⲉ -->
<feat xlink:href="#orig_459" value="ⲉⲛⲧ"/><!-- ⲉⲛⲧ -->
<feat xlink:href="#orig_460" value="ⲁ"/><!-- ⲁ -->
<feat xlink:href="#orig_461" value="ⲩ"/><!-- ⲩ -->
<feat xlink:href="#orig_462" value="ⲛⲕⲟⲧⲕ"/><!-- ⲛⲕⲟⲧⲕ -->
<feat xlink:href="#orig_463" value="ϩⲙ"/><!-- ϩⲙ -->
<feat xlink:href="#orig_464" value="ⲡⲉ"/><!-- ⲡⲉ -->
<feat xlink:href="#orig_465" value="ⲭⲣⲓⲥⲧⲟⲥ"/><!-- ⲭⲣⲓⲥⲧⲟⲥ -->
<feat xlink:href="#orig_466" value="ϩⲉ"/><!-- ϩⲉ -->
<feat xlink:href="#orig_467" value="ⲉⲃⲟⲗ"/><!-- ⲉⲃⲟⲗ -->
<feat xlink:href="#orig_468" value="."/><!-- . -->
<feat xlink:href="#orig_469" value="ⲉϣϫⲉ"/><!-- ⲉϣϫⲉ -->
<feat xlink:href="#orig_470" value="ϩⲣⲁⲓ"/><!-- ϩⲣⲁⲓ -->
<feat xlink:href="#orig_471" value="ϩⲙ"/><!-- ϩⲙ -->
<feat xlink:href="#orig_472" value="ⲡⲉⲓ"/><!-- ⲡⲉⲓ -->
<feat xlink:href="#orig_473" value="ⲱⲛϩ"/><!-- ⲱⲛϩ -->
<feat xlink:href="#orig_474" value="ⲙ"/><!-- ⲙ -->
<feat xlink:href="#orig_475" value="ⲙⲁⲧⲉ"/><!-- ⲙⲁⲧⲉ -->
<feat xlink:href="#orig_476" value="ⲉ"/><!-- ⲉ -->
<feat xlink:href="#orig_477" value="ⲛ"/><!-- ⲛ -->
<feat xlink:href="#orig_478" value="ⲛⲁϩⲧⲉ"/><!-- ⲛⲁϩⲧⲉ -->
<feat xlink:href="#orig_479" value="ϩⲙ"/><!-- ϩⲙ -->
<feat xlink:href="#orig_480" value="ⲡⲉ"/><!-- ⲡⲉ -->
<feat xlink:href="#orig_481" value="ⲭⲣⲓⲥⲧⲟⲥ"/><!-- ⲭⲣⲓⲥⲧⲟⲥ -->
<feat xlink:href="#orig_482" value="."/><!-- . -->
<feat xlink:href="#orig_483" value="ⲉⲓⲉ"/><!-- ⲉⲓⲉ -->
<feat xlink:href="#orig_484" value="ⲁ"/><!-- ⲁ -->
<feat xlink:href="#orig_485" value="ⲛ"/><!-- ⲛ -->
<feat xlink:href="#orig_486" value="ϩⲉ"/><!-- ϩⲉ -->
<feat xlink:href="#orig_487" value="ⲛ"/><!-- ⲛ -->
<feat xlink:href="#orig_488" value="ⲉⲃⲓⲏⲛ"/><!-- ⲉⲃⲓⲏⲛ -->
<feat xlink:href="#orig_489" value="ⲉϩⲟⲩⲉ"/><!-- ⲉϩⲟⲩⲉ -->
<feat xlink:href="#orig_490" value="ⲣⲱⲙⲉ"/><!-- ⲣⲱⲙⲉ -->
<feat xlink:href="#orig_491" value="ⲛⲓⲙ"/><!-- ⲛⲓⲙ -->
<feat xlink:href="#orig_492" value="."/><!-- . -->
<feat xlink:href="#orig_493" value="ⲧⲉⲛⲟⲩ"/><!-- ⲧⲉⲛⲟⲩ -->
<feat xlink:href="#orig_494" value="ⲇⲉ"/><!-- ⲇⲉ -->
<feat xlink:href="#orig_495" value="ⲁ"/><!-- ⲁ -->
<feat xlink:href="#orig_496" value="ⲡⲉ"/><!-- ⲡⲉ -->
<feat xlink:href="#orig_497" value="ⲭⲣⲓⲥⲧⲟⲥ"/><!-- ⲭⲣⲓⲥⲧⲟⲥ -->
<feat xlink:href="#orig_498" value="ⲧⲱⲟⲩⲛ"/><!-- ⲧⲱⲟⲩⲛ -->
<feat xlink:href="#orig_499" value="ⲉⲃⲟⲗ"/><!-- ⲉⲃⲟⲗ -->
<feat xlink:href="#orig_500" value="ϩⲛ"/><!-- ϩⲛ -->
<feat xlink:href="#orig_501" value="ⲛ"/><!-- ⲛ -->
<feat xlink:href="#orig_502" value="ⲉⲧ"/><!-- ⲉⲧ -->
<feat xlink:href="#orig_503" value="ⲙⲟⲟⲩⲧ"/><!-- ⲙⲟⲟⲩⲧ -->
<feat xlink:href="#orig_504" value="ⲧ"/><!-- ⲧ -->
<feat xlink:href="#orig_505" value="ⲁⲡⲁⲣⲭⲏ"/><!-- ⲁⲡⲁⲣⲭⲏ -->
<feat xlink:href="#orig_506" value="ⲛⲛⲉⲛⲧⲁⲩⲛⲕⲟⲧⲕ"/><!-- ⲛⲛⲉⲛⲧⲁⲩⲛⲕⲟⲧⲕ -->
<feat xlink:href="#orig_507" value="ⲉⲡⲉⲓⲇⲏ"/><!-- ⲉⲡⲉⲓⲇⲏ -->
<feat xlink:href="#orig_508" value="ⲅⲁⲣ"/><!-- ⲅⲁⲣ -->
<feat xlink:href="#orig_509" value="ⲛⲧⲁ"/><!-- ⲛⲧⲁ -->
<feat xlink:href="#orig_510" value="ⲡ"/><!-- ⲡ -->
<feat xlink:href="#orig_511" value="ⲙⲟⲩ"/><!-- ⲙⲟⲩ -->
<feat xlink:href="#orig_512" value="ϣⲱⲡⲉ"/><!-- ϣⲱⲡⲉ -->
<feat xlink:href="#orig_513" value="ⲉⲃⲟⲗ"/><!-- ⲉⲃⲟⲗ -->
<feat xlink:href="#orig_514" value="ϩⲓⲧⲛ"/><!-- ϩⲓⲧⲛ -->
<feat xlink:href="#orig_515" value="ⲟⲩ"/><!-- ⲟⲩ -->
<feat xlink:href="#orig_516" value="ⲣⲱⲙⲉ"/><!-- ⲣⲱⲙⲉ -->
<feat xlink:href="#orig_517" value="."/><!-- . -->
<feat xlink:href="#orig_518" value="ⲉⲃⲟⲗ"/><!-- ⲉⲃⲟⲗ -->
<feat xlink:href="#orig_519" value="ϩⲓⲧⲛ"/><!-- ϩⲓⲧⲛ -->
<feat xlink:href="#orig_520" value="ⲟⲩ"/><!-- ⲟⲩ -->
<feat xlink:href="#orig_521" value="ⲣⲱⲙⲉ"/><!-- ⲣⲱⲙⲉ -->
<feat xlink:href="#orig_522" value="ⲟⲛ"/><!-- ⲟⲛ -->
<feat xlink:href="#orig_523" value="ⲡⲉ"/><!-- ⲡⲉ -->
<feat xlink:href="#orig_524" value="ⲡⲧⲱⲟⲩⲛ"/><!-- ⲡⲧⲱⲟⲩⲛ -->
<feat xlink:href="#orig_525" value="ⲛ"/><!-- ⲛ -->
<feat xlink:href="#orig_526" value="ⲛ"/><!-- ⲛ -->
<feat xlink:href="#orig_527" value="ⲉⲧ"/><!-- ⲉⲧ -->
<feat xlink:href="#orig_528" value="ⲙⲟⲟⲩⲧ"/><!-- ⲙⲟⲟⲩⲧ -->
<feat xlink:href="#orig_529" value="."/><!-- . -->
<feat xlink:href="#orig_530" value="ⲛ"/><!-- ⲛ -->
<feat xlink:href="#orig_531" value="ⲧ"/><!-- ⲧ -->
<feat xlink:href="#orig_532" value="ϩⲉ"/><!-- ϩⲉ -->
<feat xlink:href="#orig_533" value="ⲅⲁⲣ"/><!-- ⲅⲁⲣ -->
<feat xlink:href="#orig_534" value="ⲉ"/><!-- ⲉ -->
<feat xlink:href="#orig_535" value="ⲧⲟⲩ"/><!-- ⲧⲟⲩ -->
<feat xlink:href="#orig_536" value="ⲙⲟⲩ"/><!-- ⲙⲟⲩ -->
<feat xlink:href="#orig_537" value="ⲧⲏⲣ"/><!-- ⲧⲏⲣ -->
<feat xlink:href="#orig_538" value="ⲟⲩ"/><!-- ⲟⲩ -->
<feat xlink:href="#orig_539" value="ϩⲛ"/><!-- ϩⲛ -->
<feat xlink:href="#orig_540" value="ⲁⲇⲁⲙ"/><!-- ⲁⲇⲁⲙ -->
<feat xlink:href="#orig_541" value="."/><!-- . -->
<feat xlink:href="#orig_542" value="ⲧⲁⲓ"/><!-- ⲧⲁⲓ -->
<feat xlink:href="#orig_543" value="ⲧⲉ"/><!-- ⲧⲉ -->
<feat xlink:href="#orig_544" value="ⲧ"/><!-- ⲧ -->
<feat xlink:href="#orig_545" value="ϩⲉ"/><!-- ϩⲉ -->
<feat xlink:href="#orig_546" value="ϩⲙ"/><!-- ϩⲙ -->
<feat xlink:href="#orig_547" value="ⲡⲉ"/><!-- ⲡⲉ -->
<feat xlink:href="#orig_548" value="ⲭⲣⲓⲥⲧⲟⲥ"/><!-- ⲭⲣⲓⲥⲧⲟⲥ -->
<feat xlink:href="#orig_549" value="ⲥⲉ"/><!-- ⲥⲉ -->
<feat xlink:href="#orig_550" value="ⲛⲁ"/><!-- ⲛⲁ -->
<feat xlink:href="#orig_551" value="ⲱⲛϩ"/><!-- ⲱⲛϩ -->
<feat xlink:href="#orig_552" value="ⲧⲏⲣ"/><!-- ⲧⲏⲣ -->
<feat xlink:href="#orig_553" value="ⲟⲩ"/><!-- ⲟⲩ -->
<feat xlink:href="#orig_554" value="."/><!-- . -->
<feat xlink:href="#orig_555" value="ⲡ"/><!-- ⲡ -->
<feat xlink:href="#orig_556" value="ⲟⲩⲁ"/><!-- ⲟⲩⲁ -->
<feat xlink:href="#orig_557" value="ⲇⲉ"/><!-- ⲇⲉ -->
<feat xlink:href="#orig_558" value="ⲡ"/><!-- ⲡ -->
<feat xlink:href="#orig_559" value="ⲟⲩⲁ"/><!-- ⲟⲩⲁ -->
<feat xlink:href="#orig_560" value="ϩⲙ"/><!-- ϩⲙ -->
<feat xlink:href="#orig_561" value="ⲡⲉϥ"/><!-- ⲡⲉϥ -->
<feat xlink:href="#orig_562" value="ⲧⲁⲅⲙⲁ"/><!-- ⲧⲁⲅⲙⲁ -->
<feat xlink:href="#orig_563" value="."/><!-- . -->
<feat xlink:href="#orig_564" value="ⲧ"/><!-- ⲧ -->
<feat xlink:href="#orig_565" value="ⲁⲡⲁⲣⲭⲏ"/><!-- ⲁⲡⲁⲣⲭⲏ -->
<feat xlink:href="#orig_566" value="ⲡⲉ"/><!-- ⲡⲉ -->
<feat xlink:href="#orig_567" value="ⲭⲣⲓⲥⲧⲟⲥ"/><!-- ⲭⲣⲓⲥⲧⲟⲥ -->
<feat xlink:href="#orig_568" value="."/><!-- . -->
<feat xlink:href="#orig_569" value="ⲙⲛⲛⲥⲱ"/><!-- ⲙⲛⲛⲥⲱ -->
<feat xlink:href="#orig_570" value="ⲥ"/><!-- ⲥ -->
<feat xlink:href="#orig_571" value="ⲛⲁ"/><!-- ⲛⲁ -->
<feat xlink:href="#orig_572" value="ⲡⲉ"/><!-- ⲡⲉ -->
<feat xlink:href="#orig_573" value="ⲭⲣⲓⲥⲧⲟⲥ"/><!-- ⲭⲣⲓⲥⲧⲟⲥ -->
<feat xlink:href="#orig_574" value="ϩⲛ"/><!-- ϩⲛ -->
<feat xlink:href="#orig_575" value="ⲧⲉϥⲡⲁⲣϩⲟⲩⲥⲓⲁ"/><!-- ⲧⲉϥⲡⲁⲣϩⲟⲩⲥⲓⲁ -->
<feat xlink:href="#orig_576" value="."/><!-- . -->
<feat xlink:href="#orig_577" value="ⲉⲓⲧⲁ"/><!-- ⲉⲓⲧⲁ -->
<feat xlink:href="#orig_578" value="ⲧ"/><!-- ⲧ -->
<feat xlink:href="#orig_579" value="ϩⲁⲏ"/><!-- ϩⲁⲏ -->
<feat xlink:href="#orig_580" value="ⲉϥϣⲁⲛ"/><!-- ⲉϥϣⲁⲛ -->
<feat xlink:href="#orig_581" value="ϯ"/><!-- ϯ -->
<feat xlink:href="#orig_582" value="ⲛ"/><!-- ⲛ -->
<feat xlink:href="#orig_583" value="ⲧ"/><!-- ⲧ -->
<feat xlink:href="#orig_584" value="ⲙⲛⲧⲣⲣⲟ"/><!-- ⲙⲛⲧ...ⲣⲣⲟ -->
<feat xlink:href="#orig_586" value="ⲙ"/><!-- ⲙ -->
<feat xlink:href="#orig_587" value="ⲡ"/><!-- ⲡ -->
<feat xlink:href="#orig_588" value="ⲛⲟⲩⲧⲉ"/><!-- ⲛⲟⲩⲧⲉ -->
<feat xlink:href="#orig_589" value="ⲡ"/><!-- ⲡ -->
<feat xlink:href="#orig_590" value="ⲉⲓⲱⲧ"/><!-- ⲉⲓⲱⲧ -->
<feat xlink:href="#orig_591" value="ⲉϥϣⲁⲛ"/><!-- ⲉϥϣⲁⲛ -->
<feat xlink:href="#orig_592" value="ⲟⲩⲱⲥϥ"/><!-- ⲟⲩⲱⲥϥ -->
<feat xlink:href="#orig_593" value="ⲛ"/><!-- ⲛ -->
<feat xlink:href="#orig_594" value="ⲁⲣⲭⲏ"/><!-- ⲁⲣⲭⲏ -->
<feat xlink:href="#orig_595" value="ⲛⲓⲙ"/><!-- ⲛⲓⲙ -->
<feat xlink:href="#orig_596" value="."/><!-- . -->
<feat xlink:href="#orig_597" value="ϩⲓ"/><!-- ϩⲓ -->
<feat xlink:href="#orig_598" value="ⲉⲝⲟⲩⲥⲓⲁ"/><!-- ⲉⲝⲟⲩⲥⲓⲁ -->
<feat xlink:href="#orig_599" value="ⲛⲓⲙ"/><!-- ⲛⲓⲙ -->
<feat xlink:href="#orig_600" value="."/><!-- . -->
<feat xlink:href="#orig_601" value="ϩⲓ"/><!-- ϩⲓ -->
<feat xlink:href="#orig_602" value="ϭⲟⲙ"/><!-- ϭⲟⲙ -->
<feat xlink:href="#orig_603" value="ⲛⲓⲙ"/><!-- ⲛⲓⲙ -->
<feat xlink:href="#orig_604" value="."/><!-- . -->
<feat xlink:href="#orig_605" value="ϩⲁⲡⲥ"/><!-- ϩⲁⲡⲥ -->
<feat xlink:href="#orig_606" value="ⲅⲁⲣ"/><!-- ⲅⲁⲣ -->
<feat xlink:href="#orig_607" value="ⲡⲉ"/><!-- ⲡⲉ -->
<feat xlink:href="#orig_608" value="ⲉ"/><!-- ⲉ -->
<feat xlink:href="#orig_609" value="ⲧⲣⲉ"/><!-- ⲧⲣⲉ -->
<feat xlink:href="#orig_610" value="ϥ"/><!-- ϥ -->
<feat xlink:href="#orig_611" value="ⲣⲣⲣⲟ"/><!-- ⲣ...ⲣⲣⲟ -->
<feat xlink:href="#orig_613" value="ϣⲁⲛⲧ"/><!-- ϣⲁⲛⲧ -->
<feat xlink:href="#orig_614" value="ϥ"/><!-- ϥ -->
<feat xlink:href="#orig_615" value="ⲕⲱ"/><!-- ⲕⲱ -->
<feat xlink:href="#orig_616" value="ⲛ"/><!-- ⲛ -->
<feat xlink:href="#orig_617" value="ⲛⲉϥ"/><!-- ⲛⲉϥ -->
<feat xlink:href="#orig_618" value="ϫⲁϫⲉ"/><!-- ϫⲁϫⲉ -->
<feat xlink:href="#orig_619" value="ⲧⲏⲣ"/><!-- ⲧⲏⲣ -->
<feat xlink:href="#orig_620" value="ⲟⲩ"/><!-- ⲟⲩ -->
<feat xlink:href="#orig_621" value="ϩⲁ"/><!-- ϩⲁ -->
<feat xlink:href="#orig_622" value="ⲛⲉϥ"/><!-- ⲛⲉϥ -->
<feat xlink:href="#orig_623" value="ⲟⲩⲉⲣⲏⲧⲉ"/><!-- ⲟⲩⲉⲣⲏⲧⲉ -->
<feat xlink:href="#orig_624" value="."/><!-- . -->
<feat xlink:href="#orig_625" value="ⲡ"/><!-- ⲡ -->
<feat xlink:href="#orig_626" value="ϩⲁⲉ"/><!-- ϩⲁⲉ -->
<feat xlink:href="#orig_627" value="ⲇⲉ"/><!-- ⲇⲉ -->
<feat xlink:href="#orig_628" value="ⲛ"/><!-- ⲛ -->
<feat xlink:href="#orig_629" value="ϫⲁϫⲉ"/><!-- ϫⲁϫⲉ -->
<feat xlink:href="#orig_630" value="ϥ"/><!-- ϥ -->
<feat xlink:href="#orig_631" value="ⲛⲁ"/><!-- ⲛⲁ -->
<feat xlink:href="#orig_632" value="ⲟⲩⲱⲥϥ"/><!-- ⲟⲩⲱⲥϥ -->
<feat xlink:href="#orig_633" value="ⲉⲧⲉ"/><!-- ⲉⲧⲉ -->
<feat xlink:href="#orig_634" value="ⲡ"/><!-- ⲡ -->
<feat xlink:href="#orig_635" value="ⲙⲟⲩ"/><!-- ⲙⲟⲩ -->
<feat xlink:href="#orig_636" value="ⲡⲉ"/><!-- ⲡⲉ -->
<feat xlink:href="#orig_637" value="."/><!-- . -->
<feat xlink:href="#orig_638" value="ⲁ"/><!-- ⲁ -->
<feat xlink:href="#orig_639" value="ϥ"/><!-- ϥ -->
<feat xlink:href="#orig_640" value="ⲕⲁ"/><!-- ⲕⲁ -->
<feat xlink:href="#orig_641" value="ⲛ"/><!-- ⲛ -->
<feat xlink:href="#orig_642" value="ⲕ"/><!-- ⲕ -->
<feat xlink:href="#orig_643" value="ⲁ"/><!-- ⲁ -->
<feat xlink:href="#orig_644" value="ⲅⲁⲣ"/><!-- ⲅⲁⲣ -->
<feat xlink:href="#orig_645" value="ⲛⲓⲙ"/><!-- ⲛⲓⲙ -->
<feat xlink:href="#orig_646" value="ϩⲁ"/><!-- ϩⲁ -->
<feat xlink:href="#orig_647" value="ⲛⲉϥⲟⲩⲉⲣⲏ"/><!-- ⲛⲉϥⲟⲩⲉⲣⲏ -->
<feat xlink:href="#orig_648" value="ⲧⲉ"/><!-- ⲧⲉ -->
<feat xlink:href="#orig_649" value="."/><!-- . -->
<feat xlink:href="#orig_650" value="ϩⲟⲧⲁⲛ"/><!-- ϩⲟⲧⲁⲛ -->
<feat xlink:href="#orig_651" value="ⲇⲉ"/><!-- ⲇⲉ -->
<feat xlink:href="#orig_652" value="ⲉϥϣⲁⲛ"/><!-- ⲉϥϣⲁⲛ -->
<feat xlink:href="#orig_653" value="ϫⲟⲟ"/><!-- ϫⲟⲟ -->
<feat xlink:href="#orig_654" value="ⲥ"/><!-- ⲥ -->
<feat xlink:href="#orig_655" value="ϫⲉ"/><!-- ϫⲉ -->
<feat xlink:href="#orig_656" value="ⲛ"/><!-- ⲛ -->
<feat xlink:href="#orig_657" value="ⲕ"/><!-- ⲕ -->
<feat xlink:href="#orig_658" value="ⲁ"/><!-- ⲁ -->
<feat xlink:href="#orig_659" value="ⲛⲓⲙ"/><!-- ⲛⲓⲙ -->
<feat xlink:href="#orig_660" value="ⲁ"/><!-- ⲁ -->
<feat xlink:href="#orig_661" value="ⲩ"/><!-- ⲩ -->
<feat xlink:href="#orig_662" value="ϩⲩⲡⲟⲧⲁⲥⲥⲉ"/><!-- ϩⲩⲡⲟⲧⲁⲥⲥⲉ -->
<feat xlink:href="#orig_663" value="ⲛⲁ"/><!-- ⲛⲁ -->
<feat xlink:href="#orig_664" value="ϥ"/><!-- ϥ -->
<feat xlink:href="#orig_665" value="."/><!-- . -->
<feat xlink:href="#orig_666" value="ⲉⲓⲉ"/><!-- ⲉⲓⲉ -->
<feat xlink:href="#orig_667" value="ⲡ"/><!-- ⲡ -->
<feat xlink:href="#orig_668" value="ⲃⲟⲗ"/><!-- ⲃⲟⲗ -->
<feat xlink:href="#orig_669" value="ⲙⲡⲉⲛⲧⲁϥⲧⲣⲉ"/><!-- ⲙⲡⲉⲛⲧⲁϥⲧⲣⲉ -->
<feat xlink:href="#orig_670" value="ⲛ"/><!-- ⲛ -->
<feat xlink:href="#orig_671" value="ⲕ"/><!-- ⲕ -->
<feat xlink:href="#orig_672" value="ⲁ"/><!-- ⲁ -->
<feat xlink:href="#orig_673" value="ⲛⲓⲙ"/><!-- ⲛⲓⲙ -->
<feat xlink:href="#orig_674" value="ϩⲩⲡⲟⲧⲁⲥⲥⲉ"/><!-- ϩⲩⲡⲟⲧⲁⲥⲥⲉ -->
<feat xlink:href="#orig_675" value="ⲛⲁ"/><!-- ⲛⲁ -->
<feat xlink:href="#orig_676" value="ϥ"/><!-- ϥ -->
<feat xlink:href="#orig_677" value="."/><!-- . -->
<feat xlink:href="#orig_678" value="ϩⲟⲧⲁⲛ"/><!-- ϩⲟⲧⲁⲛ -->
<feat xlink:href="#orig_679" value="ⲇⲉ"/><!-- ⲇⲉ -->
<feat xlink:href="#orig_680" value="ⲉⲣϣⲁⲛ"/><!-- ⲉⲣϣⲁⲛ -->
<feat xlink:href="#orig_681" value="ⲛ"/><!-- ⲛ -->
<feat xlink:href="#orig_682" value="ⲕ"/><!-- ⲕ -->
<feat xlink:href="#orig_683" value="ⲁ"/><!-- ⲁ -->
<feat xlink:href="#orig_684" value="ⲛⲓⲙ"/><!-- ⲛⲓⲙ -->
<feat xlink:href="#orig_685" value="ϩⲩⲡⲟⲧⲁⲥⲥⲉ"/><!-- ϩⲩⲡⲟⲧⲁⲥⲥⲉ -->
<feat xlink:href="#orig_686" value="ⲛⲁ"/><!-- ⲛⲁ -->
<feat xlink:href="#orig_687" value="ϥ"/><!-- ϥ -->
<feat xlink:href="#orig_688" value="."/><!-- . -->
<feat xlink:href="#orig_689" value="ⲧⲟⲧⲉ"/><!-- ⲧⲟⲧⲉ -->
<feat xlink:href="#orig_690" value="ⲛⲧⲟϥ"/><!-- ⲛⲧⲟϥ -->
<feat xlink:href="#orig_691" value="ⲡ"/><!-- ⲡ -->
<feat xlink:href="#orig_692" value="ϣⲏⲣⲉ"/><!-- ϣⲏⲣⲉ -->
<feat xlink:href="#orig_693" value="ϥ"/><!-- ϥ -->
<feat xlink:href="#orig_694" value="ⲛⲁ"/><!-- ⲛⲁ -->
<feat xlink:href="#orig_695" value="ϩⲩⲡⲟⲧⲁⲥⲥⲉ"/><!-- ϩⲩⲡⲟⲧⲁⲥⲥⲉ -->
<feat xlink:href="#orig_696" value="ⲙⲡⲉⲛⲧⲁϥⲧⲣⲉ"/><!-- ⲙⲡⲉⲛⲧⲁϥⲧⲣⲉ -->
<feat xlink:href="#orig_697" value="ⲛ"/><!-- ⲛ -->
<feat xlink:href="#orig_698" value="ⲕ"/><!-- ⲕ -->
<feat xlink:href="#orig_699" value="ⲁ"/><!-- ⲁ -->
<feat xlink:href="#orig_700" value="ⲛⲓⲙ"/><!-- ⲛⲓⲙ -->
<feat xlink:href="#orig_701" value="ϩⲩⲡⲟⲧⲁⲥⲥⲉ"/><!-- ϩⲩⲡⲟⲧⲁⲥⲥⲉ -->
<feat xlink:href="#orig_702" value="ⲛⲁ"/><!-- ⲛⲁ -->
<feat xlink:href="#orig_703" value="ϥ"/><!-- ϥ -->
<feat xlink:href="#orig_704" value="."/><!-- . -->
<feat xlink:href="#orig_705" value="ϫⲉⲕⲁⲁⲥ"/><!-- ϫⲉⲕⲁⲁⲥ -->
<feat xlink:href="#orig_706" value="ⲉⲣⲉ"/><!-- ⲉⲣⲉ -->
<feat xlink:href="#orig_707" value="ⲡ"/><!-- ⲡ -->
<feat xlink:href="#orig_708" value="ⲛⲟⲩⲧⲉ"/><!-- ⲛⲟⲩⲧⲉ -->
<feat xlink:href="#orig_709" value="ϣⲱⲡⲉ"/><!-- ϣⲱⲡⲉ -->
<feat xlink:href="#orig_710" value="ⲉⲡⲧⲏⲣϥ"/><!-- ⲉⲡⲧⲏⲣϥ -->
<feat xlink:href="#orig_711" value="ⲡⲉ"/><!-- ⲡⲉ -->
<feat xlink:href="#orig_712" value="ⲉϥϩⲙ"/><!-- ⲉϥϩⲙ -->
<feat xlink:href="#orig_713" value="ⲡ"/><!-- ⲡ -->
<feat xlink:href="#orig_714" value="ⲧⲏⲣ"/><!-- ⲧⲏⲣ -->
<feat xlink:href="#orig_715" value="ϥ"/><!-- ϥ -->
<feat xlink:href="#orig_716" value="."/><!-- . -->
<feat xlink:href="#orig_717" value="ⲉⲙⲙⲟⲛ"/><!-- ⲉⲙⲙⲟⲛ -->
<feat xlink:href="#orig_718" value="ⲉ"/><!-- ⲉ -->
<feat xlink:href="#orig_719" value="ⲩ"/><!-- ⲩ -->
<feat xlink:href="#orig_720" value="ⲛⲁ"/><!-- ⲛⲁ -->
<feat xlink:href="#orig_721" value="ⲣⲟⲩ"/><!-- ⲣ...ⲟⲩ -->
<feat xlink:href="#orig_723" value="ⲛϭⲓ"/><!-- ⲛϭⲓ -->
<feat xlink:href="#orig_724" value="ⲛ"/><!-- ⲛ -->
<feat xlink:href="#orig_725" value="ⲉⲧ"/><!-- ⲉⲧ -->
<feat xlink:href="#orig_726" value="ⲃⲁⲡⲧⲓⲍⲉ"/><!-- ⲃⲁⲡⲧⲓⲍⲉ -->
<feat xlink:href="#orig_727" value="ϩⲁ"/><!-- ϩⲁ -->
<feat xlink:href="#orig_728" value="ⲛ"/><!-- ⲛ -->
<feat xlink:href="#orig_729" value="ⲉⲧ"/><!-- ⲉⲧ -->
<feat xlink:href="#orig_730" value="ⲙⲟⲟⲩⲧ"/><!-- ⲙⲟⲟⲩⲧ -->
<feat xlink:href="#orig_731" value="."/><!-- . -->
<feat xlink:href="#orig_732" value="ⲉϣϫⲉ"/><!-- ⲉϣϫⲉ -->
<feat xlink:href="#orig_733" value="ⲛ"/><!-- ⲛ -->
<feat xlink:href="#orig_734" value="ⲉⲧ"/><!-- ⲉⲧ -->
<feat xlink:href="#orig_735" value="ⲙⲟⲟⲩⲧ"/><!-- ⲙⲟⲟⲩⲧ -->
<feat xlink:href="#orig_736" value="ⲣⲱ"/><!-- ⲣⲱ -->
<feat xlink:href="#orig_737" value="ⲛⲁ"/><!-- ⲛⲁ -->
<feat xlink:href="#orig_738" value="ⲧⲱⲟⲩⲛ"/><!-- ⲧⲱⲟⲩⲛ -->
<feat xlink:href="#orig_739" value="ⲁⲛ"/><!-- ⲁⲛ -->
<feat xlink:href="#orig_740" value="ⲁϩⲣⲟ"/><!-- ⲁϩⲣⲟ -->
<feat xlink:href="#orig_741" value="ⲟⲩ"/><!-- ⲟⲩ -->
<feat xlink:href="#orig_742" value="ⲥⲉ"/><!-- ⲥⲉ -->
<feat xlink:href="#orig_743" value="ⲃⲁⲡⲧⲓⲍⲉ"/><!-- ⲃⲁⲡⲧⲓⲍⲉ -->
<feat xlink:href="#orig_744" value="ϩⲁⲣⲟ"/><!-- ϩⲁⲣⲟ -->
<feat xlink:href="#orig_745" value="ⲟⲩ"/><!-- ⲟⲩ -->
<feat xlink:href="#orig_746" value="."/><!-- . -->
<feat xlink:href="#orig_747" value="ⲁϩⲣⲟ"/><!-- ⲁϩⲣⲟ -->
<feat xlink:href="#orig_748" value="ⲛ"/><!-- ⲛ -->
<feat xlink:href="#orig_749" value="ϩⲱⲱ"/><!-- ϩⲱⲱ -->
<feat xlink:href="#orig_750" value="ⲛ"/><!-- ⲛ -->
<feat xlink:href="#orig_751" value="ⲧⲛ"/><!-- ⲧⲛ -->
<feat xlink:href="#orig_752" value="ⲕⲓⲛⲇⲩⲛⲉⲩⲉ"/><!-- ⲕⲓⲛⲇⲩⲛⲉⲩⲉ -->
<feat xlink:href="#orig_753" value="ⲛ"/><!-- ⲛ -->
<feat xlink:href="#orig_754" value="ⲛ"/><!-- ⲛ -->
<feat xlink:href="#orig_755" value="ⲁⲩ"/><!-- ⲁⲩ -->
<feat xlink:href="#orig_756" value="ⲛⲓⲙ"/><!-- ⲛⲓⲙ -->
<feat xlink:href="#orig_757" value="."/><!-- . -->
<feat xlink:href="#orig_758" value="ϯ"/><!-- ϯ -->
<feat xlink:href="#orig_759" value="ⲙⲟⲩ"/><!-- ⲙⲟⲩ -->
<feat xlink:href="#orig_760" value="ⲙⲙⲏⲛⲉ"/><!-- ⲙⲙⲏⲛⲉ -->
<feat xlink:href="#orig_761" value="ϣⲉⲡⲉⲧⲛϣⲟⲩϣⲟⲩ"/><!-- ϣⲉⲡⲉⲧⲛϣⲟⲩϣⲟⲩ -->
<feat xlink:href="#orig_762" value="ⲉⲧⲉⲩⲛⲧⲁⲉⲓϥ"/><!-- ⲉⲧⲉⲩⲛⲧⲁⲉⲓϥ -->
<feat xlink:href="#orig_763" value="ⲛⲁ"/><!-- ⲛⲁ -->
<feat xlink:href="#orig_764" value="ⲥⲛⲏⲩ"/><!-- ⲥⲛⲏⲩ -->
<feat xlink:href="#orig_765" value="ϩⲙ"/><!-- ϩⲙ -->
<feat xlink:href="#orig_766" value="ⲡⲉ"/><!-- ⲡⲉ -->
<feat xlink:href="#orig_767" value="ⲭⲣⲓⲥⲧⲟⲥ"/><!-- ⲭⲣⲓⲥⲧⲟⲥ -->
<feat xlink:href="#orig_768" value="ⲓⲏⲥⲟⲩⲥ"/><!-- ⲓⲏⲥⲟⲩⲥ -->
<feat xlink:href="#orig_769" value="ⲡ"/><!-- ⲡ -->
<feat xlink:href="#orig_770" value="ϫⲟⲉⲓⲥ"/><!-- ϫⲟⲉⲓⲥ -->
<feat xlink:href="#orig_771" value="."/><!-- . -->
<feat xlink:href="#orig_772" value="ⲉϣϫⲉ"/><!-- ⲉϣϫⲉ -->
<feat xlink:href="#orig_773" value="ⲕⲁⲧⲁ"/><!-- ⲕⲁⲧⲁ -->
<feat xlink:href="#orig_774" value="ⲣⲱⲙⲉ"/><!-- ⲣⲱⲙⲉ -->
<feat xlink:href="#orig_775" value="ⲛⲧ"/><!-- ⲛⲧ -->
<feat xlink:href="#orig_776" value="ⲁ"/><!-- ⲁ -->
<feat xlink:href="#orig_777" value="ⲓ"/><!-- ⲓ -->
<feat xlink:href="#orig_778" value="ⲙⲓϣⲉ"/><!-- ⲙⲓϣⲉ -->
<feat xlink:href="#orig_779" value="ⲙⲛ"/><!-- ⲙⲛ -->
<feat xlink:href="#orig_780" value="ⲛⲉ"/><!-- ⲛⲉ -->
<feat xlink:href="#orig_781" value="ⲑⲏⲣⲓⲟⲛ"/><!-- ⲑⲏⲣⲓⲟⲛ -->
<feat xlink:href="#orig_782" value="ϩⲛ"/><!-- ϩⲛ -->
<feat xlink:href="#orig_783" value="ⲉⲫⲉⲥⲟⲥ"/><!-- ⲉⲫⲉⲥⲟⲥ -->
<feat xlink:href="#orig_784" value="ⲟⲩ"/><!-- ⲟⲩ -->
<feat xlink:href="#orig_785" value="ⲡⲉ"/><!-- ⲡⲉ -->
<feat xlink:href="#orig_786" value="ⲡ"/><!-- ⲡ -->
<feat xlink:href="#orig_787" value="ⲁϩⲏⲩ"/><!-- ⲁϩⲏⲩ -->
<feat xlink:href="#orig_788" value="."/><!-- . -->
<feat xlink:href="#orig_789" value="ⲉϣϫⲉ"/><!-- ⲉϣϫⲉ -->
<feat xlink:href="#orig_790" value="ⲛ"/><!-- ⲛ -->
<feat xlink:href="#orig_791" value="ⲉⲧ"/><!-- ⲉⲧ -->
<feat xlink:href="#orig_792" value="ⲙⲟⲟⲩⲧ"/><!-- ⲙⲟⲟⲩⲧ -->
<feat xlink:href="#orig_793" value="ⲛⲁ"/><!-- ⲛⲁ -->
<feat xlink:href="#orig_794" value="ⲧⲱⲟⲩⲛ"/><!-- ⲧⲱⲟⲩⲛ -->
<feat xlink:href="#orig_795" value="ⲁⲛ"/><!-- ⲁⲛ -->
<feat xlink:href="#orig_796" value="ⲙⲁⲣⲛⲟⲩⲱⲙ"/><!-- ⲙⲁⲣⲛ...ⲟⲩⲱⲙ -->
<feat xlink:href="#orig_798" value="ⲛ"/><!-- ⲛ -->
<feat xlink:href="#orig_799" value="ⲧⲛ"/><!-- ⲧⲛ -->
<feat xlink:href="#orig_800" value="ⲥⲱ"/><!-- ⲥⲱ -->
<feat xlink:href="#orig_801" value="."/><!-- . -->
<feat xlink:href="#orig_802" value="ϫⲉ"/><!-- ϫⲉ -->
<feat xlink:href="#orig_803" value="ⲧⲛ"/><!-- ⲧⲛ -->
<feat xlink:href="#orig_804" value="ⲛⲁ"/><!-- ⲛⲁ -->
<feat xlink:href="#orig_805" value="ⲙⲟⲩ"/><!-- ⲙⲟⲩ -->
<feat xlink:href="#orig_806" value="ⲅⲁⲣ"/><!-- ⲅⲁⲣ -->
<feat xlink:href="#orig_807" value="ⲛ"/><!-- ⲛ -->
<feat xlink:href="#orig_808" value="ⲣⲁⲥⲧⲉ"/><!-- ⲣⲁⲥⲧⲉ -->
<feat xlink:href="#orig_809" value="."/><!-- . -->
<feat xlink:href="#orig_810" value="ⲙⲡⲣ"/><!-- ⲙⲡⲣ -->
<feat xlink:href="#orig_811" value="ⲡⲗⲁⲛⲁ"/><!-- ⲡⲗⲁⲛⲁ -->
<feat xlink:href="#orig_812" value="."/><!-- . -->
<feat xlink:href="#orig_813" value="ϣⲁⲣⲉ"/><!-- ϣⲁⲣⲉ -->
<feat xlink:href="#orig_814" value="ⲛ"/><!-- ⲛ -->
<feat xlink:href="#orig_815" value="ⲓ"/><!-- ⲓ -->
<feat xlink:href="#orig_816" value="ϣⲁϫⲉ"/><!-- ϣⲁϫⲉ -->
<feat xlink:href="#orig_817" value="ⲉⲧ"/><!-- ⲉⲧ -->
<feat xlink:href="#orig_818" value="ϩⲟⲟⲩ"/><!-- ϩⲟⲟⲩ -->
<feat xlink:href="#orig_819" value="ⲧⲁ"/><!-- ⲧⲁ -->
<feat xlink:href="#orig_820" value="ⲕⲉ"/><!-- ⲕⲉ -->
<feat xlink:href="#orig_821" value="ⲛⲓ"/><!-- ⲛⲓ -->
<feat xlink:href="#orig_822" value="ϩⲏⲧ"/><!-- ϩⲏⲧ -->
<feat xlink:href="#orig_823" value="ⲉⲧ"/><!-- ⲉⲧ -->
<feat xlink:href="#orig_824" value="ⲛⲁⲛⲟⲩ"/><!-- ⲛⲁⲛⲟⲩ -->
<feat xlink:href="#orig_825" value="ⲟⲩ"/><!-- ⲟⲩ -->
<feat xlink:href="#orig_826" value="."/><!-- . -->
<feat xlink:href="#orig_827" value="ⲛⲏⲡϩⲉ"/><!-- ⲛⲏⲡϩⲉ -->
<feat xlink:href="#orig_828" value="ⲇⲓⲕⲁⲓⲱⲥ"/><!-- ⲇⲓⲕⲁⲓⲱⲥ -->
<feat xlink:href="#orig_829" value="ⲁⲩⲱ"/><!-- ⲁⲩⲱ -->
<feat xlink:href="#orig_830" value="ⲙⲡⲣ"/><!-- ⲙⲡⲣ -->
<feat xlink:href="#orig_831" value="ⲣⲛⲟⲃⲉ"/><!-- ⲣ...ⲛⲟⲃⲉ -->
<feat xlink:href="#orig_833" value="."/><!-- . -->
<feat xlink:href="#orig_834" value="ⲟⲩⲛ"/><!-- ⲟⲩⲛ -->
<feat xlink:href="#orig_835" value="ϩⲟⲓⲛⲉ"/><!-- ϩⲟⲓⲛⲉ -->
<feat xlink:href="#orig_836" value="ⲅⲁⲣ"/><!-- ⲅⲁⲣ -->
<feat xlink:href="#orig_837" value="ⲟⲛⲁⲧⲥⲟⲟⲩⲛ"/><!-- ⲟⲛⲁⲧⲥⲟⲟⲩⲛ -->
<feat xlink:href="#orig_838" value="ⲙ"/><!-- ⲙ -->
<feat xlink:href="#orig_839" value="ⲡ"/><!-- ⲡ -->
<feat xlink:href="#orig_840" value="ⲛⲟⲩⲧⲉ"/><!-- ⲛⲟⲩⲧⲉ -->
<feat xlink:href="#orig_841" value="."/><!-- . -->
<feat xlink:href="#orig_842" value="ⲉ"/><!-- ⲉ -->
<feat xlink:href="#orig_843" value="ⲓ"/><!-- ⲓ -->
<feat xlink:href="#orig_844" value="ϫⲱ"/><!-- ϫⲱ -->
<feat xlink:href="#orig_845" value="ⲛ"/><!-- ⲛ -->
<feat xlink:href="#orig_846" value="ⲛⲁⲓ"/><!-- ⲛⲁⲓ -->
<feat xlink:href="#orig_847" value="ⲉ"/><!-- ⲉ -->
<feat xlink:href="#orig_848" value="ⲓ"/><!-- ⲓ -->
<feat xlink:href="#orig_849" value="ϯϣⲓⲡⲉ"/><!-- ϯ...ϣⲓⲡⲉ -->
<feat xlink:href="#orig_851" value="ⲛⲏ"/><!-- ⲛⲏ -->
<feat xlink:href="#orig_852" value="ⲧⲛ"/><!-- ⲧⲛ -->
<feat xlink:href="#orig_853" value="."/><!-- . -->
<feat xlink:href="#orig_854" value="ⲁⲗⲗⲁ"/><!-- ⲁⲗⲗⲁ -->
<feat xlink:href="#orig_855" value="ⲟⲩⲛ"/><!-- ⲟⲩⲛ -->
<feat xlink:href="#orig_856" value="ⲟⲩⲁ"/><!-- ⲟⲩⲁ -->
<feat xlink:href="#orig_857" value="ⲛⲁ"/><!-- ⲛⲁ -->
<feat xlink:href="#orig_858" value="ϫⲟⲟ"/><!-- ϫⲟⲟ -->
<feat xlink:href="#orig_859" value="ⲥ"/><!-- ⲥ -->
<feat xlink:href="#orig_860" value="ϫⲉ"/><!-- ϫⲉ -->
<feat xlink:href="#orig_861" value="ⲉⲣⲉ"/><!-- ⲉⲣⲉ -->
<feat xlink:href="#orig_862" value="ⲛ"/><!-- ⲛ -->
<feat xlink:href="#orig_863" value="ⲉⲧ"/><!-- ⲉⲧ -->
<feat xlink:href="#orig_864" value="ⲙⲟⲟⲩⲧ"/><!-- ⲙⲟⲟⲩⲧ -->
<feat xlink:href="#orig_865" value="ⲛⲁ"/><!-- ⲛⲁ -->
<feat xlink:href="#orig_866" value="ⲧⲱⲟⲩⲛ"/><!-- ⲧⲱⲟⲩⲛ -->
<feat xlink:href="#orig_867" value="ⲛ"/><!-- ⲛ -->
<feat xlink:href="#orig_868" value="ⲁϣ"/><!-- ⲁϣ -->
<feat xlink:href="#orig_869" value="ⲛ"/><!-- ⲛ -->
<feat xlink:href="#orig_870" value="ϩⲉ"/><!-- ϩⲉ -->
<feat xlink:href="#orig_871" value="."/><!-- . -->
<feat xlink:href="#orig_872" value="ⲉ"/><!-- ⲉ -->
<feat xlink:href="#orig_873" value="ⲩ"/><!-- ⲩ -->
<feat xlink:href="#orig_874" value="ⲛⲏⲩ"/><!-- ⲛⲏⲩ -->
<feat xlink:href="#orig_875" value="ⲇⲉ"/><!-- ⲇⲉ -->
<feat xlink:href="#orig_876" value="ϩⲛ"/><!-- ϩⲛ -->
<feat xlink:href="#orig_877" value="ⲁϣ"/><!-- ⲁϣ -->
<feat xlink:href="#orig_878" value="ⲛ"/><!-- ⲛ -->
<feat xlink:href="#orig_879" value="ⲥⲱⲙⲁ"/><!-- ⲥⲱⲙⲁ -->
<feat xlink:href="#orig_880" value="."/><!-- . -->
<feat xlink:href="#orig_881" value="ⲡ"/><!-- ⲡ -->
<feat xlink:href="#orig_882" value="ⲁⲑⲏⲧ"/><!-- ⲁⲑⲏⲧ -->
<feat xlink:href="#orig_883" value="ⲛⲧⲟⲕ"/><!-- ⲛⲧⲟⲕ -->
<feat xlink:href="#orig_884" value="ⲡⲉϣⲁϥϫⲟϥ"/><!-- ⲡⲉϣⲁϥϫⲟϥ -->
<feat xlink:href="#orig_885" value="ⲙⲉ"/><!-- ⲙⲉ -->
<feat xlink:href="#orig_886" value="ϥ"/><!-- ϥ -->
<feat xlink:href="#orig_887" value="ⲱⲛϩ"/><!-- ⲱⲛϩ -->
<feat xlink:href="#orig_888" value="."/><!-- . -->
<feat xlink:href="#orig_889" value="ⲉⲓ"/><!-- ⲉⲓ -->
<feat xlink:href="#orig_890" value="ⲙⲏⲧⲓ"/><!-- ⲙⲏⲧⲓ -->
<feat xlink:href="#orig_891" value="ⲛ"/><!-- ⲛ -->
<feat xlink:href="#orig_892" value="ϥ"/><!-- ϥ -->
<feat xlink:href="#orig_893" value="ⲙⲟⲩ"/><!-- ⲙⲟⲩ -->
<feat xlink:href="#orig_894" value="."/><!-- . -->
<feat xlink:href="#orig_895" value="ⲁⲩⲱ"/><!-- ⲁⲩⲱ -->
<feat xlink:href="#orig_896" value="ⲙ"/><!-- ⲙ -->
<feat xlink:href="#orig_897" value="ⲡ"/><!-- ⲡ -->
<feat xlink:href="#orig_898" value="ⲥⲱⲙⲁ"/><!-- ⲥⲱⲙⲁ -->
<feat xlink:href="#orig_899" value="ⲁⲛ"/><!-- ⲁⲛ -->
<feat xlink:href="#orig_900" value="ⲉⲧ"/><!-- ⲉⲧ -->
<feat xlink:href="#orig_901" value="ⲛⲁ"/><!-- ⲛⲁ -->
<feat xlink:href="#orig_902" value="ϣⲱⲡⲉ"/><!-- ϣⲱⲡⲉ -->
<feat xlink:href="#orig_903" value="ⲡⲉϣⲁⲕϫⲟϥ"/><!-- ⲡⲉϣⲁⲕϫⲟϥ -->
<feat xlink:href="#orig_904" value="."/><!-- . -->
<feat xlink:href="#orig_905" value="ⲁⲗⲗⲁ"/><!-- ⲁⲗⲗⲁ -->
<feat xlink:href="#orig_906" value="ⲟⲩ"/><!-- ⲟⲩ -->
<feat xlink:href="#orig_907" value="ⲃⲗⲃⲓⲗⲉ"/><!-- ⲃⲗⲃⲓⲗⲉ -->
<feat xlink:href="#orig_908" value="ⲧⲉ"/><!-- ⲧⲉ -->
<feat xlink:href="#orig_909" value="ⲉ"/><!-- ⲉ -->
<feat xlink:href="#orig_910" value="ⲥ"/><!-- ⲥ -->
<feat xlink:href="#orig_911" value="ⲕⲏⲕⲁϩⲏⲩ"/><!-- ⲕⲏⲕ...ⲁϩⲏⲩ -->
<feat xlink:href="#orig_913" value="ⲛ"/><!-- ⲛ -->
<feat xlink:href="#orig_914" value="ⲥⲟⲩⲟ"/><!-- ⲥⲟⲩⲟ -->
<feat xlink:href="#orig_915" value="."/><!-- . -->
<feat xlink:href="#orig_916" value="ⲏⲙⲡⲕⲉⲥⲉⲉⲡⲉ"/><!-- ⲏⲙⲡⲕⲉⲥⲉⲉⲡⲉ -->
<feat xlink:href="#orig_917" value="ⲛ"/><!-- ⲛ -->
<feat xlink:href="#orig_918" value="ϭⲣⲟϭ"/><!-- ϭⲣⲟϭ -->
<feat xlink:href="#orig_919" value="."/><!-- . -->
<feat xlink:href="#orig_920" value="ϣⲁⲣⲉ"/><!-- ϣⲁⲣⲉ -->
<feat xlink:href="#orig_921" value="ⲡ"/><!-- ⲡ -->
<feat xlink:href="#orig_922" value="ⲛⲟⲩⲧⲉ"/><!-- ⲛⲟⲩⲧⲉ -->
<feat xlink:href="#orig_923" value="ⲇⲉ"/><!-- ⲇⲉ -->
<feat xlink:href="#orig_924" value="ϯⲛⲁϥ"/><!-- ϯⲛⲁϥ -->
<feat xlink:href="#orig_925" value="ⲛ"/><!-- ⲛ -->
<feat xlink:href="#orig_926" value="ⲟⲩ"/><!-- ⲟⲩ -->
<feat xlink:href="#orig_927" value="ⲥⲱⲙⲁ"/><!-- ⲥⲱⲙⲁ -->
<feat xlink:href="#orig_928" value="ⲕⲁⲧⲁ"/><!-- ⲕⲁⲧⲁ -->
<feat xlink:href="#orig_929" value="ⲧ"/><!-- ⲧ -->
<feat xlink:href="#orig_930" value="ϩⲉ"/><!-- ϩⲉ -->
<feat xlink:href="#orig_931" value="ⲉⲧϥⲟⲩⲁϣⲥ"/><!-- ⲉⲧϥⲟⲩⲁϣⲥ -->
<feat xlink:href="#orig_932" value="."/><!-- . -->
<feat xlink:href="#orig_933" value="ⲁⲩⲱ"/><!-- ⲁⲩⲱ -->
<feat xlink:href="#orig_934" value="ⲟⲩ"/><!-- ⲟⲩ -->
<feat xlink:href="#orig_935" value="ⲥⲱⲙⲁ"/><!-- ⲥⲱⲙⲁ -->
<feat xlink:href="#orig_936" value="ⲙ"/><!-- ⲙ -->
<feat xlink:href="#orig_937" value="ⲡ"/><!-- ⲡ -->
<feat xlink:href="#orig_938" value="ⲟⲩⲁ"/><!-- ⲟⲩⲁ -->
<feat xlink:href="#orig_939" value="ⲡ"/><!-- ⲡ -->
<feat xlink:href="#orig_940" value="ⲟⲩⲁ"/><!-- ⲟⲩⲁ -->
<feat xlink:href="#orig_941" value="ⲛⲛⲉϭⲣⲱⲱϭ"/><!-- ⲛⲛⲉϭⲣⲱⲱϭ -->
<feat xlink:href="#orig_942" value="ⲕⲁⲧⲁⲣⲟ"/><!-- ⲕⲁⲧⲁⲣⲟ -->
<feat xlink:href="#orig_943" value="ϥ"/><!-- ϥ -->
<feat xlink:href="#orig_944" value="."/><!-- . -->
<feat xlink:href="#orig_945" value="ⲛ"/><!-- ⲛ -->
<feat xlink:href="#orig_946" value="ⲟⲩ"/><!-- ⲟⲩ -->
<feat xlink:href="#orig_947" value="ⲥⲁⲣⲝ"/><!-- ⲥⲁⲣⲝ -->
<feat xlink:href="#orig_948" value="ⲛ"/><!-- ⲛ -->
<feat xlink:href="#orig_949" value="ⲟⲩⲱⲧ"/><!-- ⲟⲩⲱⲧ -->
<feat xlink:href="#orig_950" value="ⲁⲛ"/><!-- ⲁⲛ -->
<feat xlink:href="#orig_951" value="ⲧⲉ"/><!-- ⲧⲉ -->
<feat xlink:href="#orig_952" value="ⲥⲁⲣⲝ"/><!-- ⲥⲁⲣⲝ -->
<feat xlink:href="#orig_953" value="ⲛⲓⲙ"/><!-- ⲛⲓⲙ -->
<feat xlink:href="#orig_954" value="ⲁⲗⲗⲁ"/><!-- ⲁⲗⲗⲁ -->
<feat xlink:href="#orig_955" value="ⲟⲩⲉⲧ"/><!-- ⲟⲩⲉⲧ -->
<feat xlink:href="#orig_956" value="ⲧⲁ"/><!-- ⲧⲁ -->
<feat xlink:href="#orig_957" value="ⲛ"/><!-- ⲛ -->
<feat xlink:href="#orig_958" value="ⲣⲱⲙⲉ"/><!-- ⲣⲱⲙⲉ -->
<feat xlink:href="#orig_959" value="ⲁⲩⲱ"/><!-- ⲁⲩⲱ -->
<feat xlink:href="#orig_960" value="ⲟⲩⲉⲧ"/><!-- ⲟⲩⲉⲧ -->
<feat xlink:href="#orig_961" value="ⲧ"/><!-- ⲧ -->
<feat xlink:href="#orig_962" value="ⲥⲁⲣⲝ"/><!-- ⲥⲁⲣⲝ -->
<feat xlink:href="#orig_963" value="ⲛ"/><!-- ⲛ -->
<feat xlink:href="#orig_964" value="ⲛ"/><!-- ⲛ -->
<feat xlink:href="#orig_965" value="ⲧⲃⲛⲏ"/><!-- ⲧⲃⲛⲏ -->
<feat xlink:href="#orig_966" value="ⲁⲩⲱ"/><!-- ⲁⲩⲱ -->
<feat xlink:href="#orig_967" value="ⲟⲩⲉⲧ"/><!-- ⲟⲩⲉⲧ -->
<feat xlink:href="#orig_968" value="ⲧ"/><!-- ⲧ -->
<feat xlink:href="#orig_969" value="ⲥⲁⲣⲝ"/><!-- ⲥⲁⲣⲝ -->
<feat xlink:href="#orig_970" value="ⲛ"/><!-- ⲛ -->
<feat xlink:href="#orig_971" value="ⲛ"/><!-- ⲛ -->
<feat xlink:href="#orig_972" value="ϩⲁⲗⲏⲧ"/><!-- ϩⲁⲗⲏⲧ -->
<feat xlink:href="#orig_973" value="ⲁⲩⲱ"/><!-- ⲁⲩⲱ -->
<feat xlink:href="#orig_974" value="ⲟⲩⲉⲧ"/><!-- ⲟⲩⲉⲧ -->
<feat xlink:href="#orig_975" value="ⲧⲁ"/><!-- ⲧⲁ -->
<feat xlink:href="#orig_976" value="ⲛ"/><!-- ⲛ -->
<feat xlink:href="#orig_977" value="ⲧⲃⲧ"/><!-- ⲧⲃⲧ -->
<feat xlink:href="#orig_978" value="."/><!-- . -->
<feat xlink:href="#orig_979" value="ⲙⲛ"/><!-- ⲙⲛ -->
<feat xlink:href="#orig_980" value="ⲛ"/><!-- ⲛ -->
<feat xlink:href="#orig_981" value="ⲥⲱⲙⲁ"/><!-- ⲥⲱⲙⲁ -->
<feat xlink:href="#orig_982" value="ⲉⲧ"/><!-- ⲉⲧ -->
<feat xlink:href="#orig_983" value="ϩⲛ"/><!-- ϩⲛ -->
<feat xlink:href="#orig_984" value="ⲧ"/><!-- ⲧ -->
<feat xlink:href="#orig_985" value="ⲡⲉ"/><!-- ⲡⲉ -->
<feat xlink:href="#orig_986" value="ⲙⲛ"/><!-- ⲙⲛ -->
<feat xlink:href="#orig_987" value="ⲛ"/><!-- ⲛ -->
<feat xlink:href="#orig_988" value="ⲥⲱⲙⲁ"/><!-- ⲥⲱⲙⲁ -->
<feat xlink:href="#orig_989" value="ⲉ"/><!-- ⲉ -->
<feat xlink:href="#orig_990" value="ⲧ"/><!-- ⲧ -->
<feat xlink:href="#orig_991" value="ϩⲙ"/><!-- ϩⲙ -->
<feat xlink:href="#orig_992" value="ⲡ"/><!-- ⲡ -->
<feat xlink:href="#orig_993" value="ⲕⲁϩ"/><!-- ⲕⲁϩ -->
<feat xlink:href="#orig_994" value="ⲁⲗⲗⲁ"/><!-- ⲁⲗⲗⲁ -->
<feat xlink:href="#orig_995" value="ⲟⲩⲉⲧ"/><!-- ⲟⲩⲉⲧ -->
<feat xlink:href="#orig_996" value="ⲡ"/><!-- ⲡ -->
<feat xlink:href="#orig_997" value="ⲉⲟⲟⲩ"/><!-- ⲉⲟⲟⲩ -->
<feat xlink:href="#orig_998" value="ⲙⲉⲛ"/><!-- ⲙⲉⲛ -->
<feat xlink:href="#orig_999" value="ⲛⲛⲉⲧϩⲛ"/><!-- ⲛⲛⲉⲧϩⲛ -->
<feat xlink:href="#orig_1000" value="ⲧ"/><!-- ⲧ -->
<feat xlink:href="#orig_1001" value="ⲡⲉ"/><!-- ⲡⲉ -->
<feat xlink:href="#orig_1002" value="ⲟⲩⲉⲧ"/><!-- ⲟⲩⲉⲧ -->
<feat xlink:href="#orig_1003" value="ⲡ"/><!-- ⲡ -->
<feat xlink:href="#orig_1004" value="ⲉⲟⲟⲩ"/><!-- ⲉⲟⲟⲩ -->
<feat xlink:href="#orig_1005" value="ⲇⲉ"/><!-- ⲇⲉ -->
<feat xlink:href="#orig_1006" value="ⲛⲛⲉ"/><!-- ⲛⲛⲉ -->
<feat xlink:href="#orig_1007" value="ⲧ"/><!-- ⲧ -->
<feat xlink:href="#orig_1008" value="ϩⲙ"/><!-- ϩⲙ -->
<feat xlink:href="#orig_1009" value="ⲡ"/><!-- ⲡ -->
<feat xlink:href="#orig_1010" value="ⲕⲁϩ"/><!-- ⲕⲁϩ -->
<feat xlink:href="#orig_1011" value="."/><!-- . -->
<feat xlink:href="#orig_1012" value="ⲟⲩⲉⲧ"/><!-- ⲟⲩⲉⲧ -->
<feat xlink:href="#orig_1013" value="ⲡ"/><!-- ⲡ -->
<feat xlink:href="#orig_1014" value="ⲉⲟⲟⲩ"/><!-- ⲉⲟⲟⲩ -->
<feat xlink:href="#orig_1015" value="ⲙ"/><!-- ⲙ -->
<feat xlink:href="#orig_1016" value="ⲡ"/><!-- ⲡ -->
<feat xlink:href="#orig_1017" value="ⲣⲏ"/><!-- ⲣⲏ -->
<feat xlink:href="#orig_1018" value="ⲟⲩⲉⲧ"/><!-- ⲟⲩⲉⲧ -->
<feat xlink:href="#orig_1019" value="ⲡ"/><!-- ⲡ -->
<feat xlink:href="#orig_1020" value="ⲉⲟⲟⲩ"/><!-- ⲉⲟⲟⲩ -->
<feat xlink:href="#orig_1021" value="ⲙ"/><!-- ⲙ -->
<feat xlink:href="#orig_1022" value="ⲡ"/><!-- ⲡ -->
<feat xlink:href="#orig_1023" value="ⲟⲟϩ"/><!-- ⲟⲟϩ -->
<feat xlink:href="#orig_1024" value="ⲟⲩⲉⲧ"/><!-- ⲟⲩⲉⲧ -->
<feat xlink:href="#orig_1025" value="ⲡ"/><!-- ⲡ -->
<feat xlink:href="#orig_1026" value="ⲉⲟⲟⲩ"/><!-- ⲉⲟⲟⲩ -->
<feat xlink:href="#orig_1027" value="ⲛ"/><!-- ⲛ -->
<feat xlink:href="#orig_1028" value="ⲛ"/><!-- ⲛ -->
<feat xlink:href="#orig_1029" value="ⲥⲓⲟⲩ"/><!-- ⲥⲓⲟⲩ -->
<feat xlink:href="#orig_1030" value="ⲟⲩⲛ"/><!-- ⲟⲩⲛ -->
<feat xlink:href="#orig_1031" value="ⲥⲓ"/><!-- ⲥⲓ -->
<feat xlink:href="#orig_1032" value="ⲟⲩ"/><!-- ⲟⲩ -->
<feat xlink:href="#orig_1033" value="ⲅⲁⲣ"/><!-- ⲅⲁⲣ -->
<feat xlink:href="#orig_1034" value="ϣⲟⲃⲉ"/><!-- ϣⲟⲃⲉ -->
<feat xlink:href="#orig_1035" value="ⲉ"/><!-- ⲉ -->
<feat xlink:href="#orig_1036" value="ⲥⲓ"/><!-- ⲥⲓ -->
<feat xlink:href="#orig_1037" value="ⲟⲩ"/><!-- ⲟⲩ -->
<feat xlink:href="#orig_1038" value="ϩⲙ"/><!-- ϩⲙ -->
<feat xlink:href="#orig_1039" value="ⲡ"/><!-- ⲡ -->
<feat xlink:href="#orig_1040" value="ⲉⲟⲟⲩ"/><!-- ⲉⲟⲟⲩ -->
<feat xlink:href="#orig_1041" value="."/><!-- . -->
<feat xlink:href="#orig_1042" value="ⲧⲁⲓ"/><!-- ⲧⲁⲓ -->
<feat xlink:href="#orig_1043" value="ⲧⲉ"/><!-- ⲧⲉ -->
<feat xlink:href="#orig_1044" value="ⲧ"/><!-- ⲧ -->
<feat xlink:href="#orig_1045" value="ϩⲉ"/><!-- ϩⲉ -->
<feat xlink:href="#orig_1046" value="ⲙⲡⲕⲉⲧⲱⲟⲩⲛ"/><!-- ⲙⲡⲕⲉⲧⲱⲟⲩⲛ -->
<feat xlink:href="#orig_1047" value="ⲛ"/><!-- ⲛ -->
<feat xlink:href="#orig_1048" value="ⲛ"/><!-- ⲛ -->
<feat xlink:href="#orig_1049" value="ⲉⲧ"/><!-- ⲉⲧ -->
<feat xlink:href="#orig_1050" value="ⲙⲟⲟⲩⲧ"/><!-- ⲙⲟⲟⲩⲧ -->
<feat xlink:href="#orig_1051" value="."/><!-- . -->
<feat xlink:href="#orig_1052" value="ⲥⲉ"/><!-- ⲥⲉ -->
<feat xlink:href="#orig_1053" value="ⲛⲁ"/><!-- ⲛⲁ -->
<feat xlink:href="#orig_1054" value="ϫⲟ"/><!-- ϫⲟ -->
<feat xlink:href="#orig_1055" value="ϥ"/><!-- ϥ -->
<feat xlink:href="#orig_1056" value="ϩⲛ"/><!-- ϩⲛ -->
<feat xlink:href="#orig_1057" value="ⲟⲩ"/><!-- ⲟⲩ -->
<feat xlink:href="#orig_1058" value="ⲧⲁⲕⲟ"/><!-- ⲧⲁⲕⲟ -->
<feat xlink:href="#orig_1059" value="ⲛ"/><!-- ⲛ -->
<feat xlink:href="#orig_1060" value="ϥ"/><!-- ϥ -->
<feat xlink:href="#orig_1061" value="ⲧⲱⲟⲩⲛ"/><!-- ⲧⲱⲟⲩⲛ -->
<feat xlink:href="#orig_1062" value="ϩⲛ"/><!-- ϩⲛ -->
<feat xlink:href="#orig_1063" value="ⲟⲩ"/><!-- ⲟⲩ -->
<feat xlink:href="#orig_1064" value="ⲙⲛⲧⲁⲧⲧⲁⲕⲟ"/><!-- ⲙⲛⲧ...ⲧⲁⲕⲟ -->
<feat xlink:href="#orig_1067" value="."/><!-- . -->
<feat xlink:href="#orig_1068" value="ⲥⲉ"/><!-- ⲥⲉ -->
<feat xlink:href="#orig_1069" value="ⲛⲁ"/><!-- ⲛⲁ -->
<feat xlink:href="#orig_1070" value="ϫⲟ"/><!-- ϫⲟ -->
<feat xlink:href="#orig_1071" value="ϥ"/><!-- ϥ -->
<feat xlink:href="#orig_1072" value="ϩⲛ"/><!-- ϩⲛ -->
<feat xlink:href="#orig_1073" value="ⲟⲩ"/><!-- ⲟⲩ -->
<feat xlink:href="#orig_1074" value="ⲥⲱϣ"/><!-- ⲥⲱϣ -->
<feat xlink:href="#orig_1075" value="ⲛ"/><!-- ⲛ -->
<feat xlink:href="#orig_1076" value="ϥ"/><!-- ϥ -->
<feat xlink:href="#orig_1077" value="ⲧⲱⲟⲩⲛ"/><!-- ⲧⲱⲟⲩⲛ -->
<feat xlink:href="#orig_1078" value="ϩⲛ"/><!-- ϩⲛ -->
<feat xlink:href="#orig_1079" value="ⲟⲩ"/><!-- ⲟⲩ -->
<feat xlink:href="#orig_1080" value="ⲉⲟⲟⲩ"/><!-- ⲉⲟⲟⲩ -->
<feat xlink:href="#orig_1081" value="."/><!-- . -->
<feat xlink:href="#orig_1082" value="ⲥⲉ"/><!-- ⲥⲉ -->
<feat xlink:href="#orig_1083" value="ⲛⲁ"/><!-- ⲛⲁ -->
<feat xlink:href="#orig_1084" value="ϫⲟ"/><!-- ϫⲟ -->
<feat xlink:href="#orig_1085" value="ϥ"/><!-- ϥ -->
<feat xlink:href="#orig_1086" value="ϩⲛ"/><!-- ϩⲛ -->
<feat xlink:href="#orig_1087" value="ⲟⲩ"/><!-- ⲟⲩ -->
<feat xlink:href="#orig_1088" value="ⲙⲛⲧϭⲱⲃ"/><!-- ⲙⲛⲧ...ϭⲱⲃ -->
<feat xlink:href="#orig_1090" value="ⲛ"/><!-- ⲛ -->
<feat xlink:href="#orig_1091" value="ϥ"/><!-- ϥ -->
<feat xlink:href="#orig_1092" value="ⲧⲱⲟⲩⲛ"/><!-- ⲧⲱⲟⲩⲛ -->
<feat xlink:href="#orig_1093" value="ϩⲛ"/><!-- ϩⲛ -->
<feat xlink:href="#orig_1094" value="ⲟⲩ"/><!-- ⲟⲩ -->
<feat xlink:href="#orig_1095" value="ϭⲟⲙ"/><!-- ϭⲟⲙ -->
<feat xlink:href="#orig_1096" value="."/><!-- . -->
<feat xlink:href="#orig_1097" value="ⲥⲉ"/><!-- ⲥⲉ -->
<feat xlink:href="#orig_1098" value="ⲛⲁ"/><!-- ⲛⲁ -->
<feat xlink:href="#orig_1099" value="ϫⲟ"/><!-- ϫⲟ -->
<feat xlink:href="#orig_1100" value="ϥ"/><!-- ϥ -->
<feat xlink:href="#orig_1101" value="ⲛ"/><!-- ⲛ -->
<feat xlink:href="#orig_1102" value="ⲥⲱⲙⲁ"/><!-- ⲥⲱⲙⲁ -->
<feat xlink:href="#orig_1103" value="ⲙ"/><!-- ⲙ -->
<feat xlink:href="#orig_1104" value="ⲯⲩⲭⲓⲕⲟⲛ"/><!-- ⲯⲩⲭⲓⲕⲟⲛ -->
<feat xlink:href="#orig_1105" value="ⲛ"/><!-- ⲛ -->
<feat xlink:href="#orig_1106" value="ϥ"/><!-- ϥ -->
<feat xlink:href="#orig_1107" value="ⲧⲱⲟⲩⲛ"/><!-- ⲧⲱⲟⲩⲛ -->
<feat xlink:href="#orig_1108" value="ⲛ"/><!-- ⲛ -->
<feat xlink:href="#orig_1109" value="ⲥⲱⲙⲁ"/><!-- ⲥⲱⲙⲁ -->
<feat xlink:href="#orig_1110" value="ⲙ"/><!-- ⲙ -->
<feat xlink:href="#orig_1111" value="ⲡⲛⲉⲩⲙⲁⲧⲓⲕⲟⲛ"/><!-- ⲡⲛⲉⲩⲙⲁⲧⲓⲕⲟⲛ -->
<feat xlink:href="#orig_1112" value="ⲉϣϫⲉ"/><!-- ⲉϣϫⲉ -->
<feat xlink:href="#orig_1113" value="ⲟⲩⲛ"/><!-- ⲟⲩⲛ -->
<feat xlink:href="#orig_1114" value="ⲥⲱⲙⲁ"/><!-- ⲥⲱⲙⲁ -->
<feat xlink:href="#orig_1115" value="ⲙ"/><!-- ⲙ -->
<feat xlink:href="#orig_1116" value="ⲯⲩⲭⲓⲕⲟⲛ"/><!-- ⲯⲩⲭⲓⲕⲟⲛ -->
<feat xlink:href="#orig_1117" value="ⲟⲩⲛ"/><!-- ⲟⲩⲛ -->
<feat xlink:href="#orig_1118" value="ⲥⲱⲙⲁ"/><!-- ⲥⲱⲙⲁ -->
<feat xlink:href="#orig_1119" value="ⲟⲛ"/><!-- ⲟⲛ -->
<feat xlink:href="#orig_1120" value="ⲙ"/><!-- ⲙ -->
<feat xlink:href="#orig_1121" value="ⲡⲛⲉⲩⲙⲁⲧⲓⲕⲟⲛ"/><!-- ⲡⲛⲉⲩⲙⲁⲧⲓⲕⲟⲛ -->
<feat xlink:href="#orig_1122" value="."/><!-- . -->
<feat xlink:href="#orig_1123" value="ⲧⲁⲓ"/><!-- ⲧⲁⲓ -->
<feat xlink:href="#orig_1124" value="ⲧⲉ"/><!-- ⲧⲉ -->
<feat xlink:href="#orig_1125" value="ⲧ"/><!-- ⲧ -->
<feat xlink:href="#orig_1126" value="ϩⲉ"/><!-- ϩⲉ -->
<feat xlink:href="#orig_1127" value="ⲉⲧ"/><!-- ⲉⲧ -->
<feat xlink:href="#orig_1128" value="ⲥⲏϩ"/><!-- ⲥⲏϩ -->
<feat xlink:href="#orig_1129" value="."/><!-- . -->
<feat xlink:href="#orig_1130" value="ϫⲉ"/><!-- ϫⲉ -->
<feat xlink:href="#orig_1131" value="ⲁ"/><!-- ⲁ -->
<feat xlink:href="#orig_1132" value="ⲡ"/><!-- ⲡ -->
<feat xlink:href="#orig_1133" value="ϣⲟ"/><!-- ϣⲟ -->
<feat xlink:href="#orig_1134" value="ⲣ"/><!-- ⲣ -->
<feat xlink:href="#orig_1135" value="ⲡ"/><!-- ⲡ -->
<feat xlink:href="#orig_1136" value="ⲛ"/><!-- ⲛ -->
<feat xlink:href="#orig_1137" value="ⲣⲱⲙⲉ"/><!-- ⲣⲱⲙⲉ -->
<feat xlink:href="#orig_1138" value="ⲁⲇⲁⲙ"/><!-- ⲁⲇⲁⲙ -->
<feat xlink:href="#orig_1139" value="ϣⲱⲡⲉ"/><!-- ϣⲱⲡⲉ -->
<feat xlink:href="#orig_1140" value="ⲉ"/><!-- ⲉ -->
<feat xlink:href="#orig_1141" value="ⲩ"/><!-- ⲩ -->
<feat xlink:href="#orig_1142" value="ⲯⲩⲭⲏ"/><!-- ⲯⲩⲭⲏ -->
<feat xlink:href="#orig_1143" value="ⲉ"/><!-- ⲉ -->
<feat xlink:href="#orig_1144" value="ⲥ"/><!-- ⲥ -->
<feat xlink:href="#orig_1145" value="ⲟⲛϩ"/><!-- ⲟⲛϩ -->
<feat xlink:href="#orig_1146" value="."/><!-- . -->
<feat xlink:href="#orig_1147" value="ⲡ"/><!-- ⲡ -->
<feat xlink:href="#orig_1148" value="ϩⲁⲉ"/><!-- ϩⲁⲉ -->
<feat xlink:href="#orig_1149" value="ⲇⲉ"/><!-- ⲇⲉ -->
<feat xlink:href="#orig_1150" value="ⲁⲇⲁⲙ"/><!-- ⲁⲇⲁⲙ -->
<feat xlink:href="#orig_1151" value="ⲉ"/><!-- ⲉ -->
<feat xlink:href="#orig_1152" value="ⲩ"/><!-- ⲩ -->
<feat xlink:href="#orig_1153" value="ⲡⲛⲉⲩⲙⲁ"/><!-- ⲡⲛⲉⲩⲙⲁ -->
<feat xlink:href="#orig_1154" value="ⲉ"/><!-- ⲉ -->
<feat xlink:href="#orig_1155" value="ϥ"/><!-- ϥ -->
<feat xlink:href="#orig_1156" value="ⲧⲁⲛϩⲟ"/><!-- ⲧⲁⲛϩⲟ -->
<feat xlink:href="#orig_1157" value="."/><!-- . -->
<feat xlink:href="#orig_1158" value="ⲁⲗⲗⲁ"/><!-- ⲁⲗⲗⲁ -->
<feat xlink:href="#orig_1159" value="ⲙ"/><!-- ⲙ -->
<feat xlink:href="#orig_1160" value="ⲡ"/><!-- ⲡ -->
<feat xlink:href="#orig_1161" value="ϣⲟⲣⲡ"/><!-- ϣⲟⲣⲡ -->
<feat xlink:href="#orig_1162" value="ⲁⲛ"/><!-- ⲁⲛ -->
<feat xlink:href="#orig_1163" value="ⲡⲉ"/><!-- ⲡⲉ -->
<feat xlink:href="#orig_1164" value="ⲡⲉ"/><!-- ⲡⲉ -->
<feat xlink:href="#orig_1165" value="ⲡⲛⲉⲩⲙⲁⲧⲓⲕⲟⲛ"/><!-- ⲡⲛⲉⲩⲙⲁⲧⲓⲕⲟⲛ -->
<feat xlink:href="#orig_1166" value="ⲁⲗⲗⲁ"/><!-- ⲁⲗⲗⲁ -->
<feat xlink:href="#orig_1167" value="ⲡⲉ"/><!-- ⲡⲉ -->
<feat xlink:href="#orig_1168" value="ⲯⲩⲭⲓⲕⲟⲛ"/><!-- ⲯⲩⲭⲓⲕⲟⲛ -->
<feat xlink:href="#orig_1169" value="."/><!-- . -->
<feat xlink:href="#orig_1170" value="ⲙⲛⲛⲥⲱ"/><!-- ⲙⲛⲛⲥⲱ -->
<feat xlink:href="#orig_1171" value="ⲥ"/><!-- ⲥ -->
<feat xlink:href="#orig_1172" value="ⲡⲉ"/><!-- ⲡⲉ -->
<feat xlink:href="#orig_1173" value="ⲡⲛⲉⲩⲙⲁⲧⲓⲕⲟⲛ"/><!-- ⲡⲛⲉⲩⲙⲁⲧⲓⲕⲟⲛ -->
<feat xlink:href="#orig_1174" value="."/><!-- . -->
<feat xlink:href="#orig_1175" value="ⲡ"/><!-- ⲡ -->
<feat xlink:href="#orig_1176" value="ϣⲟⲣⲡ"/><!-- ϣⲟⲣⲡ -->
<feat xlink:href="#orig_1177" value="ⲛ"/><!-- ⲛ -->
<feat xlink:href="#orig_1178" value="ⲣⲱⲙⲉ"/><!-- ⲣⲱⲙⲉ -->
<feat xlink:href="#orig_1179" value="ⲟⲩ"/><!-- ⲟⲩ -->
<feat xlink:href="#orig_1180" value="ⲕⲁϩ"/><!-- ⲕⲁϩ -->
<feat xlink:href="#orig_1181" value="ⲡⲉ"/><!-- ⲡⲉ -->
<feat xlink:href="#orig_1182" value="ⲉⲃⲟⲗ"/><!-- ⲉⲃⲟⲗ -->
<feat xlink:href="#orig_1183" value="ϩⲙ"/><!-- ϩⲙ -->
<feat xlink:href="#orig_1184" value="ⲡ"/><!-- ⲡ -->
<feat xlink:href="#orig_1185" value="ⲕⲁϩ"/><!-- ⲕⲁϩ -->
<feat xlink:href="#orig_1186" value="."/><!-- . -->
<feat xlink:href="#orig_1187" value="ⲡ"/><!-- ⲡ -->
<feat xlink:href="#orig_1188" value="ⲙⲉϩ"/><!-- ⲙⲉϩ -->
<feat xlink:href="#orig_1189" value="ⲥⲛⲁⲩ"/><!-- ⲥⲛⲁⲩ -->
<feat xlink:href="#orig_1190" value="ⲟⲩⲉⲃⲟⲗ"/><!-- ⲟⲩⲉ...ⲃⲟⲗ -->
<feat xlink:href="#orig_1192" value="ϩⲛ"/><!-- ϩⲛ -->
<feat xlink:href="#orig_1193" value="ⲧ"/><!-- ⲧ -->
<feat xlink:href="#orig_1194" value="ⲡⲉ"/><!-- ⲡⲉ -->
<feat xlink:href="#orig_1195" value="ⲡⲉ"/><!-- ⲡⲉ -->
<feat xlink:href="#orig_1196" value="."/><!-- . -->
<feat xlink:href="#orig_1197" value="ⲛ"/><!-- ⲛ -->
<feat xlink:href="#orig_1198" value="ⲧ"/><!-- ⲧ -->
<feat xlink:href="#orig_1199" value="ϩⲉ"/><!-- ϩⲉ -->
<feat xlink:href="#orig_1200" value="ⲙⲡⲉⲃⲟⲗ"/><!-- ⲙⲡⲉⲃⲟⲗ -->
<feat xlink:href="#orig_1201" value="ϩⲙ"/><!-- ϩⲙ -->
<feat xlink:href="#orig_1202" value="ⲡ"/><!-- ⲡ -->
<feat xlink:href="#orig_1203" value="ⲕⲁϩ"/><!-- ⲕⲁϩ -->
<feat xlink:href="#orig_1204" value="."/><!-- . -->
<feat xlink:href="#orig_1205" value="ⲧⲁⲓ"/><!-- ⲧⲁⲓ -->
<feat xlink:href="#orig_1206" value="ⲧⲉ"/><!-- ⲧⲉ -->
<feat xlink:href="#orig_1207" value="ⲧ"/><!-- ⲧ -->
<feat xlink:href="#orig_1208" value="ϩⲉ"/><!-- ϩⲉ -->
<feat xlink:href="#orig_1209" value="ⲛⲛⲉⲃⲟⲗ"/><!-- ⲛⲛⲉⲃⲟⲗ -->
<feat xlink:href="#orig_1210" value="ϩⲙ"/><!-- ϩⲙ -->
<feat xlink:href="#orig_1211" value="ⲡ"/><!-- ⲡ -->
<feat xlink:href="#orig_1212" value="ⲕⲁϩ"/><!-- ⲕⲁϩ -->
<feat xlink:href="#orig_1213" value="."/><!-- . -->
<feat xlink:href="#orig_1214" value="ⲁⲩⲱ"/><!-- ⲁⲩⲱ -->
<feat xlink:href="#orig_1215" value="ⲛ"/><!-- ⲛ -->
<feat xlink:href="#orig_1216" value="ⲧ"/><!-- ⲧ -->
<feat xlink:href="#orig_1217" value="ϩⲉ"/><!-- ϩⲉ -->
<feat xlink:href="#orig_1218" value="ⲙⲡⲉⲃⲟⲗ"/><!-- ⲙⲡⲉⲃⲟⲗ -->
<feat xlink:href="#orig_1219" value="ϩⲛ"/><!-- ϩⲛ -->
<feat xlink:href="#orig_1220" value="ⲧ"/><!-- ⲧ -->
<feat xlink:href="#orig_1221" value="ⲡⲉ"/><!-- ⲡⲉ -->
<feat xlink:href="#orig_1222" value="ⲧⲁⲓ"/><!-- ⲧⲁⲓ -->
<feat xlink:href="#orig_1223" value="ⲧⲉ"/><!-- ⲧⲉ -->
<feat xlink:href="#orig_1224" value="ⲧ"/><!-- ⲧ -->
<feat xlink:href="#orig_1225" value="ϩⲉ"/><!-- ϩⲉ -->
<feat xlink:href="#orig_1226" value="ⲛⲛⲉⲃⲟⲗ"/><!-- ⲛⲛⲉⲃⲟⲗ -->
<feat xlink:href="#orig_1227" value="ϩⲛ"/><!-- ϩⲛ -->
<feat xlink:href="#orig_1228" value="ⲧ"/><!-- ⲧ -->
<feat xlink:href="#orig_1229" value="ⲡⲉ"/><!-- ⲡⲉ -->
<feat xlink:href="#orig_1230" value="."/><!-- . -->
<feat xlink:href="#orig_1231" value="ⲁⲩⲱ"/><!-- ⲁⲩⲱ -->
<feat xlink:href="#orig_1232" value="ⲕⲁⲧⲁ"/><!-- ⲕⲁⲧⲁ -->
<feat xlink:href="#orig_1233" value="ⲧ"/><!-- ⲧ -->
<feat xlink:href="#orig_1234" value="ϩⲉ"/><!-- ϩⲉ -->
<feat xlink:href="#orig_1235" value="ⲉⲛⲧ"/><!-- ⲉⲛⲧ -->
<feat xlink:href="#orig_1236" value="ⲁ"/><!-- ⲁ -->
<feat xlink:href="#orig_1237" value="ⲛ"/><!-- ⲛ -->
<feat xlink:href="#orig_1238" value="ⲫⲟⲣⲓ"/><!-- ⲫⲟⲣⲓ -->
<feat xlink:href="#orig_1239" value="ⲛ"/><!-- ⲛ -->
<feat xlink:href="#orig_1240" value="ⲧ"/><!-- ⲧ -->
<feat xlink:href="#orig_1241" value="ϩⲓⲕⲱⲛ"/><!-- ϩⲓⲕⲱⲛ -->
<feat xlink:href="#orig_1242" value="ⲙⲡⲉⲃⲟⲗ"/><!-- ⲙⲡⲉⲃⲟⲗ -->
<feat xlink:href="#orig_1243" value="ϩⲙ"/><!-- ϩⲙ -->
<feat xlink:href="#orig_1244" value="ⲡ"/><!-- ⲡ -->
<feat xlink:href="#orig_1245" value="ⲕⲁϩ"/><!-- ⲕⲁϩ -->
<feat xlink:href="#orig_1246" value="."/><!-- . -->
<feat xlink:href="#orig_1247" value="ⲧⲛ"/><!-- ⲧⲛ -->
<feat xlink:href="#orig_1248" value="ⲛⲁ"/><!-- ⲛⲁ -->
<feat xlink:href="#orig_1249" value="ⲫⲟⲣⲓ"/><!-- ⲫⲟⲣⲓ -->
<feat xlink:href="#orig_1250" value="ⲟⲛ"/><!-- ⲟⲛ -->
<feat xlink:href="#orig_1251" value="ⲛ"/><!-- ⲛ -->
<feat xlink:href="#orig_1252" value="ⲧ"/><!-- ⲧ -->
<feat xlink:href="#orig_1253" value="ϩⲓⲕⲱⲛ"/><!-- ϩⲓⲕⲱⲛ -->
<feat xlink:href="#orig_1254" value="ⲙⲡⲉⲃⲟⲗ"/><!-- ⲙⲡⲉⲃⲟⲗ -->
<feat xlink:href="#orig_1255" value="ϩⲛ"/><!-- ϩⲛ -->
<feat xlink:href="#orig_1256" value="ⲧ"/><!-- ⲧ -->
<feat xlink:href="#orig_1257" value="ⲡⲉ"/><!-- ⲡⲉ -->
<feat xlink:href="#orig_1258" value="."/><!-- . -->
<feat xlink:href="#orig_1259" value="ⲡⲁⲓ"/><!-- ⲡⲁⲓ -->
<feat xlink:href="#orig_1260" value="ⲇⲉ"/><!-- ⲇⲉ -->
<feat xlink:href="#orig_1261" value="ϯ"/><!-- ϯ -->
<feat xlink:href="#orig_1262" value="ϫⲱ"/><!-- ϫⲱ -->
<feat xlink:href="#orig_1263" value="ⲙⲙⲟ"/><!-- ⲙⲙⲟ -->
<feat xlink:href="#orig_1264" value="ϥ"/><!-- ϥ -->
<feat xlink:href="#orig_1265" value="ⲛⲁ"/><!-- ⲛⲁ -->
<feat xlink:href="#orig_1266" value="ⲥⲛⲏⲩ"/><!-- ⲥⲛⲏⲩ -->
<feat xlink:href="#orig_1267" value="ϫⲉ"/><!-- ϫⲉ -->
<feat xlink:href="#orig_1268" value="ⲛ"/><!-- ⲛ -->
<feat xlink:href="#orig_1269" value="ⲛ"/><!-- ⲛ -->
<feat xlink:href="#orig_1270" value="ⲉϣ"/><!-- ⲉϣ -->
<feat xlink:href="#orig_1271" value="ⲥⲁⲣⲝ"/><!-- ⲥⲁⲣⲝ -->
<feat xlink:href="#orig_1272" value="ϩⲓ"/><!-- ϩⲓ -->
<feat xlink:href="#orig_1273" value="ⲥⲛⲟϥ"/><!-- ⲥⲛⲟϥ -->
<feat xlink:href="#orig_1274" value="ⲕⲗⲏⲣⲟⲛⲟⲙⲓ"/><!-- ⲕⲗⲏⲣⲟⲛⲟⲙⲓ -->
<feat xlink:href="#orig_1275" value="ⲛ"/><!-- ⲛ -->
<feat xlink:href="#orig_1276" value="ⲧ"/><!-- ⲧ -->
<feat xlink:href="#orig_1277" value="ⲙⲛⲧⲣⲣⲟ"/><!-- ⲙⲛⲧ...ⲣⲣⲟ -->
<feat xlink:href="#orig_1279" value="ⲙ"/><!-- ⲙ -->
<feat xlink:href="#orig_1280" value="ⲡ"/><!-- ⲡ -->
<feat xlink:href="#orig_1281" value="ⲛⲟⲩⲧⲉ"/><!-- ⲛⲟⲩⲧⲉ -->
<feat xlink:href="#orig_1282" value="."/><!-- . -->
<feat xlink:href="#orig_1283" value="ⲟⲩⲇⲉ"/><!-- ⲟⲩⲇⲉ -->
<feat xlink:href="#orig_1284" value="ⲡ"/><!-- ⲡ -->
<feat xlink:href="#orig_1285" value="ⲧⲁⲕⲟ"/><!-- ⲧⲁⲕⲟ -->
<feat xlink:href="#orig_1286" value="ⲛⲁⲕⲗⲏⲣⲟⲛⲟⲙⲓ"/><!-- ⲛⲁⲕⲗⲏⲣⲟⲛⲟⲙⲓ -->
<feat xlink:href="#orig_1287" value="ⲁⲛ"/><!-- ⲁⲛ -->
<feat xlink:href="#orig_1288" value="ⲛ"/><!-- ⲛ -->
<feat xlink:href="#orig_1289" value="ⲧ"/><!-- ⲧ -->
<feat xlink:href="#orig_1290" value="ⲙⲛⲧⲁⲧⲧⲁⲕⲟ"/><!-- ⲙⲛⲧ...ⲧⲁⲕⲟ -->
<feat xlink:href="#orig_1293" value="."/><!-- . -->
<feat xlink:href="#orig_1294" value="ⲉⲓⲥ"/><!-- ⲉⲓⲥ -->
<feat xlink:href="#orig_1295" value="ϩⲏⲏⲧⲉ"/><!-- ϩⲏⲏⲧⲉ -->
<feat xlink:href="#orig_1296" value="ϯ"/><!-- ϯ -->
<feat xlink:href="#orig_1297" value="ϫⲱ"/><!-- ϫⲱ -->
<feat xlink:href="#orig_1298" value="ⲛⲏ"/><!-- ⲛⲏ -->
<feat xlink:href="#orig_1299" value="ⲧⲛ"/><!-- ⲧⲛ -->
<feat xlink:href="#orig_1300" value="ⲛ"/><!-- ⲛ -->
<feat xlink:href="#orig_1301" value="ⲟⲩ"/><!-- ⲟⲩ -->
<feat xlink:href="#orig_1302" value="ⲙⲩⲥⲧⲏⲣⲓⲟⲛ"/><!-- ⲙⲩⲥⲧⲏⲣⲓⲟⲛ -->
<feat xlink:href="#orig_1303" value="."/><!-- . -->
<feat xlink:href="#orig_1304" value="ϫⲉ"/><!-- ϫⲉ -->
<feat xlink:href="#orig_1305" value="ⲁⲛⲟⲛ"/><!-- ⲁⲛⲟⲛ -->
<feat xlink:href="#orig_1306" value="ⲙⲉⲛ"/><!-- ⲙⲉⲛ -->
<feat xlink:href="#orig_1307" value="ⲧⲏⲣ"/><!-- ⲧⲏⲣ -->
<feat xlink:href="#orig_1308" value="ⲛ"/><!-- ⲛ -->
<feat xlink:href="#orig_1309" value="ⲧⲛⲛⲁⲛⲕⲧⲟⲕ"/><!-- ⲧⲛⲛⲁⲛⲕⲧⲟⲕ -->
<feat xlink:href="#orig_1310" value="ⲁⲛ"/><!-- ⲁⲛ -->
<feat xlink:href="#orig_1311" value="."/><!-- . -->
<feat xlink:href="#orig_1312" value="ⲁⲛⲟⲛ"/><!-- ⲁⲛⲟⲛ -->
<feat xlink:href="#orig_1313" value="ⲇⲉ"/><!-- ⲇⲉ -->
<feat xlink:href="#orig_1314" value="ⲧⲏⲣ"/><!-- ⲧⲏⲣ -->
<feat xlink:href="#orig_1315" value="ⲛ"/><!-- ⲛ -->
<feat xlink:href="#orig_1316" value="ⲧⲛ"/><!-- ⲧⲛ -->
<feat xlink:href="#orig_1317" value="ⲛⲁ"/><!-- ⲛⲁ -->
<feat xlink:href="#orig_1318" value="ϣⲓⲃⲉ"/><!-- ϣⲓⲃⲉ -->
<feat xlink:href="#orig_1319" value="ϩⲛ"/><!-- ϩⲛ -->
<feat xlink:href="#orig_1320" value="ⲟⲩϣⲡⲛϣⲱⲡ"/><!-- ⲟⲩϣⲡⲛϣⲱⲡ -->
<feat xlink:href="#orig_1321" value="ϩⲛ"/><!-- ϩⲛ -->
<feat xlink:href="#orig_1322" value="ⲟⲩⲣⲓⲕⲉ"/><!-- ⲟⲩⲣⲓⲕⲉ -->
<feat xlink:href="#orig_1323" value="ⲛ"/><!-- ⲛ -->
<feat xlink:href="#orig_1324" value="ⲃⲁⲗ"/><!-- ⲃⲁⲗ -->
<feat xlink:href="#orig_1325" value="ϩⲛ"/><!-- ϩⲛ -->
<feat xlink:href="#orig_1326" value="ⲧ"/><!-- ⲧ -->
<feat xlink:href="#orig_1327" value="ϩⲁⲏ"/><!-- ϩⲁⲏ -->
<feat xlink:href="#orig_1328" value="ⲛ"/><!-- ⲛ -->
<feat xlink:href="#orig_1329" value="ⲥⲁⲗⲡⲓⲅⲝ"/><!-- ⲥⲁⲗⲡⲓⲅⲝ -->
<feat xlink:href="#orig_1330" value="ϥ"/><!-- ϥ -->
<feat xlink:href="#orig_1331" value="ⲛⲁ"/><!-- ⲛⲁ -->
<feat xlink:href="#orig_1332" value="ⲥⲁⲗⲡⲓⲍⲉ"/><!-- ⲥⲁⲗⲡⲓⲍⲉ -->
<feat xlink:href="#orig_1333" value="ⲅⲁⲣ"/><!-- ⲅⲁⲣ -->
<feat xlink:href="#orig_1334" value="ⲛⲧⲉ"/><!-- ⲛⲧⲉ -->
<feat xlink:href="#orig_1335" value="ⲛ"/><!-- ⲛ -->
<feat xlink:href="#orig_1336" value="ⲉⲧ"/><!-- ⲉⲧ -->
<feat xlink:href="#orig_1337" value="ⲙⲟⲟⲩⲧ"/><!-- ⲙⲟⲟⲩⲧ -->
<feat xlink:href="#orig_1338" value="ⲧⲱⲟⲩⲛ"/><!-- ⲧⲱⲟⲩⲛ -->
<feat xlink:href="#orig_1339" value="ⲉ"/><!-- ⲉ -->
<feat xlink:href="#orig_1340" value="ⲩ"/><!-- ⲩ -->
<feat xlink:href="#orig_1341" value="ⲟ"/><!-- ⲟ -->
<feat xlink:href="#orig_1342" value="ⲛⲁ"/><!-- ⲛⲁ -->
<feat xlink:href="#orig_1343" value="ⲧ"/><!-- ⲧ -->
<feat xlink:href="#orig_1344" value="ⲧⲁⲕⲟ"/><!-- ⲧⲁⲕⲟ -->
<feat xlink:href="#orig_1345" value="ⲁⲩⲱ"/><!-- ⲁⲩⲱ -->
<feat xlink:href="#orig_1346" value="ⲁⲛⲟⲛ"/><!-- ⲁⲛⲟⲛ -->
<feat xlink:href="#orig_1347" value="ⲧⲛ"/><!-- ⲧⲛ -->
<feat xlink:href="#orig_1348" value="ⲛⲁ"/><!-- ⲛⲁ -->
<feat xlink:href="#orig_1349" value="ϣⲓⲃⲉ"/><!-- ϣⲓⲃⲉ -->
<feat xlink:href="#orig_1350" value="."/><!-- . -->
<feat xlink:href="#orig_1351" value="ϩⲁⲡⲥ"/><!-- ϩⲁⲡⲥ -->
<feat xlink:href="#orig_1352" value="ⲅⲁⲣ"/><!-- ⲅⲁⲣ -->
<feat xlink:href="#orig_1353" value="ⲉⲧ"/><!-- ⲉⲧ -->
<feat xlink:href="#orig_1354" value="ⲣⲉ"/><!-- ⲣⲉ -->
<feat xlink:href="#orig_1355" value="ⲡⲁⲓ"/><!-- ⲡⲁⲓ -->
<feat xlink:href="#orig_1356" value="ⲉ"/><!-- ⲉ -->
<feat xlink:href="#orig_1357" value="ϣⲁ"/><!-- ϣⲁ -->
<feat xlink:href="#orig_1358" value="ϥ"/><!-- ϥ -->
<feat xlink:href="#orig_1359" value="ⲧⲁⲕⲟ"/><!-- ⲧⲁⲕⲟ -->
<feat xlink:href="#orig_1360" value="ϯϩⲓⲱⲱϥ"/><!-- ϯϩⲓⲱⲱϥ -->
<feat xlink:href="#orig_1361" value="ⲛ"/><!-- ⲛ -->
<feat xlink:href="#orig_1362" value="ⲟⲩ"/><!-- ⲟⲩ -->
<feat xlink:href="#orig_1363" value="ⲙⲛⲧⲁⲧⲧⲁⲕⲟ"/><!-- ⲙⲛⲧ...ⲧⲁⲕⲟ -->
<feat xlink:href="#orig_1366" value="."/><!-- . -->
<feat xlink:href="#orig_1367" value="ⲁⲩⲱ"/><!-- ⲁⲩⲱ -->
<feat xlink:href="#orig_1368" value="ⲡⲁⲓ"/><!-- ⲡⲁⲓ -->
<feat xlink:href="#orig_1369" value="ⲉ"/><!-- ⲉ -->
<feat xlink:href="#orig_1370" value="ϣⲁ"/><!-- ϣⲁ -->
<feat xlink:href="#orig_1371" value="ϥ"/><!-- ϥ -->
<feat xlink:href="#orig_1372" value="ⲙⲟⲩ"/><!-- ⲙⲟⲩ -->
<feat xlink:href="#orig_1373" value="ⲉ"/><!-- ⲉ -->
<feat xlink:href="#orig_1374" value="ⲧⲣⲉ"/><!-- ⲧⲣⲉ -->
<feat xlink:href="#orig_1375" value="ϥ"/><!-- ϥ -->
<feat xlink:href="#orig_1376" value="ϯ"/><!-- ϯ -->
<feat xlink:href="#orig_1377" value="ϩⲓⲱⲱ"/><!-- ϩⲓⲱⲱ -->
<feat xlink:href="#orig_1378" value="ϥ"/><!-- ϥ -->
<feat xlink:href="#orig_1379" value="ⲛ"/><!-- ⲛ -->
<feat xlink:href="#orig_1380" value="ⲧ"/><!-- ⲧ -->
<feat xlink:href="#orig_1381" value="ⲙⲛⲧⲁⲧⲙⲟⲩ"/><!-- ⲙⲛⲧ...ⲙⲟⲩ -->
<feat xlink:href="#orig_1384" value="."/><!-- . -->
<feat xlink:href="#orig_1385" value="ϩⲟⲧⲁⲛ"/><!-- ϩⲟⲧⲁⲛ -->
<feat xlink:href="#orig_1386" value="ⲇⲉ"/><!-- ⲇⲉ -->
<feat xlink:href="#orig_1387" value="ⲉⲣϣⲁⲛ"/><!-- ⲉⲣϣⲁⲛ -->
<feat xlink:href="#orig_1388" value="ⲡⲁⲓ"/><!-- ⲡⲁⲓ -->
<feat xlink:href="#orig_1389" value="ⲉ"/><!-- ⲉ -->
<feat xlink:href="#orig_1390" value="ϣⲁ"/><!-- ϣⲁ -->
<feat xlink:href="#orig_1391" value="ϥ"/><!-- ϥ -->
<feat xlink:href="#orig_1392" value="ⲙⲟⲩ"/><!-- ⲙⲟⲩ -->
<feat xlink:href="#orig_1393" value="ϯϩⲓⲱⲱϥ"/><!-- ϯϩⲓⲱⲱϥ -->
<feat xlink:href="#orig_1394" value="ⲛ"/><!-- ⲛ -->
<feat xlink:href="#orig_1395" value="ⲧ"/><!-- ⲧ -->
<feat xlink:href="#orig_1396" value="ⲙⲛⲧⲁⲧⲙⲟⲩ"/><!-- ⲙⲛⲧ...ⲙⲟⲩ -->
<feat xlink:href="#orig_1399" value="."/><!-- . -->
<feat xlink:href="#orig_1400" value="ⲧⲟⲧⲉ"/><!-- ⲧⲟⲧⲉ -->
<feat xlink:href="#orig_1401" value="ϥ"/><!-- ϥ -->
<feat xlink:href="#orig_1402" value="ⲛⲁ"/><!-- ⲛⲁ -->
<feat xlink:href="#orig_1403" value="ϣⲱⲡⲉ"/><!-- ϣⲱⲡⲉ -->
<feat xlink:href="#orig_1404" value="ⲛϭⲓ"/><!-- ⲛϭⲓ -->
<feat xlink:href="#orig_1405" value="ⲡ"/><!-- ⲡ -->
<feat xlink:href="#orig_1406" value="ϣⲁϫⲉ"/><!-- ϣⲁϫⲉ -->
<feat xlink:href="#orig_1407" value="ⲉⲧ"/><!-- ⲉⲧ -->
<feat xlink:href="#orig_1408" value="ⲥⲏϩ"/><!-- ⲥⲏϩ -->
<feat xlink:href="#orig_1409" value="ϫⲉ"/><!-- ϫⲉ -->
<feat xlink:href="#orig_1410" value="ⲁⲩⲉⲙⲕⲡⲙⲟⲩ"/><!-- ⲁⲩⲉⲙⲕⲡⲙⲟⲩ -->
<feat xlink:href="#orig_1411" value="ⲉ"/><!-- ⲉ -->
<feat xlink:href="#orig_1412" value="ⲩ"/><!-- ⲩ -->
<feat xlink:href="#orig_1413" value="ϫⲣⲟ"/><!-- ϫⲣⲟ -->
<feat xlink:href="#orig_1414" value="."/><!-- . -->
<feat xlink:href="#orig_1415" value="ⲡ"/><!-- ⲡ -->
<feat xlink:href="#orig_1416" value="ⲙⲟⲩ"/><!-- ⲙⲟⲩ -->
<feat xlink:href="#orig_1417" value="ⲉ"/><!-- ⲉ -->
<feat xlink:href="#orig_1418" value="ϥ"/><!-- ϥ -->
<feat xlink:href="#orig_1419" value="ⲧⲱⲛ"/><!-- ⲧⲱⲛ -->
<feat xlink:href="#orig_1420" value="ⲧⲉⲕϫⲣⲟ"/><!-- ⲧⲉⲕϫⲣⲟ -->
<feat xlink:href="#orig_1421" value="."/><!-- . -->
<feat xlink:href="#orig_1422" value="ⲡ"/><!-- ⲡ -->
<feat xlink:href="#orig_1423" value="ⲙⲟⲩ"/><!-- ⲙⲟⲩ -->
<feat xlink:href="#orig_1424" value="ⲉ"/><!-- ⲉ -->
<feat xlink:href="#orig_1425" value="ϥ"/><!-- ϥ -->
<feat xlink:href="#orig_1426" value="ⲧⲱⲛ"/><!-- ⲧⲱⲛ -->
<feat xlink:href="#orig_1427" value="ⲡⲉⲕⲓⲉⲓⲃ"/><!-- ⲡⲉⲕⲓⲉⲓⲃ -->
<feat xlink:href="#orig_1428" value="."/><!-- . -->
<feat xlink:href="#orig_1429" value="ⲡⲓⲉⲓⲃ"/><!-- ⲡⲓⲉⲓⲃ -->
<feat xlink:href="#orig_1430" value="ⲇⲉ"/><!-- ⲇⲉ -->
<feat xlink:href="#orig_1431" value="ⲙ"/><!-- ⲙ -->
<feat xlink:href="#orig_1432" value="ⲡ"/><!-- ⲡ -->
<feat xlink:href="#orig_1433" value="ⲙⲟⲩ"/><!-- ⲙⲟⲩ -->
<feat xlink:href="#orig_1434" value="ⲡⲉ"/><!-- ⲡⲉ -->
<feat xlink:href="#orig_1435" value="ⲡ"/><!-- ⲡ -->
<feat xlink:href="#orig_1436" value="ⲛⲟⲃⲉ"/><!-- ⲛⲟⲃⲉ -->
<feat xlink:href="#orig_1437" value="."/><!-- . -->
<feat xlink:href="#orig_1438" value="ⲧ"/><!-- ⲧ -->
<feat xlink:href="#orig_1439" value="ϭⲟⲙ"/><!-- ϭⲟⲙ -->
<feat xlink:href="#orig_1440" value="ⲇⲉ"/><!-- ⲇⲉ -->
<feat xlink:href="#orig_1441" value="ⲙ"/><!-- ⲙ -->
<feat xlink:href="#orig_1442" value="ⲡ"/><!-- ⲡ -->
<feat xlink:href="#orig_1443" value="ⲛⲟⲃⲉ"/><!-- ⲛⲟⲃⲉ -->
<feat xlink:href="#orig_1444" value="ⲡⲉ"/><!-- ⲡⲉ -->
<feat xlink:href="#orig_1445" value="ⲡ"/><!-- ⲡ -->
<feat xlink:href="#orig_1446" value="ⲛⲟⲙⲟⲥ"/><!-- ⲛⲟⲙⲟⲥ -->
<feat xlink:href="#orig_1447" value="."/><!-- . -->
<feat xlink:href="#orig_1448" value="ⲡⲉ"/><!-- ⲡⲉ -->
<feat xlink:href="#orig_1449" value="ϩⲙⲟⲧ"/><!-- ϩⲙⲟⲧ -->
<feat xlink:href="#orig_1450" value="ⲇⲉ"/><!-- ⲇⲉ -->
<feat xlink:href="#orig_1451" value="ⲙ"/><!-- ⲙ -->
<feat xlink:href="#orig_1452" value="ⲡ"/><!-- ⲡ -->
<feat xlink:href="#orig_1453" value="ⲛⲟⲩⲧⲉ"/><!-- ⲛⲟⲩⲧⲉ -->
<feat xlink:href="#orig_1454" value="ϣⲏⲡ"/><!-- ϣⲏⲡ -->
<feat xlink:href="#orig_1455" value="ⲡⲁⲓ"/><!-- ⲡⲁⲓ -->
<feat xlink:href="#orig_1456" value="ⲉ"/><!-- ⲉ -->
<feat xlink:href="#orig_1457" value="ⲧ"/><!-- ⲧ -->
<feat xlink:href="#orig_1458" value="ϯ"/><!-- ϯ -->
<feat xlink:href="#orig_1459" value="ⲛⲁ"/><!-- ⲛⲁ -->
<feat xlink:href="#orig_1460" value="ⲛ"/><!-- ⲛ -->
<feat xlink:href="#orig_1461" value="ⲙⲡⲉϫⲣⲟ"/><!-- ⲙⲡⲉϫⲣⲟ -->
<feat xlink:href="#orig_1462" value="ϩⲓⲧⲛ"/><!-- ϩⲓⲧⲛ -->
<feat xlink:href="#orig_1463" value="ⲡⲉⲛ"/><!-- ⲡⲉⲛ -->
<feat xlink:href="#orig_1464" value="ϫⲟⲉⲓⲥ"/><!-- ϫⲟⲉⲓⲥ -->
<feat xlink:href="#orig_1465" value="ⲓⲏⲥⲟⲩⲥ"/><!-- ⲓⲏⲥⲟⲩⲥ -->
<feat xlink:href="#orig_1466" value="ⲡⲉ"/><!-- ⲡⲉ -->
<feat xlink:href="#orig_1467" value="ⲭⲣⲓⲥⲧⲟⲥ"/><!-- ⲭⲣⲓⲥⲧⲟⲥ -->
<feat xlink:href="#orig_1468" value="."/><!-- . -->
<feat xlink:href="#orig_1469" value="ϩⲱⲥⲧⲉ"/><!-- ϩⲱⲥⲧⲉ -->
<feat xlink:href="#orig_1470" value="ⲛⲁ"/><!-- ⲛⲁ -->
<feat xlink:href="#orig_1471" value="ⲥⲛⲏⲩ"/><!-- ⲥⲛⲏⲩ -->
<feat xlink:href="#orig_1472" value="ⲙ"/><!-- ⲙ -->
<feat xlink:href="#orig_1473" value="ⲙⲉⲣⲓⲧ"/><!-- ⲙⲉⲣⲓⲧ -->
<feat xlink:href="#orig_1474" value="ϣⲱⲡⲉ"/><!-- ϣⲱⲡⲉ -->
<feat xlink:href="#orig_1475" value="ⲉ"/><!-- ⲉ -->
<feat xlink:href="#orig_1476" value="ⲧⲉⲧⲛ"/><!-- ⲧⲉⲧⲛ -->
<feat xlink:href="#orig_1477" value="ⲧⲁϫⲣⲏⲩ"/><!-- ⲧⲁϫⲣⲏⲩ -->
<feat xlink:href="#orig_1478" value="ⲉ"/><!-- ⲉ -->
<feat xlink:href="#orig_1479" value="ⲛ"/><!-- ⲛ -->
<feat xlink:href="#orig_1480" value="ⲥⲉ"/><!-- ⲥⲉ -->
<feat xlink:href="#orig_1481" value="ⲡⲱⲱⲛⲉ"/><!-- ⲡⲱⲱⲛⲉ -->
<feat xlink:href="#orig_1482" value="ⲙⲙⲱ"/><!-- ⲙⲙⲱ -->
<feat xlink:href="#orig_1483" value="ⲧⲛ"/><!-- ⲧⲛ -->
<feat xlink:href="#orig_1484" value="ⲁⲛ"/><!-- ⲁⲛ -->
<feat xlink:href="#orig_1485" value="ⲉ"/><!-- ⲉ -->
<feat xlink:href="#orig_1486" value="ⲧⲉⲧⲛ"/><!-- ⲧⲉⲧⲛ -->
<feat xlink:href="#orig_1487" value="ⲟ"/><!-- ⲟ -->
<feat xlink:href="#orig_1488" value="ⲛϩⲟⲩⲟ"/><!-- ⲛϩⲟⲩⲟ -->
<feat xlink:href="#orig_1489" value="ϩⲙ"/><!-- ϩⲙ -->
<feat xlink:href="#orig_1490" value="ⲡ"/><!-- ⲡ -->
<feat xlink:href="#orig_1491" value="ϩⲱⲃ"/><!-- ϩⲱⲃ -->
<feat xlink:href="#orig_1492" value="ⲙ"/><!-- ⲙ -->
<feat xlink:href="#orig_1493" value="ⲡ"/><!-- ⲡ -->
<feat xlink:href="#orig_1494" value="ϫⲟⲉⲓⲥ"/><!-- ϫⲟⲉⲓⲥ -->
<feat xlink:href="#orig_1495" value="ⲛ"/><!-- ⲛ -->
<feat xlink:href="#orig_1496" value="ⲟⲩⲟⲉⲓϣ"/><!-- ⲟⲩⲟⲉⲓϣ -->
<feat xlink:href="#orig_1497" value="ⲛⲓⲙ"/><!-- ⲛⲓⲙ -->
<feat xlink:href="#orig_1498" value="."/><!-- . -->
<feat xlink:href="#orig_1499" value="ⲉ"/><!-- ⲉ -->
<feat xlink:href="#orig_1500" value="ⲧⲉⲧⲛ"/><!-- ⲧⲉⲧⲛ -->
<feat xlink:href="#orig_1501" value="ⲥⲟⲟⲩⲛ"/><!-- ⲥⲟⲟⲩⲛ -->
<feat xlink:href="#orig_1502" value="ϫⲉ"/><!-- ϫⲉ -->
<feat xlink:href="#orig_1503" value="ⲡⲉⲧⲛ"/><!-- ⲡⲉⲧⲛ -->
<feat xlink:href="#orig_1504" value="ϩⲓⲥⲉ"/><!-- ϩⲓⲥⲉ -->
<feat xlink:href="#orig_1505" value="ϣⲟⲩⲉⲓⲧ"/><!-- ϣⲟⲩⲉⲓⲧ -->
<feat xlink:href="#orig_1506" value="ⲁⲛ"/><!-- ⲁⲛ -->
<feat xlink:href="#orig_1507" value="ϩⲙ"/><!-- ϩⲙ -->
<feat xlink:href="#orig_1508" value="ⲡ"/><!-- ⲡ -->
<feat xlink:href="#orig_1509" value="ϫⲟⲉⲓⲥ"/><!-- ϫⲟⲉⲓⲥ -->
<feat xlink:href="#orig_1510" value="."/><!-- . -->
</featList>
</paula>
