<?xml version='1.0' encoding='UTF-8'?><!DOCTYPE paula SYSTEM "paula_feat.dtd">
<paula version="1.1">
	<header paula_id="scriptorium.YA535-540.mark_entity"/>
	<featList xmlns:xlink="http://www.w3.org/1999/xlink" type="entity" xml:base="scriptorium.YA535-540.mark.xml">
		<feat xlink:href="#sSpan27" value="person"/>
		<feat xlink:href="#sSpan111" value="place"/>
		<feat xlink:href="#sSpan121" value="place"/>
		<feat xlink:href="#sSpan163" value="organization"/>
		<feat xlink:href="#sSpan179" value="organization"/>
		<feat xlink:href="#sSpan219" value="person"/>
		<feat xlink:href="#sSpan229" value="object"/>
		<feat xlink:href="#sSpan243" value="abstract"/>
		<feat xlink:href="#sSpan304" value="abstract"/>
		<feat xlink:href="#sSpan314" value="person"/>
		<feat xlink:href="#sSpan383" value="abstract"/>
		<feat xlink:href="#sSpan394" value="person"/>
		<feat xlink:href="#sSpan429" value="object"/>
		<feat xlink:href="#sSpan440" value="abstract"/>
		<feat xlink:href="#sSpan472" value="person"/>
		<feat xlink:href="#sSpan488" value="person"/>
		<feat xlink:href="#sSpan500" value="person"/>
		<feat xlink:href="#sSpan539" value="abstract"/>
		<feat xlink:href="#sSpan547" value="person"/>
		<feat xlink:href="#sSpan603" value="place"/>
		<feat xlink:href="#sSpan612" value="place"/>
		<feat xlink:href="#sSpan634" value="place"/>
		<feat xlink:href="#sSpan650" value="time"/>
		<feat xlink:href="#sSpan670" value="person"/>
		<feat xlink:href="#sSpan680" value="place"/>
		<feat xlink:href="#sSpan694" value="time"/>
		<feat xlink:href="#sSpan704" value="time"/>
		<feat xlink:href="#sSpan743" value="time"/>
		<feat xlink:href="#sSpan754" value="time"/>
		<feat xlink:href="#sSpan769" value="abstract"/>
		<feat xlink:href="#sSpan778" value="abstract"/>
		<feat xlink:href="#sSpan794" value="person"/>
		<feat xlink:href="#sSpan808" value="person"/>
		<feat xlink:href="#sSpan832" value="person"/>
		<feat xlink:href="#sSpan855" value="abstract"/>
		<feat xlink:href="#sSpan906" value="person"/>
		<feat xlink:href="#sSpan914" value="abstract"/>
		<feat xlink:href="#sSpan969" value="person"/>
		<feat xlink:href="#sSpan979" value="person"/>
		<feat xlink:href="#sSpan996" value="person"/>
		<feat xlink:href="#sSpan1030" value="time"/>
		<feat xlink:href="#sSpan1047" value="time"/>
		<feat xlink:href="#sSpan1063" value="time"/>
		<feat xlink:href="#sSpan1079" value="time"/>
		<feat xlink:href="#sSpan1131" value="person"/>
		<feat xlink:href="#sSpan1157" value="abstract"/>
		<feat xlink:href="#sSpan1168" value="person"/>
		<feat xlink:href="#sSpan1201" value="person"/>
		<feat xlink:href="#sSpan1217" value="person"/>
		<feat xlink:href="#sSpan1246" value="person"/>
		<feat xlink:href="#sSpan1267" value="person"/>
		<feat xlink:href="#sSpan1311" value="person"/>
		<feat xlink:href="#sSpan1329" value="person"/>
		<feat xlink:href="#sSpan1347" value="abstract"/>
		<feat xlink:href="#sSpan1381" value="person"/>
		<feat xlink:href="#sSpan1399" value="time"/>
		<feat xlink:href="#sSpan1417" value="time"/>
		<feat xlink:href="#sSpan1433" value="object"/>
		<feat xlink:href="#sSpan1471" value="person"/>
		<feat xlink:href="#sSpan1482" value="person"/>
		<feat xlink:href="#sSpan1500" value="person"/>
		<feat xlink:href="#sSpan1511" value="person"/>
		<feat xlink:href="#sSpan1563" value="person"/>
		<feat xlink:href="#sSpan1591" value="abstract"/>
		<feat xlink:href="#sSpan1602" value="person"/>
		<feat xlink:href="#sSpan1615" value="abstract"/>
		<feat xlink:href="#sSpan1635" value="person"/>
		<feat xlink:href="#sSpan1650" value="person"/>
		<feat xlink:href="#sSpan1661" value="person"/>
		<feat xlink:href="#sSpan1680" value="abstract"/>
		<feat xlink:href="#sSpan1750" value="place"/>
		<feat xlink:href="#sSpan1761" value="abstract"/>
		<feat xlink:href="#sSpan1812" value="person"/>
		<feat xlink:href="#sSpan1869" value="person"/>
		<feat xlink:href="#sSpan1878" value="abstract"/>
		<feat xlink:href="#sSpan1903" value="abstract"/>
		<feat xlink:href="#sSpan1957" value="person"/>
		<feat xlink:href="#sSpan1973" value="person"/>
		<feat xlink:href="#sSpan2000" value="person"/>
		<feat xlink:href="#sSpan2052" value="person"/>
		<feat xlink:href="#sSpan2062" value="person"/>
		<feat xlink:href="#sSpan2079" value="person"/>
		<feat xlink:href="#sSpan2104" value="person"/>
		<feat xlink:href="#sSpan2229" value="animal"/>
		<feat xlink:href="#sSpan2239" value="place"/>
		<feat xlink:href="#sSpan2249" value="animal"/>
		<feat xlink:href="#sSpan2277" value="person"/>
		<feat xlink:href="#sSpan2291" value="object"/>
		<feat xlink:href="#sSpan2418" value="person"/>
		<feat xlink:href="#sSpan2428" value="place"/>
		<feat xlink:href="#sSpan2439" value="person"/>
		<feat xlink:href="#sSpan2473" value="person"/>
		<feat xlink:href="#sSpan2486" value="abstract"/>
		<feat xlink:href="#sSpan2496" value="abstract"/>
		<feat xlink:href="#sSpan2521" value="person"/>
		<feat xlink:href="#sSpan2554" value="person"/>
		<feat xlink:href="#sSpan2572" value="person"/>
		<feat xlink:href="#sSpan2592" value="abstract"/>
		<feat xlink:href="#sSpan2612" value="abstract"/>
		<feat xlink:href="#sSpan2641" value="place"/>
		<feat xlink:href="#sSpan2651" value="person"/>
		<feat xlink:href="#sSpan2663" value="person"/>
		<feat xlink:href="#sSpan2681" value="place"/>
		<feat xlink:href="#sSpan2691" value="person"/>
		<feat xlink:href="#sSpan2710" value="person"/>
		<feat xlink:href="#sSpan2756" value="abstract"/>
		<feat xlink:href="#sSpan2799" value="abstract"/>
		<feat xlink:href="#sSpan2815" value="person"/>
		<feat xlink:href="#sSpan2859" value="abstract"/>
		<feat xlink:href="#sSpan2869" value="person"/>
		<feat xlink:href="#sSpan2891" value="abstract"/>
		<feat xlink:href="#sSpan2918" value="abstract"/>
		<feat xlink:href="#sSpan2962" value="abstract"/>
		<feat xlink:href="#sSpan2971" value="person"/>
		<feat xlink:href="#sSpan3017" value="abstract"/>
		<feat xlink:href="#sSpan3027" value="person"/>
		<feat xlink:href="#sSpan3059" value="person"/>
		<feat xlink:href="#sSpan3083" value="abstract"/>
		<feat xlink:href="#sSpan3097" value="abstract"/>
		<feat xlink:href="#sSpan3113" value="person"/>
		<feat xlink:href="#sSpan3150" value="person"/>
		<feat xlink:href="#sSpan3165" value="abstract"/>
		<feat xlink:href="#sSpan3207" value="person"/>
		<feat xlink:href="#sSpan3231" value="abstract"/>
		<feat xlink:href="#sSpan3248" value="abstract"/>
		<feat xlink:href="#sSpan3258" value="abstract"/>
		<feat xlink:href="#sSpan3278" value="object"/>
		<feat xlink:href="#sSpan3292" value="object"/>
		<feat xlink:href="#sSpan3314" value="abstract"/>
		<feat xlink:href="#sSpan3325" value="abstract"/>
		<feat xlink:href="#sSpan3371" value="person"/>
		<feat xlink:href="#sSpan3382" value="abstract"/>
		<feat xlink:href="#sSpan3407" value="abstract"/>
		<feat xlink:href="#sSpan3443" value="person"/>
		<feat xlink:href="#sSpan3469" value="person"/>
		<feat xlink:href="#sSpan3480" value="person"/>
		<feat xlink:href="#sSpan3530" value="person"/>
		<feat xlink:href="#sSpan3669" value="person"/>
		<feat xlink:href="#sSpan3691" value="abstract"/>
		<feat xlink:href="#sSpan3704" value="abstract"/>
		<feat xlink:href="#sSpan3720" value="person"/>
		<feat xlink:href="#sSpan3839" value="person"/>
		<feat xlink:href="#sSpan3846" value="person"/>
		<feat xlink:href="#sSpan3871" value="abstract"/>
		<feat xlink:href="#sSpan3907" value="person"/>
		<feat xlink:href="#sSpan3916" value="abstract"/>
		<feat xlink:href="#sSpan3947" value="abstract"/>
		<feat xlink:href="#sSpan3958" value="person"/>
		<feat xlink:href="#sSpan3987" value="person"/>
		<feat xlink:href="#sSpan4019" value="person"/>
		<feat xlink:href="#sSpan4029" value="person"/>
		<feat xlink:href="#sSpan4037" value="person"/>
		<feat xlink:href="#sSpan4055" value="person"/>
		<feat xlink:href="#sSpan4099" value="person"/>
		<feat xlink:href="#sSpan4111" value="person"/>
		<feat xlink:href="#sSpan4179" value="person"/>
		<feat xlink:href="#sSpan4228" value="place"/>
		<feat xlink:href="#sSpan4240" value="place"/>
		<feat xlink:href="#sSpan4249" value="person"/>
		<feat xlink:href="#sSpan4271" value="abstract"/>
		<feat xlink:href="#sSpan4311" value="place"/>
		<feat xlink:href="#sSpan4320" value="abstract"/>
		<feat xlink:href="#sSpan4343" value="place"/>
		<feat xlink:href="#sSpan4453" value="time"/>
		<feat xlink:href="#sSpan4469" value="abstract"/>
		<feat xlink:href="#sSpan4483" value="abstract"/>
		<feat xlink:href="#sSpan4488" value="animal"/>
		<feat xlink:href="#sSpan4502" value="place"/>
		<feat xlink:href="#sSpan4516" value="animal"/>
		<feat xlink:href="#sSpan4549" value="person"/>
		<feat xlink:href="#sSpan4557" value="time"/>
		<feat xlink:href="#sSpan4564" value="person"/>
		<feat xlink:href="#sSpan4576" value="plant"/>
		<feat xlink:href="#sSpan4600" value="person"/>
		<feat xlink:href="#sSpan4623" value="place"/>
		<feat xlink:href="#sSpan4633" value="abstract"/>
		<feat xlink:href="#sSpan4681" value="place"/>
		<feat xlink:href="#sSpan4695" value="place"/>
		<feat xlink:href="#sSpan4705" value="person"/>
		<feat xlink:href="#sSpan4752" value="person"/>
		<feat xlink:href="#sSpan4763" value="person"/>
		<feat xlink:href="#sSpan4812" value="person"/>
		<feat xlink:href="#sSpan4823" value="abstract"/>
		<feat xlink:href="#sSpan4869" value="person"/>
		<feat xlink:href="#sSpan4880" value="abstract"/>
		<feat xlink:href="#sSpan4907" value="abstract"/>
		<feat xlink:href="#sSpan4926" value="person"/>
		<feat xlink:href="#sSpan4951" value="abstract"/>
		<feat xlink:href="#sSpan4962" value="abstract"/>
		<feat xlink:href="#sSpan4977" value="person"/>
		<feat xlink:href="#sSpan4994" value="abstract"/>
		<feat xlink:href="#sSpan5010" value="person"/>
		<feat xlink:href="#sSpan5026" value="person"/>
		<feat xlink:href="#sSpan5047" value="person"/>
		<feat xlink:href="#sSpan5106" value="person"/>
		<feat xlink:href="#sSpan5116" value="place"/>
		<feat xlink:href="#sSpan5129" value="place"/>
		<feat xlink:href="#sSpan5149" value="person"/></featList></paula>