<?xml version='1.0' encoding='UTF-8'?><!DOCTYPE paula SYSTEM "paula_feat.dtd">
<paula version="1.1">
	<header paula_id="scriptorium.YA535-540.mark_norm_group"/>
	<featList xmlns:xlink="http://www.w3.org/1999/xlink" type="norm_group" xml:base="scriptorium.YA535-540.mark.xml">
		<feat xlink:href="#sSpan5" value="ⲧⲙⲧⲣⲉϥⲧⲱⲱⲃⲉ"/>
		<feat xlink:href="#sSpan23" value="ⲛⲛⲉⲧⲙⲟⲩⲟⲩⲧ"/>
		<feat xlink:href="#sSpan35" value="ⲙⲙⲟⲟⲩ"/>
		<feat xlink:href="#sSpan41" value="ⲁⲩⲱ"/>
		<feat xlink:href="#sSpan46" value="ⲉⲧⲙⲁⲥⲧⲓⲅⲟⲩ"/>
		<feat xlink:href="#sSpan53" value="ⲙⲙⲟⲟⲩ"/>
		<feat xlink:href="#sSpan59" value="·"/>
		<feat xlink:href="#sSpan63" value="ⲛⲧϩⲉ"/>
		<feat xlink:href="#sSpan73" value="ⲉϣⲁⲩⲥⲩⲣⲁ"/>
		<feat xlink:href="#sSpan84" value="ⲙⲙⲟⲟⲩ"/>
		<feat xlink:href="#sSpan90" value="ⲛⲥⲉⲛⲟϫⲟⲩ"/>
		<feat xlink:href="#sSpan105" value="ⲉⲃⲟⲗ"/>
		<feat xlink:href="#sSpan109" value="ⲡⲃⲟⲗ"/>
		<feat xlink:href="#sSpan117" value="ⲛⲧⲡⲟⲗⲓⲥ"/>
		<feat xlink:href="#sSpan127" value="ⲙⲛⲛⲉϣⲁⲩⲁⲁⲩ"/>
		<feat xlink:href="#sSpan146" value="ⲛⲁⲩ"/>
		<feat xlink:href="#sSpan153" value="ⲧⲏⲣⲟⲩ"/>
		<feat xlink:href="#sSpan159" value="ϩⲛⲛⲥⲩⲛⲁⲅⲱⲅⲏ"/>
		<feat xlink:href="#sSpan170" value="ⲁⲩⲱ"/>
		<feat xlink:href="#sSpan175" value="ϩⲛⲛⲥⲩⲛϩⲉⲇⲣⲓⲟⲛ"/>
		<feat xlink:href="#sSpan185" value="·"/>
		<feat xlink:href="#sSpan189" value="ⲙⲛⲧϩⲉ"/>
		<feat xlink:href="#sSpan202" value="ⲉⲧⲉϣⲁⲩϫⲓⲧⲟⲩ"/>
		<feat xlink:href="#sSpan215" value="ⲉⲛϩⲏⲅⲉⲙⲱⲛ"/>
		<feat xlink:href="#sSpan225" value="ⲙⲛⲛⲉⲣⲱⲟⲩ"/>
		<feat xlink:href="#sSpan235" value="·"/>
		<feat xlink:href="#sSpan239" value="ⲙⲛϩⲉⲛⲛⲟϭ"/>
		<feat xlink:href="#sSpan249" value="ⲛϩⲓⲥⲉ"/>
		<feat xlink:href="#sSpan255" value="ϣⲁϩⲣⲁⲓ"/>
		<feat xlink:href="#sSpan260" value="ⲉⲡⲙⲟⲩ"/>
		<feat xlink:href="#sSpan268" value="·"/>
		<feat xlink:href="#sSpan273" value="ⲉⲛⲉⲓⲣⲉ"/>
		<feat xlink:href="#sSpan287" value="ϭⲉ"/>
		<feat xlink:href="#sSpan291" value="ⲙⲡⲙⲉⲉⲩⲉ"/>
		<feat xlink:href="#sSpan300" value="ⲛⲛϩⲓⲥⲉ"/>
		<feat xlink:href="#sSpan309" value="ⲛⲛⲉⲓⲡⲉⲧⲟⲩⲁⲁⲃ"/>
		<feat xlink:href="#sSpan323" value="ⲧⲏⲣⲟⲩ"/>
		<feat xlink:href="#sSpan329" value="·"/>
		<feat xlink:href="#sSpan333" value="ⲁⲩⲱ"/>
		<feat xlink:href="#sSpan342" value="ⲉⲛϯ"/>
		<feat xlink:href="#sSpan350" value="ⲛϩⲧⲏⲛ"/>
		<feat xlink:href="#sSpan358" value="ⲛⲧϩⲉ"/>
		<feat xlink:href="#sSpan367" value="ⲛⲧⲁϥⲕⲁⲧⲁⲫⲣⲟⲛⲉⲓ"/>
		<feat xlink:href="#sSpan379" value="ⲙⲡϣⲓⲡⲉ"/>
		<feat xlink:href="#sSpan389" value="ⲛϭⲓⲡⲉⲛϫⲟⲉⲓⲥ"/>
		<feat xlink:href="#sSpan401" value="ⲓⲏⲥⲟⲩⲥ"/>
		<feat xlink:href="#sSpan405" value="·"/>
		<feat xlink:href="#sSpan410" value="ⲉⲁϥϩⲩⲡⲟⲙⲓⲛⲉ"/>
		<feat xlink:href="#sSpan425" value="ⲉⲡⲉⲥⲧⲁⲩⲣⲟⲥ"/>
		<feat xlink:href="#sSpan435" value="ⲉⲧⲃⲉⲧⲉⲛⲥⲱⲧⲏⲣⲓⲁ"/>
		<feat xlink:href="#sSpan446" value="ⲧⲏⲣⲛ"/>
		<feat xlink:href="#sSpan453" value="·"/>
		<feat xlink:href="#sSpan457" value="ϫⲉⲛⲧⲟϥ"/>
		<feat xlink:href="#sSpan467" value="ⲡⲉ"/>
		<feat xlink:href="#sSpan473" value="ⲡⲉⲛⲥⲱⲧⲏⲣ"/>
		<feat xlink:href="#sSpan479" value="ⲛⲧⲟϥ"/>
		<feat xlink:href="#sSpan484" value="ⲡⲉ"/>
		<feat xlink:href="#sSpan489" value="ⲡⲉⲛϫⲟⲉⲓⲥ"/>
		<feat xlink:href="#sSpan496" value="ⲁⲩⲱ"/>
		<feat xlink:href="#sSpan501" value="ⲡⲉⲛⲉⲓⲱⲧ"/>
		<feat xlink:href="#sSpan508" value="·"/>
		<feat xlink:href="#sSpan512" value="ⲉⲛⲥⲟⲟⲩⲛ"/>
		<feat xlink:href="#sSpan527" value="ⲇⲉ"/>
		<feat xlink:href="#sSpan531" value="ⲟⲛ"/>
		<feat xlink:href="#sSpan535" value="ⲙⲡⲁⲓ"/>
		<feat xlink:href="#sSpan543" value="ϫⲉⲡⲁⲅⲁⲑⲟⲥ"/>
		<feat xlink:href="#sSpan555" value="ⲡⲛⲟⲩⲧⲉ"/>
		<feat xlink:href="#sSpan562" value="ⲛϣⲁⲛϩⲧⲏϥ"/>
		<feat xlink:href="#sSpan575" value="ϥϥⲓ"/>
		<feat xlink:href="#sSpan581" value="ⲉϩⲣⲁⲓ"/>
		<feat xlink:href="#sSpan585" value="ϩⲁⲣⲟⲛ"/>
		<feat xlink:href="#sSpan592" value="ⲧⲏⲣⲛ"/>
		<feat xlink:href="#sSpan598" value="ϫⲓⲛϫⲱϥ"/>
		<feat xlink:href="#sSpan608" value="ⲙⲡⲕⲁϩ"/>
		<feat xlink:href="#sSpan617" value="·"/>
		<feat xlink:href="#sSpan621" value="ϣⲁⲁⲣⲏϫⲥ"/>
		<feat xlink:href="#sSpan630" value="ⲛⲧⲟⲓⲕⲟⲩⲙⲉⲛⲏ"/>
		<feat xlink:href="#sSpan641" value="ϫⲓⲛⲧⲁⲣⲭⲏ"/>
		<feat xlink:href="#sSpan655" value="ⲛⲧⲁϥⲥⲱⲛⲧ"/>
		<feat xlink:href="#sSpan666" value="ⲙⲡⲣⲱⲙⲉ"/>
		<feat xlink:href="#sSpan676" value="ϩⲓϫⲙⲡⲕⲁϩ"/>
		<feat xlink:href="#sSpan685" value="ϣⲁϩⲣⲁⲓ"/>
		<feat xlink:href="#sSpan690" value="ⲉⲡⲟⲟⲩ"/>
		<feat xlink:href="#sSpan699" value="ⲛϩⲟⲟⲩ"/>
		<feat xlink:href="#sSpan707" value="·"/>
		<feat xlink:href="#sSpan711" value="ⲁⲩⲱ"/>
		<feat xlink:href="#sSpan719" value="ⲟⲛ"/>
		<feat xlink:href="#sSpan724" value="ⲉϥⲛⲁϥⲓ"/>
		<feat xlink:href="#sSpan734" value="ϣⲁϩⲣⲁⲓ"/>
		<feat xlink:href="#sSpan739" value="ⲉⲧⲥⲩⲛⲧⲉⲗⲓⲁ"/>
		<feat xlink:href="#sSpan750" value="ⲙⲡⲁⲓⲱⲛ"/>
		<feat xlink:href="#sSpan760" value="·"/>
		<feat xlink:href="#sSpan764" value="ϩⲙⲡⲁϣⲁⲓ"/>
		<feat xlink:href="#sSpan774" value="ⲙⲡⲉϥⲛⲁ"/>
		<feat xlink:href="#sSpan784" value="ϫⲉⲁⲛⲟⲛ"/>
		<feat xlink:href="#sSpan795" value="ⲛⲉϥϩⲙϩⲁⲗ"/>
		<feat xlink:href="#sSpan802" value="ⲁⲩⲱ"/>
		<feat xlink:href="#sSpan806" value="ⲛⲧⲟϥ"/>
		<feat xlink:href="#sSpan812" value="ⲡⲉ"/>
		<feat xlink:href="#sSpan816" value="ⲡⲉⲛⲁⲣⲭⲱⲛ"/>
		<feat xlink:href="#sSpan824" value="·"/>
		<feat xlink:href="#sSpan828" value="ⲁⲩⲱ"/>
		<feat xlink:href="#sSpan833" value="ⲡⲉⲛⲣⲣⲟ"/>
		<feat xlink:href="#sSpan840" value="·"/>
		<feat xlink:href="#sSpan845" value="ⲉⲧⲃⲉⲡⲁⲓ"/>
		<feat xlink:href="#sSpan859" value="ⲙⲡⲣⲧⲣⲉⲛⲁⲡⲟⲧⲁⲥⲥⲉ"/>
		<feat xlink:href="#sSpan869" value="ⲉⲧⲙⲧⲣⲉⲛϥⲓ"/>
		<feat xlink:href="#sSpan884" value="ϩⲁⲛⲉⲛⲉⲣⲏⲩ"/>
		<feat xlink:href="#sSpan896" value="·"/>
		<feat xlink:href="#sSpan900" value="ϫⲉⲛⲛⲉⲡⲛⲟⲩⲧⲉ"/>
		<feat xlink:href="#sSpan912" value="ϭⲱⲛⲧ"/>
		<feat xlink:href="#sSpan917" value="ⲉⲣⲟⲛ"/>
		<feat xlink:href="#sSpan924" value="ϫⲉⲙⲡⲁⲧⲉⲛⲱⲥⲕ"/>
		<feat xlink:href="#sSpan936" value="ⲅⲁⲣ"/>
		<feat xlink:href="#sSpan940" value="ⲛϥⲓ"/>
		<feat xlink:href="#sSpan948" value="ϩⲁⲛⲉⲛⲉⲣⲏⲩ"/>
		<feat xlink:href="#sSpan956" value="ⲛⲧϩⲉ"/>
		<feat xlink:href="#sSpan965" value="ⲙⲡϫⲟⲉⲓⲥ"/>
		<feat xlink:href="#sSpan974" value="ⲁⲩⲱ"/>
		<feat xlink:href="#sSpan980" value="ⲡⲉϥⲭⲣⲓⲥⲧⲟⲥ"/>
		<feat xlink:href="#sSpan987" value="·"/>
		<feat xlink:href="#sSpan991" value="ⲙⲛⲛⲉϥⲁⲅⲅⲉⲗⲟⲥ"/>
		<feat xlink:href="#sSpan1002" value="ⲉⲧⲟⲩⲁⲁⲃ"/>
		<feat xlink:href="#sSpan1009" value="·"/>
		<feat xlink:href="#sSpan1013" value="ⲉⲧϥⲓ"/>
		<feat xlink:href="#sSpan1020" value="ϩⲁⲣⲟⲛ"/>
		<feat xlink:href="#sSpan1026" value="ϫⲓⲛⲧⲁⲣⲭⲏ"/>
		<feat xlink:href="#sSpan1036" value="ⲙⲡⲥⲱⲛⲧ"/>
		<feat xlink:href="#sSpan1044" value="ϣⲁϩⲣⲁⲓ"/>
		<feat xlink:href="#sSpan1050" value="ⲉⲡⲟⲟⲩ"/>
		<feat xlink:href="#sSpan1058" value="ⲛϩⲟⲟⲩ"/>
		<feat xlink:href="#sSpan1066" value="ⲁⲩⲱ"/>
		<feat xlink:href="#sSpan1070" value="ⲟⲛ"/>
		<feat xlink:href="#sSpan1074" value="ϣⲁⲉⲛⲉϩ"/>
		<feat xlink:href="#sSpan1082" value="·"/>
		<feat xlink:href="#sSpan1088" value="ⲁⲗⲗⲁ"/>
		<feat xlink:href="#sSpan1097" value="ⲙⲁⲣⲛⲣϩⲙϩⲁⲗ"/>
		<feat xlink:href="#sSpan1108" value="ⲛⲛⲉⲛⲉⲣⲏⲩ"/>
		<feat xlink:href="#sSpan1116" value="ⲛⲧϩⲉ"/>
		<feat xlink:href="#sSpan1125" value="ⲛⲓⲏⲥⲟⲩⲥ"/>
		<feat xlink:href="#sSpan1134" value="·"/>
		<feat xlink:href="#sSpan1138" value="ⲡⲁⲓ"/>
		<feat xlink:href="#sSpan1142" value="ⲛⲧⲁϥϫⲓ"/>
		<feat xlink:href="#sSpan1153" value="ⲛⲟⲩⲙⲟⲣⲫⲏ"/>
		<feat xlink:href="#sSpan1164" value="ⲛϩⲙϩⲁⲗ"/>
		<feat xlink:href="#sSpan1172" value="ⲉⲧⲃⲏⲏⲧⲛ"/>
		<feat xlink:href="#sSpan1178" value="ⲁⲩⲱ"/>
		<feat xlink:href="#sSpan1187" value="ⲛⲧϩⲉ"/>
		<feat xlink:href="#sSpan1195" value="ⲙⲡⲁⲩⲗⲟⲥ"/>
		<feat xlink:href="#sSpan1205" value="ⲡϩⲙϩⲁⲗ"/>
		<feat xlink:href="#sSpan1211" value="ⲛⲓⲏⲥⲟⲩⲥ"/>
		<feat xlink:href="#sSpan1221" value="·"/>
		<feat xlink:href="#sSpan1225" value="ⲁⲩⲱ"/>
		<feat xlink:href="#sSpan1233" value="ⲛⲧϩⲉ"/>
		<feat xlink:href="#sSpan1241" value="ⲛⲛⲁⲡⲟⲥⲧⲟⲗⲟⲥ"/>
		<feat xlink:href="#sSpan1252" value="ⲧⲏⲣⲟⲩ"/>
		<feat xlink:href="#sSpan1259" value="·"/>
		<feat xlink:href="#sSpan1263" value="ⲙⲛⲛⲉⲡⲣⲟⲫⲏⲧⲏⲥ"/>
		<feat xlink:href="#sSpan1274" value="ⲧⲏⲣⲟⲩ"/>
		<feat xlink:href="#sSpan1281" value="·"/>
		<feat xlink:href="#sSpan1285" value="ⲛⲁⲓ"/>
		<feat xlink:href="#sSpan1289" value="ⲛⲧⲁⲩϣⲱⲡⲉ"/>
		<feat xlink:href="#sSpan1300" value="ⲛϩⲙϩⲁⲗ"/>
		<feat xlink:href="#sSpan1307" value="ⲙⲡϫⲟⲉⲓⲥ"/>
		<feat xlink:href="#sSpan1317" value="·"/>
		<feat xlink:href="#sSpan1321" value="ⲙⲛⲡⲉϥⲭⲣⲓⲥⲧⲟⲥ"/>
		<feat xlink:href="#sSpan1334" value="ⲓⲏⲥⲟⲩⲥ"/>
		<feat xlink:href="#sSpan1339" value="ⲕⲁⲧⲁⲛⲉⲅⲣⲁⲫⲏ"/>
		<feat xlink:href="#sSpan1355" value="·"/>
		<feat xlink:href="#sSpan1359" value="ϫⲉⲁⲓⲧⲛⲛⲟⲟⲩ"/>
		<feat xlink:href="#sSpan1370" value="ϣⲁⲣⲱⲧⲛ"/>
		<feat xlink:href="#sSpan1377" value="ⲛⲛⲁϩⲙϩⲁⲗ"/>
		<feat xlink:href="#sSpan1386" value="ⲛⲉⲡⲣⲟⲫⲏⲧⲏⲥ"/>
		<feat xlink:href="#sSpan1394" value="ⲙⲡⲉϩⲟⲟⲩ"/>
		<feat xlink:href="#sSpan1404" value="ⲙⲡⲛⲁⲩ"/>
		<feat xlink:href="#sSpan1412" value="ⲛϣⲱⲣⲡ"/>
		<feat xlink:href="#sSpan1420" value="ⲁⲩⲱ"/>
		<feat xlink:href="#sSpan1424" value="ⲁⲓⲧⲛⲛⲟⲟⲩⲥⲉ"/>
		<feat xlink:href="#sSpan1436" value="·"/>
		<feat xlink:href="#sSpan1440" value="ⲁⲩⲱ"/>
		<feat xlink:href="#sSpan1445" value="ⲙⲡⲉⲧⲛⲥⲱⲧⲙ"/>
		<feat xlink:href="#sSpan1454" value="·"/>
		<feat xlink:href="#sSpan1460" value="ⲛⲧⲁⲁⲛⲉⲡⲣⲟⲫⲏⲧⲏⲥ"/>
		<feat xlink:href="#sSpan1478" value="ⲙⲛⲛⲁⲡⲟⲥⲧⲟⲗⲟⲥ"/>
		<feat xlink:href="#sSpan1490" value="ⲣϩⲙϩⲁⲗ"/>
		<feat xlink:href="#sSpan1496" value="ⲙⲡϫⲟⲉⲓⲥ"/>
		<feat xlink:href="#sSpan1506" value="ⲏ"/>
		<feat xlink:href="#sSpan1512" value="ⲡⲉϥⲭⲣⲓⲥⲧⲟⲥ"/>
		<feat xlink:href="#sSpan1519" value="ϩⲛⲟⲩ"/>
		<feat xlink:href="#sSpan1526" value="ⲉⲓⲙⲏⲧⲓ"/>
		<feat xlink:href="#sSpan1531" value="ⲉⲧⲣⲉⲩⲥⲟⲧⲡⲥ"/>
		<feat xlink:href="#sSpan1544" value="ⲛⲁⲩ"/>
		<feat xlink:href="#sSpan1550" value="ⲉϣⲡϩⲓⲥⲉ"/>
		<feat xlink:href="#sSpan1559" value="ⲙⲛϩⲉⲛⲕⲟⲟⲩⲉ"/>
		<feat xlink:href="#sSpan1569" value="·"/>
		<feat xlink:href="#sSpan1573" value="ⲁⲩⲱ"/>
		<feat xlink:href="#sSpan1578" value="ⲛⲥⲉⲙⲟⲩ"/>
		<feat xlink:href="#sSpan1586" value="ϩⲁⲡⲣⲁⲛ"/>
		<feat xlink:href="#sSpan1596" value="ⲛⲓⲏⲥⲟⲩⲥ"/>
		<feat xlink:href="#sSpan1606" value="ⲉⲧⲃⲉⲡⲁⲓ"/>
		<feat xlink:href="#sSpan1618" value="ⲛⲧⲉⲣⲉϥϣⲣⲡⲉⲓⲙⲉ"/>
		<feat xlink:href="#sSpan1629" value="ⲛϭⲓⲡϫⲟⲉⲓⲥ"/>
		<feat xlink:href="#sSpan1641" value="ⲓⲏⲥⲟⲩⲥ"/>
		<feat xlink:href="#sSpan1645" value="ϫⲉⲛⲉⲛⲉⲓⲟⲧⲉ"/>
		<feat xlink:href="#sSpan1655" value="ⲛⲁⲡⲟⲥⲧⲟⲗⲟⲥ"/>
		<feat xlink:href="#sSpan1664" value="ⲥⲉⲛⲁⲉⲓⲣⲉ"/>
		<feat xlink:href="#sSpan1674" value="ⲛϩⲱⲃ"/>
		<feat xlink:href="#sSpan1683" value="ⲛⲓⲙ"/>
		<feat xlink:href="#sSpan1687" value="ⲛⲧⲁϥϩⲱⲛ"/>
		<feat xlink:href="#sSpan1698" value="ⲙⲙⲟⲟⲩ"/>
		<feat xlink:href="#sSpan1704" value="ⲉⲧⲟⲟⲧⲟⲩ"/>
		<feat xlink:href="#sSpan1711" value="·"/>
		<feat xlink:href="#sSpan1715" value="ⲉϥⲛⲁⲃⲱⲕ"/>
		<feat xlink:href="#sSpan1727" value="ⲉⲃⲟⲗ"/>
		<feat xlink:href="#sSpan1731" value="ϩⲓⲧⲟⲟⲧⲟⲩ"/>
		<feat xlink:href="#sSpan1738" value="ⲉϩⲣⲁⲓ"/>
		<feat xlink:href="#sSpan1746" value="ⲉⲙⲡⲏⲩⲉ"/>
		<feat xlink:href="#sSpan1756" value="ⲕⲁⲧⲁⲛⲉⲅⲣⲁⲫⲏ"/>
		<feat xlink:href="#sSpan1767" value="·"/>
		<feat xlink:href="#sSpan1771" value="ⲁⲩⲱ"/>
		<feat xlink:href="#sSpan1780" value="ⲛⲧϩⲉ"/>
		<feat xlink:href="#sSpan1788" value="ⲟⲛ"/>
		<feat xlink:href="#sSpan1792" value="ⲛⲧⲁⲩϫⲱⲕ"/>
		<feat xlink:href="#sSpan1803" value="ⲉⲃⲟⲗ"/>
		<feat xlink:href="#sSpan1808" value="ⲛⲛⲉⲛⲧⲁϥⲟⲩⲉϩⲥⲁϩⲛⲉ"/>
		<feat xlink:href="#sSpan1826" value="ⲙⲙⲟⲟⲩ"/>
		<feat xlink:href="#sSpan1833" value="ⲛⲁⲩ"/>
		<feat xlink:href="#sSpan1839" value="ϫⲓⲛⲛϣⲟⲣⲡ"/>
		<feat xlink:href="#sSpan1848" value="ⲉϥϣⲟⲟⲡ"/>
		<feat xlink:href="#sSpan1857" value="ⲛⲙⲙⲁⲩ"/>
		<feat xlink:href="#sSpan1863" value="ⲛϭⲓⲡϫⲟⲉⲓⲥ"/>
		<feat xlink:href="#sSpan1874" value="ⲙⲡⲉⲟⲟⲩ"/>
		<feat xlink:href="#sSpan1885" value="ⲓⲏⲥⲟⲩⲥ"/>
		<feat xlink:href="#sSpan1889" value="·"/>
		<feat xlink:href="#sSpan1894" value="ⲉⲧⲃⲉⲡⲁⲓ"/>
		<feat xlink:href="#sSpan1906" value="ⲡⲉϫⲁϥ"/>
		<feat xlink:href="#sSpan1913" value="ⲛⲁⲩ"/>
		<feat xlink:href="#sSpan1919" value="ϫⲉϯⲛⲁⲙⲟⲩⲧⲉ"/>
		<feat xlink:href="#sSpan1930" value="ϭⲉ"/>
		<feat xlink:href="#sSpan1934" value="ⲁⲛ"/>
		<feat xlink:href="#sSpan1938" value="ⲉⲣⲱⲧⲛ"/>
		<feat xlink:href="#sSpan1946" value="ϫⲓⲛⲧⲉⲛⲟⲩ"/>
		<feat xlink:href="#sSpan1953" value="ϫⲉⲛⲁϩⲙϩⲁⲗ"/>
		<feat xlink:href="#sSpan1963" value="·"/>
		<feat xlink:href="#sSpan1967" value="ϫⲉⲙⲡϩⲙϩⲁⲗ"/>
		<feat xlink:href="#sSpan1979" value="ⲥⲟⲟⲩⲛ"/>
		<feat xlink:href="#sSpan1983" value="ⲁⲛ"/>
		<feat xlink:href="#sSpan1987" value="ϫⲉⲟⲩ"/>
		<feat xlink:href="#sSpan1994" value="ⲡⲉⲧⲉⲣⲉⲡⲉϥϫⲟⲉⲓⲥ"/>
		<feat xlink:href="#sSpan2006" value="ⲉⲓⲣⲉ"/>
		<feat xlink:href="#sSpan2011" value="ⲙⲙⲟϥ"/>
		<feat xlink:href="#sSpan2017" value="·"/>
		<feat xlink:href="#sSpan2022" value="ⲁⲗⲗⲁ"/>
		<feat xlink:href="#sSpan2031" value="ⲉⲓⲛⲁⲙⲟⲩⲧⲉ"/>
		<feat xlink:href="#sSpan2041" value="ⲉⲣⲱⲧⲛ"/>
		<feat xlink:href="#sSpan2048" value="ϫⲉⲛⲁⲥⲛⲏⲩ"/>
		<feat xlink:href="#sSpan2058" value="ⲁⲩⲱ"/>
		<feat xlink:href="#sSpan2063" value="ⲛⲁϣⲃⲉⲉⲣ"/>
		<feat xlink:href="#sSpan2070" value="·"/>
		<feat xlink:href="#sSpan2074" value="ϫⲉⲛⲉⲛⲧⲁⲓⲥⲟⲧⲙⲟⲩ"/>
		<feat xlink:href="#sSpan2093" value="ⲧⲏⲣⲟⲩ"/>
		<feat xlink:href="#sSpan2099" value="ⲛⲧⲉⲡⲁⲉⲓⲱⲧ"/>
		<feat xlink:href="#sSpan2109" value="ⲁⲓⲧⲁⲙⲱⲧⲛ"/>
		<feat xlink:href="#sSpan2120" value="ⲉⲣⲟⲟⲩ"/>
		<feat xlink:href="#sSpan2126" value="·"/>
		<feat xlink:href="#sSpan2130" value="ⲛⲧⲱⲧⲛ"/>
		<feat xlink:href="#sSpan2139" value="ⲁⲛ"/>
		<feat xlink:href="#sSpan2143" value="ⲡⲉϫⲁϥ"/>
		<feat xlink:href="#sSpan2150" value="ⲁⲧⲉⲧⲛⲥⲟⲧⲡⲧ"/>
		<feat xlink:href="#sSpan2162" value="·"/>
		<feat xlink:href="#sSpan2167" value="ⲁⲗⲗⲁ"/>
		<feat xlink:href="#sSpan2175" value="ⲁⲛⲟⲕ"/>
		<feat xlink:href="#sSpan2180" value="ⲁⲓⲥⲉⲧⲡⲧⲏⲩⲧⲛ"/>
		<feat xlink:href="#sSpan2191" value="·"/>
		<feat xlink:href="#sSpan2195" value="ⲁⲩⲱ"/>
		<feat xlink:href="#sSpan2203" value="ϯϫⲟⲟⲩ"/>
		<feat xlink:href="#sSpan2210" value="ⲙⲙⲱⲧⲛ"/>
		<feat xlink:href="#sSpan2217" value="ⲛⲧϩⲉ"/>
		<feat xlink:href="#sSpan2225" value="ⲛϩⲉⲛⲉⲥⲟⲟⲩ"/>
		<feat xlink:href="#sSpan2235" value="ⲛⲧⲙⲏⲧⲉ"/>
		<feat xlink:href="#sSpan2245" value="ⲛϩⲉⲛⲟⲩⲱⲛϣ"/>
		<feat xlink:href="#sSpan2255" value="ⲙⲡⲣⲣϩⲟⲧⲉϩⲏⲧⲟⲩ"/>
		<feat xlink:href="#sSpan2273" value="ⲛⲛⲉⲧⲛⲁⲙⲟⲩⲟⲩⲧ"/>
		<feat xlink:href="#sSpan2287" value="ⲙⲡⲉⲧⲛⲥⲱⲙⲁ"/>
		<feat xlink:href="#sSpan2298" value="·"/>
		<feat xlink:href="#sSpan2302" value="ⲉϣϫⲉ"/>
		<feat xlink:href="#sSpan2311" value="ⲁⲩⲡⲱⲧ"/>
		<feat xlink:href="#sSpan2319" value="ⲛⲥⲱⲉⲓ"/>
		<feat xlink:href="#sSpan2326" value="ⲥⲉⲛⲁⲡⲱⲧ"/>
		<feat xlink:href="#sSpan2335" value="ⲛⲥⲁⲧⲏⲩⲧⲛ"/>
		<feat xlink:href="#sSpan2342" value="·"/>
		<feat xlink:href="#sSpan2346" value="ⲉϣϫⲉ"/>
		<feat xlink:href="#sSpan2355" value="ⲁⲩϩⲁⲣⲉϩ"/>
		<feat xlink:href="#sSpan2363" value="ⲉⲡⲁϣⲁϫⲉ"/>
		<feat xlink:href="#sSpan2372" value="ⲥⲉⲛⲁϩⲁⲣⲉϩ"/>
		<feat xlink:href="#sSpan2381" value="ⲟⲛ"/>
		<feat xlink:href="#sSpan2385" value="ⲉⲡⲱⲧⲛ"/>
		<feat xlink:href="#sSpan2392" value="·"/>
		<feat xlink:href="#sSpan2396" value="ⲉϣϫⲉ"/>
		<feat xlink:href="#sSpan2405" value="ⲁⲩⲙⲟⲩⲧⲉ"/>
		<feat xlink:href="#sSpan2414" value="ⲉⲡϫⲟⲉⲓⲥ"/>
		<feat xlink:href="#sSpan2423" value="ⲙⲡⲏⲓ"/>
		<feat xlink:href="#sSpan2433" value="ϫⲉⲃⲉⲉⲗⲍⲉⲃⲟⲩⲗ"/>
		<feat xlink:href="#sSpan2443" value="·"/>
		<feat xlink:href="#sSpan2447" value="ⲉⲓⲉ"/>
		<feat xlink:href="#sSpan2452" value="ⲉⲩⲛⲁⲛⲟϭⲛⲉϭ"/>
		<feat xlink:href="#sSpan2463" value="ⲛⲟⲩⲏⲣ"/>
		<feat xlink:href="#sSpan2469" value="ⲛⲛⲉϥⲣⲙⲛⲏⲓ"/>
		<feat xlink:href="#sSpan2482" value="ϩⲛⲟⲩⲕⲱⲙϣ"/>
		<feat xlink:href="#sSpan2492" value="ⲙⲛⲟⲩⲥⲱϣϥ"/>
		<feat xlink:href="#sSpan2502" value="·"/>
		<feat xlink:href="#sSpan2507" value="ⲁⲛⲁⲩ"/>
		<feat xlink:href="#sSpan2517" value="ⲧⲉⲛⲟⲩ"/>
		<feat xlink:href="#sSpan2522" value="ⲛⲉⲥⲛⲏⲩ"/>
		<feat xlink:href="#sSpan2529" value="ϫⲉⲧⲛⲧϭⲁⲓⲏⲩ"/>
		<feat xlink:href="#sSpan2538" value="ⲛⲟⲩⲏⲣ"/>
		<feat xlink:href="#sSpan2548" value="ϫⲉⲁⲛⲉⲛⲉⲓⲟⲧⲉ"/>
		<feat xlink:href="#sSpan2560" value="ⲛⲉⲡⲣⲟⲫⲏⲧⲏⲥ"/>
		<feat xlink:href="#sSpan2568" value="ⲙⲛⲛⲁⲡⲟⲥⲧⲟⲗⲟⲥ"/>
		<feat xlink:href="#sSpan2579" value="ϫⲱⲕ"/>
		<feat xlink:href="#sSpan2583" value="ⲉⲃⲟⲗ"/>
		<feat xlink:href="#sSpan2588" value="ⲛϩⲉⲛⲛⲟϭ"/>
		<feat xlink:href="#sSpan2597" value="ⲛϩⲓⲥⲉ"/>
		<feat xlink:href="#sSpan2604" value=","/>
		<feat xlink:href="#sSpan2608" value="ϩⲛⲟⲩⲙⲛⲧϩⲙϩⲁⲗ"/>
		<feat xlink:href="#sSpan2620" value="ⲉⲛⲁϣⲱⲥ"/>
		<feat xlink:href="#sSpan2629" value="·"/>
		<feat xlink:href="#sSpan2633" value="ⲛⲧⲙⲏⲧⲉ"/>
		<feat xlink:href="#sSpan2647" value="ⲛⲛⲉⲧϩⲟⲟⲩ"/>
		<feat xlink:href="#sSpan2659" value="ⲙⲛⲛⲉⲧⲛⲁⲛⲟⲩⲟⲩ"/>
		<feat xlink:href="#sSpan2673" value="ⲁⲩⲱ"/>
		<feat xlink:href="#sSpan2677" value="ⲛⲧⲙⲏⲧⲉ"/>
		<feat xlink:href="#sSpan2687" value="ⲛⲛⲉⲧⲙⲟⲥⲧⲉ"/>
		<feat xlink:href="#sSpan2699" value="ⲙⲙⲟⲟⲩ"/>
		<feat xlink:href="#sSpan2705" value="ⲙⲛⲛⲉⲧⲙⲉ"/>
		<feat xlink:href="#sSpan2717" value="ⲙⲙⲟⲟⲩ"/>
		<feat xlink:href="#sSpan2724" value="·"/>
		<feat xlink:href="#sSpan2729" value="ⲁⲛⲟⲛ"/>
		<feat xlink:href="#sSpan2739" value="ⲇⲉ"/>
		<feat xlink:href="#sSpan2743" value="ϩⲱⲱⲛ"/>
		<feat xlink:href="#sSpan2749" value="ⲛⲧⲛϣⲓⲡⲉ"/>
		<feat xlink:href="#sSpan2759" value="ⲁⲛ"/>
		<feat xlink:href="#sSpan2763" value="ⲉⲛϫⲱ"/>
		<feat xlink:href="#sSpan2772" value="ⲙⲙⲟⲥ"/>
		<feat xlink:href="#sSpan2778" value="·"/>
		<feat xlink:href="#sSpan2782" value="ϫⲉⲛⲧⲛⲛⲁϥⲓ"/>
		<feat xlink:href="#sSpan2800" value="ⲡⲣⲟⲟⲩϣ"/>
		<feat xlink:href="#sSpan2807" value="ⲁⲛ"/>
		<feat xlink:href="#sSpan2811" value="ⲛⲛⲉⲛⲥⲛⲏⲩ"/>
		<feat xlink:href="#sSpan2822" value="ⲉⲛⲟⲩⲱⲛϩ"/>
		<feat xlink:href="#sSpan2835" value="ⲙⲙⲟⲛ"/>
		<feat xlink:href="#sSpan2841" value="ⲉⲃⲟⲗ"/>
		<feat xlink:href="#sSpan2846" value="ⲛⲁⲧⲙⲡϣⲁ"/>
		<feat xlink:href="#sSpan2855" value="ⲙⲡⲉϩⲙⲟⲧ"/>
		<feat xlink:href="#sSpan2864" value="ⲙⲡϫⲟⲉⲓⲥ"/>
		<feat xlink:href="#sSpan2874" value="ⲛⲧⲁϥⲁⲁⲛ"/>
		<feat xlink:href="#sSpan2887" value="ⲛⲙⲡϣⲁ"/>
		<feat xlink:href="#sSpan2894" value="ⲛⲑⲛⲟⲛ"/>
		<feat xlink:href="#sSpan2903" value="ⲉϩⲟⲩⲛ"/>
		<feat xlink:href="#sSpan2907" value="ⲉⲣⲟϥ"/>
		<feat xlink:href="#sSpan2914" value="ϩⲛϩⲉⲛϩⲃⲏⲩⲉ"/>
		<feat xlink:href="#sSpan2924" value="ⲛⲧⲛⲙⲡϣⲁ"/>
		<feat xlink:href="#sSpan2937" value="ⲙⲙⲟⲟⲩ"/>
		<feat xlink:href="#sSpan2943" value="ⲁⲛ"/>
		<feat xlink:href="#sSpan2948" value="·"/>
		<feat xlink:href="#sSpan2953" value="ⲉⲧⲃⲉⲡⲁⲓ"/>
		<feat xlink:href="#sSpan2967" value="ⲙⲡⲣⲧⲣⲉⲗⲁⲁⲩ"/>
		<feat xlink:href="#sSpan2975" value="ϩⲣⲁⲓ"/>
		<feat xlink:href="#sSpan2979" value="ⲛϩⲏⲧⲛ"/>
		<feat xlink:href="#sSpan2986" value="ⲏ"/>
		<feat xlink:href="#sSpan2991" value="ϩⲁⲧⲛⲧⲏⲩⲧⲛ"/>
		<feat xlink:href="#sSpan2998" value="ⲛⲧⲱⲧⲛ"/>
		<feat xlink:href="#sSpan3003" value="ⲡⲱϩⲧ"/>
		<feat xlink:href="#sSpan3008" value="ⲉⲃⲟⲗ"/>
		<feat xlink:href="#sSpan3013" value="ⲙⲡⲉϩⲙⲟⲧ"/>
		<feat xlink:href="#sSpan3022" value="ⲙⲡϫⲟⲉⲓⲥ"/>
		<feat xlink:href="#sSpan3032" value="·"/>
		<feat xlink:href="#sSpan3036" value="ⲛⲥⲉⲡⲱⲧ"/>
		<feat xlink:href="#sSpan3050" value="ⲉⲃⲟⲗ"/>
		<feat xlink:href="#sSpan3054" value="ⲛϩⲉⲛⲕⲟⲟⲩⲉ"/>
		<feat xlink:href="#sSpan3065" value="ⲉⲁⲩϭⲁⲗⲱⲟⲩ"/>
		<feat xlink:href="#sSpan3078" value="ⲉⲣⲟⲟⲩ"/>
		<feat xlink:href="#sSpan3086" value="ⲉⲧⲣⲉⲩϥⲓ"/>
		<feat xlink:href="#sSpan3098" value="ⲡⲉⲩⲣⲟⲟⲩϣ"/>
		<feat xlink:href="#sSpan3104" value="ⲉⲃⲟⲗ"/>
		<feat xlink:href="#sSpan3109" value="ϩⲓⲧⲙⲡⲛⲟⲩⲧⲉ"/>
		<feat xlink:href="#sSpan3119" value="·"/>
		<feat xlink:href="#sSpan3123" value="ⲛⲧϩⲉ"/>
		<feat xlink:href="#sSpan3135" value="ϩⲱⲟⲩ"/>
		<feat xlink:href="#sSpan3140" value="ⲟⲛ"/>
		<feat xlink:href="#sSpan3144" value="ⲛⲧⲁϩⲉⲛⲕⲟⲟⲩⲉ"/>
		<feat xlink:href="#sSpan3156" value="ϥⲓ"/>
		<feat xlink:href="#sSpan3160" value="ⲙⲡⲉⲩⲣⲟⲟⲩϣ"/>
		<feat xlink:href="#sSpan3170" value="ϫⲓⲛⲛϣⲟⲣⲡ"/>
		<feat xlink:href="#sSpan3179" value="·"/>
		<feat xlink:href="#sSpan3183" value="ⲁⲩⲱ"/>
		<feat xlink:href="#sSpan3192" value="ⲟⲛ"/>
		<feat xlink:href="#sSpan3196" value="ⲧⲉⲛⲟⲩ"/>
		<feat xlink:href="#sSpan3200" value="ⲉⲩⲛϩⲉⲛⲕⲟⲟⲩⲉ"/>
		<feat xlink:href="#sSpan3213" value="ϥⲓⲣⲟⲟⲩϣ"/>
		<feat xlink:href="#sSpan3219" value="ϩⲁⲣⲟⲟⲩ"/>
		<feat xlink:href="#sSpan3226" value="ϩⲛϩⲱⲃ"/>
		<feat xlink:href="#sSpan3234" value="ⲛⲓⲙ"/>
		<feat xlink:href="#sSpan3239" value="ⲉⲓⲧⲉ"/>
		<feat xlink:href="#sSpan3244" value="ϩⲛⲧⲉⲥⲃⲱ"/>
		<feat xlink:href="#sSpan3254" value="ⲛⲛⲉⲅⲣⲁⲫⲏ"/>
		<feat xlink:href="#sSpan3265" value=","/>
		<feat xlink:href="#sSpan3270" value="ⲉⲓⲧⲉ"/>
		<feat xlink:href="#sSpan3274" value="ϩⲛⲧⲉϩⲣⲉ"/>
		<feat xlink:href="#sSpan3284" value="·"/>
		<feat xlink:href="#sSpan3288" value="ⲙⲛⲧϩⲃⲥⲱ"/>
		<feat xlink:href="#sSpan3297" value="·"/>
		<feat xlink:href="#sSpan3301" value="ⲁⲩⲱ"/>
		<feat xlink:href="#sSpan3306" value="ⲟⲛ"/>
		<feat xlink:href="#sSpan3310" value="ϩⲙⲡⲉⲩϣⲱⲛⲉ"/>
		<feat xlink:href="#sSpan3320" value="ⲙⲛϩⲱⲃ"/>
		<feat xlink:href="#sSpan3328" value="ⲛⲓⲙ"/>
		<feat xlink:href="#sSpan3333" value="ⲉⲧⲟⲩⲟ"/>
		<feat xlink:href="#sSpan3341" value="ⲛϩⲙϩⲁⲗ"/>
		<feat xlink:href="#sSpan3349" value="ⲛⲁⲩ"/>
		<feat xlink:href="#sSpan3353" value="ⲛϩⲏⲧⲟⲩ"/>
		<feat xlink:href="#sSpan3360" value="ⲧⲏⲣⲟⲩ"/>
		<feat xlink:href="#sSpan3366" value="ⲛϭⲓⲛⲉⲧϥⲓ"/>
		<feat xlink:href="#sSpan3378" value="ⲙⲡⲉⲩⲣⲟⲟⲩϣ"/>
		<feat xlink:href="#sSpan3391" value="·"/>
		<feat xlink:href="#sSpan3397" value="ⲉⲧⲃⲉⲡⲁⲓ"/>
		<feat xlink:href="#sSpan3410" value="ⲙⲡⲱⲣ"/>
		<feat xlink:href="#sSpan3414" value="ⲉⲧⲣⲉⲛϫⲟⲟⲥ"/>
		<feat xlink:href="#sSpan3427" value="ⲉⲛϫⲓⲟⲩⲁ"/>
		<feat xlink:href="#sSpan3438" value="ϫⲉⲛⲉⲧⲁⲣⲭⲉⲓ"/>
		<feat xlink:href="#sSpan3451" value="ⲉϩⲣⲁⲓ"/>
		<feat xlink:href="#sSpan3455" value="ⲉϫⲱⲛ"/>
		<feat xlink:href="#sSpan3462" value="ⲛⲧⲟⲟⲩ"/>
		<feat xlink:href="#sSpan3466" value="ⲛⲉⲧⲟ"/>
		<feat xlink:href="#sSpan3476" value="ⲛϫⲟⲉⲓⲥ"/>
		<feat xlink:href="#sSpan3483" value="ⲉⲣⲟⲛ"/>
		<feat xlink:href="#sSpan3490" value="·"/>
		<feat xlink:href="#sSpan3494" value="ⲁⲩⲱ"/>
		<feat xlink:href="#sSpan3502" value="ⲁⲛⲟⲛ"/>
		<feat xlink:href="#sSpan3507" value="ⲉⲛϩⲁⲣⲁⲧⲟⲩ"/>
		<feat xlink:href="#sSpan3518" value="ⲛⲧϩⲉ"/>
		<feat xlink:href="#sSpan3526" value="ⲛⲛⲉⲓϩⲙϩⲁⲗ"/>
		<feat xlink:href="#sSpan3536" value="·"/>
		<feat xlink:href="#sSpan3540" value="ⲛⲛⲉⲧⲁⲣⲭⲉⲓ"/>
		<feat xlink:href="#sSpan3556" value="ⲁⲛ"/>
		<feat xlink:href="#sSpan3560" value="ⲉϩⲣⲁⲓ"/>
		<feat xlink:href="#sSpan3564" value="ⲉϫⲱⲛ"/>
		<feat xlink:href="#sSpan3571" value="ⲛⲉ"/>
		<feat xlink:href="#sSpan3575" value="ⲛⲉⲧϩⲓϫⲱⲛ"/>
		<feat xlink:href="#sSpan3586" value="·"/>
		<feat xlink:href="#sSpan3591" value="ⲁⲗⲗⲁ"/>
		<feat xlink:href="#sSpan3599" value="ⲁⲛⲟⲛ"/>
		<feat xlink:href="#sSpan3604" value="ⲛⲧⲟϥ"/>
		<feat xlink:href="#sSpan3608" value="ⲛⲉⲧϩⲓϫⲱⲟⲩ"/>
		<feat xlink:href="#sSpan3619" value="·"/>
		<feat xlink:href="#sSpan3623" value="ⲁⲩⲱ"/>
		<feat xlink:href="#sSpan3627" value="ⲛⲧⲟⲟⲩ"/>
		<feat xlink:href="#sSpan3632" value="ⲛⲉⲧϩⲁⲣⲁⲧⲛ"/>
		<feat xlink:href="#sSpan3643" value="·"/>
		<feat xlink:href="#sSpan3648" value="ⲏ"/>
		<feat xlink:href="#sSpan3656" value="ⲉⲩⲟ"/>
		<feat xlink:href="#sSpan3665" value="ⲛϩⲙϩⲁⲗ"/>
		<feat xlink:href="#sSpan3672" value="ⲛⲁⲛ"/>
		<feat xlink:href="#sSpan3678" value="ϫⲉⲥⲉϥⲓ"/>
		<feat xlink:href="#sSpan3687" value="ⲙⲡⲉⲛⲣⲟⲟⲩϣ"/>
		<feat xlink:href="#sSpan3699" value="ϩⲛϩⲱⲃ"/>
		<feat xlink:href="#sSpan3707" value="ⲛⲓⲙ"/>
		<feat xlink:href="#sSpan3712" value="ⲉⲃⲟⲗ"/>
		<feat xlink:href="#sSpan3716" value="ϩⲓⲧⲙⲡⲛⲟⲩⲧⲉ"/>
		<feat xlink:href="#sSpan3726" value="·"/>
		<feat xlink:href="#sSpan3731" value="ⲛⲁϣ"/>
		<feat xlink:href="#sSpan3742" value="ⲛϩⲉ"/>
		<feat xlink:href="#sSpan3748" value="ⲁⲛⲉⲡⲣⲟⲫⲏⲧⲏⲥ"/>
		<feat xlink:href="#sSpan3758" value="·"/>
		<feat xlink:href="#sSpan3763" value="ⲙⲛⲛⲁⲡⲟⲥⲧⲟⲗⲟⲥ"/>
		<feat xlink:href="#sSpan3773" value="·"/>
		<feat xlink:href="#sSpan3777" value="ⲙⲛⲛⲉⲧⲟⲩⲁⲁⲃ"/>
		<feat xlink:href="#sSpan3788" value="ⲧⲏⲣⲟⲩ"/>
		<feat xlink:href="#sSpan3794" value="ϫⲓⲛⲛϣⲟⲣⲡ"/>
		<feat xlink:href="#sSpan3803" value="ϣⲁϩⲣⲁⲓ"/>
		<feat xlink:href="#sSpan3807" value="ⲉⲧⲉⲛⲟⲩ"/>
		<feat xlink:href="#sSpan3814" value="ⲣϩⲛⲁⲩ"/>
		<feat xlink:href="#sSpan3822" value="ⲉⲧⲣⲉⲩϣⲱⲡⲉ"/>
		<feat xlink:href="#sSpan3833" value="ⲛϩⲙϩⲁⲗ"/>
		<feat xlink:href="#sSpan3842" value="ⲛϩⲉⲛⲕⲟⲟⲩⲉ"/>
		<feat xlink:href="#sSpan3852" value="ϫⲉⲉⲩⲉϫⲓ"/>
		<feat xlink:href="#sSpan3861" value="ϩⲱⲟⲩ"/>
		<feat xlink:href="#sSpan3867" value="ⲙⲡⲱⲛϩ"/>
		<feat xlink:href="#sSpan3877" value="·"/>
		<feat xlink:href="#sSpan3882" value="ⲉⲓⲙⲏⲧⲓ"/>
		<feat xlink:href="#sSpan3891" value="ϫⲉⲁⲩⲛⲁⲩ"/>
		<feat xlink:href="#sSpan3901" value="ⲉⲡϫⲟⲉⲓⲥ"/>
		<feat xlink:href="#sSpan3912" value="ⲙⲡⲉⲟⲟⲩ"/>
		<feat xlink:href="#sSpan3923" value="ⲓⲏⲥⲟⲩⲥ"/>
		<feat xlink:href="#sSpan3927" value=","/>
		<feat xlink:href="#sSpan3932" value="ⲉⲁϥϫⲓ"/>
		<feat xlink:href="#sSpan3942" value="ⲛⲟⲩⲙⲟⲣⲫⲏ"/>
		<feat xlink:href="#sSpan3953" value="ⲛϩⲙϩⲁⲗ"/>
		<feat xlink:href="#sSpan3961" value="ⲉⲧⲃⲏⲏⲧⲛ"/>
		<feat xlink:href="#sSpan3968" value="·"/>
		<feat xlink:href="#sSpan3972" value="ⲁⲩⲱ"/>
		<feat xlink:href="#sSpan3982" value="ⲟⲛ"/>
		<feat xlink:href="#sSpan3988" value="ⲡⲛⲟⲩⲧⲉ"/>
		<feat xlink:href="#sSpan3994" value="ϫⲓⲛⲛϣⲟⲣⲡ"/>
		<feat xlink:href="#sSpan4004" value="ⲉⲁϥϣⲱⲡⲉ"/>
		<feat xlink:href="#sSpan4015" value="ⲛⲣⲉϥⲣϩⲱⲃ"/>
		<feat xlink:href="#sSpan4023" value="ϩⲱⲥ"/>
		<feat xlink:href="#sSpan4027" value="ϩⲙϩⲁⲗ"/>
		<feat xlink:href="#sSpan4033" value="ⲉⲡϫⲟⲉⲓⲥ"/>
		<feat xlink:href="#sSpan4042" value="ⲡⲉ"/>
		<feat xlink:href="#sSpan4047" value=","/>
		<feat xlink:href="#sSpan4051" value="ⲁⲩⲱ"/>
		<feat xlink:href="#sSpan4056" value="ⲡⲣⲣⲟ"/>
		<feat xlink:href="#sSpan4063" value="ⲡⲉ"/>
		<feat xlink:href="#sSpan4067" value="·"/>
		<feat xlink:href="#sSpan4071" value="ⲛⲧϩⲉ"/>
		<feat xlink:href="#sSpan4083" value="ⲛⲧⲁϥⲧⲁⲙⲓⲟ"/>
		<feat xlink:href="#sSpan4094" value="ⲛⲛⲉϥⲁⲅⲅⲉⲗⲟⲥ"/>
		<feat xlink:href="#sSpan4105" value="ⲙⲡⲛⲉⲩⲙⲁ"/>
		<feat xlink:href="#sSpan4115" value="ⲕⲁⲧⲁⲧϩⲉ"/>
		<feat xlink:href="#sSpan4124" value="ⲉⲧⲥⲏϩ"/>
		<feat xlink:href="#sSpan4130" value="·"/>
		<feat xlink:href="#sSpan4134" value="ⲁⲩⲱ"/>
		<feat xlink:href="#sSpan4143" value="ⲛⲧϩⲉ"/>
		<feat xlink:href="#sSpan4151" value="ⲛⲧⲁϥⲧⲁⲙⲓⲟ"/>
		<feat xlink:href="#sSpan4162" value="ⲙⲡⲧⲏⲣϥ"/>
		<feat xlink:href="#sSpan4171" value="ⲉⲃⲟⲗ"/>
		<feat xlink:href="#sSpan4175" value="ϩⲙⲡⲉⲧⲉⲛϥϣⲟⲟⲡ"/>
		<feat xlink:href="#sSpan4191" value="ⲁⲛ"/>
		<feat xlink:href="#sSpan4196" value="·"/>
		<feat xlink:href="#sSpan4200" value="ⲁϥⲧⲣⲉⲩϣⲱⲡⲉ"/>
		<feat xlink:href="#sSpan4217" value="ⲧⲏⲣⲟⲩ"/>
		<feat xlink:href="#sSpan4223" value="ⲙⲡⲏⲩⲉ"/>
		<feat xlink:href="#sSpan4231" value=","/>
		<feat xlink:href="#sSpan4235" value="ⲙⲛⲡⲕⲁϩ"/>
		<feat xlink:href="#sSpan4245" value="ⲙⲛⲛⲉⲧⲛϩⲏⲧⲟⲩ"/>
		<feat xlink:href="#sSpan4259" value="ⲧⲏⲣⲟⲩ"/>
		<feat xlink:href="#sSpan4267" value="ⲕⲁⲧⲁⲛⲉⲅⲣⲁⲫⲏ"/>
		<feat xlink:href="#sSpan4281" value="·"/>
		<feat xlink:href="#sSpan4285" value="ϫⲉⲛⲧⲟⲕ"/>
		<feat xlink:href="#sSpan4296" value="ⲁⲕⲥⲙⲥⲛⲧⲉ"/>
		<feat xlink:href="#sSpan4307" value="ⲙⲕⲁϩ"/>
		<feat xlink:href="#sSpan4314" value="·"/>
		<feat xlink:href="#sSpan4318" value="ⲛⲉϩⲃⲏⲩⲉ"/>
		<feat xlink:href="#sSpan4330" value="ⲛⲛⲉⲕϭⲓϫ"/>
		<feat xlink:href="#sSpan4338" value="ⲛⲉ"/>
		<feat xlink:href="#sSpan4344" value="ⲙⲡⲏⲩⲉ"/>
		<feat xlink:href="#sSpan4350" value="·"/>
		<feat xlink:href="#sSpan4354" value="ⲁⲩⲱ"/>
		<feat xlink:href="#sSpan4363" value="ⲟⲛ"/>
		<feat xlink:href="#sSpan4367" value="ⲛⲧϩⲉ"/>
		<feat xlink:href="#sSpan4375" value="ⲛⲧⲁϥϫⲟⲟⲥ"/>
		<feat xlink:href="#sSpan4388" value="ⲉⲧⲣⲉⲛⲕⲁ"/>
		<feat xlink:href="#sSpan4399" value="ⲛⲓⲙ"/>
		<feat xlink:href="#sSpan4403" value="ϣⲱⲡⲉ"/>
		<feat xlink:href="#sSpan4408" value="·"/>
		<feat xlink:href="#sSpan4412" value="ⲁⲩⲱ"/>
		<feat xlink:href="#sSpan4420" value="ⲁⲩϣⲱⲡⲉ"/>
		<feat xlink:href="#sSpan4429" value="ⲧⲏⲣⲟⲩ"/>
		<feat xlink:href="#sSpan4435" value="ϩⲙⲡⲉϥⲟⲩⲉϩⲥⲁϩⲛⲉ"/>
		<feat xlink:href="#sSpan4449" value="·"/>
		<feat xlink:href="#sSpan4454" value="ⲛⲉϩⲟⲟⲩ"/>
		<feat xlink:href="#sSpan4464" value="ⲙⲛⲛⲉⲥⲟⲟⲩ"/>
		<feat xlink:href="#sSpan4474" value="·"/>
		<feat xlink:href="#sSpan4479" value="ⲙⲛⲛⲕⲉⲧⲃⲛⲟⲟⲩⲉ"/>
		<feat xlink:href="#sSpan4492" value="ⲧⲏⲣⲟⲩ"/>
		<feat xlink:href="#sSpan4498" value="ⲛⲧⲥⲱϣⲉ"/>
		<feat xlink:href="#sSpan4508" value="·"/>
		<feat xlink:href="#sSpan4512" value="ⲙⲛⲛϩⲁⲗⲁⲧⲉ"/>
		<feat xlink:href="#sSpan4522" value="ⲧⲏⲣⲟⲩ"/>
		<feat xlink:href="#sSpan4528" value="ⲛⲧⲡⲉ"/>
		<feat xlink:href="#sSpan4537" value="·"/>
		<feat xlink:href="#sSpan4541" value="ⲙⲛⲛⲉⲧϩⲛⲙⲙⲟⲩ"/>
		<feat xlink:href="#sSpan4560" value="ⲛⲉⲓⲟⲟⲩⲉ"/>
		<feat xlink:href="#sSpan4568" value="·"/>
		<feat xlink:href="#sSpan4572" value="ⲙⲛⲛϣⲏⲛ"/>
		<feat xlink:href="#sSpan4581" value="ⲉⲧϯⲕⲁⲣⲡⲟⲥ"/>
		<feat xlink:href="#sSpan4591" value="·"/>
		<feat xlink:href="#sSpan4595" value="ⲙⲛⲛⲉⲧⲣⲱⲧ"/>
		<feat xlink:href="#sSpan4607" value="ⲧⲏⲣⲟⲩ"/>
		<feat xlink:href="#sSpan4614" value="ⲉϩⲣⲁⲓ"/>
		<feat xlink:href="#sSpan4618" value="ϩⲙⲡⲕⲁϩ"/>
		<feat xlink:href="#sSpan4629" value="ⲕⲁⲧⲁⲛⲉⲅⲣⲁⲫⲏ"/>
		<feat xlink:href="#sSpan4640" value="·"/>
		<feat xlink:href="#sSpan4645" value="ⲁⲩⲱ"/>
		<feat xlink:href="#sSpan4654" value="ⲟⲛ"/>
		<feat xlink:href="#sSpan4658" value="ⲛⲧϩⲉ"/>
		<feat xlink:href="#sSpan4666" value="ⲛⲧⲁϥϫⲓ"/>
		<feat xlink:href="#sSpan4677" value="ⲛⲟⲩⲕⲁϩ"/>
		<feat xlink:href="#sSpan4686" value="ⲉⲃⲟⲗ"/>
		<feat xlink:href="#sSpan4691" value="ϩⲙⲡⲕⲁϩ"/>
		<feat xlink:href="#sSpan4700" value="ⲛϭⲓⲡⲛⲟⲩⲧⲉ"/>
		<feat xlink:href="#sSpan4712" value="ⲉⲁϥⲥⲩⲙⲃⲟⲩⲗⲉⲩⲉ"/>
		<feat xlink:href="#sSpan4723" value="ⲙⲛⲡϣⲣⲡ"/>
		<feat xlink:href="#sSpan4731" value="ⲙⲙⲓⲥⲉ"/>
		<feat xlink:href="#sSpan4739" value="ⲛⲥⲱⲛⲧ"/>
		<feat xlink:href="#sSpan4745" value="ⲛⲓⲙ"/>
		<feat xlink:href="#sSpan4753" value="ⲓⲏⲥⲟⲩⲥ"/>
		<feat xlink:href="#sSpan4757" value="·"/>
		<feat xlink:href="#sSpan4761" value="ⲡⲁⲓ"/>
		<feat xlink:href="#sSpan4770" value="ⲉⲧϣⲟⲟⲡ"/>
		<feat xlink:href="#sSpan4777" value="ϩⲁⲧⲉⲩϩⲏ"/>
		<feat xlink:href="#sSpan4786" value="ⲧⲏⲣⲟⲩ"/>
		<feat xlink:href="#sSpan4792" value="·"/>
		<feat xlink:href="#sSpan4796" value="ϫⲉⲙⲁⲣⲉⲛⲧⲁⲙⲓⲟ"/>
		<feat xlink:href="#sSpan4807" value="ⲛⲟⲩⲣⲱⲙⲉ"/>
		<feat xlink:href="#sSpan4818" value="ⲕⲁⲧⲁⲧⲉⲛϩⲓⲕⲱⲛ"/>
		<feat xlink:href="#sSpan4828" value="ⲁⲩⲱ"/>
		<feat xlink:href="#sSpan4834" value="ⲕⲁⲧⲁⲡⲉⲛⲉⲓⲛⲉ"/>
		<feat xlink:href="#sSpan4843" value=","/>
		<feat xlink:href="#sSpan4847" value="ⲁⲩⲱ"/>
		<feat xlink:href="#sSpan4855" value="ⲛⲧⲉⲣⲟⲩⲧⲁⲙⲓⲟ"/>
		<feat xlink:href="#sSpan4864" value="ⲙⲡⲣⲱⲙⲉ"/>
		<feat xlink:href="#sSpan4875" value="ⲕⲁⲧⲁⲧⲉⲩϩⲓⲕⲱⲛ"/>
		<feat xlink:href="#sSpan4887" value="ⲁⲩⲱ"/>
		<feat xlink:href="#sSpan4893" value="ⲕⲁⲧⲁⲡⲉⲩⲉⲓⲛⲉ"/>
		<feat xlink:href="#sSpan4903" value="ⲕⲁⲧⲁⲛⲉⲅⲣⲁⲫⲏ"/>
		<feat xlink:href="#sSpan4914" value="·"/>
		<feat xlink:href="#sSpan4918" value="ⲁⲡⲛⲟⲩⲧⲉ"/>
		<feat xlink:href="#sSpan4932" value="ⲛⲓϥⲉ"/>
		<feat xlink:href="#sSpan4936" value="ⲉϩⲟⲩⲛ"/>
		<feat xlink:href="#sSpan4940" value="ⲉϩⲣⲁϥ"/>
		<feat xlink:href="#sSpan4947" value="ⲛⲟⲩⲡⲛⲟⲏ"/>
		<feat xlink:href="#sSpan4958" value="ⲛⲱⲛϩ"/>
		<feat xlink:href="#sSpan4965" value="·"/>
		<feat xlink:href="#sSpan4969" value="ⲁⲡⲣⲱⲙⲉ"/>
		<feat xlink:href="#sSpan4983" value="ϣⲱⲡⲉ"/>
		<feat xlink:href="#sSpan4987" value="ⲉⲩⲯⲩⲭⲏ"/>
		<feat xlink:href="#sSpan4998" value="ⲉⲥⲟⲛϩ"/>
		<feat xlink:href="#sSpan5006" value="·"/>
		<feat xlink:href="#sSpan5011" value="ⲟⲩϩⲟⲟⲩⲧ"/>
		<feat xlink:href="#sSpan5022" value="ⲙⲛⲟⲩⲥϩⲓⲙⲉ"/>
		<feat xlink:href="#sSpan5032" value="ⲁϥⲧⲁⲙⲓⲟⲟⲩ"/>
		<feat xlink:href="#sSpan5043" value="ⲛϭⲓⲡⲛⲟⲩⲧⲉ"/>
		<feat xlink:href="#sSpan5055" value="ⲕⲁⲧⲁⲧϩⲉ"/>
		<feat xlink:href="#sSpan5063" value="ⲉⲧⲥⲏϩ"/>
		<feat xlink:href="#sSpan5070" value="·"/>
		<feat xlink:href="#sSpan5074" value="ⲁⲩⲱ"/>
		<feat xlink:href="#sSpan5082" value="ⲛⲧϩⲉ"/>
		<feat xlink:href="#sSpan5091" value="ⲛⲧⲁϥⲧⲱϭⲉ"/>
		<feat xlink:href="#sSpan5102" value="ⲛϭⲓⲡⲛⲟⲩⲧⲉ"/>
		<feat xlink:href="#sSpan5112" value="ⲛⲟⲩⲡⲁⲣⲁⲇⲓⲥⲟⲥ"/>
		<feat xlink:href="#sSpan5123" value="ϩⲛⲉⲇⲉⲙ"/>
		<feat xlink:href="#sSpan5132" value="ⲁϥⲕⲱ"/>
		<feat xlink:href="#sSpan5141" value="ⲙⲙⲁⲩ"/>
		<feat xlink:href="#sSpan5145" value="ⲙⲡⲣⲱⲙⲉ"/>
		<feat xlink:href="#sSpan5155" value="ⲡⲁⲓ"/>
		<feat xlink:href="#sSpan5159" value="ⲛ"/></featList></paula>