<?xml version='1.0' encoding='UTF-8'?><!DOCTYPE paula SYSTEM "paula_feat.dtd">
<paula version="1.1">
	<header paula_id="scriptorium.life.eustathius.theopiste.02.mark_new_sent"/>
	<featList xmlns:xlink="http://www.w3.org/1999/xlink" type="new_sent" xml:base="scriptorium.life.eustathius.theopiste.02.mark.xml">
		<feat xlink:href="#sSpan1" value="true"/>
		<feat xlink:href="#sSpan186" value="true"/>
		<feat xlink:href="#sSpan335" value="true"/>
		<feat xlink:href="#sSpan372" value="true"/>
		<feat xlink:href="#sSpan429" value="true"/>
		<feat xlink:href="#sSpan492" value="true"/>
		<feat xlink:href="#sSpan565" value="true"/>
		<feat xlink:href="#sSpan681" value="true"/>
		<feat xlink:href="#sSpan823" value="true"/>
		<feat xlink:href="#sSpan913" value="true"/>
		<feat xlink:href="#sSpan985" value="true"/>
		<feat xlink:href="#sSpan1022" value="true"/>
		<feat xlink:href="#sSpan1075" value="true"/>
		<feat xlink:href="#sSpan1222" value="true"/>
		<feat xlink:href="#sSpan1285" value="true"/>
		<feat xlink:href="#sSpan1404" value="true"/>
		<feat xlink:href="#sSpan1523" value="true"/>
		<feat xlink:href="#sSpan1585" value="true"/>
		<feat xlink:href="#sSpan1644" value="true"/>
		<feat xlink:href="#sSpan1742" value="true"/>
		<feat xlink:href="#sSpan1824" value="true"/>
		<feat xlink:href="#sSpan1871" value="true"/>
		<feat xlink:href="#sSpan1920" value="true"/>
		<feat xlink:href="#sSpan1958" value="true"/>
		<feat xlink:href="#sSpan1997" value="true"/>
		<feat xlink:href="#sSpan2107" value="true"/>
		<feat xlink:href="#sSpan2163" value="true"/>
		<feat xlink:href="#sSpan2226" value="true"/>
		<feat xlink:href="#sSpan2309" value="true"/>
		<feat xlink:href="#sSpan2349" value="true"/>
		<feat xlink:href="#sSpan2446" value="true"/>
		<feat xlink:href="#sSpan2474" value="true"/>
		<feat xlink:href="#sSpan2505" value="true"/>
		<feat xlink:href="#sSpan2549" value="true"/>
		<feat xlink:href="#sSpan2607" value="true"/>
		<feat xlink:href="#sSpan2757" value="true"/>
		<feat xlink:href="#sSpan2824" value="true"/>
		<feat xlink:href="#sSpan2945" value="true"/>
		<feat xlink:href="#sSpan2997" value="true"/>
		<feat xlink:href="#sSpan3060" value="true"/>
		<feat xlink:href="#sSpan3182" value="true"/>
		<feat xlink:href="#sSpan3319" value="true"/>
		<feat xlink:href="#sSpan3379" value="true"/>
		<feat xlink:href="#sSpan3429" value="true"/>
		<feat xlink:href="#sSpan3500" value="true"/>
		<feat xlink:href="#sSpan3546" value="true"/>
		<feat xlink:href="#sSpan3606" value="true"/>
		<feat xlink:href="#sSpan3665" value="true"/>
		<feat xlink:href="#sSpan3799" value="true"/>
		<feat xlink:href="#sSpan3829" value="true"/>
		<feat xlink:href="#sSpan3957" value="true"/>
		<feat xlink:href="#sSpan4054" value="true"/>
		<feat xlink:href="#sSpan4144" value="true"/>
		<feat xlink:href="#sSpan4275" value="true"/>
		<feat xlink:href="#sSpan4364" value="true"/>
		<feat xlink:href="#sSpan4410" value="true"/>
		<feat xlink:href="#sSpan4484" value="true"/>
		<feat xlink:href="#sSpan4525" value="true"/>
		<feat xlink:href="#sSpan4670" value="true"/>
		<feat xlink:href="#sSpan4803" value="true"/>
		<feat xlink:href="#sSpan4853" value="true"/>
		<feat xlink:href="#sSpan4940" value="true"/>
		<feat xlink:href="#sSpan4992" value="true"/>
		<feat xlink:href="#sSpan5089" value="true"/>
		<feat xlink:href="#sSpan5217" value="true"/>
		<feat xlink:href="#sSpan5339" value="true"/>
		<feat xlink:href="#sSpan5429" value="true"/>
		<feat xlink:href="#sSpan5453" value="true"/>
		<feat xlink:href="#sSpan5500" value="true"/>
		<feat xlink:href="#sSpan5611" value="true"/>
		<feat xlink:href="#sSpan5730" value="true"/>
		<feat xlink:href="#sSpan5834" value="true"/>
		<feat xlink:href="#sSpan5958" value="true"/>
		<feat xlink:href="#sSpan6038" value="true"/>
		<feat xlink:href="#sSpan6127" value="true"/>
		<feat xlink:href="#sSpan6170" value="true"/>
		<feat xlink:href="#sSpan6220" value="true"/>
		<feat xlink:href="#sSpan6303" value="true"/>
		<feat xlink:href="#sSpan6348" value="true"/>
		<feat xlink:href="#sSpan6462" value="true"/>
		<feat xlink:href="#sSpan6518" value="true"/>
		<feat xlink:href="#sSpan6635" value="true"/>
		<feat xlink:href="#sSpan6753" value="true"/>
		<feat xlink:href="#sSpan6862" value="true"/>
		<feat xlink:href="#sSpan6899" value="true"/>
		<feat xlink:href="#sSpan7066" value="true"/>
		<feat xlink:href="#sSpan7186" value="true"/>
		<feat xlink:href="#sSpan7364" value="true"/>
		<feat xlink:href="#sSpan7422" value="true"/>
		<feat xlink:href="#sSpan7616" value="true"/>
		<feat xlink:href="#sSpan7702" value="true"/>
		<feat xlink:href="#sSpan7750" value="true"/>
		<feat xlink:href="#sSpan7806" value="true"/>
		<feat xlink:href="#sSpan7960" value="true"/>
		<feat xlink:href="#sSpan8024" value="true"/>
		<feat xlink:href="#sSpan8072" value="true"/>
		<feat xlink:href="#sSpan8157" value="true"/>
		<feat xlink:href="#sSpan8258" value="true"/>
		<feat xlink:href="#sSpan8343" value="true"/>
		<feat xlink:href="#sSpan8453" value="true"/>
		<feat xlink:href="#sSpan8594" value="true"/>
		<feat xlink:href="#sSpan8637" value="true"/>
		<feat xlink:href="#sSpan8746" value="true"/>
		<feat xlink:href="#sSpan8820" value="true"/>
		<feat xlink:href="#sSpan8853" value="true"/>
		<feat xlink:href="#sSpan8958" value="true"/>
		<feat xlink:href="#sSpan9100" value="true"/>
		<feat xlink:href="#sSpan9261" value="true"/>
		<feat xlink:href="#sSpan9302" value="true"/>
		<feat xlink:href="#sSpan9434" value="true"/>
		<feat xlink:href="#sSpan9543" value="true"/>
		<feat xlink:href="#sSpan9588" value="true"/>
		<feat xlink:href="#sSpan9755" value="true"/>
		<feat xlink:href="#sSpan9912" value="true"/>
		<feat xlink:href="#sSpan10031" value="true"/>
		<feat xlink:href="#sSpan10090" value="true"/>
		<feat xlink:href="#sSpan10230" value="true"/>
		<feat xlink:href="#sSpan10363" value="true"/>
		<feat xlink:href="#sSpan10411" value="true"/>
		<feat xlink:href="#sSpan10467" value="true"/>
		<feat xlink:href="#sSpan10591" value="true"/>
		<feat xlink:href="#sSpan10735" value="true"/>
		<feat xlink:href="#sSpan10783" value="true"/>
		<feat xlink:href="#sSpan10884" value="true"/>
		<feat xlink:href="#sSpan11000" value="true"/>
		<feat xlink:href="#sSpan11065" value="true"/>
		<feat xlink:href="#sSpan11216" value="true"/>
		<feat xlink:href="#sSpan11332" value="true"/>
		<feat xlink:href="#sSpan11437" value="true"/>
		<feat xlink:href="#sSpan11483" value="true"/>
		<feat xlink:href="#sSpan11594" value="true"/>
		<feat xlink:href="#sSpan11699" value="true"/>
		<feat xlink:href="#sSpan11740" value="true"/>
		<feat xlink:href="#sSpan11780" value="true"/>
		<feat xlink:href="#sSpan11865" value="true"/>
		<feat xlink:href="#sSpan11932" value="true"/>
		<feat xlink:href="#sSpan12006" value="true"/>
		<feat xlink:href="#sSpan12106" value="true"/>
		<feat xlink:href="#sSpan12202" value="true"/>
		<feat xlink:href="#sSpan12326" value="true"/>
		<feat xlink:href="#sSpan12388" value="true"/>
		<feat xlink:href="#sSpan12500" value="true"/>
		<feat xlink:href="#sSpan12604" value="true"/>
		<feat xlink:href="#sSpan12679" value="true"/>
		<feat xlink:href="#sSpan12785" value="true"/>
		<feat xlink:href="#sSpan12927" value="true"/>
		<feat xlink:href="#sSpan13157" value="true"/>
		<feat xlink:href="#sSpan13325" value="true"/>
		<feat xlink:href="#sSpan13448" value="true"/>
		<feat xlink:href="#sSpan13489" value="true"/>
		<feat xlink:href="#sSpan13569" value="true"/>
		<feat xlink:href="#sSpan13631" value="true"/>
		<feat xlink:href="#sSpan13704" value="true"/>
		<feat xlink:href="#sSpan13751" value="true"/>
		<feat xlink:href="#sSpan13812" value="true"/>
		<feat xlink:href="#sSpan13952" value="true"/>
		<feat xlink:href="#sSpan14089" value="true"/>
		<feat xlink:href="#sSpan14143" value="true"/>
		<feat xlink:href="#sSpan14222" value="true"/>
		<feat xlink:href="#sSpan14308" value="true"/>
		<feat xlink:href="#sSpan14378" value="true"/>
		<feat xlink:href="#sSpan14459" value="true"/>
		<feat xlink:href="#sSpan14514" value="true"/>
		<feat xlink:href="#sSpan14573" value="true"/>
		<feat xlink:href="#sSpan14827" value="true"/>
		<feat xlink:href="#sSpan14965" value="true"/>
		<feat xlink:href="#sSpan15083" value="true"/>
		<feat xlink:href="#sSpan15228" value="true"/>
		<feat xlink:href="#sSpan15322" value="true"/>
		<feat xlink:href="#sSpan15485" value="true"/>
		<feat xlink:href="#sSpan15591" value="true"/>
		<feat xlink:href="#sSpan15728" value="true"/>
		<feat xlink:href="#sSpan15833" value="true"/>
		<feat xlink:href="#sSpan15978" value="true"/>
		<feat xlink:href="#sSpan16083" value="true"/>
		<feat xlink:href="#sSpan16192" value="true"/>
		<feat xlink:href="#sSpan16311" value="true"/>
		<feat xlink:href="#sSpan16398" value="true"/>
		<feat xlink:href="#sSpan16473" value="true"/>
		<feat xlink:href="#sSpan16595" value="true"/>
		<feat xlink:href="#sSpan16755" value="true"/>
		<feat xlink:href="#sSpan16842" value="true"/>
		<feat xlink:href="#sSpan16943" value="true"/>
		<feat xlink:href="#sSpan17137" value="true"/>
		<feat xlink:href="#sSpan17270" value="true"/>
		<feat xlink:href="#sSpan17383" value="true"/>
		<feat xlink:href="#sSpan17496" value="true"/>
		<feat xlink:href="#sSpan17632" value="true"/>
		<feat xlink:href="#sSpan17675" value="true"/>
		<feat xlink:href="#sSpan17897" value="true"/>
		<feat xlink:href="#sSpan17945" value="true"/></featList></paula>