<?xml version='1.0' encoding='UTF-8'?><!DOCTYPE paula SYSTEM "paula_feat.dtd">
<paula version="1.1">
	<header paula_id="scriptorium.life.eustathius.theopiste.02.mark_translation"/>
	<featList xmlns:xlink="http://www.w3.org/1999/xlink" type="translation" xml:base="scriptorium.life.eustathius.theopiste.02.mark.xml">
		<feat xlink:href="#sSpan6" value="And it came to pass that after her barbarian husband was dead the woman remained in that country. And after (many) days those pagan people among whom the wife of Eustathius was living rose up (or, rebelled), and advanced to seize the country of the Romans."/>
		<feat xlink:href="#sSpan191" value="And the Emperor Trajan was greatly troubled because of the war with these pagan peoples, and he remembered Plaketas, more especially because of his bravery and his numerous defeats of the alien peoples."/>
		<feat xlink:href="#sSpan340" value="And the remembrance of Eustathius kept stirring within him,"/>
		<feat xlink:href="#sSpan376" value="and he was troubled about the change which had come upon him in his affairs."/>
		<feat xlink:href="#sSpan433" value="Then he prepared himself and the soldiers who were in his kingdom for the war."/>
		<feat xlink:href="#sSpan496" value="And he grieved exceedingly for Plaketas,"/>
		<feat xlink:href="#sSpan569" value="and he spake, saying, ' Him who shall give me such indication as will help me to find him, upon him will I bestow a great honour and a yearly wage, and I will make him exceedingly rich.'"/>
		<feat xlink:href="#sSpan686" value="And two of his soldiers—now the name of one of them was Antiochus, and that of the other Aeacius, and they had been servants of Eustathius, and untiring in their ministrations to him in times past when he was living with them—"/>
		<feat xlink:href="#sSpan827" value="departed to seek after him, and they searched the whole kingdom through very thoroughly until they arrived at the village wherein Eustathius was."/>
		<feat xlink:href="#sSpan917" value="And as they were going along in. the place wherein Eustathius was keeping watch he saw them from a distance,"/>
		<feat xlink:href="#sSpan989" value="and he recognized them by their peculiar carriage, and by their gait."/>
		<feat xlink:href="#sSpan1026" value="And he remembered his former manner of life, and he began to feel sorrowful in heart,"/>
		<feat xlink:href="#sSpan1079" value="and he prayed, saying, 'O Lord God, Thou merciful One, Who deliverest every one who putteth his hope in Thee, since I have seen those who formerly walked with me shall not I have hope?"/>
		<feat xlink:href="#sSpan1226" value="Now, therefore, give the command, and look upon me and upon Thy servant, that is to say, my wife."/>
		<feat xlink:href="#sSpan1290" value="For I know well that because of my own evil works my children have become food for wild beasts, but I entreat Thee to permit me to look upon (them) again in the Resurrection.'"/>
		<feat xlink:href="#sSpan1409" value="And whilst Eustathius was saying these words he heard a voice which spake unto him, saying, 'Be of good cheer, O Eustathius, at this time,"/>
		<feat xlink:href="#sSpan1527" value="for thou shalt again have the position which thou hadst formerly, and thou shalt receive thy wife and thy children."/>
		<feat xlink:href="#sSpan1589" value="In the resurrection of the dead thou shalt see the good things which are for ever."/>
		<feat xlink:href="#sSpan1648" value="Do not deny Me, and thou shalt find a rest which is endless, and thy name shall increase from generation to generation.'"/>
		<feat xlink:href="#sSpan1747" value="And when he had heard these words Eustathius was afraid, and he walked down from the place where he was,"/>
		<feat xlink:href="#sSpan1828" value="and he stood up close to where the two soldiers were on the road in front of them,"/>
		<feat xlink:href="#sSpan1876" value="and he knew them without any doubt, but they did not know him."/>
		<feat xlink:href="#sSpan1924" value="They said unto him, 'Hail, good neighbour!'"/>
		<feat xlink:href="#sSpan1962" value="And he said unto them, 'Peace be unto you, O my brethren!'"/>
		<feat xlink:href="#sSpan2002" value="They said unto him, 'Dost thou know in this place a man who is a stranger, and is called Plaketas, and his wife, and his children?"/>
		<feat xlink:href="#sSpan2112" value="If thou canst shew us this man we will give unto thee very much money.'"/>
		<feat xlink:href="#sSpan2167" value="And Eustathius said unto them, 'For what purpose art thou enquiring after him?'"/>
		<feat xlink:href="#sSpan2230" value="And they said unto him, 'He was a fellow soldier, and behold, we have been wishing to meet him for many years past.'"/>
		<feat xlink:href="#sSpan2313" value="And he said unto them, 'I know not the man."/>
		<feat xlink:href="#sSpan2353" value="Rest ye, however, with me, for the day is far spent ; rest ye yourselves with me in this Replace which I inhabit."/>
		<feat xlink:href="#sSpan2450" value="For I myself am a stranger.'"/>
		<feat xlink:href="#sSpan2478" value="And he took them into his house,"/>
		<feat xlink:href="#sSpan2509" value="and then departed to buy some wine to give them to drink."/>
		<feat xlink:href="#sSpan2553" value="And he said unto the master of the house wherein he lodged, ' I know these men."/>
		<feat xlink:href="#sSpan2612" value="They have come to me here that I may supply them with food and wine ; and they would rest (i.e. lodge) with me in this place. (Give me food and wine) and I will repay thee the price of the same at the time when my wages (are paid)"/>
		<feat xlink:href="#sSpan2762" value="and the man gave unto him joyfully everything which he needed."/>
		<feat xlink:href="#sSpan2828" value="And Eustathius remained and ministered unto them, and he could hardly contain himself when he remembered his former life; nevertheless he kept a strong- hold upon himself, and did not weep,"/>
		<feat xlink:href="#sSpan2949" value="but he went out (of the house) and wept. And he washed his face,"/>
		<feat xlink:href="#sSpan3001" value="and went into (the house again), and served them."/>
		<feat xlink:href="#sSpan3064" value="And they looked at him, and little by little they began to recognize him, and they spake unto each other, saying, 'This man is like unto the man whom we are seeking;"/>
		<feat xlink:href="#sSpan3186" value="and the one said unto the other, 'Yea, he is like him. I know that there was a scar on his neck which was caused by a wound which he received in it a long time ago during the war with the Masekates."/>
		<feat xlink:href="#sSpan3323" value="Let us watch him carefully so that we may see whether he hath the scar or not."/>
		<feat xlink:href="#sSpan3384" value="If he hath the scar on his neck then he is the man.'"/>
		<feat xlink:href="#sSpan3433" value="And having watched for the sig-n very carefully they saw the mark of the wound on his neck,"/>
		<feat xlink:href="#sSpan3504" value="and straig-htway they rushed to him, and they kissed him,"/>
		<feat xlink:href="#sSpan3550" value="and they asked him, saying, 'Art thou not the man Plaketas who was formerly a great general?'"/>
		<feat xlink:href="#sSpan3611" value="And he denied it, saying, 'Certainly not'; and he kept a strong hold upon himself so that he might not weep."/>
		<feat xlink:href="#sSpan3669" value="And when they had pointed out to him the scar of the wound on his neck, they took an oath to him, saying, ' Thou art Plaketas, the general'; and they asked him concerning his wife and his children."/>
		<feat xlink:href="#sSpan3803" value="And he said unto them, 'They are dead.'"/>
		<feat xlink:href="#sSpan3833" value="And whilst he was talking to them about these matters they lifted up their faces with a great cry, and they wept so loudly that all the people who were in the village heard them;"/>
		<feat xlink:href="#sSpan3961" value="and whilst they were uttering these loud cries the people of the village came to see what had happened, and they were afraid and were greatly moved."/>
		<feat xlink:href="#sSpan4059" value="And the soldiers quieted their uproar, and described to them the power and honour which the man had enjoyed formerly."/>
		<feat xlink:href="#sSpan4148" value="And when the men of the village had heard these things they heaved sighs, and said, 'Great is the honour of this man who hath become a hireling unto us.'"/>
		<feat xlink:href="#sSpan4279" value="Then the soldiers reported the matter to the Emperor. And they arrayed Eustathius in good apparel, being such things as they had with them, and they took him"/>
		<feat xlink:href="#sSpan4368" value="and they took him and set out on their road."/>
		<feat xlink:href="#sSpan4416" value="And every one who was in the village walked with him to set him on his way,"/>
		<feat xlink:href="#sSpan4488" value="and (when) he had supplicated them he sent them away."/>
		<feat xlink:href="#sSpan4529" value="And whilst he was travelling along the road with the soldiers he described unto them the things which he had seen (in the thicket), and how he had seen the Christ, and also how he had been named Eustathius,"/>
		<feat xlink:href="#sSpan4675" value="and he told them about all the things which had happened unto him. And when they had fulfilled fifteen days in marching on the road they came to the place where the Emperor Trajan was,"/>
		<feat xlink:href="#sSpan4808" value="and they shewed unto him in what manner they had discovered Plaketas."/>
		<feat xlink:href="#sSpan4859" value="And Trajan the Emperor came forth to meet him, and he kissed him, and he wept many tears,"/>
		<feat xlink:href="#sSpan4946" value="and he enquired of him what his reason was for his departure."/>
		<feat xlink:href="#sSpan4998" value="And Eustathius related to Trajan and all the nobles what had happened unto him, and the history of his wife and his children"/>
		<feat xlink:href="#sSpan5094" value="and in what way the captain of the ship had carried away his wife by force, and how his children had been carried off by wild beasts, and he described to them their tribulations."/>
		<feat xlink:href="#sSpan5222" value="And there was very great joy indeed in (the hearts of the Emperor and his nobles) because they had found Eustathius alive. And the Emperor comforted him, and made him a general as he had been aforetime."/>
		<feat xlink:href="#sSpan5345" value="And when Eustathius had inspected the army he knew that it was not sufficiently strong to fight in battle against the Barbarians,"/>
		<feat xlink:href="#sSpan5434" value="and he shewed the Emperor that this was so."/>
		<feat xlink:href="#sSpan5459" value="And Trajan the Emperor commanded his officers to enlist recruits,"/>
		<feat xlink:href="#sSpan5505" value="and he wrote an epistle to every city wlierein he ordered the people thereof to enlist men, and to train them, and to make them fit to be used as soldiers."/>
		<feat xlink:href="#sSpan5616" value="And it came to pass that when (the envoys) had entered the villag-e wherein were the sons of Eustathius they took the two young men and made recruits of them."/>
		<feat xlink:href="#sSpan5735" value="And the men who were in that place bore testimony concerning them, and said that they were vigorous in respect of their strength, and goodly in their appearance."/>
		<feat xlink:href="#sSpan5839" value="And when Eustathius had gathered together all the recruits, and had assigned to them their positions, he perceived that the two young men were the most goodly of them all."/>
		<feat xlink:href="#sSpan5962" value="And he appointed them to serve him personally, because he knew that they were of noble birth by their manners and habits,"/>
		<feat xlink:href="#sSpan6041" value="and in his good nature he set them apart to minister unto himself. And their own natural disposition drew them more and more day by day to make him love them,"/>
		<feat xlink:href="#sSpan6130" value="and he gave orders that they were to eat with him at his table."/>
		<feat xlink:href="#sSpan6174" value="And after these things he took command of the army according to his wont,"/>
		<feat xlink:href="#sSpan6223" value="and he departed to the war and to the country of the Barbarians, which he had taken before that day,"/>
		<feat xlink:href="#sSpan6306" value="and in which he had set free those who had been kept in captivity therein."/>
		<feat xlink:href="#sSpan6351" value="And he crossed the river which is called Hydaspes, and went up over the mountains, and penetrated far into the country of the Barbarians,"/>
		<feat xlink:href="#sSpan6465" value="and he vanquished the foreigners also, and spoiled the whole country."/>
		<feat xlink:href="#sSpan6521" value="And Eustathius took counsel with some of the pagans, and it seemed good to the Providence of God to make him to enter the place where his wife was."/>
		<feat xlink:href="#sSpan6639" value="Now this woman had, from the very first, been preserved, even as I have already said, through the care of God, from the violence of the captain of the ship (and of other) masters."/>
		<feat xlink:href="#sSpan6757" value="And when this foreigner died she went away by herself, and she took up her abode in the garden of one of the people with whom she lodged,"/>
		<feat xlink:href="#sSpan6864" value="and she made a booth wherein she might live by herself."/>
		<feat xlink:href="#sSpan6901" value="And when the general had taken that town, and had spoiled it, he pitched his camp there for a period of three days, and rested there with his army, because that place was very suitable for encamping in."/>
		<feat xlink:href="#sSpan7068" value="And it came to pass that the two young men took up their abode in that garden wherein the booth of their mother was situated."/>
		<feat xlink:href="#sSpan7188" value="And as it was the season of noon they sat down and discussed together the affairs of their childhood, but they did not know that their mother was in that place, nor did they know what had happened to them."/>
		<feat xlink:href="#sSpan7368" value="And their mother was sitting listening to what they were saying."/>
		<feat xlink:href="#sSpan7425" value="And the elder brother said unto the younger brother, 'As concerning the time of my childhood I cannot remember anything at all except that my father was a general, and that my mother was a very beautiful woman, and that they had two children."/>
		<feat xlink:href="#sSpan7619" value="One of them was younger than myself, and his hair was red, and his face was handsome."/>
		<feat xlink:href="#sSpan7704" value="And they took us, and they came forth from our house one night,"/>
		<feat xlink:href="#sSpan7752" value="and they embarked with us in a ship wherein we sailed I know not whither."/>
		<feat xlink:href="#sSpan7809" value="And when we arrived at the shore on the ship my mother remained by herself on the ship, though for what purpose I know not. As for us our father took the two of us away, and he went on his way weeping."/>
		<feat xlink:href="#sSpan7962" value="And having come to a river he swam across it with my little brother,"/>
		<feat xlink:href="#sSpan8027" value="and me he left on the bank of the stream."/>
		<feat xlink:href="#sSpan8075" value="And when he would have returned to carry me over a lion sprang upon me and seized me with his jaws, and went off with me into the desert."/>
		<feat xlink:href="#sSpan8159" value="Now certain shepherds who were pasturing their flocks in that place snatched me from the lion, and they brought me up there."/>
		<feat xlink:href="#sSpan8261" value="This I do know, but I do not know what happened to my little brother and to my father.'"/>
		<feat xlink:href="#sSpan8346" value="When the younger brother heard these things from his elder brother he leaped up and wept, and he said, 'Thou art my brother."/>
		<feat xlink:href="#sSpan8455" value="For from what thou hast said I know that thou art my lord brother, because I myself was brought by the shepherds who told me that I had been snatched away from the claws of the wolf;"/>
		<feat xlink:href="#sSpan8596" value="and he embraced him, and they kissed each other."/>
		<feat xlink:href="#sSpan8640" value="And as their mother was listening to these thing's she knew that the two young men were her sons by what they had said about her voyage on the ship."/>
		<feat xlink:href="#sSpan8748" value="And she said within herself, 'I wonder can these young men be my sons or not?"/>
		<feat xlink:href="#sSpan8822" value="Can my sons possibly have their forms?'"/>
		<feat xlink:href="#sSpan8855" value="And she was exceedingly sorrowful, and her bowels were greatly moved when she saw the young men embracing each other and weeping."/>
		<feat xlink:href="#sSpan8960" value="And she continued to gaze upon them, and she said, 'These assuredly are my sons, more especially because they said that their father was a general, and that their mother remained on the ship.'"/>
		<feat xlink:href="#sSpan9103" value="And on the morrow she went to the general and spake unto him, saying, 'I beseech thee (to hear me), O my lord ; I am a woman from the country of the Romans, and I was carried away captive, and they brought me to this place."/>
		<feat xlink:href="#sSpan9263" value="I therefore entreat thee to take me back to my native land.'"/>
		<feat xlink:href="#sSpan9304" value="And whilst she was saying these things she began to recognize in him her husband through the various characteristic marks which she knew to be in him ; and when she had recognized him she was afraid to question him."/>
		<feat xlink:href="#sSpan9436" value="And when she was unable any longer to contain herself she cast herself down (before) him, saying, ' I beseech thee, O my lord, be not angry with me,"/>
		<feat xlink:href="#sSpan9545" value="for I wish thee to make known unto me what thy rank in life was formerly."/>
		<feat xlink:href="#sSpan9590" value="Now I think that thou wast Plaketas, the general, who changed his name, and who was called Eustathius, after thou hadst been baptized in the Name of the Christ Jesus, Who did appear unto thee with an animal that was without reasoning power,"/>
		<feat xlink:href="#sSpan9758" value="And when thou hadst fallen into the trials which the Lord had previously indicated to thee thou didst take thy wife, that is to say, myself, and thy two sons, that is to say, Agapius and Theopistus,"/>
		<feat xlink:href="#sSpan9915" value="and didst set out for Egypt. And when we had come to the sea we embarked in a ship, and we set sail, and made our passage, and when we had arrived"/>
		<feat xlink:href="#sSpan10034" value="thou didst punish me through the savage captain of the ship,"/>
		<feat xlink:href="#sSpan10093" value="who seized me and carried me off to his native land. But, as the Lord Jesus the Christ is my witness, neither that man nor any other hath defiled my body, but have guarded my chastity until this day."/>
		<feat xlink:href="#sSpan10233" value="If now thou art Enstathius, as I know thou must be judging by the marks which I can describe unto thee, I conjure thee by the might of the Christ to declare thyself, and not to hide from me anything whatsoever.'"/>
		<feat xlink:href="#sSpan10367" value="And when Eustathius had heard these things he marvelled exceedingly."/>
		<feat xlink:href="#sSpan10414" value="And when he had looked into her face, and recognized her, a mighty joy came upon him."/>
		<feat xlink:href="#sSpan10470" value="And he rose up straightway, and embraced her, and said unto her, 'I am Eustathius of whom thou speakest.' And they kissed each other with a spiritual kiss,"/>
		<feat xlink:href="#sSpan10593" value="and they shed tears in great abundance, and they glorified God Who at all times doeth good things for His servants, and bringeth them out of all tribulation."/>
		<feat xlink:href="#sSpan10739" value="And his wife said unto him, 'Where are my sons?'"/>
		<feat xlink:href="#sSpan10786" value="And he said unto her, and he wept as he said it, 'The wild beasts carried them off'; and he told her what had happened unto them (when they were) with him."/>
		<feat xlink:href="#sSpan10887" value="And she said unto him, ' Let us give thanks unto the Lord, for even as He hath given us each to the other, so will He speedily give unto us our sons.'"/>
		<feat xlink:href="#sSpan11002" value="And Eustathius said unto her, 'I tell thee again that the wild beasts carried them off.'"/>
		<feat xlink:href="#sSpan11067" value="And she answered and said, 'Whilst I was sitting in the garden yesterday I heard two young men talking together about the events which happened in their early childhood, and they related things which concerned their early years."/>
		<feat xlink:href="#sSpan11218" value="And I knew that they were my sons, but they would never have recognized one another had it not been that the words which the elder brother spake supplied the clue that enabled the younger brother to recognize him."/>
		<feat xlink:href="#sSpan11334" value="If thou hast not up to the present known this, then know well that it was the loving-kindness of God that hath given us to each other."/>
		<feat xlink:href="#sSpan11440" value="Do thou thyself call the young men and ask them questions, and let them inform thee.'"/>
		<feat xlink:href="#sSpan11485" value="And the general called the two young men, and asked them, saying, 'Whose sons are ye? And what was it that happened to you in your childhood?'"/>
		<feat xlink:href="#sSpan11597" value="And they declared unto him the things which had happened to them, and immediately he recognized that they were in truth his sons,"/>
		<feat xlink:href="#sSpan11701" value="and he embraced them with fervour, and he kissed them."/>
		<feat xlink:href="#sSpan11742" value="And Eustathius and his wife cast themselves on the necks of their sons,"/>
		<feat xlink:href="#sSpan11782" value="and they wept long and gave thanks unto God for the marvellous manner in which they had met one another again."/>
		<feat xlink:href="#sSpan11867" value="And the rumour of that which had befallen them reached all the multitude of the city,"/>
		<feat xlink:href="#sSpan11934" value="and all the people gathered together in one place, and they marvelled and rejoiced because Eustathius and his wife and sons had met together once more, but more"/>
		<feat xlink:href="#sSpan12009" value=" especially for the victory over the Barbarians. And they made a great feast that day because they had met together (again),"/>
		<feat xlink:href="#sSpan12108" value="and on the following day they invoked God, and sent forth cries of thanksgiving unto Him for His great lovingkindness to man."/>
		<feat xlink:href="#sSpan12204" value="And when they had carried out the spoliation of the Barbarians they returned with great gladness, and brought with them a very large amount of spoil and a multitude of captives."/>
		<feat xlink:href="#sSpan12328" value="And it came to pass that when Eustathius was returning from the war the Emperor Trajan died,"/>
		<feat xlink:href="#sSpan12390" value="and there came in his room another Emperor whose name was Adrian (Hadrian), who was an exceedingly irreligious man, and was more wicked than all the other kings who had reigned before him."/>
		<feat xlink:href="#sSpan12502" value="And when Eustathius was returning from the war the Emperor went out to meet him, according to the custom of the Roman Emperors,"/>
		<feat xlink:href="#sSpan12606" value="and he brought out with him all his nobles, because of the (long) list of all the places which he (Eustathius) had taken."/>
		<feat xlink:href="#sSpan12682" value="And he, because of his valour, whereof he was conscious, and because of his meeting with his wife and sons, was filled to the uttermost with his joy."/>
		<feat xlink:href="#sSpan12787" value="And when he had come into the city the Emperor went and entered into the temple of Apollo, but Eustathius did not go in with him, and remained outside."/>
		<feat xlink:href="#sSpan12931" value="And the Emperor called him, and asked him why he did not come into the temple of Apollo, (saying), 'Thou must pour out a libation to the gods in return for thy victory, and because thou hast returned from the war, and thou must offer up sacrifices of thanksgiving to them, especially as thou hast found thy wife and thy sons.'"/>
		<feat xlink:href="#sSpan13161" value="And Eustathius said unto the Emperor, ' I will certainly offer up offerings to my King, the Christ Jesus, together with our supplications and our prayers, and our manifold entreaties, because He hath had pity on our wretched state, and hath brought us out of captivity."/>
		<feat xlink:href="#sSpan13328" value="He it is Who hath given to me my wife and my sons, and hath helped me according to what He spake to me before I received baptism in His Name."/>
		<feat xlink:href="#sSpan13452" value="Now, therefore, I know no other god besides Him."/>
		<feat xlink:href="#sSpan13494" value="For He is the God Who hath created the heaven and the earth, and it is He alone Who hath done these great marvels.'"/>
		<feat xlink:href="#sSpan13572" value="Then the Emperor was wroth when he heard these things from Eustathius,"/>
		<feat xlink:href="#sSpan13634" value="and he made him to withdraw from him as if he had been a pagan, he and his wife and his sons,"/>
		<feat xlink:href="#sSpan13708" value="and he spake unto them words of terror and threats of destruction."/>
		<feat xlink:href="#sSpan13755" value="And the saints neither regarded them nor were they frightened at all."/>
		<feat xlink:href="#sSpan13815" value="And when the Emperor saw their unconcern and their faith in the Christ, he commanded them to be taken to the stadium, and to be put an end to by means of a mighty lion."/>
		<feat xlink:href="#sSpan13955" value="And when the lion advanced to attack them he stood still before the saints, and bent his legs and worshipped them, and he laid his head also down on the ground."/>
		<feat xlink:href="#sSpan14092" value="And afterwards he came out of the stadium and departed."/>
		<feat xlink:href="#sSpan14147" value="And when the Emperor saw this great sight, and that the wild beast would not attack them, he fell into doubt."/>
		<feat xlink:href="#sSpan14223" value="And he commanded them to make a brazen bull, so that they might cast the saints into it and burn them."/>
		<feat xlink:href="#sSpan14309" value="And the multitude gathered together to see the strife, and the spectacle of the saints"/>
		<feat xlink:href="#sSpan14379" value="and (the servants of the Emperor) seized them with the mechanical contrivances of the instrument for lifting them up into it."/>
		<feat xlink:href="#sSpan14460" value="And the blessed Eustathius entreated the honourable people to allow them to pray,"/>
		<feat xlink:href="#sSpan14515" value="and he spread out his hands, he and his wife and his sons,"/>
		<feat xlink:href="#sSpan14575" value="and they prayed, saying, 'O Lord God of the Powers, Whom no man hath ever seen, but Whom now we see according to His wish, hearken Thou now unto us who cry unto Thee. Make Thou our prayer to be perfect with one thought, namely, the confession of Thy Name and Thy holy faith."/>
		<feat xlink:href="#sSpan14828" value="Make Thou us worthy to be counted among the holy martyrs, even as were the Three Holy Children, whom Thou didst try by fire and they denied Thee not."/>
		<feat xlink:href="#sSpan14964" value="In this manner do Thou receive us nnto Thyself, through this fire, as a sacrifice well pleasing unto Thee, and because we make ourselves to be also an offering by fire."/>
		<feat xlink:href="#sSpan15081" value="And Lord, do Thou grant a favour and a gift unto our bodies, so that every one who shall commemorate us shall receive a gift in the kingdom of heaven, and also a time of rest upon earth."/>
		<feat xlink:href="#sSpan15226" value="And if those who are in peril on the sea, or by waters of any kind, cry unto Thy Holy Name, do Thou deliver them from their danger."/>
		<feat xlink:href="#sSpan15322" value="And if those who are (burdened) with manifold sins cast themselves down before Thee in Thy Name, do Thou forgive them their sins. And to every one who shall commemorate us on the day (called after) our name, be Thou, O Lord, a helper."/>
		<feat xlink:href="#sSpan15483" value="Let the threat of the fire which is round about us become unto us the dew of refreshing, so that our bodies, O Lord, may gain strength thereby.'"/>
		<feat xlink:href="#sSpan15591" value="And whilst they were saying these words and were praying they heard a voice from heaven, saying, ' Inasmuch as ye have been mighty athletes in this life,"/>
		<feat xlink:href="#sSpan15726" value="and ye have endured patiently manifold trials, fear ye not at this present, and come ye into this place in peace. Ye shall receive an indestructible crown,"/>
		<feat xlink:href="#sSpan15831" value="and ye shall enjoy yourselves with the good thing's which have been prepared for you for ever, in the place of the suffering's that ye have endured, and the trials which ye have borne patiently and which were only for a time.'"/>
		<feat xlink:href="#sSpan15976" value="And when the saints had heard these things they delivered themselves joyfully over to the soldiers, who cast them into the brazen instrument."/>
		<feat xlink:href="#sSpan16080" value="And having been thrown in the flame of fire enveloped them, and they ascribed glory unto the Holy Trinity, unto Whom victory belongeth,"/>
		<feat xlink:href="#sSpan16190" value="and after a short time they delivered up their souls into the hands of God. And the fire did not touch (or, scorch) their bodies in the least degree, nor the hair of their heads."/>
		<feat xlink:href="#sSpan16308" value="And after three days the wdcked Emperor Hadrian came to the place wherein the saints had finished (their fight),"/>
		<feat xlink:href="#sSpan16395" value="and he commanded that the brazen bull should bo opened, so that he might be able to see what had happened to the saints."/>
		<feat xlink:href="#sSpan16470" value="And when it had been opened they found the bodies of the saints in a perfect state of preservation, and there were no marks of destruction whatever in them, and they seemed to be still alive."/>
		<feat xlink:href="#sSpan16592" value="And when they had brought them out and laid tbem on the ground, great awe and wonder came upon every one who stood nigh unto them, and the bodies of the saints were brilliantly white like snow."/>
		<feat xlink:href="#sSpan16752" value="And the polluted Hadrian looked upon them, and he was filled with wonder, and was afraid, and he went away."/>
		<feat xlink:href="#sSpan16841" value="And the multitude who were standing there cried out, saying, 'Great art Thou, O God of the Christians!"/>
		<feat xlink:href="#sSpan16940" value="Thou art indeed the only Great God, Jesus the Christ, and there is no other god besides Thee. For Thou didst not permit any harm to reach the bodies of (these) saints, nay, they have become brilliantly white and shining, and they send forth great light with glory and gladness.'"/>
		<feat xlink:href="#sSpan17135" value="And when the evening had come the Christians came and carried away the bodies of the martyred saints, and they laid them in an honourable place secretly in the city of Rome."/>
		<feat xlink:href="#sSpan17266" value="And after the persecution (of them had died away) they built over them a martyrium, and they celebrated festivals therein with hymns and doxologies, according to the custom of the Christians."/>
		<feat xlink:href="#sSpan17379" value="And they commemorated the holy deaths of these oflorious martyrs on the twentieth day of the month of December, which is Thoth, according to the language of the inhabitants of Egypt."/>
		<feat xlink:href="#sSpan17494" value="Such is the history of the life and contest of these blessed and holy martyrs, that is to say, Apa Eustathius, and Apa Agapius and Apa Theopistus, his sons, and Amma Theopiste, his wife."/>
		<feat xlink:href="#sSpan17629" value="Here endeth the account of their strife."/>
		<feat xlink:href="#sSpan17673" value="Now every one who shall be worthy to celebrate the holy commemoration (of these saints), and who shall invoke them, shall receive the good things of the kingdom which is in the heavens, through the grace and love for man of our Lord Jesus the Christ, to Whom be glory, and to His Good Father, and to the Holy Spirit, for ever and ever."/>
		<feat xlink:href="#sSpan17895" value="Amen."/>
		<feat xlink:href="#sSpan17945" value="Victor the deacon, the least (of men), the son of the blessed Mercurius, the deacon.'"/></featList></paula>