<?xml version="1.0" encoding="UTF-8" standalone="no"?>

<!DOCTYPE paula SYSTEM "paula_feat.dtd">
<paula version="1.0">

<header paula_id="sahidica.nt.1_Corinthians_7_lang"/>

<featList xmlns:xlink="http://www.w3.org/1999/xlink" type="lang" xml:base="sahidica.nt.1_Corinthians_7.langSeg.xml">
<feat xlink:href="#lang_3" value="Greek"/><!-- ⲇⲉ -->
<feat xlink:href="#lang_19" value="Greek"/><!-- ⲇⲉ -->
<feat xlink:href="#lang_60" value="Greek"/><!-- ⲇⲉ -->
<feat xlink:href="#lang_80" value="Greek"/><!-- ⲥⲱⲙⲁ -->
<feat xlink:href="#lang_81" value="Greek"/><!-- ⲁⲗⲗⲁ -->
<feat xlink:href="#lang_87" value="Greek"/><!-- ⲇⲉ -->
<feat xlink:href="#lang_95" value="Greek"/><!-- ⲥⲱⲙⲁ -->
<feat xlink:href="#lang_97" value="Greek"/><!-- ⲁⲗⲗⲁ -->
<feat xlink:href="#lang_106" value="Greek"/><!-- ⲉⲓⲙⲏⲧⲓ -->
<feat xlink:href="#lang_128" value="Hebrew"/><!-- ⲥⲁⲧⲁⲛⲁⲥ -->
<feat xlink:href="#lang_129" value="Greek"/><!-- ⲡⲉⲓⲣⲁⲍⲉ -->
<feat xlink:href="#lang_136" value="Greek"/><!-- ⲇⲉ -->
<feat xlink:href="#lang_142" value="Greek"/><!-- ⲕⲁⲧⲁ -->
<feat xlink:href="#lang_151" value="Greek"/><!-- ⲅⲁⲣ -->
<feat xlink:href="#lang_160" value="Greek"/><!-- ⲁⲗⲗⲁ -->
<feat xlink:href="#lang_173" value="Greek"/><!-- ⲙⲉⲛ -->
<feat xlink:href="#lang_176" value="Greek"/><!-- ⲇⲉ -->
<feat xlink:href="#lang_183" value="Greek"/><!-- ⲇⲉ -->
<feat xlink:href="#lang_204" value="Greek"/><!-- ⲇⲉ -->
<feat xlink:href="#lang_214" value="Greek"/><!-- ⲅⲁⲣ -->
<feat xlink:href="#lang_222" value="Greek"/><!-- ⲇⲉ -->
<feat xlink:href="#lang_229" value="Greek"/><!-- ⲁⲗⲗⲁ -->
<feat xlink:href="#lang_242" value="Greek"/><!-- ⲇⲉ -->
<feat xlink:href="#lang_273" value="Greek"/><!-- ⲇⲉ -->
<feat xlink:href="#lang_345" value="Greek"/><!-- ⲅⲁⲣ -->
<feat xlink:href="#lang_372" value="Greek"/><!-- ⲁⲕⲁⲑⲁⲣⲧⲟⲛ -->
<feat xlink:href="#lang_375" value="Greek"/><!-- ⲇⲉ -->
<feat xlink:href="#lang_382" value="Greek"/><!-- ⲇⲉ -->
<feat xlink:href="#lang_407" value="Greek"/><!-- ⲅⲁⲣ -->
<feat xlink:href="#lang_412" value="Greek"/><!-- ⲉⲓⲣⲏⲛⲏ -->
<feat xlink:href="#lang_415" value="Greek"/><!-- ⲅⲁⲣ -->
<feat xlink:href="#lang_424" value="Greek"/><!-- ⲙⲏ -->
<feat xlink:href="#lang_435" value="Greek"/><!-- ⲙⲏ -->
<feat xlink:href="#lang_484" value="Greek"/><!-- ⲉⲕⲕⲗⲏⲥⲓⲁ -->
<feat xlink:href="#lang_513" value="Greek"/><!-- ⲁⲗⲗⲁ -->
<feat xlink:href="#lang_517" value="Greek"/><!-- ⲉⲛⲧⲟⲗⲏ -->
<feat xlink:href="#lang_559" value="Greek"/><!-- ⲁⲗⲗⲁ -->
<feat xlink:href="#lang_562" value="Greek"/><!-- ⲟⲩⲛ -->
<feat xlink:href="#lang_572" value="Greek"/><!-- ⲅⲁⲣ -->
<feat xlink:href="#lang_600" value="Greek"/><!-- ⲭⲣⲓⲥⲧⲟⲥ -->
<feat xlink:href="#lang_642" value="Greek"/><!-- ⲡⲁⲣⲑⲉⲛⲟⲥ -->
<feat xlink:href="#lang_643" value="Greek"/><!-- ⲇⲉ -->
<feat xlink:href="#lang_654" value="Greek"/><!-- ⲇⲉ -->
<feat xlink:href="#lang_657" value="Greek"/><!-- ⲅⲛⲱⲙⲏ -->
<feat xlink:href="#lang_678" value="Greek"/><!-- ⲁⲛⲁⲅⲕⲏ -->
<feat xlink:href="#lang_712" value="Greek"/><!-- ⲇⲉ -->
<feat xlink:href="#lang_723" value="Greek"/><!-- ⲡⲁⲣⲑⲉⲛⲟⲥ -->
<feat xlink:href="#lang_728" value="Greek"/><!-- ⲇⲉ -->
<feat xlink:href="#lang_733" value="Greek"/><!-- ⲑⲗⲓⲯⲓⲥ -->
<feat xlink:href="#lang_736" value="Greek"/><!-- ⲥⲁⲣⲝ -->
<feat xlink:href="#lang_738" value="Greek"/><!-- ⲇⲉ -->
<feat xlink:href="#lang_745" value="Greek"/><!-- ⲇⲉ -->
<feat xlink:href="#lang_816" value="Greek"/><!-- ⲡⲁⲣⲁⲅⲉ -->
<feat xlink:href="#lang_817" value="Greek"/><!-- ⲅⲁⲣ -->
<feat xlink:href="#lang_820" value="Greek"/><!-- ⲥⲭⲏⲙⲁ -->
<feat xlink:href="#lang_823" value="Greek"/><!-- ⲕⲟⲥⲙⲟⲥ -->
<feat xlink:href="#lang_828" value="Greek"/><!-- ⲇⲉ -->
<feat xlink:href="#lang_862" value="Greek"/><!-- ⲇⲉ -->
<feat xlink:href="#lang_867" value="Greek"/><!-- ⲕⲟⲥⲙⲟⲥ -->
<feat xlink:href="#lang_891" value="Greek"/><!-- ⲡⲁⲣⲑⲉⲛⲟⲥ -->
<feat xlink:href="#lang_905" value="Greek"/><!-- ⲥⲱⲙⲁ -->
<feat xlink:href="#lang_908" value="Greek"/><!-- ⲡⲛⲉⲩⲙⲁ -->
<feat xlink:href="#lang_910" value="Greek"/><!-- ⲇⲉ -->
<feat xlink:href="#lang_915" value="Greek"/><!-- ⲕⲟⲥⲙⲟⲥ -->
<feat xlink:href="#lang_932" value="Greek"/><!-- ⲇⲉ -->
<feat xlink:href="#lang_947" value="Greek"/><!-- ⲁⲗⲗⲁ -->
<feat xlink:href="#lang_956" value="Greek"/><!-- ⲟⲩⲛ -->
<feat xlink:href="#lang_958" value="Greek"/><!-- ⲇⲉ -->
<feat xlink:href="#lang_996" value="Greek"/><!-- ⲇⲉ -->
<feat xlink:href="#lang_1014" value="Greek"/><!-- ⲉⲝⲟⲩⲥⲓⲁ -->
<feat xlink:href="#lang_1015" value="Greek"/><!-- ⲇⲉ -->
<feat xlink:href="#lang_1044" value="Greek"/><!-- ϩⲱⲥⲧⲉ -->
<feat xlink:href="#lang_1078" value="Greek"/><!-- ⲇⲉ -->
<feat xlink:href="#lang_1086" value="Greek"/><!-- ⲙⲟⲛⲟⲛ -->
<feat xlink:href="#lang_1093" value="Greek"/><!-- ⲇⲉ -->
<feat xlink:href="#lang_1098" value="Greek"/><!-- ⲕⲁⲧⲁ -->
<feat xlink:href="#lang_1100" value="Greek"/><!-- ⲅⲛⲱⲙⲏ -->
<feat xlink:href="#lang_1104" value="Greek"/><!-- ⲅⲁⲣ -->
<feat xlink:href="#lang_1114" value="Greek"/><!-- ⲡⲛⲉⲩⲙⲁ -->
</featList>
</paula>
