<?xml version="1.0" encoding="UTF-8" standalone="no"?>

<!DOCTYPE paula SYSTEM "paula_feat.dtd">
<paula version="1.0">

<header paula_id="sahidica.nt.1_Corinthians_7_morph"/>

<featList xmlns:xlink="http://www.w3.org/1999/xlink" type="morph" xml:base="sahidica.nt.1_Corinthians_7.morphSeg.xml">
<feat xlink:href="#morph_126" value="ⲟⲩⲉ"/><!-- ⲟⲩⲉ -->
<feat xlink:href="#morph_127" value="ⲛ"/><!-- ⲛ -->
<feat xlink:href="#morph_139" value="ⲙⲛⲧ"/><!-- ⲙⲛⲧ -->
<feat xlink:href="#morph_140" value="ⲁⲧ"/><!-- ⲁⲧ -->
<feat xlink:href="#morph_141" value="ⲁⲙⲁϩⲧⲉ"/><!-- ⲁⲙⲁϩⲧⲉ -->
<feat xlink:href="#morph_155" value="ⲟⲩⲉϩ"/><!-- ⲟⲩⲉϩ -->
<feat xlink:href="#morph_156" value="ⲥⲁϩⲛⲉ"/><!-- ⲥⲁϩⲛⲉ -->
<feat xlink:href="#morph_220" value="ⲉϣ"/><!-- ⲉϣ -->
<feat xlink:href="#morph_221" value="ⲉⲅⲕⲣⲁⲧⲉⲩⲉ"/><!-- ⲉⲅⲕⲣⲁⲧⲉⲩⲉ -->
<feat xlink:href="#morph_442" value="ϣ"/><!-- ϣ -->
<feat xlink:href="#morph_443" value="ⲧⲟⲩϫⲉ"/><!-- ⲧⲟⲩϫⲉ -->
<feat xlink:href="#morph_457" value="ϣ"/><!-- ϣ -->
<feat xlink:href="#morph_458" value="ⲧⲟⲩϫⲉ"/><!-- ⲧⲟⲩϫⲉ -->
<feat xlink:href="#morph_494" value="ⲧⲁϩ"/><!-- ⲧⲁϩ -->
<feat xlink:href="#morph_495" value="ⲙⲉ"/><!-- ⲙⲉ -->
<feat xlink:href="#morph_550" value="ⲙⲛⲧ"/><!-- ⲙⲛⲧ -->
<feat xlink:href="#morph_551" value="ⲁⲧ"/><!-- ⲁⲧ -->
<feat xlink:href="#morph_552" value="ⲥⲃⲃⲉ"/><!-- ⲥⲃⲃⲉ -->
<feat xlink:href="#morph_578" value="ⲧⲁϩ"/><!-- ⲧⲁϩ -->
<feat xlink:href="#morph_579" value="ⲙⲉ"/><!-- ⲙⲉ -->
<feat xlink:href="#morph_591" value="ⲧⲁϩ"/><!-- ⲧⲁϩ -->
<feat xlink:href="#morph_592" value="ⲙⲉ"/><!-- ⲙⲉ -->
<feat xlink:href="#morph_601" value="ⲣ"/><!-- ⲣ -->
<feat xlink:href="#morph_602" value="ⲣⲟⲟⲩϣ"/><!-- ⲣⲟⲟⲩϣ -->
<feat xlink:href="#morph_614" value="ⲣ"/><!-- ⲣ -->
<feat xlink:href="#morph_615" value="ⲣⲙϩⲉ"/><!-- ⲣⲙϩⲉ -->
<feat xlink:href="#morph_625" value="ⲧⲁϩ"/><!-- ⲧⲁϩ -->
<feat xlink:href="#morph_626" value="ⲙⲉ"/><!-- ⲙⲉ -->
<feat xlink:href="#morph_645" value="ⲧⲁϩ"/><!-- ⲧⲁϩ -->
<feat xlink:href="#morph_646" value="ⲙⲉ"/><!-- ⲙⲉ -->
<feat xlink:href="#morph_678" value="ⲧⲁϩ"/><!-- ⲧⲁϩ -->
<feat xlink:href="#morph_679" value="ⲙⲉ"/><!-- ⲙⲉ -->
<feat xlink:href="#morph_700" value="ⲟⲩⲉϩ"/><!-- ⲟⲩⲉϩ -->
<feat xlink:href="#morph_701" value="ⲥⲁϩⲛⲉ"/><!-- ⲥⲁϩⲛⲉ -->
<feat xlink:href="#morph_774" value="ⲣ"/><!-- ⲣ -->
<feat xlink:href="#morph_775" value="ⲛⲟⲃⲉ"/><!-- ⲛⲟⲃⲉ -->
<feat xlink:href="#morph_784" value="ⲣ"/><!-- ⲣ -->
<feat xlink:href="#morph_785" value="ⲛⲟⲃⲉ"/><!-- ⲛⲟⲃⲉ -->
<feat xlink:href="#morph_801" value="ϯ"/><!-- ϯ -->
<feat xlink:href="#morph_802" value="ⲥⲟ"/><!-- ⲥⲟ -->
<feat xlink:href="#morph_910" value="ϥⲓ"/><!-- ϥⲓ -->
<feat xlink:href="#morph_911" value="ⲣⲟⲟⲩϣ"/><!-- ⲣⲟⲟⲩϣ -->
<feat xlink:href="#morph_937" value="ϥⲓ"/><!-- ϥⲓ -->
<feat xlink:href="#morph_938" value="ⲣⲟⲟⲩϣ"/><!-- ⲣⲟⲟⲩϣ -->
<feat xlink:href="#morph_968" value="ϥⲓ"/><!-- ϥⲓ -->
<feat xlink:href="#morph_969" value="ⲣⲟⲟⲩϣ"/><!-- ⲣⲟⲟⲩϣ -->
<feat xlink:href="#morph_991" value="ϫⲓ"/><!-- ϫⲓ -->
<feat xlink:href="#morph_992" value="ϩⲁⲓ"/><!-- ϩⲁⲓ -->
<feat xlink:href="#morph_994" value="ϥⲓ"/><!-- ϥⲓ -->
<feat xlink:href="#morph_995" value="ⲣⲟⲟⲩϣ"/><!-- ⲣⲟⲟⲩϣ -->
<feat xlink:href="#morph_1035" value="ⲙⲛⲧ"/><!-- ⲙⲛⲧ -->
<feat xlink:href="#morph_1036" value="ϭⲓⲛⲁϩⲉⲣⲁⲧⲕ"/><!-- ϭⲓⲛⲁϩⲉⲣⲁⲧⲕ -->
<feat xlink:href="#morph_1059" value="ⲣ"/><!-- ⲣ -->
<feat xlink:href="#morph_1060" value="ⲛⲟϭ"/><!-- ⲛⲟϭ -->
<feat xlink:href="#morph_1077" value="ⲣ"/><!-- ⲣ -->
<feat xlink:href="#morph_1078" value="ⲛⲟⲃⲉ"/><!-- ⲛⲟⲃⲉ -->
</featList>
</paula>
