<?xml version='1.0' encoding='UTF-8'?><!DOCTYPE paula SYSTEM "paula_feat.dtd">
<paula version="1.1">
	<header paula_id="scriptorium.life.cyrus.01.mark_multiword"/>
	<featList xmlns:xlink="http://www.w3.org/1999/xlink" type="multiword" xml:base="scriptorium.life.cyrus.01.mark.xml">
		<feat xlink:href="#sSpan269" value="ⲉⲓ ⲉϩⲣⲁⲓ"/>
		<feat xlink:href="#sSpan476" value="ⲙⲟⲟϣⲉ ⲉϩⲟⲩⲛ"/>
		<feat xlink:href="#sSpan647" value="ⲙⲟⲟϣⲉ ⲉϩⲟⲩⲛ"/>
		<feat xlink:href="#sSpan747" value="ⲃⲱⲕ ϣⲁ"/>
		<feat xlink:href="#sSpan835" value="ⲙⲟⲟϣⲉ ⲉϩⲟⲩⲛ"/>
		<feat xlink:href="#sSpan864" value="ⲉⲓ ⲉϩⲣⲁⲓ"/>
		<feat xlink:href="#sSpan906" value="ⲕⲱⲗϩ ⲉϩⲟⲩⲛ"/>
		<feat xlink:href="#sSpan1100" value="ⲥⲁ ⲛϩⲟⲩⲛ"/>
		<feat xlink:href="#sSpan1458" value="ⲇⲉ ⲟⲛ"/>
		<feat xlink:href="#sSpan1623" value="ⲉⲓ ⲉϩⲟⲩⲛ"/>
		<feat xlink:href="#sSpan1977" value="ⲟⲩⲛ ⲟⲩⲟⲛ"/>
		<feat xlink:href="#sSpan2026" value="ⲉⲃⲟⲗ ϩⲓⲧⲟⲟⲧ"/>
		<feat xlink:href="#sSpan2048" value="ⲙⲟⲟϣⲉ ⲉⲃⲟⲗ"/>
		<feat xlink:href="#sSpan2081" value="ⲉⲓ ⲉϩⲣⲁⲓ"/>
		<feat xlink:href="#sSpan2117" value="ⲙⲟⲩⲧⲉ ⲉϩⲟⲩⲛ"/>
		<feat xlink:href="#sSpan2178" value="ⲥⲁ ⲛ"/>
		<feat xlink:href="#sSpan2216" value="ⲥⲁ ⲛϩⲟⲩⲛ"/>
		<feat xlink:href="#sSpan2353" value="ⲙⲏⲏϣⲉ ⲛ"/>
		<feat xlink:href="#sSpan2466" value="ⲥⲁ ⲛ"/>
		<feat xlink:href="#sSpan2584" value="ⲁⲩⲁⲛ ⲁⲩⲁⲛ"/>
		<feat xlink:href="#sSpan3002" value="ⲉⲃⲟⲗ ϫⲉ"/>
		<feat xlink:href="#sSpan3127" value="ⲉⲓ ⲉ"/>
		<feat xlink:href="#sSpan3431" value="ⲥⲁ ⲛϩⲟⲩⲛ"/>
		<feat xlink:href="#sSpan3623" value="ⲥⲁ ⲛϩⲟⲩⲛ"/>
		<feat xlink:href="#sSpan3867" value="ⲉⲃⲟⲗ ϩⲓⲧⲟⲟⲧ"/>
		<feat xlink:href="#sSpan3948" value="ⲉⲧⲃⲉ ⲡⲁⲓ"/>
		<feat xlink:href="#sSpan4143" value="ⲙⲟⲟϣⲉ ⲉϩⲟⲩⲛ"/>
		<feat xlink:href="#sSpan4678" value="ⲥⲁ ⲛϩⲟⲩⲛ"/>
		<feat xlink:href="#sSpan4811" value="ⲙⲏⲏϣⲉ ⲛ"/>
		<feat xlink:href="#sSpan4924" value="ⲥⲁ ⲛ"/>
		<feat xlink:href="#sSpan5060" value="ϯ ⲡⲉϥ ⲟⲩⲟⲓ"/>
		<feat xlink:href="#sSpan5290" value="ⲃⲱⲕ ⲉ"/>
		<feat xlink:href="#sSpan5367" value="ϯ ⲡⲉϥ ⲟⲩⲟⲓ"/>
		<feat xlink:href="#sSpan5519" value="ϩⲱⲃ ⲛⲓⲙ"/>
		<feat xlink:href="#sSpan5558" value="ϯ ⲛⲧⲟⲟⲧ"/>
		<feat xlink:href="#sSpan6033" value="ⲟⲩⲟⲛ ⲛⲓⲙ"/>
		<feat xlink:href="#sSpan6043" value="ⲣⲓⲕⲉ ⲉⲃⲟⲗ"/>
		<feat xlink:href="#sSpan6105" value="ⲕⲁ ⲣⲁⲧ"/>
		<feat xlink:href="#sSpan6120" value="ⲉⲓ ⲉ"/>
		<feat xlink:href="#sSpan6468" value="ⲉⲓⲙⲏⲧⲓ ⲉ"/>
		<feat xlink:href="#sSpan6617" value="ⲥⲁ ⲛϩⲟⲩⲛ"/></featList></paula>