<?xml version='1.0' encoding='UTF-8'?><!DOCTYPE paula SYSTEM "paula_feat.dtd">
<paula version="1.1">
	<header paula_id="scriptorium.life.cyrus.01.mark_ed_page_n"/>
	<featList xmlns:xlink="http://www.w3.org/1999/xlink" type="ed_page_n" xml:base="scriptorium.life.cyrus.01.mark.xml">
		<feat xlink:href="#sSpan11" value="1"/>
		<feat xlink:href="#sSpan807" value="2"/>
		<feat xlink:href="#sSpan2248" value="3"/>
		<feat xlink:href="#sSpan3708" value="4"/>
		<feat xlink:href="#sSpan5128" value="5"/>
		<feat xlink:href="#sSpan6532" value="6"/></featList></paula>