<?xml version='1.0' encoding='UTF-8'?><!DOCTYPE paula SYSTEM "paula_feat.dtd">
<paula version="1.1">
	<header paula_id="scriptorium.life.cyrus.01.mark_identity"/>
	<featList xmlns:xlink="http://www.w3.org/1999/xlink" type="identity" xml:base="scriptorium.life.cyrus.01.mark.xml">
		<feat xlink:href="#sSpan126" value="Pambo"/>
		<feat xlink:href="#sSpan155" value="Wadi El Natrun"/>
		<feat xlink:href="#sSpan213" value="Epeiph"/>
		<feat xlink:href="#sSpan335" value="Pambo"/>
		<feat xlink:href="#sSpan364" value="Wadi El Natrun"/>
		<feat xlink:href="#sSpan419" value="Zeno (emperor)"/>
		<feat xlink:href="#sSpan612" value="Pambo"/>
		<feat xlink:href="#sSpan707" value="Anthony the Great"/>
		<feat xlink:href="#sSpan754" value="Paul of Thebes"/>
		<feat xlink:href="#sSpan797" value="Pambo"/>
		<feat xlink:href="#sSpan1062" value="Pambo"/>
		<feat xlink:href="#sSpan1131" value="Pambo"/>
		<feat xlink:href="#sSpan1156" value="Wadi El Natrun"/>
		<feat xlink:href="#sSpan1349" value="Pambo"/>
		<feat xlink:href="#sSpan1556" value="Pambo"/>
		<feat xlink:href="#sSpan1900" value="Pambo"/>
		<feat xlink:href="#sSpan2254" value="Pambo"/>
		<feat xlink:href="#sSpan2291" value="Wadi El Natrun"/>
		<feat xlink:href="#sSpan2503" value="Pambo"/>
		<feat xlink:href="#sSpan2618" value="Joseph (Genesis)"/>
		<feat xlink:href="#sSpan2739" value="Pambo"/>
		<feat xlink:href="#sSpan3041" value="Pambo"/>
		<feat xlink:href="#sSpan3769" value="Wadi El Natrun"/>
		<feat xlink:href="#sSpan4234" value="Pambo"/>
		<feat xlink:href="#sSpan4311" value="Habakkuk"/>
		<feat xlink:href="#sSpan4416" value="Daniel (biblical figure)"/>
		<feat xlink:href="#sSpan4719" value="Pambo"/>
		<feat xlink:href="#sSpan4752" value="Wadi El Natrun"/>
		<feat xlink:href="#sSpan5201" value="Jacob"/>
		<feat xlink:href="#sSpan5271" value="Esau"/>
		<feat xlink:href="#sSpan5307" value="Syria (region)"/>
		<feat xlink:href="#sSpan5345" value="Laban (Bible)"/>
		<feat xlink:href="#sSpan5458" value="Laban (Bible)"/>
		<feat xlink:href="#sSpan5725" value="Theodosius I"/>
		<feat xlink:href="#sSpan5761" value="Arcadius"/>
		<feat xlink:href="#sSpan5773" value="Honorius (emperor)"/>
		<feat xlink:href="#sSpan5816" value="Honorius (emperor)"/>
		<feat xlink:href="#sSpan6218" value="Pambo"/>
		<feat xlink:href="#sSpan6333" value="Pambo"/>
		<feat xlink:href="#sSpan6371" value="Jesus"/>
		<feat xlink:href="#sSpan6729" value="Pambo"/>
		<feat xlink:href="#sSpan6762" value="Wadi El Natrun"/></featList></paula>