<?xml version='1.0' encoding='UTF-8'?><!DOCTYPE paula SYSTEM "paula_feat.dtd">
<paula version="1.1">
	<header paula_id="scriptorium.pachomius.instructions.01.mark_verse_n"/>
	<featList xmlns:xlink="http://www.w3.org/1999/xlink" type="verse_n" xml:base="scriptorium.pachomius.instructions.01.mark.xml">
		<feat xlink:href="#sSpan9" value="1"/>
		<feat xlink:href="#sSpan286" value="2"/>
		<feat xlink:href="#sSpan376" value="1"/>
		<feat xlink:href="#sSpan431" value="2"/>
		<feat xlink:href="#sSpan456" value="3"/>
		<feat xlink:href="#sSpan611" value="4"/>
		<feat xlink:href="#sSpan687" value="5"/>
		<feat xlink:href="#sSpan749" value="6"/>
		<feat xlink:href="#sSpan789" value="1"/>
		<feat xlink:href="#sSpan925" value="1"/>
		<feat xlink:href="#sSpan1027" value="1"/>
		<feat xlink:href="#sSpan1082" value="2"/>
		<feat xlink:href="#sSpan1098" value="3"/>
		<feat xlink:href="#sSpan1111" value="4"/>
		<feat xlink:href="#sSpan1155" value="5"/>
		<feat xlink:href="#sSpan1247" value="6"/>
		<feat xlink:href="#sSpan1351" value="7"/>
		<feat xlink:href="#sSpan1385" value="1"/>
		<feat xlink:href="#sSpan1475" value="2"/>
		<feat xlink:href="#sSpan1546" value="3"/>
		<feat xlink:href="#sSpan1595" value="4"/>
		<feat xlink:href="#sSpan1652" value="5"/>
		<feat xlink:href="#sSpan1680" value="6"/>
		<feat xlink:href="#sSpan1710" value="7"/>
		<feat xlink:href="#sSpan1734" value="8"/>
		<feat xlink:href="#sSpan1765" value="9"/>
		<feat xlink:href="#sSpan1803" value="10"/>
		<feat xlink:href="#sSpan1837" value="11"/>
		<feat xlink:href="#sSpan1945" value="12"/>
		<feat xlink:href="#sSpan1989" value="13"/>
		<feat xlink:href="#sSpan2110" value="1"/>
		<feat xlink:href="#sSpan2188" value="2"/>
		<feat xlink:href="#sSpan2249" value="3"/>
		<feat xlink:href="#sSpan2307" value="4"/>
		<feat xlink:href="#sSpan2376" value="5"/>
		<feat xlink:href="#sSpan2526" value="1"/>
		<feat xlink:href="#sSpan2597" value="2"/>
		<feat xlink:href="#sSpan2665" value="3"/>
		<feat xlink:href="#sSpan2730" value="4"/>
		<feat xlink:href="#sSpan2857" value="5"/>
		<feat xlink:href="#sSpan2916" value="6"/>
		<feat xlink:href="#sSpan2970" value="7"/>
		<feat xlink:href="#sSpan3033" value="1"/>
		<feat xlink:href="#sSpan3144" value="2"/>
		<feat xlink:href="#sSpan3233" value="1"/>
		<feat xlink:href="#sSpan3264" value="2"/>
		<feat xlink:href="#sSpan3352" value="3"/>
		<feat xlink:href="#sSpan3434" value="4"/>
		<feat xlink:href="#sSpan3557" value="5"/>
		<feat xlink:href="#sSpan3592" value="6"/>
		<feat xlink:href="#sSpan3657" value="7"/>
		<feat xlink:href="#sSpan3701" value="8"/>
		<feat xlink:href="#sSpan3782" value="9"/>
		<feat xlink:href="#sSpan3944" value="10"/>
		<feat xlink:href="#sSpan4069" value="1"/>
		<feat xlink:href="#sSpan4181" value="2"/>
		<feat xlink:href="#sSpan4288" value="1"/>
		<feat xlink:href="#sSpan4400" value="2"/>
		<feat xlink:href="#sSpan4467" value="3"/>
		<feat xlink:href="#sSpan4632" value="4"/>
		<feat xlink:href="#sSpan4715" value="5"/>
		<feat xlink:href="#sSpan4816" value="6"/>
		<feat xlink:href="#sSpan4857" value="1"/>
		<feat xlink:href="#sSpan4911" value="1"/>
		<feat xlink:href="#sSpan4965" value="2"/>
		<feat xlink:href="#sSpan5007" value="3"/>
		<feat xlink:href="#sSpan5093" value="4"/>
		<feat xlink:href="#sSpan5226" value="5"/>
		<feat xlink:href="#sSpan5277" value="6"/>
		<feat xlink:href="#sSpan5434" value="1"/>
		<feat xlink:href="#sSpan5493" value="2"/>
		<feat xlink:href="#sSpan5604" value="3"/>
		<feat xlink:href="#sSpan5632" value="4"/>
		<feat xlink:href="#sSpan5784" value="5"/>
		<feat xlink:href="#sSpan5881" value="6"/>
		<feat xlink:href="#sSpan5977" value="7"/>
		<feat xlink:href="#sSpan6039" value="8"/>
		<feat xlink:href="#sSpan6076" value="9"/>
		<feat xlink:href="#sSpan6161" value="10"/>
		<feat xlink:href="#sSpan6299" value="1"/>
		<feat xlink:href="#sSpan6381" value="2"/>
		<feat xlink:href="#sSpan6459" value="3"/>
		<feat xlink:href="#sSpan6555" value="4"/>
		<feat xlink:href="#sSpan6609" value="5"/>
		<feat xlink:href="#sSpan6709" value="1"/>
		<feat xlink:href="#sSpan6777" value="2"/>
		<feat xlink:href="#sSpan6921" value="3"/>
		<feat xlink:href="#sSpan7001" value="4"/>
		<feat xlink:href="#sSpan7085" value="5"/>
		<feat xlink:href="#sSpan7177" value="6"/>
		<feat xlink:href="#sSpan7268" value="1"/>
		<feat xlink:href="#sSpan7370" value="2"/>
		<feat xlink:href="#sSpan7479" value="3"/>
		<feat xlink:href="#sSpan7656" value="4"/>
		<feat xlink:href="#sSpan7742" value="5"/>
		<feat xlink:href="#sSpan7767" value="6"/>
		<feat xlink:href="#sSpan7833" value="7"/>
		<feat xlink:href="#sSpan7927" value="8"/>
		<feat xlink:href="#sSpan8088" value="1"/>
		<feat xlink:href="#sSpan8204" value="2"/>
		<feat xlink:href="#sSpan8249" value="3"/>
		<feat xlink:href="#sSpan8277" value="4"/>
		<feat xlink:href="#sSpan8371" value="5"/>
		<feat xlink:href="#sSpan8438" value="6"/>
		<feat xlink:href="#sSpan8532" value="7"/>
		<feat xlink:href="#sSpan8639" value="8"/>
		<feat xlink:href="#sSpan8778" value="9"/>
		<feat xlink:href="#sSpan8836" value="10"/>
		<feat xlink:href="#sSpan8925" value="1"/>
		<feat xlink:href="#sSpan8990" value="2"/>
		<feat xlink:href="#sSpan9089" value="3"/>
		<feat xlink:href="#sSpan9182" value="4"/>
		<feat xlink:href="#sSpan9280" value="5"/>
		<feat xlink:href="#sSpan9404" value="6"/>
		<feat xlink:href="#sSpan9472" value="7"/>
		<feat xlink:href="#sSpan9511" value="8"/>
		<feat xlink:href="#sSpan9572" value="1"/>
		<feat xlink:href="#sSpan9636" value="2"/>
		<feat xlink:href="#sSpan9680" value="3"/>
		<feat xlink:href="#sSpan9727" value="4"/>
		<feat xlink:href="#sSpan9775" value="5"/>
		<feat xlink:href="#sSpan9824" value="6"/>
		<feat xlink:href="#sSpan9904" value="7"/>
		<feat xlink:href="#sSpan9967" value="1"/>
		<feat xlink:href="#sSpan10119" value="2"/>
		<feat xlink:href="#sSpan10236" value="3"/>
		<feat xlink:href="#sSpan10300" value="4"/>
		<feat xlink:href="#sSpan10386" value="5"/>
		<feat xlink:href="#sSpan10449" value="6"/>
		<feat xlink:href="#sSpan10487" value="7"/>
		<feat xlink:href="#sSpan10584" value="8"/>
		<feat xlink:href="#sSpan10693" value="9"/>
		<feat xlink:href="#sSpan10811" value="1"/>
		<feat xlink:href="#sSpan10916" value="2"/>
		<feat xlink:href="#sSpan11016" value="3"/>
		<feat xlink:href="#sSpan11135" value="4"/>
		<feat xlink:href="#sSpan11381" value="5"/>
		<feat xlink:href="#sSpan11466" value="6"/>
		<feat xlink:href="#sSpan11524" value="1"/>
		<feat xlink:href="#sSpan11595" value="2"/>
		<feat xlink:href="#sSpan11641" value="3"/>
		<feat xlink:href="#sSpan11728" value="4"/>
		<feat xlink:href="#sSpan11906" value="5"/>
		<feat xlink:href="#sSpan11971" value="6"/>
		<feat xlink:href="#sSpan12065" value="7"/>
		<feat xlink:href="#sSpan12159" value="8"/>
		<feat xlink:href="#sSpan12312" value="9"/>
		<feat xlink:href="#sSpan12388" value="1"/>
		<feat xlink:href="#sSpan12466" value="2"/>
		<feat xlink:href="#sSpan12572" value="3"/>
		<feat xlink:href="#sSpan12744" value="1"/>
		<feat xlink:href="#sSpan12833" value="2"/>
		<feat xlink:href="#sSpan13033" value="3"/>
		<feat xlink:href="#sSpan13098" value="4"/>
		<feat xlink:href="#sSpan13157" value="5"/>
		<feat xlink:href="#sSpan13204" value="6"/>
		<feat xlink:href="#sSpan13275" value="7"/>
		<feat xlink:href="#sSpan13364" value="8"/>
		<feat xlink:href="#sSpan13429" value="9"/>
		<feat xlink:href="#sSpan13463" value="10"/>
		<feat xlink:href="#sSpan13551" value="11"/>
		<feat xlink:href="#sSpan13647" value="12"/>
		<feat xlink:href="#sSpan13748" value="13"/>
		<feat xlink:href="#sSpan13832" value="14"/>
		<feat xlink:href="#sSpan13940" value="15"/>
		<feat xlink:href="#sSpan14031" value="1"/>
		<feat xlink:href="#sSpan14093" value="2"/>
		<feat xlink:href="#sSpan14200" value="3"/>
		<feat xlink:href="#sSpan14332" value="4"/>
		<feat xlink:href="#sSpan14387" value="5"/>
		<feat xlink:href="#sSpan14570" value="6"/>
		<feat xlink:href="#sSpan14683" value="7"/>
		<feat xlink:href="#sSpan14758" value="1"/>
		<feat xlink:href="#sSpan14861" value="2"/>
		<feat xlink:href="#sSpan14954" value="3"/>
		<feat xlink:href="#sSpan15006" value="4"/>
		<feat xlink:href="#sSpan15081" value="1"/>
		<feat xlink:href="#sSpan15174" value="2"/>
		<feat xlink:href="#sSpan15222" value="3"/>
		<feat xlink:href="#sSpan15285" value="4"/>
		<feat xlink:href="#sSpan15313" value="5"/>
		<feat xlink:href="#sSpan15338" value="6"/>
		<feat xlink:href="#sSpan15386" value="7"/>
		<feat xlink:href="#sSpan15435" value="8"/>
		<feat xlink:href="#sSpan15489" value="9"/>
		<feat xlink:href="#sSpan15534" value="10"/>
		<feat xlink:href="#sSpan15612" value="11"/>
		<feat xlink:href="#sSpan15661" value="12"/>
		<feat xlink:href="#sSpan15755" value="13"/>
		<feat xlink:href="#sSpan15785" value="14"/>
		<feat xlink:href="#sSpan15863" value="15"/>
		<feat xlink:href="#sSpan15918" value="16"/>
		<feat xlink:href="#sSpan15970" value="17"/>
		<feat xlink:href="#sSpan16023" value="18"/>
		<feat xlink:href="#sSpan16058" value="19"/>
		<feat xlink:href="#sSpan16117" value="20"/>
		<feat xlink:href="#sSpan16165" value="21"/>
		<feat xlink:href="#sSpan16223" value="22"/>
		<feat xlink:href="#sSpan16280" value="23"/>
		<feat xlink:href="#sSpan16341" value="1"/>
		<feat xlink:href="#sSpan16388" value="2"/>
		<feat xlink:href="#sSpan16419" value="3"/>
		<feat xlink:href="#sSpan16473" value="4"/>
		<feat xlink:href="#sSpan16524" value="5"/>
		<feat xlink:href="#sSpan16570" value="6"/>
		<feat xlink:href="#sSpan16606" value="7"/>
		<feat xlink:href="#sSpan16743" value="8"/>
		<feat xlink:href="#sSpan16827" value="9"/>
		<feat xlink:href="#sSpan16991" value="10"/>
		<feat xlink:href="#sSpan17172" value="11"/>
		<feat xlink:href="#sSpan17287" value="12"/>
		<feat xlink:href="#sSpan17415" value="13"/>
		<feat xlink:href="#sSpan17515" value="14"/>
		<feat xlink:href="#sSpan17559" value="15"/>
		<feat xlink:href="#sSpan17606" value="16"/>
		<feat xlink:href="#sSpan17777" value="1"/>
		<feat xlink:href="#sSpan17850" value="2"/>
		<feat xlink:href="#sSpan17933" value="3"/>
		<feat xlink:href="#sSpan17985" value="4"/>
		<feat xlink:href="#sSpan18173" value="5"/>
		<feat xlink:href="#sSpan18361" value="6"/>
		<feat xlink:href="#sSpan18431" value="7"/>
		<feat xlink:href="#sSpan18493" value="8"/>
		<feat xlink:href="#sSpan18627" value="9"/>
		<feat xlink:href="#sSpan18764" value="1"/>
		<feat xlink:href="#sSpan18883" value="2"/>
		<feat xlink:href="#sSpan18960" value="3"/>
		<feat xlink:href="#sSpan19025" value="4"/>
		<feat xlink:href="#sSpan19091" value="5"/>
		<feat xlink:href="#sSpan19151" value="6"/>
		<feat xlink:href="#sSpan19191" value="1"/>
		<feat xlink:href="#sSpan19253" value="2"/>
		<feat xlink:href="#sSpan19295" value="3"/>
		<feat xlink:href="#sSpan19341" value="4"/>
		<feat xlink:href="#sSpan19385" value="5"/>
		<feat xlink:href="#sSpan19418" value="6"/>
		<feat xlink:href="#sSpan19481" value="7"/>
		<feat xlink:href="#sSpan19517" value="8"/>
		<feat xlink:href="#sSpan19588" value="9"/>
		<feat xlink:href="#sSpan19669" value="10"/>
		<feat xlink:href="#sSpan19728" value="1"/>
		<feat xlink:href="#sSpan19820" value="2"/>
		<feat xlink:href="#sSpan19935" value="3"/>
		<feat xlink:href="#sSpan20018" value="4"/>
		<feat xlink:href="#sSpan20051" value="5"/>
		<feat xlink:href="#sSpan20082" value="6"/>
		<feat xlink:href="#sSpan20116" value="7"/>
		<feat xlink:href="#sSpan20196" value="8"/></featList></paula>