<?xml version='1.0' encoding='UTF-8'?><!DOCTYPE paula SYSTEM "paula_feat.dtd">
<paula version="1.1">
	<header paula_id="scriptorium.Mark_02.mark_entity"/>
	<featList xmlns:xlink="http://www.w3.org/1999/xlink" type="entity" xml:base="scriptorium.Mark_02.mark.xml">
		<feat xlink:href="#sSpan31" value="place"/>
		<feat xlink:href="#sSpan38" value="time"/>
		<feat xlink:href="#sSpan59" value="place"/>
		<feat xlink:href="#sSpan78" value="person"/>
		<feat xlink:href="#sSpan109" value="object"/>
		<feat xlink:href="#sSpan146" value="abstract"/>
		<feat xlink:href="#sSpan184" value="person"/>
		<feat xlink:href="#sSpan201" value="person"/>
		<feat xlink:href="#sSpan254" value="person"/>
		<feat xlink:href="#sSpan267" value="object"/>
		<feat xlink:href="#sSpan280" value="place"/>
		<feat xlink:href="#sSpan320" value="object"/>
		<feat xlink:href="#sSpan335" value="object"/>
		<feat xlink:href="#sSpan340" value="person"/>
		<feat xlink:href="#sSpan372" value="person"/>
		<feat xlink:href="#sSpan389" value="abstract"/>
		<feat xlink:href="#sSpan405" value="person"/>
		<feat xlink:href="#sSpan416" value="person"/>
		<feat xlink:href="#sSpan429" value="abstract"/>
		<feat xlink:href="#sSpan459" value="person"/>
		<feat xlink:href="#sSpan471" value="person"/>
		<feat xlink:href="#sSpan485" value="place"/>
		<feat xlink:href="#sSpan508" value="abstract"/>
		<feat xlink:href="#sSpan528" value="person"/>
		<feat xlink:href="#sSpan543" value="abstract"/>
		<feat xlink:href="#sSpan562" value="person"/>
		<feat xlink:href="#sSpan583" value="person"/>
		<feat xlink:href="#sSpan628" value="abstract"/>
		<feat xlink:href="#sSpan683" value="abstract"/>
		<feat xlink:href="#sSpan711" value="abstract"/>
		<feat xlink:href="#sSpan730" value="person"/>
		<feat xlink:href="#sSpan751" value="object"/>
		<feat xlink:href="#sSpan782" value="abstract"/>
		<feat xlink:href="#sSpan827" value="person"/>
		<feat xlink:href="#sSpan838" value="person"/>
		<feat xlink:href="#sSpan867" value="place"/>
		<feat xlink:href="#sSpan882" value="person"/>
		<feat xlink:href="#sSpan919" value="object"/>
		<feat xlink:href="#sSpan933" value="place"/>
		<feat xlink:href="#sSpan972" value="object"/>
		<feat xlink:href="#sSpan1000" value="abstract"/>
		<feat xlink:href="#sSpan1052" value="person"/>
		<feat xlink:href="#sSpan1085" value="person"/>
		<feat xlink:href="#sSpan1127" value="place"/>
		<feat xlink:href="#sSpan1137" value="person"/>
		<feat xlink:href="#sSpan1211" value="person"/>
		<feat xlink:href="#sSpan1225" value="person"/>
		<feat xlink:href="#sSpan1240" value="place"/>
		<feat xlink:href="#sSpan1335" value="place"/>
		<feat xlink:href="#sSpan1344" value="person"/>
		<feat xlink:href="#sSpan1357" value="person"/>
		<feat xlink:href="#sSpan1373" value="person"/>
		<feat xlink:href="#sSpan1380" value="person"/>
		<feat xlink:href="#sSpan1421" value="person"/>
		<feat xlink:href="#sSpan1439" value="person"/>
		<feat xlink:href="#sSpan1465" value="person"/>
		<feat xlink:href="#sSpan1477" value="person"/>
		<feat xlink:href="#sSpan1495" value="person"/>
		<feat xlink:href="#sSpan1530" value="person"/>
		<feat xlink:href="#sSpan1542" value="person"/>
		<feat xlink:href="#sSpan1561" value="person"/>
		<feat xlink:href="#sSpan1607" value="person"/>
		<feat xlink:href="#sSpan1618" value="person"/>
		<feat xlink:href="#sSpan1630" value="person"/>
		<feat xlink:href="#sSpan1663" value="person"/>
		<feat xlink:href="#sSpan1674" value="person"/>
		<feat xlink:href="#sSpan1700" value="person"/>
		<feat xlink:href="#sSpan1711" value="person"/>
		<feat xlink:href="#sSpan1718" value="person"/>
		<feat xlink:href="#sSpan1721" value="person"/>
		<feat xlink:href="#sSpan1784" value="person"/>
		<feat xlink:href="#sSpan1795" value="person"/>
		<feat xlink:href="#sSpan1804" value="person"/>
		<feat xlink:href="#sSpan1814" value="person"/>
		<feat xlink:href="#sSpan1827" value="person"/>
		<feat xlink:href="#sSpan1864" value="person"/>
		<feat xlink:href="#sSpan1901" value="person"/>
		<feat xlink:href="#sSpan1910" value="place"/>
		<feat xlink:href="#sSpan1919" value="event"/>
		<feat xlink:href="#sSpan1931" value="person"/>
		<feat xlink:href="#sSpan1934" value="event"/>
		<feat xlink:href="#sSpan1954" value="person"/>
		<feat xlink:href="#sSpan1959" value="event"/>
		<feat xlink:href="#sSpan2001" value="time"/>
		<feat xlink:href="#sSpan2036" value="person"/>
		<feat xlink:href="#sSpan2039" value="event"/>
		<feat xlink:href="#sSpan2062" value="time"/>
		<feat xlink:href="#sSpan2083" value="person"/>
		<feat xlink:href="#sSpan2090" value="object"/>
		<feat xlink:href="#sSpan2107" value="object"/>
		<feat xlink:href="#sSpan2127" value="object"/>
		<feat xlink:href="#sSpan2144" value="abstract"/>
		<feat xlink:href="#sSpan2157" value="object"/>
		<feat xlink:href="#sSpan2201" value="person"/>
		<feat xlink:href="#sSpan2208" value="substance"/>
		<feat xlink:href="#sSpan2221" value="object"/>
		<feat xlink:href="#sSpan2239" value="substance"/>
		<feat xlink:href="#sSpan2252" value="object"/>
		<feat xlink:href="#sSpan2261" value="substance"/>
		<feat xlink:href="#sSpan2278" value="object"/>
		<feat xlink:href="#sSpan2306" value="substance"/>
		<feat xlink:href="#sSpan2319" value="object"/>
		<feat xlink:href="#sSpan2354" value="time"/>
		<feat xlink:href="#sSpan2379" value="place"/>
		<feat xlink:href="#sSpan2394" value="person"/>
		<feat xlink:href="#sSpan2426" value="person"/>
		<feat xlink:href="#sSpan2479" value="time"/>
		<feat xlink:href="#sSpan2539" value="abstract"/>
		<feat xlink:href="#sSpan2553" value="person"/>
		<feat xlink:href="#sSpan2578" value="person"/>
		<feat xlink:href="#sSpan2624" value="place"/>
		<feat xlink:href="#sSpan2633" value="person"/>
		<feat xlink:href="#sSpan2643" value="person"/>
		<feat xlink:href="#sSpan2659" value="object"/>
		<feat xlink:href="#sSpan2668" value="abstract"/>
		<feat xlink:href="#sSpan2714" value="person"/>
		<feat xlink:href="#sSpan2735" value="person"/>
		<feat xlink:href="#sSpan2778" value="time"/>
		<feat xlink:href="#sSpan2798" value="person"/>
		<feat xlink:href="#sSpan2817" value="person"/>
		<feat xlink:href="#sSpan2834" value="time"/>
		<feat xlink:href="#sSpan2856" value="person"/>
		<feat xlink:href="#sSpan2871" value="person"/>
		<feat xlink:href="#sSpan2884" value="time"/></featList></paula>