<?xml version='1.0' encoding='UTF-8'?><!DOCTYPE paula SYSTEM "paula_feat.dtd">
<paula version="1.1">
	<header paula_id="scriptorium.pistis.sophia_book_1_part1.mark_translation"/>
	<featList xmlns:xlink="http://www.w3.org/1999/xlink" type="translation" xml:base="scriptorium.pistis.sophia_book_1_part1.mark.xml">
		<feat xlink:href="#sSpan7" value="But it happened after that Jesus rose out of those who (are) dead,"/>
		<feat xlink:href="#sSpan61" value="and he spent eleven years speaking with his disciples,"/>
		<feat xlink:href="#sSpan106" value="and teaching them only as far as the Places of the First precept (Law ?),"/>
		<feat xlink:href="#sSpan158" value="and as far as the Places of the First Mystery,"/>
		<feat xlink:href="#sSpan193" value="this which (is) the inward of the veil which (is) within the First precept,"/>
		<feat xlink:href="#sSpan247" value="namely the twenty-fourth mystery out(side) and below ;"/>
		<feat xlink:href="#sSpan301" value="these (Places) which become in the second Space of the First Mystery which (is) before every mystery,"/>
		<feat xlink:href="#sSpan381" value="the Father in the form of a dove."/>
		<feat xlink:href="#sSpan409" value="Jesus is saying to his disciples,"/>
		<feat xlink:href="#sSpan441" value="I came out of that First Mystery,"/>
		<feat xlink:href="#sSpan485" value="namely [1b] the Last mystery which is the twenty-fourth,"/>
		<feat xlink:href="#sSpan535" value="and which the disciples knew not and understood not that there is anything within that mystery;"/>
		<feat xlink:href="#sSpan612" value="but they were thinking of that mystery that it is the head of the Universe,"/>
		<feat xlink:href="#sSpan677" value="and the head of all those which become."/>
		<feat xlink:href="#sSpan710" value="And they were thinking that it is the completion of all the completions"/>
		<feat xlink:href="#sSpan768" value="because that Jesus was saying to them concerning that mystery that it (is) that which surroundeth the first precept with the five Marks and with the great Light"/>
		<feat xlink:href="#sSpan892" value="and with the five Helpers and with all the Treasury of the Light."/>
		<feat xlink:href="#sSpan953" value="And also Jesus had not said unto his disciples all the distribution of all the Places of the great Invisible"/>
		<feat xlink:href="#sSpan1046" value="with the three Triple Powers with the twenty-four Invisibles"/>
		<feat xlink:href="#sSpan1086" value="with all their Places with their Aeons with all their arrays as they are distributed,"/>
		<feat xlink:href="#sSpan1160" value="these namely the emanations of the great Invisible"/>
		<feat xlink:href="#sSpan1204" value="and with their Unbegotten (ones) and with their Self begotten (ones)"/>
		<feat xlink:href="#sSpan1235" value="and with their Begotten (ones) and with their luminaries and with their Unpaired (ones)"/>
		<feat xlink:href="#sSpan1279" value="and with their Rulers with their Authorities"/>
		<feat xlink:href="#sSpan1311" value="with their Lords with their Archangels"/>
		<feat xlink:href="#sSpan1338" value="with their Angels with their Dekans with their Ministers with all the houses of their Spheres,"/>
		<feat xlink:href="#sSpan1406" value="and [2b] with all the arrays each one of them."/>
		<feat xlink:href="#sSpan1455" value="And Jesus had not said unto his disciples"/>
		<feat xlink:href="#sSpan1487" value="all the distribution of the emanations of the Treasury nor their arrays as they are distributed;"/>
		<feat xlink:href="#sSpan1574" value="nor had he said unto them their Saviours according to the array of each one as they are."/>
		<feat xlink:href="#sSpan1667" value="Nor had he said unto them what Guardian is at each (door) of the Treasury of the Light."/>
		<feat xlink:href="#sSpan1763" value="Nor had he said unto them the Place of the Twin Saviour,"/>
		<feat xlink:href="#sSpan1825" value="namely the child of the child."/>
		<feat xlink:href="#sSpan1860" value="And he had not said unto them the Place of the three Amens in what Place they are distributed [3a]."/>
		<feat xlink:href="#sSpan1953" value="And he had not said unto them in what Place the five Trees are distributed,"/>
		<feat xlink:href="#sSpan2029" value="nor the other seven Amens, namely, the seven Voices, what is their Place according as they are distributed."/>
		<feat xlink:href="#sSpan2126" value="And Jesus had not said unto his disciples of what type are the five Helpers, or in what Place they were brought."/>
		<feat xlink:href="#sSpan2232" value="Nor had he said unto them in what manner the great Light was distributed, or in what Place it was brought."/>
		<feat xlink:href="#sSpan2347" value="Nor had he said unto them the five Marks,"/>
		<feat xlink:href="#sSpan2391" value="nor concerning the First precept in what Place it was brought."/>
		<feat xlink:href="#sSpan2448" value="But he was only speaking [3b] with them simply, teaching them that they exist (become)."/>
		<feat xlink:href="#sSpan2517" value="But their distribution with the array of their Places he had not said unto them according as they exist."/>
		<feat xlink:href="#sSpan2607" value="Because of this indeed they knew not that there are other Places becoming the inward of that Mystery."/>
		<feat xlink:href="#sSpan2674" value="And he had not said unto his disciples out of what Place I came until I came into that Mystery, until I came forth out of it."/>
		<feat xlink:href="#sSpan2796" value="But he was wont to say to them, teaching them that I came out of that Mystery."/>
		<feat xlink:href="#sSpan2872" value="Because of this therefore they were thinking of that Mystery that it is the completion of all completions;"/>
		<feat xlink:href="#sSpan2950" value="and that it is the head of the Universe;"/>
		<feat xlink:href="#sSpan2994" value="and that [4a] it is the whole Pleroma:"/>
		<feat xlink:href="#sSpan3027" value="since Jesus is wont to say unto his disciples that that Mystery (is) that which surroundeth the Universe"/>
		<feat xlink:href="#sSpan3113" value="of all which I said unto you from the day when I met you even unto to-day."/>
		<feat xlink:href="#sSpan3203" value="Because of this therefore the disciples were thinking that there is not anything becoming within that mystery."/>
		<feat xlink:href="#sSpan3282" value="It happened therefore while the disciples are sitting with one another upon the mountain of the Olives saying these words and rejoicing in great joy and being very glad,"/>
		<feat xlink:href="#sSpan3411" value="and saying to one another, We happy are beyond all men who (are) upon the earth,"/>
		<feat xlink:href="#sSpan3488" value="because the [4b] Saviour revealed these (things) to us,"/>
		<feat xlink:href="#sSpan3524" value="and we received the Pleroma with all the completion."/>
		<feat xlink:href="#sSpan3569" value="While these they are saying unto one another Jesus is sitting, being distant from them a little (way)."/>
		<feat xlink:href="#sSpan3646" value="But it happened on the fifteenth day of the month of Tobe,"/>
		<feat xlink:href="#sSpan3698" value="namely the day in which the moon is wont to be full,"/>
		<feat xlink:href="#sSpan3740" value="on that day therefore the sun having come out in his course,"/>
		<feat xlink:href="#sSpan3791" value="(there) came out after him a great power of light enlightening greatly greatly,"/>
		<feat xlink:href="#sSpan3855" value="(there) being no measure for the light which was made,"/>
		<feat xlink:href="#sSpan3889" value="for it came out of the Light of the lights,"/>
		<feat xlink:href="#sSpan3930" value="and it came out of the Last mystery,"/>
		<feat xlink:href="#sSpan3970" value="namely the twenty-fourth mystery (reckoning) from within [5a] unto without,"/>
		<feat xlink:href="#sSpan4021" value="these (mysteries) which become in the array of the second Space of the First Mystery."/>
		<feat xlink:href="#sSpan4086" value="But that power indeed of light came upon Jesus and surrounded him altogether,"/>
		<feat xlink:href="#sSpan4170" value="while sitting at a distance from his disciples,"/>
		<feat xlink:href="#sSpan4204" value="and he was enlightening greatly greatly,"/>
		<feat xlink:href="#sSpan4240" value="(there) being no measure for the light which was becoming."/>
		<feat xlink:href="#sSpan4282" value="And the disciples had not seen Jesus from the great light in which he was being, or which was being (from) him;"/>
		<feat xlink:href="#sSpan4379" value="for their eyes had been darkened from the great light in which he was being."/>
		<feat xlink:href="#sSpan4449" value="But they were only seeing the light casting out beams of light which are great."/>
		<feat xlink:href="#sSpan4528" value="And not equal with one another [5b] were the beams of light;"/>
		<feat xlink:href="#sSpan4586" value="and the light was being of different kinds,"/>
		<feat xlink:href="#sSpan4629" value="and it was being of different types (reaching) from below to above,"/>
		<feat xlink:href="#sSpan4687" value="one being more excellent than one at a time in a great glory of light immeasurable,"/>
		<feat xlink:href="#sSpan4763" value="it was reaching from below on the earth even up to the heavens."/>
		<feat xlink:href="#sSpan4812" value="And the disciples having seen that light, they became in great fear and in great disturbance."/>
		<feat xlink:href="#sSpan4903" value="It happened therefore when the power of that light came upon Jesus, it surrounded him entirely (by) little (and) little."/>
		<feat xlink:href="#sSpan5002" value="Then Jesus mounted up, or flew, unto the Height having enlightened greatly greatly in light for which there is not measure."/>
		<feat xlink:href="#sSpan5093" value="And the disciples were looking [6a] at him, none of them speaking"/>
		<feat xlink:href="#sSpan5152" value="until he went up unto the heaven,"/>
		<feat xlink:href="#sSpan5183" value="but they were all being in great silence."/>
		<feat xlink:href="#sSpan5227" value="These (things) therefore happened on the fifteen of the moon,"/>
		<feat xlink:href="#sSpan5276" value="the day on which is wont to be completed the month of Tobe."/>
		<feat xlink:href="#sSpan5322" value="It happened therefore Jesus having gone into the heaven, after three hours were disturbed all the powers of the heavens, and they all quaked against one another,"/>
		<feat xlink:href="#sSpan5454" value="they with all their Aeons with all their Places and with all their arrays; and all the earth was moved with all those who dwell upon it."/>
		<feat xlink:href="#sSpan5566" value="And were disturbed all the men who (are) in the World with the disciples also, and they were all thinking that perhaps [6b] will be rolled up the World."/>
		<feat xlink:href="#sSpan5673" value="And had not ceased all the powers which (are) in the heavens being disturbed, they with all the World, and they were all being moved upon one another from three of the fifteen of the moon of Tobe even unto nine of the morrow."/>
		<feat xlink:href="#sSpan5861" value="And all the Angels with their Archangels and with all the Powers of the Height were all hymning unto the inner part of the inner parts."/>
		<feat xlink:href="#sSpan5986" value="So that all the earth heard their voices, not ceasing even unto the nine of the morrow."/>
		<feat xlink:href="#sSpan6068" value="But the disciples were sitting with one another being in fear,"/>
		<feat xlink:href="#sSpan6123" value="and they had been disturbed [7a] greatly greatly,"/>
		<feat xlink:href="#sSpan6161" value="but they were fearing because of the great earthquake which becometh, and they were weeping with one another, saying, What then is it that will happen?"/>
		<feat xlink:href="#sSpan6272" value="Perhaps the Saviour is about to overturn all the Places."/>
		<feat xlink:href="#sSpan6324" value="These therefore they are saying, weeping toward one another."/>
		<feat xlink:href="#sSpan6380" value="at the hour of nine of the morrow the heavens opened, and they saw Jesus coming down, enlightening greatly greatly,"/>
		<feat xlink:href="#sSpan6489" value="there being no measure for his light in which he is becoming,"/>
		<feat xlink:href="#sSpan6529" value="for he was enlightening more than the hour in which he went up into the heavens,"/>
		<feat xlink:href="#sSpan6592" value="so that it was not possible for world-men to speak of the light which was being from him:"/>
		<feat xlink:href="#sSpan6663" value="and he was casting out beams of [7b] light greatly greatly, there being no measure for his beams;"/>
		<feat xlink:href="#sSpan6731" value="and his light was not being equal with itself (one another),"/>
		<feat xlink:href="#sSpan6777" value="but it was being of different kinds, and it was being of different types, some more excellent than one another at a time;"/>
		<feat xlink:href="#sSpan6870" value="and all the light was in itself different;"/>
		<feat xlink:href="#sSpan6909" value="it was being of three manners and one more excellent than one at a time;"/>
		<feat xlink:href="#sSpan6978" value="the second which is in the middle was being more excellent than the first which is below, and the third which is above them all was more excellent than the two which (are) below."/>
		<feat xlink:href="#sSpan7113" value="And the first ray placed below them all,"/>
		<feat xlink:href="#sSpan7167" value="being of the kind of light which [8a] came upon Jesus before that he went up unto the heavens, and being equal to it only in his light."/>
		<feat xlink:href="#sSpan7287" value="And the three lights were being of different kinds of light, and they were being of different types, some more excellent than some at a time."/>
		<feat xlink:href="#sSpan7408" value="But it happened, (that) the disciples having seen these they feared greatly and were disturbed."/>
		<feat xlink:href="#sSpan7484" value="Jesus therefore the merciful and the sweet (of) heart, having seen his disciples that they were disturbed in a great disturbance spake with them, saying, Be confident of heart, I am, fear not."/>
		<feat xlink:href="#sSpan7630" value="It happened therefore, the disciples having heard this word said they, Lord if thou art, draw away unto thee thy light of glory, that [8b] we may be able to stand,"/>
		<feat xlink:href="#sSpan7754" value="otherwise our eyes are darkened, and we were disturbed, and also was disturbed all the World out of the great light which becometh from thee."/>
		<feat xlink:href="#sSpan7862" value="Then Jesus drew away unto him the glory of his light,"/>
		<feat xlink:href="#sSpan7919" value="and this having happened were confident of heart all the disciples, they came up to foot of Jesus, they prostrated all, at once, they worshipped to him rejoicing in great joy."/>
		<feat xlink:href="#sSpan8064" value="Said they to him, Hrabbeï, whither wentest thou, or what is thy Service which thou wentest (upon), or in what indeed were all these disturbances with all these earthquakes which happened?"/>
		<feat xlink:href="#sSpan8214" value="Then said he to them Jesus, the merciful, Rejoice and be glad from this hour, because [9a] I went even to the Places out of which I came."/>
		<feat xlink:href="#sSpan8324" value="From to-day, therefore, henceforth I shall speak with you in boldness from the beginning of the Truth even to its end,"/>
		<feat xlink:href="#sSpan8409" value="and I shall speak with you face to face without parable,"/>
		<feat xlink:href="#sSpan8457" value="I shall not hide anything from you, from this hour, of the (things) of the Height and the (things) of the Place of the Truth;"/>
		<feat xlink:href="#sSpan8535" value="for they gave authority from the Ineffable and from the First Mystery of all the mysteries for me to speak with you from the beginning even to the Pleroma, and from within even to without and from without even to within. Hear therefore that I may say unto you everything."/>
		<feat xlink:href="#sSpan8740" value="It happened while I am sitting being distant from you [9b] a little upon the mountain of the Olives, thinking of the arrangement of the service concerning which they sent me, that it was finished: and the Last mystery dispatched not to me my vesture, namely the twenty-fourth mystery (reckoning) from within even to without,"/>
		<feat xlink:href="#sSpan8976" value="these which become in the second Space of the First Mystery in the array of that Space. It happened therefore, I having known that was finished the arrangement of the service, concerning which I came, and not yet that Mystery dispatched to me my vesture this which I left in it, until was finished his time."/>
		<feat xlink:href="#sSpan9231" value="These (things) therefore thinking, sitting [10a] upon the mountain of the Olives distant from you a little, it happened as the sun came up in the Places of rising, afterward therefore through the First Mystery, this which was becoming from at first, this because of whom the Universe became, this out of which I also came now, not at the time before they crucified me, but now."/>
		<feat xlink:href="#sSpan9547" value="It happened by the commandment of that Mystery, he dis- patched to me my vesture of light, this which he gave for me from (at) first, this which I left in the Last mystery, namely the twenty-fourth mystery (reckoning) from within out, these which become in the arrays of the second Space of the First [10b] Mystery."/>
		<feat xlink:href="#sSpan9795" value="That vesture of light therefore, that which I, I left in the Last mystery, until finished the time for me to put it on, and to begin for me to speak with the race of mankind, and reveal to them all from the beginning of the Truth even unto its end, and speak with them from the inward part of the inward parts even unto the outward part of the outward parts, and from the outward part of the outward parts even unto the inward part of the inward parts."/>
		<feat xlink:href="#sSpan10190" value="Rejoice therefore with gladness and make more joy, because ye are those to whom they gave it for me to speak with you at first from the beginning of the Truth [11a] even unto its end."/>
		<feat xlink:href="#sSpan10335" value="Because of this indeed I chose you from at first through the First Mystery. Rejoice therefore and be glad, because having come, coming out unto the World from at first I brought twelve powers with me - according as I said unto you from at first,"/>
		<feat xlink:href="#sSpan10531" value="which I received — from the twelve Saviours of the Treasury of Light, according to the commandment of the First Mystery."/>
		<feat xlink:href="#sSpan10624" value="These therefore I cast unto the womb of your mother, from when I come unto the World, these which (are) in your body to-day,"/>
		<feat xlink:href="#sSpan10721" value="for they gave these powers unto you beyond all the World, because ye are those who will save all the World; and that ye should [11b] prevail to endure the threat of the Rulers of the World with the toils of the World with their dangers and with their persecutions, all which will bring upon you the Rulers of the Height."/>
		<feat xlink:href="#sSpan10973" value="For I said to you many times that the power which becometh within you, this which I brought out of the twelve Saviours, these who become in the Treasury of the Light."/>
		<feat xlink:href="#sSpan11118" value="Because of this indeed I said to you from at first that ye are not (such as are) out of the World, this I also, I am not out of it,"/>
		<feat xlink:href="#sSpan11234" value="for every man who (is) in the World received soul out of the Rulers of the Aeons,"/>
		<feat xlink:href="#sSpan11313" value="but the power which becometh [12a] in you is (something) from me."/>
		<feat xlink:href="#sSpan11362" value="But ye, your souls are numbered unto the Height."/>
		<feat xlink:href="#sSpan11402" value="I brought twelve powers of 12 Saviours to the Treasury of the Light, which I took out of the part of my power, that which I took at first."/>
		<feat xlink:href="#sSpan11513" value="And having come, coming unto the World I came unto the midst of the Rulers of the Sphere,"/>
		<feat xlink:href="#sSpan11592" value="I was the likeness of Gabriel the angel of the Aeons, and knew me not the Rulers of the Aeons."/>
		<feat xlink:href="#sSpan11672" value="But they were thinking that I am Gabriel the angel."/>
		<feat xlink:href="#sSpan11720" value="It happened therefore, having come unto the midst of the Rulers of the Aeons, I looked down unto the World of the mankind by the command of the First Mystery,"/>
		<feat xlink:href="#sSpan11854" value="I found Elisabet the mother of Iohannes, [12b] the baptist, before that that (woman) yet conceived him, I sowed a power into her, this which I received from the little Iao, the good, he who (is) in the Middle, that he should prevail to preach in front of us,"/>
		<feat xlink:href="#sSpan12051" value="and prepare my road and baptise in water for forgiving sin. That power therefore, that (is) that which becometh in the body of Iohannes,"/>
		<feat xlink:href="#sSpan12171" value="and also in the Place of the soul of the Rulers, destined to receive it,"/>
		<feat xlink:href="#sSpan12232" value="I found the soul of Helias the prophet in the Aeons of the Sphere, and I took him in, and I took his soul also, I brought it to the Virgin of the Light and she gave it to her Receivers, they brought it unto the Sphere of the [13a] Rulers and they cast it into the womb of Elisabet."/>
		<feat xlink:href="#sSpan12462" value="But the power of the little Iao, he of the Middle, and the soul of Helias the prophet, they (are) those which are bound in the body of Iohannes the baptist."/>
		<feat xlink:href="#sSpan12576" value="Because of this therefore ye doubted, at the time I having said to you, that Iohannes sald, I am not the Christ, and ye said to me, It is written in the Scripture that if the Christ should come, he coming, cometh Helias before him and prepareth his road."/>
		<feat xlink:href="#sSpan12808" value="But I, ye having said to me these (things) I said to you, Came indeed Helias, and he prepared everything according as it is written, and they did to him as they are willing (to do)."/>
		<feat xlink:href="#sSpan12967" value="And having known that ye did not understand that I said to you [13b] concerning the soul of Helias which is bound in Iohannes the baptist,"/>
		<feat xlink:href="#sSpan13064" value="I answered to you in the word in boldness of face with face, If ye are willing to receive (it) Iohannes the baptist, he is Helias, he whom I said that he cometh."/>
		<feat xlink:href="#sSpan13198" value="Added also Jesus in the word, said he, It happened therefore after these (things), by the command of the First Mystery"/>
		<feat xlink:href="#sSpan13305" value="I looked also down upon the World of the mankind I found Maria this whom they are wont to call my mother according to the body of the matter. I spake also with her according to the form of Gabriel, and she having turned herself unto the Height unto me I cast in unto her the first power that which I took from the Barbelo, [14a] namely, the body which I wear in the Height and in the place (Coptic) of the soul"/>
		<feat xlink:href="#sSpan13646" value="I cast in unto her the power, that which I took from the great Sabaoth, the good, this who becometh in the Place of the Right (hand), and the twelve powers of the twelve Saviours of the Treasury of the Light, those which I took from the twelve Deacons which (are) in the Middle, I cast them unto the Sphere of the Rulers, and the Dekan of the Rulers with their Ministrants,"/>
		<feat xlink:href="#sSpan13961" value="they were thinking that souls they were of the Rulers, and brought them the Ministrants, I bound them in the body of your mother. And when your time was finished they produced you in [14b] the World, there not being soul of the Rulers in you; and ye took your part out of the power, this which breathed in unto the Confusion the last Helper, this (power) which is mixed with all the Invisibles with all the Rulers, with all the Aeons,"/>
		<feat xlink:href="#sSpan14286" value="once simply being mixed in the World of the corruption which is the Confusion: this (power) which I brought out of me from at first, I cast it in unto the First precept, and the First precept cast a part from it in unto the great Light, and the great Light cast a part from that which he received in unto the five Helpers, and the last Helper received a part from that which he received he cast it in unto the Confusion, [15a] and it became in all (things) those which become in the Confusion, according as I have already said to you."/>
		<feat xlink:href="#sSpan14738" value="These therefore Jesus is saying to his disciples upon the mountain of the Olives. Added Jesus also in the word with his disciples, Rejoice and be glad and add joy upon your joy because fulfilled were the times for me to put on my vesture, this which was being prepared for me from at first,"/>
		<feat xlink:href="#sSpan14992" value="this which I left in the Last mystery even unto the time of its fulfilment."/>
		<feat xlink:href="#sSpan15057" value="But the time of its fulfilment is the time which they will command by the First mystery for me to speak with you from the beginning of the Truth even unto its end, and from the inward part [15b] of the inward parts, because that the World will be delivered by you. Rejoice therefore and be glad because ye are happy beyond all the men who (are) upon the earth, because ye are those who will deliver all the World."/>
		<feat xlink:href="#sSpan15366" value="It happened therefore, Jesus having finished saying these words unto his disciples, he added also in the word, said he to them, Behold therefore I wore my vesture, and they gave to me all authorities by the First Mystery. Yet a little more time is, and I shall say unto you the mystery of the all with the Pleroma of the all; and I shall hide nothing from you from this hour, but in a fulfilment I shall fulfil you in every Pleroma and in every completion and in every mystery, namely the completion of all completions, and [16a] the Pleroma of all the Pleromas and the knowledge of all the knowledges these which become in my vesture I shall say unto you all the mysteries from the outward part of the outward parts unto the inward part of the inward parts."/>
		<feat xlink:href="#sSpan16024" value="Nevertheless, hear, that I may say unto you everything which happened to me. It happened therefore the sun having come up in the places (Coptic) of rising, (there) came down a great power of light, my vesture being in it, this which I left in the twenty-fourth Mystery according as I have already said to you now,"/>
		<feat xlink:href="#sSpan16283" value="and I found a mystery in my vesture, written in the sort of, the writing of the (things) of the Height zama zama ozza rakhama ozai, namely, its interpretation, The mystery which is outside of the World, this [16b] because of which the Universe became."/>
		<feat xlink:href="#sSpan16475" value="This is with the whole (going) out the whole taking away up, this which distributed all the distributions with all those which are in them, and this because of which every mystery became and with all their Places. Come up even unto us, because we (are) thy fellow members, but we all (are) with thyself also, we (are) One of One and thou art One of One,"/></featList></paula>