<?xml version='1.0' encoding='UTF-8'?><!DOCTYPE paula SYSTEM "paula_feat.dtd">
<paula version="1.1">
	<header paula_id="scriptorium.pistis.sophia_book_1_part1.mark_verse_n"/>
	<featList xmlns:xlink="http://www.w3.org/1999/xlink" type="verse_n" xml:base="scriptorium.pistis.sophia_book_1_part1.mark.xml">
		<feat xlink:href="#sSpan12" value="1"/>
		<feat xlink:href="#sSpan925" value="2"/>
		<feat xlink:href="#sSpan2447" value="3"/>
		<feat xlink:href="#sSpan3029" value="4"/>
		<feat xlink:href="#sSpan3196" value="1"/>
		<feat xlink:href="#sSpan3980" value="2"/>
		<feat xlink:href="#sSpan4267" value="3"/>
		<feat xlink:href="#sSpan4688" value="1"/>
		<feat xlink:href="#sSpan4779" value="1"/>
		<feat xlink:href="#sSpan4878" value="2"/>
		<feat xlink:href="#sSpan5189" value="1"/>
		<feat xlink:href="#sSpan5321" value="2"/>
		<feat xlink:href="#sSpan5433" value="3"/>
		<feat xlink:href="#sSpan5929" value="4"/>
		<feat xlink:href="#sSpan6020" value="5"/>
		<feat xlink:href="#sSpan6131" value="6"/>
		<feat xlink:href="#sSpan6183" value="1"/>
		<feat xlink:href="#sSpan6819" value="2"/>
		<feat xlink:href="#sSpan7006" value="3"/>
		<feat xlink:href="#sSpan7245" value="1"/>
		<feat xlink:href="#sSpan7321" value="2"/>
		<feat xlink:href="#sSpan7467" value="1"/>
		<feat xlink:href="#sSpan7591" value="2"/>
		<feat xlink:href="#sSpan7699" value="1"/>
		<feat xlink:href="#sSpan7756" value="2"/>
		<feat xlink:href="#sSpan7901" value="3"/>
		<feat xlink:href="#sSpan8051" value="4"/>
		<feat xlink:href="#sSpan8366" value="5"/>
		<feat xlink:href="#sSpan8571" value="6"/>
		<feat xlink:href="#sSpan8807" value="7"/>
		<feat xlink:href="#sSpan9062" value="8"/>
		<feat xlink:href="#sSpan9378" value="9"/>
		<feat xlink:href="#sSpan9626" value="10"/>
		<feat xlink:href="#sSpan10021" value="11"/>
		<feat xlink:href="#sSpan10451" value="12"/>
		<feat xlink:href="#sSpan10943" value="13"/>
		<feat xlink:href="#sSpan11059" value="14"/>
		<feat xlink:href="#sSpan11137" value="15"/>
		<feat xlink:href="#sSpan11187" value="16"/>
		<feat xlink:href="#sSpan11227" value="17"/>
		<feat xlink:href="#sSpan11674" value="18"/>
		<feat xlink:href="#sSpan12273" value="19"/>
		<feat xlink:href="#sSpan12387" value="20"/>
		<feat xlink:href="#sSpan12619" value="21"/>
		<feat xlink:href="#sSpan12778" value="22"/>
		<feat xlink:href="#sSpan12875" value="23"/>
		<feat xlink:href="#sSpan13009" value="1"/>
		<feat xlink:href="#sSpan13116" value="2"/>
		<feat xlink:href="#sSpan13457" value="3"/>
		<feat xlink:href="#sSpan13772" value="4"/>
		<feat xlink:href="#sSpan14097" value="5"/>
		<feat xlink:href="#sSpan14549" value="1"/>
		<feat xlink:href="#sSpan14803" value="2"/>
		<feat xlink:href="#sSpan14868" value="3"/>
		<feat xlink:href="#sSpan15177" value="1"/>
		<feat xlink:href="#sSpan15835" value="1"/>
		<feat xlink:href="#sSpan16284" value="2"/></featList></paula>