<?xml version='1.0' encoding='UTF-8'?><!DOCTYPE paula SYSTEM "paula_feat.dtd">
<paula version="1.1">
	<header paula_id="scriptorium.johannes.canons.FA205-214.mark_text"/>
	<featList xmlns:xlink="http://www.w3.org/1999/xlink" type="text" xml:base="scriptorium.johannes.canons.FA205-214.mark.xml">
		<feat xlink:href="#sSpan6" value="ⲡⲉⲕ ⲛⲟⲩⲧⲉ ϩⲙ ⲡⲉⲕ ϩⲏⲧ ⲧⲏⲣ ϥ"/>
		<feat xlink:href="#sSpan20" value="ⲡⲉⲕ ϩⲏⲧ ⲧⲏⲣ ϥ"/>
		<feat xlink:href="#sSpan41" value="ⲧⲉⲕ ⲯⲩⲭⲏ ⲧⲏⲣ ⲥ"/>
		<feat xlink:href="#sSpan67" value="ⲧⲉⲕ ϭⲟⲙ ⲧⲏⲣ ⲥ"/>
		<feat xlink:href="#sSpan91" value="ⲛⲉⲕ ⲙⲉⲉⲩⲉ ⲧⲏⲣ ⲟⲩ"/>
		<feat xlink:href="#sSpan110" value="ⲡ ⲉⲧ ϩⲓⲧⲟⲩⲱ ⲕ"/>
		<feat xlink:href="#sSpan177" value="ⲟⲩⲁ"/>
		<feat xlink:href="#sSpan184" value="ⲡ ⲛⲟⲩⲧⲉ"/>
		<feat xlink:href="#sSpan239" value="ⲡⲉⲕ ϩⲏ ⲧⲏⲣ ϥ"/>
		<feat xlink:href="#sSpan255" value="ⲧⲉⲕ ϭⲟⲙ ⲧⲏⲣ ⲥ"/>
		<feat xlink:href="#sSpan280" value="ⲧⲉⲕ ⲙⲛⲧⲣⲙⲛϩⲏⲧ ⲧⲏⲣ ⲥ"/>
		<feat xlink:href="#sSpan301" value="ⲡⲁⲓ"/>
		<feat xlink:href="#sSpan330" value="ⲛ ϩⲟⲗⲟⲕⲁⲩⲧⲱⲙⲁ ⲧⲏⲣ ⲟⲩ"/>
		<feat xlink:href="#sSpan347" value="ⲛⲉ ⲑⲩⲥⲓⲁ"/>
		<feat xlink:href="#sSpan369" value="ⲡ ϫⲟⲉⲓⲥ ⲙ ⲡ ⲉⲟⲟⲩ"/>
		<feat xlink:href="#sSpan379" value="ⲡ ⲉⲟⲟⲩ"/>
		<feat xlink:href="#sSpan400" value="ⲧ ⲙⲛⲧⲙⲁⲓⲣⲱⲙⲉ"/>
		<feat xlink:href="#sSpan414" value="ⲡⲉⲥ ⲙⲡϣⲁ"/>
		<feat xlink:href="#sSpan441" value="ⲧ ⲙⲛⲧⲣⲣⲟ ⲛ ⲙ ⲡⲏⲩⲉ ⲁϫⲛ ⲇⲓⲥⲇⲁⲍⲉ"/>
		<feat xlink:href="#sSpan452" value="ⲙ ⲡⲏⲩⲉ ⲁϫⲛ ⲇⲓⲥⲇⲁⲍⲉ"/>
		<feat xlink:href="#sSpan463" value="ⲇⲓⲥⲇⲁⲍⲉ"/>
		<feat xlink:href="#sSpan511" value="ⲧ ⲙⲛⲧⲣⲣⲟ ⲛ ⲙ ⲡⲏⲩⲉ"/>
		<feat xlink:href="#sSpan523" value="ⲙ ⲡⲏⲩⲉ"/>
		<feat xlink:href="#sSpan559" value="ⲡ ϫⲱⲕ ⲛ ⲧ ⲙⲛⲧⲙⲁⲓⲣⲱⲙⲉ"/>
		<feat xlink:href="#sSpan569" value="ⲧ ⲙⲛⲧⲙⲁⲓⲣⲱⲙⲉ"/>
		<feat xlink:href="#sSpan629" value="ⲡ ⲉⲧ ϩⲓⲧⲟⲩⲱ ⲓ"/>
		<feat xlink:href="#sSpan648" value="ⲡ ⲣⲣⲟ ⲛ ⲛ ϭⲟⲙ"/>
		<feat xlink:href="#sSpan658" value="ⲛ ϭⲟⲙ"/>
		<feat xlink:href="#sSpan697" value="ⲡ ϫⲱⲕ ⲛ ⲧⲉ ϩⲓⲏ ⲉⲧ ⲥⲟⲩⲧⲱⲛ"/>
		<feat xlink:href="#sSpan707" value="ⲧⲉ ϩⲓⲏ"/>
		<feat xlink:href="#sSpan728" value="ⲟⲩ ⲣⲱⲙⲉ"/>
		<feat xlink:href="#sSpan756" value="ⲧ ϩⲓⲉⲣⲟⲩⲥⲁⲗⲏⲙ"/>
		<feat xlink:href="#sSpan768" value="ϩⲓⲉⲣⲁⲭⲱ"/>
		<feat xlink:href="#sSpan792" value="ϩⲉⲛ ⲙⲁ ⲛ ⲥⲟⲟⲛⲉ"/>
		<feat xlink:href="#sSpan804" value="ⲥⲟⲟⲛⲉ"/>
		<feat xlink:href="#sSpan840" value="ϩⲉⲛ ⲥⲁϣ"/>
		<feat xlink:href="#sSpan885" value="ⲡ ϣⲙⲟⲩ"/>
		<feat xlink:href="#sSpan901" value="ⲟⲩ ϣⲥⲛⲉ"/>
		<feat xlink:href="#sSpan911" value="ⲩ ⲟⲩⲏⲏⲃ"/>
		<feat xlink:href="#sSpan934" value="ⲧⲉ ϩⲓⲏ ⲉⲧ ⲙⲙⲁⲩ"/>
		<feat xlink:href="#sSpan984" value="ⲟⲩ ⲥⲁⲙⲁⲣⲓⲧⲏⲥ"/>
		<feat xlink:href="#sSpan1013" value="ⲧⲉ ϩⲓⲏ ⲉⲧ ⲙⲙⲁⲩ"/>
		<feat xlink:href="#sSpan1081" value="ⲡⲉϥ ⲟⲩⲟⲉⲓ"/>
		<feat xlink:href="#sSpan1106" value="ⲛⲉϥ ⲥⲁϣ"/>
		<feat xlink:href="#sSpan1141" value="ⲟⲩ ⲏⲣⲡ"/>
		<feat xlink:href="#sSpan1151" value="ⲟⲩ ⲛⲉϩ"/>
		<feat xlink:href="#sSpan1179" value="ⲡⲉϥ ⲧⲃⲛⲏ"/>
		<feat xlink:href="#sSpan1217" value="ⲩ ⲡⲁⲛⲧⲟⲕⲓⲟⲛ"/>
		<feat xlink:href="#sSpan1233" value="ⲣⲟⲟⲩϣ ⲙ ⲡⲉϥ ⲣⲁⲥⲧⲉ"/>
		<feat xlink:href="#sSpan1291" value="ⲡ ⲡⲁⲛⲇⲟⲕⲉⲩⲥ"/>
		<feat xlink:href="#sSpan1325" value="ⲡⲉϥ ⲣⲟⲟⲩϣ"/>
		<feat xlink:href="#sSpan1344" value="ⲡ ⲉⲧ ⲕ ⲛⲁ ϫⲟ ϥ ⲉⲃⲟⲗ ⲉⲣⲟ ϥ"/>
		<feat xlink:href="#sSpan1407" value="ⲡⲉⲓ ϣⲟⲙⲛⲧ"/>
		<feat xlink:href="#sSpan1424" value="ⲡ ⲉⲛⲧ ⲁ ϥ ⲣ ⲡ ⲉⲧ ϩⲓⲧⲟⲩⲱ ϥ ⲙ ⲡ ⲉⲛⲧ ⲁ ϥ ⲉⲓ ⲉⲧⲟⲟⲧ ⲟⲩ ⲛ ⲛ ⲥⲟⲟⲛⲉ"/>
		<feat xlink:href="#sSpan1435" value="ⲡ ⲉⲧ ϩⲓⲧⲟⲩⲱ ϥ"/>
		<feat xlink:href="#sSpan1450" value="ⲡ ⲉⲛⲧ ⲁ ϥ ⲉⲓ ⲉⲧⲟⲟⲧ ⲟⲩ ⲛ ⲛ ⲥⲟⲟⲛⲉ"/>
		<feat xlink:href="#sSpan1472" value="ⲛ ⲥⲟⲟⲛⲉ"/>
		<feat xlink:href="#sSpan1499" value="ⲡ ⲉⲛⲧ ⲁ ϥ ⲣⲡⲛⲉⲩⲙⲁ ⲛⲙⲙⲁ ϥ"/>
		<feat xlink:href="#sSpan1549" value="ⲡ ϫⲟⲉⲓⲥ ⲙ ⲡ ⲉⲟⲟⲩ ⲓⲏⲥⲟⲩⲥ"/>
		<feat xlink:href="#sSpan1558" value="ⲡ ⲉⲟⲟⲩ"/>
		<feat xlink:href="#sSpan1599" value="ⲛⲁⲓ"/>
		<feat xlink:href="#sSpan1637" value="ⲗⲁⲁⲩ"/>
		<feat xlink:href="#sSpan1653" value="ⲛ ⲉⲛⲧ ⲁ ⲛ ϫⲟⲟ ⲩ ⲙ ⲡ ⲃⲗ ⲛ ⲧⲉ ⲅⲣⲁⲫⲏ ⲁⲩⲱ ⲟⲛ ϫⲉⲕⲁⲥ ⲉ ⲛ ⲛⲁ ⲉⲓⲙⲉ · ϫⲉ ⲧ ⲁⲅⲁⲡⲏ ⲧⲉ ⲧ ⲙⲛⲧⲙⲁⲓⲣⲱⲙⲉ · ⲁⲩⲱ ⲧ ⲙⲛⲧⲙⲁⲓⲣⲱⲙⲉ"/>
		<feat xlink:href="#sSpan1671" value="ⲡ ⲃⲗ ⲛ ⲧⲉ ⲅⲣⲁⲫⲏ"/>
		<feat xlink:href="#sSpan1679" value="ⲧⲉ ⲅⲣⲁⲫⲏ"/>
		<feat xlink:href="#sSpan1717" value="ⲧ ⲁⲅⲁⲡⲏ"/>
		<feat xlink:href="#sSpan1728" value="ⲧ ⲙⲛⲧⲙⲁⲓⲣⲱⲙⲉ"/>
		<feat xlink:href="#sSpan1747" value="ⲧ ⲙⲛⲧⲙⲁⲓⲣⲱⲙⲉ"/>
		<feat xlink:href="#sSpan1763" value="ⲧ ⲁⲅⲁⲡⲏ"/>
		<feat xlink:href="#sSpan1791" value="ⲧ ⲙⲛⲧⲣⲣⲟ ⲙ ⲡⲁⲓ"/>
		<feat xlink:href="#sSpan1802" value="ⲡⲁⲓ"/>
		<feat xlink:href="#sSpan1820" value="ⲧ ⲙⲉ"/>
		<feat xlink:href="#sSpan1830" value="ⲧⲉϥ ϭⲓⲛⲟⲩⲱϣⲃ"/>
		<feat xlink:href="#sSpan1847" value="ⲧ ⲙⲛⲧⲙⲁⲓⲣⲱⲙⲉ"/>
		<feat xlink:href="#sSpan1871" value="ⲛ ϩⲟⲗⲟⲕⲁⲩⲧⲱⲙⲁ ⲧⲏⲣ ⲟⲩ"/>
		<feat xlink:href="#sSpan1892" value="ⲛⲉ ⲑⲩⲥⲓⲁ"/>
		<feat xlink:href="#sSpan1909" value="ⲡ ⲉⲧ ⲛⲁ ϫⲟⲕ ⲥ"/>
		<feat xlink:href="#sSpan1926" value="ϩⲱⲱ ϥ ⲉⲃⲟⲗ ⲛϩⲣⲁⲓ ϩⲙ ⲡⲉϥ ϩⲏⲧ"/>
		<feat xlink:href="#sSpan1959" value="ⲛⲉⲥ ⲕⲉ ϩⲃⲏⲩⲉ ⲧⲏⲣ ⲟⲩ ⲛ ⲇⲓⲕⲁⲓⲟⲥⲩⲛⲏ"/>
		<feat xlink:href="#sSpan2030" value="ⲧ ⲙⲛⲧⲣⲣⲟ ⲛ ⲙ ⲡⲏⲩⲉ ⲛ ⲁϣ ⲛ ϩⲉ"/>
		<feat xlink:href="#sSpan2042" value="ⲙ ⲡⲏⲩⲉ"/>
		<feat xlink:href="#sSpan2091" value="ⲛⲉ ⲥⲛⲏⲩ"/>
		<feat xlink:href="#sSpan2106" value="ϩⲉⲛ ⲭⲣⲓⲥⲧⲓⲁⲛⲟⲥ · ⲉ ⲟⲩⲛ ⲕⲱϩ ⲏ ϯⲧⲱⲛ · ⲏ ⲙⲟⲥⲧⲉ ϩⲙ ⲡⲉⲛ ϩⲏⲧ ⲉϩⲟⲩⲛ ⲉ ⲡ ⲉⲧ ϩⲓⲧⲟⲩⲱ ⲛ"/>
		<feat xlink:href="#sSpan2123" value="ⲕⲱϩ"/>
		<feat xlink:href="#sSpan2133" value="ϯⲧⲱⲛ"/>
		<feat xlink:href="#sSpan2157" value="ⲡⲉⲛ ϩⲏⲧ"/>
		<feat xlink:href="#sSpan2171" value="ⲡ ⲉⲧ ϩⲓⲧⲟⲩⲱ ⲛ"/>
		<feat xlink:href="#sSpan2210" value="ⲡ ⲉⲧ ϩⲓⲧⲟⲩⲱ ⲛ ⲛ ⲧⲉⲛ ϩⲉ"/>
		<feat xlink:href="#sSpan2256" value="ⲡ ϩⲱⲃ"/>
		<feat xlink:href="#sSpan2267" value="ⲟⲩ ⲣⲁⲛ ⲉ ϥ ϣⲟⲩⲉⲓⲧ ⲙⲙⲁⲧⲉ ⲡ ⲉⲧ ⲟⲩ ⲙⲟⲩⲧⲉ ⲉⲣⲟ ⲛ ⲙⲙⲟ ϥ"/>
		<feat xlink:href="#sSpan2318" value="ⲡ ⲁⲡⲟⲥⲧⲟⲗⲟⲥ ⲉⲧ ⲟⲩⲁⲁⲃ"/>
		<feat xlink:href="#sSpan2366" value="ⲕⲱϩ"/>
		<feat xlink:href="#sSpan2375" value="ϯⲧⲱⲛ"/>
		<feat xlink:href="#sSpan2413" value="ⲥⲁⲣⲕⲓⲕⲟⲥ"/>
		<feat xlink:href="#sSpan2480" value="ⲡⲉ ϩⲟⲟⲩ ⲙ ⲡⲉⲛ ϭⲙⲡϣⲓⲛⲉ"/>
		<feat xlink:href="#sSpan2490" value="ⲡⲉⲛ ϭⲙⲡϣⲓⲛⲉ"/>
		<feat xlink:href="#sSpan2537" value="ⲛⲉ ϩⲟⲟⲩ ⲙ ⲡⲉⲛ ⲁϩⲉ"/>
		<feat xlink:href="#sSpan2547" value="ⲡⲉⲛ ⲁϩⲉ"/>
		<feat xlink:href="#sSpan2580" value="ⲡ ⲙⲁ ⲙ ⲡ ⲛⲉϩⲡⲉ"/>
		<feat xlink:href="#sSpan2589" value="ⲡ ⲛⲉϩⲡⲉ"/>
		<feat xlink:href="#sSpan2619" value="ϩⲁϩ"/>
		<feat xlink:href="#sSpan2628" value="ⲡ ⲁⲓⲱⲛ"/>
		<feat xlink:href="#sSpan2659" value="ⲡ ⲙⲁ ⲙ ⲡ ⲣⲓⲙⲉ ⲉⲧ ⲟⲩ ⲣⲓⲙⲉ ⲛϩⲏⲧ ϥ"/>
		<feat xlink:href="#sSpan2668" value="ⲡ ⲣⲓⲙⲉ ⲉⲧ ⲟⲩ ⲣⲓⲙⲉ ⲛϩⲏⲧ ϥ"/>
		<feat xlink:href="#sSpan2693" value="ϩⲁϩ"/>
		<feat xlink:href="#sSpan2703" value="ⲧ ⲁⲣⲭⲏ"/>
		<feat xlink:href="#sSpan2734" value="ⲧ ⲙⲛⲧⲙⲁⲓⲣⲱⲙⲉ"/>
		<feat xlink:href="#sSpan2753" value="ⲧ ⲁⲅⲁⲡⲏ"/>
		<feat xlink:href="#sSpan2770" value="ⲡⲉⲓ ⲙⲏⲏϣⲉ ⲧⲏⲣ ϥ"/>
		<feat xlink:href="#sSpan2802" value="ⲡ ⲣⲣⲟ"/>
		<feat xlink:href="#sSpan2816" value="ⲡⲉϥ ⲉⲟⲟⲩ"/>
		<feat xlink:href="#sSpan2826" value="ⲛⲉϥ ⲁⲅⲅⲉⲗⲟⲥ ⲧⲏⲣ ⲟⲩ"/>
		<feat xlink:href="#sSpan2904" value="ⲡ ⲱⲛϩ"/>
		<feat xlink:href="#sSpan2913" value="ⲉⲛⲉϩ"/>
		<feat xlink:href="#sSpan2954" value="ⲡ ϫⲟⲉⲓⲥ ⲙ ⲡ ⲉⲟⲟⲩ ⲓⲏⲥⲟⲩⲥ"/>
		<feat xlink:href="#sSpan2964" value="ⲡ ⲉⲟⲟⲩ"/>
		<feat xlink:href="#sSpan3004" value="ⲡ ϩⲏⲧ ⲛ ⲛ ⲥⲁⲃⲉⲉⲩⲉ"/>
		<feat xlink:href="#sSpan3013" value="ⲛ ⲥⲁⲃⲉⲉⲩⲉ"/>
		<feat xlink:href="#sSpan3040" value="ⲡ ⲱⲛϩ"/>
		<feat xlink:href="#sSpan3055" value="ⲉⲛⲉϩ"/>
		<feat xlink:href="#sSpan3069" value="ⲧⲁⲉⲓⲟ ⲛⲓⲙ ⲙⲛ ⲉⲟⲟⲩ ⲛⲓⲙ ϩⲛ ⲟⲩ ⲛⲟϭ ⲙ ⲡⲁⲣⲣⲏⲥⲓⲁ"/>
		<feat xlink:href="#sSpan3081" value="ⲉⲟⲟⲩ ⲛⲓⲙ"/>
		<feat xlink:href="#sSpan3095" value="ⲟⲩ ⲛⲟϭ ⲙ ⲡⲁⲣⲣⲏⲥⲓⲁ"/>
		<feat xlink:href="#sSpan3112" value="ⲙ ⲡⲏⲩⲉ"/>
		<feat xlink:href="#sSpan3139" value="ⲉ ϩⲱⲱ ⲧⲉ ⲱ ⲧ ⲙⲛⲧⲙⲁⲥⲧⲣⲱⲙⲉ"/>
		<feat xlink:href="#sSpan3172" value="ⲡⲉⲓ ⲙⲏⲏϣⲉ ⲧⲏⲣ ϥ"/>
		<feat xlink:href="#sSpan3191" value="ⲛⲉⲓ ⲗⲁⲟⲥ ⲉⲧ ⲟϣ"/>
		<feat xlink:href="#sSpan3215" value="ⲡ ⲁⲓⲱⲛ"/>
		<feat xlink:href="#sSpan3239" value="ϣⲁϩⲣⲁⲓ ⲉ ⲧ ⲥⲩⲛⲧⲉⲗⲉⲓⲁ ⲙ ⲡ ⲁⲓⲱⲛ"/>
		<feat xlink:href="#sSpan3257" value="ⲡ ⲁⲓⲱⲛ"/>
		<feat xlink:href="#sSpan3291" value="ⲡ ⲣⲣⲟ"/>
		<feat xlink:href="#sSpan3300" value="ⲡⲉϥ ⲉⲟⲟⲩ"/>
		<feat xlink:href="#sSpan3318" value="ⲧ ⲙⲏⲧⲉ ⲛ ⲛⲁⲓ · ⲙⲛ ⲛⲉⲓ ⲕⲟⲟⲩⲉ"/>
		<feat xlink:href="#sSpan3328" value="ⲛⲁⲓ · ⲙⲛ ⲛⲉⲓ ⲕⲟⲟⲩⲉ"/>
		<feat xlink:href="#sSpan3339" value="ⲛⲉⲓ ⲕⲟⲟⲩⲉ"/>
		<feat xlink:href="#sSpan3353" value="ⲧ ⲙⲏⲧⲉ ⲛ ⲛ ⲉⲧ ϩⲓ ⲟⲩⲛⲁⲙ"/>
		<feat xlink:href="#sSpan3363" value="ⲛ ⲉⲧ ϩⲓ ⲟⲩⲛⲁⲙ"/>
		<feat xlink:href="#sSpan3370" value="ⲟⲩⲛⲁⲙ"/>
		<feat xlink:href="#sSpan3378" value="ⲧ ⲁⲅⲁⲡⲏ"/>
		<feat xlink:href="#sSpan3389" value="ⲡ ⲛⲁ"/>
		<feat xlink:href="#sSpan3405" value="ⲡ ϫⲱⲕ ⲛ ⲧ ⲙⲛⲧⲙⲁⲓⲣⲱⲙⲉ"/>
		<feat xlink:href="#sSpan3414" value="ⲧ ⲙⲛⲧⲙⲁⲓⲣⲱⲙⲉ"/>
		<feat xlink:href="#sSpan3438" value="ⲧ ⲙⲏⲧⲉ ⲛ ⲛ ⲉⲧ ϩⲓ ϩⲃⲟⲩⲣ ⲉⲧⲃⲉ ⲡ ⲕⲱϩ"/>
		<feat xlink:href="#sSpan3448" value="ⲛ ⲉⲧ ϩⲓ ϩⲃⲟⲩⲣ ⲉⲧⲃⲉ ⲡ ⲕⲱϩ"/>
		<feat xlink:href="#sSpan3455" value="ϩⲃⲟⲩⲣ ⲉⲧⲃⲉ ⲡ ⲕⲱϩ"/>
		<feat xlink:href="#sSpan3463" value="ⲡ ⲕⲱϩ"/>
		<feat xlink:href="#sSpan3474" value="ⲡ ⲙⲟⲥⲧⲉ"/>
		<feat xlink:href="#sSpan3484" value="ⲧ ⲙⲛⲧⲁⲧⲛⲁ"/>
		<feat xlink:href="#sSpan3513" value="ⲡ ⲉⲛⲧ ⲁ ϥ ⲕⲁⲃⲟⲗ ⲙⲙⲟ"/>
		<feat xlink:href="#sSpan3535" value="ⲡ ⲇⲓⲁⲃⲟⲗⲟⲥ"/>
		<feat xlink:href="#sSpan3572" value="ⲟⲩ ϭⲣⲟϭ ⲙ ⲡⲟⲛⲏⲣⲟⲛ"/>
		<feat xlink:href="#sSpan3589" value="ⲡ ϩⲏⲧ ⲛ ⲛ ⲁⲧϩⲏⲧ"/>
		<feat xlink:href="#sSpan3599" value="ⲛ ⲁⲧϩⲏⲧ"/>
		<feat xlink:href="#sSpan3644" value="ⲡⲉ ⲇⲣⲁⲕⲱⲛ ϩⲛ ⲧ ⲁϣⲏ ⲛ ⲙ ⲙⲁⲧⲟⲩ ⲉⲧ ⲛⲏⲩ ⲉⲃⲟⲗ ϩⲛ ⲣⲱ ϥ"/>
		<feat xlink:href="#sSpan3657" value="ⲁϣⲏ ⲛ ⲙ ⲙⲁⲧⲟⲩ ⲉⲧ ⲛⲏⲩ ⲉⲃⲟⲗ ϩⲛ ⲣⲱ ϥ"/>
		<feat xlink:href="#sSpan3685" value="ⲣⲱ ϥ"/>
		<feat xlink:href="#sSpan3738" value="ⲧⲉ ϩⲓⲏ ⲛ ⲃⲱⲕ"/>
		<feat xlink:href="#sSpan3748" value="ⲃⲱⲕ"/>
		<feat xlink:href="#sSpan3756" value="ⲧ ⲡⲟⲗⲓⲥ ⲙ ⲡⲉⲩ ⲙⲁ ⲛ ϣⲱⲡⲉ"/>
		<feat xlink:href="#sSpan3767" value="ⲡⲉⲩ ⲙⲁ ⲛ ϣⲱⲡⲉ"/>
		<feat xlink:href="#sSpan3805" value="ⲡ ⲟⲩⲟⲉⲓⲛ"/>
		<feat xlink:href="#sSpan3815" value="ⲡ ⲕⲁⲕⲉ"/>
		<feat xlink:href="#sSpan3840" value="ⲡ ⲕⲁⲕⲉ"/>
		<feat xlink:href="#sSpan3876" value="ⲡ ⲉⲧ ⲥⲏϩ"/>
		<feat xlink:href="#sSpan3892" value="ⲡ ⲉⲧ ⲙⲟⲥⲧⲉ ⲙ ⲡⲉϥ ⲥⲟⲛ"/>
		<feat xlink:href="#sSpan3903" value="ⲡⲉϥ ⲥⲟⲛ"/>
		<feat xlink:href="#sSpan3922" value="ⲡ ⲕⲁⲕⲉ"/>
		<feat xlink:href="#sSpan3945" value="ⲡ ⲕⲁⲕⲉ"/>
		<feat xlink:href="#sSpan3995" value="ⲡ ⲕⲁⲕⲉ"/>
		<feat xlink:href="#sSpan4009" value="ⲛⲉϥ ⲃⲁⲗ"/>
		<feat xlink:href="#sSpan4034" value="ⲧⲉⲓ ⲥⲙⲏ ⲉⲧ ⲙⲉϩ ⲛ ⲟⲣⲅⲏ ⲉⲧ ⲛⲏⲩ ⲉⲃⲟⲗ ϩⲛ ⲣⲱ ϥ ⲙ ⲡ ⲡⲁⲛⲧⲟⲕⲣⲁⲧⲱⲣ ⲓⲏⲥⲟⲩⲥ ϩⲙ ⲡ ⲧⲣⲉ ϥ ϫⲛⲟⲩ ⲟⲩ ⲉ ⲛ ⲉⲧ ⲉϣϣⲉ ⲉⲣⲟ ⲟⲩ"/>
		<feat xlink:href="#sSpan4051" value="ⲟⲣⲅⲏ ⲉⲧ ⲛⲏⲩ ⲉⲃⲟⲗ ϩⲛ ⲣⲱ ϥ ⲙ ⲡ ⲡⲁⲛⲧⲟⲕⲣⲁⲧⲱⲣ ⲓⲏⲥⲟⲩⲥ ϩⲙ ⲡ ⲧⲣⲉ ϥ ϫⲛⲟⲩ ⲟⲩ ⲉ ⲛ ⲉⲧ ⲉϣϣⲉ ⲉⲣⲟ ⲟⲩ"/>
		<feat xlink:href="#sSpan4071" value="ⲣⲱ ϥ ⲙ ⲡ ⲡⲁⲛⲧⲟⲕⲣⲁⲧⲱⲣ ⲓⲏⲥⲟⲩⲥ"/>
		<feat xlink:href="#sSpan4080" value="ⲡ ⲡⲁⲛⲧⲟⲕⲣⲁⲧⲱⲣ ⲓⲏⲥⲟⲩⲥ"/>
		<feat xlink:href="#sSpan4097" value="ⲡ ⲧⲣⲉ ϥ ϫⲛⲟⲩ ⲟⲩ ⲉ ⲛ ⲉⲧ ⲉϣϣⲉ ⲉⲣⲟ ⲟⲩ"/>
		<feat xlink:href="#sSpan4113" value="ⲛ ⲉⲧ ⲉϣϣⲉ ⲉⲣⲟ ⲟⲩ"/>
		<feat xlink:href="#sSpan4139" value="ⲡ ⲧⲱϣ ⲛ ⲧ ϭⲓⲛϯϩⲁⲡ ⲉⲧ ⲥⲏϩ ϩⲛ ⲛ ⲉⲩⲁⲅⲅⲉⲗⲓⲟⲛ"/>
		<feat xlink:href="#sSpan4148" value="ⲧ ϭⲓⲛϯϩⲁⲡ ⲉⲧ ⲥⲏϩ ϩⲛ ⲛ ⲉⲩⲁⲅⲅⲉⲗⲓⲟⲛ"/>
		<feat xlink:href="#sSpan4168" value="ⲛ ⲉⲩⲁⲅⲅⲉⲗⲓⲟⲛ"/>
		<feat xlink:href="#sSpan4179" value="ⲡⲁⲓ"/>
		<feat xlink:href="#sSpan4222" value="ⲡ ⲉⲧⲉ ⲙⲡⲉ ϥ ⲟⲩⲱϣ ⲁⲛ"/>
		<feat xlink:href="#sSpan4252" value="ⲧⲣⲉ ⲗⲁⲁⲩ ⲧⲁⲕⲟ ϩⲙ ⲡⲉϥ ⲧⲁⲙⲓⲟ"/>
		<feat xlink:href="#sSpan4255" value="ⲗⲁⲁⲩ"/>
		<feat xlink:href="#sSpan4276" value="ⲧⲁⲓ"/>
		<feat xlink:href="#sSpan4322" value="ⲡⲉ ⲙⲡϣⲁ ⲛ ⲛ ⲉⲧ ϩⲓ ⲟⲩⲛⲁⲙ ⲕⲁⲧⲁ ⲛⲉⲩ ϩⲃⲏⲩⲉ ϩⲙ ⲙⲛⲧⲙⲁⲓⲣⲱⲙⲉ ⲛⲓⲙ"/>
		<feat xlink:href="#sSpan4332" value="ⲛ ⲉⲧ ϩⲓ ⲟⲩⲛⲁⲙ ⲕⲁⲧⲁ ⲛⲉⲩ ϩⲃⲏⲩⲉ ϩⲙ ⲙⲛⲧⲙⲁⲓⲣⲱⲙⲉ ⲛⲓⲙ"/>
		<feat xlink:href="#sSpan4340" value="ⲟⲩⲛⲁⲙ ⲕⲁⲧⲁ ⲛⲉⲩ ϩⲃⲏⲩⲉ ϩⲙ ⲙⲛⲧⲙⲁⲓⲣⲱⲙⲉ ⲛⲓⲙ"/>
		<feat xlink:href="#sSpan4348" value="ⲛⲉⲩ ϩⲃⲏⲩⲉ"/>
		<feat xlink:href="#sSpan4360" value="ⲙⲛⲧⲙⲁⲓⲣⲱⲙⲉ ⲛⲓⲙ"/>
		<feat xlink:href="#sSpan4389" value="ⲧⲁⲓ"/>
		<feat xlink:href="#sSpan4407" value="ⲡ ⲧⲱϣ ⲛ ⲛ ⲉⲧ ϩⲓ ϩⲃⲟⲩⲣ"/>
		<feat xlink:href="#sSpan4416" value="ⲛ ⲉⲧ ϩⲓ ϩⲃⲟⲩⲣ"/>
		<feat xlink:href="#sSpan4424" value="ϩⲃⲟⲩⲣ"/>
		<feat xlink:href="#sSpan4444" value="ⲡⲉⲩ ⲙⲡϣⲁ"/>
		<feat xlink:href="#sSpan4476" value="ⲛ ⲧⲁⲗⲁⲓⲡⲱⲣⲟⲥ ⲛ ⲉⲃⲓⲏⲛ"/>
		<feat xlink:href="#sSpan4487" value="ⲉⲃⲓⲏⲛ"/>
		<feat xlink:href="#sSpan4495" value="ⲡⲁⲓ ⲛⲧ ⲁ ⲧⲉⲧⲛ ⲙⲉⲣⲓⲧ ϥ"/>
		<feat xlink:href="#sSpan4536" value="ⲟⲩ ⲕⲱϩ"/>
		<feat xlink:href="#sSpan4546" value="ⲟⲩ ⲙⲟⲥⲧⲉ"/>
		<feat xlink:href="#sSpan4565" value="ⲡ ϫⲱⲕ ⲛ ⲧ ⲙⲛⲧⲁⲧⲛⲁ ⲛϩⲣⲁⲓ ϩⲙ ⲡ ⲕⲱϩⲧ ⲛ ⲧ ⲅⲉϩⲉⲛⲛⲁ"/>
		<feat xlink:href="#sSpan4575" value="ⲧ ⲙⲛⲧⲁⲧⲛⲁ"/>
		<feat xlink:href="#sSpan4586" value="ⲛϩⲣⲁⲓ ϩⲙ ⲡ ⲕⲱϩⲧ ⲛ ⲧ ⲅⲉϩⲉⲛⲛⲁ"/>
		<feat xlink:href="#sSpan4602" value="ⲧ ⲅⲉϩⲉⲛⲛⲁ"/>
		<feat xlink:href="#sSpan4617" value="ⲛ ϩⲉⲛ ϩⲟⲟⲩ ⲁⲛ"/>
		<feat xlink:href="#sSpan4634" value="ϩⲉⲛ ⲣⲟⲙⲡⲉ"/>
		<feat xlink:href="#sSpan4649" value="ⲛ ⲁⲓⲱⲛ ⲛ ⲛ ⲁⲓⲱⲛ"/>
		<feat xlink:href="#sSpan4660" value="ⲛ ⲁⲓⲱⲛ"/>
		<feat xlink:href="#sSpan4673" value="ⲛⲁⲓ"/>
		<feat xlink:href="#sSpan4693" value="ⲧ ⲥⲩⲛⲧⲉⲗⲉⲓⲁ ⲙ ⲡ ⲁⲓⲱⲛ"/>
		<feat xlink:href="#sSpan4704" value="ⲡ ⲁⲓⲱⲛ"/>
		<feat xlink:href="#sSpan4721" value="ϭⲉ ϩⲁⲡ"/>
		<feat xlink:href="#sSpan4738" value="ⲡⲁⲓ"/>
		<feat xlink:href="#sSpan4758" value="ϭⲉ ϩⲟⲟⲩ"/>
		<feat xlink:href="#sSpan4782" value="ⲁⲛⲁⲥⲧⲁⲥⲓⲥ"/>
		<feat xlink:href="#sSpan4795" value="ⲧ ⲣⲉϥⲕⲣⲓⲛⲉ ⲛ ⲛ ⲁⲅⲅⲉⲗⲟⲥ"/>
		<feat xlink:href="#sSpan4807" value="ⲛ ⲁⲅⲅⲉⲗⲟⲥ"/>
		<feat xlink:href="#sSpan4828" value="ⲧ ⲣⲉϥϯϩⲁⲡ ⲉ ⲡ ϫⲱⲕ ⲛ ⲁⲛⲟⲙⲓⲁ ⲛⲓⲙ"/>
		<feat xlink:href="#sSpan4841" value="ⲡ ϫⲱⲕ ⲛ ⲁⲛⲟⲙⲓⲁ ⲛⲓⲙ"/>
		<feat xlink:href="#sSpan4851" value="ⲁⲛⲟⲙⲓⲁ ⲛⲓⲙ"/>
		<feat xlink:href="#sSpan4880" value="ⲡ ϭⲱⲛⲧ ⲛ ⲧⲉϥ ⲟⲣⲅⲏ"/>
		<feat xlink:href="#sSpan4890" value="ⲧⲉϥ ⲟⲣⲅⲏ"/>
		<feat xlink:href="#sSpan4905" value="ⲁⲙⲛⲧⲉ"/>
		<feat xlink:href="#sSpan4920" value="ⲛ ⲉⲃⲟⲗ ϩⲛ ⲛ ⲁⲅⲅⲉⲗⲟⲥ"/>
		<feat xlink:href="#sSpan4971" value="ⲛ ⲉⲃⲟⲗ ϩⲛ ⲛ ϣⲏⲣⲉ ⲛ ⲛ ⲣⲱⲙⲉ ⲛⲧ ⲁ ϥ ⲥⲟⲣⲙ ⲟⲩ"/>
		<feat xlink:href="#sSpan4991" value="ⲛ ⲣⲱⲙⲉ ⲛⲧ ⲁ ϥ ⲥⲟⲣⲙ ⲟⲩ"/>
		<feat xlink:href="#sSpan5041" value="ⲛ ⲁⲅⲅⲉⲗⲟⲥ"/>
		<feat xlink:href="#sSpan5055" value="ⲟⲩⲟⲛ ⲛⲓⲙ ⲉⲧ ϫⲟⲗϫ ϩⲛ ⲛ ⲁⲛⲟⲙⲓⲁ ⲙ ⲡ ϣⲏⲣⲉ ⲙ ⲡ ⲧⲁⲕⲟ · ⲉ ⲙⲡ ⲟⲩ ⲙⲉⲧⲁⲛⲟⲉⲓ ϣⲁⲛⲧ ⲟⲩ ⲙⲟⲩ · ⲟⲩⲧⲉ ⲙⲡ ⲟⲩ ⲉⲓ ⲉⲃⲟⲗ ⲛϩⲏⲧ ⲟⲩ ϣⲁ ⲡⲉ ϩⲟⲟⲩ"/>
		<feat xlink:href="#sSpan5075" value="ⲛ ⲁⲛⲟⲙⲓⲁ ⲙ ⲡ ϣⲏⲣⲉ ⲙ ⲡ ⲧⲁⲕⲟ"/>
		<feat xlink:href="#sSpan5086" value="ⲡ ϣⲏⲣⲉ ⲙ ⲡ ⲧⲁⲕⲟ"/>
		<feat xlink:href="#sSpan5096" value="ⲡ ⲧⲁⲕⲟ"/>
		<feat xlink:href="#sSpan5161" value="ⲡⲉ ϩⲟⲟⲩ"/>
		<feat xlink:href="#sSpan5188" value="ϩⲁⲡⲁⲝ ϩⲁⲡⲗⲱⲥ ⲟⲩⲟⲛ ⲛⲓⲙ"/>
		<feat xlink:href="#sSpan5216" value="ⲣⲁⲧ ⲟⲩ"/>
		<feat xlink:href="#sSpan5225" value="ϩⲃⲟⲩⲣ"/>
		<feat xlink:href="#sSpan5250" value="ⲁⲙⲛⲧⲉ"/>
		<feat xlink:href="#sSpan5268" value="ⲧ ⲅⲉϩⲉⲛⲛⲁ ⲛ ⲥⲁⲧⲉ"/>
		<feat xlink:href="#sSpan5279" value="ⲥⲁⲧⲉ"/>
		<feat xlink:href="#sSpan5290" value="ⲉⲛⲉϩ"/>
		<feat xlink:href="#sSpan5305" value="ⲟⲩ ⲙⲓⲛⲉ ⲛ ϣⲧⲟⲣⲧⲣ ⲛ ⲁϣ ⲛ ϩⲉ"/>
		<feat xlink:href="#sSpan5344" value="ⲡⲉ ϩⲟⲟⲩ ⲉⲧ ⲙⲙⲁⲩ"/>
		<feat xlink:href="#sSpan5363" value="ⲛ ⲉⲧ ⲁϩⲉ ⲣⲁⲧ ⲟⲩ ϩⲓ ϩⲃⲟⲩⲣ"/>
		<feat xlink:href="#sSpan5379" value="ϩⲃⲟⲩⲣ"/>
		<feat xlink:href="#sSpan5390" value="ⲡⲉ ⲙⲧⲟ ⲉⲃⲟⲗ ⲛ ⲛ ⲉⲧ ϩⲓ ⲟⲩⲛⲁⲙ ⲉⲧ ϩⲁ ⲉⲟⲟⲩ"/>
		<feat xlink:href="#sSpan5404" value="ⲛ ⲉⲧ ϩⲓ ⲟⲩⲛⲁⲙ ⲉⲧ ϩⲁ ⲉⲟⲟⲩ"/>
		<feat xlink:href="#sSpan5411" value="ⲟⲩⲛⲁⲙ"/>
		<feat xlink:href="#sSpan5458" value="ⲡ ⲉⲧ ⲛⲁ ϣⲱⲡⲉ ϩⲙ ⲡⲉ ϩⲟⲟⲩ ⲉⲧ ⲙⲙⲁⲩ ϩⲛ ⲛ ϩⲉⲑⲛⲟⲥ ⲧⲏⲣ ⲟⲩ ⲉⲧⲉ ⲙⲡ ⲟⲩ ⲥⲟⲩⲛ ⲡ ⲛⲟⲩⲧⲉ · ⲁⲩⲱ ⲛ ϩⲁⲓⲣⲉⲧⲓⲕⲟⲥ ⲧⲏⲣ ⲟⲩ ⲧ ⲟⲩⲉⲓ ⲧ ⲟⲩⲉⲓ ⲕⲁⲧⲁⲣⲟ ⲥ ϩⲙ ⲡⲉⲥ ⲥⲱⲣⲙ ⲛⲧ ⲁ ϥ ⲥⲟⲣⲙ ⲟⲩ ⲛϩⲏⲧ ϥ"/>
		<feat xlink:href="#sSpan5472" value="ⲡⲉ ϩⲟⲟⲩ ⲉⲧ ⲙⲙⲁⲩ"/>
		<feat xlink:href="#sSpan5488" value="ⲛ ϩⲉⲑⲛⲟⲥ ⲧⲏⲣ ⲟⲩ"/>
		<feat xlink:href="#sSpan5512" value="ⲡ ⲛⲟⲩⲧⲉ"/>
		<feat xlink:href="#sSpan5529" value="ⲛ ϩⲁⲓⲣⲉⲧⲓⲕⲟⲥ ⲧⲏⲣ ⲟⲩ ⲧ ⲟⲩⲉⲓ ⲧ ⲟⲩⲉⲓ ⲕⲁⲧⲁⲣⲟ ⲥ"/>
		<feat xlink:href="#sSpan5544" value="ⲧ ⲟⲩⲉⲓ ⲧ ⲟⲩⲉⲓ ⲕⲁⲧⲁⲣⲟ ⲥ"/>
		<feat xlink:href="#sSpan5596" value="ⲡⲉ ⲕⲣⲟϥ"/>
		<feat xlink:href="#sSpan5627" value="ⲟⲩ ⲛⲟϭ ⲙ ⲙⲛⲧⲉⲃⲓⲏⲛ"/>
		<feat xlink:href="#sSpan5651" value="ⲟⲩ ⲛⲟϭ ⲙ ⲙⲛⲧⲧⲁⲗⲁⲓⲡⲱⲣⲟⲥ ϩⲙ ⲡⲉ ϩⲟⲟⲩ ⲉⲧ ⲙⲙⲁⲩ"/>
		<feat xlink:href="#sSpan5671" value="ⲡⲉ ϩⲟⲟⲩ ⲉⲧ ⲙⲙⲁⲩ"/>
		<feat xlink:href="#sSpan5689" value="ϩⲉⲛ ⲣⲱⲙⲉ ⲉ ⲩ ϫⲱ ⲙⲙⲟ ⲥ ⲉⲣⲟ ⲟⲩ"/>
		<feat xlink:href="#sSpan5727" value="ϩⲉⲛ ⲭⲣⲓⲥⲧⲓⲁⲛⲟⲥ"/>
		<feat xlink:href="#sSpan5753" value="ⲡ ⲧⲱϩⲙ ⲛⲧ ⲁ ⲩ ⲧⲁϩⲙ ⲟⲩ ⲛϩⲏⲧ ϥ"/>
		<feat xlink:href="#sSpan5789" value="ⲧⲉ ⲭⲁⲣⲓⲥ ⲛⲧ ⲁ ⲥ ⲧⲁϩⲟ ⲟⲩ"/>
		<feat xlink:href="#sSpan5822" value="ⲛ ⲉⲧ ⲫⲟⲣⲉⲓ ⲙ ⲡ ⲣⲁⲛ ⲙⲛ ⲡⲉ ⲥⲭⲏⲙⲁ"/>
		<feat xlink:href="#sSpan5835" value="ⲡ ⲣⲁⲛ"/>
		<feat xlink:href="#sSpan5844" value="ⲡⲉ ⲥⲭⲏⲙⲁ"/>
		<feat xlink:href="#sSpan5869" value="ⲛ ⲧⲟⲡⲟⲥ ⲉⲧ ⲟⲩⲁⲁⲃ"/>
		<feat xlink:href="#sSpan5905" value="ⲛⲁⲓ"/>
		<feat xlink:href="#sSpan5913" value="ⲧ ⲟⲣⲅⲏ ⲉⲧ ⲙⲙⲁⲩ"/>
		<feat xlink:href="#sSpan5950" value="ⲡⲉ ϩⲣⲟⲟⲩ ⲛ ⲛⲉ ⲅⲣⲁⲫⲏ ⲉⲛⲧ ⲁ ϥ ⲉⲓ ⲉⲃⲟⲗ ⲉϫⲙ ⲡ ⲕⲁϩ ⲧⲏⲣ ϥ"/>
		<feat xlink:href="#sSpan5959" value="ⲛⲉ ⲅⲣⲁⲫⲏ ⲉⲛⲧ ⲁ ϥ ⲉⲓ ⲉⲃⲟⲗ ⲉϫⲙ ⲡ ⲕⲁϩ ⲧⲏⲣ ϥ"/>
		<feat xlink:href="#sSpan5986" value="ⲡ ⲕⲁϩ ⲧⲏⲣ ϥ"/>
		<feat xlink:href="#sSpan6016" value="ⲛ ⲣⲉϥⲧⲁⲛϩⲟ ⲉⲛⲧ ⲁ ⲩ ⲡⲱϩ ϣⲁ ⲛⲉⲕ ⲣⲣⲱⲟⲩ ⲛ ⲧ ⲟⲓⲕⲟⲩⲙⲉⲛⲏ ⲉ ⲩ ⲱϣ ⲉⲃⲟⲗ"/>
		<feat xlink:href="#sSpan6041" value="ⲛⲉⲕ ⲣⲣⲱⲟⲩ ⲛ ⲧ ⲟⲓⲕⲟⲩⲙⲉⲛⲏ"/>
		<feat xlink:href="#sSpan6050" value="ⲧ ⲟⲓⲕⲟⲩⲙⲉⲛⲏ"/>
		<feat xlink:href="#sSpan6087" value="ⲧ ⲡⲟⲣⲛⲉⲓⲁ"/>
		<feat xlink:href="#sSpan6101" value="ⲛⲟⲃⲉ ⲛⲓⲙ ⲉⲧⲉⲣⲉ ⲡ ⲣⲱⲙⲉ ⲛⲁ ⲁⲁ ⲩ"/>
		<feat xlink:href="#sSpan6115" value="ⲡ ⲣⲱⲙⲉ"/>
		<feat xlink:href="#sSpan6148" value="ⲡ ⲃⲗ ⲙ ⲡ ⲥⲱⲙⲁ"/>
		<feat xlink:href="#sSpan6158" value="ⲡ ⲥⲱⲙⲁ"/>
		<feat xlink:href="#sSpan6164" value="ⲡ ⲉⲧ ⲡⲟⲣⲛⲉⲩⲉ"/>
		<feat xlink:href="#sSpan6202" value="ⲡⲉϥ ⲥⲱⲙⲁ"/>
		<feat xlink:href="#sSpan6234" value="ⲡ ⲉⲧ ⲧⲱϭⲉ ⲙⲙⲟ ϥ ⲉ ⲧ ⲡⲟⲣⲛⲏ"/>
		<feat xlink:href="#sSpan6252" value="ⲧ ⲡⲟⲣⲛⲏ"/>
		<feat xlink:href="#sSpan6261" value="ⲟⲩ ⲥⲱⲙⲁ ⲛ ⲟⲩⲱⲧ"/>
		<feat xlink:href="#sSpan6283" value="ⲡ ⲉⲧ ⲧⲱϭⲉ"/>
		<feat xlink:href="#sSpan6311" value="ⲡ ϫⲟⲉⲓⲥ ⲟⲩ ⲡⲛⲉⲩⲙⲁ ⲛ ⲟⲩⲱⲧ"/>
		<feat xlink:href="#sSpan6352" value="ⲥⲟⲟⲩ ⲛⲁ ⲛ"/>
		<feat xlink:href="#sSpan6369" value="ⲡⲉ ⲣⲡⲉ ⲙ ⲡ ⲛⲟⲩⲧⲉ"/>
		<feat xlink:href="#sSpan6379" value="ⲡ ⲛⲟⲩⲧⲉ"/>
		<feat xlink:href="#sSpan6391" value="ⲡⲉ ⲡⲛⲉⲩⲙⲁ ⲙ ⲡ ⲛⲟⲩⲧⲉ"/>
		<feat xlink:href="#sSpan6401" value="ⲡ ⲛⲟⲩⲧⲉ"/>
		<feat xlink:href="#sSpan6428" value="ⲡ ⲉⲧ ⲛⲁ ⲥⲱⲱϥ ⲙ ⲡⲉ ⲣⲡⲉ ⲙ ⲡ ⲛⲟⲩⲧⲉ"/>
		<feat xlink:href="#sSpan6443" value="ⲡⲉ ⲣⲡⲉ ⲙ ⲡ ⲛⲟⲩⲧⲉ"/>
		<feat xlink:href="#sSpan6452" value="ⲡ ⲛⲟⲩⲧⲉ"/>
		<feat xlink:href="#sSpan6462" value="ⲡⲁⲓ"/>
		<feat xlink:href="#sSpan6469" value="ⲡ ⲛⲟⲩⲧⲉ"/>
		<feat xlink:href="#sSpan6505" value="ⲡ ⲉⲧ ⲛⲁ ϣⲱⲡⲉ ⲙⲛⲛⲥⲁ ⲡ ⲁϣⲕⲁⲕ ⲛ ⲛⲁⲓ"/>
		<feat xlink:href="#sSpan6519" value="ⲡ ⲁϣⲕⲁⲕ ⲛ ⲛⲁⲓ"/>
		<feat xlink:href="#sSpan6531" value="ⲛⲁⲓ"/>
		<feat xlink:href="#sSpan6547" value="ⲡ ⲛⲉϩⲡⲉ ⲛ ⲛ ⲉⲧ ϩⲓ ϩⲃⲟⲩⲣ ϩⲛ ⲟⲩ ⲛⲟϭ ⲛ ϩⲟⲧⲉ"/>
		<feat xlink:href="#sSpan6557" value="ⲛ ⲉⲧ ϩⲓ ϩⲃⲟⲩⲣ ϩⲛ ⲟⲩ ⲛⲟϭ ⲛ ϩⲟⲧⲉ"/>
		<feat xlink:href="#sSpan6564" value="ϩⲃⲟⲩⲣ ϩⲛ ⲟⲩ ⲛⲟϭ ⲛ ϩⲟⲧⲉ"/>
		<feat xlink:href="#sSpan6572" value="ⲟⲩ ⲛⲟϭ ⲛ ϩⲟⲧⲉ"/>
		<feat xlink:href="#sSpan6588" value="ⲛ ⲁⲅⲅⲉⲗⲟⲥ ⲛ ⲗⲓⲧⲟⲩⲣⲅⲟⲥ"/>
		<feat xlink:href="#sSpan6608" value="ⲛ ϣⲁϩ ⲛ ⲕⲱϩⲧ"/>
		<feat xlink:href="#sSpan6620" value="ⲕⲱϩⲧ"/>
		<feat xlink:href="#sSpan6639" value="ⲧ ⲁⲡⲟⲫⲁⲥⲓⲥ ⲙ ⲡ ⲡⲁⲛⲧⲟⲕⲣⲁⲧⲱⲣ ⲓⲏⲥⲟⲩⲥ"/>
		<feat xlink:href="#sSpan6649" value="ⲡ ⲡⲁⲛⲧⲟⲕⲣⲁⲧⲱⲣ ⲓⲏⲥⲟⲩⲥ"/>
		<feat xlink:href="#sSpan6675" value="ⲣⲱ ϥ"/>
		<feat xlink:href="#sSpan6705" value="ⲟⲩ ⲟⲣⲅⲏ · ⲙⲛ ⲟⲩ ϩⲟⲧⲉ"/>
		<feat xlink:href="#sSpan6720" value="ⲟⲩ ϩⲟⲧⲉ"/>
		<feat xlink:href="#sSpan6749" value="ⲛ ⲉⲧ ⲥϩⲟⲩⲟⲣⲧ ⲉ ⲧ ⲥⲁⲧⲉ ϣⲁ ⲉⲛⲉϩ · ⲧⲁⲓ ⲛⲧ ⲁ ⲩ ⲥⲃⲧⲱⲧ ⲥ ⲙ ⲡ ⲇⲓⲁⲃⲟⲗⲟⲥ ⲙⲛ ⲛⲉϥ ⲁⲅⲅⲉⲗⲟⲥ"/>
		<feat xlink:href="#sSpan6763" value="ⲧ ⲥⲁⲧⲉ"/>
		<feat xlink:href="#sSpan6773" value="ⲉⲛⲉϩ"/>
		<feat xlink:href="#sSpan6802" value="ⲡ ⲇⲓⲁⲃⲟⲗⲟⲥ"/>
		<feat xlink:href="#sSpan6813" value="ⲛⲉϥ ⲁⲅⲅⲉⲗⲟⲥ"/>
		<feat xlink:href="#sSpan6846" value="ⲛ ⲉⲛⲧ ⲁ ⲓ ϩⲱⲛ ⲙⲙⲟ ⲟⲩ ⲉⲧⲟⲟⲧ ⲧⲏⲩⲧⲛ"/>
		<feat xlink:href="#sSpan6893" value="ⲡ ⲉⲧ ϩⲓⲧⲟⲩⲱ ⲧⲛ"/>
		<feat xlink:href="#sSpan6910" value="ⲡ ϩⲱⲃ"/>
		<feat xlink:href="#sSpan6974" value="ⲡ ϩⲁⲡ"/>
		<feat xlink:href="#sSpan6983" value="ⲟⲩ ⲭⲟⲗⲏ"/>
		<feat xlink:href="#sSpan7000" value="ⲡ ⲕⲁⲣⲡⲟⲥ ⲛ ⲧ ⲇⲓⲕⲁⲓⲟⲥⲩⲛⲏ"/>
		<feat xlink:href="#sSpan7011" value="ⲧ ⲇⲓⲕⲁⲓⲟⲥⲩⲛⲏ"/>
		<feat xlink:href="#sSpan7026" value="ⲟⲩ ⲥⲓϣⲉ"/>
		<feat xlink:href="#sSpan7047" value="ⲛ ⲉⲛⲧ ⲁ ⲓ ϫⲟⲟ ⲩ ⲛⲏ ⲧⲛ"/>
		<feat xlink:href="#sSpan7075" value="ⲛ ⲉⲧⲉ ⲙⲡ ⲓ ϫⲟ ⲟⲩ ϩⲛ ⲁⲛⲟⲙⲓⲁ ⲛⲓⲙ"/>
		<feat xlink:href="#sSpan7094" value="ⲁⲛⲟⲙⲓⲁ ⲛⲓⲙ"/>
		<feat xlink:href="#sSpan7129" value="ⲡⲉⲧⲛ ⲙⲡϣⲁ"/>
		<feat xlink:href="#sSpan7149" value="ⲧ ⲡⲟⲛⲏⲣⲓⲁ ⲛ ⲛⲉⲧⲛ ϩⲃⲏⲩⲉ · ϩⲣⲁⲓ ϩⲙ ⲡ ⲕⲱϩⲧ ⲛ ⲧ ⲅⲉϩⲉⲛⲛⲁ ⲙⲛ ⲡⲁⲓ ⲛⲧ ⲁ ϥ ⲡⲉⲛ ⲉ ⲡⲉⲧⲛ ⲟⲩⲱϣ ⲉ ⲩ ⲙⲟⲥⲧⲉ ⲁⲩⲱ ⲧⲉⲧⲛ ⲁⲅⲁⲡⲏ ⲉ ⲟⲩ ⲙⲛⲧⲁⲧⲛⲁ · ⲁⲩⲱ ⲡⲉⲧⲛ ⲧⲃⲃⲟ ⲉ ⲟⲩ ϫⲱϩⲙ ⲁⲩⲱ ⲉ ϩⲉⲛ ⲡⲟⲣⲛⲉⲓⲁ"/>
		<feat xlink:href="#sSpan7160" value="ⲛⲉⲧⲛ ϩⲃⲏⲩⲉ"/>
		<feat xlink:href="#sSpan7179" value="ⲡ ⲕⲱϩⲧ ⲛ ⲧ ⲅⲉϩⲉⲛⲛⲁ"/>
		<feat xlink:href="#sSpan7190" value="ⲧ ⲅⲉϩⲉⲛⲛⲁ"/>
		<feat xlink:href="#sSpan7201" value="ⲡⲁⲓ ⲛⲧ ⲁ ϥ ⲡⲉⲛ ⲉ ⲡⲉⲧⲛ ⲟⲩⲱϣ ⲉ ⲩ ⲙⲟⲥⲧⲉ"/>
		<feat xlink:href="#sSpan7219" value="ⲡⲉⲧⲛ ⲟⲩⲱϣ ⲉ ⲩ ⲙⲟⲥⲧⲉ"/>
		<feat xlink:href="#sSpan7240" value="ⲧⲉⲧⲛ ⲁⲅⲁⲡⲏ ⲉ ⲟⲩ ⲙⲛⲧⲁⲧⲛⲁ"/>
		<feat xlink:href="#sSpan7251" value="ⲟⲩ ⲙⲛⲧⲁⲧⲛⲁ"/>
		<feat xlink:href="#sSpan7268" value="ⲡⲉⲧⲛ ⲧⲃⲃⲟ"/>
		<feat xlink:href="#sSpan7281" value="ⲟⲩ ϫⲱϩⲙ"/>
		<feat xlink:href="#sSpan7295" value="ϩⲉⲛ ⲡⲟⲣⲛⲉⲓⲁ"/>
		<feat xlink:href="#sSpan7314" value="ⲟⲩ ⲏⲡⲉ ⲛ ⲥⲙⲟⲧ ⲉ ϣⲗⲟϥ ⲡⲉ"/>
		<feat xlink:href="#sSpan7324" value="ⲥⲙⲟⲧ"/>
		<feat xlink:href="#sSpan7332" value="ϣⲗⲟϥ"/>
		<feat xlink:href="#sSpan7358" value="ϣⲓⲡⲉ"/>
		<feat xlink:href="#sSpan7384" value="ⲡⲁⲓ ⲛⲧ ⲁ ϥ ⲡⲉⲛ ⲉ ⲡ ϫⲱⲕ ⲛ ⲧ ⲙⲛⲧⲉⲩⲥⲉⲃⲏⲥ ⲉ ⲡ ϫⲱⲕ ⲙ ⲙⲛⲧⲁⲥⲉⲃⲏⲥ ⲛⲓⲙ ⲛ ⲛⲉ ϩⲟⲟⲩ"/>
		<feat xlink:href="#sSpan7402" value="ⲡ ϫⲱⲕ ⲛ ⲧ ⲙⲛⲧⲉⲩⲥⲉⲃⲏⲥ"/>
		<feat xlink:href="#sSpan7412" value="ⲧ ⲙⲛⲧⲉⲩⲥⲉⲃⲏⲥ"/>
		<feat xlink:href="#sSpan7425" value="ⲡ ϫⲱⲕ ⲙ ⲙⲛⲧⲁⲥⲉⲃⲏⲥ ⲛⲓⲙ ⲛ ⲛⲉ ϩⲟⲟⲩ"/>
		<feat xlink:href="#sSpan7436" value="ⲙⲛⲧⲁⲥⲉⲃⲏⲥ ⲛⲓⲙ"/>
		<feat xlink:href="#sSpan7450" value="ⲛⲉ ϩⲟⲟⲩ"/>
		<feat xlink:href="#sSpan7464" value="ⲡ ⲕⲁϩ"/>
		<feat xlink:href="#sSpan7510" value="ⲧ ⲧⲁⲡⲣⲟ ⲛ ⲛⲁ ϩⲙϩⲁⲗ"/>
		<feat xlink:href="#sSpan7520" value="ⲛⲁ ϩⲙϩⲁⲗ"/></featList></paula>