<?xml version='1.0' encoding='UTF-8'?><!DOCTYPE paula SYSTEM "paula_feat.dtd">
<paula version="1.1">
	<header paula_id="scriptorium.bohairic.Mark_03.mark_lemma"/>
	<featList xmlns:xlink="http://www.w3.org/1999/xlink" type="lemma" xml:base="scriptorium.bohairic.Mark_03.mark.xml">
		<feat xlink:href="#sSpan1" value="ⲟⲩⲟϩ"/>
		<feat xlink:href="#sSpan7" value="ⲁ"/>
		<feat xlink:href="#sSpan11" value="ⲛⲑⲟϥ"/>
		<feat xlink:href="#sSpan13" value="ⲓ"/>
		<feat xlink:href="#sSpan15" value="ⲟⲛ"/>
		<feat xlink:href="#sSpan19" value="ⲉϧⲟⲩⲛ"/>
		<feat xlink:href="#sSpan23" value="ⲉ"/>
		<feat xlink:href="#sSpan27" value="ⲡⲟⲩ"/>
		<feat xlink:href="#sSpan30" value="ⲥⲩⲛⲁⲅⲱⲅⲏ"/>
		<feat xlink:href="#sSpan32" value="ⲟⲩⲟϩ"/>
		<feat xlink:href="#sSpan36" value="ⲛⲁⲣⲉ"/>
		<feat xlink:href="#sSpan40" value="ⲟⲩⲟⲛ"/>
		<feat xlink:href="#sSpan42" value="ⲟⲩ"/>
		<feat xlink:href="#sSpan46" value="ⲣⲱⲙⲓ"/>
		<feat xlink:href="#sSpan48" value="ⲙⲙⲁⲩ"/>
		<feat xlink:href="#sSpan52" value="ⲡⲉ"/>
		<feat xlink:href="#sSpan56" value="ⲉⲣⲉ"/>
		<feat xlink:href="#sSpan60" value="ⲡⲉϥ"/>
		<feat xlink:href="#sSpan62" value="ϫⲓϫ"/>
		<feat xlink:href="#sSpan64" value="ϣⲱⲟⲩⲓ"/>
		<feat xlink:href="#sSpan68" value="ⲟⲩⲟϩ"/>
		<feat xlink:href="#sSpan74" value="ⲛⲁⲣⲉ"/>
		<feat xlink:href="#sSpan78" value="ⲛⲑⲱⲟⲩ"/>
		<feat xlink:href="#sSpan80" value="ϯ"/>
		<feat xlink:href="#sSpan82" value="ⲛ"/>
		<feat xlink:href="#sSpan86" value="ϩⲏⲧ"/>
		<feat xlink:href="#sSpan88" value="ⲛⲑⲱⲟⲩ"/>
		<feat xlink:href="#sSpan90" value="ⲛⲁ"/>
		<feat xlink:href="#sSpan94" value="ⲛⲑⲟϥ"/>
		<feat xlink:href="#sSpan96" value="ⲡⲉ"/>
		<feat xlink:href="#sSpan100" value="ϫⲉ"/>
		<feat xlink:href="#sSpan104" value="ⲁⲛ"/>
		<feat xlink:href="#sSpan108" value="ⲛⲑⲟϥ"/>
		<feat xlink:href="#sSpan112" value="ⲛⲁ"/>
		<feat xlink:href="#sSpan115" value="ⲉⲣⲫⲁϧⲣⲓ"/>
		<feat xlink:href="#sSpan118" value="ⲉ"/>
		<feat xlink:href="#sSpan122" value="ⲛⲑⲟϥ"/>
		<feat xlink:href="#sSpan124" value="ϧⲉⲛ"/>
		<feat xlink:href="#sSpan128" value="ⲡⲓ"/>
		<feat xlink:href="#sSpan131" value="ⲥⲁⲃⲃⲁⲧⲟⲛ"/>
		<feat xlink:href="#sSpan134" value="ϩⲓⲛⲁ"/>
		<feat xlink:href="#sSpan138" value="ⲛⲧⲉ"/>
		<feat xlink:href="#sSpan142" value="ⲛⲑⲱⲟⲩ"/>
		<feat xlink:href="#sSpan145" value="ⲉⲣⲕⲁⲧⲏⲅⲟⲣⲓⲛ"/>
		<feat xlink:href="#sSpan149" value="ⲉ"/>
		<feat xlink:href="#sSpan153" value="ⲛⲑⲟϥ"/>
		<feat xlink:href="#sSpan155" value="ⲟⲩⲟϩ"/>
		<feat xlink:href="#sSpan161" value="ⲡⲉϫⲉ"/>
		<feat xlink:href="#sSpan165" value="ⲛⲑⲟϥ"/>
		<feat xlink:href="#sSpan167" value="ⲛ"/>
		<feat xlink:href="#sSpan171" value="ⲡⲓ"/>
		<feat xlink:href="#sSpan173" value="ⲣⲱⲙⲓ"/>
		<feat xlink:href="#sSpan175" value="ⲉⲣⲉ"/>
		<feat xlink:href="#sSpan179" value="ⲡⲉϥ"/>
		<feat xlink:href="#sSpan181" value="ϫⲓϫ"/>
		<feat xlink:href="#sSpan183" value="ϣⲱⲟⲩⲓ"/>
		<feat xlink:href="#sSpan187" value="ϫⲉ"/>
		<feat xlink:href="#sSpan191" value="ⲧⲱⲟⲩⲛ"/>
		<feat xlink:href="#sSpan195" value="ⲛⲑⲟⲕ"/>
		<feat xlink:href="#sSpan197" value="ϧⲉⲛ"/>
		<feat xlink:href="#sSpan201" value="ⲡ"/>
		<feat xlink:href="#sSpan203" value="ⲙⲏϯ"/>
		<feat xlink:href="#sSpan205" value="."/>
		<feat xlink:href="#sSpan209" value="ⲟⲩⲟϩ"/>
		<feat xlink:href="#sSpan215" value="ⲡⲉϫⲉ"/>
		<feat xlink:href="#sSpan219" value="ⲛⲑⲟϥ"/>
		<feat xlink:href="#sSpan221" value="ⲛⲱ"/>
		<feat xlink:href="#sSpan225" value="ⲛⲑⲱⲟⲩ"/>
		<feat xlink:href="#sSpan227" value="ϫⲉ"/>
		<feat xlink:href="#sSpan231" value="ⲥϣⲉ"/>
		<feat xlink:href="#sSpan235" value="ⲉ"/>
		<feat xlink:href="#sSpan239" value="ⲓⲣⲓ"/>
		<feat xlink:href="#sSpan241" value="ⲡ"/>
		<feat xlink:href="#sSpan243" value="ⲉⲧⲉ"/>
		<feat xlink:href="#sSpan245" value="ⲛⲁⲛⲉ"/>
		<feat xlink:href="#sSpan247" value="ⲛⲑⲟϥ"/>
		<feat xlink:href="#sSpan249" value="ϧⲉⲛ"/>
		<feat xlink:href="#sSpan253" value="ⲡⲓ"/>
		<feat xlink:href="#sSpan256" value="ⲥⲁⲃⲃⲁⲧⲟⲛ"/>
		<feat xlink:href="#sSpan258" value="ϣⲁⲛ"/>
		<feat xlink:href="#sSpan262" value="ⲉ"/>
		<feat xlink:href="#sSpan266" value="ⲓⲣⲓ"/>
		<feat xlink:href="#sSpan268" value="ⲡ"/>
		<feat xlink:href="#sSpan270" value="ⲉⲧⲉ"/>
		<feat xlink:href="#sSpan272" value="ϩⲱⲟⲩ"/>
		<feat xlink:href="#sSpan274" value="ⲟⲩ"/>
		<feat xlink:href="#sSpan279" value="ⲯⲩⲭⲏ"/>
		<feat xlink:href="#sSpan281" value="ⲉ"/>
		<feat xlink:href="#sSpan285" value="ⲛⲟϩⲉⲙ"/>
		<feat xlink:href="#sSpan287" value="ⲛⲑⲟⲥ"/>
		<feat xlink:href="#sSpan289" value="ϣⲁⲛ"/>
		<feat xlink:href="#sSpan293" value="ⲉ"/>
		<feat xlink:href="#sSpan297" value="ϧⲱⲧⲉⲃ"/>
		<feat xlink:href="#sSpan299" value="ⲛⲑⲟⲥ"/>
		<feat xlink:href="#sSpan301" value="ⲛⲑⲱⲟⲩ"/>
		<feat xlink:href="#sSpan306" value="ⲇⲉ"/>
		<feat xlink:href="#sSpan310" value="ⲁ"/>
		<feat xlink:href="#sSpan314" value="ⲛⲑⲱⲟⲩ"/>
		<feat xlink:href="#sSpan316" value="ⲭⲱ"/>
		<feat xlink:href="#sSpan319" value="ⲣⲟ"/>
		<feat xlink:href="#sSpan321" value="ⲛⲑⲱⲟⲩ"/>
		<feat xlink:href="#sSpan323" value="ⲟⲩⲟϩ"/>
		<feat xlink:href="#sSpan329" value="ⲉⲧ"/>
		<feat xlink:href="#sSpan333" value="ⲁ"/>
		<feat xlink:href="#sSpan335" value="ⲛⲑⲟϥ"/>
		<feat xlink:href="#sSpan337" value="ϫⲟⲩϣⲧ"/>
		<feat xlink:href="#sSpan339" value="ⲉ"/>
		<feat xlink:href="#sSpan343" value="ⲟⲩ"/>
		<feat xlink:href="#sSpan345" value="ϧⲉⲛ"/>
		<feat xlink:href="#sSpan349" value="ⲟⲩ"/>
		<feat xlink:href="#sSpan351" value="ⲙⲃⲟⲛ"/>
		<feat xlink:href="#sSpan353" value="ⲉⲣⲉ"/>
		<feat xlink:href="#sSpan357" value="ⲛⲑⲟϥ"/>
		<feat xlink:href="#sSpan359" value="ⲉⲙⲕⲁϩ"/>
		<feat xlink:href="#sSpan361" value="ⲛ"/>
		<feat xlink:href="#sSpan365" value="ϩⲏⲧ"/>
		<feat xlink:href="#sSpan367" value="ⲉϩⲣⲏⲓ"/>
		<feat xlink:href="#sSpan371" value="ⲉϫⲉⲛ"/>
		<feat xlink:href="#sSpan375" value="ⲡⲓ"/>
		<feat xlink:href="#sSpan377" value="ⲑⲱⲙ"/>
		<feat xlink:href="#sSpan379" value="ⲛⲧⲉ"/>
		<feat xlink:href="#sSpan383" value="ⲡⲟⲩ"/>
		<feat xlink:href="#sSpan385" value="ϩⲏⲧ"/>
		<feat xlink:href="#sSpan387" value="ⲡⲉϫⲉ"/>
		<feat xlink:href="#sSpan391" value="ⲛⲑⲟϥ"/>
		<feat xlink:href="#sSpan393" value="ⲛ"/>
		<feat xlink:href="#sSpan397" value="ⲡⲓ"/>
		<feat xlink:href="#sSpan399" value="ⲣⲱⲙⲓ"/>
		<feat xlink:href="#sSpan401" value="ϫⲉ"/>
		<feat xlink:href="#sSpan405" value="ⲥⲟⲩⲧⲱⲛ"/>
		<feat xlink:href="#sSpan409" value="ⲡⲉⲕ"/>
		<feat xlink:href="#sSpan411" value="ϫⲓϫ"/>
		<feat xlink:href="#sSpan413" value="ⲉⲃⲟⲗ"/>
		<feat xlink:href="#sSpan417" value="ⲟⲩⲟϩ"/>
		<feat xlink:href="#sSpan421" value="ⲉⲧ"/>
		<feat xlink:href="#sSpan425" value="ⲁ"/>
		<feat xlink:href="#sSpan427" value="ⲛⲑⲟϥ"/>
		<feat xlink:href="#sSpan429" value="ⲥⲟⲩⲧⲱⲛ"/>
		<feat xlink:href="#sSpan431" value="ⲛⲑⲟⲥ"/>
		<feat xlink:href="#sSpan433" value="ⲁ"/>
		<feat xlink:href="#sSpan437" value="ⲛⲑⲟⲥ"/>
		<feat xlink:href="#sSpan439" value="ⲟⲩϫⲁⲓ"/>
		<feat xlink:href="#sSpan441" value="ⲛϫⲉ"/>
		<feat xlink:href="#sSpan445" value="ⲡⲉϥ"/>
		<feat xlink:href="#sSpan447" value="ϫⲓϫ"/>
		<feat xlink:href="#sSpan449" value="."/>
		<feat xlink:href="#sSpan453" value="ⲟⲩⲟϩ"/>
		<feat xlink:href="#sSpan459" value="ⲉⲧ"/>
		<feat xlink:href="#sSpan463" value="ⲁ"/>
		<feat xlink:href="#sSpan465" value="ⲛⲑⲱⲟⲩ"/>
		<feat xlink:href="#sSpan467" value="ⲓ"/>
		<feat xlink:href="#sSpan469" value="ⲉⲃⲟⲗ"/>
		<feat xlink:href="#sSpan473" value="ⲥⲁⲧⲟⲧ"/>
		<feat xlink:href="#sSpan477" value="ⲛⲑⲱⲟⲩ"/>
		<feat xlink:href="#sSpan479" value="ⲛϫⲉ"/>
		<feat xlink:href="#sSpan483" value="ⲡⲓ"/>
		<feat xlink:href="#sSpan486" value="ⲁⲣⲭⲓⲉⲣⲉⲩⲥ"/>
		<feat xlink:href="#sSpan488" value="ⲁ"/>
		<feat xlink:href="#sSpan492" value="ⲛⲑⲱⲟⲩ"/>
		<feat xlink:href="#sSpan494" value="ⲓⲣⲓ"/>
		<feat xlink:href="#sSpan496" value="ⲛ"/>
		<feat xlink:href="#sSpan500" value="ⲟⲩ"/>
		<feat xlink:href="#sSpan502" value="ⲥⲟϭⲛⲓ"/>
		<feat xlink:href="#sSpan504" value="ⲛⲉⲙ"/>
		<feat xlink:href="#sSpan508" value="ⲡⲓ"/>
		<feat xlink:href="#sSpan511" value="ⲏⲣⲱⲇⲓⲁⲛⲟⲥ"/>
		<feat xlink:href="#sSpan513" value="ϧⲁⲣⲟ"/>
		<feat xlink:href="#sSpan517" value="ⲛⲑⲟϥ"/>
		<feat xlink:href="#sSpan520" value="ϩⲓⲛⲁ"/>
		<feat xlink:href="#sSpan524" value="ⲛⲧⲉ"/>
		<feat xlink:href="#sSpan528" value="ⲛⲑⲱⲟⲩ"/>
		<feat xlink:href="#sSpan530" value="ⲧⲁⲕⲟ"/>
		<feat xlink:href="#sSpan532" value="ⲛⲑⲟϥ"/>
		<feat xlink:href="#sSpan535" value="ⲓⲏⲥⲟⲩⲥ"/>
		<feat xlink:href="#sSpan542" value="ⲇⲉ"/>
		<feat xlink:href="#sSpan546" value="ⲛⲉⲙ"/>
		<feat xlink:href="#sSpan550" value="ⲡⲉϥ"/>
		<feat xlink:href="#sSpan553" value="ⲙⲁⲑⲏⲧⲏⲥ"/>
		<feat xlink:href="#sSpan555" value="ⲁ"/>
		<feat xlink:href="#sSpan559" value="ⲛⲑⲱⲟⲩ"/>
		<feat xlink:href="#sSpan562" value="ⲉⲣⲁⲛⲁⲭⲱⲣⲓⲛ"/>
		<feat xlink:href="#sSpan566" value="ⲉ"/>
		<feat xlink:href="#sSpan570" value="ⲡ"/>
		<feat xlink:href="#sSpan572" value="ⲧⲱⲟⲩ"/>
		<feat xlink:href="#sSpan574" value="ⲟⲩⲟϩ"/>
		<feat xlink:href="#sSpan578" value="ⲟⲩ"/>
		<feat xlink:href="#sSpan582" value="ⲙⲏϣ"/>
		<feat xlink:href="#sSpan584" value="ⲉⲣⲉ"/>
		<feat xlink:href="#sSpan588" value="ⲛⲑⲟϥ"/>
		<feat xlink:href="#sSpan590" value="ⲁϣⲁⲓ"/>
		<feat xlink:href="#sSpan592" value="ⲛⲧⲉ"/>
		<feat xlink:href="#sSpan596" value="ⲡⲓ"/>
		<feat xlink:href="#sSpan599" value="ⲅⲁⲗⲓⲗⲉⲁ"/>
		<feat xlink:href="#sSpan601" value="ⲛⲉⲙ"/>
		<feat xlink:href="#sSpan605" value="ⲡⲓ"/>
		<feat xlink:href="#sSpan608" value="ⲓⲟⲩⲇⲉⲁ"/>
		<feat xlink:href="#sSpan610" value="ⲛⲉⲙ"/>
		<feat xlink:href="#sSpan617" value="ⲓⲉⲣⲟⲥⲁⲗⲏⲙ"/>
		<feat xlink:href="#sSpan619" value="ⲛⲉⲙ"/>
		<feat xlink:href="#sSpan623" value="ⲡ"/>
		<feat xlink:href="#sSpan626" value="ϩⲩⲇⲟⲩⲙⲉⲁ"/>
		<feat xlink:href="#sSpan628" value="ⲛⲉⲙ"/>
		<feat xlink:href="#sSpan632" value="ϩⲓ"/>
		<feat xlink:href="#sSpan634" value="ⲙⲏⲣ"/>
		<feat xlink:href="#sSpan636" value="ⲛ"/>
		<feat xlink:href="#sSpan640" value="ⲡⲓ"/>
		<feat xlink:href="#sSpan643" value="ⲓⲟⲣⲇⲁⲛⲏⲥ"/>
		<feat xlink:href="#sSpan645" value="ⲛⲉⲙ"/>
		<feat xlink:href="#sSpan649" value="ⲕⲉ"/>
		<feat xlink:href="#sSpan651" value="ⲙⲏϣ"/>
		<feat xlink:href="#sSpan653" value="ⲉⲣⲉ"/>
		<feat xlink:href="#sSpan657" value="ⲛⲑⲟϥ"/>
		<feat xlink:href="#sSpan659" value="ⲁϣⲁⲓ"/>
		<feat xlink:href="#sSpan661" value="ⲉⲃⲟⲗ"/>
		<feat xlink:href="#sSpan665" value="ϧⲉⲛ"/>
		<feat xlink:href="#sSpan669" value="ⲫⲁ"/>
		<feat xlink:href="#sSpan672" value="ⲧⲩⲣⲟⲥ"/>
		<feat xlink:href="#sSpan674" value="ⲛⲉⲙ"/>
		<feat xlink:href="#sSpan678" value="ⲡ"/>
		<feat xlink:href="#sSpan681" value="ⲥⲓⲇⲱⲛ"/>
		<feat xlink:href="#sSpan683" value="ⲉⲣⲉ"/>
		<feat xlink:href="#sSpan687" value="ⲛⲑⲱⲟⲩ"/>
		<feat xlink:href="#sSpan689" value="ⲥⲱⲧⲉⲙ"/>
		<feat xlink:href="#sSpan691" value="ⲉ"/>
		<feat xlink:href="#sSpan695" value="ⲡⲏ"/>
		<feat xlink:href="#sSpan697" value="ⲉⲣⲉ"/>
		<feat xlink:href="#sSpan701" value="ⲛⲁⲣⲉ"/>
		<feat xlink:href="#sSpan703" value="ⲛⲑⲟϥ"/>
		<feat xlink:href="#sSpan705" value="ⲓⲣⲓ"/>
		<feat xlink:href="#sSpan707" value="ⲛ"/>
		<feat xlink:href="#sSpan711" value="ⲛⲑⲱⲟⲩ"/>
		<feat xlink:href="#sSpan713" value="ⲁ"/>
		<feat xlink:href="#sSpan717" value="ⲛⲑⲱⲟⲩ"/>
		<feat xlink:href="#sSpan719" value="ⲓ"/>
		<feat xlink:href="#sSpan721" value="ϩⲁ"/>
		<feat xlink:href="#sSpan725" value="ⲛⲑⲟϥ"/>
		<feat xlink:href="#sSpan727" value="ⲟⲩⲟϩ"/>
		<feat xlink:href="#sSpan733" value="ⲁ"/>
		<feat xlink:href="#sSpan737" value="ⲛⲑⲟϥ"/>
		<feat xlink:href="#sSpan739" value="ϫⲱ"/>
		<feat xlink:href="#sSpan741" value="ⲛⲑⲟⲥ"/>
		<feat xlink:href="#sSpan743" value="ⲛ"/>
		<feat xlink:href="#sSpan747" value="ⲡⲉϥ"/>
		<feat xlink:href="#sSpan750" value="ⲙⲁⲑⲏⲧⲏⲥ"/>
		<feat xlink:href="#sSpan753" value="ϩⲓⲛⲁ"/>
		<feat xlink:href="#sSpan757" value="ⲛⲧⲉ"/>
		<feat xlink:href="#sSpan761" value="ⲟⲩ"/>
		<feat xlink:href="#sSpan763" value="ϫⲟⲓ"/>
		<feat xlink:href="#sSpan765" value="ⲙⲟⲩⲛ"/>
		<feat xlink:href="#sSpan769" value="ⲉ"/>
		<feat xlink:href="#sSpan773" value="ⲛⲑⲟϥ"/>
		<feat xlink:href="#sSpan775" value="ⲉⲑⲃⲉ"/>
		<feat xlink:href="#sSpan779" value="ⲡⲓ"/>
		<feat xlink:href="#sSpan781" value="ⲙⲏϣ"/>
		<feat xlink:href="#sSpan784" value="ϩⲓⲛⲁ"/>
		<feat xlink:href="#sSpan788" value="ⲛⲧⲉ"/>
		<feat xlink:href="#sSpan792" value="ⲛⲑⲱⲟⲩ"/>
		<feat xlink:href="#sSpan794" value="ϣⲧⲉⲙ"/>
		<feat xlink:href="#sSpan796" value="ϩⲟϫϩⲉϫ"/>
		<feat xlink:href="#sSpan798" value="ⲛⲑⲟϥ"/>
		<feat xlink:href="#sSpan800" value="ⲟⲩ"/>
		<feat xlink:href="#sSpan806" value="ⲙⲏϣ"/>
		<feat xlink:href="#sSpan809" value="ⲅⲁⲣ"/>
		<feat xlink:href="#sSpan813" value="ⲛⲁⲣⲉ"/>
		<feat xlink:href="#sSpan817" value="ⲛⲑⲟϥ"/>
		<feat xlink:href="#sSpan820" value="ⲉⲣⲫⲁϧⲣⲓ"/>
		<feat xlink:href="#sSpan823" value="ⲉ"/>
		<feat xlink:href="#sSpan827" value="ⲛⲑⲱⲟⲩ"/>
		<feat xlink:href="#sSpan830" value="ϩⲱⲥⲧⲉ"/>
		<feat xlink:href="#sSpan834" value="ⲛⲧⲉ"/>
		<feat xlink:href="#sSpan838" value="ⲛⲑⲱⲟⲩ"/>
		<feat xlink:href="#sSpan840" value="ⲓ"/>
		<feat xlink:href="#sSpan842" value="ⲉϫⲛ"/>
		<feat xlink:href="#sSpan846" value="ⲛⲑⲟϥ"/>
		<feat xlink:href="#sSpan848" value="ⲛⲧⲉ"/>
		<feat xlink:href="#sSpan852" value="ⲛⲑⲱⲟⲩ"/>
		<feat xlink:href="#sSpan854" value="ϭⲓ"/>
		<feat xlink:href="#sSpan856" value="ⲛⲉⲙ"/>
		<feat xlink:href="#sSpan860" value="ⲛⲑⲟϥ"/>
		<feat xlink:href="#sSpan862" value="ⲛϫⲉ"/>
		<feat xlink:href="#sSpan866" value="ⲟⲩⲟⲛ"/>
		<feat xlink:href="#sSpan868" value="ⲛⲓⲃⲉⲛ"/>
		<feat xlink:href="#sSpan872" value="ⲉ"/>
		<feat xlink:href="#sSpan876" value="ⲛⲁⲣⲉ"/>
		<feat xlink:href="#sSpan878" value="ϩⲁⲛ"/>
		<feat xlink:href="#sSpan881" value="ⲙⲁⲥⲧⲓⲅⲝ"/>
		<feat xlink:href="#sSpan883" value="ⲛⲉⲙ"/>
		<feat xlink:href="#sSpan887" value="ⲛⲑⲱⲟⲩ"/>
		<feat xlink:href="#sSpan889" value="ⲟⲩⲟϩ"/>
		<feat xlink:href="#sSpan895" value="ⲡⲓ"/>
		<feat xlink:href="#sSpan900" value="ⲡⲛⲉⲩⲙⲁ"/>
		<feat xlink:href="#sSpan902" value="ⲛ"/>
		<feat xlink:href="#sSpan907" value="ⲁⲕⲁⲑⲁⲣⲧⲟⲛ"/>
		<feat xlink:href="#sSpan909" value="ⲉϣⲱⲡ"/>
		<feat xlink:href="#sSpan913" value="ⲛⲧⲉ"/>
		<feat xlink:href="#sSpan917" value="ⲛⲑⲱⲟⲩ"/>
		<feat xlink:href="#sSpan919" value="ⲛⲁⲩ"/>
		<feat xlink:href="#sSpan921" value="ⲉ"/>
		<feat xlink:href="#sSpan925" value="ⲛⲑⲟϥ"/>
		<feat xlink:href="#sSpan927" value="ϣⲁⲣⲉ"/>
		<feat xlink:href="#sSpan931" value="ⲛⲑⲱⲟⲩ"/>
		<feat xlink:href="#sSpan933" value="ϩⲓⲟⲩⲓ"/>
		<feat xlink:href="#sSpan935" value="ⲛⲑⲱⲟⲩ"/>
		<feat xlink:href="#sSpan937" value="ⲉϧⲣⲏⲓ"/>
		<feat xlink:href="#sSpan941" value="ϧⲁⲣⲁⲧ"/>
		<feat xlink:href="#sSpan945" value="ⲛⲑⲟϥ"/>
		<feat xlink:href="#sSpan947" value="ⲟⲩⲟϩ"/>
		<feat xlink:href="#sSpan951" value="ⲛⲁⲣⲉ"/>
		<feat xlink:href="#sSpan955" value="ⲛⲑⲱⲟⲩ"/>
		<feat xlink:href="#sSpan957" value="ⲱϣ"/>
		<feat xlink:href="#sSpan960" value="ⲉⲃⲟⲗ"/>
		<feat xlink:href="#sSpan964" value="ⲉⲣⲉ"/>
		<feat xlink:href="#sSpan968" value="ⲛⲑⲱⲟⲩ"/>
		<feat xlink:href="#sSpan970" value="ϫⲱ"/>
		<feat xlink:href="#sSpan972" value="ⲛ"/>
		<feat xlink:href="#sSpan976" value="ⲛⲑⲟⲥ"/>
		<feat xlink:href="#sSpan978" value="ϫⲉ"/>
		<feat xlink:href="#sSpan982" value="ⲛⲑⲟⲕ"/>
		<feat xlink:href="#sSpan986" value="ⲡⲉ"/>
		<feat xlink:href="#sSpan990" value="ⲡ"/>
		<feat xlink:href="#sSpan994" value="ϣⲏⲣⲓ"/>
		<feat xlink:href="#sSpan996" value="ⲛ"/>
		<feat xlink:href="#sSpan1000" value="ⲡ"/>
		<feat xlink:href="#sSpan1002" value="ⲛⲟⲩϯ"/>
		<feat xlink:href="#sSpan1004" value="ⲟⲩⲟϩ"/>
		<feat xlink:href="#sSpan1010" value="ⲛⲁⲣⲉ"/>
		<feat xlink:href="#sSpan1014" value="ⲛⲑⲟϥ"/>
		<feat xlink:href="#sSpan1017" value="ⲉⲣⲉⲡⲓⲧⲓⲙⲁⲛ"/>
		<feat xlink:href="#sSpan1021" value="ⲛⲁ"/>
		<feat xlink:href="#sSpan1025" value="ⲛⲑⲱⲟⲩ"/>
		<feat xlink:href="#sSpan1027" value="ⲛ"/>
		<feat xlink:href="#sSpan1031" value="ⲟⲩ"/>
		<feat xlink:href="#sSpan1033" value="ⲙⲏϣ"/>
		<feat xlink:href="#sSpan1036" value="ϩⲓⲛⲁ"/>
		<feat xlink:href="#sSpan1040" value="ⲛⲧⲉ"/>
		<feat xlink:href="#sSpan1044" value="ⲛⲑⲱⲟⲩ"/>
		<feat xlink:href="#sSpan1046" value="ϣⲧⲉⲙ"/>
		<feat xlink:href="#sSpan1048" value="ⲟⲩⲱⲛϩ"/>
		<feat xlink:href="#sSpan1050" value="ⲛⲑⲟϥ"/>
		<feat xlink:href="#sSpan1052" value="ⲉⲃⲟⲗ"/>
		<feat xlink:href="#sSpan1056" value="."/>
		<feat xlink:href="#sSpan1060" value="ⲟⲩⲟϩ"/>
		<feat xlink:href="#sSpan1066" value="ⲁ"/>
		<feat xlink:href="#sSpan1070" value="ⲛⲑⲟϥ"/>
		<feat xlink:href="#sSpan1072" value="ϣⲉ"/>
		<feat xlink:href="#sSpan1074" value="ⲛⲁ"/>
		<feat xlink:href="#sSpan1078" value="ⲛⲑⲟϥ"/>
		<feat xlink:href="#sSpan1080" value="ⲉϩⲣⲏⲓ"/>
		<feat xlink:href="#sSpan1084" value="ⲉϫⲉⲛ"/>
		<feat xlink:href="#sSpan1088" value="ⲡⲓ"/>
		<feat xlink:href="#sSpan1090" value="ⲧⲱⲟⲩ"/>
		<feat xlink:href="#sSpan1092" value="ⲟⲩⲟϩ"/>
		<feat xlink:href="#sSpan1096" value="ⲁ"/>
		<feat xlink:href="#sSpan1100" value="ⲛⲑⲟϥ"/>
		<feat xlink:href="#sSpan1102" value="ⲙⲟⲩϯ"/>
		<feat xlink:href="#sSpan1104" value="ⲉ"/>
		<feat xlink:href="#sSpan1108" value="ⲡⲏ"/>
		<feat xlink:href="#sSpan1110" value="ⲉ"/>
		<feat xlink:href="#sSpan1114" value="ⲛⲁⲣⲉ"/>
		<feat xlink:href="#sSpan1116" value="ⲛⲑⲟϥ"/>
		<feat xlink:href="#sSpan1118" value="ⲟⲩⲱϣ"/>
		<feat xlink:href="#sSpan1120" value="ⲛⲑⲱⲟⲩ"/>
		<feat xlink:href="#sSpan1122" value="ⲛⲑⲟϥ"/>
		<feat xlink:href="#sSpan1126" value="ⲟⲩⲟϩ"/>
		<feat xlink:href="#sSpan1130" value="ⲁ"/>
		<feat xlink:href="#sSpan1134" value="ⲛⲑⲱⲟⲩ"/>
		<feat xlink:href="#sSpan1136" value="ϣⲉ"/>
		<feat xlink:href="#sSpan1138" value="ⲛⲱ"/>
		<feat xlink:href="#sSpan1142" value="ⲛⲑⲱⲟⲩ"/>
		<feat xlink:href="#sSpan1144" value="ϩⲁ"/>
		<feat xlink:href="#sSpan1148" value="ⲛⲑⲟϥ"/>
		<feat xlink:href="#sSpan1150" value="ⲟⲩⲟϩ"/>
		<feat xlink:href="#sSpan1156" value="ⲁ"/>
		<feat xlink:href="#sSpan1160" value="ⲛⲑⲟϥ"/>
		<feat xlink:href="#sSpan1162" value="ⲑⲁⲙⲓⲟ"/>
		<feat xlink:href="#sSpan1164" value="ⲓⲃ"/>
		<feat xlink:href="#sSpan1166" value="ⲡⲏ"/>
		<feat xlink:href="#sSpan1170" value="ⲉⲧⲉ"/>
		<feat xlink:href="#sSpan1174" value="ⲁ"/>
		<feat xlink:href="#sSpan1176" value="ⲛⲑⲟϥ"/>
		<feat xlink:href="#sSpan1178" value="ϯ"/>
		<feat xlink:href="#sSpan1181" value="ⲣⲁⲛ"/>
		<feat xlink:href="#sSpan1183" value="ⲛⲑⲱⲟⲩ"/>
		<feat xlink:href="#sSpan1185" value="ϫⲉ"/>
		<feat xlink:href="#sSpan1189" value="ⲡⲓ"/>
		<feat xlink:href="#sSpan1192" value="ⲁⲡⲟⲥⲧⲟⲗⲟⲥ"/>
		<feat xlink:href="#sSpan1195" value="ϩⲓⲛⲁ"/>
		<feat xlink:href="#sSpan1199" value="ⲛⲧⲉ"/>
		<feat xlink:href="#sSpan1203" value="ⲛⲑⲱⲟⲩ"/>
		<feat xlink:href="#sSpan1205" value="ⲟϩⲓ"/>
		<feat xlink:href="#sSpan1207" value="ⲛⲉⲙ"/>
		<feat xlink:href="#sSpan1211" value="ⲛⲑⲟϥ"/>
		<feat xlink:href="#sSpan1213" value="ⲟⲩⲟϩ"/>
		<feat xlink:href="#sSpan1218" value="ϩⲓⲛⲁ"/>
		<feat xlink:href="#sSpan1222" value="ⲛⲧⲉ"/>
		<feat xlink:href="#sSpan1226" value="ⲛⲑⲟϥ"/>
		<feat xlink:href="#sSpan1228" value="ⲟⲩⲱⲣⲡ"/>
		<feat xlink:href="#sSpan1230" value="ⲛⲑⲱⲟⲩ"/>
		<feat xlink:href="#sSpan1232" value="ⲉ"/>
		<feat xlink:href="#sSpan1237" value="ϩⲓⲱⲓϣ"/>
		<feat xlink:href="#sSpan1240" value="ⲟⲩⲟϩ"/>
		<feat xlink:href="#sSpan1246" value="ⲉ"/>
		<feat xlink:href="#sSpan1250" value="ⲑⲣⲉ"/>
		<feat xlink:href="#sSpan1252" value="ⲡ"/>
		<feat xlink:href="#sSpan1255" value="ⲉⲣϣⲓϣⲓ"/>
		<feat xlink:href="#sSpan1258" value="ϣⲱⲡⲓ"/>
		<feat xlink:href="#sSpan1262" value="ⲛⲧⲉⲛ"/>
		<feat xlink:href="#sSpan1266" value="ⲛⲑⲱⲟⲩ"/>
		<feat xlink:href="#sSpan1268" value="ⲉ"/>
		<feat xlink:href="#sSpan1273" value="ϩⲓⲇⲁⲓⲙⲱⲛ"/>
		<feat xlink:href="#sSpan1277" value="ⲉⲃⲟⲗ"/>
		<feat xlink:href="#sSpan1281" value="ⲟⲩⲟϩ"/>
		<feat xlink:href="#sSpan1287" value="ⲁ"/>
		<feat xlink:href="#sSpan1291" value="ⲛⲑⲟϥ"/>
		<feat xlink:href="#sSpan1293" value="ϯ"/>
		<feat xlink:href="#sSpan1295" value="ⲛ"/>
		<feat xlink:href="#sSpan1299" value="ⲟⲩ"/>
		<feat xlink:href="#sSpan1301" value="ⲣⲁⲛ"/>
		<feat xlink:href="#sSpan1303" value="ⲉ"/>
		<feat xlink:href="#sSpan1308" value="ⲥⲓⲙⲱⲛ"/>
		<feat xlink:href="#sSpan1310" value="ϫⲉ"/>
		<feat xlink:href="#sSpan1315" value="ⲡⲉⲧⲣⲟⲥ"/>
		<feat xlink:href="#sSpan1317" value="."/>
		<feat xlink:href="#sSpan1321" value="ⲟⲩⲟϩ"/>
		<feat xlink:href="#sSpan1328" value="ⲓⲁⲕⲱⲃⲟⲥ"/>
		<feat xlink:href="#sSpan1332" value="ⲡ"/>
		<feat xlink:href="#sSpan1336" value="ϣⲏⲣⲓ"/>
		<feat xlink:href="#sSpan1338" value="ⲛ"/>
		<feat xlink:href="#sSpan1343" value="ⲍⲉⲃⲉⲇⲉⲟⲥ"/>
		<feat xlink:href="#sSpan1345" value="ⲛⲉⲙ"/>
		<feat xlink:href="#sSpan1350" value="ⲓⲱⲁⲛⲛⲏⲥ"/>
		<feat xlink:href="#sSpan1352" value="ⲡ"/>
		<feat xlink:href="#sSpan1356" value="ⲥⲟⲛ"/>
		<feat xlink:href="#sSpan1358" value="ⲛ"/>
		<feat xlink:href="#sSpan1363" value="ⲓⲁⲕⲱⲃⲟⲥ"/>
		<feat xlink:href="#sSpan1365" value="ⲟⲩⲟϩ"/>
		<feat xlink:href="#sSpan1369" value="ⲁ"/>
		<feat xlink:href="#sSpan1373" value="ⲛⲑⲟϥ"/>
		<feat xlink:href="#sSpan1375" value="ϯ"/>
		<feat xlink:href="#sSpan1377" value="ⲛ"/>
		<feat xlink:href="#sSpan1381" value="ⲟⲩ"/>
		<feat xlink:href="#sSpan1383" value="ⲣⲁⲛ"/>
		<feat xlink:href="#sSpan1385" value="ⲉ"/>
		<feat xlink:href="#sSpan1389" value="ⲛⲑⲱⲟⲩ"/>
		<feat xlink:href="#sSpan1391" value="ϫⲉ"/>
		<feat xlink:href="#sSpan1396" value="ⲃⲟⲁⲛⲏⲣⲅⲉⲥ"/>
		<feat xlink:href="#sSpan1398" value="ⲉⲧⲉ"/>
		<feat xlink:href="#sSpan1402" value="ⲫⲁⲓ"/>
		<feat xlink:href="#sSpan1404" value="ⲡⲉ"/>
		<feat xlink:href="#sSpan1408" value="ϫⲉ"/>
		<feat xlink:href="#sSpan1412" value="ⲡⲓ"/>
		<feat xlink:href="#sSpan1414" value="ϣⲏⲣⲓ"/>
		<feat xlink:href="#sSpan1416" value="ⲛⲧⲉ"/>
		<feat xlink:href="#sSpan1420" value="ⲡⲓ"/>
		<feat xlink:href="#sSpan1422" value="ϧⲁⲣⲁⲃⲁⲓ"/>
		<feat xlink:href="#sSpan1424" value="."/>
		<feat xlink:href="#sSpan1429" value="ⲁⲛⲇⲣⲉⲁⲥ"/>
		<feat xlink:href="#sSpan1435" value="ⲛⲉⲙ"/>
		<feat xlink:href="#sSpan1440" value="ⲫⲓⲗⲓⲡⲡⲟⲥ"/>
		<feat xlink:href="#sSpan1443" value="ⲃⲁⲣⲑⲟⲗⲟⲙⲉⲟⲥ"/>
		<feat xlink:href="#sSpan1447" value="ⲛⲉⲙ"/>
		<feat xlink:href="#sSpan1452" value="ⲙⲁⲧⲑⲉⲟⲥ"/>
		<feat xlink:href="#sSpan1454" value="ⲛⲉⲙ"/>
		<feat xlink:href="#sSpan1459" value="ⲑⲱⲙⲁⲥ"/>
		<feat xlink:href="#sSpan1461" value="ⲛⲉⲙ"/>
		<feat xlink:href="#sSpan1466" value="ⲓⲁⲕⲱⲃⲟⲥ"/>
		<feat xlink:href="#sSpan1468" value="ⲛⲧⲉ"/>
		<feat xlink:href="#sSpan1473" value="ⲁⲗⲫⲉⲟⲥ"/>
		<feat xlink:href="#sSpan1475" value="ⲛⲉⲙ"/>
		<feat xlink:href="#sSpan1480" value="ⲑⲁⲇⲇⲉⲟⲥ"/>
		<feat xlink:href="#sSpan1482" value="ⲛⲉⲙ"/>
		<feat xlink:href="#sSpan1487" value="ⲥⲓⲙⲱⲛ"/>
		<feat xlink:href="#sSpan1489" value="ⲡⲓ"/>
		<feat xlink:href="#sSpan1494" value="ⲕⲁⲛⲁⲛⲉⲟⲥ"/>
		<feat xlink:href="#sSpan1496" value="ⲛⲉⲙ"/>
		<feat xlink:href="#sSpan1503" value="ⲓⲟⲩⲇⲁⲥ"/>
		<feat xlink:href="#sSpan1505" value="ⲡⲓ"/>
		<feat xlink:href="#sSpan1510" value="ⲓⲥⲕⲁⲣⲓⲱⲧⲏⲥ"/>
		<feat xlink:href="#sSpan1512" value="ⲫⲏ"/>
		<feat xlink:href="#sSpan1516" value="ⲉⲧⲉ"/>
		<feat xlink:href="#sSpan1520" value="ⲁ"/>
		<feat xlink:href="#sSpan1522" value="ⲛⲑⲟϥ"/>
		<feat xlink:href="#sSpan1524" value="ϯ"/>
		<feat xlink:href="#sSpan1526" value="ⲛⲑⲟϥ"/>
		<feat xlink:href="#sSpan1528" value="ⲟⲩⲟϩ"/>
		<feat xlink:href="#sSpan1534" value="ⲁ"/>
		<feat xlink:href="#sSpan1538" value="ⲛⲑⲟϥ"/>
		<feat xlink:href="#sSpan1540" value="ⲓ"/>
		<feat xlink:href="#sSpan1542" value="ⲉϧⲟⲩⲛ"/>
		<feat xlink:href="#sSpan1546" value="ⲉ"/>
		<feat xlink:href="#sSpan1550" value="ⲟⲩ"/>
		<feat xlink:href="#sSpan1552" value="ⲏⲓ"/>
		<feat xlink:href="#sSpan1554" value="ⲟⲩⲟϩ"/>
		<feat xlink:href="#sSpan1558" value="ⲁ"/>
		<feat xlink:href="#sSpan1562" value="ⲛⲑⲟϥ"/>
		<feat xlink:href="#sSpan1564" value="ⲑⲱⲟⲩϯ"/>
		<feat xlink:href="#sSpan1566" value="ⲟⲛ"/>
		<feat xlink:href="#sSpan1570" value="ⲛϫⲉ"/>
		<feat xlink:href="#sSpan1574" value="ⲡⲓ"/>
		<feat xlink:href="#sSpan1576" value="ⲙⲏϣ"/>
		<feat xlink:href="#sSpan1579" value="ϩⲱⲥⲧⲉ"/>
		<feat xlink:href="#sSpan1583" value="ⲛⲧⲉ"/>
		<feat xlink:href="#sSpan1587" value="ⲟⲩ"/>
		<feat xlink:href="#sSpan1589" value="ϣⲧⲉⲙ"/>
		<feat xlink:href="#sSpan1591" value="ϣ"/>
		<feat xlink:href="#sSpan1593" value="ϫⲉⲙϫⲟⲙ"/>
		<feat xlink:href="#sSpan1596" value="ⲟⲩⲇⲉ"/>
		<feat xlink:href="#sSpan1600" value="ⲉ"/>
		<feat xlink:href="#sSpan1605" value="ⲟⲩⲉⲙⲱⲓⲕ"/>
		<feat xlink:href="#sSpan1608" value="ⲟⲩⲟϩ"/>
		<feat xlink:href="#sSpan1614" value="ⲉⲧ"/>
		<feat xlink:href="#sSpan1618" value="ⲁ"/>
		<feat xlink:href="#sSpan1620" value="ⲛⲑⲱⲟⲩ"/>
		<feat xlink:href="#sSpan1622" value="ⲥⲱⲧⲉⲙ"/>
		<feat xlink:href="#sSpan1624" value="ⲛϫⲉ"/>
		<feat xlink:href="#sSpan1628" value="ⲡⲏ"/>
		<feat xlink:href="#sSpan1630" value="ⲉⲧⲉ"/>
		<feat xlink:href="#sSpan1634" value="ⲫⲱϥ"/>
		<feat xlink:href="#sSpan1636" value="ⲁ"/>
		<feat xlink:href="#sSpan1640" value="ⲛⲑⲱⲟⲩ"/>
		<feat xlink:href="#sSpan1642" value="ⲓ"/>
		<feat xlink:href="#sSpan1644" value="ⲉⲃⲟⲗ"/>
		<feat xlink:href="#sSpan1648" value="ⲉ"/>
		<feat xlink:href="#sSpan1652" value="ⲁⲙⲟⲛⲓ"/>
		<feat xlink:href="#sSpan1654" value="ⲛ"/>
		<feat xlink:href="#sSpan1658" value="ⲛⲑⲟϥ"/>
		<feat xlink:href="#sSpan1660" value="ⲛⲁⲣⲉ"/>
		<feat xlink:href="#sSpan1664" value="ⲛⲑⲱⲟⲩ"/>
		<feat xlink:href="#sSpan1666" value="ϫⲱ"/>
		<feat xlink:href="#sSpan1669" value="ⲅⲁⲣ"/>
		<feat xlink:href="#sSpan1673" value="ⲛ"/>
		<feat xlink:href="#sSpan1677" value="ⲛⲑⲟⲥ"/>
		<feat xlink:href="#sSpan1679" value="ⲡⲉ"/>
		<feat xlink:href="#sSpan1683" value="ϫⲉ"/>
		<feat xlink:href="#sSpan1687" value="ⲁ"/>
		<feat xlink:href="#sSpan1689" value="ⲡⲉϥ"/>
		<feat xlink:href="#sSpan1691" value="ϩⲏⲧ"/>
		<feat xlink:href="#sSpan1693" value="ⲥⲓϩⲓ"/>
		<feat xlink:href="#sSpan1697" value="."/>
		<feat xlink:href="#sSpan1701" value="ⲟⲩⲟϩ"/>
		<feat xlink:href="#sSpan1707" value="ⲛⲁⲣⲉ"/>
		<feat xlink:href="#sSpan1711" value="ⲡⲓ"/>
		<feat xlink:href="#sSpan1713" value="ⲥⲁϧ"/>
		<feat xlink:href="#sSpan1715" value="ⲉⲧⲉ"/>
		<feat xlink:href="#sSpan1719" value="ⲁ"/>
		<feat xlink:href="#sSpan1721" value="ⲛⲑⲱⲟⲩ"/>
		<feat xlink:href="#sSpan1723" value="ⲓ"/>
		<feat xlink:href="#sSpan1725" value="ⲉⲃⲟⲗ"/>
		<feat xlink:href="#sSpan1729" value="ϧⲉⲛ"/>
		<feat xlink:href="#sSpan1734" value="ⲓⲉⲣⲟⲥⲁⲗⲏⲙ"/>
		<feat xlink:href="#sSpan1736" value="ⲛⲁⲣⲉ"/>
		<feat xlink:href="#sSpan1740" value="ⲛⲑⲱⲟⲩ"/>
		<feat xlink:href="#sSpan1742" value="ϫⲱ"/>
		<feat xlink:href="#sSpan1744" value="ⲛ"/>
		<feat xlink:href="#sSpan1748" value="ⲛⲑⲟⲥ"/>
		<feat xlink:href="#sSpan1750" value="ϫⲉ"/>
		<feat xlink:href="#sSpan1755" value="ⲃⲉⲗⲍⲉⲃⲟⲩⲗ"/>
		<feat xlink:href="#sSpan1757" value="ⲉⲧⲉ"/>
		<feat xlink:href="#sSpan1761" value="ⲛⲉⲙ"/>
		<feat xlink:href="#sSpan1763" value="ⲛⲑⲟϥ"/>
		<feat xlink:href="#sSpan1765" value="ⲟⲩⲟϩ"/>
		<feat xlink:href="#sSpan1769" value="ϫⲉ"/>
		<feat xlink:href="#sSpan1773" value="ϧⲉⲛ"/>
		<feat xlink:href="#sSpan1775" value="ⲡ"/>
		<feat xlink:href="#sSpan1778" value="ⲁⲣⲭⲱⲛ"/>
		<feat xlink:href="#sSpan1780" value="ⲛⲧⲉ"/>
		<feat xlink:href="#sSpan1784" value="ⲡⲓ"/>
		<feat xlink:href="#sSpan1787" value="ⲇⲁⲓⲙⲱⲛ"/>
		<feat xlink:href="#sSpan1789" value="ⲁ"/>
		<feat xlink:href="#sSpan1793" value="ⲛⲑⲟϥ"/>
		<feat xlink:href="#sSpan1795" value="ϩⲓⲟⲩⲓ"/>
		<feat xlink:href="#sSpan1797" value="ⲛ"/>
		<feat xlink:href="#sSpan1801" value="ⲡⲓ"/>
		<feat xlink:href="#sSpan1804" value="ⲇⲁⲓⲙⲱⲛ"/>
		<feat xlink:href="#sSpan1806" value="ⲉⲃⲟⲗ"/>
		<feat xlink:href="#sSpan1810" value="ⲟⲩⲟϩ"/>
		<feat xlink:href="#sSpan1816" value="ⲁ"/>
		<feat xlink:href="#sSpan1820" value="ⲛⲑⲟϥ"/>
		<feat xlink:href="#sSpan1822" value="ⲙⲟⲩϯ"/>
		<feat xlink:href="#sSpan1824" value="ⲉ"/>
		<feat xlink:href="#sSpan1828" value="ⲛⲑⲱⲟⲩ"/>
		<feat xlink:href="#sSpan1830" value="ⲛⲁⲣⲉ"/>
		<feat xlink:href="#sSpan1834" value="ⲛⲑⲟϥ"/>
		<feat xlink:href="#sSpan1836" value="ϫⲱ"/>
		<feat xlink:href="#sSpan1838" value="ⲛ"/>
		<feat xlink:href="#sSpan1842" value="ⲛⲑⲟⲥ"/>
		<feat xlink:href="#sSpan1844" value="ⲛⲱ"/>
		<feat xlink:href="#sSpan1848" value="ⲟⲩ"/>
		<feat xlink:href="#sSpan1850" value="ϧⲉⲛ"/>
		<feat xlink:href="#sSpan1854" value="ⲟⲩ"/>
		<feat xlink:href="#sSpan1857" value="ⲡⲁⲣⲁⲃⲟⲗⲏ"/>
		<feat xlink:href="#sSpan1859" value="ϫⲉ"/>
		<feat xlink:href="#sSpan1864" value="ⲡⲱⲥ"/>
		<feat xlink:href="#sSpan1866" value="ⲟⲩⲟⲛ"/>
		<feat xlink:href="#sSpan1871" value="ϣϫⲟⲙ"/>
		<feat xlink:href="#sSpan1876" value="ⲛⲧⲉ"/>
		<feat xlink:href="#sSpan1880" value="ⲡ"/>
		<feat xlink:href="#sSpan1883" value="ⲥⲁⲧⲁⲛⲁⲥ"/>
		<feat xlink:href="#sSpan1885" value="ϩⲓⲟⲩⲓ"/>
		<feat xlink:href="#sSpan1889" value="ⲡ"/>
		<feat xlink:href="#sSpan1892" value="ⲥⲁⲧⲁⲛⲁⲥ"/>
		<feat xlink:href="#sSpan1894" value="ⲉⲃⲟⲗ"/>
		<feat xlink:href="#sSpan1898" value="ⲟⲩⲟϩ"/>
		<feat xlink:href="#sSpan1904" value="ⲉϣⲱⲡ"/>
		<feat xlink:href="#sSpan1908" value="ⲛⲧⲉ"/>
		<feat xlink:href="#sSpan1912" value="ⲟⲩ"/>
		<feat xlink:href="#sSpan1915" value="ⲙⲉⲧⲟⲩⲣⲟ"/>
		<feat xlink:href="#sSpan1918" value="ⲫⲱϣ"/>
		<feat xlink:href="#sSpan1922" value="ⲉϩⲣⲛ"/>
		<feat xlink:href="#sSpan1926" value="ⲛⲑⲟⲥ"/>
		<feat xlink:href="#sSpan1928" value="ⲙⲙⲟⲛ"/>
		<feat xlink:href="#sSpan1933" value="ϣϫⲟⲙ"/>
		<feat xlink:href="#sSpan1938" value="ⲛⲧⲉ"/>
		<feat xlink:href="#sSpan1942" value="ⲛⲑⲟⲥ"/>
		<feat xlink:href="#sSpan1944" value="ⲟϩⲓ"/>
		<feat xlink:href="#sSpan1948" value="ⲉⲣⲁⲧ"/>
		<feat xlink:href="#sSpan1952" value="ⲛⲑⲟⲥ"/>
		<feat xlink:href="#sSpan1954" value="ⲛϫⲉ"/>
		<feat xlink:href="#sSpan1958" value="ⲡⲓ"/>
		<feat xlink:href="#sSpan1961" value="ⲙⲉⲧⲟⲩⲣⲟ"/>
		<feat xlink:href="#sSpan1964" value="ⲉⲧⲉ"/>
		<feat xlink:href="#sSpan1968" value="ⲙⲙⲁⲩ"/>
		<feat xlink:href="#sSpan1970" value="."/>
		<feat xlink:href="#sSpan1974" value="ⲟⲩⲟϩ"/>
		<feat xlink:href="#sSpan1980" value="ⲉϣⲱⲡ"/>
		<feat xlink:href="#sSpan1984" value="ⲛⲧⲉ"/>
		<feat xlink:href="#sSpan1988" value="ⲟⲩ"/>
		<feat xlink:href="#sSpan1990" value="ⲏⲓ"/>
		<feat xlink:href="#sSpan1992" value="ⲫⲱϣ"/>
		<feat xlink:href="#sSpan1996" value="ⲉϩⲣⲛ"/>
		<feat xlink:href="#sSpan2000" value="ⲛⲑⲟϥ"/>
		<feat xlink:href="#sSpan2002" value="ⲙⲙⲟⲛ"/>
		<feat xlink:href="#sSpan2007" value="ϣϫⲟⲙ"/>
		<feat xlink:href="#sSpan2012" value="ⲛⲧⲉ"/>
		<feat xlink:href="#sSpan2016" value="ⲛⲑⲟϥ"/>
		<feat xlink:href="#sSpan2018" value="ⲟϩⲓ"/>
		<feat xlink:href="#sSpan2022" value="ⲉⲣⲁⲧ"/>
		<feat xlink:href="#sSpan2026" value="ⲛⲑⲟϥ"/>
		<feat xlink:href="#sSpan2028" value="ⲛϫⲉ"/>
		<feat xlink:href="#sSpan2032" value="ⲡⲓ"/>
		<feat xlink:href="#sSpan2034" value="ⲏⲓ"/>
		<feat xlink:href="#sSpan2036" value="ⲉⲧⲉ"/>
		<feat xlink:href="#sSpan2040" value="ⲙⲙⲁⲩ"/>
		<feat xlink:href="#sSpan2042" value="."/>
		<feat xlink:href="#sSpan2046" value="ⲟⲩⲟϩ"/>
		<feat xlink:href="#sSpan2052" value="ⲓⲥϫⲉ"/>
		<feat xlink:href="#sSpan2056" value="ⲡ"/>
		<feat xlink:href="#sSpan2061" value="ⲥⲁⲧⲁⲛⲁⲥ"/>
		<feat xlink:href="#sSpan2063" value="ⲡⲉ"/>
		<feat xlink:href="#sSpan2067" value="ⲉⲧⲉ"/>
		<feat xlink:href="#sSpan2069" value="ⲁ"/>
		<feat xlink:href="#sSpan2071" value="ⲛⲑⲟϥ"/>
		<feat xlink:href="#sSpan2073" value="ⲧⲱⲟⲩⲛ"/>
		<feat xlink:href="#sSpan2075" value="ⲛⲑⲟϥ"/>
		<feat xlink:href="#sSpan2077" value="ⲉϫⲛ"/>
		<feat xlink:href="#sSpan2081" value="ⲛⲑⲟϥ"/>
		<feat xlink:href="#sSpan2083" value="ⲙⲙⲓⲛⲙⲙⲟ"/>
		<feat xlink:href="#sSpan2087" value="ⲛⲑⲟϥ"/>
		<feat xlink:href="#sSpan2089" value="ⲟⲩⲟϩ"/>
		<feat xlink:href="#sSpan2093" value="ⲁ"/>
		<feat xlink:href="#sSpan2097" value="ⲛⲑⲟϥ"/>
		<feat xlink:href="#sSpan2099" value="ⲫⲱϣ"/>
		<feat xlink:href="#sSpan2101" value="ⲙⲙⲟⲛ"/>
		<feat xlink:href="#sSpan2106" value="ϣϫⲟⲙ"/>
		<feat xlink:href="#sSpan2111" value="ⲛ"/>
		<feat xlink:href="#sSpan2115" value="ⲛⲑⲟϥ"/>
		<feat xlink:href="#sSpan2117" value="ⲉ"/>
		<feat xlink:href="#sSpan2121" value="ⲟϩⲓ"/>
		<feat xlink:href="#sSpan2123" value="ⲉⲣⲁⲧ"/>
		<feat xlink:href="#sSpan2127" value="ⲛⲑⲟϥ"/>
		<feat xlink:href="#sSpan2130" value="ⲁⲗⲗⲁ"/>
		<feat xlink:href="#sSpan2134" value="ⲟⲩⲟⲛⲧⲉ"/>
		<feat xlink:href="#sSpan2138" value="ⲛⲑⲟϥ"/>
		<feat xlink:href="#sSpan2140" value="ⲟⲩ"/>
		<feat xlink:href="#sSpan2144" value="ϫⲱⲕ"/>
		<feat xlink:href="#sSpan2146" value="."/>
		<feat xlink:href="#sSpan2151" value="ⲁⲗⲗⲁ"/>
		<feat xlink:href="#sSpan2157" value="ⲙⲙⲟⲛ"/>
		<feat xlink:href="#sSpan2162" value="ϣϫⲟⲙ"/>
		<feat xlink:href="#sSpan2167" value="ⲛ"/>
		<feat xlink:href="#sSpan2171" value="ⲡ"/>
		<feat xlink:href="#sSpan2173" value="ϩⲗⲓ"/>
		<feat xlink:href="#sSpan2175" value="ϣⲉ"/>
		<feat xlink:href="#sSpan2179" value="ⲉϧⲟⲩⲛ"/>
		<feat xlink:href="#sSpan2183" value="ⲉ"/>
		<feat xlink:href="#sSpan2187" value="ⲡ"/>
		<feat xlink:href="#sSpan2189" value="ⲏⲓ"/>
		<feat xlink:href="#sSpan2191" value="ⲛ"/>
		<feat xlink:href="#sSpan2195" value="ⲡⲓ"/>
		<feat xlink:href="#sSpan2197" value="ϫⲱⲣⲓ"/>
		<feat xlink:href="#sSpan2199" value="ⲛⲧⲉ"/>
		<feat xlink:href="#sSpan2203" value="ⲛⲑⲟϥ"/>
		<feat xlink:href="#sSpan2205" value="ϩⲱⲗⲉⲙ"/>
		<feat xlink:href="#sSpan2207" value="ⲛ"/>
		<feat xlink:href="#sSpan2211" value="ⲡⲉϥ"/>
		<feat xlink:href="#sSpan2214" value="ⲥⲕⲉⲩⲟⲥ"/>
		<feat xlink:href="#sSpan2216" value="ⲉⲃⲏⲗ"/>
		<feat xlink:href="#sSpan2220" value="ⲛⲧⲉ"/>
		<feat xlink:href="#sSpan2224" value="ⲛⲑⲟϥ"/>
		<feat xlink:href="#sSpan2226" value="ⲥⲱⲛϩ"/>
		<feat xlink:href="#sSpan2228" value="ⲛ"/>
		<feat xlink:href="#sSpan2232" value="ⲡⲓ"/>
		<feat xlink:href="#sSpan2234" value="ϫⲱⲣⲓ"/>
		<feat xlink:href="#sSpan2236" value="ⲛ"/>
		<feat xlink:href="#sSpan2240" value="ϣⲟⲣⲡ"/>
		<feat xlink:href="#sSpan2242" value="ⲟⲩⲟϩ"/>
		<feat xlink:href="#sSpan2247" value="ⲧⲟⲧⲉ"/>
		<feat xlink:href="#sSpan2251" value="ⲛⲧⲉ"/>
		<feat xlink:href="#sSpan2255" value="ⲛⲑⲟϥ"/>
		<feat xlink:href="#sSpan2257" value="ϩⲱⲗⲉⲙ"/>
		<feat xlink:href="#sSpan2259" value="ⲛ"/>
		<feat xlink:href="#sSpan2263" value="ⲡⲉϥ"/>
		<feat xlink:href="#sSpan2265" value="ⲏⲓ"/>
		<feat xlink:href="#sSpan2267" value="."/>
		<feat xlink:href="#sSpan2272" value="ⲁⲙⲏⲛ"/>
		<feat xlink:href="#sSpan2278" value="ⲁⲛⲟⲕ"/>
		<feat xlink:href="#sSpan2282" value="ϫⲱ"/>
		<feat xlink:href="#sSpan2284" value="ⲛ"/>
		<feat xlink:href="#sSpan2288" value="ⲛⲑⲟⲥ"/>
		<feat xlink:href="#sSpan2290" value="ⲛⲱ"/>
		<feat xlink:href="#sSpan2294" value="ⲧⲉⲛ"/>
		<feat xlink:href="#sSpan2296" value="ϫⲉ"/>
		<feat xlink:href="#sSpan2300" value="ϩⲱⲃ"/>
		<feat xlink:href="#sSpan2302" value="ⲛⲓⲃⲉⲛ"/>
		<feat xlink:href="#sSpan2306" value="ⲉⲣⲉ_ⲛⲑⲱⲟⲩ"/>
		<feat xlink:href="#sSpan2310" value="ⲭⲱ"/>
		<feat xlink:href="#sSpan2312" value="ⲛⲑⲱⲟⲩ"/>
		<feat xlink:href="#sSpan2314" value="ⲉⲃⲟⲗ"/>
		<feat xlink:href="#sSpan2318" value="ⲛ"/>
		<feat xlink:href="#sSpan2322" value="ⲡⲓ"/>
		<feat xlink:href="#sSpan2324" value="ϣⲏⲣⲓ"/>
		<feat xlink:href="#sSpan2326" value="ⲛⲧⲉ"/>
		<feat xlink:href="#sSpan2330" value="ⲡⲓ"/>
		<feat xlink:href="#sSpan2332" value="ⲣⲱⲙⲓ"/>
		<feat xlink:href="#sSpan2334" value="ⲡⲓ"/>
		<feat xlink:href="#sSpan2338" value="ⲛⲟⲃⲓ"/>
		<feat xlink:href="#sSpan2340" value="ⲛⲉⲙ"/>
		<feat xlink:href="#sSpan2344" value="ⲡⲓ"/>
		<feat xlink:href="#sSpan2347" value="ϫⲉⲟⲩⲁ"/>
		<feat xlink:href="#sSpan2350" value="ⲧⲏⲣ"/>
		<feat xlink:href="#sSpan2354" value="ⲛⲑⲱⲟⲩ"/>
		<feat xlink:href="#sSpan2356" value="ⲉⲧⲉ"/>
		<feat xlink:href="#sSpan2360" value="ⲛⲑⲱⲟⲩ"/>
		<feat xlink:href="#sSpan2362" value="ⲛⲁ"/>
		<feat xlink:href="#sSpan2365" value="ϫⲉⲟⲩⲁ"/>
		<feat xlink:href="#sSpan2368" value="ⲛ"/>
		<feat xlink:href="#sSpan2372" value="ⲛⲑⲱⲟⲩ"/>
		<feat xlink:href="#sSpan2374" value="ⲫⲏ"/>
		<feat xlink:href="#sSpan2381" value="ⲇⲉ"/>
		<feat xlink:href="#sSpan2385" value="ⲉⲧⲉ"/>
		<feat xlink:href="#sSpan2389" value="ⲛⲁ"/>
		<feat xlink:href="#sSpan2392" value="ϫⲉⲟⲩⲁ"/>
		<feat xlink:href="#sSpan2395" value="ⲉ"/>
		<feat xlink:href="#sSpan2399" value="ⲡⲓ"/>
		<feat xlink:href="#sSpan2402" value="ⲡⲛⲉⲩⲙⲁ"/>
		<feat xlink:href="#sSpan2404" value="ⲉⲧⲉ"/>
		<feat xlink:href="#sSpan2408" value="ⲟⲩⲟⲡ"/>
		<feat xlink:href="#sSpan2410" value="ⲙⲙⲟⲛ"/>
		<feat xlink:href="#sSpan2414" value="ⲭⲱ"/>
		<feat xlink:href="#sSpan2418" value="ⲉⲃⲟⲗ"/>
		<feat xlink:href="#sSpan2422" value="ⲛⲧⲉ"/>
		<feat xlink:href="#sSpan2426" value="ⲛⲧⲟϥ"/>
		<feat xlink:href="#sSpan2428" value="ϣⲁ"/>
		<feat xlink:href="#sSpan2432" value="ⲉⲛⲉϩ"/>
		<feat xlink:href="#sSpan2437" value="ⲁⲗⲗⲁ"/>
		<feat xlink:href="#sSpan2441" value="ⲛⲑⲟϥ"/>
		<feat xlink:href="#sSpan2445" value="ⲁⲓⲁⲓ"/>
		<feat xlink:href="#sSpan2447" value="ⲛ"/>
		<feat xlink:href="#sSpan2452" value="ⲉⲛⲟⲭⲟⲥ"/>
		<feat xlink:href="#sSpan2454" value="ⲛ"/>
		<feat xlink:href="#sSpan2458" value="ⲟⲩ"/>
		<feat xlink:href="#sSpan2460" value="ⲛⲟⲃⲓ"/>
		<feat xlink:href="#sSpan2462" value="ⲛ"/>
		<feat xlink:href="#sSpan2466" value="ⲉⲛⲉϩ"/>
		<feat xlink:href="#sSpan2468" value="."/>
		<feat xlink:href="#sSpan2472" value="ϫⲉ"/>
		<feat xlink:href="#sSpan2478" value="ⲛⲁⲣⲉ"/>
		<feat xlink:href="#sSpan2480" value="ⲛⲑⲱⲟⲩ"/>
		<feat xlink:href="#sSpan2482" value="ϫⲱ"/>
		<feat xlink:href="#sSpan2484" value="ⲛ"/>
		<feat xlink:href="#sSpan2488" value="ⲛⲑⲟⲥ"/>
		<feat xlink:href="#sSpan2490" value="ϫⲉ"/>
		<feat xlink:href="#sSpan2494" value="ⲟⲩⲟⲛ"/>
		<feat xlink:href="#sSpan2496" value="ⲟⲩ"/>
		<feat xlink:href="#sSpan2501" value="ⲡⲛⲉⲩⲙⲁ"/>
		<feat xlink:href="#sSpan2503" value="ⲛ"/>
		<feat xlink:href="#sSpan2508" value="ⲁⲕⲁⲑⲁⲣⲧⲟⲛ"/>
		<feat xlink:href="#sSpan2510" value="ⲛⲉⲙ"/>
		<feat xlink:href="#sSpan2514" value="ⲛⲑⲟϥ"/>
		<feat xlink:href="#sSpan2516" value="."/>
		<feat xlink:href="#sSpan2520" value="ⲟⲩⲟϩ"/>
		<feat xlink:href="#sSpan2526" value="ⲁ"/>
		<feat xlink:href="#sSpan2530" value="ⲛⲑⲱⲟⲩ"/>
		<feat xlink:href="#sSpan2532" value="ⲓ"/>
		<feat xlink:href="#sSpan2534" value="ⲛϫⲉ"/>
		<feat xlink:href="#sSpan2538" value="ⲡⲉϥ"/>
		<feat xlink:href="#sSpan2540" value="ⲙⲁⲩ"/>
		<feat xlink:href="#sSpan2542" value="ⲛⲉⲙ"/>
		<feat xlink:href="#sSpan2546" value="ⲡⲉϥ"/>
		<feat xlink:href="#sSpan2548" value="ⲥⲟⲛ"/>
		<feat xlink:href="#sSpan2550" value="ⲟⲩⲟϩ"/>
		<feat xlink:href="#sSpan2554" value="ⲁ"/>
		<feat xlink:href="#sSpan2558" value="ⲛⲑⲱⲟⲩ"/>
		<feat xlink:href="#sSpan2560" value="ⲟϩⲓ"/>
		<feat xlink:href="#sSpan2562" value="ⲉⲣⲁⲧ"/>
		<feat xlink:href="#sSpan2566" value="ⲟⲩ"/>
		<feat xlink:href="#sSpan2568" value="ⲥⲁⲃⲟⲗ"/>
		<feat xlink:href="#sSpan2572" value="ⲟⲩⲟϩ"/>
		<feat xlink:href="#sSpan2576" value="ⲁ"/>
		<feat xlink:href="#sSpan2580" value="ⲛⲑⲱⲟⲩ"/>
		<feat xlink:href="#sSpan2582" value="ⲟⲩⲱⲣⲡ"/>
		<feat xlink:href="#sSpan2584" value="ϩⲁ"/>
		<feat xlink:href="#sSpan2588" value="ⲛⲑⲟϥ"/>
		<feat xlink:href="#sSpan2590" value="ⲉⲣⲉ"/>
		<feat xlink:href="#sSpan2594" value="ⲛⲑⲱⲟⲩ"/>
		<feat xlink:href="#sSpan2596" value="ⲙⲟⲩϯ"/>
		<feat xlink:href="#sSpan2598" value="ⲉ"/>
		<feat xlink:href="#sSpan2602" value="ⲛⲑⲟϥ"/>
		<feat xlink:href="#sSpan2604" value="ⲟⲩⲟϩ"/>
		<feat xlink:href="#sSpan2610" value="ⲛⲁⲣⲉ"/>
		<feat xlink:href="#sSpan2614" value="ⲡⲓ"/>
		<feat xlink:href="#sSpan2616" value="ⲙⲏϣ"/>
		<feat xlink:href="#sSpan2618" value="ϩⲉⲙⲥⲓ"/>
		<feat xlink:href="#sSpan2622" value="ⲛ"/>
		<feat xlink:href="#sSpan2626" value="ⲡⲉϥ"/>
		<feat xlink:href="#sSpan2628" value="ⲕⲱϯ"/>
		<feat xlink:href="#sSpan2630" value="ⲟⲩⲟϩ"/>
		<feat xlink:href="#sSpan2634" value="ⲡⲉϫⲉ"/>
		<feat xlink:href="#sSpan2638" value="ⲛⲑⲱⲟⲩ"/>
		<feat xlink:href="#sSpan2640" value="ⲛⲁ"/>
		<feat xlink:href="#sSpan2644" value="ⲛⲑⲟϥ"/>
		<feat xlink:href="#sSpan2646" value="ϫⲉ"/>
		<feat xlink:href="#sSpan2650" value="ⲓⲥ"/>
		<feat xlink:href="#sSpan2652" value="ⲡⲉⲕ"/>
		<feat xlink:href="#sSpan2656" value="ⲙⲁⲩ"/>
		<feat xlink:href="#sSpan2658" value="ⲛⲉⲙ"/>
		<feat xlink:href="#sSpan2662" value="ⲡⲉⲕ"/>
		<feat xlink:href="#sSpan2664" value="ⲥⲟⲛ"/>
		<feat xlink:href="#sSpan2666" value="ⲥⲁⲃⲟⲗ"/>
		<feat xlink:href="#sSpan2670" value="ⲉⲣⲉ"/>
		<feat xlink:href="#sSpan2674" value="ⲛⲑⲱⲟⲩ"/>
		<feat xlink:href="#sSpan2676" value="ⲕⲱϯ"/>
		<feat xlink:href="#sSpan2678" value="ⲛⲥⲁ"/>
		<feat xlink:href="#sSpan2682" value="ⲛⲑⲟⲕ"/>
		<feat xlink:href="#sSpan2684" value="ⲟⲩⲟϩ"/>
		<feat xlink:href="#sSpan2690" value="ⲉⲧ"/>
		<feat xlink:href="#sSpan2694" value="ⲁ"/>
		<feat xlink:href="#sSpan2696" value="ⲛⲑⲟϥ"/>
		<feat xlink:href="#sSpan2699" value="ⲉⲣⲟⲩⲱ"/>
		<feat xlink:href="#sSpan2702" value="ⲛⲱ"/>
		<feat xlink:href="#sSpan2706" value="ⲛⲑⲱⲟⲩ"/>
		<feat xlink:href="#sSpan2708" value="ⲡⲉϫⲉ"/>
		<feat xlink:href="#sSpan2712" value="ⲛⲑⲟϥ"/>
		<feat xlink:href="#sSpan2714" value="ϫⲉ"/>
		<feat xlink:href="#sSpan2718" value="ⲓⲥ"/>
		<feat xlink:href="#sSpan2720" value="ⲫⲁ"/>
		<feat xlink:href="#sSpan2724" value="ⲙⲁⲩ"/>
		<feat xlink:href="#sSpan2726" value="ⲛⲉⲙ"/>
		<feat xlink:href="#sSpan2730" value="ⲡⲁ"/>
		<feat xlink:href="#sSpan2732" value="ⲥⲟⲛ"/>
		<feat xlink:href="#sSpan2734" value="ⲟⲩⲟϩ"/>
		<feat xlink:href="#sSpan2740" value="ⲉⲧ"/>
		<feat xlink:href="#sSpan2744" value="ⲁ"/>
		<feat xlink:href="#sSpan2746" value="ⲛⲑⲟϥ"/>
		<feat xlink:href="#sSpan2748" value="ϫⲟⲩϣⲧ"/>
		<feat xlink:href="#sSpan2750" value="ⲉ"/>
		<feat xlink:href="#sSpan2754" value="ⲡⲏ"/>
		<feat xlink:href="#sSpan2756" value="ⲉⲧⲉ"/>
		<feat xlink:href="#sSpan2760" value="ϩⲉⲙⲥⲓ"/>
		<feat xlink:href="#sSpan2762" value="ⲛ"/>
		<feat xlink:href="#sSpan2766" value="ⲡⲉϥ"/>
		<feat xlink:href="#sSpan2768" value="ⲕⲱϯ"/>
		<feat xlink:href="#sSpan2770" value="ⲡⲉϫⲉ"/>
		<feat xlink:href="#sSpan2774" value="ⲛⲑⲟϥ"/>
		<feat xlink:href="#sSpan2776" value="ϫⲉ"/>
		<feat xlink:href="#sSpan2780" value="ⲓⲥ"/>
		<feat xlink:href="#sSpan2782" value="ⲫⲁ"/>
		<feat xlink:href="#sSpan2786" value="ⲙⲁⲩ"/>
		<feat xlink:href="#sSpan2788" value="ⲛⲉⲙ"/>
		<feat xlink:href="#sSpan2792" value="ⲡⲁ"/>
		<feat xlink:href="#sSpan2794" value="ⲥⲟⲛ"/>
		<feat xlink:href="#sSpan2796" value="."/>
		<feat xlink:href="#sSpan2800" value="ⲫⲏ"/>
		<feat xlink:href="#sSpan2806" value="ⲉⲧⲉ"/>
		<feat xlink:href="#sSpan2810" value="ⲛⲁ"/>
		<feat xlink:href="#sSpan2812" value="ⲓⲣⲓ"/>
		<feat xlink:href="#sSpan2814" value="ⲛ"/>
		<feat xlink:href="#sSpan2818" value="ⲡ"/>
		<feat xlink:href="#sSpan2820" value="ⲉⲧⲉ"/>
		<feat xlink:href="#sSpan2822" value="ϩⲛⲉ"/>
		<feat xlink:href="#sSpan2824" value="ⲡ"/>
		<feat xlink:href="#sSpan2826" value="ⲛⲟⲩϯ"/>
		<feat xlink:href="#sSpan2828" value="ⲫⲁⲓ"/>
		<feat xlink:href="#sSpan2832" value="ⲡⲉ"/>
		<feat xlink:href="#sSpan2836" value="ⲡⲁ"/>
		<feat xlink:href="#sSpan2840" value="ⲥⲟⲛ"/>
		<feat xlink:href="#sSpan2842" value="ⲛⲉⲙ"/>
		<feat xlink:href="#sSpan2846" value="ⲡⲁ"/>
		<feat xlink:href="#sSpan2848" value="ⲥⲱⲛⲓ"/>
		<feat xlink:href="#sSpan2850" value="ⲛⲉⲙ"/>
		<feat xlink:href="#sSpan2854" value="ⲡⲁ"/>
		<feat xlink:href="#sSpan2856" value="ⲙⲁⲩ"/>
		<feat xlink:href="#sSpan2858" value="."/></featList></paula>