<?xml version='1.0' encoding='UTF-8'?><!DOCTYPE paula SYSTEM "paula_feat.dtd">
<paula version="1.1">
	<header paula_id="scriptorium.bohairic.Mark_03.mark_norm_group"/>
	<featList xmlns:xlink="http://www.w3.org/1999/xlink" type="norm_group" xml:base="scriptorium.bohairic.Mark_03.mark.xml">
		<feat xlink:href="#sSpan3" value="ⲟⲩⲟϩ"/>
		<feat xlink:href="#sSpan9" value="ⲁϥⲓ"/>
		<feat xlink:href="#sSpan17" value="ⲟⲛ"/>
		<feat xlink:href="#sSpan21" value="ⲉϧⲟⲩⲛ"/>
		<feat xlink:href="#sSpan25" value="ⲉⲧⲟⲩⲥⲩⲛⲁⲅⲱⲅⲏ"/>
		<feat xlink:href="#sSpan34" value="ⲟⲩⲟϩ"/>
		<feat xlink:href="#sSpan38" value="ⲛⲉⲟⲩⲟⲛ"/>
		<feat xlink:href="#sSpan44" value="ⲟⲩⲣⲱⲙⲓ"/>
		<feat xlink:href="#sSpan50" value="ⲙⲙⲁⲩ"/>
		<feat xlink:href="#sSpan54" value="ⲡⲉ"/>
		<feat xlink:href="#sSpan58" value="ⲉⲣⲉⲧⲉϥϫⲓϫ"/>
		<feat xlink:href="#sSpan66" value="ϣⲟⲩⲱⲟⲩ"/>
		<feat xlink:href="#sSpan70" value="ⲟⲩⲟϩ"/>
		<feat xlink:href="#sSpan76" value="ⲛⲁⲩϯ"/>
		<feat xlink:href="#sSpan84" value="ⲛϩⲑⲏⲟⲩ"/>
		<feat xlink:href="#sSpan92" value="ⲛⲁϥ"/>
		<feat xlink:href="#sSpan98" value="ⲡⲉ"/>
		<feat xlink:href="#sSpan102" value="ϫⲉ"/>
		<feat xlink:href="#sSpan106" value="ⲁⲛ"/>
		<feat xlink:href="#sSpan110" value="ϥⲛⲁⲉⲣⲫⲁϧⲣⲓ"/>
		<feat xlink:href="#sSpan120" value="ⲉⲣⲟϥ"/>
		<feat xlink:href="#sSpan126" value="ϧⲉⲛⲛⲓⲥⲁⲃⲃⲁⲧⲟⲛ"/>
		<feat xlink:href="#sSpan136" value="ϩⲓⲛⲁ"/>
		<feat xlink:href="#sSpan140" value="ⲛⲧⲟⲩⲉⲣⲕⲁⲧⲏⲅⲟⲣⲓⲛ"/>
		<feat xlink:href="#sSpan151" value="ⲉⲣⲟϥ"/>
		<feat xlink:href="#sSpan157" value="ⲟⲩⲟϩ"/>
		<feat xlink:href="#sSpan163" value="ⲡⲉϫⲁϥ"/>
		<feat xlink:href="#sSpan169" value="ⲙⲡⲓⲣⲱⲙⲓ"/>
		<feat xlink:href="#sSpan177" value="ⲉⲣⲉⲧⲉϥϫⲓϫ"/>
		<feat xlink:href="#sSpan185" value="ϣⲟⲩⲱⲟⲩ"/>
		<feat xlink:href="#sSpan189" value="ϫⲉ"/>
		<feat xlink:href="#sSpan193" value="ⲧⲱⲛⲕ"/>
		<feat xlink:href="#sSpan199" value="ϧⲉⲛⲑⲙⲏϯ"/>
		<feat xlink:href="#sSpan207" value="."/>
		<feat xlink:href="#sSpan211" value="ⲟⲩⲟϩ"/>
		<feat xlink:href="#sSpan217" value="ⲡⲉϫⲁϥ"/>
		<feat xlink:href="#sSpan223" value="ⲛⲱⲟⲩ"/>
		<feat xlink:href="#sSpan229" value="ϫⲉ"/>
		<feat xlink:href="#sSpan233" value="ⲥϣⲉ"/>
		<feat xlink:href="#sSpan237" value="ⲉⲉⲣⲡⲉⲑⲛⲁⲛⲉϥ"/>
		<feat xlink:href="#sSpan251" value="ϧⲉⲛⲛⲓⲥⲁⲃⲃⲁⲧⲟⲛ"/>
		<feat xlink:href="#sSpan260" value="ϣⲁⲛ"/>
		<feat xlink:href="#sSpan264" value="ⲉⲉⲣⲡⲉⲧϩⲱⲟⲩ"/>
		<feat xlink:href="#sSpan276" value="ⲟⲩⲯⲩⲭⲏ"/>
		<feat xlink:href="#sSpan283" value="ⲉⲛⲁϩⲙⲉⲥ"/>
		<feat xlink:href="#sSpan291" value="ϣⲁⲛ"/>
		<feat xlink:href="#sSpan295" value="ⲉϧⲟⲑⲃⲉⲥ"/>
		<feat xlink:href="#sSpan303" value="ⲛⲑⲱⲟⲩ"/>
		<feat xlink:href="#sSpan308" value="ⲇⲉ"/>
		<feat xlink:href="#sSpan312" value="ⲁⲩⲭⲁⲣⲱⲟⲩ"/>
		<feat xlink:href="#sSpan325" value="ⲟⲩⲟϩ"/>
		<feat xlink:href="#sSpan331" value="ⲉⲧⲁϥϫⲟⲩϣⲧ"/>
		<feat xlink:href="#sSpan341" value="ⲉⲣⲱⲟⲩ"/>
		<feat xlink:href="#sSpan347" value="ϧⲉⲛⲟⲩⲙⲃⲟⲛ"/>
		<feat xlink:href="#sSpan355" value="ⲉϥⲙⲟⲕϩ"/>
		<feat xlink:href="#sSpan363" value="ⲛϩⲏⲧ"/>
		<feat xlink:href="#sSpan369" value="ⲉϩⲣⲏⲓ"/>
		<feat xlink:href="#sSpan373" value="ⲉϫⲉⲛⲡⲓⲑⲱⲙ"/>
		<feat xlink:href="#sSpan381" value="ⲛⲧⲉⲡⲟⲩϩⲏⲧ"/>
		<feat xlink:href="#sSpan389" value="ⲡⲉϫⲁϥ"/>
		<feat xlink:href="#sSpan395" value="ⲙⲡⲓⲣⲱⲙⲓ"/>
		<feat xlink:href="#sSpan403" value="ϫⲉ"/>
		<feat xlink:href="#sSpan407" value="ⲥⲟⲩⲧⲉⲛⲧⲉⲕϫⲓϫ"/>
		<feat xlink:href="#sSpan415" value="ⲉⲃⲟⲗ"/>
		<feat xlink:href="#sSpan419" value="ⲟⲩⲟϩ"/>
		<feat xlink:href="#sSpan423" value="ⲉⲧⲁϥⲥⲟⲩⲧⲱⲛⲥ"/>
		<feat xlink:href="#sSpan435" value="ⲁⲥⲟⲩϫⲁⲓ"/>
		<feat xlink:href="#sSpan443" value="ⲛϫⲉⲧⲉϥϫⲓϫ"/>
		<feat xlink:href="#sSpan451" value="."/>
		<feat xlink:href="#sSpan455" value="ⲟⲩⲟϩ"/>
		<feat xlink:href="#sSpan461" value="ⲉⲧⲁⲩⲓ"/>
		<feat xlink:href="#sSpan471" value="ⲉⲃⲟⲗ"/>
		<feat xlink:href="#sSpan475" value="ⲥⲁⲧⲟⲧⲟⲩ"/>
		<feat xlink:href="#sSpan481" value="ⲛϫⲉⲛⲓⲁⲣⲭⲓⲉⲣⲉⲩⲥ"/>
		<feat xlink:href="#sSpan490" value="ⲁⲩⲓⲣⲓ"/>
		<feat xlink:href="#sSpan498" value="ⲛⲟⲩⲥⲟϭⲛⲓ"/>
		<feat xlink:href="#sSpan506" value="ⲛⲉⲙⲛⲓⲏⲣⲱⲇⲓⲁⲛⲟⲥ"/>
		<feat xlink:href="#sSpan515" value="ϧⲁⲣⲟϥ"/>
		<feat xlink:href="#sSpan522" value="ϩⲓⲛⲁ"/>
		<feat xlink:href="#sSpan526" value="ⲛⲧⲟⲩⲧⲁⲕⲟϥ"/>
		<feat xlink:href="#sSpan537" value="ⲓⲏⲥⲟⲩⲥ"/>
		<feat xlink:href="#sSpan544" value="ⲇⲉ"/>
		<feat xlink:href="#sSpan548" value="ⲛⲉⲙⲛⲉϥⲙⲁⲑⲏⲧⲏⲥ"/>
		<feat xlink:href="#sSpan557" value="ⲁⲩⲉⲣⲁⲛⲁⲭⲱⲣⲓⲛ"/>
		<feat xlink:href="#sSpan568" value="ⲉⲡⲧⲱⲟⲩ"/>
		<feat xlink:href="#sSpan576" value="ⲟⲩⲟϩ"/>
		<feat xlink:href="#sSpan580" value="ⲟⲩⲙⲏϣ"/>
		<feat xlink:href="#sSpan586" value="ⲉϥⲟϣ"/>
		<feat xlink:href="#sSpan594" value="ⲛⲧⲉϯⲅⲁⲗⲓⲗⲉⲁ"/>
		<feat xlink:href="#sSpan603" value="ⲛⲉⲙϯⲓⲟⲩⲇⲉⲁ"/>
		<feat xlink:href="#sSpan612" value="ⲛⲉⲙⲓⲉⲣⲟⲥⲁⲗⲏⲙ"/>
		<feat xlink:href="#sSpan621" value="ⲛⲉⲙϯϩⲩⲇⲟⲩⲙⲉⲁ"/>
		<feat xlink:href="#sSpan630" value="ⲛⲉⲙϩⲓⲙⲏⲣ"/>
		<feat xlink:href="#sSpan638" value="ⲙⲡⲓⲓⲟⲣⲇⲁⲛⲏⲥ"/>
		<feat xlink:href="#sSpan647" value="ⲛⲉⲙⲕⲉⲙⲏϣ"/>
		<feat xlink:href="#sSpan655" value="ⲉϥⲟϣ"/>
		<feat xlink:href="#sSpan663" value="ⲉⲃⲟⲗ"/>
		<feat xlink:href="#sSpan667" value="ϧⲉⲛⲛⲁⲧⲩⲣⲟⲥ"/>
		<feat xlink:href="#sSpan676" value="ⲛⲉⲙⲧⲥⲓⲇⲱⲛ"/>
		<feat xlink:href="#sSpan685" value="ⲉⲩⲥⲱⲧⲉⲙ"/>
		<feat xlink:href="#sSpan693" value="ⲉⲛⲏ"/>
		<feat xlink:href="#sSpan699" value="ⲉⲛⲁϥⲓⲣⲓ"/>
		<feat xlink:href="#sSpan709" value="ⲙⲙⲱⲟⲩ"/>
		<feat xlink:href="#sSpan715" value="ⲁⲩⲓ"/>
		<feat xlink:href="#sSpan723" value="ϩⲁⲣⲟϥ"/>
		<feat xlink:href="#sSpan729" value="ⲟⲩⲟϩ"/>
		<feat xlink:href="#sSpan735" value="ⲁϥϫⲟⲥ"/>
		<feat xlink:href="#sSpan745" value="ⲛⲛⲉϥⲙⲁⲑⲏⲧⲏⲥ"/>
		<feat xlink:href="#sSpan755" value="ϩⲓⲛⲁ"/>
		<feat xlink:href="#sSpan759" value="ⲛⲧⲉⲟⲩϫⲟⲓ"/>
		<feat xlink:href="#sSpan767" value="ⲙⲟⲩⲛ"/>
		<feat xlink:href="#sSpan771" value="ⲉⲣⲟϥ"/>
		<feat xlink:href="#sSpan777" value="ⲉⲑⲃⲉⲡⲓⲙⲏϣ"/>
		<feat xlink:href="#sSpan786" value="ϩⲓⲛⲁ"/>
		<feat xlink:href="#sSpan790" value="ⲛⲧⲟⲩϣⲧⲉⲙϩⲉϫϩⲱϫϥ"/>
		<feat xlink:href="#sSpan802" value="ϩⲁⲛⲙⲏϣ"/>
		<feat xlink:href="#sSpan811" value="ⲅⲁⲣ"/>
		<feat xlink:href="#sSpan815" value="ⲛⲁϥⲉⲣⲫⲁϧⲣⲓ"/>
		<feat xlink:href="#sSpan825" value="ⲉⲣⲱⲟⲩ"/>
		<feat xlink:href="#sSpan832" value="ϩⲱⲥⲧⲉ"/>
		<feat xlink:href="#sSpan836" value="ⲛⲧⲟⲩⲓ"/>
		<feat xlink:href="#sSpan844" value="ⲉϫⲱϥ"/>
		<feat xlink:href="#sSpan850" value="ⲛⲧⲟⲩϭⲓ"/>
		<feat xlink:href="#sSpan858" value="ⲛⲉⲙⲁϥ"/>
		<feat xlink:href="#sSpan864" value="ⲛϫⲉⲟⲩⲟⲛ"/>
		<feat xlink:href="#sSpan870" value="ⲛⲓⲃⲉⲛ"/>
		<feat xlink:href="#sSpan874" value="ⲉⲛⲁⲣⲉϩⲁⲛⲙⲁⲥⲧⲓⲅⲝ"/>
		<feat xlink:href="#sSpan885" value="ⲛⲉⲙⲱⲟⲩ"/>
		<feat xlink:href="#sSpan891" value="ⲟⲩⲟϩ"/>
		<feat xlink:href="#sSpan897" value="ⲛⲓⲡⲛⲉⲩⲙⲁ"/>
		<feat xlink:href="#sSpan904" value="ⲛⲁⲕⲁⲑⲁⲣⲧⲟⲛ"/>
		<feat xlink:href="#sSpan911" value="ⲉϣⲱⲡ"/>
		<feat xlink:href="#sSpan915" value="ⲛⲧⲟⲩⲛⲁⲩ"/>
		<feat xlink:href="#sSpan923" value="ⲉⲣⲟϥ"/>
		<feat xlink:href="#sSpan929" value="ϣⲁⲩϩⲓⲧⲟⲩ"/>
		<feat xlink:href="#sSpan939" value="ⲉϧⲣⲏⲓ"/>
		<feat xlink:href="#sSpan943" value="ϧⲁⲣⲁⲧϥ"/>
		<feat xlink:href="#sSpan949" value="ⲟⲩⲟϩ"/>
		<feat xlink:href="#sSpan953" value="ⲛⲁⲩⲱϣ"/>
		<feat xlink:href="#sSpan962" value="ⲉⲃⲟⲗ"/>
		<feat xlink:href="#sSpan966" value="ⲉⲩϫⲱ"/>
		<feat xlink:href="#sSpan974" value="ⲙⲙⲟⲥ"/>
		<feat xlink:href="#sSpan980" value="ϫⲉ"/>
		<feat xlink:href="#sSpan984" value="ⲛⲑⲟⲕ"/>
		<feat xlink:href="#sSpan988" value="ⲡⲉ"/>
		<feat xlink:href="#sSpan992" value="ⲡϣⲏⲣⲓ"/>
		<feat xlink:href="#sSpan998" value="ⲙⲫⲛⲟⲩϯ"/>
		<feat xlink:href="#sSpan1006" value="ⲟⲩⲟϩ"/>
		<feat xlink:href="#sSpan1012" value="ⲛⲁϥⲉⲣⲉⲡⲓⲧⲓⲙⲁⲛ"/>
		<feat xlink:href="#sSpan1023" value="ⲛⲱⲟⲩ"/>
		<feat xlink:href="#sSpan1029" value="ⲛⲟⲩⲙⲏϣ"/>
		<feat xlink:href="#sSpan1038" value="ϩⲓⲛⲁ"/>
		<feat xlink:href="#sSpan1042" value="ⲛⲥⲉϣⲧⲉⲙⲟⲩⲟⲛϩϥ"/>
		<feat xlink:href="#sSpan1054" value="ⲉⲃⲟⲗ"/>
		<feat xlink:href="#sSpan1058" value="."/>
		<feat xlink:href="#sSpan1062" value="ⲟⲩⲟϩ"/>
		<feat xlink:href="#sSpan1068" value="ⲁϥϣⲉ"/>
		<feat xlink:href="#sSpan1076" value="ⲛⲁϥ"/>
		<feat xlink:href="#sSpan1082" value="ⲉϩⲣⲏⲓ"/>
		<feat xlink:href="#sSpan1086" value="ⲉϫⲉⲛⲡⲓⲧⲱⲟⲩ"/>
		<feat xlink:href="#sSpan1094" value="ⲟⲩⲟϩ"/>
		<feat xlink:href="#sSpan1098" value="ⲁϥⲙⲟⲩϯ"/>
		<feat xlink:href="#sSpan1106" value="ⲉⲛⲏ"/>
		<feat xlink:href="#sSpan1112" value="ⲉⲛⲁϥⲟⲩⲁϣⲟⲩ"/>
		<feat xlink:href="#sSpan1124" value="ⲛⲑⲟϥ"/>
		<feat xlink:href="#sSpan1128" value="ⲟⲩⲟϩ"/>
		<feat xlink:href="#sSpan1132" value="ⲁⲩϣⲉ"/>
		<feat xlink:href="#sSpan1140" value="ⲛⲱⲟⲩ"/>
		<feat xlink:href="#sSpan1146" value="ϩⲁⲣⲟϥ"/>
		<feat xlink:href="#sSpan1152" value="ⲟⲩⲟϩ"/>
		<feat xlink:href="#sSpan1158" value="ⲁϥⲑⲁⲙⲓⲉⲓⲃ"/>
		<feat xlink:href="#sSpan1168" value="ⲛⲏ"/>
		<feat xlink:href="#sSpan1172" value="ⲉⲧⲁϥϯⲣⲉⲛⲟⲩ"/>
		<feat xlink:href="#sSpan1187" value="ϫⲉⲛⲓⲁⲡⲟⲥⲧⲟⲗⲟⲥ"/>
		<feat xlink:href="#sSpan1197" value="ϩⲓⲛⲁ"/>
		<feat xlink:href="#sSpan1201" value="ⲛⲧⲟⲩⲟϩⲓ"/>
		<feat xlink:href="#sSpan1209" value="ⲛⲉⲙⲁϥ"/>
		<feat xlink:href="#sSpan1215" value="ⲟⲩⲟϩ"/>
		<feat xlink:href="#sSpan1220" value="ϩⲓⲛⲁ"/>
		<feat xlink:href="#sSpan1224" value="ⲛⲧⲉϥⲟⲩⲟⲣⲡⲟⲩ"/>
		<feat xlink:href="#sSpan1234" value="ⲉϩⲓⲱⲓϣ"/>
		<feat xlink:href="#sSpan1242" value="ⲟⲩⲟϩ"/>
		<feat xlink:href="#sSpan1248" value="ⲉⲑⲣⲉⲡⲉⲣϣⲓϣⲓ"/>
		<feat xlink:href="#sSpan1260" value="ϣⲱⲡⲓ"/>
		<feat xlink:href="#sSpan1264" value="ⲛⲧⲟⲧⲟⲩ"/>
		<feat xlink:href="#sSpan1270" value="ⲉϩⲓⲇⲁⲓⲙⲱⲛ"/>
		<feat xlink:href="#sSpan1279" value="ⲉⲃⲟⲗ"/>
		<feat xlink:href="#sSpan1283" value="ⲟⲩⲟϩ"/>
		<feat xlink:href="#sSpan1289" value="ⲁϥϯ"/>
		<feat xlink:href="#sSpan1297" value="ⲛⲟⲩⲣⲁⲛ"/>
		<feat xlink:href="#sSpan1305" value="ⲉⲥⲓⲙⲱⲛ"/>
		<feat xlink:href="#sSpan1312" value="ϫⲉⲡⲉⲧⲣⲟⲥ"/>
		<feat xlink:href="#sSpan1319" value="."/>
		<feat xlink:href="#sSpan1323" value="ⲟⲩⲟϩ"/>
		<feat xlink:href="#sSpan1330" value="ⲓⲁⲕⲱⲃⲟⲥ"/>
		<feat xlink:href="#sSpan1334" value="ⲡϣⲏⲣⲓ"/>
		<feat xlink:href="#sSpan1340" value="ⲛⲍⲉⲃⲉⲇⲉⲟⲥ"/>
		<feat xlink:href="#sSpan1347" value="ⲛⲉⲙⲓⲱⲁⲛⲛⲏⲥ"/>
		<feat xlink:href="#sSpan1354" value="ⲡⲥⲟⲛ"/>
		<feat xlink:href="#sSpan1360" value="ⲛⲓⲁⲕⲱⲃⲟⲥ"/>
		<feat xlink:href="#sSpan1367" value="ⲟⲩⲟϩ"/>
		<feat xlink:href="#sSpan1371" value="ⲁϥϯ"/>
		<feat xlink:href="#sSpan1379" value="ⲛϩⲁⲛⲣⲁⲛ"/>
		<feat xlink:href="#sSpan1387" value="ⲉⲣⲱⲟⲩ"/>
		<feat xlink:href="#sSpan1393" value="ϫⲉⲃⲟⲁⲛⲏⲣⲅⲉⲥ"/>
		<feat xlink:href="#sSpan1400" value="ⲉⲧⲉⲫⲁⲓ"/>
		<feat xlink:href="#sSpan1406" value="ⲡⲉ"/>
		<feat xlink:href="#sSpan1410" value="ϫⲉⲛⲓϣⲏⲣⲓ"/>
		<feat xlink:href="#sSpan1418" value="ⲛⲧⲉϯϧⲁⲣⲁⲃⲁⲓ"/>
		<feat xlink:href="#sSpan1426" value="."/>
		<feat xlink:href="#sSpan1431" value="ⲁⲛⲇⲣⲉⲁⲥ"/>
		<feat xlink:href="#sSpan1437" value="ⲛⲉⲙⲫⲓⲗⲓⲡⲡⲟⲥ"/>
		<feat xlink:href="#sSpan1445" value="ⲃⲁⲣⲑⲟⲗⲟⲙⲉⲟⲥ"/>
		<feat xlink:href="#sSpan1449" value="ⲛⲉⲙⲙⲁⲧⲑⲉⲟⲥ"/>
		<feat xlink:href="#sSpan1456" value="ⲛⲉⲙⲑⲱⲙⲁⲥ"/>
		<feat xlink:href="#sSpan1463" value="ⲛⲉⲙⲓⲁⲕⲱⲃⲟⲥ"/>
		<feat xlink:href="#sSpan1470" value="ⲛⲧⲉⲁⲗⲫⲉⲟⲥ"/>
		<feat xlink:href="#sSpan1477" value="ⲛⲉⲙⲑⲁⲇⲇⲉⲟⲥ"/>
		<feat xlink:href="#sSpan1484" value="ⲛⲉⲙⲥⲓⲙⲱⲛ"/>
		<feat xlink:href="#sSpan1491" value="ⲡⲓⲕⲁⲛⲁⲛⲉⲟⲥ"/>
		<feat xlink:href="#sSpan1498" value="ⲛⲉⲙⲓⲟⲩⲇⲁⲥ"/>
		<feat xlink:href="#sSpan1507" value="ⲡⲓⲥⲕⲁⲣⲓⲱⲧⲏⲥ"/>
		<feat xlink:href="#sSpan1514" value="ⲫⲏ"/>
		<feat xlink:href="#sSpan1518" value="ⲉⲧⲁϥⲧⲏⲓϥ"/>
		<feat xlink:href="#sSpan1530" value="ⲟⲩⲟϩ"/>
		<feat xlink:href="#sSpan1536" value="ⲁϥⲓ"/>
		<feat xlink:href="#sSpan1544" value="ⲉϧⲟⲩⲛ"/>
		<feat xlink:href="#sSpan1548" value="ⲉⲟⲩⲏⲓ"/>
		<feat xlink:href="#sSpan1556" value="ⲟⲩⲟϩ"/>
		<feat xlink:href="#sSpan1560" value="ⲁϥⲑⲱⲟⲩϯ"/>
		<feat xlink:href="#sSpan1568" value="ⲟⲛ"/>
		<feat xlink:href="#sSpan1572" value="ⲛϫⲉⲡⲓⲙⲏϣ"/>
		<feat xlink:href="#sSpan1581" value="ϩⲱⲥⲧⲉ"/>
		<feat xlink:href="#sSpan1585" value="ⲛⲧⲟⲩϣⲧⲉⲙϣϫⲉⲙϫⲟⲙ"/>
		<feat xlink:href="#sSpan1598" value="ⲟⲩⲇⲉ"/>
		<feat xlink:href="#sSpan1602" value="ⲉⲟⲩⲉⲙⲱⲓⲕ"/>
		<feat xlink:href="#sSpan1610" value="ⲟⲩⲟϩ"/>
		<feat xlink:href="#sSpan1616" value="ⲉⲧⲁⲩⲥⲱⲧⲉⲙ"/>
		<feat xlink:href="#sSpan1626" value="ⲛϫⲉⲛⲏ"/>
		<feat xlink:href="#sSpan1632" value="ⲉⲧⲉⲛⲟⲩϥ"/>
		<feat xlink:href="#sSpan1638" value="ⲁⲩⲓ"/>
		<feat xlink:href="#sSpan1646" value="ⲉⲃⲟⲗ"/>
		<feat xlink:href="#sSpan1650" value="ⲉⲁⲙⲟⲛⲓ"/>
		<feat xlink:href="#sSpan1656" value="ⲙⲙⲟϥ"/>
		<feat xlink:href="#sSpan1662" value="ⲛⲁⲩϫⲱ"/>
		<feat xlink:href="#sSpan1671" value="ⲅⲁⲣ"/>
		<feat xlink:href="#sSpan1675" value="ⲙⲙⲟⲥ"/>
		<feat xlink:href="#sSpan1681" value="ⲡⲉ"/>
		<feat xlink:href="#sSpan1685" value="ϫⲉⲁⲡⲉϥϩⲏⲧ"/>
		<feat xlink:href="#sSpan1695" value="ⲥⲓϩⲓ"/>
		<feat xlink:href="#sSpan1699" value="."/>
		<feat xlink:href="#sSpan1703" value="ⲟⲩⲟϩ"/>
		<feat xlink:href="#sSpan1709" value="ⲛⲁⲣⲉⲛⲓⲥⲁϧ"/>
		<feat xlink:href="#sSpan1717" value="ⲉⲧⲁⲩⲓ"/>
		<feat xlink:href="#sSpan1727" value="ⲉⲃⲟⲗ"/>
		<feat xlink:href="#sSpan1731" value="ϧⲉⲛⲓⲉⲣⲟⲥⲁⲗⲏⲙ"/>
		<feat xlink:href="#sSpan1738" value="ⲛⲁⲩϫⲱ"/>
		<feat xlink:href="#sSpan1746" value="ⲙⲙⲟⲥ"/>
		<feat xlink:href="#sSpan1752" value="ϫⲉⲃⲉⲗⲍⲉⲃⲟⲩⲗ"/>
		<feat xlink:href="#sSpan1759" value="ⲉⲑⲛⲉⲙⲁϥ"/>
		<feat xlink:href="#sSpan1767" value="ⲟⲩⲟϩ"/>
		<feat xlink:href="#sSpan1771" value="ϫⲉϧⲉⲛⲡⲁⲣⲭⲱⲛ"/>
		<feat xlink:href="#sSpan1782" value="ⲛⲧⲉⲛⲓⲇⲁⲓⲙⲱⲛ"/>
		<feat xlink:href="#sSpan1791" value="ⲁϥϩⲓⲟⲩⲓ"/>
		<feat xlink:href="#sSpan1799" value="ⲛⲛⲓⲇⲁⲓⲙⲱⲛ"/>
		<feat xlink:href="#sSpan1808" value="ⲉⲃⲟⲗ"/>
		<feat xlink:href="#sSpan1812" value="ⲟⲩⲟϩ"/>
		<feat xlink:href="#sSpan1818" value="ⲁϥⲙⲟⲩϯ"/>
		<feat xlink:href="#sSpan1826" value="ⲉⲣⲱⲟⲩ"/>
		<feat xlink:href="#sSpan1832" value="ⲛⲁϥϫⲱ"/>
		<feat xlink:href="#sSpan1840" value="ⲙⲙⲟⲥ"/>
		<feat xlink:href="#sSpan1846" value="ⲛⲱⲟⲩ"/>
		<feat xlink:href="#sSpan1852" value="ϧⲉⲛϩⲁⲛⲡⲁⲣⲁⲃⲟⲗⲏ"/>
		<feat xlink:href="#sSpan1861" value="ϫⲉⲡⲱⲥ"/>
		<feat xlink:href="#sSpan1868" value="ⲟⲩⲟⲛ"/>
		<feat xlink:href="#sSpan1873" value="ϣϫⲟⲙ"/>
		<feat xlink:href="#sSpan1878" value="ⲛⲧⲉⲡⲥⲁⲧⲁⲛⲁⲥ"/>
		<feat xlink:href="#sSpan1887" value="ϩⲓⲡⲥⲁⲧⲁⲛⲁⲥ"/>
		<feat xlink:href="#sSpan1896" value="ⲉⲃⲟⲗ"/>
		<feat xlink:href="#sSpan1900" value="ⲟⲩⲟϩ"/>
		<feat xlink:href="#sSpan1906" value="ⲉϣⲱⲡ"/>
		<feat xlink:href="#sSpan1910" value="ⲛⲧⲉⲟⲩⲙⲉⲧⲟⲩⲣⲟ"/>
		<feat xlink:href="#sSpan1920" value="ⲫⲱϣ"/>
		<feat xlink:href="#sSpan1924" value="ⲉϩⲣⲁⲥ"/>
		<feat xlink:href="#sSpan1930" value="ⲙⲙⲟⲛ"/>
		<feat xlink:href="#sSpan1935" value="ϣϫⲟⲙ"/>
		<feat xlink:href="#sSpan1940" value="ⲛⲧⲉⲥ"/>
		<feat xlink:href="#sSpan1946" value="ⲟϩⲓ"/>
		<feat xlink:href="#sSpan1950" value="ⲉⲣⲁⲧⲥ"/>
		<feat xlink:href="#sSpan1956" value="ⲛϫⲉϯⲙⲉⲧⲟⲩⲣⲟ"/>
		<feat xlink:href="#sSpan1966" value="ⲉⲧⲉⲙⲙⲁⲩ"/>
		<feat xlink:href="#sSpan1972" value="."/>
		<feat xlink:href="#sSpan1976" value="ⲟⲩⲟϩ"/>
		<feat xlink:href="#sSpan1982" value="ⲉϣⲱⲡ"/>
		<feat xlink:href="#sSpan1986" value="ⲛⲧⲉⲟⲩⲏⲓ"/>
		<feat xlink:href="#sSpan1994" value="ⲫⲱϣ"/>
		<feat xlink:href="#sSpan1998" value="ⲉϩⲣⲁϥ"/>
		<feat xlink:href="#sSpan2004" value="ⲙⲙⲟⲛ"/>
		<feat xlink:href="#sSpan2009" value="ϣϫⲟⲙ"/>
		<feat xlink:href="#sSpan2014" value="ⲛⲧⲉϥ"/>
		<feat xlink:href="#sSpan2020" value="ⲟϩⲓ"/>
		<feat xlink:href="#sSpan2024" value="ⲉⲣⲁⲧϥ"/>
		<feat xlink:href="#sSpan2030" value="ⲛϫⲉⲡⲓⲏⲓ"/>
		<feat xlink:href="#sSpan2038" value="ⲉⲧⲉⲙⲙⲁⲩ"/>
		<feat xlink:href="#sSpan2044" value="."/>
		<feat xlink:href="#sSpan2048" value="ⲟⲩⲟϩ"/>
		<feat xlink:href="#sSpan2054" value="ⲓⲥϫⲉ"/>
		<feat xlink:href="#sSpan2058" value="ⲡⲥⲁⲧⲁⲛⲁⲥ"/>
		<feat xlink:href="#sSpan2065" value="ⲡⲉⲧⲁϥⲧⲱⲛϥ"/>
		<feat xlink:href="#sSpan2079" value="ⲉϫⲱϥ"/>
		<feat xlink:href="#sSpan2085" value="ⲙⲙⲓⲛⲙⲙⲟϥ"/>
		<feat xlink:href="#sSpan2091" value="ⲟⲩⲟϩ"/>
		<feat xlink:href="#sSpan2095" value="ⲁϥⲫⲱϣ"/>
		<feat xlink:href="#sSpan2103" value="ⲙⲙⲟⲛ"/>
		<feat xlink:href="#sSpan2108" value="ϣϫⲟⲙ"/>
		<feat xlink:href="#sSpan2113" value="ⲙⲙⲟϥ"/>
		<feat xlink:href="#sSpan2119" value="ⲉⲟϩⲓ"/>
		<feat xlink:href="#sSpan2125" value="ⲉⲣⲁⲧϥ"/>
		<feat xlink:href="#sSpan2132" value="ⲁⲗⲗⲁ"/>
		<feat xlink:href="#sSpan2136" value="ⲟⲩⲟⲛⲧⲉϥ"/>
		<feat xlink:href="#sSpan2142" value="ⲟⲩϫⲱⲕ"/>
		<feat xlink:href="#sSpan2148" value="."/>
		<feat xlink:href="#sSpan2153" value="ⲁⲗⲗⲁ"/>
		<feat xlink:href="#sSpan2159" value="ⲙⲙⲟⲛ"/>
		<feat xlink:href="#sSpan2164" value="ϣϫⲟⲙ"/>
		<feat xlink:href="#sSpan2169" value="ⲛⲧⲉϩⲗⲓ"/>
		<feat xlink:href="#sSpan2175" value="ϣⲉ"/>
		<feat xlink:href="#sSpan2179" value="ⲉϧⲟⲩⲛ"/>
		<feat xlink:href="#sSpan2183" value="ⲉⲡⲏⲓ"/>
		<feat xlink:href="#sSpan2191" value="ⲙⲡⲓϫⲱⲣⲓ"/>
		<feat xlink:href="#sSpan2199" value="ⲛⲧⲉϥϩⲱⲗⲉⲙ"/>
		<feat xlink:href="#sSpan2207" value="ⲛⲛⲉϥⲥⲕⲉⲩⲟⲥ"/>
		<feat xlink:href="#sSpan2216" value="ⲉⲃⲏⲗ"/>
		<feat xlink:href="#sSpan2220" value="ⲛⲧⲉϥⲥⲱⲛϩ"/>
		<feat xlink:href="#sSpan2228" value="ⲙⲡⲓϫⲱⲣⲓ"/>
		<feat xlink:href="#sSpan2236" value="ⲛϣⲟⲣⲡ"/>
		<feat xlink:href="#sSpan2242" value="ⲟⲩⲟϩ"/>
		<feat xlink:href="#sSpan2247" value="ⲧⲟⲧⲉ"/>
		<feat xlink:href="#sSpan2251" value="ⲛⲧⲉϥϩⲱⲗⲉⲙ"/>
		<feat xlink:href="#sSpan2259" value="ⲙⲡⲉϥⲏⲓ"/>
		<feat xlink:href="#sSpan2267" value="."/>
		<feat xlink:href="#sSpan2272" value="ⲁⲙⲏⲛ"/>
		<feat xlink:href="#sSpan2278" value="ϯϫⲱ"/>
		<feat xlink:href="#sSpan2284" value="ⲙⲙⲟⲥ"/>
		<feat xlink:href="#sSpan2290" value="ⲛⲱⲧⲉⲛ"/>
		<feat xlink:href="#sSpan2296" value="ϫⲉϩⲱⲃ"/>
		<feat xlink:href="#sSpan2302" value="ⲛⲓⲃⲉⲛ"/>
		<feat xlink:href="#sSpan2306" value="ⲉⲩⲉⲭⲁⲩ"/>
		<feat xlink:href="#sSpan2314" value="ⲉⲃⲟⲗ"/>
		<feat xlink:href="#sSpan2318" value="ⲛⲛⲓϣⲏⲣⲓ"/>
		<feat xlink:href="#sSpan2326" value="ⲛⲧⲉⲛⲓⲣⲱⲙⲓ"/>
		<feat xlink:href="#sSpan2334" value="ⲛⲓⲛⲟⲃⲓ"/>
		<feat xlink:href="#sSpan2340" value="ⲛⲉⲙⲛⲓϫⲉⲟⲩⲁ"/>
		<feat xlink:href="#sSpan2350" value="ⲧⲏⲣⲟⲩ"/>
		<feat xlink:href="#sSpan2356" value="ⲉⲧⲟⲩⲛⲁϫⲉⲟⲩⲁ"/>
		<feat xlink:href="#sSpan2368" value="ⲙⲙⲱⲟⲩ"/>
		<feat xlink:href="#sSpan2374" value="ⲫⲏ"/>
		<feat xlink:href="#sSpan2381" value="ⲇⲉ"/>
		<feat xlink:href="#sSpan2385" value="ⲉⲑⲛⲁϫⲉⲟⲩⲁ"/>
		<feat xlink:href="#sSpan2395" value="ⲉⲡⲓⲡⲛⲉⲩⲙⲁ"/>
		<feat xlink:href="#sSpan2404" value="ⲉⲑⲟⲩⲁⲃ"/>
		<feat xlink:href="#sSpan2410" value="ⲙⲙⲟⲛ"/>
		<feat xlink:href="#sSpan2414" value="ⲭⲱ"/>
		<feat xlink:href="#sSpan2418" value="ⲉⲃⲟⲗ"/>
		<feat xlink:href="#sSpan2422" value="ⲛⲧⲁϥ"/>
		<feat xlink:href="#sSpan2428" value="ϣⲁ"/>
		<feat xlink:href="#sSpan2432" value="ⲉⲛⲉϩ"/>
		<feat xlink:href="#sSpan2437" value="ⲁⲗⲗⲁ"/>
		<feat xlink:href="#sSpan2441" value="ϥⲟⲓ"/>
		<feat xlink:href="#sSpan2447" value="ⲛⲉⲛⲟⲭⲟⲥ"/>
		<feat xlink:href="#sSpan2454" value="ⲛⲟⲩⲛⲟⲃⲓ"/>
		<feat xlink:href="#sSpan2462" value="ⲛⲉⲛⲉϩ"/>
		<feat xlink:href="#sSpan2468" value="."/>
		<feat xlink:href="#sSpan2472" value="ϫⲉⲛⲁⲩϫⲱ"/>
		<feat xlink:href="#sSpan2484" value="ⲙⲙⲟⲥ"/>
		<feat xlink:href="#sSpan2490" value="ϫⲉⲟⲩⲟⲛ"/>
		<feat xlink:href="#sSpan2496" value="ⲟⲩⲡⲛⲉⲩⲙⲁ"/>
		<feat xlink:href="#sSpan2503" value="ⲛⲁⲕⲁⲑⲁⲣⲧⲟⲛ"/>
		<feat xlink:href="#sSpan2510" value="ⲛⲉⲙⲁϥ"/>
		<feat xlink:href="#sSpan2516" value="."/>
		<feat xlink:href="#sSpan2520" value="ⲟⲩⲟϩ"/>
		<feat xlink:href="#sSpan2526" value="ⲁⲩⲓ"/>
		<feat xlink:href="#sSpan2534" value="ⲛϫⲉⲧⲉϥⲙⲁⲩ"/>
		<feat xlink:href="#sSpan2542" value="ⲛⲉⲙⲛⲉϥⲥⲛⲏⲟⲩ"/>
		<feat xlink:href="#sSpan2550" value="ⲟⲩⲟϩ"/>
		<feat xlink:href="#sSpan2554" value="ⲁⲩⲟϩⲓ"/>
		<feat xlink:href="#sSpan2562" value="ⲉⲣⲁⲧⲟⲩ"/>
		<feat xlink:href="#sSpan2568" value="ⲥⲁⲃⲟⲗ"/>
		<feat xlink:href="#sSpan2572" value="ⲟⲩⲟϩ"/>
		<feat xlink:href="#sSpan2576" value="ⲁⲩⲟⲩⲱⲣⲡ"/>
		<feat xlink:href="#sSpan2584" value="ϩⲁⲣⲟϥ"/>
		<feat xlink:href="#sSpan2590" value="ⲉⲩⲙⲟⲩϯ"/>
		<feat xlink:href="#sSpan2598" value="ⲉⲣⲟϥ"/>
		<feat xlink:href="#sSpan2604" value="ⲟⲩⲟϩ"/>
		<feat xlink:href="#sSpan2610" value="ⲛⲁⲣⲉⲡⲓⲙⲏϣ"/>
		<feat xlink:href="#sSpan2618" value="ϩⲉⲙⲥⲓ"/>
		<feat xlink:href="#sSpan2622" value="ⲙⲡⲉϥⲕⲱϯ"/>
		<feat xlink:href="#sSpan2630" value="ⲟⲩⲟϩ"/>
		<feat xlink:href="#sSpan2634" value="ⲡⲉϫⲱⲟⲩ"/>
		<feat xlink:href="#sSpan2640" value="ⲛⲁϥ"/>
		<feat xlink:href="#sSpan2646" value="ϫⲉⲓⲥ"/>
		<feat xlink:href="#sSpan2652" value="ⲧⲉⲕⲙⲁⲩ"/>
		<feat xlink:href="#sSpan2658" value="ⲛⲉⲙⲛⲉⲕⲥⲛⲏⲟⲩ"/>
		<feat xlink:href="#sSpan2666" value="ⲥⲁⲃⲟⲗ"/>
		<feat xlink:href="#sSpan2670" value="ⲉⲩⲕⲱϯ"/>
		<feat xlink:href="#sSpan2678" value="ⲛⲥⲱⲕ"/>
		<feat xlink:href="#sSpan2684" value="ⲟⲩⲟϩ"/>
		<feat xlink:href="#sSpan2690" value="ⲉⲧⲁϥⲉⲣⲟⲩⲱ"/>
		<feat xlink:href="#sSpan2702" value="ⲛⲱⲟⲩ"/>
		<feat xlink:href="#sSpan2708" value="ⲡⲉϫⲁϥ"/>
		<feat xlink:href="#sSpan2714" value="ϫⲉⲓⲥ"/>
		<feat xlink:href="#sSpan2720" value="ⲧⲁⲙⲁⲩ"/>
		<feat xlink:href="#sSpan2726" value="ⲛⲉⲙⲛⲁⲥⲛⲏⲟⲩ"/>
		<feat xlink:href="#sSpan2734" value="ⲟⲩⲟϩ"/>
		<feat xlink:href="#sSpan2740" value="ⲉⲧⲁϥϫⲟⲩϣⲧ"/>
		<feat xlink:href="#sSpan2750" value="ⲉⲛⲏ"/>
		<feat xlink:href="#sSpan2756" value="ⲉⲧϩⲉⲙⲥⲓ"/>
		<feat xlink:href="#sSpan2762" value="ⲙⲡⲉϥⲕⲱϯ"/>
		<feat xlink:href="#sSpan2770" value="ⲡⲉϫⲁϥ"/>
		<feat xlink:href="#sSpan2776" value="ϫⲉⲓⲥ"/>
		<feat xlink:href="#sSpan2782" value="ⲧⲁⲙⲁⲩ"/>
		<feat xlink:href="#sSpan2788" value="ⲛⲉⲙⲛⲁⲥⲛⲏⲟⲩ"/>
		<feat xlink:href="#sSpan2796" value="."/>
		<feat xlink:href="#sSpan2800" value="ⲫⲏ"/>
		<feat xlink:href="#sSpan2806" value="ⲉⲑⲛⲁⲓⲣⲓ"/>
		<feat xlink:href="#sSpan2814" value="ⲙⲡⲉⲧⲉϩⲛⲉⲫⲛⲟⲩϯ"/>
		<feat xlink:href="#sSpan2828" value="ⲫⲁⲓ"/>
		<feat xlink:href="#sSpan2832" value="ⲡⲉ"/>
		<feat xlink:href="#sSpan2836" value="ⲡⲁⲥⲟⲛ"/>
		<feat xlink:href="#sSpan2842" value="ⲛⲉⲙⲧⲁⲥⲱⲛⲓ"/>
		<feat xlink:href="#sSpan2850" value="ⲛⲉⲙⲧⲁⲙⲁⲩ"/>
		<feat xlink:href="#sSpan2858" value="."/></featList></paula>