<?xml version='1.0' encoding='UTF-8'?><!DOCTYPE paula SYSTEM "paula_feat.dtd">
<paula version="1.1">
	<header paula_id="scriptorium.bohairic.Mark_03.mark_orig"/>
	<featList xmlns:xlink="http://www.w3.org/1999/xlink" type="orig" xml:base="scriptorium.bohairic.Mark_03.mark.xml">
		<feat xlink:href="#sSpan2" value="ⲟⲩⲟϩ"/>
		<feat xlink:href="#sSpan8" value="ⲁ"/>
		<feat xlink:href="#sSpan12" value="ϥ"/>
		<feat xlink:href="#sSpan14" value="ⲓ"/>
		<feat xlink:href="#sSpan16" value="ⲟⲛ"/>
		<feat xlink:href="#sSpan20" value="ⲉϧⲟⲩⲛ"/>
		<feat xlink:href="#sSpan24" value="ⲉ"/>
		<feat xlink:href="#sSpan28" value="ⲧⲟⲩ"/>
		<feat xlink:href="#sSpan31" value="ⲥⲩⲛⲁⲅⲱⲅⲏ"/>
		<feat xlink:href="#sSpan33" value="ⲟⲩⲟϩ"/>
		<feat xlink:href="#sSpan37" value="ⲛⲉ"/>
		<feat xlink:href="#sSpan41" value="ⲟⲩⲟⲛ"/>
		<feat xlink:href="#sSpan43" value="ⲟⲩ"/>
		<feat xlink:href="#sSpan47" value="ⲣⲱⲙⲓ"/>
		<feat xlink:href="#sSpan49" value="ⲙⲙⲁⲩ"/>
		<feat xlink:href="#sSpan53" value="ⲡⲉ"/>
		<feat xlink:href="#sSpan57" value="ⲉⲣⲉ"/>
		<feat xlink:href="#sSpan61" value="ⲧⲉϥ"/>
		<feat xlink:href="#sSpan63" value="ϫⲓϫ"/>
		<feat xlink:href="#sSpan65" value="ϣⲟⲩⲱⲟⲩ"/>
		<feat xlink:href="#sSpan69" value="ⲟⲩⲟϩ"/>
		<feat xlink:href="#sSpan75" value="ⲛⲁ"/>
		<feat xlink:href="#sSpan79" value="ⲩ"/>
		<feat xlink:href="#sSpan81" value="ϯ"/>
		<feat xlink:href="#sSpan83" value="ⲛ"/>
		<feat xlink:href="#sSpan87" value="ϩⲑⲏ"/>
		<feat xlink:href="#sSpan89" value="ⲟⲩ"/>
		<feat xlink:href="#sSpan91" value="ⲛⲁ"/>
		<feat xlink:href="#sSpan95" value="ϥ"/>
		<feat xlink:href="#sSpan97" value="ⲡⲉ"/>
		<feat xlink:href="#sSpan101" value="ϫⲉ"/>
		<feat xlink:href="#sSpan105" value="ⲁⲛ"/>
		<feat xlink:href="#sSpan109" value="ϥ"/>
		<feat xlink:href="#sSpan113" value="ⲛⲁ"/>
		<feat xlink:href="#sSpan116" value="ⲉⲣⲫⲁϧⲣⲓ"/>
		<feat xlink:href="#sSpan119" value="ⲉⲣⲟ"/>
		<feat xlink:href="#sSpan123" value="ϥ"/>
		<feat xlink:href="#sSpan125" value="ϧⲉⲛ"/>
		<feat xlink:href="#sSpan129" value="ⲛⲓ"/>
		<feat xlink:href="#sSpan132" value="ⲥⲁⲃⲃⲁⲧⲟⲛ"/>
		<feat xlink:href="#sSpan135" value="ϩⲓⲛⲁ"/>
		<feat xlink:href="#sSpan139" value="ⲛⲧ"/>
		<feat xlink:href="#sSpan143" value="ⲟⲩ"/>
		<feat xlink:href="#sSpan146" value="ⲉⲣⲕⲁⲧⲏⲅⲟⲣⲓⲛ"/>
		<feat xlink:href="#sSpan150" value="ⲉⲣⲟ"/>
		<feat xlink:href="#sSpan154" value="ϥ"/>
		<feat xlink:href="#sSpan156" value="ⲟⲩⲟϩ"/>
		<feat xlink:href="#sSpan162" value="ⲡⲉϫⲁ"/>
		<feat xlink:href="#sSpan166" value="ϥ"/>
		<feat xlink:href="#sSpan168" value="ⲙ"/>
		<feat xlink:href="#sSpan172" value="ⲡⲓ"/>
		<feat xlink:href="#sSpan174" value="ⲣⲱⲙⲓ"/>
		<feat xlink:href="#sSpan176" value="ⲉⲣⲉ"/>
		<feat xlink:href="#sSpan180" value="ⲧⲉϥ"/>
		<feat xlink:href="#sSpan182" value="ϫⲓϫ"/>
		<feat xlink:href="#sSpan184" value="ϣⲟⲩⲱⲟⲩ"/>
		<feat xlink:href="#sSpan188" value="ϫⲉ"/>
		<feat xlink:href="#sSpan192" value="ⲧⲱⲛ"/>
		<feat xlink:href="#sSpan196" value="ⲕ"/>
		<feat xlink:href="#sSpan198" value="ϧⲉⲛ"/>
		<feat xlink:href="#sSpan202" value="ⲑ"/>
		<feat xlink:href="#sSpan204" value="ⲙⲏϯ"/>
		<feat xlink:href="#sSpan206" value="."/>
		<feat xlink:href="#sSpan210" value="ⲟⲩⲟϩ"/>
		<feat xlink:href="#sSpan216" value="ⲡⲉϫⲁ"/>
		<feat xlink:href="#sSpan220" value="ϥ"/>
		<feat xlink:href="#sSpan222" value="ⲛⲱ"/>
		<feat xlink:href="#sSpan226" value="ⲟⲩ"/>
		<feat xlink:href="#sSpan228" value="ϫⲉ"/>
		<feat xlink:href="#sSpan232" value="ⲥϣⲉ"/>
		<feat xlink:href="#sSpan236" value="ⲉ"/>
		<feat xlink:href="#sSpan240" value="ⲉⲣ"/>
		<feat xlink:href="#sSpan242" value="ⲡ"/>
		<feat xlink:href="#sSpan244" value="ⲉⲑ"/>
		<feat xlink:href="#sSpan246" value="ⲛⲁⲛⲉ"/>
		<feat xlink:href="#sSpan248" value="ϥ"/>
		<feat xlink:href="#sSpan250" value="ϧⲉⲛ"/>
		<feat xlink:href="#sSpan254" value="ⲛⲓ"/>
		<feat xlink:href="#sSpan257" value="ⲥⲁⲃⲃⲁⲧⲟⲛ"/>
		<feat xlink:href="#sSpan259" value="ϣⲁⲛ"/>
		<feat xlink:href="#sSpan263" value="ⲉ"/>
		<feat xlink:href="#sSpan267" value="ⲉⲣ"/>
		<feat xlink:href="#sSpan269" value="ⲡ"/>
		<feat xlink:href="#sSpan271" value="ⲉⲧ"/>
		<feat xlink:href="#sSpan273" value="ϩⲱⲟⲩ"/>
		<feat xlink:href="#sSpan275" value="ⲟⲩ"/>
		<feat xlink:href="#sSpan280" value="ⲯⲩⲭⲏ"/>
		<feat xlink:href="#sSpan282" value="ⲉ"/>
		<feat xlink:href="#sSpan286" value="ⲛⲁϩⲙⲉ"/>
		<feat xlink:href="#sSpan288" value="ⲥ"/>
		<feat xlink:href="#sSpan290" value="ϣⲁⲛ"/>
		<feat xlink:href="#sSpan294" value="ⲉ"/>
		<feat xlink:href="#sSpan298" value="ϧⲟⲑⲃⲉ"/>
		<feat xlink:href="#sSpan300" value="ⲥ"/>
		<feat xlink:href="#sSpan302" value="ⲛⲑⲱⲟⲩ"/>
		<feat xlink:href="#sSpan307" value="ⲇⲉ"/>
		<feat xlink:href="#sSpan311" value="ⲁ"/>
		<feat xlink:href="#sSpan315" value="ⲩ"/>
		<feat xlink:href="#sSpan317" value="ⲭⲁ"/>
		<feat xlink:href="#sSpan320" value="ⲣⲱ"/>
		<feat xlink:href="#sSpan322" value="ⲟⲩ"/>
		<feat xlink:href="#sSpan324" value="ⲟⲩⲟϩ"/>
		<feat xlink:href="#sSpan330" value="ⲉⲧ"/>
		<feat xlink:href="#sSpan334" value="ⲁ"/>
		<feat xlink:href="#sSpan336" value="ϥ"/>
		<feat xlink:href="#sSpan338" value="ϫⲟⲩϣⲧ"/>
		<feat xlink:href="#sSpan340" value="ⲉⲣⲱ"/>
		<feat xlink:href="#sSpan344" value="ⲟⲩ"/>
		<feat xlink:href="#sSpan346" value="ϧⲉⲛ"/>
		<feat xlink:href="#sSpan350" value="ⲟⲩ"/>
		<feat xlink:href="#sSpan352" value="ⲙⲃⲟⲛ"/>
		<feat xlink:href="#sSpan354" value="ⲉ"/>
		<feat xlink:href="#sSpan358" value="ϥ"/>
		<feat xlink:href="#sSpan360" value="ⲙⲟⲕϩ"/>
		<feat xlink:href="#sSpan362" value="ⲛ"/>
		<feat xlink:href="#sSpan366" value="ϩⲏⲧ"/>
		<feat xlink:href="#sSpan368" value="ⲉϩⲣⲏⲓ"/>
		<feat xlink:href="#sSpan372" value="ⲉϫⲉⲛ"/>
		<feat xlink:href="#sSpan376" value="ⲡⲓ"/>
		<feat xlink:href="#sSpan378" value="ⲑⲱⲙ"/>
		<feat xlink:href="#sSpan380" value="ⲛⲧⲉ"/>
		<feat xlink:href="#sSpan384" value="ⲡⲟⲩ"/>
		<feat xlink:href="#sSpan386" value="ϩⲏⲧ"/>
		<feat xlink:href="#sSpan388" value="ⲡⲉϫⲁ"/>
		<feat xlink:href="#sSpan392" value="ϥ"/>
		<feat xlink:href="#sSpan394" value="ⲙ"/>
		<feat xlink:href="#sSpan398" value="ⲡⲓ"/>
		<feat xlink:href="#sSpan400" value="ⲣⲱⲙⲓ"/>
		<feat xlink:href="#sSpan402" value="ϫⲉ"/>
		<feat xlink:href="#sSpan406" value="ⲥⲟⲩⲧⲉⲛ"/>
		<feat xlink:href="#sSpan410" value="ⲧⲉⲕ"/>
		<feat xlink:href="#sSpan412" value="ϫⲓϫ"/>
		<feat xlink:href="#sSpan414" value="ⲉⲃⲟⲗ"/>
		<feat xlink:href="#sSpan418" value="ⲟⲩⲟϩ"/>
		<feat xlink:href="#sSpan422" value="ⲉⲧ"/>
		<feat xlink:href="#sSpan426" value="ⲁ"/>
		<feat xlink:href="#sSpan428" value="ϥ"/>
		<feat xlink:href="#sSpan430" value="ⲥⲟⲩⲧⲱⲛ"/>
		<feat xlink:href="#sSpan432" value="ⲥ"/>
		<feat xlink:href="#sSpan434" value="ⲁ"/>
		<feat xlink:href="#sSpan438" value="ⲥ"/>
		<feat xlink:href="#sSpan440" value="ⲟⲩϫⲁⲓ"/>
		<feat xlink:href="#sSpan442" value="ⲛϫⲉ"/>
		<feat xlink:href="#sSpan446" value="ⲧⲉϥ"/>
		<feat xlink:href="#sSpan448" value="ϫⲓϫ"/>
		<feat xlink:href="#sSpan450" value="."/>
		<feat xlink:href="#sSpan454" value="ⲟⲩⲟϩ"/>
		<feat xlink:href="#sSpan460" value="ⲉⲧ"/>
		<feat xlink:href="#sSpan464" value="ⲁ"/>
		<feat xlink:href="#sSpan466" value="ⲩ"/>
		<feat xlink:href="#sSpan468" value="ⲓ"/>
		<feat xlink:href="#sSpan470" value="ⲉⲃⲟⲗ"/>
		<feat xlink:href="#sSpan474" value="ⲥⲁⲧⲟⲧ"/>
		<feat xlink:href="#sSpan478" value="ⲟⲩ"/>
		<feat xlink:href="#sSpan480" value="ⲛϫⲉ"/>
		<feat xlink:href="#sSpan484" value="ⲛⲓ"/>
		<feat xlink:href="#sSpan487" value="ⲁⲣⲭⲓⲉⲣⲉⲩⲥ"/>
		<feat xlink:href="#sSpan489" value="ⲁ"/>
		<feat xlink:href="#sSpan493" value="ⲩ"/>
		<feat xlink:href="#sSpan495" value="ⲓⲣⲓ"/>
		<feat xlink:href="#sSpan497" value="ⲛ"/>
		<feat xlink:href="#sSpan501" value="ⲟⲩ"/>
		<feat xlink:href="#sSpan503" value="ⲥⲟϭⲛⲓ"/>
		<feat xlink:href="#sSpan505" value="ⲛⲉⲙ"/>
		<feat xlink:href="#sSpan509" value="ⲛⲓ"/>
		<feat xlink:href="#sSpan512" value="ⲏⲣⲱⲇⲓⲁⲛⲟⲥ"/>
		<feat xlink:href="#sSpan514" value="ϧⲁⲣⲟ"/>
		<feat xlink:href="#sSpan518" value="ϥ"/>
		<feat xlink:href="#sSpan521" value="ϩⲓⲛⲁ"/>
		<feat xlink:href="#sSpan525" value="ⲛⲧ"/>
		<feat xlink:href="#sSpan529" value="ⲟⲩ"/>
		<feat xlink:href="#sSpan531" value="ⲧⲁⲕⲟ"/>
		<feat xlink:href="#sSpan533" value="ϥ"/>
		<feat xlink:href="#sSpan536" value="ⲓⲏⲥⲟⲩⲥ"/>
		<feat xlink:href="#sSpan543" value="ⲇⲉ"/>
		<feat xlink:href="#sSpan547" value="ⲛⲉⲙ"/>
		<feat xlink:href="#sSpan551" value="ⲛⲉϥ"/>
		<feat xlink:href="#sSpan554" value="ⲙⲁⲑⲏⲧⲏⲥ"/>
		<feat xlink:href="#sSpan556" value="ⲁ"/>
		<feat xlink:href="#sSpan560" value="ⲩ"/>
		<feat xlink:href="#sSpan563" value="ⲉⲣⲁⲛⲁⲭⲱⲣⲓⲛ"/>
		<feat xlink:href="#sSpan567" value="ⲉ"/>
		<feat xlink:href="#sSpan571" value="ⲡ"/>
		<feat xlink:href="#sSpan573" value="ⲧⲱⲟⲩ"/>
		<feat xlink:href="#sSpan575" value="ⲟⲩⲟϩ"/>
		<feat xlink:href="#sSpan579" value="ⲟⲩ"/>
		<feat xlink:href="#sSpan583" value="ⲙⲏϣ"/>
		<feat xlink:href="#sSpan585" value="ⲉ"/>
		<feat xlink:href="#sSpan589" value="ϥ"/>
		<feat xlink:href="#sSpan591" value="ⲟϣ"/>
		<feat xlink:href="#sSpan593" value="ⲛⲧⲉ"/>
		<feat xlink:href="#sSpan597" value="ϯ"/>
		<feat xlink:href="#sSpan600" value="ⲅⲁⲗⲓⲗⲉⲁ"/>
		<feat xlink:href="#sSpan602" value="ⲛⲉⲙ"/>
		<feat xlink:href="#sSpan606" value="ϯ"/>
		<feat xlink:href="#sSpan609" value="ⲓⲟⲩⲇⲉⲁ"/>
		<feat xlink:href="#sSpan611" value="ⲛⲉⲙ"/>
		<feat xlink:href="#sSpan618" value="ⲓⲉⲣⲟⲥⲁⲗⲏⲙ"/>
		<feat xlink:href="#sSpan620" value="ⲛⲉⲙ"/>
		<feat xlink:href="#sSpan624" value="ϯ"/>
		<feat xlink:href="#sSpan627" value="ϩⲩⲇⲟⲩⲙⲉⲁ"/>
		<feat xlink:href="#sSpan629" value="ⲛⲉⲙ"/>
		<feat xlink:href="#sSpan633" value="ϩⲓ"/>
		<feat xlink:href="#sSpan635" value="ⲙⲏⲣ"/>
		<feat xlink:href="#sSpan637" value="ⲙ"/>
		<feat xlink:href="#sSpan641" value="ⲡⲓ"/>
		<feat xlink:href="#sSpan644" value="ⲓⲟⲣⲇⲁⲛⲏⲥ"/>
		<feat xlink:href="#sSpan646" value="ⲛⲉⲙ"/>
		<feat xlink:href="#sSpan650" value="ⲕⲉ"/>
		<feat xlink:href="#sSpan652" value="ⲙⲏϣ"/>
		<feat xlink:href="#sSpan654" value="ⲉ"/>
		<feat xlink:href="#sSpan658" value="ϥ"/>
		<feat xlink:href="#sSpan660" value="ⲟϣ"/>
		<feat xlink:href="#sSpan662" value="ⲉⲃⲟⲗ"/>
		<feat xlink:href="#sSpan666" value="ϧⲉⲛ"/>
		<feat xlink:href="#sSpan670" value="ⲛⲁ"/>
		<feat xlink:href="#sSpan673" value="ⲧⲩⲣⲟⲥ"/>
		<feat xlink:href="#sSpan675" value="ⲛⲉⲙ"/>
		<feat xlink:href="#sSpan679" value="ⲧ"/>
		<feat xlink:href="#sSpan682" value="ⲥⲓⲇⲱⲛ"/>
		<feat xlink:href="#sSpan684" value="ⲉ"/>
		<feat xlink:href="#sSpan688" value="ⲩ"/>
		<feat xlink:href="#sSpan690" value="ⲥⲱⲧⲉⲙ"/>
		<feat xlink:href="#sSpan692" value="ⲉ"/>
		<feat xlink:href="#sSpan696" value="ⲛⲏ"/>
		<feat xlink:href="#sSpan698" value="ⲉ"/>
		<feat xlink:href="#sSpan702" value="ⲛⲁ"/>
		<feat xlink:href="#sSpan704" value="ϥ"/>
		<feat xlink:href="#sSpan706" value="ⲓⲣⲓ"/>
		<feat xlink:href="#sSpan708" value="ⲙⲙⲱ"/>
		<feat xlink:href="#sSpan712" value="ⲟⲩ"/>
		<feat xlink:href="#sSpan714" value="ⲁ"/>
		<feat xlink:href="#sSpan718" value="ⲩ"/>
		<feat xlink:href="#sSpan720" value="ⲓ"/>
		<feat xlink:href="#sSpan722" value="ϩⲁⲣⲟ"/>
		<feat xlink:href="#sSpan726" value="ϥ"/>
		<feat xlink:href="#sSpan728" value="ⲟⲩⲟϩ"/>
		<feat xlink:href="#sSpan734" value="ⲁ"/>
		<feat xlink:href="#sSpan738" value="ϥ"/>
		<feat xlink:href="#sSpan740" value="ϫⲟ"/>
		<feat xlink:href="#sSpan742" value="ⲥ"/>
		<feat xlink:href="#sSpan744" value="ⲛ"/>
		<feat xlink:href="#sSpan748" value="ⲛⲉϥ"/>
		<feat xlink:href="#sSpan751" value="ⲙⲁⲑⲏⲧⲏⲥ"/>
		<feat xlink:href="#sSpan754" value="ϩⲓⲛⲁ"/>
		<feat xlink:href="#sSpan758" value="ⲛⲧⲉ"/>
		<feat xlink:href="#sSpan762" value="ⲟⲩ"/>
		<feat xlink:href="#sSpan764" value="ϫⲟⲓ"/>
		<feat xlink:href="#sSpan766" value="ⲙⲟⲩⲛ"/>
		<feat xlink:href="#sSpan770" value="ⲉⲣⲟ"/>
		<feat xlink:href="#sSpan774" value="ϥ"/>
		<feat xlink:href="#sSpan776" value="ⲉⲑⲃⲉ"/>
		<feat xlink:href="#sSpan780" value="ⲡⲓ"/>
		<feat xlink:href="#sSpan782" value="ⲙⲏϣ"/>
		<feat xlink:href="#sSpan785" value="ϩⲓⲛⲁ"/>
		<feat xlink:href="#sSpan789" value="ⲛⲧ"/>
		<feat xlink:href="#sSpan793" value="ⲟⲩ"/>
		<feat xlink:href="#sSpan795" value="ϣⲧⲉⲙ"/>
		<feat xlink:href="#sSpan797" value="ϩⲉϫϩⲱϫ"/>
		<feat xlink:href="#sSpan799" value="ϥ"/>
		<feat xlink:href="#sSpan801" value="ϩⲁⲛ"/>
		<feat xlink:href="#sSpan807" value="ⲙⲏϣ"/>
		<feat xlink:href="#sSpan810" value="ⲅⲁⲣ"/>
		<feat xlink:href="#sSpan814" value="ⲛⲁ"/>
		<feat xlink:href="#sSpan818" value="ϥ"/>
		<feat xlink:href="#sSpan821" value="ⲉⲣⲫⲁϧⲣⲓ"/>
		<feat xlink:href="#sSpan824" value="ⲉⲣⲱ"/>
		<feat xlink:href="#sSpan828" value="ⲟⲩ"/>
		<feat xlink:href="#sSpan831" value="ϩⲱⲥⲧⲉ"/>
		<feat xlink:href="#sSpan835" value="ⲛⲧ"/>
		<feat xlink:href="#sSpan839" value="ⲟⲩ"/>
		<feat xlink:href="#sSpan841" value="ⲓ"/>
		<feat xlink:href="#sSpan843" value="ⲉϫⲱ"/>
		<feat xlink:href="#sSpan847" value="ϥ"/>
		<feat xlink:href="#sSpan849" value="ⲛⲧ"/>
		<feat xlink:href="#sSpan853" value="ⲟⲩ"/>
		<feat xlink:href="#sSpan855" value="ϭⲓ"/>
		<feat xlink:href="#sSpan857" value="ⲛⲉⲙⲁ"/>
		<feat xlink:href="#sSpan861" value="ϥ"/>
		<feat xlink:href="#sSpan863" value="ⲛϫⲉ"/>
		<feat xlink:href="#sSpan867" value="ⲟⲩⲟⲛ"/>
		<feat xlink:href="#sSpan869" value="ⲛⲓⲃⲉⲛ"/>
		<feat xlink:href="#sSpan873" value="ⲉ"/>
		<feat xlink:href="#sSpan877" value="ⲛⲁⲣⲉ"/>
		<feat xlink:href="#sSpan879" value="ϩⲁⲛ"/>
		<feat xlink:href="#sSpan882" value="ⲙⲁⲥⲧⲓⲅⲝ"/>
		<feat xlink:href="#sSpan884" value="ⲛⲉⲙⲱ"/>
		<feat xlink:href="#sSpan888" value="ⲟⲩ"/>
		<feat xlink:href="#sSpan890" value="ⲟⲩⲟϩ"/>
		<feat xlink:href="#sSpan896" value="ⲛⲓ"/>
		<feat xlink:href="#sSpan901" value="ⲡⲛⲉⲩⲙⲁ"/>
		<feat xlink:href="#sSpan903" value="ⲛ"/>
		<feat xlink:href="#sSpan908" value="ⲁⲕⲁⲑⲁⲣⲧⲟⲛ"/>
		<feat xlink:href="#sSpan910" value="ⲉϣⲱⲡ"/>
		<feat xlink:href="#sSpan914" value="ⲛⲧ"/>
		<feat xlink:href="#sSpan918" value="ⲟⲩ"/>
		<feat xlink:href="#sSpan920" value="ⲛⲁⲩ"/>
		<feat xlink:href="#sSpan922" value="ⲉⲣⲟ"/>
		<feat xlink:href="#sSpan926" value="ϥ"/>
		<feat xlink:href="#sSpan928" value="ϣⲁ"/>
		<feat xlink:href="#sSpan932" value="ⲩ"/>
		<feat xlink:href="#sSpan934" value="ϩⲓⲧ"/>
		<feat xlink:href="#sSpan936" value="ⲟⲩ"/>
		<feat xlink:href="#sSpan938" value="ⲉϧⲣⲏⲓ"/>
		<feat xlink:href="#sSpan942" value="ϧⲁⲣⲁⲧ"/>
		<feat xlink:href="#sSpan946" value="ϥ"/>
		<feat xlink:href="#sSpan948" value="ⲟⲩⲟϩ"/>
		<feat xlink:href="#sSpan952" value="ⲛⲁ"/>
		<feat xlink:href="#sSpan956" value="ⲩ"/>
		<feat xlink:href="#sSpan958" value="ⲱϣ"/>
		<feat xlink:href="#sSpan961" value="ⲉⲃⲟⲗ"/>
		<feat xlink:href="#sSpan965" value="ⲉ"/>
		<feat xlink:href="#sSpan969" value="ⲩ"/>
		<feat xlink:href="#sSpan971" value="ϫⲱ"/>
		<feat xlink:href="#sSpan973" value="ⲙⲙⲟ"/>
		<feat xlink:href="#sSpan977" value="ⲥ"/>
		<feat xlink:href="#sSpan979" value="ϫⲉ"/>
		<feat xlink:href="#sSpan983" value="ⲛⲑⲟⲕ"/>
		<feat xlink:href="#sSpan987" value="ⲡⲉ"/>
		<feat xlink:href="#sSpan991" value="ⲡ"/>
		<feat xlink:href="#sSpan995" value="ϣⲏⲣⲓ"/>
		<feat xlink:href="#sSpan997" value="ⲙ"/>
		<feat xlink:href="#sSpan1001" value="ⲫ"/>
		<feat xlink:href="#sSpan1003" value="ϯ"/>
		<feat xlink:href="#sSpan1005" value="ⲟⲩⲟϩ"/>
		<feat xlink:href="#sSpan1011" value="ⲛⲁ"/>
		<feat xlink:href="#sSpan1015" value="ϥ"/>
		<feat xlink:href="#sSpan1018" value="ⲉⲣⲉⲡⲓⲧⲓⲙⲁⲛ"/>
		<feat xlink:href="#sSpan1022" value="ⲛⲱ"/>
		<feat xlink:href="#sSpan1026" value="ⲟⲩ"/>
		<feat xlink:href="#sSpan1028" value="ⲛ"/>
		<feat xlink:href="#sSpan1032" value="ⲟⲩ"/>
		<feat xlink:href="#sSpan1034" value="ⲙⲏϣ"/>
		<feat xlink:href="#sSpan1037" value="ϩⲓⲛⲁ"/>
		<feat xlink:href="#sSpan1041" value="ⲛ"/>
		<feat xlink:href="#sSpan1045" value="ⲥⲉ"/>
		<feat xlink:href="#sSpan1047" value="ϣⲧⲉⲙ"/>
		<feat xlink:href="#sSpan1049" value="ⲟⲩⲟⲛϩ"/>
		<feat xlink:href="#sSpan1051" value="ϥ"/>
		<feat xlink:href="#sSpan1053" value="ⲉⲃⲟⲗ"/>
		<feat xlink:href="#sSpan1057" value="."/>
		<feat xlink:href="#sSpan1061" value="ⲟⲩⲟϩ"/>
		<feat xlink:href="#sSpan1067" value="ⲁ"/>
		<feat xlink:href="#sSpan1071" value="ϥ"/>
		<feat xlink:href="#sSpan1073" value="ϣⲉ"/>
		<feat xlink:href="#sSpan1075" value="ⲛⲁ"/>
		<feat xlink:href="#sSpan1079" value="ϥ"/>
		<feat xlink:href="#sSpan1081" value="ⲉϩⲣⲏⲓ"/>
		<feat xlink:href="#sSpan1085" value="ⲉϫⲉⲛ"/>
		<feat xlink:href="#sSpan1089" value="ⲡⲓ"/>
		<feat xlink:href="#sSpan1091" value="ⲧⲱⲟⲩ"/>
		<feat xlink:href="#sSpan1093" value="ⲟⲩⲟϩ"/>
		<feat xlink:href="#sSpan1097" value="ⲁ"/>
		<feat xlink:href="#sSpan1101" value="ϥ"/>
		<feat xlink:href="#sSpan1103" value="ⲙⲟⲩϯ"/>
		<feat xlink:href="#sSpan1105" value="ⲉ"/>
		<feat xlink:href="#sSpan1109" value="ⲛⲏ"/>
		<feat xlink:href="#sSpan1111" value="ⲉ"/>
		<feat xlink:href="#sSpan1115" value="ⲛⲁ"/>
		<feat xlink:href="#sSpan1117" value="ϥ"/>
		<feat xlink:href="#sSpan1119" value="ⲟⲩⲁϣ"/>
		<feat xlink:href="#sSpan1121" value="ⲟⲩ"/>
		<feat xlink:href="#sSpan1123" value="ⲛⲑⲟϥ"/>
		<feat xlink:href="#sSpan1127" value="ⲟⲩⲟϩ"/>
		<feat xlink:href="#sSpan1131" value="ⲁ"/>
		<feat xlink:href="#sSpan1135" value="ⲩ"/>
		<feat xlink:href="#sSpan1137" value="ϣⲉ"/>
		<feat xlink:href="#sSpan1139" value="ⲛⲱ"/>
		<feat xlink:href="#sSpan1143" value="ⲟⲩ"/>
		<feat xlink:href="#sSpan1145" value="ϩⲁⲣⲟ"/>
		<feat xlink:href="#sSpan1149" value="ϥ"/>
		<feat xlink:href="#sSpan1151" value="ⲟⲩⲟϩ"/>
		<feat xlink:href="#sSpan1157" value="ⲁ"/>
		<feat xlink:href="#sSpan1161" value="ϥ"/>
		<feat xlink:href="#sSpan1163" value="ⲑⲁⲙⲓⲉ"/>
		<feat xlink:href="#sSpan1165" value="ⲓⲃ"/>
		<feat xlink:href="#sSpan1167" value="ⲛⲏ"/>
		<feat xlink:href="#sSpan1171" value="ⲉⲧ"/>
		<feat xlink:href="#sSpan1175" value="ⲁ"/>
		<feat xlink:href="#sSpan1177" value="ϥ"/>
		<feat xlink:href="#sSpan1179" value="ϯ"/>
		<feat xlink:href="#sSpan1182" value="ⲣⲉⲛ"/>
		<feat xlink:href="#sSpan1184" value="ⲟⲩ"/>
		<feat xlink:href="#sSpan1186" value="ϫⲉ"/>
		<feat xlink:href="#sSpan1190" value="ⲛⲓ"/>
		<feat xlink:href="#sSpan1193" value="ⲁⲡⲟⲥⲧⲟⲗⲟⲥ"/>
		<feat xlink:href="#sSpan1196" value="ϩⲓⲛⲁ"/>
		<feat xlink:href="#sSpan1200" value="ⲛⲧ"/>
		<feat xlink:href="#sSpan1204" value="ⲟⲩ"/>
		<feat xlink:href="#sSpan1206" value="ⲟϩⲓ"/>
		<feat xlink:href="#sSpan1208" value="ⲛⲉⲙⲁ"/>
		<feat xlink:href="#sSpan1212" value="ϥ"/>
		<feat xlink:href="#sSpan1214" value="ⲟⲩⲟϩ"/>
		<feat xlink:href="#sSpan1219" value="ϩⲓⲛⲁ"/>
		<feat xlink:href="#sSpan1223" value="ⲛⲧⲉ"/>
		<feat xlink:href="#sSpan1227" value="ϥ"/>
		<feat xlink:href="#sSpan1229" value="ⲟⲩⲟⲣⲡ"/>
		<feat xlink:href="#sSpan1231" value="ⲟⲩ"/>
		<feat xlink:href="#sSpan1233" value="ⲉ"/>
		<feat xlink:href="#sSpan1238" value="ϩⲓⲱⲓϣ"/>
		<feat xlink:href="#sSpan1241" value="ⲟⲩⲟϩ"/>
		<feat xlink:href="#sSpan1247" value="ⲉ"/>
		<feat xlink:href="#sSpan1251" value="ⲑⲣⲉ"/>
		<feat xlink:href="#sSpan1253" value="ⲡ"/>
		<feat xlink:href="#sSpan1256" value="ⲉⲣϣⲓϣⲓ"/>
		<feat xlink:href="#sSpan1259" value="ϣⲱⲡⲓ"/>
		<feat xlink:href="#sSpan1263" value="ⲛⲧⲟⲧ"/>
		<feat xlink:href="#sSpan1267" value="ⲟⲩ"/>
		<feat xlink:href="#sSpan1269" value="ⲉ"/>
		<feat xlink:href="#sSpan1274" value="ϩⲓⲇⲉⲙⲱⲛ"/>
		<feat xlink:href="#sSpan1278" value="ⲉⲃⲟⲗ"/>
		<feat xlink:href="#sSpan1282" value="ⲟⲩⲟϩ"/>
		<feat xlink:href="#sSpan1288" value="ⲁ"/>
		<feat xlink:href="#sSpan1292" value="ϥ"/>
		<feat xlink:href="#sSpan1294" value="ϯ"/>
		<feat xlink:href="#sSpan1296" value="ⲛ"/>
		<feat xlink:href="#sSpan1300" value="ⲟⲩ"/>
		<feat xlink:href="#sSpan1302" value="ⲣⲁⲛ"/>
		<feat xlink:href="#sSpan1304" value="ⲉ"/>
		<feat xlink:href="#sSpan1309" value="ⲥⲓⲙⲱⲛ"/>
		<feat xlink:href="#sSpan1311" value="ϫⲉ"/>
		<feat xlink:href="#sSpan1316" value="ⲡⲉⲧⲣⲟⲥ"/>
		<feat xlink:href="#sSpan1318" value="."/>
		<feat xlink:href="#sSpan1322" value="ⲟⲩⲟϩ"/>
		<feat xlink:href="#sSpan1329" value="ⲓⲁⲕⲱⲃⲟⲥ"/>
		<feat xlink:href="#sSpan1333" value="ⲡ"/>
		<feat xlink:href="#sSpan1337" value="ϣⲏⲣⲓ"/>
		<feat xlink:href="#sSpan1339" value="ⲛ"/>
		<feat xlink:href="#sSpan1344" value="ⲍⲉⲃⲉⲇⲉⲟⲥ"/>
		<feat xlink:href="#sSpan1346" value="ⲛⲉⲙ"/>
		<feat xlink:href="#sSpan1351" value="ⲓⲱⲁⲛⲛⲏⲥ"/>
		<feat xlink:href="#sSpan1353" value="ⲡ"/>
		<feat xlink:href="#sSpan1357" value="ⲥⲟⲛ"/>
		<feat xlink:href="#sSpan1359" value="ⲛ"/>
		<feat xlink:href="#sSpan1364" value="ⲓⲁⲕⲱⲃⲟⲥ"/>
		<feat xlink:href="#sSpan1366" value="ⲟⲩⲟϩ"/>
		<feat xlink:href="#sSpan1370" value="ⲁ"/>
		<feat xlink:href="#sSpan1374" value="ϥ"/>
		<feat xlink:href="#sSpan1376" value="ϯ"/>
		<feat xlink:href="#sSpan1378" value="ⲛ"/>
		<feat xlink:href="#sSpan1382" value="ϩⲁⲛ"/>
		<feat xlink:href="#sSpan1384" value="ⲣⲁⲛ"/>
		<feat xlink:href="#sSpan1386" value="ⲉⲣⲱ"/>
		<feat xlink:href="#sSpan1390" value="ⲟⲩ"/>
		<feat xlink:href="#sSpan1392" value="ϫⲉ"/>
		<feat xlink:href="#sSpan1397" value="ⲃⲟⲁⲛⲏⲣⲅⲉⲥ"/>
		<feat xlink:href="#sSpan1399" value="ⲉⲧⲉ"/>
		<feat xlink:href="#sSpan1403" value="ⲫⲁⲓ"/>
		<feat xlink:href="#sSpan1405" value="ⲡⲉ"/>
		<feat xlink:href="#sSpan1409" value="ϫⲉ"/>
		<feat xlink:href="#sSpan1413" value="ⲛⲓ"/>
		<feat xlink:href="#sSpan1415" value="ϣⲏⲣⲓ"/>
		<feat xlink:href="#sSpan1417" value="ⲛⲧⲉ"/>
		<feat xlink:href="#sSpan1421" value="ϯ"/>
		<feat xlink:href="#sSpan1423" value="ϧⲁⲣⲁⲃⲁⲓ"/>
		<feat xlink:href="#sSpan1425" value="."/>
		<feat xlink:href="#sSpan1430" value="ⲁⲛⲇⲣⲉⲁⲥ"/>
		<feat xlink:href="#sSpan1436" value="ⲛⲉⲙ"/>
		<feat xlink:href="#sSpan1441" value="ⲫⲓⲗⲓⲡⲡⲟⲥ"/>
		<feat xlink:href="#sSpan1444" value="ⲃⲁⲣⲑⲟⲗⲟⲙⲉⲟⲥ"/>
		<feat xlink:href="#sSpan1448" value="ⲛⲉⲙ"/>
		<feat xlink:href="#sSpan1453" value="ⲙⲁⲧⲑⲉⲟⲥ"/>
		<feat xlink:href="#sSpan1455" value="ⲛⲉⲙ"/>
		<feat xlink:href="#sSpan1460" value="ⲑⲱⲙⲁⲥ"/>
		<feat xlink:href="#sSpan1462" value="ⲛⲉⲙ"/>
		<feat xlink:href="#sSpan1467" value="ⲓⲁⲕⲱⲃⲟⲥ"/>
		<feat xlink:href="#sSpan1469" value="ⲛⲧⲉ"/>
		<feat xlink:href="#sSpan1474" value="ⲁⲗⲫⲉⲟⲥ"/>
		<feat xlink:href="#sSpan1476" value="ⲛⲉⲙ"/>
		<feat xlink:href="#sSpan1481" value="ⲑⲁⲇⲇⲉⲟⲥ"/>
		<feat xlink:href="#sSpan1483" value="ⲛⲉⲙ"/>
		<feat xlink:href="#sSpan1488" value="ⲥⲓⲙⲱⲛ"/>
		<feat xlink:href="#sSpan1490" value="ⲡⲓ"/>
		<feat xlink:href="#sSpan1495" value="ⲕⲁⲛⲁⲛⲉⲟⲥ"/>
		<feat xlink:href="#sSpan1497" value="ⲛⲉⲙ"/>
		<feat xlink:href="#sSpan1504" value="ⲓⲟⲩⲇⲁⲥ"/>
		<feat xlink:href="#sSpan1506" value="ⲡⲓ"/>
		<feat xlink:href="#sSpan1511" value="ⲥⲕⲁⲣⲓⲱⲧⲏⲥ"/>
		<feat xlink:href="#sSpan1513" value="ⲫⲏ"/>
		<feat xlink:href="#sSpan1517" value="ⲉⲧ"/>
		<feat xlink:href="#sSpan1521" value="ⲁ"/>
		<feat xlink:href="#sSpan1523" value="ϥ"/>
		<feat xlink:href="#sSpan1525" value="ⲧⲏⲓ"/>
		<feat xlink:href="#sSpan1527" value="ϥ"/>
		<feat xlink:href="#sSpan1529" value="ⲟⲩⲟϩ"/>
		<feat xlink:href="#sSpan1535" value="ⲁ"/>
		<feat xlink:href="#sSpan1539" value="ϥ"/>
		<feat xlink:href="#sSpan1541" value="ⲓ"/>
		<feat xlink:href="#sSpan1543" value="ⲉϧⲟⲩⲛ"/>
		<feat xlink:href="#sSpan1547" value="ⲉ"/>
		<feat xlink:href="#sSpan1551" value="ⲟⲩ"/>
		<feat xlink:href="#sSpan1553" value="ⲏⲓ"/>
		<feat xlink:href="#sSpan1555" value="ⲟⲩⲟϩ"/>
		<feat xlink:href="#sSpan1559" value="ⲁ"/>
		<feat xlink:href="#sSpan1563" value="ϥ"/>
		<feat xlink:href="#sSpan1565" value="ⲑⲱⲟⲩϯ"/>
		<feat xlink:href="#sSpan1567" value="ⲟⲛ"/>
		<feat xlink:href="#sSpan1571" value="ⲛϫⲉ"/>
		<feat xlink:href="#sSpan1575" value="ⲡⲓ"/>
		<feat xlink:href="#sSpan1577" value="ⲙⲏϣ"/>
		<feat xlink:href="#sSpan1580" value="ϩⲱⲥⲧⲉ"/>
		<feat xlink:href="#sSpan1584" value="ⲛⲧ"/>
		<feat xlink:href="#sSpan1588" value="ⲟⲩ"/>
		<feat xlink:href="#sSpan1590" value="ϣⲧⲉⲙ"/>
		<feat xlink:href="#sSpan1592" value="ϣ"/>
		<feat xlink:href="#sSpan1594" value="ϫⲉⲙϫⲟⲙ"/>
		<feat xlink:href="#sSpan1597" value="ⲟⲩⲇⲉ"/>
		<feat xlink:href="#sSpan1601" value="ⲉ"/>
		<feat xlink:href="#sSpan1606" value="ⲟⲩⲉⲙⲱⲓⲕ"/>
		<feat xlink:href="#sSpan1609" value="ⲟⲩⲟϩ"/>
		<feat xlink:href="#sSpan1615" value="ⲉⲧ"/>
		<feat xlink:href="#sSpan1619" value="ⲁ"/>
		<feat xlink:href="#sSpan1621" value="ⲩ"/>
		<feat xlink:href="#sSpan1623" value="ⲥⲱⲧⲉⲙ"/>
		<feat xlink:href="#sSpan1625" value="ⲛϫⲉ"/>
		<feat xlink:href="#sSpan1629" value="ⲛⲏ"/>
		<feat xlink:href="#sSpan1631" value="ⲉⲧⲉ"/>
		<feat xlink:href="#sSpan1635" value="ⲛⲟⲩϥ"/>
		<feat xlink:href="#sSpan1637" value="ⲁ"/>
		<feat xlink:href="#sSpan1641" value="ⲩ"/>
		<feat xlink:href="#sSpan1643" value="ⲓ"/>
		<feat xlink:href="#sSpan1645" value="ⲉⲃⲟⲗ"/>
		<feat xlink:href="#sSpan1649" value="ⲉ"/>
		<feat xlink:href="#sSpan1653" value="ⲁⲙⲟⲛⲓ"/>
		<feat xlink:href="#sSpan1655" value="ⲙⲙⲟ"/>
		<feat xlink:href="#sSpan1659" value="ϥ"/>
		<feat xlink:href="#sSpan1661" value="ⲛⲁ"/>
		<feat xlink:href="#sSpan1665" value="ⲩ"/>
		<feat xlink:href="#sSpan1667" value="ϫⲱ"/>
		<feat xlink:href="#sSpan1670" value="ⲅⲁⲣ"/>
		<feat xlink:href="#sSpan1674" value="ⲙⲙⲟ"/>
		<feat xlink:href="#sSpan1678" value="ⲥ"/>
		<feat xlink:href="#sSpan1680" value="ⲡⲉ"/>
		<feat xlink:href="#sSpan1684" value="ϫⲉ"/>
		<feat xlink:href="#sSpan1688" value="ⲁ"/>
		<feat xlink:href="#sSpan1690" value="ⲡⲉϥ"/>
		<feat xlink:href="#sSpan1692" value="ϩⲏⲧ"/>
		<feat xlink:href="#sSpan1694" value="ⲥⲓϩⲓ"/>
		<feat xlink:href="#sSpan1698" value="."/>
		<feat xlink:href="#sSpan1702" value="ⲟⲩⲟϩ"/>
		<feat xlink:href="#sSpan1708" value="ⲛⲁⲣⲉ"/>
		<feat xlink:href="#sSpan1712" value="ⲛⲓ"/>
		<feat xlink:href="#sSpan1714" value="ⲥⲁϧ"/>
		<feat xlink:href="#sSpan1716" value="ⲉⲧ"/>
		<feat xlink:href="#sSpan1720" value="ⲁ"/>
		<feat xlink:href="#sSpan1722" value="ⲩ"/>
		<feat xlink:href="#sSpan1724" value="ⲓ"/>
		<feat xlink:href="#sSpan1726" value="ⲉⲃⲟⲗ"/>
		<feat xlink:href="#sSpan1730" value="ϧⲉⲛ"/>
		<feat xlink:href="#sSpan1735" value="ⲓⲉⲣⲟⲥⲁⲗⲏⲙ"/>
		<feat xlink:href="#sSpan1737" value="ⲛⲁ"/>
		<feat xlink:href="#sSpan1741" value="ⲩ"/>
		<feat xlink:href="#sSpan1743" value="ϫⲱ"/>
		<feat xlink:href="#sSpan1745" value="ⲙⲙⲟ"/>
		<feat xlink:href="#sSpan1749" value="ⲥ"/>
		<feat xlink:href="#sSpan1751" value="ϫⲉ"/>
		<feat xlink:href="#sSpan1756" value="ⲃⲉⲗⲍⲉⲃⲟⲩⲗ"/>
		<feat xlink:href="#sSpan1758" value="ⲉⲑ"/>
		<feat xlink:href="#sSpan1762" value="ⲛⲉⲙⲁ"/>
		<feat xlink:href="#sSpan1764" value="ϥ"/>
		<feat xlink:href="#sSpan1766" value="ⲟⲩⲟϩ"/>
		<feat xlink:href="#sSpan1770" value="ϫⲉ"/>
		<feat xlink:href="#sSpan1774" value="ϧⲉⲛ"/>
		<feat xlink:href="#sSpan1776" value="ⲡ"/>
		<feat xlink:href="#sSpan1779" value="ⲁⲣⲭⲱⲛ"/>
		<feat xlink:href="#sSpan1781" value="ⲛⲧⲉ"/>
		<feat xlink:href="#sSpan1785" value="ⲛⲓ"/>
		<feat xlink:href="#sSpan1788" value="ⲇⲉⲙⲱⲛ"/>
		<feat xlink:href="#sSpan1790" value="ⲁ"/>
		<feat xlink:href="#sSpan1794" value="ϥ"/>
		<feat xlink:href="#sSpan1796" value="ϩⲓⲟⲩⲓ"/>
		<feat xlink:href="#sSpan1798" value="ⲛ"/>
		<feat xlink:href="#sSpan1802" value="ⲛⲓ"/>
		<feat xlink:href="#sSpan1805" value="ⲇⲉⲙⲱⲛ"/>
		<feat xlink:href="#sSpan1807" value="ⲉⲃⲟⲗ"/>
		<feat xlink:href="#sSpan1811" value="ⲟⲩⲟϩ"/>
		<feat xlink:href="#sSpan1817" value="ⲁ"/>
		<feat xlink:href="#sSpan1821" value="ϥ"/>
		<feat xlink:href="#sSpan1823" value="ⲙⲟⲩϯ"/>
		<feat xlink:href="#sSpan1825" value="ⲉⲣⲱ"/>
		<feat xlink:href="#sSpan1829" value="ⲟⲩ"/>
		<feat xlink:href="#sSpan1831" value="ⲛⲁ"/>
		<feat xlink:href="#sSpan1835" value="ϥ"/>
		<feat xlink:href="#sSpan1837" value="ϫⲱ"/>
		<feat xlink:href="#sSpan1839" value="ⲙⲙⲟ"/>
		<feat xlink:href="#sSpan1843" value="ⲥ"/>
		<feat xlink:href="#sSpan1845" value="ⲛⲱ"/>
		<feat xlink:href="#sSpan1849" value="ⲟⲩ"/>
		<feat xlink:href="#sSpan1851" value="ϧⲉⲛ"/>
		<feat xlink:href="#sSpan1855" value="ϩⲁⲛ"/>
		<feat xlink:href="#sSpan1858" value="ⲡⲁⲣⲁⲃⲟⲗⲏ"/>
		<feat xlink:href="#sSpan1860" value="ϫⲉ"/>
		<feat xlink:href="#sSpan1865" value="ⲡⲱⲥ"/>
		<feat xlink:href="#sSpan1867" value="ⲟⲩⲟⲛ"/>
		<feat xlink:href="#sSpan1872" value="ϣϫⲟⲙ"/>
		<feat xlink:href="#sSpan1877" value="ⲛⲧⲉ"/>
		<feat xlink:href="#sSpan1881" value="ⲡ"/>
		<feat xlink:href="#sSpan1884" value="ⲥⲁⲧⲁⲛⲁⲥ"/>
		<feat xlink:href="#sSpan1886" value="ϩⲓ"/>
		<feat xlink:href="#sSpan1890" value="ⲡ"/>
		<feat xlink:href="#sSpan1893" value="ⲥⲁⲧⲁⲛⲁⲥ"/>
		<feat xlink:href="#sSpan1895" value="ⲉⲃⲟⲗ"/>
		<feat xlink:href="#sSpan1899" value="ⲟⲩⲟϩ"/>
		<feat xlink:href="#sSpan1905" value="ⲉϣⲱⲡ"/>
		<feat xlink:href="#sSpan1909" value="ⲛⲧⲉ"/>
		<feat xlink:href="#sSpan1913" value="ⲟⲩ"/>
		<feat xlink:href="#sSpan1916" value="ⲙⲉⲧⲟⲩⲣⲟ"/>
		<feat xlink:href="#sSpan1919" value="ⲫⲱϣ"/>
		<feat xlink:href="#sSpan1923" value="ⲉϩⲣⲁ"/>
		<feat xlink:href="#sSpan1927" value="ⲥ"/>
		<feat xlink:href="#sSpan1929" value="ⲙⲙⲟⲛ"/>
		<feat xlink:href="#sSpan1934" value="ϣϫⲟⲙ"/>
		<feat xlink:href="#sSpan1939" value="ⲛⲧⲉ"/>
		<feat xlink:href="#sSpan1943" value="ⲥ"/>
		<feat xlink:href="#sSpan1945" value="ⲟϩⲓ"/>
		<feat xlink:href="#sSpan1949" value="ⲉⲣⲁⲧ"/>
		<feat xlink:href="#sSpan1953" value="ⲥ"/>
		<feat xlink:href="#sSpan1955" value="ⲛϫⲉ"/>
		<feat xlink:href="#sSpan1959" value="ϯ"/>
		<feat xlink:href="#sSpan1962" value="ⲙⲉⲧⲟⲩⲣⲟ"/>
		<feat xlink:href="#sSpan1965" value="ⲉⲧⲉ"/>
		<feat xlink:href="#sSpan1969" value="ⲙⲙⲁⲩ"/>
		<feat xlink:href="#sSpan1971" value="."/>
		<feat xlink:href="#sSpan1975" value="ⲟⲩⲟϩ"/>
		<feat xlink:href="#sSpan1981" value="ⲉϣⲱⲡ"/>
		<feat xlink:href="#sSpan1985" value="ⲛⲧⲉ"/>
		<feat xlink:href="#sSpan1989" value="ⲟⲩ"/>
		<feat xlink:href="#sSpan1991" value="ⲏⲓ"/>
		<feat xlink:href="#sSpan1993" value="ⲫⲱϣ"/>
		<feat xlink:href="#sSpan1997" value="ⲉϩⲣⲁ"/>
		<feat xlink:href="#sSpan2001" value="ϥ"/>
		<feat xlink:href="#sSpan2003" value="ⲙⲙⲟⲛ"/>
		<feat xlink:href="#sSpan2008" value="ϣϫⲟⲙ"/>
		<feat xlink:href="#sSpan2013" value="ⲛⲧⲉ"/>
		<feat xlink:href="#sSpan2017" value="ϥ"/>
		<feat xlink:href="#sSpan2019" value="ⲟϩⲓ"/>
		<feat xlink:href="#sSpan2023" value="ⲉⲣⲁⲧ"/>
		<feat xlink:href="#sSpan2027" value="ϥ"/>
		<feat xlink:href="#sSpan2029" value="ⲛϫⲉ"/>
		<feat xlink:href="#sSpan2033" value="ⲡⲓ"/>
		<feat xlink:href="#sSpan2035" value="ⲏⲓ"/>
		<feat xlink:href="#sSpan2037" value="ⲉⲧⲉ"/>
		<feat xlink:href="#sSpan2041" value="ⲙⲙⲁⲩ"/>
		<feat xlink:href="#sSpan2043" value="."/>
		<feat xlink:href="#sSpan2047" value="ⲟⲩⲟϩ"/>
		<feat xlink:href="#sSpan2053" value="ⲓⲥϫⲉ"/>
		<feat xlink:href="#sSpan2057" value="ⲡ"/>
		<feat xlink:href="#sSpan2062" value="ⲥⲁⲧⲁⲛⲁⲥ"/>
		<feat xlink:href="#sSpan2064" value="ⲡ"/>
		<feat xlink:href="#sSpan2068" value="ⲉⲧ"/>
		<feat xlink:href="#sSpan2070" value="ⲁ"/>
		<feat xlink:href="#sSpan2072" value="ϥ"/>
		<feat xlink:href="#sSpan2074" value="ⲧⲱⲛ"/>
		<feat xlink:href="#sSpan2076" value="ϥ"/>
		<feat xlink:href="#sSpan2078" value="ⲉϫⲱ"/>
		<feat xlink:href="#sSpan2082" value="ϥ"/>
		<feat xlink:href="#sSpan2084" value="ⲙⲙⲓⲛⲙⲙⲟ"/>
		<feat xlink:href="#sSpan2088" value="ϥ"/>
		<feat xlink:href="#sSpan2090" value="ⲟⲩⲟϩ"/>
		<feat xlink:href="#sSpan2094" value="ⲁ"/>
		<feat xlink:href="#sSpan2098" value="ϥ"/>
		<feat xlink:href="#sSpan2100" value="ⲫⲱϣ"/>
		<feat xlink:href="#sSpan2102" value="ⲙⲙⲟⲛ"/>
		<feat xlink:href="#sSpan2107" value="ϣϫⲟⲙ"/>
		<feat xlink:href="#sSpan2112" value="ⲙⲙⲟ"/>
		<feat xlink:href="#sSpan2116" value="ϥ"/>
		<feat xlink:href="#sSpan2118" value="ⲉ"/>
		<feat xlink:href="#sSpan2122" value="ⲟϩⲓ"/>
		<feat xlink:href="#sSpan2124" value="ⲉⲣⲁⲧ"/>
		<feat xlink:href="#sSpan2128" value="ϥ"/>
		<feat xlink:href="#sSpan2131" value="ⲁⲗⲗⲁ"/>
		<feat xlink:href="#sSpan2135" value="ⲟⲩⲟⲛⲧⲉ"/>
		<feat xlink:href="#sSpan2139" value="ϥ"/>
		<feat xlink:href="#sSpan2141" value="ⲟⲩ"/>
		<feat xlink:href="#sSpan2145" value="ϫⲱⲕ"/>
		<feat xlink:href="#sSpan2147" value="."/>
		<feat xlink:href="#sSpan2152" value="ⲁⲗⲗⲁ"/>
		<feat xlink:href="#sSpan2158" value="ⲙⲙⲟⲛ"/>
		<feat xlink:href="#sSpan2163" value="ϣϫⲟⲙ"/>
		<feat xlink:href="#sSpan2168" value="ⲛ"/>
		<feat xlink:href="#sSpan2172" value="ⲧⲉ"/>
		<feat xlink:href="#sSpan2174" value="ϩⲗⲓ"/>
		<feat xlink:href="#sSpan2176" value="ϣⲉ"/>
		<feat xlink:href="#sSpan2180" value="ⲉϧⲟⲩⲛ"/>
		<feat xlink:href="#sSpan2184" value="ⲉ"/>
		<feat xlink:href="#sSpan2188" value="ⲡ"/>
		<feat xlink:href="#sSpan2190" value="ⲏⲓ"/>
		<feat xlink:href="#sSpan2192" value="ⲙ"/>
		<feat xlink:href="#sSpan2196" value="ⲡⲓ"/>
		<feat xlink:href="#sSpan2198" value="ϫⲱⲣⲓ"/>
		<feat xlink:href="#sSpan2200" value="ⲛⲧⲉ"/>
		<feat xlink:href="#sSpan2204" value="ϥ"/>
		<feat xlink:href="#sSpan2206" value="ϩⲱⲗⲉⲙ"/>
		<feat xlink:href="#sSpan2208" value="ⲛ"/>
		<feat xlink:href="#sSpan2212" value="ⲛⲉϥ"/>
		<feat xlink:href="#sSpan2215" value="ⲥⲕⲉⲩⲟⲥ"/>
		<feat xlink:href="#sSpan2217" value="ⲉⲃⲏⲗ"/>
		<feat xlink:href="#sSpan2221" value="ⲛⲧⲉ"/>
		<feat xlink:href="#sSpan2225" value="ϥ"/>
		<feat xlink:href="#sSpan2227" value="ⲥⲱⲛϩ"/>
		<feat xlink:href="#sSpan2229" value="ⲙ"/>
		<feat xlink:href="#sSpan2233" value="ⲡⲓ"/>
		<feat xlink:href="#sSpan2235" value="ϫⲱⲣⲓ"/>
		<feat xlink:href="#sSpan2237" value="ⲛ"/>
		<feat xlink:href="#sSpan2241" value="ϣⲟⲣⲡ"/>
		<feat xlink:href="#sSpan2243" value="ⲟⲩⲟϩ"/>
		<feat xlink:href="#sSpan2248" value="ⲧⲟⲧⲉ"/>
		<feat xlink:href="#sSpan2252" value="ⲛⲧⲉ"/>
		<feat xlink:href="#sSpan2256" value="ϥ"/>
		<feat xlink:href="#sSpan2258" value="ϩⲱⲗⲉⲙ"/>
		<feat xlink:href="#sSpan2260" value="ⲙ"/>
		<feat xlink:href="#sSpan2264" value="ⲡⲉϥ"/>
		<feat xlink:href="#sSpan2266" value="ⲏⲓ"/>
		<feat xlink:href="#sSpan2268" value="."/>
		<feat xlink:href="#sSpan2273" value="ⲁⲙⲏⲛ"/>
		<feat xlink:href="#sSpan2279" value="ϯ"/>
		<feat xlink:href="#sSpan2283" value="ϫⲱ"/>
		<feat xlink:href="#sSpan2285" value="ⲙⲙⲟ"/>
		<feat xlink:href="#sSpan2289" value="ⲥ"/>
		<feat xlink:href="#sSpan2291" value="ⲛⲱ"/>
		<feat xlink:href="#sSpan2295" value="ⲧⲉⲛ"/>
		<feat xlink:href="#sSpan2297" value="ϫⲉ"/>
		<feat xlink:href="#sSpan2301" value="ϩⲱⲃ"/>
		<feat xlink:href="#sSpan2303" value="ⲛⲓⲃⲉⲛ"/>
		<feat xlink:href="#sSpan2307" value="ⲉⲩⲉ"/>
		<feat xlink:href="#sSpan2311" value="ⲭⲁ"/>
		<feat xlink:href="#sSpan2313" value="ⲩ"/>
		<feat xlink:href="#sSpan2315" value="ⲉⲃⲟⲗ"/>
		<feat xlink:href="#sSpan2319" value="ⲛ"/>
		<feat xlink:href="#sSpan2323" value="ⲛⲓ"/>
		<feat xlink:href="#sSpan2325" value="ϣⲏⲣⲓ"/>
		<feat xlink:href="#sSpan2327" value="ⲛⲧⲉ"/>
		<feat xlink:href="#sSpan2331" value="ⲛⲓ"/>
		<feat xlink:href="#sSpan2333" value="ⲣⲱⲙⲓ"/>
		<feat xlink:href="#sSpan2335" value="ⲛⲓ"/>
		<feat xlink:href="#sSpan2339" value="ⲛⲟⲃⲓ"/>
		<feat xlink:href="#sSpan2341" value="ⲛⲉⲙ"/>
		<feat xlink:href="#sSpan2345" value="ⲛⲓ"/>
		<feat xlink:href="#sSpan2348" value="ϫⲉⲟⲩⲁ"/>
		<feat xlink:href="#sSpan2351" value="ⲧⲏⲣ"/>
		<feat xlink:href="#sSpan2355" value="ⲟⲩ"/>
		<feat xlink:href="#sSpan2357" value="ⲉⲧ"/>
		<feat xlink:href="#sSpan2361" value="ⲟⲩ"/>
		<feat xlink:href="#sSpan2363" value="ⲛⲁ"/>
		<feat xlink:href="#sSpan2366" value="ϫⲉⲟⲩⲁ"/>
		<feat xlink:href="#sSpan2369" value="ⲙⲙⲱ"/>
		<feat xlink:href="#sSpan2373" value="ⲟⲩ"/>
		<feat xlink:href="#sSpan2375" value="ⲫⲏ"/>
		<feat xlink:href="#sSpan2382" value="ⲇⲉ"/>
		<feat xlink:href="#sSpan2386" value="ⲉⲑ"/>
		<feat xlink:href="#sSpan2390" value="ⲛⲁ"/>
		<feat xlink:href="#sSpan2393" value="ϫⲉⲟⲩⲁ"/>
		<feat xlink:href="#sSpan2396" value="ⲉ"/>
		<feat xlink:href="#sSpan2400" value="ⲡⲓ"/>
		<feat xlink:href="#sSpan2403" value="ⲡⲛⲉⲩⲙⲁ"/>
		<feat xlink:href="#sSpan2405" value="ⲉⲑ"/>
		<feat xlink:href="#sSpan2409" value="ⲟⲩⲁⲃ"/>
		<feat xlink:href="#sSpan2411" value="ⲙⲙⲟⲛ"/>
		<feat xlink:href="#sSpan2415" value="ⲭⲱ"/>
		<feat xlink:href="#sSpan2419" value="ⲉⲃⲟⲗ"/>
		<feat xlink:href="#sSpan2423" value="ⲛⲧⲁ"/>
		<feat xlink:href="#sSpan2427" value="ϥ"/>
		<feat xlink:href="#sSpan2429" value="ϣⲁ"/>
		<feat xlink:href="#sSpan2433" value="ⲉⲛⲉϩ"/>
		<feat xlink:href="#sSpan2438" value="ⲁⲗⲗⲁ"/>
		<feat xlink:href="#sSpan2442" value="ϥ"/>
		<feat xlink:href="#sSpan2446" value="ⲟⲓ"/>
		<feat xlink:href="#sSpan2448" value="ⲛ"/>
		<feat xlink:href="#sSpan2453" value="ⲉⲛⲟⲭⲟⲥ"/>
		<feat xlink:href="#sSpan2455" value="ⲛ"/>
		<feat xlink:href="#sSpan2459" value="ⲟⲩ"/>
		<feat xlink:href="#sSpan2461" value="ⲛⲟⲃⲓ"/>
		<feat xlink:href="#sSpan2463" value="ⲛ"/>
		<feat xlink:href="#sSpan2467" value="ⲉⲛⲉϩ"/>
		<feat xlink:href="#sSpan2469" value="."/>
		<feat xlink:href="#sSpan2473" value="ϫⲉ"/>
		<feat xlink:href="#sSpan2479" value="ⲛⲁ"/>
		<feat xlink:href="#sSpan2481" value="ⲩ"/>
		<feat xlink:href="#sSpan2483" value="ϫⲱ"/>
		<feat xlink:href="#sSpan2485" value="ⲙⲙⲟ"/>
		<feat xlink:href="#sSpan2489" value="ⲥ"/>
		<feat xlink:href="#sSpan2491" value="ϫⲉ"/>
		<feat xlink:href="#sSpan2495" value="ⲟⲩⲟⲛ"/>
		<feat xlink:href="#sSpan2497" value="ⲟⲩ"/>
		<feat xlink:href="#sSpan2502" value="ⲡⲛⲉⲩⲙⲁ"/>
		<feat xlink:href="#sSpan2504" value="ⲛ"/>
		<feat xlink:href="#sSpan2509" value="ⲁⲕⲁⲑⲁⲣⲧⲟⲛ"/>
		<feat xlink:href="#sSpan2511" value="ⲛⲉⲙⲁ"/>
		<feat xlink:href="#sSpan2515" value="ϥ"/>
		<feat xlink:href="#sSpan2517" value="."/>
		<feat xlink:href="#sSpan2521" value="ⲟⲩⲟϩ"/>
		<feat xlink:href="#sSpan2527" value="ⲁ"/>
		<feat xlink:href="#sSpan2531" value="ⲩ"/>
		<feat xlink:href="#sSpan2533" value="ⲓ"/>
		<feat xlink:href="#sSpan2535" value="ⲛϫⲉ"/>
		<feat xlink:href="#sSpan2539" value="ⲧⲉϥ"/>
		<feat xlink:href="#sSpan2541" value="ⲙⲁⲩ"/>
		<feat xlink:href="#sSpan2543" value="ⲛⲉⲙ"/>
		<feat xlink:href="#sSpan2547" value="ⲛⲉϥ"/>
		<feat xlink:href="#sSpan2549" value="ⲥⲛⲏⲟⲩ"/>
		<feat xlink:href="#sSpan2551" value="ⲟⲩⲟϩ"/>
		<feat xlink:href="#sSpan2555" value="ⲁ"/>
		<feat xlink:href="#sSpan2559" value="ⲩ"/>
		<feat xlink:href="#sSpan2561" value="ⲟϩⲓ"/>
		<feat xlink:href="#sSpan2563" value="ⲉⲣⲁⲧ"/>
		<feat xlink:href="#sSpan2567" value="ⲟⲩ"/>
		<feat xlink:href="#sSpan2569" value="ⲥⲁⲃⲟⲗ"/>
		<feat xlink:href="#sSpan2573" value="ⲟⲩⲟϩ"/>
		<feat xlink:href="#sSpan2577" value="ⲁ"/>
		<feat xlink:href="#sSpan2581" value="ⲩ"/>
		<feat xlink:href="#sSpan2583" value="ⲟⲩⲱⲣⲡ"/>
		<feat xlink:href="#sSpan2585" value="ϩⲁⲣⲟ"/>
		<feat xlink:href="#sSpan2589" value="ϥ"/>
		<feat xlink:href="#sSpan2591" value="ⲉ"/>
		<feat xlink:href="#sSpan2595" value="ⲩ"/>
		<feat xlink:href="#sSpan2597" value="ⲙⲟⲩϯ"/>
		<feat xlink:href="#sSpan2599" value="ⲉⲣⲟ"/>
		<feat xlink:href="#sSpan2603" value="ϥ"/>
		<feat xlink:href="#sSpan2605" value="ⲟⲩⲟϩ"/>
		<feat xlink:href="#sSpan2611" value="ⲛⲁⲣⲉ"/>
		<feat xlink:href="#sSpan2615" value="ⲡⲓ"/>
		<feat xlink:href="#sSpan2617" value="ⲙⲏϣ"/>
		<feat xlink:href="#sSpan2619" value="ϩⲉⲙⲥⲓ"/>
		<feat xlink:href="#sSpan2623" value="ⲙ"/>
		<feat xlink:href="#sSpan2627" value="ⲡⲉϥ"/>
		<feat xlink:href="#sSpan2629" value="ⲕⲱϯ"/>
		<feat xlink:href="#sSpan2631" value="ⲟⲩⲟϩ"/>
		<feat xlink:href="#sSpan2635" value="ⲡⲉϫⲱ"/>
		<feat xlink:href="#sSpan2639" value="ⲟⲩ"/>
		<feat xlink:href="#sSpan2641" value="ⲛⲁ"/>
		<feat xlink:href="#sSpan2645" value="ϥ"/>
		<feat xlink:href="#sSpan2647" value="ϫⲉ"/>
		<feat xlink:href="#sSpan2651" value="ⲓⲥ"/>
		<feat xlink:href="#sSpan2653" value="ⲧⲉⲕ"/>
		<feat xlink:href="#sSpan2657" value="ⲙⲁⲩ"/>
		<feat xlink:href="#sSpan2659" value="ⲛⲉⲙ"/>
		<feat xlink:href="#sSpan2663" value="ⲛⲉⲕ"/>
		<feat xlink:href="#sSpan2665" value="ⲥⲛⲏⲟⲩ"/>
		<feat xlink:href="#sSpan2667" value="ⲥⲁⲃⲟⲗ"/>
		<feat xlink:href="#sSpan2671" value="ⲉ"/>
		<feat xlink:href="#sSpan2675" value="ⲩ"/>
		<feat xlink:href="#sSpan2677" value="ⲕⲱϯ"/>
		<feat xlink:href="#sSpan2679" value="ⲛⲥⲱ"/>
		<feat xlink:href="#sSpan2683" value="ⲕ"/>
		<feat xlink:href="#sSpan2685" value="ⲟⲩⲟϩ"/>
		<feat xlink:href="#sSpan2691" value="ⲉⲧ"/>
		<feat xlink:href="#sSpan2695" value="ⲁ"/>
		<feat xlink:href="#sSpan2697" value="ϥ"/>
		<feat xlink:href="#sSpan2700" value="ⲉⲣⲟⲩⲱ"/>
		<feat xlink:href="#sSpan2703" value="ⲛⲱ"/>
		<feat xlink:href="#sSpan2707" value="ⲟⲩ"/>
		<feat xlink:href="#sSpan2709" value="ⲡⲉϫⲁ"/>
		<feat xlink:href="#sSpan2713" value="ϥ"/>
		<feat xlink:href="#sSpan2715" value="ϫⲉ"/>
		<feat xlink:href="#sSpan2719" value="ⲓⲥ"/>
		<feat xlink:href="#sSpan2721" value="ⲧⲁ"/>
		<feat xlink:href="#sSpan2725" value="ⲙⲁⲩ"/>
		<feat xlink:href="#sSpan2727" value="ⲛⲉⲙ"/>
		<feat xlink:href="#sSpan2731" value="ⲛⲁ"/>
		<feat xlink:href="#sSpan2733" value="ⲥⲛⲏⲟⲩ"/>
		<feat xlink:href="#sSpan2735" value="ⲟⲩⲟϩ"/>
		<feat xlink:href="#sSpan2741" value="ⲉⲧ"/>
		<feat xlink:href="#sSpan2745" value="ⲁ"/>
		<feat xlink:href="#sSpan2747" value="ϥ"/>
		<feat xlink:href="#sSpan2749" value="ϫⲟⲩϣⲧ"/>
		<feat xlink:href="#sSpan2751" value="ⲉ"/>
		<feat xlink:href="#sSpan2755" value="ⲛⲏ"/>
		<feat xlink:href="#sSpan2757" value="ⲉⲧ"/>
		<feat xlink:href="#sSpan2761" value="ϩⲉⲙⲥⲓ"/>
		<feat xlink:href="#sSpan2763" value="ⲙ"/>
		<feat xlink:href="#sSpan2767" value="ⲡⲉϥ"/>
		<feat xlink:href="#sSpan2769" value="ⲕⲱϯ"/>
		<feat xlink:href="#sSpan2771" value="ⲡⲉϫⲁ"/>
		<feat xlink:href="#sSpan2775" value="ϥ"/>
		<feat xlink:href="#sSpan2777" value="ϫⲉ"/>
		<feat xlink:href="#sSpan2781" value="ⲓⲥ"/>
		<feat xlink:href="#sSpan2783" value="ⲧⲁ"/>
		<feat xlink:href="#sSpan2787" value="ⲙⲁⲩ"/>
		<feat xlink:href="#sSpan2789" value="ⲛⲉⲙ"/>
		<feat xlink:href="#sSpan2793" value="ⲛⲁ"/>
		<feat xlink:href="#sSpan2795" value="ⲥⲛⲏⲟⲩ"/>
		<feat xlink:href="#sSpan2797" value="."/>
		<feat xlink:href="#sSpan2801" value="ⲫⲏ"/>
		<feat xlink:href="#sSpan2807" value="ⲉⲑ"/>
		<feat xlink:href="#sSpan2811" value="ⲛⲁ"/>
		<feat xlink:href="#sSpan2813" value="ⲓⲣⲓ"/>
		<feat xlink:href="#sSpan2815" value="ⲙ"/>
		<feat xlink:href="#sSpan2819" value="ⲡ"/>
		<feat xlink:href="#sSpan2821" value="ⲉⲧⲉ"/>
		<feat xlink:href="#sSpan2823" value="ϩⲛⲉ"/>
		<feat xlink:href="#sSpan2825" value="ⲫ"/>
		<feat xlink:href="#sSpan2827" value="ⲛⲟⲩϯ"/>
		<feat xlink:href="#sSpan2829" value="ⲫⲁⲓ"/>
		<feat xlink:href="#sSpan2833" value="ⲡⲉ"/>
		<feat xlink:href="#sSpan2837" value="ⲡⲁ"/>
		<feat xlink:href="#sSpan2841" value="ⲥⲟⲛ"/>
		<feat xlink:href="#sSpan2843" value="ⲛⲉⲙ"/>
		<feat xlink:href="#sSpan2847" value="ⲧⲁ"/>
		<feat xlink:href="#sSpan2849" value="ⲥⲱⲛⲓ"/>
		<feat xlink:href="#sSpan2851" value="ⲛⲉⲙ"/>
		<feat xlink:href="#sSpan2855" value="ⲧⲁ"/>
		<feat xlink:href="#sSpan2857" value="ⲙⲁⲩ"/>
		<feat xlink:href="#sSpan2859" value="."/></featList></paula>