<?xml version='1.0' encoding='UTF-8'?><!DOCTYPE paula SYSTEM "paula_feat.dtd">
<paula version="1.1">
	<header paula_id="scriptorium.1Cor_05.mark_norm_group"/>
	<featList xmlns:xlink="http://www.w3.org/1999/xlink" type="norm_group" xml:base="scriptorium.1Cor_05.mark.xml">
		<feat xlink:href="#sSpan3" value="ⲥⲉⲥⲱⲧⲙ"/>
		<feat xlink:href="#sSpan17" value="ⲣⲱ"/>
		<feat xlink:href="#sSpan21" value="ⲉⲩⲡⲟⲣⲛⲉⲓⲁ"/>
		<feat xlink:href="#sSpan31" value="ⲛϩⲏⲧⲧⲏⲩⲧⲛ"/>
		<feat xlink:href="#sSpan37" value="ⲁⲩⲱ"/>
		<feat xlink:href="#sSpan41" value="ⲟⲩⲡⲟⲣⲛⲉⲓⲁ"/>
		<feat xlink:href="#sSpan49" value="ⲛⲧⲉⲓⲙⲓⲛⲉ"/>
		<feat xlink:href="#sSpan57" value="ⲉⲛⲥϩⲛⲛⲕⲉϩⲉⲑⲛⲟⲥ"/>
		<feat xlink:href="#sSpan75" value="ⲁⲛ"/>
		<feat xlink:href="#sSpan79" value="."/>
		<feat xlink:href="#sSpan84" value="ϩⲱⲥⲧⲉ"/>
		<feat xlink:href="#sSpan88" value="ⲉⲧⲣⲉⲟⲩⲁ"/>
		<feat xlink:href="#sSpan97" value="ϫⲓⲧϩⲓⲙⲉ"/>
		<feat xlink:href="#sSpan106" value="ⲙⲡⲉϥⲉⲓⲱⲧ"/>
		<feat xlink:href="#sSpan115" value="."/>
		<feat xlink:href="#sSpan119" value="ⲁⲩⲱ"/>
		<feat xlink:href="#sSpan129" value="ⲛⲧⲱⲧⲛ"/>
		<feat xlink:href="#sSpan133" value="ⲧⲉⲧⲛϫⲟⲥⲉ"/>
		<feat xlink:href="#sSpan139" value="ⲛϩⲏⲧ"/>
		<feat xlink:href="#sSpan145" value="ⲁⲩⲱ"/>
		<feat xlink:href="#sSpan149" value="ⲛⲧⲁⲧⲉⲧⲛⲣϩⲏⲃⲉ"/>
		<feat xlink:href="#sSpan161" value="ⲁⲛ"/>
		<feat xlink:href="#sSpan165" value="ⲛϩⲟⲩⲟ"/>
		<feat xlink:href="#sSpan169" value="."/>
		<feat xlink:href="#sSpan173" value="ϫⲉⲕⲁⲁⲥ"/>
		<feat xlink:href="#sSpan177" value="ⲉⲩⲉϥⲓ"/>
		<feat xlink:href="#sSpan183" value="ϩⲛⲧⲉⲧⲛⲙⲏⲧⲉ"/>
		<feat xlink:href="#sSpan192" value="ⲙⲡⲉⲛⲧⲁϥⲉⲓⲣⲉ"/>
		<feat xlink:href="#sSpan207" value="ⲙⲡⲉⲓϩⲱⲃ"/>
		<feat xlink:href="#sSpan216" value="."/>
		<feat xlink:href="#sSpan220" value="ⲁⲛⲟⲕ"/>
		<feat xlink:href="#sSpan231" value="ⲅⲁⲣ"/>
		<feat xlink:href="#sSpan235" value="ⲉⲛϯϩⲁⲧⲉⲧⲏⲩⲧⲛ"/>
		<feat xlink:href="#sSpan247" value="ⲁⲛ"/>
		<feat xlink:href="#sSpan251" value="ϩⲙⲡⲥⲱⲙⲁ"/>
		<feat xlink:href="#sSpan261" value="."/>
		<feat xlink:href="#sSpan265" value="ⲉⲓϩⲁⲧⲉⲧⲏⲩⲧⲛ"/>
		<feat xlink:href="#sSpan276" value="ⲇⲉ"/>
		<feat xlink:href="#sSpan280" value="ϩⲙⲡⲉⲡⲛⲉⲩⲙⲁ"/>
		<feat xlink:href="#sSpan290" value="."/>
		<feat xlink:href="#sSpan294" value="ⲁⲓⲟⲩⲱ"/>
		<feat xlink:href="#sSpan302" value="ⲉⲓⲕⲣⲓⲛⲉ"/>
		<feat xlink:href="#sSpan312" value="ϩⲱⲥ"/>
		<feat xlink:href="#sSpan316" value="ⲉⲓϩⲁⲧⲛⲧⲏⲩⲧⲛ"/>
		<feat xlink:href="#sSpan326" value="ⲙⲡⲉⲛⲧⲁϥⲉⲓⲣⲉ"/>
		<feat xlink:href="#sSpan341" value="ⲙⲡⲉⲓϩⲱⲃ"/>
		<feat xlink:href="#sSpan350" value="ⲛⲧⲉⲓϩⲉ"/>
		<feat xlink:href="#sSpan358" value="."/>
		<feat xlink:href="#sSpan363" value="ⲉⲁⲧⲉⲧⲛⲥⲱⲟⲩϩ"/>
		<feat xlink:href="#sSpan379" value="ⲉϩⲟⲩⲛ"/>
		<feat xlink:href="#sSpan383" value="ⲉⲛⲉⲧⲛⲉⲣⲏⲩ"/>
		<feat xlink:href="#sSpan391" value="ϩⲙⲡⲣⲁⲛ"/>
		<feat xlink:href="#sSpan400" value="ⲙⲡⲉⲛϫⲟⲉⲓⲥ"/>
		<feat xlink:href="#sSpan410" value="ⲓⲏⲥⲟⲩⲥ"/>
		<feat xlink:href="#sSpan414" value="ⲡⲉⲭⲣⲓⲥⲧⲟⲥ"/>
		<feat xlink:href="#sSpan421" value="ⲙⲛⲡⲁⲡⲛⲉⲩⲙⲁ"/>
		<feat xlink:href="#sSpan431" value="ⲙⲛⲧϭⲟⲙ"/>
		<feat xlink:href="#sSpan440" value="ⲙⲡⲉⲛϫⲟⲉⲓⲥ"/>
		<feat xlink:href="#sSpan450" value="ⲓⲏⲥⲟⲩⲥ"/>
		<feat xlink:href="#sSpan454" value="."/>
		<feat xlink:href="#sSpan458" value="ⲉϯ"/>
		<feat xlink:href="#sSpan470" value="ⲙⲡⲁⲓ"/>
		<feat xlink:href="#sSpan477" value="ⲛⲧⲉⲓⲙⲓⲛⲉ"/>
		<feat xlink:href="#sSpan485" value="ⲙⲡⲥⲁⲧⲁⲛⲁⲥ"/>
		<feat xlink:href="#sSpan495" value="ⲉⲩⲧⲁⲕⲟ"/>
		<feat xlink:href="#sSpan503" value="ⲛⲧⲥⲁⲣⲝ"/>
		<feat xlink:href="#sSpan513" value="."/>
		<feat xlink:href="#sSpan517" value="ϫⲉⲉⲣⲉⲡⲉⲡⲛⲉⲩⲙⲁ"/>
		<feat xlink:href="#sSpan529" value="ⲟⲩϫⲁⲓ"/>
		<feat xlink:href="#sSpan533" value="ϩⲙⲡⲉϩⲟⲟⲩ"/>
		<feat xlink:href="#sSpan542" value="ⲙⲡⲉⲛϫⲟⲉⲓⲥ"/>
		<feat xlink:href="#sSpan552" value="ⲓⲏⲥⲟⲩⲥ"/>
		<feat xlink:href="#sSpan556" value="ⲡⲉⲭⲣⲓⲥⲧⲟⲥ"/>
		<feat xlink:href="#sSpan563" value="."/>
		<feat xlink:href="#sSpan567" value="ⲛⲛⲁⲛⲟⲩⲡⲉⲧⲛϣⲟⲩϣⲟⲩ"/>
		<feat xlink:href="#sSpan583" value="ⲁⲛ"/>
		<feat xlink:href="#sSpan587" value="."/>
		<feat xlink:href="#sSpan591" value="ⲛⲧⲉⲧⲛⲥⲟⲟⲩⲛ"/>
		<feat xlink:href="#sSpan599" value="ⲁⲛ"/>
		<feat xlink:href="#sSpan603" value="ϫⲉϣⲁⲣⲉⲟⲩⲕⲟⲩⲓ"/>
		<feat xlink:href="#sSpan614" value="ⲛⲑⲁⲃ"/>
		<feat xlink:href="#sSpan620" value="ⲧⲣⲉⲡⲟⲩⲱϣⲙ"/>
		<feat xlink:href="#sSpan629" value="ⲧⲏⲣϥ"/>
		<feat xlink:href="#sSpan635" value="ϥⲓ"/>
		<feat xlink:href="#sSpan639" value="."/>
		<feat xlink:href="#sSpan643" value="ϥⲓ"/>
		<feat xlink:href="#sSpan653" value="ⲙⲡⲓⲑⲁⲃ"/>
		<feat xlink:href="#sSpan662" value="ⲛⲁⲥ"/>
		<feat xlink:href="#sSpan668" value="ⲉⲃⲟⲗ"/>
		<feat xlink:href="#sSpan672" value="ⲛϩⲏⲧⲧⲏⲩⲧⲛ"/>
		<feat xlink:href="#sSpan678" value="ϫⲉⲉⲧⲉⲧⲛⲉϣⲱⲡⲉ"/>
		<feat xlink:href="#sSpan686" value="ⲛⲟⲩⲟⲩⲱϣⲙ"/>
		<feat xlink:href="#sSpan695" value="ⲛⲃⲣⲣⲉ"/>
		<feat xlink:href="#sSpan702" value="ⲕⲁⲧⲁⲧϩⲉ"/>
		<feat xlink:href="#sSpan711" value="ⲉⲛⲧⲉⲧⲛϩⲉⲛⲁⲧⲑⲁⲃ"/>
		<feat xlink:href="#sSpan724" value="."/>
		<feat xlink:href="#sSpan729" value="ⲕⲁⲓ"/>
		<feat xlink:href="#sSpan734" value="ⲅⲁⲣ"/>
		<feat xlink:href="#sSpan738" value="ⲁⲩϣⲱⲱⲧ"/>
		<feat xlink:href="#sSpan746" value="ⲙⲡⲉⲛⲡⲁⲥⲭⲁ"/>
		<feat xlink:href="#sSpan756" value="ϩⲁⲣⲟⲛ"/>
		<feat xlink:href="#sSpan763" value="ⲡⲉⲭⲣⲓⲥⲧⲟⲥ"/>
		<feat xlink:href="#sSpan770" value="."/>
		<feat xlink:href="#sSpan775" value="ϩⲱⲥⲧⲉ"/>
		<feat xlink:href="#sSpan784" value="ⲙⲁⲣⲛⲣϣⲁ"/>
		<feat xlink:href="#sSpan794" value="ϩⲛⲟⲩⲑⲁⲃ"/>
		<feat xlink:href="#sSpan803" value="ⲁⲛ"/>
		<feat xlink:href="#sSpan807" value="ⲛⲁⲥ"/>
		<feat xlink:href="#sSpan813" value="."/>
		<feat xlink:href="#sSpan818" value="ⲟⲩⲇⲉ"/>
		<feat xlink:href="#sSpan822" value="ϩⲛⲟⲩⲑⲁⲃ"/>
		<feat xlink:href="#sSpan831" value="ⲁⲛ"/>
		<feat xlink:href="#sSpan835" value="ⲛⲕⲁⲕⲓⲁ"/>
		<feat xlink:href="#sSpan843" value="ϩⲓⲡⲟⲛⲏⲣⲓⲁ"/>
		<feat xlink:href="#sSpan851" value="."/>
		<feat xlink:href="#sSpan856" value="ⲁⲗⲗⲁ"/>
		<feat xlink:href="#sSpan860" value="ϩⲛϩⲉⲛⲁⲧⲑⲁⲃ"/>
		<feat xlink:href="#sSpan871" value="ⲛⲧⲃⲃⲟ"/>
		<feat xlink:href="#sSpan878" value="ϩⲓⲙⲉ"/>
		<feat xlink:href="#sSpan885" value="."/>
		<feat xlink:href="#sSpan889" value="ⲁⲓⲥϩⲁⲓ"/>
		<feat xlink:href="#sSpan902" value="ⲛⲏⲧⲛ"/>
		<feat xlink:href="#sSpan908" value="ϩⲛⲧⲉⲡⲓⲥⲧⲟⲗⲏ"/>
		<feat xlink:href="#sSpan918" value="ϫⲉⲙⲡⲣⲧⲱϩ"/>
		<feat xlink:href="#sSpan926" value="ⲙⲛⲡⲟⲣⲛⲟⲥ"/>
		<feat xlink:href="#sSpan934" value="."/>
		<feat xlink:href="#sSpan939" value="ⲟⲩ"/>
		<feat xlink:href="#sSpan950" value="ⲡⲁⲛⲧⲱⲥ"/>
		<feat xlink:href="#sSpan954" value="ⲉⲓϫⲱ"/>
		<feat xlink:href="#sSpan962" value="ⲙⲙⲟⲥ"/>
		<feat xlink:href="#sSpan968" value="ϫⲉⲙⲡⲟⲣⲛⲟⲥ"/>
		<feat xlink:href="#sSpan978" value="ⲙⲡⲉⲓⲕⲟⲥⲙⲟⲥ"/>
		<feat xlink:href="#sSpan989" value="ⲏ"/>
		<feat xlink:href="#sSpan993" value="ⲙⲙⲁⲓⲧⲟⲉ"/>
		<feat xlink:href="#sSpan1002" value="ⲛϩⲟⲩⲟ"/>
		<feat xlink:href="#sSpan1009" value="ⲏ"/>
		<feat xlink:href="#sSpan1014" value="ⲛⲣⲉϥⲧⲱⲣⲡ"/>
		<feat xlink:href="#sSpan1023" value="ⲏ"/>
		<feat xlink:href="#sSpan1028" value="ⲛⲣⲉϥϣⲙϣⲉⲉⲓⲇⲱⲗⲟⲛ"/>
		<feat xlink:href="#sSpan1038" value="ⲉϣϫⲉⲉϩⲉ"/>
		<feat xlink:href="#sSpan1044" value="ⲉⲓⲉ"/>
		<feat xlink:href="#sSpan1048" value="ϣϣⲉ"/>
		<feat xlink:href="#sSpan1052" value="ⲉⲣⲱⲧⲛ"/>
		<feat xlink:href="#sSpan1058" value="ⲉⲉⲓ"/>
		<feat xlink:href="#sSpan1065" value="ⲉⲃⲟⲗ"/>
		<feat xlink:href="#sSpan1069" value="ϩⲙⲡⲕⲟⲥⲙⲟⲥ"/>
		<feat xlink:href="#sSpan1079" value="."/>
		<feat xlink:href="#sSpan1083" value="ⲧⲉⲛⲟⲩ"/>
		<feat xlink:href="#sSpan1093" value="ⲇⲉ"/>
		<feat xlink:href="#sSpan1097" value="ⲛⲧⲁⲓⲥϩⲁⲓ"/>
		<feat xlink:href="#sSpan1107" value="ⲛⲏⲧⲛ"/>
		<feat xlink:href="#sSpan1113" value="ϫⲉⲙⲡⲣⲧⲱϩ"/>
		<feat xlink:href="#sSpan1121" value="ⲙⲛⲟⲩⲁ"/>
		<feat xlink:href="#sSpan1128" value="ⲉⲩⲙⲟⲩⲧⲉ"/>
		<feat xlink:href="#sSpan1136" value="ⲉⲣⲟϥ"/>
		<feat xlink:href="#sSpan1142" value="ϫⲉⲟⲩⲥⲟⲛ"/>
		<feat xlink:href="#sSpan1151" value="ⲡⲉ"/>
		<feat xlink:href="#sSpan1155" value="ⲉϣⲱⲡⲉ"/>
		<feat xlink:href="#sSpan1160" value="ⲟⲩⲡⲟⲣⲛⲟⲥ"/>
		<feat xlink:href="#sSpan1167" value="ⲡⲉ"/>
		<feat xlink:href="#sSpan1172" value="ⲏ"/>
		<feat xlink:href="#sSpan1177" value="ⲛⲣⲉϥϣⲙϣⲉⲉⲓⲇⲱⲗⲟⲛ"/>
		<feat xlink:href="#sSpan1188" value="ⲏ"/>
		<feat xlink:href="#sSpan1192" value="ⲙⲙⲁⲓⲧⲟⲉ"/>
		<feat xlink:href="#sSpan1201" value="ⲛϩⲟⲩⲟ"/>
		<feat xlink:href="#sSpan1208" value="ⲏ"/>
		<feat xlink:href="#sSpan1213" value="ⲛⲣⲉϥⲥⲁϩⲟⲩ"/>
		<feat xlink:href="#sSpan1222" value="ⲏ"/>
		<feat xlink:href="#sSpan1227" value="ⲛⲣⲉϥϯϩⲉ"/>
		<feat xlink:href="#sSpan1236" value="ⲏ"/>
		<feat xlink:href="#sSpan1241" value="ⲛⲣⲉϥⲧⲱⲣⲡ"/>
		<feat xlink:href="#sSpan1249" value="ⲡⲁⲓ"/>
		<feat xlink:href="#sSpan1254" value="ⲛⲧⲉⲓⲙⲓⲛⲉ"/>
		<feat xlink:href="#sSpan1263" value="ⲟⲩⲇⲉ"/>
		<feat xlink:href="#sSpan1267" value="ⲙⲡⲣⲟⲩⲱⲙ"/>
		<feat xlink:href="#sSpan1273" value="ⲛⲙⲙⲁϥ"/>
		<feat xlink:href="#sSpan1279" value="."/>
		<feat xlink:href="#sSpan1283" value="ⲟⲩ"/>
		<feat xlink:href="#sSpan1294" value="ⲅⲁⲣ"/>
		<feat xlink:href="#sSpan1298" value="ⲉⲣⲟⲓ"/>
		<feat xlink:href="#sSpan1304" value="ⲡⲉ"/>
		<feat xlink:href="#sSpan1308" value="ⲉⲕⲣⲓⲛⲉ"/>
		<feat xlink:href="#sSpan1315" value="ⲛⲛⲉⲧϩⲓⲃⲟⲗ"/>
		<feat xlink:href="#sSpan1326" value="."/>
		<feat xlink:href="#sSpan1330" value="ⲁⲩⲱ"/>
		<feat xlink:href="#sSpan1334" value="ⲛⲛⲉⲧϩⲓϩⲟⲩⲛ"/>
		<feat xlink:href="#sSpan1345" value="ⲁⲛ"/>
		<feat xlink:href="#sSpan1349" value="."/>
		<feat xlink:href="#sSpan1353" value="ⲛⲧⲱⲧⲛ"/>
		<feat xlink:href="#sSpan1358" value="ⲕⲣⲓⲛⲉ"/>
		<feat xlink:href="#sSpan1362" value="ⲛⲛⲉⲧϩⲓϩⲟⲩⲛ"/>
		<feat xlink:href="#sSpan1374" value="ⲡⲛⲟⲩⲧⲉ"/>
		<feat xlink:href="#sSpan1387" value="ⲇⲉ"/>
		<feat xlink:href="#sSpan1391" value="ⲛⲁⲕⲣⲓⲛⲉ"/>
		<feat xlink:href="#sSpan1398" value="ⲛⲛⲉⲧϩⲓⲃⲟⲗ"/>
		<feat xlink:href="#sSpan1409" value="ϥⲓ"/>
		<feat xlink:href="#sSpan1413" value="ⲙⲡⲡⲟⲛⲏⲣⲟⲥ"/>
		<feat xlink:href="#sSpan1423" value="ⲉⲃⲟⲗ"/>
		<feat xlink:href="#sSpan1427" value="ⲛϩⲏⲧⲧⲏⲩⲧⲛ"/>
		<feat xlink:href="#sSpan1433" value="."/></featList></paula>