<?xml version='1.0' encoding='UTF-8'?><!DOCTYPE paula SYSTEM "paula_feat.dtd">
<paula version="1.1">
	<header paula_id="scriptorium.1Cor_05.mark_translation"/>
	<featList xmlns:xlink="http://www.w3.org/1999/xlink" type="translation" xml:base="scriptorium.1Cor_05.mark.xml">
		<feat xlink:href="#sSpan9" value="It is actually reported that there is sexual immorality among you, and such sexual immorality as is not even named among the Gentiles, that one has his father's wife."/>
		<feat xlink:href="#sSpan125" value="You are puffed up, and didn&amp;apos;t rather mourn, that he who had done this deed might be removed from among you."/>
		<feat xlink:href="#sSpan226" value="For I most certainly, as being absent in body but present in spirit, have already, as though I were present, judged him who has done this thing."/>
		<feat xlink:href="#sSpan369" value="In the name of our Lord Jesus Christ, you being gathered together, and my spirit, with the power of our Lord Jesus Christ,"/>
		<feat xlink:href="#sSpan464" value="are to deliver such a one to Satan for the destruction of the flesh, that the spirit may be saved in the day of the Lord Jesus."/>
		<feat xlink:href="#sSpan572" value="Your boasting is not good. Don&amp;apos;t you know that a little yeast leavens the whole lump?"/>
		<feat xlink:href="#sSpan649" value="Purge out the old yeast, that you may be a new lump, even as you are unleavened. For indeed Christ, our Passover, has been sacrificed in our place."/>
		<feat xlink:href="#sSpan780" value="Therefore let us keep the feast, not with old yeast, neither with the yeast of malice and wickedness, but with the unleavened bread of sincerity and truth."/>
		<feat xlink:href="#sSpan894" value="I wrote to you in my letter to have no company with sexual sinners;"/>
		<feat xlink:href="#sSpan945" value="yet not at all meaning with the sexual sinners of this world, or with the covetous and extortioners, or with idolaters; for then you would have to leave the world"/>
		<feat xlink:href="#sSpan1088" value="But as it is, I wrote to you not to associate with anyone who is called a brother who is a sexual sinner, or covetous, or an idolater, or a slanderer, or a drunkard, or an extortioner. Don&amp;apos;t even eat with such a person."/>
		<feat xlink:href="#sSpan1289" value="For what have I to do with also judging those who are outside? Don&amp;apos;t you judge those who are within?"/>
		<feat xlink:href="#sSpan1380" value="But those who are outside, God judges. &amp;apos;Put away the wicked man from among yourselves.&amp;apos;"/></featList></paula>