<?xml version='1.0' encoding='UTF-8'?><!DOCTYPE paula SYSTEM "paula_feat.dtd">
<paula version="1.1">
	<header paula_id="scriptorium.1Cor_05.mark_text"/>
	<featList xmlns:xlink="http://www.w3.org/1999/xlink" type="text" xml:base="scriptorium.1Cor_05.mark.xml">
		<feat xlink:href="#sSpan25" value="ⲩ ⲡⲟⲣⲛⲉⲓⲁ ⲛϩⲏⲧ ⲧⲏⲩⲧⲛ"/>
		<feat xlink:href="#sSpan43" value="ⲟⲩ ⲡⲟⲣⲛⲉⲓⲁ ⲛ ⲧⲉⲓ ⲙⲓⲛⲉ ⲉ ⲛ ⲥ ϩⲛ ⲛ ⲕⲉ ϩⲉⲑⲛⲟⲥ ⲁⲛ"/>
		<feat xlink:href="#sSpan67" value="ⲛ ⲕⲉ ϩⲉⲑⲛⲟⲥ"/>
		<feat xlink:href="#sSpan94" value="ⲟⲩⲁ"/>
		<feat xlink:href="#sSpan101" value="ⲧ ϩⲓⲙⲉ ⲙ ⲡⲉϥ ⲉⲓⲱⲧ"/>
		<feat xlink:href="#sSpan110" value="ⲡⲉϥ ⲉⲓⲱⲧ"/>
		<feat xlink:href="#sSpan187" value="ⲧⲉⲧⲛ ⲙⲏⲧⲉ"/>
		<feat xlink:href="#sSpan196" value="ⲡ ⲉⲛⲧ ⲁ ϥ ⲉⲓⲣⲉ ⲙ ⲡⲉⲓ ϩⲱⲃ"/>
		<feat xlink:href="#sSpan211" value="ⲡⲉⲓ ϩⲱⲃ"/>
		<feat xlink:href="#sSpan255" value="ⲡ ⲥⲱⲙⲁ"/>
		<feat xlink:href="#sSpan284" value="ⲡⲉ ⲡⲛⲉⲩⲙⲁ"/>
		<feat xlink:href="#sSpan330" value="ⲡ ⲉⲛⲧ ⲁ ϥ ⲉⲓⲣⲉ ⲙ ⲡⲉⲓ ϩⲱⲃ ⲛ ⲧⲉⲓ ϩⲉ"/>
		<feat xlink:href="#sSpan345" value="ⲡⲉⲓ ϩⲱⲃ"/>
		<feat xlink:href="#sSpan395" value="ⲡ ⲣⲁⲛ ⲙ ⲡⲉⲛ ϫⲟⲉⲓⲥ ⲓⲏⲥⲟⲩⲥ ⲡⲉ ⲭⲣⲓⲥⲧⲟⲥ"/>
		<feat xlink:href="#sSpan404" value="ⲡⲉⲛ ϫⲟⲉⲓⲥ ⲓⲏⲥⲟⲩⲥ ⲡⲉ ⲭⲣⲓⲥⲧⲟⲥ"/>
		<feat xlink:href="#sSpan425" value="ⲡⲁ ⲡⲛⲉⲩⲙⲁ"/>
		<feat xlink:href="#sSpan435" value="ⲧ ϭⲟⲙ ⲙ ⲡⲉⲛ ϫⲟⲉⲓⲥ ⲓⲏⲥⲟⲩⲥ"/>
		<feat xlink:href="#sSpan444" value="ⲡⲉⲛ ϫⲟⲉⲓⲥ ⲓⲏⲥⲟⲩⲥ"/>
		<feat xlink:href="#sSpan474" value="ⲡⲁⲓ"/>
		<feat xlink:href="#sSpan489" value="ⲡ ⲥⲁⲧⲁⲛⲁⲥ"/>
		<feat xlink:href="#sSpan507" value="ⲧ ⲥⲁⲣⲝ"/>
		<feat xlink:href="#sSpan523" value="ⲡⲉ ⲡⲛⲉⲩⲙⲁ"/>
		<feat xlink:href="#sSpan537" value="ⲡⲉ ϩⲟⲟⲩ ⲙ ⲡⲉⲛ ϫⲟⲉⲓⲥ ⲓⲏⲥⲟⲩⲥ ⲡⲉ ⲭⲣⲓⲥⲧⲟⲥ"/>
		<feat xlink:href="#sSpan546" value="ⲡⲉⲛ ϫⲟⲉⲓⲥ ⲓⲏⲥⲟⲩⲥ ⲡⲉ ⲭⲣⲓⲥⲧⲟⲥ"/>
		<feat xlink:href="#sSpan578" value="ⲡⲉⲧⲛ ϣⲟⲩϣⲟⲩ"/>
		<feat xlink:href="#sSpan609" value="ⲟⲩ ⲕⲟⲩⲓ ⲛ ⲑⲁⲃ"/>
		<feat xlink:href="#sSpan624" value="ⲡ ⲟⲩⲱϣⲙ ⲧⲏⲣ ϥ"/>
		<feat xlink:href="#sSpan657" value="ⲡⲓ ⲑⲁⲃ ⲛ ⲁⲥ"/>
		<feat xlink:href="#sSpan690" value="ⲟⲩ ⲟⲩⲱϣⲙ ⲛ ⲃⲣⲣⲉ"/>
		<feat xlink:href="#sSpan717" value="ϩⲉⲛ ⲁⲧⲑⲁⲃ"/>
		<feat xlink:href="#sSpan750" value="ⲡⲉⲛ ⲡⲁⲥⲭⲁ"/>
		<feat xlink:href="#sSpan762" value="ⲡⲉ ⲭⲣⲓⲥⲧⲟⲥ"/>
		<feat xlink:href="#sSpan798" value="ⲟⲩ ⲑⲁⲃ ⲁⲛ ⲛ ⲁⲥ"/>
		<feat xlink:href="#sSpan826" value="ⲟⲩ ⲑⲁⲃ ⲁⲛ ⲛ ⲕⲁⲕⲓⲁ ϩⲓ ⲡⲟⲛⲏⲣⲓⲁ"/>
		<feat xlink:href="#sSpan840" value="ⲕⲁⲕⲓⲁ"/>
		<feat xlink:href="#sSpan848" value="ⲡⲟⲛⲏⲣⲓⲁ"/>
		<feat xlink:href="#sSpan864" value="ϩⲉⲛ ⲁⲧⲑⲁⲃ ⲛ ⲧⲃⲃⲟ ϩⲓ ⲙⲉ"/>
		<feat xlink:href="#sSpan875" value="ⲧⲃⲃⲟ"/>
		<feat xlink:href="#sSpan882" value="ⲙⲉ"/>
		<feat xlink:href="#sSpan912" value="ⲧ ⲉⲡⲓⲥⲧⲟⲗⲏ"/>
		<feat xlink:href="#sSpan931" value="ⲡⲟⲣⲛⲟⲥ"/>
		<feat xlink:href="#sSpan972" value="ⲙ ⲡⲟⲣⲛⲟⲥ ⲙ ⲡⲉⲓ ⲕⲟⲥⲙⲟⲥ"/>
		<feat xlink:href="#sSpan982" value="ⲡⲉⲓ ⲕⲟⲥⲙⲟⲥ"/>
		<feat xlink:href="#sSpan995" value="ⲙ ⲙⲁⲓⲧⲟⲉ ⲛ ϩⲟⲩⲟ"/>
		<feat xlink:href="#sSpan1013" value="ⲛ ⲣⲉϥⲧⲱⲣⲡ"/>
		<feat xlink:href="#sSpan1027" value="ⲛ ⲣⲉϥϣⲙϣⲉⲉⲓⲇⲱⲗⲟⲛ"/>
		<feat xlink:href="#sSpan1073" value="ⲡ ⲕⲟⲥⲙⲟⲥ"/>
		<feat xlink:href="#sSpan1125" value="ⲟⲩⲁ ⲉ ⲩ ⲙⲟⲩⲧⲉ ⲉⲣⲟ ϥ ϫⲉ ⲟⲩ ⲥⲟⲛ ⲡⲉ"/>
		<feat xlink:href="#sSpan1146" value="ⲟⲩ ⲥⲟⲛ"/>
		<feat xlink:href="#sSpan1159" value="ⲟⲩ ⲡⲟⲣⲛⲟⲥ"/>
		<feat xlink:href="#sSpan1176" value="ⲛ ⲣⲉϥϣⲙϣⲉⲉⲓⲇⲱⲗⲟⲛ"/>
		<feat xlink:href="#sSpan1194" value="ⲙ ⲙⲁⲓⲧⲟⲉ ⲛ ϩⲟⲩⲟ"/>
		<feat xlink:href="#sSpan1212" value="ⲛ ⲣⲉϥⲥⲁϩⲟⲩ"/>
		<feat xlink:href="#sSpan1226" value="ⲛ ⲣⲉϥϯϩⲉ"/>
		<feat xlink:href="#sSpan1240" value="ⲛ ⲣⲉϥⲧⲱⲣⲡ"/>
		<feat xlink:href="#sSpan1251" value="ⲡⲁⲓ ⲛ ⲧⲉⲓ ⲙⲓⲛⲉ"/>
		<feat xlink:href="#sSpan1319" value="ⲛ ⲉⲧ ϩⲓⲃⲟⲗ"/>
		<feat xlink:href="#sSpan1338" value="ⲛ ⲉⲧ ϩⲓϩⲟⲩⲛ"/>
		<feat xlink:href="#sSpan1366" value="ⲛ ⲉⲧ ϩⲓϩⲟⲩⲛ"/>
		<feat xlink:href="#sSpan1373" value="ⲡ ⲛⲟⲩⲧⲉ"/>
		<feat xlink:href="#sSpan1402" value="ⲛ ⲉⲧ ϩⲓⲃⲟⲗ"/>
		<feat xlink:href="#sSpan1417" value="ⲡ ⲡⲟⲛⲏⲣⲟⲥ"/></featList></paula>