<?xml version='1.0' encoding='UTF-8'?><!DOCTYPE paula SYSTEM "paula_feat.dtd">
<paula version="1.1">
	<header paula_id="scriptorium.1Cor_05.mark_sbl_apparatus"/>
	<featList xmlns:xlink="http://www.w3.org/1999/xlink" type="sbl_apparatus" xml:base="scriptorium.1Cor_05.mark.xml">
		<feat xlink:href="#sSpan8" value="ἔθνεσιν WH Treg NIV ] + ὀνομάζεται RP"/>
		<feat xlink:href="#sSpan124" value="ἀρθῇ WH Treg NIV ] ἐξαρθῇ RP • ποιήσας Treg RP ] πράξας WH NIV"/>
		<feat xlink:href="#sSpan225" value="ἀπὼν WH Treg NIV ] ὡς ἀπὼν RP"/>
		<feat xlink:href="#sSpan368" value="⸀Ἰησοῦ WH Treg NIV ] + Χριστοῦ RP • ⸁Ἰησοῦ WH Treg NIV ] + Χριστοῦ RP"/>
		<feat xlink:href="#sSpan463" value="κυρίου WH NIV ] + Ἰησοῦ Treg RP"/>
		<feat xlink:href="#sSpan648" value="ἡμῶν WH Treg NIV ] + ὑπὲρ ἡμῶν RP"/>
		<feat xlink:href="#sSpan944" value="οὐ WH Treg NIV ] καὶ οὐ RP • καὶ WH Treg NIV ] ἢ RP • ὠφείλετε WH Treg NIV ] ὀφείλετε RP"/>
		<feat xlink:href="#sSpan1288" value="μοι WH Treg NIV ] + καί RP"/>
		<feat xlink:href="#sSpan1379" value="κρίνει WH Treg ] κρινεῖ NIV RP • ἐξάρατε WH Treg NIV ] Καί ἐξαρεῖτε RP"/></featList></paula>