<?xml version='1.0' encoding='UTF-8'?><!DOCTYPE paula SYSTEM "paula_feat.dtd">
<paula version="1.1">
	<header paula_id="scriptorium.1Cor_05.mark_sbl_greek"/>
	<featList xmlns:xlink="http://www.w3.org/1999/xlink" type="sbl_greek" xml:base="scriptorium.1Cor_05.mark.xml">
		<feat xlink:href="#sSpan7" value="Ὅλως ἀκούεται ἐν ὑμῖν πορνεία, καὶ τοιαύτη πορνεία ἥτις οὐδὲ ἐν τοῖς ⸀ἔθνεσιν, ὥστε γυναῖκά τινα τοῦ πατρὸς ἔχειν. "/>
		<feat xlink:href="#sSpan123" value="καὶ ὑμεῖς πεφυσιωμένοι ἐστέ, καὶ οὐχὶ μᾶλλον ἐπενθήσατε, ἵνα ⸀ἀρθῇ ἐκ μέσου ὑμῶν ὁ τὸ ἔργον τοῦτο ⸀ποιήσας; "/>
		<feat xlink:href="#sSpan224" value="Ἐγὼ μὲν γάρ, ⸀ἀπὼν τῷ σώματι παρὼν δὲ τῷ πνεύματι, ἤδη κέκρικα ὡς παρὼν τὸν οὕτως τοῦτο κατεργασάμενον "/>
		<feat xlink:href="#sSpan367" value="ἐν τῷ ὀνόματι τοῦ κυρίου ἡμῶν ⸀Ἰησοῦ, συναχθέντων ὑμῶν καὶ τοῦ ἐμοῦ πνεύματος σὺν τῇ δυνάμει τοῦ κυρίου ἡμῶν ⸁Ἰησοῦ, "/>
		<feat xlink:href="#sSpan462" value="παραδοῦναι τὸν τοιοῦτον τῷ Σατανᾷ εἰς ὄλεθρον τῆς σαρκός, ἵνα τὸ πνεῦμα σωθῇ ἐν τῇ ἡμέρᾳ τοῦ ⸀κυρίου. "/>
		<feat xlink:href="#sSpan571" value="Οὐ καλὸν τὸ καύχημα ὑμῶν. οὐκ οἴδατε ὅτι μικρὰ ζύμη ὅλον τὸ φύραμα ζυμοῖ; "/>
		<feat xlink:href="#sSpan647" value="ἐκκαθάρατε τὴν παλαιὰν ζύμην, ἵνα ἦτε νέον φύραμα, καθώς ἐστε ἄζυμοι. καὶ γὰρ τὸ πάσχα ⸀ἡμῶν ἐτύθη Χριστός· "/>
		<feat xlink:href="#sSpan779" value="ὥστε ἑορτάζωμεν, μὴ ἐν ζύμῃ παλαιᾷ μηδὲ ἐν ζύμῃ κακίας καὶ πονηρίας, ἀλλ’ ἐν ἀζύμοις εἰλικρινείας καὶ ἀληθείας. "/>
		<feat xlink:href="#sSpan893" value="Ἔγραψα ὑμῖν ἐν τῇ ἐπιστολῇ μὴ συναναμίγνυσθαι πόρνοις, "/>
		<feat xlink:href="#sSpan943" value="⸀οὐ πάντως τοῖς πόρνοις τοῦ κόσμου τούτου ἢ τοῖς πλεονέκταις ⸀καὶ ἅρπαξιν ἢ εἰδωλολάτραις, ἐπεὶ ⸀ὠφείλετε ἄρα ἐκ τοῦ κόσμου ἐξελθεῖν. "/>
		<feat xlink:href="#sSpan1087" value="νῦν δὲ ἔγραψα ὑμῖν μὴ συναναμίγνυσθαι ἐάν τις ἀδελφὸς ὀνομαζόμενος ᾖ πόρνος ἢ πλεονέκτης ἢ εἰδωλολάτρης ἢ λοίδορος ἢ μέθυσος ἢ ἅρπαξ, τῷ τοιούτῳ μηδὲ συνεσθίειν. "/>
		<feat xlink:href="#sSpan1287" value="τί γάρ ⸀μοι τοὺς ἔξω κρίνειν; οὐχὶ τοὺς ἔσω ὑμεῖς κρίνετε, "/>
		<feat xlink:href="#sSpan1378" value="τοὺς δὲ ἔξω ὁ θεὸς ⸀κρίνει; ⸀ἐξάρατε τὸν πονηρὸν ἐξ ὑμῶν αὐτῶν. "/></featList></paula>