<?xml version='1.0' encoding='UTF-8'?><!DOCTYPE paula SYSTEM "paula_feat.dtd">
<paula version="1.1">
	<header paula_id="scriptorium.Mark_07.mark_entity"/>
	<featList xmlns:xlink="http://www.w3.org/1999/xlink" type="entity" xml:base="scriptorium.Mark_07.mark.xml">
		<feat xlink:href="#sSpan31" value="person"/>
		<feat xlink:href="#sSpan43" value="person"/>
		<feat xlink:href="#sSpan50" value="person"/>
		<feat xlink:href="#sSpan76" value="place"/>
		<feat xlink:href="#sSpan106" value="person"/>
		<feat xlink:href="#sSpan113" value="person"/>
		<feat xlink:href="#sSpan131" value="object"/>
		<feat xlink:href="#sSpan146" value="object"/>
		<feat xlink:href="#sSpan151" value="person"/>
		<feat xlink:href="#sSpan173" value="person"/>
		<feat xlink:href="#sSpan195" value="object"/>
		<feat xlink:href="#sSpan220" value="abstract"/>
		<feat xlink:href="#sSpan230" value="person"/>
		<feat xlink:href="#sSpan257" value="place"/>
		<feat xlink:href="#sSpan293" value="abstract"/>
		<feat xlink:href="#sSpan333" value="object"/>
		<feat xlink:href="#sSpan350" value="object"/>
		<feat xlink:href="#sSpan360" value="object"/>
		<feat xlink:href="#sSpan391" value="person"/>
		<feat xlink:href="#sSpan401" value="person"/>
		<feat xlink:href="#sSpan416" value="person"/>
		<feat xlink:href="#sSpan441" value="abstract"/>
		<feat xlink:href="#sSpan451" value="person"/>
		<feat xlink:href="#sSpan476" value="object"/>
		<feat xlink:href="#sSpan485" value="object"/>
		<feat xlink:href="#sSpan537" value="person"/>
		<feat xlink:href="#sSpan551" value="person"/>
		<feat xlink:href="#sSpan579" value="organization"/>
		<feat xlink:href="#sSpan599" value="object"/>
		<feat xlink:href="#sSpan608" value="abstract"/>
		<feat xlink:href="#sSpan662" value="abstract"/>
		<feat xlink:href="#sSpan681" value="abstract"/>
		<feat xlink:href="#sSpan691" value="abstract"/>
		<feat xlink:href="#sSpan698" value="person"/>
		<feat xlink:href="#sSpan732" value="abstract"/>
		<feat xlink:href="#sSpan742" value="person"/>
		<feat xlink:href="#sSpan758" value="abstract"/>
		<feat xlink:href="#sSpan765" value="person"/>
		<feat xlink:href="#sSpan822" value="abstract"/>
		<feat xlink:href="#sSpan832" value="person"/>
		<feat xlink:href="#sSpan849" value="abstract"/>
		<feat xlink:href="#sSpan856" value="person"/>
		<feat xlink:href="#sSpan889" value="person"/>
		<feat xlink:href="#sSpan898" value="person"/>
		<feat xlink:href="#sSpan909" value="person"/>
		<feat xlink:href="#sSpan918" value="abstract"/>
		<feat xlink:href="#sSpan933" value="person"/>
		<feat xlink:href="#sSpan943" value="person"/>
		<feat xlink:href="#sSpan954" value="event"/>
		<feat xlink:href="#sSpan1003" value="person"/>
		<feat xlink:href="#sSpan1018" value="person"/>
		<feat xlink:href="#sSpan1028" value="person"/>
		<feat xlink:href="#sSpan1040" value="abstract"/>
		<feat xlink:href="#sSpan1051" value="abstract"/>
		<feat xlink:href="#sSpan1062" value="abstract"/>
		<feat xlink:href="#sSpan1119" value="abstract"/>
		<feat xlink:href="#sSpan1132" value="person"/>
		<feat xlink:href="#sSpan1142" value="person"/>
		<feat xlink:href="#sSpan1171" value="abstract"/>
		<feat xlink:href="#sSpan1180" value="person"/>
		<feat xlink:href="#sSpan1191" value="abstract"/>
		<feat xlink:href="#sSpan1221" value="abstract"/>
		<feat xlink:href="#sSpan1246" value="abstract"/>
		<feat xlink:href="#sSpan1291" value="person"/>
		<feat xlink:href="#sSpan1351" value="object"/>
		<feat xlink:href="#sSpan1362" value="place"/>
		<feat xlink:href="#sSpan1371" value="person"/>
		<feat xlink:href="#sSpan1418" value="object"/>
		<feat xlink:href="#sSpan1434" value="person"/>
		<feat xlink:href="#sSpan1455" value="person"/>
		<feat xlink:href="#sSpan1491" value="person"/>
		<feat xlink:href="#sSpan1513" value="place"/>
		<feat xlink:href="#sSpan1532" value="person"/>
		<feat xlink:href="#sSpan1542" value="abstract"/>
		<feat xlink:href="#sSpan1597" value="person"/>
		<feat xlink:href="#sSpan1605" value="abstract"/>
		<feat xlink:href="#sSpan1630" value="object"/>
		<feat xlink:href="#sSpan1645" value="place"/>
		<feat xlink:href="#sSpan1654" value="person"/>
		<feat xlink:href="#sSpan1733" value="abstract"/>
		<feat xlink:href="#sSpan1755" value="object"/>
		<feat xlink:href="#sSpan1782" value="place"/>
		<feat xlink:href="#sSpan1792" value="substance"/>
		<feat xlink:href="#sSpan1809" value="object"/>
		<feat xlink:href="#sSpan1854" value="object"/>
		<feat xlink:href="#sSpan1874" value="person"/>
		<feat xlink:href="#sSpan1879" value="object"/>
		<feat xlink:href="#sSpan1900" value="person"/>
		<feat xlink:href="#sSpan1946" value="abstract"/>
		<feat xlink:href="#sSpan1955" value="person"/>
		<feat xlink:href="#sSpan1964" value="abstract"/>
		<feat xlink:href="#sSpan1975" value="abstract"/>
		<feat xlink:href="#sSpan1983" value="event"/>
		<feat xlink:href="#sSpan1994" value="event"/>
		<feat xlink:href="#sSpan2006" value="abstract"/>
		<feat xlink:href="#sSpan2021" value="abstract"/>
		<feat xlink:href="#sSpan2035" value="abstract"/>
		<feat xlink:href="#sSpan2043" value="abstract"/>
		<feat xlink:href="#sSpan2055" value="abstract"/>
		<feat xlink:href="#sSpan2068" value="abstract"/>
		<feat xlink:href="#sSpan2078" value="abstract"/>
		<feat xlink:href="#sSpan2087" value="abstract"/>
		<feat xlink:href="#sSpan2099" value="abstract"/>
		<feat xlink:href="#sSpan2152" value="person"/>
		<feat xlink:href="#sSpan2188" value="place"/>
		<feat xlink:href="#sSpan2216" value="place"/>
		<feat xlink:href="#sSpan2226" value="place"/>
		<feat xlink:href="#sSpan2234" value="place"/>
		<feat xlink:href="#sSpan2258" value="place"/>
		<feat xlink:href="#sSpan2275" value="person"/>
		<feat xlink:href="#sSpan2337" value="person"/>
		<feat xlink:href="#sSpan2350" value="person"/>
		<feat xlink:href="#sSpan2363" value="person"/>
		<feat xlink:href="#sSpan2406" value="person"/>
		<feat xlink:href="#sSpan2428" value="person"/>
		<feat xlink:href="#sSpan2446" value="place"/>
		<feat xlink:href="#sSpan2458" value="place"/>
		<feat xlink:href="#sSpan2492" value="person"/>
		<feat xlink:href="#sSpan2506" value="person"/>
		<feat xlink:href="#sSpan2542" value="person"/>
		<feat xlink:href="#sSpan2594" value="object"/>
		<feat xlink:href="#sSpan2603" value="person"/>
		<feat xlink:href="#sSpan2620" value="animal"/>
		<feat xlink:href="#sSpan2680" value="person"/>
		<feat xlink:href="#sSpan2691" value="animal"/>
		<feat xlink:href="#sSpan2717" value="object"/>
		<feat xlink:href="#sSpan2728" value="object"/>
		<feat xlink:href="#sSpan2738" value="person"/>
		<feat xlink:href="#sSpan2779" value="abstract"/>
		<feat xlink:href="#sSpan2790" value="person"/>
		<feat xlink:href="#sSpan2809" value="person"/>
		<feat xlink:href="#sSpan2843" value="place"/>
		<feat xlink:href="#sSpan2861" value="person"/>
		<feat xlink:href="#sSpan2878" value="object"/>
		<feat xlink:href="#sSpan2890" value="person"/>
		<feat xlink:href="#sSpan2939" value="place"/>
		<feat xlink:href="#sSpan2949" value="place"/>
		<feat xlink:href="#sSpan2974" value="place"/>
		<feat xlink:href="#sSpan2984" value="place"/>
		<feat xlink:href="#sSpan2991" value="place"/>
		<feat xlink:href="#sSpan3001" value="place"/>
		<feat xlink:href="#sSpan3010" value="place"/>
		<feat xlink:href="#sSpan3019" value="place"/>
		<feat xlink:href="#sSpan3053" value="person"/>
		<feat xlink:href="#sSpan3092" value="object"/>
		<feat xlink:href="#sSpan3136" value="person"/>
		<feat xlink:href="#sSpan3161" value="place"/>
		<feat xlink:href="#sSpan3174" value="object"/>
		<feat xlink:href="#sSpan3187" value="object"/>
		<feat xlink:href="#sSpan3218" value="object"/>
		<feat xlink:href="#sSpan3235" value="object"/>
		<feat xlink:href="#sSpan3257" value="object"/>
		<feat xlink:href="#sSpan3270" value="place"/>
		<feat xlink:href="#sSpan3314" value="abstract"/>
		<feat xlink:href="#sSpan3339" value="object"/>
		<feat xlink:href="#sSpan3370" value="abstract"/>
		<feat xlink:href="#sSpan3379" value="object"/>
		<feat xlink:href="#sSpan3435" value="person"/>
		<feat xlink:href="#sSpan3490" value="abstract"/>
		<feat xlink:href="#sSpan3543" value="abstract"/>
		<feat xlink:href="#sSpan3573" value="person"/>
		<feat xlink:href="#sSpan3588" value="person"/></featList></paula>