<?xml version='1.0' encoding='UTF-8'?><!DOCTYPE paula SYSTEM "paula_feat.dtd">
<paula version="1.1">
	<header paula_id="scriptorium.Mark_07.mark_lemma"/>
	<featList xmlns:xlink="http://www.w3.org/1999/xlink" type="lemma" xml:base="scriptorium.Mark_07.mark.xml">
		<feat xlink:href="#sSpan1" value="ⲁ"/>
		<feat xlink:href="#sSpan10" value="ⲛⲧⲟⲟⲩ"/>
		<feat xlink:href="#sSpan12" value="ⲥⲱⲟⲩϩ"/>
		<feat xlink:href="#sSpan15" value="ⲇⲉ"/>
		<feat xlink:href="#sSpan19" value="ⲉ"/>
		<feat xlink:href="#sSpan23" value="ⲛⲧⲟϥ"/>
		<feat xlink:href="#sSpan25" value="ⲛϭⲓ"/>
		<feat xlink:href="#sSpan29" value="ⲡ"/>
		<feat xlink:href="#sSpan33" value="ⲫⲁⲣⲓⲥⲥⲁⲓⲟⲥ"/>
		<feat xlink:href="#sSpan35" value="ⲁⲩⲱ"/>
		<feat xlink:href="#sSpan39" value="ϩⲟⲓⲛⲉ"/>
		<feat xlink:href="#sSpan44" value="ⲛ"/>
		<feat xlink:href="#sSpan48" value="ⲡ"/>
		<feat xlink:href="#sSpan52" value="ⲅⲣⲁⲙⲙⲁⲧⲉⲩⲥ"/>
		<feat xlink:href="#sSpan54" value="ⲉⲣⲉ"/>
		<feat xlink:href="#sSpan59" value="ⲁ"/>
		<feat xlink:href="#sSpan61" value="ⲛⲧⲟⲟⲩ"/>
		<feat xlink:href="#sSpan63" value="ⲉⲓ"/>
		<feat xlink:href="#sSpan66" value="ⲉⲃⲟⲗ"/>
		<feat xlink:href="#sSpan70" value="ϩⲛ"/>
		<feat xlink:href="#sSpan74" value="ⲡ"/>
		<feat xlink:href="#sSpan80" value="ϩⲓⲉⲣⲟⲩⲥⲁⲗⲏⲙ"/>
		<feat xlink:href="#sSpan82" value="ⲁⲩⲱ"/>
		<feat xlink:href="#sSpan92" value="ⲛⲧⲉⲣⲉ"/>
		<feat xlink:href="#sSpan96" value="ⲛⲧⲟⲟⲩ"/>
		<feat xlink:href="#sSpan98" value="ⲛⲁⲩ"/>
		<feat xlink:href="#sSpan100" value="ⲉ"/>
		<feat xlink:href="#sSpan104" value="ϩⲟⲓⲛⲉ"/>
		<feat xlink:href="#sSpan107" value="ⲛ"/>
		<feat xlink:href="#sSpan111" value="ⲡⲉϥ"/>
		<feat xlink:href="#sSpan115" value="ⲙⲁⲑⲏⲧⲏⲥ"/>
		<feat xlink:href="#sSpan117" value="ϫⲉ"/>
		<feat xlink:href="#sSpan121" value="ⲛⲧⲟⲟⲩ"/>
		<feat xlink:href="#sSpan123" value="ⲟⲩⲱⲙ"/>
		<feat xlink:href="#sSpan125" value="ⲛ"/>
		<feat xlink:href="#sSpan129" value="ⲡⲉⲩ"/>
		<feat xlink:href="#sSpan132" value="ⲟⲉⲓⲕ"/>
		<feat xlink:href="#sSpan134" value="ⲉⲣⲉ"/>
		<feat xlink:href="#sSpan138" value="ⲙⲡⲉ"/>
		<feat xlink:href="#sSpan140" value="ⲛⲧⲟⲟⲩ"/>
		<feat xlink:href="#sSpan142" value="ⲉⲓⲁ"/>
		<feat xlink:href="#sSpan144" value="ⲧⲱⲣⲉ"/>
		<feat xlink:href="#sSpan147" value="ⲛⲧⲟⲟⲩ"/>
		<feat xlink:href="#sSpan149" value="ⲡ"/>
		<feat xlink:href="#sSpan160" value="ⲫⲁⲣⲓⲥⲥⲁⲓⲟⲥ"/>
		<feat xlink:href="#sSpan163" value="ⲅⲁⲣ"/>
		<feat xlink:href="#sSpan167" value="ⲙⲛ"/>
		<feat xlink:href="#sSpan171" value="ⲡ"/>
		<feat xlink:href="#sSpan175" value="ⲓⲟⲩⲇⲁⲓ"/>
		<feat xlink:href="#sSpan177" value="ⲧⲏⲣ"/>
		<feat xlink:href="#sSpan181" value="ⲛⲧⲟⲟⲩ"/>
		<feat xlink:href="#sSpan183" value="ⲉⲣⲉ"/>
		<feat xlink:href="#sSpan187" value="ⲛⲧⲟⲟⲩ"/>
		<feat xlink:href="#sSpan189" value="ⲧⲙ"/>
		<feat xlink:href="#sSpan191" value="ⲓⲁ"/>
		<feat xlink:href="#sSpan193" value="ⲧⲱⲣⲉ"/>
		<feat xlink:href="#sSpan196" value="ⲛⲧⲟⲟⲩ"/>
		<feat xlink:href="#sSpan198" value="ⲙⲉⲣⲉ"/>
		<feat xlink:href="#sSpan202" value="ⲛⲧⲟⲟⲩ"/>
		<feat xlink:href="#sSpan204" value="ⲟⲩⲱⲙ"/>
		<feat xlink:href="#sSpan206" value="ⲉⲣⲉ"/>
		<feat xlink:href="#sSpan210" value="ⲛⲧⲟⲟⲩ"/>
		<feat xlink:href="#sSpan212" value="ⲁⲙⲁϩⲧⲉ"/>
		<feat xlink:href="#sSpan214" value="ⲛ"/>
		<feat xlink:href="#sSpan218" value="ⲡ"/>
		<feat xlink:href="#sSpan222" value="ⲡⲁⲣⲁⲇⲟⲥⲓⲥ"/>
		<feat xlink:href="#sSpan224" value="ⲛ"/>
		<feat xlink:href="#sSpan228" value="ⲡ"/>
		<feat xlink:href="#sSpan232" value="ⲡⲣⲉⲥⲃⲩⲧⲉⲣⲟⲥ"/>
		<feat xlink:href="#sSpan234" value="ⲁⲩⲱ"/>
		<feat xlink:href="#sSpan244" value="ⲉⲣϣⲁⲛ_ⲛⲧⲟⲟⲩ"/>
		<feat xlink:href="#sSpan248" value="ⲉⲓ"/>
		<feat xlink:href="#sSpan251" value="ⲛ"/>
		<feat xlink:href="#sSpan255" value="ⲡ"/>
		<feat xlink:href="#sSpan259" value="ⲁⲅⲟⲣⲁ"/>
		<feat xlink:href="#sSpan261" value="ⲉⲣⲉ"/>
		<feat xlink:href="#sSpan265" value="ⲛⲧⲟⲟⲩ"/>
		<feat xlink:href="#sSpan267" value="ⲧⲙ"/>
		<feat xlink:href="#sSpan269" value="ϭⲉϣϭⲱϣ"/>
		<feat xlink:href="#sSpan271" value="ⲛⲧⲟⲟⲩ"/>
		<feat xlink:href="#sSpan273" value="ⲙⲉⲣⲉ"/>
		<feat xlink:href="#sSpan277" value="ⲛⲧⲟⲟⲩ"/>
		<feat xlink:href="#sSpan279" value="ⲟⲩⲱⲙ"/>
		<feat xlink:href="#sSpan281" value="."/>
		<feat xlink:href="#sSpan285" value="ⲁⲩⲱ"/>
		<feat xlink:href="#sSpan289" value="ⲟⲩ"/>
		<feat xlink:href="#sSpan294" value="ⲕⲉ"/>
		<feat xlink:href="#sSpan296" value="ⲥⲙⲟⲧ"/>
		<feat xlink:href="#sSpan298" value="ⲧⲏⲣ"/>
		<feat xlink:href="#sSpan302" value="ⲛⲧⲟⲟⲩ"/>
		<feat xlink:href="#sSpan304" value="ⲉⲣⲉ"/>
		<feat xlink:href="#sSpan309" value="ⲁ"/>
		<feat xlink:href="#sSpan311" value="ⲛⲧⲟⲟⲩ"/>
		<feat xlink:href="#sSpan313" value="ϫⲓ"/>
		<feat xlink:href="#sSpan315" value="ⲛⲧⲟⲟⲩ"/>
		<feat xlink:href="#sSpan317" value="ⲉⲣⲉ"/>
		<feat xlink:href="#sSpan321" value="ⲁⲙⲁϩⲧⲉ"/>
		<feat xlink:href="#sSpan323" value="ⲛ"/>
		<feat xlink:href="#sSpan327" value="ⲛⲧⲟⲟⲩ"/>
		<feat xlink:href="#sSpan329" value="ⲟⲩ"/>
		<feat xlink:href="#sSpan334" value="ⲁⲡⲟⲧ"/>
		<feat xlink:href="#sSpan336" value="ⲉ"/>
		<feat xlink:href="#sSpan340" value="ϩⲱⲣⲡ"/>
		<feat xlink:href="#sSpan342" value="ⲛⲧⲟⲟⲩ"/>
		<feat xlink:href="#sSpan344" value="ⲙⲛ"/>
		<feat xlink:href="#sSpan348" value="ⲟⲩ"/>
		<feat xlink:href="#sSpan352" value="ⲝⲉⲥⲧⲏⲥ"/>
		<feat xlink:href="#sSpan354" value="ⲙⲛ"/>
		<feat xlink:href="#sSpan358" value="ⲟⲩ"/>
		<feat xlink:href="#sSpan362" value="ⲭⲁⲗⲕⲓⲛ"/>
		<feat xlink:href="#sSpan364" value="ⲁ"/>
		<feat xlink:href="#sSpan374" value="ⲛⲧⲟⲟⲩ"/>
		<feat xlink:href="#sSpan376" value="ϫⲛⲟⲩ"/>
		<feat xlink:href="#sSpan378" value="ⲛⲧⲟϥ"/>
		<feat xlink:href="#sSpan381" value="ⲇⲉ"/>
		<feat xlink:href="#sSpan385" value="ⲛϭⲓ"/>
		<feat xlink:href="#sSpan389" value="ⲡ"/>
		<feat xlink:href="#sSpan393" value="ⲫⲁⲣⲓⲥⲥⲁⲓⲟⲥ"/>
		<feat xlink:href="#sSpan395" value="ⲙⲛ"/>
		<feat xlink:href="#sSpan399" value="ⲡ"/>
		<feat xlink:href="#sSpan403" value="ⲅⲣⲁⲙⲙⲁⲧⲉⲩⲥ"/>
		<feat xlink:href="#sSpan405" value="ϫⲉ"/>
		<feat xlink:href="#sSpan409" value="ⲉⲧⲃⲉ"/>
		<feat xlink:href="#sSpan412" value="ⲟⲩ"/>
		<feat xlink:href="#sSpan414" value="ⲡⲉⲕ"/>
		<feat xlink:href="#sSpan420" value="ⲙⲁⲑⲏⲧⲏⲥ"/>
		<feat xlink:href="#sSpan422" value="ⲛ"/>
		<feat xlink:href="#sSpan426" value="ⲛⲧⲟⲟⲩ"/>
		<feat xlink:href="#sSpan428" value="ⲙⲟⲟϣⲉ"/>
		<feat xlink:href="#sSpan430" value="ⲁⲛ"/>
		<feat xlink:href="#sSpan435" value="ⲕⲁⲧⲁ"/>
		<feat xlink:href="#sSpan439" value="ⲡ"/>
		<feat xlink:href="#sSpan443" value="ⲡⲁⲣⲁⲇⲟⲥⲓⲥ"/>
		<feat xlink:href="#sSpan445" value="ⲛ"/>
		<feat xlink:href="#sSpan449" value="ⲡ"/>
		<feat xlink:href="#sSpan453" value="ⲡⲣⲉⲥⲃⲩⲧⲉⲣⲟⲥ"/>
		<feat xlink:href="#sSpan455" value="."/>
		<feat xlink:href="#sSpan460" value="ⲁⲗⲗⲁ"/>
		<feat xlink:href="#sSpan464" value="ⲛⲧⲟⲟⲩ"/>
		<feat xlink:href="#sSpan468" value="ⲟⲩⲱⲙ"/>
		<feat xlink:href="#sSpan470" value="ⲛ"/>
		<feat xlink:href="#sSpan474" value="ⲡⲉⲩ"/>
		<feat xlink:href="#sSpan477" value="ⲟⲉⲓⲕ"/>
		<feat xlink:href="#sSpan479" value="ⲉⲣⲉ"/>
		<feat xlink:href="#sSpan483" value="ⲧⲱⲣⲉ"/>
		<feat xlink:href="#sSpan486" value="ⲟⲩ"/>
		<feat xlink:href="#sSpan488" value="ⲧⲱⲗⲙ"/>
		<feat xlink:href="#sSpan492" value="."/>
		<feat xlink:href="#sSpan496" value="ⲛⲧⲟϥ"/>
		<feat xlink:href="#sSpan507" value="ⲇⲉ"/>
		<feat xlink:href="#sSpan511" value="ⲡⲉϫⲉ"/>
		<feat xlink:href="#sSpan515" value="ⲛⲧⲟϥ"/>
		<feat xlink:href="#sSpan517" value="ⲛⲁ"/>
		<feat xlink:href="#sSpan521" value="ⲛⲧⲟⲟⲩ"/>
		<feat xlink:href="#sSpan523" value="ϫⲉ"/>
		<feat xlink:href="#sSpan528" value="ⲕⲁⲗⲱⲥ"/>
		<feat xlink:href="#sSpan530" value="ⲁ"/>
		<feat xlink:href="#sSpan535" value="ⲏⲥⲁⲓⲁⲥ"/>
		<feat xlink:href="#sSpan539" value="ⲡⲣⲟⲫⲏⲧⲉⲩⲉ"/>
		<feat xlink:href="#sSpan543" value="ϩⲁ"/>
		<feat xlink:href="#sSpan547" value="ⲛⲧⲱⲧⲛ"/>
		<feat xlink:href="#sSpan549" value="ⲡ"/>
		<feat xlink:href="#sSpan555" value="ϩⲩⲡⲟⲕⲣⲓⲧⲏⲥ"/>
		<feat xlink:href="#sSpan557" value="ⲛ"/>
		<feat xlink:href="#sSpan561" value="ⲡ"/>
		<feat xlink:href="#sSpan563" value="ϩⲉ"/>
		<feat xlink:href="#sSpan565" value="ⲉⲧⲉⲣⲉ"/>
		<feat xlink:href="#sSpan569" value="ⲛⲧⲟϥ"/>
		<feat xlink:href="#sSpan571" value="ⲥϩⲁⲓ"/>
		<feat xlink:href="#sSpan573" value="ϫⲉ"/>
		<feat xlink:href="#sSpan577" value="ⲡⲓ"/>
		<feat xlink:href="#sSpan581" value="ⲗⲁⲟⲥ"/>
		<feat xlink:href="#sSpan583" value="ⲧⲙⲁⲓⲟ"/>
		<feat xlink:href="#sSpan587" value="ⲛ"/>
		<feat xlink:href="#sSpan591" value="ⲁⲛⲟⲕ"/>
		<feat xlink:href="#sSpan593" value="ϩⲛ"/>
		<feat xlink:href="#sSpan597" value="ⲡⲉϥ"/>
		<feat xlink:href="#sSpan600" value="ⲥⲡⲟⲧⲟⲩ"/>
		<feat xlink:href="#sSpan602" value="."/>
		<feat xlink:href="#sSpan606" value="ⲡⲉⲩ"/>
		<feat xlink:href="#sSpan611" value="ϩⲏⲧ"/>
		<feat xlink:href="#sSpan614" value="ⲇⲉ"/>
		<feat xlink:href="#sSpan618" value="ⲟⲩⲉ"/>
		<feat xlink:href="#sSpan622" value="ⲉⲃⲟⲗ"/>
		<feat xlink:href="#sSpan626" value="ⲛ"/>
		<feat xlink:href="#sSpan630" value="ⲁⲛⲟⲕ"/>
		<feat xlink:href="#sSpan632" value="ⲉⲣⲉ"/>
		<feat xlink:href="#sSpan641" value="ⲛⲧⲟⲟⲩ"/>
		<feat xlink:href="#sSpan643" value="ⲟⲩⲱϣⲧ"/>
		<feat xlink:href="#sSpan646" value="ⲇⲉ"/>
		<feat xlink:href="#sSpan650" value="ⲛ"/>
		<feat xlink:href="#sSpan654" value="ⲁⲛⲟⲕ"/>
		<feat xlink:href="#sSpan656" value="ⲉ"/>
		<feat xlink:href="#sSpan660" value="ⲡ"/>
		<feat xlink:href="#sSpan663" value="ϫⲓⲛϫⲏ"/>
		<feat xlink:href="#sSpan665" value="ⲉⲣⲉ"/>
		<feat xlink:href="#sSpan669" value="ⲛⲧⲟⲟⲩ"/>
		<feat xlink:href="#sSpan672" value="ϯⲥⲃⲱ"/>
		<feat xlink:href="#sSpan675" value="ⲛ"/>
		<feat xlink:href="#sSpan679" value="ⲟⲩ"/>
		<feat xlink:href="#sSpan682" value="ⲥⲁⲃⲉ"/>
		<feat xlink:href="#sSpan684" value="ⲛ"/>
		<feat xlink:href="#sSpan689" value="ⲉⲛⲧⲟⲗⲏ"/>
		<feat xlink:href="#sSpan692" value="ⲛ"/>
		<feat xlink:href="#sSpan696" value="ⲣⲱⲙⲉ"/>
		<feat xlink:href="#sSpan699" value="."/>
		<feat xlink:href="#sSpan703" value="ⲉⲣⲉ"/>
		<feat xlink:href="#sSpan714" value="ⲁ"/>
		<feat xlink:href="#sSpan716" value="ⲛⲧⲱⲧⲛ"/>
		<feat xlink:href="#sSpan718" value="ⲕⲱ"/>
		<feat xlink:href="#sSpan720" value="ⲛⲥⲁ"/>
		<feat xlink:href="#sSpan724" value="ⲛⲧⲱⲧⲛ"/>
		<feat xlink:href="#sSpan726" value="ⲛ"/>
		<feat xlink:href="#sSpan730" value="ⲡ"/>
		<feat xlink:href="#sSpan734" value="ⲉⲛⲧⲟⲗⲏ"/>
		<feat xlink:href="#sSpan736" value="ⲛ"/>
		<feat xlink:href="#sSpan740" value="ⲡ"/>
		<feat xlink:href="#sSpan743" value="ⲛⲟⲩⲧⲉ"/>
		<feat xlink:href="#sSpan745" value="ⲛⲧⲱⲧⲛ"/>
		<feat xlink:href="#sSpan749" value="ⲁⲙⲁϩⲧⲉ"/>
		<feat xlink:href="#sSpan751" value="ⲙⲛ"/>
		<feat xlink:href="#sSpan756" value="ⲡⲁⲣⲁⲇⲟⲥⲓⲥ"/>
		<feat xlink:href="#sSpan759" value="ⲛ"/>
		<feat xlink:href="#sSpan763" value="ⲡ"/>
		<feat xlink:href="#sSpan766" value="ⲣⲱⲙⲉ"/>
		<feat xlink:href="#sSpan768" value="ⲁⲩⲱ"/>
		<feat xlink:href="#sSpan778" value="ⲛⲉⲣⲉ"/>
		<feat xlink:href="#sSpan782" value="ⲛⲧⲟϥ"/>
		<feat xlink:href="#sSpan784" value="ϫⲱ"/>
		<feat xlink:href="#sSpan786" value="ⲛ"/>
		<feat xlink:href="#sSpan790" value="ⲛⲧⲟⲥ"/>
		<feat xlink:href="#sSpan792" value="ⲛⲁ"/>
		<feat xlink:href="#sSpan796" value="ⲛⲧⲟⲟⲩ"/>
		<feat xlink:href="#sSpan798" value="."/>
		<feat xlink:href="#sSpan802" value="ϫⲉ"/>
		<feat xlink:href="#sSpan807" value="ⲕⲁⲗⲱⲥ"/>
		<feat xlink:href="#sSpan809" value="ⲛⲧⲱⲧⲛ"/>
		<feat xlink:href="#sSpan814" value="ⲁⲑⲉⲧⲓ"/>
		<feat xlink:href="#sSpan816" value="ⲛ"/>
		<feat xlink:href="#sSpan820" value="ⲡ"/>
		<feat xlink:href="#sSpan824" value="ⲉⲛⲧⲟⲗⲏ"/>
		<feat xlink:href="#sSpan826" value="ⲛ"/>
		<feat xlink:href="#sSpan830" value="ⲡ"/>
		<feat xlink:href="#sSpan833" value="ⲛⲟⲩⲧⲉ"/>
		<feat xlink:href="#sSpan835" value="ϫⲉ"/>
		<feat xlink:href="#sSpan839" value="ⲉⲣⲉ_ⲛⲧⲱⲧⲛ"/>
		<feat xlink:href="#sSpan841" value="ϩⲁⲣⲉϩ"/>
		<feat xlink:href="#sSpan843" value="ⲉ"/>
		<feat xlink:href="#sSpan847" value="ⲡⲉⲧⲛ"/>
		<feat xlink:href="#sSpan851" value="ⲡⲁⲣⲁⲇⲟⲥⲓⲥ"/>
		<feat xlink:href="#sSpan854" value="ⲙⲱⲩⲥⲏⲥ"/>
		<feat xlink:href="#sSpan865" value="ⲅⲁⲣ"/>
		<feat xlink:href="#sSpan869" value="ⲁ"/>
		<feat xlink:href="#sSpan873" value="ⲛⲧⲟϥ"/>
		<feat xlink:href="#sSpan875" value="ϫⲱ"/>
		<feat xlink:href="#sSpan877" value="ⲛⲧⲟⲥ"/>
		<feat xlink:href="#sSpan879" value="ϫⲉ"/>
		<feat xlink:href="#sSpan884" value="ϯⲧⲁⲉⲓⲟ"/>
		<feat xlink:href="#sSpan887" value="ⲡⲉⲕ"/>
		<feat xlink:href="#sSpan890" value="ⲉⲓⲱⲧ"/>
		<feat xlink:href="#sSpan892" value="ⲙⲛ"/>
		<feat xlink:href="#sSpan896" value="ⲡⲉⲕ"/>
		<feat xlink:href="#sSpan899" value="ⲙⲁⲁⲩ"/>
		<feat xlink:href="#sSpan901" value="ⲁⲩⲱ"/>
		<feat xlink:href="#sSpan905" value="ⲡ"/>
		<feat xlink:href="#sSpan910" value="ⲉⲧⲉⲣⲉ"/>
		<feat xlink:href="#sSpan912" value="ⲛⲁ"/>
		<feat xlink:href="#sSpan914" value="ϫⲓ"/>
		<feat xlink:href="#sSpan916" value="ϣⲁϫⲉ"/>
		<feat xlink:href="#sSpan919" value="ⲉⲣⲉ"/>
		<feat xlink:href="#sSpan923" value="ⲛⲧⲟϥ"/>
		<feat xlink:href="#sSpan925" value="ϩⲟⲟⲩ"/>
		<feat xlink:href="#sSpan927" value="ⲛⲥⲁ"/>
		<feat xlink:href="#sSpan931" value="ⲡⲉϥ"/>
		<feat xlink:href="#sSpan934" value="ⲉⲓⲱⲧ"/>
		<feat xlink:href="#sSpan937" value="ⲏ"/>
		<feat xlink:href="#sSpan941" value="ⲡⲉϥ"/>
		<feat xlink:href="#sSpan946" value="ⲙⲁⲁⲩ"/>
		<feat xlink:href="#sSpan948" value="ϩⲛ"/>
		<feat xlink:href="#sSpan952" value="ⲟⲩ"/>
		<feat xlink:href="#sSpan955" value="ⲙⲟⲩ"/>
		<feat xlink:href="#sSpan957" value="ⲙⲁⲣⲉ"/>
		<feat xlink:href="#sSpan961" value="ⲛⲧⲟϥ"/>
		<feat xlink:href="#sSpan963" value="ⲙⲟⲩ"/>
		<feat xlink:href="#sSpan965" value="."/>
		<feat xlink:href="#sSpan969" value="ⲛⲧⲱⲧⲛ"/>
		<feat xlink:href="#sSpan979" value="ⲇⲉ"/>
		<feat xlink:href="#sSpan983" value="ⲛⲧⲱⲧⲛ"/>
		<feat xlink:href="#sSpan987" value="ϫⲱ"/>
		<feat xlink:href="#sSpan989" value="ⲛ"/>
		<feat xlink:href="#sSpan993" value="ⲛⲧⲟⲥ"/>
		<feat xlink:href="#sSpan995" value="ϫⲉ"/>
		<feat xlink:href="#sSpan999" value="ⲉⲣϣⲁⲛ"/>
		<feat xlink:href="#sSpan1001" value="ⲡ"/>
		<feat xlink:href="#sSpan1004" value="ⲣⲱⲙⲉ"/>
		<feat xlink:href="#sSpan1006" value="ϫⲱ"/>
		<feat xlink:href="#sSpan1010" value="ⲛⲧⲟⲥ"/>
		<feat xlink:href="#sSpan1012" value="ⲛ"/>
		<feat xlink:href="#sSpan1016" value="ⲡⲉϥ"/>
		<feat xlink:href="#sSpan1019" value="ⲉⲓⲱⲧ"/>
		<feat xlink:href="#sSpan1022" value="ⲏ"/>
		<feat xlink:href="#sSpan1026" value="ⲡⲉϥ"/>
		<feat xlink:href="#sSpan1031" value="ⲙⲁⲁⲩ"/>
		<feat xlink:href="#sSpan1033" value="ϫⲉ"/>
		<feat xlink:href="#sSpan1038" value="ⲕⲟⲣⲃⲁⲛ"/>
		<feat xlink:href="#sSpan1041" value="."/>
		<feat xlink:href="#sSpan1045" value="ⲉⲧⲉⲣⲉ"/>
		<feat xlink:href="#sSpan1049" value="ⲡⲁⲓ"/>
		<feat xlink:href="#sSpan1052" value="ⲡⲉ"/>
		<feat xlink:href="#sSpan1056" value="ϫⲉ"/>
		<feat xlink:href="#sSpan1060" value="ⲟⲩ"/>
		<feat xlink:href="#sSpan1063" value="ⲇⲱⲣⲟⲛ"/>
		<feat xlink:href="#sSpan1065" value="ⲡⲉ"/>
		<feat xlink:href="#sSpan1069" value="ⲉⲣϣⲁⲛ_ⲛⲧⲟⲕ"/>
		<feat xlink:href="#sSpan1074" value="ϯϩⲏⲩ"/>
		<feat xlink:href="#sSpan1077" value="ⲛ"/>
		<feat xlink:href="#sSpan1081" value="ⲛⲧⲟϥ"/>
		<feat xlink:href="#sSpan1083" value="ⲉⲃⲟⲗ"/>
		<feat xlink:href="#sSpan1087" value="ϩⲛ_ⲁⲛⲟⲕ"/>
		<feat xlink:href="#sSpan1091" value="ⲙⲉⲣⲉ"/>
		<feat xlink:href="#sSpan1101" value="ⲛⲧⲱⲧⲛ"/>
		<feat xlink:href="#sSpan1103" value="ⲕⲱ"/>
		<feat xlink:href="#sSpan1105" value="ⲛⲧⲟϥ"/>
		<feat xlink:href="#sSpan1107" value="ϭⲉ"/>
		<feat xlink:href="#sSpan1111" value="ⲉ"/>
		<feat xlink:href="#sSpan1115" value="ⲉⲓⲣⲉ"/>
		<feat xlink:href="#sSpan1117" value="ⲗⲁⲁⲩ"/>
		<feat xlink:href="#sSpan1120" value="ⲛ"/>
		<feat xlink:href="#sSpan1124" value="ϩⲱⲃ"/>
		<feat xlink:href="#sSpan1126" value="ⲛ"/>
		<feat xlink:href="#sSpan1130" value="ⲡⲉϥ"/>
		<feat xlink:href="#sSpan1133" value="ⲉⲓⲱⲧ"/>
		<feat xlink:href="#sSpan1136" value="ⲏ"/>
		<feat xlink:href="#sSpan1140" value="ⲡⲉϥ"/>
		<feat xlink:href="#sSpan1145" value="ⲙⲁⲁⲩ"/>
		<feat xlink:href="#sSpan1147" value="ⲉⲣⲉ"/>
		<feat xlink:href="#sSpan1156" value="ⲛⲧⲱⲧⲛ"/>
		<feat xlink:href="#sSpan1158" value="ⲧⲥⲧⲟ"/>
		<feat xlink:href="#sSpan1161" value="ⲉⲃⲟⲗ"/>
		<feat xlink:href="#sSpan1165" value="ⲛ"/>
		<feat xlink:href="#sSpan1169" value="ⲡ"/>
		<feat xlink:href="#sSpan1172" value="ϣⲁϫⲉ"/>
		<feat xlink:href="#sSpan1174" value="ⲛ"/>
		<feat xlink:href="#sSpan1178" value="ⲡ"/>
		<feat xlink:href="#sSpan1181" value="ⲛⲟⲩⲧⲉ"/>
		<feat xlink:href="#sSpan1183" value="ϩⲛ"/>
		<feat xlink:href="#sSpan1187" value="ⲡⲉⲧⲛ"/>
		<feat xlink:href="#sSpan1193" value="ⲡⲁⲣⲁⲇⲟⲥⲓⲥ"/>
		<feat xlink:href="#sSpan1195" value="ⲉⲧⲉⲣⲉ"/>
		<feat xlink:href="#sSpan1199" value="ⲁ"/>
		<feat xlink:href="#sSpan1201" value="ⲛⲧⲱⲧⲛ"/>
		<feat xlink:href="#sSpan1203" value="ϯ"/>
		<feat xlink:href="#sSpan1205" value="ⲛⲧⲟⲥ"/>
		<feat xlink:href="#sSpan1207" value="ⲉⲧⲛ"/>
		<feat xlink:href="#sSpan1211" value="ⲛⲧⲟⲟⲩ"/>
		<feat xlink:href="#sSpan1213" value="ⲁⲩⲱ"/>
		<feat xlink:href="#sSpan1217" value="ⲟⲩ"/>
		<feat xlink:href="#sSpan1222" value="ⲕⲉ"/>
		<feat xlink:href="#sSpan1224" value="ϩⲱⲃ"/>
		<feat xlink:href="#sSpan1226" value="ⲧⲏⲣ"/>
		<feat xlink:href="#sSpan1230" value="ⲛⲧⲟⲟⲩ"/>
		<feat xlink:href="#sSpan1232" value="ⲉⲣⲉ"/>
		<feat xlink:href="#sSpan1236" value="ⲛⲧⲟⲟⲩ"/>
		<feat xlink:href="#sSpan1238" value="ⲧⲟⲛⲧⲛ"/>
		<feat xlink:href="#sSpan1240" value="ⲉ"/>
		<feat xlink:href="#sSpan1244" value="ⲛⲁⲓ"/>
		<feat xlink:href="#sSpan1247" value="ⲛⲧⲱⲧⲛ"/>
		<feat xlink:href="#sSpan1251" value="ⲉⲓⲣⲉ"/>
		<feat xlink:href="#sSpan1253" value="ⲛ"/>
		<feat xlink:href="#sSpan1257" value="ⲛⲧⲟⲟⲩ"/>
		<feat xlink:href="#sSpan1259" value="."/>
		<feat xlink:href="#sSpan1263" value="ⲁⲩⲱ"/>
		<feat xlink:href="#sSpan1273" value="ⲁ"/>
		<feat xlink:href="#sSpan1277" value="ⲛⲧⲟϥ"/>
		<feat xlink:href="#sSpan1279" value="ⲙⲟⲩⲧⲉ"/>
		<feat xlink:href="#sSpan1281" value="ⲟⲛ"/>
		<feat xlink:href="#sSpan1285" value="ⲉ"/>
		<feat xlink:href="#sSpan1289" value="ⲡ"/>
		<feat xlink:href="#sSpan1292" value="ⲙⲏⲏϣⲉ"/>
		<feat xlink:href="#sSpan1294" value="ⲡⲉϫⲉ"/>
		<feat xlink:href="#sSpan1298" value="ⲛⲧⲟϥ"/>
		<feat xlink:href="#sSpan1300" value="ⲛⲁ"/>
		<feat xlink:href="#sSpan1304" value="ⲛⲧⲟⲟⲩ"/>
		<feat xlink:href="#sSpan1308" value="."/>
		<feat xlink:href="#sSpan1312" value="ϫⲉ"/>
		<feat xlink:href="#sSpan1316" value="ⲥⲱⲧⲙ"/>
		<feat xlink:href="#sSpan1318" value="ⲉ"/>
		<feat xlink:href="#sSpan1322" value="ⲁⲛⲟⲕ"/>
		<feat xlink:href="#sSpan1324" value="ⲧⲏⲣ"/>
		<feat xlink:href="#sSpan1328" value="ⲛⲧⲱⲧⲛ"/>
		<feat xlink:href="#sSpan1330" value="ⲛⲧⲉ"/>
		<feat xlink:href="#sSpan1334" value="ⲛⲧⲱⲧⲛ"/>
		<feat xlink:href="#sSpan1337" value="ⲛⲟⲉⲓ"/>
		<feat xlink:href="#sSpan1339" value="ⲙⲛ"/>
		<feat xlink:href="#sSpan1349" value="ⲗⲁⲁⲩ"/>
		<feat xlink:href="#sSpan1352" value="ⲉⲣⲉ"/>
		<feat xlink:href="#sSpan1356" value="ⲛⲧⲟϥ"/>
		<feat xlink:href="#sSpan1358" value="ⲛ"/>
		<feat xlink:href="#sSpan1360" value="ⲡ"/>
		<feat xlink:href="#sSpan1363" value="ⲃⲟⲗ"/>
		<feat xlink:href="#sSpan1365" value="ⲛ"/>
		<feat xlink:href="#sSpan1369" value="ⲡ"/>
		<feat xlink:href="#sSpan1372" value="ⲣⲱⲙⲉ"/>
		<feat xlink:href="#sSpan1374" value="ⲉⲣⲉ"/>
		<feat xlink:href="#sSpan1378" value="ⲛⲧⲟϥ"/>
		<feat xlink:href="#sSpan1380" value="ⲛⲁ"/>
		<feat xlink:href="#sSpan1382" value="ⲃⲱⲕ"/>
		<feat xlink:href="#sSpan1385" value="ⲉϩⲟⲩⲛ"/>
		<feat xlink:href="#sSpan1389" value="ⲉ"/>
		<feat xlink:href="#sSpan1393" value="ⲛⲧⲟϥ"/>
		<feat xlink:href="#sSpan1395" value="ⲉⲣⲉ"/>
		<feat xlink:href="#sSpan1399" value="ⲛⲧⲟϥ"/>
		<feat xlink:href="#sSpan1401" value="ⲛⲁ"/>
		<feat xlink:href="#sSpan1403" value="ϣ"/>
		<feat xlink:href="#sSpan1405" value="ϫⲱϩⲙ"/>
		<feat xlink:href="#sSpan1407" value="ⲛⲧⲟϥ"/>
		<feat xlink:href="#sSpan1410" value="ⲁⲗⲗⲁ"/>
		<feat xlink:href="#sSpan1414" value="ⲡ"/>
		<feat xlink:href="#sSpan1419" value="ⲉⲧⲉⲣⲉ"/>
		<feat xlink:href="#sSpan1421" value="ⲉⲓ"/>
		<feat xlink:href="#sSpan1424" value="ⲉⲃⲟⲗ"/>
		<feat xlink:href="#sSpan1428" value="ⲛ"/>
		<feat xlink:href="#sSpan1432" value="ⲡ"/>
		<feat xlink:href="#sSpan1435" value="ⲣⲱⲙⲉ"/>
		<feat xlink:href="#sSpan1437" value="ⲛⲧⲟⲟⲩ"/>
		<feat xlink:href="#sSpan1441" value="ⲡⲉ"/>
		<feat xlink:href="#sSpan1445" value="ⲉⲧⲉⲣⲉ"/>
		<feat xlink:href="#sSpan1447" value="ϫⲱϩⲙ"/>
		<feat xlink:href="#sSpan1449" value="ⲛ"/>
		<feat xlink:href="#sSpan1453" value="ⲡ"/>
		<feat xlink:href="#sSpan1456" value="ⲣⲱⲙⲉ"/>
		<feat xlink:href="#sSpan1458" value="."/>
		<feat xlink:href="#sSpan1465" value="[..]"/>
		<feat xlink:href="#sSpan1471" value="ⲁⲩⲱ"/>
		<feat xlink:href="#sSpan1481" value="ⲛⲧⲉⲣⲉ"/>
		<feat xlink:href="#sSpan1485" value="ⲛⲧⲟϥ"/>
		<feat xlink:href="#sSpan1487" value="ⲕⲱ"/>
		<feat xlink:href="#sSpan1489" value="ⲡ"/>
		<feat xlink:href="#sSpan1492" value="ⲙⲏⲏϣⲉ"/>
		<feat xlink:href="#sSpan1494" value="ⲁ"/>
		<feat xlink:href="#sSpan1498" value="ⲛⲧⲟϥ"/>
		<feat xlink:href="#sSpan1500" value="ⲃⲱⲕ"/>
		<feat xlink:href="#sSpan1503" value="ⲉϩⲟⲩⲛ"/>
		<feat xlink:href="#sSpan1507" value="ⲉ"/>
		<feat xlink:href="#sSpan1511" value="ⲡ"/>
		<feat xlink:href="#sSpan1514" value="ⲏⲓ"/>
		<feat xlink:href="#sSpan1516" value="ⲁ"/>
		<feat xlink:href="#sSpan1520" value="ⲛⲧⲟⲟⲩ"/>
		<feat xlink:href="#sSpan1522" value="ϫⲛⲟⲩ"/>
		<feat xlink:href="#sSpan1524" value="ⲛⲧⲟϥ"/>
		<feat xlink:href="#sSpan1526" value="ⲛϭⲓ"/>
		<feat xlink:href="#sSpan1530" value="ⲡⲉϥ"/>
		<feat xlink:href="#sSpan1534" value="ⲙⲁⲑⲏⲧⲏⲥ"/>
		<feat xlink:href="#sSpan1536" value="ⲉ"/>
		<feat xlink:href="#sSpan1540" value="ⲡ"/>
		<feat xlink:href="#sSpan1544" value="ⲡⲁⲣⲁⲃⲟⲗⲏ"/>
		<feat xlink:href="#sSpan1546" value="ⲛⲧⲟϥ"/>
		<feat xlink:href="#sSpan1556" value="ⲇⲉ"/>
		<feat xlink:href="#sSpan1560" value="ⲡⲉϫⲉ"/>
		<feat xlink:href="#sSpan1564" value="ⲛⲧⲟϥ"/>
		<feat xlink:href="#sSpan1566" value="ⲛⲁ"/>
		<feat xlink:href="#sSpan1570" value="ⲛⲧⲟⲟⲩ"/>
		<feat xlink:href="#sSpan1572" value="ϫⲉ"/>
		<feat xlink:href="#sSpan1576" value="ⲛⲧⲱⲧⲛ"/>
		<feat xlink:href="#sSpan1578" value="ϩⲱⲧ"/>
		<feat xlink:href="#sSpan1582" value="ⲛⲧⲱⲧⲛ"/>
		<feat xlink:href="#sSpan1584" value="ⲛⲧⲱⲧⲛ"/>
		<feat xlink:href="#sSpan1588" value="ⲉⲓⲣⲉ"/>
		<feat xlink:href="#sSpan1590" value="ⲛ"/>
		<feat xlink:href="#sSpan1595" value="ⲁⲧϩⲏⲧ"/>
		<feat xlink:href="#sSpan1599" value="ϩⲓ"/>
		<feat xlink:href="#sSpan1603" value="ⲡⲁⲓ"/>
		<feat xlink:href="#sSpan1606" value="."/>
		<feat xlink:href="#sSpan1610" value="ⲛ"/>
		<feat xlink:href="#sSpan1614" value="ⲛⲧⲱⲧⲛ"/>
		<feat xlink:href="#sSpan1617" value="ⲛⲟⲉⲓ"/>
		<feat xlink:href="#sSpan1619" value="ⲁⲛ"/>
		<feat xlink:href="#sSpan1623" value="ϫⲉ"/>
		<feat xlink:href="#sSpan1627" value="ⲛⲕⲁ"/>
		<feat xlink:href="#sSpan1631" value="ⲛⲓⲙ"/>
		<feat xlink:href="#sSpan1635" value="ⲉ"/>
		<feat xlink:href="#sSpan1639" value="ⲛⲧⲟϥ"/>
		<feat xlink:href="#sSpan1641" value="ⲛ"/>
		<feat xlink:href="#sSpan1643" value="ⲡ"/>
		<feat xlink:href="#sSpan1646" value="ⲃⲟⲗ"/>
		<feat xlink:href="#sSpan1648" value="ⲛ"/>
		<feat xlink:href="#sSpan1652" value="ⲡ"/>
		<feat xlink:href="#sSpan1655" value="ⲣⲱⲙⲉ"/>
		<feat xlink:href="#sSpan1657" value="ⲉⲣⲉ"/>
		<feat xlink:href="#sSpan1661" value="ⲛⲧⲟϥ"/>
		<feat xlink:href="#sSpan1663" value="ⲛⲁ"/>
		<feat xlink:href="#sSpan1665" value="ⲃⲱⲕ"/>
		<feat xlink:href="#sSpan1668" value="ⲉϩⲟⲩⲛ"/>
		<feat xlink:href="#sSpan1672" value="ⲉ"/>
		<feat xlink:href="#sSpan1676" value="ⲛⲧⲟϥ"/>
		<feat xlink:href="#sSpan1678" value="ⲛⲧⲉ"/>
		<feat xlink:href="#sSpan1682" value="ⲛⲧⲟϥ"/>
		<feat xlink:href="#sSpan1684" value="ⲛⲁ"/>
		<feat xlink:href="#sSpan1686" value="ϣ"/>
		<feat xlink:href="#sSpan1688" value="ϫⲱϩⲙ"/>
		<feat xlink:href="#sSpan1690" value="ⲛⲧⲟϥ"/>
		<feat xlink:href="#sSpan1692" value="ⲁⲛ"/>
		<feat xlink:href="#sSpan1696" value="ⲉⲃⲟⲗ"/>
		<feat xlink:href="#sSpan1707" value="ϫⲉ"/>
		<feat xlink:href="#sSpan1711" value="ⲛⲉⲣⲉ"/>
		<feat xlink:href="#sSpan1715" value="ⲛⲧⲟϥ"/>
		<feat xlink:href="#sSpan1717" value="ⲃⲱⲕ"/>
		<feat xlink:href="#sSpan1719" value="ⲁⲛ"/>
		<feat xlink:href="#sSpan1723" value="ⲉϩⲟⲩⲛ"/>
		<feat xlink:href="#sSpan1727" value="ⲉ"/>
		<feat xlink:href="#sSpan1731" value="ⲡ"/>
		<feat xlink:href="#sSpan1734" value="ϩⲏⲧ"/>
		<feat xlink:href="#sSpan1736" value="."/>
		<feat xlink:href="#sSpan1741" value="ⲁⲗⲗⲁ"/>
		<feat xlink:href="#sSpan1745" value="ⲉϩⲣⲁⲓ"/>
		<feat xlink:href="#sSpan1749" value="ⲉ"/>
		<feat xlink:href="#sSpan1753" value="ⲡ"/>
		<feat xlink:href="#sSpan1756" value="ϩⲏ"/>
		<feat xlink:href="#sSpan1758" value="."/>
		<feat xlink:href="#sSpan1762" value="ⲁⲩⲱ"/>
		<feat xlink:href="#sSpan1766" value="ⲛⲧⲟϥ"/>
		<feat xlink:href="#sSpan1770" value="ⲃⲱⲕ"/>
		<feat xlink:href="#sSpan1772" value="ⲉⲃⲟⲗ"/>
		<feat xlink:href="#sSpan1776" value="ⲉ"/>
		<feat xlink:href="#sSpan1780" value="ⲡ"/>
		<feat xlink:href="#sSpan1783" value="ⲙⲁ"/>
		<feat xlink:href="#sSpan1785" value="ⲛ"/>
		<feat xlink:href="#sSpan1790" value="ⲣⲙⲉⲓⲏ"/>
		<feat xlink:href="#sSpan1794" value="ⲉⲣⲉ"/>
		<feat xlink:href="#sSpan1798" value="ⲛⲧⲟϥ"/>
		<feat xlink:href="#sSpan1801" value="ⲕⲁⲑⲁⲣⲓⲍⲉ"/>
		<feat xlink:href="#sSpan1803" value="ⲛ"/>
		<feat xlink:href="#sSpan1807" value="ⲡ"/>
		<feat xlink:href="#sSpan1811" value="ϭⲓⲛⲟⲩⲱⲙ"/>
		<feat xlink:href="#sSpan1814" value="ⲧⲏⲣ"/>
		<feat xlink:href="#sSpan1818" value="ⲛⲧⲟⲟⲩ"/>
		<feat xlink:href="#sSpan1820" value="."/>
		<feat xlink:href="#sSpan1824" value="ⲛⲉⲣⲉ"/>
		<feat xlink:href="#sSpan1833" value="ⲛⲧⲟϥ"/>
		<feat xlink:href="#sSpan1835" value="ϫⲱ"/>
		<feat xlink:href="#sSpan1838" value="ⲇⲉ"/>
		<feat xlink:href="#sSpan1842" value="ⲛ"/>
		<feat xlink:href="#sSpan1846" value="ⲛⲧⲟⲥ"/>
		<feat xlink:href="#sSpan1848" value="ϫⲉ"/>
		<feat xlink:href="#sSpan1852" value="ⲡ"/>
		<feat xlink:href="#sSpan1855" value="ⲉⲧⲉⲣⲉ"/>
		<feat xlink:href="#sSpan1857" value="ⲉⲓ"/>
		<feat xlink:href="#sSpan1860" value="ⲇⲉ"/>
		<feat xlink:href="#sSpan1864" value="ⲉⲃⲟⲗ"/>
		<feat xlink:href="#sSpan1868" value="ⲛ"/>
		<feat xlink:href="#sSpan1872" value="ⲡ"/>
		<feat xlink:href="#sSpan1875" value="ⲣⲱⲙⲉ"/>
		<feat xlink:href="#sSpan1877" value="ⲡ"/>
		<feat xlink:href="#sSpan1882" value="ⲉⲧⲉⲣⲉ"/>
		<feat xlink:href="#sSpan1884" value="ⲙⲙⲁⲩ"/>
		<feat xlink:href="#sSpan1886" value="ⲡⲉ"/>
		<feat xlink:href="#sSpan1890" value="ϣⲁⲣⲉ"/>
		<feat xlink:href="#sSpan1894" value="ⲛⲧⲟϥ"/>
		<feat xlink:href="#sSpan1896" value="ϫⲱϩⲙ"/>
		<feat xlink:href="#sSpan1898" value="ⲡ"/>
		<feat xlink:href="#sSpan1903" value="ⲣⲱⲙⲉ"/>
		<feat xlink:href="#sSpan1905" value="."/>
		<feat xlink:href="#sSpan1909" value="ⲉⲣⲉ"/>
		<feat xlink:href="#sSpan1919" value="ⲛⲧⲟϥ"/>
		<feat xlink:href="#sSpan1921" value="ⲉⲓ"/>
		<feat xlink:href="#sSpan1924" value="ⲅⲁⲣ"/>
		<feat xlink:href="#sSpan1928" value="ⲉⲃⲟⲗ"/>
		<feat xlink:href="#sSpan1932" value="ϩⲓ"/>
		<feat xlink:href="#sSpan1936" value="ϩⲟⲩⲛ"/>
		<feat xlink:href="#sSpan1940" value="ⲛ"/>
		<feat xlink:href="#sSpan1944" value="ⲡ"/>
		<feat xlink:href="#sSpan1947" value="ϩⲏⲧ"/>
		<feat xlink:href="#sSpan1949" value="ⲛ"/>
		<feat xlink:href="#sSpan1953" value="ⲡ"/>
		<feat xlink:href="#sSpan1956" value="ⲣⲱⲙⲉ"/>
		<feat xlink:href="#sSpan1958" value="ⲛϭⲓ"/>
		<feat xlink:href="#sSpan1962" value="ⲡ"/>
		<feat xlink:href="#sSpan1965" value="ⲙⲉⲉⲩⲉ"/>
		<feat xlink:href="#sSpan1967" value="ⲉⲧ"/>
		<feat xlink:href="#sSpan1971" value="ϩⲟⲟⲩ"/>
		<feat xlink:href="#sSpan1973" value="ⲟⲩ"/>
		<feat xlink:href="#sSpan1979" value="ⲡⲟⲣⲛⲉⲓⲁ"/>
		<feat xlink:href="#sSpan1981" value="ⲟⲩ"/>
		<feat xlink:href="#sSpan1986" value="ϫⲓⲟⲩⲉ"/>
		<feat xlink:href="#sSpan1988" value="."/>
		<feat xlink:href="#sSpan1992" value="ⲟⲩ"/>
		<feat xlink:href="#sSpan2002" value="ϩⲱⲧⲃ"/>
		<feat xlink:href="#sSpan2004" value="ⲟⲩ"/>
		<feat xlink:href="#sSpan2010" value="ⲙⲛⲧⲛⲟⲉⲓⲕ"/>
		<feat xlink:href="#sSpan2013" value="."/>
		<feat xlink:href="#sSpan2017" value="ⲟⲩ"/>
		<feat xlink:href="#sSpan2023" value="ⲙⲛⲧⲙⲁⲓⲧⲟ"/>
		<feat xlink:href="#sSpan2027" value="ⲛ"/>
		<feat xlink:href="#sSpan2031" value="ϩⲟⲩⲟ"/>
		<feat xlink:href="#sSpan2033" value="ⲟⲩ"/>
		<feat xlink:href="#sSpan2039" value="ⲡⲟⲛⲏⲣⲓⲁ"/>
		<feat xlink:href="#sSpan2041" value="ⲟⲩ"/>
		<feat xlink:href="#sSpan2047" value="ⲙⲛⲧⲣⲉϥϫⲱϩⲙ"/>
		<feat xlink:href="#sSpan2051" value="ⲟⲩ"/>
		<feat xlink:href="#sSpan2056" value="ⲃⲁⲗ"/>
		<feat xlink:href="#sSpan2058" value="ⲉⲣⲉ"/>
		<feat xlink:href="#sSpan2062" value="ⲛⲧⲟϥ"/>
		<feat xlink:href="#sSpan2064" value="ϩⲟⲟⲩ"/>
		<feat xlink:href="#sSpan2066" value="ⲟⲩ"/>
		<feat xlink:href="#sSpan2072" value="ⲙⲛⲧⲣⲉϥϫⲓⲟⲩⲁ"/>
		<feat xlink:href="#sSpan2076" value="ⲟⲩ"/>
		<feat xlink:href="#sSpan2082" value="ⲙⲛⲧϫⲁⲥⲓϩⲏⲧ"/>
		<feat xlink:href="#sSpan2085" value="ⲟⲩ"/>
		<feat xlink:href="#sSpan2091" value="ⲙⲛⲧⲁⲧϩⲏⲧ"/>
		<feat xlink:href="#sSpan2095" value="ⲡⲁⲓ"/>
		<feat xlink:href="#sSpan2105" value="ⲧⲏⲣ"/>
		<feat xlink:href="#sSpan2109" value="ⲛⲧⲟⲟⲩ"/>
		<feat xlink:href="#sSpan2111" value="ⲉⲧ"/>
		<feat xlink:href="#sSpan2115" value="ϩⲟⲟⲩ"/>
		<feat xlink:href="#sSpan2117" value="ⲉⲣⲉ"/>
		<feat xlink:href="#sSpan2121" value="ⲛⲧⲟⲟⲩ"/>
		<feat xlink:href="#sSpan2123" value="ⲉⲓ"/>
		<feat xlink:href="#sSpan2126" value="ⲉⲃⲟⲗ"/>
		<feat xlink:href="#sSpan2130" value="ϩⲓ"/>
		<feat xlink:href="#sSpan2134" value="ϩⲟⲩⲛ"/>
		<feat xlink:href="#sSpan2138" value="ⲉⲣⲉ"/>
		<feat xlink:href="#sSpan2142" value="ⲛⲧⲟⲟⲩ"/>
		<feat xlink:href="#sSpan2144" value="ϫⲱϩⲙ"/>
		<feat xlink:href="#sSpan2146" value="ⲛ"/>
		<feat xlink:href="#sSpan2150" value="ⲡ"/>
		<feat xlink:href="#sSpan2153" value="ⲣⲱⲙⲉ"/>
		<feat xlink:href="#sSpan2155" value="."/>
		<feat xlink:href="#sSpan2159" value="ⲛⲧⲉⲣⲉ"/>
		<feat xlink:href="#sSpan2169" value="ⲛⲧⲟϥ"/>
		<feat xlink:href="#sSpan2171" value="ⲡⲱⲱⲛⲉ"/>
		<feat xlink:href="#sSpan2174" value="ⲇⲉ"/>
		<feat xlink:href="#sSpan2178" value="ⲉⲃⲟⲗ"/>
		<feat xlink:href="#sSpan2182" value="ⲛ"/>
		<feat xlink:href="#sSpan2186" value="ⲡ"/>
		<feat xlink:href="#sSpan2189" value="ⲙⲁ"/>
		<feat xlink:href="#sSpan2191" value="ⲉⲧⲉⲣⲉ"/>
		<feat xlink:href="#sSpan2195" value="ⲙⲙⲁⲩ"/>
		<feat xlink:href="#sSpan2197" value="ⲁ"/>
		<feat xlink:href="#sSpan2201" value="ⲛⲧⲟϥ"/>
		<feat xlink:href="#sSpan2203" value="ⲃⲱⲕ"/>
		<feat xlink:href="#sSpan2206" value="ⲉϩⲣⲁⲓ"/>
		<feat xlink:href="#sSpan2210" value="ⲉ"/>
		<feat xlink:href="#sSpan2214" value="ⲡ"/>
		<feat xlink:href="#sSpan2217" value="ⲧⲱϣ"/>
		<feat xlink:href="#sSpan2219" value="ⲛ"/>
		<feat xlink:href="#sSpan2224" value="ⲧⲩⲣⲟⲥ"/>
		<feat xlink:href="#sSpan2227" value="ⲙⲛ"/>
		<feat xlink:href="#sSpan2232" value="ⲥⲓⲇⲱⲛ"/>
		<feat xlink:href="#sSpan2235" value="ⲁⲩⲱ"/>
		<feat xlink:href="#sSpan2239" value="ⲛⲧⲉⲣⲉ"/>
		<feat xlink:href="#sSpan2243" value="ⲛⲧⲟϥ"/>
		<feat xlink:href="#sSpan2245" value="ⲃⲱⲕ"/>
		<feat xlink:href="#sSpan2248" value="ⲉϩⲟⲩⲛ"/>
		<feat xlink:href="#sSpan2252" value="ⲉ"/>
		<feat xlink:href="#sSpan2256" value="ⲡ"/>
		<feat xlink:href="#sSpan2259" value="ⲏⲓ"/>
		<feat xlink:href="#sSpan2261" value="ⲙⲡⲉ"/>
		<feat xlink:href="#sSpan2265" value="ⲛⲧⲟϥ"/>
		<feat xlink:href="#sSpan2267" value="ⲟⲩⲱϣ"/>
		<feat xlink:href="#sSpan2269" value="ⲉⲧⲣⲉ"/>
		<feat xlink:href="#sSpan2273" value="ⲗⲁⲁⲩ"/>
		<feat xlink:href="#sSpan2276" value="ⲉⲓⲙⲉ"/>
		<feat xlink:href="#sSpan2280" value="."/>
		<feat xlink:href="#sSpan2284" value="ⲁⲩⲱ"/>
		<feat xlink:href="#sSpan2288" value="ⲙⲡⲉ"/>
		<feat xlink:href="#sSpan2292" value="ⲛⲧⲟϥ"/>
		<feat xlink:href="#sSpan2294" value="ⲉϣ"/>
		<feat xlink:href="#sSpan2296" value="ϩⲱⲡ"/>
		<feat xlink:href="#sSpan2299" value="ⲁⲗⲗⲁ"/>
		<feat xlink:href="#sSpan2309" value="ⲛ"/>
		<feat xlink:href="#sSpan2313" value="ⲡ"/>
		<feat xlink:href="#sSpan2315" value="ⲟⲩⲛⲟⲩ"/>
		<feat xlink:href="#sSpan2317" value="ⲛⲧⲉⲣⲉ"/>
		<feat xlink:href="#sSpan2321" value="ⲛⲧⲟⲥ"/>
		<feat xlink:href="#sSpan2323" value="ⲥⲱⲧⲙ"/>
		<feat xlink:href="#sSpan2325" value="ⲉⲧⲃⲉ"/>
		<feat xlink:href="#sSpan2329" value="ⲛⲧⲟϥ"/>
		<feat xlink:href="#sSpan2331" value="ⲛϭⲓ"/>
		<feat xlink:href="#sSpan2335" value="ⲟⲩ"/>
		<feat xlink:href="#sSpan2338" value="ⲥϩⲓⲙⲉ"/>
		<feat xlink:href="#sSpan2340" value="ⲉⲣⲉ"/>
		<feat xlink:href="#sSpan2344" value="ⲟⲩⲛⲧⲉ"/>
		<feat xlink:href="#sSpan2346" value="ⲛⲧⲟⲥ"/>
		<feat xlink:href="#sSpan2348" value="ⲟⲩ"/>
		<feat xlink:href="#sSpan2351" value="ϣⲉⲉⲣⲉ"/>
		<feat xlink:href="#sSpan2353" value="ⲙⲙⲁⲩ"/>
		<feat xlink:href="#sSpan2357" value="ⲉⲣⲉ"/>
		<feat xlink:href="#sSpan2361" value="ⲟⲩ"/>
		<feat xlink:href="#sSpan2365" value="ⲡⲛⲉⲩⲙⲁ"/>
		<feat xlink:href="#sSpan2367" value="ⲛ"/>
		<feat xlink:href="#sSpan2372" value="ⲁⲕⲁⲑⲁⲣⲧⲟⲛ"/>
		<feat xlink:href="#sSpan2374" value="ⲙⲛ"/>
		<feat xlink:href="#sSpan2378" value="ⲛⲧⲟⲥ"/>
		<feat xlink:href="#sSpan2380" value="ⲁ"/>
		<feat xlink:href="#sSpan2384" value="ⲛⲧⲟⲥ"/>
		<feat xlink:href="#sSpan2386" value="ⲉⲓ"/>
		<feat xlink:href="#sSpan2388" value="ⲁ"/>
		<feat xlink:href="#sSpan2392" value="ⲛⲧⲟⲥ"/>
		<feat xlink:href="#sSpan2394" value="ⲡⲱϩⲧ"/>
		<feat xlink:href="#sSpan2396" value="ⲛⲧⲟⲥ"/>
		<feat xlink:href="#sSpan2398" value="ϩⲁⲣⲁⲧ"/>
		<feat xlink:href="#sSpan2402" value="ⲛⲧⲟϥ"/>
		<feat xlink:href="#sSpan2404" value="ⲡ"/>
		<feat xlink:href="#sSpan2415" value="ⲥϩⲓⲙⲉ"/>
		<feat xlink:href="#sSpan2418" value="ⲇⲉ"/>
		<feat xlink:href="#sSpan2422" value="ⲛⲉⲣⲉ"/>
		<feat xlink:href="#sSpan2426" value="ⲟⲩ"/>
		<feat xlink:href="#sSpan2430" value="ϩⲉⲗⲗⲏⲛ"/>
		<feat xlink:href="#sSpan2432" value="ⲡⲉ"/>
		<feat xlink:href="#sSpan2436" value="ⲛ"/>
		<feat xlink:href="#sSpan2440" value="ⲣⲙ"/>
		<feat xlink:href="#sSpan2442" value="ⲡⲉ"/>
		<feat xlink:href="#sSpan2448" value="ⲫⲟⲓⲛⲓⲕⲏ"/>
		<feat xlink:href="#sSpan2452" value="ⲛ"/>
		<feat xlink:href="#sSpan2456" value="ⲡ"/>
		<feat xlink:href="#sSpan2460" value="ⲥⲩⲣⲓⲁ"/>
		<feat xlink:href="#sSpan2462" value="."/>
		<feat xlink:href="#sSpan2466" value="ⲁⲩⲱ"/>
		<feat xlink:href="#sSpan2470" value="ⲁ"/>
		<feat xlink:href="#sSpan2474" value="ⲛⲧⲟⲥ"/>
		<feat xlink:href="#sSpan2476" value="ⲥⲟⲡⲥⲡ"/>
		<feat xlink:href="#sSpan2478" value="ⲛⲧⲟϥ"/>
		<feat xlink:href="#sSpan2480" value="ϫⲉⲕⲁⲁⲥ"/>
		<feat xlink:href="#sSpan2484" value="ⲉⲣⲉ_ⲛⲧⲟϥ"/>
		<feat xlink:href="#sSpan2488" value="ⲛⲟⲩϫⲉ"/>
		<feat xlink:href="#sSpan2490" value="ⲡ"/>
		<feat xlink:href="#sSpan2494" value="ⲇⲁⲓⲙⲱⲛⲓⲟⲛ"/>
		<feat xlink:href="#sSpan2496" value="ⲉⲃⲟⲗ"/>
		<feat xlink:href="#sSpan2500" value="ϩⲓ"/>
		<feat xlink:href="#sSpan2504" value="ⲡⲉⲥ"/>
		<feat xlink:href="#sSpan2509" value="ϣⲉⲉⲣⲉ"/>
		<feat xlink:href="#sSpan2511" value="ⲡⲉϫⲉ"/>
		<feat xlink:href="#sSpan2521" value="ⲛⲧⲟϥ"/>
		<feat xlink:href="#sSpan2524" value="ⲇⲉ"/>
		<feat xlink:href="#sSpan2528" value="ⲛⲁ"/>
		<feat xlink:href="#sSpan2532" value="ⲛⲧⲟⲥ"/>
		<feat xlink:href="#sSpan2534" value="ϫⲉ"/>
		<feat xlink:href="#sSpan2538" value="ⲕⲱ"/>
		<feat xlink:href="#sSpan2540" value="ⲛ"/>
		<feat xlink:href="#sSpan2543" value="ϣⲏⲣⲉ"/>
		<feat xlink:href="#sSpan2545" value="ⲉ"/>
		<feat xlink:href="#sSpan2549" value="ⲧⲣⲉ"/>
		<feat xlink:href="#sSpan2551" value="ⲛⲧⲟⲟⲩ"/>
		<feat xlink:href="#sSpan2553" value="ⲥⲉⲓ"/>
		<feat xlink:href="#sSpan2555" value="ⲛ"/>
		<feat xlink:href="#sSpan2559" value="ϣⲟⲣⲡ"/>
		<feat xlink:href="#sSpan2561" value="."/>
		<feat xlink:href="#sSpan2565" value="ⲛ"/>
		<feat xlink:href="#sSpan2569" value="ⲛⲁⲛⲟⲩ"/>
		<feat xlink:href="#sSpan2571" value="ⲛⲧⲟⲥ"/>
		<feat xlink:href="#sSpan2574" value="ⲅⲁⲣ"/>
		<feat xlink:href="#sSpan2578" value="ⲁⲛ"/>
		<feat xlink:href="#sSpan2582" value="ⲉ"/>
		<feat xlink:href="#sSpan2586" value="ϫⲓ"/>
		<feat xlink:href="#sSpan2588" value="ⲛ"/>
		<feat xlink:href="#sSpan2592" value="ⲡ"/>
		<feat xlink:href="#sSpan2595" value="ⲟⲉⲓⲕ"/>
		<feat xlink:href="#sSpan2597" value="ⲛ"/>
		<feat xlink:href="#sSpan2601" value="ⲡ"/>
		<feat xlink:href="#sSpan2604" value="ϣⲏⲣⲉ"/>
		<feat xlink:href="#sSpan2606" value="ⲉ"/>
		<feat xlink:href="#sSpan2610" value="ⲛⲟⲩϫⲉ"/>
		<feat xlink:href="#sSpan2612" value="ⲛⲧⲟϥ"/>
		<feat xlink:href="#sSpan2614" value="ⲛ"/>
		<feat xlink:href="#sSpan2618" value="ⲡ"/>
		<feat xlink:href="#sSpan2621" value="ⲟⲩϩⲟⲟⲣ"/>
		<feat xlink:href="#sSpan2623" value="."/>
		<feat xlink:href="#sSpan2627" value="ⲛⲧⲟⲥ"/>
		<feat xlink:href="#sSpan2638" value="ⲇⲉ"/>
		<feat xlink:href="#sSpan2642" value="ⲁ"/>
		<feat xlink:href="#sSpan2646" value="ⲛⲧⲟⲥ"/>
		<feat xlink:href="#sSpan2648" value="ⲟⲩⲱϣⲃ"/>
		<feat xlink:href="#sSpan2650" value="ⲉⲣⲉ"/>
		<feat xlink:href="#sSpan2654" value="ⲛⲧⲟⲥ"/>
		<feat xlink:href="#sSpan2656" value="ϫⲱ"/>
		<feat xlink:href="#sSpan2658" value="ⲛ"/>
		<feat xlink:href="#sSpan2662" value="ⲛⲧⲟⲥ"/>
		<feat xlink:href="#sSpan2664" value="ⲛⲁ"/>
		<feat xlink:href="#sSpan2668" value="ⲛⲧⲟϥ"/>
		<feat xlink:href="#sSpan2670" value="ϫⲉ"/>
		<feat xlink:href="#sSpan2674" value="ⲥⲉ"/>
		<feat xlink:href="#sSpan2678" value="ⲡ"/>
		<feat xlink:href="#sSpan2683" value="ϫⲟⲉⲓⲥ"/>
		<feat xlink:href="#sSpan2685" value="."/>
		<feat xlink:href="#sSpan2689" value="ⲡ"/>
		<feat xlink:href="#sSpan2694" value="ⲕⲉ"/>
		<feat xlink:href="#sSpan2696" value="ⲟⲩϩⲟⲣ"/>
		<feat xlink:href="#sSpan2698" value="ϣⲁⲣⲉ"/>
		<feat xlink:href="#sSpan2702" value="ⲛⲧⲟⲟⲩ"/>
		<feat xlink:href="#sSpan2704" value="ⲟⲩⲱⲙ"/>
		<feat xlink:href="#sSpan2706" value="ⲉⲃⲟⲗ"/>
		<feat xlink:href="#sSpan2711" value="ϩⲛ"/>
		<feat xlink:href="#sSpan2715" value="ⲡ"/>
		<feat xlink:href="#sSpan2720" value="ⲥⲣⲉϥⲣⲓϥⲉ"/>
		<feat xlink:href="#sSpan2722" value="ϩⲁ"/>
		<feat xlink:href="#sSpan2726" value="ⲡ"/>
		<feat xlink:href="#sSpan2730" value="ⲧⲣⲁⲡⲉⲍⲁ"/>
		<feat xlink:href="#sSpan2732" value="ⲛ"/>
		<feat xlink:href="#sSpan2736" value="ⲡ"/>
		<feat xlink:href="#sSpan2739" value="ϣⲏⲣⲉ"/>
		<feat xlink:href="#sSpan2741" value="."/>
		<feat xlink:href="#sSpan2745" value="ⲁⲩⲱ"/>
		<feat xlink:href="#sSpan2755" value="ⲡⲉϫⲉ"/>
		<feat xlink:href="#sSpan2759" value="ⲛⲧⲟϥ"/>
		<feat xlink:href="#sSpan2761" value="ⲛⲁ"/>
		<feat xlink:href="#sSpan2765" value="ⲛⲧⲟⲥ"/>
		<feat xlink:href="#sSpan2767" value="ϫⲉ"/>
		<feat xlink:href="#sSpan2771" value="ⲃⲱⲕ"/>
		<feat xlink:href="#sSpan2773" value="ⲉⲧⲃⲉ"/>
		<feat xlink:href="#sSpan2777" value="ⲡⲉⲓ"/>
		<feat xlink:href="#sSpan2782" value="ϣⲁϫⲉ"/>
		<feat xlink:href="#sSpan2784" value="ⲁ"/>
		<feat xlink:href="#sSpan2788" value="ⲡ"/>
		<feat xlink:href="#sSpan2792" value="ⲇⲁⲓⲙⲱⲛⲓⲟⲛ"/>
		<feat xlink:href="#sSpan2794" value="ⲉⲓ"/>
		<feat xlink:href="#sSpan2799" value="ⲉⲃⲟⲗ"/>
		<feat xlink:href="#sSpan2803" value="ϩⲛ"/>
		<feat xlink:href="#sSpan2807" value="ⲡⲟⲩ"/>
		<feat xlink:href="#sSpan2812" value="ϣⲉⲉⲣⲉ"/>
		<feat xlink:href="#sSpan2814" value="."/>
		<feat xlink:href="#sSpan2818" value="ⲛⲧⲉⲣⲉ"/>
		<feat xlink:href="#sSpan2828" value="ⲛⲧⲟⲥ"/>
		<feat xlink:href="#sSpan2830" value="ⲃⲱⲕ"/>
		<feat xlink:href="#sSpan2833" value="ⲇⲉ"/>
		<feat xlink:href="#sSpan2837" value="ⲉ"/>
		<feat xlink:href="#sSpan2841" value="ⲡⲉⲥ"/>
		<feat xlink:href="#sSpan2844" value="ⲏⲓ"/>
		<feat xlink:href="#sSpan2846" value="ⲁ"/>
		<feat xlink:href="#sSpan2850" value="ⲛⲧⲟⲥ"/>
		<feat xlink:href="#sSpan2852" value="ϩⲉ"/>
		<feat xlink:href="#sSpan2855" value="ⲉ"/>
		<feat xlink:href="#sSpan2859" value="ⲡ"/>
		<feat xlink:href="#sSpan2862" value="ϣⲉⲉⲣⲉ"/>
		<feat xlink:href="#sSpan2864" value="ⲉⲣⲉ"/>
		<feat xlink:href="#sSpan2868" value="ⲛⲧⲟⲥ"/>
		<feat xlink:href="#sSpan2870" value="ⲛⲟⲩϫⲉ"/>
		<feat xlink:href="#sSpan2872" value="ϩⲓ"/>
		<feat xlink:href="#sSpan2876" value="ⲡ"/>
		<feat xlink:href="#sSpan2879" value="ϭⲗⲟϭ"/>
		<feat xlink:href="#sSpan2881" value="ⲉⲣⲉ"/>
		<feat xlink:href="#sSpan2886" value="ⲁ"/>
		<feat xlink:href="#sSpan2888" value="ⲡ"/>
		<feat xlink:href="#sSpan2892" value="ⲇⲁⲓⲙⲱⲛⲓⲟⲛ"/>
		<feat xlink:href="#sSpan2894" value="ⲗⲟ"/>
		<feat xlink:href="#sSpan2898" value="ϩⲓ"/>
		<feat xlink:href="#sSpan2902" value="ⲛⲧⲟⲥ"/>
		<feat xlink:href="#sSpan2904" value="."/>
		<feat xlink:href="#sSpan2908" value="ⲛⲧⲉⲣⲉ"/>
		<feat xlink:href="#sSpan2918" value="ⲛⲧⲟϥ"/>
		<feat xlink:href="#sSpan2920" value="ⲉⲓ"/>
		<feat xlink:href="#sSpan2922" value="ⲟⲛ"/>
		<feat xlink:href="#sSpan2926" value="ⲉⲃⲟⲗ"/>
		<feat xlink:href="#sSpan2931" value="ϩⲛ"/>
		<feat xlink:href="#sSpan2935" value="ⲡ"/>
		<feat xlink:href="#sSpan2940" value="ⲧⲱϣ"/>
		<feat xlink:href="#sSpan2942" value="ⲛ"/>
		<feat xlink:href="#sSpan2947" value="ⲧⲩⲣⲟⲥ"/>
		<feat xlink:href="#sSpan2950" value="."/>
		<feat xlink:href="#sSpan2954" value="ⲁ"/>
		<feat xlink:href="#sSpan2958" value="ⲛⲧⲟϥ"/>
		<feat xlink:href="#sSpan2960" value="ⲃⲱⲕ"/>
		<feat xlink:href="#sSpan2963" value="ⲉⲃⲟⲗ"/>
		<feat xlink:href="#sSpan2967" value="ϩⲓⲧⲛ"/>
		<feat xlink:href="#sSpan2972" value="ⲥⲓⲇⲱⲛ"/>
		<feat xlink:href="#sSpan2977" value="ⲉ"/>
		<feat xlink:href="#sSpan2982" value="ⲑⲁⲗⲁⲥⲥⲁ"/>
		<feat xlink:href="#sSpan2985" value="ⲛ"/>
		<feat xlink:href="#sSpan2989" value="ⲡ"/>
		<feat xlink:href="#sSpan2993" value="ⲅⲁⲗⲓⲗⲁⲓⲁ"/>
		<feat xlink:href="#sSpan2995" value="ϩⲛ"/>
		<feat xlink:href="#sSpan2999" value="ⲡ"/>
		<feat xlink:href="#sSpan3002" value="ⲙⲏⲧⲉ"/>
		<feat xlink:href="#sSpan3004" value="ⲛ"/>
		<feat xlink:href="#sSpan3008" value="ⲡ"/>
		<feat xlink:href="#sSpan3011" value="ⲧⲱϣ"/>
		<feat xlink:href="#sSpan3013" value="ⲛ"/>
		<feat xlink:href="#sSpan3017" value="ⲡ"/>
		<feat xlink:href="#sSpan3021" value="ⲇⲉⲕⲁⲡⲟⲗⲓⲥ"/>
		<feat xlink:href="#sSpan3023" value="ⲁⲩⲱ"/>
		<feat xlink:href="#sSpan3033" value="ⲁ"/>
		<feat xlink:href="#sSpan3037" value="ⲛⲧⲟⲟⲩ"/>
		<feat xlink:href="#sSpan3039" value="ⲉⲓⲛⲉ"/>
		<feat xlink:href="#sSpan3041" value="ⲛⲁ"/>
		<feat xlink:href="#sSpan3045" value="ⲛⲧⲟϥ"/>
		<feat xlink:href="#sSpan3047" value="ⲛ"/>
		<feat xlink:href="#sSpan3051" value="ⲟⲩ"/>
		<feat xlink:href="#sSpan3054" value="ⲁⲗ"/>
		<feat xlink:href="#sSpan3056" value="ⲛ"/>
		<feat xlink:href="#sSpan3060" value="ⲙⲡⲟ"/>
		<feat xlink:href="#sSpan3062" value="."/>
		<feat xlink:href="#sSpan3066" value="ⲁⲩⲱ"/>
		<feat xlink:href="#sSpan3070" value="ⲁ"/>
		<feat xlink:href="#sSpan3074" value="ⲛⲧⲟⲟⲩ"/>
		<feat xlink:href="#sSpan3076" value="ⲥⲟⲡⲥⲡ"/>
		<feat xlink:href="#sSpan3078" value="ⲛⲧⲟϥ"/>
		<feat xlink:href="#sSpan3080" value="ϫⲉⲕⲁⲁⲥ"/>
		<feat xlink:href="#sSpan3084" value="ⲉⲣⲉ_ⲛⲧⲟϥ"/>
		<feat xlink:href="#sSpan3088" value="ⲕⲱ"/>
		<feat xlink:href="#sSpan3090" value="ⲧⲱⲣⲉ"/>
		<feat xlink:href="#sSpan3093" value="ⲛⲧⲟϥ"/>
		<feat xlink:href="#sSpan3095" value="ϩⲓϫⲛ"/>
		<feat xlink:href="#sSpan3099" value="ⲛⲧⲟϥ"/>
		<feat xlink:href="#sSpan3101" value="."/>
		<feat xlink:href="#sSpan3105" value="ⲛⲧⲉⲣⲉ"/>
		<feat xlink:href="#sSpan3114" value="ⲛⲧⲟϥ"/>
		<feat xlink:href="#sSpan3116" value="ⲉⲓⲛⲉ"/>
		<feat xlink:href="#sSpan3118" value="ⲛⲧⲟϥ"/>
		<feat xlink:href="#sSpan3121" value="ⲇⲉ"/>
		<feat xlink:href="#sSpan3125" value="ⲉⲃⲟⲗ"/>
		<feat xlink:href="#sSpan3130" value="ⲟⲩⲧⲉ"/>
		<feat xlink:href="#sSpan3134" value="ⲡ"/>
		<feat xlink:href="#sSpan3139" value="ⲙⲏⲏϣⲉ"/>
		<feat xlink:href="#sSpan3141" value="."/>
		<feat xlink:href="#sSpan3145" value="ⲁ"/>
		<feat xlink:href="#sSpan3149" value="ⲛⲧⲟϥ"/>
		<feat xlink:href="#sSpan3151" value="ϫⲓ"/>
		<feat xlink:href="#sSpan3153" value="ⲛⲧⲟϥ"/>
		<feat xlink:href="#sSpan3155" value="ⲉ"/>
		<feat xlink:href="#sSpan3159" value="ⲟⲩ"/>
		<feat xlink:href="#sSpan3162" value="ⲥⲁ"/>
		<feat xlink:href="#sSpan3164" value="ⲁ"/>
		<feat xlink:href="#sSpan3168" value="ⲛⲧⲟϥ"/>
		<feat xlink:href="#sSpan3170" value="ⲛⲟⲩϫⲉ"/>
		<feat xlink:href="#sSpan3172" value="ⲡⲉϥ"/>
		<feat xlink:href="#sSpan3175" value="ⲧⲏⲏⲃⲉ"/>
		<feat xlink:href="#sSpan3177" value="ⲉϩⲟⲩⲛ"/>
		<feat xlink:href="#sSpan3181" value="ⲉ"/>
		<feat xlink:href="#sSpan3185" value="ⲡⲉϥ"/>
		<feat xlink:href="#sSpan3188" value="ⲙⲁⲁϫⲉ"/>
		<feat xlink:href="#sSpan3190" value="."/>
		<feat xlink:href="#sSpan3194" value="ⲁⲩⲱ"/>
		<feat xlink:href="#sSpan3198" value="ⲛⲧⲉⲣⲉ"/>
		<feat xlink:href="#sSpan3202" value="ⲛⲧⲟϥ"/>
		<feat xlink:href="#sSpan3205" value="ⲛⲉϫⲧⲁϥ"/>
		<feat xlink:href="#sSpan3208" value="ⲉϩⲟⲩⲛ"/>
		<feat xlink:href="#sSpan3212" value="ⲉ"/>
		<feat xlink:href="#sSpan3216" value="ϩⲟ"/>
		<feat xlink:href="#sSpan3219" value="ⲛⲧⲟϥ"/>
		<feat xlink:href="#sSpan3221" value="ⲁ"/>
		<feat xlink:href="#sSpan3225" value="ⲛⲧⲟϥ"/>
		<feat xlink:href="#sSpan3227" value="ϫⲱϩ"/>
		<feat xlink:href="#sSpan3229" value="ⲉ"/>
		<feat xlink:href="#sSpan3233" value="ⲡⲉϥ"/>
		<feat xlink:href="#sSpan3236" value="ⲗⲁⲥ"/>
		<feat xlink:href="#sSpan3238" value="ⲁⲩⲱ"/>
		<feat xlink:href="#sSpan3247" value="ⲛⲧⲉⲣⲉ"/>
		<feat xlink:href="#sSpan3251" value="ⲛⲧⲟϥ"/>
		<feat xlink:href="#sSpan3253" value="ϥⲓ"/>
		<feat xlink:href="#sSpan3255" value="ⲉⲓⲁ"/>
		<feat xlink:href="#sSpan3258" value="ⲛⲧⲟϥ"/>
		<feat xlink:href="#sSpan3260" value="ⲉϩⲣⲁⲓ"/>
		<feat xlink:href="#sSpan3264" value="ⲉ"/>
		<feat xlink:href="#sSpan3268" value="ⲡ"/>
		<feat xlink:href="#sSpan3271" value="ⲡⲉ"/>
		<feat xlink:href="#sSpan3273" value="ⲁ"/>
		<feat xlink:href="#sSpan3277" value="ⲛⲧⲟϥ"/>
		<feat xlink:href="#sSpan3279" value="ⲁϣⲁϩⲟⲙ"/>
		<feat xlink:href="#sSpan3281" value="ⲁⲩⲱ"/>
		<feat xlink:href="#sSpan3285" value="ⲡⲉϫⲉ"/>
		<feat xlink:href="#sSpan3289" value="ⲛⲧⲟϥ"/>
		<feat xlink:href="#sSpan3291" value="ⲛⲁ"/>
		<feat xlink:href="#sSpan3295" value="ⲛⲧⲟϥ"/>
		<feat xlink:href="#sSpan3297" value="ϫⲉ"/>
		<feat xlink:href="#sSpan3302" value="ⲉⲡⲫⲁⲑⲁ"/>
		<feat xlink:href="#sSpan3304" value="."/>
		<feat xlink:href="#sSpan3308" value="ⲉⲧⲉⲣⲉ"/>
		<feat xlink:href="#sSpan3312" value="ⲡⲁⲓ"/>
		<feat xlink:href="#sSpan3315" value="ⲡⲉ"/>
		<feat xlink:href="#sSpan3319" value="ⲟⲩⲱⲛ"/>
		<feat xlink:href="#sSpan3323" value="."/>
		<feat xlink:href="#sSpan3327" value="ⲁⲩⲱ"/>
		<feat xlink:href="#sSpan3337" value="ⲡⲉϥ"/>
		<feat xlink:href="#sSpan3342" value="ⲙⲁⲁϫⲉ"/>
		<feat xlink:href="#sSpan3344" value="ⲁ"/>
		<feat xlink:href="#sSpan3348" value="ⲛⲧⲟⲟⲩ"/>
		<feat xlink:href="#sSpan3350" value="ⲟⲩⲱⲛ"/>
		<feat xlink:href="#sSpan3352" value="ⲁⲩⲱ"/>
		<feat xlink:href="#sSpan3356" value="ⲁ"/>
		<feat xlink:href="#sSpan3360" value="ⲛⲧⲟⲥ"/>
		<feat xlink:href="#sSpan3362" value="ⲟⲩⲱⲛ"/>
		<feat xlink:href="#sSpan3364" value="ⲛϭⲓ"/>
		<feat xlink:href="#sSpan3368" value="ⲡ"/>
		<feat xlink:href="#sSpan3371" value="ⲙⲣⲣⲉ"/>
		<feat xlink:href="#sSpan3373" value="ⲛ"/>
		<feat xlink:href="#sSpan3377" value="ⲡⲉϥ"/>
		<feat xlink:href="#sSpan3380" value="ⲗⲁⲥ"/>
		<feat xlink:href="#sSpan3382" value="ⲁ"/>
		<feat xlink:href="#sSpan3386" value="ⲛⲧⲟϥ"/>
		<feat xlink:href="#sSpan3388" value="ϣⲁϫⲉ"/>
		<feat xlink:href="#sSpan3391" value="ⲕⲁⲗⲱⲥ"/>
		<feat xlink:href="#sSpan3395" value="ⲁⲩⲱ"/>
		<feat xlink:href="#sSpan3405" value="ⲁ"/>
		<feat xlink:href="#sSpan3409" value="ⲛⲧⲟϥ"/>
		<feat xlink:href="#sSpan3411" value="ϩⲱⲛ"/>
		<feat xlink:href="#sSpan3413" value="ⲉⲧⲛ"/>
		<feat xlink:href="#sSpan3417" value="ⲛⲧⲟⲟⲩ"/>
		<feat xlink:href="#sSpan3419" value="ϫⲉⲕⲁⲁⲥ"/>
		<feat xlink:href="#sSpan3423" value="ⲛⲛⲉ"/>
		<feat xlink:href="#sSpan3427" value="ⲛⲧⲟⲟⲩ"/>
		<feat xlink:href="#sSpan3429" value="ϫⲱ"/>
		<feat xlink:href="#sSpan3431" value="ⲛⲧⲟⲥ"/>
		<feat xlink:href="#sSpan3433" value="ⲗⲁⲁⲩ"/>
		<feat xlink:href="#sSpan3439" value="ϩⲟⲥⲟⲛ"/>
		<feat xlink:href="#sSpan3444" value="ⲇⲉ"/>
		<feat xlink:href="#sSpan3448" value="ⲁ"/>
		<feat xlink:href="#sSpan3452" value="ⲛⲧⲟϥ"/>
		<feat xlink:href="#sSpan3454" value="ϩⲱⲛ"/>
		<feat xlink:href="#sSpan3456" value="ⲉⲧⲛ"/>
		<feat xlink:href="#sSpan3460" value="ⲛⲧⲟⲟⲩ"/>
		<feat xlink:href="#sSpan3462" value="ⲛⲧⲟⲟⲩ"/>
		<feat xlink:href="#sSpan3466" value="ⲛ"/>
		<feat xlink:href="#sSpan3470" value="ϩⲟⲩⲟ"/>
		<feat xlink:href="#sSpan3472" value="ⲟⲛ"/>
		<feat xlink:href="#sSpan3476" value="ⲉⲣⲉ"/>
		<feat xlink:href="#sSpan3480" value="ⲛⲧⲟⲟⲩ"/>
		<feat xlink:href="#sSpan3482" value="ϯ"/>
		<feat xlink:href="#sSpan3484" value="ⲛ"/>
		<feat xlink:href="#sSpan3488" value="ⲡⲉϥ"/>
		<feat xlink:href="#sSpan3491" value="ⲥⲟⲉⲓⲧ"/>
		<feat xlink:href="#sSpan3493" value="ⲁⲩⲱ"/>
		<feat xlink:href="#sSpan3503" value="ⲛⲉⲣⲉ"/>
		<feat xlink:href="#sSpan3507" value="ⲛⲧⲟⲟⲩ"/>
		<feat xlink:href="#sSpan3510" value="ⲣϣⲡⲏⲣⲉ"/>
		<feat xlink:href="#sSpan3513" value="ⲉⲙⲁⲧⲉ"/>
		<feat xlink:href="#sSpan3517" value="ⲉⲣⲉ"/>
		<feat xlink:href="#sSpan3521" value="ⲛⲧⲟⲟⲩ"/>
		<feat xlink:href="#sSpan3523" value="ϫⲱ"/>
		<feat xlink:href="#sSpan3525" value="ⲛ"/>
		<feat xlink:href="#sSpan3529" value="ⲛⲧⲟⲥ"/>
		<feat xlink:href="#sSpan3531" value="ϫⲉ"/>
		<feat xlink:href="#sSpan3536" value="ⲕⲁⲗⲱⲥ"/>
		<feat xlink:href="#sSpan3538" value="ϩⲱⲃ"/>
		<feat xlink:href="#sSpan3544" value="ⲛⲓⲙ"/>
		<feat xlink:href="#sSpan3548" value="ⲁ"/>
		<feat xlink:href="#sSpan3552" value="ⲛⲧⲟϥ"/>
		<feat xlink:href="#sSpan3554" value="ⲉⲓⲣⲉ"/>
		<feat xlink:href="#sSpan3556" value="ⲛⲧⲟⲟⲩ"/>
		<feat xlink:href="#sSpan3559" value="ϩⲱⲥⲧⲉ"/>
		<feat xlink:href="#sSpan3563" value="ⲛⲧⲉ"/>
		<feat xlink:href="#sSpan3567" value="ⲛⲧⲟϥ"/>
		<feat xlink:href="#sSpan3569" value="ϯ"/>
		<feat xlink:href="#sSpan3571" value="ⲡ"/>
		<feat xlink:href="#sSpan3574" value="ⲕⲉ"/>
		<feat xlink:href="#sSpan3576" value="ⲁⲗ"/>
		<feat xlink:href="#sSpan3578" value="ⲥⲱⲧⲙ"/>
		<feat xlink:href="#sSpan3582" value="ⲁⲩⲱ"/>
		<feat xlink:href="#sSpan3586" value="ⲡ"/>
		<feat xlink:href="#sSpan3591" value="ⲙⲡⲟ"/>
		<feat xlink:href="#sSpan3593" value="ⲛⲧⲉ"/>
		<feat xlink:href="#sSpan3597" value="ⲛⲧⲟϥ"/>
		<feat xlink:href="#sSpan3599" value="ⲧⲣⲉ"/>
		<feat xlink:href="#sSpan3601" value="ⲛⲧⲟⲟⲩ"/>
		<feat xlink:href="#sSpan3603" value="ϣⲁϫⲉ"/>
		<feat xlink:href="#sSpan3605" value="."/></featList></paula>