<?xml version='1.0' encoding='UTF-8'?><!DOCTYPE paula SYSTEM "paula_feat.dtd">
<paula version="1.1">
	<header paula_id="scriptorium.Mark_07.mark_new_sent"/>
	<featList xmlns:xlink="http://www.w3.org/1999/xlink" type="new_sent" xml:base="scriptorium.Mark_07.mark.xml">
		<feat xlink:href="#sSpan1" value="true"/>
		<feat xlink:href="#sSpan81" value="true"/>
		<feat xlink:href="#sSpan148" value="true"/>
		<feat xlink:href="#sSpan233" value="true"/>
		<feat xlink:href="#sSpan362" value="true"/>
		<feat xlink:href="#sSpan494" value="true"/>
		<feat xlink:href="#sSpan628" value="true"/>
		<feat xlink:href="#sSpan699" value="true"/>
		<feat xlink:href="#sSpan763" value="true"/>
		<feat xlink:href="#sSpan849" value="true"/>
		<feat xlink:href="#sSpan964" value="true"/>
		<feat xlink:href="#sSpan1086" value="true"/>
		<feat xlink:href="#sSpan1142" value="true"/>
		<feat xlink:href="#sSpan1258" value="true"/>
		<feat xlink:href="#sSpan1334" value="true"/>
		<feat xlink:href="#sSpan1462" value="true"/>
		<feat xlink:href="#sSpan1466" value="true"/>
		<feat xlink:href="#sSpan1541" value="true"/>
		<feat xlink:href="#sSpan1691" value="true"/>
		<feat xlink:href="#sSpan1819" value="true"/>
		<feat xlink:href="#sSpan1904" value="true"/>
		<feat xlink:href="#sSpan1987" value="true"/>
		<feat xlink:href="#sSpan2090" value="true"/>
		<feat xlink:href="#sSpan2154" value="true"/>
		<feat xlink:href="#sSpan2294" value="true"/>
		<feat xlink:href="#sSpan2399" value="true"/>
		<feat xlink:href="#sSpan2506" value="true"/>
		<feat xlink:href="#sSpan2622" value="true"/>
		<feat xlink:href="#sSpan2740" value="true"/>
		<feat xlink:href="#sSpan2813" value="true"/>
		<feat xlink:href="#sSpan2902" value="true"/>
		<feat xlink:href="#sSpan3017" value="true"/>
		<feat xlink:href="#sSpan3099" value="true"/>
		<feat xlink:href="#sSpan3232" value="true"/>
		<feat xlink:href="#sSpan3323" value="true"/>
		<feat xlink:href="#sSpan3391" value="true"/>
		<feat xlink:href="#sSpan3489" value="true"/></featList></paula>