<?xml version='1.0' encoding='UTF-8'?><!DOCTYPE paula SYSTEM "paula_feat.dtd">
<paula version="1.1">
	<header paula_id="scriptorium.Mark_07.mark_multiword"/>
	<featList xmlns:xlink="http://www.w3.org/1999/xlink" type="multiword" xml:base="scriptorium.Mark_07.mark.xml">
		<feat xlink:href="#sSpan64" value="ⲉⲓ ⲉⲃⲟⲗ"/>
		<feat xlink:href="#sSpan249" value="ⲉⲓ ⲛ"/>
		<feat xlink:href="#sSpan409" value="ⲉⲧⲃⲉ ⲟⲩ"/>
		<feat xlink:href="#sSpan1155" value="ⲧⲥⲧⲟ ⲉⲃⲟⲗ"/>
		<feat xlink:href="#sSpan1379" value="ⲃⲱⲕ ⲉϩⲟⲩⲛ"/>
		<feat xlink:href="#sSpan1418" value="ⲛⲏⲩ ⲉⲃⲟⲗ"/>
		<feat xlink:href="#sSpan1497" value="ⲃⲱⲕ ⲉϩⲟⲩⲛ"/>
		<feat xlink:href="#sSpan1624" value="ⲛⲕⲁ ⲛⲓⲙ"/>
		<feat xlink:href="#sSpan1662" value="ⲃⲱⲕ ⲉϩⲟⲩⲛ"/>
		<feat xlink:href="#sSpan1695" value="ⲉⲃⲟⲗ ϫⲉ"/>
		<feat xlink:href="#sSpan2120" value="ⲛⲏⲩ ⲉⲃⲟⲗ"/>
		<feat xlink:href="#sSpan2200" value="ⲃⲱⲕ ⲉϩⲣⲁⲓ"/>
		<feat xlink:href="#sSpan2242" value="ⲃⲱⲕ ⲉϩⲟⲩⲛ"/>
		<feat xlink:href="#sSpan2705" value="ⲉⲃⲟⲗ ϩⲛ"/>
		<feat xlink:href="#sSpan2793" value="ⲉⲓ ⲉⲃⲟⲗ"/>
		<feat xlink:href="#sSpan2849" value="ϩⲉ ⲉ"/>
		<feat xlink:href="#sSpan2924" value="ⲉⲃⲟⲗ ϩⲛ"/>
		<feat xlink:href="#sSpan2956" value="ⲃⲱⲕ ⲉⲃⲟⲗ"/>
		<feat xlink:href="#sSpan3123" value="ⲉⲃⲟⲗ ⲟⲩⲧⲉ"/>
		<feat xlink:href="#sSpan3538" value="ϩⲱⲃ ⲛⲓⲙ"/></featList></paula>