<?xml version='1.0' encoding='UTF-8'?><!DOCTYPE paula SYSTEM "paula_feat.dtd">
<paula version="1.1">
	<header paula_id="scriptorium.Mark_07.mark_identity"/>
	<featList xmlns:xlink="http://www.w3.org/1999/xlink" type="identity" xml:base="scriptorium.Mark_07.mark.xml">
		<feat xlink:href="#sSpan76" value="Jerusalem"/>
		<feat xlink:href="#sSpan537" value="Isaiah"/>
		<feat xlink:href="#sSpan856" value="Moses"/>
		<feat xlink:href="#sSpan2226" value="Tyre, Lebanon"/>
		<feat xlink:href="#sSpan2446" value="Phoenicia"/>
		<feat xlink:href="#sSpan2458" value="Roman Syria"/>
		<feat xlink:href="#sSpan2949" value="Tyre, Lebanon"/>
		<feat xlink:href="#sSpan2991" value="Galilee"/></featList></paula>