<?xml version='1.0' encoding='UTF-8'?><!DOCTYPE paula SYSTEM "paula_feat.dtd">
<paula version="1.1">
	<header paula_id="scriptorium.shenoute.crushed.FL105-106.mark_verse_n"/>
	<featList xmlns:xlink="http://www.w3.org/1999/xlink" type="verse_n" xml:base="scriptorium.shenoute.crushed.FL105-106.mark.xml">
		<feat xlink:href="#sSpan6" value="6"/>
		<feat xlink:href="#sSpan46" value="7"/>
		<feat xlink:href="#sSpan107" value="1"/>
		<feat xlink:href="#sSpan367" value="2"/>
		<feat xlink:href="#sSpan498" value="3"/>
		<feat xlink:href="#sSpan613" value="4"/>
		<feat xlink:href="#sSpan843" value="5"/>
		<feat xlink:href="#sSpan975" value="6"/>
		<feat xlink:href="#sSpan1020" value="7"/>
		<feat xlink:href="#sSpan1052" value="8"/>
		<feat xlink:href="#sSpan1189" value="9"/></featList></paula>