<?xml version='1.0' encoding='UTF-8'?><!DOCTYPE paula SYSTEM "paula_rel.dtd">
<paula version="1.1">
	<header paula_id="scriptorium.shenoute.crushed.FL105-106.dep"/>
	<relList xmlns:xlink="http://www.w3.org/1999/xlink" type="dep">
		<rel id="sPointingRel1" xlink:href="scriptorium.shenoute.crushed.FL105-106.mark.xml#sSpan382" target="scriptorium.shenoute.crushed.FL105-106.mark.xml#sSpan362"/>
		<rel id="sPointingRel3" xlink:href="scriptorium.shenoute.crushed.FL105-106.mark.xml#sSpan13" target="scriptorium.shenoute.crushed.FL105-106.mark.xml#sSpan15"/>
		<rel id="sPointingRel5" xlink:href="scriptorium.shenoute.crushed.FL105-106.mark.xml#sSpan466" target="scriptorium.shenoute.crushed.FL105-106.mark.xml#sSpan463"/>
		<rel id="sPointingRel7" xlink:href="scriptorium.shenoute.crushed.FL105-106.mark.xml#sSpan239" target="scriptorium.shenoute.crushed.FL105-106.mark.xml#sSpan230"/>
		<rel id="sPointingRel9" xlink:href="scriptorium.shenoute.crushed.FL105-106.mark.xml#sSpan936" target="scriptorium.shenoute.crushed.FL105-106.mark.xml#sSpan929"/>
		<rel id="sPointingRel11" xlink:href="scriptorium.shenoute.crushed.FL105-106.mark.xml#sSpan847" target="scriptorium.shenoute.crushed.FL105-106.mark.xml#sSpan850"/>
		<rel id="sPointingRel13" xlink:href="scriptorium.shenoute.crushed.FL105-106.mark.xml#sSpan1119" target="scriptorium.shenoute.crushed.FL105-106.mark.xml#sSpan1134"/>
		<rel id="sPointingRel15" xlink:href="scriptorium.shenoute.crushed.FL105-106.mark.xml#sSpan1181" target="scriptorium.shenoute.crushed.FL105-106.mark.xml#sSpan1179"/>
		<rel id="sPointingRel17" xlink:href="scriptorium.shenoute.crushed.FL105-106.mark.xml#sSpan682" target="scriptorium.shenoute.crushed.FL105-106.mark.xml#sSpan677"/>
		<rel id="sPointingRel19" xlink:href="scriptorium.shenoute.crushed.FL105-106.mark.xml#sSpan847" target="scriptorium.shenoute.crushed.FL105-106.mark.xml#sSpan844"/>
		<rel id="sPointingRel21" xlink:href="scriptorium.shenoute.crushed.FL105-106.mark.xml#sSpan406" target="scriptorium.shenoute.crushed.FL105-106.mark.xml#sSpan400"/>
		<rel id="sPointingRel23" xlink:href="scriptorium.shenoute.crushed.FL105-106.mark.xml#sSpan292" target="scriptorium.shenoute.crushed.FL105-106.mark.xml#sSpan294"/>
		<rel id="sPointingRel25" xlink:href="scriptorium.shenoute.crushed.FL105-106.mark.xml#sSpan1009" target="scriptorium.shenoute.crushed.FL105-106.mark.xml#sSpan1013"/>
		<rel id="sPointingRel27" xlink:href="scriptorium.shenoute.crushed.FL105-106.mark.xml#sSpan1006" target="scriptorium.shenoute.crushed.FL105-106.mark.xml#sSpan1009"/>
		<rel id="sPointingRel29" xlink:href="scriptorium.shenoute.crushed.FL105-106.mark.xml#sSpan189" target="scriptorium.shenoute.crushed.FL105-106.mark.xml#sSpan207"/>
		<rel id="sPointingRel31" xlink:href="scriptorium.shenoute.crushed.FL105-106.mark.xml#sSpan165" target="scriptorium.shenoute.crushed.FL105-106.mark.xml#sSpan159"/>
		<rel id="sPointingRel33" xlink:href="scriptorium.shenoute.crushed.FL105-106.mark.xml#sSpan122" target="scriptorium.shenoute.crushed.FL105-106.mark.xml#sSpan113"/>
		<rel id="sPointingRel35" xlink:href="scriptorium.shenoute.crushed.FL105-106.mark.xml#sSpan629" target="scriptorium.shenoute.crushed.FL105-106.mark.xml#sSpan654"/>
		<rel id="sPointingRel37" xlink:href="scriptorium.shenoute.crushed.FL105-106.mark.xml#sSpan427" target="scriptorium.shenoute.crushed.FL105-106.mark.xml#sSpan424"/>
		<rel id="sPointingRel39" xlink:href="scriptorium.shenoute.crushed.FL105-106.mark.xml#sSpan382" target="scriptorium.shenoute.crushed.FL105-106.mark.xml#sSpan368"/>
		<rel id="sPointingRel41" xlink:href="scriptorium.shenoute.crushed.FL105-106.mark.xml#sSpan1113" target="scriptorium.shenoute.crushed.FL105-106.mark.xml#sSpan1111"/>
		<rel id="sPointingRel43" xlink:href="scriptorium.shenoute.crushed.FL105-106.mark.xml#sSpan56" target="scriptorium.shenoute.crushed.FL105-106.mark.xml#sSpan67"/>
		<rel id="sPointingRel45" xlink:href="scriptorium.shenoute.crushed.FL105-106.mark.xml#sSpan450" target="scriptorium.shenoute.crushed.FL105-106.mark.xml#sSpan452"/>
		<rel id="sPointingRel47" xlink:href="scriptorium.shenoute.crushed.FL105-106.mark.xml#sSpan654" target="scriptorium.shenoute.crushed.FL105-106.mark.xml#sSpan642"/>
		<rel id="sPointingRel49" xlink:href="scriptorium.shenoute.crushed.FL105-106.mark.xml#sSpan778" target="scriptorium.shenoute.crushed.FL105-106.mark.xml#sSpan788"/>
		<rel id="sPointingRel51" xlink:href="scriptorium.shenoute.crushed.FL105-106.mark.xml#sSpan292" target="scriptorium.shenoute.crushed.FL105-106.mark.xml#sSpan282"/>
		<rel id="sPointingRel53" xlink:href="scriptorium.shenoute.crushed.FL105-106.mark.xml#sSpan1141" target="scriptorium.shenoute.crushed.FL105-106.mark.xml#sSpan1139"/>
		<rel id="sPointingRel55" xlink:href="scriptorium.shenoute.crushed.FL105-106.mark.xml#sSpan615" target="scriptorium.shenoute.crushed.FL105-106.mark.xml#sSpan608"/>
		<rel id="sPointingRel57" xlink:href="scriptorium.shenoute.crushed.FL105-106.mark.xml#sSpan905" target="scriptorium.shenoute.crushed.FL105-106.mark.xml#sSpan923"/>
		<rel id="sPointingRel59" xlink:href="scriptorium.shenoute.crushed.FL105-106.mark.xml#sSpan1084" target="scriptorium.shenoute.crushed.FL105-106.mark.xml#sSpan1092"/>
		<rel id="sPointingRel61" xlink:href="scriptorium.shenoute.crushed.FL105-106.mark.xml#sSpan1119" target="scriptorium.shenoute.crushed.FL105-106.mark.xml#sSpan1115"/>
		<rel id="sPointingRel63" xlink:href="scriptorium.shenoute.crushed.FL105-106.mark.xml#sSpan122" target="scriptorium.shenoute.crushed.FL105-106.mark.xml#sSpan109"/>
		<rel id="sPointingRel65" xlink:href="scriptorium.shenoute.crushed.FL105-106.mark.xml#sSpan466" target="scriptorium.shenoute.crushed.FL105-106.mark.xml#sSpan454"/>
		<rel id="sPointingRel67" xlink:href="scriptorium.shenoute.crushed.FL105-106.mark.xml#sSpan56" target="scriptorium.shenoute.crushed.FL105-106.mark.xml#sSpan48"/>
		<rel id="sPointingRel69" xlink:href="scriptorium.shenoute.crushed.FL105-106.mark.xml#sSpan239" target="scriptorium.shenoute.crushed.FL105-106.mark.xml#sSpan237"/>
		<rel id="sPointingRel71" xlink:href="scriptorium.shenoute.crushed.FL105-106.mark.xml#sSpan671" target="scriptorium.shenoute.crushed.FL105-106.mark.xml#sSpan668"/>
		<rel id="sPointingRel73" xlink:href="scriptorium.shenoute.crushed.FL105-106.mark.xml#sSpan545" target="scriptorium.shenoute.crushed.FL105-106.mark.xml#sSpan538"/>
		<rel id="sPointingRel75" xlink:href="scriptorium.shenoute.crushed.FL105-106.mark.xml#sSpan265" target="scriptorium.shenoute.crushed.FL105-106.mark.xml#sSpan273"/>
		<rel id="sPointingRel77" xlink:href="scriptorium.shenoute.crushed.FL105-106.mark.xml#sSpan883" target="scriptorium.shenoute.crushed.FL105-106.mark.xml#sSpan872"/>
		<rel id="sPointingRel79" xlink:href="scriptorium.shenoute.crushed.FL105-106.mark.xml#sSpan189" target="scriptorium.shenoute.crushed.FL105-106.mark.xml#sSpan187"/>
		<rel id="sPointingRel81" xlink:href="scriptorium.shenoute.crushed.FL105-106.mark.xml#sSpan418" target="scriptorium.shenoute.crushed.FL105-106.mark.xml#sSpan416"/>
		<rel id="sPointingRel83" xlink:href="scriptorium.shenoute.crushed.FL105-106.mark.xml#sSpan573" target="scriptorium.shenoute.crushed.FL105-106.mark.xml#sSpan583"/>
		<rel id="sPointingRel85" xlink:href="scriptorium.shenoute.crushed.FL105-106.mark.xml#sSpan1055" target="scriptorium.shenoute.crushed.FL105-106.mark.xml#sSpan1113"/>
		<rel id="sPointingRel87" xlink:href="scriptorium.shenoute.crushed.FL105-106.mark.xml#sSpan450" target="scriptorium.shenoute.crushed.FL105-106.mark.xml#sSpan448"/>
		<rel id="sPointingRel89" xlink:href="scriptorium.shenoute.crushed.FL105-106.mark.xml#sSpan512" target="scriptorium.shenoute.crushed.FL105-106.mark.xml#sSpan506"/>
		<rel id="sPointingRel91" xlink:href="scriptorium.shenoute.crushed.FL105-106.mark.xml#sSpan800" target="scriptorium.shenoute.crushed.FL105-106.mark.xml#sSpan791"/>
		<rel id="sPointingRel93" xlink:href="scriptorium.shenoute.crushed.FL105-106.mark.xml#sSpan39" target="scriptorium.shenoute.crushed.FL105-106.mark.xml#sSpan35"/>
		<rel id="sPointingRel95" xlink:href="scriptorium.shenoute.crushed.FL105-106.mark.xml#sSpan13" target="scriptorium.shenoute.crushed.FL105-106.mark.xml#sSpan11"/>
		<rel id="sPointingRel97" xlink:href="scriptorium.shenoute.crushed.FL105-106.mark.xml#sSpan227" target="scriptorium.shenoute.crushed.FL105-106.mark.xml#sSpan223"/>
		<rel id="sPointingRel99" xlink:href="scriptorium.shenoute.crushed.FL105-106.mark.xml#sSpan684" target="scriptorium.shenoute.crushed.FL105-106.mark.xml#sSpan695"/>
		<rel id="sPointingRel101" xlink:href="scriptorium.shenoute.crushed.FL105-106.mark.xml#sSpan654" target="scriptorium.shenoute.crushed.FL105-106.mark.xml#sSpan650"/>
		<rel id="sPointingRel103" xlink:href="scriptorium.shenoute.crushed.FL105-106.mark.xml#sSpan335" target="scriptorium.shenoute.crushed.FL105-106.mark.xml#sSpan344"/>
		<rel id="sPointingRel105" xlink:href="scriptorium.shenoute.crushed.FL105-106.mark.xml#sSpan1055" target="scriptorium.shenoute.crushed.FL105-106.mark.xml#sSpan1053"/>
		<rel id="sPointingRel107" xlink:href="scriptorium.shenoute.crushed.FL105-106.mark.xml#sSpan946" target="scriptorium.shenoute.crushed.FL105-106.mark.xml#sSpan938"/>
		<rel id="sPointingRel109" xlink:href="scriptorium.shenoute.crushed.FL105-106.mark.xml#sSpan484" target="scriptorium.shenoute.crushed.FL105-106.mark.xml#sSpan478"/>
		<rel id="sPointingRel111" xlink:href="scriptorium.shenoute.crushed.FL105-106.mark.xml#sSpan27" target="scriptorium.shenoute.crushed.FL105-106.mark.xml#sSpan29"/>
		<rel id="sPointingRel113" xlink:href="scriptorium.shenoute.crushed.FL105-106.mark.xml#sSpan1069" target="scriptorium.shenoute.crushed.FL105-106.mark.xml#sSpan1066"/>
		<rel id="sPointingRel115" xlink:href="scriptorium.shenoute.crushed.FL105-106.mark.xml#sSpan713" target="scriptorium.shenoute.crushed.FL105-106.mark.xml#sSpan711"/>
		<rel id="sPointingRel117" xlink:href="scriptorium.shenoute.crushed.FL105-106.mark.xml#sSpan750" target="scriptorium.shenoute.crushed.FL105-106.mark.xml#sSpan744"/>
		<rel id="sPointingRel119" xlink:href="scriptorium.shenoute.crushed.FL105-106.mark.xml#sSpan695" target="scriptorium.shenoute.crushed.FL105-106.mark.xml#sSpan692"/>
		<rel id="sPointingRel121" xlink:href="scriptorium.shenoute.crushed.FL105-106.mark.xml#sSpan273" target="scriptorium.shenoute.crushed.FL105-106.mark.xml#sSpan279"/>
		<rel id="sPointingRel123" xlink:href="scriptorium.shenoute.crushed.FL105-106.mark.xml#sSpan122" target="scriptorium.shenoute.crushed.FL105-106.mark.xml#sSpan124"/>
		<rel id="sPointingRel125" xlink:href="scriptorium.shenoute.crushed.FL105-106.mark.xml#sSpan905" target="scriptorium.shenoute.crushed.FL105-106.mark.xml#sSpan901"/>
		<rel id="sPointingRel127" xlink:href="scriptorium.shenoute.crushed.FL105-106.mark.xml#sSpan1084" target="scriptorium.shenoute.crushed.FL105-106.mark.xml#sSpan1082"/>
		<rel id="sPointingRel129" xlink:href="scriptorium.shenoute.crushed.FL105-106.mark.xml#sSpan750" target="scriptorium.shenoute.crushed.FL105-106.mark.xml#sSpan758"/>
		<rel id="sPointingRel131" xlink:href="scriptorium.shenoute.crushed.FL105-106.mark.xml#sSpan629" target="scriptorium.shenoute.crushed.FL105-106.mark.xml#sSpan627"/>
		<rel id="sPointingRel133" xlink:href="scriptorium.shenoute.crushed.FL105-106.mark.xml#sSpan605" target="scriptorium.shenoute.crushed.FL105-106.mark.xml#sSpan601"/>
		<rel id="sPointingRel135" xlink:href="scriptorium.shenoute.crushed.FL105-106.mark.xml#sSpan741" target="scriptorium.shenoute.crushed.FL105-106.mark.xml#sSpan764"/>
		<rel id="sPointingRel137" xlink:href="scriptorium.shenoute.crushed.FL105-106.mark.xml#sSpan90" target="scriptorium.shenoute.crushed.FL105-106.mark.xml#sSpan86"/>
		<rel id="sPointingRel139" xlink:href="scriptorium.shenoute.crushed.FL105-106.mark.xml#sSpan905" target="scriptorium.shenoute.crushed.FL105-106.mark.xml#sSpan903"/>
		<rel id="sPointingRel141" xlink:href="scriptorium.shenoute.crushed.FL105-106.mark.xml#sSpan418" target="scriptorium.shenoute.crushed.FL105-106.mark.xml#sSpan427"/>
		<rel id="sPointingRel143" xlink:href="scriptorium.shenoute.crushed.FL105-106.mark.xml#sSpan147" target="scriptorium.shenoute.crushed.FL105-106.mark.xml#sSpan143"/>
		<rel id="sPointingRel145" xlink:href="scriptorium.shenoute.crushed.FL105-106.mark.xml#sSpan859" target="scriptorium.shenoute.crushed.FL105-106.mark.xml#sSpan864"/>
		<rel id="sPointingRel147" xlink:href="scriptorium.shenoute.crushed.FL105-106.mark.xml#sSpan629" target="scriptorium.shenoute.crushed.FL105-106.mark.xml#sSpan639"/>
		<rel id="sPointingRel149" xlink:href="scriptorium.shenoute.crushed.FL105-106.mark.xml#sSpan1173" target="scriptorium.shenoute.crushed.FL105-106.mark.xml#sSpan1181"/>
		<rel id="sPointingRel151" xlink:href="scriptorium.shenoute.crushed.FL105-106.mark.xml#sSpan1023" target="scriptorium.shenoute.crushed.FL105-106.mark.xml#sSpan1030"/>
		<rel id="sPointingRel153" xlink:href="scriptorium.shenoute.crushed.FL105-106.mark.xml#sSpan418" target="scriptorium.shenoute.crushed.FL105-106.mark.xml#sSpan442"/>
		<rel id="sPointingRel155" xlink:href="scriptorium.shenoute.crushed.FL105-106.mark.xml#sSpan923" target="scriptorium.shenoute.crushed.FL105-106.mark.xml#sSpan925"/>
		<rel id="sPointingRel157" xlink:href="scriptorium.shenoute.crushed.FL105-106.mark.xml#sSpan292" target="scriptorium.shenoute.crushed.FL105-106.mark.xml#sSpan290"/>
		<rel id="sPointingRel159" xlink:href="scriptorium.shenoute.crushed.FL105-106.mark.xml#sSpan812" target="scriptorium.shenoute.crushed.FL105-106.mark.xml#sSpan808"/>
		<rel id="sPointingRel161" xlink:href="scriptorium.shenoute.crushed.FL105-106.mark.xml#sSpan39" target="scriptorium.shenoute.crushed.FL105-106.mark.xml#sSpan31"/>
		<rel id="sPointingRel163" xlink:href="scriptorium.shenoute.crushed.FL105-106.mark.xml#sSpan344" target="scriptorium.shenoute.crushed.FL105-106.mark.xml#sSpan340"/>
		<rel id="sPointingRel165" xlink:href="scriptorium.shenoute.crushed.FL105-106.mark.xml#sSpan418" target="scriptorium.shenoute.crushed.FL105-106.mark.xml#sSpan414"/>
		<rel id="sPointingRel167" xlink:href="scriptorium.shenoute.crushed.FL105-106.mark.xml#sSpan352" target="scriptorium.shenoute.crushed.FL105-106.mark.xml#sSpan359"/>
		<rel id="sPointingRel169" xlink:href="scriptorium.shenoute.crushed.FL105-106.mark.xml#sSpan239" target="scriptorium.shenoute.crushed.FL105-106.mark.xml#sSpan255"/>
		<rel id="sPointingRel171" xlink:href="scriptorium.shenoute.crushed.FL105-106.mark.xml#sSpan1042" target="scriptorium.shenoute.crushed.FL105-106.mark.xml#sSpan1023"/>
		<rel id="sPointingRel173" xlink:href="scriptorium.shenoute.crushed.FL105-106.mark.xml#sSpan725" target="scriptorium.shenoute.crushed.FL105-106.mark.xml#sSpan723"/>
		<rel id="sPointingRel175" xlink:href="scriptorium.shenoute.crushed.FL105-106.mark.xml#sSpan654" target="scriptorium.shenoute.crushed.FL105-106.mark.xml#sSpan658"/>
		<rel id="sPointingRel177" xlink:href="scriptorium.shenoute.crushed.FL105-106.mark.xml#sSpan344" target="scriptorium.shenoute.crushed.FL105-106.mark.xml#sSpan338"/>
		<rel id="sPointingRel179" xlink:href="scriptorium.shenoute.crushed.FL105-106.mark.xml#sSpan836" target="scriptorium.shenoute.crushed.FL105-106.mark.xml#sSpan828"/>
		<rel id="sPointingRel181" xlink:href="scriptorium.shenoute.crushed.FL105-106.mark.xml#sSpan812" target="scriptorium.shenoute.crushed.FL105-106.mark.xml#sSpan836"/>
		<rel id="sPointingRel183" xlink:href="scriptorium.shenoute.crushed.FL105-106.mark.xml#sSpan1084" target="scriptorium.shenoute.crushed.FL105-106.mark.xml#sSpan1090"/>
		<rel id="sPointingRel185" xlink:href="scriptorium.shenoute.crushed.FL105-106.mark.xml#sSpan1154" target="scriptorium.shenoute.crushed.FL105-106.mark.xml#sSpan1163"/>
		<rel id="sPointingRel187" xlink:href="scriptorium.shenoute.crushed.FL105-106.mark.xml#sSpan397" target="scriptorium.shenoute.crushed.FL105-106.mark.xml#sSpan393"/>
		<rel id="sPointingRel189" xlink:href="scriptorium.shenoute.crushed.FL105-106.mark.xml#sSpan1119" target="scriptorium.shenoute.crushed.FL105-106.mark.xml#sSpan1128"/>
		<rel id="sPointingRel191" xlink:href="scriptorium.shenoute.crushed.FL105-106.mark.xml#sSpan836" target="scriptorium.shenoute.crushed.FL105-106.mark.xml#sSpan832"/>
		<rel id="sPointingRel193" xlink:href="scriptorium.shenoute.crushed.FL105-106.mark.xml#sSpan892" target="scriptorium.shenoute.crushed.FL105-106.mark.xml#sSpan895"/>
		<rel id="sPointingRel195" xlink:href="scriptorium.shenoute.crushed.FL105-106.mark.xml#sSpan165" target="scriptorium.shenoute.crushed.FL105-106.mark.xml#sSpan150"/>
		<rel id="sPointingRel197" xlink:href="scriptorium.shenoute.crushed.FL105-106.mark.xml#sSpan583" target="scriptorium.shenoute.crushed.FL105-106.mark.xml#sSpan575"/>
		<rel id="sPointingRel199" xlink:href="scriptorium.shenoute.crushed.FL105-106.mark.xml#sSpan512" target="scriptorium.shenoute.crushed.FL105-106.mark.xml#sSpan520"/>
		<rel id="sPointingRel201" xlink:href="scriptorium.shenoute.crushed.FL105-106.mark.xml#sSpan80" target="scriptorium.shenoute.crushed.FL105-106.mark.xml#sSpan76"/>
		<rel id="sPointingRel203" xlink:href="scriptorium.shenoute.crushed.FL105-106.mark.xml#sSpan713" target="scriptorium.shenoute.crushed.FL105-106.mark.xml#sSpan707"/>
		<rel id="sPointingRel205" xlink:href="scriptorium.shenoute.crushed.FL105-106.mark.xml#sSpan735" target="scriptorium.shenoute.crushed.FL105-106.mark.xml#sSpan741"/>
		<rel id="sPointingRel207" xlink:href="scriptorium.shenoute.crushed.FL105-106.mark.xml#sSpan1090" target="scriptorium.shenoute.crushed.FL105-106.mark.xml#sSpan1086"/>
		<rel id="sPointingRel209" xlink:href="scriptorium.shenoute.crushed.FL105-106.mark.xml#sSpan992" target="scriptorium.shenoute.crushed.FL105-106.mark.xml#sSpan984"/>
		<rel id="sPointingRel211" xlink:href="scriptorium.shenoute.crushed.FL105-106.mark.xml#sSpan255" target="scriptorium.shenoute.crushed.FL105-106.mark.xml#sSpan265"/>
		<rel id="sPointingRel213" xlink:href="scriptorium.shenoute.crushed.FL105-106.mark.xml#sSpan892" target="scriptorium.shenoute.crushed.FL105-106.mark.xml#sSpan888"/>
		<rel id="sPointingRel215" xlink:href="scriptorium.shenoute.crushed.FL105-106.mark.xml#sSpan1055" target="scriptorium.shenoute.crushed.FL105-106.mark.xml#sSpan1058"/>
		<rel id="sPointingRel217" xlink:href="scriptorium.shenoute.crushed.FL105-106.mark.xml#sSpan179" target="scriptorium.shenoute.crushed.FL105-106.mark.xml#sSpan175"/>
		<rel id="sPointingRel219" xlink:href="scriptorium.shenoute.crushed.FL105-106.mark.xml#sSpan292" target="scriptorium.shenoute.crushed.FL105-106.mark.xml#sSpan329"/>
		<rel id="sPointingRel221" xlink:href="scriptorium.shenoute.crushed.FL105-106.mark.xml#sSpan490" target="scriptorium.shenoute.crushed.FL105-106.mark.xml#sSpan486"/>
		<rel id="sPointingRel223" xlink:href="scriptorium.shenoute.crushed.FL105-106.mark.xml#sSpan905" target="scriptorium.shenoute.crushed.FL105-106.mark.xml#sSpan907"/>
		<rel id="sPointingRel225" xlink:href="scriptorium.shenoute.crushed.FL105-106.mark.xml#sSpan684" target="scriptorium.shenoute.crushed.FL105-106.mark.xml#sSpan671"/>
		<rel id="sPointingRel227" xlink:href="scriptorium.shenoute.crushed.FL105-106.mark.xml#sSpan615" target="scriptorium.shenoute.crushed.FL105-106.mark.xml#sSpan621"/>
		<rel id="sPointingRel229" xlink:href="scriptorium.shenoute.crushed.FL105-106.mark.xml#sSpan992" target="scriptorium.shenoute.crushed.FL105-106.mark.xml#sSpan1006"/>
		<rel id="sPointingRel231" xlink:href="scriptorium.shenoute.crushed.FL105-106.mark.xml#sSpan573" target="scriptorium.shenoute.crushed.FL105-106.mark.xml#sSpan570"/>
		<rel id="sPointingRel233" xlink:href="scriptorium.shenoute.crushed.FL105-106.mark.xml#sSpan450" target="scriptorium.shenoute.crushed.FL105-106.mark.xml#sSpan466"/>
		<rel id="sPointingRel235" xlink:href="scriptorium.shenoute.crushed.FL105-106.mark.xml#sSpan598" target="scriptorium.shenoute.crushed.FL105-106.mark.xml#sSpan605"/>
		<rel id="sPointingRel237" xlink:href="scriptorium.shenoute.crushed.FL105-106.mark.xml#sSpan215" target="scriptorium.shenoute.crushed.FL105-106.mark.xml#sSpan217"/>
		<rel id="sPointingRel239" xlink:href="scriptorium.shenoute.crushed.FL105-106.mark.xml#sSpan215" target="scriptorium.shenoute.crushed.FL105-106.mark.xml#sSpan213"/>
		<rel id="sPointingRel241" xlink:href="scriptorium.shenoute.crushed.FL105-106.mark.xml#sSpan764" target="scriptorium.shenoute.crushed.FL105-106.mark.xml#sSpan760"/>
		<rel id="sPointingRel243" xlink:href="scriptorium.shenoute.crushed.FL105-106.mark.xml#sSpan812" target="scriptorium.shenoute.crushed.FL105-106.mark.xml#sSpan820"/>
		<rel id="sPointingRel245" xlink:href="scriptorium.shenoute.crushed.FL105-106.mark.xml#sSpan725" target="scriptorium.shenoute.crushed.FL105-106.mark.xml#sSpan715"/>
		<rel id="sPointingRel247" xlink:href="scriptorium.shenoute.crushed.FL105-106.mark.xml#sSpan629" target="scriptorium.shenoute.crushed.FL105-106.mark.xml#sSpan631"/>
		<rel id="sPointingRel249" xlink:href="scriptorium.shenoute.crushed.FL105-106.mark.xml#sSpan800" target="scriptorium.shenoute.crushed.FL105-106.mark.xml#sSpan802"/>
		<rel id="sPointingRel251" xlink:href="scriptorium.shenoute.crushed.FL105-106.mark.xml#sSpan406" target="scriptorium.shenoute.crushed.FL105-106.mark.xml#sSpan408"/>
		<rel id="sPointingRel253" xlink:href="scriptorium.shenoute.crushed.FL105-106.mark.xml#sSpan914" target="scriptorium.shenoute.crushed.FL105-106.mark.xml#sSpan909"/>
		<rel id="sPointingRel255" xlink:href="scriptorium.shenoute.crushed.FL105-106.mark.xml#sSpan695" target="scriptorium.shenoute.crushed.FL105-106.mark.xml#sSpan688"/>
		<rel id="sPointingRel257" xlink:href="scriptorium.shenoute.crushed.FL105-106.mark.xml#sSpan165" target="scriptorium.shenoute.crushed.FL105-106.mark.xml#sSpan161"/>
		<rel id="sPointingRel259" xlink:href="scriptorium.shenoute.crushed.FL105-106.mark.xml#sSpan536" target="scriptorium.shenoute.crushed.FL105-106.mark.xml#sSpan529"/>
		<rel id="sPointingRel261" xlink:href="scriptorium.shenoute.crushed.FL105-106.mark.xml#sSpan554" target="scriptorium.shenoute.crushed.FL105-106.mark.xml#sSpan552"/>
		<rel id="sPointingRel263" xlink:href="scriptorium.shenoute.crushed.FL105-106.mark.xml#sSpan1006" target="scriptorium.shenoute.crushed.FL105-106.mark.xml#sSpan1001"/>
		<rel id="sPointingRel265" xlink:href="scriptorium.shenoute.crushed.FL105-106.mark.xml#sSpan788" target="scriptorium.shenoute.crushed.FL105-106.mark.xml#sSpan800"/>
		<rel id="sPointingRel267" xlink:href="scriptorium.shenoute.crushed.FL105-106.mark.xml#sSpan159" target="scriptorium.shenoute.crushed.FL105-106.mark.xml#sSpan156"/>
		<rel id="sPointingRel269" xlink:href="scriptorium.shenoute.crushed.FL105-106.mark.xml#sSpan788" target="scriptorium.shenoute.crushed.FL105-106.mark.xml#sSpan786"/>
		<rel id="sPointingRel271" xlink:href="scriptorium.shenoute.crushed.FL105-106.mark.xml#sSpan1128" target="scriptorium.shenoute.crushed.FL105-106.mark.xml#sSpan1121"/>
		<rel id="sPointingRel273" xlink:href="scriptorium.shenoute.crushed.FL105-106.mark.xml#sSpan92" target="scriptorium.shenoute.crushed.FL105-106.mark.xml#sSpan96"/>
		<rel id="sPointingRel275" xlink:href="scriptorium.shenoute.crushed.FL105-106.mark.xml#sSpan992" target="scriptorium.shenoute.crushed.FL105-106.mark.xml#sSpan994"/>
		<rel id="sPointingRel277" xlink:href="scriptorium.shenoute.crushed.FL105-106.mark.xml#sSpan927" target="scriptorium.shenoute.crushed.FL105-106.mark.xml#sSpan954"/>
		<rel id="sPointingRel279" xlink:href="scriptorium.shenoute.crushed.FL105-106.mark.xml#sSpan554" target="scriptorium.shenoute.crushed.FL105-106.mark.xml#sSpan564"/>
		<rel id="sPointingRel281" xlink:href="scriptorium.shenoute.crushed.FL105-106.mark.xml#sSpan302" target="scriptorium.shenoute.crushed.FL105-106.mark.xml#sSpan298"/>
		<rel id="sPointingRel283" xlink:href="scriptorium.shenoute.crushed.FL105-106.mark.xml#sSpan847" target="scriptorium.shenoute.crushed.FL105-106.mark.xml#sSpan838"/>
		<rel id="sPointingRel285" xlink:href="scriptorium.shenoute.crushed.FL105-106.mark.xml#sSpan215" target="scriptorium.shenoute.crushed.FL105-106.mark.xml#sSpan227"/>
		<rel id="sPointingRel287" xlink:href="scriptorium.shenoute.crushed.FL105-106.mark.xml#sSpan812" target="scriptorium.shenoute.crushed.FL105-106.mark.xml#sSpan826"/>
		<rel id="sPointingRel289" xlink:href="scriptorium.shenoute.crushed.FL105-106.mark.xml#sSpan564" target="scriptorium.shenoute.crushed.FL105-106.mark.xml#sSpan556"/>
		<rel id="sPointingRel291" xlink:href="scriptorium.shenoute.crushed.FL105-106.mark.xml#sSpan905" target="scriptorium.shenoute.crushed.FL105-106.mark.xml#sSpan897"/>
		<rel id="sPointingRel293" xlink:href="scriptorium.shenoute.crushed.FL105-106.mark.xml#sSpan583" target="scriptorium.shenoute.crushed.FL105-106.mark.xml#sSpan579"/>
		<rel id="sPointingRel295" xlink:href="scriptorium.shenoute.crushed.FL105-106.mark.xml#sSpan536" target="scriptorium.shenoute.crushed.FL105-106.mark.xml#sSpan533"/>
		<rel id="sPointingRel297" xlink:href="scriptorium.shenoute.crushed.FL105-106.mark.xml#sSpan1006" target="scriptorium.shenoute.crushed.FL105-106.mark.xml#sSpan999"/>
		<rel id="sPointingRel299" xlink:href="scriptorium.shenoute.crushed.FL105-106.mark.xml#sSpan1030" target="scriptorium.shenoute.crushed.FL105-106.mark.xml#sSpan1028"/>
		<rel id="sPointingRel301" xlink:href="scriptorium.shenoute.crushed.FL105-106.mark.xml#sSpan1134" target="scriptorium.shenoute.crushed.FL105-106.mark.xml#sSpan1130"/>
		<rel id="sPointingRel303" xlink:href="scriptorium.shenoute.crushed.FL105-106.mark.xml#sSpan1075" target="scriptorium.shenoute.crushed.FL105-106.mark.xml#sSpan1084"/>
		<rel id="sPointingRel305" xlink:href="scriptorium.shenoute.crushed.FL105-106.mark.xml#sSpan695" target="scriptorium.shenoute.crushed.FL105-106.mark.xml#sSpan725"/>
		<rel id="sPointingRel307" xlink:href="scriptorium.shenoute.crushed.FL105-106.mark.xml#sSpan512" target="scriptorium.shenoute.crushed.FL105-106.mark.xml#sSpan554"/>
		<rel id="sPointingRel309" xlink:href="scriptorium.shenoute.crushed.FL105-106.mark.xml#sSpan589" target="scriptorium.shenoute.crushed.FL105-106.mark.xml#sSpan585"/>
		<rel id="sPointingRel311" xlink:href="scriptorium.shenoute.crushed.FL105-106.mark.xml#sSpan418" target="scriptorium.shenoute.crushed.FL105-106.mark.xml#sSpan450"/>
		<rel id="sPointingRel313" xlink:href="scriptorium.shenoute.crushed.FL105-106.mark.xml#sSpan1173" target="scriptorium.shenoute.crushed.FL105-106.mark.xml#sSpan1169"/>
		<rel id="sPointingRel315" xlink:href="scriptorium.shenoute.crushed.FL105-106.mark.xml#sSpan750" target="scriptorium.shenoute.crushed.FL105-106.mark.xml#sSpan746"/>
		<rel id="sPointingRel317" xlink:href="scriptorium.shenoute.crushed.FL105-106.mark.xml#sSpan122" target="scriptorium.shenoute.crushed.FL105-106.mark.xml#sSpan117"/>
		<rel id="sPointingRel319" xlink:href="scriptorium.shenoute.crushed.FL105-106.mark.xml#sSpan1163" target="scriptorium.shenoute.crushed.FL105-106.mark.xml#sSpan1160"/>
		<rel id="sPointingRel321" xlink:href="scriptorium.shenoute.crushed.FL105-106.mark.xml#sSpan397" target="scriptorium.shenoute.crushed.FL105-106.mark.xml#sSpan406"/>
		<rel id="sPointingRel323" xlink:href="scriptorium.shenoute.crushed.FL105-106.mark.xml#sSpan466" target="scriptorium.shenoute.crushed.FL105-106.mark.xml#sSpan475"/>
		<rel id="sPointingRel325" xlink:href="scriptorium.shenoute.crushed.FL105-106.mark.xml#sSpan1134" target="scriptorium.shenoute.crushed.FL105-106.mark.xml#sSpan1141"/>
		<rel id="sPointingRel327" xlink:href="scriptorium.shenoute.crushed.FL105-106.mark.xml#sSpan292" target="scriptorium.shenoute.crushed.FL105-106.mark.xml#sSpan311"/>
		<rel id="sPointingRel329" xlink:href="scriptorium.shenoute.crushed.FL105-106.mark.xml#sSpan741" target="scriptorium.shenoute.crushed.FL105-106.mark.xml#sSpan737"/>
		<rel id="sPointingRel331" xlink:href="scriptorium.shenoute.crushed.FL105-106.mark.xml#sSpan406" target="scriptorium.shenoute.crushed.FL105-106.mark.xml#sSpan418"/>
		<rel id="sPointingRel333" xlink:href="scriptorium.shenoute.crushed.FL105-106.mark.xml#sSpan812" target="scriptorium.shenoute.crushed.FL105-106.mark.xml#sSpan810"/>
		<rel id="sPointingRel335" xlink:href="scriptorium.shenoute.crushed.FL105-106.mark.xml#sSpan122" target="scriptorium.shenoute.crushed.FL105-106.mark.xml#sSpan128"/>
		<rel id="sPointingRel337" xlink:href="scriptorium.shenoute.crushed.FL105-106.mark.xml#sSpan1055" target="scriptorium.shenoute.crushed.FL105-106.mark.xml#sSpan1047"/>
		<rel id="sPointingRel339" xlink:href="scriptorium.shenoute.crushed.FL105-106.mark.xml#sSpan475" target="scriptorium.shenoute.crushed.FL105-106.mark.xml#sSpan484"/>
		<rel id="sPointingRel341" xlink:href="scriptorium.shenoute.crushed.FL105-106.mark.xml#sSpan140" target="scriptorium.shenoute.crushed.FL105-106.mark.xml#sSpan165"/>
		<rel id="sPointingRel343" xlink:href="scriptorium.shenoute.crushed.FL105-106.mark.xml#sSpan1101" target="scriptorium.shenoute.crushed.FL105-106.mark.xml#sSpan1097"/>
		<rel id="sPointingRel345" xlink:href="scriptorium.shenoute.crushed.FL105-106.mark.xml#sSpan864" target="scriptorium.shenoute.crushed.FL105-106.mark.xml#sSpan870"/>
		<rel id="sPointingRel347" xlink:href="scriptorium.shenoute.crushed.FL105-106.mark.xml#sSpan189" target="scriptorium.shenoute.crushed.FL105-106.mark.xml#sSpan185"/>
		<rel id="sPointingRel349" xlink:href="scriptorium.shenoute.crushed.FL105-106.mark.xml#sSpan735" target="scriptorium.shenoute.crushed.FL105-106.mark.xml#sSpan727"/>
		<rel id="sPointingRel351" xlink:href="scriptorium.shenoute.crushed.FL105-106.mark.xml#sSpan1173" target="scriptorium.shenoute.crushed.FL105-106.mark.xml#sSpan1165"/>
		<rel id="sPointingRel353" xlink:href="scriptorium.shenoute.crushed.FL105-106.mark.xml#sSpan292" target="scriptorium.shenoute.crushed.FL105-106.mark.xml#sSpan302"/>
		<rel id="sPointingRel355" xlink:href="scriptorium.shenoute.crushed.FL105-106.mark.xml#sSpan189" target="scriptorium.shenoute.crushed.FL105-106.mark.xml#sSpan181"/>
		<rel id="sPointingRel357" xlink:href="scriptorium.shenoute.crushed.FL105-106.mark.xml#sSpan499" target="scriptorium.shenoute.crushed.FL105-106.mark.xml#sSpan492"/>
		<rel id="sPointingRel359" xlink:href="scriptorium.shenoute.crushed.FL105-106.mark.xml#sSpan427" target="scriptorium.shenoute.crushed.FL105-106.mark.xml#sSpan420"/>
		<rel id="sPointingRel361" xlink:href="scriptorium.shenoute.crushed.FL105-106.mark.xml#sSpan1163" target="scriptorium.shenoute.crushed.FL105-106.mark.xml#sSpan1156"/>
		<rel id="sPointingRel363" xlink:href="scriptorium.shenoute.crushed.FL105-106.mark.xml#sSpan344" target="scriptorium.shenoute.crushed.FL105-106.mark.xml#sSpan346"/>
		<rel id="sPointingRel365" xlink:href="scriptorium.shenoute.crushed.FL105-106.mark.xml#sSpan90" target="scriptorium.shenoute.crushed.FL105-106.mark.xml#sSpan92"/>
		<rel id="sPointingRel367" xlink:href="scriptorium.shenoute.crushed.FL105-106.mark.xml#sSpan695" target="scriptorium.shenoute.crushed.FL105-106.mark.xml#sSpan705"/>
		<rel id="sPointingRel369" xlink:href="scriptorium.shenoute.crushed.FL105-106.mark.xml#sSpan741" target="scriptorium.shenoute.crushed.FL105-106.mark.xml#sSpan750"/>
		<rel id="sPointingRel371" xlink:href="scriptorium.shenoute.crushed.FL105-106.mark.xml#sSpan1042" target="scriptorium.shenoute.crushed.FL105-106.mark.xml#sSpan1021"/>
		<rel id="sPointingRel373" xlink:href="scriptorium.shenoute.crushed.FL105-106.mark.xml#sSpan215" target="scriptorium.shenoute.crushed.FL105-106.mark.xml#sSpan209"/>
		<rel id="sPointingRel375" xlink:href="scriptorium.shenoute.crushed.FL105-106.mark.xml#sSpan573" target="scriptorium.shenoute.crushed.FL105-106.mark.xml#sSpan566"/>
		<rel id="sPointingRel377" xlink:href="scriptorium.shenoute.crushed.FL105-106.mark.xml#sSpan265" target="scriptorium.shenoute.crushed.FL105-106.mark.xml#sSpan262"/>
		<rel id="sPointingRel379" xlink:href="scriptorium.shenoute.crushed.FL105-106.mark.xml#sSpan826" target="scriptorium.shenoute.crushed.FL105-106.mark.xml#sSpan822"/>
		<rel id="sPointingRel381" xlink:href="scriptorium.shenoute.crushed.FL105-106.mark.xml#sSpan207" target="scriptorium.shenoute.crushed.FL105-106.mark.xml#sSpan203"/>
		<rel id="sPointingRel383" xlink:href="scriptorium.shenoute.crushed.FL105-106.mark.xml#sSpan321" target="scriptorium.shenoute.crushed.FL105-106.mark.xml#sSpan318"/>
		<rel id="sPointingRel385" xlink:href="scriptorium.shenoute.crushed.FL105-106.mark.xml#sSpan311" target="scriptorium.shenoute.crushed.FL105-106.mark.xml#sSpan308"/>
		<rel id="sPointingRel387" xlink:href="scriptorium.shenoute.crushed.FL105-106.mark.xml#sSpan27" target="scriptorium.shenoute.crushed.FL105-106.mark.xml#sSpan25"/>
		<rel id="sPointingRel389" xlink:href="scriptorium.shenoute.crushed.FL105-106.mark.xml#sSpan621" target="scriptorium.shenoute.crushed.FL105-106.mark.xml#sSpan617"/>
		<rel id="sPointingRel391" xlink:href="scriptorium.shenoute.crushed.FL105-106.mark.xml#sSpan1199" target="scriptorium.shenoute.crushed.FL105-106.mark.xml#sSpan1190"/>
		<rel id="sPointingRel393" xlink:href="scriptorium.shenoute.crushed.FL105-106.mark.xml#sSpan778" target="scriptorium.shenoute.crushed.FL105-106.mark.xml#sSpan772"/>
		<rel id="sPointingRel395" xlink:href="scriptorium.shenoute.crushed.FL105-106.mark.xml#sSpan255" target="scriptorium.shenoute.crushed.FL105-106.mark.xml#sSpan243"/>
		<rel id="sPointingRel397" xlink:href="scriptorium.shenoute.crushed.FL105-106.mark.xml#sSpan750" target="scriptorium.shenoute.crushed.FL105-106.mark.xml#sSpan752"/>
		<rel id="sPointingRel399" xlink:href="scriptorium.shenoute.crushed.FL105-106.mark.xml#sSpan788" target="scriptorium.shenoute.crushed.FL105-106.mark.xml#sSpan782"/>
		<rel id="sPointingRel401" xlink:href="scriptorium.shenoute.crushed.FL105-106.mark.xml#sSpan778" target="scriptorium.shenoute.crushed.FL105-106.mark.xml#sSpan776"/>
		<rel id="sPointingRel403" xlink:href="scriptorium.shenoute.crushed.FL105-106.mark.xml#sSpan583" target="scriptorium.shenoute.crushed.FL105-106.mark.xml#sSpan589"/>
		<rel id="sPointingRel405" xlink:href="scriptorium.shenoute.crushed.FL105-106.mark.xml#sSpan554" target="scriptorium.shenoute.crushed.FL105-106.mark.xml#sSpan548"/>
		<rel id="sPointingRel407" xlink:href="scriptorium.shenoute.crushed.FL105-106.mark.xml#sSpan13" target="scriptorium.shenoute.crushed.FL105-106.mark.xml#sSpan27"/>
		<rel id="sPointingRel409" xlink:href="scriptorium.shenoute.crushed.FL105-106.mark.xml#sSpan418" target="scriptorium.shenoute.crushed.FL105-106.mark.xml#sSpan429"/>
		<rel id="sPointingRel411" xlink:href="scriptorium.shenoute.crushed.FL105-106.mark.xml#sSpan1154" target="scriptorium.shenoute.crushed.FL105-106.mark.xml#sSpan1173"/>
		<rel id="sPointingRel413" xlink:href="scriptorium.shenoute.crushed.FL105-106.mark.xml#sSpan992" target="scriptorium.shenoute.crushed.FL105-106.mark.xml#sSpan988"/>
		<rel id="sPointingRel415" xlink:href="scriptorium.shenoute.crushed.FL105-106.mark.xml#sSpan512" target="scriptorium.shenoute.crushed.FL105-106.mark.xml#sSpan536"/>
		<rel id="sPointingRel417" xlink:href="scriptorium.shenoute.crushed.FL105-106.mark.xml#sSpan923" target="scriptorium.shenoute.crushed.FL105-106.mark.xml#sSpan927"/>
		<rel id="sPointingRel419" xlink:href="scriptorium.shenoute.crushed.FL105-106.mark.xml#sSpan80" target="scriptorium.shenoute.crushed.FL105-106.mark.xml#sSpan90"/>
		<rel id="sPointingRel421" xlink:href="scriptorium.shenoute.crushed.FL105-106.mark.xml#sSpan1147" target="scriptorium.shenoute.crushed.FL105-106.mark.xml#sSpan1143"/>
		<rel id="sPointingRel423" xlink:href="scriptorium.shenoute.crushed.FL105-106.mark.xml#sSpan172" target="scriptorium.shenoute.crushed.FL105-106.mark.xml#sSpan167"/>
		<rel id="sPointingRel425" xlink:href="scriptorium.shenoute.crushed.FL105-106.mark.xml#sSpan13" target="scriptorium.shenoute.crushed.FL105-106.mark.xml#sSpan1"/>
		<rel id="sPointingRel427" xlink:href="scriptorium.shenoute.crushed.FL105-106.mark.xml#sSpan215" target="scriptorium.shenoute.crushed.FL105-106.mark.xml#sSpan219"/>
		<rel id="sPointingRel429" xlink:href="scriptorium.shenoute.crushed.FL105-106.mark.xml#sSpan936" target="scriptorium.shenoute.crushed.FL105-106.mark.xml#sSpan933"/>
		<rel id="sPointingRel431" xlink:href="scriptorium.shenoute.crushed.FL105-106.mark.xml#sSpan454" target="scriptorium.shenoute.crushed.FL105-106.mark.xml#sSpan459"/>
		<rel id="sPointingRel433" xlink:href="scriptorium.shenoute.crushed.FL105-106.mark.xml#sSpan382" target="scriptorium.shenoute.crushed.FL105-106.mark.xml#sSpan388"/>
		<rel id="sPointingRel435" xlink:href="scriptorium.shenoute.crushed.FL105-106.mark.xml#sSpan512" target="scriptorium.shenoute.crushed.FL105-106.mark.xml#sSpan510"/>
		<rel id="sPointingRel437" xlink:href="scriptorium.shenoute.crushed.FL105-106.mark.xml#sSpan165" target="scriptorium.shenoute.crushed.FL105-106.mark.xml#sSpan154"/>
		<rel id="sPointingRel439" xlink:href="scriptorium.shenoute.crushed.FL105-106.mark.xml#sSpan329" target="scriptorium.shenoute.crushed.FL105-106.mark.xml#sSpan323"/>
		<rel id="sPointingRel441" xlink:href="scriptorium.shenoute.crushed.FL105-106.mark.xml#sSpan388" target="scriptorium.shenoute.crushed.FL105-106.mark.xml#sSpan397"/>
		<rel id="sPointingRel443" xlink:href="scriptorium.shenoute.crushed.FL105-106.mark.xml#sSpan966" target="scriptorium.shenoute.crushed.FL105-106.mark.xml#sSpan960"/>
		<rel id="sPointingRel445" xlink:href="scriptorium.shenoute.crushed.FL105-106.mark.xml#sSpan27" target="scriptorium.shenoute.crushed.FL105-106.mark.xml#sSpan23"/>
		<rel id="sPointingRel447" xlink:href="scriptorium.shenoute.crushed.FL105-106.mark.xml#sSpan1030" target="scriptorium.shenoute.crushed.FL105-106.mark.xml#sSpan1040"/>
		<rel id="sPointingRel449" xlink:href="scriptorium.shenoute.crushed.FL105-106.mark.xml#sSpan335" target="scriptorium.shenoute.crushed.FL105-106.mark.xml#sSpan331"/>
		<rel id="sPointingRel451" xlink:href="scriptorium.shenoute.crushed.FL105-106.mark.xml#sSpan864" target="scriptorium.shenoute.crushed.FL105-106.mark.xml#sSpan862"/>
		<rel id="sPointingRel453" xlink:href="scriptorium.shenoute.crushed.FL105-106.mark.xml#sSpan654" target="scriptorium.shenoute.crushed.FL105-106.mark.xml#sSpan646"/>
		<rel id="sPointingRel455" xlink:href="scriptorium.shenoute.crushed.FL105-106.mark.xml#sSpan1040" target="scriptorium.shenoute.crushed.FL105-106.mark.xml#sSpan1034"/>
		<rel id="sPointingRel457" xlink:href="scriptorium.shenoute.crushed.FL105-106.mark.xml#sSpan475" target="scriptorium.shenoute.crushed.FL105-106.mark.xml#sSpan468"/>
		<rel id="sPointingRel459" xlink:href="scriptorium.shenoute.crushed.FL105-106.mark.xml#sSpan927" target="scriptorium.shenoute.crushed.FL105-106.mark.xml#sSpan936"/>
		<rel id="sPointingRel461" xlink:href="scriptorium.shenoute.crushed.FL105-106.mark.xml#sSpan321" target="scriptorium.shenoute.crushed.FL105-106.mark.xml#sSpan313"/>
		<rel id="sPointingRel463" xlink:href="scriptorium.shenoute.crushed.FL105-106.mark.xml#sSpan1147" target="scriptorium.shenoute.crushed.FL105-106.mark.xml#sSpan1154"/>
		<rel id="sPointingRel465" xlink:href="scriptorium.shenoute.crushed.FL105-106.mark.xml#sSpan629" target="scriptorium.shenoute.crushed.FL105-106.mark.xml#sSpan684"/>
		<rel id="sPointingRel467" xlink:href="scriptorium.shenoute.crushed.FL105-106.mark.xml#sSpan629" target="scriptorium.shenoute.crushed.FL105-106.mark.xml#sSpan623"/>
		<rel id="sPointingRel469" xlink:href="scriptorium.shenoute.crushed.FL105-106.mark.xml#sSpan255" target="scriptorium.shenoute.crushed.FL105-106.mark.xml#sSpan252"/>
		<rel id="sPointingRel471" xlink:href="scriptorium.shenoute.crushed.FL105-106.mark.xml#sSpan273" target="scriptorium.shenoute.crushed.FL105-106.mark.xml#sSpan267"/>
		<rel id="sPointingRel473" xlink:href="scriptorium.shenoute.crushed.FL105-106.mark.xml#sSpan239" target="scriptorium.shenoute.crushed.FL105-106.mark.xml#sSpan292"/>
		<rel id="sPointingRel475" xlink:href="scriptorium.shenoute.crushed.FL105-106.mark.xml#sSpan800" target="scriptorium.shenoute.crushed.FL105-106.mark.xml#sSpan795"/>
		<rel id="sPointingRel477" xlink:href="scriptorium.shenoute.crushed.FL105-106.mark.xml#sSpan56" target="scriptorium.shenoute.crushed.FL105-106.mark.xml#sSpan41"/>
		<rel id="sPointingRel479" xlink:href="scriptorium.shenoute.crushed.FL105-106.mark.xml#sSpan705" target="scriptorium.shenoute.crushed.FL105-106.mark.xml#sSpan702"/>
		<rel id="sPointingRel481" xlink:href="scriptorium.shenoute.crushed.FL105-106.mark.xml#sSpan27" target="scriptorium.shenoute.crushed.FL105-106.mark.xml#sSpan19"/>
		<rel id="sPointingRel483" xlink:href="scriptorium.shenoute.crushed.FL105-106.mark.xml#sSpan359" target="scriptorium.shenoute.crushed.FL105-106.mark.xml#sSpan355"/>
		<rel id="sPointingRel485" xlink:href="scriptorium.shenoute.crushed.FL105-106.mark.xml#sSpan243" target="scriptorium.shenoute.crushed.FL105-106.mark.xml#sSpan248"/>
		<rel id="sPointingRel487" xlink:href="scriptorium.shenoute.crushed.FL105-106.mark.xml#sSpan847" target="scriptorium.shenoute.crushed.FL105-106.mark.xml#sSpan883"/>
		<rel id="sPointingRel489" xlink:href="scriptorium.shenoute.crushed.FL105-106.mark.xml#sSpan639" target="scriptorium.shenoute.crushed.FL105-106.mark.xml#sSpan635"/>
		<rel id="sPointingRel491" xlink:href="scriptorium.shenoute.crushed.FL105-106.mark.xml#sSpan1069" target="scriptorium.shenoute.crushed.FL105-106.mark.xml#sSpan1062"/>
		<rel id="sPointingRel493" xlink:href="scriptorium.shenoute.crushed.FL105-106.mark.xml#sSpan382" target="scriptorium.shenoute.crushed.FL105-106.mark.xml#sSpan377"/>
		<rel id="sPointingRel495" xlink:href="scriptorium.shenoute.crushed.FL105-106.mark.xml#sSpan758" target="scriptorium.shenoute.crushed.FL105-106.mark.xml#sSpan754"/>
		<rel id="sPointingRel497" xlink:href="scriptorium.shenoute.crushed.FL105-106.mark.xml#sSpan67" target="scriptorium.shenoute.crushed.FL105-106.mark.xml#sSpan80"/>
		<rel id="sPointingRel499" xlink:href="scriptorium.shenoute.crushed.FL105-106.mark.xml#sSpan905" target="scriptorium.shenoute.crushed.FL105-106.mark.xml#sSpan914"/>
		<rel id="sPointingRel501" xlink:href="scriptorium.shenoute.crushed.FL105-106.mark.xml#sSpan484" target="scriptorium.shenoute.crushed.FL105-106.mark.xml#sSpan482"/>
		<rel id="sPointingRel503" xlink:href="scriptorium.shenoute.crushed.FL105-106.mark.xml#sSpan352" target="scriptorium.shenoute.crushed.FL105-106.mark.xml#sSpan348"/>
		<rel id="sPointingRel505" xlink:href="scriptorium.shenoute.crushed.FL105-106.mark.xml#sSpan923" target="scriptorium.shenoute.crushed.FL105-106.mark.xml#sSpan916"/>
		<rel id="sPointingRel507" xlink:href="scriptorium.shenoute.crushed.FL105-106.mark.xml#sSpan970" target="scriptorium.shenoute.crushed.FL105-106.mark.xml#sSpan992"/>
		<rel id="sPointingRel509" xlink:href="scriptorium.shenoute.crushed.FL105-106.mark.xml#sSpan512" target="scriptorium.shenoute.crushed.FL105-106.mark.xml#sSpan499"/>
		<rel id="sPointingRel511" xlink:href="scriptorium.shenoute.crushed.FL105-106.mark.xml#sSpan512" target="scriptorium.shenoute.crushed.FL105-106.mark.xml#sSpan573"/>
		<rel id="sPointingRel513" xlink:href="scriptorium.shenoute.crushed.FL105-106.mark.xml#sSpan329" target="scriptorium.shenoute.crushed.FL105-106.mark.xml#sSpan335"/>
		<rel id="sPointingRel515" xlink:href="scriptorium.shenoute.crushed.FL105-106.mark.xml#sSpan56" target="scriptorium.shenoute.crushed.FL105-106.mark.xml#sSpan52"/>
		<rel id="sPointingRel517" xlink:href="scriptorium.shenoute.crushed.FL105-106.mark.xml#sSpan870" target="scriptorium.shenoute.crushed.FL105-106.mark.xml#sSpan866"/>
		<rel id="sPointingRel519" xlink:href="scriptorium.shenoute.crushed.FL105-106.mark.xml#sSpan954" target="scriptorium.shenoute.crushed.FL105-106.mark.xml#sSpan966"/>
		<rel id="sPointingRel521" xlink:href="scriptorium.shenoute.crushed.FL105-106.mark.xml#sSpan195" target="scriptorium.shenoute.crushed.FL105-106.mark.xml#sSpan191"/>
		<rel id="sPointingRel523" xlink:href="scriptorium.shenoute.crushed.FL105-106.mark.xml#sSpan684" target="scriptorium.shenoute.crushed.FL105-106.mark.xml#sSpan673"/>
		<rel id="sPointingRel525" xlink:href="scriptorium.shenoute.crushed.FL105-106.mark.xml#sSpan1154" target="scriptorium.shenoute.crushed.FL105-106.mark.xml#sSpan1151"/>
		<rel id="sPointingRel527" xlink:href="scriptorium.shenoute.crushed.FL105-106.mark.xml#sSpan520" target="scriptorium.shenoute.crushed.FL105-106.mark.xml#sSpan516"/>
		<rel id="sPointingRel529" xlink:href="scriptorium.shenoute.crushed.FL105-106.mark.xml#sSpan1141" target="scriptorium.shenoute.crushed.FL105-106.mark.xml#sSpan1137"/>
		<rel id="sPointingRel531" xlink:href="scriptorium.shenoute.crushed.FL105-106.mark.xml#sSpan484" target="scriptorium.shenoute.crushed.FL105-106.mark.xml#sSpan490"/>
		<rel id="sPointingRel533" xlink:href="scriptorium.shenoute.crushed.FL105-106.mark.xml#sSpan344" target="scriptorium.shenoute.crushed.FL105-106.mark.xml#sSpan342"/>
		<rel id="sPointingRel535" xlink:href="scriptorium.shenoute.crushed.FL105-106.mark.xml#sSpan725" target="scriptorium.shenoute.crushed.FL105-106.mark.xml#sSpan778"/>
		<rel id="sPointingRel537" xlink:href="scriptorium.shenoute.crushed.FL105-106.mark.xml#sSpan165" target="scriptorium.shenoute.crushed.FL105-106.mark.xml#sSpan172"/>
		<rel id="sPointingRel539" xlink:href="scriptorium.shenoute.crushed.FL105-106.mark.xml#sSpan1190" target="scriptorium.shenoute.crushed.FL105-106.mark.xml#sSpan1195"/>
		<rel id="sPointingRel541" xlink:href="scriptorium.shenoute.crushed.FL105-106.mark.xml#sSpan1084" target="scriptorium.shenoute.crushed.FL105-106.mark.xml#sSpan1078"/>
		<rel id="sPointingRel543" xlink:href="scriptorium.shenoute.crushed.FL105-106.mark.xml#sSpan598" target="scriptorium.shenoute.crushed.FL105-106.mark.xml#sSpan595"/>
		<rel id="sPointingRel545" xlink:href="scriptorium.shenoute.crushed.FL105-106.mark.xml#sSpan725" target="scriptorium.shenoute.crushed.FL105-106.mark.xml#sSpan719"/>
		<rel id="sPointingRel547" xlink:href="scriptorium.shenoute.crushed.FL105-106.mark.xml#sSpan883" target="scriptorium.shenoute.crushed.FL105-106.mark.xml#sSpan881"/>
		<rel id="sPointingRel549" xlink:href="scriptorium.shenoute.crushed.FL105-106.mark.xml#sSpan122" target="scriptorium.shenoute.crushed.FL105-106.mark.xml#sSpan102"/>
		<rel id="sPointingRel551" xlink:href="scriptorium.shenoute.crushed.FL105-106.mark.xml#sSpan1199" target="scriptorium.shenoute.crushed.FL105-106.mark.xml#sSpan1184"/>
		<rel id="sPointingRel553" xlink:href="scriptorium.shenoute.crushed.FL105-106.mark.xml#sSpan1084" target="scriptorium.shenoute.crushed.FL105-106.mark.xml#sSpan1080"/>
		<rel id="sPointingRel555" xlink:href="scriptorium.shenoute.crushed.FL105-106.mark.xml#sSpan564" target="scriptorium.shenoute.crushed.FL105-106.mark.xml#sSpan560"/>
		<rel id="sPointingRel557" xlink:href="scriptorium.shenoute.crushed.FL105-106.mark.xml#sSpan140" target="scriptorium.shenoute.crushed.FL105-106.mark.xml#sSpan189"/>
		<rel id="sPointingRel559" xlink:href="scriptorium.shenoute.crushed.FL105-106.mark.xml#sSpan90" target="scriptorium.shenoute.crushed.FL105-106.mark.xml#sSpan82"/>
		<rel id="sPointingRel561" xlink:href="scriptorium.shenoute.crushed.FL105-106.mark.xml#sSpan750" target="scriptorium.shenoute.crushed.FL105-106.mark.xml#sSpan748"/>
		<rel id="sPointingRel563" xlink:href="scriptorium.shenoute.crushed.FL105-106.mark.xml#sSpan735" target="scriptorium.shenoute.crushed.FL105-106.mark.xml#sSpan732"/>
		<rel id="sPointingRel565" xlink:href="scriptorium.shenoute.crushed.FL105-106.mark.xml#sSpan165" target="scriptorium.shenoute.crushed.FL105-106.mark.xml#sSpan179"/>
		<rel id="sPointingRel567" xlink:href="scriptorium.shenoute.crushed.FL105-106.mark.xml#sSpan1055" target="scriptorium.shenoute.crushed.FL105-106.mark.xml#sSpan1075"/>
		<rel id="sPointingRel569" xlink:href="scriptorium.shenoute.crushed.FL105-106.mark.xml#sSpan122" target="scriptorium.shenoute.crushed.FL105-106.mark.xml#sSpan140"/>
		<rel id="sPointingRel571" xlink:href="scriptorium.shenoute.crushed.FL105-106.mark.xml#sSpan140" target="scriptorium.shenoute.crushed.FL105-106.mark.xml#sSpan147"/>
		<rel id="sPointingRel573" xlink:href="scriptorium.shenoute.crushed.FL105-106.mark.xml#sSpan406" target="scriptorium.shenoute.crushed.FL105-106.mark.xml#sSpan402"/>
		<rel id="sPointingRel575" xlink:href="scriptorium.shenoute.crushed.FL105-106.mark.xml#sSpan859" target="scriptorium.shenoute.crushed.FL105-106.mark.xml#sSpan855"/>
		<rel id="sPointingRel577" xlink:href="scriptorium.shenoute.crushed.FL105-106.mark.xml#sSpan239" target="scriptorium.shenoute.crushed.FL105-106.mark.xml#sSpan241"/>
		<rel id="sPointingRel579" xlink:href="scriptorium.shenoute.crushed.FL105-106.mark.xml#sSpan981" target="scriptorium.shenoute.crushed.FL105-106.mark.xml#sSpan977"/>
		<rel id="sPointingRel581" xlink:href="scriptorium.shenoute.crushed.FL105-106.mark.xml#sSpan684" target="scriptorium.shenoute.crushed.FL105-106.mark.xml#sSpan682"/>
		<rel id="sPointingRel583" xlink:href="scriptorium.shenoute.crushed.FL105-106.mark.xml#sSpan311" target="scriptorium.shenoute.crushed.FL105-106.mark.xml#sSpan304"/>
		<rel id="sPointingRel585" xlink:href="scriptorium.shenoute.crushed.FL105-106.mark.xml#sSpan778" target="scriptorium.shenoute.crushed.FL105-106.mark.xml#sSpan780"/>
		<rel id="sPointingRel587" xlink:href="scriptorium.shenoute.crushed.FL105-106.mark.xml#sSpan802" target="scriptorium.shenoute.crushed.FL105-106.mark.xml#sSpan812"/>
		<rel id="sPointingRel589" xlink:href="scriptorium.shenoute.crushed.FL105-106.mark.xml#sSpan583" target="scriptorium.shenoute.crushed.FL105-106.mark.xml#sSpan598"/>
		<rel id="sPointingRel591" xlink:href="scriptorium.shenoute.crushed.FL105-106.mark.xml#sSpan750" target="scriptorium.shenoute.crushed.FL105-106.mark.xml#sSpan770"/>
		<rel id="sPointingRel593" xlink:href="scriptorium.shenoute.crushed.FL105-106.mark.xml#sSpan1113" target="scriptorium.shenoute.crushed.FL105-106.mark.xml#sSpan1119"/>
		<rel id="sPointingRel595" xlink:href="scriptorium.shenoute.crushed.FL105-106.mark.xml#sSpan725" target="scriptorium.shenoute.crushed.FL105-106.mark.xml#sSpan735"/>
		<rel id="sPointingRel597" xlink:href="scriptorium.shenoute.crushed.FL105-106.mark.xml#sSpan382" target="scriptorium.shenoute.crushed.FL105-106.mark.xml#sSpan384"/>
		<rel id="sPointingRel599" xlink:href="scriptorium.shenoute.crushed.FL105-106.mark.xml#sSpan406" target="scriptorium.shenoute.crushed.FL105-106.mark.xml#sSpan404"/>
		<rel id="sPointingRel601" xlink:href="scriptorium.shenoute.crushed.FL105-106.mark.xml#sSpan418" target="scriptorium.shenoute.crushed.FL105-106.mark.xml#sSpan410"/>
		<rel id="sPointingRel603" xlink:href="scriptorium.shenoute.crushed.FL105-106.mark.xml#sSpan1006" target="scriptorium.shenoute.crushed.FL105-106.mark.xml#sSpan1003"/>
		<rel id="sPointingRel605" xlink:href="scriptorium.shenoute.crushed.FL105-106.mark.xml#sSpan966" target="scriptorium.shenoute.crushed.FL105-106.mark.xml#sSpan956"/>
		<rel id="sPointingRel607" xlink:href="scriptorium.shenoute.crushed.FL105-106.mark.xml#sSpan69" target="scriptorium.shenoute.crushed.FL105-106.mark.xml#sSpan74"/>
		<rel id="sPointingRel609" xlink:href="scriptorium.shenoute.crushed.FL105-106.mark.xml#sSpan27" target="scriptorium.shenoute.crushed.FL105-106.mark.xml#sSpan39"/>
		<rel id="sPointingRel611" xlink:href="scriptorium.shenoute.crushed.FL105-106.mark.xml#sSpan67" target="scriptorium.shenoute.crushed.FL105-106.mark.xml#sSpan69"/>
		<rel id="sPointingRel613" xlink:href="scriptorium.shenoute.crushed.FL105-106.mark.xml#sSpan705" target="scriptorium.shenoute.crushed.FL105-106.mark.xml#sSpan698"/>
		<rel id="sPointingRel615" xlink:href="scriptorium.shenoute.crushed.FL105-106.mark.xml#sSpan442" target="scriptorium.shenoute.crushed.FL105-106.mark.xml#sSpan434"/>
		<rel id="sPointingRel617" xlink:href="scriptorium.shenoute.crushed.FL105-106.mark.xml#sSpan1042" target="scriptorium.shenoute.crushed.FL105-106.mark.xml#sSpan1015"/>
		<rel id="sPointingRel619" xlink:href="scriptorium.shenoute.crushed.FL105-106.mark.xml#sSpan946" target="scriptorium.shenoute.crushed.FL105-106.mark.xml#sSpan942"/>
		<rel id="sPointingRel621" xlink:href="scriptorium.shenoute.crushed.FL105-106.mark.xml#sSpan273" target="scriptorium.shenoute.crushed.FL105-106.mark.xml#sSpan271"/>
		<rel id="sPointingRel623" xlink:href="scriptorium.shenoute.crushed.FL105-106.mark.xml#sSpan292" target="scriptorium.shenoute.crushed.FL105-106.mark.xml#sSpan286"/>
		<rel id="sPointingRel625" xlink:href="scriptorium.shenoute.crushed.FL105-106.mark.xml#sSpan847" target="scriptorium.shenoute.crushed.FL105-106.mark.xml#sSpan859"/>
		<rel id="sPointingRel627" xlink:href="scriptorium.shenoute.crushed.FL105-106.mark.xml#sSpan812" target="scriptorium.shenoute.crushed.FL105-106.mark.xml#sSpan806"/>
		<rel id="sPointingRel629" xlink:href="scriptorium.shenoute.crushed.FL105-106.mark.xml#sSpan279" target="scriptorium.shenoute.crushed.FL105-106.mark.xml#sSpan275"/>
		<rel id="sPointingRel631" xlink:href="scriptorium.shenoute.crushed.FL105-106.mark.xml#sSpan654" target="scriptorium.shenoute.crushed.FL105-106.mark.xml#sSpan652"/>
		<rel id="sPointingRel633" xlink:href="scriptorium.shenoute.crushed.FL105-106.mark.xml#sSpan615" target="scriptorium.shenoute.crushed.FL105-106.mark.xml#sSpan629"/>
		<rel id="sPointingRel635" xlink:href="scriptorium.shenoute.crushed.FL105-106.mark.xml#sSpan189" target="scriptorium.shenoute.crushed.FL105-106.mark.xml#sSpan195"/>
		<rel id="sPointingRel637" xlink:href="scriptorium.shenoute.crushed.FL105-106.mark.xml#sSpan883" target="scriptorium.shenoute.crushed.FL105-106.mark.xml#sSpan905"/>
		<rel id="sPointingRel639" xlink:href="scriptorium.shenoute.crushed.FL105-106.mark.xml#sSpan1134" target="scriptorium.shenoute.crushed.FL105-106.mark.xml#sSpan1147"/>
		<rel id="sPointingRel641" xlink:href="scriptorium.shenoute.crushed.FL105-106.mark.xml#sSpan598" target="scriptorium.shenoute.crushed.FL105-106.mark.xml#sSpan591"/>
		<rel id="sPointingRel643" xlink:href="scriptorium.shenoute.crushed.FL105-106.mark.xml#sSpan812" target="scriptorium.shenoute.crushed.FL105-106.mark.xml#sSpan814"/>
		<rel id="sPointingRel645" xlink:href="scriptorium.shenoute.crushed.FL105-106.mark.xml#sSpan1113" target="scriptorium.shenoute.crushed.FL105-106.mark.xml#sSpan1107"/>
		<rel id="sPointingRel647" xlink:href="scriptorium.shenoute.crushed.FL105-106.mark.xml#sSpan970" target="scriptorium.shenoute.crushed.FL105-106.mark.xml#sSpan981"/>
		<rel id="sPointingRel649" xlink:href="scriptorium.shenoute.crushed.FL105-106.mark.xml#sSpan512" target="scriptorium.shenoute.crushed.FL105-106.mark.xml#sSpan502"/>
		<rel id="sPointingRel651" xlink:href="scriptorium.shenoute.crushed.FL105-106.mark.xml#sSpan545" target="scriptorium.shenoute.crushed.FL105-106.mark.xml#sSpan542"/>
		<rel id="sPointingRel653" xlink:href="scriptorium.shenoute.crushed.FL105-106.mark.xml#sSpan954" target="scriptorium.shenoute.crushed.FL105-106.mark.xml#sSpan952"/>
		<rel id="sPointingRel655" xlink:href="scriptorium.shenoute.crushed.FL105-106.mark.xml#sSpan883" target="scriptorium.shenoute.crushed.FL105-106.mark.xml#sSpan892"/>
		<rel id="sPointingRel657" xlink:href="scriptorium.shenoute.crushed.FL105-106.mark.xml#sSpan1128" target="scriptorium.shenoute.crushed.FL105-106.mark.xml#sSpan1125"/>
		<rel id="sPointingRel659" xlink:href="scriptorium.shenoute.crushed.FL105-106.mark.xml#sSpan239" target="scriptorium.shenoute.crushed.FL105-106.mark.xml#sSpan235"/>
		<rel id="sPointingRel661" xlink:href="scriptorium.shenoute.crushed.FL105-106.mark.xml#sSpan512" target="scriptorium.shenoute.crushed.FL105-106.mark.xml#sSpan527"/>
		<rel id="sPointingRel663" xlink:href="scriptorium.shenoute.crushed.FL105-106.mark.xml#sSpan329" target="scriptorium.shenoute.crushed.FL105-106.mark.xml#sSpan327"/>
		<rel id="sPointingRel665" xlink:href="scriptorium.shenoute.crushed.FL105-106.mark.xml#sSpan770" target="scriptorium.shenoute.crushed.FL105-106.mark.xml#sSpan766"/>
		<rel id="sPointingRel667" xlink:href="scriptorium.shenoute.crushed.FL105-106.mark.xml#sSpan344" target="scriptorium.shenoute.crushed.FL105-106.mark.xml#sSpan352"/>
		<rel id="sPointingRel669" xlink:href="scriptorium.shenoute.crushed.FL105-106.mark.xml#sSpan215" target="scriptorium.shenoute.crushed.FL105-106.mark.xml#sSpan239"/>
		<rel id="sPointingRel671" xlink:href="scriptorium.shenoute.crushed.FL105-106.mark.xml#sSpan1084" target="scriptorium.shenoute.crushed.FL105-106.mark.xml#sSpan1101"/>
		<rel id="sPointingRel673" xlink:href="scriptorium.shenoute.crushed.FL105-106.mark.xml#sSpan442" target="scriptorium.shenoute.crushed.FL105-106.mark.xml#sSpan438"/>
		<rel id="sPointingRel675" xlink:href="scriptorium.shenoute.crushed.FL105-106.mark.xml#sSpan67" target="scriptorium.shenoute.crushed.FL105-106.mark.xml#sSpan62"/>
		<rel id="sPointingRel677" xlink:href="scriptorium.shenoute.crushed.FL105-106.mark.xml#sSpan820" target="scriptorium.shenoute.crushed.FL105-106.mark.xml#sSpan816"/>
		<rel id="sPointingRel679" xlink:href="scriptorium.shenoute.crushed.FL105-106.mark.xml#sSpan56" target="scriptorium.shenoute.crushed.FL105-106.mark.xml#sSpan58"/>
		<rel id="sPointingRel681" xlink:href="scriptorium.shenoute.crushed.FL105-106.mark.xml#sSpan936" target="scriptorium.shenoute.crushed.FL105-106.mark.xml#sSpan946"/>
		<rel id="sPointingRel683" xlink:href="scriptorium.shenoute.crushed.FL105-106.mark.xml#sSpan1101" target="scriptorium.shenoute.crushed.FL105-106.mark.xml#sSpan1103"/>
		<rel id="sPointingRel685" xlink:href="scriptorium.shenoute.crushed.FL105-106.mark.xml#sSpan122" target="scriptorium.shenoute.crushed.FL105-106.mark.xml#sSpan215"/>
		<rel id="sPointingRel687" xlink:href="scriptorium.shenoute.crushed.FL105-106.mark.xml#sSpan671" target="scriptorium.shenoute.crushed.FL105-106.mark.xml#sSpan666"/>
		<rel id="sPointingRel689" xlink:href="scriptorium.shenoute.crushed.FL105-106.mark.xml#sSpan1075" target="scriptorium.shenoute.crushed.FL105-106.mark.xml#sSpan1071"/>
		<rel id="sPointingRel691" xlink:href="scriptorium.shenoute.crushed.FL105-106.mark.xml#sSpan695" target="scriptorium.shenoute.crushed.FL105-106.mark.xml#sSpan713"/>
		<rel id="sPointingRel693" xlink:href="scriptorium.shenoute.crushed.FL105-106.mark.xml#sSpan954" target="scriptorium.shenoute.crushed.FL105-106.mark.xml#sSpan948"/>
		<rel id="sPointingRel695" xlink:href="scriptorium.shenoute.crushed.FL105-106.mark.xml#sSpan265" target="scriptorium.shenoute.crushed.FL105-106.mark.xml#sSpan257"/>
		<rel id="sPointingRel697" xlink:href="scriptorium.shenoute.crushed.FL105-106.mark.xml#sSpan475" target="scriptorium.shenoute.crushed.FL105-106.mark.xml#sSpan472"/>
		<rel id="sPointingRel699" xlink:href="scriptorium.shenoute.crushed.FL105-106.mark.xml#sSpan1181" target="scriptorium.shenoute.crushed.FL105-106.mark.xml#sSpan1175"/>
		<rel id="sPointingRel701" xlink:href="scriptorium.shenoute.crushed.FL105-106.mark.xml#sSpan881" target="scriptorium.shenoute.crushed.FL105-106.mark.xml#sSpan876"/>
		<rel id="sPointingRel703" xlink:href="scriptorium.shenoute.crushed.FL105-106.mark.xml#sSpan923" target="scriptorium.shenoute.crushed.FL105-106.mark.xml#sSpan920"/>
		<rel id="sPointingRel705" xlink:href="scriptorium.shenoute.crushed.FL105-106.mark.xml#sSpan654" target="scriptorium.shenoute.crushed.FL105-106.mark.xml#sSpan662"/>
		<rel id="sPointingRel707" xlink:href="scriptorium.shenoute.crushed.FL105-106.mark.xml#sSpan536" target="scriptorium.shenoute.crushed.FL105-106.mark.xml#sSpan545"/>
		<rel id="sPointingRel709" xlink:href="scriptorium.shenoute.crushed.FL105-106.mark.xml#sSpan450" target="scriptorium.shenoute.crushed.FL105-106.mark.xml#sSpan444"/>
		<rel id="sPointingRel711" xlink:href="scriptorium.shenoute.crushed.FL105-106.mark.xml#sSpan140" target="scriptorium.shenoute.crushed.FL105-106.mark.xml#sSpan133"/>
		<rel id="sPointingRel713" xlink:href="scriptorium.shenoute.crushed.FL105-106.mark.xml#sSpan140" target="scriptorium.shenoute.crushed.FL105-106.mark.xml#sSpan137"/>
		<rel id="sPointingRel715" xlink:href="scriptorium.shenoute.crushed.FL105-106.mark.xml#sSpan512" target="scriptorium.shenoute.crushed.FL105-106.mark.xml#sSpan514"/>
		<rel id="sPointingRel717" xlink:href="scriptorium.shenoute.crushed.FL105-106.mark.xml#sSpan382" target="scriptorium.shenoute.crushed.FL105-106.mark.xml#sSpan373"/>
		<rel id="sPointingRel719" xlink:href="scriptorium.shenoute.crushed.FL105-106.mark.xml#sSpan1040" target="scriptorium.shenoute.crushed.FL105-106.mark.xml#sSpan1038"/>
		<rel id="sPointingRel721" xlink:href="scriptorium.shenoute.crushed.FL105-106.mark.xml#sSpan311" target="scriptorium.shenoute.crushed.FL105-106.mark.xml#sSpan321"/>
		<rel id="sPointingRel723" xlink:href="scriptorium.shenoute.crushed.FL105-106.mark.xml#sSpan583" target="scriptorium.shenoute.crushed.FL105-106.mark.xml#sSpan581"/>
		<rel id="sPointingRel725" xlink:href="scriptorium.shenoute.crushed.FL105-106.mark.xml#sSpan207" target="scriptorium.shenoute.crushed.FL105-106.mark.xml#sSpan197"/>
		<rel id="sPointingRel727" xlink:href="scriptorium.shenoute.crushed.FL105-106.mark.xml#sSpan527" target="scriptorium.shenoute.crushed.FL105-106.mark.xml#sSpan522"/>
		<rel id="sPointingRel729" xlink:href="scriptorium.shenoute.crushed.FL105-106.mark.xml#sSpan1055" target="scriptorium.shenoute.crushed.FL105-106.mark.xml#sSpan1069"/></relList></paula>