<?xml version='1.0' encoding='UTF-8'?><!DOCTYPE paula SYSTEM "paula_feat.dtd">
<paula version="1.1">
	<header paula_id="scriptorium.shenoute.dirt.GL71-74.mark_orig"/>
	<featList xmlns:xlink="http://www.w3.org/1999/xlink" type="orig" xml:base="scriptorium.shenoute.dirt.GL71-74.mark.xml">
		<feat xlink:href="#sSpan2" value="ⲟⲩ"/>
		<feat xlink:href="#sSpan16" value="ⲗⲟⲅⲟⲥ"/>
		<feat xlink:href="#sSpan18" value="·"/>
		<feat xlink:href="#sSpan22" value="ⲉ"/>
		<feat xlink:href="#sSpan26" value="ϥ"/>
		<feat xlink:href="#sSpan28" value="ⲛⲏⲩ"/>
		<feat xlink:href="#sSpan31" value="ⲙ︤ⲛ︥ⲛⲥⲁ"/>
		<feat xlink:href="#sSpan36" value="ⲡⲁⲓ"/>
		<feat xlink:href="#sSpan39" value="·"/>
		<feat xlink:href="#sSpan43" value="ⲉ"/>
		<feat xlink:href="#sSpan47" value="ⲁ"/>
		<feat xlink:href="#sSpan49" value="ϥ"/>
		<feat xlink:href="#sSpan51" value="ϫⲟⲟ"/>
		<feat xlink:href="#sSpan54" value="ϥ"/>
		<feat xlink:href="#sSpan56" value="·"/>
		<feat xlink:href="#sSpan60" value="ⲛⲛⲁϩⲣⲛ"/>
		<feat xlink:href="#sSpan64" value="ⲛⲉⲓ̈"/>
		<feat xlink:href="#sSpan70" value="ⲣⲱⲙⲉ"/>
		<feat xlink:href="#sSpan72" value="ⲟⲛ"/>
		<feat xlink:href="#sSpan76" value="ⲛ"/>
		<feat xlink:href="#sSpan81" value="ⲟⲩⲱⲧ"/>
		<feat xlink:href="#sSpan83" value="ⲙⲛ"/>
		<feat xlink:href="#sSpan87" value="ⲛ"/>
		<feat xlink:href="#sSpan91" value="ⲉⲛⲧ"/>
		<feat xlink:href="#sSpan93" value="ⲁ"/>
		<feat xlink:href="#sSpan95" value="ⲩ"/>
		<feat xlink:href="#sSpan97" value="ⲟⲩⲱϩ"/>
		<feat xlink:href="#sSpan99" value="ⲉⲣⲟ"/>
		<feat xlink:href="#sSpan104" value="ⲟⲩ"/>
		<feat xlink:href="#sSpan106" value=":"/>
		<feat xlink:href="#sSpan111" value="ⲟⲩⲛ"/>
		<feat xlink:href="#sSpan122" value="ϩⲉⲛ"/>
		<feat xlink:href="#sSpan125" value="ⲙⲓⲛⲉ"/>
		<feat xlink:href="#sSpan127" value="ⲛ̄"/>
		<feat xlink:href="#sSpan131" value="ⲣⲱⲙⲉ"/>
		<feat xlink:href="#sSpan134" value="ⲉ"/>
		<feat xlink:href="#sSpan138" value="ⲩ"/>
		<feat xlink:href="#sSpan140" value="ϣⲟⲗϣⲗ"/>
		<feat xlink:href="#sSpan142" value="ⲛ"/>
		<feat xlink:href="#sSpan147" value="ϩⲉⲛ"/>
		<feat xlink:href="#sSpan150" value="ⲉⲥⲏⲧ"/>
		<feat xlink:href="#sSpan152" value="ϩ︤ⲛ︥"/>
		<feat xlink:href="#sSpan156" value="ⲛ̄"/>
		<feat xlink:href="#sSpan160" value="ⲕⲟⲡⲣⲓ̈ⲁ"/>
		<feat xlink:href="#sSpan163" value="·"/>
		<feat xlink:href="#sSpan167" value="ⲁⲩⲱ"/>
		<feat xlink:href="#sSpan171" value="ϩⲛ"/>
		<feat xlink:href="#sSpan175" value="ϩⲉⲛ"/>
		<feat xlink:href="#sSpan180" value="ⲧⲟⲡⲟⲥ"/>
		<feat xlink:href="#sSpan182" value="ⲉ"/>
		<feat xlink:href="#sSpan186" value="ⲩ"/>
		<feat xlink:href="#sSpan188" value="ⲕⲱⲧⲉ"/>
		<feat xlink:href="#sSpan191" value="ϩⲙ"/>
		<feat xlink:href="#sSpan195" value="ⲡ"/>
		<feat xlink:href="#sSpan198" value="ⲕⲁϩ"/>
		<feat xlink:href="#sSpan200" value="ϣⲁⲛⲧ"/>
		<feat xlink:href="#sSpan205" value="ⲟⲩ"/>
		<feat xlink:href="#sSpan207" value="ϭⲛ"/>
		<feat xlink:href="#sSpan209" value="·"/>
		<feat xlink:href="#sSpan211" value="ϩⲉⲛ"/>
		<feat xlink:href="#sSpan215" value="ⲉⲗⲁⲭⲓⲥⲧⲟⲛ"/>
		<feat xlink:href="#sSpan218" value="·"/>
		<feat xlink:href="#sSpan222" value="ⲛ"/>
		<feat xlink:href="#sSpan226" value="ⲛⲟⲩⲃ"/>
		<feat xlink:href="#sSpan228" value="ϩⲓ"/>
		<feat xlink:href="#sSpan232" value="ϩⲁⲧ"/>
		<feat xlink:href="#sSpan236" value="ⲏ"/>
		<feat xlink:href="#sSpan241" value="ϩⲉⲛ"/>
		<feat xlink:href="#sSpan246" value="ϩⲟⲙⲛⲧ"/>
		<feat xlink:href="#sSpan248" value="·"/>
		<feat xlink:href="#sSpan253" value="ⲏ̄"/>
		<feat xlink:href="#sSpan257" value="ⲛⲧⲟϥ"/>
		<feat xlink:href="#sSpan262" value="ⲡ"/>
		<feat xlink:href="#sSpan266" value="ⲉⲧ"/>
		<feat xlink:href="#sSpan268" value="ϭⲟϫⲃ"/>
		<feat xlink:href="#sSpan270" value="ⲉⲣⲟ"/>
		<feat xlink:href="#sSpan275" value="ⲟⲩ"/>
		<feat xlink:href="#sSpan277" value="·"/>
		<feat xlink:href="#sSpan281" value="ϣⲁϩⲣⲁⲓ"/>
		<feat xlink:href="#sSpan285" value="ⲉ"/>
		<feat xlink:href="#sSpan289" value="ϩⲉⲛ"/>
		<feat xlink:href="#sSpan293" value="ⲥⲁⲁⲧⲉ"/>
		<feat xlink:href="#sSpan295" value="·"/>
		<feat xlink:href="#sSpan299" value="ⲉ"/>
		<feat xlink:href="#sSpan303" value="ⲩ"/>
		<feat xlink:href="#sSpan305" value="ⲕⲱⲧⲉ"/>
		<feat xlink:href="#sSpan308" value="ϣⲁⲛⲧ"/>
		<feat xlink:href="#sSpan312" value="ⲟⲩ"/>
		<feat xlink:href="#sSpan314" value="ϭⲛ"/>
		<feat xlink:href="#sSpan316" value="ⲡⲉⲩ"/>
		<feat xlink:href="#sSpan319" value="ⲱⲛϩ"/>
		<feat xlink:href="#sSpan322" value="·"/>
		<feat xlink:href="#sSpan327" value="ⲁⲛⲟⲛ"/>
		<feat xlink:href="#sSpan336" value="ⲇⲉ"/>
		<feat xlink:href="#sSpan340" value="ⲡⲉⲛ"/>
		<feat xlink:href="#sSpan345" value="ⲱⲛ︤ϩ︥"/>
		<feat xlink:href="#sSpan347" value="ⲟⲩⲟⲛϩ"/>
		<feat xlink:href="#sSpan352" value="ⲛⲁ"/>
		<feat xlink:href="#sSpan356" value="ⲛ"/>
		<feat xlink:href="#sSpan358" value="ⲉⲃⲟⲗ"/>
		<feat xlink:href="#sSpan362" value="ϥ"/>
		<feat xlink:href="#sSpan367" value="ⲛϩⲣⲁⲓ"/>
		<feat xlink:href="#sSpan369" value="ⲛ̄ϩⲏⲧ"/>
		<feat xlink:href="#sSpan373" value="ⲛ"/>
		<feat xlink:href="#sSpan375" value="ϥ"/>
		<feat xlink:href="#sSpan380" value="ϩⲏⲛ"/>
		<feat xlink:href="#sSpan382" value="ⲉϩⲟⲩⲛ"/>
		<feat xlink:href="#sSpan386" value="ⲉⲣⲟ"/>
		<feat xlink:href="#sSpan390" value="ⲛ"/>
		<feat xlink:href="#sSpan392" value="ⲧⲛ"/>
		<feat xlink:href="#sSpan397" value="ⲥⲟⲟⲩⲛ"/>
		<feat xlink:href="#sSpan399" value="ⲙⲙⲟ"/>
		<feat xlink:href="#sSpan403" value="ϥ"/>
		<feat xlink:href="#sSpan405" value="ϥ"/>
		<feat xlink:href="#sSpan410" value="ⲙ"/>
		<feat xlink:href="#sSpan412" value="ⲡⲉⲛ"/>
		<feat xlink:href="#sSpan415" value="ⲙⲧⲟ"/>
		<feat xlink:href="#sSpan417" value="ⲉⲃⲟⲗ"/>
		<feat xlink:href="#sSpan421" value="ⲥⲉ"/>
		<feat xlink:href="#sSpan427" value="ϯⲥⲃⲱ"/>
		<feat xlink:href="#sSpan430" value="ⲛⲁ"/>
		<feat xlink:href="#sSpan434" value="ⲛ"/>
		<feat xlink:href="#sSpan436" value="·"/>
		<feat xlink:href="#sSpan440" value="ⲉ"/>
		<feat xlink:href="#sSpan445" value="ⲣⲣ︤ⲙ︥ⲙⲁⲟ"/>
		<feat xlink:href="#sSpan451" value="ⲛϩⲏⲧ"/>
		<feat xlink:href="#sSpan455" value="ϥ"/>
		<feat xlink:href="#sSpan457" value="ⲁⲩⲱ"/>
		<feat xlink:href="#sSpan462" value="ⲡⲉⲛ"/>
		<feat xlink:href="#sSpan466" value="ϩⲟⲩⲟ"/>
		<feat xlink:href="#sSpan468" value="·"/>
		<feat xlink:href="#sSpan472" value="ⲟ"/>
		<feat xlink:href="#sSpan476" value="ⲛ"/>
		<feat xlink:href="#sSpan481" value="ϩⲏⲕⲉ"/>
		<feat xlink:href="#sSpan485" value="ϩⲉⲛ"/>
		<feat xlink:href="#sSpan495" value="ⲣⲱⲙⲉ"/>
		<feat xlink:href="#sSpan497" value="ⲛ"/>
		<feat xlink:href="#sSpan501" value="ⲧⲉⲓ"/>
		<feat xlink:href="#sSpan503" value="ϩⲉ"/>
		<feat xlink:href="#sSpan506" value="ⲉ"/>
		<feat xlink:href="#sSpan511" value="ⲩ"/>
		<feat xlink:href="#sSpan513" value="ϫⲱⲛⲧ"/>
		<feat xlink:href="#sSpan515" value="·"/>
		<feat xlink:href="#sSpan519" value="ⲥⲟⲡ"/>
		<feat xlink:href="#sSpan525" value="ⲙⲉⲛ"/>
		<feat xlink:href="#sSpan530" value="ϣⲁ"/>
		<feat xlink:href="#sSpan534" value="ⲩ"/>
		<feat xlink:href="#sSpan536" value="ϭⲛ"/>
		<feat xlink:href="#sSpan538" value="ⲡ"/>
		<feat xlink:href="#sSpan541" value="ⲉⲧ"/>
		<feat xlink:href="#sSpan544" value="ⲟⲩ"/>
		<feat xlink:href="#sSpan546" value="ϣⲓⲛⲉ"/>
		<feat xlink:href="#sSpan548" value="ⲛⲥⲱ"/>
		<feat xlink:href="#sSpan552" value="ϥ"/>
		<feat xlink:href="#sSpan554" value="ⲥⲟⲡ"/>
		<feat xlink:href="#sSpan560" value="ⲙⲉ"/>
		<feat xlink:href="#sSpan564" value="ⲩ"/>
		<feat xlink:href="#sSpan566" value="ϭⲛⲧ︤"/>
		<feat xlink:href="#sSpan568" value="ϥ︥"/>
		<feat xlink:href="#sSpan570" value="ⲁⲛⲟⲛ"/>
		<feat xlink:href="#sSpan577" value="ⲇⲉ"/>
		<feat xlink:href="#sSpan581" value="ⲉ"/>
		<feat xlink:href="#sSpan585" value="ⲛ"/>
		<feat xlink:href="#sSpan587" value="ⲛⲁ"/>
		<feat xlink:href="#sSpan589" value="ϫⲱⲛⲧ"/>
		<feat xlink:href="#sSpan592" value="·"/>
		<feat xlink:href="#sSpan596" value="ⲁⲛ"/>
		<feat xlink:href="#sSpan600" value="·"/>
		<feat xlink:href="#sSpan604" value="ⲉ"/>
		<feat xlink:href="#sSpan608" value="ⲛ"/>
		<feat xlink:href="#sSpan611" value="ⲇⲓⲥⲧⲁⲍⲉ"/>
		<feat xlink:href="#sSpan614" value="·"/>
		<feat xlink:href="#sSpan618" value="ϫⲉ"/>
		<feat xlink:href="#sSpan622" value="ⲙⲉϣⲁⲕ"/>
		<feat xlink:href="#sSpan624" value="ⲧⲛ"/>
		<feat xlink:href="#sSpan629" value="ⲛⲁ"/>
		<feat xlink:href="#sSpan631" value="ϩⲉ"/>
		<feat xlink:href="#sSpan633" value="ⲁⲛ"/>
		<feat xlink:href="#sSpan637" value="ⲉ"/>
		<feat xlink:href="#sSpan641" value="ⲡ"/>
		<feat xlink:href="#sSpan644" value="ⲉⲧ"/>
		<feat xlink:href="#sSpan646" value="ⲛ̄"/>
		<feat xlink:href="#sSpan648" value="ⲕⲱⲧⲉ"/>
		<feat xlink:href="#sSpan651" value="ⲛⲥⲱ"/>
		<feat xlink:href="#sSpan655" value="ϥ"/>
		<feat xlink:href="#sSpan657" value="·"/>
		<feat xlink:href="#sSpan662" value="ⲓ︤ⲥ︥"/>
		<feat xlink:href="#sSpan668" value="ⲡ"/>
		<feat xlink:href="#sSpan673" value="ⲱⲛϩ"/>
		<feat xlink:href="#sSpan675" value="ⲧⲏⲣ"/>
		<feat xlink:href="#sSpan679" value="ϥ̄"/>
		<feat xlink:href="#sSpan681" value="ϥ"/>
		<feat xlink:href="#sSpan686" value="ⲟⲩⲏϩ"/>
		<feat xlink:href="#sSpan688" value="ⲙⲛ"/>
		<feat xlink:href="#sSpan692" value="ⲛ"/>
		<feat xlink:href="#sSpan695" value="ⲉⲧ"/>
		<feat xlink:href="#sSpan698" value="ϩⲉⲗⲡⲓⲍⲉ"/>
		<feat xlink:href="#sSpan701" value="ⲉⲣⲟ"/>
		<feat xlink:href="#sSpan705" value="ϥ"/>
		<feat xlink:href="#sSpan708" value="ⲭⲱⲣⲓⲥ"/>
		<feat xlink:href="#sSpan712" value="ϫⲛⲁⲁⲩ"/>
		<feat xlink:href="#sSpan717" value="ⲛ"/>
		<feat xlink:href="#sSpan725" value="ⲑ"/>
		<feat xlink:href="#sSpan727" value="ⲉ"/>
		<feat xlink:href="#sSpan729" value="ⲛⲧ"/>
		<feat xlink:href="#sSpan733" value="ⲁ"/>
		<feat xlink:href="#sSpan735" value="ⲡ"/>
		<feat xlink:href="#sSpan739" value="ⲁⲡⲟⲥⲧⲟⲗⲟⲥ"/>
		<feat xlink:href="#sSpan742" value="ⲉⲧ"/>
		<feat xlink:href="#sSpan746" value="ⲟⲩⲁⲁⲃ"/>
		<feat xlink:href="#sSpan748" value="ϫⲟⲟ"/>
		<feat xlink:href="#sSpan752" value="ⲥ"/>
		<feat xlink:href="#sSpan754" value="ϫⲉ"/>
		<feat xlink:href="#sSpan759" value="ⲛ"/>
		<feat xlink:href="#sSpan761" value="ⲧⲉⲧⲛ"/>
		<feat xlink:href="#sSpan763" value="ⲉⲓⲙⲉ"/>
		<feat xlink:href="#sSpan765" value="ⲉⲣⲱ"/>
		<feat xlink:href="#sSpan770" value="ⲧⲛ"/>
		<feat xlink:href="#sSpan772" value="·"/>
		<feat xlink:href="#sSpan776" value="ⲁⲛ"/>
		<feat xlink:href="#sSpan780" value="ϫⲉ"/>
		<feat xlink:href="#sSpan784" value="ⲡⲉ"/>
		<feat xlink:href="#sSpan788" value="ⲭ︤ⲥ︥"/>
		<feat xlink:href="#sSpan792" value="ⲓ︤ⲥ︥"/>
		<feat xlink:href="#sSpan796" value="ⲛϩⲏⲧ"/>
		<feat xlink:href="#sSpan800" value="ⲧⲏⲩⲧⲛ"/>
		<feat xlink:href="#sSpan803" value="·"/>
		<feat xlink:href="#sSpan808" value="ⲉⲓⲙⲏⲧⲉⲓ"/>
		<feat xlink:href="#sSpan813" value="ϫⲉ"/>
		<feat xlink:href="#sSpan817" value="ⲙⲉϣⲁⲕ"/>
		<feat xlink:href="#sSpan820" value="ⲛ"/>
		<feat xlink:href="#sSpan824" value="ⲧⲉⲧ︤ⲛ︥"/>
		<feat xlink:href="#sSpan826" value="ϩⲉⲛ"/>
		<feat xlink:href="#sSpan830" value="ϫⲟⲟⲩⲧ"/>
		<feat xlink:href="#sSpan833" value="ⲧⲉⲧⲛ"/>
		<feat xlink:href="#sSpan841" value="ⲛⲁⲩ"/>
		<feat xlink:href="#sSpan843" value="ϫⲉ"/>
		<feat xlink:href="#sSpan847" value="ⲉⲣⲉ"/>
		<feat xlink:href="#sSpan849" value="ⲡⲉ"/>
		<feat xlink:href="#sSpan854" value="ⲭⲣⲏⲙⲁ"/>
		<feat xlink:href="#sSpan856" value="ⲧⲏⲣ"/>
		<feat xlink:href="#sSpan860" value="ϥ"/>
		<feat xlink:href="#sSpan862" value="ⲉⲧⲉ"/>
		<feat xlink:href="#sSpan867" value="ⲡⲉ"/>
		<feat xlink:href="#sSpan871" value="ⲭ︤ⲥ︥"/>
		<feat xlink:href="#sSpan873" value="ⲡⲉ"/>
		<feat xlink:href="#sSpan877" value="·"/>
		<feat xlink:href="#sSpan881" value="ϩⲏⲡ"/>
		<feat xlink:href="#sSpan885" value="ⲛϩⲏⲧ"/>
		<feat xlink:href="#sSpan890" value="ⲛ"/>
		<feat xlink:href="#sSpan892" value="·"/>
		<feat xlink:href="#sSpan897" value="ⲡⲁⲣⲁ"/>
		<feat xlink:href="#sSpan901" value="ⲧⲣⲉ"/>
		<feat xlink:href="#sSpan904" value="ⲛ"/>
		<feat xlink:href="#sSpan906" value="ⲕⲓⲙⲕⲓⲙ"/>
		<feat xlink:href="#sSpan908" value="ⲧⲉⲛⲟⲩ"/>
		<feat xlink:href="#sSpan913" value="ⲉⲣⲟ"/>
		<feat xlink:href="#sSpan917" value="ϥ"/>
		<feat xlink:href="#sSpan919" value="ⲡⲉ"/>
		<feat xlink:href="#sSpan923" value="·"/>
		<feat xlink:href="#sSpan928" value="ⲡⲁⲣⲁ"/>
		<feat xlink:href="#sSpan933" value="ⲧⲣⲉ"/>
		<feat xlink:href="#sSpan935" value="ⲛ"/>
		<feat xlink:href="#sSpan937" value="ϭⲉⲗ︤ⲡ︥"/>
		<feat xlink:href="#sSpan939" value="ϩⲓϩⲣⲁ"/>
		<feat xlink:href="#sSpan942" value="ϥ"/>
		<feat xlink:href="#sSpan944" value="ⲉⲃⲟⲗ"/>
		<feat xlink:href="#sSpan948" value="ⲧⲉⲛⲟⲩ"/>
		<feat xlink:href="#sSpan952" value="ⲡⲉ"/>
		<feat xlink:href="#sSpan958" value="ⲙⲁⲗⲓⲥⲧⲁ"/>
		<feat xlink:href="#sSpan962" value="ⲛ"/>
		<feat xlink:href="#sSpan966" value="ϥ"/>
		<feat xlink:href="#sSpan968" value="ⲟⲩⲏⲏⲩ"/>
		<feat xlink:href="#sSpan971" value="ⲉϩⲣⲁⲓ̄"/>
		<feat xlink:href="#sSpan975" value="ⲁⲛ"/>
		<feat xlink:href="#sSpan980" value="ⲡⲉⲓ"/>
		<feat xlink:href="#sSpan989" value="ϣⲁϫⲉ"/>
		<feat xlink:href="#sSpan991" value="ⲡⲉ"/>
		<feat xlink:href="#sSpan995" value="·"/>
		<feat xlink:href="#sSpan999" value="ϫⲉ"/>
		<feat xlink:href="#sSpan1004" value="ⲡⲁⲣⲁ"/>
		<feat xlink:href="#sSpan1007" value="ⲧⲣⲉ"/>
		<feat xlink:href="#sSpan1009" value="ⲛ"/>
		<feat xlink:href="#sSpan1011" value="ϣⲉⲡ"/>
		<feat xlink:href="#sSpan1013" value="·"/>
		<feat xlink:href="#sSpan1017" value="ⲟⲩ"/>
		<feat xlink:href="#sSpan1025" value="ⲕⲟⲩⲓ"/>
		<feat xlink:href="#sSpan1027" value="·"/>
		<feat xlink:href="#sSpan1031" value="ⲛ"/>
		<feat xlink:href="#sSpan1035" value="ϩⲓⲥⲉ"/>
		<feat xlink:href="#sSpan1037" value="ⲡⲉ"/>
		<feat xlink:href="#sSpan1042" value="ⲡⲁⲣⲁ"/>
		<feat xlink:href="#sSpan1047" value="ⲧⲣⲉ"/>
		<feat xlink:href="#sSpan1049" value="ⲛ"/>
		<feat xlink:href="#sSpan1051" value="ⲛⲉϩⲥⲉ"/>
		<feat xlink:href="#sSpan1053" value="ⲙⲙⲟ"/>
		<feat xlink:href="#sSpan1058" value="ϥ"/>
		<feat xlink:href="#sSpan1060" value="ⲛϩⲏⲧ"/>
		<feat xlink:href="#sSpan1064" value="ⲛ"/>
		<feat xlink:href="#sSpan1066" value="ⲡⲉ"/>
		<feat xlink:href="#sSpan1071" value="·"/>
		<feat xlink:href="#sSpan1076" value="ⲡⲁⲣⲁ"/>
		<feat xlink:href="#sSpan1080" value="ⲧⲣⲉ"/>
		<feat xlink:href="#sSpan1082" value="ⲛ"/>
		<feat xlink:href="#sSpan1084" value="ϭⲉⲗⲡ"/>
		<feat xlink:href="#sSpan1087" value="·"/>
		<feat xlink:href="#sSpan1089" value="ⲡⲉⲛ"/>
		<feat xlink:href="#sSpan1092" value="ϩⲏⲧ"/>
		<feat xlink:href="#sSpan1094" value="ⲛⲁ"/>
		<feat xlink:href="#sSpan1099" value="ϥ"/>
		<feat xlink:href="#sSpan1101" value="ⲉⲃⲟⲗ"/>
		<feat xlink:href="#sSpan1105" value="ⲡⲉ"/>
		<feat xlink:href="#sSpan1109" value="·"/>
		<feat xlink:href="#sSpan1114" value="ⲟⲩⲛ"/>
		<feat xlink:href="#sSpan1123" value="ⲟⲩ"/>
		<feat xlink:href="#sSpan1127" value="ⲉⲓⲇⲟⲥ"/>
		<feat xlink:href="#sSpan1129" value="ϣⲟⲟⲡ"/>
		<feat xlink:href="#sSpan1133" value="ⲉ"/>
		<feat xlink:href="#sSpan1138" value="ϣⲁⲣⲉ"/>
		<feat xlink:href="#sSpan1140" value="ⲛ"/>
		<feat xlink:href="#sSpan1143" value="ⲣⲱⲙⲉ"/>
		<feat xlink:href="#sSpan1145" value="ⲛⲧ"/>
		<feat xlink:href="#sSpan1150" value="ⲁ"/>
		<feat xlink:href="#sSpan1152" value="ⲛ"/>
		<feat xlink:href="#sSpan1154" value="ϫⲟ"/>
		<feat xlink:href="#sSpan1156" value="ⲟⲩ"/>
		<feat xlink:href="#sSpan1158" value="·"/>
		<feat xlink:href="#sSpan1162" value="ⲛⲟϫ"/>
		<feat xlink:href="#sSpan1166" value="ϥ"/>
		<feat xlink:href="#sSpan1168" value="ⲉ"/>
		<feat xlink:href="#sSpan1173" value="ⲡ"/>
		<feat xlink:href="#sSpan1176" value="ⲙⲟⲟⲩ"/>
		<feat xlink:href="#sSpan1178" value="·"/>
		<feat xlink:href="#sSpan1182" value="ⲛ"/>
		<feat xlink:href="#sSpan1186" value="ϥ"/>
		<feat xlink:href="#sSpan1188" value="ϭⲗⲟⲙⲗⲙ"/>
		<feat xlink:href="#sSpan1191" value="ⲉϩⲟⲩⲛ"/>
		<feat xlink:href="#sSpan1195" value="ⲉ"/>
		<feat xlink:href="#sSpan1199" value="ⲡ"/>
		<feat xlink:href="#sSpan1202" value="ⲛⲟⲩⲃ"/>
		<feat xlink:href="#sSpan1204" value="ⲁⲩⲱ"/>
		<feat xlink:href="#sSpan1209" value="ⲉ"/>
		<feat xlink:href="#sSpan1213" value="ⲡ"/>
		<feat xlink:href="#sSpan1216" value="ϩⲁⲧ"/>
		<feat xlink:href="#sSpan1218" value="·"/>
		<feat xlink:href="#sSpan1222" value="ϣⲁⲛⲧⲉ"/>
		<feat xlink:href="#sSpan1227" value="ⲛ"/>
		<feat xlink:href="#sSpan1230" value="ⲉⲧ"/>
		<feat xlink:href="#sSpan1232" value="ⲕⲱⲧⲉ"/>
		<feat xlink:href="#sSpan1234" value="ϩ︤ⲛ︥"/>
		<feat xlink:href="#sSpan1238" value="ⲙ"/>
		<feat xlink:href="#sSpan1242" value="ⲙⲟⲟⲩ"/>
		<feat xlink:href="#sSpan1244" value="·"/>
		<feat xlink:href="#sSpan1248" value="ⲉⲧ"/>
		<feat xlink:href="#sSpan1252" value="ⲧⲏϩ"/>
		<feat xlink:href="#sSpan1254" value="ϩⲉ"/>
		<feat xlink:href="#sSpan1258" value="ⲉⲣⲟ"/>
		<feat xlink:href="#sSpan1263" value="ϥ"/>
		<feat xlink:href="#sSpan1265" value="·"/>
		<feat xlink:href="#sSpan1271" value="ⲛⲧⲟⲕ"/>
		<feat xlink:href="#sSpan1279" value="ϩⲱⲱ"/>
		<feat xlink:href="#sSpan1283" value="ⲕ"/>
		<feat xlink:href="#sSpan1286" value="ⲱ"/>
		<feat xlink:href="#sSpan1290" value="ⲡ"/>
		<feat xlink:href="#sSpan1295" value="ⲣⲱⲙⲉ"/>
		<feat xlink:href="#sSpan1298" value="ⲉⲧ"/>
		<feat xlink:href="#sSpan1302" value="ⲟⲩ"/>
		<feat xlink:href="#sSpan1304" value="ⲕⲱⲧⲉ"/>
		<feat xlink:href="#sSpan1306" value="ⲛⲥⲱ"/>
		<feat xlink:href="#sSpan1311" value="ϥ"/>
		<feat xlink:href="#sSpan1313" value="ⲉⲃⲟⲗ"/>
		<feat xlink:href="#sSpan1317" value="ϩⲓⲧⲛ"/>
		<feat xlink:href="#sSpan1321" value="ⲛ"/>
		<feat xlink:href="#sSpan1325" value="ⲧⲱϩⲙ"/>
		<feat xlink:href="#sSpan1327" value="·"/>
		<feat xlink:href="#sSpan1331" value="ⲛ"/>
		<feat xlink:href="#sSpan1335" value="ⲛⲉ"/>
		<feat xlink:href="#sSpan1339" value="ⲅⲣⲁⲫⲏ"/>
		<feat xlink:href="#sSpan1342" value="·"/>
		<feat xlink:href="#sSpan1346" value="ⲉ"/>
		<feat xlink:href="#sSpan1351" value="ⲙⲉⲧⲁⲛⲟⲉⲓ"/>
		<feat xlink:href="#sSpan1353" value="·"/>
		<feat xlink:href="#sSpan1357" value="ⲙⲁⲣⲉ"/>
		<feat xlink:href="#sSpan1362" value="ⲡ"/>
		<feat xlink:href="#sSpan1366" value="ⲗⲟⲅⲟⲥ"/>
		<feat xlink:href="#sSpan1368" value="ⲙ̄"/>
		<feat xlink:href="#sSpan1372" value="ⲡ"/>
		<feat xlink:href="#sSpan1376" value="ⲛⲟⲩⲧⲉ"/>
		<feat xlink:href="#sSpan1378" value="ϭⲗⲟⲙⲗ︤ⲙ︥"/>
		<feat xlink:href="#sSpan1382" value="ⲉϩⲟⲩⲛ"/>
		<feat xlink:href="#sSpan1387" value="ⲉⲣⲟ"/>
		<feat xlink:href="#sSpan1391" value="ⲕ"/>
		<feat xlink:href="#sSpan1393" value="ⲛ"/>
		<feat xlink:href="#sSpan1397" value="ϥ"/>
		<feat xlink:href="#sSpan1399" value="ⲁⲙⲁϩⲧⲉ"/>
		<feat xlink:href="#sSpan1402" value="ⲙⲙⲟ"/>
		<feat xlink:href="#sSpan1406" value="ⲕ"/>
		<feat xlink:href="#sSpan1409" value="ϣⲁⲛⲧⲉ"/>
		<feat xlink:href="#sSpan1414" value="ⲛ"/>
		<feat xlink:href="#sSpan1417" value="ⲉⲧ"/>
		<feat xlink:href="#sSpan1419" value="ϣⲓⲛⲉ"/>
		<feat xlink:href="#sSpan1421" value="ⲛⲥⲱ"/>
		<feat xlink:href="#sSpan1426" value="ⲕ"/>
		<feat xlink:href="#sSpan1428" value="·"/>
		<feat xlink:href="#sSpan1432" value="ⲧⲟⲕⲙ"/>
		<feat xlink:href="#sSpan1436" value="ⲉⲕ"/>
		<feat xlink:href="#sSpan1438" value="ⲉϩⲣⲁⲓ"/>
		<feat xlink:href="#sSpan1443" value="ϩⲛ"/>
		<feat xlink:href="#sSpan1447" value="ⲧ"/>
		<feat xlink:href="#sSpan1450" value="ⲗⲟⲓϩⲉ"/>
		<feat xlink:href="#sSpan1452" value="ⲙ"/>
		<feat xlink:href="#sSpan1457" value="ⲡ"/>
		<feat xlink:href="#sSpan1460" value="ⲛⲟⲃⲉ"/>
		<feat xlink:href="#sSpan1462" value="ⲛⲧⲉ"/>
		<feat xlink:href="#sSpan1466" value="ⲟⲩ"/>
		<feat xlink:href="#sSpan1469" value="ⲣⲁϣⲉ"/>
		<feat xlink:href="#sSpan1472" value="ϣⲱⲡⲉ"/>
		<feat xlink:href="#sSpan1476" value="ⲙ"/>
		<feat xlink:href="#sSpan1480" value="ⲡ"/>
		<feat xlink:href="#sSpan1484" value="ⲉⲧ"/>
		<feat xlink:href="#sSpan1486" value="ϣⲁϫⲉ"/>
		<feat xlink:href="#sSpan1488" value="ϩⲙ"/>
		<feat xlink:href="#sSpan1492" value="ⲡ"/>
		<feat xlink:href="#sSpan1497" value="ⲙⲁ"/>
		<feat xlink:href="#sSpan1499" value="ⲛ"/>
		<feat xlink:href="#sSpan1504" value="ϯⲥⲃⲱ"/>
		<feat xlink:href="#sSpan1508" value="·"/>
		<feat xlink:href="#sSpan1512" value="ⲛⲧⲉ"/>
		<feat xlink:href="#sSpan1517" value="ⲡ"/>
		<feat xlink:href="#sSpan1520" value="ⲉⲧ"/>
		<feat xlink:href="#sSpan1522" value="ⲥⲱⲧ︤ⲙ︥"/>
		<feat xlink:href="#sSpan1525" value="ⲇⲉ"/>
		<feat xlink:href="#sSpan1530" value="ⲟⲛ"/>
		<feat xlink:href="#sSpan1536" value="ϯϩⲏⲩ"/>
		<feat xlink:href="#sSpan1541" value="ⲛ"/>
		<feat xlink:href="#sSpan1545" value="ⲧⲉϥ"/>
		<feat xlink:href="#sSpan1549" value="ⲯⲩⲭⲏ"/>
		<feat xlink:href="#sSpan1552" value="·"/>
		<feat xlink:href="#sSpan1556" value="ⲁⲩⲱ"/>
		<feat xlink:href="#sSpan1560" value="ⲛ"/>
		<feat xlink:href="#sSpan1564" value="ϥ"/>
		<feat xlink:href="#sSpan1566" value="ⲧ︤ⲙ︥"/>
		<feat xlink:href="#sSpan1569" value="ϯⲟⲥⲉ"/>
		<feat xlink:href="#sSpan1573" value="ⲙⲙⲟ"/>
		<feat xlink:href="#sSpan1577" value="ϥ"/>
		<feat xlink:href="#sSpan1579" value="·"/>
		<feat xlink:href="#sSpan1584" value="ⲉϣϫⲉ"/>
		<feat xlink:href="#sSpan1593" value="ⲉⲧⲃⲉ"/>
		<feat xlink:href="#sSpan1596" value="ⲟⲩ"/>
		<feat xlink:href="#sSpan1598" value="ⲕⲧⲟ"/>
		<feat xlink:href="#sSpan1600" value="ⲉ"/>
		<feat xlink:href="#sSpan1605" value="ⲡⲁϩⲟⲩ"/>
		<feat xlink:href="#sSpan1607" value="ⲙⲙⲁⲧⲉ"/>
		<feat xlink:href="#sSpan1611" value="ⲁ"/>
		<feat xlink:href="#sSpan1616" value="ⲑ"/>
		<feat xlink:href="#sSpan1619" value="ⲓⲙⲉ"/>
		<feat xlink:href="#sSpan1621" value="ⲛ"/>
		<feat xlink:href="#sSpan1625" value="ⲗⲱⲧ"/>
		<feat xlink:href="#sSpan1628" value="ⲡⲱⲱⲛⲉ"/>
		<feat xlink:href="#sSpan1633" value="·"/>
		<feat xlink:href="#sSpan1638" value="ⲁⲛⲧⲓ"/>
		<feat xlink:href="#sSpan1642" value="ⲟⲩ"/>
		<feat xlink:href="#sSpan1645" value="ⲥϩⲓⲙⲉ"/>
		<feat xlink:href="#sSpan1648" value="·"/>
		<feat xlink:href="#sSpan1652" value="ⲁ"/>
		<feat xlink:href="#sSpan1656" value="ⲥ"/>
		<feat xlink:href="#sSpan1658" value="ⲣ"/>
		<feat xlink:href="#sSpan1660" value="ⲟⲩ·"/>
		<feat xlink:href="#sSpan1663" value="ⲟⲩⲟⲉⲓⲧ"/>
		<feat xlink:href="#sSpan1665" value="ⲛ"/>
		<feat xlink:href="#sSpan1670" value="ϩⲙⲟⲩ"/>
		<feat xlink:href="#sSpan1674" value="ⲉⲧⲃⲉ"/>
		<feat xlink:href="#sSpan1683" value="ⲟⲩ"/>
		<feat xlink:href="#sSpan1687" value="ϩⲩⲡⲟⲕⲣⲓⲥⲓⲥ"/>
		<feat xlink:href="#sSpan1689" value="ϩⲱⲱ"/>
		<feat xlink:href="#sSpan1694" value="ⲕ"/>
		<feat xlink:href="#sSpan1696" value="ⲛ"/>
		<feat xlink:href="#sSpan1700" value="ⲣⲱⲙⲉ"/>
		<feat xlink:href="#sSpan1703" value="ⲙⲡⲣⲧⲣⲉ"/>
		<feat xlink:href="#sSpan1708" value="ⲧⲉⲕ"/>
		<feat xlink:href="#sSpan1711" value="ⲯⲩⲭⲏ"/>
		<feat xlink:href="#sSpan1714" value="ⲡⲱⲱⲛⲉ"/>
		<feat xlink:href="#sSpan1718" value="·"/>
		<feat xlink:href="#sSpan1722" value="ⲉ"/>
		<feat xlink:href="#sSpan1727" value="ⲡ"/>
		<feat xlink:href="#sSpan1730" value="ⲙⲁ"/>
		<feat xlink:href="#sSpan1732" value="ⲛ"/>
		<feat xlink:href="#sSpan1736" value="ⲛⲣϣⲁⲩ"/>
		<feat xlink:href="#sSpan1738" value="ⲛ"/>
		<feat xlink:href="#sSpan1743" value="ⲥ"/>
		<feat xlink:href="#sSpan1745" value="ⲣⲁⲧϣⲁⲩ"/>
		<feat xlink:href="#sSpan1748" value="ⲡ"/>
		<feat xlink:href="#sSpan1757" value="ϣⲱϥ"/>
		<feat xlink:href="#sSpan1759" value="ⲛ"/>
		<feat xlink:href="#sSpan1763" value="ⲧⲉ"/>
		<feat xlink:href="#sSpan1767" value="ⲯⲩⲭⲏ"/>
		<feat xlink:href="#sSpan1769" value="ⲛ"/>
		<feat xlink:href="#sSpan1774" value="ϩⲉⲛ"/>
		<feat xlink:href="#sSpan1777" value="ⲣⲱⲙⲉ"/>
		<feat xlink:href="#sSpan1779" value="ⲉ"/>
		<feat xlink:href="#sSpan1783" value="ⲩ"/>
		<feat xlink:href="#sSpan1786" value="ⲁⲣⲭⲉⲓ"/>
		<feat xlink:href="#sSpan1789" value="ⲙⲛ"/>
		<feat xlink:href="#sSpan1793" value="ⲛ"/>
		<feat xlink:href="#sSpan1796" value="ⲉⲧ"/>
		<feat xlink:href="#sSpan1798" value="ⲟⲩ"/>
		<feat xlink:href="#sSpan1801" value="ⲁⲣⲭⲉⲓ"/>
		<feat xlink:href="#sSpan1804" value="ⲉϫⲱ"/>
		<feat xlink:href="#sSpan1808" value="ⲟⲩ"/>
		<feat xlink:href="#sSpan1810" value="ⲡⲉ"/>
		<feat xlink:href="#sSpan1814" value="ϫⲟⲟ"/>
		<feat xlink:href="#sSpan1819" value="ⲥ"/>
		<feat xlink:href="#sSpan1821" value="ϫⲉ"/>
		<feat xlink:href="#sSpan1825" value="ⲡ"/>
		<feat xlink:href="#sSpan1828" value="ϩⲏⲧ"/>
		<feat xlink:href="#sSpan1830" value="·"/>
		<feat xlink:href="#sSpan1834" value="ⲙ̄"/>
		<feat xlink:href="#sSpan1838" value="ⲡ"/>
		<feat xlink:href="#sSpan1842" value="ⲉⲧ"/>
		<feat xlink:href="#sSpan1845" value="ϣⲟⲃⲧ"/>
		<feat xlink:href="#sSpan1847" value="ϩⲛ"/>
		<feat xlink:href="#sSpan1851" value="ⲟⲩ"/>
		<feat xlink:href="#sSpan1854" value="ϩⲱⲃ"/>
		<feat xlink:href="#sSpan1857" value="ⲛⲁ"/>
		<feat xlink:href="#sSpan1861" value="ⲙⲕⲁϩ"/>
		<feat xlink:href="#sSpan1863" value="·"/>
		<feat xlink:href="#sSpan1867" value="ⲉⲣⲟ"/>
		<feat xlink:href="#sSpan1872" value="ⲓ"/>
		<feat xlink:href="#sSpan1874" value="ⲉⲓϣⲁⲛ"/>
		<feat xlink:href="#sSpan1878" value="ϫⲡⲓⲟ"/>
		<feat xlink:href="#sSpan1880" value="ϥ"/>
		<feat xlink:href="#sSpan1882" value="ⲡ"/>
		<feat xlink:href="#sSpan1889" value="ⲁⲑⲏⲧ"/>
		<feat xlink:href="#sSpan1892" value="ⲛ"/>
		<feat xlink:href="#sSpan1896" value="ⲥ"/>
		<feat xlink:href="#sSpan1898" value="ⲥⲟⲧⲡ"/>
		<feat xlink:href="#sSpan1900" value="ⲁⲛ"/>
		<feat xlink:href="#sSpan1905" value="·"/>
		<feat xlink:href="#sSpan1909" value="ⲉ"/>
		<feat xlink:href="#sSpan1913" value="ⲧⲣⲉ"/>
		<feat xlink:href="#sSpan1915" value="ϩⲉⲛ"/>
		<feat xlink:href="#sSpan1918" value="ⲣⲱⲙⲉ"/>
		<feat xlink:href="#sSpan1920" value="ⲙⲕⲁϩ"/>
		<feat xlink:href="#sSpan1925" value="ⲛ"/>
		<feat xlink:href="#sSpan1929" value="ϩⲏⲧ"/>
		<feat xlink:href="#sSpan1931" value="ⲉⲣⲟ"/>
		<feat xlink:href="#sSpan1935" value="ⲕ"/>
		<feat xlink:href="#sSpan1937" value="ⲛ"/>
		<feat xlink:href="#sSpan1942" value="ϩⲟⲩⲟ"/>
		<feat xlink:href="#sSpan1944" value="ⲉ"/>
		<feat xlink:href="#sSpan1948" value="ⲧⲣⲉ"/>
		<feat xlink:href="#sSpan1950" value="ⲡ"/>
		<feat xlink:href="#sSpan1953" value="ⲛⲟⲩⲧⲉ"/>
		<feat xlink:href="#sSpan1956" value="ϭⲱⲛⲧ"/>
		<feat xlink:href="#sSpan1960" value="ⲉⲣⲟ"/>
		<feat xlink:href="#sSpan1964" value="ⲕ"/>
		<feat xlink:href="#sSpan1966" value="ⲛ︤ⲙ︥ⲙⲁ"/>
		<feat xlink:href="#sSpan1973" value="ⲩ"/>
		<feat xlink:href="#sSpan1975" value="ⲛ"/>
		<feat xlink:href="#sSpan1983" value="ⲁϣ"/>
		<feat xlink:href="#sSpan1985" value="ⲛ"/>
		<feat xlink:href="#sSpan1989" value="ϩⲉ"/>
		<feat xlink:href="#sSpan1992" value="ⲛ"/>
		<feat xlink:href="#sSpan1997" value="ϥ"/>
		<feat xlink:href="#sSpan1999" value="ⲛⲁ"/>
		<feat xlink:href="#sSpan2001" value="ϭⲱⲛⲧ"/>
		<feat xlink:href="#sSpan2003" value="·"/>
		<feat xlink:href="#sSpan2007" value="ⲁⲛ"/>
		<feat xlink:href="#sSpan2011" value="ⲉⲕϣⲁⲛ"/>
		<feat xlink:href="#sSpan2017" value="ⲁⲛⲉⲭⲉ"/>
		<feat xlink:href="#sSpan2019" value="ⲛ"/>
		<feat xlink:href="#sSpan2024" value="ⲛ"/>
		<feat xlink:href="#sSpan2027" value="ⲉⲧ"/>
		<feat xlink:href="#sSpan2029" value="ⲉⲓⲣⲉ"/>
		<feat xlink:href="#sSpan2031" value="·"/>
		<feat xlink:href="#sSpan2035" value="ⲛ"/>
		<feat xlink:href="#sSpan2039" value="ⲛ"/>
		<feat xlink:href="#sSpan2042" value="ⲉⲧⲉ"/>
		<feat xlink:href="#sSpan2045" value="ⲙⲉ"/>
		<feat xlink:href="#sSpan2047" value="ϣϣⲉ"/>
		<feat xlink:href="#sSpan2049" value="ϩⲛ"/>
		<feat xlink:href="#sSpan2053" value="ⲛⲉϥ"/>
		<feat xlink:href="#sSpan2057" value="ⲙⲁ"/>
		<feat xlink:href="#sSpan2059" value="ⲉⲧ"/>
		<feat xlink:href="#sSpan2063" value="ⲟⲩⲁⲁⲃ"/>
		<feat xlink:href="#sSpan2065" value="ⲛⲁⲓ"/>
		<feat xlink:href="#sSpan2070" value="ⲛⲧ"/>
		<feat xlink:href="#sSpan2074" value="ⲁ"/>
		<feat xlink:href="#sSpan2076" value="ϥ"/>
		<feat xlink:href="#sSpan2078" value="ϩⲱⲛ"/>
		<feat xlink:href="#sSpan2080" value="ⲉⲧⲃⲏⲏⲧ"/>
		<feat xlink:href="#sSpan2085" value="ⲟⲩ"/>
		<feat xlink:href="#sSpan2087" value="·"/>
		<feat xlink:href="#sSpan2091" value="ϩⲓⲧⲙ"/>
		<feat xlink:href="#sSpan2096" value="ⲙⲱⲩⲥⲏⲥ"/>
		<feat xlink:href="#sSpan2100" value="ϫⲉ"/>
		<feat xlink:href="#sSpan2104" value="ⲉ"/>
		<feat xlink:href="#sSpan2106" value="ⲧⲉⲧ"/>
		<feat xlink:href="#sSpan2109" value="ⲛⲁ"/>
		<feat xlink:href="#sSpan2112" value="ⲣϩⲟⲧⲉ"/>
		<feat xlink:href="#sSpan2115" value="ϩⲏⲧ"/>
		<feat xlink:href="#sSpan2119" value="ⲟⲩ"/>
		<feat xlink:href="#sSpan2121" value="ⲛ"/>
		<feat xlink:href="#sSpan2126" value="ⲛⲁ"/>
		<feat xlink:href="#sSpan2129" value="ⲙⲁ"/>
		<feat xlink:href="#sSpan2131" value="ⲉⲧ"/>
		<feat xlink:href="#sSpan2135" value="ⲟⲩⲁⲁⲃ"/>
		<feat xlink:href="#sSpan2137" value="·"/>
		<feat xlink:href="#sSpan2142" value="ϣϣⲉ"/>
		<feat xlink:href="#sSpan2151" value="ⲅⲁⲣ"/>
		<feat xlink:href="#sSpan2155" value="·"/>
		<feat xlink:href="#sSpan2160" value="ⲁⲗⲏⲑⲱⲥ"/>
		<feat xlink:href="#sSpan2164" value="ⲉ"/>
		<feat xlink:href="#sSpan2169" value="ⲥⲧⲱⲧ"/>
		<feat xlink:href="#sSpan2171" value="·"/>
		<feat xlink:href="#sSpan2175" value="ⲁⲩⲱ"/>
		<feat xlink:href="#sSpan2179" value="ⲉ"/>
		<feat xlink:href="#sSpan2183" value="ⲛⲉϩϣⲗϥ"/>
		<feat xlink:href="#sSpan2186" value="ϩⲏⲧ"/>
		<feat xlink:href="#sSpan2190" value="ⲟⲩ"/>
		<feat xlink:href="#sSpan2192" value="ⲛ"/>
		<feat xlink:href="#sSpan2197" value="ⲙ"/>
		<feat xlink:href="#sSpan2200" value="ⲙⲁ"/>
		<feat xlink:href="#sSpan2202" value="ⲉⲧ"/>
		<feat xlink:href="#sSpan2206" value="ⲟⲩⲁⲁⲃ"/>
		<feat xlink:href="#sSpan2208" value="ⲉⲧⲉ"/>
		<feat xlink:href="#sSpan2213" value="ⲧⲁⲓ"/>
		<feat xlink:href="#sSpan2216" value="ⲧⲉ"/>
		<feat xlink:href="#sSpan2220" value="ⲧ"/>
		<feat xlink:href="#sSpan2226" value="ⲉⲕⲕⲗⲏⲥⲓⲁ"/>
		<feat xlink:href="#sSpan2229" value="·"/>
		<feat xlink:href="#sSpan2233" value="ⲙ"/>
		<feat xlink:href="#sSpan2237" value="ⲡ"/>
		<feat xlink:href="#sSpan2240" value="ⲛⲟⲩⲧⲉ"/>
		<feat xlink:href="#sSpan2243" value="·"/>
		<feat xlink:href="#sSpan2247" value="ⲧⲁⲓ"/>
		<feat xlink:href="#sSpan2251" value="ⲛⲧ"/>
		<feat xlink:href="#sSpan2255" value="ⲁ"/>
		<feat xlink:href="#sSpan2257" value="ⲡ"/>
		<feat xlink:href="#sSpan2261" value="ⲙⲁⲕⲁⲣⲓⲟⲥ"/>
		<feat xlink:href="#sSpan2265" value="ⲓⲁⲕⲱⲃ"/>
		<feat xlink:href="#sSpan2269" value="·"/>
		<feat xlink:href="#sSpan2274" value="ⲣϣⲣⲡⲛⲁⲩ"/>
		<feat xlink:href="#sSpan2281" value="ⲉⲣⲟ"/>
		<feat xlink:href="#sSpan2285" value="ⲥ"/>
		<feat xlink:href="#sSpan2287" value="ⲁ"/>
		<feat xlink:href="#sSpan2292" value="ϥ"/>
		<feat xlink:href="#sSpan2295" value="ⲣϩⲟⲧⲉ"/>
		<feat xlink:href="#sSpan2298" value="·"/>
		<feat xlink:href="#sSpan2303" value="ⲛ"/>
		<feat xlink:href="#sSpan2311" value="ⲑ"/>
		<feat xlink:href="#sSpan2313" value="ⲉ"/>
		<feat xlink:href="#sSpan2315" value="ⲉⲧ"/>
		<feat xlink:href="#sSpan2319" value="ⲥⲏϩ"/>
		<feat xlink:href="#sSpan2321" value="ϫⲉ"/>
		<feat xlink:href="#sSpan2325" value="ⲁ"/>
		<feat xlink:href="#sSpan2327" value="ϥ"/>
		<feat xlink:href="#sSpan2330" value="ⲧⲱⲙⲛⲧ"/>
		<feat xlink:href="#sSpan2333" value="ⲉ"/>
		<feat xlink:href="#sSpan2337" value="ⲩ"/>
		<feat xlink:href="#sSpan2340" value="ⲙⲁ"/>
		<feat xlink:href="#sSpan2342" value="ⲁ"/>
		<feat xlink:href="#sSpan2347" value="ϥ"/>
		<feat xlink:href="#sSpan2349" value="ⲛⲕⲟⲧⲕ"/>
		<feat xlink:href="#sSpan2351" value="ⲙ"/>
		<feat xlink:href="#sSpan2355" value="ⲡ"/>
		<feat xlink:href="#sSpan2358" value="ⲙⲁ"/>
		<feat xlink:href="#sSpan2360" value="ⲉⲧ"/>
		<feat xlink:href="#sSpan2365" value="ⲙⲙⲁⲩ"/>
		<feat xlink:href="#sSpan2367" value="·"/>
		<feat xlink:href="#sSpan2371" value="ⲁ"/>
		<feat xlink:href="#sSpan2375" value="ϥ"/>
		<feat xlink:href="#sSpan2377" value="ⲡⲱⲱⲣⲉ"/>
		<feat xlink:href="#sSpan2380" value="ⲛ"/>
		<feat xlink:href="#sSpan2384" value="ⲟⲩ"/>
		<feat xlink:href="#sSpan2387" value="ⲣⲁⲥⲟⲩ"/>
		<feat xlink:href="#sSpan2389" value="ⲁⲩⲱ"/>
		<feat xlink:href="#sSpan2394" value="ⲉⲓⲥ"/>
		<feat xlink:href="#sSpan2398" value="ⲟⲩ"/>
		<feat xlink:href="#sSpan2401" value="ϭⲗⲟⲟϭⲉ"/>
		<feat xlink:href="#sSpan2404" value="ⲉⲣⲉ"/>
		<feat xlink:href="#sSpan2409" value="ⲧⲉⲥ"/>
		<feat xlink:href="#sSpan2412" value="ⲁⲡⲉ"/>
		<feat xlink:href="#sSpan2414" value="ⲡⲏϩ"/>
		<feat xlink:href="#sSpan2418" value="ϣⲁϩⲣⲁⲓ"/>
		<feat xlink:href="#sSpan2423" value="ⲉ"/>
		<feat xlink:href="#sSpan2427" value="ⲧ"/>
		<feat xlink:href="#sSpan2430" value="ⲡⲉ"/>
		<feat xlink:href="#sSpan2432" value="·"/>
		<feat xlink:href="#sSpan2436" value="ⲉⲣⲉ"/>
		<feat xlink:href="#sSpan2440" value="ⲛ"/>
		<feat xlink:href="#sSpan2446" value="ⲁⲅⲅⲉⲗⲟⲥ"/>
		<feat xlink:href="#sSpan2448" value="ⲛⲁ"/>
		<feat xlink:href="#sSpan2452" value="·"/>
		<feat xlink:href="#sSpan2456" value="ⲉϩⲣⲁⲓ"/>
		<feat xlink:href="#sSpan2461" value="ⲉ"/>
		<feat xlink:href="#sSpan2465" value="ⲩ"/>
		<feat xlink:href="#sSpan2467" value="ⲛⲏⲩ"/>
		<feat xlink:href="#sSpan2469" value="·"/>
		<feat xlink:href="#sSpan2473" value="ⲉ"/>
		<feat xlink:href="#sSpan2477" value="ⲡ"/>
		<feat xlink:href="#sSpan2479" value="ⲉⲥⲏⲧ"/>
		<feat xlink:href="#sSpan2482" value="ϩⲓⲱⲱ"/>
		<feat xlink:href="#sSpan2486" value="ⲥ"/>
		<feat xlink:href="#sSpan2488" value="ⲡ"/>
		<feat xlink:href="#sSpan2494" value="ϫⲟⲉⲓⲥ"/>
		<feat xlink:href="#sSpan2497" value="ⲇⲉ"/>
		<feat xlink:href="#sSpan2501" value="ⲛⲉ"/>
		<feat xlink:href="#sSpan2505" value="ϥ"/>
		<feat xlink:href="#sSpan2507" value="ⲧⲁϫⲣⲏⲩ"/>
		<feat xlink:href="#sSpan2510" value="ⲉϩⲣⲁⲓ"/>
		<feat xlink:href="#sSpan2514" value="ⲉϫⲱ"/>
		<feat xlink:href="#sSpan2518" value="ⲥ"/>
		<feat xlink:href="#sSpan2521" value="ⲁⲩⲱ"/>
		<feat xlink:href="#sSpan2529" value="ⲙⲛⲛⲥⲱ"/>
		<feat xlink:href="#sSpan2533" value="ⲥ"/>
		<feat xlink:href="#sSpan2535" value="ⲡⲉϫⲁ"/>
		<feat xlink:href="#sSpan2540" value="ϥ"/>
		<feat xlink:href="#sSpan2542" value="ϫⲉ"/>
		<feat xlink:href="#sSpan2546" value="ⲁ"/>
		<feat xlink:href="#sSpan2548" value="ϥ"/>
		<feat xlink:href="#sSpan2551" value="ⲣϩⲟⲧⲉ"/>
		<feat xlink:href="#sSpan2554" value="ⲛϭⲓ"/>
		<feat xlink:href="#sSpan2560" value="ⲓⲁⲕⲱⲃ"/>
		<feat xlink:href="#sSpan2563" value="·"/>
		<feat xlink:href="#sSpan2567" value="ⲁⲩⲱ"/>
		<feat xlink:href="#sSpan2571" value="ⲁ"/>
		<feat xlink:href="#sSpan2576" value="ϥ"/>
		<feat xlink:href="#sSpan2579" value="ϩⲟⲙⲟⲗⲟⲅⲉⲓ"/>
		<feat xlink:href="#sSpan2581" value="ϫⲉ"/>
		<feat xlink:href="#sSpan2585" value="ⲡ"/>
		<feat xlink:href="#sSpan2589" value="ⲏⲓ"/>
		<feat xlink:href="#sSpan2591" value="ⲙ̄"/>
		<feat xlink:href="#sSpan2595" value="ⲡ"/>
		<feat xlink:href="#sSpan2598" value="ⲛⲟⲩⲧⲉ"/>
		<feat xlink:href="#sSpan2600" value="ⲡⲉ"/>
		<feat xlink:href="#sSpan2605" value="ⲡⲁⲓ"/>
		<feat xlink:href="#sSpan2610" value="·"/>
		<feat xlink:href="#sSpan2614" value="ⲁⲩⲱ"/>
		<feat xlink:href="#sSpan2618" value="ⲧⲁⲓ"/>
		<feat xlink:href="#sSpan2623" value="ⲧⲉ"/>
		<feat xlink:href="#sSpan2628" value="ⲧ"/>
		<feat xlink:href="#sSpan2634" value="ⲡⲩⲗⲏ"/>
		<feat xlink:href="#sSpan2636" value="ⲛ"/>
		<feat xlink:href="#sSpan2640" value="ⲧ"/>
		<feat xlink:href="#sSpan2643" value="ⲡⲉ"/>
		<feat xlink:href="#sSpan2646" value="ⲁϣ"/>
		<feat xlink:href="#sSpan2654" value="ϭⲉ"/>
		<feat xlink:href="#sSpan2658" value="ⲡⲉ"/>
		<feat xlink:href="#sSpan2662" value="ⲡ"/>
		<feat xlink:href="#sSpan2667" value="ⲙⲁ"/>
		<feat xlink:href="#sSpan2669" value="ⲉⲧⲉⲣⲉ"/>
		<feat xlink:href="#sSpan2674" value="ⲧⲉ"/>
		<feat xlink:href="#sSpan2677" value="ϭⲗⲟⲟϭⲉ"/>
		<feat xlink:href="#sSpan2679" value="ⲛϩⲏⲧ"/>
		<feat xlink:href="#sSpan2684" value="ϥ"/>
		<feat xlink:href="#sSpan2686" value="·"/>
		<feat xlink:href="#sSpan2690" value="ⲧⲁⲓ"/>
		<feat xlink:href="#sSpan2695" value="ⲉⲧⲉⲣⲉ"/>
		<feat xlink:href="#sSpan2699" value="ⲧⲉⲥ"/>
		<feat xlink:href="#sSpan2702" value="ⲁⲡⲉ"/>
		<feat xlink:href="#sSpan2705" value="ⲡⲏϩ"/>
		<feat xlink:href="#sSpan2709" value="ϣⲁϩⲣⲁⲓ"/>
		<feat xlink:href="#sSpan2713" value="ⲉ"/>
		<feat xlink:href="#sSpan2718" value="ⲧ"/>
		<feat xlink:href="#sSpan2721" value="ⲡⲉ"/>
		<feat xlink:href="#sSpan2724" value="ⲉⲓⲙⲏⲧⲉⲓ"/>
		<feat xlink:href="#sSpan2728" value="ⲧ"/>
		<feat xlink:href="#sSpan2735" value="ⲉⲕⲕⲗⲏⲥⲓⲁ"/>
		<feat xlink:href="#sSpan2737" value="·"/>
		<feat xlink:href="#sSpan2741" value="ⲙ̄"/>
		<feat xlink:href="#sSpan2745" value="ⲡ"/>
		<feat xlink:href="#sSpan2749" value="ⲛⲟⲩⲧⲉ"/>
		<feat xlink:href="#sSpan2751" value="ⲧⲁⲓ"/>
		<feat xlink:href="#sSpan2755" value="ⲉⲧⲉⲣⲉ"/>
		<feat xlink:href="#sSpan2760" value="ⲧⲉ"/>
		<feat xlink:href="#sSpan2763" value="ϩⲓⲏ"/>
		<feat xlink:href="#sSpan2765" value="ⲛ"/>
		<feat xlink:href="#sSpan2769" value="ⲃⲱⲕ"/>
		<feat xlink:href="#sSpan2772" value="ⲉϩⲣⲁⲓ"/>
		<feat xlink:href="#sSpan2777" value="ⲉ"/>
		<feat xlink:href="#sSpan2781" value="ⲧ"/>
		<feat xlink:href="#sSpan2784" value="ⲡⲉ"/>
		<feat xlink:href="#sSpan2786" value="ⲛϩⲏⲧ"/>
		<feat xlink:href="#sSpan2790" value="ⲥ"/>
		<feat xlink:href="#sSpan2792" value="ⲙⲁⲩⲁⲁ"/>
		<feat xlink:href="#sSpan2797" value="ⲥ"/>
		<feat xlink:href="#sSpan2799" value="ⲧⲁⲓ"/>
		<feat xlink:href="#sSpan2804" value="ⲉⲧⲉⲣⲉ"/>
		<feat xlink:href="#sSpan2809" value="ⲡ"/>
		<feat xlink:href="#sSpan2812" value="ⲛⲟⲩⲧⲉ"/>
		<feat xlink:href="#sSpan2814" value="ⲧⲁϫⲣⲏⲩ"/>
		<feat xlink:href="#sSpan2819" value="ⲉϩⲣⲁⲓ"/>
		<feat xlink:href="#sSpan2823" value="ⲉϫⲱ"/>
		<feat xlink:href="#sSpan2827" value="ⲥ"/>
		<feat xlink:href="#sSpan2830" value="ⲧⲁⲓ"/>
		<feat xlink:href="#sSpan2839" value="ⲟⲛ"/>
		<feat xlink:href="#sSpan2843" value="·"/>
		<feat xlink:href="#sSpan2847" value="ⲛ̄ⲧ"/>
		<feat xlink:href="#sSpan2851" value="ⲁ"/>
		<feat xlink:href="#sSpan2853" value="ⲡ"/>
		<feat xlink:href="#sSpan2857" value="ⲡⲁⲧⲣⲓⲁⲣⲭⲏⲥ"/>
		<feat xlink:href="#sSpan2860" value="ⲛⲁⲩ"/>
		<feat xlink:href="#sSpan2864" value="ⲉⲣⲟ"/>
		<feat xlink:href="#sSpan2868" value="ⲥ"/>
		<feat xlink:href="#sSpan2870" value="ⲁ"/>
		<feat xlink:href="#sSpan2875" value="ϥ"/>
		<feat xlink:href="#sSpan2877" value="ϫⲟⲟ"/>
		<feat xlink:href="#sSpan2879" value="ⲥ"/>
		<feat xlink:href="#sSpan2881" value="ϩ︤ⲛ︥"/>
		<feat xlink:href="#sSpan2885" value="ⲟⲩ"/>
		<feat xlink:href="#sSpan2888" value="ϩⲟⲧⲉ"/>
		<feat xlink:href="#sSpan2890" value="ϫⲉ"/>
		<feat xlink:href="#sSpan2895" value="ⲡ"/>
		<feat xlink:href="#sSpan2898" value="ⲏⲓ"/>
		<feat xlink:href="#sSpan2900" value="ⲙ"/>
		<feat xlink:href="#sSpan2904" value="ⲡ"/>
		<feat xlink:href="#sSpan2907" value="ⲛⲟⲩⲧⲉ"/>
		<feat xlink:href="#sSpan2910" value="ⲡⲉ"/>
		<feat xlink:href="#sSpan2914" value="ⲡⲁⲓ"/>
		<feat xlink:href="#sSpan2919" value="·"/>
		<feat xlink:href="#sSpan2926" value="ⲁⲩⲱ"/></featList></paula>