<?xml version='1.0' encoding='UTF-8'?><!DOCTYPE paula SYSTEM "paula_feat.dtd">
<paula version="1.1">
	<header paula_id="scriptorium.martyrdom.victor.03.mark_multiword"/>
	<featList xmlns:xlink="http://www.w3.org/1999/xlink" type="multiword" xml:base="scriptorium.martyrdom.victor.03.mark.xml">
		<feat xlink:href="#sSpan176" value="ⲉⲧⲃⲉ ⲟⲩ"/>
		<feat xlink:href="#sSpan190" value="ⲥⲱⲧⲙ ⲛⲥⲁ"/>
		<feat xlink:href="#sSpan428" value="ϩⲟⲗⲱⲥ ⲣⲱ"/>
		<feat xlink:href="#sSpan697" value="ⲉⲃⲟⲗ ϩⲛ"/>
		<feat xlink:href="#sSpan730" value="ⲉⲃⲟⲗ ϩⲛ"/>
		<feat xlink:href="#sSpan900" value="ⲉⲧⲃⲉ ⲟⲩ"/>
		<feat xlink:href="#sSpan1017" value="ϩⲉ ⲉ"/>
		<feat xlink:href="#sSpan1096" value="ⲉⲃⲟⲗ ϩⲛ"/>
		<feat xlink:href="#sSpan1507" value="ⲟⲩⲟⲛ ⲛⲓⲙ"/>
		<feat xlink:href="#sSpan1563" value="ⲥⲱⲧⲙ ⲛⲥⲁ"/>
		<feat xlink:href="#sSpan1604" value="ⲉϣⲱⲡⲉ ⲙⲙⲟⲛ"/>
		<feat xlink:href="#sSpan1938" value="ⲉⲓⲛⲉ ⲛ"/>
		<feat xlink:href="#sSpan2512" value="ⲗⲟ ⲉ"/>
		<feat xlink:href="#sSpan2658" value="ⲛⲏⲩ ⲉ"/>
		<feat xlink:href="#sSpan2986" value="ⲉⲓⲙⲏⲧⲓ ⲉ"/>
		<feat xlink:href="#sSpan4339" value="ⲱϣ ⲉⲃⲟⲗ"/>
		<feat xlink:href="#sSpan5375" value="ⲟⲩⲟⲛ ⲛⲓⲙ"/>
		<feat xlink:href="#sSpan5980" value="ⲉⲧⲃⲉ ⲟⲩ"/>
		<feat xlink:href="#sSpan6395" value="ϩⲱⲃ ⲛⲓⲙ"/>
		<feat xlink:href="#sSpan6735" value="ⲉⲃⲟⲗ ϫⲉ"/>
		<feat xlink:href="#sSpan6877" value="ⲉⲃⲟⲗ ϫⲉ"/>
		<feat xlink:href="#sSpan6999" value="ⲣⲱϣⲉ ⲉ"/>
		<feat xlink:href="#sSpan7147" value="ϣⲓⲛⲉ ⲛⲥⲁ"/>
		<feat xlink:href="#sSpan7198" value="ⲉⲓⲛⲉ ⲛ"/></featList></paula>