<?xml version='1.0' encoding='UTF-8'?><!DOCTYPE paula SYSTEM "paula_feat.dtd">
<paula version="1.1">
	<header paula_id="scriptorium.martyrdom.victor.03.mark_norm_group"/>
	<featList xmlns:xlink="http://www.w3.org/1999/xlink" type="norm_group" xml:base="scriptorium.martyrdom.victor.03.mark.xml">
		<feat xlink:href="#sSpan4" value="ⲡⲇⲓⲁⲃⲟⲗⲟⲥ"/>
		<feat xlink:href="#sSpan17" value="ⲇⲉ"/>
		<feat xlink:href="#sSpan21" value="ⲁϥⲙⲉϩⲡϩⲏⲧ"/>
		<feat xlink:href="#sSpan33" value="ⲙⲡⲉⲓⲱⲧ"/>
		<feat xlink:href="#sSpan42" value="ⲛⲁⲡⲁ"/>
		<feat xlink:href="#sSpan51" value="ⲃⲓⲕⲧⲱⲣ"/>
		<feat xlink:href="#sSpan56" value="·"/>
		<feat xlink:href="#sSpan60" value="ⲁϥⲧⲣⲉⲩⲧⲁⲁϥ"/>
		<feat xlink:href="#sSpan74" value="ⲛⲇⲓⲟⲕⲗⲏϯⲁⲛⲟⲥ"/>
		<feat xlink:href="#sSpan82" value="ⲡⲣⲣⲟ"/>
		<feat xlink:href="#sSpan88" value=":—"/>
		<feat xlink:href="#sSpan93" value="ⲡⲣⲣⲟ"/>
		<feat xlink:href="#sSpan102" value="ⲇⲉ"/>
		<feat xlink:href="#sSpan107" value="ⲛⲧⲉⲣⲉϥϭⲱϣⲧ"/>
		<feat xlink:href="#sSpan115" value="ⲉϩⲟⲩⲛ"/>
		<feat xlink:href="#sSpan119" value="ϩⲙⲡϩⲟ"/>
		<feat xlink:href="#sSpan128" value="ⲛⲁⲡⲁ"/>
		<feat xlink:href="#sSpan137" value="ⲃⲓⲕⲧⲱⲣ"/>
		<feat xlink:href="#sSpan141" value="ⲡⲉϫⲁϥ"/>
		<feat xlink:href="#sSpan148" value="ⲛⲁϥ"/>
		<feat xlink:href="#sSpan154" value="·"/>
		<feat xlink:href="#sSpan158" value="ϫⲉⲛⲧⲟⲕ"/>
		<feat xlink:href="#sSpan166" value="ⲡⲉ"/>
		<feat xlink:href="#sSpan172" value="ⲃⲓⲕⲧⲱⲣ"/>
		<feat xlink:href="#sSpan177" value="ⲉⲧⲃⲉⲟⲩ"/>
		<feat xlink:href="#sSpan183" value="ⲙⲡⲉⲕⲥⲱⲧⲙ"/>
		<feat xlink:href="#sSpan193" value="ⲛⲥⲁⲡⲉⲕⲉⲓⲱⲧ"/>
		<feat xlink:href="#sSpan202" value="·"/>
		<feat xlink:href="#sSpan206" value="ⲛⲅⲟⲩⲱϣⲧ"/>
		<feat xlink:href="#sSpan214" value="ⲛⲛⲁⲛⲟⲩⲧⲉ"/>
		<feat xlink:href="#sSpan224" value="·"/>
		<feat xlink:href="#sSpan228" value="ⲉⲓⲉ"/>
		<feat xlink:href="#sSpan234" value="ⲛⲅⲥⲟⲟⲩⲛ"/>
		<feat xlink:href="#sSpan242" value="ⲁⲛ"/>
		<feat xlink:href="#sSpan246" value="ϫⲉⲟⲩⲛⲧⲁⲓ"/>
		<feat xlink:href="#sSpan255" value="ⲧⲉⲝⲟⲩⲥⲓⲁ"/>
		<feat xlink:href="#sSpan262" value="ⲉϩⲟⲩⲛ"/>
		<feat xlink:href="#sSpan267" value="ⲉⲣⲟⲕ"/>
		<feat xlink:href="#sSpan273" value="·"/>
		<feat xlink:href="#sSpan278" value="ⲁⲡⲁ"/>
		<feat xlink:href="#sSpan286" value="ⲃⲓⲕⲧⲱⲣ"/>
		<feat xlink:href="#sSpan291" value="ⲇⲉ"/>
		<feat xlink:href="#sSpan295" value="ⲁϥⲃⲟⲗϥ"/>
		<feat xlink:href="#sSpan305" value="ⲙⲡϥⲙⲟⲩⲥ"/>
		<feat xlink:href="#sSpan316" value="ⲛⲛⲟⲩⲃ"/>
		<feat xlink:href="#sSpan323" value="·"/>
		<feat xlink:href="#sSpan327" value="ⲁⲩⲱ"/>
		<feat xlink:href="#sSpan331" value="ⲁϥⲃⲟϣϥ"/>
		<feat xlink:href="#sSpan341" value="ⲙⲡⲉϥϩⲱⲕ"/>
		<feat xlink:href="#sSpan350" value="·"/>
		<feat xlink:href="#sSpan354" value="ⲉⲧⲧⲟ"/>
		<feat xlink:href="#sSpan361" value="ϩⲓⲱⲱϥ"/>
		<feat xlink:href="#sSpan367" value="·"/>
		<feat xlink:href="#sSpan371" value="ⲁϥⲛⲟϫⲟⲩ"/>
		<feat xlink:href="#sSpan381" value="ⲉϩⲟⲩⲛ"/>
		<feat xlink:href="#sSpan385" value="ϩⲙⲡϩⲟ"/>
		<feat xlink:href="#sSpan394" value="ⲛⲇⲓⲟⲕⲗⲏϯⲁⲛⲟⲥ"/>
		<feat xlink:href="#sSpan403" value="ⲉϥϫⲱ"/>
		<feat xlink:href="#sSpan411" value="ⲙⲙⲟⲥ"/>
		<feat xlink:href="#sSpan417" value="·"/>
		<feat xlink:href="#sSpan421" value="ϫⲉϩⲟⲗⲱⲥ"/>
		<feat xlink:href="#sSpan432" value="ⲣⲱ"/>
		<feat xlink:href="#sSpan436" value="ⲁⲛⲅⲟⲩⲙⲁⲧⲟⲓ"/>
		<feat xlink:href="#sSpan445" value="ⲁⲛ"/>
		<feat xlink:href="#sSpan449" value="·"/>
		<feat xlink:href="#sSpan454" value="ⲟⲩⲇⲉ"/>
		<feat xlink:href="#sSpan458" value="ⲛϯϩⲏⲕ"/>
		<feat xlink:href="#sSpan466" value="ⲁⲛ"/>
		<feat xlink:href="#sSpan470" value="ϩⲁⲣⲁⲧϥ"/>
		<feat xlink:href="#sSpan476" value="ⲛⲟⲩⲣⲣⲟ"/>
		<feat xlink:href="#sSpan486" value="ⲉϣⲁϥⲙⲟⲩ"/>
		<feat xlink:href="#sSpan496" value="·"/>
		<feat xlink:href="#sSpan501" value="ⲁⲗⲗⲁ"/>
		<feat xlink:href="#sSpan505" value="ⲉⲓϩⲏⲕ"/>
		<feat xlink:href="#sSpan513" value="ϩⲁⲣⲁⲧϥ"/>
		<feat xlink:href="#sSpan519" value="ⲙⲡⲣⲣⲟ"/>
		<feat xlink:href="#sSpan529" value="ⲉⲧϩⲛⲙⲡⲏⲩⲉ"/>
		<feat xlink:href="#sSpan540" value="·"/>
		<feat xlink:href="#sSpan544" value="ϥⲥⲏϩ"/>
		<feat xlink:href="#sSpan553" value="ⲅⲁⲣ"/>
		<feat xlink:href="#sSpan557" value="ϩⲙⲡϫⲱⲱⲙⲉ"/>
		<feat xlink:href="#sSpan566" value="ⲛⲛⲉⲭⲣⲓⲥⲧⲓⲁⲛⲟⲥ"/>
		<feat xlink:href="#sSpan577" value="·"/>
		<feat xlink:href="#sSpan581" value="ϫⲉⲙⲛϣϭⲟⲙ"/>
		<feat xlink:href="#sSpan593" value="ⲙⲙⲱⲧⲛ"/>
		<feat xlink:href="#sSpan599" value="ⲉⲣϩⲙϩⲁⲗ"/>
		<feat xlink:href="#sSpan608" value="ⲛϫⲟⲉⲓⲥ"/>
		<feat xlink:href="#sSpan615" value="ⲥⲛⲁⲩ"/>
		<feat xlink:href="#sSpan619" value="·"/>
		<feat xlink:href="#sSpan624" value="ⲏ"/>
		<feat xlink:href="#sSpan628" value="ⲡⲛⲟⲩⲧⲉ"/>
		<feat xlink:href="#sSpan635" value="ⲡⲛⲟⲩⲧⲉ"/>
		<feat xlink:href="#sSpan641" value="·"/>
		<feat xlink:href="#sSpan646" value="ⲏ"/>
		<feat xlink:href="#sSpan651" value="ⲡⲙⲁⲙⲟⲛⲁⲥ"/>
		<feat xlink:href="#sSpan659" value="·"/>
		<feat xlink:href="#sSpan663" value="ⲁⲩⲱ"/>
		<feat xlink:href="#sSpan669" value="ⲟⲛ"/>
		<feat xlink:href="#sSpan673" value="ϫⲉⲙⲛϣϭⲟⲙ"/>
		<feat xlink:href="#sSpan683" value="ⲙⲙⲱⲧⲛ"/>
		<feat xlink:href="#sSpan689" value="ⲉⲟⲩⲱⲙ"/>
		<feat xlink:href="#sSpan695" value="ⲉⲃⲟⲗ"/>
		<feat xlink:href="#sSpan701" value="ϩⲛⲧⲉⲧⲣⲁⲡⲉⲍⲁ"/>
		<feat xlink:href="#sSpan711" value="ⲙⲡϫⲟⲉⲓⲥ"/>
		<feat xlink:href="#sSpan720" value="·"/>
		<feat xlink:href="#sSpan724" value="ⲁⲩⲱ"/>
		<feat xlink:href="#sSpan728" value="ⲉⲃⲟⲗ"/>
		<feat xlink:href="#sSpan733" value="ϩⲛⲧⲉⲧⲣⲁⲡⲉⲍⲁ"/>
		<feat xlink:href="#sSpan744" value="ⲛⲛⲇⲁⲓⲙⲟⲛⲓⲟⲛ"/>
		<feat xlink:href="#sSpan754" value="·"/>
		<feat xlink:href="#sSpan758" value="ⲧⲉⲛⲟⲩ"/>
		<feat xlink:href="#sSpan764" value="ϭⲉ"/>
		<feat xlink:href="#sSpan768" value="ϯⲛⲁϣⲙϣⲉ"/>
		<feat xlink:href="#sSpan776" value="ⲙⲡⲛⲟⲩⲧⲉ"/>
		<feat xlink:href="#sSpan786" value="ⲛⲧⲡⲉ"/>
		<feat xlink:href="#sSpan795" value="·"/>
		<feat xlink:href="#sSpan799" value="ⲛⲧⲁⲧⲙϣⲙϣⲉ"/>
		<feat xlink:href="#sSpan809" value="ϩⲱⲱϥ"/>
		<feat xlink:href="#sSpan815" value="ⲙⲡⲙⲁⲙⲟⲛⲁⲥ"/>
		<feat xlink:href="#sSpan826" value="·"/>
		<feat xlink:href="#sSpan830" value="ⲉⲧⲉⲛⲧⲟⲕ"/>
		<feat xlink:href="#sSpan836" value="ⲡⲉ"/>
		<feat xlink:href="#sSpan841" value="ⲱ"/>
		<feat xlink:href="#sSpan846" value="ⲡⲣⲣⲟ"/>
		<feat xlink:href="#sSpan852" value="·"/>
		<feat xlink:href="#sSpan857" value="ⲡⲣⲣⲟ"/>
		<feat xlink:href="#sSpan866" value="ⲇⲉ"/>
		<feat xlink:href="#sSpan870" value="ⲡⲉϫⲁϥ"/>
		<feat xlink:href="#sSpan877" value="ⲛⲁⲡⲁ"/>
		<feat xlink:href="#sSpan886" value="ⲃⲓⲕⲧⲱⲣ"/>
		<feat xlink:href="#sSpan890" value="·"/>
		<feat xlink:href="#sSpan894" value="ϫⲉⲉⲧⲃⲉⲟⲩ"/>
		<feat xlink:href="#sSpan905" value="ⲁⲕⲧⲟⲗⲙⲁ"/>
		<feat xlink:href="#sSpan914" value="ⲁⲕϩⲩⲃⲣⲓⲍⲉ"/>
		<feat xlink:href="#sSpan925" value="ⲙⲙⲟⲓ"/>
		<feat xlink:href="#sSpan931" value="ⲛⲧⲉⲓϩⲉ"/>
		<feat xlink:href="#sSpan939" value="ⲧⲏⲣⲥ"/>
		<feat xlink:href="#sSpan945" value="·"/>
		<feat xlink:href="#sSpan949" value="ⲉⲕⲙⲉⲉⲩⲉ"/>
		<feat xlink:href="#sSpan959" value="ϫⲉⲙⲛⲕⲟⲗⲁⲥⲓⲥ"/>
		<feat xlink:href="#sSpan970" value="ϩⲓⲃⲁⲥⲁⲛⲟⲥ"/>
		<feat xlink:href="#sSpan978" value="ϩⲙⲡⲇⲓⲕⲁⲥⲧⲏⲣⲓⲟⲛ"/>
		<feat xlink:href="#sSpan988" value="·"/>
		<feat xlink:href="#sSpan992" value="ⲉⲧⲣⲁⲕⲟⲗⲁⲍⲉ"/>
		<feat xlink:href="#sSpan1005" value="ⲙⲙⲟⲕ"/>
		<feat xlink:href="#sSpan1011" value="ⲛⲧϩⲉ"/>
		<feat xlink:href="#sSpan1020" value="ⲉⲧⲉϩⲛⲁⲓ"/>
		<feat xlink:href="#sSpan1029" value="·"/>
		<feat xlink:href="#sSpan1033" value="ⲙⲡⲉⲓⲟⲩⲱ"/>
		<feat xlink:href="#sSpan1044" value="ⲉⲓⲡⲁⲣⲁⲅⲅⲉⲓⲗⲉ"/>
		<feat xlink:href="#sSpan1054" value="ⲛⲏⲧⲛ"/>
		<feat xlink:href="#sSpan1060" value="·"/>
		<feat xlink:href="#sSpan1064" value="ϫⲉⲙⲡⲣⲧⲣⲁⲥⲱⲧⲙ"/>
		<feat xlink:href="#sSpan1076" value="ⲉⲡⲉⲓⲣⲁⲛ"/>
		<feat xlink:href="#sSpan1086" value="ϫⲉⲓⲏⲥⲟⲩⲥ"/>
		<feat xlink:href="#sSpan1094" value="ⲉⲃⲟⲗ"/>
		<feat xlink:href="#sSpan1099" value="ϩⲛⲣⲱⲧⲛ"/>
		<feat xlink:href="#sSpan1108" value="·"/>
		<feat xlink:href="#sSpan1112" value="ⲛⲥⲁⲃⲏⲗ"/>
		<feat xlink:href="#sSpan1119" value="ⲅⲁⲣ"/>
		<feat xlink:href="#sSpan1123" value="ⲉⲧⲃⲉⲡϣⲓⲡⲉ"/>
		<feat xlink:href="#sSpan1133" value="ⲙⲡⲉⲕⲉⲓⲱⲧ"/>
		<feat xlink:href="#sSpan1142" value="·"/>
		<feat xlink:href="#sSpan1146" value="ⲙⲙⲟⲛ"/>
		<feat xlink:href="#sSpan1152" value="ⲛⲉⲓⲛⲁⲁⲛⲉⲭⲉ"/>
		<feat xlink:href="#sSpan1163" value="ⲛⲁⲕ"/>
		<feat xlink:href="#sSpan1169" value="ⲁⲛ"/>
		<feat xlink:href="#sSpan1174" value="ⲡⲉ"/>
		<feat xlink:href="#sSpan1178" value="ⲉⲧⲣⲉⲕϣⲁϫⲉ"/>
		<feat xlink:href="#sSpan1188" value="ⲙⲡⲁⲙⲧⲟ"/>
		<feat xlink:href="#sSpan1197" value="ⲉⲃⲟⲗ"/>
		<feat xlink:href="#sSpan1201" value="·"/>
		<feat xlink:href="#sSpan1205" value="ⲉⲓⲉ"/>
		<feat xlink:href="#sSpan1211" value="ⲙⲡⲉⲕⲥⲱⲧⲙ"/>
		<feat xlink:href="#sSpan1221" value="ⲣⲱ"/>
		<feat xlink:href="#sSpan1225" value="·"/>
		<feat xlink:href="#sSpan1229" value="ϫⲉⲁⲩⲣⲣⲟ"/>
		<feat xlink:href="#sSpan1240" value="ⲛⲧⲁϩⲉ"/>
		<feat xlink:href="#sSpan1248" value="ϫⲟⲟⲩ"/>
		<feat xlink:href="#sSpan1252" value="ⲛⲟⲩϩⲏⲅⲉⲙⲱⲛ"/>
		<feat xlink:href="#sSpan1263" value="·"/>
		<feat xlink:href="#sSpan1267" value="ⲁϥⲙⲟⲟⲩⲧ"/>
		<feat xlink:href="#sSpan1277" value="ⲛⲓⲏⲥⲟⲩⲥ"/>
		<feat xlink:href="#sSpan1285" value="ⲡⲉⲕⲛⲟⲩⲧⲉ"/>
		<feat xlink:href="#sSpan1291" value="·"/>
		<feat xlink:href="#sSpan1296" value="ⲡⲁⲓ"/>
		<feat xlink:href="#sSpan1300" value="ⲛⲧⲟⲕ"/>
		<feat xlink:href="#sSpan1304" value="ⲉⲧⲕⲑⲁⲣⲉⲓ"/>
		<feat xlink:href="#sSpan1315" value="ⲉⲣⲟϥ"/>
		<feat xlink:href="#sSpan1321" value="·"/>
		<feat xlink:href="#sSpan1325" value="ⲉⲧⲉϩⲏⲣⲱⲇⲏⲥ"/>
		<feat xlink:href="#sSpan1333" value="ⲡⲉ"/>
		<feat xlink:href="#sSpan1337" value="·"/>
		<feat xlink:href="#sSpan1341" value="ⲉⲁϥϫⲟⲟⲩ"/>
		<feat xlink:href="#sSpan1351" value="ⲙⲡⲓⲗⲁⲧⲟⲥ"/>
		<feat xlink:href="#sSpan1360" value="·"/>
		<feat xlink:href="#sSpan1364" value="ⲁϥⲙⲟⲟⲩⲧ"/>
		<feat xlink:href="#sSpan1372" value="ⲙⲙⲟϥ"/>
		<feat xlink:href="#sSpan1378" value="·"/>
		<feat xlink:href="#sSpan1382" value="ⲉϣϫⲉ"/>
		<feat xlink:href="#sSpan1389" value="ⲟⲩϩⲏⲅⲉⲙⲱⲛ"/>
		<feat xlink:href="#sSpan1397" value="ⲡⲉⲛⲧⲁϥϩⲱⲧⲃ"/>
		<feat xlink:href="#sSpan1410" value="ⲛⲓⲏⲥⲟⲩⲥ"/>
		<feat xlink:href="#sSpan1419" value="ⲡⲉⲕⲛⲟⲩⲧⲉ"/>
		<feat xlink:href="#sSpan1425" value="·"/>
		<feat xlink:href="#sSpan1429" value="ⲉⲓⲉ"/>
		<feat xlink:href="#sSpan1435" value="ⲡⲟⲥⲱ"/>
		<feat xlink:href="#sSpan1440" value="ⲙⲁⲗⲗⲟⲛ"/>
		<feat xlink:href="#sSpan1445" value="ⲁⲛⲅⲟⲩⲣⲣⲟ"/>
		<feat xlink:href="#sSpan1453" value="·"/>
		<feat xlink:href="#sSpan1457" value="ϯⲛⲁⲁⲛϩⲁⲗⲓⲥⲕⲉ"/>
		<feat xlink:href="#sSpan1466" value="ⲙⲡⲉⲓⲣⲁⲛ"/>
		<feat xlink:href="#sSpan1476" value="ϩⲁⲣⲟⲥ"/>
		<feat xlink:href="#sSpan1482" value="ⲛⲧⲡⲉ"/>
		<feat xlink:href="#sSpan1491" value="ϫⲉⲓⲏⲥⲟⲩⲥ"/>
		<feat xlink:href="#sSpan1499" value="·"/>
		<feat xlink:href="#sSpan1503" value="ⲙⲛⲟⲩⲟⲛ"/>
		<feat xlink:href="#sSpan1511" value="ⲛⲓⲙ"/>
		<feat xlink:href="#sSpan1515" value="ⲉⲧⲟⲩⲱϣⲧ"/>
		<feat xlink:href="#sSpan1522" value="ⲛⲁϥ"/>
		<feat xlink:href="#sSpan1528" value="·"/>
		<feat xlink:href="#sSpan1533" value="ⲱ"/>
		<feat xlink:href="#sSpan1541" value="ⲃⲓⲕⲧⲱⲣ"/>
		<feat xlink:href="#sSpan1545" value="ⲃⲱⲕ"/>
		<feat xlink:href="#sSpan1549" value="ϭⲉ"/>
		<feat xlink:href="#sSpan1553" value="ⲧⲉⲛⲟⲩ"/>
		<feat xlink:href="#sSpan1557" value="ⲛⲅⲥⲱⲧⲙ"/>
		<feat xlink:href="#sSpan1566" value="ⲛⲥⲁⲡⲉⲕⲉⲓⲱⲧ"/>
		<feat xlink:href="#sSpan1576" value="·"/>
		<feat xlink:href="#sSpan1580" value="ⲛⲅⲑⲩⲥⲓⲁⲍⲉ"/>
		<feat xlink:href="#sSpan1589" value="ⲛⲛⲛⲟⲩⲧⲉ"/>
		<feat xlink:href="#sSpan1598" value="·"/>
		<feat xlink:href="#sSpan1602" value="ⲉϣⲱⲡⲉ"/>
		<feat xlink:href="#sSpan1609" value="ⲙⲙⲟⲛ"/>
		<feat xlink:href="#sSpan1614" value="·"/>
		<feat xlink:href="#sSpan1618" value="ϯⲛⲁⲉⲝⲱⲣⲓⲍⲉ"/>
		<feat xlink:href="#sSpan1627" value="ⲙⲙⲟⲕ"/>
		<feat xlink:href="#sSpan1633" value="ⲛⲥⲉⲙⲟⲟⲩⲧⲕ"/>
		<feat xlink:href="#sSpan1643" value="·"/>
		<feat xlink:href="#sSpan1649" value="ϩⲣⲱⲙⲁⲛⲟⲥ"/>
		<feat xlink:href="#sSpan1657" value="ⲇⲉ"/>
		<feat xlink:href="#sSpan1661" value="ⲁϥⲕⲟⲧϥ"/>
		<feat xlink:href="#sSpan1671" value="ⲉⲡⲉϥϣⲏⲣⲉ"/>
		<feat xlink:href="#sSpan1681" value="ⲁⲡⲁ"/>
		<feat xlink:href="#sSpan1686" value="ⲃⲓⲕⲧⲱⲣ"/>
		<feat xlink:href="#sSpan1690" value="ⲡⲉϫⲁϥ"/>
		<feat xlink:href="#sSpan1697" value="ⲛⲁϥ"/>
		<feat xlink:href="#sSpan1703" value="·"/>
		<feat xlink:href="#sSpan1707" value="ϫⲉⲙⲏ"/>
		<feat xlink:href="#sSpan1716" value="ⲙⲡⲉⲕⲡⲉⲓⲑⲉ"/>
		<feat xlink:href="#sSpan1726" value="ⲟⲛ"/>
		<feat xlink:href="#sSpan1730" value="ⲉⲧⲣⲉⲕⲟⲩⲱϣⲧ"/>
		<feat xlink:href="#sSpan1741" value="ⲛⲛⲛⲟⲩⲧⲉ"/>
		<feat xlink:href="#sSpan1750" value="ⲙⲡⲣⲣⲟ"/>
		<feat xlink:href="#sSpan1759" value="·"/>
		<feat xlink:href="#sSpan1764" value="ⲁⲡⲁ"/>
		<feat xlink:href="#sSpan1772" value="ⲃⲓⲕⲧⲱⲣ"/>
		<feat xlink:href="#sSpan1777" value="ⲇⲉ"/>
		<feat xlink:href="#sSpan1781" value="ⲡⲉϫⲁϥ"/>
		<feat xlink:href="#sSpan1788" value="ⲙⲡⲉϥⲉⲓⲱⲧ"/>
		<feat xlink:href="#sSpan1797" value="·"/>
		<feat xlink:href="#sSpan1801" value="ϫⲉⲉϣⲱⲡⲉ"/>
		<feat xlink:href="#sSpan1810" value="ⲡⲉⲕϫⲟⲉⲓⲥ"/>
		<feat xlink:href="#sSpan1816" value="ⲡⲉ"/>
		<feat xlink:href="#sSpan1822" value="ⲇⲓⲟⲕⲗⲏϯⲁⲛⲟⲥ"/>
		<feat xlink:href="#sSpan1827" value="·"/>
		<feat xlink:href="#sSpan1831" value="ⲙⲡⲁϫⲟⲉⲓⲥ"/>
		<feat xlink:href="#sSpan1840" value="ⲁⲛ"/>
		<feat xlink:href="#sSpan1844" value="ⲁⲛⲟⲕ"/>
		<feat xlink:href="#sSpan1848" value="ⲡⲉ"/>
		<feat xlink:href="#sSpan1852" value="·"/>
		<feat xlink:href="#sSpan1857" value="ⲁⲗⲗⲁ"/>
		<feat xlink:href="#sSpan1862" value="ⲡⲁϫⲟⲉⲓⲥ"/>
		<feat xlink:href="#sSpan1869" value="ⲡⲉ"/>
		<feat xlink:href="#sSpan1874" value="ⲓⲏⲥⲟⲩⲥ"/>
		<feat xlink:href="#sSpan1879" value="ⲡⲉⲭⲣⲓⲥⲧⲟⲥ"/>
		<feat xlink:href="#sSpan1886" value="·"/>
		<feat xlink:href="#sSpan1891" value="ⲡⲉϥⲉⲓⲱⲧ"/>
		<feat xlink:href="#sSpan1900" value="ⲇⲉ"/>
		<feat xlink:href="#sSpan1904" value="ⲁϥⲛⲟⲩϭⲥ"/>
		<feat xlink:href="#sSpan1912" value="ⲉⲙⲁⲧⲉ"/>
		<feat xlink:href="#sSpan1917" value="·"/>
		<feat xlink:href="#sSpan1921" value="ⲁϥⲕⲉⲗⲉⲩⲉ"/>
		<feat xlink:href="#sSpan1930" value="ⲉⲧⲣⲉⲩⲉⲓⲛⲉ"/>
		<feat xlink:href="#sSpan1941" value="ⲛⲛⲉϥϭⲓϫ"/>
		<feat xlink:href="#sSpan1950" value="ϩⲓⲡⲁϩⲟⲩ"/>
		<feat xlink:href="#sSpan1957" value="ⲙⲙⲟϥ"/>
		<feat xlink:href="#sSpan1963" value="·"/>
		<feat xlink:href="#sSpan1967" value="ⲛⲥⲉϫⲓⲧϥ"/>
		<feat xlink:href="#sSpan1977" value="ⲙⲡⲃⲟⲗ"/>
		<feat xlink:href="#sSpan1986" value="ⲛⲧⲡⲟⲗⲓⲥ"/>
		<feat xlink:href="#sSpan1996" value="ⲛⲥⲉⲗⲟⲅⲭⲓⲍⲉ"/>
		<feat xlink:href="#sSpan2006" value="ⲙⲙⲟϥ"/>
		<feat xlink:href="#sSpan2012" value="ⲛϥⲙⲟⲩ"/>
		<feat xlink:href="#sSpan2020" value="·"/>
		<feat xlink:href="#sSpan2025" value="ⲁⲡⲁ"/>
		<feat xlink:href="#sSpan2035" value="ⲃⲓⲕⲧⲱⲣ"/>
		<feat xlink:href="#sSpan2040" value="ⲇⲉ"/>
		<feat xlink:href="#sSpan2045" value="ⲡⲉⲓⲅⲉⲛⲛⲁⲓⲟⲥ"/>
		<feat xlink:href="#sSpan2052" value="ⲁⲩⲙⲟⲩⲣ"/>
		<feat xlink:href="#sSpan2060" value="ⲛⲛⲉϥϭⲓϫ"/>
		<feat xlink:href="#sSpan2069" value="ϩⲓⲡⲁϩⲟⲩ"/>
		<feat xlink:href="#sSpan2076" value="ⲙⲙⲟϥ"/>
		<feat xlink:href="#sSpan2082" value="·"/>
		<feat xlink:href="#sSpan2086" value="ⲁⲩⲱ"/>
		<feat xlink:href="#sSpan2090" value="ⲁⲩϯ"/>
		<feat xlink:href="#sSpan2098" value="ⲙⲡⲉⲭⲁⲙⲱⲥ"/>
		<feat xlink:href="#sSpan2108" value="ⲉⲣⲱϥ"/>
		<feat xlink:href="#sSpan2114" value="·"/>
		<feat xlink:href="#sSpan2118" value="ⲉⲧⲣⲉⲩϫⲓⲧϥ"/>
		<feat xlink:href="#sSpan2131" value="ⲉⲃⲟⲗ"/>
		<feat xlink:href="#sSpan2135" value="ⲛⲥⲉⲧⲁⲕⲟϥ"/>
		<feat xlink:href="#sSpan2145" value="·"/>
		<feat xlink:href="#sSpan2149" value="ⲉϥⲛⲏⲩ"/>
		<feat xlink:href="#sSpan2158" value="ⲇⲉ"/>
		<feat xlink:href="#sSpan2162" value="ⲉⲃⲟⲗ"/>
		<feat xlink:href="#sSpan2166" value="ⲉϥⲟⲩⲏϩ"/>
		<feat xlink:href="#sSpan2175" value="ⲛⲥⲁⲙⲙⲁⲧⲟⲓ"/>
		<feat xlink:href="#sSpan2184" value="·"/>
		<feat xlink:href="#sSpan2188" value="ⲁⲡⲇⲓⲁⲃⲟⲗⲟⲥ"/>
		<feat xlink:href="#sSpan2200" value="ⲣⲡⲉⲥⲙⲟⲧ"/>
		<feat xlink:href="#sSpan2209" value="ⲛⲟⲩⲙⲁⲧⲟⲓ"/>
		<feat xlink:href="#sSpan2219" value="·"/>
		<feat xlink:href="#sSpan2223" value="ⲁϥⲟⲩⲟⲛϩϥ"/>
		<feat xlink:href="#sSpan2233" value="ⲛⲁϥ"/>
		<feat xlink:href="#sSpan2239" value="ⲉⲃⲟⲗ"/>
		<feat xlink:href="#sSpan2243" value="ⲡⲉϫⲁϥ"/>
		<feat xlink:href="#sSpan2249" value="ⲛⲁϥ"/>
		<feat xlink:href="#sSpan2255" value="·"/>
		<feat xlink:href="#sSpan2259" value="ϫⲉⲱ"/>
		<feat xlink:href="#sSpan2271" value="ⲃⲓⲕⲧⲱⲣ"/>
		<feat xlink:href="#sSpan2275" value="ⲉⲕⲛⲁϣⲙⲉϩ"/>
		<feat xlink:href="#sSpan2287" value="ⲡⲉⲓⲡⲉⲧϩⲟⲟⲩ"/>
		<feat xlink:href="#sSpan2297" value="ⲧⲱⲛ"/>
		<feat xlink:href="#sSpan2301" value="·"/>
		<feat xlink:href="#sSpan2305" value="ⲉⲕⲕⲱ"/>
		<feat xlink:href="#sSpan2315" value="ⲙⲡⲉⲕⲉⲓⲱⲧ"/>
		<feat xlink:href="#sSpan2325" value="ⲉϥⲗⲩⲡⲉⲓ"/>
		<feat xlink:href="#sSpan2334" value="ⲙⲙⲟⲕ"/>
		<feat xlink:href="#sSpan2340" value="ⲛⲧⲉⲓϩⲉ"/>
		<feat xlink:href="#sSpan2348" value="·"/>
		<feat xlink:href="#sSpan2352" value="ⲉⲕⲙⲉⲉⲩⲉ"/>
		<feat xlink:href="#sSpan2362" value="ϫⲉⲉⲣⲉⲡⲉⲕⲉⲓⲱⲧ"/>
		<feat xlink:href="#sSpan2374" value="ⲙⲟⲥⲧⲉ"/>
		<feat xlink:href="#sSpan2378" value="ⲙⲙⲟⲕ"/>
		<feat xlink:href="#sSpan2384" value="·"/>
		<feat xlink:href="#sSpan2388" value="ⲙⲙⲟⲛ"/>
		<feat xlink:href="#sSpan2394" value="·"/>
		<feat xlink:href="#sSpan2399" value="ⲁⲗⲗⲁ"/>
		<feat xlink:href="#sSpan2403" value="ⲉⲣⲉⲡⲉⲕⲉⲓⲱⲧ"/>
		<feat xlink:href="#sSpan2413" value="ⲙⲉ"/>
		<feat xlink:href="#sSpan2417" value="ⲙⲙⲟⲕ"/>
		<feat xlink:href="#sSpan2423" value="ⲛϩⲟⲩⲟ"/>
		<feat xlink:href="#sSpan2429" value="·"/>
		<feat xlink:href="#sSpan2433" value="ⲧⲉⲛⲟⲩ"/>
		<feat xlink:href="#sSpan2439" value="ϭⲉ"/>
		<feat xlink:href="#sSpan2443" value="ⲥⲱⲧⲙ"/>
		<feat xlink:href="#sSpan2447" value="ⲛⲥⲱⲓ"/>
		<feat xlink:href="#sSpan2454" value="·"/>
		<feat xlink:href="#sSpan2458" value="ⲁⲩⲱ"/>
		<feat xlink:href="#sSpan2462" value="ⲁⲛⲟⲕ"/>
		<feat xlink:href="#sSpan2466" value="ϯⲛⲁϫⲟⲟⲥ"/>
		<feat xlink:href="#sSpan2476" value="ⲙⲡⲉⲕⲉⲓⲱⲧ"/>
		<feat xlink:href="#sSpan2485" value="ϫⲉⲁⲕⲙⲉⲧⲁⲛⲟⲉⲓ"/>
		<feat xlink:href="#sSpan2498" value="·"/>
		<feat xlink:href="#sSpan2502" value="ⲁⲩⲱ"/>
		<feat xlink:href="#sSpan2506" value="ϥⲛⲁⲗⲟ"/>
		<feat xlink:href="#sSpan2515" value="ⲉϥϭⲟⲛⲧ"/>
		<feat xlink:href="#sSpan2523" value="ⲉⲣⲟⲕ"/>
		<feat xlink:href="#sSpan2529" value="·"/>
		<feat xlink:href="#sSpan2533" value="ⲙⲡⲱⲣ"/>
		<feat xlink:href="#sSpan2539" value="ϭⲉ"/>
		<feat xlink:href="#sSpan2544" value="ⲙⲡⲣⲣⲁⲧⲥⲱⲧⲙ"/>
		<feat xlink:href="#sSpan2553" value="ⲛⲥⲱϥ"/>
		<feat xlink:href="#sSpan2559" value="·"/>
		<feat xlink:href="#sSpan2563" value="ϭⲱϣⲧ"/>
		<feat xlink:href="#sSpan2569" value="ⲉⲓⲥⲁⲁⲕ"/>
		<feat xlink:href="#sSpan2577" value="ⲡϣⲏⲣⲉ"/>
		<feat xlink:href="#sSpan2585" value="ⲛⲁⲃⲣⲁϩⲁⲙ"/>
		<feat xlink:href="#sSpan2593" value="ϫⲉⲙⲡⲉϥⲣⲁⲧⲥⲱⲧⲙ"/>
		<feat xlink:href="#sSpan2606" value="ⲛⲥⲁⲡⲉϥⲉⲓⲱⲧ"/>
		<feat xlink:href="#sSpan2616" value="·"/>
		<feat xlink:href="#sSpan2620" value="ⲉϥⲛⲁⲩ"/>
		<feat xlink:href="#sSpan2628" value="ⲉⲧϭⲟⲣⲧⲉ"/>
		<feat xlink:href="#sSpan2637" value="ⲛⲧⲡⲉ"/>
		<feat xlink:href="#sSpan2646" value="ⲙⲙⲟϥ"/>
		<feat xlink:href="#sSpan2652" value="ⲉⲥⲛⲏⲩ"/>
		<feat xlink:href="#sSpan2661" value="ⲉⲡⲉⲥⲏⲧ"/>
		<feat xlink:href="#sSpan2670" value="ⲉϫⲱϥ"/>
		<feat xlink:href="#sSpan2676" value="·"/>
		<feat xlink:href="#sSpan2680" value="ⲧⲉⲛⲟⲩ"/>
		<feat xlink:href="#sSpan2686" value="ϭⲉ"/>
		<feat xlink:href="#sSpan2690" value="ⲙⲡⲣⲗⲩⲡⲉⲓ"/>
		<feat xlink:href="#sSpan2697" value="ⲙⲡⲉⲕⲉⲓⲱⲧ"/>
		<feat xlink:href="#sSpan2707" value="·"/>
		<feat xlink:href="#sSpan2711" value="ⲛⲅϣⲱⲡⲉ"/>
		<feat xlink:href="#sSpan2719" value="ϩⲁⲡⲥⲁϩⲟⲩ"/>
		<feat xlink:href="#sSpan2728" value="ⲛⲭⲁⲙ"/>
		<feat xlink:href="#sSpan2735" value="·"/>
		<feat xlink:href="#sSpan2739" value="ⲛⲧⲁϥϣⲱⲡⲉ"/>
		<feat xlink:href="#sSpan2750" value="ϩⲁⲡⲥⲁϩⲟⲩ"/>
		<feat xlink:href="#sSpan2759" value="ⲙⲡⲉϥⲉⲓⲱⲧ"/>
		<feat xlink:href="#sSpan2768" value="·"/>
		<feat xlink:href="#sSpan2772" value="ϫⲉⲁϥϭⲱϣⲧ"/>
		<feat xlink:href="#sSpan2782" value="ⲉϫⲙⲡⲉϥⲕⲱ"/>
		<feat xlink:href="#sSpan2793" value="ⲕⲁϩⲏⲩ"/>
		<feat xlink:href="#sSpan2798" value="·"/>
		<feat xlink:href="#sSpan2802" value="ⲧⲉⲛⲟⲩ"/>
		<feat xlink:href="#sSpan2808" value="ϭⲉ"/>
		<feat xlink:href="#sSpan2812" value="ⲙⲡⲣⲣⲁⲧⲥⲱⲧⲙ"/>
		<feat xlink:href="#sSpan2821" value="ⲛⲥⲁⲡⲉⲕⲉⲓⲱⲧ"/>
		<feat xlink:href="#sSpan2831" value="·"/>
		<feat xlink:href="#sSpan2835" value="ⲁⲛⲟⲕ"/>
		<feat xlink:href="#sSpan2839" value="ϩⲱ"/>
		<feat xlink:href="#sSpan2843" value="ϯⲛⲁⲡⲁⲣⲁⲕⲁⲗⲉⲓ"/>
		<feat xlink:href="#sSpan2852" value="ⲙⲡⲣⲣⲟ"/>
		<feat xlink:href="#sSpan2861" value="·"/>
		<feat xlink:href="#sSpan2865" value="ⲛϥⲁⲁⲕ"/>
		<feat xlink:href="#sSpan2876" value="ⲛⲥⲧⲣⲁⲧⲏⲗⲁⲧⲏⲥ"/>
		<feat xlink:href="#sSpan2884" value="·"/>
		<feat xlink:href="#sSpan2889" value="ⲁⲡⲁ"/>
		<feat xlink:href="#sSpan2897" value="ⲃⲓⲕⲧⲱⲣ"/>
		<feat xlink:href="#sSpan2902" value="ⲇⲉ"/>
		<feat xlink:href="#sSpan2906" value="ⲡⲉϫⲁϥ"/>
		<feat xlink:href="#sSpan2912" value="ⲙⲡⲇⲓⲁⲃⲟⲗⲟⲥ"/>
		<feat xlink:href="#sSpan2923" value="·"/>
		<feat xlink:href="#sSpan2927" value="ϫⲉⲧⲙⲛⲧⲥⲧⲣⲁⲧⲏⲗⲁⲧⲏⲥ"/>
		<feat xlink:href="#sSpan2941" value="ⲣⲱ"/>
		<feat xlink:href="#sSpan2945" value="ⲙⲡⲉⲓⲕⲟⲥⲙⲟⲥ"/>
		<feat xlink:href="#sSpan2956" value="·"/>
		<feat xlink:href="#sSpan2960" value="ⲙⲡⲓⲕⲁⲁⲥ"/>
		<feat xlink:href="#sSpan2970" value="ϩⲙⲡⲁϩⲏⲧ"/>
		<feat xlink:href="#sSpan2979" value="·"/>
		<feat xlink:href="#sSpan2984" value="ⲉⲓⲙⲏⲧⲓ"/>
		<feat xlink:href="#sSpan2989" value="ⲉⲧⲙⲛⲧⲣⲣⲟ"/>
		<feat xlink:href="#sSpan3001" value="ⲙⲡⲁϫⲟⲉⲓⲥ"/>
		<feat xlink:href="#sSpan3011" value="ⲓⲏⲥⲟⲩⲥ"/>
		<feat xlink:href="#sSpan3015" value="ⲡⲉⲭⲣⲓⲥⲧⲟⲥ"/>
		<feat xlink:href="#sSpan3022" value="·"/>
		<feat xlink:href="#sSpan3026" value="ⲉⲩϫⲱ"/>
		<feat xlink:href="#sSpan3037" value="ⲇⲉ"/>
		<feat xlink:href="#sSpan3041" value="ⲛⲛⲁⲓ"/>
		<feat xlink:href="#sSpan3048" value="·"/>
		<feat xlink:href="#sSpan3052" value="ⲁⲩⲃⲱⲕ"/>
		<feat xlink:href="#sSpan3061" value="ⲁⲩⲧⲁⲙⲉ"/>
		<feat xlink:href="#sSpan3070" value="ⲡⲣⲣⲟ"/>
		<feat xlink:href="#sSpan3076" value="·"/>
		<feat xlink:href="#sSpan3080" value="ϫⲉⲁϩⲣⲱⲙⲁⲛⲟⲥ"/>
		<feat xlink:href="#sSpan3090" value="ϯⲁⲡⲟⲫⲁⲥⲓⲥ"/>
		<feat xlink:href="#sSpan3099" value="ⲉⲡⲉϥϣⲏⲣⲉ"/>
		<feat xlink:href="#sSpan3109" value="ⲁⲡⲁ"/>
		<feat xlink:href="#sSpan3114" value="ⲃⲓⲕⲧⲱⲣ"/>
		<feat xlink:href="#sSpan3118" value="·"/>
		<feat xlink:href="#sSpan3122" value="ⲉⲧⲣⲉⲩϥⲓ"/>
		<feat xlink:href="#sSpan3132" value="ⲛⲧⲉϥⲁⲡⲉ"/>
		<feat xlink:href="#sSpan3142" value="·"/>
		<feat xlink:href="#sSpan3146" value="ⲁⲩⲱ"/>
		<feat xlink:href="#sSpan3150" value="ⲁϥⲁⲣⲓⲕⲉ"/>
		<feat xlink:href="#sSpan3158" value="ⲙⲡⲣⲣⲟ"/>
		<feat xlink:href="#sSpan3167" value="ⲙⲛⲛⲉϥⲛⲟⲩⲧⲉ"/>
		<feat xlink:href="#sSpan3177" value="·"/>
		<feat xlink:href="#sSpan3183" value="ⲇⲓⲟⲕⲗⲏϯⲁⲛⲟⲥ"/>
		<feat xlink:href="#sSpan3192" value="ⲇⲉ"/>
		<feat xlink:href="#sSpan3196" value="ⲁϥϫⲟⲟⲩ"/>
		<feat xlink:href="#sSpan3204" value="ⲙⲡⲣⲟⲧⲉⲕⲧⲱⲣ"/>
		<feat xlink:href="#sSpan3212" value="ⲥⲛⲁⲩ"/>
		<feat xlink:href="#sSpan3216" value="ϫⲉⲕⲁⲥ"/>
		<feat xlink:href="#sSpan3221" value="ⲉⲩⲉϩⲁⲣⲡⲁⲍⲉ"/>
		<feat xlink:href="#sSpan3228" value="ⲙⲙⲟϥ"/>
		<feat xlink:href="#sSpan3234" value="ⲛⲥⲉⲉⲛⲧϥ"/>
		<feat xlink:href="#sSpan3244" value="ⲛⲁϥ"/>
		<feat xlink:href="#sSpan3250" value="·"/>
		<feat xlink:href="#sSpan3254" value="ⲡⲉϫⲉⲡⲣⲣⲟ"/>
		<feat xlink:href="#sSpan3266" value="ⲙⲡⲉϥⲉⲓⲱⲧ"/>
		<feat xlink:href="#sSpan3275" value="·"/>
		<feat xlink:href="#sSpan3279" value="ϫⲉⲁⲓⲉⲓⲙⲉ"/>
		<feat xlink:href="#sSpan3291" value="ⲙⲡϩⲟⲟⲩ"/>
		<feat xlink:href="#sSpan3300" value="ϫⲉⲛⲅⲟⲩⲉϣⲥϩⲓⲙⲉ"/>
		<feat xlink:href="#sSpan3313" value="ⲁⲛ"/>
		<feat xlink:href="#sSpan3317" value="·"/>
		<feat xlink:href="#sSpan3322" value="ⲟⲩⲇⲉ"/>
		<feat xlink:href="#sSpan3327" value="ϣⲏⲣⲉ"/>
		<feat xlink:href="#sSpan3331" value="·"/>
		<feat xlink:href="#sSpan3335" value="ⲛⲧϩⲉ"/>
		<feat xlink:href="#sSpan3343" value="ⲛⲁⲛⲟⲕ"/>
		<feat xlink:href="#sSpan3349" value="ⲙⲛⲛⲁⲛⲟⲩⲧⲉ"/>
		<feat xlink:href="#sSpan3359" value="·"/>
		<feat xlink:href="#sSpan3364" value="ⲙⲉⲭⲣⲓⲡⲉⲕϣⲏⲣⲉ"/>
		<feat xlink:href="#sSpan3373" value="ⲛⲟⲩⲱⲧ"/>
		<feat xlink:href="#sSpan3379" value="ⲁⲕⲡⲁⲣⲁⲇⲓⲇⲟⲩ"/>
		<feat xlink:href="#sSpan3389" value="ⲙⲙⲟϥ"/>
		<feat xlink:href="#sSpan3395" value="ⲉⲡⲙⲟⲩ"/>
		<feat xlink:href="#sSpan3404" value="·"/>
		<feat xlink:href="#sSpan3408" value="ⲉⲧⲃⲏⲏⲧ"/>
		<feat xlink:href="#sSpan3412" value="·"/>
		<feat xlink:href="#sSpan3417" value="ⲁⲗⲗⲁ"/>
		<feat xlink:href="#sSpan3421" value="ⲥⲱⲧⲙ"/>
		<feat xlink:href="#sSpan3425" value="ⲛⲥⲱⲓ"/>
		<feat xlink:href="#sSpan3432" value="ϩⲛⲛⲉϯⲛⲁϫⲟⲟⲩ"/>
		<feat xlink:href="#sSpan3449" value="ⲛⲁⲕ"/>
		<feat xlink:href="#sSpan3456" value="ⲱ"/>
		<feat xlink:href="#sSpan3462" value="ϩⲣⲱⲙⲁⲛⲟⲥ"/>
		<feat xlink:href="#sSpan3466" value="ⲥⲱⲧⲙ"/>
		<feat xlink:href="#sSpan3472" value="ⲛⲥⲱⲓ"/>
		<feat xlink:href="#sSpan3479" value="ⲁⲣⲏⲩ"/>
		<feat xlink:href="#sSpan3485" value="ⲛⲧⲁⲡⲉⲓⲡⲗⲁⲛⲟⲥ"/>
		<feat xlink:href="#sSpan3497" value="ⲥⲱⲣⲙ"/>
		<feat xlink:href="#sSpan3503" value="ⲙⲡⲉϥϩⲏⲧ"/>
		<feat xlink:href="#sSpan3512" value="·"/>
		<feat xlink:href="#sSpan3516" value="ⲉⲝⲱⲣⲓⲍⲉ"/>
		<feat xlink:href="#sSpan3524" value="ⲙⲙⲟϥ"/>
		<feat xlink:href="#sSpan3530" value="ⲉⲣⲁⲕⲟⲧⲉ"/>
		<feat xlink:href="#sSpan3537" value="·"/>
		<feat xlink:href="#sSpan3541" value="ⲛϥϩⲩⲡⲟⲕⲓⲥⲑⲉ"/>
		<feat xlink:href="#sSpan3550" value="ⲙⲡⲇⲓⲕⲁⲥⲧⲏⲣⲓⲟⲛ"/>
		<feat xlink:href="#sSpan3561" value="ϣⲁⲛⲧⲉϥⲙⲟⲩ"/>
		<feat xlink:href="#sSpan3569" value="·"/>
		<feat xlink:href="#sSpan3574" value="ⲁⲡⲁ"/>
		<feat xlink:href="#sSpan3582" value="ⲃⲓⲕⲧⲱⲣ"/>
		<feat xlink:href="#sSpan3587" value="ⲇⲉ"/>
		<feat xlink:href="#sSpan3591" value="ⲁϥⲛⲟⲩϭⲥ"/>
		<feat xlink:href="#sSpan3600" value="·"/>
		<feat xlink:href="#sSpan3604" value="ⲁⲩⲱ"/>
		<feat xlink:href="#sSpan3608" value="ⲡⲉϫⲁϥ"/>
		<feat xlink:href="#sSpan3614" value="ⲙⲡⲣⲣⲟ"/>
		<feat xlink:href="#sSpan3623" value="·"/>
		<feat xlink:href="#sSpan3627" value="ϫⲉⲡⲣⲣⲟ"/>
		<feat xlink:href="#sSpan3638" value="ⲛⲁⲧϩⲏⲧ"/>
		<feat xlink:href="#sSpan3647" value="ⲁⲩⲱ"/>
		<feat xlink:href="#sSpan3652" value="ⲛⲥⲟϭ"/>
		<feat xlink:href="#sSpan3658" value="·"/>
		<feat xlink:href="#sSpan3662" value="ⲟⲩϩⲱⲃ"/>
		<feat xlink:href="#sSpan3669" value="ⲉⲛⲁⲛⲟⲩϥ"/>
		<feat xlink:href="#sSpan3677" value="ⲡⲉ"/>
		<feat xlink:href="#sSpan3681" value="ⲡⲁⲓ"/>
		<feat xlink:href="#sSpan3686" value="ⲉⲧⲕϣⲓⲛⲉ"/>
		<feat xlink:href="#sSpan3695" value="ⲛⲥⲱϥ"/>
		<feat xlink:href="#sSpan3701" value="·"/>
		<feat xlink:href="#sSpan3705" value="ⲕⲛⲁⲣϣⲙⲙⲟ"/>
		<feat xlink:href="#sSpan3715" value="ⲉⲣⲟⲛ"/>
		<feat xlink:href="#sSpan3721" value="·"/>
		<feat xlink:href="#sSpan3725" value="ⲁⲩⲱ"/>
		<feat xlink:href="#sSpan3729" value="ⲁⲛⲟⲛ"/>
		<feat xlink:href="#sSpan3733" value="ⲛⲧⲛⲉⲓⲣⲉ"/>
		<feat xlink:href="#sSpan3743" value="ⲉⲣⲟⲕ"/>
		<feat xlink:href="#sSpan3749" value=":—"/>
		<feat xlink:href="#sSpan3753" value="ⲁⲩⲱ"/>
		<feat xlink:href="#sSpan3759" value="ⲡⲉϩⲟⲩⲟ"/>
		<feat xlink:href="#sSpan3765" value="ⲙⲡⲉⲥⲧⲣⲁⲧⲉⲩⲙⲁ"/>
		<feat xlink:href="#sSpan3775" value="ⲛⲁⲙⲉⲥⲧⲱⲕ"/>
		<feat xlink:href="#sSpan3784" value="·"/>
		<feat xlink:href="#sSpan3788" value="ⲁⲩⲱ"/>
		<feat xlink:href="#sSpan3793" value="ⲡⲛⲟⲩⲧⲉ"/>
		<feat xlink:href="#sSpan3799" value="ⲛⲁϭⲱⲛⲧ"/>
		<feat xlink:href="#sSpan3805" value="ⲉⲣⲟⲕ"/>
		<feat xlink:href="#sSpan3811" value="·"/>
		<feat xlink:href="#sSpan3815" value="ⲛϥⲧⲛⲛⲟⲟⲩ"/>
		<feat xlink:href="#sSpan3824" value="ⲛⲧⲉϥⲟⲣⲅⲏ"/>
		<feat xlink:href="#sSpan3834" value="ⲉϩⲣⲁⲓ"/>
		<feat xlink:href="#sSpan3838" value="ⲉϫⲱⲕ"/>
		<feat xlink:href="#sSpan3844" value="·"/>
		<feat xlink:href="#sSpan3848" value="ⲛϥⲧⲁⲕⲟ"/>
		<feat xlink:href="#sSpan3856" value="ⲛⲧⲉⲕⲙⲛⲧⲣⲣⲟ"/>
		<feat xlink:href="#sSpan3868" value="·"/>
		<feat xlink:href="#sSpan3872" value="ⲁϥϭⲱⲛⲧ"/>
		<feat xlink:href="#sSpan3886" value="ⲇⲉ"/>
		<feat xlink:href="#sSpan3890" value="ⲛϭⲓⲡⲣⲣⲟ"/>
		<feat xlink:href="#sSpan3899" value="·"/>
		<feat xlink:href="#sSpan3903" value="ⲁϥⲕⲉⲗⲉⲩⲉ"/>
		<feat xlink:href="#sSpan3912" value="ⲛⲧⲉⲩⲛⲟⲩ"/>
		<feat xlink:href="#sSpan3920" value="ⲉⲧⲣⲉⲩⲕⲟⲩⲛⲫⲓⲍⲉ"/>
		<feat xlink:href="#sSpan3932" value="ⲙⲙⲟϥ"/>
		<feat xlink:href="#sSpan3938" value="ϩⲛⲛⲉϥⲁⲛⲛⲱⲛⲛⲁ"/>
		<feat xlink:href="#sSpan3948" value="·"/>
		<feat xlink:href="#sSpan3952" value="ⲉⲛⲉϥϫⲓ"/>
		<feat xlink:href="#sSpan3961" value="ⲅⲁⲣ"/>
		<feat xlink:href="#sSpan3965" value="ⲛⲥⲉⲛⲁⲛⲛⲱⲛⲛⲁ"/>
		<feat xlink:href="#sSpan3978" value="·"/>
		<feat xlink:href="#sSpan3982" value="ⲁϥⲧⲣⲉⲩϯⲟⲩⲉⲓ"/>
		<feat xlink:href="#sSpan3997" value="ⲛⲁϥ"/>
		<feat xlink:href="#sSpan4003" value="ⲙⲙⲁⲧⲉ"/>
		<feat xlink:href="#sSpan4007" value="·"/>
		<feat xlink:href="#sSpan4011" value="ϫⲉⲕⲁⲥ"/>
		<feat xlink:href="#sSpan4016" value="ⲛⲛⲉϥⲙⲟⲩ"/>
		<feat xlink:href="#sSpan4025" value="ϩⲁⲡⲉϩⲕⲟ"/>
		<feat xlink:href="#sSpan4034" value="·"/>
		<feat xlink:href="#sSpan4038" value="ⲁⲩϣⲁϥⲃⲟϣϥ"/>
		<feat xlink:href="#sSpan4054" value="ⲛⲧⲉϥⲙⲛⲧⲕⲟⲙⲉⲥ"/>
		<feat xlink:href="#sSpan4067" value="·"/>
		<feat xlink:href="#sSpan4071" value="ⲁϥⲧⲣⲉⲩⲙⲟⲩⲣ"/>
		<feat xlink:href="#sSpan4085" value="ⲛⲛⲉϥϭⲓϫ"/>
		<feat xlink:href="#sSpan4094" value="ϩⲓⲡⲁϩⲟⲩ"/>
		<feat xlink:href="#sSpan4101" value="ⲙⲙⲟϥ"/>
		<feat xlink:href="#sSpan4107" value="·"/>
		<feat xlink:href="#sSpan4111" value="ⲁϥⲙⲟⲣϥ"/>
		<feat xlink:href="#sSpan4123" value="ⲉⲡⲥⲉⲓⲁⲧ"/>
		<feat xlink:href="#sSpan4132" value="ⲛⲟⲩϩⲧⲱ"/>
		<feat xlink:href="#sSpan4141" value="·"/>
		<feat xlink:href="#sSpan4145" value="ⲁϥϩⲉⲕⲧⲙⲏⲏⲧⲉ"/>
		<feat xlink:href="#sSpan4163" value="ⲛⲧⲉϥⲁⲡⲉ"/>
		<feat xlink:href="#sSpan4172" value="·"/>
		<feat xlink:href="#sSpan4176" value="ⲁⲩⲱ"/>
		<feat xlink:href="#sSpan4182" value="ⲁϥⲉϣⲧ"/>
		<feat xlink:href="#sSpan4191" value="ⲟⲩϣϭⲓⲗϭⲓⲗ"/>
		<feat xlink:href="#sSpan4197" value="ⲉⲡⲉϥⲙⲁⲕϩ"/>
		<feat xlink:href="#sSpan4207" value="·"/>
		<feat xlink:href="#sSpan4211" value="ⲁⲩⲱ"/>
		<feat xlink:href="#sSpan4217" value="ⲁϥⲧⲟⲟⲩ"/>
		<feat xlink:href="#sSpan4225" value="ⲙⲙⲁⲧⲟⲓ"/>
		<feat xlink:href="#sSpan4232" value="ⲙⲉϩ"/>
		<feat xlink:href="#sSpan4236" value="ⲛⲉⲩϭⲓϫ"/>
		<feat xlink:href="#sSpan4243" value="ⲛⲃⲁ"/>
		<feat xlink:href="#sSpan4251" value="·"/>
		<feat xlink:href="#sSpan4255" value="ⲁⲩⲱ"/>
		<feat xlink:href="#sSpan4259" value="ⲛⲉⲩϩⲓⲟⲩⲉ"/>
		<feat xlink:href="#sSpan4267" value="ⲉⲣⲟϥ"/>
		<feat xlink:href="#sSpan4273" value="·"/>
		<feat xlink:href="#sSpan4277" value="ⲉⲩⲡⲉⲣⲓⲁⲕⲉ"/>
		<feat xlink:href="#sSpan4286" value="ⲙⲙⲟϥ"/>
		<feat xlink:href="#sSpan4292" value="ϩⲛⲧⲡⲟⲗⲓⲥ"/>
		<feat xlink:href="#sSpan4303" value="ⲧⲏⲣⲥ"/>
		<feat xlink:href="#sSpan4309" value="·"/>
		<feat xlink:href="#sSpan4313" value="ⲉϥⲕⲏⲕⲁϩⲏⲩ"/>
		<feat xlink:href="#sSpan4323" value="·"/>
		<feat xlink:href="#sSpan4327" value="ⲉⲣⲉⲡⲕⲩⲣⲓⲝ"/>
		<feat xlink:href="#sSpan4337" value="ⲱϣ"/>
		<feat xlink:href="#sSpan4343" value="ⲉⲃⲟⲗ"/>
		<feat xlink:href="#sSpan4347" value="ϩⲁⲧⲉϥϩⲏ"/>
		<feat xlink:href="#sSpan4356" value="·"/>
		<feat xlink:href="#sSpan4360" value="ϫⲉⲛⲧⲁⲩⲣⲛⲁⲓ"/>
		<feat xlink:href="#sSpan4377" value="ⲙⲡⲁⲓ"/>
		<feat xlink:href="#sSpan4384" value="ϫⲉⲙⲡⲉϥⲑⲩⲥⲓⲁⲍⲉ"/>
		<feat xlink:href="#sSpan4396" value="ⲛⲛⲛⲟⲩⲧⲉ"/>
		<feat xlink:href="#sSpan4405" value="ⲙⲡⲣⲣⲟ"/>
		<feat xlink:href="#sSpan4414" value="·"/>
		<feat xlink:href="#sSpan4418" value="ⲁⲩⲱ"/>
		<feat xlink:href="#sSpan4424" value="ⲁⲩⲙⲉϣⲧ"/>
		<feat xlink:href="#sSpan4432" value="ⲧⲡⲟⲗⲓⲥ"/>
		<feat xlink:href="#sSpan4441" value="ⲧⲏⲣⲥ"/>
		<feat xlink:href="#sSpan4447" value="ⲛⲙⲙⲁϥ"/>
		<feat xlink:href="#sSpan4453" value="·"/>
		<feat xlink:href="#sSpan4457" value="ϩⲣⲁⲓ"/>
		<feat xlink:href="#sSpan4466" value="ⲇⲉ"/>
		<feat xlink:href="#sSpan4470" value="ϩⲛⲥⲟⲩⲁ"/>
		<feat xlink:href="#sSpan4479" value="ⲙⲡⲁⲣⲙⲟⲩⲧⲉ"/>
		<feat xlink:href="#sSpan4486" value="·"/>
		<feat xlink:href="#sSpan4490" value="ϩⲙⲡϣⲟⲣⲡ"/>
		<feat xlink:href="#sSpan4499" value="ⲛⲉⲃⲟⲧ"/>
		<feat xlink:href="#sSpan4506" value="ⲛⲧⲁⲣⲭⲏ"/>
		<feat xlink:href="#sSpan4516" value="ⲛⲧⲉⲣⲟⲙⲡⲉ"/>
		<feat xlink:href="#sSpan4526" value="ⲕⲁⲧⲁⲧϭⲓⲛⲱⲡ"/>
		<feat xlink:href="#sSpan4537" value="ⲛⲛⲉϩⲣⲱⲙⲁⲓⲟⲥ"/>
		<feat xlink:href="#sSpan4548" value="·"/>
		<feat xlink:href="#sSpan4552" value="ⲁⲇⲓⲟⲕⲗⲏϯⲁⲛⲟⲥ"/>
		<feat xlink:href="#sSpan4562" value="ϫⲓ"/>
		<feat xlink:href="#sSpan4566" value="ⲛⲟⲩⲭⲁⲣⲧⲏⲥ"/>
		<feat xlink:href="#sSpan4576" value="ⲁϥⲥϩⲁⲓ"/>
		<feat xlink:href="#sSpan4585" value="ⲉⲣⲟϥ"/>
		<feat xlink:href="#sSpan4591" value="ⲛⲧⲉⲓϩⲉ"/>
		<feat xlink:href="#sSpan4599" value="·"/>
		<feat xlink:href="#sSpan4603" value="ϫⲉⲁⲛⲟⲕ"/>
		<feat xlink:href="#sSpan4612" value="ⲇⲓⲟⲕⲗⲏϯⲁⲛⲟⲥ"/>
		<feat xlink:href="#sSpan4617" value="ⲡⲉⲧⲟ"/>
		<feat xlink:href="#sSpan4626" value="ⲛϫⲟⲉⲓⲥ"/>
		<feat xlink:href="#sSpan4633" value="ⲉⲡⲕⲟⲥⲙⲟⲥ"/>
		<feat xlink:href="#sSpan4643" value="ⲧⲏⲣϥ"/>
		<feat xlink:href="#sSpan4649" value="ⲉϥⲥϩⲁⲓ"/>
		<feat xlink:href="#sSpan4657" value="ⲛϩⲁⲣⲙⲉⲛⲓⲟⲥ"/>
		<feat xlink:href="#sSpan4666" value="ⲡⲕⲱⲙⲉⲥ"/>
		<feat xlink:href="#sSpan4673" value="ⲛⲣⲁⲕⲟⲧⲉ"/>
		<feat xlink:href="#sSpan4680" value="·"/>
		<feat xlink:href="#sSpan4684" value="ϫⲉϩⲛⲧⲉⲩⲛⲟⲩ"/>
		<feat xlink:href="#sSpan4694" value="ⲉⲧⲟⲩⲛⲁⲉⲓⲛⲉ"/>
		<feat xlink:href="#sSpan4705" value="ⲛⲁⲕ"/>
		<feat xlink:href="#sSpan4711" value="ⲙⲡⲉⲓⲉⲝⲱⲙⲉⲛⲟⲥ"/>
		<feat xlink:href="#sSpan4721" value="ϫⲉⲃⲓⲕⲧⲱⲣ"/>
		<feat xlink:href="#sSpan4729" value="·"/>
		<feat xlink:href="#sSpan4734" value="ⲉⲝⲉⲧⲁⲍⲉ"/>
		<feat xlink:href="#sSpan4741" value="ⲙⲙⲟϥ"/>
		<feat xlink:href="#sSpan4747" value="ⲛϣⲟⲙⲛⲧ"/>
		<feat xlink:href="#sSpan4754" value="ⲛⲥⲟⲡ"/>
		<feat xlink:href="#sSpan4760" value="·"/>
		<feat xlink:href="#sSpan4764" value="ⲙⲛⲛⲥⲱⲥ"/>
		<feat xlink:href="#sSpan4772" value="ⲛⲅⲛⲟϫϥ"/>
		<feat xlink:href="#sSpan4784" value="ⲉⲡⲙⲧⲱⲕ"/>
		<feat xlink:href="#sSpan4793" value="ⲛⲧⲥⲓⲟⲟⲩⲛ"/>
		<feat xlink:href="#sSpan4802" value="·"/>
		<feat xlink:href="#sSpan4806" value="ⲛⲅⲣⲟⲕϩϥ"/>
		<feat xlink:href="#sSpan4816" value=":—"/>
		<feat xlink:href="#sSpan4820" value="ⲁⲩⲱ"/>
		<feat xlink:href="#sSpan4828" value="ⲛⲧⲉⲩⲛⲟⲩ"/>
		<feat xlink:href="#sSpan4836" value="ⲁⲩⲡⲁⲣⲁⲇⲓⲇⲟⲩ"/>
		<feat xlink:href="#sSpan4845" value="ⲙⲙⲟϥ"/>
		<feat xlink:href="#sSpan4851" value="ⲉⲧⲟⲟⲧⲟⲩ"/>
		<feat xlink:href="#sSpan4857" value="ⲛϥⲧⲟⲟⲩ"/>
		<feat xlink:href="#sSpan4865" value="ⲙⲙⲁⲧⲟⲓ"/>
		<feat xlink:href="#sSpan4871" value="·"/>
		<feat xlink:href="#sSpan4875" value="ⲉⲧⲣⲉⲩϫⲓⲧϥ"/>
		<feat xlink:href="#sSpan4887" value="ⲉⲣⲁⲕⲟⲧⲉ"/>
		<feat xlink:href="#sSpan4894" value="·"/>
		<feat xlink:href="#sSpan4898" value="ⲉⲣⲉⲟⲩⲕⲟⲗⲗⲁⲣⲓⲟⲛ"/>
		<feat xlink:href="#sSpan4911" value="ϩⲙⲡⲉϥⲙⲁⲕϩ"/>
		<feat xlink:href="#sSpan4920" value="·"/>
		<feat xlink:href="#sSpan4924" value="ⲉⲣⲉⲟⲩⲭⲁⲙⲱⲥ"/>
		<feat xlink:href="#sSpan4934" value="ϩⲛⲣⲱϥ"/>
		<feat xlink:href="#sSpan4944" value="·"/>
		<feat xlink:href="#sSpan4948" value="ⲁⲩⲱ"/>
		<feat xlink:href="#sSpan4952" value="ⲉⲣⲉⲟⲩⲡⲁⲓⲇⲁⲓⲥ"/>
		<feat xlink:href="#sSpan4961" value="ϩⲛⲛⲉϥⲟⲩⲉⲣⲏⲧⲉ"/>
		<feat xlink:href="#sSpan4970" value="·"/>
		<feat xlink:href="#sSpan4974" value="ⲉϥⲕⲏⲕⲁϩⲏⲩ"/>
		<feat xlink:href="#sSpan4985" value="ⲉⲣⲉⲟⲩⲫⲓⲙⲓⲛⲁⲣⲓⲟⲛ"/>
		<feat xlink:href="#sSpan4995" value="ϩⲛⲣⲁⲧϥ"/>
		<feat xlink:href="#sSpan5004" value="·"/>
		<feat xlink:href="#sSpan5008" value="ⲁⲩⲱ"/>
		<feat xlink:href="#sSpan5012" value="ⲉⲣⲉⲙⲙⲁⲧⲟⲓ"/>
		<feat xlink:href="#sSpan5022" value="ϩⲃⲟⲣⲃⲣ"/>
		<feat xlink:href="#sSpan5026" value="ⲙⲙⲟϥ"/>
		<feat xlink:href="#sSpan5032" value="·"/>
		<feat xlink:href="#sSpan5036" value="ⲡϩⲁⲅⲓⲟⲥ"/>
		<feat xlink:href="#sSpan5049" value="ⲇⲉ"/>
		<feat xlink:href="#sSpan5054" value="ⲁⲡⲁ"/>
		<feat xlink:href="#sSpan5059" value="ⲃⲓⲕⲧⲱⲣ"/>
		<feat xlink:href="#sSpan5063" value="ⲡⲉϫⲁϥ"/>
		<feat xlink:href="#sSpan5069" value="ⲛⲙⲙⲁⲧⲟⲓ"/>
		<feat xlink:href="#sSpan5078" value="ⲉⲧⲧⲟ"/>
		<feat xlink:href="#sSpan5084" value="ⲉⲣⲟϥ"/>
		<feat xlink:href="#sSpan5091" value="ϫⲉⲛⲁⲥⲛⲏⲩ"/>
		<feat xlink:href="#sSpan5100" value="·"/>
		<feat xlink:href="#sSpan5104" value="ⲁⲗⲱⲧⲛ"/>
		<feat xlink:href="#sSpan5108" value="ⲉⲧⲉⲧⲛⲟ"/>
		<feat xlink:href="#sSpan5116" value="ⲛⲟⲩⲁϩⲓⲏⲧ"/>
		<feat xlink:href="#sSpan5125" value="ⲉⲣⲟⲓ"/>
		<feat xlink:href="#sSpan5132" value="ⲛⲧⲉⲓϩⲉ"/>
		<feat xlink:href="#sSpan5140" value="ⲧⲏⲣⲥ"/>
		<feat xlink:href="#sSpan5146" value="·"/>
		<feat xlink:href="#sSpan5150" value="ⲁⲩⲱ"/>
		<feat xlink:href="#sSpan5154" value="ⲉⲧⲉⲧⲛϣⲧⲟⲣⲧⲣ"/>
		<feat xlink:href="#sSpan5162" value="ⲙⲙⲟⲓ"/>
		<feat xlink:href="#sSpan5168" value="·"/>
		<feat xlink:href="#sSpan5172" value="ⲟⲩ"/>
		<feat xlink:href="#sSpan5179" value="ⲡⲉ"/>
		<feat xlink:href="#sSpan5183" value="ⲡⲓⲉⲧϩⲟⲟⲩ"/>
		<feat xlink:href="#sSpan5193" value="ⲛⲧⲁⲓⲁⲁϥ"/>
		<feat xlink:href="#sSpan5205" value="ⲛⲏⲧⲛ"/>
		<feat xlink:href="#sSpan5211" value="·"/>
		<feat xlink:href="#sSpan5215" value="ⲉⲧⲉⲧⲛⲣⲁϣⲉ"/>
		<feat xlink:href="#sSpan5223" value="ⲉϩⲣⲁⲓ"/>
		<feat xlink:href="#sSpan5228" value="ⲉϫⲱⲓ"/>
		<feat xlink:href="#sSpan5234" value="ⲛⲧⲉⲓϩⲉ"/>
		<feat xlink:href="#sSpan5242" value="ⲧⲏⲣⲥ"/>
		<feat xlink:href="#sSpan5248" value="·"/>
		<feat xlink:href="#sSpan5252" value="ⲛⲙⲙⲟⲛ"/>
		<feat xlink:href="#sSpan5260" value="ⲁⲓⲃⲗⲁⲡⲧⲉⲓ"/>
		<feat xlink:href="#sSpan5269" value="ⲙⲙⲱⲧⲛ"/>
		<feat xlink:href="#sSpan5276" value="ⲉⲛⲉϩ"/>
		<feat xlink:href="#sSpan5280" value="·"/>
		<feat xlink:href="#sSpan5285" value="ⲏ"/>
		<feat xlink:href="#sSpan5289" value="ⲁⲓϫⲓ"/>
		<feat xlink:href="#sSpan5297" value="ⲟⲩⲁ"/>
		<feat xlink:href="#sSpan5302" value="ⲛϭⲟⲛⲥ"/>
		<feat xlink:href="#sSpan5308" value="ⲉⲛⲉϩ"/>
		<feat xlink:href="#sSpan5312" value="·"/>
		<feat xlink:href="#sSpan5316" value="ⲉϣⲱⲡⲉ"/>
		<feat xlink:href="#sSpan5322" value="ⲁϩⲉⲛⲛⲉⲡⲁϫⲟⲉⲓⲥ"/>
		<feat xlink:href="#sSpan5337" value="ⲥⲟⲟⲩⲧⲛ"/>
		<feat xlink:href="#sSpan5341" value="ⲛⲧⲁϩⲓⲏ"/>
		<feat xlink:href="#sSpan5350" value="·"/>
		<feat xlink:href="#sSpan5354" value="ⲟⲩⲙⲟⲛⲟⲛ"/>
		<feat xlink:href="#sSpan5361" value="ϫⲉⲛⲧⲱⲧⲛ"/>
		<feat xlink:href="#sSpan5369" value="ⲁⲗⲗⲁ"/>
		<feat xlink:href="#sSpan5373" value="ⲟⲩⲟⲛ"/>
		<feat xlink:href="#sSpan5379" value="ⲛⲓⲙ"/>
		<feat xlink:href="#sSpan5383" value="·"/>
		<feat xlink:href="#sSpan5387" value="ⲙⲡⲱⲣ"/>
		<feat xlink:href="#sSpan5393" value="ϭⲉ"/>
		<feat xlink:href="#sSpan5398" value="ⲛⲁⲥⲛⲏⲩ"/>
		<feat xlink:href="#sSpan5404" value="ⲙⲡⲣⲣⲁϣⲉ"/>
		<feat xlink:href="#sSpan5411" value="ⲙⲙⲟⲓ"/>
		<feat xlink:href="#sSpan5417" value="·"/>
		<feat xlink:href="#sSpan5421" value="ϫⲉⲁϩⲉⲛⲡⲉⲧϩⲟⲟⲩ"/>
		<feat xlink:href="#sSpan5435" value="ⲧⲱⲟⲩⲛ"/>
		<feat xlink:href="#sSpan5439" value="ⲉϫⲱⲓ"/>
		<feat xlink:href="#sSpan5446" value="·"/>
		<feat xlink:href="#sSpan5450" value="ϥⲥⲏϩ"/>
		<feat xlink:href="#sSpan5459" value="ⲅⲁⲣ"/>
		<feat xlink:href="#sSpan5463" value="ϫⲉⲙⲡⲣⲣⲁϣⲉ"/>
		<feat xlink:href="#sSpan5471" value="ⲛⲟⲩⲁ"/>
		<feat xlink:href="#sSpan5478" value="ⲉⲁϥⲙⲟⲩ"/>
		<feat xlink:href="#sSpan5488" value="·"/>
		<feat xlink:href="#sSpan5493" value="ⲁⲗⲗⲁ"/>
		<feat xlink:href="#sSpan5498" value="ⲁⲣⲓⲡⲙⲉⲉⲩⲉ"/>
		<feat xlink:href="#sSpan5506" value="ϫⲉⲧⲛⲛⲁⲙⲟⲩ"/>
		<feat xlink:href="#sSpan5516" value="ⲧⲏⲣⲛ"/>
		<feat xlink:href="#sSpan5522" value="·"/>
		<feat xlink:href="#sSpan5527" value="ⲁⲗⲗⲁ"/>
		<feat xlink:href="#sSpan5533" value="ϫⲉⲁⲓⲣⲙⲁⲧⲟⲓ"/>
		<feat xlink:href="#sSpan5546" value="ⲛⲙⲙⲏⲧⲛ"/>
		<feat xlink:href="#sSpan5552" value="ⲛⲟⲩϩⲟⲟⲩ"/>
		<feat xlink:href="#sSpan5561" value="ⲛⲟⲩⲱⲧ"/>
		<feat xlink:href="#sSpan5567" value="ⲙⲡⲣⲁⲁⲥ"/>
		<feat xlink:href="#sSpan5576" value="ⲉⲧⲃⲏⲏⲧ"/>
		<feat xlink:href="#sSpan5582" value="·"/>
		<feat xlink:href="#sSpan5587" value="ⲁⲗⲗⲁ"/>
		<feat xlink:href="#sSpan5591" value="ⲁⲣⲓⲥ"/>
		<feat xlink:href="#sSpan5597" value="ⲉⲧⲃⲉⲡⲛⲟⲩⲧⲉ"/>
		<feat xlink:href="#sSpan5606" value="ⲛⲧⲉⲧⲛⲃⲱϣ"/>
		<feat xlink:href="#sSpan5615" value="ⲛⲁⲓ"/>
		<feat xlink:href="#sSpan5621" value="ⲙⲡⲉⲭⲁⲙⲱⲥ"/>
		<feat xlink:href="#sSpan5631" value="·"/>
		<feat xlink:href="#sSpan5635" value="ⲛⲧⲁϫⲉⲡⲉⲓϣⲁϫⲉ"/>
		<feat xlink:href="#sSpan5648" value="ⲉⲧⲁⲙⲁⲁⲩ"/>
		<feat xlink:href="#sSpan5658" value="·"/>
		<feat xlink:href="#sSpan5663" value="ⲙⲙⲁⲧⲟⲓ"/>
		<feat xlink:href="#sSpan5672" value="ⲇⲉ"/>
		<feat xlink:href="#sSpan5676" value="ⲁⲩⲙⲕⲁϩ"/>
		<feat xlink:href="#sSpan5684" value="ⲛϩⲏⲧ"/>
		<feat xlink:href="#sSpan5691" value="·"/>
		<feat xlink:href="#sSpan5695" value="ⲁⲩⲃⲱϣ"/>
		<feat xlink:href="#sSpan5703" value="ⲙⲡⲉⲭⲁⲙⲱⲥ"/>
		<feat xlink:href="#sSpan5714" value="ϩⲛⲣⲱϥ"/>
		<feat xlink:href="#sSpan5723" value="·"/>
		<feat xlink:href="#sSpan5727" value="ⲛⲧⲟϥ"/>
		<feat xlink:href="#sSpan5732" value="ⲇⲉ"/>
		<feat xlink:href="#sSpan5736" value="ⲁϥϯⲡⲉϥⲟⲩⲟⲉⲓ"/>
		<feat xlink:href="#sSpan5749" value="ⲉϩⲟⲩⲛ"/>
		<feat xlink:href="#sSpan5754" value="ⲉⲡⲉϥⲏⲓ"/>
		<feat xlink:href="#sSpan5763" value=":—"/>
		<feat xlink:href="#sSpan5768" value="ⲧⲉϥⲙⲁⲁⲩ"/>
		<feat xlink:href="#sSpan5779" value="ⲇⲉ"/>
		<feat xlink:href="#sSpan5783" value="ⲛⲧⲉⲣⲉⲥⲛⲁⲩ"/>
		<feat xlink:href="#sSpan5791" value="ⲉⲣⲟϥ"/>
		<feat xlink:href="#sSpan5797" value="ⲁⲥϣⲧⲟⲣⲧⲣ"/>
		<feat xlink:href="#sSpan5805" value="ϩⲣⲁⲓ"/>
		<feat xlink:href="#sSpan5809" value="ⲛϩⲏⲧⲥ"/>
		<feat xlink:href="#sSpan5816" value="·"/>
		<feat xlink:href="#sSpan5820" value="ⲁⲥⲧⲱⲟⲩⲛ"/>
		<feat xlink:href="#sSpan5828" value="ϩⲓϫⲙⲡⲉⲥⲑⲣⲟⲛⲟⲥ"/>
		<feat xlink:href="#sSpan5838" value="·"/>
		<feat xlink:href="#sSpan5842" value="ⲡⲉϫⲁⲥ"/>
		<feat xlink:href="#sSpan5848" value="ϫⲉⲛⲧⲟⲕ"/>
		<feat xlink:href="#sSpan5858" value="ⲡⲉ"/>
		<feat xlink:href="#sSpan5863" value="ⲡⲁϣⲏⲣⲉ"/>
		<feat xlink:href="#sSpan5871" value="ⲃⲓⲕⲧⲱⲣ"/>
		<feat xlink:href="#sSpan5875" value="ⲡⲟⲩⲟⲉⲓⲛ"/>
		<feat xlink:href="#sSpan5881" value="ⲛⲛⲁⲃⲁⲗ"/>
		<feat xlink:href="#sSpan5890" value="·"/>
		<feat xlink:href="#sSpan5894" value="ⲛⲉⲥⲛⲁⲩ"/>
		<feat xlink:href="#sSpan5905" value="ⲉⲣⲟϥ"/>
		<feat xlink:href="#sSpan5911" value="ⲉϥⲕⲏⲕⲁϩⲏⲩ"/>
		<feat xlink:href="#sSpan5921" value="·"/>
		<feat xlink:href="#sSpan5925" value="ⲉϥϫⲓⲡⲉⲛⲓⲡⲉ"/>
		<feat xlink:href="#sSpan5935" value="ⲉⲛⲉϥϭⲓϫ"/>
		<feat xlink:href="#sSpan5945" value="ⲙⲛⲛⲉϥⲟⲩⲣⲏⲏⲧⲉ"/>
		<feat xlink:href="#sSpan5954" value="·"/>
		<feat xlink:href="#sSpan5958" value="ⲡⲉϫⲁⲥ"/>
		<feat xlink:href="#sSpan5964" value="ⲛⲁϥ"/>
		<feat xlink:href="#sSpan5970" value="·"/>
		<feat xlink:href="#sSpan5974" value="ϫⲉⲉⲧⲃⲉⲟⲩ"/>
		<feat xlink:href="#sSpan5986" value="ⲕϣⲟⲟⲡ"/>
		<feat xlink:href="#sSpan5992" value="ⲛⲧⲉⲓϩⲉ"/>
		<feat xlink:href="#sSpan6000" value="·"/>
		<feat xlink:href="#sSpan6005" value="ⲱ"/>
		<feat xlink:href="#sSpan6009" value="ⲡⲁϣⲏⲣⲉ"/>
		<feat xlink:href="#sSpan6017" value="ⲃⲓⲕⲧⲱⲣ"/>
		<feat xlink:href="#sSpan6021" value="·"/>
		<feat xlink:href="#sSpan6026" value="ⲡⲗⲏⲛ"/>
		<feat xlink:href="#sSpan6032" value="ⲁⲧⲁⲯⲩⲭⲏ"/>
		<feat xlink:href="#sSpan6043" value="ϣⲧⲟⲣⲧⲣ"/>
		<feat xlink:href="#sSpan6047" value="ⲉⲓⲛⲁⲩ"/>
		<feat xlink:href="#sSpan6055" value="ⲉⲣⲟⲕ"/>
		<feat xlink:href="#sSpan6061" value="ⲛⲧⲉⲓϩⲉ"/>
		<feat xlink:href="#sSpan6069" value="·"/>
		<feat xlink:href="#sSpan6074" value="ⲙⲏ"/>
		<feat xlink:href="#sSpan6080" value="ⲛⲧⲁⲕⲗⲓⲃⲉ"/>
		<feat xlink:href="#sSpan6091" value="·"/>
		<feat xlink:href="#sSpan6096" value="ⲏ"/>
		<feat xlink:href="#sSpan6100" value="ⲛⲧⲁⲡⲣⲣⲟ"/>
		<feat xlink:href="#sSpan6112" value="ⲕⲁⲧⲁⲕⲣⲓⲛⲉ"/>
		<feat xlink:href="#sSpan6120" value="ⲙⲙⲟⲕ"/>
		<feat xlink:href="#sSpan6126" value="ⲉⲩⲛⲟⲩⲃ"/>
		<feat xlink:href="#sSpan6136" value="·"/>
		<feat xlink:href="#sSpan6140" value="ϫⲉⲉϥⲛⲁⲣ"/>
		<feat xlink:href="#sSpan6152" value="ⲛⲁⲓ"/>
		<feat xlink:href="#sSpan6158" value="ⲛⲁⲕ"/>
		<feat xlink:href="#sSpan6164" value="·"/>
		<feat xlink:href="#sSpan6168" value="ⲡϩⲁⲅⲓⲟⲥ"/>
		<feat xlink:href="#sSpan6179" value="ⲇⲉ"/>
		<feat xlink:href="#sSpan6184" value="ⲁⲡⲁ"/>
		<feat xlink:href="#sSpan6189" value="ⲃⲓⲕⲧⲱⲣ"/>
		<feat xlink:href="#sSpan6194" value="ⲡⲉϫⲁϥ"/>
		<feat xlink:href="#sSpan6200" value="ⲛⲧⲉϥⲙⲁⲁⲩ"/>
		<feat xlink:href="#sSpan6209" value="·"/>
		<feat xlink:href="#sSpan6213" value="ϫⲓⲣⲓⲙⲉ"/>
		<feat xlink:href="#sSpan6222" value="ⲛⲉ"/>
		<feat xlink:href="#sSpan6227" value="ⲱ"/>
		<feat xlink:href="#sSpan6231" value="ⲧⲁⲙⲁⲁⲩ"/>
		<feat xlink:href="#sSpan6239" value="·"/>
		<feat xlink:href="#sSpan6243" value="ϫⲉⲉⲩⲛⲁϥⲓ"/>
		<feat xlink:href="#sSpan6255" value="ⲙⲡⲣⲁⲛ"/>
		<feat xlink:href="#sSpan6264" value="ⲛⲃⲓⲕⲧⲱⲣ"/>
		<feat xlink:href="#sSpan6272" value="ⲉⲃⲟⲗ"/>
		<feat xlink:href="#sSpan6276" value="ϩⲙⲡⲟⲩⲏⲓ"/>
		<feat xlink:href="#sSpan6286" value="ⲙⲡϩⲟⲟⲩ"/>
		<feat xlink:href="#sSpan6295" value=":—"/>
		<feat xlink:href="#sSpan6299" value="ⲧⲉⲛⲟⲩ"/>
		<feat xlink:href="#sSpan6307" value="ϭⲉ"/>
		<feat xlink:href="#sSpan6311" value="ⲥⲱⲧⲙ"/>
		<feat xlink:href="#sSpan6315" value="ⲉⲣⲟⲓ"/>
		<feat xlink:href="#sSpan6322" value="ⲧⲁⲙⲁⲁⲩ"/>
		<feat xlink:href="#sSpan6328" value="·"/>
		<feat xlink:href="#sSpan6332" value="ⲛⲧⲁϫⲱ"/>
		<feat xlink:href="#sSpan6340" value="ⲛⲛⲁϣⲁϫⲉ"/>
		<feat xlink:href="#sSpan6349" value="ⲉⲧϩⲟⲗϭ"/>
		<feat xlink:href="#sSpan6359" value="ⲉϩⲟⲩⲛ"/>
		<feat xlink:href="#sSpan6363" value="ⲉⲛⲟⲩⲙⲁⲁϫⲉ"/>
		<feat xlink:href="#sSpan6372" value="·"/>
		<feat xlink:href="#sSpan6376" value="ϩⲁⲧϩⲉ"/>
		<feat xlink:href="#sSpan6387" value="ⲙⲉⲛ"/>
		<feat xlink:href="#sSpan6391" value="ⲛϩⲱⲃ"/>
		<feat xlink:href="#sSpan6399" value="ⲛⲓⲙ"/>
		<feat xlink:href="#sSpan6404" value="ⲁⲣⲓϩⲟⲧⲉ"/>
		<feat xlink:href="#sSpan6411" value="ϩⲏⲧϥ"/>
		<feat xlink:href="#sSpan6417" value="ⲙⲡⲛⲟⲩⲧⲉ"/>
		<feat xlink:href="#sSpan6426" value="·"/>
		<feat xlink:href="#sSpan6430" value="ⲛⲧⲉϯⲉⲟⲟⲩ"/>
		<feat xlink:href="#sSpan6440" value="ⲛⲛⲉϥⲡⲉⲧⲟⲩⲁⲁⲃ"/>
		<feat xlink:href="#sSpan6453" value="·"/>
		<feat xlink:href="#sSpan6458" value="ⲛⲉϥⲥⲁⲃⲃⲁⲧⲟⲛ"/>
		<feat xlink:href="#sSpan6467" value="ⲧⲃⲃⲟⲟⲩ"/>
		<feat xlink:href="#sSpan6473" value="·"/>
		<feat xlink:href="#sSpan6478" value="ⲛⲛⲏⲥⲧⲉⲓⲁ"/>
		<feat xlink:href="#sSpan6487" value="ϩⲁⲣⲉϩ"/>
		<feat xlink:href="#sSpan6492" value="ⲉⲣⲟⲟⲩ"/>
		<feat xlink:href="#sSpan6498" value="·"/>
		<feat xlink:href="#sSpan6502" value="ⲙⲡⲣⲟⲃϣⲉ"/>
		<feat xlink:href="#sSpan6510" value="ⲉⲛⲉⲭⲏⲣⲁ"/>
		<feat xlink:href="#sSpan6520" value="ⲙⲛⲛⲟⲣⲫⲁⲛⲟⲥ"/>
		<feat xlink:href="#sSpan6531" value="·"/>
		<feat xlink:href="#sSpan6535" value="ϫⲉϫⲓⲛⲙⲡϩⲟⲟⲩ"/>
		<feat xlink:href="#sSpan6548" value="ⲉⲧϩⲏ"/>
		<feat xlink:href="#sSpan6557" value="·"/>
		<feat xlink:href="#sSpan6561" value="ⲉⲓⲛⲁϣⲱⲡⲉ"/>
		<feat xlink:href="#sSpan6571" value="ⲛⲟⲣⲫⲁⲛⲟⲥ"/>
		<feat xlink:href="#sSpan6580" value="·"/>
		<feat xlink:href="#sSpan6584" value="ⲛⲁⲧⲉⲓⲱⲧ"/>
		<feat xlink:href="#sSpan6592" value="ⲛⲁⲧⲙⲁⲁⲩ"/>
		<feat xlink:href="#sSpan6600" value="·"/>
		<feat xlink:href="#sSpan6604" value="ϫⲉⲕⲁⲥ"/>
		<feat xlink:href="#sSpan6609" value="ⲧⲙⲛⲧⲛⲁ"/>
		<feat xlink:href="#sSpan6618" value="ⲉⲧⲣⲉⲛⲁⲁⲥ"/>
		<feat xlink:href="#sSpan6630" value="ⲙⲡⲉⲓⲙⲁ"/>
		<feat xlink:href="#sSpan6639" value="·"/>
		<feat xlink:href="#sSpan6643" value="ⲉⲣⲉⲡⲛⲟⲩⲧⲉ"/>
		<feat xlink:href="#sSpan6652" value="ⲛⲁⲧⲁⲁⲥ"/>
		<feat xlink:href="#sSpan6661" value="ⲉⲡϩⲏⲧ"/>
		<feat xlink:href="#sSpan6670" value="ⲛⲟⲩⲁ"/>
		<feat xlink:href="#sSpan6677" value="·"/>
		<feat xlink:href="#sSpan6681" value="ⲛϥⲁⲁⲥ"/>
		<feat xlink:href="#sSpan6693" value="ⲛⲙⲙⲁⲓ"/>
		<feat xlink:href="#sSpan6699" value="ϩⲱ"/>
		<feat xlink:href="#sSpan6703" value="ϩⲙⲡⲙⲁ"/>
		<feat xlink:href="#sSpan6713" value="ⲉϯⲛⲁⲃⲱⲕ"/>
		<feat xlink:href="#sSpan6723" value="ⲉⲣⲟϥ"/>
		<feat xlink:href="#sSpan6729" value="·"/>
		<feat xlink:href="#sSpan6733" value="ⲉⲃⲟⲗ"/>
		<feat xlink:href="#sSpan6738" value="ϫⲉⲙⲛⲡⲉⲧⲟ"/>
		<feat xlink:href="#sSpan6751" value="ⲛⲛⲟϭ"/>
		<feat xlink:href="#sSpan6759" value="ⲉⲧⲁⲅⲁⲡⲏ"/>
		<feat xlink:href="#sSpan6769" value="·"/>
		<feat xlink:href="#sSpan6774" value="ⲛⲉⲧϣⲱⲛⲉ"/>
		<feat xlink:href="#sSpan6784" value="ϭⲙⲡⲉⲩϣⲓⲛⲉ"/>
		<feat xlink:href="#sSpan6793" value="·"/>
		<feat xlink:href="#sSpan6797" value="ϯ"/>
		<feat xlink:href="#sSpan6805" value="ϩⲓⲱⲱϥ"/>
		<feat xlink:href="#sSpan6811" value="ⲛⲟⲩⲁ"/>
		<feat xlink:href="#sSpan6818" value="ⲉϥⲕⲏⲕⲁϩⲏⲩ"/>
		<feat xlink:href="#sSpan6828" value="·"/>
		<feat xlink:href="#sSpan6832" value="ⲧⲥⲉⲟⲩⲁ"/>
		<feat xlink:href="#sSpan6843" value="ⲉϥⲟⲃⲉ"/>
		<feat xlink:href="#sSpan6851" value="·"/>
		<feat xlink:href="#sSpan6855" value="ϣⲡⲟⲩϣⲙⲙⲟ"/>
		<feat xlink:href="#sSpan6867" value="ⲉⲣⲟ"/>
		<feat xlink:href="#sSpan6871" value="·"/>
		<feat xlink:href="#sSpan6875" value="ⲉⲃⲟⲗ"/>
		<feat xlink:href="#sSpan6880" value="ϫⲉⲉⲓⲛⲁϣⲱⲡⲉ"/>
		<feat xlink:href="#sSpan6892" value="ϩⲱ"/>
		<feat xlink:href="#sSpan6896" value="ⲛϣⲙⲙⲟ"/>
		<feat xlink:href="#sSpan6904" value="·"/>
		<feat xlink:href="#sSpan6908" value="ϫⲓⲛⲡϩⲟⲟⲩ"/>
		<feat xlink:href="#sSpan6916" value="ⲉⲃⲟⲗ"/>
		<feat xlink:href="#sSpan6920" value="·"/>
		<feat xlink:href="#sSpan6924" value="ϫⲉⲕⲁⲥ"/>
		<feat xlink:href="#sSpan6928" value="ⲉⲣⲉⲡⲉⲥⲙⲟⲩ"/>
		<feat xlink:href="#sSpan6937" value="ⲛⲥⲁⲣⲣⲁ"/>
		<feat xlink:href="#sSpan6946" value="ϣⲱⲡⲉ"/>
		<feat xlink:href="#sSpan6950" value="ϩⲓϫⲱ"/>
		<feat xlink:href="#sSpan6954" value="·"/>
		<feat xlink:href="#sSpan6958" value="ⲛⲉⲛⲧⲁⲓϫⲟⲟⲩ"/>
		<feat xlink:href="#sSpan6973" value="ⲉⲣⲟ"/>
		<feat xlink:href="#sSpan6978" value="ⲱ"/>
		<feat xlink:href="#sSpan6983" value="ⲧⲁⲙⲁⲁⲩ"/>
		<feat xlink:href="#sSpan6991" value="ⲡⲛⲟⲩⲧⲉ"/>
		<feat xlink:href="#sSpan6997" value="ⲣⲱϣⲉ"/>
		<feat xlink:href="#sSpan7002" value="ⲉⲧⲟⲩⲯⲩⲭⲏ"/>
		<feat xlink:href="#sSpan7012" value="·"/>
		<feat xlink:href="#sSpan7016" value="ⲧⲉⲛⲟⲩ"/>
		<feat xlink:href="#sSpan7024" value="ϭⲉ"/>
		<feat xlink:href="#sSpan7029" value="ⲱ"/>
		<feat xlink:href="#sSpan7034" value="ⲧⲁⲙⲁⲁⲩ"/>
		<feat xlink:href="#sSpan7040" value="·"/>
		<feat xlink:href="#sSpan7044" value="ⲁⲓⲟⲩⲱ"/>
		<feat xlink:href="#sSpan7052" value="ⲉⲓⲉⲓⲙⲉ"/>
		<feat xlink:href="#sSpan7060" value="·"/>
		<feat xlink:href="#sSpan7064" value="ϫⲉϯⲛⲁⲕⲧⲟⲓ"/>
		<feat xlink:href="#sSpan7077" value="ⲁⲛ"/>
		<feat xlink:href="#sSpan7081" value="ⲉⲛⲁⲩ"/>
		<feat xlink:href="#sSpan7087" value="ⲉⲣⲟ"/>
		<feat xlink:href="#sSpan7091" value="ϫⲓⲛⲡⲉⲓⲛⲁⲩ"/>
		<feat xlink:href="#sSpan7100" value="·"/>
		<feat xlink:href="#sSpan7104" value="ⲁⲩⲱ"/>
		<feat xlink:href="#sSpan7108" value="ⲉϣⲱⲡⲉ"/>
		<feat xlink:href="#sSpan7112" value="ϯⲟⲛϩ"/>
		<feat xlink:href="#sSpan7119" value="·"/>
		<feat xlink:href="#sSpan7123" value="ⲛϯⲥⲱⲧⲙ"/>
		<feat xlink:href="#sSpan7131" value="ϫⲉⲁⲓⲙⲟⲩ"/>
		<feat xlink:href="#sSpan7141" value="·"/>
		<feat xlink:href="#sSpan7145" value="ϣⲓⲛⲉ"/>
		<feat xlink:href="#sSpan7150" value="ⲛⲥⲁⲡⲁⲡⲁⲥⲱⲙⲁ"/>
		<feat xlink:href="#sSpan7165" value="·"/>
		<feat xlink:href="#sSpan7169" value="ⲛϯⲉⲛⲧϥ"/>
		<feat xlink:href="#sSpan7179" value="ⲉⲡⲉⲓⲙⲁ"/>
		<feat xlink:href="#sSpan7188" value="·"/>
		<feat xlink:href="#sSpan7192" value="ⲙⲡⲣⲉⲓⲛⲉ"/>
		<feat xlink:href="#sSpan7201" value="ⲛⲧϩⲉ"/>
		<feat xlink:href="#sSpan7210" value="ⲙⲡⲁⲉⲓⲱⲧ"/>
		<feat xlink:href="#sSpan7219" value="ⲙⲙⲁⲥⲧϣⲏⲣⲉ"/>
		<feat xlink:href="#sSpan7227" value="·"/>
		<feat xlink:href="#sSpan7232" value="ⲁⲗⲗⲁ"/>
		<feat xlink:href="#sSpan7236" value="ϣⲱⲡⲉ"/>
		<feat xlink:href="#sSpan7240" value="ⲛⲧⲟ"/>
		<feat xlink:href="#sSpan7245" value="ⲛⲛⲁϩⲏⲧ"/>
		<feat xlink:href="#sSpan7254" value="·"/>
		<feat xlink:href="#sSpan7258" value="ⲛⲧⲉϯⲉⲟⲟⲩ"/>
		<feat xlink:href="#sSpan7267" value="ⲙⲡⲛⲟⲩⲧⲉ"/>
		<feat xlink:href="#sSpan7276" value="ⲙⲡⲉϩⲟⲟⲩ"/>
		<feat xlink:href="#sSpan7285" value="ⲙⲛⲧⲉⲩϣⲏ"/>
		<feat xlink:href="#sSpan7295" value="·"/>
		<feat xlink:href="#sSpan7299" value="ϫⲉⲕⲁⲥ"/>
		<feat xlink:href="#sSpan7303" value="ⲉϥⲛⲁⲣⲟⲩⲛⲁ"/>
		<feat xlink:href="#sSpan7318" value="ⲛⲙⲙⲉ"/>
		<feat xlink:href="#sSpan7324" value="ⲙⲡⲉϩⲟⲟⲩ"/>
		<feat xlink:href="#sSpan7334" value="·"/>
		<feat xlink:href="#sSpan7338" value="ⲛⲧⲟⲩⲁⲛⲁⲅⲕⲏ"/>
		<feat xlink:href="#sSpan7348" value="·"/></featList></paula>