<?xml version='1.0' encoding='UTF-8'?><!DOCTYPE paula SYSTEM "paula_feat.dtd">
<paula version="1.1">
	<header paula_id="scriptorium.martyrdom.victor.03.mark_pb_xml_id"/>
	<featList xmlns:xlink="http://www.w3.org/1999/xlink" type="pb_xml_id" xml:base="scriptorium.martyrdom.victor.03.mark.xml">
		<feat xlink:href="#sSpan9" value="MERC.AS12"/>
		<feat xlink:href="#sSpan1308" value="MERC.AS13"/>
		<feat xlink:href="#sSpan2580" value="MERC.AS14"/>
		<feat xlink:href="#sSpan3735" value="MERC.AS15"/>
		<feat xlink:href="#sSpan4778" value="MERC.AS16"/>
		<feat xlink:href="#sSpan5855" value="MERC.AS17"/>
		<feat xlink:href="#sSpan7155" value="MERC.AS18"/></featList></paula>