<?xml version='1.0' encoding='UTF-8'?><!DOCTYPE paula SYSTEM "paula_feat.dtd">
<paula version="1.1">
	<header paula_id="scriptorium.02_Exodus_04.mark_norm"/>
	<featList xmlns:xlink="http://www.w3.org/1999/xlink" type="norm" xml:base="scriptorium.02_Exodus_04.mark.xml">
		<feat xlink:href="#sSpan2" value="ⲁ"/>
		<feat xlink:href="#sSpan4" value="ϥ"/>
		<feat xlink:href="#sSpan5" value="ⲟⲩⲱϣⲃ"/>
		<feat xlink:href="#sSpan6" value="ⲛ"/>
		<feat xlink:href="#sSpan8" value="ⲇⲉ"/>
		<feat xlink:href="#sSpan9" value="ⲛϭⲓ"/>
		<feat xlink:href="#sSpan11" value="ⲙⲱⲩⲥⲏⲥ"/>
		<feat xlink:href="#sSpan13" value="ⲉ"/>
		<feat xlink:href="#sSpan15" value="ϥ"/>
		<feat xlink:href="#sSpan16" value="ϫⲱ"/>
		<feat xlink:href="#sSpan17" value="ⲙⲙⲟ"/>
		<feat xlink:href="#sSpan19" value="ⲥ"/>
		<feat xlink:href="#sSpan20" value="ϫⲉ"/>
		<feat xlink:href="#sSpan22" value="ⲉϣⲱⲡⲉ"/>
		<feat xlink:href="#sSpan24" value="ϭⲉ"/>
		<feat xlink:href="#sSpan26" value="ⲉ"/>
		<feat xlink:href="#sSpan28" value="ⲩ"/>
		<feat xlink:href="#sSpan29" value="ⲧⲙ"/>
		<feat xlink:href="#sSpan30" value="ⲧⲁⲛϩⲟⲩⲧ"/>
		<feat xlink:href="#sSpan31" value="ⲣⲉ"/>
		<feat xlink:href="#sSpan33" value="ⲁⲩⲱ"/>
		<feat xlink:href="#sSpan35" value="ⲛ"/>
		<feat xlink:href="#sSpan37" value="ⲥⲉ"/>
		<feat xlink:href="#sSpan38" value="ⲧⲙ"/>
		<feat xlink:href="#sSpan39" value="ⲥⲱⲧⲙ"/>
		<feat xlink:href="#sSpan40" value="ⲉ"/>
		<feat xlink:href="#sSpan42" value="ⲡⲁ"/>
		<feat xlink:href="#sSpan43" value="ϩⲣⲟⲟⲩ"/>
		<feat xlink:href="#sSpan44" value="ⲥⲉ"/>
		<feat xlink:href="#sSpan46" value="ⲛⲁ"/>
		<feat xlink:href="#sSpan47" value="ϫⲟⲟ"/>
		<feat xlink:href="#sSpan48" value="ⲥ"/>
		<feat xlink:href="#sSpan49" value="ⲅⲁⲣ"/>
		<feat xlink:href="#sSpan51" value="ϫⲉ"/>
		<feat xlink:href="#sSpan53" value="ⲙⲡⲉ"/>
		<feat xlink:href="#sSpan55" value="ⲡ"/>
		<feat xlink:href="#sSpan56" value="ⲛⲟⲩⲧⲉ"/>
		<feat xlink:href="#sSpan57" value="ⲟⲩⲱⲛⲉϩ"/>
		<feat xlink:href="#sSpan59" value="ⲛⲁ"/>
		<feat xlink:href="#sSpan61" value="ⲕ"/>
		<feat xlink:href="#sSpan62" value="ⲉⲃⲟⲗ"/>
		<feat xlink:href="#sSpan64" value="ⲟⲩ"/>
		<feat xlink:href="#sSpan66" value="ⲡⲉ"/>
		<feat xlink:href="#sSpan68" value="ⲉϯ"/>
		<feat xlink:href="#sSpan70" value="ⲛⲁ"/>
		<feat xlink:href="#sSpan71" value="ϫⲟⲟ"/>
		<feat xlink:href="#sSpan72" value="ϥ"/>
		<feat xlink:href="#sSpan73" value="ⲛⲁ"/>
		<feat xlink:href="#sSpan75" value="ⲩ"/>
		<feat xlink:href="#sSpan77" value="ⲡⲉϫⲁ"/>
		<feat xlink:href="#sSpan79" value="ϥ"/>
		<feat xlink:href="#sSpan80" value="ⲛ"/>
		<feat xlink:href="#sSpan82" value="ⲇⲉ"/>
		<feat xlink:href="#sSpan83" value="ⲛⲁ"/>
		<feat xlink:href="#sSpan85" value="ϥ"/>
		<feat xlink:href="#sSpan86" value="ⲛϭⲓ"/>
		<feat xlink:href="#sSpan88" value="ⲡ"/>
		<feat xlink:href="#sSpan90" value="ϫⲟⲉⲓⲥ"/>
		<feat xlink:href="#sSpan91" value="ϫⲉ"/>
		<feat xlink:href="#sSpan93" value="ⲟⲩ"/>
		<feat xlink:href="#sSpan95" value="ⲡⲉ"/>
		<feat xlink:href="#sSpan97" value="ⲡⲁⲓ"/>
		<feat xlink:href="#sSpan99" value="ⲉⲧ"/>
		<feat xlink:href="#sSpan101" value="ϩⲛ"/>
		<feat xlink:href="#sSpan102" value="ⲧⲉⲕ"/>
		<feat xlink:href="#sSpan104" value="ϭⲓϫ"/>
		<feat xlink:href="#sSpan105" value="ⲛⲧⲟϥ"/>
		<feat xlink:href="#sSpan107" value="ⲛ"/>
		<feat xlink:href="#sSpan109" value="ⲇⲉ"/>
		<feat xlink:href="#sSpan110" value="ⲡⲉϫⲁ"/>
		<feat xlink:href="#sSpan112" value="ϥ"/>
		<feat xlink:href="#sSpan113" value="ϫⲉ"/>
		<feat xlink:href="#sSpan115" value="ⲟⲩ"/>
		<feat xlink:href="#sSpan117" value="ϭⲉⲣⲱⲃ"/>
		<feat xlink:href="#sSpan118" value="ⲡⲉ"/>
		<feat xlink:href="#sSpan121" value="ⲡⲉϫⲁ"/>
		<feat xlink:href="#sSpan123" value="ϥ"/>
		<feat xlink:href="#sSpan124" value="ⲛⲁ"/>
		<feat xlink:href="#sSpan126" value="ϥ"/>
		<feat xlink:href="#sSpan127" value="ϫⲉ"/>
		<feat xlink:href="#sSpan129" value="ⲛ"/>
		<feat xlink:href="#sSpan131" value="ⲟⲩ"/>
		<feat xlink:href="#sSpan132" value="ϫⲉ"/>
		<feat xlink:href="#sSpan133" value="ⲙⲙⲟ"/>
		<feat xlink:href="#sSpan135" value="ϥ"/>
		<feat xlink:href="#sSpan136" value="ⲉϩⲣⲁⲓ"/>
		<feat xlink:href="#sSpan138" value="ⲉϫⲙ"/>
		<feat xlink:href="#sSpan140" value="ⲡ"/>
		<feat xlink:href="#sSpan142" value="ⲕⲁϩ"/>
		<feat xlink:href="#sSpan143" value="ⲁ"/>
		<feat xlink:href="#sSpan145" value="ϥ"/>
		<feat xlink:href="#sSpan146" value="ⲛⲟⲩϫⲉ"/>
		<feat xlink:href="#sSpan147" value="ⲙⲙⲟ"/>
		<feat xlink:href="#sSpan149" value="ϥ"/>
		<feat xlink:href="#sSpan150" value="ⲉϩⲣⲁⲓ"/>
		<feat xlink:href="#sSpan152" value="ⲉϫⲙ"/>
		<feat xlink:href="#sSpan154" value="ⲡ"/>
		<feat xlink:href="#sSpan156" value="ⲕⲁϩ"/>
		<feat xlink:href="#sSpan157" value="ⲁ"/>
		<feat xlink:href="#sSpan159" value="ϥ"/>
		<feat xlink:href="#sSpan160" value="ϣⲱⲡⲉ"/>
		<feat xlink:href="#sSpan161" value="ⲛ"/>
		<feat xlink:href="#sSpan163" value="ⲟⲩ"/>
		<feat xlink:href="#sSpan164" value="ϩⲟϥ"/>
		<feat xlink:href="#sSpan165" value="ⲁ"/>
		<feat xlink:href="#sSpan167" value="ⲙⲱⲩⲥⲏⲥ"/>
		<feat xlink:href="#sSpan168" value="ⲡⲱⲧ"/>
		<feat xlink:href="#sSpan170" value="ϩⲁ"/>
		<feat xlink:href="#sSpan172" value="ⲧⲉϥ"/>
		<feat xlink:href="#sSpan174" value="ϩⲏ"/>
		<feat xlink:href="#sSpan176" value="ⲡⲉϫⲁ"/>
		<feat xlink:href="#sSpan178" value="ϥ"/>
		<feat xlink:href="#sSpan179" value="ⲛⲁ"/>
		<feat xlink:href="#sSpan181" value="ϥ"/>
		<feat xlink:href="#sSpan182" value="ⲛϭⲓ"/>
		<feat xlink:href="#sSpan184" value="ⲡ"/>
		<feat xlink:href="#sSpan186" value="ϫⲟⲉⲓⲥ"/>
		<feat xlink:href="#sSpan187" value="ϫⲉ"/>
		<feat xlink:href="#sSpan189" value="ⲥⲟⲟⲩⲧⲛ"/>
		<feat xlink:href="#sSpan191" value="ⲉⲃⲟⲗ"/>
		<feat xlink:href="#sSpan193" value="ⲛ"/>
		<feat xlink:href="#sSpan195" value="ⲧⲉⲕ"/>
		<feat xlink:href="#sSpan196" value="ϭⲓϫ"/>
		<feat xlink:href="#sSpan197" value="ⲛ"/>
		<feat xlink:href="#sSpan199" value="ⲅ"/>
		<feat xlink:href="#sSpan200" value="ⲁⲙⲁϩⲧⲉ"/>
		<feat xlink:href="#sSpan201" value="ⲙ"/>
		<feat xlink:href="#sSpan203" value="ⲡⲉϥ"/>
		<feat xlink:href="#sSpan204" value="ⲥⲏⲧ"/>
		<feat xlink:href="#sSpan205" value="ⲁ"/>
		<feat xlink:href="#sSpan207" value="ϥ"/>
		<feat xlink:href="#sSpan208" value="ⲥⲟⲟⲩⲧⲛ"/>
		<feat xlink:href="#sSpan209" value="ⲛ"/>
		<feat xlink:href="#sSpan211" value="ⲧⲉϥ"/>
		<feat xlink:href="#sSpan212" value="ϭⲓϫ"/>
		<feat xlink:href="#sSpan213" value="ⲉⲃⲟⲗ"/>
		<feat xlink:href="#sSpan215" value="ⲁ"/>
		<feat xlink:href="#sSpan217" value="ϥ"/>
		<feat xlink:href="#sSpan218" value="ⲁⲙⲁϩⲧⲉ"/>
		<feat xlink:href="#sSpan219" value="ⲙ"/>
		<feat xlink:href="#sSpan221" value="ⲡⲉϥ"/>
		<feat xlink:href="#sSpan222" value="ⲥⲁⲧ"/>
		<feat xlink:href="#sSpan223" value="ⲁ"/>
		<feat xlink:href="#sSpan225" value="ϥ"/>
		<feat xlink:href="#sSpan226" value="ϣⲱⲡⲉ"/>
		<feat xlink:href="#sSpan227" value="ⲛ"/>
		<feat xlink:href="#sSpan229" value="ⲟⲩ"/>
		<feat xlink:href="#sSpan230" value="ϭⲉⲣⲱⲃ"/>
		<feat xlink:href="#sSpan231" value="ϩⲛ"/>
		<feat xlink:href="#sSpan233" value="ⲧⲉϥ"/>
		<feat xlink:href="#sSpan235" value="ϭⲓϫ"/>
		<feat xlink:href="#sSpan237" value="ϫⲉⲕⲁⲁⲥ"/>
		<feat xlink:href="#sSpan239" value="ⲉⲩⲉ"/>
		<feat xlink:href="#sSpan241" value="ⲧⲁⲛϩⲟⲩⲧ"/>
		<feat xlink:href="#sSpan242" value="ⲕ"/>
		<feat xlink:href="#sSpan243" value="ϫⲉ"/>
		<feat xlink:href="#sSpan245" value="ⲁ"/>
		<feat xlink:href="#sSpan247" value="ⲡ"/>
		<feat xlink:href="#sSpan248" value="ϫⲟⲉⲓⲥ"/>
		<feat xlink:href="#sSpan249" value="ⲡ"/>
		<feat xlink:href="#sSpan251" value="ⲛⲟⲩⲧⲉ"/>
		<feat xlink:href="#sSpan252" value="ⲛ"/>
		<feat xlink:href="#sSpan254" value="ⲛⲉⲩ"/>
		<feat xlink:href="#sSpan255" value="ⲉⲓⲟⲧⲉ"/>
		<feat xlink:href="#sSpan256" value="ⲟⲩⲱⲛⲉϩ"/>
		<feat xlink:href="#sSpan258" value="ⲛⲁ"/>
		<feat xlink:href="#sSpan260" value="ⲕ"/>
		<feat xlink:href="#sSpan261" value="ⲉⲃⲟⲗ"/>
		<feat xlink:href="#sSpan263" value="ⲡ"/>
		<feat xlink:href="#sSpan265" value="ⲛⲟⲩⲧⲉ"/>
		<feat xlink:href="#sSpan266" value="ⲛ"/>
		<feat xlink:href="#sSpan268" value="ⲁⲃⲣⲁϩⲁⲙ"/>
		<feat xlink:href="#sSpan269" value="ⲡ"/>
		<feat xlink:href="#sSpan271" value="ⲛⲟⲩⲧⲉ"/>
		<feat xlink:href="#sSpan272" value="ⲛ"/>
		<feat xlink:href="#sSpan274" value="ⲓⲥⲁⲕ"/>
		<feat xlink:href="#sSpan275" value="ⲡ"/>
		<feat xlink:href="#sSpan277" value="ⲛⲟⲩⲧⲉ"/>
		<feat xlink:href="#sSpan278" value="ⲛ"/>
		<feat xlink:href="#sSpan280" value="ⲓⲁⲕⲱⲃ"/>
		<feat xlink:href="#sSpan282" value="ⲡⲉϫⲁ"/>
		<feat xlink:href="#sSpan284" value="ϥ"/>
		<feat xlink:href="#sSpan285" value="ⲟⲛ"/>
		<feat xlink:href="#sSpan287" value="ⲛⲁ"/>
		<feat xlink:href="#sSpan289" value="ϥ"/>
		<feat xlink:href="#sSpan290" value="ⲛϭⲓ"/>
		<feat xlink:href="#sSpan292" value="ⲡ"/>
		<feat xlink:href="#sSpan294" value="ϫⲟⲉⲓⲥ"/>
		<feat xlink:href="#sSpan295" value="ϫⲉ"/>
		<feat xlink:href="#sSpan297" value="ⲛ"/>
		<feat xlink:href="#sSpan299" value="ⲟⲩ"/>
		<feat xlink:href="#sSpan300" value="ϫⲉ"/>
		<feat xlink:href="#sSpan301" value="ⲛ"/>
		<feat xlink:href="#sSpan303" value="ⲧⲉⲕ"/>
		<feat xlink:href="#sSpan304" value="ϭⲓϫ"/>
		<feat xlink:href="#sSpan305" value="ⲉϩⲟⲩⲛ"/>
		<feat xlink:href="#sSpan307" value="ϩⲁ"/>
		<feat xlink:href="#sSpan309" value="ⲕⲟⲩⲟⲩⲛⲅ"/>
		<feat xlink:href="#sSpan311" value="ⲁ"/>
		<feat xlink:href="#sSpan313" value="ϥ"/>
		<feat xlink:href="#sSpan314" value="ⲛⲟⲩϫⲉ"/>
		<feat xlink:href="#sSpan315" value="ⲛ"/>
		<feat xlink:href="#sSpan317" value="ⲧⲉϥ"/>
		<feat xlink:href="#sSpan318" value="ϭⲓϫ"/>
		<feat xlink:href="#sSpan319" value="ⲉϩⲟⲩⲛ"/>
		<feat xlink:href="#sSpan321" value="ϩⲁ"/>
		<feat xlink:href="#sSpan323" value="ⲕⲟⲩⲟⲩⲛ"/>
		<feat xlink:href="#sSpan325" value="ϥ"/>
		<feat xlink:href="#sSpan326" value="ⲁⲩⲱ"/>
		<feat xlink:href="#sSpan328" value="ⲁ"/>
		<feat xlink:href="#sSpan330" value="ϥ"/>
		<feat xlink:href="#sSpan331" value="ⲉⲓⲛⲉ"/>
		<feat xlink:href="#sSpan332" value="ⲛ"/>
		<feat xlink:href="#sSpan334" value="ⲧⲉϥ"/>
		<feat xlink:href="#sSpan335" value="ϭⲓϫ"/>
		<feat xlink:href="#sSpan336" value="ⲉⲃⲟⲗ"/>
		<feat xlink:href="#sSpan338" value="ϩⲁ"/>
		<feat xlink:href="#sSpan340" value="ⲕⲟⲩⲟⲩⲛ"/>
		<feat xlink:href="#sSpan342" value="ϥ"/>
		<feat xlink:href="#sSpan343" value="ⲁ"/>
		<feat xlink:href="#sSpan345" value="ⲥ"/>
		<feat xlink:href="#sSpan346" value="ϣⲱⲡⲉ"/>
		<feat xlink:href="#sSpan347" value="ⲛϭⲓ"/>
		<feat xlink:href="#sSpan349" value="ⲧⲉϥ"/>
		<feat xlink:href="#sSpan351" value="ϭⲓϫ"/>
		<feat xlink:href="#sSpan352" value="ⲛ"/>
		<feat xlink:href="#sSpan354" value="ⲧ"/>
		<feat xlink:href="#sSpan355" value="ϩⲉ"/>
		<feat xlink:href="#sSpan356" value="ⲛ"/>
		<feat xlink:href="#sSpan358" value="ⲟⲩ"/>
		<feat xlink:href="#sSpan359" value="ⲭⲓⲱⲛ"/>
		<feat xlink:href="#sSpan361" value="ⲡⲉϫⲁ"/>
		<feat xlink:href="#sSpan363" value="ϥ"/>
		<feat xlink:href="#sSpan364" value="ⲟⲛ"/>
		<feat xlink:href="#sSpan366" value="ⲛⲁ"/>
		<feat xlink:href="#sSpan368" value="ϥ"/>
		<feat xlink:href="#sSpan369" value="ϫⲉ"/>
		<feat xlink:href="#sSpan371" value="ⲛ"/>
		<feat xlink:href="#sSpan373" value="ⲟⲩ"/>
		<feat xlink:href="#sSpan374" value="ϫⲉ"/>
		<feat xlink:href="#sSpan375" value="ⲛ"/>
		<feat xlink:href="#sSpan377" value="ⲧⲉⲕ"/>
		<feat xlink:href="#sSpan378" value="ϭⲓϫ"/>
		<feat xlink:href="#sSpan379" value="ⲉϩⲟⲩⲛ"/>
		<feat xlink:href="#sSpan381" value="ϩⲁ"/>
		<feat xlink:href="#sSpan383" value="ⲕⲟⲩⲟⲩⲛⲅ"/>
		<feat xlink:href="#sSpan385" value="ⲁ"/>
		<feat xlink:href="#sSpan387" value="ϥ"/>
		<feat xlink:href="#sSpan388" value="ⲛⲟⲩϫⲉ"/>
		<feat xlink:href="#sSpan389" value="ⲛ"/>
		<feat xlink:href="#sSpan391" value="ⲧⲉϥ"/>
		<feat xlink:href="#sSpan392" value="ϭⲓϫ"/>
		<feat xlink:href="#sSpan393" value="ⲉϩⲟⲩⲛ"/>
		<feat xlink:href="#sSpan395" value="ϩⲁ"/>
		<feat xlink:href="#sSpan397" value="ⲕⲟⲩⲟⲩⲛ"/>
		<feat xlink:href="#sSpan399" value="ϥ"/>
		<feat xlink:href="#sSpan400" value="ⲁⲩⲱ"/>
		<feat xlink:href="#sSpan402" value="ⲁ"/>
		<feat xlink:href="#sSpan404" value="ϥ"/>
		<feat xlink:href="#sSpan405" value="ⲉⲓⲛⲉ"/>
		<feat xlink:href="#sSpan406" value="ⲉⲃⲟⲗ"/>
		<feat xlink:href="#sSpan408" value="ϩⲁ"/>
		<feat xlink:href="#sSpan410" value="ⲕⲟⲩⲛ"/>
		<feat xlink:href="#sSpan412" value="ϥ"/>
		<feat xlink:href="#sSpan413" value="ⲁ"/>
		<feat xlink:href="#sSpan415" value="ⲥ"/>
		<feat xlink:href="#sSpan416" value="ϣⲱⲡⲉ"/>
		<feat xlink:href="#sSpan417" value="ⲟⲛ"/>
		<feat xlink:href="#sSpan419" value="ⲛ"/>
		<feat xlink:href="#sSpan421" value="ⲧⲉⲥ"/>
		<feat xlink:href="#sSpan422" value="ϩⲉ"/>
		<feat xlink:href="#sSpan423" value="ⲛ"/>
		<feat xlink:href="#sSpan425" value="ⲡ"/>
		<feat xlink:href="#sSpan426" value="ⲁⲩⲁⲛ"/>
		<feat xlink:href="#sSpan427" value="ⲛ"/>
		<feat xlink:href="#sSpan429" value="ⲧⲉϥ"/>
		<feat xlink:href="#sSpan430" value="ⲥⲁⲣⲝ"/>
		<feat xlink:href="#sSpan432" value="ⲉϣⲱⲡⲉ"/>
		<feat xlink:href="#sSpan434" value="ⲛ"/>
		<feat xlink:href="#sSpan436" value="ⲇⲉ"/>
		<feat xlink:href="#sSpan437" value="ⲉ"/>
		<feat xlink:href="#sSpan439" value="ⲩⲧⲙ"/>
		<feat xlink:href="#sSpan440" value="ⲧⲁⲛϩⲟⲩⲧ"/>
		<feat xlink:href="#sSpan441" value="ⲕ"/>
		<feat xlink:href="#sSpan442" value="ϩⲙ"/>
		<feat xlink:href="#sSpan444" value="ⲡ"/>
		<feat xlink:href="#sSpan446" value="ⲙⲁⲉⲓⲛ"/>
		<feat xlink:href="#sSpan448" value="ⲛ"/>
		<feat xlink:href="#sSpan450" value="ϣⲟⲣⲡ"/>
		<feat xlink:href="#sSpan451" value="ⲥⲉ"/>
		<feat xlink:href="#sSpan453" value="ⲛⲁ"/>
		<feat xlink:href="#sSpan454" value="ⲧⲁⲛϩⲟⲩⲧ"/>
		<feat xlink:href="#sSpan455" value="ⲕ"/>
		<feat xlink:href="#sSpan456" value="ϩⲙ"/>
		<feat xlink:href="#sSpan458" value="ⲡ"/>
		<feat xlink:href="#sSpan460" value="ⲙⲁⲉⲓⲛ"/>
		<feat xlink:href="#sSpan461" value="ⲛ"/>
		<feat xlink:href="#sSpan463" value="ϩⲁⲉ"/>
		<feat xlink:href="#sSpan465" value="ⲉ"/>
		<feat xlink:href="#sSpan467" value="ⲩⲧⲙ"/>
		<feat xlink:href="#sSpan468" value="ⲧⲁⲛϩⲟⲩⲧ"/>
		<feat xlink:href="#sSpan469" value="ⲕ"/>
		<feat xlink:href="#sSpan470" value="ϩⲙ"/>
		<feat xlink:href="#sSpan472" value="ⲡⲉⲓ"/>
		<feat xlink:href="#sSpan474" value="ⲙⲁⲉⲓⲛ"/>
		<feat xlink:href="#sSpan475" value="ⲥⲛⲁⲩ"/>
		<feat xlink:href="#sSpan477" value="ⲛ"/>
		<feat xlink:href="#sSpan479" value="ⲥⲉ"/>
		<feat xlink:href="#sSpan480" value="ⲧⲙ"/>
		<feat xlink:href="#sSpan481" value="ⲥⲱⲧⲙ"/>
		<feat xlink:href="#sSpan482" value="ⲉ"/>
		<feat xlink:href="#sSpan484" value="ⲧⲉⲕ"/>
		<feat xlink:href="#sSpan485" value="ⲥⲙⲏ"/>
		<feat xlink:href="#sSpan486" value="ⲉⲕⲉ"/>
		<feat xlink:href="#sSpan488" value="ϫⲓ"/>
		<feat xlink:href="#sSpan489" value="ⲉⲃⲟⲗ"/>
		<feat xlink:href="#sSpan491" value="ϩⲛ"/>
		<feat xlink:href="#sSpan493" value="ⲡ"/>
		<feat xlink:href="#sSpan495" value="ⲙⲟⲟⲩ"/>
		<feat xlink:href="#sSpan496" value="ⲙ"/>
		<feat xlink:href="#sSpan498" value="ⲡ"/>
		<feat xlink:href="#sSpan499" value="ⲓⲉⲣⲟ"/>
		<feat xlink:href="#sSpan500" value="ⲛ"/>
		<feat xlink:href="#sSpan502" value="ⲅ"/>
		<feat xlink:href="#sSpan503" value="ⲡⲱϩⲧ"/>
		<feat xlink:href="#sSpan504" value="ⲙⲙⲟ"/>
		<feat xlink:href="#sSpan506" value="ϥ"/>
		<feat xlink:href="#sSpan507" value="ⲉϫⲛ"/>
		<feat xlink:href="#sSpan509" value="ⲡ"/>
		<feat xlink:href="#sSpan511" value="ⲉⲧ"/>
		<feat xlink:href="#sSpan512" value="ϣⲟⲩⲱⲟⲩ"/>
		<feat xlink:href="#sSpan513" value="ⲛ"/>
		<feat xlink:href="#sSpan515" value="ϥ"/>
		<feat xlink:href="#sSpan516" value="ϣⲱⲡⲉ"/>
		<feat xlink:href="#sSpan517" value="ⲛϭⲓ"/>
		<feat xlink:href="#sSpan519" value="ⲡ"/>
		<feat xlink:href="#sSpan521" value="ⲙⲟⲟⲩ"/>
		<feat xlink:href="#sSpan522" value="ⲡⲁⲓ"/>
		<feat xlink:href="#sSpan524" value="ⲉⲧ"/>
		<feat xlink:href="#sSpan526" value="ⲕ"/>
		<feat xlink:href="#sSpan527" value="ⲛⲁ"/>
		<feat xlink:href="#sSpan528" value="ϫⲓⲧ"/>
		<feat xlink:href="#sSpan529" value="ϥ"/>
		<feat xlink:href="#sSpan530" value="ⲉⲃⲟⲗ"/>
		<feat xlink:href="#sSpan532" value="ϩⲛ"/>
		<feat xlink:href="#sSpan534" value="ⲡ"/>
		<feat xlink:href="#sSpan536" value="ⲓⲉⲣⲟ"/>
		<feat xlink:href="#sSpan537" value="ⲉ"/>
		<feat xlink:href="#sSpan539" value="ⲩ"/>
		<feat xlink:href="#sSpan540" value="ⲥⲛⲟϥ"/>
		<feat xlink:href="#sSpan541" value="ϩⲣⲁⲓ"/>
		<feat xlink:href="#sSpan543" value="ϩⲓϫⲛ"/>
		<feat xlink:href="#sSpan545" value="ⲡ"/>
		<feat xlink:href="#sSpan547" value="ⲉⲧ"/>
		<feat xlink:href="#sSpan548" value="ϣⲟⲩⲱⲟⲩ"/>
		<feat xlink:href="#sSpan550" value="ⲡⲉϫⲁ"/>
		<feat xlink:href="#sSpan552" value="ϥ"/>
		<feat xlink:href="#sSpan553" value="ⲛ"/>
		<feat xlink:href="#sSpan555" value="ⲇⲉ"/>
		<feat xlink:href="#sSpan556" value="ⲛϭⲓ"/>
		<feat xlink:href="#sSpan558" value="ⲙⲱⲩⲥⲏⲥ"/>
		<feat xlink:href="#sSpan560" value="ⲛⲛⲁϩⲣⲙ"/>
		<feat xlink:href="#sSpan562" value="ⲡ"/>
		<feat xlink:href="#sSpan564" value="ϫⲟⲉⲓⲥ"/>
		<feat xlink:href="#sSpan565" value="ϫⲉ"/>
		<feat xlink:href="#sSpan567" value="ϯ"/>
		<feat xlink:href="#sSpan569" value="ⲥⲟⲡⲥ"/>
		<feat xlink:href="#sSpan570" value="ⲙⲙⲟ"/>
		<feat xlink:href="#sSpan572" value="ⲕ"/>
		<feat xlink:href="#sSpan573" value="ⲡ"/>
		<feat xlink:href="#sSpan575" value="ϫⲟⲉⲓⲥ"/>
		<feat xlink:href="#sSpan576" value="ⲁⲛⲅ"/>
		<feat xlink:href="#sSpan578" value="ⲟⲩ"/>
		<feat xlink:href="#sSpan581" value="ⲣⲉϥϣⲁϫⲉ"/>
		<feat xlink:href="#sSpan583" value="ⲁⲛ"/>
		<feat xlink:href="#sSpan585" value="ϩⲁ"/>
		<feat xlink:href="#sSpan587" value="ⲧ"/>
		<feat xlink:href="#sSpan589" value="ϩⲏ"/>
		<feat xlink:href="#sSpan590" value="ⲛⲥⲁ"/>
		<feat xlink:href="#sSpan592" value="ϥ"/>
		<feat xlink:href="#sSpan593" value="ⲙⲛ"/>
		<feat xlink:href="#sSpan595" value="ϣⲙⲧⲉ"/>
		<feat xlink:href="#sSpan597" value="ⲡⲟⲟⲩ"/>
		<feat xlink:href="#sSpan599" value="ⲛ"/>
		<feat xlink:href="#sSpan601" value="ϩⲟⲟⲩ"/>
		<feat xlink:href="#sSpan602" value="ⲟⲩⲇⲉ"/>
		<feat xlink:href="#sSpan604" value="ϫⲓⲛ"/>
		<feat xlink:href="#sSpan606" value="ⲧⲁⲕⲁⲣⲭⲉⲓ"/>
		<feat xlink:href="#sSpan608" value="ⲛ"/>
		<feat xlink:href="#sSpan610" value="ϣⲁϫⲉ"/>
		<feat xlink:href="#sSpan611" value="ⲙⲛ"/>
		<feat xlink:href="#sSpan613" value="ⲡⲉⲕ"/>
		<feat xlink:href="#sSpan615" value="ϩⲙϩⲁⲗ"/>
		<feat xlink:href="#sSpan616" value="ϫⲉ"/>
		<feat xlink:href="#sSpan618" value="ⲁⲛⲅ"/>
		<feat xlink:href="#sSpan620" value="ⲟⲩⲗⲁⲥϣⲓⲣⲉ"/>
		<feat xlink:href="#sSpan622" value="ⲁⲩⲱ"/>
		<feat xlink:href="#sSpan624" value="ⲁⲛⲅ"/>
		<feat xlink:href="#sSpan626" value="ⲟⲩϩⲁϭⲃⲥⲙⲏ"/>
		<feat xlink:href="#sSpan629" value="ⲡⲉϫⲁ"/>
		<feat xlink:href="#sSpan631" value="ϥ"/>
		<feat xlink:href="#sSpan632" value="ⲛ"/>
		<feat xlink:href="#sSpan634" value="ⲇⲉ"/>
		<feat xlink:href="#sSpan635" value="ⲛϭⲓ"/>
		<feat xlink:href="#sSpan637" value="ⲡ"/>
		<feat xlink:href="#sSpan639" value="ϫⲟⲉⲓⲥ"/>
		<feat xlink:href="#sSpan640" value="ⲙ"/>
		<feat xlink:href="#sSpan642" value="ⲙⲱⲩⲥⲏⲥ"/>
		<feat xlink:href="#sSpan643" value="ϫⲉ"/>
		<feat xlink:href="#sSpan645" value="ⲛⲓⲙ"/>
		<feat xlink:href="#sSpan647" value="ⲡⲉ"/>
		<feat xlink:href="#sSpan649" value="ⲛⲧ"/>
		<feat xlink:href="#sSpan651" value="ⲁ"/>
		<feat xlink:href="#sSpan652" value="ϥ"/>
		<feat xlink:href="#sSpan653" value="ϯ"/>
		<feat xlink:href="#sSpan654" value="ⲧⲁ"/>
		<feat xlink:href="#sSpan656" value="ⲡ"/>
		<feat xlink:href="#sSpan657" value="ⲣⲟ"/>
		<feat xlink:href="#sSpan658" value="ⲙ"/>
		<feat xlink:href="#sSpan660" value="ⲡ"/>
		<feat xlink:href="#sSpan661" value="ⲣⲱⲙⲉ"/>
		<feat xlink:href="#sSpan662" value="ⲁⲩⲱ"/>
		<feat xlink:href="#sSpan664" value="ⲛⲓⲙ"/>
		<feat xlink:href="#sSpan666" value="ⲡ"/>
		<feat xlink:href="#sSpan668" value="ⲉⲛⲧ"/>
		<feat xlink:href="#sSpan669" value="ⲁ"/>
		<feat xlink:href="#sSpan670" value="ϥ"/>
		<feat xlink:href="#sSpan671" value="ⲧⲁⲙⲓⲉ"/>
		<feat xlink:href="#sSpan672" value="ⲡⲉⲙⲡⲟ"/>
		<feat xlink:href="#sSpan674" value="ⲙⲛ"/>
		<feat xlink:href="#sSpan676" value="ⲡ"/>
		<feat xlink:href="#sSpan678" value="ⲁⲗ"/>
		<feat xlink:href="#sSpan679" value="ⲡ"/>
		<feat xlink:href="#sSpan681" value="ⲉⲧ"/>
		<feat xlink:href="#sSpan682" value="ⲛⲁⲩ"/>
		<feat xlink:href="#sSpan683" value="ⲉⲃⲟⲗ"/>
		<feat xlink:href="#sSpan685" value="ⲙⲛ"/>
		<feat xlink:href="#sSpan687" value="ⲡ"/>
		<feat xlink:href="#sSpan689" value="ⲃⲗⲗⲉ"/>
		<feat xlink:href="#sSpan690" value="ⲙⲏ"/>
		<feat xlink:href="#sSpan692" value="ⲛ"/>
		<feat xlink:href="#sSpan694" value="ⲁⲛⲟⲕ"/>
		<feat xlink:href="#sSpan695" value="ⲁⲛ"/>
		<feat xlink:href="#sSpan697" value="ⲡⲉ"/>
		<feat xlink:href="#sSpan699" value="ⲡ"/>
		<feat xlink:href="#sSpan701" value="ϫⲟⲉⲓⲥ"/>
		<feat xlink:href="#sSpan702" value="ⲡ"/>
		<feat xlink:href="#sSpan704" value="ⲛⲟⲩⲧⲉ"/>
		<feat xlink:href="#sSpan706" value="ⲧⲉⲛⲟⲩ"/>
		<feat xlink:href="#sSpan708" value="ϭⲉ"/>
		<feat xlink:href="#sSpan710" value="ⲃⲱⲕ"/>
		<feat xlink:href="#sSpan712" value="ⲁⲩⲱ"/>
		<feat xlink:href="#sSpan714" value="ⲁⲛⲟⲕ"/>
		<feat xlink:href="#sSpan716" value="ϯ"/>
		<feat xlink:href="#sSpan718" value="ⲛⲁ"/>
		<feat xlink:href="#sSpan719" value="ⲟⲩⲱⲛ"/>
		<feat xlink:href="#sSpan720" value="ⲛⲣⲱⲕ"/>
		<feat xlink:href="#sSpan722" value="ⲛ"/>
		<feat xlink:href="#sSpan724" value="ⲧⲁ"/>
		<feat xlink:href="#sSpan725" value="ⲧⲥⲁⲃⲟ"/>
		<feat xlink:href="#sSpan726" value="ⲕ"/>
		<feat xlink:href="#sSpan727" value="ⲉⲡ"/>
		<feat xlink:href="#sSpan729" value="ⲉⲧ"/>
		<feat xlink:href="#sSpan730" value="ⲕ"/>
		<feat xlink:href="#sSpan731" value="ⲛⲁ"/>
		<feat xlink:href="#sSpan732" value="ϫⲟⲟ"/>
		<feat xlink:href="#sSpan733" value="ⲥ"/>
		<feat xlink:href="#sSpan735" value="ⲡⲉϫⲁ"/>
		<feat xlink:href="#sSpan737" value="ϥ"/>
		<feat xlink:href="#sSpan738" value="ⲛ"/>
		<feat xlink:href="#sSpan740" value="ⲇⲉ"/>
		<feat xlink:href="#sSpan741" value="ⲛϭⲓ"/>
		<feat xlink:href="#sSpan743" value="ⲙⲱⲩⲥⲏⲥ"/>
		<feat xlink:href="#sSpan745" value="ϫⲉ"/>
		<feat xlink:href="#sSpan747" value="ϯ"/>
		<feat xlink:href="#sSpan749" value="ⲥⲟⲡⲥ"/>
		<feat xlink:href="#sSpan750" value="ⲙⲙⲟ"/>
		<feat xlink:href="#sSpan752" value="ⲕ"/>
		<feat xlink:href="#sSpan753" value="ⲡ"/>
		<feat xlink:href="#sSpan755" value="ϫⲟⲉⲓⲥ"/>
		<feat xlink:href="#sSpan756" value="ⲁⲛⲁⲩ"/>
		<feat xlink:href="#sSpan758" value="ⲛⲁ"/>
		<feat xlink:href="#sSpan760" value="ⲕ"/>
		<feat xlink:href="#sSpan761" value="ⲉ"/>
		<feat xlink:href="#sSpan763" value="ⲕ"/>
		<feat xlink:href="#sSpan764" value="ⲉ"/>
		<feat xlink:href="#sSpan765" value="ⲩ"/>
		<feat xlink:href="#sSpan766" value="ⲁ"/>
		<feat xlink:href="#sSpan767" value="ⲉ"/>
		<feat xlink:href="#sSpan769" value="ⲩ"/>
		<feat xlink:href="#sSpan770" value="ⲛ"/>
		<feat xlink:href="#sSpan771" value="ϭⲟⲙ"/>
		<feat xlink:href="#sSpan773" value="ⲙⲙⲟ"/>
		<feat xlink:href="#sSpan775" value="ϥ"/>
		<feat xlink:href="#sSpan776" value="ⲛ"/>
		<feat xlink:href="#sSpan778" value="ⲅ"/>
		<feat xlink:href="#sSpan779" value="ϫⲛ"/>
		<feat xlink:href="#sSpan780" value="ⲁϥ"/>
		<feat xlink:href="#sSpan782" value="ⲁ"/>
		<feat xlink:href="#sSpan784" value="ⲡ"/>
		<feat xlink:href="#sSpan785" value="ϫⲟⲉⲓⲥ"/>
		<feat xlink:href="#sSpan786" value="ϭⲱⲛⲧ"/>
		<feat xlink:href="#sSpan788" value="ϩⲛ"/>
		<feat xlink:href="#sSpan790" value="ⲟⲩ"/>
		<feat xlink:href="#sSpan792" value="ⲟⲣⲅⲏ"/>
		<feat xlink:href="#sSpan793" value="ⲉϫⲛ"/>
		<feat xlink:href="#sSpan795" value="ⲙⲱⲩⲥⲏⲥ"/>
		<feat xlink:href="#sSpan797" value="ⲉ"/>
		<feat xlink:href="#sSpan799" value="ϥ"/>
		<feat xlink:href="#sSpan800" value="ϫⲱ"/>
		<feat xlink:href="#sSpan801" value="ⲙⲙⲟ"/>
		<feat xlink:href="#sSpan803" value="ⲥ"/>
		<feat xlink:href="#sSpan804" value="ϫⲉ"/>
		<feat xlink:href="#sSpan806" value="ⲉⲓⲥ"/>
		<feat xlink:href="#sSpan808" value="ⲁ"/>
		<feat xlink:href="#sSpan810" value="ⲁⲣⲱⲛ"/>
		<feat xlink:href="#sSpan811" value="ⲡⲉⲕ"/>
		<feat xlink:href="#sSpan813" value="ⲥⲟⲛ"/>
		<feat xlink:href="#sSpan814" value="ⲡⲗⲉⲩⲉⲓⲧⲏⲥ"/>
		<feat xlink:href="#sSpan816" value="ϯ"/>
		<feat xlink:href="#sSpan818" value="ⲥⲟⲟⲩⲛ"/>
		<feat xlink:href="#sSpan819" value="ϫⲉ"/>
		<feat xlink:href="#sSpan821" value="ϩⲛ"/>
		<feat xlink:href="#sSpan823" value="ⲟⲩ"/>
		<feat xlink:href="#sSpan825" value="ϣⲁϫⲉ"/>
		<feat xlink:href="#sSpan826" value="ϥ"/>
		<feat xlink:href="#sSpan828" value="ⲛⲁ"/>
		<feat xlink:href="#sSpan829" value="ϣⲁϫⲉ"/>
		<feat xlink:href="#sSpan830" value="ⲛⲙⲙⲁ"/>
		<feat xlink:href="#sSpan832" value="ⲕ"/>
		<feat xlink:href="#sSpan833" value="ⲁⲩⲱ"/>
		<feat xlink:href="#sSpan835" value="ⲉⲓⲥ"/>
		<feat xlink:href="#sSpan837" value="ϩⲏ"/>
		<feat xlink:href="#sSpan839" value="ⲧ"/>
		<feat xlink:href="#sSpan840" value="ⲉ"/>
		<feat xlink:href="#sSpan841" value="ⲛⲧⲟϥ"/>
		<feat xlink:href="#sSpan843" value="ϥ"/>
		<feat xlink:href="#sSpan845" value="ⲛⲏⲩ"/>
		<feat xlink:href="#sSpan846" value="ⲉⲃⲟⲗ"/>
		<feat xlink:href="#sSpan848" value="ⲉ"/>
		<feat xlink:href="#sSpan850" value="ⲧⲱⲙⲧ"/>
		<feat xlink:href="#sSpan851" value="ⲉⲣⲟ"/>
		<feat xlink:href="#sSpan853" value="ϥ"/>
		<feat xlink:href="#sSpan854" value="ⲛ"/>
		<feat xlink:href="#sSpan856" value="ϥ"/>
		<feat xlink:href="#sSpan857" value="ⲛⲁⲩ"/>
		<feat xlink:href="#sSpan858" value="ⲉⲣⲟ"/>
		<feat xlink:href="#sSpan860" value="ⲕ"/>
		<feat xlink:href="#sSpan861" value="ⲛ"/>
		<feat xlink:href="#sSpan863" value="ϥ"/>
		<feat xlink:href="#sSpan864" value="ⲣⲁϣⲉ"/>
		<feat xlink:href="#sSpan865" value="ϩⲣⲁⲓ"/>
		<feat xlink:href="#sSpan868" value="ⲛϩⲏⲧ"/>
		<feat xlink:href="#sSpan871" value="ϥ"/>
		<feat xlink:href="#sSpan873" value="ⲛ"/>
		<feat xlink:href="#sSpan875" value="ⲅ"/>
		<feat xlink:href="#sSpan876" value="ϫⲟⲟ"/>
		<feat xlink:href="#sSpan877" value="ⲥ"/>
		<feat xlink:href="#sSpan878" value="ⲛⲁ"/>
		<feat xlink:href="#sSpan880" value="ϥ"/>
		<feat xlink:href="#sSpan881" value="ⲁⲩⲱ"/>
		<feat xlink:href="#sSpan883" value="ⲛ"/>
		<feat xlink:href="#sSpan885" value="ⲅ"/>
		<feat xlink:href="#sSpan886" value="ϯ"/>
		<feat xlink:href="#sSpan887" value="ⲛⲁ"/>
		<feat xlink:href="#sSpan889" value="ϣⲁϫⲉ"/>
		<feat xlink:href="#sSpan890" value="ⲉϩⲣⲁⲓ"/>
		<feat xlink:href="#sSpan892" value="ⲉ"/>
		<feat xlink:href="#sSpan894" value="ⲧⲉϥ"/>
		<feat xlink:href="#sSpan895" value="ⲧⲁⲡⲣⲟ"/>
		<feat xlink:href="#sSpan896" value="ⲁⲩⲱ"/>
		<feat xlink:href="#sSpan898" value="ⲁⲛⲟⲕ"/>
		<feat xlink:href="#sSpan900" value="ϯ"/>
		<feat xlink:href="#sSpan902" value="ⲛⲁ"/>
		<feat xlink:href="#sSpan903" value="ⲟⲩⲱⲛ"/>
		<feat xlink:href="#sSpan904" value="ⲛ"/>
		<feat xlink:href="#sSpan906" value="ⲧⲉϥ"/>
		<feat xlink:href="#sSpan907" value="ⲧⲁⲡⲣⲟ"/>
		<feat xlink:href="#sSpan908" value="ⲙⲛ"/>
		<feat xlink:href="#sSpan910" value="ⲧⲉⲕ"/>
		<feat xlink:href="#sSpan912" value="ⲧⲁⲡⲣⲟ"/>
		<feat xlink:href="#sSpan913" value="ⲛ"/>
		<feat xlink:href="#sSpan915" value="ⲧⲁ"/>
		<feat xlink:href="#sSpan916" value="ⲧ"/>
		<feat xlink:href="#sSpan917" value="ⲥⲁⲃⲉ"/>
		<feat xlink:href="#sSpan918" value="ⲧⲏⲩⲧⲛ"/>
		<feat xlink:href="#sSpan920" value="ⲛ"/>
		<feat xlink:href="#sSpan922" value="ⲉⲧⲉⲧⲛ"/>
		<feat xlink:href="#sSpan923" value="ⲛⲁ"/>
		<feat xlink:href="#sSpan924" value="ⲁⲁ"/>
		<feat xlink:href="#sSpan925" value="ⲩ"/>
		<feat xlink:href="#sSpan927" value="ⲁⲩⲱ"/>
		<feat xlink:href="#sSpan929" value="ⲛⲧⲟϥ"/>
		<feat xlink:href="#sSpan931" value="ⲡ"/>
		<feat xlink:href="#sSpan933" value="ⲉⲧ"/>
		<feat xlink:href="#sSpan934" value="ⲛⲁ"/>
		<feat xlink:href="#sSpan935" value="ϣⲁϫⲉ"/>
		<feat xlink:href="#sSpan936" value="ⲛⲙⲙⲁ"/>
		<feat xlink:href="#sSpan938" value="ⲕ"/>
		<feat xlink:href="#sSpan939" value="ⲛⲛⲁϩⲣⲙ"/>
		<feat xlink:href="#sSpan941" value="ⲡ"/>
		<feat xlink:href="#sSpan943" value="ⲗⲁⲟⲥ"/>
		<feat xlink:href="#sSpan944" value="ⲛ"/>
		<feat xlink:href="#sSpan946" value="ϥ"/>
		<feat xlink:href="#sSpan947" value="ϣⲱⲡⲉ"/>
		<feat xlink:href="#sSpan948" value="ⲛⲁ"/>
		<feat xlink:href="#sSpan950" value="ⲕ"/>
		<feat xlink:href="#sSpan951" value="ⲛ"/>
		<feat xlink:href="#sSpan953" value="ⲧⲁ"/>
		<feat xlink:href="#sSpan954" value="ⲡ"/>
		<feat xlink:href="#sSpan955" value="ⲣⲟ"/>
		<feat xlink:href="#sSpan956" value="ⲛⲧⲟⲕ"/>
		<feat xlink:href="#sSpan958" value="ⲛ"/>
		<feat xlink:href="#sSpan960" value="ⲇⲉ"/>
		<feat xlink:href="#sSpan961" value="ⲕ"/>
		<feat xlink:href="#sSpan963" value="ⲛⲁ"/>
		<feat xlink:href="#sSpan964" value="ϣⲱⲡⲉ"/>
		<feat xlink:href="#sSpan965" value="ⲛⲁ"/>
		<feat xlink:href="#sSpan967" value="ϥ"/>
		<feat xlink:href="#sSpan968" value="ⲛⲛⲁϩⲣⲙ"/>
		<feat xlink:href="#sSpan970" value="ⲡ"/>
		<feat xlink:href="#sSpan972" value="ⲛⲟⲩⲧⲉ"/>
		<feat xlink:href="#sSpan974" value="ⲉⲕⲉ"/>
		<feat xlink:href="#sSpan976" value="ϫⲓ"/>
		<feat xlink:href="#sSpan977" value="ⲇⲉ"/>
		<feat xlink:href="#sSpan979" value="ⲙ"/>
		<feat xlink:href="#sSpan981" value="ⲡⲉⲓ"/>
		<feat xlink:href="#sSpan982" value="ϭⲉⲣⲱⲃ"/>
		<feat xlink:href="#sSpan983" value="ⲉⲛⲧ"/>
		<feat xlink:href="#sSpan985" value="ⲁ"/>
		<feat xlink:href="#sSpan986" value="ϥ"/>
		<feat xlink:href="#sSpan987" value="ⲕⲧⲟ"/>
		<feat xlink:href="#sSpan988" value="ϥ"/>
		<feat xlink:href="#sSpan989" value="ⲉ"/>
		<feat xlink:href="#sSpan991" value="ⲩ"/>
		<feat xlink:href="#sSpan992" value="ϩⲟϥ"/>
		<feat xlink:href="#sSpan993" value="ϩⲣⲁⲓ"/>
		<feat xlink:href="#sSpan995" value="ϩⲛ"/>
		<feat xlink:href="#sSpan997" value="ⲧⲉⲕ"/>
		<feat xlink:href="#sSpan999" value="ϭⲓϫ"/>
		<feat xlink:href="#sSpan1000" value="ⲡⲁⲓ"/>
		<feat xlink:href="#sSpan1002" value="ⲉⲧ"/>
		<feat xlink:href="#sSpan1004" value="ⲕ"/>
		<feat xlink:href="#sSpan1005" value="ⲛⲁ"/>
		<feat xlink:href="#sSpan1006" value="ⲉⲓⲣⲉ"/>
		<feat xlink:href="#sSpan1007" value="ⲛ"/>
		<feat xlink:href="#sSpan1009" value="ⲙ"/>
		<feat xlink:href="#sSpan1010" value="ⲙⲁⲉⲓⲛ"/>
		<feat xlink:href="#sSpan1011" value="ⲧⲏⲣ"/>
		<feat xlink:href="#sSpan1013" value="ⲟⲩ"/>
		<feat xlink:href="#sSpan1014" value="ϩⲣⲁⲓ"/>
		<feat xlink:href="#sSpan1017" value="ⲛϩⲏⲧ"/>
		<feat xlink:href="#sSpan1020" value="ϥ"/>
		<feat xlink:href="#sSpan1022" value="ⲁ"/>
		<feat xlink:href="#sSpan1024" value="ϥ"/>
		<feat xlink:href="#sSpan1025" value="ⲃⲱⲕ"/>
		<feat xlink:href="#sSpan1026" value="ⲛ"/>
		<feat xlink:href="#sSpan1028" value="ⲇⲉ"/>
		<feat xlink:href="#sSpan1029" value="ⲛϭⲓ"/>
		<feat xlink:href="#sSpan1031" value="ⲙⲱⲩⲥⲏⲥ"/>
		<feat xlink:href="#sSpan1033" value="ⲁ"/>
		<feat xlink:href="#sSpan1035" value="ϥ"/>
		<feat xlink:href="#sSpan1036" value="ⲕⲧⲟ"/>
		<feat xlink:href="#sSpan1037" value="ϥ"/>
		<feat xlink:href="#sSpan1038" value="ϣⲁ"/>
		<feat xlink:href="#sSpan1040" value="ⲓⲟⲑⲟⲣ"/>
		<feat xlink:href="#sSpan1042" value="ⲡⲉϥϣⲟⲙ"/>
		<feat xlink:href="#sSpan1044" value="ⲉ"/>
		<feat xlink:href="#sSpan1046" value="ϥ"/>
		<feat xlink:href="#sSpan1047" value="ϫⲱ"/>
		<feat xlink:href="#sSpan1048" value="ⲙⲙⲟ"/>
		<feat xlink:href="#sSpan1050" value="ⲥ"/>
		<feat xlink:href="#sSpan1051" value="ϫⲉ"/>
		<feat xlink:href="#sSpan1053" value="ϯ"/>
		<feat xlink:href="#sSpan1055" value="ⲛⲁ"/>
		<feat xlink:href="#sSpan1056" value="ⲃⲱⲕ"/>
		<feat xlink:href="#sSpan1057" value="ⲛⲧⲁ"/>
		<feat xlink:href="#sSpan1059" value="ⲕⲧⲟⲉⲓ"/>
		<feat xlink:href="#sSpan1060" value="ϣⲁ"/>
		<feat xlink:href="#sSpan1062" value="ⲛⲁ"/>
		<feat xlink:href="#sSpan1064" value="ⲥⲛⲏⲩ"/>
		<feat xlink:href="#sSpan1065" value="ⲛⲁⲓ"/>
		<feat xlink:href="#sSpan1067" value="ⲉⲧ"/>
		<feat xlink:href="#sSpan1069" value="ϣⲟⲟⲡ"/>
		<feat xlink:href="#sSpan1070" value="ϩⲛ"/>
		<feat xlink:href="#sSpan1072" value="ⲕⲏⲙⲉ"/>
		<feat xlink:href="#sSpan1074" value="ⲧⲁ"/>
		<feat xlink:href="#sSpan1076" value="ⲛⲁⲩ"/>
		<feat xlink:href="#sSpan1077" value="ϫⲉ"/>
		<feat xlink:href="#sSpan1079" value="ⲉⲧⲓ"/>
		<feat xlink:href="#sSpan1081" value="ⲥⲉ"/>
		<feat xlink:href="#sSpan1083" value="ⲟⲛϩ"/>
		<feat xlink:href="#sSpan1084" value="ⲡⲉϫⲉ"/>
		<feat xlink:href="#sSpan1086" value="ⲓ"/>
		<feat xlink:href="#sSpan1088" value="ⲟ"/>
		<feat xlink:href="#sSpan1089" value="ⲑⲟⲣ"/>
		<feat xlink:href="#sSpan1091" value="ⲙ"/>
		<feat xlink:href="#sSpan1093" value="ⲙⲱⲩⲥⲏⲥ"/>
		<feat xlink:href="#sSpan1094" value="ϫⲉ"/>
		<feat xlink:href="#sSpan1096" value="ⲃⲱⲕ"/>
		<feat xlink:href="#sSpan1098" value="ⲉ"/>
		<feat xlink:href="#sSpan1100" value="ⲕ"/>
		<feat xlink:href="#sSpan1101" value="ⲟⲩⲟϫ"/>
		<feat xlink:href="#sSpan1103" value="ⲙⲛⲛⲥⲁ"/>
		<feat xlink:href="#sSpan1105" value="ⲛⲉ"/>
		<feat xlink:href="#sSpan1107" value="ϩⲟⲟⲩ"/>
		<feat xlink:href="#sSpan1108" value="ⲛ"/>
		<feat xlink:href="#sSpan1110" value="ⲇⲉ"/>
		<feat xlink:href="#sSpan1111" value="ⲉⲧ"/>
		<feat xlink:href="#sSpan1113" value="ⲙⲙⲁⲩ"/>
		<feat xlink:href="#sSpan1114" value="ⲉⲧ"/>
		<feat xlink:href="#sSpan1116" value="ⲛⲁϣⲱ"/>
		<feat xlink:href="#sSpan1117" value="ⲟⲩ"/>
		<feat xlink:href="#sSpan1118" value="ⲁ"/>
		<feat xlink:href="#sSpan1120" value="ϥ"/>
		<feat xlink:href="#sSpan1121" value="ⲙⲟⲩ"/>
		<feat xlink:href="#sSpan1122" value="ⲛϭⲓ"/>
		<feat xlink:href="#sSpan1124" value="ⲡ"/>
		<feat xlink:href="#sSpan1126" value="ⲣⲣⲟ"/>
		<feat xlink:href="#sSpan1127" value="ⲛ"/>
		<feat xlink:href="#sSpan1129" value="ⲕⲏⲙⲉ"/>
		<feat xlink:href="#sSpan1130" value="ⲡⲉϫⲁ"/>
		<feat xlink:href="#sSpan1132" value="ϥ"/>
		<feat xlink:href="#sSpan1133" value="ⲛϭⲓ"/>
		<feat xlink:href="#sSpan1135" value="ⲡ"/>
		<feat xlink:href="#sSpan1137" value="ϫⲟⲉⲓⲥ"/>
		<feat xlink:href="#sSpan1138" value="ⲙ"/>
		<feat xlink:href="#sSpan1140" value="ⲙⲱⲩⲥⲏⲥ"/>
		<feat xlink:href="#sSpan1141" value="ϩⲣⲁⲓ"/>
		<feat xlink:href="#sSpan1143" value="ϩⲙ"/>
		<feat xlink:href="#sSpan1145" value="ⲡ"/>
		<feat xlink:href="#sSpan1147" value="ⲕⲁϩ"/>
		<feat xlink:href="#sSpan1148" value="ϩⲙ"/>
		<feat xlink:href="#sSpan1150" value="ⲡ"/>
		<feat xlink:href="#sSpan1152" value="ⲕⲁϩ"/>
		<feat xlink:href="#sSpan1153" value="ⲙⲙⲁⲇⲓϩⲁⲙ"/>
		<feat xlink:href="#sSpan1155" value="ϫⲉ"/>
		<feat xlink:href="#sSpan1157" value="ⲙⲟⲟϣⲉ"/>
		<feat xlink:href="#sSpan1159" value="ⲛ"/>
		<feat xlink:href="#sSpan1161" value="ⲅ"/>
		<feat xlink:href="#sSpan1162" value="ⲃⲱⲕ"/>
		<feat xlink:href="#sSpan1163" value="ⲉϩⲣⲁⲓ"/>
		<feat xlink:href="#sSpan1165" value="ⲉ"/>
		<feat xlink:href="#sSpan1167" value="ⲕⲏⲙⲉ"/>
		<feat xlink:href="#sSpan1168" value="ⲁ"/>
		<feat xlink:href="#sSpan1170" value="ⲩ"/>
		<feat xlink:href="#sSpan1171" value="ⲙⲟⲩ"/>
		<feat xlink:href="#sSpan1172" value="ⲅⲁⲣ"/>
		<feat xlink:href="#sSpan1174" value="ⲛϭⲓ"/>
		<feat xlink:href="#sSpan1176" value="ⲟⲩⲟⲛ"/>
		<feat xlink:href="#sSpan1178" value="ⲛⲓⲙ"/>
		<feat xlink:href="#sSpan1180" value="ⲉ"/>
		<feat xlink:href="#sSpan1182" value="ⲧ"/>
		<feat xlink:href="#sSpan1183" value="ϣⲓⲛⲉ"/>
		<feat xlink:href="#sSpan1184" value="ⲛ"/>
		<feat xlink:href="#sSpan1186" value="ⲥⲁ"/>
		<feat xlink:href="#sSpan1187" value="ⲧⲉⲕ"/>
		<feat xlink:href="#sSpan1189" value="ⲯⲩⲭⲏ"/>
		<feat xlink:href="#sSpan1191" value="ⲁ"/>
		<feat xlink:href="#sSpan1193" value="ϥ"/>
		<feat xlink:href="#sSpan1194" value="ϫⲓ"/>
		<feat xlink:href="#sSpan1195" value="ⲛ"/>
		<feat xlink:href="#sSpan1197" value="ⲇⲉ"/>
		<feat xlink:href="#sSpan1198" value="ⲛϭⲓ"/>
		<feat xlink:href="#sSpan1200" value="ⲙⲱⲩⲥⲏⲥ"/>
		<feat xlink:href="#sSpan1202" value="ⲛ"/>
		<feat xlink:href="#sSpan1204" value="ⲧⲉϥ"/>
		<feat xlink:href="#sSpan1205" value="ⲥϩⲓⲙⲉ"/>
		<feat xlink:href="#sSpan1206" value="ⲙⲛ"/>
		<feat xlink:href="#sSpan1208" value="ⲛⲉϥ"/>
		<feat xlink:href="#sSpan1210" value="ϣⲏⲣⲉ"/>
		<feat xlink:href="#sSpan1211" value="ⲁ"/>
		<feat xlink:href="#sSpan1213" value="ϥ"/>
		<feat xlink:href="#sSpan1214" value="ⲧⲁⲗⲟ"/>
		<feat xlink:href="#sSpan1215" value="ⲙⲙⲟ"/>
		<feat xlink:href="#sSpan1217" value="ⲟⲩ"/>
		<feat xlink:href="#sSpan1218" value="ⲉϩⲣⲁⲓ"/>
		<feat xlink:href="#sSpan1220" value="ⲉϫⲛ"/>
		<feat xlink:href="#sSpan1222" value="ⲛϥⲁⲓⲛⲁϩⲃ"/>
		<feat xlink:href="#sSpan1224" value="ⲁ"/>
		<feat xlink:href="#sSpan1226" value="ϥ"/>
		<feat xlink:href="#sSpan1227" value="ⲕⲧⲟ"/>
		<feat xlink:href="#sSpan1228" value="ϥ"/>
		<feat xlink:href="#sSpan1229" value="ⲉϩⲣⲁⲓ"/>
		<feat xlink:href="#sSpan1231" value="ⲉ"/>
		<feat xlink:href="#sSpan1233" value="ⲕⲏⲙⲉ"/>
		<feat xlink:href="#sSpan1234" value="ⲁ"/>
		<feat xlink:href="#sSpan1236" value="ⲙⲱⲩⲥⲏⲥ"/>
		<feat xlink:href="#sSpan1237" value="ⲛ"/>
		<feat xlink:href="#sSpan1239" value="ⲇⲉ"/>
		<feat xlink:href="#sSpan1240" value="ϫⲓ"/>
		<feat xlink:href="#sSpan1242" value="ⲙ"/>
		<feat xlink:href="#sSpan1244" value="ⲡ"/>
		<feat xlink:href="#sSpan1245" value="ϭⲉⲣⲱⲃ"/>
		<feat xlink:href="#sSpan1246" value="ⲡ"/>
		<feat xlink:href="#sSpan1248" value="ⲉⲃⲟⲗ"/>
		<feat xlink:href="#sSpan1249" value="ϩⲓⲧⲟⲟⲧ"/>
		<feat xlink:href="#sSpan1251" value="ϥ"/>
		<feat xlink:href="#sSpan1252" value="ⲙ"/>
		<feat xlink:href="#sSpan1254" value="ⲡ"/>
		<feat xlink:href="#sSpan1255" value="ⲛⲟⲩⲧⲉ"/>
		<feat xlink:href="#sSpan1256" value="ϩⲣⲁⲓ"/>
		<feat xlink:href="#sSpan1258" value="ϩⲛ"/>
		<feat xlink:href="#sSpan1260" value="ⲧⲉϥ"/>
		<feat xlink:href="#sSpan1262" value="ϭⲓϫ"/>
		<feat xlink:href="#sSpan1264" value="ⲡⲉϫⲁ"/>
		<feat xlink:href="#sSpan1266" value="ϥ"/>
		<feat xlink:href="#sSpan1267" value="ⲇⲉ"/>
		<feat xlink:href="#sSpan1269" value="ⲛϭⲓ"/>
		<feat xlink:href="#sSpan1271" value="ⲡ"/>
		<feat xlink:href="#sSpan1273" value="ϫⲟⲉⲓⲥ"/>
		<feat xlink:href="#sSpan1274" value="ⲙ"/>
		<feat xlink:href="#sSpan1276" value="ⲙⲱⲩⲥⲏⲥ"/>
		<feat xlink:href="#sSpan1277" value="ϫⲉ"/>
		<feat xlink:href="#sSpan1279" value="ⲉ"/>
		<feat xlink:href="#sSpan1281" value="ⲕ"/>
		<feat xlink:href="#sSpan1282" value="ⲃⲱⲕ"/>
		<feat xlink:href="#sSpan1283" value="ⲁⲩⲱ"/>
		<feat xlink:href="#sSpan1285" value="ⲉ"/>
		<feat xlink:href="#sSpan1287" value="ⲕ"/>
		<feat xlink:href="#sSpan1288" value="ⲕⲱⲧⲉ"/>
		<feat xlink:href="#sSpan1289" value="ⲙⲙⲟ"/>
		<feat xlink:href="#sSpan1291" value="ⲕ"/>
		<feat xlink:href="#sSpan1292" value="ⲉϩⲣⲁⲓ"/>
		<feat xlink:href="#sSpan1294" value="ⲉ"/>
		<feat xlink:href="#sSpan1296" value="ⲕⲏⲙⲉ"/>
		<feat xlink:href="#sSpan1297" value="ϯ"/>
		<feat xlink:href="#sSpan1299" value="ϩⲧⲏ"/>
		<feat xlink:href="#sSpan1301" value="ⲕ"/>
		<feat xlink:href="#sSpan1302" value="ⲉ"/>
		<feat xlink:href="#sSpan1304" value="ⲣ"/>
		<feat xlink:href="#sSpan1305" value="ⲛⲉ"/>
		<feat xlink:href="#sSpan1307" value="ϣⲡⲏⲣⲉ"/>
		<feat xlink:href="#sSpan1308" value="ⲧⲏⲣ"/>
		<feat xlink:href="#sSpan1310" value="ⲟⲩ"/>
		<feat xlink:href="#sSpan1311" value="ⲛⲧ"/>
		<feat xlink:href="#sSpan1313" value="ⲁ"/>
		<feat xlink:href="#sSpan1314" value="ⲓ"/>
		<feat xlink:href="#sSpan1315" value="ⲁⲁ"/>
		<feat xlink:href="#sSpan1316" value="ⲩ"/>
		<feat xlink:href="#sSpan1317" value="ϩⲛ"/>
		<feat xlink:href="#sSpan1319" value="ⲛⲉⲕ"/>
		<feat xlink:href="#sSpan1321" value="ϭⲓϫ"/>
		<feat xlink:href="#sSpan1322" value="ⲙ"/>
		<feat xlink:href="#sSpan1324" value="ⲡⲉ"/>
		<feat xlink:href="#sSpan1325" value="ⲙⲧⲟ"/>
		<feat xlink:href="#sSpan1326" value="ⲉⲃⲟⲗ"/>
		<feat xlink:href="#sSpan1328" value="ⲙ"/>
		<feat xlink:href="#sSpan1330" value="ⲫⲁⲣⲁⲱ"/>
		<feat xlink:href="#sSpan1331" value="ⲁⲛⲟⲕ"/>
		<feat xlink:href="#sSpan1333" value="ⲛ"/>
		<feat xlink:href="#sSpan1335" value="ⲇⲉ"/>
		<feat xlink:href="#sSpan1336" value="ϯ"/>
		<feat xlink:href="#sSpan1338" value="ⲛⲁ"/>
		<feat xlink:href="#sSpan1339" value="ϯ"/>
		<feat xlink:href="#sSpan1340" value="ⲛ"/>
		<feat xlink:href="#sSpan1342" value="ϣⲟⲧ"/>
		<feat xlink:href="#sSpan1343" value="ⲙ"/>
		<feat xlink:href="#sSpan1345" value="ⲡⲉϥ"/>
		<feat xlink:href="#sSpan1346" value="ϩⲏⲧ"/>
		<feat xlink:href="#sSpan1347" value="ⲛ"/>
		<feat xlink:href="#sSpan1349" value="ϥ"/>
		<feat xlink:href="#sSpan1350" value="ⲧⲙ"/>
		<feat xlink:href="#sSpan1351" value="ⲕⲱ"/>
		<feat xlink:href="#sSpan1352" value="ⲉⲃⲟⲗ"/>
		<feat xlink:href="#sSpan1354" value="ⲙ"/>
		<feat xlink:href="#sSpan1356" value="ⲡ"/>
		<feat xlink:href="#sSpan1357" value="ⲗⲁⲟⲥ"/>
		<feat xlink:href="#sSpan1359" value="ⲛⲧⲟⲕ"/>
		<feat xlink:href="#sSpan1361" value="ⲛ"/>
		<feat xlink:href="#sSpan1363" value="ⲇⲉ"/>
		<feat xlink:href="#sSpan1364" value="ⲉⲕⲉ"/>
		<feat xlink:href="#sSpan1366" value="ϫⲟⲟ"/>
		<feat xlink:href="#sSpan1367" value="ⲥ"/>
		<feat xlink:href="#sSpan1368" value="ⲙ"/>
		<feat xlink:href="#sSpan1370" value="ⲫⲁⲣⲁⲱ"/>
		<feat xlink:href="#sSpan1371" value="ϫⲉ"/>
		<feat xlink:href="#sSpan1373" value="ⲛⲁⲓ"/>
		<feat xlink:href="#sSpan1375" value="ⲛ"/>
		<feat xlink:href="#sSpan1377" value="ⲉⲧⲉⲣⲉ"/>
		<feat xlink:href="#sSpan1378" value="ⲡ"/>
		<feat xlink:href="#sSpan1379" value="ϫⲟⲉⲓⲥ"/>
		<feat xlink:href="#sSpan1380" value="ϫⲱ"/>
		<feat xlink:href="#sSpan1382" value="ⲙⲙⲟ"/>
		<feat xlink:href="#sSpan1384" value="ⲟⲩ"/>
		<feat xlink:href="#sSpan1385" value="ϫⲉ"/>
		<feat xlink:href="#sSpan1387" value="ⲡⲁ"/>
		<feat xlink:href="#sSpan1389" value="ϣⲏⲣⲉ"/>
		<feat xlink:href="#sSpan1390" value="ⲡⲁϣⲣⲡ"/>
		<feat xlink:href="#sSpan1392" value="ⲙ"/>
		<feat xlink:href="#sSpan1394" value="ⲙⲓⲥⲉ"/>
		<feat xlink:href="#sSpan1395" value="ⲡⲉ"/>
		<feat xlink:href="#sSpan1397" value="ⲡⲓⲏⲗ"/>
		<feat xlink:href="#sSpan1400" value="ⲁ"/>
		<feat xlink:href="#sSpan1402" value="ⲓ"/>
		<feat xlink:href="#sSpan1403" value="ϫⲟⲟ"/>
		<feat xlink:href="#sSpan1404" value="ⲥ"/>
		<feat xlink:href="#sSpan1405" value="ⲛ"/>
		<feat xlink:href="#sSpan1407" value="ⲇⲉ"/>
		<feat xlink:href="#sSpan1408" value="ⲛⲁ"/>
		<feat xlink:href="#sSpan1410" value="ⲕ"/>
		<feat xlink:href="#sSpan1411" value="ϫⲉ"/>
		<feat xlink:href="#sSpan1413" value="ⲕⲱ"/>
		<feat xlink:href="#sSpan1415" value="ⲉⲃⲟⲗ"/>
		<feat xlink:href="#sSpan1417" value="ⲙ"/>
		<feat xlink:href="#sSpan1419" value="ⲡⲁ"/>
		<feat xlink:href="#sSpan1420" value="ⲗⲁⲟⲥ"/>
		<feat xlink:href="#sSpan1421" value="ϫⲉⲕⲁⲥ"/>
		<feat xlink:href="#sSpan1423" value="ⲉϥⲉ"/>
		<feat xlink:href="#sSpan1425" value="ϣⲙϣⲉ"/>
		<feat xlink:href="#sSpan1426" value="ⲛⲁⲓ"/>
		<feat xlink:href="#sSpan1428" value="ⲉϣⲱⲡⲉ"/>
		<feat xlink:href="#sSpan1430" value="ϭⲉ"/>
		<feat xlink:href="#sSpan1432" value="ⲛ"/>
		<feat xlink:href="#sSpan1434" value="ⲅ"/>
		<feat xlink:href="#sSpan1435" value="ⲟⲩⲱϣ"/>
		<feat xlink:href="#sSpan1436" value="ⲁⲛ"/>
		<feat xlink:href="#sSpan1438" value="ⲉ"/>
		<feat xlink:href="#sSpan1440" value="ⲕⲱ"/>
		<feat xlink:href="#sSpan1441" value="ⲙⲙⲟ"/>
		<feat xlink:href="#sSpan1443" value="ϥ"/>
		<feat xlink:href="#sSpan1444" value="ⲉⲃⲟⲗ"/>
		<feat xlink:href="#sSpan1446" value="ⲉⲓⲥ"/>
		<feat xlink:href="#sSpan1448" value="ϩⲏⲏⲧⲉ"/>
		<feat xlink:href="#sSpan1450" value="ⲁⲛⲟⲕ"/>
		<feat xlink:href="#sSpan1452" value="ϯ"/>
		<feat xlink:href="#sSpan1454" value="ⲛⲁ"/>
		<feat xlink:href="#sSpan1455" value="ⲙⲟⲩⲟⲩⲧ"/>
		<feat xlink:href="#sSpan1456" value="ⲙⲡⲉ"/>
		<feat xlink:href="#sSpan1458" value="ⲕ"/>
		<feat xlink:href="#sSpan1459" value="ϣⲣⲡ"/>
		<feat xlink:href="#sSpan1460" value="ⲙ"/>
		<feat xlink:href="#sSpan1462" value="ⲙⲓⲥⲉ"/>
		<feat xlink:href="#sSpan1464" value="ⲁ"/>
		<feat xlink:href="#sSpan1466" value="ⲥ"/>
		<feat xlink:href="#sSpan1467" value="ϣⲱⲡⲉ"/>
		<feat xlink:href="#sSpan1468" value="ⲇⲉ"/>
		<feat xlink:href="#sSpan1470" value="ϩⲣⲁⲓ"/>
		<feat xlink:href="#sSpan1472" value="ϩⲛ"/>
		<feat xlink:href="#sSpan1474" value="ⲧⲉ"/>
		<feat xlink:href="#sSpan1476" value="ϩⲓⲏ"/>
		<feat xlink:href="#sSpan1477" value="ⲙ"/>
		<feat xlink:href="#sSpan1479" value="ⲡ"/>
		<feat xlink:href="#sSpan1480" value="ⲙⲁ"/>
		<feat xlink:href="#sSpan1481" value="ⲛ"/>
		<feat xlink:href="#sSpan1483" value="ⲟⲩⲉϩ"/>
		<feat xlink:href="#sSpan1484" value="ⲛⲁ"/>
		<feat xlink:href="#sSpan1486" value="ⲩ"/>
		<feat xlink:href="#sSpan1487" value="ⲁ"/>
		<feat xlink:href="#sSpan1489" value="ⲟⲩ"/>
		<feat xlink:href="#sSpan1490" value="ⲁⲅⲅⲉⲗⲟⲥ"/>
		<feat xlink:href="#sSpan1491" value="ⲧⲱⲙⲧ"/>
		<feat xlink:href="#sSpan1493" value="ⲉⲣⲟ"/>
		<feat xlink:href="#sSpan1495" value="ϥ"/>
		<feat xlink:href="#sSpan1496" value="ⲛ"/>
		<feat xlink:href="#sSpan1498" value="ⲧⲉ"/>
		<feat xlink:href="#sSpan1499" value="ⲡ"/>
		<feat xlink:href="#sSpan1501" value="ϫⲟⲉⲓⲥ"/>
		<feat xlink:href="#sSpan1502" value="ⲁ"/>
		<feat xlink:href="#sSpan1504" value="ϥ"/>
		<feat xlink:href="#sSpan1505" value="ϣⲓⲛⲉ"/>
		<feat xlink:href="#sSpan1506" value="ⲛ"/>
		<feat xlink:href="#sSpan1508" value="ⲥⲁ"/>
		<feat xlink:href="#sSpan1509" value="ⲙⲟⲩⲟⲩⲧ"/>
		<feat xlink:href="#sSpan1511" value="ϥ"/>
		<feat xlink:href="#sSpan1513" value="ⲁⲥⲉⲫ"/>
		<feat xlink:href="#sSpan1515" value="ⲫⲱⲣⲁ"/>
		<feat xlink:href="#sSpan1517" value="ϫⲓ"/>
		<feat xlink:href="#sSpan1519" value="ⲛ"/>
		<feat xlink:href="#sSpan1521" value="ⲟⲩ"/>
		<feat xlink:href="#sSpan1522" value="ⲱⲛⲉ"/>
		<feat xlink:href="#sSpan1523" value="ⲁ"/>
		<feat xlink:href="#sSpan1525" value="ⲥ"/>
		<feat xlink:href="#sSpan1526" value="ⲥⲃⲃⲉ"/>
		<feat xlink:href="#sSpan1527" value="ⲙ"/>
		<feat xlink:href="#sSpan1529" value="ⲡ"/>
		<feat xlink:href="#sSpan1531" value="ⲁⲧⲥⲃⲃⲉ"/>
		<feat xlink:href="#sSpan1533" value="ⲙ"/>
		<feat xlink:href="#sSpan1535" value="ⲡⲉⲥ"/>
		<feat xlink:href="#sSpan1536" value="ϣⲏⲣⲉ"/>
		<feat xlink:href="#sSpan1537" value="ⲁ"/>
		<feat xlink:href="#sSpan1539" value="ⲥ"/>
		<feat xlink:href="#sSpan1540" value="ϩⲉ"/>
		<feat xlink:href="#sSpan1541" value="ϩⲁ"/>
		<feat xlink:href="#sSpan1543" value="ⲛⲉϥ"/>
		<feat xlink:href="#sSpan1545" value="ⲟⲩⲉⲣⲏⲧⲉ"/>
		<feat xlink:href="#sSpan1546" value="ⲡⲉϫⲁ"/>
		<feat xlink:href="#sSpan1548" value="ⲥ"/>
		<feat xlink:href="#sSpan1549" value="ϫⲉ"/>
		<feat xlink:href="#sSpan1551" value="ⲁ"/>
		<feat xlink:href="#sSpan1553" value="ϥ"/>
		<feat xlink:href="#sSpan1555" value="ⲁϩⲉⲣⲁⲧ"/>
		<feat xlink:href="#sSpan1557" value="ϥ"/>
		<feat xlink:href="#sSpan1558" value="ⲛϭⲓ"/>
		<feat xlink:href="#sSpan1560" value="ⲡⲉ"/>
		<feat xlink:href="#sSpan1562" value="ⲥⲛⲟϥ"/>
		<feat xlink:href="#sSpan1563" value="ⲙ"/>
		<feat xlink:href="#sSpan1565" value="ⲡ"/>
		<feat xlink:href="#sSpan1566" value="ⲥⲃⲃⲉ"/>
		<feat xlink:href="#sSpan1567" value="ⲙ"/>
		<feat xlink:href="#sSpan1569" value="ⲡⲁ"/>
		<feat xlink:href="#sSpan1570" value="ϣⲏⲣⲉ"/>
		<feat xlink:href="#sSpan1572" value="ⲁ"/>
		<feat xlink:href="#sSpan1574" value="ϥ"/>
		<feat xlink:href="#sSpan1575" value="ⲥⲁϩⲱ"/>
		<feat xlink:href="#sSpan1576" value="ϥ"/>
		<feat xlink:href="#sSpan1577" value="ⲉⲃⲟⲗ"/>
		<feat xlink:href="#sSpan1579" value="ⲙⲙⲟ"/>
		<feat xlink:href="#sSpan1581" value="ⲥ"/>
		<feat xlink:href="#sSpan1582" value="ϫⲉ"/>
		<feat xlink:href="#sSpan1584" value="ⲁ"/>
		<feat xlink:href="#sSpan1586" value="ⲥ"/>
		<feat xlink:href="#sSpan1587" value="ϫⲟⲟ"/>
		<feat xlink:href="#sSpan1588" value="ⲥ"/>
		<feat xlink:href="#sSpan1589" value="ϫⲉ"/>
		<feat xlink:href="#sSpan1591" value="ⲁ"/>
		<feat xlink:href="#sSpan1593" value="ϥ"/>
		<feat xlink:href="#sSpan1595" value="ⲁϩⲉⲣⲁⲧ"/>
		<feat xlink:href="#sSpan1597" value="ϥ"/>
		<feat xlink:href="#sSpan1598" value="ⲛϭⲓ"/>
		<feat xlink:href="#sSpan1600" value="ⲡⲉ"/>
		<feat xlink:href="#sSpan1602" value="ⲥⲛⲟϥ"/>
		<feat xlink:href="#sSpan1603" value="ⲙ"/>
		<feat xlink:href="#sSpan1605" value="ⲡ"/>
		<feat xlink:href="#sSpan1606" value="ⲥⲃⲃⲉ"/>
		<feat xlink:href="#sSpan1607" value="ⲙ"/>
		<feat xlink:href="#sSpan1609" value="ⲡⲁ"/>
		<feat xlink:href="#sSpan1610" value="ϣⲏⲣⲉ"/>
		<feat xlink:href="#sSpan1612" value="ⲡⲉϫⲁ"/>
		<feat xlink:href="#sSpan1614" value="ϥ"/>
		<feat xlink:href="#sSpan1615" value="ⲛ"/>
		<feat xlink:href="#sSpan1617" value="ⲇⲉ"/>
		<feat xlink:href="#sSpan1618" value="ⲛϭⲓ"/>
		<feat xlink:href="#sSpan1620" value="ⲡϫⲟⲙ"/>
		<feat xlink:href="#sSpan1622" value="ⲡⲁ"/>
		<feat xlink:href="#sSpan1623" value="ϣⲏⲣⲉ"/>
		<feat xlink:href="#sSpan1625" value="ⲡⲉϫⲁ"/>
		<feat xlink:href="#sSpan1627" value="ϥ"/>
		<feat xlink:href="#sSpan1628" value="ⲛ"/>
		<feat xlink:href="#sSpan1630" value="ⲇⲉ"/>
		<feat xlink:href="#sSpan1631" value="ⲛϭⲓ"/>
		<feat xlink:href="#sSpan1633" value="ⲡ"/>
		<feat xlink:href="#sSpan1635" value="ϫⲟⲉⲓⲥ"/>
		<feat xlink:href="#sSpan1636" value="ⲛ"/>
		<feat xlink:href="#sSpan1638" value="ⲁⲁⲣⲱⲛ"/>
		<feat xlink:href="#sSpan1639" value="ϫⲉ"/>
		<feat xlink:href="#sSpan1641" value="ⲃⲱⲕ"/>
		<feat xlink:href="#sSpan1643" value="ⲛ"/>
		<feat xlink:href="#sSpan1645" value="ⲕ"/>
		<feat xlink:href="#sSpan1646" value="ⲧⲱⲙⲧ"/>
		<feat xlink:href="#sSpan1647" value="ⲉ"/>
		<feat xlink:href="#sSpan1649" value="ⲙⲱⲩⲥⲏⲥ"/>
		<feat xlink:href="#sSpan1650" value="ϩⲣⲁⲓ"/>
		<feat xlink:href="#sSpan1652" value="ϩⲛ"/>
		<feat xlink:href="#sSpan1654" value="ⲧ"/>
		<feat xlink:href="#sSpan1656" value="ⲉⲣⲏⲙⲟⲥ"/>
		<feat xlink:href="#sSpan1657" value="ⲁ"/>
		<feat xlink:href="#sSpan1659" value="ϥ"/>
		<feat xlink:href="#sSpan1660" value="ⲃⲱⲕ"/>
		<feat xlink:href="#sSpan1661" value="ⲛ"/>
		<feat xlink:href="#sSpan1663" value="ⲇⲉ"/>
		<feat xlink:href="#sSpan1664" value="ⲉ"/>
		<feat xlink:href="#sSpan1666" value="ⲧⲱⲙⲧ"/>
		<feat xlink:href="#sSpan1667" value="ⲉⲣⲟ"/>
		<feat xlink:href="#sSpan1669" value="ϥ"/>
		<feat xlink:href="#sSpan1670" value="ϩⲣⲁⲓ"/>
		<feat xlink:href="#sSpan1672" value="ϩⲙ"/>
		<feat xlink:href="#sSpan1674" value="ⲡ"/>
		<feat xlink:href="#sSpan1676" value="ⲧⲟⲟⲩ"/>
		<feat xlink:href="#sSpan1677" value="ⲙ"/>
		<feat xlink:href="#sSpan1679" value="ⲡ"/>
		<feat xlink:href="#sSpan1681" value="ⲛⲟⲩⲧⲉ"/>
		<feat xlink:href="#sSpan1682" value="ⲁ"/>
		<feat xlink:href="#sSpan1684" value="ⲩ"/>
		<feat xlink:href="#sSpan1685" value="ⲁⲥⲡⲁⲍⲉ"/>
		<feat xlink:href="#sSpan1686" value="ⲛ"/>
		<feat xlink:href="#sSpan1688" value="ⲛⲉⲩ"/>
		<feat xlink:href="#sSpan1689" value="ⲉⲣⲏⲩ"/>
		<feat xlink:href="#sSpan1691" value="ⲁ"/>
		<feat xlink:href="#sSpan1693" value="ⲙⲱⲩⲥⲏⲥ"/>
		<feat xlink:href="#sSpan1694" value="ⲇⲉ"/>
		<feat xlink:href="#sSpan1696" value="ϫⲱ"/>
		<feat xlink:href="#sSpan1698" value="ⲛ"/>
		<feat xlink:href="#sSpan1700" value="ⲛ"/>
		<feat xlink:href="#sSpan1701" value="ϣⲁϫⲉ"/>
		<feat xlink:href="#sSpan1702" value="ⲧⲏⲣ"/>
		<feat xlink:href="#sSpan1704" value="ⲟⲩ"/>
		<feat xlink:href="#sSpan1705" value="ⲉ"/>
		<feat xlink:href="#sSpan1707" value="ⲁⲁⲣⲱⲛ"/>
		<feat xlink:href="#sSpan1708" value="ⲡⲉϥ"/>
		<feat xlink:href="#sSpan1710" value="ⲥⲟⲛ"/>
		<feat xlink:href="#sSpan1711" value="ⲛⲁⲓ"/>
		<feat xlink:href="#sSpan1713" value="ⲛⲧ"/>
		<feat xlink:href="#sSpan1715" value="ⲁ"/>
		<feat xlink:href="#sSpan1716" value="ϥ"/>
		<feat xlink:href="#sSpan1717" value="ϫⲟⲟⲩ"/>
		<feat xlink:href="#sSpan1718" value="ⲛϭⲓ"/>
		<feat xlink:href="#sSpan1720" value="ⲡ"/>
		<feat xlink:href="#sSpan1722" value="ϫⲟⲉⲓⲥ"/>
		<feat xlink:href="#sSpan1723" value="ⲁⲩⲱ"/>
		<feat xlink:href="#sSpan1725" value="ⲙ"/>
		<feat xlink:href="#sSpan1727" value="ⲙⲁⲉⲓⲛ"/>
		<feat xlink:href="#sSpan1728" value="ⲧⲏⲣ"/>
		<feat xlink:href="#sSpan1730" value="ⲟⲩ"/>
		<feat xlink:href="#sSpan1731" value="ⲉⲛⲧ"/>
		<feat xlink:href="#sSpan1733" value="ⲁ"/>
		<feat xlink:href="#sSpan1734" value="ϥ"/>
		<feat xlink:href="#sSpan1735" value="ϩⲟⲛ"/>
		<feat xlink:href="#sSpan1736" value="ⲟⲩ"/>
		<feat xlink:href="#sSpan1737" value="ⲉⲧⲟⲟⲧ"/>
		<feat xlink:href="#sSpan1739" value="ϥ"/>
		<feat xlink:href="#sSpan1741" value="ⲁ"/>
		<feat xlink:href="#sSpan1743" value="ϥ"/>
		<feat xlink:href="#sSpan1744" value="ⲃⲱⲕ"/>
		<feat xlink:href="#sSpan1745" value="ⲇⲉ"/>
		<feat xlink:href="#sSpan1747" value="ⲛϭⲓ"/>
		<feat xlink:href="#sSpan1749" value="ⲙⲱⲩⲥⲏⲥ"/>
		<feat xlink:href="#sSpan1751" value="ⲙⲛ"/>
		<feat xlink:href="#sSpan1753" value="ⲁ"/>
		<feat xlink:href="#sSpan1755" value="ⲁⲣⲱⲛ"/>
		<feat xlink:href="#sSpan1756" value="ⲁ"/>
		<feat xlink:href="#sSpan1758" value="ⲩ"/>
		<feat xlink:href="#sSpan1759" value="ⲥⲱⲟⲩϩ"/>
		<feat xlink:href="#sSpan1760" value="ⲉϩⲟⲩⲛ"/>
		<feat xlink:href="#sSpan1762" value="ⲛⲛϩⲗⲗⲟ"/>
		<feat xlink:href="#sSpan1764" value="ⲉⲓ"/>
		<feat xlink:href="#sSpan1765" value="ⲛ"/>
		<feat xlink:href="#sSpan1767" value="ⲛ"/>
		<feat xlink:href="#sSpan1768" value="ϣⲏⲣⲉ"/>
		<feat xlink:href="#sSpan1769" value="ⲙ"/>
		<feat xlink:href="#sSpan1771" value="ⲡ"/>
		<feat xlink:href="#sSpan1772" value="ⲓⲏ"/>
		<feat xlink:href="#sSpan1774" value="ⲁ"/>
		<feat xlink:href="#sSpan1776" value="ϥ"/>
		<feat xlink:href="#sSpan1777" value="ϫⲱ"/>
		<feat xlink:href="#sSpan1778" value="ⲛⲁ"/>
		<feat xlink:href="#sSpan1780" value="ⲩ"/>
		<feat xlink:href="#sSpan1781" value="ⲛϭⲓ"/>
		<feat xlink:href="#sSpan1783" value="ⲁ"/>
		<feat xlink:href="#sSpan1785" value="ⲁⲣⲱⲛ"/>
		<feat xlink:href="#sSpan1786" value="ⲛ"/>
		<feat xlink:href="#sSpan1788" value="ⲛ"/>
		<feat xlink:href="#sSpan1789" value="ϣⲁϫⲉ"/>
		<feat xlink:href="#sSpan1790" value="ⲧⲏⲣ"/>
		<feat xlink:href="#sSpan1792" value="ⲟⲩ"/>
		<feat xlink:href="#sSpan1793" value="ⲛⲧ"/>
		<feat xlink:href="#sSpan1795" value="ⲁ"/>
		<feat xlink:href="#sSpan1796" value="ⲡ"/>
		<feat xlink:href="#sSpan1797" value="ⲛⲟⲩⲧⲉ"/>
		<feat xlink:href="#sSpan1798" value="ϩⲱⲛ"/>
		<feat xlink:href="#sSpan1800" value="ⲉⲧⲟⲟⲧ"/>
		<feat xlink:href="#sSpan1802" value="ϥ"/>
		<feat xlink:href="#sSpan1803" value="ⲙ"/>
		<feat xlink:href="#sSpan1805" value="ⲙⲱⲩⲥⲏⲥ"/>
		<feat xlink:href="#sSpan1806" value="ⲙⲙⲟ"/>
		<feat xlink:href="#sSpan1808" value="ⲟⲩ"/>
		<feat xlink:href="#sSpan1809" value="ⲁⲩⲱ"/>
		<feat xlink:href="#sSpan1811" value="ⲁ"/>
		<feat xlink:href="#sSpan1813" value="ϥ"/>
		<feat xlink:href="#sSpan1814" value="ⲉⲓⲣⲉ"/>
		<feat xlink:href="#sSpan1815" value="ⲛ"/>
		<feat xlink:href="#sSpan1817" value="ⲙ"/>
		<feat xlink:href="#sSpan1818" value="ⲙⲁⲉⲓⲛ"/>
		<feat xlink:href="#sSpan1819" value="ⲙ"/>
		<feat xlink:href="#sSpan1821" value="ⲡⲉ"/>
		<feat xlink:href="#sSpan1822" value="ⲙⲧⲟ"/>
		<feat xlink:href="#sSpan1823" value="ⲉⲃⲟⲗ"/>
		<feat xlink:href="#sSpan1825" value="ⲙ"/>
		<feat xlink:href="#sSpan1827" value="ⲡ"/>
		<feat xlink:href="#sSpan1828" value="ⲗⲁⲟⲥ"/></featList></paula>