<?xml version='1.0' encoding='UTF-8'?><!DOCTYPE paula SYSTEM "paula_feat.dtd">
<paula version="1.1">
	<header paula_id="scriptorium.Mark_01.mark_orig"/>
	<featList xmlns:xlink="http://www.w3.org/1999/xlink" type="orig" xml:base="scriptorium.Mark_01.mark.xml">
		<feat xlink:href="#sSpan2" value="ⲧ"/>
		<feat xlink:href="#sSpan13" value="ⲁⲣⲭⲏ"/>
		<feat xlink:href="#sSpan15" value="ⲙ"/>
		<feat xlink:href="#sSpan19" value="ⲡ"/>
		<feat xlink:href="#sSpan23" value="ⲉⲩⲁⲅⲅⲉⲗⲓⲟⲛ"/>
		<feat xlink:href="#sSpan25" value="ⲛ"/>
		<feat xlink:href="#sSpan30" value="ⲓⲏⲥⲟⲩⲥ"/>
		<feat xlink:href="#sSpan33" value="ⲡⲉ"/>
		<feat xlink:href="#sSpan38" value="ⲭⲣⲓⲥⲧⲟⲥ"/>
		<feat xlink:href="#sSpan40" value="["/>
		<feat xlink:href="#sSpan44" value="ⲡ"/>
		<feat xlink:href="#sSpan48" value="ϣⲏⲣⲉ"/>
		<feat xlink:href="#sSpan50" value="ⲙ"/>
		<feat xlink:href="#sSpan54" value="ⲡ"/>
		<feat xlink:href="#sSpan57" value="ⲛⲟⲩⲧⲉ"/>
		<feat xlink:href="#sSpan59" value="]"/>
		<feat xlink:href="#sSpan63" value="."/>
		<feat xlink:href="#sSpan68" value="ⲕⲁⲧⲁ"/>
		<feat xlink:href="#sSpan77" value="ⲡ"/>
		<feat xlink:href="#sSpan79" value="ⲉⲧ"/>
		<feat xlink:href="#sSpan81" value="ⲥⲏϩ"/>
		<feat xlink:href="#sSpan83" value="ϩⲛ"/>
		<feat xlink:href="#sSpan88" value="ⲏⲥⲁⲓⲁⲥ"/>
		<feat xlink:href="#sSpan91" value="ⲡⲉ"/>
		<feat xlink:href="#sSpan96" value="ⲡⲣⲟⲫⲏⲧⲏⲥ"/>
		<feat xlink:href="#sSpan98" value="ϫⲉ"/>
		<feat xlink:href="#sSpan102" value="ⲉⲓⲥ"/>
		<feat xlink:href="#sSpan105" value="ϩⲏⲏⲧⲉ"/>
		<feat xlink:href="#sSpan107" value="ϯ"/>
		<feat xlink:href="#sSpan111" value="ⲛⲁ"/>
		<feat xlink:href="#sSpan113" value="ϫⲉⲩ"/>
		<feat xlink:href="#sSpan115" value="ⲡⲁ"/>
		<feat xlink:href="#sSpan119" value="ⲁⲅⲅⲉⲗⲟⲥ"/>
		<feat xlink:href="#sSpan121" value="ϩⲓ"/>
		<feat xlink:href="#sSpan125" value="ϩⲏ"/>
		<feat xlink:href="#sSpan127" value="ⲙⲙⲟ"/>
		<feat xlink:href="#sSpan131" value="ⲕ"/>
		<feat xlink:href="#sSpan133" value="ⲛ"/>
		<feat xlink:href="#sSpan137" value="ϥ"/>
		<feat xlink:href="#sSpan139" value="ⲥⲃⲧⲉ"/>
		<feat xlink:href="#sSpan141" value="ⲧⲉⲕ"/>
		<feat xlink:href="#sSpan146" value="ϩⲓⲏ"/>
		<feat xlink:href="#sSpan148" value="."/>
		<feat xlink:href="#sSpan152" value="ⲡⲉ"/>
		<feat xlink:href="#sSpan161" value="ϩⲣⲟⲟⲩ"/>
		<feat xlink:href="#sSpan163" value="ⲙ"/>
		<feat xlink:href="#sSpan167" value="ⲡ"/>
		<feat xlink:href="#sSpan169" value="ⲉⲧ"/>
		<feat xlink:href="#sSpan171" value="ⲱϣ"/>
		<feat xlink:href="#sSpan174" value="ⲉⲃⲟⲗ"/>
		<feat xlink:href="#sSpan178" value="ϩⲛ"/>
		<feat xlink:href="#sSpan182" value="ⲧ"/>
		<feat xlink:href="#sSpan186" value="ⲉⲣⲏⲙⲟⲥ"/>
		<feat xlink:href="#sSpan188" value="ϫⲉ"/>
		<feat xlink:href="#sSpan192" value="ⲥⲟⲩⲧⲛ"/>
		<feat xlink:href="#sSpan194" value="ⲧⲉ"/>
		<feat xlink:href="#sSpan199" value="ϩⲓⲏ"/>
		<feat xlink:href="#sSpan201" value="ⲙ"/>
		<feat xlink:href="#sSpan205" value="ⲡ"/>
		<feat xlink:href="#sSpan208" value="ϫⲟⲉⲓⲥ"/>
		<feat xlink:href="#sSpan210" value="ⲛ"/>
		<feat xlink:href="#sSpan214" value="ⲧⲉⲧⲛ"/>
		<feat xlink:href="#sSpan216" value="ⲥⲟⲩⲧⲛ"/>
		<feat xlink:href="#sSpan218" value="ⲛⲉϥ"/>
		<feat xlink:href="#sSpan223" value="ⲙⲟⲓⲧ"/>
		<feat xlink:href="#sSpan225" value="."/>
		<feat xlink:href="#sSpan229" value="ⲁ"/>
		<feat xlink:href="#sSpan238" value="ϥ"/>
		<feat xlink:href="#sSpan240" value="ϣⲱⲡⲉ"/>
		<feat xlink:href="#sSpan243" value="ⲇⲉ"/>
		<feat xlink:href="#sSpan247" value="ⲛϭⲓ"/>
		<feat xlink:href="#sSpan252" value="ⲓⲱϩⲁⲛⲛⲏⲥ"/>
		<feat xlink:href="#sSpan255" value="ⲉ"/>
		<feat xlink:href="#sSpan259" value="ϥ"/>
		<feat xlink:href="#sSpan262" value="ϯⲃⲁⲡⲧⲓⲥⲙⲁ"/>
		<feat xlink:href="#sSpan266" value="ⲙ"/>
		<feat xlink:href="#sSpan270" value="ⲡ"/>
		<feat xlink:href="#sSpan273" value="ϫⲁⲓⲉ"/>
		<feat xlink:href="#sSpan275" value="ⲉ"/>
		<feat xlink:href="#sSpan279" value="ϥ"/>
		<feat xlink:href="#sSpan282" value="ⲕⲏⲣⲩⲥⲥⲉ"/>
		<feat xlink:href="#sSpan284" value="ⲛ"/>
		<feat xlink:href="#sSpan288" value="ⲟⲩ"/>
		<feat xlink:href="#sSpan292" value="ⲃⲁⲡⲧⲓⲥⲙⲁ"/>
		<feat xlink:href="#sSpan294" value="ⲙ"/>
		<feat xlink:href="#sSpan299" value="ⲙⲉⲧⲁⲛⲟⲓⲁ"/>
		<feat xlink:href="#sSpan302" value="ⲉ"/>
		<feat xlink:href="#sSpan306" value="ⲡ"/>
		<feat xlink:href="#sSpan309" value="ⲕⲱ"/>
		<feat xlink:href="#sSpan312" value="ⲉⲃⲟⲗ"/>
		<feat xlink:href="#sSpan316" value="ⲛ"/>
		<feat xlink:href="#sSpan320" value="ⲛ"/>
		<feat xlink:href="#sSpan323" value="ⲛⲟⲃⲉ"/>
		<feat xlink:href="#sSpan325" value="."/>
		<feat xlink:href="#sSpan329" value="ⲁⲩⲱ"/>
		<feat xlink:href="#sSpan338" value="ⲁ"/>
		<feat xlink:href="#sSpan342" value="ⲥ"/>
		<feat xlink:href="#sSpan344" value="ⲃⲱⲕ"/>
		<feat xlink:href="#sSpan346" value="ⲛⲁ"/>
		<feat xlink:href="#sSpan350" value="ϥ"/>
		<feat xlink:href="#sSpan352" value="ⲉⲃⲟⲗ"/>
		<feat xlink:href="#sSpan356" value="ⲛϭⲓ"/>
		<feat xlink:href="#sSpan360" value="ⲧⲉ"/>
		<feat xlink:href="#sSpan364" value="ⲭⲱⲣⲁ"/>
		<feat xlink:href="#sSpan366" value="ⲧⲏⲣ"/>
		<feat xlink:href="#sSpan370" value="ⲥ"/>
		<feat xlink:href="#sSpan372" value="ⲛ"/>
		<feat xlink:href="#sSpan376" value="ⲧ"/>
		<feat xlink:href="#sSpan380" value="ⲓⲟⲩⲇⲁⲓⲁ"/>
		<feat xlink:href="#sSpan382" value="ⲛⲙ"/>
		<feat xlink:href="#sSpan386" value="ⲛⲁ"/>
		<feat xlink:href="#sSpan389" value="ⲑ"/>
		<feat xlink:href="#sSpan395" value="ⲓⲉⲣⲟⲥⲟⲗⲩⲙⲁ"/>
		<feat xlink:href="#sSpan397" value="ⲧⲏⲣ"/>
		<feat xlink:href="#sSpan401" value="ⲟⲩ"/>
		<feat xlink:href="#sSpan403" value="ⲁ"/>
		<feat xlink:href="#sSpan407" value="ⲩ"/>
		<feat xlink:href="#sSpan410" value="ϫⲓⲃⲁⲡⲧⲓⲥⲙⲁ"/>
		<feat xlink:href="#sSpan414" value="ⲛⲧⲟⲟⲧ"/>
		<feat xlink:href="#sSpan418" value="ϥ"/>
		<feat xlink:href="#sSpan420" value="ϩⲙ"/>
		<feat xlink:href="#sSpan424" value="ⲡ"/>
		<feat xlink:href="#sSpan428" value="ⲓⲟⲣⲇⲁⲛⲏⲥ"/>
		<feat xlink:href="#sSpan430" value="ⲡ"/>
		<feat xlink:href="#sSpan434" value="ⲓⲉⲣⲟ"/>
		<feat xlink:href="#sSpan436" value="ⲉ"/>
		<feat xlink:href="#sSpan440" value="ⲩ"/>
		<feat xlink:href="#sSpan443" value="ⲉⲝⲟⲙⲟⲗⲟⲅⲓ"/>
		<feat xlink:href="#sSpan445" value="ⲛ"/>
		<feat xlink:href="#sSpan449" value="ⲛⲉⲩ"/>
		<feat xlink:href="#sSpan452" value="ⲛⲟⲃⲉ"/>
		<feat xlink:href="#sSpan454" value="."/>
		<feat xlink:href="#sSpan458" value="ⲁⲩⲱ"/>
		<feat xlink:href="#sSpan468" value="ⲓⲱϩⲁⲛⲛⲏⲥ"/>
		<feat xlink:href="#sSpan473" value="ⲛⲉⲣⲉ"/>
		<feat xlink:href="#sSpan477" value="ϩⲉⲛ"/>
		<feat xlink:href="#sSpan480" value="ϥⲱ"/>
		<feat xlink:href="#sSpan482" value="ⲛ"/>
		<feat xlink:href="#sSpan486" value="ϭⲁⲙⲟⲩⲗ"/>
		<feat xlink:href="#sSpan489" value="ⲧⲟ"/>
		<feat xlink:href="#sSpan493" value="ϩⲓⲱⲱ"/>
		<feat xlink:href="#sSpan497" value="ϥ"/>
		<feat xlink:href="#sSpan499" value="ⲉⲣⲉ"/>
		<feat xlink:href="#sSpan503" value="ⲟⲩ"/>
		<feat xlink:href="#sSpan505" value="ⲙⲟϫ"/>
		<feat xlink:href="#sSpan508" value="ⲛ"/>
		<feat xlink:href="#sSpan512" value="ϣⲁⲁⲣ"/>
		<feat xlink:href="#sSpan515" value="ⲙⲏⲣ"/>
		<feat xlink:href="#sSpan519" value="ⲉ"/>
		<feat xlink:href="#sSpan523" value="ⲧⲉϥ"/>
		<feat xlink:href="#sSpan526" value="ϯⲡⲉ"/>
		<feat xlink:href="#sSpan528" value="."/>
		<feat xlink:href="#sSpan532" value="ⲉ"/>
		<feat xlink:href="#sSpan536" value="ϥ"/>
		<feat xlink:href="#sSpan538" value="ⲟⲩⲉⲙ"/>
		<feat xlink:href="#sSpan540" value="ϣϫⲉ"/>
		<feat xlink:href="#sSpan543" value="ϩⲓ"/>
		<feat xlink:href="#sSpan547" value="ⲉⲃⲓⲱ"/>
		<feat xlink:href="#sSpan550" value="ⲛ"/>
		<feat xlink:href="#sSpan554" value="ϩⲟⲟⲩⲧ"/>
		<feat xlink:href="#sSpan556" value="."/>
		<feat xlink:href="#sSpan560" value="ⲁⲩⲱ"/>
		<feat xlink:href="#sSpan568" value="ⲛⲉ"/>
		<feat xlink:href="#sSpan572" value="ϥ"/>
		<feat xlink:href="#sSpan575" value="ⲧⲁϣⲉⲟⲓϣ"/>
		<feat xlink:href="#sSpan578" value="ⲉ"/>
		<feat xlink:href="#sSpan582" value="ϥ"/>
		<feat xlink:href="#sSpan584" value="ϫⲱ"/>
		<feat xlink:href="#sSpan586" value="ⲙⲙⲟ"/>
		<feat xlink:href="#sSpan590" value="ⲥ"/>
		<feat xlink:href="#sSpan592" value="ϫⲉ"/>
		<feat xlink:href="#sSpan596" value="ϥ"/>
		<feat xlink:href="#sSpan598" value="ⲛⲏⲩ"/>
		<feat xlink:href="#sSpan600" value="ⲙⲛⲛⲥⲱ"/>
		<feat xlink:href="#sSpan604" value="ⲉⲓ"/>
		<feat xlink:href="#sSpan606" value="ⲛϭⲓ"/>
		<feat xlink:href="#sSpan610" value="ⲡ"/>
		<feat xlink:href="#sSpan613" value="ⲉⲧ"/>
		<feat xlink:href="#sSpan615" value="ϫⲟⲟⲣ"/>
		<feat xlink:href="#sSpan617" value="ⲉⲣⲟ"/>
		<feat xlink:href="#sSpan621" value="ⲉⲓ"/>
		<feat xlink:href="#sSpan623" value="ⲉ"/>
		<feat xlink:href="#sSpan627" value="ⲁⲛⲅ"/>
		<feat xlink:href="#sSpan629" value="ⲟⲩ"/>
		<feat xlink:href="#sSpan633" value="ϩⲓⲕⲁⲛⲟⲥ"/>
		<feat xlink:href="#sSpan635" value="ⲁⲛ"/>
		<feat xlink:href="#sSpan639" value="ⲉ"/>
		<feat xlink:href="#sSpan643" value="ⲡⲁϩⲧ"/>
		<feat xlink:href="#sSpan645" value="ⲉ"/>
		<feat xlink:href="#sSpan649" value="ⲃⲱⲗ"/>
		<feat xlink:href="#sSpan652" value="ⲉⲃⲟⲗ"/>
		<feat xlink:href="#sSpan656" value="ⲙ"/>
		<feat xlink:href="#sSpan660" value="ⲡ"/>
		<feat xlink:href="#sSpan663" value="ⲙⲟⲩⲥ"/>
		<feat xlink:href="#sSpan665" value="ⲙ"/>
		<feat xlink:href="#sSpan669" value="ⲡⲉϥ"/>
		<feat xlink:href="#sSpan672" value="ⲧⲟⲟⲩⲉ"/>
		<feat xlink:href="#sSpan674" value="."/>
		<feat xlink:href="#sSpan678" value="ⲁⲛⲟⲕ"/>
		<feat xlink:href="#sSpan687" value="ⲁ"/>
		<feat xlink:href="#sSpan691" value="ⲉⲓ"/>
		<feat xlink:href="#sSpan694" value="ϯⲃⲁⲡⲧⲓⲥⲙⲁ"/>
		<feat xlink:href="#sSpan698" value="ⲛⲏ"/>
		<feat xlink:href="#sSpan702" value="ⲧⲛ"/>
		<feat xlink:href="#sSpan704" value="ϩⲛ"/>
		<feat xlink:href="#sSpan708" value="ⲟⲩ"/>
		<feat xlink:href="#sSpan711" value="ⲙⲟⲟⲩ"/>
		<feat xlink:href="#sSpan713" value="."/>
		<feat xlink:href="#sSpan717" value="ⲛⲧⲟϥ"/>
		<feat xlink:href="#sSpan722" value="ⲇⲉ"/>
		<feat xlink:href="#sSpan726" value="ⲉ"/>
		<feat xlink:href="#sSpan730" value="ϥ"/>
		<feat xlink:href="#sSpan732" value="ⲛⲁ"/>
		<feat xlink:href="#sSpan735" value="ⲃⲁⲡⲧⲓⲍⲉ"/>
		<feat xlink:href="#sSpan737" value="ⲙⲙⲱ"/>
		<feat xlink:href="#sSpan741" value="ⲧⲛ"/>
		<feat xlink:href="#sSpan743" value="ϩⲛ"/>
		<feat xlink:href="#sSpan747" value="ⲟⲩ"/>
		<feat xlink:href="#sSpan751" value="ⲡⲛⲉⲩⲙⲁ"/>
		<feat xlink:href="#sSpan753" value="ⲉ"/>
		<feat xlink:href="#sSpan757" value="ϥ"/>
		<feat xlink:href="#sSpan759" value="ⲟⲩⲁⲁⲃ"/>
		<feat xlink:href="#sSpan761" value="."/>
		<feat xlink:href="#sSpan765" value="ⲁⲩⲱ"/>
		<feat xlink:href="#sSpan774" value="ⲁ"/>
		<feat xlink:href="#sSpan778" value="ⲥ"/>
		<feat xlink:href="#sSpan780" value="ϣⲱⲡⲉ"/>
		<feat xlink:href="#sSpan782" value="ϩⲛ"/>
		<feat xlink:href="#sSpan786" value="ⲛⲉ"/>
		<feat xlink:href="#sSpan789" value="ϩⲟⲟⲩ"/>
		<feat xlink:href="#sSpan791" value="ⲉⲧ"/>
		<feat xlink:href="#sSpan795" value="ⲙⲙⲁⲩ"/>
		<feat xlink:href="#sSpan797" value="ⲁ"/>
		<feat xlink:href="#sSpan801" value="ϥ"/>
		<feat xlink:href="#sSpan803" value="ⲉⲓ"/>
		<feat xlink:href="#sSpan805" value="ⲛϭⲓ"/>
		<feat xlink:href="#sSpan810" value="ⲓⲏⲥⲟⲩⲥ"/>
		<feat xlink:href="#sSpan813" value="ⲉⲃⲟⲗ"/>
		<feat xlink:href="#sSpan818" value="ϩⲛ"/>
		<feat xlink:href="#sSpan823" value="ⲛⲁⲍⲁⲣⲉⲑ"/>
		<feat xlink:href="#sSpan826" value="ⲛⲧⲉ"/>
		<feat xlink:href="#sSpan830" value="ⲧ"/>
		<feat xlink:href="#sSpan834" value="ⲅⲁⲗⲓⲗⲁⲓⲁ"/>
		<feat xlink:href="#sSpan836" value="ⲁⲩⲱ"/>
		<feat xlink:href="#sSpan840" value="ⲁ"/>
		<feat xlink:href="#sSpan844" value="ϥ"/>
		<feat xlink:href="#sSpan847" value="ϫⲓⲃⲁⲡⲧⲓⲥⲙⲁ"/>
		<feat xlink:href="#sSpan851" value="ϩⲙ"/>
		<feat xlink:href="#sSpan855" value="ⲡ"/>
		<feat xlink:href="#sSpan859" value="ⲓⲟⲣⲇⲁⲛⲏⲥ"/>
		<feat xlink:href="#sSpan861" value="ⲛⲧⲛ"/>
		<feat xlink:href="#sSpan866" value="ⲓⲱϩⲁⲛⲛⲏⲥ"/>
		<feat xlink:href="#sSpan869" value="ⲛ"/>
		<feat xlink:href="#sSpan878" value="ⲧⲉ"/>
		<feat xlink:href="#sSpan880" value="ⲛⲧⲉⲩⲛⲟⲩ"/>
		<feat xlink:href="#sSpan883" value="ⲇⲉ"/>
		<feat xlink:href="#sSpan887" value="ⲉ"/>
		<feat xlink:href="#sSpan891" value="ϥ"/>
		<feat xlink:href="#sSpan893" value="ⲛⲏⲩ"/>
		<feat xlink:href="#sSpan896" value="ⲉϩⲣⲁⲓ"/>
		<feat xlink:href="#sSpan900" value="ⲙ"/>
		<feat xlink:href="#sSpan904" value="ⲡ"/>
		<feat xlink:href="#sSpan907" value="ⲙⲟⲟⲩ"/>
		<feat xlink:href="#sSpan909" value="ⲁ"/>
		<feat xlink:href="#sSpan913" value="ϥ"/>
		<feat xlink:href="#sSpan915" value="ⲛⲁⲩ"/>
		<feat xlink:href="#sSpan917" value="ⲉ"/>
		<feat xlink:href="#sSpan921" value="ⲙ"/>
		<feat xlink:href="#sSpan924" value="ⲡⲏⲩⲉ"/>
		<feat xlink:href="#sSpan926" value="ⲉ"/>
		<feat xlink:href="#sSpan930" value="ⲁ"/>
		<feat xlink:href="#sSpan932" value="ⲩ"/>
		<feat xlink:href="#sSpan934" value="ⲟⲩⲱⲛ"/>
		<feat xlink:href="#sSpan936" value="ⲁⲩⲱ"/>
		<feat xlink:href="#sSpan940" value="ⲡⲉ"/>
		<feat xlink:href="#sSpan946" value="ⲡⲛⲉⲩⲙⲁ"/>
		<feat xlink:href="#sSpan948" value="ⲉ"/>
		<feat xlink:href="#sSpan952" value="ϥ"/>
		<feat xlink:href="#sSpan954" value="ⲛⲏⲩ"/>
		<feat xlink:href="#sSpan957" value="ⲉ"/>
		<feat xlink:href="#sSpan961" value="ⲡ"/>
		<feat xlink:href="#sSpan963" value="ⲉⲥⲏⲧ"/>
		<feat xlink:href="#sSpan965" value="ⲉϫⲱ"/>
		<feat xlink:href="#sSpan969" value="ϥ"/>
		<feat xlink:href="#sSpan971" value="ⲛ"/>
		<feat xlink:href="#sSpan975" value="ⲑ"/>
		<feat xlink:href="#sSpan977" value="ⲉ"/>
		<feat xlink:href="#sSpan979" value="ⲛ"/>
		<feat xlink:href="#sSpan983" value="ⲟⲩ"/>
		<feat xlink:href="#sSpan986" value="ϭⲣⲟⲟⲙⲡⲉ"/>
		<feat xlink:href="#sSpan988" value="ⲁⲩⲱ"/>
		<feat xlink:href="#sSpan997" value="ⲟⲩ"/>
		<feat xlink:href="#sSpan1002" value="ⲥⲙⲏ"/>
		<feat xlink:href="#sSpan1004" value="ⲁ"/>
		<feat xlink:href="#sSpan1008" value="ⲥ"/>
		<feat xlink:href="#sSpan1010" value="ϣⲱⲡⲉ"/>
		<feat xlink:href="#sSpan1012" value="ⲉⲃⲟⲗ"/>
		<feat xlink:href="#sSpan1017" value="ϩⲛ"/>
		<feat xlink:href="#sSpan1021" value="ⲙ"/>
		<feat xlink:href="#sSpan1024" value="ⲡⲏⲩⲉ"/>
		<feat xlink:href="#sSpan1026" value="ϫⲉ"/>
		<feat xlink:href="#sSpan1030" value="ⲛⲧⲟⲕ"/>
		<feat xlink:href="#sSpan1032" value="ⲡⲉ"/>
		<feat xlink:href="#sSpan1036" value="ⲡⲁ"/>
		<feat xlink:href="#sSpan1041" value="ϣⲏⲣⲉ"/>
		<feat xlink:href="#sSpan1043" value="ⲡⲁ"/>
		<feat xlink:href="#sSpan1047" value="ⲙⲉⲣⲓⲧ"/>
		<feat xlink:href="#sSpan1049" value="ⲉⲛⲧ"/>
		<feat xlink:href="#sSpan1053" value="ⲁ"/>
		<feat xlink:href="#sSpan1055" value="ⲡⲁ"/>
		<feat xlink:href="#sSpan1058" value="ⲟⲩⲱϣ"/>
		<feat xlink:href="#sSpan1060" value="ϣⲱⲡⲉ"/>
		<feat xlink:href="#sSpan1064" value="ⲛϩⲏⲧ"/>
		<feat xlink:href="#sSpan1068" value="ⲕ"/>
		<feat xlink:href="#sSpan1070" value="ⲁⲩⲱ"/>
		<feat xlink:href="#sSpan1078" value="ⲧⲉ"/>
		<feat xlink:href="#sSpan1082" value="ⲩⲛⲟⲩ"/>
		<feat xlink:href="#sSpan1084" value="ⲡⲉ"/>
		<feat xlink:href="#sSpan1090" value="ⲡⲛⲉⲩⲙⲁ"/>
		<feat xlink:href="#sSpan1092" value="ⲁ"/>
		<feat xlink:href="#sSpan1096" value="ϥ"/>
		<feat xlink:href="#sSpan1098" value="ϫⲓⲧ"/>
		<feat xlink:href="#sSpan1100" value="ϥ"/>
		<feat xlink:href="#sSpan1102" value="ⲉⲃⲟⲗ"/>
		<feat xlink:href="#sSpan1106" value="ⲉ"/>
		<feat xlink:href="#sSpan1110" value="ⲧ"/>
		<feat xlink:href="#sSpan1114" value="ⲉⲣⲏⲙⲟⲥ"/>
		<feat xlink:href="#sSpan1116" value="ⲁⲩⲱ"/>
		<feat xlink:href="#sSpan1125" value="ⲛⲉ"/>
		<feat xlink:href="#sSpan1129" value="ϥ"/>
		<feat xlink:href="#sSpan1131" value="ϩⲛ"/>
		<feat xlink:href="#sSpan1133" value="ⲧ"/>
		<feat xlink:href="#sSpan1137" value="ⲉⲣⲏⲙⲟⲥ"/>
		<feat xlink:href="#sSpan1139" value="ⲛ"/>
		<feat xlink:href="#sSpan1143" value="ϩⲙⲉ"/>
		<feat xlink:href="#sSpan1146" value="ⲛ"/>
		<feat xlink:href="#sSpan1150" value="ϩⲟⲟⲩ"/>
		<feat xlink:href="#sSpan1152" value="ⲉⲣⲉ"/>
		<feat xlink:href="#sSpan1156" value="ⲡ"/>
		<feat xlink:href="#sSpan1160" value="ⲥⲁⲧⲁⲛⲁⲥ"/>
		<feat xlink:href="#sSpan1163" value="ⲡⲉⲓⲣⲁⲍⲉ"/>
		<feat xlink:href="#sSpan1167" value="ⲙⲙⲟ"/>
		<feat xlink:href="#sSpan1171" value="ϥ"/>
		<feat xlink:href="#sSpan1173" value="ⲉ"/>
		<feat xlink:href="#sSpan1177" value="ϥ"/>
		<feat xlink:href="#sSpan1179" value="ϣⲟⲟⲡ"/>
		<feat xlink:href="#sSpan1181" value="ⲙⲛ"/>
		<feat xlink:href="#sSpan1185" value="ⲛⲉ"/>
		<feat xlink:href="#sSpan1189" value="ⲑⲏⲣⲓⲟⲛ"/>
		<feat xlink:href="#sSpan1191" value="."/>
		<feat xlink:href="#sSpan1195" value="ⲁⲩⲱ"/>
		<feat xlink:href="#sSpan1199" value="ⲛ"/>
		<feat xlink:href="#sSpan1205" value="ⲁⲅⲅⲉⲗⲟⲥ"/>
		<feat xlink:href="#sSpan1207" value="ⲛⲉ"/>
		<feat xlink:href="#sSpan1211" value="ⲩ"/>
		<feat xlink:href="#sSpan1214" value="ⲇⲓⲁⲕⲟⲛⲓ"/>
		<feat xlink:href="#sSpan1216" value="ⲛⲁ"/>
		<feat xlink:href="#sSpan1220" value="ϥ"/>
		<feat xlink:href="#sSpan1222" value="."/>
		<feat xlink:href="#sSpan1226" value="ⲙⲛⲛⲥⲁ"/>
		<feat xlink:href="#sSpan1235" value="ⲛ"/>
		<feat xlink:href="#sSpan1237" value="ⲥⲉ"/>
		<feat xlink:href="#sSpan1240" value="ⲡⲁⲣⲁⲇⲓⲇⲟⲩ"/>
		<feat xlink:href="#sSpan1242" value="ⲛ"/>
		<feat xlink:href="#sSpan1247" value="ⲓⲱϩⲁⲛⲛⲏⲥ"/>
		<feat xlink:href="#sSpan1250" value="ⲁ"/>
		<feat xlink:href="#sSpan1254" value="ϥ"/>
		<feat xlink:href="#sSpan1256" value="ⲉⲓ"/>
		<feat xlink:href="#sSpan1258" value="ⲛϭⲓ"/>
		<feat xlink:href="#sSpan1263" value="ⲓⲏⲥⲟⲩⲥ"/>
		<feat xlink:href="#sSpan1266" value="ⲉ"/>
		<feat xlink:href="#sSpan1270" value="ⲧ"/>
		<feat xlink:href="#sSpan1274" value="ⲅⲁⲗⲓⲗⲁⲓⲁ"/>
		<feat xlink:href="#sSpan1276" value="ⲉ"/>
		<feat xlink:href="#sSpan1280" value="ϥ"/>
		<feat xlink:href="#sSpan1283" value="ⲕⲏⲣⲩⲥⲥⲉ"/>
		<feat xlink:href="#sSpan1285" value="ⲙ"/>
		<feat xlink:href="#sSpan1289" value="ⲡ"/>
		<feat xlink:href="#sSpan1293" value="ⲉⲩⲁⲅⲅⲉⲗⲓⲟⲛ"/>
		<feat xlink:href="#sSpan1295" value="ⲙ"/>
		<feat xlink:href="#sSpan1299" value="ⲡ"/>
		<feat xlink:href="#sSpan1302" value="ⲛⲟⲩⲧⲉ"/>
		<feat xlink:href="#sSpan1304" value="ϫⲉ"/>
		<feat xlink:href="#sSpan1312" value="ⲁ"/>
		<feat xlink:href="#sSpan1314" value="ⲡⲉ"/>
		<feat xlink:href="#sSpan1317" value="ⲩⲟⲓϣ"/>
		<feat xlink:href="#sSpan1319" value="ϫⲱⲕ"/>
		<feat xlink:href="#sSpan1323" value="ⲉⲃⲟⲗ"/>
		<feat xlink:href="#sSpan1327" value="ⲁⲩⲱ"/>
		<feat xlink:href="#sSpan1331" value="ⲁ"/>
		<feat xlink:href="#sSpan1335" value="ⲥ"/>
		<feat xlink:href="#sSpan1337" value="ϩⲱⲛ"/>
		<feat xlink:href="#sSpan1339" value="ⲉϩⲟⲩⲛ"/>
		<feat xlink:href="#sSpan1343" value="ⲛϭⲓ"/>
		<feat xlink:href="#sSpan1347" value="ⲧ"/>
		<feat xlink:href="#sSpan1351" value="ⲙⲛⲧⲣⲣⲟ"/>
		<feat xlink:href="#sSpan1354" value="ⲙ"/>
		<feat xlink:href="#sSpan1358" value="ⲡ"/>
		<feat xlink:href="#sSpan1361" value="ⲛⲟⲩⲧⲉ"/>
		<feat xlink:href="#sSpan1364" value="ⲙⲉⲧⲁⲛⲟⲓ"/>
		<feat xlink:href="#sSpan1368" value="ⲛ"/>
		<feat xlink:href="#sSpan1372" value="ⲧⲉⲧⲛ"/>
		<feat xlink:href="#sSpan1375" value="ⲡⲓⲥⲧⲉⲩⲉ"/>
		<feat xlink:href="#sSpan1377" value="ϩⲙ"/>
		<feat xlink:href="#sSpan1381" value="ⲡ"/>
		<feat xlink:href="#sSpan1385" value="ⲉⲩⲁⲅⲅⲉⲗⲓⲟⲛ"/>
		<feat xlink:href="#sSpan1387" value="."/>
		<feat xlink:href="#sSpan1391" value="ⲁⲩⲱ"/>
		<feat xlink:href="#sSpan1400" value="ⲉ"/>
		<feat xlink:href="#sSpan1404" value="ϥ"/>
		<feat xlink:href="#sSpan1406" value="ⲙⲟⲟϣⲉ"/>
		<feat xlink:href="#sSpan1408" value="ϩⲁⲧⲛ"/>
		<feat xlink:href="#sSpan1412" value="ⲧⲉ"/>
		<feat xlink:href="#sSpan1416" value="ⲑⲁⲗⲁⲥⲥⲁ"/>
		<feat xlink:href="#sSpan1418" value="ⲛ"/>
		<feat xlink:href="#sSpan1422" value="ⲧ"/>
		<feat xlink:href="#sSpan1426" value="ⲅⲁⲗⲓⲗⲁⲓⲁ"/>
		<feat xlink:href="#sSpan1428" value="ⲁ"/>
		<feat xlink:href="#sSpan1432" value="ϥ"/>
		<feat xlink:href="#sSpan1434" value="ⲛⲁⲩ"/>
		<feat xlink:href="#sSpan1436" value="ⲉ"/>
		<feat xlink:href="#sSpan1441" value="ⲥⲓⲙⲱⲛ"/>
		<feat xlink:href="#sSpan1444" value="ⲛⲙ"/>
		<feat xlink:href="#sSpan1449" value="ⲁⲛⲇⲣⲉⲁⲥ"/>
		<feat xlink:href="#sSpan1452" value="ⲡ"/>
		<feat xlink:href="#sSpan1456" value="ⲥⲟⲛ"/>
		<feat xlink:href="#sSpan1458" value="ⲛ"/>
		<feat xlink:href="#sSpan1463" value="ⲥⲓⲙⲱⲛ"/>
		<feat xlink:href="#sSpan1466" value="ⲉ"/>
		<feat xlink:href="#sSpan1470" value="ⲩ"/>
		<feat xlink:href="#sSpan1473" value="ⲛⲟⲩϫϣⲛⲉ"/>
		<feat xlink:href="#sSpan1476" value="ⲉ"/>
		<feat xlink:href="#sSpan1480" value="ⲧⲉ"/>
		<feat xlink:href="#sSpan1484" value="ⲑⲁⲗⲁⲥⲥⲁ"/>
		<feat xlink:href="#sSpan1486" value="ⲛⲉ"/>
		<feat xlink:href="#sSpan1490" value="ϩⲉⲛ"/>
		<feat xlink:href="#sSpan1493" value="ⲟⲩⲱϩⲉ"/>
		<feat xlink:href="#sSpan1496" value="ⲅⲁⲣ"/>
		<feat xlink:href="#sSpan1500" value="ⲛⲉ"/>
		<feat xlink:href="#sSpan1504" value="."/>
		<feat xlink:href="#sSpan1508" value="ⲡⲉϫⲁ"/>
		<feat xlink:href="#sSpan1516" value="ϥ"/>
		<feat xlink:href="#sSpan1518" value="ⲛⲁ"/>
		<feat xlink:href="#sSpan1522" value="ⲩ"/>
		<feat xlink:href="#sSpan1524" value="ⲛϭⲓ"/>
		<feat xlink:href="#sSpan1529" value="ⲓⲏⲥⲟⲩⲥ"/>
		<feat xlink:href="#sSpan1532" value="ϫⲉ"/>
		<feat xlink:href="#sSpan1536" value="ⲁⲙⲏⲉⲓⲛ"/>
		<feat xlink:href="#sSpan1538" value="ⲟⲩⲉϩ"/>
		<feat xlink:href="#sSpan1542" value="ⲧⲏⲩⲧⲛ"/>
		<feat xlink:href="#sSpan1544" value="ⲛⲥⲱ"/>
		<feat xlink:href="#sSpan1548" value="ⲉⲓ"/>
		<feat xlink:href="#sSpan1550" value="ⲁⲩⲱ"/>
		<feat xlink:href="#sSpan1554" value="ϯ"/>
		<feat xlink:href="#sSpan1558" value="ⲛⲁ"/>
		<feat xlink:href="#sSpan1560" value="ⲣ"/>
		<feat xlink:href="#sSpan1562" value="ⲧⲏⲩⲧⲛ"/>
		<feat xlink:href="#sSpan1564" value="ⲛ"/>
		<feat xlink:href="#sSpan1568" value="ⲟⲩⲱϩⲉ"/>
		<feat xlink:href="#sSpan1571" value="ⲛ"/>
		<feat xlink:href="#sSpan1576" value="ⲣⲉϥϭⲉⲡⲣⲱⲙⲉ"/>
		<feat xlink:href="#sSpan1580" value="."/>
		<feat xlink:href="#sSpan1584" value="ⲛ"/>
		<feat xlink:href="#sSpan1593" value="ⲧⲉ"/>
		<feat xlink:href="#sSpan1595" value="ⲩⲛⲟⲩ"/>
		<feat xlink:href="#sSpan1598" value="ⲇⲉ"/>
		<feat xlink:href="#sSpan1602" value="ⲁ"/>
		<feat xlink:href="#sSpan1606" value="ⲩ"/>
		<feat xlink:href="#sSpan1608" value="ⲕⲁ"/>
		<feat xlink:href="#sSpan1610" value="ⲛⲉⲩ"/>
		<feat xlink:href="#sSpan1613" value="ϣⲛⲏⲩ"/>
		<feat xlink:href="#sSpan1615" value="ⲁ"/>
		<feat xlink:href="#sSpan1619" value="ⲩ"/>
		<feat xlink:href="#sSpan1621" value="ⲟⲩⲁϩ"/>
		<feat xlink:href="#sSpan1623" value="ⲟⲩ"/>
		<feat xlink:href="#sSpan1625" value="ⲛⲥⲱ"/>
		<feat xlink:href="#sSpan1629" value="ϥ"/>
		<feat xlink:href="#sSpan1631" value="ⲁⲩⲱ"/>
		<feat xlink:href="#sSpan1640" value="ⲛⲧⲉⲣⲉ"/>
		<feat xlink:href="#sSpan1644" value="ϥ"/>
		<feat xlink:href="#sSpan1646" value="ⲙⲟⲟϣⲉ"/>
		<feat xlink:href="#sSpan1649" value="ⲉ"/>
		<feat xlink:href="#sSpan1653" value="ⲑ"/>
		<feat xlink:href="#sSpan1656" value="ⲏ"/>
		<feat xlink:href="#sSpan1658" value="ⲛ"/>
		<feat xlink:href="#sSpan1662" value="ⲟⲩ"/>
		<feat xlink:href="#sSpan1664" value="ⲕⲟⲩⲉⲓ"/>
		<feat xlink:href="#sSpan1666" value="ⲁ"/>
		<feat xlink:href="#sSpan1670" value="ϥ"/>
		<feat xlink:href="#sSpan1672" value="ⲛⲁⲩ"/>
		<feat xlink:href="#sSpan1674" value="ⲉ"/>
		<feat xlink:href="#sSpan1679" value="ⲓⲁⲕⲱⲃⲟⲥ"/>
		<feat xlink:href="#sSpan1682" value="ⲡ"/>
		<feat xlink:href="#sSpan1686" value="ϣⲏⲣⲉ"/>
		<feat xlink:href="#sSpan1688" value="ⲛ"/>
		<feat xlink:href="#sSpan1693" value="ⲍⲉⲃⲉⲇⲁⲓⲟⲥ"/>
		<feat xlink:href="#sSpan1696" value="ⲛⲙ"/>
		<feat xlink:href="#sSpan1701" value="ⲓⲱϩⲁⲛⲛⲏⲥ"/>
		<feat xlink:href="#sSpan1704" value="ⲡⲉϥ"/>
		<feat xlink:href="#sSpan1708" value="ⲥⲟⲛ"/>
		<feat xlink:href="#sSpan1710" value="ⲛⲧⲟⲟⲩ"/>
		<feat xlink:href="#sSpan1714" value="ϩⲱ"/>
		<feat xlink:href="#sSpan1718" value="ⲟⲩ"/>
		<feat xlink:href="#sSpan1720" value="ⲉ"/>
		<feat xlink:href="#sSpan1724" value="ⲩ"/>
		<feat xlink:href="#sSpan1726" value="ϩⲙ"/>
		<feat xlink:href="#sSpan1728" value="ⲡ"/>
		<feat xlink:href="#sSpan1731" value="ϫⲟⲉⲓ"/>
		<feat xlink:href="#sSpan1733" value="ⲉ"/>
		<feat xlink:href="#sSpan1737" value="ⲩ"/>
		<feat xlink:href="#sSpan1739" value="ⲥⲟⲃⲧⲉ"/>
		<feat xlink:href="#sSpan1741" value="ⲛ"/>
		<feat xlink:href="#sSpan1745" value="ⲛⲉⲩ"/>
		<feat xlink:href="#sSpan1748" value="ϣⲛⲏⲩ"/>
		<feat xlink:href="#sSpan1750" value="ⲛ"/>
		<feat xlink:href="#sSpan1759" value="ⲧⲉ"/>
		<feat xlink:href="#sSpan1761" value="ⲩⲛⲟⲩ"/>
		<feat xlink:href="#sSpan1763" value="ⲁ"/>
		<feat xlink:href="#sSpan1767" value="ϥ"/>
		<feat xlink:href="#sSpan1769" value="ⲙⲟⲩⲧⲉ"/>
		<feat xlink:href="#sSpan1771" value="ⲉⲣⲟ"/>
		<feat xlink:href="#sSpan1775" value="ⲟⲩ"/>
		<feat xlink:href="#sSpan1777" value="ⲁⲩⲱ"/>
		<feat xlink:href="#sSpan1781" value="ⲁ"/>
		<feat xlink:href="#sSpan1785" value="ⲩ"/>
		<feat xlink:href="#sSpan1787" value="ⲕⲁ"/>
		<feat xlink:href="#sSpan1789" value="ⲡⲉⲩ"/>
		<feat xlink:href="#sSpan1792" value="ⲓⲱⲧ"/>
		<feat xlink:href="#sSpan1795" value="ⲍⲉⲃⲉⲇⲁⲓⲟⲥ"/>
		<feat xlink:href="#sSpan1799" value="ϩⲙ"/>
		<feat xlink:href="#sSpan1803" value="ⲡ"/>
		<feat xlink:href="#sSpan1806" value="ϫⲟⲉⲓ"/>
		<feat xlink:href="#sSpan1808" value="ⲙⲛ"/>
		<feat xlink:href="#sSpan1812" value="ⲛ"/>
		<feat xlink:href="#sSpan1815" value="ϫⲁⲓⲃⲉⲕⲉ"/>
		<feat xlink:href="#sSpan1817" value="ⲁ"/>
		<feat xlink:href="#sSpan1821" value="ⲩ"/>
		<feat xlink:href="#sSpan1823" value="ⲃⲱⲕ"/>
		<feat xlink:href="#sSpan1825" value="ⲁ"/>
		<feat xlink:href="#sSpan1829" value="ⲩ"/>
		<feat xlink:href="#sSpan1831" value="ⲟⲩⲁϩ"/>
		<feat xlink:href="#sSpan1833" value="ⲟⲩ"/>
		<feat xlink:href="#sSpan1835" value="ⲛⲥⲱ"/>
		<feat xlink:href="#sSpan1839" value="ϥ"/>
		<feat xlink:href="#sSpan1841" value="ⲁ"/>
		<feat xlink:href="#sSpan1850" value="ⲩ"/>
		<feat xlink:href="#sSpan1852" value="ⲃⲱⲕ"/>
		<feat xlink:href="#sSpan1855" value="ⲇⲉ"/>
		<feat xlink:href="#sSpan1859" value="ⲉϩⲟⲩⲛ"/>
		<feat xlink:href="#sSpan1863" value="ⲉ"/>
		<feat xlink:href="#sSpan1868" value="ⲕⲁⲫⲁⲣⲛⲁⲟⲩⲙ"/>
		<feat xlink:href="#sSpan1871" value="ⲁⲩⲱ"/>
		<feat xlink:href="#sSpan1875" value="ⲛ"/>
		<feat xlink:href="#sSpan1879" value="ⲧⲉ"/>
		<feat xlink:href="#sSpan1881" value="ⲩⲛⲟⲩ"/>
		<feat xlink:href="#sSpan1883" value="ϩⲛ"/>
		<feat xlink:href="#sSpan1887" value="ⲛ"/>
		<feat xlink:href="#sSpan1891" value="ⲥⲁⲃⲃⲁⲧⲟⲛ"/>
		<feat xlink:href="#sSpan1893" value="ⲁ"/>
		<feat xlink:href="#sSpan1897" value="ϥ"/>
		<feat xlink:href="#sSpan1900" value="ϯⲥⲃⲱ"/>
		<feat xlink:href="#sSpan1903" value="ϩⲛ"/>
		<feat xlink:href="#sSpan1907" value="ⲧ"/>
		<feat xlink:href="#sSpan1911" value="ⲥⲩⲛⲁⲅⲱⲅⲏ"/>
		<feat xlink:href="#sSpan1913" value="ⲁⲩⲱ"/>
		<feat xlink:href="#sSpan1921" value="ⲁ"/>
		<feat xlink:href="#sSpan1925" value="ⲩ"/>
		<feat xlink:href="#sSpan1928" value="ⲣϣⲡⲏⲣⲉ"/>
		<feat xlink:href="#sSpan1931" value="ⲉϫⲛ"/>
		<feat xlink:href="#sSpan1935" value="ⲧⲉϥ"/>
		<feat xlink:href="#sSpan1938" value="ⲥⲃⲱ"/>
		<feat xlink:href="#sSpan1940" value="ⲉ"/>
		<feat xlink:href="#sSpan1944" value="ϥ"/>
		<feat xlink:href="#sSpan1947" value="ϯⲥⲃⲱ"/>
		<feat xlink:href="#sSpan1951" value="ⲅⲁⲣ"/>
		<feat xlink:href="#sSpan1955" value="ⲛⲁ"/>
		<feat xlink:href="#sSpan1959" value="ⲩ"/>
		<feat xlink:href="#sSpan1961" value="ⲛ"/>
		<feat xlink:href="#sSpan1965" value="ⲑ"/>
		<feat xlink:href="#sSpan1967" value="ⲉ"/>
		<feat xlink:href="#sSpan1969" value="ⲁⲛ"/>
		<feat xlink:href="#sSpan1973" value="ⲉⲧ"/>
		<feat xlink:href="#sSpan1977" value="ⲟⲩ"/>
		<feat xlink:href="#sSpan1980" value="ϯⲥⲃⲱ"/>
		<feat xlink:href="#sSpan1983" value="ⲛϭⲓ"/>
		<feat xlink:href="#sSpan1987" value="ⲛⲉ"/>
		<feat xlink:href="#sSpan1991" value="ⲅⲣⲁⲙⲙⲁⲧⲉⲩⲥ"/>
		<feat xlink:href="#sSpan1993" value="ϩⲱⲥ"/>
		<feat xlink:href="#sSpan1997" value="ⲉ"/>
		<feat xlink:href="#sSpan2001" value="ⲩⲛⲧ"/>
		<feat xlink:href="#sSpan2003" value="ϥ"/>
		<feat xlink:href="#sSpan2005" value="ⲧ"/>
		<feat xlink:href="#sSpan2009" value="ⲉⲝⲟⲩⲥⲓⲁ"/>
		<feat xlink:href="#sSpan2011" value="ⲙⲙⲁⲩ"/>
		<feat xlink:href="#sSpan2015" value="ⲁⲩⲱ"/>
		<feat xlink:href="#sSpan2024" value="ⲛ"/>
		<feat xlink:href="#sSpan2028" value="ⲧⲉ"/>
		<feat xlink:href="#sSpan2030" value="ⲩⲛⲟⲩ"/>
		<feat xlink:href="#sSpan2032" value="ⲛⲉ"/>
		<feat xlink:href="#sSpan2036" value="ⲩⲛ"/>
		<feat xlink:href="#sSpan2038" value="ⲟⲩ"/>
		<feat xlink:href="#sSpan2041" value="ⲣⲱⲙⲉ"/>
		<feat xlink:href="#sSpan2043" value="ϩⲛ"/>
		<feat xlink:href="#sSpan2047" value="ⲧ"/>
		<feat xlink:href="#sSpan2051" value="ⲥⲩⲛⲁⲅⲱⲅⲏ"/>
		<feat xlink:href="#sSpan2053" value="ⲉⲣⲉ"/>
		<feat xlink:href="#sSpan2057" value="ⲟⲩ"/>
		<feat xlink:href="#sSpan2063" value="ⲡⲛⲉⲩⲙⲁ"/>
		<feat xlink:href="#sSpan2065" value="ⲛ"/>
		<feat xlink:href="#sSpan2070" value="ⲁⲕⲁⲑⲁⲣⲧⲟⲛ"/>
		<feat xlink:href="#sSpan2072" value="ⲛⲙⲙⲁ"/>
		<feat xlink:href="#sSpan2076" value="ϥ"/>
		<feat xlink:href="#sSpan2078" value="ⲁⲩⲱ"/>
		<feat xlink:href="#sSpan2082" value="ⲁ"/>
		<feat xlink:href="#sSpan2086" value="ϥ"/>
		<feat xlink:href="#sSpan2089" value="ϫⲓϣⲕⲁⲕ"/>
		<feat xlink:href="#sSpan2092" value="ⲉⲃⲟⲗ"/>
		<feat xlink:href="#sSpan2096" value="ⲉ"/>
		<feat xlink:href="#sSpan2105" value="ϥ"/>
		<feat xlink:href="#sSpan2107" value="ϫⲱ"/>
		<feat xlink:href="#sSpan2109" value="ⲙⲙⲟ"/>
		<feat xlink:href="#sSpan2113" value="ⲥ"/>
		<feat xlink:href="#sSpan2115" value="ϫⲉ"/>
		<feat xlink:href="#sSpan2119" value="ⲁϩⲣⲟ"/>
		<feat xlink:href="#sSpan2121" value="ⲕ"/>
		<feat xlink:href="#sSpan2123" value="ⲛⲙⲙⲁ"/>
		<feat xlink:href="#sSpan2127" value="ⲛ"/>
		<feat xlink:href="#sSpan2130" value="ⲓⲏⲥⲟⲩⲥ"/>
		<feat xlink:href="#sSpan2135" value="ⲡ"/>
		<feat xlink:href="#sSpan2140" value="ⲛⲁⲍⲱⲣⲁⲓⲟⲥ"/>
		<feat xlink:href="#sSpan2142" value="ⲛⲧ"/>
		<feat xlink:href="#sSpan2146" value="ⲁ"/>
		<feat xlink:href="#sSpan2148" value="ⲕ"/>
		<feat xlink:href="#sSpan2150" value="ⲉⲓ"/>
		<feat xlink:href="#sSpan2153" value="ⲉ"/>
		<feat xlink:href="#sSpan2157" value="ⲧⲁⲕⲟ"/>
		<feat xlink:href="#sSpan2159" value="ⲛ"/>
		<feat xlink:href="#sSpan2161" value="ϯ"/>
		<feat xlink:href="#sSpan2165" value="ⲥⲟⲟⲩⲛ"/>
		<feat xlink:href="#sSpan2167" value="ⲙⲙⲟ"/>
		<feat xlink:href="#sSpan2171" value="ⲕ"/>
		<feat xlink:href="#sSpan2173" value="ϫⲉ"/>
		<feat xlink:href="#sSpan2177" value="ⲛⲧⲕ"/>
		<feat xlink:href="#sSpan2179" value="ⲛⲓⲙ"/>
		<feat xlink:href="#sSpan2181" value="ⲛⲧⲕ"/>
		<feat xlink:href="#sSpan2185" value="ⲡ"/>
		<feat xlink:href="#sSpan2188" value="ⲉⲧ"/>
		<feat xlink:href="#sSpan2190" value="ⲟⲩⲁⲁⲃ"/>
		<feat xlink:href="#sSpan2192" value="ⲙ"/>
		<feat xlink:href="#sSpan2196" value="ⲡ"/>
		<feat xlink:href="#sSpan2199" value="ⲛⲟⲩⲧⲉ"/>
		<feat xlink:href="#sSpan2201" value="."/>
		<feat xlink:href="#sSpan2205" value="ⲁⲩⲱ"/>
		<feat xlink:href="#sSpan2214" value="ⲓⲏⲥⲟⲩⲥ"/>
		<feat xlink:href="#sSpan2219" value="ⲁ"/>
		<feat xlink:href="#sSpan2223" value="ϥ"/>
		<feat xlink:href="#sSpan2226" value="ⲉⲡⲓⲧⲓⲙⲁ"/>
		<feat xlink:href="#sSpan2228" value="ⲛⲁ"/>
		<feat xlink:href="#sSpan2232" value="ϥ"/>
		<feat xlink:href="#sSpan2234" value="ⲉ"/>
		<feat xlink:href="#sSpan2238" value="ϥ"/>
		<feat xlink:href="#sSpan2240" value="ϫⲱ"/>
		<feat xlink:href="#sSpan2242" value="ⲙⲙⲟ"/>
		<feat xlink:href="#sSpan2246" value="ⲥ"/>
		<feat xlink:href="#sSpan2248" value="ϫⲉ"/>
		<feat xlink:href="#sSpan2252" value="ⲧⲙ"/>
		<feat xlink:href="#sSpan2254" value="ⲣⲱ"/>
		<feat xlink:href="#sSpan2257" value="ⲕ"/>
		<feat xlink:href="#sSpan2259" value="ⲛ"/>
		<feat xlink:href="#sSpan2263" value="ⲅ"/>
		<feat xlink:href="#sSpan2265" value="ⲉⲓ"/>
		<feat xlink:href="#sSpan2268" value="ⲉⲃⲟⲗ"/>
		<feat xlink:href="#sSpan2272" value="ⲙⲙⲟ"/>
		<feat xlink:href="#sSpan2276" value="ϥ"/>
		<feat xlink:href="#sSpan2278" value="ⲁⲩⲱ"/>
		<feat xlink:href="#sSpan2287" value="ⲛⲧⲉⲣⲉ"/>
		<feat xlink:href="#sSpan2291" value="ⲡⲉ"/>
		<feat xlink:href="#sSpan2295" value="ⲡⲛⲉⲩⲙⲁ"/>
		<feat xlink:href="#sSpan2297" value="ⲛ"/>
		<feat xlink:href="#sSpan2302" value="ⲁⲕⲁⲑⲁⲣⲧⲟⲛ"/>
		<feat xlink:href="#sSpan2304" value="ⲣⲁϩⲧ"/>
		<feat xlink:href="#sSpan2308" value="ϥ"/>
		<feat xlink:href="#sSpan2310" value="ⲉ"/>
		<feat xlink:href="#sSpan2314" value="ⲡ"/>
		<feat xlink:href="#sSpan2317" value="ⲕⲁϩ"/>
		<feat xlink:href="#sSpan2319" value="ⲁⲩⲱ"/>
		<feat xlink:href="#sSpan2323" value="ⲁ"/>
		<feat xlink:href="#sSpan2327" value="ϥ"/>
		<feat xlink:href="#sSpan2329" value="ⲱϣ"/>
		<feat xlink:href="#sSpan2332" value="ⲉⲃⲟⲗ"/>
		<feat xlink:href="#sSpan2336" value="ϩⲛ"/>
		<feat xlink:href="#sSpan2340" value="ⲟⲩ"/>
		<feat xlink:href="#sSpan2343" value="ⲛⲟϭ"/>
		<feat xlink:href="#sSpan2345" value="ⲛ"/>
		<feat xlink:href="#sSpan2349" value="ϩⲣⲟⲟⲩ"/>
		<feat xlink:href="#sSpan2351" value="ⲁ"/>
		<feat xlink:href="#sSpan2355" value="ϥ"/>
		<feat xlink:href="#sSpan2357" value="ⲉⲓ"/>
		<feat xlink:href="#sSpan2360" value="ⲉⲃⲟⲗ"/>
		<feat xlink:href="#sSpan2364" value="ⲙⲙⲟ"/>
		<feat xlink:href="#sSpan2368" value="ϥ"/>
		<feat xlink:href="#sSpan2370" value="ⲁⲩⲱ"/>
		<feat xlink:href="#sSpan2379" value="ⲁ"/>
		<feat xlink:href="#sSpan2383" value="ⲩ"/>
		<feat xlink:href="#sSpan2386" value="ⲣϩⲟⲧⲉ"/>
		<feat xlink:href="#sSpan2389" value="ⲧⲏⲣ"/>
		<feat xlink:href="#sSpan2393" value="ⲟⲩ"/>
		<feat xlink:href="#sSpan2396" value="ϩⲱⲥⲧⲉ"/>
		<feat xlink:href="#sSpan2400" value="ⲛ"/>
		<feat xlink:href="#sSpan2404" value="ⲥⲉ"/>
		<feat xlink:href="#sSpan2406" value="ϣⲁϫⲉ"/>
		<feat xlink:href="#sSpan2408" value="ⲛⲙ"/>
		<feat xlink:href="#sSpan2412" value="ⲛⲉⲩ"/>
		<feat xlink:href="#sSpan2414" value="ⲉⲣⲏⲩ"/>
		<feat xlink:href="#sSpan2416" value="ⲉ"/>
		<feat xlink:href="#sSpan2420" value="ⲩ"/>
		<feat xlink:href="#sSpan2422" value="ϫⲱ"/>
		<feat xlink:href="#sSpan2424" value="ⲙⲙⲟ"/>
		<feat xlink:href="#sSpan2428" value="ⲥ"/>
		<feat xlink:href="#sSpan2430" value="ϫⲉ"/>
		<feat xlink:href="#sSpan2434" value="ⲟⲩ"/>
		<feat xlink:href="#sSpan2436" value="ⲡⲉ"/>
		<feat xlink:href="#sSpan2440" value="ⲡⲁⲓ"/>
		<feat xlink:href="#sSpan2445" value="ⲉⲓⲥ"/>
		<feat xlink:href="#sSpan2449" value="ⲟⲩ"/>
		<feat xlink:href="#sSpan2452" value="ⲥⲃⲱ"/>
		<feat xlink:href="#sSpan2454" value="ⲃ"/>
		<feat xlink:href="#sSpan2458" value="ⲃⲣⲣⲉ"/>
		<feat xlink:href="#sSpan2460" value="ϩⲛ"/>
		<feat xlink:href="#sSpan2464" value="ⲟⲩ"/>
		<feat xlink:href="#sSpan2467" value="ⲉⲝⲟⲩⲥⲓⲁ"/>
		<feat xlink:href="#sSpan2469" value="ⲛ"/>
		<feat xlink:href="#sSpan2474" value="ⲕⲉ"/>
		<feat xlink:href="#sSpan2477" value="ⲡⲛⲉⲩⲙⲁ"/>
		<feat xlink:href="#sSpan2479" value="ⲛ"/>
		<feat xlink:href="#sSpan2484" value="ⲁⲕⲁⲑⲁⲣⲧⲟⲛ"/>
		<feat xlink:href="#sSpan2486" value="ϥ"/>
		<feat xlink:href="#sSpan2491" value="ⲟⲩⲉϩⲥⲁϩⲛⲉ"/>
		<feat xlink:href="#sSpan2494" value="ⲛⲁ"/>
		<feat xlink:href="#sSpan2498" value="ⲩ"/>
		<feat xlink:href="#sSpan2500" value="ⲁⲩⲱ"/>
		<feat xlink:href="#sSpan2504" value="ⲥⲉ"/>
		<feat xlink:href="#sSpan2508" value="ⲥⲱⲧⲙ"/>
		<feat xlink:href="#sSpan2510" value="ⲛⲥⲱ"/>
		<feat xlink:href="#sSpan2514" value="ϥ"/>
		<feat xlink:href="#sSpan2516" value="ⲁ"/>
		<feat xlink:href="#sSpan2525" value="ⲡⲉϥ"/>
		<feat xlink:href="#sSpan2528" value="ⲥⲟⲉⲓⲧ"/>
		<feat xlink:href="#sSpan2530" value="ⲃⲱⲕ"/>
		<feat xlink:href="#sSpan2535" value="ⲉⲃⲟⲗ"/>
		<feat xlink:href="#sSpan2539" value="ⲛ"/>
		<feat xlink:href="#sSpan2543" value="ⲧⲉ"/>
		<feat xlink:href="#sSpan2545" value="ⲩⲛⲟⲩ"/>
		<feat xlink:href="#sSpan2547" value="ϩⲙ"/>
		<feat xlink:href="#sSpan2551" value="ⲙⲁ"/>
		<feat xlink:href="#sSpan2554" value="ⲛⲓⲙ"/>
		<feat xlink:href="#sSpan2558" value="ⲙ"/>
		<feat xlink:href="#sSpan2562" value="ⲡ"/>
		<feat xlink:href="#sSpan2565" value="ⲕⲱⲧⲉ"/>
		<feat xlink:href="#sSpan2567" value="ⲧⲏⲣ"/>
		<feat xlink:href="#sSpan2571" value="ϥ"/>
		<feat xlink:href="#sSpan2573" value="ⲛ"/>
		<feat xlink:href="#sSpan2577" value="ⲧ"/>
		<feat xlink:href="#sSpan2581" value="ⲅⲁⲗⲓⲗⲁⲓⲁ"/>
		<feat xlink:href="#sSpan2583" value="."/>
		<feat xlink:href="#sSpan2587" value="ⲛ"/>
		<feat xlink:href="#sSpan2596" value="ⲧⲉ"/>
		<feat xlink:href="#sSpan2598" value="ⲩⲛⲟⲩ"/>
		<feat xlink:href="#sSpan2601" value="ⲇⲉ"/>
		<feat xlink:href="#sSpan2605" value="ⲛⲧⲉⲣ"/>
		<feat xlink:href="#sSpan2609" value="ⲟⲩ"/>
		<feat xlink:href="#sSpan2611" value="ⲉⲓ"/>
		<feat xlink:href="#sSpan2614" value="ⲉⲃⲟⲗ"/>
		<feat xlink:href="#sSpan2618" value="ϩⲛ"/>
		<feat xlink:href="#sSpan2622" value="ⲧ"/>
		<feat xlink:href="#sSpan2626" value="ⲥⲩⲛⲁⲅⲱⲅⲏ"/>
		<feat xlink:href="#sSpan2628" value="ⲁ"/>
		<feat xlink:href="#sSpan2632" value="ϥ"/>
		<feat xlink:href="#sSpan2634" value="ⲃⲱⲕ"/>
		<feat xlink:href="#sSpan2637" value="ⲉϩⲟⲩⲛ"/>
		<feat xlink:href="#sSpan2641" value="ⲉ"/>
		<feat xlink:href="#sSpan2645" value="ⲡ"/>
		<feat xlink:href="#sSpan2648" value="ⲏⲉⲓ"/>
		<feat xlink:href="#sSpan2650" value="ⲛ"/>
		<feat xlink:href="#sSpan2655" value="ⲥⲓⲙⲱⲛ"/>
		<feat xlink:href="#sSpan2658" value="ⲙⲛ"/>
		<feat xlink:href="#sSpan2663" value="ⲁⲛⲇⲣⲉⲁⲥ"/>
		<feat xlink:href="#sSpan2666" value="ⲛⲙ"/>
		<feat xlink:href="#sSpan2671" value="ⲓⲁⲕⲱⲃⲟⲥ"/>
		<feat xlink:href="#sSpan2674" value="ⲛⲙ"/>
		<feat xlink:href="#sSpan2679" value="ⲓⲱϩⲁⲛⲛⲏⲥ"/>
		<feat xlink:href="#sSpan2682" value="ⲧ"/>
		<feat xlink:href="#sSpan2692" value="ϣⲱⲙⲉ"/>
		<feat xlink:href="#sSpan2695" value="ⲇⲉ"/>
		<feat xlink:href="#sSpan2699" value="ⲛ"/>
		<feat xlink:href="#sSpan2704" value="ⲥⲓⲙⲱⲛ"/>
		<feat xlink:href="#sSpan2707" value="ⲛⲉ"/>
		<feat xlink:href="#sSpan2711" value="ⲥ"/>
		<feat xlink:href="#sSpan2713" value="ⲛⲏϫ"/>
		<feat xlink:href="#sSpan2715" value="ⲉ"/>
		<feat xlink:href="#sSpan2719" value="ⲥ"/>
		<feat xlink:href="#sSpan2721" value="ϩⲏⲙ"/>
		<feat xlink:href="#sSpan2723" value="."/>
		<feat xlink:href="#sSpan2727" value="ⲁⲩⲱ"/>
		<feat xlink:href="#sSpan2731" value="ⲛ"/>
		<feat xlink:href="#sSpan2735" value="ⲧⲉ"/>
		<feat xlink:href="#sSpan2737" value="ⲩⲛⲟⲩ"/>
		<feat xlink:href="#sSpan2739" value="ⲁ"/>
		<feat xlink:href="#sSpan2743" value="ⲩ"/>
		<feat xlink:href="#sSpan2745" value="ϣⲁϫⲉ"/>
		<feat xlink:href="#sSpan2747" value="ⲛⲙⲙⲁ"/>
		<feat xlink:href="#sSpan2751" value="ϥ"/>
		<feat xlink:href="#sSpan2753" value="ⲉⲧⲃⲏⲏⲧ"/>
		<feat xlink:href="#sSpan2757" value="ⲥ"/>
		<feat xlink:href="#sSpan2759" value="."/>
		<feat xlink:href="#sSpan2763" value="ⲁ"/>
		<feat xlink:href="#sSpan2772" value="ϥ"/>
		<feat xlink:href="#sSpan2774" value="ϯ"/>
		<feat xlink:href="#sSpan2776" value="ⲡⲉϥ"/>
		<feat xlink:href="#sSpan2779" value="ⲟⲩⲟⲉⲓ"/>
		<feat xlink:href="#sSpan2782" value="ⲇⲉ"/>
		<feat xlink:href="#sSpan2786" value="ⲉⲣⲟ"/>
		<feat xlink:href="#sSpan2790" value="ⲥ"/>
		<feat xlink:href="#sSpan2792" value="ⲁ"/>
		<feat xlink:href="#sSpan2796" value="ϥ"/>
		<feat xlink:href="#sSpan2798" value="ⲧⲟⲩⲛⲟⲥ"/>
		<feat xlink:href="#sSpan2800" value="ⲉ"/>
		<feat xlink:href="#sSpan2804" value="ⲁ"/>
		<feat xlink:href="#sSpan2806" value="ϥ"/>
		<feat xlink:href="#sSpan2808" value="ⲁⲙⲁϩⲧⲉ"/>
		<feat xlink:href="#sSpan2810" value="ⲛ"/>
		<feat xlink:href="#sSpan2814" value="ⲧⲉⲥ"/>
		<feat xlink:href="#sSpan2817" value="ϭⲓϫ"/>
		<feat xlink:href="#sSpan2819" value="ⲁⲩⲱ"/>
		<feat xlink:href="#sSpan2823" value="ⲡⲉ"/>
		<feat xlink:href="#sSpan2828" value="ϩⲙⲟⲙ"/>
		<feat xlink:href="#sSpan2830" value="ⲁ"/>
		<feat xlink:href="#sSpan2834" value="ϥ"/>
		<feat xlink:href="#sSpan2836" value="ⲗⲟ"/>
		<feat xlink:href="#sSpan2838" value="ϩⲓⲱⲱ"/>
		<feat xlink:href="#sSpan2842" value="ⲥ"/>
		<feat xlink:href="#sSpan2844" value="ⲁ"/>
		<feat xlink:href="#sSpan2848" value="ⲥ"/>
		<feat xlink:href="#sSpan2851" value="ⲇⲓⲁⲕⲟⲛⲓ"/>
		<feat xlink:href="#sSpan2853" value="ⲛⲁ"/>
		<feat xlink:href="#sSpan2857" value="ⲩ"/>
		<feat xlink:href="#sSpan2859" value="."/>
		<feat xlink:href="#sSpan2863" value="ⲣⲟⲩϩⲉ"/>
		<feat xlink:href="#sSpan2874" value="ⲇⲉ"/>
		<feat xlink:href="#sSpan2878" value="ⲛⲧⲉⲣⲉ"/>
		<feat xlink:href="#sSpan2882" value="ϥ"/>
		<feat xlink:href="#sSpan2884" value="ϣⲱⲡⲉ"/>
		<feat xlink:href="#sSpan2886" value="ⲡⲉ"/>
		<feat xlink:href="#sSpan2890" value="ⲉⲣⲉ"/>
		<feat xlink:href="#sSpan2894" value="ⲡ"/>
		<feat xlink:href="#sSpan2897" value="ⲣⲏ"/>
		<feat xlink:href="#sSpan2899" value="ⲛⲁ"/>
		<feat xlink:href="#sSpan2903" value="ϩⲱⲧⲡ"/>
		<feat xlink:href="#sSpan2905" value="ⲁ"/>
		<feat xlink:href="#sSpan2909" value="ⲩ"/>
		<feat xlink:href="#sSpan2911" value="ⲉⲓⲛⲉ"/>
		<feat xlink:href="#sSpan2913" value="ⲛⲁ"/>
		<feat xlink:href="#sSpan2917" value="ϥ"/>
		<feat xlink:href="#sSpan2919" value="ⲛ"/>
		<feat xlink:href="#sSpan2923" value="ⲛ"/>
		<feat xlink:href="#sSpan2926" value="ⲉⲧ"/>
		<feat xlink:href="#sSpan2928" value="ⲙⲟⲕϩ"/>
		<feat xlink:href="#sSpan2930" value="ⲧⲏⲣ"/>
		<feat xlink:href="#sSpan2934" value="ⲟⲩ"/>
		<feat xlink:href="#sSpan2936" value="ⲙⲛ"/>
		<feat xlink:href="#sSpan2940" value="ⲛ"/>
		<feat xlink:href="#sSpan2942" value="ⲉⲧ"/>
		<feat xlink:href="#sSpan2945" value="ⲉⲣⲉⲛⲇⲁⲓⲙⲱⲛⲓⲟⲛ"/>
		<feat xlink:href="#sSpan2949" value="ⲛⲙⲙⲁ"/>
		<feat xlink:href="#sSpan2953" value="ⲩ"/>
		<feat xlink:href="#sSpan2955" value="ⲁⲩⲱ"/>
		<feat xlink:href="#sSpan2964" value="ⲧ"/>
		<feat xlink:href="#sSpan2970" value="ⲡⲟⲗⲓⲥ"/>
		<feat xlink:href="#sSpan2972" value="ⲧⲏⲣ"/>
		<feat xlink:href="#sSpan2976" value="ⲥ"/>
		<feat xlink:href="#sSpan2978" value="ⲁ"/>
		<feat xlink:href="#sSpan2982" value="ⲥ"/>
		<feat xlink:href="#sSpan2984" value="ⲥⲱⲟⲩϩ"/>
		<feat xlink:href="#sSpan2986" value="ϩⲓⲣⲙ"/>
		<feat xlink:href="#sSpan2990" value="ⲡ"/>
		<feat xlink:href="#sSpan2993" value="ⲣⲟ"/>
		<feat xlink:href="#sSpan2995" value="ⲙ"/>
		<feat xlink:href="#sSpan2999" value="ⲡ"/>
		<feat xlink:href="#sSpan3002" value="ⲏⲓ"/>
		<feat xlink:href="#sSpan3004" value="."/>
		<feat xlink:href="#sSpan3008" value="ⲁ"/>
		<feat xlink:href="#sSpan3017" value="ϥ"/>
		<feat xlink:href="#sSpan3020" value="ⲑⲉⲣⲁⲡⲟⲩ"/>
		<feat xlink:href="#sSpan3022" value="ⲛ"/>
		<feat xlink:href="#sSpan3026" value="ⲟⲩ"/>
		<feat xlink:href="#sSpan3029" value="ⲙⲏⲏϣⲉ"/>
		<feat xlink:href="#sSpan3031" value="ⲉ"/>
		<feat xlink:href="#sSpan3035" value="ⲩ"/>
		<feat xlink:href="#sSpan3037" value="ⲙⲟⲕϩ"/>
		<feat xlink:href="#sSpan3039" value="ⲛ"/>
		<feat xlink:href="#sSpan3043" value="ϣⲱⲛⲉ"/>
		<feat xlink:href="#sSpan3045" value="ⲉ"/>
		<feat xlink:href="#sSpan3049" value="ⲩ"/>
		<feat xlink:href="#sSpan3051" value="ϣⲟⲃⲉ"/>
		<feat xlink:href="#sSpan3053" value="ⲁⲩⲱ"/>
		<feat xlink:href="#sSpan3057" value="ⲟⲩ"/>
		<feat xlink:href="#sSpan3062" value="ⲙⲏⲏϣⲉ"/>
		<feat xlink:href="#sSpan3065" value="ⲛ"/>
		<feat xlink:href="#sSpan3070" value="ⲇⲁⲓⲙⲱⲛⲓⲟⲛ"/>
		<feat xlink:href="#sSpan3072" value="ⲁ"/>
		<feat xlink:href="#sSpan3076" value="ϥ"/>
		<feat xlink:href="#sSpan3078" value="ⲛⲟϫ"/>
		<feat xlink:href="#sSpan3080" value="ⲟⲩ"/>
		<feat xlink:href="#sSpan3082" value="ⲉⲃⲟⲗ"/>
		<feat xlink:href="#sSpan3086" value="ⲉ"/>
		<feat xlink:href="#sSpan3090" value="ⲙⲁ"/>
		<feat xlink:href="#sSpan3092" value="ϥ"/>
		<feat xlink:href="#sSpan3094" value="ⲕⲁ"/>
		<feat xlink:href="#sSpan3096" value="ⲛ"/>
		<feat xlink:href="#sSpan3100" value="ⲇⲁⲓⲙⲱⲛⲓⲟⲛ"/>
		<feat xlink:href="#sSpan3102" value="ⲉ"/>
		<feat xlink:href="#sSpan3106" value="ϣⲁϫⲉ"/>
		<feat xlink:href="#sSpan3108" value="ⲉⲃⲟⲗ"/>
		<feat xlink:href="#sSpan3113" value="ϫⲉ"/>
		<feat xlink:href="#sSpan3117" value="ⲉ"/>
		<feat xlink:href="#sSpan3119" value="ⲩ"/>
		<feat xlink:href="#sSpan3121" value="ⲥⲟⲟⲩⲛ"/>
		<feat xlink:href="#sSpan3123" value="ⲙⲙⲟ"/>
		<feat xlink:href="#sSpan3127" value="ϥ"/>
		<feat xlink:href="#sSpan3129" value="ⲁⲩⲱ"/>
		<feat xlink:href="#sSpan3137" value="ϩⲧⲟⲟⲩ"/>
		<feat xlink:href="#sSpan3141" value="ⲉⲙⲁⲧⲉ"/>
		<feat xlink:href="#sSpan3145" value="ⲛⲧⲉⲣⲉ"/>
		<feat xlink:href="#sSpan3149" value="ϥ"/>
		<feat xlink:href="#sSpan3151" value="ⲧⲱⲟⲩⲛ"/>
		<feat xlink:href="#sSpan3153" value="ⲁ"/>
		<feat xlink:href="#sSpan3157" value="ϥ"/>
		<feat xlink:href="#sSpan3159" value="ⲃⲱⲕ"/>
		<feat xlink:href="#sSpan3162" value="ⲉⲃⲟⲗ"/>
		<feat xlink:href="#sSpan3166" value="ⲉ"/>
		<feat xlink:href="#sSpan3170" value="ⲩ"/>
		<feat xlink:href="#sSpan3173" value="ⲙⲁ"/>
		<feat xlink:href="#sSpan3175" value="ⲛ"/>
		<feat xlink:href="#sSpan3179" value="ϫⲁⲓⲉ"/>
		<feat xlink:href="#sSpan3181" value="ⲁ"/>
		<feat xlink:href="#sSpan3185" value="ϥ"/>
		<feat xlink:href="#sSpan3187" value="ϣⲗⲏⲗ"/>
		<feat xlink:href="#sSpan3189" value="ⲙ"/>
		<feat xlink:href="#sSpan3193" value="ⲡ"/>
		<feat xlink:href="#sSpan3196" value="ⲛⲁⲩ"/>
		<feat xlink:href="#sSpan3198" value="ⲉⲧ"/>
		<feat xlink:href="#sSpan3202" value="ⲙⲙⲁⲩ"/>
		<feat xlink:href="#sSpan3204" value="ⲁⲩⲱ"/>
		<feat xlink:href="#sSpan3213" value="ⲁ"/>
		<feat xlink:href="#sSpan3217" value="ⲩ"/>
		<feat xlink:href="#sSpan3219" value="ⲡⲱⲧ"/>
		<feat xlink:href="#sSpan3222" value="ⲉⲃⲟⲗ"/>
		<feat xlink:href="#sSpan3226" value="ⲛⲥⲱ"/>
		<feat xlink:href="#sSpan3230" value="ϥ"/>
		<feat xlink:href="#sSpan3232" value="ⲛϭⲓ"/>
		<feat xlink:href="#sSpan3237" value="ⲥⲓⲙⲱⲛ"/>
		<feat xlink:href="#sSpan3240" value="ⲙⲛ"/>
		<feat xlink:href="#sSpan3244" value="ⲛ"/>
		<feat xlink:href="#sSpan3247" value="ⲉⲧ"/>
		<feat xlink:href="#sSpan3249" value="ⲛⲙⲙⲁ"/>
		<feat xlink:href="#sSpan3251" value="ϥ"/>
		<feat xlink:href="#sSpan3253" value="ⲁ"/>
		<feat xlink:href="#sSpan3257" value="ⲩ"/>
		<feat xlink:href="#sSpan3259" value="ⲧⲁϩⲟ"/>
		<feat xlink:href="#sSpan3261" value="ϥ"/>
		<feat xlink:href="#sSpan3263" value="ⲁⲩⲱ"/>
		<feat xlink:href="#sSpan3272" value="ⲡⲉϫⲁ"/>
		<feat xlink:href="#sSpan3276" value="ⲩ"/>
		<feat xlink:href="#sSpan3278" value="ⲛⲁ"/>
		<feat xlink:href="#sSpan3282" value="ϥ"/>
		<feat xlink:href="#sSpan3284" value="ϫⲉ"/>
		<feat xlink:href="#sSpan3288" value="ⲥⲉ"/>
		<feat xlink:href="#sSpan3290" value="ⲕⲱⲧⲉ"/>
		<feat xlink:href="#sSpan3292" value="ⲛⲥⲱ"/>
		<feat xlink:href="#sSpan3296" value="ⲕ"/>
		<feat xlink:href="#sSpan3298" value="ⲧⲏⲣ"/>
		<feat xlink:href="#sSpan3302" value="ⲟⲩ"/>
		<feat xlink:href="#sSpan3304" value="ⲡⲉϫⲁ"/>
		<feat xlink:href="#sSpan3313" value="ϥ"/>
		<feat xlink:href="#sSpan3315" value="ⲛⲁ"/>
		<feat xlink:href="#sSpan3319" value="ⲩ"/>
		<feat xlink:href="#sSpan3321" value="ϫⲉ"/>
		<feat xlink:href="#sSpan3325" value="ⲙⲁⲣⲟ"/>
		<feat xlink:href="#sSpan3327" value="ⲛ"/>
		<feat xlink:href="#sSpan3329" value="ⲉ"/>
		<feat xlink:href="#sSpan3333" value="ⲕⲉ"/>
		<feat xlink:href="#sSpan3336" value="ⲙⲁ"/>
		<feat xlink:href="#sSpan3338" value="ⲉ"/>
		<feat xlink:href="#sSpan3342" value="ⲛ"/>
		<feat xlink:href="#sSpan3345" value="ⲕⲉ"/>
		<feat xlink:href="#sSpan3347" value="ⲧⲙⲙⲟ"/>
		<feat xlink:href="#sSpan3349" value="ⲉⲧ"/>
		<feat xlink:href="#sSpan3353" value="ϩⲏⲛ"/>
		<feat xlink:href="#sSpan3355" value="ⲉϩⲟⲩⲛ"/>
		<feat xlink:href="#sSpan3359" value="ϫⲉⲕⲁⲁⲥ"/>
		<feat xlink:href="#sSpan3363" value="ⲉⲓⲉ"/>
		<feat xlink:href="#sSpan3368" value="ⲕⲏⲣⲩⲥⲥⲉ"/>
		<feat xlink:href="#sSpan3370" value="ⲟⲛ"/>
		<feat xlink:href="#sSpan3374" value="ⲛϩⲏⲧ"/>
		<feat xlink:href="#sSpan3378" value="ⲟⲩ"/>
		<feat xlink:href="#sSpan3380" value="ⲛⲧ"/>
		<feat xlink:href="#sSpan3384" value="ⲁ"/>
		<feat xlink:href="#sSpan3386" value="ⲓ"/>
		<feat xlink:href="#sSpan3388" value="ⲉⲓ"/>
		<feat xlink:href="#sSpan3391" value="ⲅⲁⲣ"/>
		<feat xlink:href="#sSpan3395" value="ⲉⲃⲟⲗ"/>
		<feat xlink:href="#sSpan3399" value="ⲉ"/>
		<feat xlink:href="#sSpan3403" value="ⲡⲉⲓ"/>
		<feat xlink:href="#sSpan3406" value="ϩⲱⲃ"/>
		<feat xlink:href="#sSpan3408" value="."/>
		<feat xlink:href="#sSpan3412" value="ⲁⲩⲱ"/>
		<feat xlink:href="#sSpan3421" value="ⲁ"/>
		<feat xlink:href="#sSpan3425" value="ϥ"/>
		<feat xlink:href="#sSpan3427" value="ⲃⲱⲕ"/>
		<feat xlink:href="#sSpan3430" value="ⲉ"/>
		<feat xlink:href="#sSpan3434" value="ϥ"/>
		<feat xlink:href="#sSpan3437" value="ⲕⲏⲣⲩⲥⲥⲉ"/>
		<feat xlink:href="#sSpan3439" value="ϩⲛ"/>
		<feat xlink:href="#sSpan3443" value="ⲛⲉⲩ"/>
		<feat xlink:href="#sSpan3447" value="ⲥⲩⲛⲁⲅⲱⲅⲏ"/>
		<feat xlink:href="#sSpan3449" value="ϩⲛ"/>
		<feat xlink:href="#sSpan3453" value="ⲧ"/>
		<feat xlink:href="#sSpan3457" value="ⲅⲁⲗⲓⲗⲁⲓⲁ"/>
		<feat xlink:href="#sSpan3459" value="ⲧⲏⲣ"/>
		<feat xlink:href="#sSpan3463" value="ⲥ"/>
		<feat xlink:href="#sSpan3465" value="ⲁⲩⲱ"/>
		<feat xlink:href="#sSpan3469" value="ⲛ"/>
		<feat xlink:href="#sSpan3474" value="ⲕⲉ"/>
		<feat xlink:href="#sSpan3477" value="ⲇⲁⲓⲙⲱⲛⲓⲟⲛ"/>
		<feat xlink:href="#sSpan3479" value="ⲉ"/>
		<feat xlink:href="#sSpan3483" value="ϥ"/>
		<feat xlink:href="#sSpan3485" value="ⲛⲟⲩϫⲉ"/>
		<feat xlink:href="#sSpan3487" value="ⲙⲙⲟ"/>
		<feat xlink:href="#sSpan3491" value="ⲟⲩ"/>
		<feat xlink:href="#sSpan3493" value="ⲉⲃⲟⲗ"/>
		<feat xlink:href="#sSpan3497" value="ⲁⲩⲱ"/>
		<feat xlink:href="#sSpan3506" value="ⲁ"/>
		<feat xlink:href="#sSpan3510" value="ϥ"/>
		<feat xlink:href="#sSpan3512" value="ⲉⲓ"/>
		<feat xlink:href="#sSpan3514" value="ϣⲁⲣⲟ"/>
		<feat xlink:href="#sSpan3518" value="ϥ"/>
		<feat xlink:href="#sSpan3520" value="ⲛϭⲓ"/>
		<feat xlink:href="#sSpan3524" value="ⲟⲩ"/>
		<feat xlink:href="#sSpan3527" value="ⲣⲱⲙⲉ"/>
		<feat xlink:href="#sSpan3529" value="ⲉ"/>
		<feat xlink:href="#sSpan3533" value="ϥ"/>
		<feat xlink:href="#sSpan3535" value="ⲥⲟⲃϩ"/>
		<feat xlink:href="#sSpan3537" value="ⲉ"/>
		<feat xlink:href="#sSpan3541" value="ϥ"/>
		<feat xlink:href="#sSpan3544" value="ⲡⲁⲣⲁⲕⲁⲗⲉⲓ"/>
		<feat xlink:href="#sSpan3546" value="ⲙⲙⲟ"/>
		<feat xlink:href="#sSpan3550" value="ϥ"/>
		<feat xlink:href="#sSpan3552" value="ⲉ"/>
		<feat xlink:href="#sSpan3556" value="ϥ"/>
		<feat xlink:href="#sSpan3558" value="ϫⲱ"/>
		<feat xlink:href="#sSpan3560" value="ⲙⲙⲟ"/>
		<feat xlink:href="#sSpan3564" value="ⲥ"/>
		<feat xlink:href="#sSpan3566" value="ⲛⲁ"/>
		<feat xlink:href="#sSpan3570" value="ϥ"/>
		<feat xlink:href="#sSpan3572" value="ϫⲉ"/>
		<feat xlink:href="#sSpan3576" value="ⲉⲕϣⲁⲛ"/>
		<feat xlink:href="#sSpan3578" value="ⲟⲩⲱϣ"/>
		<feat xlink:href="#sSpan3580" value="ⲕ"/>
		<feat xlink:href="#sSpan3584" value="ⲛⲁ"/>
		<feat xlink:href="#sSpan3586" value="ⲧⲃⲃⲟ"/>
		<feat xlink:href="#sSpan3588" value="ⲉⲓ"/>
		<feat xlink:href="#sSpan3590" value="ⲁⲩⲱ"/>
		<feat xlink:href="#sSpan3599" value="ⲛⲧⲉⲣⲉ"/>
		<feat xlink:href="#sSpan3603" value="ϥ"/>
		<feat xlink:href="#sSpan3605" value="ϣⲛ"/>
		<feat xlink:href="#sSpan3607" value="ϩⲧⲏ"/>
		<feat xlink:href="#sSpan3609" value="ϥ"/>
		<feat xlink:href="#sSpan3611" value="ⲁ"/>
		<feat xlink:href="#sSpan3615" value="ϥ"/>
		<feat xlink:href="#sSpan3617" value="ⲥⲟⲩⲧⲛ"/>
		<feat xlink:href="#sSpan3619" value="ⲧⲟⲟⲧ"/>
		<feat xlink:href="#sSpan3622" value="ϥ"/>
		<feat xlink:href="#sSpan3624" value="ⲉⲃⲟⲗ"/>
		<feat xlink:href="#sSpan3628" value="ⲁⲩⲱ"/>
		<feat xlink:href="#sSpan3632" value="ⲁ"/>
		<feat xlink:href="#sSpan3636" value="ϥ"/>
		<feat xlink:href="#sSpan3638" value="ⲕⲱϩ"/>
		<feat xlink:href="#sSpan3640" value="ⲉⲣⲟ"/>
		<feat xlink:href="#sSpan3644" value="ϥ"/>
		<feat xlink:href="#sSpan3646" value="ⲉ"/>
		<feat xlink:href="#sSpan3650" value="ϥ"/>
		<feat xlink:href="#sSpan3652" value="ϫⲱ"/>
		<feat xlink:href="#sSpan3654" value="ⲙⲙⲟ"/>
		<feat xlink:href="#sSpan3658" value="ⲥ"/>
		<feat xlink:href="#sSpan3660" value="ⲛⲁ"/>
		<feat xlink:href="#sSpan3664" value="ϥ"/>
		<feat xlink:href="#sSpan3666" value="ϫⲉ"/>
		<feat xlink:href="#sSpan3670" value="ϯ"/>
		<feat xlink:href="#sSpan3672" value="ⲟⲩⲱϣ"/>
		<feat xlink:href="#sSpan3674" value="ⲧⲃⲃⲟ"/>
		<feat xlink:href="#sSpan3678" value="."/>
		<feat xlink:href="#sSpan3682" value="ⲁⲩⲱ"/>
		<feat xlink:href="#sSpan3691" value="ⲛ"/>
		<feat xlink:href="#sSpan3695" value="ⲧⲉ"/>
		<feat xlink:href="#sSpan3697" value="ⲩⲛⲟⲩ"/>
		<feat xlink:href="#sSpan3699" value="ⲁ"/>
		<feat xlink:href="#sSpan3703" value="ⲡⲉϥ"/>
		<feat xlink:href="#sSpan3706" value="ⲥⲱⲃⲁϩ"/>
		<feat xlink:href="#sSpan3708" value="ⲗⲟ"/>
		<feat xlink:href="#sSpan3712" value="ϩⲓⲱⲱ"/>
		<feat xlink:href="#sSpan3716" value="ϥ"/>
		<feat xlink:href="#sSpan3718" value="ⲁ"/>
		<feat xlink:href="#sSpan3722" value="ϥ"/>
		<feat xlink:href="#sSpan3724" value="ⲧⲃⲃⲟ"/>
		<feat xlink:href="#sSpan3726" value="."/>
		<feat xlink:href="#sSpan3730" value="ⲁⲩⲱ"/>
		<feat xlink:href="#sSpan3739" value="ⲛⲧⲉⲣⲉ"/>
		<feat xlink:href="#sSpan3743" value="ϥ"/>
		<feat xlink:href="#sSpan3745" value="ϩⲱⲛ"/>
		<feat xlink:href="#sSpan3747" value="ⲉⲧⲟⲟⲧ"/>
		<feat xlink:href="#sSpan3751" value="ϥ"/>
		<feat xlink:href="#sSpan3753" value="ⲛ"/>
		<feat xlink:href="#sSpan3757" value="ⲧⲉ"/>
		<feat xlink:href="#sSpan3759" value="ⲩⲛⲟⲩ"/>
		<feat xlink:href="#sSpan3761" value="ⲁ"/>
		<feat xlink:href="#sSpan3765" value="ϥ"/>
		<feat xlink:href="#sSpan3767" value="ϫⲟⲟⲩ"/>
		<feat xlink:href="#sSpan3769" value="ϥ"/>
		<feat xlink:href="#sSpan3771" value="ⲉⲃⲟⲗ"/>
		<feat xlink:href="#sSpan3775" value="ⲉ"/>
		<feat xlink:href="#sSpan3783" value="ϥ"/>
		<feat xlink:href="#sSpan3785" value="ϫⲱ"/>
		<feat xlink:href="#sSpan3787" value="ⲙⲙⲟ"/>
		<feat xlink:href="#sSpan3791" value="ⲥ"/>
		<feat xlink:href="#sSpan3793" value="ⲛⲁ"/>
		<feat xlink:href="#sSpan3797" value="ϥ"/>
		<feat xlink:href="#sSpan3799" value="ϫⲉ"/>
		<feat xlink:href="#sSpan3803" value="ϭⲱϣⲧ"/>
		<feat xlink:href="#sSpan3805" value="ⲙⲡⲣ"/>
		<feat xlink:href="#sSpan3809" value="ϫⲟⲟ"/>
		<feat xlink:href="#sSpan3811" value="ⲥ"/>
		<feat xlink:href="#sSpan3813" value="ⲛ"/>
		<feat xlink:href="#sSpan3817" value="ⲗⲁⲁⲩ"/>
		<feat xlink:href="#sSpan3820" value="."/>
		<feat xlink:href="#sSpan3825" value="ⲁⲗⲗⲁ"/>
		<feat xlink:href="#sSpan3829" value="ⲃⲱⲕ"/>
		<feat xlink:href="#sSpan3833" value="ⲛ"/>
		<feat xlink:href="#sSpan3837" value="ⲅ"/>
		<feat xlink:href="#sSpan3839" value="ⲧⲥⲁⲃⲟ"/>
		<feat xlink:href="#sSpan3841" value="ⲕ"/>
		<feat xlink:href="#sSpan3843" value="ⲉ"/>
		<feat xlink:href="#sSpan3847" value="ⲡ"/>
		<feat xlink:href="#sSpan3850" value="ⲟⲩⲏⲏⲃ"/>
		<feat xlink:href="#sSpan3852" value="ⲛ"/>
		<feat xlink:href="#sSpan3856" value="ⲅ"/>
		<feat xlink:href="#sSpan3858" value="ϫⲓ"/>
		<feat xlink:href="#sSpan3860" value="ⲉϩⲣⲁⲓ"/>
		<feat xlink:href="#sSpan3864" value="ⲉⲧⲃⲉ"/>
		<feat xlink:href="#sSpan3868" value="ⲡⲉⲕ"/>
		<feat xlink:href="#sSpan3871" value="ⲧⲃⲃⲟ"/>
		<feat xlink:href="#sSpan3873" value="ⲛ"/>
		<feat xlink:href="#sSpan3877" value="ⲛ"/>
		<feat xlink:href="#sSpan3880" value="ⲉⲛⲧ"/>
		<feat xlink:href="#sSpan3882" value="ⲁ"/>
		<feat xlink:href="#sSpan3885" value="ⲙⲱⲩⲥⲏⲥ"/>
		<feat xlink:href="#sSpan3889" value="ⲟⲩⲉϩⲥⲁϩⲛⲉ"/>
		<feat xlink:href="#sSpan3894" value="ⲙⲙⲟ"/>
		<feat xlink:href="#sSpan3898" value="ⲟⲩ"/>
		<feat xlink:href="#sSpan3900" value="ⲉ"/>
		<feat xlink:href="#sSpan3904" value="ⲩ"/>
		<feat xlink:href="#sSpan3908" value="ⲙⲛⲧⲙⲛⲧⲣⲉ"/>
		<feat xlink:href="#sSpan3911" value="ⲛⲁ"/>
		<feat xlink:href="#sSpan3915" value="ⲩ"/>
		<feat xlink:href="#sSpan3917" value="."/>
		<feat xlink:href="#sSpan3921" value="ⲛⲧⲉⲣⲉ"/>
		<feat xlink:href="#sSpan3930" value="ϥ"/>
		<feat xlink:href="#sSpan3932" value="ⲉⲓ"/>
		<feat xlink:href="#sSpan3935" value="ⲇⲉ"/>
		<feat xlink:href="#sSpan3939" value="ⲉⲃⲟⲗ"/>
		<feat xlink:href="#sSpan3943" value="ⲁ"/>
		<feat xlink:href="#sSpan3947" value="ϥ"/>
		<feat xlink:href="#sSpan3950" value="ⲁⲣⲭⲉⲥⲑⲁⲓ"/>
		<feat xlink:href="#sSpan3952" value="ⲛ"/>
		<feat xlink:href="#sSpan3957" value="ⲧⲁϣⲉⲟⲓϣ"/>
		<feat xlink:href="#sSpan3960" value="ⲛ"/>
		<feat xlink:href="#sSpan3964" value="ϩⲁϩ"/>
		<feat xlink:href="#sSpan3966" value="ⲁⲩⲱ"/>
		<feat xlink:href="#sSpan3970" value="ⲉ"/>
		<feat xlink:href="#sSpan3974" value="ⲥⲣ"/>
		<feat xlink:href="#sSpan3976" value="ⲡ"/>
		<feat xlink:href="#sSpan3979" value="ϣⲁϫⲉ"/>
		<feat xlink:href="#sSpan3982" value="ϩⲱⲥⲧⲉ"/>
		<feat xlink:href="#sSpan3986" value="ⲛ"/>
		<feat xlink:href="#sSpan3990" value="ϥ"/>
		<feat xlink:href="#sSpan3992" value="ⲧⲙ"/>
		<feat xlink:href="#sSpan3994" value="ϭⲙϭⲟⲙ"/>
		<feat xlink:href="#sSpan3996" value="ⲉ"/>
		<feat xlink:href="#sSpan4000" value="ⲃⲱⲕ"/>
		<feat xlink:href="#sSpan4003" value="ⲉϩⲟⲩⲛ"/>
		<feat xlink:href="#sSpan4007" value="ⲉ"/>
		<feat xlink:href="#sSpan4011" value="ⲧ"/>
		<feat xlink:href="#sSpan4015" value="ⲡⲟⲗⲓⲥ"/>
		<feat xlink:href="#sSpan4017" value="ⲛ"/>
		<feat xlink:href="#sSpan4021" value="ⲟⲩⲱⲛϩ"/>
		<feat xlink:href="#sSpan4024" value="ⲁⲗⲗⲁ"/>
		<feat xlink:href="#sSpan4028" value="ⲛⲉ"/>
		<feat xlink:href="#sSpan4032" value="ϥ"/>
		<feat xlink:href="#sSpan4034" value="ϩⲛ"/>
		<feat xlink:href="#sSpan4036" value="ϩⲉⲛ"/>
		<feat xlink:href="#sSpan4039" value="ⲙⲁ"/>
		<feat xlink:href="#sSpan4041" value="ⲛ"/>
		<feat xlink:href="#sSpan4045" value="ϫⲁⲓⲉ"/>
		<feat xlink:href="#sSpan4047" value="ⲁⲩⲱ"/>
		<feat xlink:href="#sSpan4051" value="ⲛⲉ"/>
		<feat xlink:href="#sSpan4055" value="ⲩ"/>
		<feat xlink:href="#sSpan4057" value="ⲛⲏⲩ"/>
		<feat xlink:href="#sSpan4060" value="ⲉⲣⲁⲧ"/>
		<feat xlink:href="#sSpan4064" value="ϥ"/>
		<feat xlink:href="#sSpan4066" value="ⲉⲃⲟⲗ"/>
		<feat xlink:href="#sSpan4070" value="ϩⲙ"/>
		<feat xlink:href="#sSpan4074" value="ⲙⲁ"/>
		<feat xlink:href="#sSpan4077" value="ⲛⲓⲙ"/>
		<feat xlink:href="#sSpan4081" value="."/></featList></paula>