<?xml version='1.0' encoding='UTF-8'?><!DOCTYPE paula SYSTEM "paula_feat.dtd">
<paula version="1.1">
	<header paula_id="scriptorium.Mark_01.dep_func"/>
	<featList xmlns:xlink="http://www.w3.org/1999/xlink" type="func" xml:base="scriptorium.Mark_01.dep.xml">
		<feat xlink:href="#sPointingRel1" value="aux"/>
		<feat xlink:href="#sPointingRel3" value="cc"/>
		<feat xlink:href="#sPointingRel5" value="obj"/>
		<feat xlink:href="#sPointingRel7" value="obl"/>
		<feat xlink:href="#sPointingRel9" value="nmod"/>
		<feat xlink:href="#sPointingRel11" value="mark"/>
		<feat xlink:href="#sPointingRel13" value="advcl"/>
		<feat xlink:href="#sPointingRel15" value="advmod"/>
		<feat xlink:href="#sPointingRel17" value="aux"/>
		<feat xlink:href="#sPointingRel19" value="aux"/>
		<feat xlink:href="#sPointingRel21" value="nsubj"/>
		<feat xlink:href="#sPointingRel23" value="obj"/>
		<feat xlink:href="#sPointingRel25" value="advcl"/>
		<feat xlink:href="#sPointingRel27" value="punct"/>
		<feat xlink:href="#sPointingRel29" value="obl"/>
		<feat xlink:href="#sPointingRel31" value="parataxis"/>
		<feat xlink:href="#sPointingRel33" value="parataxis"/>
		<feat xlink:href="#sPointingRel35" value="det"/>
		<feat xlink:href="#sPointingRel37" value="obj"/>
		<feat xlink:href="#sPointingRel39" value="advmod"/>
		<feat xlink:href="#sPointingRel41" value="case"/>
		<feat xlink:href="#sPointingRel43" value="cop"/>
		<feat xlink:href="#sPointingRel45" value="det"/>
		<feat xlink:href="#sPointingRel47" value="case"/>
		<feat xlink:href="#sPointingRel49" value="advcl"/>
		<feat xlink:href="#sPointingRel51" value="det"/>
		<feat xlink:href="#sPointingRel53" value="appos"/>
		<feat xlink:href="#sPointingRel55" value="obl"/>
		<feat xlink:href="#sPointingRel57" value="acl:relcl"/>
		<feat xlink:href="#sPointingRel59" value="aux"/>
		<feat xlink:href="#sPointingRel61" value="mark"/>
		<feat xlink:href="#sPointingRel63" value="advmod"/>
		<feat xlink:href="#sPointingRel65" value="nsubj"/>
		<feat xlink:href="#sPointingRel67" value="det"/>
		<feat xlink:href="#sPointingRel69" value="obl"/>
		<feat xlink:href="#sPointingRel71" value="det"/>
		<feat xlink:href="#sPointingRel73" value="nsubj"/>
		<feat xlink:href="#sPointingRel75" value="det"/>
		<feat xlink:href="#sPointingRel77" value="nsubj"/>
		<feat xlink:href="#sPointingRel79" value="aux"/>
		<feat xlink:href="#sPointingRel81" value="cc"/>
		<feat xlink:href="#sPointingRel83" value="vocative"/>
		<feat xlink:href="#sPointingRel85" value="cc"/>
		<feat xlink:href="#sPointingRel87" value="mark"/>
		<feat xlink:href="#sPointingRel89" value="parataxis"/>
		<feat xlink:href="#sPointingRel91" value="case"/>
		<feat xlink:href="#sPointingRel93" value="case"/>
		<feat xlink:href="#sPointingRel95" value="det"/>
		<feat xlink:href="#sPointingRel97" value="case"/>
		<feat xlink:href="#sPointingRel99" value="case"/>
		<feat xlink:href="#sPointingRel101" value="mark"/>
		<feat xlink:href="#sPointingRel103" value="appos"/>
		<feat xlink:href="#sPointingRel105" value="det"/>
		<feat xlink:href="#sPointingRel107" value="mark"/>
		<feat xlink:href="#sPointingRel109" value="advmod"/>
		<feat xlink:href="#sPointingRel111" value="aux"/>
		<feat xlink:href="#sPointingRel113" value="cc"/>
		<feat xlink:href="#sPointingRel115" value="case"/>
		<feat xlink:href="#sPointingRel117" value="case"/>
		<feat xlink:href="#sPointingRel119" value="det"/>
		<feat xlink:href="#sPointingRel121" value="nsubj"/>
		<feat xlink:href="#sPointingRel123" value="obj"/>
		<feat xlink:href="#sPointingRel125" value="nsubj"/>
		<feat xlink:href="#sPointingRel127" value="nsubj"/>
		<feat xlink:href="#sPointingRel129" value="det"/>
		<feat xlink:href="#sPointingRel131" value="case"/>
		<feat xlink:href="#sPointingRel133" value="advmod"/>
		<feat xlink:href="#sPointingRel135" value="det"/>
		<feat xlink:href="#sPointingRel137" value="case"/>
		<feat xlink:href="#sPointingRel139" value="case"/>
		<feat xlink:href="#sPointingRel141" value="obl"/>
		<feat xlink:href="#sPointingRel143" value="advmod"/>
		<feat xlink:href="#sPointingRel145" value="case"/>
		<feat xlink:href="#sPointingRel147" value="obl"/>
		<feat xlink:href="#sPointingRel149" value="nsubj"/>
		<feat xlink:href="#sPointingRel151" value="case"/>
		<feat xlink:href="#sPointingRel153" value="aux"/>
		<feat xlink:href="#sPointingRel155" value="case"/>
		<feat xlink:href="#sPointingRel157" value="obl"/>
		<feat xlink:href="#sPointingRel159" value="det"/>
		<feat xlink:href="#sPointingRel161" value="obj"/>
		<feat xlink:href="#sPointingRel163" value="nsubj"/>
		<feat xlink:href="#sPointingRel165" value="advmod"/>
		<feat xlink:href="#sPointingRel167" value="advmod"/>
		<feat xlink:href="#sPointingRel169" value="advcl"/>
		<feat xlink:href="#sPointingRel171" value="nsubj"/>
		<feat xlink:href="#sPointingRel173" value="det"/>
		<feat xlink:href="#sPointingRel175" value="acl:relcl"/>
		<feat xlink:href="#sPointingRel177" value="nsubj"/>
		<feat xlink:href="#sPointingRel179" value="nsubj"/>
		<feat xlink:href="#sPointingRel181" value="case"/>
		<feat xlink:href="#sPointingRel183" value="case"/>
		<feat xlink:href="#sPointingRel185" value="det"/>
		<feat xlink:href="#sPointingRel187" value="appos"/>
		<feat xlink:href="#sPointingRel189" value="obl"/>
		<feat xlink:href="#sPointingRel191" value="nmod"/>
		<feat xlink:href="#sPointingRel193" value="obl"/>
		<feat xlink:href="#sPointingRel195" value="aux"/>
		<feat xlink:href="#sPointingRel197" value="conj"/>
		<feat xlink:href="#sPointingRel199" value="mark"/>
		<feat xlink:href="#sPointingRel201" value="nmod"/>
		<feat xlink:href="#sPointingRel203" value="parataxis"/>
		<feat xlink:href="#sPointingRel205" value="mark"/>
		<feat xlink:href="#sPointingRel207" value="case"/>
		<feat xlink:href="#sPointingRel209" value="case"/>
		<feat xlink:href="#sPointingRel211" value="punct"/>
		<feat xlink:href="#sPointingRel213" value="det"/>
		<feat xlink:href="#sPointingRel215" value="obl"/>
		<feat xlink:href="#sPointingRel217" value="case"/>
		<feat xlink:href="#sPointingRel219" value="obj"/>
		<feat xlink:href="#sPointingRel221" value="aux"/>
		<feat xlink:href="#sPointingRel223" value="obj"/>
		<feat xlink:href="#sPointingRel225" value="case"/>
		<feat xlink:href="#sPointingRel227" value="mark"/>
		<feat xlink:href="#sPointingRel229" value="det"/>
		<feat xlink:href="#sPointingRel231" value="mark"/>
		<feat xlink:href="#sPointingRel233" value="advmod"/>
		<feat xlink:href="#sPointingRel235" value="aux"/>
		<feat xlink:href="#sPointingRel237" value="det"/>
		<feat xlink:href="#sPointingRel239" value="advcl"/>
		<feat xlink:href="#sPointingRel241" value="mark"/>
		<feat xlink:href="#sPointingRel243" value="aux"/>
		<feat xlink:href="#sPointingRel245" value="obj"/>
		<feat xlink:href="#sPointingRel247" value="ccomp"/>
		<feat xlink:href="#sPointingRel249" value="aux"/>
		<feat xlink:href="#sPointingRel251" value="mark"/>
		<feat xlink:href="#sPointingRel253" value="nsubj"/>
		<feat xlink:href="#sPointingRel255" value="nmod"/>
		<feat xlink:href="#sPointingRel257" value="case"/>
		<feat xlink:href="#sPointingRel259" value="advmod"/>
		<feat xlink:href="#sPointingRel261" value="case"/>
		<feat xlink:href="#sPointingRel263" value="mark"/>
		<feat xlink:href="#sPointingRel265" value="advmod"/>
		<feat xlink:href="#sPointingRel267" value="aux"/>
		<feat xlink:href="#sPointingRel269" value="nsubj"/>
		<feat xlink:href="#sPointingRel271" value="obl"/>
		<feat xlink:href="#sPointingRel273" value="nmod"/>
		<feat xlink:href="#sPointingRel275" value="case"/>
		<feat xlink:href="#sPointingRel277" value="nmod"/>
		<feat xlink:href="#sPointingRel279" value="case"/>
		<feat xlink:href="#sPointingRel281" value="acl:relcl"/>
		<feat xlink:href="#sPointingRel283" value="aux"/>
		<feat xlink:href="#sPointingRel285" value="mark"/>
		<feat xlink:href="#sPointingRel287" value="nsubj"/>
		<feat xlink:href="#sPointingRel289" value="case"/>
		<feat xlink:href="#sPointingRel291" value="obj"/>
		<feat xlink:href="#sPointingRel293" value="xcomp"/>
		<feat xlink:href="#sPointingRel295" value="obj"/>
		<feat xlink:href="#sPointingRel297" value="case"/>
		<feat xlink:href="#sPointingRel299" value="obl"/>
		<feat xlink:href="#sPointingRel301" value="aux"/>
		<feat xlink:href="#sPointingRel303" value="nsubj"/>
		<feat xlink:href="#sPointingRel305" value="cc"/>
		<feat xlink:href="#sPointingRel307" value="punct"/>
		<feat xlink:href="#sPointingRel309" value="aux"/>
		<feat xlink:href="#sPointingRel311" value="obj"/>
		<feat xlink:href="#sPointingRel313" value="aux"/>
		<feat xlink:href="#sPointingRel315" value="obl"/>
		<feat xlink:href="#sPointingRel317" value="det"/>
		<feat xlink:href="#sPointingRel319" value="nsubj"/>
		<feat xlink:href="#sPointingRel321" value="conj"/>
		<feat xlink:href="#sPointingRel323" value="case"/>
		<feat xlink:href="#sPointingRel325" value="nmod"/>
		<feat xlink:href="#sPointingRel327" value="cc"/>
		<feat xlink:href="#sPointingRel329" value="det"/>
		<feat xlink:href="#sPointingRel331" value="obj"/>
		<feat xlink:href="#sPointingRel333" value="case"/>
		<feat xlink:href="#sPointingRel335" value="nmod"/>
		<feat xlink:href="#sPointingRel337" value="det"/>
		<feat xlink:href="#sPointingRel339" value="dislocated"/>
		<feat xlink:href="#sPointingRel341" value="mark"/>
		<feat xlink:href="#sPointingRel343" value="acl:relcl"/>
		<feat xlink:href="#sPointingRel345" value="case"/>
		<feat xlink:href="#sPointingRel347" value="advcl"/>
		<feat xlink:href="#sPointingRel349" value="advmod"/>
		<feat xlink:href="#sPointingRel351" value="acl:relcl"/>
		<feat xlink:href="#sPointingRel353" value="case"/>
		<feat xlink:href="#sPointingRel355" value="det"/>
		<feat xlink:href="#sPointingRel357" value="aux"/>
		<feat xlink:href="#sPointingRel359" value="cc"/>
		<feat xlink:href="#sPointingRel361" value="det"/>
		<feat xlink:href="#sPointingRel363" value="obl"/>
		<feat xlink:href="#sPointingRel365" value="det"/>
		<feat xlink:href="#sPointingRel367" value="advcl"/>
		<feat xlink:href="#sPointingRel369" value="mark"/>
		<feat xlink:href="#sPointingRel371" value="ccomp"/>
		<feat xlink:href="#sPointingRel373" value="obj"/>
		<feat xlink:href="#sPointingRel375" value="cc"/>
		<feat xlink:href="#sPointingRel377" value="obl"/>
		<feat xlink:href="#sPointingRel379" value="case"/>
		<feat xlink:href="#sPointingRel381" value="det"/>
		<feat xlink:href="#sPointingRel383" value="mark"/>
		<feat xlink:href="#sPointingRel385" value="obl"/>
		<feat xlink:href="#sPointingRel387" value="obl"/>
		<feat xlink:href="#sPointingRel389" value="obl"/>
		<feat xlink:href="#sPointingRel391" value="fixed"/>
		<feat xlink:href="#sPointingRel393" value="case"/>
		<feat xlink:href="#sPointingRel395" value="aux"/>
		<feat xlink:href="#sPointingRel397" value="case"/>
		<feat xlink:href="#sPointingRel399" value="advmod"/>
		<feat xlink:href="#sPointingRel401" value="advmod"/>
		<feat xlink:href="#sPointingRel403" value="obl"/>
		<feat xlink:href="#sPointingRel405" value="case"/>
		<feat xlink:href="#sPointingRel407" value="obl"/>
		<feat xlink:href="#sPointingRel409" value="mark"/>
		<feat xlink:href="#sPointingRel411" value="punct"/>
		<feat xlink:href="#sPointingRel413" value="parataxis"/>
		<feat xlink:href="#sPointingRel415" value="nsubj"/>
		<feat xlink:href="#sPointingRel417" value="aux"/>
		<feat xlink:href="#sPointingRel419" value="obl"/>
		<feat xlink:href="#sPointingRel421" value="case"/>
		<feat xlink:href="#sPointingRel423" value="case"/>
		<feat xlink:href="#sPointingRel425" value="case"/>
		<feat xlink:href="#sPointingRel427" value="case"/>
		<feat xlink:href="#sPointingRel429" value="det"/>
		<feat xlink:href="#sPointingRel431" value="det"/>
		<feat xlink:href="#sPointingRel433" value="advmod"/>
		<feat xlink:href="#sPointingRel435" value="case"/>
		<feat xlink:href="#sPointingRel437" value="obl"/>
		<feat xlink:href="#sPointingRel439" value="case"/>
		<feat xlink:href="#sPointingRel441" value="ccomp"/>
		<feat xlink:href="#sPointingRel443" value="det"/>
		<feat xlink:href="#sPointingRel445" value="obl"/>
		<feat xlink:href="#sPointingRel447" value="case"/>
		<feat xlink:href="#sPointingRel449" value="case"/>
		<feat xlink:href="#sPointingRel451" value="iobj"/>
		<feat xlink:href="#sPointingRel453" value="nmod"/>
		<feat xlink:href="#sPointingRel455" value="advcl"/>
		<feat xlink:href="#sPointingRel457" value="advcl"/>
		<feat xlink:href="#sPointingRel459" value="advmod"/>
		<feat xlink:href="#sPointingRel461" value="dislocated"/>
		<feat xlink:href="#sPointingRel463" value="fixed"/>
		<feat xlink:href="#sPointingRel465" value="cc"/>
		<feat xlink:href="#sPointingRel467" value="obl"/>
		<feat xlink:href="#sPointingRel469" value="advcl"/>
		<feat xlink:href="#sPointingRel471" value="advmod"/>
		<feat xlink:href="#sPointingRel473" value="obj"/>
		<feat xlink:href="#sPointingRel475" value="det"/>
		<feat xlink:href="#sPointingRel477" value="obj"/>
		<feat xlink:href="#sPointingRel479" value="mark"/>
		<feat xlink:href="#sPointingRel481" value="aux"/>
		<feat xlink:href="#sPointingRel483" value="advcl"/>
		<feat xlink:href="#sPointingRel485" value="case"/>
		<feat xlink:href="#sPointingRel487" value="nsubj"/>
		<feat xlink:href="#sPointingRel489" value="mark"/>
		<feat xlink:href="#sPointingRel491" value="mark"/>
		<feat xlink:href="#sPointingRel493" value="dislocated"/>
		<feat xlink:href="#sPointingRel495" value="nmod"/>
		<feat xlink:href="#sPointingRel497" value="case"/>
		<feat xlink:href="#sPointingRel499" value="nmod"/>
		<feat xlink:href="#sPointingRel501" value="cc"/>
		<feat xlink:href="#sPointingRel503" value="dislocated"/>
		<feat xlink:href="#sPointingRel505" value="case"/>
		<feat xlink:href="#sPointingRel507" value="nsubj"/>
		<feat xlink:href="#sPointingRel509" value="nsubj"/>
		<feat xlink:href="#sPointingRel511" value="obl"/>
		<feat xlink:href="#sPointingRel513" value="fixed"/>
		<feat xlink:href="#sPointingRel515" value="det"/>
		<feat xlink:href="#sPointingRel517" value="case"/>
		<feat xlink:href="#sPointingRel519" value="nsubj"/>
		<feat xlink:href="#sPointingRel521" value="obl"/>
		<feat xlink:href="#sPointingRel523" value="det"/>
		<feat xlink:href="#sPointingRel525" value="dislocated"/>
		<feat xlink:href="#sPointingRel527" value="advcl"/>
		<feat xlink:href="#sPointingRel529" value="case"/>
		<feat xlink:href="#sPointingRel531" value="advmod"/>
		<feat xlink:href="#sPointingRel533" value="det"/>
		<feat xlink:href="#sPointingRel535" value="cc"/>
		<feat xlink:href="#sPointingRel537" value="obl"/>
		<feat xlink:href="#sPointingRel539" value="mark"/>
		<feat xlink:href="#sPointingRel541" value="det"/>
		<feat xlink:href="#sPointingRel543" value="obl"/>
		<feat xlink:href="#sPointingRel545" value="mark"/>
		<feat xlink:href="#sPointingRel547" value="obj"/>
		<feat xlink:href="#sPointingRel549" value="det"/>
		<feat xlink:href="#sPointingRel551" value="det"/>
		<feat xlink:href="#sPointingRel553" value="det"/>
		<feat xlink:href="#sPointingRel555" value="obl"/>
		<feat xlink:href="#sPointingRel557" value="nsubj"/>
		<feat xlink:href="#sPointingRel559" value="case"/>
		<feat xlink:href="#sPointingRel561" value="nsubj"/>
		<feat xlink:href="#sPointingRel563" value="obl"/>
		<feat xlink:href="#sPointingRel565" value="nsubj"/>
		<feat xlink:href="#sPointingRel567" value="nsubj"/>
		<feat xlink:href="#sPointingRel569" value="aux"/>
		<feat xlink:href="#sPointingRel571" value="nmod"/>
		<feat xlink:href="#sPointingRel573" value="mark"/>
		<feat xlink:href="#sPointingRel575" value="aux"/>
		<feat xlink:href="#sPointingRel577" value="det"/>
		<feat xlink:href="#sPointingRel579" value="obj"/>
		<feat xlink:href="#sPointingRel581" value="det"/>
		<feat xlink:href="#sPointingRel583" value="case"/>
		<feat xlink:href="#sPointingRel585" value="aux"/>
		<feat xlink:href="#sPointingRel587" value="conj"/>
		<feat xlink:href="#sPointingRel589" value="obl"/>
		<feat xlink:href="#sPointingRel591" value="case"/>
		<feat xlink:href="#sPointingRel593" value="obj"/>
		<feat xlink:href="#sPointingRel595" value="obl"/>
		<feat xlink:href="#sPointingRel597" value="nmod"/>
		<feat xlink:href="#sPointingRel599" value="nsubj"/>
		<feat xlink:href="#sPointingRel601" value="nsubj"/>
		<feat xlink:href="#sPointingRel603" value="case"/>
		<feat xlink:href="#sPointingRel605" value="det"/>
		<feat xlink:href="#sPointingRel607" value="det"/>
		<feat xlink:href="#sPointingRel609" value="cop"/>
		<feat xlink:href="#sPointingRel611" value="case"/>
		<feat xlink:href="#sPointingRel613" value="aux"/>
		<feat xlink:href="#sPointingRel615" value="punct"/>
		<feat xlink:href="#sPointingRel617" value="advmod"/>
		<feat xlink:href="#sPointingRel619" value="det"/>
		<feat xlink:href="#sPointingRel621" value="det"/>
		<feat xlink:href="#sPointingRel623" value="nmod"/>
		<feat xlink:href="#sPointingRel625" value="det"/>
		<feat xlink:href="#sPointingRel627" value="advmod"/>
		<feat xlink:href="#sPointingRel629" value="case"/>
		<feat xlink:href="#sPointingRel631" value="nsubj"/>
		<feat xlink:href="#sPointingRel633" value="det"/>
		<feat xlink:href="#sPointingRel635" value="acl:relcl"/>
		<feat xlink:href="#sPointingRel637" value="conj"/>
		<feat xlink:href="#sPointingRel639" value="obj"/>
		<feat xlink:href="#sPointingRel641" value="cc"/>
		<feat xlink:href="#sPointingRel643" value="xcomp"/>
		<feat xlink:href="#sPointingRel645" value="advcl"/>
		<feat xlink:href="#sPointingRel647" value="dislocated"/>
		<feat xlink:href="#sPointingRel649" value="obj"/>
		<feat xlink:href="#sPointingRel651" value="punct"/>
		<feat xlink:href="#sPointingRel653" value="obl"/>
		<feat xlink:href="#sPointingRel655" value="det"/>
		<feat xlink:href="#sPointingRel657" value="aux"/>
		<feat xlink:href="#sPointingRel659" value="case"/>
		<feat xlink:href="#sPointingRel661" value="advcl"/>
		<feat xlink:href="#sPointingRel663" value="aux"/>
		<feat xlink:href="#sPointingRel665" value="case"/>
		<feat xlink:href="#sPointingRel667" value="advmod"/>
		<feat xlink:href="#sPointingRel669" value="obj"/>
		<feat xlink:href="#sPointingRel671" value="det"/>
		<feat xlink:href="#sPointingRel673" value="case"/>
		<feat xlink:href="#sPointingRel675" value="aux"/>
		<feat xlink:href="#sPointingRel677" value="nsubj"/>
		<feat xlink:href="#sPointingRel679" value="case"/>
		<feat xlink:href="#sPointingRel681" value="mark"/>
		<feat xlink:href="#sPointingRel683" value="conj"/>
		<feat xlink:href="#sPointingRel685" value="mark"/>
		<feat xlink:href="#sPointingRel687" value="det"/>
		<feat xlink:href="#sPointingRel689" value="case"/>
		<feat xlink:href="#sPointingRel691" value="conj"/>
		<feat xlink:href="#sPointingRel693" value="case"/>
		<feat xlink:href="#sPointingRel695" value="case"/>
		<feat xlink:href="#sPointingRel697" value="case"/>
		<feat xlink:href="#sPointingRel699" value="nmod"/>
		<feat xlink:href="#sPointingRel701" value="punct"/>
		<feat xlink:href="#sPointingRel703" value="case"/>
		<feat xlink:href="#sPointingRel705" value="dislocated"/>
		<feat xlink:href="#sPointingRel707" value="advcl"/>
		<feat xlink:href="#sPointingRel709" value="aux"/>
		<feat xlink:href="#sPointingRel711" value="case"/>
		<feat xlink:href="#sPointingRel713" value="dislocated"/>
		<feat xlink:href="#sPointingRel715" value="nsubj"/>
		<feat xlink:href="#sPointingRel717" value="det"/>
		<feat xlink:href="#sPointingRel719" value="acl:relcl"/>
		<feat xlink:href="#sPointingRel721" value="case"/>
		<feat xlink:href="#sPointingRel723" value="parataxis"/>
		<feat xlink:href="#sPointingRel725" value="aux"/>
		<feat xlink:href="#sPointingRel727" value="conj"/>
		<feat xlink:href="#sPointingRel729" value="case"/>
		<feat xlink:href="#sPointingRel731" value="advmod"/>
		<feat xlink:href="#sPointingRel733" value="advmod"/>
		<feat xlink:href="#sPointingRel735" value="aux"/>
		<feat xlink:href="#sPointingRel737" value="mark"/>
		<feat xlink:href="#sPointingRel739" value="det"/>
		<feat xlink:href="#sPointingRel741" value="obl"/>
		<feat xlink:href="#sPointingRel743" value="case"/>
		<feat xlink:href="#sPointingRel745" value="case"/>
		<feat xlink:href="#sPointingRel747" value="nmod"/>
		<feat xlink:href="#sPointingRel749" value="dislocated"/>
		<feat xlink:href="#sPointingRel751" value="case"/>
		<feat xlink:href="#sPointingRel753" value="case"/>
		<feat xlink:href="#sPointingRel755" value="aux"/>
		<feat xlink:href="#sPointingRel757" value="obl"/>
		<feat xlink:href="#sPointingRel759" value="nsubj"/>
		<feat xlink:href="#sPointingRel761" value="case"/>
		<feat xlink:href="#sPointingRel763" value="parataxis"/>
		<feat xlink:href="#sPointingRel765" value="advmod"/>
		<feat xlink:href="#sPointingRel767" value="mark"/>
		<feat xlink:href="#sPointingRel769" value="mark"/>
		<feat xlink:href="#sPointingRel771" value="conj"/>
		<feat xlink:href="#sPointingRel773" value="det"/>
		<feat xlink:href="#sPointingRel775" value="advcl"/>
		<feat xlink:href="#sPointingRel777" value="det"/>
		<feat xlink:href="#sPointingRel779" value="det"/>
		<feat xlink:href="#sPointingRel781" value="obl"/>
		<feat xlink:href="#sPointingRel783" value="obl"/>
		<feat xlink:href="#sPointingRel785" value="aux"/>
		<feat xlink:href="#sPointingRel787" value="advcl"/>
		<feat xlink:href="#sPointingRel789" value="obl"/>
		<feat xlink:href="#sPointingRel791" value="aux"/>
		<feat xlink:href="#sPointingRel793" value="nsubj"/>
		<feat xlink:href="#sPointingRel795" value="case"/>
		<feat xlink:href="#sPointingRel797" value="case"/>
		<feat xlink:href="#sPointingRel799" value="obl"/>
		<feat xlink:href="#sPointingRel801" value="mark"/>
		<feat xlink:href="#sPointingRel803" value="mark"/>
		<feat xlink:href="#sPointingRel805" value="cc"/>
		<feat xlink:href="#sPointingRel807" value="nsubj"/>
		<feat xlink:href="#sPointingRel809" value="cc"/>
		<feat xlink:href="#sPointingRel811" value="advcl"/>
		<feat xlink:href="#sPointingRel813" value="nsubj"/>
		<feat xlink:href="#sPointingRel815" value="aux"/>
		<feat xlink:href="#sPointingRel817" value="obj"/>
		<feat xlink:href="#sPointingRel819" value="det"/>
		<feat xlink:href="#sPointingRel821" value="acl:relcl"/>
		<feat xlink:href="#sPointingRel823" value="case"/>
		<feat xlink:href="#sPointingRel825" value="obl"/>
		<feat xlink:href="#sPointingRel827" value="advcl"/>
		<feat xlink:href="#sPointingRel829" value="dislocated"/>
		<feat xlink:href="#sPointingRel831" value="nsubj"/>
		<feat xlink:href="#sPointingRel833" value="mark"/>
		<feat xlink:href="#sPointingRel835" value="mark"/>
		<feat xlink:href="#sPointingRel837" value="case"/>
		<feat xlink:href="#sPointingRel839" value="advcl"/>
		<feat xlink:href="#sPointingRel841" value="case"/>
		<feat xlink:href="#sPointingRel843" value="aux"/>
		<feat xlink:href="#sPointingRel845" value="punct"/>
		<feat xlink:href="#sPointingRel847" value="case"/>
		<feat xlink:href="#sPointingRel849" value="case"/>
		<feat xlink:href="#sPointingRel851" value="nsubj"/>
		<feat xlink:href="#sPointingRel853" value="obl"/>
		<feat xlink:href="#sPointingRel855" value="conj"/>
		<feat xlink:href="#sPointingRel857" value="case"/>
		<feat xlink:href="#sPointingRel859" value="advcl"/>
		<feat xlink:href="#sPointingRel861" value="nsubj"/>
		<feat xlink:href="#sPointingRel863" value="punct"/>
		<feat xlink:href="#sPointingRel865" value="det"/>
		<feat xlink:href="#sPointingRel867" value="nsubj"/>
		<feat xlink:href="#sPointingRel869" value="punct"/>
		<feat xlink:href="#sPointingRel871" value="obl"/>
		<feat xlink:href="#sPointingRel873" value="conj"/>
		<feat xlink:href="#sPointingRel875" value="acl:relcl"/>
		<feat xlink:href="#sPointingRel877" value="punct"/>
		<feat xlink:href="#sPointingRel879" value="aux"/>
		<feat xlink:href="#sPointingRel881" value="nsubj"/>
		<feat xlink:href="#sPointingRel883" value="nsubj"/>
		<feat xlink:href="#sPointingRel885" value="cc"/>
		<feat xlink:href="#sPointingRel887" value="nsubj"/>
		<feat xlink:href="#sPointingRel889" value="ccomp"/>
		<feat xlink:href="#sPointingRel891" value="det"/>
		<feat xlink:href="#sPointingRel893" value="mark"/>
		<feat xlink:href="#sPointingRel895" value="obl"/>
		<feat xlink:href="#sPointingRel897" value="nsubj"/>
		<feat xlink:href="#sPointingRel899" value="acl:relcl"/>
		<feat xlink:href="#sPointingRel901" value="det"/>
		<feat xlink:href="#sPointingRel903" value="cop"/>
		<feat xlink:href="#sPointingRel905" value="advmod"/>
		<feat xlink:href="#sPointingRel907" value="xcomp"/>
		<feat xlink:href="#sPointingRel909" value="aux"/>
		<feat xlink:href="#sPointingRel911" value="obj"/>
		<feat xlink:href="#sPointingRel913" value="aux"/>
		<feat xlink:href="#sPointingRel915" value="conj"/>
		<feat xlink:href="#sPointingRel917" value="mark"/>
		<feat xlink:href="#sPointingRel919" value="det"/>
		<feat xlink:href="#sPointingRel921" value="det"/>
		<feat xlink:href="#sPointingRel923" value="aux"/>
		<feat xlink:href="#sPointingRel925" value="advcl"/>
		<feat xlink:href="#sPointingRel927" value="det"/>
		<feat xlink:href="#sPointingRel929" value="mark"/>
		<feat xlink:href="#sPointingRel931" value="det"/>
		<feat xlink:href="#sPointingRel933" value="nmod"/>
		<feat xlink:href="#sPointingRel935" value="case"/>
		<feat xlink:href="#sPointingRel937" value="case"/>
		<feat xlink:href="#sPointingRel939" value="det"/>
		<feat xlink:href="#sPointingRel941" value="obl"/>
		<feat xlink:href="#sPointingRel943" value="parataxis"/>
		<feat xlink:href="#sPointingRel945" value="nsubj"/>
		<feat xlink:href="#sPointingRel947" value="acl:relcl"/>
		<feat xlink:href="#sPointingRel949" value="advmod"/>
		<feat xlink:href="#sPointingRel951" value="nmod"/>
		<feat xlink:href="#sPointingRel953" value="case"/>
		<feat xlink:href="#sPointingRel955" value="obl"/>
		<feat xlink:href="#sPointingRel957" value="nsubj"/>
		<feat xlink:href="#sPointingRel959" value="aux"/>
		<feat xlink:href="#sPointingRel961" value="acl:relcl"/>
		<feat xlink:href="#sPointingRel963" value="det"/>
		<feat xlink:href="#sPointingRel965" value="det"/>
		<feat xlink:href="#sPointingRel967" value="case"/>
		<feat xlink:href="#sPointingRel969" value="nsubj"/>
		<feat xlink:href="#sPointingRel971" value="parataxis"/>
		<feat xlink:href="#sPointingRel973" value="appos"/>
		<feat xlink:href="#sPointingRel975" value="case"/>
		<feat xlink:href="#sPointingRel977" value="mark"/>
		<feat xlink:href="#sPointingRel979" value="det"/>
		<feat xlink:href="#sPointingRel981" value="det"/>
		<feat xlink:href="#sPointingRel983" value="dislocated"/>
		<feat xlink:href="#sPointingRel985" value="det"/>
		<feat xlink:href="#sPointingRel987" value="det"/>
		<feat xlink:href="#sPointingRel989" value="det"/>
		<feat xlink:href="#sPointingRel991" value="aux"/>
		<feat xlink:href="#sPointingRel993" value="obl"/>
		<feat xlink:href="#sPointingRel995" value="punct"/>
		<feat xlink:href="#sPointingRel997" value="advmod"/>
		<feat xlink:href="#sPointingRel999" value="advcl"/>
		<feat xlink:href="#sPointingRel1001" value="aux"/>
		<feat xlink:href="#sPointingRel1003" value="advcl"/>
		<feat xlink:href="#sPointingRel1005" value="case"/>
		<feat xlink:href="#sPointingRel1007" value="advcl"/>
		<feat xlink:href="#sPointingRel1009" value="nmod"/>
		<feat xlink:href="#sPointingRel1011" value="case"/>
		<feat xlink:href="#sPointingRel1013" value="advcl"/>
		<feat xlink:href="#sPointingRel1015" value="obj"/>
		<feat xlink:href="#sPointingRel1017" value="case"/>
		<feat xlink:href="#sPointingRel1019" value="case"/>
		<feat xlink:href="#sPointingRel1021" value="obl"/>
		<feat xlink:href="#sPointingRel1023" value="conj"/>
		<feat xlink:href="#sPointingRel1025" value="nsubj"/>
		<feat xlink:href="#sPointingRel1027" value="nsubj"/>
		<feat xlink:href="#sPointingRel1029" value="cc"/>
		<feat xlink:href="#sPointingRel1031" value="cc"/>
		<feat xlink:href="#sPointingRel1033" value="nsubj"/>
		<feat xlink:href="#sPointingRel1035" value="conj"/>
		<feat xlink:href="#sPointingRel1037" value="appos"/>
		<feat xlink:href="#sPointingRel1039" value="cop"/>
		<feat xlink:href="#sPointingRel1041" value="aux"/>
		<feat xlink:href="#sPointingRel1043" value="case"/>
		<feat xlink:href="#sPointingRel1045" value="obl"/>
		<feat xlink:href="#sPointingRel1047" value="case"/>
		<feat xlink:href="#sPointingRel1049" value="nsubj"/>
		<feat xlink:href="#sPointingRel1051" value="det"/>
		<feat xlink:href="#sPointingRel1053" value="obl"/>
		<feat xlink:href="#sPointingRel1055" value="case"/>
		<feat xlink:href="#sPointingRel1057" value="case"/>
		<feat xlink:href="#sPointingRel1059" value="xcomp"/>
		<feat xlink:href="#sPointingRel1061" value="punct"/>
		<feat xlink:href="#sPointingRel1063" value="nsubj"/>
		<feat xlink:href="#sPointingRel1065" value="nsubj"/>
		<feat xlink:href="#sPointingRel1067" value="det"/>
		<feat xlink:href="#sPointingRel1069" value="mark"/>
		<feat xlink:href="#sPointingRel1071" value="parataxis"/>
		<feat xlink:href="#sPointingRel1073" value="det"/>
		<feat xlink:href="#sPointingRel1075" value="aux"/>
		<feat xlink:href="#sPointingRel1077" value="nsubj"/>
		<feat xlink:href="#sPointingRel1079" value="nsubj"/>
		<feat xlink:href="#sPointingRel1081" value="mark"/>
		<feat xlink:href="#sPointingRel1083" value="mark"/>
		<feat xlink:href="#sPointingRel1085" value="conj"/>
		<feat xlink:href="#sPointingRel1087" value="mark"/>
		<feat xlink:href="#sPointingRel1089" value="det"/>
		<feat xlink:href="#sPointingRel1091" value="obl"/>
		<feat xlink:href="#sPointingRel1093" value="det"/>
		<feat xlink:href="#sPointingRel1095" value="nsubj"/>
		<feat xlink:href="#sPointingRel1097" value="det"/>
		<feat xlink:href="#sPointingRel1099" value="ccomp"/>
		<feat xlink:href="#sPointingRel1101" value="aux"/>
		<feat xlink:href="#sPointingRel1103" value="dislocated"/>
		<feat xlink:href="#sPointingRel1105" value="obl"/>
		<feat xlink:href="#sPointingRel1107" value="obl"/>
		<feat xlink:href="#sPointingRel1109" value="det"/>
		<feat xlink:href="#sPointingRel1111" value="acl:relcl"/>
		<feat xlink:href="#sPointingRel1113" value="advcl"/>
		<feat xlink:href="#sPointingRel1115" value="det"/>
		<feat xlink:href="#sPointingRel1117" value="nsubj"/>
		<feat xlink:href="#sPointingRel1119" value="case"/>
		<feat xlink:href="#sPointingRel1121" value="case"/>
		<feat xlink:href="#sPointingRel1123" value="nsubj"/>
		<feat xlink:href="#sPointingRel1125" value="mark"/>
		<feat xlink:href="#sPointingRel1127" value="advmod"/>
		<feat xlink:href="#sPointingRel1129" value="cc"/>
		<feat xlink:href="#sPointingRel1131" value="case"/>
		<feat xlink:href="#sPointingRel1133" value="mark"/>
		<feat xlink:href="#sPointingRel1135" value="det"/>
		<feat xlink:href="#sPointingRel1137" value="nmod"/>
		<feat xlink:href="#sPointingRel1139" value="aux"/>
		<feat xlink:href="#sPointingRel1141" value="nsubj"/>
		<feat xlink:href="#sPointingRel1143" value="case"/>
		<feat xlink:href="#sPointingRel1145" value="mark"/>
		<feat xlink:href="#sPointingRel1147" value="det"/>
		<feat xlink:href="#sPointingRel1149" value="advmod"/>
		<feat xlink:href="#sPointingRel1151" value="det"/>
		<feat xlink:href="#sPointingRel1153" value="mark"/>
		<feat xlink:href="#sPointingRel1155" value="fixed"/>
		<feat xlink:href="#sPointingRel1157" value="det"/>
		<feat xlink:href="#sPointingRel1159" value="obj"/>
		<feat xlink:href="#sPointingRel1161" value="aux"/>
		<feat xlink:href="#sPointingRel1163" value="case"/>
		<feat xlink:href="#sPointingRel1165" value="det"/>
		<feat xlink:href="#sPointingRel1167" value="case"/>
		<feat xlink:href="#sPointingRel1169" value="det"/>
		<feat xlink:href="#sPointingRel1171" value="advmod"/>
		<feat xlink:href="#sPointingRel1173" value="aux"/>
		<feat xlink:href="#sPointingRel1175" value="case"/>
		<feat xlink:href="#sPointingRel1177" value="case"/>
		<feat xlink:href="#sPointingRel1179" value="obj"/>
		<feat xlink:href="#sPointingRel1181" value="det"/>
		<feat xlink:href="#sPointingRel1183" value="case"/>
		<feat xlink:href="#sPointingRel1185" value="nsubj"/>
		<feat xlink:href="#sPointingRel1187" value="nsubj"/>
		<feat xlink:href="#sPointingRel1189" value="mark"/>
		<feat xlink:href="#sPointingRel1191" value="nsubj"/>
		<feat xlink:href="#sPointingRel1193" value="xcomp"/>
		<feat xlink:href="#sPointingRel1195" value="det"/>
		<feat xlink:href="#sPointingRel1197" value="case"/>
		<feat xlink:href="#sPointingRel1199" value="ccomp"/>
		<feat xlink:href="#sPointingRel1201" value="case"/>
		<feat xlink:href="#sPointingRel1203" value="nmod"/>
		<feat xlink:href="#sPointingRel1205" value="case"/>
		<feat xlink:href="#sPointingRel1207" value="nsubj"/>
		<feat xlink:href="#sPointingRel1209" value="obl"/>
		<feat xlink:href="#sPointingRel1211" value="case"/>
		<feat xlink:href="#sPointingRel1213" value="case"/>
		<feat xlink:href="#sPointingRel1215" value="case"/>
		<feat xlink:href="#sPointingRel1217" value="case"/>
		<feat xlink:href="#sPointingRel1219" value="nsubj"/>
		<feat xlink:href="#sPointingRel1221" value="det"/>
		<feat xlink:href="#sPointingRel1223" value="advmod"/>
		<feat xlink:href="#sPointingRel1225" value="punct"/>
		<feat xlink:href="#sPointingRel1227" value="mark"/>
		<feat xlink:href="#sPointingRel1229" value="mark"/>
		<feat xlink:href="#sPointingRel1231" value="parataxis"/>
		<feat xlink:href="#sPointingRel1233" value="mark"/>
		<feat xlink:href="#sPointingRel1235" value="case"/>
		<feat xlink:href="#sPointingRel1237" value="obl"/>
		<feat xlink:href="#sPointingRel1239" value="nsubj"/>
		<feat xlink:href="#sPointingRel1241" value="advmod"/>
		<feat xlink:href="#sPointingRel1243" value="case"/>
		<feat xlink:href="#sPointingRel1245" value="punct"/>
		<feat xlink:href="#sPointingRel1247" value="det"/>
		<feat xlink:href="#sPointingRel1249" value="punct"/>
		<feat xlink:href="#sPointingRel1251" value="det"/>
		<feat xlink:href="#sPointingRel1253" value="case"/>
		<feat xlink:href="#sPointingRel1255" value="nsubj"/>
		<feat xlink:href="#sPointingRel1257" value="nmod"/>
		<feat xlink:href="#sPointingRel1259" value="case"/>
		<feat xlink:href="#sPointingRel1261" value="appos"/>
		<feat xlink:href="#sPointingRel1263" value="cc"/>
		<feat xlink:href="#sPointingRel1265" value="case"/>
		<feat xlink:href="#sPointingRel1267" value="case"/>
		<feat xlink:href="#sPointingRel1269" value="obj"/>
		<feat xlink:href="#sPointingRel1271" value="mark"/>
		<feat xlink:href="#sPointingRel1273" value="ccomp"/>
		<feat xlink:href="#sPointingRel1275" value="det"/>
		<feat xlink:href="#sPointingRel1277" value="punct"/>
		<feat xlink:href="#sPointingRel1279" value="punct"/>
		<feat xlink:href="#sPointingRel1281" value="obl"/>
		<feat xlink:href="#sPointingRel1283" value="nsubj"/>
		<feat xlink:href="#sPointingRel1285" value="punct"/>
		<feat xlink:href="#sPointingRel1287" value="obl"/>
		<feat xlink:href="#sPointingRel1289" value="nmod"/>
		<feat xlink:href="#sPointingRel1291" value="case"/>
		<feat xlink:href="#sPointingRel1293" value="nsubj"/>
		<feat xlink:href="#sPointingRel1295" value="obl"/>
		<feat xlink:href="#sPointingRel1297" value="advcl"/>
		<feat xlink:href="#sPointingRel1299" value="cc"/>
		<feat xlink:href="#sPointingRel1301" value="dislocated"/>
		<feat xlink:href="#sPointingRel1303" value="case"/>
		<feat xlink:href="#sPointingRel1305" value="case"/>
		<feat xlink:href="#sPointingRel1307" value="nsubj"/>
		<feat xlink:href="#sPointingRel1309" value="advmod"/>
		<feat xlink:href="#sPointingRel1311" value="obl"/>
		<feat xlink:href="#sPointingRel1313" value="nsubj"/>
		<feat xlink:href="#sPointingRel1315" value="det"/>
		<feat xlink:href="#sPointingRel1317" value="advcl"/>
		<feat xlink:href="#sPointingRel1319" value="case"/>
		<feat xlink:href="#sPointingRel1321" value="mark"/>
		<feat xlink:href="#sPointingRel1323" value="cc"/>
		<feat xlink:href="#sPointingRel1325" value="aux"/>
		<feat xlink:href="#sPointingRel1327" value="case"/>
		<feat xlink:href="#sPointingRel1329" value="parataxis"/>
		<feat xlink:href="#sPointingRel1331" value="advmod"/>
		<feat xlink:href="#sPointingRel1333" value="cc"/>
		<feat xlink:href="#sPointingRel1335" value="nmod"/>
		<feat xlink:href="#sPointingRel1337" value="cc"/>
		<feat xlink:href="#sPointingRel1339" value="mark"/>
		<feat xlink:href="#sPointingRel1341" value="mark"/>
		<feat xlink:href="#sPointingRel1343" value="case"/>
		<feat xlink:href="#sPointingRel1345" value="nsubj"/>
		<feat xlink:href="#sPointingRel1347" value="obl"/>
		<feat xlink:href="#sPointingRel1349" value="case"/>
		<feat xlink:href="#sPointingRel1351" value="det"/>
		<feat xlink:href="#sPointingRel1353" value="advcl"/>
		<feat xlink:href="#sPointingRel1355" value="punct"/>
		<feat xlink:href="#sPointingRel1357" value="obl"/>
		<feat xlink:href="#sPointingRel1359" value="mark"/>
		<feat xlink:href="#sPointingRel1361" value="det"/>
		<feat xlink:href="#sPointingRel1363" value="conj"/>
		<feat xlink:href="#sPointingRel1365" value="nsubj"/>
		<feat xlink:href="#sPointingRel1367" value="obj"/>
		<feat xlink:href="#sPointingRel1369" value="case"/>
		<feat xlink:href="#sPointingRel1371" value="parataxis"/>
		<feat xlink:href="#sPointingRel1373" value="nsubj"/>
		<feat xlink:href="#sPointingRel1375" value="nsubj"/>
		<feat xlink:href="#sPointingRel1377" value="conj"/>
		<feat xlink:href="#sPointingRel1379" value="nmod"/>
		<feat xlink:href="#sPointingRel1381" value="case"/>
		<feat xlink:href="#sPointingRel1383" value="obl"/>
		<feat xlink:href="#sPointingRel1385" value="mark"/>
		<feat xlink:href="#sPointingRel1387" value="case"/>
		<feat xlink:href="#sPointingRel1389" value="obj"/>
		<feat xlink:href="#sPointingRel1391" value="aux"/>
		<feat xlink:href="#sPointingRel1393" value="case"/>
		<feat xlink:href="#sPointingRel1395" value="det"/>
		<feat xlink:href="#sPointingRel1397" value="nsubj"/>
		<feat xlink:href="#sPointingRel1399" value="case"/>
		<feat xlink:href="#sPointingRel1401" value="cc"/>
		<feat xlink:href="#sPointingRel1403" value="mark"/>
		<feat xlink:href="#sPointingRel1405" value="det"/>
		<feat xlink:href="#sPointingRel1407" value="nsubj"/>
		<feat xlink:href="#sPointingRel1409" value="aux"/>
		<feat xlink:href="#sPointingRel1411" value="acl:relcl"/>
		<feat xlink:href="#sPointingRel1413" value="punct"/>
		<feat xlink:href="#sPointingRel1415" value="aux"/>
		<feat xlink:href="#sPointingRel1417" value="case"/>
		<feat xlink:href="#sPointingRel1419" value="obl"/>
		<feat xlink:href="#sPointingRel1421" value="obl"/>
		<feat xlink:href="#sPointingRel1423" value="fixed"/>
		<feat xlink:href="#sPointingRel1425" value="obl"/>
		<feat xlink:href="#sPointingRel1427" value="nsubj"/>
		<feat xlink:href="#sPointingRel1429" value="case"/>
		<feat xlink:href="#sPointingRel1431" value="det"/>
		<feat xlink:href="#sPointingRel1433" value="det"/>
		<feat xlink:href="#sPointingRel1435" value="aux"/>
		<feat xlink:href="#sPointingRel1437" value="det"/>
		<feat xlink:href="#sPointingRel1439" value="det"/>
		<feat xlink:href="#sPointingRel1441" value="det"/>
		<feat xlink:href="#sPointingRel1443" value="case"/>
		<feat xlink:href="#sPointingRel1445" value="cc"/>
		<feat xlink:href="#sPointingRel1447" value="det"/>
		<feat xlink:href="#sPointingRel1449" value="cc"/>
		<feat xlink:href="#sPointingRel1451" value="conj"/>
		<feat xlink:href="#sPointingRel1453" value="case"/>
		<feat xlink:href="#sPointingRel1455" value="nsubj"/>
		<feat xlink:href="#sPointingRel1457" value="case"/>
		<feat xlink:href="#sPointingRel1459" value="parataxis"/>
		<feat xlink:href="#sPointingRel1461" value="mark"/>
		<feat xlink:href="#sPointingRel1463" value="obl"/>
		<feat xlink:href="#sPointingRel1465" value="advmod"/>
		<feat xlink:href="#sPointingRel1467" value="nsubj"/>
		<feat xlink:href="#sPointingRel1469" value="advmod"/>
		<feat xlink:href="#sPointingRel1471" value="aux"/>
		<feat xlink:href="#sPointingRel1473" value="cc"/>
		<feat xlink:href="#sPointingRel1475" value="advmod"/>
		<feat xlink:href="#sPointingRel1477" value="aux"/>
		<feat xlink:href="#sPointingRel1479" value="conj"/>
		<feat xlink:href="#sPointingRel1481" value="acl:relcl"/>
		<feat xlink:href="#sPointingRel1483" value="conj"/>
		<feat xlink:href="#sPointingRel1485" value="det"/>
		<feat xlink:href="#sPointingRel1487" value="punct"/>
		<feat xlink:href="#sPointingRel1489" value="aux"/>
		<feat xlink:href="#sPointingRel1491" value="appos"/>
		<feat xlink:href="#sPointingRel1493" value="fixed"/>
		<feat xlink:href="#sPointingRel1495" value="obl"/>
		<feat xlink:href="#sPointingRel1497" value="det"/>
		<feat xlink:href="#sPointingRel1499" value="advmod"/>
		<feat xlink:href="#sPointingRel1501" value="obl"/>
		<feat xlink:href="#sPointingRel1503" value="nsubj"/>
		<feat xlink:href="#sPointingRel1505" value="nmod"/>
		<feat xlink:href="#sPointingRel1507" value="cc"/>
		<feat xlink:href="#sPointingRel1509" value="det"/>
		<feat xlink:href="#sPointingRel1511" value="nsubj"/>
		<feat xlink:href="#sPointingRel1513" value="advmod"/>
		<feat xlink:href="#sPointingRel1515" value="ccomp"/>
		<feat xlink:href="#sPointingRel1517" value="case"/>
		<feat xlink:href="#sPointingRel1519" value="nsubj"/>
		<feat xlink:href="#sPointingRel1521" value="det"/>
		<feat xlink:href="#sPointingRel1523" value="obl"/>
		<feat xlink:href="#sPointingRel1525" value="aux"/>
		<feat xlink:href="#sPointingRel1527" value="obj"/>
		<feat xlink:href="#sPointingRel1529" value="cc"/>
		<feat xlink:href="#sPointingRel1531" value="aux"/>
		<feat xlink:href="#sPointingRel1533" value="advmod"/>
		<feat xlink:href="#sPointingRel1535" value="det"/>
		<feat xlink:href="#sPointingRel1537" value="advcl"/>
		<feat xlink:href="#sPointingRel1539" value="obj"/>
		<feat xlink:href="#sPointingRel1541" value="nsubj"/>
		<feat xlink:href="#sPointingRel1543" value="case"/>
		<feat xlink:href="#sPointingRel1545" value="punct"/>
		<feat xlink:href="#sPointingRel1547" value="obl:npmod"/>
		<feat xlink:href="#sPointingRel1549" value="case"/>
		<feat xlink:href="#sPointingRel1551" value="case"/>
		<feat xlink:href="#sPointingRel1553" value="advcl"/>
		<feat xlink:href="#sPointingRel1555" value="obj"/>
		<feat xlink:href="#sPointingRel1557" value="nsubj"/>
		<feat xlink:href="#sPointingRel1559" value="case"/>
		<feat xlink:href="#sPointingRel1561" value="aux"/>
		<feat xlink:href="#sPointingRel1563" value="cc"/>
		<feat xlink:href="#sPointingRel1565" value="case"/>
		<feat xlink:href="#sPointingRel1567" value="nsubj"/>
		<feat xlink:href="#sPointingRel1569" value="cc"/>
		<feat xlink:href="#sPointingRel1571" value="ccomp"/>
		<feat xlink:href="#sPointingRel1573" value="cc"/>
		<feat xlink:href="#sPointingRel1575" value="nsubj"/>
		<feat xlink:href="#sPointingRel1577" value="nsubj"/>
		<feat xlink:href="#sPointingRel1579" value="cc"/>
		<feat xlink:href="#sPointingRel1581" value="advmod"/>
		<feat xlink:href="#sPointingRel1583" value="case"/>
		<feat xlink:href="#sPointingRel1585" value="advmod"/>
		<feat xlink:href="#sPointingRel1587" value="nsubj"/>
		<feat xlink:href="#sPointingRel1589" value="nsubj"/>
		<feat xlink:href="#sPointingRel1591" value="case"/>
		<feat xlink:href="#sPointingRel1593" value="nsubj"/>
		<feat xlink:href="#sPointingRel1595" value="det"/>
		<feat xlink:href="#sPointingRel1597" value="mark"/>
		<feat xlink:href="#sPointingRel1599" value="aux"/>
		<feat xlink:href="#sPointingRel1601" value="cc"/>
		<feat xlink:href="#sPointingRel1603" value="case"/>
		<feat xlink:href="#sPointingRel1605" value="nsubj"/>
		<feat xlink:href="#sPointingRel1607" value="case"/>
		<feat xlink:href="#sPointingRel1609" value="aux"/>
		<feat xlink:href="#sPointingRel1611" value="case"/>
		<feat xlink:href="#sPointingRel1613" value="obl"/>
		<feat xlink:href="#sPointingRel1615" value="case"/>
		<feat xlink:href="#sPointingRel1617" value="aux"/>
		<feat xlink:href="#sPointingRel1619" value="obl"/>
		<feat xlink:href="#sPointingRel1621" value="nsubj"/>
		<feat xlink:href="#sPointingRel1623" value="obj"/>
		<feat xlink:href="#sPointingRel1625" value="det"/>
		<feat xlink:href="#sPointingRel1627" value="nsubj"/>
		<feat xlink:href="#sPointingRel1629" value="mark"/>
		<feat xlink:href="#sPointingRel1631" value="nsubj"/>
		<feat xlink:href="#sPointingRel1633" value="conj"/>
		<feat xlink:href="#sPointingRel1635" value="nsubj"/>
		<feat xlink:href="#sPointingRel1637" value="nsubj"/>
		<feat xlink:href="#sPointingRel1639" value="case"/>
		<feat xlink:href="#sPointingRel1641" value="obl"/>
		<feat xlink:href="#sPointingRel1643" value="advmod"/>
		<feat xlink:href="#sPointingRel1645" value="dislocated"/>
		<feat xlink:href="#sPointingRel1647" value="det"/>
		<feat xlink:href="#sPointingRel1649" value="mark"/>
		<feat xlink:href="#sPointingRel1651" value="advmod"/>
		<feat xlink:href="#sPointingRel1653" value="det"/>
		<feat xlink:href="#sPointingRel1655" value="nsubj"/>
		<feat xlink:href="#sPointingRel1657" value="det"/>
		<feat xlink:href="#sPointingRel1659" value="nsubj"/>
		<feat xlink:href="#sPointingRel1661" value="obl"/>
		<feat xlink:href="#sPointingRel1663" value="nsubj"/>
		<feat xlink:href="#sPointingRel1665" value="mark"/>
		<feat xlink:href="#sPointingRel1667" value="case"/>
		<feat xlink:href="#sPointingRel1669" value="aux"/>
		<feat xlink:href="#sPointingRel1671" value="dislocated"/>
		<feat xlink:href="#sPointingRel1673" value="nmod"/>
		<feat xlink:href="#sPointingRel1675" value="nsubj"/>
		<feat xlink:href="#sPointingRel1677" value="det"/>
		<feat xlink:href="#sPointingRel1679" value="parataxis"/>
		<feat xlink:href="#sPointingRel1681" value="ccomp"/>
		<feat xlink:href="#sPointingRel1683" value="det"/>
		<feat xlink:href="#sPointingRel1685" value="mark"/>
		<feat xlink:href="#sPointingRel1687" value="aux"/>
		<feat xlink:href="#sPointingRel1689" value="cc"/>
		<feat xlink:href="#sPointingRel1691" value="dislocated"/>
		<feat xlink:href="#sPointingRel1693" value="nsubj"/>
		<feat xlink:href="#sPointingRel1695" value="nsubj"/>
		<feat xlink:href="#sPointingRel1697" value="case"/>
		<feat xlink:href="#sPointingRel1699" value="nmod"/>
		<feat xlink:href="#sPointingRel1701" value="obl"/>
		<feat xlink:href="#sPointingRel1703" value="appos"/>
		<feat xlink:href="#sPointingRel1705" value="advcl"/>
		<feat xlink:href="#sPointingRel1707" value="advcl"/>
		<feat xlink:href="#sPointingRel1709" value="obj"/>
		<feat xlink:href="#sPointingRel1711" value="det"/>
		<feat xlink:href="#sPointingRel1713" value="obl"/>
		<feat xlink:href="#sPointingRel1715" value="mark"/>
		<feat xlink:href="#sPointingRel1717" value="advcl"/>
		<feat xlink:href="#sPointingRel1719" value="conj"/>
		<feat xlink:href="#sPointingRel1721" value="nsubj"/>
		<feat xlink:href="#sPointingRel1723" value="nsubj"/>
		<feat xlink:href="#sPointingRel1725" value="case"/>
		<feat xlink:href="#sPointingRel1727" value="conj"/>
		<feat xlink:href="#sPointingRel1729" value="obj"/>
		<feat xlink:href="#sPointingRel1731" value="aux"/>
		<feat xlink:href="#sPointingRel1733" value="obj"/>
		<feat xlink:href="#sPointingRel1735" value="nsubj"/>
		<feat xlink:href="#sPointingRel1737" value="conj"/>
		<feat xlink:href="#sPointingRel1739" value="obl"/>
		<feat xlink:href="#sPointingRel1741" value="nsubj"/>
		<feat xlink:href="#sPointingRel1743" value="appos"/>
		<feat xlink:href="#sPointingRel1745" value="case"/>
		<feat xlink:href="#sPointingRel1747" value="nsubj"/>
		<feat xlink:href="#sPointingRel1749" value="nsubj"/>
		<feat xlink:href="#sPointingRel1751" value="ccomp"/>
		<feat xlink:href="#sPointingRel1753" value="aux"/>
		<feat xlink:href="#sPointingRel1755" value="obl"/>
		<feat xlink:href="#sPointingRel1757" value="xcomp"/>
		<feat xlink:href="#sPointingRel1759" value="case"/>
		<feat xlink:href="#sPointingRel1761" value="nmod"/>
		<feat xlink:href="#sPointingRel1763" value="case"/>
		<feat xlink:href="#sPointingRel1765" value="cc"/>
		<feat xlink:href="#sPointingRel1767" value="nsubj"/>
		<feat xlink:href="#sPointingRel1769" value="aux"/>
		<feat xlink:href="#sPointingRel1771" value="aux"/>
		<feat xlink:href="#sPointingRel1773" value="aux"/>
		<feat xlink:href="#sPointingRel1775" value="case"/>
		<feat xlink:href="#sPointingRel1777" value="ccomp"/>
		<feat xlink:href="#sPointingRel1779" value="case"/>
		<feat xlink:href="#sPointingRel1781" value="mark"/>
		<feat xlink:href="#sPointingRel1783" value="det"/>
		<feat xlink:href="#sPointingRel1785" value="obj"/>
		<feat xlink:href="#sPointingRel1787" value="advcl"/>
		<feat xlink:href="#sPointingRel1789" value="mark"/>
		<feat xlink:href="#sPointingRel1791" value="nsubj"/>
		<feat xlink:href="#sPointingRel1793" value="nsubj"/>
		<feat xlink:href="#sPointingRel1795" value="nsubj"/>
		<feat xlink:href="#sPointingRel1797" value="advcl"/>
		<feat xlink:href="#sPointingRel1799" value="det"/>
		<feat xlink:href="#sPointingRel1801" value="obl"/>
		<feat xlink:href="#sPointingRel1803" value="mark"/>
		<feat xlink:href="#sPointingRel1805" value="case"/>
		<feat xlink:href="#sPointingRel1807" value="acl:relcl"/>
		<feat xlink:href="#sPointingRel1809" value="nmod"/>
		<feat xlink:href="#sPointingRel1811" value="case"/>
		<feat xlink:href="#sPointingRel1813" value="nsubj"/>
		<feat xlink:href="#sPointingRel1815" value="case"/>
		<feat xlink:href="#sPointingRel1817" value="case"/>
		<feat xlink:href="#sPointingRel1819" value="det"/>
		<feat xlink:href="#sPointingRel1821" value="det"/>
		<feat xlink:href="#sPointingRel1823" value="advcl"/>
		<feat xlink:href="#sPointingRel1825" value="cc"/>
		<feat xlink:href="#sPointingRel1827" value="mark"/>
		<feat xlink:href="#sPointingRel1829" value="obl"/>
		<feat xlink:href="#sPointingRel1831" value="acl:relcl"/>
		<feat xlink:href="#sPointingRel1833" value="aux"/>
		<feat xlink:href="#sPointingRel1835" value="mark"/>
		<feat xlink:href="#sPointingRel1837" value="fixed"/>
		<feat xlink:href="#sPointingRel1839" value="obl"/>
		<feat xlink:href="#sPointingRel1841" value="case"/>
		<feat xlink:href="#sPointingRel1843" value="obl"/>
		<feat xlink:href="#sPointingRel1845" value="nmod"/>
		<feat xlink:href="#sPointingRel1847" value="mark"/>
		<feat xlink:href="#sPointingRel1849" value="obl"/>
		<feat xlink:href="#sPointingRel1851" value="case"/>
		<feat xlink:href="#sPointingRel1853" value="case"/>
		<feat xlink:href="#sPointingRel1855" value="advcl"/>
		<feat xlink:href="#sPointingRel1857" value="det"/>
		<feat xlink:href="#sPointingRel1859" value="case"/>
		<feat xlink:href="#sPointingRel1861" value="obl"/>
		<feat xlink:href="#sPointingRel1863" value="obl"/>
		<feat xlink:href="#sPointingRel1865" value="det"/>
		<feat xlink:href="#sPointingRel1867" value="det"/>
		<feat xlink:href="#sPointingRel1869" value="det"/>
		<feat xlink:href="#sPointingRel1871" value="obl"/>
		<feat xlink:href="#sPointingRel1873" value="nsubj"/>
		<feat xlink:href="#sPointingRel1875" value="nsubj"/>
		<feat xlink:href="#sPointingRel1877" value="det"/>
		<feat xlink:href="#sPointingRel1879" value="mark"/>
		<feat xlink:href="#sPointingRel1881" value="obl"/>
		<feat xlink:href="#sPointingRel1883" value="case"/>
		<feat xlink:href="#sPointingRel1885" value="nsubj"/>
		<feat xlink:href="#sPointingRel1887" value="nsubj"/>
		<feat xlink:href="#sPointingRel1889" value="aux"/>
		<feat xlink:href="#sPointingRel1891" value="advcl"/>
		<feat xlink:href="#sPointingRel1893" value="case"/>
		<feat xlink:href="#sPointingRel1895" value="acl:relcl"/>
		<feat xlink:href="#sPointingRel1897" value="cc"/>
		<feat xlink:href="#sPointingRel1899" value="obj"/>
		<feat xlink:href="#sPointingRel1901" value="case"/>
		<feat xlink:href="#sPointingRel1903" value="appos"/>
		<feat xlink:href="#sPointingRel1905" value="case"/>
		<feat xlink:href="#sPointingRel1907" value="conj"/>
		<feat xlink:href="#sPointingRel1909" value="aux"/>
		<feat xlink:href="#sPointingRel1911" value="advcl"/>
		<feat xlink:href="#sPointingRel1913" value="case"/>
		<feat xlink:href="#sPointingRel1915" value="det"/>
		<feat xlink:href="#sPointingRel1917" value="dislocated"/>
		<feat xlink:href="#sPointingRel1919" value="advmod"/>
		<feat xlink:href="#sPointingRel1921" value="parataxis"/>
		<feat xlink:href="#sPointingRel1923" value="case"/>
		<feat xlink:href="#sPointingRel1925" value="obl"/>
		<feat xlink:href="#sPointingRel1927" value="aux"/>
		<feat xlink:href="#sPointingRel1929" value="obl"/>
		<feat xlink:href="#sPointingRel1931" value="aux"/>
		<feat xlink:href="#sPointingRel1933" value="obj"/>
		<feat xlink:href="#sPointingRel1935" value="obl"/>
		<feat xlink:href="#sPointingRel1937" value="mark"/>
		<feat xlink:href="#sPointingRel1939" value="obl"/>
		<feat xlink:href="#sPointingRel1941" value="det"/>
		<feat xlink:href="#sPointingRel1943" value="det"/>
		<feat xlink:href="#sPointingRel1945" value="ccomp"/>
		<feat xlink:href="#sPointingRel1947" value="det"/>
		<feat xlink:href="#sPointingRel1949" value="case"/>
		<feat xlink:href="#sPointingRel1951" value="nmod"/>
		<feat xlink:href="#sPointingRel1953" value="nsubj"/>
		<feat xlink:href="#sPointingRel1955" value="nummod"/>
		<feat xlink:href="#sPointingRel1957" value="mark"/>
		<feat xlink:href="#sPointingRel1959" value="det"/>
		<feat xlink:href="#sPointingRel1961" value="advmod"/>
		<feat xlink:href="#sPointingRel1963" value="cc"/>
		<feat xlink:href="#sPointingRel1965" value="det"/>
		<feat xlink:href="#sPointingRel1967" value="mark"/>
		<feat xlink:href="#sPointingRel1969" value="obl"/>
		<feat xlink:href="#sPointingRel1971" value="parataxis"/>
		<feat xlink:href="#sPointingRel1973" value="cc"/>
		<feat xlink:href="#sPointingRel1975" value="case"/>
		<feat xlink:href="#sPointingRel1977" value="nsubj"/>
		<feat xlink:href="#sPointingRel1979" value="nsubj"/>
		<feat xlink:href="#sPointingRel1981" value="det"/>
		<feat xlink:href="#sPointingRel1983" value="case"/>
		<feat xlink:href="#sPointingRel1985" value="mark"/>
		<feat xlink:href="#sPointingRel1987" value="advmod"/>
		<feat xlink:href="#sPointingRel1989" value="det"/>
		<feat xlink:href="#sPointingRel1991" value="punct"/>
		<feat xlink:href="#sPointingRel1993" value="nsubj"/>
		<feat xlink:href="#sPointingRel1995" value="nsubj"/>
		<feat xlink:href="#sPointingRel1997" value="obl"/>
		<feat xlink:href="#sPointingRel1999" value="case"/>
		<feat xlink:href="#sPointingRel2001" value="obl"/>
		<feat xlink:href="#sPointingRel2003" value="nsubj"/>
		<feat xlink:href="#sPointingRel2005" value="fixed"/>
		<feat xlink:href="#sPointingRel2007" value="det"/>
		<feat xlink:href="#sPointingRel2009" value="nsubj"/>
		<feat xlink:href="#sPointingRel2011" value="det"/>
		<feat xlink:href="#sPointingRel2013" value="cc"/>
		<feat xlink:href="#sPointingRel2015" value="aux"/>
		<feat xlink:href="#sPointingRel2017" value="dislocated"/>
		<feat xlink:href="#sPointingRel2019" value="det"/>
		<feat xlink:href="#sPointingRel2021" value="det"/>
		<feat xlink:href="#sPointingRel2023" value="conj"/>
		<feat xlink:href="#sPointingRel2025" value="advcl"/>
		<feat xlink:href="#sPointingRel2027" value="nmod"/>
		<feat xlink:href="#sPointingRel2029" value="obl"/>
		<feat xlink:href="#sPointingRel2031" value="ccomp"/>
		<feat xlink:href="#sPointingRel2033" value="case"/>
		<feat xlink:href="#sPointingRel2035" value="case"/>
		<feat xlink:href="#sPointingRel2037" value="punct"/>
		<feat xlink:href="#sPointingRel2039" value="mark"/>
		<feat xlink:href="#sPointingRel2041" value="det"/>
		<feat xlink:href="#sPointingRel2043" value="advcl"/>
		<feat xlink:href="#sPointingRel2045" value="aux"/>
		<feat xlink:href="#sPointingRel2047" value="dislocated"/>
		<feat xlink:href="#sPointingRel2049" value="obl"/>
		<feat xlink:href="#sPointingRel2051" value="obj"/>
		<feat xlink:href="#sPointingRel2053" value="case"/>
		<feat xlink:href="#sPointingRel2055" value="case"/>
		<feat xlink:href="#sPointingRel2057" value="mark"/>
		<feat xlink:href="#sPointingRel2059" value="case"/>
		<feat xlink:href="#sPointingRel2061" value="acl:relcl"/>
		<feat xlink:href="#sPointingRel2063" value="nmod"/>
		<feat xlink:href="#sPointingRel2065" value="mark"/>
		<feat xlink:href="#sPointingRel2067" value="obl"/>
		<feat xlink:href="#sPointingRel2069" value="cc"/>
		<feat xlink:href="#sPointingRel2071" value="punct"/>
		<feat xlink:href="#sPointingRel2073" value="det"/>
		<feat xlink:href="#sPointingRel2075" value="advmod"/>
		<feat xlink:href="#sPointingRel2077" value="det"/>
		<feat xlink:href="#sPointingRel2079" value="case"/>
		<feat xlink:href="#sPointingRel2081" value="punct"/>
		<feat xlink:href="#sPointingRel2083" value="aux"/>
		<feat xlink:href="#sPointingRel2085" value="nsubj"/>
		<feat xlink:href="#sPointingRel2087" value="case"/>
		<feat xlink:href="#sPointingRel2089" value="case"/>
		<feat xlink:href="#sPointingRel2091" value="aux"/>
		<feat xlink:href="#sPointingRel2093" value="appos"/>
		<feat xlink:href="#sPointingRel2095" value="nmod"/>
		<feat xlink:href="#sPointingRel2097" value="nsubj"/>
		<feat xlink:href="#sPointingRel2099" value="nsubj"/>
		<feat xlink:href="#sPointingRel2101" value="nsubj"/>
		<feat xlink:href="#sPointingRel2103" value="cc"/>
		<feat xlink:href="#sPointingRel2105" value="obl"/>
		<feat xlink:href="#sPointingRel2107" value="nsubj"/>
		<feat xlink:href="#sPointingRel2109" value="nsubj"/>
		<feat xlink:href="#sPointingRel2111" value="nsubj"/>
		<feat xlink:href="#sPointingRel2113" value="aux"/>
		<feat xlink:href="#sPointingRel2115" value="det"/>
		<feat xlink:href="#sPointingRel2117" value="obj"/>
		<feat xlink:href="#sPointingRel2119" value="case"/>
		<feat xlink:href="#sPointingRel2121" value="det"/>
		<feat xlink:href="#sPointingRel2123" value="nsubj"/>
		<feat xlink:href="#sPointingRel2125" value="obj"/>
		<feat xlink:href="#sPointingRel2127" value="obl"/>
		<feat xlink:href="#sPointingRel2129" value="dislocated"/>
		<feat xlink:href="#sPointingRel2131" value="case"/>
		<feat xlink:href="#sPointingRel2133" value="case"/>
		<feat xlink:href="#sPointingRel2135" value="punct"/>
		<feat xlink:href="#sPointingRel2137" value="aux"/>
		<feat xlink:href="#sPointingRel2139" value="fixed"/>
		<feat xlink:href="#sPointingRel2141" value="case"/>
		<feat xlink:href="#sPointingRel2143" value="case"/>
		<feat xlink:href="#sPointingRel2145" value="nsubj"/>
		<feat xlink:href="#sPointingRel2147" value="nmod"/>
		<feat xlink:href="#sPointingRel2149" value="nmod"/>
		<feat xlink:href="#sPointingRel2151" value="aux"/>
		<feat xlink:href="#sPointingRel2153" value="case"/>
		<feat xlink:href="#sPointingRel2155" value="nsubj"/>
		<feat xlink:href="#sPointingRel2157" value="nsubj"/>
		<feat xlink:href="#sPointingRel2159" value="obj"/>
		<feat xlink:href="#sPointingRel2161" value="case"/>
		<feat xlink:href="#sPointingRel2163" value="obj"/>
		<feat xlink:href="#sPointingRel2165" value="obl"/>
		<feat xlink:href="#sPointingRel2167" value="det"/>
		<feat xlink:href="#sPointingRel2169" value="obl"/>
		<feat xlink:href="#sPointingRel2171" value="nmod"/>
		<feat xlink:href="#sPointingRel2173" value="obl"/>
		<feat xlink:href="#sPointingRel2175" value="cc"/>
		<feat xlink:href="#sPointingRel2177" value="nsubj"/>
		<feat xlink:href="#sPointingRel2179" value="nmod"/>
		<feat xlink:href="#sPointingRel2181" value="obl"/>
		<feat xlink:href="#sPointingRel2183" value="cc"/>
		<feat xlink:href="#sPointingRel2185" value="det"/>
		<feat xlink:href="#sPointingRel2187" value="obj"/>
		<feat xlink:href="#sPointingRel2189" value="nsubj"/>
		<feat xlink:href="#sPointingRel2191" value="nmod"/>
		<feat xlink:href="#sPointingRel2193" value="det"/>
		<feat xlink:href="#sPointingRel2195" value="obl"/>
		<feat xlink:href="#sPointingRel2197" value="case"/>
		<feat xlink:href="#sPointingRel2199" value="obl"/>
		<feat xlink:href="#sPointingRel2201" value="det"/>
		<feat xlink:href="#sPointingRel2203" value="advcl"/>
		<feat xlink:href="#sPointingRel2205" value="obj"/>
		<feat xlink:href="#sPointingRel2207" value="det"/>
		<feat xlink:href="#sPointingRel2209" value="mark"/>
		<feat xlink:href="#sPointingRel2211" value="mark"/>
		<feat xlink:href="#sPointingRel2213" value="obl"/>
		<feat xlink:href="#sPointingRel2215" value="obl"/>
		<feat xlink:href="#sPointingRel2217" value="det"/>
		<feat xlink:href="#sPointingRel2219" value="ccomp"/>
		<feat xlink:href="#sPointingRel2221" value="det"/>
		<feat xlink:href="#sPointingRel2223" value="case"/>
		<feat xlink:href="#sPointingRel2225" value="nmod"/>
		<feat xlink:href="#sPointingRel2227" value="cc"/>
		<feat xlink:href="#sPointingRel2229" value="dislocated"/>
		<feat xlink:href="#sPointingRel2231" value="aux"/>
		<feat xlink:href="#sPointingRel2233" value="det"/>
		<feat xlink:href="#sPointingRel2235" value="dislocated"/>
		<feat xlink:href="#sPointingRel2237" value="acl:relcl"/>
		<feat xlink:href="#sPointingRel2239" value="advmod"/>
		<feat xlink:href="#sPointingRel2241" value="advmod"/>
		<feat xlink:href="#sPointingRel2243" value="obl"/>
		<feat xlink:href="#sPointingRel2245" value="advcl"/>
		<feat xlink:href="#sPointingRel2247" value="cc"/>
		<feat xlink:href="#sPointingRel2249" value="obl"/>
		<feat xlink:href="#sPointingRel2251" value="advmod"/>
		<feat xlink:href="#sPointingRel2253" value="punct"/>
		<feat xlink:href="#sPointingRel2255" value="nsubj"/>
		<feat xlink:href="#sPointingRel2257" value="advcl"/>
		<feat xlink:href="#sPointingRel2259" value="nmod"/>
		<feat xlink:href="#sPointingRel2261" value="aux"/>
		<feat xlink:href="#sPointingRel2263" value="det"/>
		<feat xlink:href="#sPointingRel2265" value="cc"/>
		<feat xlink:href="#sPointingRel2267" value="obl"/>
		<feat xlink:href="#sPointingRel2269" value="case"/>
		<feat xlink:href="#sPointingRel2271" value="advmod"/>
		<feat xlink:href="#sPointingRel2273" value="case"/>
		<feat xlink:href="#sPointingRel2275" value="nmod"/>
		<feat xlink:href="#sPointingRel2277" value="advmod"/>
		<feat xlink:href="#sPointingRel2279" value="advcl"/>
		<feat xlink:href="#sPointingRel2281" value="obj"/>
		<feat xlink:href="#sPointingRel2283" value="aux"/>
		<feat xlink:href="#sPointingRel2285" value="conj"/>
		<feat xlink:href="#sPointingRel2287" value="mark"/>
		<feat xlink:href="#sPointingRel2289" value="aux"/>
		<feat xlink:href="#sPointingRel2291" value="conj"/>
		<feat xlink:href="#sPointingRel2293" value="case"/>
		<feat xlink:href="#sPointingRel2295" value="nsubj"/>
		<feat xlink:href="#sPointingRel2297" value="obl"/>
		<feat xlink:href="#sPointingRel2299" value="dislocated"/>
		<feat xlink:href="#sPointingRel2301" value="nsubj"/>
		<feat xlink:href="#sPointingRel2303" value="aux"/>
		<feat xlink:href="#sPointingRel2305" value="aux"/>
		<feat xlink:href="#sPointingRel2307" value="obl"/>
		<feat xlink:href="#sPointingRel2309" value="case"/>
		<feat xlink:href="#sPointingRel2311" value="obl"/>
		<feat xlink:href="#sPointingRel2313" value="case"/>
		<feat xlink:href="#sPointingRel2315" value="det"/>
		<feat xlink:href="#sPointingRel2317" value="obj"/>
		<feat xlink:href="#sPointingRel2319" value="aux"/>
		<feat xlink:href="#sPointingRel2321" value="nsubj"/>
		<feat xlink:href="#sPointingRel2323" value="nmod"/>
		<feat xlink:href="#sPointingRel2325" value="obj"/>
		<feat xlink:href="#sPointingRel2327" value="mark"/>
		<feat xlink:href="#sPointingRel2329" value="advcl"/>
		<feat xlink:href="#sPointingRel2331" value="obl:npmod"/>
		<feat xlink:href="#sPointingRel2333" value="det"/>
		<feat xlink:href="#sPointingRel2335" value="aux"/>
		<feat xlink:href="#sPointingRel2337" value="fixed"/>
		<feat xlink:href="#sPointingRel2339" value="cc"/>
		<feat xlink:href="#sPointingRel2341" value="case"/>
		<feat xlink:href="#sPointingRel2343" value="det"/>
		<feat xlink:href="#sPointingRel2345" value="obl"/>
		<feat xlink:href="#sPointingRel2347" value="advmod"/>
		<feat xlink:href="#sPointingRel2349" value="det"/>
		<feat xlink:href="#sPointingRel2351" value="nsubj"/>
		<feat xlink:href="#sPointingRel2353" value="acl:relcl"/>
		<feat xlink:href="#sPointingRel2355" value="dislocated"/></featList></paula>