<?xml version='1.0' encoding='UTF-8'?><!DOCTYPE paula SYSTEM "paula_rel.dtd">
<paula version="1.1">
	<header paula_id="scriptorium.Mark_01.head"/>
	<relList xmlns:xlink="http://www.w3.org/1999/xlink" type="head">
		<rel id="sPointingRel2357" xlink:href="scriptorium.Mark_01.mark.xml#sSpan1531" target="scriptorium.Mark_01.mark.xml#sSpan1529"/>
		<rel id="sPointingRel2359" xlink:href="scriptorium.Mark_01.mark.xml#sSpan31" target="scriptorium.Mark_01.mark.xml#sSpan29"/>
		<rel id="sPointingRel2361" xlink:href="scriptorium.Mark_01.mark.xml#sSpan2040" target="scriptorium.Mark_01.mark.xml#sSpan2041"/>
		<rel id="sPointingRel2363" xlink:href="scriptorium.Mark_01.mark.xml#sSpan630" target="scriptorium.Mark_01.mark.xml#sSpan632"/>
		<rel id="sPointingRel2365" xlink:href="scriptorium.Mark_01.mark.xml#sSpan3850" target="scriptorium.Mark_01.mark.xml#sSpan3851"/>
		<rel id="sPointingRel2367" xlink:href="scriptorium.Mark_01.mark.xml#sSpan1681" target="scriptorium.Mark_01.mark.xml#sSpan1679"/>
		<rel id="sPointingRel2369" xlink:href="scriptorium.Mark_01.mark.xml#sSpan3622" target="scriptorium.Mark_01.mark.xml#sSpan3620"/>
		<rel id="sPointingRel2371" xlink:href="scriptorium.Mark_01.mark.xml#sSpan905" target="scriptorium.Mark_01.mark.xml#sSpan906"/>
		<rel id="sPointingRel2373" xlink:href="scriptorium.Mark_01.mark.xml#sSpan513" target="scriptorium.Mark_01.mark.xml#sSpan511"/>
		<rel id="sPointingRel2375" xlink:href="scriptorium.Mark_01.mark.xml#sSpan2657" target="scriptorium.Mark_01.mark.xml#sSpan2655"/>
		<rel id="sPointingRel2377" xlink:href="scriptorium.Mark_01.mark.xml#sSpan3527" target="scriptorium.Mark_01.mark.xml#sSpan3528"/>
		<rel id="sPointingRel2379" xlink:href="scriptorium.Mark_01.mark.xml#sSpan2706" target="scriptorium.Mark_01.mark.xml#sSpan2704"/>
		<rel id="sPointingRel2381" xlink:href="scriptorium.Mark_01.mark.xml#sSpan1272" target="scriptorium.Mark_01.mark.xml#sSpan1274"/>
		<rel id="sPointingRel2383" xlink:href="scriptorium.Mark_01.mark.xml#sSpan2049" target="scriptorium.Mark_01.mark.xml#sSpan2051"/>
		<rel id="sPointingRel2385" xlink:href="scriptorium.Mark_01.mark.xml#sSpan824" target="scriptorium.Mark_01.mark.xml#sSpan822"/>
		<rel id="sPointingRel2387" xlink:href="scriptorium.Mark_01.mark.xml#sSpan4014" target="scriptorium.Mark_01.mark.xml#sSpan4016"/>
		<rel id="sPointingRel2389" xlink:href="scriptorium.Mark_01.mark.xml#sSpan1291" target="scriptorium.Mark_01.mark.xml#sSpan1293"/>
		<rel id="sPointingRel2391" xlink:href="scriptorium.Mark_01.mark.xml#sSpan2198" target="scriptorium.Mark_01.mark.xml#sSpan2199"/>
		<rel id="sPointingRel2393" xlink:href="scriptorium.Mark_01.mark.xml#sSpan3247" target="scriptorium.Mark_01.mark.xml#sSpan3245"/>
		<rel id="sPointingRel2395" xlink:href="scriptorium.Mark_01.mark.xml#sSpan377" target="scriptorium.Mark_01.mark.xml#sSpan379"/>
		<rel id="sPointingRel2397" xlink:href="scriptorium.Mark_01.mark.xml#sSpan1301" target="scriptorium.Mark_01.mark.xml#sSpan1302"/>
		<rel id="sPointingRel2399" xlink:href="scriptorium.Mark_01.mark.xml#sSpan2681" target="scriptorium.Mark_01.mark.xml#sSpan2679"/>
		<rel id="sPointingRel2401" xlink:href="scriptorium.Mark_01.mark.xml#sSpan1805" target="scriptorium.Mark_01.mark.xml#sSpan1806"/>
		<rel id="sPointingRel2403" xlink:href="scriptorium.Mark_01.mark.xml#sSpan1265" target="scriptorium.Mark_01.mark.xml#sSpan1263"/>
		<rel id="sPointingRel2405" xlink:href="scriptorium.Mark_01.mark.xml#sSpan1040" target="scriptorium.Mark_01.mark.xml#sSpan1041"/>
		<rel id="sPointingRel2407" xlink:href="scriptorium.Mark_01.mark.xml#sSpan999" target="scriptorium.Mark_01.mark.xml#sSpan1002"/>
		<rel id="sPointingRel2409" xlink:href="scriptorium.Mark_01.mark.xml#sSpan2527" target="scriptorium.Mark_01.mark.xml#sSpan2528"/>
		<rel id="sPointingRel2411" xlink:href="scriptorium.Mark_01.mark.xml#sSpan2665" target="scriptorium.Mark_01.mark.xml#sSpan2663"/>
		<rel id="sPointingRel2413" xlink:href="scriptorium.Mark_01.mark.xml#sSpan2826" target="scriptorium.Mark_01.mark.xml#sSpan2829"/>
		<rel id="sPointingRel2415" xlink:href="scriptorium.Mark_01.mark.xml#sSpan3406" target="scriptorium.Mark_01.mark.xml#sSpan3407"/>
		<rel id="sPointingRel2417" xlink:href="scriptorium.Mark_01.mark.xml#sSpan2866" target="scriptorium.Mark_01.mark.xml#sSpan2864"/>
		<rel id="sPointingRel2419" xlink:href="scriptorium.Mark_01.mark.xml#sSpan2817" target="scriptorium.Mark_01.mark.xml#sSpan2818"/>
		<rel id="sPointingRel2421" xlink:href="scriptorium.Mark_01.mark.xml#sSpan1086" target="scriptorium.Mark_01.mark.xml#sSpan1090"/>
		<rel id="sPointingRel2423" xlink:href="scriptorium.Mark_01.mark.xml#sSpan1424" target="scriptorium.Mark_01.mark.xml#sSpan1426"/>
		<rel id="sPointingRel2425" xlink:href="scriptorium.Mark_01.mark.xml#sSpan450" target="scriptorium.Mark_01.mark.xml#sSpan451"/>
		<rel id="sPointingRel2427" xlink:href="scriptorium.Mark_01.mark.xml#sSpan1889" target="scriptorium.Mark_01.mark.xml#sSpan1891"/>
		<rel id="sPointingRel2429" xlink:href="scriptorium.Mark_01.mark.xml#sSpan3240" target="scriptorium.Mark_01.mark.xml#sSpan3238"/>
		<rel id="sPointingRel2431" xlink:href="scriptorium.Mark_01.mark.xml#sSpan271" target="scriptorium.Mark_01.mark.xml#sSpan272"/>
		<rel id="sPointingRel2433" xlink:href="scriptorium.Mark_01.mark.xml#sSpan3062" target="scriptorium.Mark_01.mark.xml#sSpan3063"/>
		<rel id="sPointingRel2435" xlink:href="scriptorium.Mark_01.mark.xml#sSpan4077" target="scriptorium.Mark_01.mark.xml#sSpan4075"/>
		<rel id="sPointingRel2437" xlink:href="scriptorium.Mark_01.mark.xml#sSpan748" target="scriptorium.Mark_01.mark.xml#sSpan750"/>
		<rel id="sPointingRel2439" xlink:href="scriptorium.Mark_01.mark.xml#sSpan1747" target="scriptorium.Mark_01.mark.xml#sSpan1748"/>
		<rel id="sPointingRel2441" xlink:href="scriptorium.Mark_01.mark.xml#sSpan321" target="scriptorium.Mark_01.mark.xml#sSpan322"/>
		<rel id="sPointingRel2443" xlink:href="scriptorium.Mark_01.mark.xml#sSpan307" target="scriptorium.Mark_01.mark.xml#sSpan308"/>
		<rel id="sPointingRel2445" xlink:href="scriptorium.Mark_01.mark.xml#sSpan2451" target="scriptorium.Mark_01.mark.xml#sSpan2452"/>
		<rel id="sPointingRel2447" xlink:href="scriptorium.Mark_01.mark.xml#sSpan1937" target="scriptorium.Mark_01.mark.xml#sSpan1938"/>
		<rel id="sPointingRel2449" xlink:href="scriptorium.Mark_01.mark.xml#sSpan1443" target="scriptorium.Mark_01.mark.xml#sSpan1441"/>
		<rel id="sPointingRel2451" xlink:href="scriptorium.Mark_01.mark.xml#sSpan1158" target="scriptorium.Mark_01.mark.xml#sSpan1160"/>
		<rel id="sPointingRel2453" xlink:href="scriptorium.Mark_01.mark.xml#sSpan1870" target="scriptorium.Mark_01.mark.xml#sSpan1868"/>
		<rel id="sPointingRel2455" xlink:href="scriptorium.Mark_01.mark.xml#sSpan1451" target="scriptorium.Mark_01.mark.xml#sSpan1449"/>
		<rel id="sPointingRel2457" xlink:href="scriptorium.Mark_01.mark.xml#sSpan867" target="scriptorium.Mark_01.mark.xml#sSpan865"/>
		<rel id="sPointingRel2459" xlink:href="scriptorium.Mark_01.mark.xml#sSpan197" target="scriptorium.Mark_01.mark.xml#sSpan198"/>
		<rel id="sPointingRel2461" xlink:href="scriptorium.Mark_01.mark.xml#sSpan2897" target="scriptorium.Mark_01.mark.xml#sSpan2898"/>
		<rel id="sPointingRel2463" xlink:href="scriptorium.Mark_01.mark.xml#sSpan3173" target="scriptorium.Mark_01.mark.xml#sSpan3174"/>
		<rel id="sPointingRel2465" xlink:href="scriptorium.Mark_01.mark.xml#sSpan1989" target="scriptorium.Mark_01.mark.xml#sSpan1991"/>
		<rel id="sPointingRel2467" xlink:href="scriptorium.Mark_01.mark.xml#sSpan1145" target="scriptorium.Mark_01.mark.xml#sSpan1150"/>
		<rel id="sPointingRel2469" xlink:href="scriptorium.Mark_01.mark.xml#sSpan3446" target="scriptorium.Mark_01.mark.xml#sSpan3448"/>
		<rel id="sPointingRel2471" xlink:href="scriptorium.Mark_01.mark.xml#sSpan2342" target="scriptorium.Mark_01.mark.xml#sSpan2349"/>
		<rel id="sPointingRel2473" xlink:href="scriptorium.Mark_01.mark.xml#sSpan787" target="scriptorium.Mark_01.mark.xml#sSpan788"/>
		<rel id="sPointingRel2475" xlink:href="scriptorium.Mark_01.mark.xml#sSpan300" target="scriptorium.Mark_01.mark.xml#sSpan298"/>
		<rel id="sPointingRel2477" xlink:href="scriptorium.Mark_01.mark.xml#sSpan3099" target="scriptorium.Mark_01.mark.xml#sSpan3101"/>
		<rel id="sPointingRel2479" xlink:href="scriptorium.Mark_01.mark.xml#sSpan2993" target="scriptorium.Mark_01.mark.xml#sSpan2994"/>
		<rel id="sPointingRel2481" xlink:href="scriptorium.Mark_01.mark.xml#sSpan2624" target="scriptorium.Mark_01.mark.xml#sSpan2626"/>
		<rel id="sPointingRel2483" xlink:href="scriptorium.Mark_01.mark.xml#sSpan361" target="scriptorium.Mark_01.mark.xml#sSpan363"/>
		<rel id="sPointingRel2485" xlink:href="scriptorium.Mark_01.mark.xml#sSpan2007" target="scriptorium.Mark_01.mark.xml#sSpan2009"/>
		<rel id="sPointingRel2487" xlink:href="scriptorium.Mark_01.mark.xml#sSpan1187" target="scriptorium.Mark_01.mark.xml#sSpan1189"/>
		<rel id="sPointingRel2489" xlink:href="scriptorium.Mark_01.mark.xml#sSpan1465" target="scriptorium.Mark_01.mark.xml#sSpan1463"/>
		<rel id="sPointingRel2491" xlink:href="scriptorium.Mark_01.mark.xml#sSpan1349" target="scriptorium.Mark_01.mark.xml#sSpan1351"/>
		<rel id="sPointingRel2493" xlink:href="scriptorium.Mark_01.mark.xml#sSpan1249" target="scriptorium.Mark_01.mark.xml#sSpan1247"/>
		<rel id="sPointingRel2495" xlink:href="scriptorium.Mark_01.mark.xml#sSpan3880" target="scriptorium.Mark_01.mark.xml#sSpan3878"/>
		<rel id="sPointingRel2497" xlink:href="scriptorium.Mark_01.mark.xml#sSpan116" target="scriptorium.Mark_01.mark.xml#sSpan118"/>
		<rel id="sPointingRel2499" xlink:href="scriptorium.Mark_01.mark.xml#sSpan5" target="scriptorium.Mark_01.mark.xml#sSpan12"/>
		<rel id="sPointingRel2501" xlink:href="scriptorium.Mark_01.mark.xml#sSpan2442" target="scriptorium.Mark_01.mark.xml#sSpan2440"/>
		<rel id="sPointingRel2503" xlink:href="scriptorium.Mark_01.mark.xml#sSpan20" target="scriptorium.Mark_01.mark.xml#sSpan22"/>
		<rel id="sPointingRel2505" xlink:href="scriptorium.Mark_01.mark.xml#sSpan219" target="scriptorium.Mark_01.mark.xml#sSpan222"/>
		<rel id="sPointingRel2507" xlink:href="scriptorium.Mark_01.mark.xml#sSpan3871" target="scriptorium.Mark_01.mark.xml#sSpan3872"/>
		<rel id="sPointingRel2509" xlink:href="scriptorium.Mark_01.mark.xml#sSpan1814" target="scriptorium.Mark_01.mark.xml#sSpan1812"/>
		<rel id="sPointingRel2511" xlink:href="scriptorium.Mark_01.mark.xml#sSpan611" target="scriptorium.Mark_01.mark.xml#sSpan609"/>
		<rel id="sPointingRel2513" xlink:href="scriptorium.Mark_01.mark.xml#sSpan1791" target="scriptorium.Mark_01.mark.xml#sSpan1795"/>
		<rel id="sPointingRel2515" xlink:href="scriptorium.Mark_01.mark.xml#sSpan3979" target="scriptorium.Mark_01.mark.xml#sSpan3980"/>
		<rel id="sPointingRel2517" xlink:href="scriptorium.Mark_01.mark.xml#sSpan3456" target="scriptorium.Mark_01.mark.xml#sSpan3458"/>
		<rel id="sPointingRel2519" xlink:href="scriptorium.Mark_01.mark.xml#sSpan811" target="scriptorium.Mark_01.mark.xml#sSpan809"/>
		<rel id="sPointingRel2521" xlink:href="scriptorium.Mark_01.mark.xml#sSpan2969" target="scriptorium.Mark_01.mark.xml#sSpan2971"/>
		<rel id="sPointingRel2523" xlink:href="scriptorium.Mark_01.mark.xml#sSpan661" target="scriptorium.Mark_01.mark.xml#sSpan662"/>
		<rel id="sPointingRel2525" xlink:href="scriptorium.Mark_01.mark.xml#sSpan670" target="scriptorium.Mark_01.mark.xml#sSpan671"/>
		<rel id="sPointingRel2527" xlink:href="scriptorium.Mark_01.mark.xml#sSpan3820" target="scriptorium.Mark_01.mark.xml#sSpan3818"/>
		<rel id="sPointingRel2529" xlink:href="scriptorium.Mark_01.mark.xml#sSpan3196" target="scriptorium.Mark_01.mark.xml#sSpan3197"/>
		<rel id="sPointingRel2531" xlink:href="scriptorium.Mark_01.mark.xml#sSpan1383" target="scriptorium.Mark_01.mark.xml#sSpan1385"/>
		<rel id="sPointingRel2533" xlink:href="scriptorium.Mark_01.mark.xml#sSpan1023" target="scriptorium.Mark_01.mark.xml#sSpan1024"/>
		<rel id="sPointingRel2535" xlink:href="scriptorium.Mark_01.mark.xml#sSpan1703" target="scriptorium.Mark_01.mark.xml#sSpan1701"/>
		<rel id="sPointingRel2537" xlink:href="scriptorium.Mark_01.mark.xml#sSpan253" target="scriptorium.Mark_01.mark.xml#sSpan251"/>
		<rel id="sPointingRel2539" xlink:href="scriptorium.Mark_01.mark.xml#sSpan2187" target="scriptorium.Mark_01.mark.xml#sSpan2185"/>
		<rel id="sPointingRel2541" xlink:href="scriptorium.Mark_01.mark.xml#sSpan469" target="scriptorium.Mark_01.mark.xml#sSpan467"/>
		<rel id="sPointingRel2543" xlink:href="scriptorium.Mark_01.mark.xml#sSpan89" target="scriptorium.Mark_01.mark.xml#sSpan87"/>
		<rel id="sPointingRel2545" xlink:href="scriptorium.Mark_01.mark.xml#sSpan985" target="scriptorium.Mark_01.mark.xml#sSpan986"/>
		<rel id="sPointingRel2547" xlink:href="scriptorium.Mark_01.mark.xml#sSpan506" target="scriptorium.Mark_01.mark.xml#sSpan504"/>
		<rel id="sPointingRel2549" xlink:href="scriptorium.Mark_01.mark.xml#sSpan1414" target="scriptorium.Mark_01.mark.xml#sSpan1416"/>
		<rel id="sPointingRel2551" xlink:href="scriptorium.Mark_01.mark.xml#sSpan922" target="scriptorium.Mark_01.mark.xml#sSpan923"/>
		<rel id="sPointingRel2553" xlink:href="scriptorium.Mark_01.mark.xml#sSpan831" target="scriptorium.Mark_01.mark.xml#sSpan833"/>
		<rel id="sPointingRel2555" xlink:href="scriptorium.Mark_01.mark.xml#sSpan1492" target="scriptorium.Mark_01.mark.xml#sSpan1493"/>
		<rel id="sPointingRel2557" xlink:href="scriptorium.Mark_01.mark.xml#sSpan425" target="scriptorium.Mark_01.mark.xml#sSpan427"/>
		<rel id="sPointingRel2559" xlink:href="scriptorium.Mark_01.mark.xml#sSpan942" target="scriptorium.Mark_01.mark.xml#sSpan946"/>
		<rel id="sPointingRel2561" xlink:href="scriptorium.Mark_01.mark.xml#sSpan1360" target="scriptorium.Mark_01.mark.xml#sSpan1361"/>
		<rel id="sPointingRel2563" xlink:href="scriptorium.Mark_01.mark.xml#sSpan1057" target="scriptorium.Mark_01.mark.xml#sSpan1058"/>
		<rel id="sPointingRel2565" xlink:href="scriptorium.Mark_01.mark.xml#sSpan2293" target="scriptorium.Mark_01.mark.xml#sSpan2295"/>
		<rel id="sPointingRel2567" xlink:href="scriptorium.Mark_01.mark.xml#sSpan155" target="scriptorium.Mark_01.mark.xml#sSpan160"/>
		<rel id="sPointingRel2569" xlink:href="scriptorium.Mark_01.mark.xml#sSpan2316" target="scriptorium.Mark_01.mark.xml#sSpan2317"/>
		<rel id="sPointingRel2571" xlink:href="scriptorium.Mark_01.mark.xml#sSpan55" target="scriptorium.Mark_01.mark.xml#sSpan56"/>
		<rel id="sPointingRel2573" xlink:href="scriptorium.Mark_01.mark.xml#sSpan1655" target="scriptorium.Mark_01.mark.xml#sSpan1656"/>
		<rel id="sPointingRel2575" xlink:href="scriptorium.Mark_01.mark.xml#sSpan548" target="scriptorium.Mark_01.mark.xml#sSpan546"/>
		<rel id="sPointingRel2577" xlink:href="scriptorium.Mark_01.mark.xml#sSpan142" target="scriptorium.Mark_01.mark.xml#sSpan145"/>
		<rel id="sPointingRel2579" xlink:href="scriptorium.Mark_01.mark.xml#sSpan289" target="scriptorium.Mark_01.mark.xml#sSpan291"/>
		<rel id="sPointingRel2581" xlink:href="scriptorium.Mark_01.mark.xml#sSpan3907" target="scriptorium.Mark_01.mark.xml#sSpan3909"/>
		<rel id="sPointingRel2583" xlink:href="scriptorium.Mark_01.mark.xml#sSpan2216" target="scriptorium.Mark_01.mark.xml#sSpan2214"/>
		<rel id="sPointingRel2585" xlink:href="scriptorium.Mark_01.mark.xml#sSpan2686" target="scriptorium.Mark_01.mark.xml#sSpan2692"/>
		<rel id="sPointingRel2587" xlink:href="scriptorium.Mark_01.mark.xml#sSpan1112" target="scriptorium.Mark_01.mark.xml#sSpan1114"/>
		<rel id="sPointingRel2589" xlink:href="scriptorium.Mark_01.mark.xml#sSpan1570" target="scriptorium.Mark_01.mark.xml#sSpan1568"/>
		<rel id="sPointingRel2591" xlink:href="scriptorium.Mark_01.mark.xml#sSpan478" target="scriptorium.Mark_01.mark.xml#sSpan479"/>
		<rel id="sPointingRel2593" xlink:href="scriptorium.Mark_01.mark.xml#sSpan2673" target="scriptorium.Mark_01.mark.xml#sSpan2671"/>
		<rel id="sPointingRel2595" xlink:href="scriptorium.Mark_01.mark.xml#sSpan1612" target="scriptorium.Mark_01.mark.xml#sSpan1613"/>
		<rel id="sPointingRel2597" xlink:href="scriptorium.Mark_01.mark.xml#sSpan387" target="scriptorium.Mark_01.mark.xml#sSpan385"/>
		<rel id="sPointingRel2599" xlink:href="scriptorium.Mark_01.mark.xml#sSpan487" target="scriptorium.Mark_01.mark.xml#sSpan485"/>
		<rel id="sPointingRel2601" xlink:href="scriptorium.Mark_01.mark.xml#sSpan4039" target="scriptorium.Mark_01.mark.xml#sSpan4040"/>
		<rel id="sPointingRel2603" xlink:href="scriptorium.Mark_01.mark.xml#sSpan2926" target="scriptorium.Mark_01.mark.xml#sSpan2924"/>
		<rel id="sPointingRel2605" xlink:href="scriptorium.Mark_01.mark.xml#sSpan1482" target="scriptorium.Mark_01.mark.xml#sSpan1484"/>
		<rel id="sPointingRel2607" xlink:href="scriptorium.Mark_01.mark.xml#sSpan2647" target="scriptorium.Mark_01.mark.xml#sSpan2648"/>
		<rel id="sPointingRel2609" xlink:href="scriptorium.Mark_01.mark.xml#sSpan2256" target="scriptorium.Mark_01.mark.xml#sSpan2254"/>
		<rel id="sPointingRel2611" xlink:href="scriptorium.Mark_01.mark.xml#sSpan709" target="scriptorium.Mark_01.mark.xml#sSpan710"/>
		<rel id="sPointingRel2613" xlink:href="scriptorium.Mark_01.mark.xml#sSpan3345" target="scriptorium.Mark_01.mark.xml#sSpan3348"/>
		<rel id="sPointingRel2615" xlink:href="scriptorium.Mark_01.mark.xml#sSpan3888" target="scriptorium.Mark_01.mark.xml#sSpan3886"/>
		<rel id="sPointingRel2617" xlink:href="scriptorium.Mark_01.mark.xml#sSpan206" target="scriptorium.Mark_01.mark.xml#sSpan207"/>
		<rel id="sPointingRel2619" xlink:href="scriptorium.Mark_01.mark.xml#sSpan1730" target="scriptorium.Mark_01.mark.xml#sSpan1731"/>
		<rel id="sPointingRel2621" xlink:href="scriptorium.Mark_01.mark.xml#sSpan3336" target="scriptorium.Mark_01.mark.xml#sSpan3337"/>
		<rel id="sPointingRel2623" xlink:href="scriptorium.Mark_01.mark.xml#sSpan1909" target="scriptorium.Mark_01.mark.xml#sSpan1911"/>
		<rel id="sPointingRel2625" xlink:href="scriptorium.Mark_01.mark.xml#sSpan541" target="scriptorium.Mark_01.mark.xml#sSpan539"/>
		<rel id="sPointingRel2627" xlink:href="scriptorium.Mark_01.mark.xml#sSpan2579" target="scriptorium.Mark_01.mark.xml#sSpan2581"/>
		<rel id="sPointingRel2629" xlink:href="scriptorium.Mark_01.mark.xml#sSpan2473" target="scriptorium.Mark_01.mark.xml#sSpan2477"/>
		<rel id="sPointingRel2631" xlink:href="scriptorium.Mark_01.mark.xml#sSpan2134" target="scriptorium.Mark_01.mark.xml#sSpan2130"/>
		<rel id="sPointingRel2633" xlink:href="scriptorium.Mark_01.mark.xml#sSpan1316" target="scriptorium.Mark_01.mark.xml#sSpan1317"/>
		<rel id="sPointingRel2635" xlink:href="scriptorium.Mark_01.mark.xml#sSpan183" target="scriptorium.Mark_01.mark.xml#sSpan185"/>
		<rel id="sPointingRel2637" xlink:href="scriptorium.Mark_01.mark.xml#sSpan3029" target="scriptorium.Mark_01.mark.xml#sSpan3030"/>
		<rel id="sPointingRel2639" xlink:href="scriptorium.Mark_01.mark.xml#sSpan524" target="scriptorium.Mark_01.mark.xml#sSpan525"/>
		<rel id="sPointingRel2641" xlink:href="scriptorium.Mark_01.mark.xml#sSpan2553" target="scriptorium.Mark_01.mark.xml#sSpan2551"/>
		<rel id="sPointingRel2643" xlink:href="scriptorium.Mark_01.mark.xml#sSpan2778" target="scriptorium.Mark_01.mark.xml#sSpan2779"/>
		<rel id="sPointingRel2645" xlink:href="scriptorium.Mark_01.mark.xml#sSpan1135" target="scriptorium.Mark_01.mark.xml#sSpan1137"/>
		<rel id="sPointingRel2647" xlink:href="scriptorium.Mark_01.mark.xml#sSpan3002" target="scriptorium.Mark_01.mark.xml#sSpan3003"/>
		<rel id="sPointingRel2649" xlink:href="scriptorium.Mark_01.mark.xml#sSpan1201" target="scriptorium.Mark_01.mark.xml#sSpan1205"/>
		<rel id="sPointingRel2651" xlink:href="scriptorium.Mark_01.mark.xml#sSpan2564" target="scriptorium.Mark_01.mark.xml#sSpan2565"/>
		<rel id="sPointingRel2653" xlink:href="scriptorium.Mark_01.mark.xml#sSpan856" target="scriptorium.Mark_01.mark.xml#sSpan858"/>
		<rel id="sPointingRel2655" xlink:href="scriptorium.Mark_01.mark.xml#sSpan1695" target="scriptorium.Mark_01.mark.xml#sSpan1693"/>
		<rel id="sPointingRel2657" xlink:href="scriptorium.Mark_01.mark.xml#sSpan3706" target="scriptorium.Mark_01.mark.xml#sSpan3707"/>
		<rel id="sPointingRel2659" xlink:href="scriptorium.Mark_01.mark.xml#sSpan2061" target="scriptorium.Mark_01.mark.xml#sSpan2063"/>
		<rel id="sPointingRel2661" xlink:href="scriptorium.Mark_01.mark.xml#sSpan390" target="scriptorium.Mark_01.mark.xml#sSpan394"/>
		<rel id="sPointingRel2663" xlink:href="scriptorium.Mark_01.mark.xml#sSpan3472" target="scriptorium.Mark_01.mark.xml#sSpan3478"/></relList></paula>