<?xml version='1.0' encoding='UTF-8'?><!DOCTYPE paula SYSTEM "paula_feat.dtd">
<paula version="1.1">
	<header paula_id="scriptorium.Mark_01.mark_text"/>
	<featList xmlns:xlink="http://www.w3.org/1999/xlink" type="text" xml:base="scriptorium.Mark_01.mark.xml">
		<feat xlink:href="#sSpan5" value="ⲧ ⲁⲣⲭⲏ ⲙ ⲡ ⲉⲩⲁⲅⲅⲉⲗⲓⲟⲛ ⲛ ⲓⲏⲥⲟⲩⲥ ⲡⲉ ⲭⲣⲓⲥⲧⲟⲥ [ ⲡ ϣⲏⲣⲉ ⲙ ⲡ ⲛⲟⲩⲧⲉ ]"/>
		<feat xlink:href="#sSpan20" value="ⲡ ⲉⲩⲁⲅⲅⲉⲗⲓⲟⲛ ⲛ ⲓⲏⲥⲟⲩⲥ ⲡⲉ ⲭⲣⲓⲥⲧⲟⲥ [ ⲡ ϣⲏⲣⲉ ⲙ ⲡ ⲛⲟⲩⲧⲉ ]"/>
		<feat xlink:href="#sSpan31" value="ⲓⲏⲥⲟⲩⲥ ⲡⲉ ⲭⲣⲓⲥⲧⲟⲥ [ ⲡ ϣⲏⲣⲉ ⲙ ⲡ ⲛⲟⲩⲧⲉ ]"/>
		<feat xlink:href="#sSpan55" value="ⲡ ⲛⲟⲩⲧⲉ"/>
		<feat xlink:href="#sSpan89" value="ⲏⲥⲁⲓⲁⲥ ⲡⲉ ⲡⲣⲟⲫⲏⲧⲏⲥ"/>
		<feat xlink:href="#sSpan116" value="ⲡⲁ ⲁⲅⲅⲉⲗⲟⲥ"/>
		<feat xlink:href="#sSpan142" value="ⲧⲉⲕ ϩⲓⲏ"/>
		<feat xlink:href="#sSpan155" value="ⲡⲉ ϩⲣⲟⲟⲩ ⲙ ⲡ ⲉⲧ ⲱϣ ⲉⲃⲟⲗ ϩⲛ ⲧ ⲉⲣⲏⲙⲟⲥ ϫⲉ ⲥⲟⲩⲧⲛ ⲧⲉ ϩⲓⲏ ⲙ ⲡ ϫⲟⲉⲓⲥ ⲛ ⲧⲉⲧⲛ ⲥⲟⲩⲧⲛ ⲛⲉϥ ⲙⲟⲉⲓⲧ"/>
		<feat xlink:href="#sSpan183" value="ⲧ ⲉⲣⲏⲙⲟⲥ"/>
		<feat xlink:href="#sSpan197" value="ⲧⲉ ϩⲓⲏ ⲙ ⲡ ϫⲟⲉⲓⲥ"/>
		<feat xlink:href="#sSpan206" value="ⲡ ϫⲟⲉⲓⲥ"/>
		<feat xlink:href="#sSpan219" value="ⲛⲉϥ ⲙⲟⲉⲓⲧ"/>
		<feat xlink:href="#sSpan253" value="ⲓⲱϩⲁⲛⲛⲏⲥ"/>
		<feat xlink:href="#sSpan271" value="ⲡ ϫⲁⲓⲉ"/>
		<feat xlink:href="#sSpan289" value="ⲟⲩ ⲃⲁⲡⲧⲓⲥⲙⲁ ⲙ ⲙⲉⲧⲁⲛⲟⲓⲁ ⲉ ⲡ ⲕⲱ ⲉⲃⲟⲗ ⲛ ⲛ ⲛⲟⲃⲉ"/>
		<feat xlink:href="#sSpan300" value="ⲙⲉⲧⲁⲛⲟⲓⲁ"/>
		<feat xlink:href="#sSpan307" value="ⲡ ⲕⲱ ⲉⲃⲟⲗ ⲛ ⲛ ⲛⲟⲃⲉ"/>
		<feat xlink:href="#sSpan321" value="ⲛ ⲛⲟⲃⲉ"/>
		<feat xlink:href="#sSpan361" value="ⲧⲉ ⲭⲱⲣⲁ ⲧⲏⲣ ⲥ ⲛ ⲧ ⲓⲟⲩⲇⲁⲓⲁ"/>
		<feat xlink:href="#sSpan377" value="ⲧ ⲓⲟⲩⲇⲁⲓⲁ"/>
		<feat xlink:href="#sSpan387" value="ⲛⲁ ⲧ ϩⲓⲉⲣⲟⲥⲟⲗⲩⲙⲁ ⲧⲏⲣ ⲟⲩ"/>
		<feat xlink:href="#sSpan390" value="ⲧ ϩⲓⲉⲣⲟⲥⲟⲗⲩⲙⲁ"/>
		<feat xlink:href="#sSpan425" value="ⲡ ⲓⲟⲣⲇⲁⲛⲏⲥ ⲡ ⲓⲉⲣⲟ"/>
		<feat xlink:href="#sSpan450" value="ⲛⲉⲩ ⲛⲟⲃⲉ"/>
		<feat xlink:href="#sSpan469" value="ⲓⲱϩⲁⲛⲛⲏⲥ"/>
		<feat xlink:href="#sSpan478" value="ϩⲉⲛ ϥⲱ ⲛ ϭⲁⲙⲟⲩⲗ"/>
		<feat xlink:href="#sSpan487" value="ϭⲁⲙⲟⲩⲗ"/>
		<feat xlink:href="#sSpan506" value="ⲙⲟϫ ⲛ ϣⲁⲁⲣ"/>
		<feat xlink:href="#sSpan513" value="ϣⲁⲁⲣ"/>
		<feat xlink:href="#sSpan524" value="ⲧⲉϥ ϯⲡⲉ"/>
		<feat xlink:href="#sSpan541" value="ϣϫⲉ"/>
		<feat xlink:href="#sSpan548" value="ⲉⲃⲓⲱ"/>
		<feat xlink:href="#sSpan611" value="ⲡ ⲉⲧ ϫⲟⲟⲣ ⲉⲣⲟ ⲓ"/>
		<feat xlink:href="#sSpan630" value="ⲟⲩ ϩⲓⲕⲁⲛⲟⲥ ⲁⲛ ⲉ ⲡⲁϩⲧ ⲉ ⲃⲱⲗ ⲉⲃⲟⲗ ⲙ ⲡ ⲙⲟⲩⲥ ⲙ ⲡⲉϥ ⲧⲟⲟⲩⲉ"/>
		<feat xlink:href="#sSpan661" value="ⲡ ⲙⲟⲩⲥ ⲙ ⲡⲉϥ ⲧⲟⲟⲩⲉ"/>
		<feat xlink:href="#sSpan670" value="ⲡⲉϥ ⲧⲟⲟⲩⲉ"/>
		<feat xlink:href="#sSpan709" value="ⲟⲩ ⲙⲟⲟⲩ"/>
		<feat xlink:href="#sSpan748" value="ⲟⲩ ⲡⲛⲉⲩⲙⲁ ⲉ ϥ ⲟⲩⲁⲁⲃ"/>
		<feat xlink:href="#sSpan787" value="ⲛⲉ ϩⲟⲟⲩ ⲉⲧ ⲙⲙⲁⲩ"/>
		<feat xlink:href="#sSpan811" value="ⲓⲏⲥⲟⲩⲥ"/>
		<feat xlink:href="#sSpan824" value="ⲛⲁⲍⲁⲣⲉⲑ ⲛⲧⲉ ⲧ ⲅⲁⲗⲓⲗⲁⲓⲁ"/>
		<feat xlink:href="#sSpan831" value="ⲧ ⲅⲁⲗⲓⲗⲁⲓⲁ"/>
		<feat xlink:href="#sSpan856" value="ⲡ ⲓⲟⲣⲇⲁⲛⲏⲥ"/>
		<feat xlink:href="#sSpan867" value="ⲓⲱϩⲁⲛⲛⲏⲥ"/>
		<feat xlink:href="#sSpan905" value="ⲡ ⲙⲟⲟⲩ"/>
		<feat xlink:href="#sSpan922" value="ⲙ ⲡⲏⲩⲉ"/>
		<feat xlink:href="#sSpan941" value="ⲡⲉ ⲡⲛⲉⲩⲙⲁ"/>
		<feat xlink:href="#sSpan984" value="ⲟⲩ ϭⲣⲟⲟⲙⲡⲉ"/>
		<feat xlink:href="#sSpan998" value="ⲟⲩ ⲥⲙⲏ"/>
		<feat xlink:href="#sSpan1022" value="ⲙ ⲡⲏⲩⲉ"/>
		<feat xlink:href="#sSpan1039" value="ⲡⲁ ϣⲏⲣⲉ ⲡⲁ ⲙⲉⲣⲓⲧ ⲉⲛⲧ ⲁ ⲡⲁ ⲟⲩⲱϣ ϣⲱⲡⲉ ⲛϩⲏⲧ ⲕ"/>
		<feat xlink:href="#sSpan1056" value="ⲡⲁ ⲟⲩⲱϣ"/>
		<feat xlink:href="#sSpan1085" value="ⲡⲉ ⲡⲛⲉⲩⲙⲁ"/>
		<feat xlink:href="#sSpan1111" value="ⲧ ⲉⲣⲏⲙⲟⲥ"/>
		<feat xlink:href="#sSpan1134" value="ⲧ ⲉⲣⲏⲙⲟⲥ"/>
		<feat xlink:href="#sSpan1144" value="ϩⲙⲉ ⲛ ϩⲟⲟⲩ"/>
		<feat xlink:href="#sSpan1157" value="ⲡ ⲥⲁⲧⲁⲛⲁⲥ"/>
		<feat xlink:href="#sSpan1186" value="ⲛⲉ ⲑⲏⲣⲓⲟⲛ"/>
		<feat xlink:href="#sSpan1200" value="ⲛ ⲁⲅⲅⲉⲗⲟⲥ"/>
		<feat xlink:href="#sSpan1248" value="ⲓⲱϩⲁⲛⲛⲏⲥ"/>
		<feat xlink:href="#sSpan1264" value="ⲓⲏⲥⲟⲩⲥ"/>
		<feat xlink:href="#sSpan1271" value="ⲧ ⲅⲁⲗⲓⲗⲁⲓⲁ"/>
		<feat xlink:href="#sSpan1290" value="ⲡ ⲉⲩⲁⲅⲅⲉⲗⲓⲟⲛ ⲙ ⲡ ⲛⲟⲩⲧⲉ"/>
		<feat xlink:href="#sSpan1300" value="ⲡ ⲛⲟⲩⲧⲉ"/>
		<feat xlink:href="#sSpan1315" value="ⲡⲉ ⲩⲟⲉⲓϣ"/>
		<feat xlink:href="#sSpan1348" value="ⲧ ⲙⲛⲧⲣⲣⲟ ⲙ ⲡ ⲛⲟⲩⲧⲉ"/>
		<feat xlink:href="#sSpan1359" value="ⲡ ⲛⲟⲩⲧⲉ"/>
		<feat xlink:href="#sSpan1382" value="ⲡ ⲉⲩⲁⲅⲅⲉⲗⲓⲟⲛ"/>
		<feat xlink:href="#sSpan1413" value="ⲧⲉ ⲑⲁⲗⲁⲥⲥⲁ ⲛ ⲧ ⲅⲁⲗⲓⲗⲁⲓⲁ"/>
		<feat xlink:href="#sSpan1423" value="ⲧ ⲅⲁⲗⲓⲗⲁⲓⲁ"/>
		<feat xlink:href="#sSpan1442" value="ⲥⲓⲙⲱⲛ"/>
		<feat xlink:href="#sSpan1450" value="ⲁⲛⲇⲣⲉⲁⲥ ⲡ ⲥⲟⲛ ⲛ ⲥⲓⲙⲱⲛ"/>
		<feat xlink:href="#sSpan1464" value="ⲥⲓⲙⲱⲛ"/>
		<feat xlink:href="#sSpan1481" value="ⲧⲉ ⲑⲁⲗⲁⲥⲥⲁ"/>
		<feat xlink:href="#sSpan1491" value="ϩⲉⲛ ⲟⲩⲱϩⲉ"/>
		<feat xlink:href="#sSpan1530" value="ⲓⲏⲥⲟⲩⲥ"/>
		<feat xlink:href="#sSpan1569" value="ⲟⲩⲱϩⲉ ⲛ ⲣⲉϥϭⲉⲡⲣⲱⲙⲉ"/>
		<feat xlink:href="#sSpan1611" value="ⲛⲉⲩ ϣⲛⲏⲩ"/>
		<feat xlink:href="#sSpan1654" value="ⲧ ϩⲏ"/>
		<feat xlink:href="#sSpan1680" value="ⲓⲁⲕⲱⲃⲟⲥ ⲡ ϣⲏⲣⲉ ⲛ ⲍⲉⲃⲉⲇⲁⲓⲟⲥ"/>
		<feat xlink:href="#sSpan1694" value="ⲍⲉⲃⲉⲇⲁⲓⲟⲥ"/>
		<feat xlink:href="#sSpan1702" value="ⲓⲱϩⲁⲛⲛⲏⲥ ⲡⲉϥ ⲥⲟⲛ"/>
		<feat xlink:href="#sSpan1729" value="ⲡ ϫⲟⲉⲓ"/>
		<feat xlink:href="#sSpan1746" value="ⲛⲉⲩ ϣⲛⲏⲩ"/>
		<feat xlink:href="#sSpan1790" value="ⲡⲉⲩ ⲉⲓⲱⲧ ⲍⲉⲃⲉⲇⲁⲓⲟⲥ"/>
		<feat xlink:href="#sSpan1804" value="ⲡ ϫⲟⲉⲓ"/>
		<feat xlink:href="#sSpan1813" value="ⲛ ϫⲁⲓⲃⲉⲕⲉ"/>
		<feat xlink:href="#sSpan1869" value="ⲕⲁⲫⲁⲣⲛⲁⲟⲩⲙ"/>
		<feat xlink:href="#sSpan1888" value="ⲛ ⲥⲁⲃⲃⲁⲧⲟⲛ"/>
		<feat xlink:href="#sSpan1908" value="ⲧ ⲥⲩⲛⲁⲅⲱⲅⲏ"/>
		<feat xlink:href="#sSpan1936" value="ⲧⲉϥ ⲥⲃⲱ"/>
		<feat xlink:href="#sSpan1988" value="ⲛⲉ ⲅⲣⲁⲙⲙⲁⲧⲉⲩⲥ"/>
		<feat xlink:href="#sSpan2006" value="ⲧ ⲉⲝⲟⲩⲥⲓⲁ"/>
		<feat xlink:href="#sSpan2039" value="ⲟⲩ ⲣⲱⲙⲉ"/>
		<feat xlink:href="#sSpan2048" value="ⲧ ⲥⲩⲛⲁⲅⲱⲅⲏ"/>
		<feat xlink:href="#sSpan2060" value="ⲟⲩ ⲡⲛⲉⲩⲙⲁ ⲛ ⲁⲕⲁⲑⲁⲣⲧⲟⲛ"/>
		<feat xlink:href="#sSpan2133" value="ⲓⲏⲥⲟⲩⲥ ⲡ ⲛⲁⲍⲱⲣⲁⲓⲟⲥ"/>
		<feat xlink:href="#sSpan2186" value="ⲡ ⲉⲧ ⲟⲩⲁⲁⲃ ⲙ ⲡ ⲛⲟⲩⲧⲉ"/>
		<feat xlink:href="#sSpan2197" value="ⲡ ⲛⲟⲩⲧⲉ"/>
		<feat xlink:href="#sSpan2215" value="ⲓⲏⲥⲟⲩⲥ"/>
		<feat xlink:href="#sSpan2255" value="ⲣⲱ ⲕ"/>
		<feat xlink:href="#sSpan2292" value="ⲡⲉ ⲡⲛⲉⲩⲙⲁ ⲛ ⲁⲕⲁⲑⲁⲣⲧⲟⲛ"/>
		<feat xlink:href="#sSpan2315" value="ⲡ ⲕⲁϩ"/>
		<feat xlink:href="#sSpan2341" value="ⲟⲩ ⲛⲟϭ ⲛ ϩⲣⲟⲟⲩ"/>
		<feat xlink:href="#sSpan2441" value="ⲡⲁⲓ"/>
		<feat xlink:href="#sSpan2450" value="ⲟⲩ ⲥⲃⲱ ⲛ ⲃⲣⲣⲉ"/>
		<feat xlink:href="#sSpan2472" value="ⲛ ⲕⲉ ⲡⲛⲉⲩⲙⲁ ⲛ ⲁⲕⲁⲑⲁⲣⲧⲟⲛ"/>
		<feat xlink:href="#sSpan2526" value="ⲡⲉϥ ⲥⲟⲉⲓⲧ"/>
		<feat xlink:href="#sSpan2552" value="ⲙⲁ ⲛⲓⲙ ⲙ ⲡ ⲕⲱⲧⲉ ⲧⲏⲣ ϥ ⲛ ⲧ ⲅⲁⲗⲓⲗⲁⲓⲁ"/>
		<feat xlink:href="#sSpan2563" value="ⲡ ⲕⲱⲧⲉ ⲧⲏⲣ ϥ ⲛ ⲧ ⲅⲁⲗⲓⲗⲁⲓⲁ"/>
		<feat xlink:href="#sSpan2578" value="ⲧ ⲅⲁⲗⲓⲗⲁⲓⲁ"/>
		<feat xlink:href="#sSpan2623" value="ⲧ ⲥⲩⲛⲁⲅⲱⲅⲏ"/>
		<feat xlink:href="#sSpan2646" value="ⲡ ⲏⲓ ⲛ ⲥⲓⲙⲱⲛ ⲙⲛ ⲁⲛⲇⲣⲉⲁⲥ"/>
		<feat xlink:href="#sSpan2656" value="ⲥⲓⲙⲱⲛ"/>
		<feat xlink:href="#sSpan2664" value="ⲁⲛⲇⲣⲉⲁⲥ"/>
		<feat xlink:href="#sSpan2672" value="ⲓⲁⲕⲱⲃⲟⲥ"/>
		<feat xlink:href="#sSpan2680" value="ⲓⲱϩⲁⲛⲛⲏⲥ"/>
		<feat xlink:href="#sSpan2685" value="ⲧ ϣⲱⲙⲉ ⲇⲉ ⲛ ⲥⲓⲙⲱⲛ"/>
		<feat xlink:href="#sSpan2705" value="ⲥⲓⲙⲱⲛ"/>
		<feat xlink:href="#sSpan2777" value="ⲡⲉϥ ⲟⲩⲟⲉⲓ"/>
		<feat xlink:href="#sSpan2815" value="ⲧⲉⲥ ϭⲓϫ"/>
		<feat xlink:href="#sSpan2824" value="ⲡⲉ ϩⲙⲟⲙ"/>
		<feat xlink:href="#sSpan2864" value="ⲣⲟⲩϩⲉ"/>
		<feat xlink:href="#sSpan2895" value="ⲡ ⲣⲏ"/>
		<feat xlink:href="#sSpan2924" value="ⲛ ⲉⲧ ⲙⲟⲕϩ ⲧⲏⲣ ⲟⲩ ⲙⲛ ⲛ ⲉⲧ ⲣⲉⲛⲇⲁⲓⲙⲱⲛⲓⲟⲛ ⲛⲙⲙⲁ ⲩ"/>
		<feat xlink:href="#sSpan2967" value="ⲧ ⲡⲟⲗⲓⲥ ⲧⲏⲣ ⲥ"/>
		<feat xlink:href="#sSpan2991" value="ⲡ ⲣⲟ ⲙ ⲡ ⲏⲓ"/>
		<feat xlink:href="#sSpan3000" value="ⲡ ⲏⲓ"/>
		<feat xlink:href="#sSpan3027" value="ⲟⲩ ⲙⲏⲏϣⲉ ⲉ ⲩ ⲙⲟⲕϩ ⲛ ϣⲱⲛⲉ ⲉ ⲩ ϣⲟⲃⲉ"/>
		<feat xlink:href="#sSpan3060" value="ⲟⲩ ⲙⲏⲏϣⲉ ⲛ ⲇⲁⲓⲙⲱⲛⲓⲟⲛ"/>
		<feat xlink:href="#sSpan3097" value="ⲛ ⲇⲁⲓⲙⲱⲛⲓⲟⲛ"/>
		<feat xlink:href="#sSpan3171" value="ⲩ ⲙⲁ ⲛ ϫⲁⲓⲉ"/>
		<feat xlink:href="#sSpan3194" value="ⲡ ⲛⲁⲩ ⲉⲧ ⲙⲙⲁⲩ"/>
		<feat xlink:href="#sSpan3238" value="ⲥⲓⲙⲱⲛ"/>
		<feat xlink:href="#sSpan3245" value="ⲛ ⲉⲧ ⲛⲙⲙⲁ ϥ"/>
		<feat xlink:href="#sSpan3334" value="ⲕⲉ ⲙⲁ"/>
		<feat xlink:href="#sSpan3343" value="ⲛ ⲕⲉ ⲧⲙⲙⲟ ⲉⲧ ϩⲏⲛ ⲉϩⲟⲩⲛ"/>
		<feat xlink:href="#sSpan3404" value="ⲡⲉⲓ ϩⲱⲃ"/>
		<feat xlink:href="#sSpan3444" value="ⲛⲉⲩ ⲥⲩⲛⲁⲅⲱⲅⲏ"/>
		<feat xlink:href="#sSpan3454" value="ⲧ ⲅⲁⲗⲓⲗⲁⲓⲁ ⲧⲏⲣ ⲥ"/>
		<feat xlink:href="#sSpan3470" value="ⲛ ⲕⲉ ⲇⲁⲓⲙⲱⲛⲓⲟⲛ"/>
		<feat xlink:href="#sSpan3525" value="ⲟⲩ ⲣⲱⲙⲉ ⲉ ϥ ⲥⲟⲃϩ"/>
		<feat xlink:href="#sSpan3620" value="ⲧⲟⲟⲧ ϥ"/>
		<feat xlink:href="#sSpan3704" value="ⲡⲉϥ ⲥⲱⲃⲁϩ"/>
		<feat xlink:href="#sSpan3818" value="ⲗⲁⲁⲩ"/>
		<feat xlink:href="#sSpan3848" value="ⲡ ⲟⲩⲏⲏⲃ"/>
		<feat xlink:href="#sSpan3869" value="ⲡⲉⲕ ⲧⲃⲃⲟ"/>
		<feat xlink:href="#sSpan3878" value="ⲛ ⲉⲛⲧ ⲁ ⲙⲱⲩⲥⲏⲥ ⲟⲩⲉϩⲥⲁϩⲛⲉ ⲙⲙⲟ ⲟⲩ"/>
		<feat xlink:href="#sSpan3886" value="ⲙⲱⲩⲥⲏⲥ"/>
		<feat xlink:href="#sSpan3905" value="ⲩ ⲙⲛⲧⲙⲛⲧⲣⲉ ⲛⲁ ⲩ"/>
		<feat xlink:href="#sSpan3977" value="ⲡ ϣⲁϫⲉ"/>
		<feat xlink:href="#sSpan4012" value="ⲧ ⲡⲟⲗⲓⲥ"/>
		<feat xlink:href="#sSpan4037" value="ϩⲉⲛ ⲙⲁ ⲛ ϫⲁⲓⲉ"/>
		<feat xlink:href="#sSpan4075" value="ⲙⲁ ⲛⲓⲙ"/></featList></paula>