<?xml version='1.0' encoding='UTF-8'?><!DOCTYPE paula SYSTEM "paula_feat.dtd">
<paula version="1.1">
	<header paula_id="scriptorium.AP.003.n138.blame.mark_hi_rend"/>
	<featList xmlns:xlink="http://www.w3.org/1999/xlink" type="hi_rend" xml:base="scriptorium.AP.003.n138.blame.mark.xml">
		<feat xlink:href="#sSpan1" value="large red ekthetic"/>
		<feat xlink:href="#sSpan94" value="4_spaces_right red"/>
		<feat xlink:href="#sSpan112" value="large red ekthetic"/>
		<feat xlink:href="#sSpan201" value="red"/>
		<feat xlink:href="#sSpan206" value="large red ekthetic"/>
		<feat xlink:href="#sSpan247" value="red"/>
		<feat xlink:href="#sSpan328" value="2_spaces_right red"/>
		<feat xlink:href="#sSpan384" value="4_spaces_right red"/>
		<feat xlink:href="#sSpan429" value="red"/>
		<feat xlink:href="#sSpan499" value="red"/></featList></paula>