<?xml version='1.0' encoding='UTF-8'?><!DOCTYPE paula SYSTEM "paula_feat.dtd">
<paula version="1.1">
	<header paula_id="scriptorium.AP.003.n138.blame.mark_entity"/>
	<featList xmlns:xlink="http://www.w3.org/1999/xlink" type="entity" xml:base="scriptorium.AP.003.n138.blame.mark.xml">
		<feat xlink:href="#sSpan16" value="person"/>
		<feat xlink:href="#sSpan25" value="person"/>
		<feat xlink:href="#sSpan36" value="person"/>
		<feat xlink:href="#sSpan53" value="abstract"/>
		<feat xlink:href="#sSpan90" value="person"/>
		<feat xlink:href="#sSpan109" value="person"/>
		<feat xlink:href="#sSpan138" value="person"/>
		<feat xlink:href="#sSpan152" value="abstract"/>
		<feat xlink:href="#sSpan162" value="abstract"/>
		<feat xlink:href="#sSpan189" value="abstract"/>
		<feat xlink:href="#sSpan199" value="person"/>
		<feat xlink:href="#sSpan219" value="person"/>
		<feat xlink:href="#sSpan243" value="abstract"/>
		<feat xlink:href="#sSpan263" value="person"/>
		<feat xlink:href="#sSpan279" value="person"/>
		<feat xlink:href="#sSpan291" value="abstract"/>
		<feat xlink:href="#sSpan303" value="abstract"/>
		<feat xlink:href="#sSpan381" value="person"/>
		<feat xlink:href="#sSpan429" value="person"/>
		<feat xlink:href="#sSpan446" value="person"/>
		<feat xlink:href="#sSpan468" value="abstract"/>
		<feat xlink:href="#sSpan488" value="abstract"/>
		<feat xlink:href="#sSpan497" value="person"/></featList></paula>