<?xml version='1.0' encoding='UTF-8'?><!DOCTYPE paula SYSTEM "paula_feat.dtd">
<paula version="1.1">
	<header paula_id="scriptorium.01_Genesis_03.mark_vid_n"/>
	<featList xmlns:xlink="http://www.w3.org/1999/xlink" type="vid_n" xml:base="scriptorium.01_Genesis_03.mark.xml">
		<feat xlink:href="#sSpan1" value="urn:cts:copticLit:ot.gen.coptot:3.2"/>
		<feat xlink:href="#sSpan13" value="urn:cts:copticLit:ot.gen.coptot:3.3"/>
		<feat xlink:href="#sSpan66" value="urn:cts:copticLit:ot.gen.coptot:3.4"/>
		<feat xlink:href="#sSpan88" value="urn:cts:copticLit:ot.gen.coptot:3.5"/>
		<feat xlink:href="#sSpan123" value="urn:cts:copticLit:ot.gen.coptot:3.6"/>
		<feat xlink:href="#sSpan200" value="urn:cts:copticLit:ot.gen.coptot:3.7"/>
		<feat xlink:href="#sSpan242" value="urn:cts:copticLit:ot.gen.coptot:3.8"/>
		<feat xlink:href="#sSpan264" value="urn:cts:copticLit:ot.gen.coptot:3.9"/>
		<feat xlink:href="#sSpan298" value="urn:cts:copticLit:ot.gen.coptot:3.10"/>
		<feat xlink:href="#sSpan342" value="urn:cts:copticLit:ot.gen.coptot:3.11"/>
		<feat xlink:href="#sSpan419" value="urn:cts:copticLit:ot.gen.coptot:3.12"/>
		<feat xlink:href="#sSpan446" value="urn:cts:copticLit:ot.gen.coptot:3.13"/>
		<feat xlink:href="#sSpan496" value="urn:cts:copticLit:ot.gen.coptot:3.14"/>
		<feat xlink:href="#sSpan583" value="urn:cts:copticLit:ot.gen.coptot:3.15"/>
		<feat xlink:href="#sSpan635" value="urn:cts:copticLit:ot.gen.coptot:3.16"/>
		<feat xlink:href="#sSpan707" value="urn:cts:copticLit:ot.gen.coptot:3.17"/>
		<feat xlink:href="#sSpan834" value="urn:cts:copticLit:ot.gen.coptot:3.18"/>
		<feat xlink:href="#sSpan864" value="urn:cts:copticLit:ot.gen.coptot:3.19"/>
		<feat xlink:href="#sSpan919" value="urn:cts:copticLit:ot.gen.coptot:3.20"/>
		<feat xlink:href="#sSpan955" value="urn:cts:copticLit:ot.gen.coptot:3.21"/>
		<feat xlink:href="#sSpan989" value="urn:cts:copticLit:ot.gen.coptot:3.22"/>
		<feat xlink:href="#sSpan1077" value="urn:cts:copticLit:ot.gen.coptot:3.23"/>
		<feat xlink:href="#sSpan1124" value="urn:cts:copticLit:ot.gen.coptot:3.24"/></featList></paula>