<?xml version="1.0" encoding="UTF-8" standalone="no"?>

<!DOCTYPE paula SYSTEM "paula_feat.dtd">
<paula version="1.0">

<header paula_id="scriptorium.sahidic.ot.01_Genesis_03_norm_group"/>

<featList xmlns:xlink="http://www.w3.org/1999/xlink" type="norm_group" xml:base="scriptorium.sahidic.ot.01_Genesis_03.norm_groupSeg.xml">
<feat xlink:href="#norm_group_1" value="."/><!-- . -->
<feat xlink:href="#norm_group_2" value="."/><!-- . -->
<feat xlink:href="#norm_group_3" value="."/><!-- . -->
<feat xlink:href="#norm_group_4" value="ⲡⲁⲣⲁⲇⲓⲥⲟⲥ"/><!-- ⲡⲁⲣⲁⲇⲓⲥⲟⲥ -->
<feat xlink:href="#norm_group_5" value="ⲙⲡⲉⲙⲧⲟ"/><!-- ⲙ...ⲙⲧⲟ -->
<feat xlink:href="#norm_group_8" value="ⲉⲃⲟⲗ"/><!-- ⲉⲃⲟⲗ -->
<feat xlink:href="#norm_group_9" value="ⲙⲡϫⲟⲉⲓⲥ"/><!-- ⲙ...ϫⲟⲉⲓⲥ -->
<feat xlink:href="#norm_group_12" value="ⲡⲛⲟⲩⲧⲉ"/><!-- ⲡ...ⲛⲟⲩⲧⲉ -->
<feat xlink:href="#norm_group_14" value="ⲁⲩⲱ"/><!-- ⲁⲩⲱ -->
<feat xlink:href="#norm_group_15" value="ⲁⲡϫⲟⲉⲓⲥ"/><!-- ⲁ...ⲥ -->
<feat xlink:href="#norm_group_20" value="ⲡⲛⲟⲩⲧⲉ"/><!-- ⲡ...ⲛⲟⲩⲧⲉ -->
<feat xlink:href="#norm_group_22" value="ⲙⲟⲩⲧⲉ"/><!-- ⲙⲟⲩⲧⲉ -->
<feat xlink:href="#norm_group_23" value="ⲟⲩⲃⲉ"/><!-- ⲟⲩⲃⲉ -->
<feat xlink:href="#norm_group_24" value="ⲁⲇⲁⲙ"/><!-- ⲁⲇⲁⲙ -->
<feat xlink:href="#norm_group_25" value="ⲉϥϫⲱ"/><!-- ⲉ...ϫⲱ -->
<feat xlink:href="#norm_group_28" value="ⲙⲙⲟⲥ"/><!-- ⲙⲙⲟ...ⲥ -->
<feat xlink:href="#norm_group_30" value="ⲛⲁϥ"/><!-- ⲛⲁ...ϥ -->
<feat xlink:href="#norm_group_32" value="ϫⲉ"/><!-- ϫⲉ -->
<feat xlink:href="#norm_group_33" value="ⲁⲇⲁⲙ"/><!-- ⲁⲇⲁⲙ -->
<feat xlink:href="#norm_group_34" value="ⲉⲕⲧⲱⲛ"/><!-- ⲉ...ⲧⲱⲛ -->
<feat xlink:href="#norm_group_37" value="ⲡⲉϫⲁϥ"/><!-- ⲡⲉϫⲁ...ϥ -->
<feat xlink:href="#norm_group_39" value="ⲛϭⲓ"/><!-- ⲛϭⲓ -->
<feat xlink:href="#norm_group_40" value="ⲁⲇⲁⲙ"/><!-- ⲁⲇⲁⲙ -->
<feat xlink:href="#norm_group_41" value="ϫⲉ"/><!-- ϫⲉ -->
<feat xlink:href="#norm_group_42" value="ⲧⲉⲕⲥⲙⲏ"/><!-- ⲧⲉⲕ...ⲥⲙⲏ -->
<feat xlink:href="#norm_group_44" value="ⲧⲉⲛⲧⲁⲓⲥⲱⲧⲙ"/><!-- ⲧ...ⲥⲱⲧⲙ -->
<feat xlink:href="#norm_group_49" value="ⲉⲣⲟⲥ"/><!-- ⲉⲣⲟ...ⲥ -->
<feat xlink:href="#norm_group_51" value="ⲉⲕⲙⲟⲟϣⲉ"/><!-- ⲉ...ⲙⲟⲟϣⲉ -->
<feat xlink:href="#norm_group_54" value="ϩⲙ"/><!-- ϩⲙ -->
<feat xlink:href="#norm_group_55" value="ⲡⲡⲁⲣⲁⲇⲓⲥⲟⲥ"/><!-- ⲡ...ⲡⲁⲣⲁⲇⲓⲥⲟⲥ -->
<feat xlink:href="#norm_group_57" value="ⲁⲓⲣϩⲟⲧⲉ"/><!-- ⲁ...ϩⲟⲧⲉ -->
<feat xlink:href="#norm_group_61" value="ϫⲉ"/><!-- ϫⲉ -->
<feat xlink:href="#norm_group_62" value="ϯⲕⲏⲕⲁϩⲏⲩ"/><!-- ϯ...ⲁϩⲏⲩ -->
<feat xlink:href="#norm_group_65" value="ⲁⲓϩⲟⲡⲧ"/><!-- ⲁⲓϩⲟⲡⲧ -->
<feat xlink:href="#norm_group_66" value="ⲡⲉϫⲁϥ"/><!-- ⲡⲉϫⲁ...ϥ -->
<feat xlink:href="#norm_group_68" value="ⲛⲁϥ"/><!-- ⲛⲁ...ϥ -->
<feat xlink:href="#norm_group_70" value="ⲛϭⲓ"/><!-- ⲛϭⲓ -->
<feat xlink:href="#norm_group_71" value="ⲡϫⲟⲉⲓⲥ"/><!-- ⲡ...ϫⲟⲉⲓⲥ -->
<feat xlink:href="#norm_group_73" value="ⲡⲛⲟⲩⲧⲉ"/><!-- ⲡ...ⲛⲟⲩⲧⲉ -->
<feat xlink:href="#norm_group_75" value="ϫⲉ"/><!-- ϫⲉ -->
<feat xlink:href="#norm_group_76" value="ⲛⲓⲙ"/><!-- ⲛⲓⲙ -->
<feat xlink:href="#norm_group_77" value="ⲡⲉⲛⲧⲁϥϫⲟⲟⲥ"/><!-- ⲡ...ⲥ -->
<feat xlink:href="#norm_group_83" value="ⲛⲁⲕ"/><!-- ⲛⲁ...ⲕ -->
<feat xlink:href="#norm_group_85" value="ϫⲉ"/><!-- ϫⲉ -->
<feat xlink:href="#norm_group_86" value="ⲉⲕⲕⲏⲕⲁϩⲏⲩ"/><!-- ⲉ...ⲁϩⲏⲩ -->
<feat xlink:href="#norm_group_90" value="ⲛⲥⲁⲃⲏⲗ"/><!-- ⲛⲥⲁⲃⲏⲗ -->
<feat xlink:href="#norm_group_91" value="ϫⲉ"/><!-- ϫⲉ -->
<feat xlink:href="#norm_group_92" value="ⲁⲕⲟⲩⲱⲙ"/><!-- ⲁ...ⲟⲩⲱⲙ -->
<feat xlink:href="#norm_group_95" value="ⲉⲃⲟⲗ"/><!-- ⲉⲃⲟⲗ -->
<feat xlink:href="#norm_group_96" value="ϩⲙ"/><!-- ϩⲙ -->
<feat xlink:href="#norm_group_97" value="ⲡϣⲏⲛ"/><!-- ⲡ...ϣⲏⲛ -->
<feat xlink:href="#norm_group_99" value="ⲡⲁⲓ"/><!-- ⲡⲁⲓ -->
<feat xlink:href="#norm_group_100" value="ⲛⲧⲁⲓϩⲱⲛ"/><!-- ⲛⲧ...ϩⲱⲛ -->
<feat xlink:href="#norm_group_104" value="ⲉⲧⲟⲟⲧⲕ"/><!-- ⲉ...ⲕ -->
<feat xlink:href="#norm_group_107" value="ⲉⲧⲙⲟⲩⲱⲙ"/><!-- ⲉ...ⲟⲩⲱⲙ -->
<feat xlink:href="#norm_group_110" value="ⲉⲃⲟⲗ"/><!-- ⲉⲃⲟⲗ -->
<feat xlink:href="#norm_group_111" value="ⲛϩⲏⲧϥ"/><!-- ⲛϩⲏⲧ...ϥ -->
<feat xlink:href="#norm_group_113" value="ⲙⲁⲩⲁⲁϥ"/><!-- ⲙⲁⲩⲁⲁ...ϥ -->
<feat xlink:href="#norm_group_115" value="ⲁⲕⲟⲩⲱⲙ"/><!-- ⲁ...ⲟⲩⲱⲙ -->
<feat xlink:href="#norm_group_118" value="ⲡⲉϫⲉ"/><!-- ⲡⲉϫⲉ -->
<feat xlink:href="#norm_group_119" value="ⲁⲇⲁⲙ"/><!-- ⲁⲇⲁⲙ -->
<feat xlink:href="#norm_group_120" value="ϫⲉ"/><!-- ϫⲉ -->
<feat xlink:href="#norm_group_121" value="ⲧⲉⲥϩⲓⲙⲉ"/><!-- ⲧⲉ...ⲥϩⲓⲙⲉ -->
<feat xlink:href="#norm_group_123" value="ⲛⲧⲁⲕⲧⲁⲁⲥ"/><!-- ⲛⲧ...ⲥ -->
<feat xlink:href="#norm_group_128" value="ⲛⲁⲓ"/><!-- ⲛⲁⲓ -->
<feat xlink:href="#norm_group_129" value="ⲛⲧⲟⲥ"/><!-- ⲛⲧⲟⲥ -->
<feat xlink:href="#norm_group_130" value="ⲧⲛⲧⲁⲥϯ"/><!-- ⲧⲛⲧⲁⲥϯ -->
<feat xlink:href="#norm_group_131" value="ⲛⲁⲓ"/><!-- ⲛⲁⲓ -->
<feat xlink:href="#norm_group_132" value="ⲁⲓⲟⲩⲱⲙ"/><!-- ⲁ...ⲟⲩⲱⲙ -->
<feat xlink:href="#norm_group_135" value="ⲡⲉϫⲉ"/><!-- ⲡⲉϫⲉ -->
<feat xlink:href="#norm_group_136" value="ⲡϫⲟⲉⲓⲥ"/><!-- ⲡ...ϫⲟⲉⲓⲥ -->
<feat xlink:href="#norm_group_138" value="ⲡⲛⲟⲩⲧⲉ"/><!-- ⲡ...ⲛⲟⲩⲧⲉ -->
<feat xlink:href="#norm_group_140" value="ⲛⲧⲉⲥϩⲓⲙⲉ"/><!-- ⲛ...ⲥϩⲓⲙⲉ -->
<feat xlink:href="#norm_group_143" value="ϫⲉ"/><!-- ϫⲉ -->
<feat xlink:href="#norm_group_144" value="ⲉⲧⲃⲉ"/><!-- ⲉⲧⲃⲉ -->
<feat xlink:href="#norm_group_145" value="ⲟⲩ"/><!-- ⲟⲩ -->
<feat xlink:href="#norm_group_146" value="ⲁⲣⲓⲣⲉ"/><!-- ⲁⲣ...ⲓⲣⲉ -->
<feat xlink:href="#norm_group_148" value="ⲙⲡⲉⲓϩⲱⲃ"/><!-- ⲙ...ϩⲱⲃ -->
<feat xlink:href="#norm_group_151" value="ⲡⲉϫⲉ"/><!-- ⲡⲉϫⲉ -->
<feat xlink:href="#norm_group_152" value="ⲧⲉⲥϩⲓⲙⲉ"/><!-- ⲧⲉ...ⲥϩⲓⲙⲉ -->
<feat xlink:href="#norm_group_154" value="ⲛⲁϥ"/><!-- ⲛⲁ...ϥ -->
<feat xlink:href="#norm_group_156" value="ϫⲉ"/><!-- ϫⲉ -->
<feat xlink:href="#norm_group_157" value="ⲡϩⲟϥ"/><!-- ⲡ...ϩⲟϥ -->
<feat xlink:href="#norm_group_159" value="ⲡⲉⲛⲧⲁϥⲣϩⲁⲗ"/><!-- ⲡ...ⲣϩⲁⲗ -->
<feat xlink:href="#norm_group_164" value="ⲙⲙⲟⲓ"/><!-- ⲙⲙⲟ...ⲓ -->
<feat xlink:href="#norm_group_166" value="ⲁⲓⲟⲩⲱⲙ"/><!-- ⲁ...ⲟⲩⲱⲙ -->
<feat xlink:href="#norm_group_169" value="ⲡⲉϫⲉ"/><!-- ⲡⲉϫⲉ -->
<feat xlink:href="#norm_group_170" value="ⲡϫⲟⲉⲓⲥ"/><!-- ⲡ...ϫⲟⲉⲓⲥ -->
<feat xlink:href="#norm_group_172" value="ⲡⲛⲟⲩⲧⲉ"/><!-- ⲡ...ⲛⲟⲩⲧⲉ -->
<feat xlink:href="#norm_group_174" value="ⲙⲡϩⲟϥ"/><!-- ⲙ...ϩⲟϥ -->
<feat xlink:href="#norm_group_177" value="ϫⲉ"/><!-- ϫⲉ -->
<feat xlink:href="#norm_group_178" value="ⲉⲡⲉⲓⲇⲏ"/><!-- ⲉⲡⲉⲓⲇⲏ -->
<feat xlink:href="#norm_group_179" value="ⲁⲕⲉⲓⲣⲉ"/><!-- ⲁ...ⲉⲓⲣⲉ -->
<feat xlink:href="#norm_group_182" value="ⲙⲡⲉⲓϩⲱⲃ"/><!-- ⲙ...ϩⲱⲃ -->
<feat xlink:href="#norm_group_185" value="ⲕⲥϩⲟⲩⲟⲣⲧ"/><!-- ⲕ...ⲥϩⲟⲩⲟⲣⲧ -->
<feat xlink:href="#norm_group_187" value="ⲛⲧⲟⲕ"/><!-- ⲛⲧⲟⲕ -->
<feat xlink:href="#norm_group_188" value="ⲟⲩⲇⲉ"/><!-- ⲟⲩⲇⲉ -->
<feat xlink:href="#norm_group_189" value="ⲛⲧⲃⲛⲟⲟⲩⲉ"/><!-- ⲛ...ⲧⲃⲛⲟⲟⲩⲉ -->
<feat xlink:href="#norm_group_191" value="ⲧⲏⲣⲟⲩ"/><!-- ⲧⲏⲣ...ⲟⲩ -->
<feat xlink:href="#norm_group_193" value="ⲛⲧⲥⲱϣⲉ"/><!-- ⲛ...ⲥⲱϣⲉ -->
<feat xlink:href="#norm_group_196" value="ⲙⲛ"/><!-- ⲙⲛ -->
<feat xlink:href="#norm_group_197" value="ⲛⲉⲑⲏⲣⲓⲟⲛ"/><!-- ⲛⲉ...ⲑⲏⲣⲓⲟⲛ -->
<feat xlink:href="#norm_group_199" value="ⲙⲡⲕⲁϩ"/><!-- ⲙ...ⲕⲁϩ -->
<feat xlink:href="#norm_group_202" value="ⲉⲕⲉⲙⲟⲟϣⲉ"/><!-- ⲉⲕⲉ...ⲙⲟⲟϣⲉ -->
<feat xlink:href="#norm_group_204" value="ⲉϫⲛ"/><!-- ⲉϫⲛ -->
<feat xlink:href="#norm_group_205" value="ⲧⲉⲕⲙⲉⲥⲑⲏⲧ"/><!-- ⲧⲉⲕⲙⲉⲥⲑⲏⲧ -->
<feat xlink:href="#norm_group_206" value="ⲁⲩⲱ"/><!-- ⲁⲩⲱ -->
<feat xlink:href="#norm_group_207" value="ⲉϫⲛ"/><!-- ⲉϫⲛ -->
<feat xlink:href="#norm_group_208" value="ϩⲏⲧⲕ"/><!-- ϩⲏⲧⲕ -->
<feat xlink:href="#norm_group_209" value="ⲁⲩⲱ"/><!-- ⲁⲩⲱ -->
<feat xlink:href="#norm_group_210" value="ⲉⲕⲉϣⲱⲡⲉ"/><!-- ⲉⲕⲉ...ϣⲱⲡⲉ -->
<feat xlink:href="#norm_group_212" value="ⲉⲕⲟⲩⲉⲙ"/><!-- ⲉ...ⲟⲩⲉⲙ -->
<feat xlink:href="#norm_group_215" value="ⲕⲁϩ"/><!-- ⲕⲁϩ -->
<feat xlink:href="#norm_group_216" value="ⲛⲛⲉϩⲟⲟⲩ"/><!-- ⲛ...ϩⲟⲟⲩ -->
<feat xlink:href="#norm_group_219" value="ⲧⲏⲣⲟⲩ"/><!-- ⲧⲏⲣ...ⲟⲩ -->
<feat xlink:href="#norm_group_221" value="ⲙⲡⲉⲕⲱⲛϩ"/><!-- ⲙ...ⲱⲛϩ -->
<feat xlink:href="#norm_group_224" value="ⲉⲓⲉⲕⲱ"/><!-- ⲉⲓⲉ...ⲕⲱ -->
<feat xlink:href="#norm_group_226" value="ⲛⲟⲩⲙⲛⲧϫⲁϫⲉ"/><!-- ⲛ...ϫⲁϫⲉ -->
<feat xlink:href="#norm_group_230" value="ϩⲛ"/><!-- ϩⲛ -->
<feat xlink:href="#norm_group_231" value="ⲧⲉⲕⲙⲏⲧⲉ"/><!-- ⲧⲉⲕ...ⲙⲏⲧⲉ -->
<feat xlink:href="#norm_group_233" value="ⲙⲛ"/><!-- ⲙⲛ -->
<feat xlink:href="#norm_group_234" value="ⲧⲉⲥϩⲓⲙⲉ"/><!-- ⲧⲉ...ⲥϩⲓⲙⲉ -->
<feat xlink:href="#norm_group_236" value="ⲟⲩⲧⲱⲕ"/><!-- ⲟⲩⲧⲱ...ⲕ -->
<feat xlink:href="#norm_group_238" value="ⲙⲛ"/><!-- ⲙⲛ -->
<feat xlink:href="#norm_group_239" value="ⲧⲉⲕⲥⲡⲉⲣⲙⲁ"/><!-- ⲧⲉⲕ...ⲥⲡⲉⲣⲙⲁ -->
<feat xlink:href="#norm_group_241" value="ⲙⲛ"/><!-- ⲙⲛ -->
<feat xlink:href="#norm_group_242" value="ⲟⲩⲇⲉ"/><!-- ⲟⲩⲇⲉ -->
<feat xlink:href="#norm_group_243" value="ⲧⲉⲥⲥⲡⲉⲣⲙⲁ"/><!-- ⲧⲉⲥ...ⲥⲡⲉⲣⲙⲁ -->
<feat xlink:href="#norm_group_245" value="ⲛⲧⲟϥ"/><!-- ⲛⲧⲟϥ -->
<feat xlink:href="#norm_group_246" value="ⲉϥⲉϩⲁⲣⲉϩ"/><!-- ⲉϥⲉ...ϩⲁⲣⲉϩ -->
<feat xlink:href="#norm_group_248" value="ⲉⲡⲉϥϯⲃⲥ"/><!-- ⲉⲡⲉϥϯⲃⲥ -->
<feat xlink:href="#norm_group_249" value="ⲛⲧⲟⲕ"/><!-- ⲛⲧⲟⲕ -->
<feat xlink:href="#norm_group_250" value="ϩⲱⲱⲕ"/><!-- ϩⲱⲱ...ⲕ -->
<feat xlink:href="#norm_group_252" value="ⲉⲕⲉϩⲁⲣⲉϩ"/><!-- ⲉⲕⲉ...ϩⲁⲣⲉϩ -->
<feat xlink:href="#norm_group_254" value="ⲉⲧⲉⲕⲁⲡⲉ"/><!-- ⲉ...ⲁⲡⲉ -->
<feat xlink:href="#norm_group_257" value="ⲁϥⲕⲟⲧϥ"/><!-- ⲁ...ϥ -->
<feat xlink:href="#norm_group_261" value="ⲇⲉ"/><!-- ⲇⲉ -->
<feat xlink:href="#norm_group_262" value="ⲉⲧⲉⲥϩⲓⲙⲉ"/><!-- ⲉ...ⲥϩⲓⲙⲉ -->
<feat xlink:href="#norm_group_265" value="ⲡⲉϫⲁϥ"/><!-- ⲡⲉϫⲁ...ϥ -->
<feat xlink:href="#norm_group_267" value="ⲛⲁⲥ"/><!-- ⲛⲁ...ⲥ -->
<feat xlink:href="#norm_group_269" value="ϫⲉ"/><!-- ϫⲉ -->
<feat xlink:href="#norm_group_270" value="ϩⲛ"/><!-- ϩⲛ -->
<feat xlink:href="#norm_group_271" value="ⲟⲩⲁϣⲁϩⲟⲙ"/><!-- ⲟⲩ...ⲁϣⲁϩⲟⲙ -->
<feat xlink:href="#norm_group_273" value="ⲉⲓⲉⲧⲁϣⲟ"/><!-- ⲉⲓⲉ...ⲧⲁϣⲟ -->
<feat xlink:href="#norm_group_275" value="ⲛⲛⲟⲩⲗⲩⲡⲏ"/><!-- ⲛⲛⲟⲩⲗⲩⲡⲏ -->
<feat xlink:href="#norm_group_276" value="ⲉⲣⲉϫⲡⲟ"/><!-- ⲉ...ϫⲡⲟ -->
<feat xlink:href="#norm_group_279" value="ⲛⲛⲟⲩϣⲏⲣⲉ"/><!-- ⲛ...ϣⲏⲣⲉ -->
<feat xlink:href="#norm_group_282" value="ϩⲛ"/><!-- ϩⲛ -->
<feat xlink:href="#norm_group_283" value="ⲟⲩⲁϣⲁϩⲟⲙ"/><!-- ⲟⲩ...ⲁϣⲁϩⲟⲙ -->
<feat xlink:href="#norm_group_285" value="ⲙⲛ"/><!-- ⲙⲛ -->
<feat xlink:href="#norm_group_286" value="ⲟⲩⲙⲕⲁϩ"/><!-- ⲟⲩ...ⲙⲕⲁϩ -->
<feat xlink:href="#norm_group_288" value="ⲛϩⲏⲧ"/><!-- ⲛϩⲏⲧ -->
<feat xlink:href="#norm_group_289" value="ⲁⲩⲱ"/><!-- ⲁⲩⲱ -->
<feat xlink:href="#norm_group_290" value="ⲛⲧⲟ"/><!-- ⲛⲧⲟ -->
<feat xlink:href="#norm_group_291" value="ⲛⲧⲉⲕⲧⲟ"/><!-- ⲛ...ⲧⲟ -->
<feat xlink:href="#norm_group_294" value="ⲉⲡⲟⲩϩⲁⲓ"/><!-- ⲉ...ϩⲁⲓ -->
<feat xlink:href="#norm_group_297" value="ⲁⲩⲱ"/><!-- ⲁⲩⲱ -->
<feat xlink:href="#norm_group_298" value="ⲉϥⲉⲣϫⲟⲉⲓⲥ"/><!-- ⲉϥⲉ...ϫⲟⲉⲓⲥ -->
<feat xlink:href="#norm_group_301" value="ⲉϫⲱ"/><!-- ⲉϫⲱ -->
<feat xlink:href="#norm_group_302" value="ⲡⲉϫⲁϥ"/><!-- ⲡⲉϫⲁ...ϥ -->
<feat xlink:href="#norm_group_304" value="ⲇⲉ"/><!-- ⲇⲉ -->
<feat xlink:href="#norm_group_305" value="ⲛⲁⲇⲁⲙ"/><!-- ⲛ...ⲁⲇⲁⲙ -->
<feat xlink:href="#norm_group_307" value="ϫⲉ"/><!-- ϫⲉ -->
<feat xlink:href="#norm_group_308" value="ⲉⲃⲟⲗ"/><!-- ⲉⲃⲟⲗ -->
<feat xlink:href="#norm_group_309" value="ϫⲉ"/><!-- ϫⲉ -->
<feat xlink:href="#norm_group_310" value="ⲁⲕⲥⲱⲧⲙ"/><!-- ⲁ...ⲥⲱⲧⲙ -->
<feat xlink:href="#norm_group_313" value="ⲉⲡⲉϩⲣⲟⲟⲩ"/><!-- ⲉ...ϩⲣⲟⲟⲩ -->
<feat xlink:href="#norm_group_316" value="ⲛⲧⲉⲕⲥϩⲓⲙⲉ"/><!-- ⲛ...ⲥϩⲓⲙⲉ -->
<feat xlink:href="#norm_group_319" value="ⲁⲕⲟⲩⲱⲙ"/><!-- ⲁ...ⲟⲩⲱⲙ -->
<feat xlink:href="#norm_group_322" value="ⲉⲃⲟⲗ"/><!-- ⲉⲃⲟⲗ -->
<feat xlink:href="#norm_group_323" value="ϩⲙ"/><!-- ϩⲙ -->
<feat xlink:href="#norm_group_324" value="ⲡϣⲏⲛ"/><!-- ⲡ...ϣⲏⲛ -->
<feat xlink:href="#norm_group_326" value="ⲡⲁⲓ"/><!-- ⲡⲁⲓ -->
<feat xlink:href="#norm_group_327" value="ⲛⲧⲁⲓϩⲱⲛ"/><!-- ⲛⲧ...ϩⲱⲛ -->
<feat xlink:href="#norm_group_331" value="ⲉⲧⲟⲟⲧⲕ"/><!-- ⲉ...ⲕ -->
<feat xlink:href="#norm_group_334" value="ⲉⲧⲙⲟⲩⲱⲙ"/><!-- ⲉ...ⲟⲩⲱⲙ -->
<feat xlink:href="#norm_group_337" value="ⲉⲃⲟⲗ"/><!-- ⲉⲃⲟⲗ -->
<feat xlink:href="#norm_group_338" value="ⲛϩⲏⲧϥ"/><!-- ⲛϩⲏⲧ...ϥ -->
<feat xlink:href="#norm_group_340" value="ⲙⲁⲩⲁⲁϥ"/><!-- ⲙⲁⲩⲁⲁ...ϥ -->
<feat xlink:href="#norm_group_342" value="ⲁⲩⲱ"/><!-- ⲁⲩⲱ -->
<feat xlink:href="#norm_group_343" value="ⲁⲕⲟⲩⲱⲙ"/><!-- ⲁ...ⲟⲩⲱⲙ -->
<feat xlink:href="#norm_group_346" value="ⲉϥⲉϣⲱⲡⲉ"/><!-- ⲉϥⲉ...ϣⲱⲡⲉ -->
<feat xlink:href="#norm_group_348" value="ⲉϥⲥϩⲟⲩⲟⲣⲧ"/><!-- ⲉ...ⲥϩⲟⲩⲟⲣⲧ -->
<feat xlink:href="#norm_group_351" value="ⲛϭⲓ"/><!-- ⲛϭⲓ -->
<feat xlink:href="#norm_group_352" value="ⲡⲕⲁϩ"/><!-- ⲡ...ⲕⲁϩ -->
<feat xlink:href="#norm_group_354" value="ⲉⲃⲟⲗ"/><!-- ⲉⲃⲟⲗ -->
<feat xlink:href="#norm_group_355" value="ϩⲛ"/><!-- ϩⲛ -->
<feat xlink:href="#norm_group_356" value="ⲛⲉⲕⲃⲏⲩⲉ"/><!-- ⲛⲉⲕⲃⲏⲩⲉ -->
<feat xlink:href="#norm_group_357" value="ⲛⲛⲉϥⲟⲩⲱϩ"/><!-- ⲛⲛⲉ...ⲟⲩⲱϩ -->
<feat xlink:href="#norm_group_360" value="ⲉⲧⲟⲟⲧϥ"/><!-- ⲉⲧⲟⲟⲧ...ϥ -->
<feat xlink:href="#norm_group_362" value="ⲉϯ"/><!-- ⲉ...ϯ -->
<feat xlink:href="#norm_group_364" value="ⲛⲁⲕ"/><!-- ⲛⲁ...ⲕ -->
<feat xlink:href="#norm_group_366" value="ⲛⲧⲉϥϭⲟⲙ"/><!-- ⲛ...ϭⲟⲙ -->
<feat xlink:href="#norm_group_369" value="ⲡⲉⲕⲟⲉⲓⲕ"/><!-- ⲡⲉⲕ...ⲟⲉⲓⲕ -->
<feat xlink:href="#norm_group_371" value="ⲉⲕⲉⲟⲩⲱⲙϥ"/><!-- ⲉⲕⲉ...ϥ -->
<feat xlink:href="#norm_group_374" value="ϩⲛ"/><!-- ϩⲛ -->
<feat xlink:href="#norm_group_375" value="ⲟⲩⲙⲕⲁϩ"/><!-- ⲟⲩ...ⲙⲕⲁϩ -->
<feat xlink:href="#norm_group_377" value="ⲛϩⲏⲧ"/><!-- ⲛϩⲏⲧ -->
<feat xlink:href="#norm_group_378" value="ⲛⲛⲉϩⲟⲟⲩ"/><!-- ⲛ...ϩⲟⲟⲩ -->
<feat xlink:href="#norm_group_381" value="ⲧⲏⲣⲟⲩ"/><!-- ⲧⲏⲣ...ⲟⲩ -->
<feat xlink:href="#norm_group_383" value="ⲙⲡⲉⲕⲱⲛϩ"/><!-- ⲙ...ⲱⲛϩ -->
<feat xlink:href="#norm_group_386" value="ⲁⲩⲱ"/><!-- ⲁⲩⲱ -->
<feat xlink:href="#norm_group_387" value="ⲉϥⲉⲧⲁⲟⲩⲟ"/><!-- ⲉϥⲉ...ⲧⲁⲟⲩⲟ -->
<feat xlink:href="#norm_group_389" value="ⲛⲁⲕ"/><!-- ⲛⲁ...ⲕ -->
<feat xlink:href="#norm_group_391" value="ⲉϩⲣⲁⲓ"/><!-- ⲉϩⲣⲁⲓ -->
<feat xlink:href="#norm_group_392" value="ⲛϩⲛϣⲟⲛⲧⲉ"/><!-- ⲛϩⲛϣⲟⲛⲧⲉ -->
<feat xlink:href="#norm_group_393" value="ⲙⲛ"/><!-- ⲙⲛ -->
<feat xlink:href="#norm_group_394" value="ϩⲛⲁⲣⲟⲟⲩⲉ"/><!-- ϩⲛ...ⲁⲣⲟⲟⲩⲉ -->
<feat xlink:href="#norm_group_396" value="ⲁⲩⲱ"/><!-- ⲁⲩⲱ -->
<feat xlink:href="#norm_group_397" value="ⲉⲕⲉⲟⲩⲱⲙ"/><!-- ⲉⲕⲉ...ⲟⲩⲱⲙ -->
<feat xlink:href="#norm_group_399" value="ⲙⲡⲉⲭⲟⲣⲧⲟⲥ"/><!-- ⲙ...ⲭⲟⲣⲧⲟⲥ -->
<feat xlink:href="#norm_group_402" value="ⲛⲧⲥⲱϣⲉ"/><!-- ⲛ...ⲥⲱϣⲉ -->
<feat xlink:href="#norm_group_405" value="ⲁⲩⲱ"/><!-- ⲁⲩⲱ -->
<feat xlink:href="#norm_group_406" value="ⲉⲕⲉⲟⲩⲱⲙ"/><!-- ⲉⲕⲉ...ⲟⲩⲱⲙ -->
<feat xlink:href="#norm_group_408" value="ⲙⲡⲉⲕⲟⲉⲓⲕ"/><!-- ⲙ...ⲟⲉⲓⲕ -->
<feat xlink:href="#norm_group_411" value="ϩⲛ"/><!-- ϩⲛ -->
<feat xlink:href="#norm_group_412" value="ⲧⲃⲱⲧⲉ"/><!-- ⲧⲃⲱⲧⲉ -->
<feat xlink:href="#norm_group_413" value="ⲙⲡⲉⲕϩⲟ"/><!-- ⲙ...ϩⲟ -->
<feat xlink:href="#norm_group_416" value="ϣⲁⲛⲧⲉⲕⲕⲟⲟⲧⲕ"/><!-- ϣⲁⲛⲧⲉⲕⲕⲟⲟⲧⲕ -->
<feat xlink:href="#norm_group_417" value="ⲉϩⲣⲁⲓ"/><!-- ⲉϩⲣⲁⲓ -->
<feat xlink:href="#norm_group_418" value="ⲉⲡⲕⲁϩ"/><!-- ⲉ...ⲕⲁϩ -->
<feat xlink:href="#norm_group_421" value="ⲛⲧⲁⲩϫⲓⲧⲕ"/><!-- ⲛⲧ...ⲕ -->
<feat xlink:href="#norm_group_426" value="ⲉⲃⲟⲗ"/><!-- ⲉⲃⲟⲗ -->
<feat xlink:href="#norm_group_427" value="ⲛϩⲏⲧϥ"/><!-- ⲛϩⲏⲧ...ϥ -->
<feat xlink:href="#norm_group_429" value="ϫⲉ"/><!-- ϫⲉ -->
<feat xlink:href="#norm_group_430" value="ⲛⲧⲕ"/><!-- ⲛⲧⲕ -->
<feat xlink:href="#norm_group_431" value="ⲟⲩⲕⲁϩ"/><!-- ⲟⲩ...ⲕⲁϩ -->
<feat xlink:href="#norm_group_433" value="ⲕⲛⲁⲕⲟⲧⲕ"/><!-- ⲕ...ⲕ -->
<feat xlink:href="#norm_group_437" value="ⲟⲛ"/><!-- ⲟⲛ -->
<feat xlink:href="#norm_group_438" value="ⲡⲕⲁϩ"/><!-- ⲡ...ⲕⲁϩ -->
<feat xlink:href="#norm_group_440" value="ⲁⲇⲁⲙ"/><!-- ⲁⲇⲁⲙ -->
<feat xlink:href="#norm_group_441" value="ⲇⲉ"/><!-- ⲇⲉ -->
<feat xlink:href="#norm_group_442" value="ⲁϥⲙⲟⲩⲧⲉ"/><!-- ⲁ...ⲙⲟⲩⲧⲉ -->
<feat xlink:href="#norm_group_445" value="ⲉⲡⲣⲁⲛ"/><!-- ⲉ...ⲣⲁⲛ -->
<feat xlink:href="#norm_group_448" value="ⲛⲧⲉϥⲥϩⲓⲙⲉ"/><!-- ⲛ...ⲥϩⲓⲙⲉ -->
<feat xlink:href="#norm_group_451" value="ϫⲉ"/><!-- ϫⲉ -->
<feat xlink:href="#norm_group_452" value="ⲍⲱⲏ"/><!-- ⲍⲱⲏ -->
<feat xlink:href="#norm_group_453" value="ⲉⲧⲉ"/><!-- ⲉⲧⲉ -->
<feat xlink:href="#norm_group_454" value="ⲧⲁⲓ"/><!-- ⲧⲁⲓ -->
<feat xlink:href="#norm_group_455" value="ⲧⲉ"/><!-- ⲧⲉ -->
<feat xlink:href="#norm_group_456" value="ⲧⲙⲁⲁⲩ"/><!-- ⲧ...ⲙⲁⲁⲩ -->
<feat xlink:href="#norm_group_458" value="ⲛⲛⲉⲧⲟⲛϩ"/><!-- ⲛ...ⲟⲛϩ -->
<feat xlink:href="#norm_group_462" value="ⲧⲏⲣⲟⲩ"/><!-- ⲧⲏⲣ...ⲟⲩ -->
<feat xlink:href="#norm_group_464" value="ⲁⲩⲱ"/><!-- ⲁⲩⲱ -->
<feat xlink:href="#norm_group_465" value="ⲁⲡϫⲟⲉⲓⲥ"/><!-- ⲁ...ⲥ -->
<feat xlink:href="#norm_group_470" value="ⲡⲛⲟⲩⲧⲉ"/><!-- ⲡ...ⲛⲟⲩⲧⲉ -->
<feat xlink:href="#norm_group_472" value="ⲧⲁⲙⲓⲟ"/><!-- ⲧⲁⲙⲓⲟ -->
<feat xlink:href="#norm_group_473" value="ⲛϩⲉⲛϣⲧⲏⲛ"/><!-- ⲛ...ϣⲧⲏⲛ -->
<feat xlink:href="#norm_group_476" value="ⲛϣⲁⲁⲣ"/><!-- ⲛ...ϣⲁⲁⲣ -->
<feat xlink:href="#norm_group_478" value="ⲛⲁⲇⲁⲙ"/><!-- ⲛ...ⲁⲇⲁⲙ -->
<feat xlink:href="#norm_group_480" value="ⲙⲛ"/><!-- ⲙⲛ -->
<feat xlink:href="#norm_group_481" value="ⲧⲉϥⲥϩⲓⲙⲉ"/><!-- ⲧⲉϥ...ⲥϩⲓⲙⲉ -->
<feat xlink:href="#norm_group_483" value="ⲁⲩⲧⲁⲁⲩ"/><!-- ⲁ...ⲩ -->
<feat xlink:href="#norm_group_487" value="ϩⲓⲱⲟⲩ"/><!-- ϩⲓⲱ...ⲟⲩ -->
<feat xlink:href="#norm_group_489" value="ⲡⲉϫⲁϥ"/><!-- ⲡⲉϫⲁ...ϥ -->
<feat xlink:href="#norm_group_491" value="ⲛϭⲓ"/><!-- ⲛϭⲓ -->
<feat xlink:href="#norm_group_492" value="ⲡϫⲟⲉⲓⲥ"/><!-- ⲡ...ϫⲟⲉⲓⲥ -->
<feat xlink:href="#norm_group_494" value="ⲡⲛⲟⲩⲧⲉ"/><!-- ⲡ...ⲛⲟⲩⲧⲉ -->
<feat xlink:href="#norm_group_496" value="ϫⲉ"/><!-- ϫⲉ -->
<feat xlink:href="#norm_group_497" value="ⲉⲓⲥ"/><!-- ⲉⲓⲥ -->
<feat xlink:href="#norm_group_498" value="ⲁⲇⲁⲙ"/><!-- ⲁⲇⲁⲙ -->
<feat xlink:href="#norm_group_499" value="ⲁϥⲣ"/><!-- ⲁ...ⲣ -->
<feat xlink:href="#norm_group_502" value="ⲧϩⲉ"/><!-- ⲑ...ⲉ -->
<feat xlink:href="#norm_group_504" value="ⲛⲟⲩⲁ"/><!-- ⲛ...ⲟⲩⲁ -->
<feat xlink:href="#norm_group_506" value="ⲙⲙⲟⲛ"/><!-- ⲙⲙⲟ...ⲛ -->
<feat xlink:href="#norm_group_508" value="ⲉⲧⲣⲉϥⲥⲟⲩ"/><!-- ⲉⲧⲣⲉϥⲥⲟⲩ -->
<feat xlink:href="#norm_group_509" value="ⲛⲡⲡⲉⲧⲛⲁⲛⲟⲩϥ"/><!-- ⲛ...ϥ -->
<feat xlink:href="#norm_group_515" value="ⲙⲛ"/><!-- ⲙⲛ -->
<feat xlink:href="#norm_group_516" value="ⲡⲡⲉⲑⲟⲟⲩ"/><!-- ⲡ...ⲡⲉⲑⲟⲟⲩ -->
<feat xlink:href="#norm_group_518" value="ⲙⲏ"/><!-- ⲙⲏ -->
<feat xlink:href="#norm_group_519" value="ⲡⲟⲧⲉ"/><!-- ⲡⲟⲧⲉ -->
<feat xlink:href="#norm_group_520" value="ⲛϥⲥⲟⲟⲩⲧⲛ"/><!-- ⲛ...ⲥⲟⲟⲩⲧⲛ -->
<feat xlink:href="#norm_group_523" value="ⲉⲃⲟⲗ"/><!-- ⲉⲃⲟⲗ -->
<feat xlink:href="#norm_group_524" value="ⲛⲧⲉϥϭⲓϫ"/><!-- ⲛ...ϭⲓϫ -->
<feat xlink:href="#norm_group_527" value="ⲛϥϫⲓ"/><!-- ⲛ...ϫⲓ -->
<feat xlink:href="#norm_group_530" value="ⲉⲃⲟⲗ"/><!-- ⲉⲃⲟⲗ -->
<feat xlink:href="#norm_group_531" value="ϩⲙ"/><!-- ϩⲙ -->
<feat xlink:href="#norm_group_532" value="ⲡϣⲏⲛ"/><!-- ⲡ...ϣⲏⲛ -->
<feat xlink:href="#norm_group_534" value="ⲙⲡⲱⲛϩ"/><!-- ⲙ...ⲱⲛϩ -->
<feat xlink:href="#norm_group_537" value="ⲛⲉϥⲟⲩⲱⲙ"/><!-- ⲛⲉ...ⲟⲩⲱⲙ -->
<feat xlink:href="#norm_group_540" value="ⲛϥⲱⲛϩ"/><!-- ⲛ...ⲱⲛϩ -->
<feat xlink:href="#norm_group_543" value="ϣⲁ"/><!-- ϣⲁ -->
<feat xlink:href="#norm_group_544" value="ⲉⲛⲉϩ"/><!-- ⲉⲛⲉϩ -->
<feat xlink:href="#norm_group_545" value="ⲁⲩⲱ"/><!-- ⲁⲩⲱ -->
<feat xlink:href="#norm_group_546" value="ⲁⲡϫⲟⲉⲓⲥ"/><!-- ⲁ...ⲥ -->
<feat xlink:href="#norm_group_551" value="ⲡⲛⲟⲩⲧⲉ"/><!-- ⲡ...ⲛⲟⲩⲧⲉ -->
<feat xlink:href="#norm_group_553" value="ⲛⲟϫϥ"/><!-- ⲛⲟϫ...ϥ -->
<feat xlink:href="#norm_group_555" value="ⲉⲃⲟⲗ"/><!-- ⲉⲃⲟⲗ -->
<feat xlink:href="#norm_group_556" value="ϩⲙ"/><!-- ϩⲙ -->
<feat xlink:href="#norm_group_557" value="ⲡⲡⲁⲣⲁⲇⲓⲥⲟⲥ"/><!-- ⲡ...ⲡⲁⲣⲁⲇⲓⲥⲟⲥ -->
<feat xlink:href="#norm_group_559" value="ⲛⲧⲉⲧⲣⲩⲫⲏ"/><!-- ⲛ...ⲧⲣⲩⲫⲏ -->
<feat xlink:href="#norm_group_562" value="ⲉⲧⲣⲉϥⲣϩⲱⲃ"/><!-- ⲉ...ϩⲱⲃ -->
<feat xlink:href="#norm_group_567" value="ⲉⲡⲕⲁϩ"/><!-- ⲉ...ⲕⲁϩ -->
<feat xlink:href="#norm_group_570" value="ⲛⲧⲁⲩϫⲓⲧϥ"/><!-- ⲛⲧ...ϥ -->
<feat xlink:href="#norm_group_575" value="ⲉⲃⲟⲗ"/><!-- ⲉⲃⲟⲗ -->
<feat xlink:href="#norm_group_576" value="ⲛϩⲏⲧϥ"/><!-- ⲛϩⲏⲧ...ϥ -->
<feat xlink:href="#norm_group_578" value="ⲁϥⲕⲁⲁϥ"/><!-- ⲁ...ϥ -->
<feat xlink:href="#norm_group_582" value="ⲙⲡⲉⲙⲧⲟ"/><!-- ⲙ...ⲙⲧⲟ -->
<feat xlink:href="#norm_group_585" value="ⲉⲃⲟⲗ"/><!-- ⲉⲃⲟⲗ -->
<feat xlink:href="#norm_group_586" value="ⲙⲡⲡⲁⲣⲁⲇⲓⲥⲟⲥ"/><!-- ⲙ...ⲡⲁⲣⲁⲇⲓⲥⲟⲥ -->
<feat xlink:href="#norm_group_589" value="ⲛⲧⲉⲧⲣⲩⲫⲏ"/><!-- ⲛ...ⲧⲣⲩⲫⲏ -->
<feat xlink:href="#norm_group_592" value="ⲁⲩⲱ"/><!-- ⲁⲩⲱ -->
<feat xlink:href="#norm_group_593" value="ⲁϥⲕⲱ"/><!-- ⲁ...ⲕⲱ -->
<feat xlink:href="#norm_group_596" value="ⲙⲡⲉⲭⲉⲣⲟⲩⲃⲓⲛ"/><!-- ⲙ...ⲭⲉⲣⲟⲩⲃⲓⲛ -->
<feat xlink:href="#norm_group_599" value="ⲁⲩⲱ"/><!-- ⲁⲩⲱ -->
<feat xlink:href="#norm_group_600" value="ⲧⲥⲏϥⲉ"/><!-- ⲧ...ⲥⲏϥⲉ -->
<feat xlink:href="#norm_group_602" value="ⲛⲥⲁⲧⲉ"/><!-- ⲛ...ⲥⲁⲧⲉ -->
<feat xlink:href="#norm_group_604" value="ⲉⲥⲕⲱⲧⲉ"/><!-- ⲉ...ⲕⲱⲧⲉ -->
<feat xlink:href="#norm_group_607" value="ⲁⲩⲱ"/><!-- ⲁⲩⲱ -->
<feat xlink:href="#norm_group_608" value="ⲉⲥϩⲁⲣⲉϩ"/><!-- ⲉ...ϩⲁⲣⲉϩ -->
<feat xlink:href="#norm_group_611" value="ⲉⲧⲉϩⲓⲏ"/><!-- ⲉ...ϩⲓⲏ -->
<feat xlink:href="#norm_group_614" value="ⲙⲡϣⲏⲛ"/><!-- ⲙ...ϣⲏⲛ -->
<feat xlink:href="#norm_group_617" value="ⲙⲡⲱⲛϩ"/><!-- ⲙ...ⲱⲛϩ -->
<feat xlink:href="#norm_group_620" value="."/><!-- . -->
<feat xlink:href="#norm_group_621" value="."/><!-- . -->
<feat xlink:href="#norm_group_622" value="."/><!-- . -->
</featList>
</paula>
