<?xml version='1.0' encoding='UTF-8'?><!DOCTYPE paula SYSTEM "paula_feat.dtd">
<paula version="1.1">
	<header paula_id="scriptorium.01_Genesis_03.mark_vname"/>
	<featList xmlns:xlink="http://www.w3.org/1999/xlink" type="vname" xml:base="scriptorium.01_Genesis_03.mark.xml">
		<feat xlink:href="#sSpan1" value="Genesis 3:2"/>
		<feat xlink:href="#sSpan13" value="Genesis 3:3"/>
		<feat xlink:href="#sSpan66" value="Genesis 3:4"/>
		<feat xlink:href="#sSpan88" value="Genesis 3:5"/>
		<feat xlink:href="#sSpan123" value="Genesis 3:6"/>
		<feat xlink:href="#sSpan200" value="Genesis 3:7"/>
		<feat xlink:href="#sSpan242" value="Genesis 3:8"/>
		<feat xlink:href="#sSpan264" value="Genesis 3:9"/>
		<feat xlink:href="#sSpan298" value="Genesis 3:10"/>
		<feat xlink:href="#sSpan342" value="Genesis 3:11"/>
		<feat xlink:href="#sSpan419" value="Genesis 3:12"/>
		<feat xlink:href="#sSpan446" value="Genesis 3:13"/>
		<feat xlink:href="#sSpan496" value="Genesis 3:14"/>
		<feat xlink:href="#sSpan583" value="Genesis 3:15"/>
		<feat xlink:href="#sSpan635" value="Genesis 3:16"/>
		<feat xlink:href="#sSpan707" value="Genesis 3:17"/>
		<feat xlink:href="#sSpan834" value="Genesis 3:18"/>
		<feat xlink:href="#sSpan864" value="Genesis 3:19"/>
		<feat xlink:href="#sSpan919" value="Genesis 3:20"/>
		<feat xlink:href="#sSpan955" value="Genesis 3:21"/>
		<feat xlink:href="#sSpan989" value="Genesis 3:22"/>
		<feat xlink:href="#sSpan1077" value="Genesis 3:23"/>
		<feat xlink:href="#sSpan1124" value="Genesis 3:24"/></featList></paula>