<?xml version='1.0' encoding='UTF-8'?><!DOCTYPE paula SYSTEM "paula_feat.dtd">
<paula version="1.1">
	<header paula_id="scriptorium.01_Genesis_03.mark_translation"/>
	<featList xmlns:xlink="http://www.w3.org/1999/xlink" type="translation" xml:base="scriptorium.01_Genesis_03.mark.xml">
		<feat xlink:href="#sSpan1" value="And the woman said to the serpent, We may eat of the fruit of the trees of the garden,"/>
		<feat xlink:href="#sSpan13" value="but of the fruit of the tree which is in the midst of the garden, God said, Ye shall not eat of it, neither shall ye touch it, lest ye die."/>
		<feat xlink:href="#sSpan66" value="And the serpent said to the woman, Ye shall not surely die."/>
		<feat xlink:href="#sSpan88" value="For God knew that in whatever day ye should eat of it your eyes would be opened, and ye would be as gods, knowing good and evil."/>
		<feat xlink:href="#sSpan123" value="And the woman saw that the tree was good for food, and that it was pleasant to the eyes to look upon and beautiful to contemplate, and having taken of its fruit she ate, and she gave to her husband also with her, and they ate."/>
		<feat xlink:href="#sSpan200" value="And the eyes of both were opened, and they perceived that they were naked, and they sewed fig leaves together, and made themselves aprons to go round them."/>
		<feat xlink:href="#sSpan242" value="And they heard the voice of the Lord God walking in the garden in the afternoon; and both Adam and his wife hid themselves from the face of the Lord God in the midst of the trees of the garden."/>
		<feat xlink:href="#sSpan264" value="And the Lord God called Adam and said to him, Adam, where art thou?"/>
		<feat xlink:href="#sSpan298" value="And he said to him, I heard thy voice as thou walkedst in the garden, and I feared because I was naked and I hid myself."/>
		<feat xlink:href="#sSpan342" value="And God said to him, Who told thee that thou wast naked, unless thou hast eaten of the tree concerning which I charged thee of it alone not to eat?"/>
		<feat xlink:href="#sSpan419" value="And Adam said, The woman whom thou gavest to be with meshe gave me of the tree and I ate."/>
		<feat xlink:href="#sSpan446" value="And the Lord God said to the woman, Why hast thou done this? And the woman said, The serpent deceived me and I ate."/>
		<feat xlink:href="#sSpan496" value="And the Lord God said to the serpent, Because thou hast done this thou art cursed above all cattle and all the brutes of the earth, on thy breast and belly thou shalt go, and thou shalt eat earth all the days of thy life."/>
		<feat xlink:href="#sSpan583" value="And I will put enmity between thee and the woman and between thy seed and her seed, he shalt watch against thy head, and thou shalt watch against his heel."/>
		<feat xlink:href="#sSpan635" value="And to the woman he said, I will greatly multiply thy pains and thy groanings; in pain thou shalt bring forth children, and thy submission shall be to thy husband, and he shall rule over thee."/>
		<feat xlink:href="#sSpan707" value="And to Adam he said, Because thou hast hearkened to the voice of thy wife, and eaten of the tree concerning which I charged thee of it only not to eatof that thou hast eaten, cursed the ground in thy labours, in pain shalt thou eat of it all the days of thy life."/>
		<feat xlink:href="#sSpan834" value="Thorns and thistles shall it bring forth to thee, and thou shalt eat the herb of the field."/>
		<feat xlink:href="#sSpan864" value="In the sweat of thy face shalt thou eat thy bread until thou return to the earth out of which thou wast taken, for earth thou art and to earth thou shalt return."/>
		<feat xlink:href="#sSpan919" value="And Adam called the name of his wife Life, because she was the mother of all living."/>
		<feat xlink:href="#sSpan955" value="And the Lord God made for Adam and his wife garments of skin, and clothed them."/>
		<feat xlink:href="#sSpan989" value="And God said, Behold, Adam is become as one of us, to know good and evil, and now lest at any time he stretch forth his hand, and take of the tree of life and eat, and he shall live forever"/>
		<feat xlink:href="#sSpan1077" value="So the Lord God sent him forth out of the garden of Delight to cultivate the ground out of which he was taken."/>
		<feat xlink:href="#sSpan1124" value="And he cast out Adam and caused him to dwell over against the garden of Delight, and stationed the cherubs and the fiery sword that turns about to keep the way of the tree of life."/></featList></paula>