<?xml version='1.0' encoding='UTF-8'?><!DOCTYPE paula SYSTEM "paula_feat.dtd">
<paula version="1.1">
	<header paula_id="scriptorium.01_Genesis_03.mark_pos"/>
	<featList xmlns:xlink="http://www.w3.org/1999/xlink" type="pos" xml:base="scriptorium.01_Genesis_03.mark.xml">
		<feat xlink:href="#sSpan2" value="PUNCT"/>
		<feat xlink:href="#sSpan4" value="PUNCT"/>
		<feat xlink:href="#sSpan6" value="PUNCT"/>
		<feat xlink:href="#sSpan8" value="N"/>
		<feat xlink:href="#sSpan10" value="PREP"/>
		<feat xlink:href="#sSpan12" value="ART"/>
		<feat xlink:href="#sSpan13" value="N"/>
		<feat xlink:href="#sSpan14" value="ADV"/>
		<feat xlink:href="#sSpan16" value="PREP"/>
		<feat xlink:href="#sSpan18" value="ART"/>
		<feat xlink:href="#sSpan19" value="N"/>
		<feat xlink:href="#sSpan20" value="ART"/>
		<feat xlink:href="#sSpan22" value="N"/>
		<feat xlink:href="#sSpan24" value="CONJ"/>
		<feat xlink:href="#sSpan26" value="APST"/>
		<feat xlink:href="#sSpan28" value="ART"/>
		<feat xlink:href="#sSpan29" value="N"/>
		<feat xlink:href="#sSpan30" value="ART"/>
		<feat xlink:href="#sSpan32" value="N"/>
		<feat xlink:href="#sSpan33" value="V"/>
		<feat xlink:href="#sSpan35" value="PREP"/>
		<feat xlink:href="#sSpan37" value="NPROP"/>
		<feat xlink:href="#sSpan39" value="CCIRC"/>
		<feat xlink:href="#sSpan41" value="PPERS"/>
		<feat xlink:href="#sSpan42" value="V"/>
		<feat xlink:href="#sSpan43" value="PREP"/>
		<feat xlink:href="#sSpan45" value="PPERO"/>
		<feat xlink:href="#sSpan46" value="PREP"/>
		<feat xlink:href="#sSpan48" value="PPERO"/>
		<feat xlink:href="#sSpan49" value="CONJ"/>
		<feat xlink:href="#sSpan51" value="NPROP"/>
		<feat xlink:href="#sSpan53" value="CCIRC"/>
		<feat xlink:href="#sSpan55" value="PPERS"/>
		<feat xlink:href="#sSpan56" value="N"/>
		<feat xlink:href="#sSpan58" value="VBD"/>
		<feat xlink:href="#sSpan60" value="PPERS"/>
		<feat xlink:href="#sSpan61" value="PTC"/>
		<feat xlink:href="#sSpan63" value="NPROP"/>
		<feat xlink:href="#sSpan65" value="CONJ"/>
		<feat xlink:href="#sSpan67" value="PPOS"/>
		<feat xlink:href="#sSpan69" value="N"/>
		<feat xlink:href="#sSpan70" value="ART"/>
		<feat xlink:href="#sSpan72" value="CREL"/>
		<feat xlink:href="#sSpan73" value="APST"/>
		<feat xlink:href="#sSpan74" value="PPERS"/>
		<feat xlink:href="#sSpan75" value="V"/>
		<feat xlink:href="#sSpan76" value="PREP"/>
		<feat xlink:href="#sSpan78" value="PPERO"/>
		<feat xlink:href="#sSpan79" value="CCIRC"/>
		<feat xlink:href="#sSpan81" value="PPERS"/>
		<feat xlink:href="#sSpan82" value="V"/>
		<feat xlink:href="#sSpan83" value="PREP"/>
		<feat xlink:href="#sSpan85" value="ART"/>
		<feat xlink:href="#sSpan87" value="N"/>
		<feat xlink:href="#sSpan88" value="APST"/>
		<feat xlink:href="#sSpan90" value="PPERS"/>
		<feat xlink:href="#sSpan92" value="V"/>
		<feat xlink:href="#sSpan94" value="CONJ"/>
		<feat xlink:href="#sSpan96" value="PPERS"/>
		<feat xlink:href="#sSpan99" value="VSTAT"/>
		<feat xlink:href="#sSpan101" value="V"/>
		<feat xlink:href="#sSpan104" value="VBD"/>
		<feat xlink:href="#sSpan106" value="PPERS"/>
		<feat xlink:href="#sSpan107" value="PREP"/>
		<feat xlink:href="#sSpan109" value="PPERO"/>
		<feat xlink:href="#sSpan110" value="PTC"/>
		<feat xlink:href="#sSpan112" value="ART"/>
		<feat xlink:href="#sSpan114" value="N"/>
		<feat xlink:href="#sSpan115" value="ART"/>
		<feat xlink:href="#sSpan117" value="N"/>
		<feat xlink:href="#sSpan118" value="CONJ"/>
		<feat xlink:href="#sSpan120" value="PINT"/>
		<feat xlink:href="#sSpan122" value="ART"/>
		<feat xlink:href="#sSpan124" value="CREL"/>
		<feat xlink:href="#sSpan125" value="APST"/>
		<feat xlink:href="#sSpan126" value="PPERS"/>
		<feat xlink:href="#sSpan127" value="V"/>
		<feat xlink:href="#sSpan128" value="PPERO"/>
		<feat xlink:href="#sSpan129" value="PREP"/>
		<feat xlink:href="#sSpan131" value="PPERO"/>
		<feat xlink:href="#sSpan132" value="CONJ"/>
		<feat xlink:href="#sSpan134" value="CFOC"/>
		<feat xlink:href="#sSpan136" value="PPERS"/>
		<feat xlink:href="#sSpan138" value="VSTAT"/>
		<feat xlink:href="#sSpan140" value="CONJ"/>
		<feat xlink:href="#sSpan142" value="CONJ"/>
		<feat xlink:href="#sSpan144" value="APST"/>
		<feat xlink:href="#sSpan146" value="PPERS"/>
		<feat xlink:href="#sSpan147" value="V"/>
		<feat xlink:href="#sSpan148" value="ADV"/>
		<feat xlink:href="#sSpan150" value="PREP"/>
		<feat xlink:href="#sSpan152" value="ART"/>
		<feat xlink:href="#sSpan154" value="N"/>
		<feat xlink:href="#sSpan155" value="PDEM"/>
		<feat xlink:href="#sSpan157" value="CREL"/>
		<feat xlink:href="#sSpan159" value="APST"/>
		<feat xlink:href="#sSpan160" value="PPERS"/>
		<feat xlink:href="#sSpan161" value="V"/>
		<feat xlink:href="#sSpan162" value="PREP"/>
		<feat xlink:href="#sSpan164" value="N"/>
		<feat xlink:href="#sSpan165" value="PPERO"/>
		<feat xlink:href="#sSpan166" value="CCIRC"/>
		<feat xlink:href="#sSpan168" value="NEG"/>
		<feat xlink:href="#sSpan169" value="V"/>
		<feat xlink:href="#sSpan170" value="ADV"/>
		<feat xlink:href="#sSpan173" value="PREP"/>
		<feat xlink:href="#sSpan176" value="PPERO"/>
		<feat xlink:href="#sSpan177" value="IMOD"/>
		<feat xlink:href="#sSpan179" value="PPERO"/>
		<feat xlink:href="#sSpan180" value="APST"/>
		<feat xlink:href="#sSpan182" value="PPERS"/>
		<feat xlink:href="#sSpan183" value="V"/>
		<feat xlink:href="#sSpan185" value="VBD"/>
		<feat xlink:href="#sSpan187" value="NPROP"/>
		<feat xlink:href="#sSpan189" value="CONJ"/>
		<feat xlink:href="#sSpan191" value="ART"/>
		<feat xlink:href="#sSpan193" value="N"/>
		<feat xlink:href="#sSpan194" value="CREL"/>
		<feat xlink:href="#sSpan196" value="APST"/>
		<feat xlink:href="#sSpan197" value="PPERS"/>
		<feat xlink:href="#sSpan198" value="V"/>
		<feat xlink:href="#sSpan199" value="PPERO"/>
		<feat xlink:href="#sSpan200" value="PDEM"/>
		<feat xlink:href="#sSpan202" value="PPERI"/>
		<feat xlink:href="#sSpan204" value="N"/>
		<feat xlink:href="#sSpan206" value="V"/>
		<feat xlink:href="#sSpan207" value="PDEM"/>
		<feat xlink:href="#sSpan209" value="APST"/>
		<feat xlink:href="#sSpan211" value="PPERS"/>
		<feat xlink:href="#sSpan212" value="V"/>
		<feat xlink:href="#sSpan214" value="VBD"/>
		<feat xlink:href="#sSpan216" value="ART"/>
		<feat xlink:href="#sSpan218" value="N"/>
		<feat xlink:href="#sSpan219" value="ART"/>
		<feat xlink:href="#sSpan221" value="N"/>
		<feat xlink:href="#sSpan222" value="PREP"/>
		<feat xlink:href="#sSpan224" value="ART"/>
		<feat xlink:href="#sSpan225" value="N"/>
		<feat xlink:href="#sSpan226" value="CONJ"/>
		<feat xlink:href="#sSpan228" value="PREP"/>
		<feat xlink:href="#sSpan230" value="PPERO"/>
		<feat xlink:href="#sSpan232" value="APST_PPERS"/>
		<feat xlink:href="#sSpan234" value="V"/>
		<feat xlink:href="#sSpan235" value="PREP"/>
		<feat xlink:href="#sSpan237" value="PDEM"/>
		<feat xlink:href="#sSpan238" value="N"/>
		<feat xlink:href="#sSpan239" value="VBD"/>
		<feat xlink:href="#sSpan241" value="ART"/>
		<feat xlink:href="#sSpan243" value="N"/>
		<feat xlink:href="#sSpan244" value="PREP"/>
		<feat xlink:href="#sSpan246" value="PPERO"/>
		<feat xlink:href="#sSpan247" value="CONJ"/>
		<feat xlink:href="#sSpan249" value="ART"/>
		<feat xlink:href="#sSpan251" value="N"/>
		<feat xlink:href="#sSpan252" value="ART"/>
		<feat xlink:href="#sSpan254" value="CREL"/>
		<feat xlink:href="#sSpan255" value="APST"/>
		<feat xlink:href="#sSpan256" value="PPERS"/>
		<feat xlink:href="#sSpan258" value="V"/>
		<feat xlink:href="#sSpan260" value="PREP"/>
		<feat xlink:href="#sSpan262" value="PPERO"/>
		<feat xlink:href="#sSpan263" value="APST"/>
		<feat xlink:href="#sSpan265" value="PPERS"/>
		<feat xlink:href="#sSpan266" value="V"/>
		<feat xlink:href="#sSpan268" value="VBD"/>
		<feat xlink:href="#sSpan270" value="ART"/>
		<feat xlink:href="#sSpan272" value="N"/>
		<feat xlink:href="#sSpan273" value="ART"/>
		<feat xlink:href="#sSpan275" value="N"/>
		<feat xlink:href="#sSpan276" value="PREP"/>
		<feat xlink:href="#sSpan278" value="ART"/>
		<feat xlink:href="#sSpan279" value="N"/>
		<feat xlink:href="#sSpan280" value="CONJ"/>
		<feat xlink:href="#sSpan282" value="CONJ"/>
		<feat xlink:href="#sSpan284" value="APST"/>
		<feat xlink:href="#sSpan286" value="PPERS"/>
		<feat xlink:href="#sSpan287" value="V"/>
		<feat xlink:href="#sSpan288" value="PREP"/>
		<feat xlink:href="#sSpan290" value="PDEM"/>
		<feat xlink:href="#sSpan291" value="N"/>
		<feat xlink:href="#sSpan292" value="PPERS"/>
		<feat xlink:href="#sSpan294" value="VSTAT"/>
		<feat xlink:href="#sSpan295" value="PPERI"/>
		<feat xlink:href="#sSpan297" value="CONJ"/>
		<feat xlink:href="#sSpan299" value="ART"/>
		<feat xlink:href="#sSpan301" value="N"/>
		<feat xlink:href="#sSpan302" value="IMOD"/>
		<feat xlink:href="#sSpan304" value="PPERO"/>
		<feat xlink:href="#sSpan305" value="PREP"/>
		<feat xlink:href="#sSpan307" value="ART"/>
		<feat xlink:href="#sSpan308" value="N"/>
		<feat xlink:href="#sSpan309" value="PREP"/>
		<feat xlink:href="#sSpan311" value="ART"/>
		<feat xlink:href="#sSpan313" value="N"/>
		<feat xlink:href="#sSpan314" value="PREP"/>
		<feat xlink:href="#sSpan316" value="ART"/>
		<feat xlink:href="#sSpan317" value="N"/>
		<feat xlink:href="#sSpan318" value="AOPT_PPERS"/>
		<feat xlink:href="#sSpan320" value="V"/>
		<feat xlink:href="#sSpan321" value="PREP"/>
		<feat xlink:href="#sSpan323" value="PPOS"/>
		<feat xlink:href="#sSpan325" value="N"/>
		<feat xlink:href="#sSpan326" value="CONJ"/>
		<feat xlink:href="#sSpan328" value="PREP"/>
		<feat xlink:href="#sSpan330" value="N"/>
		<feat xlink:href="#sSpan332" value="PPERO"/>
		<feat xlink:href="#sSpan333" value="CONJ"/>
		<feat xlink:href="#sSpan335" value="AOPT_PPERS"/>
		<feat xlink:href="#sSpan337" value="V"/>
		<feat xlink:href="#sSpan338" value="CCIRC"/>
		<feat xlink:href="#sSpan340" value="PPERS"/>
		<feat xlink:href="#sSpan341" value="V"/>
		<feat xlink:href="#sSpan342" value="N"/>
		<feat xlink:href="#sSpan344" value="PREP"/>
		<feat xlink:href="#sSpan346" value="ART"/>
		<feat xlink:href="#sSpan347" value="N"/>
		<feat xlink:href="#sSpan348" value="IMOD"/>
		<feat xlink:href="#sSpan350" value="PPERO"/>
		<feat xlink:href="#sSpan351" value="PREP"/>
		<feat xlink:href="#sSpan353" value="PPOS"/>
		<feat xlink:href="#sSpan354" value="N"/>
		<feat xlink:href="#sSpan356" value="PTC"/>
		<feat xlink:href="#sSpan358" value="V"/>
		<feat xlink:href="#sSpan359" value="PREP"/>
		<feat xlink:href="#sSpan361" value="ART"/>
		<feat xlink:href="#sSpan363" value="N"/>
		<feat xlink:href="#sSpan365" value="PREP"/>
		<feat xlink:href="#sSpan367" value="PPOS"/>
		<feat xlink:href="#sSpan369" value="N"/>
		<feat xlink:href="#sSpan370" value="PREP"/>
		<feat xlink:href="#sSpan372" value="ART"/>
		<feat xlink:href="#sSpan374" value="N"/>
		<feat xlink:href="#sSpan375" value="PREP"/>
		<feat xlink:href="#sSpan377" value="PPERO"/>
		<feat xlink:href="#sSpan378" value="PREP"/>
		<feat xlink:href="#sSpan380" value="PPOS"/>
		<feat xlink:href="#sSpan382" value="N"/>
		<feat xlink:href="#sSpan383" value="PREP"/>
		<feat xlink:href="#sSpan385" value="CONJ"/>
		<feat xlink:href="#sSpan387" value="PPOS"/>
		<feat xlink:href="#sSpan389" value="N"/>
		<feat xlink:href="#sSpan390" value="PPERI"/>
		<feat xlink:href="#sSpan392" value="AOPT_PPERS"/>
		<feat xlink:href="#sSpan394" value="V"/>
		<feat xlink:href="#sSpan395" value="N"/>
		<feat xlink:href="#sSpan397" value="V"/>
		<feat xlink:href="#sSpan398" value="PPERI"/>
		<feat xlink:href="#sSpan400" value="IMOD"/>
		<feat xlink:href="#sSpan402" value="PPERO"/>
		<feat xlink:href="#sSpan403" value="N"/>
		<feat xlink:href="#sSpan405" value="V"/>
		<feat xlink:href="#sSpan406" value="PREP"/>
		<feat xlink:href="#sSpan408" value="PPOS"/>
		<feat xlink:href="#sSpan409" value="N"/>
		<feat xlink:href="#sSpan411" value="APST"/>
		<feat xlink:href="#sSpan413" value="PPERS"/>
		<feat xlink:href="#sSpan414" value="V"/>
		<feat xlink:href="#sSpan415" value="PPERO"/>
		<feat xlink:href="#sSpan416" value="PTC"/>
		<feat xlink:href="#sSpan418" value="PREP"/>
		<feat xlink:href="#sSpan420" value="ART"/>
		<feat xlink:href="#sSpan421" value="N"/>
		<feat xlink:href="#sSpan422" value="VBD"/>
		<feat xlink:href="#sSpan424" value="PPERS"/>
		<feat xlink:href="#sSpan425" value="PREP"/>
		<feat xlink:href="#sSpan427" value="PPERO"/>
		<feat xlink:href="#sSpan428" value="CONJ"/>
		<feat xlink:href="#sSpan430" value="PREP"/>
		<feat xlink:href="#sSpan432" value="ART"/>
		<feat xlink:href="#sSpan435" value="N"/>
		<feat xlink:href="#sSpan437" value="PTC"/>
		<feat xlink:href="#sSpan439" value="V"/>
		<feat xlink:href="#sSpan440" value="N"/>
		<feat xlink:href="#sSpan442" value="CCIRC"/>
		<feat xlink:href="#sSpan444" value="V"/>
		<feat xlink:href="#sSpan445" value="V"/>
		<feat xlink:href="#sSpan446" value="PREP"/>
		<feat xlink:href="#sSpan448" value="PPOS"/>
		<feat xlink:href="#sSpan449" value="N"/>
		<feat xlink:href="#sSpan450" value="PREP"/>
		<feat xlink:href="#sSpan452" value="ART"/>
		<feat xlink:href="#sSpan455" value="N"/>
		<feat xlink:href="#sSpan457" value="PREP"/>
		<feat xlink:href="#sSpan459" value="ART"/>
		<feat xlink:href="#sSpan461" value="N"/>
		<feat xlink:href="#sSpan462" value="PREP"/>
		<feat xlink:href="#sSpan464" value="N"/>
		<feat xlink:href="#sSpan465" value="CONJ"/>
		<feat xlink:href="#sSpan467" value="PPERI"/>
		<feat xlink:href="#sSpan469" value="PREP"/>
		<feat xlink:href="#sSpan471" value="PPOS"/>
		<feat xlink:href="#sSpan472" value="N"/>
		<feat xlink:href="#sSpan473" value="PREP"/>
		<feat xlink:href="#sSpan475" value="PPOS"/>
		<feat xlink:href="#sSpan476" value="N"/>
		<feat xlink:href="#sSpan477" value="CONJ"/>
		<feat xlink:href="#sSpan479" value="AOPT_PPERS"/>
		<feat xlink:href="#sSpan482" value="V"/>
		<feat xlink:href="#sSpan484" value="PREP_PPERO"/>
		<feat xlink:href="#sSpan487" value="VBD"/>
		<feat xlink:href="#sSpan489" value="PPERS"/>
		<feat xlink:href="#sSpan490" value="PTC"/>
		<feat xlink:href="#sSpan492" value="PREP"/>
		<feat xlink:href="#sSpan494" value="NPROP"/>
		<feat xlink:href="#sSpan495" value="CONJ"/>
		<feat xlink:href="#sSpan497" value="ADV"/>
		<feat xlink:href="#sSpan499" value="CONJ"/>
		<feat xlink:href="#sSpan501" value="APST"/>
		<feat xlink:href="#sSpan503" value="PPERS"/>
		<feat xlink:href="#sSpan504" value="V"/>
		<feat xlink:href="#sSpan505" value="PREP"/>
		<feat xlink:href="#sSpan507" value="ART"/>
		<feat xlink:href="#sSpan508" value="N"/>
		<feat xlink:href="#sSpan509" value="PREP"/>
		<feat xlink:href="#sSpan511" value="PPOS"/>
		<feat xlink:href="#sSpan512" value="N"/>
		<feat xlink:href="#sSpan513" value="APST"/>
		<feat xlink:href="#sSpan515" value="PPERS"/>
		<feat xlink:href="#sSpan516" value="V"/>
		<feat xlink:href="#sSpan517" value="ADV"/>
		<feat xlink:href="#sSpan519" value="PREP"/>
		<feat xlink:href="#sSpan521" value="ART"/>
		<feat xlink:href="#sSpan523" value="N"/>
		<feat xlink:href="#sSpan524" value="PDEM"/>
		<feat xlink:href="#sSpan526" value="CREL"/>
		<feat xlink:href="#sSpan528" value="APST"/>
		<feat xlink:href="#sSpan529" value="PPERS"/>
		<feat xlink:href="#sSpan530" value="V"/>
		<feat xlink:href="#sSpan531" value="PREP"/>
		<feat xlink:href="#sSpan533" value="N"/>
		<feat xlink:href="#sSpan534" value="PPERO"/>
		<feat xlink:href="#sSpan535" value="CCIRC"/>
		<feat xlink:href="#sSpan537" value="NEG"/>
		<feat xlink:href="#sSpan538" value="V"/>
		<feat xlink:href="#sSpan539" value="ADV"/>
		<feat xlink:href="#sSpan542" value="PREP"/>
		<feat xlink:href="#sSpan545" value="PPERO"/>
		<feat xlink:href="#sSpan546" value="IMOD"/>
		<feat xlink:href="#sSpan548" value="PPERO"/>
		<feat xlink:href="#sSpan549" value="CONJ"/>
		<feat xlink:href="#sSpan551" value="APST"/>
		<feat xlink:href="#sSpan553" value="PPERS"/>
		<feat xlink:href="#sSpan554" value="V"/>
		<feat xlink:href="#sSpan555" value="AOPT_PPERS"/>
		<feat xlink:href="#sSpan557" value="V"/>
		<feat xlink:href="#sSpan558" value="CCIRC"/>
		<feat xlink:href="#sSpan560" value="PPERS"/>
		<feat xlink:href="#sSpan561" value="VSTAT"/>
		<feat xlink:href="#sSpan562" value="PTC"/>
		<feat xlink:href="#sSpan564" value="ART"/>
		<feat xlink:href="#sSpan566" value="N"/>
		<feat xlink:href="#sSpan567" value="ADV"/>
		<feat xlink:href="#sSpan569" value="PREP"/>
		<feat xlink:href="#sSpan571" value="N"/>
		<feat xlink:href="#sSpan573" value="ANEGOPT"/>
		<feat xlink:href="#sSpan575" value="PPERS"/>
		<feat xlink:href="#sSpan576" value="V"/>
		<feat xlink:href="#sSpan577" value="PREP"/>
		<feat xlink:href="#sSpan579" value="PPERO"/>
		<feat xlink:href="#sSpan580" value="CCIRC"/>
		<feat xlink:href="#sSpan582" value="V"/>
		<feat xlink:href="#sSpan583" value="PREP"/>
		<feat xlink:href="#sSpan585" value="PPERO"/>
		<feat xlink:href="#sSpan586" value="PREP"/>
		<feat xlink:href="#sSpan588" value="PPOS"/>
		<feat xlink:href="#sSpan589" value="N"/>
		<feat xlink:href="#sSpan590" value="PPOS"/>
		<feat xlink:href="#sSpan592" value="N"/>
		<feat xlink:href="#sSpan593" value="AOPT_PPERS"/>
		<feat xlink:href="#sSpan595" value="V"/>
		<feat xlink:href="#sSpan596" value="PPERO"/>
		<feat xlink:href="#sSpan597" value="PREP"/>
		<feat xlink:href="#sSpan599" value="ART"/>
		<feat xlink:href="#sSpan601" value="N"/>
		<feat xlink:href="#sSpan602" value="PREP"/>
		<feat xlink:href="#sSpan604" value="N"/>
		<feat xlink:href="#sSpan605" value="PREP"/>
		<feat xlink:href="#sSpan607" value="ART"/>
		<feat xlink:href="#sSpan608" value="N"/>
		<feat xlink:href="#sSpan609" value="IMOD"/>
		<feat xlink:href="#sSpan611" value="PPERO"/>
		<feat xlink:href="#sSpan612" value="PREP"/>
		<feat xlink:href="#sSpan614" value="PPOS"/>
		<feat xlink:href="#sSpan615" value="N"/>
		<feat xlink:href="#sSpan617" value="CONJ"/>
		<feat xlink:href="#sSpan619" value="AOPT_PPERS"/>
		<feat xlink:href="#sSpan621" value="V"/>
		<feat xlink:href="#sSpan622" value="PREP"/>
		<feat xlink:href="#sSpan624" value="PPERO"/>
		<feat xlink:href="#sSpan625" value="ADV"/>
		<feat xlink:href="#sSpan627" value="V"/>
		<feat xlink:href="#sSpan629" value="N"/>
		<feat xlink:href="#sSpan630" value="PREP"/>
		<feat xlink:href="#sSpan632" value="ART"/>
		<feat xlink:href="#sSpan634" value="N"/>
		<feat xlink:href="#sSpan635" value="CONJ"/>
		<feat xlink:href="#sSpan637" value="AOPT_PPERS"/>
		<feat xlink:href="#sSpan639" value="V"/>
		<feat xlink:href="#sSpan640" value="PREP"/>
		<feat xlink:href="#sSpan642" value="ART"/>
		<feat xlink:href="#sSpan643" value="N"/>
		<feat xlink:href="#sSpan644" value="PREP"/>
		<feat xlink:href="#sSpan646" value="ART"/>
		<feat xlink:href="#sSpan647" value="N"/>
		<feat xlink:href="#sSpan649" value="CONJ"/>
		<feat xlink:href="#sSpan651" value="AOPT_PPERS"/>
		<feat xlink:href="#sSpan653" value="V"/>
		<feat xlink:href="#sSpan654" value="PREP"/>
		<feat xlink:href="#sSpan656" value="PPOS"/>
		<feat xlink:href="#sSpan657" value="N"/>
		<feat xlink:href="#sSpan658" value="PREP"/>
		<feat xlink:href="#sSpan660" value="N"/>
		<feat xlink:href="#sSpan662" value="PREP"/>
		<feat xlink:href="#sSpan664" value="PPOS"/>
		<feat xlink:href="#sSpan665" value="N"/>
		<feat xlink:href="#sSpan666" value="ALIM"/>
		<feat xlink:href="#sSpan668" value="V"/>
		<feat xlink:href="#sSpan669" value="ADV"/>
		<feat xlink:href="#sSpan671" value="PREP"/>
		<feat xlink:href="#sSpan673" value="ART"/>
		<feat xlink:href="#sSpan674" value="N"/>
		<feat xlink:href="#sSpan675" value="CREL"/>
		<feat xlink:href="#sSpan677" value="APST"/>
		<feat xlink:href="#sSpan678" value="PPERS"/>
		<feat xlink:href="#sSpan679" value="V"/>
		<feat xlink:href="#sSpan680" value="PPERO"/>
		<feat xlink:href="#sSpan681" value="ADV"/>
		<feat xlink:href="#sSpan684" value="PREP"/>
		<feat xlink:href="#sSpan687" value="PPERO"/>
		<feat xlink:href="#sSpan688" value="CONJ"/>
		<feat xlink:href="#sSpan690" value="PPERI"/>
		<feat xlink:href="#sSpan692" value="ART"/>
		<feat xlink:href="#sSpan694" value="N"/>
		<feat xlink:href="#sSpan695" value="PPERS"/>
		<feat xlink:href="#sSpan697" value="FUT"/>
		<feat xlink:href="#sSpan698" value="V"/>
		<feat xlink:href="#sSpan699" value="PPERO"/>
		<feat xlink:href="#sSpan700" value="ADV"/>
		<feat xlink:href="#sSpan702" value="ART"/>
		<feat xlink:href="#sSpan704" value="N"/>
		<feat xlink:href="#sSpan706" value="NPROP"/>
		<feat xlink:href="#sSpan708" value="PTC"/>
		<feat xlink:href="#sSpan710" value="APST"/>
		<feat xlink:href="#sSpan712" value="PPERS"/>
		<feat xlink:href="#sSpan713" value="V"/>
		<feat xlink:href="#sSpan714" value="PREP"/>
		<feat xlink:href="#sSpan716" value="ART"/>
		<feat xlink:href="#sSpan717" value="N"/>
		<feat xlink:href="#sSpan718" value="PREP"/>
		<feat xlink:href="#sSpan720" value="PPOS"/>
		<feat xlink:href="#sSpan721" value="N"/>
		<feat xlink:href="#sSpan722" value="CONJ"/>
		<feat xlink:href="#sSpan724" value="N"/>
		<feat xlink:href="#sSpan726" value="CREL"/>
		<feat xlink:href="#sSpan728" value="PDEM"/>
		<feat xlink:href="#sSpan730" value="COP"/>
		<feat xlink:href="#sSpan732" value="ART"/>
		<feat xlink:href="#sSpan734" value="N"/>
		<feat xlink:href="#sSpan735" value="PREP"/>
		<feat xlink:href="#sSpan737" value="ART"/>
		<feat xlink:href="#sSpan738" value="CREL"/>
		<feat xlink:href="#sSpan739" value="VSTAT"/>
		<feat xlink:href="#sSpan740" value="IMOD"/>
		<feat xlink:href="#sSpan742" value="PPERO"/>
		<feat xlink:href="#sSpan744" value="CONJ"/>
		<feat xlink:href="#sSpan746" value="APST"/>
		<feat xlink:href="#sSpan748" value="ART"/>
		<feat xlink:href="#sSpan749" value="N"/>
		<feat xlink:href="#sSpan750" value="ART"/>
		<feat xlink:href="#sSpan752" value="N"/>
		<feat xlink:href="#sSpan753" value="V"/>
		<feat xlink:href="#sSpan755" value="PPERO"/>
		<feat xlink:href="#sSpan757" value="PREP"/>
		<feat xlink:href="#sSpan758" value="N"/>
		<feat xlink:href="#sSpan759" value="PREP"/>
		<feat xlink:href="#sSpan761" value="N"/>
		<feat xlink:href="#sSpan762" value="PREP"/>
		<feat xlink:href="#sSpan764" value="NPROP"/>
		<feat xlink:href="#sSpan765" value="PREP"/>
		<feat xlink:href="#sSpan767" value="PPOS"/>
		<feat xlink:href="#sSpan769" value="N"/>
		<feat xlink:href="#sSpan770" value="APST"/>
		<feat xlink:href="#sSpan772" value="PPERS"/>
		<feat xlink:href="#sSpan773" value="V"/>
		<feat xlink:href="#sSpan774" value="PPERO"/>
		<feat xlink:href="#sSpan775" value="PREP"/>
		<feat xlink:href="#sSpan777" value="PPERO"/>
		<feat xlink:href="#sSpan779" value="VBD"/>
		<feat xlink:href="#sSpan781" value="PPERS"/>
		<feat xlink:href="#sSpan782" value="PTC"/>
		<feat xlink:href="#sSpan784" value="ART"/>
		<feat xlink:href="#sSpan786" value="N"/>
		<feat xlink:href="#sSpan787" value="ART"/>
		<feat xlink:href="#sSpan789" value="N"/>
		<feat xlink:href="#sSpan790" value="CONJ"/>
		<feat xlink:href="#sSpan792" value="PTC"/>
		<feat xlink:href="#sSpan794" value="NPROP"/>
		<feat xlink:href="#sSpan796" value="APST"/>
		<feat xlink:href="#sSpan798" value="PPERS"/>
		<feat xlink:href="#sSpan799" value="V"/>
		<feat xlink:href="#sSpan800" value="ART"/>
		<feat xlink:href="#sSpan802" value="N"/>
		<feat xlink:href="#sSpan803" value="PREP"/>
		<feat xlink:href="#sSpan805" value="NUM"/>
		<feat xlink:href="#sSpan806" value="PREP"/>
		<feat xlink:href="#sSpan808" value="ART"/>
		<feat xlink:href="#sSpan809" value="N"/>
		<feat xlink:href="#sSpan811" value="PREP"/>
		<feat xlink:href="#sSpan813" value="ART"/>
		<feat xlink:href="#sSpan814" value="N"/>
		<feat xlink:href="#sSpan815" value="FUT"/>
		<feat xlink:href="#sSpan816" value="V"/>
		<feat xlink:href="#sSpan817" value="PPERO"/>
		<feat xlink:href="#sSpan818" value="PREP"/>
		<feat xlink:href="#sSpan820" value="ART"/>
		<feat xlink:href="#sSpan823" value="N"/>
		<feat xlink:href="#sSpan826" value="CONJ"/>
		<feat xlink:href="#sSpan828" value="N"/>
		<feat xlink:href="#sSpan830" value="ACONJ"/>
		<feat xlink:href="#sSpan832" value="PPERS"/>
		<feat xlink:href="#sSpan833" value="V"/>
		<feat xlink:href="#sSpan834" value="ADV"/>
		<feat xlink:href="#sSpan836" value="PREP"/>
		<feat xlink:href="#sSpan838" value="PPOS"/>
		<feat xlink:href="#sSpan839" value="N"/>
		<feat xlink:href="#sSpan840" value="ACONJ"/>
		<feat xlink:href="#sSpan842" value="PPERS"/>
		<feat xlink:href="#sSpan843" value="V"/>
		<feat xlink:href="#sSpan844" value="ADV"/>
		<feat xlink:href="#sSpan846" value="PREP"/>
		<feat xlink:href="#sSpan848" value="ART"/>
		<feat xlink:href="#sSpan850" value="N"/>
		<feat xlink:href="#sSpan851" value="PREP"/>
		<feat xlink:href="#sSpan853" value="ART"/>
		<feat xlink:href="#sSpan854" value="N"/>
		<feat xlink:href="#sSpan855" value="CPRET"/>
		<feat xlink:href="#sSpan857" value="PPERS"/>
		<feat xlink:href="#sSpan858" value="V"/>
		<feat xlink:href="#sSpan859" value="ACONJ"/>
		<feat xlink:href="#sSpan861" value="PPERS"/>
		<feat xlink:href="#sSpan862" value="V"/>
		<feat xlink:href="#sSpan863" value="PREP"/>
		<feat xlink:href="#sSpan865" value="N"/>
		<feat xlink:href="#sSpan868" value="CONJ"/>
		<feat xlink:href="#sSpan870" value="APST"/>
		<feat xlink:href="#sSpan872" value="ART"/>
		<feat xlink:href="#sSpan873" value="N"/>
		<feat xlink:href="#sSpan874" value="ART"/>
		<feat xlink:href="#sSpan876" value="N"/>
		<feat xlink:href="#sSpan877" value="V"/>
		<feat xlink:href="#sSpan879" value="PPERO"/>
		<feat xlink:href="#sSpan880" value="ADV"/>
		<feat xlink:href="#sSpan882" value="PREP"/>
		<feat xlink:href="#sSpan884" value="ART"/>
		<feat xlink:href="#sSpan886" value="N"/>
		<feat xlink:href="#sSpan887" value="PREP"/>
		<feat xlink:href="#sSpan889" value="ART"/>
		<feat xlink:href="#sSpan890" value="N"/>
		<feat xlink:href="#sSpan891" value="PREP"/>
		<feat xlink:href="#sSpan893" value="ACAUS"/>
		<feat xlink:href="#sSpan894" value="PPERS"/>
		<feat xlink:href="#sSpan896" value="V"/>
		<feat xlink:href="#sSpan898" value="PREP"/>
		<feat xlink:href="#sSpan900" value="ART"/>
		<feat xlink:href="#sSpan901" value="N"/>
		<feat xlink:href="#sSpan902" value="CREL"/>
		<feat xlink:href="#sSpan904" value="APST"/>
		<feat xlink:href="#sSpan905" value="PPERS"/>
		<feat xlink:href="#sSpan906" value="V"/>
		<feat xlink:href="#sSpan907" value="PPERO"/>
		<feat xlink:href="#sSpan908" value="ADV"/>
		<feat xlink:href="#sSpan911" value="PREP"/>
		<feat xlink:href="#sSpan914" value="PPERO"/>
		<feat xlink:href="#sSpan916" value="APST"/>
		<feat xlink:href="#sSpan918" value="PPERS"/>
		<feat xlink:href="#sSpan919" value="V"/>
		<feat xlink:href="#sSpan920" value="PPERO"/>
		<feat xlink:href="#sSpan921" value="PREP"/>
		<feat xlink:href="#sSpan923" value="ART"/>
		<feat xlink:href="#sSpan924" value="N"/>
		<feat xlink:href="#sSpan925" value="ADV"/>
		<feat xlink:href="#sSpan927" value="PREP"/>
		<feat xlink:href="#sSpan929" value="ART"/>
		<feat xlink:href="#sSpan930" value="N"/>
		<feat xlink:href="#sSpan931" value="PREP"/>
		<feat xlink:href="#sSpan933" value="ART"/>
		<feat xlink:href="#sSpan934" value="N"/>
		<feat xlink:href="#sSpan935" value="CONJ"/>
		<feat xlink:href="#sSpan937" value="APST"/>
		<feat xlink:href="#sSpan939" value="PPERS"/>
		<feat xlink:href="#sSpan940" value="V"/>
		<feat xlink:href="#sSpan941" value="PREP"/>
		<feat xlink:href="#sSpan943" value="ART"/>
		<feat xlink:href="#sSpan944" value="N"/>
		<feat xlink:href="#sSpan945" value="CONJ"/>
		<feat xlink:href="#sSpan947" value="ART"/>
		<feat xlink:href="#sSpan949" value="N"/>
		<feat xlink:href="#sSpan950" value="PREP"/>
		<feat xlink:href="#sSpan952" value="N"/>
		<feat xlink:href="#sSpan953" value="CCIRC"/>
		<feat xlink:href="#sSpan955" value="PPERS"/>
		<feat xlink:href="#sSpan956" value="V"/>
		<feat xlink:href="#sSpan957" value="CONJ"/>
		<feat xlink:href="#sSpan959" value="CFOC"/>
		<feat xlink:href="#sSpan961" value="PPERS"/>
		<feat xlink:href="#sSpan962" value="V"/>
		<feat xlink:href="#sSpan963" value="PREP"/>
		<feat xlink:href="#sSpan965" value="ART"/>
		<feat xlink:href="#sSpan966" value="N"/>
		<feat xlink:href="#sSpan967" value="PREP"/>
		<feat xlink:href="#sSpan969" value="ART"/>
		<feat xlink:href="#sSpan970" value="N"/>
		<feat xlink:href="#sSpan971" value="PREP"/>
		<feat xlink:href="#sSpan973" value="ART"/>
		<feat xlink:href="#sSpan974" value="N"/>
		<feat xlink:href="#sSpan975" value="PUNCT"/>
		<feat xlink:href="#sSpan977" value="PUNCT"/>
		<feat xlink:href="#sSpan979" value="PUNCT"/></featList></paula>