<?xml version='1.0' encoding='UTF-8'?><!DOCTYPE paula SYSTEM "paula_feat.dtd">
<paula version="1.1">
	<header paula_id="scriptorium.on_abbaton.02.mark_new_sent"/>
	<featList xmlns:xlink="http://www.w3.org/1999/xlink" type="new_sent" xml:base="scriptorium.on_abbaton.02.mark.xml">
		<feat xlink:href="#sSpan1" value="true"/>
		<feat xlink:href="#sSpan111" value="true"/>
		<feat xlink:href="#sSpan259" value="true"/>
		<feat xlink:href="#sSpan302" value="true"/>
		<feat xlink:href="#sSpan388" value="true"/>
		<feat xlink:href="#sSpan487" value="true"/>
		<feat xlink:href="#sSpan627" value="true"/>
		<feat xlink:href="#sSpan703" value="true"/>
		<feat xlink:href="#sSpan775" value="true"/>
		<feat xlink:href="#sSpan859" value="true"/>
		<feat xlink:href="#sSpan955" value="true"/>
		<feat xlink:href="#sSpan995" value="true"/>
		<feat xlink:href="#sSpan1083" value="true"/>
		<feat xlink:href="#sSpan1172" value="true"/>
		<feat xlink:href="#sSpan1279" value="true"/>
		<feat xlink:href="#sSpan1359" value="true"/>
		<feat xlink:href="#sSpan1444" value="true"/>
		<feat xlink:href="#sSpan1553" value="true"/>
		<feat xlink:href="#sSpan1718" value="true"/>
		<feat xlink:href="#sSpan1795" value="true"/>
		<feat xlink:href="#sSpan1915" value="true"/>
		<feat xlink:href="#sSpan2007" value="true"/>
		<feat xlink:href="#sSpan2164" value="true"/>
		<feat xlink:href="#sSpan2258" value="true"/>
		<feat xlink:href="#sSpan2362" value="true"/>
		<feat xlink:href="#sSpan2636" value="true"/>
		<feat xlink:href="#sSpan2713" value="true"/>
		<feat xlink:href="#sSpan2852" value="true"/>
		<feat xlink:href="#sSpan2891" value="true"/>
		<feat xlink:href="#sSpan2927" value="true"/>
		<feat xlink:href="#sSpan2957" value="true"/>
		<feat xlink:href="#sSpan3000" value="true"/>
		<feat xlink:href="#sSpan3062" value="true"/>
		<feat xlink:href="#sSpan3101" value="true"/>
		<feat xlink:href="#sSpan3146" value="true"/>
		<feat xlink:href="#sSpan3191" value="true"/>
		<feat xlink:href="#sSpan3325" value="true"/>
		<feat xlink:href="#sSpan3528" value="true"/>
		<feat xlink:href="#sSpan3722" value="true"/>
		<feat xlink:href="#sSpan3808" value="true"/>
		<feat xlink:href="#sSpan3871" value="true"/>
		<feat xlink:href="#sSpan3936" value="true"/>
		<feat xlink:href="#sSpan4086" value="true"/>
		<feat xlink:href="#sSpan4317" value="true"/>
		<feat xlink:href="#sSpan4449" value="true"/>
		<feat xlink:href="#sSpan4544" value="true"/>
		<feat xlink:href="#sSpan4665" value="true"/>
		<feat xlink:href="#sSpan4738" value="true"/>
		<feat xlink:href="#sSpan4854" value="true"/>
		<feat xlink:href="#sSpan4947" value="true"/>
		<feat xlink:href="#sSpan5043" value="true"/>
		<feat xlink:href="#sSpan5134" value="true"/>
		<feat xlink:href="#sSpan5228" value="true"/>
		<feat xlink:href="#sSpan5332" value="true"/>
		<feat xlink:href="#sSpan5405" value="true"/>
		<feat xlink:href="#sSpan5467" value="true"/>
		<feat xlink:href="#sSpan5536" value="true"/>
		<feat xlink:href="#sSpan5610" value="true"/>
		<feat xlink:href="#sSpan5697" value="true"/>
		<feat xlink:href="#sSpan5760" value="true"/>
		<feat xlink:href="#sSpan5981" value="true"/>
		<feat xlink:href="#sSpan6037" value="true"/>
		<feat xlink:href="#sSpan6101" value="true"/>
		<feat xlink:href="#sSpan6166" value="true"/>
		<feat xlink:href="#sSpan6210" value="true"/>
		<feat xlink:href="#sSpan6345" value="true"/>
		<feat xlink:href="#sSpan6438" value="true"/>
		<feat xlink:href="#sSpan6553" value="true"/>
		<feat xlink:href="#sSpan6602" value="true"/>
		<feat xlink:href="#sSpan6744" value="true"/>
		<feat xlink:href="#sSpan7061" value="true"/>
		<feat xlink:href="#sSpan7257" value="true"/>
		<feat xlink:href="#sSpan7289" value="true"/>
		<feat xlink:href="#sSpan7638" value="true"/>
		<feat xlink:href="#sSpan7762" value="true"/>
		<feat xlink:href="#sSpan7917" value="true"/>
		<feat xlink:href="#sSpan8071" value="true"/>
		<feat xlink:href="#sSpan8260" value="true"/>
		<feat xlink:href="#sSpan8708" value="true"/>
		<feat xlink:href="#sSpan8779" value="true"/>
		<feat xlink:href="#sSpan9139" value="true"/>
		<feat xlink:href="#sSpan9252" value="true"/>
		<feat xlink:href="#sSpan9313" value="true"/>
		<feat xlink:href="#sSpan9482" value="true"/>
		<feat xlink:href="#sSpan9711" value="true"/>
		<feat xlink:href="#sSpan9832" value="true"/>
		<feat xlink:href="#sSpan9905" value="true"/>
		<feat xlink:href="#sSpan10093" value="true"/>
		<feat xlink:href="#sSpan10166" value="true"/>
		<feat xlink:href="#sSpan10368" value="true"/>
		<feat xlink:href="#sSpan10435" value="true"/>
		<feat xlink:href="#sSpan10509" value="true"/>
		<feat xlink:href="#sSpan10602" value="true"/>
		<feat xlink:href="#sSpan10724" value="true"/>
		<feat xlink:href="#sSpan10849" value="true"/>
		<feat xlink:href="#sSpan10939" value="true"/>
		<feat xlink:href="#sSpan11201" value="true"/>
		<feat xlink:href="#sSpan11343" value="true"/>
		<feat xlink:href="#sSpan11540" value="true"/>
		<feat xlink:href="#sSpan11659" value="true"/>
		<feat xlink:href="#sSpan11988" value="true"/>
		<feat xlink:href="#sSpan12094" value="true"/>
		<feat xlink:href="#sSpan12164" value="true"/>
		<feat xlink:href="#sSpan12297" value="true"/>
		<feat xlink:href="#sSpan12393" value="true"/>
		<feat xlink:href="#sSpan12454" value="true"/>
		<feat xlink:href="#sSpan12510" value="true"/>
		<feat xlink:href="#sSpan12579" value="true"/>
		<feat xlink:href="#sSpan12652" value="true"/>
		<feat xlink:href="#sSpan12968" value="true"/>
		<feat xlink:href="#sSpan13019" value="true"/>
		<feat xlink:href="#sSpan13227" value="true"/>
		<feat xlink:href="#sSpan13302" value="true"/>
		<feat xlink:href="#sSpan13396" value="true"/>
		<feat xlink:href="#sSpan13447" value="true"/>
		<feat xlink:href="#sSpan13608" value="true"/>
		<feat xlink:href="#sSpan13689" value="true"/>
		<feat xlink:href="#sSpan13788" value="true"/>
		<feat xlink:href="#sSpan13986" value="true"/>
		<feat xlink:href="#sSpan14107" value="true"/>
		<feat xlink:href="#sSpan14330" value="true"/>
		<feat xlink:href="#sSpan14527" value="true"/>
		<feat xlink:href="#sSpan14664" value="true"/>
		<feat xlink:href="#sSpan14974" value="true"/>
		<feat xlink:href="#sSpan15081" value="true"/>
		<feat xlink:href="#sSpan15143" value="true"/>
		<feat xlink:href="#sSpan15662" value="true"/></featList></paula>