<?xml version='1.0' encoding='UTF-8'?><!DOCTYPE paula SYSTEM "paula_feat.dtd">
<paula version="1.1">
	<header paula_id="scriptorium.on_abbaton.02.mark_morph"/>
	<featList xmlns:xlink="http://www.w3.org/1999/xlink" type="morph" xml:base="scriptorium.on_abbaton.02.mark.xml">
		<feat xlink:href="#sSpan34" value="ⲕⲏⲕ"/>
		<feat xlink:href="#sSpan37" value="ⲁϩⲏⲩ"/>
		<feat xlink:href="#sSpan55" value="ⲕⲏⲕ"/>
		<feat xlink:href="#sSpan58" value="ⲁϩⲏⲩ"/>
		<feat xlink:href="#sSpan102" value="ⲕⲱⲕ"/>
		<feat xlink:href="#sSpan105" value="ⲁϩⲏⲩ"/>
		<feat xlink:href="#sSpan176" value="ⲕⲏⲕ"/>
		<feat xlink:href="#sSpan179" value="ⲁϩⲏⲩ"/>
		<feat xlink:href="#sSpan539" value="ⲕⲱⲕ"/>
		<feat xlink:href="#sSpan542" value="ⲁϩⲏⲩ"/>
		<feat xlink:href="#sSpan572" value="ⲕⲏⲕ"/>
		<feat xlink:href="#sSpan575" value="ⲁϩⲏⲩ"/>
		<feat xlink:href="#sSpan597" value="ⲕⲁ"/>
		<feat xlink:href="#sSpan602" value="ϩⲏⲩ"/>
		<feat xlink:href="#sSpan747" value="ⲣ"/>
		<feat xlink:href="#sSpan750" value="ϩⲟⲧⲉ"/>
		<feat xlink:href="#sSpan768" value="ⲕⲏⲕ"/>
		<feat xlink:href="#sSpan771" value="ⲁϩⲏⲩ"/>
		<feat xlink:href="#sSpan850" value="ⲕⲁ"/>
		<feat xlink:href="#sSpan855" value="ϩⲏⲩ"/>
		<feat xlink:href="#sSpan945" value="ⲕⲁ"/>
		<feat xlink:href="#sSpan950" value="ϩⲏⲩ"/>
		<feat xlink:href="#sSpan1030" value="ⲣ"/>
		<feat xlink:href="#sSpan1033" value="ϩⲁⲗ"/>
		<feat xlink:href="#sSpan1520" value="ⲁϣ"/>
		<feat xlink:href="#sSpan1523" value="ⲁϩⲟⲙ"/>
		<feat xlink:href="#sSpan2018" value="ⲙⲉϩ"/>
		<feat xlink:href="#sSpan2021" value="ϯⲟⲩ"/>
		<feat xlink:href="#sSpan2337" value="ⲙⲛⲧ"/>
		<feat xlink:href="#sSpan2340" value="ⲣⲱⲙⲉ"/>
		<feat xlink:href="#sSpan2899" value="ϯ"/>
		<feat xlink:href="#sSpan2902" value="ⲁⲁⲥ"/>
		<feat xlink:href="#sSpan3391" value="ⲙⲉϩ"/>
		<feat xlink:href="#sSpan3394" value="ϣⲟⲙⲛⲧ"/>
		<feat xlink:href="#sSpan3675" value="ϣⲡ"/>
		<feat xlink:href="#sSpan3678" value="ⲧⲱⲱⲣⲉ"/>
		<feat xlink:href="#sSpan3707" value="ϯ"/>
		<feat xlink:href="#sSpan3710" value="ⲡⲛⲉⲩⲙⲁ"/>
		<feat xlink:href="#sSpan4724" value="ⲙⲛⲧ"/>
		<feat xlink:href="#sSpan4727" value="ⲣⲱⲙⲉ"/>
		<feat xlink:href="#sSpan4834" value="ⲙⲛⲧ"/>
		<feat xlink:href="#sSpan4839" value="ϣⲟⲙⲧⲉ"/>
		<feat xlink:href="#sSpan6093" value="ϯ"/>
		<feat xlink:href="#sSpan6097" value="ⲥⲟ"/>
		<feat xlink:href="#sSpan6792" value="ⲙⲛⲧ"/>
		<feat xlink:href="#sSpan6795" value="ⲁⲅⲁⲑⲟⲥ"/>
		<feat xlink:href="#sSpan6907" value="ϯ"/>
		<feat xlink:href="#sSpan6910" value="ⲁⲅⲁⲡⲏ"/>
		<feat xlink:href="#sSpan6916" value="ⲙⲛⲧ"/>
		<feat xlink:href="#sSpan6920" value="ⲛⲁ"/>
		<feat xlink:href="#sSpan7366" value="ⲣ"/>
		<feat xlink:href="#sSpan7369" value="ϩⲟⲧⲉ"/>
		<feat xlink:href="#sSpan7383" value="ϯ"/>
		<feat xlink:href="#sSpan7388" value="ⲁⲅⲁⲡⲏ"/>
		<feat xlink:href="#sSpan7394" value="ⲙⲛⲧ"/>
		<feat xlink:href="#sSpan7398" value="ⲛⲁ"/>
		<feat xlink:href="#sSpan7456" value="ⲙⲛⲧ"/>
		<feat xlink:href="#sSpan7459" value="ϣⲟⲙⲧⲉ"/>
		<feat xlink:href="#sSpan7524" value="ⲙⲛⲧ"/>
		<feat xlink:href="#sSpan7527" value="ⲁⲧ"/>
		<feat xlink:href="#sSpan7528" value="ⲥⲱⲧⲙ"/>
		<feat xlink:href="#sSpan7600" value="ⲙⲛⲧ"/>
		<feat xlink:href="#sSpan7603" value="ⲉⲣⲟ"/>
		<feat xlink:href="#sSpan7710" value="ⲣⲙ"/>
		<feat xlink:href="#sSpan7714" value="ⲣⲁϣ"/>
		<feat xlink:href="#sSpan8228" value="ⲧⲁϣⲉ"/>
		<feat xlink:href="#sSpan8233" value="ⲟⲉⲓϣ"/>
		<feat xlink:href="#sSpan8247" value="ⲙⲛⲧ"/>
		<feat xlink:href="#sSpan8250" value="ⲣⲱⲙⲉ"/>
		<feat xlink:href="#sSpan8418" value="ϫⲓ"/>
		<feat xlink:href="#sSpan8421" value="ⲥϩⲓⲙⲉ"/>
		<feat xlink:href="#sSpan9111" value="ⲙⲉϩ"/>
		<feat xlink:href="#sSpan9115" value="ⲥⲛⲁⲩ"/>
		<feat xlink:href="#sSpan9493" value="ⲟⲩⲉϩ"/>
		<feat xlink:href="#sSpan9496" value="ⲥⲁϩⲛⲉ"/>
		<feat xlink:href="#sSpan9591" value="ⲁⲧ"/>
		<feat xlink:href="#sSpan9594" value="ⲧⲁⲕⲟ"/>
		<feat xlink:href="#sSpan10175" value="ⲟⲩⲉϩ"/>
		<feat xlink:href="#sSpan10178" value="ⲥⲁϩⲛⲉ"/>
		<feat xlink:href="#sSpan10294" value="ⲣⲙ"/>
		<feat xlink:href="#sSpan10298" value="ⲣⲁϣ"/>
		<feat xlink:href="#sSpan10458" value="ⲣ"/>
		<feat xlink:href="#sSpan10461" value="ϣⲡⲏⲣⲉ"/>
		<feat xlink:href="#sSpan10485" value="ϯ"/>
		<feat xlink:href="#sSpan10488" value="ϩⲁⲡ"/>
		<feat xlink:href="#sSpan10500" value="ϯ"/>
		<feat xlink:href="#sSpan10503" value="ϩⲁⲡ"/>
		<feat xlink:href="#sSpan10825" value="ⲙⲛⲧ"/>
		<feat xlink:href="#sSpan10828" value="ⲥⲛⲟⲟⲩⲥ"/>
		<feat xlink:href="#sSpan11124" value="ⲣⲉϥ"/>
		<feat xlink:href="#sSpan11127" value="ⲣ"/>
		<feat xlink:href="#sSpan11128" value="ⲛⲟⲃⲉ"/>
		<feat xlink:href="#sSpan12942" value="ϫⲓ"/>
		<feat xlink:href="#sSpan12945" value="ⲙⲧⲟⲛ"/>
		<feat xlink:href="#sSpan13197" value="ⲣ"/>
		<feat xlink:href="#sSpan13202" value="ⲣⲣⲟ"/>
		<feat xlink:href="#sSpan13227" value="ⲧⲁϣⲉ"/>
		<feat xlink:href="#sSpan13234" value="ⲟⲉⲓϣ"/>
		<feat xlink:href="#sSpan13285" value="ⲣ"/>
		<feat xlink:href="#sSpan13288" value="ϩⲟⲧⲉ"/>
		<feat xlink:href="#sSpan13320" value="ⲙⲛⲧ"/>
		<feat xlink:href="#sSpan13323" value="ⲣⲱⲙⲉ"/>
		<feat xlink:href="#sSpan13370" value="ⲡ"/>
		<feat xlink:href="#sSpan13373" value="ⲉⲧ"/>
		<feat xlink:href="#sSpan13374" value="ⲛⲁⲛⲟⲩ"/>
		<feat xlink:href="#sSpan13375" value="ϥ"/>
		<feat xlink:href="#sSpan13420" value="ⲡ"/>
		<feat xlink:href="#sSpan13423" value="ⲉⲧ"/>
		<feat xlink:href="#sSpan13424" value="ϩⲟⲟⲩ"/>
		<feat xlink:href="#sSpan13751" value="ⲧⲁϣⲉ"/>
		<feat xlink:href="#sSpan13754" value="ⲟⲉⲓϣ"/>
		<feat xlink:href="#sSpan14019" value="ϯ"/>
		<feat xlink:href="#sSpan14022" value="ⲁⲅⲁⲡⲏ"/>
		<feat xlink:href="#sSpan14028" value="ⲙⲛⲧ"/>
		<feat xlink:href="#sSpan14032" value="ⲛⲁ"/>
		<feat xlink:href="#sSpan14277" value="ⲣ"/>
		<feat xlink:href="#sSpan14280" value="ϩⲟⲩⲟ"/>
		<feat xlink:href="#sSpan14505" value="ⲙⲛⲧ"/>
		<feat xlink:href="#sSpan14508" value="ⲉⲣⲟ"/>
		<feat xlink:href="#sSpan14558" value="ⲣ"/>
		<feat xlink:href="#sSpan14561" value="ⲭⲣⲉⲓⲁ"/>
		<feat xlink:href="#sSpan14790" value="ⲙⲛⲧ"/>
		<feat xlink:href="#sSpan14793" value="ⲉⲣⲟ"/>
		<feat xlink:href="#sSpan14855" value="ⲙⲛⲧ"/>
		<feat xlink:href="#sSpan14858" value="ⲙⲁⲓ"/>
		<feat xlink:href="#sSpan14859" value="ⲣⲱⲙⲉ"/>
		<feat xlink:href="#sSpan15163" value="ⲙⲛⲧ"/>
		<feat xlink:href="#sSpan15166" value="ϥⲁⲓⲣⲟⲟⲩϣ"/>
		<feat xlink:href="#sSpan15174" value="ⲙⲁⲓ"/>
		<feat xlink:href="#sSpan15178" value="ⲛⲟⲩⲧⲉ"/></featList></paula>