<?xml version='1.0' encoding='UTF-8'?><!DOCTYPE paula SYSTEM "paula_feat.dtd">
<paula version="1.1">
	<header paula_id="scriptorium.on_abbaton.02.mark_ed_page_n"/>
	<featList xmlns:xlink="http://www.w3.org/1999/xlink" type="ed_page_n" xml:base="scriptorium.on_abbaton.02.mark.xml">
		<feat xlink:href="#sSpan10" value="13"/>
		<feat xlink:href="#sSpan435" value="14"/>
		<feat xlink:href="#sSpan1875" value="15"/>
		<feat xlink:href="#sSpan3275" value="16"/>
		<feat xlink:href="#sSpan4613" value="17"/>
		<feat xlink:href="#sSpan5890" value="18"/>
		<feat xlink:href="#sSpan7237" value="19"/>
		<feat xlink:href="#sSpan8553" value="20"/>
		<feat xlink:href="#sSpan9910" value="21"/>
		<feat xlink:href="#sSpan11261" value="22"/>
		<feat xlink:href="#sSpan12656" value="23"/>
		<feat xlink:href="#sSpan13997" value="24"/>
		<feat xlink:href="#sSpan15203" value="25"/></featList></paula>