<?xml version='1.0' encoding='UTF-8'?><!DOCTYPE paula SYSTEM "paula_feat.dtd">
<paula version="1.1">
	<header paula_id="scriptorium.mercy_judgment.mark_text"/>
	<featList xmlns:xlink="http://www.w3.org/1999/xlink" type="text" xml:base="scriptorium.mercy_judgment.mark.xml">
		<feat xlink:href="#sSpan6" value="ⲁⲑⲁⲛⲁⲥⲓⲟⲥ ⲡ ⲁⲣⲭⲏⲉⲡⲓⲥⲕⲟⲡⲟⲥ ⲛ ⲣⲁⲕⲟⲧⲉ"/>
		<feat xlink:href="#sSpan26" value="ⲣⲁⲕⲟⲧⲉ"/>
		<feat xlink:href="#sSpan42" value="ⲡ ⲛⲁ"/>
		<feat xlink:href="#sSpan51" value="ⲡ ϩⲁⲡ"/>
		<feat xlink:href="#sSpan105" value="ⲡ ⲕⲟⲥⲙⲟⲥ ⲉⲧ ⲣ ⲡ ⲱⲃϣ ⲙ ⲡ ⲛⲟⲩⲧⲉ"/>
		<feat xlink:href="#sSpan130" value="ⲡ ⲛⲟⲩⲧⲉ"/>
		<feat xlink:href="#sSpan135" value="ⲛⲉ ⲥⲛⲏⲩ"/>
		<feat xlink:href="#sSpan163" value="ⲡ ϫⲓⲛϭⲟⲛⲥ ⲉⲧ ϫⲓ ⲉϩⲟⲩⲛ ⲉ ⲛ ⲉⲧ ϩⲓⲧⲟⲩⲱ ⲟⲩ"/>
		<feat xlink:href="#sSpan186" value="ⲛ ⲉⲧ ϩⲓⲧⲟⲩⲱ ⲟⲩ"/>
		<feat xlink:href="#sSpan204" value="ⲧ ⲙⲛⲧⲁⲡⲁⲛⲑⲣⲟⲡⲟⲥ ⲉⲧ ϫⲓ ⲉϩⲟⲩⲛ ⲉ ⲛ ⲁⲧϭⲟⲙ"/>
		<feat xlink:href="#sSpan228" value="ⲛ ⲁⲧϭⲟⲙ"/>
		<feat xlink:href="#sSpan267" value="ⲡ ⲁⲡⲟⲥⲧⲟⲗⲟⲥ ⲉⲧ ⲟⲩⲁⲁⲃ"/>
		<feat xlink:href="#sSpan311" value="ⲡ ⲛⲟⲩⲧⲉ"/>
		<feat xlink:href="#sSpan334" value="ⲟⲩ ⲥⲟⲟⲩⲧⲛ"/>
		<feat xlink:href="#sSpan347" value="ⲡ ⲛⲟⲩⲧⲉ"/>
		<feat xlink:href="#sSpan367" value="ⲩ ϩⲏⲧ ⲛ ϫⲟⲟⲩⲧ"/>
		<feat xlink:href="#sSpan391" value="ⲛ ⲉⲧⲉ ⲙⲉ ϣϣⲉ"/>
		<feat xlink:href="#sSpan427" value="ϫⲓⲛϭⲟⲛⲥ ⲛⲓⲙ"/>
		<feat xlink:href="#sSpan445" value="ⲕⲁⲕⲓⲁ"/>
		<feat xlink:href="#sSpan457" value="ⲡⲟⲛⲏⲣⲓⲁ"/>
		<feat xlink:href="#sSpan468" value="ⲙⲁⲓⲧⲟ ⲛ ϩⲟⲩⲟ"/>
		<feat xlink:href="#sSpan494" value="ⲗⲁ"/>
		<feat xlink:href="#sSpan502" value="ϩⲱⲧⲃ"/>
		<feat xlink:href="#sSpan515" value="ϯⲧⲱⲛ"/>
		<feat xlink:href="#sSpan523" value="ⲕⲣⲟϥ ⲛ ϩⲏⲧ"/>
		<feat xlink:href="#sSpan545" value="ⲣⲉϥⲕⲁⲥⲕⲥ ⲛ ⲣⲉϥⲕⲁⲧⲁⲗⲁⲗⲉⲓ"/>
		<feat xlink:href="#sSpan568" value="ⲙⲁⲥⲧⲛⲟⲩⲧⲉ ⲛ ⲣⲉϥϣⲱⲥ"/>
		<feat xlink:href="#sSpan594" value="ϫⲁⲥⲓϩⲏⲧ ⲛ ⲃⲁⲃⲉⲣⲱⲙⲉ ⲛ ⲣⲉϥⲕⲱⲧⲉ ⲛⲥⲁ ⲡ ⲡⲉⲧϩⲟⲟⲩ"/>
		<feat xlink:href="#sSpan603" value="ⲃⲁⲃⲉⲣⲱⲙⲉ ⲛ ⲣⲉϥⲕⲱⲧⲉ ⲛⲥⲁ ⲡ ⲡⲉⲧϩⲟⲟⲩ"/>
		<feat xlink:href="#sSpan620" value="ⲡ ⲡⲉⲧϩⲟⲟⲩ"/>
		<feat xlink:href="#sSpan651" value="ⲛⲉⲩ ⲉⲓⲟⲧⲉ"/>
		<feat xlink:href="#sSpan662" value="ⲛ ⲁⲧϩⲏⲧ ⲛ ⲁⲧⲛⲁϩⲧⲉ"/>
		<feat xlink:href="#sSpan681" value="ⲛ ⲟⲩⲁϩⲓⲏⲧ ⲛ ⲁⲧⲛⲁϩⲧⲉ"/>
		<feat xlink:href="#sSpan702" value="ⲛ ⲟⲩⲁϩⲓⲏⲧ ⲛ ⲁⲧⲛⲁ"/>
		<feat xlink:href="#sSpan724" value="ⲛ ⲉⲧⲉⲣⲉ ⲡ ⲛⲟⲩⲧⲉ ⲕⲧⲟ ⲙⲙⲟ ⲟⲩ ⲉϩⲟⲩⲛ ⲉ ⲩ ⲙⲛⲧⲣⲉϥϣⲙϣⲉⲛⲟⲩⲧⲉ"/>
		<feat xlink:href="#sSpan731" value="ⲡ ⲛⲟⲩⲧⲉ"/>
		<feat xlink:href="#sSpan755" value="ⲩ ⲙⲛⲧⲣⲉϥϣⲙϣⲉⲛⲟⲩⲧⲉ"/>
		<feat xlink:href="#sSpan803" value="ⲙ ⲡⲉⲧϩⲟⲟⲩ"/>
		<feat xlink:href="#sSpan831" value="ⲡ ⲣⲟⲟⲩϣ ⲙ ⲡ ⲛⲁ"/>
		<feat xlink:href="#sSpan841" value="ⲡ ⲛⲁ"/>
		<feat xlink:href="#sSpan855" value="ⲡ ⲉⲧ ϩⲓⲧ ϩⲓⲧⲟⲩⲱ ⲟⲩ"/>
		<feat xlink:href="#sSpan893" value="ⲏⲥⲁⲓⲁⲥ"/>
		<feat xlink:href="#sSpan929" value="ⲡⲉ ⲡⲣⲟⲥⲟⲡⲟⲛ ⲙ ⲡ ⲛⲟⲩⲧⲉ"/>
		<feat xlink:href="#sSpan938" value="ⲡ ⲛⲟⲩⲧⲉ"/>
		<feat xlink:href="#sSpan953" value="ⲛⲉⲧⲛ ⲡⲟⲛⲏⲣⲓⲁ"/>
		<feat xlink:href="#sSpan972" value="ⲡ ⲉⲧ ⲛⲁⲛⲟⲩ ϥ"/>
		<feat xlink:href="#sSpan985" value="ⲡ ⲛⲟⲙⲟⲥ"/>
		<feat xlink:href="#sSpan1009" value="ϩⲉⲛ ⲟⲩⲉϩⲥⲁϩⲛⲉ ⲙⲙⲁⲩ ⲉ ⲛⲁϣⲱ ⲟⲩ"/>
		<feat xlink:href="#sSpan1047" value="ⲡ ⲉⲧ ϩⲓⲧⲟⲩⲱ ⲛ"/>
		<feat xlink:href="#sSpan1084" value="ϩⲉⲛ ⲉⲛⲧⲟⲗⲏ ⲉⲧⲃⲉ ⲧ ⲙⲛⲧⲙⲁⲓⲣⲱⲙⲉ"/>
		<feat xlink:href="#sSpan1094" value="ⲧ ⲙⲛⲧⲙⲁⲓⲣⲱⲙⲉ"/>
		<feat xlink:href="#sSpan1148" value="ⲟⲩ ⲣⲱⲙⲉ"/>
		<feat xlink:href="#sSpan1167" value="ⲟⲩⲁ ϩⲛ ⲛⲁⲓ"/>
		<feat xlink:href="#sSpan1175" value="ⲛⲁⲓ"/>
		<feat xlink:href="#sSpan1196" value="ⲡ ⲕⲉ ⲟⲩⲁ ⲉⲧ ⲁϩⲉ ⲡ ⲣⲱⲙⲉ ⲉⲣⲁⲧ ϥ"/>
		<feat xlink:href="#sSpan1252" value="ⲡⲉ ⲙⲧⲟ ⲉⲃⲟⲗ ⲙ ⲡ ⲛⲟⲩⲧⲉ"/>
		<feat xlink:href="#sSpan1265" value="ⲡ ⲛⲟⲩⲧⲉ"/>
		<feat xlink:href="#sSpan1275" value="ⲡ ⲉⲧ ⲣ ⲡ ⲉⲧ ⲛⲁⲛⲟⲩ ϥ ⲛ ⲛ ⲉⲧ ϣⲁⲁⲧ ⲉⲃⲟⲗ ϩⲛ ϩⲉⲛ ϩⲏⲩ ⲛϭⲓ ϫⲓⲛϭⲟⲛⲥ"/>
		<feat xlink:href="#sSpan1282" value="ⲡ ⲉⲧ ⲛⲁⲛⲟⲩ ϥ"/>
		<feat xlink:href="#sSpan1295" value="ⲛ ⲉⲧ ϣⲁⲁⲧ ⲉⲃⲟⲗ ϩⲛ ϩⲉⲛ ϩⲏⲩ"/>
		<feat xlink:href="#sSpan1312" value="ϩⲉⲛ ϩⲏⲩ"/>
		<feat xlink:href="#sSpan1322" value="ϫⲓⲛϭⲟⲛⲥ"/>
		<feat xlink:href="#sSpan1353" value="ⲗⲁⲁⲩ"/>
		<feat xlink:href="#sSpan1371" value="ⲛ ⲉⲧ ϣⲟⲟⲡ ⲛⲁ ϥ"/>
		<feat xlink:href="#sSpan1395" value="ⲛ ⲉⲧ ⲣϫⲓⲛϭⲟⲛⲥ"/>
		<feat xlink:href="#sSpan1447" value="ⲡ ⲛⲟⲩⲧⲉ"/>
		<feat xlink:href="#sSpan1476" value="ⲟⲩ ϥⲟⲧⲉ ⲙ ⲡ ϫⲟⲉⲓⲥ"/>
		<feat xlink:href="#sSpan1485" value="ⲡ ϫⲟⲉⲓⲥ"/>
		<feat xlink:href="#sSpan1496" value="ⲧⲉ ⲑⲩⲥⲓⲁ ⲛ ⲛ ⲁⲥⲉⲃⲏⲥ"/>
		<feat xlink:href="#sSpan1506" value="ⲛ ⲁⲥⲉⲃⲏⲥ"/>
		<feat xlink:href="#sSpan1521" value="ⲡ ⲉⲧ ⲟ ϩⲱⲱ ϥ ⲛ ϣⲛⲁ"/>
		<feat xlink:href="#sSpan1538" value="ϣⲛⲁ"/>
		<feat xlink:href="#sSpan1562" value="ⲡ ⲉⲧ ϣⲧⲁⲙ ⲛ ⲛⲉϥ ⲙⲁⲁϫⲉ ⲉ ⲧⲙ ⲥⲱⲧⲙ ⲉ ⲩ ϩⲏⲕⲉ"/>
		<feat xlink:href="#sSpan1573" value="ⲛⲉϥ ⲙⲁⲁϫⲉ"/>
		<feat xlink:href="#sSpan1592" value="ⲩ ϩⲏⲕⲉ"/>
		<feat xlink:href="#sSpan1620" value="ⲡ ⲛⲟⲩⲧⲉ"/>
		<feat xlink:href="#sSpan1653" value="ⲡⲁⲓ"/>
		<feat xlink:href="#sSpan1656" value="ⲙ ⲡⲁⲣϩⲟⲓⲙⲓⲁ"/>
		<feat xlink:href="#sSpan1683" value="ⲡ ⲛⲟⲩⲧⲉ"/>
		<feat xlink:href="#sSpan1699" value="ⲛⲉⲕ ϩⲓⲥⲉ ⲙ ⲙⲉ"/>
		<feat xlink:href="#sSpan1737" value="ⲛ ⲁⲡⲁⲣⲭⲏ ⲉⲃⲟⲗ ϩⲛ ⲛ ⲕⲁⲣⲡⲟⲥ ⲛ ⲧⲉⲕ ⲇⲓⲕⲁⲓⲟⲥⲩⲛⲏ"/>
		<feat xlink:href="#sSpan1753" value="ⲛ ⲕⲁⲣⲡⲟⲥ ⲛ ⲧⲉⲕ ⲇⲓⲕⲁⲓⲟⲥⲩⲛⲏ"/>
		<feat xlink:href="#sSpan1763" value="ⲧⲉⲕ ⲇⲓⲕⲁⲓⲟⲥⲩⲛⲏ"/>
		<feat xlink:href="#sSpan1791" value="ⲇⲱⲣⲟⲛ ⲅⲁⲣ ⲉϩⲟⲩⲛ ⲙ ⲡ ⲛⲟⲩⲧⲉ ⲉⲃⲟⲗ ϩⲛ ⲟⲩ ϫⲓⲛⲛϭⲟⲛⲥ ⲙⲛ ⲟⲩ ⲧⲱⲣⲡ"/>
		<feat xlink:href="#sSpan1807" value="ⲡ ⲛⲟⲩⲧⲉ"/>
		<feat xlink:href="#sSpan1824" value="ⲟⲩ ϫⲓⲛⲛϭⲟⲛⲥ"/>
		<feat xlink:href="#sSpan1835" value="ⲟⲩ ⲧⲱⲣⲡ"/>
		<feat xlink:href="#sSpan1884" value="ⲧⲉⲓ ⲕⲧⲏⲥⲓⲥ ⲛ ⲧⲉⲓ ⲙⲓⲛⲉ"/>
		<feat xlink:href="#sSpan1961" value="ⲡⲉⲕ ⲉⲣⲏⲧ"/>
		<feat xlink:href="#sSpan1970" value="ⲟⲩ ⲇⲱⲣⲟⲛ ⲉ ϥ ⲟⲩⲁⲁⲃ"/>
		<feat xlink:href="#sSpan2007" value="ⲛ ⲉⲣⲏⲧ ⲛ ⲛ ⲉⲧ ⲥⲟⲩⲧⲱⲛ"/>
		<feat xlink:href="#sSpan2016" value="ⲛ ⲉⲧ ⲥⲟⲩⲧⲱⲛ"/>
		<feat xlink:href="#sSpan2075" value="ϩⲉⲛ ϩⲓⲥⲉ ⲛ ⲇⲓⲕⲁⲓⲟⲛ"/>
		<feat xlink:href="#sSpan2107" value="ⲡ ⲛⲟⲩⲧⲉ"/>
		<feat xlink:href="#sSpan2116" value="ϩⲉⲛ ⲡⲣⲟⲥⲫⲟⲣⲁ · ⲛⲁⲓ ⲉ ϣⲁⲣⲉ ⲛ ϩⲏⲕⲉ ⲥⲁⲛϣ ⲉⲃⲟⲗ ⲛϩⲏⲧ ⲟⲩ"/>
		<feat xlink:href="#sSpan2137" value="ⲛ ϩⲏⲕⲉ"/>
		<feat xlink:href="#sSpan2181" value="ⲩ ⲧⲱⲣⲡ"/>
		<feat xlink:href="#sSpan2222" value="ⲡⲉ ⲡⲣⲟⲫⲏⲧⲏⲥ ⲙⲁⲗⲁⲭⲓⲁⲥ"/>
		<feat xlink:href="#sSpan2241" value="ⲛ ⲁⲡⲁⲣⲭⲏ"/>
		<feat xlink:href="#sSpan2251" value="ⲛ ⲣⲉⲙⲏⲧ"/>
		<feat xlink:href="#sSpan2281" value="ⲡ ⲧⲱⲣⲡ"/>
		<feat xlink:href="#sSpan2298" value="ⲛⲉⲧⲛ ⲏⲓ"/>
		<feat xlink:href="#sSpan2346" value="ⲡ ⲛⲁ"/>
		<feat xlink:href="#sSpan2355" value="ⲡ ϩⲁⲡ"/>
		<feat xlink:href="#sSpan2386" value="ⲡ ϩⲁⲡ"/>
		<feat xlink:href="#sSpan2416" value="ⲡ ⲛⲁ"/>
		<feat xlink:href="#sSpan2426" value="ⲡ ⲉⲧ ⲥⲏϩ"/>
		<feat xlink:href="#sSpan2447" value="ⲡ ⲛⲁ"/>
		<feat xlink:href="#sSpan2457" value="ⲡ ϩⲁⲡ"/>
		<feat xlink:href="#sSpan2489" value="ⲡⲉⲕ ⲛⲟⲩⲧⲉ"/>
		<feat xlink:href="#sSpan2498" value="ⲟⲩⲟⲉⲓϣ ⲛⲓⲙ"/>
		<feat xlink:href="#sSpan2516" value="ⲡ ⲛⲟⲩⲧⲉ"/>
		<feat xlink:href="#sSpan2534" value="ⲡ ⲛⲁ"/>
		<feat xlink:href="#sSpan2543" value="ⲡ ϩⲁⲡ"/>
		<feat xlink:href="#sSpan2575" value="ⲡ ϫⲟⲉⲓⲥ"/>
		<feat xlink:href="#sSpan2584" value="ⲡ ⲉⲧ ϥⲓ ⲙ ⲡ ⲣⲟⲟⲩϣ ⲙ ⲡ ⲛⲁ"/>
		<feat xlink:href="#sSpan2596" value="ⲡ ⲣⲟⲟⲩϣ ⲙ ⲡ ⲛⲁ"/>
		<feat xlink:href="#sSpan2605" value="ⲡ ⲛⲁ"/>
		<feat xlink:href="#sSpan2625" value="ⲡⲉⲓ ⲙⲁ"/>
		<feat xlink:href="#sSpan2643" value="ⲡ ⲟⲩⲁ ⲡ ⲟⲩⲁ"/>
		<feat xlink:href="#sSpan2690" value="ⲛ ⲉⲧ ϥ ϫⲡⲟ ⲙⲙⲟ ⲟⲩ"/>
		<feat xlink:href="#sSpan2709" value="ⲡ ⲣⲙⲙⲁⲟ"/>
		<feat xlink:href="#sSpan2723" value="ⲛⲁⲓ ⲉⲧ ϥ ⲙⲉⲉⲩⲉ ⲉ ⲛ ⲇⲱⲣⲟⲛ ⲙ ⲡ ⲛⲟⲩⲧⲉ ⲉⲃⲟⲗ ⲛϩⲏⲧ ⲟⲩ"/>
		<feat xlink:href="#sSpan2738" value="ⲛ ⲇⲱⲣⲟⲛ ⲙ ⲡ ⲛⲟⲩⲧⲉ"/>
		<feat xlink:href="#sSpan2748" value="ⲡ ⲛⲟⲩⲧⲉ"/>
		<feat xlink:href="#sSpan2783" value="ⲡ ϩⲏⲕⲉ"/>
		<feat xlink:href="#sSpan2794" value="ϭⲟⲛⲥ"/>
		<feat xlink:href="#sSpan2821" value="ⲡ ϭⲱⲃ"/>
		<feat xlink:href="#sSpan2854" value="ⲡ ⲉⲧ ϩⲁⲣⲁⲧ ϥ"/>
		<feat xlink:href="#sSpan2880" value="ⲟⲩ ⲉⲝⲟⲩⲥⲓⲁ"/>
		<feat xlink:href="#sSpan2895" value="ⲡ ⲙⲁ ⲛ ⲟⲩ ⲇⲓⲕⲁⲓⲟⲥⲩⲛⲏ"/>
		<feat xlink:href="#sSpan2904" value="ⲟⲩ ⲇⲓⲕⲁⲓⲟⲥⲩⲛⲏ"/>
		<feat xlink:href="#sSpan2950" value="ⲡ ⲇⲓⲕⲁⲓⲟⲛ"/>
		<feat xlink:href="#sSpan2967" value="ⲡ ϣⲱϣ ⲉϩⲟⲩⲛ ⲉ ⲛⲉⲛ ⲕⲉ ϩⲙϩⲁⲗ"/>
		<feat xlink:href="#sSpan2980" value="ⲛⲉⲛ ⲕⲉ ϩⲙϩⲁⲗ"/>
		<feat xlink:href="#sSpan3090" value="ⲛⲉ ϩⲃⲏⲩⲉ ⲛ ⲧ ⲉⲝⲟⲩⲥⲓⲁ"/>
		<feat xlink:href="#sSpan3099" value="ⲧ ⲉⲝⲟⲩⲥⲓⲁ"/>
		<feat xlink:href="#sSpan3119" value="ⲛⲉ ϩⲃⲏⲩⲉ ⲛ ⲧ ⲇⲓⲕⲁⲓⲟⲥⲩⲛⲏ"/>
		<feat xlink:href="#sSpan3128" value="ⲧ ⲇⲓⲕⲁⲓⲟⲥⲩⲛⲏ"/>
		<feat xlink:href="#sSpan3199" value="ⲧ ⲁⲡⲟⲇⲓⲝⲓⲥ ⲛ ⲧ ⲙⲛⲧⲥⲧⲙⲏⲧ"/>
		<feat xlink:href="#sSpan3209" value="ⲧ ⲙⲛⲧⲥⲧⲙⲏⲧ"/>
		<feat xlink:href="#sSpan3220" value="ⲧ ϩⲟⲧⲉ ⲉⲧ ϣⲟⲟⲡ ⲛⲁ ⲕ ⲉϩⲟⲩⲛ ⲉ ⲡ ⲛⲟⲩⲧⲉ"/>
		<feat xlink:href="#sSpan3246" value="ⲡ ⲛⲟⲩⲧⲉ"/>
		<feat xlink:href="#sSpan3264" value="ⲡ ⲉⲧⲉ ⲩⲛ ϣϭⲟⲙ ⲙⲙⲟ ⲕ ⲉ ⲡⲁⲣⲁⲃⲁ ⲛϩⲏⲧ ϥ"/>
		<feat xlink:href="#sSpan3336" value="ⲛⲉ ϩⲛⲁⲁⲩ ⲛ ⲛ ϩⲏⲕⲉ"/>
		<feat xlink:href="#sSpan3345" value="ⲛ ϩⲏⲕⲉ"/>
		<feat xlink:href="#sSpan3365" value="ϩⲉⲛ ⲕⲉ ϩⲏⲕⲉ"/>
		<feat xlink:href="#sSpan3392" value="ⲡⲉⲕ ϩⲁⲣⲡⲁⲍⲉ"/>
		<feat xlink:href="#sSpan3408" value="ⲡⲉⲕ ϯ"/>
		<feat xlink:href="#sSpan3441" value="ⲧⲉⲕ ⲙⲛⲧⲣⲙⲙⲁⲟ"/>
		<feat xlink:href="#sSpan3468" value="ⲛⲉ ϩⲃⲏⲩⲉ ⲉⲧⲉ ϩⲉⲛ ⲇⲓⲕⲁⲓⲟⲛ ⲁⲛ ⲛⲉ"/>
		<feat xlink:href="#sSpan3477" value="ϩⲉⲛ ⲇⲓⲕⲁⲓⲟⲛ"/>
		<feat xlink:href="#sSpan3518" value="ⲧⲉⲕ ⲡⲣⲟⲥⲫⲟⲣⲁ ⲛ ⲃⲟⲧⲉ"/>
		<feat xlink:href="#sSpan3559" value="ⲟⲩ ϫⲓⲛϭⲟⲛⲥ"/>
		<feat xlink:href="#sSpan3575" value="ⲡ ⲉⲧ ⲕ ⲙⲉⲉⲩⲉ ⲉ ⲛⲁ ⲛ ⲕⲉ ϩⲏⲕⲉ ⲛϩⲏⲧ ϥ"/>
		<feat xlink:href="#sSpan3595" value="ⲕⲉ ϩⲏⲕⲉ"/>
		<feat xlink:href="#sSpan3620" value="ⲡⲏ ⲉⲧ ⲙⲙⲁⲩ ⲉⲧ ⲕ ϫⲓ ⲙⲙⲟ ϥ ⲛ ϭⲟⲛⲥ"/>
		<feat xlink:href="#sSpan3648" value="ϭⲟⲛⲥ"/>
		<feat xlink:href="#sSpan3666" value="ⲧ ⲙⲛⲧⲙⲁⲓⲣⲱⲙⲉ"/>
		<feat xlink:href="#sSpan3683" value="ⲡⲏ"/>
		<feat xlink:href="#sSpan3703" value="ⲡⲁⲓ"/>
		<feat xlink:href="#sSpan3733" value="ⲟⲩ ⲛⲁ"/>
		<feat xlink:href="#sSpan3742" value="ⲟⲩ ϩⲁⲡ"/>
		<feat xlink:href="#sSpan3761" value="ⲡ ⲛⲟⲩⲧⲉ"/>
		<feat xlink:href="#sSpan3781" value="ⲡⲗⲉⲟⲛⲉⲝⲓⲁ"/>
		<feat xlink:href="#sSpan3798" value="ⲡ ⲛⲟⲩⲧⲉ ⲡ ⲕⲟⲓⲛⲱⲛⲟⲥ ⲁⲛ ⲡⲉ ⲛ ⲛ ⲥⲟⲟⲛⲉ ⲛ ⲛ ⲣⲉϥⲧⲱⲣⲡ"/>
		<feat xlink:href="#sSpan3822" value="ⲛ ⲥⲟⲟⲛⲉ ⲛ ⲛ ⲣⲉϥⲧⲱⲣⲡ"/>
		<feat xlink:href="#sSpan3831" value="ⲛ ⲣⲉϥⲧⲱⲣⲡ"/>
		<feat xlink:href="#sSpan3884" value="ⲛ ϩⲏⲕⲉ"/>
		<feat xlink:href="#sSpan3931" value="ⲟⲩ ⲙⲛⲧⲣⲉϥϯⲕⲁⲣⲡⲟⲥ ⲛ ⲇⲓⲕⲁⲓⲟⲛ · ⲁⲩⲱ ⲙ ⲙⲁⲓⲣⲱⲙⲉ ⲉⲃⲟⲗ ϩⲓⲧⲟⲟⲧ ⲛ ⲉⲧⲉ ⲛ ⲛⲟⲃⲣⲉ"/>
		<feat xlink:href="#sSpan3980" value="ⲛ ⲛⲟⲃⲣⲉ"/>
		<feat xlink:href="#sSpan3997" value="ⲩ ⲡⲉⲧⲛⲁⲛⲟⲩϥ"/>
		<feat xlink:href="#sSpan4023" value="ⲡ ⲛⲁ"/>
		<feat xlink:href="#sSpan4042" value="ϫⲓⲛϭⲟⲛⲥ"/>
		<feat xlink:href="#sSpan4062" value="ⲥⲙⲟⲩ"/>
		<feat xlink:href="#sSpan4078" value="ⲥⲁϩⲟⲩ"/>
		<feat xlink:href="#sSpan4096" value="ⲙⲛⲧⲣⲉϥⲣⲡⲉⲧⲛⲁⲛⲟⲩϥ"/>
		<feat xlink:href="#sSpan4119" value="ϩⲉⲛ ⲣⲙⲉⲓⲟⲟⲩⲉ"/>
		<feat xlink:href="#sSpan4129" value="ⲡ ⲛⲟⲩⲧⲉ"/>
		<feat xlink:href="#sSpan4159" value="ⲛ ⲣⲙⲉⲓⲟⲟⲩⲉ"/>
		<feat xlink:href="#sSpan4177" value="ⲛ ⲉⲧ ⲟⲩ ϫⲓ ⲙⲙⲟ ⲟⲩ ⲛ ϭⲟⲛⲥ"/>
		<feat xlink:href="#sSpan4196" value="ϭⲟⲛⲥ"/>
		<feat xlink:href="#sSpan4203" value="ⲛⲁⲓ"/>
		<feat xlink:href="#sSpan4259" value="ⲡⲁ ⲑⲩⲥⲓⲁⲥⲧⲏⲣⲓⲟⲛ"/>
		<feat xlink:href="#sSpan4276" value="ϩⲉⲛ ⲣⲙⲉⲓⲟⲟⲩⲉ"/>
		<feat xlink:href="#sSpan4285" value="ⲟⲩ ⲣⲓⲙⲉ"/>
		<feat xlink:href="#sSpan4299" value="ⲟⲩ ⲁϣⲁϩⲟⲙ ⲉⲃⲟⲗ ϩⲛ ϩⲉⲛ ϩⲓⲥⲉ"/>
		<feat xlink:href="#sSpan4315" value="ϩⲉⲛ ϩⲓⲥⲉ"/>
		<feat xlink:href="#sSpan4324" value="ϩⲉⲛ ⲙⲛⲧϣⲟⲩϣⲉ"/>
		<feat xlink:href="#sSpan4342" value="ⲛⲉⲓ ϩⲃⲏⲩⲉ ⲛ ⲧⲉⲓ ⲙⲓⲛⲉ"/>
		<feat xlink:href="#sSpan4359" value="ϩⲉⲛ ⲕⲉⲛⲟⲇⲟⲝⲓⲁ"/>
		<feat xlink:href="#sSpan4398" value="ⲡ ⲧⲁⲉⲓⲟ ⲛ ⲛ ⲣⲱⲙⲉ"/>
		<feat xlink:href="#sSpan4407" value="ⲛ ⲣⲱⲙⲉ"/>
		<feat xlink:href="#sSpan4436" value="ⲡ ⲧⲁⲉⲓⲟ"/>
		<feat xlink:href="#sSpan4453" value="ⲡ ⲛⲟⲩⲧⲉ"/>
		<feat xlink:href="#sSpan4469" value="ⲡⲁⲓ"/>
		<feat xlink:href="#sSpan4492" value="ⲡ ϫⲟⲉⲓⲥ"/>
		<feat xlink:href="#sSpan4514" value="ⲛ ⲣⲱⲙⲉ"/>
		<feat xlink:href="#sSpan4562" value="ⲧⲉⲕ ⲙⲛⲧⲛⲁ"/>
		<feat xlink:href="#sSpan4578" value="ⲡ ⲛⲟⲩⲧⲉ"/>
		<feat xlink:href="#sSpan4634" value="ⲟⲩ ⲙⲛⲧⲙⲁⲓⲧⲟ ⲛ ϩⲟⲩⲟ"/>
		<feat xlink:href="#sSpan4678" value="ⲡ ⲛⲟⲩⲧⲉ"/>
		<feat xlink:href="#sSpan4701" value="ⲡⲁⲓ ⲉⲧ ϭⲱϣⲧ ⲉϫⲱ ⲛ"/>
		<feat xlink:href="#sSpan4732" value="ⲟⲩ ⲙⲛⲧⲛⲁ"/>
		<feat xlink:href="#sSpan4768" value="ⲡ ⲛⲟⲩⲧⲉ"/>
		<feat xlink:href="#sSpan4777" value="ⲡⲉⲥ ⲧⲟⲩⲉⲓⲟ"/>
		<feat xlink:href="#sSpan4797" value="ⲡ ⲛⲟⲩⲧⲉ"/>
		<feat xlink:href="#sSpan4817" value="ⲛⲁⲓ ⲉⲧ ⲙⲙⲁⲩ ⲉⲧ ϥ ⲧⲁⲓⲟ ⲙⲙⲟ ⲟⲩ"/>
		<feat xlink:href="#sSpan4845" value="ⲛⲉϥ ⲁⲅⲁⲑⲟⲛ"/>
		<feat xlink:href="#sSpan4865" value="ⲗⲁⲁⲩ ⲇⲉ ⲙ ⲡⲗⲉⲟⲛⲉⲕⲧⲏⲥ"/>
		<feat xlink:href="#sSpan4919" value="ⲡ ⲛⲟⲩⲧⲉ"/>
		<feat xlink:href="#sSpan4939" value="ⲡⲉⲕ ⲥⲟⲛ"/>
		<feat xlink:href="#sSpan4979" value="ⲡⲉ ⲑⲩⲥⲓⲁⲥⲧⲏⲣⲓⲟⲛ"/>
		<feat xlink:href="#sSpan5002" value="ⲡ ⲙⲁ ⲉⲧ ⲙⲙⲁⲩ"/>
		<feat xlink:href="#sSpan5019" value="ⲡⲉⲕ ⲥⲟⲛ"/>
		<feat xlink:href="#sSpan5024" value="ⲟⲩ ϩⲱⲃ"/>
		<feat xlink:href="#sSpan5069" value="ⲡⲉⲕ ⲥⲟⲛ"/>
		<feat xlink:href="#sSpan5107" value="ⲡⲉⲕ ⲇⲱⲣⲟⲛ"/>
		<feat xlink:href="#sSpan5139" value="ⲍⲁⲭⲁⲓⲟⲥ ⲡ ⲧⲉⲗⲱⲛⲏⲥ ⲡⲁⲓ ⲉⲛⲧ ⲁ ϥ ⲧⲟϣ ϥ ⲉ ϯ ⲙ ⲡ ⲉⲛⲧ ⲁ ϥ ϩⲟⲩⲗⲁ ⲉⲣⲟ ϥ ⲛ ϥⲧⲟⲩ ⲕⲱⲃ"/>
		<feat xlink:href="#sSpan5175" value="ⲡ ⲉⲛⲧ ⲁ ϥ ϩⲟⲩⲗⲁ ⲉⲣⲟ ϥ ⲛ ϥⲧⲟⲩ ⲕⲱⲃ"/>
		<feat xlink:href="#sSpan5197" value="ϥⲧⲟⲩ ⲕⲱⲃ"/>
		<feat xlink:href="#sSpan5231" value="ⲛ ϩⲏⲕⲉ"/>
		<feat xlink:href="#sSpan5242" value="ⲛⲉϥ ϩⲩⲡⲁⲣⲭⲟⲛⲧⲁ"/>
		<feat xlink:href="#sSpan5294" value="ⲡⲉ ⲭⲣⲓⲥⲧⲟⲥ"/>
		<feat xlink:href="#sSpan5313" value="ⲡⲉ ⲭⲣⲓⲥⲧⲟⲥ"/>
		<feat xlink:href="#sSpan5341" value="ⲛ ⲉⲧ ϯ ⲁⲛ ⲉⲧ ⲣⲟⲟⲩⲧ ⲉϩⲟⲩⲛ ⲉ ⲛ ϩⲏⲕⲉ"/>
		<feat xlink:href="#sSpan5368" value="ⲛ ϩⲏⲕⲉ"/>
		<feat xlink:href="#sSpan5399" value="ⲧ ⲙⲛⲧⲙⲁⲓⲧⲟ ⲛ ϩⲟⲩⲟ"/>
		<feat xlink:href="#sSpan5419" value="ⲛ ⲉⲛⲧ ⲁ ⲩ ϫⲓⲧ ⲟⲩ ⲛ ϭⲟⲛⲥ"/>
		<feat xlink:href="#sSpan5437" value="ϭⲟⲛⲥ"/>
		<feat xlink:href="#sSpan5462" value="ⲡ ϫⲟⲉⲓⲥ"/>
		<feat xlink:href="#sSpan5485" value="ⲡ ⲥⲟⲟⲩⲧⲛ ⲛ ⲍⲁⲭⲁⲓⲟⲥ"/>
		<feat xlink:href="#sSpan5495" value="ⲍⲁⲭⲁⲓⲟⲥ"/>
		<feat xlink:href="#sSpan5527" value="ⲩ ⲟⲩϫⲁⲓ"/>
		<feat xlink:href="#sSpan5540" value="ⲡⲉⲓ ⲏⲓ"/>
		<feat xlink:href="#sSpan5549" value="ⲡ ϩⲟⲟⲩ"/>
		<feat xlink:href="#sSpan5565" value="ⲛⲁⲓ"/>
		<feat xlink:href="#sSpan5584" value="ⲛ ⲉⲧ ⲣⲙⲛⲧⲛⲁ"/>
		<feat xlink:href="#sSpan5620" value="ⲡ ⲣⲟⲟⲩϣ ⲛ ⲟⲩ ϣⲱϣ ⲙⲛ ⲟⲩ ⲇⲓⲕⲁⲓⲟⲛ"/>
		<feat xlink:href="#sSpan5629" value="ⲟⲩ ϣⲱϣ"/>
		<feat xlink:href="#sSpan5638" value="ⲟⲩ ⲇⲓⲕⲁⲓⲟⲛ"/>
		<feat xlink:href="#sSpan5683" value="ⲡ ⲉⲧ ⲣⲟⲉⲓⲥ ⲙⲉⲛ ⲉⲣⲟ ϥ ⲉ ⲣϫⲓⲛϭⲟⲛⲥ"/>
		<feat xlink:href="#sSpan5744" value="ⲟⲩ ϣⲏⲛ ⲛ ⲁⲧⲕⲁⲣⲡⲟⲥ"/>
		<feat xlink:href="#sSpan5783" value="ⲡ ⲕⲱϩⲧ"/>
		<feat xlink:href="#sSpan5805" value="ⲡⲉⲓ ϣⲏⲛ"/>
		<feat xlink:href="#sSpan5835" value="ⲡ ⲟⲩⲟⲉⲓⲉ ⲉⲧ ⲏⲡ ⲉ ⲧⲡⲉ"/>
		<feat xlink:href="#sSpan5850" value="ⲧⲡⲉ"/>
		<feat xlink:href="#sSpan5859" value="ⲡⲁⲓ ⲉⲧ ϫⲱ ⲙⲙⲟ ⲥ"/>
		<feat xlink:href="#sSpan5900" value="ⲕⲁⲣⲡⲟⲥ ⲛ ⲧⲉⲓ ⲃⲱ ⲛ ⲕⲛⲧⲉ"/>
		<feat xlink:href="#sSpan5907" value="ⲧⲉⲓ ⲃⲱ ⲛ ⲕⲛⲧⲉ"/>
		<feat xlink:href="#sSpan5916" value="ⲕⲛⲧⲉ"/>
		<feat xlink:href="#sSpan5942" value="ⲟⲩⲟⲛ"/>
		<feat xlink:href="#sSpan5986" value="ⲡ ⲕⲉ ⲕⲁϩ"/>
		<feat xlink:href="#sSpan6025" value="ⲡ ⲉⲧⲉ ⲙⲡ ϥ ϯⲧⲉⲟⲩⲱ ⲛ ⲛ ϩⲏⲕⲉ ⲛⲁ ⲩ"/>
		<feat xlink:href="#sSpan6042" value="ⲛ ϩⲏⲕⲉ"/>
		<feat xlink:href="#sSpan6066" value="ⲟⲩ ⲁⲡⲉⲓⲗⲏ"/>
		<feat xlink:href="#sSpan6081" value="ⲡⲁⲓ"/>
		<feat xlink:href="#sSpan6109" value="ⲡ ⲉⲧ ⲱⲃϣ ⲙⲙⲟ ϥ ⲉ ⲧⲙ ϯ ϯⲧⲉⲟⲩⲱ ⲙ ⲡ ϩⲏⲕⲉ ⲛ ⲛⲁⲏⲧ"/>
		<feat xlink:href="#sSpan6132" value="ϯⲧⲉⲟⲩⲱ ⲙ ⲡ ϩⲏⲕⲉ ⲛ ⲛⲁⲏⲧ"/>
		<feat xlink:href="#sSpan6139" value="ⲡ ϩⲏⲕⲉ ⲛ ⲛⲁⲏⲧ"/>
		<feat xlink:href="#sSpan6176" value="ⲡ ⲛⲟⲩⲧⲉ"/>
		<feat xlink:href="#sSpan6214" value="ⲡ ⲛⲟⲩⲧⲉ"/>
		<feat xlink:href="#sSpan6225" value="ⲟⲩ ⲛⲁϩⲏⲧ"/>
		<feat xlink:href="#sSpan6242" value="ⲟⲩ ϩⲟⲧⲉ"/>
		<feat xlink:href="#sSpan6264" value="ⲟⲩ ϩⲱⲃ ⲡⲉ ⲡⲁⲣⲁ ⲡ ⲛⲟⲙⲟⲥ"/>
		<feat xlink:href="#sSpan6278" value="ⲡ ⲛⲟⲙⲟⲥ"/>
		<feat xlink:href="#sSpan6311" value="ⲡⲉⲕ ⲱϩⲥ"/>
		<feat xlink:href="#sSpan6326" value="ⲡⲉⲕ ⲙⲁ ⲛ ⲉⲗⲟⲟⲗⲉ"/>
		<feat xlink:href="#sSpan6362" value="ⲕⲉ ⲥⲟⲡ"/>
		<feat xlink:href="#sSpan6377" value="ⲡⲉⲕ ⲙⲁ ⲛ ϫⲟⲉⲓⲧ"/>
		<feat xlink:href="#sSpan6402" value="ⲕⲉ ⲥⲟⲡ"/>
		<feat xlink:href="#sSpan6429" value="ⲛⲁⲓ"/>
		<feat xlink:href="#sSpan6436" value="ⲛ ϩⲏⲕⲉ"/>
		<feat xlink:href="#sSpan6470" value="ⲛⲁⲓ"/>
		<feat xlink:href="#sSpan6482" value="ⲛ ⲉⲧ ϩⲙ ⲡ ⲛⲟⲙⲟⲥ"/>
		<feat xlink:href="#sSpan6489" value="ⲡ ⲛⲟⲙⲟⲥ"/>
		<feat xlink:href="#sSpan6521" value="ⲛ ⲉⲧ ϩⲙ ⲡⲉ ⲭⲣⲓⲥⲧⲟⲥ"/>
		<feat xlink:href="#sSpan6529" value="ⲡⲉ ⲭⲣⲓⲥⲧⲟⲥ"/>
		<feat xlink:href="#sSpan6542" value="ⲛⲁⲓ ⲉⲧⲉⲣⲉ ⲡ ϫⲟⲉⲓⲥ ϫⲱ ⲙⲙⲟ ⲥ ⲛⲁ ⲩ"/>
		<feat xlink:href="#sSpan6553" value="ⲡ ϫⲟⲉⲓⲥ"/>
		<feat xlink:href="#sSpan6594" value="ⲧⲉⲧⲛ ⲇⲓⲕⲁⲓⲟⲥⲩⲛⲏ ⲛ ϩⲟⲩⲉ"/>
		<feat xlink:href="#sSpan6610" value="ⲧⲁ ⲛⲉ ⲅⲣⲁⲙⲙⲁⲧⲉⲩⲥ ⲙⲛ ⲛⲉ ⲫⲁⲣⲓⲥⲥⲁⲓⲟⲥ"/>
		<feat xlink:href="#sSpan6613" value="ⲛⲉ ⲅⲣⲁⲙⲙⲁⲧⲉⲩⲥ"/>
		<feat xlink:href="#sSpan6626" value="ⲛⲉ ⲫⲁⲣⲓⲥⲥⲁⲓⲟⲥ"/>
		<feat xlink:href="#sSpan6653" value="ⲧ ⲙⲛⲧⲣⲣⲟ ⲛ ⲙ ⲡⲏⲩⲉ"/>
		<feat xlink:href="#sSpan6665" value="ⲙ ⲡⲏⲩⲉ"/>
		<feat xlink:href="#sSpan6681" value="ⲡⲁⲓ"/>
		<feat xlink:href="#sSpan6703" value="ⲛ ⲥⲱϣⲉ"/>
		<feat xlink:href="#sSpan6712" value="ⲛ ⲉⲧ ⲛⲏⲩ ⲛⲁ ⲛ ⲉϩⲟⲩⲛ ⲉⲃⲟⲗ"/>
		<feat xlink:href="#sSpan6751" value="ⲡ ⲕⲉ ϩⲱⲃ ⲛ ⲛⲉⲛ ϭⲓϫ"/>
		<feat xlink:href="#sSpan6762" value="ⲛⲉⲛ ϭⲓϫ"/>
		<feat xlink:href="#sSpan6794" value="ⲡ ⲁⲡⲟⲥⲧⲟⲗⲟⲥ"/>
		<feat xlink:href="#sSpan6814" value="ⲛ ⲉⲧⲉ ⲙⲛⲧⲁ ⲩ"/>
		<feat xlink:href="#sSpan6842" value="ⲧⲉⲧⲛ ϭⲓϫ"/>
		<feat xlink:href="#sSpan6852" value="ⲛ ⲁⲅⲁⲑⲟⲛ"/>
		<feat xlink:href="#sSpan6889" value="ⲡ ⲉⲧ ϣⲁⲁⲧ"/>
		<feat xlink:href="#sSpan6900" value="ⲡ ⲉⲧ ⲟⲩⲱϣ"/>
		<feat xlink:href="#sSpan6929" value="ⲡ ⲥⲱⲧⲏⲣ"/>
		<feat xlink:href="#sSpan6943" value="ⲡ ϫⲟⲉⲓⲥ"/>
		<feat xlink:href="#sSpan6952" value="ⲉⲓⲁⲧ ϥ"/>
		<feat xlink:href="#sSpan6985" value="ⲧⲉϥ ⲕⲉ ⲟⲩⲥⲓⲁ ⲧⲏⲣ ⲥ"/>
		<feat xlink:href="#sSpan7003" value="ⲩ ⲡⲉⲧⲛⲁⲛⲟⲩϥ"/>
		<feat xlink:href="#sSpan7017" value="ⲛ ϩⲏⲕⲉ"/>
		<feat xlink:href="#sSpan7059" value="ⲛ ⲉⲛⲧ ⲁ ⲩ ⲟⲩⲁϩ ⲟⲩ"/>
		<feat xlink:href="#sSpan7093" value="ⲛ ⲧⲉⲗⲓⲟⲥ"/>
		<feat xlink:href="#sSpan7121" value="ⲡ ⲟⲩⲣⲟⲧ ⲉⲧ ⲛⲁϣⲱ ϥ"/>
		<feat xlink:href="#sSpan7144" value="ⲛ ⲧⲉⲗⲓⲟⲥ ⲛ ⲙ ⲙⲛⲧⲛⲁ"/>
		<feat xlink:href="#sSpan7154" value="ⲙ ⲙⲛⲧⲛⲁ"/>
		<feat xlink:href="#sSpan7203" value="ⲧ ⲗⲓⲧⲟⲩⲣⲅⲓⲁ ⲧⲉ ⲉⲃⲟⲗ ϩⲓⲧⲛ ⲛⲉ ⲭⲣⲏⲙⲁ"/>
		<feat xlink:href="#sSpan7220" value="ⲛⲉ ⲭⲣⲏⲙⲁ"/>
		<feat xlink:href="#sSpan7241" value="ⲧ ⲗⲓⲧⲟⲩⲣⲅⲓⲁ ⲧⲉ ⲉⲃⲟⲗ ϩⲙ ⲡ ⲗⲟⲅⲟⲥ ⲙⲛ ⲡⲉ ⲡⲛⲉⲩⲙⲁ"/>
		<feat xlink:href="#sSpan7257" value="ⲡ ⲗⲟⲅⲟⲥ"/>
		<feat xlink:href="#sSpan7267" value="ⲡⲉ ⲡⲛⲉⲩⲙⲁ"/>
		<feat xlink:href="#sSpan7274" value="ⲡ ⲕⲉ ⲥⲉⲉⲡⲉ"/>
		<feat xlink:href="#sSpan7316" value="ϩⲉⲛ ⲙⲛⲧⲣⲉϥϯ"/>
		<feat xlink:href="#sSpan7328" value="ϩⲉⲛ ⲕⲟⲓⲛⲱⲛⲓⲁ"/>
		<feat xlink:href="#sSpan7352" value="ⲛ ⲉⲧⲉ ⲩⲛⲧⲁ ⲩ ⲥⲟⲩ"/>
		<feat xlink:href="#sSpan7375" value="ⲛⲁⲓ"/>
		<feat xlink:href="#sSpan7409" value="ⲧ ⲙⲛⲧⲙⲁⲓⲣⲱⲙⲉ ⲙ ⲡ ⲛⲟⲩⲧⲉ"/>
		<feat xlink:href="#sSpan7421" value="ⲡ ⲛⲟⲩⲧⲉ"/>
		<feat xlink:href="#sSpan7519" value="ⲭⲣⲏⲥⲧⲟⲥ"/>
		<feat xlink:href="#sSpan7555" value="ⲛⲁⲓ"/>
		<feat xlink:href="#sSpan7587" value="ⲧ ⲕⲟⲓⲛⲱⲛⲓⲁ ⲉⲧ ϣⲟⲟⲡ ϣⲁⲣⲟ ϥ"/>
		<feat xlink:href="#sSpan7610" value="ⲛⲁⲓ"/>
		<feat xlink:href="#sSpan7639" value="ⲟⲩⲛⲁⲙ ⲙ ⲡ ϫⲟⲉⲓⲥ"/>
		<feat xlink:href="#sSpan7646" value="ⲡ ϫⲟⲉⲓⲥ"/>
		<feat xlink:href="#sSpan7657" value="ⲛⲁⲓ ⲉⲛⲧ ϥ ϫⲟⲟ ⲥ ⲛⲁ ⲩ ⲉϥϣⲁⲛ ⲉⲓ ⲛϭⲓ ⲡ ⲣⲣⲟ"/>
		<feat xlink:href="#sSpan7687" value="ⲡ ⲣⲣⲟ"/>
		<feat xlink:href="#sSpan7700" value="ⲛ ⲉⲧ ⲥⲙⲁⲁⲧ ⲛⲧⲉ ⲡⲁ ⲉⲓⲱⲧ"/>
		<feat xlink:href="#sSpan7711" value="ⲡⲁ ⲉⲓⲱⲧ"/>
		<feat xlink:href="#sSpan7730" value="ⲧ ⲙⲛⲧⲣⲣⲟ ⲉⲛⲧ ⲁ ⲩ ⲥⲃⲧⲱⲧ ⲥ ⲛⲏ ⲧⲛ ϫⲓⲛ ⲛ ⲧ ⲕⲁⲧⲁⲃⲟⲗⲏ ⲙ ⲡ ⲕⲟⲥⲙⲟⲥ"/>
		<feat xlink:href="#sSpan7762" value="ⲧ ⲕⲁⲧⲁⲃⲟⲗⲏ ⲙ ⲡ ⲕⲟⲥⲙⲟⲥ"/>
		<feat xlink:href="#sSpan7772" value="ⲡ ⲕⲟⲥⲙⲟⲥ"/>
		<feat xlink:href="#sSpan7856" value="ϣⲙⲙⲟ"/>
		<feat xlink:href="#sSpan7967" value="ⲡⲉ ϣⲧⲉⲕⲟ"/>
		<feat xlink:href="#sSpan8019" value="ⲛ ⲇⲓⲕⲁⲓⲟⲥ"/>
		<feat xlink:href="#sSpan8050" value="ⲡ ϫⲟⲉⲓⲥ"/>
		<feat xlink:href="#sSpan8067" value="ⲛⲁⲓ"/>
		<feat xlink:href="#sSpan8165" value="ⲟⲩⲁ ⲛⲉⲓ ⲕⲟⲩⲓ ⲉⲧ ⲥⲟⲃⲕ"/>
		<feat xlink:href="#sSpan8170" value="ⲛⲉⲓ ⲕⲟⲩⲓ ⲉⲧ ⲥⲟⲃⲕ"/>
		<feat xlink:href="#sSpan8214" value="ⲡ ⲟⲩⲣⲟⲧ"/>
		<feat xlink:href="#sSpan8237" value="ⲛ ⲉⲧ ⲟⲩⲁⲁⲃ"/>
		<feat xlink:href="#sSpan8244" value="ⲟⲩ ⲙⲛⲧⲉⲩⲥⲉⲃⲏⲥ"/>
		<feat xlink:href="#sSpan8266" value="ⲡⲉ ⲭⲣⲓⲥⲧⲟⲥ"/>
		<feat xlink:href="#sSpan8286" value="ⲡⲉⲓ ⲣⲟⲟⲩⲧ ⲉϩⲟⲩⲛ ⲉ ⲛⲁ ⲡⲉ ⲭⲣⲓⲥⲧⲟⲥ"/>
		<feat xlink:href="#sSpan8299" value="ⲛⲁ ⲡⲉ ⲭⲣⲓⲥⲧⲟⲥ"/>
		<feat xlink:href="#sSpan8302" value="ⲡⲉ ⲭⲣⲓⲥⲧⲟⲥ"/>
		<feat xlink:href="#sSpan8331" value="ϩⲩⲡⲉⲣⲉⲧⲏⲥ ⲙ ⲡⲉ ⲭⲣⲓⲥⲧⲟⲥ"/>
		<feat xlink:href="#sSpan8338" value="ⲡⲉ ⲭⲣⲓⲥⲧⲟⲥ"/>
		<feat xlink:href="#sSpan8370" value="ⲟⲩ ⲛⲟϭ"/>
		<feat xlink:href="#sSpan8395" value="ⲟⲩ ⲕⲟⲩⲓ"/>
		<feat xlink:href="#sSpan8410" value="ⲡ ⲉⲧⲉ ⲩⲛⲧⲁ ϥ ϥ"/>
		<feat xlink:href="#sSpan8427" value="ⲡⲁⲓ"/>
		<feat xlink:href="#sSpan8470" value="ⲟⲩ ⲙⲁⲑⲏⲧⲏⲥ ⲛ ⲟⲩ ϫⲱ ⲙ ⲙⲟⲟⲩ"/>
		<feat xlink:href="#sSpan8480" value="ⲟⲩ ϫⲱ ⲙ ⲙⲟⲟⲩ"/>
		<feat xlink:href="#sSpan8489" value="ⲙⲟⲟⲩ"/>
		<feat xlink:href="#sSpan8507" value="ⲡ ⲣⲁⲛ ⲛ ⲟⲩ ⲙⲁⲑⲏⲧⲏⲥ"/>
		<feat xlink:href="#sSpan8516" value="ⲟⲩ ⲙⲁⲑⲏⲧⲏⲥ"/>
		<feat xlink:href="#sSpan8562" value="ⲡⲉϥ ⲃⲉⲕⲉ"/>
		<feat xlink:href="#sSpan8591" value="ⲡ ⲣⲙⲙⲁⲟ"/>
		<feat xlink:href="#sSpan8604" value="ⲟⲩ ⲡⲣⲟⲫⲁⲥⲓⲥ ⲙ ⲙⲛⲧⲣⲙϩⲉ ⲙ ⲙⲉ"/>
		<feat xlink:href="#sSpan8615" value="ⲙⲛⲧⲣⲙϩⲉ ⲙ ⲙⲉ"/>
		<feat xlink:href="#sSpan8648" value="ⲛⲁⲓ"/>
		<feat xlink:href="#sSpan8672" value="ϣⲃⲣⲣϩⲱⲃ ⲙ ⲡ ⲛⲟⲩⲧⲉ"/>
		<feat xlink:href="#sSpan8682" value="ⲡ ⲛⲟⲩⲧⲉ"/>
		<feat xlink:href="#sSpan8699" value="ⲙ ⲙⲁⲧⲟⲓ ⲙ ⲡⲉ ⲭⲣⲓⲥⲧⲟⲥ"/>
		<feat xlink:href="#sSpan8708" value="ⲡⲉ ⲭⲣⲓⲥⲧⲟⲥ"/>
		<feat xlink:href="#sSpan8770" value="ⲡ ⲣⲣⲟ ⲇⲉ ⲛ ⲧ ⲡⲉ"/>
		<feat xlink:href="#sSpan8788" value="ⲧ ⲡⲉ"/>
		<feat xlink:href="#sSpan8846" value="ⲛ ⲣⲉϥϯ ⲉⲧ ⲣⲟⲟⲩⲧ"/>
		<feat xlink:href="#sSpan8939" value="ⲛ ϩⲏⲕⲉ"/>
		<feat xlink:href="#sSpan8948" value="ⲛⲉ ⲡⲣⲟⲥⲟⲩⲟⲉⲓϣ"/>
		<feat xlink:href="#sSpan8975" value="ⲧ ⲕⲟⲓⲛⲱⲛⲓⲁ ⲛ ⲛ ϣⲁ ⲉⲛⲉϩ"/>
		<feat xlink:href="#sSpan8985" value="ⲛ ϣⲁ ⲉⲛⲉϩ"/>
		<feat xlink:href="#sSpan8999" value="ⲛⲁⲓ"/>
		<feat xlink:href="#sSpan9022" value="ϣⲁ ⲉⲛⲉϩ"/>
		<feat xlink:href="#sSpan9035" value="ⲟⲩⲟⲉⲓϣ ⲛⲓⲙ"/>
		<feat xlink:href="#sSpan9068" value="ⲡⲉ ⲙⲧⲟ ⲉⲃⲟⲗ ⲛ ⲛⲉⲛ ⲃⲁⲗ"/>
		<feat xlink:href="#sSpan9081" value="ⲛⲉⲛ ⲃⲁⲗ"/>
		<feat xlink:href="#sSpan9103" value="ⲧⲉⲛ ⲯⲩⲭⲏ"/>
		<feat xlink:href="#sSpan9124" value="ⲡⲉ ⲟⲩⲟⲉⲓϣ"/>
		<feat xlink:href="#sSpan9174" value="ⲡ ⲉⲧ ϣⲟⲟⲡ"/>
		<feat xlink:href="#sSpan9213" value="ⲡ ⲉⲧ ⲛⲏⲩ"/>
		<feat xlink:href="#sSpan9232" value="ⲡ ⲧⲣⲉ ⲛ ϭⲱϣⲧ ⲉⲃⲟⲗ"/>
		<feat xlink:href="#sSpan9266" value="ⲡ ϩⲱⲃ"/>
		<feat xlink:href="#sSpan9293" value="ⲧⲉⲛ ϩⲁⲏ"/>
		<feat xlink:href="#sSpan9312" value="ⲡ ϫⲟⲉⲓⲥ"/>
		<feat xlink:href="#sSpan9390" value="ⲡ ⲙⲉⲉⲩⲉ ⲛ ⲛⲉϥ ⲉⲛⲧⲟⲗⲏ"/>
		<feat xlink:href="#sSpan9399" value="ⲛⲉϥ ⲉⲛⲧⲟⲗⲏ"/>
		<feat xlink:href="#sSpan9422" value="ⲧⲉϥ ⲁⲛⲁⲡⲁⲩⲥⲓⲥ ⲉⲧ ϩⲁⲉⲟⲟⲩ"/>
		<feat xlink:href="#sSpan9453" value="ⲗⲁⲁⲩ"/>
		<feat xlink:href="#sSpan9479" value="ⲓⲏⲥⲟⲩⲥ ⲡⲉ ⲭⲣⲓⲥⲧⲟⲥ ⲡⲉⲛ ϫⲟⲉⲓⲥ ⲡⲁⲓ ⲉⲃⲟⲗ ϩⲓⲧⲟⲟⲧ ϥ ⲡ ⲉⲟⲟⲩ ⲙ ⲡ ⲉⲓⲱⲧ ⲛⲙⲙⲁ ϥ ⲙⲛ ⲡⲉ ⲡⲛⲉⲩⲙⲁ ⲉⲧ ⲟⲩⲁⲁⲃ · ϣⲁ ⲛ ⲁⲓⲱⲛ ⲧⲏⲣ ⲟⲩ ⲛ ⲁⲓⲱⲛ"/>
		<feat xlink:href="#sSpan9513" value="ⲡ ⲉⲟⲟⲩ ⲙ ⲡ ⲉⲓⲱⲧ"/>
		<feat xlink:href="#sSpan9522" value="ⲡ ⲉⲓⲱⲧ"/>
		<feat xlink:href="#sSpan9538" value="ⲡⲉ ⲡⲛⲉⲩⲙⲁ ⲉⲧ ⲟⲩⲁⲁⲃ"/>
		<feat xlink:href="#sSpan9558" value="ⲛ ⲁⲓⲱⲛ ⲧⲏⲣ ⲟⲩ ⲛ ⲁⲓⲱⲛ"/>
		<feat xlink:href="#sSpan9576" value="ⲁⲓⲱⲛ"/>
		<feat xlink:href="#sSpan9632" value="ⲁⲑⲁⲛⲁⲥⲓⲟⲥ ⲁⲣⲭⲏⲉⲡⲓⲥⲕⲟⲡⲟⲩ"/></featList></paula>