<?xml version='1.0' encoding='UTF-8'?><!DOCTYPE paula SYSTEM "paula_mark.dtd">
<paula version="1.1">
	<header paula_id="GL29-30_par_XJ33-34.tok"/>
	<markList xmlns:xlink="http://www.w3.org/1999/xlink" type="tok" xml:base="GL29-30_par_XJ33-34.text.xml">
		<!--ⲭ︤ⲥ︥-->
		<mark id="sTok1" xlink:href="#xpointer(string-range(//body,'',1,4))"/>
		<!--ϩ-->
		<mark id="sTok2" xlink:href="#xpointer(string-range(//body,'',6,1))"/>
		<!--ⲉⲛ-->
		<mark id="sTok3" xlink:href="#xpointer(string-range(//body,'',8,2))"/>
		<!--ⲡⲣⲟⲇⲟⲧⲏⲥ-->
		<mark id="sTok4" xlink:href="#xpointer(string-range(//body,'',11,8))"/>
		<!--ϩⲱ-->
		<mark id="sTok5" xlink:href="#xpointer(string-range(//body,'',20,2))"/>
		<!--ⲟⲩ-->
		<mark id="sTok6" xlink:href="#xpointer(string-range(//body,'',23,2))"/>
		<!--·-->
		<mark id="sTok7" xlink:href="#xpointer(string-range(//body,'',26,1))"/>
		<!--ⲛ-->
		<mark id="sTok8" xlink:href="#xpointer(string-range(//body,'',28,1))"/>
		<!--ⲣⲉϥ-->
		<mark id="sTok9" xlink:href="#xpointer(string-range(//body,'',30,3))"/>
		<!--ϫⲓ-->
		<mark id="sTok10" xlink:href="#xpointer(string-range(//body,'',34,2))"/>
		<!--ⲟⲩⲉ-->
		<mark id="sTok11" xlink:href="#xpointer(string-range(//body,'',37,3))"/>
		<!--ⲁⲩⲱ-->
		<mark id="sTok12" xlink:href="#xpointer(string-range(//body,'',41,3))"/>
		<!--ⲛ-->
		<mark id="sTok13" xlink:href="#xpointer(string-range(//body,'',45,1))"/>
		<!--ⲁⲡⲟⲥ-->
		<mark id="sTok14" xlink:href="#xpointer(string-range(//body,'',47,4))"/>
		<!--ⲧⲁⲧⲏⲥ-->
		<mark id="sTok15" xlink:href="#xpointer(string-range(//body,'',52,5))"/>
		<!--ⲛⲉ-->
		<mark id="sTok16" xlink:href="#xpointer(string-range(//body,'',58,2))"/>
		<!--ⲛ-->
		<mark id="sTok17" xlink:href="#xpointer(string-range(//body,'',61,1))"/>
		<!--ⲉⲧ-->
		<mark id="sTok18" xlink:href="#xpointer(string-range(//body,'',63,2))"/>
		<!--ⲉⲓ-->
		<mark id="sTok19" xlink:href="#xpointer(string-range(//body,'',66,2))"/>
		<!--ⲣⲉ-->
		<mark id="sTok20" xlink:href="#xpointer(string-range(//body,'',69,2))"/>
		<!--ⲛ-->
		<mark id="sTok21" xlink:href="#xpointer(string-range(//body,'',72,1))"/>
		<!--ⲛⲉⲓ-->
		<mark id="sTok22" xlink:href="#xpointer(string-range(//body,'',74,3))"/>
		<!--ϩⲃⲏⲩⲉ-->
		<mark id="sTok23" xlink:href="#xpointer(string-range(//body,'',78,5))"/>
		<!--ⲉ̂-->
		<mark id="sTok24" xlink:href="#xpointer(string-range(//body,'',84,2))"/>
		<!--[ⲧ-->
		<mark id="sTok25" xlink:href="#xpointer(string-range(//body,'',87,2))"/>
		<!--ⲙ]-->
		<mark id="sTok26" xlink:href="#xpointer(string-range(//body,'',90,2))"/>
		<!--ⲙ̣-->
		<mark id="sTok27" xlink:href="#xpointer(string-range(//body,'',93,2))"/>
		<!--ⲁⲩ-->
		<mark id="sTok28" xlink:href="#xpointer(string-range(//body,'',96,2))"/>
		<!--·-->
		<mark id="sTok29" xlink:href="#xpointer(string-range(//body,'',99,1))"/>
		<!--ⲛ-->
		<mark id="sTok30" xlink:href="#xpointer(string-range(//body,'',101,1))"/>
		<!--ⲃⲟⲧⲉ-->
		<mark id="sTok31" xlink:href="#xpointer(string-range(//body,'',103,4))"/>
		<!--[ϩⲛ-->
		<mark id="sTok32" xlink:href="#xpointer(string-range(//body,'',108,3))"/>
		<!--ⲛ]-->
		<mark id="sTok33" xlink:href="#xpointer(string-range(//body,'',112,2))"/>
		<!--ⲧ̣ⲟ̣ⲡⲟⲥ-->
		<mark id="sTok34" xlink:href="#xpointer(string-range(//body,'',115,7))"/>
		<!--ⲉⲧ-->
		<mark id="sTok35" xlink:href="#xpointer(string-range(//body,'',123,2))"/>
		<!--ⲟⲩ-->
		<mark id="sTok36" xlink:href="#xpointer(string-range(//body,'',126,2))"/>
		<!--[ⲁⲁⲃ]-->
		<mark id="sTok37" xlink:href="#xpointer(string-range(//body,'',129,5))"/>
		<!--[ⲟ-->
		<mark id="sTok38" xlink:href="#xpointer(string-range(//body,'',135,2))"/>
		<!--ⲩ-->
		<mark id="sTok39" xlink:href="#xpointer(string-range(//body,'',138,1))"/>
		<!--ⲡⲉ-->
		<mark id="sTok40" xlink:href="#xpointer(string-range(//body,'',140,2))"/>
		<!--ⲡ]-->
		<mark id="sTok41" xlink:href="#xpointer(string-range(//body,'',143,2))"/>
		<!--ϩ̣ⲱⲃ-->
		<mark id="sTok42" xlink:href="#xpointer(string-range(//body,'',146,4))"/>
		<!--ⲛ-->
		<mark id="sTok43" xlink:href="#xpointer(string-range(//body,'',151,1))"/>
		<!--ⲟⲩ-->
		<mark id="sTok44" xlink:href="#xpointer(string-range(//body,'',153,2))"/>
		<!--[ⲁϣⲏ]-->
		<mark id="sTok45" xlink:href="#xpointer(string-range(//body,'',156,5))"/>
		<!--ⲛ-->
		<mark id="sTok46" xlink:href="#xpointer(string-range(//body,'',162,1))"/>
		<!--ϩⲏⲃⲥ-->
		<mark id="sTok47" xlink:href="#xpointer(string-range(//body,'',164,4))"/>
		<!--·-->
		<mark id="sTok48" xlink:href="#xpointer(string-range(//body,'',169,1))"/>
		<!--ⲉ-->
		<mark id="sTok49" xlink:href="#xpointer(string-range(//body,'',171,1))"/>
		<!--ⲩ-->
		<mark id="sTok50" xlink:href="#xpointer(string-range(//body,'',173,1))"/>
		<!--[ⲕⲏ-->
		<mark id="sTok51" xlink:href="#xpointer(string-range(//body,'',175,3))"/>
		<!--ϩⲓ]-->
		<mark id="sTok52" xlink:href="#xpointer(string-range(//body,'',179,3))"/>
		<!--ϫⲛ-->
		<mark id="sTok53" xlink:href="#xpointer(string-range(//body,'',183,2))"/>
		<!--ⲛ-->
		<mark id="sTok54" xlink:href="#xpointer(string-range(//body,'',186,1))"/>
		<!--ⲗⲩⲭ-->
		<mark id="sTok55" xlink:href="#xpointer(string-range(//body,'',188,3))"/>
		<!--[ⲛⲓⲁ-->
		<mark id="sTok56" xlink:href="#xpointer(string-range(//body,'',192,4))"/>
		<!--ⲛ-->
		<mark id="sTok57" xlink:href="#xpointer(string-range(//body,'',197,1))"/>
		<!--ⲥ]-->
		<mark id="sTok58" xlink:href="#xpointer(string-range(//body,'',199,2))"/>
		<!--ⲉ̣-->
		<mark id="sTok59" xlink:href="#xpointer(string-range(//body,'',202,2))"/>
		<!--ϫ̣ⲉⲣⲟ-->
		<mark id="sTok60" xlink:href="#xpointer(string-range(//body,'',205,5))"/>
		<!--ⲁⲛ-->
		<mark id="sTok61" xlink:href="#xpointer(string-range(//body,'',211,2))"/>
		<!--[ϫⲉ-->
		<mark id="sTok62" xlink:href="#xpointer(string-range(//body,'',214,3))"/>
		<!--ⲛⲁⲛⲟⲩ-->
		<mark id="sTok63" xlink:href="#xpointer(string-range(//body,'',218,5))"/>
		<!--ⲟⲩ]-->
		<mark id="sTok64" xlink:href="#xpointer(string-range(//body,'',224,3))"/>
		<!--ⲁ̣ⲛ-->
		<mark id="sTok65" xlink:href="#xpointer(string-range(//body,'',228,3))"/>
		<!--[<hyphen><hyphen><hyphen><hyphen>]-->
		<mark id="sTok66" xlink:href="#xpointer(string-range(//body,'',232,6))"/>
		<!--[<hyphen><hyphen><hyphen><hyphen>]-->
		<mark id="sTok67" xlink:href="#xpointer(string-range(//body,'',239,6))"/>
		<!--[<hyphen><hyphen><hyphen><hyphen>]-->
		<mark id="sTok68" xlink:href="#xpointer(string-range(//body,'',246,6))"/>
		<!--[<hyphen><hyphen><hyphen><hyphen>]-->
		<mark id="sTok69" xlink:href="#xpointer(string-range(//body,'',253,6))"/>
		<!--[<hyphen><hyphen><hyphen><hyphen>]-->
		<mark id="sTok70" xlink:href="#xpointer(string-range(//body,'',260,6))"/>
		<!--[<hyphen><hyphen><hyphen><hyphen>]-->
		<mark id="sTok71" xlink:href="#xpointer(string-range(//body,'',267,6))"/>
		<!--[<hyphen><hyphen><hyphen><hyphen>]-->
		<mark id="sTok72" xlink:href="#xpointer(string-range(//body,'',274,6))"/>
		<!--[<hyphen><hyphen><hyphen><hyphen>]-->
		<mark id="sTok73" xlink:href="#xpointer(string-range(//body,'',281,6))"/>
		<!--[<hyphen><hyphen><hyphen><hyphen>]-->
		<mark id="sTok74" xlink:href="#xpointer(string-range(//body,'',288,6))"/>
		<!--ⲧⲉ-->
		<mark id="sTok75" xlink:href="#xpointer(string-range(//body,'',295,2))"/>
		<!--·-->
		<mark id="sTok76" xlink:href="#xpointer(string-range(//body,'',298,1))"/>
		<!--ⲡⲁ-->
		<mark id="sTok77" xlink:href="#xpointer(string-range(//body,'',300,2))"/>
		<!--ⲛ-->
		<mark id="sTok78" xlink:href="#xpointer(string-range(//body,'',303,1))"/>
		<!--ⲣⲱⲙⲉ-->
		<mark id="sTok79" xlink:href="#xpointer(string-range(//body,'',305,4))"/>
		<!--ϩ-->
		<mark id="sTok80" xlink:href="#xpointer(string-range(//body,'',310,1))"/>
		<!--ⲱⲱ-->
		<mark id="sTok81" xlink:href="#xpointer(string-range(//body,'',312,2))"/>
		<!--ϥ-->
		<mark id="sTok82" xlink:href="#xpointer(string-range(//body,'',315,1))"/>
		<!--ⲉⲧ-->
		<mark id="sTok83" xlink:href="#xpointer(string-range(//body,'',317,2))"/>
		<!--ⲟⲩⲁⲁⲃ-->
		<mark id="sTok84" xlink:href="#xpointer(string-range(//body,'',320,5))"/>
		<!--ⲁⲩⲱ-->
		<mark id="sTok85" xlink:href="#xpointer(string-range(//body,'',326,3))"/>
		<!--ⲙ-->
		<mark id="sTok86" xlink:href="#xpointer(string-range(//body,'',330,1))"/>
		<!--ⲡⲓⲥⲧⲟⲥ-->
		<mark id="sTok87" xlink:href="#xpointer(string-range(//body,'',332,6))"/>
		<!--ⲉⲧ-->
		<mark id="sTok88" xlink:href="#xpointer(string-range(//body,'',339,2))"/>
		<!--ⲟⲩⲏϩ-->
		<mark id="sTok89" xlink:href="#xpointer(string-range(//body,'',342,4))"/>
		<!--ⲛϩⲏⲧ-->
		<mark id="sTok90" xlink:href="#xpointer(string-range(//body,'',347,4))"/>
		<!--ϥ̄-->
		<mark id="sTok91" xlink:href="#xpointer(string-range(//body,'',352,2))"/>
		<!--ⲡⲉ-->
		<mark id="sTok92" xlink:href="#xpointer(string-range(//body,'',355,2))"/>
		<!--ⲧⲣⲉ-->
		<mark id="sTok93" xlink:href="#xpointer(string-range(//body,'',358,3))"/>
		<!--ⲩ-->
		<mark id="sTok94" xlink:href="#xpointer(string-range(//body,'',362,1))"/>
		<!--ⲛⲁⲩ-->
		<mark id="sTok95" xlink:href="#xpointer(string-range(//body,'',364,3))"/>
		<!--ⲉ-->
		<mark id="sTok96" xlink:href="#xpointer(string-range(//body,'',368,1))"/>
		<!--ⲛⲉⲩ-->
		<mark id="sTok97" xlink:href="#xpointer(string-range(//body,'',370,3))"/>
		<!--ϩⲃⲏⲩⲉ-->
		<mark id="sTok98" xlink:href="#xpointer(string-range(//body,'',374,5))"/>
		<!--ⲉⲧ-->
		<mark id="sTok99" xlink:href="#xpointer(string-range(//body,'',380,2))"/>
		<!--ⲛⲁⲛⲟⲩ-->
		<mark id="sTok100" xlink:href="#xpointer(string-range(//body,'',383,5))"/>
		<!--ⲟⲩ-->
		<mark id="sTok101" xlink:href="#xpointer(string-range(//body,'',389,2))"/>
		<!--·-->
		<mark id="sTok102" xlink:href="#xpointer(string-range(//body,'',392,1))"/>
		<!--ⲁⲩⲱ-->
		<mark id="sTok103" xlink:href="#xpointer(string-range(//body,'',394,3))"/>
		<!--ⲉⲧ-->
		<mark id="sTok104" xlink:href="#xpointer(string-range(//body,'',398,2))"/>
		<!--ⲣ-->
		<mark id="sTok105" xlink:href="#xpointer(string-range(//body,'',401,1))"/>
		<!--ⲟⲩⲟ-->
		<mark id="sTok106" xlink:href="#xpointer(string-range(//body,'',403,3))"/>
		<!--[ⲉⲓ]-->
		<mark id="sTok107" xlink:href="#xpointer(string-range(//body,'',407,4))"/>
		<!--ⲛ̣-->
		<mark id="sTok108" xlink:href="#xpointer(string-range(//body,'',412,2))"/>
		<!--ϩⲛ̄-->
		<mark id="sTok109" xlink:href="#xpointer(string-range(//body,'',415,3))"/>
		<!--ⲛ̄-->
		<mark id="sTok110" xlink:href="#xpointer(string-range(//body,'',419,2))"/>
		<!--ⲧⲟⲡⲟⲥ-->
		<mark id="sTok111" xlink:href="#xpointer(string-range(//body,'',422,5))"/>
		<!--ⲉ-->
		<mark id="sTok112" xlink:href="#xpointer(string-range(//body,'',428,1))"/>
		<!--[ⲧ-->
		<mark id="sTok113" xlink:href="#xpointer(string-range(//body,'',430,2))"/>
		<!--ⲟ]-->
		<mark id="sTok114" xlink:href="#xpointer(string-range(//body,'',433,2))"/>
		<!--ⲩ̣ⲁⲁⲃ-->
		<mark id="sTok115" xlink:href="#xpointer(string-range(//body,'',436,5))"/>
		<!--·-->
		<mark id="sTok116" xlink:href="#xpointer(string-range(//body,'',442,1))"/>
		<!--ⲟ-->
		<mark id="sTok117" xlink:href="#xpointer(string-range(//body,'',444,1))"/>
		<!--ⲩ̣-->
		<mark id="sTok118" xlink:href="#xpointer(string-range(//body,'',446,2))"/>
		<!--ⲣⲱⲙⲉ-->
		<mark id="sTok119" xlink:href="#xpointer(string-range(//body,'',449,4))"/>
		<!--ⲉ-->
		<mark id="sTok120" xlink:href="#xpointer(string-range(//body,'',454,1))"/>
		<!--ϥ-->
		<mark id="sTok121" xlink:href="#xpointer(string-range(//body,'',456,1))"/>
		<!--ⲣ̄-->
		<mark id="sTok122" xlink:href="#xpointer(string-range(//body,'',458,2))"/>
		<!--ϣⲁⲩ-->
		<mark id="sTok123" xlink:href="#xpointer(string-range(//body,'',461,3))"/>
		<!--ⲛⲁ-->
		<mark id="sTok124" xlink:href="#xpointer(string-range(//body,'',465,2))"/>
		<!--ϥ-->
		<mark id="sTok125" xlink:href="#xpointer(string-range(//body,'',468,1))"/>
		<!--ⲁⲛ-->
		<mark id="sTok126" xlink:href="#xpointer(string-range(//body,'',470,2))"/>
		<!--·-->
		<mark id="sTok127" xlink:href="#xpointer(string-range(//body,'',473,1))"/>
		<!--ⲁⲩⲱ-->
		<mark id="sTok128" xlink:href="#xpointer(string-range(//body,'',475,3))"/>
		<!--ⲛ-->
		<mark id="sTok129" xlink:href="#xpointer(string-range(//body,'',479,1))"/>
		<!--ϥ-->
		<mark id="sTok130" xlink:href="#xpointer(string-range(//body,'',481,1))"/>
		<!--ϯ-->
		<mark id="sTok131" xlink:href="#xpointer(string-range(//body,'',483,1))"/>
		<!--ϩⲏⲩ-->
		<mark id="sTok132" xlink:href="#xpointer(string-range(//body,'',485,3))"/>
		<!--ⲁⲛ-->
		<mark id="sTok133" xlink:href="#xpointer(string-range(//body,'',489,2))"/>
		<!--ⲉⲣⲟ-->
		<mark id="sTok134" xlink:href="#xpointer(string-range(//body,'',492,3))"/>
		<!--ϥ-->
		<mark id="sTok135" xlink:href="#xpointer(string-range(//body,'',496,1))"/>
		<!--ⲙ̄ⲙⲓ̈ⲛⲙⲙⲟ-->
		<mark id="sTok136" xlink:href="#xpointer(string-range(//body,'',498,9))"/>
		<!--ϥ-->
		<mark id="sTok137" xlink:href="#xpointer(string-range(//body,'',508,1))"/>
		<!--·-->
		<mark id="sTok138" xlink:href="#xpointer(string-range(//body,'',510,1))"/>
		<!--ⲛ-->
		<mark id="sTok139" xlink:href="#xpointer(string-range(//body,'',512,1))"/>
		<!--ⲁϣ-->
		<mark id="sTok140" xlink:href="#xpointer(string-range(//body,'',514,2))"/>
		<!--ⲛ-->
		<mark id="sTok141" xlink:href="#xpointer(string-range(//body,'',517,1))"/>
		<!--ϩⲉ-->
		<mark id="sTok142" xlink:href="#xpointer(string-range(//body,'',519,2))"/>
		<!--ⲉ-->
		<mark id="sTok143" xlink:href="#xpointer(string-range(//body,'',522,1))"/>
		<!--ϥ-->
		<mark id="sTok144" xlink:href="#xpointer(string-range(//body,'',524,1))"/>
		<!--ⲛⲁ-->
		<mark id="sTok145" xlink:href="#xpointer(string-range(//body,'',526,2))"/>
		<!--ⲣ-->
		<mark id="sTok146" xlink:href="#xpointer(string-range(//body,'',529,1))"/>
		<!--ϣⲁⲩ-->
		<mark id="sTok147" xlink:href="#xpointer(string-range(//body,'',531,3))"/>
		<!--·-->
		<mark id="sTok148" xlink:href="#xpointer(string-range(//body,'',535,1))"/>
		<!--ⲉ-->
		<mark id="sTok149" xlink:href="#xpointer(string-range(//body,'',537,1))"/>
		<!--ⲟⲩ-->
		<mark id="sTok150" xlink:href="#xpointer(string-range(//body,'',539,2))"/>
		<!--ⲡⲣⲁⲝⲓⲥ-->
		<mark id="sTok151" xlink:href="#xpointer(string-range(//body,'',542,6))"/>
		<!--ⲛ-->
		<mark id="sTok152" xlink:href="#xpointer(string-range(//body,'',549,1))"/>
		<!--ⲁ̣ⲛⲁⲅ̣ⲕⲁⲓⲟⲛ-->
		<mark id="sTok153" xlink:href="#xpointer(string-range(//body,'',551,11))"/>
		<!--ⲏ-->
		<mark id="sTok154" xlink:href="#xpointer(string-range(//body,'',563,1))"/>
		<!--[ⲉ-->
		<mark id="sTok155" xlink:href="#xpointer(string-range(//body,'',565,2))"/>
		<!--ⲟⲩⲛ-->
		<mark id="sTok156" xlink:href="#xpointer(string-range(//body,'',568,3))"/>
		<!--ⲟ]-->
		<mark id="sTok157" xlink:href="#xpointer(string-range(//body,'',572,2))"/>
		<!--ⲩ-->
		<mark id="sTok158" xlink:href="#xpointer(string-range(//body,'',575,1))"/>
		<!--ⲣⲁⲛ-->
		<mark id="sTok159" xlink:href="#xpointer(string-range(//body,'',577,3))"/>
		<!--ⲉ-->
		<mark id="sTok160" xlink:href="#xpointer(string-range(//body,'',581,1))"/>
		<!--ϥ-->
		<mark id="sTok161" xlink:href="#xpointer(string-range(//body,'',583,1))"/>
		<!--ⲧⲁⲉ̣-->
		<mark id="sTok162" xlink:href="#xpointer(string-range(//body,'',585,4))"/>
		<!--[ⲓⲏⲩ-->
		<mark id="sTok163" xlink:href="#xpointer(string-range(//body,'',590,4))"/>
		<!--ⲛⲁ]-->
		<mark id="sTok164" xlink:href="#xpointer(string-range(//body,'',595,3))"/>
		<!--ϯ-->
		<mark id="sTok165" xlink:href="#xpointer(string-range(//body,'',599,1))"/>
		<!--ϩⲏⲩ-->
		<mark id="sTok166" xlink:href="#xpointer(string-range(//body,'',601,3))"/>
		<!--ⲙⲙ̣-->
		<mark id="sTok167" xlink:href="#xpointer(string-range(//body,'',605,3))"/>
		<!--[ⲟ-->
		<mark id="sTok168" xlink:href="#xpointer(string-range(//body,'',609,2))"/>
		<!--ϥ]-->
		<mark id="sTok169" xlink:href="#xpointer(string-range(//body,'',612,2))"/>
		<!--ⲓ-->
		<mark id="sTok170" xlink:href="#xpointer(string-range(//body,'',615,1))"/>
		<!--ⲟⲩ-->
		<mark id="sTok171" xlink:href="#xpointer(string-range(//body,'',617,2))"/>
		<!--[ⲇⲁⲥ-->
		<mark id="sTok172" xlink:href="#xpointer(string-range(//body,'',620,4))"/>
		<!--ⲙⲡ]-->
		<mark id="sTok173" xlink:href="#xpointer(string-range(//body,'',625,3))"/>
		<!--ϥ-->
		<mark id="sTok174" xlink:href="#xpointer(string-range(//body,'',629,1))"/>
		<!--ⲣ̄-->
		<mark id="sTok175" xlink:href="#xpointer(string-range(//body,'',631,2))"/>
		<!--ϣ̣-->
		<mark id="sTok176" xlink:href="#xpointer(string-range(//body,'',634,2))"/>
		<!--[ⲁⲩ-->
		<mark id="sTok177" xlink:href="#xpointer(string-range(//body,'',637,3))"/>
		<!--ⲛⲁ-->
		<mark id="sTok178" xlink:href="#xpointer(string-range(//body,'',641,2))"/>
		<!--ϥ-->
		<mark id="sTok179" xlink:href="#xpointer(string-range(//body,'',644,1))"/>
		<!--ⲙⲁ]-->
		<mark id="sTok180" xlink:href="#xpointer(string-range(//body,'',646,3))"/>
		<!--ⲩ̣ⲁ-->
		<mark id="sTok181" xlink:href="#xpointer(string-range(//body,'',650,3))"/>
		<!--[<hyphen><hyphen><hyphen><hyphen>]-->
		<mark id="sTok182" xlink:href="#xpointer(string-range(//body,'',654,6))"/>
		<!--[<hyphen><hyphen><hyphen><hyphen>]-->
		<mark id="sTok183" xlink:href="#xpointer(string-range(//body,'',661,6))"/>
		<!--[<hyphen><hyphen><hyphen><hyphen>]-->
		<mark id="sTok184" xlink:href="#xpointer(string-range(//body,'',668,6))"/>
		<!--[<hyphen><hyphen><hyphen><hyphen>]-->
		<mark id="sTok185" xlink:href="#xpointer(string-range(//body,'',675,6))"/>
		<!--[<hyphen><hyphen><hyphen><hyphen>]-->
		<mark id="sTok186" xlink:href="#xpointer(string-range(//body,'',682,6))"/>
		<!--[<hyphen><hyphen><hyphen><hyphen>]-->
		<mark id="sTok187" xlink:href="#xpointer(string-range(//body,'',689,6))"/>
		<!--[<hyphen><hyphen><hyphen><hyphen>]-->
		<mark id="sTok188" xlink:href="#xpointer(string-range(//body,'',696,6))"/>
		<!--[<hyphen><hyphen><hyphen><hyphen>]-->
		<mark id="sTok189" xlink:href="#xpointer(string-range(//body,'',703,6))"/>
		<!--ⲛϭⲓ-->
		<mark id="sTok190" xlink:href="#xpointer(string-range(//body,'',710,3))"/>
		<!--ⲡ-->
		<mark id="sTok191" xlink:href="#xpointer(string-range(//body,'',714,1))"/>
		<!--ⲁⲡⲟⲥⲧⲁ-->
		<mark id="sTok192" xlink:href="#xpointer(string-range(//body,'',716,6))"/>
		<!--ⲧⲏⲥ-->
		<mark id="sTok193" xlink:href="#xpointer(string-range(//body,'',723,3))"/>
		<!--ⲉⲧ-->
		<mark id="sTok194" xlink:href="#xpointer(string-range(//body,'',727,2))"/>
		<!--ⲙⲙⲁⲩ-->
		<mark id="sTok195" xlink:href="#xpointer(string-range(//body,'',730,4))"/>
		<!--·-->
		<mark id="sTok196" xlink:href="#xpointer(string-range(//body,'',735,1))"/>
		<!--ⲉ-->
		<mark id="sTok197" xlink:href="#xpointer(string-range(//body,'',737,1))"/>
		<!--ⲡ-->
		<mark id="sTok198" xlink:href="#xpointer(string-range(//body,'',739,1))"/>
		<!--ϫⲟⲉⲓ̈ⲥ-->
		<mark id="sTok199" xlink:href="#xpointer(string-range(//body,'',741,6))"/>
		<!--ⲉ-->
		<mark id="sTok200" xlink:href="#xpointer(string-range(//body,'',748,1))"/>
		<!--ϥ-->
		<mark id="sTok201" xlink:href="#xpointer(string-range(//body,'',750,1))"/>
		<!--ϫⲱ-->
		<mark id="sTok202" xlink:href="#xpointer(string-range(//body,'',752,2))"/>
		<!--ⲙⲙⲟ-->
		<mark id="sTok203" xlink:href="#xpointer(string-range(//body,'',755,3))"/>
		<!--ⲥ-->
		<mark id="sTok204" xlink:href="#xpointer(string-range(//body,'',759,1))"/>
		<!--·-->
		<mark id="sTok205" xlink:href="#xpointer(string-range(//body,'',761,1))"/>
		<!--ϫⲉ-->
		<mark id="sTok206" xlink:href="#xpointer(string-range(//body,'',763,2))"/>
		<!--ⲉⲣϣⲁⲛ-->
		<mark id="sTok207" xlink:href="#xpointer(string-range(//body,'',766,5))"/>
		<!--ⲡ-->
		<mark id="sTok208" xlink:href="#xpointer(string-range(//body,'',772,1))"/>
		<!--ⲣⲱⲙⲉ-->
		<mark id="sTok209" xlink:href="#xpointer(string-range(//body,'',774,4))"/>
		<!--ϯ-->
		<mark id="sTok210" xlink:href="#xpointer(string-range(//body,'',779,1))"/>
		<!--ϩⲏⲩ-->
		<mark id="sTok211" xlink:href="#xpointer(string-range(//body,'',781,3))"/>
		<!--ⲙ-->
		<mark id="sTok212" xlink:href="#xpointer(string-range(//body,'',785,1))"/>
		<!--ⲡ-->
		<mark id="sTok213" xlink:href="#xpointer(string-range(//body,'',787,1))"/>
		<!--ⲕⲟⲥⲙⲟⲥ-->
		<mark id="sTok214" xlink:href="#xpointer(string-range(//body,'',789,6))"/>
		<!--ⲧⲏ-->
		<mark id="sTok215" xlink:href="#xpointer(string-range(//body,'',796,2))"/>
		<!--ⲣ-->
		<mark id="sTok216" xlink:href="#xpointer(string-range(//body,'',799,1))"/>
		<!--ϥ-->
		<mark id="sTok217" xlink:href="#xpointer(string-range(//body,'',801,1))"/>
		<!--ⲛ-->
		<mark id="sTok218" xlink:href="#xpointer(string-range(//body,'',803,1))"/>
		<!--ϥ-->
		<mark id="sTok219" xlink:href="#xpointer(string-range(//body,'',805,1))"/>
		<!--ϯ-->
		<mark id="sTok220" xlink:href="#xpointer(string-range(//body,'',807,1))"/>
		<!--ⲟⲥⲉ-->
		<mark id="sTok221" xlink:href="#xpointer(string-range(//body,'',809,3))"/>
		<!--ⲛ ́-->
		<mark id="sTok222" xlink:href="#xpointer(string-range(//body,'',813,3))"/>
		<!--ⲧⲉϥ-->
		<mark id="sTok223" xlink:href="#xpointer(string-range(//body,'',817,3))"/>
		<!--ⲯⲩⲭⲏ-->
		<mark id="sTok224" xlink:href="#xpointer(string-range(//body,'',821,4))"/>
		<!--·-->
		<mark id="sTok225" xlink:href="#xpointer(string-range(//body,'',826,1))"/>
		<!--ⲟⲩ-->
		<mark id="sTok226" xlink:href="#xpointer(string-range(//body,'',828,2))"/>
		<!--ⲡ-->
		<mark id="sTok227" xlink:href="#xpointer(string-range(//body,'',831,1))"/>
		<!--[ⲉⲧ]-->
		<mark id="sTok228" xlink:href="#xpointer(string-range(//body,'',833,4))"/>
		<!--ϥ-->
		<mark id="sTok229" xlink:href="#xpointer(string-range(//body,'',838,1))"/>
		<!--ⲛⲁ-->
		<mark id="sTok230" xlink:href="#xpointer(string-range(//body,'',840,2))"/>
		<!--ⲧⲁⲁ-->
		<mark id="sTok231" xlink:href="#xpointer(string-range(//body,'',843,3))"/>
		<!--ϥ-->
		<mark id="sTok232" xlink:href="#xpointer(string-range(//body,'',847,1))"/>
		<!--ⲛ-->
		<mark id="sTok233" xlink:href="#xpointer(string-range(//body,'',849,1))"/>
		<!--ϣ̣-->
		<mark id="sTok234" xlink:href="#xpointer(string-range(//body,'',851,2))"/>
		<!--[ⲃ]-->
		<mark id="sTok235" xlink:href="#xpointer(string-range(//body,'',854,3))"/>
		<!--ⲃⲓⲱ-->
		<mark id="sTok236" xlink:href="#xpointer(string-range(//body,'',858,3))"/>
		<!--ⲛ̄-->
		<mark id="sTok237" xlink:href="#xpointer(string-range(//body,'',862,2))"/>
		<!--ⲧⲉϥ-->
		<mark id="sTok238" xlink:href="#xpointer(string-range(//body,'',865,3))"/>
		<!--ⲯⲩⲭⲏ-->
		<mark id="sTok239" xlink:href="#xpointer(string-range(//body,'',869,4))"/>
		<!--Ⲁ-->
		<mark id="sTok240" xlink:href="#xpointer(string-range(//body,'',874,1))"/>
		<!--ⲗⲗⲁ-->
		<mark id="sTok241" xlink:href="#xpointer(string-range(//body,'',876,3))"/>
		<!--ⲁ-->
		<mark id="sTok242" xlink:href="#xpointer(string-range(//body,'',880,1))"/>
		<!--ϥ-->
		<mark id="sTok243" xlink:href="#xpointer(string-range(//body,'',882,1))"/>
		<!--ⲥⲱⲧⲙ-->
		<mark id="sTok244" xlink:href="#xpointer(string-range(//body,'',884,4))"/>
		<!--ⲟⲛ-->
		<mark id="sTok245" xlink:href="#xpointer(string-range(//body,'',889,2))"/>
		<!--ⲉⲣⲟ-->
		<mark id="sTok246" xlink:href="#xpointer(string-range(//body,'',892,3))"/>
		<!--ϥ-->
		<mark id="sTok247" xlink:href="#xpointer(string-range(//body,'',896,1))"/>
		<!--·-->
		<mark id="sTok248" xlink:href="#xpointer(string-range(//body,'',898,1))"/>
		<!--ϫⲉ-->
		<mark id="sTok249" xlink:href="#xpointer(string-range(//body,'',900,2))"/>
		<!--ⲟⲩⲁ-->
		<mark id="sTok250" xlink:href="#xpointer(string-range(//body,'',903,3))"/>
		<!--·-->
		<mark id="sTok251" xlink:href="#xpointer(string-range(//body,'',907,1))"/>
		<!--ⲉ-->
		<mark id="sTok252" xlink:href="#xpointer(string-range(//body,'',909,1))"/>
		<!--ⲃⲟⲗ-->
		<mark id="sTok253" xlink:href="#xpointer(string-range(//body,'',911,3))"/>
		<!--ⲛ̄ϩⲏⲧ-->
		<mark id="sTok254" xlink:href="#xpointer(string-range(//body,'',915,5))"/>
		<!--ⲧⲏⲩⲧⲛ̄-->
		<mark id="sTok255" xlink:href="#xpointer(string-range(//body,'',921,6))"/>
		<!--ⲡ-->
		<mark id="sTok256" xlink:href="#xpointer(string-range(//body,'',928,1))"/>
		<!--ⲉⲧ-->
		<mark id="sTok257" xlink:href="#xpointer(string-range(//body,'',930,2))"/>
		<!--ⲛⲁ-->
		<mark id="sTok258" xlink:href="#xpointer(string-range(//body,'',933,2))"/>
		<!--ⲡⲁⲣⲁⲇⲓ-->
		<mark id="sTok259" xlink:href="#xpointer(string-range(//body,'',936,6))"/>
		<!--ⲇⲟⲩ-->
		<mark id="sTok260" xlink:href="#xpointer(string-range(//body,'',943,3))"/>
		<!--ⲙⲙⲟ-->
		<mark id="sTok261" xlink:href="#xpointer(string-range(//body,'',947,3))"/>
		<!--ⲓ-->
		<mark id="sTok262" xlink:href="#xpointer(string-range(//body,'',951,1))"/>
		<!--·-->
		<mark id="sTok263" xlink:href="#xpointer(string-range(//body,'',953,1))"/>
		<!--ⲁⲩⲱ-->
		<mark id="sTok264" xlink:href="#xpointer(string-range(//body,'',955,3))"/>
		<!--ⲙ̄ⲡⲉ-->
		<mark id="sTok265" xlink:href="#xpointer(string-range(//body,'',959,4))"/>
		<!--ϥ-->
		<mark id="sTok266" xlink:href="#xpointer(string-range(//body,'',964,1))"/>
		<!--[ϣⲓⲡⲉ]-->
		<mark id="sTok267" xlink:href="#xpointer(string-range(//body,'',966,6))"/>
		<!--ⲟⲩ-->
		<mark id="sTok268" xlink:href="#xpointer(string-range(//body,'',973,2))"/>
		<!--ⲇⲉ-->
		<mark id="sTok269" xlink:href="#xpointer(string-range(//body,'',976,2))"/>
		<!--ⲙ̣-->
		<mark id="sTok270" xlink:href="#xpointer(string-range(//body,'',979,2))"/>
		<!--[ⲡⲉ-->
		<mark id="sTok271" xlink:href="#xpointer(string-range(//body,'',982,3))"/>
		<!--ϥ-->
		<mark id="sTok272" xlink:href="#xpointer(string-range(//body,'',986,1))"/>
		<!--ϣⲁ]-->
		<mark id="sTok273" xlink:href="#xpointer(string-range(//body,'',988,3))"/>
		<!--ⲛ̣-->
		<mark id="sTok274" xlink:href="#xpointer(string-range(//body,'',992,2))"/>
		<!--ϩⲧⲏ-->
		<mark id="sTok275" xlink:href="#xpointer(string-range(//body,'',995,3))"/>
		<!--ϥ-->
		<mark id="sTok276" xlink:href="#xpointer(string-range(//body,'',999,1))"/>
		<!--[ϩⲁⲣⲟ-->
		<mark id="sTok277" xlink:href="#xpointer(string-range(//body,'',1001,5))"/>
		<!--ϥ]-->
		<mark id="sTok278" xlink:href="#xpointer(string-range(//body,'',1007,2))"/>
		<!--ⲙ̣ⲁ̣ⲩ̣-->
		<mark id="sTok279" xlink:href="#xpointer(string-range(//body,'',1010,6))"/>
		<!--ⲁⲁ-->
		<mark id="sTok280" xlink:href="#xpointer(string-range(//body,'',1017,2))"/>
		<!--ϥ-->
		<mark id="sTok281" xlink:href="#xpointer(string-range(//body,'',1020,1))"/>
		<!--[ⲁ-->
		<mark id="sTok282" xlink:href="#xpointer(string-range(//body,'',1022,2))"/>
		<!--ϥ-->
		<mark id="sTok283" xlink:href="#xpointer(string-range(//body,'',1025,1))"/>
		<!--ⲥⲟⲣ]-->
		<mark id="sTok284" xlink:href="#xpointer(string-range(//body,'',1027,4))"/>
		<!--ⲙ-->
		<mark id="sTok285" xlink:href="#xpointer(string-range(//body,'',1032,1))"/>
		<!--ⲉϥ-->
		<mark id="sTok286" xlink:href="#xpointer(string-range(//body,'',1034,2))"/>
		<!--ⲉⲧ̣-->
		<mark id="sTok287" xlink:href="#xpointer(string-range(//body,'',1037,3))"/>
		<!--[ⲃⲉ-->
		<mark id="sTok288" xlink:href="#xpointer(string-range(//body,'',1041,3))"/>
		<!--ⲙⲁⲁⲃ-->
		<mark id="sTok289" xlink:href="#xpointer(string-range(//body,'',1045,4))"/>
		<!--ⲛ]-->
		<mark id="sTok290" xlink:href="#xpointer(string-range(//body,'',1050,2))"/>
		<!--ϩ̣ⲁ̣ⲧ-->
		<mark id="sTok291" xlink:href="#xpointer(string-range(//body,'',1053,5))"/>
		<!--ⲁ̣[-->
		<mark id="sTok292" xlink:href="#xpointer(string-range(//body,'',1059,3))"/>
		<!--[<hyphen><hyphen><hyphen><hyphen>]-->
		<mark id="sTok293" xlink:href="#xpointer(string-range(//body,'',1063,6))"/>
		<!--[<hyphen><hyphen><hyphen><hyphen>]-->
		<mark id="sTok294" xlink:href="#xpointer(string-range(//body,'',1070,6))"/>
		<!--[<hyphen><hyphen><hyphen><hyphen>]-->
		<mark id="sTok295" xlink:href="#xpointer(string-range(//body,'',1077,6))"/>
		<!--[<hyphen><hyphen><hyphen><hyphen>]-->
		<mark id="sTok296" xlink:href="#xpointer(string-range(//body,'',1084,6))"/>
		<!--[<hyphen><hyphen><hyphen><hyphen>]-->
		<mark id="sTok297" xlink:href="#xpointer(string-range(//body,'',1091,6))"/>
		<!--[<hyphen><hyphen><hyphen><hyphen>]-->
		<mark id="sTok298" xlink:href="#xpointer(string-range(//body,'',1098,6))"/>
		<!--[<hyphen><hyphen><hyphen><hyphen>]-->
		<mark id="sTok299" xlink:href="#xpointer(string-range(//body,'',1105,6))"/>
		<!--[<hyphen><hyphen><hyphen><hyphen>]-->
		<mark id="sTok300" xlink:href="#xpointer(string-range(//body,'',1112,6))"/>
		<!--ⲧⲁⲁ-->
		<mark id="sTok301" xlink:href="#xpointer(string-range(//body,'',1119,3))"/>
		<!--ϥ-->
		<mark id="sTok302" xlink:href="#xpointer(string-range(//body,'',1123,1))"/>
		<!--ⲙⲁⲩⲁⲁ-->
		<mark id="sTok303" xlink:href="#xpointer(string-range(//body,'',1125,5))"/>
		<!--ϥ-->
		<mark id="sTok304" xlink:href="#xpointer(string-range(//body,'',1131,1))"/>
		<!--ⲉϩⲣⲁⲓ-->
		<mark id="sTok305" xlink:href="#xpointer(string-range(//body,'',1133,5))"/>
		<!--ⲉ-->
		<mark id="sTok306" xlink:href="#xpointer(string-range(//body,'',1139,1))"/>
		<!--ⲩ-->
		<mark id="sTok307" xlink:href="#xpointer(string-range(//body,'',1141,1))"/>
		<!--ϭⲟⲣϭⲥ-->
		<mark id="sTok308" xlink:href="#xpointer(string-range(//body,'',1143,5))"/>
		<!--ⲛ-->
		<mark id="sTok309" xlink:href="#xpointer(string-range(//body,'',1149,1))"/>
		<!--ⲧⲉ-->
		<mark id="sTok310" xlink:href="#xpointer(string-range(//body,'',1151,2))"/>
		<!--ⲡ-->
		<mark id="sTok311" xlink:href="#xpointer(string-range(//body,'',1154,1))"/>
		<!--ⲇⲓⲁⲃⲟⲗⲟⲥ-->
		<mark id="sTok312" xlink:href="#xpointer(string-range(//body,'',1156,8))"/>
		<!--·-->
		<mark id="sTok313" xlink:href="#xpointer(string-range(//body,'',1165,1))"/>
		<!--ⲉⲧⲃⲉ-->
		<mark id="sTok314" xlink:href="#xpointer(string-range(//body,'',1167,4))"/>
		<!--ⲭⲣⲏⲙⲁ-->
		<mark id="sTok315" xlink:href="#xpointer(string-range(//body,'',1172,5))"/>
		<!--ϩ-->
		<mark id="sTok316" xlink:href="#xpointer(string-range(//body,'',1178,1))"/>
		<!--ⲁⲙⲟⲓ-->
		<mark id="sTok317" xlink:href="#xpointer(string-range(//body,'',1180,4))"/>
		<!--ⲛⲧⲟⲟⲩⲛ-->
		<mark id="sTok318" xlink:href="#xpointer(string-range(//body,'',1185,6))"/>
		<!--·-->
		<mark id="sTok319" xlink:href="#xpointer(string-range(//body,'',1192,1))"/>
		<!--ⲉ-->
		<mark id="sTok320" xlink:href="#xpointer(string-range(//body,'',1194,1))"/>
		<!--ⲛⲉ-->
		<mark id="sTok321" xlink:href="#xpointer(string-range(//body,'',1196,2))"/>
		<!--ⲙⲡⲉ-->
		<mark id="sTok322" xlink:href="#xpointer(string-range(//body,'',1199,3))"/>
		<!--ⲡ-->
		<mark id="sTok323" xlink:href="#xpointer(string-range(//body,'',1203,1))"/>
		<!--ⲛⲟⲩⲃ-->
		<mark id="sTok324" xlink:href="#xpointer(string-range(//body,'',1205,4))"/>
		<!--ϣⲱⲡⲉ-->
		<mark id="sTok325" xlink:href="#xpointer(string-range(//body,'',1210,4))"/>
		<!--ⲡⲁⲗⲓⲛ-->
		<mark id="sTok326" xlink:href="#xpointer(string-range(//body,'',1215,5))"/>
		<!--ⲟⲛ-->
		<mark id="sTok327" xlink:href="#xpointer(string-range(//body,'',1221,2))"/>
		<!--ⲧⲛ-->
		<mark id="sTok328" xlink:href="#xpointer(string-range(//body,'',1224,2))"/>
		<!--ϫⲓ̈-->
		<mark id="sTok329" xlink:href="#xpointer(string-range(//body,'',1227,3))"/>
		<!--ⲙⲙⲟ-->
		<mark id="sTok330" xlink:href="#xpointer(string-range(//body,'',1231,3))"/>
		<!--ϥ-->
		<mark id="sTok331" xlink:href="#xpointer(string-range(//body,'',1235,1))"/>
		<!--ⲉⲣⲟ-->
		<mark id="sTok332" xlink:href="#xpointer(string-range(//body,'',1237,3))"/>
		<!--ⲛ-->
		<mark id="sTok333" xlink:href="#xpointer(string-range(//body,'',1241,1))"/>
		<!--ϩⲙ-->
		<mark id="sTok334" xlink:href="#xpointer(string-range(//body,'',1243,2))"/>
		<!--ⲡ-->
		<mark id="sTok335" xlink:href="#xpointer(string-range(//body,'',1246,1))"/>
		<!--ⲣⲱϣⲉ-->
		<mark id="sTok336" xlink:href="#xpointer(string-range(//body,'',1248,4))"/>
		<!--ϩⲙ-->
		<mark id="sTok337" xlink:href="#xpointer(string-range(//body,'',1253,2))"/>
		<!--ⲡ-->
		<mark id="sTok338" xlink:href="#xpointer(string-range(//body,'',1256,1))"/>
		<!--ⲧⲣⲉ-->
		<mark id="sTok339" xlink:href="#xpointer(string-range(//body,'',1258,3))"/>
		<!--ⲡ-->
		<mark id="sTok340" xlink:href="#xpointer(string-range(//body,'',1262,1))"/>
		<!--ⲛⲟⲩⲧⲉ-->
		<mark id="sTok341" xlink:href="#xpointer(string-range(//body,'',1264,5))"/>
		<!--ⲧⲁⲁ-->
		<mark id="sTok342" xlink:href="#xpointer(string-range(//body,'',1270,3))"/>
		<!--ϥ-->
		<mark id="sTok343" xlink:href="#xpointer(string-range(//body,'',1274,1))"/>
		<!--ⲛⲁ-->
		<mark id="sTok344" xlink:href="#xpointer(string-range(//body,'',1276,2))"/>
		<!--ⲛ-->
		<mark id="sTok345" xlink:href="#xpointer(string-range(//body,'',1279,1))"/>
		<!--·-->
		<mark id="sTok346" xlink:href="#xpointer(string-range(//body,'',1281,1))"/>
		<!--ⲉ-->
		<mark id="sTok347" xlink:href="#xpointer(string-range(//body,'',1283,1))"/>
		<!--ⲟⲩ-->
		<mark id="sTok348" xlink:href="#xpointer(string-range(//body,'',1285,2))"/>
		<!--ⲭⲣⲓⲁ-->
		<mark id="sTok349" xlink:href="#xpointer(string-range(//body,'',1288,4))"/>
		<!--·-->
		<mark id="sTok350" xlink:href="#xpointer(string-range(//body,'',1293,1))"/>
		<!--ⲉ-->
		<mark id="sTok351" xlink:href="#xpointer(string-range(//body,'',1295,1))"/>
		<!--ϥⲓ-->
		<mark id="sTok352" xlink:href="#xpointer(string-range(//body,'',1297,2))"/>
		<!--ⲡ-->
		<mark id="sTok353" xlink:href="#xpointer(string-range(//body,'',1300,1))"/>
		<!--[ϩⲁⲡ]-->
		<mark id="sTok354" xlink:href="#xpointer(string-range(//body,'',1302,5))"/>
		<!--ⲇⲉ-->
		<mark id="sTok355" xlink:href="#xpointer(string-range(//body,'',1308,2))"/>
		<!--ⲙⲙⲁ̣ⲩ̣-->
		<mark id="sTok356" xlink:href="#xpointer(string-range(//body,'',1311,6))"/>
		<!--[ⲉⲧⲃⲏ]-->
		<mark id="sTok357" xlink:href="#xpointer(string-range(//body,'',1318,6))"/>
		<!--ⲏⲧ-->
		<mark id="sTok358" xlink:href="#xpointer(string-range(//body,'',1325,2))"/>
		<!--ϥ-->
		<mark id="sTok359" xlink:href="#xpointer(string-range(//body,'',1328,1))"/>
		<!--·-->
		<mark id="sTok360" xlink:href="#xpointer(string-range(//body,'',1330,1))"/>
		<!--ⲟ̣ⲩ̣-->
		<mark id="sTok361" xlink:href="#xpointer(string-range(//body,'',1332,4))"/>
		<!--[ⲁⲛⲟⲙⲓⲁ]-->
		<mark id="sTok362" xlink:href="#xpointer(string-range(//body,'',1337,8))"/>
		<!--ⲧⲉ-->
		<mark id="sTok363" xlink:href="#xpointer(string-range(//body,'',1346,2))"/>
		<!--·-->
		<mark id="sTok364" xlink:href="#xpointer(string-range(//body,'',1349,1))"/>
		<!--ϩⲁⲙ̣-->
		<mark id="sTok365" xlink:href="#xpointer(string-range(//body,'',1351,4))"/>
		<!--[ⲟⲓ-->
		<mark id="sTok366" xlink:href="#xpointer(string-range(//body,'',1356,3))"/>
		<!--ⲉ-->
		<mark id="sTok367" xlink:href="#xpointer(string-range(//body,'',1360,1))"/>
		<!--ⲛⲉ]-->
		<mark id="sTok368" xlink:href="#xpointer(string-range(//body,'',1362,3))"/>
		<!--ⲙ-->
		<mark id="sTok369" xlink:href="#xpointer(string-range(//body,'',1366,1))"/>
		<!--ⲡⲉ-->
		<mark id="sTok370" xlink:href="#xpointer(string-range(//body,'',1368,2))"/>
		<!--ⲡ-->
		<mark id="sTok371" xlink:href="#xpointer(string-range(//body,'',1371,1))"/>
		<!--ⲛⲟⲩ-->
		<mark id="sTok372" xlink:href="#xpointer(string-range(//body,'',1373,3))"/>
		<!--[ⲃ-->
		<mark id="sTok373" xlink:href="#xpointer(string-range(//body,'',1377,2))"/>
		<!--ϣⲱ]-->
		<mark id="sTok374" xlink:href="#xpointer(string-range(//body,'',1380,3))"/>
		<!--ⲡⲉ-->
		<mark id="sTok375" xlink:href="#xpointer(string-range(//body,'',1384,2))"/>
		<!--ⲁⲩⲱ-->
		<mark id="sTok376" xlink:href="#xpointer(string-range(//body,'',1387,3))"/>
		<!--ⲛ̣-->
		<mark id="sTok377" xlink:href="#xpointer(string-range(//body,'',1391,2))"/>
		<!--[ⲉ-->
		<mark id="sTok378" xlink:href="#xpointer(string-range(//body,'',1394,2))"/>
		<!--ⲩ-->
		<mark id="sTok379" xlink:href="#xpointer(string-range(//body,'',1397,1))"/>
		<!--ⲛⲁ]-->
		<mark id="sTok380" xlink:href="#xpointer(string-range(//body,'',1399,3))"/>
		<!--ϯ-->
		<mark id="sTok381" xlink:href="#xpointer(string-range(//body,'',1403,1))"/>
		<!--ⲡ-->
		<mark id="sTok382" xlink:href="#xpointer(string-range(//body,'',1405,1))"/>
		<!--ⲇ̣ⲓ̣ⲕ̣-->
		<mark id="sTok383" xlink:href="#xpointer(string-range(//body,'',1407,6))"/>
		<!--[ⲁⲓⲟⲥ-->
		<mark id="sTok384" xlink:href="#xpointer(string-range(//body,'',1414,5))"/>
		<!--ⲉⲃⲟⲗ-->
		<mark id="sTok385" xlink:href="#xpointer(string-range(//body,'',1420,4))"/>
		<!--]-->
		<mark id="sTok386" xlink:href="#xpointer(string-range(//body,'',1425,1))"/>
		<!--ⲁⲛ̣-->
		<mark id="sTok387" xlink:href="#xpointer(string-range(//body,'',1427,3))"/>
		<!--[ϩⲁ-->
		<mark id="sTok388" xlink:href="#xpointer(string-range(//body,'',1431,3))"/>
		<!--ⲟⲩ-->
		<mark id="sTok389" xlink:href="#xpointer(string-range(//body,'',1435,2))"/>
		<!--ϩⲁⲧ]-->
		<mark id="sTok390" xlink:href="#xpointer(string-range(//body,'',1438,4))"/>
		<!--ⲁⲩ-->
		<mark id="sTok391" xlink:href="#xpointer(string-range(//body,'',1443,2))"/>
		<!--[ⲱ-->
		<mark id="sTok392" xlink:href="#xpointer(string-range(//body,'',1446,2))"/>
		<!--ⲧ̄[-->
		<mark id="sTok393" xlink:href="#xpointer(string-range(//body,'',1449,3))"/>
		<!--[<hyphen><hyphen><hyphen><hyphen>]-->
		<mark id="sTok394" xlink:href="#xpointer(string-range(//body,'',1453,6))"/>
		<!--[<hyphen><hyphen><hyphen><hyphen>]-->
		<mark id="sTok395" xlink:href="#xpointer(string-range(//body,'',1460,6))"/>
		<!--[<hyphen><hyphen><hyphen><hyphen>]-->
		<mark id="sTok396" xlink:href="#xpointer(string-range(//body,'',1467,6))"/>
		<!--[<hyphen><hyphen><hyphen><hyphen>]-->
		<mark id="sTok397" xlink:href="#xpointer(string-range(//body,'',1474,6))"/>
		<!--[<hyphen><hyphen><hyphen><hyphen>]-->
		<mark id="sTok398" xlink:href="#xpointer(string-range(//body,'',1481,6))"/>
		<!--[<hyphen><hyphen><hyphen><hyphen>]-->
		<mark id="sTok399" xlink:href="#xpointer(string-range(//body,'',1488,6))"/>
		<!--[<hyphen><hyphen><hyphen><hyphen>]-->
		<mark id="sTok400" xlink:href="#xpointer(string-range(//body,'',1495,6))"/>
		<!--[<hyphen><hyphen><hyphen><hyphen>]-->
		<mark id="sTok401" xlink:href="#xpointer(string-range(//body,'',1502,6))"/></markList></paula>