<?xml version='1.0' encoding='UTF-8'?><!DOCTYPE paula SYSTEM "paula_feat.dtd">
<paula version="1.1">
	<header paula_id="scriptorium.GL29-30_par_XJ33-34.dep_func"/>
	<featList xmlns:xlink="http://www.w3.org/1999/xlink" type="func" xml:base="scriptorium.GL29-30_par_XJ33-34.dep.xml">
		<feat xlink:href="#sPointingRel1" value="mark"/>
		<feat xlink:href="#sPointingRel3" value="advcl"/>
		<feat xlink:href="#sPointingRel5" value="cc"/>
		<feat xlink:href="#sPointingRel7" value="det"/>
		<feat xlink:href="#sPointingRel9" value="obl"/>
		<feat xlink:href="#sPointingRel11" value="nsubj"/>
		<feat xlink:href="#sPointingRel13" value="mark"/>
		<feat xlink:href="#sPointingRel15" value="conj"/>
		<feat xlink:href="#sPointingRel17" value="case"/>
		<feat xlink:href="#sPointingRel19" value="cop"/>
		<feat xlink:href="#sPointingRel21" value="aux"/>
		<feat xlink:href="#sPointingRel23" value="case"/>
		<feat xlink:href="#sPointingRel25" value="cop"/>
		<feat xlink:href="#sPointingRel27" value="mark"/>
		<feat xlink:href="#sPointingRel29" value="conj"/>
		<feat xlink:href="#sPointingRel31" value="appos"/>
		<feat xlink:href="#sPointingRel33" value="cop"/>
		<feat xlink:href="#sPointingRel35" value="xcomp"/>
		<feat xlink:href="#sPointingRel37" value="advmod"/>
		<feat xlink:href="#sPointingRel39" value="det"/>
		<feat xlink:href="#sPointingRel41" value="case"/>
		<feat xlink:href="#sPointingRel43" value="appos"/>
		<feat xlink:href="#sPointingRel45" value="case"/>
		<feat xlink:href="#sPointingRel47" value="advmod"/>
		<feat xlink:href="#sPointingRel49" value="aux"/>
		<feat xlink:href="#sPointingRel51" value="case"/>
		<feat xlink:href="#sPointingRel53" value="case"/>
		<feat xlink:href="#sPointingRel55" value="cc"/>
		<feat xlink:href="#sPointingRel57" value="appos"/>
		<feat xlink:href="#sPointingRel59" value="obj"/>
		<feat xlink:href="#sPointingRel61" value="advmod"/>
		<feat xlink:href="#sPointingRel63" value="obj"/>
		<feat xlink:href="#sPointingRel65" value="case"/>
		<feat xlink:href="#sPointingRel67" value="obl"/>
		<feat xlink:href="#sPointingRel69" value="cc"/>
		<feat xlink:href="#sPointingRel71" value="nmod:poss"/>
		<feat xlink:href="#sPointingRel73" value="det"/>
		<feat xlink:href="#sPointingRel75" value="obl"/>
		<feat xlink:href="#sPointingRel77" value="obj"/>
		<feat xlink:href="#sPointingRel79" value="mark"/>
		<feat xlink:href="#sPointingRel81" value="appos"/>
		<feat xlink:href="#sPointingRel83" value="nsubj"/>
		<feat xlink:href="#sPointingRel85" value="xcomp"/>
		<feat xlink:href="#sPointingRel87" value="advmod"/>
		<feat xlink:href="#sPointingRel89" value="nsubj"/>
		<feat xlink:href="#sPointingRel91" value="aux"/>
		<feat xlink:href="#sPointingRel93" value="nmod:poss"/>
		<feat xlink:href="#sPointingRel95" value="advmod"/>
		<feat xlink:href="#sPointingRel97" value="appos"/>
		<feat xlink:href="#sPointingRel99" value="det"/>
		<feat xlink:href="#sPointingRel101" value="case"/>
		<feat xlink:href="#sPointingRel103" value="det"/>
		<feat xlink:href="#sPointingRel105" value="aux"/>
		<feat xlink:href="#sPointingRel107" value="nmod:unmarked"/>
		<feat xlink:href="#sPointingRel109" value="case"/>
		<feat xlink:href="#sPointingRel111" value="case"/>
		<feat xlink:href="#sPointingRel113" value="obj"/>
		<feat xlink:href="#sPointingRel115" value="advmod"/>
		<feat xlink:href="#sPointingRel117" value="nsubj"/>
		<feat xlink:href="#sPointingRel119" value="acl:relcl"/>
		<feat xlink:href="#sPointingRel121" value="advmod"/>
		<feat xlink:href="#sPointingRel123" value="mark"/>
		<feat xlink:href="#sPointingRel125" value="nsubj"/>
		<feat xlink:href="#sPointingRel127" value="nsubj"/>
		<feat xlink:href="#sPointingRel129" value="nsubj"/>
		<feat xlink:href="#sPointingRel131" value="aux"/>
		<feat xlink:href="#sPointingRel133" value="case"/>
		<feat xlink:href="#sPointingRel135" value="case"/>
		<feat xlink:href="#sPointingRel137" value="det"/>
		<feat xlink:href="#sPointingRel139" value="nmod"/>
		<feat xlink:href="#sPointingRel141" value="mark"/>
		<feat xlink:href="#sPointingRel143" value="obl:npmod"/>
		<feat xlink:href="#sPointingRel145" value="nmod"/>
		<feat xlink:href="#sPointingRel147" value="acl:relcl"/>
		<feat xlink:href="#sPointingRel149" value="nmod"/>
		<feat xlink:href="#sPointingRel151" value="parataxis"/>
		<feat xlink:href="#sPointingRel153" value="mark"/>
		<feat xlink:href="#sPointingRel155" value="mark"/>
		<feat xlink:href="#sPointingRel157" value="det"/>
		<feat xlink:href="#sPointingRel159" value="nmod:poss"/>
		<feat xlink:href="#sPointingRel161" value="cop"/>
		<feat xlink:href="#sPointingRel163" value="obl"/>
		<feat xlink:href="#sPointingRel165" value="acl:relcl"/>
		<feat xlink:href="#sPointingRel167" value="cop"/>
		<feat xlink:href="#sPointingRel169" value="aux"/>
		<feat xlink:href="#sPointingRel171" value="det"/>
		<feat xlink:href="#sPointingRel173" value="advmod"/>
		<feat xlink:href="#sPointingRel175" value="case"/>
		<feat xlink:href="#sPointingRel177" value="det"/>
		<feat xlink:href="#sPointingRel179" value="nsubj"/>
		<feat xlink:href="#sPointingRel181" value="obl"/>
		<feat xlink:href="#sPointingRel183" value="nsubj"/>
		<feat xlink:href="#sPointingRel185" value="obl:unmarked"/>
		<feat xlink:href="#sPointingRel187" value="det"/>
		<feat xlink:href="#sPointingRel189" value="nmod:poss"/>
		<feat xlink:href="#sPointingRel191" value="appos"/>
		<feat xlink:href="#sPointingRel193" value="case"/>
		<feat xlink:href="#sPointingRel195" value="advmod"/>
		<feat xlink:href="#sPointingRel197" value="advmod"/>
		<feat xlink:href="#sPointingRel199" value="aux"/>
		<feat xlink:href="#sPointingRel201" value="nsubj"/>
		<feat xlink:href="#sPointingRel203" value="det"/>
		<feat xlink:href="#sPointingRel205" value="acl:relcl"/>
		<feat xlink:href="#sPointingRel207" value="obl"/>
		<feat xlink:href="#sPointingRel209" value="ccomp"/>
		<feat xlink:href="#sPointingRel211" value="case"/>
		<feat xlink:href="#sPointingRel213" value="obl"/>
		<feat xlink:href="#sPointingRel215" value="det"/>
		<feat xlink:href="#sPointingRel217" value="case"/>
		<feat xlink:href="#sPointingRel219" value="appos"/>
		<feat xlink:href="#sPointingRel221" value="mark"/>
		<feat xlink:href="#sPointingRel223" value="cc"/>
		<feat xlink:href="#sPointingRel225" value="det"/>
		<feat xlink:href="#sPointingRel227" value="cc"/>
		<feat xlink:href="#sPointingRel229" value="nsubj"/>
		<feat xlink:href="#sPointingRel231" value="nsubj"/>
		<feat xlink:href="#sPointingRel233" value="mark"/>
		<feat xlink:href="#sPointingRel235" value="advmod"/>
		<feat xlink:href="#sPointingRel237" value="obl"/>
		<feat xlink:href="#sPointingRel239" value="case"/>
		<feat xlink:href="#sPointingRel241" value="obl"/>
		<feat xlink:href="#sPointingRel243" value="appos"/>
		<feat xlink:href="#sPointingRel245" value="obj"/>
		<feat xlink:href="#sPointingRel247" value="nmod:poss"/>
		<feat xlink:href="#sPointingRel249" value="obj"/>
		<feat xlink:href="#sPointingRel251" value="det"/>
		<feat xlink:href="#sPointingRel253" value="dislocated"/>
		<feat xlink:href="#sPointingRel255" value="mark"/>
		<feat xlink:href="#sPointingRel257" value="obl"/>
		<feat xlink:href="#sPointingRel259" value="nsubj"/>
		<feat xlink:href="#sPointingRel261" value="obl"/>
		<feat xlink:href="#sPointingRel263" value="obl"/>
		<feat xlink:href="#sPointingRel265" value="case"/>
		<feat xlink:href="#sPointingRel267" value="nsubj"/>
		<feat xlink:href="#sPointingRel269" value="acl:relcl"/>
		<feat xlink:href="#sPointingRel271" value="case"/>
		<feat xlink:href="#sPointingRel273" value="acl:relcl"/>
		<feat xlink:href="#sPointingRel275" value="cc"/>
		<feat xlink:href="#sPointingRel277" value="obj"/>
		<feat xlink:href="#sPointingRel279" value="obj"/>
		<feat xlink:href="#sPointingRel281" value="acl:relcl"/>
		<feat xlink:href="#sPointingRel283" value="acl:relcl"/>
		<feat xlink:href="#sPointingRel285" value="mark"/>
		<feat xlink:href="#sPointingRel287" value="case"/>
		<feat xlink:href="#sPointingRel289" value="det"/>
		<feat xlink:href="#sPointingRel291" value="aux"/>
		<feat xlink:href="#sPointingRel293" value="case"/>
		<feat xlink:href="#sPointingRel295" value="conj"/>
		<feat xlink:href="#sPointingRel297" value="expl"/>
		<feat xlink:href="#sPointingRel299" value="nsubj"/>
		<feat xlink:href="#sPointingRel301" value="advmod"/>
		<feat xlink:href="#sPointingRel303" value="det"/>
		<feat xlink:href="#sPointingRel305" value="mark"/>
		<feat xlink:href="#sPointingRel307" value="mark"/>
		<feat xlink:href="#sPointingRel309" value="aux"/>
		<feat xlink:href="#sPointingRel311" value="dislocated"/>
		<feat xlink:href="#sPointingRel313" value="aux"/>
		<feat xlink:href="#sPointingRel315" value="aux"/>
		<feat xlink:href="#sPointingRel317" value="det"/>
		<feat xlink:href="#sPointingRel319" value="det"/>
		<feat xlink:href="#sPointingRel321" value="obl"/>
		<feat xlink:href="#sPointingRel323" value="obl"/>
		<feat xlink:href="#sPointingRel325" value="det"/>
		<feat xlink:href="#sPointingRel327" value="nmod:unmarked"/>
		<feat xlink:href="#sPointingRel329" value="nsubj"/>
		<feat xlink:href="#sPointingRel331" value="det"/>
		<feat xlink:href="#sPointingRel333" value="det"/>
		<feat xlink:href="#sPointingRel335" value="case"/>
		<feat xlink:href="#sPointingRel337" value="mark"/>
		<feat xlink:href="#sPointingRel339" value="case"/>
		<feat xlink:href="#sPointingRel341" value="nsubj"/>
		<feat xlink:href="#sPointingRel343" value="ccomp"/>
		<feat xlink:href="#sPointingRel345" value="acl:relcl"/>
		<feat xlink:href="#sPointingRel347" value="nmod"/>
		<feat xlink:href="#sPointingRel349" value="acl:relcl"/>
		<feat xlink:href="#sPointingRel351" value="mark"/>
		<feat xlink:href="#sPointingRel353" value="det"/>
		<feat xlink:href="#sPointingRel355" value="case"/>
		<feat xlink:href="#sPointingRel357" value="det"/>
		<feat xlink:href="#sPointingRel359" value="advmod"/>
		<feat xlink:href="#sPointingRel361" value="aux"/>
		<feat xlink:href="#sPointingRel363" value="advcl"/>
		<feat xlink:href="#sPointingRel365" value="det"/>
		<feat xlink:href="#sPointingRel367" value="case"/>
		<feat xlink:href="#sPointingRel369" value="nsubj"/>
		<feat xlink:href="#sPointingRel371" value="appos"/>
		<feat xlink:href="#sPointingRel373" value="det"/>
		<feat xlink:href="#sPointingRel375" value="case"/>
		<feat xlink:href="#sPointingRel377" value="case"/>
		<feat xlink:href="#sPointingRel379" value="nsubj"/>
		<feat xlink:href="#sPointingRel381" value="nsubj"/>
		<feat xlink:href="#sPointingRel383" value="obl:unmarked"/>
		<feat xlink:href="#sPointingRel385" value="nmod:poss"/>
		<feat xlink:href="#sPointingRel387" value="appos"/>
		<feat xlink:href="#sPointingRel389" value="obl"/>
		<feat xlink:href="#sPointingRel391" value="advmod"/>
		<feat xlink:href="#sPointingRel393" value="nummod"/>
		<feat xlink:href="#sPointingRel395" value="case"/>
		<feat xlink:href="#sPointingRel397" value="cop"/>
		<feat xlink:href="#sPointingRel399" value="nmod"/>
		<feat xlink:href="#sPointingRel401" value="appos"/>
		<feat xlink:href="#sPointingRel403" value="aux"/>
		<feat xlink:href="#sPointingRel405" value="det"/>
		<feat xlink:href="#sPointingRel407" value="nmod:poss"/>
		<feat xlink:href="#sPointingRel409" value="advmod"/>
		<feat xlink:href="#sPointingRel411" value="obl"/>
		<feat xlink:href="#sPointingRel413" value="case"/>
		<feat xlink:href="#sPointingRel415" value="nmod"/>
		<feat xlink:href="#sPointingRel417" value="nmod:poss"/>
		<feat xlink:href="#sPointingRel419" value="parataxis"/>
		<feat xlink:href="#sPointingRel421" value="fixed"/>
		<feat xlink:href="#sPointingRel423" value="nsubj"/>
		<feat xlink:href="#sPointingRel425" value="mark"/>
		<feat xlink:href="#sPointingRel427" value="det"/>
		<feat xlink:href="#sPointingRel429" value="det"/>
		<feat xlink:href="#sPointingRel431" value="conj"/>
		<feat xlink:href="#sPointingRel433" value="nmod"/>
		<feat xlink:href="#sPointingRel435" value="aux"/>
		<feat xlink:href="#sPointingRel437" value="aux"/>
		<feat xlink:href="#sPointingRel439" value="obj"/>
		<feat xlink:href="#sPointingRel441" value="nmod:poss"/>
		<feat xlink:href="#sPointingRel443" value="obj"/>
		<feat xlink:href="#sPointingRel445" value="nsubj"/>
		<feat xlink:href="#sPointingRel447" value="case"/>
		<feat xlink:href="#sPointingRel449" value="cc"/>
		<feat xlink:href="#sPointingRel451" value="obl"/>
		<feat xlink:href="#sPointingRel453" value="appos"/>
		<feat xlink:href="#sPointingRel455" value="mark"/>
		<feat xlink:href="#sPointingRel457" value="nmod:poss"/>
		<feat xlink:href="#sPointingRel459" value="aux"/>
		<feat xlink:href="#sPointingRel461" value="cc"/>
		<feat xlink:href="#sPointingRel463" value="appos"/>
		<feat xlink:href="#sPointingRel465" value="nmod:unmarked"/>
		<feat xlink:href="#sPointingRel467" value="appos"/>
		<feat xlink:href="#sPointingRel469" value="mark"/>
		<feat xlink:href="#sPointingRel471" value="nsubj"/>
		<feat xlink:href="#sPointingRel473" value="aux"/>
		<feat xlink:href="#sPointingRel475" value="advmod"/>
		<feat xlink:href="#sPointingRel477" value="mark"/>
		<feat xlink:href="#sPointingRel479" value="nsubj"/>
		<feat xlink:href="#sPointingRel481" value="case"/>
		<feat xlink:href="#sPointingRel483" value="det"/>
		<feat xlink:href="#sPointingRel485" value="nsubj"/>
		<feat xlink:href="#sPointingRel487" value="cc"/>
		<feat xlink:href="#sPointingRel489" value="case"/>
		<feat xlink:href="#sPointingRel491" value="obl"/>
		<feat xlink:href="#sPointingRel493" value="appos"/>
		<feat xlink:href="#sPointingRel495" value="xcomp"/>
		<feat xlink:href="#sPointingRel497" value="advmod"/>
		<feat xlink:href="#sPointingRel499" value="acl:relcl"/>
		<feat xlink:href="#sPointingRel501" value="conj"/>
		<feat xlink:href="#sPointingRel503" value="case"/>
		<feat xlink:href="#sPointingRel505" value="nsubj"/>
		<feat xlink:href="#sPointingRel507" value="case"/>
		<feat xlink:href="#sPointingRel509" value="case"/>
		<feat xlink:href="#sPointingRel511" value="nmod"/>
		<feat xlink:href="#sPointingRel513" value="advmod"/>
		<feat xlink:href="#sPointingRel515" value="mark"/>
		<feat xlink:href="#sPointingRel517" value="cop"/>
		<feat xlink:href="#sPointingRel519" value="appos"/>
		<feat xlink:href="#sPointingRel521" value="obj"/>
		<feat xlink:href="#sPointingRel523" value="case"/>
		<feat xlink:href="#sPointingRel525" value="nmod"/>
		<feat xlink:href="#sPointingRel527" value="acl:relcl"/>
		<feat xlink:href="#sPointingRel529" value="det"/>
		<feat xlink:href="#sPointingRel531" value="nsubj"/>
		<feat xlink:href="#sPointingRel533" value="obl"/>
		<feat xlink:href="#sPointingRel535" value="obj"/>
		<feat xlink:href="#sPointingRel537" value="mark"/>
		<feat xlink:href="#sPointingRel539" value="mark"/>
		<feat xlink:href="#sPointingRel541" value="advmod"/>
		<feat xlink:href="#sPointingRel543" value="case"/>
		<feat xlink:href="#sPointingRel545" value="advmod"/>
		<feat xlink:href="#sPointingRel547" value="obj"/>
		<feat xlink:href="#sPointingRel549" value="ccomp"/>
		<feat xlink:href="#sPointingRel551" value="csubj"/>
		<feat xlink:href="#sPointingRel553" value="nsubj"/>
		<feat xlink:href="#sPointingRel555" value="nmod"/>
		<feat xlink:href="#sPointingRel557" value="obl"/>
		<feat xlink:href="#sPointingRel559" value="case"/>
		<feat xlink:href="#sPointingRel561" value="det"/>
		<feat xlink:href="#sPointingRel563" value="obl"/>
		<feat xlink:href="#sPointingRel565" value="mark"/>
		<feat xlink:href="#sPointingRel567" value="case"/>
		<feat xlink:href="#sPointingRel569" value="advmod"/>
		<feat xlink:href="#sPointingRel571" value="obl:unmarked"/>
		<feat xlink:href="#sPointingRel573" value="acl:relcl"/>
		<feat xlink:href="#sPointingRel575" value="obj"/>
		<feat xlink:href="#sPointingRel577" value="det"/>
		<feat xlink:href="#sPointingRel579" value="aux"/>
		<feat xlink:href="#sPointingRel581" value="nsubj"/>
		<feat xlink:href="#sPointingRel583" value="cc"/>
		<feat xlink:href="#sPointingRel585" value="appos"/>
		<feat xlink:href="#sPointingRel587" value="case"/>
		<feat xlink:href="#sPointingRel589" value="acl:relcl"/>
		<feat xlink:href="#sPointingRel591" value="conj"/>
		<feat xlink:href="#sPointingRel593" value="obl"/></featList></paula>