<?xml version='1.0' encoding='UTF-8'?><!DOCTYPE paula SYSTEM "paula_feat.dtd">
<paula version="1.1">
	<header paula_id="scriptorium.GL29-30_par_XJ33-34.mark_norm_group"/>
	<featList xmlns:xlink="http://www.w3.org/1999/xlink" type="norm_group" xml:base="scriptorium.GL29-30_par_XJ33-34.mark.xml">
		<feat xlink:href="#sSpan8" value="ⲭⲣⲓⲥⲧⲟⲥ"/>
		<feat xlink:href="#sSpan16" value="ϩⲉⲛⲡⲣⲟⲇⲟⲧⲏⲥ"/>
		<feat xlink:href="#sSpan27" value="ϩⲱⲟⲩ"/>
		<feat xlink:href="#sSpan34" value="·"/>
		<feat xlink:href="#sSpan39" value="ⲛⲣⲉϥϫⲓⲟⲩⲉ"/>
		<feat xlink:href="#sSpan49" value="ⲁⲩⲱ"/>
		<feat xlink:href="#sSpan54" value="ⲛⲁⲡⲟⲥⲧⲁⲧⲏⲥ"/>
		<feat xlink:href="#sSpan62" value="ⲛⲉ"/>
		<feat xlink:href="#sSpan66" value="ⲛⲉⲧⲉⲓⲣⲉ"/>
		<feat xlink:href="#sSpan77" value="ⲛⲛⲉⲓϩⲃⲏⲩⲉ"/>
		<feat xlink:href="#sSpan86" value="ⲉⲧⲙⲙⲁⲩ"/>
		<feat xlink:href="#sSpan96" value="·"/>
		<feat xlink:href="#sSpan100" value="ⲛⲃⲟⲧⲉ"/>
		<feat xlink:href="#sSpan110" value="ϩⲛⲛⲧⲟⲡⲟⲥ"/>
		<feat xlink:href="#sSpan121" value="ⲉⲧⲟⲩⲁⲁⲃ"/>
		<feat xlink:href="#sSpan131" value="ⲟⲩ"/>
		<feat xlink:href="#sSpan138" value="ⲡⲉ"/>
		<feat xlink:href="#sSpan142" value="ⲡϩⲱⲃ"/>
		<feat xlink:href="#sSpan149" value="ⲛⲟⲩⲁϣⲏ"/>
		<feat xlink:href="#sSpan161" value="ⲛϩⲏⲃⲥ"/>
		<feat xlink:href="#sSpan167" value="·"/>
		<feat xlink:href="#sSpan171" value="ⲉⲩⲕⲏ"/>
		<feat xlink:href="#sSpan183" value="ϩⲓϫⲛⲛⲗⲩⲭⲛⲓⲁ"/>
		<feat xlink:href="#sSpan196" value="ⲛⲥⲉϫⲉⲣⲟ"/>
		<feat xlink:href="#sSpan204" value="ⲁⲛ"/>
		<feat xlink:href="#sSpan210" value="ϫⲉⲛⲁⲛⲟⲩⲟⲩ"/>
		<feat xlink:href="#sSpan219" value="ⲁⲛ"/>
		<feat xlink:href="#sSpan224" value="----"/>
		<feat xlink:href="#sSpan234" value="----"/>
		<feat xlink:href="#sSpan240" value="----"/>
		<feat xlink:href="#sSpan246" value="----"/>
		<feat xlink:href="#sSpan252" value="----"/>
		<feat xlink:href="#sSpan258" value="----"/>
		<feat xlink:href="#sSpan264" value="----"/>
		<feat xlink:href="#sSpan270" value="----"/>
		<feat xlink:href="#sSpan276" value="----"/>
		<feat xlink:href="#sSpan281" value="ⲧⲉ"/>
		<feat xlink:href="#sSpan288" value="·"/>
		<feat xlink:href="#sSpan292" value="ⲡⲁⲛⲣⲱⲙⲉ"/>
		<feat xlink:href="#sSpan305" value="ϩⲱⲱϥ"/>
		<feat xlink:href="#sSpan312" value="ⲉⲧⲟⲩⲁⲁⲃ"/>
		<feat xlink:href="#sSpan318" value="ⲁⲩⲱ"/>
		<feat xlink:href="#sSpan323" value="ⲙⲡⲓⲥⲧⲟⲥ"/>
		<feat xlink:href="#sSpan330" value="ⲉⲧⲟⲩⲏϩⲛϩⲏⲧϥ"/>
		<feat xlink:href="#sSpan341" value="ⲡⲉⲧⲣⲉⲩⲛⲁⲩ"/>
		<feat xlink:href="#sSpan352" value="ⲉⲛⲉⲩϩⲃⲏⲩⲉ"/>
		<feat xlink:href="#sSpan362" value="ⲉⲧⲛⲁⲛⲟⲩⲟⲩ"/>
		<feat xlink:href="#sSpan371" value="·"/>
		<feat xlink:href="#sSpan375" value="ⲁⲩⲱ"/>
		<feat xlink:href="#sSpan380" value="ⲉⲧⲣⲟⲩⲟⲉⲓⲛ"/>
		<feat xlink:href="#sSpan392" value="ϩⲛⲛⲧⲟⲡⲟⲥ"/>
		<feat xlink:href="#sSpan402" value="ⲉⲧⲟⲩⲁⲁⲃ"/>
		<feat xlink:href="#sSpan411" value="·"/>
		<feat xlink:href="#sSpan416" value="ⲟⲩⲣⲱⲙⲉ"/>
		<feat xlink:href="#sSpan426" value="ⲉϥⲣϣⲁⲩ"/>
		<feat xlink:href="#sSpan436" value="ⲛⲁϥ"/>
		<feat xlink:href="#sSpan443" value="ⲁⲛ"/>
		<feat xlink:href="#sSpan447" value="·"/>
		<feat xlink:href="#sSpan451" value="ⲁⲩⲱ"/>
		<feat xlink:href="#sSpan456" value="ⲛϥϯϩⲏⲩ"/>
		<feat xlink:href="#sSpan467" value="ⲁⲛ"/>
		<feat xlink:href="#sSpan471" value="ⲉⲣⲟϥ"/>
		<feat xlink:href="#sSpan477" value="ⲙⲙⲓⲛⲙⲙⲟϥ"/>
		<feat xlink:href="#sSpan484" value="·"/>
		<feat xlink:href="#sSpan488" value="ⲛⲁϣ"/>
		<feat xlink:href="#sSpan496" value="ⲛϩⲉ"/>
		<feat xlink:href="#sSpan503" value="ⲉϥⲛⲁⲣϣⲁⲩ"/>
		<feat xlink:href="#sSpan516" value="·"/>
		<feat xlink:href="#sSpan520" value="ⲉⲟⲩⲡⲣⲁⲝⲓⲥ"/>
		<feat xlink:href="#sSpan532" value="ⲛⲁⲛⲁⲅⲕⲁⲓⲟⲛ"/>
		<feat xlink:href="#sSpan541" value="ⲏ"/>
		<feat xlink:href="#sSpan548" value="ⲉⲟⲩⲛⲟⲩⲣⲁⲛ"/>
		<feat xlink:href="#sSpan559" value="ⲉϥⲧⲁⲉⲓⲏⲩ"/>
		<feat xlink:href="#sSpan570" value="ⲛⲁϯϩⲏⲩ"/>
		<feat xlink:href="#sSpan578" value="ⲙⲙⲟϥ"/>
		<feat xlink:href="#sSpan590" value="ⲓⲟⲩⲇⲁⲥ"/>
		<feat xlink:href="#sSpan597" value="ⲙⲡϥⲣϣⲁⲩ"/>
		<feat xlink:href="#sSpan610" value="ⲛⲁϥ"/>
		<feat xlink:href="#sSpan616" value="ⲙⲁⲩⲁ"/>
		<feat xlink:href="#sSpan621" value="----"/>
		<feat xlink:href="#sSpan631" value="----"/>
		<feat xlink:href="#sSpan637" value="----"/>
		<feat xlink:href="#sSpan643" value="----"/>
		<feat xlink:href="#sSpan649" value="----"/>
		<feat xlink:href="#sSpan655" value="----"/>
		<feat xlink:href="#sSpan661" value="----"/>
		<feat xlink:href="#sSpan667" value="----"/>
		<feat xlink:href="#sSpan673" value="ⲛϭⲓ"/>
		<feat xlink:href="#sSpan682" value="ⲡⲁⲡⲟⲥⲧⲁⲧⲏⲥ"/>
		<feat xlink:href="#sSpan691" value="ⲉⲧⲙⲙⲁⲩ"/>
		<feat xlink:href="#sSpan697" value="·"/>
		<feat xlink:href="#sSpan701" value="ⲉⲡϫⲟⲉⲓⲥ"/>
		<feat xlink:href="#sSpan712" value="ⲉϥϫⲱ"/>
		<feat xlink:href="#sSpan720" value="ⲙⲙⲟⲥ"/>
		<feat xlink:href="#sSpan727" value="·"/>
		<feat xlink:href="#sSpan731" value="ϫⲉⲉⲣϣⲁⲛⲡⲣⲱⲙⲉ"/>
		<feat xlink:href="#sSpan745" value="ϯϩⲏⲩ"/>
		<feat xlink:href="#sSpan750" value="ⲙⲡⲕⲟⲥⲙⲟⲥ"/>
		<feat xlink:href="#sSpan761" value="ⲧⲏⲣϥ"/>
		<feat xlink:href="#sSpan768" value="ⲛϥϯⲟⲥⲉ"/>
		<feat xlink:href="#sSpan778" value="ⲛⲧⲉϥⲯⲩⲭⲏ"/>
		<feat xlink:href="#sSpan789" value="·"/>
		<feat xlink:href="#sSpan793" value="ⲟⲩ"/>
		<feat xlink:href="#sSpan799" value="ⲡⲉⲧϥⲛⲁⲧⲁⲁϥ"/>
		<feat xlink:href="#sSpan818" value="ⲛϣⲃⲃⲓⲱ"/>
		<feat xlink:href="#sSpan828" value="ⲛⲧⲉϥⲯⲩⲭⲏ"/>
		<feat xlink:href="#sSpan840" value="ⲁⲗⲗⲁ"/>
		<feat xlink:href="#sSpan845" value="ⲁϥⲥⲱⲧⲙ"/>
		<feat xlink:href="#sSpan853" value="ⲟⲛ"/>
		<feat xlink:href="#sSpan858" value="ⲉⲣⲟϥ"/>
		<feat xlink:href="#sSpan864" value="·"/>
		<feat xlink:href="#sSpan868" value="ϫⲉⲟⲩⲁ"/>
		<feat xlink:href="#sSpan875" value="·"/>
		<feat xlink:href="#sSpan879" value="ⲉⲃⲟⲗ"/>
		<feat xlink:href="#sSpan884" value="ⲛϩⲏⲧⲧⲏⲩⲧⲛ"/>
		<feat xlink:href="#sSpan891" value="ⲡⲉⲧⲛⲁⲡⲁⲣⲁⲇⲓⲇⲟⲩ"/>
		<feat xlink:href="#sSpan903" value="ⲙⲙⲟⲓ"/>
		<feat xlink:href="#sSpan909" value="·"/>
		<feat xlink:href="#sSpan913" value="ⲁⲩⲱ"/>
		<feat xlink:href="#sSpan918" value="ⲙⲡⲉϥϣⲓⲡⲉ"/>
		<feat xlink:href="#sSpan930" value="ⲟⲩⲇⲉ"/>
		<feat xlink:href="#sSpan935" value="ⲙⲡⲉϥϣⲛϩⲧⲏϥ"/>
		<feat xlink:href="#sSpan954" value="ϩⲁⲣⲟϥ"/>
		<feat xlink:href="#sSpan960" value="ⲙⲁⲩⲁⲁϥ"/>
		<feat xlink:href="#sSpan969" value="ⲁϥⲥⲟⲣⲙⲉϥ"/>
		<feat xlink:href="#sSpan979" value="ⲉⲧⲃⲉ"/>
		<feat xlink:href="#sSpan986" value="ⲙⲁⲁⲃ"/>
		<feat xlink:href="#sSpan991" value="ⲛϩⲁⲧ"/>
		<feat xlink:href="#sSpan997" value="ⲁ"/>
		<feat xlink:href="#sSpan1006" value="----"/>
		<feat xlink:href="#sSpan1013" value="----"/>
		<feat xlink:href="#sSpan1019" value="----"/>
		<feat xlink:href="#sSpan1025" value="----"/>
		<feat xlink:href="#sSpan1031" value="----"/>
		<feat xlink:href="#sSpan1037" value="----"/>
		<feat xlink:href="#sSpan1043" value="----"/>
		<feat xlink:href="#sSpan1049" value="----"/>
		<feat xlink:href="#sSpan1054" value="ⲧⲁⲁϥ"/>
		<feat xlink:href="#sSpan1064" value="ⲙⲁⲩⲁⲁϥ"/>
		<feat xlink:href="#sSpan1070" value="ⲉϩⲣⲁⲓ"/>
		<feat xlink:href="#sSpan1075" value="ⲉⲩϭⲟⲣϭⲥ"/>
		<feat xlink:href="#sSpan1084" value="ⲛⲧⲉⲡⲇⲓⲁⲃⲟⲗⲟⲥ"/>
		<feat xlink:href="#sSpan1095" value="·"/>
		<feat xlink:href="#sSpan1099" value="ⲉⲧⲃⲉ"/>
		<feat xlink:href="#sSpan1108" value="ⲭⲣⲏⲙⲁ"/>
		<feat xlink:href="#sSpan1113" value="ϩⲁⲙⲟⲓ"/>
		<feat xlink:href="#sSpan1118" value="ⲛⲧⲟⲟⲩⲛ"/>
		<feat xlink:href="#sSpan1122" value="·"/>
		<feat xlink:href="#sSpan1126" value="ⲉⲛⲉⲙⲡⲉ"/>
		<feat xlink:href="#sSpan1137" value="ⲡⲛⲟⲩⲃ"/>
		<feat xlink:href="#sSpan1143" value="ϣⲱⲡⲉ"/>
		<feat xlink:href="#sSpan1149" value="ⲡⲁⲗⲓⲛ"/>
		<feat xlink:href="#sSpan1154" value="ⲟⲛ"/>
		<feat xlink:href="#sSpan1159" value="ⲧⲛϫⲓ"/>
		<feat xlink:href="#sSpan1165" value="ⲙⲙⲟϥ"/>
		<feat xlink:href="#sSpan1171" value="ⲉⲣⲟⲛ"/>
		<feat xlink:href="#sSpan1178" value="ϩⲙⲡⲣⲱϣⲉ"/>
		<feat xlink:href="#sSpan1187" value="ϩⲙⲡⲧⲣⲉ"/>
		<feat xlink:href="#sSpan1197" value="ⲡ"/>
		<feat xlink:href="#sSpan1202" value="ⲛⲟⲩⲧⲉ"/>
		<feat xlink:href="#sSpan1206" value="ⲧⲁⲁϥ"/>
		<feat xlink:href="#sSpan1213" value="ⲛⲁⲛ"/>
		<feat xlink:href="#sSpan1219" value="·"/>
		<feat xlink:href="#sSpan1223" value="ⲉⲟⲩⲭⲣⲉⲓⲁ"/>
		<feat xlink:href="#sSpan1235" value="·"/>
		<feat xlink:href="#sSpan1239" value="ⲉϥⲓ"/>
		<feat xlink:href="#sSpan1247" value="ⲡϩⲁⲡ"/>
		<feat xlink:href="#sSpan1256" value="ⲇⲉ"/>
		<feat xlink:href="#sSpan1261" value="ⲙⲙⲁⲩ"/>
		<feat xlink:href="#sSpan1267" value="ⲉⲧⲃⲏⲏⲧϥ"/>
		<feat xlink:href="#sSpan1274" value="·"/>
		<feat xlink:href="#sSpan1279" value="ⲟⲩⲁⲛⲟⲙⲓⲁ"/>
		<feat xlink:href="#sSpan1289" value="ⲧⲉ"/>
		<feat xlink:href="#sSpan1294" value="·"/>
		<feat xlink:href="#sSpan1298" value="ϩⲁⲙⲟⲓ"/>
		<feat xlink:href="#sSpan1306" value="ⲉⲛⲉⲙⲡⲉ"/>
		<feat xlink:href="#sSpan1316" value="ⲡ"/>
		<feat xlink:href="#sSpan1321" value="ⲛⲟⲩⲃ"/>
		<feat xlink:href="#sSpan1327" value="ϣⲱⲡⲉ"/>
		<feat xlink:href="#sSpan1332" value="ⲁⲩⲱ"/>
		<feat xlink:href="#sSpan1336" value="ⲛⲉⲩⲛⲁϯ"/>
		<feat xlink:href="#sSpan1350" value="ⲡⲇⲓⲕⲁⲓⲟⲥ"/>
		<feat xlink:href="#sSpan1359" value="ⲉⲃⲟⲗ"/>
		<feat xlink:href="#sSpan1363" value="ⲁⲛ"/>
		<feat xlink:href="#sSpan1370" value="ϩⲁⲟⲩϩⲁⲧ"/>
		<feat xlink:href="#sSpan1379" value="ⲁⲩⲱ"/>
		<feat xlink:href="#sSpan1392" value="ⲧ"/>
		<feat xlink:href="#sSpan1397" value="----"/>
		<feat xlink:href="#sSpan1406" value="----"/>
		<feat xlink:href="#sSpan1413" value="----"/>
		<feat xlink:href="#sSpan1419" value="----"/>
		<feat xlink:href="#sSpan1425" value="----"/>
		<feat xlink:href="#sSpan1431" value="----"/>
		<feat xlink:href="#sSpan1437" value="----"/>
		<feat xlink:href="#sSpan1443" value="----"/></featList></paula>