<?xml version='1.0' encoding='UTF-8'?><!DOCTYPE paula SYSTEM "paula_feat.dtd">
<paula version="1.1">
	<header paula_id="scriptorium.GL29-30_par_XJ33-34.mark_text"/>
	<featList xmlns:xlink="http://www.w3.org/1999/xlink" type="text" xml:base="scriptorium.GL29-30_par_XJ33-34.mark.xml">
		<feat xlink:href="#sSpan7" value="ⲭⲣⲓⲥⲧⲟⲥ"/>
		<feat xlink:href="#sSpan19" value="ϩⲉⲛ ⲡⲣⲟⲇⲟⲧⲏⲥ ϩⲱ ⲟⲩ"/>
		<feat xlink:href="#sSpan38" value="ⲛ ⲣⲉϥϫⲓⲟⲩⲉ"/>
		<feat xlink:href="#sSpan53" value="ⲛ ⲁⲡⲟⲥⲧⲁⲧⲏⲥ"/>
		<feat xlink:href="#sSpan68" value="ⲛ ⲉⲧ ⲉⲓⲣⲉ ⲛ ⲛⲉⲓ ϩⲃⲏⲩⲉ ⲉⲧ ⲙⲙⲁⲩ"/>
		<feat xlink:href="#sSpan81" value="ⲛⲉⲓ ϩⲃⲏⲩⲉ ⲉⲧ ⲙⲙⲁⲩ"/>
		<feat xlink:href="#sSpan103" value="ⲛ ⲃⲟⲧⲉ ϩⲛ ⲛ ⲧⲟⲡⲟⲥ ⲉⲧ ⲟⲩⲁⲁⲃ"/>
		<feat xlink:href="#sSpan115" value="ⲛ ⲧⲟⲡⲟⲥ ⲉⲧ ⲟⲩⲁⲁⲃ"/>
		<feat xlink:href="#sSpan144" value="ⲡ ϩⲱⲃ ⲛ ⲟⲩ ⲁϣⲏ ⲛ ϩⲏⲃⲥ"/>
		<feat xlink:href="#sSpan157" value="ⲁϣⲏ ⲛ ϩⲏⲃⲥ"/>
		<feat xlink:href="#sSpan187" value="ⲛ ⲗⲩⲭⲛⲓⲁ"/>
		<feat xlink:href="#sSpan294" value="ⲡⲁ ⲛ ⲣⲱⲙⲉ ϩⲱⲱ ϥ ⲉⲧ ⲟⲩⲁⲁⲃ ⲁⲩⲱ ⲙ ⲡⲓⲥⲧⲟⲥ ⲉⲧ ⲟⲩⲏϩ ⲛϩⲏⲧ ϥ"/>
		<feat xlink:href="#sSpan299" value="ⲛ ⲣⲱⲙⲉ ϩⲱⲱ ϥ ⲉⲧ ⲟⲩⲁⲁⲃ ⲁⲩⲱ ⲙ ⲡⲓⲥⲧⲟⲥ ⲉⲧ ⲟⲩⲏϩ ⲛϩⲏⲧ ϥ"/>
		<feat xlink:href="#sSpan356" value="ⲛⲉⲩ ϩⲃⲏⲩⲉ ⲉⲧ ⲛⲁⲛⲟⲩ ⲟⲩ"/>
		<feat xlink:href="#sSpan396" value="ⲛ ⲧⲟⲡⲟⲥ ⲉⲧ ⲟⲩⲁⲁⲃ"/>
		<feat xlink:href="#sSpan419" value="ⲟⲩ ⲣⲱⲙⲉ ⲉ ϥ ⲣϣⲁⲩ ⲛⲁ ϥ ⲁⲛ"/>
		<feat xlink:href="#sSpan526" value="ⲟⲩ ⲡⲣⲁⲝⲓⲥ ⲛ ⲁⲛⲁⲅⲕⲁⲓⲟⲛ"/>
		<feat xlink:href="#sSpan554" value="ⲟⲩ ⲣⲁⲛ ⲉ ϥ ⲧⲁⲉⲓⲏⲩ"/>
		<feat xlink:href="#sSpan589" value="ⲓⲟⲩⲇⲁⲥ"/>
		<feat xlink:href="#sSpan684" value="ⲡ ⲁⲡⲟⲥⲧⲁⲧⲏⲥ ⲉⲧ ⲙⲙⲁⲩ"/>
		<feat xlink:href="#sSpan706" value="ⲡ ϫⲟⲉⲓⲥ"/>
		<feat xlink:href="#sSpan738" value="ⲡ ⲣⲱⲙⲉ"/>
		<feat xlink:href="#sSpan755" value="ⲡ ⲕⲟⲥⲙⲟⲥ ⲧⲏⲣ ϥ"/>
		<feat xlink:href="#sSpan782" value="ⲧⲉϥ ⲯⲩⲭⲏ"/>
		<feat xlink:href="#sSpan801" value="ⲡ ⲉⲧ ϥ ⲛⲁ ⲧⲁⲁ ϥ ⲛ ϣⲃⲃⲓⲱ ⲛ ⲧⲉϥ ⲯⲩⲭⲏ"/>
		<feat xlink:href="#sSpan822" value="ϣⲃⲃⲓⲱ ⲛ ⲧⲉϥ ⲯⲩⲭⲏ"/>
		<feat xlink:href="#sSpan832" value="ⲧⲉϥ ⲯⲩⲭⲏ"/>
		<feat xlink:href="#sSpan872" value="ⲟⲩⲁ · ⲉⲃⲟⲗ ⲛϩⲏⲧ ⲧⲏⲩⲧⲛ"/>
		<feat xlink:href="#sSpan988" value="ⲙⲁⲁⲃ ⲛ ϩⲁⲧ"/>
		<feat xlink:href="#sSpan1079" value="ⲩ ϭⲟⲣϭⲥ ⲛⲧⲉ ⲡ ⲇⲓⲁⲃⲟⲗⲟⲥ"/>
		<feat xlink:href="#sSpan1089" value="ⲡ ⲇⲓⲁⲃⲟⲗⲟⲥ"/>
		<feat xlink:href="#sSpan1107" value="ⲭⲣⲏⲙⲁ"/>
		<feat xlink:href="#sSpan1136" value="ⲡ ⲛⲟⲩⲃ"/>
		<feat xlink:href="#sSpan1182" value="ⲡ ⲣⲱϣⲉ ϩⲙ ⲡ ⲧⲣⲉ ⲡ ⲛⲟⲩⲧⲉ ⲧⲁⲁ ϥ ⲛⲁ ⲛ"/>
		<feat xlink:href="#sSpan1192" value="ⲡ ⲧⲣⲉ ⲡ ⲛⲟⲩⲧⲉ ⲧⲁⲁ ϥ ⲛⲁ ⲛ"/>
		<feat xlink:href="#sSpan1199" value="ⲡ ⲛⲟⲩⲧⲉ"/>
		<feat xlink:href="#sSpan1228" value="ⲟⲩ ⲭⲣⲉⲓⲁ"/>
		<feat xlink:href="#sSpan1246" value="ⲡ ϩⲁⲡ"/>
		<feat xlink:href="#sSpan1278" value="ⲟⲩ ⲁⲛⲟⲙⲓⲁ"/>
		<feat xlink:href="#sSpan1318" value="ⲡ ⲛⲟⲩⲃ"/>
		<feat xlink:href="#sSpan1349" value="ⲡ ⲇⲓⲕⲁⲓⲟⲥ"/>
		<feat xlink:href="#sSpan1374" value="ⲟⲩ ϩⲁⲧ"/></featList></paula>