<?xml version='1.0' encoding='UTF-8'?><!DOCTYPE paula SYSTEM "paula_feat.dtd">
<paula version="1.1">
	<header paula_id="scriptorium.GL29-30_par_XJ33-34.mark_pos"/>
	<featList xmlns:xlink="http://www.w3.org/1999/xlink" type="pos" xml:base="scriptorium.GL29-30_par_XJ33-34.mark.xml">
		<feat xlink:href="#sSpan5" value="N"/>
		<feat xlink:href="#sSpan14" value="ART"/>
		<feat xlink:href="#sSpan23" value="N"/>
		<feat xlink:href="#sSpan25" value="IMOD"/>
		<feat xlink:href="#sSpan30" value="PPERO"/>
		<feat xlink:href="#sSpan32" value="PUNCT"/>
		<feat xlink:href="#sSpan36" value="ART"/>
		<feat xlink:href="#sSpan43" value="N"/>
		<feat xlink:href="#sSpan47" value="CONJ"/>
		<feat xlink:href="#sSpan51" value="ART"/>
		<feat xlink:href="#sSpan57" value="N"/>
		<feat xlink:href="#sSpan60" value="COP"/>
		<feat xlink:href="#sSpan64" value="ART"/>
		<feat xlink:href="#sSpan69" value="CREL"/>
		<feat xlink:href="#sSpan71" value="V"/>
		<feat xlink:href="#sSpan75" value="PREP"/>
		<feat xlink:href="#sSpan79" value="PDEM"/>
		<feat xlink:href="#sSpan82" value="N"/>
		<feat xlink:href="#sSpan84" value="CREL"/>
		<feat xlink:href="#sSpan92" value="ADV"/>
		<feat xlink:href="#sSpan94" value="PUNCT"/>
		<feat xlink:href="#sSpan98" value="ART"/>
		<feat xlink:href="#sSpan104" value="N"/>
		<feat xlink:href="#sSpan106" value="PREP"/>
		<feat xlink:href="#sSpan113" value="ART"/>
		<feat xlink:href="#sSpan117" value="N"/>
		<feat xlink:href="#sSpan119" value="CREL"/>
		<feat xlink:href="#sSpan123" value="VSTAT"/>
		<feat xlink:href="#sSpan129" value="PINT"/>
		<feat xlink:href="#sSpan136" value="COP"/>
		<feat xlink:href="#sSpan140" value="ART"/>
		<feat xlink:href="#sSpan145" value="N"/>
		<feat xlink:href="#sSpan147" value="PREP"/>
		<feat xlink:href="#sSpan151" value="ART"/>
		<feat xlink:href="#sSpan155" value="N"/>
		<feat xlink:href="#sSpan159" value="PREP"/>
		<feat xlink:href="#sSpan163" value="N"/>
		<feat xlink:href="#sSpan165" value="PUNCT"/>
		<feat xlink:href="#sSpan169" value="CCIRC"/>
		<feat xlink:href="#sSpan174" value="PPERS"/>
		<feat xlink:href="#sSpan176" value="VSTAT"/>
		<feat xlink:href="#sSpan181" value="PREP"/>
		<feat xlink:href="#sSpan185" value="ART"/>
		<feat xlink:href="#sSpan189" value="N"/>
		<feat xlink:href="#sSpan194" value="NEG"/>
		<feat xlink:href="#sSpan198" value="PPERS"/>
		<feat xlink:href="#sSpan200" value="V"/>
		<feat xlink:href="#sSpan202" value="NEG"/>
		<feat xlink:href="#sSpan206" value="CONJ"/>
		<feat xlink:href="#sSpan213" value="VBD"/>
		<feat xlink:href="#sSpan215" value="PPERS"/>
		<feat xlink:href="#sSpan217" value="NEG"/>
		<feat xlink:href="#sSpan222" value="UNKNOWN"/>
		<feat xlink:href="#sSpan232" value="UNKNOWN"/>
		<feat xlink:href="#sSpan238" value="UNKNOWN"/>
		<feat xlink:href="#sSpan244" value="UNKNOWN"/>
		<feat xlink:href="#sSpan250" value="UNKNOWN"/>
		<feat xlink:href="#sSpan256" value="UNKNOWN"/>
		<feat xlink:href="#sSpan262" value="UNKNOWN"/>
		<feat xlink:href="#sSpan268" value="UNKNOWN"/>
		<feat xlink:href="#sSpan274" value="UNKNOWN"/>
		<feat xlink:href="#sSpan279" value="UNKNOWN"/>
		<feat xlink:href="#sSpan286" value="PUNCT"/>
		<feat xlink:href="#sSpan290" value="PPOS"/>
		<feat xlink:href="#sSpan297" value="ART"/>
		<feat xlink:href="#sSpan300" value="N"/>
		<feat xlink:href="#sSpan303" value="IMOD"/>
		<feat xlink:href="#sSpan308" value="PPERO"/>
		<feat xlink:href="#sSpan310" value="CREL"/>
		<feat xlink:href="#sSpan314" value="VSTAT"/>
		<feat xlink:href="#sSpan316" value="CONJ"/>
		<feat xlink:href="#sSpan321" value="PREP"/>
		<feat xlink:href="#sSpan326" value="N"/>
		<feat xlink:href="#sSpan328" value="CREL"/>
		<feat xlink:href="#sSpan333" value="VSTAT"/>
		<feat xlink:href="#sSpan335" value="PREP"/>
		<feat xlink:href="#sSpan337" value="PPERO"/>
		<feat xlink:href="#sSpan339" value="ART"/>
		<feat xlink:href="#sSpan344" value="ACAUS"/>
		<feat xlink:href="#sSpan346" value="PPERS"/>
		<feat xlink:href="#sSpan348" value="V"/>
		<feat xlink:href="#sSpan350" value="PREP"/>
		<feat xlink:href="#sSpan354" value="PPOS"/>
		<feat xlink:href="#sSpan357" value="N"/>
		<feat xlink:href="#sSpan360" value="CREL"/>
		<feat xlink:href="#sSpan364" value="VBD"/>
		<feat xlink:href="#sSpan366" value="PPERS"/>
		<feat xlink:href="#sSpan369" value="PUNCT"/>
		<feat xlink:href="#sSpan373" value="CONJ"/>
		<feat xlink:href="#sSpan378" value="CREL"/>
		<feat xlink:href="#sSpan383" value="V"/>
		<feat xlink:href="#sSpan390" value="PREP"/>
		<feat xlink:href="#sSpan394" value="ART"/>
		<feat xlink:href="#sSpan398" value="N"/>
		<feat xlink:href="#sSpan400" value="CREL"/>
		<feat xlink:href="#sSpan407" value="VSTAT"/>
		<feat xlink:href="#sSpan409" value="PUNCT"/>
		<feat xlink:href="#sSpan414" value="ART"/>
		<feat xlink:href="#sSpan422" value="N"/>
		<feat xlink:href="#sSpan424" value="CCIRC"/>
		<feat xlink:href="#sSpan428" value="PPERS"/>
		<feat xlink:href="#sSpan431" value="V"/>
		<feat xlink:href="#sSpan434" value="PREP"/>
		<feat xlink:href="#sSpan439" value="PPERO"/>
		<feat xlink:href="#sSpan441" value="NEG"/>
		<feat xlink:href="#sSpan445" value="PUNCT"/>
		<feat xlink:href="#sSpan449" value="CONJ"/>
		<feat xlink:href="#sSpan454" value="ACONJ"/>
		<feat xlink:href="#sSpan459" value="PPERS"/>
		<feat xlink:href="#sSpan462" value="V"/>
		<feat xlink:href="#sSpan465" value="NEG"/>
		<feat xlink:href="#sSpan469" value="PREP"/>
		<feat xlink:href="#sSpan473" value="PPERO"/>
		<feat xlink:href="#sSpan475" value="IMOD"/>
		<feat xlink:href="#sSpan480" value="PPERO"/>
		<feat xlink:href="#sSpan482" value="PUNCT"/>
		<feat xlink:href="#sSpan486" value="PREP"/>
		<feat xlink:href="#sSpan492" value="PINT"/>
		<feat xlink:href="#sSpan494" value="PREP"/>
		<feat xlink:href="#sSpan498" value="N"/>
		<feat xlink:href="#sSpan501" value="CCIRC"/>
		<feat xlink:href="#sSpan505" value="PPERS"/>
		<feat xlink:href="#sSpan507" value="FUT"/>
		<feat xlink:href="#sSpan510" value="V"/>
		<feat xlink:href="#sSpan514" value="PUNCT"/>
		<feat xlink:href="#sSpan518" value="PREP"/>
		<feat xlink:href="#sSpan524" value="ART"/>
		<feat xlink:href="#sSpan528" value="N"/>
		<feat xlink:href="#sSpan530" value="PREP"/>
		<feat xlink:href="#sSpan536" value="N"/>
		<feat xlink:href="#sSpan539" value="CONJ"/>
		<feat xlink:href="#sSpan544" value="CCIRC"/>
		<feat xlink:href="#sSpan550" value="EXIST"/>
		<feat xlink:href="#sSpan552" value="ART"/>
		<feat xlink:href="#sSpan555" value="N"/>
		<feat xlink:href="#sSpan557" value="CCIRC"/>
		<feat xlink:href="#sSpan561" value="PPERS"/>
		<feat xlink:href="#sSpan563" value="VSTAT"/>
		<feat xlink:href="#sSpan568" value="FUT"/>
		<feat xlink:href="#sSpan573" value="V"/>
		<feat xlink:href="#sSpan576" value="PREP"/>
		<feat xlink:href="#sSpan583" value="PPERO"/>
		<feat xlink:href="#sSpan587" value="NPROP"/>
		<feat xlink:href="#sSpan595" value="ANEGPST"/>
		<feat xlink:href="#sSpan599" value="PPERS"/>
		<feat xlink:href="#sSpan602" value="V"/>
		<feat xlink:href="#sSpan608" value="PREP"/>
		<feat xlink:href="#sSpan612" value="PPERO"/>
		<feat xlink:href="#sSpan614" value="IMOD"/>
		<feat xlink:href="#sSpan619" value="UNKNOWN"/>
		<feat xlink:href="#sSpan629" value="UNKNOWN"/>
		<feat xlink:href="#sSpan635" value="UNKNOWN"/>
		<feat xlink:href="#sSpan641" value="UNKNOWN"/>
		<feat xlink:href="#sSpan647" value="UNKNOWN"/>
		<feat xlink:href="#sSpan653" value="UNKNOWN"/>
		<feat xlink:href="#sSpan659" value="UNKNOWN"/>
		<feat xlink:href="#sSpan665" value="UNKNOWN"/>
		<feat xlink:href="#sSpan671" value="PTC"/>
		<feat xlink:href="#sSpan680" value="ART"/>
		<feat xlink:href="#sSpan686" value="N"/>
		<feat xlink:href="#sSpan689" value="CREL"/>
		<feat xlink:href="#sSpan693" value="ADV"/>
		<feat xlink:href="#sSpan695" value="PUNCT"/>
		<feat xlink:href="#sSpan699" value="PREP"/>
		<feat xlink:href="#sSpan704" value="ART"/>
		<feat xlink:href="#sSpan708" value="N"/>
		<feat xlink:href="#sSpan710" value="CCIRC"/>
		<feat xlink:href="#sSpan714" value="PPERS"/>
		<feat xlink:href="#sSpan716" value="V"/>
		<feat xlink:href="#sSpan718" value="PREP"/>
		<feat xlink:href="#sSpan723" value="PPERO"/>
		<feat xlink:href="#sSpan725" value="PUNCT"/>
		<feat xlink:href="#sSpan729" value="CONJ"/>
		<feat xlink:href="#sSpan734" value="ACOND"/>
		<feat xlink:href="#sSpan736" value="ART"/>
		<feat xlink:href="#sSpan740" value="N"/>
		<feat xlink:href="#sSpan743" value="V"/>
		<feat xlink:href="#sSpan748" value="PREP"/>
		<feat xlink:href="#sSpan753" value="ART"/>
		<feat xlink:href="#sSpan757" value="N"/>
		<feat xlink:href="#sSpan759" value="IMOD"/>
		<feat xlink:href="#sSpan764" value="PPERO"/>
		<feat xlink:href="#sSpan766" value="ACONJ"/>
		<feat xlink:href="#sSpan770" value="PPERS"/>
		<feat xlink:href="#sSpan773" value="V"/>
		<feat xlink:href="#sSpan776" value="PREP"/>
		<feat xlink:href="#sSpan780" value="PPOS"/>
		<feat xlink:href="#sSpan784" value="N"/>
		<feat xlink:href="#sSpan787" value="PUNCT"/>
		<feat xlink:href="#sSpan791" value="PINT"/>
		<feat xlink:href="#sSpan797" value="COP"/>
		<feat xlink:href="#sSpan804" value="CREL"/>
		<feat xlink:href="#sSpan807" value="PPERS"/>
		<feat xlink:href="#sSpan809" value="FUT"/>
		<feat xlink:href="#sSpan812" value="V"/>
		<feat xlink:href="#sSpan814" value="PPERO"/>
		<feat xlink:href="#sSpan816" value="PREP"/>
		<feat xlink:href="#sSpan820" value="N"/>
		<feat xlink:href="#sSpan826" value="PREP"/>
		<feat xlink:href="#sSpan830" value="PPOS"/>
		<feat xlink:href="#sSpan834" value="N"/>
		<feat xlink:href="#sSpan838" value="CONJ"/>
		<feat xlink:href="#sSpan843" value="APST"/>
		<feat xlink:href="#sSpan847" value="PPERS"/>
		<feat xlink:href="#sSpan849" value="V"/>
		<feat xlink:href="#sSpan851" value="ADV"/>
		<feat xlink:href="#sSpan856" value="PREP"/>
		<feat xlink:href="#sSpan860" value="PPERO"/>
		<feat xlink:href="#sSpan862" value="PUNCT"/>
		<feat xlink:href="#sSpan866" value="CONJ"/>
		<feat xlink:href="#sSpan870" value="NUM"/>
		<feat xlink:href="#sSpan873" value="PUNCT"/>
		<feat xlink:href="#sSpan877" value="ADV"/>
		<feat xlink:href="#sSpan882" value="PREP"/>
		<feat xlink:href="#sSpan886" value="PPERO"/>
		<feat xlink:href="#sSpan888" value="COP"/>
		<feat xlink:href="#sSpan893" value="CREL"/>
		<feat xlink:href="#sSpan895" value="FUT"/>
		<feat xlink:href="#sSpan898" value="V"/>
		<feat xlink:href="#sSpan901" value="PREP"/>
		<feat xlink:href="#sSpan905" value="PPERO"/>
		<feat xlink:href="#sSpan907" value="PUNCT"/>
		<feat xlink:href="#sSpan911" value="CONJ"/>
		<feat xlink:href="#sSpan916" value="ANEGPST"/>
		<feat xlink:href="#sSpan921" value="PPERS"/>
		<feat xlink:href="#sSpan925" value="V"/>
		<feat xlink:href="#sSpan928" value="CONJ"/>
		<feat xlink:href="#sSpan933" value="ANEGPST"/>
		<feat xlink:href="#sSpan940" value="PPERS"/>
		<feat xlink:href="#sSpan943" value="V"/>
		<feat xlink:href="#sSpan945" value="N"/>
		<feat xlink:href="#sSpan947" value="PPERO"/>
		<feat xlink:href="#sSpan950" value="PREP"/>
		<feat xlink:href="#sSpan956" value="PPERO"/>
		<feat xlink:href="#sSpan958" value="IMOD"/>
		<feat xlink:href="#sSpan963" value="PPERO"/>
		<feat xlink:href="#sSpan965" value="APST"/>
		<feat xlink:href="#sSpan971" value="PPERS"/>
		<feat xlink:href="#sSpan973" value="V"/>
		<feat xlink:href="#sSpan975" value="PPERO"/>
		<feat xlink:href="#sSpan977" value="PREP"/>
		<feat xlink:href="#sSpan984" value="NUM"/>
		<feat xlink:href="#sSpan989" value="PREP"/>
		<feat xlink:href="#sSpan993" value="N"/>
		<feat xlink:href="#sSpan995" value="UNKNOWN"/>
		<feat xlink:href="#sSpan1004" value="UNKNOWN"/>
		<feat xlink:href="#sSpan1011" value="UNKNOWN"/>
		<feat xlink:href="#sSpan1017" value="UNKNOWN"/>
		<feat xlink:href="#sSpan1023" value="UNKNOWN"/>
		<feat xlink:href="#sSpan1029" value="UNKNOWN"/>
		<feat xlink:href="#sSpan1035" value="UNKNOWN"/>
		<feat xlink:href="#sSpan1041" value="UNKNOWN"/>
		<feat xlink:href="#sSpan1047" value="UNKNOWN"/>
		<feat xlink:href="#sSpan1052" value="V"/>
		<feat xlink:href="#sSpan1060" value="PPERO"/>
		<feat xlink:href="#sSpan1062" value="IMOD"/>
		<feat xlink:href="#sSpan1066" value="PPERO"/>
		<feat xlink:href="#sSpan1068" value="ADV"/>
		<feat xlink:href="#sSpan1073" value="PREP"/>
		<feat xlink:href="#sSpan1077" value="ART"/>
		<feat xlink:href="#sSpan1080" value="N"/>
		<feat xlink:href="#sSpan1082" value="PREP"/>
		<feat xlink:href="#sSpan1087" value="ART"/>
		<feat xlink:href="#sSpan1091" value="N"/>
		<feat xlink:href="#sSpan1093" value="PUNCT"/>
		<feat xlink:href="#sSpan1097" value="PREP"/>
		<feat xlink:href="#sSpan1105" value="N"/>
		<feat xlink:href="#sSpan1111" value="CONJ"/>
		<feat xlink:href="#sSpan1116" value="ADV"/>
		<feat xlink:href="#sSpan1120" value="PUNCT"/>
		<feat xlink:href="#sSpan1124" value="CCIRC"/>
		<feat xlink:href="#sSpan1129" value="CPRET"/>
		<feat xlink:href="#sSpan1132" value="ANEGPST"/>
		<feat xlink:href="#sSpan1134" value="ART"/>
		<feat xlink:href="#sSpan1139" value="N"/>
		<feat xlink:href="#sSpan1141" value="V"/>
		<feat xlink:href="#sSpan1147" value="ADV"/>
		<feat xlink:href="#sSpan1152" value="ADV"/>
		<feat xlink:href="#sSpan1157" value="PPERS"/>
		<feat xlink:href="#sSpan1161" value="V"/>
		<feat xlink:href="#sSpan1163" value="PREP"/>
		<feat xlink:href="#sSpan1167" value="PPERO"/>
		<feat xlink:href="#sSpan1169" value="PREP"/>
		<feat xlink:href="#sSpan1174" value="PPERO"/>
		<feat xlink:href="#sSpan1176" value="PREP"/>
		<feat xlink:href="#sSpan1180" value="ART"/>
		<feat xlink:href="#sSpan1183" value="N"/>
		<feat xlink:href="#sSpan1185" value="PREP"/>
		<feat xlink:href="#sSpan1190" value="ART"/>
		<feat xlink:href="#sSpan1193" value="ACAUS"/>
		<feat xlink:href="#sSpan1195" value="ART"/>
		<feat xlink:href="#sSpan1200" value="N"/>
		<feat xlink:href="#sSpan1204" value="V"/>
		<feat xlink:href="#sSpan1209" value="PPERO"/>
		<feat xlink:href="#sSpan1211" value="PREP"/>
		<feat xlink:href="#sSpan1215" value="PPERO"/>
		<feat xlink:href="#sSpan1217" value="PUNCT"/>
		<feat xlink:href="#sSpan1221" value="PREP"/>
		<feat xlink:href="#sSpan1226" value="ART"/>
		<feat xlink:href="#sSpan1230" value="N"/>
		<feat xlink:href="#sSpan1233" value="PUNCT"/>
		<feat xlink:href="#sSpan1237" value="CCIRC"/>
		<feat xlink:href="#sSpan1242" value="V"/>
		<feat xlink:href="#sSpan1244" value="ART"/>
		<feat xlink:href="#sSpan1251" value="N"/>
		<feat xlink:href="#sSpan1254" value="PTC"/>
		<feat xlink:href="#sSpan1259" value="ADV"/>
		<feat xlink:href="#sSpan1265" value="PREP"/>
		<feat xlink:href="#sSpan1270" value="PPERO"/>
		<feat xlink:href="#sSpan1272" value="PUNCT"/>
		<feat xlink:href="#sSpan1276" value="ART"/>
		<feat xlink:href="#sSpan1285" value="N"/>
		<feat xlink:href="#sSpan1287" value="COP"/>
		<feat xlink:href="#sSpan1292" value="PUNCT"/>
		<feat xlink:href="#sSpan1296" value="CONJ"/>
		<feat xlink:href="#sSpan1304" value="CCIRC"/>
		<feat xlink:href="#sSpan1308" value="CPRET"/>
		<feat xlink:href="#sSpan1311" value="ANEGPST"/>
		<feat xlink:href="#sSpan1314" value="ART"/>
		<feat xlink:href="#sSpan1319" value="N"/>
		<feat xlink:href="#sSpan1325" value="V"/>
		<feat xlink:href="#sSpan1330" value="CONJ"/>
		<feat xlink:href="#sSpan1334" value="CPRET"/>
		<feat xlink:href="#sSpan1340" value="PPERS"/>
		<feat xlink:href="#sSpan1342" value="FUT"/>
		<feat xlink:href="#sSpan1344" value="V"/>
		<feat xlink:href="#sSpan1347" value="ART"/>
		<feat xlink:href="#sSpan1353" value="N"/>
		<feat xlink:href="#sSpan1357" value="ADV"/>
		<feat xlink:href="#sSpan1361" value="NEG"/>
		<feat xlink:href="#sSpan1366" value="PREP"/>
		<feat xlink:href="#sSpan1372" value="ART"/>
		<feat xlink:href="#sSpan1375" value="N"/>
		<feat xlink:href="#sSpan1377" value="CONJ"/>
		<feat xlink:href="#sSpan1390" value="UNKNOWN"/>
		<feat xlink:href="#sSpan1395" value="UNKNOWN"/>
		<feat xlink:href="#sSpan1404" value="UNKNOWN"/>
		<feat xlink:href="#sSpan1411" value="UNKNOWN"/>
		<feat xlink:href="#sSpan1417" value="UNKNOWN"/>
		<feat xlink:href="#sSpan1423" value="UNKNOWN"/>
		<feat xlink:href="#sSpan1429" value="UNKNOWN"/>
		<feat xlink:href="#sSpan1435" value="UNKNOWN"/>
		<feat xlink:href="#sSpan1441" value="UNKNOWN"/></featList></paula>