<?xml version='1.0' encoding='UTF-8'?><!DOCTYPE paula SYSTEM "paula_feat.dtd">
<paula version="1.1">
	<header paula_id="scriptorium.cross.michbr295-297.mark_new_sent"/>
	<featList xmlns:xlink="http://www.w3.org/1999/xlink" type="new_sent" xml:base="scriptorium.cross.michbr295-297.mark.xml">
		<feat xlink:href="#sSpan1" value="true"/>
		<feat xlink:href="#sSpan77" value="true"/>
		<feat xlink:href="#sSpan130" value="true"/>
		<feat xlink:href="#sSpan206" value="true"/>
		<feat xlink:href="#sSpan246" value="true"/>
		<feat xlink:href="#sSpan295" value="true"/>
		<feat xlink:href="#sSpan382" value="true"/>
		<feat xlink:href="#sSpan463" value="true"/>
		<feat xlink:href="#sSpan557" value="true"/>
		<feat xlink:href="#sSpan628" value="true"/>
		<feat xlink:href="#sSpan764" value="true"/>
		<feat xlink:href="#sSpan855" value="true"/>
		<feat xlink:href="#sSpan949" value="true"/>
		<feat xlink:href="#sSpan1027" value="true"/>
		<feat xlink:href="#sSpan1121" value="true"/>
		<feat xlink:href="#sSpan1265" value="true"/>
		<feat xlink:href="#sSpan1347" value="true"/>
		<feat xlink:href="#sSpan1475" value="true"/>
		<feat xlink:href="#sSpan1588" value="true"/>
		<feat xlink:href="#sSpan1673" value="true"/>
		<feat xlink:href="#sSpan1753" value="true"/>
		<feat xlink:href="#sSpan1872" value="true"/>
		<feat xlink:href="#sSpan1974" value="true"/>
		<feat xlink:href="#sSpan2084" value="true"/>
		<feat xlink:href="#sSpan2179" value="true"/>
		<feat xlink:href="#sSpan2277" value="true"/>
		<feat xlink:href="#sSpan2380" value="true"/></featList></paula>