<?xml version="1.0" encoding="UTF-8" standalone="no"?>

<!DOCTYPE paula SYSTEM "paula_mark.dtd">
<paula version="1.0">

<header paula_id="sahidica.nt.1_Corinthians_14_posSeg"/>

<markList xmlns:xlink="http://www.w3.org/1999/xlink" type="posSeg" xml:base="sahidica.nt.1_Corinthians_14.tok.xml">
<mark id="pos_1" xlink:href="#tok_1"/><!-- ⲡⲱⲧ -->
<mark id="pos_2" xlink:href="#tok_2"/><!-- ⲛⲥⲁ -->
<mark id="pos_3" xlink:href="#tok_3"/><!-- ⲧ -->
<mark id="pos_4" xlink:href="#tok_4"/><!-- ⲁⲅⲁⲡⲏ -->
<mark id="pos_5" xlink:href="#tok_5"/><!-- . -->
<mark id="pos_6" xlink:href="#tok_6"/><!-- ⲕⲱϩ -->
<mark id="pos_7" xlink:href="#tok_7"/><!-- ⲇⲉ -->
<mark id="pos_8" xlink:href="#tok_8"/><!-- ⲉⲛⲉ -->
<mark id="pos_9" xlink:href="#tok_9"/><!-- ⲡⲛⲉⲩⲙⲁⲧⲓⲕⲟⲛ -->
<mark id="pos_10" xlink:href="#tok_10"/><!-- . -->
<mark id="pos_11" xlink:href="#tok_11"/><!-- ⲛϩⲟⲩⲟ -->
<mark id="pos_12" xlink:href="#tok_12"/><!-- ⲇⲉ -->
<mark id="pos_13" xlink:href="#tok_13"/><!-- ϫⲉ -->
<mark id="pos_14" xlink:href="#tok_14"/><!-- ⲉⲧⲉⲧⲛⲉⲡⲣⲟⲫⲏ -->
<mark id="pos_15" xlink:href="#tok_15"/><!-- ⲧⲉⲩⲉ -->
<mark id="pos_16" xlink:href="#tok_16"/><!-- . -->
<mark id="pos_17" xlink:href="#tok_17"/><!-- ⲡ -->
<mark id="pos_18" xlink:href="#tok_18"/><!-- ⲉⲧ -->
<mark id="pos_19" xlink:href="#tok_19"/><!-- ϣⲁϫⲉ -->
<mark id="pos_20" xlink:href="#tok_20"/><!-- ⲅⲁⲣ -->
<mark id="pos_21" xlink:href="#tok_21"/><!-- ϩⲛ -->
<mark id="pos_22" xlink:href="#tok_22"/><!-- ⲧ -->
<mark id="pos_23" xlink:href="#tok_23"/><!-- ⲁⲥⲡⲉ -->
<mark id="pos_24" xlink:href="#tok_24"/><!-- ⲉ -->
<mark id="pos_25" xlink:href="#tok_25"/><!-- ϥ -->
<mark id="pos_26" xlink:href="#tok_26"/><!-- ϣⲁϫⲉ -->
<mark id="pos_27" xlink:href="#tok_27"/><!-- ⲁⲛ -->
<mark id="pos_28" xlink:href="#tok_28"/><!-- ⲙⲛ -->
<mark id="pos_29" xlink:href="#tok_29"/><!-- ⲛ -->
<mark id="pos_30" xlink:href="#tok_30"/><!-- ⲣⲱⲙⲉ -->
<mark id="pos_31" xlink:href="#tok_31"/><!-- ⲁⲗⲗⲁ -->
<mark id="pos_32" xlink:href="#tok_32"/><!-- ⲙⲛ -->
<mark id="pos_33" xlink:href="#tok_33"/><!-- ⲡ -->
<mark id="pos_34" xlink:href="#tok_34"/><!-- ⲛⲟⲩⲧⲉ -->
<mark id="pos_35" xlink:href="#tok_35"/><!-- ⲙⲛ -->
<mark id="pos_36" xlink:href="#tok_36"/><!-- ⲗⲁⲁⲩ -->
<mark id="pos_37" xlink:href="#tok_37"/><!-- ⲅⲁⲣ -->
<mark id="pos_38" xlink:href="#tok_38"/><!-- ⲥⲱⲧⲙ -->
<mark id="pos_39" xlink:href="#tok_39"/><!-- ⲉⲣⲟ -->
<mark id="pos_40" xlink:href="#tok_40"/><!-- ϥ -->
<mark id="pos_41" xlink:href="#tok_41"/><!-- ϩⲛ -->
<mark id="pos_42" xlink:href="#tok_42"/><!-- ⲟⲩ -->
<mark id="pos_43" xlink:href="#tok_43"/><!-- ⲡⲛⲉⲩⲙⲁ -->
<mark id="pos_44" xlink:href="#tok_44"/><!-- ⲇⲉ -->
<mark id="pos_45" xlink:href="#tok_45"/><!-- ⲉ -->
<mark id="pos_46" xlink:href="#tok_46"/><!-- ϥ -->
<mark id="pos_47" xlink:href="#tok_47"/><!-- ϫⲱ -->
<mark id="pos_48" xlink:href="#tok_48"/><!-- ⲛ -->
<mark id="pos_49" xlink:href="#tok_49"/><!-- ϩⲉⲛ -->
<mark id="pos_50" xlink:href="#tok_50"/><!-- ⲙⲩⲥⲧⲏⲣⲓⲟⲛ -->
<mark id="pos_51" xlink:href="#tok_51"/><!-- . -->
<mark id="pos_52" xlink:href="#tok_52"/><!-- ⲡ -->
<mark id="pos_53" xlink:href="#tok_53"/><!-- ⲉⲧ -->
<mark id="pos_54" xlink:href="#tok_54"/><!-- ⲡⲣⲟⲫⲏⲧⲉⲩⲉ -->
<mark id="pos_55" xlink:href="#tok_55"/><!-- ⲇⲉ -->
<mark id="pos_56" xlink:href="#tok_56"/><!-- ⲉ -->
<mark id="pos_57" xlink:href="#tok_57"/><!-- ϥ -->
<mark id="pos_58" xlink:href="#tok_58"/><!-- ϣⲁϫⲉ -->
<mark id="pos_59" xlink:href="#tok_59"/><!-- ⲙⲛ -->
<mark id="pos_60" xlink:href="#tok_60"/><!-- ⲛ -->
<mark id="pos_61" xlink:href="#tok_61"/><!-- ⲣⲱⲙⲉ -->
<mark id="pos_62" xlink:href="#tok_62"/><!-- ⲛ -->
<mark id="pos_63" xlink:href="#tok_63"/><!-- ⲟⲩ -->
<mark id="pos_64" xlink:href="#tok_64"/><!-- ⲕⲱⲧ -->
<mark id="pos_65" xlink:href="#tok_65"/><!-- . -->
<mark id="pos_66" xlink:href="#tok_66"/><!-- ⲙⲛ -->
<mark id="pos_67" xlink:href="#tok_67"/><!-- ⲟⲩⲥⲟⲡⲥ -->
<mark id="pos_68" xlink:href="#tok_68"/><!-- ⲙⲛ -->
<mark id="pos_69" xlink:href="#tok_69"/><!-- ⲟⲩⲥⲟⲗⲥⲗ -->
<mark id="pos_70" xlink:href="#tok_70"/><!-- . -->
<mark id="pos_71" xlink:href="#tok_71"/><!-- ⲡ -->
<mark id="pos_72" xlink:href="#tok_72"/><!-- ⲉⲧ -->
<mark id="pos_73" xlink:href="#tok_73"/><!-- ϣⲁϫⲉ -->
<mark id="pos_74" xlink:href="#tok_74"/><!-- ϩⲛ -->
<mark id="pos_75" xlink:href="#tok_75"/><!-- ⲧ -->
<mark id="pos_76" xlink:href="#tok_76"/><!-- ⲁⲥⲡⲉ -->
<mark id="pos_77" xlink:href="#tok_77"/><!-- ⲉ -->
<mark id="pos_78" xlink:href="#tok_78"/><!-- ϥ -->
<mark id="pos_79" xlink:href="#tok_79"/><!-- ⲕⲱⲧ -->
<mark id="pos_80" xlink:href="#tok_80"/><!-- ⲙⲙⲟ -->
<mark id="pos_81" xlink:href="#tok_81"/><!-- ϥ -->
<mark id="pos_82" xlink:href="#tok_82"/><!-- ⲟⲩⲁⲁ -->
<mark id="pos_83" xlink:href="#tok_83"/><!-- ϥ -->
<mark id="pos_84" xlink:href="#tok_84"/><!-- . -->
<mark id="pos_85" xlink:href="#tok_85"/><!-- ⲡ -->
<mark id="pos_86" xlink:href="#tok_86"/><!-- ⲉⲧ -->
<mark id="pos_87" xlink:href="#tok_87"/><!-- ⲡⲣⲟⲫⲏⲧⲉⲩⲉ -->
<mark id="pos_88" xlink:href="#tok_88"/><!-- ⲇⲉ -->
<mark id="pos_89" xlink:href="#tok_89"/><!-- ⲉ -->
<mark id="pos_90" xlink:href="#tok_90"/><!-- ϥ -->
<mark id="pos_91" xlink:href="#tok_91"/><!-- ⲕⲱⲧ -->
<mark id="pos_92" xlink:href="#tok_92"/><!-- ⲛ -->
<mark id="pos_93" xlink:href="#tok_93"/><!-- ⲧ -->
<mark id="pos_94" xlink:href="#tok_94"/><!-- ⲉⲕⲕⲗⲏⲥⲓⲁ -->
<mark id="pos_95" xlink:href="#tok_95"/><!-- . -->
<mark id="pos_96" xlink:href="#tok_96"/><!-- ϯ -->
<mark id="pos_97" xlink:href="#tok_97"/><!-- ⲟⲩⲱϣ -->
<mark id="pos_98" xlink:href="#tok_98"/><!-- ⲇⲉ -->
<mark id="pos_99" xlink:href="#tok_99"/><!-- ⲉ -->
<mark id="pos_100" xlink:href="#tok_100"/><!-- ⲧⲣⲉ -->
<mark id="pos_101" xlink:href="#tok_101"/><!-- ⲧⲉⲧⲛ -->
<mark id="pos_102" xlink:href="#tok_102"/><!-- ϣⲁϫⲉ -->
<mark id="pos_103" xlink:href="#tok_103"/><!-- ⲧⲏⲣ -->
<mark id="pos_104" xlink:href="#tok_104"/><!-- ⲧⲛ -->
<mark id="pos_105" xlink:href="#tok_105"/><!-- ϩⲛ -->
<mark id="pos_106" xlink:href="#tok_106"/><!-- ⲛ -->
<mark id="pos_107" xlink:href="#tok_107"/><!-- ⲁⲥⲡⲉ -->
<mark id="pos_108" xlink:href="#tok_108"/><!-- ⲛϩⲟⲩⲟ -->
<mark id="pos_109" xlink:href="#tok_109"/><!-- ⲇⲉ -->
<mark id="pos_110" xlink:href="#tok_110"/><!-- ϫⲉ -->
<mark id="pos_111" xlink:href="#tok_111"/><!-- ⲉⲧⲉⲧⲛⲉⲡⲣⲟⲫⲏ -->
<mark id="pos_112" xlink:href="#tok_112"/><!-- ⲧⲉⲩⲉ -->
<mark id="pos_113" xlink:href="#tok_113"/><!-- ⲛⲁⲉ -->
<mark id="pos_114" xlink:href="#tok_114"/><!-- ⲡ -->
<mark id="pos_115" xlink:href="#tok_115"/><!-- ⲉⲧ -->
<mark id="pos_116" xlink:href="#tok_116"/><!-- ⲡⲣⲟⲫⲏⲧⲉⲩⲉ -->
<mark id="pos_117" xlink:href="#tok_117"/><!-- ⲇⲉ -->
<mark id="pos_118" xlink:href="#tok_118"/><!-- ⲉϩⲟⲩⲉ -->
<mark id="pos_119" xlink:href="#tok_119"/><!-- ⲡ -->
<mark id="pos_120" xlink:href="#tok_120"/><!-- ⲉⲧ -->
<mark id="pos_121" xlink:href="#tok_121"/><!-- ϣⲁϫⲉ -->
<mark id="pos_122" xlink:href="#tok_122"/><!-- ϩⲛ -->
<mark id="pos_123" xlink:href="#tok_123"/><!-- ⲛ -->
<mark id="pos_124" xlink:href="#tok_124"/><!-- ⲁⲥⲡⲉ -->
<mark id="pos_125" xlink:href="#tok_125"/><!-- ϩⲓⲃⲟⲗ -->
<mark id="pos_126" xlink:href="#tok_126"/><!-- ⲉϣϫⲉ -->
<mark id="pos_127" xlink:href="#tok_127"/><!-- ⲛϥⲛⲁⲃⲱⲗ -->
<mark id="pos_128" xlink:href="#tok_128"/><!-- ⲁⲛ -->
<mark id="pos_129" xlink:href="#tok_129"/><!-- ϫⲉ -->
<mark id="pos_130" xlink:href="#tok_130"/><!-- ⲉⲣⲉ -->
<mark id="pos_131" xlink:href="#tok_131"/><!-- ⲧ -->
<mark id="pos_132" xlink:href="#tok_132"/><!-- ⲉⲕⲕⲗⲏⲥⲓⲁ -->
<mark id="pos_133" xlink:href="#tok_133"/><!-- ϫⲓ -->
<mark id="pos_134" xlink:href="#tok_134"/><!-- ⲛ -->
<mark id="pos_135" xlink:href="#tok_135"/><!-- ⲟⲩ -->
<mark id="pos_136" xlink:href="#tok_136"/><!-- ⲕⲱⲧ -->
<mark id="pos_137" xlink:href="#tok_137"/><!-- . -->
<mark id="pos_138" xlink:href="#tok_138"/><!-- ⲧⲉⲛⲟⲩ -->
<mark id="pos_139" xlink:href="#tok_139"/><!-- ⲇⲉ -->
<mark id="pos_140" xlink:href="#tok_140"/><!-- ⲛⲁ -->
<mark id="pos_141" xlink:href="#tok_141"/><!-- ⲥⲛⲏⲩ -->
<mark id="pos_142" xlink:href="#tok_142"/><!-- ⲉⲓϣⲁⲛ -->
<mark id="pos_143" xlink:href="#tok_143"/><!-- ⲉⲓ -->
<mark id="pos_144" xlink:href="#tok_144"/><!-- ϣⲁⲣⲱ -->
<mark id="pos_145" xlink:href="#tok_145"/><!-- ⲧⲛ -->
<mark id="pos_146" xlink:href="#tok_146"/><!-- ⲉ -->
<mark id="pos_147" xlink:href="#tok_147"/><!-- ⲓ -->
<mark id="pos_148" xlink:href="#tok_148"/><!-- ϣⲁϫⲉ -->
<mark id="pos_149" xlink:href="#tok_149"/><!-- ϩⲛ -->
<mark id="pos_150" xlink:href="#tok_150"/><!-- ⲛ -->
<mark id="pos_151" xlink:href="#tok_151"/><!-- ⲁⲥⲡⲉ -->
<mark id="pos_152" xlink:href="#tok_152"/><!-- ⲉ -->
<mark id="pos_153" xlink:href="#tok_153"/><!-- ⲓ -->
<mark id="pos_154" xlink:href="#tok_154"/><!-- ⲛⲁ -->
<mark id="pos_155" xlink:href="#tok_155"/><!-- ϯ -->
<mark id="pos_156" xlink:href="#tok_156"/><!-- ϩⲏⲩ -->
<mark id="pos_157" xlink:href="#tok_157"/><!-- ⲙⲙⲱ -->
<mark id="pos_158" xlink:href="#tok_158"/><!-- ⲧⲛ -->
<mark id="pos_159" xlink:href="#tok_159"/><!-- ⲛⲟⲩ -->
<mark id="pos_160" xlink:href="#tok_160"/><!-- ⲉⲓϣⲁⲛ -->
<mark id="pos_161" xlink:href="#tok_161"/><!-- ⲧⲙ -->
<mark id="pos_162" xlink:href="#tok_162"/><!-- ϣⲁϫⲉ -->
<mark id="pos_163" xlink:href="#tok_163"/><!-- ⲛⲙⲙⲏ -->
<mark id="pos_164" xlink:href="#tok_164"/><!-- ⲧⲛ -->
<mark id="pos_165" xlink:href="#tok_165"/><!-- ⲏϩⲛ -->
<mark id="pos_166" xlink:href="#tok_166"/><!-- ⲟⲩ -->
<mark id="pos_167" xlink:href="#tok_167"/><!-- ϭⲱⲗⲡ -->
<mark id="pos_168" xlink:href="#tok_168"/><!-- ⲉⲃⲟⲗ -->
<mark id="pos_169" xlink:href="#tok_169"/><!-- ⲏϩⲛ -->
<mark id="pos_170" xlink:href="#tok_170"/><!-- ⲟⲩ -->
<mark id="pos_171" xlink:href="#tok_171"/><!-- ⲥⲟⲟⲩⲛ -->
<mark id="pos_172" xlink:href="#tok_172"/><!-- ⲏϩⲛ -->
<mark id="pos_173" xlink:href="#tok_173"/><!-- ⲟⲩ -->
<mark id="pos_174" xlink:href="#tok_174"/><!-- ⲡⲣⲟⲫⲏⲧⲓⲁ -->
<mark id="pos_175" xlink:href="#tok_175"/><!-- ⲏϩⲛ -->
<mark id="pos_176" xlink:href="#tok_176"/><!-- ⲟⲩ -->
<mark id="pos_177" xlink:href="#tok_177"/><!-- ⲥⲃⲱ -->
<mark id="pos_178" xlink:href="#tok_178"/><!-- . -->
<mark id="pos_179" xlink:href="#tok_179"/><!-- ⲉϣⲱⲡⲉ -->
<mark id="pos_180" xlink:href="#tok_180"/><!-- ⲣⲱ -->
<mark id="pos_181" xlink:href="#tok_181"/><!-- ⲛⲁⲯⲩⲭⲟⲛ -->
<mark id="pos_182" xlink:href="#tok_182"/><!-- ⲉ -->
<mark id="pos_183" xlink:href="#tok_183"/><!-- ⲩ -->
<mark id="pos_184" xlink:href="#tok_184"/><!-- ϯ -->
<mark id="pos_185" xlink:href="#tok_185"/><!-- ⲛ -->
<mark id="pos_186" xlink:href="#tok_186"/><!-- ⲧⲉⲩ -->
<mark id="pos_187" xlink:href="#tok_187"/><!-- ⲥⲙⲏ -->
<mark id="pos_188" xlink:href="#tok_188"/><!-- ⲉⲓⲧⲉ -->
<mark id="pos_189" xlink:href="#tok_189"/><!-- ⲟⲩⲥⲏⲃⲉ -->
<mark id="pos_190" xlink:href="#tok_190"/><!-- ⲛ -->
<mark id="pos_191" xlink:href="#tok_191"/><!-- ϫⲱ -->
<mark id="pos_192" xlink:href="#tok_192"/><!-- ⲉⲓⲧⲉ -->
<mark id="pos_193" xlink:href="#tok_193"/><!-- ⲟⲩⲕⲓⲑⲁⲣⲁ -->
<mark id="pos_194" xlink:href="#tok_194"/><!-- ⲉⲩϣⲁⲛ -->
<mark id="pos_195" xlink:href="#tok_195"/><!-- ⲧⲙ -->
<mark id="pos_196" xlink:href="#tok_196"/><!-- ϯ -->
<mark id="pos_197" xlink:href="#tok_197"/><!-- ⲛ -->
<mark id="pos_198" xlink:href="#tok_198"/><!-- ⲟⲩ -->
<mark id="pos_199" xlink:href="#tok_199"/><!-- ⲡⲱⲣϫ -->
<mark id="pos_200" xlink:href="#tok_200"/><!-- ⲛ -->
<mark id="pos_201" xlink:href="#tok_201"/><!-- ⲛⲉⲩ -->
<mark id="pos_202" xlink:href="#tok_202"/><!-- ϩⲣⲟⲟⲩ -->
<mark id="pos_203" xlink:href="#tok_203"/><!-- ⲛ -->
<mark id="pos_204" xlink:href="#tok_204"/><!-- ⲁϣ -->
<mark id="pos_205" xlink:href="#tok_205"/><!-- ⲛ -->
<mark id="pos_206" xlink:href="#tok_206"/><!-- ϩⲉ -->
<mark id="pos_207" xlink:href="#tok_207"/><!-- ⲥⲉ -->
<mark id="pos_208" xlink:href="#tok_208"/><!-- ⲛⲁ -->
<mark id="pos_209" xlink:href="#tok_209"/><!-- ⲉⲓⲙⲉ -->
<mark id="pos_210" xlink:href="#tok_210"/><!-- ⲉ -->
<mark id="pos_211" xlink:href="#tok_211"/><!-- ⲡ -->
<mark id="pos_212" xlink:href="#tok_212"/><!-- ϫⲱ -->
<mark id="pos_213" xlink:href="#tok_213"/><!-- ⲉⲧ -->
<mark id="pos_214" xlink:href="#tok_214"/><!-- ⲟⲩ -->
<mark id="pos_215" xlink:href="#tok_215"/><!-- ϫⲱ -->
<mark id="pos_216" xlink:href="#tok_216"/><!-- ⲙⲙⲟ -->
<mark id="pos_217" xlink:href="#tok_217"/><!-- ϥ -->
<mark id="pos_218" xlink:href="#tok_218"/><!-- ⲏⲡⲉⲧⲟⲩⲕⲓⲑⲁⲣⲓⲍⲉ -->
<mark id="pos_219" xlink:href="#tok_219"/><!-- ⲙⲙⲟ -->
<mark id="pos_220" xlink:href="#tok_220"/><!-- ϥ -->
<mark id="pos_221" xlink:href="#tok_221"/><!-- . -->
<mark id="pos_222" xlink:href="#tok_222"/><!-- ⲕⲁⲓⲅⲁⲣ -->
<mark id="pos_223" xlink:href="#tok_223"/><!-- ⲉⲣϣⲁⲛ -->
<mark id="pos_224" xlink:href="#tok_224"/><!-- ⲟⲩ -->
<mark id="pos_225" xlink:href="#tok_225"/><!-- ⲥⲁⲗⲡⲓⲅⲝ -->
<mark id="pos_226" xlink:href="#tok_226"/><!-- ϯⲛⲟⲩϩⲣⲟⲟⲩ -->
<mark id="pos_227" xlink:href="#tok_227"/><!-- ⲉ -->
<mark id="pos_228" xlink:href="#tok_228"/><!-- ϥ -->
<mark id="pos_229" xlink:href="#tok_229"/><!-- ⲟⲩⲟⲛϩ -->
<mark id="pos_230" xlink:href="#tok_230"/><!-- ⲉⲃⲟⲗ -->
<mark id="pos_231" xlink:href="#tok_231"/><!-- ⲁⲛ -->
<mark id="pos_232" xlink:href="#tok_232"/><!-- ⲛⲓⲙ -->
<mark id="pos_233" xlink:href="#tok_233"/><!-- ⲡⲉⲧⲛⲁⲥⲃⲧⲱⲧϥ -->
<mark id="pos_234" xlink:href="#tok_234"/><!-- ⲉ -->
<mark id="pos_235" xlink:href="#tok_235"/><!-- ⲡ -->
<mark id="pos_236" xlink:href="#tok_236"/><!-- ⲡⲟⲗⲉⲙⲟⲥ -->
<mark id="pos_237" xlink:href="#tok_237"/><!-- . -->
<mark id="pos_238" xlink:href="#tok_238"/><!-- ⲧⲁⲓ -->
<mark id="pos_239" xlink:href="#tok_239"/><!-- ⲧⲉ -->
<mark id="pos_240" xlink:href="#tok_240"/><!-- ⲧ -->
<mark id="pos_241" xlink:href="#tok_241"/><!-- ϩⲉ -->
<mark id="pos_242" xlink:href="#tok_242"/><!-- ϩⲱⲧ -->
<mark id="pos_243" xlink:href="#tok_243"/><!-- ⲧⲏⲩⲧⲛ -->
<mark id="pos_244" xlink:href="#tok_244"/><!-- ϩⲓⲧⲛ -->
<mark id="pos_245" xlink:href="#tok_245"/><!-- ⲧ -->
<mark id="pos_246" xlink:href="#tok_246"/><!-- ⲁⲥⲡⲉ -->
<mark id="pos_247" xlink:href="#tok_247"/><!-- ⲉⲧⲉⲧⲛϣⲁⲛ -->
<mark id="pos_248" xlink:href="#tok_248"/><!-- ⲧⲙ -->
<mark id="pos_249" xlink:href="#tok_249"/><!-- ϯ -->
<mark id="pos_250" xlink:href="#tok_250"/><!-- ⲛ -->
<mark id="pos_251" xlink:href="#tok_251"/><!-- ⲟⲩ -->
<mark id="pos_252" xlink:href="#tok_252"/><!-- ϣⲁϫⲉ -->
<mark id="pos_253" xlink:href="#tok_253"/><!-- ⲉ -->
<mark id="pos_254" xlink:href="#tok_254"/><!-- ϥ -->
<mark id="pos_255" xlink:href="#tok_255"/><!-- ⲟⲩⲟⲛϩ -->
<mark id="pos_256" xlink:href="#tok_256"/><!-- ⲉⲃⲟⲗ -->
<mark id="pos_257" xlink:href="#tok_257"/><!-- . -->
<mark id="pos_258" xlink:href="#tok_258"/><!-- ⲛ -->
<mark id="pos_259" xlink:href="#tok_259"/><!-- ⲁϣ -->
<mark id="pos_260" xlink:href="#tok_260"/><!-- ⲛ -->
<mark id="pos_261" xlink:href="#tok_261"/><!-- ϩⲉ -->
<mark id="pos_262" xlink:href="#tok_262"/><!-- ⲉ -->
<mark id="pos_263" xlink:href="#tok_263"/><!-- ⲩ -->
<mark id="pos_264" xlink:href="#tok_264"/><!-- ⲛⲁ -->
<mark id="pos_265" xlink:href="#tok_265"/><!-- ⲉⲓⲙⲉ -->
<mark id="pos_266" xlink:href="#tok_266"/><!-- ⲉⲡⲉⲧⲉⲧⲛϫⲱ -->
<mark id="pos_267" xlink:href="#tok_267"/><!-- ⲙⲙⲟ -->
<mark id="pos_268" xlink:href="#tok_268"/><!-- ϥ -->
<mark id="pos_269" xlink:href="#tok_269"/><!-- . -->
<mark id="pos_270" xlink:href="#tok_270"/><!-- ⲉ -->
<mark id="pos_271" xlink:href="#tok_271"/><!-- ⲧ -->
<mark id="pos_272" xlink:href="#tok_272"/><!-- ⲉⲧ -->
<mark id="pos_273" xlink:href="#tok_273"/><!-- ⲛⲁ -->
<mark id="pos_274" xlink:href="#tok_274"/><!-- ϣⲱⲡⲉ -->
<mark id="pos_275" xlink:href="#tok_275"/><!-- ⲅⲁⲣ -->
<mark id="pos_276" xlink:href="#tok_276"/><!-- ⲉ -->
<mark id="pos_277" xlink:href="#tok_277"/><!-- ⲧⲉⲧⲛ -->
<mark id="pos_278" xlink:href="#tok_278"/><!-- ϣⲁϫⲉ -->
<mark id="pos_279" xlink:href="#tok_279"/><!-- ⲉ -->
<mark id="pos_280" xlink:href="#tok_280"/><!-- ⲡ -->
<mark id="pos_281" xlink:href="#tok_281"/><!-- ⲁⲏⲣ -->
<mark id="pos_282" xlink:href="#tok_282"/><!-- . -->
<mark id="pos_283" xlink:href="#tok_283"/><!-- ⲟⲩⲛ -->
<mark id="pos_284" xlink:href="#tok_284"/><!-- ⲟⲩⲁⲡⲥ -->
<mark id="pos_285" xlink:href="#tok_285"/><!-- ⲙ -->
<mark id="pos_286" xlink:href="#tok_286"/><!-- ⲙⲓⲛⲉ -->
<mark id="pos_287" xlink:href="#tok_287"/><!-- ⲛ -->
<mark id="pos_288" xlink:href="#tok_288"/><!-- ⲥⲙⲏ -->
<mark id="pos_289" xlink:href="#tok_289"/><!-- ϩⲙ -->
<mark id="pos_290" xlink:href="#tok_290"/><!-- ⲡ -->
<mark id="pos_291" xlink:href="#tok_291"/><!-- ⲕⲟⲥⲙⲟⲥ -->
<mark id="pos_292" xlink:href="#tok_292"/><!-- . -->
<mark id="pos_293" xlink:href="#tok_293"/><!-- ⲁⲩⲱ -->
<mark id="pos_294" xlink:href="#tok_294"/><!-- ⲙⲛ -->
<mark id="pos_295" xlink:href="#tok_295"/><!-- ⲗⲁⲁⲩ -->
<mark id="pos_296" xlink:href="#tok_296"/><!-- ⲉ -->
<mark id="pos_297" xlink:href="#tok_297"/><!-- ⲙⲛⲧ -->
<mark id="pos_298" xlink:href="#tok_298"/><!-- ϥ -->
<mark id="pos_299" xlink:href="#tok_299"/><!-- ⲥⲙⲏ -->
<mark id="pos_300" xlink:href="#tok_300"/><!-- . -->
<mark id="pos_301" xlink:href="#tok_301"/><!-- ⲉⲓϣⲁⲛ -->
<mark id="pos_302" xlink:href="#tok_302"/><!-- ⲧⲙ -->
<mark id="pos_303" xlink:href="#tok_303"/><!-- ⲉⲓⲙⲉ -->
<mark id="pos_304" xlink:href="#tok_304"/><!-- ⲉ -->
<mark id="pos_305" xlink:href="#tok_305"/><!-- ⲧ -->
<mark id="pos_306" xlink:href="#tok_306"/><!-- ϭⲟⲙ -->
<mark id="pos_307" xlink:href="#tok_307"/><!-- ⲛ -->
<mark id="pos_308" xlink:href="#tok_308"/><!-- ⲧⲉ -->
<mark id="pos_309" xlink:href="#tok_309"/><!-- ⲥⲙⲏ -->
<mark id="pos_310" xlink:href="#tok_310"/><!-- ϯ -->
<mark id="pos_311" xlink:href="#tok_311"/><!-- ⲛⲁ -->
<mark id="pos_312" xlink:href="#tok_312"/><!-- ϣⲱⲡⲉ -->
<mark id="pos_313" xlink:href="#tok_313"/><!-- ⲛ -->
<mark id="pos_314" xlink:href="#tok_314"/><!-- ⲃⲁⲣⲃⲁⲣⲟⲥ -->
<mark id="pos_315" xlink:href="#tok_315"/><!-- ⲙ -->
<mark id="pos_316" xlink:href="#tok_316"/><!-- ⲡ -->
<mark id="pos_317" xlink:href="#tok_317"/><!-- ⲉⲧ -->
<mark id="pos_318" xlink:href="#tok_318"/><!-- ϣⲁϫⲉ -->
<mark id="pos_319" xlink:href="#tok_319"/><!-- ⲛⲙⲙⲁ -->
<mark id="pos_320" xlink:href="#tok_320"/><!-- ⲓ -->
<mark id="pos_321" xlink:href="#tok_321"/><!-- . -->
<mark id="pos_322" xlink:href="#tok_322"/><!-- ⲁⲩⲱ -->
<mark id="pos_323" xlink:href="#tok_323"/><!-- ⲉ -->
<mark id="pos_324" xlink:href="#tok_324"/><!-- ⲩ -->
<mark id="pos_325" xlink:href="#tok_325"/><!-- ⲃⲁⲣⲃⲁⲣⲟⲥ -->
<mark id="pos_326" xlink:href="#tok_326"/><!-- ⲡⲉ -->
<mark id="pos_327" xlink:href="#tok_327"/><!-- ⲡ -->
<mark id="pos_328" xlink:href="#tok_328"/><!-- ⲉⲧ -->
<mark id="pos_329" xlink:href="#tok_329"/><!-- ϣⲁϫⲉ -->
<mark id="pos_330" xlink:href="#tok_330"/><!-- ⲛⲙⲙⲁ -->
<mark id="pos_331" xlink:href="#tok_331"/><!-- ⲓ -->
<mark id="pos_332" xlink:href="#tok_332"/><!-- . -->
<mark id="pos_333" xlink:href="#tok_333"/><!-- ⲧⲁⲓ -->
<mark id="pos_334" xlink:href="#tok_334"/><!-- ϩⲱⲧ -->
<mark id="pos_335" xlink:href="#tok_335"/><!-- ⲧⲏⲩⲧⲛ -->
<mark id="pos_336" xlink:href="#tok_336"/><!-- ⲧⲉⲧⲛ -->
<mark id="pos_337" xlink:href="#tok_337"/><!-- ϩⲉ -->
<mark id="pos_338" xlink:href="#tok_338"/><!-- . -->
<mark id="pos_339" xlink:href="#tok_339"/><!-- ⲉⲡⲉⲓ -->
<mark id="pos_340" xlink:href="#tok_340"/><!-- ⲛⲧⲉⲧⲛ -->
<mark id="pos_341" xlink:href="#tok_341"/><!-- ϩⲉⲛⲣⲉϥⲕⲱϩ -->
<mark id="pos_342" xlink:href="#tok_342"/><!-- ⲉⲛⲉ -->
<mark id="pos_343" xlink:href="#tok_343"/><!-- ⲡⲛⲉⲩⲙⲁⲧⲓⲕⲟⲛ -->
<mark id="pos_344" xlink:href="#tok_344"/><!-- ⲡⲣⲟⲥⲡⲕⲱⲧ -->
<mark id="pos_345" xlink:href="#tok_345"/><!-- ⲛ -->
<mark id="pos_346" xlink:href="#tok_346"/><!-- ⲧ -->
<mark id="pos_347" xlink:href="#tok_347"/><!-- ⲉⲕⲕⲗⲏⲥⲓⲁ -->
<mark id="pos_348" xlink:href="#tok_348"/><!-- . -->
<mark id="pos_349" xlink:href="#tok_349"/><!-- ϣⲓⲛⲉ -->
<mark id="pos_350" xlink:href="#tok_350"/><!-- ϫⲉⲕⲁⲁⲥ -->
<mark id="pos_351" xlink:href="#tok_351"/><!-- ⲉⲧⲉⲧⲛⲉ -->
<mark id="pos_352" xlink:href="#tok_352"/><!-- ⲣϩⲟⲩⲟ -->
<mark id="pos_353" xlink:href="#tok_353"/><!-- . -->
<mark id="pos_354" xlink:href="#tok_354"/><!-- ⲉⲧⲃⲉ -->
<mark id="pos_355" xlink:href="#tok_355"/><!-- ⲡⲁⲓ -->
<mark id="pos_356" xlink:href="#tok_356"/><!-- ⲡ -->
<mark id="pos_357" xlink:href="#tok_357"/><!-- ⲉⲧ -->
<mark id="pos_358" xlink:href="#tok_358"/><!-- ϣⲁϫⲉ -->
<mark id="pos_359" xlink:href="#tok_359"/><!-- ϩⲛ -->
<mark id="pos_360" xlink:href="#tok_360"/><!-- ⲧ -->
<mark id="pos_361" xlink:href="#tok_361"/><!-- ⲁⲥⲡⲉ -->
<mark id="pos_362" xlink:href="#tok_362"/><!-- ⲙⲁⲣⲉ -->
<mark id="pos_363" xlink:href="#tok_363"/><!-- ϥ -->
<mark id="pos_364" xlink:href="#tok_364"/><!-- ϣⲗⲏⲗ -->
<mark id="pos_365" xlink:href="#tok_365"/><!-- . -->
<mark id="pos_366" xlink:href="#tok_366"/><!-- ϫⲉⲕⲁⲁⲥ -->
<mark id="pos_367" xlink:href="#tok_367"/><!-- ⲉϥⲉ -->
<mark id="pos_368" xlink:href="#tok_368"/><!-- ⲃⲱⲗ -->
<mark id="pos_369" xlink:href="#tok_369"/><!-- . -->
<mark id="pos_370" xlink:href="#tok_370"/><!-- ⲉⲓϣⲁⲛ -->
<mark id="pos_371" xlink:href="#tok_371"/><!-- ϣⲗⲏⲗ -->
<mark id="pos_372" xlink:href="#tok_372"/><!-- ϩⲛ -->
<mark id="pos_373" xlink:href="#tok_373"/><!-- ⲟⲩ -->
<mark id="pos_374" xlink:href="#tok_374"/><!-- ⲁⲥⲡⲉ -->
<mark id="pos_375" xlink:href="#tok_375"/><!-- . -->
<mark id="pos_376" xlink:href="#tok_376"/><!-- ⲡⲁ -->
<mark id="pos_377" xlink:href="#tok_377"/><!-- ⲡⲛⲉⲩⲙⲁ -->
<mark id="pos_378" xlink:href="#tok_378"/><!-- ⲡ -->
<mark id="pos_379" xlink:href="#tok_379"/><!-- ⲉⲧ -->
<mark id="pos_380" xlink:href="#tok_380"/><!-- ϣⲗⲏⲗ -->
<mark id="pos_381" xlink:href="#tok_381"/><!-- . -->
<mark id="pos_382" xlink:href="#tok_382"/><!-- ⲡⲁ -->
<mark id="pos_383" xlink:href="#tok_383"/><!-- ϩⲏⲧ -->
<mark id="pos_384" xlink:href="#tok_384"/><!-- ⲇⲉ -->
<mark id="pos_385" xlink:href="#tok_385"/><!-- ⲟⲩ -->
<mark id="pos_386" xlink:href="#tok_386"/><!-- ⲁⲧⲕⲁⲣⲡⲟⲥ -->
<mark id="pos_387" xlink:href="#tok_387"/><!-- ⲡⲉ -->
<mark id="pos_388" xlink:href="#tok_388"/><!-- . -->
<mark id="pos_389" xlink:href="#tok_389"/><!-- ⲟⲩ -->
<mark id="pos_390" xlink:href="#tok_390"/><!-- ϭⲉ -->
<mark id="pos_391" xlink:href="#tok_391"/><!-- ⲡⲉ -->
<mark id="pos_392" xlink:href="#tok_392"/><!-- ϯ -->
<mark id="pos_393" xlink:href="#tok_393"/><!-- ⲛⲁ -->
<mark id="pos_394" xlink:href="#tok_394"/><!-- ϣⲗⲏⲗ -->
<mark id="pos_395" xlink:href="#tok_395"/><!-- ϩⲙ -->
<mark id="pos_396" xlink:href="#tok_396"/><!-- ⲡⲉ -->
<mark id="pos_397" xlink:href="#tok_397"/><!-- ⲡⲛⲉⲩⲙⲁ -->
<mark id="pos_398" xlink:href="#tok_398"/><!-- ϯ -->
<mark id="pos_399" xlink:href="#tok_399"/><!-- ⲛⲁ -->
<mark id="pos_400" xlink:href="#tok_400"/><!-- ϣⲗⲏⲗ -->
<mark id="pos_401" xlink:href="#tok_401"/><!-- ⲟⲛ -->
<mark id="pos_402" xlink:href="#tok_402"/><!-- ϩⲙ -->
<mark id="pos_403" xlink:href="#tok_403"/><!-- ⲡⲁⲕⲉϩⲏⲧ -->
<mark id="pos_404" xlink:href="#tok_404"/><!-- ϯ -->
<mark id="pos_405" xlink:href="#tok_405"/><!-- ⲛⲁ -->
<mark id="pos_406" xlink:href="#tok_406"/><!-- ⲯⲁⲗⲗⲉⲓ -->
<mark id="pos_407" xlink:href="#tok_407"/><!-- ϩⲙ -->
<mark id="pos_408" xlink:href="#tok_408"/><!-- ⲡⲉ -->
<mark id="pos_409" xlink:href="#tok_409"/><!-- ⲡⲛⲉⲩⲙⲁ -->
<mark id="pos_410" xlink:href="#tok_410"/><!-- ϯ -->
<mark id="pos_411" xlink:href="#tok_411"/><!-- ⲛⲁ -->
<mark id="pos_412" xlink:href="#tok_412"/><!-- ⲯⲁⲗⲗⲉⲓ -->
<mark id="pos_413" xlink:href="#tok_413"/><!-- ⲟⲛ -->
<mark id="pos_414" xlink:href="#tok_414"/><!-- ϩⲙ -->
<mark id="pos_415" xlink:href="#tok_415"/><!-- ⲡⲁⲕⲉϩⲏⲧ -->
<mark id="pos_416" xlink:href="#tok_416"/><!-- . -->
<mark id="pos_417" xlink:href="#tok_417"/><!-- ⲉⲙⲙⲟⲛ -->
<mark id="pos_418" xlink:href="#tok_418"/><!-- ⲉⲕϣⲁⲛ -->
<mark id="pos_419" xlink:href="#tok_419"/><!-- ⲥⲙⲟⲩ -->
<mark id="pos_420" xlink:href="#tok_420"/><!-- ϩⲙ -->
<mark id="pos_421" xlink:href="#tok_421"/><!-- ⲡⲉ -->
<mark id="pos_422" xlink:href="#tok_422"/><!-- ⲡⲛⲉⲩⲙⲁ -->
<mark id="pos_423" xlink:href="#tok_423"/><!-- ⲡ -->
<mark id="pos_424" xlink:href="#tok_424"/><!-- ⲉⲧ -->
<mark id="pos_425" xlink:href="#tok_425"/><!-- ϫⲱⲕ -->
<mark id="pos_426" xlink:href="#tok_426"/><!-- ⲉⲃⲟⲗ -->
<mark id="pos_427" xlink:href="#tok_427"/><!-- ⲙ -->
<mark id="pos_428" xlink:href="#tok_428"/><!-- ⲡ -->
<mark id="pos_429" xlink:href="#tok_429"/><!-- ⲙⲁ -->
<mark id="pos_430" xlink:href="#tok_430"/><!-- ⲙ -->
<mark id="pos_431" xlink:href="#tok_431"/><!-- ⲡ -->
<mark id="pos_432" xlink:href="#tok_432"/><!-- ϩⲓⲇⲓⲱⲧⲏⲥ -->
<mark id="pos_433" xlink:href="#tok_433"/><!-- ⲛ -->
<mark id="pos_434" xlink:href="#tok_434"/><!-- ⲁϣ -->
<mark id="pos_435" xlink:href="#tok_435"/><!-- ⲛ -->
<mark id="pos_436" xlink:href="#tok_436"/><!-- ϩⲉ -->
<mark id="pos_437" xlink:href="#tok_437"/><!-- ϥ -->
<mark id="pos_438" xlink:href="#tok_438"/><!-- ⲛⲁ -->
<mark id="pos_439" xlink:href="#tok_439"/><!-- ϫⲱ -->
<mark id="pos_440" xlink:href="#tok_440"/><!-- ⲙⲡϩⲁⲙⲏⲛ -->
<mark id="pos_441" xlink:href="#tok_441"/><!-- ⲉϫⲙ -->
<mark id="pos_442" xlink:href="#tok_442"/><!-- ⲡⲉⲕϣⲡϩⲙⲟⲧ -->
<mark id="pos_443" xlink:href="#tok_443"/><!-- . -->
<mark id="pos_444" xlink:href="#tok_444"/><!-- ⲉⲃⲟⲗ -->
<mark id="pos_445" xlink:href="#tok_445"/><!-- ⲅⲁⲣ -->
<mark id="pos_446" xlink:href="#tok_446"/><!-- ϫⲉ -->
<mark id="pos_447" xlink:href="#tok_447"/><!-- ⲉ -->
<mark id="pos_448" xlink:href="#tok_448"/><!-- ⲕ -->
<mark id="pos_449" xlink:href="#tok_449"/><!-- ϫⲉ -->
<mark id="pos_450" xlink:href="#tok_450"/><!-- ⲟⲩ -->
<mark id="pos_451" xlink:href="#tok_451"/><!-- ⲛ -->
<mark id="pos_452" xlink:href="#tok_452"/><!-- ϥ -->
<mark id="pos_453" xlink:href="#tok_453"/><!-- ⲥⲟⲟⲩⲛ -->
<mark id="pos_454" xlink:href="#tok_454"/><!-- ⲁⲛ -->
<mark id="pos_455" xlink:href="#tok_455"/><!-- . -->
<mark id="pos_456" xlink:href="#tok_456"/><!-- ⲛⲧⲟⲕ -->
<mark id="pos_457" xlink:href="#tok_457"/><!-- ⲙⲉⲛ -->
<mark id="pos_458" xlink:href="#tok_458"/><!-- ⲅⲁⲣ -->
<mark id="pos_459" xlink:href="#tok_459"/><!-- ⲕⲁⲗⲱⲥ -->
<mark id="pos_460" xlink:href="#tok_460"/><!-- ⲕ -->
<mark id="pos_461" xlink:href="#tok_461"/><!-- ϣⲡϩⲙⲟⲧ -->
<mark id="pos_462" xlink:href="#tok_462"/><!-- . -->
<mark id="pos_463" xlink:href="#tok_463"/><!-- ⲁⲗⲗⲁ -->
<mark id="pos_464" xlink:href="#tok_464"/><!-- ⲡ -->
<mark id="pos_465" xlink:href="#tok_465"/><!-- ⲕⲉⲟⲩⲁ -->
<mark id="pos_466" xlink:href="#tok_466"/><!-- ⲕⲱⲧ -->
<mark id="pos_467" xlink:href="#tok_467"/><!-- ⲁⲛ -->
<mark id="pos_468" xlink:href="#tok_468"/><!-- . -->
<mark id="pos_469" xlink:href="#tok_469"/><!-- ϯ -->
<mark id="pos_470" xlink:href="#tok_470"/><!-- ϣⲡϩⲙⲟⲧ -->
<mark id="pos_471" xlink:href="#tok_471"/><!-- ⲛⲧⲙ -->
<mark id="pos_472" xlink:href="#tok_472"/><!-- ⲡⲁ -->
<mark id="pos_473" xlink:href="#tok_473"/><!-- ⲛⲟⲩⲧⲉ -->
<mark id="pos_474" xlink:href="#tok_474"/><!-- ϫⲉ -->
<mark id="pos_475" xlink:href="#tok_475"/><!-- ϯ -->
<mark id="pos_476" xlink:href="#tok_476"/><!-- ϣⲁϫⲉ -->
<mark id="pos_477" xlink:href="#tok_477"/><!-- ⲉϩⲟⲩⲉⲣⲱⲧⲛ -->
<mark id="pos_478" xlink:href="#tok_478"/><!-- ⲧⲏⲣ -->
<mark id="pos_479" xlink:href="#tok_479"/><!-- ⲧⲛ -->
<mark id="pos_480" xlink:href="#tok_480"/><!-- ϩⲛ -->
<mark id="pos_481" xlink:href="#tok_481"/><!-- ⲛ -->
<mark id="pos_482" xlink:href="#tok_482"/><!-- ⲁⲥⲡⲉ -->
<mark id="pos_483" xlink:href="#tok_483"/><!-- . -->
<mark id="pos_484" xlink:href="#tok_484"/><!-- ⲁⲗⲗⲁ -->
<mark id="pos_485" xlink:href="#tok_485"/><!-- ϩⲛ -->
<mark id="pos_486" xlink:href="#tok_486"/><!-- ⲧ -->
<mark id="pos_487" xlink:href="#tok_487"/><!-- ⲉⲕⲕⲗⲏⲥⲓⲁ -->
<mark id="pos_488" xlink:href="#tok_488"/><!-- ϯ -->
<mark id="pos_489" xlink:href="#tok_489"/><!-- ⲟⲩⲉϣ -->
<mark id="pos_490" xlink:href="#tok_490"/><!-- ⲧⲓⲟⲩ -->
<mark id="pos_491" xlink:href="#tok_491"/><!-- ⲛ -->
<mark id="pos_492" xlink:href="#tok_492"/><!-- ϣⲁϫⲉ -->
<mark id="pos_493" xlink:href="#tok_493"/><!-- ⲉ -->
<mark id="pos_494" xlink:href="#tok_494"/><!-- ϫⲟⲟⲩ -->
<mark id="pos_495" xlink:href="#tok_495"/><!-- ϩⲙ -->
<mark id="pos_496" xlink:href="#tok_496"/><!-- ⲡⲁ -->
<mark id="pos_497" xlink:href="#tok_497"/><!-- ϩⲏⲧ -->
<mark id="pos_498" xlink:href="#tok_498"/><!-- ϫⲉ -->
<mark id="pos_499" xlink:href="#tok_499"/><!-- ⲉⲓⲉ -->
<mark id="pos_500" xlink:href="#tok_500"/><!-- ⲕⲁⲑⲏⲅⲉⲓ -->
<mark id="pos_501" xlink:href="#tok_501"/><!-- ⲛ -->
<mark id="pos_502" xlink:href="#tok_502"/><!-- ϩⲉⲛ -->
<mark id="pos_503" xlink:href="#tok_503"/><!-- ⲕⲟⲟⲩⲉ -->
<mark id="pos_504" xlink:href="#tok_504"/><!-- ⲉϩⲟⲩⲉ -->
<mark id="pos_505" xlink:href="#tok_505"/><!-- ⲟⲩ -->
<mark id="pos_506" xlink:href="#tok_506"/><!-- ⲧⲃⲁ -->
<mark id="pos_507" xlink:href="#tok_507"/><!-- ⲛ -->
<mark id="pos_508" xlink:href="#tok_508"/><!-- ϣⲁϫⲉ -->
<mark id="pos_509" xlink:href="#tok_509"/><!-- ϩⲛ -->
<mark id="pos_510" xlink:href="#tok_510"/><!-- ⲧ -->
<mark id="pos_511" xlink:href="#tok_511"/><!-- ⲁⲥⲡⲉ -->
<mark id="pos_512" xlink:href="#tok_512"/><!-- . -->
<mark id="pos_513" xlink:href="#tok_513"/><!-- ⲛⲉ -->
<mark id="pos_514" xlink:href="#tok_514"/><!-- ⲥ -->
<mark id="pos_515" xlink:href="#tok_515"/><!-- ⲛⲏⲩ -->
<mark id="pos_516" xlink:href="#tok_516"/><!-- ⲙⲡⲣⲣⲕⲟⲩⲓ -->
<mark id="pos_517" xlink:href="#tok_517"/><!-- ϩⲛ -->
<mark id="pos_518" xlink:href="#tok_518"/><!-- ⲛⲉⲧⲛ -->
<mark id="pos_519" xlink:href="#tok_519"/><!-- ϩⲏⲧ -->
<mark id="pos_520" xlink:href="#tok_520"/><!-- . -->
<mark id="pos_521" xlink:href="#tok_521"/><!-- ⲁⲗⲗⲁ -->
<mark id="pos_522" xlink:href="#tok_522"/><!-- ⲁⲣⲓⲕⲟⲩⲓ -->
<mark id="pos_523" xlink:href="#tok_523"/><!-- ϩⲛ -->
<mark id="pos_524" xlink:href="#tok_524"/><!-- ⲧ -->
<mark id="pos_525" xlink:href="#tok_525"/><!-- ⲕⲁⲕⲓⲁ -->
<mark id="pos_526" xlink:href="#tok_526"/><!-- . -->
<mark id="pos_527" xlink:href="#tok_527"/><!-- ⲛⲧⲉⲧⲛ -->
<mark id="pos_528" xlink:href="#tok_528"/><!-- ⲣⲧⲉⲗⲓⲟⲥ -->
<mark id="pos_529" xlink:href="#tok_529"/><!-- ⲇⲉ -->
<mark id="pos_530" xlink:href="#tok_530"/><!-- ϩⲛ -->
<mark id="pos_531" xlink:href="#tok_531"/><!-- ⲛⲉⲧⲛ -->
<mark id="pos_532" xlink:href="#tok_532"/><!-- ϩⲏⲧ -->
<mark id="pos_533" xlink:href="#tok_533"/><!-- . -->
<mark id="pos_534" xlink:href="#tok_534"/><!-- ϥ -->
<mark id="pos_535" xlink:href="#tok_535"/><!-- ⲥⲏϩ -->
<mark id="pos_536" xlink:href="#tok_536"/><!-- ⲅⲁⲣ -->
<mark id="pos_537" xlink:href="#tok_537"/><!-- ϩⲙ -->
<mark id="pos_538" xlink:href="#tok_538"/><!-- ⲡ -->
<mark id="pos_539" xlink:href="#tok_539"/><!-- ⲛⲟⲙⲟⲥ -->
<mark id="pos_540" xlink:href="#tok_540"/><!-- ϫⲉ -->
<mark id="pos_541" xlink:href="#tok_541"/><!-- ϩⲣⲁⲓ -->
<mark id="pos_542" xlink:href="#tok_542"/><!-- ϩⲛ -->
<mark id="pos_543" xlink:href="#tok_543"/><!-- ϩⲉⲛⲕⲉⲁⲥⲡⲉ -->
<mark id="pos_544" xlink:href="#tok_544"/><!-- ⲙⲛ -->
<mark id="pos_545" xlink:href="#tok_545"/><!-- ϩⲉⲛⲕⲉⲥⲡⲟⲧⲟⲩ -->
<mark id="pos_546" xlink:href="#tok_546"/><!-- ϯ -->
<mark id="pos_547" xlink:href="#tok_547"/><!-- ⲛⲁ -->
<mark id="pos_548" xlink:href="#tok_548"/><!-- ϣⲁϫⲉ -->
<mark id="pos_549" xlink:href="#tok_549"/><!-- ⲙⲛ -->
<mark id="pos_550" xlink:href="#tok_550"/><!-- ⲡⲓⲗⲁⲧⲟⲥ -->
<mark id="pos_551" xlink:href="#tok_551"/><!-- ⲁⲩⲱ -->
<mark id="pos_552" xlink:href="#tok_552"/><!-- ⲛ -->
<mark id="pos_553" xlink:href="#tok_553"/><!-- ⲥⲉ -->
<mark id="pos_554" xlink:href="#tok_554"/><!-- ⲛⲁ -->
<mark id="pos_555" xlink:href="#tok_555"/><!-- ⲥⲱⲧⲙ -->
<mark id="pos_556" xlink:href="#tok_556"/><!-- ⲁⲛ -->
<mark id="pos_557" xlink:href="#tok_557"/><!-- ⲉⲣⲟ -->
<mark id="pos_558" xlink:href="#tok_558"/><!-- ⲓ -->
<mark id="pos_559" xlink:href="#tok_559"/><!-- ⲛⲧⲉⲉⲓⲕⲉϩⲉ -->
<mark id="pos_560" xlink:href="#tok_560"/><!-- ⲡⲉϫⲉ -->
<mark id="pos_561" xlink:href="#tok_561"/><!-- ⲡ -->
<mark id="pos_562" xlink:href="#tok_562"/><!-- ϫⲟⲉⲓⲥ -->
<mark id="pos_563" xlink:href="#tok_563"/><!-- . -->
<mark id="pos_564" xlink:href="#tok_564"/><!-- ϩⲱⲥⲧⲉ -->
<mark id="pos_565" xlink:href="#tok_565"/><!-- ⲛ -->
<mark id="pos_566" xlink:href="#tok_566"/><!-- ⲁⲥⲡⲉ -->
<mark id="pos_567" xlink:href="#tok_567"/><!-- ⲉ -->
<mark id="pos_568" xlink:href="#tok_568"/><!-- ⲩ -->
<mark id="pos_569" xlink:href="#tok_569"/><!-- ϣⲟⲟⲡ -->
<mark id="pos_570" xlink:href="#tok_570"/><!-- ⲉ -->
<mark id="pos_571" xlink:href="#tok_571"/><!-- ⲩ -->
<mark id="pos_572" xlink:href="#tok_572"/><!-- ⲙⲁⲉⲓⲛ -->
<mark id="pos_573" xlink:href="#tok_573"/><!-- ⲛ -->
<mark id="pos_574" xlink:href="#tok_574"/><!-- ⲛ -->
<mark id="pos_575" xlink:href="#tok_575"/><!-- ⲉⲧ -->
<mark id="pos_576" xlink:href="#tok_576"/><!-- ⲡⲓⲥⲧⲉⲩⲉ -->
<mark id="pos_577" xlink:href="#tok_577"/><!-- ⲁⲛ -->
<mark id="pos_578" xlink:href="#tok_578"/><!-- ⲁⲗⲗⲁ -->
<mark id="pos_579" xlink:href="#tok_579"/><!-- ⲛ -->
<mark id="pos_580" xlink:href="#tok_580"/><!-- ⲛ -->
<mark id="pos_581" xlink:href="#tok_581"/><!-- ⲁⲡⲓⲥⲧⲟⲥ -->
<mark id="pos_582" xlink:href="#tok_582"/><!-- ⲧⲉ -->
<mark id="pos_583" xlink:href="#tok_583"/><!-- ⲡⲣⲟⲫⲏⲧⲓⲁ -->
<mark id="pos_584" xlink:href="#tok_584"/><!-- ⲇⲉ -->
<mark id="pos_585" xlink:href="#tok_585"/><!-- ⲛⲉ -->
<mark id="pos_586" xlink:href="#tok_586"/><!-- ⲥ -->
<mark id="pos_587" xlink:href="#tok_587"/><!-- ϣⲟⲟⲡ -->
<mark id="pos_588" xlink:href="#tok_588"/><!-- ⲁⲛ -->
<mark id="pos_589" xlink:href="#tok_589"/><!-- ⲛ -->
<mark id="pos_590" xlink:href="#tok_590"/><!-- ⲛ -->
<mark id="pos_591" xlink:href="#tok_591"/><!-- ⲁⲡⲓⲥⲧⲟⲥ -->
<mark id="pos_592" xlink:href="#tok_592"/><!-- ⲁⲗⲗⲁ -->
<mark id="pos_593" xlink:href="#tok_593"/><!-- ⲛ -->
<mark id="pos_594" xlink:href="#tok_594"/><!-- ⲛ -->
<mark id="pos_595" xlink:href="#tok_595"/><!-- ⲉⲧ -->
<mark id="pos_596" xlink:href="#tok_596"/><!-- ⲡⲓⲥⲧⲉⲩⲉ -->
<mark id="pos_597" xlink:href="#tok_597"/><!-- . -->
<mark id="pos_598" xlink:href="#tok_598"/><!-- ⲉϣⲱⲡⲉ -->
<mark id="pos_599" xlink:href="#tok_599"/><!-- ϭⲉ -->
<mark id="pos_600" xlink:href="#tok_600"/><!-- ⲉⲣϣⲁⲛ -->
<mark id="pos_601" xlink:href="#tok_601"/><!-- ⲧ -->
<mark id="pos_602" xlink:href="#tok_602"/><!-- ⲉⲕⲕⲗⲏⲥⲓⲁ -->
<mark id="pos_603" xlink:href="#tok_603"/><!-- ⲧⲏⲣ -->
<mark id="pos_604" xlink:href="#tok_604"/><!-- ⲥ -->
<mark id="pos_605" xlink:href="#tok_605"/><!-- ⲉ -->
<mark id="pos_606" xlink:href="#tok_606"/><!-- ⲓ -->
<mark id="pos_607" xlink:href="#tok_607"/><!-- ⲉ -->
<mark id="pos_608" xlink:href="#tok_608"/><!-- ⲩ -->
<mark id="pos_609" xlink:href="#tok_609"/><!-- ⲙⲁ -->
<mark id="pos_610" xlink:href="#tok_610"/><!-- ⲛ -->
<mark id="pos_611" xlink:href="#tok_611"/><!-- ⲟⲩⲱⲧ -->
<mark id="pos_612" xlink:href="#tok_612"/><!-- ⲛⲥⲉϣⲁϫⲉ -->
<mark id="pos_613" xlink:href="#tok_613"/><!-- ⲧⲏⲣ -->
<mark id="pos_614" xlink:href="#tok_614"/><!-- ⲟⲩ -->
<mark id="pos_615" xlink:href="#tok_615"/><!-- ϩⲛ -->
<mark id="pos_616" xlink:href="#tok_616"/><!-- ⲛ -->
<mark id="pos_617" xlink:href="#tok_617"/><!-- ⲁⲥⲡⲉ -->
<mark id="pos_618" xlink:href="#tok_618"/><!-- ⲛⲥⲉⲉⲓ -->
<mark id="pos_619" xlink:href="#tok_619"/><!-- ⲇⲉ -->
<mark id="pos_620" xlink:href="#tok_620"/><!-- ⲉϩⲟⲩⲛ -->
<mark id="pos_621" xlink:href="#tok_621"/><!-- ⲛϭⲓ -->
<mark id="pos_622" xlink:href="#tok_622"/><!-- ϩⲉⲛ -->
<mark id="pos_623" xlink:href="#tok_623"/><!-- ϩⲓⲇⲓⲱⲧⲏⲥ -->
<mark id="pos_624" xlink:href="#tok_624"/><!-- ⲏϩⲉⲛⲁⲡⲓⲥⲧⲟⲥ -->
<mark id="pos_625" xlink:href="#tok_625"/><!-- ⲛⲉ -->
<mark id="pos_626" xlink:href="#tok_626"/><!-- ⲩ -->
<mark id="pos_627" xlink:href="#tok_627"/><!-- ⲛⲁ -->
<mark id="pos_628" xlink:href="#tok_628"/><!-- ϫⲟⲟ -->
<mark id="pos_629" xlink:href="#tok_629"/><!-- ⲥ -->
<mark id="pos_630" xlink:href="#tok_630"/><!-- ⲁⲛ -->
<mark id="pos_631" xlink:href="#tok_631"/><!-- ϫⲉ -->
<mark id="pos_632" xlink:href="#tok_632"/><!-- ⲉ -->
<mark id="pos_633" xlink:href="#tok_633"/><!-- ⲧⲉⲧⲛ -->
<mark id="pos_634" xlink:href="#tok_634"/><!-- ⲗⲟⲃⲉ -->
<mark id="pos_635" xlink:href="#tok_635"/><!-- . -->
<mark id="pos_636" xlink:href="#tok_636"/><!-- ⲉϣⲱⲡⲉ -->
<mark id="pos_637" xlink:href="#tok_637"/><!-- ⲇⲉ -->
<mark id="pos_638" xlink:href="#tok_638"/><!-- ⲉⲩϣⲁⲛ -->
<mark id="pos_639" xlink:href="#tok_639"/><!-- ⲡⲣⲟⲫⲏⲧⲉⲩⲉ -->
<mark id="pos_640" xlink:href="#tok_640"/><!-- ⲧⲏⲣ -->
<mark id="pos_641" xlink:href="#tok_641"/><!-- ⲟⲩ -->
<mark id="pos_642" xlink:href="#tok_642"/><!-- ⲛⲧⲉ -->
<mark id="pos_643" xlink:href="#tok_643"/><!-- ⲟⲩ -->
<mark id="pos_644" xlink:href="#tok_644"/><!-- ⲁⲡⲓⲥⲧⲟⲥ -->
<mark id="pos_645" xlink:href="#tok_645"/><!-- ⲇⲉ -->
<mark id="pos_646" xlink:href="#tok_646"/><!-- ⲉ -->
<mark id="pos_647" xlink:href="#tok_647"/><!-- ⲓ -->
<mark id="pos_648" xlink:href="#tok_648"/><!-- ⲉϩⲟⲩⲛ -->
<mark id="pos_649" xlink:href="#tok_649"/><!-- ⲏⲟⲩϩⲓⲇⲓⲱⲧⲏⲥ -->
<mark id="pos_650" xlink:href="#tok_650"/><!-- ⲥⲉ -->
<mark id="pos_651" xlink:href="#tok_651"/><!-- ⲛⲁ -->
<mark id="pos_652" xlink:href="#tok_652"/><!-- ϫⲡⲓⲟ -->
<mark id="pos_653" xlink:href="#tok_653"/><!-- ϥ -->
<mark id="pos_654" xlink:href="#tok_654"/><!-- ϩⲓⲧⲛ -->
<mark id="pos_655" xlink:href="#tok_655"/><!-- ⲟⲩⲟⲛ -->
<mark id="pos_656" xlink:href="#tok_656"/><!-- ⲛⲓⲙ -->
<mark id="pos_657" xlink:href="#tok_657"/><!-- ⲥⲉ -->
<mark id="pos_658" xlink:href="#tok_658"/><!-- ⲛⲁ -->
<mark id="pos_659" xlink:href="#tok_659"/><!-- ⲁⲛⲁⲕⲣⲓⲛⲉ -->
<mark id="pos_660" xlink:href="#tok_660"/><!-- ⲙⲙⲟ -->
<mark id="pos_661" xlink:href="#tok_661"/><!-- ϥ -->
<mark id="pos_662" xlink:href="#tok_662"/><!-- ϩⲓⲧⲛ -->
<mark id="pos_663" xlink:href="#tok_663"/><!-- ⲟⲩⲟⲛ -->
<mark id="pos_664" xlink:href="#tok_664"/><!-- ⲛⲓⲙ -->
<mark id="pos_665" xlink:href="#tok_665"/><!-- . -->
<mark id="pos_666" xlink:href="#tok_666"/><!-- ⲛ -->
<mark id="pos_667" xlink:href="#tok_667"/><!-- ⲉⲧ -->
<mark id="pos_668" xlink:href="#tok_668"/><!-- ϩⲏⲡ -->
<mark id="pos_669" xlink:href="#tok_669"/><!-- ⲙ -->
<mark id="pos_670" xlink:href="#tok_670"/><!-- ⲡⲉϥ -->
<mark id="pos_671" xlink:href="#tok_671"/><!-- ϩⲏⲧ -->
<mark id="pos_672" xlink:href="#tok_672"/><!-- ⲛⲁ -->
<mark id="pos_673" xlink:href="#tok_673"/><!-- ⲟⲩ -->
<mark id="pos_674" xlink:href="#tok_674"/><!-- ⲱⲛϩ -->
<mark id="pos_675" xlink:href="#tok_675"/><!-- ⲉⲃⲟⲗ -->
<mark id="pos_676" xlink:href="#tok_676"/><!-- . -->
<mark id="pos_677" xlink:href="#tok_677"/><!-- ⲁⲩⲱ -->
<mark id="pos_678" xlink:href="#tok_678"/><!-- ⲛⲧⲉⲉⲓϩⲉ -->
<mark id="pos_679" xlink:href="#tok_679"/><!-- ϥ -->
<mark id="pos_680" xlink:href="#tok_680"/><!-- ⲛⲁ -->
<mark id="pos_681" xlink:href="#tok_681"/><!-- ⲡⲁϩⲧ -->
<mark id="pos_682" xlink:href="#tok_682"/><!-- ϥ -->
<mark id="pos_683" xlink:href="#tok_683"/><!-- ⲉϫⲙ -->
<mark id="pos_684" xlink:href="#tok_684"/><!-- ⲡⲉϥ -->
<mark id="pos_685" xlink:href="#tok_685"/><!-- ϩⲟ -->
<mark id="pos_686" xlink:href="#tok_686"/><!-- ⲛ -->
<mark id="pos_687" xlink:href="#tok_687"/><!-- ϥ -->
<mark id="pos_688" xlink:href="#tok_688"/><!-- ⲟⲩⲱϣⲧ -->
<mark id="pos_689" xlink:href="#tok_689"/><!-- ⲙ -->
<mark id="pos_690" xlink:href="#tok_690"/><!-- ⲡ -->
<mark id="pos_691" xlink:href="#tok_691"/><!-- ⲛⲟⲩⲧⲉ -->
<mark id="pos_692" xlink:href="#tok_692"/><!-- ⲉ -->
<mark id="pos_693" xlink:href="#tok_693"/><!-- ϥ -->
<mark id="pos_694" xlink:href="#tok_694"/><!-- ϫⲱ -->
<mark id="pos_695" xlink:href="#tok_695"/><!-- ⲙⲙⲟ -->
<mark id="pos_696" xlink:href="#tok_696"/><!-- ⲥ -->
<mark id="pos_697" xlink:href="#tok_697"/><!-- ϫⲉ -->
<mark id="pos_698" xlink:href="#tok_698"/><!-- ⲟⲛⲧⲱⲥ -->
<mark id="pos_699" xlink:href="#tok_699"/><!-- ⲡ -->
<mark id="pos_700" xlink:href="#tok_700"/><!-- ⲛⲟⲩⲧⲉ -->
<mark id="pos_701" xlink:href="#tok_701"/><!-- ϣⲟⲟⲡ -->
<mark id="pos_702" xlink:href="#tok_702"/><!-- ⲛϩⲏⲧ -->
<mark id="pos_703" xlink:href="#tok_703"/><!-- ⲧⲏⲩⲧⲛ -->
<mark id="pos_704" xlink:href="#tok_704"/><!-- . -->
<mark id="pos_705" xlink:href="#tok_705"/><!-- ⲟⲩ -->
<mark id="pos_706" xlink:href="#tok_706"/><!-- ϭⲉ -->
<mark id="pos_707" xlink:href="#tok_707"/><!-- ⲡ -->
<mark id="pos_708" xlink:href="#tok_708"/><!-- ⲉⲧ -->
<mark id="pos_709" xlink:href="#tok_709"/><!-- ⲛⲁ -->
<mark id="pos_710" xlink:href="#tok_710"/><!-- ϣⲱⲡⲉ -->
<mark id="pos_711" xlink:href="#tok_711"/><!-- ⲛⲉ -->
<mark id="pos_712" xlink:href="#tok_712"/><!-- ⲥ -->
<mark id="pos_713" xlink:href="#tok_713"/><!-- ⲛⲏⲩ -->
<mark id="pos_714" xlink:href="#tok_714"/><!-- ⲉⲧⲉⲧⲛϣⲁⲛ -->
<mark id="pos_715" xlink:href="#tok_715"/><!-- ⲥⲱⲟⲩϩ -->
<mark id="pos_716" xlink:href="#tok_716"/><!-- ⲉϩⲟⲩⲛ -->
<mark id="pos_717" xlink:href="#tok_717"/><!-- ⲡ -->
<mark id="pos_718" xlink:href="#tok_718"/><!-- ⲟⲩⲁ -->
<mark id="pos_719" xlink:href="#tok_719"/><!-- ⲡ -->
<mark id="pos_720" xlink:href="#tok_720"/><!-- ⲟⲩⲁ -->
<mark id="pos_721" xlink:href="#tok_721"/><!-- ⲟⲩⲛⲧⲁ -->
<mark id="pos_722" xlink:href="#tok_722"/><!-- ϥ -->
<mark id="pos_723" xlink:href="#tok_723"/><!-- ⲙⲙⲁⲩ -->
<mark id="pos_724" xlink:href="#tok_724"/><!-- ⲛ -->
<mark id="pos_725" xlink:href="#tok_725"/><!-- ⲟⲩ -->
<mark id="pos_726" xlink:href="#tok_726"/><!-- ⲯⲁⲗⲙⲟⲥ -->
<mark id="pos_727" xlink:href="#tok_727"/><!-- ⲟⲩⲛⲧⲁ -->
<mark id="pos_728" xlink:href="#tok_728"/><!-- ϥ -->
<mark id="pos_729" xlink:href="#tok_729"/><!-- ⲙⲙⲁⲩ -->
<mark id="pos_730" xlink:href="#tok_730"/><!-- ⲛ -->
<mark id="pos_731" xlink:href="#tok_731"/><!-- ⲟⲩ -->
<mark id="pos_732" xlink:href="#tok_732"/><!-- ⲥⲃⲱ -->
<mark id="pos_733" xlink:href="#tok_733"/><!-- ⲟⲩⲛⲧⲁ -->
<mark id="pos_734" xlink:href="#tok_734"/><!-- ϥ -->
<mark id="pos_735" xlink:href="#tok_735"/><!-- ⲙⲙⲁⲩ -->
<mark id="pos_736" xlink:href="#tok_736"/><!-- ⲛ -->
<mark id="pos_737" xlink:href="#tok_737"/><!-- ⲟⲩ -->
<mark id="pos_738" xlink:href="#tok_738"/><!-- ϭⲱⲗⲡ -->
<mark id="pos_739" xlink:href="#tok_739"/><!-- ⲉⲃⲟⲗ -->
<mark id="pos_740" xlink:href="#tok_740"/><!-- ⲟⲩⲛⲧⲁ -->
<mark id="pos_741" xlink:href="#tok_741"/><!-- ϥ -->
<mark id="pos_742" xlink:href="#tok_742"/><!-- ⲙⲙⲁⲩ -->
<mark id="pos_743" xlink:href="#tok_743"/><!-- ⲛ -->
<mark id="pos_744" xlink:href="#tok_744"/><!-- ⲟⲩ -->
<mark id="pos_745" xlink:href="#tok_745"/><!-- ⲁⲥⲡⲉ -->
<mark id="pos_746" xlink:href="#tok_746"/><!-- ⲟⲩⲛⲧⲁ -->
<mark id="pos_747" xlink:href="#tok_747"/><!-- ϥ -->
<mark id="pos_748" xlink:href="#tok_748"/><!-- ⲙⲙⲁⲩ -->
<mark id="pos_749" xlink:href="#tok_749"/><!-- ⲛ -->
<mark id="pos_750" xlink:href="#tok_750"/><!-- ⲟⲩ -->
<mark id="pos_751" xlink:href="#tok_751"/><!-- ϩⲉⲣⲙⲏⲛⲓⲁ -->
<mark id="pos_752" xlink:href="#tok_752"/><!-- ⲙⲁⲣⲟⲩϣⲱⲡⲉ -->
<mark id="pos_753" xlink:href="#tok_753"/><!-- ⲧⲏⲣ -->
<mark id="pos_754" xlink:href="#tok_754"/><!-- ⲟⲩ -->
<mark id="pos_755" xlink:href="#tok_755"/><!-- ⲉ -->
<mark id="pos_756" xlink:href="#tok_756"/><!-- ⲩ -->
<mark id="pos_757" xlink:href="#tok_757"/><!-- ⲕⲱⲧ -->
<mark id="pos_758" xlink:href="#tok_758"/><!-- . -->
<mark id="pos_759" xlink:href="#tok_759"/><!-- ⲉⲓⲧⲉ -->
<mark id="pos_760" xlink:href="#tok_760"/><!-- ⲉⲣⲉ -->
<mark id="pos_761" xlink:href="#tok_761"/><!-- ⲟⲩⲁ -->
<mark id="pos_762" xlink:href="#tok_762"/><!-- ⲛⲁ -->
<mark id="pos_763" xlink:href="#tok_763"/><!-- ϣⲁϫⲉ -->
<mark id="pos_764" xlink:href="#tok_764"/><!-- ϩⲛ -->
<mark id="pos_765" xlink:href="#tok_765"/><!-- ⲟⲩ -->
<mark id="pos_766" xlink:href="#tok_766"/><!-- ⲁⲥⲡⲉ -->
<mark id="pos_767" xlink:href="#tok_767"/><!-- ϣⲁ -->
<mark id="pos_768" xlink:href="#tok_768"/><!-- ⲥ -->
<mark id="pos_769" xlink:href="#tok_769"/><!-- ⲛⲁⲩ -->
<mark id="pos_770" xlink:href="#tok_770"/><!-- ⲏⲡⲉϩⲟⲩⲟ -->
<mark id="pos_771" xlink:href="#tok_771"/><!-- ϣⲟⲙⲛⲧ -->
<mark id="pos_772" xlink:href="#tok_772"/><!-- ⲛ -->
<mark id="pos_773" xlink:href="#tok_773"/><!-- ⲥ -->
<mark id="pos_774" xlink:href="#tok_774"/><!-- ⲉϫ -->
<mark id="pos_775" xlink:href="#tok_775"/><!-- ⲓ -->
<mark id="pos_776" xlink:href="#tok_776"/><!-- ⲟⲩ -->
<mark id="pos_777" xlink:href="#tok_777"/><!-- ϣⲏⲙ -->
<mark id="pos_778" xlink:href="#tok_778"/><!-- ⲉ -->
<mark id="pos_779" xlink:href="#tok_779"/><!-- ⲟⲩⲁ -->
<mark id="pos_780" xlink:href="#tok_780"/><!-- ⲛⲧⲉ -->
<mark id="pos_781" xlink:href="#tok_781"/><!-- ⲟⲩⲁ -->
<mark id="pos_782" xlink:href="#tok_782"/><!-- ⲃⲟⲗ -->
<mark id="pos_783" xlink:href="#tok_783"/><!-- ⲟⲩ -->
<mark id="pos_784" xlink:href="#tok_784"/><!-- . -->
<mark id="pos_785" xlink:href="#tok_785"/><!-- ⲉϣⲱⲡⲉ -->
<mark id="pos_786" xlink:href="#tok_786"/><!-- ⲇⲉ -->
<mark id="pos_787" xlink:href="#tok_787"/><!-- ⲙⲛ -->
<mark id="pos_788" xlink:href="#tok_788"/><!-- ⲣⲉϥⲃⲱⲗ -->
<mark id="pos_789" xlink:href="#tok_789"/><!-- . -->
<mark id="pos_790" xlink:href="#tok_790"/><!-- ⲙⲁⲣⲉ -->
<mark id="pos_791" xlink:href="#tok_791"/><!-- ϥ -->
<mark id="pos_792" xlink:href="#tok_792"/><!-- ⲕⲁⲣⲱ -->
<mark id="pos_793" xlink:href="#tok_793"/><!-- ϥ -->
<mark id="pos_794" xlink:href="#tok_794"/><!-- ϩⲛ -->
<mark id="pos_795" xlink:href="#tok_795"/><!-- ⲧ -->
<mark id="pos_796" xlink:href="#tok_796"/><!-- ⲉⲕⲕⲗⲏⲥⲓⲁ -->
<mark id="pos_797" xlink:href="#tok_797"/><!-- . -->
<mark id="pos_798" xlink:href="#tok_798"/><!-- ⲙⲁⲣⲉ -->
<mark id="pos_799" xlink:href="#tok_799"/><!-- ϥ -->
<mark id="pos_800" xlink:href="#tok_800"/><!-- ϣⲁϫⲉ -->
<mark id="pos_801" xlink:href="#tok_801"/><!-- ⲇⲉ -->
<mark id="pos_802" xlink:href="#tok_802"/><!-- ⲛⲙⲙⲁ -->
<mark id="pos_803" xlink:href="#tok_803"/><!-- ϥ -->
<mark id="pos_804" xlink:href="#tok_804"/><!-- ⲙⲛ -->
<mark id="pos_805" xlink:href="#tok_805"/><!-- ⲡ -->
<mark id="pos_806" xlink:href="#tok_806"/><!-- ⲛⲟⲩⲧⲉ -->
<mark id="pos_807" xlink:href="#tok_807"/><!-- . -->
<mark id="pos_808" xlink:href="#tok_808"/><!-- ⲡⲣⲟⲫⲏⲧⲏⲥ -->
<mark id="pos_809" xlink:href="#tok_809"/><!-- ⲇⲉ -->
<mark id="pos_810" xlink:href="#tok_810"/><!-- ⲥⲛⲁⲩ -->
<mark id="pos_811" xlink:href="#tok_811"/><!-- ⲏϣⲟⲙⲛⲧ -->
<mark id="pos_812" xlink:href="#tok_812"/><!-- ⲙⲁⲣⲟⲩϣⲁϫⲉ -->
<mark id="pos_813" xlink:href="#tok_813"/><!-- . -->
<mark id="pos_814" xlink:href="#tok_814"/><!-- ⲁⲩⲱ -->
<mark id="pos_815" xlink:href="#tok_815"/><!-- ⲙⲁⲣⲉ -->
<mark id="pos_816" xlink:href="#tok_816"/><!-- ⲡ -->
<mark id="pos_817" xlink:href="#tok_817"/><!-- ⲕⲉⲥⲉⲉⲡⲉ -->
<mark id="pos_818" xlink:href="#tok_818"/><!-- ⲇⲓⲁⲕⲣⲓⲛⲉ -->
<mark id="pos_819" xlink:href="#tok_819"/><!-- . -->
<mark id="pos_820" xlink:href="#tok_820"/><!-- ⲉϣⲱⲡⲉ -->
<mark id="pos_821" xlink:href="#tok_821"/><!-- ⲇⲉ -->
<mark id="pos_822" xlink:href="#tok_822"/><!-- ⲉϥϣⲁⲛ -->
<mark id="pos_823" xlink:href="#tok_823"/><!-- ϭⲱⲗⲡ -->
<mark id="pos_824" xlink:href="#tok_824"/><!-- ⲉⲃⲟⲗ -->
<mark id="pos_825" xlink:href="#tok_825"/><!-- ⲛ -->
<mark id="pos_826" xlink:href="#tok_826"/><!-- ⲕⲉ -->
<mark id="pos_827" xlink:href="#tok_827"/><!-- ⲟⲩⲁ -->
<mark id="pos_828" xlink:href="#tok_828"/><!-- ⲉ -->
<mark id="pos_829" xlink:href="#tok_829"/><!-- ϥ -->
<mark id="pos_830" xlink:href="#tok_830"/><!-- ϩⲙⲟⲟⲥ -->
<mark id="pos_831" xlink:href="#tok_831"/><!-- ⲙⲁⲣⲉ -->
<mark id="pos_832" xlink:href="#tok_832"/><!-- ⲡ -->
<mark id="pos_833" xlink:href="#tok_833"/><!-- ϣⲟⲣⲡ -->
<mark id="pos_834" xlink:href="#tok_834"/><!-- ⲕⲁⲣⲱ -->
<mark id="pos_835" xlink:href="#tok_835"/><!-- ϥ -->
<mark id="pos_836" xlink:href="#tok_836"/><!-- . -->
<mark id="pos_837" xlink:href="#tok_837"/><!-- ⲟⲩⲛ -->
<mark id="pos_838" xlink:href="#tok_838"/><!-- ϭⲟⲙ -->
<mark id="pos_839" xlink:href="#tok_839"/><!-- ⲅⲁⲣ -->
<mark id="pos_840" xlink:href="#tok_840"/><!-- ⲉ -->
<mark id="pos_841" xlink:href="#tok_841"/><!-- ⲧⲣⲉ -->
<mark id="pos_842" xlink:href="#tok_842"/><!-- ⲧⲛ -->
<mark id="pos_843" xlink:href="#tok_843"/><!-- ⲡⲣⲟⲫⲏⲧⲉⲩⲉ -->
<mark id="pos_844" xlink:href="#tok_844"/><!-- ⲧⲏⲣ -->
<mark id="pos_845" xlink:href="#tok_845"/><!-- ⲧⲛ -->
<mark id="pos_846" xlink:href="#tok_846"/><!-- ⲟⲩⲁ -->
<mark id="pos_847" xlink:href="#tok_847"/><!-- ⲟⲩⲁ -->
<mark id="pos_848" xlink:href="#tok_848"/><!-- ϫⲉ -->
<mark id="pos_849" xlink:href="#tok_849"/><!-- ⲉⲩⲉⲥⲃⲟ -->
<mark id="pos_850" xlink:href="#tok_850"/><!-- ⲧⲏⲣ -->
<mark id="pos_851" xlink:href="#tok_851"/><!-- ⲟⲩ -->
<mark id="pos_852" xlink:href="#tok_852"/><!-- ⲛⲥⲉⲥⲉⲡⲥⲱⲡⲟⲩ -->
<mark id="pos_853" xlink:href="#tok_853"/><!-- ⲧⲏⲣ -->
<mark id="pos_854" xlink:href="#tok_854"/><!-- ⲟⲩ -->
<mark id="pos_855" xlink:href="#tok_855"/><!-- . -->
<mark id="pos_856" xlink:href="#tok_856"/><!-- ⲛⲧⲉ -->
<mark id="pos_857" xlink:href="#tok_857"/><!-- ⲛⲉ -->
<mark id="pos_858" xlink:href="#tok_858"/><!-- ⲡⲛⲉⲩⲙⲁ -->
<mark id="pos_859" xlink:href="#tok_859"/><!-- ⲛ -->
<mark id="pos_860" xlink:href="#tok_860"/><!-- ⲛⲉ -->
<mark id="pos_861" xlink:href="#tok_861"/><!-- ⲡⲣⲟⲫⲏⲧⲏⲥ -->
<mark id="pos_862" xlink:href="#tok_862"/><!-- ϩⲩⲡⲟⲧⲁⲥⲥⲉ -->
<mark id="pos_863" xlink:href="#tok_863"/><!-- ⲛ -->
<mark id="pos_864" xlink:href="#tok_864"/><!-- ⲛⲉ -->
<mark id="pos_865" xlink:href="#tok_865"/><!-- ⲡⲣⲟⲫⲏⲧⲏⲥ -->
<mark id="pos_866" xlink:href="#tok_866"/><!-- . -->
<mark id="pos_867" xlink:href="#tok_867"/><!-- ⲡ -->
<mark id="pos_868" xlink:href="#tok_868"/><!-- ⲛⲟⲩⲧⲉ -->
<mark id="pos_869" xlink:href="#tok_869"/><!-- ⲅⲁⲣ -->
<mark id="pos_870" xlink:href="#tok_870"/><!-- ⲙⲡⲁ -->
<mark id="pos_871" xlink:href="#tok_871"/><!-- ⲡⲉϣⲧⲟⲣⲧⲣ -->
<mark id="pos_872" xlink:href="#tok_872"/><!-- ⲁⲛ -->
<mark id="pos_873" xlink:href="#tok_873"/><!-- ⲡⲉ -->
<mark id="pos_874" xlink:href="#tok_874"/><!-- . -->
<mark id="pos_875" xlink:href="#tok_875"/><!-- ⲁⲗⲗⲁ -->
<mark id="pos_876" xlink:href="#tok_876"/><!-- ⲡⲁ -->
<mark id="pos_877" xlink:href="#tok_877"/><!-- ⲧ -->
<mark id="pos_878" xlink:href="#tok_878"/><!-- ⲓⲣⲏⲛⲏ -->
<mark id="pos_879" xlink:href="#tok_879"/><!-- ⲡⲉ -->
<mark id="pos_880" xlink:href="#tok_880"/><!-- . -->
<mark id="pos_881" xlink:href="#tok_881"/><!-- ⲛ -->
<mark id="pos_882" xlink:href="#tok_882"/><!-- ⲧ -->
<mark id="pos_883" xlink:href="#tok_883"/><!-- ϩⲉ -->
<mark id="pos_884" xlink:href="#tok_884"/><!-- ⲉⲧ -->
<mark id="pos_885" xlink:href="#tok_885"/><!-- ϣⲟⲟⲡ -->
<mark id="pos_886" xlink:href="#tok_886"/><!-- ϩⲛ -->
<mark id="pos_887" xlink:href="#tok_887"/><!-- ⲛ -->
<mark id="pos_888" xlink:href="#tok_888"/><!-- ⲉⲕⲕⲗⲏⲥⲓⲁ -->
<mark id="pos_889" xlink:href="#tok_889"/><!-- ⲧⲏⲣ -->
<mark id="pos_890" xlink:href="#tok_890"/><!-- ⲟⲩ -->
<mark id="pos_891" xlink:href="#tok_891"/><!-- ⲛ -->
<mark id="pos_892" xlink:href="#tok_892"/><!-- ⲛ -->
<mark id="pos_893" xlink:href="#tok_893"/><!-- ⲉⲧ -->
<mark id="pos_894" xlink:href="#tok_894"/><!-- ⲟⲩⲁⲁⲃ -->
<mark id="pos_895" xlink:href="#tok_895"/><!-- . -->
<mark id="pos_896" xlink:href="#tok_896"/><!-- ⲛⲉϩⲓⲟⲙⲉ -->
<mark id="pos_897" xlink:href="#tok_897"/><!-- ⲙⲁⲣⲟⲩⲕⲁⲣⲱⲟⲩ -->
<mark id="pos_898" xlink:href="#tok_898"/><!-- ϩⲛ -->
<mark id="pos_899" xlink:href="#tok_899"/><!-- ⲧ -->
<mark id="pos_900" xlink:href="#tok_900"/><!-- ⲉⲕⲕⲗⲏⲥⲓⲁ -->
<mark id="pos_901" xlink:href="#tok_901"/><!-- . -->
<mark id="pos_902" xlink:href="#tok_902"/><!-- ⲛⲥⲧⲟ -->
<mark id="pos_903" xlink:href="#tok_903"/><!-- ⲅⲁⲣ -->
<mark id="pos_904" xlink:href="#tok_904"/><!-- ⲛⲁ -->
<mark id="pos_905" xlink:href="#tok_905"/><!-- ⲩ -->
<mark id="pos_906" xlink:href="#tok_906"/><!-- ⲁⲛ -->
<mark id="pos_907" xlink:href="#tok_907"/><!-- ⲉ -->
<mark id="pos_908" xlink:href="#tok_908"/><!-- ϣⲁϫⲉ -->
<mark id="pos_909" xlink:href="#tok_909"/><!-- . -->
<mark id="pos_910" xlink:href="#tok_910"/><!-- ⲁⲗⲗⲁ -->
<mark id="pos_911" xlink:href="#tok_911"/><!-- ⲙⲁⲣⲟⲩϩⲩⲡⲟⲧⲁⲥⲥⲉ -->
<mark id="pos_912" xlink:href="#tok_912"/><!-- ⲕⲁⲧⲁ -->
<mark id="pos_913" xlink:href="#tok_913"/><!-- ⲧ -->
<mark id="pos_914" xlink:href="#tok_914"/><!-- ϩⲉ -->
<mark id="pos_915" xlink:href="#tok_915"/><!-- ⲉⲧⲉⲣⲉ -->
<mark id="pos_916" xlink:href="#tok_916"/><!-- ⲡⲕⲉⲛⲟⲙⲟⲥ -->
<mark id="pos_917" xlink:href="#tok_917"/><!-- ϫⲱ -->
<mark id="pos_918" xlink:href="#tok_918"/><!-- ⲙⲙⲟ -->
<mark id="pos_919" xlink:href="#tok_919"/><!-- ⲥ -->
<mark id="pos_920" xlink:href="#tok_920"/><!-- . -->
<mark id="pos_921" xlink:href="#tok_921"/><!-- ⲉϣⲱⲡⲉ -->
<mark id="pos_922" xlink:href="#tok_922"/><!-- ⲇⲉ -->
<mark id="pos_923" xlink:href="#tok_923"/><!-- ⲥⲉⲟⲩⲉϣⲥⲟⲩ -->
<mark id="pos_924" xlink:href="#tok_924"/><!-- ⲛ -->
<mark id="pos_925" xlink:href="#tok_925"/><!-- ⲟⲩ -->
<mark id="pos_926" xlink:href="#tok_926"/><!-- ϣⲁϫⲉ -->
<mark id="pos_927" xlink:href="#tok_927"/><!-- ⲙⲁⲣⲟⲩϫⲛⲉ -->
<mark id="pos_928" xlink:href="#tok_928"/><!-- ⲛⲉⲩ -->
<mark id="pos_929" xlink:href="#tok_929"/><!-- ϩⲁⲓ -->
<mark id="pos_930" xlink:href="#tok_930"/><!-- ϩⲛ -->
<mark id="pos_931" xlink:href="#tok_931"/><!-- ⲛⲉⲩ -->
<mark id="pos_932" xlink:href="#tok_932"/><!-- ⲏⲓ -->
<mark id="pos_933" xlink:href="#tok_933"/><!-- . -->
<mark id="pos_934" xlink:href="#tok_934"/><!-- ⲟⲩ -->
<mark id="pos_935" xlink:href="#tok_935"/><!-- ϣⲗⲟϥ -->
<mark id="pos_936" xlink:href="#tok_936"/><!-- ⲅⲁⲣ -->
<mark id="pos_937" xlink:href="#tok_937"/><!-- ⲡⲉ -->
<mark id="pos_938" xlink:href="#tok_938"/><!-- ⲛ -->
<mark id="pos_939" xlink:href="#tok_939"/><!-- ⲧⲉ -->
<mark id="pos_940" xlink:href="#tok_940"/><!-- ⲥϩⲓⲙⲉ -->
<mark id="pos_941" xlink:href="#tok_941"/><!-- ⲉ -->
<mark id="pos_942" xlink:href="#tok_942"/><!-- ϣⲁϫⲉ -->
<mark id="pos_943" xlink:href="#tok_943"/><!-- ϩⲛ -->
<mark id="pos_944" xlink:href="#tok_944"/><!-- ⲧ -->
<mark id="pos_945" xlink:href="#tok_945"/><!-- ⲉⲕⲕⲗⲏⲥⲓⲁ -->
<mark id="pos_946" xlink:href="#tok_946"/><!-- . -->
<mark id="pos_947" xlink:href="#tok_947"/><!-- ⲏⲛⲧⲁ -->
<mark id="pos_948" xlink:href="#tok_948"/><!-- ⲡ -->
<mark id="pos_949" xlink:href="#tok_949"/><!-- ϣⲁϫⲉ -->
<mark id="pos_950" xlink:href="#tok_950"/><!-- ⲙ -->
<mark id="pos_951" xlink:href="#tok_951"/><!-- ⲡ -->
<mark id="pos_952" xlink:href="#tok_952"/><!-- ⲛⲟⲩⲧⲉ -->
<mark id="pos_953" xlink:href="#tok_953"/><!-- ⲉ -->
<mark id="pos_954" xlink:href="#tok_954"/><!-- ⲓ -->
<mark id="pos_955" xlink:href="#tok_955"/><!-- ⲉⲃⲟⲗ -->
<mark id="pos_956" xlink:href="#tok_956"/><!-- ⲛϩⲏⲧ -->
<mark id="pos_957" xlink:href="#tok_957"/><!-- ⲧⲏⲩⲧⲛ -->
<mark id="pos_958" xlink:href="#tok_958"/><!-- . -->
<mark id="pos_959" xlink:href="#tok_959"/><!-- ⲏⲛⲧⲁϥⲡⲱϩ -->
<mark id="pos_960" xlink:href="#tok_960"/><!-- ϣⲁⲣⲱ -->
<mark id="pos_961" xlink:href="#tok_961"/><!-- ⲧⲛ -->
<mark id="pos_962" xlink:href="#tok_962"/><!-- ⲟⲩⲁⲧ -->
<mark id="pos_963" xlink:href="#tok_963"/><!-- ⲧⲏⲩⲧⲛ -->
<mark id="pos_964" xlink:href="#tok_964"/><!-- . -->
<mark id="pos_965" xlink:href="#tok_965"/><!-- ⲡ -->
<mark id="pos_966" xlink:href="#tok_966"/><!-- ⲉⲧ -->
<mark id="pos_967" xlink:href="#tok_967"/><!-- ⲙⲉⲉⲩⲉ -->
<mark id="pos_968" xlink:href="#tok_968"/><!-- ϫⲉ -->
<mark id="pos_969" xlink:href="#tok_969"/><!-- ⲟⲩ -->
<mark id="pos_970" xlink:href="#tok_970"/><!-- ⲡⲣⲟⲫⲏⲧⲏⲥ -->
<mark id="pos_971" xlink:href="#tok_971"/><!-- ⲡⲉ -->
<mark id="pos_972" xlink:href="#tok_972"/><!-- . -->
<mark id="pos_973" xlink:href="#tok_973"/><!-- ⲏⲟⲩⲡⲛⲉⲩⲙⲁⲧⲓⲕⲟⲥ -->
<mark id="pos_974" xlink:href="#tok_974"/><!-- ⲙⲁⲣⲉ -->
<mark id="pos_975" xlink:href="#tok_975"/><!-- ϥ -->
<mark id="pos_976" xlink:href="#tok_976"/><!-- ⲉⲓⲙⲉ -->
<mark id="pos_977" xlink:href="#tok_977"/><!-- ⲉ -->
<mark id="pos_978" xlink:href="#tok_978"/><!-- ⲛⲉ -->
<mark id="pos_979" xlink:href="#tok_979"/><!-- ϯ -->
<mark id="pos_980" xlink:href="#tok_980"/><!-- ⲥϩⲁⲓ -->
<mark id="pos_981" xlink:href="#tok_981"/><!-- ⲙⲙⲟ -->
<mark id="pos_982" xlink:href="#tok_982"/><!-- ⲟⲩ -->
<mark id="pos_983" xlink:href="#tok_983"/><!-- ⲛⲏ -->
<mark id="pos_984" xlink:href="#tok_984"/><!-- ⲧⲛ -->
<mark id="pos_985" xlink:href="#tok_985"/><!-- ϫⲉ -->
<mark id="pos_986" xlink:href="#tok_986"/><!-- ϩⲉⲛ -->
<mark id="pos_987" xlink:href="#tok_987"/><!-- ⲉⲛⲧⲟⲗⲏ -->
<mark id="pos_988" xlink:href="#tok_988"/><!-- ⲛⲧⲉ -->
<mark id="pos_989" xlink:href="#tok_989"/><!-- ⲡ -->
<mark id="pos_990" xlink:href="#tok_990"/><!-- ϫⲟⲉⲓⲥ -->
<mark id="pos_991" xlink:href="#tok_991"/><!-- ⲛⲉ -->
<mark id="pos_992" xlink:href="#tok_992"/><!-- . -->
<mark id="pos_993" xlink:href="#tok_993"/><!-- ⲡ -->
<mark id="pos_994" xlink:href="#tok_994"/><!-- ⲉⲧ -->
<mark id="pos_995" xlink:href="#tok_995"/><!-- ⲟ -->
<mark id="pos_996" xlink:href="#tok_996"/><!-- ⲇⲉ -->
<mark id="pos_997" xlink:href="#tok_997"/><!-- ⲛⲁ -->
<mark id="pos_998" xlink:href="#tok_998"/><!-- ⲧ -->
<mark id="pos_999" xlink:href="#tok_999"/><!-- ⲥⲟⲟⲩⲛ -->
<mark id="pos_1000" xlink:href="#tok_1000"/><!-- ⲥⲉ -->
<mark id="pos_1001" xlink:href="#tok_1001"/><!-- ⲟ -->
<mark id="pos_1002" xlink:href="#tok_1002"/><!-- ⲛⲁ -->
<mark id="pos_1003" xlink:href="#tok_1003"/><!-- ⲧ -->
<mark id="pos_1004" xlink:href="#tok_1004"/><!-- ⲥⲟⲟⲩⲛ -->
<mark id="pos_1005" xlink:href="#tok_1005"/><!-- ⲙⲙⲟ -->
<mark id="pos_1006" xlink:href="#tok_1006"/><!-- ϥ -->
<mark id="pos_1007" xlink:href="#tok_1007"/><!-- . -->
<mark id="pos_1008" xlink:href="#tok_1008"/><!-- ϩⲱⲥⲧⲉ -->
<mark id="pos_1009" xlink:href="#tok_1009"/><!-- ⲛⲁ -->
<mark id="pos_1010" xlink:href="#tok_1010"/><!-- ⲥⲛⲏⲩ -->
<mark id="pos_1011" xlink:href="#tok_1011"/><!-- ⲕⲱϩ -->
<mark id="pos_1012" xlink:href="#tok_1012"/><!-- ⲉ -->
<mark id="pos_1013" xlink:href="#tok_1013"/><!-- ⲡⲣⲟⲫⲏⲧⲉⲩⲉ -->
<mark id="pos_1014" xlink:href="#tok_1014"/><!-- . -->
<mark id="pos_1015" xlink:href="#tok_1015"/><!-- ⲁⲩⲱ -->
<mark id="pos_1016" xlink:href="#tok_1016"/><!-- ⲙⲡⲣ -->
<mark id="pos_1017" xlink:href="#tok_1017"/><!-- ⲕⲱⲗⲩ -->
<mark id="pos_1018" xlink:href="#tok_1018"/><!-- ⲉ -->
<mark id="pos_1019" xlink:href="#tok_1019"/><!-- ϣⲁϫⲉ -->
<mark id="pos_1020" xlink:href="#tok_1020"/><!-- ϩⲛ -->
<mark id="pos_1021" xlink:href="#tok_1021"/><!-- ⲛ -->
<mark id="pos_1022" xlink:href="#tok_1022"/><!-- ⲁⲥⲡⲉ -->
<mark id="pos_1023" xlink:href="#tok_1023"/><!-- . -->
<mark id="pos_1024" xlink:href="#tok_1024"/><!-- ⲙⲁⲣⲟⲩϣⲱⲡⲉ -->
<mark id="pos_1025" xlink:href="#tok_1025"/><!-- ⲇⲉ -->
<mark id="pos_1026" xlink:href="#tok_1026"/><!-- ⲧⲏⲣ -->
<mark id="pos_1027" xlink:href="#tok_1027"/><!-- ⲟⲩ -->
<mark id="pos_1028" xlink:href="#tok_1028"/><!-- ϩⲛ -->
<mark id="pos_1029" xlink:href="#tok_1029"/><!-- ⲟⲩⲧⲥⲁⲛⲟ -->
<mark id="pos_1030" xlink:href="#tok_1030"/><!-- . -->
<mark id="pos_1031" xlink:href="#tok_1031"/><!-- ⲁⲩⲱ -->
<mark id="pos_1032" xlink:href="#tok_1032"/><!-- ⲕⲁⲧⲁ -->
<mark id="pos_1033" xlink:href="#tok_1033"/><!-- ⲧⲁⲝⲓⲥ -->
<mark id="pos_1034" xlink:href="#tok_1034"/><!-- . -->
</markList>
</paula>
