<?xml version='1.0' encoding='UTF-8'?><!DOCTYPE paula SYSTEM "paula_feat.dtd">
<paula version="1.1">
	<header paula_id="scriptorium.helias_martyrdom_part2.mark_ed_page_n"/>
	<featList xmlns:xlink="http://www.w3.org/1999/xlink" type="ed_page_n" xml:base="scriptorium.helias_martyrdom_part2.mark.xml">
		<feat xlink:href="#sSpan11" value="0013"/>
		<feat xlink:href="#sSpan780" value="0014"/>
		<feat xlink:href="#sSpan1480" value="0015"/>
		<feat xlink:href="#sSpan2225" value="0016"/>
		<feat xlink:href="#sSpan2955" value="0017"/>
		<feat xlink:href="#sSpan3686" value="0018"/>
		<feat xlink:href="#sSpan4414" value="0019"/>
		<feat xlink:href="#sSpan5173" value="0020"/>
		<feat xlink:href="#sSpan5910" value="0021"/>
		<feat xlink:href="#sSpan6701" value="0022"/>
		<feat xlink:href="#sSpan7404" value="0023"/>
		<feat xlink:href="#sSpan8099" value="0024"/>
		<feat xlink:href="#sSpan8792" value="0025"/></featList></paula>