<?xml version='1.0' encoding='UTF-8'?><!DOCTYPE paula SYSTEM "paula_feat.dtd">
<paula version="1.1">
	<header paula_id="scriptorium.helias_martyrdom_part2.mark_translation"/>
	<featList xmlns:xlink="http://www.w3.org/1999/xlink" type="translation" xml:base="scriptorium.helias_martyrdom_part2.mark.xml">
		<feat xlink:href="#sSpan9" value="..."/>
		<feat xlink:href="#sSpan88" value="..."/>
		<feat xlink:href="#sSpan190" value="..."/>
		<feat xlink:href="#sSpan236" value="..."/>
		<feat xlink:href="#sSpan416" value="..."/>
		<feat xlink:href="#sSpan500" value="..."/>
		<feat xlink:href="#sSpan593" value="..."/>
		<feat xlink:href="#sSpan726" value="..."/>
		<feat xlink:href="#sSpan875" value="..."/>
		<feat xlink:href="#sSpan917" value="..."/>
		<feat xlink:href="#sSpan1032" value="..."/>
		<feat xlink:href="#sSpan1147" value="..."/>
		<feat xlink:href="#sSpan1248" value="..."/>
		<feat xlink:href="#sSpan1345" value="..."/>
		<feat xlink:href="#sSpan1546" value="..."/>
		<feat xlink:href="#sSpan1576" value="..."/>
		<feat xlink:href="#sSpan1674" value="..."/>
		<feat xlink:href="#sSpan2000" value="..."/>
		<feat xlink:href="#sSpan2076" value="..."/>
		<feat xlink:href="#sSpan2387" value="..."/>
		<feat xlink:href="#sSpan2501" value="..."/>
		<feat xlink:href="#sSpan2565" value="..."/>
		<feat xlink:href="#sSpan2695" value="..."/>
		<feat xlink:href="#sSpan2745" value="..."/>
		<feat xlink:href="#sSpan2858" value="..."/>
		<feat xlink:href="#sSpan3033" value="..."/>
		<feat xlink:href="#sSpan3106" value="..."/>
		<feat xlink:href="#sSpan3169" value="..."/>
		<feat xlink:href="#sSpan3276" value="..."/>
		<feat xlink:href="#sSpan3377" value="..."/>
		<feat xlink:href="#sSpan3519" value="..."/>
		<feat xlink:href="#sSpan3603" value="..."/>
		<feat xlink:href="#sSpan3763" value="..."/>
		<feat xlink:href="#sSpan3938" value="..."/>
		<feat xlink:href="#sSpan4115" value="..."/>
		<feat xlink:href="#sSpan4233" value="..."/>
		<feat xlink:href="#sSpan4313" value="..."/>
		<feat xlink:href="#sSpan4391" value="..."/>
		<feat xlink:href="#sSpan4479" value="..."/>
		<feat xlink:href="#sSpan4597" value="..."/>
		<feat xlink:href="#sSpan4662" value="..."/>
		<feat xlink:href="#sSpan4751" value="..."/>
		<feat xlink:href="#sSpan4811" value="..."/>
		<feat xlink:href="#sSpan5036" value="..."/>
		<feat xlink:href="#sSpan5213" value="..."/>
		<feat xlink:href="#sSpan5329" value="..."/>
		<feat xlink:href="#sSpan5472" value="..."/>
		<feat xlink:href="#sSpan5590" value="..."/>
		<feat xlink:href="#sSpan5639" value="..."/>
		<feat xlink:href="#sSpan5716" value="..."/>
		<feat xlink:href="#sSpan5819" value="..."/>
		<feat xlink:href="#sSpan5850" value="..."/>
		<feat xlink:href="#sSpan6042" value="..."/>
		<feat xlink:href="#sSpan6223" value="..."/>
		<feat xlink:href="#sSpan6272" value="..."/>
		<feat xlink:href="#sSpan6443" value="..."/>
		<feat xlink:href="#sSpan6587" value="..."/>
		<feat xlink:href="#sSpan6634" value="..."/>
		<feat xlink:href="#sSpan6750" value="..."/>
		<feat xlink:href="#sSpan6842" value="..."/>
		<feat xlink:href="#sSpan7029" value="..."/>
		<feat xlink:href="#sSpan7060" value="..."/>
		<feat xlink:href="#sSpan7248" value="..."/>
		<feat xlink:href="#sSpan7287" value="..."/>
		<feat xlink:href="#sSpan7338" value="..."/>
		<feat xlink:href="#sSpan7389" value="..."/>
		<feat xlink:href="#sSpan7498" value="..."/>
		<feat xlink:href="#sSpan7674" value="..."/>
		<feat xlink:href="#sSpan7982" value="..."/>
		<feat xlink:href="#sSpan8150" value="..."/>
		<feat xlink:href="#sSpan8268" value="..."/>
		<feat xlink:href="#sSpan8343" value="..."/>
		<feat xlink:href="#sSpan8396" value="..."/>
		<feat xlink:href="#sSpan8476" value="..."/>
		<feat xlink:href="#sSpan8596" value="..."/>
		<feat xlink:href="#sSpan8695" value="..."/>
		<feat xlink:href="#sSpan8868" value="..."/>
		<feat xlink:href="#sSpan8934" value="..."/>
		<feat xlink:href="#sSpan8989" value="..."/>
		<feat xlink:href="#sSpan9080" value="..."/>
		<feat xlink:href="#sSpan9140" value="..."/>
		<feat xlink:href="#sSpan9496" value="..."/>
		<feat xlink:href="#sSpan9558" value="..."/>
		<feat xlink:href="#sSpan9639" value="..."/></featList></paula>