<?xml version='1.0' encoding='UTF-8'?><!DOCTYPE paula SYSTEM "paula_feat.dtd">
<paula version="1.1">
	<header paula_id="scriptorium.40_Matthew_09.mark_morph"/>
	<featList xmlns:xlink="http://www.w3.org/1999/xlink" type="morph" xml:base="scriptorium.40_Matthew_09.mark.xml">
		<feat xlink:href="#sSpan128" value="ⲛ"/>
		<feat xlink:href="#sSpan131" value="ϩⲏⲧ"/>
		<feat xlink:href="#sSpan142" value="ϫⲓ"/>
		<feat xlink:href="#sSpan144" value="ⲟⲩⲁ"/>
		<feat xlink:href="#sSpan177" value="ⲡ"/>
		<feat xlink:href="#sSpan179" value="ⲉⲧ"/>
		<feat xlink:href="#sSpan180" value="ϩⲟⲟⲩ"/>
		<feat xlink:href="#sSpan338" value="ⲣ"/>
		<feat xlink:href="#sSpan340" value="ϩⲟⲧⲉ"/>
		<feat xlink:href="#sSpan346" value="ϯ"/>
		<feat xlink:href="#sSpan348" value="ⲉⲟⲟⲩ"/>
		<feat xlink:href="#sSpan477" value="ⲣⲉϥ"/>
		<feat xlink:href="#sSpan479" value="ⲣ"/>
		<feat xlink:href="#sSpan480" value="ⲛⲟⲃⲉ"/>
		<feat xlink:href="#sSpan544" value="ⲣⲉϥ"/>
		<feat xlink:href="#sSpan546" value="ⲣ"/>
		<feat xlink:href="#sSpan547" value="ⲛⲟⲃⲉ"/>
		<feat xlink:href="#sSpan640" value="ⲣⲉϥ"/>
		<feat xlink:href="#sSpan642" value="ⲣ"/>
		<feat xlink:href="#sSpan643" value="ⲛⲟⲃⲉ"/>
		<feat xlink:href="#sSpan776" value="ⲁⲧ"/>
		<feat xlink:href="#sSpan778" value="ϣⲉⲗⲉⲉⲧ"/>
		<feat xlink:href="#sSpan1073" value="ⲛ"/>
		<feat xlink:href="#sSpan1076" value="ϩⲏⲧ"/>
		<feat xlink:href="#sSpan1195" value="ⲣⲉϥ"/>
		<feat xlink:href="#sSpan1197" value="ϫⲟ"/>
		<feat xlink:href="#sSpan1370" value="ϫⲓ"/>
		<feat xlink:href="#sSpan1372" value="ϣⲕⲁⲕ"/>
		<feat xlink:href="#sSpan1641" value="ⲣ"/>
		<feat xlink:href="#sSpan1643" value="ϣⲡⲏⲣⲉ"/>
		<feat xlink:href="#sSpan1738" value="ϯ"/>
		<feat xlink:href="#sSpan1740" value="ⲙⲉ"/>
		<feat xlink:href="#sSpan1744" value="ϯ"/>
		<feat xlink:href="#sSpan1746" value="ⲥⲃⲱ"/>
		<feat xlink:href="#sSpan1761" value="ⲧⲁϣⲉ"/>
		<feat xlink:href="#sSpan1763" value="ⲟⲉⲓϣ"/>
		<feat xlink:href="#sSpan1771" value="ⲙⲛⲧ"/>
		<feat xlink:href="#sSpan1773" value="ⲣⲣⲟ"/>
		<feat xlink:href="#sSpan1835" value="ⲙⲛⲧ"/>
		<feat xlink:href="#sSpan1837" value="ⲟⲩϣⲱⲥ"/></featList></paula>