<?xml version='1.0' encoding='UTF-8'?><!DOCTYPE paula SYSTEM "paula_feat.dtd">
<paula version="1.1">
	<header paula_id="scriptorium.40_Matthew_09.mark_norm"/>
	<featList xmlns:xlink="http://www.w3.org/1999/xlink" type="norm" xml:base="scriptorium.40_Matthew_09.mark.xml">
		<feat xlink:href="#sSpan2" value="ⲁ"/>
		<feat xlink:href="#sSpan4" value="ϥ"/>
		<feat xlink:href="#sSpan5" value="ⲁⲗⲉ"/>
		<feat xlink:href="#sSpan6" value="ⲇⲉ"/>
		<feat xlink:href="#sSpan8" value="ⲉ"/>
		<feat xlink:href="#sSpan10" value="ⲡ"/>
		<feat xlink:href="#sSpan11" value="ϫⲟⲓ"/>
		<feat xlink:href="#sSpan12" value="ⲁ"/>
		<feat xlink:href="#sSpan14" value="ϥ"/>
		<feat xlink:href="#sSpan15" value="ϫⲓⲟⲟⲣ"/>
		<feat xlink:href="#sSpan16" value="ⲁ"/>
		<feat xlink:href="#sSpan18" value="ϥ"/>
		<feat xlink:href="#sSpan19" value="ⲉⲓ"/>
		<feat xlink:href="#sSpan20" value="ⲉϩⲣⲁⲓ"/>
		<feat xlink:href="#sSpan22" value="ⲉ"/>
		<feat xlink:href="#sSpan24" value="ⲧⲉϥ"/>
		<feat xlink:href="#sSpan25" value="ⲡⲟⲗⲓⲥ"/>
		<feat xlink:href="#sSpan26" value="ⲙⲙⲓⲛ"/>
		<feat xlink:href="#sSpan28" value="ⲙⲙⲟ"/>
		<feat xlink:href="#sSpan30" value="ϥ"/>
		<feat xlink:href="#sSpan31" value="."/>
		<feat xlink:href="#sSpan34" value="ⲁⲩⲱ"/>
		<feat xlink:href="#sSpan36" value="ⲉⲓⲥ"/>
		<feat xlink:href="#sSpan38" value="ϩⲏⲏⲧⲉ"/>
		<feat xlink:href="#sSpan40" value="ⲁ"/>
		<feat xlink:href="#sSpan42" value="ⲩ"/>
		<feat xlink:href="#sSpan43" value="ⲉⲓⲛⲉ"/>
		<feat xlink:href="#sSpan44" value="ⲛⲁ"/>
		<feat xlink:href="#sSpan46" value="ϥ"/>
		<feat xlink:href="#sSpan47" value="ⲛ"/>
		<feat xlink:href="#sSpan49" value="ⲟⲩ"/>
		<feat xlink:href="#sSpan50" value="ⲣⲱⲙⲉ"/>
		<feat xlink:href="#sSpan51" value="ⲉ"/>
		<feat xlink:href="#sSpan53" value="ϥ"/>
		<feat xlink:href="#sSpan54" value="ⲥⲏϭ"/>
		<feat xlink:href="#sSpan55" value="ⲉ"/>
		<feat xlink:href="#sSpan57" value="ϥ"/>
		<feat xlink:href="#sSpan58" value="ⲛⲏϫ"/>
		<feat xlink:href="#sSpan59" value="ϩⲓϫⲛ"/>
		<feat xlink:href="#sSpan61" value="ⲟⲩ"/>
		<feat xlink:href="#sSpan63" value="ⲙⲁ"/>
		<feat xlink:href="#sSpan64" value="ⲛ"/>
		<feat xlink:href="#sSpan66" value="ⲛⲕⲟⲧⲕ"/>
		<feat xlink:href="#sSpan67" value="."/>
		<feat xlink:href="#sSpan69" value="ⲓⲏⲥⲟⲩⲥ"/>
		<feat xlink:href="#sSpan71" value="ⲇⲉ"/>
		<feat xlink:href="#sSpan73" value="ⲛⲧⲉⲣⲉ"/>
		<feat xlink:href="#sSpan75" value="ϥ"/>
		<feat xlink:href="#sSpan76" value="ⲛⲁⲩ"/>
		<feat xlink:href="#sSpan77" value="ⲉ"/>
		<feat xlink:href="#sSpan79" value="ⲧⲉⲩ"/>
		<feat xlink:href="#sSpan80" value="ⲡⲓⲥⲧⲓⲥ"/>
		<feat xlink:href="#sSpan81" value="ⲡⲉϫⲁ"/>
		<feat xlink:href="#sSpan83" value="ϥ"/>
		<feat xlink:href="#sSpan84" value="ⲙ"/>
		<feat xlink:href="#sSpan86" value="ⲡ"/>
		<feat xlink:href="#sSpan87" value="ⲉⲧ"/>
		<feat xlink:href="#sSpan88" value="ⲥⲏϭ"/>
		<feat xlink:href="#sSpan89" value="."/>
		<feat xlink:href="#sSpan91" value="ϫⲉ"/>
		<feat xlink:href="#sSpan93" value="ⲧⲱⲕ"/>
		<feat xlink:href="#sSpan95" value="ⲙⲙⲟ"/>
		<feat xlink:href="#sSpan97" value="ⲕ"/>
		<feat xlink:href="#sSpan98" value="ⲡⲁ"/>
		<feat xlink:href="#sSpan100" value="ϣⲏⲣⲉ"/>
		<feat xlink:href="#sSpan101" value="ⲛⲉⲕ"/>
		<feat xlink:href="#sSpan103" value="ⲛⲟⲃⲉ"/>
		<feat xlink:href="#sSpan104" value="ⲕⲏ"/>
		<feat xlink:href="#sSpan106" value="ⲛⲁ"/>
		<feat xlink:href="#sSpan108" value="ⲕ"/>
		<feat xlink:href="#sSpan109" value="ⲉⲃⲟⲗ"/>
		<feat xlink:href="#sSpan111" value="."/>
		<feat xlink:href="#sSpan114" value="ⲁⲩⲱ"/>
		<feat xlink:href="#sSpan116" value="ⲉⲓⲥ"/>
		<feat xlink:href="#sSpan118" value="ϩⲟⲓⲛⲉ"/>
		<feat xlink:href="#sSpan119" value="ⲛ"/>
		<feat xlink:href="#sSpan121" value="ⲛⲉ"/>
		<feat xlink:href="#sSpan122" value="ⲅⲣⲁⲙⲙⲁⲧⲉⲩⲥ"/>
		<feat xlink:href="#sSpan123" value="ⲡⲉϫⲁ"/>
		<feat xlink:href="#sSpan125" value="ⲩ"/>
		<feat xlink:href="#sSpan126" value="ϩⲣⲁⲓ"/>
		<feat xlink:href="#sSpan129" value="ⲛϩⲏⲧ"/>
		<feat xlink:href="#sSpan132" value="ⲟⲩ"/>
		<feat xlink:href="#sSpan133" value="."/>
		<feat xlink:href="#sSpan135" value="ϫⲉ"/>
		<feat xlink:href="#sSpan137" value="ⲡⲁⲓ"/>
		<feat xlink:href="#sSpan139" value="ⲉ"/>
		<feat xlink:href="#sSpan141" value="ϥ"/>
		<feat xlink:href="#sSpan143" value="ϫⲓⲟⲩⲁ"/>
		<feat xlink:href="#sSpan145" value="."/>
		<feat xlink:href="#sSpan148" value="ⲓⲏⲥⲟⲩⲥ"/>
		<feat xlink:href="#sSpan150" value="ⲇⲉ"/>
		<feat xlink:href="#sSpan152" value="ⲉ"/>
		<feat xlink:href="#sSpan154" value="ϥ"/>
		<feat xlink:href="#sSpan155" value="ⲥⲟⲟⲩⲛ"/>
		<feat xlink:href="#sSpan156" value="ⲛ"/>
		<feat xlink:href="#sSpan158" value="ⲛⲉⲩ"/>
		<feat xlink:href="#sSpan159" value="ⲙⲉⲉⲩⲉ"/>
		<feat xlink:href="#sSpan160" value="ⲡⲉϫⲁ"/>
		<feat xlink:href="#sSpan162" value="ϥ"/>
		<feat xlink:href="#sSpan163" value="ⲛⲁ"/>
		<feat xlink:href="#sSpan165" value="ⲩ"/>
		<feat xlink:href="#sSpan166" value="ϫⲉ"/>
		<feat xlink:href="#sSpan168" value="ⲁϩⲣⲱ"/>
		<feat xlink:href="#sSpan170" value="ⲧⲛ"/>
		<feat xlink:href="#sSpan171" value="ⲧⲉⲧⲛ"/>
		<feat xlink:href="#sSpan173" value="ⲙⲉⲉⲩⲉ"/>
		<feat xlink:href="#sSpan174" value="ⲉ"/>
		<feat xlink:href="#sSpan176" value="ϩⲉⲛ"/>
		<feat xlink:href="#sSpan178" value="ⲡⲉⲧϩⲟⲟⲩ"/>
		<feat xlink:href="#sSpan181" value="ϩⲣⲁⲓ"/>
		<feat xlink:href="#sSpan183" value="ϩⲛ"/>
		<feat xlink:href="#sSpan185" value="ⲛⲉⲧⲛ"/>
		<feat xlink:href="#sSpan187" value="ϩⲏⲧ"/>
		<feat xlink:href="#sSpan188" value="."/>
		<feat xlink:href="#sSpan191" value="ⲁϣ"/>
		<feat xlink:href="#sSpan193" value="ⲅⲁⲣ"/>
		<feat xlink:href="#sSpan195" value="ⲡ"/>
		<feat xlink:href="#sSpan197" value="ⲉⲧ"/>
		<feat xlink:href="#sSpan198" value="ⲙⲟⲧⲛ"/>
		<feat xlink:href="#sSpan199" value="."/>
		<feat xlink:href="#sSpan201" value="ⲉ"/>
		<feat xlink:href="#sSpan203" value="ϫⲟⲟ"/>
		<feat xlink:href="#sSpan204" value="ⲥ"/>
		<feat xlink:href="#sSpan205" value="ⲡⲉ"/>
		<feat xlink:href="#sSpan207" value="ϫⲉ"/>
		<feat xlink:href="#sSpan209" value="ⲛⲉⲕ"/>
		<feat xlink:href="#sSpan211" value="ⲛⲟⲃⲉ"/>
		<feat xlink:href="#sSpan212" value="ⲕⲏ"/>
		<feat xlink:href="#sSpan214" value="ⲛⲁ"/>
		<feat xlink:href="#sSpan216" value="ⲕ"/>
		<feat xlink:href="#sSpan217" value="ⲉⲃⲟⲗ"/>
		<feat xlink:href="#sSpan219" value="ϫⲛⲉ"/>
		<feat xlink:href="#sSpan221" value="ϫⲟⲟ"/>
		<feat xlink:href="#sSpan222" value="ⲥ"/>
		<feat xlink:href="#sSpan223" value="ⲡⲉ"/>
		<feat xlink:href="#sSpan225" value="ϫⲉ"/>
		<feat xlink:href="#sSpan227" value="ⲧⲱⲟⲩⲛ"/>
		<feat xlink:href="#sSpan229" value="ⲛ"/>
		<feat xlink:href="#sSpan231" value="ⲅ"/>
		<feat xlink:href="#sSpan232" value="ⲙⲟⲟϣⲉ"/>
		<feat xlink:href="#sSpan233" value="."/>
		<feat xlink:href="#sSpan236" value="ϫⲉⲕⲁⲁⲥ"/>
		<feat xlink:href="#sSpan238" value="ⲇⲉ"/>
		<feat xlink:href="#sSpan240" value="ⲉ"/>
		<feat xlink:href="#sSpan242" value="ⲧⲉⲧⲛ"/>
		<feat xlink:href="#sSpan243" value="ⲉ"/>
		<feat xlink:href="#sSpan244" value="ⲉⲓⲙⲉ"/>
		<feat xlink:href="#sSpan245" value="ϫⲉ"/>
		<feat xlink:href="#sSpan247" value="ⲟⲩⲛⲧⲉ"/>
		<feat xlink:href="#sSpan249" value="ⲡ"/>
		<feat xlink:href="#sSpan250" value="ϣⲏⲣⲉ"/>
		<feat xlink:href="#sSpan251" value="ⲙ"/>
		<feat xlink:href="#sSpan253" value="ⲡ"/>
		<feat xlink:href="#sSpan254" value="ⲣⲱⲙⲉ"/>
		<feat xlink:href="#sSpan255" value="ⲉⲝⲟⲩⲥⲓⲁ"/>
		<feat xlink:href="#sSpan257" value="ⲉϩⲣⲁⲓ"/>
		<feat xlink:href="#sSpan259" value="ϩⲓϫⲙ"/>
		<feat xlink:href="#sSpan261" value="ⲡ"/>
		<feat xlink:href="#sSpan263" value="ⲕⲁϩ"/>
		<feat xlink:href="#sSpan264" value="ⲉ"/>
		<feat xlink:href="#sSpan266" value="ⲕⲁ"/>
		<feat xlink:href="#sSpan267" value="ⲛⲟⲃⲉ"/>
		<feat xlink:href="#sSpan268" value="ⲉⲃⲟⲗ"/>
		<feat xlink:href="#sSpan270" value="ⲧⲟⲧⲉ"/>
		<feat xlink:href="#sSpan272" value="ⲡⲉϫⲁ"/>
		<feat xlink:href="#sSpan274" value="ϥ"/>
		<feat xlink:href="#sSpan275" value="ⲙ"/>
		<feat xlink:href="#sSpan277" value="ⲡ"/>
		<feat xlink:href="#sSpan278" value="ⲉⲧ"/>
		<feat xlink:href="#sSpan279" value="ⲥⲏϭ"/>
		<feat xlink:href="#sSpan280" value="ϫⲉ"/>
		<feat xlink:href="#sSpan282" value="ⲧⲱⲟⲩⲛ"/>
		<feat xlink:href="#sSpan284" value="ⲛ"/>
		<feat xlink:href="#sSpan286" value="ⲅ"/>
		<feat xlink:href="#sSpan287" value="ϥⲓ"/>
		<feat xlink:href="#sSpan288" value="ⲙ"/>
		<feat xlink:href="#sSpan290" value="ⲡⲉⲕ"/>
		<feat xlink:href="#sSpan291" value="ϭⲗⲟϭ"/>
		<feat xlink:href="#sSpan292" value="ⲛ"/>
		<feat xlink:href="#sSpan294" value="ⲅ"/>
		<feat xlink:href="#sSpan295" value="ⲃⲱⲕ"/>
		<feat xlink:href="#sSpan296" value="ⲉϩⲣⲁⲓ"/>
		<feat xlink:href="#sSpan298" value="ⲉ"/>
		<feat xlink:href="#sSpan300" value="ⲡⲉⲕ"/>
		<feat xlink:href="#sSpan301" value="ⲏⲓ"/>
		<feat xlink:href="#sSpan302" value="."/>
		<feat xlink:href="#sSpan305" value="ⲁ"/>
		<feat xlink:href="#sSpan307" value="ϥ"/>
		<feat xlink:href="#sSpan308" value="ⲧⲱⲟⲩⲛ"/>
		<feat xlink:href="#sSpan309" value="ⲇⲉ"/>
		<feat xlink:href="#sSpan311" value="ⲁ"/>
		<feat xlink:href="#sSpan313" value="ϥ"/>
		<feat xlink:href="#sSpan314" value="ⲃⲱⲕ"/>
		<feat xlink:href="#sSpan315" value="ⲉϩⲣⲁⲓ"/>
		<feat xlink:href="#sSpan317" value="ⲉ"/>
		<feat xlink:href="#sSpan319" value="ⲡⲉϥ"/>
		<feat xlink:href="#sSpan320" value="ⲏⲓ"/>
		<feat xlink:href="#sSpan321" value="."/>
		<feat xlink:href="#sSpan324" value="ⲁ"/>
		<feat xlink:href="#sSpan326" value="ⲩ"/>
		<feat xlink:href="#sSpan327" value="ⲛⲁⲩ"/>
		<feat xlink:href="#sSpan328" value="ⲇⲉ"/>
		<feat xlink:href="#sSpan330" value="ⲛϭⲓ"/>
		<feat xlink:href="#sSpan332" value="ⲙ"/>
		<feat xlink:href="#sSpan334" value="ⲙⲏⲏϣⲉ"/>
		<feat xlink:href="#sSpan335" value="ⲁ"/>
		<feat xlink:href="#sSpan337" value="ⲩ"/>
		<feat xlink:href="#sSpan339" value="ⲣϩⲟⲧⲉ"/>
		<feat xlink:href="#sSpan341" value="ⲁⲩⲱ"/>
		<feat xlink:href="#sSpan343" value="ⲁ"/>
		<feat xlink:href="#sSpan345" value="ⲩ"/>
		<feat xlink:href="#sSpan347" value="ϯⲉⲟⲟⲩ"/>
		<feat xlink:href="#sSpan349" value="ⲙ"/>
		<feat xlink:href="#sSpan351" value="ⲡ"/>
		<feat xlink:href="#sSpan352" value="ⲛⲟⲩⲧⲉ"/>
		<feat xlink:href="#sSpan353" value="ⲡ"/>
		<feat xlink:href="#sSpan355" value="ⲉⲛⲧ"/>
		<feat xlink:href="#sSpan356" value="ⲁ"/>
		<feat xlink:href="#sSpan357" value="ϥ"/>
		<feat xlink:href="#sSpan358" value="ϯⲉⲝⲟⲩⲥⲓⲁ"/>
		<feat xlink:href="#sSpan359" value="ⲛ"/>
		<feat xlink:href="#sSpan361" value="ⲧⲉⲓ"/>
		<feat xlink:href="#sSpan362" value="ⲙⲓⲛⲉ"/>
		<feat xlink:href="#sSpan363" value="ⲛ"/>
		<feat xlink:href="#sSpan365" value="ⲛ"/>
		<feat xlink:href="#sSpan366" value="ⲣⲱⲙⲉ"/>
		<feat xlink:href="#sSpan367" value="."/>
		<feat xlink:href="#sSpan370" value="ⲛⲧⲉⲣⲉ"/>
		<feat xlink:href="#sSpan372" value="ⲓⲏⲥⲟⲩⲥ"/>
		<feat xlink:href="#sSpan374" value="ⲇⲉ"/>
		<feat xlink:href="#sSpan376" value="ⲡⲁⲣⲁⲅⲉ"/>
		<feat xlink:href="#sSpan378" value="ⲉⲃⲟⲗ"/>
		<feat xlink:href="#sSpan380" value="ϩⲙ"/>
		<feat xlink:href="#sSpan382" value="ⲡ"/>
		<feat xlink:href="#sSpan384" value="ⲙⲁ"/>
		<feat xlink:href="#sSpan385" value="ⲉⲧ"/>
		<feat xlink:href="#sSpan387" value="ⲙⲙⲁⲩ"/>
		<feat xlink:href="#sSpan388" value="ⲁ"/>
		<feat xlink:href="#sSpan390" value="ϥ"/>
		<feat xlink:href="#sSpan391" value="ⲛⲁⲩ"/>
		<feat xlink:href="#sSpan392" value="ⲉ"/>
		<feat xlink:href="#sSpan394" value="ⲩ"/>
		<feat xlink:href="#sSpan395" value="ⲣⲱⲙⲉ"/>
		<feat xlink:href="#sSpan396" value="ⲉ"/>
		<feat xlink:href="#sSpan398" value="ϥ"/>
		<feat xlink:href="#sSpan399" value="ϩⲙⲟⲟⲥ"/>
		<feat xlink:href="#sSpan400" value="ϩⲓ"/>
		<feat xlink:href="#sSpan402" value="ⲡⲉϥ"/>
		<feat xlink:href="#sSpan403" value="ⲧⲉⲗⲱⲛⲓⲟⲛ"/>
		<feat xlink:href="#sSpan404" value="ⲉ"/>
		<feat xlink:href="#sSpan406" value="ⲡⲉϥ"/>
		<feat xlink:href="#sSpan407" value="ⲣⲁⲛ"/>
		<feat xlink:href="#sSpan408" value="ⲡⲉ"/>
		<feat xlink:href="#sSpan410" value="ⲙⲁⲑⲑⲁⲓⲟⲥ"/>
		<feat xlink:href="#sSpan412" value="."/>
		<feat xlink:href="#sSpan414" value="ⲡⲉϫⲁ"/>
		<feat xlink:href="#sSpan416" value="ϥ"/>
		<feat xlink:href="#sSpan417" value="ⲛⲁ"/>
		<feat xlink:href="#sSpan419" value="ϥ"/>
		<feat xlink:href="#sSpan420" value="ϫⲉ"/>
		<feat xlink:href="#sSpan422" value="ⲟⲩⲁϩ"/>
		<feat xlink:href="#sSpan424" value="ⲕ"/>
		<feat xlink:href="#sSpan425" value="ⲛⲥⲱ"/>
		<feat xlink:href="#sSpan427" value="ⲓ"/>
		<feat xlink:href="#sSpan428" value="."/>
		<feat xlink:href="#sSpan430" value="ⲁ"/>
		<feat xlink:href="#sSpan432" value="ϥ"/>
		<feat xlink:href="#sSpan433" value="ⲧⲱⲟⲩⲛ"/>
		<feat xlink:href="#sSpan434" value="ⲇⲉ"/>
		<feat xlink:href="#sSpan436" value="ⲁ"/>
		<feat xlink:href="#sSpan438" value="ϥ"/>
		<feat xlink:href="#sSpan439" value="ⲟⲩⲁϩ"/>
		<feat xlink:href="#sSpan440" value="ϥ"/>
		<feat xlink:href="#sSpan441" value="ⲛⲥⲱ"/>
		<feat xlink:href="#sSpan443" value="ϥ"/>
		<feat xlink:href="#sSpan444" value="."/>
		<feat xlink:href="#sSpan447" value="ⲁ"/>
		<feat xlink:href="#sSpan449" value="ⲥ"/>
		<feat xlink:href="#sSpan450" value="ϣⲱⲡⲉ"/>
		<feat xlink:href="#sSpan451" value="ⲇⲉ"/>
		<feat xlink:href="#sSpan453" value="ⲉ"/>
		<feat xlink:href="#sSpan455" value="ϥ"/>
		<feat xlink:href="#sSpan456" value="ⲛⲏϫ"/>
		<feat xlink:href="#sSpan457" value="ϩⲣⲁⲓ"/>
		<feat xlink:href="#sSpan459" value="ϩⲙ"/>
		<feat xlink:href="#sSpan461" value="ⲡⲉϥ"/>
		<feat xlink:href="#sSpan463" value="ⲏⲓ"/>
		<feat xlink:href="#sSpan464" value="ⲉⲓⲥ"/>
		<feat xlink:href="#sSpan466" value="ϩⲏⲏⲧⲉ"/>
		<feat xlink:href="#sSpan468" value="ⲛⲉ"/>
		<feat xlink:href="#sSpan470" value="ⲩⲛ"/>
		<feat xlink:href="#sSpan471" value="ϩⲁϩ"/>
		<feat xlink:href="#sSpan472" value="ⲛ"/>
		<feat xlink:href="#sSpan474" value="ⲧⲉⲗⲱⲛⲏⲥ"/>
		<feat xlink:href="#sSpan475" value="ϩⲓ"/>
		<feat xlink:href="#sSpan478" value="ⲣⲉϥⲣⲛⲟⲃⲉ"/>
		<feat xlink:href="#sSpan481" value="ⲉ"/>
		<feat xlink:href="#sSpan483" value="ⲩ"/>
		<feat xlink:href="#sSpan484" value="ⲛⲏⲩ"/>
		<feat xlink:href="#sSpan485" value="ⲉ"/>
		<feat xlink:href="#sSpan487" value="ⲩ"/>
		<feat xlink:href="#sSpan488" value="ⲛⲟⲩϫⲉ"/>
		<feat xlink:href="#sSpan489" value="ⲙⲙⲟ"/>
		<feat xlink:href="#sSpan491" value="ⲟⲩ"/>
		<feat xlink:href="#sSpan492" value="ⲙⲛ"/>
		<feat xlink:href="#sSpan494" value="ⲓⲏⲥⲟⲩⲥ"/>
		<feat xlink:href="#sSpan496" value="ⲁⲩⲱ"/>
		<feat xlink:href="#sSpan498" value="ⲛⲉϥ"/>
		<feat xlink:href="#sSpan500" value="ⲙⲁⲑⲏⲧⲏⲥ"/>
		<feat xlink:href="#sSpan501" value="."/>
		<feat xlink:href="#sSpan504" value="ⲁ"/>
		<feat xlink:href="#sSpan506" value="ⲩ"/>
		<feat xlink:href="#sSpan507" value="ⲛⲁⲩ"/>
		<feat xlink:href="#sSpan508" value="ⲇⲉ"/>
		<feat xlink:href="#sSpan510" value="ⲛϭⲓ"/>
		<feat xlink:href="#sSpan512" value="ⲛⲉ"/>
		<feat xlink:href="#sSpan514" value="ⲫⲁⲣⲓⲥⲥⲁⲓⲟⲥ"/>
		<feat xlink:href="#sSpan515" value="ⲡⲉϫⲁ"/>
		<feat xlink:href="#sSpan517" value="ⲩ"/>
		<feat xlink:href="#sSpan518" value="ⲛ"/>
		<feat xlink:href="#sSpan520" value="ⲛⲉϥ"/>
		<feat xlink:href="#sSpan521" value="ⲙⲁⲑⲏⲧⲏⲥ"/>
		<feat xlink:href="#sSpan522" value="."/>
		<feat xlink:href="#sSpan524" value="ϫⲉ"/>
		<feat xlink:href="#sSpan526" value="ⲉⲧⲃⲉ"/>
		<feat xlink:href="#sSpan528" value="ⲟⲩ"/>
		<feat xlink:href="#sSpan530" value="ⲡⲉⲧⲛ"/>
		<feat xlink:href="#sSpan532" value="ⲥⲁϩ"/>
		<feat xlink:href="#sSpan533" value="ⲟⲩⲱⲙ"/>
		<feat xlink:href="#sSpan535" value="ⲙⲛ"/>
		<feat xlink:href="#sSpan537" value="ⲛ"/>
		<feat xlink:href="#sSpan539" value="ⲧⲉⲗⲱⲛⲏⲥ"/>
		<feat xlink:href="#sSpan540" value="ⲁⲩⲱ"/>
		<feat xlink:href="#sSpan542" value="ⲛ"/>
		<feat xlink:href="#sSpan545" value="ⲣⲉϥⲣⲛⲟⲃⲉ"/>
		<feat xlink:href="#sSpan548" value="."/>
		<feat xlink:href="#sSpan551" value="ⲛⲧⲟϥ"/>
		<feat xlink:href="#sSpan553" value="ⲇⲉ"/>
		<feat xlink:href="#sSpan555" value="ⲁ"/>
		<feat xlink:href="#sSpan557" value="ϥ"/>
		<feat xlink:href="#sSpan558" value="ⲥⲱⲧⲙ"/>
		<feat xlink:href="#sSpan559" value="ⲡⲉϫⲁ"/>
		<feat xlink:href="#sSpan561" value="ϥ"/>
		<feat xlink:href="#sSpan562" value="."/>
		<feat xlink:href="#sSpan564" value="ϫⲉ"/>
		<feat xlink:href="#sSpan566" value="ⲛ"/>
		<feat xlink:href="#sSpan568" value="ⲉⲧ"/>
		<feat xlink:href="#sSpan569" value="ⲧⲏⲕ"/>
		<feat xlink:href="#sSpan570" value="ⲁⲛ"/>
		<feat xlink:href="#sSpan572" value="ⲛ"/>
		<feat xlink:href="#sSpan574" value="ⲉⲧ"/>
		<feat xlink:href="#sSpan575" value="ⲣⲭⲣⲉⲓⲁ"/>
		<feat xlink:href="#sSpan576" value="ⲙ"/>
		<feat xlink:href="#sSpan578" value="ⲡ"/>
		<feat xlink:href="#sSpan579" value="ⲥⲁⲉⲓⲛ"/>
		<feat xlink:href="#sSpan580" value="."/>
		<feat xlink:href="#sSpan582" value="ⲁⲗⲗⲁ"/>
		<feat xlink:href="#sSpan584" value="ⲛ"/>
		<feat xlink:href="#sSpan586" value="ⲉⲧ"/>
		<feat xlink:href="#sSpan587" value="ⲙⲟⲕϩ"/>
		<feat xlink:href="#sSpan588" value="ⲛⲉ"/>
		<feat xlink:href="#sSpan590" value="."/>
		<feat xlink:href="#sSpan593" value="ⲃⲱⲕ"/>
		<feat xlink:href="#sSpan595" value="ⲇⲉ"/>
		<feat xlink:href="#sSpan597" value="ⲛ"/>
		<feat xlink:href="#sSpan599" value="ⲧⲉⲧⲛ"/>
		<feat xlink:href="#sSpan600" value="ⲉⲓⲙⲉ"/>
		<feat xlink:href="#sSpan602" value="ϫⲉ"/>
		<feat xlink:href="#sSpan604" value="ⲟⲩ"/>
		<feat xlink:href="#sSpan606" value="ⲡⲉ"/>
		<feat xlink:href="#sSpan608" value="ⲉ"/>
		<feat xlink:href="#sSpan610" value="ⲓ"/>
		<feat xlink:href="#sSpan611" value="ⲟⲩⲉϣ"/>
		<feat xlink:href="#sSpan612" value="ⲟⲩ"/>
		<feat xlink:href="#sSpan613" value="ⲛⲁ"/>
		<feat xlink:href="#sSpan614" value="ⲉϩⲟⲩⲉ"/>
		<feat xlink:href="#sSpan616" value="ⲟⲩ"/>
		<feat xlink:href="#sSpan617" value="ⲑⲩⲥⲓⲁ"/>
		<feat xlink:href="#sSpan618" value="."/>
		<feat xlink:href="#sSpan620" value="ⲛⲧ"/>
		<feat xlink:href="#sSpan622" value="ⲁ"/>
		<feat xlink:href="#sSpan623" value="ⲓ"/>
		<feat xlink:href="#sSpan624" value="ⲉⲓ"/>
		<feat xlink:href="#sSpan625" value="ⲅⲁⲣ"/>
		<feat xlink:href="#sSpan627" value="ⲁⲛ"/>
		<feat xlink:href="#sSpan629" value="ⲉ"/>
		<feat xlink:href="#sSpan631" value="ⲧⲉϩⲙ"/>
		<feat xlink:href="#sSpan632" value="ⲛ"/>
		<feat xlink:href="#sSpan633" value="ⲇⲓⲕⲁⲓⲟⲥ"/>
		<feat xlink:href="#sSpan634" value="."/>
		<feat xlink:href="#sSpan636" value="ⲁⲗⲗⲁ"/>
		<feat xlink:href="#sSpan638" value="ⲛ"/>
		<feat xlink:href="#sSpan641" value="ⲣⲉϥⲣⲛⲟⲃⲉ"/>
		<feat xlink:href="#sSpan644" value="ⲉ"/>
		<feat xlink:href="#sSpan646" value="ⲩ"/>
		<feat xlink:href="#sSpan647" value="ⲙⲉⲧⲁⲛⲟⲓⲁ"/>
		<feat xlink:href="#sSpan648" value="."/>
		<feat xlink:href="#sSpan651" value="ⲧⲟⲧⲉ"/>
		<feat xlink:href="#sSpan653" value="ⲁ"/>
		<feat xlink:href="#sSpan655" value="ⲩ"/>
		<feat xlink:href="#sSpan656" value="ϯ"/>
		<feat xlink:href="#sSpan657" value="ⲡⲉⲩ"/>
		<feat xlink:href="#sSpan658" value="ⲟⲩⲟⲉⲓ"/>
		<feat xlink:href="#sSpan659" value="ⲉⲣⲟ"/>
		<feat xlink:href="#sSpan661" value="ϥ"/>
		<feat xlink:href="#sSpan662" value="ⲛϭⲓ"/>
		<feat xlink:href="#sSpan664" value="ⲙ"/>
		<feat xlink:href="#sSpan666" value="ⲙⲁⲑⲏⲧⲏⲥ"/>
		<feat xlink:href="#sSpan667" value="ⲛ"/>
		<feat xlink:href="#sSpan669" value="ⲓⲱϩⲁⲛⲛⲏⲥ"/>
		<feat xlink:href="#sSpan670" value="ⲉ"/>
		<feat xlink:href="#sSpan672" value="ⲩ"/>
		<feat xlink:href="#sSpan673" value="ϫⲱ"/>
		<feat xlink:href="#sSpan674" value="ⲙⲙⲟ"/>
		<feat xlink:href="#sSpan676" value="ⲥ"/>
		<feat xlink:href="#sSpan677" value="ϫⲉ"/>
		<feat xlink:href="#sSpan679" value="ⲉⲧⲃⲉ"/>
		<feat xlink:href="#sSpan681" value="ⲟⲩ"/>
		<feat xlink:href="#sSpan683" value="ⲁⲛⲟⲛ"/>
		<feat xlink:href="#sSpan685" value="ⲙⲛ"/>
		<feat xlink:href="#sSpan687" value="ⲛⲉ"/>
		<feat xlink:href="#sSpan689" value="ⲫⲁⲣⲓⲥⲥⲁⲓⲟⲥ"/>
		<feat xlink:href="#sSpan690" value="ⲧⲛ"/>
		<feat xlink:href="#sSpan692" value="ⲛⲏⲥⲧⲉⲩⲉ"/>
		<feat xlink:href="#sSpan693" value="ⲛ"/>
		<feat xlink:href="#sSpan695" value="ϩⲁϩ"/>
		<feat xlink:href="#sSpan696" value="ⲛ"/>
		<feat xlink:href="#sSpan698" value="ⲥⲟⲡ"/>
		<feat xlink:href="#sSpan699" value="."/>
		<feat xlink:href="#sSpan701" value="ⲛⲉⲕ"/>
		<feat xlink:href="#sSpan703" value="ⲙⲁⲑⲏⲧⲏⲥ"/>
		<feat xlink:href="#sSpan704" value="ⲇⲉ"/>
		<feat xlink:href="#sSpan706" value="ⲛ"/>
		<feat xlink:href="#sSpan708" value="ⲥⲉ"/>
		<feat xlink:href="#sSpan709" value="ⲛⲏⲥⲧⲉⲩⲉ"/>
		<feat xlink:href="#sSpan710" value="ⲁⲛ"/>
		<feat xlink:href="#sSpan712" value="."/>
		<feat xlink:href="#sSpan715" value="ⲡⲉϫⲁ"/>
		<feat xlink:href="#sSpan717" value="ϥ"/>
		<feat xlink:href="#sSpan718" value="ⲛⲁ"/>
		<feat xlink:href="#sSpan720" value="ⲩ"/>
		<feat xlink:href="#sSpan721" value="ⲛϭⲓ"/>
		<feat xlink:href="#sSpan723" value="ⲓⲏⲥⲟⲩⲥ"/>
		<feat xlink:href="#sSpan725" value="ϫⲉ"/>
		<feat xlink:href="#sSpan727" value="ⲙⲏ"/>
		<feat xlink:href="#sSpan729" value="ⲟⲩⲛ"/>
		<feat xlink:href="#sSpan731" value="ϭⲟⲙ"/>
		<feat xlink:href="#sSpan732" value="ⲛⲛⲉ"/>
		<feat xlink:href="#sSpan734" value="ϣⲏⲣⲉ"/>
		<feat xlink:href="#sSpan735" value="ⲙ"/>
		<feat xlink:href="#sSpan737" value="ⲡ"/>
		<feat xlink:href="#sSpan738" value="ⲙⲁ"/>
		<feat xlink:href="#sSpan739" value="ⲧ"/>
		<feat xlink:href="#sSpan741" value="ϣⲉⲗⲉⲉⲧ"/>
		<feat xlink:href="#sSpan742" value="ⲉ"/>
		<feat xlink:href="#sSpan744" value="ⲛⲏⲥⲧⲉⲩⲉ"/>
		<feat xlink:href="#sSpan745" value="ⲉ"/>
		<feat xlink:href="#sSpan747" value="ⲡ"/>
		<feat xlink:href="#sSpan748" value="ϩⲟⲥⲟⲛ"/>
		<feat xlink:href="#sSpan749" value="ⲡⲁ"/>
		<feat xlink:href="#sSpan751" value="ⲧ"/>
		<feat xlink:href="#sSpan752" value="ϣⲉⲗⲉⲉⲧ"/>
		<feat xlink:href="#sSpan753" value="ϣⲟⲟⲡ"/>
		<feat xlink:href="#sSpan755" value="ⲛⲙⲙⲁ"/>
		<feat xlink:href="#sSpan757" value="ⲩ"/>
		<feat xlink:href="#sSpan758" value="ⲥⲉ"/>
		<feat xlink:href="#sSpan760" value="ⲛⲏⲩ"/>
		<feat xlink:href="#sSpan761" value="ⲇⲉ"/>
		<feat xlink:href="#sSpan763" value="ⲛϭⲓ"/>
		<feat xlink:href="#sSpan765" value="ϩⲉⲛ"/>
		<feat xlink:href="#sSpan767" value="ϩⲟⲟⲩ"/>
		<feat xlink:href="#sSpan768" value="ϩⲟⲧⲁⲛ"/>
		<feat xlink:href="#sSpan770" value="ⲉⲩϣⲁⲛ"/>
		<feat xlink:href="#sSpan772" value="ϥⲓ"/>
		<feat xlink:href="#sSpan773" value="ⲙ"/>
		<feat xlink:href="#sSpan775" value="ⲡ"/>
		<feat xlink:href="#sSpan777" value="ⲁⲧϣⲉⲗⲉⲉⲧ"/>
		<feat xlink:href="#sSpan779" value="ⲛⲧⲟⲟⲧ"/>
		<feat xlink:href="#sSpan781" value="ⲟⲩ"/>
		<feat xlink:href="#sSpan782" value="ⲧⲟⲧⲉ"/>
		<feat xlink:href="#sSpan784" value="ⲥⲉ"/>
		<feat xlink:href="#sSpan786" value="ⲛⲁ"/>
		<feat xlink:href="#sSpan787" value="ⲛⲏⲥⲧⲉⲩⲉ"/>
		<feat xlink:href="#sSpan788" value="."/>
		<feat xlink:href="#sSpan791" value="ⲙⲉⲣⲉ"/>
		<feat xlink:href="#sSpan793" value="ⲗⲁⲁⲩ"/>
		<feat xlink:href="#sSpan794" value="ϩⲓ"/>
		<feat xlink:href="#sSpan796" value="ⲟⲩ"/>
		<feat xlink:href="#sSpan797" value="ⲧⲟⲉⲓⲥ"/>
		<feat xlink:href="#sSpan798" value="ⲛ"/>
		<feat xlink:href="#sSpan800" value="ϣⲁⲓ"/>
		<feat xlink:href="#sSpan801" value="ⲉ"/>
		<feat xlink:href="#sSpan803" value="ⲩ"/>
		<feat xlink:href="#sSpan804" value="ϣⲧⲏⲛ"/>
		<feat xlink:href="#sSpan805" value="ⲙ"/>
		<feat xlink:href="#sSpan807" value="ⲡⲗϭⲉ"/>
		<feat xlink:href="#sSpan808" value="."/>
		<feat xlink:href="#sSpan810" value="ⲥ"/>
		<feat xlink:href="#sSpan812" value="ⲛⲁ"/>
		<feat xlink:href="#sSpan813" value="ϥⲓ"/>
		<feat xlink:href="#sSpan814" value="ⲅⲁⲣ"/>
		<feat xlink:href="#sSpan816" value="ⲙ"/>
		<feat xlink:href="#sSpan818" value="ⲡⲉⲥ"/>
		<feat xlink:href="#sSpan819" value="ⲕⲱⲧⲉ"/>
		<feat xlink:href="#sSpan820" value="ⲉⲃⲟⲗ"/>
		<feat xlink:href="#sSpan822" value="ϩⲛ"/>
		<feat xlink:href="#sSpan824" value="ⲧⲉ"/>
		<feat xlink:href="#sSpan826" value="ϣⲧⲏⲛ"/>
		<feat xlink:href="#sSpan827" value="ⲛ"/>
		<feat xlink:href="#sSpan829" value="ϥ"/>
		<feat xlink:href="#sSpan830" value="ϣⲱⲡⲉ"/>
		<feat xlink:href="#sSpan831" value="ⲛϭⲓ"/>
		<feat xlink:href="#sSpan833" value="ⲟⲩ"/>
		<feat xlink:href="#sSpan835" value="ⲛⲟϭ"/>
		<feat xlink:href="#sSpan836" value="ⲙ"/>
		<feat xlink:href="#sSpan838" value="ⲡⲱϩ"/>
		<feat xlink:href="#sSpan839" value="."/>
		<feat xlink:href="#sSpan842" value="ⲟⲩⲇⲉ"/>
		<feat xlink:href="#sSpan844" value="ⲙⲉⲩⲛⲉϫⲙⲣⲓⲥ"/>
		<feat xlink:href="#sSpan846" value="ⲉ"/>
		<feat xlink:href="#sSpan848" value="ϩⲱⲧ"/>
		<feat xlink:href="#sSpan849" value="ⲛⲁ"/>
		<feat xlink:href="#sSpan851" value="ⲥ"/>
		<feat xlink:href="#sSpan852" value="ⲉϣⲱⲡⲉ"/>
		<feat xlink:href="#sSpan854" value="ⲙⲙⲟ"/>
		<feat xlink:href="#sSpan856" value="ⲛ"/>
		<feat xlink:href="#sSpan857" value="ϣⲁ"/>
		<feat xlink:href="#sSpan859" value="ⲩ"/>
		<feat xlink:href="#sSpan860" value="ⲡⲱϩ"/>
		<feat xlink:href="#sSpan861" value="ⲛϭⲓ"/>
		<feat xlink:href="#sSpan863" value="ⲛ"/>
		<feat xlink:href="#sSpan865" value="ϩⲱⲧ"/>
		<feat xlink:href="#sSpan866" value="ⲛⲧⲉ"/>
		<feat xlink:href="#sSpan868" value="ⲡ"/>
		<feat xlink:href="#sSpan869" value="ⲏⲣⲡ"/>
		<feat xlink:href="#sSpan870" value="ⲡⲱⲛ"/>
		<feat xlink:href="#sSpan872" value="ⲉⲃⲟⲗ"/>
		<feat xlink:href="#sSpan874" value="ⲛⲧⲉ"/>
		<feat xlink:href="#sSpan876" value="ⲛⲕⲉ"/>
		<feat xlink:href="#sSpan877" value="ϩⲱⲧ"/>
		<feat xlink:href="#sSpan878" value="ⲧⲁⲕⲟ"/>
		<feat xlink:href="#sSpan880" value="ⲁⲗⲗⲁ"/>
		<feat xlink:href="#sSpan882" value="ⲛϣⲁⲩⲛⲉϫⲏⲣⲡ"/>
		<feat xlink:href="#sSpan884" value="ⲛ"/>
		<feat xlink:href="#sSpan886" value="ⲃⲣⲣⲉ"/>
		<feat xlink:href="#sSpan887" value="ⲉ"/>
		<feat xlink:href="#sSpan889" value="ⲁⲥⲕⲟⲥ"/>
		<feat xlink:href="#sSpan890" value="ⲛ"/>
		<feat xlink:href="#sSpan892" value="ⲃⲣⲣⲉ"/>
		<feat xlink:href="#sSpan893" value="ⲛ"/>
		<feat xlink:href="#sSpan895" value="ⲥⲉ"/>
		<feat xlink:href="#sSpan896" value="ϣⲱⲡⲉ"/>
		<feat xlink:href="#sSpan897" value="ⲉ"/>
		<feat xlink:href="#sSpan899" value="ⲩ"/>
		<feat xlink:href="#sSpan900" value="ⲟⲩⲟϫ"/>
		<feat xlink:href="#sSpan901" value="ⲙ"/>
		<feat xlink:href="#sSpan903" value="ⲡⲉ"/>
		<feat xlink:href="#sSpan904" value="ⲥⲛⲁⲩ"/>
		<feat xlink:href="#sSpan905" value="."/>
		<feat xlink:href="#sSpan908" value="ⲛⲁⲓ"/>
		<feat xlink:href="#sSpan910" value="ⲉ"/>
		<feat xlink:href="#sSpan912" value="ϥ"/>
		<feat xlink:href="#sSpan913" value="ϫⲱ"/>
		<feat xlink:href="#sSpan914" value="ⲙⲙⲟ"/>
		<feat xlink:href="#sSpan916" value="ⲟⲩ"/>
		<feat xlink:href="#sSpan917" value="ⲛⲁ"/>
		<feat xlink:href="#sSpan919" value="ⲩ"/>
		<feat xlink:href="#sSpan920" value="ⲉⲓⲥ"/>
		<feat xlink:href="#sSpan922" value="ϩⲏⲏⲧⲉ"/>
		<feat xlink:href="#sSpan924" value="ⲉⲓⲥ"/>
		<feat xlink:href="#sSpan926" value="ⲟⲩ"/>
		<feat xlink:href="#sSpan927" value="ⲁⲣⲭⲱⲛ"/>
		<feat xlink:href="#sSpan928" value="ⲁ"/>
		<feat xlink:href="#sSpan930" value="ϥ"/>
		<feat xlink:href="#sSpan931" value="ϯ"/>
		<feat xlink:href="#sSpan932" value="ⲡⲉϥ"/>
		<feat xlink:href="#sSpan933" value="ⲟⲩⲟⲉⲓ"/>
		<feat xlink:href="#sSpan934" value="ⲉⲣⲟ"/>
		<feat xlink:href="#sSpan936" value="ϥ"/>
		<feat xlink:href="#sSpan937" value="ⲁ"/>
		<feat xlink:href="#sSpan939" value="ϥ"/>
		<feat xlink:href="#sSpan940" value="ⲟⲩⲱϣⲧ"/>
		<feat xlink:href="#sSpan941" value="ⲛⲁ"/>
		<feat xlink:href="#sSpan943" value="ϥ"/>
		<feat xlink:href="#sSpan944" value="ⲉ"/>
		<feat xlink:href="#sSpan946" value="ϥ"/>
		<feat xlink:href="#sSpan947" value="ϫⲱ"/>
		<feat xlink:href="#sSpan948" value="ⲙⲙⲟ"/>
		<feat xlink:href="#sSpan950" value="ⲥ"/>
		<feat xlink:href="#sSpan951" value="ϫⲉ"/>
		<feat xlink:href="#sSpan953" value="ⲁ"/>
		<feat xlink:href="#sSpan955" value="ⲧⲁ"/>
		<feat xlink:href="#sSpan956" value="ϣⲉⲉⲣⲉ"/>
		<feat xlink:href="#sSpan957" value="ⲙⲟⲩ"/>
		<feat xlink:href="#sSpan959" value="ⲧⲉⲛⲟⲩ"/>
		<feat xlink:href="#sSpan961" value="ⲁⲗⲗⲁ"/>
		<feat xlink:href="#sSpan963" value="ⲁⲙⲟⲩ"/>
		<feat xlink:href="#sSpan965" value="ⲛ"/>
		<feat xlink:href="#sSpan967" value="ⲅ"/>
		<feat xlink:href="#sSpan968" value="ⲧⲁⲗⲟ"/>
		<feat xlink:href="#sSpan969" value="ⲛ"/>
		<feat xlink:href="#sSpan971" value="ⲧⲉⲕ"/>
		<feat xlink:href="#sSpan972" value="ϭⲓϫ"/>
		<feat xlink:href="#sSpan973" value="ⲉϩⲣⲁⲓ"/>
		<feat xlink:href="#sSpan975" value="ⲉϫⲱ"/>
		<feat xlink:href="#sSpan977" value="ⲥ"/>
		<feat xlink:href="#sSpan978" value="ⲁⲩⲱ"/>
		<feat xlink:href="#sSpan980" value="ⲥ"/>
		<feat xlink:href="#sSpan982" value="ⲛⲁ"/>
		<feat xlink:href="#sSpan983" value="ⲱⲛϩ"/>
		<feat xlink:href="#sSpan984" value="."/>
		<feat xlink:href="#sSpan987" value="ⲁ"/>
		<feat xlink:href="#sSpan989" value="ϥ"/>
		<feat xlink:href="#sSpan990" value="ⲧⲱⲟⲩⲛ"/>
		<feat xlink:href="#sSpan991" value="ⲇⲉ"/>
		<feat xlink:href="#sSpan993" value="ⲛϭⲓ"/>
		<feat xlink:href="#sSpan995" value="ⲓⲏⲥⲟⲩⲥ"/>
		<feat xlink:href="#sSpan997" value="ⲁ"/>
		<feat xlink:href="#sSpan999" value="ϥ"/>
		<feat xlink:href="#sSpan1000" value="ⲟⲩⲁϩ"/>
		<feat xlink:href="#sSpan1001" value="ϥ"/>
		<feat xlink:href="#sSpan1002" value="ⲛⲥⲱ"/>
		<feat xlink:href="#sSpan1004" value="ϥ"/>
		<feat xlink:href="#sSpan1005" value="ⲙⲛ"/>
		<feat xlink:href="#sSpan1007" value="ⲛⲉϥ"/>
		<feat xlink:href="#sSpan1009" value="ⲙⲁⲑⲏⲧⲏⲥ"/>
		<feat xlink:href="#sSpan1010" value="."/>
		<feat xlink:href="#sSpan1013" value="ⲉⲓⲥ"/>
		<feat xlink:href="#sSpan1015" value="ⲟⲩ"/>
		<feat xlink:href="#sSpan1016" value="ⲥϩⲓⲙⲉ"/>
		<feat xlink:href="#sSpan1017" value="ⲇⲉ"/>
		<feat xlink:href="#sSpan1019" value="ⲉⲣⲉ"/>
		<feat xlink:href="#sSpan1021" value="ⲡⲉ"/>
		<feat xlink:href="#sSpan1022" value="ⲥⲛⲟϥ"/>
		<feat xlink:href="#sSpan1023" value="ϣⲟⲟⲡ"/>
		<feat xlink:href="#sSpan1025" value="ϩⲁⲣⲟ"/>
		<feat xlink:href="#sSpan1027" value="ⲥ"/>
		<feat xlink:href="#sSpan1028" value="ⲙⲙⲛⲧⲥⲛⲟⲟⲩⲥⲉ"/>
		<feat xlink:href="#sSpan1030" value="ⲛ"/>
		<feat xlink:href="#sSpan1032" value="ⲣⲟⲙⲡⲉ"/>
		<feat xlink:href="#sSpan1033" value="."/>
		<feat xlink:href="#sSpan1035" value="ⲁ"/>
		<feat xlink:href="#sSpan1037" value="ⲥ"/>
		<feat xlink:href="#sSpan1038" value="ϯ"/>
		<feat xlink:href="#sSpan1039" value="ⲡⲉⲥ"/>
		<feat xlink:href="#sSpan1040" value="ⲟⲩⲟⲉⲓ"/>
		<feat xlink:href="#sSpan1041" value="ⲡⲁϩ"/>
		<feat xlink:href="#sSpan1043" value="ⲟⲩ"/>
		<feat xlink:href="#sSpan1044" value="ⲙⲙⲟ"/>
		<feat xlink:href="#sSpan1046" value="ϥ"/>
		<feat xlink:href="#sSpan1047" value="ⲁ"/>
		<feat xlink:href="#sSpan1049" value="ⲥ"/>
		<feat xlink:href="#sSpan1050" value="ϫⲱϩ"/>
		<feat xlink:href="#sSpan1051" value="ⲉ"/>
		<feat xlink:href="#sSpan1053" value="ⲡ"/>
		<feat xlink:href="#sSpan1054" value="ⲧⲟⲡ"/>
		<feat xlink:href="#sSpan1055" value="ⲙ"/>
		<feat xlink:href="#sSpan1057" value="ⲡⲉϥ"/>
		<feat xlink:href="#sSpan1058" value="ϩⲟⲉⲓⲧⲉ"/>
		<feat xlink:href="#sSpan1059" value="."/>
		<feat xlink:href="#sSpan1062" value="ⲛⲉ"/>
		<feat xlink:href="#sSpan1064" value="ⲥ"/>
		<feat xlink:href="#sSpan1065" value="ϫⲱ"/>
		<feat xlink:href="#sSpan1066" value="ⲅⲁⲣ"/>
		<feat xlink:href="#sSpan1068" value="ⲙⲙⲟ"/>
		<feat xlink:href="#sSpan1070" value="ⲥ"/>
		<feat xlink:href="#sSpan1071" value="ϩⲣⲁⲓ"/>
		<feat xlink:href="#sSpan1074" value="ⲛϩⲏⲧ"/>
		<feat xlink:href="#sSpan1077" value="ⲥ"/>
		<feat xlink:href="#sSpan1078" value="."/>
		<feat xlink:href="#sSpan1080" value="ϫⲉ"/>
		<feat xlink:href="#sSpan1082" value="ⲉⲓϣⲁⲛ"/>
		<feat xlink:href="#sSpan1084" value="ϫⲱϩ"/>
		<feat xlink:href="#sSpan1085" value="ⲙⲙⲁⲧⲉ"/>
		<feat xlink:href="#sSpan1087" value="ⲉ"/>
		<feat xlink:href="#sSpan1089" value="ⲡ"/>
		<feat xlink:href="#sSpan1090" value="ⲧⲟⲡ"/>
		<feat xlink:href="#sSpan1091" value="ⲛ"/>
		<feat xlink:href="#sSpan1093" value="ⲧⲉϥ"/>
		<feat xlink:href="#sSpan1094" value="ϣⲧⲏⲛ"/>
		<feat xlink:href="#sSpan1095" value="ϯ"/>
		<feat xlink:href="#sSpan1097" value="ⲛⲁ"/>
		<feat xlink:href="#sSpan1098" value="ⲟⲩϫⲁⲓ"/>
		<feat xlink:href="#sSpan1099" value="."/>
		<feat xlink:href="#sSpan1102" value="ⲓⲏⲥⲟⲩⲥ"/>
		<feat xlink:href="#sSpan1104" value="ⲇⲉ"/>
		<feat xlink:href="#sSpan1106" value="ⲁ"/>
		<feat xlink:href="#sSpan1108" value="ϥ"/>
		<feat xlink:href="#sSpan1109" value="ⲕⲟⲧ"/>
		<feat xlink:href="#sSpan1110" value="ϥ"/>
		<feat xlink:href="#sSpan1111" value="ⲁ"/>
		<feat xlink:href="#sSpan1113" value="ϥ"/>
		<feat xlink:href="#sSpan1114" value="ⲛⲁⲩ"/>
		<feat xlink:href="#sSpan1115" value="ⲉⲣⲟ"/>
		<feat xlink:href="#sSpan1117" value="ⲥ"/>
		<feat xlink:href="#sSpan1118" value="ⲡⲉϫⲁ"/>
		<feat xlink:href="#sSpan1120" value="ϥ"/>
		<feat xlink:href="#sSpan1121" value="ⲛⲁ"/>
		<feat xlink:href="#sSpan1123" value="ⲥ"/>
		<feat xlink:href="#sSpan1124" value="."/>
		<feat xlink:href="#sSpan1126" value="ϫⲉ"/>
		<feat xlink:href="#sSpan1128" value="ⲧⲱⲕ"/>
		<feat xlink:href="#sSpan1130" value="ⲙⲙⲟ"/>
		<feat xlink:href="#sSpan1132" value="ⲧⲁ"/>
		<feat xlink:href="#sSpan1134" value="ϣⲉⲉⲣⲉ"/>
		<feat xlink:href="#sSpan1135" value="ⲧⲟⲩ"/>
		<feat xlink:href="#sSpan1137" value="ⲡⲓⲥⲧⲓⲥ"/>
		<feat xlink:href="#sSpan1138" value="ⲧⲉ"/>
		<feat xlink:href="#sSpan1140" value="ⲛⲧ"/>
		<feat xlink:href="#sSpan1142" value="ⲁ"/>
		<feat xlink:href="#sSpan1143" value="ⲥ"/>
		<feat xlink:href="#sSpan1144" value="ⲛⲁϩⲙⲉ"/>
		<feat xlink:href="#sSpan1145" value="."/>
		<feat xlink:href="#sSpan1147" value="ⲁⲩⲱ"/>
		<feat xlink:href="#sSpan1149" value="ⲁ"/>
		<feat xlink:href="#sSpan1151" value="ⲥ"/>
		<feat xlink:href="#sSpan1152" value="ⲟⲩϫⲁⲓ"/>
		<feat xlink:href="#sSpan1153" value="ⲛϭⲓ"/>
		<feat xlink:href="#sSpan1155" value="ⲧⲉ"/>
		<feat xlink:href="#sSpan1157" value="ⲥϩⲓⲙⲉ"/>
		<feat xlink:href="#sSpan1158" value="ϫⲓⲛ"/>
		<feat xlink:href="#sSpan1160" value="ⲧⲉ"/>
		<feat xlink:href="#sSpan1161" value="ⲩⲛⲟⲩ"/>
		<feat xlink:href="#sSpan1162" value="ⲉⲧ"/>
		<feat xlink:href="#sSpan1164" value="ⲙⲙⲁⲩ"/>
		<feat xlink:href="#sSpan1165" value="."/>
		<feat xlink:href="#sSpan1168" value="ⲛⲧⲉⲣⲉ"/>
		<feat xlink:href="#sSpan1170" value="ϥ"/>
		<feat xlink:href="#sSpan1171" value="ⲉⲓ"/>
		<feat xlink:href="#sSpan1172" value="ⲇⲉ"/>
		<feat xlink:href="#sSpan1174" value="ⲛϭⲓ"/>
		<feat xlink:href="#sSpan1176" value="ⲓⲏⲥⲟⲩⲥ"/>
		<feat xlink:href="#sSpan1178" value="ⲉϩⲣⲁⲓ"/>
		<feat xlink:href="#sSpan1180" value="ⲉ"/>
		<feat xlink:href="#sSpan1182" value="ⲡ"/>
		<feat xlink:href="#sSpan1183" value="ⲏⲓ"/>
		<feat xlink:href="#sSpan1184" value="ⲙ"/>
		<feat xlink:href="#sSpan1186" value="ⲡ"/>
		<feat xlink:href="#sSpan1187" value="ⲁⲣⲭⲱⲛ"/>
		<feat xlink:href="#sSpan1188" value="ⲁ"/>
		<feat xlink:href="#sSpan1190" value="ϥ"/>
		<feat xlink:href="#sSpan1191" value="ⲛⲁⲩ"/>
		<feat xlink:href="#sSpan1192" value="ⲉ"/>
		<feat xlink:href="#sSpan1194" value="ⲛ"/>
		<feat xlink:href="#sSpan1196" value="ⲣⲉϥϫⲟ"/>
		<feat xlink:href="#sSpan1198" value="ⲟⲩⲉ"/>
		<feat xlink:href="#sSpan1199" value="ⲙⲛ"/>
		<feat xlink:href="#sSpan1201" value="ⲡ"/>
		<feat xlink:href="#sSpan1203" value="ⲙⲏⲏϣⲉ"/>
		<feat xlink:href="#sSpan1204" value="ⲉ"/>
		<feat xlink:href="#sSpan1206" value="ⲩ"/>
		<feat xlink:href="#sSpan1207" value="ϣⲧⲣⲧⲱⲣ"/>
		<feat xlink:href="#sSpan1208" value="."/>
		<feat xlink:href="#sSpan1211" value="ⲡⲉϫⲁ"/>
		<feat xlink:href="#sSpan1213" value="ϥ"/>
		<feat xlink:href="#sSpan1214" value="ϫⲉ"/>
		<feat xlink:href="#sSpan1216" value="ⲁⲛⲁⲭⲱⲣⲉⲓ"/>
		<feat xlink:href="#sSpan1218" value="ⲛⲏ"/>
		<feat xlink:href="#sSpan1220" value="ⲧⲛ"/>
		<feat xlink:href="#sSpan1221" value="ⲙ"/>
		<feat xlink:href="#sSpan1223" value="ⲡⲉ"/>
		<feat xlink:href="#sSpan1224" value="ⲥⲙⲟⲩ"/>
		<feat xlink:href="#sSpan1225" value="ⲅⲁⲣ"/>
		<feat xlink:href="#sSpan1227" value="ⲛϭⲓ"/>
		<feat xlink:href="#sSpan1229" value="ⲧ"/>
		<feat xlink:href="#sSpan1231" value="ϣⲉⲉⲣⲉ"/>
		<feat xlink:href="#sSpan1232" value="ϣⲏⲙ"/>
		<feat xlink:href="#sSpan1234" value="."/>
		<feat xlink:href="#sSpan1236" value="ⲁⲗⲗⲁ"/>
		<feat xlink:href="#sSpan1238" value="ⲉ"/>
		<feat xlink:href="#sSpan1240" value="ⲥ"/>
		<feat xlink:href="#sSpan1241" value="ⲛⲕⲟⲧⲕ"/>
		<feat xlink:href="#sSpan1242" value="."/>
		<feat xlink:href="#sSpan1244" value="ⲛⲧⲟⲟⲩ"/>
		<feat xlink:href="#sSpan1246" value="ⲇⲉ"/>
		<feat xlink:href="#sSpan1248" value="ⲛⲉ"/>
		<feat xlink:href="#sSpan1250" value="ⲩ"/>
		<feat xlink:href="#sSpan1251" value="ⲥⲱⲃⲉ"/>
		<feat xlink:href="#sSpan1252" value="ⲛⲥⲱ"/>
		<feat xlink:href="#sSpan1254" value="ϥ"/>
		<feat xlink:href="#sSpan1255" value="ⲉ"/>
		<feat xlink:href="#sSpan1257" value="ⲩ"/>
		<feat xlink:href="#sSpan1258" value="ⲥⲟⲟⲩⲛ"/>
		<feat xlink:href="#sSpan1259" value="ϫⲉ"/>
		<feat xlink:href="#sSpan1261" value="ⲁ"/>
		<feat xlink:href="#sSpan1263" value="ⲥ"/>
		<feat xlink:href="#sSpan1264" value="ⲙⲟⲩ"/>
		<feat xlink:href="#sSpan1265" value="."/>
		<feat xlink:href="#sSpan1268" value="ⲛⲧⲉⲣ"/>
		<feat xlink:href="#sSpan1270" value="ⲟⲩ"/>
		<feat xlink:href="#sSpan1271" value="ⲛⲟⲩϫⲉ"/>
		<feat xlink:href="#sSpan1272" value="ⲇⲉ"/>
		<feat xlink:href="#sSpan1274" value="ⲉⲃⲟⲗ"/>
		<feat xlink:href="#sSpan1276" value="ⲙ"/>
		<feat xlink:href="#sSpan1278" value="ⲡ"/>
		<feat xlink:href="#sSpan1279" value="ⲙⲏⲏϣⲉ"/>
		<feat xlink:href="#sSpan1280" value="ⲁ"/>
		<feat xlink:href="#sSpan1282" value="ϥ"/>
		<feat xlink:href="#sSpan1283" value="ⲃⲱⲕ"/>
		<feat xlink:href="#sSpan1284" value="ⲉϩⲟⲩⲛ"/>
		<feat xlink:href="#sSpan1286" value="ⲁ"/>
		<feat xlink:href="#sSpan1288" value="ϥ"/>
		<feat xlink:href="#sSpan1289" value="ⲁⲙⲁϩⲧⲉ"/>
		<feat xlink:href="#sSpan1290" value="ⲛ"/>
		<feat xlink:href="#sSpan1292" value="ⲧⲉⲥ"/>
		<feat xlink:href="#sSpan1293" value="ϭⲓϫ"/>
		<feat xlink:href="#sSpan1294" value="."/>
		<feat xlink:href="#sSpan1296" value="ⲁ"/>
		<feat xlink:href="#sSpan1298" value="ⲥ"/>
		<feat xlink:href="#sSpan1299" value="ⲧⲱⲟⲩⲛ"/>
		<feat xlink:href="#sSpan1300" value="ⲛϭⲓ"/>
		<feat xlink:href="#sSpan1302" value="ⲧ"/>
		<feat xlink:href="#sSpan1304" value="ϣⲉⲉⲣⲉ"/>
		<feat xlink:href="#sSpan1305" value="ϣⲏⲙ"/>
		<feat xlink:href="#sSpan1307" value="."/>
		<feat xlink:href="#sSpan1310" value="ⲡⲉϥ"/>
		<feat xlink:href="#sSpan1312" value="ⲥⲟⲉⲓⲧ"/>
		<feat xlink:href="#sSpan1313" value="ⲁ"/>
		<feat xlink:href="#sSpan1315" value="ϥ"/>
		<feat xlink:href="#sSpan1316" value="ⲉⲓ"/>
		<feat xlink:href="#sSpan1317" value="ⲉⲃⲟⲗ"/>
		<feat xlink:href="#sSpan1319" value="ϩⲙ"/>
		<feat xlink:href="#sSpan1321" value="ⲡ"/>
		<feat xlink:href="#sSpan1323" value="ⲕⲁϩ"/>
		<feat xlink:href="#sSpan1324" value="ⲧⲏⲣ"/>
		<feat xlink:href="#sSpan1326" value="ϥ"/>
		<feat xlink:href="#sSpan1327" value="ⲉⲧ"/>
		<feat xlink:href="#sSpan1329" value="ⲙⲙⲁⲩ"/>
		<feat xlink:href="#sSpan1330" value="."/>
		<feat xlink:href="#sSpan1333" value="ⲉ"/>
		<feat xlink:href="#sSpan1335" value="ϥ"/>
		<feat xlink:href="#sSpan1336" value="ⲡⲁⲣⲁⲅⲉ"/>
		<feat xlink:href="#sSpan1337" value="ⲇⲉ"/>
		<feat xlink:href="#sSpan1339" value="ⲉⲃⲟⲗ"/>
		<feat xlink:href="#sSpan1341" value="ϩⲙ"/>
		<feat xlink:href="#sSpan1343" value="ⲡ"/>
		<feat xlink:href="#sSpan1345" value="ⲙⲁ"/>
		<feat xlink:href="#sSpan1346" value="ⲉⲧ"/>
		<feat xlink:href="#sSpan1348" value="ⲙⲙⲁⲩ"/>
		<feat xlink:href="#sSpan1349" value="ⲛϭⲓ"/>
		<feat xlink:href="#sSpan1351" value="ⲓⲏⲥⲟⲩⲥ"/>
		<feat xlink:href="#sSpan1353" value="ⲁ"/>
		<feat xlink:href="#sSpan1355" value="ⲩ"/>
		<feat xlink:href="#sSpan1356" value="ⲟⲩⲁϩ"/>
		<feat xlink:href="#sSpan1357" value="ⲟⲩ"/>
		<feat xlink:href="#sSpan1358" value="ⲛⲥⲱ"/>
		<feat xlink:href="#sSpan1360" value="ϥ"/>
		<feat xlink:href="#sSpan1361" value="ⲛϭⲓ"/>
		<feat xlink:href="#sSpan1363" value="ⲃⲗⲗⲉ"/>
		<feat xlink:href="#sSpan1365" value="ⲥⲛⲁⲩ"/>
		<feat xlink:href="#sSpan1367" value="ⲉ"/>
		<feat xlink:href="#sSpan1369" value="ⲩ"/>
		<feat xlink:href="#sSpan1371" value="ϫⲓϣⲕⲁⲕ"/>
		<feat xlink:href="#sSpan1373" value="ⲉⲃⲟⲗ"/>
		<feat xlink:href="#sSpan1375" value="ⲉ"/>
		<feat xlink:href="#sSpan1377" value="ⲩ"/>
		<feat xlink:href="#sSpan1378" value="ϫⲱ"/>
		<feat xlink:href="#sSpan1379" value="ⲙⲙⲟ"/>
		<feat xlink:href="#sSpan1381" value="ⲥ"/>
		<feat xlink:href="#sSpan1382" value="ϫⲉ"/>
		<feat xlink:href="#sSpan1384" value="ⲛⲁ"/>
		<feat xlink:href="#sSpan1386" value="ⲛⲁ"/>
		<feat xlink:href="#sSpan1388" value="ⲛ"/>
		<feat xlink:href="#sSpan1389" value="ⲓⲏⲥⲟⲩⲥ"/>
		<feat xlink:href="#sSpan1391" value="ⲡ"/>
		<feat xlink:href="#sSpan1393" value="ϣⲏⲣⲉ"/>
		<feat xlink:href="#sSpan1394" value="ⲛ"/>
		<feat xlink:href="#sSpan1396" value="ⲇⲁⲩⲉⲓⲇ"/>
		<feat xlink:href="#sSpan1397" value="."/>
		<feat xlink:href="#sSpan1400" value="ⲛⲧⲉⲣⲉ"/>
		<feat xlink:href="#sSpan1402" value="ϥ"/>
		<feat xlink:href="#sSpan1403" value="ⲉⲓ"/>
		<feat xlink:href="#sSpan1404" value="ⲇⲉ"/>
		<feat xlink:href="#sSpan1406" value="ⲉϩⲣⲁⲓ"/>
		<feat xlink:href="#sSpan1408" value="ⲉ"/>
		<feat xlink:href="#sSpan1410" value="ⲡ"/>
		<feat xlink:href="#sSpan1411" value="ⲏⲓ"/>
		<feat xlink:href="#sSpan1412" value="ⲁ"/>
		<feat xlink:href="#sSpan1414" value="ⲩ"/>
		<feat xlink:href="#sSpan1415" value="ϯ"/>
		<feat xlink:href="#sSpan1416" value="ⲡⲉⲩ"/>
		<feat xlink:href="#sSpan1417" value="ⲟⲩⲟⲉⲓ"/>
		<feat xlink:href="#sSpan1418" value="ⲉⲣⲟ"/>
		<feat xlink:href="#sSpan1420" value="ϥ"/>
		<feat xlink:href="#sSpan1421" value="ⲛϭⲓ"/>
		<feat xlink:href="#sSpan1423" value="ⲛ"/>
		<feat xlink:href="#sSpan1425" value="ⲃⲗⲗⲉ"/>
		<feat xlink:href="#sSpan1426" value="ⲡⲉϫⲁ"/>
		<feat xlink:href="#sSpan1428" value="ϥ"/>
		<feat xlink:href="#sSpan1429" value="ⲛⲁ"/>
		<feat xlink:href="#sSpan1431" value="ⲩ"/>
		<feat xlink:href="#sSpan1432" value="ⲛϭⲓ"/>
		<feat xlink:href="#sSpan1434" value="ⲓⲏⲥⲟⲩⲥ"/>
		<feat xlink:href="#sSpan1436" value="."/>
		<feat xlink:href="#sSpan1438" value="ϫⲉ"/>
		<feat xlink:href="#sSpan1440" value="ⲧⲉⲧⲛ"/>
		<feat xlink:href="#sSpan1442" value="ⲡⲓⲥⲧⲉⲩⲉ"/>
		<feat xlink:href="#sSpan1443" value="ϫⲉ"/>
		<feat xlink:href="#sSpan1445" value="ⲟⲩⲛ"/>
		<feat xlink:href="#sSpan1447" value="ϭⲟⲙ"/>
		<feat xlink:href="#sSpan1448" value="ⲙⲙⲟ"/>
		<feat xlink:href="#sSpan1450" value="ⲓ"/>
		<feat xlink:href="#sSpan1451" value="ⲉ"/>
		<feat xlink:href="#sSpan1453" value="ⲣ"/>
		<feat xlink:href="#sSpan1454" value="ⲡⲁⲓ"/>
		<feat xlink:href="#sSpan1455" value="."/>
		<feat xlink:href="#sSpan1457" value="ⲡⲉϫⲁ"/>
		<feat xlink:href="#sSpan1459" value="ⲩ"/>
		<feat xlink:href="#sSpan1460" value="ⲛⲁ"/>
		<feat xlink:href="#sSpan1462" value="ϥ"/>
		<feat xlink:href="#sSpan1463" value="ϫⲉ"/>
		<feat xlink:href="#sSpan1465" value="ⲥⲉ"/>
		<feat xlink:href="#sSpan1467" value="ⲡ"/>
		<feat xlink:href="#sSpan1469" value="ϫⲟⲉⲓⲥ"/>
		<feat xlink:href="#sSpan1470" value="."/>
		<feat xlink:href="#sSpan1473" value="ⲧⲟⲧⲉ"/>
		<feat xlink:href="#sSpan1475" value="ⲁ"/>
		<feat xlink:href="#sSpan1477" value="ϥ"/>
		<feat xlink:href="#sSpan1478" value="ϫⲱϩ"/>
		<feat xlink:href="#sSpan1479" value="ⲉ"/>
		<feat xlink:href="#sSpan1481" value="ⲛⲉⲩ"/>
		<feat xlink:href="#sSpan1482" value="ⲃⲁⲗ"/>
		<feat xlink:href="#sSpan1483" value="ⲉ"/>
		<feat xlink:href="#sSpan1485" value="ϥ"/>
		<feat xlink:href="#sSpan1486" value="ϫⲱ"/>
		<feat xlink:href="#sSpan1487" value="ⲙⲙⲟ"/>
		<feat xlink:href="#sSpan1489" value="ⲥ"/>
		<feat xlink:href="#sSpan1490" value="ϫⲉ"/>
		<feat xlink:href="#sSpan1492" value="ⲕⲁⲧⲁ"/>
		<feat xlink:href="#sSpan1494" value="ⲧⲉⲧⲛ"/>
		<feat xlink:href="#sSpan1495" value="ⲡⲓⲥⲧⲓⲥ"/>
		<feat xlink:href="#sSpan1496" value="ⲙⲁⲣⲉ"/>
		<feat xlink:href="#sSpan1498" value="ⲥ"/>
		<feat xlink:href="#sSpan1499" value="ϣⲱⲡⲉ"/>
		<feat xlink:href="#sSpan1500" value="ⲛⲏ"/>
		<feat xlink:href="#sSpan1502" value="ⲧⲛ"/>
		<feat xlink:href="#sSpan1503" value="."/>
		<feat xlink:href="#sSpan1506" value="ⲁⲩⲱ"/>
		<feat xlink:href="#sSpan1508" value="ⲁ"/>
		<feat xlink:href="#sSpan1510" value="ⲩ"/>
		<feat xlink:href="#sSpan1511" value="ⲟⲩⲱⲛ"/>
		<feat xlink:href="#sSpan1512" value="ⲛϭⲓ"/>
		<feat xlink:href="#sSpan1514" value="ⲛⲉⲩ"/>
		<feat xlink:href="#sSpan1516" value="ⲃⲁⲗ"/>
		<feat xlink:href="#sSpan1517" value="."/>
		<feat xlink:href="#sSpan1519" value="ⲁ"/>
		<feat xlink:href="#sSpan1521" value="ϥ"/>
		<feat xlink:href="#sSpan1522" value="ϩⲱⲛ"/>
		<feat xlink:href="#sSpan1523" value="ⲉⲧⲟⲟⲧ"/>
		<feat xlink:href="#sSpan1525" value="ⲟⲩ"/>
		<feat xlink:href="#sSpan1526" value="ⲛϭⲓ"/>
		<feat xlink:href="#sSpan1528" value="ⲓⲏⲥⲟⲩⲥ"/>
		<feat xlink:href="#sSpan1530" value="ⲉ"/>
		<feat xlink:href="#sSpan1532" value="ϥ"/>
		<feat xlink:href="#sSpan1533" value="ϫⲱ"/>
		<feat xlink:href="#sSpan1534" value="ⲙⲙⲟ"/>
		<feat xlink:href="#sSpan1536" value="ⲥ"/>
		<feat xlink:href="#sSpan1537" value="ϫⲉ"/>
		<feat xlink:href="#sSpan1539" value="ϭⲱϣⲧ"/>
		<feat xlink:href="#sSpan1541" value="ⲙⲡⲣⲧⲣⲉ"/>
		<feat xlink:href="#sSpan1543" value="ⲗⲁⲁⲩ"/>
		<feat xlink:href="#sSpan1544" value="ⲉⲓⲙⲉ"/>
		<feat xlink:href="#sSpan1546" value="."/>
		<feat xlink:href="#sSpan1549" value="ⲛⲧⲟⲟⲩ"/>
		<feat xlink:href="#sSpan1551" value="ⲇⲉ"/>
		<feat xlink:href="#sSpan1553" value="ⲁ"/>
		<feat xlink:href="#sSpan1555" value="ⲩ"/>
		<feat xlink:href="#sSpan1556" value="ⲉⲓ"/>
		<feat xlink:href="#sSpan1557" value="ⲉⲃⲟⲗ"/>
		<feat xlink:href="#sSpan1559" value="ⲁ"/>
		<feat xlink:href="#sSpan1561" value="ⲩ"/>
		<feat xlink:href="#sSpan1562" value="ϯ"/>
		<feat xlink:href="#sSpan1563" value="ⲙ"/>
		<feat xlink:href="#sSpan1565" value="ⲡⲉϥ"/>
		<feat xlink:href="#sSpan1566" value="ⲥⲟⲉⲓⲧ"/>
		<feat xlink:href="#sSpan1567" value="ϩⲙ"/>
		<feat xlink:href="#sSpan1569" value="ⲡ"/>
		<feat xlink:href="#sSpan1571" value="ⲕⲁϩ"/>
		<feat xlink:href="#sSpan1572" value="ⲧⲏⲣ"/>
		<feat xlink:href="#sSpan1574" value="ϥ"/>
		<feat xlink:href="#sSpan1575" value="ⲉⲧ"/>
		<feat xlink:href="#sSpan1577" value="ⲙⲙⲁⲩ"/>
		<feat xlink:href="#sSpan1578" value="."/>
		<feat xlink:href="#sSpan1581" value="ⲉ"/>
		<feat xlink:href="#sSpan1583" value="ϥ"/>
		<feat xlink:href="#sSpan1584" value="ⲛⲏⲩ"/>
		<feat xlink:href="#sSpan1585" value="ⲇⲉ"/>
		<feat xlink:href="#sSpan1587" value="ⲉⲃⲟⲗ"/>
		<feat xlink:href="#sSpan1589" value="."/>
		<feat xlink:href="#sSpan1591" value="ⲉⲓⲥ"/>
		<feat xlink:href="#sSpan1593" value="ϩⲏⲏⲧⲉ"/>
		<feat xlink:href="#sSpan1595" value="ⲁ"/>
		<feat xlink:href="#sSpan1597" value="ⲩ"/>
		<feat xlink:href="#sSpan1598" value="ⲉⲓⲛⲉ"/>
		<feat xlink:href="#sSpan1599" value="ⲛⲁ"/>
		<feat xlink:href="#sSpan1601" value="ϥ"/>
		<feat xlink:href="#sSpan1602" value="ⲛ"/>
		<feat xlink:href="#sSpan1604" value="ⲟⲩ"/>
		<feat xlink:href="#sSpan1605" value="ⲙⲡⲟ"/>
		<feat xlink:href="#sSpan1606" value="ⲉⲣⲉ"/>
		<feat xlink:href="#sSpan1608" value="ⲟⲩ"/>
		<feat xlink:href="#sSpan1609" value="ⲇⲁⲓⲙⲱⲛⲓⲟⲛ"/>
		<feat xlink:href="#sSpan1610" value="ϩⲓⲱⲱ"/>
		<feat xlink:href="#sSpan1612" value="ϥ"/>
		<feat xlink:href="#sSpan1613" value="."/>
		<feat xlink:href="#sSpan1616" value="ⲁⲩⲱ"/>
		<feat xlink:href="#sSpan1618" value="ⲛⲧⲉⲣⲉ"/>
		<feat xlink:href="#sSpan1620" value="ϥ"/>
		<feat xlink:href="#sSpan1621" value="ⲛⲟⲩϫⲉ"/>
		<feat xlink:href="#sSpan1622" value="ⲉⲃⲟⲗ"/>
		<feat xlink:href="#sSpan1624" value="ⲙ"/>
		<feat xlink:href="#sSpan1626" value="ⲡ"/>
		<feat xlink:href="#sSpan1627" value="ⲇⲁⲓⲙⲱⲛⲓⲟⲛ"/>
		<feat xlink:href="#sSpan1628" value="ⲁ"/>
		<feat xlink:href="#sSpan1630" value="ϥ"/>
		<feat xlink:href="#sSpan1631" value="ϣⲁϫⲉ"/>
		<feat xlink:href="#sSpan1632" value="ⲛϭⲓ"/>
		<feat xlink:href="#sSpan1634" value="ⲡⲉⲙⲡⲟ"/>
		<feat xlink:href="#sSpan1636" value="."/>
		<feat xlink:href="#sSpan1638" value="ⲁ"/>
		<feat xlink:href="#sSpan1640" value="ⲩ"/>
		<feat xlink:href="#sSpan1642" value="ⲣϣⲡⲏⲣⲉ"/>
		<feat xlink:href="#sSpan1644" value="ⲛϭⲓ"/>
		<feat xlink:href="#sSpan1646" value="ⲙ"/>
		<feat xlink:href="#sSpan1648" value="ⲙⲏⲏϣⲉ"/>
		<feat xlink:href="#sSpan1649" value="ⲉ"/>
		<feat xlink:href="#sSpan1651" value="ⲩ"/>
		<feat xlink:href="#sSpan1652" value="ϫⲱ"/>
		<feat xlink:href="#sSpan1653" value="ⲙⲙⲟ"/>
		<feat xlink:href="#sSpan1655" value="ⲥ"/>
		<feat xlink:href="#sSpan1656" value="ϫⲉ"/>
		<feat xlink:href="#sSpan1658" value="ⲙⲡⲉ"/>
		<feat xlink:href="#sSpan1660" value="ⲟⲩⲟⲛ"/>
		<feat xlink:href="#sSpan1661" value="ⲛ"/>
		<feat xlink:href="#sSpan1663" value="ⲧⲉⲓ"/>
		<feat xlink:href="#sSpan1664" value="ϩⲉ"/>
		<feat xlink:href="#sSpan1665" value="ⲟⲩⲱⲛϩ"/>
		<feat xlink:href="#sSpan1667" value="ⲉⲃⲟⲗ"/>
		<feat xlink:href="#sSpan1669" value="ⲉⲛⲉϩ"/>
		<feat xlink:href="#sSpan1671" value="ϩⲙ"/>
		<feat xlink:href="#sSpan1673" value="ⲡ"/>
		<feat xlink:href="#sSpan1675" value="ⲓⲥⲣⲁⲏⲗ"/>
		<feat xlink:href="#sSpan1676" value="."/>
		<feat xlink:href="#sSpan1679" value="ⲛⲉ"/>
		<feat xlink:href="#sSpan1681" value="ⲫⲁⲣⲓⲥⲥⲁⲓⲟⲥ"/>
		<feat xlink:href="#sSpan1682" value="ⲇⲉ"/>
		<feat xlink:href="#sSpan1684" value="ⲛⲉ"/>
		<feat xlink:href="#sSpan1686" value="ⲩ"/>
		<feat xlink:href="#sSpan1687" value="ϫⲱ"/>
		<feat xlink:href="#sSpan1688" value="ⲙⲙⲟ"/>
		<feat xlink:href="#sSpan1690" value="ⲥ"/>
		<feat xlink:href="#sSpan1691" value="ϫⲉ"/>
		<feat xlink:href="#sSpan1693" value="ϩⲣⲁⲓ"/>
		<feat xlink:href="#sSpan1695" value="ϩⲙ"/>
		<feat xlink:href="#sSpan1697" value="ⲡ"/>
		<feat xlink:href="#sSpan1699" value="ⲁⲣⲭⲱⲛ"/>
		<feat xlink:href="#sSpan1700" value="ⲛ"/>
		<feat xlink:href="#sSpan1702" value="ⲛ"/>
		<feat xlink:href="#sSpan1703" value="ⲇⲁⲓⲙⲱⲛⲓⲟⲛ"/>
		<feat xlink:href="#sSpan1704" value="ⲉ"/>
		<feat xlink:href="#sSpan1706" value="ϥ"/>
		<feat xlink:href="#sSpan1707" value="ⲛⲟⲩϫⲉ"/>
		<feat xlink:href="#sSpan1708" value="ⲉⲃⲟⲗ"/>
		<feat xlink:href="#sSpan1710" value="ⲛ"/>
		<feat xlink:href="#sSpan1712" value="ⲛ"/>
		<feat xlink:href="#sSpan1713" value="ⲇⲁⲓⲙⲱⲛⲓⲟⲛ"/>
		<feat xlink:href="#sSpan1714" value="."/>
		<feat xlink:href="#sSpan1717" value="ⲁⲩⲱ"/>
		<feat xlink:href="#sSpan1719" value="ⲁ"/>
		<feat xlink:href="#sSpan1721" value="ϥ"/>
		<feat xlink:href="#sSpan1722" value="ⲙⲟⲩϣⲧ"/>
		<feat xlink:href="#sSpan1723" value="ⲛϭⲓ"/>
		<feat xlink:href="#sSpan1725" value="ⲓⲏⲥⲟⲩⲥ"/>
		<feat xlink:href="#sSpan1727" value="ⲛ"/>
		<feat xlink:href="#sSpan1729" value="ⲙ"/>
		<feat xlink:href="#sSpan1730" value="ⲡⲟⲗⲓⲥ"/>
		<feat xlink:href="#sSpan1731" value="ⲧⲏⲣ"/>
		<feat xlink:href="#sSpan1733" value="ⲟⲩ"/>
		<feat xlink:href="#sSpan1734" value="ⲙⲛ"/>
		<feat xlink:href="#sSpan1736" value="ⲛ"/>
		<feat xlink:href="#sSpan1739" value="ϯⲙⲉ"/>
		<feat xlink:href="#sSpan1741" value="ⲉ"/>
		<feat xlink:href="#sSpan1743" value="ϥ"/>
		<feat xlink:href="#sSpan1745" value="ϯⲥⲃⲱ"/>
		<feat xlink:href="#sSpan1747" value="ϩⲣⲁⲓ"/>
		<feat xlink:href="#sSpan1749" value="ϩⲛ"/>
		<feat xlink:href="#sSpan1751" value="ⲛⲉⲩ"/>
		<feat xlink:href="#sSpan1753" value="ⲥⲩⲛⲁⲅⲱⲅⲏ"/>
		<feat xlink:href="#sSpan1754" value="."/>
		<feat xlink:href="#sSpan1756" value="ⲁⲩⲱ"/>
		<feat xlink:href="#sSpan1758" value="ⲉ"/>
		<feat xlink:href="#sSpan1760" value="ϥ"/>
		<feat xlink:href="#sSpan1762" value="ⲧⲁϣⲉⲟⲉⲓϣ"/>
		<feat xlink:href="#sSpan1764" value="ⲙ"/>
		<feat xlink:href="#sSpan1766" value="ⲡ"/>
		<feat xlink:href="#sSpan1767" value="ⲉⲩⲁⲅⲅⲉⲗⲓⲟⲛ"/>
		<feat xlink:href="#sSpan1768" value="ⲛ"/>
		<feat xlink:href="#sSpan1770" value="ⲧ"/>
		<feat xlink:href="#sSpan1772" value="ⲙⲛⲧⲣⲣⲟ"/>
		<feat xlink:href="#sSpan1774" value="ⲉ"/>
		<feat xlink:href="#sSpan1776" value="ϥ"/>
		<feat xlink:href="#sSpan1777" value="ⲣ"/>
		<feat xlink:href="#sSpan1778" value="ⲡⲁ"/>
		<feat xlink:href="#sSpan1779" value="ϩⲣⲉ"/>
		<feat xlink:href="#sSpan1780" value="ⲉ"/>
		<feat xlink:href="#sSpan1782" value="ϣⲱⲛⲉ"/>
		<feat xlink:href="#sSpan1783" value="ⲛⲓⲙ"/>
		<feat xlink:href="#sSpan1785" value="ϩⲓⲗⲟϫⲗⲉϫ"/>
		<feat xlink:href="#sSpan1787" value="ⲛⲓⲙ"/>
		<feat xlink:href="#sSpan1789" value="."/>
		<feat xlink:href="#sSpan1792" value="ⲛⲧⲉⲣⲉ"/>
		<feat xlink:href="#sSpan1794" value="ϥ"/>
		<feat xlink:href="#sSpan1795" value="ⲛⲁⲩ"/>
		<feat xlink:href="#sSpan1796" value="ⲇⲉ"/>
		<feat xlink:href="#sSpan1798" value="ⲉ"/>
		<feat xlink:href="#sSpan1800" value="ⲙ"/>
		<feat xlink:href="#sSpan1801" value="ⲙⲏⲏϣⲉ"/>
		<feat xlink:href="#sSpan1802" value="ⲁϥϣⲛ"/>
		<feat xlink:href="#sSpan1804" value="ϩⲧⲏ"/>
		<feat xlink:href="#sSpan1805" value="ϥ"/>
		<feat xlink:href="#sSpan1806" value="ϩⲁⲣⲟ"/>
		<feat xlink:href="#sSpan1808" value="ⲟⲩ"/>
		<feat xlink:href="#sSpan1809" value="ϫⲉ"/>
		<feat xlink:href="#sSpan1811" value="ⲛⲉ"/>
		<feat xlink:href="#sSpan1813" value="ⲩ"/>
		<feat xlink:href="#sSpan1814" value="ⲥⲕⲩⲗⲗⲉⲓ"/>
		<feat xlink:href="#sSpan1815" value="ⲡⲉ"/>
		<feat xlink:href="#sSpan1817" value="."/>
		<feat xlink:href="#sSpan1819" value="ⲁⲩⲱ"/>
		<feat xlink:href="#sSpan1821" value="ⲛⲉ"/>
		<feat xlink:href="#sSpan1823" value="ⲩ"/>
		<feat xlink:href="#sSpan1824" value="ⲛⲏϫ"/>
		<feat xlink:href="#sSpan1825" value="ⲛ"/>
		<feat xlink:href="#sSpan1827" value="ⲧ"/>
		<feat xlink:href="#sSpan1828" value="ϩⲉ"/>
		<feat xlink:href="#sSpan1829" value="ⲛ"/>
		<feat xlink:href="#sSpan1831" value="ⲛⲓ"/>
		<feat xlink:href="#sSpan1832" value="ⲉⲥⲟⲟⲩ"/>
		<feat xlink:href="#sSpan1833" value="ⲉⲧⲉ"/>
		<feat xlink:href="#sSpan1836" value="ⲙⲛⲧⲟⲩϣⲱⲥ"/>
		<feat xlink:href="#sSpan1838" value="."/>
		<feat xlink:href="#sSpan1841" value="ⲧⲟⲧⲉ"/>
		<feat xlink:href="#sSpan1843" value="ⲡⲉϫⲁ"/>
		<feat xlink:href="#sSpan1845" value="ϥ"/>
		<feat xlink:href="#sSpan1846" value="ⲛ"/>
		<feat xlink:href="#sSpan1848" value="ⲛⲉϥ"/>
		<feat xlink:href="#sSpan1849" value="ⲙⲁⲑⲏⲧⲏⲥ"/>
		<feat xlink:href="#sSpan1850" value="ϫⲉ"/>
		<feat xlink:href="#sSpan1852" value="ⲡ"/>
		<feat xlink:href="#sSpan1854" value="ⲱϩⲥ"/>
		<feat xlink:href="#sSpan1855" value="ⲙⲉⲛ"/>
		<feat xlink:href="#sSpan1857" value="ⲛⲁϣⲱ"/>
		<feat xlink:href="#sSpan1859" value="ϥ"/>
		<feat xlink:href="#sSpan1860" value="."/>
		<feat xlink:href="#sSpan1862" value="ⲛ"/>
		<feat xlink:href="#sSpan1864" value="ⲉⲣⲅⲁⲧⲏⲥ"/>
		<feat xlink:href="#sSpan1865" value="ⲇⲉ"/>
		<feat xlink:href="#sSpan1867" value="ⲥⲟⲃⲕ"/>
		<feat xlink:href="#sSpan1869" value="."/>
		<feat xlink:href="#sSpan1872" value="ⲥⲉⲡⲥ"/>
		<feat xlink:href="#sSpan1874" value="ⲡ"/>
		<feat xlink:href="#sSpan1875" value="ϫⲟⲉⲓⲥ"/>
		<feat xlink:href="#sSpan1876" value="ϭⲉ"/>
		<feat xlink:href="#sSpan1878" value="ⲙ"/>
		<feat xlink:href="#sSpan1880" value="ⲡ"/>
		<feat xlink:href="#sSpan1881" value="ⲱϩⲥ"/>
		<feat xlink:href="#sSpan1882" value="."/>
		<feat xlink:href="#sSpan1884" value="ϫⲉⲕⲁⲁⲥ"/>
		<feat xlink:href="#sSpan1886" value="ⲉϥⲉ"/>
		<feat xlink:href="#sSpan1888" value="ⲛⲉϫ"/>
		<feat xlink:href="#sSpan1889" value="ⲉⲣⲅⲁⲧⲏⲥ"/>
		<feat xlink:href="#sSpan1890" value="ⲉⲃⲟⲗ"/>
		<feat xlink:href="#sSpan1892" value="ⲉ"/>
		<feat xlink:href="#sSpan1894" value="ⲡⲉϥ"/>
		<feat xlink:href="#sSpan1895" value="ⲱϩⲥ"/>
		<feat xlink:href="#sSpan1896" value="."/></featList></paula>