<?xml version="1.0" encoding="UTF-8" standalone="no"?>

<!DOCTYPE paula SYSTEM "paula_feat.dtd">
<paula version="1.0">

<header paula_id="Abraham.YA547-50_merge_dipl_word"/>

<featList xmlns:xlink="http://www.w3.org/1999/xlink" type="dipl_word" xml:base="Abraham.YA547-50_merge.dipl_wordSeg.xml">
<feat xlink:href="#dipl_word_1" value="ⲁⲩⲱ"/><!-- ⲁⲩⲱ -->
<feat xlink:href="#dipl_word_2" value="ϩⲁⲧ︤ⲛ︥ⲧⲏⲩⲧ︤ⲛ︥"/><!-- ϩⲁⲧ︤ⲛ︥ -->
<feat xlink:href="#dipl_word_5" value="·"/><!-- · -->
<feat xlink:href="#dipl_word_6" value="ϫⲉⲕⲁⲥ"/><!-- ϫⲉⲕⲁⲥ -->
<feat xlink:href="#dipl_word_7" value="ⲛⲁⲙⲉ`"/><!-- ⲛⲁ -->
<feat xlink:href="#dipl_word_9" value="ⲉⲛⲛⲁϣⲱⲡⲉ"/><!-- ⲉ -->
<feat xlink:href="#dipl_word_13" value="ⲛ̄ϣⲏⲣⲉ`"/><!-- ⲛ̄ -->
<feat xlink:href="#dipl_word_15" value="ⲛ̄ⲁⲃⲣⲁϩⲁⲙ`"/><!-- ⲛ̄ -->
<feat xlink:href="#dipl_word_18" value="·"/><!-- · -->
<feat xlink:href="#dipl_word_19" value="ⲁⲩⲱ"/><!-- ⲁⲩⲱ -->
<feat xlink:href="#dipl_word_20" value="ⲛ̄ϣⲏⲣⲉ`"/><!-- ⲛ̄ -->
<feat xlink:href="#dipl_word_22" value="ⲛ̄ⲛⲉⲛⲉⲓⲟⲧⲉ`"/><!-- ⲛ̄ -->
<feat xlink:href="#dipl_word_26" value="ⲧⲏⲣⲟⲩ`"/><!-- ⲧⲏⲣ -->
<feat xlink:href="#dipl_word_28" value="ⲛ̄ⲁⲣⲭⲁⲓⲟⲥ"/><!-- ⲛ̄ -->
<feat xlink:href="#dipl_word_30" value="·"/><!-- · -->
<feat xlink:href="#dipl_word_31" value="ⲛⲁⲓ̈"/><!-- ⲛⲁⲓ̈ -->
<feat xlink:href="#dipl_word_32" value="ⲛ̄ⲧⲁⲡϫⲟⲉⲓⲥ`"/><!-- ⲛ̄ -->
<feat xlink:href="#dipl_word_37" value="ⲥⲙⲟⲩ"/><!-- ⲥⲙⲟⲩ -->
<feat xlink:href="#dipl_word_38" value="ⲉⲣⲟⲟⲩ"/><!-- ⲉⲣⲟ -->
<feat xlink:href="#dipl_word_40" value="·"/><!-- · -->
<feat xlink:href="#dipl_word_41" value="ϫⲉ"/><!-- ϫⲉ -->
<feat xlink:href="#dipl_word_42" value="ⲁⲩⲙⲉⲣⲉ`"/><!-- ⲁ -->
<feat xlink:href="#dipl_word_45" value="ⲛⲉⲩϣⲏⲣⲉⲙ︤ⲛ︥"/><!-- ⲛⲉⲩ -->
<feat xlink:href="#dipl_word_48" value="ⲛⲉⲩϣⲉⲉⲣⲉ"/><!-- ⲛⲉⲩ -->
<feat xlink:href="#dipl_word_50" value="ⲛ̄ⲧⲉⲧⲥⲁⲣ︤ⲝ︥`"/><!-- ⲛ̄ⲧⲉ -->
<feat xlink:href="#dipl_word_53" value="ⲙ̄ⲙⲁⲧⲉ"/><!-- ⲙ̄ⲙⲁ -->
<feat xlink:href="#dipl_word_55" value="ⲁⲛ"/><!-- ⲁⲛ -->
<feat xlink:href="#dipl_word_56" value="·"/><!-- · -->
<feat xlink:href="#dipl_word_57" value="ⲙ︤ⲛ︥"/><!-- ⲙ︤ⲛ︥ -->
<feat xlink:href="#dipl_word_58" value="ⲛⲉⲧⲏⲡ`"/><!-- ⲛ -->
<feat xlink:href="#dipl_word_61" value="ⲧⲏⲣⲟⲩ`"/><!-- ⲧⲏⲣ -->
<feat xlink:href="#dipl_word_63" value="ⲉⲣⲟⲟⲩ"/><!-- ⲉⲣⲟ -->
<feat xlink:href="#dipl_word_65" value="·"/><!-- · -->
<feat xlink:href="#dipl_word_66" value="ⲁⲗⲗⲁ`"/><!-- ⲁⲗⲗⲁ` -->
<feat xlink:href="#dipl_word_67" value="ⲁⲩⲙⲉⲣⲉ`"/><!-- ⲁ -->
<feat xlink:href="#dipl_word_71" value="ⲟⲩⲟⲛ`"/><!-- ⲟⲩⲟⲛ` -->
<feat xlink:href="#dipl_word_72" value="ⲛⲓⲙ`"/><!-- ⲛⲓⲙ` -->
<feat xlink:href="#dipl_word_73" value="ⲉⲧⲡⲓⲥⲧⲉⲩⲉ`"/><!-- ⲉⲧ -->
<feat xlink:href="#dipl_word_75" value="ⲉⲡⲛⲟⲩⲧⲉ"/><!-- ⲉ -->
<feat xlink:href="#dipl_word_78" value="·"/><!-- · -->
<feat xlink:href="#dipl_word_79" value="ⲁⲩⲱ"/><!-- ⲁⲩⲱ -->
<feat xlink:href="#dipl_word_80" value="ⲉⲧϩⲁⲣⲉϩ`"/><!-- ⲉⲧ -->
<feat xlink:href="#dipl_word_82" value="ⲉⲛⲉⲛⲧⲟⲗⲏ`"/><!-- ⲉ -->
<feat xlink:href="#dipl_word_86" value="ⲙ̄ⲡⲛⲟⲩⲧⲉ`"/><!-- ⲙ̄ -->
<feat xlink:href="#dipl_word_90" value="·"/><!-- · -->
<feat xlink:href="#dipl_word_91" value="ⲁⲩⲱ"/><!-- ⲁⲩⲱ -->
<feat xlink:href="#dipl_word_92" value="ⲛ̄ⲧⲉⲓ̈ϩⲉ`"/><!-- ⲛ̄ -->
<feat xlink:href="#dipl_word_95" value="ⲁⲡⲉⲩⲥⲡⲉⲣⲙⲁ`"/><!-- ⲁ -->
<feat xlink:href="#dipl_word_99" value="ⲕⲗⲏⲣⲟⲛⲟⲙⲉⲓ`"/><!-- ⲕⲗⲏⲣⲟⲛⲟ -->
<feat xlink:href="#dipl_word_101" value="ⲛ̄ⲟⲩⲟⲛ`"/><!-- ⲛ̄ -->
<feat xlink:href="#dipl_word_103" value="ⲛⲓⲙ"/><!-- ⲛⲓⲙ -->
<feat xlink:href="#dipl_word_104" value="ⲉⲧⲛⲁϣⲱⲡⲉ"/><!-- ⲉⲧ -->
<feat xlink:href="#dipl_word_107" value="ⲙ̄ⲡⲓⲥⲧⲟⲥ"/><!-- ⲙ̄ -->
<feat xlink:href="#dipl_word_109" value="·"/><!-- · -->
<feat xlink:href="#dipl_word_110" value="ⲁⲩⲱ"/><!-- ⲁⲩⲱ -->
<feat xlink:href="#dipl_word_111" value="ⲛ̄ⲇⲓⲕⲁⲓⲟⲥ`"/><!-- ⲛ̄ -->
<feat xlink:href="#dipl_word_113" value="ϫⲓⲛⲛ̄ϣⲟⲣ︤ⲡ︥"/><!-- ϫⲓⲛ -->
<feat xlink:href="#dipl_word_116" value="ϣⲁϩⲣⲁⲓ̈"/><!-- ϣⲁ -->
<feat xlink:href="#dipl_word_118" value="ⲉⲡⲟⲟⲩ"/><!-- ⲉ -->
<feat xlink:href="#dipl_word_121" value="ⲛ̄ϩⲟⲟⲩ̣`"/><!-- ⲛ̄ -->
<feat xlink:href="#dipl_word_123" value="ⲁⲩⲱ"/><!-- ⲁⲩⲱ -->
<feat xlink:href="#dipl_word_124" value="ϣⲁⲉⲛⲉϩ"/><!-- ϣⲁ -->
<feat xlink:href="#dipl_word_127" value="·"/><!-- · -->
<feat xlink:href="#dipl_word_128" value="ⲉϣϫⲉⲀϩⲉⲛϣⲏⲣⲉ`"/><!-- ⲉϣϫⲉ -->
<feat xlink:href="#dipl_word_132" value="ⲇⲉ"/><!-- ⲇⲉ -->
<feat xlink:href="#dipl_word_133" value="ⲛ̄ⲁⲧⲥⲱⲧⲙ̄`"/><!-- ⲛ̄ -->
<feat xlink:href="#dipl_word_135" value="ⲁⲩⲱ"/><!-- ⲁⲩⲱ -->
<feat xlink:href="#dipl_word_136" value="ⲛ̄ⲣⲉϥⲣ̂ⲛⲟⲃⲉ`"/><!-- ⲛ̄ -->
<feat xlink:href="#dipl_word_139" value="ϣⲱⲡⲉ`"/><!-- ϣⲱⲡⲉ` -->
<feat xlink:href="#dipl_word_140" value="ⲛ̄ⲛⲉⲛⲉⲓⲟⲧⲉ`"/><!-- ⲛ̄ -->
<feat xlink:href="#dipl_word_143" value="ⲛ̄ⲁⲣⲭⲁⲓⲟⲥ"/><!-- ⲛ̄ -->
<feat xlink:href="#dipl_word_146" value="·"/><!-- · -->
<feat xlink:href="#dipl_word_147" value="ⲙ̄ⲡⲟⲩⲁⲑⲉⲧⲓ`"/><!-- ⲙ̄ -->
<feat xlink:href="#dipl_word_152" value="ⲛ̄ⲛⲉⲩϣⲏⲣⲉ"/><!-- ⲛ̄ -->
<feat xlink:href="#dipl_word_155" value="ⲛ̄ⲇⲓⲕⲁⲓⲟⲥ`"/><!-- ⲛ̄ -->
<feat xlink:href="#dipl_word_157" value="ⲉⲧⲣⲉⲩⲡⲱⲧ`"/><!-- ⲉ -->
<feat xlink:href="#dipl_word_161" value="ⲉⲃⲟⲗ`"/><!-- ⲉⲃⲟⲗ` -->
<feat xlink:href="#dipl_word_162" value="ⲙ̄ⲙⲟⲟⲩ"/><!-- ⲙ̄ⲙⲟ -->
<feat xlink:href="#dipl_word_164" value="·"/><!-- · -->
<feat xlink:href="#dipl_word_165" value="ⲉⲧⲃⲉ"/><!-- ⲉⲧⲃⲉ -->
<feat xlink:href="#dipl_word_166" value="ⲡⲁϣⲁⲓ̈"/><!-- ⲡ -->
<feat xlink:href="#dipl_word_169" value="ⲛ̄ⲙ̄ⲙ︤ⲛ︦ⲧ︥ⲁⲧⲥⲃⲱ̂`"/><!-- ⲛ̄ -->
<feat xlink:href="#dipl_word_173" value="ⲛ̄ⲛ̄ϣⲏⲣⲉ`"/><!-- ⲛ̄ -->
<feat xlink:href="#dipl_word_176" value="ⲉⲑⲟⲟⲩ"/><!-- ⲉⲑ -->
<feat xlink:href="#dipl_word_178" value="·"/><!-- · -->
<feat xlink:href="#dipl_word_179" value="ⲁⲗⲗⲁ"/><!-- ⲁⲗⲗⲁ -->
<feat xlink:href="#dipl_word_180" value="ⲛ̄ⲧⲁⲩϣⲱⲱⲧ`"/><!-- ⲛ̄ⲧ -->
<feat xlink:href="#dipl_word_184" value="ⲉⲃⲟⲗ"/><!-- ⲉⲃⲟⲗ -->
<feat xlink:href="#dipl_word_185" value="ⲙ̄ⲙⲟⲟⲩ"/><!-- ⲙ̄ⲙⲟ -->
<feat xlink:href="#dipl_word_187" value="ⲛ̄ⲛ̄ϣⲏⲣⲉ`"/><!-- ⲛ̄ -->
<feat xlink:href="#dipl_word_190" value="ⲛ̄ⲣⲉϥⲣ̂ⲛⲟⲃⲉ"/><!-- ⲛ̄ -->
<feat xlink:href="#dipl_word_193" value="·"/><!-- · -->
<feat xlink:href="#dipl_word_194" value="ⲁⲩϭⲱ"/><!-- ⲁ -->
<feat xlink:href="#dipl_word_197" value="ⲙ︤ⲛ︥"/><!-- ⲙ︤ⲛ︥ -->
<feat xlink:href="#dipl_word_198" value="ⲛⲉⲩϣⲏⲣⲉ"/><!-- ⲛⲉ -->
<feat xlink:href="#dipl_word_201" value="ⲛ̄ⲇⲓⲕⲁⲓⲟⲥ`"/><!-- ⲛ̄ -->
<feat xlink:href="#dipl_word_204" value="ⲛ̄ⲛⲉϩⲟⲟⲩ"/><!-- ⲛ̄ -->
<feat xlink:href="#dipl_word_208" value="ⲧⲏⲣⲟⲩ"/><!-- ⲧⲏⲣ -->
<feat xlink:href="#dipl_word_210" value="ⲙ̄ⲡⲉⲩⲱⲛ︤ϩ︥"/><!-- ⲙ̄ -->
<feat xlink:href="#dipl_word_214" value="·"/><!-- · -->
<feat xlink:href="#dipl_word_215" value="Ⲉⲧⲃⲉⲡⲁⲓ̈"/><!-- Ⲉⲧⲃⲉ -->
<feat xlink:href="#dipl_word_217" value="ⲕⲁⲧⲁⲑⲉ"/><!-- ⲕⲁⲧⲁ -->
<feat xlink:href="#dipl_word_220" value="ⲛ̄ⲧⲁϩⲁϩ"/><!-- ⲛ̄ⲧ -->
<feat xlink:href="#dipl_word_223" value="ⲛ̄ϣⲏⲣⲉ`"/><!-- ⲛ̄ -->
<feat xlink:href="#dipl_word_226" value="ⲛ̄ⲣⲉϥⲣ̂ⲛⲟⲃⲉ`"/><!-- ⲛ̄ -->
<feat xlink:href="#dipl_word_229" value="ⲗⲩⲡⲉⲓ`"/><!-- ⲗⲩⲡⲉⲓ` -->
<feat xlink:href="#dipl_word_230" value="ⲛ̄ⲛⲉⲛⲉⲓⲟⲧⲉ`"/><!-- ⲛ̄ -->
<feat xlink:href="#dipl_word_233" value="ⲛ̄ⲁⲣⲭⲁⲓⲟⲥ"/><!-- ⲛ̄ -->
<feat xlink:href="#dipl_word_236" value="·"/><!-- · -->
<feat xlink:href="#dipl_word_237" value="ⲧⲁⲓ̈"/><!-- ⲧⲁⲓ̈ -->
<feat xlink:href="#dipl_word_238" value="ⲟⲛ"/><!-- ⲟⲛ -->
<feat xlink:href="#dipl_word_239" value="ⲧⲉ"/><!-- ⲧⲉ -->
<feat xlink:href="#dipl_word_240" value="ⲑⲉ`"/><!-- ⲑ -->
<feat xlink:href="#dipl_word_242" value="ⲛ̄ⲧⲁϩⲁϩ`"/><!-- ⲛ̄ⲧ -->
<feat xlink:href="#dipl_word_245" value="ⲛ̄ϣⲏⲣⲉ`"/><!-- ⲛ̄ -->
<feat xlink:href="#dipl_word_247" value="ⲛ̄ⲇⲓⲕⲁⲓⲟⲥ`"/><!-- ⲛ̄ -->
<feat xlink:href="#dipl_word_250" value="ⲉⲩⲫⲣⲁⲛⲉ`"/><!-- ⲉⲩⲫⲣⲁⲛⲉ` -->
<feat xlink:href="#dipl_word_251" value="ⲙ̄ⲙⲟⲟⲩ"/><!-- ⲙ̄ -->
<feat xlink:href="#dipl_word_254" value="·"/><!-- · -->
<feat xlink:href="#dipl_word_255" value="ⲁⲩⲱ"/><!-- ⲁⲩⲱ -->
<feat xlink:href="#dipl_word_256" value="ⲕⲁⲧⲁⲑⲉ"/><!-- ⲕⲁ -->
<feat xlink:href="#dipl_word_260" value="ⲉⲧⲉϣⲁⲣⲉⲡⲛⲟⲩⲧⲉ"/><!-- ⲉⲧⲉ -->
<feat xlink:href="#dipl_word_264" value="ϭⲱⲛ︤ⲧ︥"/><!-- ϭⲱⲛ︤ⲧ︥ -->
<feat xlink:href="#dipl_word_265" value="ⲛ̄ϩⲁϩ"/><!-- ⲛ̄ -->
<feat xlink:href="#dipl_word_267" value="ⲛ̄ⲥⲟⲡ"/><!-- ⲛ̄ -->
<feat xlink:href="#dipl_word_269" value="ϩⲱⲥⲧⲉ`"/><!-- ϩⲱⲥ -->
<feat xlink:href="#dipl_word_271" value="ⲉⲧⲣⲉϥϥⲱⲧⲉ`"/><!-- ⲉ -->
<feat xlink:href="#dipl_word_276" value="ⲉⲃⲟⲗ`"/><!-- ⲉⲃⲟⲗ` -->
<feat xlink:href="#dipl_word_277" value="ⲛ̄ϩⲁϩ"/><!-- ⲛ̄ -->
<feat xlink:href="#dipl_word_279" value="ⲛ̄ⲗⲁⲟⲥ`"/><!-- ⲛ̄ -->
<feat xlink:href="#dipl_word_281" value="ⲛ̄ⲁⲣⲭⲁⲓⲟⲥ`"/><!-- ⲛ̄ -->
<feat xlink:href="#dipl_word_283" value="ⲉⲧⲃⲉ"/><!-- ⲉⲧⲃⲉ -->
<feat xlink:href="#dipl_word_284" value="ϩⲁϩ"/><!-- ϩⲁϩ -->
<feat xlink:href="#dipl_word_285" value="ⲛ̄ϣⲏⲣⲉ`"/><!-- ⲛ̄ -->
<feat xlink:href="#dipl_word_287" value="ⲛ̄ⲣⲉϥⲣ̂ⲛⲟⲃⲉ`"/><!-- ⲛ̄ -->
<feat xlink:href="#dipl_word_290" value="ϩⲣⲁⲓ̈"/><!-- ϩⲣⲁⲓ̈ -->
<feat xlink:href="#dipl_word_291" value="ⲛ̄ϩⲏⲧⲟⲩ"/><!-- ⲛ̄ϩⲏⲧ -->
<feat xlink:href="#dipl_word_293" value="·"/><!-- · -->
<feat xlink:href="#dipl_word_294" value="Ⲧⲁⲓ̈"/><!-- Ⲧⲁⲓ̈ -->
<feat xlink:href="#dipl_word_295" value="ⲟⲛ"/><!-- ⲟⲛ -->
<feat xlink:href="#dipl_word_296" value="ⲧⲉ"/><!-- ⲧⲉ -->
<feat xlink:href="#dipl_word_297" value="ⲑⲉ`"/><!-- ⲑ -->
<feat xlink:href="#dipl_word_299" value="ⲉⲧⲉⲣⲉⲡⲛⲟⲩⲧⲉⲕⲧⲟ`"/><!-- ⲉⲧⲉ -->
<feat xlink:href="#dipl_word_304" value="ⲉⲃⲟⲗ`"/><!-- ⲉⲃⲟⲗ` -->
<feat xlink:href="#dipl_word_305" value="ⲛ̄ⲧⲉϥⲟⲣⲅⲏ`"/><!-- ⲛ̄ -->
<feat xlink:href="#dipl_word_309" value="ⲛ̄ϩⲁϩ"/><!-- ⲛ̄ -->
<feat xlink:href="#dipl_word_311" value="ⲛ̄ⲥⲟⲡ`"/><!-- ⲛ̄ -->
<feat xlink:href="#dipl_word_313" value="ⲉⲃⲟⲗ"/><!-- ⲉⲃⲟⲗ -->
<feat xlink:href="#dipl_word_314" value="ϩⲓϫ︤ⲛ︥ϩⲁϩ`"/><!-- ϩⲓϫ︤ⲛ︥ -->
<feat xlink:href="#dipl_word_316" value="ⲛ̄ⲗⲁⲟⲥ`"/><!-- ⲛ̄ -->
<feat xlink:href="#dipl_word_319" value="ⲛ̄ⲁⲣⲭⲁⲓⲟⲥ`"/><!-- ⲛ̄ -->
<feat xlink:href="#dipl_word_321" value="·"/><!-- · -->
<feat xlink:href="#dipl_word_322" value="ⲉⲧⲃⲉ"/><!-- ⲉⲧⲃⲉ -->
<feat xlink:href="#dipl_word_323" value="ⲛ̄ϣⲏⲣⲉ"/><!-- ⲛ̄ -->
<feat xlink:href="#dipl_word_325" value="ⲛ̄ⲇⲓⲕⲁⲓⲟⲥ"/><!-- ⲛ̄ -->
<feat xlink:href="#dipl_word_327" value="ⲛ̄ⲧⲁⲩϣⲱⲡⲉ"/><!-- ⲛ̄ⲧ -->
<feat xlink:href="#dipl_word_331" value="ϩⲣⲁⲓ̈"/><!-- ϩⲣⲁⲓ̈ -->
<feat xlink:href="#dipl_word_332" value="ⲛ̄ϩⲏⲧⲟⲩ"/><!-- ⲛ̄ϩⲏ -->
<feat xlink:href="#dipl_word_335" value="·"/><!-- · -->
<feat xlink:href="#dipl_word_336" value="ⲁⲩⲱ"/><!-- ⲁⲩⲱ -->
<feat xlink:href="#dipl_word_337" value="ⲕⲁⲧⲁⲑⲉ"/><!-- ⲕⲁ -->
<feat xlink:href="#dipl_word_341" value="ⲛ̄ⲧⲁϩⲉⲛⲙⲏⲏϣⲉ`"/><!-- ⲛ̄ⲧ -->
<feat xlink:href="#dipl_word_346" value="ⲉⲛⲁϣⲱⲟⲩⲙⲟⲩ"/><!-- ⲉⲛ -->
<feat xlink:href="#dipl_word_350" value="ϩⲣⲁⲓ̈"/><!-- ϩⲣⲁⲓ̈ -->
<feat xlink:href="#dipl_word_351" value="ϩ︤ⲛ︥ⲧⲉⲩⲙ︤ⲛ︦ⲧ︥ϣⲁϥⲧⲉ"/><!-- ϩ︤ⲛ︥ -->
<feat xlink:href="#dipl_word_354" value="·"/><!-- · -->
<feat xlink:href="#dipl_word_355" value="ϩⲣⲁⲓ̈"/><!-- ϩⲣⲁⲓ̈ -->
<feat xlink:href="#dipl_word_356" value="ϩ︤ⲛ︥ⲁⲛⲟⲙⲓⲁ`"/><!-- ϩ︤ⲛ︥ -->
<feat xlink:href="#dipl_word_358" value="ⲛⲓⲙ`"/><!-- ⲛⲓⲙ` -->
<feat xlink:href="#dipl_word_359" value="ⲉⲧⲃⲉ"/><!-- ⲉⲧⲃⲉ -->
<feat xlink:href="#dipl_word_360" value="ϩⲁϩ`"/><!-- ϩⲁϩ` -->
<feat xlink:href="#dipl_word_361" value="ⲙ̄ⲡⲣⲟⲫⲏⲧⲏⲥ`"/><!-- ⲙ̄ -->
<feat xlink:href="#dipl_word_363" value="ⲛ̄ⲛⲟⲩϫ`"/><!-- ⲛ̄ -->
<feat xlink:href="#dipl_word_365" value="·"/><!-- · -->
<feat xlink:href="#dipl_word_366" value="ⲉⲁⲩϣⲱⲡⲉ"/><!-- ⲉ -->
<feat xlink:href="#dipl_word_371" value="ϩⲣⲁⲓ̈"/><!-- ϩⲣⲁⲓ̈ -->
<feat xlink:href="#dipl_word_372" value="ϩ︤ⲛ︥ϩⲁϩ̣`"/><!-- ϩ︤ⲛ︥ -->
<feat xlink:href="#dipl_word_374" value="ⲛ̄ⲗⲁⲟⲥ`"/><!-- ⲛ̄ -->
<feat xlink:href="#dipl_word_376" value="ⲛ̄ⲁⲣⲭⲁⲓⲟⲥ"/><!-- ⲛ̄ -->
<feat xlink:href="#dipl_word_378" value="·ⲉⲩⲧⲙⲁⲓ̈ⲟ`"/><!-- · -->
<feat xlink:href="#dipl_word_382" value="ⲙ̄ⲙⲟⲟⲩ"/><!-- ⲙ̄ⲙⲟ -->
<feat xlink:href="#dipl_word_384" value="ⲉⲩⲡⲗⲁⲛⲁ`"/><!-- ⲉ -->
<feat xlink:href="#dipl_word_387" value="ⲙ̄ⲙⲟⲟⲩ"/><!-- ⲙ̄ⲙⲟ -->
<feat xlink:href="#dipl_word_389" value="ⲉⲩⲥⲱⲕ"/><!-- ⲉ -->
<feat xlink:href="#dipl_word_392" value="ⲉϩⲣⲁⲓ̈"/><!-- ⲉϩⲣⲁⲓ̈ -->
<feat xlink:href="#dipl_word_393" value="ⲉϫⲱⲟⲩ"/><!-- ⲉϫⲱ -->
<feat xlink:href="#dipl_word_395" value="ⲛ︤ⲙ︥ⲙⲁⲩ"/><!-- ⲛ︤ⲙ︥ⲙⲁ -->
<feat xlink:href="#dipl_word_397" value="ⲛ̄ⲧⲟⲣⲅⲏ"/><!-- ⲛ̄ -->
<feat xlink:href="#dipl_word_402" value="ⲙ̄ⲡⲛⲟⲩⲧⲉ"/><!-- ⲙ̄ -->
<feat xlink:href="#dipl_word_405" value="Ⲧⲁⲓ̈"/><!-- Ⲧⲁⲓ̈ -->
<feat xlink:href="#dipl_word_406" value="ⲟⲛ"/><!-- ⲟⲛ -->
<feat xlink:href="#dipl_word_407" value="ⲧⲉ"/><!-- ⲧⲉ -->
<feat xlink:href="#dipl_word_408" value="ⲑⲉ"/><!-- ⲑ -->
<feat xlink:href="#dipl_word_410" value="ⲛ̄ⲧⲁⲩⲱⲛ︤ϩ︥`"/><!-- ⲛ̄ⲧ -->
<feat xlink:href="#dipl_word_414" value="ⲛ̄ϭⲓ"/><!-- ⲛ̄ϭⲓ -->
<feat xlink:href="#dipl_word_415" value="ϩⲉⲛⲙⲏⲏϣⲉ`"/><!-- ϩⲉⲛ -->
<feat xlink:href="#dipl_word_418" value="ⲉⲛⲁϣⲱⲟⲩ"/><!-- ⲉ -->
<feat xlink:href="#dipl_word_422" value="ϩⲣⲁⲓ̈"/><!-- ϩⲣⲁⲓ̈ -->
<feat xlink:href="#dipl_word_423" value="ϩ︤ⲛ︥ⲇⲓⲕⲁⲓⲟⲥⲩⲛⲏ"/><!-- ϩ︤ⲛ︥ -->
<feat xlink:href="#dipl_word_425" value="ⲛⲓⲙ`"/><!-- ⲛⲓⲙ` -->
<feat xlink:href="#dipl_word_426" value="ⲉⲧⲃⲉ"/><!-- ⲉⲧⲃⲉ -->
<feat xlink:href="#dipl_word_427" value="ϩⲁϩ"/><!-- ϩⲁϩ -->
<feat xlink:href="#dipl_word_428" value="ⲙ̄ⲡⲣⲟⲫⲏⲧⲏⲥ`"/><!-- ⲙ̄ -->
<feat xlink:href="#dipl_word_430" value="ⲛ̄ⲧⲉⲡϫⲟⲉⲓⲥ"/><!-- ⲛ̄ -->
<feat xlink:href="#dipl_word_434" value="ⲡⲛⲟⲩⲧⲉ`"/><!-- ⲡ -->
<feat xlink:href="#dipl_word_437" value="ⲉⲁⲩϣⲱⲡⲉ"/><!-- ⲉ -->
<feat xlink:href="#dipl_word_441" value="ϩⲣⲁⲓ̈"/><!-- ϩⲣⲁⲓ̈ -->
<feat xlink:href="#dipl_word_442" value="ϩ︤ⲛ︥ϩⲁϩ"/><!-- ϩ︤ⲛ︥ -->
<feat xlink:href="#dipl_word_444" value="ⲛ̄ⲗⲁⲟⲥ"/><!-- ⲛ̄ -->
<feat xlink:href="#dipl_word_447" value="ⲛ̄ⲁⲣⲭⲁⲓⲟⲥ`"/><!-- ⲛ̄ -->
<feat xlink:href="#dipl_word_449" value="ⲉⲩϫⲱ̂"/><!-- ⲉ -->
<feat xlink:href="#dipl_word_452" value="ⲛ̄ⲧⲙⲉ`"/><!-- ⲛ̄ -->
<feat xlink:href="#dipl_word_455" value="·"/><!-- · -->
<feat xlink:href="#dipl_word_456" value="ⲁⲩⲱ"/><!-- ⲁⲩⲱ -->
<feat xlink:href="#dipl_word_457" value="ⲉⲩϫⲡⲓⲟ`"/><!-- ⲉ -->
<feat xlink:href="#dipl_word_460" value="ⲛ̄ⲛⲉⲧⲣ̂ⲛⲟⲃⲉ`"/><!-- ⲛ̄ -->
<feat xlink:href="#dipl_word_465" value="ⲉⲩⲙⲁⲕⲁⲣⲓⲍⲉ"/><!-- ⲉ -->
<feat xlink:href="#dipl_word_469" value="ⲛ̄ⲛⲉⲧⲉⲓⲣⲉ"/><!-- ⲛ̄ -->
<feat xlink:href="#dipl_word_473" value="ⲙ̄ⲡⲁⲅⲁⲑⲟⲛ`"/><!-- ⲙ̄ -->
<feat xlink:href="#dipl_word_476" value="·"/><!-- · -->
<feat xlink:href="#dipl_word_477" value="Ⲁⲩⲱ"/><!-- Ⲁⲩⲱ -->
<feat xlink:href="#dipl_word_478" value="ⲕⲁⲧⲁⲑⲉ"/><!-- ⲕⲁⲧⲁ -->
<feat xlink:href="#dipl_word_481" value="ⲉⲧⲉϩⲉⲛⲉⲃⲟⲗ"/><!-- ⲉⲧⲉ -->
<feat xlink:href="#dipl_word_484" value="ϩ︤ⲛ︥ⲛ̄ⲗⲁⲟⲥ`"/><!-- ϩ︤ⲛ︥ -->
<feat xlink:href="#dipl_word_487" value="ⲛ̄ⲁⲣⲭⲁⲓⲟⲥ`"/><!-- ⲛ̄ -->
<feat xlink:href="#dipl_word_489" value="ⲛⲉ"/><!-- ⲛⲉ -->
<feat xlink:href="#dipl_word_490" value="ⲛⲉⲛⲧⲁⲩⲡⲗⲁⲛⲁ`"/><!-- ⲛ -->
<feat xlink:href="#dipl_word_496" value="ⲙ̄ⲙⲟⲟⲩ`"/><!-- ⲙ̄ⲙⲟ -->
<feat xlink:href="#dipl_word_498" value="ⲉⲧⲉϩⲉⲛⲡⲣⲟⲫⲏⲧⲏⲥ"/><!-- ⲉⲧⲉ -->
<feat xlink:href="#dipl_word_501" value="ⲛ̄ⲛⲟⲩϫ`"/><!-- ⲛ̄ -->
<feat xlink:href="#dipl_word_503" value="ⲛⲉ`"/><!-- ⲛⲉ` -->
<feat xlink:href="#dipl_word_504" value="ⲙ︤ⲛ︥"/><!-- ⲙ︤ⲛ︥ -->
<feat xlink:href="#dipl_word_505" value="ⲛ̄ⲟⲩⲏⲏⲃ`"/><!-- ⲛ̄ -->
<feat xlink:href="#dipl_word_507" value="ⲉⲧⲡⲗⲁⲛⲁ`"/><!-- ⲉⲧ -->
<feat xlink:href="#dipl_word_510" value="·"/><!-- · -->
<feat xlink:href="#dipl_word_511" value="ⲧⲁⲓ"/><!-- ⲧⲁⲓ -->
<feat xlink:href="#dipl_word_512" value="ⲟⲛ"/><!-- ⲟⲛ -->
<feat xlink:href="#dipl_word_513" value="ⲧⲉ"/><!-- ⲧⲉ -->
<feat xlink:href="#dipl_word_514" value="Ⲑⲉ`"/><!-- Ⲑ -->
<feat xlink:href="#dipl_word_516" value="ⲉϩⲉⲛⲉⲃⲟⲗ"/><!-- ⲉ -->
<feat xlink:href="#dipl_word_519" value="ⲛⲉ"/><!-- ⲛⲉ -->
<feat xlink:href="#dipl_word_520" value="ϩ︤ⲛ︥ⲛ̄ⲗⲁⲟⲥ"/><!-- ϩ︤ⲛ︥ -->
<feat xlink:href="#dipl_word_523" value="ⲛ̄ⲁⲣⲭⲁⲓⲟⲥ`"/><!-- ⲛ̄ -->
<feat xlink:href="#dipl_word_526" value="ⲛⲉ"/><!-- ⲛⲉ -->
<feat xlink:href="#dipl_word_527" value="ⲛⲉⲡⲣⲟⲫⲏⲧⲏⲥ`"/><!-- ⲛⲉ -->
<feat xlink:href="#dipl_word_530" value="ⲙ̄ⲡϫⲟⲉⲓⲥ"/><!-- ⲙ̄ -->
<feat xlink:href="#dipl_word_533" value="ⲡⲛⲟⲩⲧⲉ`"/><!-- ⲡ -->
<feat xlink:href="#dipl_word_535" value="ⲉⲧⲉⲛⲁⲓ̈"/><!-- ⲉⲧⲉ -->
<feat xlink:href="#dipl_word_537" value="ⲛⲉ"/><!-- ⲛⲉ -->
<feat xlink:href="#dipl_word_538" value="·"/><!-- · -->
<feat xlink:href="#dipl_word_539" value="ⲙⲱⲩ̈ⲥⲏⲥ"/><!-- ⲙⲱⲩ̈ -->
<feat xlink:href="#dipl_word_541" value="·"/><!-- · -->
<feat xlink:href="#dipl_word_542" value="ⲙ︤ⲛ︥"/><!-- ⲙ︤ⲛ︥ -->
<feat xlink:href="#dipl_word_543" value="ⲓ︤ⲏ︦ⲥ︥"/><!-- ⲓ︤ⲏ︦ⲥ︥ -->
<feat xlink:href="#dipl_word_544" value="ⲡⲉⲡⲣⲟⲫⲏⲧⲏⲥ"/><!-- ⲡⲉ -->
<feat xlink:href="#dipl_word_546" value="·"/><!-- · -->
<feat xlink:href="#dipl_word_547" value="ⲙ︤ⲛ︥ⲏ̂ⲥⲁⲓ̈ⲁⲥ"/><!-- ⲙ︤ⲛ︥ -->
<feat xlink:href="#dipl_word_549" value="·"/><!-- · -->
<feat xlink:href="#dipl_word_550" value="ⲙ︤ⲛ︥"/><!-- ⲙ︤ⲛ︥ -->
<feat xlink:href="#dipl_word_551" value="ⲓ̈ⲉⲣⲉⲙⲓⲁⲥ`"/><!-- ⲓ̈ -->
<feat xlink:href="#dipl_word_553" value="·"/><!-- · -->
<feat xlink:href="#dipl_word_554" value="ⲙ︤ⲛ︥"/><!-- ⲙ︤ⲛ︥ -->
<feat xlink:href="#dipl_word_555" value="ⲓ̈ⲉⲍⲉⲕⲓⲏⲗ`"/><!-- ⲓ̈ⲉ -->
<feat xlink:href="#dipl_word_557" value="·"/><!-- · -->
<feat xlink:href="#dipl_word_558" value="ⲙ︤ⲛ︥"/><!-- ⲙ︤ⲛ︥ -->
<feat xlink:href="#dipl_word_559" value="ⲛⲉⲡⲣⲟⲫⲏⲧⲏⲥ"/><!-- ⲛⲉ -->
<feat xlink:href="#dipl_word_561" value="ⲧⲏⲣⲟⲩ`"/><!-- ⲧⲏ -->
<feat xlink:href="#dipl_word_564" value="ⲛⲁⲓ̈"/><!-- ⲛⲁⲓ̈ -->
<feat xlink:href="#dipl_word_565" value="ⲛ̄ⲧⲁⲩϫⲡⲓⲟ`"/><!-- ⲛ̄ⲧ -->
<feat xlink:href="#dipl_word_570" value="ⲛ̄ⲟⲩⲟⲛ"/><!-- ⲛ̄ -->
<feat xlink:href="#dipl_word_572" value="ⲛⲓⲙ`"/><!-- ⲛⲓⲙ` -->
<feat xlink:href="#dipl_word_573" value="ⲛ̄ⲧⲁⲩⲣ̂ⲛⲟⲃⲉ"/><!-- ⲛ̄ -->
<feat xlink:href="#dipl_word_579" value="ⲏ̂"/><!-- ⲏ̂ -->
<feat xlink:href="#dipl_word_580" value="ⲉⲧⲛⲁⲣ̂ⲛⲟⲃⲉ"/><!-- ⲉⲧ -->
<feat xlink:href="#dipl_word_584" value="ⲙ̄ⲡⲉⲙⲧⲟ"/><!-- ⲙ̄ -->
<feat xlink:href="#dipl_word_588" value="ⲉⲃⲟⲗ"/><!-- ⲉⲃⲟⲗ -->
<feat xlink:href="#dipl_word_589" value="ⲙ̄ⲡϫⲟⲉⲓⲥ`"/><!-- ⲙ̄ -->
<feat xlink:href="#dipl_word_593" value="·"/><!-- · -->
<feat xlink:href="#dipl_word_594" value="ⲁⲩⲱ"/><!-- ⲁⲩⲱ -->
<feat xlink:href="#dipl_word_595" value="ⲉⲁⲩⲡⲁⲣⲁⲕⲁⲗⲉⲓ`"/><!-- ⲉ -->
<feat xlink:href="#dipl_word_600" value="ⲛ̄ⲟⲩⲟⲛ"/><!-- ⲛ̄ -->
<feat xlink:href="#dipl_word_602" value="ⲛⲓⲙ`"/><!-- ⲛⲓⲙ` -->
<feat xlink:href="#dipl_word_603" value="ⲛ̄ⲧⲁⲩⲉⲓⲣⲉ`"/><!-- ⲛ̄ⲧ -->
<feat xlink:href="#dipl_word_607" value="ⲏ̂"/><!-- ⲏ̂ -->
<feat xlink:href="#dipl_word_608" value="ⲉⲧⲛⲁⲉⲓⲣⲉ"/><!-- ⲉⲧ -->
<feat xlink:href="#dipl_word_611" value="ⲛ̄ⲇⲓⲕⲁⲓⲟⲥⲩⲛⲏ̂`"/><!-- ⲛ̄ -->
<feat xlink:href="#dipl_word_614" value="ⲛⲓⲙ"/><!-- ⲛⲓⲙ -->
<feat xlink:href="#dipl_word_615" value="Ⲛⲉⲡⲣⲟⲫⲏⲧⲏⲥ"/><!-- Ⲛⲉ -->
<feat xlink:href="#dipl_word_617" value="ⲇⲉ"/><!-- ⲇⲉ -->
<feat xlink:href="#dipl_word_618" value="ⲧⲏⲣⲟⲩ"/><!-- ⲧⲏⲣ -->
<feat xlink:href="#dipl_word_620" value="ⲙ̄ⲡϫⲟⲓ̈ⲥ"/><!-- ⲙ̄ -->
<feat xlink:href="#dipl_word_623" value="ⲡⲛⲟⲩⲧⲉ`"/><!-- ⲡ -->
<feat xlink:href="#dipl_word_625" value="·"/><!-- · -->
<feat xlink:href="#dipl_word_626" value="ⲁⲩⲱ"/><!-- ⲁⲩⲱ -->
<feat xlink:href="#dipl_word_627" value="ⲛ̄ⲁⲡⲟⲥⲧⲟⲗⲟⲥ"/><!-- ⲛ̄ -->
<feat xlink:href="#dipl_word_629" value="ⲛ̄ⲧⲉⲡⲉⲛϫⲟⲓ̈ⲥ"/><!-- ⲛ̄ⲧⲉ -->
<feat xlink:href="#dipl_word_633" value="ⲓ︤ⲥ︥"/><!-- ⲓ︤ⲥ︥ -->
<feat xlink:href="#dipl_word_634" value="·"/><!-- · -->
<feat xlink:href="#dipl_word_635" value="ϩⲉⲛⲉⲃⲟⲗ"/><!-- ϩⲉⲛ -->
<feat xlink:href="#dipl_word_637" value="ⲧⲏⲣⲟⲩ"/><!-- ⲧⲏ -->
<feat xlink:href="#dipl_word_640" value="ⲛⲉ`"/><!-- ⲛⲉ` -->
<feat xlink:href="#dipl_word_641" value="ϩ︤ⲙ︥ⲡⲉⲥⲡⲉⲣⲙⲁ`"/><!-- ϩ︤ⲙ︥ -->
<feat xlink:href="#dipl_word_644" value="ⲙ̄ⲡⲉⲛⲉⲓⲱⲧ`"/><!-- ⲙ̄ -->
<feat xlink:href="#dipl_word_648" value="ⲁⲃⲣⲁϩⲁⲙ`"/><!-- ⲁⲃⲣⲁϩⲁⲙ` -->
<feat xlink:href="#dipl_word_649" value="·"/><!-- · -->
<feat xlink:href="#dipl_word_650" value="ⲁⲩⲱ"/><!-- ⲁⲩⲱ -->
<feat xlink:href="#dipl_word_651" value="ⲙ̄ⲡⲟⲩϯⲥⲟ`"/><!-- ⲙ̄ⲡ -->
<feat xlink:href="#dipl_word_655" value="ⲉⲛⲉⲃⲟⲗ`"/><!-- ⲉ -->
<feat xlink:href="#dipl_word_658" value="ϩ︤ⲛ︥ⲁⲃⲣⲁϩⲁⲙ`"/><!-- ϩ︤ⲛ︥ -->
<feat xlink:href="#dipl_word_661" value="ⲛ̄ⲧⲉⲣⲟⲩⲣ̂ⲛⲟⲃⲉ`"/><!-- ⲛ̄ⲧⲉⲣ -->
<feat xlink:href="#dipl_word_665" value="ⲙ̄ⲡⲉⲙⲧⲟ"/><!-- ⲙ̄ -->
<feat xlink:href="#dipl_word_669" value="ⲉⲃⲟⲗ"/><!-- ⲉⲃⲟⲗ -->
<feat xlink:href="#dipl_word_670" value="ⲙ̄ⲡⲛⲟⲩⲧⲉ`"/><!-- ⲙ̄ -->
<feat xlink:href="#dipl_word_674" value="ⲛ̄ⲧⲁϥⲧⲁⲙⲓⲟⲟⲩ"/><!-- ⲛ̄ⲧ -->
<feat xlink:href="#dipl_word_680" value="·"/><!-- · -->
<feat xlink:href="#dipl_word_681" value="ⲁⲗⲗⲁ"/><!-- ⲁⲗⲗⲁ -->
<feat xlink:href="#dipl_word_682" value="ⲉⲁⲩⲉⲓⲛⲉ`"/><!-- ⲉ -->
<feat xlink:href="#dipl_word_686" value="ⲉϩⲣⲁⲓ̈"/><!-- ⲉϩⲣⲁⲓ̈ -->
<feat xlink:href="#dipl_word_687" value="ⲉϫ︤ⲛ︥ⲛⲉⲩⲥⲛⲏⲩ`"/><!-- ⲉϫ︤ⲛ︥ -->
<feat xlink:href="#dipl_word_691" value="ⲛⲉⲃⲟⲗ"/><!-- ⲛ -->
<feat xlink:href="#dipl_word_694" value="ⲙ̄ⲙⲟⲟⲩ"/><!-- ⲙ̄ⲙⲟ -->
<feat xlink:href="#dipl_word_696" value="ⲛ̄ϩⲉⲛⲛⲟϭ"/><!-- ⲛ̄ -->
<feat xlink:href="#dipl_word_699" value="ⲛ̄ⲥⲁϩⲟⲩ"/><!-- ⲛ̄ -->
<feat xlink:href="#dipl_word_701" value="·"/><!-- · -->
<feat xlink:href="#dipl_word_702" value="ⲕⲁⲧⲁⲛⲉⲧⲥⲏϩ`"/><!-- ⲕⲁⲧⲁ -->
<feat xlink:href="#dipl_word_706" value="ⲧⲏⲣⲟⲩ"/><!-- ⲧⲏⲣ -->
<feat xlink:href="#dipl_word_708" value="ϩ︤ⲙ︥ⲡⲛⲟⲙⲟⲥ`"/><!-- ϩ︤ⲙ︥ -->
<feat xlink:href="#dipl_word_712" value="ⲙ̄ⲙⲱⲩ̈ⲥⲏⲥ"/><!-- ⲙ̄ -->
<feat xlink:href="#dipl_word_714" value="·"/><!-- · -->
<feat xlink:href="#dipl_word_715" value="Ⲁⲩⲱ"/><!-- Ⲁⲩⲱ -->
<feat xlink:href="#dipl_word_716" value="ⲟⲛ"/><!-- ⲟⲛ -->
<feat xlink:href="#dipl_word_717" value="ⲉⲁⲩⲥⲙⲟⲩ̣`"/><!-- ⲉ -->
<feat xlink:href="#dipl_word_721" value="ⲉⲟⲩⲟ̂ⲛ"/><!-- ⲉ -->
<feat xlink:href="#dipl_word_723" value="ⲛⲓⲙ`"/><!-- ⲛⲓⲙ` -->
<feat xlink:href="#dipl_word_724" value="ⲛ̄ⲧⲁⲩϯⲉⲟⲟⲩ"/><!-- ⲛ̄ⲧ -->
<feat xlink:href="#dipl_word_729" value="ⲙ̄ⲡϫⲟⲓ̈ⲥ"/><!-- ⲙ̄ -->
<feat xlink:href="#dipl_word_732" value="ⲡⲛⲟⲩⲧⲉ"/><!-- ⲡ -->
<feat xlink:href="#dipl_word_734" value="ϩ︤ⲛ︥ⲛⲉⲩϩⲃⲏⲩⲉ`"/><!-- ϩ︤ⲛ︥ -->
<feat xlink:href="#dipl_word_737" value="ⲛ̄ⲇⲓⲕⲁⲓⲟⲥⲩⲛⲏ̂`"/><!-- ⲛ̄ -->
<feat xlink:href="#dipl_word_740" value="·"/><!-- · -->
<feat xlink:href="#dipl_word_741" value="Ⲛ̄ϩⲟⲩⲟ`"/><!-- Ⲛ̄ -->
<feat xlink:href="#dipl_word_743" value="ⲇⲉ"/><!-- ⲇⲉ -->
<feat xlink:href="#dipl_word_744" value="ⲉⲡⲉϩⲟⲩⲟ`"/><!-- ⲉ -->
<feat xlink:href="#dipl_word_747" value="ⲉⲁⲩⲥϩⲟⲩⲣ̂ⲡⲣⲟⲫⲏⲧⲏⲥ"/><!-- ⲉ -->
<feat xlink:href="#dipl_word_753" value="ⲛⲓⲙ`"/><!-- ⲛⲓⲙ` -->
<feat xlink:href="#dipl_word_754" value="ⲛ̄ⲛⲟⲩϫ`"/><!-- ⲛ̄ -->
<feat xlink:href="#dipl_word_756" value="·"/><!-- · -->
<feat xlink:href="#dipl_word_757" value="ⲙ︤ⲛ︥"/><!-- ⲙ︤ⲛ︥ -->
<feat xlink:href="#dipl_word_758" value="ⲛ̄ⲟⲩⲏⲏⲃ`"/><!-- ⲛ̄ -->
<feat xlink:href="#dipl_word_760" value="ⲧⲏⲣⲟⲩ"/><!-- ⲧⲏⲣ -->
<feat xlink:href="#dipl_word_762" value="ⲉⲧⲡⲗⲁⲛⲁ`"/><!-- ⲉⲧ -->
<feat xlink:href="#dipl_word_764" value="·"/><!-- · -->
<feat xlink:href="#dipl_word_765" value="ⲙ︤ⲛ︥"/><!-- ⲙ︤ⲛ︥ -->
<feat xlink:href="#dipl_word_766" value="ⲁⲛⲧⲓⲭⲣⲓⲥⲧⲟⲥ"/><!-- ⲁⲛⲧⲓⲭⲣⲓⲥⲧⲟⲥ -->
<feat xlink:href="#dipl_word_767" value="ⲛⲓⲙ"/><!-- ⲛⲓⲙ -->
<feat xlink:href="#dipl_word_768" value="·"/><!-- · -->
<feat xlink:href="#dipl_word_769" value="ⲙ︤ⲛ︥"/><!-- ⲙ︤ⲛ︥ -->
<feat xlink:href="#dipl_word_770" value="ⲛ̄ⲥⲁϩ`"/><!-- ⲛ̄ -->
<feat xlink:href="#dipl_word_772" value="ⲧⲏⲣⲟⲩ"/><!-- ⲧⲏⲣ -->
<feat xlink:href="#dipl_word_774" value="ⲛ̄ⲛⲟⲩϫ`"/><!-- ⲛ̄ -->
<feat xlink:href="#dipl_word_776" value="ⲙ︤ⲛ︥"/><!-- ⲙ︤ⲛ︥ -->
<feat xlink:href="#dipl_word_777" value="ⲟⲩⲟⲛ"/><!-- ⲟⲩⲟⲛ -->
<feat xlink:href="#dipl_word_778" value="ⲛⲓⲙ`"/><!-- ⲛⲓⲙ` -->
<feat xlink:href="#dipl_word_779" value="ⲉⲧⲟ`"/><!-- ⲉⲧ -->
<feat xlink:href="#dipl_word_781" value="ⲛ̄ⲁⲧⲛⲁϩⲧⲉ"/><!-- ⲛ̄ -->
<feat xlink:href="#dipl_word_784" value="ⲉⲡⲉⲛϫⲟⲓ̈ⲥ"/><!-- ⲉ -->
<feat xlink:href="#dipl_word_787" value="ⲓ︤ⲥ︥"/><!-- ⲓ︤ⲥ︥ -->
<feat xlink:href="#dipl_word_788" value="ϫⲓⲛⲛ̄ϣⲟⲣ︤ⲡ︥`"/><!-- ϫⲓⲛ -->
<feat xlink:href="#dipl_word_791" value="ϣⲁϩⲣⲁⲓ̈"/><!-- ϣⲁϩⲣⲁⲓ̈ -->
<feat xlink:href="#dipl_word_792" value="ⲉⲧⲉⲛⲟⲩ"/><!-- ⲉ -->
<feat xlink:href="#dipl_word_795" value="·"/><!-- · -->
<feat xlink:href="#dipl_word_796" value="ⲉϣϪⲉ"/><!-- ⲉϣ -->
<feat xlink:href="#dipl_word_798" value="ⲛⲉⲡⲣⲟⲫⲏⲧⲏⲥ"/><!-- ⲛⲉ -->
<feat xlink:href="#dipl_word_801" value="ⲇⲉ"/><!-- ⲇⲉ -->
<feat xlink:href="#dipl_word_802" value="ⲧⲏⲣⲟⲩ"/><!-- ⲧⲏⲣ -->
<feat xlink:href="#dipl_word_804" value="·"/><!-- · -->
<feat xlink:href="#dipl_word_805" value="ⲁⲩⲱ"/><!-- ⲁⲩⲱ -->
<feat xlink:href="#dipl_word_806" value="ⲛ̄ⲁⲡⲟⲥⲧⲟⲗⲟⲥ"/><!-- ⲛ̄ -->
<feat xlink:href="#dipl_word_809" value="ⲧⲏⲣⲟⲩ"/><!-- ⲧⲏⲣ -->
<feat xlink:href="#dipl_word_811" value="·"/><!-- · -->
<feat xlink:href="#dipl_word_812" value="ⲁⲩⲱ"/><!-- ⲁⲩⲱ -->
<feat xlink:href="#dipl_word_813" value="ⲛⲉⲛⲉⲓⲟⲧⲉ"/><!-- ⲛⲉⲛ -->
<feat xlink:href="#dipl_word_816" value="ⲧⲏⲣⲟⲩ`"/><!-- ⲧⲏⲣ -->
<feat xlink:href="#dipl_word_818" value="ⲛ̄ⲁⲣⲭⲁⲓⲟⲥ"/><!-- ⲛ̄ -->
<feat xlink:href="#dipl_word_821" value="·"/><!-- · -->
<feat xlink:href="#dipl_word_822" value="ⲁⲩⲱ"/><!-- ⲁⲩⲱ -->
<feat xlink:href="#dipl_word_823" value="ⲛ̄ⲇⲓⲕⲁⲓⲟⲥ"/><!-- ⲛ̄ -->
<feat xlink:href="#dipl_word_826" value="ⲧⲏⲣⲟⲩ"/><!-- ⲧⲏⲣ -->
<feat xlink:href="#dipl_word_828" value="ϫⲓ⳯ⲛ̄ϣⲟⲣ︤ⲡ︥`"/><!-- ϫⲓ⳯ -->
<feat xlink:href="#dipl_word_831" value="ϣⲁϩⲣⲁⲓ̈"/><!-- ϣⲁϩⲣⲁⲓ̈ -->
<feat xlink:href="#dipl_word_832" value="ⲉⲡⲟⲟⲩ`"/><!-- ⲉ -->
<feat xlink:href="#dipl_word_835" value="ⲛ̄ϩⲟⲟⲩ"/><!-- ⲛ̄ -->
<feat xlink:href="#dipl_word_837" value="·"/><!-- · -->
<feat xlink:href="#dipl_word_838" value="ϩⲉⲛⲣⲱⲙⲉ`"/><!-- ϩⲉⲛ -->
<feat xlink:href="#dipl_word_840" value="ⲛⲉ"/><!-- ⲛⲉ -->
<feat xlink:href="#dipl_word_841" value="ⲉⲩⲉⲓⲣⲉ`"/><!-- ⲉ -->
<feat xlink:href="#dipl_word_844" value="ⲛ̄ⲧⲙⲉ`"/><!-- ⲛ̄ -->
<feat xlink:href="#dipl_word_847" value="·"/><!-- · -->
<feat xlink:href="#dipl_word_848" value="ⲁⲩⲱ"/><!-- ⲁⲩⲱ -->
<feat xlink:href="#dipl_word_849" value="ⲉⲩϫⲱ̂"/><!-- ⲉ -->
<feat xlink:href="#dipl_word_852" value="ⲛ̄ⲧⲙⲉ`"/><!-- ⲛ̄ -->
<feat xlink:href="#dipl_word_855" value="ϫⲉ"/><!-- ϫⲉ -->
<feat xlink:href="#dipl_word_856" value="ⲧⲙⲉ`"/><!-- ⲧ -->
<feat xlink:href="#dipl_word_858" value="ϣⲟⲟⲡ`"/><!-- ϣⲟ -->
<feat xlink:href="#dipl_word_860" value="ϩⲣⲁⲓ̈"/><!-- ϩⲣⲁⲓ̈ -->
<feat xlink:href="#dipl_word_861" value="ⲛ̄ϩⲏⲧⲟⲩ"/><!-- ⲛ̄ϩⲏⲧ -->
<feat xlink:href="#dipl_word_863" value="·"/><!-- · -->
<feat xlink:href="#dipl_word_864" value="ⲁⲩⲱ"/><!-- ⲁⲩⲱ -->
<feat xlink:href="#dipl_word_865" value="ⲧⲁⲓ̈"/><!-- ⲧⲁⲓ̈ -->
<feat xlink:href="#dipl_word_866" value="ⲧⲉ"/><!-- ⲧⲉ -->
<feat xlink:href="#dipl_word_867" value="ⲑⲉ"/><!-- ⲑ -->
<feat xlink:href="#dipl_word_869" value="ⲛ̄ⲧⲁⲩⲥⲟⲟⲩⲧ︤ⲛ︥"/><!-- ⲛ̄ⲧ -->
<feat xlink:href="#dipl_word_873" value="ϩ︤ⲛ︥ⲛⲉⲩϩⲃⲏⲩⲉ`"/><!-- ϩ︤ⲛ︥ -->
<feat xlink:href="#dipl_word_877" value="ⲧⲏⲣⲟⲩ`"/><!-- ⲧⲏⲣ -->
<feat xlink:href="#dipl_word_879" value="ⲉⲃⲟⲗ"/><!-- ⲉⲃⲟⲗ -->
<feat xlink:href="#dipl_word_880" value="ϩⲓⲧⲙ̄ⲡⲛⲟⲩⲧⲉ"/><!-- ϩⲓ -->
<feat xlink:href="#dipl_word_884" value="·"/><!-- · -->
<feat xlink:href="#dipl_word_885" value="Ⲁⲛⲟⲛ`"/><!-- Ⲁⲛⲟⲛ` -->
<feat xlink:href="#dipl_word_886" value="ϩⲱⲱⲛ`"/><!-- ϩⲱⲱⲛ` -->
<feat xlink:href="#dipl_word_887" value="ⲱ̂"/><!-- ⲱ̂ -->
<feat xlink:href="#dipl_word_888" value="ⲛⲉⲥⲛⲏⲩ`"/><!-- ⲛⲉ -->
<feat xlink:href="#dipl_word_890" value="ⲙⲁⲣ︤ⲛ︥ⲣ̂ⲧⲙⲉ`"/><!-- ⲙⲁⲣ︤ⲛ︥ -->
<feat xlink:href="#dipl_word_894" value="ϫⲉⲕⲁⲥ"/><!-- ϫⲉ -->
<feat xlink:href="#dipl_word_896" value="ⲉⲛⲉⲥⲟⲟⲩⲧ︤ⲛ︥"/><!-- ⲉⲛⲉ -->
<feat xlink:href="#dipl_word_899" value="ϩ︤ⲛ︥ⲛⲉⲛϩⲃⲏⲩⲉ`"/><!-- ϩ︤ⲛ︥ -->
<feat xlink:href="#dipl_word_902" value="ⲧⲏⲣⲟⲩ"/><!-- ⲧⲏⲣ -->
<feat xlink:href="#dipl_word_904" value="·"/><!-- · -->
<feat xlink:href="#dipl_word_905" value="ⲁⲩⲱ"/><!-- ⲁⲩⲱ -->
<feat xlink:href="#dipl_word_906" value="ϫⲉⲕⲁⲥ`"/><!-- ϫⲉⲕⲁⲥ` -->
<feat xlink:href="#dipl_word_907" value="ⲉⲛⲉϣⲱⲡⲉ`"/><!-- ⲉⲛⲉ -->
<feat xlink:href="#dipl_word_909" value="ⲉⲛⲏⲡ`"/><!-- ⲉ -->
<feat xlink:href="#dipl_word_912" value="ⲉⲛⲉⲡⲣⲟⲫⲏⲧⲏⲥ`"/><!-- ⲉ -->
<feat xlink:href="#dipl_word_915" value="ⲙ︤ⲛ︥"/><!-- ⲙ︤ⲛ︥ -->
<feat xlink:href="#dipl_word_916" value="ⲛ̄ⲁⲡⲟⲥⲧⲟⲗⲟⲥ`"/><!-- ⲛ̄ -->
<feat xlink:href="#dipl_word_919" value="·"/><!-- · -->
<feat xlink:href="#dipl_word_920" value="ⲙ︤ⲛ︥"/><!-- ⲙ︤ⲛ︥ -->
<feat xlink:href="#dipl_word_921" value="ⲛⲉⲧⲟⲩⲁⲁⲃ"/><!-- ⲛ -->
<feat xlink:href="#dipl_word_925" value="ⲧⲏⲣⲟⲩ"/><!-- ⲧⲏⲣ -->
<feat xlink:href="#dipl_word_927" value="·"/><!-- · -->
<feat xlink:href="#dipl_word_928" value="ⲁⲩⲱ"/><!-- ⲁⲩⲱ -->
<feat xlink:href="#dipl_word_929" value="ⲛ̄ⲧ︤ⲛ︥ⲣ̂ⲙ̄ⲡϣⲁ`"/><!-- ⲛ̄ -->
<feat xlink:href="#dipl_word_935" value="ⲙ̄ⲡⲛⲟⲩⲧⲉ"/><!-- ⲙ̄ -->
<feat xlink:href="#dipl_word_938" value="·"/><!-- · -->
<feat xlink:href="#dipl_word_939" value="ϫⲉ"/><!-- ϫⲉ -->
<feat xlink:href="#dipl_word_940" value="ⲟⲩⲙⲉ`"/><!-- ⲟⲩ -->
<feat xlink:href="#dipl_word_942" value="ⲡⲉ"/><!-- ⲡⲉ -->
<feat xlink:href="#dipl_word_943" value="ⲡⲛⲟⲩⲧⲉ`"/><!-- ⲡⲛⲟⲩⲧⲉ` -->
<feat xlink:href="#dipl_word_944" value="·"/><!-- · -->
<feat xlink:href="#dipl_word_945" value="ⲁⲩⲱ"/><!-- ⲁⲩⲱ -->
<feat xlink:href="#dipl_word_946" value="ⲟⲩ"/><!-- ⲟⲩ -->
<feat xlink:href="#dipl_word_947" value="ⲙⲉ`"/><!-- ⲙⲉ` -->
<feat xlink:href="#dipl_word_948" value="ⲡⲉ"/><!-- ⲡⲉ -->
<feat xlink:href="#dipl_word_949" value="ⲡⲉⲛϫⲟⲉⲓⲥ"/><!-- ⲡⲉ -->
<feat xlink:href="#dipl_word_952" value="ⲓ︤ⲥ︥`"/><!-- ⲓ︤ⲥ︥` -->
<feat xlink:href="#dipl_word_953" value="ⲡⲁⲓ̈"/><!-- ⲡⲁⲓ̈ -->
<feat xlink:href="#dipl_word_954" value="ⲛ̄ⲧⲁϥϫⲟⲟⲥ"/><!-- ⲛ̄ⲧ -->
<feat xlink:href="#dipl_word_958" value="ϫⲉ"/><!-- ϫⲉ -->
<feat xlink:href="#dipl_word_959" value="ⲁⲛⲟⲕ"/><!-- ⲁⲛⲟⲕ -->
<feat xlink:href="#dipl_word_960" value="ⲡⲉ"/><!-- ⲡⲉ -->
<feat xlink:href="#dipl_word_961" value="ⲧⲙⲉ`"/><!-- ⲧ -->
<feat xlink:href="#dipl_word_963" value="·"/><!-- · -->
<feat xlink:href="#dipl_word_964" value="Ⲉⲧⲃⲉ"/><!-- Ⲉⲧⲃⲉ -->
<feat xlink:href="#dipl_word_965" value="ⲡⲁⲓ̈"/><!-- ⲡⲁⲓ̈ -->
<feat xlink:href="#dipl_word_966" value="ⲙ̄ⲡ︤ⲣ︥ⲧⲣⲉ⳯ϣⲱⲡⲉ`"/><!-- ⲙ̄ⲡ︤ⲣ︥ -->
<feat xlink:href="#dipl_word_970" value="ⲉⲛϫⲱ̂"/><!-- ⲉ -->
<feat xlink:href="#dipl_word_973" value="ⲙ̄ⲡϭⲟⲗ`"/><!-- ⲙ̄ -->
<feat xlink:href="#dipl_word_976" value="·"/><!-- · -->
<feat xlink:href="#dipl_word_977" value="ⲉⲧⲃⲉ"/><!-- ⲉⲧⲃⲉ -->
<feat xlink:href="#dipl_word_978" value="ⲛⲉ⳯ϩⲃⲏⲩⲉ`"/><!-- ⲛⲉ⳯ -->
<feat xlink:href="#dipl_word_980" value="ⲉⲑⲟⲟⲩ`"/><!-- ⲉⲑ -->
<feat xlink:href="#dipl_word_982" value="ⲉⲧ︤ⲛ︥ⲉⲓⲣⲉ`"/><!-- ⲉ -->
<feat xlink:href="#dipl_word_985" value="ⲙ̄ⲙⲟⲟⲩ"/><!-- ⲙ̄ⲙⲟ -->
<feat xlink:href="#dipl_word_987" value="ϩ︤ⲙ︥ⲡⲕⲁⲕⲉ`"/><!-- ϩ︤ⲙ︥ -->
<feat xlink:href="#dipl_word_990" value="·"/><!-- · -->
<feat xlink:href="#dipl_word_991" value="ϫⲉ"/><!-- ϫⲉ -->
<feat xlink:href="#dipl_word_992" value="ⲉⲛⲛⲉⲛϣⲱⲡⲉ"/><!-- ⲉ -->
<feat xlink:href="#dipl_word_996" value="ⲉⲛⲏⲡ`"/><!-- ⲉ -->
<feat xlink:href="#dipl_word_999" value="ⲉⲡⲥⲁⲧⲁⲛⲁⲥ"/><!-- ⲉ -->
<feat xlink:href="#dipl_word_1003" value="·"/><!-- · -->
<feat xlink:href="#dipl_word_1004" value="ⲡⲁⲓ̈"/><!-- ⲡⲁⲓ̈ -->
<feat xlink:href="#dipl_word_1005" value="ⲉⲧⲉⲙ︤ⲛ︥ⲙⲉ`"/><!-- ⲉⲧⲉ -->
<feat xlink:href="#dipl_word_1008" value="ϣⲟⲟⲡ`"/><!-- ϣⲟⲟⲡ` -->
<feat xlink:href="#dipl_word_1009" value="ϩⲣⲁⲓ̈"/><!-- ϩⲣⲁⲓ̈ -->
<feat xlink:href="#dipl_word_1010" value="ⲛ̄ϩⲏⲧ︤ϥ︥"/><!-- ⲛ̄ϩⲏⲧ︤ -->
<feat xlink:href="#dipl_word_1012" value="ϫⲉ"/><!-- ϫⲉ -->
<feat xlink:href="#dipl_word_1013" value="ⲟⲩⲣⲉϥϫⲓϭⲟⲗ"/><!-- ⲟⲩ -->
<feat xlink:href="#dipl_word_1017" value="ⲡⲉ"/><!-- ⲡⲉ -->
<feat xlink:href="#dipl_word_1018" value="·"/><!-- · -->
<feat xlink:href="#dipl_word_1019" value="ⲁⲩⲱ"/><!-- ⲁⲩⲱ -->
<feat xlink:href="#dipl_word_1020" value="ⲙ̄ⲡ︤ϥ︥ⲁϩⲉⲣⲁⲧ︤ϥ︥"/><!-- ⲙ̄ⲡ︤ -->
<feat xlink:href="#dipl_word_1024" value="ϩ︤ⲛ︥ⲙⲉ`"/><!-- ϩ︤ⲛ︥ -->
<feat xlink:href="#dipl_word_1026" value="ⲉⲛⲉϩ⳿"/><!-- ⲉⲛⲉϩ⳿ -->
<feat xlink:href="#dipl_word_1027" value="Ⲉⲧⲃⲉ"/><!-- Ⲉⲧⲃⲉ -->
<feat xlink:href="#dipl_word_1028" value="ⲡⲁⲓ̈"/><!-- ⲡⲁⲓ̈ -->
<feat xlink:href="#dipl_word_1029" value="ⲣⲱ̂"/><!-- ⲣⲱ̂ -->
<feat xlink:href="#dipl_word_1030" value="ϥⲥϩⲟⲩⲟⲣ︤ⲧ︥`"/><!-- ϥ -->
<feat xlink:href="#dipl_word_1035" value="ⲉϥϫⲟ`"/><!-- ⲉ -->
<feat xlink:href="#dipl_word_1038" value="ⲙ̄ⲡϭⲟⲗ`"/><!-- ⲙ̄ -->
<feat xlink:href="#dipl_word_1041" value="ⲙ︤ⲛ︥"/><!-- ⲙ︤ⲛ︥ -->
<feat xlink:href="#dipl_word_1042" value="ⲛⲟⲃⲉ`"/><!-- ⲛⲟⲃⲉ` -->
<feat xlink:href="#dipl_word_1043" value="ⲛⲓⲙ`"/><!-- ⲛⲓⲙ` -->
<feat xlink:href="#dipl_word_1044" value="ϩⲣⲁⲓ̈"/><!-- ϩⲣⲁⲓ̈ -->
<feat xlink:href="#dipl_word_1045" value="ϩ︤ⲛ︥ⲛⲉⲧⲉⲛⲟⲩϥ"/><!-- ϩ︤ⲛ︥ -->
<feat xlink:href="#dipl_word_1049" value="ⲛⲉ`"/><!-- ⲛⲉ` -->
<feat xlink:href="#dipl_word_1050" value="ⲕⲁⲧⲁⲑⲉ`"/><!-- ⲕⲁⲧⲁ -->
<feat xlink:href="#dipl_word_1053" value="ⲉⲧⲥⲏϩ`"/><!-- ⲉⲧ -->
<feat xlink:href="#dipl_word_1055" value="·"/><!-- · -->
<feat xlink:href="#dipl_word_1056" value="ϫⲉ"/><!-- ϫⲉ -->
<feat xlink:href="#dipl_word_1057" value="ϩⲟⲧⲁⲛ`"/><!-- ϩⲟⲧⲁⲛ` -->
<feat xlink:href="#dipl_word_1058" value="ⲉⲣⲉⲡϭⲟⲗ`"/><!-- ⲉⲣⲉ -->
<feat xlink:href="#dipl_word_1061" value="ⲛⲁϣⲁϫⲉ`"/><!-- ⲛⲁ -->
<feat xlink:href="#dipl_word_1063" value="ϣⲁϥϣⲁϫⲉ"/><!-- ϣⲁ -->
<feat xlink:href="#dipl_word_1066" value="ⲉⲃⲟⲗ`"/><!-- ⲉⲃⲟⲗ` -->
<feat xlink:href="#dipl_word_1067" value="ϩ︤ⲛ︥ⲛⲉⲧⲉⲛⲟⲩϥ"/><!-- ϩ︤ⲛ︥ -->
<feat xlink:href="#dipl_word_1071" value="ⲛⲉ`"/><!-- ⲛⲉ` -->
<feat xlink:href="#dipl_word_1072" value="ⲛⲟⲓ̈"/><!-- ⲛⲟⲓ̈ -->
<feat xlink:href="#dipl_word_1073" value="ⲟⲩⲛ"/><!-- ⲟⲩⲛ -->
<feat xlink:href="#dipl_word_1074" value="ϫⲉⲟⲩⲟⲛ`"/><!-- ϫⲉ -->
<feat xlink:href="#dipl_word_1076" value="ⲛⲓⲙ`"/><!-- ⲛⲓⲙ` -->
<feat xlink:href="#dipl_word_1077" value="ⲉⲧⲉⲓⲣⲉ`"/><!-- ⲉⲧ -->
<feat xlink:href="#dipl_word_1079" value="ⲙ̄ⲡⲛⲟⲃⲉ"/><!-- ⲙ̄ -->
<feat xlink:href="#dipl_word_1082" value="·"/><!-- · -->
<feat xlink:href="#dipl_word_1083" value="ⲁⲩⲱ"/><!-- ⲁⲩⲱ -->
<feat xlink:href="#dipl_word_1084" value="ⲉⲧϫⲱ̂"/><!-- ⲉⲧ -->
<feat xlink:href="#dipl_word_1086" value="ⲙ̄ⲡϭⲟⲗ`"/><!-- ⲙ̄ -->
<feat xlink:href="#dipl_word_1089" value="ⲉⲩⲏⲡ`"/><!-- ⲉ -->
<feat xlink:href="#dipl_word_1092" value="ⲉ"/><!-- ⲉ -->
</featList>
</paula>
