<?xml version='1.0' encoding='UTF-8'?><!DOCTYPE paula SYSTEM "paula_feat.dtd">
<paula version="1.1">
	<header paula_id="scriptorium.martyrdom.victor.05.mark_morph"/>
	<featList xmlns:xlink="http://www.w3.org/1999/xlink" type="morph" xml:base="scriptorium.martyrdom.victor.05.mark.xml">
		<feat xlink:href="#sSpan29" value="ϯ"/>
		<feat xlink:href="#sSpan32" value="ⲟⲩⲃⲉ"/>
		<feat xlink:href="#sSpan510" value="ϯ"/>
		<feat xlink:href="#sSpan513" value="ⲕⲁⲥⲓⲥ"/>
		<feat xlink:href="#sSpan819" value="ⲟⲩⲉϣ"/>
		<feat xlink:href="#sSpan822" value="ⲱⲛϩ"/>
		<feat xlink:href="#sSpan1067" value="ⲁⲛ"/>
		<feat xlink:href="#sSpan1071" value="ϩⲟⲥⲓⲟⲥ"/>
		<feat xlink:href="#sSpan1892" value="ⲁⲧ"/>
		<feat xlink:href="#sSpan1895" value="ⲣⲱⲙⲉ"/>
		<feat xlink:href="#sSpan2351" value="ⲙⲛⲧ"/>
		<feat xlink:href="#sSpan2354" value="ⲉⲣⲟ"/>
		<feat xlink:href="#sSpan2426" value="ⲣⲙ"/>
		<feat xlink:href="#sSpan2430" value="ⲣⲁⲕⲟⲧⲉ"/>
		<feat xlink:href="#sSpan2559" value="ⲕⲁ"/>
		<feat xlink:href="#sSpan2564" value="ϩⲏⲩ"/>
		<feat xlink:href="#sSpan2746" value="ϫⲓ"/>
		<feat xlink:href="#sSpan2749" value="ϣⲓⲡⲉ"/>
		<feat xlink:href="#sSpan2972" value="ⲁⲧ"/>
		<feat xlink:href="#sSpan2976" value="ⲕⲓⲙ"/>
		<feat xlink:href="#sSpan3126" value="ⲣ"/>
		<feat xlink:href="#sSpan3129" value="ⲙⲁⲅⲉⲓⲁ"/>
		<feat xlink:href="#sSpan3250" value="ⲣⲙ"/>
		<feat xlink:href="#sSpan3253" value="ⲣⲁⲕⲟⲧⲉ"/>
		<feat xlink:href="#sSpan3928" value="ⲙⲉϩ"/>
		<feat xlink:href="#sSpan3931" value="ϣⲟⲙⲧⲉ"/>
		<feat xlink:href="#sSpan4370" value="ⲣ"/>
		<feat xlink:href="#sSpan4373" value="ϩⲱⲧ"/>
		<feat xlink:href="#sSpan4536" value="ⲙⲛⲧ"/>
		<feat xlink:href="#sSpan4540" value="ⲥⲛⲟⲟⲩ"/>
		<feat xlink:href="#sSpan5362" value="ⲣ"/>
		<feat xlink:href="#sSpan5365" value="ⲙⲁⲅⲉⲓⲁ"/>
		<feat xlink:href="#sSpan5374" value="ⲙⲁ"/>
		<feat xlink:href="#sSpan5379" value="ⲧⲁⲙⲟ"/>
		<feat xlink:href="#sSpan5781" value="ⲣ"/>
		<feat xlink:href="#sSpan5784" value="ϩⲟⲧⲉ"/>
		<feat xlink:href="#sSpan5825" value="ⲣ"/>
		<feat xlink:href="#sSpan5828" value="ϩⲟⲧⲉ"/>
		<feat xlink:href="#sSpan5881" value="ⲣ"/>
		<feat xlink:href="#sSpan5884" value="ϩⲟⲧⲉ"/>
		<feat xlink:href="#sSpan6272" value="ϣⲁⲗ"/>
		<feat xlink:href="#sSpan6277" value="ⲣⲡⲉ"/>
		<feat xlink:href="#sSpan7578" value="ⲥⲁ"/>
		<feat xlink:href="#sSpan7583" value="ⲣⲏⲥ"/>
		<feat xlink:href="#sSpan7639" value="ⲙⲛⲧ"/>
		<feat xlink:href="#sSpan7642" value="ⲏ"/>
		<feat xlink:href="#sSpan7661" value="ⲣ"/>
		<feat xlink:href="#sSpan7664" value="ⲙⲁⲧⲟⲓ"/>
		<feat xlink:href="#sSpan8780" value="ⲣ"/>
		<feat xlink:href="#sSpan8783" value="ϩⲟⲧⲉ"/></featList></paula>