<?xml version='1.0' encoding='UTF-8'?><!DOCTYPE paula SYSTEM "paula_feat.dtd">
<paula version="1.1">
	<header paula_id="scriptorium.martyrdom.victor.05.mark_new_sent"/>
	<featList xmlns:xlink="http://www.w3.org/1999/xlink" type="new_sent" xml:base="scriptorium.martyrdom.victor.05.mark.xml">
		<feat xlink:href="#sSpan2" value="true"/>
		<feat xlink:href="#sSpan49" value="true"/>
		<feat xlink:href="#sSpan77" value="true"/>
		<feat xlink:href="#sSpan101" value="true"/>
		<feat xlink:href="#sSpan139" value="true"/>
		<feat xlink:href="#sSpan306" value="true"/>
		<feat xlink:href="#sSpan354" value="true"/>
		<feat xlink:href="#sSpan418" value="true"/>
		<feat xlink:href="#sSpan433" value="true"/>
		<feat xlink:href="#sSpan454" value="true"/>
		<feat xlink:href="#sSpan526" value="true"/>
		<feat xlink:href="#sSpan566" value="true"/>
		<feat xlink:href="#sSpan618" value="true"/>
		<feat xlink:href="#sSpan673" value="true"/>
		<feat xlink:href="#sSpan737" value="true"/>
		<feat xlink:href="#sSpan780" value="true"/>
		<feat xlink:href="#sSpan885" value="true"/>
		<feat xlink:href="#sSpan995" value="true"/>
		<feat xlink:href="#sSpan1015" value="true"/>
		<feat xlink:href="#sSpan1084" value="true"/>
		<feat xlink:href="#sSpan1122" value="true"/>
		<feat xlink:href="#sSpan1224" value="true"/>
		<feat xlink:href="#sSpan1278" value="true"/>
		<feat xlink:href="#sSpan1333" value="true"/>
		<feat xlink:href="#sSpan1514" value="true"/>
		<feat xlink:href="#sSpan1615" value="true"/>
		<feat xlink:href="#sSpan1697" value="true"/>
		<feat xlink:href="#sSpan1769" value="true"/>
		<feat xlink:href="#sSpan1950" value="true"/>
		<feat xlink:href="#sSpan2025" value="true"/>
		<feat xlink:href="#sSpan2063" value="true"/>
		<feat xlink:href="#sSpan2113" value="true"/>
		<feat xlink:href="#sSpan2245" value="true"/>
		<feat xlink:href="#sSpan2306" value="true"/>
		<feat xlink:href="#sSpan2389" value="true"/>
		<feat xlink:href="#sSpan2431" value="true"/>
		<feat xlink:href="#sSpan2533" value="true"/>
		<feat xlink:href="#sSpan2675" value="true"/>
		<feat xlink:href="#sSpan2736" value="true"/>
		<feat xlink:href="#sSpan2816" value="true"/>
		<feat xlink:href="#sSpan2855" value="true"/>
		<feat xlink:href="#sSpan2981" value="true"/>
		<feat xlink:href="#sSpan3051" value="true"/>
		<feat xlink:href="#sSpan3080" value="true"/>
		<feat xlink:href="#sSpan3136" value="true"/>
		<feat xlink:href="#sSpan3227" value="true"/>
		<feat xlink:href="#sSpan3305" value="true"/>
		<feat xlink:href="#sSpan3347" value="true"/>
		<feat xlink:href="#sSpan3437" value="true"/>
		<feat xlink:href="#sSpan3471" value="true"/>
		<feat xlink:href="#sSpan3519" value="true"/>
		<feat xlink:href="#sSpan3587" value="true"/>
		<feat xlink:href="#sSpan3662" value="true"/>
		<feat xlink:href="#sSpan3722" value="true"/>
		<feat xlink:href="#sSpan3821" value="true"/>
		<feat xlink:href="#sSpan3918" value="true"/>
		<feat xlink:href="#sSpan4009" value="true"/>
		<feat xlink:href="#sSpan4077" value="true"/>
		<feat xlink:href="#sSpan4132" value="true"/>
		<feat xlink:href="#sSpan4230" value="true"/>
		<feat xlink:href="#sSpan4292" value="true"/>
		<feat xlink:href="#sSpan4349" value="true"/>
		<feat xlink:href="#sSpan4385" value="true"/>
		<feat xlink:href="#sSpan4463" value="true"/>
		<feat xlink:href="#sSpan4577" value="true"/>
		<feat xlink:href="#sSpan4614" value="true"/>
		<feat xlink:href="#sSpan4695" value="true"/>
		<feat xlink:href="#sSpan4732" value="true"/>
		<feat xlink:href="#sSpan4797" value="true"/>
		<feat xlink:href="#sSpan4875" value="true"/>
		<feat xlink:href="#sSpan4919" value="true"/>
		<feat xlink:href="#sSpan5023" value="true"/>
		<feat xlink:href="#sSpan5164" value="true"/>
		<feat xlink:href="#sSpan5237" value="true"/>
		<feat xlink:href="#sSpan5316" value="true"/>
		<feat xlink:href="#sSpan5346" value="true"/>
		<feat xlink:href="#sSpan5414" value="true"/>
		<feat xlink:href="#sSpan5458" value="true"/>
		<feat xlink:href="#sSpan5588" value="true"/>
		<feat xlink:href="#sSpan5618" value="true"/>
		<feat xlink:href="#sSpan5666" value="true"/>
		<feat xlink:href="#sSpan5733" value="true"/>
		<feat xlink:href="#sSpan5760" value="true"/>
		<feat xlink:href="#sSpan5862" value="true"/>
		<feat xlink:href="#sSpan6048" value="true"/>
		<feat xlink:href="#sSpan6075" value="true"/>
		<feat xlink:href="#sSpan6134" value="true"/>
		<feat xlink:href="#sSpan6202" value="true"/>
		<feat xlink:href="#sSpan6336" value="true"/>
		<feat xlink:href="#sSpan6364" value="true"/>
		<feat xlink:href="#sSpan6421" value="true"/>
		<feat xlink:href="#sSpan6534" value="true"/>
		<feat xlink:href="#sSpan6664" value="true"/>
		<feat xlink:href="#sSpan6775" value="true"/>
		<feat xlink:href="#sSpan6878" value="true"/>
		<feat xlink:href="#sSpan6911" value="true"/>
		<feat xlink:href="#sSpan6934" value="true"/>
		<feat xlink:href="#sSpan6973" value="true"/>
		<feat xlink:href="#sSpan7062" value="true"/>
		<feat xlink:href="#sSpan7082" value="true"/>
		<feat xlink:href="#sSpan7105" value="true"/>
		<feat xlink:href="#sSpan7130" value="true"/>
		<feat xlink:href="#sSpan7190" value="true"/>
		<feat xlink:href="#sSpan7222" value="true"/>
		<feat xlink:href="#sSpan7308" value="true"/>
		<feat xlink:href="#sSpan7375" value="true"/>
		<feat xlink:href="#sSpan7441" value="true"/>
		<feat xlink:href="#sSpan7476" value="true"/>
		<feat xlink:href="#sSpan7507" value="true"/>
		<feat xlink:href="#sSpan7564" value="true"/>
		<feat xlink:href="#sSpan7628" value="true"/>
		<feat xlink:href="#sSpan7694" value="true"/>
		<feat xlink:href="#sSpan7747" value="true"/>
		<feat xlink:href="#sSpan7819" value="true"/>
		<feat xlink:href="#sSpan7940" value="true"/>
		<feat xlink:href="#sSpan8011" value="true"/>
		<feat xlink:href="#sSpan8089" value="true"/>
		<feat xlink:href="#sSpan8214" value="true"/>
		<feat xlink:href="#sSpan8239" value="true"/>
		<feat xlink:href="#sSpan8301" value="true"/>
		<feat xlink:href="#sSpan8343" value="true"/>
		<feat xlink:href="#sSpan8381" value="true"/>
		<feat xlink:href="#sSpan8403" value="true"/>
		<feat xlink:href="#sSpan8449" value="true"/>
		<feat xlink:href="#sSpan8484" value="true"/>
		<feat xlink:href="#sSpan8520" value="true"/>
		<feat xlink:href="#sSpan8561" value="true"/>
		<feat xlink:href="#sSpan8604" value="true"/>
		<feat xlink:href="#sSpan8673" value="true"/>
		<feat xlink:href="#sSpan8769" value="true"/>
		<feat xlink:href="#sSpan8826" value="true"/>
		<feat xlink:href="#sSpan8878" value="true"/>
		<feat xlink:href="#sSpan8911" value="true"/></featList></paula>