<?xml version='1.0' encoding='UTF-8'?><!DOCTYPE paula SYSTEM "paula_feat.dtd">
<paula version="1.1">
	<header paula_id="scriptorium.martyrdom.victor.05.mark_ed_page_n"/>
	<featList xmlns:xlink="http://www.w3.org/1999/xlink" type="ed_page_n" xml:base="scriptorium.martyrdom.victor.05.mark.xml">
		<feat xlink:href="#sSpan1219" value="24"/>
		<feat xlink:href="#sSpan2586" value="25"/>
		<feat xlink:href="#sSpan3918" value="26"/>
		<feat xlink:href="#sSpan5067" value="27"/>
		<feat xlink:href="#sSpan6530" value="28"/>
		<feat xlink:href="#sSpan7915" value="29"/></featList></paula>