<?xml version='1.0' encoding='UTF-8'?><!DOCTYPE paula SYSTEM "paula_feat.dtd">
<paula version="1.1">
	<header paula_id="scriptorium.martyrdom.victor.05.mark_entity_identity"/>
	<featList xmlns:xlink="http://www.w3.org/1999/xlink" type="entity_identity" xml:base="scriptorium.martyrdom.victor.05.mark.xml">
		<feat xlink:href="#sSpan1417" value="Alexandria"/>
		<feat xlink:href="#sSpan1803" value="Jesus"/>
		<feat xlink:href="#sSpan2006" value="Michael (archangel)"/>
		<feat xlink:href="#sSpan2463" value="Jesus"/>
		<feat xlink:href="#sSpan2513" value="Apollo"/>
		<feat xlink:href="#sSpan2524" value="Artemis"/>
		<feat xlink:href="#sSpan2924" value="Apollo"/>
		<feat xlink:href="#sSpan3402" value="Egypt"/>
		<feat xlink:href="#sSpan3616" value="Alexandria"/>
		<feat xlink:href="#sSpan3652" value="Thebaid"/>
		<feat xlink:href="#sSpan3877" value="Thebaid"/>
		<feat xlink:href="#sSpan3909" value="Thebaid"/>
		<feat xlink:href="#sSpan4035" value="Parmouti"/>
		<feat xlink:href="#sSpan4686" value="Alexandria"/>
		<feat xlink:href="#sSpan5082" value="Jesus"/>
		<feat xlink:href="#sSpan5536" value="Jesus"/>
		<feat xlink:href="#sSpan5841" value="Jesus"/>
		<feat xlink:href="#sSpan7774" value="Thebaid"/>
		<feat xlink:href="#sSpan8164" value="Devil"/>
		<feat xlink:href="#sSpan8847" value="Devil"/></featList></paula>