<?xml version='1.0' encoding='UTF-8'?><!DOCTYPE paula SYSTEM "paula_feat.dtd">
<paula version="1.1">
	<header paula_id="scriptorium.martyrdom.victor.05.mark_chapter_n"/>
	<featList xmlns:xlink="http://www.w3.org/1999/xlink" type="chapter_n" xml:base="scriptorium.martyrdom.victor.05.mark.xml">
		<feat xlink:href="#sSpan11" value="33"/>
		<feat xlink:href="#sSpan461" value="34"/>
		<feat xlink:href="#sSpan1002" value="35"/>
		<feat xlink:href="#sSpan1705" value="36"/>
		<feat xlink:href="#sSpan2396" value="37"/>
		<feat xlink:href="#sSpan2824" value="38"/>
		<feat xlink:href="#sSpan3235" value="39"/>
		<feat xlink:href="#sSpan3924" value="40"/>
		<feat xlink:href="#sSpan4016" value="41"/>
		<feat xlink:href="#sSpan4471" value="41"/>
		<feat xlink:href="#sSpan4804" value="42"/>
		<feat xlink:href="#sSpan5596" value="43"/>
		<feat xlink:href="#sSpan6056" value="44"/>
		<feat xlink:href="#sSpan7069" value="45"/>
		<feat xlink:href="#sSpan7483" value="46"/>
		<feat xlink:href="#sSpan7754" value="47"/>
		<feat xlink:href="#sSpan8019" value="48"/></featList></paula>