<?xml version='1.0' encoding='UTF-8'?><!DOCTYPE paula SYSTEM "paula_feat.dtd">
<paula version="1.1">
	<header paula_id="scriptorium.a22.YA421-428.mark_norm"/>
	<featList xmlns:xlink="http://www.w3.org/1999/xlink" type="norm" xml:base="scriptorium.a22.YA421-428.mark.xml">
		<feat xlink:href="#sSpan3" value="ⲣⲙⲏ"/>
		<feat xlink:href="#sSpan15" value="ⲉϩⲣⲁⲓ"/>
		<feat xlink:href="#sSpan20" value="ⲉ"/>
		<feat xlink:href="#sSpan24" value="ⲩ"/>
		<feat xlink:href="#sSpan28" value="ⲃⲁⲩⲕⲁⲗⲓⲟⲛ"/>
		<feat xlink:href="#sSpan32" value="ⲏ"/>
		<feat xlink:href="#sSpan37" value="ⲉϩⲣⲁⲓ"/>
		<feat xlink:href="#sSpan41" value="ⲉ"/>
		<feat xlink:href="#sSpan45" value="ⲩ"/>
		<feat xlink:href="#sSpan48" value="ϣⲟϣⲟⲩ"/>
		<feat xlink:href="#sSpan51" value="ⲉϩⲣⲁⲓ"/>
		<feat xlink:href="#sSpan55" value="ⲉ"/>
		<feat xlink:href="#sSpan60" value="ϭⲉ"/>
		<feat xlink:href="#sSpan63" value="ⲗⲁⲁⲩ"/>
		<feat xlink:href="#sSpan65" value="ⲛ"/>
		<feat xlink:href="#sSpan69" value="ϩⲛⲁⲁⲩ"/>
		<feat xlink:href="#sSpan72" value="ⲉ"/>
		<feat xlink:href="#sSpan76" value="ϥ"/>
		<feat xlink:href="#sSpan78" value="ⲧⲛⲧⲱⲛ"/>
		<feat xlink:href="#sSpan80" value="ⲉ"/>
		<feat xlink:href="#sSpan86" value="ⲛⲁⲓ"/>
		<feat xlink:href="#sSpan89" value="ⲉ"/>
		<feat xlink:href="#sSpan93" value="ⲙⲡ"/>
		<feat xlink:href="#sSpan95" value="ⲟⲩ"/>
		<feat xlink:href="#sSpan98" value="ⲟⲩⲉϩⲥⲁϩⲛⲉ"/>
		<feat xlink:href="#sSpan102" value="ⲛⲁ"/>
		<feat xlink:href="#sSpan107" value="ϥ"/>
		<feat xlink:href="#sSpan109" value="ϩⲓⲧⲙ"/>
		<feat xlink:href="#sSpan113" value="ⲡ"/>
		<feat xlink:href="#sSpan116" value="ϩⲗⲗⲱ"/>
		<feat xlink:href="#sSpan121" value="ⲉⲓⲙⲏⲧⲓ"/>
		<feat xlink:href="#sSpan125" value="ⲡ"/>
		<feat xlink:href="#sSpan131" value="ⲙⲁ"/>
		<feat xlink:href="#sSpan133" value="ⲛ"/>
		<feat xlink:href="#sSpan137" value="ⲛ"/>
		<feat xlink:href="#sSpan140" value="ⲣⲱⲙⲉ"/>
		<feat xlink:href="#sSpan142" value="ⲉⲧ"/>
		<feat xlink:href="#sSpan147" value="ϣⲱⲛⲉ"/>
		<feat xlink:href="#sSpan149" value="ⲙⲙⲁⲧⲉ"/>
		<feat xlink:href="#sSpan154" value="ⲙⲛ"/>
		<feat xlink:href="#sSpan158" value="ⲛ"/>
		<feat xlink:href="#sSpan161" value="ϩⲗⲗⲟ"/>
		<feat xlink:href="#sSpan164" value="ⲁ"/>
		<feat xlink:href="#sSpan168" value="ⲩ"/>
		<feat xlink:href="#sSpan171" value="ⲣϩⲁϩ"/>
		<feat xlink:href="#sSpan174" value="ⲛ"/>
		<feat xlink:href="#sSpan179" value="ⲣⲟⲙⲡⲉ"/>
		<feat xlink:href="#sSpan183" value="ⲁⲩⲱ"/>
		<feat xlink:href="#sSpan187" value="ⲛⲉⲓ"/>
		<feat xlink:href="#sSpan193" value="ⲕⲟⲟⲩⲉ"/>
		<feat xlink:href="#sSpan195" value="ⲉ"/>
		<feat xlink:href="#sSpan199" value="ⲧⲣⲉ"/>
		<feat xlink:href="#sSpan202" value="ⲩ"/>
		<feat xlink:href="#sSpan204" value="ϣⲓⲛⲉ"/>
		<feat xlink:href="#sSpan206" value="ⲛⲧⲟⲟⲧ"/>
		<feat xlink:href="#sSpan211" value="ϥ"/>
		<feat xlink:href="#sSpan213" value="ⲙ"/>
		<feat xlink:href="#sSpan217" value="ⲡ"/>
		<feat xlink:href="#sSpan220" value="ϩⲗⲗⲟ"/>
		<feat xlink:href="#sSpan224" value="ⲁⲩⲱ"/>
		<feat xlink:href="#sSpan231" value="ⲉⲣϣⲁⲛ"/>
		<feat xlink:href="#sSpan237" value="ⲟⲩ"/>
		<feat xlink:href="#sSpan241" value="ⲁⲛⲁⲅⲕⲏ"/>
		<feat xlink:href="#sSpan244" value="ϣⲱⲡⲉ"/>
		<feat xlink:href="#sSpan248" value="ⲉ"/>
		<feat xlink:href="#sSpan252" value="ⲧⲣⲉ"/>
		<feat xlink:href="#sSpan255" value="ϩⲓⲟⲛⲉ"/>
		<feat xlink:href="#sSpan259" value="ⲣⲭⲣⲉⲓⲁ"/>
		<feat xlink:href="#sSpan266" value="ⲛ"/>
		<feat xlink:href="#sSpan270" value="ϩⲱⲃ"/>
		<feat xlink:href="#sSpan273" value="ⲛ"/>
		<feat xlink:href="#sSpan277" value="ⲧⲉⲓ"/>
		<feat xlink:href="#sSpan279" value="ϩⲉ"/>
		<feat xlink:href="#sSpan282" value="ϩⲣⲁⲓ"/>
		<feat xlink:href="#sSpan286" value="ⲛϩⲏⲧ"/>
		<feat xlink:href="#sSpan290" value="ⲛ"/>
		<feat xlink:href="#sSpan292" value="ⲉ"/>
		<feat xlink:href="#sSpan297" value="ⲧⲣⲉ"/>
		<feat xlink:href="#sSpan299" value="ⲩ"/>
		<feat xlink:href="#sSpan301" value="ⲥⲣ"/>
		<feat xlink:href="#sSpan304" value="ⲣⲁⲧ"/>
		<feat xlink:href="#sSpan308" value="ⲟⲩ"/>
		<feat xlink:href="#sSpan310" value="ⲉϩⲣⲁⲓ"/>
		<feat xlink:href="#sSpan314" value="ⲉ"/>
		<feat xlink:href="#sSpan318" value="ⲗⲁⲁⲩ"/>
		<feat xlink:href="#sSpan322" value="ⲛ"/>
		<feat xlink:href="#sSpan326" value="ϩⲛⲁⲁⲩ"/>
		<feat xlink:href="#sSpan328" value="ⲛ"/>
		<feat xlink:href="#sSpan332" value="ⲧⲉⲓ"/>
		<feat xlink:href="#sSpan336" value="ⲙⲓⲛⲉ"/>
		<feat xlink:href="#sSpan338" value="ⲉⲧⲃⲉ"/>
		<feat xlink:href="#sSpan342" value="ⲧ"/>
		<feat xlink:href="#sSpan347" value="ⲁⲛⲁⲅⲕⲏ"/>
		<feat xlink:href="#sSpan349" value="ⲛ"/>
		<feat xlink:href="#sSpan353" value="ⲟⲩ"/>
		<feat xlink:href="#sSpan358" value="ⲡⲗⲏⲅⲏ"/>
		<feat xlink:href="#sSpan362" value="·"/>
		<feat xlink:href="#sSpan367" value="ⲏ"/>
		<feat xlink:href="#sSpan371" value="ⲟⲩ"/>
		<feat xlink:href="#sSpan376" value="ϫⲣⲟⲡ"/>
		<feat xlink:href="#sSpan379" value="ⲉ"/>
		<feat xlink:href="#sSpan383" value="ⲁ"/>
		<feat xlink:href="#sSpan385" value="ϥ"/>
		<feat xlink:href="#sSpan387" value="ϣⲱⲡⲉ"/>
		<feat xlink:href="#sSpan391" value="ϩⲓ"/>
		<feat xlink:href="#sSpan395" value="ⲧ"/>
		<feat xlink:href="#sSpan398" value="ⲟⲩⲉⲣⲏⲧⲉ"/>
		<feat xlink:href="#sSpan402" value="ⲛ"/>
		<feat xlink:href="#sSpan406" value="ⲟⲩⲁ"/>
		<feat xlink:href="#sSpan409" value="ⲉ"/>
		<feat xlink:href="#sSpan413" value="ⲙⲛ"/>
		<feat xlink:href="#sSpan415" value="ϭⲟⲙ"/>
		<feat xlink:href="#sSpan418" value="ⲙⲙⲟ"/>
		<feat xlink:href="#sSpan422" value="ϥ"/>
		<feat xlink:href="#sSpan424" value="ⲉ"/>
		<feat xlink:href="#sSpan428" value="ⲙⲟⲟϣⲉ"/>
		<feat xlink:href="#sSpan432" value="ⲉ"/>
		<feat xlink:href="#sSpan436" value="ⲉⲓ"/>
		<feat xlink:href="#sSpan439" value="ⲉⲃⲟⲗ"/>
		<feat xlink:href="#sSpan444" value="ⲉⲩⲉ"/>
		<feat xlink:href="#sSpan448" value="ϫⲛⲉ"/>
		<feat xlink:href="#sSpan450" value="ⲡ"/>
		<feat xlink:href="#sSpan455" value="ϩⲗⲗⲟ"/>
		<feat xlink:href="#sSpan458" value="ⲁⲩⲱ"/>
		<feat xlink:href="#sSpan467" value="ⲭⲱⲣⲓⲥ"/>
		<feat xlink:href="#sSpan472" value="ⲛⲁⲓ"/>
		<feat xlink:href="#sSpan475" value="ϩⲉⲛ"/>
		<feat xlink:href="#sSpan480" value="ϣⲏⲣⲉ"/>
		<feat xlink:href="#sSpan484" value="ϣⲏⲙ"/>
		<feat xlink:href="#sSpan489" value="ⲏ"/>
		<feat xlink:href="#sSpan494" value="ϭⲉ"/>
		<feat xlink:href="#sSpan499" value="ⲗⲁⲁⲩ"/>
		<feat xlink:href="#sSpan501" value="ⲛ"/>
		<feat xlink:href="#sSpan505" value="ⲣⲱⲙⲉ"/>
		<feat xlink:href="#sSpan508" value="ⲉⲩϣⲁⲛ"/>
		<feat xlink:href="#sSpan512" value="ⲥⲣ"/>
		<feat xlink:href="#sSpan515" value="ⲣⲁⲧ"/>
		<feat xlink:href="#sSpan519" value="ⲟⲩ"/>
		<feat xlink:href="#sSpan521" value="ⲉϩⲣⲁⲓ"/>
		<feat xlink:href="#sSpan525" value="ϩⲛ"/>
		<feat xlink:href="#sSpan529" value="ⲗⲁⲁⲩ"/>
		<feat xlink:href="#sSpan533" value="ⲛ"/>
		<feat xlink:href="#sSpan537" value="ϩⲛⲁⲁⲩ"/>
		<feat xlink:href="#sSpan539" value="ⲛ"/>
		<feat xlink:href="#sSpan544" value="ⲧⲉⲓ"/>
		<feat xlink:href="#sSpan546" value="ⲙⲓⲛⲉ"/>
		<feat xlink:href="#sSpan548" value="ⲉⲩⲉ"/>
		<feat xlink:href="#sSpan554" value="ϣⲱⲡⲉ"/>
		<feat xlink:href="#sSpan556" value="ⲉ"/>
		<feat xlink:href="#sSpan560" value="ⲩ"/>
		<feat xlink:href="#sSpan562" value="ⲥϩⲟⲩⲟⲣⲧ"/>
		<feat xlink:href="#sSpan566" value="ϥ"/>
		<feat xlink:href="#sSpan575" value="ⲥϩⲟⲩⲟⲣⲧ"/>
		<feat xlink:href="#sSpan577" value="ⲛϭⲓ"/>
		<feat xlink:href="#sSpan581" value="ⲡ"/>
		<feat xlink:href="#sSpan586" value="ⲉⲧ"/>
		<feat xlink:href="#sSpan588" value="ⲛⲁ"/>
		<feat xlink:href="#sSpan590" value="ⲧⲱϣ"/>
		<feat xlink:href="#sSpan592" value="ⲛ"/>
		<feat xlink:href="#sSpan597" value="ⲟⲩ"/>
		<feat xlink:href="#sSpan600" value="ϩⲱⲃ"/>
		<feat xlink:href="#sSpan602" value="ⲉ"/>
		<feat xlink:href="#sSpan606" value="ϥ"/>
		<feat xlink:href="#sSpan608" value="ⲟ"/>
		<feat xlink:href="#sSpan610" value="ⲛ"/>
		<feat xlink:href="#sSpan614" value="ⲛⲟⲃⲉ"/>
		<feat xlink:href="#sSpan618" value="ⲉ"/>
		<feat xlink:href="#sSpan622" value="ⲡ"/>
		<feat xlink:href="#sSpan625" value="ⲉⲧ"/>
		<feat xlink:href="#sSpan627" value="ϩⲓⲧⲟⲩⲱ"/>
		<feat xlink:href="#sSpan630" value="ϥ"/>
		<feat xlink:href="#sSpan632" value="ϩⲛ"/>
		<feat xlink:href="#sSpan636" value="ⲟⲩ"/>
		<feat xlink:href="#sSpan641" value="ⲙⲛⲧⲣⲉϥϩⲓⲗⲁ"/>
		<feat xlink:href="#sSpan646" value="ⲉ"/>
		<feat xlink:href="#sSpan653" value="ⲙⲉ"/>
		<feat xlink:href="#sSpan655" value="ϥ"/>
		<feat xlink:href="#sSpan657" value="ⲉⲓⲙⲉ"/>
		<feat xlink:href="#sSpan660" value="ⲉ"/>
		<feat xlink:href="#sSpan664" value="ⲡⲱⲣϫ"/>
		<feat xlink:href="#sSpan666" value="·"/>
		<feat xlink:href="#sSpan671" value="ⲁⲗⲗⲁ"/>
		<feat xlink:href="#sSpan676" value="ⲉⲧⲃⲉ"/>
		<feat xlink:href="#sSpan681" value="ⲟⲩ"/>
		<feat xlink:href="#sSpan684" value="ⲙⲟⲥⲧⲉ"/>
		<feat xlink:href="#sSpan687" value="ⲉ"/>
		<feat xlink:href="#sSpan691" value="ϥ"/>
		<feat xlink:href="#sSpan693" value="ϫⲱ"/>
		<feat xlink:href="#sSpan695" value="ⲙ"/>
		<feat xlink:href="#sSpan700" value="ⲡ"/>
		<feat xlink:href="#sSpan703" value="ⲉⲧⲉ"/>
		<feat xlink:href="#sSpan705" value="ⲛ"/>
		<feat xlink:href="#sSpan707" value="ϣⲟⲟⲡ"/>
		<feat xlink:href="#sSpan710" value="ⲁⲛ"/>
		<feat xlink:href="#sSpan714" value="ⲉϣⲱⲡⲉ"/>
		<feat xlink:href="#sSpan719" value="ⲉ"/>
		<feat xlink:href="#sSpan723" value="ⲩ"/>
		<feat xlink:href="#sSpan726" value="ϩⲟⲟⲩⲧ"/>
		<feat xlink:href="#sSpan729" value="ⲡⲉ"/>
		<feat xlink:href="#sSpan733" value="ⲉϣⲱⲡⲉ"/>
		<feat xlink:href="#sSpan738" value="ⲉ"/>
		<feat xlink:href="#sSpan742" value="ⲩ"/>
		<feat xlink:href="#sSpan745" value="ⲥϩⲓⲙⲉ"/>
		<feat xlink:href="#sSpan747" value="ⲧⲉ"/>
		<feat xlink:href="#sSpan753" value="·"/>
		<feat xlink:href="#sSpan757" value="ϥ"/>
		<feat xlink:href="#sSpan765" value="ⲥϩⲟⲩⲟⲣⲧ"/>
		<feat xlink:href="#sSpan772" value="ⲛϭⲓ"/>
		<feat xlink:href="#sSpan776" value="ⲡ"/>
		<feat xlink:href="#sSpan779" value="ⲉⲧ"/>
		<feat xlink:href="#sSpan781" value="ϫⲱ"/>
		<feat xlink:href="#sSpan783" value="ⲙⲙⲟ"/>
		<feat xlink:href="#sSpan788" value="ⲥ"/>
		<feat xlink:href="#sSpan790" value="ϩⲛ"/>
		<feat xlink:href="#sSpan794" value="ⲟⲩ"/>
		<feat xlink:href="#sSpan798" value="ⲙⲛⲧⲣⲉϥⲧⲱϩ"/>
		<feat xlink:href="#sSpan803" value="ϫⲉ"/>
		<feat xlink:href="#sSpan808" value="ⲁ"/>
		<feat xlink:href="#sSpan810" value="ⲓ"/>
		<feat xlink:href="#sSpan812" value="ⲛⲁⲩ"/>
		<feat xlink:href="#sSpan814" value="ⲉ"/>
		<feat xlink:href="#sSpan818" value="ⲩ"/>
		<feat xlink:href="#sSpan821" value="ⲣⲁⲥⲟⲩ"/>
		<feat xlink:href="#sSpan824" value="ⲉⲣⲉ"/>
		<feat xlink:href="#sSpan828" value="ⲛⲓⲙ"/>
		<feat xlink:href="#sSpan830" value="ⲙⲛ"/>
		<feat xlink:href="#sSpan835" value="ⲛⲓⲙ"/>
		<feat xlink:href="#sSpan837" value="ϣⲱⲗ"/>
		<feat xlink:href="#sSpan841" value="ⲙⲙⲟ"/>
		<feat xlink:href="#sSpan846" value="ⲟⲩ"/>
		<feat xlink:href="#sSpan848" value="ⲉⲃⲟⲗ"/>
		<feat xlink:href="#sSpan852" value="ϩⲣⲁⲓ"/>
		<feat xlink:href="#sSpan858" value="ϩⲛ"/>
		<feat xlink:href="#sSpan862" value="ϩⲱⲃ"/>
		<feat xlink:href="#sSpan866" value="ⲛⲓⲙ"/>
		<feat xlink:href="#sSpan870" value="ⲙ"/>
		<feat xlink:href="#sSpan876" value="ⲡⲟⲛⲏⲣⲟⲛ"/>
		<feat xlink:href="#sSpan878" value="ⲉϣⲱⲡⲉ"/>
		<feat xlink:href="#sSpan883" value="ⲉ"/>
		<feat xlink:href="#sSpan887" value="ⲩ"/>
		<feat xlink:href="#sSpan890" value="ϩⲟⲟⲩⲧ"/>
		<feat xlink:href="#sSpan893" value="ⲡⲉ"/>
		<feat xlink:href="#sSpan897" value="ⲉϣⲱⲡⲉ"/>
		<feat xlink:href="#sSpan902" value="ⲉ"/>
		<feat xlink:href="#sSpan906" value="ⲩ"/>
		<feat xlink:href="#sSpan909" value="ⲥϩⲓⲙⲉ"/>
		<feat xlink:href="#sSpan912" value="ⲧⲉ"/>
		<feat xlink:href="#sSpan917" value="·"/>
		<feat xlink:href="#sSpan922" value="ⲥⲉ"/>
		<feat xlink:href="#sSpan931" value="ⲥϩⲟⲩⲟⲣⲧ"/>
		<feat xlink:href="#sSpan935" value="ⲛϭⲓ"/>
		<feat xlink:href="#sSpan940" value="ⲟⲩⲟⲛ"/>
		<feat xlink:href="#sSpan944" value="ⲛⲓⲙ"/>
		<feat xlink:href="#sSpan948" value="ⲉⲧ"/>
		<feat xlink:href="#sSpan953" value="ⲉⲓⲣⲉ"/>
		<feat xlink:href="#sSpan956" value="ⲛ"/>
		<feat xlink:href="#sSpan960" value="ϩⲉⲛ"/>
		<feat xlink:href="#sSpan963" value="ⲕⲣⲟϥ"/>
		<feat xlink:href="#sSpan966" value="ϩⲣⲁⲓ"/>
		<feat xlink:href="#sSpan971" value="ϩⲛ"/>
		<feat xlink:href="#sSpan976" value="ⲥⲩⲛⲁⲅⲱⲅⲏ"/>
		<feat xlink:href="#sSpan980" value="ⲧⲏⲣ"/>
		<feat xlink:href="#sSpan985" value="ⲟⲩ"/>
		<feat xlink:href="#sSpan987" value="ⲙ"/>
		<feat xlink:href="#sSpan991" value="ⲡ"/>
		<feat xlink:href="#sSpan994" value="ϫⲟⲉⲓⲥ"/>
		<feat xlink:href="#sSpan999" value="·"/>
		<feat xlink:href="#sSpan1003" value="ⲉ"/>
		<feat xlink:href="#sSpan1007" value="ⲧⲣⲉ"/>
		<feat xlink:href="#sSpan1009" value="ⲡ"/>
		<feat xlink:href="#sSpan1012" value="ⲛⲟⲩⲧⲉ"/>
		<feat xlink:href="#sSpan1017" value="ϭⲱⲛⲧ"/>
		<feat xlink:href="#sSpan1022" value="ⲉ"/>
		<feat xlink:href="#sSpan1026" value="ⲩ"/>
		<feat xlink:href="#sSpan1029" value="ⲛⲟϭ"/>
		<feat xlink:href="#sSpan1032" value="ⲙ"/>
		<feat xlink:href="#sSpan1036" value="ⲙⲏⲏϣⲉ"/>
		<feat xlink:href="#sSpan1039" value="ⲛ"/>
		<feat xlink:href="#sSpan1044" value="ϥ"/>
		<feat xlink:href="#sSpan1046" value="ⲕⲧⲟ"/>
		<feat xlink:href="#sSpan1048" value="ⲙ"/>
		<feat xlink:href="#sSpan1052" value="ⲡⲉϥ"/>
		<feat xlink:href="#sSpan1056" value="ϩⲟ"/>
		<feat xlink:href="#sSpan1059" value="ⲉⲃⲟⲗ"/>
		<feat xlink:href="#sSpan1063" value="ⲙⲙⲟ"/>
		<feat xlink:href="#sSpan1067" value="ⲟⲩ"/>
		<feat xlink:href="#sSpan1070" value="ϩⲛ"/>
		<feat xlink:href="#sSpan1074" value="ⲟⲩ"/>
		<feat xlink:href="#sSpan1078" value="ⲟⲣⲅⲏ"/>
		<feat xlink:href="#sSpan1080" value="ⲉⲧⲃⲉ"/>
		<feat xlink:href="#sSpan1085" value="ⲧ"/>
		<feat xlink:href="#sSpan1089" value="ⲙⲛⲧϣⲁϥⲧⲉ"/>
		<feat xlink:href="#sSpan1093" value="ⲛ"/>
		<feat xlink:href="#sSpan1097" value="ⲛ"/>
		<feat xlink:href="#sSpan1100" value="ⲉⲧ"/>
		<feat xlink:href="#sSpan1103" value="ⲉⲓⲣⲉ"/>
		<feat xlink:href="#sSpan1107" value="ⲛ"/>
		<feat xlink:href="#sSpan1111" value="ⲧ"/>
		<feat xlink:href="#sSpan1115" value="ⲁⲛⲟⲙⲓⲁ"/>
		<feat xlink:href="#sSpan1118" value="ϩⲛ"/>
		<feat xlink:href="#sSpan1122" value="ⲟⲩ"/>
		<feat xlink:href="#sSpan1125" value="ϩⲱⲡ"/>
		<feat xlink:href="#sSpan1128" value="ⲏ"/>
		<feat xlink:href="#sSpan1133" value="ϩⲛ"/>
		<feat xlink:href="#sSpan1137" value="ⲟⲩⲱⲛϩ"/>
		<feat xlink:href="#sSpan1141" value="ⲉⲃⲟⲗ"/>
		<feat xlink:href="#sSpan1146" value="ϩⲣⲁⲓ"/>
		<feat xlink:href="#sSpan1150" value="ⲛϩⲏⲧ"/>
		<feat xlink:href="#sSpan1156" value="ⲛ"/>
		<feat xlink:href="#sSpan1158" value="·"/>
		<feat xlink:href="#sSpan1163" value="ⲁⲩⲱ"/>
		<feat xlink:href="#sSpan1172" value="ⲟⲩⲟⲓ"/>
		<feat xlink:href="#sSpan1177" value="ⲛ"/>
		<feat xlink:href="#sSpan1181" value="ⲛ"/>
		<feat xlink:href="#sSpan1184" value="ⲉⲧⲉⲣⲉ"/>
		<feat xlink:href="#sSpan1187" value="ⲡ"/>
		<feat xlink:href="#sSpan1190" value="ⲛⲟⲩⲧⲉ"/>
		<feat xlink:href="#sSpan1192" value="ⲛⲁ"/>
		<feat xlink:href="#sSpan1197" value="ϩⲟϫϩϫ"/>
		<feat xlink:href="#sSpan1199" value="ⲉⲃⲟⲗ"/>
		<feat xlink:href="#sSpan1204" value="ϩⲓⲧⲟⲟⲧ"/>
		<feat xlink:href="#sSpan1210" value="ⲟⲩ"/>
		<feat xlink:href="#sSpan1212" value="ⲁⲩⲱ"/>
		<feat xlink:href="#sSpan1217" value="ⲛ"/>
		<feat xlink:href="#sSpan1221" value="ϥ"/>
		<feat xlink:href="#sSpan1223" value="ⲕⲱⲧⲉ"/>
		<feat xlink:href="#sSpan1226" value="ⲛⲥⲁ"/>
		<feat xlink:href="#sSpan1231" value="ⲧ"/>
		<feat xlink:href="#sSpan1233" value="ϩⲉ"/>
		<feat xlink:href="#sSpan1235" value="ⲛ"/>
		<feat xlink:href="#sSpan1239" value="ⲉⲓ"/>
		<feat xlink:href="#sSpan1242" value="ⲉ"/>
		<feat xlink:href="#sSpan1246" value="ⲉⲃⲟⲗ"/>
		<feat xlink:href="#sSpan1250" value="ϩⲛ"/>
		<feat xlink:href="#sSpan1254" value="ⲧⲉⲩ"/>
		<feat xlink:href="#sSpan1258" value="ⲙⲏⲧⲉ"/>
		<feat xlink:href="#sSpan1261" value="·"/>
		<feat xlink:href="#sSpan1265" value="ⲛ"/>
		<feat xlink:href="#sSpan1269" value="ⲧ"/>
		<feat xlink:href="#sSpan1271" value="ϩⲉ"/>
		<feat xlink:href="#sSpan1274" value="ⲛ"/>
		<feat xlink:href="#sSpan1279" value="ⲟⲩ"/>
		<feat xlink:href="#sSpan1282" value="ⲣⲱⲙⲉ"/>
		<feat xlink:href="#sSpan1284" value="ⲛ"/>
		<feat xlink:href="#sSpan1289" value="ⲇⲓⲕⲁⲓⲟⲥ"/>
		<feat xlink:href="#sSpan1292" value="ⲉ"/>
		<feat xlink:href="#sSpan1296" value="ⲁ"/>
		<feat xlink:href="#sSpan1298" value="ϥ"/>
		<feat xlink:href="#sSpan1300" value="ⲕⲱⲧⲉ"/>
		<feat xlink:href="#sSpan1304" value="ⲛⲥⲁ"/>
		<feat xlink:href="#sSpan1308" value="ⲧ"/>
		<feat xlink:href="#sSpan1310" value="ϩⲉ"/>
		<feat xlink:href="#sSpan1312" value="ⲛ"/>
		<feat xlink:href="#sSpan1316" value="ⲕⲱ"/>
		<feat xlink:href="#sSpan1319" value="ⲛⲥⲱ"/>
		<feat xlink:href="#sSpan1324" value="ϥ"/>
		<feat xlink:href="#sSpan1326" value="ⲛ"/>
		<feat xlink:href="#sSpan1330" value="ⲟⲩ"/>
		<feat xlink:href="#sSpan1334" value="ⲗⲁⲟⲥ"/>
		<feat xlink:href="#sSpan1337" value="ⲉⲧⲃⲉ"/>
		<feat xlink:href="#sSpan1341" value="ⲛⲉⲩ"/>
		<feat xlink:href="#sSpan1344" value="ϩⲃⲏⲩⲉ"/>
		<feat xlink:href="#sSpan1347" value="ⲉⲧ"/>
		<feat xlink:href="#sSpan1351" value="ϩⲟⲟⲩ"/>
		<feat xlink:href="#sSpan1354" value="ⲕⲁⲧⲁ"/>
		<feat xlink:href="#sSpan1359" value="ⲡ"/>
		<feat xlink:href="#sSpan1362" value="ϣⲁϫⲉ"/>
		<feat xlink:href="#sSpan1364" value="ⲙ"/>
		<feat xlink:href="#sSpan1369" value="ⲡⲉ"/>
		<feat xlink:href="#sSpan1373" value="ⲡⲣⲟⲫⲏⲧⲏⲥ"/>
		<feat xlink:href="#sSpan1376" value="ϫⲉ"/>
		<feat xlink:href="#sSpan1380" value="ⲛⲓⲙ"/>
		<feat xlink:href="#sSpan1383" value="ⲡ"/>
		<feat xlink:href="#sSpan1388" value="ⲉⲧ"/>
		<feat xlink:href="#sSpan1390" value="ⲛⲁ"/>
		<feat xlink:href="#sSpan1392" value="ϯ"/>
		<feat xlink:href="#sSpan1394" value="ⲛⲁ"/>
		<feat xlink:href="#sSpan1396" value="ⲓ"/>
		<feat xlink:href="#sSpan1398" value="ϩⲙ"/>
		<feat xlink:href="#sSpan1403" value="ⲡ"/>
		<feat xlink:href="#sSpan1406" value="ϫⲁⲓⲉ"/>
		<feat xlink:href="#sSpan1408" value="ⲛ"/>
		<feat xlink:href="#sSpan1412" value="ⲟⲩ"/>
		<feat xlink:href="#sSpan1415" value="ⲙⲁ"/>
		<feat xlink:href="#sSpan1418" value="ⲛ"/>
		<feat xlink:href="#sSpan1422" value="ϣⲱⲡⲉ"/>
		<feat xlink:href="#sSpan1424" value="ⲉ"/>
		<feat xlink:href="#sSpan1429" value="ϥ"/>
		<feat xlink:href="#sSpan1431" value="ⲟⲩⲏⲩ"/>
		<feat xlink:href="#sSpan1433" value="ⲛ"/>
		<feat xlink:href="#sSpan1437" value="ⲧⲁ"/>
		<feat xlink:href="#sSpan1439" value="ⲕⲱ"/>
		<feat xlink:href="#sSpan1442" value="ⲛⲥⲱ"/>
		<feat xlink:href="#sSpan1446" value="ⲓ"/>
		<feat xlink:href="#sSpan1448" value="ⲙ"/>
		<feat xlink:href="#sSpan1452" value="ⲡⲉⲓ"/>
		<feat xlink:href="#sSpan1457" value="ⲗⲁⲟⲥ"/>
		<feat xlink:href="#sSpan1459" value="ⲛ"/>
		<feat xlink:href="#sSpan1463" value="ⲧⲁ"/>
		<feat xlink:href="#sSpan1465" value="ⲟⲩⲉ"/>
		<feat xlink:href="#sSpan1468" value="ⲉⲃⲟⲗ"/>
		<feat xlink:href="#sSpan1472" value="ⲙⲙⲟ"/>
		<feat xlink:href="#sSpan1476" value="ⲟⲩ"/>
		<feat xlink:href="#sSpan1479" value="·"/>
		<feat xlink:href="#sSpan1485" value="ⲛⲁⲉⲓⲁⲧ"/>
		<feat xlink:href="#sSpan1495" value="ⲟⲩ"/>
		<feat xlink:href="#sSpan1498" value="ⲇⲉ"/>
		<feat xlink:href="#sSpan1502" value="ⲛ"/>
		<feat xlink:href="#sSpan1507" value="ⲟⲩⲟⲛ"/>
		<feat xlink:href="#sSpan1511" value="ⲛⲓⲙ"/>
		<feat xlink:href="#sSpan1515" value="ⲉⲧⲉⲣⲉ"/>
		<feat xlink:href="#sSpan1520" value="ⲡ"/>
		<feat xlink:href="#sSpan1523" value="ⲛⲟⲩⲧⲉ"/>
		<feat xlink:href="#sSpan1526" value="ⲛⲁ"/>
		<feat xlink:href="#sSpan1530" value="ⲧⲱⲧ"/>
		<feat xlink:href="#sSpan1532" value="ⲛ"/>
		<feat xlink:href="#sSpan1536" value="ϩⲏⲧ"/>
		<feat xlink:href="#sSpan1539" value="ⲉⲃⲟⲗ"/>
		<feat xlink:href="#sSpan1544" value="ϩⲓⲧⲟⲟⲧ"/>
		<feat xlink:href="#sSpan1548" value="ⲟⲩ"/>
		<feat xlink:href="#sSpan1551" value="ⲉ"/>
		<feat xlink:href="#sSpan1558" value="ⲧⲣⲉ"/>
		<feat xlink:href="#sSpan1560" value="ϥ"/>
		<feat xlink:href="#sSpan1562" value="ⲣ"/>
		<feat xlink:href="#sSpan1565" value="ϩⲛⲁ"/>
		<feat xlink:href="#sSpan1567" value="ϥ"/>
		<feat xlink:href="#sSpan1569" value="ⲉ"/>
		<feat xlink:href="#sSpan1574" value="ϭⲱ"/>
		<feat xlink:href="#sSpan1576" value="ϩⲛ"/>
		<feat xlink:href="#sSpan1580" value="ⲧⲉⲩ"/>
		<feat xlink:href="#sSpan1583" value="ⲙⲏⲧⲉ"/>
		<feat xlink:href="#sSpan1586" value="·"/>
		<feat xlink:href="#sSpan1590" value="ⲛ"/>
		<feat xlink:href="#sSpan1594" value="ⲧ"/>
		<feat xlink:href="#sSpan1596" value="ϩⲉ"/>
		<feat xlink:href="#sSpan1598" value="ⲛ"/>
		<feat xlink:href="#sSpan1602" value="ⲟⲩ"/>
		<feat xlink:href="#sSpan1606" value="ⲣⲱⲙⲉ"/>
		<feat xlink:href="#sSpan1609" value="ⲛ"/>
		<feat xlink:href="#sSpan1614" value="ⲇⲓⲕⲁⲓⲟⲥ"/>
		<feat xlink:href="#sSpan1616" value="ⲉ"/>
		<feat xlink:href="#sSpan1621" value="ⲁ"/>
		<feat xlink:href="#sSpan1623" value="ϥ"/>
		<feat xlink:href="#sSpan1625" value="ⲧⲱⲧ"/>
		<feat xlink:href="#sSpan1627" value="ⲛ"/>
		<feat xlink:href="#sSpan1631" value="ϩⲏⲧ"/>
		<feat xlink:href="#sSpan1634" value="ⲛⲧⲟⲟⲧ"/>
		<feat xlink:href="#sSpan1639" value="ⲟⲩ"/>
		<feat xlink:href="#sSpan1641" value="ⲛ"/>
		<feat xlink:href="#sSpan1645" value="ϩⲉⲛ"/>
		<feat xlink:href="#sSpan1649" value="ⲣⲱⲙⲉ"/>
		<feat xlink:href="#sSpan1651" value="ⲙ"/>
		<feat xlink:href="#sSpan1656" value="ⲡⲓⲥⲧⲟⲥ"/>
		<feat xlink:href="#sSpan1659" value="ⲁⲩⲱ"/>
		<feat xlink:href="#sSpan1663" value="ⲉ"/>
		<feat xlink:href="#sSpan1668" value="ⲁ"/>
		<feat xlink:href="#sSpan1670" value="ϥ"/>
		<feat xlink:href="#sSpan1672" value="ⲣ"/>
		<feat xlink:href="#sSpan1674" value="ϩⲛⲁ"/>
		<feat xlink:href="#sSpan1676" value="ϥ"/>
		<feat xlink:href="#sSpan1678" value="ⲉ"/>
		<feat xlink:href="#sSpan1682" value="ϭⲱ"/>
		<feat xlink:href="#sSpan1684" value="ⲛ"/>
		<feat xlink:href="#sSpan1689" value="ⲟⲩⲟⲉⲓϣ"/>
		<feat xlink:href="#sSpan1692" value="ⲛⲓⲙ"/>
		<feat xlink:href="#sSpan1696" value="ϩⲛ"/>
		<feat xlink:href="#sSpan1701" value="ⲧⲉⲩ"/>
		<feat xlink:href="#sSpan1704" value="ⲙⲏⲧⲉ"/>
		<feat xlink:href="#sSpan1706" value="·"/>
		<feat xlink:href="#sSpan1710" value="ⲉⲧⲃⲉ"/>
		<feat xlink:href="#sSpan1716" value="ϫⲉ"/>
		<feat xlink:href="#sSpan1718" value="ⲛⲧⲟϥ"/>
		<feat xlink:href="#sSpan1720" value="ϩⲱⲱ"/>
		<feat xlink:href="#sSpan1725" value="ϥ"/>
		<feat xlink:href="#sSpan1727" value="ⲡ"/>
		<feat xlink:href="#sSpan1732" value="ϫⲟⲉⲓⲥ"/>
		<feat xlink:href="#sSpan1734" value="ϥ"/>
		<feat xlink:href="#sSpan1739" value="ⲱⲟⲟⲡ"/>
		<feat xlink:href="#sSpan1741" value="ϩⲛ"/>
		<feat xlink:href="#sSpan1745" value="ⲧⲉⲩ"/>
		<feat xlink:href="#sSpan1748" value="ⲙⲏⲧⲉ"/>
		<feat xlink:href="#sSpan1751" value="ⲛ"/>
		<feat xlink:href="#sSpan1755" value="ⲟⲩⲟⲉⲓϣ"/>
		<feat xlink:href="#sSpan1758" value="ⲛⲓⲙ"/>
		<feat xlink:href="#sSpan1763" value="ⲉⲧⲃⲉ"/>
		<feat xlink:href="#sSpan1767" value="ⲛⲉⲩ"/>
		<feat xlink:href="#sSpan1770" value="ϩⲃⲏⲩⲉ"/>
		<feat xlink:href="#sSpan1773" value="ⲙ"/>
		<feat xlink:href="#sSpan1777" value="ⲙⲉ"/>
		<feat xlink:href="#sSpan1779" value="ⲁⲩⲱ"/>
		<feat xlink:href="#sSpan1784" value="ⲛ"/>
		<feat xlink:href="#sSpan1790" value="ⲇⲓⲕⲁⲓⲟⲛ"/>
		<feat xlink:href="#sSpan1792" value="·"/>
		<feat xlink:href="#sSpan1797" value="ⲟⲩⲟⲛ"/>
		<feat xlink:href="#sSpan1807" value="ⲇⲉ"/>
		<feat xlink:href="#sSpan1811" value="ⲛⲓⲙ"/>
		<feat xlink:href="#sSpan1815" value="ϩⲣⲁⲓ"/>
		<feat xlink:href="#sSpan1819" value="ⲛϩⲏⲧ"/>
		<feat xlink:href="#sSpan1824" value="ⲛ"/>
		<feat xlink:href="#sSpan1826" value="ⲉⲧ"/>
		<feat xlink:href="#sSpan1830" value="ⲛⲁ"/>
		<feat xlink:href="#sSpan1832" value="ⲛⲁⲩ"/>
		<feat xlink:href="#sSpan1835" value="ⲉ"/>
		<feat xlink:href="#sSpan1839" value="ⲩ"/>
		<feat xlink:href="#sSpan1842" value="ϩⲱⲃ"/>
		<feat xlink:href="#sSpan1844" value="ⲛ"/>
		<feat xlink:href="#sSpan1848" value="ⲕⲣⲟϥ"/>
		<feat xlink:href="#sSpan1851" value="ϩⲛ"/>
		<feat xlink:href="#sSpan1855" value="ⲟⲩ"/>
		<feat xlink:href="#sSpan1857" value="ϫⲱϩⲙ"/>
		<feat xlink:href="#sSpan1860" value="·"/>
		<feat xlink:href="#sSpan1865" value="ⲏ"/>
		<feat xlink:href="#sSpan1869" value="ϩⲛ"/>
		<feat xlink:href="#sSpan1873" value="ⲟⲩ"/>
		<feat xlink:href="#sSpan1876" value="ϫⲓⲟⲩⲉ"/>
		<feat xlink:href="#sSpan1881" value="ⲏ"/>
		<feat xlink:href="#sSpan1885" value="ϩⲛ"/>
		<feat xlink:href="#sSpan1889" value="ϭⲉ"/>
		<feat xlink:href="#sSpan1892" value="ⲗⲁⲁⲩ"/>
		<feat xlink:href="#sSpan1895" value="ⲛ"/>
		<feat xlink:href="#sSpan1899" value="ⲛⲟⲃⲉ"/>
		<feat xlink:href="#sSpan1901" value="ⲉ"/>
		<feat xlink:href="#sSpan1905" value="ϥ"/>
		<feat xlink:href="#sSpan1907" value="ϫⲓ"/>
		<feat xlink:href="#sSpan1910" value="ⲉϩⲟⲩⲛ"/>
		<feat xlink:href="#sSpan1915" value="ⲉ"/>
		<feat xlink:href="#sSpan1919" value="ⲡ"/>
		<feat xlink:href="#sSpan1921" value="ⲙⲟⲩ"/>
		<feat xlink:href="#sSpan1924" value="ⲁⲩⲱ"/>
		<feat xlink:href="#sSpan1929" value="ⲛⲧⲟⲟⲩ"/>
		<feat xlink:href="#sSpan1933" value="ⲛ"/>
		<feat xlink:href="#sSpan1937" value="ⲥⲉ"/>
		<feat xlink:href="#sSpan1940" value="ⲧⲙ"/>
		<feat xlink:href="#sSpan1942" value="ⲧⲁⲙⲟ"/>
		<feat xlink:href="#sSpan1944" value="ⲓ"/>
		<feat xlink:href="#sSpan1946" value="ϫⲉ"/>
		<feat xlink:href="#sSpan1951" value="ⲛⲓⲙ"/>
		<feat xlink:href="#sSpan1954" value="ⲡⲉ"/>
		<feat xlink:href="#sSpan1959" value="ⲏ"/>
		<feat xlink:href="#sSpan1963" value="ϫⲉ"/>
		<feat xlink:href="#sSpan1968" value="ⲟⲩ"/>
		<feat xlink:href="#sSpan1970" value="ⲛⲉ"/>
		<feat xlink:href="#sSpan1974" value="ⲛⲉ"/>
		<feat xlink:href="#sSpan1979" value="ϩⲃⲏⲩⲉ"/>
		<feat xlink:href="#sSpan1982" value="ⲛ"/>
		<feat xlink:href="#sSpan1987" value="ⲡⲟⲛⲏⲣⲟⲛ"/>
		<feat xlink:href="#sSpan1992" value="ⲉⲧ"/>
		<feat xlink:href="#sSpan1996" value="ⲙⲙⲁⲩ"/>
		<feat xlink:href="#sSpan1998" value="·"/>
		<feat xlink:href="#sSpan2003" value="ⲉⲩⲉ"/>
		<feat xlink:href="#sSpan2008" value="ⲉⲓ"/>
		<feat xlink:href="#sSpan2011" value="ⲉϩⲣⲁⲓ"/>
		<feat xlink:href="#sSpan2015" value="ⲉϫⲱ"/>
		<feat xlink:href="#sSpan2020" value="ⲟⲩ"/>
		<feat xlink:href="#sSpan2023" value="ⲛϭⲓ"/>
		<feat xlink:href="#sSpan2027" value="ⲛⲉⲓ"/>
		<feat xlink:href="#sSpan2030" value="ⲥⲁϩⲟⲩ"/>
		<feat xlink:href="#sSpan2033" value="ⲧⲏⲣ"/>
		<feat xlink:href="#sSpan2037" value="ⲟⲩ"/>
		<feat xlink:href="#sSpan2039" value="ⲉⲃⲟⲗ"/>
		<feat xlink:href="#sSpan2044" value="ϩⲓⲧⲛ"/>
		<feat xlink:href="#sSpan2048" value="ⲡ"/>
		<feat xlink:href="#sSpan2051" value="ⲛⲟⲩⲧⲉ"/>
		<feat xlink:href="#sSpan2054" value="ⲉϣⲱⲡⲉ"/>
		<feat xlink:href="#sSpan2058" value="ⲉ"/>
		<feat xlink:href="#sSpan2062" value="ⲩ"/>
		<feat xlink:href="#sSpan2065" value="ϩⲟⲟⲩⲧ"/>
		<feat xlink:href="#sSpan2068" value="ⲡⲉ"/>
		<feat xlink:href="#sSpan2072" value="ⲉϣⲱⲡⲉ"/>
		<feat xlink:href="#sSpan2077" value="ⲉ"/>
		<feat xlink:href="#sSpan2081" value="ⲩ"/>
		<feat xlink:href="#sSpan2084" value="ⲥϩⲓⲙⲉ"/>
		<feat xlink:href="#sSpan2087" value="ⲧⲉ"/>
		<feat xlink:href="#sSpan2091" value="·"/>
		<feat xlink:href="#sSpan2095" value="ⲛ"/>
		<feat xlink:href="#sSpan2104" value="ⲕⲟⲟⲩⲉ"/>
		<feat xlink:href="#sSpan2109" value="ⲇⲉ"/>
		<feat xlink:href="#sSpan2113" value="ⲧⲏⲣ"/>
		<feat xlink:href="#sSpan2117" value="ⲟⲩ"/>
		<feat xlink:href="#sSpan2119" value="ⲉⲧ"/>
		<feat xlink:href="#sSpan2124" value="ⲉϣϣⲉ"/>
		<feat xlink:href="#sSpan2126" value="ⲉ"/>
		<feat xlink:href="#sSpan2130" value="ⲥⲁϩ"/>
		<feat xlink:href="#sSpan2133" value="ⲟⲩ"/>
		<feat xlink:href="#sSpan2135" value="ⲉϩⲣⲁⲓ"/>
		<feat xlink:href="#sSpan2139" value="ⲉ"/>
		<feat xlink:href="#sSpan2143" value="ⲧⲉⲓ"/>
		<feat xlink:href="#sSpan2147" value="ⲉⲡⲓⲥⲧⲟⲗⲏ"/>
		<feat xlink:href="#sSpan2150" value="·"/>
		<feat xlink:href="#sSpan2154" value="ⲁⲩⲱ"/>
		<feat xlink:href="#sSpan2159" value="ⲙⲡ"/>
		<feat xlink:href="#sSpan2163" value="ⲛ"/>
		<feat xlink:href="#sSpan2165" value="ⲥⲁϩ"/>
		<feat xlink:href="#sSpan2169" value="ⲟⲩ"/>
		<feat xlink:href="#sSpan2172" value="·"/>
		<feat xlink:href="#sSpan2176" value="ⲉⲓⲥ"/>
		<feat xlink:href="#sSpan2181" value="ϩⲏⲏⲛⲉ"/>
		<feat xlink:href="#sSpan2184" value="ⲥⲉ"/>
		<feat xlink:href="#sSpan2188" value="ⲥⲏϩ"/>
		<feat xlink:href="#sSpan2191" value="ⲧⲏⲣ"/>
		<feat xlink:href="#sSpan2196" value="ⲟⲩ"/>
		<feat xlink:href="#sSpan2198" value="ϩⲛ"/>
		<feat xlink:href="#sSpan2202" value="ⲛⲉ"/>
		<feat xlink:href="#sSpan2206" value="ⲭⲁⲣⲧⲏⲥ"/>
		<feat xlink:href="#sSpan2209" value="ⲉⲧ"/>
		<feat xlink:href="#sSpan2213" value="ⲥⲏϩ"/>
		<feat xlink:href="#sSpan2215" value="ϫⲓⲛ"/>
		<feat xlink:href="#sSpan2219" value="ⲛ"/>
		<feat xlink:href="#sSpan2223" value="ϣⲟⲣⲡ"/>
		<feat xlink:href="#sSpan2225" value="·"/>
		<feat xlink:href="#sSpan2230" value="ⲛ"/>
		<feat xlink:href="#sSpan2239" value="ϣⲁϫⲉ"/>
		<feat xlink:href="#sSpan2242" value="ⲇⲉ"/>
		<feat xlink:href="#sSpan2246" value="ⲉⲧ"/>
		<feat xlink:href="#sSpan2250" value="ⲟⲩⲁⲁⲃ"/>
		<feat xlink:href="#sSpan2253" value="ⲛⲧⲉ"/>
		<feat xlink:href="#sSpan2257" value="ⲡⲉⲛ"/>
		<feat xlink:href="#sSpan2260" value="ϫⲟⲉⲓⲥ"/>
		<feat xlink:href="#sSpan2264" value="ⲓⲏⲥⲟⲩⲥ"/>
		<feat xlink:href="#sSpan2268" value="ⲉⲧ"/>
		<feat xlink:href="#sSpan2272" value="ⲥⲏϩ"/>
		<feat xlink:href="#sSpan2275" value="ϩⲛ"/>
		<feat xlink:href="#sSpan2279" value="ⲛⲉ"/>
		<feat xlink:href="#sSpan2283" value="ⲅⲣⲁⲫⲏ"/>
		<feat xlink:href="#sSpan2286" value="·"/>
		<feat xlink:href="#sSpan2290" value="ⲁⲩⲱ"/>
		<feat xlink:href="#sSpan2294" value="ϩⲛ"/>
		<feat xlink:href="#sSpan2298" value="ϯ"/>
		<feat xlink:href="#sSpan2302" value="ⲉⲡⲓⲥⲧⲟⲗⲏ"/>
		<feat xlink:href="#sSpan2305" value="ϯ"/>
		<feat xlink:href="#sSpan2310" value="ⲛⲁ"/>
		<feat xlink:href="#sSpan2312" value="ⲧⲁⲙⲱ"/>
		<feat xlink:href="#sSpan2314" value="ⲧⲛ"/>
		<feat xlink:href="#sSpan2316" value="ϫⲉ"/>
		<feat xlink:href="#sSpan2321" value="ⲉ"/>
		<feat xlink:href="#sSpan2323" value="ⲩ"/>
		<feat xlink:href="#sSpan2325" value="ⲧⲛⲧⲱⲛ"/>
		<feat xlink:href="#sSpan2327" value="ⲉ"/>
		<feat xlink:href="#sSpan2332" value="ⲟⲩ"/>
		<feat xlink:href="#sSpan2335" value="·"/>
		<feat xlink:href="#sSpan2339" value="ⲉ"/>
		<feat xlink:href="#sSpan2346" value="ⲩ"/>
		<feat xlink:href="#sSpan2348" value="ⲧⲛⲧⲱⲛ"/>
		<feat xlink:href="#sSpan2352" value="ⲉ"/>
		<feat xlink:href="#sSpan2356" value="ϩⲉⲛ"/>
		<feat xlink:href="#sSpan2359" value="ϩⲏⲃⲥ"/>
		<feat xlink:href="#sSpan2362" value="ⲉ"/>
		<feat xlink:href="#sSpan2366" value="ⲁ"/>
		<feat xlink:href="#sSpan2368" value="ⲩ"/>
		<feat xlink:href="#sSpan2370" value="ϫⲉⲣⲱ"/>
		<feat xlink:href="#sSpan2372" value="ⲟⲩ"/>
		<feat xlink:href="#sSpan2377" value="ϩⲛ"/>
		<feat xlink:href="#sSpan2381" value="ϩⲉⲛ"/>
		<feat xlink:href="#sSpan2384" value="ⲙⲁ"/>
		<feat xlink:href="#sSpan2386" value="ⲛ"/>
		<feat xlink:href="#sSpan2395" value="ⲕⲁⲕⲉ"/>
		<feat xlink:href="#sSpan2398" value="·"/>
		<feat xlink:href="#sSpan2402" value="ⲁⲩⲱ"/>
		<feat xlink:href="#sSpan2409" value="ⲉ"/>
		<feat xlink:href="#sSpan2414" value="ⲩ"/>
		<feat xlink:href="#sSpan2416" value="ⲧⲛⲧⲱⲛ"/>
		<feat xlink:href="#sSpan2418" value="ⲉ"/>
		<feat xlink:href="#sSpan2422" value="ⲡ"/>
		<feat xlink:href="#sSpan2426" value="ⲟⲩⲟⲉⲓⲛ"/>
		<feat xlink:href="#sSpan2428" value="ⲙ"/>
		<feat xlink:href="#sSpan2432" value="ⲡⲉ"/>
		<feat xlink:href="#sSpan2435" value="ϩⲟⲟⲩ"/>
		<feat xlink:href="#sSpan2439" value="·"/>
		<feat xlink:href="#sSpan2443" value="ⲁⲩⲱ"/>
		<feat xlink:href="#sSpan2450" value="ⲛ"/>
		<feat xlink:href="#sSpan2457" value="ⲁⲧϩⲏⲧ"/>
		<feat xlink:href="#sSpan2461" value="ⲉⲧ"/>
		<feat xlink:href="#sSpan2466" value="ⲣϩⲟⲩⲟ"/>
		<feat xlink:href="#sSpan2469" value="ⲉⲙⲁⲧⲉ"/>
		<feat xlink:href="#sSpan2474" value="ϩⲛ"/>
		<feat xlink:href="#sSpan2478" value="ϩⲉⲛ"/>
		<feat xlink:href="#sSpan2482" value="ⲙⲛⲧⲥⲟϭ"/>
		<feat xlink:href="#sSpan2486" value="·"/>
		<feat xlink:href="#sSpan2490" value="ⲉ"/>
		<feat xlink:href="#sSpan2494" value="ⲩ"/>
		<feat xlink:href="#sSpan2496" value="ⲧⲛⲧⲱⲛ"/>
		<feat xlink:href="#sSpan2499" value="ⲉ"/>
		<feat xlink:href="#sSpan2503" value="ϩⲉⲛ"/>
		<feat xlink:href="#sSpan2507" value="ⲛⲩⲕⲧⲉⲣⲓⲥ"/>
		<feat xlink:href="#sSpan2510" value="·"/>
		<feat xlink:href="#sSpan2514" value="ⲁⲩⲱ"/>
		<feat xlink:href="#sSpan2522" value="ⲛ"/>
		<feat xlink:href="#sSpan2526" value="ⲧ"/>
		<feat xlink:href="#sSpan2528" value="ϩⲉ"/>
		<feat xlink:href="#sSpan2530" value="ⲉⲧⲉ"/>
		<feat xlink:href="#sSpan2534" value="ϣⲁ"/>
		<feat xlink:href="#sSpan2537" value="ⲩ"/>
		<feat xlink:href="#sSpan2539" value="ⲣⲱϩⲧ"/>
		<feat xlink:href="#sSpan2541" value="ⲉ"/>
		<feat xlink:href="#sSpan2545" value="ⲡ"/>
		<feat xlink:href="#sSpan2549" value="ⲉⲥⲏⲧ"/>
		<feat xlink:href="#sSpan2552" value="ⲏ"/>
		<feat xlink:href="#sSpan2556" value="ⲛ"/>
		<feat xlink:href="#sSpan2560" value="ⲥⲉ"/>
		<feat xlink:href="#sSpan2563" value="ⲡⲱⲧ"/>
		<feat xlink:href="#sSpan2565" value="ⲉϩⲟⲩⲛ"/>
		<feat xlink:href="#sSpan2569" value="ⲉ"/>
		<feat xlink:href="#sSpan2574" value="ⲡ"/>
		<feat xlink:href="#sSpan2577" value="ⲕⲁⲕⲉ"/>
		<feat xlink:href="#sSpan2579" value="·"/>
		<feat xlink:href="#sSpan2584" value="ⲏ"/>
		<feat xlink:href="#sSpan2588" value="ⲉϩⲣⲁⲓ"/>
		<feat xlink:href="#sSpan2593" value="ⲉ"/>
		<feat xlink:href="#sSpan2597" value="ϩⲉⲛ"/>
		<feat xlink:href="#sSpan2600" value="ⲙⲁ"/>
		<feat xlink:href="#sSpan2602" value="ⲉ"/>
		<feat xlink:href="#sSpan2607" value="ⲩ"/>
		<feat xlink:href="#sSpan2609" value="ϣⲟⲕϩ"/>
		<feat xlink:href="#sSpan2611" value="ⲛϭⲓ"/>
		<feat xlink:href="#sSpan2615" value="ϩⲉⲛ"/>
		<feat xlink:href="#sSpan2620" value="ⲛⲩⲕⲧⲉⲣⲓⲥ"/>
		<feat xlink:href="#sSpan2623" value="ⲉⲧⲉ"/>
		<feat xlink:href="#sSpan2628" value="ϭⲓⲛϭⲗⲱ"/>
		<feat xlink:href="#sSpan2631" value="ⲡⲉ"/>
		<feat xlink:href="#sSpan2636" value="·"/>
		<feat xlink:href="#sSpan2641" value="ϩⲟⲧⲁⲛ"/>
		<feat xlink:href="#sSpan2645" value="ⲉⲩϣⲁⲛ"/>
		<feat xlink:href="#sSpan2650" value="ⲛⲁⲩ"/>
		<feat xlink:href="#sSpan2652" value="ⲉ"/>
		<feat xlink:href="#sSpan2656" value="ⲡ"/>
		<feat xlink:href="#sSpan2660" value="ⲟⲩⲟⲉⲓⲛ"/>
		<feat xlink:href="#sSpan2662" value="ⲙ"/>
		<feat xlink:href="#sSpan2666" value="ⲡ"/>
		<feat xlink:href="#sSpan2670" value="ϣⲁϩ"/>
		<feat xlink:href="#sSpan2672" value="ⲛ"/>
		<feat xlink:href="#sSpan2676" value="ϩⲉⲛ"/>
		<feat xlink:href="#sSpan2679" value="ϩⲏⲃⲥ"/>
		<feat xlink:href="#sSpan2682" value="ⲙⲛ"/>
		<feat xlink:href="#sSpan2686" value="ⲡ"/>
		<feat xlink:href="#sSpan2689" value="ⲟⲩⲟⲉⲓⲛ"/>
		<feat xlink:href="#sSpan2692" value="ⲙ"/>
		<feat xlink:href="#sSpan2696" value="ⲡⲉ"/>
		<feat xlink:href="#sSpan2699" value="ϩⲟⲟⲩ"/>
		<feat xlink:href="#sSpan2702" value="·"/>
		<feat xlink:href="#sSpan2706" value="ⲧⲁⲓ"/>
		<feat xlink:href="#sSpan2714" value="ⲟⲛ"/>
		<feat xlink:href="#sSpan2719" value="ⲧⲉ"/>
		<feat xlink:href="#sSpan2724" value="ⲧ"/>
		<feat xlink:href="#sSpan2728" value="ϩⲉ"/>
		<feat xlink:href="#sSpan2730" value="ⲉⲧⲉⲣⲉ"/>
		<feat xlink:href="#sSpan2734" value="ⲛ"/>
		<feat xlink:href="#sSpan2738" value="ⲁⲧϩⲏⲧ"/>
		<feat xlink:href="#sSpan2742" value="ⲙⲛ"/>
		<feat xlink:href="#sSpan2746" value="ⲛ"/>
		<feat xlink:href="#sSpan2750" value="ⲉⲧ"/>
		<feat xlink:href="#sSpan2753" value="ⲣϩⲟⲩⲟ"/>
		<feat xlink:href="#sSpan2756" value="ⲉⲙⲁⲧⲉ"/>
		<feat xlink:href="#sSpan2761" value="ϩⲛ"/>
		<feat xlink:href="#sSpan2765" value="ϩⲉⲛ"/>
		<feat xlink:href="#sSpan2769" value="ⲙⲛⲧⲥⲟϭ"/>
		<feat xlink:href="#sSpan2773" value="ⲛⲁ"/>
		<feat xlink:href="#sSpan2777" value="ⲣⲱϩⲧ"/>
		<feat xlink:href="#sSpan2780" value="ⲉ"/>
		<feat xlink:href="#sSpan2784" value="ⲡ"/>
		<feat xlink:href="#sSpan2786" value="ⲉⲥⲏⲧ"/>
		<feat xlink:href="#sSpan2791" value="ⲏ"/>
		<feat xlink:href="#sSpan2795" value="ⲉϩⲣⲁⲓ"/>
		<feat xlink:href="#sSpan2799" value="ⲉ"/>
		<feat xlink:href="#sSpan2803" value="ⲛⲉⲩ"/>
		<feat xlink:href="#sSpan2808" value="ⲡⲁⲑⲟⲥ"/>
		<feat xlink:href="#sSpan2810" value="ⲙⲛ"/>
		<feat xlink:href="#sSpan2814" value="ⲛⲉⲩ"/>
		<feat xlink:href="#sSpan2819" value="ⲟⲩⲱϣ"/>
		<feat xlink:href="#sSpan2821" value="·"/>
		<feat xlink:href="#sSpan2825" value="ⲙⲛ"/>
		<feat xlink:href="#sSpan2830" value="ⲡ"/>
		<feat xlink:href="#sSpan2833" value="ⲕⲁⲕⲉ"/>
		<feat xlink:href="#sSpan2835" value="ⲙ"/>
		<feat xlink:href="#sSpan2839" value="ⲡⲉⲩ"/>
		<feat xlink:href="#sSpan2844" value="ⲥⲟⲟⲩⲛ"/>
		<feat xlink:href="#sSpan2846" value="ⲛ"/>
		<feat xlink:href="#sSpan2850" value="ⲛⲟⲩϫ"/>
		<feat xlink:href="#sSpan2853" value="ⲛⲛⲁϩⲣⲛ"/>
		<feat xlink:href="#sSpan2857" value="ⲛ"/>
		<feat xlink:href="#sSpan2861" value="ϣⲁϫⲉ"/>
		<feat xlink:href="#sSpan2863" value="ⲧⲏⲣ"/>
		<feat xlink:href="#sSpan2867" value="ⲟⲩ"/>
		<feat xlink:href="#sSpan2869" value="ⲙ"/>
		<feat xlink:href="#sSpan2874" value="ⲡⲉⲛ"/>
		<feat xlink:href="#sSpan2877" value="ϫⲟⲉⲓⲥ"/>
		<feat xlink:href="#sSpan2879" value="·"/>
		<feat xlink:href="#sSpan2884" value="ⲉⲓⲧⲉ"/>
		<feat xlink:href="#sSpan2889" value="ⲛ"/>
		<feat xlink:href="#sSpan2894" value="ⲉⲃⲟⲗ"/>
		<feat xlink:href="#sSpan2897" value="ϩⲛ"/>
		<feat xlink:href="#sSpan2901" value="ⲛⲉ"/>
		<feat xlink:href="#sSpan2906" value="ⲅⲣⲁⲫⲏ"/>
		<feat xlink:href="#sSpan2908" value="·"/>
		<feat xlink:href="#sSpan2913" value="ⲉⲓⲧⲉ"/>
		<feat xlink:href="#sSpan2921" value="ⲛ"/>
		<feat xlink:href="#sSpan2926" value="ⲉⲃⲟⲗ"/>
		<feat xlink:href="#sSpan2929" value="ϩⲛ"/>
		<feat xlink:href="#sSpan2933" value="ⲧⲉⲓ"/>
		<feat xlink:href="#sSpan2937" value="ⲉⲡⲓⲥⲧⲟⲗⲏ"/>
		<feat xlink:href="#sSpan2939" value="ⲙⲙⲁⲧⲉ"/>
		<feat xlink:href="#sSpan2944" value="ⲁⲛ"/>
		<feat xlink:href="#sSpan2948" value="·"/>
		<feat xlink:href="#sSpan2953" value="ⲁⲗⲗⲁ"/>
		<feat xlink:href="#sSpan2958" value="ⲛⲛⲁϩⲣⲛ"/>
		<feat xlink:href="#sSpan2962" value="ⲛ"/>
		<feat xlink:href="#sSpan2965" value="ⲕⲟⲟⲩⲉ"/>
		<feat xlink:href="#sSpan2968" value="ⲧⲏⲣ"/>
		<feat xlink:href="#sSpan2972" value="ⲟⲩ"/>
		<feat xlink:href="#sSpan2974" value="ⲉⲧ"/>
		<feat xlink:href="#sSpan2979" value="ⲥⲏϩ"/>
		<feat xlink:href="#sSpan2981" value="ϩⲣⲁⲓ"/>
		<feat xlink:href="#sSpan2986" value="ϩⲛ"/>
		<feat xlink:href="#sSpan2990" value="ⲛⲉⲓ"/>
		<feat xlink:href="#sSpan2995" value="ⲭⲁⲣⲧⲏⲥ"/>
		<feat xlink:href="#sSpan2997" value="ⲉⲧ"/>
		<feat xlink:href="#sSpan3001" value="ⲥⲏϩ"/>
		<feat xlink:href="#sSpan3004" value="ϫⲓⲛ"/>
		<feat xlink:href="#sSpan3008" value="ⲛ"/>
		<feat xlink:href="#sSpan3010" value="ϣⲟⲣⲡ"/>
		<feat xlink:href="#sSpan3014" value="ⲡⲁⲗⲓⲛ"/>
		<feat xlink:href="#sSpan3023" value="ⲇⲉ"/>
		<feat xlink:href="#sSpan3028" value="ⲟⲛ"/>
		<feat xlink:href="#sSpan3032" value="ⲉ"/>
		<feat xlink:href="#sSpan3036" value="ⲩ"/>
		<feat xlink:href="#sSpan3038" value="ⲧⲛⲧⲱⲛ"/>
		<feat xlink:href="#sSpan3041" value="ⲛϭⲓ"/>
		<feat xlink:href="#sSpan3045" value="ⲛ"/>
		<feat xlink:href="#sSpan3048" value="ϣⲁϫⲉ"/>
		<feat xlink:href="#sSpan3051" value="ⲉⲧ"/>
		<feat xlink:href="#sSpan3055" value="ⲟⲩⲁⲁⲃ"/>
		<feat xlink:href="#sSpan3058" value="ⲛⲧⲉ"/>
		<feat xlink:href="#sSpan3062" value="ⲡⲉⲛ"/>
		<feat xlink:href="#sSpan3065" value="ϫⲟⲉⲓⲥ"/>
		<feat xlink:href="#sSpan3069" value="ⲓⲏⲥⲟⲩⲥ"/>
		<feat xlink:href="#sSpan3073" value="ⲉ"/>
		<feat xlink:href="#sSpan3077" value="ⲡ"/>
		<feat xlink:href="#sSpan3080" value="ⲟⲩⲟⲉⲓⲛ"/>
		<feat xlink:href="#sSpan3083" value="ⲛ"/>
		<feat xlink:href="#sSpan3087" value="ϩⲉⲛ"/>
		<feat xlink:href="#sSpan3090" value="ϩⲏⲃⲥ"/>
		<feat xlink:href="#sSpan3093" value="ⲉ"/>
		<feat xlink:href="#sSpan3097" value="ⲩ"/>
		<feat xlink:href="#sSpan3099" value="ϩⲛ"/>
		<feat xlink:href="#sSpan3101" value="ⲛ"/>
		<feat xlink:href="#sSpan3104" value="ϭⲓϫ"/>
		<feat xlink:href="#sSpan3106" value="ⲛ"/>
		<feat xlink:href="#sSpan3111" value="ⲟⲩ"/>
		<feat xlink:href="#sSpan3114" value="ⲣⲱⲙⲉ"/>
		<feat xlink:href="#sSpan3116" value="ⲛ"/>
		<feat xlink:href="#sSpan3121" value="ⲥⲁⲃⲉ"/>
		<feat xlink:href="#sSpan3124" value="·"/>
		<feat xlink:href="#sSpan3128" value="ⲉ"/>
		<feat xlink:href="#sSpan3135" value="ⲩ"/>
		<feat xlink:href="#sSpan3138" value="ⲣⲟⲩⲟⲉⲓⲛ"/>
		<feat xlink:href="#sSpan3142" value="ⲉⲣⲟ"/>
		<feat xlink:href="#sSpan3146" value="ϥ"/>
		<feat xlink:href="#sSpan3148" value="ϩⲛ"/>
		<feat xlink:href="#sSpan3152" value="ϩⲉⲛ"/>
		<feat xlink:href="#sSpan3156" value="ⲙⲁ"/>
		<feat xlink:href="#sSpan3158" value="ⲛ"/>
		<feat xlink:href="#sSpan3162" value="ⲕⲁⲕⲉ"/>
		<feat xlink:href="#sSpan3165" value="ⲉ"/>
		<feat xlink:href="#sSpan3170" value="ϥ"/>
		<feat xlink:href="#sSpan3172" value="ⲉⲓⲣⲉ"/>
		<feat xlink:href="#sSpan3175" value="ⲛ"/>
		<feat xlink:href="#sSpan3179" value="ⲛⲉϥ"/>
		<feat xlink:href="#sSpan3182" value="ϩⲃⲏⲩⲉ"/>
		<feat xlink:href="#sSpan3185" value="·"/>
		<feat xlink:href="#sSpan3190" value="ⲕⲁⲧⲁ"/>
		<feat xlink:href="#sSpan3195" value="ⲧ"/>
		<feat xlink:href="#sSpan3200" value="ϩⲉ"/>
		<feat xlink:href="#sSpan3202" value="ⲉⲧ"/>
		<feat xlink:href="#sSpan3206" value="ⲥⲏϩ"/>
		<feat xlink:href="#sSpan3208" value="ϫⲉ"/>
		<feat xlink:href="#sSpan3216" value="ⲡ"/>
		<feat xlink:href="#sSpan3220" value="ϩⲏⲃⲥ"/>
		<feat xlink:href="#sSpan3222" value="ⲛ"/>
		<feat xlink:href="#sSpan3226" value="ⲛⲁ"/>
		<feat xlink:href="#sSpan3229" value="ⲟⲩⲉⲣⲏⲧⲉ"/>
		<feat xlink:href="#sSpan3232" value=":"/>
		<feat xlink:href="#sSpan3236" value="ⲉ"/>
		<feat xlink:href="#sSpan3240" value="ⲡⲉⲕ"/>
		<feat xlink:href="#sSpan3244" value="ϣⲁϫⲉ"/>
		<feat xlink:href="#sSpan3247" value="ⲁⲩⲱ"/>
		<feat xlink:href="#sSpan3255" value="ⲉ"/>
		<feat xlink:href="#sSpan3260" value="ⲩ"/>
		<feat xlink:href="#sSpan3262" value="ⲧⲛⲧⲱⲛ"/>
		<feat xlink:href="#sSpan3264" value="ⲉ"/>
		<feat xlink:href="#sSpan3268" value="ⲡ"/>
		<feat xlink:href="#sSpan3271" value="ⲟⲩⲟⲉⲓⲛ"/>
		<feat xlink:href="#sSpan3274" value="ⲙ"/>
		<feat xlink:href="#sSpan3278" value="ⲡⲉ"/>
		<feat xlink:href="#sSpan3281" value="ϩⲟⲟⲩ"/>
		<feat xlink:href="#sSpan3284" value="·"/>
		<feat xlink:href="#sSpan3288" value="ⲁⲩⲱ"/>
		<feat xlink:href="#sSpan3295" value="ⲡ"/>
		<feat xlink:href="#sSpan3300" value="ⲉⲧ"/>
		<feat xlink:href="#sSpan3302" value="ϯ"/>
		<feat xlink:href="#sSpan3305" value="ⲛ"/>
		<feat xlink:href="#sSpan3309" value="ϩⲧⲏ"/>
		<feat xlink:href="#sSpan3311" value="ϥ"/>
		<feat xlink:href="#sSpan3313" value="ⲉⲣⲟ"/>
		<feat xlink:href="#sSpan3317" value="ⲟⲩ"/>
		<feat xlink:href="#sSpan3320" value="ⲛ"/>
		<feat xlink:href="#sSpan3324" value="ϥ"/>
		<feat xlink:href="#sSpan3326" value="ⲛⲁ"/>
		<feat xlink:href="#sSpan3329" value="ϫⲓϫⲣⲟⲡ"/>
		<feat xlink:href="#sSpan3333" value="ⲁⲛ"/>
		<feat xlink:href="#sSpan3338" value="ⲕⲁⲧⲁ"/>
		<feat xlink:href="#sSpan3342" value="ⲛⲉ"/>
		<feat xlink:href="#sSpan3347" value="ⲅⲣⲁⲫⲏ"/>
		<feat xlink:href="#sSpan3349" value="ϫⲉ"/>
		<feat xlink:href="#sSpan3357" value="ⲡ"/>
		<feat xlink:href="#sSpan3361" value="ⲉⲧ"/>
		<feat xlink:href="#sSpan3363" value="ⲙⲟⲟϣⲉ"/>
		<feat xlink:href="#sSpan3366" value="ϩⲛ"/>
		<feat xlink:href="#sSpan3371" value="ⲡⲉ"/>
		<feat xlink:href="#sSpan3375" value="ϩⲟⲟⲩ"/>
		<feat xlink:href="#sSpan3377" value="·"/>
		<feat xlink:href="#sSpan3381" value="ⲙⲉ"/>
		<feat xlink:href="#sSpan3386" value="ϥ"/>
		<feat xlink:href="#sSpan3389" value="ϫⲓϫⲣⲟⲡ"/>
		<feat xlink:href="#sSpan3392" value="·"/>
		<feat xlink:href="#sSpan3398" value="ⲉⲧⲃⲉ"/>
		<feat xlink:href="#sSpan3407" value="ⲡⲁⲓ"/>
		<feat xlink:href="#sSpan3410" value="ⲛⲁⲓⲁⲧ"/>
		<feat xlink:href="#sSpan3415" value="ⲟⲩ"/>
		<feat xlink:href="#sSpan3417" value="ⲛ"/>
		<feat xlink:href="#sSpan3421" value="ⲛ"/>
		<feat xlink:href="#sSpan3425" value="ϣⲏⲣⲉ"/>
		<feat xlink:href="#sSpan3427" value="ⲙ"/>
		<feat xlink:href="#sSpan3432" value="ⲡ"/>
		<feat xlink:href="#sSpan3435" value="ⲟⲩⲟⲉⲓⲛ"/>
		<feat xlink:href="#sSpan3437" value="ⲉⲧⲉ"/>
		<feat xlink:href="#sSpan3442" value="ⲛ"/>
		<feat xlink:href="#sSpan3445" value="ⲉⲧ"/>
		<feat xlink:href="#sSpan3447" value="ⲙⲟⲟϣⲉ"/>
		<feat xlink:href="#sSpan3450" value="ⲛⲉ"/>
		<feat xlink:href="#sSpan3454" value="ϩⲛ"/>
		<feat xlink:href="#sSpan3458" value="ⲧ"/>
		<feat xlink:href="#sSpan3463" value="ⲡⲁⲣⲣⲏⲥⲓⲁ"/>
		<feat xlink:href="#sSpan3466" value="ⲛ"/>
		<feat xlink:href="#sSpan3471" value="ϩⲩⲡⲟⲧⲁⲅⲏ"/>
		<feat xlink:href="#sSpan3475" value="ⲛⲓⲙ"/>
		<feat xlink:href="#sSpan3479" value="ϩⲓ"/>
		<feat xlink:href="#sSpan3484" value="ⲙⲛⲧⲥⲧⲙⲏⲧ"/>
		<feat xlink:href="#sSpan3489" value="ⲛⲓⲙ"/>
		<feat xlink:href="#sSpan3494" value="ϩⲓ"/>
		<feat xlink:href="#sSpan3498" value="ϩⲱⲃ"/>
		<feat xlink:href="#sSpan3502" value="ⲛⲓⲙ"/>
		<feat xlink:href="#sSpan3506" value="ⲛ"/>
		<feat xlink:href="#sSpan3512" value="ⲁⲅⲁⲑⲟⲛ"/>
		<feat xlink:href="#sSpan3515" value="ⲟⲩⲟⲓ"/>
		<feat xlink:href="#sSpan3525" value="ⲇⲉ"/>
		<feat xlink:href="#sSpan3529" value="ⲛ"/>
		<feat xlink:href="#sSpan3533" value="ⲛ"/>
		<feat xlink:href="#sSpan3536" value="ϣⲏⲣⲉ"/>
		<feat xlink:href="#sSpan3539" value="ⲙ"/>
		<feat xlink:href="#sSpan3543" value="ⲡ"/>
		<feat xlink:href="#sSpan3546" value="ⲕⲁⲕⲉ"/>
		<feat xlink:href="#sSpan3548" value="ⲉⲧⲉ"/>
		<feat xlink:href="#sSpan3553" value="ⲛ"/>
		<feat xlink:href="#sSpan3556" value="ⲉⲧ"/>
		<feat xlink:href="#sSpan3558" value="ⲙⲟⲟϣⲉ"/>
		<feat xlink:href="#sSpan3561" value="ⲛⲉ"/>
		<feat xlink:href="#sSpan3565" value="ϩⲛ"/>
		<feat xlink:href="#sSpan3570" value="ⲙⲛⲧⲁⲧⲥⲱⲧⲙ"/>
		<feat xlink:href="#sSpan3576" value="ⲛⲓⲙ"/>
		<feat xlink:href="#sSpan3581" value="ϩⲓ"/>
		<feat xlink:href="#sSpan3586" value="ⲙⲛⲧⲁⲧⲥⲃⲱ"/>
		<feat xlink:href="#sSpan3592" value="ⲛⲓⲙ"/>
		<feat xlink:href="#sSpan3596" value="·"/>
		<feat xlink:href="#sSpan3600" value="ⲉ"/>
		<feat xlink:href="#sSpan3607" value="ⲩ"/>
		<feat xlink:href="#sSpan3610" value="ⲡⲏⲧ"/>
		<feat xlink:href="#sSpan3614" value="ⲉϩⲟⲩⲛ"/>
		<feat xlink:href="#sSpan3619" value="ⲏ"/>
		<feat xlink:href="#sSpan3623" value="ⲉϩⲣⲁⲓ"/>
		<feat xlink:href="#sSpan3628" value="ⲉ"/>
		<feat xlink:href="#sSpan3632" value="ⲡ"/>
		<feat xlink:href="#sSpan3635" value="ⲕⲁⲕⲉ"/>
		<feat xlink:href="#sSpan3637" value="ⲛ"/>
		<feat xlink:href="#sSpan3642" value="ϩⲱⲃ"/>
		<feat xlink:href="#sSpan3646" value="ⲛⲓⲙ"/>
		<feat xlink:href="#sSpan3650" value="ⲉ"/>
		<feat xlink:href="#sSpan3654" value="ϥ"/>
		<feat xlink:href="#sSpan3656" value="ϩⲟⲟⲩ"/>
		<feat xlink:href="#sSpan3659" value="ⲛ"/>
		<feat xlink:href="#sSpan3663" value="ⲧ"/>
		<feat xlink:href="#sSpan3665" value="ϩⲉ"/>
		<feat xlink:href="#sSpan3667" value="ⲛ"/>
		<feat xlink:href="#sSpan3671" value="ⲛ"/>
		<feat xlink:href="#sSpan3675" value="ⲛⲩⲕⲧⲉⲣⲓⲥ"/>
		<feat xlink:href="#sSpan3678" value="ⲉⲧ"/>
		<feat xlink:href="#sSpan3682" value="ⲡⲏⲧ"/>
		<feat xlink:href="#sSpan3685" value="ⲉϩⲟⲩⲛ"/>
		<feat xlink:href="#sSpan3690" value="ⲏ"/>
		<feat xlink:href="#sSpan3694" value="ⲉϩⲣⲁⲓ"/>
		<feat xlink:href="#sSpan3699" value="ⲉ"/>
		<feat xlink:href="#sSpan3703" value="ϩⲉⲛ"/>
		<feat xlink:href="#sSpan3706" value="ⲙⲁ"/>
		<feat xlink:href="#sSpan3708" value="ⲛ"/>
		<feat xlink:href="#sSpan3713" value="ⲕⲁⲕⲉ"/>
		<feat xlink:href="#sSpan3716" value="ⲉ"/>
		<feat xlink:href="#sSpan3720" value="ⲩ"/>
		<feat xlink:href="#sSpan3722" value="ϣⲟⲕϩ"/>
		<feat xlink:href="#sSpan3725" value="ⲉⲙⲁⲧⲉ"/>
		<feat xlink:href="#sSpan3729" value="·"/>
		<feat xlink:href="#sSpan3734" value="ⲁϩⲣⲟ"/>
		<feat xlink:href="#sSpan3743" value="ϥ"/>
		<feat xlink:href="#sSpan3745" value="ⲁ"/>
		<feat xlink:href="#sSpan3749" value="ϥ"/>
		<feat xlink:href="#sSpan3751" value="ϫⲟⲟ"/>
		<feat xlink:href="#sSpan3753" value="ⲥ"/>
		<feat xlink:href="#sSpan3755" value="ⲛϭⲓ"/>
		<feat xlink:href="#sSpan3760" value="ⲡ"/>
		<feat xlink:href="#sSpan3763" value="ϫⲟⲉⲓⲥ"/>
		<feat xlink:href="#sSpan3765" value="ⲡ"/>
		<feat xlink:href="#sSpan3770" value="ⲛⲟⲩⲧⲉ"/>
		<feat xlink:href="#sSpan3772" value="ⲉⲃⲟⲗ"/>
		<feat xlink:href="#sSpan3778" value="ϩⲓⲧⲟⲟⲧ"/>
		<feat xlink:href="#sSpan3783" value="ⲟⲩ"/>
		<feat xlink:href="#sSpan3785" value="ⲛ"/>
		<feat xlink:href="#sSpan3789" value="ⲛⲉϥ"/>
		<feat xlink:href="#sSpan3794" value="ⲡⲉⲧⲟⲩⲁⲁⲃ"/>
		<feat xlink:href="#sSpan3799" value="ϫⲉ"/>
		<feat xlink:href="#sSpan3807" value="ⲉⲣϣⲁⲛ"/>
		<feat xlink:href="#sSpan3809" value="ⲡⲉⲕ"/>
		<feat xlink:href="#sSpan3813" value="ϫⲁϫⲉ"/>
		<feat xlink:href="#sSpan3815" value="ϩⲕⲟ"/>
		<feat xlink:href="#sSpan3820" value="ⲙⲁ"/>
		<feat xlink:href="#sSpan3825" value="ⲧⲙⲙⲟ"/>
		<feat xlink:href="#sSpan3827" value="ϥ"/>
		<feat xlink:href="#sSpan3829" value="ⲁⲩⲱ"/>
		<feat xlink:href="#sSpan3834" value="ⲉϥϣⲁⲛ"/>
		<feat xlink:href="#sSpan3838" value="ⲉⲓⲃⲉ"/>
		<feat xlink:href="#sSpan3841" value="ⲙⲁ"/>
		<feat xlink:href="#sSpan3845" value="ⲧⲥⲟ"/>
		<feat xlink:href="#sSpan3847" value="ϥ"/>
		<feat xlink:href="#sSpan3850" value="ⲉⲧⲃⲉ"/>
		<feat xlink:href="#sSpan3859" value="ⲟⲩ"/>
		<feat xlink:href="#sSpan3861" value="ϩⲱⲱ"/>
		<feat xlink:href="#sSpan3865" value="ϥ"/>
		<feat xlink:href="#sSpan3867" value="ⲁ"/>
		<feat xlink:href="#sSpan3872" value="ϥ"/>
		<feat xlink:href="#sSpan3874" value="ϫⲟⲟ"/>
		<feat xlink:href="#sSpan3876" value="ⲥ"/>
		<feat xlink:href="#sSpan3878" value="ϫⲉ"/>
		<feat xlink:href="#sSpan3886" value="ⲉⲣϣⲁⲛ"/>
		<feat xlink:href="#sSpan3889" value="ⲧⲙ"/>
		<feat xlink:href="#sSpan3891" value="ⲡⲉⲕ"/>
		<feat xlink:href="#sSpan3894" value="ⲥⲟⲛ"/>
		<feat xlink:href="#sSpan3897" value="ⲥⲱⲧⲙ"/>
		<feat xlink:href="#sSpan3901" value="ⲛⲥⲱ"/>
		<feat xlink:href="#sSpan3906" value="ⲕ"/>
		<feat xlink:href="#sSpan3908" value="ⲙⲁⲣⲉ"/>
		<feat xlink:href="#sSpan3912" value="ϥ"/>
		<feat xlink:href="#sSpan3914" value="ϣⲱⲡⲉ"/>
		<feat xlink:href="#sSpan3917" value="ⲛⲁ"/>
		<feat xlink:href="#sSpan3921" value="ⲕ"/>
		<feat xlink:href="#sSpan3923" value="ⲛ"/>
		<feat xlink:href="#sSpan3927" value="ⲧ"/>
		<feat xlink:href="#sSpan3930" value="ϩⲉ"/>
		<feat xlink:href="#sSpan3932" value="ⲛ"/>
		<feat xlink:href="#sSpan3936" value="ⲟⲩ"/>
		<feat xlink:href="#sSpan3940" value="ϩⲉⲑⲛⲓⲕⲟⲥ"/>
		<feat xlink:href="#sSpan3943" value="ⲙⲛ"/>
		<feat xlink:href="#sSpan3947" value="ⲟⲩ"/>
		<feat xlink:href="#sSpan3951" value="ⲧⲉⲗⲱⲛⲏⲥ"/>
		<feat xlink:href="#sSpan3954" value="·"/>
		<feat xlink:href="#sSpan3959" value="ϩⲙ"/>
		<feat xlink:href="#sSpan3967" value="ⲡ"/>
		<feat xlink:href="#sSpan3970" value="ⲧⲣⲉ"/>
		<feat xlink:href="#sSpan3972" value="ϥ"/>
		<feat xlink:href="#sSpan3974" value="ϫⲟⲟ"/>
		<feat xlink:href="#sSpan3977" value="ⲥ"/>
		<feat xlink:href="#sSpan3980" value="ⲇⲉ"/>
		<feat xlink:href="#sSpan3984" value="ϫⲉ"/>
		<feat xlink:href="#sSpan3988" value="ⲣ"/>
		<feat xlink:href="#sSpan3991" value="ⲡⲉⲧⲛⲁⲛⲟⲩϥ"/>
		<feat xlink:href="#sSpan3998" value="ⲛⲓⲙ"/>
		<feat xlink:href="#sSpan4002" value="ⲛ"/>
		<feat xlink:href="#sSpan4010" value="ⲛⲉⲧⲛ"/>
		<feat xlink:href="#sSpan4013" value="ϫⲓϫⲉⲉⲩⲉ"/>
		<feat xlink:href="#sSpan4017" value="ⲕⲁⲧⲁ"/>
		<feat xlink:href="#sSpan4021" value="ⲧ"/>
		<feat xlink:href="#sSpan4025" value="ⲉⲛⲧⲟⲗⲏ"/>
		<feat xlink:href="#sSpan4028" value="·"/>
		<feat xlink:href="#sSpan4032" value="ⲉ"/>
		<feat xlink:href="#sSpan4039" value="ϥ"/>
		<feat xlink:href="#sSpan4041" value="ⲟⲩⲱϣ"/>
		<feat xlink:href="#sSpan4045" value="ⲉ"/>
		<feat xlink:href="#sSpan4049" value="ⲧⲣⲉ"/>
		<feat xlink:href="#sSpan4051" value="ⲡ"/>
		<feat xlink:href="#sSpan4055" value="ⲁⲅⲁⲑⲟⲥ"/>
		<feat xlink:href="#sSpan4058" value="ⲛ"/>
		<feat xlink:href="#sSpan4062" value="ⲣⲱⲙⲉ"/>
		<feat xlink:href="#sSpan4064" value="ⲛⲧⲉ"/>
		<feat xlink:href="#sSpan4069" value="ⲡ"/>
		<feat xlink:href="#sSpan4072" value="ⲛⲟⲩⲧⲉ"/>
		<feat xlink:href="#sSpan4075" value="ϫⲱⲕ"/>
		<feat xlink:href="#sSpan4080" value="ⲉⲃⲟⲗ"/>
		<feat xlink:href="#sSpan4084" value="ⲛ"/>
		<feat xlink:href="#sSpan4088" value="ⲟⲩ"/>
		<feat xlink:href="#sSpan4093" value="ⲙⲛⲧⲁⲅⲁⲑⲟⲥ"/>
		<feat xlink:href="#sSpan4098" value="ϩⲓⲧⲛ"/>
		<feat xlink:href="#sSpan4103" value="ⲧ"/>
		<feat xlink:href="#sSpan4107" value="ⲡⲟⲛⲏⲣⲓⲁ"/>
		<feat xlink:href="#sSpan4110" value="ⲙ"/>
		<feat xlink:href="#sSpan4114" value="ⲡ"/>
		<feat xlink:href="#sSpan4118" value="ⲡⲟⲛⲏⲣⲟⲥ"/>
		<feat xlink:href="#sSpan4121" value="ⲛ"/>
		<feat xlink:href="#sSpan4125" value="ⲣⲱⲙⲉ"/>
		<feat xlink:href="#sSpan4128" value="ⲉⲧ"/>
		<feat xlink:href="#sSpan4132" value="ⲏⲡ"/>
		<feat xlink:href="#sSpan4134" value="ⲉ"/>
		<feat xlink:href="#sSpan4138" value="ⲡ"/>
		<feat xlink:href="#sSpan4143" value="ⲣⲉϥⲣⲛⲟⲃⲉ"/>
		<feat xlink:href="#sSpan4147" value="ⲡ"/>
		<feat xlink:href="#sSpan4153" value="ⲥⲁⲧⲁⲛⲁⲥ"/>
		<feat xlink:href="#sSpan4157" value="ⲉⲡⲉⲓⲇⲏ"/>
		<feat xlink:href="#sSpan4165" value="ⲉ"/>
		<feat xlink:href="#sSpan4169" value="ⲡ"/>
		<feat xlink:href="#sSpan4172" value="ⲙⲁ"/>
		<feat xlink:href="#sSpan4174" value="ⲛ"/>
		<feat xlink:href="#sSpan4179" value="ⲧ"/>
		<feat xlink:href="#sSpan4183" value="ⲡⲟⲛⲏⲣⲓⲁ"/>
		<feat xlink:href="#sSpan4185" value="ⲙ"/>
		<feat xlink:href="#sSpan4190" value="ⲡ"/>
		<feat xlink:href="#sSpan4194" value="ⲡⲟⲛⲏⲣⲟⲥ"/>
		<feat xlink:href="#sSpan4196" value="ⲛ"/>
		<feat xlink:href="#sSpan4201" value="ⲣⲱⲙⲉ"/>
		<feat xlink:href="#sSpan4203" value="ϣⲁⲣⲉ"/>
		<feat xlink:href="#sSpan4208" value="ⲧ"/>
		<feat xlink:href="#sSpan4212" value="ⲙⲛⲧⲁⲅⲁⲑⲟⲥ"/>
		<feat xlink:href="#sSpan4217" value="ⲙ"/>
		<feat xlink:href="#sSpan4221" value="ⲡ"/>
		<feat xlink:href="#sSpan4225" value="ⲁⲅⲁⲑⲟⲥ"/>
		<feat xlink:href="#sSpan4228" value="ⲛ"/>
		<feat xlink:href="#sSpan4232" value="ⲣⲱⲙⲉ"/>
		<feat xlink:href="#sSpan4234" value="ϥⲓ"/>
		<feat xlink:href="#sSpan4240" value="ⲙⲙⲁⲩ"/>
		<feat xlink:href="#sSpan4244" value="ⲛ"/>
		<feat xlink:href="#sSpan4248" value="ⲧ"/>
		<feat xlink:href="#sSpan4252" value="ⲡⲟⲛⲏⲣⲓⲁ"/>
		<feat xlink:href="#sSpan4256" value="ⲙ"/>
		<feat xlink:href="#sSpan4260" value="ⲡ"/>
		<feat xlink:href="#sSpan4263" value="ⲣⲱⲙⲉ"/>
		<feat xlink:href="#sSpan4266" value="ⲛ"/>
		<feat xlink:href="#sSpan4270" value="ϫⲁϫⲉ"/>
		<feat xlink:href="#sSpan4272" value="·"/>
		<feat xlink:href="#sSpan4277" value="ϩⲙ"/>
		<feat xlink:href="#sSpan4286" value="ⲡ"/>
		<feat xlink:href="#sSpan4289" value="ⲧⲣⲉ"/>
		<feat xlink:href="#sSpan4291" value="ⲡ"/>
		<feat xlink:href="#sSpan4294" value="ⲣⲱⲙⲉ"/>
		<feat xlink:href="#sSpan4297" value="ⲧⲱⲱⲃⲉ"/>
		<feat xlink:href="#sSpan4301" value="ⲛ"/>
		<feat xlink:href="#sSpan4306" value="ⲟⲩ"/>
		<feat xlink:href="#sSpan4310" value="ⲡⲉⲧⲛⲁⲛⲟⲩϥ"/>
		<feat xlink:href="#sSpan4316" value="ⲉ"/>
		<feat xlink:href="#sSpan4320" value="ⲡ"/>
		<feat xlink:href="#sSpan4322" value="ⲙⲁ"/>
		<feat xlink:href="#sSpan4324" value="ⲛ"/>
		<feat xlink:href="#sSpan4329" value="ⲟⲩ"/>
		<feat xlink:href="#sSpan4333" value="ⲡⲉⲧϩⲟⲟⲩ"/>
		<feat xlink:href="#sSpan4337" value="ⲉ"/>
		<feat xlink:href="#sSpan4342" value="ϣⲁ"/>
		<feat xlink:href="#sSpan4344" value="ϥ"/>
		<feat xlink:href="#sSpan4346" value="ϫⲱⲕ"/>
		<feat xlink:href="#sSpan4348" value="ⲉⲃⲟⲗ"/>
		<feat xlink:href="#sSpan4353" value="ⲛ"/>
		<feat xlink:href="#sSpan4357" value="ⲧ"/>
		<feat xlink:href="#sSpan4361" value="ⲙⲛⲧⲛⲟⲩⲧⲉ"/>
		<feat xlink:href="#sSpan4366" value="ⲙ"/>
		<feat xlink:href="#sSpan4370" value="ⲡ"/>
		<feat xlink:href="#sSpan4373" value="ⲛⲟⲩⲧⲉ"/>
		<feat xlink:href="#sSpan4378" value="·"/>
		<feat xlink:href="#sSpan4382" value="ϩⲙ"/>
		<feat xlink:href="#sSpan4389" value="ⲡ"/>
		<feat xlink:href="#sSpan4392" value="ⲧⲣⲉ"/>
		<feat xlink:href="#sSpan4395" value="ⲡ"/>
		<feat xlink:href="#sSpan4399" value="ⲣⲱⲙⲉ"/>
		<feat xlink:href="#sSpan4402" value="ⲇⲉ"/>
		<feat xlink:href="#sSpan4406" value="ⲧⲱⲱⲃⲉ"/>
		<feat xlink:href="#sSpan4411" value="ⲛ"/>
		<feat xlink:href="#sSpan4415" value="ⲟⲩ"/>
		<feat xlink:href="#sSpan4419" value="ⲡⲉⲧϩⲟⲟⲩ"/>
		<feat xlink:href="#sSpan4424" value="ⲉ"/>
		<feat xlink:href="#sSpan4428" value="ⲡ"/>
		<feat xlink:href="#sSpan4430" value="ⲙⲁ"/>
		<feat xlink:href="#sSpan4432" value="ⲛ"/>
		<feat xlink:href="#sSpan4436" value="ⲟⲩ"/>
		<feat xlink:href="#sSpan4441" value="ⲡⲉⲧⲛⲁⲛⲟⲩϥ"/>
		<feat xlink:href="#sSpan4447" value="ⲉ"/>
		<feat xlink:href="#sSpan4451" value="ϣⲁ"/>
		<feat xlink:href="#sSpan4453" value="ϥ"/>
		<feat xlink:href="#sSpan4455" value="ϫⲱⲕ"/>
		<feat xlink:href="#sSpan4458" value="ⲉⲃⲟⲗ"/>
		<feat xlink:href="#sSpan4462" value="ⲛ"/>
		<feat xlink:href="#sSpan4466" value="ⲧ"/>
		<feat xlink:href="#sSpan4471" value="ⲙⲛⲧⲁⲧⲛⲟⲩⲧⲉ"/>
		<feat xlink:href="#sSpan4476" value="ⲙ"/>
		<feat xlink:href="#sSpan4480" value="ⲡ"/>
		<feat xlink:href="#sSpan4484" value="ⲁⲧⲛⲟⲩⲧⲉ"/>
		<feat xlink:href="#sSpan4488" value="ⲛ"/>
		<feat xlink:href="#sSpan4493" value="ⲇⲓⲁⲃⲟⲗⲟⲥ"/>
		<feat xlink:href="#sSpan4496" value="·"/>
		<feat xlink:href="#sSpan4501" value="ϩⲙ"/>
		<feat xlink:href="#sSpan4509" value="ⲡ"/>
		<feat xlink:href="#sSpan4512" value="ⲧⲣⲉ"/>
		<feat xlink:href="#sSpan4514" value="ϥ"/>
		<feat xlink:href="#sSpan4516" value="ϫⲟⲟ"/>
		<feat xlink:href="#sSpan4518" value="ⲥ"/>
		<feat xlink:href="#sSpan4522" value="ⲇⲉ"/>
		<feat xlink:href="#sSpan4526" value="ϫⲉ"/>
		<feat xlink:href="#sSpan4531" value="ⲉⲣϣⲁⲛ"/>
		<feat xlink:href="#sSpan4534" value="ⲧⲙ"/>
		<feat xlink:href="#sSpan4536" value="ⲡⲉⲕ"/>
		<feat xlink:href="#sSpan4539" value="ⲥⲟⲛ"/>
		<feat xlink:href="#sSpan4542" value="ⲥⲱⲧⲙ"/>
		<feat xlink:href="#sSpan4546" value="ⲛⲥⲱ"/>
		<feat xlink:href="#sSpan4551" value="ⲕ"/>
		<feat xlink:href="#sSpan4553" value="ⲙⲁⲣⲉ"/>
		<feat xlink:href="#sSpan4557" value="ϥ"/>
		<feat xlink:href="#sSpan4559" value="ϣⲱⲡⲉ"/>
		<feat xlink:href="#sSpan4562" value="ⲛⲁ"/>
		<feat xlink:href="#sSpan4566" value="ⲕ"/>
		<feat xlink:href="#sSpan4568" value="ⲉ"/>
		<feat xlink:href="#sSpan4573" value="ⲩ"/>
		<feat xlink:href="#sSpan4576" value="ϫⲁϫⲉ"/>
		<feat xlink:href="#sSpan4578" value="ⲛ"/>
		<feat xlink:href="#sSpan4582" value="ⲧ"/>
		<feat xlink:href="#sSpan4584" value="ϩⲉ"/>
		<feat xlink:href="#sSpan4586" value="ⲙ"/>
		<feat xlink:href="#sSpan4591" value="ⲡ"/>
		<feat xlink:href="#sSpan4594" value="ⲉⲧⲉ"/>
		<feat xlink:href="#sSpan4596" value="ⲙⲡ"/>
		<feat xlink:href="#sSpan4598" value="ⲕ"/>
		<feat xlink:href="#sSpan4600" value="ⲛⲁⲩ"/>
		<feat xlink:href="#sSpan4603" value="ⲉⲣⲟ"/>
		<feat xlink:href="#sSpan4607" value="ϥ"/>
		<feat xlink:href="#sSpan4609" value="ⲉⲛⲉϩ"/>
		<feat xlink:href="#sSpan4616" value="·"/>
		<feat xlink:href="#sSpan4620" value="ϣⲟⲣⲡ"/>
		<feat xlink:href="#sSpan4629" value="ⲙⲉⲛ"/>
		<feat xlink:href="#sSpan4634" value="ⲉ"/>
		<feat xlink:href="#sSpan4638" value="ϥ"/>
		<feat xlink:href="#sSpan4640" value="ⲟⲩⲱϣ"/>
		<feat xlink:href="#sSpan4642" value="ⲛϭⲓ"/>
		<feat xlink:href="#sSpan4647" value="ⲡ"/>
		<feat xlink:href="#sSpan4650" value="ϫⲟⲉⲓⲥ"/>
		<feat xlink:href="#sSpan4652" value="ⲉ"/>
		<feat xlink:href="#sSpan4657" value="ⲧⲣⲉ"/>
		<feat xlink:href="#sSpan4659" value="ⲛ"/>
		<feat xlink:href="#sSpan4661" value="ϣⲁⲁⲧ"/>
		<feat xlink:href="#sSpan4664" value="ϥ"/>
		<feat xlink:href="#sSpan4666" value="ⲉⲃⲟⲗ"/>
		<feat xlink:href="#sSpan4670" value="ⲙⲙⲟ"/>
		<feat xlink:href="#sSpan4675" value="ⲛ"/>
		<feat xlink:href="#sSpan4677" value="ⲙⲛⲛⲥⲁ"/>
		<feat xlink:href="#sSpan4684" value="ⲧⲣⲉ"/>
		<feat xlink:href="#sSpan4687" value="ⲛ"/>
		<feat xlink:href="#sSpan4689" value="ϫⲡⲓⲟ"/>
		<feat xlink:href="#sSpan4691" value="ϥ"/>
		<feat xlink:href="#sSpan4693" value="ϫⲉ"/>
		<feat xlink:href="#sSpan4698" value="ⲁⲣⲏⲩ"/>
		<feat xlink:href="#sSpan4700" value="ⲣⲱ"/>
		<feat xlink:href="#sSpan4704" value="ⲛ"/>
		<feat xlink:href="#sSpan4709" value="ϥ"/>
		<feat xlink:href="#sSpan4711" value="ⲣ"/>
		<feat xlink:href="#sSpan4713" value="ϩⲧⲏ"/>
		<feat xlink:href="#sSpan4715" value="ϥ"/>
		<feat xlink:href="#sSpan4717" value="ⲙⲛⲛⲥⲁ"/>
		<feat xlink:href="#sSpan4722" value="ⲧⲣⲉ"/>
		<feat xlink:href="#sSpan4724" value="ϥ"/>
		<feat xlink:href="#sSpan4726" value="ϣⲱⲡⲉ"/>
		<feat xlink:href="#sSpan4729" value="ⲛ"/>
		<feat xlink:href="#sSpan4733" value="ⲧ"/>
		<feat xlink:href="#sSpan4735" value="ϩⲉ"/>
		<feat xlink:href="#sSpan4737" value="ⲛ"/>
		<feat xlink:href="#sSpan4745" value="ⲟⲩ"/>
		<feat xlink:href="#sSpan4748" value="ϣⲙⲙⲟ"/>
		<feat xlink:href="#sSpan4750" value="ⲉⲧⲃⲉ"/>
		<feat xlink:href="#sSpan4755" value="ⲡ"/>
		<feat xlink:href="#sSpan4758" value="ⲛⲟⲩⲧⲉ"/>
		<feat xlink:href="#sSpan4760" value="ⲉ"/>
		<feat xlink:href="#sSpan4765" value="ⲡⲉⲛ"/>
		<feat xlink:href="#sSpan4768" value="ⲥⲟⲛ"/>
		<feat xlink:href="#sSpan4770" value="ⲡⲉ"/>
		<feat xlink:href="#sSpan4775" value="ⲁⲩⲱ"/>
		<feat xlink:href="#sSpan4784" value="ⲛ"/>
		<feat xlink:href="#sSpan4788" value="ϥ"/>
		<feat xlink:href="#sSpan4790" value="ⲕⲧⲟ"/>
		<feat xlink:href="#sSpan4792" value="ϥ"/>
		<feat xlink:href="#sSpan4794" value="ⲛ"/>
		<feat xlink:href="#sSpan4799" value="ϥ"/>
		<feat xlink:href="#sSpan4802" value="ⲙⲉⲧⲁⲛⲟⲉⲓ"/>
		<feat xlink:href="#sSpan4804" value="ⲛ"/>
		<feat xlink:href="#sSpan4809" value="ⲧⲛ"/>
		<feat xlink:href="#sSpan4811" value="ⲕⲱ"/>
		<feat xlink:href="#sSpan4813" value="ⲛⲁ"/>
		<feat xlink:href="#sSpan4817" value="ϥ"/>
		<feat xlink:href="#sSpan4819" value="ⲉⲃⲟⲗ"/>
		<feat xlink:href="#sSpan4824" value="ϣⲁ"/>
		<feat xlink:href="#sSpan4828" value="ⲥⲁϣϥ"/>
		<feat xlink:href="#sSpan4832" value="ⲛ"/>
		<feat xlink:href="#sSpan4837" value="ϣϥⲉ"/>
		<feat xlink:href="#sSpan4839" value="ⲛ"/>
		<feat xlink:href="#sSpan4843" value="ⲥⲟⲡ"/>
		<feat xlink:href="#sSpan4846" value="ϩⲟⲧⲁⲛ"/>
		<feat xlink:href="#sSpan4851" value="ⲉϥϣⲁⲛ"/>
		<feat xlink:href="#sSpan4855" value="ⲧⲙ"/>
		<feat xlink:href="#sSpan4858" value="ⲟⲩⲁϩⲙⲉ"/>
		<feat xlink:href="#sSpan4860" value="ϥ"/>
		<feat xlink:href="#sSpan4862" value="ⲉϩⲣⲁⲓ"/>
		<feat xlink:href="#sSpan4867" value="ⲉ"/>
		<feat xlink:href="#sSpan4871" value="ⲡ"/>
		<feat xlink:href="#sSpan4874" value="ⲛⲟⲃⲉ"/>
		<feat xlink:href="#sSpan4876" value="ⲉⲛⲧ"/>
		<feat xlink:href="#sSpan4881" value="ⲁ"/>
		<feat xlink:href="#sSpan4883" value="ⲛ"/>
		<feat xlink:href="#sSpan4885" value="ⲙⲉⲉⲩⲉ"/>
		<feat xlink:href="#sSpan4889" value="ⲉ"/>
		<feat xlink:href="#sSpan4894" value="ϣⲁⲁⲧ"/>
		<feat xlink:href="#sSpan4896" value="ϥ"/>
		<feat xlink:href="#sSpan4898" value="ⲉⲃⲟⲗ"/>
		<feat xlink:href="#sSpan4902" value="ⲙⲙⲟ"/>
		<feat xlink:href="#sSpan4907" value="ⲛ"/>
		<feat xlink:href="#sSpan4909" value="ⲉⲧⲃⲏⲏⲧ"/>
		<feat xlink:href="#sSpan4915" value="ϥ"/>
		<feat xlink:href="#sSpan4918" value="·"/>
		<feat xlink:href="#sSpan4923" value="ⲁⲗⲗⲁ"/>
		<feat xlink:href="#sSpan4931" value="ⲉϣⲱⲡⲉ"/>
		<feat xlink:href="#sSpan4936" value="ⲉϥϣⲁⲛ"/>
		<feat xlink:href="#sSpan4940" value="ⲧⲙ"/>
		<feat xlink:href="#sSpan4943" value="ⲣ"/>
		<feat xlink:href="#sSpan4945" value="ϩⲛⲁ"/>
		<feat xlink:href="#sSpan4947" value="ϥ"/>
		<feat xlink:href="#sSpan4949" value="ⲉ"/>
		<feat xlink:href="#sSpan4953" value="ⲕⲧⲟ"/>
		<feat xlink:href="#sSpan4956" value="ϥ"/>
		<feat xlink:href="#sSpan4958" value="ⲉⲃⲟⲗ"/>
		<feat xlink:href="#sSpan4963" value="ϩⲙ"/>
		<feat xlink:href="#sSpan4967" value="ⲡ"/>
		<feat xlink:href="#sSpan4970" value="ⲛⲟⲃⲉ"/>
		<feat xlink:href="#sSpan4973" value="ⲉⲛⲧ"/>
		<feat xlink:href="#sSpan4977" value="ⲁ"/>
		<feat xlink:href="#sSpan4979" value="ⲛ"/>
		<feat xlink:href="#sSpan4981" value="ⲙⲉⲉⲩⲉ"/>
		<feat xlink:href="#sSpan4984" value="ⲉ"/>
		<feat xlink:href="#sSpan4988" value="ϣⲁⲁⲧ"/>
		<feat xlink:href="#sSpan4990" value="ϥ"/>
		<feat xlink:href="#sSpan4992" value="ⲉⲃⲟⲗ"/>
		<feat xlink:href="#sSpan4997" value="ⲙⲙⲟ"/>
		<feat xlink:href="#sSpan5001" value="ⲛ"/>
		<feat xlink:href="#sSpan5003" value="ⲉⲧⲃⲏⲏⲧ"/>
		<feat xlink:href="#sSpan5008" value="ϥ"/>
		<feat xlink:href="#sSpan5010" value="ⲉ"/>
		<feat xlink:href="#sSpan5015" value="ⲛ"/>
		<feat xlink:href="#sSpan5017" value="ⲛⲁ"/>
		<feat xlink:href="#sSpan5019" value="ϣⲁⲁⲧ"/>
		<feat xlink:href="#sSpan5021" value="ϥ"/>
		<feat xlink:href="#sSpan5023" value="ⲉⲃⲟⲗ"/>
		<feat xlink:href="#sSpan5028" value="ⲙⲙⲟ"/>
		<feat xlink:href="#sSpan5032" value="ⲛ"/>
		<feat xlink:href="#sSpan5034" value="ⲁⲩⲱ"/>
		<feat xlink:href="#sSpan5039" value="ⲛⲛⲉ"/>
		<feat xlink:href="#sSpan5043" value="ϥ"/>
		<feat xlink:href="#sSpan5045" value="ⲕⲧⲟ"/>
		<feat xlink:href="#sSpan5048" value="ϥ"/>
		<feat xlink:href="#sSpan5050" value="ⲉⲣⲟ"/>
		<feat xlink:href="#sSpan5054" value="ⲛ"/>
		<feat xlink:href="#sSpan5056" value="ⲁⲩⲱ"/>
		<feat xlink:href="#sSpan5061" value="ⲛⲛⲉ"/>
		<feat xlink:href="#sSpan5065" value="ⲛ"/>
		<feat xlink:href="#sSpan5067" value="ⲙⲉⲣⲓⲧ"/>
		<feat xlink:href="#sSpan5070" value="ϥ"/>
		<feat xlink:href="#sSpan5073" value="ⲁⲗⲗⲁ"/>
		<feat xlink:href="#sSpan5080" value="ⲉϥⲉ"/>
		<feat xlink:href="#sSpan5084" value="ϣⲱⲡⲉ"/>
		<feat xlink:href="#sSpan5087" value="ⲛⲁ"/>
		<feat xlink:href="#sSpan5091" value="ⲛ"/>
		<feat xlink:href="#sSpan5093" value="ⲛ"/>
		<feat xlink:href="#sSpan5098" value="ⲟⲩ"/>
		<feat xlink:href="#sSpan5101" value="ϫⲁϫⲉ"/>
		<feat xlink:href="#sSpan5103" value="ⲉⲧⲃⲉ"/>
		<feat xlink:href="#sSpan5110" value="ⲡ"/>
		<feat xlink:href="#sSpan5113" value="ⲛⲟⲩⲧⲉ"/>
		<feat xlink:href="#sSpan5115" value="ⲉ"/>
		<feat xlink:href="#sSpan5119" value="ⲡⲉⲛ"/>
		<feat xlink:href="#sSpan5122" value="ⲥⲟⲛ"/>
		<feat xlink:href="#sSpan5124" value="ⲡⲉ"/>
		<feat xlink:href="#sSpan5129" value="ⲁⲩⲱ"/>
		<feat xlink:href="#sSpan5137" value="ⲛ"/>
		<feat xlink:href="#sSpan5141" value="ⲧⲉⲓ"/>
		<feat xlink:href="#sSpan5143" value="ϩⲉ"/>
		<feat xlink:href="#sSpan5145" value="ϣⲁⲣⲉ"/>
		<feat xlink:href="#sSpan5150" value="ⲡ"/>
		<feat xlink:href="#sSpan5154" value="ⲙⲁⲓⲛⲟⲩⲧⲉ"/>
		<feat xlink:href="#sSpan5158" value="ⲟⲩⲱⲛϩ"/>
		<feat xlink:href="#sSpan5163" value="ⲉⲃⲟⲗ"/>
		<feat xlink:href="#sSpan5168" value="ⲙ"/>
		<feat xlink:href="#sSpan5172" value="ⲡⲉϥ"/>
		<feat xlink:href="#sSpan5175" value="ⲟⲩⲱϣ"/>
		<feat xlink:href="#sSpan5178" value="ⲧⲏⲣ"/>
		<feat xlink:href="#sSpan5182" value="ϥ"/>
		<feat xlink:href="#sSpan5184" value="ⲉϩⲟⲩⲛ"/>
		<feat xlink:href="#sSpan5189" value="ⲉ"/>
		<feat xlink:href="#sSpan5193" value="ⲡ"/>
		<feat xlink:href="#sSpan5196" value="ϫⲟⲉⲓⲥ"/>
		<feat xlink:href="#sSpan5198" value="ϫⲉ"/>
		<feat xlink:href="#sSpan5204" value="ⲁ"/>
		<feat xlink:href="#sSpan5206" value="ϥ"/>
		<feat xlink:href="#sSpan5208" value="ⲙⲉⲣⲓⲧ"/>
		<feat xlink:href="#sSpan5210" value="ϥ"/>
		<feat xlink:href="#sSpan5212" value="ⲉ"/>
		<feat xlink:href="#sSpan5217" value="ϩⲟⲩo"/>
		<feat xlink:href="#sSpan5219" value="ⲉ"/>
		<feat xlink:href="#sSpan5223" value="ⲡⲉϥ"/>
		<feat xlink:href="#sSpan5226" value="ⲥⲟⲛ"/>
		<feat xlink:href="#sSpan5229" value="·"/>
		<feat xlink:href="#sSpan5233" value="ⲁⲩⲱ"/>
		<feat xlink:href="#sSpan5237" value="ⲛ"/>
		<feat xlink:href="#sSpan5241" value="ϩⲟⲩⲟ"/>
		<feat xlink:href="#sSpan5244" value="ⲉ"/>
		<feat xlink:href="#sSpan5248" value="ⲡⲉϥ"/>
		<feat xlink:href="#sSpan5251" value="ⲉⲓⲱⲧ"/>
		<feat xlink:href="#sSpan5254" value="ⲙⲛ"/>
		<feat xlink:href="#sSpan5258" value="ⲧⲉϥ"/>
		<feat xlink:href="#sSpan5262" value="ⲙⲁⲁⲩ"/>
		<feat xlink:href="#sSpan5265" value="·"/>
		<feat xlink:href="#sSpan5269" value="ⲟⲩ"/>
		<feat xlink:href="#sSpan5277" value="ⲛⲟϭ"/>
		<feat xlink:href="#sSpan5282" value="ⲅⲁⲣ"/>
		<feat xlink:href="#sSpan5287" value="ⲙ"/>
		<feat xlink:href="#sSpan5292" value="ⲙⲛⲧⲧⲉⲗⲓⲟⲥ"/>
		<feat xlink:href="#sSpan5297" value="ⲧⲉ"/>
		<feat xlink:href="#sSpan5301" value="ⲉ"/>
		<feat xlink:href="#sSpan5305" value="ⲧⲣⲉ"/>
		<feat xlink:href="#sSpan5307" value="ⲡ"/>
		<feat xlink:href="#sSpan5311" value="ⲣⲱⲙⲉ"/>
		<feat xlink:href="#sSpan5313" value="ϣⲱⲱⲧ"/>
		<feat xlink:href="#sSpan5319" value="ⲉⲃⲟⲗ"/>
		<feat xlink:href="#sSpan5323" value="ⲙⲙⲟ"/>
		<feat xlink:href="#sSpan5328" value="ϥ"/>
		<feat xlink:href="#sSpan5330" value="ⲙ"/>
		<feat xlink:href="#sSpan5334" value="ⲡⲉϥ"/>
		<feat xlink:href="#sSpan5337" value="ⲥⲟⲛ"/>
		<feat xlink:href="#sSpan5341" value="ⲏ"/>
		<feat xlink:href="#sSpan5345" value="ⲡⲉϥ"/>
		<feat xlink:href="#sSpan5350" value="ϣⲏⲣⲉ"/>
		<feat xlink:href="#sSpan5354" value="ⲏ"/>
		<feat xlink:href="#sSpan5358" value="ⲧⲉϥ"/>
		<feat xlink:href="#sSpan5363" value="ϣⲉⲉⲣⲉ"/>
		<feat xlink:href="#sSpan5367" value="ⲏ"/>
		<feat xlink:href="#sSpan5371" value="ⲡⲉϥ"/>
		<feat xlink:href="#sSpan5377" value="ⲉⲓⲱⲧ"/>
		<feat xlink:href="#sSpan5381" value="ⲏ"/>
		<feat xlink:href="#sSpan5385" value="ⲧⲉϥ"/>
		<feat xlink:href="#sSpan5390" value="ⲙⲁⲁⲩ"/>
		<feat xlink:href="#sSpan5394" value="ⲏ"/>
		<feat xlink:href="#sSpan5398" value="ϭⲉ"/>
		<feat xlink:href="#sSpan5403" value="ⲗⲁⲁⲩ"/>
		<feat xlink:href="#sSpan5406" value="ⲛ"/>
		<feat xlink:href="#sSpan5410" value="ⲣⲱⲙⲉ"/>
		<feat xlink:href="#sSpan5412" value="ⲛⲧⲁ"/>
		<feat xlink:href="#sSpan5417" value="ϥ"/>
		<feat xlink:href="#sSpan5419" value="ⲉⲧⲃⲉ"/>
		<feat xlink:href="#sSpan5423" value="ⲡ"/>
		<feat xlink:href="#sSpan5426" value="ⲛⲟⲩⲧⲉ"/>
		<feat xlink:href="#sSpan5432" value="·"/>
		<feat xlink:href="#sSpan5437" value="ϩⲟⲧⲁⲛ"/>
		<feat xlink:href="#sSpan5441" value="ⲉⲩϣⲁⲛ"/>
		<feat xlink:href="#sSpan5447" value="ⲣⲛⲟⲃⲉ"/>
		<feat xlink:href="#sSpan5450" value="ⲉ"/>
		<feat xlink:href="#sSpan5455" value="ⲡ"/>
		<feat xlink:href="#sSpan5458" value="ⲉⲛⲧ"/>
		<feat xlink:href="#sSpan5460" value="ⲁ"/>
		<feat xlink:href="#sSpan5462" value="ϥ"/>
		<feat xlink:href="#sSpan5464" value="ⲧⲁⲙⲓⲟ"/>
		<feat xlink:href="#sSpan5467" value="ⲟⲩ"/>
		<feat xlink:href="#sSpan5469" value="ⲉⲧⲉ"/>
		<feat xlink:href="#sSpan5473" value="ⲡ"/>
		<feat xlink:href="#sSpan5477" value="ⲛⲟⲩⲧⲉ"/>
		<feat xlink:href="#sSpan5479" value="ⲡⲉ"/>
		<feat xlink:href="#sSpan5483" value="·"/>
		<feat xlink:href="#sSpan5488" value="ⲁⲩⲱ"/>
		<feat xlink:href="#sSpan5497" value="ⲟⲩ"/>
		<feat xlink:href="#sSpan5502" value="ⲛⲟϭ"/>
		<feat xlink:href="#sSpan5504" value="ⲙ"/>
		<feat xlink:href="#sSpan5509" value="ⲙⲛⲧϫⲱⲱⲣⲉ"/>
		<feat xlink:href="#sSpan5516" value="ⲧⲉ"/>
		<feat xlink:href="#sSpan5521" value="ⲉ"/>
		<feat xlink:href="#sSpan5525" value="ⲧⲣⲉ"/>
		<feat xlink:href="#sSpan5527" value="ⲡ"/>
		<feat xlink:href="#sSpan5530" value="ⲣⲱⲙⲉ"/>
		<feat xlink:href="#sSpan5533" value="ⲙⲉⲣⲉ"/>
		<feat xlink:href="#sSpan5537" value="ⲛⲉϥ"/>
		<feat xlink:href="#sSpan5540" value="ϫⲓϫⲉⲉⲩⲉ"/>
		<feat xlink:href="#sSpan5543" value="ⲉⲧⲃⲉ"/>
		<feat xlink:href="#sSpan5547" value="ⲡ"/>
		<feat xlink:href="#sSpan5551" value="ⲛⲟⲩⲧⲉ"/>
		<feat xlink:href="#sSpan5554" value="ⲁⲩⲱ"/>
		<feat xlink:href="#sSpan5562" value="ⲛ"/>
		<feat xlink:href="#sSpan5566" value="ϥ"/>
		<feat xlink:href="#sSpan5568" value="ϣⲗⲏⲗ"/>
		<feat xlink:href="#sSpan5570" value="ⲉϫⲛ"/>
		<feat xlink:href="#sSpan5575" value="ⲛ"/>
		<feat xlink:href="#sSpan5578" value="ⲉⲧ"/>
		<feat xlink:href="#sSpan5580" value="ⲡⲏⲧ"/>
		<feat xlink:href="#sSpan5582" value="ⲛⲥⲱ"/>
		<feat xlink:href="#sSpan5587" value="ϥ"/>
		<feat xlink:href="#sSpan5589" value="ⲉⲧ"/>
		<feat xlink:href="#sSpan5593" value="ⲣ"/>
		<feat xlink:href="#sSpan5595" value="ⲡ"/>
		<feat xlink:href="#sSpan5599" value="ⲉⲧ"/>
		<feat xlink:href="#sSpan5601" value="ϩⲟⲟⲩ"/>
		<feat xlink:href="#sSpan5603" value="ⲛⲁ"/>
		<feat xlink:href="#sSpan5607" value="ϥ"/>
		<feat xlink:href="#sSpan5609" value="ⲁⲩⲱ"/>
		<feat xlink:href="#sSpan5614" value="ⲉⲧⲃⲉ"/>
		<feat xlink:href="#sSpan5618" value="ⲡ"/>
		<feat xlink:href="#sSpan5621" value="ⲛⲟⲩⲧⲉ"/>
		<feat xlink:href="#sSpan5625" value="ⲛ"/>
		<feat xlink:href="#sSpan5632" value="ϥ"/>
		<feat xlink:href="#sSpan5634" value="ⲥⲙⲟⲩ"/>
		<feat xlink:href="#sSpan5636" value="ⲉ"/>
		<feat xlink:href="#sSpan5640" value="ⲛ"/>
		<feat xlink:href="#sSpan5644" value="ⲉⲧ"/>
		<feat xlink:href="#sSpan5646" value="ⲥⲁϩⲟⲩ"/>
		<feat xlink:href="#sSpan5648" value="ⲙⲙⲟ"/>
		<feat xlink:href="#sSpan5653" value="ϥ"/>
		<feat xlink:href="#sSpan5655" value="ⲉⲧ"/>
		<feat xlink:href="#sSpan5660" value="ⲣⲛⲟⲃⲉ"/>
		<feat xlink:href="#sSpan5664" value="ⲉⲣⲟ"/>
		<feat xlink:href="#sSpan5668" value="ϥ"/>
		<feat xlink:href="#sSpan5670" value="·"/>
		<feat xlink:href="#sSpan5675" value="ⲁⲩⲱ"/>
		<feat xlink:href="#sSpan5683" value="ⲧⲁⲓ"/>
		<feat xlink:href="#sSpan5688" value="ⲧⲉ"/>
		<feat xlink:href="#sSpan5692" value="ⲧ"/>
		<feat xlink:href="#sSpan5696" value="ϩⲉ"/>
		<feat xlink:href="#sSpan5698" value="ⲛⲧ"/>
		<feat xlink:href="#sSpan5703" value="ⲁ"/>
		<feat xlink:href="#sSpan5705" value="ϥ"/>
		<feat xlink:href="#sSpan5707" value="ϫⲟⲟ"/>
		<feat xlink:href="#sSpan5709" value="ⲥ"/>
		<feat xlink:href="#sSpan5711" value="ϫⲉ"/>
		<feat xlink:href="#sSpan5717" value="ⲙⲁⲣⲉ"/>
		<feat xlink:href="#sSpan5720" value="ⲡⲉⲕ"/>
		<feat xlink:href="#sSpan5723" value="ⲥⲟⲛ"/>
		<feat xlink:href="#sSpan5725" value="ϣⲱⲡⲉ"/>
		<feat xlink:href="#sSpan5730" value="ⲛⲁ"/>
		<feat xlink:href="#sSpan5734" value="ⲕ"/>
		<feat xlink:href="#sSpan5736" value="ⲛ"/>
		<feat xlink:href="#sSpan5741" value="ⲟⲩ"/>
		<feat xlink:href="#sSpan5745" value="ϩⲉⲑⲛⲓⲕⲟⲥ"/>
		<feat xlink:href="#sSpan5748" value="ⲙⲛ"/>
		<feat xlink:href="#sSpan5752" value="ⲟⲩ"/>
		<feat xlink:href="#sSpan5756" value="ⲧⲉⲗⲱⲛⲏⲥ"/>
		<feat xlink:href="#sSpan5759" value="ⲉⲧⲃⲉ"/>
		<feat xlink:href="#sSpan5764" value="ⲡ"/>
		<feat xlink:href="#sSpan5767" value="ⲛⲟⲩⲧⲉ"/>
		<feat xlink:href="#sSpan5772" value="ϩⲟⲧⲁⲛ"/>
		<feat xlink:href="#sSpan5780" value="ⲉϥϣⲁⲛ"/>
		<feat xlink:href="#sSpan5785" value="ⲣⲛⲟⲃⲉ"/>
		<feat xlink:href="#sSpan5789" value="ⲙ"/>
		<feat xlink:href="#sSpan5793" value="ⲡ"/>
		<feat xlink:href="#sSpan5796" value="ⲙⲧⲟ"/>
		<feat xlink:href="#sSpan5799" value="ⲉⲃⲟⲗ"/>
		<feat xlink:href="#sSpan5803" value="ⲙ"/>
		<feat xlink:href="#sSpan5807" value="ⲡ"/>
		<feat xlink:href="#sSpan5810" value="ϫⲟⲉⲓⲥ"/>
		<feat xlink:href="#sSpan5814" value="·"/>
		<feat xlink:href="#sSpan5818" value="ⲡⲉⲕ"/>
		<feat xlink:href="#sSpan5826" value="ϫⲁϫⲉ"/>
		<feat xlink:href="#sSpan5830" value="ⲇⲉ"/>
		<feat xlink:href="#sSpan5834" value="ϩⲱⲱ"/>
		<feat xlink:href="#sSpan5838" value="ϥ"/>
		<feat xlink:href="#sSpan5840" value="ⲉⲧ"/>
		<feat xlink:href="#sSpan5846" value="ⲣⲛⲟⲃⲉ"/>
		<feat xlink:href="#sSpan5849" value="ⲉⲣⲟ"/>
		<feat xlink:href="#sSpan5854" value="ⲕ"/>
		<feat xlink:href="#sSpan5856" value="ⲛ"/>
		<feat xlink:href="#sSpan5860" value="ⲅ"/>
		<feat xlink:href="#sSpan5862" value="ⲙⲉⲣⲓⲧ"/>
		<feat xlink:href="#sSpan5865" value="ϥ"/>
		<feat xlink:href="#sSpan5867" value="ⲁⲩⲱ"/>
		<feat xlink:href="#sSpan5871" value="ⲛ"/>
		<feat xlink:href="#sSpan5875" value="ⲅ"/>
		<feat xlink:href="#sSpan5877" value="ⲥⲙⲟⲩ"/>
		<feat xlink:href="#sSpan5880" value="ⲉⲣⲟ"/>
		<feat xlink:href="#sSpan5886" value="ϥ"/>
		<feat xlink:href="#sSpan5888" value="ⲉⲧⲃⲉ"/>
		<feat xlink:href="#sSpan5892" value="ⲡ"/>
		<feat xlink:href="#sSpan5897" value="ⲛⲟⲩⲧⲉ"/>
		<feat xlink:href="#sSpan5899" value="·"/>
		<feat xlink:href="#sSpan5904" value="ⲁⲛⲟⲛ"/>
		<feat xlink:href="#sSpan5914" value="ⲇⲉ"/>
		<feat xlink:href="#sSpan5918" value="ϩⲱⲱ"/>
		<feat xlink:href="#sSpan5922" value="ⲛ"/>
		<feat xlink:href="#sSpan5925" value="ⲉ"/>
		<feat xlink:href="#sSpan5929" value="ⲥⲛⲏⲩ"/>
		<feat xlink:href="#sSpan5932" value="ⲉ"/>
		<feat xlink:href="#sSpan5936" value="ⲛ"/>
		<feat xlink:href="#sSpan5939" value="ϩⲟⲥⲟⲛ"/>
		<feat xlink:href="#sSpan5942" value="ⲉ"/>
		<feat xlink:href="#sSpan5946" value="ⲛ"/>
		<feat xlink:href="#sSpan5948" value="ⲟ"/>
		<feat xlink:href="#sSpan5950" value="ⲛ"/>
		<feat xlink:href="#sSpan5955" value="ⲕⲟⲓⲛⲱⲛⲟⲥ"/>
		<feat xlink:href="#sSpan5959" value="ⲙⲛ"/>
		<feat xlink:href="#sSpan5964" value="ⲛⲉⲛ"/>
		<feat xlink:href="#sSpan5966" value="ⲉⲣⲏⲩ"/>
		<feat xlink:href="#sSpan5968" value="ⲁⲛⲟⲛ"/>
		<feat xlink:href="#sSpan5973" value="ⲛ"/>
		<feat xlink:href="#sSpan5978" value="ϣⲏⲣⲉ"/>
		<feat xlink:href="#sSpan5980" value="ⲛ"/>
		<feat xlink:href="#sSpan5985" value="ⲟⲩ"/>
		<feat xlink:href="#sSpan5989" value="ⲣⲱⲙⲉ"/>
		<feat xlink:href="#sSpan5991" value="ⲛ"/>
		<feat xlink:href="#sSpan5996" value="ⲟⲩⲱⲧ"/>
		<feat xlink:href="#sSpan5998" value="ⲉⲧⲉ"/>
		<feat xlink:href="#sSpan6002" value="ⲡ"/>
		<feat xlink:href="#sSpan6006" value="ⲛⲟⲩⲧⲉ"/>
		<feat xlink:href="#sSpan6008" value="ⲡⲉ"/>
		<feat xlink:href="#sSpan6012" value="·"/>
		<feat xlink:href="#sSpan6017" value="ⲁⲩⲱ"/>
		<feat xlink:href="#sSpan6025" value="ⲁⲛⲟⲛ"/>
		<feat xlink:href="#sSpan6029" value="ⲛ"/>
		<feat xlink:href="#sSpan6034" value="ϣⲏⲣⲉ"/>
		<feat xlink:href="#sSpan6037" value="ⲛ"/>
		<feat xlink:href="#sSpan6041" value="ⲟⲩ"/>
		<feat xlink:href="#sSpan6044" value="ⲙⲁⲁⲩ"/>
		<feat xlink:href="#sSpan6047" value="ⲛ"/>
		<feat xlink:href="#sSpan6051" value="ⲟⲩⲱⲧ"/>
		<feat xlink:href="#sSpan6053" value="ⲉⲧⲉ"/>
		<feat xlink:href="#sSpan6058" value="ⲧ"/>
		<feat xlink:href="#sSpan6062" value="ϩⲓⲉⲣⲟⲩⲥⲁⲗⲏⲙ"/>
		<feat xlink:href="#sSpan6064" value="ⲛ"/>
		<feat xlink:href="#sSpan6068" value="ⲧ"/>
		<feat xlink:href="#sSpan6072" value="ⲡⲉ"/>
		<feat xlink:href="#sSpan6074" value="ⲧⲉ"/>
		<feat xlink:href="#sSpan6079" value="ⲕⲁⲧⲁ"/>
		<feat xlink:href="#sSpan6083" value="ⲛⲉ"/>
		<feat xlink:href="#sSpan6088" value="ⲅⲣⲁⲫⲏ"/>
		<feat xlink:href="#sSpan6090" value="·"/>
		<feat xlink:href="#sSpan6095" value="ⲙⲏ"/>
		<feat xlink:href="#sSpan6104" value="ⲁⲣⲁ"/>
		<feat xlink:href="#sSpan6108" value="ϭⲉ"/>
		<feat xlink:href="#sSpan6112" value="ⲉ"/>
		<feat xlink:href="#sSpan6116" value="ϥ"/>
		<feat xlink:href="#sSpan6118" value="ⲥⲟⲧⲡ"/>
		<feat xlink:href="#sSpan6121" value="ⲛϭⲓ"/>
		<feat xlink:href="#sSpan6125" value="ⲡⲉⲛ"/>
		<feat xlink:href="#sSpan6128" value="ⲉⲓⲱⲧ"/>
		<feat xlink:href="#sSpan6131" value="ⲙⲛ"/>
		<feat xlink:href="#sSpan6135" value="ⲧⲉⲛ"/>
		<feat xlink:href="#sSpan6138" value="ⲙⲁⲁⲩ"/>
		<feat xlink:href="#sSpan6141" value="ⲉⲛⲧ"/>
		<feat xlink:href="#sSpan6145" value="ⲁ"/>
		<feat xlink:href="#sSpan6147" value="ⲩ"/>
		<feat xlink:href="#sSpan6149" value="ϫⲡⲟ"/>
		<feat xlink:href="#sSpan6152" value="ⲛ"/>
		<feat xlink:href="#sSpan6154" value="ⲁⲩⲱ"/>
		<feat xlink:href="#sSpan6158" value="ⲉ"/>
		<feat xlink:href="#sSpan6163" value="ⲁ"/>
		<feat xlink:href="#sSpan6165" value="ⲩ"/>
		<feat xlink:href="#sSpan6167" value="ⲥⲁⲛⲟⲩϣ"/>
		<feat xlink:href="#sSpan6169" value="ⲛ"/>
		<feat xlink:href="#sSpan6172" value="ⲕⲁⲧⲁ"/>
		<feat xlink:href="#sSpan6178" value="ⲥⲁⲣⲝ"/>
		<feat xlink:href="#sSpan6181" value="ⲛ"/>
		<feat xlink:href="#sSpan6185" value="ϩⲟⲩⲟ"/>
		<feat xlink:href="#sSpan6188" value="ⲉ"/>
		<feat xlink:href="#sSpan6192" value="ⲡⲉⲛ"/>
		<feat xlink:href="#sSpan6195" value="ϫⲟⲉⲓⲥ"/>
		<feat xlink:href="#sSpan6199" value="ⲓⲏⲥⲟⲩⲥ"/>
		<feat xlink:href="#sSpan6203" value="ⲡⲉⲛ"/>
		<feat xlink:href="#sSpan6207" value="ⲉⲓⲱⲧ"/>
		<feat xlink:href="#sSpan6210" value="ⲁⲩⲱ"/>
		<feat xlink:href="#sSpan6214" value="ⲧⲉⲛ"/>
		<feat xlink:href="#sSpan6220" value="ⲙⲁⲁⲩ"/>
		<feat xlink:href="#sSpan6222" value="ⲛⲁⲙⲉ"/>
		<feat xlink:href="#sSpan6227" value="·"/>
		<feat xlink:href="#sSpan6231" value="ⲡⲁⲓ"/>
		<feat xlink:href="#sSpan6239" value="ⲉⲛⲧ"/>
		<feat xlink:href="#sSpan6245" value="ⲁ"/>
		<feat xlink:href="#sSpan6247" value="ϥ"/>
		<feat xlink:href="#sSpan6249" value="ϫⲡⲟ"/>
		<feat xlink:href="#sSpan6251" value="ⲛ"/>
		<feat xlink:href="#sSpan6253" value="ϩⲣⲁⲓ"/>
		<feat xlink:href="#sSpan6257" value="ϩⲙ"/>
		<feat xlink:href="#sSpan6262" value="ⲡⲉϥ"/>
		<feat xlink:href="#sSpan6265" value="ⲥⲛⲟϥ"/>
		<feat xlink:href="#sSpan6267" value="ⲉⲧ"/>
		<feat xlink:href="#sSpan6272" value="ⲟⲩⲁⲁⲃ"/></featList></paula>