<?xml version='1.0' encoding='UTF-8'?><!DOCTYPE paula SYSTEM "paula_feat.dtd">
<paula version="1.1">
	<header paula_id="scriptorium.a22.YA421-428.mark_norm_group"/>
	<featList xmlns:xlink="http://www.w3.org/1999/xlink" type="norm_group" xml:base="scriptorium.a22.YA421-428.mark.xml">
		<feat xlink:href="#sSpan5" value="ⲣⲙⲏ"/>
		<feat xlink:href="#sSpan17" value="ⲉϩⲣⲁⲓ"/>
		<feat xlink:href="#sSpan22" value="ⲉⲩⲃⲁⲩⲕⲁⲗⲓⲟⲛ"/>
		<feat xlink:href="#sSpan34" value="ⲏ"/>
		<feat xlink:href="#sSpan39" value="ⲉϩⲣⲁⲓ"/>
		<feat xlink:href="#sSpan43" value="ⲉⲩϣⲟϣⲟⲩ"/>
		<feat xlink:href="#sSpan53" value="ⲉϩⲣⲁⲓ"/>
		<feat xlink:href="#sSpan57" value="ⲉϭⲉⲗⲁⲁⲩ"/>
		<feat xlink:href="#sSpan67" value="ⲛϩⲛⲁⲁⲩ"/>
		<feat xlink:href="#sSpan74" value="ⲉϥⲧⲛⲧⲱⲛ"/>
		<feat xlink:href="#sSpan82" value="ⲉⲛⲁⲓ"/>
		<feat xlink:href="#sSpan91" value="ⲉⲙⲡⲟⲩⲟⲩⲉϩⲥⲁϩⲛⲉ"/>
		<feat xlink:href="#sSpan104" value="ⲛⲁϥ"/>
		<feat xlink:href="#sSpan111" value="ϩⲓⲧⲙⲡϩⲗⲗⲱ"/>
		<feat xlink:href="#sSpan123" value="ⲉⲓⲙⲏⲧⲓ"/>
		<feat xlink:href="#sSpan127" value="ⲡⲙⲁ"/>
		<feat xlink:href="#sSpan135" value="ⲛⲛⲣⲱⲙⲉ"/>
		<feat xlink:href="#sSpan144" value="ⲉⲧϣⲱⲛⲉ"/>
		<feat xlink:href="#sSpan151" value="ⲙⲙⲁⲧⲉ"/>
		<feat xlink:href="#sSpan156" value="ⲙⲛⲛϩⲗⲗⲟ"/>
		<feat xlink:href="#sSpan166" value="ⲁⲩⲣϩⲁϩ"/>
		<feat xlink:href="#sSpan176" value="ⲛⲣⲟⲙⲡⲉ"/>
		<feat xlink:href="#sSpan185" value="ⲁⲩⲱ"/>
		<feat xlink:href="#sSpan190" value="ⲛⲉⲓⲕⲟⲟⲩⲉ"/>
		<feat xlink:href="#sSpan197" value="ⲉⲧⲣⲉⲩϣⲓⲛⲉ"/>
		<feat xlink:href="#sSpan208" value="ⲛⲧⲟⲟⲧϥ"/>
		<feat xlink:href="#sSpan215" value="ⲙⲡϩⲗⲗⲟ"/>
		<feat xlink:href="#sSpan226" value="ⲁⲩⲱ"/>
		<feat xlink:href="#sSpan233" value="ⲉⲣϣⲁⲛⲟⲩⲁⲛⲁⲅⲕⲏ"/>
		<feat xlink:href="#sSpan246" value="ϣⲱⲡⲉ"/>
		<feat xlink:href="#sSpan250" value="ⲉⲧⲣⲉϩⲓⲟⲛⲉ"/>
		<feat xlink:href="#sSpan261" value="ⲣⲭⲣⲉⲓⲁ"/>
		<feat xlink:href="#sSpan268" value="ⲛϩⲱⲃ"/>
		<feat xlink:href="#sSpan275" value="ⲛⲧⲉⲓϩⲉ"/>
		<feat xlink:href="#sSpan284" value="ϩⲣⲁⲓ"/>
		<feat xlink:href="#sSpan288" value="ⲛϩⲏⲧⲛ"/>
		<feat xlink:href="#sSpan295" value="ⲉⲧⲣⲉⲩⲥⲣⲣⲁⲧⲟⲩ"/>
		<feat xlink:href="#sSpan312" value="ⲉϩⲣⲁⲓ"/>
		<feat xlink:href="#sSpan316" value="ⲉⲗⲁⲁⲩ"/>
		<feat xlink:href="#sSpan324" value="ⲛϩⲛⲁⲁⲩ"/>
		<feat xlink:href="#sSpan330" value="ⲛⲧⲉⲓⲙⲓⲛⲉ"/>
		<feat xlink:href="#sSpan340" value="ⲉⲧⲃⲉⲧⲁⲛⲁⲅⲕⲏ"/>
		<feat xlink:href="#sSpan351" value="ⲛⲟⲩⲡⲗⲏⲅⲏ"/>
		<feat xlink:href="#sSpan364" value="·"/>
		<feat xlink:href="#sSpan369" value="ⲏ"/>
		<feat xlink:href="#sSpan373" value="ⲟⲩϫⲣⲟⲡ"/>
		<feat xlink:href="#sSpan382" value="ⲉⲁϥϣⲱⲡⲉ"/>
		<feat xlink:href="#sSpan395" value="ϩⲓⲧⲟⲩⲉⲣⲏⲧⲉ"/>
		<feat xlink:href="#sSpan406" value="ⲛⲟⲩⲁ"/>
		<feat xlink:href="#sSpan413" value="ⲉⲙⲛϭⲟⲙ"/>
		<feat xlink:href="#sSpan422" value="ⲙⲙⲟϥ"/>
		<feat xlink:href="#sSpan428" value="ⲉⲙⲟⲟϣⲉ"/>
		<feat xlink:href="#sSpan436" value="ⲉⲉⲓ"/>
		<feat xlink:href="#sSpan443" value="ⲉⲃⲟⲗ"/>
		<feat xlink:href="#sSpan448" value="ⲉⲩⲉϫⲛⲉⲡϩⲗⲗⲟ"/>
		<feat xlink:href="#sSpan462" value="ⲁⲩⲱ"/>
		<feat xlink:href="#sSpan471" value="ⲭⲱⲣⲓⲥⲛⲁⲓ"/>
		<feat xlink:href="#sSpan479" value="ϩⲉⲛϣⲏⲣⲉ"/>
		<feat xlink:href="#sSpan488" value="ϣⲏⲙ"/>
		<feat xlink:href="#sSpan493" value="ⲏ"/>
		<feat xlink:href="#sSpan498" value="ϭⲉⲗⲁⲁⲩ"/>
		<feat xlink:href="#sSpan505" value="ⲛⲣⲱⲙⲉ"/>
		<feat xlink:href="#sSpan512" value="ⲉⲩϣⲁⲛⲥⲣⲣⲁⲧⲟⲩ"/>
		<feat xlink:href="#sSpan525" value="ⲉϩⲣⲁⲓ"/>
		<feat xlink:href="#sSpan529" value="ϩⲛⲗⲁⲁⲩ"/>
		<feat xlink:href="#sSpan537" value="ⲛϩⲛⲁⲁⲩ"/>
		<feat xlink:href="#sSpan543" value="ⲛⲧⲉⲓⲙⲓⲛⲉ"/>
		<feat xlink:href="#sSpan552" value="ⲉⲩⲉϣⲱⲡⲉ"/>
		<feat xlink:href="#sSpan560" value="ⲉⲩⲥϩⲟⲩⲟⲣⲧ"/>
		<feat xlink:href="#sSpan570" value="ϥⲥϩⲟⲩⲟⲣⲧ"/>
		<feat xlink:href="#sSpan581" value="ⲛϭⲓⲡⲉⲧⲛⲁⲧⲱϣ"/>
		<feat xlink:href="#sSpan597" value="ⲛⲟⲩϩⲱⲃ"/>
		<feat xlink:href="#sSpan607" value="ⲉϥⲟ"/>
		<feat xlink:href="#sSpan619" value="ⲛⲛⲟⲃⲉ"/>
		<feat xlink:href="#sSpan627" value="ⲉⲡⲉⲧϩⲓⲧⲟⲩⲱϥ"/>
		<feat xlink:href="#sSpan642" value="ϩⲛⲟⲩⲙⲛⲧⲣⲉϥϩⲓⲗⲁ"/>
		<feat xlink:href="#sSpan656" value="ⲉⲙⲉϥⲉⲓⲙⲉ"/>
		<feat xlink:href="#sSpan670" value="ⲉⲡⲱⲣϫ"/>
		<feat xlink:href="#sSpan676" value="·"/>
		<feat xlink:href="#sSpan681" value="ⲁⲗⲗⲁ"/>
		<feat xlink:href="#sSpan687" value="ⲉⲧⲃⲉⲟⲩⲙⲟⲥⲧⲉ"/>
		<feat xlink:href="#sSpan697" value="ⲉϥϫⲱ"/>
		<feat xlink:href="#sSpan706" value="ⲙⲡⲉⲧⲉⲛϥϣⲟⲟⲡ"/>
		<feat xlink:href="#sSpan722" value="ⲁⲛ"/>
		<feat xlink:href="#sSpan726" value="ⲉϣⲱⲡⲉ"/>
		<feat xlink:href="#sSpan731" value="ⲉⲩϩⲟⲟⲩⲧ"/>
		<feat xlink:href="#sSpan741" value="ⲡⲉ"/>
		<feat xlink:href="#sSpan745" value="ⲉϣⲱⲡⲉ"/>
		<feat xlink:href="#sSpan750" value="ⲉⲩⲥϩⲓⲙⲉ"/>
		<feat xlink:href="#sSpan759" value="ⲧⲉ"/>
		<feat xlink:href="#sSpan765" value="·"/>
		<feat xlink:href="#sSpan769" value="ϥⲥϩⲟⲩⲟⲣⲧ"/>
		<feat xlink:href="#sSpan784" value="ⲛϭⲓⲡⲉⲧϫⲱ"/>
		<feat xlink:href="#sSpan795" value="ⲙⲙⲟⲥ"/>
		<feat xlink:href="#sSpan802" value="ϩⲛⲟⲩⲙⲛⲧⲣⲉϥⲧⲱϩ"/>
		<feat xlink:href="#sSpan815" value="ϫⲉⲁⲓⲛⲁⲩ"/>
		<feat xlink:href="#sSpan826" value="ⲉⲩⲣⲁⲥⲟⲩ"/>
		<feat xlink:href="#sSpan836" value="ⲉⲣⲉⲛⲓⲙ"/>
		<feat xlink:href="#sSpan842" value="ⲙⲛⲛⲓⲙ"/>
		<feat xlink:href="#sSpan849" value="ϣⲱⲗ"/>
		<feat xlink:href="#sSpan853" value="ⲙⲙⲟⲟⲩ"/>
		<feat xlink:href="#sSpan860" value="ⲉⲃⲟⲗ"/>
		<feat xlink:href="#sSpan864" value="ϩⲣⲁⲓ"/>
		<feat xlink:href="#sSpan870" value="ϩⲛϩⲱⲃ"/>
		<feat xlink:href="#sSpan878" value="ⲛⲓⲙ"/>
		<feat xlink:href="#sSpan882" value="ⲙⲡⲟⲛⲏⲣⲟⲛ"/>
		<feat xlink:href="#sSpan890" value="ⲉϣⲱⲡⲉ"/>
		<feat xlink:href="#sSpan895" value="ⲉⲩϩⲟⲟⲩⲧ"/>
		<feat xlink:href="#sSpan905" value="ⲡⲉ"/>
		<feat xlink:href="#sSpan909" value="ⲉϣⲱⲡⲉ"/>
		<feat xlink:href="#sSpan914" value="ⲉⲩⲥϩⲓⲙⲉ"/>
		<feat xlink:href="#sSpan924" value="ⲧⲉ"/>
		<feat xlink:href="#sSpan929" value="·"/>
		<feat xlink:href="#sSpan934" value="ⲥⲉ"/>
		<feat xlink:href="#sSpan943" value="ⲥϩⲟⲩⲟⲣⲧ"/>
		<feat xlink:href="#sSpan947" value="ⲛϭⲓⲟⲩⲟⲛ"/>
		<feat xlink:href="#sSpan956" value="ⲛⲓⲙ"/>
		<feat xlink:href="#sSpan960" value="ⲉⲧⲉⲓⲣⲉ"/>
		<feat xlink:href="#sSpan968" value="ⲛϩⲉⲛⲕⲣⲟϥ"/>
		<feat xlink:href="#sSpan978" value="ϩⲣⲁⲓ"/>
		<feat xlink:href="#sSpan983" value="ϩⲛⲥⲩⲛⲁⲅⲱⲅⲏ"/>
		<feat xlink:href="#sSpan992" value="ⲧⲏⲣⲟⲩ"/>
		<feat xlink:href="#sSpan999" value="ⲙⲡϫⲟⲉⲓⲥ"/>
		<feat xlink:href="#sSpan1011" value="·"/>
		<feat xlink:href="#sSpan1015" value="ⲉⲧⲣⲉⲡⲛⲟⲩⲧⲉ"/>
		<feat xlink:href="#sSpan1030" value="ϭⲱⲛⲧ"/>
		<feat xlink:href="#sSpan1034" value="ⲉⲩⲛⲟϭ"/>
		<feat xlink:href="#sSpan1044" value="ⲙⲙⲏⲏϣⲉ"/>
		<feat xlink:href="#sSpan1051" value="ⲛϥⲕⲧⲟ"/>
		<feat xlink:href="#sSpan1060" value="ⲙⲡⲉϥϩⲟ"/>
		<feat xlink:href="#sSpan1071" value="ⲉⲃⲟⲗ"/>
		<feat xlink:href="#sSpan1075" value="ⲙⲙⲟⲟⲩ"/>
		<feat xlink:href="#sSpan1082" value="ϩⲛⲟⲩⲟⲣⲅⲏ"/>
		<feat xlink:href="#sSpan1093" value="ⲉⲧⲃⲉⲧⲙⲛⲧϣⲁϥⲧⲉ"/>
		<feat xlink:href="#sSpan1105" value="ⲛⲛⲉⲧⲉⲓⲣⲉ"/>
		<feat xlink:href="#sSpan1119" value="ⲛⲧⲁⲛⲟⲙⲓⲁ"/>
		<feat xlink:href="#sSpan1130" value="ϩⲛⲟⲩϩⲱⲡ"/>
		<feat xlink:href="#sSpan1140" value="ⲏ"/>
		<feat xlink:href="#sSpan1145" value="ϩⲛⲟⲩⲱⲛϩ"/>
		<feat xlink:href="#sSpan1153" value="ⲉⲃⲟⲗ"/>
		<feat xlink:href="#sSpan1158" value="ϩⲣⲁⲓ"/>
		<feat xlink:href="#sSpan1162" value="ⲛϩⲏⲧⲛ"/>
		<feat xlink:href="#sSpan1170" value="·"/>
		<feat xlink:href="#sSpan1175" value="ⲁⲩⲱ"/>
		<feat xlink:href="#sSpan1185" value="ⲟⲩⲟⲓ"/>
		<feat xlink:href="#sSpan1189" value="ⲛⲛⲉⲧⲉⲣⲉⲡⲛⲟⲩⲧⲉ"/>
		<feat xlink:href="#sSpan1204" value="ⲛⲁϩⲟϫϩϫ"/>
		<feat xlink:href="#sSpan1211" value="ⲉⲃⲟⲗ"/>
		<feat xlink:href="#sSpan1216" value="ϩⲓⲧⲟⲟⲧⲟⲩ"/>
		<feat xlink:href="#sSpan1224" value="ⲁⲩⲱ"/>
		<feat xlink:href="#sSpan1229" value="ⲛϥⲕⲱⲧⲉ"/>
		<feat xlink:href="#sSpan1238" value="ⲛⲥⲁⲧϩⲉ"/>
		<feat xlink:href="#sSpan1247" value="ⲛⲉⲓ"/>
		<feat xlink:href="#sSpan1254" value="ⲉⲉⲃⲟⲗ"/>
		<feat xlink:href="#sSpan1262" value="ϩⲛⲧⲉⲩⲙⲏⲧⲉ"/>
		<feat xlink:href="#sSpan1273" value="·"/>
		<feat xlink:href="#sSpan1277" value="ⲛⲧϩⲉ"/>
		<feat xlink:href="#sSpan1286" value="ⲛⲟⲩⲣⲱⲙⲉ"/>
		<feat xlink:href="#sSpan1296" value="ⲛⲇⲓⲕⲁⲓⲟⲥ"/>
		<feat xlink:href="#sSpan1305" value="ⲉⲁϥⲕⲱⲧⲉ"/>
		<feat xlink:href="#sSpan1317" value="ⲛⲥⲁⲧϩⲉ"/>
		<feat xlink:href="#sSpan1325" value="ⲛⲕⲱ"/>
		<feat xlink:href="#sSpan1332" value="ⲛⲥⲱϥ"/>
		<feat xlink:href="#sSpan1339" value="ⲛⲟⲩⲗⲁⲟⲥ"/>
		<feat xlink:href="#sSpan1350" value="ⲉⲧⲃⲉⲛⲉⲩϩⲃⲏⲩⲉ"/>
		<feat xlink:href="#sSpan1360" value="ⲉⲧϩⲟⲟⲩ"/>
		<feat xlink:href="#sSpan1367" value="ⲕⲁⲧⲁⲡϣⲁϫⲉ"/>
		<feat xlink:href="#sSpan1378" value="ⲙⲡⲉⲡⲣⲟⲫⲏⲧⲏⲥ"/>
		<feat xlink:href="#sSpan1389" value="ϫⲉⲛⲓⲙ"/>
		<feat xlink:href="#sSpan1396" value="ⲡⲉⲧⲛⲁϯⲛⲁⲓ"/>
		<feat xlink:href="#sSpan1411" value="ϩⲙⲡϫⲁⲓⲉ"/>
		<feat xlink:href="#sSpan1421" value="ⲛⲟⲩⲙⲁ"/>
		<feat xlink:href="#sSpan1431" value="ⲛϣⲱⲡⲉ"/>
		<feat xlink:href="#sSpan1437" value="ⲉϥⲟⲩⲏⲩ"/>
		<feat xlink:href="#sSpan1446" value="ⲛⲧⲁⲕⲱ"/>
		<feat xlink:href="#sSpan1455" value="ⲛⲥⲱⲓ"/>
		<feat xlink:href="#sSpan1461" value="ⲙⲡⲉⲓⲗⲁⲟⲥ"/>
		<feat xlink:href="#sSpan1472" value="ⲛⲧⲁⲟⲩⲉ"/>
		<feat xlink:href="#sSpan1481" value="ⲉⲃⲟⲗ"/>
		<feat xlink:href="#sSpan1485" value="ⲙⲙⲟⲟⲩ"/>
		<feat xlink:href="#sSpan1492" value="·"/>
		<feat xlink:href="#sSpan1498" value="ⲛⲁⲉⲓⲁⲧⲟⲩ"/>
		<feat xlink:href="#sSpan1511" value="ⲇⲉ"/>
		<feat xlink:href="#sSpan1515" value="ⲛⲟⲩⲟⲛ"/>
		<feat xlink:href="#sSpan1524" value="ⲛⲓⲙ"/>
		<feat xlink:href="#sSpan1529" value="ⲉⲧⲉⲣⲉⲡⲛⲟⲩⲧⲉ"/>
		<feat xlink:href="#sSpan1539" value="ⲛⲁⲧⲱⲧ"/>
		<feat xlink:href="#sSpan1545" value="ⲛϩⲏⲧ"/>
		<feat xlink:href="#sSpan1552" value="ⲉⲃⲟⲗ"/>
		<feat xlink:href="#sSpan1557" value="ϩⲓⲧⲟⲟⲧⲟⲩ"/>
		<feat xlink:href="#sSpan1564" value="ⲉⲧⲣⲉϥⲣϩⲛⲁϥ"/>
		<feat xlink:href="#sSpan1582" value="ⲉϭⲱ"/>
		<feat xlink:href="#sSpan1589" value="ϩⲛⲧⲉⲩⲙⲏⲧⲉ"/>
		<feat xlink:href="#sSpan1599" value="·"/>
		<feat xlink:href="#sSpan1603" value="ⲛⲧϩⲉ"/>
		<feat xlink:href="#sSpan1611" value="ⲛⲟⲩⲣⲱⲙⲉ"/>
		<feat xlink:href="#sSpan1622" value="ⲛⲇⲓⲕⲁⲓⲟⲥ"/>
		<feat xlink:href="#sSpan1630" value="ⲉⲁϥⲧⲱⲧ"/>
		<feat xlink:href="#sSpan1641" value="ⲛϩⲏⲧ"/>
		<feat xlink:href="#sSpan1648" value="ⲛⲧⲟⲟⲧⲟⲩ"/>
		<feat xlink:href="#sSpan1655" value="ⲛϩⲉⲛⲣⲱⲙⲉ"/>
		<feat xlink:href="#sSpan1665" value="ⲙⲡⲓⲥⲧⲟⲥ"/>
		<feat xlink:href="#sSpan1673" value="ⲁⲩⲱ"/>
		<feat xlink:href="#sSpan1678" value="ⲉⲁϥⲣϩⲛⲁϥ"/>
		<feat xlink:href="#sSpan1693" value="ⲉϭⲱ"/>
		<feat xlink:href="#sSpan1699" value="ⲛⲟⲩⲟⲉⲓϣ"/>
		<feat xlink:href="#sSpan1707" value="ⲛⲓⲙ"/>
		<feat xlink:href="#sSpan1711" value="ϩⲛⲧⲉⲩⲙⲏⲧⲉ"/>
		<feat xlink:href="#sSpan1721" value="·"/>
		<feat xlink:href="#sSpan1726" value="ⲉⲧⲃⲉϫⲉⲛⲧⲟϥ"/>
		<feat xlink:href="#sSpan1735" value="ϩⲱⲱϥ"/>
		<feat xlink:href="#sSpan1743" value="ⲡϫⲟⲉⲓⲥ"/>
		<feat xlink:href="#sSpan1749" value="ϥⲱⲟⲟⲡ"/>
		<feat xlink:href="#sSpan1756" value="ϩⲛⲧⲉⲩⲙⲏⲧⲉ"/>
		<feat xlink:href="#sSpan1766" value="ⲛⲟⲩⲟⲉⲓϣ"/>
		<feat xlink:href="#sSpan1773" value="ⲛⲓⲙ"/>
		<feat xlink:href="#sSpan1778" value="ⲉⲧⲃⲉⲛⲉⲩϩⲃⲏⲩⲉ"/>
		<feat xlink:href="#sSpan1788" value="ⲙⲙⲉ"/>
		<feat xlink:href="#sSpan1794" value="ⲁⲩⲱ"/>
		<feat xlink:href="#sSpan1800" value="ⲛⲇⲓⲕⲁⲓⲟⲛ"/>
		<feat xlink:href="#sSpan1807" value="·"/>
		<feat xlink:href="#sSpan1812" value="ⲟⲩⲟⲛ"/>
		<feat xlink:href="#sSpan1822" value="ⲇⲉ"/>
		<feat xlink:href="#sSpan1826" value="ⲛⲓⲙ"/>
		<feat xlink:href="#sSpan1830" value="ϩⲣⲁⲓ"/>
		<feat xlink:href="#sSpan1834" value="ⲛϩⲏⲧⲛ"/>
		<feat xlink:href="#sSpan1841" value="ⲉⲧⲛⲁⲛⲁⲩ"/>
		<feat xlink:href="#sSpan1850" value="ⲉⲩϩⲱⲃ"/>
		<feat xlink:href="#sSpan1859" value="ⲛⲕⲣⲟϥ"/>
		<feat xlink:href="#sSpan1866" value="ϩⲛⲟⲩϫⲱϩⲙ"/>
		<feat xlink:href="#sSpan1875" value="·"/>
		<feat xlink:href="#sSpan1880" value="ⲏ"/>
		<feat xlink:href="#sSpan1884" value="ϩⲛⲟⲩϫⲓⲟⲩⲉ"/>
		<feat xlink:href="#sSpan1896" value="ⲏ"/>
		<feat xlink:href="#sSpan1900" value="ϩⲛϭⲉⲗⲁⲁⲩ"/>
		<feat xlink:href="#sSpan1910" value="ⲛⲛⲟⲃⲉ"/>
		<feat xlink:href="#sSpan1916" value="ⲉϥϫⲓ"/>
		<feat xlink:href="#sSpan1925" value="ⲉϩⲟⲩⲛ"/>
		<feat xlink:href="#sSpan1930" value="ⲉⲡⲙⲟⲩ"/>
		<feat xlink:href="#sSpan1939" value="ⲁⲩⲱ"/>
		<feat xlink:href="#sSpan1944" value="ⲛⲧⲟⲟⲩ"/>
		<feat xlink:href="#sSpan1948" value="ⲛⲥⲉⲧⲙⲧⲁⲙⲟⲓ"/>
		<feat xlink:href="#sSpan1961" value="ϫⲉⲛⲓⲙ"/>
		<feat xlink:href="#sSpan1969" value="ⲡⲉ"/>
		<feat xlink:href="#sSpan1974" value="ⲏ"/>
		<feat xlink:href="#sSpan1978" value="ϫⲉⲟⲩ"/>
		<feat xlink:href="#sSpan1985" value="ⲛⲉ"/>
		<feat xlink:href="#sSpan1989" value="ⲛⲉϩⲃⲏⲩⲉ"/>
		<feat xlink:href="#sSpan1997" value="ⲛⲡⲟⲛⲏⲣⲟⲛ"/>
		<feat xlink:href="#sSpan2007" value="ⲉⲧⲙⲙⲁⲩ"/>
		<feat xlink:href="#sSpan2013" value="·"/>
		<feat xlink:href="#sSpan2018" value="ⲉⲩⲉⲉⲓ"/>
		<feat xlink:href="#sSpan2026" value="ⲉϩⲣⲁⲓ"/>
		<feat xlink:href="#sSpan2030" value="ⲉϫⲱⲟⲩ"/>
		<feat xlink:href="#sSpan2038" value="ⲛϭⲓⲛⲉⲓⲥⲁϩⲟⲩ"/>
		<feat xlink:href="#sSpan2048" value="ⲧⲏⲣⲟⲩ"/>
		<feat xlink:href="#sSpan2054" value="ⲉⲃⲟⲗ"/>
		<feat xlink:href="#sSpan2059" value="ϩⲓⲧⲛⲡⲛⲟⲩⲧⲉ"/>
		<feat xlink:href="#sSpan2069" value="ⲉϣⲱⲡⲉ"/>
		<feat xlink:href="#sSpan2073" value="ⲉⲩϩⲟⲟⲩⲧ"/>
		<feat xlink:href="#sSpan2083" value="ⲡⲉ"/>
		<feat xlink:href="#sSpan2087" value="ⲉϣⲱⲡⲉ"/>
		<feat xlink:href="#sSpan2092" value="ⲉⲩⲥϩⲓⲙⲉ"/>
		<feat xlink:href="#sSpan2102" value="ⲧⲉ"/>
		<feat xlink:href="#sSpan2106" value="·"/>
		<feat xlink:href="#sSpan2110" value="ⲛⲕⲟⲟⲩⲉ"/>
		<feat xlink:href="#sSpan2124" value="ⲇⲉ"/>
		<feat xlink:href="#sSpan2128" value="ⲧⲏⲣⲟⲩ"/>
		<feat xlink:href="#sSpan2134" value="ⲉⲧⲉϣϣⲉ"/>
		<feat xlink:href="#sSpan2141" value="ⲉⲥⲁϩⲟⲩ"/>
		<feat xlink:href="#sSpan2150" value="ⲉϩⲣⲁⲓ"/>
		<feat xlink:href="#sSpan2154" value="ⲉⲧⲉⲓⲉⲡⲓⲥⲧⲟⲗⲏ"/>
		<feat xlink:href="#sSpan2165" value="·"/>
		<feat xlink:href="#sSpan2169" value="ⲁⲩⲱ"/>
		<feat xlink:href="#sSpan2174" value="ⲙⲡⲛⲥⲁϩⲟⲩ"/>
		<feat xlink:href="#sSpan2187" value="·"/>
		<feat xlink:href="#sSpan2192" value="ⲉⲓⲥϩⲏⲏⲛⲉ"/>
		<feat xlink:href="#sSpan2199" value="ⲥⲉⲥⲏϩ"/>
		<feat xlink:href="#sSpan2206" value="ⲧⲏⲣⲟⲩ"/>
		<feat xlink:href="#sSpan2213" value="ϩⲛⲛⲉⲭⲁⲣⲧⲏⲥ"/>
		<feat xlink:href="#sSpan2224" value="ⲉⲧⲥⲏϩ"/>
		<feat xlink:href="#sSpan2230" value="ϫⲓⲛⲛϣⲟⲣⲡ"/>
		<feat xlink:href="#sSpan2240" value="·"/>
		<feat xlink:href="#sSpan2245" value="ⲛϣⲁϫⲉ"/>
		<feat xlink:href="#sSpan2257" value="ⲇⲉ"/>
		<feat xlink:href="#sSpan2261" value="ⲉⲧⲟⲩⲁⲁⲃ"/>
		<feat xlink:href="#sSpan2268" value="ⲛⲧⲉⲡⲉⲛϫⲟⲉⲓⲥ"/>
		<feat xlink:href="#sSpan2279" value="ⲓⲏⲥⲟⲩⲥ"/>
		<feat xlink:href="#sSpan2283" value="ⲉⲧⲥⲏϩ"/>
		<feat xlink:href="#sSpan2290" value="ϩⲛⲛⲉⲅⲣⲁⲫⲏ"/>
		<feat xlink:href="#sSpan2301" value="·"/>
		<feat xlink:href="#sSpan2305" value="ⲁⲩⲱ"/>
		<feat xlink:href="#sSpan2309" value="ϩⲛϯⲉⲡⲓⲥⲧⲟⲗⲏ"/>
		<feat xlink:href="#sSpan2320" value="ϯⲛⲁⲧⲁⲙⲱⲧⲛ"/>
		<feat xlink:href="#sSpan2331" value="ϫⲉⲉⲩⲧⲛⲧⲱⲛ"/>
		<feat xlink:href="#sSpan2342" value="ⲉⲟⲩ"/>
		<feat xlink:href="#sSpan2350" value="·"/>
		<feat xlink:href="#sSpan2354" value="ⲉⲩⲧⲛⲧⲱⲛ"/>
		<feat xlink:href="#sSpan2367" value="ⲉϩⲉⲛϩⲏⲃⲥ"/>
		<feat xlink:href="#sSpan2378" value="ⲉⲁⲩϫⲉⲣⲱⲟⲩ"/>
		<feat xlink:href="#sSpan2393" value="ϩⲛϩⲉⲛⲙⲁ"/>
		<feat xlink:href="#sSpan2402" value="ⲛⲕⲁⲕⲉ"/>
		<feat xlink:href="#sSpan2414" value="·"/>
		<feat xlink:href="#sSpan2418" value="ⲁⲩⲱ"/>
		<feat xlink:href="#sSpan2425" value="ⲉⲩⲧⲛⲧⲱⲛ"/>
		<feat xlink:href="#sSpan2434" value="ⲉⲡⲟⲩⲟⲉⲓⲛ"/>
		<feat xlink:href="#sSpan2444" value="ⲙⲡⲉϩⲟⲟⲩ"/>
		<feat xlink:href="#sSpan2455" value="·"/>
		<feat xlink:href="#sSpan2459" value="ⲁⲩⲱ"/>
		<feat xlink:href="#sSpan2466" value="ⲛⲁⲧϩⲏⲧ"/>
		<feat xlink:href="#sSpan2477" value="ⲉⲧⲣϩⲟⲩⲟ"/>
		<feat xlink:href="#sSpan2485" value="ⲉⲙⲁⲧⲉ"/>
		<feat xlink:href="#sSpan2490" value="ϩⲛϩⲉⲛⲙⲛⲧⲥⲟϭ"/>
		<feat xlink:href="#sSpan2502" value="·"/>
		<feat xlink:href="#sSpan2506" value="ⲉⲩⲧⲛⲧⲱⲛ"/>
		<feat xlink:href="#sSpan2515" value="ⲉϩⲉⲛⲛⲩⲕⲧⲉⲣⲓⲥ"/>
		<feat xlink:href="#sSpan2526" value="·"/>
		<feat xlink:href="#sSpan2530" value="ⲁⲩⲱ"/>
		<feat xlink:href="#sSpan2538" value="ⲛⲧϩⲉ"/>
		<feat xlink:href="#sSpan2546" value="ⲉⲧⲉϣⲁⲩⲣⲱϩⲧ"/>
		<feat xlink:href="#sSpan2557" value="ⲉⲡⲉⲥⲏⲧ"/>
		<feat xlink:href="#sSpan2568" value="ⲏ"/>
		<feat xlink:href="#sSpan2572" value="ⲛⲥⲉⲡⲱⲧ"/>
		<feat xlink:href="#sSpan2581" value="ⲉϩⲟⲩⲛ"/>
		<feat xlink:href="#sSpan2585" value="ⲉⲡⲕⲁⲕⲉ"/>
		<feat xlink:href="#sSpan2595" value="·"/>
		<feat xlink:href="#sSpan2600" value="ⲏ"/>
		<feat xlink:href="#sSpan2604" value="ⲉϩⲣⲁⲓ"/>
		<feat xlink:href="#sSpan2609" value="ⲉϩⲉⲛⲙⲁ"/>
		<feat xlink:href="#sSpan2618" value="ⲉⲩϣⲟⲕϩ"/>
		<feat xlink:href="#sSpan2627" value="ⲛϭⲓϩⲉⲛⲛⲩⲕⲧⲉⲣⲓⲥ"/>
		<feat xlink:href="#sSpan2639" value="ⲉⲧⲉϭⲓⲛϭⲗⲱ"/>
		<feat xlink:href="#sSpan2647" value="ⲡⲉ"/>
		<feat xlink:href="#sSpan2652" value="·"/>
		<feat xlink:href="#sSpan2657" value="ϩⲟⲧⲁⲛ"/>
		<feat xlink:href="#sSpan2661" value="ⲉⲩϣⲁⲛⲛⲁⲩ"/>
		<feat xlink:href="#sSpan2668" value="ⲉⲡⲟⲩⲟⲉⲓⲛ"/>
		<feat xlink:href="#sSpan2678" value="ⲙⲡϣⲁϩ"/>
		<feat xlink:href="#sSpan2688" value="ⲛϩⲉⲛϩⲏⲃⲥ"/>
		<feat xlink:href="#sSpan2698" value="ⲙⲛⲡⲟⲩⲟⲉⲓⲛ"/>
		<feat xlink:href="#sSpan2708" value="ⲙⲡⲉϩⲟⲟⲩ"/>
		<feat xlink:href="#sSpan2718" value="·"/>
		<feat xlink:href="#sSpan2723" value="ⲧⲁⲓ"/>
		<feat xlink:href="#sSpan2730" value="ⲟⲛ"/>
		<feat xlink:href="#sSpan2735" value="ⲧⲉ"/>
		<feat xlink:href="#sSpan2740" value="ⲧϩⲉ"/>
		<feat xlink:href="#sSpan2746" value="ⲉⲧⲉⲣⲉⲛⲁⲧϩⲏⲧ"/>
		<feat xlink:href="#sSpan2758" value="ⲙⲛⲛⲉⲧⲣϩⲟⲩⲟ"/>
		<feat xlink:href="#sSpan2772" value="ⲉⲙⲁⲧⲉ"/>
		<feat xlink:href="#sSpan2777" value="ϩⲛϩⲉⲛⲙⲛⲧⲥⲟϭ"/>
		<feat xlink:href="#sSpan2789" value="ⲛⲁⲣⲱϩⲧ"/>
		<feat xlink:href="#sSpan2796" value="ⲉⲡⲉⲥⲏⲧ"/>
		<feat xlink:href="#sSpan2807" value="ⲏ"/>
		<feat xlink:href="#sSpan2811" value="ⲉϩⲣⲁⲓ"/>
		<feat xlink:href="#sSpan2815" value="ⲉⲛⲉⲩⲡⲁⲑⲟⲥ"/>
		<feat xlink:href="#sSpan2826" value="ⲙⲛⲛⲉⲩⲟⲩⲱϣ"/>
		<feat xlink:href="#sSpan2837" value="·"/>
		<feat xlink:href="#sSpan2841" value="ⲙⲛⲡⲕⲁⲕⲉ"/>
		<feat xlink:href="#sSpan2851" value="ⲙⲡⲉⲩⲥⲟⲟⲩⲛ"/>
		<feat xlink:href="#sSpan2862" value="ⲛⲛⲟⲩϫ"/>
		<feat xlink:href="#sSpan2869" value="ⲛⲛⲁϩⲣⲛⲛϣⲁϫⲉ"/>
		<feat xlink:href="#sSpan2879" value="ⲧⲏⲣⲟⲩ"/>
		<feat xlink:href="#sSpan2885" value="ⲙⲡⲉⲛϫⲟⲉⲓⲥ"/>
		<feat xlink:href="#sSpan2895" value="·"/>
		<feat xlink:href="#sSpan2900" value="ⲉⲓⲧⲉ"/>
		<feat xlink:href="#sSpan2905" value="ⲛⲉⲃⲟⲗ"/>
		<feat xlink:href="#sSpan2913" value="ϩⲛⲛⲉⲅⲣⲁⲫⲏ"/>
		<feat xlink:href="#sSpan2924" value="·"/>
		<feat xlink:href="#sSpan2929" value="ⲉⲓⲧⲉ"/>
		<feat xlink:href="#sSpan2937" value="ⲛⲉⲃⲟⲗ"/>
		<feat xlink:href="#sSpan2945" value="ϩⲛⲧⲉⲓⲉⲡⲓⲥⲧⲟⲗⲏ"/>
		<feat xlink:href="#sSpan2955" value="ⲙⲙⲁⲧⲉ"/>
		<feat xlink:href="#sSpan2960" value="ⲁⲛ"/>
		<feat xlink:href="#sSpan2964" value="·"/>
		<feat xlink:href="#sSpan2969" value="ⲁⲗⲗⲁ"/>
		<feat xlink:href="#sSpan2974" value="ⲛⲛⲁϩⲣⲛⲛⲕⲟⲟⲩⲉ"/>
		<feat xlink:href="#sSpan2984" value="ⲧⲏⲣⲟⲩ"/>
		<feat xlink:href="#sSpan2990" value="ⲉⲧⲥⲏϩ"/>
		<feat xlink:href="#sSpan2997" value="ϩⲣⲁⲓ"/>
		<feat xlink:href="#sSpan3002" value="ϩⲛⲛⲉⲓⲭⲁⲣⲧⲏⲥ"/>
		<feat xlink:href="#sSpan3013" value="ⲉⲧⲥⲏϩ"/>
		<feat xlink:href="#sSpan3020" value="ϫⲓⲛⲛϣⲟⲣⲡ"/>
		<feat xlink:href="#sSpan3030" value="ⲡⲁⲗⲓⲛ"/>
		<feat xlink:href="#sSpan3039" value="ⲇⲉ"/>
		<feat xlink:href="#sSpan3043" value="ⲟⲛ"/>
		<feat xlink:href="#sSpan3047" value="ⲉⲩⲧⲛⲧⲱⲛ"/>
		<feat xlink:href="#sSpan3056" value="ⲛϭⲓⲛϣⲁϫⲉ"/>
		<feat xlink:href="#sSpan3066" value="ⲉⲧⲟⲩⲁⲁⲃ"/>
		<feat xlink:href="#sSpan3073" value="ⲛⲧⲉⲡⲉⲛϫⲟⲉⲓⲥ"/>
		<feat xlink:href="#sSpan3084" value="ⲓⲏⲥⲟⲩⲥ"/>
		<feat xlink:href="#sSpan3088" value="ⲉⲡⲟⲩⲟⲉⲓⲛ"/>
		<feat xlink:href="#sSpan3098" value="ⲛϩⲉⲛϩⲏⲃⲥ"/>
		<feat xlink:href="#sSpan3108" value="ⲉⲩϩⲛⲛϭⲓϫ"/>
		<feat xlink:href="#sSpan3121" value="ⲛⲟⲩⲣⲱⲙⲉ"/>
		<feat xlink:href="#sSpan3131" value="ⲛⲥⲁⲃⲉ"/>
		<feat xlink:href="#sSpan3139" value="·"/>
		<feat xlink:href="#sSpan3143" value="ⲉⲩⲣⲟⲩⲟⲉⲓⲛ"/>
		<feat xlink:href="#sSpan3157" value="ⲉⲣⲟϥ"/>
		<feat xlink:href="#sSpan3163" value="ϩⲛϩⲉⲛⲙⲁ"/>
		<feat xlink:href="#sSpan3173" value="ⲛⲕⲁⲕⲉ"/>
		<feat xlink:href="#sSpan3180" value="ⲉϥⲉⲓⲣⲉ"/>
		<feat xlink:href="#sSpan3190" value="ⲛⲛⲉϥϩⲃⲏⲩⲉ"/>
		<feat xlink:href="#sSpan3200" value="·"/>
		<feat xlink:href="#sSpan3205" value="ⲕⲁⲧⲁⲧϩⲉ"/>
		<feat xlink:href="#sSpan3217" value="ⲉⲧⲥⲏϩ"/>
		<feat xlink:href="#sSpan3223" value="ϫⲉⲡϩⲏⲃⲥ"/>
		<feat xlink:href="#sSpan3237" value="ⲛⲛⲁⲟⲩⲉⲣⲏⲧⲉ"/>
		<feat xlink:href="#sSpan3247" value=":"/>
		<feat xlink:href="#sSpan3251" value="ⲉⲡⲉⲕϣⲁϫⲉ"/>
		<feat xlink:href="#sSpan3262" value="ⲁⲩⲱ"/>
		<feat xlink:href="#sSpan3270" value="ⲉⲩⲧⲛⲧⲱⲛ"/>
		<feat xlink:href="#sSpan3279" value="ⲉⲡⲟⲩⲟⲉⲓⲛ"/>
		<feat xlink:href="#sSpan3289" value="ⲙⲡⲉϩⲟⲟⲩ"/>
		<feat xlink:href="#sSpan3299" value="·"/>
		<feat xlink:href="#sSpan3303" value="ⲁⲩⲱ"/>
		<feat xlink:href="#sSpan3310" value="ⲡⲉⲧϯ"/>
		<feat xlink:href="#sSpan3320" value="ⲛϩⲧⲏϥ"/>
		<feat xlink:href="#sSpan3328" value="ⲉⲣⲟⲟⲩ"/>
		<feat xlink:href="#sSpan3335" value="ⲛϥⲛⲁϫⲓϫⲣⲟⲡ"/>
		<feat xlink:href="#sSpan3348" value="ⲁⲛ"/>
		<feat xlink:href="#sSpan3353" value="ⲕⲁⲧⲁⲛⲉⲅⲣⲁⲫⲏ"/>
		<feat xlink:href="#sSpan3364" value="ϫⲉⲡⲉⲧⲙⲟⲟϣⲉ"/>
		<feat xlink:href="#sSpan3381" value="ϩⲛⲡⲉϩⲟⲟⲩ"/>
		<feat xlink:href="#sSpan3392" value="·"/>
		<feat xlink:href="#sSpan3396" value="ⲙⲉϥϫⲓϫⲣⲟⲡ"/>
		<feat xlink:href="#sSpan3407" value="·"/>
		<feat xlink:href="#sSpan3414" value="ⲉⲧⲃⲉⲡⲁⲓ"/>
		<feat xlink:href="#sSpan3425" value="ⲛⲁⲓⲁⲧⲟⲩ"/>
		<feat xlink:href="#sSpan3432" value="ⲛⲛϣⲏⲣⲉ"/>
		<feat xlink:href="#sSpan3442" value="ⲙⲡⲟⲩⲟⲉⲓⲛ"/>
		<feat xlink:href="#sSpan3452" value="ⲉⲧⲉⲛⲉⲧⲙⲟⲟϣⲉ"/>
		<feat xlink:href="#sSpan3465" value="ⲛⲉ"/>
		<feat xlink:href="#sSpan3469" value="ϩⲛⲧⲡⲁⲣⲣⲏⲥⲓⲁ"/>
		<feat xlink:href="#sSpan3481" value="ⲛϩⲩⲡⲟⲧⲁⲅⲏ"/>
		<feat xlink:href="#sSpan3490" value="ⲛⲓⲙ"/>
		<feat xlink:href="#sSpan3494" value="ϩⲓⲙⲛⲧⲥⲧⲙⲏⲧ"/>
		<feat xlink:href="#sSpan3504" value="ⲛⲓⲙ"/>
		<feat xlink:href="#sSpan3509" value="ϩⲓϩⲱⲃ"/>
		<feat xlink:href="#sSpan3517" value="ⲛⲓⲙ"/>
		<feat xlink:href="#sSpan3521" value="ⲛⲁⲅⲁⲑⲟⲛ"/>
		<feat xlink:href="#sSpan3530" value="ⲟⲩⲟⲓ"/>
		<feat xlink:href="#sSpan3540" value="ⲇⲉ"/>
		<feat xlink:href="#sSpan3544" value="ⲛⲛϣⲏⲣⲉ"/>
		<feat xlink:href="#sSpan3554" value="ⲙⲡⲕⲁⲕⲉ"/>
		<feat xlink:href="#sSpan3564" value="ⲉⲧⲉⲛⲉⲧⲙⲟⲟϣⲉ"/>
		<feat xlink:href="#sSpan3576" value="ⲛⲉ"/>
		<feat xlink:href="#sSpan3580" value="ϩⲛⲙⲛⲧⲁⲧⲥⲱⲧⲙ"/>
		<feat xlink:href="#sSpan3591" value="ⲛⲓⲙ"/>
		<feat xlink:href="#sSpan3596" value="ϩⲓⲙⲛⲧⲁⲧⲥⲃⲱ"/>
		<feat xlink:href="#sSpan3607" value="ⲛⲓⲙ"/>
		<feat xlink:href="#sSpan3611" value="·"/>
		<feat xlink:href="#sSpan3615" value="ⲉⲩⲡⲏⲧ"/>
		<feat xlink:href="#sSpan3629" value="ⲉϩⲟⲩⲛ"/>
		<feat xlink:href="#sSpan3634" value="ⲏ"/>
		<feat xlink:href="#sSpan3638" value="ⲉϩⲣⲁⲓ"/>
		<feat xlink:href="#sSpan3643" value="ⲉⲡⲕⲁⲕⲉ"/>
		<feat xlink:href="#sSpan3652" value="ⲛϩⲱⲃ"/>
		<feat xlink:href="#sSpan3661" value="ⲛⲓⲙ"/>
		<feat xlink:href="#sSpan3665" value="ⲉϥϩⲟⲟⲩ"/>
		<feat xlink:href="#sSpan3674" value="ⲛⲧϩⲉ"/>
		<feat xlink:href="#sSpan3682" value="ⲛⲛⲛⲩⲕⲧⲉⲣⲓⲥ"/>
		<feat xlink:href="#sSpan3693" value="ⲉⲧⲡⲏⲧ"/>
		<feat xlink:href="#sSpan3700" value="ⲉϩⲟⲩⲛ"/>
		<feat xlink:href="#sSpan3705" value="ⲏ"/>
		<feat xlink:href="#sSpan3709" value="ⲉϩⲣⲁⲓ"/>
		<feat xlink:href="#sSpan3714" value="ⲉϩⲉⲛⲙⲁ"/>
		<feat xlink:href="#sSpan3723" value="ⲛⲕⲁⲕⲉ"/>
		<feat xlink:href="#sSpan3731" value="ⲉⲩϣⲟⲕϩ"/>
		<feat xlink:href="#sSpan3740" value="ⲉⲙⲁⲧⲉ"/>
		<feat xlink:href="#sSpan3744" value="·"/>
		<feat xlink:href="#sSpan3749" value="ⲁϩⲣⲟϥ"/>
		<feat xlink:href="#sSpan3760" value="ⲁϥϫⲟⲟⲥ"/>
		<feat xlink:href="#sSpan3770" value="ⲛϭⲓⲡϫⲟⲉⲓⲥ"/>
		<feat xlink:href="#sSpan3780" value="ⲡⲛⲟⲩⲧⲉ"/>
		<feat xlink:href="#sSpan3787" value="ⲉⲃⲟⲗ"/>
		<feat xlink:href="#sSpan3793" value="ϩⲓⲧⲟⲟⲧⲟⲩ"/>
		<feat xlink:href="#sSpan3800" value="ⲛⲛⲉϥⲡⲉⲧⲟⲩⲁⲁⲃ"/>
		<feat xlink:href="#sSpan3814" value="ϫⲉⲉⲣϣⲁⲛⲡⲉⲕϫⲁϫⲉ"/>
		<feat xlink:href="#sSpan3830" value="ϩⲕⲟ"/>
		<feat xlink:href="#sSpan3835" value="ⲙⲁⲧⲙⲙⲟϥ"/>
		<feat xlink:href="#sSpan3844" value="ⲁⲩⲱ"/>
		<feat xlink:href="#sSpan3849" value="ⲉϥϣⲁⲛⲉⲓⲃⲉ"/>
		<feat xlink:href="#sSpan3856" value="ⲙⲁⲧⲥⲟϥ"/>
		<feat xlink:href="#sSpan3866" value="ⲉⲧⲃⲉⲟⲩ"/>
		<feat xlink:href="#sSpan3876" value="ϩⲱⲱϥ"/>
		<feat xlink:href="#sSpan3882" value="ⲁϥϫⲟⲟⲥ"/>
		<feat xlink:href="#sSpan3893" value="ϫⲉⲉⲣϣⲁⲛⲧⲙⲡⲉⲕⲥⲟⲛ"/>
		<feat xlink:href="#sSpan3912" value="ⲥⲱⲧⲙ"/>
		<feat xlink:href="#sSpan3916" value="ⲛⲥⲱⲕ"/>
		<feat xlink:href="#sSpan3923" value="ⲙⲁⲣⲉϥϣⲱⲡⲉ"/>
		<feat xlink:href="#sSpan3932" value="ⲛⲁⲕ"/>
		<feat xlink:href="#sSpan3938" value="ⲛⲧϩⲉ"/>
		<feat xlink:href="#sSpan3947" value="ⲛⲟⲩϩⲉⲑⲛⲓⲕⲟⲥ"/>
		<feat xlink:href="#sSpan3958" value="ⲙⲛⲟⲩⲧⲉⲗⲱⲛⲏⲥ"/>
		<feat xlink:href="#sSpan3969" value="·"/>
		<feat xlink:href="#sSpan3975" value="ϩⲙⲡⲧⲣⲉϥϫⲟⲟⲥ"/>
		<feat xlink:href="#sSpan3995" value="ⲇⲉ"/>
		<feat xlink:href="#sSpan3999" value="ϫⲉⲣⲡⲉⲧⲛⲁⲛⲟⲩϥ"/>
		<feat xlink:href="#sSpan4013" value="ⲛⲓⲙ"/>
		<feat xlink:href="#sSpan4019" value="ⲛⲛⲉⲧⲛϫⲓϫⲉⲉⲩⲉ"/>
		<feat xlink:href="#sSpan4032" value="ⲕⲁⲧⲁⲧⲉⲛⲧⲟⲗⲏ"/>
		<feat xlink:href="#sSpan4043" value="·"/>
		<feat xlink:href="#sSpan4047" value="ⲉϥⲟⲩⲱϣ"/>
		<feat xlink:href="#sSpan4060" value="ⲉⲧⲣⲉⲡⲁⲅⲁⲑⲟⲥ"/>
		<feat xlink:href="#sSpan4073" value="ⲛⲣⲱⲙⲉ"/>
		<feat xlink:href="#sSpan4079" value="ⲛⲧⲉⲡⲛⲟⲩⲧⲉ"/>
		<feat xlink:href="#sSpan4090" value="ϫⲱⲕ"/>
		<feat xlink:href="#sSpan4095" value="ⲉⲃⲟⲗ"/>
		<feat xlink:href="#sSpan4099" value="ⲛⲟⲩⲙⲛⲧⲁⲅⲁⲑⲟⲥ"/>
		<feat xlink:href="#sSpan4113" value="ϩⲓⲧⲛⲧⲡⲟⲛⲏⲣⲓⲁ"/>
		<feat xlink:href="#sSpan4125" value="ⲙⲡⲡⲟⲛⲏⲣⲟⲥ"/>
		<feat xlink:href="#sSpan4136" value="ⲛⲣⲱⲙⲉ"/>
		<feat xlink:href="#sSpan4143" value="ⲉⲧⲏⲡ"/>
		<feat xlink:href="#sSpan4149" value="ⲉⲡⲣⲉϥⲣⲛⲟⲃⲉ"/>
		<feat xlink:href="#sSpan4162" value="ⲡⲥⲁⲧⲁⲛⲁⲥ"/>
		<feat xlink:href="#sSpan4172" value="ⲉⲡⲉⲓⲇⲏ"/>
		<feat xlink:href="#sSpan4180" value="ⲉⲡⲙⲁ"/>
		<feat xlink:href="#sSpan4189" value="ⲛⲧⲡⲟⲛⲏⲣⲓⲁ"/>
		<feat xlink:href="#sSpan4200" value="ⲙⲡⲡⲟⲛⲏⲣⲟⲥ"/>
		<feat xlink:href="#sSpan4211" value="ⲛⲣⲱⲙⲉ"/>
		<feat xlink:href="#sSpan4218" value="ϣⲁⲣⲉⲧⲙⲛⲧⲁⲅⲁⲑⲟⲥ"/>
		<feat xlink:href="#sSpan4232" value="ⲙⲡⲁⲅⲁⲑⲟⲥ"/>
		<feat xlink:href="#sSpan4243" value="ⲛⲣⲱⲙⲉ"/>
		<feat xlink:href="#sSpan4249" value="ϥⲓ"/>
		<feat xlink:href="#sSpan4255" value="ⲙⲙⲁⲩ"/>
		<feat xlink:href="#sSpan4259" value="ⲛⲧⲡⲟⲛⲏⲣⲓⲁ"/>
		<feat xlink:href="#sSpan4271" value="ⲙⲡⲣⲱⲙⲉ"/>
		<feat xlink:href="#sSpan4281" value="ⲛϫⲁϫⲉ"/>
		<feat xlink:href="#sSpan4287" value="·"/>
		<feat xlink:href="#sSpan4293" value="ϩⲙⲡⲧⲣⲉⲡⲣⲱⲙⲉ"/>
		<feat xlink:href="#sSpan4312" value="ⲧⲱⲱⲃⲉ"/>
		<feat xlink:href="#sSpan4317" value="ⲛⲟⲩⲡⲉⲧⲛⲁⲛⲟⲩϥ"/>
		<feat xlink:href="#sSpan4331" value="ⲉⲡⲙⲁ"/>
		<feat xlink:href="#sSpan4339" value="ⲛⲟⲩⲡⲉⲧϩⲟⲟⲩ"/>
		<feat xlink:href="#sSpan4352" value="ⲉϣⲁϥϫⲱⲕ"/>
		<feat xlink:href="#sSpan4363" value="ⲉⲃⲟⲗ"/>
		<feat xlink:href="#sSpan4368" value="ⲛⲧⲙⲛⲧⲛⲟⲩⲧⲉ"/>
		<feat xlink:href="#sSpan4381" value="ⲙⲡⲛⲟⲩⲧⲉ"/>
		<feat xlink:href="#sSpan4393" value="·"/>
		<feat xlink:href="#sSpan4397" value="ϩⲙⲡⲧⲣⲉⲡⲣⲱⲙⲉ"/>
		<feat xlink:href="#sSpan4417" value="ⲇⲉ"/>
		<feat xlink:href="#sSpan4421" value="ⲧⲱⲱⲃⲉ"/>
		<feat xlink:href="#sSpan4426" value="ⲛⲟⲩⲡⲉⲧϩⲟⲟⲩ"/>
		<feat xlink:href="#sSpan4439" value="ⲉⲡⲙⲁ"/>
		<feat xlink:href="#sSpan4447" value="ⲛⲟⲩⲡⲉⲧⲛⲁⲛⲟⲩϥ"/>
		<feat xlink:href="#sSpan4462" value="ⲉϣⲁϥϫⲱⲕ"/>
		<feat xlink:href="#sSpan4473" value="ⲉⲃⲟⲗ"/>
		<feat xlink:href="#sSpan4477" value="ⲛⲧⲙⲛⲧⲁⲧⲛⲟⲩⲧⲉ"/>
		<feat xlink:href="#sSpan4491" value="ⲙⲡⲁⲧⲛⲟⲩⲧⲉ"/>
		<feat xlink:href="#sSpan4503" value="ⲛⲇⲓⲁⲃⲟⲗⲟⲥ"/>
		<feat xlink:href="#sSpan4511" value="·"/>
		<feat xlink:href="#sSpan4517" value="ϩⲙⲡⲧⲣⲉϥϫⲟⲟⲥ"/>
		<feat xlink:href="#sSpan4537" value="ⲇⲉ"/>
		<feat xlink:href="#sSpan4541" value="ϫⲉⲉⲣϣⲁⲛⲧⲙⲡⲉⲕⲥⲟⲛ"/>
		<feat xlink:href="#sSpan4557" value="ⲥⲱⲧⲙ"/>
		<feat xlink:href="#sSpan4561" value="ⲛⲥⲱⲕ"/>
		<feat xlink:href="#sSpan4568" value="ⲙⲁⲣⲉϥϣⲱⲡⲉ"/>
		<feat xlink:href="#sSpan4577" value="ⲛⲁⲕ"/>
		<feat xlink:href="#sSpan4583" value="ⲉⲩϫⲁϫⲉ"/>
		<feat xlink:href="#sSpan4593" value="ⲛⲧϩⲉ"/>
		<feat xlink:href="#sSpan4602" value="ⲙⲡⲉⲧⲉⲙⲡⲕⲛⲁⲩ"/>
		<feat xlink:href="#sSpan4618" value="ⲉⲣⲟϥ"/>
		<feat xlink:href="#sSpan4624" value="ⲉⲛⲉϩ"/>
		<feat xlink:href="#sSpan4631" value="·"/>
		<feat xlink:href="#sSpan4635" value="ϣⲟⲣⲡ"/>
		<feat xlink:href="#sSpan4643" value="ⲙⲉⲛ"/>
		<feat xlink:href="#sSpan4648" value="ⲉϥⲟⲩⲱϣ"/>
		<feat xlink:href="#sSpan4656" value="ⲛϭⲓⲡϫⲟⲉⲓⲥ"/>
		<feat xlink:href="#sSpan4667" value="ⲉⲧⲣⲉⲛϣⲁⲁⲧϥ"/>
		<feat xlink:href="#sSpan4680" value="ⲉⲃⲟⲗ"/>
		<feat xlink:href="#sSpan4684" value="ⲙⲙⲟⲛ"/>
		<feat xlink:href="#sSpan4691" value="ⲙⲛⲛⲥⲁⲧⲣⲉⲛϫⲡⲓⲟϥ"/>
		<feat xlink:href="#sSpan4707" value="ϫⲉⲁⲣⲏⲩ"/>
		<feat xlink:href="#sSpan4714" value="ⲣⲱ"/>
		<feat xlink:href="#sSpan4718" value="ⲛϥⲣϩⲧⲏϥ"/>
		<feat xlink:href="#sSpan4732" value="ⲙⲛⲛⲥⲁⲧⲣⲉϥϣⲱⲡⲉ"/>
		<feat xlink:href="#sSpan4743" value="ⲛⲧϩⲉ"/>
		<feat xlink:href="#sSpan4751" value="ⲛⲟⲩϣⲙⲙⲟ"/>
		<feat xlink:href="#sSpan4764" value="ⲉⲧⲃⲉⲡⲛⲟⲩⲧⲉ"/>
		<feat xlink:href="#sSpan4774" value="ⲉⲡⲉⲛⲥⲟⲛ"/>
		<feat xlink:href="#sSpan4784" value="ⲡⲉ"/>
		<feat xlink:href="#sSpan4789" value="ⲁⲩⲱ"/>
		<feat xlink:href="#sSpan4798" value="ⲛϥⲕⲧⲟϥ"/>
		<feat xlink:href="#sSpan4808" value="ⲛϥⲙⲉⲧⲁⲛⲟⲉⲓ"/>
		<feat xlink:href="#sSpan4818" value="ⲛⲧⲛⲕⲱ"/>
		<feat xlink:href="#sSpan4827" value="ⲛⲁϥ"/>
		<feat xlink:href="#sSpan4833" value="ⲉⲃⲟⲗ"/>
		<feat xlink:href="#sSpan4838" value="ϣⲁⲥⲁϣϥ"/>
		<feat xlink:href="#sSpan4846" value="ⲛϣϥⲉ"/>
		<feat xlink:href="#sSpan4853" value="ⲛⲥⲟⲡ"/>
		<feat xlink:href="#sSpan4860" value="ϩⲟⲧⲁⲛ"/>
		<feat xlink:href="#sSpan4865" value="ⲉϥϣⲁⲛⲧⲙⲟⲩⲁϩⲙⲉϥ"/>
		<feat xlink:href="#sSpan4876" value="ⲉϩⲣⲁⲓ"/>
		<feat xlink:href="#sSpan4881" value="ⲉⲡⲛⲟⲃⲉ"/>
		<feat xlink:href="#sSpan4890" value="ⲉⲛⲧⲁⲛⲙⲉⲉⲩⲉ"/>
		<feat xlink:href="#sSpan4903" value="ⲉϣⲁⲁⲧϥ"/>
		<feat xlink:href="#sSpan4912" value="ⲉⲃⲟⲗ"/>
		<feat xlink:href="#sSpan4916" value="ⲙⲙⲟⲛ"/>
		<feat xlink:href="#sSpan4923" value="ⲉⲧⲃⲏⲏⲧϥ"/>
		<feat xlink:href="#sSpan4932" value="·"/>
		<feat xlink:href="#sSpan4937" value="ⲁⲗⲗⲁ"/>
		<feat xlink:href="#sSpan4945" value="ⲉϣⲱⲡⲉ"/>
		<feat xlink:href="#sSpan4950" value="ⲉϥϣⲁⲛⲧⲙⲣϩⲛⲁϥ"/>
		<feat xlink:href="#sSpan4963" value="ⲉⲕⲧⲟϥ"/>
		<feat xlink:href="#sSpan4972" value="ⲉⲃⲟⲗ"/>
		<feat xlink:href="#sSpan4977" value="ϩⲙⲡⲛⲟⲃⲉ"/>
		<feat xlink:href="#sSpan4987" value="ⲉⲛⲧⲁⲛⲙⲉⲉⲩⲉ"/>
		<feat xlink:href="#sSpan4998" value="ⲉϣⲁⲁⲧϥ"/>
		<feat xlink:href="#sSpan5006" value="ⲉⲃⲟⲗ"/>
		<feat xlink:href="#sSpan5011" value="ⲙⲙⲟⲛ"/>
		<feat xlink:href="#sSpan5017" value="ⲉⲧⲃⲏⲏⲧϥ"/>
		<feat xlink:href="#sSpan5024" value="ⲉⲛⲛⲁϣⲁⲁⲧϥ"/>
		<feat xlink:href="#sSpan5037" value="ⲉⲃⲟⲗ"/>
		<feat xlink:href="#sSpan5042" value="ⲙⲙⲟⲛ"/>
		<feat xlink:href="#sSpan5048" value="ⲁⲩⲱ"/>
		<feat xlink:href="#sSpan5053" value="ⲛⲛⲉϥⲕⲧⲟϥ"/>
		<feat xlink:href="#sSpan5064" value="ⲉⲣⲟⲛ"/>
		<feat xlink:href="#sSpan5070" value="ⲁⲩⲱ"/>
		<feat xlink:href="#sSpan5075" value="ⲛⲛⲉⲛⲙⲉⲣⲓⲧϥ"/>
		<feat xlink:href="#sSpan5087" value="ⲁⲗⲗⲁ"/>
		<feat xlink:href="#sSpan5094" value="ⲉϥⲉϣⲱⲡⲉ"/>
		<feat xlink:href="#sSpan5101" value="ⲛⲁⲛ"/>
		<feat xlink:href="#sSpan5107" value="ⲛⲟⲩϫⲁϫⲉ"/>
		<feat xlink:href="#sSpan5117" value="ⲉⲧⲃⲉⲡⲛⲟⲩⲧⲉⲉⲡⲉⲛⲥⲟⲛ"/>
		<feat xlink:href="#sSpan5138" value="ⲡⲉ"/>
		<feat xlink:href="#sSpan5143" value="ⲁⲩⲱ"/>
		<feat xlink:href="#sSpan5151" value="ⲛⲧⲉⲓϩⲉ"/>
		<feat xlink:href="#sSpan5159" value="ϣⲁⲣⲉⲡⲙⲁⲓⲛⲟⲩⲧⲉ"/>
		<feat xlink:href="#sSpan5172" value="ⲟⲩⲱⲛϩ"/>
		<feat xlink:href="#sSpan5177" value="ⲉⲃⲟⲗ"/>
		<feat xlink:href="#sSpan5182" value="ⲙⲡⲉϥⲟⲩⲱϣ"/>
		<feat xlink:href="#sSpan5192" value="ⲧⲏⲣϥ"/>
		<feat xlink:href="#sSpan5198" value="ⲉϩⲟⲩⲛ"/>
		<feat xlink:href="#sSpan5203" value="ⲉⲡϫⲟⲉⲓⲥ"/>
		<feat xlink:href="#sSpan5212" value="ϫⲉⲁϥⲙⲉⲣⲓⲧϥ"/>
		<feat xlink:href="#sSpan5226" value="ⲉϩⲟⲩo"/>
		<feat xlink:href="#sSpan5233" value="ⲉⲡⲉϥⲥⲟⲛ"/>
		<feat xlink:href="#sSpan5243" value="·"/>
		<feat xlink:href="#sSpan5247" value="ⲁⲩⲱ"/>
		<feat xlink:href="#sSpan5251" value="ⲛϩⲟⲩⲟ"/>
		<feat xlink:href="#sSpan5258" value="ⲉⲡⲉϥⲉⲓⲱⲧ"/>
		<feat xlink:href="#sSpan5268" value="ⲙⲛⲧⲉϥⲙⲁⲁⲩ"/>
		<feat xlink:href="#sSpan5279" value="·"/>
		<feat xlink:href="#sSpan5283" value="ⲟⲩⲛⲟϭ"/>
		<feat xlink:href="#sSpan5296" value="ⲅⲁⲣ"/>
		<feat xlink:href="#sSpan5301" value="ⲙⲙⲛⲧⲧⲉⲗⲓⲟⲥ"/>
		<feat xlink:href="#sSpan5311" value="ⲧⲉ"/>
		<feat xlink:href="#sSpan5315" value="ⲉⲧⲣⲉⲡⲣⲱⲙⲉ"/>
		<feat xlink:href="#sSpan5327" value="ϣⲱⲱⲧ"/>
		<feat xlink:href="#sSpan5333" value="ⲉⲃⲟⲗ"/>
		<feat xlink:href="#sSpan5337" value="ⲙⲙⲟϥ"/>
		<feat xlink:href="#sSpan5344" value="ⲙⲡⲉϥⲥⲟⲛ"/>
		<feat xlink:href="#sSpan5355" value="ⲏ"/>
		<feat xlink:href="#sSpan5360" value="ⲡⲉϥϣⲏⲣⲉ"/>
		<feat xlink:href="#sSpan5368" value="ⲏ"/>
		<feat xlink:href="#sSpan5373" value="ⲧⲉϥϣⲉⲉⲣⲉ"/>
		<feat xlink:href="#sSpan5381" value="ⲏ"/>
		<feat xlink:href="#sSpan5386" value="ⲡⲉϥⲉⲓⲱⲧ"/>
		<feat xlink:href="#sSpan5395" value="ⲏ"/>
		<feat xlink:href="#sSpan5400" value="ⲧⲉϥⲙⲁⲁⲩ"/>
		<feat xlink:href="#sSpan5408" value="ⲏ"/>
		<feat xlink:href="#sSpan5412" value="ϭⲉⲗⲁⲁⲩ"/>
		<feat xlink:href="#sSpan5420" value="ⲛⲣⲱⲙⲉ"/>
		<feat xlink:href="#sSpan5426" value="ⲛⲧⲁϥ"/>
		<feat xlink:href="#sSpan5433" value="ⲉⲧⲃⲉⲡⲛⲟⲩⲧⲉ"/>
		<feat xlink:href="#sSpan5446" value="·"/>
		<feat xlink:href="#sSpan5451" value="ϩⲟⲧⲁⲛ"/>
		<feat xlink:href="#sSpan5455" value="ⲉⲩϣⲁⲛⲣⲛⲟⲃⲉ"/>
		<feat xlink:href="#sSpan5465" value="ⲉⲡⲉⲛⲧⲁϥⲧⲁⲙⲓⲟⲟⲩ"/>
		<feat xlink:href="#sSpan5483" value="ⲉⲧⲉⲡⲛⲟⲩⲧⲉ"/>
		<feat xlink:href="#sSpan5493" value="ⲡⲉ"/>
		<feat xlink:href="#sSpan5497" value="·"/>
		<feat xlink:href="#sSpan5502" value="ⲁⲩⲱ"/>
		<feat xlink:href="#sSpan5511" value="ⲟⲩⲛⲟϭ"/>
		<feat xlink:href="#sSpan5518" value="ⲙⲙⲛⲧϫⲱⲱⲣⲉ"/>
		<feat xlink:href="#sSpan5530" value="ⲧⲉ"/>
		<feat xlink:href="#sSpan5535" value="ⲉⲧⲣⲉⲡⲣⲱⲙⲉ"/>
		<feat xlink:href="#sSpan5547" value="ⲙⲉⲣⲉⲛⲉϥϫⲓϫⲉⲉⲩⲉ"/>
		<feat xlink:href="#sSpan5557" value="ⲉⲧⲃⲉⲡⲛⲟⲩⲧⲉ"/>
		<feat xlink:href="#sSpan5568" value="ⲁⲩⲱ"/>
		<feat xlink:href="#sSpan5576" value="ⲛϥϣⲗⲏⲗ"/>
		<feat xlink:href="#sSpan5584" value="ⲉϫⲛⲛⲉⲧⲡⲏⲧ"/>
		<feat xlink:href="#sSpan5596" value="ⲛⲥⲱϥ"/>
		<feat xlink:href="#sSpan5603" value="ⲉⲧⲣⲡⲉⲧϩⲟⲟⲩ"/>
		<feat xlink:href="#sSpan5617" value="ⲛⲁϥ"/>
		<feat xlink:href="#sSpan5623" value="ⲁⲩⲱ"/>
		<feat xlink:href="#sSpan5628" value="ⲉⲧⲃⲉⲡⲛⲟⲩⲧⲉ"/>
		<feat xlink:href="#sSpan5639" value="ⲛϥⲥⲙⲟⲩ"/>
		<feat xlink:href="#sSpan5650" value="ⲉⲛⲉⲧⲥⲁϩⲟⲩ"/>
		<feat xlink:href="#sSpan5662" value="ⲙⲙⲟϥ"/>
		<feat xlink:href="#sSpan5669" value="ⲉⲧⲣⲛⲟⲃⲉ"/>
		<feat xlink:href="#sSpan5678" value="ⲉⲣⲟϥ"/>
		<feat xlink:href="#sSpan5684" value="·"/>
		<feat xlink:href="#sSpan5689" value="ⲁⲩⲱ"/>
		<feat xlink:href="#sSpan5698" value="ⲧⲁⲓ"/>
		<feat xlink:href="#sSpan5702" value="ⲧⲉ"/>
		<feat xlink:href="#sSpan5706" value="ⲧϩⲉ"/>
		<feat xlink:href="#sSpan5712" value="ⲛⲧⲁϥϫⲟⲟⲥ"/>
		<feat xlink:href="#sSpan5725" value="ϫⲉⲙⲁⲣⲉⲡⲉⲕⲥⲟⲛ"/>
		<feat xlink:href="#sSpan5739" value="ϣⲱⲡⲉ"/>
		<feat xlink:href="#sSpan5744" value="ⲛⲁⲕ"/>
		<feat xlink:href="#sSpan5751" value="ⲛⲟⲩϩⲉⲑⲛⲓⲕⲟⲥ"/>
		<feat xlink:href="#sSpan5762" value="ⲙⲛⲟⲩⲧⲉⲗⲱⲛⲏⲥ"/>
		<feat xlink:href="#sSpan5773" value="ⲉⲧⲃⲉⲡⲛⲟⲩⲧⲉ"/>
		<feat xlink:href="#sSpan5786" value="ϩⲟⲧⲁⲛ"/>
		<feat xlink:href="#sSpan5794" value="ⲉϥϣⲁⲛⲣⲛⲟⲃⲉ"/>
		<feat xlink:href="#sSpan5803" value="ⲙⲡⲙⲧⲟ"/>
		<feat xlink:href="#sSpan5813" value="ⲉⲃⲟⲗ"/>
		<feat xlink:href="#sSpan5817" value="ⲙⲡϫⲟⲉⲓⲥ"/>
		<feat xlink:href="#sSpan5828" value="·"/>
		<feat xlink:href="#sSpan5832" value="ⲡⲉⲕϫⲁϫⲉ"/>
		<feat xlink:href="#sSpan5844" value="ⲇⲉ"/>
		<feat xlink:href="#sSpan5848" value="ϩⲱⲱϥ"/>
		<feat xlink:href="#sSpan5854" value="ⲉⲧⲣⲛⲟⲃⲉ"/>
		<feat xlink:href="#sSpan5863" value="ⲉⲣⲟⲕ"/>
		<feat xlink:href="#sSpan5870" value="ⲛⲅⲙⲉⲣⲓⲧϥ"/>
		<feat xlink:href="#sSpan5881" value="ⲁⲩⲱ"/>
		<feat xlink:href="#sSpan5885" value="ⲛⲅⲥⲙⲟⲩ"/>
		<feat xlink:href="#sSpan5894" value="ⲉⲣⲟϥ"/>
		<feat xlink:href="#sSpan5902" value="ⲉⲧⲃⲉⲡⲛⲟⲩⲧⲉ"/>
		<feat xlink:href="#sSpan5913" value="·"/>
		<feat xlink:href="#sSpan5918" value="ⲁⲛⲟⲛ"/>
		<feat xlink:href="#sSpan5928" value="ⲇⲉ"/>
		<feat xlink:href="#sSpan5932" value="ϩⲱⲱⲛ"/>
		<feat xlink:href="#sSpan5939" value="ⲉⲥⲛⲏⲩ"/>
		<feat xlink:href="#sSpan5946" value="ⲉⲛϩⲟⲥⲟⲛ"/>
		<feat xlink:href="#sSpan5956" value="ⲉⲛⲟ"/>
		<feat xlink:href="#sSpan5964" value="ⲛⲕⲟⲓⲛⲱⲛⲟⲥ"/>
		<feat xlink:href="#sSpan5973" value="ⲙⲛⲛⲉⲛⲉⲣⲏⲩ"/>
		<feat xlink:href="#sSpan5982" value="ⲁⲛⲟⲛ"/>
		<feat xlink:href="#sSpan5987" value="ⲛϣⲏⲣⲉ"/>
		<feat xlink:href="#sSpan5994" value="ⲛⲟⲩⲣⲱⲙⲉ"/>
		<feat xlink:href="#sSpan6005" value="ⲛⲟⲩⲱⲧ"/>
		<feat xlink:href="#sSpan6012" value="ⲉⲧⲉⲡⲛⲟⲩⲧⲉ"/>
		<feat xlink:href="#sSpan6022" value="ⲡⲉ"/>
		<feat xlink:href="#sSpan6026" value="·"/>
		<feat xlink:href="#sSpan6031" value="ⲁⲩⲱ"/>
		<feat xlink:href="#sSpan6039" value="ⲁⲛⲟⲛ"/>
		<feat xlink:href="#sSpan6043" value="ⲛϣⲏⲣⲉ"/>
		<feat xlink:href="#sSpan6051" value="ⲛⲟⲩⲙⲁⲁⲩ"/>
		<feat xlink:href="#sSpan6061" value="ⲛⲟⲩⲱⲧ"/>
		<feat xlink:href="#sSpan6067" value="ⲉⲧⲉⲧϩⲓⲉⲣⲟⲩⲥⲁⲗⲏⲙ"/>
		<feat xlink:href="#sSpan6078" value="ⲛⲧⲡⲉ"/>
		<feat xlink:href="#sSpan6088" value="ⲧⲉ"/>
		<feat xlink:href="#sSpan6093" value="ⲕⲁⲧⲁⲛⲉⲅⲣⲁⲫⲏ"/>
		<feat xlink:href="#sSpan6104" value="·"/>
		<feat xlink:href="#sSpan6109" value="ⲙⲏ"/>
		<feat xlink:href="#sSpan6118" value="ⲁⲣⲁ"/>
		<feat xlink:href="#sSpan6122" value="ϭⲉ"/>
		<feat xlink:href="#sSpan6126" value="ⲉϥⲥⲟⲧⲡ"/>
		<feat xlink:href="#sSpan6135" value="ⲛϭⲓⲡⲉⲛⲉⲓⲱⲧ"/>
		<feat xlink:href="#sSpan6145" value="ⲙⲛⲧⲉⲛⲙⲁⲁⲩ"/>
		<feat xlink:href="#sSpan6155" value="ⲉⲛⲧⲁⲩϫⲡⲟⲛ"/>
		<feat xlink:href="#sSpan6168" value="ⲁⲩⲱ"/>
		<feat xlink:href="#sSpan6173" value="ⲉⲁⲩⲥⲁⲛⲟⲩϣⲛ"/>
		<feat xlink:href="#sSpan6187" value="ⲕⲁⲧⲁⲥⲁⲣⲝ"/>
		<feat xlink:href="#sSpan6196" value="ⲛϩⲟⲩⲟ"/>
		<feat xlink:href="#sSpan6203" value="ⲉⲡⲉⲛϫⲟⲉⲓⲥ"/>
		<feat xlink:href="#sSpan6214" value="ⲓⲏⲥⲟⲩⲥ"/>
		<feat xlink:href="#sSpan6218" value="ⲡⲉⲛⲉⲓⲱⲧ"/>
		<feat xlink:href="#sSpan6225" value="ⲁⲩⲱ"/>
		<feat xlink:href="#sSpan6230" value="ⲧⲉⲛⲙⲁⲁⲩ"/>
		<feat xlink:href="#sSpan6237" value="ⲛⲁⲙⲉ"/>
		<feat xlink:href="#sSpan6242" value="·"/>
		<feat xlink:href="#sSpan6246" value="ⲡⲁⲓ"/>
		<feat xlink:href="#sSpan6254" value="ⲉⲛⲧⲁϥϫⲡⲟⲛ"/>
		<feat xlink:href="#sSpan6268" value="ϩⲣⲁⲓ"/>
		<feat xlink:href="#sSpan6272" value="ϩⲙⲡⲉϥⲥⲛⲟϥ"/>
		<feat xlink:href="#sSpan6282" value="ⲉⲧⲟⲩⲁⲁⲃ"/></featList></paula>