<?xml version='1.0' encoding='UTF-8'?><!DOCTYPE paula SYSTEM "paula_feat.dtd">
<paula version="1.1">
	<header paula_id="scriptorium.a22.YA421-428.mark_lb_n"/>
	<featList xmlns:xlink="http://www.w3.org/1999/xlink" type="lb_n" xml:base="scriptorium.a22.YA421-428.mark.xml">
		<feat xlink:href="#sSpan7" value="1"/>
		<feat xlink:href="#sSpan30" value="2"/>
		<feat xlink:href="#sSpan36" value="3"/>
		<feat xlink:href="#sSpan50" value="4"/>
		<feat xlink:href="#sSpan59" value="5"/>
		<feat xlink:href="#sSpan71" value="6"/>
		<feat xlink:href="#sSpan84" value="7"/>
		<feat xlink:href="#sSpan100" value="8"/>
		<feat xlink:href="#sSpan106" value="9"/>
		<feat xlink:href="#sSpan119" value="10"/>
		<feat xlink:href="#sSpan129" value="11"/>
		<feat xlink:href="#sSpan146" value="12"/>
		<feat xlink:href="#sSpan153" value="13"/>
		<feat xlink:href="#sSpan163" value="14"/>
		<feat xlink:href="#sSpan182" value="15"/>
		<feat xlink:href="#sSpan192" value="16"/>
		<feat xlink:href="#sSpan201" value="17"/>
		<feat xlink:href="#sSpan210" value="18"/>
		<feat xlink:href="#sSpan223" value="19"/>
		<feat xlink:href="#sSpan236" value="20"/>
		<feat xlink:href="#sSpan243" value="21"/>
		<feat xlink:href="#sSpan254" value="22"/>
		<feat xlink:href="#sSpan265" value="23"/>
		<feat xlink:href="#sSpan281" value="24"/>
		<feat xlink:href="#sSpan294" value="25"/>
		<feat xlink:href="#sSpan307" value="26"/>
		<feat xlink:href="#sSpan321" value="27"/>
		<feat xlink:href="#sSpan335" value="28"/>
		<feat xlink:href="#sSpan344" value="29"/>
		<feat xlink:href="#sSpan360" value="30"/>
		<feat xlink:href="#sSpan378" value="31"/>
		<feat xlink:href="#sSpan389" value="1"/>
		<feat xlink:href="#sSpan401" value="2"/>
		<feat xlink:href="#sSpan417" value="3"/>
		<feat xlink:href="#sSpan431" value="4"/>
		<feat xlink:href="#sSpan443" value="5"/>
		<feat xlink:href="#sSpan453" value="6"/>
		<feat xlink:href="#sSpan471" value="7"/>
		<feat xlink:href="#sSpan483" value="8"/>
		<feat xlink:href="#sSpan493" value="9"/>
		<feat xlink:href="#sSpan507" value="10"/>
		<feat xlink:href="#sSpan518" value="11"/>
		<feat xlink:href="#sSpan531" value="12"/>
		<feat xlink:href="#sSpan543" value="13"/>
		<feat xlink:href="#sSpan552" value="14"/>
		<feat xlink:href="#sSpan564" value="15"/>
		<feat xlink:href="#sSpan571" value="16"/>
		<feat xlink:href="#sSpan584" value="17"/>
		<feat xlink:href="#sSpan596" value="18"/>
		<feat xlink:href="#sSpan617" value="19"/>
		<feat xlink:href="#sSpan629" value="20"/>
		<feat xlink:href="#sSpan638" value="21"/>
		<feat xlink:href="#sSpan645" value="22"/>
		<feat xlink:href="#sSpan659" value="23"/>
		<feat xlink:href="#sSpan675" value="24"/>
		<feat xlink:href="#sSpan686" value="25"/>
		<feat xlink:href="#sSpan697" value="26"/>
		<feat xlink:href="#sSpan709" value="27"/>
		<feat xlink:href="#sSpan718" value="28"/>
		<feat xlink:href="#sSpan728" value="29"/>
		<feat xlink:href="#sSpan737" value="30"/>
		<feat xlink:href="#sSpan752" value="31"/>
		<feat xlink:href="#sSpan769" value="1"/>
		<feat xlink:href="#sSpan787" value="2"/>
		<feat xlink:href="#sSpan800" value="3"/>
		<feat xlink:href="#sSpan807" value="4"/>
		<feat xlink:href="#sSpan823" value="5"/>
		<feat xlink:href="#sSpan834" value="6"/>
		<feat xlink:href="#sSpan845" value="7"/>
		<feat xlink:href="#sSpan857" value="8"/>
		<feat xlink:href="#sSpan874" value="9"/>
		<feat xlink:href="#sSpan882" value="10"/>
		<feat xlink:href="#sSpan892" value="11"/>
		<feat xlink:href="#sSpan901" value="12"/>
		<feat xlink:href="#sSpan926" value="13"/>
		<feat xlink:href="#sSpan939" value="14"/>
		<feat xlink:href="#sSpan952" value="15"/>
		<feat xlink:href="#sSpan965" value="16"/>
		<feat xlink:href="#sSpan978" value="17"/>
		<feat xlink:href="#sSpan984" value="18"/>
		<feat xlink:href="#sSpan997" value="19"/>
		<feat xlink:href="#sSpan1016" value="20"/>
		<feat xlink:href="#sSpan1031" value="21"/>
		<feat xlink:href="#sSpan1043" value="22"/>
		<feat xlink:href="#sSpan1058" value="23"/>
		<feat xlink:href="#sSpan1069" value="24"/>
		<feat xlink:href="#sSpan1082" value="25"/>
		<feat xlink:href="#sSpan1092" value="26"/>
		<feat xlink:href="#sSpan1106" value="27"/>
		<feat xlink:href="#sSpan1117" value="28"/>
		<feat xlink:href="#sSpan1132" value="29"/>
		<feat xlink:href="#sSpan1145" value="30"/>
		<feat xlink:href="#sSpan1154" value="31"/>
		<feat xlink:href="#sSpan1167" value="1"/>
		<feat xlink:href="#sSpan1186" value="2"/>
		<feat xlink:href="#sSpan1196" value="3"/>
		<feat xlink:href="#sSpan1208" value="4"/>
		<feat xlink:href="#sSpan1216" value="5"/>
		<feat xlink:href="#sSpan1230" value="6"/>
		<feat xlink:href="#sSpan1249" value="7"/>
		<feat xlink:href="#sSpan1260" value="8"/>
		<feat xlink:href="#sSpan1278" value="9"/>
		<feat xlink:href="#sSpan1291" value="10"/>
		<feat xlink:href="#sSpan1303" value="11"/>
		<feat xlink:href="#sSpan1323" value="12"/>
		<feat xlink:href="#sSpan1336" value="13"/>
		<feat xlink:href="#sSpan1346" value="14"/>
		<feat xlink:href="#sSpan1358" value="15"/>
		<feat xlink:href="#sSpan1366" value="16"/>
		<feat xlink:href="#sSpan1375" value="17"/>
		<feat xlink:href="#sSpan1387" value="18"/>
		<feat xlink:href="#sSpan1402" value="19"/>
		<feat xlink:href="#sSpan1417" value="20"/>
		<feat xlink:href="#sSpan1428" value="21"/>
		<feat xlink:href="#sSpan1441" value="22"/>
		<feat xlink:href="#sSpan1455" value="23"/>
		<feat xlink:href="#sSpan1467" value="24"/>
		<feat xlink:href="#sSpan1478" value="25"/>
		<feat xlink:href="#sSpan1489" value="26"/>
		<feat xlink:href="#sSpan1506" value="27"/>
		<feat xlink:href="#sSpan1517" value="28"/>
		<feat xlink:href="#sSpan1525" value="29"/>
		<feat xlink:href="#sSpan1538" value="30"/>
		<feat xlink:href="#sSpan1550" value="31"/>
		<feat xlink:href="#sSpan1555" value="1"/>
		<feat xlink:href="#sSpan1573" value="2"/>
		<feat xlink:href="#sSpan1585" value="3"/>
		<feat xlink:href="#sSpan1608" value="4"/>
		<feat xlink:href="#sSpan1620" value="5"/>
		<feat xlink:href="#sSpan1638" value="6"/>
		<feat xlink:href="#sSpan1647" value="7"/>
		<feat xlink:href="#sSpan1658" value="8"/>
		<feat xlink:href="#sSpan1667" value="9"/>
		<feat xlink:href="#sSpan1688" value="10"/>
		<feat xlink:href="#sSpan1700" value="11"/>
		<feat xlink:href="#sSpan1715" value="12"/>
		<feat xlink:href="#sSpan1724" value="13"/>
		<feat xlink:href="#sSpan1738" value="14"/>
		<feat xlink:href="#sSpan1750" value="15"/>
		<feat xlink:href="#sSpan1762" value="16"/>
		<feat xlink:href="#sSpan1772" value="17"/>
		<feat xlink:href="#sSpan1783" value="18"/>
		<feat xlink:href="#sSpan1801" value="19"/>
		<feat xlink:href="#sSpan1823" value="20"/>
		<feat xlink:href="#sSpan1834" value="21"/>
		<feat xlink:href="#sSpan1850" value="22"/>
		<feat xlink:href="#sSpan1859" value="23"/>
		<feat xlink:href="#sSpan1879" value="24"/>
		<feat xlink:href="#sSpan1894" value="25"/>
		<feat xlink:href="#sSpan1914" value="26"/>
		<feat xlink:href="#sSpan1928" value="27"/>
		<feat xlink:href="#sSpan1939" value="28"/>
		<feat xlink:href="#sSpan1950" value="29"/>
		<feat xlink:href="#sSpan1967" value="30"/>
		<feat xlink:href="#sSpan1981" value="31"/>
		<feat xlink:href="#sSpan1989" value="1"/>
		<feat xlink:href="#sSpan2007" value="2"/>
		<feat xlink:href="#sSpan2022" value="3"/>
		<feat xlink:href="#sSpan2032" value="4"/>
		<feat xlink:href="#sSpan2043" value="5"/>
		<feat xlink:href="#sSpan2053" value="6"/>
		<feat xlink:href="#sSpan2067" value="7"/>
		<feat xlink:href="#sSpan2076" value="8"/>
		<feat xlink:href="#sSpan2086" value="9"/>
		<feat xlink:href="#sSpan2107" value="10"/>
		<feat xlink:href="#sSpan2123" value="11"/>
		<feat xlink:href="#sSpan2132" value="12"/>
		<feat xlink:href="#sSpan2149" value="13"/>
		<feat xlink:href="#sSpan2158" value="14"/>
		<feat xlink:href="#sSpan2167" value="15"/>
		<feat xlink:href="#sSpan2183" value="16"/>
		<feat xlink:href="#sSpan2195" value="17"/>
		<feat xlink:href="#sSpan2208" value="18"/>
		<feat xlink:href="#sSpan2221" value="19"/>
		<feat xlink:href="#sSpan2234" value="20"/>
		<feat xlink:href="#sSpan2252" value="21"/>
		<feat xlink:href="#sSpan2262" value="22"/>
		<feat xlink:href="#sSpan2274" value="23"/>
		<feat xlink:href="#sSpan2285" value="24"/>
		<feat xlink:href="#sSpan2304" value="25"/>
		<feat xlink:href="#sSpan2309" value="26"/>
		<feat xlink:href="#sSpan2320" value="27"/>
		<feat xlink:href="#sSpan2331" value="28"/>
		<feat xlink:href="#sSpan2351" value="29"/>
		<feat xlink:href="#sSpan2361" value="30"/>
		<feat xlink:href="#sSpan2374" value="31"/>
		<feat xlink:href="#sSpan2391" value="1"/>
		<feat xlink:href="#sSpan2413" value="2"/>
		<feat xlink:href="#sSpan2424" value="3"/>
		<feat xlink:href="#sSpan2437" value="4"/>
		<feat xlink:href="#sSpan2459" value="5"/>
		<feat xlink:href="#sSpan2473" value="6"/>
		<feat xlink:href="#sSpan2484" value="7"/>
		<feat xlink:href="#sSpan2498" value="8"/>
		<feat xlink:href="#sSpan2509" value="9"/>
		<feat xlink:href="#sSpan2518" value="10"/>
		<feat xlink:href="#sSpan2536" value="11"/>
		<feat xlink:href="#sSpan2547" value="12"/>
		<feat xlink:href="#sSpan2562" value="13"/>
		<feat xlink:href="#sSpan2573" value="14"/>
		<feat xlink:href="#sSpan2592" value="15"/>
		<feat xlink:href="#sSpan2606" value="16"/>
		<feat xlink:href="#sSpan2617" value="17"/>
		<feat xlink:href="#sSpan2622" value="18"/>
		<feat xlink:href="#sSpan2635" value="19"/>
		<feat xlink:href="#sSpan2649" value="20"/>
		<feat xlink:href="#sSpan2658" value="21"/>
		<feat xlink:href="#sSpan2668" value="22"/>
		<feat xlink:href="#sSpan2681" value="23"/>
		<feat xlink:href="#sSpan2691" value="24"/>
		<feat xlink:href="#sSpan2701" value="25"/>
		<feat xlink:href="#sSpan2723" value="26"/>
		<feat xlink:href="#sSpan2736" value="27"/>
		<feat xlink:href="#sSpan2748" value="28"/>
		<feat xlink:href="#sSpan2760" value="29"/>
		<feat xlink:href="#sSpan2771" value="30"/>
		<feat xlink:href="#sSpan2779" value="31"/>
		<feat xlink:href="#sSpan2788" value="1"/>
		<feat xlink:href="#sSpan2806" value="2"/>
		<feat xlink:href="#sSpan2817" value="3"/>
		<feat xlink:href="#sSpan2829" value="4"/>
		<feat xlink:href="#sSpan2841" value="5"/>
		<feat xlink:href="#sSpan2852" value="6"/>
		<feat xlink:href="#sSpan2859" value="7"/>
		<feat xlink:href="#sSpan2873" value="8"/>
		<feat xlink:href="#sSpan2888" value="9"/>
		<feat xlink:href="#sSpan2904" value="10"/>
		<feat xlink:href="#sSpan2917" value="11"/>
		<feat xlink:href="#sSpan2935" value="12"/>
		<feat xlink:href="#sSpan2943" value="13"/>
		<feat xlink:href="#sSpan2957" value="14"/>
		<feat xlink:href="#sSpan2967" value="15"/>
		<feat xlink:href="#sSpan2978" value="16"/>
		<feat xlink:href="#sSpan2992" value="17"/>
		<feat xlink:href="#sSpan3003" value="18"/>
		<feat xlink:href="#sSpan3018" value="19"/>
		<feat xlink:href="#sSpan3040" value="20"/>
		<feat xlink:href="#sSpan3050" value="21"/>
		<feat xlink:href="#sSpan3057" value="22"/>
		<feat xlink:href="#sSpan3067" value="23"/>
		<feat xlink:href="#sSpan3082" value="24"/>
		<feat xlink:href="#sSpan3092" value="25"/>
		<feat xlink:href="#sSpan3110" value="26"/>
		<feat xlink:href="#sSpan3123" value="27"/>
		<feat xlink:href="#sSpan3141" value="28"/>
		<feat xlink:href="#sSpan3155" value="29"/>
		<feat xlink:href="#sSpan3169" value="30"/>
		<feat xlink:href="#sSpan3184" value="31"/>
		<feat xlink:href="#sSpan3197" value="1"/>
		<feat xlink:href="#sSpan3218" value="2"/>
		<feat xlink:href="#sSpan3231" value="3"/>
		<feat xlink:href="#sSpan3246" value="4"/>
		<feat xlink:href="#sSpan3259" value="5"/>
		<feat xlink:href="#sSpan3273" value="6"/>
		<feat xlink:href="#sSpan3283" value="7"/>
		<feat xlink:href="#sSpan3304" value="8"/>
		<feat xlink:href="#sSpan3319" value="9"/>
		<feat xlink:href="#sSpan3332" value="10"/>
		<feat xlink:href="#sSpan3345" value="11"/>
		<feat xlink:href="#sSpan3359" value="12"/>
		<feat xlink:href="#sSpan3370" value="13"/>
		<feat xlink:href="#sSpan3385" value="14"/>
		<feat xlink:href="#sSpan3403" value="15"/>
		<feat xlink:href="#sSpan3414" value="16"/>
		<feat xlink:href="#sSpan3431" value="17"/>
		<feat xlink:href="#sSpan3441" value="18"/>
		<feat xlink:href="#sSpan3449" value="19"/>
		<feat xlink:href="#sSpan3465" value="20"/>
		<feat xlink:href="#sSpan3474" value="21"/>
		<feat xlink:href="#sSpan3486" value="22"/>
		<feat xlink:href="#sSpan3493" value="23"/>
		<feat xlink:href="#sSpan3510" value="24"/>
		<feat xlink:href="#sSpan3519" value="25"/>
		<feat xlink:href="#sSpan3538" value="26"/>
		<feat xlink:href="#sSpan3550" value="27"/>
		<feat xlink:href="#sSpan3560" value="28"/>
		<feat xlink:href="#sSpan3572" value="29"/>
		<feat xlink:href="#sSpan3580" value="30"/>
		<feat xlink:href="#sSpan3591" value="31"/>
		<feat xlink:href="#sSpan3612" value="1"/>
		<feat xlink:href="#sSpan3627" value="2"/>
		<feat xlink:href="#sSpan3641" value="3"/>
		<feat xlink:href="#sSpan3658" value="4"/>
		<feat xlink:href="#sSpan3677" value="5"/>
		<feat xlink:href="#sSpan3684" value="6"/>
		<feat xlink:href="#sSpan3698" value="7"/>
		<feat xlink:href="#sSpan3712" value="8"/>
		<feat xlink:href="#sSpan3724" value="9"/>
		<feat xlink:href="#sSpan3738" value="10"/>
		<feat xlink:href="#sSpan3759" value="11"/>
		<feat xlink:href="#sSpan3769" value="12"/>
		<feat xlink:href="#sSpan3782" value="13"/>
		<feat xlink:href="#sSpan3791" value="14"/>
		<feat xlink:href="#sSpan3798" value="15"/>
		<feat xlink:href="#sSpan3812" value="16"/>
		<feat xlink:href="#sSpan3824" value="17"/>
		<feat xlink:href="#sSpan3833" value="18"/>
		<feat xlink:href="#sSpan3840" value="19"/>
		<feat xlink:href="#sSpan3855" value="20"/>
		<feat xlink:href="#sSpan3871" value="21"/>
		<feat xlink:href="#sSpan3888" value="22"/>
		<feat xlink:href="#sSpan3896" value="23"/>
		<feat xlink:href="#sSpan3905" value="24"/>
		<feat xlink:href="#sSpan3916" value="25"/>
		<feat xlink:href="#sSpan3929" value="26"/>
		<feat xlink:href="#sSpan3942" value="27"/>
		<feat xlink:href="#sSpan3953" value="28"/>
		<feat xlink:href="#sSpan3961" value="29"/>
		<feat xlink:href="#sSpan3976" value="30"/>
		<feat xlink:href="#sSpan3995" value="31"/>
		<feat xlink:href="#sSpan4005" value="1"/>
		<feat xlink:href="#sSpan4015" value="2"/>
		<feat xlink:href="#sSpan4027" value="3"/>
		<feat xlink:href="#sSpan4044" value="4"/>
		<feat xlink:href="#sSpan4057" value="5"/>
		<feat xlink:href="#sSpan4068" value="6"/>
		<feat xlink:href="#sSpan4079" value="7"/>
		<feat xlink:href="#sSpan4090" value="8"/>
		<feat xlink:href="#sSpan4097" value="9"/>
		<feat xlink:href="#sSpan4109" value="10"/>
		<feat xlink:href="#sSpan4120" value="11"/>
		<feat xlink:href="#sSpan4127" value="12"/>
		<feat xlink:href="#sSpan4140" value="13"/>
		<feat xlink:href="#sSpan4151" value="14"/>
		<feat xlink:href="#sSpan4161" value="15"/>
		<feat xlink:href="#sSpan4178" value="16"/>
		<feat xlink:href="#sSpan4189" value="17"/>
		<feat xlink:href="#sSpan4200" value="18"/>
		<feat xlink:href="#sSpan4207" value="19"/>
		<feat xlink:href="#sSpan4216" value="20"/>
		<feat xlink:href="#sSpan4227" value="21"/>
		<feat xlink:href="#sSpan4239" value="22"/>
		<feat xlink:href="#sSpan4255" value="23"/>
		<feat xlink:href="#sSpan4265" value="24"/>
		<feat xlink:href="#sSpan4279" value="25"/>
		<feat xlink:href="#sSpan4296" value="26"/>
		<feat xlink:href="#sSpan4303" value="27"/>
		<feat xlink:href="#sSpan4314" value="28"/>
		<feat xlink:href="#sSpan4328" value="29"/>
		<feat xlink:href="#sSpan4341" value="30"/>
		<feat xlink:href="#sSpan4352" value="31"/>
		<feat xlink:href="#sSpan4364" value="1"/>
		<feat xlink:href="#sSpan4376" value="2"/>
		<feat xlink:href="#sSpan4398" value="3"/>
		<feat xlink:href="#sSpan4410" value="4"/>
		<feat xlink:href="#sSpan4423" value="5"/>
		<feat xlink:href="#sSpan4438" value="6"/>
		<feat xlink:href="#sSpan4445" value="7"/>
		<feat xlink:href="#sSpan4457" value="8"/>
		<feat xlink:href="#sSpan4468" value="9"/>
		<feat xlink:href="#sSpan4475" value="10"/>
		<feat xlink:href="#sSpan4487" value="11"/>
		<feat xlink:href="#sSpan4503" value="12"/>
		<feat xlink:href="#sSpan4520" value="13"/>
		<feat xlink:href="#sSpan4533" value="14"/>
		<feat xlink:href="#sSpan4541" value="15"/>
		<feat xlink:href="#sSpan4550" value="16"/>
		<feat xlink:href="#sSpan4561" value="17"/>
		<feat xlink:href="#sSpan4572" value="18"/>
		<feat xlink:href="#sSpan4588" value="19"/>
		<feat xlink:href="#sSpan4602" value="20"/>
		<feat xlink:href="#sSpan4614" value="21"/>
		<feat xlink:href="#sSpan4633" value="22"/>
		<feat xlink:href="#sSpan4646" value="23"/>
		<feat xlink:href="#sSpan4654" value="24"/>
		<feat xlink:href="#sSpan4663" value="25"/>
		<feat xlink:href="#sSpan4674" value="26"/>
		<feat xlink:href="#sSpan4686" value="27"/>
		<feat xlink:href="#sSpan4697" value="28"/>
		<feat xlink:href="#sSpan4708" value="29"/>
		<feat xlink:href="#sSpan4719" value="30"/>
		<feat xlink:href="#sSpan4728" value="31"/>
		<feat xlink:href="#sSpan4742" value="1"/>
		<feat xlink:href="#sSpan4754" value="2"/>
		<feat xlink:href="#sSpan4764" value="3"/>
		<feat xlink:href="#sSpan4779" value="4"/>
		<feat xlink:href="#sSpan4798" value="5"/>
		<feat xlink:href="#sSpan4808" value="6"/>
		<feat xlink:href="#sSpan4823" value="7"/>
		<feat xlink:href="#sSpan4836" value="8"/>
		<feat xlink:href="#sSpan4850" value="9"/>
		<feat xlink:href="#sSpan4857" value="10"/>
		<feat xlink:href="#sSpan4866" value="11"/>
		<feat xlink:href="#sSpan4880" value="12"/>
		<feat xlink:href="#sSpan4893" value="13"/>
		<feat xlink:href="#sSpan4906" value="14"/>
		<feat xlink:href="#sSpan4913" value="15"/>
		<feat xlink:href="#sSpan4935" value="16"/>
		<feat xlink:href="#sSpan4942" value="17"/>
		<feat xlink:href="#sSpan4962" value="18"/>
		<feat xlink:href="#sSpan4972" value="19"/>
		<feat xlink:href="#sSpan4983" value="20"/>
		<feat xlink:href="#sSpan4996" value="21"/>
		<feat xlink:href="#sSpan5007" value="22"/>
		<feat xlink:href="#sSpan5014" value="23"/>
		<feat xlink:href="#sSpan5027" value="24"/>
		<feat xlink:href="#sSpan5038" value="25"/>
		<feat xlink:href="#sSpan5047" value="26"/>
		<feat xlink:href="#sSpan5060" value="27"/>
		<feat xlink:href="#sSpan5069" value="28"/>
		<feat xlink:href="#sSpan5086" value="29"/>
		<feat xlink:href="#sSpan5097" value="30"/>
		<feat xlink:href="#sSpan5109" value="31"/>
		<feat xlink:href="#sSpan5117" value="1"/>
		<feat xlink:href="#sSpan5133" value="2"/>
		<feat xlink:href="#sSpan5149" value="3"/>
		<feat xlink:href="#sSpan5157" value="4"/>
		<feat xlink:href="#sSpan5167" value="5"/>
		<feat xlink:href="#sSpan5177" value="6"/>
		<feat xlink:href="#sSpan5188" value="7"/>
		<feat xlink:href="#sSpan5202" value="8"/>
		<feat xlink:href="#sSpan5216" value="9"/>
		<feat xlink:href="#sSpan5228" value="10"/>
		<feat xlink:href="#sSpan5243" value="11"/>
		<feat xlink:href="#sSpan5253" value="12"/>
		<feat xlink:href="#sSpan5264" value="13"/>
		<feat xlink:href="#sSpan5286" value="14"/>
		<feat xlink:href="#sSpan5296" value="15"/>
		<feat xlink:href="#sSpan5310" value="16"/>
		<feat xlink:href="#sSpan5318" value="17"/>
		<feat xlink:href="#sSpan5327" value="18"/>
		<feat xlink:href="#sSpan5339" value="19"/>
		<feat xlink:href="#sSpan5352" value="20"/>
		<feat xlink:href="#sSpan5365" value="21"/>
		<feat xlink:href="#sSpan5379" value="22"/>
		<feat xlink:href="#sSpan5392" value="23"/>
		<feat xlink:href="#sSpan5405" value="24"/>
		<feat xlink:href="#sSpan5416" value="25"/>
		<feat xlink:href="#sSpan5431" value="26"/>
		<feat xlink:href="#sSpan5445" value="27"/>
		<feat xlink:href="#sSpan5452" value="28"/>
		<feat xlink:href="#sSpan5466" value="29"/>
		<feat xlink:href="#sSpan5476" value="30"/>
		<feat xlink:href="#sSpan5492" value="31"/>
		<feat xlink:href="#sSpan5511" value="1"/>
		<feat xlink:href="#sSpan5520" value="2"/>
		<feat xlink:href="#sSpan5532" value="3"/>
		<feat xlink:href="#sSpan5542" value="4"/>
		<feat xlink:href="#sSpan5550" value="5"/>
		<feat xlink:href="#sSpan5558" value="6"/>
		<feat xlink:href="#sSpan5574" value="7"/>
		<feat xlink:href="#sSpan5586" value="8"/>
		<feat xlink:href="#sSpan5598" value="9"/>
		<feat xlink:href="#sSpan5613" value="10"/>
		<feat xlink:href="#sSpan5624" value="11"/>
		<feat xlink:href="#sSpan5642" value="12"/>
		<feat xlink:href="#sSpan5652" value="13"/>
		<feat xlink:href="#sSpan5663" value="14"/>
		<feat xlink:href="#sSpan5679" value="15"/>
		<feat xlink:href="#sSpan5702" value="16"/>
		<feat xlink:href="#sSpan5719" value="17"/>
		<feat xlink:href="#sSpan5729" value="18"/>
		<feat xlink:href="#sSpan5738" value="19"/>
		<feat xlink:href="#sSpan5747" value="20"/>
		<feat xlink:href="#sSpan5758" value="21"/>
		<feat xlink:href="#sSpan5763" value="22"/>
		<feat xlink:href="#sSpan5776" value="23"/>
		<feat xlink:href="#sSpan5787" value="24"/>
		<feat xlink:href="#sSpan5798" value="25"/>
		<feat xlink:href="#sSpan5813" value="26"/>
		<feat xlink:href="#sSpan5828" value="27"/>
		<feat xlink:href="#sSpan5844" value="28"/>
		<feat xlink:href="#sSpan5853" value="29"/>
		<feat xlink:href="#sSpan5864" value="30"/>
		<feat xlink:href="#sSpan5884" value="31"/>
		<feat xlink:href="#sSpan5895" value="1"/>
		<feat xlink:href="#sSpan5908" value="2"/>
		<feat xlink:href="#sSpan5924" value="3"/>
		<feat xlink:href="#sSpan5941" value="4"/>
		<feat xlink:href="#sSpan5957" value="5"/>
		<feat xlink:href="#sSpan5963" value="6"/>
		<feat xlink:href="#sSpan5972" value="7"/>
		<feat xlink:href="#sSpan5984" value="8"/>
		<feat xlink:href="#sSpan5995" value="9"/>
		<feat xlink:href="#sSpan6005" value="10"/>
		<feat xlink:href="#sSpan6021" value="11"/>
		<feat xlink:href="#sSpan6036" value="12"/>
		<feat xlink:href="#sSpan6046" value="13"/>
		<feat xlink:href="#sSpan6057" value="14"/>
		<feat xlink:href="#sSpan6071" value="15"/>
		<feat xlink:href="#sSpan6086" value="16"/>
		<feat xlink:href="#sSpan6099" value="17"/>
		<feat xlink:href="#sSpan6120" value="18"/>
		<feat xlink:href="#sSpan6130" value="19"/>
		<feat xlink:href="#sSpan6140" value="20"/>
		<feat xlink:href="#sSpan6151" value="21"/>
		<feat xlink:href="#sSpan6162" value="22"/>
		<feat xlink:href="#sSpan6176" value="23"/>
		<feat xlink:href="#sSpan6187" value="24"/>
		<feat xlink:href="#sSpan6197" value="25"/>
		<feat xlink:href="#sSpan6209" value="26"/>
		<feat xlink:href="#sSpan6219" value="27"/>
		<feat xlink:href="#sSpan6226" value="28"/>
		<feat xlink:href="#sSpan6244" value="29"/>
		<feat xlink:href="#sSpan6261" value="30"/>
		<feat xlink:href="#sSpan6271" value="31"/></featList></paula>