<?xml version='1.0' encoding='UTF-8'?><!DOCTYPE paula SYSTEM "paula_feat.dtd">
<paula version="1.1">
	<header paula_id="scriptorium.bohairic.1Cor_06.mark_morph"/>
	<featList xmlns:xlink="http://www.w3.org/1999/xlink" type="morph" xml:base="scriptorium.bohairic.1Cor_06.mark.xml">
		<feat xlink:href="#sSpan17" value="ⲉⲣ"/>
		<feat xlink:href="#sSpan20" value="ⲧⲟⲗⲙⲁⲛ"/>
		<feat xlink:href="#sSpan62" value="ϭⲓ"/>
		<feat xlink:href="#sSpan65" value="ϩⲁⲡ"/>
		<feat xlink:href="#sSpan73" value="ⲣⲉϥ"/>
		<feat xlink:href="#sSpan76" value="ϭⲓ"/>
		<feat xlink:href="#sSpan77" value="ⲛ"/>
		<feat xlink:href="#sSpan78" value="ϫⲟⲛⲥ"/>
		<feat xlink:href="#sSpan134" value="ϯ"/>
		<feat xlink:href="#sSpan137" value="ϩⲁⲡ"/>
		<feat xlink:href="#sSpan172" value="ϯ"/>
		<feat xlink:href="#sSpan175" value="ϩⲁⲡ"/>
		<feat xlink:href="#sSpan221" value="ϯ"/>
		<feat xlink:href="#sSpan224" value="ϩⲁⲡ"/>
		<feat xlink:href="#sSpan254" value="ϯ"/>
		<feat xlink:href="#sSpan257" value="ϩⲁⲡ"/>
		<feat xlink:href="#sSpan340" value="ϯ"/>
		<feat xlink:href="#sSpan343" value="ϩⲁⲡ"/>
		<feat xlink:href="#sSpan469" value="ⲉⲣ"/>
		<feat xlink:href="#sSpan472" value="ⲇⲓⲁⲕⲣⲓⲛⲓⲛ"/>
		<feat xlink:href="#sSpan517" value="ϭⲓ"/>
		<feat xlink:href="#sSpan520" value="ϩⲁⲡ"/>
		<feat xlink:href="#sSpan537" value="ⲁⲑ"/>
		<feat xlink:href="#sSpan540" value="ϩⲛⲁϩϯ"/>
		<feat xlink:href="#sSpan755" value="ⲣⲉϥ"/>
		<feat xlink:href="#sSpan758" value="ϭⲓ"/>
		<feat xlink:href="#sSpan770" value="ⲙⲉⲧ"/>
		<feat xlink:href="#sSpan773" value="ⲟⲩⲣⲟ"/>
		<feat xlink:href="#sSpan789" value="ⲉⲣ"/>
		<feat xlink:href="#sSpan792" value="ⲕⲗⲏⲣⲟⲛⲟⲙⲓⲛ"/>
		<feat xlink:href="#sSpan828" value="ⲣⲉϥ"/>
		<feat xlink:href="#sSpan834" value="ϣⲁⲙϣⲉ"/>
		<feat xlink:href="#sSpan835" value="ⲓⲇⲱⲗⲟⲛ"/>
		<feat xlink:href="#sSpan863" value="ⲣⲉϥ"/>
		<feat xlink:href="#sSpan869" value="ⲉⲛⲕⲟⲧ"/>
		<feat xlink:href="#sSpan889" value="ⲣⲉϥ"/>
		<feat xlink:href="#sSpan895" value="ϭⲓⲟⲩⲓ"/>
		<feat xlink:href="#sSpan901" value="ⲣⲉϥ"/>
		<feat xlink:href="#sSpan907" value="ϭⲓ"/>
		<feat xlink:href="#sSpan919" value="ⲣⲉϥ"/>
		<feat xlink:href="#sSpan925" value="ⲑⲓϧⲓ"/>
		<feat xlink:href="#sSpan931" value="ⲣⲉϥ"/>
		<feat xlink:href="#sSpan937" value="ϯ"/>
		<feat xlink:href="#sSpan938" value="ϣⲱϣ"/>
		<feat xlink:href="#sSpan944" value="ⲣⲉϥ"/>
		<feat xlink:href="#sSpan950" value="ϩⲱⲗⲉⲙ"/>
		<feat xlink:href="#sSpan956" value="ⲙⲉⲧ"/>
		<feat xlink:href="#sSpan959" value="ⲟⲩⲣⲟ"/>
		<feat xlink:href="#sSpan975" value="ⲉⲣ"/>
		<feat xlink:href="#sSpan978" value="ⲕⲗⲏⲣⲟⲛⲟⲙⲓⲛ"/>
		<feat xlink:href="#sSpan1157" value="ⲉⲣ"/>
		<feat xlink:href="#sSpan1160" value="ⲛⲟϥⲣⲓ"/>
		<feat xlink:href="#sSpan1222" value="ⲉⲣ"/>
		<feat xlink:href="#sSpan1225" value="ϣⲓϣⲓ"/>
		<feat xlink:href="#sSpan1799" value="ⲉⲣ"/>
		<feat xlink:href="#sSpan1802" value="ⲡⲟⲣⲛⲉⲩⲓⲛ"/>
		<feat xlink:href="#sSpan1810" value="ⲉⲣ"/>
		<feat xlink:href="#sSpan1813" value="ⲛⲟⲃⲓ"/>
		<feat xlink:href="#sSpan1973" value="ⲙⲁ"/>
		<feat xlink:href="#sSpan1978" value="ⲱⲟⲩ"/></featList></paula>