<?xml version='1.0' encoding='UTF-8'?><!DOCTYPE paula SYSTEM "paula_rel.dtd">
<paula version="1.1">
	<header paula_id="scriptorium.bohairic.1Cor_06.head"/>
	<relList xmlns:xlink="http://www.w3.org/1999/xlink" type="head">
		<rel id="sPointingRel1079" xlink:href="scriptorium.bohairic.1Cor_06.mark.xml#sSpan565" target="scriptorium.bohairic.1Cor_06.mark.xml#sSpan568"/>
		<rel id="sPointingRel1081" xlink:href="scriptorium.bohairic.1Cor_06.mark.xml#sSpan1491" target="scriptorium.bohairic.1Cor_06.mark.xml#sSpan1493"/>
		<rel id="sPointingRel1083" xlink:href="scriptorium.bohairic.1Cor_06.mark.xml#sSpan876" target="scriptorium.bohairic.1Cor_06.mark.xml#sSpan874"/>
		<rel id="sPointingRel1085" xlink:href="scriptorium.bohairic.1Cor_06.mark.xml#sSpan1969" target="scriptorium.bohairic.1Cor_06.mark.xml#sSpan1971"/>
		<rel id="sPointingRel1087" xlink:href="scriptorium.bohairic.1Cor_06.mark.xml#sSpan536" target="scriptorium.bohairic.1Cor_06.mark.xml#sSpan538"/>
		<rel id="sPointingRel1089" xlink:href="scriptorium.bohairic.1Cor_06.mark.xml#sSpan1857" target="scriptorium.bohairic.1Cor_06.mark.xml#sSpan1859"/>
		<rel id="sPointingRel1091" xlink:href="scriptorium.bohairic.1Cor_06.mark.xml#sSpan1263" target="scriptorium.bohairic.1Cor_06.mark.xml#sSpan1266"/>
		<rel id="sPointingRel1093" xlink:href="scriptorium.bohairic.1Cor_06.mark.xml#sSpan1143" target="scriptorium.bohairic.1Cor_06.mark.xml#sSpan1141"/>
		<rel id="sPointingRel1095" xlink:href="scriptorium.bohairic.1Cor_06.mark.xml#sSpan1865" target="scriptorium.bohairic.1Cor_06.mark.xml#sSpan1866"/>
		<rel id="sPointingRel1097" xlink:href="scriptorium.bohairic.1Cor_06.mark.xml#sSpan922" target="scriptorium.bohairic.1Cor_06.mark.xml#sSpan920"/>
		<rel id="sPointingRel1099" xlink:href="scriptorium.bohairic.1Cor_06.mark.xml#sSpan1747" target="scriptorium.bohairic.1Cor_06.mark.xml#sSpan1743"/>
		<rel id="sPointingRel1101" xlink:href="scriptorium.bohairic.1Cor_06.mark.xml#sSpan371" target="scriptorium.bohairic.1Cor_06.mark.xml#sSpan373"/>
		<rel id="sPointingRel1103" xlink:href="scriptorium.bohairic.1Cor_06.mark.xml#sSpan1279" target="scriptorium.bohairic.1Cor_06.mark.xml#sSpan1277"/>
		<rel id="sPointingRel1105" xlink:href="scriptorium.bohairic.1Cor_06.mark.xml#sSpan844" target="scriptorium.bohairic.1Cor_06.mark.xml#sSpan842"/>
		<rel id="sPointingRel1107" xlink:href="scriptorium.bohairic.1Cor_06.mark.xml#sSpan934" target="scriptorium.bohairic.1Cor_06.mark.xml#sSpan932"/>
		<rel id="sPointingRel1109" xlink:href="scriptorium.bohairic.1Cor_06.mark.xml#sSpan350" target="scriptorium.bohairic.1Cor_06.mark.xml#sSpan352"/>
		<rel id="sPointingRel1111" xlink:href="scriptorium.bohairic.1Cor_06.mark.xml#sSpan1781" target="scriptorium.bohairic.1Cor_06.mark.xml#sSpan1783"/>
		<rel id="sPointingRel1113" xlink:href="scriptorium.bohairic.1Cor_06.mark.xml#sSpan144" target="scriptorium.bohairic.1Cor_06.mark.xml#sSpan146"/>
		<rel id="sPointingRel1115" xlink:href="scriptorium.bohairic.1Cor_06.mark.xml#sSpan780" target="scriptorium.bohairic.1Cor_06.mark.xml#sSpan781"/>
		<rel id="sPointingRel1117" xlink:href="scriptorium.bohairic.1Cor_06.mark.xml#sSpan1588" target="scriptorium.bohairic.1Cor_06.mark.xml#sSpan1586"/>
		<rel id="sPointingRel1119" xlink:href="scriptorium.bohairic.1Cor_06.mark.xml#sSpan497" target="scriptorium.bohairic.1Cor_06.mark.xml#sSpan500"/>
		<rel id="sPointingRel1121" xlink:href="scriptorium.bohairic.1Cor_06.mark.xml#sSpan1274" target="scriptorium.bohairic.1Cor_06.mark.xml#sSpan1275"/>
		<rel id="sPointingRel1123" xlink:href="scriptorium.bohairic.1Cor_06.mark.xml#sSpan282" target="scriptorium.bohairic.1Cor_06.mark.xml#sSpan283"/>
		<rel id="sPointingRel1125" xlink:href="scriptorium.bohairic.1Cor_06.mark.xml#sSpan1366" target="scriptorium.bohairic.1Cor_06.mark.xml#sSpan1369"/>
		<rel id="sPointingRel1127" xlink:href="scriptorium.bohairic.1Cor_06.mark.xml#sSpan1190" target="scriptorium.bohairic.1Cor_06.mark.xml#sSpan1188"/>
		<rel id="sPointingRel1129" xlink:href="scriptorium.bohairic.1Cor_06.mark.xml#sSpan333" target="scriptorium.bohairic.1Cor_06.mark.xml#sSpan334"/>
		<rel id="sPointingRel1131" xlink:href="scriptorium.bohairic.1Cor_06.mark.xml#sSpan1661" target="scriptorium.bohairic.1Cor_06.mark.xml#sSpan1663"/>
		<rel id="sPointingRel1133" xlink:href="scriptorium.bohairic.1Cor_06.mark.xml#sSpan124" target="scriptorium.bohairic.1Cor_06.mark.xml#sSpan126"/>
		<rel id="sPointingRel1135" xlink:href="scriptorium.bohairic.1Cor_06.mark.xml#sSpan724" target="scriptorium.bohairic.1Cor_06.mark.xml#sSpan725"/>
		<rel id="sPointingRel1137" xlink:href="scriptorium.bohairic.1Cor_06.mark.xml#sSpan892" target="scriptorium.bohairic.1Cor_06.mark.xml#sSpan890"/>
		<rel id="sPointingRel1139" xlink:href="scriptorium.bohairic.1Cor_06.mark.xml#sSpan820" target="scriptorium.bohairic.1Cor_06.mark.xml#sSpan818"/>
		<rel id="sPointingRel1141" xlink:href="scriptorium.bohairic.1Cor_06.mark.xml#sSpan592" target="scriptorium.bohairic.1Cor_06.mark.xml#sSpan588"/>
		<rel id="sPointingRel1143" xlink:href="scriptorium.bohairic.1Cor_06.mark.xml#sSpan1014" target="scriptorium.bohairic.1Cor_06.mark.xml#sSpan1015"/>
		<rel id="sPointingRel1145" xlink:href="scriptorium.bohairic.1Cor_06.mark.xml#sSpan40" target="scriptorium.bohairic.1Cor_06.mark.xml#sSpan41"/>
		<rel id="sPointingRel1147" xlink:href="scriptorium.bohairic.1Cor_06.mark.xml#sSpan1994" target="scriptorium.bohairic.1Cor_06.mark.xml#sSpan1996"/>
		<rel id="sPointingRel1149" xlink:href="scriptorium.bohairic.1Cor_06.mark.xml#sSpan1607" target="scriptorium.bohairic.1Cor_06.mark.xml#sSpan1609"/>
		<rel id="sPointingRel1151" xlink:href="scriptorium.bohairic.1Cor_06.mark.xml#sSpan480" target="scriptorium.bohairic.1Cor_06.mark.xml#sSpan481"/>
		<rel id="sPointingRel1153" xlink:href="scriptorium.bohairic.1Cor_06.mark.xml#sSpan1473" target="scriptorium.bohairic.1Cor_06.mark.xml#sSpan1475"/>
		<rel id="sPointingRel1155" xlink:href="scriptorium.bohairic.1Cor_06.mark.xml#sSpan1072" target="scriptorium.bohairic.1Cor_06.mark.xml#sSpan1073"/>
		<rel id="sPointingRel1157" xlink:href="scriptorium.bohairic.1Cor_06.mark.xml#sSpan1739" target="scriptorium.bohairic.1Cor_06.mark.xml#sSpan1741"/>
		<rel id="sPointingRel1159" xlink:href="scriptorium.bohairic.1Cor_06.mark.xml#sSpan1377" target="scriptorium.bohairic.1Cor_06.mark.xml#sSpan1379"/>
		<rel id="sPointingRel1161" xlink:href="scriptorium.bohairic.1Cor_06.mark.xml#sSpan1939" target="scriptorium.bohairic.1Cor_06.mark.xml#sSpan1937"/>
		<rel id="sPointingRel1163" xlink:href="scriptorium.bohairic.1Cor_06.mark.xml#sSpan754" target="scriptorium.bohairic.1Cor_06.mark.xml#sSpan756"/>
		<rel id="sPointingRel1165" xlink:href="scriptorium.bohairic.1Cor_06.mark.xml#sSpan1254" target="scriptorium.bohairic.1Cor_06.mark.xml#sSpan1255"/>
		<rel id="sPointingRel1167" xlink:href="scriptorium.bohairic.1Cor_06.mark.xml#sSpan1615" target="scriptorium.bohairic.1Cor_06.mark.xml#sSpan1617"/>
		<rel id="sPointingRel1169" xlink:href="scriptorium.bohairic.1Cor_06.mark.xml#sSpan1081" target="scriptorium.bohairic.1Cor_06.mark.xml#sSpan1085"/>
		<rel id="sPointingRel1171" xlink:href="scriptorium.bohairic.1Cor_06.mark.xml#sSpan1548" target="scriptorium.bohairic.1Cor_06.mark.xml#sSpan1546"/>
		<rel id="sPointingRel1173" xlink:href="scriptorium.bohairic.1Cor_06.mark.xml#sSpan1208" target="scriptorium.bohairic.1Cor_06.mark.xml#sSpan1206"/>
		<rel id="sPointingRel1175" xlink:href="scriptorium.bohairic.1Cor_06.mark.xml#sSpan1313" target="scriptorium.bohairic.1Cor_06.mark.xml#sSpan1317"/>
		<rel id="sPointingRel1177" xlink:href="scriptorium.bohairic.1Cor_06.mark.xml#sSpan1527" target="scriptorium.bohairic.1Cor_06.mark.xml#sSpan1529"/>
		<rel id="sPointingRel1179" xlink:href="scriptorium.bohairic.1Cor_06.mark.xml#sSpan1114" target="scriptorium.bohairic.1Cor_06.mark.xml#sSpan1115"/>
		<rel id="sPointingRel1181" xlink:href="scriptorium.bohairic.1Cor_06.mark.xml#sSpan1708" target="scriptorium.bohairic.1Cor_06.mark.xml#sSpan1710"/>
		<rel id="sPointingRel1183" xlink:href="scriptorium.bohairic.1Cor_06.mark.xml#sSpan906" target="scriptorium.bohairic.1Cor_06.mark.xml#sSpan902"/>
		<rel id="sPointingRel1185" xlink:href="scriptorium.bohairic.1Cor_06.mark.xml#sSpan966" target="scriptorium.bohairic.1Cor_06.mark.xml#sSpan967"/>
		<rel id="sPointingRel1187" xlink:href="scriptorium.bohairic.1Cor_06.mark.xml#sSpan1357" target="scriptorium.bohairic.1Cor_06.mark.xml#sSpan1358"/>
		<rel id="sPointingRel1189" xlink:href="scriptorium.bohairic.1Cor_06.mark.xml#sSpan1926" target="scriptorium.bohairic.1Cor_06.mark.xml#sSpan1927"/>
		<rel id="sPointingRel1191" xlink:href="scriptorium.bohairic.1Cor_06.mark.xml#sSpan769" target="scriptorium.bohairic.1Cor_06.mark.xml#sSpan771"/>
		<rel id="sPointingRel1193" xlink:href="scriptorium.bohairic.1Cor_06.mark.xml#sSpan955" target="scriptorium.bohairic.1Cor_06.mark.xml#sSpan957"/>
		<rel id="sPointingRel1195" xlink:href="scriptorium.bohairic.1Cor_06.mark.xml#sSpan1221" target="scriptorium.bohairic.1Cor_06.mark.xml#sSpan1223"/>
		<rel id="sPointingRel1197" xlink:href="scriptorium.bohairic.1Cor_06.mark.xml#sSpan55" target="scriptorium.bohairic.1Cor_06.mark.xml#sSpan56"/>
		<rel id="sPointingRel1199" xlink:href="scriptorium.bohairic.1Cor_06.mark.xml#sSpan1820" target="scriptorium.bohairic.1Cor_06.mark.xml#sSpan1822"/>
		<rel id="sPointingRel1201" xlink:href="scriptorium.bohairic.1Cor_06.mark.xml#sSpan508" target="scriptorium.bohairic.1Cor_06.mark.xml#sSpan509"/>
		<rel id="sPointingRel1203" xlink:href="scriptorium.bohairic.1Cor_06.mark.xml#sSpan158" target="scriptorium.bohairic.1Cor_06.mark.xml#sSpan162"/>
		<rel id="sPointingRel1205" xlink:href="scriptorium.bohairic.1Cor_06.mark.xml#sSpan208" target="scriptorium.bohairic.1Cor_06.mark.xml#sSpan209"/>
		<rel id="sPointingRel1207" xlink:href="scriptorium.bohairic.1Cor_06.mark.xml#sSpan89" target="scriptorium.bohairic.1Cor_06.mark.xml#sSpan91"/>
		<rel id="sPointingRel1209" xlink:href="scriptorium.bohairic.1Cor_06.mark.xml#sSpan1104" target="scriptorium.bohairic.1Cor_06.mark.xml#sSpan1106"/>
		<rel id="sPointingRel1211" xlink:href="scriptorium.bohairic.1Cor_06.mark.xml#sSpan1679" target="scriptorium.bohairic.1Cor_06.mark.xml#sSpan1675"/>
		<rel id="sPointingRel1213" xlink:href="scriptorium.bohairic.1Cor_06.mark.xml#sSpan947" target="scriptorium.bohairic.1Cor_06.mark.xml#sSpan945"/>
		<rel id="sPointingRel1215" xlink:href="scriptorium.bohairic.1Cor_06.mark.xml#sSpan1701" target="scriptorium.bohairic.1Cor_06.mark.xml#sSpan1702"/>
		<rel id="sPointingRel1217" xlink:href="scriptorium.bohairic.1Cor_06.mark.xml#sSpan1517" target="scriptorium.bohairic.1Cor_06.mark.xml#sSpan1519"/>
		<rel id="sPointingRel1219" xlink:href="scriptorium.bohairic.1Cor_06.mark.xml#sSpan1758" target="scriptorium.bohairic.1Cor_06.mark.xml#sSpan1759"/>
		<rel id="sPointingRel1221" xlink:href="scriptorium.bohairic.1Cor_06.mark.xml#sSpan1232" target="scriptorium.bohairic.1Cor_06.mark.xml#sSpan1238"/>
		<rel id="sPointingRel1223" xlink:href="scriptorium.bohairic.1Cor_06.mark.xml#sSpan1298" target="scriptorium.bohairic.1Cor_06.mark.xml#sSpan1301"/>
		<rel id="sPointingRel1225" xlink:href="scriptorium.bohairic.1Cor_06.mark.xml#sSpan1985" target="scriptorium.bohairic.1Cor_06.mark.xml#sSpan1986"/>
		<rel id="sPointingRel1227" xlink:href="scriptorium.bohairic.1Cor_06.mark.xml#sSpan358" target="scriptorium.bohairic.1Cor_06.mark.xml#sSpan354"/>
		<rel id="sPointingRel1229" xlink:href="scriptorium.bohairic.1Cor_06.mark.xml#sSpan868" target="scriptorium.bohairic.1Cor_06.mark.xml#sSpan864"/>
		<rel id="sPointingRel1231" xlink:href="scriptorium.bohairic.1Cor_06.mark.xml#sSpan831" target="scriptorium.bohairic.1Cor_06.mark.xml#sSpan829"/>
		<rel id="sPointingRel1233" xlink:href="scriptorium.bohairic.1Cor_06.mark.xml#sSpan1789" target="scriptorium.bohairic.1Cor_06.mark.xml#sSpan1785"/>
		<rel id="sPointingRel1235" xlink:href="scriptorium.bohairic.1Cor_06.mark.xml#sSpan438" target="scriptorium.bohairic.1Cor_06.mark.xml#sSpan434"/>
		<rel id="sPointingRel1237" xlink:href="scriptorium.bohairic.1Cor_06.mark.xml#sSpan855" target="scriptorium.bohairic.1Cor_06.mark.xml#sSpan853"/>
		<rel id="sPointingRel1239" xlink:href="scriptorium.bohairic.1Cor_06.mark.xml#sSpan264" target="scriptorium.bohairic.1Cor_06.mark.xml#sSpan266"/>
		<rel id="sPointingRel1241" xlink:href="scriptorium.bohairic.1Cor_06.mark.xml#sSpan415" target="scriptorium.bohairic.1Cor_06.mark.xml#sSpan416"/>
		<rel id="sPointingRel1243" xlink:href="scriptorium.bohairic.1Cor_06.mark.xml#sSpan1874" target="scriptorium.bohairic.1Cor_06.mark.xml#sSpan1876"/>
		<rel id="sPointingRel1245" xlink:href="scriptorium.bohairic.1Cor_06.mark.xml#sSpan291" target="scriptorium.bohairic.1Cor_06.mark.xml#sSpan293"/>
		<rel id="sPointingRel1247" xlink:href="scriptorium.bohairic.1Cor_06.mark.xml#sSpan72" target="scriptorium.bohairic.1Cor_06.mark.xml#sSpan74"/>
		<rel id="sPointingRel1249" xlink:href="scriptorium.bohairic.1Cor_06.mark.xml#sSpan715" target="scriptorium.bohairic.1Cor_06.mark.xml#sSpan713"/>
		<rel id="sPointingRel1251" xlink:href="scriptorium.bohairic.1Cor_06.mark.xml#sSpan527" target="scriptorium.bohairic.1Cor_06.mark.xml#sSpan525"/>
		<rel id="sPointingRel1253" xlink:href="scriptorium.bohairic.1Cor_06.mark.xml#sSpan10" target="scriptorium.bohairic.1Cor_06.mark.xml#sSpan8"/>
		<rel id="sPointingRel1255" xlink:href="scriptorium.bohairic.1Cor_06.mark.xml#sSpan1387" target="scriptorium.bohairic.1Cor_06.mark.xml#sSpan1393"/>
		<rel id="sPointingRel1257" xlink:href="scriptorium.bohairic.1Cor_06.mark.xml#sSpan1410" target="scriptorium.bohairic.1Cor_06.mark.xml#sSpan1411"/>
		<rel id="sPointingRel1259" xlink:href="scriptorium.bohairic.1Cor_06.mark.xml#sSpan1338" target="scriptorium.bohairic.1Cor_06.mark.xml#sSpan1340"/>
		<rel id="sPointingRel1261" xlink:href="scriptorium.bohairic.1Cor_06.mark.xml#sSpan1481" target="scriptorium.bohairic.1Cor_06.mark.xml#sSpan1483"/>
		<rel id="sPointingRel1263" xlink:href="scriptorium.bohairic.1Cor_06.mark.xml#sSpan1293" target="scriptorium.bohairic.1Cor_06.mark.xml#sSpan1294"/>
		<rel id="sPointingRel1265" xlink:href="scriptorium.bohairic.1Cor_06.mark.xml#sSpan377" target="scriptorium.bohairic.1Cor_06.mark.xml#sSpan375"/>
		<rel id="sPointingRel1267" xlink:href="scriptorium.bohairic.1Cor_06.mark.xml#sSpan1652" target="scriptorium.bohairic.1Cor_06.mark.xml#sSpan1653"/>
		<rel id="sPointingRel1269" xlink:href="scriptorium.bohairic.1Cor_06.mark.xml#sSpan1445" target="scriptorium.bohairic.1Cor_06.mark.xml#sSpan1446"/>
		<rel id="sPointingRel1271" xlink:href="scriptorium.bohairic.1Cor_06.mark.xml#sSpan1556" target="scriptorium.bohairic.1Cor_06.mark.xml#sSpan1554"/></relList></paula>