<?xml version='1.0' encoding='UTF-8'?><!DOCTYPE paula SYSTEM "paula_feat.dtd">
<paula version="1.1">
	<header paula_id="scriptorium.bohairic.1Cor_06.mark_lemma"/>
	<featList xmlns:xlink="http://www.w3.org/1999/xlink" type="lemma" xml:base="scriptorium.bohairic.1Cor_06.mark.xml">
		<feat xlink:href="#sSpan1" value="ⲟⲩⲟⲛ"/>
		<feat xlink:href="#sSpan8" value="ⲟⲩⲁⲓ"/>
		<feat xlink:href="#sSpan13" value="ⲛⲁ"/>
		<feat xlink:href="#sSpan18" value="ⲉⲣⲧⲟⲗⲙⲁⲛ"/>
		<feat xlink:href="#sSpan22" value="ϧⲉⲛ"/>
		<feat xlink:href="#sSpan26" value="ⲛⲑⲱⲧⲉⲛ"/>
		<feat xlink:href="#sSpan28" value="ⲉⲣⲉ"/>
		<feat xlink:href="#sSpan32" value="ⲟⲩⲟⲛⲧⲉ"/>
		<feat xlink:href="#sSpan34" value="ⲛⲑⲟϥ"/>
		<feat xlink:href="#sSpan36" value="ⲟⲩ"/>
		<feat xlink:href="#sSpan41" value="ϩⲱⲃ"/>
		<feat xlink:href="#sSpan43" value="ⲟⲩⲧⲉ"/>
		<feat xlink:href="#sSpan47" value="ⲛⲑⲟϥ"/>
		<feat xlink:href="#sSpan49" value="ⲛⲉⲙ"/>
		<feat xlink:href="#sSpan53" value="ⲡⲉϥ"/>
		<feat xlink:href="#sSpan56" value="ϣⲫⲏⲣ"/>
		<feat xlink:href="#sSpan58" value="ⲉ"/>
		<feat xlink:href="#sSpan63" value="ϭⲓϩⲁⲡ"/>
		<feat xlink:href="#sSpan66" value="ϩⲓ"/>
		<feat xlink:href="#sSpan70" value="ⲡⲓ"/>
		<feat xlink:href="#sSpan74" value="ⲣⲉϥϭⲓⲛϫⲟⲛⲥ"/>
		<feat xlink:href="#sSpan79" value="ⲟⲩⲟϩ"/>
		<feat xlink:href="#sSpan83" value="ϩⲓ"/>
		<feat xlink:href="#sSpan87" value="ⲡⲓ"/>
		<feat xlink:href="#sSpan91" value="ϩⲁⲅⲓⲟⲥ"/>
		<feat xlink:href="#sSpan93" value="ⲁⲛ"/>
		<feat xlink:href="#sSpan97" value="."/>
		<feat xlink:href="#sSpan101" value="ϣⲁⲛ"/>
		<feat xlink:href="#sSpan108" value="ⲛⲑⲱⲧⲉⲛ"/>
		<feat xlink:href="#sSpan112" value="ⲉⲙⲓ"/>
		<feat xlink:href="#sSpan114" value="ⲁⲛ"/>
		<feat xlink:href="#sSpan118" value="ϫⲉ"/>
		<feat xlink:href="#sSpan122" value="ⲡⲓ"/>
		<feat xlink:href="#sSpan126" value="ϩⲁⲅⲓⲟⲥ"/>
		<feat xlink:href="#sSpan128" value="ⲉⲧⲉ"/>
		<feat xlink:href="#sSpan132" value="ⲛⲁ"/>
		<feat xlink:href="#sSpan135" value="ϯϩⲁⲡ"/>
		<feat xlink:href="#sSpan138" value="ⲉ"/>
		<feat xlink:href="#sSpan142" value="ⲡⲓ"/>
		<feat xlink:href="#sSpan146" value="ⲕⲟⲥⲙⲟⲥ"/>
		<feat xlink:href="#sSpan148" value="ⲟⲩⲟϩ"/>
		<feat xlink:href="#sSpan152" value="ⲓⲥϫⲉ"/>
		<feat xlink:href="#sSpan156" value="ⲡⲓ"/>
		<feat xlink:href="#sSpan162" value="ⲕⲟⲥⲙⲟⲥ"/>
		<feat xlink:href="#sSpan164" value="ⲉⲣⲉ"/>
		<feat xlink:href="#sSpan168" value="ⲛⲑⲱⲟⲩ"/>
		<feat xlink:href="#sSpan170" value="ⲛⲁ"/>
		<feat xlink:href="#sSpan173" value="ϯϩⲁⲡ"/>
		<feat xlink:href="#sSpan176" value="ⲉ"/>
		<feat xlink:href="#sSpan180" value="ⲛⲑⲟϥ"/>
		<feat xlink:href="#sSpan182" value="ϧⲉⲛ"/>
		<feat xlink:href="#sSpan186" value="ⲛⲑⲱⲧⲉⲛ"/>
		<feat xlink:href="#sSpan188" value="ⲛⲁⲣⲉ"/>
		<feat xlink:href="#sSpan192" value="ⲛⲑⲱⲧⲉⲛ"/>
		<feat xlink:href="#sSpan194" value="ⲙⲡϣⲁ"/>
		<feat xlink:href="#sSpan196" value="ⲁⲛ"/>
		<feat xlink:href="#sSpan200" value="ϫⲉ"/>
		<feat xlink:href="#sSpan204" value="ⲛ"/>
		<feat xlink:href="#sSpan206" value="ⲟⲩ"/>
		<feat xlink:href="#sSpan209" value="ⲕⲟⲩϫⲓ"/>
		<feat xlink:href="#sSpan211" value="ⲛ"/>
		<feat xlink:href="#sSpan215" value="ⲙⲁ"/>
		<feat xlink:href="#sSpan217" value="ⲛ"/>
		<feat xlink:href="#sSpan222" value="ϯϩⲁⲡ"/>
		<feat xlink:href="#sSpan225" value="."/>
		<feat xlink:href="#sSpan229" value="ⲛ"/>
		<feat xlink:href="#sSpan236" value="ⲛⲑⲱⲧⲉⲛ"/>
		<feat xlink:href="#sSpan238" value="ⲉⲙⲓ"/>
		<feat xlink:href="#sSpan240" value="ⲁⲛ"/>
		<feat xlink:href="#sSpan244" value="ϫⲉ"/>
		<feat xlink:href="#sSpan248" value="ⲉⲣⲉ"/>
		<feat xlink:href="#sSpan250" value="ⲁⲛⲟⲕ"/>
		<feat xlink:href="#sSpan252" value="ⲛⲁ"/>
		<feat xlink:href="#sSpan255" value="ϯϩⲁⲡ"/>
		<feat xlink:href="#sSpan258" value="ⲉ"/>
		<feat xlink:href="#sSpan262" value="ⲟⲩ"/>
		<feat xlink:href="#sSpan266" value="ⲁⲅⲅⲉⲗⲟⲥ"/>
		<feat xlink:href="#sSpan269" value="ⲙⲏⲧⲓ"/>
		<feat xlink:href="#sSpan274" value="ⲅⲉ"/>
		<feat xlink:href="#sSpan278" value="ⲟⲩ"/>
		<feat xlink:href="#sSpan283" value="ϩⲱⲃ"/>
		<feat xlink:href="#sSpan285" value="ⲛⲧⲉ"/>
		<feat xlink:href="#sSpan289" value="ⲡⲁⲓ"/>
		<feat xlink:href="#sSpan293" value="ⲃⲓⲟⲥ"/>
		<feat xlink:href="#sSpan295" value="."/>
		<feat xlink:href="#sSpan299" value="ⲉϣⲱⲡ"/>
		<feat xlink:href="#sSpan307" value="ⲙⲉⲛ"/>
		<feat xlink:href="#sSpan311" value="ⲟⲩⲛ"/>
		<feat xlink:href="#sSpan315" value="ⲉⲣⲉ"/>
		<feat xlink:href="#sSpan319" value="ⲟⲩⲟⲛⲧⲉ"/>
		<feat xlink:href="#sSpan321" value="ⲛⲑⲱⲧⲉⲛ"/>
		<feat xlink:href="#sSpan323" value="ⲙⲙⲁⲩ"/>
		<feat xlink:href="#sSpan327" value="ⲛ"/>
		<feat xlink:href="#sSpan331" value="ⲟⲩ"/>
		<feat xlink:href="#sSpan334" value="ⲙⲁ"/>
		<feat xlink:href="#sSpan336" value="ⲛ"/>
		<feat xlink:href="#sSpan341" value="ϯϩⲁⲡ"/>
		<feat xlink:href="#sSpan344" value="ⲛⲧⲉ"/>
		<feat xlink:href="#sSpan348" value="ⲡⲁⲓ"/>
		<feat xlink:href="#sSpan352" value="ⲃⲓⲟⲥ"/>
		<feat xlink:href="#sSpan354" value="ⲫⲏ"/>
		<feat xlink:href="#sSpan359" value="ⲉⲧⲉ"/>
		<feat xlink:href="#sSpan363" value="ϣⲱϣ"/>
		<feat xlink:href="#sSpan365" value="ϧⲉⲛ"/>
		<feat xlink:href="#sSpan369" value="ⲡⲓ"/>
		<feat xlink:href="#sSpan373" value="ⲉⲕⲕⲗⲏⲥⲓⲁ"/>
		<feat xlink:href="#sSpan375" value="ⲡⲁⲓ"/>
		<feat xlink:href="#sSpan380" value="ϯ"/>
		<feat xlink:href="#sSpan384" value="ⲧϩⲉⲙⲥⲟ"/>
		<feat xlink:href="#sSpan386" value="ⲛⲑⲱⲟⲩ"/>
		<feat xlink:href="#sSpan388" value="."/>
		<feat xlink:href="#sSpan392" value="ⲉⲣⲉ"/>
		<feat xlink:href="#sSpan399" value="ⲁⲛⲟⲕ"/>
		<feat xlink:href="#sSpan401" value="ϫⲱ"/>
		<feat xlink:href="#sSpan403" value="ⲛ"/>
		<feat xlink:href="#sSpan407" value="ⲛⲑⲟⲥ"/>
		<feat xlink:href="#sSpan409" value="ⲉ"/>
		<feat xlink:href="#sSpan413" value="ⲟⲩ"/>
		<feat xlink:href="#sSpan416" value="ϫⲫⲓⲟ"/>
		<feat xlink:href="#sSpan418" value="ⲛⲁ"/>
		<feat xlink:href="#sSpan422" value="ⲛⲑⲱⲧⲉⲛ"/>
		<feat xlink:href="#sSpan424" value="ⲡⲁⲓ"/>
		<feat xlink:href="#sSpan428" value="ⲣⲏϯ"/>
		<feat xlink:href="#sSpan430" value="ⲙⲙⲟⲛ"/>
		<feat xlink:href="#sSpan434" value="ϩⲗⲓ"/>
		<feat xlink:href="#sSpan439" value="ⲛ"/>
		<feat xlink:href="#sSpan443" value="ⲥⲁⲃⲉ"/>
		<feat xlink:href="#sSpan445" value="ϧⲉⲛ"/>
		<feat xlink:href="#sSpan449" value="ⲛⲑⲱⲧⲉⲛ"/>
		<feat xlink:href="#sSpan451" value="ⲉⲣⲉ"/>
		<feat xlink:href="#sSpan455" value="ⲟⲩⲟⲛ"/>
		<feat xlink:href="#sSpan457" value="ϣϫⲟⲙ"/>
		<feat xlink:href="#sSpan459" value="ⲛ"/>
		<feat xlink:href="#sSpan463" value="ⲛⲑⲟϥ"/>
		<feat xlink:href="#sSpan465" value="ⲉ"/>
		<feat xlink:href="#sSpan470" value="ⲉⲣⲇⲓⲁⲕⲣⲓⲛⲓⲛ"/>
		<feat xlink:href="#sSpan474" value="ⲟⲩⲧⲉ"/>
		<feat xlink:href="#sSpan478" value="ⲡⲉϥ"/>
		<feat xlink:href="#sSpan481" value="ⲥⲟⲛ"/>
		<feat xlink:href="#sSpan483" value="."/>
		<feat xlink:href="#sSpan488" value="ⲁⲗⲗⲁ"/>
		<feat xlink:href="#sSpan495" value="ⲟⲩ"/>
		<feat xlink:href="#sSpan500" value="ⲥⲟⲛ"/>
		<feat xlink:href="#sSpan502" value="ⲛⲉⲙ"/>
		<feat xlink:href="#sSpan506" value="ⲟⲩ"/>
		<feat xlink:href="#sSpan509" value="ⲥⲟⲛ"/>
		<feat xlink:href="#sSpan511" value="ⲉⲣⲉ"/>
		<feat xlink:href="#sSpan515" value="ⲛⲑⲟϥ"/>
		<feat xlink:href="#sSpan518" value="ϭⲓϩⲁⲡ"/>
		<feat xlink:href="#sSpan521" value="ⲟⲩⲟϩ"/>
		<feat xlink:href="#sSpan525" value="ⲫⲁⲓ"/>
		<feat xlink:href="#sSpan530" value="ϩⲓ"/>
		<feat xlink:href="#sSpan534" value="ⲡⲓ"/>
		<feat xlink:href="#sSpan538" value="ⲁⲑⲛⲁϩϯ"/>
		<feat xlink:href="#sSpan541" value="."/>
		<feat xlink:href="#sSpan546" value="ϩⲏⲇⲏ"/>
		<feat xlink:href="#sSpan554" value="ⲙⲉⲛ"/>
		<feat xlink:href="#sSpan559" value="ϩⲟⲗⲱⲥ"/>
		<feat xlink:href="#sSpan563" value="ⲟⲩ"/>
		<feat xlink:href="#sSpan568" value="ⲑⲉⲃⲓⲟ"/>
		<feat xlink:href="#sSpan570" value="ⲛⲁ"/>
		<feat xlink:href="#sSpan574" value="ⲛⲑⲱⲧⲉⲛ"/>
		<feat xlink:href="#sSpan576" value="ⲡⲉ"/>
		<feat xlink:href="#sSpan580" value="ϫⲉ"/>
		<feat xlink:href="#sSpan584" value="ⲟⲩⲟⲛⲧⲉ"/>
		<feat xlink:href="#sSpan586" value="ⲛⲑⲱⲧⲉⲛ"/>
		<feat xlink:href="#sSpan588" value="ϩⲁⲡ"/>
		<feat xlink:href="#sSpan593" value="ⲙⲙⲁⲩ"/>
		<feat xlink:href="#sSpan597" value="ⲟⲩⲧⲉ"/>
		<feat xlink:href="#sSpan601" value="ⲛⲑⲱⲧⲉⲛ"/>
		<feat xlink:href="#sSpan603" value="ⲛⲉⲙ"/>
		<feat xlink:href="#sSpan607" value="ⲡⲉⲧⲉⲛ"/>
		<feat xlink:href="#sSpan609" value="ⲉⲣⲏⲟⲩ"/>
		<feat xlink:href="#sSpan611" value="ⲉⲑⲃⲉ"/>
		<feat xlink:href="#sSpan615" value="ⲟⲩ"/>
		<feat xlink:href="#sSpan618" value="ⲙⲁⲗⲗⲟⲛ"/>
		<feat xlink:href="#sSpan622" value="ⲛⲑⲱⲟⲩ"/>
		<feat xlink:href="#sSpan626" value="ϭⲓ"/>
		<feat xlink:href="#sSpan628" value="ⲛ"/>
		<feat xlink:href="#sSpan632" value="ⲛⲑⲱⲧⲉⲛ"/>
		<feat xlink:href="#sSpan634" value="ⲛ"/>
		<feat xlink:href="#sSpan638" value="ϫⲟⲛⲥ"/>
		<feat xlink:href="#sSpan640" value="ⲁⲛ"/>
		<feat xlink:href="#sSpan644" value="ⲉⲑⲃⲉ"/>
		<feat xlink:href="#sSpan648" value="ⲟⲩ"/>
		<feat xlink:href="#sSpan651" value="ⲙⲁⲗⲗⲟⲛ"/>
		<feat xlink:href="#sSpan655" value="ⲛⲑⲱⲟⲩ"/>
		<feat xlink:href="#sSpan659" value="ϥⲱϫⲓ"/>
		<feat xlink:href="#sSpan661" value="ⲛ"/>
		<feat xlink:href="#sSpan665" value="ⲛⲑⲱⲧⲉⲛ"/>
		<feat xlink:href="#sSpan667" value="ⲁⲛ"/>
		<feat xlink:href="#sSpan671" value="."/>
		<feat xlink:href="#sSpan676" value="ⲁⲗⲗⲁ"/>
		<feat xlink:href="#sSpan683" value="ⲛⲑⲱⲧⲉⲛ"/>
		<feat xlink:href="#sSpan687" value="ⲉⲧⲉ"/>
		<feat xlink:href="#sSpan691" value="ϭⲓ"/>
		<feat xlink:href="#sSpan693" value="ⲛ"/>
		<feat xlink:href="#sSpan697" value="ϫⲟⲛⲥ"/>
		<feat xlink:href="#sSpan699" value="ⲟⲩⲟϩ"/>
		<feat xlink:href="#sSpan703" value="ⲉⲧⲉ"/>
		<feat xlink:href="#sSpan707" value="ϥⲱϫⲓ"/>
		<feat xlink:href="#sSpan709" value="ⲟⲩⲟϩ"/>
		<feat xlink:href="#sSpan713" value="ⲫⲁⲓ"/>
		<feat xlink:href="#sSpan718" value="ⲛ"/>
		<feat xlink:href="#sSpan722" value="ⲡⲉⲧⲉⲛ"/>
		<feat xlink:href="#sSpan725" value="ⲥⲟⲛ"/>
		<feat xlink:href="#sSpan727" value="."/>
		<feat xlink:href="#sSpan731" value="ϣⲁⲛ"/>
		<feat xlink:href="#sSpan738" value="ⲛⲑⲱⲧⲉⲛ"/>
		<feat xlink:href="#sSpan742" value="ⲉⲙⲓ"/>
		<feat xlink:href="#sSpan744" value="ⲁⲛ"/>
		<feat xlink:href="#sSpan748" value="ϫⲉ"/>
		<feat xlink:href="#sSpan752" value="ⲡⲓ"/>
		<feat xlink:href="#sSpan756" value="ⲣⲉϥϭⲓ"/>
		<feat xlink:href="#sSpan759" value="ⲛ"/>
		<feat xlink:href="#sSpan763" value="ϫⲟⲛⲥ"/>
		<feat xlink:href="#sSpan765" value="ⲡⲓ"/>
		<feat xlink:href="#sSpan771" value="ⲙⲉⲧⲟⲩⲣⲟ"/>
		<feat xlink:href="#sSpan774" value="ⲛⲧⲉ"/>
		<feat xlink:href="#sSpan778" value="ⲡ"/>
		<feat xlink:href="#sSpan781" value="ⲛⲟⲩϯ"/>
		<feat xlink:href="#sSpan783" value="ⲛⲑⲱⲟⲩ"/>
		<feat xlink:href="#sSpan787" value="ⲛⲁ"/>
		<feat xlink:href="#sSpan790" value="ⲉⲣⲕⲗⲏⲣⲟⲛⲟⲙⲓⲛ"/>
		<feat xlink:href="#sSpan794" value="ⲛ"/>
		<feat xlink:href="#sSpan798" value="ⲛⲑⲟⲥ"/>
		<feat xlink:href="#sSpan800" value="ⲁⲛ"/>
		<feat xlink:href="#sSpan804" value="ⲙⲡⲉⲣ"/>
		<feat xlink:href="#sSpan808" value="ⲥⲱⲣⲉⲙ"/>
		<feat xlink:href="#sSpan810" value="ϫⲉ"/>
		<feat xlink:href="#sSpan815" value="ⲟⲩⲇⲉ"/>
		<feat xlink:href="#sSpan818" value="ⲡⲟⲣⲛⲟⲥ"/>
		<feat xlink:href="#sSpan824" value="ⲟⲩⲇⲉ"/>
		<feat xlink:href="#sSpan829" value="ⲣⲉϥϣⲁⲙϣⲉⲓⲇⲱⲗⲟⲛ"/>
		<feat xlink:href="#sSpan838" value="ⲟⲩⲇⲉ"/>
		<feat xlink:href="#sSpan842" value="ⲛⲱⲓⲕ"/>
		<feat xlink:href="#sSpan848" value="ⲟⲩⲇⲉ"/>
		<feat xlink:href="#sSpan853" value="ⲙⲁⲗⲁⲕⲟⲥ"/>
		<feat xlink:href="#sSpan859" value="ⲟⲩⲇⲉ"/>
		<feat xlink:href="#sSpan864" value="ⲣⲉϥⲉⲛⲕⲟⲧ"/>
		<feat xlink:href="#sSpan870" value="ⲛⲉⲙ"/>
		<feat xlink:href="#sSpan874" value="ϩⲱⲟⲩⲧ"/>
		<feat xlink:href="#sSpan877" value="."/>
		<feat xlink:href="#sSpan882" value="ⲟⲩⲇⲉ"/>
		<feat xlink:href="#sSpan890" value="ⲣⲉϥϭⲓⲟⲩⲓ"/>
		<feat xlink:href="#sSpan897" value="ⲟⲩⲇⲉ"/>
		<feat xlink:href="#sSpan902" value="ⲣⲉϥϭⲓ"/>
		<feat xlink:href="#sSpan908" value="ⲛ"/>
		<feat xlink:href="#sSpan912" value="ϫⲟⲛⲥ"/>
		<feat xlink:href="#sSpan915" value="ⲟⲩⲇⲉ"/>
		<feat xlink:href="#sSpan920" value="ⲣⲉϥⲑⲓϧⲓ"/>
		<feat xlink:href="#sSpan927" value="ⲟⲩⲇⲉ"/>
		<feat xlink:href="#sSpan932" value="ⲣⲉϥϯϣⲱϣ"/>
		<feat xlink:href="#sSpan940" value="ⲟⲩⲇⲉ"/>
		<feat xlink:href="#sSpan945" value="ⲣⲉϥϩⲱⲗⲉⲙ"/>
		<feat xlink:href="#sSpan951" value="ⲡⲓ"/>
		<feat xlink:href="#sSpan957" value="ⲙⲉⲧⲟⲩⲣⲟ"/>
		<feat xlink:href="#sSpan960" value="ⲛⲧⲉ"/>
		<feat xlink:href="#sSpan964" value="ⲡ"/>
		<feat xlink:href="#sSpan967" value="ⲛⲟⲩϯ"/>
		<feat xlink:href="#sSpan969" value="ⲛⲑⲱⲟⲩ"/>
		<feat xlink:href="#sSpan973" value="ⲛⲁ"/>
		<feat xlink:href="#sSpan976" value="ⲉⲣⲕⲗⲏⲣⲟⲛⲟⲙⲓⲛ"/>
		<feat xlink:href="#sSpan979" value="ⲛ"/>
		<feat xlink:href="#sSpan983" value="ⲛⲑⲟⲥ"/>
		<feat xlink:href="#sSpan985" value="ⲁⲛ"/>
		<feat xlink:href="#sSpan989" value="."/>
		<feat xlink:href="#sSpan994" value="ⲕⲁⲓ"/>
		<feat xlink:href="#sSpan1002" value="ⲧⲁⲩⲧⲁ"/>
		<feat xlink:href="#sSpan1006" value="ⲛⲁⲣⲉ"/>
		<feat xlink:href="#sSpan1010" value="ⲛⲑⲱⲧⲉⲛ"/>
		<feat xlink:href="#sSpan1012" value="ⲟⲩ"/>
		<feat xlink:href="#sSpan1015" value="ⲟⲩⲟⲛ"/>
		<feat xlink:href="#sSpan1017" value="ⲡⲉ"/>
		<feat xlink:href="#sSpan1022" value="ⲁⲗⲗⲁ"/>
		<feat xlink:href="#sSpan1026" value="ⲁ"/>
		<feat xlink:href="#sSpan1030" value="ⲛⲑⲱⲟⲩ"/>
		<feat xlink:href="#sSpan1032" value="ϫⲱⲕⲉⲙ"/>
		<feat xlink:href="#sSpan1034" value="ⲛⲑⲱⲧⲉⲛ"/>
		<feat xlink:href="#sSpan1037" value="ⲁⲗⲗⲁ"/>
		<feat xlink:href="#sSpan1041" value="ⲁ"/>
		<feat xlink:href="#sSpan1045" value="ⲛⲑⲱⲟⲩ"/>
		<feat xlink:href="#sSpan1047" value="ⲧⲟⲩⲃⲟ"/>
		<feat xlink:href="#sSpan1049" value="ⲛⲑⲱⲧⲉⲛ"/>
		<feat xlink:href="#sSpan1052" value="ⲁⲗⲗⲁ"/>
		<feat xlink:href="#sSpan1056" value="ⲁ"/>
		<feat xlink:href="#sSpan1060" value="ⲛⲑⲱⲟⲩ"/>
		<feat xlink:href="#sSpan1062" value="ⲑⲙⲁⲓⲟ"/>
		<feat xlink:href="#sSpan1064" value="ⲛⲑⲱⲧⲉⲛ"/>
		<feat xlink:href="#sSpan1066" value="ϧⲉⲛ"/>
		<feat xlink:href="#sSpan1070" value="ⲡ"/>
		<feat xlink:href="#sSpan1073" value="ⲣⲁⲛ"/>
		<feat xlink:href="#sSpan1075" value="ⲛ"/>
		<feat xlink:href="#sSpan1079" value="ⲡⲉⲛ"/>
		<feat xlink:href="#sSpan1082" value="ϭⲟⲓⲥ"/>
		<feat xlink:href="#sSpan1085" value="ⲓⲏⲥⲟⲩⲥ"/>
		<feat xlink:href="#sSpan1089" value="ⲡ"/>
		<feat xlink:href="#sSpan1094" value="ⲭⲣⲓⲥⲧⲟⲥ"/>
		<feat xlink:href="#sSpan1096" value="ⲛⲉⲙ"/>
		<feat xlink:href="#sSpan1100" value="ϧⲉⲛ"/>
		<feat xlink:href="#sSpan1102" value="ⲡⲓ"/>
		<feat xlink:href="#sSpan1106" value="ⲡⲛⲉⲩⲙⲁ"/>
		<feat xlink:href="#sSpan1108" value="ⲛⲧⲉ"/>
		<feat xlink:href="#sSpan1112" value="ⲡⲉⲧⲉⲛ"/>
		<feat xlink:href="#sSpan1115" value="ⲛⲟⲩϯ"/>
		<feat xlink:href="#sSpan1117" value="."/>
		<feat xlink:href="#sSpan1122" value="ⲉⲝⲉⲥⲧⲓⲛ"/>
		<feat xlink:href="#sSpan1129" value="ⲛⲁ"/>
		<feat xlink:href="#sSpan1133" value="ⲁⲛⲟⲕ"/>
		<feat xlink:href="#sSpan1135" value="ⲉ"/>
		<feat xlink:href="#sSpan1139" value="ⲓⲣⲓ"/>
		<feat xlink:href="#sSpan1141" value="ϩⲱⲃ"/>
		<feat xlink:href="#sSpan1144" value="ⲛⲓⲃⲉⲛ"/>
		<feat xlink:href="#sSpan1149" value="ⲁⲗⲗⲁ"/>
		<feat xlink:href="#sSpan1153" value="ⲛⲑⲱⲟⲩ"/>
		<feat xlink:href="#sSpan1158" value="ⲉⲣⲛⲟϥⲣⲓ"/>
		<feat xlink:href="#sSpan1161" value="ⲧⲏⲣ"/>
		<feat xlink:href="#sSpan1165" value="ⲛⲑⲱⲟⲩ"/>
		<feat xlink:href="#sSpan1167" value="ⲁⲛ"/>
		<feat xlink:href="#sSpan1172" value="ⲉⲝⲉⲥⲧⲓⲛ"/>
		<feat xlink:href="#sSpan1176" value="ⲛⲁ"/>
		<feat xlink:href="#sSpan1180" value="ⲁⲛⲟⲕ"/>
		<feat xlink:href="#sSpan1182" value="ⲉ"/>
		<feat xlink:href="#sSpan1186" value="ⲓⲣⲓ"/>
		<feat xlink:href="#sSpan1188" value="ϩⲱⲃ"/>
		<feat xlink:href="#sSpan1191" value="ⲛⲓⲃⲉⲛ"/>
		<feat xlink:href="#sSpan1196" value="ⲁⲗⲗⲁ"/>
		<feat xlink:href="#sSpan1200" value="ⲛⲧⲉ"/>
		<feat xlink:href="#sSpan1204" value="ⲛⲉϣ"/>
		<feat xlink:href="#sSpan1206" value="ϩⲗⲓ"/>
		<feat xlink:href="#sSpan1211" value="ⲓⲣⲓ"/>
		<feat xlink:href="#sSpan1215" value="ⲛ"/>
		<feat xlink:href="#sSpan1219" value="ⲡⲁ"/>
		<feat xlink:href="#sSpan1223" value="ⲉⲣϣⲓϣⲓ"/>
		<feat xlink:href="#sSpan1226" value="."/>
		<feat xlink:href="#sSpan1230" value="ⲡⲓ"/>
		<feat xlink:href="#sSpan1238" value="ϧⲣⲉ"/>
		<feat xlink:href="#sSpan1240" value="ⲁ"/>
		<feat xlink:href="#sSpan1244" value="ⲛⲑⲱⲟⲩ"/>
		<feat xlink:href="#sSpan1246" value="ⲭⲱ"/>
		<feat xlink:href="#sSpan1248" value="ⲛ"/>
		<feat xlink:href="#sSpan1252" value="ⲡⲓ"/>
		<feat xlink:href="#sSpan1255" value="ⲛⲉϫⲓ"/>
		<feat xlink:href="#sSpan1257" value="ⲟⲩⲟϩ"/>
		<feat xlink:href="#sSpan1261" value="ⲡⲓ"/>
		<feat xlink:href="#sSpan1266" value="ⲛⲉϫⲓ"/>
		<feat xlink:href="#sSpan1268" value="ⲛ"/>
		<feat xlink:href="#sSpan1272" value="ⲡⲓ"/>
		<feat xlink:href="#sSpan1275" value="ϧⲣⲉ"/>
		<feat xlink:href="#sSpan1277" value="ⲫⲁⲓ"/>
		<feat xlink:href="#sSpan1283" value="ⲇⲉ"/>
		<feat xlink:href="#sSpan1287" value="ⲛⲉⲙ"/>
		<feat xlink:href="#sSpan1291" value="ⲡⲓ"/>
		<feat xlink:href="#sSpan1294" value="ⲕⲉ"/>
		<feat xlink:href="#sSpan1296" value="ⲡ"/>
		<feat xlink:href="#sSpan1301" value="ⲛⲟⲩϯ"/>
		<feat xlink:href="#sSpan1303" value="ⲛⲁ"/>
		<feat xlink:href="#sSpan1307" value="ⲕⲱⲣϥ"/>
		<feat xlink:href="#sSpan1309" value="ⲛⲑⲱⲟⲩ"/>
		<feat xlink:href="#sSpan1311" value="ⲡⲓ"/>
		<feat xlink:href="#sSpan1317" value="ⲥⲱⲙⲁ"/>
		<feat xlink:href="#sSpan1320" value="ⲇⲉ"/>
		<feat xlink:href="#sSpan1324" value="ⲛⲁⲣⲉ"/>
		<feat xlink:href="#sSpan1328" value="ⲛⲑⲟϥ"/>
		<feat xlink:href="#sSpan1330" value="ⲭⲱ"/>
		<feat xlink:href="#sSpan1332" value="ⲛ"/>
		<feat xlink:href="#sSpan1336" value="ⲡⲓ"/>
		<feat xlink:href="#sSpan1340" value="ⲡⲟⲣⲛⲓⲁ"/>
		<feat xlink:href="#sSpan1342" value="ⲁⲛ"/>
		<feat xlink:href="#sSpan1347" value="ⲁⲗⲗⲁ"/>
		<feat xlink:href="#sSpan1351" value="ⲛ"/>
		<feat xlink:href="#sSpan1355" value="ⲡ"/>
		<feat xlink:href="#sSpan1358" value="ϭⲟⲓⲥ"/>
		<feat xlink:href="#sSpan1360" value="ⲟⲩⲟϩ"/>
		<feat xlink:href="#sSpan1364" value="ⲡ"/>
		<feat xlink:href="#sSpan1369" value="ϭⲟⲓⲥ"/>
		<feat xlink:href="#sSpan1371" value="ⲛ"/>
		<feat xlink:href="#sSpan1375" value="ⲡⲓ"/>
		<feat xlink:href="#sSpan1379" value="ⲥⲱⲙⲁ"/>
		<feat xlink:href="#sSpan1381" value="."/>
		<feat xlink:href="#sSpan1385" value="ⲡ"/>
		<feat xlink:href="#sSpan1393" value="ⲛⲟⲩϯ"/>
		<feat xlink:href="#sSpan1396" value="ⲇⲉ"/>
		<feat xlink:href="#sSpan1400" value="ⲁ"/>
		<feat xlink:href="#sSpan1404" value="ⲛⲑⲟϥ"/>
		<feat xlink:href="#sSpan1406" value="ⲧⲟⲩⲛⲟⲥ"/>
		<feat xlink:href="#sSpan1408" value="ⲡⲉⲛ"/>
		<feat xlink:href="#sSpan1411" value="ϭⲟⲓⲥ"/>
		<feat xlink:href="#sSpan1413" value="ⲟⲩⲟϩ"/>
		<feat xlink:href="#sSpan1417" value="ⲁⲛⲟⲛ"/>
		<feat xlink:href="#sSpan1421" value="ϩⲱⲱ"/>
		<feat xlink:href="#sSpan1425" value="ⲁⲛⲟⲛ"/>
		<feat xlink:href="#sSpan1427" value="ⲉⲣⲉ_ⲛⲑⲟϥ"/>
		<feat xlink:href="#sSpan1431" value="ⲧⲟⲩⲛⲟⲥ"/>
		<feat xlink:href="#sSpan1433" value="ⲁⲛⲟⲛ"/>
		<feat xlink:href="#sSpan1435" value="ⲉⲃⲟⲗ"/>
		<feat xlink:href="#sSpan1439" value="ϩⲓⲧⲉⲛ"/>
		<feat xlink:href="#sSpan1443" value="ⲡⲉϥ"/>
		<feat xlink:href="#sSpan1446" value="ϫⲟⲙ"/>
		<feat xlink:href="#sSpan1448" value="."/>
		<feat xlink:href="#sSpan1452" value="ⲛ"/>
		<feat xlink:href="#sSpan1459" value="ⲛⲑⲱⲧⲉⲛ"/>
		<feat xlink:href="#sSpan1461" value="ⲉⲙⲓ"/>
		<feat xlink:href="#sSpan1463" value="ⲁⲛ"/>
		<feat xlink:href="#sSpan1467" value="ϫⲉ"/>
		<feat xlink:href="#sSpan1471" value="ⲡⲉⲧⲉⲛ"/>
		<feat xlink:href="#sSpan1475" value="ⲥⲱⲙⲁ"/>
		<feat xlink:href="#sSpan1477" value="ⲟⲩ"/>
		<feat xlink:href="#sSpan1483" value="ⲙⲉⲗⲟⲥ"/>
		<feat xlink:href="#sSpan1485" value="ⲛⲧⲉ"/>
		<feat xlink:href="#sSpan1489" value="ⲡ"/>
		<feat xlink:href="#sSpan1493" value="ⲭⲣⲓⲥⲧⲟⲥ"/>
		<feat xlink:href="#sSpan1495" value="ⲡⲉ"/>
		<feat xlink:href="#sSpan1499" value="ⲛⲧⲉ"/>
		<feat xlink:href="#sSpan1503" value="ⲁⲛⲟⲕ"/>
		<feat xlink:href="#sSpan1505" value="ⲱⲗⲓ"/>
		<feat xlink:href="#sSpan1507" value="ⲟⲩⲛ"/>
		<feat xlink:href="#sSpan1511" value="ⲛ"/>
		<feat xlink:href="#sSpan1515" value="ⲡⲓ"/>
		<feat xlink:href="#sSpan1519" value="ⲙⲉⲗⲟⲥ"/>
		<feat xlink:href="#sSpan1521" value="ⲛⲧⲉ"/>
		<feat xlink:href="#sSpan1525" value="ⲡ"/>
		<feat xlink:href="#sSpan1529" value="ⲭⲣⲓⲥⲧⲟⲥ"/>
		<feat xlink:href="#sSpan1531" value="ⲛⲧⲉ"/>
		<feat xlink:href="#sSpan1535" value="ⲁⲛⲟⲕ"/>
		<feat xlink:href="#sSpan1537" value="ⲓⲣⲓ"/>
		<feat xlink:href="#sSpan1539" value="ⲛⲑⲱⲟⲩ"/>
		<feat xlink:href="#sSpan1541" value="ⲛ"/>
		<feat xlink:href="#sSpan1546" value="ⲙⲉⲗⲟⲥ"/>
		<feat xlink:href="#sSpan1549" value="ⲛ"/>
		<feat xlink:href="#sSpan1554" value="ⲡⲟⲣⲛⲏ"/>
		<feat xlink:href="#sSpan1557" value="ⲛⲛⲉ"/>
		<feat xlink:href="#sSpan1561" value="ⲛⲑⲟⲥ"/>
		<feat xlink:href="#sSpan1563" value="ϣⲱⲡⲓ"/>
		<feat xlink:href="#sSpan1565" value="ϣⲁⲛ"/>
		<feat xlink:href="#sSpan1572" value="ⲛⲑⲱⲧⲉⲛ"/>
		<feat xlink:href="#sSpan1576" value="ⲉⲙⲓ"/>
		<feat xlink:href="#sSpan1578" value="ⲁⲛ"/>
		<feat xlink:href="#sSpan1582" value="ϫⲉ"/>
		<feat xlink:href="#sSpan1586" value="ⲫⲏ"/>
		<feat xlink:href="#sSpan1589" value="ⲉⲧⲉ"/>
		<feat xlink:href="#sSpan1593" value="ⲧⲱⲙⲓ"/>
		<feat xlink:href="#sSpan1595" value="ⲛ"/>
		<feat xlink:href="#sSpan1599" value="ⲛⲑⲟϥ"/>
		<feat xlink:href="#sSpan1601" value="ⲉ"/>
		<feat xlink:href="#sSpan1605" value="ⲡⲓ"/>
		<feat xlink:href="#sSpan1609" value="ⲡⲟⲣⲛⲏ"/>
		<feat xlink:href="#sSpan1611" value="ⲟⲩ"/>
		<feat xlink:href="#sSpan1617" value="ⲥⲱⲙⲁ"/>
		<feat xlink:href="#sSpan1619" value="ⲛ"/>
		<feat xlink:href="#sSpan1623" value="ⲟⲩⲱⲧ"/>
		<feat xlink:href="#sSpan1625" value="ⲡⲉ"/>
		<feat xlink:href="#sSpan1629" value="ⲉⲣⲉ_ⲛⲑⲱⲟⲩ"/>
		<feat xlink:href="#sSpan1633" value="ϣⲱⲡⲓ"/>
		<feat xlink:href="#sSpan1636" value="ⲅⲁⲣ"/>
		<feat xlink:href="#sSpan1640" value="ⲡⲉϫⲉ"/>
		<feat xlink:href="#sSpan1644" value="ⲛⲑⲟϥ"/>
		<feat xlink:href="#sSpan1646" value="ⲛ"/>
		<feat xlink:href="#sSpan1650" value="ⲡ"/>
		<feat xlink:href="#sSpan1653" value="ⲃ"/>
		<feat xlink:href="#sSpan1655" value="ⲉ"/>
		<feat xlink:href="#sSpan1659" value="ⲟⲩ"/>
		<feat xlink:href="#sSpan1663" value="ⲥⲁⲣⲝ"/>
		<feat xlink:href="#sSpan1665" value="ⲛ"/>
		<feat xlink:href="#sSpan1669" value="ⲟⲩⲱⲧ"/>
		<feat xlink:href="#sSpan1671" value="."/>
		<feat xlink:href="#sSpan1675" value="ⲫⲏ"/>
		<feat xlink:href="#sSpan1683" value="ⲉⲧⲉ"/>
		<feat xlink:href="#sSpan1687" value="ⲧⲱⲙⲓ"/>
		<feat xlink:href="#sSpan1689" value="ⲛ"/>
		<feat xlink:href="#sSpan1693" value="ⲛⲑⲟϥ"/>
		<feat xlink:href="#sSpan1695" value="ⲉ"/>
		<feat xlink:href="#sSpan1699" value="ⲡ"/>
		<feat xlink:href="#sSpan1702" value="ϭⲟⲓⲥ"/>
		<feat xlink:href="#sSpan1704" value="ⲟⲩ"/>
		<feat xlink:href="#sSpan1710" value="ⲡⲛⲉⲩⲙⲁ"/>
		<feat xlink:href="#sSpan1712" value="ⲛ"/>
		<feat xlink:href="#sSpan1716" value="ⲟⲩⲱⲧ"/>
		<feat xlink:href="#sSpan1718" value="."/>
		<feat xlink:href="#sSpan1722" value="ⲫⲱⲧ"/>
		<feat xlink:href="#sSpan1729" value="ⲥⲁⲃⲟⲗ"/>
		<feat xlink:href="#sSpan1733" value="ⲛ"/>
		<feat xlink:href="#sSpan1737" value="ⲡⲓ"/>
		<feat xlink:href="#sSpan1741" value="ⲡⲟⲣⲛⲓⲁ"/>
		<feat xlink:href="#sSpan1743" value="ⲛⲟⲃⲓ"/>
		<feat xlink:href="#sSpan1748" value="ⲛⲓⲃⲉⲛ"/>
		<feat xlink:href="#sSpan1752" value="ⲉⲧⲉ"/>
		<feat xlink:href="#sSpan1756" value="ⲡⲓ"/>
		<feat xlink:href="#sSpan1759" value="ⲣⲱⲙⲓ"/>
		<feat xlink:href="#sSpan1761" value="ⲛⲁ"/>
		<feat xlink:href="#sSpan1765" value="ⲓⲣⲓ"/>
		<feat xlink:href="#sSpan1767" value="ⲛⲑⲟϥ"/>
		<feat xlink:href="#sSpan1769" value="ⲛⲑⲟϥ"/>
		<feat xlink:href="#sSpan1773" value="ⲥⲁⲃⲟⲗ"/>
		<feat xlink:href="#sSpan1775" value="ⲛ"/>
		<feat xlink:href="#sSpan1779" value="ⲡⲓ"/>
		<feat xlink:href="#sSpan1783" value="ⲥⲱⲙⲁ"/>
		<feat xlink:href="#sSpan1785" value="ⲫⲏ"/>
		<feat xlink:href="#sSpan1791" value="ⲇⲉ"/>
		<feat xlink:href="#sSpan1795" value="ⲉⲧⲉ"/>
		<feat xlink:href="#sSpan1800" value="ⲉⲣⲡⲟⲣⲛⲉⲩⲓⲛ"/>
		<feat xlink:href="#sSpan1804" value="ⲁ"/>
		<feat xlink:href="#sSpan1808" value="ⲛⲑⲟϥ"/>
		<feat xlink:href="#sSpan1811" value="ⲉⲣⲛⲟⲃⲓ"/>
		<feat xlink:href="#sSpan1814" value="ⲉ"/>
		<feat xlink:href="#sSpan1818" value="ⲡⲉϥ"/>
		<feat xlink:href="#sSpan1822" value="ⲥⲱⲙⲁ"/>
		<feat xlink:href="#sSpan1824" value="ⲙⲙⲓⲛⲙⲙⲟ"/>
		<feat xlink:href="#sSpan1828" value="ⲛⲑⲟϥ"/>
		<feat xlink:href="#sSpan1830" value="."/>
		<feat xlink:href="#sSpan1834" value="ϣⲁⲛ"/>
		<feat xlink:href="#sSpan1841" value="ⲛⲑⲱⲧⲉⲛ"/>
		<feat xlink:href="#sSpan1845" value="ⲉⲙⲓ"/>
		<feat xlink:href="#sSpan1847" value="ⲁⲛ"/>
		<feat xlink:href="#sSpan1851" value="ϫⲉ"/>
		<feat xlink:href="#sSpan1855" value="ⲡⲉⲧⲉⲛ"/>
		<feat xlink:href="#sSpan1859" value="ⲥⲱⲙⲁ"/>
		<feat xlink:href="#sSpan1861" value="ⲟⲩ"/>
		<feat xlink:href="#sSpan1866" value="ⲉⲣⲫⲉⲓ"/>
		<feat xlink:href="#sSpan1868" value="ⲛⲧⲉ"/>
		<feat xlink:href="#sSpan1872" value="ⲡⲓ"/>
		<feat xlink:href="#sSpan1876" value="ⲡⲛⲉⲩⲙⲁ"/>
		<feat xlink:href="#sSpan1878" value="ⲉⲧⲉ"/>
		<feat xlink:href="#sSpan1882" value="ⲟⲩⲁⲃ"/>
		<feat xlink:href="#sSpan1884" value="ⲡⲉ"/>
		<feat xlink:href="#sSpan1888" value="ⲫⲏ"/>
		<feat xlink:href="#sSpan1892" value="ⲉⲧⲉ"/>
		<feat xlink:href="#sSpan1896" value="ϣⲱⲡⲓ"/>
		<feat xlink:href="#sSpan1898" value="ϧⲉⲛ"/>
		<feat xlink:href="#sSpan1902" value="ⲛⲑⲱⲧⲉⲛ"/>
		<feat xlink:href="#sSpan1904" value="ⲫⲏ"/>
		<feat xlink:href="#sSpan1908" value="ⲉⲧⲉ"/>
		<feat xlink:href="#sSpan1912" value="ⲁⲣⲉ"/>
		<feat xlink:href="#sSpan1914" value="ⲛⲑⲱⲧⲉⲛ"/>
		<feat xlink:href="#sSpan1916" value="ϭⲓ"/>
		<feat xlink:href="#sSpan1918" value="ⲛⲑⲟϥ"/>
		<feat xlink:href="#sSpan1920" value="ⲛⲧⲉⲛ"/>
		<feat xlink:href="#sSpan1924" value="ⲡ"/>
		<feat xlink:href="#sSpan1927" value="ⲛⲟⲩϯ"/>
		<feat xlink:href="#sSpan1929" value="ⲟⲩⲟϩ"/>
		<feat xlink:href="#sSpan1933" value="ⲛⲑⲱⲧⲉⲛ"/>
		<feat xlink:href="#sSpan1937" value="ⲫⲱⲧⲉⲧⲉⲛ"/>
		<feat xlink:href="#sSpan1942" value="ⲁⲛ"/>
		<feat xlink:href="#sSpan1946" value="."/>
		<feat xlink:href="#sSpan1950" value="ⲁ"/>
		<feat xlink:href="#sSpan1957" value="ⲛⲑⲱⲟⲩ"/>
		<feat xlink:href="#sSpan1959" value="ϣⲱⲡ"/>
		<feat xlink:href="#sSpan1961" value="ⲛⲑⲱⲧⲉⲛ"/>
		<feat xlink:href="#sSpan1963" value="ϧⲁ"/>
		<feat xlink:href="#sSpan1967" value="ⲟⲩ"/>
		<feat xlink:href="#sSpan1971" value="ⲧⲓⲙⲏ"/>
		<feat xlink:href="#sSpan1974" value="ϯⲱⲟⲩ"/>
		<feat xlink:href="#sSpan1979" value="ⲛ"/>
		<feat xlink:href="#sSpan1983" value="ⲡ"/>
		<feat xlink:href="#sSpan1986" value="ⲛⲟⲩϯ"/>
		<feat xlink:href="#sSpan1988" value="ϧⲉⲛ"/>
		<feat xlink:href="#sSpan1992" value="ⲡⲉⲧⲉⲛ"/>
		<feat xlink:href="#sSpan1996" value="ⲥⲱⲙⲁ"/>
		<feat xlink:href="#sSpan1998" value="."/></featList></paula>