<?xml version='1.0' encoding='UTF-8'?><!DOCTYPE paula SYSTEM "paula_feat.dtd">
<paula version="1.1">
	<header paula_id="scriptorium.1Cor_06.mark_verse_vid"/>
	<featList xmlns:xlink="http://www.w3.org/1999/xlink" type="verse_vid" xml:base="scriptorium.1Cor_06.mark.xml">
		<feat xlink:href="#sSpan6" value="46N 6:1"/>
		<feat xlink:href="#sSpan111" value="46N 6:2"/>
		<feat xlink:href="#sSpan243" value="46N 6:3"/>
		<feat xlink:href="#sSpan309" value="46N 6:4"/>
		<feat xlink:href="#sSpan385" value="46N 6:5"/>
		<feat xlink:href="#sSpan507" value="46N 6:6"/>
		<feat xlink:href="#sSpan568" value="46N 6:7"/>
		<feat xlink:href="#sSpan698" value="46N 6:8"/>
		<feat xlink:href="#sSpan764" value="46N 6:9"/>
		<feat xlink:href="#sSpan921" value="46N 6:10"/>
		<feat xlink:href="#sSpan1033" value="46N 6:11"/>
		<feat xlink:href="#sSpan1156" value="46N 6:12"/>
		<feat xlink:href="#sSpan1277" value="46N 6:13"/>
		<feat xlink:href="#sSpan1420" value="46N 6:14"/>
		<feat xlink:href="#sSpan1479" value="46N 6:15"/>
		<feat xlink:href="#sSpan1595" value="46N 6:16"/>
		<feat xlink:href="#sSpan1717" value="46N 6:17"/>
		<feat xlink:href="#sSpan1773" value="46N 6:18"/>
		<feat xlink:href="#sSpan1901" value="46N 6:19"/>
		<feat xlink:href="#sSpan2026" value="46N 6:20"/></featList></paula>