<?xml version='1.0' encoding='UTF-8'?><!DOCTYPE paula SYSTEM "paula_feat.dtd">
<paula version="1.1">
	<header paula_id="scriptorium.1Cor_06.mark_vid_n"/>
	<featList xmlns:xlink="http://www.w3.org/1999/xlink" type="vid_n" xml:base="scriptorium.1Cor_06.mark.xml">
		<feat xlink:href="#sSpan5" value="urn:cts:copticLit:nt.1cor.sahidica_ed:6.1"/>
		<feat xlink:href="#sSpan111" value="urn:cts:copticLit:nt.1cor.sahidica_ed:6.2"/>
		<feat xlink:href="#sSpan243" value="urn:cts:copticLit:nt.1cor.sahidica_ed:6.3"/>
		<feat xlink:href="#sSpan309" value="urn:cts:copticLit:nt.1cor.sahidica_ed:6.4"/>
		<feat xlink:href="#sSpan385" value="urn:cts:copticLit:nt.1cor.sahidica_ed:6.5"/>
		<feat xlink:href="#sSpan507" value="urn:cts:copticLit:nt.1cor.sahidica_ed:6.6"/>
		<feat xlink:href="#sSpan568" value="urn:cts:copticLit:nt.1cor.sahidica_ed:6.7"/>
		<feat xlink:href="#sSpan698" value="urn:cts:copticLit:nt.1cor.sahidica_ed:6.8"/>
		<feat xlink:href="#sSpan764" value="urn:cts:copticLit:nt.1cor.sahidica_ed:6.9"/>
		<feat xlink:href="#sSpan921" value="urn:cts:copticLit:nt.1cor.sahidica_ed:6.10"/>
		<feat xlink:href="#sSpan1033" value="urn:cts:copticLit:nt.1cor.sahidica_ed:6.11"/>
		<feat xlink:href="#sSpan1155" value="urn:cts:copticLit:nt.1cor.sahidica_ed:6.12"/>
		<feat xlink:href="#sSpan1276" value="urn:cts:copticLit:nt.1cor.sahidica_ed:6.13"/>
		<feat xlink:href="#sSpan1419" value="urn:cts:copticLit:nt.1cor.sahidica_ed:6.14"/>
		<feat xlink:href="#sSpan1478" value="urn:cts:copticLit:nt.1cor.sahidica_ed:6.15"/>
		<feat xlink:href="#sSpan1594" value="urn:cts:copticLit:nt.1cor.sahidica_ed:6.16"/>
		<feat xlink:href="#sSpan1716" value="urn:cts:copticLit:nt.1cor.sahidica_ed:6.17"/>
		<feat xlink:href="#sSpan1772" value="urn:cts:copticLit:nt.1cor.sahidica_ed:6.18"/>
		<feat xlink:href="#sSpan1900" value="urn:cts:copticLit:nt.1cor.sahidica_ed:6.19"/>
		<feat xlink:href="#sSpan2025" value="urn:cts:copticLit:nt.1cor.sahidica_ed:6.20"/></featList></paula>