<?xml version='1.0' encoding='UTF-8'?><!DOCTYPE paula SYSTEM "paula_feat.dtd">
<paula version="1.1">
	<header paula_id="scriptorium.01_Genesis_22.mark_orig_group"/>
	<featList xmlns:xlink="http://www.w3.org/1999/xlink" type="orig_group" xml:base="scriptorium.01_Genesis_22.mark.xml">
		<feat xlink:href="#sSpan739" value="ⲡⲙⲁ"/>
		<feat xlink:href="#sSpan741" value="ⲉⲡⲧⲁⲗⲟ"/>
		<feat xlink:href="#sSpan748" value="ⲁⲩⲱ"/>
		<feat xlink:href="#sSpan752" value="ⲙⲡⲕⲱϩⲧ"/>
		<feat xlink:href="#sSpan755" value="ⲧⲏⲣⲟⲩ"/>
		<feat xlink:href="#sSpan760" value="ⲉϫⲙ"/>
		<feat xlink:href="#sSpan762" value="ⲉⲧⲙⲙⲁⲩ"/>
		<feat xlink:href="#sSpan765" value="ⲛⲁⲧⲛⲛⲟⲟⲩ"/>
		<feat xlink:href="#sSpan771" value="ϩⲛ"/>
		<feat xlink:href="#sSpan773" value="ⲥⲙⲟⲩ"/>
		<feat xlink:href="#sSpan774" value="ⲁⲡⲛⲟⲩⲧⲉ"/>
		<feat xlink:href="#sSpan776" value="ϩⲛ"/>
		<feat xlink:href="#sSpan779" value="ⲡⲉⲓⲧⲟⲟⲩ"/>
		<feat xlink:href="#sSpan781" value="ⲁϥⲧⲁⲗⲉ"/>
		<feat xlink:href="#sSpan782" value="ⲛⲉϥϫⲙϩⲁⲗ"/>
		<feat xlink:href="#sSpan786" value="ⲉϩⲣⲁⲓ"/>
		<feat xlink:href="#sSpan787" value="ⲉⲩⲉϫⲓ"/>
		<feat xlink:href="#sSpan795" value="ⲉⲓⲥ"/>
		<feat xlink:href="#sSpan800" value="ⲛⲟⲩⲑⲩⲥⲓⲁ"/>
		<feat xlink:href="#sSpan801" value="ⲥⲛⲁⲩ"/>
		<feat xlink:href="#sSpan803" value="ⲉϥⲧⲱⲛ"/>
		<feat xlink:href="#sSpan807" value="ⲙⲡⲉⲓⲙⲁ"/>
		<feat xlink:href="#sSpan808" value="ⲑⲁⲗⲁⲥⲥⲁ"/>
		<feat xlink:href="#sSpan819" value="ⲉⲡⲙⲁ"/>
		<feat xlink:href="#sSpan820" value="ⲙⲡⲁⲛⲁϣ"/>
		<feat xlink:href="#sSpan824" value="ϭⲉ"/>
		<feat xlink:href="#sSpan835" value="ϫⲉ"/>
		<feat xlink:href="#sSpan836" value="ⲡⲉⲕⲙⲉⲣⲓⲧ"/>
		<feat xlink:href="#sSpan842" value="ⲉϩⲣⲁⲓ"/>
		<feat xlink:href="#sSpan844" value="ⲛⲏⲧⲛ"/>
		<feat xlink:href="#sSpan848" value="ⲛⲙⲙⲁϥ"/>
		<feat xlink:href="#sSpan851" value="ⲛⲧⲁ"/>
		<feat xlink:href="#sSpan859" value="ⲁϥⲧⲁⲗⲟⲟⲩ"/>
		<feat xlink:href="#sSpan862" value="ϩⲓϫⲙ"/>
		<feat xlink:href="#sSpan866" value="ⲁⲕⲥⲱⲧⲙ"/>
		<feat xlink:href="#sSpan869" value="ⲧⲉⲛⲟⲩ"/>
		<feat xlink:href="#sSpan874" value="ⲡϫⲟⲉⲓⲥ"/>
		<feat xlink:href="#sSpan876" value="ⲛⲛⲥⲓⲟⲩ"/>
		<feat xlink:href="#sSpan877" value="ⲟⲩⲥⲙⲟⲩ"/>
		<feat xlink:href="#sSpan878" value="ⲛⲧⲉⲣⲟⲩⲙⲟⲟϣⲉ"/>
		<feat xlink:href="#sSpan879" value="ϫⲉ"/>
		<feat xlink:href="#sSpan880" value="ⲁⲩⲉⲓ"/>
		<feat xlink:href="#sSpan884" value="ϫⲉ"/>
		<feat xlink:href="#sSpan885" value="ⲡϫⲟⲉⲓⲥ"/>
		<feat xlink:href="#sSpan888" value="ⲟⲩⲁ"/>
		<feat xlink:href="#sSpan890" value="ⲡⲉⲕⲥⲡⲉⲣⲙⲁ"/>
		<feat xlink:href="#sSpan895" value="ⲛⲛϣⲉ"/>
		<feat xlink:href="#sSpan899" value="ϩⲓⲟⲩⲥⲟⲡ"/>
		<feat xlink:href="#sSpan901" value="ⲡⲉϥϣⲏⲣⲉ"/>
		<feat xlink:href="#sSpan903" value="ⲉⲃⲟⲗ"/>
		<feat xlink:href="#sSpan911" value="ⲙⲙⲟⲓ"/>
		<feat xlink:href="#sSpan912" value="ⲡⲉϫⲉ"/>
		<feat xlink:href="#sSpan913" value="ⲛⲑⲉ"/>
		<feat xlink:href="#sSpan914" value="ⲛⲧⲁ"/>
		<feat xlink:href="#sSpan918" value="ⲛⲛϩⲙϩⲁⲗ"/>
		<feat xlink:href="#sSpan920" value="ⲡⲉⲕⲥⲡⲉⲣⲙⲁ"/>
		<feat xlink:href="#sSpan931" value="ⲛⲁϥ"/>
		<feat xlink:href="#sSpan934" value="ⲉϩⲣⲁⲓ"/>
		<feat xlink:href="#sSpan936" value="ⲇⲉ"/>
		<feat xlink:href="#sSpan942" value="ⲧⲱⲟⲩⲛ"/>
		<feat xlink:href="#sSpan943" value="ⲡⲁϣⲏⲣⲉ"/>
		<feat xlink:href="#sSpan944" value="ⲡⲉⲥⲟⲟⲩ"/>
		<feat xlink:href="#sSpan948" value="ⲇⲉ"/>
		<feat xlink:href="#sSpan951" value="ⲡⲉϫⲁϥ"/>
		<feat xlink:href="#sSpan956" value="ⲛϣⲉ"/>
		<feat xlink:href="#sSpan959" value="ϩⲙ"/>
		<feat xlink:href="#sSpan969" value="ⲁⲁⲃⲣⲁϩⲁⲙ"/>
		<feat xlink:href="#sSpan970" value="ⲙⲡⲉⲥⲛⲁⲩ"/>
		<feat xlink:href="#sSpan982" value="ⲉⲧⲃⲏⲏⲧϥ"/>
		<feat xlink:href="#sSpan984" value="ⲛⲁϥ"/>
		<feat xlink:href="#sSpan996" value="ⲓⲥⲁⲁⲕ"/>
		<feat xlink:href="#sSpan999" value="ⲡⲉϫⲁϥ"/>
		<feat xlink:href="#sSpan1001" value="ⲁϥϥⲓ"/>
		<feat xlink:href="#sSpan1002" value="ⲧⲱⲟⲩⲛ"/>
		<feat xlink:href="#sSpan1003" value="ⲉⲡⲙⲁ"/>
		<feat xlink:href="#sSpan1005" value="ⲉϫⲛ"/>
		<feat xlink:href="#sSpan1006" value="ⲉⲃⲟⲗ"/>
		<feat xlink:href="#sSpan1009" value="ⲡⲉϫⲁϥ"/>
		<feat xlink:href="#sSpan1011" value="ⲉⲣⲟⲕ"/>
		<feat xlink:href="#sSpan1016" value="ϫⲉ"/>
		<feat xlink:href="#sSpan1018" value="ⲁⲩⲉⲓ"/>
		<feat xlink:href="#sSpan1019" value="ⲙⲡⲉⲕϯⲥⲟ"/>
		<feat xlink:href="#sSpan1023" value="ⲛϣⲉ"/>
		<feat xlink:href="#sSpan1024" value="ⲧϭⲟⲣⲧⲉ"/>
		<feat xlink:href="#sSpan1027" value="ⲙⲡⲉⲕⲥⲡⲉⲣⲙⲁ"/>
		<feat xlink:href="#sSpan1029" value="ⲉϩⲣⲁⲓ"/>
		<feat xlink:href="#sSpan1032" value="ϫⲉ"/>
		<feat xlink:href="#sSpan1034" value="ⲛⲛⲉⲩϫⲁϫⲉ"/>
		<feat xlink:href="#sSpan1036" value="ⲁϥϥⲓ"/>
		<feat xlink:href="#sSpan1042" value="ⲉⲣⲟϥ"/>
		<feat xlink:href="#sSpan1043" value="ϫⲉ"/>
		<feat xlink:href="#sSpan1047" value="ⲙⲡⲉⲥⲟⲟⲩ"/>
		<feat xlink:href="#sSpan1061" value="ⲁϥⲛⲁⲩ"/>
		<feat xlink:href="#sSpan1062" value="ⲁⲩⲱ"/>
		<feat xlink:href="#sSpan1065" value="ⲁϥⲧⲱⲟⲩⲛ"/>
		<feat xlink:href="#sSpan1072" value="ⲉⲡⲙⲁ"/>
		<feat xlink:href="#sSpan1074" value="ⲧϭⲟⲣⲧⲉ"/>
		<feat xlink:href="#sSpan1078" value="ⲡⲉϥϣⲏⲣⲉ"/>
		<feat xlink:href="#sSpan1079" value="ϣⲁ"/>
		<feat xlink:href="#sSpan1084" value="ⲙⲡⲟⲟⲩ"/>
		<feat xlink:href="#sSpan1089" value="ϫⲟⲟⲥ"/>
		<feat xlink:href="#sSpan1093" value="ⲉⲃⲟⲗ"/>
		<feat xlink:href="#sSpan1094" value="ⲙⲡⲉⲑⲩⲥⲓⲁⲥⲧⲏ"/>
		<feat xlink:href="#sSpan1095" value="ⲡⲉⲕⲙⲉⲣⲓⲧ"/>
		<feat xlink:href="#sSpan1096" value="ⲛⲅⲧⲁⲗⲟϥ"/>
		<feat xlink:href="#sSpan1106" value="ⲉⲧⲃⲏⲏⲧ"/>
		<feat xlink:href="#sSpan1107" value="ⲉϫⲛ"/>
		<feat xlink:href="#sSpan1108" value="ⲧⲡⲉ"/>
		<feat xlink:href="#sSpan1109" value="ⲁⲩⲧⲱⲟⲩⲛ"/>
		<feat xlink:href="#sSpan1110" value="ⲟⲩⲁϣⲁⲓ"/>
		<feat xlink:href="#sSpan1115" value="ⲛⲟⲩⲑⲩⲥⲓⲁⲥⲧⲏⲣⲓⲟⲛ"/>
		<feat xlink:href="#sSpan1116" value="ⲛⲅϥⲓⲧϥ"/>
		<feat xlink:href="#sSpan1117" value="ⲛⲅϫⲓ"/>
		<feat xlink:href="#sSpan1118" value="ⲁⲡⲁⲅⲅⲉⲗⲟⲥ"/>
		<feat xlink:href="#sSpan1124" value="ⲙⲛ"/>
		<feat xlink:href="#sSpan1125" value="ⲁϥⲡⲱϩ"/>
		<feat xlink:href="#sSpan1126" value="ⲛⲑⲉ"/>
		<feat xlink:href="#sSpan1129" value="ⲁϥⲥⲱⲛϩ"/>
		<feat xlink:href="#sSpan1136" value="ⲡⲕⲱϩⲧ"/>
		<feat xlink:href="#sSpan1138" value="ⲙⲛ"/>
		<feat xlink:href="#sSpan1139" value="ⲛⲁⲓ"/>
		<feat xlink:href="#sSpan1140" value="ⲁⲃⲣⲁϩⲁⲙ"/>
		<feat xlink:href="#sSpan1141" value="ϫⲟⲟⲥ"/>
		<feat xlink:href="#sSpan1142" value="ⲓⲥⲁⲁⲕ"/>
		<feat xlink:href="#sSpan1145" value="ϫⲉⲕⲁⲥ"/>
		<feat xlink:href="#sSpan1150" value="ⲛⲧⲛⲕⲧⲟⲛ"/>
		<feat xlink:href="#sSpan1156" value="ϣⲟⲙⲛⲧ"/>
		<feat xlink:href="#sSpan1157" value="ⲙⲙⲟⲥ"/>
		<feat xlink:href="#sSpan1158" value="ⲟⲩⲟⲛϩ"/>
		<feat xlink:href="#sSpan1159" value="ⲛⲁϥ"/>
		<feat xlink:href="#sSpan1161" value="ⲛϩⲉⲑⲛⲟⲥ"/>
		<feat xlink:href="#sSpan1162" value="ⲁϥϫⲓ"/>
		<feat xlink:href="#sSpan1168" value="ⲇⲉ"/>
		<feat xlink:href="#sSpan1172" value="ⲛⲧⲉϥⲉⲓⲱ"/>
		<feat xlink:href="#sSpan1173" value="ⲉϯⲛⲁⲧⲥⲁⲃⲟⲕ"/>
		<feat xlink:href="#sSpan1175" value="ⲉⲡⲕⲁϩ"/>
		<feat xlink:href="#sSpan1176" value="ⲧⲁⲃⲱⲕ"/>
		<feat xlink:href="#sSpan1180" value="ⲉⲩⲉϫⲟⲟⲥ"/>
		<feat xlink:href="#sSpan1181" value="ⲙⲛ"/>
		<feat xlink:href="#sSpan1183" value="ϥⲓ"/>
		<feat xlink:href="#sSpan1185" value="ⲟⲩⲱⲣⲕ"/>
		<feat xlink:href="#sSpan1187" value="ⲉⲣⲟϥ"/>
		<feat xlink:href="#sSpan1197" value="ⲁⲩⲉⲓ"/>
		<feat xlink:href="#sSpan1201" value="ⲉϫⲱϥ"/>
		<feat xlink:href="#sSpan1202" value="ϩⲛ"/>
		<feat xlink:href="#sSpan1205" value="ⲛⲧⲉⲱ"/>
		<feat xlink:href="#sSpan1208" value="ⲉϩⲧⲟⲟⲩⲉ"/>
		<feat xlink:href="#sSpan1209" value="ϣⲁⲣⲱⲧⲛ"/>
		<feat xlink:href="#sSpan1211" value="ⲉⲡⲉⲕϣⲏⲣⲉ"/>
		<feat xlink:href="#sSpan1212" value="ⲡⲉϥϣⲏⲣⲉ"/>
		<feat xlink:href="#sSpan1218" value="ⲁϥⲙⲟⲟϣⲉ"/>
		<feat xlink:href="#sSpan1221" value="ⲧⲁⲟⲩⲱϣⲧ"/>
		<feat xlink:href="#sSpan1226" value="ⲛϭⲓ"/>
		<feat xlink:href="#sSpan1228" value="ⲛⲛⲧⲟⲟⲩ"/>
		<feat xlink:href="#sSpan1229" value="ⲛⲁϥ"/>
		<feat xlink:href="#sSpan1232" value="ⲉⲃⲟⲗ"/>
		<feat xlink:href="#sSpan1233" value="ⲙⲡⲧⲁⲗⲟ"/>
		<feat xlink:href="#sSpan1234" value="ϩⲓⲟⲩⲥⲟⲡ"/>
		<feat xlink:href="#sSpan1235" value="ⲉϫⲛ"/>
		<feat xlink:href="#sSpan1237" value="ⲁⲓⲱⲣⲕ"/>
		<feat xlink:href="#sSpan1242" value="ⲧϣⲱⲧⲉ"/>
		<feat xlink:href="#sSpan1243" value="ϩⲛ"/>
		<feat xlink:href="#sSpan1248" value="ϯⲛⲁⲥⲙⲟⲩ"/>
		<feat xlink:href="#sSpan1250" value="ⲉⲡⲧⲁⲗⲟ"/>
		<feat xlink:href="#sSpan1251" value="ⲉϩⲣⲁⲓ"/>
		<feat xlink:href="#sSpan1258" value="ⲁⲁⲃⲣⲁϩⲁⲙ"/>
		<feat xlink:href="#sSpan1261" value="ⲡⲉϫⲉ"/>
		<feat xlink:href="#sSpan1268" value="ⲙⲡϫⲟⲉⲓⲥ"/>
		<feat xlink:href="#sSpan1270" value="ⲉⲧϩⲁⲧⲛ"/>
		<feat xlink:href="#sSpan1271" value="ϯⲛⲁⲕⲁϣⲁⲓ"/>
		<feat xlink:href="#sSpan1273" value="ⲙⲡⲉϥⲉⲓⲱⲧ"/>
		<feat xlink:href="#sSpan1274" value="ϩⲛ"/>
		<feat xlink:href="#sSpan1275" value="ⲧⲁⲥⲙⲏ"/>
		<feat xlink:href="#sSpan1278" value="ⲡϣⲏⲣⲉϣⲏⲙ"/>
		<feat xlink:href="#sSpan1280" value="ϯⲛⲁⲧⲁϣⲟ"/>
		<feat xlink:href="#sSpan1286" value="ⲙⲡⲙⲉϩⲥⲉⲡⲥⲛⲁⲩ"/>
		<feat xlink:href="#sSpan1287" value="ⲁⲩⲙⲟⲟϣⲉ"/>
		<feat xlink:href="#sSpan1291" value="ⲁϥϫⲓ"/>
		<feat xlink:href="#sSpan1292" value="ⲙⲛ"/>
		<feat xlink:href="#sSpan1295" value="ⲛϩⲟⲟⲩ"/>
		<feat xlink:href="#sSpan1298" value="ⲙⲛ"/>
		<feat xlink:href="#sSpan1300" value="ⲁϥϩⲱⲕ"/>
		<feat xlink:href="#sSpan1307" value="ⲉϥϫⲱ"/>
		<feat xlink:href="#sSpan1308" value="ⲓⲥⲁⲁⲕ"/>
		<feat xlink:href="#sSpan1309" value="ⲙⲛⲛⲥⲁ"/>
		<feat xlink:href="#sSpan1317" value="ⲉⲧⲙⲙⲁⲩ"/>
		<feat xlink:href="#sSpan1318" value="ⲙⲡⲉⲥⲛⲁⲩ"/>
		<feat xlink:href="#sSpan1319" value="ⲉⲧϫⲟⲥⲉ"/>
		<feat xlink:href="#sSpan1320" value="ⲁϥⲕⲟⲧϥ"/>
		<feat xlink:href="#sSpan1321" value="ⲙⲙⲟⲓ"/>
		<feat xlink:href="#sSpan1325" value="ⲁⲕⲉⲓⲣⲉ"/>
		<feat xlink:href="#sSpan1326" value="ⲡⲛⲟⲩⲧⲉ"/>
		<feat xlink:href="#sSpan1327" value="ⲛⲥⲁ"/>
		<feat xlink:href="#sSpan1328" value="ⲛⲙⲡⲟⲗⲓⲥ"/>
		<feat xlink:href="#sSpan1330" value="ⲙⲡⲟⲩⲉ"/>
		<feat xlink:href="#sSpan1331" value="ⲉϫⲙ"/>
		<feat xlink:href="#sSpan1332" value="ⲛⲛϣⲉ"/>
		<feat xlink:href="#sSpan1333" value="ϫⲉ"/>
		<feat xlink:href="#sSpan1335" value="ⲡⲙⲁ"/>
		<feat xlink:href="#sSpan1336" value="ⲉϩⲣⲁⲓ"/>
		<feat xlink:href="#sSpan1338" value="ⲇⲉ"/>
		<feat xlink:href="#sSpan1340" value="ⲁϥⲕⲱⲧ"/>
		<feat xlink:href="#sSpan1341" value="ⲙⲙⲓⲛ"/>
		<feat xlink:href="#sSpan1343" value="ϩⲓⲟⲩⲥⲟⲡ"/>
		<feat xlink:href="#sSpan1344" value="ⲛⲁⲛ"/>
		<feat xlink:href="#sSpan1349" value="ⲛⲧⲡⲉ"/>
		<feat xlink:href="#sSpan1354" value="ⲧⲉϥϭⲓϫ"/>
		<feat xlink:href="#sSpan1355" value="ⲙⲟⲩⲧⲉ"/>
		<feat xlink:href="#sSpan1359" value="ϩⲙ"/>
		<feat xlink:href="#sSpan1362" value="ⲛⲛⲉϥϩⲙϩⲁⲗ"/>
		<feat xlink:href="#sSpan1364" value="ⲙⲡⲉⲕϣⲏⲣⲉ"/>
		<feat xlink:href="#sSpan1366" value="ⲇⲉ"/>
		<feat xlink:href="#sSpan1368" value="ⲁⲛⲟⲕ"/>
		<feat xlink:href="#sSpan1372" value="ⲛⲛⲉϥⲃⲁⲗ"/>
		<feat xlink:href="#sSpan1373" value="ⲙⲡⲉⲓϣⲁϫⲉ"/>
		<feat xlink:href="#sSpan1376" value="ⲁϥⲧⲁⲗⲟϥ"/>
		<feat xlink:href="#sSpan1377" value="ⲡⲛⲟⲩⲧⲉ"/>
		<feat xlink:href="#sSpan1378" value="ⲁⲩⲙⲟⲟϣⲉ"/>
		<feat xlink:href="#sSpan1381" value="ⲉⲙⲁⲧⲉ"/>
		<feat xlink:href="#sSpan1383" value="ⲁⲁⲃⲣⲁϩⲁⲙ"/>
		<feat xlink:href="#sSpan1384" value="ⲛϩⲏⲧϥ"/>
		<feat xlink:href="#sSpan1388" value="ⲡⲛⲟⲩⲧⲉ"/>
		<feat xlink:href="#sSpan1389" value="ⲁⲃⲣⲁϩⲁⲙ"/>
		<feat xlink:href="#sSpan1395" value="ⲁⲃⲣⲁϩⲁⲙ"/>
		<feat xlink:href="#sSpan1399" value="ⲛϭⲓ"/>
		<feat xlink:href="#sSpan1400" value="ⲛⲓⲥⲁⲁⲕ"/>
		<feat xlink:href="#sSpan1402" value="ⲛⲧⲉⲑⲩⲥⲓⲁ"/>
		<feat xlink:href="#sSpan1412" value="ⲡⲉⲛⲧⲁⲕⲟⲩⲁϣϥ"/>
		<feat xlink:href="#sSpan1413" value="ⲡⲙⲁ"/>
		<feat xlink:href="#sSpan1417" value="ϫⲉ"/>
		<feat xlink:href="#sSpan1421" value="ϯⲛⲁⲧⲣⲉ"/>
		<feat xlink:href="#sSpan1425" value="ⲙⲡϫⲟⲉⲓⲥ"/>
		<feat xlink:href="#sSpan1429" value="ⲓⲥⲁⲁⲕ"/>
		<feat xlink:href="#sSpan1430" value="ⲉϩⲙⲟⲟⲥ"/>
		<feat xlink:href="#sSpan1431" value="ⲕⲗⲏⲣⲟⲛⲟⲙⲉⲓ"/>
		<feat xlink:href="#sSpan1439" value="ⲙⲡϣⲱ"/></featList></paula>