<?xml version='1.0' encoding='UTF-8'?><!DOCTYPE paula SYSTEM "paula_feat.dtd">
<paula version="1.1">
	<header paula_id="scriptorium.johannes.canons.FA215-224.mark_multiword"/>
	<featList xmlns:xlink="http://www.w3.org/1999/xlink" type="multiword" xml:base="scriptorium.johannes.canons.FA215-224.mark.xml">
		<feat xlink:href="#sSpan133" value="ⲉⲃⲟⲗ ϩⲛ"/>
		<feat xlink:href="#sSpan417" value="ⲉⲃⲟⲗ ϩⲛ"/>
		<feat xlink:href="#sSpan523" value="ⲉⲃⲟⲗ ϩⲛ"/>
		<feat xlink:href="#sSpan729" value="ⲟⲩⲟⲛ ⲛⲓⲙ"/>
		<feat xlink:href="#sSpan1329" value="ⲉⲧⲃⲉ ϫⲉ"/>
		<feat xlink:href="#sSpan1343" value="ⲥⲱⲧⲙ ⲛⲥⲁ"/>
		<feat xlink:href="#sSpan1363" value="ⲉ ⲁ"/>
		<feat xlink:href="#sSpan1409" value="ⲉ ⲁ"/>
		<feat xlink:href="#sSpan1628" value="ϩⲱⲃ ⲛⲓⲙ"/>
		<feat xlink:href="#sSpan2610" value="ⲱϣ ⲉⲃⲟⲗ"/>
		<feat xlink:href="#sSpan2791" value="ⲉⲓ ⲉⲃⲟⲗ"/>
		<feat xlink:href="#sSpan2810" value="ⲉⲃⲟⲗ ϩⲓⲧⲟⲟⲧ"/>
		<feat xlink:href="#sSpan2824" value="ⲉ ⲁ"/>
		<feat xlink:href="#sSpan2866" value="ⲉ ⲁ"/>
		<feat xlink:href="#sSpan3069" value="ⲱϣ ⲉⲃⲟⲗ"/>
		<feat xlink:href="#sSpan3893" value="ⲙⲟⲟϣⲉ ϩⲛ"/>
		<feat xlink:href="#sSpan4082" value="ⲉⲓⲥ ϩⲏⲏⲧⲉ"/>
		<feat xlink:href="#sSpan4532" value="ϯ ⲟⲩⲃⲉ"/>
		<feat xlink:href="#sSpan4602" value="ⲉ ⲁ"/>
		<feat xlink:href="#sSpan4616" value="ϩⲱⲃ ⲛⲓⲙ"/>
		<feat xlink:href="#sSpan5342" value="ⲉⲓⲣⲉ ⲛ"/>
		<feat xlink:href="#sSpan5836" value="ⲉⲓⲣⲉ ⲛ"/>
		<feat xlink:href="#sSpan6068" value="ⲟⲩⲱⲛϩ ⲉⲃⲟⲗ"/>
		<feat xlink:href="#sSpan6326" value="ⲉⲓⲣⲉ ⲛ"/>
		<feat xlink:href="#sSpan6472" value="ⲟⲩⲱⲛϩ ⲉⲃⲟⲗ"/>
		<feat xlink:href="#sSpan6702" value="ⲉⲃⲟⲗ ϩⲓⲧⲟⲟⲧ"/>
		<feat xlink:href="#sSpan7160" value="ⲉⲓⲣⲉ ⲛ"/></featList></paula>