<?xml version='1.0' encoding='UTF-8'?><!DOCTYPE paula SYSTEM "paula_feat.dtd">
<paula version="1.1">
	<header paula_id="scriptorium.johannes.canons.FA215-224.mark_func"/>
	<featList xmlns:xlink="http://www.w3.org/1999/xlink" type="func" xml:base="scriptorium.johannes.canons.FA215-224.mark.xml">
		<feat xlink:href="#sSpan1" value="det"/>
		<feat xlink:href="#sSpan13" value="dislocated"/>
		<feat xlink:href="#sSpan15" value="mark"/>
		<feat xlink:href="#sSpan20" value="root"/>
		<feat xlink:href="#sSpan22" value="obj"/>
		<feat xlink:href="#sSpan24" value="case"/>
		<feat xlink:href="#sSpan29" value="obl"/>
		<feat xlink:href="#sSpan31" value="aux"/>
		<feat xlink:href="#sSpan35" value="nsubj"/>
		<feat xlink:href="#sSpan37" value="parataxis"/>
		<feat xlink:href="#sSpan40" value="punct"/>
		<feat xlink:href="#sSpan44" value="case"/>
		<feat xlink:href="#sSpan50" value="case"/>
		<feat xlink:href="#sSpan54" value="obl"/>
		<feat xlink:href="#sSpan57" value="nmod:poss"/>
		<feat xlink:href="#sSpan59" value="case"/>
		<feat xlink:href="#sSpan63" value="det"/>
		<feat xlink:href="#sSpan66" value="nmod"/>
		<feat xlink:href="#sSpan68" value="punct"/>
		<feat xlink:href="#sSpan73" value="cc"/>
		<feat xlink:href="#sSpan78" value="mark"/>
		<feat xlink:href="#sSpan82" value="conj"/>
		<feat xlink:href="#sSpan84" value="obj"/>
		<feat xlink:href="#sSpan87" value="case"/>
		<feat xlink:href="#sSpan91" value="obl"/>
		<feat xlink:href="#sSpan93" value="aux"/>
		<feat xlink:href="#sSpan97" value="nsubj"/>
		<feat xlink:href="#sSpan99" value="advcl"/>
		<feat xlink:href="#sSpan102" value="case"/>
		<feat xlink:href="#sSpan106" value="nmod:poss"/>
		<feat xlink:href="#sSpan108" value="obj"/>
		<feat xlink:href="#sSpan113" value="punct"/>
		<feat xlink:href="#sSpan118" value="cc"/>
		<feat xlink:href="#sSpan122" value="mark"/>
		<feat xlink:href="#sSpan126" value="conj"/>
		<feat xlink:href="#sSpan129" value="case"/>
		<feat xlink:href="#sSpan134" value="fixed"/>
		<feat xlink:href="#sSpan138" value="nmod:poss"/>
		<feat xlink:href="#sSpan141" value="obl"/>
		<feat xlink:href="#sSpan144" value="punct"/>
		<feat xlink:href="#sSpan148" value="aux"/>
		<feat xlink:href="#sSpan152" value="nsubj"/>
		<feat xlink:href="#sSpan154" value="advcl"/>
		<feat xlink:href="#sSpan157" value="obj"/>
		<feat xlink:href="#sSpan159" value="case"/>
		<feat xlink:href="#sSpan164" value="obl"/>
		<feat xlink:href="#sSpan166" value="punct"/>
		<feat xlink:href="#sSpan170" value="cc"/>
		<feat xlink:href="#sSpan176" value="dislocated"/>
		<feat xlink:href="#sSpan181" value="nsubj"/>
		<feat xlink:href="#sSpan185" value="aux"/>
		<feat xlink:href="#sSpan187" value="root"/>
		<feat xlink:href="#sSpan189" value="expl"/>
		<feat xlink:href="#sSpan192" value="case"/>
		<feat xlink:href="#sSpan196" value="obl"/>
		<feat xlink:href="#sSpan198" value="mark"/>
		<feat xlink:href="#sSpan203" value="nsubj"/>
		<feat xlink:href="#sSpan205" value="det"/>
		<feat xlink:href="#sSpan211" value="ccomp"/>
		<feat xlink:href="#sSpan214" value="obl:npmod"/>
		<feat xlink:href="#sSpan220" value="punct"/>
		<feat xlink:href="#sSpan225" value="cc"/>
		<feat xlink:href="#sSpan229" value="mark"/>
		<feat xlink:href="#sSpan233" value="nsubj"/>
		<feat xlink:href="#sSpan235" value="aux"/>
		<feat xlink:href="#sSpan237" value="conj"/>
		<feat xlink:href="#sSpan240" value="case"/>
		<feat xlink:href="#sSpan244" value="obl"/>
		<feat xlink:href="#sSpan246" value="case"/>
		<feat xlink:href="#sSpan251" value="det"/>
		<feat xlink:href="#sSpan254" value="obl"/>
		<feat xlink:href="#sSpan256" value="punct"/>
		<feat xlink:href="#sSpan260" value="aux"/>
		<feat xlink:href="#sSpan264" value="nsubj"/>
		<feat xlink:href="#sSpan267" value="advcl"/>
		<feat xlink:href="#sSpan269" value="case"/>
		<feat xlink:href="#sSpan273" value="obl"/>
		<feat xlink:href="#sSpan275" value="case"/>
		<feat xlink:href="#sSpan280" value="det"/>
		<feat xlink:href="#sSpan284" value="obl"/>
		<feat xlink:href="#sSpan286" value="punct"/>
		<feat xlink:href="#sSpan290" value="cc"/>
		<feat xlink:href="#sSpan297" value="mark"/>
		<feat xlink:href="#sSpan301" value="nsubj"/>
		<feat xlink:href="#sSpan303" value="aux"/>
		<feat xlink:href="#sSpan305" value="root"/>
		<feat xlink:href="#sSpan308" value="case"/>
		<feat xlink:href="#sSpan312" value="obl"/>
		<feat xlink:href="#sSpan315" value="case"/>
		<feat xlink:href="#sSpan319" value="det"/>
		<feat xlink:href="#sSpan322" value="obl"/>
		<feat xlink:href="#sSpan324" value="aux"/>
		<feat xlink:href="#sSpan329" value="nsubj"/>
		<feat xlink:href="#sSpan331" value="advcl"/>
		<feat xlink:href="#sSpan334" value="case"/>
		<feat xlink:href="#sSpan338" value="obl"/>
		<feat xlink:href="#sSpan340" value="case"/>
		<feat xlink:href="#sSpan344" value="det"/>
		<feat xlink:href="#sSpan347" value="obl"/>
		<feat xlink:href="#sSpan350" value="cc"/>
		<feat xlink:href="#sSpan354" value="det"/>
		<feat xlink:href="#sSpan357" value="conj"/>
		<feat xlink:href="#sSpan362" value="mark"/>
		<feat xlink:href="#sSpan370" value="root"/>
		<feat xlink:href="#sSpan375" value="mark"/>
		<feat xlink:href="#sSpan377" value="acl:relcl"/>
		<feat xlink:href="#sSpan381" value="advmod"/>
		<feat xlink:href="#sSpan385" value="cc"/>
		<feat xlink:href="#sSpan389" value="conj"/>
		<feat xlink:href="#sSpan392" value="mark"/>
		<feat xlink:href="#sSpan395" value="nsubj"/>
		<feat xlink:href="#sSpan397" value="acl:relcl"/>
		<feat xlink:href="#sSpan399" value="case"/>
		<feat xlink:href="#sSpan403" value="obj"/>
		<feat xlink:href="#sSpan406" value="punct"/>
		<feat xlink:href="#sSpan410" value="det"/>
		<feat xlink:href="#sSpan415" value="case"/>
		<feat xlink:href="#sSpan418" value="fixed"/>
		<feat xlink:href="#sSpan422" value="obl"/>
		<feat xlink:href="#sSpan425" value="obl:npmod"/>
		<feat xlink:href="#sSpan429" value="nmod:poss"/>
		<feat xlink:href="#sSpan431" value="cop"/>
		<feat xlink:href="#sSpan436" value="case"/>
		<feat xlink:href="#sSpan439" value="det"/>
		<feat xlink:href="#sSpan443" value="nmod"/>
		<feat xlink:href="#sSpan445" value="mark"/>
		<feat xlink:href="#sSpan450" value="det"/>
		<feat xlink:href="#sSpan453" value="acl:relcl"/>
		<feat xlink:href="#sSpan455" value="cop"/>
		<feat xlink:href="#sSpan460" value="advmod"/>
		<feat xlink:href="#sSpan467" value="root"/>
		<feat xlink:href="#sSpan471" value="nsubj"/>
		<feat xlink:href="#sSpan476" value="mark"/>
		<feat xlink:href="#sSpan478" value="acl:relcl"/>
		<feat xlink:href="#sSpan481" value="advmod"/>
		<feat xlink:href="#sSpan485" value="det"/>
		<feat xlink:href="#sSpan492" value="nsubj"/>
		<feat xlink:href="#sSpan494" value="cc"/>
		<feat xlink:href="#sSpan499" value="conj"/>
		<feat xlink:href="#sSpan502" value="mark"/>
		<feat xlink:href="#sSpan504" value="acl:relcl"/>
		<feat xlink:href="#sSpan506" value="case"/>
		<feat xlink:href="#sSpan511" value="obj"/>
		<feat xlink:href="#sSpan513" value="punct"/>
		<feat xlink:href="#sSpan517" value="det"/>
		<feat xlink:href="#sSpan522" value="case"/>
		<feat xlink:href="#sSpan526" value="fixed"/>
		<feat xlink:href="#sSpan530" value="conj"/>
		<feat xlink:href="#sSpan532" value="obl:npmod"/>
		<feat xlink:href="#sSpan537" value="nmod:poss"/>
		<feat xlink:href="#sSpan539" value="cop"/>
		<feat xlink:href="#sSpan543" value="mark"/>
		<feat xlink:href="#sSpan547" value="acl:relcl"/>
		<feat xlink:href="#sSpan550" value="cop"/>
		<feat xlink:href="#sSpan555" value="punct"/>
		<feat xlink:href="#sSpan560" value="cc"/>
		<feat xlink:href="#sSpan565" value="conj"/>
		<feat xlink:href="#sSpan572" value="punct"/>
		<feat xlink:href="#sSpan577" value="cc"/>
		<feat xlink:href="#sSpan581" value="det"/>
		<feat xlink:href="#sSpan588" value="conj"/>
		<feat xlink:href="#sSpan590" value="case"/>
		<feat xlink:href="#sSpan595" value="nmod"/>
		<feat xlink:href="#sSpan599" value="obl:npmod"/>
		<feat xlink:href="#sSpan603" value="nmod:poss"/>
		<feat xlink:href="#sSpan605" value="case"/>
		<feat xlink:href="#sSpan611" value="nmod"/>
		<feat xlink:href="#sSpan614" value="mark"/>
		<feat xlink:href="#sSpan618" value="case"/>
		<feat xlink:href="#sSpan621" value="acl:relcl"/>
		<feat xlink:href="#sSpan624" value="punct"/>
		<feat xlink:href="#sSpan629" value="cc"/>
		<feat xlink:href="#sSpan633" value="det"/>
		<feat xlink:href="#sSpan639" value="conj"/>
		<feat xlink:href="#sSpan641" value="case"/>
		<feat xlink:href="#sSpan646" value="nmod"/>
		<feat xlink:href="#sSpan648" value="cc"/>
		<feat xlink:href="#sSpan653" value="det"/>
		<feat xlink:href="#sSpan658" value="conj"/>
		<feat xlink:href="#sSpan660" value="mark"/>
		<feat xlink:href="#sSpan665" value="acl:relcl"/>
		<feat xlink:href="#sSpan667" value="case"/>
		<feat xlink:href="#sSpan672" value="obl"/>
		<feat xlink:href="#sSpan677" value="case"/>
		<feat xlink:href="#sSpan682" value="obl"/>
		<feat xlink:href="#sSpan685" value="det"/>
		<feat xlink:href="#sSpan689" value="det"/>
		<feat xlink:href="#sSpan694" value="case"/>
		<feat xlink:href="#sSpan696" value="fixed"/>
		<feat xlink:href="#sSpan701" value="conj"/>
		<feat xlink:href="#sSpan703" value="obl:npmod"/>
		<feat xlink:href="#sSpan707" value="nmod:poss"/>
		<feat xlink:href="#sSpan709" value="cop"/>
		<feat xlink:href="#sSpan713" value="det"/>
		<feat xlink:href="#sSpan719" value="nsubj"/>
		<feat xlink:href="#sSpan721" value="punct"/>
		<feat xlink:href="#sSpan725" value="appos"/>
		<feat xlink:href="#sSpan731" value="det"/>
		<feat xlink:href="#sSpan738" value="mark"/>
		<feat xlink:href="#sSpan743" value="acl:relcl"/>
		<feat xlink:href="#sSpan747" value="case"/>
		<feat xlink:href="#sSpan752" value="obl"/>
		<feat xlink:href="#sSpan755" value="case"/>
		<feat xlink:href="#sSpan759" value="nmod"/>
		<feat xlink:href="#sSpan761" value="punct"/>
		<feat xlink:href="#sSpan766" value="root"/>
		<feat xlink:href="#sSpan774" value="advmod"/>
		<feat xlink:href="#sSpan778" value="cop"/>
		<feat xlink:href="#sSpan782" value="mark"/>
		<feat xlink:href="#sSpan784" value="aux"/>
		<feat xlink:href="#sSpan786" value="csubj"/>
		<feat xlink:href="#sSpan790" value="punct"/>
		<feat xlink:href="#sSpan794" value="mark"/>
		<feat xlink:href="#sSpan798" value="xcomp"/>
		<feat xlink:href="#sSpan800" value="obj"/>
		<feat xlink:href="#sSpan802" value="xcomp"/>
		<feat xlink:href="#sSpan805" value="case"/>
		<feat xlink:href="#sSpan809" value="det"/>
		<feat xlink:href="#sSpan812" value="dislocated"/>
		<feat xlink:href="#sSpan814" value="case"/>
		<feat xlink:href="#sSpan819" value="det"/>
		<feat xlink:href="#sSpan822" value="nmod"/>
		<feat xlink:href="#sSpan824" value="case"/>
		<feat xlink:href="#sSpan828" value="det"/>
		<feat xlink:href="#sSpan833" value="nmod"/>
		<feat xlink:href="#sSpan837" value="appos"/>
		<feat xlink:href="#sSpan841" value="cc"/>
		<feat xlink:href="#sSpan846" value="det"/>
		<feat xlink:href="#sSpan851" value="conj"/>
		<feat xlink:href="#sSpan853" value="case"/>
		<feat xlink:href="#sSpan857" value="det"/>
		<feat xlink:href="#sSpan863" value="nmod"/>
		<feat xlink:href="#sSpan867" value="appos"/>
		<feat xlink:href="#sSpan871" value="mark"/>
		<feat xlink:href="#sSpan876" value="nsubj"/>
		<feat xlink:href="#sSpan878" value="conj"/>
		<feat xlink:href="#sSpan880" value="advmod"/>
		<feat xlink:href="#sSpan884" value="case"/>
		<feat xlink:href="#sSpan889" value="det"/>
		<feat xlink:href="#sSpan893" value="obl"/>
		<feat xlink:href="#sSpan897" value="punct"/>
		<feat xlink:href="#sSpan901" value="mark"/>
		<feat xlink:href="#sSpan905" value="det"/>
		<feat xlink:href="#sSpan909" value="nsubj"/>
		<feat xlink:href="#sSpan912" value="case"/>
		<feat xlink:href="#sSpan916" value="nmod"/>
		<feat xlink:href="#sSpan919" value="advcl"/>
		<feat xlink:href="#sSpan924" value="obj"/>
		<feat xlink:href="#sSpan926" value="nmod:poss"/>
		<feat xlink:href="#sSpan928" value="case"/>
		<feat xlink:href="#sSpan932" value="obl"/>
		<feat xlink:href="#sSpan934" value="cc"/>
		<feat xlink:href="#sSpan939" value="det"/>
		<feat xlink:href="#sSpan943" value="obl"/>
		<feat xlink:href="#sSpan946" value="mark"/>
		<feat xlink:href="#sSpan950" value="acl:relcl"/>
		<feat xlink:href="#sSpan952" value="cc"/>
		<feat xlink:href="#sSpan957" value="det"/>
		<feat xlink:href="#sSpan960" value="conj"/>
		<feat xlink:href="#sSpan962" value="case"/>
		<feat xlink:href="#sSpan966" value="nmod"/>
		<feat xlink:href="#sSpan968" value="cc"/>
		<feat xlink:href="#sSpan973" value="nmod:poss"/>
		<feat xlink:href="#sSpan977" value="conj"/>
		<feat xlink:href="#sSpan982" value="obl:npmod"/>
		<feat xlink:href="#sSpan986" value="nmod:poss"/>
		<feat xlink:href="#sSpan989" value="punct"/>
		<feat xlink:href="#sSpan994" value="case"/>
		<feat xlink:href="#sSpan999" value="obl"/>
		<feat xlink:href="#sSpan1001" value="mark"/>
		<feat xlink:href="#sSpan1003" value="acl:relcl"/>
		<feat xlink:href="#sSpan1005" value="mark"/>
		<feat xlink:href="#sSpan1009" value="ccomp"/>
		<feat xlink:href="#sSpan1013" value="mark"/>
		<feat xlink:href="#sSpan1015" value="acl:relcl"/>
		<feat xlink:href="#sSpan1017" value="cop"/>
		<feat xlink:href="#sSpan1021" value="mark"/>
		<feat xlink:href="#sSpan1023" value="aux"/>
		<feat xlink:href="#sSpan1027" value="acl:relcl"/>
		<feat xlink:href="#sSpan1029" value="case"/>
		<feat xlink:href="#sSpan1033" value="det"/>
		<feat xlink:href="#sSpan1037" value="obj"/>
		<feat xlink:href="#sSpan1041" value="punct"/>
		<feat xlink:href="#sSpan1045" value="aux"/>
		<feat xlink:href="#sSpan1052" value="nsubj"/>
		<feat xlink:href="#sSpan1054" value="root"/>
		<feat xlink:href="#sSpan1056" value="case"/>
		<feat xlink:href="#sSpan1060" value="obl"/>
		<feat xlink:href="#sSpan1063" value="mark"/>
		<feat xlink:href="#sSpan1065" value="case"/>
		<feat xlink:href="#sSpan1068" value="acl:relcl"/>
		<feat xlink:href="#sSpan1071" value="obl:npmod"/>
		<feat xlink:href="#sSpan1075" value="nmod:poss"/>
		<feat xlink:href="#sSpan1077" value="advmod"/>
		<feat xlink:href="#sSpan1082" value="case"/>
		<feat xlink:href="#sSpan1087" value="obl"/>
		<feat xlink:href="#sSpan1090" value="cc"/>
		<feat xlink:href="#sSpan1095" value="det"/>
		<feat xlink:href="#sSpan1100" value="conj"/>
		<feat xlink:href="#sSpan1102" value="aux"/>
		<feat xlink:href="#sSpan1108" value="nsubj"/>
		<feat xlink:href="#sSpan1110" value="advcl"/>
		<feat xlink:href="#sSpan1112" value="case"/>
		<feat xlink:href="#sSpan1116" value="obl"/>
		<feat xlink:href="#sSpan1120" value="nmod:poss"/>
		<feat xlink:href="#sSpan1122" value="case"/>
		<feat xlink:href="#sSpan1126" value="obl"/>
		<feat xlink:href="#sSpan1128" value="cc"/>
		<feat xlink:href="#sSpan1133" value="aux"/>
		<feat xlink:href="#sSpan1137" value="nsubj"/>
		<feat xlink:href="#sSpan1139" value="conj"/>
		<feat xlink:href="#sSpan1142" value="case"/>
		<feat xlink:href="#sSpan1146" value="obl"/>
		<feat xlink:href="#sSpan1149" value="nmod:poss"/>
		<feat xlink:href="#sSpan1151" value="case"/>
		<feat xlink:href="#sSpan1156" value="obl"/>
		<feat xlink:href="#sSpan1159" value="punct"/>
		<feat xlink:href="#sSpan1163" value="root"/>
		<feat xlink:href="#sSpan1169" value="advmod"/>
		<feat xlink:href="#sSpan1173" value="cop"/>
		<feat xlink:href="#sSpan1177" value="det"/>
		<feat xlink:href="#sSpan1184" value="nsubj"/>
		<feat xlink:href="#sSpan1188" value="case"/>
		<feat xlink:href="#sSpan1192" value="nmod"/>
		<feat xlink:href="#sSpan1196" value="case"/>
		<feat xlink:href="#sSpan1200" value="case"/>
		<feat xlink:href="#sSpan1202" value="det"/>
		<feat xlink:href="#sSpan1205" value="nmod"/>
		<feat xlink:href="#sSpan1208" value="case"/>
		<feat xlink:href="#sSpan1212" value="det"/>
		<feat xlink:href="#sSpan1216" value="nmod"/>
		<feat xlink:href="#sSpan1218" value="punct"/>
		<feat xlink:href="#sSpan1224" value="discourse"/>
		<feat xlink:href="#sSpan1232" value="det"/>
		<feat xlink:href="#sSpan1237" value="vocative"/>
		<feat xlink:href="#sSpan1239" value="case"/>
		<feat xlink:href="#sSpan1243" value="nmod"/>
		<feat xlink:href="#sSpan1246" value="case"/>
		<feat xlink:href="#sSpan1251" value="nmod"/>
		<feat xlink:href="#sSpan1253" value="punct"/>
		<feat xlink:href="#sSpan1257" value="cc"/>
		<feat xlink:href="#sSpan1261" value="det"/>
		<feat xlink:href="#sSpan1267" value="conj"/>
		<feat xlink:href="#sSpan1269" value="case"/>
		<feat xlink:href="#sSpan1274" value="nmod"/>
		<feat xlink:href="#sSpan1276" value="case"/>
		<feat xlink:href="#sSpan1281" value="nmod"/>
		<feat xlink:href="#sSpan1284" value="mark"/>
		<feat xlink:href="#sSpan1287" value="acl:relcl"/>
		<feat xlink:href="#sSpan1289" value="case"/>
		<feat xlink:href="#sSpan1293" value="obl"/>
		<feat xlink:href="#sSpan1297" value="mark"/>
		<feat xlink:href="#sSpan1301" value="aux"/>
		<feat xlink:href="#sSpan1303" value="acl:relcl"/>
		<feat xlink:href="#sSpan1307" value="punct"/>
		<feat xlink:href="#sSpan1311" value="case"/>
		<feat xlink:href="#sSpan1315" value="det"/>
		<feat xlink:href="#sSpan1318" value="obl"/>
		<feat xlink:href="#sSpan1320" value="mark"/>
		<feat xlink:href="#sSpan1325" value="acl:relcl"/>
		<feat xlink:href="#sSpan1327" value="punct"/>
		<feat xlink:href="#sSpan1331" value="mark"/>
		<feat xlink:href="#sSpan1336" value="mark"/>
		<feat xlink:href="#sSpan1339" value="aux"/>
		<feat xlink:href="#sSpan1343" value="nsubj"/>
		<feat xlink:href="#sSpan1345" value="advcl"/>
		<feat xlink:href="#sSpan1348" value="case"/>
		<feat xlink:href="#sSpan1353" value="det"/>
		<feat xlink:href="#sSpan1357" value="obl"/>
		<feat xlink:href="#sSpan1360" value="cc"/>
		<feat xlink:href="#sSpan1365" value="mark"/>
		<feat xlink:href="#sSpan1370" value="aux"/>
		<feat xlink:href="#sSpan1372" value="nsubj"/>
		<feat xlink:href="#sSpan1374" value="conj"/>
		<feat xlink:href="#sSpan1376" value="obj"/>
		<feat xlink:href="#sSpan1378" value="aux"/>
		<feat xlink:href="#sSpan1383" value="nsubj"/>
		<feat xlink:href="#sSpan1385" value="advcl"/>
		<feat xlink:href="#sSpan1387" value="nmod:poss"/>
		<feat xlink:href="#sSpan1390" value="obj"/>
		<feat xlink:href="#sSpan1393" value="case"/>
		<feat xlink:href="#sSpan1397" value="obl"/>
		<feat xlink:href="#sSpan1399" value="case"/>
		<feat xlink:href="#sSpan1404" value="nmod"/>
		<feat xlink:href="#sSpan1407" value="punct"/>
		<feat xlink:href="#sSpan1411" value="mark"/>
		<feat xlink:href="#sSpan1418" value="aux"/>
		<feat xlink:href="#sSpan1420" value="nsubj"/>
		<feat xlink:href="#sSpan1422" value="root"/>
		<feat xlink:href="#sSpan1424" value="case"/>
		<feat xlink:href="#sSpan1429" value="obl"/>
		<feat xlink:href="#sSpan1431" value="case"/>
		<feat xlink:href="#sSpan1435" value="det"/>
		<feat xlink:href="#sSpan1438" value="obj"/>
		<feat xlink:href="#sSpan1440" value="case"/>
		<feat xlink:href="#sSpan1445" value="nmod"/>
		<feat xlink:href="#sSpan1448" value="punct"/>
		<feat xlink:href="#sSpan1452" value="cc"/>
		<feat xlink:href="#sSpan1456" value="det"/>
		<feat xlink:href="#sSpan1463" value="conj"/>
		<feat xlink:href="#sSpan1467" value="aux"/>
		<feat xlink:href="#sSpan1472" value="nsubj"/>
		<feat xlink:href="#sSpan1475" value="advcl"/>
		<feat xlink:href="#sSpan1480" value="case"/>
		<feat xlink:href="#sSpan1484" value="obl"/>
		<feat xlink:href="#sSpan1486" value="mark"/>
		<feat xlink:href="#sSpan1490" value="aux"/>
		<feat xlink:href="#sSpan1492" value="nsubj"/>
		<feat xlink:href="#sSpan1494" value="advcl"/>
		<feat xlink:href="#sSpan1499" value="advmod"/>
		<feat xlink:href="#sSpan1503" value="cop"/>
		<feat xlink:href="#sSpan1507" value="mark"/>
		<feat xlink:href="#sSpan1511" value="xcomp"/>
		<feat xlink:href="#sSpan1514" value="obj"/>
		<feat xlink:href="#sSpan1516" value="xcomp"/>
		<feat xlink:href="#sSpan1518" value="case"/>
		<feat xlink:href="#sSpan1523" value="obl"/>
		<feat xlink:href="#sSpan1525" value="punct"/>
		<feat xlink:href="#sSpan1529" value="cc"/>
		<feat xlink:href="#sSpan1535" value="aux"/>
		<feat xlink:href="#sSpan1540" value="nsubj"/>
		<feat xlink:href="#sSpan1542" value="advcl"/>
		<feat xlink:href="#sSpan1545" value="case"/>
		<feat xlink:href="#sSpan1549" value="obl"/>
		<feat xlink:href="#sSpan1552" value="punct"/>
		<feat xlink:href="#sSpan1556" value="mark"/>
		<feat xlink:href="#sSpan1560" value="aux"/>
		<feat xlink:href="#sSpan1563" value="nsubj"/>
		<feat xlink:href="#sSpan1565" value="root"/>
		<feat xlink:href="#sSpan1567" value="advmod"/>
		<feat xlink:href="#sSpan1571" value="cop"/>
		<feat xlink:href="#sSpan1576" value="csubj"/>
		<feat xlink:href="#sSpan1578" value="case"/>
		<feat xlink:href="#sSpan1583" value="obl"/>
		<feat xlink:href="#sSpan1586" value="punct"/>
		<feat xlink:href="#sSpan1591" value="advmod"/>
		<feat xlink:href="#sSpan1595" value="advmod"/>
		<feat xlink:href="#sSpan1600" value="det"/>
		<feat xlink:href="#sSpan1603" value="nsubj"/>
		<feat xlink:href="#sSpan1605" value="parataxis"/>
		<feat xlink:href="#sSpan1609" value="case"/>
		<feat xlink:href="#sSpan1614" value="obj"/>
		<feat xlink:href="#sSpan1616" value="advmod"/>
		<feat xlink:href="#sSpan1620" value="punct"/>
		<feat xlink:href="#sSpan1624" value="mark"/>
		<feat xlink:href="#sSpan1630" value="root"/>
		<feat xlink:href="#sSpan1635" value="det"/>
		<feat xlink:href="#sSpan1639" value="mark"/>
		<feat xlink:href="#sSpan1643" value="nsubj"/>
		<feat xlink:href="#sSpan1646" value="acl:relcl"/>
		<feat xlink:href="#sSpan1648" value="obj"/>
		<feat xlink:href="#sSpan1650" value="mark"/>
		<feat xlink:href="#sSpan1655" value="mark"/>
		<feat xlink:href="#sSpan1659" value="det"/>
		<feat xlink:href="#sSpan1662" value="nsubj"/>
		<feat xlink:href="#sSpan1664" value="aux"/>
		<feat xlink:href="#sSpan1669" value="advcl"/>
		<feat xlink:href="#sSpan1671" value="obj"/>
		<feat xlink:href="#sSpan1673" value="case"/>
		<feat xlink:href="#sSpan1677" value="obl"/>
		<feat xlink:href="#sSpan1679" value="obl:npmod"/>
		<feat xlink:href="#sSpan1684" value="obl:npmod"/>
		<feat xlink:href="#sSpan1688" value="nmod:poss"/>
		<feat xlink:href="#sSpan1691" value="punct"/>
		<feat xlink:href="#sSpan1695" value="root"/>
		<feat xlink:href="#sSpan1701" value="obj"/>
		<feat xlink:href="#sSpan1703" value="case"/>
		<feat xlink:href="#sSpan1708" value="obl"/>
		<feat xlink:href="#sSpan1710" value="case"/>
		<feat xlink:href="#sSpan1714" value="det"/>
		<feat xlink:href="#sSpan1716" value="obl"/>
		<feat xlink:href="#sSpan1718" value="punct"/>
		<feat xlink:href="#sSpan1722" value="root"/>
		<feat xlink:href="#sSpan1731" value="advmod"/>
		<feat xlink:href="#sSpan1735" value="cop"/>
		<feat xlink:href="#sSpan1739" value="det"/>
		<feat xlink:href="#sSpan1745" value="nsubj"/>
		<feat xlink:href="#sSpan1748" value="cc"/>
		<feat xlink:href="#sSpan1752" value="det"/>
		<feat xlink:href="#sSpan1758" value="conj"/>
		<feat xlink:href="#sSpan1762" value="cc"/>
		<feat xlink:href="#sSpan1770" value="advmod"/>
		<feat xlink:href="#sSpan1774" value="aux"/>
		<feat xlink:href="#sSpan1778" value="nsubj"/>
		<feat xlink:href="#sSpan1780" value="root"/>
		<feat xlink:href="#sSpan1783" value="det"/>
		<feat xlink:href="#sSpan1788" value="obj"/>
		<feat xlink:href="#sSpan1790" value="case"/>
		<feat xlink:href="#sSpan1795" value="obl"/>
		<feat xlink:href="#sSpan1797" value="mark"/>
		<feat xlink:href="#sSpan1801" value="advmod"/>
		<feat xlink:href="#sSpan1803" value="xcomp"/>
		<feat xlink:href="#sSpan1806" value="obj"/>
		<feat xlink:href="#sSpan1808" value="case"/>
		<feat xlink:href="#sSpan1812" value="det"/>
		<feat xlink:href="#sSpan1816" value="dislocated"/>
		<feat xlink:href="#sSpan1819" value="case"/>
		<feat xlink:href="#sSpan1824" value="nmod"/>
		<feat xlink:href="#sSpan1827" value="mark"/>
		<feat xlink:href="#sSpan1832" value="nsubj"/>
		<feat xlink:href="#sSpan1834" value="advcl"/>
		<feat xlink:href="#sSpan1836" value="obj"/>
		<feat xlink:href="#sSpan1838" value="case"/>
		<feat xlink:href="#sSpan1842" value="det"/>
		<feat xlink:href="#sSpan1848" value="dislocated"/>
		<feat xlink:href="#sSpan1850" value="punct"/>
		<feat xlink:href="#sSpan1854" value="cc"/>
		<feat xlink:href="#sSpan1860" value="dislocated"/>
		<feat xlink:href="#sSpan1865" value="mark"/>
		<feat xlink:href="#sSpan1870" value="nsubj"/>
		<feat xlink:href="#sSpan1872" value="root"/>
		<feat xlink:href="#sSpan1874" value="case"/>
		<feat xlink:href="#sSpan1878" value="det"/>
		<feat xlink:href="#sSpan1881" value="dislocated"/>
		<feat xlink:href="#sSpan1884" value="mark"/>
		<feat xlink:href="#sSpan1889" value="acl:relcl"/>
		<feat xlink:href="#sSpan1892" value="advmod"/>
		<feat xlink:href="#sSpan1897" value="case"/>
		<feat xlink:href="#sSpan1901" value="det"/>
		<feat xlink:href="#sSpan1904" value="obl"/>
		<feat xlink:href="#sSpan1906" value="punct"/>
		<feat xlink:href="#sSpan1910" value="aux"/>
		<feat xlink:href="#sSpan1917" value="nsubj"/>
		<feat xlink:href="#sSpan1919" value="root"/>
		<feat xlink:href="#sSpan1921" value="obj"/>
		<feat xlink:href="#sSpan1924" value="advmod"/>
		<feat xlink:href="#sSpan1928" value="advmod"/>
		<feat xlink:href="#sSpan1933" value="mark"/>
		<feat xlink:href="#sSpan1937" value="advmod"/>
		<feat xlink:href="#sSpan1939" value="xcomp"/>
		<feat xlink:href="#sSpan1941" value="obj"/>
		<feat xlink:href="#sSpan1943" value="case"/>
		<feat xlink:href="#sSpan1948" value="det"/>
		<feat xlink:href="#sSpan1953" value="obl"/>
		<feat xlink:href="#sSpan1955" value="mark"/>
		<feat xlink:href="#sSpan1960" value="nsubj"/>
		<feat xlink:href="#sSpan1962" value="advcl"/>
		<feat xlink:href="#sSpan1964" value="cc"/>
		<feat xlink:href="#sSpan1968" value="nsubj"/>
		<feat xlink:href="#sSpan1973" value="conj"/>
		<feat xlink:href="#sSpan1976" value="mark"/>
		<feat xlink:href="#sSpan1984" value="nsubj"/>
		<feat xlink:href="#sSpan1986" value="root"/>
		<feat xlink:href="#sSpan1989" value="advmod"/>
		<feat xlink:href="#sSpan1993" value="advmod"/>
		<feat xlink:href="#sSpan1997" value="case"/>
		<feat xlink:href="#sSpan2002" value="obl"/>
		<feat xlink:href="#sSpan2004" value="mark"/>
		<feat xlink:href="#sSpan2008" value="xcomp"/>
		<feat xlink:href="#sSpan2011" value="case"/>
		<feat xlink:href="#sSpan2016" value="det"/>
		<feat xlink:href="#sSpan2019" value="obj"/>
		<feat xlink:href="#sSpan2021" value="punct"/>
		<feat xlink:href="#sSpan2025" value="case"/>
		<feat xlink:href="#sSpan2029" value="det"/>
		<feat xlink:href="#sSpan2033" value="nmod"/>
		<feat xlink:href="#sSpan2041" value="punct"/>
		<feat xlink:href="#sSpan2045" value="mark"/>
		<feat xlink:href="#sSpan2049" value="nsubj"/>
		<feat xlink:href="#sSpan2052" value="advcl"/>
		<feat xlink:href="#sSpan2056" value="case"/>
		<feat xlink:href="#sSpan2060" value="det"/>
		<feat xlink:href="#sSpan2063" value="obl"/>
		<feat xlink:href="#sSpan2065" value="cc"/>
		<feat xlink:href="#sSpan2070" value="det"/>
		<feat xlink:href="#sSpan2075" value="conj"/>
		<feat xlink:href="#sSpan2077" value="punct"/>
		<feat xlink:href="#sSpan2081" value="aux"/>
		<feat xlink:href="#sSpan2088" value="nsubj"/>
		<feat xlink:href="#sSpan2090" value="root"/>
		<feat xlink:href="#sSpan2092" value="expl"/>
		<feat xlink:href="#sSpan2094" value="punct"/>
		<feat xlink:href="#sSpan2098" value="mark"/>
		<feat xlink:href="#sSpan2102" value="dislocated"/>
		<feat xlink:href="#sSpan2106" value="advmod"/>
		<feat xlink:href="#sSpan2110" value="nsubj"/>
		<feat xlink:href="#sSpan2114" value="ccomp"/>
		<feat xlink:href="#sSpan2116" value="case"/>
		<feat xlink:href="#sSpan2121" value="expl"/>
		<feat xlink:href="#sSpan2123" value="case"/>
		<feat xlink:href="#sSpan2127" value="obl"/>
		<feat xlink:href="#sSpan2129" value="mark"/>
		<feat xlink:href="#sSpan2134" value="ccomp"/>
		<feat xlink:href="#sSpan2136" value="nmod:poss"/>
		<feat xlink:href="#sSpan2139" value="obj"/>
		<feat xlink:href="#sSpan2143" value="punct"/>
		<feat xlink:href="#sSpan2147" value="aux"/>
		<feat xlink:href="#sSpan2151" value="nsubj"/>
		<feat xlink:href="#sSpan2154" value="advcl"/>
		<feat xlink:href="#sSpan2156" value="case"/>
		<feat xlink:href="#sSpan2160" value="obl"/>
		<feat xlink:href="#sSpan2164" value="mark"/>
		<feat xlink:href="#sSpan2166" value="acl:relcl"/>
		<feat xlink:href="#sSpan2168" value="case"/>
		<feat xlink:href="#sSpan2172" value="obl"/>
		<feat xlink:href="#sSpan2176" value="punct"/>
		<feat xlink:href="#sSpan2180" value="mark"/>
		<feat xlink:href="#sSpan2185" value="case"/>
		<feat xlink:href="#sSpan2189" value="obl"/>
		<feat xlink:href="#sSpan2192" value="mark"/>
		<feat xlink:href="#sSpan2194" value="aux"/>
		<feat xlink:href="#sSpan2196" value="acl:relcl"/>
		<feat xlink:href="#sSpan2199" value="case"/>
		<feat xlink:href="#sSpan2203" value="obl"/>
		<feat xlink:href="#sSpan2206" value="case"/>
		<feat xlink:href="#sSpan2211" value="nmod:poss"/>
		<feat xlink:href="#sSpan2214" value="nmod"/>
		<feat xlink:href="#sSpan2216" value="mark"/>
		<feat xlink:href="#sSpan2221" value="case"/>
		<feat xlink:href="#sSpan2223" value="det"/>
		<feat xlink:href="#sSpan2226" value="acl:relcl"/>
		<feat xlink:href="#sSpan2228" value="mark"/>
		<feat xlink:href="#sSpan2235" value="nsubj"/>
		<feat xlink:href="#sSpan2237" value="advcl"/>
		<feat xlink:href="#sSpan2239" value="nmod:poss"/>
		<feat xlink:href="#sSpan2243" value="obj"/>
		<feat xlink:href="#sSpan2247" value="case"/>
		<feat xlink:href="#sSpan2251" value="det"/>
		<feat xlink:href="#sSpan2255" value="obl"/>
		<feat xlink:href="#sSpan2257" value="cc"/>
		<feat xlink:href="#sSpan2262" value="det"/>
		<feat xlink:href="#sSpan2266" value="conj"/>
		<feat xlink:href="#sSpan2268" value="cc"/>
		<feat xlink:href="#sSpan2273" value="nsubj"/>
		<feat xlink:href="#sSpan2277" value="conj"/>
		<feat xlink:href="#sSpan2279" value="case"/>
		<feat xlink:href="#sSpan2284" value="det"/>
		<feat xlink:href="#sSpan2288" value="obl"/>
		<feat xlink:href="#sSpan2290" value="cc"/>
		<feat xlink:href="#sSpan2295" value="det"/>
		<feat xlink:href="#sSpan2299" value="conj"/>
		<feat xlink:href="#sSpan2306" value="punct"/>
		<feat xlink:href="#sSpan2310" value="nsubj"/>
		<feat xlink:href="#sSpan2317" value="advcl"/>
		<feat xlink:href="#sSpan2319" value="obj"/>
		<feat xlink:href="#sSpan2323" value="mark"/>
		<feat xlink:href="#sSpan2325" value="acl:relcl"/>
		<feat xlink:href="#sSpan2328" value="advmod"/>
		<feat xlink:href="#sSpan2332" value="case"/>
		<feat xlink:href="#sSpan2337" value="obj"/>
		<feat xlink:href="#sSpan2339" value="punct"/>
		<feat xlink:href="#sSpan2343" value="root"/>
		<feat xlink:href="#sSpan2347" value="nsubj"/>
		<feat xlink:href="#sSpan2349" value="ccomp"/>
		<feat xlink:href="#sSpan2354" value="cop"/>
		<feat xlink:href="#sSpan2358" value="nmod:poss"/>
		<feat xlink:href="#sSpan2363" value="nsubj"/>
		<feat xlink:href="#sSpan2366" value="punct"/>
		<feat xlink:href="#sSpan2370" value="det"/>
		<feat xlink:href="#sSpan2376" value="nmod"/>
		<feat xlink:href="#sSpan2379" value="nsubj"/>
		<feat xlink:href="#sSpan2383" value="ccomp"/>
		<feat xlink:href="#sSpan2388" value="advmod"/>
		<feat xlink:href="#sSpan2392" value="case"/>
		<feat xlink:href="#sSpan2396" value="det"/>
		<feat xlink:href="#sSpan2398" value="obl"/>
		<feat xlink:href="#sSpan2400" value="cc"/>
		<feat xlink:href="#sSpan2405" value="nsubj"/>
		<feat xlink:href="#sSpan2411" value="conj"/>
		<feat xlink:href="#sSpan2413" value="case"/>
		<feat xlink:href="#sSpan2418" value="nmod:poss"/>
		<feat xlink:href="#sSpan2421" value="obj"/>
		<feat xlink:href="#sSpan2423" value="advmod"/>
		<feat xlink:href="#sSpan2429" value="punct"/>
		<feat xlink:href="#sSpan2433" value="conj"/>
		<feat xlink:href="#sSpan2437" value="cop"/>
		<feat xlink:href="#sSpan2442" value="det"/>
		<feat xlink:href="#sSpan2446" value="nsubj"/>
		<feat xlink:href="#sSpan2448" value="mark"/>
		<feat xlink:href="#sSpan2452" value="nsubj"/>
		<feat xlink:href="#sSpan2455" value="acl:relcl"/>
		<feat xlink:href="#sSpan2457" value="case"/>
		<feat xlink:href="#sSpan2461" value="obj"/>
		<feat xlink:href="#sSpan2463" value="case"/>
		<feat xlink:href="#sSpan2468" value="det"/>
		<feat xlink:href="#sSpan2472" value="obl"/>
		<feat xlink:href="#sSpan2474" value="nsubj"/>
		<feat xlink:href="#sSpan2481" value="root"/>
		<feat xlink:href="#sSpan2485" value="advmod"/>
		<feat xlink:href="#sSpan2489" value="case"/>
		<feat xlink:href="#sSpan2493" value="obl"/>
		<feat xlink:href="#sSpan2498" value="punct"/>
		<feat xlink:href="#sSpan2502" value="root"/>
		<feat xlink:href="#sSpan2508" value="advmod"/>
		<feat xlink:href="#sSpan2513" value="vocative"/>
		<feat xlink:href="#sSpan2517" value="det"/>
		<feat xlink:href="#sSpan2523" value="obl"/>
		<feat xlink:href="#sSpan2526" value="punct"/>
		<feat xlink:href="#sSpan2530" value="case"/>
		<feat xlink:href="#sSpan2534" value="det"/>
		<feat xlink:href="#sSpan2536" value="obl"/>
		<feat xlink:href="#sSpan2538" value="case"/>
		<feat xlink:href="#sSpan2542" value="nmod:poss"/>
		<feat xlink:href="#sSpan2546" value="nmod"/>
		<feat xlink:href="#sSpan2548" value="mark"/>
		<feat xlink:href="#sSpan2553" value="case"/>
		<feat xlink:href="#sSpan2555" value="det"/>
		<feat xlink:href="#sSpan2558" value="acl:relcl"/>
		<feat xlink:href="#sSpan2560" value="aux"/>
		<feat xlink:href="#sSpan2565" value="det"/>
		<feat xlink:href="#sSpan2569" value="acl:relcl"/>
		<feat xlink:href="#sSpan2571" value="cop"/>
		<feat xlink:href="#sSpan2575" value="punct"/>
		<feat xlink:href="#sSpan2580" value="det"/>
		<feat xlink:href="#sSpan2592" value="dislocated"/>
		<feat xlink:href="#sSpan2594" value="mark"/>
		<feat xlink:href="#sSpan2598" value="acl:relcl"/>
		<feat xlink:href="#sSpan2602" value="appos"/>
		<feat xlink:href="#sSpan2607" value="punct"/>
		<feat xlink:href="#sSpan2611" value="root"/>
		<feat xlink:href="#sSpan2616" value="advmod"/>
		<feat xlink:href="#sSpan2620" value="case"/>
		<feat xlink:href="#sSpan2625" value="det"/>
		<feat xlink:href="#sSpan2627" value="obl"/>
		<feat xlink:href="#sSpan2630" value="mark"/>
		<feat xlink:href="#sSpan2635" value="mark"/>
		<feat xlink:href="#sSpan2639" value="aux"/>
		<feat xlink:href="#sSpan2641" value="nsubj"/>
		<feat xlink:href="#sSpan2643" value="advcl"/>
		<feat xlink:href="#sSpan2646" value="obj"/>
		<feat xlink:href="#sSpan2648" value="nsubj"/>
		<feat xlink:href="#sSpan2654" value="case"/>
		<feat xlink:href="#sSpan2656" value="nmod:poss"/>
		<feat xlink:href="#sSpan2659" value="root"/>
		<feat xlink:href="#sSpan2662" value="punct"/>
		<feat xlink:href="#sSpan2666" value="mark"/>
		<feat xlink:href="#sSpan2671" value="advcl"/>
		<feat xlink:href="#sSpan2673" value="case"/>
		<feat xlink:href="#sSpan2678" value="det"/>
		<feat xlink:href="#sSpan2682" value="obj"/>
		<feat xlink:href="#sSpan2684" value="advmod"/>
		<feat xlink:href="#sSpan2688" value="case"/>
		<feat xlink:href="#sSpan2693" value="det"/>
		<feat xlink:href="#sSpan2697" value="obl"/>
		<feat xlink:href="#sSpan2702" value="punct"/>
		<feat xlink:href="#sSpan2706" value="cc"/>
		<feat xlink:href="#sSpan2710" value="det"/>
		<feat xlink:href="#sSpan2714" value="conj"/>
		<feat xlink:href="#sSpan2717" value="punct"/>
		<feat xlink:href="#sSpan2722" value="mark"/>
		<feat xlink:href="#sSpan2728" value="root"/>
		<feat xlink:href="#sSpan2733" value="nsubj"/>
		<feat xlink:href="#sSpan2736" value="mark"/>
		<feat xlink:href="#sSpan2738" value="acl:relcl"/>
		<feat xlink:href="#sSpan2740" value="case"/>
		<feat xlink:href="#sSpan2744" value="obl"/>
		<feat xlink:href="#sSpan2748" value="case"/>
		<feat xlink:href="#sSpan2752" value="nmod"/>
		<feat xlink:href="#sSpan2755" value="case"/>
		<feat xlink:href="#sSpan2759" value="det"/>
		<feat xlink:href="#sSpan2763" value="obl"/>
		<feat xlink:href="#sSpan2766" value="obl:npmod"/>
		<feat xlink:href="#sSpan2770" value="nmod:poss"/>
		<feat xlink:href="#sSpan2772" value="punct"/>
		<feat xlink:href="#sSpan2776" value="case"/>
		<feat xlink:href="#sSpan2781" value="det"/>
		<feat xlink:href="#sSpan2784" value="obl"/>
		<feat xlink:href="#sSpan2786" value="det"/>
		<feat xlink:href="#sSpan2789" value="obj"/>
		<feat xlink:href="#sSpan2792" value="xcomp"/>
		<feat xlink:href="#sSpan2797" value="advmod"/>
		<feat xlink:href="#sSpan2801" value="mark"/>
		<feat xlink:href="#sSpan2806" value="xcomp"/>
		<feat xlink:href="#sSpan2811" value="case"/>
		<feat xlink:href="#sSpan2817" value="fixed"/>
		<feat xlink:href="#sSpan2821" value="obl"/>
		<feat xlink:href="#sSpan2823" value="punct"/>
		<feat xlink:href="#sSpan2827" value="mark"/>
		<feat xlink:href="#sSpan2833" value="aux"/>
		<feat xlink:href="#sSpan2835" value="nsubj"/>
		<feat xlink:href="#sSpan2837" value="advcl"/>
		<feat xlink:href="#sSpan2839" value="expl"/>
		<feat xlink:href="#sSpan2841" value="mark"/>
		<feat xlink:href="#sSpan2845" value="ccomp"/>
		<feat xlink:href="#sSpan2850" value="cop"/>
		<feat xlink:href="#sSpan2854" value="mark"/>
		<feat xlink:href="#sSpan2856" value="nsubj"/>
		<feat xlink:href="#sSpan2858" value="aux"/>
		<feat xlink:href="#sSpan2860" value="csubj"/>
		<feat xlink:href="#sSpan2863" value="obj"/>
		<feat xlink:href="#sSpan2865" value="punct"/>
		<feat xlink:href="#sSpan2869" value="mark"/>
		<feat xlink:href="#sSpan2874" value="aux"/>
		<feat xlink:href="#sSpan2876" value="nsubj"/>
		<feat xlink:href="#sSpan2878" value="advcl"/>
		<feat xlink:href="#sSpan2881" value="obj"/>
		<feat xlink:href="#sSpan2883" value="mark"/>
		<feat xlink:href="#sSpan2887" value="dislocated"/>
		<feat xlink:href="#sSpan2890" value="mark"/>
		<feat xlink:href="#sSpan2892" value="acl:relcl"/>
		<feat xlink:href="#sSpan2895" value="iobj"/>
		<feat xlink:href="#sSpan2897" value="nsubj"/>
		<feat xlink:href="#sSpan2902" value="nsubj"/>
		<feat xlink:href="#sSpan2907" value="punct"/>
		<feat xlink:href="#sSpan2911" value="aux"/>
		<feat xlink:href="#sSpan2915" value="nsubj"/>
		<feat xlink:href="#sSpan2917" value="advcl"/>
		<feat xlink:href="#sSpan2920" value="obj"/>
		<feat xlink:href="#sSpan2923" value="case"/>
		<feat xlink:href="#sSpan2927" value="obj"/>
		<feat xlink:href="#sSpan2930" value="mark"/>
		<feat xlink:href="#sSpan2932" value="acl:relcl"/>
		<feat xlink:href="#sSpan2935" value="iobj"/>
		<feat xlink:href="#sSpan2937" value="punct"/>
		<feat xlink:href="#sSpan2941" value="cc"/>
		<feat xlink:href="#sSpan2946" value="dislocated"/>
		<feat xlink:href="#sSpan2951" value="mark"/>
		<feat xlink:href="#sSpan2953" value="acl:relcl"/>
		<feat xlink:href="#sSpan2958" value="iobj"/>
		<feat xlink:href="#sSpan2960" value="nsubj"/>
		<feat xlink:href="#sSpan2965" value="aux"/>
		<feat xlink:href="#sSpan2969" value="nsubj"/>
		<feat xlink:href="#sSpan2971" value="conj"/>
		<feat xlink:href="#sSpan2974" value="advmod"/>
		<feat xlink:href="#sSpan2978" value="case"/>
		<feat xlink:href="#sSpan2982" value="obl"/>
		<feat xlink:href="#sSpan2985" value="punct"/>
		<feat xlink:href="#sSpan2990" value="det"/>
		<feat xlink:href="#sSpan3000" value="root"/>
		<feat xlink:href="#sSpan3003" value="advmod"/>
		<feat xlink:href="#sSpan3007" value="advmod"/>
		<feat xlink:href="#sSpan3012" value="mark"/>
		<feat xlink:href="#sSpan3016" value="acl:relcl"/>
		<feat xlink:href="#sSpan3018" value="appos"/>
		<feat xlink:href="#sSpan3024" value="mark"/>
		<feat xlink:href="#sSpan3028" value="aux"/>
		<feat xlink:href="#sSpan3030" value="det"/>
		<feat xlink:href="#sSpan3033" value="nsubj"/>
		<feat xlink:href="#sSpan3035" value="acl:relcl"/>
		<feat xlink:href="#sSpan3040" value="obj"/>
		<feat xlink:href="#sSpan3042" value="mark"/>
		<feat xlink:href="#sSpan3047" value="xcomp"/>
		<feat xlink:href="#sSpan3051" value="case"/>
		<feat xlink:href="#sSpan3055" value="det"/>
		<feat xlink:href="#sSpan3059" value="obl"/>
		<feat xlink:href="#sSpan3062" value="punct"/>
		<feat xlink:href="#sSpan3066" value="nsubj"/>
		<feat xlink:href="#sSpan3072" value="root"/>
		<feat xlink:href="#sSpan3075" value="advmod"/>
		<feat xlink:href="#sSpan3080" value="mark"/>
		<feat xlink:href="#sSpan3084" value="det"/>
		<feat xlink:href="#sSpan3088" value="ccomp"/>
		<feat xlink:href="#sSpan3093" value="aux"/>
		<feat xlink:href="#sSpan3099" value="nsubj"/>
		<feat xlink:href="#sSpan3101" value="root"/>
		<feat xlink:href="#sSpan3105" value="punct"/>
		<feat xlink:href="#sSpan3109" value="det"/>
		<feat xlink:href="#sSpan3117" value="dislocated"/>
		<feat xlink:href="#sSpan3122" value="advmod"/>
		<feat xlink:href="#sSpan3127" value="root"/>
		<feat xlink:href="#sSpan3129" value="nmod:poss"/>
		<feat xlink:href="#sSpan3132" value="obj"/>
		<feat xlink:href="#sSpan3134" value="case"/>
		<feat xlink:href="#sSpan3139" value="obl"/>
		<feat xlink:href="#sSpan3143" value="advmod"/>
		<feat xlink:href="#sSpan3147" value="aux"/>
		<feat xlink:href="#sSpan3152" value="nsubj"/>
		<feat xlink:href="#sSpan3155" value="parataxis"/>
		<feat xlink:href="#sSpan3159" value="det"/>
		<feat xlink:href="#sSpan3164" value="obj"/>
		<feat xlink:href="#sSpan3166" value="case"/>
		<feat xlink:href="#sSpan3170" value="obl"/>
		<feat xlink:href="#sSpan3173" value="mark"/>
		<feat xlink:href="#sSpan3177" value="advmod"/>
		<feat xlink:href="#sSpan3179" value="nsubj"/>
		<feat xlink:href="#sSpan3181" value="advcl"/>
		<feat xlink:href="#sSpan3183" value="advmod"/>
		<feat xlink:href="#sSpan3188" value="punct"/>
		<feat xlink:href="#sSpan3193" value="root"/>
		<feat xlink:href="#sSpan3201" value="advmod"/>
		<feat xlink:href="#sSpan3205" value="cop"/>
		<feat xlink:href="#sSpan3209" value="mark"/>
		<feat xlink:href="#sSpan3211" value="csubj"/>
		<feat xlink:href="#sSpan3213" value="case"/>
		<feat xlink:href="#sSpan3217" value="obl"/>
		<feat xlink:href="#sSpan3220" value="case"/>
		<feat xlink:href="#sSpan3225" value="det"/>
		<feat xlink:href="#sSpan3229" value="nmod"/>
		<feat xlink:href="#sSpan3235" value="punct"/>
		<feat xlink:href="#sSpan3240" value="case"/>
		<feat xlink:href="#sSpan3244" value="det"/>
		<feat xlink:href="#sSpan3246" value="obl"/>
		<feat xlink:href="#sSpan3248" value="mark"/>
		<feat xlink:href="#sSpan3253" value="aux"/>
		<feat xlink:href="#sSpan3255" value="nsubj"/>
		<feat xlink:href="#sSpan3257" value="acl:relcl"/>
		<feat xlink:href="#sSpan3259" value="obj"/>
		<feat xlink:href="#sSpan3262" value="det"/>
		<feat xlink:href="#sSpan3267" value="obl"/>
		<feat xlink:href="#sSpan3269" value="case"/>
		<feat xlink:href="#sSpan3274" value="nmod"/>
		<feat xlink:href="#sSpan3277" value="punct"/>
		<feat xlink:href="#sSpan3281" value="cc"/>
		<feat xlink:href="#sSpan3285" value="det"/>
		<feat xlink:href="#sSpan3291" value="conj"/>
		<feat xlink:href="#sSpan3294" value="mark"/>
		<feat xlink:href="#sSpan3298" value="ccomp"/>
		<feat xlink:href="#sSpan3301" value="nsubj"/>
		<feat xlink:href="#sSpan3303" value="advmod"/>
		<feat xlink:href="#sSpan3307" value="det"/>
		<feat xlink:href="#sSpan3315" value="root"/>
		<feat xlink:href="#sSpan3318" value="advmod"/>
		<feat xlink:href="#sSpan3322" value="cop"/>
		<feat xlink:href="#sSpan3326" value="mark"/>
		<feat xlink:href="#sSpan3328" value="csubj"/>
		<feat xlink:href="#sSpan3331" value="case"/>
		<feat xlink:href="#sSpan3335" value="obl"/>
		<feat xlink:href="#sSpan3337" value="case"/>
		<feat xlink:href="#sSpan3341" value="obl"/>
		<feat xlink:href="#sSpan3344" value="cc"/>
		<feat xlink:href="#sSpan3350" value="det"/>
		<feat xlink:href="#sSpan3355" value="conj"/>
		<feat xlink:href="#sSpan3357" value="case"/>
		<feat xlink:href="#sSpan3361" value="det"/>
		<feat xlink:href="#sSpan3366" value="nmod"/>
		<feat xlink:href="#sSpan3368" value="case"/>
		<feat xlink:href="#sSpan3372" value="det"/>
		<feat xlink:href="#sSpan3376" value="nmod"/>
		<feat xlink:href="#sSpan3379" value="punct"/>
		<feat xlink:href="#sSpan3383" value="dislocated"/>
		<feat xlink:href="#sSpan3389" value="mark"/>
		<feat xlink:href="#sSpan3391" value="acl:relcl"/>
		<feat xlink:href="#sSpan3393" value="case"/>
		<feat xlink:href="#sSpan3398" value="det"/>
		<feat xlink:href="#sSpan3401" value="obl"/>
		<feat xlink:href="#sSpan3403" value="case"/>
		<feat xlink:href="#sSpan3407" value="nmod:poss"/>
		<feat xlink:href="#sSpan3411" value="obl"/>
		<feat xlink:href="#sSpan3414" value="punct"/>
		<feat xlink:href="#sSpan3418" value="mark"/>
		<feat xlink:href="#sSpan3422" value="nsubj"/>
		<feat xlink:href="#sSpan3425" value="root"/>
		<feat xlink:href="#sSpan3429" value="advmod"/>
		<feat xlink:href="#sSpan3433" value="case"/>
		<feat xlink:href="#sSpan3437" value="det"/>
		<feat xlink:href="#sSpan3440" value="obl"/>
		<feat xlink:href="#sSpan3443" value="case"/>
		<feat xlink:href="#sSpan3447" value="nmod:poss"/>
		<feat xlink:href="#sSpan3451" value="obl"/>
		<feat xlink:href="#sSpan3455" value="case"/>
		<feat xlink:href="#sSpan3459" value="obl"/>
		<feat xlink:href="#sSpan3461" value="case"/>
		<feat xlink:href="#sSpan3466" value="det"/>
		<feat xlink:href="#sSpan3469" value="nmod"/>
		<feat xlink:href="#sSpan3471" value="cc"/>
		<feat xlink:href="#sSpan3478" value="nsubj"/>
		<feat xlink:href="#sSpan3482" value="root"/>
		<feat xlink:href="#sSpan3484" value="case"/>
		<feat xlink:href="#sSpan3489" value="nmod:poss"/>
		<feat xlink:href="#sSpan3492" value="obl"/>
		<feat xlink:href="#sSpan3494" value="case"/>
		<feat xlink:href="#sSpan3498" value="det"/>
		<feat xlink:href="#sSpan3503" value="dislocated"/>
		<feat xlink:href="#sSpan3506" value="case"/>
		<feat xlink:href="#sSpan3510" value="obl"/>
		<feat xlink:href="#sSpan3513" value="det"/>
		<feat xlink:href="#sSpan3519" value="punct"/>
		<feat xlink:href="#sSpan3523" value="mark"/>
		<feat xlink:href="#sSpan3527" value="nsubj"/>
		<feat xlink:href="#sSpan3529" value="advcl"/>
		<feat xlink:href="#sSpan3531" value="case"/>
		<feat xlink:href="#sSpan3536" value="obl"/>
		<feat xlink:href="#sSpan3539" value="case"/>
		<feat xlink:href="#sSpan3543" value="nmod:poss"/>
		<feat xlink:href="#sSpan3546" value="obl"/>
		<feat xlink:href="#sSpan3549" value="advmod"/>
		<feat xlink:href="#sSpan3554" value="punct"/>
		<feat xlink:href="#sSpan3558" value="mark"/>
		<feat xlink:href="#sSpan3562" value="nsubj"/>
		<feat xlink:href="#sSpan3564" value="advcl"/>
		<feat xlink:href="#sSpan3566" value="case"/>
		<feat xlink:href="#sSpan3571" value="det"/>
		<feat xlink:href="#sSpan3574" value="obl"/>
		<feat xlink:href="#sSpan3576" value="case"/>
		<feat xlink:href="#sSpan3580" value="det"/>
		<feat xlink:href="#sSpan3584" value="nmod"/>
		<feat xlink:href="#sSpan3586" value="mark"/>
		<feat xlink:href="#sSpan3591" value="nsubj"/>
		<feat xlink:href="#sSpan3593" value="advcl"/>
		<feat xlink:href="#sSpan3595" value="case"/>
		<feat xlink:href="#sSpan3599" value="obl"/>
		<feat xlink:href="#sSpan3601" value="cc"/>
		<feat xlink:href="#sSpan3606" value="det"/>
		<feat xlink:href="#sSpan3611" value="conj"/>
		<feat xlink:href="#sSpan3613" value="case"/>
		<feat xlink:href="#sSpan3618" value="nmod:poss"/>
		<feat xlink:href="#sSpan3622" value="nmod"/>
		<feat xlink:href="#sSpan3624" value="mark"/>
		<feat xlink:href="#sSpan3629" value="acl:relcl"/>
		<feat xlink:href="#sSpan3632" value="punct"/>
		<feat xlink:href="#sSpan3636" value="mark"/>
		<feat xlink:href="#sSpan3640" value="case"/>
		<feat xlink:href="#sSpan3645" value="nmod:poss"/>
		<feat xlink:href="#sSpan3649" value="obl"/>
		<feat xlink:href="#sSpan3655" value="advmod"/>
		<feat xlink:href="#sSpan3659" value="cc"/>
		<feat xlink:href="#sSpan3664" value="nmod:poss"/>
		<feat xlink:href="#sSpan3670" value="conj"/>
		<feat xlink:href="#sSpan3675" value="advmod"/>
		<feat xlink:href="#sSpan3679" value="case"/>
		<feat xlink:href="#sSpan3684" value="det"/>
		<feat xlink:href="#sSpan3687" value="nmod"/>
		<feat xlink:href="#sSpan3689" value="punct"/>
		<feat xlink:href="#sSpan3693" value="mark"/>
		<feat xlink:href="#sSpan3697" value="aux"/>
		<feat xlink:href="#sSpan3699" value="nsubj"/>
		<feat xlink:href="#sSpan3702" value="acl:relcl"/>
		<feat xlink:href="#sSpan3705" value="case"/>
		<feat xlink:href="#sSpan3709" value="det"/>
		<feat xlink:href="#sSpan3713" value="obl"/>
		<feat xlink:href="#sSpan3716" value="punct"/>
		<feat xlink:href="#sSpan3721" value="mark"/>
		<feat xlink:href="#sSpan3731" value="nsubj"/>
		<feat xlink:href="#sSpan3734" value="root"/>
		<feat xlink:href="#sSpan3738" value="advmod"/>
		<feat xlink:href="#sSpan3742" value="case"/>
		<feat xlink:href="#sSpan3747" value="det"/>
		<feat xlink:href="#sSpan3751" value="obl"/>
		<feat xlink:href="#sSpan3755" value="punct"/>
		<feat xlink:href="#sSpan3759" value="aux"/>
		<feat xlink:href="#sSpan3765" value="nsubj"/>
		<feat xlink:href="#sSpan3767" value="root"/>
		<feat xlink:href="#sSpan3769" value="obj"/>
		<feat xlink:href="#sSpan3771" value="case"/>
		<feat xlink:href="#sSpan3776" value="det"/>
		<feat xlink:href="#sSpan3780" value="obl"/>
		<feat xlink:href="#sSpan3782" value="case"/>
		<feat xlink:href="#sSpan3787" value="det"/>
		<feat xlink:href="#sSpan3790" value="obl"/>
		<feat xlink:href="#sSpan3792" value="case"/>
		<feat xlink:href="#sSpan3797" value="nmod"/>
		<feat xlink:href="#sSpan3799" value="mark"/>
		<feat xlink:href="#sSpan3803" value="acl:relcl"/>
		<feat xlink:href="#sSpan3805" value="case"/>
		<feat xlink:href="#sSpan3810" value="obl"/>
		<feat xlink:href="#sSpan3813" value="case"/>
		<feat xlink:href="#sSpan3817" value="nmod:poss"/>
		<feat xlink:href="#sSpan3820" value="obl"/>
		<feat xlink:href="#sSpan3823" value="mark"/>
		<feat xlink:href="#sSpan3827" value="nsubj"/>
		<feat xlink:href="#sSpan3829" value="advcl"/>
		<feat xlink:href="#sSpan3831" value="case"/>
		<feat xlink:href="#sSpan3836" value="obl"/>
		<feat xlink:href="#sSpan3839" value="mark"/>
		<feat xlink:href="#sSpan3841" value="case"/>
		<feat xlink:href="#sSpan3844" value="acl:relcl"/>
		<feat xlink:href="#sSpan3847" value="acl:relcl"/>
		<feat xlink:href="#sSpan3851" value="punct"/>
		<feat xlink:href="#sSpan3855" value="advmod"/>
		<feat xlink:href="#sSpan3862" value="det"/>
		<feat xlink:href="#sSpan3868" value="root"/>
		<feat xlink:href="#sSpan3870" value="advmod"/>
		<feat xlink:href="#sSpan3875" value="case"/>
		<feat xlink:href="#sSpan3879" value="det"/>
		<feat xlink:href="#sSpan3883" value="nmod"/>
		<feat xlink:href="#sSpan3885" value="punct"/>
		<feat xlink:href="#sSpan3889" value="case"/>
		<feat xlink:href="#sSpan3893" value="nmod"/>
		<feat xlink:href="#sSpan3895" value="mark"/>
		<feat xlink:href="#sSpan3897" value="acl:relcl"/>
		<feat xlink:href="#sSpan3901" value="case"/>
		<feat xlink:href="#sSpan3905" value="det"/>
		<feat xlink:href="#sSpan3909" value="obl"/>
		<feat xlink:href="#sSpan3915" value="punct"/>
		<feat xlink:href="#sSpan3919" value="mark"/>
		<feat xlink:href="#sSpan3923" value="det"/>
		<feat xlink:href="#sSpan3927" value="nsubj"/>
		<feat xlink:href="#sSpan3929" value="advmod"/>
		<feat xlink:href="#sSpan3933" value="case"/>
		<feat xlink:href="#sSpan3937" value="nmod"/>
		<feat xlink:href="#sSpan3940" value="acl:relcl"/>
		<feat xlink:href="#sSpan3945" value="case"/>
		<feat xlink:href="#sSpan3949" value="obl"/>
		<feat xlink:href="#sSpan3952" value="mark"/>
		<feat xlink:href="#sSpan3957" value="nsubj"/>
		<feat xlink:href="#sSpan3959" value="advcl"/>
		<feat xlink:href="#sSpan3961" value="case"/>
		<feat xlink:href="#sSpan3965" value="det"/>
		<feat xlink:href="#sSpan3968" value="obl"/>
		<feat xlink:href="#sSpan3970" value="case"/>
		<feat xlink:href="#sSpan3976" value="nmod"/>
		<feat xlink:href="#sSpan3979" value="punct"/>
		<feat xlink:href="#sSpan3985" value="mark"/>
		<feat xlink:href="#sSpan3993" value="aux"/>
		<feat xlink:href="#sSpan3997" value="nsubj"/>
		<feat xlink:href="#sSpan3999" value="root"/>
		<feat xlink:href="#sSpan4001" value="obj"/>
		<feat xlink:href="#sSpan4003" value="case"/>
		<feat xlink:href="#sSpan4008" value="det"/>
		<feat xlink:href="#sSpan4012" value="obl"/>
		<feat xlink:href="#sSpan4015" value="punct"/>
		<feat xlink:href="#sSpan4019" value="nsubj"/>
		<feat xlink:href="#sSpan4025" value="root"/>
		<feat xlink:href="#sSpan4027" value="case"/>
		<feat xlink:href="#sSpan4031" value="obj"/>
		<feat xlink:href="#sSpan4033" value="case"/>
		<feat xlink:href="#sSpan4038" value="det"/>
		<feat xlink:href="#sSpan4041" value="obl"/>
		<feat xlink:href="#sSpan4043" value="case"/>
		<feat xlink:href="#sSpan4048" value="nmod:poss"/>
		<feat xlink:href="#sSpan4052" value="nmod"/>
		<feat xlink:href="#sSpan4054" value="punct"/>
		<feat xlink:href="#sSpan4059" value="case"/>
		<feat xlink:href="#sSpan4064" value="det"/>
		<feat xlink:href="#sSpan4066" value="obl"/>
		<feat xlink:href="#sSpan4068" value="mark"/>
		<feat xlink:href="#sSpan4072" value="aux"/>
		<feat xlink:href="#sSpan4074" value="det"/>
		<feat xlink:href="#sSpan4076" value="nsubj"/>
		<feat xlink:href="#sSpan4078" value="acl:relcl"/>
		<feat xlink:href="#sSpan4081" value="expl"/>
		<feat xlink:href="#sSpan4083" value="mark"/>
		<feat xlink:href="#sSpan4087" value="advmod"/>
		<feat xlink:href="#sSpan4090" value="fixed"/>
		<feat xlink:href="#sSpan4093" value="dislocated"/>
		<feat xlink:href="#sSpan4097" value="nsubj"/>
		<feat xlink:href="#sSpan4101" value="aux"/>
		<feat xlink:href="#sSpan4103" value="ccomp"/>
		<feat xlink:href="#sSpan4107" value="obj"/>
		<feat xlink:href="#sSpan4109" value="punct"/>
		<feat xlink:href="#sSpan4113" value="mark"/>
		<feat xlink:href="#sSpan4117" value="nsubj"/>
		<feat xlink:href="#sSpan4119" value="aux"/>
		<feat xlink:href="#sSpan4121" value="advcl"/>
		<feat xlink:href="#sSpan4124" value="obj"/>
		<feat xlink:href="#sSpan4126" value="advmod"/>
		<feat xlink:href="#sSpan4131" value="advmod"/>
		<feat xlink:href="#sSpan4135" value="cc"/>
		<feat xlink:href="#sSpan4140" value="aux"/>
		<feat xlink:href="#sSpan4144" value="nsubj"/>
		<feat xlink:href="#sSpan4147" value="conj"/>
		<feat xlink:href="#sSpan4150" value="case"/>
		<feat xlink:href="#sSpan4154" value="expl"/>
		<feat xlink:href="#sSpan4156" value="mark"/>
		<feat xlink:href="#sSpan4161" value="nsubj"/>
		<feat xlink:href="#sSpan4163" value="aux"/>
		<feat xlink:href="#sSpan4165" value="ccomp"/>
		<feat xlink:href="#sSpan4167" value="case"/>
		<feat xlink:href="#sSpan4171" value="det"/>
		<feat xlink:href="#sSpan4175" value="obl"/>
		<feat xlink:href="#sSpan4177" value="advmod"/>
		<feat xlink:href="#sSpan4181" value="case"/>
		<feat xlink:href="#sSpan4186" value="det"/>
		<feat xlink:href="#sSpan4190" value="nmod"/>
		<feat xlink:href="#sSpan4192" value="case"/>
		<feat xlink:href="#sSpan4197" value="det"/>
		<feat xlink:href="#sSpan4200" value="nmod"/>
		<feat xlink:href="#sSpan4202" value="case"/>
		<feat xlink:href="#sSpan4206" value="nmod:poss"/>
		<feat xlink:href="#sSpan4211" value="nmod"/>
		<feat xlink:href="#sSpan4214" value="punct"/>
		<feat xlink:href="#sSpan4218" value="det"/>
		<feat xlink:href="#sSpan4225" value="root"/>
		<feat xlink:href="#sSpan4227" value="mark"/>
		<feat xlink:href="#sSpan4232" value="nsubj"/>
		<feat xlink:href="#sSpan4235" value="acl:relcl"/>
		<feat xlink:href="#sSpan4238" value="punct"/>
		<feat xlink:href="#sSpan4242" value="cop"/>
		<feat xlink:href="#sSpan4246" value="nmod:poss"/>
		<feat xlink:href="#sSpan4251" value="nsubj"/>
		<feat xlink:href="#sSpan4255" value="punct"/>
		<feat xlink:href="#sSpan4259" value="det"/>
		<feat xlink:href="#sSpan4266" value="root"/>
		<feat xlink:href="#sSpan4268" value="cop"/>
		<feat xlink:href="#sSpan4273" value="det"/>
		<feat xlink:href="#sSpan4278" value="nsubj"/>
		<feat xlink:href="#sSpan4280" value="case"/>
		<feat xlink:href="#sSpan4284" value="nmod:poss"/>
		<feat xlink:href="#sSpan4288" value="nmod"/>
		<feat xlink:href="#sSpan4290" value="mark"/>
		<feat xlink:href="#sSpan4295" value="nsubj"/>
		<feat xlink:href="#sSpan4297" value="acl:relcl"/>
		<feat xlink:href="#sSpan4299" value="case"/>
		<feat xlink:href="#sSpan4303" value="obl"/>
		<feat xlink:href="#sSpan4307" value="mark"/>
		<feat xlink:href="#sSpan4309" value="case"/>
		<feat xlink:href="#sSpan4311" value="acl:relcl"/>
		<feat xlink:href="#sSpan4313" value="case"/>
		<feat xlink:href="#sSpan4318" value="det"/>
		<feat xlink:href="#sSpan4321" value="obl"/>
		<feat xlink:href="#sSpan4323" value="case"/>
		<feat xlink:href="#sSpan4329" value="nmod"/>
		<feat xlink:href="#sSpan4332" value="mark"/>
		<feat xlink:href="#sSpan4337" value="det"/>
		<feat xlink:href="#sSpan4341" value="acl:relcl"/>
		<feat xlink:href="#sSpan4346" value="advmod"/>
		<feat xlink:href="#sSpan4350" value="cc"/>
		<feat xlink:href="#sSpan4354" value="det"/>
		<feat xlink:href="#sSpan4359" value="conj"/>
		<feat xlink:href="#sSpan4362" value="case"/>
		<feat xlink:href="#sSpan4366" value="nmod:poss"/>
		<feat xlink:href="#sSpan4369" value="nmod"/>
		<feat xlink:href="#sSpan4372" value="advmod"/>
		<feat xlink:href="#sSpan4378" value="case"/>
		<feat xlink:href="#sSpan4382" value="fixed"/>
		<feat xlink:href="#sSpan4386" value="nmod"/>
		<feat xlink:href="#sSpan4390" value="punct"/>
		<feat xlink:href="#sSpan4394" value="nsubj"/>
		<feat xlink:href="#sSpan4400" value="aux"/>
		<feat xlink:href="#sSpan4402" value="root"/>
		<feat xlink:href="#sSpan4404" value="det"/>
		<feat xlink:href="#sSpan4407" value="obj"/>
		<feat xlink:href="#sSpan4409" value="advmod"/>
		<feat xlink:href="#sSpan4413" value="case"/>
		<feat xlink:href="#sSpan4418" value="det"/>
		<feat xlink:href="#sSpan4421" value="nmod"/>
		<feat xlink:href="#sSpan4424" value="punct"/>
		<feat xlink:href="#sSpan4429" value="cc"/>
		<feat xlink:href="#sSpan4433" value="case"/>
		<feat xlink:href="#sSpan4438" value="det"/>
		<feat xlink:href="#sSpan4442" value="conj"/>
		<feat xlink:href="#sSpan4444" value="case"/>
		<feat xlink:href="#sSpan4448" value="det"/>
		<feat xlink:href="#sSpan4451" value="nmod"/>
		<feat xlink:href="#sSpan4453" value="nmod:poss"/>
		<feat xlink:href="#sSpan4458" value="nsubj"/>
		<feat xlink:href="#sSpan4462" value="aux"/>
		<feat xlink:href="#sSpan4466" value="parataxis"/>
		<feat xlink:href="#sSpan4468" value="advmod"/>
		<feat xlink:href="#sSpan4472" value="case"/>
		<feat xlink:href="#sSpan4479" value="det"/>
		<feat xlink:href="#sSpan4482" value="obj"/>
		<feat xlink:href="#sSpan4484" value="punct"/>
		<feat xlink:href="#sSpan4489" value="mark"/>
		<feat xlink:href="#sSpan4497" value="mark"/>
		<feat xlink:href="#sSpan4501" value="nsubj"/>
		<feat xlink:href="#sSpan4503" value="aux"/>
		<feat xlink:href="#sSpan4505" value="root"/>
		<feat xlink:href="#sSpan4507" value="mark"/>
		<feat xlink:href="#sSpan4512" value="det"/>
		<feat xlink:href="#sSpan4515" value="dislocated"/>
		<feat xlink:href="#sSpan4517" value="obl:npmod"/>
		<feat xlink:href="#sSpan4522" value="nmod:poss"/>
		<feat xlink:href="#sSpan4524" value="case"/>
		<feat xlink:href="#sSpan4528" value="det"/>
		<feat xlink:href="#sSpan4532" value="nmod"/>
		<feat xlink:href="#sSpan4535" value="ccomp"/>
		<feat xlink:href="#sSpan4542" value="case"/>
		<feat xlink:href="#sSpan4546" value="det"/>
		<feat xlink:href="#sSpan4550" value="obl"/>
		<feat xlink:href="#sSpan4555" value="case"/>
		<feat xlink:href="#sSpan4559" value="det"/>
		<feat xlink:href="#sSpan4561" value="obl"/>
		<feat xlink:href="#sSpan4565" value="punct"/>
		<feat xlink:href="#sSpan4569" value="det"/>
		<feat xlink:href="#sSpan4577" value="root"/>
		<feat xlink:href="#sSpan4580" value="punct"/>
		<feat xlink:href="#sSpan4584" value="cc"/>
		<feat xlink:href="#sSpan4588" value="det"/>
		<feat xlink:href="#sSpan4595" value="conj"/>
		<feat xlink:href="#sSpan4597" value="advmod"/>
		<feat xlink:href="#sSpan4603" value="mark"/>
		<feat xlink:href="#sSpan4607" value="mark"/>
		<feat xlink:href="#sSpan4613" value="aux"/>
		<feat xlink:href="#sSpan4615" value="nsubj"/>
		<feat xlink:href="#sSpan4617" value="advcl"/>
		<feat xlink:href="#sSpan4619" value="obj"/>
		<feat xlink:href="#sSpan4625" value="det"/>
		<feat xlink:href="#sSpan4631" value="punct"/>
		<feat xlink:href="#sSpan4635" value="nmod:poss"/>
		<feat xlink:href="#sSpan4640" value="obl"/>
		<feat xlink:href="#sSpan4642" value="cc"/>
		<feat xlink:href="#sSpan4647" value="nmod:poss"/>
		<feat xlink:href="#sSpan4652" value="conj"/>
		<feat xlink:href="#sSpan4655" value="punct"/>
		<feat xlink:href="#sSpan4659" value="nmod:poss"/>
		<feat xlink:href="#sSpan4663" value="conj"/>
		<feat xlink:href="#sSpan4665" value="cc"/>
		<feat xlink:href="#sSpan4670" value="nmod:poss"/>
		<feat xlink:href="#sSpan4675" value="conj"/>
		<feat xlink:href="#sSpan4678" value="punct"/>
		<feat xlink:href="#sSpan4682" value="nmod:poss"/>
		<feat xlink:href="#sSpan4688" value="nmod"/>
		<feat xlink:href="#sSpan4692" value="case"/>
		<feat xlink:href="#sSpan4696" value="nmod"/>
		<feat xlink:href="#sSpan4698" value="case"/>
		<feat xlink:href="#sSpan4703" value="det"/>
		<feat xlink:href="#sSpan4706" value="nmod"/>
		<feat xlink:href="#sSpan4709" value="advmod"/>
		<feat xlink:href="#sSpan4714" value="punct"/>
		<feat xlink:href="#sSpan4718" value="case"/>
		<feat xlink:href="#sSpan4722" value="det"/>
		<feat xlink:href="#sSpan4726" value="nmod"/>
		<feat xlink:href="#sSpan4728" value="obj"/>
		<feat xlink:href="#sSpan4730" value="xcomp"/>
		<feat xlink:href="#sSpan4732" value="case"/>
		<feat xlink:href="#sSpan4737" value="obl"/>
		<feat xlink:href="#sSpan4740" value="mark"/>
		<feat xlink:href="#sSpan4742" value="aux"/>
		<feat xlink:href="#sSpan4744" value="nsubj"/>
		<feat xlink:href="#sSpan4746" value="acl:relcl"/>
		<feat xlink:href="#sSpan4748" value="obj"/>
		<feat xlink:href="#sSpan4750" value="case"/>
		<feat xlink:href="#sSpan4755" value="det"/>
		<feat xlink:href="#sSpan4759" value="obl"/>
		<feat xlink:href="#sSpan4762" value="punct"/>
		<feat xlink:href="#sSpan4766" value="cc"/>
		<feat xlink:href="#sSpan4771" value="nmod:poss"/>
		<feat xlink:href="#sSpan4777" value="conj"/>
		<feat xlink:href="#sSpan4781" value="case"/>
		<feat xlink:href="#sSpan4785" value="det"/>
		<feat xlink:href="#sSpan4787" value="obl"/>
		<feat xlink:href="#sSpan4789" value="case"/>
		<feat xlink:href="#sSpan4795" value="obl"/>
		<feat xlink:href="#sSpan4798" value="case"/>
		<feat xlink:href="#sSpan4802" value="det"/>
		<feat xlink:href="#sSpan4806" value="advcl"/>
		<feat xlink:href="#sSpan4808" value="obj"/>
		<feat xlink:href="#sSpan4811" value="xcomp"/>
		<feat xlink:href="#sSpan4814" value="case"/>
		<feat xlink:href="#sSpan4818" value="obl"/>
		<feat xlink:href="#sSpan4821" value="mark"/>
		<feat xlink:href="#sSpan4823" value="aux"/>
		<feat xlink:href="#sSpan4825" value="nsubj"/>
		<feat xlink:href="#sSpan4827" value="acl:relcl"/>
		<feat xlink:href="#sSpan4830" value="obj"/>
		<feat xlink:href="#sSpan4832" value="case"/>
		<feat xlink:href="#sSpan4836" value="det"/>
		<feat xlink:href="#sSpan4840" value="obl"/>
		<feat xlink:href="#sSpan4845" value="punct"/>
		<feat xlink:href="#sSpan4849" value="aux"/>
		<feat xlink:href="#sSpan4857" value="nsubj"/>
		<feat xlink:href="#sSpan4860" value="root"/>
		<feat xlink:href="#sSpan4863" value="advmod"/>
		<feat xlink:href="#sSpan4867" value="advmod"/>
		<feat xlink:href="#sSpan4872" value="punct"/>
		<feat xlink:href="#sSpan4876" value="case"/>
		<feat xlink:href="#sSpan4880" value="det"/>
		<feat xlink:href="#sSpan4883" value="obl"/>
		<feat xlink:href="#sSpan4886" value="case"/>
		<feat xlink:href="#sSpan4890" value="nmod"/>
		<feat xlink:href="#sSpan4893" value="case"/>
		<feat xlink:href="#sSpan4897" value="det"/>
		<feat xlink:href="#sSpan4901" value="conj"/>
		<feat xlink:href="#sSpan4904" value="punct"/>
		<feat xlink:href="#sSpan4908" value="aux"/>
		<feat xlink:href="#sSpan4913" value="nsubj"/>
		<feat xlink:href="#sSpan4915" value="advcl"/>
		<feat xlink:href="#sSpan4917" value="case"/>
		<feat xlink:href="#sSpan4921" value="det"/>
		<feat xlink:href="#sSpan4924" value="dislocated"/>
		<feat xlink:href="#sSpan4927" value="mark"/>
		<feat xlink:href="#sSpan4931" value="nsubj"/>
		<feat xlink:href="#sSpan4933" value="acl:relcl"/>
		<feat xlink:href="#sSpan4935" value="case"/>
		<feat xlink:href="#sSpan4940" value="obj"/>
		<feat xlink:href="#sSpan4942" value="advmod"/>
		<feat xlink:href="#sSpan4946" value="punct"/>
		<feat xlink:href="#sSpan4950" value="cc"/>
		<feat xlink:href="#sSpan4954" value="det"/>
		<feat xlink:href="#sSpan4959" value="conj"/>
		<feat xlink:href="#sSpan4961" value="mark"/>
		<feat xlink:href="#sSpan4965" value="nsubj"/>
		<feat xlink:href="#sSpan4967" value="acl:relcl"/>
		<feat xlink:href="#sSpan4970" value="case"/>
		<feat xlink:href="#sSpan4974" value="obl"/>
		<feat xlink:href="#sSpan4976" value="advmod"/>
		<feat xlink:href="#sSpan4981" value="punct"/>
		<feat xlink:href="#sSpan4985" value="aux"/>
		<feat xlink:href="#sSpan4989" value="nsubj"/>
		<feat xlink:href="#sSpan4992" value="advcl"/>
		<feat xlink:href="#sSpan4995" value="case"/>
		<feat xlink:href="#sSpan4999" value="nmod:poss"/>
		<feat xlink:href="#sSpan5003" value="obl"/>
		<feat xlink:href="#sSpan5006" value="det"/>
		<feat xlink:href="#sSpan5011" value="obl:npmod"/>
		<feat xlink:href="#sSpan5013" value="det"/>
		<feat xlink:href="#sSpan5018" value="obl:npmod"/>
		<feat xlink:href="#sSpan5021" value="case"/>
		<feat xlink:href="#sSpan5025" value="nmod:poss"/>
		<feat xlink:href="#sSpan5029" value="obl"/>
		<feat xlink:href="#sSpan5031" value="cc"/>
		<feat xlink:href="#sSpan5037" value="case"/>
		<feat xlink:href="#sSpan5041" value="det"/>
		<feat xlink:href="#sSpan5046" value="conj"/>
		<feat xlink:href="#sSpan5048" value="case"/>
		<feat xlink:href="#sSpan5052" value="nmod:poss"/>
		<feat xlink:href="#sSpan5055" value="nmod"/>
		<feat xlink:href="#sSpan5060" value="discourse"/>
		<feat xlink:href="#sSpan5068" value="root"/>
		<feat xlink:href="#sSpan5072" value="nsubj"/>
		<feat xlink:href="#sSpan5074" value="case"/>
		<feat xlink:href="#sSpan5078" value="det"/>
		<feat xlink:href="#sSpan5081" value="obl"/>
		<feat xlink:href="#sSpan5084" value="mark"/>
		<feat xlink:href="#sSpan5088" value="nsubj"/>
		<feat xlink:href="#sSpan5090" value="aux"/>
		<feat xlink:href="#sSpan5093" value="acl:relcl"/>
		<feat xlink:href="#sSpan5097" value="case"/>
		<feat xlink:href="#sSpan5101" value="det"/>
		<feat xlink:href="#sSpan5104" value="obl"/>
		<feat xlink:href="#sSpan5106" value="case"/>
		<feat xlink:href="#sSpan5111" value="obl"/>
		<feat xlink:href="#sSpan5113" value="case"/>
		<feat xlink:href="#sSpan5118" value="nmod:poss"/>
		<feat xlink:href="#sSpan5122" value="obl"/>
		<feat xlink:href="#sSpan5124" value="punct"/>
		<feat xlink:href="#sSpan5128" value="mark"/>
		<feat xlink:href="#sSpan5133" value="acl:relcl"/>
		<feat xlink:href="#sSpan5135" value="nsubj"/>
		<feat xlink:href="#sSpan5138" value="appos"/>
		<feat xlink:href="#sSpan5143" value="mark"/>
		<feat xlink:href="#sSpan5147" value="acl:relcl"/>
		<feat xlink:href="#sSpan5149" value="case"/>
		<feat xlink:href="#sSpan5154" value="obl"/>
		<feat xlink:href="#sSpan5159" value="case"/>
		<feat xlink:href="#sSpan5163" value="det"/>
		<feat xlink:href="#sSpan5167" value="nmod"/>
		<feat xlink:href="#sSpan5169" value="punct"/>
		<feat xlink:href="#sSpan5175" value="discourse"/>
		<feat xlink:href="#sSpan5183" value="vocative"/>
		<feat xlink:href="#sSpan5188" value="case"/>
		<feat xlink:href="#sSpan5192" value="det"/>
		<feat xlink:href="#sSpan5195" value="nmod"/>
		<feat xlink:href="#sSpan5198" value="mark"/>
		<feat xlink:href="#sSpan5202" value="nsubj"/>
		<feat xlink:href="#sSpan5204" value="aux"/>
		<feat xlink:href="#sSpan5206" value="acl:relcl"/>
		<feat xlink:href="#sSpan5208" value="det"/>
		<feat xlink:href="#sSpan5212" value="obj"/>
		<feat xlink:href="#sSpan5214" value="case"/>
		<feat xlink:href="#sSpan5218" value="nmod:poss"/>
		<feat xlink:href="#sSpan5221" value="nmod"/>
		<feat xlink:href="#sSpan5224" value="case"/>
		<feat xlink:href="#sSpan5228" value="obl"/>
		<feat xlink:href="#sSpan5230" value="case"/>
		<feat xlink:href="#sSpan5237" value="nmod:poss"/>
		<feat xlink:href="#sSpan5241" value="obl"/>
		<feat xlink:href="#sSpan5247" value="punct"/>
		<feat xlink:href="#sSpan5251" value="det"/>
		<feat xlink:href="#sSpan5259" value="nsubj"/>
		<feat xlink:href="#sSpan5261" value="case"/>
		<feat xlink:href="#sSpan5266" value="nmod"/>
		<feat xlink:href="#sSpan5268" value="case"/>
		<feat xlink:href="#sSpan5273" value="nmod"/>
		<feat xlink:href="#sSpan5276" value="root"/>
		<feat xlink:href="#sSpan5281" value="mark"/>
		<feat xlink:href="#sSpan5285" value="advmod"/>
		<feat xlink:href="#sSpan5287" value="ccomp"/>
		<feat xlink:href="#sSpan5289" value="nmod:poss"/>
		<feat xlink:href="#sSpan5293" value="obj"/>
		<feat xlink:href="#sSpan5295" value="mark"/>
		<feat xlink:href="#sSpan5299" value="xcomp"/>
		<feat xlink:href="#sSpan5301" value="mark"/>
		<feat xlink:href="#sSpan5306" value="ccomp"/>
		<feat xlink:href="#sSpan5308" value="cop"/>
		<feat xlink:href="#sSpan5312" value="mark"/>
		<feat xlink:href="#sSpan5314" value="nmod:poss"/>
		<feat xlink:href="#sSpan5317" value="nsubj"/>
		<feat xlink:href="#sSpan5320" value="csubj"/>
		<feat xlink:href="#sSpan5324" value="case"/>
		<feat xlink:href="#sSpan5329" value="obj"/>
		<feat xlink:href="#sSpan5332" value="punct"/>
		<feat xlink:href="#sSpan5337" value="mark"/>
		<feat xlink:href="#sSpan5343" value="nsubj"/>
		<feat xlink:href="#sSpan5348" value="advcl"/>
		<feat xlink:href="#sSpan5351" value="case"/>
		<feat xlink:href="#sSpan5355" value="det"/>
		<feat xlink:href="#sSpan5360" value="obj"/>
		<feat xlink:href="#sSpan5363" value="punct"/>
		<feat xlink:href="#sSpan5367" value="cc"/>
		<feat xlink:href="#sSpan5372" value="conj"/>
		<feat xlink:href="#sSpan5376" value="nsubj"/>
		<feat xlink:href="#sSpan5382" value="mark"/>
		<feat xlink:href="#sSpan5384" value="aux"/>
		<feat xlink:href="#sSpan5386" value="nsubj"/>
		<feat xlink:href="#sSpan5388" value="acl:relcl"/>
		<feat xlink:href="#sSpan5390" value="obj"/>
		<feat xlink:href="#sSpan5392" value="punct"/>
		<feat xlink:href="#sSpan5396" value="mark"/>
		<feat xlink:href="#sSpan5401" value="nsubj"/>
		<feat xlink:href="#sSpan5403" value="advcl"/>
		<feat xlink:href="#sSpan5405" value="advmod"/>
		<feat xlink:href="#sSpan5409" value="advmod"/>
		<feat xlink:href="#sSpan5414" value="case"/>
		<feat xlink:href="#sSpan5418" value="det"/>
		<feat xlink:href="#sSpan5422" value="obj"/>
		<feat xlink:href="#sSpan5424" value="case"/>
		<feat xlink:href="#sSpan5429" value="det"/>
		<feat xlink:href="#sSpan5432" value="nmod"/>
		<feat xlink:href="#sSpan5434" value="mark"/>
		<feat xlink:href="#sSpan5438" value="acl:relcl"/>
		<feat xlink:href="#sSpan5441" value="nsubj"/>
		<feat xlink:href="#sSpan5443" value="case"/>
		<feat xlink:href="#sSpan5447" value="det"/>
		<feat xlink:href="#sSpan5450" value="obl"/>
		<feat xlink:href="#sSpan5453" value="aux"/>
		<feat xlink:href="#sSpan5457" value="nsubj"/>
		<feat xlink:href="#sSpan5459" value="root"/>
		<feat xlink:href="#sSpan5461" value="expl"/>
		<feat xlink:href="#sSpan5463" value="mark"/>
		<feat xlink:href="#sSpan5468" value="aux"/>
		<feat xlink:href="#sSpan5470" value="nsubj"/>
		<feat xlink:href="#sSpan5472" value="ccomp"/>
		<feat xlink:href="#sSpan5474" value="case"/>
		<feat xlink:href="#sSpan5478" value="nmod:poss"/>
		<feat xlink:href="#sSpan5482" value="obl"/>
		<feat xlink:href="#sSpan5484" value="mark"/>
		<feat xlink:href="#sSpan5489" value="acl:relcl"/>
		<feat xlink:href="#sSpan5491" value="nsubj"/>
		<feat xlink:href="#sSpan5493" value="aux"/>
		<feat xlink:href="#sSpan5498" value="nsubj"/>
		<feat xlink:href="#sSpan5501" value="advcl"/>
		<feat xlink:href="#sSpan5504" value="case"/>
		<feat xlink:href="#sSpan5508" value="nmod:poss"/>
		<feat xlink:href="#sSpan5512" value="obl"/>
		<feat xlink:href="#sSpan5514" value="mark"/>
		<feat xlink:href="#sSpan5518" value="case"/>
		<feat xlink:href="#sSpan5521" value="det"/>
		<feat xlink:href="#sSpan5524" value="acl:relcl"/>
		<feat xlink:href="#sSpan5526" value="punct"/>
		<feat xlink:href="#sSpan5530" value="advmod"/>
		<feat xlink:href="#sSpan5535" value="advmod"/>
		<feat xlink:href="#sSpan5541" value="advmod"/>
		<feat xlink:href="#sSpan5545" value="case"/>
		<feat xlink:href="#sSpan5549" value="det"/>
		<feat xlink:href="#sSpan5552" value="obl"/>
		<feat xlink:href="#sSpan5554" value="punct"/>
		<feat xlink:href="#sSpan5558" value="mark"/>
		<feat xlink:href="#sSpan5562" value="xcomp"/>
		<feat xlink:href="#sSpan5564" value="det"/>
		<feat xlink:href="#sSpan5568" value="obj"/>
		<feat xlink:href="#sSpan5571" value="case"/>
		<feat xlink:href="#sSpan5575" value="det"/>
		<feat xlink:href="#sSpan5578" value="nmod"/>
		<feat xlink:href="#sSpan5580" value="mark"/>
		<feat xlink:href="#sSpan5585" value="acl:relcl"/>
		<feat xlink:href="#sSpan5587" value="nsubj"/>
		<feat xlink:href="#sSpan5590" value="nsubj"/>
		<feat xlink:href="#sSpan5596" value="punct"/>
		<feat xlink:href="#sSpan5602" value="case"/>
		<feat xlink:href="#sSpan5609" value="det"/>
		<feat xlink:href="#sSpan5611" value="root"/>
		<feat xlink:href="#sSpan5614" value="advmod"/>
		<feat xlink:href="#sSpan5618" value="case"/>
		<feat xlink:href="#sSpan5622" value="det"/>
		<feat xlink:href="#sSpan5625" value="nmod"/>
		<feat xlink:href="#sSpan5627" value="mark"/>
		<feat xlink:href="#sSpan5632" value="acl:relcl"/>
		<feat xlink:href="#sSpan5634" value="det"/>
		<feat xlink:href="#sSpan5638" value="nsubj"/>
		<feat xlink:href="#sSpan5642" value="case"/>
		<feat xlink:href="#sSpan5647" value="nmod"/>
		<feat xlink:href="#sSpan5651" value="case"/>
		<feat xlink:href="#sSpan5656" value="det"/>
		<feat xlink:href="#sSpan5659" value="nmod"/>
		<feat xlink:href="#sSpan5661" value="case"/>
		<feat xlink:href="#sSpan5665" value="nmod:poss"/>
		<feat xlink:href="#sSpan5668" value="nmod"/>
		<feat xlink:href="#sSpan5672" value="punct"/>
		<feat xlink:href="#sSpan5676" value="mark"/>
		<feat xlink:href="#sSpan5680" value="nsubj"/>
		<feat xlink:href="#sSpan5683" value="acl:relcl"/>
		<feat xlink:href="#sSpan5687" value="advmod"/>
		<feat xlink:href="#sSpan5691" value="advmod"/>
		<feat xlink:href="#sSpan5695" value="advmod"/>
		<feat xlink:href="#sSpan5700" value="punct"/>
		<feat xlink:href="#sSpan5704" value="mark"/>
		<feat xlink:href="#sSpan5708" value="advmod"/>
		<feat xlink:href="#sSpan5710" value="nsubj"/>
		<feat xlink:href="#sSpan5712" value="aux"/>
		<feat xlink:href="#sSpan5714" value="aux"/>
		<feat xlink:href="#sSpan5717" value="advcl"/>
		<feat xlink:href="#sSpan5720" value="advmod"/>
		<feat xlink:href="#sSpan5724" value="case"/>
		<feat xlink:href="#sSpan5728" value="det"/>
		<feat xlink:href="#sSpan5733" value="obj"/>
		<feat xlink:href="#sSpan5736" value="aux"/>
		<feat xlink:href="#sSpan5741" value="advmod"/>
		<feat xlink:href="#sSpan5743" value="xcomp"/>
		<feat xlink:href="#sSpan5745" value="det"/>
		<feat xlink:href="#sSpan5748" value="obj"/>
		<feat xlink:href="#sSpan5751" value="xcomp"/>
		<feat xlink:href="#sSpan5755" value="case"/>
		<feat xlink:href="#sSpan5760" value="det"/>
		<feat xlink:href="#sSpan5764" value="obl"/>
		<feat xlink:href="#sSpan5767" value="mark"/>
		<feat xlink:href="#sSpan5772" value="case"/>
		<feat xlink:href="#sSpan5774" value="nmod:poss"/>
		<feat xlink:href="#sSpan5777" value="acl:relcl"/>
		<feat xlink:href="#sSpan5780" value="mark"/>
		<feat xlink:href="#sSpan5785" value="nsubj"/>
		<feat xlink:href="#sSpan5790" value="advcl"/>
		<feat xlink:href="#sSpan5793" value="case"/>
		<feat xlink:href="#sSpan5797" value="obj"/>
		<feat xlink:href="#sSpan5800" value="punct"/>
		<feat xlink:href="#sSpan5804" value="root"/>
		<feat xlink:href="#sSpan5811" value="advmod"/>
		<feat xlink:href="#sSpan5815" value="cop"/>
		<feat xlink:href="#sSpan5819" value="det"/>
		<feat xlink:href="#sSpan5824" value="nsubj"/>
		<feat xlink:href="#sSpan5826" value="mark"/>
		<feat xlink:href="#sSpan5830" value="acl:relcl"/>
		<feat xlink:href="#sSpan5832" value="nsubj"/>
		<feat xlink:href="#sSpan5836" value="mark"/>
		<feat xlink:href="#sSpan5840" value="nsubj"/>
		<feat xlink:href="#sSpan5842" value="acl:relcl"/>
		<feat xlink:href="#sSpan5845" value="case"/>
		<feat xlink:href="#sSpan5850" value="det"/>
		<feat xlink:href="#sSpan5854" value="obj"/>
		<feat xlink:href="#sSpan5856" value="mark"/>
		<feat xlink:href="#sSpan5861" value="acl:relcl"/>
		<feat xlink:href="#sSpan5863" value="nsubj"/>
		<feat xlink:href="#sSpan5865" value="cc"/>
		<feat xlink:href="#sSpan5870" value="det"/>
		<feat xlink:href="#sSpan5875" value="conj"/>
		<feat xlink:href="#sSpan5877" value="case"/>
		<feat xlink:href="#sSpan5883" value="nmod"/>
		<feat xlink:href="#sSpan5886" value="case"/>
		<feat xlink:href="#sSpan5890" value="det"/>
		<feat xlink:href="#sSpan5894" value="obl"/>
		<feat xlink:href="#sSpan5896" value="advmod"/>
		<feat xlink:href="#sSpan5900" value="case"/>
		<feat xlink:href="#sSpan5905" value="det"/>
		<feat xlink:href="#sSpan5908" value="nmod"/>
		<feat xlink:href="#sSpan5910" value="aux"/>
		<feat xlink:href="#sSpan5915" value="aux"/>
		<feat xlink:href="#sSpan5917" value="acl:relcl"/>
		<feat xlink:href="#sSpan5919" value="obj"/>
		<feat xlink:href="#sSpan5921" value="aux"/>
		<feat xlink:href="#sSpan5926" value="advmod"/>
		<feat xlink:href="#sSpan5928" value="parataxis"/>
		<feat xlink:href="#sSpan5930" value="obj"/>
		<feat xlink:href="#sSpan5933" value="xcomp"/>
		<feat xlink:href="#sSpan5940" value="case"/>
		<feat xlink:href="#sSpan5944" value="obl"/>
		<feat xlink:href="#sSpan5947" value="punct"/>
		<feat xlink:href="#sSpan5952" value="cc"/>
		<feat xlink:href="#sSpan5958" value="case"/>
		<feat xlink:href="#sSpan5963" value="det"/>
		<feat xlink:href="#sSpan5966" value="advcl"/>
		<feat xlink:href="#sSpan5968" value="cop"/>
		<feat xlink:href="#sSpan5972" value="punct"/>
		<feat xlink:href="#sSpan5977" value="cc"/>
		<feat xlink:href="#sSpan5982" value="case"/>
		<feat xlink:href="#sSpan5986" value="det"/>
		<feat xlink:href="#sSpan5989" value="conj"/>
		<feat xlink:href="#sSpan5991" value="cop"/>
		<feat xlink:href="#sSpan5995" value="punct"/>
		<feat xlink:href="#sSpan5999" value="advmod"/>
		<feat xlink:href="#sSpan6004" value="nsubj"/>
		<feat xlink:href="#sSpan6006" value="aux"/>
		<feat xlink:href="#sSpan6008" value="aux"/>
		<feat xlink:href="#sSpan6010" value="root"/>
		<feat xlink:href="#sSpan6012" value="expl"/>
		<feat xlink:href="#sSpan6014" value="advmod"/>
		<feat xlink:href="#sSpan6019" value="punct"/>
		<feat xlink:href="#sSpan6024" value="case"/>
		<feat xlink:href="#sSpan6028" value="obl"/>
		<feat xlink:href="#sSpan6031" value="mark"/>
		<feat xlink:href="#sSpan6034" value="aux"/>
		<feat xlink:href="#sSpan6036" value="det"/>
		<feat xlink:href="#sSpan6039" value="nsubj"/>
		<feat xlink:href="#sSpan6041" value="acl:relcl"/>
		<feat xlink:href="#sSpan6045" value="obj"/>
		<feat xlink:href="#sSpan6047" value="mark"/>
		<feat xlink:href="#sSpan6052" value="aux"/>
		<feat xlink:href="#sSpan6054" value="nsubj"/>
		<feat xlink:href="#sSpan6057" value="mark"/>
		<feat xlink:href="#sSpan6062" value="nsubj"/>
		<feat xlink:href="#sSpan6064" value="acl:relcl"/>
		<feat xlink:href="#sSpan6066" value="advmod"/>
		<feat xlink:href="#sSpan6070" value="nsubj"/>
		<feat xlink:href="#sSpan6072" value="aux"/>
		<feat xlink:href="#sSpan6074" value="ccomp"/>
		<feat xlink:href="#sSpan6078" value="advmod"/>
		<feat xlink:href="#sSpan6082" value="advmod"/>
		<feat xlink:href="#sSpan6089" value="advmod"/>
		<feat xlink:href="#sSpan6097" value="advmod"/>
		<feat xlink:href="#sSpan6101" value="case"/>
		<feat xlink:href="#sSpan6105" value="det"/>
		<feat xlink:href="#sSpan6107" value="root"/>
		<feat xlink:href="#sSpan6109" value="case"/>
		<feat xlink:href="#sSpan6113" value="det"/>
		<feat xlink:href="#sSpan6117" value="nmod"/>
		<feat xlink:href="#sSpan6119" value="punct"/>
		<feat xlink:href="#sSpan6123" value="mark"/>
		<feat xlink:href="#sSpan6127" value="acl:relcl"/>
		<feat xlink:href="#sSpan6129" value="det"/>
		<feat xlink:href="#sSpan6133" value="nsubj"/>
		<feat xlink:href="#sSpan6135" value="case"/>
		<feat xlink:href="#sSpan6140" value="nmod"/>
		<feat xlink:href="#sSpan6144" value="case"/>
		<feat xlink:href="#sSpan6148" value="nmod:poss"/>
		<feat xlink:href="#sSpan6151" value="obl"/>
		<feat xlink:href="#sSpan6154" value="punct"/>
		<feat xlink:href="#sSpan6158" value="mark"/>
		<feat xlink:href="#sSpan6162" value="nsubj"/>
		<feat xlink:href="#sSpan6165" value="advcl"/>
		<feat xlink:href="#sSpan6170" value="advmod"/>
		<feat xlink:href="#sSpan6175" value="advmod"/>
		<feat xlink:href="#sSpan6179" value="mark"/>
		<feat xlink:href="#sSpan6184" value="advmod"/>
		<feat xlink:href="#sSpan6186" value="obl"/>
		<feat xlink:href="#sSpan6188" value="det"/>
		<feat xlink:href="#sSpan6190" value="advmod"/>
		<feat xlink:href="#sSpan6194" value="punct"/>
		<feat xlink:href="#sSpan6199" value="cc"/>
		<feat xlink:href="#sSpan6204" value="aux"/>
		<feat xlink:href="#sSpan6208" value="nsubj"/>
		<feat xlink:href="#sSpan6210" value="conj"/>
		<feat xlink:href="#sSpan6213" value="advmod"/>
		<feat xlink:href="#sSpan6217" value="cop"/>
		<feat xlink:href="#sSpan6221" value="mark"/>
		<feat xlink:href="#sSpan6226" value="xcomp"/>
		<feat xlink:href="#sSpan6228" value="obj"/>
		<feat xlink:href="#sSpan6231" value="xcomp"/>
		<feat xlink:href="#sSpan6236" value="case"/>
		<feat xlink:href="#sSpan6240" value="obl"/>
		<feat xlink:href="#sSpan6242" value="nsubj"/>
		<feat xlink:href="#sSpan6248" value="advcl"/>
		<feat xlink:href="#sSpan6250" value="case"/>
		<feat xlink:href="#sSpan6255" value="obj"/>
		<feat xlink:href="#sSpan6257" value="punct"/>
		<feat xlink:href="#sSpan6262" value="cc"/>
		<feat xlink:href="#sSpan6268" value="det"/>
		<feat xlink:href="#sSpan6275" value="root"/>
		<feat xlink:href="#sSpan6277" value="cop"/>
		<feat xlink:href="#sSpan6281" value="case"/>
		<feat xlink:href="#sSpan6286" value="det"/>
		<feat xlink:href="#sSpan6292" value="nmod"/>
		<feat xlink:href="#sSpan6297" value="punct"/>
		<feat xlink:href="#sSpan6301" value="parataxis"/>
		<feat xlink:href="#sSpan6308" value="cop"/>
		<feat xlink:href="#sSpan6312" value="det"/>
		<feat xlink:href="#sSpan6316" value="nsubj"/>
		<feat xlink:href="#sSpan6318" value="case"/>
		<feat xlink:href="#sSpan6322" value="det"/>
		<feat xlink:href="#sSpan6325" value="nmod"/>
		<feat xlink:href="#sSpan6328" value="mark"/>
		<feat xlink:href="#sSpan6332" value="acl:relcl"/>
		<feat xlink:href="#sSpan6335" value="case"/>
		<feat xlink:href="#sSpan6339" value="det"/>
		<feat xlink:href="#sSpan6343" value="obj"/>
		<feat xlink:href="#sSpan6347" value="punct"/>
		<feat xlink:href="#sSpan6351" value="mark"/>
		<feat xlink:href="#sSpan6355" value="nsubj"/>
		<feat xlink:href="#sSpan6357" value="advcl"/>
		<feat xlink:href="#sSpan6360" value="obj"/>
		<feat xlink:href="#sSpan6362" value="advmod"/>
		<feat xlink:href="#sSpan6366" value="case"/>
		<feat xlink:href="#sSpan6370" value="det"/>
		<feat xlink:href="#sSpan6373" value="obl"/>
		<feat xlink:href="#sSpan6376" value="punct"/>
		<feat xlink:href="#sSpan6380" value="cc"/>
		<feat xlink:href="#sSpan6384" value="case"/>
		<feat xlink:href="#sSpan6388" value="det"/>
		<feat xlink:href="#sSpan6391" value="conj"/>
		<feat xlink:href="#sSpan6394" value="cop"/>
		<feat xlink:href="#sSpan6398" value="case"/>
		<feat xlink:href="#sSpan6402" value="det"/>
		<feat xlink:href="#sSpan6406" value="nmod"/>
		<feat xlink:href="#sSpan6409" value="punct"/>
		<feat xlink:href="#sSpan6414" value="cc"/>
		<feat xlink:href="#sSpan6418" value="mark"/>
		<feat xlink:href="#sSpan6423" value="nsubj"/>
		<feat xlink:href="#sSpan6425" value="advcl"/>
		<feat xlink:href="#sSpan6427" value="case"/>
		<feat xlink:href="#sSpan6431" value="obj"/>
		<feat xlink:href="#sSpan6433" value="case"/>
		<feat xlink:href="#sSpan6438" value="det"/>
		<feat xlink:href="#sSpan6441" value="obl"/>
		<feat xlink:href="#sSpan6443" value="case"/>
		<feat xlink:href="#sSpan6447" value="det"/>
		<feat xlink:href="#sSpan6451" value="obl"/>
		<feat xlink:href="#sSpan6453" value="punct"/>
		<feat xlink:href="#sSpan6458" value="root"/>
		<feat xlink:href="#sSpan6466" value="cop"/>
		<feat xlink:href="#sSpan6470" value="mark"/>
		<feat xlink:href="#sSpan6474" value="csubj"/>
		<feat xlink:href="#sSpan6476" value="obj"/>
		<feat xlink:href="#sSpan6478" value="xcomp"/>
		<feat xlink:href="#sSpan6482" value="advmod"/>
		<feat xlink:href="#sSpan6487" value="case"/>
		<feat xlink:href="#sSpan6492" value="obl"/>
		<feat xlink:href="#sSpan6495" value="mark"/>
		<feat xlink:href="#sSpan6497" value="aux"/>
		<feat xlink:href="#sSpan6499" value="det"/>
		<feat xlink:href="#sSpan6503" value="nsubj"/>
		<feat xlink:href="#sSpan6506" value="acl:relcl"/>
		<feat xlink:href="#sSpan6511" value="obj"/>
		<feat xlink:href="#sSpan6514" value="punct"/>
		<feat xlink:href="#sSpan6518" value="mark"/>
		<feat xlink:href="#sSpan6522" value="nsubj"/>
		<feat xlink:href="#sSpan6525" value="mark"/>
		<feat xlink:href="#sSpan6527" value="acl:relcl"/>
		<feat xlink:href="#sSpan6529" value="case"/>
		<feat xlink:href="#sSpan6534" value="det"/>
		<feat xlink:href="#sSpan6537" value="obl"/>
		<feat xlink:href="#sSpan6539" value="advmod"/>
		<feat xlink:href="#sSpan6543" value="nsubj"/>
		<feat xlink:href="#sSpan6545" value="advcl"/>
		<feat xlink:href="#sSpan6550" value="advmod"/>
		<feat xlink:href="#sSpan6556" value="root"/>
		<feat xlink:href="#sSpan6565" value="advmod"/>
		<feat xlink:href="#sSpan6570" value="discourse"/>
		<feat xlink:href="#sSpan6575" value="det"/>
		<feat xlink:href="#sSpan6580" value="vocative"/>
		<feat xlink:href="#sSpan6582" value="case"/>
		<feat xlink:href="#sSpan6587" value="nmod"/>
		<feat xlink:href="#sSpan6590" value="aux"/>
		<feat xlink:href="#sSpan6594" value="nsubj"/>
		<feat xlink:href="#sSpan6596" value="advcl"/>
		<feat xlink:href="#sSpan6599" value="advmod"/>
		<feat xlink:href="#sSpan6603" value="case"/>
		<feat xlink:href="#sSpan6607" value="det"/>
		<feat xlink:href="#sSpan6611" value="obj"/>
		<feat xlink:href="#sSpan6613" value="mark"/>
		<feat xlink:href="#sSpan6617" value="aux"/>
		<feat xlink:href="#sSpan6619" value="nsubj"/>
		<feat xlink:href="#sSpan6621" value="acl:relcl"/>
		<feat xlink:href="#sSpan6624" value="case"/>
		<feat xlink:href="#sSpan6628" value="nmod:poss"/>
		<feat xlink:href="#sSpan6630" value="obl"/>
		<feat xlink:href="#sSpan6633" value="case"/>
		<feat xlink:href="#sSpan6637" value="obl"/>
		<feat xlink:href="#sSpan6639" value="mark"/>
		<feat xlink:href="#sSpan6644" value="det"/>
		<feat xlink:href="#sSpan6647" value="acl:relcl"/>
		<feat xlink:href="#sSpan6649" value="cop"/>
		<feat xlink:href="#sSpan6654" value="punct"/>
		<feat xlink:href="#sSpan6658" value="cc"/>
		<feat xlink:href="#sSpan6662" value="det"/>
		<feat xlink:href="#sSpan6665" value="det"/>
		<feat xlink:href="#sSpan6668" value="conj"/>
		<feat xlink:href="#sSpan6673" value="mark"/>
		<feat xlink:href="#sSpan6677" value="aux"/>
		<feat xlink:href="#sSpan6679" value="nsubj"/>
		<feat xlink:href="#sSpan6681" value="acl:relcl"/>
		<feat xlink:href="#sSpan6684" value="obj"/>
		<feat xlink:href="#sSpan6686" value="case"/>
		<feat xlink:href="#sSpan6690" value="obl"/>
		<feat xlink:href="#sSpan6692" value="case"/>
		<feat xlink:href="#sSpan6697" value="det"/>
		<feat xlink:href="#sSpan6700" value="obl"/>
		<feat xlink:href="#sSpan6702" value="punct"/>
		<feat xlink:href="#sSpan6706" value="case"/>
		<feat xlink:href="#sSpan6712" value="fixed"/>
		<feat xlink:href="#sSpan6716" value="obl"/>
		<feat xlink:href="#sSpan6718" value="case"/>
		<feat xlink:href="#sSpan6723" value="nmod:poss"/>
		<feat xlink:href="#sSpan6727" value="obl"/>
		<feat xlink:href="#sSpan6731" value="case"/>
		<feat xlink:href="#sSpan6736" value="nmod"/>
		<feat xlink:href="#sSpan6739" value="punct"/>
		<feat xlink:href="#sSpan6743" value="mark"/>
		<feat xlink:href="#sSpan6747" value="mark"/>
		<feat xlink:href="#sSpan6752" value="nsubj"/>
		<feat xlink:href="#sSpan6754" value="aux"/>
		<feat xlink:href="#sSpan6757" value="advcl"/>
		<feat xlink:href="#sSpan6760" value="case"/>
		<feat xlink:href="#sSpan6765" value="det"/>
		<feat xlink:href="#sSpan6768" value="obl"/>
		<feat xlink:href="#sSpan6770" value="punct"/>
		<feat xlink:href="#sSpan6774" value="case"/>
		<feat xlink:href="#sSpan6778" value="det"/>
		<feat xlink:href="#sSpan6782" value="obl"/>
		<feat xlink:href="#sSpan6784" value="advmod"/>
		<feat xlink:href="#sSpan6788" value="case"/>
		<feat xlink:href="#sSpan6792" value="nmod"/>
		<feat xlink:href="#sSpan6797" value="mark"/>
		<feat xlink:href="#sSpan6799" value="aux"/>
		<feat xlink:href="#sSpan6801" value="acl:relcl"/>
		<feat xlink:href="#sSpan6803" value="obj"/>
		<feat xlink:href="#sSpan6805" value="cc"/>
		<feat xlink:href="#sSpan6810" value="conj"/>
		<feat xlink:href="#sSpan6813" value="mark"/>
		<feat xlink:href="#sSpan6815" value="acl:relcl"/>
		<feat xlink:href="#sSpan6817" value="punct"/>
		<feat xlink:href="#sSpan6821" value="cc"/>
		<feat xlink:href="#sSpan6827" value="advmod"/>
		<feat xlink:href="#sSpan6832" value="aux"/>
		<feat xlink:href="#sSpan6836" value="nsubj"/>
		<feat xlink:href="#sSpan6839" value="root"/>
		<feat xlink:href="#sSpan6845" value="case"/>
		<feat xlink:href="#sSpan6849" value="obl"/>
		<feat xlink:href="#sSpan6851" value="case"/>
		<feat xlink:href="#sSpan6855" value="det"/>
		<feat xlink:href="#sSpan6858" value="obl"/>
		<feat xlink:href="#sSpan6861" value="case"/>
		<feat xlink:href="#sSpan6865" value="det"/>
		<feat xlink:href="#sSpan6868" value="obl"/>
		<feat xlink:href="#sSpan6870" value="advmod"/>
		<feat xlink:href="#sSpan6875" value="case"/>
		<feat xlink:href="#sSpan6879" value="det"/>
		<feat xlink:href="#sSpan6882" value="nmod"/>
		<feat xlink:href="#sSpan6884" value="cc"/>
		<feat xlink:href="#sSpan6889" value="conj"/>
		<feat xlink:href="#sSpan6892" value="mark"/>
		<feat xlink:href="#sSpan6894" value="acl:relcl"/>
		<feat xlink:href="#sSpan6896" value="obl:npmod"/>
		<feat xlink:href="#sSpan6901" value="nmod:poss"/>
		<feat xlink:href="#sSpan6904" value="punct"/>
		<feat xlink:href="#sSpan6908" value="cc"/>
		<feat xlink:href="#sSpan6914" value="aux"/>
		<feat xlink:href="#sSpan6918" value="nsubj"/>
		<feat xlink:href="#sSpan6921" value="root"/>
		<feat xlink:href="#sSpan6923" value="case"/>
		<feat xlink:href="#sSpan6927" value="det"/>
		<feat xlink:href="#sSpan6930" value="obj"/>
		<feat xlink:href="#sSpan6932" value="case"/>
		<feat xlink:href="#sSpan6937" value="nmod:poss"/>
		<feat xlink:href="#sSpan6940" value="nmod"/>
		<feat xlink:href="#sSpan6942" value="mark"/>
		<feat xlink:href="#sSpan6947" value="acl:relcl"/>
		<feat xlink:href="#sSpan6949" value="nsubj"/>
		<feat xlink:href="#sSpan6952" value="mark"/>
		<feat xlink:href="#sSpan6957" value="aux"/>
		<feat xlink:href="#sSpan6959" value="nsubj"/>
		<feat xlink:href="#sSpan6961" value="acl:relcl"/>
		<feat xlink:href="#sSpan6963" value="obj"/>
		<feat xlink:href="#sSpan6965" value="case"/>
		<feat xlink:href="#sSpan6969" value="det"/>
		<feat xlink:href="#sSpan6973" value="obl"/>
		<feat xlink:href="#sSpan6975" value="punct"/>
		<feat xlink:href="#sSpan6979" value="case"/>
		<feat xlink:href="#sSpan6983" value="det"/>
		<feat xlink:href="#sSpan6987" value="obl"/>
		<feat xlink:href="#sSpan6990" value="case"/>
		<feat xlink:href="#sSpan6994" value="det"/>
		<feat xlink:href="#sSpan6997" value="nmod"/>
		<feat xlink:href="#sSpan7000" value="det"/>
		<feat xlink:href="#sSpan7005" value="appos"/>
		<feat xlink:href="#sSpan7007" value="case"/>
		<feat xlink:href="#sSpan7012" value="det"/>
		<feat xlink:href="#sSpan7015" value="nmod"/>
		<feat xlink:href="#sSpan7017" value="case"/>
		<feat xlink:href="#sSpan7022" value="nmod"/>
		<feat xlink:href="#sSpan7026" value="det"/>
		<feat xlink:href="#sSpan7031" value="aux"/>
		<feat xlink:href="#sSpan7039" value="nsubj"/>
		<feat xlink:href="#sSpan7041" value="root"/>
		<feat xlink:href="#sSpan7043" value="expl"/>
		<feat xlink:href="#sSpan7046" value="advmod"/>
		<feat xlink:href="#sSpan7050" value="case"/>
		<feat xlink:href="#sSpan7056" value="nmod:poss"/>
		<feat xlink:href="#sSpan7061" value="dislocated"/>
		<feat xlink:href="#sSpan7065" value="case"/>
		<feat xlink:href="#sSpan7070" value="nmod"/>
		<feat xlink:href="#sSpan7073" value="appos"/>
		<feat xlink:href="#sSpan7078" value="flat"/>
		<feat xlink:href="#sSpan7084" value="punct"/>
		<feat xlink:href="#sSpan7088" value="mark"/>
		<feat xlink:href="#sSpan7092" value="ccomp"/>
		<feat xlink:href="#sSpan7094" value="case"/>
		<feat xlink:href="#sSpan7099" value="det"/>
		<feat xlink:href="#sSpan7102" value="obl"/>
		<feat xlink:href="#sSpan7104" value="mark"/>
		<feat xlink:href="#sSpan7108" value="acl:relcl"/>
		<feat xlink:href="#sSpan7111" value="case"/>
		<feat xlink:href="#sSpan7115" value="det"/>
		<feat xlink:href="#sSpan7118" value="nmod"/>
		<feat xlink:href="#sSpan7120" value="advmod"/>
		<feat xlink:href="#sSpan7125" value="nsubj"/>
		<feat xlink:href="#sSpan7127" value="aux"/>
		<feat xlink:href="#sSpan7129" value="parataxis"/>
		<feat xlink:href="#sSpan7132" value="advmod"/>
		<feat xlink:href="#sSpan7137" value="advmod"/>
		<feat xlink:href="#sSpan7141" value="case"/>
		<feat xlink:href="#sSpan7145" value="obl"/>
		<feat xlink:href="#sSpan7147" value="mark"/>
		<feat xlink:href="#sSpan7151" value="dislocated"/>
		<feat xlink:href="#sSpan7154" value="parataxis"/>
		<feat xlink:href="#sSpan7158" value="nsubj"/>
		<feat xlink:href="#sSpan7160" value="mark"/>
		<feat xlink:href="#sSpan7165" value="nsubj"/>
		<feat xlink:href="#sSpan7167" value="ccomp"/>
		<feat xlink:href="#sSpan7170" value="case"/>
		<feat xlink:href="#sSpan7174" value="det"/>
		<feat xlink:href="#sSpan7177" value="obj"/>
		<feat xlink:href="#sSpan7180" value="mark"/>
		<feat xlink:href="#sSpan7185" value="acl:relcl"/>
		<feat xlink:href="#sSpan7192" value="advmod"/>
		<feat xlink:href="#sSpan7200" value="advmod"/>
		<feat xlink:href="#sSpan7204" value="det"/>
		<feat xlink:href="#sSpan7209" value="dislocated"/>
		<feat xlink:href="#sSpan7211" value="case"/>
		<feat xlink:href="#sSpan7216" value="nmod"/>
		<feat xlink:href="#sSpan7218" value="punct"/>
		<feat xlink:href="#sSpan7222" value="cc"/>
		<feat xlink:href="#sSpan7226" value="det"/>
		<feat xlink:href="#sSpan7233" value="nsubj"/>
		<feat xlink:href="#sSpan7235" value="conj"/>
		<feat xlink:href="#sSpan7237" value="obj"/>
		<feat xlink:href="#sSpan7239" value="case"/>
		<feat xlink:href="#sSpan7244" value="det"/>
		<feat xlink:href="#sSpan7247" value="obl"/>
		<feat xlink:href="#sSpan7250" value="punct"/>
		<feat xlink:href="#sSpan7254" value="root"/>
		<feat xlink:href="#sSpan7258" value="iobj"/>
		<feat xlink:href="#sSpan7261" value="advmod"/>
		<feat xlink:href="#sSpan7265" value="case"/>
		<feat xlink:href="#sSpan7270" value="det"/>
		<feat xlink:href="#sSpan7272" value="obj"/>
		<feat xlink:href="#sSpan7274" value="case"/>
		<feat xlink:href="#sSpan7278" value="nmod"/>
		<feat xlink:href="#sSpan7281" value="case"/>
		<feat xlink:href="#sSpan7285" value="obl"/>
		<feat xlink:href="#sSpan7287" value="case"/>
		<feat xlink:href="#sSpan7292" value="obl"/>
		<feat xlink:href="#sSpan7295" value="det"/>
		<feat xlink:href="#sSpan7299" value="mark"/>
		<feat xlink:href="#sSpan7303" value="nsubj"/>
		<feat xlink:href="#sSpan7305" value="aux"/>
		<feat xlink:href="#sSpan7308" value="acl:relcl"/>
		<feat xlink:href="#sSpan7310" value="case"/>
		<feat xlink:href="#sSpan7314" value="obl"/>
		<feat xlink:href="#sSpan7316" value="mark"/>
		<feat xlink:href="#sSpan7321" value="nsubj"/>
		<feat xlink:href="#sSpan7323" value="advcl"/>
		<feat xlink:href="#sSpan7325" value="case"/>
		<feat xlink:href="#sSpan7330" value="obj"/>
		<feat xlink:href="#sSpan7332" value="case"/>
		<feat xlink:href="#sSpan7336" value="obl"/>
		<feat xlink:href="#sSpan7340" value="punct"/>
		<feat xlink:href="#sSpan7344" value="mark"/>
		<feat xlink:href="#sSpan7348" value="nsubj"/>
		<feat xlink:href="#sSpan7350" value="conj"/>
		<feat xlink:href="#sSpan7352" value="case"/>
		<feat xlink:href="#sSpan7357" value="nmod:poss"/>
		<feat xlink:href="#sSpan7361" value="obj"/>
		<feat xlink:href="#sSpan7364" value="case"/>
		<feat xlink:href="#sSpan7368" value="obl"/>
		<feat xlink:href="#sSpan7370" value="case"/>
		<feat xlink:href="#sSpan7375" value="obl"/>
		<feat xlink:href="#sSpan7377" value="punct"/>
		<feat xlink:href="#sSpan7381" value="mark"/>
		<feat xlink:href="#sSpan7385" value="advmod"/>
		<feat xlink:href="#sSpan7387" value="det"/>
		<feat xlink:href="#sSpan7393" value="advcl"/>
		<feat xlink:href="#sSpan7396" value="mark"/>
		<feat xlink:href="#sSpan7400" value="nsubj"/>
		<feat xlink:href="#sSpan7402" value="acl:relcl"/>
		<feat xlink:href="#sSpan7404" value="cc"/>
		<feat xlink:href="#sSpan7409" value="mark"/>
		<feat xlink:href="#sSpan7413" value="nsubj"/>
		<feat xlink:href="#sSpan7416" value="conj"/></featList></paula>