<?xml version='1.0' encoding='UTF-8'?><!DOCTYPE paula SYSTEM "paula_feat.dtd">
<paula version="1.1">
	<header paula_id="scriptorium.shenoute.crushed.FL133-140.mark_new_sent"/>
	<featList xmlns:xlink="http://www.w3.org/1999/xlink" type="new_sent" xml:base="scriptorium.shenoute.crushed.FL133-140.mark.xml">
		<feat xlink:href="#sSpan1" value="true"/>
		<feat xlink:href="#sSpan151" value="true"/>
		<feat xlink:href="#sSpan228" value="true"/>
		<feat xlink:href="#sSpan668" value="true"/>
		<feat xlink:href="#sSpan794" value="true"/>
		<feat xlink:href="#sSpan870" value="true"/>
		<feat xlink:href="#sSpan959" value="true"/>
		<feat xlink:href="#sSpan1095" value="true"/>
		<feat xlink:href="#sSpan1302" value="true"/>
		<feat xlink:href="#sSpan1424" value="true"/>
		<feat xlink:href="#sSpan1587" value="true"/>
		<feat xlink:href="#sSpan1725" value="true"/>
		<feat xlink:href="#sSpan2245" value="true"/>
		<feat xlink:href="#sSpan2305" value="true"/>
		<feat xlink:href="#sSpan2806" value="true"/>
		<feat xlink:href="#sSpan2847" value="true"/>
		<feat xlink:href="#sSpan2899" value="true"/>
		<feat xlink:href="#sSpan2976" value="true"/>
		<feat xlink:href="#sSpan3061" value="true"/>
		<feat xlink:href="#sSpan3171" value="true"/>
		<feat xlink:href="#sSpan3244" value="true"/>
		<feat xlink:href="#sSpan3367" value="true"/>
		<feat xlink:href="#sSpan3480" value="true"/>
		<feat xlink:href="#sSpan3510" value="true"/>
		<feat xlink:href="#sSpan3678" value="true"/>
		<feat xlink:href="#sSpan3814" value="true"/>
		<feat xlink:href="#sSpan4179" value="true"/>
		<feat xlink:href="#sSpan4420" value="true"/>
		<feat xlink:href="#sSpan4625" value="true"/>
		<feat xlink:href="#sSpan4644" value="true"/></featList></paula>