<?xml version='1.0' encoding='UTF-8'?><!DOCTYPE paula SYSTEM "paula_feat.dtd">
<paula version="1.1">
	<header paula_id="scriptorium.AP.004.poemen.65.mark_norm_group"/>
	<featList xmlns:xlink="http://www.w3.org/1999/xlink" type="norm_group" xml:base="scriptorium.AP.004.poemen.65.mark.xml">
		<feat xlink:href="#sSpan4" value="ⲁϥϫⲟⲟⲥ"/>
		<feat xlink:href="#sSpan21" value="ⲛϭⲓⲁⲡⲁ"/>
		<feat xlink:href="#sSpan29" value="ⲡⲟⲓⲙⲏⲛ"/>
		<feat xlink:href="#sSpan35" value="."/>
		<feat xlink:href="#sSpan39" value="ϫⲉⲁⲟⲩⲥⲟⲛ"/>
		<feat xlink:href="#sSpan50" value="ϫⲟⲟⲥ"/>
		<feat xlink:href="#sSpan57" value="ⲛⲁⲡⲁ"/>
		<feat xlink:href="#sSpan64" value="ⲡⲁⲏⲥⲉ"/>
		<feat xlink:href="#sSpan69" value="."/>
		<feat xlink:href="#sSpan73" value="ϫⲉⲉⲓⲛⲁⲣⲟⲩ"/>
		<feat xlink:href="#sSpan89" value="ⲙⲡⲁϩⲏⲧ"/>
		<feat xlink:href="#sSpan97" value="ⲉϥⲛⲁϣⲧ"/>
		<feat xlink:href="#sSpan107" value="."/>
		<feat xlink:href="#sSpan111" value="ⲛϯⲣϩⲟⲧⲉ"/>
		<feat xlink:href="#sSpan124" value="ⲁⲛ"/>
		<feat xlink:href="#sSpan128" value="ⲛϩⲏⲧϥ"/>
		<feat xlink:href="#sSpan135" value="ⲙⲡⲛⲟⲩⲧⲉ"/>
		<feat xlink:href="#sSpan144" value="."/>
		<feat xlink:href="#sSpan149" value="ⲡⲉϫⲁϥ"/>
		<feat xlink:href="#sSpan159" value="ⲛⲁϥ"/>
		<feat xlink:href="#sSpan165" value="ϫⲉⲃⲱⲕ"/>
		<feat xlink:href="#sSpan172" value="ⲛⲅⲧⲟϭⲕ"/>
		<feat xlink:href="#sSpan183" value="ⲉⲩⲥⲟⲛ"/>
		<feat xlink:href="#sSpan191" value="ⲉϥⲣϩⲟⲧⲉ"/>
		<feat xlink:href="#sSpan201" value="ⲛϩⲏⲧϥ"/>
		<feat xlink:href="#sSpan208" value="ⲙⲡⲛⲟⲩⲧⲉ"/>
		<feat xlink:href="#sSpan217" value="ⲁⲩⲱ"/>
		<feat xlink:href="#sSpan224" value="ⲉⲃⲟⲗ"/>
		<feat xlink:href="#sSpan228" value="ϩⲛⲧⲙⲛⲧⲣⲉϥⲣϩⲟⲧⲉ"/>
		<feat xlink:href="#sSpan243" value="ⲙⲡⲉⲧⲙⲙⲁⲩ"/>
		<feat xlink:href="#sSpan255" value="ⲕⲛⲁⲣϩⲟⲧⲉ"/>
		<feat xlink:href="#sSpan266" value="ϩⲱⲱⲕ"/>
		<feat xlink:href="#sSpan272" value="ⲛϩⲏⲧϥ"/>
		<feat xlink:href="#sSpan281" value="ⲙⲡⲛⲟⲩⲧⲉ"/>
		<feat xlink:href="#sSpan290" value="."/></featList></paula>