<?xml version='1.0' encoding='UTF-8'?><!DOCTYPE paula SYSTEM "paula_feat.dtd">
<paula version="1.1">
	<header paula_id="scriptorium.AP.004.poemen.65.mark_orig_group"/>
	<featList xmlns:xlink="http://www.w3.org/1999/xlink" type="orig_group" xml:base="scriptorium.AP.004.poemen.65.mark.xml">
		<feat xlink:href="#sSpan5" value="Ⲁϥ̇ϫ̇ⲟⲟ̇ⲥ"/>
		<feat xlink:href="#sSpan22" value="ⲛϭⲓ̇ⲁⲡⲁ"/>
		<feat xlink:href="#sSpan30" value="ⲡⲟⲓ̈ⲙⲏⲛ"/>
		<feat xlink:href="#sSpan36" value="·"/>
		<feat xlink:href="#sSpan40" value="ϫⲉⲁ̇ⲟⲩ̇ⲥⲟⲛ"/>
		<feat xlink:href="#sSpan51" value="ϫⲟⲟⲥ"/>
		<feat xlink:href="#sSpan58" value="ⲛⲁⲡⲁ"/>
		<feat xlink:href="#sSpan65" value="ⲡⲁⲏⲥⲉ"/>
		<feat xlink:href="#sSpan70" value="·"/>
		<feat xlink:href="#sSpan74" value="ϫⲉⲉⲓ̇ⲛⲁⲣⲟⲩ"/>
		<feat xlink:href="#sSpan90" value="ⲙ̇ⲡⲁϩⲏⲧ"/>
		<feat xlink:href="#sSpan98" value="ⲉ̇ϥ̇ⲛⲁϣⲧ̇"/>
		<feat xlink:href="#sSpan108" value="."/>
		<feat xlink:href="#sSpan112" value="ⲛ̇ϯ̇ⲣ̇ϩ̇ⲟⲧⲉ"/>
		<feat xlink:href="#sSpan125" value="ⲁⲛ"/>
		<feat xlink:href="#sSpan129" value="ⲛ̇ϩⲏⲧϥ̇"/>
		<feat xlink:href="#sSpan136" value="ⲙ̇ⲡ̇ⲛⲟⲩⲧⲉ"/>
		<feat xlink:href="#sSpan145" value="ⲻ"/>
		<feat xlink:href="#sSpan150" value="Ⲡ̇ⲉϫⲁϥ"/>
		<feat xlink:href="#sSpan160" value="ⲛⲁϥ̇"/>
		<feat xlink:href="#sSpan166" value="ϫⲉⲃⲱⲕ"/>
		<feat xlink:href="#sSpan173" value="ⲛ̄ⲅⲧⲟϭⲕ"/>
		<feat xlink:href="#sSpan184" value="ⲉ̇ⲩⲥⲟⲛ"/>
		<feat xlink:href="#sSpan192" value="ⲉϥⲣϩ̇ⲟⲧⲉ"/>
		<feat xlink:href="#sSpan202" value="ⲛ̇ϩⲏⲧϥ̇"/>
		<feat xlink:href="#sSpan209" value="ⲙ̇ⲡ̇ⲛⲟⲩⲧⲉ"/>
		<feat xlink:href="#sSpan218" value="Ⲁⲩⲱ̇"/>
		<feat xlink:href="#sSpan225" value="ⲉ̇ⲃⲟⲗ"/>
		<feat xlink:href="#sSpan229" value="ϩ̇ⲛ̇ⲧ̇ⲙⲛⲧⲣⲉϥⲣϩⲟⲦⲉ"/>
		<feat xlink:href="#sSpan244" value="ⲙ̇ⲡⲉⲦⲙ̇ⲙⲁⲨ"/>
		<feat xlink:href="#sSpan256" value="ⲕⲛⲁⲣ̇ϩⲟⲧⲉ"/>
		<feat xlink:href="#sSpan267" value="ϩ̇ⲱⲱⲕ"/>
		<feat xlink:href="#sSpan273" value="ⲛ̇ϩⲏⲧϥ̇"/>
		<feat xlink:href="#sSpan282" value="ⲙ̇ⲡ̇ⲛⲟⲩⲧⲉ"/>
		<feat xlink:href="#sSpan291" value="·"/></featList></paula>