<?xml version='1.0' encoding='UTF-8'?><!DOCTYPE paula SYSTEM "paula_feat.dtd">
<paula version="1.1">
	<header paula_id="scriptorium.AP.004.poemen.65.mark_pos"/>
	<featList xmlns:xlink="http://www.w3.org/1999/xlink" type="pos" xml:base="scriptorium.AP.004.poemen.65.mark.xml">
		<feat xlink:href="#sSpan2" value="APST"/>
		<feat xlink:href="#sSpan13" value="PPERS"/>
		<feat xlink:href="#sSpan15" value="V"/>
		<feat xlink:href="#sSpan17" value="PPERO"/>
		<feat xlink:href="#sSpan19" value="PTC"/>
		<feat xlink:href="#sSpan24" value="N"/>
		<feat xlink:href="#sSpan27" value="NPROP"/>
		<feat xlink:href="#sSpan33" value="PUNCT"/>
		<feat xlink:href="#sSpan37" value="CONJ"/>
		<feat xlink:href="#sSpan42" value="APST"/>
		<feat xlink:href="#sSpan44" value="ART"/>
		<feat xlink:href="#sSpan46" value="N"/>
		<feat xlink:href="#sSpan48" value="V"/>
		<feat xlink:href="#sSpan53" value="PPERO"/>
		<feat xlink:href="#sSpan55" value="PREP"/>
		<feat xlink:href="#sSpan60" value="N"/>
		<feat xlink:href="#sSpan62" value="NPROP"/>
		<feat xlink:href="#sSpan67" value="PUNCT"/>
		<feat xlink:href="#sSpan71" value="CONJ"/>
		<feat xlink:href="#sSpan76" value="CCIRC"/>
		<feat xlink:href="#sSpan78" value="PPERS"/>
		<feat xlink:href="#sSpan80" value="FUT"/>
		<feat xlink:href="#sSpan83" value="V"/>
		<feat xlink:href="#sSpan85" value="PPERO"/>
		<feat xlink:href="#sSpan87" value="PREP"/>
		<feat xlink:href="#sSpan91" value="PPOS"/>
		<feat xlink:href="#sSpan93" value="N"/>
		<feat xlink:href="#sSpan95" value="CCIRC"/>
		<feat xlink:href="#sSpan99" value="PPERS"/>
		<feat xlink:href="#sSpan101" value="VSTAT"/>
		<feat xlink:href="#sSpan105" value="PUNCT"/>
		<feat xlink:href="#sSpan109" value="NEG"/>
		<feat xlink:href="#sSpan116" value="PPERS"/>
		<feat xlink:href="#sSpan119" value="V"/>
		<feat xlink:href="#sSpan122" value="NEG"/>
		<feat xlink:href="#sSpan126" value="PREP"/>
		<feat xlink:href="#sSpan131" value="PPERO"/>
		<feat xlink:href="#sSpan133" value="PREP"/>
		<feat xlink:href="#sSpan137" value="ART"/>
		<feat xlink:href="#sSpan139" value="N"/>
		<feat xlink:href="#sSpan142" value="PUNCT"/>
		<feat xlink:href="#sSpan147" value="VBD"/>
		<feat xlink:href="#sSpan155" value="PPERS"/>
		<feat xlink:href="#sSpan157" value="PREP"/>
		<feat xlink:href="#sSpan161" value="PPERO"/>
		<feat xlink:href="#sSpan163" value="CONJ"/>
		<feat xlink:href="#sSpan168" value="V"/>
		<feat xlink:href="#sSpan170" value="ACONJ"/>
		<feat xlink:href="#sSpan174" value="PPERS"/>
		<feat xlink:href="#sSpan176" value="V"/>
		<feat xlink:href="#sSpan179" value="PPERO"/>
		<feat xlink:href="#sSpan181" value="PREP"/>
		<feat xlink:href="#sSpan185" value="ART"/>
		<feat xlink:href="#sSpan187" value="N"/>
		<feat xlink:href="#sSpan189" value="CREL"/>
		<feat xlink:href="#sSpan193" value="PPERS"/>
		<feat xlink:href="#sSpan196" value="V"/>
		<feat xlink:href="#sSpan199" value="PREP"/>
		<feat xlink:href="#sSpan204" value="PPERO"/>
		<feat xlink:href="#sSpan206" value="PREP"/>
		<feat xlink:href="#sSpan210" value="ART"/>
		<feat xlink:href="#sSpan212" value="N"/>
		<feat xlink:href="#sSpan215" value="CONJ"/>
		<feat xlink:href="#sSpan221" value="ADV"/>
		<feat xlink:href="#sSpan226" value="PREP"/>
		<feat xlink:href="#sSpan230" value="ART"/>
		<feat xlink:href="#sSpan233" value="N"/>
		<feat xlink:href="#sSpan241" value="PREP"/>
		<feat xlink:href="#sSpan245" value="ART"/>
		<feat xlink:href="#sSpan247" value="CREL"/>
		<feat xlink:href="#sSpan250" value="ADV"/>
		<feat xlink:href="#sSpan253" value="PPERS"/>
		<feat xlink:href="#sSpan258" value="FUT"/>
		<feat xlink:href="#sSpan261" value="V"/>
		<feat xlink:href="#sSpan264" value="IMOD"/>
		<feat xlink:href="#sSpan268" value="PPERO"/>
		<feat xlink:href="#sSpan270" value="PREP"/>
		<feat xlink:href="#sSpan275" value="N"/>
		<feat xlink:href="#sSpan277" value="PPERO"/>
		<feat xlink:href="#sSpan279" value="PREP"/>
		<feat xlink:href="#sSpan283" value="ART"/>
		<feat xlink:href="#sSpan285" value="N"/>
		<feat xlink:href="#sSpan288" value="PUNCT"/></featList></paula>