<?xml version='1.0' encoding='UTF-8'?><!DOCTYPE paula SYSTEM "paula_rel.dtd">
<paula version="1.1">
	<header paula_id="scriptorium.life.john_kal.01.head"/>
	<relList xmlns:xlink="http://www.w3.org/1999/xlink" type="head">
		<rel id="sPointingRel6625" xlink:href="scriptorium.life.john_kal.01.mark.xml#sSpan4688" target="scriptorium.life.john_kal.01.mark.xml#sSpan4686"/>
		<rel id="sPointingRel6627" xlink:href="scriptorium.life.john_kal.01.mark.xml#sSpan8115" target="scriptorium.life.john_kal.01.mark.xml#sSpan8113"/>
		<rel id="sPointingRel6629" xlink:href="scriptorium.life.john_kal.01.mark.xml#sSpan3115" target="scriptorium.life.john_kal.01.mark.xml#sSpan3117"/>
		<rel id="sPointingRel6631" xlink:href="scriptorium.life.john_kal.01.mark.xml#sSpan8456" target="scriptorium.life.john_kal.01.mark.xml#sSpan8458"/>
		<rel id="sPointingRel6633" xlink:href="scriptorium.life.john_kal.01.mark.xml#sSpan11848" target="scriptorium.life.john_kal.01.mark.xml#sSpan11849"/>
		<rel id="sPointingRel6635" xlink:href="scriptorium.life.john_kal.01.mark.xml#sSpan1230" target="scriptorium.life.john_kal.01.mark.xml#sSpan1232"/>
		<rel id="sPointingRel6637" xlink:href="scriptorium.life.john_kal.01.mark.xml#sSpan6220" target="scriptorium.life.john_kal.01.mark.xml#sSpan6218"/>
		<rel id="sPointingRel6639" xlink:href="scriptorium.life.john_kal.01.mark.xml#sSpan1244" target="scriptorium.life.john_kal.01.mark.xml#sSpan1247"/>
		<rel id="sPointingRel6641" xlink:href="scriptorium.life.john_kal.01.mark.xml#sSpan10018" target="scriptorium.life.john_kal.01.mark.xml#sSpan10014"/>
		<rel id="sPointingRel6643" xlink:href="scriptorium.life.john_kal.01.mark.xml#sSpan918" target="scriptorium.life.john_kal.01.mark.xml#sSpan919"/>
		<rel id="sPointingRel6645" xlink:href="scriptorium.life.john_kal.01.mark.xml#sSpan6177" target="scriptorium.life.john_kal.01.mark.xml#sSpan6175"/>
		<rel id="sPointingRel6647" xlink:href="scriptorium.life.john_kal.01.mark.xml#sSpan5144" target="scriptorium.life.john_kal.01.mark.xml#sSpan5145"/>
		<rel id="sPointingRel6649" xlink:href="scriptorium.life.john_kal.01.mark.xml#sSpan1214" target="scriptorium.life.john_kal.01.mark.xml#sSpan1215"/>
		<rel id="sPointingRel6651" xlink:href="scriptorium.life.john_kal.01.mark.xml#sSpan2380" target="scriptorium.life.john_kal.01.mark.xml#sSpan2381"/>
		<rel id="sPointingRel6653" xlink:href="scriptorium.life.john_kal.01.mark.xml#sSpan7841" target="scriptorium.life.john_kal.01.mark.xml#sSpan7839"/>
		<rel id="sPointingRel6655" xlink:href="scriptorium.life.john_kal.01.mark.xml#sSpan3710" target="scriptorium.life.john_kal.01.mark.xml#sSpan3708"/>
		<rel id="sPointingRel6657" xlink:href="scriptorium.life.john_kal.01.mark.xml#sSpan492" target="scriptorium.life.john_kal.01.mark.xml#sSpan496"/>
		<rel id="sPointingRel6659" xlink:href="scriptorium.life.john_kal.01.mark.xml#sSpan2114" target="scriptorium.life.john_kal.01.mark.xml#sSpan2123"/>
		<rel id="sPointingRel6661" xlink:href="scriptorium.life.john_kal.01.mark.xml#sSpan3731" target="scriptorium.life.john_kal.01.mark.xml#sSpan3729"/>
		<rel id="sPointingRel6663" xlink:href="scriptorium.life.john_kal.01.mark.xml#sSpan11789" target="scriptorium.life.john_kal.01.mark.xml#sSpan11790"/>
		<rel id="sPointingRel6665" xlink:href="scriptorium.life.john_kal.01.mark.xml#sSpan4002" target="scriptorium.life.john_kal.01.mark.xml#sSpan4004"/>
		<rel id="sPointingRel6667" xlink:href="scriptorium.life.john_kal.01.mark.xml#sSpan360" target="scriptorium.life.john_kal.01.mark.xml#sSpan361"/>
		<rel id="sPointingRel6669" xlink:href="scriptorium.life.john_kal.01.mark.xml#sSpan12338" target="scriptorium.life.john_kal.01.mark.xml#sSpan12336"/>
		<rel id="sPointingRel6671" xlink:href="scriptorium.life.john_kal.01.mark.xml#sSpan3363" target="scriptorium.life.john_kal.01.mark.xml#sSpan3361"/>
		<rel id="sPointingRel6673" xlink:href="scriptorium.life.john_kal.01.mark.xml#sSpan1361" target="scriptorium.life.john_kal.01.mark.xml#sSpan1363"/>
		<rel id="sPointingRel6675" xlink:href="scriptorium.life.john_kal.01.mark.xml#sSpan514" target="scriptorium.life.john_kal.01.mark.xml#sSpan512"/>
		<rel id="sPointingRel6677" xlink:href="scriptorium.life.john_kal.01.mark.xml#sSpan5253" target="scriptorium.life.john_kal.01.mark.xml#sSpan5254"/>
		<rel id="sPointingRel6679" xlink:href="scriptorium.life.john_kal.01.mark.xml#sSpan4939" target="scriptorium.life.john_kal.01.mark.xml#sSpan4940"/>
		<rel id="sPointingRel6681" xlink:href="scriptorium.life.john_kal.01.mark.xml#sSpan3663" target="scriptorium.life.john_kal.01.mark.xml#sSpan3661"/>
		<rel id="sPointingRel6683" xlink:href="scriptorium.life.john_kal.01.mark.xml#sSpan1158" target="scriptorium.life.john_kal.01.mark.xml#sSpan1160"/>
		<rel id="sPointingRel6685" xlink:href="scriptorium.life.john_kal.01.mark.xml#sSpan2558" target="scriptorium.life.john_kal.01.mark.xml#sSpan2559"/>
		<rel id="sPointingRel6687" xlink:href="scriptorium.life.john_kal.01.mark.xml#sSpan7296" target="scriptorium.life.john_kal.01.mark.xml#sSpan7297"/>
		<rel id="sPointingRel6689" xlink:href="scriptorium.life.john_kal.01.mark.xml#sSpan7270" target="scriptorium.life.john_kal.01.mark.xml#sSpan7271"/>
		<rel id="sPointingRel6691" xlink:href="scriptorium.life.john_kal.01.mark.xml#sSpan6211" target="scriptorium.life.john_kal.01.mark.xml#sSpan6212"/>
		<rel id="sPointingRel6693" xlink:href="scriptorium.life.john_kal.01.mark.xml#sSpan2057" target="scriptorium.life.john_kal.01.mark.xml#sSpan2059"/>
		<rel id="sPointingRel6695" xlink:href="scriptorium.life.john_kal.01.mark.xml#sSpan11311" target="scriptorium.life.john_kal.01.mark.xml#sSpan11312"/>
		<rel id="sPointingRel6697" xlink:href="scriptorium.life.john_kal.01.mark.xml#sSpan3911" target="scriptorium.life.john_kal.01.mark.xml#sSpan3912"/>
		<rel id="sPointingRel6699" xlink:href="scriptorium.life.john_kal.01.mark.xml#sSpan1912" target="scriptorium.life.john_kal.01.mark.xml#sSpan1914"/>
		<rel id="sPointingRel6701" xlink:href="scriptorium.life.john_kal.01.mark.xml#sSpan2182" target="scriptorium.life.john_kal.01.mark.xml#sSpan2192"/>
		<rel id="sPointingRel6703" xlink:href="scriptorium.life.john_kal.01.mark.xml#sSpan588" target="scriptorium.life.john_kal.01.mark.xml#sSpan593"/>
		<rel id="sPointingRel6705" xlink:href="scriptorium.life.john_kal.01.mark.xml#sSpan8384" target="scriptorium.life.john_kal.01.mark.xml#sSpan8386"/>
		<rel id="sPointingRel6707" xlink:href="scriptorium.life.john_kal.01.mark.xml#sSpan1948" target="scriptorium.life.john_kal.01.mark.xml#sSpan1946"/>
		<rel id="sPointingRel6709" xlink:href="scriptorium.life.john_kal.01.mark.xml#sSpan3498" target="scriptorium.life.john_kal.01.mark.xml#sSpan3500"/>
		<rel id="sPointingRel6711" xlink:href="scriptorium.life.john_kal.01.mark.xml#sSpan7619" target="scriptorium.life.john_kal.01.mark.xml#sSpan7620"/>
		<rel id="sPointingRel6713" xlink:href="scriptorium.life.john_kal.01.mark.xml#sSpan2697" target="scriptorium.life.john_kal.01.mark.xml#sSpan2699"/>
		<rel id="sPointingRel6715" xlink:href="scriptorium.life.john_kal.01.mark.xml#sSpan3268" target="scriptorium.life.john_kal.01.mark.xml#sSpan3269"/>
		<rel id="sPointingRel6717" xlink:href="scriptorium.life.john_kal.01.mark.xml#sSpan4096" target="scriptorium.life.john_kal.01.mark.xml#sSpan4094"/>
		<rel id="sPointingRel6719" xlink:href="scriptorium.life.john_kal.01.mark.xml#sSpan2356" target="scriptorium.life.john_kal.01.mark.xml#sSpan2357"/>
		<rel id="sPointingRel6721" xlink:href="scriptorium.life.john_kal.01.mark.xml#sSpan11600" target="scriptorium.life.john_kal.01.mark.xml#sSpan11601"/>
		<rel id="sPointingRel6723" xlink:href="scriptorium.life.john_kal.01.mark.xml#sSpan978" target="scriptorium.life.john_kal.01.mark.xml#sSpan979"/>
		<rel id="sPointingRel6725" xlink:href="scriptorium.life.john_kal.01.mark.xml#sSpan8429" target="scriptorium.life.john_kal.01.mark.xml#sSpan8427"/>
		<rel id="sPointingRel6727" xlink:href="scriptorium.life.john_kal.01.mark.xml#sSpan5102" target="scriptorium.life.john_kal.01.mark.xml#sSpan5104"/>
		<rel id="sPointingRel6729" xlink:href="scriptorium.life.john_kal.01.mark.xml#sSpan11041" target="scriptorium.life.john_kal.01.mark.xml#sSpan11045"/>
		<rel id="sPointingRel6731" xlink:href="scriptorium.life.john_kal.01.mark.xml#sSpan9294" target="scriptorium.life.john_kal.01.mark.xml#sSpan9301"/>
		<rel id="sPointingRel6733" xlink:href="scriptorium.life.john_kal.01.mark.xml#sSpan4671" target="scriptorium.life.john_kal.01.mark.xml#sSpan4669"/>
		<rel id="sPointingRel6735" xlink:href="scriptorium.life.john_kal.01.mark.xml#sSpan2790" target="scriptorium.life.john_kal.01.mark.xml#sSpan2792"/>
		<rel id="sPointingRel6737" xlink:href="scriptorium.life.john_kal.01.mark.xml#sSpan8305" target="scriptorium.life.john_kal.01.mark.xml#sSpan8306"/>
		<rel id="sPointingRel6739" xlink:href="scriptorium.life.john_kal.01.mark.xml#sSpan3227" target="scriptorium.life.john_kal.01.mark.xml#sSpan3229"/>
		<rel id="sPointingRel6741" xlink:href="scriptorium.life.john_kal.01.mark.xml#sSpan11111" target="scriptorium.life.john_kal.01.mark.xml#sSpan11112"/>
		<rel id="sPointingRel6743" xlink:href="scriptorium.life.john_kal.01.mark.xml#sSpan7321" target="scriptorium.life.john_kal.01.mark.xml#sSpan7322"/>
		<rel id="sPointingRel6745" xlink:href="scriptorium.life.john_kal.01.mark.xml#sSpan1753" target="scriptorium.life.john_kal.01.mark.xml#sSpan1754"/>
		<rel id="sPointingRel6747" xlink:href="scriptorium.life.john_kal.01.mark.xml#sSpan4973" target="scriptorium.life.john_kal.01.mark.xml#sSpan4971"/>
		<rel id="sPointingRel6749" xlink:href="scriptorium.life.john_kal.01.mark.xml#sSpan803" target="scriptorium.life.john_kal.01.mark.xml#sSpan804"/>
		<rel id="sPointingRel6751" xlink:href="scriptorium.life.john_kal.01.mark.xml#sSpan7370" target="scriptorium.life.john_kal.01.mark.xml#sSpan7368"/>
		<rel id="sPointingRel6753" xlink:href="scriptorium.life.john_kal.01.mark.xml#sSpan5909" target="scriptorium.life.john_kal.01.mark.xml#sSpan5912"/>
		<rel id="sPointingRel6755" xlink:href="scriptorium.life.john_kal.01.mark.xml#sSpan1066" target="scriptorium.life.john_kal.01.mark.xml#sSpan1068"/>
		<rel id="sPointingRel6757" xlink:href="scriptorium.life.john_kal.01.mark.xml#sSpan8564" target="scriptorium.life.john_kal.01.mark.xml#sSpan8565"/>
		<rel id="sPointingRel6759" xlink:href="scriptorium.life.john_kal.01.mark.xml#sSpan8078" target="scriptorium.life.john_kal.01.mark.xml#sSpan8084"/>
		<rel id="sPointingRel6761" xlink:href="scriptorium.life.john_kal.01.mark.xml#sSpan11963" target="scriptorium.life.john_kal.01.mark.xml#sSpan11961"/>
		<rel id="sPointingRel6763" xlink:href="scriptorium.life.john_kal.01.mark.xml#sSpan2333" target="scriptorium.life.john_kal.01.mark.xml#sSpan2334"/>
		<rel id="sPointingRel6765" xlink:href="scriptorium.life.john_kal.01.mark.xml#sSpan11504" target="scriptorium.life.john_kal.01.mark.xml#sSpan11502"/>
		<rel id="sPointingRel6767" xlink:href="scriptorium.life.john_kal.01.mark.xml#sSpan6506" target="scriptorium.life.john_kal.01.mark.xml#sSpan6508"/>
		<rel id="sPointingRel6769" xlink:href="scriptorium.life.john_kal.01.mark.xml#sSpan2763" target="scriptorium.life.john_kal.01.mark.xml#sSpan2765"/>
		<rel id="sPointingRel6771" xlink:href="scriptorium.life.john_kal.01.mark.xml#sSpan4265" target="scriptorium.life.john_kal.01.mark.xml#sSpan4263"/>
		<rel id="sPointingRel6773" xlink:href="scriptorium.life.john_kal.01.mark.xml#sSpan8200" target="scriptorium.life.john_kal.01.mark.xml#sSpan8202"/>
		<rel id="sPointingRel6775" xlink:href="scriptorium.life.john_kal.01.mark.xml#sSpan953" target="scriptorium.life.john_kal.01.mark.xml#sSpan954"/>
		<rel id="sPointingRel6777" xlink:href="scriptorium.life.john_kal.01.mark.xml#sSpan5186" target="scriptorium.life.john_kal.01.mark.xml#sSpan5187"/>
		<rel id="sPointingRel6779" xlink:href="scriptorium.life.john_kal.01.mark.xml#sSpan3464" target="scriptorium.life.john_kal.01.mark.xml#sSpan3467"/>
		<rel id="sPointingRel6781" xlink:href="scriptorium.life.john_kal.01.mark.xml#sSpan8183" target="scriptorium.life.john_kal.01.mark.xml#sSpan8181"/>
		<rel id="sPointingRel6783" xlink:href="scriptorium.life.john_kal.01.mark.xml#sSpan9804" target="scriptorium.life.john_kal.01.mark.xml#sSpan9806"/>
		<rel id="sPointingRel6785" xlink:href="scriptorium.life.john_kal.01.mark.xml#sSpan11457" target="scriptorium.life.john_kal.01.mark.xml#sSpan11458"/>
		<rel id="sPointingRel6787" xlink:href="scriptorium.life.john_kal.01.mark.xml#sSpan9476" target="scriptorium.life.john_kal.01.mark.xml#sSpan9474"/>
		<rel id="sPointingRel6789" xlink:href="scriptorium.life.john_kal.01.mark.xml#sSpan1965" target="scriptorium.life.john_kal.01.mark.xml#sSpan1967"/>
		<rel id="sPointingRel6791" xlink:href="scriptorium.life.john_kal.01.mark.xml#sSpan2906" target="scriptorium.life.john_kal.01.mark.xml#sSpan2907"/>
		<rel id="sPointingRel6793" xlink:href="scriptorium.life.john_kal.01.mark.xml#sSpan1440" target="scriptorium.life.john_kal.01.mark.xml#sSpan1443"/>
		<rel id="sPointingRel6795" xlink:href="scriptorium.life.john_kal.01.mark.xml#sSpan10421" target="scriptorium.life.john_kal.01.mark.xml#sSpan10424"/>
		<rel id="sPointingRel6797" xlink:href="scriptorium.life.john_kal.01.mark.xml#sSpan11337" target="scriptorium.life.john_kal.01.mark.xml#sSpan11338"/>
		<rel id="sPointingRel6799" xlink:href="scriptorium.life.john_kal.01.mark.xml#sSpan1868" target="scriptorium.life.john_kal.01.mark.xml#sSpan1870"/>
		<rel id="sPointingRel6801" xlink:href="scriptorium.life.john_kal.01.mark.xml#sSpan4203" target="scriptorium.life.john_kal.01.mark.xml#sSpan4204"/>
		<rel id="sPointingRel6803" xlink:href="scriptorium.life.john_kal.01.mark.xml#sSpan8939" target="scriptorium.life.john_kal.01.mark.xml#sSpan8940"/>
		<rel id="sPointingRel6805" xlink:href="scriptorium.life.john_kal.01.mark.xml#sSpan3021" target="scriptorium.life.john_kal.01.mark.xml#sSpan3022"/>
		<rel id="sPointingRel6807" xlink:href="scriptorium.life.john_kal.01.mark.xml#sSpan11222" target="scriptorium.life.john_kal.01.mark.xml#sSpan11223"/>
		<rel id="sPointingRel6809" xlink:href="scriptorium.life.john_kal.01.mark.xml#sSpan3863" target="scriptorium.life.john_kal.01.mark.xml#sSpan3864"/>
		<rel id="sPointingRel6811" xlink:href="scriptorium.life.john_kal.01.mark.xml#sSpan1522" target="scriptorium.life.john_kal.01.mark.xml#sSpan1520"/>
		<rel id="sPointingRel6813" xlink:href="scriptorium.life.john_kal.01.mark.xml#sSpan11004" target="scriptorium.life.john_kal.01.mark.xml#sSpan11002"/>
		<rel id="sPointingRel6815" xlink:href="scriptorium.life.john_kal.01.mark.xml#sSpan2229" target="scriptorium.life.john_kal.01.mark.xml#sSpan2227"/>
		<rel id="sPointingRel6817" xlink:href="scriptorium.life.john_kal.01.mark.xml#sSpan3146" target="scriptorium.life.john_kal.01.mark.xml#sSpan3149"/>
		<rel id="sPointingRel6819" xlink:href="scriptorium.life.john_kal.01.mark.xml#sSpan559" target="scriptorium.life.john_kal.01.mark.xml#sSpan561"/>
		<rel id="sPointingRel6821" xlink:href="scriptorium.life.john_kal.01.mark.xml#sSpan8226" target="scriptorium.life.john_kal.01.mark.xml#sSpan8227"/>
		<rel id="sPointingRel6823" xlink:href="scriptorium.life.john_kal.01.mark.xml#sSpan9125" target="scriptorium.life.john_kal.01.mark.xml#sSpan9126"/>
		<rel id="sPointingRel6825" xlink:href="scriptorium.life.john_kal.01.mark.xml#sSpan3430" target="scriptorium.life.john_kal.01.mark.xml#sSpan3431"/>
		<rel id="sPointingRel6827" xlink:href="scriptorium.life.john_kal.01.mark.xml#sSpan6913" target="scriptorium.life.john_kal.01.mark.xml#sSpan6915"/>
		<rel id="sPointingRel6829" xlink:href="scriptorium.life.john_kal.01.mark.xml#sSpan752" target="scriptorium.life.john_kal.01.mark.xml#sSpan750"/>
		<rel id="sPointingRel6831" xlink:href="scriptorium.life.john_kal.01.mark.xml#sSpan10374" target="scriptorium.life.john_kal.01.mark.xml#sSpan10372"/>
		<rel id="sPointingRel6833" xlink:href="scriptorium.life.john_kal.01.mark.xml#sSpan854" target="scriptorium.life.john_kal.01.mark.xml#sSpan855"/>
		<rel id="sPointingRel6835" xlink:href="scriptorium.life.john_kal.01.mark.xml#sSpan6077" target="scriptorium.life.john_kal.01.mark.xml#sSpan6078"/>
		<rel id="sPointingRel6837" xlink:href="scriptorium.life.john_kal.01.mark.xml#sSpan1186" target="scriptorium.life.john_kal.01.mark.xml#sSpan1184"/>
		<rel id="sPointingRel6839" xlink:href="scriptorium.life.john_kal.01.mark.xml#sSpan9645" target="scriptorium.life.john_kal.01.mark.xml#sSpan9646"/>
		<rel id="sPointingRel6841" xlink:href="scriptorium.life.john_kal.01.mark.xml#sSpan876" target="scriptorium.life.john_kal.01.mark.xml#sSpan878"/>
		<rel id="sPointingRel6843" xlink:href="scriptorium.life.john_kal.01.mark.xml#sSpan3992" target="scriptorium.life.john_kal.01.mark.xml#sSpan3994"/>
		<rel id="sPointingRel6845" xlink:href="scriptorium.life.john_kal.01.mark.xml#sSpan8466" target="scriptorium.life.john_kal.01.mark.xml#sSpan8467"/>
		<rel id="sPointingRel6847" xlink:href="scriptorium.life.john_kal.01.mark.xml#sSpan2296" target="scriptorium.life.john_kal.01.mark.xml#sSpan2298"/>
		<rel id="sPointingRel6849" xlink:href="scriptorium.life.john_kal.01.mark.xml#sSpan11144" target="scriptorium.life.john_kal.01.mark.xml#sSpan11142"/>
		<rel id="sPointingRel6851" xlink:href="scriptorium.life.john_kal.01.mark.xml#sSpan2389" target="scriptorium.life.john_kal.01.mark.xml#sSpan2387"/>
		<rel id="sPointingRel6853" xlink:href="scriptorium.life.john_kal.01.mark.xml#sSpan11903" target="scriptorium.life.john_kal.01.mark.xml#sSpan11905"/>
		<rel id="sPointingRel6855" xlink:href="scriptorium.life.john_kal.01.mark.xml#sSpan3739" target="scriptorium.life.john_kal.01.mark.xml#sSpan3743"/>
		<rel id="sPointingRel6857" xlink:href="scriptorium.life.john_kal.01.mark.xml#sSpan1510" target="scriptorium.life.john_kal.01.mark.xml#sSpan1512"/>
		<rel id="sPointingRel6859" xlink:href="scriptorium.life.john_kal.01.mark.xml#sSpan8775" target="scriptorium.life.john_kal.01.mark.xml#sSpan8776"/>
		<rel id="sPointingRel6861" xlink:href="scriptorium.life.john_kal.01.mark.xml#sSpan8503" target="scriptorium.life.john_kal.01.mark.xml#sSpan8504"/>
		<rel id="sPointingRel6863" xlink:href="scriptorium.life.john_kal.01.mark.xml#sSpan5527" target="scriptorium.life.john_kal.01.mark.xml#sSpan5523"/>
		<rel id="sPointingRel6865" xlink:href="scriptorium.life.john_kal.01.mark.xml#sSpan666" target="scriptorium.life.john_kal.01.mark.xml#sSpan668"/>
		<rel id="sPointingRel6867" xlink:href="scriptorium.life.john_kal.01.mark.xml#sSpan9563" target="scriptorium.life.john_kal.01.mark.xml#sSpan9565"/>
		<rel id="sPointingRel6869" xlink:href="scriptorium.life.john_kal.01.mark.xml#sSpan12162" target="scriptorium.life.john_kal.01.mark.xml#sSpan12163"/>
		<rel id="sPointingRel6871" xlink:href="scriptorium.life.john_kal.01.mark.xml#sSpan11664" target="scriptorium.life.john_kal.01.mark.xml#sSpan11666"/>
		<rel id="sPointingRel6873" xlink:href="scriptorium.life.john_kal.01.mark.xml#sSpan6694" target="scriptorium.life.john_kal.01.mark.xml#sSpan6696"/>
		<rel id="sPointingRel6875" xlink:href="scriptorium.life.john_kal.01.mark.xml#sSpan9510" target="scriptorium.life.john_kal.01.mark.xml#sSpan9517"/>
		<rel id="sPointingRel6877" xlink:href="scriptorium.life.john_kal.01.mark.xml#sSpan11976" target="scriptorium.life.john_kal.01.mark.xml#sSpan11974"/>
		<rel id="sPointingRel6879" xlink:href="scriptorium.life.john_kal.01.mark.xml#sSpan10121" target="scriptorium.life.john_kal.01.mark.xml#sSpan10122"/>
		<rel id="sPointingRel6881" xlink:href="scriptorium.life.john_kal.01.mark.xml#sSpan11203" target="scriptorium.life.john_kal.01.mark.xml#sSpan11209"/>
		<rel id="sPointingRel6883" xlink:href="scriptorium.life.john_kal.01.mark.xml#sSpan12412" target="scriptorium.life.john_kal.01.mark.xml#sSpan12414"/>
		<rel id="sPointingRel6885" xlink:href="scriptorium.life.john_kal.01.mark.xml#sSpan7069" target="scriptorium.life.john_kal.01.mark.xml#sSpan7070"/>
		<rel id="sPointingRel6887" xlink:href="scriptorium.life.john_kal.01.mark.xml#sSpan11271" target="scriptorium.life.john_kal.01.mark.xml#sSpan11272"/>
		<rel id="sPointingRel6889" xlink:href="scriptorium.life.john_kal.01.mark.xml#sSpan2145" target="scriptorium.life.john_kal.01.mark.xml#sSpan2143"/>
		<rel id="sPointingRel6891" xlink:href="scriptorium.life.john_kal.01.mark.xml#sSpan7663" target="scriptorium.life.john_kal.01.mark.xml#sSpan7664"/>
		<rel id="sPointingRel6893" xlink:href="scriptorium.life.john_kal.01.mark.xml#sSpan3106" target="scriptorium.life.john_kal.01.mark.xml#sSpan3107"/>
		<rel id="sPointingRel6895" xlink:href="scriptorium.life.john_kal.01.mark.xml#sSpan101" target="scriptorium.life.john_kal.01.mark.xml#sSpan99"/>
		<rel id="sPointingRel6897" xlink:href="scriptorium.life.john_kal.01.mark.xml#sSpan3703" target="scriptorium.life.john_kal.01.mark.xml#sSpan3701"/>
		<rel id="sPointingRel6899" xlink:href="scriptorium.life.john_kal.01.mark.xml#sSpan8134" target="scriptorium.life.john_kal.01.mark.xml#sSpan8135"/>
		<rel id="sPointingRel6901" xlink:href="scriptorium.life.john_kal.01.mark.xml#sSpan5001" target="scriptorium.life.john_kal.01.mark.xml#sSpan5002"/>
		<rel id="sPointingRel6903" xlink:href="scriptorium.life.john_kal.01.mark.xml#sSpan9205" target="scriptorium.life.john_kal.01.mark.xml#sSpan9206"/>
		<rel id="sPointingRel6905" xlink:href="scriptorium.life.john_kal.01.mark.xml#sSpan10158" target="scriptorium.life.john_kal.01.mark.xml#sSpan10159"/>
		<rel id="sPointingRel6907" xlink:href="scriptorium.life.john_kal.01.mark.xml#sSpan4167" target="scriptorium.life.john_kal.01.mark.xml#sSpan4165"/>
		<rel id="sPointingRel6909" xlink:href="scriptorium.life.john_kal.01.mark.xml#sSpan8545" target="scriptorium.life.john_kal.01.mark.xml#sSpan8547"/>
		<rel id="sPointingRel6911" xlink:href="scriptorium.life.john_kal.01.mark.xml#sSpan2815" target="scriptorium.life.john_kal.01.mark.xml#sSpan2813"/>
		<rel id="sPointingRel6913" xlink:href="scriptorium.life.john_kal.01.mark.xml#sSpan1034" target="scriptorium.life.john_kal.01.mark.xml#sSpan1032"/>
		<rel id="sPointingRel6915" xlink:href="scriptorium.life.john_kal.01.mark.xml#sSpan5679" target="scriptorium.life.john_kal.01.mark.xml#sSpan5680"/>
		<rel id="sPointingRel6917" xlink:href="scriptorium.life.john_kal.01.mark.xml#sSpan1717" target="scriptorium.life.john_kal.01.mark.xml#sSpan1718"/>
		<rel id="sPointingRel6919" xlink:href="scriptorium.life.john_kal.01.mark.xml#sSpan11589" target="scriptorium.life.john_kal.01.mark.xml#sSpan11590"/>
		<rel id="sPointingRel6921" xlink:href="scriptorium.life.john_kal.01.mark.xml#sSpan1297" target="scriptorium.life.john_kal.01.mark.xml#sSpan1298"/>
		<rel id="sPointingRel6923" xlink:href="scriptorium.life.john_kal.01.mark.xml#sSpan5419" target="scriptorium.life.john_kal.01.mark.xml#sSpan5420"/>
		<rel id="sPointingRel6925" xlink:href="scriptorium.life.john_kal.01.mark.xml#sSpan4860" target="scriptorium.life.john_kal.01.mark.xml#sSpan4862"/>
		<rel id="sPointingRel6927" xlink:href="scriptorium.life.john_kal.01.mark.xml#sSpan11321" target="scriptorium.life.john_kal.01.mark.xml#sSpan11324"/>
		<rel id="sPointingRel6929" xlink:href="scriptorium.life.john_kal.01.mark.xml#sSpan5220" target="scriptorium.life.john_kal.01.mark.xml#sSpan5221"/>
		<rel id="sPointingRel6931" xlink:href="scriptorium.life.john_kal.01.mark.xml#sSpan845" target="scriptorium.life.john_kal.01.mark.xml#sSpan846"/>
		<rel id="sPointingRel6933" xlink:href="scriptorium.life.john_kal.01.mark.xml#sSpan11934" target="scriptorium.life.john_kal.01.mark.xml#sSpan11939"/>
		<rel id="sPointingRel6935" xlink:href="scriptorium.life.john_kal.01.mark.xml#sSpan387" target="scriptorium.life.john_kal.01.mark.xml#sSpan390"/>
		<rel id="sPointingRel6937" xlink:href="scriptorium.life.john_kal.01.mark.xml#sSpan7150" target="scriptorium.life.john_kal.01.mark.xml#sSpan7148"/>
		<rel id="sPointingRel6939" xlink:href="scriptorium.life.john_kal.01.mark.xml#sSpan12002" target="scriptorium.life.john_kal.01.mark.xml#sSpan12003"/>
		<rel id="sPointingRel6941" xlink:href="scriptorium.life.john_kal.01.mark.xml#sSpan8708" target="scriptorium.life.john_kal.01.mark.xml#sSpan8713"/>
		<rel id="sPointingRel6943" xlink:href="scriptorium.life.john_kal.01.mark.xml#sSpan9835" target="scriptorium.life.john_kal.01.mark.xml#sSpan9831"/>
		<rel id="sPointingRel6945" xlink:href="scriptorium.life.john_kal.01.mark.xml#sSpan8097" target="scriptorium.life.john_kal.01.mark.xml#sSpan8098"/>
		<rel id="sPointingRel6947" xlink:href="scriptorium.life.john_kal.01.mark.xml#sSpan9195" target="scriptorium.life.john_kal.01.mark.xml#sSpan9193"/>
		<rel id="sPointingRel6949" xlink:href="scriptorium.life.john_kal.01.mark.xml#sSpan2626" target="scriptorium.life.john_kal.01.mark.xml#sSpan2624"/>
		<rel id="sPointingRel6951" xlink:href="scriptorium.life.john_kal.01.mark.xml#sSpan7610" target="scriptorium.life.john_kal.01.mark.xml#sSpan7611"/>
		<rel id="sPointingRel6953" xlink:href="scriptorium.life.john_kal.01.mark.xml#sSpan6400" target="scriptorium.life.john_kal.01.mark.xml#sSpan6401"/>
		<rel id="sPointingRel6955" xlink:href="scriptorium.life.john_kal.01.mark.xml#sSpan12135" target="scriptorium.life.john_kal.01.mark.xml#sSpan12137"/>
		<rel id="sPointingRel6957" xlink:href="scriptorium.life.john_kal.01.mark.xml#sSpan3800" target="scriptorium.life.john_kal.01.mark.xml#sSpan3801"/>
		<rel id="sPointingRel6959" xlink:href="scriptorium.life.john_kal.01.mark.xml#sSpan9726" target="scriptorium.life.john_kal.01.mark.xml#sSpan9724"/>
		<rel id="sPointingRel6961" xlink:href="scriptorium.life.john_kal.01.mark.xml#sSpan8016" target="scriptorium.life.john_kal.01.mark.xml#sSpan8017"/>
		<rel id="sPointingRel6963" xlink:href="scriptorium.life.john_kal.01.mark.xml#sSpan11983" target="scriptorium.life.john_kal.01.mark.xml#sSpan11985"/>
		<rel id="sPointingRel6965" xlink:href="scriptorium.life.john_kal.01.mark.xml#sSpan5296" target="scriptorium.life.john_kal.01.mark.xml#sSpan5297"/>
		<rel id="sPointingRel6967" xlink:href="scriptorium.life.john_kal.01.mark.xml#sSpan611" target="scriptorium.life.john_kal.01.mark.xml#sSpan616"/>
		<rel id="sPointingRel6969" xlink:href="scriptorium.life.john_kal.01.mark.xml#sSpan2594" target="scriptorium.life.john_kal.01.mark.xml#sSpan2596"/>
		<rel id="sPointingRel6971" xlink:href="scriptorium.life.john_kal.01.mark.xml#sSpan2410" target="scriptorium.life.john_kal.01.mark.xml#sSpan2408"/>
		<rel id="sPointingRel6973" xlink:href="scriptorium.life.john_kal.01.mark.xml#sSpan7174" target="scriptorium.life.john_kal.01.mark.xml#sSpan7175"/>
		<rel id="sPointingRel6975" xlink:href="scriptorium.life.john_kal.01.mark.xml#sSpan8033" target="scriptorium.life.john_kal.01.mark.xml#sSpan8034"/>
		<rel id="sPointingRel6977" xlink:href="scriptorium.life.john_kal.01.mark.xml#sSpan7183" target="scriptorium.life.john_kal.01.mark.xml#sSpan7184"/>
		<rel id="sPointingRel6979" xlink:href="scriptorium.life.john_kal.01.mark.xml#sSpan12246" target="scriptorium.life.john_kal.01.mark.xml#sSpan12248"/>
		<rel id="sPointingRel6981" xlink:href="scriptorium.life.john_kal.01.mark.xml#sSpan9173" target="scriptorium.life.john_kal.01.mark.xml#sSpan9174"/>
		<rel id="sPointingRel6983" xlink:href="scriptorium.life.john_kal.01.mark.xml#sSpan11755" target="scriptorium.life.john_kal.01.mark.xml#sSpan11757"/>
		<rel id="sPointingRel6985" xlink:href="scriptorium.life.john_kal.01.mark.xml#sSpan1693" target="scriptorium.life.john_kal.01.mark.xml#sSpan1691"/>
		<rel id="sPointingRel6987" xlink:href="scriptorium.life.john_kal.01.mark.xml#sSpan1840" target="scriptorium.life.john_kal.01.mark.xml#sSpan1838"/>
		<rel id="sPointingRel6989" xlink:href="scriptorium.life.john_kal.01.mark.xml#sSpan11090" target="scriptorium.life.john_kal.01.mark.xml#sSpan11088"/>
		<rel id="sPointingRel6991" xlink:href="scriptorium.life.john_kal.01.mark.xml#sSpan8993" target="scriptorium.life.john_kal.01.mark.xml#sSpan8995"/>
		<rel id="sPointingRel6993" xlink:href="scriptorium.life.john_kal.01.mark.xml#sSpan11027" target="scriptorium.life.john_kal.01.mark.xml#sSpan11029"/>
		<rel id="sPointingRel6995" xlink:href="scriptorium.life.john_kal.01.mark.xml#sSpan10831" target="scriptorium.life.john_kal.01.mark.xml#sSpan10829"/>
		<rel id="sPointingRel6997" xlink:href="scriptorium.life.john_kal.01.mark.xml#sSpan7482" target="scriptorium.life.john_kal.01.mark.xml#sSpan7480"/>
		<rel id="sPointingRel6999" xlink:href="scriptorium.life.john_kal.01.mark.xml#sSpan4561" target="scriptorium.life.john_kal.01.mark.xml#sSpan4562"/>
		<rel id="sPointingRel7001" xlink:href="scriptorium.life.john_kal.01.mark.xml#sSpan1590" target="scriptorium.life.john_kal.01.mark.xml#sSpan1591"/>
		<rel id="sPointingRel7003" xlink:href="scriptorium.life.john_kal.01.mark.xml#sSpan6612" target="scriptorium.life.john_kal.01.mark.xml#sSpan6610"/>
		<rel id="sPointingRel7005" xlink:href="scriptorium.life.john_kal.01.mark.xml#sSpan6278" target="scriptorium.life.john_kal.01.mark.xml#sSpan6279"/>
		<rel id="sPointingRel7007" xlink:href="scriptorium.life.john_kal.01.mark.xml#sSpan4853" target="scriptorium.life.john_kal.01.mark.xml#sSpan4851"/>
		<rel id="sPointingRel7009" xlink:href="scriptorium.life.john_kal.01.mark.xml#sSpan10693" target="scriptorium.life.john_kal.01.mark.xml#sSpan10695"/>
		<rel id="sPointingRel7011" xlink:href="scriptorium.life.john_kal.01.mark.xml#sSpan9452" target="scriptorium.life.john_kal.01.mark.xml#sSpan9454"/>
		<rel id="sPointingRel7013" xlink:href="scriptorium.life.john_kal.01.mark.xml#sSpan1847" target="scriptorium.life.john_kal.01.mark.xml#sSpan1849"/>
		<rel id="sPointingRel7015" xlink:href="scriptorium.life.john_kal.01.mark.xml#sSpan10359" target="scriptorium.life.john_kal.01.mark.xml#sSpan10366"/>
		<rel id="sPointingRel7017" xlink:href="scriptorium.life.john_kal.01.mark.xml#sSpan2541" target="scriptorium.life.john_kal.01.mark.xml#sSpan2539"/>
		<rel id="sPointingRel7019" xlink:href="scriptorium.life.john_kal.01.mark.xml#sSpan7223" target="scriptorium.life.john_kal.01.mark.xml#sSpan7224"/>
		<rel id="sPointingRel7021" xlink:href="scriptorium.life.john_kal.01.mark.xml#sSpan11889" target="scriptorium.life.john_kal.01.mark.xml#sSpan11891"/>
		<rel id="sPointingRel7023" xlink:href="scriptorium.life.john_kal.01.mark.xml#sSpan3077" target="scriptorium.life.john_kal.01.mark.xml#sSpan3078"/>
		<rel id="sPointingRel7025" xlink:href="scriptorium.life.john_kal.01.mark.xml#sSpan10479" target="scriptorium.life.john_kal.01.mark.xml#sSpan10476"/>
		<rel id="sPointingRel7027" xlink:href="scriptorium.life.john_kal.01.mark.xml#sSpan4476" target="scriptorium.life.john_kal.01.mark.xml#sSpan4477"/>
		<rel id="sPointingRel7029" xlink:href="scriptorium.life.john_kal.01.mark.xml#sSpan7060" target="scriptorium.life.john_kal.01.mark.xml#sSpan7061"/>
		<rel id="sPointingRel7031" xlink:href="scriptorium.life.john_kal.01.mark.xml#sSpan6823" target="scriptorium.life.john_kal.01.mark.xml#sSpan6824"/>
		<rel id="sPointingRel7033" xlink:href="scriptorium.life.john_kal.01.mark.xml#sSpan10331" target="scriptorium.life.john_kal.01.mark.xml#sSpan10332"/>
		<rel id="sPointingRel7035" xlink:href="scriptorium.life.john_kal.01.mark.xml#sSpan7207" target="scriptorium.life.john_kal.01.mark.xml#sSpan7205"/>
		<rel id="sPointingRel7037" xlink:href="scriptorium.life.john_kal.01.mark.xml#sSpan1700" target="scriptorium.life.john_kal.01.mark.xml#sSpan1701"/>
		<rel id="sPointingRel7039" xlink:href="scriptorium.life.john_kal.01.mark.xml#sSpan2987" target="scriptorium.life.john_kal.01.mark.xml#sSpan2989"/>
		<rel id="sPointingRel7041" xlink:href="scriptorium.life.john_kal.01.mark.xml#sSpan4061" target="scriptorium.life.john_kal.01.mark.xml#sSpan4059"/>
		<rel id="sPointingRel7043" xlink:href="scriptorium.life.john_kal.01.mark.xml#sSpan685" target="scriptorium.life.john_kal.01.mark.xml#sSpan691"/>
		<rel id="sPointingRel7045" xlink:href="scriptorium.life.john_kal.01.mark.xml#sSpan10288" target="scriptorium.life.john_kal.01.mark.xml#sSpan10286"/>
		<rel id="sPointingRel7047" xlink:href="scriptorium.life.john_kal.01.mark.xml#sSpan5489" target="scriptorium.life.john_kal.01.mark.xml#sSpan5490"/>
		<rel id="sPointingRel7049" xlink:href="scriptorium.life.john_kal.01.mark.xml#sSpan5093" target="scriptorium.life.john_kal.01.mark.xml#sSpan5094"/>
		<rel id="sPointingRel7051" xlink:href="scriptorium.life.john_kal.01.mark.xml#sSpan7761" target="scriptorium.life.john_kal.01.mark.xml#sSpan7763"/>
		<rel id="sPointingRel7053" xlink:href="scriptorium.life.john_kal.01.mark.xml#sSpan9502" target="scriptorium.life.john_kal.01.mark.xml#sSpan9500"/>
		<rel id="sPointingRel7055" xlink:href="scriptorium.life.john_kal.01.mark.xml#sSpan8659" target="scriptorium.life.john_kal.01.mark.xml#sSpan8660"/>
		<rel id="sPointingRel7057" xlink:href="scriptorium.life.john_kal.01.mark.xml#sSpan8701" target="scriptorium.life.john_kal.01.mark.xml#sSpan8699"/>
		<rel id="sPointingRel7059" xlink:href="scriptorium.life.john_kal.01.mark.xml#sSpan7527" target="scriptorium.life.john_kal.01.mark.xml#sSpan7528"/>
		<rel id="sPointingRel7061" xlink:href="scriptorium.life.john_kal.01.mark.xml#sSpan10616" target="scriptorium.life.john_kal.01.mark.xml#sSpan10617"/>
		<rel id="sPointingRel7063" xlink:href="scriptorium.life.john_kal.01.mark.xml#sSpan1567" target="scriptorium.life.john_kal.01.mark.xml#sSpan1568"/>
		<rel id="sPointingRel7065" xlink:href="scriptorium.life.john_kal.01.mark.xml#sSpan6848" target="scriptorium.life.john_kal.01.mark.xml#sSpan6849"/>
		<rel id="sPointingRel7067" xlink:href="scriptorium.life.john_kal.01.mark.xml#sSpan8588" target="scriptorium.life.john_kal.01.mark.xml#sSpan8589"/>
		<rel id="sPointingRel7069" xlink:href="scriptorium.life.john_kal.01.mark.xml#sSpan6343" target="scriptorium.life.john_kal.01.mark.xml#sSpan6341"/>
		<rel id="sPointingRel7071" xlink:href="scriptorium.life.john_kal.01.mark.xml#sSpan11724" target="scriptorium.life.john_kal.01.mark.xml#sSpan11722"/>
		<rel id="sPointingRel7073" xlink:href="scriptorium.life.john_kal.01.mark.xml#sSpan10180" target="scriptorium.life.john_kal.01.mark.xml#sSpan10182"/>
		<rel id="sPointingRel7075" xlink:href="scriptorium.life.john_kal.01.mark.xml#sSpan1404" target="scriptorium.life.john_kal.01.mark.xml#sSpan1405"/>
		<rel id="sPointingRel7077" xlink:href="scriptorium.life.john_kal.01.mark.xml#sSpan4586" target="scriptorium.life.john_kal.01.mark.xml#sSpan4587"/>
		<rel id="sPointingRel7079" xlink:href="scriptorium.life.john_kal.01.mark.xml#sSpan306" target="scriptorium.life.john_kal.01.mark.xml#sSpan307"/>
		<rel id="sPointingRel7081" xlink:href="scriptorium.life.john_kal.01.mark.xml#sSpan4991" target="scriptorium.life.john_kal.01.mark.xml#sSpan4993"/>
		<rel id="sPointingRel7083" xlink:href="scriptorium.life.john_kal.01.mark.xml#sSpan6974" target="scriptorium.life.john_kal.01.mark.xml#sSpan6972"/>
		<rel id="sPointingRel7085" xlink:href="scriptorium.life.john_kal.01.mark.xml#sSpan4528" target="scriptorium.life.john_kal.01.mark.xml#sSpan4529"/>
		<rel id="sPointingRel7087" xlink:href="scriptorium.life.john_kal.01.mark.xml#sSpan11152" target="scriptorium.life.john_kal.01.mark.xml#sSpan11149"/>
		<rel id="sPointingRel7089" xlink:href="scriptorium.life.john_kal.01.mark.xml#sSpan4351" target="scriptorium.life.john_kal.01.mark.xml#sSpan4352"/>
		<rel id="sPointingRel7091" xlink:href="scriptorium.life.john_kal.01.mark.xml#sSpan4421" target="scriptorium.life.john_kal.01.mark.xml#sSpan4428"/>
		<rel id="sPointingRel7093" xlink:href="scriptorium.life.john_kal.01.mark.xml#sSpan5510" target="scriptorium.life.john_kal.01.mark.xml#sSpan5513"/>
		<rel id="sPointingRel7095" xlink:href="scriptorium.life.john_kal.01.mark.xml#sSpan3349" target="scriptorium.life.john_kal.01.mark.xml#sSpan3350"/>
		<rel id="sPointingRel7097" xlink:href="scriptorium.life.john_kal.01.mark.xml#sSpan11682" target="scriptorium.life.john_kal.01.mark.xml#sSpan11688"/>
		<rel id="sPointingRel7099" xlink:href="scriptorium.life.john_kal.01.mark.xml#sSpan4704" target="scriptorium.life.john_kal.01.mark.xml#sSpan4705"/>
		<rel id="sPointingRel7101" xlink:href="scriptorium.life.john_kal.01.mark.xml#sSpan11675" target="scriptorium.life.john_kal.01.mark.xml#sSpan11673"/>
		<rel id="sPointingRel7103" xlink:href="scriptorium.life.john_kal.01.mark.xml#sSpan5505" target="scriptorium.life.john_kal.01.mark.xml#sSpan5506"/>
		<rel id="sPointingRel7105" xlink:href="scriptorium.life.john_kal.01.mark.xml#sSpan11651" target="scriptorium.life.john_kal.01.mark.xml#sSpan11653"/>
		<rel id="sPointingRel7107" xlink:href="scriptorium.life.john_kal.01.mark.xml#sSpan11838" target="scriptorium.life.john_kal.01.mark.xml#sSpan11839"/>
		<rel id="sPointingRel7109" xlink:href="scriptorium.life.john_kal.01.mark.xml#sSpan1149" target="scriptorium.life.john_kal.01.mark.xml#sSpan1150"/>
		<rel id="sPointingRel7111" xlink:href="scriptorium.life.john_kal.01.mark.xml#sSpan9092" target="scriptorium.life.john_kal.01.mark.xml#sSpan9093"/>
		<rel id="sPointingRel7113" xlink:href="scriptorium.life.john_kal.01.mark.xml#sSpan3949" target="scriptorium.life.john_kal.01.mark.xml#sSpan3950"/>
		<rel id="sPointingRel7115" xlink:href="scriptorium.life.john_kal.01.mark.xml#sSpan12044" target="scriptorium.life.john_kal.01.mark.xml#sSpan12052"/>
		<rel id="sPointingRel7117" xlink:href="scriptorium.life.john_kal.01.mark.xml#sSpan504" target="scriptorium.life.john_kal.01.mark.xml#sSpan505"/>
		<rel id="sPointingRel7119" xlink:href="scriptorium.life.john_kal.01.mark.xml#sSpan12358" target="scriptorium.life.john_kal.01.mark.xml#sSpan12356"/>
		<rel id="sPointingRel7121" xlink:href="scriptorium.life.john_kal.01.mark.xml#sSpan5796" target="scriptorium.life.john_kal.01.mark.xml#sSpan5799"/>
		<rel id="sPointingRel7123" xlink:href="scriptorium.life.john_kal.01.mark.xml#sSpan895" target="scriptorium.life.john_kal.01.mark.xml#sSpan896"/>
		<rel id="sPointingRel7125" xlink:href="scriptorium.life.john_kal.01.mark.xml#sSpan676" target="scriptorium.life.john_kal.01.mark.xml#sSpan677"/>
		<rel id="sPointingRel7127" xlink:href="scriptorium.life.john_kal.01.mark.xml#sSpan4280" target="scriptorium.life.john_kal.01.mark.xml#sSpan4281"/>
		<rel id="sPointingRel7129" xlink:href="scriptorium.life.john_kal.01.mark.xml#sSpan3340" target="scriptorium.life.john_kal.01.mark.xml#sSpan3341"/>
		<rel id="sPointingRel7131" xlink:href="scriptorium.life.john_kal.01.mark.xml#sSpan6888" target="scriptorium.life.john_kal.01.mark.xml#sSpan6886"/>
		<rel id="sPointingRel7133" xlink:href="scriptorium.life.john_kal.01.mark.xml#sSpan8837" target="scriptorium.life.john_kal.01.mark.xml#sSpan8839"/>
		<rel id="sPointingRel7135" xlink:href="scriptorium.life.john_kal.01.mark.xml#sSpan4888" target="scriptorium.life.john_kal.01.mark.xml#sSpan4886"/>
		<rel id="sPointingRel7137" xlink:href="scriptorium.life.john_kal.01.mark.xml#sSpan2837" target="scriptorium.life.john_kal.01.mark.xml#sSpan2838"/>
		<rel id="sPointingRel7139" xlink:href="scriptorium.life.john_kal.01.mark.xml#sSpan11578" target="scriptorium.life.john_kal.01.mark.xml#sSpan11580"/>
		<rel id="sPointingRel7141" xlink:href="scriptorium.life.john_kal.01.mark.xml#sSpan7994" target="scriptorium.life.john_kal.01.mark.xml#sSpan7992"/>
		<rel id="sPointingRel7143" xlink:href="scriptorium.life.john_kal.01.mark.xml#sSpan3250" target="scriptorium.life.john_kal.01.mark.xml#sSpan3251"/>
		<rel id="sPointingRel7145" xlink:href="scriptorium.life.john_kal.01.mark.xml#sSpan8629" target="scriptorium.life.john_kal.01.mark.xml#sSpan8630"/>
		<rel id="sPointingRel7147" xlink:href="scriptorium.life.john_kal.01.mark.xml#sSpan8766" target="scriptorium.life.john_kal.01.mark.xml#sSpan8767"/>
		<rel id="sPointingRel7149" xlink:href="scriptorium.life.john_kal.01.mark.xml#sSpan1986" target="scriptorium.life.john_kal.01.mark.xml#sSpan1990"/>
		<rel id="sPointingRel7151" xlink:href="scriptorium.life.john_kal.01.mark.xml#sSpan209" target="scriptorium.life.john_kal.01.mark.xml#sSpan211"/>
		<rel id="sPointingRel7153" xlink:href="scriptorium.life.john_kal.01.mark.xml#sSpan9900" target="scriptorium.life.john_kal.01.mark.xml#sSpan9902"/>
		<rel id="sPointingRel7155" xlink:href="scriptorium.life.john_kal.01.mark.xml#sSpan2493" target="scriptorium.life.john_kal.01.mark.xml#sSpan2495"/>
		<rel id="sPointingRel7157" xlink:href="scriptorium.life.john_kal.01.mark.xml#sSpan12289" target="scriptorium.life.john_kal.01.mark.xml#sSpan12290"/>
		<rel id="sPointingRel7159" xlink:href="scriptorium.life.john_kal.01.mark.xml#sSpan5126" target="scriptorium.life.john_kal.01.mark.xml#sSpan5131"/>
		<rel id="sPointingRel7161" xlink:href="scriptorium.life.john_kal.01.mark.xml#sSpan11080" target="scriptorium.life.john_kal.01.mark.xml#sSpan11082"/>
		<rel id="sPointingRel7163" xlink:href="scriptorium.life.john_kal.01.mark.xml#sSpan12302" target="scriptorium.life.john_kal.01.mark.xml#sSpan12304"/>
		<rel id="sPointingRel7165" xlink:href="scriptorium.life.john_kal.01.mark.xml#sSpan3585" target="scriptorium.life.john_kal.01.mark.xml#sSpan3586"/>
		<rel id="sPointingRel7167" xlink:href="scriptorium.life.john_kal.01.mark.xml#sSpan4456" target="scriptorium.life.john_kal.01.mark.xml#sSpan4454"/>
		<rel id="sPointingRel7169" xlink:href="scriptorium.life.john_kal.01.mark.xml#sSpan1262" target="scriptorium.life.john_kal.01.mark.xml#sSpan1263"/>
		<rel id="sPointingRel7171" xlink:href="scriptorium.life.john_kal.01.mark.xml#sSpan6451" target="scriptorium.life.john_kal.01.mark.xml#sSpan6452"/>
		<rel id="sPointingRel7173" xlink:href="scriptorium.life.john_kal.01.mark.xml#sSpan6488" target="scriptorium.life.john_kal.01.mark.xml#sSpan6489"/>
		<rel id="sPointingRel7175" xlink:href="scriptorium.life.john_kal.01.mark.xml#sSpan11466" target="scriptorium.life.john_kal.01.mark.xml#sSpan11467"/>
		<rel id="sPointingRel7177" xlink:href="scriptorium.life.john_kal.01.mark.xml#sSpan1619" target="scriptorium.life.john_kal.01.mark.xml#sSpan1621"/>
		<rel id="sPointingRel7179" xlink:href="scriptorium.life.john_kal.01.mark.xml#sSpan7363" target="scriptorium.life.john_kal.01.mark.xml#sSpan7361"/>
		<rel id="sPointingRel7181" xlink:href="scriptorium.life.john_kal.01.mark.xml#sSpan5441" target="scriptorium.life.john_kal.01.mark.xml#sSpan5442"/>
		<rel id="sPointingRel7183" xlink:href="scriptorium.life.john_kal.01.mark.xml#sSpan3407" target="scriptorium.life.john_kal.01.mark.xml#sSpan3408"/>
		<rel id="sPointingRel7185" xlink:href="scriptorium.life.john_kal.01.mark.xml#sSpan9337" target="scriptorium.life.john_kal.01.mark.xml#sSpan9335"/>
		<rel id="sPointingRel7187" xlink:href="scriptorium.life.john_kal.01.mark.xml#sSpan24" target="scriptorium.life.john_kal.01.mark.xml#sSpan26"/>
		<rel id="sPointingRel7189" xlink:href="scriptorium.life.john_kal.01.mark.xml#sSpan12153" target="scriptorium.life.john_kal.01.mark.xml#sSpan12154"/>
		<rel id="sPointingRel7191" xlink:href="scriptorium.life.john_kal.01.mark.xml#sSpan2079" target="scriptorium.life.john_kal.01.mark.xml#sSpan2080"/>
		<rel id="sPointingRel7193" xlink:href="scriptorium.life.john_kal.01.mark.xml#sSpan7502" target="scriptorium.life.john_kal.01.mark.xml#sSpan7500"/>
		<rel id="sPointingRel7195" xlink:href="scriptorium.life.john_kal.01.mark.xml#sSpan9048" target="scriptorium.life.john_kal.01.mark.xml#sSpan9049"/>
		<rel id="sPointingRel7197" xlink:href="scriptorium.life.john_kal.01.mark.xml#sSpan1534" target="scriptorium.life.john_kal.01.mark.xml#sSpan1535"/>
		<rel id="sPointingRel7199" xlink:href="scriptorium.life.john_kal.01.mark.xml#sSpan7432" target="scriptorium.life.john_kal.01.mark.xml#sSpan7433"/>
		<rel id="sPointingRel7201" xlink:href="scriptorium.life.john_kal.01.mark.xml#sSpan90" target="scriptorium.life.john_kal.01.mark.xml#sSpan92"/>
		<rel id="sPointingRel7203" xlink:href="scriptorium.life.john_kal.01.mark.xml#sSpan9660" target="scriptorium.life.john_kal.01.mark.xml#sSpan9656"/>
		<rel id="sPointingRel7205" xlink:href="scriptorium.life.john_kal.01.mark.xml#sSpan5278" target="scriptorium.life.john_kal.01.mark.xml#sSpan5282"/>
		<rel id="sPointingRel7207" xlink:href="scriptorium.life.john_kal.01.mark.xml#sSpan9873" target="scriptorium.life.john_kal.01.mark.xml#sSpan9874"/>
		<rel id="sPointingRel7209" xlink:href="scriptorium.life.john_kal.01.mark.xml#sSpan11302" target="scriptorium.life.john_kal.01.mark.xml#sSpan11303"/>
		<rel id="sPointingRel7211" xlink:href="scriptorium.life.john_kal.01.mark.xml#sSpan10817" target="scriptorium.life.john_kal.01.mark.xml#sSpan10819"/>
		<rel id="sPointingRel7213" xlink:href="scriptorium.life.john_kal.01.mark.xml#sSpan9485" target="scriptorium.life.john_kal.01.mark.xml#sSpan9486"/>
		<rel id="sPointingRel7215" xlink:href="scriptorium.life.john_kal.01.mark.xml#sSpan258" target="scriptorium.life.john_kal.01.mark.xml#sSpan261"/>
		<rel id="sPointingRel7217" xlink:href="scriptorium.life.john_kal.01.mark.xml#sSpan8257" target="scriptorium.life.john_kal.01.mark.xml#sSpan8258"/>
		<rel id="sPointingRel7219" xlink:href="scriptorium.life.john_kal.01.mark.xml#sSpan8619" target="scriptorium.life.john_kal.01.mark.xml#sSpan8620"/>
		<rel id="sPointingRel7221" xlink:href="scriptorium.life.john_kal.01.mark.xml#sSpan8650" target="scriptorium.life.john_kal.01.mark.xml#sSpan8651"/>
		<rel id="sPointingRel7223" xlink:href="scriptorium.life.john_kal.01.mark.xml#sSpan12349" target="scriptorium.life.john_kal.01.mark.xml#sSpan12350"/>
		<rel id="sPointingRel7225" xlink:href="scriptorium.life.john_kal.01.mark.xml#sSpan8875" target="scriptorium.life.john_kal.01.mark.xml#sSpan8877"/>
		<rel id="sPointingRel7227" xlink:href="scriptorium.life.john_kal.01.mark.xml#sSpan70" target="scriptorium.life.john_kal.01.mark.xml#sSpan72"/>
		<rel id="sPointingRel7229" xlink:href="scriptorium.life.john_kal.01.mark.xml#sSpan5399" target="scriptorium.life.john_kal.01.mark.xml#sSpan5397"/>
		<rel id="sPointingRel7231" xlink:href="scriptorium.life.john_kal.01.mark.xml#sSpan5613" target="scriptorium.life.john_kal.01.mark.xml#sSpan5614"/>
		<rel id="sPointingRel7233" xlink:href="scriptorium.life.john_kal.01.mark.xml#sSpan10035" target="scriptorium.life.john_kal.01.mark.xml#sSpan10033"/>
		<rel id="sPointingRel7235" xlink:href="scriptorium.life.john_kal.01.mark.xml#sSpan8555" target="scriptorium.life.john_kal.01.mark.xml#sSpan8556"/>
		<rel id="sPointingRel7237" xlink:href="scriptorium.life.john_kal.01.mark.xml#sSpan2801" target="scriptorium.life.john_kal.01.mark.xml#sSpan2803"/>
		<rel id="sPointingRel7239" xlink:href="scriptorium.life.john_kal.01.mark.xml#sSpan4485" target="scriptorium.life.john_kal.01.mark.xml#sSpan4486"/>
		<rel id="sPointingRel7241" xlink:href="scriptorium.life.john_kal.01.mark.xml#sSpan7415" target="scriptorium.life.john_kal.01.mark.xml#sSpan7416"/>
		<rel id="sPointingRel7243" xlink:href="scriptorium.life.john_kal.01.mark.xml#sSpan12386" target="scriptorium.life.john_kal.01.mark.xml#sSpan12384"/>
		<rel id="sPointingRel7245" xlink:href="scriptorium.life.john_kal.01.mark.xml#sSpan5696" target="scriptorium.life.john_kal.01.mark.xml#sSpan5697"/>
		<rel id="sPointingRel7247" xlink:href="scriptorium.life.john_kal.01.mark.xml#sSpan10065" target="scriptorium.life.john_kal.01.mark.xml#sSpan10067"/>
		<rel id="sPointingRel7249" xlink:href="scriptorium.life.john_kal.01.mark.xml#sSpan1727" target="scriptorium.life.john_kal.01.mark.xml#sSpan1728"/>
		<rel id="sPointingRel7251" xlink:href="scriptorium.life.john_kal.01.mark.xml#sSpan1650" target="scriptorium.life.john_kal.01.mark.xml#sSpan1648"/>
		<rel id="sPointingRel7253" xlink:href="scriptorium.life.john_kal.01.mark.xml#sSpan1636" target="scriptorium.life.john_kal.01.mark.xml#sSpan1633"/>
		<rel id="sPointingRel7255" xlink:href="scriptorium.life.john_kal.01.mark.xml#sSpan7280" target="scriptorium.life.john_kal.01.mark.xml#sSpan7278"/>
		<rel id="sPointingRel7257" xlink:href="scriptorium.life.john_kal.01.mark.xml#sSpan2633" target="scriptorium.life.john_kal.01.mark.xml#sSpan2634"/>
		<rel id="sPointingRel7259" xlink:href="scriptorium.life.john_kal.01.mark.xml#sSpan4035" target="scriptorium.life.john_kal.01.mark.xml#sSpan4036"/>
		<rel id="sPointingRel7261" xlink:href="scriptorium.life.john_kal.01.mark.xml#sSpan10635" target="scriptorium.life.john_kal.01.mark.xml#sSpan10633"/>
		<rel id="sPointingRel7263" xlink:href="scriptorium.life.john_kal.01.mark.xml#sSpan400" target="scriptorium.life.john_kal.01.mark.xml#sSpan406"/>
		<rel id="sPointingRel7265" xlink:href="scriptorium.life.john_kal.01.mark.xml#sSpan191" target="scriptorium.life.john_kal.01.mark.xml#sSpan199"/>
		<rel id="sPointingRel7267" xlink:href="scriptorium.life.john_kal.01.mark.xml#sSpan10206" target="scriptorium.life.john_kal.01.mark.xml#sSpan10204"/>
		<rel id="sPointingRel7269" xlink:href="scriptorium.life.john_kal.01.mark.xml#sSpan11231" target="scriptorium.life.john_kal.01.mark.xml#sSpan11237"/>
		<rel id="sPointingRel7271" xlink:href="scriptorium.life.john_kal.01.mark.xml#sSpan5057" target="scriptorium.life.john_kal.01.mark.xml#sSpan5058"/>
		<rel id="sPointingRel7273" xlink:href="scriptorium.life.john_kal.01.mark.xml#sSpan10655" target="scriptorium.life.john_kal.01.mark.xml#sSpan10656"/>
		<rel id="sPointingRel7275" xlink:href="scriptorium.life.john_kal.01.mark.xml#sSpan3822" target="scriptorium.life.john_kal.01.mark.xml#sSpan3820"/>
		<rel id="sPointingRel7277" xlink:href="scriptorium.life.john_kal.01.mark.xml#sSpan4498" target="scriptorium.life.john_kal.01.mark.xml#sSpan4500"/>
		<rel id="sPointingRel7279" xlink:href="scriptorium.life.john_kal.01.mark.xml#sSpan2933" target="scriptorium.life.john_kal.01.mark.xml#sSpan2936"/>
		<rel id="sPointingRel7281" xlink:href="scriptorium.life.john_kal.01.mark.xml#sSpan1557" target="scriptorium.life.john_kal.01.mark.xml#sSpan1558"/>
		<rel id="sPointingRel7283" xlink:href="scriptorium.life.john_kal.01.mark.xml#sSpan1136" target="scriptorium.life.john_kal.01.mark.xml#sSpan1137"/>
		<rel id="sPointingRel7285" xlink:href="scriptorium.life.john_kal.01.mark.xml#sSpan9391" target="scriptorium.life.john_kal.01.mark.xml#sSpan9389"/>
		<rel id="sPointingRel7287" xlink:href="scriptorium.life.john_kal.01.mark.xml#sSpan12060" target="scriptorium.life.john_kal.01.mark.xml#sSpan12062"/>
		<rel id="sPointingRel7289" xlink:href="scriptorium.life.john_kal.01.mark.xml#sSpan4984" target="scriptorium.life.john_kal.01.mark.xml#sSpan4982"/>
		<rel id="sPointingRel7291" xlink:href="scriptorium.life.john_kal.01.mark.xml#sSpan10075" target="scriptorium.life.john_kal.01.mark.xml#sSpan10077"/>
		<rel id="sPointingRel7293" xlink:href="scriptorium.life.john_kal.01.mark.xml#sSpan1279" target="scriptorium.life.john_kal.01.mark.xml#sSpan1281"/>
		<rel id="sPointingRel7295" xlink:href="scriptorium.life.john_kal.01.mark.xml#sSpan6008" target="scriptorium.life.john_kal.01.mark.xml#sSpan6009"/>
		<rel id="sPointingRel7297" xlink:href="scriptorium.life.john_kal.01.mark.xml#sSpan6938" target="scriptorium.life.john_kal.01.mark.xml#sSpan6939"/>
		<rel id="sPointingRel7299" xlink:href="scriptorium.life.john_kal.01.mark.xml#sSpan781" target="scriptorium.life.john_kal.01.mark.xml#sSpan783"/>
		<rel id="sPointingRel7301" xlink:href="scriptorium.life.john_kal.01.mark.xml#sSpan147" target="scriptorium.life.john_kal.01.mark.xml#sSpan149"/>
		<rel id="sPointingRel7303" xlink:href="scriptorium.life.john_kal.01.mark.xml#sSpan11767" target="scriptorium.life.john_kal.01.mark.xml#sSpan11765"/>
		<rel id="sPointingRel7305" xlink:href="scriptorium.life.john_kal.01.mark.xml#sSpan12104" target="scriptorium.life.john_kal.01.mark.xml#sSpan12106"/>
		<rel id="sPointingRel7307" xlink:href="scriptorium.life.john_kal.01.mark.xml#sSpan9864" target="scriptorium.life.john_kal.01.mark.xml#sSpan9860"/>
		<rel id="sPointingRel7309" xlink:href="scriptorium.life.john_kal.01.mark.xml#sSpan7024" target="scriptorium.life.john_kal.01.mark.xml#sSpan7026"/>
		<rel id="sPointingRel7311" xlink:href="scriptorium.life.john_kal.01.mark.xml#sSpan3174" target="scriptorium.life.john_kal.01.mark.xml#sSpan3175"/>
		<rel id="sPointingRel7313" xlink:href="scriptorium.life.john_kal.01.mark.xml#sSpan9717" target="scriptorium.life.john_kal.01.mark.xml#sSpan9718"/>
		<rel id="sPointingRel7315" xlink:href="scriptorium.life.john_kal.01.mark.xml#sSpan8414" target="scriptorium.life.john_kal.01.mark.xml#sSpan8416"/>
		<rel id="sPointingRel7317" xlink:href="scriptorium.life.john_kal.01.mark.xml#sSpan1476" target="scriptorium.life.john_kal.01.mark.xml#sSpan1477"/>
		<rel id="sPointingRel7319" xlink:href="scriptorium.life.john_kal.01.mark.xml#sSpan8512" target="scriptorium.life.john_kal.01.mark.xml#sSpan8510"/>
		<rel id="sPointingRel7321" xlink:href="scriptorium.life.john_kal.01.mark.xml#sSpan2977" target="scriptorium.life.john_kal.01.mark.xml#sSpan2979"/>
		<rel id="sPointingRel7323" xlink:href="scriptorium.life.john_kal.01.mark.xml#sSpan9790" target="scriptorium.life.john_kal.01.mark.xml#sSpan9791"/>
		<rel id="sPointingRel7325" xlink:href="scriptorium.life.john_kal.01.mark.xml#sSpan3417" target="scriptorium.life.john_kal.01.mark.xml#sSpan3415"/>
		<rel id="sPointingRel7327" xlink:href="scriptorium.life.john_kal.01.mark.xml#sSpan1086" target="scriptorium.life.john_kal.01.mark.xml#sSpan1087"/>
		<rel id="sPointingRel7329" xlink:href="scriptorium.life.john_kal.01.mark.xml#sSpan6795" target="scriptorium.life.john_kal.01.mark.xml#sSpan6799"/>
		<rel id="sPointingRel7331" xlink:href="scriptorium.life.john_kal.01.mark.xml#sSpan1129" target="scriptorium.life.john_kal.01.mark.xml#sSpan1127"/>
		<rel id="sPointingRel7333" xlink:href="scriptorium.life.john_kal.01.mark.xml#sSpan3183" target="scriptorium.life.john_kal.01.mark.xml#sSpan3184"/>
		<rel id="sPointingRel7335" xlink:href="scriptorium.life.john_kal.01.mark.xml#sSpan10916" target="scriptorium.life.john_kal.01.mark.xml#sSpan10918"/>
		<rel id="sPointingRel7337" xlink:href="scriptorium.life.john_kal.01.mark.xml#sSpan994" target="scriptorium.life.john_kal.01.mark.xml#sSpan996"/>
		<rel id="sPointingRel7339" xlink:href="scriptorium.life.john_kal.01.mark.xml#sSpan10279" target="scriptorium.life.john_kal.01.mark.xml#sSpan10280"/>
		<rel id="sPointingRel7341" xlink:href="scriptorium.life.john_kal.01.mark.xml#sSpan3375" target="scriptorium.life.john_kal.01.mark.xml#sSpan3373"/>
		<rel id="sPointingRel7343" xlink:href="scriptorium.life.john_kal.01.mark.xml#sSpan7680" target="scriptorium.life.john_kal.01.mark.xml#sSpan7681"/>
		<rel id="sPointingRel7345" xlink:href="scriptorium.life.john_kal.01.mark.xml#sSpan11616" target="scriptorium.life.john_kal.01.mark.xml#sSpan11617"/>
		<rel id="sPointingRel7347" xlink:href="scriptorium.life.john_kal.01.mark.xml#sSpan7245" target="scriptorium.life.john_kal.01.mark.xml#sSpan7243"/>
		<rel id="sPointingRel7349" xlink:href="scriptorium.life.john_kal.01.mark.xml#sSpan6543" target="scriptorium.life.john_kal.01.mark.xml#sSpan6540"/>
		<rel id="sPointingRel7351" xlink:href="scriptorium.life.john_kal.01.mark.xml#sSpan9073" target="scriptorium.life.john_kal.01.mark.xml#sSpan9075"/>
		<rel id="sPointingRel7353" xlink:href="scriptorium.life.john_kal.01.mark.xml#sSpan7690" target="scriptorium.life.john_kal.01.mark.xml#sSpan7691"/>
		<rel id="sPointingRel7355" xlink:href="scriptorium.life.john_kal.01.mark.xml#sSpan3958" target="scriptorium.life.john_kal.01.mark.xml#sSpan3962"/>
		<rel id="sPointingRel7357" xlink:href="scriptorium.life.john_kal.01.mark.xml#sSpan13" target="scriptorium.life.john_kal.01.mark.xml#sSpan11"/>
		<rel id="sPointingRel7359" xlink:href="scriptorium.life.john_kal.01.mark.xml#sSpan10386" target="scriptorium.life.john_kal.01.mark.xml#sSpan10388"/>
		<rel id="sPointingRel7361" xlink:href="scriptorium.life.john_kal.01.mark.xml#sSpan6877" target="scriptorium.life.john_kal.01.mark.xml#sSpan6878"/>
		<rel id="sPointingRel7363" xlink:href="scriptorium.life.john_kal.01.mark.xml#sSpan10536" target="scriptorium.life.john_kal.01.mark.xml#sSpan10538"/>
		<rel id="sPointingRel7365" xlink:href="scriptorium.life.john_kal.01.mark.xml#sSpan8441" target="scriptorium.life.john_kal.01.mark.xml#sSpan8442"/>
		<rel id="sPointingRel7367" xlink:href="scriptorium.life.john_kal.01.mark.xml#sSpan10310" target="scriptorium.life.john_kal.01.mark.xml#sSpan10308"/>
		<rel id="sPointingRel7369" xlink:href="scriptorium.life.john_kal.01.mark.xml#sSpan8322" target="scriptorium.life.john_kal.01.mark.xml#sSpan8319"/>
		<rel id="sPointingRel7371" xlink:href="scriptorium.life.john_kal.01.mark.xml#sSpan11993" target="scriptorium.life.john_kal.01.mark.xml#sSpan11994"/>
		<rel id="sPointingRel7373" xlink:href="scriptorium.life.john_kal.01.mark.xml#sSpan3721" target="scriptorium.life.john_kal.01.mark.xml#sSpan3723"/>
		<rel id="sPointingRel7375" xlink:href="scriptorium.life.john_kal.01.mark.xml#sSpan9814" target="scriptorium.life.john_kal.01.mark.xml#sSpan9816"/>
		<rel id="sPointingRel7377" xlink:href="scriptorium.life.john_kal.01.mark.xml#sSpan10994" target="scriptorium.life.john_kal.01.mark.xml#sSpan10995"/>
		<rel id="sPointingRel7379" xlink:href="scriptorium.life.john_kal.01.mark.xml#sSpan183" target="scriptorium.life.john_kal.01.mark.xml#sSpan181"/>
		<rel id="sPointingRel7381" xlink:href="scriptorium.life.john_kal.01.mark.xml#sSpan12327" target="scriptorium.life.john_kal.01.mark.xml#sSpan12328"/>
		<rel id="sPointingRel7383" xlink:href="scriptorium.life.john_kal.01.mark.xml#sSpan219" target="scriptorium.life.john_kal.01.mark.xml#sSpan221"/>
		<rel id="sPointingRel7385" xlink:href="scriptorium.life.john_kal.01.mark.xml#sSpan446" target="scriptorium.life.john_kal.01.mark.xml#sSpan449"/>
		<rel id="sPointingRel7387" xlink:href="scriptorium.life.john_kal.01.mark.xml#sSpan5559" target="scriptorium.life.john_kal.01.mark.xml#sSpan5561"/>
		<rel id="sPointingRel7389" xlink:href="scriptorium.life.john_kal.01.mark.xml#sSpan4152" target="scriptorium.life.john_kal.01.mark.xml#sSpan4159"/>
		<rel id="sPointingRel7391" xlink:href="scriptorium.life.john_kal.01.mark.xml#sSpan6381" target="scriptorium.life.john_kal.01.mark.xml#sSpan6382"/>
		<rel id="sPointingRel7393" xlink:href="scriptorium.life.john_kal.01.mark.xml#sSpan7305" target="scriptorium.life.john_kal.01.mark.xml#sSpan7312"/>
		<rel id="sPointingRel7395" xlink:href="scriptorium.life.john_kal.01.mark.xml#sSpan7109" target="scriptorium.life.john_kal.01.mark.xml#sSpan7112"/>
		<rel id="sPointingRel7397" xlink:href="scriptorium.life.john_kal.01.mark.xml#sSpan2013" target="scriptorium.life.john_kal.01.mark.xml#sSpan2014"/>
		<rel id="sPointingRel7399" xlink:href="scriptorium.life.john_kal.01.mark.xml#sSpan4801" target="scriptorium.life.john_kal.01.mark.xml#sSpan4804"/>
		<rel id="sPointingRel7401" xlink:href="scriptorium.life.john_kal.01.mark.xml#sSpan8290" target="scriptorium.life.john_kal.01.mark.xml#sSpan8288"/>
		<rel id="sPointingRel7403" xlink:href="scriptorium.life.john_kal.01.mark.xml#sSpan11177" target="scriptorium.life.john_kal.01.mark.xml#sSpan11187"/>
		<rel id="sPointingRel7405" xlink:href="scriptorium.life.john_kal.01.mark.xml#sSpan3891" target="scriptorium.life.john_kal.01.mark.xml#sSpan3903"/>
		<rel id="sPointingRel7407" xlink:href="scriptorium.life.john_kal.01.mark.xml#sSpan6981" target="scriptorium.life.john_kal.01.mark.xml#sSpan6979"/>
		<rel id="sPointingRel7409" xlink:href="scriptorium.life.john_kal.01.mark.xml#sSpan4344" target="scriptorium.life.john_kal.01.mark.xml#sSpan4342"/>
		<rel id="sPointingRel7411" xlink:href="scriptorium.life.john_kal.01.mark.xml#sSpan6557" target="scriptorium.life.john_kal.01.mark.xml#sSpan6555"/>
		<rel id="sPointingRel7413" xlink:href="scriptorium.life.john_kal.01.mark.xml#sSpan8759" target="scriptorium.life.john_kal.01.mark.xml#sSpan8757"/>
		<rel id="sPointingRel7415" xlink:href="scriptorium.life.john_kal.01.mark.xml#sSpan4783" target="scriptorium.life.john_kal.01.mark.xml#sSpan4779"/>
		<rel id="sPointingRel7417" xlink:href="scriptorium.life.john_kal.01.mark.xml#sSpan10797" target="scriptorium.life.john_kal.01.mark.xml#sSpan10800"/>
		<rel id="sPointingRel7419" xlink:href="scriptorium.life.john_kal.01.mark.xml#sSpan5412" target="scriptorium.life.john_kal.01.mark.xml#sSpan5410"/>
		<rel id="sPointingRel7421" xlink:href="scriptorium.life.john_kal.01.mark.xml#sSpan5647" target="scriptorium.life.john_kal.01.mark.xml#sSpan5645"/>
		<rel id="sPointingRel7423" xlink:href="scriptorium.life.john_kal.01.mark.xml#sSpan5112" target="scriptorium.life.john_kal.01.mark.xml#sSpan5110"/>
		<rel id="sPointingRel7425" xlink:href="scriptorium.life.john_kal.01.mark.xml#sSpan9554" target="scriptorium.life.john_kal.01.mark.xml#sSpan9555"/>
		<rel id="sPointingRel7427" xlink:href="scriptorium.life.john_kal.01.mark.xml#sSpan8815" target="scriptorium.life.john_kal.01.mark.xml#sSpan8813"/>
		<rel id="sPointingRel7429" xlink:href="scriptorium.life.john_kal.01.mark.xml#sSpan10664" target="scriptorium.life.john_kal.01.mark.xml#sSpan10662"/>
		<rel id="sPointingRel7431" xlink:href="scriptorium.life.john_kal.01.mark.xml#sSpan9134" target="scriptorium.life.john_kal.01.mark.xml#sSpan9136"/>
		<rel id="sPointingRel7433" xlink:href="scriptorium.life.john_kal.01.mark.xml#sSpan1013" target="scriptorium.life.john_kal.01.mark.xml#sSpan1008"/>
		<rel id="sPointingRel7435" xlink:href="scriptorium.life.john_kal.01.mark.xml#sSpan2209" target="scriptorium.life.john_kal.01.mark.xml#sSpan2207"/>
		<rel id="sPointingRel7437" xlink:href="scriptorium.life.john_kal.01.mark.xml#sSpan5981" target="scriptorium.life.john_kal.01.mark.xml#sSpan5979"/>
		<rel id="sPointingRel7439" xlink:href="scriptorium.life.john_kal.01.mark.xml#sSpan1380" target="scriptorium.life.john_kal.01.mark.xml#sSpan1382"/>
		<rel id="sPointingRel7441" xlink:href="scriptorium.life.john_kal.01.mark.xml#sSpan7442" target="scriptorium.life.john_kal.01.mark.xml#sSpan7449"/>
		<rel id="sPointingRel7443" xlink:href="scriptorium.life.john_kal.01.mark.xml#sSpan12012" target="scriptorium.life.john_kal.01.mark.xml#sSpan12013"/>
		<rel id="sPointingRel7445" xlink:href="scriptorium.life.john_kal.01.mark.xml#sSpan1451" target="scriptorium.life.john_kal.01.mark.xml#sSpan1449"/>
		<rel id="sPointingRel7447" xlink:href="scriptorium.life.john_kal.01.mark.xml#sSpan3216" target="scriptorium.life.john_kal.01.mark.xml#sSpan3218"/>
		<rel id="sPointingRel7449" xlink:href="scriptorium.life.john_kal.01.mark.xml#sSpan1328" target="scriptorium.life.john_kal.01.mark.xml#sSpan1333"/>
		<rel id="sPointingRel7451" xlink:href="scriptorium.life.john_kal.01.mark.xml#sSpan8235" target="scriptorium.life.john_kal.01.mark.xml#sSpan8236"/>
		<rel id="sPointingRel7453" xlink:href="scriptorium.life.john_kal.01.mark.xml#sSpan5450" target="scriptorium.life.john_kal.01.mark.xml#sSpan5452"/>
		<rel id="sPointingRel7455" xlink:href="scriptorium.life.john_kal.01.mark.xml#sSpan8885" target="scriptorium.life.john_kal.01.mark.xml#sSpan8887"/>
		<rel id="sPointingRel7457" xlink:href="scriptorium.life.john_kal.01.mark.xml#sSpan8377" target="scriptorium.life.john_kal.01.mark.xml#sSpan8375"/>
		<rel id="sPointingRel7459" xlink:href="scriptorium.life.john_kal.01.mark.xml#sSpan11102" target="scriptorium.life.john_kal.01.mark.xml#sSpan11098"/>
		<rel id="sPointingRel7461" xlink:href="scriptorium.life.john_kal.01.mark.xml#sSpan9083" target="scriptorium.life.john_kal.01.mark.xml#sSpan9084"/>
		<rel id="sPointingRel7463" xlink:href="scriptorium.life.john_kal.01.mark.xml#sSpan6298" target="scriptorium.life.john_kal.01.mark.xml#sSpan6300"/>
		<rel id="sPointingRel7465" xlink:href="scriptorium.life.john_kal.01.mark.xml#sSpan9435" target="scriptorium.life.john_kal.01.mark.xml#sSpan9436"/>
		<rel id="sPointingRel7467" xlink:href="scriptorium.life.john_kal.01.mark.xml#sSpan2516" target="scriptorium.life.john_kal.01.mark.xml#sSpan2514"/>
		<rel id="sPointingRel7469" xlink:href="scriptorium.life.john_kal.01.mark.xml#sSpan7624" target="scriptorium.life.john_kal.01.mark.xml#sSpan7627"/>
		<rel id="sPointingRel7471" xlink:href="scriptorium.life.john_kal.01.mark.xml#sSpan1496" target="scriptorium.life.john_kal.01.mark.xml#sSpan1494"/>
		<rel id="sPointingRel7473" xlink:href="scriptorium.life.john_kal.01.mark.xml#sSpan927" target="scriptorium.life.john_kal.01.mark.xml#sSpan935"/>
		<rel id="sPointingRel7475" xlink:href="scriptorium.life.john_kal.01.mark.xml#sSpan467" target="scriptorium.life.john_kal.01.mark.xml#sSpan472"/>
		<rel id="sPointingRel7477" xlink:href="scriptorium.life.john_kal.01.mark.xml#sSpan370" target="scriptorium.life.john_kal.01.mark.xml#sSpan368"/>
		<rel id="sPointingRel7479" xlink:href="scriptorium.life.john_kal.01.mark.xml#sSpan9428" target="scriptorium.life.john_kal.01.mark.xml#sSpan9426"/>
		<rel id="sPointingRel7481" xlink:href="scriptorium.life.john_kal.01.mark.xml#sSpan10749" target="scriptorium.life.john_kal.01.mark.xml#sSpan10751"/>
		<rel id="sPointingRel7483" xlink:href="scriptorium.life.john_kal.01.mark.xml#sSpan10562" target="scriptorium.life.john_kal.01.mark.xml#sSpan10564"/>
		<rel id="sPointingRel7485" xlink:href="scriptorium.life.john_kal.01.mark.xml#sSpan7936" target="scriptorium.life.john_kal.01.mark.xml#sSpan7934"/>
		<rel id="sPointingRel7487" xlink:href="scriptorium.life.john_kal.01.mark.xml#sSpan8071" target="scriptorium.life.john_kal.01.mark.xml#sSpan8069"/>
		<rel id="sPointingRel7489" xlink:href="scriptorium.life.john_kal.01.mark.xml#sSpan2877" target="scriptorium.life.john_kal.01.mark.xml#sSpan2875"/>
		<rel id="sPointingRel7491" xlink:href="scriptorium.life.john_kal.01.mark.xml#sSpan7718" target="scriptorium.life.john_kal.01.mark.xml#sSpan7716"/>
		<rel id="sPointingRel7493" xlink:href="scriptorium.life.john_kal.01.mark.xml#sSpan6254" target="scriptorium.life.john_kal.01.mark.xml#sSpan6255"/>
		<rel id="sPointingRel7495" xlink:href="scriptorium.life.john_kal.01.mark.xml#sSpan10763" target="scriptorium.life.john_kal.01.mark.xml#sSpan10770"/>
		<rel id="sPointingRel7497" xlink:href="scriptorium.life.john_kal.01.mark.xml#sSpan128" target="scriptorium.life.john_kal.01.mark.xml#sSpan130"/>
		<rel id="sPointingRel7499" xlink:href="scriptorium.life.john_kal.01.mark.xml#sSpan3679" target="scriptorium.life.john_kal.01.mark.xml#sSpan3680"/>
		<rel id="sPointingRel7501" xlink:href="scriptorium.life.john_kal.01.mark.xml#sSpan8144" target="scriptorium.life.john_kal.01.mark.xml#sSpan8142"/>
		<rel id="sPointingRel7503" xlink:href="scriptorium.life.john_kal.01.mark.xml#sSpan10005" target="scriptorium.life.john_kal.01.mark.xml#sSpan10006"/>
		<rel id="sPointingRel7505" xlink:href="scriptorium.life.john_kal.01.mark.xml#sSpan315" target="scriptorium.life.john_kal.01.mark.xml#sSpan316"/>
		<rel id="sPointingRel7507" xlink:href="scriptorium.life.john_kal.01.mark.xml#sSpan11877" target="scriptorium.life.john_kal.01.mark.xml#sSpan11881"/>
		<rel id="sPointingRel7509" xlink:href="scriptorium.life.john_kal.01.mark.xml#sSpan4297" target="scriptorium.life.john_kal.01.mark.xml#sSpan4295"/>
		<rel id="sPointingRel7511" xlink:href="scriptorium.life.john_kal.01.mark.xml#sSpan6324" target="scriptorium.life.john_kal.01.mark.xml#sSpan6325"/>
		<rel id="sPointingRel7513" xlink:href="scriptorium.life.john_kal.01.mark.xml#sSpan11426" target="scriptorium.life.john_kal.01.mark.xml#sSpan11424"/>
		<rel id="sPointingRel7515" xlink:href="scriptorium.life.john_kal.01.mark.xml#sSpan4720" target="scriptorium.life.john_kal.01.mark.xml#sSpan4722"/>
		<rel id="sPointingRel7517" xlink:href="scriptorium.life.john_kal.01.mark.xml#sSpan570" target="scriptorium.life.john_kal.01.mark.xml#sSpan568"/>
		<rel id="sPointingRel7519" xlink:href="scriptorium.life.john_kal.01.mark.xml#sSpan5779" target="scriptorium.life.john_kal.01.mark.xml#sSpan5780"/>
		<rel id="sPointingRel7521" xlink:href="scriptorium.life.john_kal.01.mark.xml#sSpan3237" target="scriptorium.life.john_kal.01.mark.xml#sSpan3235"/>
		<rel id="sPointingRel7523" xlink:href="scriptorium.life.john_kal.01.mark.xml#sSpan5229" target="scriptorium.life.john_kal.01.mark.xml#sSpan5230"/>
		<rel id="sPointingRel7525" xlink:href="scriptorium.life.john_kal.01.mark.xml#sSpan6147" target="scriptorium.life.john_kal.01.mark.xml#sSpan6148"/>
		<rel id="sPointingRel7527" xlink:href="scriptorium.life.john_kal.01.mark.xml#sSpan4554" target="scriptorium.life.john_kal.01.mark.xml#sSpan4552"/>
		<rel id="sPointingRel7529" xlink:href="scriptorium.life.john_kal.01.mark.xml#sSpan2372" target="scriptorium.life.john_kal.01.mark.xml#sSpan2374"/>
		<rel id="sPointingRel7531" xlink:href="scriptorium.life.john_kal.01.mark.xml#sSpan11634" target="scriptorium.life.john_kal.01.mark.xml#sSpan11635"/>
		<rel id="sPointingRel7533" xlink:href="scriptorium.life.john_kal.01.mark.xml#sSpan7383" target="scriptorium.life.john_kal.01.mark.xml#sSpan7384"/>
		<rel id="sPointingRel7535" xlink:href="scriptorium.life.john_kal.01.mark.xml#sSpan1102" target="scriptorium.life.john_kal.01.mark.xml#sSpan1100"/>
		<rel id="sPointingRel7537" xlink:href="scriptorium.life.john_kal.01.mark.xml#sSpan644" target="scriptorium.life.john_kal.01.mark.xml#sSpan654"/>
		<rel id="sPointingRel7539" xlink:href="scriptorium.life.john_kal.01.mark.xml#sSpan8484" target="scriptorium.life.john_kal.01.mark.xml#sSpan8482"/>
		<rel id="sPointingRel7541" xlink:href="scriptorium.life.john_kal.01.mark.xml#sSpan9623" target="scriptorium.life.john_kal.01.mark.xml#sSpan9626"/>
		<rel id="sPointingRel7543" xlink:href="scriptorium.life.john_kal.01.mark.xml#sSpan540" target="scriptorium.life.john_kal.01.mark.xml#sSpan538"/>
		<rel id="sPointingRel7545" xlink:href="scriptorium.life.john_kal.01.mark.xml#sSpan7831" target="scriptorium.life.john_kal.01.mark.xml#sSpan7832"/>
		<rel id="sPointingRel7547" xlink:href="scriptorium.life.john_kal.01.mark.xml#sSpan11829" target="scriptorium.life.john_kal.01.mark.xml#sSpan11830"/>
		<rel id="sPointingRel7549" xlink:href="scriptorium.life.john_kal.01.mark.xml#sSpan550" target="scriptorium.life.john_kal.01.mark.xml#sSpan551"/>
		<rel id="sPointingRel7551" xlink:href="scriptorium.life.john_kal.01.mark.xml#sSpan5329" target="scriptorium.life.john_kal.01.mark.xml#sSpan5330"/>
		<rel id="sPointingRel7553" xlink:href="scriptorium.life.john_kal.01.mark.xml#sSpan2733" target="scriptorium.life.john_kal.01.mark.xml#sSpan2735"/>
		<rel id="sPointingRel7555" xlink:href="scriptorium.life.john_kal.01.mark.xml#sSpan11256" target="scriptorium.life.john_kal.01.mark.xml#sSpan11258"/>
		<rel id="sPointingRel7557" xlink:href="scriptorium.life.john_kal.01.mark.xml#sSpan2846" target="scriptorium.life.john_kal.01.mark.xml#sSpan2852"/>
		<rel id="sPointingRel7559" xlink:href="scriptorium.life.john_kal.01.mark.xml#sSpan4251" target="scriptorium.life.john_kal.01.mark.xml#sSpan4252"/>
		<rel id="sPointingRel7561" xlink:href="scriptorium.life.john_kal.01.mark.xml#sSpan10468" target="scriptorium.life.john_kal.01.mark.xml#sSpan10470"/>
		<rel id="sPointingRel7563" xlink:href="scriptorium.life.john_kal.01.mark.xml#sSpan8047" target="scriptorium.life.john_kal.01.mark.xml#sSpan8048"/>
		<rel id="sPointingRel7565" xlink:href="scriptorium.life.john_kal.01.mark.xml#sSpan6777" target="scriptorium.life.john_kal.01.mark.xml#sSpan6778"/>
		<rel id="sPointingRel7567" xlink:href="scriptorium.life.john_kal.01.mark.xml#sSpan5245" target="scriptorium.life.john_kal.01.mark.xml#sSpan5243"/>
		<rel id="sPointingRel7569" xlink:href="scriptorium.life.john_kal.01.mark.xml#sSpan1599" target="scriptorium.life.john_kal.01.mark.xml#sSpan1600"/>
		<rel id="sPointingRel7571" xlink:href="scriptorium.life.john_kal.01.mark.xml#sSpan5338" target="scriptorium.life.john_kal.01.mark.xml#sSpan5339"/>
		<rel id="sPointingRel7573" xlink:href="scriptorium.life.john_kal.01.mark.xml#sSpan34" target="scriptorium.life.john_kal.01.mark.xml#sSpan39"/>
		<rel id="sPointingRel7575" xlink:href="scriptorium.life.john_kal.01.mark.xml#sSpan1788" target="scriptorium.life.john_kal.01.mark.xml#sSpan1789"/>
		<rel id="sPointingRel7577" xlink:href="scriptorium.life.john_kal.01.mark.xml#sSpan6904" target="scriptorium.life.john_kal.01.mark.xml#sSpan6905"/>
		<rel id="sPointingRel7579" xlink:href="scriptorium.life.john_kal.01.mark.xml#sSpan6037" target="scriptorium.life.john_kal.01.mark.xml#sSpan6039"/>
		<rel id="sPointingRel7581" xlink:href="scriptorium.life.john_kal.01.mark.xml#sSpan5040" target="scriptorium.life.john_kal.01.mark.xml#sSpan5043"/>
		<rel id="sPointingRel7583" xlink:href="scriptorium.life.john_kal.01.mark.xml#sSpan10842" target="scriptorium.life.john_kal.01.mark.xml#sSpan10844"/>
		<rel id="sPointingRel7585" xlink:href="scriptorium.life.john_kal.01.mark.xml#sSpan7471" target="scriptorium.life.john_kal.01.mark.xml#sSpan7469"/>
		<rel id="sPointingRel7587" xlink:href="scriptorium.life.john_kal.01.mark.xml#sSpan11389" target="scriptorium.life.john_kal.01.mark.xml#sSpan11391"/>
		<rel id="sPointingRel7589" xlink:href="scriptorium.life.john_kal.01.mark.xml#sSpan6736" target="scriptorium.life.john_kal.01.mark.xml#sSpan6737"/>
		<rel id="sPointingRel7591" xlink:href="scriptorium.life.john_kal.01.mark.xml#sSpan7982" target="scriptorium.life.john_kal.01.mark.xml#sSpan7984"/>
		<rel id="sPointingRel7593" xlink:href="scriptorium.life.john_kal.01.mark.xml#sSpan5361" target="scriptorium.life.john_kal.01.mark.xml#sSpan5359"/>
		<rel id="sPointingRel7595" xlink:href="scriptorium.life.john_kal.01.mark.xml#sSpan7555" target="scriptorium.life.john_kal.01.mark.xml#sSpan7556"/>
		<rel id="sPointingRel7597" xlink:href="scriptorium.life.john_kal.01.mark.xml#sSpan5196" target="scriptorium.life.john_kal.01.mark.xml#sSpan5194"/>
		<rel id="sPointingRel7599" xlink:href="scriptorium.life.john_kal.01.mark.xml#sSpan3533" target="scriptorium.life.john_kal.01.mark.xml#sSpan3534"/>
		<rel id="sPointingRel7601" xlink:href="scriptorium.life.john_kal.01.mark.xml#sSpan9799" target="scriptorium.life.john_kal.01.mark.xml#sSpan9797"/>
		<rel id="sPointingRel7603" xlink:href="scriptorium.life.john_kal.01.mark.xml#sSpan5739" target="scriptorium.life.john_kal.01.mark.xml#sSpan5740"/>
		<rel id="sPointingRel7605" xlink:href="scriptorium.life.john_kal.01.mark.xml#sSpan2661" target="scriptorium.life.john_kal.01.mark.xml#sSpan2662"/>
		<rel id="sPointingRel7607" xlink:href="scriptorium.life.john_kal.01.mark.xml#sSpan10927" target="scriptorium.life.john_kal.01.mark.xml#sSpan10934"/>
		<rel id="sPointingRel7609" xlink:href="scriptorium.life.john_kal.01.mark.xml#sSpan737" target="scriptorium.life.john_kal.01.mark.xml#sSpan738"/>
		<rel id="sPointingRel7611" xlink:href="scriptorium.life.john_kal.01.mark.xml#sSpan10550" target="scriptorium.life.john_kal.01.mark.xml#sSpan10548"/>
		<rel id="sPointingRel7613" xlink:href="scriptorium.life.john_kal.01.mark.xml#sSpan7140" target="scriptorium.life.john_kal.01.mark.xml#sSpan7141"/>
		<rel id="sPointingRel7615" xlink:href="scriptorium.life.john_kal.01.mark.xml#sSpan1315" target="scriptorium.life.john_kal.01.mark.xml#sSpan1313"/>
		<rel id="sPointingRel7617" xlink:href="scriptorium.life.john_kal.01.mark.xml#sSpan3068" target="scriptorium.life.john_kal.01.mark.xml#sSpan3069"/>
		<rel id="sPointingRel7619" xlink:href="scriptorium.life.john_kal.01.mark.xml#sSpan5890" target="scriptorium.life.john_kal.01.mark.xml#sSpan5887"/>
		<rel id="sPointingRel7621" xlink:href="scriptorium.life.john_kal.01.mark.xml#sSpan6309" target="scriptorium.life.john_kal.01.mark.xml#sSpan6310"/>
		<rel id="sPointingRel7623" xlink:href="scriptorium.life.john_kal.01.mark.xml#sSpan11530" target="scriptorium.life.john_kal.01.mark.xml#sSpan11531"/>
		<rel id="sPointingRel7625" xlink:href="scriptorium.life.john_kal.01.mark.xml#sSpan10454" target="scriptorium.life.john_kal.01.mark.xml#sSpan10456"/>
		<rel id="sPointingRel7627" xlink:href="scriptorium.life.john_kal.01.mark.xml#sSpan11407" target="scriptorium.life.john_kal.01.mark.xml#sSpan11408"/>
		<rel id="sPointingRel7629" xlink:href="scriptorium.life.john_kal.01.mark.xml#sSpan11569" target="scriptorium.life.john_kal.01.mark.xml#sSpan11570"/>
		<rel id="sPointingRel7631" xlink:href="scriptorium.life.john_kal.01.mark.xml#sSpan6665" target="scriptorium.life.john_kal.01.mark.xml#sSpan6666"/>
		<rel id="sPointingRel7633" xlink:href="scriptorium.life.john_kal.01.mark.xml#sSpan6467" target="scriptorium.life.john_kal.01.mark.xml#sSpan6469"/>
		<rel id="sPointingRel7635" xlink:href="scriptorium.life.john_kal.01.mark.xml#sSpan908" target="scriptorium.life.john_kal.01.mark.xml#sSpan910"/>
		<rel id="sPointingRel7637" xlink:href="scriptorium.life.john_kal.01.mark.xml#sSpan457" target="scriptorium.life.john_kal.01.mark.xml#sSpan459"/>
		<rel id="sPointingRel7639" xlink:href="scriptorium.life.john_kal.01.mark.xml#sSpan5689" target="scriptorium.life.john_kal.01.mark.xml#sSpan5687"/>
		<rel id="sPointingRel7641" xlink:href="scriptorium.life.john_kal.01.mark.xml#sSpan8358" target="scriptorium.life.john_kal.01.mark.xml#sSpan8359"/>
		<rel id="sPointingRel7643" xlink:href="scriptorium.life.john_kal.01.mark.xml#sSpan727" target="scriptorium.life.john_kal.01.mark.xml#sSpan728"/>
		<rel id="sPointingRel7645" xlink:href="scriptorium.life.john_kal.01.mark.xml#sSpan10881" target="scriptorium.life.john_kal.01.mark.xml#sSpan10879"/>
		<rel id="sPointingRel7647" xlink:href="scriptorium.life.john_kal.01.mark.xml#sSpan9923" target="scriptorium.life.john_kal.01.mark.xml#sSpan9924"/>
		<rel id="sPointingRel7649" xlink:href="scriptorium.life.john_kal.01.mark.xml#sSpan9979" target="scriptorium.life.john_kal.01.mark.xml#sSpan9976"/>
		<rel id="sPointingRel7651" xlink:href="scriptorium.life.john_kal.01.mark.xml#sSpan2734" target="scriptorium.life.john_kal.01.mark.xml#sSpan2735"/>
		<rel id="sPointingRel7653" xlink:href="scriptorium.life.john_kal.01.mark.xml#sSpan4915" target="scriptorium.life.john_kal.01.mark.xml#sSpan4917"/>
		<rel id="sPointingRel7655" xlink:href="scriptorium.life.john_kal.01.mark.xml#sSpan481" target="scriptorium.life.john_kal.01.mark.xml#sSpan479"/>
		<rel id="sPointingRel7657" xlink:href="scriptorium.life.john_kal.01.mark.xml#sSpan9602" target="scriptorium.life.john_kal.01.mark.xml#sSpan9603"/>
		<rel id="sPointingRel7659" xlink:href="scriptorium.life.john_kal.01.mark.xml#sSpan159" target="scriptorium.life.john_kal.01.mark.xml#sSpan161"/>
		<rel id="sPointingRel7661" xlink:href="scriptorium.life.john_kal.01.mark.xml#sSpan7601" target="scriptorium.life.john_kal.01.mark.xml#sSpan7602"/>
		<rel id="sPointingRel7663" xlink:href="scriptorium.life.john_kal.01.mark.xml#sSpan3611" target="scriptorium.life.john_kal.01.mark.xml#sSpan3609"/>
		<rel id="sPointingRel7665" xlink:href="scriptorium.life.john_kal.01.mark.xml#sSpan2445" target="scriptorium.life.john_kal.01.mark.xml#sSpan2448"/>
		<rel id="sPointingRel7667" xlink:href="scriptorium.life.john_kal.01.mark.xml#sSpan3672" target="scriptorium.life.john_kal.01.mark.xml#sSpan3670"/>
		<rel id="sPointingRel7669" xlink:href="scriptorium.life.john_kal.01.mark.xml#sSpan12213" target="scriptorium.life.john_kal.01.mark.xml#sSpan12222"/>
		<rel id="sPointingRel7671" xlink:href="scriptorium.life.john_kal.01.mark.xml#sSpan9961" target="scriptorium.life.john_kal.01.mark.xml#sSpan9962"/>
		<rel id="sPointingRel7673" xlink:href="scriptorium.life.john_kal.01.mark.xml#sSpan7910" target="scriptorium.life.john_kal.01.mark.xml#sSpan7906"/>
		<rel id="sPointingRel7675" xlink:href="scriptorium.life.john_kal.01.mark.xml#sSpan2456" target="scriptorium.life.john_kal.01.mark.xml#sSpan2457"/>
		<rel id="sPointingRel7677" xlink:href="scriptorium.life.john_kal.01.mark.xml#sSpan11545" target="scriptorium.life.john_kal.01.mark.xml#sSpan11547"/>
		<rel id="sPointingRel7679" xlink:href="scriptorium.life.john_kal.01.mark.xml#sSpan414" target="scriptorium.life.john_kal.01.mark.xml#sSpan416"/>
		<rel id="sPointingRel7681" xlink:href="scriptorium.life.john_kal.01.mark.xml#sSpan9400" target="scriptorium.life.john_kal.01.mark.xml#sSpan9403"/>
		<rel id="sPointingRel7683" xlink:href="scriptorium.life.john_kal.01.mark.xml#sSpan5988" target="scriptorium.life.john_kal.01.mark.xml#sSpan5990"/>
		<rel id="sPointingRel7685" xlink:href="scriptorium.life.john_kal.01.mark.xml#sSpan2152" target="scriptorium.life.john_kal.01.mark.xml#sSpan2153"/>
		<rel id="sPointingRel7687" xlink:href="scriptorium.life.john_kal.01.mark.xml#sSpan5315" target="scriptorium.life.john_kal.01.mark.xml#sSpan5313"/>
		<rel id="sPointingRel7689" xlink:href="scriptorium.life.john_kal.01.mark.xml#sSpan2425" target="scriptorium.life.john_kal.01.mark.xml#sSpan2427"/>
		<rel id="sPointingRel7691" xlink:href="scriptorium.life.john_kal.01.mark.xml#sSpan11357" target="scriptorium.life.john_kal.01.mark.xml#sSpan11358"/></relList></paula>