<?xml version='1.0' encoding='UTF-8'?><!DOCTYPE paula SYSTEM "paula_feat.dtd">
<paula version="1.1">
	<header paula_id="scriptorium.life.john_kal.01.mark_text"/>
	<featList xmlns:xlink="http://www.w3.org/1999/xlink" type="text" xml:base="scriptorium.life.john_kal.01.mark.xml">
		<feat xlink:href="#sSpan13" value="ⲡⲁⲓ"/>
		<feat xlink:href="#sSpan24" value="ⲡ ⲃⲓⲟⲥ ⲙ ⲡ ⲙⲁⲕⲁⲣⲓⲟⲥ ⲓⲱϩⲁⲛⲛⲏⲥ ⲡ ⲙⲟⲛⲁⲭⲟⲥ ⲛ ⲧⲉⲗⲓⲟⲛ ⲡⲁⲓ ⲛⲧ ⲁ ⲛⲉϥ ⲉⲓⲟⲧⲉ ⲥⲙⲓⲛⲉ ⲛⲁ ϥ ⲙ ⲡ ⲉⲩⲁⲅⲅⲉⲗⲓⲟⲛ ⲛ ⲛⲟⲩⲃ"/>
		<feat xlink:href="#sSpan34" value="ⲡ ⲙⲁⲕⲁⲣⲓⲟⲥ ⲓⲱϩⲁⲛⲛⲏⲥ ⲡ ⲙⲟⲛⲁⲭⲟⲥ ⲛ ⲧⲉⲗⲓⲟⲛ ⲡⲁⲓ ⲛⲧ ⲁ ⲛⲉϥ ⲉⲓⲟⲧⲉ ⲥⲙⲓⲛⲉ ⲛⲁ ϥ ⲙ ⲡ ⲉⲩⲁⲅⲅⲉⲗⲓⲟⲛ ⲛ ⲛⲟⲩⲃ"/>
		<feat xlink:href="#sSpan70" value="ⲛⲉϥ ⲉⲓⲟⲧⲉ"/>
		<feat xlink:href="#sSpan90" value="ⲡ ⲉⲩⲁⲅⲅⲉⲗⲓⲟⲛ ⲛ ⲛⲟⲩⲃ"/>
		<feat xlink:href="#sSpan101" value="ⲛⲟⲩⲃ"/>
		<feat xlink:href="#sSpan129" value="ⲡⲉϥ ⲃⲓⲟⲥ ⲉⲧ ⲛⲁⲛⲟⲩ ϥ"/>
		<feat xlink:href="#sSpan148" value="ⲟⲩ ⲙⲛⲧⲧⲉⲗⲓⲟⲥ"/>
		<feat xlink:href="#sSpan160" value="ⲟⲩ ϩⲩⲡⲟⲙⲟⲛⲏ ⲉ ⲛⲁⲛⲟⲩ ⲥ"/>
		<feat xlink:href="#sSpan184" value="ⲥⲟⲩϥⲧⲟⲟⲩ ⲙ ⲡ ⲉⲃⲟⲧ · ⲙϣⲓⲣ"/>
		<feat xlink:href="#sSpan192" value="ⲡ ⲉⲃⲟⲧ · ⲙϣⲓⲣ"/>
		<feat xlink:href="#sSpan210" value="ⲟⲩ ⲉⲓⲣⲏⲛⲏ ⲛⲧⲉ ⲡ ⲛⲟⲩⲧⲉ"/>
		<feat xlink:href="#sSpan220" value="ⲡ ⲛⲟⲩⲧⲉ"/>
		<feat xlink:href="#sSpan259" value="ⲡⲉⲓ ⲃⲓⲟⲥ"/>
		<feat xlink:href="#sSpan307" value="ⲟⲩ ⲣⲱⲙⲉ ⲛⲧⲉ ⲡ ⲛⲟⲩⲧⲉ ⲡⲉ ⲁⲩⲱ ⲛ ϣⲟⲩ ⲣϣⲡⲏⲣⲉ ⲙⲙⲟ ϥ ⲛⲧ ⲁ ϥ ϣⲱⲡⲉ ϩⲙ ⲡⲉⲛ ⲟⲩⲟⲉⲓϣ"/>
		<feat xlink:href="#sSpan316" value="ⲡ ⲛⲟⲩⲧⲉ"/>
		<feat xlink:href="#sSpan361" value="ⲡⲉⲛ ⲟⲩⲟⲉⲓϣ"/>
		<feat xlink:href="#sSpan371" value="ⲡⲁⲓ"/>
		<feat xlink:href="#sSpan388" value="ⲟⲩ ⲣⲱⲙⲉ"/>
		<feat xlink:href="#sSpan401" value="ⲧ ⲡⲟⲗⲓⲥ ϩⲣⲱⲙⲏ"/>
		<feat xlink:href="#sSpan415" value="ⲟⲩ ⲣⲙⲙⲁⲟ ⲉⲙⲁⲧⲉ"/>
		<feat xlink:href="#sSpan447" value="ⲡ ⲁⲣⲭⲱⲛ ⲛ ⲧ ⲡⲟⲗⲓⲥ"/>
		<feat xlink:href="#sSpan458" value="ⲧ ⲡⲟⲗⲓⲥ"/>
		<feat xlink:href="#sSpan468" value="ⲡⲉϥ ⲣⲁⲛ"/>
		<feat xlink:href="#sSpan482" value="ⲉⲩⲧⲣⲟⲡⲓⲟⲥ"/>
		<feat xlink:href="#sSpan493" value="ⲡ ⲣⲁⲛ ⲛ ⲧⲉϥ ⲥϩⲓⲙⲉ"/>
		<feat xlink:href="#sSpan505" value="ⲧⲉϥ ⲥϩⲓⲙⲉ"/>
		<feat xlink:href="#sSpan515" value="ⲑⲉⲟⲇⲱⲣⲁ"/>
		<feat xlink:href="#sSpan536" value="ⲛ ⲣⲉϥϣⲙϣⲉⲛⲟⲩⲧⲉ"/>
		<feat xlink:href="#sSpan551" value="ⲡⲉ ⲥⲛⲁⲩ"/>
		<feat xlink:href="#sSpan560" value="ⲧⲉⲩ ⲙⲛⲧⲕⲟⲩⲓ"/>
		<feat xlink:href="#sSpan571" value="ⲛⲁⲓ"/>
		<feat xlink:href="#sSpan589" value="ϣⲟⲙⲛⲧ ⲛ ϣⲏⲣⲉ"/>
		<feat xlink:href="#sSpan612" value="ⲡⲉ ⲥⲛⲁⲩ"/>
		<feat xlink:href="#sSpan645" value="ⲟⲩ ⲛⲟϭ ⲛ ⲧⲁⲝⲓⲥ"/>
		<feat xlink:href="#sSpan667" value="ⲡ ⲡⲁⲗⲗⲁϯⲟⲛ ⲛ ⲛ ⲣⲣⲱⲩ"/>
		<feat xlink:href="#sSpan677" value="ⲛ ⲣⲣⲱⲩ"/>
		<feat xlink:href="#sSpan686" value="ⲡ ⲕⲟⲩⲓ"/>
		<feat xlink:href="#sSpan728" value="ⲛⲉ ϩⲃⲏⲩⲉ ⲙ ⲡ ⲛⲟⲩⲧⲉ"/>
		<feat xlink:href="#sSpan738" value="ⲡ ⲛⲟⲩⲧⲉ"/>
		<feat xlink:href="#sSpan753" value="ⲛⲁⲓ"/>
		<feat xlink:href="#sSpan773" value="ⲛ ⲱϣ ⲛ ⲛⲉ ⲥⲭⲟⲗⲁⲥⲧⲓⲕⲟⲥ"/>
		<feat xlink:href="#sSpan783" value="ⲛⲉ ⲥⲭⲟⲗⲁⲥⲧⲓⲕⲟⲥ"/>
		<feat xlink:href="#sSpan805" value="ⲧⲉⲩ ⲙⲏⲏⲧⲉ"/>
		<feat xlink:href="#sSpan846" value="ⲛⲉ ϩⲃⲏⲩⲉ ⲙ ⲡ ⲛⲟⲩⲧⲉ"/>
		<feat xlink:href="#sSpan855" value="ⲡ ⲛⲟⲩⲧⲉ"/>
		<feat xlink:href="#sSpan877" value="ⲧ ⲉⲕⲕⲗⲏⲥⲓⲁ"/>
		<feat xlink:href="#sSpan896" value="ⲡ ⲛⲟⲩⲧⲉ"/>
		<feat xlink:href="#sSpan909" value="ⲡⲉ ϩⲟⲟⲩ"/>
		<feat xlink:href="#sSpan919" value="ⲧⲉ ⲩϣⲏ"/>
		<feat xlink:href="#sSpan928" value="ⲟⲩ ϩⲟⲟⲩ"/>
		<feat xlink:href="#sSpan954" value="ⲟⲩ ϩⲟⲟⲩ"/>
		<feat xlink:href="#sSpan979" value="ⲟⲩ ⲥⲟⲛ ⲙ ⲙⲟⲛⲁⲭⲟⲥ ⲛⲧⲉ ⲧ ⲙⲟⲛⲏ ⲉⲧ ⲥⲁϩⲟⲩⲛ · ⲧⲁⲓ ⲉⲧ ⲟⲩ ⲙⲟⲩⲧⲉ ⲉⲣⲟ ⲥ ϫⲉ ⲛ ⲉⲧⲉ ⲙⲉ ⲩ ⲛⲕⲟⲧⲕ ⲉ ϥ ⲟⲩⲱϣ ⲉ ⲃⲱⲕ ⲉ ⲧ ϩⲓⲉⲣⲟⲩⲥⲁⲗⲏⲙ · ⲉ ϣⲗⲏⲗ ϩⲛ ⲙ ⲙⲁ ⲉⲧ ⲟⲩⲁⲁⲃ"/>
		<feat xlink:href="#sSpan995" value="ⲧ ⲙⲟⲛⲏ ⲉⲧ ⲥⲁϩⲟⲩⲛ · ⲧⲁⲓ ⲉⲧ ⲟⲩ ⲙⲟⲩⲧⲉ ⲉⲣⲟ ⲥ ϫⲉ ⲛ ⲉⲧⲉ ⲙⲉ ⲩ ⲛⲕⲟⲧⲕ"/>
		<feat xlink:href="#sSpan1034" value="ⲛ ⲉⲧⲉ ⲙⲉ ⲩ ⲛⲕⲟⲧⲕ"/>
		<feat xlink:href="#sSpan1066" value="ⲧ ϩⲓⲉⲣⲟⲩⲥⲁⲗⲏⲙ"/>
		<feat xlink:href="#sSpan1086" value="ⲙ ⲙⲁ ⲉⲧ ⲟⲩⲁⲁⲃ"/>
		<feat xlink:href="#sSpan1102" value="ⲡⲁⲓ"/>
		<feat xlink:href="#sSpan1129" value="ⲓⲱϩⲁⲛⲛⲏⲥ"/>
		<feat xlink:href="#sSpan1136" value="ⲡⲉϥ ⲏⲓ"/>
		<feat xlink:href="#sSpan1149" value="ⲡ ϣⲁϫⲉ ⲙ ⲡ ⲛⲟⲩⲧⲉ"/>
		<feat xlink:href="#sSpan1158" value="ⲡ ⲛⲟⲩⲧⲉ"/>
		<feat xlink:href="#sSpan1186" value="ⲓⲱϩⲁⲛⲛⲏⲥ"/>
		<feat xlink:href="#sSpan1214" value="ⲡ ⲥⲟⲛ ⲙ ⲙⲟⲛⲁⲭⲟⲥ"/>
		<feat xlink:href="#sSpan1230" value="ⲡⲉϥ ⲥⲭⲏⲙⲁ"/>
		<feat xlink:href="#sSpan1244" value="ⲧⲉϥ ϭⲓⲛϣⲁϫⲉ ⲉⲧ ϩⲟⲗϭ"/>
		<feat xlink:href="#sSpan1262" value="ⲛⲉϥ ⲙⲉⲉⲩⲉ · ⲉϩⲟⲩⲛ ⲉ ⲡ ⲛⲟⲩⲧⲉ"/>
		<feat xlink:href="#sSpan1279" value="ⲡ ⲛⲟⲩⲧⲉ"/>
		<feat xlink:href="#sSpan1297" value="ⲟⲩ ⲕⲱϩⲧ"/>
		<feat xlink:href="#sSpan1315" value="ⲓⲱϩⲁⲛⲛⲏⲥ"/>
		<feat xlink:href="#sSpan1328" value="ϫⲟⲉⲓⲥ ⲛ ⲉⲓⲱⲧ"/>
		<feat xlink:href="#sSpan1341" value="ⲡⲁ ⲧⲱⲛ"/>
		<feat xlink:href="#sSpan1362" value="ⲡⲉⲕ ⲙⲟⲛⲁⲥⲧⲏⲣⲓⲟⲛ"/>
		<feat xlink:href="#sSpan1381" value="ⲡⲉⲕ ⲙⲟⲛⲁⲥⲧⲏⲣⲓⲟⲛ"/>
		<feat xlink:href="#sSpan1405" value="ⲡ ⲥⲟⲛ ⲙ ⲙⲟⲛⲁⲭⲟⲥ"/>
		<feat xlink:href="#sSpan1441" value="ⲧ ⲙⲟⲛⲏ ⲛ ⲛ ⲉⲧⲉ ⲙⲉ ⲩ ⲛⲕⲟⲧⲕ"/>
		<feat xlink:href="#sSpan1452" value="ⲛ ⲉⲧⲉ ⲙⲉ ⲩ ⲛⲕⲟⲧⲕ"/>
		<feat xlink:href="#sSpan1477" value="ⲡ ⲛⲟⲩⲧⲉ"/>
		<feat xlink:href="#sSpan1510" value="ⲧ ϩⲓⲉⲣⲟⲩⲥⲁⲗⲏⲙ"/>
		<feat xlink:href="#sSpan1533" value="ⲡ ⲙⲁ ⲉⲧ ⲟⲩⲁⲁⲃ"/>
		<feat xlink:href="#sSpan1556" value="ⲡ ⲟⲩⲱϣ ⲙ ⲡ ⲛⲟⲩⲧⲉ"/>
		<feat xlink:href="#sSpan1566" value="ⲡ ⲛⲟⲩⲧⲉ"/>
		<feat xlink:href="#sSpan1589" value="ⲡⲁ ⲙⲁ"/>
		<feat xlink:href="#sSpan1598" value="ⲕⲉ ⲥⲟⲡ"/>
		<feat xlink:href="#sSpan1618" value="ⲡ ⲙⲟⲛⲁⲭⲟⲥ"/>
		<feat xlink:href="#sSpan1635" value="ϩⲱⲃ ⲛⲓⲙ ⲛⲧ ⲁ ⲓⲱϩⲁⲛⲛⲏⲥ ⲧⲁⲙⲟ ϥ ⲉⲧⲃⲏⲏⲧ ϥ"/>
		<feat xlink:href="#sSpan1649" value="ⲓⲱϩⲁⲛⲛⲏⲥ"/>
		<feat xlink:href="#sSpan1692" value="ⲓⲱϩⲁⲛⲛⲏⲥ"/>
		<feat xlink:href="#sSpan1699" value="ⲛⲉⲓ ϣⲁϫⲉ"/>
		<feat xlink:href="#sSpan1716" value="ⲧ ϭⲓϫ ⲙ ⲡ ⲥⲟⲛ ⲙ ⲙⲟⲛⲁⲭⲟⲥ"/>
		<feat xlink:href="#sSpan1726" value="ⲡ ⲥⲟⲛ ⲙ ⲙⲟⲛⲁⲭⲟⲥ"/>
		<feat xlink:href="#sSpan1752" value="ⲩ ⲙⲁ ⲉ ϥ ⲉⲥⲩⲭⲁⲍⲉ"/>
		<feat xlink:href="#sSpan1787" value="ϩⲉⲛ ⲛⲟϭ ⲛ ⲁⲛⲁϣ"/>
		<feat xlink:href="#sSpan1829" value="ⲡⲁ ⲙⲉⲣⲓⲧ ⲛ ⲥⲟⲛ"/>
		<feat xlink:href="#sSpan1844" value="ⲧ ϩⲓⲉⲣⲟⲩⲥⲁⲗⲏⲙ"/>
		<feat xlink:href="#sSpan1865" value="ⲟⲩ ⲉⲓⲣⲏⲛⲏ"/>
		<feat xlink:href="#sSpan1908" value="ⲧⲉⲕ ⲙⲟⲛⲏ"/>
		<feat xlink:href="#sSpan1946" value="ⲗⲁⲁⲩ"/>
		<feat xlink:href="#sSpan1963" value="ⲡⲁ ⲃⲓⲟⲥ ⲧⲏⲣ ϥ"/>
		<feat xlink:href="#sSpan1984" value="ⲛⲁ ⲉⲓⲟⲧⲉ"/>
		<feat xlink:href="#sSpan2011" value="ⲛⲁ ⲥⲛⲏⲩ"/>
		<feat xlink:href="#sSpan2054" value="ϩⲉⲛ ⲥⲭⲟⲗⲁⲥⲧⲓⲕⲟⲥ"/>
		<feat xlink:href="#sSpan2076" value="ⲡⲁ ⲉⲓⲱⲧ"/>
		<feat xlink:href="#sSpan2111" value="ϩⲉⲛ ⲛⲟϭ ⲛ ⲧⲁⲝⲓⲥ"/>
		<feat xlink:href="#sSpan2142" value="ⲛ ⲉⲧ ϩⲙ ⲡⲉϥ ϩⲏⲧ"/>
		<feat xlink:href="#sSpan2149" value="ⲡⲉϥ ϩⲏⲧ"/>
		<feat xlink:href="#sSpan2179" value="ⲕⲉ ⲥⲁϣϥ ⲛ ⲧⲁⲝⲓⲥ ⲉ ⲩ ϫⲟⲥⲉ ⲡⲁⲣⲁ ⲧⲱϥ"/>
		<feat xlink:href="#sSpan2204" value="ⲧⲱϥ"/>
		<feat xlink:href="#sSpan2222" value="ⲛⲁⲓ"/>
		<feat xlink:href="#sSpan2289" value="ⲧ ⲉⲕⲕⲗⲏⲥⲓⲁ"/>
		<feat xlink:href="#sSpan2326" value="ⲟⲩ ⲙⲁ"/>
		<feat xlink:href="#sSpan2349" value="ⲡ ⲉⲟⲟⲩ ⲧⲏⲣ ϥ ⲙ ⲡⲉⲓ ⲕⲟⲥⲙⲟⲥ"/>
		<feat xlink:href="#sSpan2365" value="ⲡⲉⲓ ⲕⲟⲥⲙⲟⲥ"/>
		<feat xlink:href="#sSpan2373" value="ⲟⲩ ϩⲱⲃ ⲛ ⲥⲱⲃⲉ"/>
		<feat xlink:href="#sSpan2400" value="ⲡ ⲉⲧ ⲛⲁ ⲕⲁⲧⲁⲫⲣⲟⲛⲉⲓ ⲙ ⲡⲉⲓ ⲕⲟⲥⲙⲟⲥ"/>
		<feat xlink:href="#sSpan2415" value="ⲡⲉⲓ ⲕⲟⲥⲙⲟⲥ"/>
		<feat xlink:href="#sSpan2435" value="ⲡⲉ ⲭⲣⲓⲥⲧⲟⲥ"/>
		<feat xlink:href="#sSpan2446" value="ⲟⲩ ϩⲏⲧ"/>
		<feat xlink:href="#sSpan2490" value="ⲡⲁ ⲥⲟⲛ"/>
		<feat xlink:href="#sSpan2499" value="ⲡ ⲣⲱⲙⲉ ⲛ ⲣⲉϥⲣⲛⲟⲃⲉ ⲛ ⲧⲁ ⲙⲓⲛⲉ"/>
		<feat xlink:href="#sSpan2517" value="ⲧⲁ ⲙⲓⲛⲉ"/>
		<feat xlink:href="#sSpan2534" value="ⲡⲁⲓ"/>
		<feat xlink:href="#sSpan2551" value="ⲡⲁ ⲉⲓⲱⲧ ⲉⲧ ⲟⲩⲁⲁⲃ"/>
		<feat xlink:href="#sSpan2589" value="ⲧⲉⲕ ⲙⲟⲛⲏ"/>
		<feat xlink:href="#sSpan2621" value="ⲛⲁⲓ"/>
		<feat xlink:href="#sSpan2628" value="ⲡ ⲥⲟⲛ ⲙ ⲙⲟⲛⲁⲭⲟⲥ"/>
		<feat xlink:href="#sSpan2656" value="ⲟⲩ ⲁⲛⲁϣ"/>
		<feat xlink:href="#sSpan2692" value="ⲧⲁ ⲙⲟⲛⲏ"/>
		<feat xlink:href="#sSpan2728" value="ⲡ ϣⲁϫⲉ"/>
		<feat xlink:href="#sSpan2757" value="ⲡ ⲟⲩⲁ ⲡ ⲟⲩⲁ ⲙⲙⲟ ⲟⲩ"/>
		<feat xlink:href="#sSpan2784" value="ⲧⲉϥ ⲙⲟⲛⲏ"/>
		<feat xlink:href="#sSpan2795" value="ⲟⲩ ⲉⲓⲣⲏⲛⲏ"/>
		<feat xlink:href="#sSpan2809" value="ⲛⲁⲓ"/>
		<feat xlink:href="#sSpan2831" value="ⲡⲉϥ ϩⲏⲧ"/>
		<feat xlink:href="#sSpan2840" value="ⲡ ⲙⲁⲕⲁⲣⲓⲟⲥ ⲓⲱϩⲁⲛⲛⲏⲥ"/>
		<feat xlink:href="#sSpan2899" value="ⲛⲁ ⲉⲓⲟⲧⲉ"/>
		<feat xlink:href="#sSpan2926" value="ⲟⲩ ⲉⲩⲁⲅⲅⲉⲗⲓⲟⲛ"/>
		<feat xlink:href="#sSpan2970" value="ⲛ ⲉⲛⲧⲟⲗⲏ ⲙ ⲡⲉ ⲭⲣⲓⲥⲧⲟⲥ"/>
		<feat xlink:href="#sSpan2980" value="ⲡⲉ ⲭⲣⲓⲥⲧⲟⲥ"/>
		<feat xlink:href="#sSpan3014" value="ⲡ ⲙⲁ ⲉⲧ ⲓ ⲛⲁ ⲃⲱⲕ ⲉⲣⲟ ϥ"/>
		<feat xlink:href="#sSpan3061" value="ⲡ ⲏⲓ ⲛ ⲛⲉϥ ⲉⲓⲟⲧⲉ"/>
		<feat xlink:href="#sSpan3070" value="ⲛⲉϥ ⲉⲓⲟⲧⲉ"/>
		<feat xlink:href="#sSpan3099" value="ⲟⲩ ⲗⲟⲓϭⲉ"/>
		<feat xlink:href="#sSpan3108" value="ϯ ⲙⲓⲛⲉ"/>
		<feat xlink:href="#sSpan3139" value="ⲛⲁ ⲉⲓⲟⲧⲉ"/>
		<feat xlink:href="#sSpan3167" value="ⲟⲩ ϣⲓⲛⲉ"/>
		<feat xlink:href="#sSpan3176" value="ⲧ ⲙⲏⲧⲉ ⲛ ⲛⲁ ϣⲃⲏⲣⲥⲭⲟⲗⲁⲥⲧⲓⲕⲟⲥ"/>
		<feat xlink:href="#sSpan3185" value="ⲛⲁ ϣⲃⲏⲣⲥⲭⲟⲗⲁⲥⲧⲓⲕⲟⲥ"/>
		<feat xlink:href="#sSpan3212" value="ⲧⲉ ⲥⲭⲟⲗⲏ"/>
		<feat xlink:href="#sSpan3223" value="ⲟⲩ ⲉⲩⲁⲅⲅⲉⲗⲓⲟⲛ ⲛ ⲛⲟⲩⲃ ⲛⲧⲟⲟⲧ ϥ ⲙ ⲡ ⲟⲩⲁ ⲡ ⲟⲩⲁ ⲛⲧ ⲁ ⲛⲉⲩ ⲉⲓⲟⲧⲉ ⲥⲙⲛⲧ ϥ ⲛⲁ ⲩ ⲉ ⲩ ⲱϣ ϩⲓⲱⲱ ϥ"/>
		<feat xlink:href="#sSpan3233" value="ⲛⲟⲩⲃ"/>
		<feat xlink:href="#sSpan3246" value="ⲡ ⲟⲩⲁ ⲡ ⲟⲩⲁ"/>
		<feat xlink:href="#sSpan3264" value="ⲛⲉⲩ ⲉⲓⲟⲧⲉ"/>
		<feat xlink:href="#sSpan3336" value="ⲟⲩ ϩⲏⲕⲉ ϩⲛ ⲧⲉⲩ ⲙⲏⲏⲧⲉ ⲉ ⲙⲛⲧ ϥ ⲉⲓⲱⲧ ⲙⲙⲁⲩ ⲏ ⲙⲁⲁⲩ"/>
		<feat xlink:href="#sSpan3345" value="ⲧⲉⲩ ⲙⲏⲏⲧⲉ"/>
		<feat xlink:href="#sSpan3359" value="ⲉⲓⲱⲧ"/>
		<feat xlink:href="#sSpan3371" value="ⲙⲁⲁⲩ"/>
		<feat xlink:href="#sSpan3403" value="ⲡⲉϥ ϩⲟ"/>
		<feat xlink:href="#sSpan3413" value="ⲓⲱϩⲁⲛⲛⲏⲥ"/>
		<feat xlink:href="#sSpan3426" value="ⲛⲉϥ ⲉⲓⲟⲧⲉ"/>
		<feat xlink:href="#sSpan3460" value="ⲛⲁ ⲉⲓⲟⲧⲉ"/>
		<feat xlink:href="#sSpan3494" value="ⲟⲩ ⲉⲩⲁⲅⲅⲉⲗⲓⲟⲛ"/>
		<feat xlink:href="#sSpan3529" value="ⲛⲁ ϭⲓϫ"/>
		<feat xlink:href="#sSpan3581" value="ⲧⲉϥ ⲙⲁⲁⲩ"/>
		<feat xlink:href="#sSpan3658" value="ⲛⲁⲓ"/>
		<feat xlink:href="#sSpan3673" value="ⲡⲉⲥ ϩⲁⲓ"/>
		<feat xlink:href="#sSpan3694" value="ⲡⲁ ϫⲟⲉⲓⲥ ⲛ ⲥⲟⲛ"/>
		<feat xlink:href="#sSpan3714" value="ⲟⲩ ⲉⲩⲁⲅⲅⲉⲗⲓⲟⲛ ⲛ ⲛⲟⲩⲃ"/>
		<feat xlink:href="#sSpan3724" value="ⲛⲟⲩⲃ"/>
		<feat xlink:href="#sSpan3732" value="ⲡⲉⲛ ϣⲏⲣⲉ ⲓⲱϩⲁⲛⲛⲏⲥ"/>
		<feat xlink:href="#sSpan3793" value="ϩⲉⲛ ⲱⲛⲉ ⲙ ⲙⲉ · ⲉ ⲛⲁϣⲉ ⲥⲟⲩⲛⲧ ⲟⲩ"/>
		<feat xlink:href="#sSpan3815" value="ⲥⲟⲩⲛⲧ ⲟⲩ"/>
		<feat xlink:href="#sSpan3856" value="ⲡⲉϥ ⲉⲓⲱⲧ"/>
		<feat xlink:href="#sSpan3886" value="ϯⲟⲩ ⲛ ϣⲉ ⲛ ϩⲟⲗⲟⲕⲟⲧⲧⲓⲛⲟⲥ"/>
		<feat xlink:href="#sSpan3906" value="ϩⲉⲛ ⲱⲛⲉ ⲙ ⲙⲉ · ⲉ ⲩ ⲧⲁⲓⲏⲩ"/>
		<feat xlink:href="#sSpan3944" value="ⲟⲩ ⲥⲁϩ · ⲛ ϩⲁⲩⲛⲟⲩⲃ"/>
		<feat xlink:href="#sSpan3986" value="ⲧ ⲕⲟⲥⲙⲏⲥⲓⲥ ⲛ ⲟⲩ ⲉⲩⲁⲅⲅⲉⲗⲓⲟⲛ ⲛⲧ ⲁ ⲩ ⲥⲁϩ ϥ"/>
		<feat xlink:href="#sSpan3996" value="ⲟⲩ ⲉⲩⲁⲅⲅⲉⲗⲓⲟⲛ ⲛⲧ ⲁ ⲩ ⲥⲁϩ ϥ"/>
		<feat xlink:href="#sSpan4029" value="ⲡⲉϥ ⲉⲓⲱⲧ"/>
		<feat xlink:href="#sSpan4055" value="ⲓⲱϩⲁⲛⲛⲏⲥ ⲡⲉϥ ϣⲏⲣⲉ"/>
		<feat xlink:href="#sSpan4090" value="ⲓⲱϩⲁⲛⲛⲏⲥ"/>
		<feat xlink:href="#sSpan4146" value="ⲟⲩ ⲛⲟϭ ⲛ ⲙⲕⲁϩ ⲛ ϩⲏⲧ"/>
		<feat xlink:href="#sSpan4196" value="ⲡ ⲥⲟⲛ ⲙ ⲙⲟⲛⲁⲭⲟⲥ"/>
		<feat xlink:href="#sSpan4244" value="ϩⲉⲛ ⲕⲟⲩⲓ ⲇⲉ ⲛ ϩⲟⲟⲩ"/>
		<feat xlink:href="#sSpan4272" value="ⲡ ⲥⲟⲛ ⲙ ⲙⲟⲛⲁⲭⲟⲥ"/>
		<feat xlink:href="#sSpan4289" value="ⲡ ⲉⲛⲧ ⲁ ⲩ ⲥⲙⲛⲧ ϥ ⲙⲛ ⲛⲉⲩ ⲉⲣⲏⲩ"/>
		<feat xlink:href="#sSpan4336" value="ⲓⲱϩⲁⲛⲛⲏⲥ"/>
		<feat xlink:href="#sSpan4343" value="ⲡ ⲥⲟⲛ ⲡ ⲙⲟⲛⲁⲭⲟⲥ"/>
		<feat xlink:href="#sSpan4413" value="ⲟⲩ ⲛⲟϭ ⲛ ⲣⲁϣⲉ"/>
		<feat xlink:href="#sSpan4446" value="ⲡⲁ ϫⲟⲉⲓⲥ ⲛ ⲉⲓⲱⲧ"/>
		<feat xlink:href="#sSpan4468" value="ⲡ ⲟⲩⲱϣ ⲛ ⲛⲁ ⲉⲓⲟⲧⲉ"/>
		<feat xlink:href="#sSpan4477" value="ⲛⲁ ⲉⲓⲟⲧⲉ"/>
		<feat xlink:href="#sSpan4490" value="ⲡⲉⲩ ⲙⲉ ⲉϩⲟⲩⲛ ⲉⲣⲟ ⲓ"/>
		<feat xlink:href="#sSpan4518" value="ⲧⲁ ⲙⲁⲁⲩ"/>
		<feat xlink:href="#sSpan4546" value="ϩⲱⲃ"/>
		<feat xlink:href="#sSpan4553" value="ϯ ⲙⲓⲛⲉ"/>
		<feat xlink:href="#sSpan4578" value="ⲛⲉⲥ ⲣⲙⲉⲓⲟⲟⲩⲉ"/>
		<feat xlink:href="#sSpan4679" value="ⲗⲁⲁⲩ"/>
		<feat xlink:href="#sSpan4695" value="ⲡⲉⲛ ϫⲱⲕ"/>
		<feat xlink:href="#sSpan4711" value="ⲡ ⲙⲟⲛⲁⲭⲟⲥ"/>
		<feat xlink:href="#sSpan4774" value="ⲡ ⲉⲛⲧ ⲁ ⲕ ⲉⲡⲉⲓⲑⲩⲙⲓ ⲉⲣⲟ ϥ"/>
		<feat xlink:href="#sSpan4792" value="ⲡ ϫⲟⲉⲓⲥ"/>
		<feat xlink:href="#sSpan4844" value="ⲓⲱϩⲁⲛⲛⲏⲥ"/>
		<feat xlink:href="#sSpan4851" value="ⲡ ⲙⲟⲛⲁⲭⲟⲥ"/>
		<feat xlink:href="#sSpan4907" value="ⲧ ϩⲁⲗⲗⲁⲥⲁ"/>
		<feat xlink:href="#sSpan4931" value="ⲟⲩ ϫⲟⲓ"/>
		<feat xlink:href="#sSpan4965" value="ⲓⲱϩⲁⲛⲛⲏⲥ"/>
		<feat xlink:href="#sSpan4982" value="ⲡ ⲛⲉⲉϥ ⲙ ⲡ ϫⲟⲉⲓ"/>
		<feat xlink:href="#sSpan4992" value="ⲡ ϫⲟⲉⲓ"/>
		<feat xlink:href="#sSpan5031" value="ⲡⲁ ⲥⲟⲛ"/>
		<feat xlink:href="#sSpan5048" value="ⲧ ϩⲏⲙⲉ"/>
		<feat xlink:href="#sSpan5084" value="ⲡⲉ ⲥⲛⲁⲩ"/>
		<feat xlink:href="#sSpan5093" value="ⲧ ⲙⲟⲛⲏ ⲛ ⲛ ⲉⲧⲉ ⲙⲉⲩ ⲛⲕⲟⲧⲕ"/>
		<feat xlink:href="#sSpan5103" value="ⲛ ⲉⲧⲉ ⲙⲉⲩ ⲛⲕⲟⲧⲕ"/>
		<feat xlink:href="#sSpan5119" value="ⲡ ⲛⲉⲉϥ ⲇⲉ ⲙ ⲡ ϫⲟⲉⲓ"/>
		<feat xlink:href="#sSpan5135" value="ⲡ ϫⲟⲉⲓ"/>
		<feat xlink:href="#sSpan5177" value="ⲡⲁ ϫⲟⲉⲓ"/>
		<feat xlink:href="#sSpan5187" value="ⲥⲕⲉⲩⲉ"/>
		<feat xlink:href="#sSpan5211" value="ⲡ ⲟⲩⲱϣ ⲙ ⲡ ⲛⲟⲩⲧⲉ"/>
		<feat xlink:href="#sSpan5220" value="ⲡ ⲛⲟⲩⲧⲉ"/>
		<feat xlink:href="#sSpan5236" value="ⲓⲱϩⲁⲛⲛⲏⲥ"/>
		<feat xlink:href="#sSpan5244" value="ⲡ ⲛⲉⲉϥ"/>
		<feat xlink:href="#sSpan5269" value="ⲧⲉⲕ ϩⲏⲙⲉ"/>
		<feat xlink:href="#sSpan5287" value="ⲡ ⲛⲉⲉϥ"/>
		<feat xlink:href="#sSpan5303" value="ϣⲉ ⲛ ϩⲟⲗⲟⲕⲟⲧⲧⲓⲛⲟⲥ"/>
		<feat xlink:href="#sSpan5322" value="ⲧ ϩⲏⲙⲉ ⲙ ⲡⲁ ϫⲟⲉⲓ"/>
		<feat xlink:href="#sSpan5331" value="ⲡⲁ ϫⲟⲉⲓ"/>
		<feat xlink:href="#sSpan5354" value="ⲓⲱϩⲁⲛⲛⲏⲥ"/>
		<feat xlink:href="#sSpan5392" value="ⲓⲱϩⲁⲛⲛⲏⲥ"/>
		<feat xlink:href="#sSpan5405" value="ⲛⲁⲓ"/>
		<feat xlink:href="#sSpan5412" value="ⲡ ⲛⲉⲉϥ"/>
		<feat xlink:href="#sSpan5434" value="ⲡ ⲙⲁ ⲉⲧⲉⲣⲉ ⲡ ⲥⲟⲛ ⲙ ⲙⲟⲛⲁⲭⲟⲥ ϩⲓⲱⲱ ϥ"/>
		<feat xlink:href="#sSpan5443" value="ⲡ ⲥⲟⲛ ⲙ ⲙⲟⲛⲁⲭⲟⲥ"/>
		<feat xlink:href="#sSpan5484" value="ⲡⲁ ⲉⲓⲱⲧ"/>
		<feat xlink:href="#sSpan5492" value="ⲧ ϩⲏⲙⲉ ⲙ ⲡ ϫⲟⲉⲓ"/>
		<feat xlink:href="#sSpan5501" value="ⲡ ϫⲟⲉⲓ"/>
		<feat xlink:href="#sSpan5506" value="ⲟⲩ ⲛⲟϭ"/>
		<feat xlink:href="#sSpan5523" value="ⲡ ⲉⲧ ϣϣⲉ ⲉⲣⲟ ⲕ"/>
		<feat xlink:href="#sSpan5608" value="ⲟⲩ ϣⲓⲡⲉ"/>
		<feat xlink:href="#sSpan5673" value="ⲡⲉϥ ⲏⲓ"/>
		<feat xlink:href="#sSpan5683" value="ⲓⲱϩⲁⲛⲛⲏⲥ"/>
		<feat xlink:href="#sSpan5690" value="ⲧⲉϥ ⲙⲁⲁⲩ"/>
		<feat xlink:href="#sSpan5733" value="ⲧⲁ ⲙⲉⲣⲓⲧ ⲙ ⲙⲁⲁⲩ"/>
		<feat xlink:href="#sSpan5773" value="ⲛⲁ ⲟⲩⲱϣ ⲧⲏⲣ ⲟⲩ"/>
		<feat xlink:href="#sSpan5790" value="ⲕⲉ ⲟⲩⲁ ⲛ ⲟⲩⲱⲧ"/>
		<feat xlink:href="#sSpan5884" value="ϩⲱⲃ ⲛⲓⲙ ⲉⲧ ⲕ ⲟⲩⲁϣ ϥ"/>
		<feat xlink:href="#sSpan5903" value="ⲡⲁ ϣⲏⲣⲉ"/>
		<feat xlink:href="#sSpan5975" value="ⲓⲱϩⲁⲛⲛⲏⲥ"/>
		<feat xlink:href="#sSpan5982" value="ⲧⲉϥ ⲙⲁⲁⲩ"/>
		<feat xlink:href="#sSpan6002" value="ⲛ ϣⲏⲣⲉ ϣⲏⲙ ⲧⲏⲣ ⲟⲩ ⲉⲧ ⲛⲙⲙⲁ ⲓ ϩⲛ ⲧⲉ ⲥⲭⲟⲗⲏ"/>
		<feat xlink:href="#sSpan6031" value="ⲧⲉ ⲥⲭⲟⲗⲏ"/>
		<feat xlink:href="#sSpan6041" value="ⲟⲩ ⲥⲟⲡ ⲛ ⲟⲩⲱⲧ"/>
		<feat xlink:href="#sSpan6074" value="ⲥⲛⲁⲩ"/>
		<feat xlink:href="#sSpan6110" value="ⲡ ⲉⲧ ⲛ ⲧⲁⲁ ⲩ"/>
		<feat xlink:href="#sSpan6143" value="ⲛⲉⲩ ⲛⲕⲁ"/>
		<feat xlink:href="#sSpan6173" value="ⲗⲁⲁⲩ"/>
		<feat xlink:href="#sSpan6207" value="ⲧ ϣⲃⲃⲓⲱ ⲛ ⲛ ⲉⲛⲧ ⲁ ⲩ ⲁⲁ ⲩ ⲛⲁ ⲓ"/>
		<feat xlink:href="#sSpan6216" value="ⲛ ⲉⲛⲧ ⲁ ⲩ ⲁⲁ ⲩ ⲛⲁ ⲓ"/>
		<feat xlink:href="#sSpan6250" value="ⲡ ϣⲓⲡⲉ"/>
		<feat xlink:href="#sSpan6274" value="ⲕⲉ ⲥⲟⲡ"/>
		<feat xlink:href="#sSpan6294" value="ⲧⲉ ⲥⲭⲟⲗⲁⲥⲧⲓⲕⲏ"/>
		<feat xlink:href="#sSpan6305" value="ⲡⲉⲓ ϩⲱⲃ"/>
		<feat xlink:href="#sSpan6320" value="ⲧⲉϥ ⲙⲁⲁⲩ"/>
		<feat xlink:href="#sSpan6339" value="ⲡ ⲉⲧⲉ ⲕ ⲟⲩⲁϣ ϥ"/>
		<feat xlink:href="#sSpan6377" value="ⲡⲉⲕ ⲉⲓⲱⲧ"/>
		<feat xlink:href="#sSpan6396" value="ⲡ ⲛⲁⲩ ⲙ ⲙⲉⲉⲣⲉ"/>
		<feat xlink:href="#sSpan6447" value="ⲡⲉⲕ ⲟⲩⲱϣ"/>
		<feat xlink:href="#sSpan6463" value="ⲛⲉⲕ ϣⲃⲏⲣ"/>
		<feat xlink:href="#sSpan6484" value="ⲡⲉϥ ⲉⲓⲱⲧ"/>
		<feat xlink:href="#sSpan6502" value="ⲡ ⲛⲁⲩ ⲙ ⲙⲉⲉⲣⲉ"/>
		<feat xlink:href="#sSpan6537" value="ϩⲱⲃ ⲛⲓⲙ ⲛⲧ ⲁ ⲓⲱϩⲁⲛⲛⲏⲥ ϫⲟⲟ ⲩ ⲛⲁ ⲥ"/>
		<feat xlink:href="#sSpan6551" value="ⲓⲱϩⲁⲛⲛⲏⲥ"/>
		<feat xlink:href="#sSpan6606" value="ⲡ ⲉⲧ ϥ ⲟⲩⲁϣ ϥ ⲧⲏⲣ ϥ"/>
		<feat xlink:href="#sSpan6659" value="ⲟⲩ ϩⲙϩⲁⲗ"/>
		<feat xlink:href="#sSpan6688" value="ⲟⲩ ϣⲏⲣⲉ ϣⲏⲙ"/>
		<feat xlink:href="#sSpan6730" value="ϩⲉⲛ ϩⲃⲏⲩⲉ ⲉ ⲩ ϩⲟⲟⲩ"/>
		<feat xlink:href="#sSpan6771" value="ⲡ ϣⲁϫⲉ"/>
		<feat xlink:href="#sSpan6789" value="ⲡⲉⲩ ϣⲏⲣⲉ ⲓⲱϩⲁⲛⲛⲏⲥ"/>
		<feat xlink:href="#sSpan6817" value="ⲛ ⲛⲟⲩⲃ"/>
		<feat xlink:href="#sSpan6842" value="ⲡ ϩⲙϩⲁⲗ"/>
		<feat xlink:href="#sSpan6871" value="ⲛ ⲛⲟⲩⲃ"/>
		<feat xlink:href="#sSpan6882" value="ⲓⲱϩⲁⲛⲛⲏⲥ"/>
		<feat xlink:href="#sSpan6898" value="ⲡ ⲙⲁ ⲉⲧⲉⲣⲉ ⲡ ⲙⲟⲛⲁⲭⲟⲥ ⲛϩⲏⲧ ϥ"/>
		<feat xlink:href="#sSpan6907" value="ⲡ ⲙⲟⲛⲁⲭⲟⲥ"/>
		<feat xlink:href="#sSpan6932" value="ⲡ ϩⲙϩⲁⲗ ⲉⲧ ⲙⲟⲟϣⲉ ⲛⲙⲙⲁ ϥ"/>
		<feat xlink:href="#sSpan6968" value="ϫⲟⲉⲓⲥ ⲛ ⲥⲟⲛ"/>
		<feat xlink:href="#sSpan6979" value="ⲡⲉⲓ ϩⲙϩⲁⲗ ⲉⲧ ⲕ ⲛⲁⲩ ⲉⲣⲟ ϥ"/>
		<feat xlink:href="#sSpan6999" value="ⲡⲱⲓ"/>
		<feat xlink:href="#sSpan7019" value="ⲧ ⲁⲅⲁⲡⲏ"/>
		<feat xlink:href="#sSpan7055" value="ⲡ ⲙⲁ ⲛ ⲛⲁ ϣⲃⲏⲣ"/>
		<feat xlink:href="#sSpan7064" value="ⲛⲁ ϣⲃⲏⲣ"/>
		<feat xlink:href="#sSpan7104" value="ⲧ ⲛⲁⲩ"/>
		<feat xlink:href="#sSpan7135" value="ⲡ ϩⲗⲗⲟ ⲙ ⲙⲟⲛⲁⲭⲟⲥ"/>
		<feat xlink:href="#sSpan7168" value="ⲡ ⲛⲉⲉϥ ⲙ ⲡ ϫⲟⲉⲓ"/>
		<feat xlink:href="#sSpan7177" value="ⲡ ϫⲟⲉⲓ"/>
		<feat xlink:href="#sSpan7216" value="ⲡ ϩⲙϩⲁⲗ ⲉⲧ ⲙⲟⲟϣⲉ ⲛⲙⲙⲁ ϥ"/>
		<feat xlink:href="#sSpan7238" value="ⲓⲱϩⲁⲛⲛⲏⲥ"/>
		<feat xlink:href="#sSpan7263" value="ⲡ ϣⲉ ⲛ ϩⲟⲗⲟⲕⲟⲧⲧⲓⲛⲟⲥ"/>
		<feat xlink:href="#sSpan7288" value="ⲡ ⲙⲁ ⲙ ⲡ ⲛⲟϭ ⲛ ⲛⲉⲉϥ ⲙ ⲡ ϫⲟⲉⲓ"/>
		<feat xlink:href="#sSpan7297" value="ⲡ ⲛⲟϭ ⲛ ⲛⲉⲉϥ ⲙ ⲡ ϫⲟⲉⲓ"/>
		<feat xlink:href="#sSpan7313" value="ⲡ ϫⲟⲉⲓ"/>
		<feat xlink:href="#sSpan7355" value="ϫⲟⲉⲓⲥ ⲛ ⲥⲟⲛ"/>
		<feat xlink:href="#sSpan7374" value="ⲡ ϫⲟⲉⲓ"/>
		<feat xlink:href="#sSpan7422" value="ⲡⲁ ⲥⲟⲛ"/>
		<feat xlink:href="#sSpan7432" value="ⲡ ⲛⲉⲉϥ"/>
		<feat xlink:href="#sSpan7461" value="ⲛⲁⲓ"/>
		<feat xlink:href="#sSpan7513" value="ⲡ ⲛⲉⲉϥ"/>
		<feat xlink:href="#sSpan7541" value="ⲡⲁ ϫⲟⲉⲓ"/>
		<feat xlink:href="#sSpan7587" value="ⲕⲉ ⲥⲟⲡ"/>
		<feat xlink:href="#sSpan7596" value="ⲧ ϩⲏⲙⲉ ⲙ ⲡⲁ ϫⲟⲉⲓ"/>
		<feat xlink:href="#sSpan7605" value="ⲡⲁ ϫⲟⲉⲓ"/>
		<feat xlink:href="#sSpan7610" value="ⲟⲩ ⲛⲟϭ"/>
		<feat xlink:href="#sSpan7649" value="ⲡⲉⲓ ⲙⲁ"/>
		<feat xlink:href="#sSpan7666" value="ⲡ ⲁⲩⲉⲓⲛ"/>
		<feat xlink:href="#sSpan7676" value="ⲡ ϫⲟⲉⲓ"/>
		<feat xlink:href="#sSpan7704" value="ⲓⲱϩⲁⲛⲛⲏⲥ"/>
		<feat xlink:href="#sSpan7747" value="ⲧ ϩⲏⲙⲉ"/>
		<feat xlink:href="#sSpan7817" value="ⲡ ϣⲉ ⲛ ϩⲟⲗⲟⲕⲟⲧⲧⲓⲛⲟⲥ"/>
		<feat xlink:href="#sSpan7895" value="ⲛ ⲉⲛⲧ ⲁ ⲕ ⲧⲁⲙⲟ ⲓ ⲉ ϩⲟⲩⲟ ⲉ ⲛⲁⲓ"/>
		<feat xlink:href="#sSpan7921" value="ⲛⲁⲓ"/>
		<feat xlink:href="#sSpan7965" value="ⲡ ⲁⲏⲣ"/>
		<feat xlink:href="#sSpan8002" value="ⲡ ⲛⲟⲩⲧⲉ"/>
		<feat xlink:href="#sSpan8019" value="ⲡ ϫⲟⲉⲓ"/>
		<feat xlink:href="#sSpan8062" value="ⲡ ⲛⲉⲉϥ"/>
		<feat xlink:href="#sSpan8081" value="ⲡ ϫⲟⲉⲓ"/>
		<feat xlink:href="#sSpan8099" value="ⲛⲁⲓ"/>
		<feat xlink:href="#sSpan8118" value="ⲡ ϣⲉ ⲛ ϩⲟⲗⲟⲕⲟⲧⲧⲓⲛⲟⲥ"/>
		<feat xlink:href="#sSpan8166" value="ⲓⲱϩⲁⲛⲛⲏⲥ"/>
		<feat xlink:href="#sSpan8183" value="ⲡⲉⲕ ϣⲃⲏⲣ"/>
		<feat xlink:href="#sSpan8209" value="ⲡ ⲟⲩⲱϣ ⲙ ⲡ ⲛⲟⲩⲧⲉ"/>
		<feat xlink:href="#sSpan8218" value="ⲡ ⲛⲟⲩⲧⲉ"/>
		<feat xlink:href="#sSpan8240" value="ⲡⲉⲧⲛ ⲣⲟⲟⲩϣ"/>
		<feat xlink:href="#sSpan8273" value="ⲓⲱϩⲁⲛⲛⲏⲥ"/>
		<feat xlink:href="#sSpan8290" value="ⲡ ⲥⲟⲛ ⲙ ⲙⲟⲛⲁⲭⲟⲥ"/>
		<feat xlink:href="#sSpan8307" value="ϩⲱⲃ ⲛⲓⲙ ⲛⲧ ⲁ ϥ ϣⲱⲡⲉ ⲙⲙⲟ ϥ"/>
		<feat xlink:href="#sSpan8343" value="ⲕⲉ ϩⲟⲟⲩ ⲇⲉ ⲥⲛⲁⲩ"/>
		<feat xlink:href="#sSpan8362" value="ⲓⲱϩⲁⲛⲛⲏⲥ"/>
		<feat xlink:href="#sSpan8369" value="ⲡ ⲙⲟⲛⲁⲭⲟⲥ"/>
		<feat xlink:href="#sSpan8399" value="ⲧ ϩⲁⲗⲗⲁⲥⲁ"/>
		<feat xlink:href="#sSpan8414" value="ⲡⲁⲓ"/>
		<feat xlink:href="#sSpan8426" value="ⲡⲉ ϩⲟⲟⲩ ⲉⲧ ⲓ ⲛⲁ ⲥⲃⲧⲉ ⲡ ⲁⲣⲓⲥⲧⲟⲛ ⲉ ⲛⲁ ϣⲃⲏⲣ"/>
		<feat xlink:href="#sSpan8441" value="ⲡ ⲁⲣⲓⲥⲧⲟⲛ"/>
		<feat xlink:href="#sSpan8451" value="ⲛⲁ ϣⲃⲏⲣ"/>
		<feat xlink:href="#sSpan8487" value="ⲟⲩ ϣⲏⲙ ⲛ ⲧⲃⲧ"/>
		<feat xlink:href="#sSpan8528" value="ⲧ ϩⲁⲗⲗⲁⲥⲁ"/>
		<feat xlink:href="#sSpan8538" value="ⲡ ⲟⲩⲱϣ ⲙ ⲡ ⲛⲟⲩⲧⲉ"/>
		<feat xlink:href="#sSpan8547" value="ⲡ ⲛⲟⲩⲧⲉ"/>
		<feat xlink:href="#sSpan8571" value="ⲟⲩ ⲧⲏⲩ ⲉ ⲛⲁⲛⲟⲩ ϥ"/>
		<feat xlink:href="#sSpan8602" value="ⲡ ⲛⲉⲉϥ ⲙ ⲡ ϫⲟⲉⲓ"/>
		<feat xlink:href="#sSpan8612" value="ⲡ ϫⲟⲉⲓ"/>
		<feat xlink:href="#sSpan8633" value="ⲡⲉⲓ ⲥⲁ ⲙ ⲡ ϫⲟⲉⲓ"/>
		<feat xlink:href="#sSpan8642" value="ⲡ ϫⲟⲉⲓ"/>
		<feat xlink:href="#sSpan8684" value="ⲓⲱϩⲁⲛⲛⲏⲥ"/>
		<feat xlink:href="#sSpan8691" value="ⲡ ⲕⲉ ⲙⲟⲛⲁⲭⲟⲥ"/>
		<feat xlink:href="#sSpan8754" value="ⲡ ϩⲙϩⲁⲗ"/>
		<feat xlink:href="#sSpan8788" value="ⲧ ϩⲉ"/>
		<feat xlink:href="#sSpan8798" value="ⲓⲱϩⲁⲛⲛⲏⲥ"/>
		<feat xlink:href="#sSpan8820" value="ⲡ ϩⲙϩⲁⲗ ⲉⲧ ⲙⲟⲟϣⲉ ⲛⲙⲙⲁ ϥ"/>
		<feat xlink:href="#sSpan8858" value="ⲡ ⲡⲁⲗⲗⲁϯⲟⲛ"/>
		<feat xlink:href="#sSpan8868" value="ⲛⲉ ⲥⲭⲟⲗⲁⲥⲧⲓⲕⲟⲥ"/>
		<feat xlink:href="#sSpan8975" value="ⲡ ϩⲙϩⲁⲗ"/>
		<feat xlink:href="#sSpan9030" value="ⲡ ϫⲟⲉⲓ"/>
		<feat xlink:href="#sSpan9055" value="ⲧ ⲙⲟⲛⲏ"/>
		<feat xlink:href="#sSpan9065" value="ⲡ ⲟⲩⲱϣ ⲙ ⲡ ⲛⲟⲩⲧⲉ"/>
		<feat xlink:href="#sSpan9074" value="ⲡ ⲛⲟⲩⲧⲉ"/>
		<feat xlink:href="#sSpan9107" value="ⲡ ϩⲙϩⲁⲗ"/>
		<feat xlink:href="#sSpan9116" value="ⲧ ϩⲁⲗⲗⲁⲥⲁ"/>
		<feat xlink:href="#sSpan9155" value="ⲡⲉϥ ϩⲏⲧ"/>
		<feat xlink:href="#sSpan9184" value="ⲡⲁ ϫⲟⲉⲓⲥ"/>
		<feat xlink:href="#sSpan9273" value="ϩⲉⲛ ⲛⲟϭ ⲙ ⲡ ⲉⲧ ϩⲟⲟⲩ"/>
		<feat xlink:href="#sSpan9314" value="ⲛⲁ ϫⲓⲥⲟⲟⲩⲉ"/>
		<feat xlink:href="#sSpan9370" value="ⲁⲧⲣⲟⲟⲩϣ"/>
		<feat xlink:href="#sSpan9383" value="ⲣⲙϩⲉ"/>
		<feat xlink:href="#sSpan9407" value="ⲛⲁⲓ"/>
		<feat xlink:href="#sSpan9414" value="ⲧⲉϥ ⲙⲁⲁⲩ"/>
		<feat xlink:href="#sSpan9432" value="ⲛⲉⲥ ϩⲟⲓⲧⲉ"/>
		<feat xlink:href="#sSpan9462" value="ⲧⲉⲥ ⲁⲡⲉ"/>
		<feat xlink:href="#sSpan9486" value="ⲟⲩ ⲛⲟϭ ⲛ ⲣⲓⲙⲉ"/>
		<feat xlink:href="#sSpan9530" value="ⲡⲁ ⲙⲉⲣⲓⲧ ⲛ ϣⲏⲣⲉ ⲓⲱϩⲁⲛⲛⲏⲥ"/>
		<feat xlink:href="#sSpan9577" value="ⲡⲁ ϣⲏⲣⲉ ⲧ ϩⲟⲗϭ"/>
		<feat xlink:href="#sSpan9598" value="ⲡⲁ ϣⲏⲣⲉ"/>
		<feat xlink:href="#sSpan9620" value="ⲡⲉⲕ ϩⲟ"/>
		<feat xlink:href="#sSpan9633" value="ⲓⲱϩⲁⲛⲛⲏⲥ ⲡⲁ ϣⲏⲣⲉ ⲙ ⲙⲉⲣⲓⲧ"/>
		<feat xlink:href="#sSpan9690" value="ⲡⲁ ϩⲏⲃⲥ ⲛ ϩⲏⲧ"/>
		<feat xlink:href="#sSpan9762" value="ⲡⲁ ⲙⲉⲣⲓⲧ ⲛ ϣⲏⲣⲉ ⲡ ⲙⲉⲣⲓⲧ ⲛ ⲧⲁ ⲯⲩⲭⲏ"/>
		<feat xlink:href="#sSpan9784" value="ⲧⲁ ⲯⲩⲭⲏ"/>
		<feat xlink:href="#sSpan9805" value="ⲓⲱϩⲁⲛⲛⲏⲥ ⲡⲁ ϣⲏⲣⲉ ⲙ ⲙⲉⲣⲓⲧ"/>
		<feat xlink:href="#sSpan9834" value="ⲡ ⲟⲩⲟⲉⲓⲛ ⲛ ⲛⲁ ⲃⲁⲗ"/>
		<feat xlink:href="#sSpan9843" value="ⲛⲁ ⲃⲁⲗ"/>
		<feat xlink:href="#sSpan9870" value="ⲟⲩ ⲥⲟⲫⲓⲁ"/>
		<feat xlink:href="#sSpan9893" value="ⲡ ⲧⲱϣ ⲛⲧ ⲁ ϥ ϣⲱⲡⲉ ⲙⲙⲟ ⲕ"/>
		<feat xlink:href="#sSpan9931" value="ⲡⲁ ϣⲏⲣⲉ ⲉⲧ ϩⲟⲗϭ ⲛ ⲛⲁϩⲣⲛ ⲟⲩⲟⲛ ⲛⲓⲙ"/>
		<feat xlink:href="#sSpan9949" value="ⲟⲩⲟⲛ ⲛⲓⲙ"/>
		<feat xlink:href="#sSpan9975" value="ⲡⲁ ϣⲏⲣⲉ ⲉⲧ ϩⲟⲗϭ ⲡⲁ ⲡⲉⲓ ϩⲟ ⲉⲧ ⲙⲉϩ ⲛ ⲣⲁϣⲉ ⲛⲓⲙ"/>
		<feat xlink:href="#sSpan9990" value="ⲡⲉⲓ ϩⲟ ⲉⲧ ⲙⲉϩ ⲛ ⲣⲁϣⲉ ⲛⲓⲙ"/>
		<feat xlink:href="#sSpan10005" value="ⲣⲁϣⲉ ⲛⲓⲙ"/>
		<feat xlink:href="#sSpan10033" value="ⲡⲁ ⲧ ⲧϩⲓⲕⲱⲛ ⲛ ⲛ ⲁⲅⲅⲉⲗⲟⲥ"/>
		<feat xlink:href="#sSpan10036" value="ⲧ ⲧϩⲓⲕⲱⲛ ⲛ ⲛ ⲁⲅⲅⲉⲗⲟⲥ"/>
		<feat xlink:href="#sSpan10046" value="ⲛ ⲁⲅⲅⲉⲗⲟⲥ"/>
		<feat xlink:href="#sSpan10075" value="ⲡ ⲉⲧ ⲓ ⲛⲁ ⲁⲁ ϥ ϫⲓⲛ ⲙ ⲡ ⲟⲟⲩ ⲉⲃⲟⲗ"/>
		<feat xlink:href="#sSpan10095" value="ⲡ ⲟⲟⲩ"/>
		<feat xlink:href="#sSpan10131" value="ⲕⲉ ⲉⲓⲱⲧ"/>
		<feat xlink:href="#sSpan10153" value="ⲟⲩ ⲁϣⲁϩⲟⲙ"/>
		<feat xlink:href="#sSpan10168" value="ⲟⲩ ⲕⲉ ⲙⲕⲁϩ ⲛ ϩⲏⲧ"/>
		<feat xlink:href="#sSpan10250" value="ⲡⲁ ⲙⲉⲣⲓⲧ ⲛ ϣⲏⲣⲉ"/>
		<feat xlink:href="#sSpan10280" value="ⲡ ⲉⲛⲧ ⲁ ϥ ϣⲱⲡⲉ ⲙⲙⲟ ⲕ ϩⲛ ⲟⲩ ϭⲉⲡⲏ"/>
		<feat xlink:href="#sSpan10328" value="ⲡ ⲥⲁϣϥ ⲛ ϩⲟⲟⲩ ⲛ ϩⲏⲃⲉ"/>
		<feat xlink:href="#sSpan10343" value="ϩⲏⲃⲉ"/>
		<feat xlink:href="#sSpan10355" value="ⲧ ⲡⲟⲗⲓⲥ ⲧⲏⲣ ⲥ"/>
		<feat xlink:href="#sSpan10390" value="ⲡⲉϥ ⲉⲓⲱⲧ"/>
		<feat xlink:href="#sSpan10423" value="ⲡ ⲡⲁⲗⲗⲁϯⲟⲛ"/>
		<feat xlink:href="#sSpan10437" value="ⲡ ⲣⲣⲟ"/>
		<feat xlink:href="#sSpan10448" value="ϩⲱⲃ ⲛⲓⲙ ⲛⲧ ⲁ ⲩ ϣⲱⲡⲉ"/>
		<feat xlink:href="#sSpan10505" value="ⲟⲩ ⲕⲉⲗⲉⲩⲥⲓⲥ"/>
		<feat xlink:href="#sSpan10519" value="ⲙⲁ ⲛⲓⲙ ⲛⲧⲉ ⲧⲉϥ ⲙⲛⲧⲣⲣⲟ"/>
		<feat xlink:href="#sSpan10531" value="ⲧⲉϥ ⲙⲛⲧⲣⲣⲟ"/>
		<feat xlink:href="#sSpan10585" value="ⲡ ⲣⲣⲟ"/>
		<feat xlink:href="#sSpan10604" value="ⲛⲁⲓ"/>
		<feat xlink:href="#sSpan10624" value="ⲟⲩ ⲙⲕⲁϩ ⲛ ϩⲏⲧ"/>
		<feat xlink:href="#sSpan10661" value="ⲧⲉϥ ⲙⲛⲧⲥⲁⲓⲉ"/>
		<feat xlink:href="#sSpan10676" value="ⲧⲉϥ ⲉⲡⲓⲥⲧⲏⲙⲉⲓ"/>
		<feat xlink:href="#sSpan10716" value="ⲧⲉϥ ⲧⲣⲁⲡⲉⲍⲁ"/>
		<feat xlink:href="#sSpan10730" value="ⲡⲉϥ ⲛⲟϭ ⲛ ⲟⲩⲱϣ ⲉϩⲟⲩⲛ ⲉⲣⲟ ϥ"/>
		<feat xlink:href="#sSpan10764" value="ⲡ ⲣⲣⲟ"/>
		<feat xlink:href="#sSpan10784" value="ⲟⲩ ⲕⲉⲗⲉⲩⲥⲓⲥ"/>
		<feat xlink:href="#sSpan10798" value="ⲙⲁ ⲛⲓⲙ"/>
		<feat xlink:href="#sSpan10809" value="ϩⲉⲛ ⲙⲁⲧⲟⲓ"/>
		<feat xlink:href="#sSpan10848" value="ⲙⲁ ⲛⲓⲙ"/>
		<feat xlink:href="#sSpan10883" value="ⲡ ⲡⲁⲗⲗⲁϯⲟⲛ"/>
		<feat xlink:href="#sSpan10894" value="ⲛⲉϥ ⲉⲓⲟⲧⲉ"/>
		<feat xlink:href="#sSpan10961" value="ⲡ ⲛⲟⲩⲧⲉ"/>
		<feat xlink:href="#sSpan10971" value="ⲓⲱϩⲁⲛⲛⲏⲥ"/>
		<feat xlink:href="#sSpan10991" value="ⲡ ⲙⲟⲛⲁⲥⲧⲏⲣⲓⲟⲛ"/>
		<feat xlink:href="#sSpan11008" value="ⲡ ⲕⲉ ⲙⲟⲛⲁⲭⲟⲥ ⲉⲧ ⲙⲟⲟϣⲉ ⲛⲙⲙⲁ ϥ"/>
		<feat xlink:href="#sSpan11047" value="ⲡ ⲉⲩⲁⲅⲅⲉⲗⲓⲟⲛ ⲛ ⲛⲟⲩⲃ"/>
		<feat xlink:href="#sSpan11057" value="ⲛⲟⲩⲃ"/>
		<feat xlink:href="#sSpan11069" value="ⲡⲁⲓ ⲛⲧ ⲁ ⲛⲉϥ ⲉⲓⲟⲧⲉ ⲥⲙⲛⲧ ϥ ⲛⲁ ϥ"/>
		<feat xlink:href="#sSpan11078" value="ⲛⲉϥ ⲉⲓⲟⲧⲉ"/>
		<feat xlink:href="#sSpan11111" value="ⲡⲣⲟⲉⲓⲥⲧⲟⲥ"/>
		<feat xlink:href="#sSpan11119" value="ϩⲱⲃ ⲛⲓⲙ · ⲛⲧ ⲁ ϥ ϣⲱⲡⲉ ⲙ ⲡ ϣⲏⲣⲉ ϣⲏⲙ ⲓⲱϩⲁⲛⲛⲏⲥ"/>
		<feat xlink:href="#sSpan11144" value="ⲡ ϣⲏⲣⲉ ϣⲏⲙ ⲓⲱϩⲁⲛⲛⲏⲥ"/>
		<feat xlink:href="#sSpan11168" value="ⲧⲉϥ ⲛⲟϭ ⲙ ⲡⲓⲥⲧⲓⲥ ⲉϩⲟⲩⲛ ⲉ ⲡ ⲛⲟⲩⲧⲉ"/>
		<feat xlink:href="#sSpan11189" value="ⲡ ⲛⲟⲩⲧⲉ"/>
		<feat xlink:href="#sSpan11198" value="ⲡ ⲁⲣⲭⲓⲙⲁⲛⲇⲣⲓⲧⲏⲥ"/>
		<feat xlink:href="#sSpan11223" value="ⲡ ϣⲏⲣⲉ ϣⲏⲙ"/>
		<feat xlink:href="#sSpan11238" value="ⲡⲁ ϣⲏⲣⲉ"/>
		<feat xlink:href="#sSpan11269" value="ⲟⲩ ⲕⲟⲩⲓ ϩⲛ ⲧⲉⲕ ϭⲟⲧ"/>
		<feat xlink:href="#sSpan11278" value="ⲧⲉⲕ ϭⲟⲧ"/>
		<feat xlink:href="#sSpan11290" value="ⲛ ⲥⲁⲓⲉ ⲉⲙⲁⲧⲉ ϩⲛ ⲛⲉⲕ ϩⲃⲏⲩⲉ"/>
		<feat xlink:href="#sSpan11304" value="ⲛⲉⲕ ϩⲃⲏⲩⲉ"/>
		<feat xlink:href="#sSpan11322" value="ⲡⲁ ϣⲏⲣⲉ"/>
		<feat xlink:href="#sSpan11332" value="ⲟⲩⲟⲛ ⲛⲓⲙ ⲉⲧ ⲟⲩⲱϣ ⲉ ⲁⲡⲟⲧⲁⲥⲥⲉ ⲙ ⲡⲉⲓ ⲕⲟⲥⲙⲟⲥ ⲉ ⲩ ⲟ ⲛ ⲧⲉⲕ ϭⲟⲧ"/>
		<feat xlink:href="#sSpan11357" value="ⲡⲉⲓ ⲕⲟⲥⲙⲟⲥ"/>
		<feat xlink:href="#sSpan11375" value="ⲧⲉⲕ ϭⲟⲧ"/>
		<feat xlink:href="#sSpan11388" value="ϩⲙⲉ ⲛ ϩⲟⲟⲩ"/>
		<feat xlink:href="#sSpan11425" value="ⲡ ϥⲱ ⲛ ⲧⲉⲩ ⲁⲡⲉ"/>
		<feat xlink:href="#sSpan11434" value="ⲧⲉⲩ ⲁⲡⲉ"/>
		<feat xlink:href="#sSpan11472" value="ⲓⲱϩⲁⲛⲛⲏⲥ"/>
		<feat xlink:href="#sSpan11498" value="ⲡⲁ ⲉⲓⲱⲧ ⲉⲧ ⲟⲩⲁⲁⲃ"/>
		<feat xlink:href="#sSpan11513" value="ⲧⲉ ⲧⲣⲓⲁⲥ ⲉⲧ ⲟⲩⲁⲁⲃ ⲛ ϩⲟⲙⲟⲟⲩⲥⲓⲟⲛ"/>
		<feat xlink:href="#sSpan11537" value="ⲛⲉ ϣⲗⲏⲗ ⲙ ⲡ ⲙⲟⲛⲁⲥⲧⲏⲣⲓⲟⲛ"/>
		<feat xlink:href="#sSpan11546" value="ⲡ ⲙⲟⲛⲁⲥⲧⲏⲣⲓⲟⲛ"/>
		<feat xlink:href="#sSpan11559" value="ϫⲱ ⲓ"/>
		<feat xlink:href="#sSpan11568" value="ⲡ ϩⲟⲟⲩ"/>
		<feat xlink:href="#sSpan11582" value="ⲡ ⲛⲟⲩⲧⲉ"/>
		<feat xlink:href="#sSpan11602" value="ⲡⲁ ϩⲏⲧ"/>
		<feat xlink:href="#sSpan11619" value="ⲧ ⲙⲛⲧⲙⲟⲛⲁⲭⲟⲥ"/>
		<feat xlink:href="#sSpan11632" value="ⲡⲉ ⲥⲭⲏⲙⲁ ⲛ ⲁⲅⲅⲉⲗⲓⲕⲟⲛ"/>
		<feat xlink:href="#sSpan11649" value="ⲡ ⲁⲣⲭⲓⲙⲁⲛⲇⲣⲓⲧⲏⲥ"/>
		<feat xlink:href="#sSpan11721" value="ⲡⲉ ⲥⲭⲏⲙⲁ ⲛ ⲁⲅⲅⲉⲗⲓⲕⲟⲛ"/>
		<feat xlink:href="#sSpan11754" value="ⲡⲉϥ ϩⲏⲧ"/>
		<feat xlink:href="#sSpan11794" value="ⲡ ⲛⲟⲩⲧⲉ"/>
		<feat xlink:href="#sSpan11803" value="ⲡⲉ ϩⲟⲟⲩ"/>
		<feat xlink:href="#sSpan11813" value="ⲧⲉ ⲩϣⲏ"/>
		<feat xlink:href="#sSpan11842" value="ⲛⲉϥ ϣⲗⲏⲗ"/>
		<feat xlink:href="#sSpan11854" value="ⲛⲉϥ ⲡⲟⲗⲓⲧⲉⲓⲁ"/>
		<feat xlink:href="#sSpan11868" value="ⲛⲉϥ ⲁⲥⲕⲏⲥⲓⲥ"/>
		<feat xlink:href="#sSpan11899" value="ϩⲁϩ ⲛ ⲛ ⲉⲧ ϩⲓⲧⲟⲩⲱ ϥ"/>
		<feat xlink:href="#sSpan11906" value="ⲛ ⲉⲧ ϩⲓⲧⲟⲩⲱ ϥ"/>
		<feat xlink:href="#sSpan11929" value="ⲥⲟ ⲅⲁⲣ ⲛ ⲣⲟⲙⲡⲉ"/>
		<feat xlink:href="#sSpan11948" value="ϯ ϩⲩⲡⲟⲙⲟⲛⲏ"/>
		<feat xlink:href="#sSpan11958" value="ϯ ⲙⲓⲛⲉ"/>
		<feat xlink:href="#sSpan11967" value="ⲧ ϩⲟⲧⲉ ⲙ ⲡ ⲛⲟⲩⲧⲉ"/>
		<feat xlink:href="#sSpan11977" value="ⲡ ⲛⲟⲩⲧⲉ"/>
		<feat xlink:href="#sSpan12008" value="ϩⲉⲛ ⲛⲟϭ ⲙ ⲡⲟⲗⲓⲧⲉⲓⲁ"/>
		<feat xlink:href="#sSpan12024" value="ϩⲉⲛ ⲁⲥⲕⲏⲥⲓⲥ ⲉ ⲛⲁϣⲱ ⲟⲩ"/>
		<feat xlink:href="#sSpan12068" value="ⲡ ⲁⲣⲭⲏⲙⲁⲛⲧⲣⲓⲧⲏⲥ"/>
		<feat xlink:href="#sSpan12099" value="ⲡ ⲁⲣⲭⲓⲙⲁⲛⲇⲣⲓⲧⲏⲥ"/>
		<feat xlink:href="#sSpan12117" value="ⲡⲁ ϣⲏⲣⲉ"/>
		<feat xlink:href="#sSpan12126" value="ⲟⲩ ϣⲏⲣⲉ ϣⲏⲙ"/>
		<feat xlink:href="#sSpan12177" value="ϩⲉⲛ ⲛⲟϭ ⲛ ⲁⲥⲕⲏⲥⲓⲥ ⲉ ⲛⲁϣⲱ ⲟⲩ"/>
		<feat xlink:href="#sSpan12210" value="ⲡⲉⲕ ⲥⲱⲙⲁ"/>
		<feat xlink:href="#sSpan12249" value="ⲡⲉ ϣⲗⲏⲗ"/>
		<feat xlink:href="#sSpan12262" value="ⲧ ⲛⲏⲥⲧⲉⲓⲁ"/>
		<feat xlink:href="#sSpan12286" value="ⲡ ⲣⲱϣⲉ ⲛ ⲉⲅⲕⲣⲁⲧⲉⲓⲁ"/>
		<feat xlink:href="#sSpan12307" value="ⲡ ⲣⲱⲙⲉ"/>
		<feat xlink:href="#sSpan12316" value="ϭⲱⲃ"/>
		<feat xlink:href="#sSpan12344" value="ⲓⲱϩⲁⲛⲛⲏⲥ"/>
		<feat xlink:href="#sSpan12370" value="ⲙ ⲡⲟⲗⲓⲧⲉⲓⲁ · ⲉ ⲛⲉ ϥ ⲉⲓⲣⲉ ⲙⲙⲟ ⲟⲩ"/></featList></paula>