<?xml version='1.0' encoding='UTF-8'?><!DOCTYPE paula SYSTEM "paula_feat.dtd">
<paula version="1.1">
	<header paula_id="scriptorium.life.john_kal.01.mark_chapter_n"/>
	<featList xmlns:xlink="http://www.w3.org/1999/xlink" type="chapter_n" xml:base="scriptorium.life.john_kal.01.mark.xml">
		<feat xlink:href="#sSpan8" value="1"/>
		<feat xlink:href="#sSpan255" value="2"/>
		<feat xlink:href="#sSpan576" value="3"/>
		<feat xlink:href="#sSpan931" value="4"/>
		<feat xlink:href="#sSpan1107" value="5"/>
		<feat xlink:href="#sSpan1309" value="6"/>
		<feat xlink:href="#sSpan1401" value="7"/>
		<feat xlink:href="#sSpan1675" value="8"/>
		<feat xlink:href="#sSpan2029" value="9"/>
		<feat xlink:href="#sSpan2137" value="10"/>
		<feat xlink:href="#sSpan2606" value="11"/>
		<feat xlink:href="#sSpan2710" value="12"/>
		<feat xlink:href="#sSpan2812" value="13"/>
		<feat xlink:href="#sSpan3051" value="14"/>
		<feat xlink:href="#sSpan3386" value="15"/>
		<feat xlink:href="#sSpan3568" value="16"/>
		<feat xlink:href="#sSpan3836" value="17"/>
		<feat xlink:href="#sSpan4079" value="18"/>
		<feat xlink:href="#sSpan4246" value="19"/>
		<feat xlink:href="#sSpan4327" value="20"/>
		<feat xlink:href="#sSpan4523" value="21"/>
		<feat xlink:href="#sSpan4776" value="22"/>
		<feat xlink:href="#sSpan4835" value="23"/>
		<feat xlink:href="#sSpan5353" value="24"/>
		<feat xlink:href="#sSpan6603" value="25"/>
		<feat xlink:href="#sSpan6837" value="26"/>
		<feat xlink:href="#sSpan7448" value="27"/>
		<feat xlink:href="#sSpan7714" value="28"/>
		<feat xlink:href="#sSpan7962" value="29"/>
		<feat xlink:href="#sSpan8083" value="30"/>
		<feat xlink:href="#sSpan8273" value="31"/>
		<feat xlink:href="#sSpan8355" value="32"/>
		<feat xlink:href="#sSpan9008" value="33"/>
		<feat xlink:href="#sSpan9106" value="34"/>
		<feat xlink:href="#sSpan9216" value="35"/>
		<feat xlink:href="#sSpan9412" value="36"/>
		<feat xlink:href="#sSpan9757" value="37"/>
		<feat xlink:href="#sSpan9829" value="38"/>
		<feat xlink:href="#sSpan9950" value="39"/>
		<feat xlink:href="#sSpan10052" value="40"/>
		<feat xlink:href="#sSpan10613" value="41"/>
		<feat xlink:href="#sSpan10792" value="42"/>
		<feat xlink:href="#sSpan10933" value="43"/>
		<feat xlink:href="#sSpan11352" value="44"/>
		<feat xlink:href="#sSpan12028" value="45"/></featList></paula>