<?xml version='1.0' encoding='UTF-8'?><!DOCTYPE paula SYSTEM "paula_feat.dtd">
<paula version="1.1">
	<header paula_id="scriptorium.life.onnophrius.04.mark_ed_page_n"/>
	<featList xmlns:xlink="http://www.w3.org/1999/xlink" type="ed_page_n" xml:base="scriptorium.life.onnophrius.04.mark.xml">
		<feat xlink:href="#sSpan7" value="15"/>
		<feat xlink:href="#sSpan64" value="16"/>
		<feat xlink:href="#sSpan1548" value="17"/>
		<feat xlink:href="#sSpan3016" value="18"/>
		<feat xlink:href="#sSpan4519" value="19"/>
		<feat xlink:href="#sSpan5739" value="20"/></featList></paula>