<?xml version='1.0' encoding='UTF-8'?><!DOCTYPE paula SYSTEM "paula_feat.dtd">
<paula version="1.1">
	<header paula_id="scriptorium.life.onnophrius.04.dep_func"/>
	<featList xmlns:xlink="http://www.w3.org/1999/xlink" type="func" xml:base="scriptorium.life.onnophrius.04.dep.xml">
		<feat xlink:href="#sPointingRel1" value="aux"/>
		<feat xlink:href="#sPointingRel3" value="mark"/>
		<feat xlink:href="#sPointingRel5" value="obj"/>
		<feat xlink:href="#sPointingRel7" value="case"/>
		<feat xlink:href="#sPointingRel9" value="det"/>
		<feat xlink:href="#sPointingRel11" value="case"/>
		<feat xlink:href="#sPointingRel13" value="det"/>
		<feat xlink:href="#sPointingRel15" value="case"/>
		<feat xlink:href="#sPointingRel17" value="aux"/>
		<feat xlink:href="#sPointingRel19" value="obl"/>
		<feat xlink:href="#sPointingRel21" value="aux"/>
		<feat xlink:href="#sPointingRel23" value="mark"/>
		<feat xlink:href="#sPointingRel25" value="nsubj"/>
		<feat xlink:href="#sPointingRel27" value="obl"/>
		<feat xlink:href="#sPointingRel29" value="case"/>
		<feat xlink:href="#sPointingRel31" value="obj"/>
		<feat xlink:href="#sPointingRel33" value="obl"/>
		<feat xlink:href="#sPointingRel35" value="aux"/>
		<feat xlink:href="#sPointingRel37" value="det"/>
		<feat xlink:href="#sPointingRel39" value="det"/>
		<feat xlink:href="#sPointingRel41" value="obl"/>
		<feat xlink:href="#sPointingRel43" value="advmod"/>
		<feat xlink:href="#sPointingRel45" value="case"/>
		<feat xlink:href="#sPointingRel47" value="cc"/>
		<feat xlink:href="#sPointingRel49" value="obl"/>
		<feat xlink:href="#sPointingRel51" value="cc"/>
		<feat xlink:href="#sPointingRel53" value="obl"/>
		<feat xlink:href="#sPointingRel55" value="nsubj"/>
		<feat xlink:href="#sPointingRel57" value="acl:relcl"/>
		<feat xlink:href="#sPointingRel59" value="nsubj"/>
		<feat xlink:href="#sPointingRel61" value="nsubj"/>
		<feat xlink:href="#sPointingRel63" value="case"/>
		<feat xlink:href="#sPointingRel65" value="dislocated"/>
		<feat xlink:href="#sPointingRel67" value="det"/>
		<feat xlink:href="#sPointingRel69" value="obl"/>
		<feat xlink:href="#sPointingRel71" value="det"/>
		<feat xlink:href="#sPointingRel73" value="case"/>
		<feat xlink:href="#sPointingRel75" value="advmod"/>
		<feat xlink:href="#sPointingRel77" value="aux"/>
		<feat xlink:href="#sPointingRel79" value="conj"/>
		<feat xlink:href="#sPointingRel81" value="mark"/>
		<feat xlink:href="#sPointingRel83" value="case"/>
		<feat xlink:href="#sPointingRel85" value="nsubj"/>
		<feat xlink:href="#sPointingRel87" value="nmod"/>
		<feat xlink:href="#sPointingRel89" value="conj"/>
		<feat xlink:href="#sPointingRel91" value="nsubj"/>
		<feat xlink:href="#sPointingRel93" value="nsubj"/>
		<feat xlink:href="#sPointingRel95" value="nsubj"/>
		<feat xlink:href="#sPointingRel97" value="advmod"/>
		<feat xlink:href="#sPointingRel99" value="nsubj"/>
		<feat xlink:href="#sPointingRel101" value="nsubj"/>
		<feat xlink:href="#sPointingRel103" value="mark"/>
		<feat xlink:href="#sPointingRel105" value="nsubj"/>
		<feat xlink:href="#sPointingRel107" value="appos"/>
		<feat xlink:href="#sPointingRel109" value="obl"/>
		<feat xlink:href="#sPointingRel111" value="dep"/>
		<feat xlink:href="#sPointingRel113" value="case"/>
		<feat xlink:href="#sPointingRel115" value="mark"/>
		<feat xlink:href="#sPointingRel117" value="nsubj"/>
		<feat xlink:href="#sPointingRel119" value="aux"/>
		<feat xlink:href="#sPointingRel121" value="case"/>
		<feat xlink:href="#sPointingRel123" value="case"/>
		<feat xlink:href="#sPointingRel125" value="det"/>
		<feat xlink:href="#sPointingRel127" value="cc"/>
		<feat xlink:href="#sPointingRel129" value="mark"/>
		<feat xlink:href="#sPointingRel131" value="det"/>
		<feat xlink:href="#sPointingRel133" value="obl"/>
		<feat xlink:href="#sPointingRel135" value="case"/>
		<feat xlink:href="#sPointingRel137" value="advmod"/>
		<feat xlink:href="#sPointingRel139" value="case"/>
		<feat xlink:href="#sPointingRel141" value="obl"/>
		<feat xlink:href="#sPointingRel143" value="mark"/>
		<feat xlink:href="#sPointingRel145" value="mark"/>
		<feat xlink:href="#sPointingRel147" value="det"/>
		<feat xlink:href="#sPointingRel149" value="conj"/>
		<feat xlink:href="#sPointingRel151" value="obj"/>
		<feat xlink:href="#sPointingRel153" value="acl:relcl"/>
		<feat xlink:href="#sPointingRel155" value="cc"/>
		<feat xlink:href="#sPointingRel157" value="obl"/>
		<feat xlink:href="#sPointingRel159" value="nmod"/>
		<feat xlink:href="#sPointingRel161" value="fixed"/>
		<feat xlink:href="#sPointingRel163" value="case"/>
		<feat xlink:href="#sPointingRel165" value="det"/>
		<feat xlink:href="#sPointingRel167" value="case"/>
		<feat xlink:href="#sPointingRel169" value="conj"/>
		<feat xlink:href="#sPointingRel171" value="det"/>
		<feat xlink:href="#sPointingRel173" value="cop"/>
		<feat xlink:href="#sPointingRel175" value="aux"/>
		<feat xlink:href="#sPointingRel177" value="nmod"/>
		<feat xlink:href="#sPointingRel179" value="det"/>
		<feat xlink:href="#sPointingRel181" value="advcl"/>
		<feat xlink:href="#sPointingRel183" value="nsubj"/>
		<feat xlink:href="#sPointingRel185" value="det"/>
		<feat xlink:href="#sPointingRel187" value="advcl"/>
		<feat xlink:href="#sPointingRel189" value="nsubj"/>
		<feat xlink:href="#sPointingRel191" value="advmod"/>
		<feat xlink:href="#sPointingRel193" value="aux"/>
		<feat xlink:href="#sPointingRel195" value="xcomp"/>
		<feat xlink:href="#sPointingRel197" value="aux"/>
		<feat xlink:href="#sPointingRel199" value="nmod"/>
		<feat xlink:href="#sPointingRel201" value="case"/>
		<feat xlink:href="#sPointingRel203" value="nsubj"/>
		<feat xlink:href="#sPointingRel205" value="xcomp"/>
		<feat xlink:href="#sPointingRel207" value="conj"/>
		<feat xlink:href="#sPointingRel209" value="aux"/>
		<feat xlink:href="#sPointingRel211" value="obl:npmod"/>
		<feat xlink:href="#sPointingRel213" value="case"/>
		<feat xlink:href="#sPointingRel215" value="case"/>
		<feat xlink:href="#sPointingRel217" value="aux"/>
		<feat xlink:href="#sPointingRel219" value="case"/>
		<feat xlink:href="#sPointingRel221" value="cop"/>
		<feat xlink:href="#sPointingRel223" value="obl"/>
		<feat xlink:href="#sPointingRel225" value="case"/>
		<feat xlink:href="#sPointingRel227" value="conj"/>
		<feat xlink:href="#sPointingRel229" value="case"/>
		<feat xlink:href="#sPointingRel231" value="det"/>
		<feat xlink:href="#sPointingRel233" value="det"/>
		<feat xlink:href="#sPointingRel235" value="nmod"/>
		<feat xlink:href="#sPointingRel237" value="aux"/>
		<feat xlink:href="#sPointingRel239" value="obj"/>
		<feat xlink:href="#sPointingRel241" value="cop"/>
		<feat xlink:href="#sPointingRel243" value="cc"/>
		<feat xlink:href="#sPointingRel245" value="det"/>
		<feat xlink:href="#sPointingRel247" value="det"/>
		<feat xlink:href="#sPointingRel249" value="advcl"/>
		<feat xlink:href="#sPointingRel251" value="case"/>
		<feat xlink:href="#sPointingRel253" value="flat"/>
		<feat xlink:href="#sPointingRel255" value="obl"/>
		<feat xlink:href="#sPointingRel257" value="obl"/>
		<feat xlink:href="#sPointingRel259" value="nsubj"/>
		<feat xlink:href="#sPointingRel261" value="case"/>
		<feat xlink:href="#sPointingRel263" value="case"/>
		<feat xlink:href="#sPointingRel265" value="nsubj"/>
		<feat xlink:href="#sPointingRel267" value="obl"/>
		<feat xlink:href="#sPointingRel269" value="case"/>
		<feat xlink:href="#sPointingRel271" value="obj"/>
		<feat xlink:href="#sPointingRel273" value="det"/>
		<feat xlink:href="#sPointingRel275" value="nmod"/>
		<feat xlink:href="#sPointingRel277" value="obl"/>
		<feat xlink:href="#sPointingRel279" value="conj"/>
		<feat xlink:href="#sPointingRel281" value="case"/>
		<feat xlink:href="#sPointingRel283" value="case"/>
		<feat xlink:href="#sPointingRel285" value="advmod"/>
		<feat xlink:href="#sPointingRel287" value="case"/>
		<feat xlink:href="#sPointingRel289" value="det"/>
		<feat xlink:href="#sPointingRel291" value="det"/>
		<feat xlink:href="#sPointingRel293" value="det"/>
		<feat xlink:href="#sPointingRel295" value="obj"/>
		<feat xlink:href="#sPointingRel297" value="nsubj"/>
		<feat xlink:href="#sPointingRel299" value="obl"/>
		<feat xlink:href="#sPointingRel301" value="advmod"/>
		<feat xlink:href="#sPointingRel303" value="det"/>
		<feat xlink:href="#sPointingRel305" value="obl:npmod"/>
		<feat xlink:href="#sPointingRel307" value="nsubj"/>
		<feat xlink:href="#sPointingRel309" value="obl"/>
		<feat xlink:href="#sPointingRel311" value="case"/>
		<feat xlink:href="#sPointingRel313" value="det"/>
		<feat xlink:href="#sPointingRel315" value="case"/>
		<feat xlink:href="#sPointingRel317" value="advmod"/>
		<feat xlink:href="#sPointingRel319" value="advmod"/>
		<feat xlink:href="#sPointingRel321" value="dep"/>
		<feat xlink:href="#sPointingRel323" value="aux"/>
		<feat xlink:href="#sPointingRel325" value="aux"/>
		<feat xlink:href="#sPointingRel327" value="nsubj"/>
		<feat xlink:href="#sPointingRel329" value="aux"/>
		<feat xlink:href="#sPointingRel331" value="case"/>
		<feat xlink:href="#sPointingRel333" value="obl"/>
		<feat xlink:href="#sPointingRel335" value="det"/>
		<feat xlink:href="#sPointingRel337" value="det"/>
		<feat xlink:href="#sPointingRel339" value="advmod"/>
		<feat xlink:href="#sPointingRel341" value="det"/>
		<feat xlink:href="#sPointingRel343" value="obl"/>
		<feat xlink:href="#sPointingRel345" value="det"/>
		<feat xlink:href="#sPointingRel347" value="parataxis"/>
		<feat xlink:href="#sPointingRel349" value="case"/>
		<feat xlink:href="#sPointingRel351" value="ccomp"/>
		<feat xlink:href="#sPointingRel353" value="advcl"/>
		<feat xlink:href="#sPointingRel355" value="obl:npmod"/>
		<feat xlink:href="#sPointingRel357" value="appos"/>
		<feat xlink:href="#sPointingRel359" value="det"/>
		<feat xlink:href="#sPointingRel361" value="obl"/>
		<feat xlink:href="#sPointingRel363" value="obj"/>
		<feat xlink:href="#sPointingRel365" value="mark"/>
		<feat xlink:href="#sPointingRel367" value="det"/>
		<feat xlink:href="#sPointingRel369" value="case"/>
		<feat xlink:href="#sPointingRel371" value="advmod"/>
		<feat xlink:href="#sPointingRel373" value="conj"/>
		<feat xlink:href="#sPointingRel375" value="nummod"/>
		<feat xlink:href="#sPointingRel377" value="aux"/>
		<feat xlink:href="#sPointingRel379" value="nsubj"/>
		<feat xlink:href="#sPointingRel381" value="det"/>
		<feat xlink:href="#sPointingRel383" value="advcl"/>
		<feat xlink:href="#sPointingRel385" value="obl"/>
		<feat xlink:href="#sPointingRel387" value="case"/>
		<feat xlink:href="#sPointingRel389" value="xcomp"/>
		<feat xlink:href="#sPointingRel391" value="advcl"/>
		<feat xlink:href="#sPointingRel393" value="obl"/>
		<feat xlink:href="#sPointingRel395" value="obj"/>
		<feat xlink:href="#sPointingRel397" value="case"/>
		<feat xlink:href="#sPointingRel399" value="cc"/>
		<feat xlink:href="#sPointingRel401" value="parataxis"/>
		<feat xlink:href="#sPointingRel403" value="nmod"/>
		<feat xlink:href="#sPointingRel405" value="advmod"/>
		<feat xlink:href="#sPointingRel407" value="mark"/>
		<feat xlink:href="#sPointingRel409" value="nsubj"/>
		<feat xlink:href="#sPointingRel411" value="det"/>
		<feat xlink:href="#sPointingRel413" value="nsubj"/>
		<feat xlink:href="#sPointingRel415" value="det"/>
		<feat xlink:href="#sPointingRel417" value="case"/>
		<feat xlink:href="#sPointingRel419" value="advmod"/>
		<feat xlink:href="#sPointingRel421" value="aux"/>
		<feat xlink:href="#sPointingRel423" value="advmod"/>
		<feat xlink:href="#sPointingRel425" value="nsubj"/>
		<feat xlink:href="#sPointingRel427" value="case"/>
		<feat xlink:href="#sPointingRel429" value="conj"/>
		<feat xlink:href="#sPointingRel431" value="det"/>
		<feat xlink:href="#sPointingRel433" value="obl"/>
		<feat xlink:href="#sPointingRel435" value="case"/>
		<feat xlink:href="#sPointingRel437" value="xcomp"/>
		<feat xlink:href="#sPointingRel439" value="nsubj"/>
		<feat xlink:href="#sPointingRel441" value="obl"/>
		<feat xlink:href="#sPointingRel443" value="appos"/>
		<feat xlink:href="#sPointingRel445" value="det"/>
		<feat xlink:href="#sPointingRel447" value="advcl"/>
		<feat xlink:href="#sPointingRel449" value="conj"/>
		<feat xlink:href="#sPointingRel451" value="cc"/>
		<feat xlink:href="#sPointingRel453" value="case"/>
		<feat xlink:href="#sPointingRel455" value="obl"/>
		<feat xlink:href="#sPointingRel457" value="det"/>
		<feat xlink:href="#sPointingRel459" value="obj"/>
		<feat xlink:href="#sPointingRel461" value="mark"/>
		<feat xlink:href="#sPointingRel463" value="case"/>
		<feat xlink:href="#sPointingRel465" value="nsubj"/>
		<feat xlink:href="#sPointingRel467" value="aux"/>
		<feat xlink:href="#sPointingRel469" value="det"/>
		<feat xlink:href="#sPointingRel471" value="conj"/>
		<feat xlink:href="#sPointingRel473" value="nsubj"/>
		<feat xlink:href="#sPointingRel475" value="mark"/>
		<feat xlink:href="#sPointingRel477" value="aux"/>
		<feat xlink:href="#sPointingRel479" value="aux"/>
		<feat xlink:href="#sPointingRel481" value="case"/>
		<feat xlink:href="#sPointingRel483" value="nsubj"/>
		<feat xlink:href="#sPointingRel485" value="nsubj"/>
		<feat xlink:href="#sPointingRel487" value="case"/>
		<feat xlink:href="#sPointingRel489" value="nmod"/>
		<feat xlink:href="#sPointingRel491" value="mark"/>
		<feat xlink:href="#sPointingRel493" value="case"/>
		<feat xlink:href="#sPointingRel495" value="obl"/>
		<feat xlink:href="#sPointingRel497" value="det"/>
		<feat xlink:href="#sPointingRel499" value="obl"/>
		<feat xlink:href="#sPointingRel501" value="obj"/>
		<feat xlink:href="#sPointingRel503" value="det"/>
		<feat xlink:href="#sPointingRel505" value="det"/>
		<feat xlink:href="#sPointingRel507" value="case"/>
		<feat xlink:href="#sPointingRel509" value="advmod"/>
		<feat xlink:href="#sPointingRel511" value="aux"/>
		<feat xlink:href="#sPointingRel513" value="obl"/>
		<feat xlink:href="#sPointingRel515" value="mark"/>
		<feat xlink:href="#sPointingRel517" value="obj"/>
		<feat xlink:href="#sPointingRel519" value="case"/>
		<feat xlink:href="#sPointingRel521" value="det"/>
		<feat xlink:href="#sPointingRel523" value="nsubj"/>
		<feat xlink:href="#sPointingRel525" value="obl"/>
		<feat xlink:href="#sPointingRel527" value="det"/>
		<feat xlink:href="#sPointingRel529" value="case"/>
		<feat xlink:href="#sPointingRel531" value="obl"/>
		<feat xlink:href="#sPointingRel533" value="mark"/>
		<feat xlink:href="#sPointingRel535" value="mark"/>
		<feat xlink:href="#sPointingRel537" value="advmod"/>
		<feat xlink:href="#sPointingRel539" value="case"/>
		<feat xlink:href="#sPointingRel541" value="case"/>
		<feat xlink:href="#sPointingRel543" value="det"/>
		<feat xlink:href="#sPointingRel545" value="ccomp"/>
		<feat xlink:href="#sPointingRel547" value="case"/>
		<feat xlink:href="#sPointingRel549" value="nsubj"/>
		<feat xlink:href="#sPointingRel551" value="det"/>
		<feat xlink:href="#sPointingRel553" value="conj"/>
		<feat xlink:href="#sPointingRel555" value="obl"/>
		<feat xlink:href="#sPointingRel557" value="dep"/>
		<feat xlink:href="#sPointingRel559" value="mark"/>
		<feat xlink:href="#sPointingRel561" value="aux"/>
		<feat xlink:href="#sPointingRel563" value="nsubj"/>
		<feat xlink:href="#sPointingRel565" value="aux"/>
		<feat xlink:href="#sPointingRel567" value="obl"/>
		<feat xlink:href="#sPointingRel569" value="appos"/>
		<feat xlink:href="#sPointingRel571" value="nmod"/>
		<feat xlink:href="#sPointingRel573" value="aux"/>
		<feat xlink:href="#sPointingRel575" value="parataxis"/>
		<feat xlink:href="#sPointingRel577" value="obl"/>
		<feat xlink:href="#sPointingRel579" value="advmod"/>
		<feat xlink:href="#sPointingRel581" value="aux"/>
		<feat xlink:href="#sPointingRel583" value="case"/>
		<feat xlink:href="#sPointingRel585" value="cc"/>
		<feat xlink:href="#sPointingRel587" value="case"/>
		<feat xlink:href="#sPointingRel589" value="aux"/>
		<feat xlink:href="#sPointingRel591" value="obl"/>
		<feat xlink:href="#sPointingRel593" value="mark"/>
		<feat xlink:href="#sPointingRel595" value="obl"/>
		<feat xlink:href="#sPointingRel597" value="det"/>
		<feat xlink:href="#sPointingRel599" value="obl"/>
		<feat xlink:href="#sPointingRel601" value="ccomp"/>
		<feat xlink:href="#sPointingRel603" value="nsubj"/>
		<feat xlink:href="#sPointingRel605" value="conj"/>
		<feat xlink:href="#sPointingRel607" value="nsubj"/>
		<feat xlink:href="#sPointingRel609" value="advmod"/>
		<feat xlink:href="#sPointingRel611" value="det"/>
		<feat xlink:href="#sPointingRel613" value="det"/>
		<feat xlink:href="#sPointingRel615" value="nmod"/>
		<feat xlink:href="#sPointingRel617" value="case"/>
		<feat xlink:href="#sPointingRel619" value="nsubj"/>
		<feat xlink:href="#sPointingRel621" value="nsubj"/>
		<feat xlink:href="#sPointingRel623" value="nsubj"/>
		<feat xlink:href="#sPointingRel625" value="fixed"/>
		<feat xlink:href="#sPointingRel627" value="appos"/>
		<feat xlink:href="#sPointingRel629" value="det"/>
		<feat xlink:href="#sPointingRel631" value="nmod"/>
		<feat xlink:href="#sPointingRel633" value="det"/>
		<feat xlink:href="#sPointingRel635" value="aux"/>
		<feat xlink:href="#sPointingRel637" value="nmod"/>
		<feat xlink:href="#sPointingRel639" value="aux"/>
		<feat xlink:href="#sPointingRel641" value="det"/>
		<feat xlink:href="#sPointingRel643" value="aux"/>
		<feat xlink:href="#sPointingRel645" value="aux"/>
		<feat xlink:href="#sPointingRel647" value="obl"/>
		<feat xlink:href="#sPointingRel649" value="nmod"/>
		<feat xlink:href="#sPointingRel651" value="aux"/>
		<feat xlink:href="#sPointingRel653" value="ccomp"/>
		<feat xlink:href="#sPointingRel655" value="nmod"/>
		<feat xlink:href="#sPointingRel657" value="det"/>
		<feat xlink:href="#sPointingRel659" value="case"/>
		<feat xlink:href="#sPointingRel661" value="det"/>
		<feat xlink:href="#sPointingRel663" value="dislocated"/>
		<feat xlink:href="#sPointingRel665" value="acl:relcl"/>
		<feat xlink:href="#sPointingRel667" value="mark"/>
		<feat xlink:href="#sPointingRel669" value="nsubj"/>
		<feat xlink:href="#sPointingRel671" value="dislocated"/>
		<feat xlink:href="#sPointingRel673" value="nsubj"/>
		<feat xlink:href="#sPointingRel675" value="conj"/>
		<feat xlink:href="#sPointingRel677" value="fixed"/>
		<feat xlink:href="#sPointingRel679" value="advmod"/>
		<feat xlink:href="#sPointingRel681" value="case"/>
		<feat xlink:href="#sPointingRel683" value="cc"/>
		<feat xlink:href="#sPointingRel685" value="det"/>
		<feat xlink:href="#sPointingRel687" value="obl"/>
		<feat xlink:href="#sPointingRel689" value="advmod"/>
		<feat xlink:href="#sPointingRel691" value="case"/>
		<feat xlink:href="#sPointingRel693" value="dislocated"/>
		<feat xlink:href="#sPointingRel695" value="case"/>
		<feat xlink:href="#sPointingRel697" value="det"/>
		<feat xlink:href="#sPointingRel699" value="obj"/>
		<feat xlink:href="#sPointingRel701" value="obl"/>
		<feat xlink:href="#sPointingRel703" value="nmod"/>
		<feat xlink:href="#sPointingRel705" value="advmod"/>
		<feat xlink:href="#sPointingRel707" value="case"/>
		<feat xlink:href="#sPointingRel709" value="obl"/>
		<feat xlink:href="#sPointingRel711" value="det"/>
		<feat xlink:href="#sPointingRel713" value="det"/>
		<feat xlink:href="#sPointingRel715" value="det"/>
		<feat xlink:href="#sPointingRel717" value="nsubj"/>
		<feat xlink:href="#sPointingRel719" value="case"/>
		<feat xlink:href="#sPointingRel721" value="nsubj"/>
		<feat xlink:href="#sPointingRel723" value="cc"/>
		<feat xlink:href="#sPointingRel725" value="case"/>
		<feat xlink:href="#sPointingRel727" value="obl"/>
		<feat xlink:href="#sPointingRel729" value="advmod"/>
		<feat xlink:href="#sPointingRel731" value="aux"/>
		<feat xlink:href="#sPointingRel733" value="dislocated"/>
		<feat xlink:href="#sPointingRel735" value="obl"/>
		<feat xlink:href="#sPointingRel737" value="advmod"/>
		<feat xlink:href="#sPointingRel739" value="nsubj"/>
		<feat xlink:href="#sPointingRel741" value="case"/>
		<feat xlink:href="#sPointingRel743" value="det"/>
		<feat xlink:href="#sPointingRel745" value="case"/>
		<feat xlink:href="#sPointingRel747" value="det"/>
		<feat xlink:href="#sPointingRel749" value="aux"/>
		<feat xlink:href="#sPointingRel751" value="det"/>
		<feat xlink:href="#sPointingRel753" value="mark"/>
		<feat xlink:href="#sPointingRel755" value="case"/>
		<feat xlink:href="#sPointingRel757" value="mark"/>
		<feat xlink:href="#sPointingRel759" value="det"/>
		<feat xlink:href="#sPointingRel761" value="case"/>
		<feat xlink:href="#sPointingRel763" value="obl"/>
		<feat xlink:href="#sPointingRel765" value="case"/>
		<feat xlink:href="#sPointingRel767" value="case"/>
		<feat xlink:href="#sPointingRel769" value="det"/>
		<feat xlink:href="#sPointingRel771" value="det"/>
		<feat xlink:href="#sPointingRel773" value="nsubj"/>
		<feat xlink:href="#sPointingRel775" value="obl"/>
		<feat xlink:href="#sPointingRel777" value="obl"/>
		<feat xlink:href="#sPointingRel779" value="mark"/>
		<feat xlink:href="#sPointingRel781" value="aux"/>
		<feat xlink:href="#sPointingRel783" value="xcomp"/>
		<feat xlink:href="#sPointingRel785" value="case"/>
		<feat xlink:href="#sPointingRel787" value="cop"/>
		<feat xlink:href="#sPointingRel789" value="case"/>
		<feat xlink:href="#sPointingRel791" value="case"/>
		<feat xlink:href="#sPointingRel793" value="det"/>
		<feat xlink:href="#sPointingRel795" value="obl"/>
		<feat xlink:href="#sPointingRel797" value="aux"/>
		<feat xlink:href="#sPointingRel799" value="case"/>
		<feat xlink:href="#sPointingRel801" value="nsubj"/>
		<feat xlink:href="#sPointingRel803" value="obj"/>
		<feat xlink:href="#sPointingRel805" value="advmod"/>
		<feat xlink:href="#sPointingRel807" value="obl"/>
		<feat xlink:href="#sPointingRel809" value="det"/>
		<feat xlink:href="#sPointingRel811" value="nummod"/>
		<feat xlink:href="#sPointingRel813" value="case"/>
		<feat xlink:href="#sPointingRel815" value="obl"/>
		<feat xlink:href="#sPointingRel817" value="case"/>
		<feat xlink:href="#sPointingRel819" value="nmod"/>
		<feat xlink:href="#sPointingRel821" value="aux"/>
		<feat xlink:href="#sPointingRel823" value="det"/>
		<feat xlink:href="#sPointingRel825" value="det"/>
		<feat xlink:href="#sPointingRel827" value="acl:relcl"/>
		<feat xlink:href="#sPointingRel829" value="aux"/>
		<feat xlink:href="#sPointingRel831" value="obl"/>
		<feat xlink:href="#sPointingRel833" value="det"/>
		<feat xlink:href="#sPointingRel835" value="case"/>
		<feat xlink:href="#sPointingRel837" value="aux"/>
		<feat xlink:href="#sPointingRel839" value="det"/>
		<feat xlink:href="#sPointingRel841" value="case"/>
		<feat xlink:href="#sPointingRel843" value="advcl"/>
		<feat xlink:href="#sPointingRel845" value="cc"/>
		<feat xlink:href="#sPointingRel847" value="case"/>
		<feat xlink:href="#sPointingRel849" value="det"/>
		<feat xlink:href="#sPointingRel851" value="advmod"/>
		<feat xlink:href="#sPointingRel853" value="case"/>
		<feat xlink:href="#sPointingRel855" value="obl"/>
		<feat xlink:href="#sPointingRel857" value="det"/>
		<feat xlink:href="#sPointingRel859" value="det"/>
		<feat xlink:href="#sPointingRel861" value="nmod"/>
		<feat xlink:href="#sPointingRel863" value="det"/>
		<feat xlink:href="#sPointingRel865" value="nsubj"/>
		<feat xlink:href="#sPointingRel867" value="case"/>
		<feat xlink:href="#sPointingRel869" value="aux"/>
		<feat xlink:href="#sPointingRel871" value="advmod"/>
		<feat xlink:href="#sPointingRel873" value="det"/>
		<feat xlink:href="#sPointingRel875" value="case"/>
		<feat xlink:href="#sPointingRel877" value="nsubj"/>
		<feat xlink:href="#sPointingRel879" value="aux"/>
		<feat xlink:href="#sPointingRel881" value="aux"/>
		<feat xlink:href="#sPointingRel883" value="obj"/>
		<feat xlink:href="#sPointingRel885" value="case"/>
		<feat xlink:href="#sPointingRel887" value="obl:npmod"/>
		<feat xlink:href="#sPointingRel889" value="det"/>
		<feat xlink:href="#sPointingRel891" value="nsubj"/>
		<feat xlink:href="#sPointingRel893" value="mark"/>
		<feat xlink:href="#sPointingRel895" value="det"/>
		<feat xlink:href="#sPointingRel897" value="nmod"/>
		<feat xlink:href="#sPointingRel899" value="obl"/>
		<feat xlink:href="#sPointingRel901" value="det"/>
		<feat xlink:href="#sPointingRel903" value="case"/>
		<feat xlink:href="#sPointingRel905" value="acl:relcl"/>
		<feat xlink:href="#sPointingRel907" value="acl:relcl"/>
		<feat xlink:href="#sPointingRel909" value="case"/>
		<feat xlink:href="#sPointingRel911" value="parataxis"/>
		<feat xlink:href="#sPointingRel913" value="case"/>
		<feat xlink:href="#sPointingRel915" value="acl:relcl"/>
		<feat xlink:href="#sPointingRel917" value="conj"/>
		<feat xlink:href="#sPointingRel919" value="obj"/>
		<feat xlink:href="#sPointingRel921" value="advmod"/>
		<feat xlink:href="#sPointingRel923" value="case"/>
		<feat xlink:href="#sPointingRel925" value="advmod"/>
		<feat xlink:href="#sPointingRel927" value="acl:relcl"/>
		<feat xlink:href="#sPointingRel929" value="nsubj"/>
		<feat xlink:href="#sPointingRel931" value="obl"/>
		<feat xlink:href="#sPointingRel933" value="obl"/>
		<feat xlink:href="#sPointingRel935" value="nsubj"/>
		<feat xlink:href="#sPointingRel937" value="obl"/>
		<feat xlink:href="#sPointingRel939" value="ccomp"/>
		<feat xlink:href="#sPointingRel941" value="case"/>
		<feat xlink:href="#sPointingRel943" value="advcl"/>
		<feat xlink:href="#sPointingRel945" value="dislocated"/>
		<feat xlink:href="#sPointingRel947" value="obj"/>
		<feat xlink:href="#sPointingRel949" value="case"/>
		<feat xlink:href="#sPointingRel951" value="obl"/>
		<feat xlink:href="#sPointingRel953" value="aux"/>
		<feat xlink:href="#sPointingRel955" value="aux"/>
		<feat xlink:href="#sPointingRel957" value="obl"/>
		<feat xlink:href="#sPointingRel959" value="det"/>
		<feat xlink:href="#sPointingRel961" value="det"/>
		<feat xlink:href="#sPointingRel963" value="obj"/>
		<feat xlink:href="#sPointingRel965" value="aux"/>
		<feat xlink:href="#sPointingRel967" value="mark"/>
		<feat xlink:href="#sPointingRel969" value="obl"/>
		<feat xlink:href="#sPointingRel971" value="obl"/>
		<feat xlink:href="#sPointingRel973" value="nsubj"/>
		<feat xlink:href="#sPointingRel975" value="conj"/>
		<feat xlink:href="#sPointingRel977" value="det"/>
		<feat xlink:href="#sPointingRel979" value="mark"/>
		<feat xlink:href="#sPointingRel981" value="nsubj"/>
		<feat xlink:href="#sPointingRel983" value="nsubj"/>
		<feat xlink:href="#sPointingRel985" value="case"/>
		<feat xlink:href="#sPointingRel987" value="det"/>
		<feat xlink:href="#sPointingRel989" value="fixed"/>
		<feat xlink:href="#sPointingRel991" value="case"/>
		<feat xlink:href="#sPointingRel993" value="advmod"/>
		<feat xlink:href="#sPointingRel995" value="case"/>
		<feat xlink:href="#sPointingRel997" value="nsubj"/>
		<feat xlink:href="#sPointingRel999" value="obj"/>
		<feat xlink:href="#sPointingRel1001" value="nmod"/>
		<feat xlink:href="#sPointingRel1003" value="advcl"/>
		<feat xlink:href="#sPointingRel1005" value="case"/>
		<feat xlink:href="#sPointingRel1007" value="nsubj"/>
		<feat xlink:href="#sPointingRel1009" value="nsubj"/>
		<feat xlink:href="#sPointingRel1011" value="nmod"/>
		<feat xlink:href="#sPointingRel1013" value="obl"/>
		<feat xlink:href="#sPointingRel1015" value="acl:relcl"/>
		<feat xlink:href="#sPointingRel1017" value="nsubj"/>
		<feat xlink:href="#sPointingRel1019" value="nmod"/>
		<feat xlink:href="#sPointingRel1021" value="case"/>
		<feat xlink:href="#sPointingRel1023" value="det"/>
		<feat xlink:href="#sPointingRel1025" value="det"/>
		<feat xlink:href="#sPointingRel1027" value="aux"/>
		<feat xlink:href="#sPointingRel1029" value="case"/>
		<feat xlink:href="#sPointingRel1031" value="case"/>
		<feat xlink:href="#sPointingRel1033" value="obl"/>
		<feat xlink:href="#sPointingRel1035" value="obl"/>
		<feat xlink:href="#sPointingRel1037" value="nsubj"/>
		<feat xlink:href="#sPointingRel1039" value="aux"/>
		<feat xlink:href="#sPointingRel1041" value="nsubj"/>
		<feat xlink:href="#sPointingRel1043" value="aux"/>
		<feat xlink:href="#sPointingRel1045" value="advcl"/>
		<feat xlink:href="#sPointingRel1047" value="obl"/>
		<feat xlink:href="#sPointingRel1049" value="cc"/>
		<feat xlink:href="#sPointingRel1051" value="cop"/>
		<feat xlink:href="#sPointingRel1053" value="obj"/>
		<feat xlink:href="#sPointingRel1055" value="xcomp"/>
		<feat xlink:href="#sPointingRel1057" value="case"/>
		<feat xlink:href="#sPointingRel1059" value="det"/>
		<feat xlink:href="#sPointingRel1061" value="mark"/>
		<feat xlink:href="#sPointingRel1063" value="nsubj"/>
		<feat xlink:href="#sPointingRel1065" value="case"/>
		<feat xlink:href="#sPointingRel1067" value="csubj"/>
		<feat xlink:href="#sPointingRel1069" value="conj"/>
		<feat xlink:href="#sPointingRel1071" value="nsubj"/>
		<feat xlink:href="#sPointingRel1073" value="cc"/>
		<feat xlink:href="#sPointingRel1075" value="cop"/>
		<feat xlink:href="#sPointingRel1077" value="det"/>
		<feat xlink:href="#sPointingRel1079" value="case"/>
		<feat xlink:href="#sPointingRel1081" value="ccomp"/>
		<feat xlink:href="#sPointingRel1083" value="case"/>
		<feat xlink:href="#sPointingRel1085" value="case"/>
		<feat xlink:href="#sPointingRel1087" value="det"/>
		<feat xlink:href="#sPointingRel1089" value="case"/>
		<feat xlink:href="#sPointingRel1091" value="det"/>
		<feat xlink:href="#sPointingRel1093" value="obj"/>
		<feat xlink:href="#sPointingRel1095" value="det"/>
		<feat xlink:href="#sPointingRel1097" value="nmod"/>
		<feat xlink:href="#sPointingRel1099" value="ccomp"/>
		<feat xlink:href="#sPointingRel1101" value="cc"/>
		<feat xlink:href="#sPointingRel1103" value="obl"/>
		<feat xlink:href="#sPointingRel1105" value="dislocated"/>
		<feat xlink:href="#sPointingRel1107" value="obl"/>
		<feat xlink:href="#sPointingRel1109" value="acl:relcl"/>
		<feat xlink:href="#sPointingRel1111" value="parataxis"/>
		<feat xlink:href="#sPointingRel1113" value="case"/>
		<feat xlink:href="#sPointingRel1115" value="aux"/>
		<feat xlink:href="#sPointingRel1117" value="obl"/>
		<feat xlink:href="#sPointingRel1119" value="case"/>
		<feat xlink:href="#sPointingRel1121" value="det"/>
		<feat xlink:href="#sPointingRel1123" value="case"/>
		<feat xlink:href="#sPointingRel1125" value="det"/>
		<feat xlink:href="#sPointingRel1127" value="advmod"/>
		<feat xlink:href="#sPointingRel1129" value="nsubj"/>
		<feat xlink:href="#sPointingRel1131" value="acl:relcl"/>
		<feat xlink:href="#sPointingRel1133" value="case"/>
		<feat xlink:href="#sPointingRel1135" value="cop"/>
		<feat xlink:href="#sPointingRel1137" value="advmod"/>
		<feat xlink:href="#sPointingRel1139" value="conj"/>
		<feat xlink:href="#sPointingRel1141" value="cop"/>
		<feat xlink:href="#sPointingRel1143" value="case"/>
		<feat xlink:href="#sPointingRel1145" value="det"/>
		<feat xlink:href="#sPointingRel1147" value="advcl"/>
		<feat xlink:href="#sPointingRel1149" value="case"/>
		<feat xlink:href="#sPointingRel1151" value="det"/>
		<feat xlink:href="#sPointingRel1153" value="obl"/>
		<feat xlink:href="#sPointingRel1155" value="det"/>
		<feat xlink:href="#sPointingRel1157" value="dep"/>
		<feat xlink:href="#sPointingRel1159" value="acl:relcl"/>
		<feat xlink:href="#sPointingRel1161" value="aux"/>
		<feat xlink:href="#sPointingRel1163" value="nsubj"/>
		<feat xlink:href="#sPointingRel1165" value="fixed"/>
		<feat xlink:href="#sPointingRel1167" value="nsubj"/>
		<feat xlink:href="#sPointingRel1169" value="nmod"/>
		<feat xlink:href="#sPointingRel1171" value="aux"/>
		<feat xlink:href="#sPointingRel1173" value="obj"/>
		<feat xlink:href="#sPointingRel1175" value="case"/>
		<feat xlink:href="#sPointingRel1177" value="aux"/>
		<feat xlink:href="#sPointingRel1179" value="obj"/>
		<feat xlink:href="#sPointingRel1181" value="case"/>
		<feat xlink:href="#sPointingRel1183" value="conj"/>
		<feat xlink:href="#sPointingRel1185" value="conj"/>
		<feat xlink:href="#sPointingRel1187" value="nsubj"/>
		<feat xlink:href="#sPointingRel1189" value="fixed"/>
		<feat xlink:href="#sPointingRel1191" value="det"/>
		<feat xlink:href="#sPointingRel1193" value="cc"/>
		<feat xlink:href="#sPointingRel1195" value="case"/>
		<feat xlink:href="#sPointingRel1197" value="acl:relcl"/>
		<feat xlink:href="#sPointingRel1199" value="nsubj"/>
		<feat xlink:href="#sPointingRel1201" value="det"/>
		<feat xlink:href="#sPointingRel1203" value="case"/>
		<feat xlink:href="#sPointingRel1205" value="det"/>
		<feat xlink:href="#sPointingRel1207" value="aux"/>
		<feat xlink:href="#sPointingRel1209" value="mark"/>
		<feat xlink:href="#sPointingRel1211" value="dislocated"/>
		<feat xlink:href="#sPointingRel1213" value="case"/>
		<feat xlink:href="#sPointingRel1215" value="obj"/>
		<feat xlink:href="#sPointingRel1217" value="nsubj"/>
		<feat xlink:href="#sPointingRel1219" value="obl"/>
		<feat xlink:href="#sPointingRel1221" value="nsubj"/>
		<feat xlink:href="#sPointingRel1223" value="mark"/>
		<feat xlink:href="#sPointingRel1225" value="aux"/>
		<feat xlink:href="#sPointingRel1227" value="obj"/>
		<feat xlink:href="#sPointingRel1229" value="det"/>
		<feat xlink:href="#sPointingRel1231" value="nsubj"/>
		<feat xlink:href="#sPointingRel1233" value="mark"/>
		<feat xlink:href="#sPointingRel1235" value="mark"/>
		<feat xlink:href="#sPointingRel1237" value="case"/>
		<feat xlink:href="#sPointingRel1239" value="case"/>
		<feat xlink:href="#sPointingRel1241" value="case"/>
		<feat xlink:href="#sPointingRel1243" value="obl"/>
		<feat xlink:href="#sPointingRel1245" value="case"/>
		<feat xlink:href="#sPointingRel1247" value="nmod"/>
		<feat xlink:href="#sPointingRel1249" value="case"/>
		<feat xlink:href="#sPointingRel1251" value="mark"/>
		<feat xlink:href="#sPointingRel1253" value="nmod"/>
		<feat xlink:href="#sPointingRel1255" value="case"/>
		<feat xlink:href="#sPointingRel1257" value="advmod"/>
		<feat xlink:href="#sPointingRel1259" value="mark"/>
		<feat xlink:href="#sPointingRel1261" value="obl"/>
		<feat xlink:href="#sPointingRel1263" value="acl:relcl"/>
		<feat xlink:href="#sPointingRel1265" value="xcomp"/>
		<feat xlink:href="#sPointingRel1267" value="aux"/>
		<feat xlink:href="#sPointingRel1269" value="cc"/>
		<feat xlink:href="#sPointingRel1271" value="conj"/>
		<feat xlink:href="#sPointingRel1273" value="obl"/>
		<feat xlink:href="#sPointingRel1275" value="xcomp"/>
		<feat xlink:href="#sPointingRel1277" value="advcl"/>
		<feat xlink:href="#sPointingRel1279" value="det"/>
		<feat xlink:href="#sPointingRel1281" value="nmod"/>
		<feat xlink:href="#sPointingRel1283" value="advmod"/>
		<feat xlink:href="#sPointingRel1285" value="mark"/>
		<feat xlink:href="#sPointingRel1287" value="case"/>
		<feat xlink:href="#sPointingRel1289" value="case"/>
		<feat xlink:href="#sPointingRel1291" value="mark"/>
		<feat xlink:href="#sPointingRel1293" value="conj"/>
		<feat xlink:href="#sPointingRel1295" value="det"/>
		<feat xlink:href="#sPointingRel1297" value="case"/>
		<feat xlink:href="#sPointingRel1299" value="obl"/>
		<feat xlink:href="#sPointingRel1301" value="aux"/>
		<feat xlink:href="#sPointingRel1303" value="aux"/>
		<feat xlink:href="#sPointingRel1305" value="case"/>
		<feat xlink:href="#sPointingRel1307" value="obl"/>
		<feat xlink:href="#sPointingRel1309" value="mark"/>
		<feat xlink:href="#sPointingRel1311" value="nmod"/>
		<feat xlink:href="#sPointingRel1313" value="advmod"/>
		<feat xlink:href="#sPointingRel1315" value="obl"/>
		<feat xlink:href="#sPointingRel1317" value="obl"/>
		<feat xlink:href="#sPointingRel1319" value="case"/>
		<feat xlink:href="#sPointingRel1321" value="nsubj"/>
		<feat xlink:href="#sPointingRel1323" value="nsubj"/>
		<feat xlink:href="#sPointingRel1325" value="det"/>
		<feat xlink:href="#sPointingRel1327" value="case"/>
		<feat xlink:href="#sPointingRel1329" value="mark"/>
		<feat xlink:href="#sPointingRel1331" value="obl"/>
		<feat xlink:href="#sPointingRel1333" value="nsubj"/>
		<feat xlink:href="#sPointingRel1335" value="nmod"/>
		<feat xlink:href="#sPointingRel1337" value="advmod"/>
		<feat xlink:href="#sPointingRel1339" value="case"/>
		<feat xlink:href="#sPointingRel1341" value="advmod"/>
		<feat xlink:href="#sPointingRel1343" value="obl"/>
		<feat xlink:href="#sPointingRel1345" value="aux"/>
		<feat xlink:href="#sPointingRel1347" value="nsubj"/>
		<feat xlink:href="#sPointingRel1349" value="advmod"/>
		<feat xlink:href="#sPointingRel1351" value="cop"/>
		<feat xlink:href="#sPointingRel1353" value="obl"/>
		<feat xlink:href="#sPointingRel1355" value="advcl"/>
		<feat xlink:href="#sPointingRel1357" value="det"/>
		<feat xlink:href="#sPointingRel1359" value="det"/>
		<feat xlink:href="#sPointingRel1361" value="cc"/>
		<feat xlink:href="#sPointingRel1363" value="aux"/>
		<feat xlink:href="#sPointingRel1365" value="case"/>
		<feat xlink:href="#sPointingRel1367" value="det"/>
		<feat xlink:href="#sPointingRel1369" value="obl"/>
		<feat xlink:href="#sPointingRel1371" value="nsubj"/>
		<feat xlink:href="#sPointingRel1373" value="case"/>
		<feat xlink:href="#sPointingRel1375" value="advcl"/>
		<feat xlink:href="#sPointingRel1377" value="obl"/>
		<feat xlink:href="#sPointingRel1379" value="nmod"/>
		<feat xlink:href="#sPointingRel1381" value="flat"/>
		<feat xlink:href="#sPointingRel1383" value="nsubj"/>
		<feat xlink:href="#sPointingRel1385" value="det"/>
		<feat xlink:href="#sPointingRel1387" value="det"/>
		<feat xlink:href="#sPointingRel1389" value="appos"/>
		<feat xlink:href="#sPointingRel1391" value="aux"/>
		<feat xlink:href="#sPointingRel1393" value="obj"/>
		<feat xlink:href="#sPointingRel1395" value="det"/>
		<feat xlink:href="#sPointingRel1397" value="case"/>
		<feat xlink:href="#sPointingRel1399" value="case"/>
		<feat xlink:href="#sPointingRel1401" value="case"/>
		<feat xlink:href="#sPointingRel1403" value="dep"/>
		<feat xlink:href="#sPointingRel1405" value="advmod"/>
		<feat xlink:href="#sPointingRel1407" value="advmod"/>
		<feat xlink:href="#sPointingRel1409" value="aux"/>
		<feat xlink:href="#sPointingRel1411" value="nsubj"/>
		<feat xlink:href="#sPointingRel1413" value="aux"/>
		<feat xlink:href="#sPointingRel1415" value="advmod"/>
		<feat xlink:href="#sPointingRel1417" value="obl"/>
		<feat xlink:href="#sPointingRel1419" value="advcl"/>
		<feat xlink:href="#sPointingRel1421" value="aux"/>
		<feat xlink:href="#sPointingRel1423" value="case"/>
		<feat xlink:href="#sPointingRel1425" value="obl"/>
		<feat xlink:href="#sPointingRel1427" value="advmod"/>
		<feat xlink:href="#sPointingRel1429" value="mark"/>
		<feat xlink:href="#sPointingRel1431" value="nsubj"/>
		<feat xlink:href="#sPointingRel1433" value="mark"/>
		<feat xlink:href="#sPointingRel1435" value="advmod"/>
		<feat xlink:href="#sPointingRel1437" value="case"/>
		<feat xlink:href="#sPointingRel1439" value="mark"/>
		<feat xlink:href="#sPointingRel1441" value="det"/>
		<feat xlink:href="#sPointingRel1443" value="obl"/>
		<feat xlink:href="#sPointingRel1445" value="case"/>
		<feat xlink:href="#sPointingRel1447" value="advmod"/>
		<feat xlink:href="#sPointingRel1449" value="case"/>
		<feat xlink:href="#sPointingRel1451" value="nmod"/>
		<feat xlink:href="#sPointingRel1453" value="case"/>
		<feat xlink:href="#sPointingRel1455" value="cc"/>
		<feat xlink:href="#sPointingRel1457" value="case"/>
		<feat xlink:href="#sPointingRel1459" value="case"/>
		<feat xlink:href="#sPointingRel1461" value="obl"/>
		<feat xlink:href="#sPointingRel1463" value="nsubj"/>
		<feat xlink:href="#sPointingRel1465" value="case"/>
		<feat xlink:href="#sPointingRel1467" value="advmod"/>
		<feat xlink:href="#sPointingRel1469" value="ccomp"/>
		<feat xlink:href="#sPointingRel1471" value="det"/>
		<feat xlink:href="#sPointingRel1473" value="det"/>
		<feat xlink:href="#sPointingRel1475" value="nsubj"/>
		<feat xlink:href="#sPointingRel1477" value="case"/>
		<feat xlink:href="#sPointingRel1479" value="obl"/>
		<feat xlink:href="#sPointingRel1481" value="nmod"/>
		<feat xlink:href="#sPointingRel1483" value="mark"/>
		<feat xlink:href="#sPointingRel1485" value="aux"/>
		<feat xlink:href="#sPointingRel1487" value="obj"/>
		<feat xlink:href="#sPointingRel1489" value="advmod"/>
		<feat xlink:href="#sPointingRel1491" value="cc"/>
		<feat xlink:href="#sPointingRel1493" value="obl"/>
		<feat xlink:href="#sPointingRel1495" value="advmod"/>
		<feat xlink:href="#sPointingRel1497" value="advmod"/>
		<feat xlink:href="#sPointingRel1499" value="appos"/>
		<feat xlink:href="#sPointingRel1501" value="advcl"/>
		<feat xlink:href="#sPointingRel1503" value="nmod"/>
		<feat xlink:href="#sPointingRel1505" value="case"/>
		<feat xlink:href="#sPointingRel1507" value="advcl"/>
		<feat xlink:href="#sPointingRel1509" value="obl"/>
		<feat xlink:href="#sPointingRel1511" value="obj"/>
		<feat xlink:href="#sPointingRel1513" value="det"/>
		<feat xlink:href="#sPointingRel1515" value="det"/>
		<feat xlink:href="#sPointingRel1517" value="conj"/>
		<feat xlink:href="#sPointingRel1519" value="case"/>
		<feat xlink:href="#sPointingRel1521" value="advcl"/>
		<feat xlink:href="#sPointingRel1523" value="obj"/>
		<feat xlink:href="#sPointingRel1525" value="nsubj"/>
		<feat xlink:href="#sPointingRel1527" value="det"/>
		<feat xlink:href="#sPointingRel1529" value="obj"/>
		<feat xlink:href="#sPointingRel1531" value="advmod"/>
		<feat xlink:href="#sPointingRel1533" value="det"/>
		<feat xlink:href="#sPointingRel1535" value="mark"/>
		<feat xlink:href="#sPointingRel1537" value="mark"/>
		<feat xlink:href="#sPointingRel1539" value="nsubj"/>
		<feat xlink:href="#sPointingRel1541" value="obl"/>
		<feat xlink:href="#sPointingRel1543" value="advcl"/>
		<feat xlink:href="#sPointingRel1545" value="dislocated"/>
		<feat xlink:href="#sPointingRel1547" value="nmod"/>
		<feat xlink:href="#sPointingRel1549" value="det"/>
		<feat xlink:href="#sPointingRel1551" value="obj"/>
		<feat xlink:href="#sPointingRel1553" value="acl:relcl"/>
		<feat xlink:href="#sPointingRel1555" value="case"/>
		<feat xlink:href="#sPointingRel1557" value="acl:relcl"/>
		<feat xlink:href="#sPointingRel1559" value="case"/>
		<feat xlink:href="#sPointingRel1561" value="mark"/>
		<feat xlink:href="#sPointingRel1563" value="nmod"/>
		<feat xlink:href="#sPointingRel1565" value="nsubj"/>
		<feat xlink:href="#sPointingRel1567" value="det"/>
		<feat xlink:href="#sPointingRel1569" value="aux"/>
		<feat xlink:href="#sPointingRel1571" value="obl"/>
		<feat xlink:href="#sPointingRel1573" value="advmod"/>
		<feat xlink:href="#sPointingRel1575" value="advcl"/>
		<feat xlink:href="#sPointingRel1577" value="nsubj"/>
		<feat xlink:href="#sPointingRel1579" value="det"/>
		<feat xlink:href="#sPointingRel1581" value="aux"/>
		<feat xlink:href="#sPointingRel1583" value="mark"/>
		<feat xlink:href="#sPointingRel1585" value="det"/>
		<feat xlink:href="#sPointingRel1587" value="case"/>
		<feat xlink:href="#sPointingRel1589" value="obl"/>
		<feat xlink:href="#sPointingRel1591" value="nsubj"/>
		<feat xlink:href="#sPointingRel1593" value="nsubj"/>
		<feat xlink:href="#sPointingRel1595" value="nmod"/>
		<feat xlink:href="#sPointingRel1597" value="advmod"/>
		<feat xlink:href="#sPointingRel1599" value="flat"/>
		<feat xlink:href="#sPointingRel1601" value="case"/>
		<feat xlink:href="#sPointingRel1603" value="obj"/>
		<feat xlink:href="#sPointingRel1605" value="det"/>
		<feat xlink:href="#sPointingRel1607" value="nsubj"/>
		<feat xlink:href="#sPointingRel1609" value="obl"/>
		<feat xlink:href="#sPointingRel1611" value="conj"/>
		<feat xlink:href="#sPointingRel1613" value="det"/>
		<feat xlink:href="#sPointingRel1615" value="nmod"/>
		<feat xlink:href="#sPointingRel1617" value="aux"/>
		<feat xlink:href="#sPointingRel1619" value="case"/>
		<feat xlink:href="#sPointingRel1621" value="xcomp"/>
		<feat xlink:href="#sPointingRel1623" value="cc"/>
		<feat xlink:href="#sPointingRel1625" value="det"/>
		<feat xlink:href="#sPointingRel1627" value="nsubj"/>
		<feat xlink:href="#sPointingRel1629" value="nmod"/>
		<feat xlink:href="#sPointingRel1631" value="aux"/>
		<feat xlink:href="#sPointingRel1633" value="obl:npmod"/>
		<feat xlink:href="#sPointingRel1635" value="case"/>
		<feat xlink:href="#sPointingRel1637" value="aux"/>
		<feat xlink:href="#sPointingRel1639" value="nmod"/>
		<feat xlink:href="#sPointingRel1641" value="case"/>
		<feat xlink:href="#sPointingRel1643" value="advmod"/>
		<feat xlink:href="#sPointingRel1645" value="obl"/>
		<feat xlink:href="#sPointingRel1647" value="aux"/>
		<feat xlink:href="#sPointingRel1649" value="cc"/>
		<feat xlink:href="#sPointingRel1651" value="det"/>
		<feat xlink:href="#sPointingRel1653" value="nsubj"/>
		<feat xlink:href="#sPointingRel1655" value="nsubj"/>
		<feat xlink:href="#sPointingRel1657" value="cc"/>
		<feat xlink:href="#sPointingRel1659" value="acl:relcl"/>
		<feat xlink:href="#sPointingRel1661" value="dep"/>
		<feat xlink:href="#sPointingRel1663" value="acl:relcl"/>
		<feat xlink:href="#sPointingRel1665" value="case"/>
		<feat xlink:href="#sPointingRel1667" value="nsubj"/>
		<feat xlink:href="#sPointingRel1669" value="obl"/>
		<feat xlink:href="#sPointingRel1671" value="det"/>
		<feat xlink:href="#sPointingRel1673" value="obl"/>
		<feat xlink:href="#sPointingRel1675" value="det"/>
		<feat xlink:href="#sPointingRel1677" value="obj"/>
		<feat xlink:href="#sPointingRel1679" value="discourse"/>
		<feat xlink:href="#sPointingRel1681" value="advmod"/>
		<feat xlink:href="#sPointingRel1683" value="aux"/>
		<feat xlink:href="#sPointingRel1685" value="obl"/>
		<feat xlink:href="#sPointingRel1687" value="parataxis"/>
		<feat xlink:href="#sPointingRel1689" value="advcl"/>
		<feat xlink:href="#sPointingRel1691" value="aux"/>
		<feat xlink:href="#sPointingRel1693" value="det"/>
		<feat xlink:href="#sPointingRel1695" value="mark"/>
		<feat xlink:href="#sPointingRel1697" value="advmod"/>
		<feat xlink:href="#sPointingRel1699" value="aux"/>
		<feat xlink:href="#sPointingRel1701" value="nsubj"/>
		<feat xlink:href="#sPointingRel1703" value="case"/>
		<feat xlink:href="#sPointingRel1705" value="obl"/>
		<feat xlink:href="#sPointingRel1707" value="case"/>
		<feat xlink:href="#sPointingRel1709" value="conj"/>
		<feat xlink:href="#sPointingRel1711" value="parataxis"/>
		<feat xlink:href="#sPointingRel1713" value="case"/>
		<feat xlink:href="#sPointingRel1715" value="cc"/>
		<feat xlink:href="#sPointingRel1717" value="nmod"/>
		<feat xlink:href="#sPointingRel1719" value="case"/>
		<feat xlink:href="#sPointingRel1721" value="aux"/>
		<feat xlink:href="#sPointingRel1723" value="appos"/>
		<feat xlink:href="#sPointingRel1725" value="nsubj"/>
		<feat xlink:href="#sPointingRel1727" value="case"/>
		<feat xlink:href="#sPointingRel1729" value="case"/>
		<feat xlink:href="#sPointingRel1731" value="obl"/>
		<feat xlink:href="#sPointingRel1733" value="aux"/>
		<feat xlink:href="#sPointingRel1735" value="nsubj"/>
		<feat xlink:href="#sPointingRel1737" value="obl"/>
		<feat xlink:href="#sPointingRel1739" value="cc"/>
		<feat xlink:href="#sPointingRel1741" value="nummod"/>
		<feat xlink:href="#sPointingRel1743" value="obj"/>
		<feat xlink:href="#sPointingRel1745" value="case"/>
		<feat xlink:href="#sPointingRel1747" value="obl"/>
		<feat xlink:href="#sPointingRel1749" value="aux"/>
		<feat xlink:href="#sPointingRel1751" value="case"/>
		<feat xlink:href="#sPointingRel1753" value="advmod"/>
		<feat xlink:href="#sPointingRel1755" value="obj"/>
		<feat xlink:href="#sPointingRel1757" value="acl:relcl"/>
		<feat xlink:href="#sPointingRel1759" value="det"/>
		<feat xlink:href="#sPointingRel1761" value="aux"/>
		<feat xlink:href="#sPointingRel1763" value="det"/>
		<feat xlink:href="#sPointingRel1765" value="det"/>
		<feat xlink:href="#sPointingRel1767" value="nmod"/>
		<feat xlink:href="#sPointingRel1769" value="acl:relcl"/>
		<feat xlink:href="#sPointingRel1771" value="obj"/>
		<feat xlink:href="#sPointingRel1773" value="mark"/>
		<feat xlink:href="#sPointingRel1775" value="advmod"/>
		<feat xlink:href="#sPointingRel1777" value="det"/>
		<feat xlink:href="#sPointingRel1779" value="det"/>
		<feat xlink:href="#sPointingRel1781" value="case"/>
		<feat xlink:href="#sPointingRel1783" value="obl"/>
		<feat xlink:href="#sPointingRel1785" value="det"/>
		<feat xlink:href="#sPointingRel1787" value="det"/>
		<feat xlink:href="#sPointingRel1789" value="nsubj"/>
		<feat xlink:href="#sPointingRel1791" value="aux"/>
		<feat xlink:href="#sPointingRel1793" value="det"/>
		<feat xlink:href="#sPointingRel1795" value="nmod"/>
		<feat xlink:href="#sPointingRel1797" value="case"/>
		<feat xlink:href="#sPointingRel1799" value="obl"/>
		<feat xlink:href="#sPointingRel1801" value="case"/>
		<feat xlink:href="#sPointingRel1803" value="obj"/>
		<feat xlink:href="#sPointingRel1805" value="cc"/>
		<feat xlink:href="#sPointingRel1807" value="nsubj"/>
		<feat xlink:href="#sPointingRel1809" value="aux"/>
		<feat xlink:href="#sPointingRel1811" value="det"/>
		<feat xlink:href="#sPointingRel1813" value="obl"/>
		<feat xlink:href="#sPointingRel1815" value="det"/>
		<feat xlink:href="#sPointingRel1817" value="obj"/>
		<feat xlink:href="#sPointingRel1819" value="nmod"/>
		<feat xlink:href="#sPointingRel1821" value="case"/>
		<feat xlink:href="#sPointingRel1823" value="aux"/>
		<feat xlink:href="#sPointingRel1825" value="xcomp"/>
		<feat xlink:href="#sPointingRel1827" value="parataxis"/>
		<feat xlink:href="#sPointingRel1829" value="det"/>
		<feat xlink:href="#sPointingRel1831" value="dislocated"/>
		<feat xlink:href="#sPointingRel1833" value="advcl"/>
		<feat xlink:href="#sPointingRel1835" value="obl"/>
		<feat xlink:href="#sPointingRel1837" value="case"/>
		<feat xlink:href="#sPointingRel1839" value="cc"/>
		<feat xlink:href="#sPointingRel1841" value="aux"/>
		<feat xlink:href="#sPointingRel1843" value="det"/>
		<feat xlink:href="#sPointingRel1845" value="det"/>
		<feat xlink:href="#sPointingRel1847" value="advmod"/>
		<feat xlink:href="#sPointingRel1849" value="nmod"/>
		<feat xlink:href="#sPointingRel1851" value="acl:relcl"/>
		<feat xlink:href="#sPointingRel1853" value="nsubj"/>
		<feat xlink:href="#sPointingRel1855" value="advmod"/>
		<feat xlink:href="#sPointingRel1857" value="case"/>
		<feat xlink:href="#sPointingRel1859" value="obl"/>
		<feat xlink:href="#sPointingRel1861" value="mark"/>
		<feat xlink:href="#sPointingRel1863" value="case"/>
		<feat xlink:href="#sPointingRel1865" value="nsubj"/>
		<feat xlink:href="#sPointingRel1867" value="det"/>
		<feat xlink:href="#sPointingRel1869" value="nsubj"/>
		<feat xlink:href="#sPointingRel1871" value="obl"/>
		<feat xlink:href="#sPointingRel1873" value="advmod"/>
		<feat xlink:href="#sPointingRel1875" value="obl"/>
		<feat xlink:href="#sPointingRel1877" value="det"/>
		<feat xlink:href="#sPointingRel1879" value="det"/>
		<feat xlink:href="#sPointingRel1881" value="case"/>
		<feat xlink:href="#sPointingRel1883" value="obl"/>
		<feat xlink:href="#sPointingRel1885" value="nmod"/>
		<feat xlink:href="#sPointingRel1887" value="ccomp"/>
		<feat xlink:href="#sPointingRel1889" value="obj"/>
		<feat xlink:href="#sPointingRel1891" value="obj"/>
		<feat xlink:href="#sPointingRel1893" value="case"/>
		<feat xlink:href="#sPointingRel1895" value="mark"/>
		<feat xlink:href="#sPointingRel1897" value="case"/>
		<feat xlink:href="#sPointingRel1899" value="aux"/>
		<feat xlink:href="#sPointingRel1901" value="cc"/>
		<feat xlink:href="#sPointingRel1903" value="case"/>
		<feat xlink:href="#sPointingRel1905" value="det"/>
		<feat xlink:href="#sPointingRel1907" value="mark"/>
		<feat xlink:href="#sPointingRel1909" value="nummod"/>
		<feat xlink:href="#sPointingRel1911" value="case"/>
		<feat xlink:href="#sPointingRel1913" value="fixed"/>
		<feat xlink:href="#sPointingRel1915" value="aux"/>
		<feat xlink:href="#sPointingRel1917" value="xcomp"/>
		<feat xlink:href="#sPointingRel1919" value="nmod"/>
		<feat xlink:href="#sPointingRel1921" value="case"/>
		<feat xlink:href="#sPointingRel1923" value="case"/>
		<feat xlink:href="#sPointingRel1925" value="case"/>
		<feat xlink:href="#sPointingRel1927" value="aux"/>
		<feat xlink:href="#sPointingRel1929" value="case"/>
		<feat xlink:href="#sPointingRel1931" value="obj"/>
		<feat xlink:href="#sPointingRel1933" value="nmod"/>
		<feat xlink:href="#sPointingRel1935" value="nsubj"/>
		<feat xlink:href="#sPointingRel1937" value="nsubj"/>
		<feat xlink:href="#sPointingRel1939" value="nsubj"/>
		<feat xlink:href="#sPointingRel1941" value="nsubj"/>
		<feat xlink:href="#sPointingRel1943" value="nmod"/>
		<feat xlink:href="#sPointingRel1945" value="nsubj"/>
		<feat xlink:href="#sPointingRel1947" value="case"/>
		<feat xlink:href="#sPointingRel1949" value="case"/>
		<feat xlink:href="#sPointingRel1951" value="obl"/>
		<feat xlink:href="#sPointingRel1953" value="case"/>
		<feat xlink:href="#sPointingRel1955" value="nmod"/>
		<feat xlink:href="#sPointingRel1957" value="case"/>
		<feat xlink:href="#sPointingRel1959" value="case"/>
		<feat xlink:href="#sPointingRel1961" value="flat"/>
		<feat xlink:href="#sPointingRel1963" value="advmod"/>
		<feat xlink:href="#sPointingRel1965" value="obj"/>
		<feat xlink:href="#sPointingRel1967" value="appos"/>
		<feat xlink:href="#sPointingRel1969" value="obl"/>
		<feat xlink:href="#sPointingRel1971" value="obj"/>
		<feat xlink:href="#sPointingRel1973" value="det"/>
		<feat xlink:href="#sPointingRel1975" value="case"/>
		<feat xlink:href="#sPointingRel1977" value="obj"/>
		<feat xlink:href="#sPointingRel1979" value="nsubj"/>
		<feat xlink:href="#sPointingRel1981" value="aux"/>
		<feat xlink:href="#sPointingRel1983" value="det"/>
		<feat xlink:href="#sPointingRel1985" value="case"/>
		<feat xlink:href="#sPointingRel1987" value="det"/>
		<feat xlink:href="#sPointingRel1989" value="det"/>
		<feat xlink:href="#sPointingRel1991" value="det"/>
		<feat xlink:href="#sPointingRel1993" value="nmod"/>
		<feat xlink:href="#sPointingRel1995" value="advmod"/>
		<feat xlink:href="#sPointingRel1997" value="appos"/>
		<feat xlink:href="#sPointingRel1999" value="det"/>
		<feat xlink:href="#sPointingRel2001" value="ccomp"/>
		<feat xlink:href="#sPointingRel2003" value="aux"/>
		<feat xlink:href="#sPointingRel2005" value="aux"/>
		<feat xlink:href="#sPointingRel2007" value="mark"/>
		<feat xlink:href="#sPointingRel2009" value="aux"/>
		<feat xlink:href="#sPointingRel2011" value="obj"/>
		<feat xlink:href="#sPointingRel2013" value="advcl"/>
		<feat xlink:href="#sPointingRel2015" value="case"/>
		<feat xlink:href="#sPointingRel2017" value="nsubj"/>
		<feat xlink:href="#sPointingRel2019" value="det"/>
		<feat xlink:href="#sPointingRel2021" value="det"/>
		<feat xlink:href="#sPointingRel2023" value="ccomp"/>
		<feat xlink:href="#sPointingRel2025" value="nmod"/>
		<feat xlink:href="#sPointingRel2027" value="obl"/>
		<feat xlink:href="#sPointingRel2029" value="obj"/>
		<feat xlink:href="#sPointingRel2031" value="obl"/>
		<feat xlink:href="#sPointingRel2033" value="case"/>
		<feat xlink:href="#sPointingRel2035" value="nsubj"/>
		<feat xlink:href="#sPointingRel2037" value="det"/>
		<feat xlink:href="#sPointingRel2039" value="aux"/>
		<feat xlink:href="#sPointingRel2041" value="case"/>
		<feat xlink:href="#sPointingRel2043" value="case"/>
		<feat xlink:href="#sPointingRel2045" value="obj"/>
		<feat xlink:href="#sPointingRel2047" value="mark"/>
		<feat xlink:href="#sPointingRel2049" value="case"/>
		<feat xlink:href="#sPointingRel2051" value="nummod"/>
		<feat xlink:href="#sPointingRel2053" value="acl:relcl"/>
		<feat xlink:href="#sPointingRel2055" value="obj"/>
		<feat xlink:href="#sPointingRel2057" value="advmod"/>
		<feat xlink:href="#sPointingRel2059" value="nmod"/>
		<feat xlink:href="#sPointingRel2061" value="case"/>
		<feat xlink:href="#sPointingRel2063" value="case"/>
		<feat xlink:href="#sPointingRel2065" value="det"/>
		<feat xlink:href="#sPointingRel2067" value="aux"/>
		<feat xlink:href="#sPointingRel2069" value="det"/>
		<feat xlink:href="#sPointingRel2071" value="nsubj"/>
		<feat xlink:href="#sPointingRel2073" value="det"/>
		<feat xlink:href="#sPointingRel2075" value="aux"/>
		<feat xlink:href="#sPointingRel2077" value="nmod"/>
		<feat xlink:href="#sPointingRel2079" value="det"/>
		<feat xlink:href="#sPointingRel2081" value="det"/>
		<feat xlink:href="#sPointingRel2083" value="case"/>
		<feat xlink:href="#sPointingRel2085" value="nmod"/>
		<feat xlink:href="#sPointingRel2087" value="parataxis"/>
		<feat xlink:href="#sPointingRel2089" value="case"/>
		<feat xlink:href="#sPointingRel2091" value="nsubj"/>
		<feat xlink:href="#sPointingRel2093" value="obj"/>
		<feat xlink:href="#sPointingRel2095" value="advcl"/>
		<feat xlink:href="#sPointingRel2097" value="case"/>
		<feat xlink:href="#sPointingRel2099" value="advcl"/>
		<feat xlink:href="#sPointingRel2101" value="cc"/>
		<feat xlink:href="#sPointingRel2103" value="conj"/>
		<feat xlink:href="#sPointingRel2105" value="case"/>
		<feat xlink:href="#sPointingRel2107" value="det"/>
		<feat xlink:href="#sPointingRel2109" value="case"/>
		<feat xlink:href="#sPointingRel2111" value="case"/>
		<feat xlink:href="#sPointingRel2113" value="obl"/>
		<feat xlink:href="#sPointingRel2115" value="cc"/>
		<feat xlink:href="#sPointingRel2117" value="parataxis"/>
		<feat xlink:href="#sPointingRel2119" value="obl"/>
		<feat xlink:href="#sPointingRel2121" value="case"/>
		<feat xlink:href="#sPointingRel2123" value="obl"/>
		<feat xlink:href="#sPointingRel2125" value="acl:relcl"/>
		<feat xlink:href="#sPointingRel2127" value="det"/>
		<feat xlink:href="#sPointingRel2129" value="mark"/>
		<feat xlink:href="#sPointingRel2131" value="mark"/>
		<feat xlink:href="#sPointingRel2133" value="nsubj"/>
		<feat xlink:href="#sPointingRel2135" value="advmod"/>
		<feat xlink:href="#sPointingRel2137" value="advcl"/>
		<feat xlink:href="#sPointingRel2139" value="obj"/>
		<feat xlink:href="#sPointingRel2141" value="case"/>
		<feat xlink:href="#sPointingRel2143" value="dislocated"/>
		<feat xlink:href="#sPointingRel2145" value="aux"/>
		<feat xlink:href="#sPointingRel2147" value="obj"/>
		<feat xlink:href="#sPointingRel2149" value="advcl"/>
		<feat xlink:href="#sPointingRel2151" value="dislocated"/>
		<feat xlink:href="#sPointingRel2153" value="det"/>
		<feat xlink:href="#sPointingRel2155" value="mark"/>
		<feat xlink:href="#sPointingRel2157" value="nsubj"/>
		<feat xlink:href="#sPointingRel2159" value="conj"/>
		<feat xlink:href="#sPointingRel2161" value="nsubj"/>
		<feat xlink:href="#sPointingRel2163" value="obl"/>
		<feat xlink:href="#sPointingRel2165" value="mark"/>
		<feat xlink:href="#sPointingRel2167" value="advmod"/>
		<feat xlink:href="#sPointingRel2169" value="det"/>
		<feat xlink:href="#sPointingRel2171" value="det"/>
		<feat xlink:href="#sPointingRel2173" value="det"/>
		<feat xlink:href="#sPointingRel2175" value="aux"/>
		<feat xlink:href="#sPointingRel2177" value="det"/>
		<feat xlink:href="#sPointingRel2179" value="cc"/>
		<feat xlink:href="#sPointingRel2181" value="obl"/>
		<feat xlink:href="#sPointingRel2183" value="case"/>
		<feat xlink:href="#sPointingRel2185" value="case"/>
		<feat xlink:href="#sPointingRel2187" value="nsubj"/>
		<feat xlink:href="#sPointingRel2189" value="case"/>
		<feat xlink:href="#sPointingRel2191" value="det"/>
		<feat xlink:href="#sPointingRel2193" value="obl"/>
		<feat xlink:href="#sPointingRel2195" value="obl"/>
		<feat xlink:href="#sPointingRel2197" value="nummod"/>
		<feat xlink:href="#sPointingRel2199" value="advmod"/>
		<feat xlink:href="#sPointingRel2201" value="appos"/>
		<feat xlink:href="#sPointingRel2203" value="conj"/>
		<feat xlink:href="#sPointingRel2205" value="det"/>
		<feat xlink:href="#sPointingRel2207" value="det"/>
		<feat xlink:href="#sPointingRel2209" value="case"/>
		<feat xlink:href="#sPointingRel2211" value="flat"/>
		<feat xlink:href="#sPointingRel2213" value="aux"/>
		<feat xlink:href="#sPointingRel2215" value="det"/>
		<feat xlink:href="#sPointingRel2217" value="det"/>
		<feat xlink:href="#sPointingRel2219" value="mark"/>
		<feat xlink:href="#sPointingRel2221" value="acl:relcl"/>
		<feat xlink:href="#sPointingRel2223" value="case"/>
		<feat xlink:href="#sPointingRel2225" value="det"/>
		<feat xlink:href="#sPointingRel2227" value="advmod"/>
		<feat xlink:href="#sPointingRel2229" value="obj"/>
		<feat xlink:href="#sPointingRel2231" value="det"/>
		<feat xlink:href="#sPointingRel2233" value="det"/>
		<feat xlink:href="#sPointingRel2235" value="case"/>
		<feat xlink:href="#sPointingRel2237" value="nsubj"/>
		<feat xlink:href="#sPointingRel2239" value="cc"/>
		<feat xlink:href="#sPointingRel2241" value="conj"/>
		<feat xlink:href="#sPointingRel2243" value="case"/>
		<feat xlink:href="#sPointingRel2245" value="obl"/>
		<feat xlink:href="#sPointingRel2247" value="mark"/>
		<feat xlink:href="#sPointingRel2249" value="nsubj"/>
		<feat xlink:href="#sPointingRel2251" value="aux"/>
		<feat xlink:href="#sPointingRel2253" value="conj"/>
		<feat xlink:href="#sPointingRel2255" value="case"/>
		<feat xlink:href="#sPointingRel2257" value="cc"/>
		<feat xlink:href="#sPointingRel2259" value="det"/>
		<feat xlink:href="#sPointingRel2261" value="case"/>
		<feat xlink:href="#sPointingRel2263" value="obl"/>
		<feat xlink:href="#sPointingRel2265" value="obj"/>
		<feat xlink:href="#sPointingRel2267" value="det"/>
		<feat xlink:href="#sPointingRel2269" value="case"/>
		<feat xlink:href="#sPointingRel2271" value="acl:relcl"/>
		<feat xlink:href="#sPointingRel2273" value="obj"/>
		<feat xlink:href="#sPointingRel2275" value="case"/>
		<feat xlink:href="#sPointingRel2277" value="nmod"/>
		<feat xlink:href="#sPointingRel2279" value="obl"/>
		<feat xlink:href="#sPointingRel2281" value="advcl"/>
		<feat xlink:href="#sPointingRel2283" value="conj"/>
		<feat xlink:href="#sPointingRel2285" value="case"/>
		<feat xlink:href="#sPointingRel2287" value="case"/>
		<feat xlink:href="#sPointingRel2289" value="nsubj"/>
		<feat xlink:href="#sPointingRel2291" value="mark"/>
		<feat xlink:href="#sPointingRel2293" value="aux"/>
		<feat xlink:href="#sPointingRel2295" value="cc"/>
		<feat xlink:href="#sPointingRel2297" value="case"/>
		<feat xlink:href="#sPointingRel2299" value="case"/>
		<feat xlink:href="#sPointingRel2301" value="obl"/>
		<feat xlink:href="#sPointingRel2303" value="det"/>
		<feat xlink:href="#sPointingRel2305" value="advmod"/>
		<feat xlink:href="#sPointingRel2307" value="advmod"/>
		<feat xlink:href="#sPointingRel2309" value="case"/>
		<feat xlink:href="#sPointingRel2311" value="obl"/>
		<feat xlink:href="#sPointingRel2313" value="obj"/>
		<feat xlink:href="#sPointingRel2315" value="nsubj"/>
		<feat xlink:href="#sPointingRel2317" value="mark"/>
		<feat xlink:href="#sPointingRel2319" value="case"/>
		<feat xlink:href="#sPointingRel2321" value="case"/>
		<feat xlink:href="#sPointingRel2323" value="mark"/>
		<feat xlink:href="#sPointingRel2325" value="obj"/>
		<feat xlink:href="#sPointingRel2327" value="case"/>
		<feat xlink:href="#sPointingRel2329" value="advmod"/>
		<feat xlink:href="#sPointingRel2331" value="obl"/>
		<feat xlink:href="#sPointingRel2333" value="obl"/>
		<feat xlink:href="#sPointingRel2335" value="advmod"/>
		<feat xlink:href="#sPointingRel2337" value="nsubj"/>
		<feat xlink:href="#sPointingRel2339" value="case"/>
		<feat xlink:href="#sPointingRel2341" value="cc"/>
		<feat xlink:href="#sPointingRel2343" value="nsubj"/>
		<feat xlink:href="#sPointingRel2345" value="appos"/>
		<feat xlink:href="#sPointingRel2347" value="advcl"/>
		<feat xlink:href="#sPointingRel2349" value="conj"/>
		<feat xlink:href="#sPointingRel2351" value="nsubj"/>
		<feat xlink:href="#sPointingRel2353" value="det"/>
		<feat xlink:href="#sPointingRel2355" value="det"/>
		<feat xlink:href="#sPointingRel2357" value="obl"/>
		<feat xlink:href="#sPointingRel2359" value="det"/>
		<feat xlink:href="#sPointingRel2361" value="case"/>
		<feat xlink:href="#sPointingRel2363" value="obl"/>
		<feat xlink:href="#sPointingRel2365" value="det"/>
		<feat xlink:href="#sPointingRel2367" value="cc"/>
		<feat xlink:href="#sPointingRel2369" value="case"/>
		<feat xlink:href="#sPointingRel2371" value="flat"/>
		<feat xlink:href="#sPointingRel2373" value="advmod"/>
		<feat xlink:href="#sPointingRel2375" value="obl"/>
		<feat xlink:href="#sPointingRel2377" value="case"/>
		<feat xlink:href="#sPointingRel2379" value="parataxis"/>
		<feat xlink:href="#sPointingRel2381" value="conj"/>
		<feat xlink:href="#sPointingRel2383" value="mark"/>
		<feat xlink:href="#sPointingRel2385" value="aux"/>
		<feat xlink:href="#sPointingRel2387" value="aux"/>
		<feat xlink:href="#sPointingRel2389" value="ccomp"/>
		<feat xlink:href="#sPointingRel2391" value="obl"/>
		<feat xlink:href="#sPointingRel2393" value="mark"/>
		<feat xlink:href="#sPointingRel2395" value="aux"/>
		<feat xlink:href="#sPointingRel2397" value="obl"/>
		<feat xlink:href="#sPointingRel2399" value="vocative"/>
		<feat xlink:href="#sPointingRel2401" value="aux"/>
		<feat xlink:href="#sPointingRel2403" value="nsubj"/>
		<feat xlink:href="#sPointingRel2405" value="acl:relcl"/>
		<feat xlink:href="#sPointingRel2407" value="det"/>
		<feat xlink:href="#sPointingRel2409" value="advmod"/>
		<feat xlink:href="#sPointingRel2411" value="dislocated"/>
		<feat xlink:href="#sPointingRel2413" value="dislocated"/>
		<feat xlink:href="#sPointingRel2415" value="advmod"/>
		<feat xlink:href="#sPointingRel2417" value="case"/>
		<feat xlink:href="#sPointingRel2419" value="fixed"/>
		<feat xlink:href="#sPointingRel2421" value="obj"/>
		<feat xlink:href="#sPointingRel2423" value="det"/>
		<feat xlink:href="#sPointingRel2425" value="mark"/>
		<feat xlink:href="#sPointingRel2427" value="obj"/>
		<feat xlink:href="#sPointingRel2429" value="nsubj"/>
		<feat xlink:href="#sPointingRel2431" value="xcomp"/>
		<feat xlink:href="#sPointingRel2433" value="vocative"/>
		<feat xlink:href="#sPointingRel2435" value="nsubj"/>
		<feat xlink:href="#sPointingRel2437" value="advmod"/>
		<feat xlink:href="#sPointingRel2439" value="dislocated"/>
		<feat xlink:href="#sPointingRel2441" value="aux"/>
		<feat xlink:href="#sPointingRel2443" value="mark"/>
		<feat xlink:href="#sPointingRel2445" value="advmod"/>
		<feat xlink:href="#sPointingRel2447" value="case"/>
		<feat xlink:href="#sPointingRel2449" value="mark"/>
		<feat xlink:href="#sPointingRel2451" value="obj"/>
		<feat xlink:href="#sPointingRel2453" value="aux"/>
		<feat xlink:href="#sPointingRel2455" value="case"/>
		<feat xlink:href="#sPointingRel2457" value="mark"/>
		<feat xlink:href="#sPointingRel2459" value="cc"/>
		<feat xlink:href="#sPointingRel2461" value="det"/>
		<feat xlink:href="#sPointingRel2463" value="dislocated"/>
		<feat xlink:href="#sPointingRel2465" value="det"/>
		<feat xlink:href="#sPointingRel2467" value="case"/>
		<feat xlink:href="#sPointingRel2469" value="case"/>
		<feat xlink:href="#sPointingRel2471" value="aux"/>
		<feat xlink:href="#sPointingRel2473" value="cc"/>
		<feat xlink:href="#sPointingRel2475" value="case"/>
		<feat xlink:href="#sPointingRel2477" value="aux"/>
		<feat xlink:href="#sPointingRel2479" value="det"/>
		<feat xlink:href="#sPointingRel2481" value="det"/>
		<feat xlink:href="#sPointingRel2483" value="case"/>
		<feat xlink:href="#sPointingRel2485" value="aux"/>
		<feat xlink:href="#sPointingRel2487" value="nsubj"/>
		<feat xlink:href="#sPointingRel2489" value="nsubj"/>
		<feat xlink:href="#sPointingRel2491" value="case"/>
		<feat xlink:href="#sPointingRel2493" value="case"/>
		<feat xlink:href="#sPointingRel2495" value="det"/>
		<feat xlink:href="#sPointingRel2497" value="case"/>
		<feat xlink:href="#sPointingRel2499" value="aux"/>
		<feat xlink:href="#sPointingRel2501" value="case"/>
		<feat xlink:href="#sPointingRel2503" value="advcl"/>
		<feat xlink:href="#sPointingRel2505" value="acl:relcl"/>
		<feat xlink:href="#sPointingRel2507" value="advcl"/>
		<feat xlink:href="#sPointingRel2509" value="nsubj"/>
		<feat xlink:href="#sPointingRel2511" value="case"/>
		<feat xlink:href="#sPointingRel2513" value="aux"/>
		<feat xlink:href="#sPointingRel2515" value="det"/>
		<feat xlink:href="#sPointingRel2517" value="obl"/>
		<feat xlink:href="#sPointingRel2519" value="appos"/>
		<feat xlink:href="#sPointingRel2521" value="case"/>
		<feat xlink:href="#sPointingRel2523" value="aux"/>
		<feat xlink:href="#sPointingRel2525" value="nsubj"/>
		<feat xlink:href="#sPointingRel2527" value="case"/>
		<feat xlink:href="#sPointingRel2529" value="det"/>
		<feat xlink:href="#sPointingRel2531" value="det"/>
		<feat xlink:href="#sPointingRel2533" value="nmod"/>
		<feat xlink:href="#sPointingRel2535" value="nmod"/>
		<feat xlink:href="#sPointingRel2537" value="obl"/>
		<feat xlink:href="#sPointingRel2539" value="case"/>
		<feat xlink:href="#sPointingRel2541" value="nsubj"/>
		<feat xlink:href="#sPointingRel2543" value="nsubj"/>
		<feat xlink:href="#sPointingRel2545" value="conj"/>
		<feat xlink:href="#sPointingRel2547" value="dep"/>
		<feat xlink:href="#sPointingRel2549" value="aux"/>
		<feat xlink:href="#sPointingRel2551" value="nsubj"/>
		<feat xlink:href="#sPointingRel2553" value="obj"/>
		<feat xlink:href="#sPointingRel2555" value="case"/>
		<feat xlink:href="#sPointingRel2557" value="nsubj"/>
		<feat xlink:href="#sPointingRel2559" value="nsubj"/>
		<feat xlink:href="#sPointingRel2561" value="nsubj"/>
		<feat xlink:href="#sPointingRel2563" value="appos"/>
		<feat xlink:href="#sPointingRel2565" value="case"/>
		<feat xlink:href="#sPointingRel2567" value="nsubj"/>
		<feat xlink:href="#sPointingRel2569" value="case"/>
		<feat xlink:href="#sPointingRel2571" value="dislocated"/>
		<feat xlink:href="#sPointingRel2573" value="case"/>
		<feat xlink:href="#sPointingRel2575" value="mark"/>
		<feat xlink:href="#sPointingRel2577" value="det"/>
		<feat xlink:href="#sPointingRel2579" value="advcl"/>
		<feat xlink:href="#sPointingRel2581" value="det"/>
		<feat xlink:href="#sPointingRel2583" value="det"/>
		<feat xlink:href="#sPointingRel2585" value="nummod"/>
		<feat xlink:href="#sPointingRel2587" value="det"/>
		<feat xlink:href="#sPointingRel2589" value="aux"/>
		<feat xlink:href="#sPointingRel2591" value="acl:relcl"/>
		<feat xlink:href="#sPointingRel2593" value="advmod"/>
		<feat xlink:href="#sPointingRel2595" value="obj"/>
		<feat xlink:href="#sPointingRel2597" value="nmod"/>
		<feat xlink:href="#sPointingRel2599" value="det"/>
		<feat xlink:href="#sPointingRel2601" value="case"/>
		<feat xlink:href="#sPointingRel2603" value="nsubj"/>
		<feat xlink:href="#sPointingRel2605" value="case"/>
		<feat xlink:href="#sPointingRel2607" value="obj"/>
		<feat xlink:href="#sPointingRel2609" value="case"/>
		<feat xlink:href="#sPointingRel2611" value="obl"/>
		<feat xlink:href="#sPointingRel2613" value="advmod"/>
		<feat xlink:href="#sPointingRel2615" value="case"/>
		<feat xlink:href="#sPointingRel2617" value="aux"/>
		<feat xlink:href="#sPointingRel2619" value="conj"/>
		<feat xlink:href="#sPointingRel2621" value="nsubj"/>
		<feat xlink:href="#sPointingRel2623" value="advmod"/>
		<feat xlink:href="#sPointingRel2625" value="case"/>
		<feat xlink:href="#sPointingRel2627" value="obl"/>
		<feat xlink:href="#sPointingRel2629" value="det"/>
		<feat xlink:href="#sPointingRel2631" value="det"/>
		<feat xlink:href="#sPointingRel2633" value="conj"/>
		<feat xlink:href="#sPointingRel2635" value="nsubj"/>
		<feat xlink:href="#sPointingRel2637" value="case"/>
		<feat xlink:href="#sPointingRel2639" value="obl"/>
		<feat xlink:href="#sPointingRel2641" value="det"/>
		<feat xlink:href="#sPointingRel2643" value="obj"/>
		<feat xlink:href="#sPointingRel2645" value="nsubj"/>
		<feat xlink:href="#sPointingRel2647" value="obl"/>
		<feat xlink:href="#sPointingRel2649" value="mark"/>
		<feat xlink:href="#sPointingRel2651" value="nmod"/>
		<feat xlink:href="#sPointingRel2653" value="nsubj"/>
		<feat xlink:href="#sPointingRel2655" value="mark"/>
		<feat xlink:href="#sPointingRel2657" value="det"/>
		<feat xlink:href="#sPointingRel2659" value="nsubj"/>
		<feat xlink:href="#sPointingRel2661" value="nmod"/>
		<feat xlink:href="#sPointingRel2663" value="conj"/>
		<feat xlink:href="#sPointingRel2665" value="case"/>
		<feat xlink:href="#sPointingRel2667" value="case"/>
		<feat xlink:href="#sPointingRel2669" value="obl"/>
		<feat xlink:href="#sPointingRel2671" value="obl"/>
		<feat xlink:href="#sPointingRel2673" value="nmod"/>
		<feat xlink:href="#sPointingRel2675" value="det"/>
		<feat xlink:href="#sPointingRel2677" value="det"/>
		<feat xlink:href="#sPointingRel2679" value="case"/>
		<feat xlink:href="#sPointingRel2681" value="nsubj"/>
		<feat xlink:href="#sPointingRel2683" value="aux"/>
		<feat xlink:href="#sPointingRel2685" value="acl:relcl"/>
		<feat xlink:href="#sPointingRel2687" value="obj"/>
		<feat xlink:href="#sPointingRel2689" value="dislocated"/>
		<feat xlink:href="#sPointingRel2691" value="conj"/>
		<feat xlink:href="#sPointingRel2693" value="case"/>
		<feat xlink:href="#sPointingRel2695" value="case"/>
		<feat xlink:href="#sPointingRel2697" value="nsubj"/>
		<feat xlink:href="#sPointingRel2699" value="nmod"/>
		<feat xlink:href="#sPointingRel2701" value="dislocated"/>
		<feat xlink:href="#sPointingRel2703" value="obl"/>
		<feat xlink:href="#sPointingRel2705" value="nsubj"/>
		<feat xlink:href="#sPointingRel2707" value="nsubj"/>
		<feat xlink:href="#sPointingRel2709" value="det"/>
		<feat xlink:href="#sPointingRel2711" value="nsubj"/>
		<feat xlink:href="#sPointingRel2713" value="advmod"/>
		<feat xlink:href="#sPointingRel2715" value="advmod"/>
		<feat xlink:href="#sPointingRel2717" value="advcl"/>
		<feat xlink:href="#sPointingRel2719" value="det"/>
		<feat xlink:href="#sPointingRel2721" value="nsubj"/>
		<feat xlink:href="#sPointingRel2723" value="obl"/>
		<feat xlink:href="#sPointingRel2725" value="case"/>
		<feat xlink:href="#sPointingRel2727" value="nsubj"/>
		<feat xlink:href="#sPointingRel2729" value="obl"/>
		<feat xlink:href="#sPointingRel2731" value="aux"/>
		<feat xlink:href="#sPointingRel2733" value="mark"/>
		<feat xlink:href="#sPointingRel2735" value="advmod"/>
		<feat xlink:href="#sPointingRel2737" value="dislocated"/>
		<feat xlink:href="#sPointingRel2739" value="nsubj"/>
		<feat xlink:href="#sPointingRel2741" value="nsubj"/>
		<feat xlink:href="#sPointingRel2743" value="case"/>
		<feat xlink:href="#sPointingRel2745" value="nsubj"/>
		<feat xlink:href="#sPointingRel2747" value="det"/>
		<feat xlink:href="#sPointingRel2749" value="nsubj"/>
		<feat xlink:href="#sPointingRel2751" value="acl:relcl"/>
		<feat xlink:href="#sPointingRel2753" value="advmod"/>
		<feat xlink:href="#sPointingRel2755" value="obj"/>
		<feat xlink:href="#sPointingRel2757" value="det"/>
		<feat xlink:href="#sPointingRel2759" value="det"/>
		<feat xlink:href="#sPointingRel2761" value="case"/>
		<feat xlink:href="#sPointingRel2763" value="nsubj"/>
		<feat xlink:href="#sPointingRel2765" value="case"/>
		<feat xlink:href="#sPointingRel2767" value="nmod"/>
		<feat xlink:href="#sPointingRel2769" value="case"/>
		<feat xlink:href="#sPointingRel2771" value="obl"/>
		<feat xlink:href="#sPointingRel2773" value="case"/>
		<feat xlink:href="#sPointingRel2775" value="obj"/>
		<feat xlink:href="#sPointingRel2777" value="obl"/>
		<feat xlink:href="#sPointingRel2779" value="aux"/>
		<feat xlink:href="#sPointingRel2781" value="aux"/>
		<feat xlink:href="#sPointingRel2783" value="nsubj"/>
		<feat xlink:href="#sPointingRel2785" value="xcomp"/>
		<feat xlink:href="#sPointingRel2787" value="aux"/>
		<feat xlink:href="#sPointingRel2789" value="obj"/>
		<feat xlink:href="#sPointingRel2791" value="det"/>
		<feat xlink:href="#sPointingRel2793" value="cc"/>
		<feat xlink:href="#sPointingRel2795" value="case"/>
		<feat xlink:href="#sPointingRel2797" value="det"/>
		<feat xlink:href="#sPointingRel2799" value="nsubj"/>
		<feat xlink:href="#sPointingRel2801" value="det"/>
		<feat xlink:href="#sPointingRel2803" value="case"/>
		<feat xlink:href="#sPointingRel2805" value="det"/>
		<feat xlink:href="#sPointingRel2807" value="obl:npmod"/>
		<feat xlink:href="#sPointingRel2809" value="det"/>
		<feat xlink:href="#sPointingRel2811" value="dislocated"/>
		<feat xlink:href="#sPointingRel2813" value="aux"/>
		<feat xlink:href="#sPointingRel2815" value="obl"/>
		<feat xlink:href="#sPointingRel2817" value="obl"/>
		<feat xlink:href="#sPointingRel2819" value="mark"/>
		<feat xlink:href="#sPointingRel2821" value="advmod"/>
		<feat xlink:href="#sPointingRel2823" value="mark"/>
		<feat xlink:href="#sPointingRel2825" value="dislocated"/>
		<feat xlink:href="#sPointingRel2827" value="case"/>
		<feat xlink:href="#sPointingRel2829" value="ccomp"/>
		<feat xlink:href="#sPointingRel2831" value="det"/>
		<feat xlink:href="#sPointingRel2833" value="case"/>
		<feat xlink:href="#sPointingRel2835" value="det"/>
		<feat xlink:href="#sPointingRel2837" value="nsubj"/>
		<feat xlink:href="#sPointingRel2839" value="case"/>
		<feat xlink:href="#sPointingRel2841" value="acl:relcl"/>
		<feat xlink:href="#sPointingRel2843" value="obl"/>
		<feat xlink:href="#sPointingRel2845" value="det"/>
		<feat xlink:href="#sPointingRel2847" value="obl"/>
		<feat xlink:href="#sPointingRel2849" value="nmod"/>
		<feat xlink:href="#sPointingRel2851" value="nsubj"/>
		<feat xlink:href="#sPointingRel2853" value="nsubj"/>
		<feat xlink:href="#sPointingRel2855" value="obj"/>
		<feat xlink:href="#sPointingRel2857" value="case"/>
		<feat xlink:href="#sPointingRel2859" value="case"/>
		<feat xlink:href="#sPointingRel2861" value="det"/>
		<feat xlink:href="#sPointingRel2863" value="aux"/>
		<feat xlink:href="#sPointingRel2865" value="advmod"/>
		<feat xlink:href="#sPointingRel2867" value="advmod"/>
		<feat xlink:href="#sPointingRel2869" value="advmod"/>
		<feat xlink:href="#sPointingRel2871" value="case"/>
		<feat xlink:href="#sPointingRel2873" value="xcomp"/>
		<feat xlink:href="#sPointingRel2875" value="case"/>
		<feat xlink:href="#sPointingRel2877" value="obl"/>
		<feat xlink:href="#sPointingRel2879" value="obl"/>
		<feat xlink:href="#sPointingRel2881" value="det"/>
		<feat xlink:href="#sPointingRel2883" value="advcl"/>
		<feat xlink:href="#sPointingRel2885" value="advmod"/>
		<feat xlink:href="#sPointingRel2887" value="cc"/>
		<feat xlink:href="#sPointingRel2889" value="case"/>
		<feat xlink:href="#sPointingRel2891" value="det"/>
		<feat xlink:href="#sPointingRel2893" value="advcl"/>
		<feat xlink:href="#sPointingRel2895" value="nsubj"/>
		<feat xlink:href="#sPointingRel2897" value="advmod"/>
		<feat xlink:href="#sPointingRel2899" value="obl"/>
		<feat xlink:href="#sPointingRel2901" value="obj"/>
		<feat xlink:href="#sPointingRel2903" value="case"/>
		<feat xlink:href="#sPointingRel2905" value="aux"/>
		<feat xlink:href="#sPointingRel2907" value="case"/>
		<feat xlink:href="#sPointingRel2909" value="nsubj"/>
		<feat xlink:href="#sPointingRel2911" value="det"/>
		<feat xlink:href="#sPointingRel2913" value="case"/>
		<feat xlink:href="#sPointingRel2915" value="obl"/>
		<feat xlink:href="#sPointingRel2917" value="nmod"/>
		<feat xlink:href="#sPointingRel2919" value="case"/>
		<feat xlink:href="#sPointingRel2921" value="obl"/>
		<feat xlink:href="#sPointingRel2923" value="appos"/>
		<feat xlink:href="#sPointingRel2925" value="nsubj"/>
		<feat xlink:href="#sPointingRel2927" value="det"/>
		<feat xlink:href="#sPointingRel2929" value="obl"/>
		<feat xlink:href="#sPointingRel2931" value="acl:relcl"/>
		<feat xlink:href="#sPointingRel2933" value="case"/>
		<feat xlink:href="#sPointingRel2935" value="aux"/>
		<feat xlink:href="#sPointingRel2937" value="case"/>
		<feat xlink:href="#sPointingRel2939" value="appos"/>
		<feat xlink:href="#sPointingRel2941" value="obl"/>
		<feat xlink:href="#sPointingRel2943" value="cop"/>
		<feat xlink:href="#sPointingRel2945" value="obl"/>
		<feat xlink:href="#sPointingRel2947" value="ccomp"/>
		<feat xlink:href="#sPointingRel2949" value="obl"/>
		<feat xlink:href="#sPointingRel2951" value="mark"/>
		<feat xlink:href="#sPointingRel2953" value="case"/>
		<feat xlink:href="#sPointingRel2955" value="obj"/>
		<feat xlink:href="#sPointingRel2957" value="nsubj"/>
		<feat xlink:href="#sPointingRel2959" value="advmod"/>
		<feat xlink:href="#sPointingRel2961" value="nmod"/>
		<feat xlink:href="#sPointingRel2963" value="mark"/>
		<feat xlink:href="#sPointingRel2965" value="fixed"/>
		<feat xlink:href="#sPointingRel2967" value="nsubj"/>
		<feat xlink:href="#sPointingRel2969" value="case"/>
		<feat xlink:href="#sPointingRel2971" value="obl"/>
		<feat xlink:href="#sPointingRel2973" value="vocative"/>
		<feat xlink:href="#sPointingRel2975" value="nsubj"/>
		<feat xlink:href="#sPointingRel2977" value="obl"/>
		<feat xlink:href="#sPointingRel2979" value="mark"/>
		<feat xlink:href="#sPointingRel2981" value="nmod"/>
		<feat xlink:href="#sPointingRel2983" value="aux"/>
		<feat xlink:href="#sPointingRel2985" value="case"/>
		<feat xlink:href="#sPointingRel2987" value="conj"/>
		<feat xlink:href="#sPointingRel2989" value="det"/>
		<feat xlink:href="#sPointingRel2991" value="acl:relcl"/>
		<feat xlink:href="#sPointingRel2993" value="aux"/>
		<feat xlink:href="#sPointingRel2995" value="nmod"/>
		<feat xlink:href="#sPointingRel2997" value="fixed"/>
		<feat xlink:href="#sPointingRel2999" value="det"/>
		<feat xlink:href="#sPointingRel3001" value="case"/>
		<feat xlink:href="#sPointingRel3003" value="det"/>
		<feat xlink:href="#sPointingRel3005" value="advcl"/>
		<feat xlink:href="#sPointingRel3007" value="obl"/>
		<feat xlink:href="#sPointingRel3009" value="cc"/>
		<feat xlink:href="#sPointingRel3011" value="acl:relcl"/>
		<feat xlink:href="#sPointingRel3013" value="mark"/>
		<feat xlink:href="#sPointingRel3015" value="nsubj"/>
		<feat xlink:href="#sPointingRel3017" value="case"/>
		<feat xlink:href="#sPointingRel3019" value="mark"/>
		<feat xlink:href="#sPointingRel3021" value="det"/>
		<feat xlink:href="#sPointingRel3023" value="obl"/>
		<feat xlink:href="#sPointingRel3025" value="det"/>
		<feat xlink:href="#sPointingRel3027" value="dislocated"/>
		<feat xlink:href="#sPointingRel3029" value="acl:relcl"/>
		<feat xlink:href="#sPointingRel3031" value="cop"/>
		<feat xlink:href="#sPointingRel3033" value="aux"/>
		<feat xlink:href="#sPointingRel3035" value="nmod"/>
		<feat xlink:href="#sPointingRel3037" value="det"/>
		<feat xlink:href="#sPointingRel3039" value="obl"/>
		<feat xlink:href="#sPointingRel3041" value="obl"/>
		<feat xlink:href="#sPointingRel3043" value="advcl"/>
		<feat xlink:href="#sPointingRel3045" value="mark"/>
		<feat xlink:href="#sPointingRel3047" value="cc"/>
		<feat xlink:href="#sPointingRel3049" value="case"/>
		<feat xlink:href="#sPointingRel3051" value="nmod"/>
		<feat xlink:href="#sPointingRel3053" value="aux"/>
		<feat xlink:href="#sPointingRel3055" value="appos"/>
		<feat xlink:href="#sPointingRel3057" value="aux"/>
		<feat xlink:href="#sPointingRel3059" value="aux"/>
		<feat xlink:href="#sPointingRel3061" value="conj"/>
		<feat xlink:href="#sPointingRel3063" value="case"/>
		<feat xlink:href="#sPointingRel3065" value="case"/>
		<feat xlink:href="#sPointingRel3067" value="det"/>
		<feat xlink:href="#sPointingRel3069" value="nsubj"/>
		<feat xlink:href="#sPointingRel3071" value="case"/>
		<feat xlink:href="#sPointingRel3073" value="case"/>
		<feat xlink:href="#sPointingRel3075" value="nsubj"/>
		<feat xlink:href="#sPointingRel3077" value="nmod"/>
		<feat xlink:href="#sPointingRel3079" value="nsubj"/>
		<feat xlink:href="#sPointingRel3081" value="case"/>
		<feat xlink:href="#sPointingRel3083" value="obl"/>
		<feat xlink:href="#sPointingRel3085" value="advmod"/>
		<feat xlink:href="#sPointingRel3087" value="advmod"/>
		<feat xlink:href="#sPointingRel3089" value="det"/>
		<feat xlink:href="#sPointingRel3091" value="case"/>
		<feat xlink:href="#sPointingRel3093" value="nsubj"/>
		<feat xlink:href="#sPointingRel3095" value="obl"/>
		<feat xlink:href="#sPointingRel3097" value="obl"/>
		<feat xlink:href="#sPointingRel3099" value="aux"/>
		<feat xlink:href="#sPointingRel3101" value="nsubj"/>
		<feat xlink:href="#sPointingRel3103" value="det"/>
		<feat xlink:href="#sPointingRel3105" value="ccomp"/>
		<feat xlink:href="#sPointingRel3107" value="det"/>
		<feat xlink:href="#sPointingRel3109" value="nmod"/>
		<feat xlink:href="#sPointingRel3111" value="case"/>
		<feat xlink:href="#sPointingRel3113" value="det"/>
		<feat xlink:href="#sPointingRel3115" value="parataxis"/>
		<feat xlink:href="#sPointingRel3117" value="case"/>
		<feat xlink:href="#sPointingRel3119" value="fixed"/>
		<feat xlink:href="#sPointingRel3121" value="case"/>
		<feat xlink:href="#sPointingRel3123" value="case"/>
		<feat xlink:href="#sPointingRel3125" value="case"/>
		<feat xlink:href="#sPointingRel3127" value="det"/>
		<feat xlink:href="#sPointingRel3129" value="case"/>
		<feat xlink:href="#sPointingRel3131" value="advmod"/>
		<feat xlink:href="#sPointingRel3133" value="obj"/>
		<feat xlink:href="#sPointingRel3135" value="det"/>
		<feat xlink:href="#sPointingRel3137" value="det"/>
		<feat xlink:href="#sPointingRel3139" value="case"/>
		<feat xlink:href="#sPointingRel3141" value="obl"/>
		<feat xlink:href="#sPointingRel3143" value="nsubj"/>
		<feat xlink:href="#sPointingRel3145" value="mark"/>
		<feat xlink:href="#sPointingRel3147" value="conj"/>
		<feat xlink:href="#sPointingRel3149" value="mark"/>
		<feat xlink:href="#sPointingRel3151" value="mark"/>
		<feat xlink:href="#sPointingRel3153" value="obl"/>
		<feat xlink:href="#sPointingRel3155" value="det"/>
		<feat xlink:href="#sPointingRel3157" value="aux"/>
		<feat xlink:href="#sPointingRel3159" value="det"/>
		<feat xlink:href="#sPointingRel3161" value="aux"/>
		<feat xlink:href="#sPointingRel3163" value="det"/>
		<feat xlink:href="#sPointingRel3165" value="det"/>
		<feat xlink:href="#sPointingRel3167" value="obl"/>
		<feat xlink:href="#sPointingRel3169" value="conj"/>
		<feat xlink:href="#sPointingRel3171" value="obl"/>
		<feat xlink:href="#sPointingRel3173" value="case"/>
		<feat xlink:href="#sPointingRel3175" value="conj"/>
		<feat xlink:href="#sPointingRel3177" value="aux"/>
		<feat xlink:href="#sPointingRel3179" value="case"/>
		<feat xlink:href="#sPointingRel3181" value="mark"/>
		<feat xlink:href="#sPointingRel3183" value="obl"/>
		<feat xlink:href="#sPointingRel3185" value="case"/>
		<feat xlink:href="#sPointingRel3187" value="nsubj"/>
		<feat xlink:href="#sPointingRel3189" value="advmod"/>
		<feat xlink:href="#sPointingRel3191" value="case"/></featList></paula>