<?xml version='1.0' encoding='UTF-8'?><!DOCTYPE paula SYSTEM "paula_feat.dtd">
<paula version="1.1">
	<header paula_id="scriptorium.Ruth_04.mark_entity"/>
	<featList xmlns:xlink="http://www.w3.org/1999/xlink" type="entity" xml:base="scriptorium.Ruth_04.mark.xml">
		<feat xlink:href="#sSpan12" value="person"/>
		<feat xlink:href="#sSpan34" value="place"/>
		<feat xlink:href="#sSpan52" value="place"/>
		<feat xlink:href="#sSpan71" value="person"/>
		<feat xlink:href="#sSpan86" value="abstract"/>
		<feat xlink:href="#sSpan108" value="person"/>
		<feat xlink:href="#sSpan118" value="person"/>
		<feat xlink:href="#sSpan154" value="person"/>
		<feat xlink:href="#sSpan175" value="place"/>
		<feat xlink:href="#sSpan180" value="person"/>
		<feat xlink:href="#sSpan196" value="person"/>
		<feat xlink:href="#sSpan242" value="person"/>
		<feat xlink:href="#sSpan259" value="person"/>
		<feat xlink:href="#sSpan277" value="person"/>
		<feat xlink:href="#sSpan287" value="place"/>
		<feat xlink:href="#sSpan321" value="place"/>
		<feat xlink:href="#sSpan343" value="person"/>
		<feat xlink:href="#sSpan358" value="person"/>
		<feat xlink:href="#sSpan373" value="abstract"/>
		<feat xlink:href="#sSpan385" value="place"/>
		<feat xlink:href="#sSpan395" value="place"/>
		<feat xlink:href="#sSpan406" value="person"/>
		<feat xlink:href="#sSpan441" value="person"/>
		<feat xlink:href="#sSpan467" value="place"/>
		<feat xlink:href="#sSpan477" value="place"/>
		<feat xlink:href="#sSpan512" value="abstract"/>
		<feat xlink:href="#sSpan521" value="object"/>
		<feat xlink:href="#sSpan556" value="place"/>
		<feat xlink:href="#sSpan566" value="abstract"/>
		<feat xlink:href="#sSpan579" value="person"/>
		<feat xlink:href="#sSpan594" value="abstract"/>
		<feat xlink:href="#sSpan607" value="person"/>
		<feat xlink:href="#sSpan617" value="organization"/>
		<feat xlink:href="#sSpan790" value="person"/>
		<feat xlink:href="#sSpan813" value="time"/>
		<feat xlink:href="#sSpan832" value="place"/>
		<feat xlink:href="#sSpan848" value="person"/>
		<feat xlink:href="#sSpan866" value="person"/>
		<feat xlink:href="#sSpan886" value="person"/>
		<feat xlink:href="#sSpan908" value="person"/>
		<feat xlink:href="#sSpan938" value="abstract"/>
		<feat xlink:href="#sSpan947" value="person"/>
		<feat xlink:href="#sSpan962" value="abstract"/>
		<feat xlink:href="#sSpan978" value="person"/>
		<feat xlink:href="#sSpan993" value="abstract"/>
		<feat xlink:href="#sSpan1048" value="abstract"/>
		<feat xlink:href="#sSpan1114" value="abstract"/>
		<feat xlink:href="#sSpan1125" value="abstract"/>
		<feat xlink:href="#sSpan1143" value="organization"/>
		<feat xlink:href="#sSpan1153" value="person"/>
		<feat xlink:href="#sSpan1169" value="abstract"/>
		<feat xlink:href="#sSpan1183" value="abstract"/>
		<feat xlink:href="#sSpan1205" value="abstract"/>
		<feat xlink:href="#sSpan1218" value="person"/>
		<feat xlink:href="#sSpan1242" value="object"/>
		<feat xlink:href="#sSpan1265" value="person"/>
		<feat xlink:href="#sSpan1278" value="abstract"/>
		<feat xlink:href="#sSpan1289" value="abstract"/>
		<feat xlink:href="#sSpan1301" value="organization"/>
		<feat xlink:href="#sSpan1309" value="person"/>
		<feat xlink:href="#sSpan1333" value="abstract"/>
		<feat xlink:href="#sSpan1350" value="person"/>
		<feat xlink:href="#sSpan1394" value="object"/>
		<feat xlink:href="#sSpan1417" value="person"/>
		<feat xlink:href="#sSpan1441" value="person"/>
		<feat xlink:href="#sSpan1451" value="organization"/>
		<feat xlink:href="#sSpan1479" value="abstract"/>
		<feat xlink:href="#sSpan1486" value="time"/>
		<feat xlink:href="#sSpan1505" value="abstract"/>
		<feat xlink:href="#sSpan1508" value="person"/>
		<feat xlink:href="#sSpan1523" value="abstract"/>
		<feat xlink:href="#sSpan1541" value="person"/>
		<feat xlink:href="#sSpan1549" value="person"/>
		<feat xlink:href="#sSpan1563" value="person"/>
		<feat xlink:href="#sSpan1577" value="person"/>
		<feat xlink:href="#sSpan1598" value="person"/>
		<feat xlink:href="#sSpan1615" value="person"/>
		<feat xlink:href="#sSpan1634" value="abstract"/>
		<feat xlink:href="#sSpan1643" value="person"/>
		<feat xlink:href="#sSpan1658" value="abstract"/>
		<feat xlink:href="#sSpan1683" value="abstract"/>
		<feat xlink:href="#sSpan1692" value="person"/>
		<feat xlink:href="#sSpan1712" value="person"/>
		<feat xlink:href="#sSpan1730" value="organization"/>
		<feat xlink:href="#sSpan1740" value="organization"/>
		<feat xlink:href="#sSpan1760" value="abstract"/>
		<feat xlink:href="#sSpan1767" value="time"/>
		<feat xlink:href="#sSpan1782" value="organization"/>
		<feat xlink:href="#sSpan1802" value="place"/>
		<feat xlink:href="#sSpan1826" value="abstract"/>
		<feat xlink:href="#sSpan1833" value="person"/>
		<feat xlink:href="#sSpan1853" value="person"/>
		<feat xlink:href="#sSpan1866" value="person"/>
		<feat xlink:href="#sSpan1888" value="place"/>
		<feat xlink:href="#sSpan1906" value="person"/>
		<feat xlink:href="#sSpan1926" value="person"/>
		<feat xlink:href="#sSpan1931" value="person"/>
		<feat xlink:href="#sSpan1952" value="place"/>
		<feat xlink:href="#sSpan1961" value="organization"/>
		<feat xlink:href="#sSpan1982" value="abstract"/>
		<feat xlink:href="#sSpan1991" value="place"/>
		<feat xlink:href="#sSpan2001" value="abstract"/>
		<feat xlink:href="#sSpan2015" value="place"/>
		<feat xlink:href="#sSpan2030" value="place"/>
		<feat xlink:href="#sSpan2051" value="place"/>
		<feat xlink:href="#sSpan2061" value="person"/>
		<feat xlink:href="#sSpan2075" value="person"/>
		<feat xlink:href="#sSpan2089" value="person"/>
		<feat xlink:href="#sSpan2100" value="object"/>
		<feat xlink:href="#sSpan2110" value="person"/>
		<feat xlink:href="#sSpan2138" value="person"/>
		<feat xlink:href="#sSpan2157" value="person"/>
		<feat xlink:href="#sSpan2175" value="person"/>
		<feat xlink:href="#sSpan2196" value="person"/>
		<feat xlink:href="#sSpan2228" value="person"/>
		<feat xlink:href="#sSpan2273" value="person"/>
		<feat xlink:href="#sSpan2286" value="person"/>
		<feat xlink:href="#sSpan2304" value="person"/>
		<feat xlink:href="#sSpan2311" value="person"/>
		<feat xlink:href="#sSpan2334" value="time"/>
		<feat xlink:href="#sSpan2351" value="person"/>
		<feat xlink:href="#sSpan2366" value="abstract"/>
		<feat xlink:href="#sSpan2382" value="abstract"/>
		<feat xlink:href="#sSpan2391" value="place"/>
		<feat xlink:href="#sSpan2448" value="place"/>
		<feat xlink:href="#sSpan2463" value="person"/>
		<feat xlink:href="#sSpan2522" value="person"/>
		<feat xlink:href="#sSpan2540" value="person"/>
		<feat xlink:href="#sSpan2557" value="person"/>
		<feat xlink:href="#sSpan2580" value="object"/>
		<feat xlink:href="#sSpan2613" value="person"/>
		<feat xlink:href="#sSpan2638" value="person"/>
		<feat xlink:href="#sSpan2648" value="person"/>
		<feat xlink:href="#sSpan2667" value="abstract"/>
		<feat xlink:href="#sSpan2677" value="person"/>
		<feat xlink:href="#sSpan2680" value="person"/>
		<feat xlink:href="#sSpan2691" value="person"/>
		<feat xlink:href="#sSpan2701" value="person"/>
		<feat xlink:href="#sSpan2715" value="person"/>
		<feat xlink:href="#sSpan2726" value="person"/>
		<feat xlink:href="#sSpan2737" value="person"/>
		<feat xlink:href="#sSpan2746" value="person"/>
		<feat xlink:href="#sSpan2749" value="person"/>
		<feat xlink:href="#sSpan2763" value="person"/>
		<feat xlink:href="#sSpan2775" value="person"/>
		<feat xlink:href="#sSpan2789" value="person"/>
		<feat xlink:href="#sSpan2793" value="person"/>
		<feat xlink:href="#sSpan2812" value="person"/>
		<feat xlink:href="#sSpan2816" value="person"/>
		<feat xlink:href="#sSpan2839" value="person"/>
		<feat xlink:href="#sSpan2843" value="person"/>
		<feat xlink:href="#sSpan2862" value="person"/>
		<feat xlink:href="#sSpan2866" value="person"/>
		<feat xlink:href="#sSpan2889" value="person"/>
		<feat xlink:href="#sSpan2893" value="person"/>
		<feat xlink:href="#sSpan2912" value="person"/>
		<feat xlink:href="#sSpan2916" value="person"/>
		<feat xlink:href="#sSpan2939" value="person"/>
		<feat xlink:href="#sSpan2943" value="person"/>
		<feat xlink:href="#sSpan2962" value="person"/></featList></paula>