<?xml version='1.0' encoding='UTF-8'?><!DOCTYPE paula SYSTEM "paula_feat.dtd">
<paula version="1.1">
	<header paula_id="scriptorium.Mark_09.mark_lemma"/>
	<featList xmlns:xlink="http://www.w3.org/1999/xlink" type="lemma" xml:base="scriptorium.Mark_09.mark.xml">
		<feat xlink:href="#sSpan1" value="ⲛⲉⲣⲉ"/>
		<feat xlink:href="#sSpan11" value="ⲛⲧⲟϥ"/>
		<feat xlink:href="#sSpan13" value="ϫⲱ"/>
		<feat xlink:href="#sSpan15" value="ⲛ"/>
		<feat xlink:href="#sSpan19" value="ⲛⲧⲟⲥ"/>
		<feat xlink:href="#sSpan21" value="ⲛⲁ"/>
		<feat xlink:href="#sSpan25" value="ⲛⲧⲟⲟⲩ"/>
		<feat xlink:href="#sSpan27" value="ϫⲉ"/>
		<feat xlink:href="#sSpan32" value="ϩⲁⲙⲏⲛ"/>
		<feat xlink:href="#sSpan35" value="ϩⲁⲙⲏⲛ"/>
		<feat xlink:href="#sSpan39" value="ⲁⲛⲟⲕ"/>
		<feat xlink:href="#sSpan43" value="ϫⲱ"/>
		<feat xlink:href="#sSpan45" value="ⲛ"/>
		<feat xlink:href="#sSpan49" value="ⲛⲧⲟⲥ"/>
		<feat xlink:href="#sSpan51" value="ⲛⲁ"/>
		<feat xlink:href="#sSpan55" value="ⲛⲧⲱⲧⲛ"/>
		<feat xlink:href="#sSpan57" value="ϫⲉ"/>
		<feat xlink:href="#sSpan61" value="ⲟⲩⲛ"/>
		<feat xlink:href="#sSpan63" value="ϩⲟⲓⲛⲉ"/>
		<feat xlink:href="#sSpan66" value="ⲛ"/>
		<feat xlink:href="#sSpan70" value="ⲡ"/>
		<feat xlink:href="#sSpan73" value="ⲉⲧⲉⲣⲉ"/>
		<feat xlink:href="#sSpan75" value="ⲱϩⲉ"/>
		<feat xlink:href="#sSpan77" value="ⲣⲁⲧ"/>
		<feat xlink:href="#sSpan79" value="ⲛⲧⲟⲟⲩ"/>
		<feat xlink:href="#sSpan81" value="ⲛ"/>
		<feat xlink:href="#sSpan85" value="ⲡⲉⲓ"/>
		<feat xlink:href="#sSpan88" value="ⲙⲁ"/>
		<feat xlink:href="#sSpan90" value="ⲉⲣⲉ"/>
		<feat xlink:href="#sSpan94" value="ⲛ"/>
		<feat xlink:href="#sSpan96" value="ⲛⲧⲟⲟⲩ"/>
		<feat xlink:href="#sSpan98" value="ⲛⲁ"/>
		<feat xlink:href="#sSpan101" value="ϫⲓϯⲡⲉ"/>
		<feat xlink:href="#sSpan104" value="ⲁⲛ"/>
		<feat xlink:href="#sSpan108" value="ⲛ"/>
		<feat xlink:href="#sSpan112" value="ⲡ"/>
		<feat xlink:href="#sSpan115" value="ⲙⲟⲩ"/>
		<feat xlink:href="#sSpan117" value="ϣⲁⲛⲧⲉ"/>
		<feat xlink:href="#sSpan121" value="ⲛⲧⲟⲟⲩ"/>
		<feat xlink:href="#sSpan123" value="ⲛⲁⲩ"/>
		<feat xlink:href="#sSpan125" value="ⲉ"/>
		<feat xlink:href="#sSpan129" value="ⲡ"/>
		<feat xlink:href="#sSpan133" value="ⲙⲛⲧⲣⲣⲟ"/>
		<feat xlink:href="#sSpan136" value="ⲛ"/>
		<feat xlink:href="#sSpan140" value="ⲡ"/>
		<feat xlink:href="#sSpan143" value="ⲛⲟⲩⲧⲉ"/>
		<feat xlink:href="#sSpan145" value="ⲉⲣⲉ"/>
		<feat xlink:href="#sSpan150" value="ⲁ"/>
		<feat xlink:href="#sSpan152" value="ⲛⲧⲟⲥ"/>
		<feat xlink:href="#sSpan154" value="ⲉⲓ"/>
		<feat xlink:href="#sSpan156" value="ϩⲛ"/>
		<feat xlink:href="#sSpan160" value="ⲟⲩ"/>
		<feat xlink:href="#sSpan163" value="ϭⲟⲙ"/>
		<feat xlink:href="#sSpan165" value="."/>
		<feat xlink:href="#sSpan169" value="ⲙⲛⲛⲥⲁ"/>
		<feat xlink:href="#sSpan179" value="ⲥⲟⲟⲩ"/>
		<feat xlink:href="#sSpan182" value="ⲛ"/>
		<feat xlink:href="#sSpan186" value="ϩⲟⲟⲩ"/>
		<feat xlink:href="#sSpan188" value="ⲁ"/>
		<feat xlink:href="#sSpan192" value="ⲛⲧⲟϥ"/>
		<feat xlink:href="#sSpan194" value="ϫⲓ"/>
		<feat xlink:href="#sSpan196" value="ⲛϭⲓ"/>
		<feat xlink:href="#sSpan201" value="ⲓⲏⲥⲟⲩⲥ"/>
		<feat xlink:href="#sSpan204" value="ⲛ"/>
		<feat xlink:href="#sSpan209" value="ⲡⲉⲧⲣⲟⲥ"/>
		<feat xlink:href="#sSpan212" value="ⲙⲛ"/>
		<feat xlink:href="#sSpan217" value="ⲓⲁⲕⲱⲃⲟⲥ"/>
		<feat xlink:href="#sSpan220" value="ⲙⲛ"/>
		<feat xlink:href="#sSpan225" value="ⲓⲱϩⲁⲛⲛⲏⲥ"/>
		<feat xlink:href="#sSpan228" value="ⲁ"/>
		<feat xlink:href="#sSpan232" value="ⲛⲧⲟϥ"/>
		<feat xlink:href="#sSpan234" value="ϫⲓ"/>
		<feat xlink:href="#sSpan236" value="ⲛⲧⲟⲟⲩ"/>
		<feat xlink:href="#sSpan238" value="ⲛ"/>
		<feat xlink:href="#sSpan242" value="ⲙⲁⲩⲁⲁ"/>
		<feat xlink:href="#sSpan244" value="ⲛⲧⲟⲟⲩ"/>
		<feat xlink:href="#sSpan246" value="ⲉϫⲛ"/>
		<feat xlink:href="#sSpan250" value="ⲟⲩ"/>
		<feat xlink:href="#sSpan255" value="ⲧⲟⲟⲩ"/>
		<feat xlink:href="#sSpan257" value="ⲉⲣⲉ"/>
		<feat xlink:href="#sSpan261" value="ⲛⲧⲟϥ"/>
		<feat xlink:href="#sSpan263" value="ϫⲓⲥⲉ"/>
		<feat xlink:href="#sSpan265" value="ⲁⲩⲱ"/>
		<feat xlink:href="#sSpan269" value="ⲁ"/>
		<feat xlink:href="#sSpan273" value="ⲛⲧⲟϥ"/>
		<feat xlink:href="#sSpan275" value="ϣⲓⲃⲉ"/>
		<feat xlink:href="#sSpan277" value="ⲛⲧⲟϥ"/>
		<feat xlink:href="#sSpan279" value="ϩⲓ"/>
		<feat xlink:href="#sSpan283" value="ϩⲏ"/>
		<feat xlink:href="#sSpan286" value="ⲛ"/>
		<feat xlink:href="#sSpan290" value="ⲛⲧⲟⲟⲩ"/>
		<feat xlink:href="#sSpan292" value="ⲡⲉϥ"/>
		<feat xlink:href="#sSpan303" value="ϩⲟⲓⲧⲉ"/>
		<feat xlink:href="#sSpan305" value="ⲁ"/>
		<feat xlink:href="#sSpan309" value="ⲛⲧⲟⲟⲩ"/>
		<feat xlink:href="#sSpan311" value="ⲙⲟⲩϩ"/>
		<feat xlink:href="#sSpan313" value="ⲉⲣⲉ"/>
		<feat xlink:href="#sSpan318" value="ⲁ"/>
		<feat xlink:href="#sSpan320" value="ⲛⲧⲟⲟⲩ"/>
		<feat xlink:href="#sSpan322" value="ⲟⲩⲃⲁϣ"/>
		<feat xlink:href="#sSpan324" value="ⲉⲙⲁⲧⲉ"/>
		<feat xlink:href="#sSpan328" value="."/>
		<feat xlink:href="#sSpan332" value="ⲉⲣⲉ"/>
		<feat xlink:href="#sSpan336" value="ⲛⲛⲉ"/>
		<feat xlink:href="#sSpan338" value="ϣ"/>
		<feat xlink:href="#sSpan340" value="ⲟⲩ"/>
		<feat xlink:href="#sSpan343" value="ⲣⲁϩⲧ"/>
		<feat xlink:href="#sSpan345" value="ⲛ"/>
		<feat xlink:href="#sSpan349" value="ⲧⲱϭⲥ"/>
		<feat xlink:href="#sSpan351" value="ⲧⲣⲉ"/>
		<feat xlink:href="#sSpan355" value="ⲛⲧⲟⲟⲩ"/>
		<feat xlink:href="#sSpan357" value="ⲡⲉⲓⲣⲉ"/>
		<feat xlink:href="#sSpan359" value="ϩⲓ"/>
		<feat xlink:href="#sSpan363" value="ⲡⲁⲓ"/>
		<feat xlink:href="#sSpan366" value="ϩⲓϫⲛ"/>
		<feat xlink:href="#sSpan370" value="ⲡ"/>
		<feat xlink:href="#sSpan373" value="ⲕⲁϩ"/>
		<feat xlink:href="#sSpan375" value="."/>
		<feat xlink:href="#sSpan379" value="ⲁ"/>
		<feat xlink:href="#sSpan388" value="ⲛⲧⲟϥ"/>
		<feat xlink:href="#sSpan390" value="ⲟⲩⲱⲛϩ"/>
		<feat xlink:href="#sSpan392" value="ⲉ"/>
		<feat xlink:href="#sSpan396" value="ⲛⲧⲟⲟⲩ"/>
		<feat xlink:href="#sSpan398" value="ⲛϭⲓ"/>
		<feat xlink:href="#sSpan403" value="ϩⲏⲗⲉⲓⲁⲥ"/>
		<feat xlink:href="#sSpan406" value="ⲙⲛ"/>
		<feat xlink:href="#sSpan411" value="ⲙⲱⲩⲥⲏⲥ"/>
		<feat xlink:href="#sSpan414" value="ⲉⲣⲉ"/>
		<feat xlink:href="#sSpan418" value="ⲛⲧⲟⲟⲩ"/>
		<feat xlink:href="#sSpan420" value="ϣⲁϫⲉ"/>
		<feat xlink:href="#sSpan422" value="ⲙⲛ"/>
		<feat xlink:href="#sSpan427" value="ⲓⲏⲥⲟⲩⲥ"/>
		<feat xlink:href="#sSpan430" value="."/>
		<feat xlink:href="#sSpan434" value="ⲛⲧⲟϥ"/>
		<feat xlink:href="#sSpan444" value="ⲟⲩⲱϣⲃ"/>
		<feat xlink:href="#sSpan447" value="ⲇⲉ"/>
		<feat xlink:href="#sSpan451" value="ⲛϭⲓ"/>
		<feat xlink:href="#sSpan456" value="ⲡⲉⲧⲣⲟⲥ"/>
		<feat xlink:href="#sSpan459" value="ⲉⲣⲉ"/>
		<feat xlink:href="#sSpan463" value="ⲛⲧⲟϥ"/>
		<feat xlink:href="#sSpan465" value="ϫⲱ"/>
		<feat xlink:href="#sSpan467" value="ⲛ"/>
		<feat xlink:href="#sSpan471" value="ⲛⲧⲟⲥ"/>
		<feat xlink:href="#sSpan473" value="ⲛ"/>
		<feat xlink:href="#sSpan478" value="ⲓⲏⲥⲟⲩⲥ"/>
		<feat xlink:href="#sSpan481" value="ϫⲉ"/>
		<feat xlink:href="#sSpan486" value="ϩⲣⲁⲃⲃⲉⲓ"/>
		<feat xlink:href="#sSpan489" value="ⲛⲁⲛⲟⲩ"/>
		<feat xlink:href="#sSpan493" value="ⲛⲧⲟⲥ"/>
		<feat xlink:href="#sSpan495" value="ⲛⲁ"/>
		<feat xlink:href="#sSpan499" value="ⲁⲛⲟⲛ"/>
		<feat xlink:href="#sSpan501" value="ⲉ"/>
		<feat xlink:href="#sSpan505" value="ⲧⲣⲉ"/>
		<feat xlink:href="#sSpan507" value="ⲁⲛⲟⲛ"/>
		<feat xlink:href="#sSpan509" value="ϭⲱ"/>
		<feat xlink:href="#sSpan511" value="ⲛ"/>
		<feat xlink:href="#sSpan515" value="ⲡⲉⲓ"/>
		<feat xlink:href="#sSpan518" value="ⲙⲁ"/>
		<feat xlink:href="#sSpan520" value="."/>
		<feat xlink:href="#sSpan524" value="ⲧⲁⲣ"/>
		<feat xlink:href="#sSpan528" value="ⲁⲛⲟⲛ"/>
		<feat xlink:href="#sSpan530" value="ⲧⲁⲙⲓⲟ"/>
		<feat xlink:href="#sSpan532" value="ϭⲉ"/>
		<feat xlink:href="#sSpan536" value="ⲡ"/>
		<feat xlink:href="#sSpan541" value="ϣⲟⲙⲧⲉ"/>
		<feat xlink:href="#sSpan543" value="ⲛ"/>
		<feat xlink:href="#sSpan547" value="ⲥⲕⲏⲛⲏ"/>
		<feat xlink:href="#sSpan549" value="ⲟⲩⲁ"/>
		<feat xlink:href="#sSpan554" value="ⲛⲁ"/>
		<feat xlink:href="#sSpan558" value="ⲛⲧⲟⲕ"/>
		<feat xlink:href="#sSpan560" value="ⲁⲩⲱ"/>
		<feat xlink:href="#sSpan564" value="ⲟⲩⲁ"/>
		<feat xlink:href="#sSpan569" value="ⲛ"/>
		<feat xlink:href="#sSpan574" value="ⲙⲱⲩⲥⲏⲥ"/>
		<feat xlink:href="#sSpan577" value="ⲁⲩⲱ"/>
		<feat xlink:href="#sSpan581" value="ⲟⲩⲁ"/>
		<feat xlink:href="#sSpan586" value="ⲛ"/>
		<feat xlink:href="#sSpan591" value="ϩⲏⲗⲉⲓⲁⲥ"/>
		<feat xlink:href="#sSpan594" value="."/>
		<feat xlink:href="#sSpan598" value="ⲛⲉⲣⲉ"/>
		<feat xlink:href="#sSpan608" value="ⲛⲧⲟϥ"/>
		<feat xlink:href="#sSpan610" value="ⲥⲟⲟⲩⲛ"/>
		<feat xlink:href="#sSpan613" value="ⲅⲁⲣ"/>
		<feat xlink:href="#sSpan617" value="ⲁⲛ"/>
		<feat xlink:href="#sSpan621" value="ϫⲉ"/>
		<feat xlink:href="#sSpan625" value="ⲉⲣⲉ"/>
		<feat xlink:href="#sSpan627" value="ⲛⲧⲟϥ"/>
		<feat xlink:href="#sSpan629" value="ϫⲱ"/>
		<feat xlink:href="#sSpan631" value="ⲛ"/>
		<feat xlink:href="#sSpan635" value="ⲛⲧⲟⲥ"/>
		<feat xlink:href="#sSpan637" value="ϫⲉ"/>
		<feat xlink:href="#sSpan641" value="ⲟⲩ"/>
		<feat xlink:href="#sSpan643" value="."/>
		<feat xlink:href="#sSpan647" value="ⲁ"/>
		<feat xlink:href="#sSpan651" value="ⲡ"/>
		<feat xlink:href="#sSpan654" value="ϩⲟⲧⲉ"/>
		<feat xlink:href="#sSpan657" value="ⲅⲁⲣ"/>
		<feat xlink:href="#sSpan661" value="ϫⲓ"/>
		<feat xlink:href="#sSpan665" value="ⲛⲧⲟⲟⲩ"/>
		<feat xlink:href="#sSpan667" value="ⲁ"/>
		<feat xlink:href="#sSpan677" value="ⲟⲩ"/>
		<feat xlink:href="#sSpan680" value="ⲕⲗⲟⲟⲗⲉ"/>
		<feat xlink:href="#sSpan682" value="ⲡⲱⲣϣ"/>
		<feat xlink:href="#sSpan686" value="ⲉⲃⲟⲗ"/>
		<feat xlink:href="#sSpan690" value="ⲉϫⲛ"/>
		<feat xlink:href="#sSpan694" value="ⲛⲧⲟⲟⲩ"/>
		<feat xlink:href="#sSpan696" value="."/>
		<feat xlink:href="#sSpan700" value="ⲁ"/>
		<feat xlink:href="#sSpan704" value="ⲟⲩ"/>
		<feat xlink:href="#sSpan707" value="ⲥⲙⲏ"/>
		<feat xlink:href="#sSpan710" value="ⲇⲉ"/>
		<feat xlink:href="#sSpan714" value="ⲉⲓ"/>
		<feat xlink:href="#sSpan719" value="ⲉⲃⲟⲗ"/>
		<feat xlink:href="#sSpan723" value="ϩⲛ"/>
		<feat xlink:href="#sSpan727" value="ⲡ"/>
		<feat xlink:href="#sSpan730" value="ⲕⲗⲟⲟⲗⲉ"/>
		<feat xlink:href="#sSpan732" value="ϫⲉ"/>
		<feat xlink:href="#sSpan736" value="ⲡⲁⲓ"/>
		<feat xlink:href="#sSpan739" value="ⲡⲉ"/>
		<feat xlink:href="#sSpan743" value="ⲡⲁ"/>
		<feat xlink:href="#sSpan748" value="ϣⲏⲣⲉ"/>
		<feat xlink:href="#sSpan750" value="ⲡⲁ"/>
		<feat xlink:href="#sSpan754" value="ⲙⲉⲣⲓⲧ"/>
		<feat xlink:href="#sSpan756" value="ⲥⲱⲧⲙ"/>
		<feat xlink:href="#sSpan760" value="ⲛⲥⲁ"/>
		<feat xlink:href="#sSpan764" value="ⲛⲧⲟϥ"/>
		<feat xlink:href="#sSpan766" value="ϩⲛ"/>
		<feat xlink:href="#sSpan776" value="ⲟⲩ"/>
		<feat xlink:href="#sSpan779" value="ϣⲥⲛⲉ"/>
		<feat xlink:href="#sSpan781" value="ⲛⲧⲉⲣⲉ"/>
		<feat xlink:href="#sSpan785" value="ⲛⲧⲟⲟⲩ"/>
		<feat xlink:href="#sSpan787" value="ϥⲓ"/>
		<feat xlink:href="#sSpan789" value="ⲉⲓⲁ"/>
		<feat xlink:href="#sSpan792" value="ⲛⲧⲟⲟⲩ"/>
		<feat xlink:href="#sSpan794" value="ⲉϩⲣⲁⲓ"/>
		<feat xlink:href="#sSpan798" value="ⲙⲡⲉ"/>
		<feat xlink:href="#sSpan802" value="ⲛⲧⲟⲟⲩ"/>
		<feat xlink:href="#sSpan804" value="ⲛⲁⲩ"/>
		<feat xlink:href="#sSpan806" value="ⲉ"/>
		<feat xlink:href="#sSpan810" value="ⲕⲉ"/>
		<feat xlink:href="#sSpan813" value="ⲗⲁⲁⲩ"/>
		<feat xlink:href="#sSpan815" value="ⲙⲛ"/>
		<feat xlink:href="#sSpan819" value="ⲛⲧⲟⲟⲩ"/>
		<feat xlink:href="#sSpan821" value="ⲛⲥⲁ"/>
		<feat xlink:href="#sSpan826" value="ⲓⲏⲥⲟⲩⲥ"/>
		<feat xlink:href="#sSpan829" value="ⲙⲁⲩⲁⲁ"/>
		<feat xlink:href="#sSpan833" value="ⲛⲧⲟϥ"/>
		<feat xlink:href="#sSpan835" value="."/>
		<feat xlink:href="#sSpan839" value="ⲉⲣⲉ"/>
		<feat xlink:href="#sSpan849" value="ⲛⲧⲟⲟⲩ"/>
		<feat xlink:href="#sSpan851" value="ⲉⲓ"/>
		<feat xlink:href="#sSpan854" value="ⲇⲉ"/>
		<feat xlink:href="#sSpan858" value="ⲉ"/>
		<feat xlink:href="#sSpan862" value="ⲡ"/>
		<feat xlink:href="#sSpan864" value="ⲉⲥⲏⲧ"/>
		<feat xlink:href="#sSpan866" value="ϩⲓϫⲛ"/>
		<feat xlink:href="#sSpan870" value="ⲡ"/>
		<feat xlink:href="#sSpan873" value="ⲧⲟⲟⲩ"/>
		<feat xlink:href="#sSpan875" value="."/>
		<feat xlink:href="#sSpan879" value="ⲁ"/>
		<feat xlink:href="#sSpan883" value="ⲛⲧⲟϥ"/>
		<feat xlink:href="#sSpan885" value="ϩⲱⲛ"/>
		<feat xlink:href="#sSpan887" value="ⲉⲧⲛ"/>
		<feat xlink:href="#sSpan891" value="ⲛⲧⲟⲟⲩ"/>
		<feat xlink:href="#sSpan893" value="ϫⲉⲕⲁⲁⲥ"/>
		<feat xlink:href="#sSpan897" value="ⲉⲣⲉ"/>
		<feat xlink:href="#sSpan901" value="ⲛⲛⲉ"/>
		<feat xlink:href="#sSpan903" value="ⲛⲧⲟⲟⲩ"/>
		<feat xlink:href="#sSpan905" value="ⲧⲁⲩⲟ"/>
		<feat xlink:href="#sSpan907" value="ⲡ"/>
		<feat xlink:href="#sSpan912" value="ⲉⲧⲉⲣⲉ"/>
		<feat xlink:href="#sSpan914" value="ⲁ"/>
		<feat xlink:href="#sSpan916" value="ⲛⲧⲟⲟⲩ"/>
		<feat xlink:href="#sSpan918" value="ⲛⲁⲩ"/>
		<feat xlink:href="#sSpan920" value="ⲉ"/>
		<feat xlink:href="#sSpan924" value="ⲛⲧⲟⲟⲩ"/>
		<feat xlink:href="#sSpan926" value="ⲉ"/>
		<feat xlink:href="#sSpan930" value="ⲗⲁⲁⲩ"/>
		<feat xlink:href="#sSpan933" value="."/>
		<feat xlink:href="#sSpan938" value="ⲉⲓⲙⲏⲧⲓ"/>
		<feat xlink:href="#sSpan942" value="ⲉⲣϣⲁⲛ"/>
		<feat xlink:href="#sSpan946" value="ⲡ"/>
		<feat xlink:href="#sSpan949" value="ϣⲏⲣⲉ"/>
		<feat xlink:href="#sSpan951" value="ⲛ"/>
		<feat xlink:href="#sSpan955" value="ⲡ"/>
		<feat xlink:href="#sSpan957" value="ⲣⲱⲙⲉ"/>
		<feat xlink:href="#sSpan959" value="ⲧⲱⲟⲩⲛ"/>
		<feat xlink:href="#sSpan963" value="ⲉⲃⲟⲗ"/>
		<feat xlink:href="#sSpan968" value="ϩⲛ"/>
		<feat xlink:href="#sSpan972" value="ⲡ"/>
		<feat xlink:href="#sSpan975" value="ⲉⲧⲉⲣⲉ"/>
		<feat xlink:href="#sSpan977" value="ⲙⲟⲩⲟⲩⲧ"/>
		<feat xlink:href="#sSpan982" value="[...]"/>
		<feat xlink:href="#sSpan988" value="ⲁ"/>
		<feat xlink:href="#sSpan997" value="ⲛⲧⲟⲟⲩ"/>
		<feat xlink:href="#sSpan999" value="ϫⲛⲟⲩ"/>
		<feat xlink:href="#sSpan1001" value="ⲛⲧⲟϥ"/>
		<feat xlink:href="#sSpan1003" value="ⲉⲣⲉ"/>
		<feat xlink:href="#sSpan1007" value="ⲛⲧⲟⲟⲩ"/>
		<feat xlink:href="#sSpan1009" value="ϫⲱ"/>
		<feat xlink:href="#sSpan1011" value="ⲛ"/>
		<feat xlink:href="#sSpan1015" value="ⲛⲧⲟⲥ"/>
		<feat xlink:href="#sSpan1017" value="ϫⲉ"/>
		<feat xlink:href="#sSpan1021" value="ⲉⲧⲃⲉ"/>
		<feat xlink:href="#sSpan1024" value="ⲟⲩ"/>
		<feat xlink:href="#sSpan1026" value="ⲡ"/>
		<feat xlink:href="#sSpan1032" value="ⲅⲣⲁⲙⲙⲁⲧⲉⲩⲥ"/>
		<feat xlink:href="#sSpan1034" value="ⲛⲧⲟⲟⲩ"/>
		<feat xlink:href="#sSpan1038" value="ϫⲱ"/>
		<feat xlink:href="#sSpan1040" value="ⲛ"/>
		<feat xlink:href="#sSpan1044" value="ⲛⲧⲟⲥ"/>
		<feat xlink:href="#sSpan1046" value="ϫⲉ"/>
		<feat xlink:href="#sSpan1051" value="ϩⲏⲗⲉⲓⲁⲥ"/>
		<feat xlink:href="#sSpan1054" value="ⲛⲧⲟϥ"/>
		<feat xlink:href="#sSpan1058" value="ⲛⲁ"/>
		<feat xlink:href="#sSpan1060" value="ϫⲡⲓⲟ"/>
		<feat xlink:href="#sSpan1062" value="ⲁⲛⲟⲕ"/>
		<feat xlink:href="#sSpan1064" value="ⲛ"/>
		<feat xlink:href="#sSpan1068" value="ϣⲟⲣⲡ"/>
		<feat xlink:href="#sSpan1070" value="ⲛⲧⲟϥ"/>
		<feat xlink:href="#sSpan1081" value="ⲇⲉ"/>
		<feat xlink:href="#sSpan1085" value="ⲡⲉϫⲉ"/>
		<feat xlink:href="#sSpan1089" value="ⲛⲧⲟϥ"/>
		<feat xlink:href="#sSpan1091" value="ⲛⲁ"/>
		<feat xlink:href="#sSpan1095" value="ⲛⲧⲟⲟⲩ"/>
		<feat xlink:href="#sSpan1097" value="ϫⲉ"/>
		<feat xlink:href="#sSpan1102" value="ϩⲏⲗⲉⲓⲁⲥ"/>
		<feat xlink:href="#sSpan1106" value="ⲙⲉⲛ"/>
		<feat xlink:href="#sSpan1110" value="ⲉⲣϣⲁⲛ_ⲛⲧⲟϥ"/>
		<feat xlink:href="#sSpan1114" value="ⲉⲓ"/>
		<feat xlink:href="#sSpan1116" value="ⲛⲧⲟϥ"/>
		<feat xlink:href="#sSpan1120" value="ⲛⲁ"/>
		<feat xlink:href="#sSpan1122" value="ϫⲱⲱⲕⲉ"/>
		<feat xlink:href="#sSpan1124" value="ϩⲱⲃ"/>
		<feat xlink:href="#sSpan1128" value="ⲛⲓⲙ"/>
		<feat xlink:href="#sSpan1132" value="ⲉⲃⲟⲗ"/>
		<feat xlink:href="#sSpan1136" value="ⲁⲩⲱ"/>
		<feat xlink:href="#sSpan1141" value="ⲡⲱⲥ"/>
		<feat xlink:href="#sSpan1145" value="ⲉⲣⲉ"/>
		<feat xlink:href="#sSpan1149" value="ⲁ"/>
		<feat xlink:href="#sSpan1151" value="ⲛⲧⲟⲟⲩ"/>
		<feat xlink:href="#sSpan1153" value="ⲥϩⲁⲓ"/>
		<feat xlink:href="#sSpan1155" value="ⲉϫⲛ"/>
		<feat xlink:href="#sSpan1159" value="ⲡ"/>
		<feat xlink:href="#sSpan1162" value="ϣⲏⲣⲉ"/>
		<feat xlink:href="#sSpan1164" value="ⲛ"/>
		<feat xlink:href="#sSpan1168" value="ⲡ"/>
		<feat xlink:href="#sSpan1170" value="ⲣⲱⲙⲉ"/>
		<feat xlink:href="#sSpan1172" value="ϫⲉⲕⲁⲁⲥ"/>
		<feat xlink:href="#sSpan1176" value="ⲉⲣⲉ_ⲛⲧⲟϥ"/>
		<feat xlink:href="#sSpan1180" value="ϣⲱⲡ"/>
		<feat xlink:href="#sSpan1182" value="ϩⲁϩ"/>
		<feat xlink:href="#sSpan1185" value="ⲛ"/>
		<feat xlink:href="#sSpan1189" value="ϩⲓⲥⲉ"/>
		<feat xlink:href="#sSpan1191" value="ⲛⲧⲉ"/>
		<feat xlink:href="#sSpan1195" value="ⲛⲧⲟⲟⲩ"/>
		<feat xlink:href="#sSpan1197" value="ⲥⲱϣ"/>
		<feat xlink:href="#sSpan1199" value="ⲛⲧⲟϥ"/>
		<feat xlink:href="#sSpan1201" value="."/>
		<feat xlink:href="#sSpan1205" value="ⲁⲛⲟⲕ"/>
		<feat xlink:href="#sSpan1215" value="ϫⲱ"/>
		<feat xlink:href="#sSpan1217" value="ⲛ"/>
		<feat xlink:href="#sSpan1221" value="ⲛⲧⲟⲥ"/>
		<feat xlink:href="#sSpan1223" value="ⲛⲁ"/>
		<feat xlink:href="#sSpan1227" value="ⲛⲧⲱⲧⲛ"/>
		<feat xlink:href="#sSpan1229" value="ϫⲉ"/>
		<feat xlink:href="#sSpan1233" value="ⲡ"/>
		<feat xlink:href="#sSpan1236" value="ⲕⲉ"/>
		<feat xlink:href="#sSpan1239" value="ϩⲏⲗⲉⲓⲁⲥ"/>
		<feat xlink:href="#sSpan1241" value="ⲁ"/>
		<feat xlink:href="#sSpan1245" value="ⲛⲧⲟϥ"/>
		<feat xlink:href="#sSpan1247" value="ⲉⲓ"/>
		<feat xlink:href="#sSpan1249" value="ⲁⲩⲱ"/>
		<feat xlink:href="#sSpan1253" value="ⲁ"/>
		<feat xlink:href="#sSpan1257" value="ⲛⲧⲟⲟⲩ"/>
		<feat xlink:href="#sSpan1259" value="ⲉⲓⲣⲉ"/>
		<feat xlink:href="#sSpan1261" value="ⲛⲁ"/>
		<feat xlink:href="#sSpan1265" value="ⲛⲧⲟϥ"/>
		<feat xlink:href="#sSpan1267" value="ⲛ"/>
		<feat xlink:href="#sSpan1271" value="ⲡ"/>
		<feat xlink:href="#sSpan1274" value="ⲉⲧⲉⲣⲉ"/>
		<feat xlink:href="#sSpan1276" value="ⲁ"/>
		<feat xlink:href="#sSpan1278" value="ⲛⲧⲟⲟⲩ"/>
		<feat xlink:href="#sSpan1280" value="ⲟⲩⲱϣ"/>
		<feat xlink:href="#sSpan1282" value="ⲛⲧⲟⲟⲩ"/>
		<feat xlink:href="#sSpan1284" value="."/>
		<feat xlink:href="#sSpan1289" value="ⲕⲁⲧⲁ"/>
		<feat xlink:href="#sSpan1293" value="ⲡ"/>
		<feat xlink:href="#sSpan1297" value="ϩⲉ"/>
		<feat xlink:href="#sSpan1299" value="ⲉⲧⲉⲣⲉ"/>
		<feat xlink:href="#sSpan1303" value="ⲁ"/>
		<feat xlink:href="#sSpan1305" value="ⲛⲧⲟⲟⲩ"/>
		<feat xlink:href="#sSpan1307" value="ⲥϩⲁⲓ"/>
		<feat xlink:href="#sSpan1309" value="ⲉⲧⲃⲉ"/>
		<feat xlink:href="#sSpan1313" value="ⲛⲧⲟϥ"/>
		<feat xlink:href="#sSpan1315" value="."/>
		<feat xlink:href="#sSpan1319" value="ⲛⲧⲉⲣⲉ"/>
		<feat xlink:href="#sSpan1329" value="ⲛⲧⲟⲟⲩ"/>
		<feat xlink:href="#sSpan1331" value="ⲉⲓ"/>
		<feat xlink:href="#sSpan1334" value="ⲉⲣⲁⲧ"/>
		<feat xlink:href="#sSpan1338" value="ⲛⲧⲟⲟⲩ"/>
		<feat xlink:href="#sSpan1340" value="ⲛ"/>
		<feat xlink:href="#sSpan1344" value="ⲡ"/>
		<feat xlink:href="#sSpan1348" value="ⲙⲁⲑⲏⲧⲏⲥ"/>
		<feat xlink:href="#sSpan1350" value="ⲁ"/>
		<feat xlink:href="#sSpan1354" value="ⲛⲧⲟⲟⲩ"/>
		<feat xlink:href="#sSpan1356" value="ⲛⲁⲩ"/>
		<feat xlink:href="#sSpan1358" value="ⲉⲣⲉ"/>
		<feat xlink:href="#sSpan1362" value="ⲟⲩ"/>
		<feat xlink:href="#sSpan1365" value="ⲛⲟϭ"/>
		<feat xlink:href="#sSpan1367" value="ⲛ"/>
		<feat xlink:href="#sSpan1371" value="ⲙⲏⲏϣⲉ"/>
		<feat xlink:href="#sSpan1373" value="ϩⲛ"/>
		<feat xlink:href="#sSpan1377" value="ⲡⲉⲩ"/>
		<feat xlink:href="#sSpan1379" value="ⲕⲱⲧⲉ"/>
		<feat xlink:href="#sSpan1381" value="ⲁⲩⲱ"/>
		<feat xlink:href="#sSpan1385" value="ⲟⲩ"/>
		<feat xlink:href="#sSpan1391" value="ⲅⲣⲁⲙⲙⲁⲧⲉⲩⲥ"/>
		<feat xlink:href="#sSpan1393" value="ⲉⲣⲉ"/>
		<feat xlink:href="#sSpan1397" value="ⲛⲧⲟⲟⲩ"/>
		<feat xlink:href="#sSpan1400" value="ϯⲧⲱⲛ"/>
		<feat xlink:href="#sSpan1403" value="ⲙⲛ"/>
		<feat xlink:href="#sSpan1407" value="ⲛⲧⲟⲟⲩ"/>
		<feat xlink:href="#sSpan1409" value="ⲛ"/>
		<feat xlink:href="#sSpan1419" value="ⲡ"/>
		<feat xlink:href="#sSpan1421" value="ⲟⲩⲛⲟⲩ"/>
		<feat xlink:href="#sSpan1424" value="ⲇⲉ"/>
		<feat xlink:href="#sSpan1428" value="ⲛⲧⲉⲣⲉ"/>
		<feat xlink:href="#sSpan1432" value="ⲡ"/>
		<feat xlink:href="#sSpan1435" value="ⲙⲏⲏϣⲉ"/>
		<feat xlink:href="#sSpan1437" value="ⲧⲏⲣ"/>
		<feat xlink:href="#sSpan1441" value="ⲛⲧⲟϥ"/>
		<feat xlink:href="#sSpan1443" value="ⲛⲁⲩ"/>
		<feat xlink:href="#sSpan1447" value="ⲉ"/>
		<feat xlink:href="#sSpan1451" value="ⲛⲧⲟϥ"/>
		<feat xlink:href="#sSpan1453" value="ⲁ"/>
		<feat xlink:href="#sSpan1457" value="ⲛⲧⲟⲟⲩ"/>
		<feat xlink:href="#sSpan1459" value="ϣⲧⲟⲣⲧⲣ"/>
		<feat xlink:href="#sSpan1461" value="ⲁⲩⲱ"/>
		<feat xlink:href="#sSpan1465" value="ⲁ"/>
		<feat xlink:href="#sSpan1469" value="ⲛⲧⲟⲟⲩ"/>
		<feat xlink:href="#sSpan1471" value="ⲡⲱⲧ"/>
		<feat xlink:href="#sSpan1473" value="ⲉⲣⲁⲧ"/>
		<feat xlink:href="#sSpan1477" value="ⲛⲧⲟϥ"/>
		<feat xlink:href="#sSpan1479" value="ⲉ"/>
		<feat xlink:href="#sSpan1484" value="ⲁⲥⲡⲁⲍⲉ"/>
		<feat xlink:href="#sSpan1486" value="ⲛ"/>
		<feat xlink:href="#sSpan1490" value="ⲛⲧⲟϥ"/>
		<feat xlink:href="#sSpan1492" value="ⲁ"/>
		<feat xlink:href="#sSpan1502" value="ⲛⲧⲟϥ"/>
		<feat xlink:href="#sSpan1504" value="ϫⲛⲟⲩ"/>
		<feat xlink:href="#sSpan1506" value="ⲛⲧⲟⲟⲩ"/>
		<feat xlink:href="#sSpan1509" value="ⲇⲉ"/>
		<feat xlink:href="#sSpan1513" value="ϫⲉ"/>
		<feat xlink:href="#sSpan1517" value="ⲉⲣⲉ"/>
		<feat xlink:href="#sSpan1519" value="ⲛⲧⲱⲧⲛ"/>
		<feat xlink:href="#sSpan1522" value="ϯⲧⲱⲛ"/>
		<feat xlink:href="#sSpan1525" value="ⲉⲧⲃⲉ"/>
		<feat xlink:href="#sSpan1530" value="ⲟⲩ"/>
		<feat xlink:href="#sSpan1532" value="ⲙⲛ"/>
		<feat xlink:href="#sSpan1536" value="ⲡⲉⲧⲛ"/>
		<feat xlink:href="#sSpan1538" value="ⲉⲣⲏⲩ"/>
		<feat xlink:href="#sSpan1540" value="."/>
		<feat xlink:href="#sSpan1544" value="ⲁ"/>
		<feat xlink:href="#sSpan1554" value="ⲛⲧⲟϥ"/>
		<feat xlink:href="#sSpan1556" value="ⲟⲩⲱϣⲃ"/>
		<feat xlink:href="#sSpan1558" value="ⲛⲁ"/>
		<feat xlink:href="#sSpan1562" value="ⲛⲧⲟϥ"/>
		<feat xlink:href="#sSpan1564" value="ⲛϭⲓ"/>
		<feat xlink:href="#sSpan1568" value="ⲟⲩⲁ"/>
		<feat xlink:href="#sSpan1571" value="ⲉⲃⲟⲗ"/>
		<feat xlink:href="#sSpan1575" value="ϩⲛ"/>
		<feat xlink:href="#sSpan1579" value="ⲡ"/>
		<feat xlink:href="#sSpan1582" value="ⲙⲏⲏϣⲉ"/>
		<feat xlink:href="#sSpan1584" value="ⲉⲣⲉ"/>
		<feat xlink:href="#sSpan1588" value="ⲛⲧⲟϥ"/>
		<feat xlink:href="#sSpan1590" value="ϫⲱ"/>
		<feat xlink:href="#sSpan1592" value="ⲛ"/>
		<feat xlink:href="#sSpan1596" value="ⲛⲧⲟⲥ"/>
		<feat xlink:href="#sSpan1598" value="ϫⲉ"/>
		<feat xlink:href="#sSpan1602" value="ⲡ"/>
		<feat xlink:href="#sSpan1605" value="ⲥⲁϩ"/>
		<feat xlink:href="#sSpan1607" value="ⲁ"/>
		<feat xlink:href="#sSpan1611" value="ⲁⲛⲟⲕ"/>
		<feat xlink:href="#sSpan1613" value="ⲉⲓⲛⲉ"/>
		<feat xlink:href="#sSpan1615" value="ⲡⲁ"/>
		<feat xlink:href="#sSpan1618" value="ϣⲏⲣⲉ"/>
		<feat xlink:href="#sSpan1620" value="ⲉⲣⲁⲧ"/>
		<feat xlink:href="#sSpan1624" value="ⲛⲧⲟⲕ"/>
		<feat xlink:href="#sSpan1626" value="ⲉⲣⲉ"/>
		<feat xlink:href="#sSpan1630" value="ⲟⲩ"/>
		<feat xlink:href="#sSpan1634" value="ⲡⲛⲉⲩⲙⲁ"/>
		<feat xlink:href="#sSpan1636" value="ⲛ"/>
		<feat xlink:href="#sSpan1640" value="ⲙⲡⲟ"/>
		<feat xlink:href="#sSpan1642" value="ⲙⲛ"/>
		<feat xlink:href="#sSpan1646" value="ⲛⲧⲟϥ"/>
		<feat xlink:href="#sSpan1648" value="."/>
		<feat xlink:href="#sSpan1652" value="ⲡ"/>
		<feat xlink:href="#sSpan1663" value="ⲙⲁ"/>
		<feat xlink:href="#sSpan1665" value="ⲉⲧⲉⲣⲉ"/>
		<feat xlink:href="#sSpan1669" value="ⲛⲧⲟϥ"/>
		<feat xlink:href="#sSpan1671" value="ⲛⲁ"/>
		<feat xlink:href="#sSpan1673" value="ⲧⲁϩⲟ"/>
		<feat xlink:href="#sSpan1675" value="ⲛⲧⲟϥ"/>
		<feat xlink:href="#sSpan1677" value="ϣⲁⲣⲉ"/>
		<feat xlink:href="#sSpan1681" value="ⲛⲧⲟϥ"/>
		<feat xlink:href="#sSpan1683" value="ⲣⲱϩⲧ"/>
		<feat xlink:href="#sSpan1685" value="ⲛⲧⲟϥ"/>
		<feat xlink:href="#sSpan1687" value="ⲉ"/>
		<feat xlink:href="#sSpan1691" value="ⲡ"/>
		<feat xlink:href="#sSpan1694" value="ⲕⲁϩ"/>
		<feat xlink:href="#sSpan1696" value="ⲛⲧⲉ"/>
		<feat xlink:href="#sSpan1700" value="ⲛⲧⲟϥ"/>
		<feat xlink:href="#sSpan1703" value="ⲧⲁⲩⲉⲥϩⲃⲏⲓⲧⲉ"/>
		<feat xlink:href="#sSpan1706" value="ⲉⲃⲟⲗ"/>
		<feat xlink:href="#sSpan1710" value="ⲛⲧⲉ"/>
		<feat xlink:href="#sSpan1714" value="ⲛⲧⲟϥ"/>
		<feat xlink:href="#sSpan1716" value="ϩⲣⲁϫⲣⲉϫ"/>
		<feat xlink:href="#sSpan1718" value="ⲛ"/>
		<feat xlink:href="#sSpan1722" value="ⲡⲉϥ"/>
		<feat xlink:href="#sSpan1725" value="ⲟⲃϩⲉ"/>
		<feat xlink:href="#sSpan1727" value="ⲛⲧⲉ"/>
		<feat xlink:href="#sSpan1731" value="ⲛⲧⲟϥ"/>
		<feat xlink:href="#sSpan1733" value="ⲧⲱⲥ"/>
		<feat xlink:href="#sSpan1735" value="."/>
		<feat xlink:href="#sSpan1739" value="ⲁ"/>
		<feat xlink:href="#sSpan1743" value="ⲁⲛⲟⲕ"/>
		<feat xlink:href="#sSpan1745" value="ϫⲱ"/>
		<feat xlink:href="#sSpan1747" value="ⲛⲧⲟⲥ"/>
		<feat xlink:href="#sSpan1749" value="ϭⲉ"/>
		<feat xlink:href="#sSpan1753" value="ⲛ"/>
		<feat xlink:href="#sSpan1757" value="ⲡⲉⲕ"/>
		<feat xlink:href="#sSpan1761" value="ⲙⲁⲑⲏⲧⲏⲥ"/>
		<feat xlink:href="#sSpan1763" value="ϫⲉ"/>
		<feat xlink:href="#sSpan1767" value="ⲉⲣⲉ_ⲛⲧⲟⲟⲩ"/>
		<feat xlink:href="#sSpan1769" value="ⲛⲟⲩϫⲉ"/>
		<feat xlink:href="#sSpan1771" value="ⲛⲧⲟϥ"/>
		<feat xlink:href="#sSpan1773" value="ⲉⲃⲟⲗ"/>
		<feat xlink:href="#sSpan1777" value="ⲁⲩⲱ"/>
		<feat xlink:href="#sSpan1781" value="ⲙⲡⲉ"/>
		<feat xlink:href="#sSpan1785" value="ⲛⲧⲟⲟⲩ"/>
		<feat xlink:href="#sSpan1787" value="ϣ"/>
		<feat xlink:href="#sSpan1789" value="ⲛⲟⲩϫⲉ"/>
		<feat xlink:href="#sSpan1791" value="ⲛⲧⲟϥ"/>
		<feat xlink:href="#sSpan1793" value="."/>
		<feat xlink:href="#sSpan1797" value="ⲛⲧⲟϥ"/>
		<feat xlink:href="#sSpan1808" value="ⲇⲉ"/>
		<feat xlink:href="#sSpan1812" value="ⲁ"/>
		<feat xlink:href="#sSpan1816" value="ⲛⲧⲟϥ"/>
		<feat xlink:href="#sSpan1818" value="ⲟⲩⲱϣⲃ"/>
		<feat xlink:href="#sSpan1820" value="ⲉⲣⲉ"/>
		<feat xlink:href="#sSpan1824" value="ⲛⲧⲟϥ"/>
		<feat xlink:href="#sSpan1826" value="ϫⲱ"/>
		<feat xlink:href="#sSpan1828" value="ⲛ"/>
		<feat xlink:href="#sSpan1832" value="ⲛⲧⲟⲥ"/>
		<feat xlink:href="#sSpan1834" value="ⲛⲁ"/>
		<feat xlink:href="#sSpan1838" value="ⲛⲧⲟⲟⲩ"/>
		<feat xlink:href="#sSpan1840" value="."/>
		<feat xlink:href="#sSpan1844" value="ϫⲉ"/>
		<feat xlink:href="#sSpan1849" value="ⲱ"/>
		<feat xlink:href="#sSpan1851" value="ⲡ"/>
		<feat xlink:href="#sSpan1857" value="ⲅⲉⲛⲉⲁ"/>
		<feat xlink:href="#sSpan1859" value="ⲛ"/>
		<feat xlink:href="#sSpan1864" value="ⲁⲧⲛⲁϩⲧⲉ"/>
		<feat xlink:href="#sSpan1867" value="ϣⲁ"/>
		<feat xlink:href="#sSpan1871" value="ⲡ"/>
		<feat xlink:href="#sSpan1874" value="ⲛⲁⲩ"/>
		<feat xlink:href="#sSpan1876" value="ⲉⲣⲉ"/>
		<feat xlink:href="#sSpan1880" value="ⲁⲛⲟⲕ"/>
		<feat xlink:href="#sSpan1882" value="ⲛⲁ"/>
		<feat xlink:href="#sSpan1884" value="ϣⲱⲡⲉ"/>
		<feat xlink:href="#sSpan1886" value="ⲙⲛ"/>
		<feat xlink:href="#sSpan1890" value="ⲛⲧⲱⲧⲛ"/>
		<feat xlink:href="#sSpan1892" value="."/>
		<feat xlink:href="#sSpan1896" value="ϣⲁ"/>
		<feat xlink:href="#sSpan1900" value="ⲡ"/>
		<feat xlink:href="#sSpan1903" value="ⲛⲁⲩ"/>
		<feat xlink:href="#sSpan1905" value="ⲉⲣⲉ"/>
		<feat xlink:href="#sSpan1909" value="ⲁⲛⲟⲕ"/>
		<feat xlink:href="#sSpan1911" value="ⲛⲁ"/>
		<feat xlink:href="#sSpan1914" value="ⲁⲛⲉⲭⲉ"/>
		<feat xlink:href="#sSpan1916" value="ⲛ"/>
		<feat xlink:href="#sSpan1920" value="ⲛⲧⲱⲧⲛ"/>
		<feat xlink:href="#sSpan1922" value="ⲁⲩ"/>
		<feat xlink:href="#sSpan1926" value="ⲛⲧⲟϥ"/>
		<feat xlink:href="#sSpan1928" value="ⲛⲁ"/>
		<feat xlink:href="#sSpan1932" value="ⲁⲛⲟⲕ"/>
		<feat xlink:href="#sSpan1934" value="."/>
		<feat xlink:href="#sSpan1938" value="ⲁ"/>
		<feat xlink:href="#sSpan1948" value="ⲛⲧⲟϥ"/>
		<feat xlink:href="#sSpan1950" value="ϫⲓ"/>
		<feat xlink:href="#sSpan1952" value="ⲛⲧⲟϥ"/>
		<feat xlink:href="#sSpan1954" value="ⲛⲁ"/>
		<feat xlink:href="#sSpan1958" value="ⲛⲧⲟϥ"/>
		<feat xlink:href="#sSpan1960" value="."/>
		<feat xlink:href="#sSpan1964" value="ⲛⲧⲉⲣⲉ"/>
		<feat xlink:href="#sSpan1968" value="ⲛⲧⲟϥ"/>
		<feat xlink:href="#sSpan1970" value="ⲛⲁⲩ"/>
		<feat xlink:href="#sSpan1973" value="ⲇⲉ"/>
		<feat xlink:href="#sSpan1977" value="ⲉ"/>
		<feat xlink:href="#sSpan1981" value="ⲛⲧⲟϥ"/>
		<feat xlink:href="#sSpan1983" value="ⲛϭⲓ"/>
		<feat xlink:href="#sSpan1987" value="ⲡ"/>
		<feat xlink:href="#sSpan1991" value="ⲡⲛⲉⲩⲙⲁ"/>
		<feat xlink:href="#sSpan1993" value="ⲛ"/>
		<feat xlink:href="#sSpan1998" value="ⲁⲕⲁⲑⲁⲣⲧⲟⲛ"/>
		<feat xlink:href="#sSpan2000" value="."/>
		<feat xlink:href="#sSpan2004" value="ⲛ"/>
		<feat xlink:href="#sSpan2008" value="ⲡ"/>
		<feat xlink:href="#sSpan2010" value="ⲟⲩⲛⲟⲩ"/>
		<feat xlink:href="#sSpan2012" value="ⲁ"/>
		<feat xlink:href="#sSpan2016" value="ⲛⲧⲟϥ"/>
		<feat xlink:href="#sSpan2018" value="ⲣⲱϩⲧ"/>
		<feat xlink:href="#sSpan2020" value="ⲡ"/>
		<feat xlink:href="#sSpan2023" value="ⲣⲱⲙⲉ"/>
		<feat xlink:href="#sSpan2025" value="ⲉ"/>
		<feat xlink:href="#sSpan2029" value="ⲡ"/>
		<feat xlink:href="#sSpan2032" value="ⲕⲁϩ"/>
		<feat xlink:href="#sSpan2034" value="ⲁⲩⲱ"/>
		<feat xlink:href="#sSpan2038" value="ⲛⲧⲉⲣⲉ"/>
		<feat xlink:href="#sSpan2042" value="ⲛⲧⲟϥ"/>
		<feat xlink:href="#sSpan2044" value="ϩⲉ"/>
		<feat xlink:href="#sSpan2046" value="ⲁ"/>
		<feat xlink:href="#sSpan2050" value="ⲛⲧⲟϥ"/>
		<feat xlink:href="#sSpan2052" value="ϩⲓⲧⲉ"/>
		<feat xlink:href="#sSpan2054" value="ϩⲓ"/>
		<feat xlink:href="#sSpan2058" value="ⲡ"/>
		<feat xlink:href="#sSpan2060" value="ⲉⲥⲏⲧ"/>
		<feat xlink:href="#sSpan2062" value="ⲉⲣⲉ"/>
		<feat xlink:href="#sSpan2066" value="ⲛⲧⲟϥ"/>
		<feat xlink:href="#sSpan2069" value="ⲧⲁⲩⲉⲥϩⲃⲏⲏⲧⲉ"/>
		<feat xlink:href="#sSpan2072" value="ⲉⲃⲟⲗ"/>
		<feat xlink:href="#sSpan2076" value="."/>
		<feat xlink:href="#sSpan2080" value="ⲁ"/>
		<feat xlink:href="#sSpan2090" value="ⲛⲧⲟϥ"/>
		<feat xlink:href="#sSpan2092" value="ϫⲛⲟⲩ"/>
		<feat xlink:href="#sSpan2094" value="ⲡⲉϥ"/>
		<feat xlink:href="#sSpan2099" value="ⲉⲓⲱⲧ"/>
		<feat xlink:href="#sSpan2102" value="ⲇⲉ"/>
		<feat xlink:href="#sSpan2106" value="ϫⲉ"/>
		<feat xlink:href="#sSpan2110" value="ⲉⲓⲥ"/>
		<feat xlink:href="#sSpan2112" value="ⲁⲟⲩⲏⲣ"/>
		<feat xlink:href="#sSpan2116" value="ⲛ"/>
		<feat xlink:href="#sSpan2120" value="ⲟⲩⲟⲉⲓϣ"/>
		<feat xlink:href="#sSpan2123" value="ϫⲓ"/>
		<feat xlink:href="#sSpan2127" value="ⲉⲧⲉⲣⲉ"/>
		<feat xlink:href="#sSpan2129" value="ⲁ"/>
		<feat xlink:href="#sSpan2131" value="ⲡⲁⲓ"/>
		<feat xlink:href="#sSpan2134" value="ⲧⲁϩⲟ"/>
		<feat xlink:href="#sSpan2138" value="ⲛⲧⲟϥ"/>
		<feat xlink:href="#sSpan2140" value="ⲛⲧⲟϥ"/>
		<feat xlink:href="#sSpan2145" value="ⲇⲉ"/>
		<feat xlink:href="#sSpan2149" value="ⲡⲉϫⲉ"/>
		<feat xlink:href="#sSpan2153" value="ⲛⲧⲟϥ"/>
		<feat xlink:href="#sSpan2155" value="ϫⲉ"/>
		<feat xlink:href="#sSpan2159" value="ϫⲓⲛ"/>
		<feat xlink:href="#sSpan2161" value="ⲡⲉϥ"/>
		<feat xlink:href="#sSpan2165" value="ⲙⲛⲧⲕⲟⲩⲓ"/>
		<feat xlink:href="#sSpan2168" value="."/>
		<feat xlink:href="#sSpan2172" value="ⲛ"/>
		<feat xlink:href="#sSpan2182" value="ϩⲁϩ"/>
		<feat xlink:href="#sSpan2185" value="ⲛ"/>
		<feat xlink:href="#sSpan2189" value="ⲥⲟⲡ"/>
		<feat xlink:href="#sSpan2191" value="ⲁ"/>
		<feat xlink:href="#sSpan2195" value="ⲛⲧⲟϥ"/>
		<feat xlink:href="#sSpan2197" value="ⲛⲟⲩϫⲉ"/>
		<feat xlink:href="#sSpan2199" value="ⲛⲧⲟϥ"/>
		<feat xlink:href="#sSpan2201" value="ⲉ"/>
		<feat xlink:href="#sSpan2205" value="ⲡ"/>
		<feat xlink:href="#sSpan2208" value="ⲕⲱϩⲧ"/>
		<feat xlink:href="#sSpan2210" value="ⲁⲩⲱ"/>
		<feat xlink:href="#sSpan2214" value="ⲉ"/>
		<feat xlink:href="#sSpan2218" value="ⲡ"/>
		<feat xlink:href="#sSpan2221" value="ⲙⲟⲟⲩ"/>
		<feat xlink:href="#sSpan2223" value="ϫⲉ"/>
		<feat xlink:href="#sSpan2227" value="ⲉⲣⲉ_ⲛⲧⲟϥ"/>
		<feat xlink:href="#sSpan2229" value="ⲙⲟⲩⲟⲩⲧ"/>
		<feat xlink:href="#sSpan2231" value="ⲛⲧⲟϥ"/>
		<feat xlink:href="#sSpan2233" value="."/>
		<feat xlink:href="#sSpan2238" value="ⲁⲗⲗⲁ"/>
		<feat xlink:href="#sSpan2243" value="ⲃⲟⲏⲑⲉⲓ"/>
		<feat xlink:href="#sSpan2247" value="ⲉ"/>
		<feat xlink:href="#sSpan2251" value="ⲁⲛⲟⲛ"/>
		<feat xlink:href="#sSpan2253" value="ϩⲛ"/>
		<feat xlink:href="#sSpan2257" value="ⲡ"/>
		<feat xlink:href="#sSpan2260" value="ⲉⲧⲉⲣⲉ"/>
		<feat xlink:href="#sSpan2262" value="ⲛⲧⲟⲕ"/>
		<feat xlink:href="#sSpan2264" value="ⲛⲁ"/>
		<feat xlink:href="#sSpan2266" value="ϣⲁⲁ"/>
		<feat xlink:href="#sSpan2268" value="ⲛⲧⲟϥ"/>
		<feat xlink:href="#sSpan2270" value="ⲉⲣⲉ"/>
		<feat xlink:href="#sSpan2274" value="ⲛⲧⲟⲕ"/>
		<feat xlink:href="#sSpan2276" value="ϣⲓⲛⲉ"/>
		<feat xlink:href="#sSpan2278" value="ϩⲏⲧ"/>
		<feat xlink:href="#sSpan2280" value="ⲛⲧⲟⲕ"/>
		<feat xlink:href="#sSpan2282" value="ϩⲁ"/>
		<feat xlink:href="#sSpan2286" value="ⲁⲛⲟⲛ"/>
		<feat xlink:href="#sSpan2288" value="."/>
		<feat xlink:href="#sSpan2293" value="ⲓⲏⲥⲟⲩⲥ"/>
		<feat xlink:href="#sSpan2305" value="ⲇⲉ"/>
		<feat xlink:href="#sSpan2309" value="ⲡⲉϫⲉ"/>
		<feat xlink:href="#sSpan2313" value="ⲛⲧⲟϥ"/>
		<feat xlink:href="#sSpan2315" value="ⲛⲁ"/>
		<feat xlink:href="#sSpan2319" value="ⲛⲧⲟϥ"/>
		<feat xlink:href="#sSpan2321" value="ϫⲉ"/>
		<feat xlink:href="#sSpan2325" value="ⲉ"/>
		<feat xlink:href="#sSpan2327" value="ϫⲱ"/>
		<feat xlink:href="#sSpan2329" value="ⲛⲧⲟⲥ"/>
		<feat xlink:href="#sSpan2331" value="ϫⲉ"/>
		<feat xlink:href="#sSpan2335" value="ⲡ"/>
		<feat xlink:href="#sSpan2338" value="ⲉⲧⲉⲣⲉ"/>
		<feat xlink:href="#sSpan2340" value="ⲛⲧⲟⲕ"/>
		<feat xlink:href="#sSpan2342" value="ⲛⲁ"/>
		<feat xlink:href="#sSpan2344" value="ϣⲁⲁ"/>
		<feat xlink:href="#sSpan2346" value="ⲛⲧⲟϥ"/>
		<feat xlink:href="#sSpan2348" value="."/>
		<feat xlink:href="#sSpan2352" value="ⲟⲩⲛ"/>
		<feat xlink:href="#sSpan2356" value="ϭⲟⲙ"/>
		<feat xlink:href="#sSpan2358" value="ⲉ"/>
		<feat xlink:href="#sSpan2362" value="ϩⲱⲃ"/>
		<feat xlink:href="#sSpan2366" value="ⲛⲓⲙ"/>
		<feat xlink:href="#sSpan2370" value="ⲛ"/>
		<feat xlink:href="#sSpan2374" value="ⲡ"/>
		<feat xlink:href="#sSpan2377" value="ⲉⲧⲉⲣⲉ"/>
		<feat xlink:href="#sSpan2380" value="ⲡⲓⲥⲧⲉⲩⲉ"/>
		<feat xlink:href="#sSpan2382" value="."/>
		<feat xlink:href="#sSpan2386" value="ⲛ"/>
		<feat xlink:href="#sSpan2396" value="ⲡ"/>
		<feat xlink:href="#sSpan2398" value="ⲟⲩⲛⲟⲩ"/>
		<feat xlink:href="#sSpan2401" value="ⲇⲉ"/>
		<feat xlink:href="#sSpan2405" value="ⲁ"/>
		<feat xlink:href="#sSpan2409" value="ⲛⲧⲟϥ"/>
		<feat xlink:href="#sSpan2412" value="ϫⲓϣⲕⲁⲕ"/>
		<feat xlink:href="#sSpan2415" value="ⲉⲃⲟⲗ"/>
		<feat xlink:href="#sSpan2419" value="ⲛϭⲓ"/>
		<feat xlink:href="#sSpan2423" value="ⲡ"/>
		<feat xlink:href="#sSpan2426" value="ⲉⲓⲱⲧ"/>
		<feat xlink:href="#sSpan2428" value="ⲛ"/>
		<feat xlink:href="#sSpan2432" value="ⲡ"/>
		<feat xlink:href="#sSpan2435" value="ϣⲏⲣⲉ"/>
		<feat xlink:href="#sSpan2438" value="ϣⲏⲙ"/>
		<feat xlink:href="#sSpan2442" value="ⲉⲣⲉ"/>
		<feat xlink:href="#sSpan2446" value="ⲛⲧⲟϥ"/>
		<feat xlink:href="#sSpan2448" value="ϫⲱ"/>
		<feat xlink:href="#sSpan2450" value="ⲛ"/>
		<feat xlink:href="#sSpan2454" value="ⲛⲧⲟⲥ"/>
		<feat xlink:href="#sSpan2456" value="ϫⲉ"/>
		<feat xlink:href="#sSpan2460" value="ⲁⲛⲟⲕ"/>
		<feat xlink:href="#sSpan2463" value="ⲡⲓⲥⲧⲉⲩⲉ"/>
		<feat xlink:href="#sSpan2466" value="ⲃⲟⲏⲑⲉⲓ"/>
		<feat xlink:href="#sSpan2470" value="ⲉ"/>
		<feat xlink:href="#sSpan2474" value="ⲡⲁ"/>
		<feat xlink:href="#sSpan2478" value="ⲙⲛⲧⲁⲧⲛⲁϩⲧⲉ"/>
		<feat xlink:href="#sSpan2482" value="."/>
		<feat xlink:href="#sSpan2486" value="ⲛⲧⲉⲣⲉ"/>
		<feat xlink:href="#sSpan2496" value="ⲛⲧⲟϥ"/>
		<feat xlink:href="#sSpan2498" value="ⲛⲁⲩ"/>
		<feat xlink:href="#sSpan2501" value="ⲇⲉ"/>
		<feat xlink:href="#sSpan2505" value="ⲛϭⲓ"/>
		<feat xlink:href="#sSpan2510" value="ⲓⲏⲥⲟⲩⲥ"/>
		<feat xlink:href="#sSpan2513" value="ϫⲉ"/>
		<feat xlink:href="#sSpan2517" value="ⲡ"/>
		<feat xlink:href="#sSpan2520" value="ⲙⲏⲏϣⲉ"/>
		<feat xlink:href="#sSpan2522" value="ⲡⲱⲧ"/>
		<feat xlink:href="#sSpan2526" value="ⲉⲣⲁⲧ"/>
		<feat xlink:href="#sSpan2530" value="ⲛⲧⲟϥ"/>
		<feat xlink:href="#sSpan2532" value="ⲁ"/>
		<feat xlink:href="#sSpan2536" value="ⲛⲧⲟϥ"/>
		<feat xlink:href="#sSpan2539" value="ⲉⲡⲓⲧⲓⲙⲁ"/>
		<feat xlink:href="#sSpan2541" value="ⲛ"/>
		<feat xlink:href="#sSpan2545" value="ⲡ"/>
		<feat xlink:href="#sSpan2549" value="ⲡⲛⲉⲩⲙⲁ"/>
		<feat xlink:href="#sSpan2551" value="ⲛ"/>
		<feat xlink:href="#sSpan2556" value="ⲁⲕⲁⲑⲁⲣⲧⲟⲛ"/>
		<feat xlink:href="#sSpan2558" value="ⲉⲣⲉ"/>
		<feat xlink:href="#sSpan2562" value="ⲛⲧⲟϥ"/>
		<feat xlink:href="#sSpan2564" value="ϫⲱ"/>
		<feat xlink:href="#sSpan2566" value="ⲛ"/>
		<feat xlink:href="#sSpan2570" value="ⲛⲧⲟⲥ"/>
		<feat xlink:href="#sSpan2572" value="ⲛⲁ"/>
		<feat xlink:href="#sSpan2576" value="ⲛⲧⲟϥ"/>
		<feat xlink:href="#sSpan2578" value="ϫⲉ"/>
		<feat xlink:href="#sSpan2582" value="ⲡ"/>
		<feat xlink:href="#sSpan2586" value="ⲡⲛⲉⲩⲙⲁ"/>
		<feat xlink:href="#sSpan2588" value="ⲛ"/>
		<feat xlink:href="#sSpan2592" value="ⲙⲡⲟ"/>
		<feat xlink:href="#sSpan2594" value="ⲁⲩⲱ"/>
		<feat xlink:href="#sSpan2598" value="ⲛ"/>
		<feat xlink:href="#sSpan2602" value="ⲁⲗ"/>
		<feat xlink:href="#sSpan2604" value="ⲁⲛⲟⲕ"/>
		<feat xlink:href="#sSpan2608" value="ⲡⲉ"/>
		<feat xlink:href="#sSpan2612" value="ⲉⲧⲉⲣⲉ"/>
		<feat xlink:href="#sSpan2617" value="ⲟⲩⲉϩⲥⲁϩⲛⲉ"/>
		<feat xlink:href="#sSpan2620" value="ⲛⲁ"/>
		<feat xlink:href="#sSpan2624" value="ⲛⲧⲟⲕ"/>
		<feat xlink:href="#sSpan2626" value="ϫⲉ"/>
		<feat xlink:href="#sSpan2630" value="ⲉⲓ"/>
		<feat xlink:href="#sSpan2632" value="ⲉⲃⲟⲗ"/>
		<feat xlink:href="#sSpan2636" value="ⲛ"/>
		<feat xlink:href="#sSpan2640" value="ⲛⲧⲟϥ"/>
		<feat xlink:href="#sSpan2642" value="ⲛⲧⲉ"/>
		<feat xlink:href="#sSpan2646" value="ⲛⲧⲟⲕ"/>
		<feat xlink:href="#sSpan2648" value="ⲧⲙ"/>
		<feat xlink:href="#sSpan2650" value="ⲕⲱⲧ"/>
		<feat xlink:href="#sSpan2652" value="ⲛⲧⲟⲕ"/>
		<feat xlink:href="#sSpan2654" value="ⲉ"/>
		<feat xlink:href="#sSpan2658" value="ⲃⲱⲕ"/>
		<feat xlink:href="#sSpan2661" value="ⲉϩⲟⲩⲛ"/>
		<feat xlink:href="#sSpan2665" value="ⲉ"/>
		<feat xlink:href="#sSpan2669" value="ⲛⲧⲟϥ"/>
		<feat xlink:href="#sSpan2671" value="ⲛⲧⲉⲣⲉ"/>
		<feat xlink:href="#sSpan2681" value="ⲛⲧⲟϥ"/>
		<feat xlink:href="#sSpan2684" value="ϫⲓϣⲕⲁⲕ"/>
		<feat xlink:href="#sSpan2688" value="ⲇⲉ"/>
		<feat xlink:href="#sSpan2692" value="ⲉⲃⲟⲗ"/>
		<feat xlink:href="#sSpan2696" value="ⲁⲩⲱ"/>
		<feat xlink:href="#sSpan2700" value="ⲁ"/>
		<feat xlink:href="#sSpan2704" value="ⲛⲧⲟϥ"/>
		<feat xlink:href="#sSpan2706" value="ⲣⲱϩⲧ"/>
		<feat xlink:href="#sSpan2708" value="ⲛⲧⲟϥ"/>
		<feat xlink:href="#sSpan2710" value="ϩⲓ"/>
		<feat xlink:href="#sSpan2714" value="ⲡ"/>
		<feat xlink:href="#sSpan2717" value="ⲕⲁϩ"/>
		<feat xlink:href="#sSpan2719" value="."/>
		<feat xlink:href="#sSpan2723" value="ⲁ"/>
		<feat xlink:href="#sSpan2727" value="ⲛⲧⲟϥ"/>
		<feat xlink:href="#sSpan2729" value="ⲉⲓ"/>
		<feat xlink:href="#sSpan2732" value="ⲉⲃⲟⲗ"/>
		<feat xlink:href="#sSpan2736" value="ⲛ"/>
		<feat xlink:href="#sSpan2740" value="ⲛⲧⲟϥ"/>
		<feat xlink:href="#sSpan2742" value="."/>
		<feat xlink:href="#sSpan2746" value="ⲁⲩⲱ"/>
		<feat xlink:href="#sSpan2750" value="ⲁ"/>
		<feat xlink:href="#sSpan2754" value="ⲛⲧⲟϥ"/>
		<feat xlink:href="#sSpan2756" value="ⲉⲓⲣⲉ"/>
		<feat xlink:href="#sSpan2759" value="ⲡ"/>
		<feat xlink:href="#sSpan2761" value="ϩⲉ"/>
		<feat xlink:href="#sSpan2763" value="ⲛ"/>
		<feat xlink:href="#sSpan2767" value="ⲡ"/>
		<feat xlink:href="#sSpan2770" value="ⲉⲧⲉⲣⲉ"/>
		<feat xlink:href="#sSpan2772" value="ⲙⲟⲩⲟⲩⲧ"/>
		<feat xlink:href="#sSpan2775" value="ϩⲱⲥⲧⲉ"/>
		<feat xlink:href="#sSpan2779" value="ⲛⲧⲉ"/>
		<feat xlink:href="#sSpan2783" value="ⲟⲩ"/>
		<feat xlink:href="#sSpan2786" value="ⲙⲏⲏϣⲉ"/>
		<feat xlink:href="#sSpan2788" value="ϫⲱ"/>
		<feat xlink:href="#sSpan2792" value="ⲛⲧⲟⲥ"/>
		<feat xlink:href="#sSpan2794" value="ϫⲉ"/>
		<feat xlink:href="#sSpan2798" value="ⲁ"/>
		<feat xlink:href="#sSpan2800" value="ⲛⲧⲟϥ"/>
		<feat xlink:href="#sSpan2802" value="ⲙⲟⲩ"/>
		<feat xlink:href="#sSpan2804" value="."/>
		<feat xlink:href="#sSpan2809" value="ⲓⲏⲥⲟⲩⲥ"/>
		<feat xlink:href="#sSpan2821" value="ⲇⲉ"/>
		<feat xlink:href="#sSpan2825" value="ⲁ"/>
		<feat xlink:href="#sSpan2829" value="ⲛⲧⲟϥ"/>
		<feat xlink:href="#sSpan2831" value="ⲁⲙⲁϩⲧⲉ"/>
		<feat xlink:href="#sSpan2833" value="ⲛ"/>
		<feat xlink:href="#sSpan2837" value="ⲡⲉϥ"/>
		<feat xlink:href="#sSpan2840" value="ϭⲓϫ"/>
		<feat xlink:href="#sSpan2842" value="ⲁ"/>
		<feat xlink:href="#sSpan2846" value="ⲛⲧⲟϥ"/>
		<feat xlink:href="#sSpan2848" value="ⲧⲟⲩⲛⲟⲥ"/>
		<feat xlink:href="#sSpan2850" value="ⲛⲧⲟϥ"/>
		<feat xlink:href="#sSpan2852" value="ⲁ"/>
		<feat xlink:href="#sSpan2856" value="ⲛⲧⲟϥ"/>
		<feat xlink:href="#sSpan2858" value="ⲱϩⲉ"/>
		<feat xlink:href="#sSpan2860" value="ⲣⲁⲧ"/>
		<feat xlink:href="#sSpan2862" value="ⲛⲧⲟϥ"/>
		<feat xlink:href="#sSpan2864" value="."/>
		<feat xlink:href="#sSpan2868" value="ⲛⲧⲉⲣⲉ"/>
		<feat xlink:href="#sSpan2878" value="ⲛⲧⲟϥ"/>
		<feat xlink:href="#sSpan2880" value="ⲃⲱⲕ"/>
		<feat xlink:href="#sSpan2883" value="ⲉϩⲟⲩⲛ"/>
		<feat xlink:href="#sSpan2887" value="ⲉ"/>
		<feat xlink:href="#sSpan2891" value="ⲡ"/>
		<feat xlink:href="#sSpan2894" value="ⲏⲓ"/>
		<feat xlink:href="#sSpan2896" value="."/>
		<feat xlink:href="#sSpan2900" value="ⲁ"/>
		<feat xlink:href="#sSpan2904" value="ⲡⲉϥ"/>
		<feat xlink:href="#sSpan2908" value="ⲙⲁⲑⲏⲧⲏⲥ"/>
		<feat xlink:href="#sSpan2910" value="ϫⲛⲟⲩ"/>
		<feat xlink:href="#sSpan2914" value="ⲛⲧⲟϥ"/>
		<feat xlink:href="#sSpan2916" value="ⲛⲥⲁ"/>
		<feat xlink:href="#sSpan2920" value="ⲟⲩ"/>
		<feat xlink:href="#sSpan2923" value="ⲥⲁ"/>
		<feat xlink:href="#sSpan2925" value="."/>
		<feat xlink:href="#sSpan2929" value="ϫⲉ"/>
		<feat xlink:href="#sSpan2933" value="ⲉⲧⲃⲉ"/>
		<feat xlink:href="#sSpan2936" value="ⲟⲩ"/>
		<feat xlink:href="#sSpan2938" value="ⲁⲛⲟⲛ"/>
		<feat xlink:href="#sSpan2942" value="ⲙⲡⲉ"/>
		<feat xlink:href="#sSpan2946" value="ⲁⲛⲟⲛ"/>
		<feat xlink:href="#sSpan2948" value="ϣ"/>
		<feat xlink:href="#sSpan2950" value="ⲛⲟⲩϫⲉ"/>
		<feat xlink:href="#sSpan2952" value="ⲛⲧⲟϥ"/>
		<feat xlink:href="#sSpan2954" value="ⲉⲃⲟⲗ"/>
		<feat xlink:href="#sSpan2958" value="."/>
		<feat xlink:href="#sSpan2962" value="ⲡⲉϫⲉ"/>
		<feat xlink:href="#sSpan2972" value="ⲛⲧⲟϥ"/>
		<feat xlink:href="#sSpan2975" value="ⲇⲉ"/>
		<feat xlink:href="#sSpan2979" value="ⲛⲁ"/>
		<feat xlink:href="#sSpan2983" value="ⲛⲧⲟⲟⲩ"/>
		<feat xlink:href="#sSpan2985" value="ϫⲉ"/>
		<feat xlink:href="#sSpan2989" value="ⲡⲁⲓ"/>
		<feat xlink:href="#sSpan2993" value="ⲅⲉⲛⲟⲥ"/>
		<feat xlink:href="#sSpan2995" value="ⲙⲉⲣⲉ"/>
		<feat xlink:href="#sSpan2999" value="ⲛⲧⲟⲟⲩ"/>
		<feat xlink:href="#sSpan3001" value="ϣ"/>
		<feat xlink:href="#sSpan3003" value="ⲛⲟⲩϫⲉ"/>
		<feat xlink:href="#sSpan3005" value="ⲛⲧⲟϥ"/>
		<feat xlink:href="#sSpan3007" value="ⲉⲃⲟⲗ"/>
		<feat xlink:href="#sSpan3012" value="ⲉⲓⲙⲏⲧⲓ"/>
		<feat xlink:href="#sSpan3016" value="ϩⲛ"/>
		<feat xlink:href="#sSpan3020" value="ⲡ"/>
		<feat xlink:href="#sSpan3023" value="ϣⲗⲏⲗ"/>
		<feat xlink:href="#sSpan3025" value="ⲙⲛ"/>
		<feat xlink:href="#sSpan3029" value="ⲡ"/>
		<feat xlink:href="#sSpan3033" value="ⲛⲏⲥⲧⲓⲁ"/>
		<feat xlink:href="#sSpan3035" value="."/>
		<feat xlink:href="#sSpan3039" value="ⲛⲧⲉⲣⲉ"/>
		<feat xlink:href="#sSpan3049" value="ⲛⲧⲟⲟⲩ"/>
		<feat xlink:href="#sSpan3051" value="ⲉⲓ"/>
		<feat xlink:href="#sSpan3054" value="ⲉⲃⲟⲗ"/>
		<feat xlink:href="#sSpan3058" value="ⲛ"/>
		<feat xlink:href="#sSpan3062" value="ⲡ"/>
		<feat xlink:href="#sSpan3065" value="ⲙⲁ"/>
		<feat xlink:href="#sSpan3067" value="ⲉⲧⲉⲣⲉ"/>
		<feat xlink:href="#sSpan3071" value="ⲙⲙⲁⲩ"/>
		<feat xlink:href="#sSpan3073" value="ⲁ"/>
		<feat xlink:href="#sSpan3077" value="ⲛⲧⲟⲟⲩ"/>
		<feat xlink:href="#sSpan3079" value="ⲃⲱⲕ"/>
		<feat xlink:href="#sSpan3082" value="ⲉⲃⲟⲗ"/>
		<feat xlink:href="#sSpan3086" value="ϩⲛ"/>
		<feat xlink:href="#sSpan3090" value="ⲡ"/>
		<feat xlink:href="#sSpan3094" value="ⲅⲁⲗⲓⲗⲁⲓⲁ"/>
		<feat xlink:href="#sSpan3096" value="."/>
		<feat xlink:href="#sSpan3100" value="ⲁⲩⲱ"/>
		<feat xlink:href="#sSpan3104" value="ⲛⲉⲣⲉ"/>
		<feat xlink:href="#sSpan3108" value="ⲛⲧⲟϥ"/>
		<feat xlink:href="#sSpan3110" value="ⲟⲩⲱϣ"/>
		<feat xlink:href="#sSpan3112" value="ⲁⲛ"/>
		<feat xlink:href="#sSpan3116" value="ⲉ"/>
		<feat xlink:href="#sSpan3120" value="ⲧⲣⲉ"/>
		<feat xlink:href="#sSpan3122" value="ⲗⲁⲁⲩ"/>
		<feat xlink:href="#sSpan3125" value="ⲉⲓⲙⲉ"/>
		<feat xlink:href="#sSpan3129" value="ⲛⲉⲣⲉ"/>
		<feat xlink:href="#sSpan3139" value="ⲛⲧⲟϥ"/>
		<feat xlink:href="#sSpan3141" value="ⲧⲥⲁⲃⲟ"/>
		<feat xlink:href="#sSpan3144" value="ⲅⲁⲣ"/>
		<feat xlink:href="#sSpan3148" value="ⲛ"/>
		<feat xlink:href="#sSpan3152" value="ⲡⲉϥ"/>
		<feat xlink:href="#sSpan3156" value="ⲙⲁⲑⲏⲧⲏⲥ"/>
		<feat xlink:href="#sSpan3158" value="ⲉⲣⲉ"/>
		<feat xlink:href="#sSpan3162" value="ⲛⲧⲟϥ"/>
		<feat xlink:href="#sSpan3164" value="ϫⲱ"/>
		<feat xlink:href="#sSpan3166" value="ⲛ"/>
		<feat xlink:href="#sSpan3170" value="ⲛⲧⲟⲥ"/>
		<feat xlink:href="#sSpan3172" value="ϫⲉ"/>
		<feat xlink:href="#sSpan3176" value="ⲡ"/>
		<feat xlink:href="#sSpan3179" value="ϣⲏⲣⲉ"/>
		<feat xlink:href="#sSpan3181" value="ⲛ"/>
		<feat xlink:href="#sSpan3185" value="ⲡ"/>
		<feat xlink:href="#sSpan3187" value="ⲣⲱⲙⲉ"/>
		<feat xlink:href="#sSpan3189" value="ⲛⲧⲟⲟⲩ"/>
		<feat xlink:href="#sSpan3193" value="ⲛⲁ"/>
		<feat xlink:href="#sSpan3195" value="ϯ"/>
		<feat xlink:href="#sSpan3197" value="ⲛⲧⲟϥ"/>
		<feat xlink:href="#sSpan3199" value="ⲉϩⲣⲁⲓ"/>
		<feat xlink:href="#sSpan3203" value="ⲉⲧⲛ"/>
		<feat xlink:href="#sSpan3207" value="ⲛⲧⲟⲟⲩ"/>
		<feat xlink:href="#sSpan3209" value="ⲛ"/>
		<feat xlink:href="#sSpan3213" value="ⲡ"/>
		<feat xlink:href="#sSpan3216" value="ⲣⲱⲙⲉ"/>
		<feat xlink:href="#sSpan3218" value="ⲛⲧⲉ"/>
		<feat xlink:href="#sSpan3222" value="ⲛⲧⲟⲟⲩ"/>
		<feat xlink:href="#sSpan3224" value="ⲙⲟⲩⲟⲩⲧ"/>
		<feat xlink:href="#sSpan3226" value="ⲛⲧⲟϥ"/>
		<feat xlink:href="#sSpan3228" value="ⲁⲩⲱ"/>
		<feat xlink:href="#sSpan3232" value="ⲉⲣϣⲁⲛ_ⲛⲧⲟϥ"/>
		<feat xlink:href="#sSpan3236" value="ⲙⲟⲩ"/>
		<feat xlink:href="#sSpan3238" value="ⲙⲛⲛⲥⲁ"/>
		<feat xlink:href="#sSpan3242" value="ϣⲟⲙⲛⲧ"/>
		<feat xlink:href="#sSpan3245" value="ⲛ"/>
		<feat xlink:href="#sSpan3249" value="ϩⲟⲟⲩ"/>
		<feat xlink:href="#sSpan3251" value="ⲛⲧⲟϥ"/>
		<feat xlink:href="#sSpan3255" value="ⲛⲁ"/>
		<feat xlink:href="#sSpan3257" value="ⲧⲱⲟⲩⲛ"/>
		<feat xlink:href="#sSpan3259" value="."/>
		<feat xlink:href="#sSpan3263" value="ⲛⲧⲟⲟⲩ"/>
		<feat xlink:href="#sSpan3273" value="ⲇⲉ"/>
		<feat xlink:href="#sSpan3277" value="ⲙⲡⲉ"/>
		<feat xlink:href="#sSpan3281" value="ⲛⲧⲟⲟⲩ"/>
		<feat xlink:href="#sSpan3283" value="ⲉⲓⲙⲉ"/>
		<feat xlink:href="#sSpan3285" value="ⲉ"/>
		<feat xlink:href="#sSpan3289" value="ⲡ"/>
		<feat xlink:href="#sSpan3292" value="ϣⲁϫⲉ"/>
		<feat xlink:href="#sSpan3294" value="ⲁⲩⲱ"/>
		<feat xlink:href="#sSpan3298" value="ⲛⲉⲣⲉ"/>
		<feat xlink:href="#sSpan3302" value="ⲛⲧⲟⲟⲩ"/>
		<feat xlink:href="#sSpan3305" value="ⲣϩⲟⲧⲉ"/>
		<feat xlink:href="#sSpan3308" value="ⲉ"/>
		<feat xlink:href="#sSpan3312" value="ϫⲛⲟⲩ"/>
		<feat xlink:href="#sSpan3314" value="ⲛⲧⲟϥ"/>
		<feat xlink:href="#sSpan3316" value="ⲁ"/>
		<feat xlink:href="#sSpan3326" value="ⲛⲧⲟⲟⲩ"/>
		<feat xlink:href="#sSpan3328" value="ⲉⲓ"/>
		<feat xlink:href="#sSpan3331" value="ⲇⲉ"/>
		<feat xlink:href="#sSpan3335" value="ⲉϩⲣⲁⲓ"/>
		<feat xlink:href="#sSpan3339" value="ⲉ"/>
		<feat xlink:href="#sSpan3344" value="ⲕⲁⲡⲁⲣⲛⲁⲟⲩⲙ"/>
		<feat xlink:href="#sSpan3347" value="ⲁⲩⲱ"/>
		<feat xlink:href="#sSpan3351" value="ⲛⲧⲉⲣⲉ"/>
		<feat xlink:href="#sSpan3355" value="ⲛⲧⲟϥ"/>
		<feat xlink:href="#sSpan3357" value="ⲃⲱⲕ"/>
		<feat xlink:href="#sSpan3360" value="ⲉϩⲟⲩⲛ"/>
		<feat xlink:href="#sSpan3364" value="ⲉ"/>
		<feat xlink:href="#sSpan3368" value="ⲡ"/>
		<feat xlink:href="#sSpan3371" value="ⲏⲓ"/>
		<feat xlink:href="#sSpan3373" value="ⲁ"/>
		<feat xlink:href="#sSpan3377" value="ⲛⲧⲟϥ"/>
		<feat xlink:href="#sSpan3379" value="ϫⲛⲟⲩ"/>
		<feat xlink:href="#sSpan3381" value="ⲛⲧⲟⲟⲩ"/>
		<feat xlink:href="#sSpan3383" value="ϫⲉ"/>
		<feat xlink:href="#sSpan3387" value="ⲉⲣⲉ"/>
		<feat xlink:href="#sSpan3389" value="ⲛⲧⲱⲧⲛ"/>
		<feat xlink:href="#sSpan3391" value="ϣⲁϫⲉ"/>
		<feat xlink:href="#sSpan3393" value="ⲙⲛ"/>
		<feat xlink:href="#sSpan3397" value="ⲡⲉⲧⲛ"/>
		<feat xlink:href="#sSpan3399" value="ⲉⲣⲏⲩ"/>
		<feat xlink:href="#sSpan3401" value="ϩⲛ"/>
		<feat xlink:href="#sSpan3405" value="ⲡ"/>
		<feat xlink:href="#sSpan3408" value="ϩⲓⲏ"/>
		<feat xlink:href="#sSpan3410" value="ⲉⲧⲃⲉ"/>
		<feat xlink:href="#sSpan3415" value="ⲟⲩ"/>
		<feat xlink:href="#sSpan3417" value="."/>
		<feat xlink:href="#sSpan3421" value="ⲛⲧⲟⲟⲩ"/>
		<feat xlink:href="#sSpan3431" value="ⲇⲉ"/>
		<feat xlink:href="#sSpan3435" value="ⲁ"/>
		<feat xlink:href="#sSpan3439" value="ⲛⲧⲟⲟⲩ"/>
		<feat xlink:href="#sSpan3441" value="ⲕⲱ"/>
		<feat xlink:href="#sSpan3444" value="ⲣⲟ"/>
		<feat xlink:href="#sSpan3447" value="ⲛⲧⲟⲟⲩ"/>
		<feat xlink:href="#sSpan3449" value="ⲛⲉⲣⲉ"/>
		<feat xlink:href="#sSpan3453" value="ⲛⲧⲟⲟⲩ"/>
		<feat xlink:href="#sSpan3455" value="ϣⲁϫⲉ"/>
		<feat xlink:href="#sSpan3458" value="ⲅⲁⲣ"/>
		<feat xlink:href="#sSpan3462" value="ⲙⲛ"/>
		<feat xlink:href="#sSpan3466" value="ⲡⲉⲩ"/>
		<feat xlink:href="#sSpan3468" value="ⲉⲣⲏⲩ"/>
		<feat xlink:href="#sSpan3470" value="ϩⲛ"/>
		<feat xlink:href="#sSpan3474" value="ⲡ"/>
		<feat xlink:href="#sSpan3477" value="ϩⲓⲏ"/>
		<feat xlink:href="#sSpan3479" value="ϫⲉ"/>
		<feat xlink:href="#sSpan3483" value="ⲛⲓⲙ"/>
		<feat xlink:href="#sSpan3485" value="ⲡⲉ"/>
		<feat xlink:href="#sSpan3489" value="ⲡ"/>
		<feat xlink:href="#sSpan3494" value="ⲛⲟϭ"/>
		<feat xlink:href="#sSpan3496" value="ⲉⲧⲉⲣⲉ"/>
		<feat xlink:href="#sSpan3500" value="ϩⲛ"/>
		<feat xlink:href="#sSpan3502" value="ⲛⲧⲟⲟⲩ"/>
		<feat xlink:href="#sSpan3504" value="."/>
		<feat xlink:href="#sSpan3508" value="ⲛⲧⲉⲣⲉ"/>
		<feat xlink:href="#sSpan3517" value="ⲛⲧⲟϥ"/>
		<feat xlink:href="#sSpan3519" value="ϩⲙⲟⲟⲥ"/>
		<feat xlink:href="#sSpan3522" value="ⲇⲉ"/>
		<feat xlink:href="#sSpan3526" value="ⲉϩⲣⲁⲓ"/>
		<feat xlink:href="#sSpan3530" value="ⲁ"/>
		<feat xlink:href="#sSpan3534" value="ⲛⲧⲟϥ"/>
		<feat xlink:href="#sSpan3536" value="ⲙⲟⲩⲧⲉ"/>
		<feat xlink:href="#sSpan3538" value="ⲉ"/>
		<feat xlink:href="#sSpan3542" value="ⲡ"/>
		<feat xlink:href="#sSpan3546" value="ⲙⲛⲧⲥⲛⲟⲟⲩⲥ"/>
		<feat xlink:href="#sSpan3549" value="ⲁⲩⲱ"/>
		<feat xlink:href="#sSpan3553" value="ⲡⲉϫⲉ"/>
		<feat xlink:href="#sSpan3557" value="ⲛⲧⲟϥ"/>
		<feat xlink:href="#sSpan3559" value="ⲛⲁ"/>
		<feat xlink:href="#sSpan3563" value="ⲛⲧⲟⲟⲩ"/>
		<feat xlink:href="#sSpan3565" value="ϫⲉ"/>
		<feat xlink:href="#sSpan3569" value="ⲡ"/>
		<feat xlink:href="#sSpan3572" value="ⲉⲧⲉⲣⲉ"/>
		<feat xlink:href="#sSpan3574" value="ⲟⲩⲱϣ"/>
		<feat xlink:href="#sSpan3576" value="ⲉ"/>
		<feat xlink:href="#sSpan3581" value="ⲣⲛⲟϭ"/>
		<feat xlink:href="#sSpan3584" value="ϩⲛ"/>
		<feat xlink:href="#sSpan3588" value="ⲛⲧⲱⲧⲛ"/>
		<feat xlink:href="#sSpan3590" value="ⲉⲣⲉ"/>
		<feat xlink:href="#sSpan3594" value="ⲛⲧⲟϥ"/>
		<feat xlink:href="#sSpan3596" value="ⲛⲁ"/>
		<feat xlink:href="#sSpan3599" value="ⲣⲕⲟⲩⲓ"/>
		<feat xlink:href="#sSpan3602" value="ⲉ"/>
		<feat xlink:href="#sSpan3606" value="ⲟⲩⲟⲛ"/>
		<feat xlink:href="#sSpan3610" value="ⲛⲓⲙ"/>
		<feat xlink:href="#sSpan3614" value="."/>
		<feat xlink:href="#sSpan3618" value="ⲁⲩⲱ"/>
		<feat xlink:href="#sSpan3622" value="ⲛⲧⲉ"/>
		<feat xlink:href="#sSpan3626" value="ⲛⲧⲟϥ"/>
		<feat xlink:href="#sSpan3629" value="ⲇⲓⲁⲕⲟⲛⲉⲓ"/>
		<feat xlink:href="#sSpan3631" value="ⲟⲩⲟⲛ"/>
		<feat xlink:href="#sSpan3637" value="ⲛⲓⲙ"/>
		<feat xlink:href="#sSpan3641" value="."/>
		<feat xlink:href="#sSpan3645" value="ⲛⲧⲉⲣⲉ"/>
		<feat xlink:href="#sSpan3654" value="ⲛⲧⲟϥ"/>
		<feat xlink:href="#sSpan3656" value="ϫⲓ"/>
		<feat xlink:href="#sSpan3658" value="ⲛ"/>
		<feat xlink:href="#sSpan3662" value="ⲟⲩ"/>
		<feat xlink:href="#sSpan3665" value="ϣⲏⲣⲉ"/>
		<feat xlink:href="#sSpan3668" value="ϣⲏⲙ"/>
		<feat xlink:href="#sSpan3672" value="ⲁ"/>
		<feat xlink:href="#sSpan3676" value="ⲛⲧⲟϥ"/>
		<feat xlink:href="#sSpan3678" value="ⲧⲁϩⲟ"/>
		<feat xlink:href="#sSpan3680" value="ⲛⲧⲟϥ"/>
		<feat xlink:href="#sSpan3682" value="ⲉⲣⲁⲧ"/>
		<feat xlink:href="#sSpan3686" value="ⲛⲧⲟϥ"/>
		<feat xlink:href="#sSpan3688" value="ϩⲛ"/>
		<feat xlink:href="#sSpan3692" value="ⲡⲉⲩ"/>
		<feat xlink:href="#sSpan3695" value="ⲙⲏⲧⲉ"/>
		<feat xlink:href="#sSpan3697" value="ⲁⲩⲱ"/>
		<feat xlink:href="#sSpan3701" value="ⲛⲧⲉⲣⲉ"/>
		<feat xlink:href="#sSpan3705" value="ⲛⲧⲟϥ"/>
		<feat xlink:href="#sSpan3707" value="ⲕⲧⲟ"/>
		<feat xlink:href="#sSpan3709" value="ⲧⲟⲟⲧ"/>
		<feat xlink:href="#sSpan3711" value="ⲛⲧⲟϥ"/>
		<feat xlink:href="#sSpan3713" value="ⲉ"/>
		<feat xlink:href="#sSpan3717" value="ⲛⲧⲟϥ"/>
		<feat xlink:href="#sSpan3719" value="ⲡⲉϫⲉ"/>
		<feat xlink:href="#sSpan3723" value="ⲛⲧⲟϥ"/>
		<feat xlink:href="#sSpan3725" value="ⲛⲁ"/>
		<feat xlink:href="#sSpan3729" value="ⲛⲧⲟⲟⲩ"/>
		<feat xlink:href="#sSpan3731" value="ⲡ"/>
		<feat xlink:href="#sSpan3742" value="ⲉⲧⲉⲣⲉ"/>
		<feat xlink:href="#sSpan3744" value="ⲛⲁ"/>
		<feat xlink:href="#sSpan3746" value="ϣⲱⲡ"/>
		<feat xlink:href="#sSpan3748" value="ⲉ"/>
		<feat xlink:href="#sSpan3752" value="ⲛⲧⲟϥ"/>
		<feat xlink:href="#sSpan3754" value="ⲛ"/>
		<feat xlink:href="#sSpan3758" value="ⲟⲩⲁ"/>
		<feat xlink:href="#sSpan3761" value="ⲛ"/>
		<feat xlink:href="#sSpan3765" value="ⲡ"/>
		<feat xlink:href="#sSpan3767" value="ϩⲉ"/>
		<feat xlink:href="#sSpan3769" value="ⲛ"/>
		<feat xlink:href="#sSpan3773" value="ⲡⲓ"/>
		<feat xlink:href="#sSpan3776" value="ϣⲏⲣⲉ"/>
		<feat xlink:href="#sSpan3779" value="ϣⲏⲙ"/>
		<feat xlink:href="#sSpan3783" value="ϩⲛ"/>
		<feat xlink:href="#sSpan3787" value="ⲡⲁ"/>
		<feat xlink:href="#sSpan3790" value="ⲣⲁⲛ"/>
		<feat xlink:href="#sSpan3792" value="ⲁⲛⲟⲕ"/>
		<feat xlink:href="#sSpan3796" value="ⲡⲉ"/>
		<feat xlink:href="#sSpan3800" value="ⲉⲧⲉⲣⲉ"/>
		<feat xlink:href="#sSpan3802" value="ⲛⲧⲟϥ"/>
		<feat xlink:href="#sSpan3804" value="ⲛⲁ"/>
		<feat xlink:href="#sSpan3806" value="ϣⲱⲡ"/>
		<feat xlink:href="#sSpan3808" value="ⲁⲛⲟⲕ"/>
		<feat xlink:href="#sSpan3810" value="ⲉ"/>
		<feat xlink:href="#sSpan3814" value="ⲛⲧⲟϥ"/>
		<feat xlink:href="#sSpan3816" value="."/>
		<feat xlink:href="#sSpan3820" value="ⲁⲩⲱ"/>
		<feat xlink:href="#sSpan3824" value="ⲡ"/>
		<feat xlink:href="#sSpan3829" value="ⲉⲧⲉⲣⲉ"/>
		<feat xlink:href="#sSpan3831" value="ⲛⲁ"/>
		<feat xlink:href="#sSpan3833" value="ϣⲱⲡ"/>
		<feat xlink:href="#sSpan3835" value="ⲁⲛⲟⲕ"/>
		<feat xlink:href="#sSpan3837" value="ⲉ"/>
		<feat xlink:href="#sSpan3841" value="ⲛⲧⲟϥ"/>
		<feat xlink:href="#sSpan3843" value="ⲛ"/>
		<feat xlink:href="#sSpan3847" value="ⲁⲛⲟⲕ"/>
		<feat xlink:href="#sSpan3849" value="ⲁⲛ"/>
		<feat xlink:href="#sSpan3853" value="ⲡⲉ"/>
		<feat xlink:href="#sSpan3857" value="ⲉⲧⲉⲣⲉ"/>
		<feat xlink:href="#sSpan3859" value="ⲛⲧⲟϥ"/>
		<feat xlink:href="#sSpan3861" value="ⲛⲁ"/>
		<feat xlink:href="#sSpan3863" value="ϣⲱⲡ"/>
		<feat xlink:href="#sSpan3865" value="ⲁⲛⲟⲕ"/>
		<feat xlink:href="#sSpan3867" value="ⲉ"/>
		<feat xlink:href="#sSpan3871" value="ⲛⲧⲟϥ"/>
		<feat xlink:href="#sSpan3874" value="ⲁⲗⲗⲁ"/>
		<feat xlink:href="#sSpan3878" value="ⲡ"/>
		<feat xlink:href="#sSpan3883" value="ⲉⲧⲉⲣⲉ"/>
		<feat xlink:href="#sSpan3885" value="ⲁ"/>
		<feat xlink:href="#sSpan3887" value="ⲛⲧⲟϥ"/>
		<feat xlink:href="#sSpan3889" value="ⲧⲛⲛⲟⲟⲩ"/>
		<feat xlink:href="#sSpan3891" value="ⲁⲛⲟⲕ"/>
		<feat xlink:href="#sSpan3893" value="."/>
		<feat xlink:href="#sSpan3897" value="ⲡⲉϫⲉ"/>
		<feat xlink:href="#sSpan3908" value="ⲓⲱϩⲁⲛⲛⲏⲥ"/>
		<feat xlink:href="#sSpan3913" value="ⲛⲁ"/>
		<feat xlink:href="#sSpan3917" value="ⲛⲧⲟϥ"/>
		<feat xlink:href="#sSpan3919" value="ϫⲉ"/>
		<feat xlink:href="#sSpan3923" value="ⲡ"/>
		<feat xlink:href="#sSpan3926" value="ⲥⲁϩ"/>
		<feat xlink:href="#sSpan3928" value="ⲁ"/>
		<feat xlink:href="#sSpan3932" value="ⲁⲛⲟⲛ"/>
		<feat xlink:href="#sSpan3934" value="ⲛⲁⲩ"/>
		<feat xlink:href="#sSpan3936" value="ⲉ"/>
		<feat xlink:href="#sSpan3940" value="ⲟⲩⲁ"/>
		<feat xlink:href="#sSpan3943" value="ⲉⲣⲉ"/>
		<feat xlink:href="#sSpan3947" value="ⲛⲧⲟϥ"/>
		<feat xlink:href="#sSpan3949" value="ⲛⲟⲩϫⲉ"/>
		<feat xlink:href="#sSpan3952" value="ⲇⲁⲓⲙⲱⲛⲓⲟⲛ"/>
		<feat xlink:href="#sSpan3955" value="ⲉⲃⲟⲗ"/>
		<feat xlink:href="#sSpan3959" value="ϩⲛ"/>
		<feat xlink:href="#sSpan3963" value="ⲡⲉⲕ"/>
		<feat xlink:href="#sSpan3966" value="ⲣⲁⲛ"/>
		<feat xlink:href="#sSpan3968" value="ⲁⲩⲱ"/>
		<feat xlink:href="#sSpan3972" value="ⲁ"/>
		<feat xlink:href="#sSpan3976" value="ⲁⲛⲟⲛ"/>
		<feat xlink:href="#sSpan3979" value="ⲕⲱⲗⲩ"/>
		<feat xlink:href="#sSpan3981" value="ⲛ"/>
		<feat xlink:href="#sSpan3985" value="ⲛⲧⲟϥ"/>
		<feat xlink:href="#sSpan3987" value="ⲉⲃⲟⲗ"/>
		<feat xlink:href="#sSpan3992" value="ϫⲉ"/>
		<feat xlink:href="#sSpan3996" value="ⲛ"/>
		<feat xlink:href="#sSpan3998" value="ⲛⲧⲟϥ"/>
		<feat xlink:href="#sSpan4000" value="ⲙⲟⲟϣⲉ"/>
		<feat xlink:href="#sSpan4002" value="ⲁⲛ"/>
		<feat xlink:href="#sSpan4006" value="ⲙⲛ"/>
		<feat xlink:href="#sSpan4010" value="ⲁⲛⲟⲛ"/>
		<feat xlink:href="#sSpan4012" value="."/>
		<feat xlink:href="#sSpan4017" value="ⲓⲏⲥⲟⲩⲥ"/>
		<feat xlink:href="#sSpan4028" value="ⲇⲉ"/>
		<feat xlink:href="#sSpan4032" value="ⲡⲉϫⲉ"/>
		<feat xlink:href="#sSpan4036" value="ⲛⲧⲟϥ"/>
		<feat xlink:href="#sSpan4038" value="ⲛⲁ"/>
		<feat xlink:href="#sSpan4042" value="ⲛⲧⲟⲟⲩ"/>
		<feat xlink:href="#sSpan4044" value="ϫⲉ"/>
		<feat xlink:href="#sSpan4048" value="ⲙⲡⲣ"/>
		<feat xlink:href="#sSpan4051" value="ⲕⲱⲗⲩ"/>
		<feat xlink:href="#sSpan4053" value="ⲛ"/>
		<feat xlink:href="#sSpan4057" value="ⲛⲧⲟϥ"/>
		<feat xlink:href="#sSpan4059" value="."/>
		<feat xlink:href="#sSpan4063" value="ⲙⲛ"/>
		<feat xlink:href="#sSpan4067" value="ⲗⲁⲁⲩ"/>
		<feat xlink:href="#sSpan4071" value="ⲅⲁⲣ"/>
		<feat xlink:href="#sSpan4075" value="ⲉⲣⲉ"/>
		<feat xlink:href="#sSpan4079" value="ⲛⲧⲟϥ"/>
		<feat xlink:href="#sSpan4081" value="ⲛⲁ"/>
		<feat xlink:href="#sSpan4083" value="ⲉⲓⲣⲉ"/>
		<feat xlink:href="#sSpan4086" value="ⲛ"/>
		<feat xlink:href="#sSpan4090" value="ⲟⲩ"/>
		<feat xlink:href="#sSpan4093" value="ϭⲟⲙ"/>
		<feat xlink:href="#sSpan4095" value="ϩⲛ"/>
		<feat xlink:href="#sSpan4099" value="ⲡⲁ"/>
		<feat xlink:href="#sSpan4102" value="ⲣⲁⲛ"/>
		<feat xlink:href="#sSpan4104" value="ⲉⲣⲉ"/>
		<feat xlink:href="#sSpan4108" value="ⲛⲧⲟϥ"/>
		<feat xlink:href="#sSpan4110" value="ⲛⲁ"/>
		<feat xlink:href="#sSpan4113" value="ϭⲙϭⲟⲙ"/>
		<feat xlink:href="#sSpan4116" value="ⲧⲁⲭⲩ"/>
		<feat xlink:href="#sSpan4120" value="ⲉ"/>
		<feat xlink:href="#sSpan4124" value="ϫⲱ"/>
		<feat xlink:href="#sSpan4126" value="ⲡⲁ"/>
		<feat xlink:href="#sSpan4129" value="ⲡ"/>
		<feat xlink:href="#sSpan4132" value="ⲉⲧⲉⲣⲉ"/>
		<feat xlink:href="#sSpan4134" value="ϩⲟⲟⲩ"/>
		<feat xlink:href="#sSpan4136" value="ⲡ"/>
		<feat xlink:href="#sSpan4147" value="ⲉⲧⲉⲣⲉ"/>
		<feat xlink:href="#sSpan4149" value="ⲛ"/>
		<feat xlink:href="#sSpan4151" value="ⲛⲧⲟϥ"/>
		<feat xlink:href="#sSpan4153" value="ϯ"/>
		<feat xlink:href="#sSpan4156" value="ⲅⲁⲣ"/>
		<feat xlink:href="#sSpan4160" value="ⲁⲛ"/>
		<feat xlink:href="#sSpan4164" value="ⲙⲛ"/>
		<feat xlink:href="#sSpan4168" value="ⲁⲛⲟⲛ"/>
		<feat xlink:href="#sSpan4170" value="ⲉⲣⲉ"/>
		<feat xlink:href="#sSpan4174" value="ⲛⲧⲟϥ"/>
		<feat xlink:href="#sSpan4176" value="ϯ"/>
		<feat xlink:href="#sSpan4178" value="ⲉϫⲛ"/>
		<feat xlink:href="#sSpan4182" value="ⲁⲛⲟⲛ"/>
		<feat xlink:href="#sSpan4184" value="ⲡ"/>
		<feat xlink:href="#sSpan4195" value="ⲉⲧⲉⲣⲉ"/>
		<feat xlink:href="#sSpan4197" value="ⲛⲁ"/>
		<feat xlink:href="#sSpan4199" value="ⲧⲥⲟ"/>
		<feat xlink:href="#sSpan4201" value="ⲧⲏⲛⲟⲩ"/>
		<feat xlink:href="#sSpan4206" value="ⲅⲁⲣ"/>
		<feat xlink:href="#sSpan4210" value="ⲛ"/>
		<feat xlink:href="#sSpan4214" value="ⲟⲩ"/>
		<feat xlink:href="#sSpan4217" value="ⲁⲡⲟⲧ"/>
		<feat xlink:href="#sSpan4219" value="ⲛ"/>
		<feat xlink:href="#sSpan4223" value="ⲙⲟⲟⲩ"/>
		<feat xlink:href="#sSpan4226" value="ϩⲛ"/>
		<feat xlink:href="#sSpan4230" value="ⲡⲁ"/>
		<feat xlink:href="#sSpan4233" value="ⲣⲁⲛ"/>
		<feat xlink:href="#sSpan4235" value="ϫⲉ"/>
		<feat xlink:href="#sSpan4239" value="ⲛⲧⲱⲧⲛ"/>
		<feat xlink:href="#sSpan4241" value="ⲡⲁ"/>
		<feat xlink:href="#sSpan4246" value="ⲡ"/>
		<feat xlink:href="#sSpan4250" value="ⲭⲣⲓⲥⲧⲟⲥ"/>
		<feat xlink:href="#sSpan4253" value="ϩⲁⲙⲏⲛ"/>
		<feat xlink:href="#sSpan4257" value="ⲁⲛⲟⲕ"/>
		<feat xlink:href="#sSpan4261" value="ϫⲱ"/>
		<feat xlink:href="#sSpan4263" value="ⲛ"/>
		<feat xlink:href="#sSpan4267" value="ⲛⲧⲟⲥ"/>
		<feat xlink:href="#sSpan4269" value="ⲛⲁ"/>
		<feat xlink:href="#sSpan4273" value="ⲛⲧⲱⲧⲛ"/>
		<feat xlink:href="#sSpan4275" value="ϫⲉ"/>
		<feat xlink:href="#sSpan4279" value="ⲛ"/>
		<feat xlink:href="#sSpan4281" value="ⲛⲧⲟϥ"/>
		<feat xlink:href="#sSpan4283" value="ⲛⲁ"/>
		<feat xlink:href="#sSpan4285" value="ⲥⲱⲣⲙ"/>
		<feat xlink:href="#sSpan4287" value="ⲁⲛ"/>
		<feat xlink:href="#sSpan4291" value="ⲛ"/>
		<feat xlink:href="#sSpan4295" value="ⲡⲉϥ"/>
		<feat xlink:href="#sSpan4298" value="ⲃⲉⲕⲉ"/>
		<feat xlink:href="#sSpan4300" value="."/>
		<feat xlink:href="#sSpan4304" value="ⲡ"/>
		<feat xlink:href="#sSpan4315" value="ⲉⲧⲉⲣⲉ"/>
		<feat xlink:href="#sSpan4317" value="ⲛⲁ"/>
		<feat xlink:href="#sSpan4320" value="ⲥⲕⲁⲛⲇⲁⲗⲓⲍⲉ"/>
		<feat xlink:href="#sSpan4322" value="ⲛ"/>
		<feat xlink:href="#sSpan4326" value="ⲟⲩⲁ"/>
		<feat xlink:href="#sSpan4329" value="ⲛ"/>
		<feat xlink:href="#sSpan4333" value="ⲡⲁⲓ"/>
		<feat xlink:href="#sSpan4336" value="ⲕⲟⲩⲓ"/>
		<feat xlink:href="#sSpan4338" value="ⲉⲧⲉⲣⲉ"/>
		<feat xlink:href="#sSpan4343" value="ⲡⲓⲥⲧⲉⲩⲉ"/>
		<feat xlink:href="#sSpan4345" value="ⲉ"/>
		<feat xlink:href="#sSpan4349" value="ⲁⲛⲟⲕ"/>
		<feat xlink:href="#sSpan4351" value="ⲛⲁⲛⲟⲩ"/>
		<feat xlink:href="#sSpan4355" value="ⲛⲧⲟⲥ"/>
		<feat xlink:href="#sSpan4357" value="ⲛⲁ"/>
		<feat xlink:href="#sSpan4361" value="ⲛⲧⲟϥ"/>
		<feat xlink:href="#sSpan4363" value="ⲛ"/>
		<feat xlink:href="#sSpan4367" value="ϩⲟⲩⲟ"/>
		<feat xlink:href="#sSpan4369" value="ⲉⲛⲉ"/>
		<feat xlink:href="#sSpan4373" value="ⲟⲩⲛ"/>
		<feat xlink:href="#sSpan4375" value="ⲟⲩ"/>
		<feat xlink:href="#sSpan4378" value="ⲱⲛⲉ"/>
		<feat xlink:href="#sSpan4380" value="ⲛ"/>
		<feat xlink:href="#sSpan4384" value="ⲥⲓⲕⲉ"/>
		<feat xlink:href="#sSpan4386" value="ⲉⲓϣⲉ"/>
		<feat xlink:href="#sSpan4391" value="ⲉ"/>
		<feat xlink:href="#sSpan4395" value="ⲡⲉϥ"/>
		<feat xlink:href="#sSpan4398" value="ⲙⲁⲕϩ"/>
		<feat xlink:href="#sSpan4400" value="ⲛⲧⲉ"/>
		<feat xlink:href="#sSpan4404" value="ⲛⲧⲟⲟⲩ"/>
		<feat xlink:href="#sSpan4406" value="ⲛⲟⲩϫⲉ"/>
		<feat xlink:href="#sSpan4408" value="ⲛⲧⲟϥ"/>
		<feat xlink:href="#sSpan4410" value="ⲉ"/>
		<feat xlink:href="#sSpan4414" value="ⲡ"/>
		<feat xlink:href="#sSpan4418" value="ⲑⲁⲗⲁⲥⲥⲁ"/>
		<feat xlink:href="#sSpan4420" value="ⲉⲣϣⲁⲛ"/>
		<feat xlink:href="#sSpan4430" value="ⲡⲉⲕ"/>
		<feat xlink:href="#sSpan4433" value="ϭⲓϫ"/>
		<feat xlink:href="#sSpan4436" value="ⲥⲕⲁⲛⲇⲁⲗⲓⲍⲉ"/>
		<feat xlink:href="#sSpan4440" value="ⲛ"/>
		<feat xlink:href="#sSpan4444" value="ⲛⲧⲟⲕ"/>
		<feat xlink:href="#sSpan4446" value="ϣⲓⲧⲉ"/>
		<feat xlink:href="#sSpan4450" value="ⲛⲧⲟⲥ"/>
		<feat xlink:href="#sSpan4452" value="ⲉⲃⲟⲗ"/>
		<feat xlink:href="#sSpan4456" value="ⲛ"/>
		<feat xlink:href="#sSpan4460" value="ⲛⲧⲟⲕ"/>
		<feat xlink:href="#sSpan4462" value="ⲛⲁⲛⲟⲩ"/>
		<feat xlink:href="#sSpan4466" value="ⲛⲧⲟⲥ"/>
		<feat xlink:href="#sSpan4468" value="ⲛⲁ"/>
		<feat xlink:href="#sSpan4472" value="ⲛⲧⲟⲕ"/>
		<feat xlink:href="#sSpan4474" value="ⲉ"/>
		<feat xlink:href="#sSpan4478" value="ⲃⲱⲕ"/>
		<feat xlink:href="#sSpan4481" value="ⲉϩⲟⲩⲛ"/>
		<feat xlink:href="#sSpan4485" value="ⲉ"/>
		<feat xlink:href="#sSpan4489" value="ⲡ"/>
		<feat xlink:href="#sSpan4492" value="ⲱⲛϩ"/>
		<feat xlink:href="#sSpan4494" value="ⲉⲣⲉ"/>
		<feat xlink:href="#sSpan4498" value="ⲛⲧⲟⲕ"/>
		<feat xlink:href="#sSpan4500" value="ⲉⲓⲣⲉ"/>
		<feat xlink:href="#sSpan4502" value="ⲛ"/>
		<feat xlink:href="#sSpan4506" value="ϭⲁⲛⲁϩ"/>
		<feat xlink:href="#sSpan4510" value="ⲉϩⲟⲩ"/>
		<feat xlink:href="#sSpan4515" value="ⲉ"/>
		<feat xlink:href="#sSpan4519" value="ⲛⲧⲟⲥ"/>
		<feat xlink:href="#sSpan4521" value="ⲉⲣⲉ"/>
		<feat xlink:href="#sSpan4525" value="ϭⲓϫ"/>
		<feat xlink:href="#sSpan4528" value="ⲥⲛⲁⲩ"/>
		<feat xlink:href="#sSpan4532" value="ⲛ"/>
		<feat xlink:href="#sSpan4536" value="ⲛⲧⲟⲕ"/>
		<feat xlink:href="#sSpan4538" value="ⲛⲧⲉ"/>
		<feat xlink:href="#sSpan4542" value="ⲛⲧⲟⲕ"/>
		<feat xlink:href="#sSpan4544" value="ⲃⲱⲕ"/>
		<feat xlink:href="#sSpan4547" value="ⲉ"/>
		<feat xlink:href="#sSpan4551" value="ⲡ"/>
		<feat xlink:href="#sSpan4555" value="ⲅⲉϩⲉⲛⲛⲁ"/>
		<feat xlink:href="#sSpan4557" value="ⲉ"/>
		<feat xlink:href="#sSpan4561" value="ⲡ"/>
		<feat xlink:href="#sSpan4564" value="ⲥⲁⲧⲉ"/>
		<feat xlink:href="#sSpan4566" value="ⲉⲣⲉ"/>
		<feat xlink:href="#sSpan4570" value="ⲙⲉⲣⲉ"/>
		<feat xlink:href="#sSpan4572" value="ⲛⲧⲟⲥ"/>
		<feat xlink:href="#sSpan4574" value="ϫⲉⲛⲁ"/>
		<feat xlink:href="#sSpan4576" value="."/>
		<feat xlink:href="#sSpan4583" value="[...]"/>
		<feat xlink:href="#sSpan4589" value="ⲉⲣϣⲁⲛ"/>
		<feat xlink:href="#sSpan4599" value="ⲡⲉⲕ"/>
		<feat xlink:href="#sSpan4602" value="ⲟⲩⲉⲣⲏⲧⲉ"/>
		<feat xlink:href="#sSpan4605" value="ⲥⲕⲁⲛⲇⲁⲗⲓⲍⲉ"/>
		<feat xlink:href="#sSpan4609" value="ⲛ"/>
		<feat xlink:href="#sSpan4613" value="ⲛⲧⲟⲕ"/>
		<feat xlink:href="#sSpan4615" value="ϣⲓⲧⲉ"/>
		<feat xlink:href="#sSpan4619" value="ⲛⲧⲟⲥ"/>
		<feat xlink:href="#sSpan4621" value="ⲉⲃⲟⲗ"/>
		<feat xlink:href="#sSpan4625" value="ⲛ"/>
		<feat xlink:href="#sSpan4629" value="ⲛⲧⲟⲕ"/>
		<feat xlink:href="#sSpan4631" value="ⲛⲁⲛⲟⲩ"/>
		<feat xlink:href="#sSpan4635" value="ⲛⲧⲟⲥ"/>
		<feat xlink:href="#sSpan4637" value="ⲛⲁ"/>
		<feat xlink:href="#sSpan4641" value="ⲛⲧⲟⲕ"/>
		<feat xlink:href="#sSpan4643" value="ⲉ"/>
		<feat xlink:href="#sSpan4647" value="ⲃⲱⲕ"/>
		<feat xlink:href="#sSpan4650" value="ⲉϩⲟⲩⲛ"/>
		<feat xlink:href="#sSpan4654" value="ⲉ"/>
		<feat xlink:href="#sSpan4658" value="ⲡ"/>
		<feat xlink:href="#sSpan4661" value="ⲱⲛϩ"/>
		<feat xlink:href="#sSpan4663" value="ⲉⲣⲉ"/>
		<feat xlink:href="#sSpan4667" value="ⲛⲧⲟⲕ"/>
		<feat xlink:href="#sSpan4669" value="ⲉⲓⲣⲉ"/>
		<feat xlink:href="#sSpan4671" value="ⲛ"/>
		<feat xlink:href="#sSpan4675" value="ϭⲟⲉⲓⲗⲉ"/>
		<feat xlink:href="#sSpan4678" value="ⲉϩⲟⲩ"/>
		<feat xlink:href="#sSpan4683" value="ⲉ"/>
		<feat xlink:href="#sSpan4687" value="ⲛⲧⲟⲥ"/>
		<feat xlink:href="#sSpan4689" value="ⲉⲣⲉ"/>
		<feat xlink:href="#sSpan4693" value="ⲟⲩⲉⲣⲏⲧⲉ"/>
		<feat xlink:href="#sSpan4696" value="ⲥⲛⲁⲩ"/>
		<feat xlink:href="#sSpan4700" value="ⲛ"/>
		<feat xlink:href="#sSpan4704" value="ⲛⲧⲟⲕ"/>
		<feat xlink:href="#sSpan4706" value="ⲛⲧⲉ"/>
		<feat xlink:href="#sSpan4710" value="ⲛⲧⲟⲟⲩ"/>
		<feat xlink:href="#sSpan4712" value="ⲛⲟⲩϫⲉ"/>
		<feat xlink:href="#sSpan4714" value="ⲛⲧⲟⲕ"/>
		<feat xlink:href="#sSpan4716" value="ⲉ"/>
		<feat xlink:href="#sSpan4720" value="ⲡ"/>
		<feat xlink:href="#sSpan4724" value="ⲅⲉϩⲉⲛⲛⲁ"/>
		<feat xlink:href="#sSpan4729" value="[...]"/>
		<feat xlink:href="#sSpan4735" value="ⲉⲣϣⲁⲛ"/>
		<feat xlink:href="#sSpan4745" value="ⲡⲉⲕ"/>
		<feat xlink:href="#sSpan4748" value="ⲃⲁⲗ"/>
		<feat xlink:href="#sSpan4751" value="ⲥⲕⲁⲛⲇⲁⲗⲓⲍⲉ"/>
		<feat xlink:href="#sSpan4755" value="ⲛ"/>
		<feat xlink:href="#sSpan4759" value="ⲛⲧⲟⲕ"/>
		<feat xlink:href="#sSpan4761" value="ⲡⲱⲣⲕ"/>
		<feat xlink:href="#sSpan4765" value="ⲛⲧⲟϥ"/>
		<feat xlink:href="#sSpan4767" value="ⲛⲧⲉ"/>
		<feat xlink:href="#sSpan4771" value="ⲛⲧⲟⲕ"/>
		<feat xlink:href="#sSpan4773" value="ⲛⲟⲩϫⲉ"/>
		<feat xlink:href="#sSpan4775" value="ⲛⲧⲟϥ"/>
		<feat xlink:href="#sSpan4777" value="ⲉⲃⲟⲗ"/>
		<feat xlink:href="#sSpan4781" value="ⲛ"/>
		<feat xlink:href="#sSpan4785" value="ⲛⲧⲟⲕ"/>
		<feat xlink:href="#sSpan4787" value="ⲛⲁⲛⲟⲩ"/>
		<feat xlink:href="#sSpan4791" value="ⲛⲧⲟⲥ"/>
		<feat xlink:href="#sSpan4793" value="ⲛⲁ"/>
		<feat xlink:href="#sSpan4797" value="ⲛⲧⲟⲕ"/>
		<feat xlink:href="#sSpan4799" value="ⲉ"/>
		<feat xlink:href="#sSpan4803" value="ⲃⲱⲕ"/>
		<feat xlink:href="#sSpan4806" value="ⲉϩⲟⲩⲛ"/>
		<feat xlink:href="#sSpan4810" value="ⲉ"/>
		<feat xlink:href="#sSpan4814" value="ⲡ"/>
		<feat xlink:href="#sSpan4818" value="ⲙⲛⲧⲣⲣⲟ"/>
		<feat xlink:href="#sSpan4821" value="ⲛ"/>
		<feat xlink:href="#sSpan4825" value="ⲡ"/>
		<feat xlink:href="#sSpan4828" value="ⲛⲟⲩⲧⲉ"/>
		<feat xlink:href="#sSpan4830" value="ϩⲛ"/>
		<feat xlink:href="#sSpan4834" value="ⲟⲩ"/>
		<feat xlink:href="#sSpan4837" value="ⲃⲁⲗ"/>
		<feat xlink:href="#sSpan4839" value="ⲟⲩⲱⲧ"/>
		<feat xlink:href="#sSpan4844" value="ⲉϩⲟⲩ"/>
		<feat xlink:href="#sSpan4849" value="ⲉ"/>
		<feat xlink:href="#sSpan4853" value="ⲛⲧⲟⲥ"/>
		<feat xlink:href="#sSpan4855" value="ⲉⲣⲉ"/>
		<feat xlink:href="#sSpan4859" value="ⲃⲁⲗ"/>
		<feat xlink:href="#sSpan4862" value="ⲥⲛⲁⲩ"/>
		<feat xlink:href="#sSpan4866" value="ⲛ"/>
		<feat xlink:href="#sSpan4870" value="ⲛⲧⲟⲕ"/>
		<feat xlink:href="#sSpan4872" value="ⲛⲧⲉ"/>
		<feat xlink:href="#sSpan4876" value="ⲛⲧⲟⲟⲩ"/>
		<feat xlink:href="#sSpan4878" value="ⲛⲟⲩϫⲉ"/>
		<feat xlink:href="#sSpan4880" value="ⲛⲧⲟⲕ"/>
		<feat xlink:href="#sSpan4882" value="ⲉ"/>
		<feat xlink:href="#sSpan4886" value="ⲡ"/>
		<feat xlink:href="#sSpan4890" value="ⲅⲉϩⲉⲛⲛⲁ"/>
		<feat xlink:href="#sSpan4892" value="ⲡ"/>
		<feat xlink:href="#sSpan4902" value="ⲙⲁ"/>
		<feat xlink:href="#sSpan4904" value="ⲉⲧⲉⲣⲉ"/>
		<feat xlink:href="#sSpan4908" value="ⲛ"/>
		<feat xlink:href="#sSpan4910" value="ⲡⲉⲩ"/>
		<feat xlink:href="#sSpan4913" value="ϥⲛⲧ"/>
		<feat xlink:href="#sSpan4915" value="ⲛⲁ"/>
		<feat xlink:href="#sSpan4919" value="ⲙⲟⲩ"/>
		<feat xlink:href="#sSpan4921" value="ⲁⲛ"/>
		<feat xlink:href="#sSpan4925" value="."/>
		<feat xlink:href="#sSpan4929" value="ⲁⲩⲱ"/>
		<feat xlink:href="#sSpan4933" value="ⲡⲉⲩ"/>
		<feat xlink:href="#sSpan4938" value="ⲥⲁⲧⲉ"/>
		<feat xlink:href="#sSpan4940" value="ⲛ"/>
		<feat xlink:href="#sSpan4944" value="ⲛⲧⲟⲥ"/>
		<feat xlink:href="#sSpan4946" value="ⲛⲁ"/>
		<feat xlink:href="#sSpan4948" value="ϫⲉⲛⲁ"/>
		<feat xlink:href="#sSpan4950" value="ⲁⲛ"/>
		<feat xlink:href="#sSpan4954" value="."/>
		<feat xlink:href="#sSpan4958" value="ⲟⲩⲟⲛ"/>
		<feat xlink:href="#sSpan4970" value="ⲅⲁⲣ"/>
		<feat xlink:href="#sSpan4974" value="ⲛⲓⲙ"/>
		<feat xlink:href="#sSpan4978" value="ⲛⲧⲟⲟⲩ"/>
		<feat xlink:href="#sSpan4982" value="ⲛⲁ"/>
		<feat xlink:href="#sSpan4984" value="ϫⲟⲕⲣ"/>
		<feat xlink:href="#sSpan4986" value="ⲛⲧⲟⲟⲩ"/>
		<feat xlink:href="#sSpan4988" value="ϩⲛ"/>
		<feat xlink:href="#sSpan4992" value="ⲡ"/>
		<feat xlink:href="#sSpan4995" value="ⲥⲁⲧⲉ"/>
		<feat xlink:href="#sSpan4997" value="."/>
		<feat xlink:href="#sSpan5001" value="ⲛⲁⲛⲟⲩ"/>
		<feat xlink:href="#sSpan5011" value="ⲡ"/>
		<feat xlink:href="#sSpan5014" value="ϩⲙⲟⲩ"/>
		<feat xlink:href="#sSpan5016" value="ⲉⲣϣⲁⲛ"/>
		<feat xlink:href="#sSpan5020" value="ⲡ"/>
		<feat xlink:href="#sSpan5023" value="ϩⲙⲟⲩ"/>
		<feat xlink:href="#sSpan5026" value="ⲇⲉ"/>
		<feat xlink:href="#sSpan5030" value="ⲃⲁⲁⲃⲉ"/>
		<feat xlink:href="#sSpan5034" value="ⲉⲣⲉ"/>
		<feat xlink:href="#sSpan5038" value="ⲛⲧⲱⲧⲛ"/>
		<feat xlink:href="#sSpan5040" value="ⲛⲁ"/>
		<feat xlink:href="#sSpan5042" value="ϫⲟⲕⲣ"/>
		<feat xlink:href="#sSpan5044" value="ⲛⲧⲟϥ"/>
		<feat xlink:href="#sSpan5046" value="ϩⲛ"/>
		<feat xlink:href="#sSpan5050" value="ⲟⲩ"/>
		<feat xlink:href="#sSpan5054" value="."/>
		<feat xlink:href="#sSpan5059" value="ⲕⲁϩⲙⲟⲩ"/>
		<feat xlink:href="#sSpan5064" value="ϩⲣⲁⲓ"/>
		<feat xlink:href="#sSpan5068" value="ϩⲛ"/>
		<feat xlink:href="#sSpan5072" value="ⲛⲧⲱⲧⲛ"/>
		<feat xlink:href="#sSpan5074" value="."/>
		<feat xlink:href="#sSpan5078" value="ⲛⲧⲉ"/>
		<feat xlink:href="#sSpan5082" value="ⲛⲧⲱⲧⲛ"/>
		<feat xlink:href="#sSpan5085" value="ⲣⲉⲓⲣⲏⲛⲏ"/>
		<feat xlink:href="#sSpan5089" value="ⲙⲛ"/>
		<feat xlink:href="#sSpan5093" value="ⲡⲉⲧⲛ"/>
		<feat xlink:href="#sSpan5095" value="ⲉⲣⲏⲩ"/>
		<feat xlink:href="#sSpan5097" value="."/></featList></paula>