<?xml version='1.0' encoding='UTF-8'?><!DOCTYPE paula SYSTEM "paula_feat.dtd">
<paula version="1.1">
	<header paula_id="scriptorium.Mark_03.mark_norm_group"/>
	<featList xmlns:xlink="http://www.w3.org/1999/xlink" type="norm_group" xml:base="scriptorium.Mark_03.mark.xml">
		<feat xlink:href="#sSpan3" value="ⲁⲩⲱ"/>
		<feat xlink:href="#sSpan13" value="ⲁϥⲃⲱⲕ"/>
		<feat xlink:href="#sSpan21" value="ⲟⲛ"/>
		<feat xlink:href="#sSpan25" value="ⲉϩⲟⲩⲛ"/>
		<feat xlink:href="#sSpan29" value="ⲉⲧⲥⲩⲛⲁⲅⲱⲅⲏ"/>
		<feat xlink:href="#sSpan39" value="ⲛⲉⲩⲛⲟⲩⲣⲱⲙⲉ"/>
		<feat xlink:href="#sSpan51" value="ⲇⲉ"/>
		<feat xlink:href="#sSpan55" value="ⲙⲙⲁⲩ"/>
		<feat xlink:href="#sSpan59" value="ⲉⲣⲉⲧⲉϥϭⲓϫ"/>
		<feat xlink:href="#sSpan68" value="ⲙⲟⲟⲩⲧ"/>
		<feat xlink:href="#sSpan72" value="ⲁⲩⲱ"/>
		<feat xlink:href="#sSpan82" value="ⲛⲉⲩⲡⲁⲣⲁⲧⲏⲣⲉⲓ"/>
		<feat xlink:href="#sSpan91" value="ⲉⲣⲟϥ"/>
		<feat xlink:href="#sSpan97" value="ϫⲉⲉⲛⲉϥⲛⲁⲑⲉⲣⲁⲡⲟⲩ"/>
		<feat xlink:href="#sSpan110" value="ⲙⲙⲟϥ"/>
		<feat xlink:href="#sSpan116" value="ϩⲛⲛⲥⲁⲃⲃⲁⲧⲟⲛ"/>
		<feat xlink:href="#sSpan126" value="ϫⲉ"/>
		<feat xlink:href="#sSpan130" value="ⲉⲩⲉⲕⲁⲧⲏⲅⲟⲣⲉⲓ"/>
		<feat xlink:href="#sSpan137" value="ⲙⲙⲟϥ"/>
		<feat xlink:href="#sSpan143" value="ⲁⲩⲱ"/>
		<feat xlink:href="#sSpan153" value="ⲡⲉϫⲁϥ"/>
		<feat xlink:href="#sSpan159" value="ⲙⲡⲣⲱⲙⲉ"/>
		<feat xlink:href="#sSpan168" value="ⲉⲣⲉⲧⲉϥϭⲓϫ"/>
		<feat xlink:href="#sSpan177" value="ⲙⲟⲟⲩⲧ"/>
		<feat xlink:href="#sSpan181" value="ϫⲉⲧⲱⲟⲩⲛⲅ"/>
		<feat xlink:href="#sSpan189" value="ⲁⲙⲟⲩ"/>
		<feat xlink:href="#sSpan193" value="ⲉⲧⲙⲏⲧⲉ"/>
		<feat xlink:href="#sSpan202" value="."/>
		<feat xlink:href="#sSpan206" value="ⲁⲩⲱ"/>
		<feat xlink:href="#sSpan216" value="ⲡⲉϫⲁϥ"/>
		<feat xlink:href="#sSpan222" value="ⲛⲁⲩ"/>
		<feat xlink:href="#sSpan228" value="ϫⲉⲉⲝⲉⲥⲧⲓ"/>
		<feat xlink:href="#sSpan235" value="ϩⲛⲛⲥⲁⲃⲃⲁⲧⲟⲛ"/>
		<feat xlink:href="#sSpan245" value="ⲉⲣⲡⲉⲧⲛⲁⲛⲟⲩϥ"/>
		<feat xlink:href="#sSpan260" value="ϫⲛⲣⲡⲉⲧϩⲟⲟⲩ"/>
		<feat xlink:href="#sSpan273" value="ⲉⲧⲁⲛϩⲉⲟⲩⲯⲩⲭⲏ"/>
		<feat xlink:href="#sSpan285" value="ϫⲛⲉⲙⲟⲟⲩⲧⲥ"/>
		<feat xlink:href="#sSpan295" value="."/>
		<feat xlink:href="#sSpan299" value="ⲛⲧⲟⲟⲩ"/>
		<feat xlink:href="#sSpan304" value="ⲇⲉ"/>
		<feat xlink:href="#sSpan308" value="ⲁⲩⲕⲁⲣⲱⲟⲩ"/>
		<feat xlink:href="#sSpan322" value="ⲁⲩⲱ"/>
		<feat xlink:href="#sSpan332" value="ⲛⲧⲉⲣⲉϥϭⲱϣⲧ"/>
		<feat xlink:href="#sSpan340" value="ⲉϩⲟⲩⲛ"/>
		<feat xlink:href="#sSpan344" value="ⲉϩⲣⲁⲩ"/>
		<feat xlink:href="#sSpan350" value="ϩⲛⲟⲩⲟⲣⲅⲏ"/>
		<feat xlink:href="#sSpan360" value="ⲉϥⲙⲟⲕϩ"/>
		<feat xlink:href="#sSpan368" value="ⲛϩⲏⲧ"/>
		<feat xlink:href="#sSpan374" value="ⲉϫⲙⲡⲧⲱⲙ"/>
		<feat xlink:href="#sSpan383" value="ⲛϩⲏⲧ"/>
		<feat xlink:href="#sSpan389" value="ⲙⲡⲉⲩϩⲏⲧ"/>
		<feat xlink:href="#sSpan398" value="ⲡⲉϫⲁϥ"/>
		<feat xlink:href="#sSpan404" value="ⲙⲡⲣⲱⲙⲉ"/>
		<feat xlink:href="#sSpan413" value="ϫⲉⲥⲟⲩⲧⲛⲧⲉⲕϭⲓϫ"/>
		<feat xlink:href="#sSpan424" value="ⲉⲃⲟⲗ"/>
		<feat xlink:href="#sSpan428" value="ⲁϥⲥⲟⲩⲧⲱⲛⲥ"/>
		<feat xlink:href="#sSpan438" value="ⲁⲩⲱ"/>
		<feat xlink:href="#sSpan442" value="ⲁⲥⲗⲟ"/>
		<feat xlink:href="#sSpan450" value="ⲛϭⲓⲧⲉϥϭⲓϫ"/>
		<feat xlink:href="#sSpan459" value="."/>
		<feat xlink:href="#sSpan463" value="ⲛⲧⲉⲣⲟⲩⲉⲓ"/>
		<feat xlink:href="#sSpan478" value="ⲇⲉ"/>
		<feat xlink:href="#sSpan482" value="ⲉⲃⲟⲗ"/>
		<feat xlink:href="#sSpan486" value="ⲛⲧⲉⲩⲛⲟⲩ"/>
		<feat xlink:href="#sSpan495" value="ⲛϭⲓⲛⲉⲫⲁⲣⲓⲥⲥⲁⲓⲟⲥ"/>
		<feat xlink:href="#sSpan505" value="ⲙⲛⲛϩⲏⲣⲱⲇⲓⲁⲛⲟⲥ"/>
		<feat xlink:href="#sSpan515" value="ⲁⲩϫⲓϣⲟϫⲛⲉ"/>
		<feat xlink:href="#sSpan525" value="ⲉⲣⲟϥ"/>
		<feat xlink:href="#sSpan531" value="ϫⲉⲕⲁⲁⲥ"/>
		<feat xlink:href="#sSpan535" value="ⲉⲩⲉⲧⲁⲕⲟϥ"/>
		<feat xlink:href="#sSpan543" value="ⲁⲩⲱ"/>
		<feat xlink:href="#sSpan555" value="ⲓⲏⲥⲟⲩⲥ"/>
		<feat xlink:href="#sSpan559" value="ⲁϥⲁⲛⲁⲭⲱⲣⲉⲓ"/>
		<feat xlink:href="#sSpan568" value="ⲙⲛⲛⲉϥⲙⲁⲑⲏⲧⲏⲥ"/>
		<feat xlink:href="#sSpan578" value="ⲉⲃⲟⲗ"/>
		<feat xlink:href="#sSpan582" value="ⲉⲧⲉⲑⲁⲗⲁⲥⲥⲁ"/>
		<feat xlink:href="#sSpan592" value="."/>
		<feat xlink:href="#sSpan596" value="ⲁⲩⲱ"/>
		<feat xlink:href="#sSpan600" value="ⲟⲩⲛⲟϭ"/>
		<feat xlink:href="#sSpan607" value="ⲙⲙⲏⲏϣⲉ"/>
		<feat xlink:href="#sSpan613" value="ⲉⲃⲟⲗ"/>
		<feat xlink:href="#sSpan618" value="ϩⲛⲧⲅⲁⲗⲓⲗⲁⲓⲁ"/>
		<feat xlink:href="#sSpan628" value="ⲁⲩⲟⲩⲁϩⲟⲩ"/>
		<feat xlink:href="#sSpan638" value="ⲛⲥⲱϥ"/>
		<feat xlink:href="#sSpan644" value="ⲙⲛⲧⲓⲟⲩⲇⲁⲓⲁ"/>
		<feat xlink:href="#sSpan654" value="ⲙⲛⲧϩⲓⲉⲣⲟⲥⲟⲗⲩⲙⲁ"/>
		<feat xlink:href="#sSpan670" value="ⲁⲩⲱ"/>
		<feat xlink:href="#sSpan674" value="ⲕⲉⲛⲟϭ"/>
		<feat xlink:href="#sSpan681" value="ⲙⲙⲏⲏϣⲉ"/>
		<feat xlink:href="#sSpan687" value="ⲉⲃⲟⲗ"/>
		<feat xlink:href="#sSpan692" value="ϩⲛⲧⲓⲇⲟⲩⲙⲁⲓⲁ"/>
		<feat xlink:href="#sSpan702" value="ⲙⲛⲡⲉⲕⲣⲟ"/>
		<feat xlink:href="#sSpan711" value="ⲙⲡⲓⲟⲣⲇⲁⲛⲏⲥ"/>
		<feat xlink:href="#sSpan721" value="ⲙⲛⲡⲕⲱⲧⲉ"/>
		<feat xlink:href="#sSpan730" value="ⲛⲧⲩⲣⲟⲥ"/>
		<feat xlink:href="#sSpan738" value="ⲙⲛⲥⲓⲇⲱⲛ"/>
		<feat xlink:href="#sSpan746" value="ⲉⲩⲥⲱⲧⲙ"/>
		<feat xlink:href="#sSpan754" value="ⲉⲛⲉⲧϥⲉⲓⲣⲉ"/>
		<feat xlink:href="#sSpan767" value="ⲙⲙⲟⲟⲩ"/>
		<feat xlink:href="#sSpan773" value="ⲁⲩⲉⲓ"/>
		<feat xlink:href="#sSpan781" value="ϣⲁⲣⲟϥ"/>
		<feat xlink:href="#sSpan787" value="ⲁⲩⲱ"/>
		<feat xlink:href="#sSpan796" value="ⲁϥϫⲟⲟⲥ"/>
		<feat xlink:href="#sSpan806" value="ⲛⲛⲉϥⲙⲁⲑⲏⲧⲏⲥ"/>
		<feat xlink:href="#sSpan816" value="ϫⲉⲉⲣⲉϩⲉⲛⲉϫⲏⲩ"/>
		<feat xlink:href="#sSpan828" value="ⲡⲣⲟⲥⲕⲁⲣⲧⲉⲣⲉⲓ"/>
		<feat xlink:href="#sSpan832" value="ⲉⲣⲟϥ"/>
		<feat xlink:href="#sSpan838" value="ⲉⲧⲃⲉ"/>
		<feat xlink:href="#sSpan843" value="ⲡⲙⲏⲏϣⲉ"/>
		<feat xlink:href="#sSpan849" value="ϫⲉⲛⲛⲉⲩⲑⲗⲓⲃⲉ"/>
		<feat xlink:href="#sSpan860" value="ⲙⲙⲟϥ"/>
		<feat xlink:href="#sSpan866" value="ⲛⲁϣⲉⲛⲉⲛⲧⲁϥⲧⲁⲗϭⲟⲟⲩ"/>
		<feat xlink:href="#sSpan889" value="ⲅⲁⲣ"/>
		<feat xlink:href="#sSpan894" value="ϩⲱⲥⲧⲉ"/>
		<feat xlink:href="#sSpan898" value="ⲉⲧⲣⲉⲩϯⲡⲉⲩⲟⲩⲟⲓ"/>
		<feat xlink:href="#sSpan912" value="ⲉⲣⲟϥ"/>
		<feat xlink:href="#sSpan918" value="ϫⲉⲉⲩⲉϫⲱϩ"/>
		<feat xlink:href="#sSpan926" value="ⲉⲣⲟϥ"/>
		<feat xlink:href="#sSpan932" value="."/>
		<feat xlink:href="#sSpan936" value="ⲁⲩⲱ"/>
		<feat xlink:href="#sSpan940" value="ⲛⲉⲧⲉⲙⲙⲁⲥⲧⲓⲅⲝ"/>
		<feat xlink:href="#sSpan952" value="ϩⲓⲱⲟⲩ"/>
		<feat xlink:href="#sSpan958" value="ⲙⲛⲛⲉⲡⲛⲉⲩⲙⲁ"/>
		<feat xlink:href="#sSpan974" value="ⲛⲁⲕⲁⲑⲁⲣⲧⲟⲛ"/>
		<feat xlink:href="#sSpan981" value="ⲉⲩϣⲁⲛⲛⲁⲩ"/>
		<feat xlink:href="#sSpan987" value="ⲉⲣⲟϥ"/>
		<feat xlink:href="#sSpan993" value="ϣⲁⲩⲡⲁϩⲧⲟⲩ"/>
		<feat xlink:href="#sSpan1003" value="ϩⲁⲣⲁⲧϥ"/>
		<feat xlink:href="#sSpan1009" value="ⲛⲥⲉϫⲓϣⲕⲁⲕ"/>
		<feat xlink:href="#sSpan1019" value="ⲉⲃⲟⲗ"/>
		<feat xlink:href="#sSpan1023" value="ⲉⲩϫⲱ"/>
		<feat xlink:href="#sSpan1031" value="ⲙⲙⲟⲥ"/>
		<feat xlink:href="#sSpan1037" value="ϫⲉⲛⲧⲟⲕⲡⲉ"/>
		<feat xlink:href="#sSpan1045" value="ⲡϣⲏⲣⲉ"/>
		<feat xlink:href="#sSpan1052" value="ⲙⲡⲛⲟⲩⲧⲉ"/>
		<feat xlink:href="#sSpan1061" value="ⲁⲩⲱ"/>
		<feat xlink:href="#sSpan1071" value="ⲛⲉϥⲉⲡⲓⲧⲓⲙⲁ"/>
		<feat xlink:href="#sSpan1080" value="ⲛⲁⲩ"/>
		<feat xlink:href="#sSpan1086" value="ⲉⲙⲁⲧⲉ"/>
		<feat xlink:href="#sSpan1090" value="ϫⲉⲛⲛⲉⲩⲟⲩⲟⲛϩϥ"/>
		<feat xlink:href="#sSpan1102" value="ⲉⲃⲟⲗ"/>
		<feat xlink:href="#sSpan1106" value="."/>
		<feat xlink:href="#sSpan1110" value="ⲁϥⲃⲱⲕ"/>
		<feat xlink:href="#sSpan1124" value="ⲇⲉ"/>
		<feat xlink:href="#sSpan1128" value="ⲉϩⲣⲁⲓ"/>
		<feat xlink:href="#sSpan1132" value="ⲉⲡⲧⲟⲟⲩ"/>
		<feat xlink:href="#sSpan1141" value="ⲁⲩⲱ"/>
		<feat xlink:href="#sSpan1145" value="ⲁϥⲙⲟⲩⲧⲉ"/>
		<feat xlink:href="#sSpan1153" value="ⲉⲛⲉⲧϥⲟⲩⲁϣⲟⲩ"/>
		<feat xlink:href="#sSpan1168" value="ⲁϥⲛⲉϩⲙⲛⲧⲥⲛⲟⲟⲩⲥ"/>
		<feat xlink:href="#sSpan1187" value="ⲉⲃⲟⲗ"/>
		<feat xlink:href="#sSpan1191" value="["/>
		<feat xlink:href="#sSpan1195" value="ⲛϩⲏⲧⲟⲩ"/>
		<feat xlink:href="#sSpan1201" value="ⲛⲁⲓ"/>
		<feat xlink:href="#sSpan1205" value="ⲛⲧⲁϥϯ"/>
		<feat xlink:href="#sSpan1215" value="ⲡⲓⲛⲟⲩ"/>
		<feat xlink:href="#sSpan1219" value="ⲛⲉⲁⲡⲟⲥⲧⲟⲗⲟⲥ"/>
		<feat xlink:href="#sSpan1226" value="]"/>
		<feat xlink:href="#sSpan1230" value="ϫⲉⲉⲩⲉϣⲱⲡⲉ"/>
		<feat xlink:href="#sSpan1238" value="ⲛⲙⲙⲁϥ"/>
		<feat xlink:href="#sSpan1244" value="ⲁⲩⲱ"/>
		<feat xlink:href="#sSpan1248" value="ⲛϥϫⲟⲟⲩⲥⲉ"/>
		<feat xlink:href="#sSpan1258" value="ⲉⲃⲟⲗ"/>
		<feat xlink:href="#sSpan1262" value="ⲉⲧⲁϣⲉⲟⲉⲓϣ"/>
		<feat xlink:href="#sSpan1270" value="ⲛϥϯ"/>
		<feat xlink:href="#sSpan1284" value="ⲛⲁⲩ"/>
		<feat xlink:href="#sSpan1290" value="ⲛⲧⲉⲝⲟⲩⲥⲓⲁ"/>
		<feat xlink:href="#sSpan1301" value="ⲉⲛⲉϫⲇⲁⲓⲙⲱⲛⲓⲟⲛ"/>
		<feat xlink:href="#sSpan1311" value="ⲉⲃⲟⲗ"/>
		<feat xlink:href="#sSpan1315" value="ⲁⲩⲱ"/>
		<feat xlink:href="#sSpan1325" value="ⲁϥⲧⲁϩⲟ"/>
		<feat xlink:href="#sSpan1334" value="ⲉⲣⲁⲧⲟⲩ"/>
		<feat xlink:href="#sSpan1342" value="ⲙⲡⲙⲛⲧⲥⲛⲟⲟⲩⲥ"/>
		<feat xlink:href="#sSpan1353" value="ⲁⲩⲱ"/>
		<feat xlink:href="#sSpan1359" value="ⲥⲓⲙⲱⲛ"/>
		<feat xlink:href="#sSpan1363" value="ⲁϥϯⲟⲩⲣⲁⲛ"/>
		<feat xlink:href="#sSpan1376" value="ⲉⲣⲟϥ"/>
		<feat xlink:href="#sSpan1382" value="ϫⲉⲡⲉⲧⲣⲟⲥ"/>
		<feat xlink:href="#sSpan1390" value="."/>
		<feat xlink:href="#sSpan1394" value="ⲁⲩⲱ"/>
		<feat xlink:href="#sSpan1405" value="ⲓⲁⲕⲱⲃⲟⲥ"/>
		<feat xlink:href="#sSpan1410" value="ⲡϣⲏⲣⲉ"/>
		<feat xlink:href="#sSpan1416" value="ⲛⲍⲉⲃⲉⲇⲁⲓⲟⲥ"/>
		<feat xlink:href="#sSpan1424" value="ⲙⲛⲓⲱϩⲁⲛⲏⲥ"/>
		<feat xlink:href="#sSpan1432" value="ⲡⲥⲟⲛ"/>
		<feat xlink:href="#sSpan1438" value="ⲛⲓⲁⲕⲱⲃⲟⲥ"/>
		<feat xlink:href="#sSpan1446" value="."/>
		<feat xlink:href="#sSpan1450" value="ⲁϥϯϩⲉⲛⲣⲁⲛ"/>
		<feat xlink:href="#sSpan1463" value="ⲉⲣⲟⲟⲩ"/>
		<feat xlink:href="#sSpan1469" value="ϫⲉⲃⲟⲁⲛⲏⲣⲅⲉⲥ"/>
		<feat xlink:href="#sSpan1477" value="ⲉⲧⲉⲡⲁⲓⲡⲉ"/>
		<feat xlink:href="#sSpan1485" value="ⲛϣⲏⲣⲉ"/>
		<feat xlink:href="#sSpan1492" value="ⲙⲡⲉϩⲣⲟⲩⲃⲃⲁⲉⲓ"/>
		<feat xlink:href="#sSpan1502" value="."/>
		<feat xlink:href="#sSpan1506" value="ⲁⲩⲱ"/>
		<feat xlink:href="#sSpan1518" value="ⲁⲛⲇⲣⲉⲁⲥ"/>
		<feat xlink:href="#sSpan1522" value="ⲙⲛⲫⲓⲗⲓⲡⲡⲟⲥ"/>
		<feat xlink:href="#sSpan1530" value="ⲙⲛⲃⲁⲣⲑⲟⲗⲟⲙⲁⲓⲟⲥ"/>
		<feat xlink:href="#sSpan1538" value="."/>
		<feat xlink:href="#sSpan1542" value="ⲙⲛⲙⲁⲑⲁⲓⲟⲥ"/>
		<feat xlink:href="#sSpan1550" value="."/>
		<feat xlink:href="#sSpan1554" value="ⲙⲛⲑⲱⲙⲁⲥ"/>
		<feat xlink:href="#sSpan1562" value="ⲁⲩⲱ"/>
		<feat xlink:href="#sSpan1567" value="ⲓⲁⲕⲱⲃⲟⲥ"/>
		<feat xlink:href="#sSpan1572" value="ⲡϣⲏⲣⲉ"/>
		<feat xlink:href="#sSpan1578" value="ⲛⲁⲗⲫⲁⲓⲟⲥ"/>
		<feat xlink:href="#sSpan1586" value="ⲙⲛⲑⲁⲇⲇⲁⲓⲟⲥ"/>
		<feat xlink:href="#sSpan1594" value="ⲁⲩⲱ"/>
		<feat xlink:href="#sSpan1599" value="ⲥⲓⲙⲱⲛ"/>
		<feat xlink:href="#sSpan1604" value="ⲡⲕⲁⲛⲁⲛⲁⲓⲟⲥ"/>
		<feat xlink:href="#sSpan1611" value="ⲙⲛⲓⲟⲩⲇⲁⲥ"/>
		<feat xlink:href="#sSpan1625" value="ⲡⲓⲥⲕⲁⲣⲓⲱⲧⲏⲥ"/>
		<feat xlink:href="#sSpan1632" value="ⲡⲉⲛⲧⲁϥⲡⲁⲣⲁⲇⲓⲇⲟⲩ"/>
		<feat xlink:href="#sSpan1645" value="ⲙⲙⲟϥ"/>
		<feat xlink:href="#sSpan1651" value="ⲁⲩⲱ"/>
		<feat xlink:href="#sSpan1661" value="ⲁϥⲉⲓ"/>
		<feat xlink:href="#sSpan1670" value="ⲉϩⲟⲩⲛ"/>
		<feat xlink:href="#sSpan1674" value="ⲉⲡⲏⲓ"/>
		<feat xlink:href="#sSpan1683" value="ⲁⲡⲙⲏⲏϣⲉ"/>
		<feat xlink:href="#sSpan1692" value="ⲟⲛ"/>
		<feat xlink:href="#sSpan1696" value="ⲥⲱⲟⲩϩ"/>
		<feat xlink:href="#sSpan1700" value="ⲉⲣⲟϥ"/>
		<feat xlink:href="#sSpan1707" value="ϩⲱⲥⲧⲉ"/>
		<feat xlink:href="#sSpan1711" value="ⲛⲥⲉⲧⲙⲥⲣϥⲉ"/>
		<feat xlink:href="#sSpan1722" value="ⲉⲟⲩⲉⲙⲡⲉⲩⲟⲉⲓⲕ"/>
		<feat xlink:href="#sSpan1733" value="ⲛⲧⲉⲣⲟⲩⲥⲱⲧⲙ"/>
		<feat xlink:href="#sSpan1747" value="ⲇⲉ"/>
		<feat xlink:href="#sSpan1751" value="ⲛϭⲓ"/>
		<feat xlink:href="#sSpan1756" value="ⲛⲉϥⲣⲱⲙⲉ"/>
		<feat xlink:href="#sSpan1762" value="ⲁⲩⲉⲓ"/>
		<feat xlink:href="#sSpan1771" value="ⲉⲃⲟⲗ"/>
		<feat xlink:href="#sSpan1775" value="ⲉⲁⲙⲁϩⲧⲉ"/>
		<feat xlink:href="#sSpan1781" value="ⲙⲙⲟϥ"/>
		<feat xlink:href="#sSpan1787" value="ⲛⲉⲩϫⲱ"/>
		<feat xlink:href="#sSpan1796" value="ⲅⲁⲣ"/>
		<feat xlink:href="#sSpan1800" value="ⲙⲙⲟⲥ"/>
		<feat xlink:href="#sSpan1806" value="ϫⲉⲁⲡⲉϥϩⲏⲧ"/>
		<feat xlink:href="#sSpan1817" value="ⲡⲱϣⲥ"/>
		<feat xlink:href="#sSpan1823" value="."/>
		<feat xlink:href="#sSpan1827" value="ⲁⲩⲱ"/>
		<feat xlink:href="#sSpan1837" value="ⲛⲉⲅⲣⲁⲙⲙⲁⲧⲉⲩⲥ"/>
		<feat xlink:href="#sSpan1844" value="ⲛⲧⲁⲩⲉⲓ"/>
		<feat xlink:href="#sSpan1855" value="ⲉⲃⲟⲗ"/>
		<feat xlink:href="#sSpan1859" value="ϩⲛ"/>
		<feat xlink:href="#sSpan1864" value="ⲧϩⲓⲉⲣⲟⲥⲟⲗⲩⲙⲁ"/>
		<feat xlink:href="#sSpan1871" value="ⲛⲉⲩϫⲱ"/>
		<feat xlink:href="#sSpan1879" value="ⲙⲙⲟⲥ"/>
		<feat xlink:href="#sSpan1885" value="ϫⲉⲉⲣⲉⲃⲉⲉⲗⲍⲉⲃⲟⲩⲗ"/>
		<feat xlink:href="#sSpan1895" value="ⲛⲙⲙⲁϥ"/>
		<feat xlink:href="#sSpan1901" value="ⲁⲩⲱ"/>
		<feat xlink:href="#sSpan1905" value="ϩⲙⲡⲁⲣⲭⲱⲛ"/>
		<feat xlink:href="#sSpan1915" value="ⲛⲛⲇⲁⲓⲙⲱⲛⲓⲟⲛ"/>
		<feat xlink:href="#sSpan1925" value="ⲉϥⲛⲉϫⲇⲁⲓⲙⲱⲛⲓⲟⲛ"/>
		<feat xlink:href="#sSpan1937" value="ⲉⲃⲟⲗ"/>
		<feat xlink:href="#sSpan1941" value="ⲁϥⲙⲟⲩⲧⲉ"/>
		<feat xlink:href="#sSpan1955" value="ⲇⲉ"/>
		<feat xlink:href="#sSpan1959" value="ⲉⲣⲟⲟⲩ"/>
		<feat xlink:href="#sSpan1965" value="ⲁϥϣⲁϫⲉ"/>
		<feat xlink:href="#sSpan1973" value="ⲛⲙⲙⲁⲩ"/>
		<feat xlink:href="#sSpan1979" value="ϩⲛϩⲉⲛⲡⲁⲣⲁⲃⲟⲗⲏ"/>
		<feat xlink:href="#sSpan1989" value="ⲉϥϫⲱ"/>
		<feat xlink:href="#sSpan1997" value="ⲙⲙⲟⲥ"/>
		<feat xlink:href="#sSpan2003" value="ϫⲉⲛⲁϣ"/>
		<feat xlink:href="#sSpan2011" value="ⲛϩⲉ"/>
		<feat xlink:href="#sSpan2018" value="ⲡⲥⲁⲧⲁⲛⲁⲥ"/>
		<feat xlink:href="#sSpan2025" value="ϥⲛⲁⲛⲉϫⲡⲥⲁⲧⲁⲛⲁⲥ"/>
		<feat xlink:href="#sSpan2039" value="ⲉⲃⲟⲗ"/>
		<feat xlink:href="#sSpan2043" value="ⲁⲩⲱ"/>
		<feat xlink:href="#sSpan2052" value="ⲉⲣϣⲁⲛⲟⲩⲙⲛⲧⲣⲣⲟ"/>
		<feat xlink:href="#sSpan2063" value="ⲡⲱⲣϫ"/>
		<feat xlink:href="#sSpan2067" value="ⲉⲛⲉⲥⲉⲣⲏⲩ"/>
		<feat xlink:href="#sSpan2075" value="ⲛⲥⲛⲁϣⲁϩⲉ"/>
		<feat xlink:href="#sSpan2087" value="ⲁⲛ"/>
		<feat xlink:href="#sSpan2091" value="ⲉⲣⲁⲧⲥ"/>
		<feat xlink:href="#sSpan2097" value="ⲛϭⲓ"/>
		<feat xlink:href="#sSpan2101" value="ⲧⲙⲛⲧⲣⲣⲟ"/>
		<feat xlink:href="#sSpan2110" value="ⲉⲧⲙⲙⲁⲩ"/>
		<feat xlink:href="#sSpan2116" value="."/>
		<feat xlink:href="#sSpan2120" value="ⲁⲩⲱ"/>
		<feat xlink:href="#sSpan2130" value="ⲉⲣϣⲁⲛⲟⲩⲏⲓ"/>
		<feat xlink:href="#sSpan2139" value="ⲡⲱⲣϫ"/>
		<feat xlink:href="#sSpan2143" value="ⲉⲛⲉϥⲉⲣⲏⲩ"/>
		<feat xlink:href="#sSpan2151" value="ⲛⲛⲉϣⲡⲏⲓ"/>
		<feat xlink:href="#sSpan2162" value="ⲉⲧⲙⲙⲁⲩ"/>
		<feat xlink:href="#sSpan2168" value="ⲁϩⲉⲣⲁⲧϥ"/>
		<feat xlink:href="#sSpan2176" value="."/>
		<feat xlink:href="#sSpan2180" value="ⲁⲩⲱ"/>
		<feat xlink:href="#sSpan2190" value="ⲉϣϫⲉ"/>
		<feat xlink:href="#sSpan2195" value="ⲡⲥⲁⲧⲁⲛⲁⲥ"/>
		<feat xlink:href="#sSpan2202" value="ⲁϥⲧⲱⲟⲩⲛ"/>
		<feat xlink:href="#sSpan2210" value="ⲛⲧⲟϥ"/>
		<feat xlink:href="#sSpan2214" value="ⲉϫⲱϥ"/>
		<feat xlink:href="#sSpan2220" value="ⲁⲩⲱ"/>
		<feat xlink:href="#sSpan2224" value="ⲁϥⲡⲱⲣϫ"/>
		<feat xlink:href="#sSpan2232" value="ⲛⲛⲉϥϣⲁϩⲉⲣⲁⲧϥ"/>
		<feat xlink:href="#sSpan2246" value="."/>
		<feat xlink:href="#sSpan2251" value="ⲁⲗⲗⲁ"/>
		<feat xlink:href="#sSpan2255" value="ⲁⲧⲉϥϩⲁⲏ"/>
		<feat xlink:href="#sSpan2264" value="ϣⲱⲡⲉ"/>
		<feat xlink:href="#sSpan2268" value="."/>
		<feat xlink:href="#sSpan2273" value="ⲁⲗⲗⲁ"/>
		<feat xlink:href="#sSpan2283" value="ⲙⲛⲗⲁⲁⲩ"/>
		<feat xlink:href="#sSpan2290" value="ⲛⲁϣⲃⲱⲕ"/>
		<feat xlink:href="#sSpan2299" value="ⲉϩⲟⲩⲛ"/>
		<feat xlink:href="#sSpan2303" value="ⲉⲡⲏⲓ"/>
		<feat xlink:href="#sSpan2312" value="ⲙⲡϫⲱⲱⲣⲉ"/>
		<feat xlink:href="#sSpan2321" value="ⲛϥⲧⲱⲣⲡ"/>
		<feat xlink:href="#sSpan2329" value="ⲛⲛⲉϥϩⲛⲁⲟⲩ"/>
		<feat xlink:href="#sSpan2338" value="ⲉϥⲧⲙⲙⲟⲩⲣ"/>
		<feat xlink:href="#sSpan2348" value="ⲛϣⲟⲣⲡ"/>
		<feat xlink:href="#sSpan2354" value="ⲙⲡϫⲱⲱⲣ"/>
		<feat xlink:href="#sSpan2363" value="."/>
		<feat xlink:href="#sSpan2367" value="ⲁⲩⲱ"/>
		<feat xlink:href="#sSpan2373" value="ⲧⲟⲧⲉ"/>
		<feat xlink:href="#sSpan2377" value="ⲛϥⲧⲱⲣⲡ"/>
		<feat xlink:href="#sSpan2385" value="ⲙⲡⲉϥⲏⲓ"/>
		<feat xlink:href="#sSpan2394" value="."/>
		<feat xlink:href="#sSpan2399" value="ϩⲁⲙⲏⲛ"/>
		<feat xlink:href="#sSpan2409" value="ϯϫⲱ"/>
		<feat xlink:href="#sSpan2415" value="ⲙⲙⲟⲥ"/>
		<feat xlink:href="#sSpan2421" value="ⲛⲏⲧⲛ"/>
		<feat xlink:href="#sSpan2427" value="ϫⲉⲛⲟⲃⲉ"/>
		<feat xlink:href="#sSpan2434" value="ⲛⲓⲙ"/>
		<feat xlink:href="#sSpan2438" value="ϩⲓⲟⲩⲁ"/>
		<feat xlink:href="#sSpan2445" value="ⲛⲓⲙ"/>
		<feat xlink:href="#sSpan2449" value="ⲉⲧⲟⲩⲛⲁϫⲟⲟⲩ"/>
		<feat xlink:href="#sSpan2461" value="ⲛϭⲓⲛϣⲏⲣⲉ"/>
		<feat xlink:href="#sSpan2470" value="ⲛⲛⲣⲱⲙⲉ"/>
		<feat xlink:href="#sSpan2479" value="ⲥⲉⲛⲁⲕⲁⲁⲩ"/>
		<feat xlink:href="#sSpan2489" value="ⲛⲁⲩ"/>
		<feat xlink:href="#sSpan2495" value="ⲉⲃⲟⲗ"/>
		<feat xlink:href="#sSpan2500" value="ⲡⲉⲧⲛⲁϫⲓⲟⲩⲁ"/>
		<feat xlink:href="#sSpan2519" value="ⲇⲉ"/>
		<feat xlink:href="#sSpan2523" value="ⲉⲡⲉⲡⲛⲉⲩⲙⲁ"/>
		<feat xlink:href="#sSpan2533" value="ⲉⲧⲟⲩⲁⲁⲃ"/>
		<feat xlink:href="#sSpan2539" value="ⲙⲙⲛⲧϥ"/>
		<feat xlink:href="#sSpan2545" value="ⲕⲱ"/>
		<feat xlink:href="#sSpan2551" value="ⲉⲃⲟⲗ"/>
		<feat xlink:href="#sSpan2555" value="ϣⲁⲉⲛⲉϩ"/>
		<feat xlink:href="#sSpan2563" value="ⲁⲗⲗⲁ"/>
		<feat xlink:href="#sSpan2567" value="ϥϭⲏⲡ"/>
		<feat xlink:href="#sSpan2574" value="ⲉⲩⲛⲟⲃⲉ"/>
		<feat xlink:href="#sSpan2583" value="ϣⲁⲉⲛⲉϩ"/>
		<feat xlink:href="#sSpan2590" value="."/>
		<feat xlink:href="#sSpan2594" value="ⲉⲃⲟⲗ"/>
		<feat xlink:href="#sSpan2604" value="ϫⲉⲥⲉϫⲱ"/>
		<feat xlink:href="#sSpan2612" value="ⲙⲙⲟⲥ"/>
		<feat xlink:href="#sSpan2618" value="ϫⲉⲟⲩⲡⲛⲉⲩⲙⲁ"/>
		<feat xlink:href="#sSpan2628" value="ⲛⲁⲕⲁⲑⲁⲣⲧⲟⲛ"/>
		<feat xlink:href="#sSpan2635" value="ⲛⲙⲙⲁϥ"/>
		<feat xlink:href="#sSpan2641" value="."/>
		<feat xlink:href="#sSpan2645" value="ⲁⲩⲱ"/>
		<feat xlink:href="#sSpan2655" value="ⲁⲩⲉⲓ"/>
		<feat xlink:href="#sSpan2663" value="ⲛϭⲓⲧⲉϥⲙⲁⲁⲩ"/>
		<feat xlink:href="#sSpan2672" value="ⲙⲛⲛⲉϥⲥⲛⲏⲩ"/>
		<feat xlink:href="#sSpan2681" value="ⲁⲩⲁϩⲉⲣⲁⲧⲟⲩ"/>
		<feat xlink:href="#sSpan2693" value="ϩⲓⲃⲟⲗ"/>
		<feat xlink:href="#sSpan2697" value="ⲁⲩⲱ"/>
		<feat xlink:href="#sSpan2701" value="ⲁⲩϫⲟⲟⲩ"/>
		<feat xlink:href="#sSpan2709" value="ⲛⲁϥ"/>
		<feat xlink:href="#sSpan2715" value="ⲉϩⲟⲩⲛ"/>
		<feat xlink:href="#sSpan2719" value="ⲉⲩⲙⲟⲩⲧⲉ"/>
		<feat xlink:href="#sSpan2727" value="ⲉⲣⲟϥ"/>
		<feat xlink:href="#sSpan2733" value="ⲁⲩⲱ"/>
		<feat xlink:href="#sSpan2743" value="ⲛⲉϥϩⲙⲟⲟⲥ"/>
		<feat xlink:href="#sSpan2751" value="ϩⲙⲡⲉϥⲕⲱⲧⲉ"/>
		<feat xlink:href="#sSpan2760" value="ⲛϭⲓⲟⲩⲙⲏⲏϣⲉ"/>
		<feat xlink:href="#sSpan2769" value="ⲡⲉϫⲁⲩ"/>
		<feat xlink:href="#sSpan2776" value="ⲇⲉ"/>
		<feat xlink:href="#sSpan2780" value="ⲛⲁⲩ"/>
		<feat xlink:href="#sSpan2786" value="ϫⲉⲉⲓⲥⲧⲉⲕⲙⲁⲁⲩ"/>
		<feat xlink:href="#sSpan2797" value="ⲙⲛⲛⲉⲕⲥⲛⲏⲩ"/>
		<feat xlink:href="#sSpan2806" value="ⲥⲉⲕⲱⲧⲉ"/>
		<feat xlink:href="#sSpan2812" value="ⲛⲥⲱⲕ"/>
		<feat xlink:href="#sSpan2818" value="ϩⲓⲃⲟⲗ"/>
		<feat xlink:href="#sSpan2822" value="ⲁϥⲟⲩⲱϣⲃ"/>
		<feat xlink:href="#sSpan2837" value="ⲇⲉ"/>
		<feat xlink:href="#sSpan2841" value="ⲉϥϫⲱ"/>
		<feat xlink:href="#sSpan2849" value="ⲙⲙⲟⲥ"/>
		<feat xlink:href="#sSpan2855" value="ⲛⲁⲩ"/>
		<feat xlink:href="#sSpan2861" value="ϫⲉ"/>
		<feat xlink:href="#sSpan2865" value="ⲛⲓⲙⲧⲉ"/>
		<feat xlink:href="#sSpan2872" value="ⲧⲁⲙⲁⲁⲩ"/>
		<feat xlink:href="#sSpan2878" value="ⲁⲩⲱ"/>
		<feat xlink:href="#sSpan2882" value="ⲛⲓⲙⲛⲉ"/>
		<feat xlink:href="#sSpan2889" value="ⲛⲁⲥⲛⲏⲩ"/>
		<feat xlink:href="#sSpan2895" value="ⲁϥϭⲱϣⲧ"/>
		<feat xlink:href="#sSpan2909" value="ⲉⲛⲉⲧⲙⲡⲉϥⲕⲱⲧⲉ"/>
		<feat xlink:href="#sSpan2925" value="ⲉⲧϩⲙⲟⲟⲥ"/>
		<feat xlink:href="#sSpan2931" value="ϩⲁϩⲧⲏϥ"/>
		<feat xlink:href="#sSpan2937" value="."/>
		<feat xlink:href="#sSpan2941" value="ⲡⲉϫⲁϥ"/>
		<feat xlink:href="#sSpan2947" value="ϫⲉⲉⲓⲥⲧⲁⲙⲁⲁⲩ"/>
		<feat xlink:href="#sSpan2958" value="ⲁⲩⲱ"/>
		<feat xlink:href="#sSpan2963" value="ⲛⲁⲥⲛⲏⲩ"/>
		<feat xlink:href="#sSpan2969" value="."/>
		<feat xlink:href="#sSpan2973" value="ⲡⲉⲧⲛⲁⲉⲓⲣⲉ"/>
		<feat xlink:href="#sSpan2991" value="ⲅⲁⲣ"/>
		<feat xlink:href="#sSpan2995" value="ⲙⲡⲟⲩⲱϣ"/>
		<feat xlink:href="#sSpan3004" value="ⲙⲡⲛⲟⲩⲧⲉ"/>
		<feat xlink:href="#sSpan3013" value="."/>
		<feat xlink:href="#sSpan3018" value="ⲡⲁⲓⲡⲉ"/>
		<feat xlink:href="#sSpan3025" value="ⲡⲁⲥⲟⲛ"/>
		<feat xlink:href="#sSpan3031" value="ⲁⲩⲱ"/>
		<feat xlink:href="#sSpan3036" value="ⲧⲁⲥⲱⲛⲉ"/>
		<feat xlink:href="#sSpan3042" value="ⲁⲩⲱ"/>
		<feat xlink:href="#sSpan3047" value="ⲧⲁⲙⲁⲁⲩ"/>
		<feat xlink:href="#sSpan3053" value="."/></featList></paula>