<?xml version='1.0' encoding='UTF-8'?><!DOCTYPE paula SYSTEM "paula_feat.dtd">
<paula version="1.1">
	<header paula_id="scriptorium.Mark_03.mark_multiword"/>
	<featList xmlns:xlink="http://www.w3.org/1999/xlink" type="multiword" xml:base="scriptorium.Mark_03.mark.xml">
		<feat xlink:href="#sSpan314" value="ⲕⲁ ⲣⲱ"/>
		<feat xlink:href="#sSpan615" value="ⲉⲃⲟⲗ ϩⲛ"/>
		<feat xlink:href="#sSpan689" value="ⲉⲃⲟⲗ ϩⲛ"/>
		<feat xlink:href="#sSpan1298" value="ⲉⲝⲟⲩⲥⲓⲁ ⲉ"/>
		<feat xlink:href="#sSpan1331" value="ⲧⲁϩⲟ ⲉ"/>
		<feat xlink:href="#sSpan1667" value="ⲉⲓ ⲉϩⲟⲩⲛ"/>
		<feat xlink:href="#sSpan1719" value="ⲥⲣϥⲉ ⲉ"/>
		<feat xlink:href="#sSpan1768" value="ⲉⲓ ⲉⲃⲟⲗ"/>
		<feat xlink:href="#sSpan1852" value="ⲉⲓ ⲉⲃⲟⲗ"/>
		<feat xlink:href="#sSpan2296" value="ⲃⲱⲕ ⲉϩⲟⲩⲛ"/>
		<feat xlink:href="#sSpan2369" value="ⲁⲩⲱ ⲧⲟⲧⲉ"/>
		<feat xlink:href="#sSpan2547" value="ⲕⲱ ⲉⲃⲟⲗ"/>
		<feat xlink:href="#sSpan2571" value="ϭⲏⲡ ⲉ"/>
		<feat xlink:href="#sSpan2596" value="ⲉⲃⲟⲗ ϫⲉ"/></featList></paula>