<?xml version='1.0' encoding='UTF-8'?><!DOCTYPE paula SYSTEM "paula_feat.dtd">
<paula version="1.1">
	<header paula_id="scriptorium.Mark_03.mark_verse_vid"/>
	<featList xmlns:xlink="http://www.w3.org/1999/xlink" type="verse_vid" xml:base="scriptorium.Mark_03.mark.xml">
		<feat xlink:href="#sSpan6" value="41N 3:1"/>
		<feat xlink:href="#sSpan75" value="41N 3:2"/>
		<feat xlink:href="#sSpan146" value="41N 3:3"/>
		<feat xlink:href="#sSpan209" value="41N 3:4"/>
		<feat xlink:href="#sSpan325" value="41N 3:5"/>
		<feat xlink:href="#sSpan466" value="41N 3:6"/>
		<feat xlink:href="#sSpan546" value="41N 3:7"/>
		<feat xlink:href="#sSpan657" value="41N 3:8"/>
		<feat xlink:href="#sSpan790" value="41N 3:9"/>
		<feat xlink:href="#sSpan867" value="41N 3:10"/>
		<feat xlink:href="#sSpan959" value="41N 3:11"/>
		<feat xlink:href="#sSpan1062" value="41N 3:12"/>
		<feat xlink:href="#sSpan1111" value="41N 3:13"/>
		<feat xlink:href="#sSpan1169" value="41N 3:14"/>
		<feat xlink:href="#sSpan1271" value="41N 3:15"/>
		<feat xlink:href="#sSpan1315" value="41N 3:16"/>
		<feat xlink:href="#sSpan1394" value="41N 3:17"/>
		<feat xlink:href="#sSpan1506" value="41N 3:18"/>
		<feat xlink:href="#sSpan1611" value="41N 3:19"/>
		<feat xlink:href="#sSpan1651" value="41N 3:20"/>
		<feat xlink:href="#sSpan1733" value="41N 3:21"/>
		<feat xlink:href="#sSpan1825" value="41N 3:22"/>
		<feat xlink:href="#sSpan1937" value="41N 3:23"/>
		<feat xlink:href="#sSpan2039" value="41N 3:24"/>
		<feat xlink:href="#sSpan2114" value="41N 3:25"/>
		<feat xlink:href="#sSpan2174" value="41N 3:26"/>
		<feat xlink:href="#sSpan2267" value="41N 3:27"/>
		<feat xlink:href="#sSpan2392" value="41N 3:28"/>
		<feat xlink:href="#sSpan2493" value="41N 3:29"/>
		<feat xlink:href="#sSpan2588" value="41N 3:30"/>
		<feat xlink:href="#sSpan2638" value="41N 3:31"/>
		<feat xlink:href="#sSpan2726" value="41N 3:32"/>
		<feat xlink:href="#sSpan2815" value="41N 3:33"/>
		<feat xlink:href="#sSpan2888" value="41N 3:34"/>
		<feat xlink:href="#sSpan2967" value="41N 3:35"/></featList></paula>