<?xml version='1.0' encoding='UTF-8'?><!DOCTYPE paula SYSTEM "paula_feat.dtd">
<paula version="1.1">
	<header paula_id="scriptorium.Mark_03.mark_new_sent"/>
	<featList xmlns:xlink="http://www.w3.org/1999/xlink" type="new_sent" xml:base="scriptorium.Mark_03.mark.xml">
		<feat xlink:href="#sSpan1" value="true"/>
		<feat xlink:href="#sSpan70" value="true"/>
		<feat xlink:href="#sSpan141" value="true"/>
		<feat xlink:href="#sSpan204" value="true"/>
		<feat xlink:href="#sSpan320" value="true"/>
		<feat xlink:href="#sSpan461" value="true"/>
		<feat xlink:href="#sSpan541" value="true"/>
		<feat xlink:href="#sSpan652" value="true"/>
		<feat xlink:href="#sSpan785" value="true"/>
		<feat xlink:href="#sSpan864" value="true"/>
		<feat xlink:href="#sSpan956" value="true"/>
		<feat xlink:href="#sSpan1059" value="true"/>
		<feat xlink:href="#sSpan1108" value="true"/>
		<feat xlink:href="#sSpan1166" value="true"/>
		<feat xlink:href="#sSpan1268" value="true"/>
		<feat xlink:href="#sSpan1313" value="true"/>
		<feat xlink:href="#sSpan1392" value="true"/>
		<feat xlink:href="#sSpan1504" value="true"/>
		<feat xlink:href="#sSpan1609" value="true"/>
		<feat xlink:href="#sSpan1649" value="true"/>
		<feat xlink:href="#sSpan1731" value="true"/>
		<feat xlink:href="#sSpan1825" value="true"/>
		<feat xlink:href="#sSpan1939" value="true"/>
		<feat xlink:href="#sSpan2041" value="true"/>
		<feat xlink:href="#sSpan2118" value="true"/>
		<feat xlink:href="#sSpan2178" value="true"/>
		<feat xlink:href="#sSpan2271" value="true"/>
		<feat xlink:href="#sSpan2397" value="true"/>
		<feat xlink:href="#sSpan2497" value="true"/>
		<feat xlink:href="#sSpan2592" value="true"/>
		<feat xlink:href="#sSpan2643" value="true"/>
		<feat xlink:href="#sSpan2731" value="true"/>
		<feat xlink:href="#sSpan2820" value="true"/>
		<feat xlink:href="#sSpan2893" value="true"/>
		<feat xlink:href="#sSpan2971" value="true"/></featList></paula>