<?xml version='1.0' encoding='UTF-8'?><!DOCTYPE paula SYSTEM "paula_feat.dtd">
<paula version="1.1">
	<header paula_id="scriptorium.pistis.sophia_book_1_part6.mark_translation"/>
	<featList xmlns:xlink="http://www.w3.org/1999/xlink" type="translation" xml:base="scriptorium.pistis.sophia_book_1_part6.mark.xml">
		<feat xlink:href="#sSpan12" value="“14. The Light giveth power to them who have faith in it; and the name of its mystery belongeth to those who trust in it. And it will show them the region of the Inheritance, which is in the Treasury of the Light.”"/>
		<feat xlink:href="#sSpan176" value="“15. But I have ever had faith in the Light, for it will save my feet from the bonds of the darkness. “16. Give heed unto me, O Light, and save me, for they have taken away my name from me in the chaos. “17. Because of all the emanations my afflictions and my oppression have become exceedingly manifold. Save me out of my transgression and this darkness. 18. And look upon the grief of my oppression and forgive my transgression. 19. Give heed to the rulers of the twelve æons, who have hated me through jealousy.”"/>
		<feat xlink:href="#sSpan598" value="“20. Watch over my power and save me, and let me not remain in this darkness, for I have had faith in thee. 21. And they have made of me a great fool for having had faith in thee, O Light. 22. Now, therefore, O Light, save my powers from the emanations of Self-willed, by whom I am oppressed.”"/>
		<feat xlink:href="#sSpan819" value="“Now, therefore, who is sober, let him be sober.”"/>
		<feat xlink:href="#sSpan845" value="When then Jesus had spoken this unto his disciples,"/>
		<feat xlink:href="#sSpan886" value="“Thomas came forward and said: My Lord, I am sober, I am plentifully sober, and my spirit is ready in me, and I rejoice exceedingly that thou hast revealed these words unto us.”"/>
		<feat xlink:href="#sSpan1039" value="“But indeed I have borne with my brethren until now, so that I should not anger them; nay rather I have borne with every one that he should come before thee and speak | the solution of the repentance of Pistis Sophia. Now, therefore, my Lord, concerning the solution of the seventh repentance of Pistis Sophia thy light-power hath prophesied through the prophet David in the twenty-fourth Psalm, thus 1. O Lord, unto thee have I lifted up my soul, O my God.”"/>
		<feat xlink:href="#sSpan1420" value="“2. I have abandoned myself unto thee; let me not be put to shame and let not mine enemies mock at me.”"/>
		<feat xlink:href="#sSpan1488" value="“3. For all who wait upon thee shall not be put to shame; let them be put to shame who do iniquity without a cause.”"/>
		<feat xlink:href="#sSpan1589" value="“4. O Lord, show me thy ways and teach me thy paths. 5. Lead me in the way of thy truth and teach me, for thou art my God and my saviour; on thee will I wait all the day long.”"/>
		<feat xlink:href="#sSpan1763" value="“6. Call to remembrance thy mercies, O Lord, and the favours of thy grace, for they are from eternity. “7. Remember not the sins of my youth and those of my ignorance. Remember me according to the fulness of thy mercy because of thy goodness, O Lord. “8. The Lord is gracious and sincere; therefore fore will he instruct sinners in the way. 9. He will guide the tender-hearted | in the judgment and will teach the tender-hearted his ways. 10. All the ways of the Lord are grace and truth”"/>
		<feat xlink:href="#sSpan2147" value="“for them who seek his righteousness and his testimonies. 11. For thy name's sake, O Lord, forgive me my sin, [for] it is exceedingly great. 12. Who is the man who feareth the Lord? For him will he establish laws in the way which he hath chosen.”"/>
		<feat xlink:href="#sSpan2339" value="“13. His soul will abide in good things and his seed will inherit the land.”"/>
		<feat xlink:href="#sSpan2405" value="“14. The Lord is the strength of them who fear him; and the name of the Lord belongeth to them who fear him, to make known unto them his covenant. 15. Mine eyes are raised ever unto the Lord, for he will draw my feet out of the snare. 16. Look down upon me and be gracious unto me, for I am an only-begotten;”"/>
		<feat xlink:href="#sSpan2657" value="“I am wretched. 17. The afflictions of my heart have increased;”"/>
		<feat xlink:href="#sSpan2714" value="“bring me out of my necessities. 18. Look upon my abasement and my woe,”"/>
		<feat xlink:href="#sSpan2766" value="“and forgive me all my sins. “19. Look upon mine enemies, how they have increased themselves and hated me with unjust hatred. “20. Preserve my soul and save me; let me not | be put to shame, for I have hoped on thee. 21. The simple and sincere have joined themselves to me, for I have waited on thee, O Lord. 22. O God, deliver Israel from all his afflictions.”"/>
		<feat xlink:href="#sSpan3061" value="“And when Jesus had heard the words of Thomas, he said unto him: Well said, Thomas, and finely.”"/>
		<feat xlink:href="#sSpan3151" value="This is the solution of the seventh repentance of Pistis Sophia."/>
		<feat xlink:href="#sSpan3212" value="“Amēn, amēn, I say unto you: All generations of the world shall bless you on earth, because I have revealed this unto you and ye have received, of my spirit and have become understanding and spiritual, understanding what I say. And hereafter will I fill you full with the whole light and the whole power of the spirit, so that ye may understand from now on all which shall be said unto you and which ye shall see. Yet a little while and I will speak with you concerning the height without within and within without.”"/>
		<feat xlink:href="#sSpan3701" value="“Jesus continued again in the discourse and said unto his disciples: It came to pass then, when Pistis Sophia had uttered the seventh repentance in the chaos,”"/>
		<feat xlink:href="#sSpan3840" value="that the commandment through the First Mystery had not come to me | to save her and lead her up out of the chaos."/>
		<feat xlink:href="#sSpan3955" value="Nevertheless of myself out of compassion without commandment I led her into a somewhat spacious region in the chaos."/>
		<feat xlink:href="#sSpan4068" value="And when the material emanations of Self-willed had noticed that she had been led into a somewhat spacious region in the chaos, they ceased a little to oppress her, for they thought that she would be led up out of the chaos altogether. When this then took place, Pistis Sophia did not know that I was her helper; nor did she know me at all, but she continued and persisted withal singing praises to the Light of the Treasury, which she had seen aforetime and on which she had had faith, and she thought that it [sc. the Light] also was her helper and it was the same to which she had sung praises, thinking it was the Light in truth. But as indeed she had had faith in the Light which belongeth to the Treasury in truth,"/>
		<feat xlink:href="#sSpan4682" value="therefore will she be led up out of the chaos and her repentance will be accepted from her. But the commandment of the First Mystery was not yet accomplished to accept her repentance from her. But hearken now in order that I may tell you all things which befell Pistis Sophia."/>
		<feat xlink:href="#sSpan4898" value="“It came to pass, when I had led her unto a somewhat spacious region in the chaos,”"/>
		<feat xlink:href="#sSpan4964" value="that the emanations of Self-willed ceased entirely to oppress her, thinking that she would be led up out of the chaos altogether. It came to pass then, when | the emanations of Self-willed had noticed that Pistis Sophia had not been led up out the chaos,"/>
		<feat xlink:href="#sSpan5148" value="that they turned about again all together, oppressing her vehemently. Because of this then she uttered the eighth repentance, because they had not ceased to oppress her, and had turned about to oppress her to the utmost."/>
		<feat xlink:href="#sSpan5327" value="“She uttered this repentance, saying thus: 1. On thee, O Light, have I hoped. Leave me not in the chaos; deliver me and save me according to thy gnosis.”"/>
		<feat xlink:href="#sSpan5456" value="“2. Give heed unto me and save me. Be unto me a saviour, O Light, and save me and lead me unto thy light. “3. For thou art my saviour and wilt lead me unto thee. And because of the mystery of thy name lead me and give me thy mystery. “4. And thou wilt save me from this lion-faced power, which they have laid as a snare for me, for thou art my saviour. 5. And in thy hands will I lay the purification of my light; thou hast saved me, O Light, according to thy gnosis. 6. Thou art become wroth with them who keep watch over me and will not be able to lay hold of me utterly.”"/>
		<feat xlink:href="#sSpan5886" value="“But I have had faith in the Light. 7. I will rejoice and will sing praises that thou hast had mercy upon me and hast heeded and saved me from the oppression in which I was. And thou wilt set free my power out of the chaos. 8. And thou hast not left me in the hand of the lion-faced power; but thou hast led me into a region which is not oppressed.”"/>
		<feat xlink:href="#sSpan6148" value="“When then Jesus had said this unto his disciples, he answered again and said unto them: It came to pass then, when the lion-faced power had noticed that Pistis Sophia had not been led up altogether out of the chaos,”"/>
		<feat xlink:href="#sSpan6310" value="| that it came again with all the other material emanations of Self-willed, and they oppressed Pistis Sophia again."/>
		<feat xlink:href="#sSpan6399" value="“It came to pass then, when they oppressed her, that she cried out in the same repentance, saying: 9. Have mercy upon me, O Light, for they have oppressed me again.”"/>
		<feat xlink:href="#sSpan6530" value="“Because of thy commandment, the light in me is distracted and my power and my understanding. “10. My power hath begun to wane whiles I am in these afflictions, and the number of my time whiles I am in the chaos. My light is diminished, for they have taken away my power from me, and all the powers in me are tossed about. “11. I am become powerless in the presence of all the rulers of the æons, who hate me, and in the presence of the four-and-twenty emanations, in whose region I was. And my brother, my pair, was afraid to help me, because of that in which they have set me. 12. And all the rulers of the height have counted me as matter in which is no light. I am become as a material power which hath fallen out of the rulers, 13. And all who are in the æons said: She hath become chaos. And thereafter all the pitiless powers encompassed me together and proposed to take away the whole light in me.”"/>
		<feat xlink:href="#sSpan7291" value="“14. But I have trusted in thee, O Light, and said: Thou art my saviour. 15. And my commandment, which thou hast decreed for me, is in thy hands.”"/>
		<feat xlink:href="#sSpan7420" value="“Save me out of the hands of the emanations of Self-willed, which oppress me and persecute me. “16. Send thy light over me, for I am as naught before thee, | and save me according to thy compassion. 17. Let me not be despised, for I have sung praises unto thee, O Light. Let chaos cover the emanations of Self-willed, let them be led down into the darkness. 18. Let the mouth of them be shut up, who would devour me with guile, who say: Let us take the whole light in her,--although I have done them no ill.”"/>
		<feat xlink:href="#sSpan7820" value="And when Jesus had spoken this,"/>
		<feat xlink:href="#sSpan7856" value="“Matthew came forward and said: “My Lord, thy spirit hath stirred me and thy light hath made me sober to proclaim this eighth repentance of Pistis Sophia. For thy power hath prophesied thereof aforetime through David in the thirtieth Psalm, saying: “1. On thee, O Lord, have I hoped. Let me never be put to shame; save me according to thy righteousness. “2. Incline thine ear unto me, save me quickly. Be thou unto me a protecting God and a house of refuge to save me. “3. For thou art my support and my refuge; for thy name's sake thou wilt guide me and feed me. “4. And thou wilt draw me out of this snare, which they have laid privily for me; for thou art my protection. “5. Into thy hands I will render my spirit; thou hast redeemed me, O Lord, God of Truth. “6. Thou hast hated them who hold to vain emptiness; but I have trusted. “7. And I shall rejoice because of my Lord and make merry over thy grace. For thou hast looked down upon my humbleness and saved my soul out of my necessities. “8. And thou hast not shut me up in the hands of my foes; thou hast set my feet on a broad space. “9. Be gracious unto me, O Lord, for I am afflicted; my eye is distracted in the wrath and my soul and my body. “10. For my years have wasted away in sadness and my life is wasted in sighing. My power is enfeebled in misery and my bones are distracted. “11. I am become a mockery for all my foes and my neighbours. | I am become a fright for my acquaintances, and they who saw me, are fled away from me. 12. I am forgotten in their heart as a corpse, and I have become as a ruined vessel. 13. For I have heard the scorn of many who encompass me round about. Massing themselves together against me, they took counsel to take away my soul from me.”"/>
		<feat xlink:href="#sSpan9341" value="“14. But I have trusted in thee, O Lord. I said: Thou art my God. “15. My lots are in thy hands. Save me from the hand of my foes and free me from my persecutors. “16. Reveal thy face over thy slave, and free me according to thy grace, O Lord. 17. Let me not be put to shame, for I have cried unto, thee. Let the impious be put to shame and turn towards hell. 18. Let the crafty lips be struck dumb, which allege iniquity against the righteous in pride and scorn.”"/>
		<feat xlink:href="#sSpan9746" value="“And when Jesus had heard these words, he said: Finely [said], Matthew. Now, therefore, amēn, I say unto | you: When the perfect number is completed”"/>
		<feat xlink:href="#sSpan9881" value="“and the universe is raised hence, I will take my seat in the Treasury of the Light, and ye yourselves will sit on twelve light-powers, until we have restored all the orders of the twelve saviours to the region of the inheritances of every one of them.”"/>
		<feat xlink:href="#sSpan10084" value="“And when he had said this, he said: Understand ye what I say?” Mary came forward and said: “O Lord,”"/>
		<feat xlink:href="#sSpan10207" value="concerning this matter thou hast said to us aforetime in similitude: 'Ye have awaited with me in the trials,"/>
		<feat xlink:href="#sSpan10300" value="and I will bequeath unto you a kingdom, as my Father hath bequeathed it unto me, that ye may eat and drink at my table in my kingdom;"/>
		<feat xlink:href="#sSpan10415" value="“and ye shall sit on twelve thrones and judge the twelve tribes of Israel.”"/>
		<feat xlink:href="#sSpan10502" value="“He said unto her: Well said, Mary.” Jesus continued again and said unto his disciples: “It came to pass then thereafter, when the emanations of Self-willed oppressed Pistis Sophia in the chaos,”"/>
		<feat xlink:href="#sSpan10673" value="“that she uttered the ninth repentance, saying: “1. O Light, smite down them who have taken away my power from me, and take away the power from them who have taken away mine from me. 2. For I am thy power and thy light. | Come and save me. 3. Let great darkness cover my oppressors.”"/>
		<feat xlink:href="#sSpan10921" value="“Say unto my power: I am he who will save thee. “4. Let all those who would take away my light from me utterly, lack their power. Let them face about unto the chaos and become powerless, who would take away my light from me utterly. “5. Let their power be as dust, and let Yew, thy angel, smite them. “6. And if they would go into the height, let darkness seize upon them and let them slip down and turn to the chaos. And let thy angel Yew pursue them and cast them down into the darkness below. “7. For they have set a lion-faced power as a trap for me, although I have done them no ill, from which its light will be taken; and they have oppressed the power in me, which they will not be able to take away. “8. Now, therefore, O Light, take away the purification from the lion-faced power without its knowing it,--the thought which Self-willed hath thought, to take away my light; take away his own and let the light be taken away from the lion-faced power, which set the trap for me. “9. But my power will exult in the Light and rejoice that he will save it. 10. And all the portions of my power shall say: There is no saviour but thee. For thou wilt save me out of the hand of the lion-faced power, which hath taken away my power from me, and thou savest me out of the hands of them who have taken away my power and my light from me. 11. For they have risen up against me, lying against me and saying | that I know the mystery of the Light which is in the height, [the Light] in which I have had faith. And they have constrained me, [saying:] Tell unto us the mystery of the Light in the height,”"/>
		<feat xlink:href="#sSpan12201" value="“--that which I know not. “12. And they have requited me with all this ill because I have had faith in the Light of the height; and they have made my power lightless. 13. But when they constrained me, I sat in the darkness, my soul bowed down in mourning. 14. And do thou, O Light--for that reason sing I praise to thee--save me. I know that thou wilt save me because I fulfilled thy will ever since I was in my æon.”"/>
		<feat xlink:href="#sSpan12558" value="“I fulfilled thy will, as the invisibles who are in my region, and as my pair. And I mourned, looking unceasingly and searching for the Light. 15. Now, therefore, have all the emanations of Self-willed surrounded me”"/>
		<feat xlink:href="#sSpan12750" value="“and rejoiced over me and sore oppressed me without my knowing [them]. And they have fled away and ceased from me but have had no pity upon me. 16. They have returned again and made trial of me and they have oppressed me in great oppression”"/>
		<feat xlink:href="#sSpan12949" value="“and ground their teeth against me, desiring to take away my light from me utterly. 17. How long, therefore, O Light, dost thou suffer them, that they oppress me?”"/>
		<feat xlink:href="#sSpan13074" value="“Save my power from their evil thoughts and save me from the hand of the lion-faced power; for I alone of the invisibles am in this region. 18. I will sing praises unto thee, O Light, | in the midst of all who are gathered together against me, and I will cry unto thee in the midst of all who oppress me.”"/>
		<feat xlink:href="#sSpan13335" value="“19. Now, therefore, O Light, let not them who hate me and desire to take away my power from me, rejoice over me--who hate me and flash their eyes against me, though I have not done anything unto them. 20. For indeed they have fawned upon me with sweet words, asking me concerning the mysteries of the Light which I know not, and have craftily spoken against me and been enraged against me, because I have had faith in the Light in the height.”"/>
		<feat xlink:href="#sSpan13706" value="“21. They have opened their chops against me”"/>
		<feat xlink:href="#sSpan13740" value="“and said.: Well indeed, we will take from her her light. “22. Now, therefore, O Light, thou hast known their guile; suffer them not and let not thy help be far from me. “23. Quickly, O Light, vindicate and avenge me, “24. And give judgment on me according to thy goodness. Now, therefore, O Light of lights, let them not take away my light from me, “25. And let them not say in their heart: Our power is glutted with her light. And let them not say: We have consumed her power. “26. But rather let darkness come upon them, and let those who long to take away my light from me, become powerless, and let them be clothed with chaos and darkness, who say there: We will take away her light and her power. 27. Now, therefore, save me that I may rejoice, for I long for the thirteenth æon, the region of Righteousness, and | I shall say ever-more: May the light of thy angel Yew shine more and more. 28. And my tongue will sing praises to thee in thy gnosis my whole time in the thirteenth æon.”"/>
		<feat xlink:href="#sSpan14490" value="“It came to pass, when Jesus had finished saying these words unto his disciples, that he said unto them: Who is sober among you, let him proclaim their solution.”"/>
		<feat xlink:href="#sSpan14605" value="“James came forward, kissed the breast of Jesus and said: “My Lord, thy spirit hath sobered me, and I am ready to proclaim their solution. Concerning them indeed thy power hath prophesied aforetime through David in the thirty-fourth Psalm, saying thus concerning the ninth repentance of Pistis Sophia: “1. Give sentence, O Lord, on them who do me injustice, and fight against them who fight against me. 2. Lay hand on weapon and shield and stand up to help me. 3. Draw forth a sword and conceal it [sic] from my oppressors.”"/>
		<feat xlink:href="#sSpan15083" value="“Say unto my soul: I am thy salvation. 4. Let them be put to shame and abashed who strive after my soul;”"/>
		<feat xlink:href="#sSpan15168" value="“let them fall back and be put to shame who imagine evil against me. “5. Let them be as chaff | before the wind, and let the angel of the Lord pursue after them. 6. Let their way be darkness and slippery, and let the angel of the Lord oppress them. 7. For without cause have they hid a snare for me for their own spoiling, and they have mocked at my soul in vain.”"/>
		<feat xlink:href="#sSpan15512" value="“8. Let a snare come upon them which they know not, and let the net which they have hid for me, catch them, and let them fall into this snare. 9. But my soul will exult in the Lord and rejoice in its salvation.”"/>
		<feat xlink:href="#sSpan15709" value="“10. All my bones shall say: O Lord, who can be like unto thee?--thou who settest free the wretched from the hand | of him who is stronger than him; and thou savest a wretched and poor [one] from the hands of them who spoil him. 11. Unjust witnesses came forward and have asked me that which I knew not. 12. They have requited me evil for good and childlessness for my soul.”"/>
		<feat xlink:href="#sSpan16047" value="“13. But when they molested me, I clothed me in a sack and humbled my soul with fasting, and my prayer will return into my breast. 14. I was pleasing unto thee, as unto my neighbour and as unto my brother; and I humbled myself as one in mourning and as one who is sad. 15. They have rejoiced over me, and they are put to shame. Scourges have gathered themselves together against me and I knew not; they were cut off and were troubled.”"/>
		<feat xlink:href="#sSpan16430" value="“16. They have brought me to trial and mocked me with mocking;”"/>
		<feat xlink:href="#sSpan16485" value="“they have ground | their teeth against me. 17. O Lord, when wilt thou look upon me? Restore again my soul from their evil works and save my only one from the hands of the lions. 18. I will confess to thee, O Lord, in the great assembly, and I will sing praises to thee in the midst of a countless people.”"/>
		<feat xlink:href="#sSpan16758" value="“19. Let not them who unjustly treat me as a foe, rejoice over me,”"/>
		<feat xlink:href="#sSpan16823" value="“who hate me without a cause and wink with their eyes. 20. For indeed they discourse with me with words of peace, though they plot wrath with craft.”"/>
		<feat xlink:href="#sSpan16974" value="“21. They opened their chops wide against me and said: Well indeed, our eyes have filled our sight with him. 22. Thou hast seen, O Lord. Keep not silence, O Lord, withdraw not thyself from me. 23. Arise, O Lord, |”"/></featList></paula>