<?xml version='1.0' encoding='UTF-8'?><!DOCTYPE paula SYSTEM "paula_feat.dtd">
<paula version="1.1">
	<header paula_id="scriptorium.pistis.sophia_book_1_part6.mark_note"/>
	<featList xmlns:xlink="http://www.w3.org/1999/xlink" type="note" xml:base="scriptorium.pistis.sophia_book_1_part6.mark.xml">
		<feat xlink:href="#sSpan1497" value="In Cod. Tatt. cf. b. Schw. l. l. p. 79. legitur ϩⲩⲡⲟⲙⲟⲛⲏ pro ϩⲩⲡⲟⲙⲓⲛⲉ P."/>
		<feat xlink:href="#sSpan1535" value="Ibidem ⲁⲛⲟⲙⲉⲓ̅ pro ⲁⲛⲟⲙⲓ P."/>
		<feat xlink:href="#sSpan1587" value="Ib. ⲙⲁ ⲧⲥⲁⲃⲟⲓ̅ pro ⲧⲥⲁⲃⲟⲓ̈ P."/>
		<feat xlink:href="#sSpan1629" value="Ibidem ϫⲓ̈ ⲙⲟⲉⲓⲧ ϩⲏⲧ ϩⲛ̅ ⲧⲉⲕⲙⲉ pro ϫⲓ ⲙⲟⲉⲓⲧ ϩⲏⲧ ϩⲓ ⲧⲉ ϩⲓⲏ ⲛ̅ ⲧⲉⲕⲙⲉ P."/>
		<feat xlink:href="#sSpan1674" value="Ibid. ϫⲉ ⲛ̅ⲧⲟⲕ ⲡⲉ ⲡⲛⲟⲩⲧⲉ ⲡⲁⲥⲱⲧⲏⲣ. ⲁⲩⲱ ϯⲛⲁϩⲩⲡⲟⲙⲓⲛⲉ pro ϫⲉ ⲛ̅ⲧⲟⲕ ⲡⲁⲛⲟⲩⲧⲉ ⲡⲁⲥⲱⲧⲏⲣ. ϯⲛⲁϩⲩⲡⲟⲙⲓⲛⲉ P."/>
		<feat xlink:href="#sSpan1761" value="Ib. ⲛ̅ⲛⲉⲕⲙⲛ̅ⲧϣⲛ‐ϩⲧⲏϥ pro ⲛ̅ ⲛⲉⲕⲙⲛ̅ⲧϣⲁⲛ‐ϩⲧⲏϥ P."/>
		<feat xlink:href="#sSpan1884" value="Ibid. rectius ⲛ̅ⲧⲟⲕ pro ⲛ̅ⲧⲟϥ, quod videtur esse mendum librarii P."/>
		<feat xlink:href="#sSpan1925" value="Ib. ⲧⲉⲕⲙⲛ̅ⲧⲭⲣⲏⲥⲧⲟⲥ pro ⲧⲉⲕⲙ̅ⲛ̅ⲧ̅ⲭ̅ⲣ̅ⲥ̅, et ⲭⲣⲏⲥⲧⲟⲥ pro ⲭ̅ⲣ̅ⲥ̅ P."/>
		<feat xlink:href="#sSpan2055" value="Ibid. ϥⲛⲁⲧⲥⲁⲃⲉ ⲛ̅ ⲛ̅ ⲣⲙ̅‐ⲣⲁϣ pro ϥⲛⲁⲧⲥⲁⲃⲉ ⲛ̅ ⲣⲙ̅‐ⲣⲁϣ P."/>
		<feat xlink:href="#sSpan2145" value="ⲛⲉⲧ ϣⲓⲛⲉ. Sic in Ms. pro ⲛ̅ ⲛⲉⲧ ϣⲓⲛⲉ, ut in Cod. Tatt., qui ⲛ̅ ⲛⲉⲧ ϣⲓ̈ⲛⲉ exhibet P."/>
		<feat xlink:href="#sSpan2228" value="Duae aut tres literae deficiunt. Graec. γαρ et loci spatium desiderari iubent ϫⲉ. S. Confirmat hauc coniecturam Codex Tatt., in quo legitur ϫⲉ, ac porro: ϥⲟϣ ⲅⲁⲣ ⲛⲓ̈ⲙ pro ⲉϥⲟϣ ⲉⲙⲁⲧⲉ ⲛⲓⲙ P."/>
		<feat xlink:href="#sSpan2275" value="Ibid. ⲛ̅ⲧ ⲁϥⲟⲩⲁϣⲥ̅ pro ⲉⲛⲧ ⲁϥⲟⲩⲁϣⲥ̅ P."/>
		<feat xlink:href="#sSpan2323" value="Ibid. deest ⲁⲩⲱ ante ⲡⲉϥⲥⲡⲉⲣⲙⲁ P."/>
		<feat xlink:href="#sSpan2375" value="Ibid. ⲛⲁⲕⲗⲏⲣⲟⲛⲟⲙⲉⲓ pro ⲛⲁⲕⲗⲏⲣⲟⲛⲟⲙⲓ P."/>
		<feat xlink:href="#sSpan2463" value="Ib. additum est ⲁⲩⲱ ante ⲉ ⲧⲁⲙⲟⲟⲩ P."/>
		<feat xlink:href="#sSpan2511" value="Ib. ⲉⲓ̈ⲟ̅ⲣⲙ̅ ⲛ̅ ⲟⲩⲟⲉⲓ̈ϣ ⲛⲓⲙ ⲉ ⲡϫⲟⲉⲓ̈ⲥ pro ⲉⲓⲟⲣⲙ̅ ⲉ ⲡϫⲟⲉⲓⲥ ⲛ̅ ⲟⲩⲟⲉⲓϣ ⲛⲓⲙ P."/>
		<feat xlink:href="#sSpan2553" value="Ibid. ⲉⲃⲟⲗ ϩⲙ̅ ⲡⲁϣ pro ⲉⲃⲟⲗ ϩⲙ̅ ⲡ̅ⲡⲁϣ P."/>
		<feat xlink:href="#sSpan2639" value="Ibid. additum ⲁⲩⲱ ante alterum ⲁⲛⲅ̅ P."/>
		<feat xlink:href="#sSpan2909" value="Ibid. ⲛ̅ ⲃⲁⲗϩⲏⲧ pro ⲃ̅ ⲃⲁⲗϩⲏⲧ P."/>
		<feat xlink:href="#sSpan2956" value="Ibid. ⲁⲩⲧⲟϭⲟⲩ pro ⲛⲁⲩⲧⲟϭⲟⲩ P. Ibid. ⲁⲓ̈ϩⲩⲡⲟⲙⲓⲛ pro ⲁⲓ̅ϩⲩⲡⲟⲙⲓⲛⲉ P."/>
		<feat xlink:href="#sSpan2997" value="Ibid. ⲥⲉⲧ ⲡⲓⲥⲣⲁⲏⲗ pro ⲥⲱⲧ ⲙ̅ ⲡⲓ̅ⲥ̅ⲗ̅ P."/>
		<feat xlink:href="#sSpan3159" value="Scriptum in Ms. ⲛ̅ⲧⲡⲓⲥⲓⲥⲧⲓⲥ Rev."/>
		<feat xlink:href="#sSpan3539" value="ⲛⲉⲧ ⲛⲁⲛⲁⲩ scriptum videtur pro ⲛⲉⲧⲉⲧⲛⲁⲛⲁⲩ P."/>
		<feat xlink:href="#sSpan3668" value="Sic scriptum in Ms. pro ⲁⲩⲱ ϫⲓⲛ."/>
		<feat xlink:href="#sSpan8118" value="In Cod. Tatt. cf. b. Schw. l. l. p. 80. legitur ϣⲁ ⲉⲛⲉϩ pro ⲛ̅ ϣⲁ ⲉⲛⲉϩ, et ⲛⲁϩⲙⲉⲧ ⲛⲅ̅ⲧⲟⲩϫⲟⲓ̈ pro ⲙⲁ ⲧⲟⲩϫⲟⲓ̈ P."/>
		<feat xlink:href="#sSpan8159" value="Ibidem ⲛⲅ̅ϭⲉⲡⲏ ⲉ ⲧⲟⲩϫⲟⲓ̈ pro ϭⲉⲡⲏ ⲛⲅ̅ⲧⲟⲩϫⲟⲓ̈ P."/>
		<feat xlink:href="#sSpan8197" value="Ibid. ⲁⲩⲱ ⲉⲩ ⲏⲓ̈ pro ⲟⲩ ⲏⲓ̈ P."/>
		<feat xlink:href="#sSpan8291" value="Ibid. desunt verba: ⲉⲧⲃⲉ ⲡⲉⲕⲣⲁⲛ ⲕⲛⲁϫⲓ ⲙⲟⲉⲓⲧ ϩⲏⲧ P."/>
		<feat xlink:href="#sSpan8337" value="Ib. deest ⲁⲩⲱ ante ⲕⲛⲁⲛ̅ⲧ P. Ibid. ⲉⲃⲟⲗ ϩⲛ̅ ⲧⲉⲓ̈ ϭⲟⲣϭ̅ⲥ ⲛ̅ⲧ ⲁⲩϩⲟⲡⲥ̅ pro ⲉⲃⲟⲗ ϩⲙ̅ ⲡⲉⲓ̈ ⲡⲁϣ. ⲡⲁⲓ̈ ⲉⲛⲧ ⲁⲩϩⲟⲡϥ̅ P."/>
		<feat xlink:href="#sSpan8425" value="ⲧⲁⲛⲁϣⲧⲉ. Sic in Ms. pro ⲡⲁⲛⲁϣⲧⲉ."/>
		<feat xlink:href="#sSpan8475" value="In Cod. Tatt. legitur ⲁⲕⲥⲱⲧⲉ ⲙ̅ⲙⲟⲓ̈ pro ⲁⲕⲥⲟⲧⲧ̅ P."/>
		<feat xlink:href="#sSpan8528" value="Ibid. ⲁⲛⲟⲕ ⲇⲉ ⲁⲓ̈ⲕⲁ ϩⲧⲏⲓ̈ ⲉ ⲡϫⲟⲉⲓⲥ. ϯⲛⲁⲧⲉⲗⲏⲗ ⲧⲁⲉⲩⲫⲣⲁⲛⲉ ⲉϫⲙ̅ ⲡⲉⲕⲛⲁ ϫⲉ ⲛ̅ⲧⲟⲕ ⲁⲕϭⲱϣⲧ̅ ⲡⲁⲑⲃ̅ⲃⲉⲓⲟ pro ⲁⲛⲟⲕ ⲇⲉ ⲁⲓ̈ⲛⲁϩⲧⲉ ⲁⲩⲱ ϯⲛⲁⲧⲉⲗⲏⲗ ⲉϫⲙ̅ ⲡϫⲟⲉⲓⲥ ⲁⲩⲱ ϯⲛⲁⲉⲩⲫⲣⲁⲛⲉ ⲉϫⲙ̅ ⲡⲉⲕⲛⲁ̅· ϫⲉ ⲁⲕϭⲱϣⲧ̅ ⲉϫⲙ̅ ⲡⲁⲑⲃ̅ⲃⲓⲟ P."/>
		<feat xlink:href="#sSpan8695" value="ⲉ ⲣⲱⲓ̈. Sic in Ms. pro ⲉ ⲣⲟⲓ̈ vel ⲛ̅ ⲣⲱⲓ̈ S. In Cod. Tatt. minus accurate legitur: ⲙ̅ⲡⲕ̅ⲧⲁⲁⲧ ⲉ ⲧⲟⲟⲧϥ̅ ⲙ̅ ⲡϫⲁϫⲉ pro ⲙ̅ⲡⲕ̅ϣⲧⲁⲙ ⲉ ⲣⲱⲓ̈ ϩⲛ̅ ⲛ̅ ϭⲓϫ ⲙ̅ ⲡϫⲁϫⲉ P."/>
		<feat xlink:href="#sSpan8741" value="Ibidem ϩⲛ̅ ⲟⲩⲉⲥⲧⲛ̅ pro ϩⲛ̅ ⲟⲩ ⲟⲩⲟⲥⲧⲛ̅ P."/>
		<feat xlink:href="#sSpan8827" value="Ibid. ⲁ ⲛⲁⲁϩⲉ ⲱϫⲛ̅ ϩⲛ̅ ⲟⲩ ⲙ̅ⲕⲁϩ ⲛ̅ ϩⲏⲧ ⲁⲩⲱ ⲛⲁⲣⲙ̅ⲡⲟⲟⲩⲉ ϩⲛ̅ ϩⲉⲛ ⲁϣⲁϩⲟⲙ pro ⲁ ⲛⲁⲣⲙ̅ⲡⲟⲟⲩⲉ ⲱϫⲛ̅ ϩⲛ̅ ⲟⲩ ⲙ̅ⲕⲁϩ ⲛ̅ ϩⲏⲧ· ⲁⲩⲱ ⲁ ⲡⲁⲱⲛϩ̅ ⲱϫⲛ̅ ϩⲛ̅ ϩⲉⲛ ⲁϣⲁϩⲟⲙ P."/>
		<feat xlink:href="#sSpan8989" value="Ibid. ⲡⲁⲣⲁ ⲛⲁϫⲁϫⲉ pro ⲛ̅ ⲛⲁϫⲁϫⲉ. P. Ibid. ⲁⲩⲱ ⲛ̅ ⲛⲉⲧ ϩⲓⲧⲟⲩⲱⲓ̈ ⲉⲙⲁⲧⲉ ⲁⲩⲱ ⲛ̅ ϩⲟⲧⲉ ⲛ̅ ⲛⲉⲧ ⲥⲟⲟⲩⲛ ⲙ̅ⲙⲟⲓ̈. ⲡⲉⲧ ⲛⲁⲩ ⲉ ⲣⲟⲓ̈ ⲁⲩⲟⲩⲉ ⲛ̅ ⲥⲁ‐ⲃⲟⲗ ⲙ̅ⲙⲟⲓ̈ ϫⲉ ⲁⲩⲣ̅ ⲡⲁⲱⲃϣ̅ ϩⲛ̅ ⲛⲉⲩϩⲏⲧ ⲛ̅ ⲑⲉ ⲛ̅ ⲛⲓ ⲕⲱⲱⲥ ⲁⲓ̈ⲣ̅ ⲑⲉ ⲛ̅ ⲟⲩ ϩⲛⲁⲁⲩ pro ⲁⲩⲱ ⲛ̅ ⲛⲉⲧ ϩⲏⲛ ⲉ ⲣⲟⲓ̈. ⲁⲓ̈ϣⲱⲡⲉ ⲛ̅ ϩⲟⲧⲉ ⲛ̅ ⲛⲉⲧ ⲥⲟⲟⲩⲛ ⲙ̅ⲙⲟⲓ̈. ⲁⲩⲱ ⲛⲉⲧ ⲛⲁⲩ ⲉ ⲣⲟⲓ̈ ⲁⲩⲡⲱⲧ ⲛ̅ ⲥⲁ‐ⲃⲟⲗ ⲙ̅ⲙⲟⲓ̈. ⲁⲩⲣ̅ ⲡⲁⲱⲃϣ̅ ⲛ̅ ⲑⲉ ⲛ̅ ⲟⲩ ⲕⲱⲱⲥ ϩⲙ̅ ⲡⲉⲩϩⲏⲧ· ⲁⲩⲱ ⲁⲓ̈ⲣ̅ ⲑⲉ ⲛ̅ ⲟⲩ ⲥⲕⲉⲩⲟⲥ P."/>
		<feat xlink:href="#sSpan9180" value="Ibid. ⲉ ⲡⲥⲱϣϥ̅ ⲛ̅ ϩⲁϩ ⲉⲩⲟⲩⲏϩ ϩⲙ̅ ⲡⲁⲕⲱⲧⲉ ϩⲙ̅ ⲡⲧⲣⲉⲩ ⲥⲱⲟⲩϩ ϩⲓ ⲟⲩ ⲥⲟⲡ ⲉ ⲣⲟⲓ̈ — ⲉ ϫⲓ ⲛ̅ ⲧⲁⲯⲩⲭⲏ. ⲁⲛⲟⲕ ⲇⲉ ⲁⲓ̈ⲕⲁ ϩⲧⲏⲓ̈ ⲉ ⲣⲟⲕ pro ⲉ ⲡⲥⲱϣ ⲛ̅ ϩⲉⲛ ⲙⲏⲏϣⲉ ⲉⲩⲕⲱⲧⲉ ⲉ ⲣⲟⲓ̈ ⲙ̅ ⲡⲁⲕⲱⲧⲉ· ϩⲙ̅ ⲡⲧⲣⲉⲩ ⲥⲱⲟⲩϩ ⲉ ϩⲣⲁⲓ̈ ⲉ ϫⲱⲓ̈ ϩⲓ ⲟⲩ ⲥⲟⲡ — ⲉ ϥⲓ ⲧⲁⲯⲩⲭⲏ ⲛ̅ ⲧⲟⲟⲧ· ⲁⲛⲟⲕ ⲇⲉ ⲁⲓ̈ⲛⲁϩⲧⲉ ⲉ ⲣⲟⲕ P."/>
		<feat xlink:href="#sSpan9414" value="Ibid. ⲙⲁ ⲧⲟⲩϫⲟⲓ̅ ⲉ ⲧϭⲓϫ ⲛ̅ ⲛⲁϫⲁϫⲉ ⲙⲛ̅ ⲛⲉⲧ ⲡⲏⲧ ⲛ̅ ⲥⲱⲓ̈. ⲟⲩⲉⲛϩ̅ ⲡⲉⲕϩⲟ ⲉⲃⲟⲗ ⲉϫⲙ̅ ⲡⲉⲕϩⲙ̅ϩⲁⲗ ⲙⲁ ⲧⲟⲩϫⲟⲓ̈ ϩⲙ̅ ⲡⲉⲕⲛⲁ ⲡϫⲟⲉⲓⲥ pro ⲛⲁϩⲙⲉⲧ ⲉ ⲧϭⲓϫ ⲛ̅ ⲛⲁϫⲁϫⲉ· ⲁⲩⲱ ⲧⲟⲩϫⲟⲓ̈ ⲉ ⲛⲉⲧ ⲡⲏⲧ ⲛ̅ ⲥⲱⲓ̈· ⲟⲩⲱⲛϩ̅ ⲡⲉⲕϩⲟ ⲉ ϩⲣⲁⲓ̈ ⲉϫⲙ̅ ⲡⲉⲕϩⲙ̅ϩⲁⲗ· ⲁⲩⲱ ⲧⲟⲩϫⲟⲓ̈ ϩⲙ̅ ⲡⲉⲕⲛⲁ ⲡϫⲟⲓ̈ⲥ P."/>
		<feat xlink:href="#sSpan9583" value="Ibid. ⲉⲩⲉϫⲓ ϣⲓⲡⲉ ⲛ̅ϭⲓ ⲛ̅ ⲁⲥⲉⲃⲏⲥ· ⲁⲩⲱ ⲛ̅ⲥⲉϫⲓⲧⲟⲩ ⲉ ⲁⲙⲛ̅ⲧⲉ pro ⲙⲁⲣⲟⲩ ϫⲓ ϣⲓⲡⲉ ⲛ̅ϭⲓ ⲛ̅ ⲁⲥⲉⲃⲏⲥ· ⲁⲩⲱ ⲛ̅ⲥⲉⲕⲟⲧⲟⲩ ⲉ ⲁⲙⲛ̅ⲧⲉ P."/>
		<feat xlink:href="#sSpan9666" value="Ibid. ⲛⲉⲧ ϫⲱ ⲛ̅ ⲟⲩ ⲁⲛⲟⲙⲓⲁ ⲉϩⲟⲩⲛ ⲉ ⲡⲇⲓⲕⲁⲓⲟⲥ pro ⲛⲉⲧ ⲧⲁⲩⲟ ⲛ̅ ⲟⲩ ⲁⲛⲟⲙⲓⲁ ⲛ̅ ⲥⲁ ⲡⲇⲓⲕⲁⲓⲟⲥ P."/>
		<feat xlink:href="#sSpan9830" value="ⲙⲟⲥ. Sic in Ms. pro ⲙ̅ⲙⲟⲥ."/>
		<feat xlink:href="#sSpan10253" value="cf. Ev. Luc. 22, 28-30 P."/>
		<feat xlink:href="#sSpan10444" value="ⲧⲙ̅ⲛ̅ⲧ̅ⲥⲛⲟⲟⲩⲥ. Sic in Ms. pro ⲧⲙ̅ⲛ̅ⲧ̅ⲥⲛⲟⲟⲩⲥⲉ."/>
		<feat xlink:href="#sSpan12144" value="ⲙ̅ ⲙ̅ ⲙⲩⲥⲧⲏⲣⲓⲟⲛ. Sic in Ms. pro ⲡ̅ ⲙ̅ ⲙⲩⲥⲧⲏⲣⲓⲟⲛ."/>
		<feat xlink:href="#sSpan13639" value="ⲉⲩϭⲟⲛⲧ̅. Sic in Ms. pro ⲉⲩϭⲱⲛⲧ̅, sicuti alias semper scriptum est in hoc Cod."/>
		<feat xlink:href="#sSpan14627" value="ⲉⲣⲛ̅ ⲧⲙⲉⲥⲧ̅ⲛ̅ϩⲏⲧ. Sic in Ms. pro ⲉ ⲧⲙⲉⲥⲧⲛ̅ϩⲏⲧ."/>
		<feat xlink:href="#sSpan14872" value="In Cod. Tatt. cf. b. Schw. l. l. p. 82. legitur male ϩⲁⲛⲓ ϫⲟⲉ̅ⲓⲥ pro ϯ ϩⲁⲡ ⲡϫⲟⲉ̅ⲓⲥ P."/>
		<feat xlink:href="#sSpan14997" value="Ibid. ⲡⲱϩⲧ̅ ⲛ̅ ⲟⲩ ⲥⲏϥⲉ ⲛⲅ̅ϩⲟϫⲛⲟⲩ pro ⲡⲱϩⲧ̅ ⲉⲃⲟⲗ ⲛ̅ ⲟⲩ ⲥⲏϥⲉ· ⲁⲩⲱ ⲛ̅ⲅϩⲟϫ̅ⲡ̅ⲥ̅ P."/>
		<feat xlink:href="#sSpan15099" value="Ib. ⲡⲟⲩⲥⲱⲧⲏⲣ pro ⲡⲟⲩⲟⲩϫⲁⲓ̈ P."/>
		<feat xlink:href="#sSpan15215" value="Ibid. ⲙⲁⲣⲟⲩ ϣⲱⲡⲉ ⲛ̅ ⲑⲉ ⲛ̅ ⲛⲉⲓ̈ ϣⲟⲉⲓϣ pro ⲙⲁⲣⲟⲩ ⲣ̅ ⲑⲉ ⲛ̅ ⲟⲩ ϣⲟⲉⲓϣ P."/>
		<feat xlink:href="#sSpan15263" value="ⲙ̅ ⲡⲉⲙ̅ⲧⲟ. Sic in Ms. P. S. pro ⲙ̅ ⲡⲉⲙⲧⲟ vel ⲙ̅ ⲡⲙ̅ⲧⲟ. In Cod Tatt. ⲙ̅ ⲡⲧⲏⲩ ⲉⲣⲉ ⲡⲁⲅⲅⲉⲗⲟⲥ ⲙ̅ ⲡϫⲟⲉⲓⲥ ⲑⲗⲓⲃⲉ ⲙ̅ⲙⲟⲟⲩ. ⲙⲁⲣⲉ ⲧⲉⲩϩⲓⲏ ⲣ̅ ⲕⲁⲕⲉ ⲁⲩⲱ ⲛⲉⲥⲥⲗⲁⲁⲧⲉ ⲛⲁⲩ ⲉⲣⲉ ⲡⲁⲅⲅⲉⲗⲟⲥ ⲙ̅ ⲡϫⲟⲉⲓⲥ ⲡⲏⲧ ⲛ̅ ⲥⲱⲟⲩ pro ⲛ̅ ⲟⲩ ⲧⲏⲩ· ⲁⲩⲱ ⲉⲣⲉ ⲡⲁⲅⲅⲉⲗⲟⲥ ⲙ̅ ⲡϫⲟⲉⲓⲥ ⲡⲏⲧ ⲛ̅ ⲥⲱⲟⲩ· ⲙⲁⲣⲉ ⲧⲉⲩϩⲓⲏ ϣϣⲡⲉ (sic in Ms. pro ϣⲱⲡⲉ) ⲛ̅ ⲕⲁⲕⲉ· ⲁⲩⲱ ⲛ̅ⲥⲥⲗⲁⲁⲧⲉ· ⲁⲩⲱ ⲉⲣⲉ ⲡⲁⲅⲅⲉⲗⲟⲥ ⲙ̅ ⲡϫⲟⲉⲓⲥ ⲑⲗⲓⲃⲉ ⲙ̅ⲙⲟⲟⲩ P."/>
		<feat xlink:href="#sSpan15309" value="Addenda et Corrigenda: ϣϣⲡⲉ scriptum in Cod. pro ϣⲱⲡⲉ. P."/>
		<feat xlink:href="#sSpan15394" value="Ibid. ⲛ̅ ⲟⲩ ϭⲟⲣϭⲥ̅ ⲉ ⲡϫⲓⲛϫⲏ ⲉ ⲡⲉⲩⲧⲁⲕⲟ ⲁⲩⲛⲟϭⲛⲉϭ ⲛ̅ ⲧⲁⲯⲩⲭⲏ ⲉ ⲡϫⲓⲛϫⲏ pro ⲛ̅ ⲟⲩ ⲡⲁϣ ⲙ̅ ⲡϫⲓⲛϫⲏ· ⲉ ⲡⲉⲩⲧⲁⲕⲟ ⲙⲁⲩⲁⲁⲩ. ⲁⲩⲱ ⲁⲩⲛⲉϭⲛⲉϭ ⲧⲁⲯⲩⲭⲏ ⲉ ⲡⲡⲉⲧ ϣⲟⲩⲉⲓⲧ P."/>
		<feat xlink:href="#sSpan15485" value="Ibid. ⲙⲁⲣⲉ ⲟⲩ ϭⲟⲣϭⲥ̅ ⲉⲓ̅ ⲛⲁⲩ ⲛ̅ ⲥⲉⲥⲟⲟⲩⲛ ⲙ̅ⲙⲟⲥ ⲁⲛ ⲁⲩⲱ ⲡⲡⲁϣ ⲛ̅ⲧ ⲁⲩϩⲟⲡϥ̅ ⲙⲁⲣⲉϥ ϭⲟⲡⲟⲩ ⲉ ϩⲣⲁⲓ̈ ϩⲛ̅ ⲧϭⲟⲣϭⲥ̅ ⲥⲉⲛⲁϩⲉ ⲉ ϩⲣⲁⲓ̈ ⲛ̅ ϩⲏⲧⲥ̅ pro ⲙⲁⲣⲉϥ ⲉⲓ̅ ⲛⲁⲩ ⲛ̅ϭⲓ ⲡ̅ⲡⲁϣ ⲉⲧⲉ ⲛ̅ ⲥⲉⲥⲟⲟⲩⲛ̅ ⲙ̅ⲙⲟϥ ⲁⲛ. ⲁⲩⲱ ⲙⲁⲣⲉⲥ ϭⲟⲡⲟⲩ ⲛ̅ϭⲓ ⲧϭⲟⲣⲥ̅ ⲉⲛⲧ ⲁⲩϩⲟⲡⲥ̅ ⲉ ⲣⲟⲓ̈· ⲁⲩⲱ ⲥⲉⲛⲁϩⲉ ⲉ ϩⲣⲁⲓ̈ ⲉ ⲡⲉⲓ̈ ⲡⲡⲁϣ P."/>
		<feat xlink:href="#sSpan15610" value="Ibid. ⲧⲁⲯⲩⲭⲏ ⲛ̅ⲧⲟⲥ pro ⲧⲁⲯⲩⲭⲏ P."/>
		<feat xlink:href="#sSpan15656" value="Ibid. ⲥⲛⲁⲟⲩⲡⲟϥ ⲉϫⲙ̅ ⲡⲉϥⲟⲩϫⲁⲓ̈ pro ⲥⲛⲁⲟⲩⲣⲟⲧ ⲉϫⲙ̅ ⲡⲉⲥⲟⲩϫⲁⲓ̈ P."/>
		<feat xlink:href="#sSpan15698" value="Ibid. corrupte: ⲛⲓⲙ ⲡⲉⲧ ⲛⲁϣⲉⲓⲛⲉ ⲙ̅ⲙⲟⲕ ⲡⲉⲧ ϫⲟⲟⲣ ⲉ ⲣⲟϥ ⲟⲩ ϩⲏⲕⲉ ⲙⲛ̅ ⲟⲩ ⲉⲃⲓⲏⲛⲉ ⲉⲃⲟⲗ ϩⲓⲧⲛ̅ ⲡⲉⲧ ⲧⲱⲣⲡ̅ ⲙ̅ⲙⲟϥ pro ⲛⲓⲙ ⲡⲉ ⲉⲧ ⲛⲁϣⲉⲓⲛⲉ ⲙ̅ⲙⲟⲕ· ⲉⲕⲧⲟⲩϫⲉ ⲙ̅ ⲫⲏⲕⲉ ⲉ ⲧϭⲓϫ ⲙ̅ ⲡⲉⲧ ϫⲟⲟⲣ ⲉ ⲣⲟϥ· ⲁⲩⲱ ⲉⲕⲛⲟⲩϩⲙ̅ ⲛ̅ ⲟⲩ ϩⲏⲕⲉ ⲙⲛ̅ ⲟⲩ ⲉⲃⲓⲏⲛ ⲛ̅ ⲧⲟⲟⲧⲟⲩ ⲛ̅ ⲛⲉⲧ ⲧⲱⲣⲡ̅ ⲙ̅ⲙⲟϥ P."/>
		<feat xlink:href="#sSpan15844" value="Ibid. ⲁⲩⲧⲱⲟⲩⲛ pro ⲁⲩⲧⲱⲟⲩⲛ̅ P."/>
		<feat xlink:href="#sSpan15889" value="Ibid. ⲁⲩϫⲱⲛⲟⲩⲓ̈ (l. ⲁⲩϫⲛⲟⲩⲓ̈) pro ⲁⲩϣⲛ̅ⲧ P."/>
		<feat xlink:href="#sSpan16025" value="Ibid. ϩⲙ̅ ⲡⲧⲣⲉⲩ ⲉⲛⲟⲭⲗⲉⲓ ⲛⲁⲓ̈ pro ⲛ̅ⲧⲉⲣⲟⲩⲉⲛⲱⲭⲗⲓ ⲛⲁⲓ̈ P."/>
		<feat xlink:href="#sSpan16062" value="Ibid. ⲛⲉⲓ̈ⲑⲃ̅ⲃⲉⲓ̅ (sic) ⲛ̅ ⲧⲁⲯⲩⲭⲏ pro ⲁⲓ̈ⲑⲃ̅ⲃⲓⲉ ⲧⲁⲯⲩⲭⲏ P."/>
		<feat xlink:href="#sSpan16114" value="Ibid. ⲁⲩⲱ ⲡⲁϣⲗⲏⲗ ⲛⲁⲕⲟⲧϥ̅ ⲉ ϩⲣⲁⲓ̈ ⲉ ⲕⲟⲩⲛⲧ̅ pro ⲉⲣⲉ ⲡⲁϣⲗⲏⲗ ⲛⲁⲕⲟⲧϥ̅ ⲉ ϩⲣⲁⲓ̈ ⲉ ⲕⲟⲩⲟⲩⲛⲧ̅ P."/>
		<feat xlink:href="#sSpan16154" value="Ibid. ⲛⲉⲓ̈ⲣ̅ⲁⲛⲁⲕ pro ⲁⲓ̈ⲣ̅ⲁⲛⲁⲕ P."/>
		<feat xlink:href="#sSpan16202" value="Ibid. ⲙⲛ̅ ⲟⲩ ⲥⲟⲡ ⲛⲉⲓ̅ⲑⲃ̅ⲃⲉⲓⲏⲩ ⲛ̅ ⲑⲉ ⲙ̅ ⲡⲉⲧ ⲣ̅ ϩⲏⲃⲉ ⲁⲩⲱ ⲡⲉⲧ ⲟⲕⲙ̅ ⲁⲩⲥⲱⲟⲩϩ ⲉ ⲣⲟⲓ pro ⲁⲩⲱ ⲛ̅ ⲑⲉ ⲙ̅ ⲡⲁⲥⲟⲛ· ⲁⲩⲱ ⲁⲓ̈ⲑⲃ̅ⲃⲓⲟⲓ̈ ⲛ̅ ⲑⲉ ⲙ̅ ⲡⲉⲧ ⲣ̅ ϩⲏⲃⲉ· ⲁⲩⲱ ⲛ̅ ⲑⲉ ⲙ̅ ⲡⲉⲧ ⲟⲕⲙ̅ P."/>
		<feat xlink:href="#sSpan16254" value="Ibid. ⲁⲩⲱ ⲁⲩⲉⲩⲫⲣⲁⲛⲉ ⲁ ϩⲉⲛ ⲙⲁⲣⲧⲓⲛⲅⲝ̅ (loco ⲙⲁⲥⲧⲓⲅⲝ̅) ⲥⲱⲟⲩϩ ⲉ ⲣⲟⲓ̈ ⲁⲩⲱ ⲙ̅ⲡⲓⲉⲓⲙⲉ ⲁⲩϫⲱⲱⲣⲉ ⲉⲃⲟⲗ ⲁⲩⲱ ⲙ̅ⲡⲟⲩⲙ̅ⲕⲁϩ ⲛ̅ ϩⲏⲧ pro ⲁⲩⲉⲩⲫⲣⲁⲛⲉ ⲉ ϩⲣⲁⲓ̈ ⲉ ϫⲱⲓ̈· ⲁⲩⲱ ⲁⲩϫⲓ ϣⲓⲡⲉ· ⲁϩⲉⲛ ⲙⲁⲥⲥⲧⲓⲅⲝ̅ (sic in Ms. pro ⲙⲁⲥⲧⲓⲅⲝ̅) ⲥⲱⲟⲩϩ ⲉ ϩⲣⲁⲓ̈ ⲉ ϫⲱⲓ̈. ⲁⲩⲱ ⲙ̅ⲡⲓⲉⲓⲙⲉ ⲁⲩⲡⲱⲣϫ̅ ⲁⲩⲱ ⲙ̅ⲡⲟⲩⲙ̅ⲕⲁϩ ⲛ̅ ϩⲏⲧ P."/>
		<feat xlink:href="#sSpan16393" value="Ibid. ⲁⲩⲡⲓⲣⲁⲍⲉ ⲙ̅ⲙⲟⲓ̈ ⲁⲩⲱ ⲕⲱⲙϣ̅ ⲛ̅ ⲥⲱⲓ̈ ⲛ̅ ⲟⲩ ⲕⲱⲙϣ̅ pro ⲁⲩⲡⲓⲣⲁⲍⲉ ⲙ̅ⲙⲟⲓ̈· ⲁⲩⲱ ⲁⲩⲕⲱⲙϣ̅ ⲛ̅ ⲥⲱⲓ̈ ϩⲛ̅ ⲟⲩ ⲕⲱⲙϣ̅ P."/>
		<feat xlink:href="#sSpan16493" value="Ibid. ⲕⲛⲁϭⲱϣⲧ̅ ⲉ ⲧⲛⲁⲩ pro ⲉⲕⲛⲁϭⲱϣⲧ̅ ⲉ ϩⲣⲁⲓ̈ ⲉ ϫⲱⲓ̈ ⲧⲛⲁⲩ P."/>
		<feat xlink:href="#sSpan16578" value="Ibid. ⲉⲃⲟⲗ ϩⲙ̅ ⲡⲉⲩϣⲟϫⲛⲉ ⲉⲑⲟⲟⲩ ⲧⲁⲙⲛ̅ⲧϣⲏⲣⲉ ⲛ̅ ⲟⲩⲱⲧ ⲉⲃⲟⲗ ϩⲓⲧⲛ̅ ⲙ̅ ⲙⲟⲩⲓ̈ pro ⲉⲃⲟⲗ ϩⲛ̅ ⲛⲉⲩϩⲃⲏⲩⲉ ⲉⲑⲟⲟⲩ· ⲁⲩⲱ ⲛⲁϩⲙ̅ ⲧⲁⲙ̅ⲛ̅ⲧ̅ϣⲏⲣⲉ ⲟⲩⲱⲧ (l. ⲛ̅ ⲟⲩⲱⲧ)· ⲉ ⲧⲟⲟⲧⲟⲩ ⲛ̅ ⲙ̅ ⲙⲟⲩⲓ̈ P."/>
		<feat xlink:href="#sSpan16659" value="Ibid. ϩⲛ̅ ⲟⲩ ⲛⲟϭ ⲛ̅ ⲉⲕⲕⲗⲏⲥⲓⲁ ϯⲛⲁⲥⲙⲟⲩ ⲉ ⲣⲟⲕ ϩⲛ̅ ⲟⲩ ⲗⲁⲟⲥ ⲉϥⲟϣ pro ϩⲛ̅ ⲟⲩ ⲉⲕⲕⲗⲏⲥⲓⲁ ⲉ ⲛⲁϣⲱⲥ· ⲁⲩⲱ ϯⲛⲁⲥⲙⲟⲩ ⲉ ⲣⲟⲕ ϩⲛ̅ ⲟⲩ ⲗⲁⲟⲥ ⲉ ⲙⲛ̅ⲧϥ̅ ⲏⲡⲉ ⲙ̅ⲙⲁⲩ P."/>
		<feat xlink:href="#sSpan16783" value="Ibid. ⲛ̅ ϫⲓ ⲛ ϭⲟⲛⲥ̅ pro ϩⲛ̅ ⲟⲩ ϫⲓ ⲛ ϭⲟⲛⲥ̅ P."/>
		<feat xlink:href="#sSpan16835" value="Ibid. pro ⲁⲩⲱ ⲉⲩϫⲱⲣⲙ̅ ⲛ̅ ⲛⲉⲩⲃⲁⲗ· ϫⲉ ⲁⲛⲟⲕ ⲙⲉⲛ ϣⲁⲩϣⲁϫⲉ ⲛⲙ̅ⲙⲁⲓ̈ ϩⲛ̅ ϩⲉⲛ ϣⲁϫⲉ ⲛ̅ ⲉⲓⲣⲏⲛⲓⲕⲟⲛ· ⲁⲩⲱ ϣⲁⲩⲙⲟⲕⲙⲉⲕ ⲉⲩ ⲟⲣⲅⲏ ϩⲛ̅ ϩⲉⲛ ⲕⲣⲟϥ P."/>
		<feat xlink:href="#sSpan16964" value="Ibid. ⲁⲩⲟⲩⲱⲛ ⲛ̅ ⲣⲱⲟⲩ ⲉ ϩⲣⲁⲓ̅ ⲉ ϫⲱⲓ̈ ⲁⲩⲱ ⲡⲉϫⲁⲩ ϫⲉ ⲉϩⲉ ⲉϩⲉ ⲁⲛⲙⲉϩ ⲓ̅ⲁⲧⲛ̅ ⲙ̅ⲙⲟϥ pro ⲁⲩⲟⲩⲱϣ ⲉⲃⲟⲗ ⲛ̅ ⲧⲉⲩⲧⲁⲡⲣⲟ ⲉ ⲣϩⲁⲓ̈ ⲉ ϫⲱⲓ̈· ⲁⲩⲱ ⲁⲩϫⲟⲟⲥ ϫⲉ ⲉⲩⲅⲉ ⲁ ⲛⲉⲛⲃⲁⲗ· ⲙⲉϩ ⲉⲓⲁⲧⲛ̅ ⲙ̅ⲙⲟϥ P. Addenda et Corrigenda: ⲣϩⲁⲓ̈ scriptum in Cod. pro ϩⲣⲁⲓ̈. P."/>
		<feat xlink:href="#sSpan17107" value="Ibid. ⲙ̅ⲡⲣ̅ ⲟⲩⲉ ⲙ̅ⲙⲟⲓ̈ pro ⲙ̅ⲡⲣ̅ ⲥⲁϩⲱⲕ ⲥⲁ‐ⲃⲟⲗ ⲙ̅ⲙⲟⲓ̈ P."/></featList></paula>