<?xml version='1.0' encoding='UTF-8'?><!DOCTYPE paula SYSTEM "paula_feat.dtd">
<paula version="1.1">
	<header paula_id="scriptorium.matthew20.mark_chapter_n"/>
	<featList xmlns:xlink="http://www.w3.org/1999/xlink" type="chapter_n" xml:base="scriptorium.matthew20.mark.xml">
		<feat xlink:href="#sSpan8" value="1"/>
		<feat xlink:href="#sSpan252" value="2"/>
		<feat xlink:href="#sSpan468" value="3"/>
		<feat xlink:href="#sSpan655" value="4"/>
		<feat xlink:href="#sSpan991" value="5"/>
		<feat xlink:href="#sSpan1186" value="6"/>
		<feat xlink:href="#sSpan1343" value="7"/>
		<feat xlink:href="#sSpan1707" value="8"/>
		<feat xlink:href="#sSpan1962" value="9"/>
		<feat xlink:href="#sSpan2146" value="10"/>
		<feat xlink:href="#sSpan2230" value="11"/>
		<feat xlink:href="#sSpan2472" value="12"/>
		<feat xlink:href="#sSpan2514" value="13"/>
		<feat xlink:href="#sSpan2653" value="14"/>
		<feat xlink:href="#sSpan2777" value="15"/>
		<feat xlink:href="#sSpan2909" value="16"/>
		<feat xlink:href="#sSpan3109" value="17"/>
		<feat xlink:href="#sSpan3416" value="18"/>
		<feat xlink:href="#sSpan3676" value="19"/>
		<feat xlink:href="#sSpan4073" value="20"/>
		<feat xlink:href="#sSpan4370" value="21"/>
		<feat xlink:href="#sSpan4571" value="22"/>
		<feat xlink:href="#sSpan4810" value="23"/>
		<feat xlink:href="#sSpan5113" value="24"/>
		<feat xlink:href="#sSpan5461" value="25"/>
		<feat xlink:href="#sSpan5692" value="26"/>
		<feat xlink:href="#sSpan5951" value="27"/>
		<feat xlink:href="#sSpan6243" value="28"/>
		<feat xlink:href="#sSpan6706" value="29"/>
		<feat xlink:href="#sSpan6931" value="30"/>
		<feat xlink:href="#sSpan7243" value="31"/>
		<feat xlink:href="#sSpan7409" value="32"/>
		<feat xlink:href="#sSpan7764" value="33"/>
		<feat xlink:href="#sSpan7847" value="34"/>
		<feat xlink:href="#sSpan8012" value="35"/>
		<feat xlink:href="#sSpan8094" value="36"/>
		<feat xlink:href="#sSpan8319" value="37"/>
		<feat xlink:href="#sSpan8664" value="38"/>
		<feat xlink:href="#sSpan9025" value="39"/>
		<feat xlink:href="#sSpan9338" value="40"/>
		<feat xlink:href="#sSpan9541" value="41"/>
		<feat xlink:href="#sSpan9725" value="42"/>
		<feat xlink:href="#sSpan9917" value="43"/>
		<feat xlink:href="#sSpan10281" value="44"/>
		<feat xlink:href="#sSpan10588" value="45"/>
		<feat xlink:href="#sSpan10742" value="46"/>
		<feat xlink:href="#sSpan10875" value="47"/>
		<feat xlink:href="#sSpan11018" value="48"/>
		<feat xlink:href="#sSpan11325" value="49"/>
		<feat xlink:href="#sSpan11665" value="50"/>
		<feat xlink:href="#sSpan11884" value="51"/>
		<feat xlink:href="#sSpan12010" value="52"/>
		<feat xlink:href="#sSpan12350" value="53"/>
		<feat xlink:href="#sSpan12609" value="54"/>
		<feat xlink:href="#sSpan12704" value="55"/>
		<feat xlink:href="#sSpan12881" value="56"/></featList></paula>