<?xml version='1.0' encoding='UTF-8'?><!DOCTYPE paula SYSTEM "paula_feat.dtd">
<paula version="1.1">
	<header paula_id="scriptorium.matthew20.mark_ed_line_n"/>
	<featList xmlns:xlink="http://www.w3.org/1999/xlink" type="ed_line_n" xml:base="scriptorium.matthew20.mark.xml">
		<feat xlink:href="#sSpan6" value="1"/>
		<feat xlink:href="#sSpan44" value="2"/>
		<feat xlink:href="#sSpan59" value="3"/>
		<feat xlink:href="#sSpan83" value="4"/>
		<feat xlink:href="#sSpan104" value="5"/>
		<feat xlink:href="#sSpan138" value="6"/>
		<feat xlink:href="#sSpan174" value="7"/>
		<feat xlink:href="#sSpan200" value="8"/>
		<feat xlink:href="#sSpan212" value="9"/>
		<feat xlink:href="#sSpan250" value="10"/>
		<feat xlink:href="#sSpan283" value="11"/>
		<feat xlink:href="#sSpan322" value="12"/>
		<feat xlink:href="#sSpan365" value="13"/>
		<feat xlink:href="#sSpan405" value="14"/>
		<feat xlink:href="#sSpan447" value="15"/>
		<feat xlink:href="#sSpan466" value="16"/>
		<feat xlink:href="#sSpan516" value="17"/>
		<feat xlink:href="#sSpan560" value="18"/>
		<feat xlink:href="#sSpan602" value="19"/>
		<feat xlink:href="#sSpan655" value="1"/>
		<feat xlink:href="#sSpan713" value="2"/>
		<feat xlink:href="#sSpan756" value="3"/>
		<feat xlink:href="#sSpan797" value="4"/>
		<feat xlink:href="#sSpan844" value="5"/>
		<feat xlink:href="#sSpan879" value="6"/>
		<feat xlink:href="#sSpan921" value="7"/>
		<feat xlink:href="#sSpan965" value="8"/>
		<feat xlink:href="#sSpan987" value="9"/>
		<feat xlink:href="#sSpan1027" value="10"/>
		<feat xlink:href="#sSpan1079" value="11"/>
		<feat xlink:href="#sSpan1122" value="12"/>
		<feat xlink:href="#sSpan1164" value="13"/>
		<feat xlink:href="#sSpan1184" value="14"/>
		<feat xlink:href="#sSpan1222" value="15"/>
		<feat xlink:href="#sSpan1264" value="16"/>
		<feat xlink:href="#sSpan1316" value="17"/>
		<feat xlink:href="#sSpan1339" value="18"/>
		<feat xlink:href="#sSpan1378" value="19"/>
		<feat xlink:href="#sSpan1420" value="20"/>
		<feat xlink:href="#sSpan1455" value="21"/>
		<feat xlink:href="#sSpan1499" value="22"/>
		<feat xlink:href="#sSpan1547" value="23"/>
		<feat xlink:href="#sSpan1579" value="24"/>
		<feat xlink:href="#sSpan1624" value="25"/>
		<feat xlink:href="#sSpan1663" value="26"/>
		<feat xlink:href="#sSpan1703" value="27"/>
		<feat xlink:href="#sSpan1744" value="28"/>
		<feat xlink:href="#sSpan1786" value="29"/>
		<feat xlink:href="#sSpan1827" value="30"/>
		<feat xlink:href="#sSpan1876" value="31"/>
		<feat xlink:href="#sSpan1920" value="32"/>
		<feat xlink:href="#sSpan1958" value="33"/>
		<feat xlink:href="#sSpan1993" value="34"/>
		<feat xlink:href="#sSpan2033" value="1"/>
		<feat xlink:href="#sSpan2076" value="2"/>
		<feat xlink:href="#sSpan2128" value="3"/>
		<feat xlink:href="#sSpan2144" value="4"/>
		<feat xlink:href="#sSpan2183" value="5"/>
		<feat xlink:href="#sSpan2226" value="6"/>
		<feat xlink:href="#sSpan2270" value="7"/>
		<feat xlink:href="#sSpan2318" value="8"/>
		<feat xlink:href="#sSpan2357" value="9"/>
		<feat xlink:href="#sSpan2395" value="10"/>
		<feat xlink:href="#sSpan2426" value="11"/>
		<feat xlink:href="#sSpan2472" value="12"/>
		<feat xlink:href="#sSpan2510" value="13"/>
		<feat xlink:href="#sSpan2543" value="14"/>
		<feat xlink:href="#sSpan2583" value="15"/>
		<feat xlink:href="#sSpan2624" value="16"/>
		<feat xlink:href="#sSpan2649" value="17"/>
		<feat xlink:href="#sSpan2685" value="18"/>
		<feat xlink:href="#sSpan2738" value="19"/>
		<feat xlink:href="#sSpan2775" value="20"/>
		<feat xlink:href="#sSpan2810" value="21"/>
		<feat xlink:href="#sSpan2851" value="22"/>
		<feat xlink:href="#sSpan2904" value="23"/>
		<feat xlink:href="#sSpan2950" value="24"/>
		<feat xlink:href="#sSpan2984" value="25"/>
		<feat xlink:href="#sSpan3019" value="26"/>
		<feat xlink:href="#sSpan3065" value="27"/>
		<feat xlink:href="#sSpan3106" value="28"/>
		<feat xlink:href="#sSpan3151" value="29"/>
		<feat xlink:href="#sSpan3197" value="30"/>
		<feat xlink:href="#sSpan3232" value="31"/>
		<feat xlink:href="#sSpan3281" value="32"/>
		<feat xlink:href="#sSpan3329" value="33"/>
		<feat xlink:href="#sSpan3382" value="34"/>
		<feat xlink:href="#sSpan3411" value="1"/>
		<feat xlink:href="#sSpan3455" value="2"/>
		<feat xlink:href="#sSpan3495" value="3"/>
		<feat xlink:href="#sSpan3530" value="4"/>
		<feat xlink:href="#sSpan3578" value="5"/>
		<feat xlink:href="#sSpan3631" value="6"/>
		<feat xlink:href="#sSpan3671" value="7"/>
		<feat xlink:href="#sSpan3707" value="8"/>
		<feat xlink:href="#sSpan3743" value="9"/>
		<feat xlink:href="#sSpan3789" value="10"/>
		<feat xlink:href="#sSpan3837" value="11"/>
		<feat xlink:href="#sSpan3888" value="12"/>
		<feat xlink:href="#sSpan3926" value="13"/>
		<feat xlink:href="#sSpan3976" value="14"/>
		<feat xlink:href="#sSpan4019" value="15"/>
		<feat xlink:href="#sSpan4069" value="16"/>
		<feat xlink:href="#sSpan4108" value="17"/>
		<feat xlink:href="#sSpan4141" value="18"/>
		<feat xlink:href="#sSpan4188" value="19"/>
		<feat xlink:href="#sSpan4226" value="20"/>
		<feat xlink:href="#sSpan4273" value="21"/>
		<feat xlink:href="#sSpan4310" value="22"/>
		<feat xlink:href="#sSpan4351" value="23"/>
		<feat xlink:href="#sSpan4366" value="24"/>
		<feat xlink:href="#sSpan4413" value="25"/>
		<feat xlink:href="#sSpan4449" value="26"/>
		<feat xlink:href="#sSpan4491" value="27"/>
		<feat xlink:href="#sSpan4529" value="28"/>
		<feat xlink:href="#sSpan4567" value="29"/>
		<feat xlink:href="#sSpan4610" value="30"/>
		<feat xlink:href="#sSpan4639" value="31"/>
		<feat xlink:href="#sSpan4678" value="32"/>
		<feat xlink:href="#sSpan4727" value="33"/>
		<feat xlink:href="#sSpan4771" value="34"/>
		<feat xlink:href="#sSpan4806" value="1"/>
		<feat xlink:href="#sSpan4854" value="2"/>
		<feat xlink:href="#sSpan4892" value="3"/>
		<feat xlink:href="#sSpan4932" value="4"/>
		<feat xlink:href="#sSpan4965" value="5"/>
		<feat xlink:href="#sSpan5006" value="6"/>
		<feat xlink:href="#sSpan5046" value="7"/>
		<feat xlink:href="#sSpan5089" value="8"/>
		<feat xlink:href="#sSpan5109" value="9"/>
		<feat xlink:href="#sSpan5143" value="10"/>
		<feat xlink:href="#sSpan5191" value="11"/>
		<feat xlink:href="#sSpan5224" value="12"/>
		<feat xlink:href="#sSpan5270" value="13"/>
		<feat xlink:href="#sSpan5315" value="14"/>
		<feat xlink:href="#sSpan5366" value="15"/>
		<feat xlink:href="#sSpan5423" value="16"/>
		<feat xlink:href="#sSpan5457" value="17"/>
		<feat xlink:href="#sSpan5499" value="18"/>
		<feat xlink:href="#sSpan5545" value="19"/>
		<feat xlink:href="#sSpan5592" value="20"/>
		<feat xlink:href="#sSpan5624" value="21"/>
		<feat xlink:href="#sSpan5663" value="22"/>
		<feat xlink:href="#sSpan5688" value="23"/>
		<feat xlink:href="#sSpan5726" value="24"/>
		<feat xlink:href="#sSpan5768" value="25"/>
		<feat xlink:href="#sSpan5806" value="26"/>
		<feat xlink:href="#sSpan5851" value="27"/>
		<feat xlink:href="#sSpan5898" value="28"/>
		<feat xlink:href="#sSpan5947" value="29"/>
		<feat xlink:href="#sSpan5997" value="30"/>
		<feat xlink:href="#sSpan6047" value="31"/>
		<feat xlink:href="#sSpan6095" value="32"/>
		<feat xlink:href="#sSpan6145" value="33"/>
		<feat xlink:href="#sSpan6189" value="34"/>
		<feat xlink:href="#sSpan6241" value="1"/>
		<feat xlink:href="#sSpan6292" value="2"/>
		<feat xlink:href="#sSpan6327" value="3"/>
		<feat xlink:href="#sSpan6379" value="4"/>
		<feat xlink:href="#sSpan6412" value="5"/>
		<feat xlink:href="#sSpan6460" value="6"/>
		<feat xlink:href="#sSpan6505" value="7"/>
		<feat xlink:href="#sSpan6547" value="8"/>
		<feat xlink:href="#sSpan6589" value="9"/>
		<feat xlink:href="#sSpan6633" value="10"/>
		<feat xlink:href="#sSpan6677" value="11"/>
		<feat xlink:href="#sSpan6702" value="12"/>
		<feat xlink:href="#sSpan6738" value="13"/>
		<feat xlink:href="#sSpan6782" value="14"/>
		<feat xlink:href="#sSpan6817" value="15"/>
		<feat xlink:href="#sSpan6861" value="16"/>
		<feat xlink:href="#sSpan6907" value="17"/>
		<feat xlink:href="#sSpan6927" value="18"/>
		<feat xlink:href="#sSpan6970" value="19"/>
		<feat xlink:href="#sSpan7008" value="20"/>
		<feat xlink:href="#sSpan7049" value="21"/>
		<feat xlink:href="#sSpan7092" value="22"/>
		<feat xlink:href="#sSpan7144" value="23"/>
		<feat xlink:href="#sSpan7179" value="24"/>
		<feat xlink:href="#sSpan7218" value="25"/>
		<feat xlink:href="#sSpan7239" value="26"/>
		<feat xlink:href="#sSpan7288" value="27"/>
		<feat xlink:href="#sSpan7336" value="28"/>
		<feat xlink:href="#sSpan7381" value="29"/>
		<feat xlink:href="#sSpan7405" value="30"/>
		<feat xlink:href="#sSpan7446" value="31"/>
		<feat xlink:href="#sSpan7487" value="32"/>
		<feat xlink:href="#sSpan7537" value="33"/>
		<feat xlink:href="#sSpan7584" value="34"/>
		<feat xlink:href="#sSpan7631" value="1"/>
		<feat xlink:href="#sSpan7671" value="2"/>
		<feat xlink:href="#sSpan7714" value="3"/>
		<feat xlink:href="#sSpan7762" value="4"/>
		<feat xlink:href="#sSpan7812" value="5"/>
		<feat xlink:href="#sSpan7845" value="6"/>
		<feat xlink:href="#sSpan7886" value="7"/>
		<feat xlink:href="#sSpan7927" value="8"/>
		<feat xlink:href="#sSpan7979" value="9"/>
		<feat xlink:href="#sSpan8012" value="10"/>
		<feat xlink:href="#sSpan8050" value="11"/>
		<feat xlink:href="#sSpan8092" value="12"/>
		<feat xlink:href="#sSpan8135" value="13"/>
		<feat xlink:href="#sSpan8178" value="14"/>
		<feat xlink:href="#sSpan8229" value="15"/>
		<feat xlink:href="#sSpan8274" value="16"/>
		<feat xlink:href="#sSpan8317" value="17"/>
		<feat xlink:href="#sSpan8374" value="18"/>
		<feat xlink:href="#sSpan8419" value="19"/>
		<feat xlink:href="#sSpan8468" value="20"/>
		<feat xlink:href="#sSpan8515" value="21"/>
		<feat xlink:href="#sSpan8548" value="22"/>
		<feat xlink:href="#sSpan8587" value="23"/>
		<feat xlink:href="#sSpan8627" value="24"/>
		<feat xlink:href="#sSpan8663" value="25"/>
		<feat xlink:href="#sSpan8703" value="26"/>
		<feat xlink:href="#sSpan8741" value="27"/>
		<feat xlink:href="#sSpan8777" value="28"/>
		<feat xlink:href="#sSpan8819" value="29"/>
		<feat xlink:href="#sSpan8869" value="30"/>
		<feat xlink:href="#sSpan8913" value="31"/>
		<feat xlink:href="#sSpan8954" value="32"/>
		<feat xlink:href="#sSpan8991" value="33"/>
		<feat xlink:href="#sSpan9024" value="34"/>
		<feat xlink:href="#sSpan9059" value="1"/>
		<feat xlink:href="#sSpan9108" value="2"/>
		<feat xlink:href="#sSpan9143" value="3"/>
		<feat xlink:href="#sSpan9182" value="4"/>
		<feat xlink:href="#sSpan9222" value="5"/>
		<feat xlink:href="#sSpan9265" value="6"/>
		<feat xlink:href="#sSpan9314" value="7"/>
		<feat xlink:href="#sSpan9337" value="8"/>
		<feat xlink:href="#sSpan9386" value="9"/>
		<feat xlink:href="#sSpan9419" value="10"/>
		<feat xlink:href="#sSpan9452" value="11"/>
		<feat xlink:href="#sSpan9472" value="12"/>
		<feat xlink:href="#sSpan9498" value="13"/>
		<feat xlink:href="#sSpan9530" value="14"/>
		<feat xlink:href="#sSpan9565" value="15"/>
		<feat xlink:href="#sSpan9605" value="16"/>
		<feat xlink:href="#sSpan9645" value="17"/>
		<feat xlink:href="#sSpan9682" value="18"/>
		<feat xlink:href="#sSpan9724" value="19"/>
		<feat xlink:href="#sSpan9753" value="20"/>
		<feat xlink:href="#sSpan9786" value="21"/>
		<feat xlink:href="#sSpan9819" value="22"/>
		<feat xlink:href="#sSpan9859" value="23"/>
		<feat xlink:href="#sSpan9906" value="24"/>
		<feat xlink:href="#sSpan9916" value="25"/>
		<feat xlink:href="#sSpan9953" value="26"/>
		<feat xlink:href="#sSpan9995" value="27"/>
		<feat xlink:href="#sSpan10029" value="28"/>
		<feat xlink:href="#sSpan10067" value="29"/>
		<feat xlink:href="#sSpan10102" value="30"/>
		<feat xlink:href="#sSpan10135" value="31"/>
		<feat xlink:href="#sSpan10188" value="32"/>
		<feat xlink:href="#sSpan10218" value="33"/>
		<feat xlink:href="#sSpan10255" value="34"/>
		<feat xlink:href="#sSpan10281" value="1"/>
		<feat xlink:href="#sSpan10326" value="2"/>
		<feat xlink:href="#sSpan10375" value="3"/>
		<feat xlink:href="#sSpan10426" value="4"/>
		<feat xlink:href="#sSpan10475" value="5"/>
		<feat xlink:href="#sSpan10527" value="6"/>
		<feat xlink:href="#sSpan10572" value="7"/>
		<feat xlink:href="#sSpan10590" value="8"/>
		<feat xlink:href="#sSpan10632" value="9"/>
		<feat xlink:href="#sSpan10676" value="10"/>
		<feat xlink:href="#sSpan10726" value="11"/>
		<feat xlink:href="#sSpan10743" value="12"/>
		<feat xlink:href="#sSpan10797" value="13"/>
		<feat xlink:href="#sSpan10845" value="14"/>
		<feat xlink:href="#sSpan10877" value="15"/>
		<feat xlink:href="#sSpan10933" value="16"/>
		<feat xlink:href="#sSpan10979" value="17"/>
		<feat xlink:href="#sSpan11018" value="18"/>
		<feat xlink:href="#sSpan11071" value="19"/>
		<feat xlink:href="#sSpan11113" value="20"/>
		<feat xlink:href="#sSpan11166" value="21"/>
		<feat xlink:href="#sSpan11207" value="22"/>
		<feat xlink:href="#sSpan11255" value="23"/>
		<feat xlink:href="#sSpan11305" value="24"/>
		<feat xlink:href="#sSpan11325" value="25"/>
		<feat xlink:href="#sSpan11373" value="26"/>
		<feat xlink:href="#sSpan11418" value="27"/>
		<feat xlink:href="#sSpan11457" value="28"/>
		<feat xlink:href="#sSpan11497" value="29"/>
		<feat xlink:href="#sSpan11534" value="30"/>
		<feat xlink:href="#sSpan11581" value="31"/>
		<feat xlink:href="#sSpan11619" value="32"/>
		<feat xlink:href="#sSpan11665" value="33"/>
		<feat xlink:href="#sSpan11706" value="34"/>
		<feat xlink:href="#sSpan11743" value="1"/>
		<feat xlink:href="#sSpan11781" value="2"/>
		<feat xlink:href="#sSpan11826" value="3"/>
		<feat xlink:href="#sSpan11886" value="4"/>
		<feat xlink:href="#sSpan11928" value="5"/>
		<feat xlink:href="#sSpan11967" value="6"/>
		<feat xlink:href="#sSpan12010" value="7"/>
		<feat xlink:href="#sSpan12049" value="8"/>
		<feat xlink:href="#sSpan12091" value="9"/>
		<feat xlink:href="#sSpan12135" value="10"/>
		<feat xlink:href="#sSpan12170" value="11"/>
		<feat xlink:href="#sSpan12216" value="12"/>
		<feat xlink:href="#sSpan12263" value="13"/>
		<feat xlink:href="#sSpan12311" value="14"/>
		<feat xlink:href="#sSpan12350" value="15"/>
		<feat xlink:href="#sSpan12392" value="16"/>
		<feat xlink:href="#sSpan12438" value="17"/>
		<feat xlink:href="#sSpan12468" value="18"/>
		<feat xlink:href="#sSpan12516" value="19"/>
		<feat xlink:href="#sSpan12563" value="20"/>
		<feat xlink:href="#sSpan12599" value="21"/>
		<feat xlink:href="#sSpan12611" value="22"/>
		<feat xlink:href="#sSpan12652" value="23"/>
		<feat xlink:href="#sSpan12686" value="24"/>
		<feat xlink:href="#sSpan12705" value="25"/>
		<feat xlink:href="#sSpan12746" value="26"/>
		<feat xlink:href="#sSpan12793" value="27"/>
		<feat xlink:href="#sSpan12828" value="28"/>
		<feat xlink:href="#sSpan12837" value="29"/>
		<feat xlink:href="#sSpan12883" value="30"/>
		<feat xlink:href="#sSpan12899" value="31"/>
		<feat xlink:href="#sSpan12956" value="32"/></featList></paula>