<?xml version='1.0' encoding='UTF-8'?><!DOCTYPE paula SYSTEM "paula_feat.dtd">
<paula version="1.1">
	<header paula_id="scriptorium.matthew20.mark_verse_n"/>
	<featList xmlns:xlink="http://www.w3.org/1999/xlink" type="verse_n" xml:base="scriptorium.matthew20.mark.xml">
		<feat xlink:href="#sSpan10" value="1"/>
		<feat xlink:href="#sSpan251" value="1"/>
		<feat xlink:href="#sSpan390" value="2"/>
		<feat xlink:href="#sSpan467" value="1"/>
		<feat xlink:href="#sSpan561" value="2"/>
		<feat xlink:href="#sSpan653" value="1"/>
		<feat xlink:href="#sSpan681" value="2"/>
		<feat xlink:href="#sSpan755" value="3"/>
		<feat xlink:href="#sSpan829" value="4"/>
		<feat xlink:href="#sSpan900" value="5"/>
		<feat xlink:href="#sSpan941" value="6"/>
		<feat xlink:href="#sSpan990" value="1"/>
		<feat xlink:href="#sSpan1097" value="2"/>
		<feat xlink:href="#sSpan1188" value="1"/>
		<feat xlink:href="#sSpan1342" value="1"/>
		<feat xlink:href="#sSpan1410" value="2"/>
		<feat xlink:href="#sSpan1525" value="3"/>
		<feat xlink:href="#sSpan1593" value="4"/>
		<feat xlink:href="#sSpan1706" value="1"/>
		<feat xlink:href="#sSpan1800" value="2"/>
		<feat xlink:href="#sSpan1891" value="3"/>
		<feat xlink:href="#sSpan1961" value="1"/>
		<feat xlink:href="#sSpan2006" value="2"/>
		<feat xlink:href="#sSpan2087" value="3"/>
		<feat xlink:href="#sSpan2148" value="4"/>
		<feat xlink:href="#sSpan2229" value="1"/>
		<feat xlink:href="#sSpan2307" value="2"/>
		<feat xlink:href="#sSpan2408" value="3"/>
		<feat xlink:href="#sSpan2474" value="1"/>
		<feat xlink:href="#sSpan2513" value="1"/>
		<feat xlink:href="#sSpan2576" value="2"/>
		<feat xlink:href="#sSpan2652" value="1"/>
		<feat xlink:href="#sSpan2740" value="2"/>
		<feat xlink:href="#sSpan2779" value="1"/>
		<feat xlink:href="#sSpan2908" value="1"/>
		<feat xlink:href="#sSpan3047" value="2"/>
		<feat xlink:href="#sSpan3107" value="1"/>
		<feat xlink:href="#sSpan3137" value="2"/>
		<feat xlink:href="#sSpan3244" value="3"/>
		<feat xlink:href="#sSpan3377" value="4"/>
		<feat xlink:href="#sSpan3415" value="1"/>
		<feat xlink:href="#sSpan3508" value="2"/>
		<feat xlink:href="#sSpan3568" value="3"/>
		<feat xlink:href="#sSpan3611" value="4"/>
		<feat xlink:href="#sSpan3632" value="5"/>
		<feat xlink:href="#sSpan3675" value="1"/>
		<feat xlink:href="#sSpan3861" value="2"/>
		<feat xlink:href="#sSpan4072" value="1"/>
		<feat xlink:href="#sSpan4213" value="2"/>
		<feat xlink:href="#sSpan4257" value="3"/>
		<feat xlink:href="#sSpan4369" value="1"/>
		<feat xlink:href="#sSpan4439" value="2"/>
		<feat xlink:href="#sSpan4508" value="3"/>
		<feat xlink:href="#sSpan4570" value="1"/>
		<feat xlink:href="#sSpan4707" value="2"/>
		<feat xlink:href="#sSpan4809" value="1"/>
		<feat xlink:href="#sSpan4992" value="2"/>
		<feat xlink:href="#sSpan5040" value="3"/>
		<feat xlink:href="#sSpan5112" value="1"/>
		<feat xlink:href="#sSpan5177" value="2"/>
		<feat xlink:href="#sSpan5273" value="3"/>
		<feat xlink:href="#sSpan5340" value="4"/>
		<feat xlink:href="#sSpan5414" value="5"/>
		<feat xlink:href="#sSpan5460" value="1"/>
		<feat xlink:href="#sSpan5615" value="2"/>
		<feat xlink:href="#sSpan5691" value="1"/>
		<feat xlink:href="#sSpan5764" value="2"/>
		<feat xlink:href="#sSpan5820" value="3"/>
		<feat xlink:href="#sSpan5880" value="4"/>
		<feat xlink:href="#sSpan5950" value="1"/>
		<feat xlink:href="#sSpan6025" value="2"/>
		<feat xlink:href="#sSpan6162" value="3"/>
		<feat xlink:href="#sSpan6241" value="1"/>
		<feat xlink:href="#sSpan6282" value="2"/>
		<feat xlink:href="#sSpan6370" value="3"/>
		<feat xlink:href="#sSpan6523" value="4"/>
		<feat xlink:href="#sSpan6705" value="1"/>
		<feat xlink:href="#sSpan6759" value="2"/>
		<feat xlink:href="#sSpan6878" value="3"/>
		<feat xlink:href="#sSpan6930" value="1"/>
		<feat xlink:href="#sSpan7039" value="2"/>
		<feat xlink:href="#sSpan7140" value="3"/>
		<feat xlink:href="#sSpan7242" value="1"/>
		<feat xlink:href="#sSpan7311" value="2"/>
		<feat xlink:href="#sSpan7408" value="1"/>
		<feat xlink:href="#sSpan7474" value="2"/>
		<feat xlink:href="#sSpan7587" value="3"/>
		<feat xlink:href="#sSpan7689" value="4"/>
		<feat xlink:href="#sSpan7766" value="1"/>
		<feat xlink:href="#sSpan7846" value="1"/>
		<feat xlink:href="#sSpan7944" value="2"/>
		<feat xlink:href="#sSpan8014" value="1"/>
		<feat xlink:href="#sSpan8093" value="1"/>
		<feat xlink:href="#sSpan8157" value="2"/>
		<feat xlink:href="#sSpan8210" value="3"/>
		<feat xlink:href="#sSpan8318" value="1"/>
		<feat xlink:href="#sSpan8403" value="2"/>
		<feat xlink:href="#sSpan8484" value="3"/>
		<feat xlink:href="#sSpan8561" value="4"/>
		<feat xlink:href="#sSpan8663" value="1"/>
		<feat xlink:href="#sSpan8796" value="2"/>
		<feat xlink:href="#sSpan8923" value="3"/>
		<feat xlink:href="#sSpan8970" value="4"/>
		<feat xlink:href="#sSpan9024" value="1"/>
		<feat xlink:href="#sSpan9126" value="2"/>
		<feat xlink:href="#sSpan9182" value="3"/>
		<feat xlink:href="#sSpan9256" value="4"/>
		<feat xlink:href="#sSpan9337" value="1"/>
		<feat xlink:href="#sSpan9427" value="2"/>
		<feat xlink:href="#sSpan9472" value="3"/>
		<feat xlink:href="#sSpan9540" value="1"/>
		<feat xlink:href="#sSpan9585" value="2"/>
		<feat xlink:href="#sSpan9659" value="3"/>
		<feat xlink:href="#sSpan9724" value="1"/>
		<feat xlink:href="#sSpan9786" value="2"/>
		<feat xlink:href="#sSpan9916" value="1"/>
		<feat xlink:href="#sSpan9981" value="2"/>
		<feat xlink:href="#sSpan10083" value="3"/>
		<feat xlink:href="#sSpan10143" value="4"/>
		<feat xlink:href="#sSpan10280" value="1"/>
		<feat xlink:href="#sSpan10342" value="2"/>
		<feat xlink:href="#sSpan10463" value="3"/>
		<feat xlink:href="#sSpan10557" value="4"/>
		<feat xlink:href="#sSpan10586" value="1"/>
		<feat xlink:href="#sSpan10610" value="2"/>
		<feat xlink:href="#sSpan10675" value="3"/>
		<feat xlink:href="#sSpan10744" value="1"/>
		<feat xlink:href="#sSpan10877" value="1"/>
		<feat xlink:href="#sSpan11017" value="1"/>
		<feat xlink:href="#sSpan11112" value="2"/>
		<feat xlink:href="#sSpan11190" value="3"/>
		<feat xlink:href="#sSpan11324" value="1"/>
		<feat xlink:href="#sSpan11444" value="2"/>
		<feat xlink:href="#sSpan11543" value="3"/>
		<feat xlink:href="#sSpan11596" value="4"/>
		<feat xlink:href="#sSpan11664" value="1"/>
		<feat xlink:href="#sSpan11730" value="2"/>
		<feat xlink:href="#sSpan11788" value="3"/>
		<feat xlink:href="#sSpan11886" value="1"/>
		<feat xlink:href="#sSpan12009" value="1"/>
		<feat xlink:href="#sSpan12118" value="2"/>
		<feat xlink:href="#sSpan12169" value="3"/>
		<feat xlink:href="#sSpan12349" value="1"/>
		<feat xlink:href="#sSpan12408" value="2"/>
		<feat xlink:href="#sSpan12542" value="3"/>
		<feat xlink:href="#sSpan12611" value="1"/>
		<feat xlink:href="#sSpan12706" value="1"/>
		<feat xlink:href="#sSpan12883" value="1"/></featList></paula>