<?xml version="1.0" encoding="UTF-8" standalone="no"?>

<!DOCTYPE paula SYSTEM "paula_feat.dtd">
<paula version="1.0">

<header paula_id="aof.ZH_fragments_1a-d_lang"/>

<featList xmlns:xlink="http://www.w3.org/1999/xlink" type="lang" xml:base="aof.ZH_fragments_1a-d.langSeg.xml">
<feat xlink:href="#lang_3" value="Greek"/><!-- ⲇⲉ -->
<feat xlink:href="#lang_17" value="Greek"/><!-- ⲕⲁⲧⲁ -->
<feat xlink:href="#lang_18" value="Greek"/><!-- ⲥⲁⲣⲝ -->
<feat xlink:href="#lang_20" value="Greek"/><!-- ⲏ̂ -->
<feat xlink:href="#lang_30" value="Greek"/><!-- ⲁⲡⲟ -->
<feat xlink:href="#lang_36" value="Greek"/><!-- ϩⲩⲡⲁⲣⲭⲟ⳯ -->
<feat xlink:href="#lang_49" value="Greek"/><!-- ⲕⲁⲧⲁ -->
<feat xlink:href="#lang_73" value="Greek"/><!-- ⲡⲁⲣ -->
<feat xlink:href="#lang_86" value="Greek"/><!-- ⲉⲅ -->
<feat xlink:href="#lang_99" value="Greek"/><!-- ⲉⲓⲧⲉ -->
<feat xlink:href="#lang_110" value="Greek"/><!-- ⲅⲁⲙⲟⲥ -->
<feat xlink:href="#lang_122" value="Greek"/><!-- ⲉⲓⲧⲉ -->
<feat xlink:href="#lang_164" value="Greek"/><!-- ⲟⲩⲛ -->
<feat xlink:href="#lang_177" value="Greek"/><!-- ⲁⲡⲟⲧⲁⲥ -->
<feat xlink:href="#lang_181" value="Greek"/><!-- ⲅⲁ -->
<feat xlink:href="#lang_199" value="Greek"/><!-- ⲁⲡⲟⲧⲁⲥⲥⲉ -->
<feat xlink:href="#lang_274" value="Greek"/><!-- ⲉⲧⲓ -->
<feat xlink:href="#lang_275" value="Greek"/><!-- ⲇⲉ -->
<feat xlink:href="#lang_278" value="Greek"/><!-- ⲯⲩ -->
<feat xlink:href="#lang_292" value="Greek"/><!-- ⲙⲁⲑⲏ -->
<feat xlink:href="#lang_298" value="Greek"/><!-- ⲕⲁⲧⲁ -->
<feat xlink:href="#lang_300" value="Greek"/><!-- ⲅⲣⲁⲫⲏ -->
<feat xlink:href="#lang_314" value="Greek"/><!-- ⲥⲁⲣ︤ⲝ︥ -->
<feat xlink:href="#lang_320" value="Greek"/><!-- ⲇⲉ -->
<feat xlink:href="#lang_348" value="Greek"/><!-- ⲏ⳱ -->
<feat xlink:href="#lang_360" value="Greek"/><!-- ⲁⲡⲟⲧⲁⲥ -->
<feat xlink:href="#lang_379" value="Greek"/><!-- ⲥⳁⲟⲥ -->
<feat xlink:href="#lang_393" value="Greek"/><!-- ⲇⲉ -->
<feat xlink:href="#lang_402" value="Greek"/><!-- ⲡⲣⲟ -->
<feat xlink:href="#lang_406" value="Greek"/><!-- ⲁⲡⲟⲥⲧⲟ -->
<feat xlink:href="#lang_439" value="Greek"/><!-- ⲗⲁⲟⲥ -->
<feat xlink:href="#lang_441" value="Greek"/><!-- ⲕⲁⲧⲁ -->
<feat xlink:href="#lang_458" value="Greek"/><!-- ⲏ̂ -->
<feat xlink:href="#lang_461" value="Greek"/><!-- ⲏ̂ -->
<feat xlink:href="#lang_464" value="Greek"/><!-- ⲏ̂ -->
<feat xlink:href="#lang_467" value="Greek"/><!-- ⲏ̂ -->
<feat xlink:href="#lang_470" value="Greek"/><!-- ⲏ̂ -->
<feat xlink:href="#lang_474" value="Greek"/><!-- ⲏ̂ -->
<feat xlink:href="#lang_478" value="Greek"/><!-- ⲏ̂ -->
<feat xlink:href="#lang_482" value="Greek"/><!-- ⲏ̂ -->
<feat xlink:href="#lang_502" value="Greek"/><!-- ⲛⲟⲙⲉⲓ -->
<feat xlink:href="#lang_556" value="Greek"/><!-- ⲁⲛⲁⲅⲕⲁ -->
<feat xlink:href="#lang_583" value="Greek"/><!-- ⲁⲗⲗⲁ -->
<feat xlink:href="#lang_608" value="Greek"/><!-- ⲉⲓⲧⲉ -->
<feat xlink:href="#lang_611" value="Greek"/><!-- ⲉⲓⲧⲉ -->
<feat xlink:href="#lang_624" value="Greek"/><!-- ⲉⲓⲣⲏ -->
<feat xlink:href="#lang_644" value="Greek"/><!-- ⲁⲅⲅⲉⲗⲟⲥ -->
<feat xlink:href="#lang_674" value="Greek"/><!-- ⲇⲓⲕⲁⲓⲟⲥ -->
<feat xlink:href="#lang_699" value="Greek"/><!-- ⲡⲓ -->
<feat xlink:href="#lang_717" value="Greek"/><!-- ⲥⲟⲫⲟⲥ -->
<feat xlink:href="#lang_721" value="Greek"/><!-- ⲉ -->
<feat xlink:href="#lang_752" value="Hebrew"/><!-- ⲓ︤ⲥ︥ -->
<feat xlink:href="#lang_764" value="Greek"/><!-- ⲁⲅⲅⲉⲗⲟⲥ -->
<feat xlink:href="#lang_774" value="Greek"/><!-- ⲡⲣⲟⲫⲏ -->
<feat xlink:href="#lang_781" value="Greek"/><!-- ⲡⲁⲩⲗⲟⲥ -->
<feat xlink:href="#lang_784" value="Greek"/><!-- ⲁⲡⲟ -->
<feat xlink:href="#lang_807" value="Greek"/><!-- ⲡⲓⲥⲧⲓⲥ -->
<feat xlink:href="#lang_814" value="Greek"/><!-- ⲁⲅⲁⲡⲏ -->
<feat xlink:href="#lang_817" value="Greek"/><!-- ϩⲩⲡⲟⲙⲟ -->
<feat xlink:href="#lang_822" value="Greek"/><!-- ⲇⲓⲱⲅⲙⲟⲥ -->
<feat xlink:href="#lang_860" value="Greek"/><!-- ⲡⲣⲟ -->
<feat xlink:href="#lang_864" value="Greek"/><!-- ⲡⲁⲗⲓⲛ -->
<feat xlink:href="#lang_892" value="Greek"/><!-- ⲙⲁⲗⲓⲥⲧⲁ -->
<feat xlink:href="#lang_893" value="Greek"/><!-- ⲇⲉ -->
<feat xlink:href="#lang_896" value="Greek"/><!-- ⲅⲣⲁ -->
<feat xlink:href="#lang_905" value="Hebrew"/><!-- ⲓ︤ⲥ︥ -->
<feat xlink:href="#lang_944" value="Hebrew"/><!-- ⲓ︤ⲥ︥ -->
<feat xlink:href="#lang_946" value="Greek"/><!-- ⲉⲓⲙⲏⲧⲓ -->
<feat xlink:href="#lang_974" value="Greek"/><!-- ⲕⲁⲧⲁ -->
<feat xlink:href="#lang_976" value="Greek"/><!-- ⲅⲣⲁⲫⲏ -->
<feat xlink:href="#lang_983" value="Hebrew"/><!-- ⲓ︤ⲥ︥ -->
<feat xlink:href="#lang_999" value="Greek"/><!-- ⲕⲁⲧⲁ -->
<feat xlink:href="#lang_1005" value="Greek"/><!-- ⲁⲡⲟ -->
<feat xlink:href="#lang_1014" value="Greek"/><!-- ⲇⲉ -->
<feat xlink:href="#lang_1030" value="Greek"/><!-- ⲁⲅⲅⲉⲗⲟⲥ -->
<feat xlink:href="#lang_1037" value="Greek"/><!-- ⲉⲓⲙⲏ -->
<feat xlink:href="#lang_1071" value="Hebrew"/><!-- ⲓ︤ⲥ︥ -->
<feat xlink:href="#lang_1081" value="Greek"/><!-- ⲇⲓⲁ -->
<feat xlink:href="#lang_1105" value="Greek"/><!-- ⲡⲣⲟⲫⲏ -->
<feat xlink:href="#lang_1109" value="Greek"/><!-- ⲁⲡⲟⲥⲧⲟⲗⲟⲥ -->
<feat xlink:href="#lang_1110" value="Greek"/><!-- ⲉⲓⲙⲏⲧⲓ -->
<feat xlink:href="#lang_1198" value="Greek"/><!-- ⲙⲁⲥⲧⲓⲕ[ⲟⲩ] -->
<feat xlink:href="#lang_1222" value="Greek"/><!-- ⲡⲟ -->
<feat xlink:href="#lang_1237" value="Greek"/><!-- ⲥⲩⲛⲁ -->
<feat xlink:href="#lang_1242" value="Hebrew"/><!-- ⲥⲩⲛ -->
</featList>
</paula>
