<?xml version='1.0' encoding='UTF-8'?><!DOCTYPE paula SYSTEM "paula_feat.dtd">
<paula version="1.1">
	<header paula_id="scriptorium.life.phib.01.mark_pos"/>
	<featList xmlns:xlink="http://www.w3.org/1999/xlink" type="pos" xml:base="scriptorium.life.phib.01.mark.xml">
		<feat xlink:href="#sSpan1" value="ART"/>
		<feat xlink:href="#sSpan10" value="N"/>
		<feat xlink:href="#sSpan12" value="PREP"/>
		<feat xlink:href="#sSpan16" value="PPOS"/>
		<feat xlink:href="#sSpan20" value="N"/>
		<feat xlink:href="#sSpan24" value="PREP"/>
		<feat xlink:href="#sSpan28" value="N"/>
		<feat xlink:href="#sSpan31" value="N"/>
		<feat xlink:href="#sSpan36" value="NPROP"/>
		<feat xlink:href="#sSpan40" value="ART"/>
		<feat xlink:href="#sSpan46" value="N"/>
		<feat xlink:href="#sSpan48" value="CREL"/>
		<feat xlink:href="#sSpan52" value="VSTAT"/>
		<feat xlink:href="#sSpan54" value="CCIRC"/>
		<feat xlink:href="#sSpan58" value="APST"/>
		<feat xlink:href="#sSpan60" value="PPERS"/>
		<feat xlink:href="#sSpan62" value="V"/>
		<feat xlink:href="#sSpan64" value="PREP"/>
		<feat xlink:href="#sSpan68" value="PPERO"/>
		<feat xlink:href="#sSpan70" value="PTC"/>
		<feat xlink:href="#sSpan74" value="NPROP"/>
		<feat xlink:href="#sSpan78" value="ART"/>
		<feat xlink:href="#sSpan83" value="N"/>
		<feat xlink:href="#sSpan85" value="PREP"/>
		<feat xlink:href="#sSpan90" value="N"/>
		<feat xlink:href="#sSpan94" value="NPROP"/>
		<feat xlink:href="#sSpan98" value="ART"/>
		<feat xlink:href="#sSpan103" value="N"/>
		<feat xlink:href="#sSpan105" value="CREL"/>
		<feat xlink:href="#sSpan109" value="VSTAT"/>
		<feat xlink:href="#sSpan111" value="PUNCT"/>
		<feat xlink:href="#sSpan115" value="CREL"/>
		<feat xlink:href="#sSpan120" value="APST"/>
		<feat xlink:href="#sSpan122" value="PPERS"/>
		<feat xlink:href="#sSpan124" value="V"/>
		<feat xlink:href="#sSpan127" value="PTC"/>
		<feat xlink:href="#sSpan131" value="PREP"/>
		<feat xlink:href="#sSpan135" value="PPERO"/>
		<feat xlink:href="#sSpan137" value="PTC"/>
		<feat xlink:href="#sSpan141" value="ART"/>
		<feat xlink:href="#sSpan145" value="N"/>
		<feat xlink:href="#sSpan148" value="N"/>
		<feat xlink:href="#sSpan153" value="NPROP"/>
		<feat xlink:href="#sSpan157" value="PREP"/>
		<feat xlink:href="#sSpan162" value="NUM"/>
		<feat xlink:href="#sSpan166" value="PREP"/>
		<feat xlink:href="#sSpan171" value="ART"/>
		<feat xlink:href="#sSpan173" value="N"/>
		<feat xlink:href="#sSpan176" value="NPROP"/>
		<feat xlink:href="#sSpan180" value="PREP"/>
		<feat xlink:href="#sSpan184" value="ART"/>
		<feat xlink:href="#sSpan188" value="N"/>
		<feat xlink:href="#sSpan190" value="PREP"/>
		<feat xlink:href="#sSpan194" value="ART"/>
		<feat xlink:href="#sSpan197" value="N"/>
		<feat xlink:href="#sSpan199" value="PUNCT"/>
		<feat xlink:href="#sSpan203" value="CCIRC"/>
		<feat xlink:href="#sSpan208" value="PPOS"/>
		<feat xlink:href="#sSpan212" value="N"/>
		<feat xlink:href="#sSpan214" value="FUT"/>
		<feat xlink:href="#sSpan218" value="V"/>
		<feat xlink:href="#sSpan220" value="PREP"/>
		<feat xlink:href="#sSpan224" value="PPERO"/>
		<feat xlink:href="#sSpan227" value="PTC"/>
		<feat xlink:href="#sSpan231" value="PUNCT"/>
		<feat xlink:href="#sSpan236" value="ADV"/>
		<feat xlink:href="#sSpan243" value="ART"/>
		<feat xlink:href="#sSpan248" value="N"/>
		<feat xlink:href="#sSpan250" value="COP"/>
		<feat xlink:href="#sSpan254" value="ART"/>
		<feat xlink:href="#sSpan259" value="N"/>
		<feat xlink:href="#sSpan261" value="PREP"/>
		<feat xlink:href="#sSpan265" value="ART"/>
		<feat xlink:href="#sSpan268" value="N"/>
		<feat xlink:href="#sSpan270" value="CREL"/>
		<feat xlink:href="#sSpan275" value="VSTAT"/>
		<feat xlink:href="#sSpan278" value="NPROP"/>
		<feat xlink:href="#sSpan282" value="CCIRC"/>
		<feat xlink:href="#sSpan286" value="PPERS"/>
		<feat xlink:href="#sSpan288" value="V"/>
		<feat xlink:href="#sSpan291" value="ADV"/>
		<feat xlink:href="#sSpan295" value="CCIRC"/>
		<feat xlink:href="#sSpan299" value="PPERS"/>
		<feat xlink:href="#sSpan301" value="V"/>
		<feat xlink:href="#sSpan303" value="PREP"/>
		<feat xlink:href="#sSpan307" value="PPERO"/>
		<feat xlink:href="#sSpan309" value="CONJ"/>
		<feat xlink:href="#sSpan313" value="PUNCT"/>
		<feat xlink:href="#sSpan317" value="ART"/>
		<feat xlink:href="#sSpan325" value="N"/>
		<feat xlink:href="#sSpan327" value="FUT"/>
		<feat xlink:href="#sSpan331" value="V"/>
		<feat xlink:href="#sSpan333" value="PREP"/>
		<feat xlink:href="#sSpan338" value="N"/>
		<feat xlink:href="#sSpan343" value="PREP"/>
		<feat xlink:href="#sSpan347" value="N"/>
		<feat xlink:href="#sSpan350" value="PUNCT"/>
		<feat xlink:href="#sSpan354" value="CONJ"/>
		<feat xlink:href="#sSpan358" value="ADV"/>
		<feat xlink:href="#sSpan362" value="CONJ"/>
		<feat xlink:href="#sSpan366" value="PUNCT"/>
		<feat xlink:href="#sSpan370" value="ART"/>
		<feat xlink:href="#sSpan379" value="N"/>
		<feat xlink:href="#sSpan381" value="FUT"/>
		<feat xlink:href="#sSpan385" value="V"/>
		<feat xlink:href="#sSpan387" value="PREP"/>
		<feat xlink:href="#sSpan391" value="ART"/>
		<feat xlink:href="#sSpan393" value="N"/>
		<feat xlink:href="#sSpan395" value="PREP"/>
		<feat xlink:href="#sSpan399" value="ART"/>
		<feat xlink:href="#sSpan402" value="N"/>
		<feat xlink:href="#sSpan404" value="ACONJ"/>
		<feat xlink:href="#sSpan408" value="PPERS"/>
		<feat xlink:href="#sSpan410" value="V"/>
		<feat xlink:href="#sSpan412" value="ADV"/>
		<feat xlink:href="#sSpan416" value="PREP"/>
		<feat xlink:href="#sSpan420" value="ART"/>
		<feat xlink:href="#sSpan422" value="N"/>
		<feat xlink:href="#sSpan424" value="PREP"/>
		<feat xlink:href="#sSpan428" value="ART"/>
		<feat xlink:href="#sSpan432" value="N"/>
		<feat xlink:href="#sSpan434" value="CREL"/>
		<feat xlink:href="#sSpan438" value="PREP"/>
		<feat xlink:href="#sSpan440" value="ART"/>
		<feat xlink:href="#sSpan444" value="N"/>
		<feat xlink:href="#sSpan446" value="PUNCT"/>
		<feat xlink:href="#sSpan450" value="APST"/>
		<feat xlink:href="#sSpan454" value="PDEM"/>
		<feat xlink:href="#sSpan457" value="V"/>
		<feat xlink:href="#sSpan461" value="ADV"/>
		<feat xlink:href="#sSpan465" value="PREP"/>
		<feat xlink:href="#sSpan469" value="PDEM"/>
		<feat xlink:href="#sSpan473" value="N"/>
		<feat xlink:href="#sSpan477" value="PUNCT"/>
		<feat xlink:href="#sSpan481" value="CPRET"/>
		<feat xlink:href="#sSpan488" value="EXIST"/>
		<feat xlink:href="#sSpan490" value="ART"/>
		<feat xlink:href="#sSpan493" value="N"/>
		<feat xlink:href="#sSpan496" value="PTC"/>
		<feat xlink:href="#sSpan500" value="PREP"/>
		<feat xlink:href="#sSpan504" value="PPOS"/>
		<feat xlink:href="#sSpan507" value="N"/>
		<feat xlink:href="#sSpan509" value="COP"/>
		<feat xlink:href="#sSpan514" value="N"/>
		<feat xlink:href="#sSpan520" value="NPROP"/>
		<feat xlink:href="#sSpan524" value="CCIRC"/>
		<feat xlink:href="#sSpan528" value="PPERS"/>
		<feat xlink:href="#sSpan530" value="V"/>
		<feat xlink:href="#sSpan532" value="PREP"/>
		<feat xlink:href="#sSpan534" value="ART"/>
		<feat xlink:href="#sSpan537" value="N"/>
		<feat xlink:href="#sSpan539" value="COP"/>
		<feat xlink:href="#sSpan543" value="PREP"/>
		<feat xlink:href="#sSpan547" value="ART"/>
		<feat xlink:href="#sSpan550" value="N"/>
		<feat xlink:href="#sSpan552" value="PREP"/>
		<feat xlink:href="#sSpan556" value="N"/>
		<feat xlink:href="#sSpan559" value="PUNCT"/>
		<feat xlink:href="#sSpan563" value="APST"/>
		<feat xlink:href="#sSpan568" value="PPERS"/>
		<feat xlink:href="#sSpan570" value="V"/>
		<feat xlink:href="#sSpan573" value="PREP"/>
		<feat xlink:href="#sSpan577" value="PPOS"/>
		<feat xlink:href="#sSpan580" value="N"/>
		<feat xlink:href="#sSpan582" value="CREL"/>
		<feat xlink:href="#sSpan586" value="VSTAT"/>
		<feat xlink:href="#sSpan589" value="N"/>
		<feat xlink:href="#sSpan594" value="NPROP"/>
		<feat xlink:href="#sSpan598" value="APST"/>
		<feat xlink:href="#sSpan602" value="PPERS"/>
		<feat xlink:href="#sSpan605" value="V"/>
		<feat xlink:href="#sSpan610" value="PREP"/>
		<feat xlink:href="#sSpan614" value="PPERO"/>
		<feat xlink:href="#sSpan616" value="PUNCT"/>
		<feat xlink:href="#sSpan620" value="APST"/>
		<feat xlink:href="#sSpan625" value="PPERS"/>
		<feat xlink:href="#sSpan627" value="V"/>
		<feat xlink:href="#sSpan630" value="PTC"/>
		<feat xlink:href="#sSpan634" value="PREP"/>
		<feat xlink:href="#sSpan638" value="PPOS"/>
		<feat xlink:href="#sSpan640" value="N"/>
		<feat xlink:href="#sSpan642" value="FUT"/>
		<feat xlink:href="#sSpan646" value="NUM"/>
		<feat xlink:href="#sSpan649" value="PREP"/>
		<feat xlink:href="#sSpan653" value="N"/>
		<feat xlink:href="#sSpan655" value="PUNCT"/>
		<feat xlink:href="#sSpan659" value="PREP"/>
		<feat xlink:href="#sSpan664" value="PPERO"/>
		<feat xlink:href="#sSpan666" value="APST"/>
		<feat xlink:href="#sSpan671" value="PPERS"/>
		<feat xlink:href="#sSpan674" value="V"/>
		<feat xlink:href="#sSpan676" value="PREP"/>
		<feat xlink:href="#sSpan680" value="V"/>
		<feat xlink:href="#sSpan682" value="PPERO"/>
		<feat xlink:href="#sSpan684" value="PREP"/>
		<feat xlink:href="#sSpan688" value="ART"/>
		<feat xlink:href="#sSpan691" value="N"/>
		<feat xlink:href="#sSpan693" value="APST"/>
		<feat xlink:href="#sSpan697" value="PPERS"/>
		<feat xlink:href="#sSpan699" value="V"/>
		<feat xlink:href="#sSpan701" value="PPERO"/>
		<feat xlink:href="#sSpan703" value="PREP"/>
		<feat xlink:href="#sSpan707" value="PPOS"/>
		<feat xlink:href="#sSpan709" value="N"/>
		<feat xlink:href="#sSpan711" value="PREP"/>
		<feat xlink:href="#sSpan715" value="ART"/>
		<feat xlink:href="#sSpan720" value="N"/>
		<feat xlink:href="#sSpan722" value="PREP"/>
		<feat xlink:href="#sSpan726" value="PDEM"/>
		<feat xlink:href="#sSpan728" value="ART"/>
		<feat xlink:href="#sSpan731" value="N"/>
		<feat xlink:href="#sSpan733" value="APST"/>
		<feat xlink:href="#sSpan737" value="PPERS"/>
		<feat xlink:href="#sSpan739" value="V"/>
		<feat xlink:href="#sSpan742" value="PREP"/>
		<feat xlink:href="#sSpan746" value="ART"/>
		<feat xlink:href="#sSpan749" value="N"/>
		<feat xlink:href="#sSpan751" value="CREL"/>
		<feat xlink:href="#sSpan755" value="APST"/>
		<feat xlink:href="#sSpan757" value="PPERS"/>
		<feat xlink:href="#sSpan759" value="V"/>
		<feat xlink:href="#sSpan761" value="PREP"/>
		<feat xlink:href="#sSpan765" value="PPERO"/>
		<feat xlink:href="#sSpan767" value="PUNCT"/>
		<feat xlink:href="#sSpan771" value="PPERI"/>
		<feat xlink:href="#sSpan777" value="PTC"/>
		<feat xlink:href="#sSpan781" value="PREP"/>
		<feat xlink:href="#sSpan785" value="ART"/>
		<feat xlink:href="#sSpan788" value="N"/>
		<feat xlink:href="#sSpan790" value="CPRET"/>
		<feat xlink:href="#sSpan794" value="PPERS"/>
		<feat xlink:href="#sSpan796" value="VSTAT"/>
		<feat xlink:href="#sSpan798" value="PREP"/>
		<feat xlink:href="#sSpan802" value="PPOS"/>
		<feat xlink:href="#sSpan804" value="N"/>
		<feat xlink:href="#sSpan806" value="CCIRC"/>
		<feat xlink:href="#sSpan810" value="PPERS"/>
		<feat xlink:href="#sSpan812" value="V"/>
		<feat xlink:href="#sSpan815" value="PREP"/>
		<feat xlink:href="#sSpan819" value="ART"/>
		<feat xlink:href="#sSpan822" value="N"/>
		<feat xlink:href="#sSpan824" value="PREP"/>
		<feat xlink:href="#sSpan830" value="N"/>
		<feat xlink:href="#sSpan832" value="CCIRC"/>
		<feat xlink:href="#sSpan836" value="EXIST"/>
		<feat xlink:href="#sSpan838" value="N"/>
		<feat xlink:href="#sSpan841" value="PREP"/>
		<feat xlink:href="#sSpan845" value="PINT"/>
		<feat xlink:href="#sSpan847" value="V"/>
		<feat xlink:href="#sSpan851" value="PREP"/>
		<feat xlink:href="#sSpan855" value="PPERO"/>
		<feat xlink:href="#sSpan858" value="CONJ"/>
		<feat xlink:href="#sSpan862" value="NEG"/>
		<feat xlink:href="#sSpan866" value="PPERS"/>
		<feat xlink:href="#sSpan868" value="FUT"/>
		<feat xlink:href="#sSpan870" value="V"/>
		<feat xlink:href="#sSpan872" value="V"/>
		<feat xlink:href="#sSpan874" value="NEG"/>
		<feat xlink:href="#sSpan878" value="PREP"/>
		<feat xlink:href="#sSpan882" value="PPOS"/>
		<feat xlink:href="#sSpan885" value="N"/>
		<feat xlink:href="#sSpan887" value="PUNCT"/>
		<feat xlink:href="#sSpan891" value="V"/>
		<feat xlink:href="#sSpan898" value="PREP"/>
		<feat xlink:href="#sSpan902" value="PPERO"/>
		<feat xlink:href="#sSpan904" value="PPOS"/>
		<feat xlink:href="#sSpan909" value="N"/>
		<feat xlink:href="#sSpan911" value="PREP"/>
		<feat xlink:href="#sSpan915" value="N"/>
		<feat xlink:href="#sSpan917" value="PREP"/>
		<feat xlink:href="#sSpan921" value="ART"/>
		<feat xlink:href="#sSpan925" value="N"/>
		<feat xlink:href="#sSpan927" value="CREL"/>
		<feat xlink:href="#sSpan931" value="PPERS"/>
		<feat xlink:href="#sSpan933" value="V"/>
		<feat xlink:href="#sSpan935" value="PPERO"/>
		<feat xlink:href="#sSpan937" value="PREP"/>
		<feat xlink:href="#sSpan941" value="ART"/>
		<feat xlink:href="#sSpan944" value="N"/>
		<feat xlink:href="#sSpan946" value="PREP"/>
		<feat xlink:href="#sSpan950" value="ART"/>
		<feat xlink:href="#sSpan953" value="N"/>
		<feat xlink:href="#sSpan955" value="PREP"/>
		<feat xlink:href="#sSpan959" value="N"/>
		<feat xlink:href="#sSpan962" value="PREP"/>
		<feat xlink:href="#sSpan966" value="PPOS"/>
		<feat xlink:href="#sSpan970" value="N"/>
		<feat xlink:href="#sSpan972" value="PREP"/>
		<feat xlink:href="#sSpan976" value="N"/>
		<feat xlink:href="#sSpan979" value="N"/>
		<feat xlink:href="#sSpan984" value="NPROP"/>
		<feat xlink:href="#sSpan988" value="ART"/>
		<feat xlink:href="#sSpan992" value="N"/>
		<feat xlink:href="#sSpan994" value="PREP"/>
		<feat xlink:href="#sSpan998" value="ART"/>
		<feat xlink:href="#sSpan1001" value="N"/>
		<feat xlink:href="#sSpan1003" value="PUNCT"/>
		<feat xlink:href="#sSpan1007" value="ART"/>
		<feat xlink:href="#sSpan1013" value="CREL"/>
		<feat xlink:href="#sSpan1015" value="APST"/>
		<feat xlink:href="#sSpan1017" value="PPERS"/>
		<feat xlink:href="#sSpan1019" value="V"/>
		<feat xlink:href="#sSpan1022" value="ADV"/>
		<feat xlink:href="#sSpan1026" value="PREP"/>
		<feat xlink:href="#sSpan1030" value="PPOS"/>
		<feat xlink:href="#sSpan1034" value="N"/>
		<feat xlink:href="#sSpan1036" value="PREP"/>
		<feat xlink:href="#sSpan1040" value="ART"/>
		<feat xlink:href="#sSpan1044" value="N"/>
		<feat xlink:href="#sSpan1046" value="CCIRC"/>
		<feat xlink:href="#sSpan1050" value="PPERS"/>
		<feat xlink:href="#sSpan1052" value="VSTAT"/>
		<feat xlink:href="#sSpan1054" value="PREP"/>
		<feat xlink:href="#sSpan1058" value="ART"/>
		<feat xlink:href="#sSpan1061" value="N"/>
		<feat xlink:href="#sSpan1063" value="PUNCT"/>
		<feat xlink:href="#sSpan1067" value="ART"/>
		<feat xlink:href="#sSpan1073" value="CREL"/>
		<feat xlink:href="#sSpan1075" value="APST"/>
		<feat xlink:href="#sSpan1077" value="PPERS"/>
		<feat xlink:href="#sSpan1079" value="V"/>
		<feat xlink:href="#sSpan1081" value="PREP"/>
		<feat xlink:href="#sSpan1085" value="N"/>
		<feat xlink:href="#sSpan1088" value="PREP"/>
		<feat xlink:href="#sSpan1092" value="V"/>
		<feat xlink:href="#sSpan1094" value="PREP"/>
		<feat xlink:href="#sSpan1098" value="ART"/>
		<feat xlink:href="#sSpan1101" value="N"/>
		<feat xlink:href="#sSpan1103" value="CONJ"/>
		<feat xlink:href="#sSpan1107" value="ART"/>
		<feat xlink:href="#sSpan1112" value="N"/>
		<feat xlink:href="#sSpan1114" value="PREP"/>
		<feat xlink:href="#sSpan1118" value="N"/>
		<feat xlink:href="#sSpan1121" value="PREP"/>
		<feat xlink:href="#sSpan1125" value="ART"/>
		<feat xlink:href="#sSpan1128" value="N"/>
		<feat xlink:href="#sSpan1130" value="CONJ"/>
		<feat xlink:href="#sSpan1134" value="ART"/>
		<feat xlink:href="#sSpan1139" value="N"/>
		<feat xlink:href="#sSpan1141" value="PREP"/>
		<feat xlink:href="#sSpan1145" value="V"/>
		<feat xlink:href="#sSpan1147" value="ADV"/>
		<feat xlink:href="#sSpan1151" value="PREP"/>
		<feat xlink:href="#sSpan1155" value="ART"/>
		<feat xlink:href="#sSpan1159" value="N"/>
		<feat xlink:href="#sSpan1161" value="CREL"/>
		<feat xlink:href="#sSpan1165" value="VSTAT"/>
		<feat xlink:href="#sSpan1167" value="PUNCT"/>
		<feat xlink:href="#sSpan1171" value="PPERI"/>
		<feat xlink:href="#sSpan1177" value="PTC"/>
		<feat xlink:href="#sSpan1181" value="V"/>
		<feat xlink:href="#sSpan1186" value="ART"/>
		<feat xlink:href="#sSpan1193" value="N"/>
		<feat xlink:href="#sSpan1195" value="PDEM"/>
		<feat xlink:href="#sSpan1201" value="N"/>
		<feat xlink:href="#sSpan1203" value="CPRET"/>
		<feat xlink:href="#sSpan1207" value="PPERS"/>
		<feat xlink:href="#sSpan1209" value="VSTAT"/>
		<feat xlink:href="#sSpan1211" value="PREP"/>
		<feat xlink:href="#sSpan1215" value="N"/>
		<feat xlink:href="#sSpan1218" value="N"/>
		<feat xlink:href="#sSpan1222" value="CCIRC"/>
		<feat xlink:href="#sSpan1226" value="PPERS"/>
		<feat xlink:href="#sSpan1228" value="VSTAT"/>
		<feat xlink:href="#sSpan1230" value="PREP"/>
		<feat xlink:href="#sSpan1234" value="ART"/>
		<feat xlink:href="#sSpan1237" value="N"/>
		<feat xlink:href="#sSpan1239" value="PREP"/>
		<feat xlink:href="#sSpan1243" value="PPOS"/>
		<feat xlink:href="#sSpan1246" value="N"/>
		<feat xlink:href="#sSpan1248" value="PUNCT"/>
		<feat xlink:href="#sSpan1252" value="APST"/>
		<feat xlink:href="#sSpan1257" value="ART"/>
		<feat xlink:href="#sSpan1260" value="N"/>
		<feat xlink:href="#sSpan1262" value="V"/>
		<feat xlink:href="#sSpan1266" value="PREP"/>
		<feat xlink:href="#sSpan1270" value="PPOS"/>
		<feat xlink:href="#sSpan1274" value="N"/>
		<feat xlink:href="#sSpan1276" value="APST"/>
		<feat xlink:href="#sSpan1280" value="PPERS"/>
		<feat xlink:href="#sSpan1282" value="V"/>
		<feat xlink:href="#sSpan1284" value="ADV"/>
		<feat xlink:href="#sSpan1288" value="PREP"/>
		<feat xlink:href="#sSpan1292" value="ART"/>
		<feat xlink:href="#sSpan1295" value="N"/>
		<feat xlink:href="#sSpan1297" value="PREP"/>
		<feat xlink:href="#sSpan1301" value="PPOS"/>
		<feat xlink:href="#sSpan1304" value="N"/>
		<feat xlink:href="#sSpan1306" value="APST"/>
		<feat xlink:href="#sSpan1310" value="PPERS"/>
		<feat xlink:href="#sSpan1312" value="V"/>
		<feat xlink:href="#sSpan1314" value="N"/>
		<feat xlink:href="#sSpan1319" value="N"/>
		<feat xlink:href="#sSpan1324" value="PREP"/>
		<feat xlink:href="#sSpan1328" value="ART"/>
		<feat xlink:href="#sSpan1331" value="N"/>
		<feat xlink:href="#sSpan1333" value="PREP"/>
		<feat xlink:href="#sSpan1337" value="ART"/>
		<feat xlink:href="#sSpan1341" value="N"/>
		<feat xlink:href="#sSpan1343" value="APST"/>
		<feat xlink:href="#sSpan1347" value="PPERS"/>
		<feat xlink:href="#sSpan1349" value="V"/>
		<feat xlink:href="#sSpan1351" value="PREP"/>
		<feat xlink:href="#sSpan1355" value="PPERO"/>
		<feat xlink:href="#sSpan1357" value="PREP"/>
		<feat xlink:href="#sSpan1361" value="ART"/>
		<feat xlink:href="#sSpan1364" value="N"/>
		<feat xlink:href="#sSpan1366" value="CREL"/>
		<feat xlink:href="#sSpan1370" value="VBD"/>
		<feat xlink:href="#sSpan1372" value="PPERS"/>
		<feat xlink:href="#sSpan1374" value="PREP"/>
		<feat xlink:href="#sSpan1379" value="N"/>
		<feat xlink:href="#sSpan1385" value="APST"/>
		<feat xlink:href="#sSpan1389" value="PPERS"/>
		<feat xlink:href="#sSpan1391" value="V"/>
		<feat xlink:href="#sSpan1393" value="PREP"/>
		<feat xlink:href="#sSpan1397" value="ART"/>
		<feat xlink:href="#sSpan1401" value="N"/>
		<feat xlink:href="#sSpan1403" value="PREP"/>
		<feat xlink:href="#sSpan1407" value="ART"/>
		<feat xlink:href="#sSpan1410" value="N"/>
		<feat xlink:href="#sSpan1412" value="CREL"/>
		<feat xlink:href="#sSpan1416" value="EXIST"/>
		<feat xlink:href="#sSpan1418" value="N"/>
		<feat xlink:href="#sSpan1421" value="PREP"/>
		<feat xlink:href="#sSpan1425" value="PPERO"/>
		<feat xlink:href="#sSpan1427" value="CREL"/>
		<feat xlink:href="#sSpan1431" value="PPOS"/>
		<feat xlink:href="#sSpan1434" value="N"/>
		<feat xlink:href="#sSpan1436" value="PREP"/>
		<feat xlink:href="#sSpan1440" value="N"/>
		<feat xlink:href="#sSpan1442" value="COP"/>
		<feat xlink:href="#sSpan1446" value="PREP"/>
		<feat xlink:href="#sSpan1450" value="PPOS"/>
		<feat xlink:href="#sSpan1454" value="N"/>
		<feat xlink:href="#sSpan1456" value="PREP"/>
		<feat xlink:href="#sSpan1460" value="N"/>
		<feat xlink:href="#sSpan1463" value="N"/>
		<feat xlink:href="#sSpan1468" value="NPROP"/>
		<feat xlink:href="#sSpan1472" value="ART"/>
		<feat xlink:href="#sSpan1479" value="N"/>
		<feat xlink:href="#sSpan1481" value="ADV"/>
		<feat xlink:href="#sSpan1485" value="CREL"/>
		<feat xlink:href="#sSpan1489" value="EXIST"/>
		<feat xlink:href="#sSpan1491" value="N"/>
		<feat xlink:href="#sSpan1494" value="PREP"/>
		<feat xlink:href="#sSpan1498" value="PPERO"/>
		<feat xlink:href="#sSpan1500" value="PUNCT"/>
		<feat xlink:href="#sSpan1504" value="CCIRC"/>
		<feat xlink:href="#sSpan1511" value="PPERS"/>
		<feat xlink:href="#sSpan1513" value="VSTAT"/>
		<feat xlink:href="#sSpan1516" value="PTC"/>
		<feat xlink:href="#sSpan1520" value="PREP"/>
		<feat xlink:href="#sSpan1524" value="PDEM"/>
		<feat xlink:href="#sSpan1527" value="N"/>
		<feat xlink:href="#sSpan1529" value="PREP"/>
		<feat xlink:href="#sSpan1533" value="ART"/>
		<feat xlink:href="#sSpan1536" value="N"/>
		<feat xlink:href="#sSpan1538" value="ANY"/>
		<feat xlink:href="#sSpan1542" value="ART"/>
		<feat xlink:href="#sSpan1547" value="N"/>
		<feat xlink:href="#sSpan1549" value="V"/>
		<feat xlink:href="#sSpan1554" value="ADV"/>
		<feat xlink:href="#sSpan1558" value="PREP"/>
		<feat xlink:href="#sSpan1562" value="PPOS"/>
		<feat xlink:href="#sSpan1565" value="N"/>
		<feat xlink:href="#sSpan1567" value="ADV"/>
		<feat xlink:href="#sSpan1571" value="PREP"/>
		<feat xlink:href="#sSpan1575" value="PPERO"/>
		<feat xlink:href="#sSpan1577" value="APST"/>
		<feat xlink:href="#sSpan1581" value="PPERS"/>
		<feat xlink:href="#sSpan1583" value="V"/>
		<feat xlink:href="#sSpan1586" value="PTC"/>
		<feat xlink:href="#sSpan1590" value="PREP"/>
		<feat xlink:href="#sSpan1594" value="ART"/>
		<feat xlink:href="#sSpan1597" value="N"/>
		<feat xlink:href="#sSpan1599" value="APST"/>
		<feat xlink:href="#sSpan1603" value="PPERS"/>
		<feat xlink:href="#sSpan1605" value="V"/>
		<feat xlink:href="#sSpan1607" value="PREP"/>
		<feat xlink:href="#sSpan1611" value="PPERO"/>
		<feat xlink:href="#sSpan1613" value="ADV"/>
		<feat xlink:href="#sSpan1617" value="PREP"/>
		<feat xlink:href="#sSpan1621" value="ART"/>
		<feat xlink:href="#sSpan1623" value="N"/>
		<feat xlink:href="#sSpan1625" value="CCIRC"/>
		<feat xlink:href="#sSpan1629" value="PPOS"/>
		<feat xlink:href="#sSpan1632" value="N"/>
		<feat xlink:href="#sSpan1634" value="V"/>
		<feat xlink:href="#sSpan1638" value="PREP"/>
		<feat xlink:href="#sSpan1642" value="N"/>
		<feat xlink:href="#sSpan1645" value="PUNCT"/>
		<feat xlink:href="#sSpan1649" value="PREP"/>
		<feat xlink:href="#sSpan1654" value="PPERO"/>
		<feat xlink:href="#sSpan1656" value="PREP"/>
		<feat xlink:href="#sSpan1658" value="ART"/>
		<feat xlink:href="#sSpan1662" value="N"/>
		<feat xlink:href="#sSpan1666" value="PTC"/>
		<feat xlink:href="#sSpan1670" value="COP"/>
		<feat xlink:href="#sSpan1674" value="PPOS"/>
		<feat xlink:href="#sSpan1679" value="N"/>
		<feat xlink:href="#sSpan1681" value="ADV"/>
		<feat xlink:href="#sSpan1685" value="PREP"/>
		<feat xlink:href="#sSpan1689" value="N"/>
		<feat xlink:href="#sSpan1692" value="PINT"/>
		<feat xlink:href="#sSpan1696" value="ADV"/>
		<feat xlink:href="#sSpan1700" value="CCIRC"/>
		<feat xlink:href="#sSpan1704" value="VBD"/>
		<feat xlink:href="#sSpan1706" value="PPERS"/>
		<feat xlink:href="#sSpan1708" value="ADV"/>
		<feat xlink:href="#sSpan1712" value="PREP"/>
		<feat xlink:href="#sSpan1716" value="N"/>
		<feat xlink:href="#sSpan1719" value="PINT"/>
		<feat xlink:href="#sSpan1723" value="PREP"/>
		<feat xlink:href="#sSpan1727" value="PREP"/>
		<feat xlink:href="#sSpan1729" value="ART"/>
		<feat xlink:href="#sSpan1734" value="N"/>
		<feat xlink:href="#sSpan1736" value="PREP"/>
		<feat xlink:href="#sSpan1740" value="ART"/>
		<feat xlink:href="#sSpan1743" value="N"/>
		<feat xlink:href="#sSpan1745" value="PUNCT"/>
		<feat xlink:href="#sSpan1749" value="APST"/>
		<feat xlink:href="#sSpan1754" value="PPERS"/>
		<feat xlink:href="#sSpan1756" value="V_PPERO"/>
		<feat xlink:href="#sSpan1758" value="ADV"/>
		<feat xlink:href="#sSpan1762" value="PREP"/>
		<feat xlink:href="#sSpan1766" value="ART"/>
		<feat xlink:href="#sSpan1769" value="N"/>
		<feat xlink:href="#sSpan1771" value="APST"/>
		<feat xlink:href="#sSpan1775" value="PPERS"/>
		<feat xlink:href="#sSpan1777" value="V_PPERO"/>
		<feat xlink:href="#sSpan1779" value="PREP"/>
		<feat xlink:href="#sSpan1784" value="N"/>
		<feat xlink:href="#sSpan1787" value="PREP"/>
		<feat xlink:href="#sSpan1791" value="PPERO"/>
		<feat xlink:href="#sSpan1793" value="APST"/>
		<feat xlink:href="#sSpan1797" value="PPERS"/>
		<feat xlink:href="#sSpan1799" value="V"/>
		<feat xlink:href="#sSpan1801" value="PREP"/>
		<feat xlink:href="#sSpan1805" value="N"/>
		<feat xlink:href="#sSpan1807" value="PREP"/>
		<feat xlink:href="#sSpan1811" value="ART"/>
		<feat xlink:href="#sSpan1814" value="N"/>
		<feat xlink:href="#sSpan1816" value="PREP"/>
		<feat xlink:href="#sSpan1820" value="PPOS"/>
		<feat xlink:href="#sSpan1823" value="N"/>
		<feat xlink:href="#sSpan1825" value="CREL"/>
		<feat xlink:href="#sSpan1829" value="VSTAT"/>
		<feat xlink:href="#sSpan1831" value="PREP"/>
		<feat xlink:href="#sSpan1835" value="PPOS"/>
		<feat xlink:href="#sSpan1839" value="N"/>
		<feat xlink:href="#sSpan1842" value="PUNCT"/>
		<feat xlink:href="#sSpan1846" value="CCIRC"/>
		<feat xlink:href="#sSpan1851" value="CPRET"/>
		<feat xlink:href="#sSpan1853" value="PPERS"/>
		<feat xlink:href="#sSpan1855" value="ADV"/>
		<feat xlink:href="#sSpan1858" value="PTC"/>
		<feat xlink:href="#sSpan1862" value="PTC"/>
		<feat xlink:href="#sSpan1864" value="PPOS"/>
		<feat xlink:href="#sSpan1867" value="N"/>
		<feat xlink:href="#sSpan1869" value="PREP"/>
		<feat xlink:href="#sSpan1873" value="N"/>
		<feat xlink:href="#sSpan1876" value="N"/>
		<feat xlink:href="#sSpan1881" value="NPROP"/>
		<feat xlink:href="#sSpan1885" value="ART"/>
		<feat xlink:href="#sSpan1890" value="N"/>
		<feat xlink:href="#sSpan1892" value="CCIRC"/>
		<feat xlink:href="#sSpan1896" value="PPERS"/>
		<feat xlink:href="#sSpan1898" value="VSTAT"/>
		<feat xlink:href="#sSpan1900" value="PREP"/>
		<feat xlink:href="#sSpan1904" value="PPERO"/>
		<feat xlink:href="#sSpan1906" value="PUNCT"/>
		<feat xlink:href="#sSpan1910" value="PPERI"/>
		<feat xlink:href="#sSpan1916" value="PTC"/>
		<feat xlink:href="#sSpan1920" value="PREP"/>
		<feat xlink:href="#sSpan1924" value="ART"/>
		<feat xlink:href="#sSpan1927" value="N"/>
		<feat xlink:href="#sSpan1929" value="CPRET"/>
		<feat xlink:href="#sSpan1933" value="PPERS"/>
		<feat xlink:href="#sSpan1936" value="V"/>
		<feat xlink:href="#sSpan1938" value="PREP"/>
		<feat xlink:href="#sSpan1943" value="ART"/>
		<feat xlink:href="#sSpan1946" value="N"/>
		<feat xlink:href="#sSpan1948" value="PREP"/>
		<feat xlink:href="#sSpan1953" value="N"/>
		<feat xlink:href="#sSpan1955" value="PREP"/>
		<feat xlink:href="#sSpan1959" value="ART"/>
		<feat xlink:href="#sSpan1962" value="N"/>
		<feat xlink:href="#sSpan1964" value="PREP"/>
		<feat xlink:href="#sSpan1969" value="N"/>
		<feat xlink:href="#sSpan1971" value="CCIRC"/>
		<feat xlink:href="#sSpan1975" value="EXIST"/>
		<feat xlink:href="#sSpan1977" value="N"/>
		<feat xlink:href="#sSpan1980" value="PREP"/>
		<feat xlink:href="#sSpan1984" value="PPERO"/>
		<feat xlink:href="#sSpan1986" value="PUNCT"/>
		<feat xlink:href="#sSpan1991" value="N"/>
		<feat xlink:href="#sSpan1998" value="NPROP"/>
		<feat xlink:href="#sSpan2003" value="PTC"/>
		<feat xlink:href="#sSpan2007" value="CPRET"/>
		<feat xlink:href="#sSpan2011" value="ART"/>
		<feat xlink:href="#sSpan2014" value="N"/>
		<feat xlink:href="#sSpan2016" value="COP"/>
		<feat xlink:href="#sSpan2020" value="CCIRC"/>
		<feat xlink:href="#sSpan2024" value="PPERS"/>
		<feat xlink:href="#sSpan2026" value="V"/>
		<feat xlink:href="#sSpan2028" value="PREP"/>
		<feat xlink:href="#sSpan2032" value="ART"/>
		<feat xlink:href="#sSpan2035" value="N"/>
		<feat xlink:href="#sSpan2037" value="CCIRC"/>
		<feat xlink:href="#sSpan2041" value="PPERS"/>
		<feat xlink:href="#sSpan2043" value="V"/>
		<feat xlink:href="#sSpan2045" value="PREP"/>
		<feat xlink:href="#sSpan2049" value="V"/>
		<feat xlink:href="#sSpan2051" value="PREP"/>
		<feat xlink:href="#sSpan2055" value="ART"/>
		<feat xlink:href="#sSpan2058" value="N"/>
		<feat xlink:href="#sSpan2060" value="PREP"/>
		<feat xlink:href="#sSpan2064" value="N"/>
		<feat xlink:href="#sSpan2067" value="PINT"/>
		<feat xlink:href="#sSpan2071" value="CCIRC"/>
		<feat xlink:href="#sSpan2075" value="PPERS"/>
		<feat xlink:href="#sSpan2077" value="V"/>
		<feat xlink:href="#sSpan2079" value="PUNCT"/>
		<feat xlink:href="#sSpan2083" value="PPOS"/>
		<feat xlink:href="#sSpan2089" value="N"/>
		<feat xlink:href="#sSpan2092" value="PTC"/>
		<feat xlink:href="#sSpan2096" value="CPRET"/>
		<feat xlink:href="#sSpan2100" value="ART"/>
		<feat xlink:href="#sSpan2103" value="N"/>
		<feat xlink:href="#sSpan2105" value="COP"/>
		<feat xlink:href="#sSpan2109" value="ART"/>
		<feat xlink:href="#sSpan2114" value="N"/>
		<feat xlink:href="#sSpan2116" value="CCIRC"/>
		<feat xlink:href="#sSpan2120" value="PPERS"/>
		<feat xlink:href="#sSpan2122" value="V"/>
		<feat xlink:href="#sSpan2124" value="PREP"/>
		<feat xlink:href="#sSpan2128" value="ART"/>
		<feat xlink:href="#sSpan2131" value="N"/>
		<feat xlink:href="#sSpan2133" value="IMOD"/>
		<feat xlink:href="#sSpan2137" value="PPERO"/>
		<feat xlink:href="#sSpan2139" value="PREP"/>
		<feat xlink:href="#sSpan2143" value="ART"/>
		<feat xlink:href="#sSpan2146" value="N"/>
		<feat xlink:href="#sSpan2148" value="PREP"/>
		<feat xlink:href="#sSpan2152" value="ART"/>
		<feat xlink:href="#sSpan2154" value="N"/>
		<feat xlink:href="#sSpan2156" value="PREP"/>
		<feat xlink:href="#sSpan2160" value="ART"/>
		<feat xlink:href="#sSpan2163" value="N"/>
		<feat xlink:href="#sSpan2165" value="PREP"/>
		<feat xlink:href="#sSpan2169" value="N"/>
		<feat xlink:href="#sSpan2171" value="PUNCT"/>
		<feat xlink:href="#sSpan2175" value="ART"/>
		<feat xlink:href="#sSpan2181" value="N"/>
		<feat xlink:href="#sSpan2184" value="PTC"/>
		<feat xlink:href="#sSpan2188" value="CPRET"/>
		<feat xlink:href="#sSpan2192" value="PPERS"/>
		<feat xlink:href="#sSpan2194" value="VSTAT"/>
		<feat xlink:href="#sSpan2196" value="PREP"/>
		<feat xlink:href="#sSpan2200" value="PPERO"/>
		<feat xlink:href="#sSpan2202" value="PREP"/>
		<feat xlink:href="#sSpan2206" value="ART"/>
		<feat xlink:href="#sSpan2208" value="N"/>
		<feat xlink:href="#sSpan2210" value="PREP"/>
		<feat xlink:href="#sSpan2214" value="PPOS"/>
		<feat xlink:href="#sSpan2217" value="N"/>
		<feat xlink:href="#sSpan2219" value="PREP"/>
		<feat xlink:href="#sSpan2223" value="N"/>
		<feat xlink:href="#sSpan2226" value="CCIRC"/>
		<feat xlink:href="#sSpan2230" value="PPERS"/>
		<feat xlink:href="#sSpan2232" value="VSTAT"/>
		<feat xlink:href="#sSpan2234" value="ADV"/>
		<feat xlink:href="#sSpan2238" value="PREP"/>
		<feat xlink:href="#sSpan2242" value="PPOS"/>
		<feat xlink:href="#sSpan2245" value="N"/>
		<feat xlink:href="#sSpan2247" value="CCIRC"/>
		<feat xlink:href="#sSpan2251" value="PPERS"/>
		<feat xlink:href="#sSpan2253" value="V"/>
		<feat xlink:href="#sSpan2255" value="PREP"/>
		<feat xlink:href="#sSpan2259" value="ART"/>
		<feat xlink:href="#sSpan2262" value="N"/>
		<feat xlink:href="#sSpan2264" value="PREP"/>
		<feat xlink:href="#sSpan2268" value="ART"/>
		<feat xlink:href="#sSpan2271" value="N"/>
		<feat xlink:href="#sSpan2273" value="EXIST"/>
		<feat xlink:href="#sSpan2277" value="N"/>
		<feat xlink:href="#sSpan2280" value="CREL"/>
		<feat xlink:href="#sSpan2284" value="VSTAT"/>
		<feat xlink:href="#sSpan2286" value="CCIRC"/>
		<feat xlink:href="#sSpan2290" value="PPERS"/>
		<feat xlink:href="#sSpan2293" value="V"/>
		<feat xlink:href="#sSpan2296" value="PREP"/>
		<feat xlink:href="#sSpan2300" value="ART"/>
		<feat xlink:href="#sSpan2303" value="N"/>
		<feat xlink:href="#sSpan2305" value="PREP"/>
		<feat xlink:href="#sSpan2309" value="ART"/>
		<feat xlink:href="#sSpan2312" value="N"/>
		<feat xlink:href="#sSpan2314" value="CREL"/>
		<feat xlink:href="#sSpan2318" value="VSTAT"/>
		<feat xlink:href="#sSpan2320" value="ADV"/>
		<feat xlink:href="#sSpan2325" value="PREP"/>
		<feat xlink:href="#sSpan2329" value="PPERO"/>
		<feat xlink:href="#sSpan2331" value="PREP"/>
		<feat xlink:href="#sSpan2335" value="PPOS"/>
		<feat xlink:href="#sSpan2338" value="N"/>
		<feat xlink:href="#sSpan2340" value="PUNCT"/>
		<feat xlink:href="#sSpan2344" value="APST"/>
		<feat xlink:href="#sSpan2351" value="PPERS"/>
		<feat xlink:href="#sSpan2353" value="V"/>
		<feat xlink:href="#sSpan2355" value="ART"/>
		<feat xlink:href="#sSpan2358" value="N"/>
		<feat xlink:href="#sSpan2361" value="PTC"/>
		<feat xlink:href="#sSpan2365" value="PREP"/>
		<feat xlink:href="#sSpan2369" value="PPERO"/>
		<feat xlink:href="#sSpan2371" value="PREP"/>
		<feat xlink:href="#sSpan2375" value="PDEM"/>
		<feat xlink:href="#sSpan2378" value="N"/>
		<feat xlink:href="#sSpan2380" value="PREP"/>
		<feat xlink:href="#sSpan2384" value="PPERO"/>
		<feat xlink:href="#sSpan2386" value="APST"/>
		<feat xlink:href="#sSpan2390" value="PPERS"/>
		<feat xlink:href="#sSpan2392" value="V"/>
		<feat xlink:href="#sSpan2395" value="ADV"/>
		<feat xlink:href="#sSpan2399" value="PREP"/>
		<feat xlink:href="#sSpan2403" value="ART"/>
		<feat xlink:href="#sSpan2406" value="N"/>
		<feat xlink:href="#sSpan2408" value="CREL"/>
		<feat xlink:href="#sSpan2412" value="ADV"/>
		<feat xlink:href="#sSpan2414" value="APST"/>
		<feat xlink:href="#sSpan2418" value="PPERS"/>
		<feat xlink:href="#sSpan2420" value="V"/>
		<feat xlink:href="#sSpan2423" value="PREP"/>
		<feat xlink:href="#sSpan2427" value="ART"/>
		<feat xlink:href="#sSpan2430" value="N"/>
		<feat xlink:href="#sSpan2433" value="PREP"/>
		<feat xlink:href="#sSpan2437" value="PPERI"/>
		<feat xlink:href="#sSpan2439" value="IMOD"/>
		<feat xlink:href="#sSpan2443" value="PPERO"/>
		<feat xlink:href="#sSpan2445" value="PREP"/>
		<feat xlink:href="#sSpan2449" value="ART"/>
		<feat xlink:href="#sSpan2451" value="N"/>
		<feat xlink:href="#sSpan2453" value="PREP"/>
		<feat xlink:href="#sSpan2457" value="ART"/>
		<feat xlink:href="#sSpan2461" value="N"/>
		<feat xlink:href="#sSpan2463" value="PUNCT"/>
		<feat xlink:href="#sSpan2467" value="N"/>
		<feat xlink:href="#sSpan2473" value="PTC"/>
		<feat xlink:href="#sSpan2477" value="PINT"/>
		<feat xlink:href="#sSpan2481" value="CREL"/>
		<feat xlink:href="#sSpan2485" value="AAOR"/>
		<feat xlink:href="#sSpan2487" value="PPERS"/>
		<feat xlink:href="#sSpan2489" value="V"/>
		<feat xlink:href="#sSpan2491" value="PREP"/>
		<feat xlink:href="#sSpan2495" value="PPERO"/>
		<feat xlink:href="#sSpan2497" value="ACONJ"/>
		<feat xlink:href="#sSpan2501" value="ART"/>
		<feat xlink:href="#sSpan2504" value="N"/>
		<feat xlink:href="#sSpan2506" value="V"/>
		<feat xlink:href="#sSpan2510" value="PREP"/>
		<feat xlink:href="#sSpan2514" value="PPOS"/>
		<feat xlink:href="#sSpan2517" value="N"/>
		<feat xlink:href="#sSpan2519" value="AAOR"/>
		<feat xlink:href="#sSpan2523" value="PPERS"/>
		<feat xlink:href="#sSpan2525" value="V"/>
		<feat xlink:href="#sSpan2528" value="PREP"/>
		<feat xlink:href="#sSpan2532" value="PPERO"/>
		<feat xlink:href="#sSpan2534" value="ACONJ"/>
		<feat xlink:href="#sSpan2538" value="PPERS"/>
		<feat xlink:href="#sSpan2541" value="V"/>
		<feat xlink:href="#sSpan2544" value="CCIRC"/>
		<feat xlink:href="#sSpan2548" value="PPERS"/>
		<feat xlink:href="#sSpan2551" value="V"/>
		<feat xlink:href="#sSpan2553" value="PREP"/>
		<feat xlink:href="#sSpan2557" value="ART"/>
		<feat xlink:href="#sSpan2560" value="N"/>
		<feat xlink:href="#sSpan2563" value="ADV"/>
		<feat xlink:href="#sSpan2568" value="PREP"/>
		<feat xlink:href="#sSpan2570" value="PPERO"/>
		<feat xlink:href="#sSpan2572" value="PUNCT"/>
		<feat xlink:href="#sSpan2576" value="CONJ"/>
		<feat xlink:href="#sSpan2581" value="CPRET"/>
		<feat xlink:href="#sSpan2583" value="PPERS"/>
		<feat xlink:href="#sSpan2585" value="V"/>
		<feat xlink:href="#sSpan2587" value="PREP"/>
		<feat xlink:href="#sSpan2591" value="PPERO"/>
		<feat xlink:href="#sSpan2593" value="PREP"/>
		<feat xlink:href="#sSpan2597" value="ART"/>
		<feat xlink:href="#sSpan2599" value="N"/>
		<feat xlink:href="#sSpan2601" value="PREP"/>
		<feat xlink:href="#sSpan2605" value="PPOS"/>
		<feat xlink:href="#sSpan2609" value="N"/>
		<feat xlink:href="#sSpan2611" value="CCIRC"/>
		<feat xlink:href="#sSpan2615" value="PPERS"/>
		<feat xlink:href="#sSpan2617" value="V"/>
		<feat xlink:href="#sSpan2619" value="PREP"/>
		<feat xlink:href="#sSpan2623" value="PPERO"/>
		<feat xlink:href="#sSpan2625" value="IMOD"/>
		<feat xlink:href="#sSpan2627" value="PPERO"/>
		<feat xlink:href="#sSpan2629" value="PREP"/>
		<feat xlink:href="#sSpan2633" value="PPOS"/>
		<feat xlink:href="#sSpan2636" value="N"/>
		<feat xlink:href="#sSpan2638" value="CREL"/>
		<feat xlink:href="#sSpan2642" value="VSTAT"/>
		<feat xlink:href="#sSpan2644" value="CCIRC"/>
		<feat xlink:href="#sSpan2648" value="PPERS"/>
		<feat xlink:href="#sSpan2651" value="V"/>
		<feat xlink:href="#sSpan2654" value="PREP"/>
		<feat xlink:href="#sSpan2658" value="ART"/>
		<feat xlink:href="#sSpan2661" value="N"/>
		<feat xlink:href="#sSpan2663" value="PUNCT"/>
		<feat xlink:href="#sSpan2667" value="APST"/>
		<feat xlink:href="#sSpan2672" value="PPERS"/>
		<feat xlink:href="#sSpan2674" value="V"/>
		<feat xlink:href="#sSpan2676" value="ART"/>
		<feat xlink:href="#sSpan2679" value="N"/>
		<feat xlink:href="#sSpan2682" value="PTC"/>
		<feat xlink:href="#sSpan2686" value="CCIRC"/>
		<feat xlink:href="#sSpan2690" value="PPERS"/>
		<feat xlink:href="#sSpan2692" value="VSTAT"/>
		<feat xlink:href="#sSpan2694" value="PREP"/>
		<feat xlink:href="#sSpan2698" value="PPERO"/>
		<feat xlink:href="#sSpan2700" value="ADV"/>
		<feat xlink:href="#sSpan2704" value="PREP"/>
		<feat xlink:href="#sSpan2708" value="PPOS"/>
		<feat xlink:href="#sSpan2711" value="N"/>
		<feat xlink:href="#sSpan2713" value="PUNCT"/>
		<feat xlink:href="#sSpan2717" value="PREP"/>
		<feat xlink:href="#sSpan2722" value="PDEM"/>
		<feat xlink:href="#sSpan2726" value="PTC"/>
		<feat xlink:href="#sSpan2731" value="ADV"/>
		<feat xlink:href="#sSpan2735" value="ART"/>
		<feat xlink:href="#sSpan2740" value="N"/>
		<feat xlink:href="#sSpan2742" value="COP"/>
		<feat xlink:href="#sSpan2747" value="N"/>
		<feat xlink:href="#sSpan2753" value="NPROP"/>
		<feat xlink:href="#sSpan2757" value="CCIRC"/>
		<feat xlink:href="#sSpan2761" value="PPERS"/>
		<feat xlink:href="#sSpan2763" value="V"/>
		<feat xlink:href="#sSpan2765" value="PREP"/>
		<feat xlink:href="#sSpan2769" value="ART"/>
		<feat xlink:href="#sSpan2772" value="N"/>
		<feat xlink:href="#sSpan2774" value="PREP"/>
		<feat xlink:href="#sSpan2778" value="N"/>
		<feat xlink:href="#sSpan2781" value="PINT"/>
		<feat xlink:href="#sSpan2785" value="PUNCT"/>
		<feat xlink:href="#sSpan2789" value="PPOS"/>
		<feat xlink:href="#sSpan2795" value="N"/>
		<feat xlink:href="#sSpan2798" value="PTC"/>
		<feat xlink:href="#sSpan2802" value="CPRET"/>
		<feat xlink:href="#sSpan2806" value="ART"/>
		<feat xlink:href="#sSpan2810" value="N"/>
		<feat xlink:href="#sSpan2812" value="COP"/>
		<feat xlink:href="#sSpan2816" value="PUNCT"/>
		<feat xlink:href="#sSpan2820" value="PPERI"/>
		<feat xlink:href="#sSpan2825" value="IMOD_PPERO"/>
		<feat xlink:href="#sSpan2829" value="CPRET"/>
		<feat xlink:href="#sSpan2833" value="PPERS"/>
		<feat xlink:href="#sSpan2835" value="V"/>
		<feat xlink:href="#sSpan2838" value="CCIRC"/>
		<feat xlink:href="#sSpan2842" value="PPERS"/>
		<feat xlink:href="#sSpan2845" value="V"/>
		<feat xlink:href="#sSpan2847" value="PREP"/>
		<feat xlink:href="#sSpan2851" value="ART"/>
		<feat xlink:href="#sSpan2854" value="N"/>
		<feat xlink:href="#sSpan2856" value="PREP"/>
		<feat xlink:href="#sSpan2860" value="ART"/>
		<feat xlink:href="#sSpan2864" value="N"/>
		<feat xlink:href="#sSpan2866" value="PREP"/>
		<feat xlink:href="#sSpan2870" value="PDEM"/>
		<feat xlink:href="#sSpan2874" value="N"/>
		<feat xlink:href="#sSpan2876" value="CCIRC"/>
		<feat xlink:href="#sSpan2880" value="PPERS"/>
		<feat xlink:href="#sSpan2882" value="V"/>
		<feat xlink:href="#sSpan2884" value="PREP"/>
		<feat xlink:href="#sSpan2888" value="ART"/>
		<feat xlink:href="#sSpan2891" value="N"/>
		<feat xlink:href="#sSpan2893" value="PREP"/>
		<feat xlink:href="#sSpan2897" value="ART"/>
		<feat xlink:href="#sSpan2901" value="N"/>
		<feat xlink:href="#sSpan2903" value="PREP"/>
		<feat xlink:href="#sSpan2907" value="ART"/>
		<feat xlink:href="#sSpan2910" value="CREL"/>
		<feat xlink:href="#sSpan2912" value="VSTAT"/>
		<feat xlink:href="#sSpan2914" value="PUNCT"/>
		<feat xlink:href="#sSpan2918" value="PREP"/>
		<feat xlink:href="#sSpan2923" value="PDEM"/>
		<feat xlink:href="#sSpan2926" value="APST"/>
		<feat xlink:href="#sSpan2930" value="PPERS"/>
		<feat xlink:href="#sSpan2932" value="V"/>
		<feat xlink:href="#sSpan2934" value="PREP"/>
		<feat xlink:href="#sSpan2938" value="PPERO"/>
		<feat xlink:href="#sSpan2940" value="CONJ"/>
		<feat xlink:href="#sSpan2944" value="NPROP"/>
		<feat xlink:href="#sSpan2947" value="ART"/>
		<feat xlink:href="#sSpan2954" value="N"/>
		<feat xlink:href="#sSpan2956" value="PUNCT"/>
		<feat xlink:href="#sSpan2960" value="APST"/>
		<feat xlink:href="#sSpan2967" value="PPERS"/>
		<feat xlink:href="#sSpan2969" value="V"/>
		<feat xlink:href="#sSpan2972" value="PTC"/>
		<feat xlink:href="#sSpan2976" value="PREP"/>
		<feat xlink:href="#sSpan2980" value="ART"/>
		<feat xlink:href="#sSpan2983" value="N"/>
		<feat xlink:href="#sSpan2985" value="CCIRC"/>
		<feat xlink:href="#sSpan2989" value="PPERS"/>
		<feat xlink:href="#sSpan2991" value="VSTAT"/>
		<feat xlink:href="#sSpan2993" value="PREP"/>
		<feat xlink:href="#sSpan2997" value="PPOS"/>
		<feat xlink:href="#sSpan2999" value="N"/>
		<feat xlink:href="#sSpan3001" value="PREP"/>
		<feat xlink:href="#sSpan3005" value="ART"/>
		<feat xlink:href="#sSpan3008" value="NUM"/>
		<feat xlink:href="#sSpan3010" value="CCIRC"/>
		<feat xlink:href="#sSpan3014" value="PPERS"/>
		<feat xlink:href="#sSpan3017" value="V"/>
		<feat xlink:href="#sSpan3020" value="PREP"/>
		<feat xlink:href="#sSpan3024" value="ART"/>
		<feat xlink:href="#sSpan3027" value="N"/>
		<feat xlink:href="#sSpan3029" value="APST"/>
		<feat xlink:href="#sSpan3033" value="PPERS"/>
		<feat xlink:href="#sSpan3035" value="V"/>
		<feat xlink:href="#sSpan3037" value="PPERO"/>
		<feat xlink:href="#sSpan3039" value="PREP"/>
		<feat xlink:href="#sSpan3044" value="N"/>
		<feat xlink:href="#sSpan3048" value="NPROP"/>
		<feat xlink:href="#sSpan3052" value="PTC"/>
		<feat xlink:href="#sSpan3056" value="PPOS"/>
		<feat xlink:href="#sSpan3059" value="N"/>
		<feat xlink:href="#sSpan3061" value="PREP"/>
		<feat xlink:href="#sSpan3065" value="ART"/>
		<feat xlink:href="#sSpan3068" value="N"/>
		<feat xlink:href="#sSpan3070" value="CCIRC"/>
		<feat xlink:href="#sSpan3074" value="PPERS"/>
		<feat xlink:href="#sSpan3076" value="VSTAT"/>
		<feat xlink:href="#sSpan3078" value="VBD"/>
		<feat xlink:href="#sSpan3082" value="PPERS"/>
		<feat xlink:href="#sSpan3084" value="PREP"/>
		<feat xlink:href="#sSpan3088" value="PPERO"/>
		<feat xlink:href="#sSpan3090" value="CONJ"/>
		<feat xlink:href="#sSpan3094" value="PUNCT"/>
		<feat xlink:href="#sSpan3098" value="PPERS"/>
		<feat xlink:href="#sSpan3103" value="V"/>
		<feat xlink:href="#sSpan3105" value="PREP"/>
		<feat xlink:href="#sSpan3109" value="PPERO"/>
		<feat xlink:href="#sSpan3112" value="PTC"/>
		<feat xlink:href="#sSpan3116" value="PPOS"/>
		<feat xlink:href="#sSpan3121" value="N"/>
		<feat xlink:href="#sSpan3123" value="CCIRC"/>
		<feat xlink:href="#sSpan3127" value="PPERS"/>
		<feat xlink:href="#sSpan3129" value="V"/>
		<feat xlink:href="#sSpan3131" value="PREP"/>
		<feat xlink:href="#sSpan3135" value="ART"/>
		<feat xlink:href="#sSpan3138" value="N"/>
		<feat xlink:href="#sSpan3140" value="CONJ"/>
		<feat xlink:href="#sSpan3144" value="CFOC"/>
		<feat xlink:href="#sSpan3148" value="PPERS"/>
		<feat xlink:href="#sSpan3150" value="V"/>
		<feat xlink:href="#sSpan3152" value="PREP"/>
		<feat xlink:href="#sSpan3156" value="ART"/>
		<feat xlink:href="#sSpan3159" value="N"/>
		<feat xlink:href="#sSpan3161" value="CREL"/>
		<feat xlink:href="#sSpan3165" value="VSTAT"/>
		<feat xlink:href="#sSpan3167" value="PREP"/>
		<feat xlink:href="#sSpan3171" value="ART"/>
		<feat xlink:href="#sSpan3174" value="N"/>
		<feat xlink:href="#sSpan3176" value="PUNCT"/>
		<feat xlink:href="#sSpan3180" value="PPERS"/>
		<feat xlink:href="#sSpan3185" value="VSTAT"/>
		<feat xlink:href="#sSpan3188" value="PTC"/>
		<feat xlink:href="#sSpan3192" value="PREP"/>
		<feat xlink:href="#sSpan3196" value="ART"/>
		<feat xlink:href="#sSpan3200" value="N"/>
		<feat xlink:href="#sSpan3202" value="CONJ"/>
		<feat xlink:href="#sSpan3206" value="EXIST"/>
		<feat xlink:href="#sSpan3210" value="N"/>
		<feat xlink:href="#sSpan3212" value="PREP"/>
		<feat xlink:href="#sSpan3216" value="ART"/>
		<feat xlink:href="#sSpan3220" value="N"/>
		<feat xlink:href="#sSpan3222" value="PREP"/>
		<feat xlink:href="#sSpan3226" value="V"/>
		<feat xlink:href="#sSpan3228" value="CCIRC"/>
		<feat xlink:href="#sSpan3232" value="PPERS"/>
		<feat xlink:href="#sSpan3234" value="VSTAT"/>
		<feat xlink:href="#sSpan3236" value="ADV"/>
		<feat xlink:href="#sSpan3240" value="PREP"/>
		<feat xlink:href="#sSpan3244" value="ART"/>
		<feat xlink:href="#sSpan3247" value="N"/>
		<feat xlink:href="#sSpan3250" value="CONJ"/>
		<feat xlink:href="#sSpan3254" value="ANEGAOR"/>
		<feat xlink:href="#sSpan3258" value="PPERS"/>
		<feat xlink:href="#sSpan3260" value="V"/>
		<feat xlink:href="#sSpan3262" value="ART"/>
		<feat xlink:href="#sSpan3265" value="N"/>
		<feat xlink:href="#sSpan3267" value="ACONJ"/>
		<feat xlink:href="#sSpan3271" value="PPERS"/>
		<feat xlink:href="#sSpan3273" value="V"/>
		<feat xlink:href="#sSpan3275" value="PPERO"/>
		<feat xlink:href="#sSpan3277" value="PREP"/>
		<feat xlink:href="#sSpan3281" value="ART"/>
		<feat xlink:href="#sSpan3284" value="N"/>
		<feat xlink:href="#sSpan3288" value="PUNCT"/>
		<feat xlink:href="#sSpan3293" value="CONJ"/>
		<feat xlink:href="#sSpan3297" value="AAOR"/>
		<feat xlink:href="#sSpan3301" value="PPERS"/>
		<feat xlink:href="#sSpan3303" value="V"/>
		<feat xlink:href="#sSpan3305" value="PPERO"/>
		<feat xlink:href="#sSpan3307" value="PREP"/>
		<feat xlink:href="#sSpan3311" value="ART"/>
		<feat xlink:href="#sSpan3315" value="N"/>
		<feat xlink:href="#sSpan3317" value="ACONJ"/>
		<feat xlink:href="#sSpan3321" value="PPERS"/>
		<feat xlink:href="#sSpan3324" value="V"/>
		<feat xlink:href="#sSpan3327" value="PREP"/>
		<feat xlink:href="#sSpan3331" value="ART"/>
		<feat xlink:href="#sSpan3334" value="CREL"/>
		<feat xlink:href="#sSpan3336" value="VSTAT"/>
		<feat xlink:href="#sSpan3338" value="IMOD"/>
		<feat xlink:href="#sSpan3342" value="ART"/>
		<feat xlink:href="#sSpan3344" value="PREP"/>
		<feat xlink:href="#sSpan3348" value="ART"/>
		<feat xlink:href="#sSpan3351" value="N"/>
		<feat xlink:href="#sSpan3353" value="PPERI"/>
		<feat xlink:href="#sSpan3357" value="ART"/>
		<feat xlink:href="#sSpan3361" value="COP"/>
		<feat xlink:href="#sSpan3365" value="ART"/>
		<feat xlink:href="#sSpan3370" value="N"/>
		<feat xlink:href="#sSpan3372" value="CREL"/>
		<feat xlink:href="#sSpan3376" value="VSTAT"/>
		<feat xlink:href="#sSpan3379" value="PTC"/>
		<feat xlink:href="#sSpan3383" value="PPOS"/>
		<feat xlink:href="#sSpan3388" value="N"/>
		<feat xlink:href="#sSpan3390" value="PDEM"/>
		<feat xlink:href="#sSpan3394" value="CREL"/>
		<feat xlink:href="#sSpan3398" value="PPERS"/>
		<feat xlink:href="#sSpan3400" value="FUT"/>
		<feat xlink:href="#sSpan3402" value="V"/>
		<feat xlink:href="#sSpan3404" value="PPERO"/>
		<feat xlink:href="#sSpan3406" value="PREP"/>
		<feat xlink:href="#sSpan3410" value="ART"/>
		<feat xlink:href="#sSpan3414" value="N"/>
		<feat xlink:href="#sSpan3416" value="ACONJ"/>
		<feat xlink:href="#sSpan3420" value="PPERS"/>
		<feat xlink:href="#sSpan3423" value="V"/>
		<feat xlink:href="#sSpan3426" value="PREP"/>
		<feat xlink:href="#sSpan3430" value="ART"/>
		<feat xlink:href="#sSpan3433" value="CREL"/>
		<feat xlink:href="#sSpan3435" value="VSTAT"/>
		<feat xlink:href="#sSpan3437" value="IMOD"/>
		<feat xlink:href="#sSpan3441" value="ART"/>
		<feat xlink:href="#sSpan3443" value="PREP"/>
		<feat xlink:href="#sSpan3447" value="ART"/>
		<feat xlink:href="#sSpan3450" value="N"/>
		<feat xlink:href="#sSpan3452" value="PREP"/>
		<feat xlink:href="#sSpan3456" value="ART"/>
		<feat xlink:href="#sSpan3459" value="N"/>
		<feat xlink:href="#sSpan3461" value="V"/>
		<feat xlink:href="#sSpan3465" value="ADV"/>
		<feat xlink:href="#sSpan3469" value="PREP"/>
		<feat xlink:href="#sSpan3473" value="ART"/>
		<feat xlink:href="#sSpan3477" value="N"/>
		<feat xlink:href="#sSpan3479" value="IMOD"/>
		<feat xlink:href="#sSpan3483" value="PPERO"/>
		<feat xlink:href="#sSpan3485" value="PREP"/>
		<feat xlink:href="#sSpan3489" value="ART"/>
		<feat xlink:href="#sSpan3493" value="N"/>
		<feat xlink:href="#sSpan3495" value="PREP"/>
		<feat xlink:href="#sSpan3500" value="N"/>
		<feat xlink:href="#sSpan3503" value="ADV"/>
		<feat xlink:href="#sSpan3507" value="PREP"/>
		<feat xlink:href="#sSpan3511" value="PPOS"/>
		<feat xlink:href="#sSpan3514" value="N"/>
		<feat xlink:href="#sSpan3516" value="ART"/>
		<feat xlink:href="#sSpan3520" value="N"/>
		<feat xlink:href="#sSpan3524" value="PUNCT"/>
		<feat xlink:href="#sSpan3528" value="PREP"/>
		<feat xlink:href="#sSpan3532" value="ART"/>
		<feat xlink:href="#sSpan3534" value="N"/>
		<feat xlink:href="#sSpan3536" value="APST"/>
		<feat xlink:href="#sSpan3540" value="PPERS"/>
		<feat xlink:href="#sSpan3542" value="V"/>
		<feat xlink:href="#sSpan3544" value="PPERO"/>
		<feat xlink:href="#sSpan3546" value="PTC"/>
		<feat xlink:href="#sSpan3551" value="N"/>
		<feat xlink:href="#sSpan3555" value="NPROP"/>
		<feat xlink:href="#sSpan3559" value="APST"/>
		<feat xlink:href="#sSpan3563" value="PPERS"/>
		<feat xlink:href="#sSpan3566" value="V"/>
		<feat xlink:href="#sSpan3568" value="PREP"/>
		<feat xlink:href="#sSpan3572" value="PPOS"/>
		<feat xlink:href="#sSpan3575" value="N"/>
		<feat xlink:href="#sSpan3577" value="PUNCT"/>
		<feat xlink:href="#sSpan3582" value="ADV"/>
		<feat xlink:href="#sSpan3586" value="APST"/>
		<feat xlink:href="#sSpan3590" value="PPERS"/>
		<feat xlink:href="#sSpan3592" value="V"/>
		<feat xlink:href="#sSpan3594" value="PREP"/>
		<feat xlink:href="#sSpan3598" value="PPERO"/>
		<feat xlink:href="#sSpan3600" value="PTC"/>
		<feat xlink:href="#sSpan3604" value="PPOS"/>
		<feat xlink:href="#sSpan3607" value="N"/>
		<feat xlink:href="#sSpan3609" value="CCIRC"/>
		<feat xlink:href="#sSpan3613" value="PPERS"/>
		<feat xlink:href="#sSpan3615" value="V"/>
		<feat xlink:href="#sSpan3617" value="PREP"/>
		<feat xlink:href="#sSpan3621" value="PPERO"/>
		<feat xlink:href="#sSpan3623" value="CONJ"/>
		<feat xlink:href="#sSpan3627" value="PUNCT"/>
		<feat xlink:href="#sSpan3631" value="V"/>
		<feat xlink:href="#sSpan3635" value="ADV"/>
		<feat xlink:href="#sSpan3639" value="PPOS"/>
		<feat xlink:href="#sSpan3644" value="N"/>
		<feat xlink:href="#sSpan3646" value="PUNCT"/>
		<feat xlink:href="#sSpan3650" value="NEG"/>
		<feat xlink:href="#sSpan3655" value="PPERI"/>
		<feat xlink:href="#sSpan3657" value="NEG"/>
		<feat xlink:href="#sSpan3661" value="ART"/>
		<feat xlink:href="#sSpan3665" value="CREL"/>
		<feat xlink:href="#sSpan3667" value="V"/>
		<feat xlink:href="#sSpan3670" value="CONJ"/>
		<feat xlink:href="#sSpan3674" value="ART"/>
		<feat xlink:href="#sSpan3680" value="N"/>
		<feat xlink:href="#sSpan3682" value="CREL"/>
		<feat xlink:href="#sSpan3686" value="VSTAT"/>
		<feat xlink:href="#sSpan3688" value="ART"/>
		<feat xlink:href="#sSpan3692" value="CREL"/>
		<feat xlink:href="#sSpan3695" value="V"/>
		<feat xlink:href="#sSpan3697" value="PREP"/>
		<feat xlink:href="#sSpan3701" value="ART"/>
		<feat xlink:href="#sSpan3704" value="CREL"/>
		<feat xlink:href="#sSpan3706" value="N"/>
		<feat xlink:href="#sSpan3709" value="COP"/>
		<feat xlink:href="#sSpan3713" value="PREP"/>
		<feat xlink:href="#sSpan3717" value="ART"/>
		<feat xlink:href="#sSpan3720" value="N"/>
		<feat xlink:href="#sSpan3722" value="ANY"/>
		<feat xlink:href="#sSpan3726" value="PPERS"/>
		<feat xlink:href="#sSpan3728" value="V"/>
		<feat xlink:href="#sSpan3730" value="PUNCT"/>
		<feat xlink:href="#sSpan3734" value="ADV"/>
		<feat xlink:href="#sSpan3739" value="ART"/>
		<feat xlink:href="#sSpan3744" value="N"/>
		<feat xlink:href="#sSpan3748" value="PREP"/>
		<feat xlink:href="#sSpan3752" value="PDEM"/>
		<feat xlink:href="#sSpan3756" value="N"/>
		<feat xlink:href="#sSpan3758" value="PREP"/>
		<feat xlink:href="#sSpan3762" value="ART"/>
		<feat xlink:href="#sSpan3765" value="N"/>
		<feat xlink:href="#sSpan3767" value="PREP"/>
		<feat xlink:href="#sSpan3771" value="PPOS"/>
		<feat xlink:href="#sSpan3773" value="FUT"/>
		<feat xlink:href="#sSpan3775" value="V"/>
		<feat xlink:href="#sSpan3778" value="ADV"/>
		<feat xlink:href="#sSpan3782" value="PUNCT"/>
		<feat xlink:href="#sSpan3786" value="PPERS"/>
		<feat xlink:href="#sSpan3791" value="VSTAT"/>
		<feat xlink:href="#sSpan3794" value="PTC"/>
		<feat xlink:href="#sSpan3798" value="PREP"/>
		<feat xlink:href="#sSpan3802" value="ART"/>
		<feat xlink:href="#sSpan3805" value="N"/>
		<feat xlink:href="#sSpan3807" value="PREP"/>
		<feat xlink:href="#sSpan3813" value="NPROP"/>
		<feat xlink:href="#sSpan3816" value="CONJ"/>
		<feat xlink:href="#sSpan3820" value="ART"/>
		<feat xlink:href="#sSpan3825" value="CREL"/>
		<feat xlink:href="#sSpan3827" value="VSTAT"/>
		<feat xlink:href="#sSpan3829" value="CCIRC"/>
		<feat xlink:href="#sSpan3833" value="PPERS"/>
		<feat xlink:href="#sSpan3835" value="VSTAT"/>
		<feat xlink:href="#sSpan3837" value="PREP"/>
		<feat xlink:href="#sSpan3841" value="ART"/>
		<feat xlink:href="#sSpan3844" value="N"/>
		<feat xlink:href="#sSpan3846" value="PPOS"/>
		<feat xlink:href="#sSpan3851" value="N"/>
		<feat xlink:href="#sSpan3853" value="PUNCT"/>
		<feat xlink:href="#sSpan3857" value="ART"/>
		<feat xlink:href="#sSpan3863" value="CREL"/>
		<feat xlink:href="#sSpan3865" value="VSTAT"/>
		<feat xlink:href="#sSpan3868" value="PTC"/>
		<feat xlink:href="#sSpan3872" value="ADV"/>
		<feat xlink:href="#sSpan3876" value="CCIRC"/>
		<feat xlink:href="#sSpan3880" value="PPERS"/>
		<feat xlink:href="#sSpan3882" value="VSTAT"/>
		<feat xlink:href="#sSpan3884" value="PREP"/>
		<feat xlink:href="#sSpan3888" value="PPERO"/>
		<feat xlink:href="#sSpan3890" value="PREP"/>
		<feat xlink:href="#sSpan3894" value="PPOS"/>
		<feat xlink:href="#sSpan3897" value="N"/>
		<feat xlink:href="#sSpan3899" value="PUNCT"/>
		<feat xlink:href="#sSpan3903" value="APST"/>
		<feat xlink:href="#sSpan3910" value="PPERS"/>
		<feat xlink:href="#sSpan3912" value="V"/>
		<feat xlink:href="#sSpan3915" value="PTC"/>
		<feat xlink:href="#sSpan3919" value="PTC"/>
		<feat xlink:href="#sSpan3924" value="N"/>
		<feat xlink:href="#sSpan3928" value="NPROP"/>
		<feat xlink:href="#sSpan3932" value="VBD"/>
		<feat xlink:href="#sSpan3936" value="PPERS"/>
		<feat xlink:href="#sSpan3938" value="CONJ"/>
		<feat xlink:href="#sSpan3942" value="PUNCT"/>
		<feat xlink:href="#sSpan3947" value="V"/>
		<feat xlink:href="#sSpan3952" value="PREP"/>
		<feat xlink:href="#sSpan3956" value="PPERO"/>
		<feat xlink:href="#sSpan3958" value="ACONJ_PPERS"/>
		<feat xlink:href="#sSpan3962" value="V"/>
		<feat xlink:href="#sSpan3964" value="PREP"/>
		<feat xlink:href="#sSpan3968" value="PPERO"/>
		<feat xlink:href="#sSpan3970" value="PREP"/>
		<feat xlink:href="#sSpan3974" value="ART"/>
		<feat xlink:href="#sSpan3977" value="N"/>
		<feat xlink:href="#sSpan3979" value="ACONJ"/>
		<feat xlink:href="#sSpan3983" value="PPERS"/>
		<feat xlink:href="#sSpan3985" value="NEG"/>
		<feat xlink:href="#sSpan3987" value="V"/>
		<feat xlink:href="#sSpan3989" value="PREP"/>
		<feat xlink:href="#sSpan3993" value="PPERO"/>
		<feat xlink:href="#sSpan3995" value="PUNCT"/>
		<feat xlink:href="#sSpan4000" value="ADV"/>
		<feat xlink:href="#sSpan4004" value="CCIRC"/>
		<feat xlink:href="#sSpan4008" value="PPERS"/>
		<feat xlink:href="#sSpan4010" value="FUT"/>
		<feat xlink:href="#sSpan4012" value="V"/>
		<feat xlink:href="#sSpan4014" value="PPERO"/>
		<feat xlink:href="#sSpan4016" value="NEG"/>
		<feat xlink:href="#sSpan4020" value="PREP"/>
		<feat xlink:href="#sSpan4024" value="ART"/>
		<feat xlink:href="#sSpan4028" value="N"/>
		<feat xlink:href="#sSpan4032" value="CONJ"/>
		<feat xlink:href="#sSpan4036" value="PREP"/>
		<feat xlink:href="#sSpan4040" value="ART"/>
		<feat xlink:href="#sSpan4044" value="N"/>
		<feat xlink:href="#sSpan4047" value="CCIRC"/>
		<feat xlink:href="#sSpan4051" value="PPERS"/>
		<feat xlink:href="#sSpan4053" value="VSTAT"/>
		<feat xlink:href="#sSpan4055" value="PUNCT"/>
		<feat xlink:href="#sSpan4060" value="CONJ"/>
		<feat xlink:href="#sSpan4065" value="CFOC"/>
		<feat xlink:href="#sSpan4069" value="PPERS"/>
		<feat xlink:href="#sSpan4072" value="V"/>
		<feat xlink:href="#sSpan4075" value="PREP"/>
		<feat xlink:href="#sSpan4079" value="ART"/>
		<feat xlink:href="#sSpan4083" value="N"/>
		<feat xlink:href="#sSpan4085" value="CREL"/>
		<feat xlink:href="#sSpan4089" value="VSTAT"/>
		<feat xlink:href="#sSpan4091" value="CREL"/>
		<feat xlink:href="#sSpan4095" value="PREP"/>
		<feat xlink:href="#sSpan4097" value="ART"/>
		<feat xlink:href="#sSpan4100" value="N"/>
		<feat xlink:href="#sSpan4102" value="CREL"/>
		<feat xlink:href="#sSpan4106" value="PREP"/>
		<feat xlink:href="#sSpan4108" value="N"/>
		<feat xlink:href="#sSpan4110" value="PREP"/>
		<feat xlink:href="#sSpan4114" value="ART"/>
		<feat xlink:href="#sSpan4117" value="N"/>
		<feat xlink:href="#sSpan4119" value="PDEM"/>
		<feat xlink:href="#sSpan4124" value="PREP"/>
		<feat xlink:href="#sSpan4128" value="ACAUS"/>
		<feat xlink:href="#sSpan4130" value="PPERS"/>
		<feat xlink:href="#sSpan4133" value="V"/>
		<feat xlink:href="#sSpan4135" value="PREP"/>
		<feat xlink:href="#sSpan4139" value="PPOS"/>
		<feat xlink:href="#sSpan4141" value="N"/>
		<feat xlink:href="#sSpan4143" value="PREP"/>
		<feat xlink:href="#sSpan4147" value="PPOS"/>
		<feat xlink:href="#sSpan4149" value="N"/>
		<feat xlink:href="#sSpan4151" value="PUNCT"/>
		<feat xlink:href="#sSpan4155" value="ART"/>
		<feat xlink:href="#sSpan4161" value="N"/>
		<feat xlink:href="#sSpan4164" value="N"/>
		<feat xlink:href="#sSpan4169" value="NPROP"/>
		<feat xlink:href="#sSpan4173" value="VBD"/>
		<feat xlink:href="#sSpan4177" value="PPERS"/>
		<feat xlink:href="#sSpan4179" value="PREP"/>
		<feat xlink:href="#sSpan4183" value="PPERO"/>
		<feat xlink:href="#sSpan4185" value="CONJ"/>
		<feat xlink:href="#sSpan4189" value="PUNCT"/>
		<feat xlink:href="#sSpan4193" value="VIMP"/>
		<feat xlink:href="#sSpan4197" value="ART"/>
		<feat xlink:href="#sSpan4200" value="N"/>
		<feat xlink:href="#sSpan4202" value="PPOS"/>
		<feat xlink:href="#sSpan4207" value="N"/>
		<feat xlink:href="#sSpan4209" value="PUNCT"/>
		<feat xlink:href="#sSpan4213" value="APST"/>
		<feat xlink:href="#sSpan4218" value="PPERS"/>
		<feat xlink:href="#sSpan4220" value="V"/>
		<feat xlink:href="#sSpan4222" value="PTC"/>
		<feat xlink:href="#sSpan4227" value="N"/>
		<feat xlink:href="#sSpan4231" value="NPROP"/>
		<feat xlink:href="#sSpan4235" value="CCIRC"/>
		<feat xlink:href="#sSpan4239" value="PPERS"/>
		<feat xlink:href="#sSpan4241" value="V"/>
		<feat xlink:href="#sSpan4243" value="PREP"/>
		<feat xlink:href="#sSpan4247" value="PPERO"/>
		<feat xlink:href="#sSpan4249" value="CONJ"/>
		<feat xlink:href="#sSpan4253" value="PUNCT"/>
		<feat xlink:href="#sSpan4257" value="APST"/>
		<feat xlink:href="#sSpan4262" value="PPERS"/>
		<feat xlink:href="#sSpan4264" value="V"/>
		<feat xlink:href="#sSpan4266" value="PREP"/>
		<feat xlink:href="#sSpan4270" value="PPERO"/>
		<feat xlink:href="#sSpan4272" value="PREP"/>
		<feat xlink:href="#sSpan4276" value="ART"/>
		<feat xlink:href="#sSpan4279" value="N"/>
		<feat xlink:href="#sSpan4281" value="CCIRC"/>
		<feat xlink:href="#sSpan4285" value="PPERS"/>
		<feat xlink:href="#sSpan4287" value="VSTAT"/>
		<feat xlink:href="#sSpan4289" value="PREP"/>
		<feat xlink:href="#sSpan4293" value="N"/>
		<feat xlink:href="#sSpan4296" value="PREP"/>
		<feat xlink:href="#sSpan4300" value="ART"/>
		<feat xlink:href="#sSpan4303" value="N"/>
		<feat xlink:href="#sSpan4305" value="PREP"/>
		<feat xlink:href="#sSpan4309" value="PPOS"/>
		<feat xlink:href="#sSpan4312" value="N"/>
		<feat xlink:href="#sSpan4314" value="CCIRC"/>
		<feat xlink:href="#sSpan4318" value="PPERS"/>
		<feat xlink:href="#sSpan4320" value="V"/>
		<feat xlink:href="#sSpan4322" value="PREP"/>
		<feat xlink:href="#sSpan4326" value="PPOS"/>
		<feat xlink:href="#sSpan4329" value="N"/>
		<feat xlink:href="#sSpan4331" value="PREP"/>
		<feat xlink:href="#sSpan4335" value="ART"/>
		<feat xlink:href="#sSpan4338" value="N"/>
		<feat xlink:href="#sSpan4340" value="APST"/>
		<feat xlink:href="#sSpan4344" value="ART"/>
		<feat xlink:href="#sSpan4347" value="N"/>
		<feat xlink:href="#sSpan4349" value="PREP"/>
		<feat xlink:href="#sSpan4354" value="N"/>
		<feat xlink:href="#sSpan4356" value="PREP"/>
		<feat xlink:href="#sSpan4360" value="ART"/>
		<feat xlink:href="#sSpan4363" value="N"/>
		<feat xlink:href="#sSpan4366" value="V"/>
		<feat xlink:href="#sSpan4370" value="PREP"/>
		<feat xlink:href="#sSpan4374" value="PPERO"/>
		<feat xlink:href="#sSpan4376" value="PREP"/>
		<feat xlink:href="#sSpan4380" value="ART"/>
		<feat xlink:href="#sSpan4383" value="N"/>
		<feat xlink:href="#sSpan4385" value="PUNCT"/>
		<feat xlink:href="#sSpan4389" value="CPRET"/>
		<feat xlink:href="#sSpan4394" value="APST"/>
		<feat xlink:href="#sSpan4396" value="N"/>
		<feat xlink:href="#sSpan4400" value="PTC"/>
		<feat xlink:href="#sSpan4404" value="V"/>
		<feat xlink:href="#sSpan4408" value="ART"/>
		<feat xlink:href="#sSpan4412" value="PUNCT"/>
		<feat xlink:href="#sSpan4416" value="CONJ"/>
		<feat xlink:href="#sSpan4420" value="APST"/>
		<feat xlink:href="#sSpan4424" value="PPERS"/>
		<feat xlink:href="#sSpan4426" value="V"/>
		<feat xlink:href="#sSpan4428" value="PPERO"/>
		<feat xlink:href="#sSpan4430" value="ADV"/>
		<feat xlink:href="#sSpan4434" value="PREP"/>
		<feat xlink:href="#sSpan4438" value="ART"/>
		<feat xlink:href="#sSpan4441" value="N"/>
		<feat xlink:href="#sSpan4443" value="CREL"/>
		<feat xlink:href="#sSpan4447" value="ART"/>
		<feat xlink:href="#sSpan4450" value="N"/>
		<feat xlink:href="#sSpan4452" value="PREP"/>
		<feat xlink:href="#sSpan4456" value="PPERO"/>
		<feat xlink:href="#sSpan4458" value="APST"/>
		<feat xlink:href="#sSpan4462" value="PPERS"/>
		<feat xlink:href="#sSpan4464" value="V"/>
		<feat xlink:href="#sSpan4467" value="CCIRC"/>
		<feat xlink:href="#sSpan4471" value="PPERS"/>
		<feat xlink:href="#sSpan4474" value="V"/>
		<feat xlink:href="#sSpan4476" value="PREP"/>
		<feat xlink:href="#sSpan4480" value="PPERO"/>
		<feat xlink:href="#sSpan4482" value="CONJ"/>
		<feat xlink:href="#sSpan4486" value="AOPT_PPERS"/>
		<feat xlink:href="#sSpan4488" value="V"/>
		<feat xlink:href="#sSpan4490" value="PREP"/>
		<feat xlink:href="#sSpan4494" value="ART"/>
		<feat xlink:href="#sSpan4497" value="N"/>
		<feat xlink:href="#sSpan4499" value="PUNCT"/>
		<feat xlink:href="#sSpan4503" value="PPERI"/>
		<feat xlink:href="#sSpan4509" value="PTC"/>
		<feat xlink:href="#sSpan4513" value="APST"/>
		<feat xlink:href="#sSpan4517" value="PPERS"/>
		<feat xlink:href="#sSpan4520" value="V"/>
		<feat xlink:href="#sSpan4522" value="PREP"/>
		<feat xlink:href="#sSpan4526" value="PPERO"/>
		<feat xlink:href="#sSpan4528" value="APST"/>
		<feat xlink:href="#sSpan4532" value="PPERS"/>
		<feat xlink:href="#sSpan4534" value="V"/>
		<feat xlink:href="#sSpan4536" value="ART"/>
		<feat xlink:href="#sSpan4541" value="N"/>
		<feat xlink:href="#sSpan4543" value="PUNCT"/>
		<feat xlink:href="#sSpan4547" value="APST"/>
		<feat xlink:href="#sSpan4552" value="PPERS"/>
		<feat xlink:href="#sSpan4554" value="V"/>
		<feat xlink:href="#sSpan4556" value="ART"/>
		<feat xlink:href="#sSpan4559" value="N"/>
		<feat xlink:href="#sSpan4561" value="PREP"/>
		<feat xlink:href="#sSpan4565" value="ART"/>
		<feat xlink:href="#sSpan4567" value="CREL"/>
		<feat xlink:href="#sSpan4569" value="VBD"/>
		<feat xlink:href="#sSpan4571" value="PPERS"/>
		<feat xlink:href="#sSpan4573" value="PREP"/>
		<feat xlink:href="#sSpan4577" value="PPERO"/>
		<feat xlink:href="#sSpan4579" value="APST"/>
		<feat xlink:href="#sSpan4583" value="PPERS"/>
		<feat xlink:href="#sSpan4585" value="V"/>
		<feat xlink:href="#sSpan4587" value="PREP"/>
		<feat xlink:href="#sSpan4591" value="PPERO"/>
		<feat xlink:href="#sSpan4593" value="PREP"/>
		<feat xlink:href="#sSpan4597" value="N"/>
		<feat xlink:href="#sSpan4600" value="PUNCT"/>
		<feat xlink:href="#sSpan4604" value="APREC"/>
		<feat xlink:href="#sSpan4609" value="N"/>
		<feat xlink:href="#sSpan4613" value="PTC"/>
		<feat xlink:href="#sSpan4617" value="V"/>
		<feat xlink:href="#sSpan4621" value="ACONJ"/>
		<feat xlink:href="#sSpan4625" value="PPERS"/>
		<feat xlink:href="#sSpan4627" value="V"/>
		<feat xlink:href="#sSpan4630" value="CCIRC"/>
		<feat xlink:href="#sSpan4634" value="PPERS"/>
		<feat xlink:href="#sSpan4636" value="FUT"/>
		<feat xlink:href="#sSpan4638" value="V"/>
		<feat xlink:href="#sSpan4640" value="PPERI"/>
		<feat xlink:href="#sSpan4645" value="PTC"/>
		<feat xlink:href="#sSpan4649" value="APST"/>
		<feat xlink:href="#sSpan4653" value="PPERS"/>
		<feat xlink:href="#sSpan4655" value="V"/>
		<feat xlink:href="#sSpan4657" value="PREP"/>
		<feat xlink:href="#sSpan4661" value="PPERO"/>
		<feat xlink:href="#sSpan4663" value="CONJ"/>
		<feat xlink:href="#sSpan4667" value="PREP"/>
		<feat xlink:href="#sSpan4669" value="PPERO"/>
		<feat xlink:href="#sSpan4671" value="CONJ"/>
		<feat xlink:href="#sSpan4675" value="PPERI"/>
		<feat xlink:href="#sSpan4679" value="IMOD"/>
		<feat xlink:href="#sSpan4683" value="PPERO"/>
		<feat xlink:href="#sSpan4685" value="ADV"/>
		<feat xlink:href="#sSpan4689" value="APST"/>
		<feat xlink:href="#sSpan4693" value="PPERS"/>
		<feat xlink:href="#sSpan4695" value="V"/>
		<feat xlink:href="#sSpan4697" value="PREP"/>
		<feat xlink:href="#sSpan4701" value="PPERO"/>
		<feat xlink:href="#sSpan4703" value="PREP"/>
		<feat xlink:href="#sSpan4707" value="PDEM"/>
		<feat xlink:href="#sSpan4710" value="N"/>
		<feat xlink:href="#sSpan4712" value="PREP"/>
		<feat xlink:href="#sSpan4716" value="N"/>
		<feat xlink:href="#sSpan4718" value="PDEM"/>
		<feat xlink:href="#sSpan4722" value="CREL"/>
		<feat xlink:href="#sSpan4726" value="APST"/>
		<feat xlink:href="#sSpan4728" value="PPERS"/>
		<feat xlink:href="#sSpan4730" value="V"/>
		<feat xlink:href="#sSpan4732" value="PPERO"/>
		<feat xlink:href="#sSpan4734" value="PREP"/>
		<feat xlink:href="#sSpan4738" value="PPERO"/>
		<feat xlink:href="#sSpan4740" value="PUNCT"/>
		<feat xlink:href="#sSpan4744" value="CONJ"/>
		<feat xlink:href="#sSpan4748" value="PUNCT"/>
		<feat xlink:href="#sSpan4752" value="CCIRC"/>
		<feat xlink:href="#sSpan4756" value="ART"/>
		<feat xlink:href="#sSpan4760" value="N"/>
		<feat xlink:href="#sSpan4762" value="PREP"/>
		<feat xlink:href="#sSpan4767" value="N"/>
		<feat xlink:href="#sSpan4771" value="ADV"/>
		<feat xlink:href="#sSpan4775" value="V"/>
		<feat xlink:href="#sSpan4779" value="PREP"/>
		<feat xlink:href="#sSpan4783" value="PPOS"/>
		<feat xlink:href="#sSpan4786" value="N"/>
		<feat xlink:href="#sSpan4788" value="PUNCT"/>
		<feat xlink:href="#sSpan4792" value="ADV"/>
		<feat xlink:href="#sSpan4797" value="PTC"/>
		<feat xlink:href="#sSpan4801" value="PPERS"/>
		<feat xlink:href="#sSpan4806" value="V"/>
		<feat xlink:href="#sSpan4809" value="PREP"/>
		<feat xlink:href="#sSpan4813" value="PDEM"/>
		<feat xlink:href="#sSpan4816" value="N"/>
		<feat xlink:href="#sSpan4818" value="CONJ"/>
		<feat xlink:href="#sSpan4822" value="NEG"/>
		<feat xlink:href="#sSpan4824" value="PPERS"/>
		<feat xlink:href="#sSpan4826" value="V"/>
		<feat xlink:href="#sSpan4828" value="NEG"/>
		<feat xlink:href="#sSpan4832" value="CONJ"/>
		<feat xlink:href="#sSpan4836" value="CFOC"/>
		<feat xlink:href="#sSpan4838" value="PINT"/>
		<feat xlink:href="#sSpan4840" value="FUT"/>
		<feat xlink:href="#sSpan4844" value="V"/>
		<feat xlink:href="#sSpan4846" value="PUNCT"/>
		<feat xlink:href="#sSpan4850" value="ART"/>
		<feat xlink:href="#sSpan4856" value="N"/>
		<feat xlink:href="#sSpan4861" value="PTC"/>
		<feat xlink:href="#sSpan4865" value="ADV"/>
		<feat xlink:href="#sSpan4870" value="PREP"/>
		<feat xlink:href="#sSpan4874" value="ART"/>
		<feat xlink:href="#sSpan4877" value="N"/>
		<feat xlink:href="#sSpan4879" value="APST"/>
		<feat xlink:href="#sSpan4883" value="PPERS"/>
		<feat xlink:href="#sSpan4885" value="V"/>
		<feat xlink:href="#sSpan4887" value="ART"/>
		<feat xlink:href="#sSpan4890" value="N"/>
		<feat xlink:href="#sSpan4892" value="APST"/>
		<feat xlink:href="#sSpan4896" value="ART"/>
		<feat xlink:href="#sSpan4899" value="N"/>
		<feat xlink:href="#sSpan4901" value="V"/>
		<feat xlink:href="#sSpan4905" value="PPERO"/>
		<feat xlink:href="#sSpan4907" value="PREP"/>
		<feat xlink:href="#sSpan4911" value="PPOS"/>
		<feat xlink:href="#sSpan4915" value="N"/>
		<feat xlink:href="#sSpan4918" value="PUNCT"/>
		<feat xlink:href="#sSpan4922" value="PREP"/>
		<feat xlink:href="#sSpan4927" value="ART"/>
		<feat xlink:href="#sSpan4929" value="N"/>
		<feat xlink:href="#sSpan4931" value="PTC"/>
		<feat xlink:href="#sSpan4935" value="CREL"/>
		<feat xlink:href="#sSpan4939" value="V"/>
		<feat xlink:href="#sSpan4941" value="N"/>
		<feat xlink:href="#sSpan4944" value="PPERO"/>
		<feat xlink:href="#sSpan4946" value="PREP"/>
		<feat xlink:href="#sSpan4950" value="ART"/>
		<feat xlink:href="#sSpan4953" value="N"/>
		<feat xlink:href="#sSpan4955" value="PPOS"/>
		<feat xlink:href="#sSpan4960" value="N"/>
		<feat xlink:href="#sSpan4962" value="CREL"/>
		<feat xlink:href="#sSpan4966" value="VBD"/>
		<feat xlink:href="#sSpan4968" value="PPERS"/>
		<feat xlink:href="#sSpan4970" value="AJUS"/>
		<feat xlink:href="#sSpan4974" value="PPERS"/>
		<feat xlink:href="#sSpan4976" value="V"/>
		<feat xlink:href="#sSpan4978" value="PUNCT"/>
		<feat xlink:href="#sSpan4982" value="APST"/>
		<feat xlink:href="#sSpan4989" value="PPERS"/>
		<feat xlink:href="#sSpan4991" value="V"/>
		<feat xlink:href="#sSpan4993" value="PTC"/>
		<feat xlink:href="#sSpan4997" value="ART"/>
		<feat xlink:href="#sSpan5000" value="N"/>
		<feat xlink:href="#sSpan5002" value="PREP"/>
		<feat xlink:href="#sSpan5006" value="ART"/>
		<feat xlink:href="#sSpan5010" value="N"/>
		<feat xlink:href="#sSpan5012" value="ART"/>
		<feat xlink:href="#sSpan5017" value="N"/>
		<feat xlink:href="#sSpan5020" value="PREP"/>
		<feat xlink:href="#sSpan5024" value="N"/>
		<feat xlink:href="#sSpan5027" value="CONJ"/>
		<feat xlink:href="#sSpan5031" value="PREP"/>
		<feat xlink:href="#sSpan5035" value="N"/>
		<feat xlink:href="#sSpan5039" value="N"/>
		<feat xlink:href="#sSpan5044" value="NPROP"/>
		<feat xlink:href="#sSpan5048" value="CONJ"/>
		<feat xlink:href="#sSpan5052" value="PUNCT"/>
		<feat xlink:href="#sSpan5056" value="V"/>
		<feat xlink:href="#sSpan5061" value="PREP"/>
		<feat xlink:href="#sSpan5065" value="PPERO"/>
		<feat xlink:href="#sSpan5067" value="ACONJ"/>
		<feat xlink:href="#sSpan5071" value="PPERS"/>
		<feat xlink:href="#sSpan5073" value="V"/>
		<feat xlink:href="#sSpan5075" value="PREP"/>
		<feat xlink:href="#sSpan5079" value="PDEM"/>
		<feat xlink:href="#sSpan5082" value="N"/>
		<feat xlink:href="#sSpan5084" value="PREP"/>
		<feat xlink:href="#sSpan5088" value="PPERO"/>
		<feat xlink:href="#sSpan5090" value="PUNCT"/>
		<feat xlink:href="#sSpan5094" value="ART"/>
		<feat xlink:href="#sSpan5100" value="N"/>
		<feat xlink:href="#sSpan5103" value="PTC"/>
		<feat xlink:href="#sSpan5107" value="ART"/>
		<feat xlink:href="#sSpan5112" value="CREL"/>
		<feat xlink:href="#sSpan5114" value="APST"/>
		<feat xlink:href="#sSpan5116" value="PPERS"/>
		<feat xlink:href="#sSpan5118" value="V"/>
		<feat xlink:href="#sSpan5120" value="PPERO"/>
		<feat xlink:href="#sSpan5122" value="PREP"/>
		<feat xlink:href="#sSpan5126" value="PPERO"/>
		<feat xlink:href="#sSpan5128" value="PPERI"/>
		<feat xlink:href="#sSpan5132" value="IMOD"/>
		<feat xlink:href="#sSpan5137" value="CFOC"/>
		<feat xlink:href="#sSpan5141" value="PPERS"/>
		<feat xlink:href="#sSpan5143" value="FUT"/>
		<feat xlink:href="#sSpan5145" value="V"/>
		<feat xlink:href="#sSpan5147" value="PPERO"/>
		<feat xlink:href="#sSpan5149" value="NEG"/>
		<feat xlink:href="#sSpan5153" value="PREP"/>
		<feat xlink:href="#sSpan5157" value="ART"/>
		<feat xlink:href="#sSpan5161" value="N"/>
		<feat xlink:href="#sSpan5166" value="CONJ"/>
		<feat xlink:href="#sSpan5170" value="CFOC"/>
		<feat xlink:href="#sSpan5174" value="PPERS"/>
		<feat xlink:href="#sSpan5176" value="V"/>
		<feat xlink:href="#sSpan5178" value="PREP"/>
		<feat xlink:href="#sSpan5182" value="PPERO"/>
		<feat xlink:href="#sSpan5184" value="PREP"/>
		<feat xlink:href="#sSpan5188" value="ART"/>
		<feat xlink:href="#sSpan5191" value="CREL"/>
		<feat xlink:href="#sSpan5193" value="FUT"/>
		<feat xlink:href="#sSpan5195" value="V"/>
		<feat xlink:href="#sSpan5197" value="PREP"/>
		<feat xlink:href="#sSpan5201" value="PPERO"/>
		<feat xlink:href="#sSpan5203" value="PREP"/>
		<feat xlink:href="#sSpan5207" value="ART"/>
		<feat xlink:href="#sSpan5209" value="N"/>
		<feat xlink:href="#sSpan5211" value="PUNCT"/>
		<feat xlink:href="#sSpan5215" value="VBD"/>
		<feat xlink:href="#sSpan5220" value="PPERS"/>
		<feat xlink:href="#sSpan5222" value="PREP"/>
		<feat xlink:href="#sSpan5226" value="PPERO"/>
		<feat xlink:href="#sSpan5228" value="PTC"/>
		<feat xlink:href="#sSpan5232" value="ART"/>
		<feat xlink:href="#sSpan5235" value="N"/>
		<feat xlink:href="#sSpan5237" value="CONJ"/>
		<feat xlink:href="#sSpan5241" value="PDEM"/>
		<feat xlink:href="#sSpan5244" value="N"/>
		<feat xlink:href="#sSpan5246" value="PREP"/>
		<feat xlink:href="#sSpan5250" value="PPOS"/>
		<feat xlink:href="#sSpan5254" value="NPROP"/>
		<feat xlink:href="#sSpan5257" value="V"/>
		<feat xlink:href="#sSpan5261" value="PPERO"/>
		<feat xlink:href="#sSpan5263" value="CCIRC"/>
		<feat xlink:href="#sSpan5267" value="PPERS"/>
		<feat xlink:href="#sSpan5269" value="V"/>
		<feat xlink:href="#sSpan5271" value="PREP"/>
		<feat xlink:href="#sSpan5275" value="ART"/>
		<feat xlink:href="#sSpan5278" value="NPROP"/>
		<feat xlink:href="#sSpan5280" value="CONJ"/>
		<feat xlink:href="#sSpan5284" value="PUNCT"/>
		<feat xlink:href="#sSpan5288" value="PREP"/>
		<feat xlink:href="#sSpan5295" value="NPROP"/>
		<feat xlink:href="#sSpan5301" value="PTC"/>
		<feat xlink:href="#sSpan5305" value="ART"/>
		<feat xlink:href="#sSpan5310" value="N"/>
		<feat xlink:href="#sSpan5312" value="APST"/>
		<feat xlink:href="#sSpan5316" value="PPERS"/>
		<feat xlink:href="#sSpan5319" value="V"/>
		<feat xlink:href="#sSpan5321" value="PREP"/>
		<feat xlink:href="#sSpan5325" value="PPERO"/>
		<feat xlink:href="#sSpan5327" value="ADV"/>
		<feat xlink:href="#sSpan5331" value="PREP"/>
		<feat xlink:href="#sSpan5335" value="ACAUS"/>
		<feat xlink:href="#sSpan5337" value="PPERS"/>
		<feat xlink:href="#sSpan5339" value="V"/>
		<feat xlink:href="#sSpan5341" value="PREP"/>
		<feat xlink:href="#sSpan5345" value="PPERO"/>
		<feat xlink:href="#sSpan5347" value="CONJ"/>
		<feat xlink:href="#sSpan5351" value="ADV"/>
		<feat xlink:href="#sSpan5355" value="NEG"/>
		<feat xlink:href="#sSpan5359" value="ART"/>
		<feat xlink:href="#sSpan5362" value="N"/>
		<feat xlink:href="#sSpan5364" value="NEG"/>
		<feat xlink:href="#sSpan5368" value="COP"/>
		<feat xlink:href="#sSpan5372" value="PREP"/>
		<feat xlink:href="#sSpan5376" value="ACAUS"/>
		<feat xlink:href="#sSpan5378" value="PPERS"/>
		<feat xlink:href="#sSpan5380" value="V"/>
		<feat xlink:href="#sSpan5382" value="PREP"/>
		<feat xlink:href="#sSpan5386" value="PPERO"/>
		<feat xlink:href="#sSpan5388" value="ADV"/>
		<feat xlink:href="#sSpan5392" value="PUNCT"/>
		<feat xlink:href="#sSpan5396" value="PPERS"/>
		<feat xlink:href="#sSpan5401" value="VSTAT"/>
		<feat xlink:href="#sSpan5404" value="PTC"/>
		<feat xlink:href="#sSpan5408" value="ACOND_PPERS"/>
		<feat xlink:href="#sSpan5412" value="V"/>
		<feat xlink:href="#sSpan5415" value="PREP"/>
		<feat xlink:href="#sSpan5419" value="ART"/>
		<feat xlink:href="#sSpan5422" value="N"/>
		<feat xlink:href="#sSpan5424" value="PUNCT"/>
		<feat xlink:href="#sSpan5428" value="PREP"/>
		<feat xlink:href="#sSpan5434" value="PDEM"/>
		<feat xlink:href="#sSpan5437" value="APST"/>
		<feat xlink:href="#sSpan5441" value="ART"/>
		<feat xlink:href="#sSpan5445" value="N"/>
		<feat xlink:href="#sSpan5447" value="CREL"/>
		<feat xlink:href="#sSpan5451" value="VSTAT"/>
		<feat xlink:href="#sSpan5453" value="V"/>
		<feat xlink:href="#sSpan5458" value="CCIRC"/>
		<feat xlink:href="#sSpan5462" value="PPERS"/>
		<feat xlink:href="#sSpan5465" value="V"/>
		<feat xlink:href="#sSpan5467" value="PREP"/>
		<feat xlink:href="#sSpan5471" value="PPOS"/>
		<feat xlink:href="#sSpan5474" value="N"/>
		<feat xlink:href="#sSpan5476" value="CONJ"/>
		<feat xlink:href="#sSpan5480" value="AJUS"/>
		<feat xlink:href="#sSpan5482" value="PPERS"/>
		<feat xlink:href="#sSpan5484" value="V"/>
		<feat xlink:href="#sSpan5486" value="ADV"/>
		<feat xlink:href="#sSpan5490" value="PUNCT"/>
		<feat xlink:href="#sSpan5494" value="APST"/>
		<feat xlink:href="#sSpan5499" value="PPERS"/>
		<feat xlink:href="#sSpan5501" value="V"/>
		<feat xlink:href="#sSpan5503" value="PTC"/>
		<feat xlink:href="#sSpan5507" value="PPOS"/>
		<feat xlink:href="#sSpan5510" value="N"/>
		<feat xlink:href="#sSpan5512" value="CONJ"/>
		<feat xlink:href="#sSpan5516" value="PPERS"/>
		<feat xlink:href="#sSpan5518" value="VSTAT"/>
		<feat xlink:href="#sSpan5520" value="ACOND_PPERS"/>
		<feat xlink:href="#sSpan5524" value="V"/>
		<feat xlink:href="#sSpan5527" value="PREP"/>
		<feat xlink:href="#sSpan5531" value="ART"/>
		<feat xlink:href="#sSpan5534" value="N"/>
		<feat xlink:href="#sSpan5536" value="ADV"/>
		<feat xlink:href="#sSpan5540" value="PTC"/>
		<feat xlink:href="#sSpan5544" value="PPOS"/>
		<feat xlink:href="#sSpan5549" value="N"/>
		<feat xlink:href="#sSpan5551" value="PPERS"/>
		<feat xlink:href="#sSpan5555" value="VSTAT"/>
		<feat xlink:href="#sSpan5557" value="PREP"/>
		<feat xlink:href="#sSpan5561" value="V"/>
		<feat xlink:href="#sSpan5564" value="PREP"/>
		<feat xlink:href="#sSpan5568" value="N"/>
		<feat xlink:href="#sSpan5571" value="PPERS"/>
		<feat xlink:href="#sSpan5575" value="FUT"/>
		<feat xlink:href="#sSpan5578" value="V"/>
		<feat xlink:href="#sSpan5581" value="PREP"/>
		<feat xlink:href="#sSpan5585" value="PPERO"/>
		<feat xlink:href="#sSpan5587" value="PREP"/>
		<feat xlink:href="#sSpan5591" value="PPERO"/>
		<feat xlink:href="#sSpan5593" value="PTC"/>
		<feat xlink:href="#sSpan5597" value="ART"/>
		<feat xlink:href="#sSpan5600" value="N"/>
		<feat xlink:href="#sSpan5602" value="PUNCT"/>
		<feat xlink:href="#sSpan5606" value="PPOS"/>
		<feat xlink:href="#sSpan5611" value="N"/>
		<feat xlink:href="#sSpan5613" value="AJUS"/>
		<feat xlink:href="#sSpan5617" value="PPERS"/>
		<feat xlink:href="#sSpan5619" value="V"/>
		<feat xlink:href="#sSpan5621" value="PUNCT"/>
		<feat xlink:href="#sSpan5625" value="ART"/>
		<feat xlink:href="#sSpan5630" value="N"/>
		<feat xlink:href="#sSpan5632" value="PREP"/>
		<feat xlink:href="#sSpan5636" value="PPERO"/>
		<feat xlink:href="#sSpan5638" value="PREP"/>
		<feat xlink:href="#sSpan5642" value="N"/>
		<feat xlink:href="#sSpan5645" value="PREP"/>
		<feat xlink:href="#sSpan5649" value="N"/>
		<feat xlink:href="#sSpan5652" value="PTC"/>
		<feat xlink:href="#sSpan5656" value="PUNCT"/>
		<feat xlink:href="#sSpan5660" value="PREP"/>
		<feat xlink:href="#sSpan5667" value="PDEM"/>
		<feat xlink:href="#sSpan5671" value="PTC"/>
		<feat xlink:href="#sSpan5675" value="IMOD"/>
		<feat xlink:href="#sSpan5679" value="PPERO"/>
		<feat xlink:href="#sSpan5681" value="APST"/>
		<feat xlink:href="#sSpan5685" value="PPERS"/>
		<feat xlink:href="#sSpan5687" value="V"/>
		<feat xlink:href="#sSpan5690" value="PREP"/>
		<feat xlink:href="#sSpan5694" value="ART"/>
		<feat xlink:href="#sSpan5697" value="N"/>
		<feat xlink:href="#sSpan5699" value="PREP"/>
		<feat xlink:href="#sSpan5703" value="N"/>
		<feat xlink:href="#sSpan5705" value="CCIRC"/>
		<feat xlink:href="#sSpan5709" value="PPERS"/>
		<feat xlink:href="#sSpan5711" value="PREP"/>
		<feat xlink:href="#sSpan5713" value="ART"/>
		<feat xlink:href="#sSpan5716" value="N"/>
		<feat xlink:href="#sSpan5718" value="ADV"/>
		<feat xlink:href="#sSpan5722" value="PREP"/>
		<feat xlink:href="#sSpan5726" value="ART"/>
		<feat xlink:href="#sSpan5730" value="N"/>
		<feat xlink:href="#sSpan5733" value="CONJ"/>
		<feat xlink:href="#sSpan5738" value="NPROP"/>
		<feat xlink:href="#sSpan5740" value="APST"/>
		<feat xlink:href="#sSpan5744" value="PPERS"/>
		<feat xlink:href="#sSpan5746" value="V"/>
		<feat xlink:href="#sSpan5749" value="PREP"/>
		<feat xlink:href="#sSpan5753" value="ART"/>
		<feat xlink:href="#sSpan5756" value="N"/>
		<feat xlink:href="#sSpan5758" value="PREP"/>
		<feat xlink:href="#sSpan5763" value="N"/>
		<feat xlink:href="#sSpan5766" value="PREP"/>
		<feat xlink:href="#sSpan5770" value="ART"/>
		<feat xlink:href="#sSpan5773" value="N"/>
		<feat xlink:href="#sSpan5775" value="CREL"/>
		<feat xlink:href="#sSpan5779" value="ADV"/>
		<feat xlink:href="#sSpan5781" value="APST"/>
		<feat xlink:href="#sSpan5785" value="PPERS"/>
		<feat xlink:href="#sSpan5787" value="V"/>
		<feat xlink:href="#sSpan5790" value="PTC"/>
		<feat xlink:href="#sSpan5794" value="PREP"/>
		<feat xlink:href="#sSpan5798" value="ART"/>
		<feat xlink:href="#sSpan5801" value="N"/>
		<feat xlink:href="#sSpan5803" value="PREP"/>
		<feat xlink:href="#sSpan5807" value="N"/>
		<feat xlink:href="#sSpan5809" value="APST"/>
		<feat xlink:href="#sSpan5813" value="PPERS"/>
		<feat xlink:href="#sSpan5815" value="V"/>
		<feat xlink:href="#sSpan5817" value="PREP"/>
		<feat xlink:href="#sSpan5821" value="PPERO"/>
		<feat xlink:href="#sSpan5823" value="PUNCT"/>
		<feat xlink:href="#sSpan5827" value="CONJ"/>
		<feat xlink:href="#sSpan5831" value="PREP"/>
		<feat xlink:href="#sSpan5835" value="ART"/>
		<feat xlink:href="#sSpan5839" value="N"/>
		<feat xlink:href="#sSpan5841" value="CCIRC"/>
		<feat xlink:href="#sSpan5845" value="PPERS"/>
		<feat xlink:href="#sSpan5847" value="VSTAT"/>
		<feat xlink:href="#sSpan5849" value="PUNCT"/>
		<feat xlink:href="#sSpan5853" value="ART"/>
		<feat xlink:href="#sSpan5859" value="N"/>
		<feat xlink:href="#sSpan5862" value="PTC"/>
		<feat xlink:href="#sSpan5866" value="IMOD"/>
		<feat xlink:href="#sSpan5870" value="PPERO"/>
		<feat xlink:href="#sSpan5872" value="APREC"/>
		<feat xlink:href="#sSpan5876" value="PPERS"/>
		<feat xlink:href="#sSpan5878" value="V"/>
		<feat xlink:href="#sSpan5880" value="PREP"/>
		<feat xlink:href="#sSpan5884" value="PPOS"/>
		<feat xlink:href="#sSpan5887" value="N"/>
		<feat xlink:href="#sSpan5889" value="CONJ"/>
		<feat xlink:href="#sSpan5893" value="CFOC"/>
		<feat xlink:href="#sSpan5895" value="PPERS"/>
		<feat xlink:href="#sSpan5897" value="PREP"/>
		<feat xlink:href="#sSpan5899" value="ART"/>
		<feat xlink:href="#sSpan5902" value="N"/>
		<feat xlink:href="#sSpan5904" value="CREL"/>
		<feat xlink:href="#sSpan5908" value="ADV"/>
		<feat xlink:href="#sSpan5910" value="APST"/>
		<feat xlink:href="#sSpan5914" value="PPERS"/>
		<feat xlink:href="#sSpan5916" value="V"/>
		<feat xlink:href="#sSpan5918" value="PREP"/>
		<feat xlink:href="#sSpan5922" value="PPERO"/>
		<feat xlink:href="#sSpan5924" value="APST"/>
		<feat xlink:href="#sSpan5928" value="PPERS"/>
		<feat xlink:href="#sSpan5930" value="V"/>
		<feat xlink:href="#sSpan5932" value="PREP"/>
		<feat xlink:href="#sSpan5936" value="ART"/>
		<feat xlink:href="#sSpan5939" value="N"/>
		<feat xlink:href="#sSpan5941" value="PREP"/>
		<feat xlink:href="#sSpan5945" value="ART"/>
		<feat xlink:href="#sSpan5948" value="N"/>
		<feat xlink:href="#sSpan5950" value="ADV"/>
		<feat xlink:href="#sSpan5955" value="PREP"/>
		<feat xlink:href="#sSpan5959" value="N"/>
		<feat xlink:href="#sSpan5962" value="PPERO"/>
		<feat xlink:href="#sSpan5964" value="PUNCT"/>
		<feat xlink:href="#sSpan5968" value="ART"/>
		<feat xlink:href="#sSpan5974" value="N"/>
		<feat xlink:href="#sSpan5977" value="PTC"/>
		<feat xlink:href="#sSpan5981" value="CPRET"/>
		<feat xlink:href="#sSpan5985" value="ART"/>
		<feat xlink:href="#sSpan5988" value="N"/>
		<feat xlink:href="#sSpan5990" value="COP"/>
		<feat xlink:href="#sSpan5994" value="CCIRC"/>
		<feat xlink:href="#sSpan5998" value="EXIST"/>
		<feat xlink:href="#sSpan6000" value="N"/>
		<feat xlink:href="#sSpan6003" value="PREP"/>
		<feat xlink:href="#sSpan6007" value="PPERO"/>
		<feat xlink:href="#sSpan6009" value="PUNCT"/>
		<feat xlink:href="#sSpan6013" value="VBD"/>
		<feat xlink:href="#sSpan6018" value="PPOS"/>
		<feat xlink:href="#sSpan6021" value="N"/>
		<feat xlink:href="#sSpan6023" value="PREP"/>
		<feat xlink:href="#sSpan6027" value="PPERO"/>
		<feat xlink:href="#sSpan6029" value="CONJ"/>
		<feat xlink:href="#sSpan6033" value="PUNCT"/>
		<feat xlink:href="#sSpan6037" value="PPOS"/>
		<feat xlink:href="#sSpan6043" value="N"/>
		<feat xlink:href="#sSpan6046" value="NPROP"/>
		<feat xlink:href="#sSpan6050" value="V"/>
		<feat xlink:href="#sSpan6054" value="PREP"/>
		<feat xlink:href="#sSpan6058" value="ART"/>
		<feat xlink:href="#sSpan6061" value="N"/>
		<feat xlink:href="#sSpan6063" value="ACONJ"/>
		<feat xlink:href="#sSpan6067" value="PPERS"/>
		<feat xlink:href="#sSpan6069" value="V"/>
		<feat xlink:href="#sSpan6071" value="CONJ"/>
		<feat xlink:href="#sSpan6075" value="ART"/>
		<feat xlink:href="#sSpan6078" value="N"/>
		<feat xlink:href="#sSpan6080" value="FUT"/>
		<feat xlink:href="#sSpan6084" value="V"/>
		<feat xlink:href="#sSpan6086" value="PREP"/>
		<feat xlink:href="#sSpan6090" value="PPERO"/>
		<feat xlink:href="#sSpan6092" value="PREP"/>
		<feat xlink:href="#sSpan6096" value="ART"/>
		<feat xlink:href="#sSpan6099" value="N"/>
		<feat xlink:href="#sSpan6101" value="PREP"/>
		<feat xlink:href="#sSpan6105" value="ART"/>
		<feat xlink:href="#sSpan6108" value="N"/>
		<feat xlink:href="#sSpan6110" value="CREL"/>
		<feat xlink:href="#sSpan6114" value="VSTAT"/>
		<feat xlink:href="#sSpan6116" value="PREP"/>
		<feat xlink:href="#sSpan6120" value="PPERO"/>
		<feat xlink:href="#sSpan6122" value="PUNCT"/>
		<feat xlink:href="#sSpan6126" value="CONJ"/>
		<feat xlink:href="#sSpan6131" value="APREC"/>
		<feat xlink:href="#sSpan6135" value="PPERS"/>
		<feat xlink:href="#sSpan6137" value="V"/>
		<feat xlink:href="#sSpan6139" value="PREP"/>
		<feat xlink:href="#sSpan6143" value="ART"/>
		<feat xlink:href="#sSpan6145" value="N"/>
		<feat xlink:href="#sSpan6147" value="PREP"/>
		<feat xlink:href="#sSpan6151" value="PPERO"/>
		<feat xlink:href="#sSpan6153" value="N"/>
		<feat xlink:href="#sSpan6156" value="APST"/>
		<feat xlink:href="#sSpan6160" value="PPERS"/>
		<feat xlink:href="#sSpan6162" value="V"/>
		<feat xlink:href="#sSpan6164" value="PREP"/>
		<feat xlink:href="#sSpan6168" value="PPERO"/>
		<feat xlink:href="#sSpan6170" value="V"/>
		<feat xlink:href="#sSpan6174" value="ADV"/>
		<feat xlink:href="#sSpan6178" value="CCIRC"/>
		<feat xlink:href="#sSpan6182" value="VBD"/>
		<feat xlink:href="#sSpan6184" value="PPERS"/>
		<feat xlink:href="#sSpan6186" value="CCIRC"/>
		<feat xlink:href="#sSpan6190" value="PPERS"/>
		<feat xlink:href="#sSpan6192" value="VSTAT"/>
		<feat xlink:href="#sSpan6194" value="ADV"/>
		<feat xlink:href="#sSpan6198" value="PREP"/>
		<feat xlink:href="#sSpan6202" value="V"/>
		<feat xlink:href="#sSpan6204" value="ADV"/>
		<feat xlink:href="#sSpan6208" value="PREP"/>
		<feat xlink:href="#sSpan6212" value="PPERO"/>
		<feat xlink:href="#sSpan6214" value="PUNCT"/>
		<feat xlink:href="#sSpan6218" value="CONJ"/>
		<feat xlink:href="#sSpan6223" value="APST"/>
		<feat xlink:href="#sSpan6227" value="PPERS"/>
		<feat xlink:href="#sSpan6229" value="V"/>
		<feat xlink:href="#sSpan6231" value="N"/>
		<feat xlink:href="#sSpan6234" value="NUM"/>
		<feat xlink:href="#sSpan6238" value="CCIRC"/>
		<feat xlink:href="#sSpan6242" value="PPERS"/>
		<feat xlink:href="#sSpan6244" value="V"/>
		<feat xlink:href="#sSpan6246" value="ADV"/>
		<feat xlink:href="#sSpan6250" value="PREP"/>
		<feat xlink:href="#sSpan6254" value="PPERO"/>
		<feat xlink:href="#sSpan6256" value="PREP"/>
		<feat xlink:href="#sSpan6260" value="ART"/>
		<feat xlink:href="#sSpan6262" value="CREL"/>
		<feat xlink:href="#sSpan6264" value="VSTAT"/>
		<feat xlink:href="#sSpan6266" value="PREP"/>
		<feat xlink:href="#sSpan6270" value="PPERO"/>
		<feat xlink:href="#sSpan6272" value="PUNCT"/>
		<feat xlink:href="#sSpan6277" value="ADV"/>
		<feat xlink:href="#sSpan6281" value="VBD"/>
		<feat xlink:href="#sSpan6285" value="PPOS"/>
		<feat xlink:href="#sSpan6288" value="N"/>
		<feat xlink:href="#sSpan6290" value="PREP"/>
		<feat xlink:href="#sSpan6294" value="PPERO"/>
		<feat xlink:href="#sSpan6296" value="CONJ"/>
		<feat xlink:href="#sSpan6300" value="PUNCT"/>
		<feat xlink:href="#sSpan6304" value="AJUS"/>
		<feat xlink:href="#sSpan6309" value="PPERS"/>
		<feat xlink:href="#sSpan6311" value="V"/>
		<feat xlink:href="#sSpan6313" value="PREP"/>
		<feat xlink:href="#sSpan6317" value="ART"/>
		<feat xlink:href="#sSpan6320" value="N"/>
		<feat xlink:href="#sSpan6322" value="ACONJ"/>
		<feat xlink:href="#sSpan6326" value="PPERS"/>
		<feat xlink:href="#sSpan6328" value="V"/>
		<feat xlink:href="#sSpan6330" value="PPERO"/>
		<feat xlink:href="#sSpan6332" value="PREP"/>
		<feat xlink:href="#sSpan6336" value="ART"/>
		<feat xlink:href="#sSpan6339" value="N"/>
		<feat xlink:href="#sSpan6341" value="CREL"/>
		<feat xlink:href="#sSpan6345" value="VSTAT"/>
		<feat xlink:href="#sSpan6347" value="PREP"/>
		<feat xlink:href="#sSpan6351" value="PPERO"/>
		<feat xlink:href="#sSpan6353" value="PUNCT"/>
		<feat xlink:href="#sSpan6357" value="APST"/>
		<feat xlink:href="#sSpan6362" value="ART"/>
		<feat xlink:href="#sSpan6365" value="N"/>
		<feat xlink:href="#sSpan6367" value="V"/>
		<feat xlink:href="#sSpan6371" value="CCIRC"/>
		<feat xlink:href="#sSpan6375" value="PPERS"/>
		<feat xlink:href="#sSpan6377" value="V"/>
		<feat xlink:href="#sSpan6379" value="PREP"/>
		<feat xlink:href="#sSpan6383" value="PPERO"/>
		<feat xlink:href="#sSpan6385" value="CONJ"/>
		<feat xlink:href="#sSpan6389" value="N"/>
		<feat xlink:href="#sSpan6392" value="PINT"/>
		<feat xlink:href="#sSpan6396" value="CREL"/>
		<feat xlink:href="#sSpan6400" value="PPERS"/>
		<feat xlink:href="#sSpan6402" value="FUT"/>
		<feat xlink:href="#sSpan6404" value="V"/>
		<feat xlink:href="#sSpan6406" value="PREP"/>
		<feat xlink:href="#sSpan6410" value="PPERO"/>
		<feat xlink:href="#sSpan6412" value="PPERS"/>
		<feat xlink:href="#sSpan6416" value="FUT"/>
		<feat xlink:href="#sSpan6418" value="V"/>
		<feat xlink:href="#sSpan6420" value="APST"/>
		<feat xlink:href="#sSpan6424" value="PPERS"/>
		<feat xlink:href="#sSpan6426" value="CCIRC"/>
		<feat xlink:href="#sSpan6430" value="PPERS"/>
		<feat xlink:href="#sSpan6432" value="VSTAT"/>
		<feat xlink:href="#sSpan6434" value="ADV"/>
		<feat xlink:href="#sSpan6438" value="PREP"/>
		<feat xlink:href="#sSpan6442" value="N"/>
		<feat xlink:href="#sSpan6445" value="PUNCT"/>
		<feat xlink:href="#sSpan6449" value="APREC"/>
		<feat xlink:href="#sSpan6456" value="PPERS"/>
		<feat xlink:href="#sSpan6458" value="V"/>
		<feat xlink:href="#sSpan6460" value="PPERO"/>
		<feat xlink:href="#sSpan6463" value="PTC"/>
		<feat xlink:href="#sSpan6467" value="APST"/>
		<feat xlink:href="#sSpan6471" value="PPERS"/>
		<feat xlink:href="#sSpan6473" value="V"/>
		<feat xlink:href="#sSpan6476" value="ADV"/>
		<feat xlink:href="#sSpan6480" value="PREP"/>
		<feat xlink:href="#sSpan6484" value="ART"/>
		<feat xlink:href="#sSpan6487" value="N"/>
		<feat xlink:href="#sSpan6489" value="CREL"/>
		<feat xlink:href="#sSpan6493" value="ADV"/>
		<feat xlink:href="#sSpan6495" value="PREP"/>
		<feat xlink:href="#sSpan6499" value="ACAUS"/>
		<feat xlink:href="#sSpan6501" value="PPERS"/>
		<feat xlink:href="#sSpan6503" value="V"/>
		<feat xlink:href="#sSpan6506" value="PREP"/>
		<feat xlink:href="#sSpan6510" value="ART"/>
		<feat xlink:href="#sSpan6513" value="N"/>
		<feat xlink:href="#sSpan6515" value="PREP"/>
		<feat xlink:href="#sSpan6519" value="ART"/>
		<feat xlink:href="#sSpan6522" value="N"/>
		<feat xlink:href="#sSpan6524" value="CCIRC"/>
		<feat xlink:href="#sSpan6528" value="PPERS"/>
		<feat xlink:href="#sSpan6530" value="V"/>
		<feat xlink:href="#sSpan6532" value="PREP"/>
		<feat xlink:href="#sSpan6536" value="PPERO"/>
		<feat xlink:href="#sSpan6538" value="CONJ"/>
		<feat xlink:href="#sSpan6543" value="N"/>
		<feat xlink:href="#sSpan6546" value="NPROP"/>
		<feat xlink:href="#sSpan6550" value="PUNCT"/>
		<feat xlink:href="#sSpan6555" value="ADV"/>
		<feat xlink:href="#sSpan6561" value="PTC"/>
		<feat xlink:href="#sSpan6565" value="CCIRC"/>
		<feat xlink:href="#sSpan6569" value="PPERS"/>
		<feat xlink:href="#sSpan6571" value="V"/>
		<feat xlink:href="#sSpan6573" value="APST"/>
		<feat xlink:href="#sSpan6577" value="PPERS"/>
		<feat xlink:href="#sSpan6579" value="V"/>
		<feat xlink:href="#sSpan6582" value="PREP"/>
		<feat xlink:href="#sSpan6586" value="ART"/>
		<feat xlink:href="#sSpan6591" value="N"/>
		<feat xlink:href="#sSpan6593" value="PREP"/>
		<feat xlink:href="#sSpan6597" value="ART"/>
		<feat xlink:href="#sSpan6600" value="N"/>
		<feat xlink:href="#sSpan6602" value="PUNCT"/>
		<feat xlink:href="#sSpan6606" value="PDEM"/>
		<feat xlink:href="#sSpan6611" value="N"/>
		<feat xlink:href="#sSpan6613" value="CREL"/>
		<feat xlink:href="#sSpan6617" value="APST"/>
		<feat xlink:href="#sSpan6619" value="ART"/>
		<feat xlink:href="#sSpan6622" value="N"/>
		<feat xlink:href="#sSpan6624" value="V"/>
		<feat xlink:href="#sSpan6628" value="ANEGPST"/>
		<feat xlink:href="#sSpan6633" value="PPERS"/>
		<feat xlink:href="#sSpan6635" value="V"/>
		<feat xlink:href="#sSpan6637" value="CCIRC"/>
		<feat xlink:href="#sSpan6641" value="PPERS"/>
		<feat xlink:href="#sSpan6643" value="V"/>
		<feat xlink:href="#sSpan6645" value="PREP"/>
		<feat xlink:href="#sSpan6649" value="N"/>
		<feat xlink:href="#sSpan6652" value="PUNCT"/>
		<feat xlink:href="#sSpan6656" value="APST"/>
		<feat xlink:href="#sSpan6661" value="PPERS"/>
		<feat xlink:href="#sSpan6663" value="V"/>
		<feat xlink:href="#sSpan6665" value="PREP"/>
		<feat xlink:href="#sSpan6669" value="ART"/>
		<feat xlink:href="#sSpan6672" value="N"/>
		<feat xlink:href="#sSpan6674" value="PREP"/>
		<feat xlink:href="#sSpan6679" value="N"/>
		<feat xlink:href="#sSpan6682" value="CCIRC"/>
		<feat xlink:href="#sSpan6686" value="PPERS"/>
		<feat xlink:href="#sSpan6688" value="PREP"/>
		<feat xlink:href="#sSpan6690" value="ART"/>
		<feat xlink:href="#sSpan6695" value="N"/>
		<feat xlink:href="#sSpan6697" value="CREL"/>
		<feat xlink:href="#sSpan6701" value="ADV"/>
		<feat xlink:href="#sSpan6703" value="APST"/>
		<feat xlink:href="#sSpan6707" value="PPERS"/>
		<feat xlink:href="#sSpan6709" value="V"/>
		<feat xlink:href="#sSpan6712" value="PREP"/>
		<feat xlink:href="#sSpan6716" value="ART"/>
		<feat xlink:href="#sSpan6719" value="N"/>
		<feat xlink:href="#sSpan6721" value="PREP"/>
		<feat xlink:href="#sSpan6725" value="ART"/>
		<feat xlink:href="#sSpan6727" value="CREL"/>
		<feat xlink:href="#sSpan6729" value="VBD"/>
		<feat xlink:href="#sSpan6731" value="PPERS"/>
		<feat xlink:href="#sSpan6733" value="PREP"/>
		<feat xlink:href="#sSpan6737" value="PPERO"/>
		<feat xlink:href="#sSpan6739" value="PUNCT"/>
		<feat xlink:href="#sSpan6743" value="PPOS"/>
		<feat xlink:href="#sSpan6750" value="N"/>
		<feat xlink:href="#sSpan6753" value="PTC"/>
		<feat xlink:href="#sSpan6757" value="ART"/>
		<feat xlink:href="#sSpan6761" value="N"/>
		<feat xlink:href="#sSpan6764" value="N"/>
		<feat xlink:href="#sSpan6769" value="NPROP"/>
		<feat xlink:href="#sSpan6773" value="APST"/>
		<feat xlink:href="#sSpan6777" value="PPERS"/>
		<feat xlink:href="#sSpan6779" value="V"/>
		<feat xlink:href="#sSpan6781" value="PREP"/>
		<feat xlink:href="#sSpan6785" value="PPERO"/>
		<feat xlink:href="#sSpan6787" value="PREP"/>
		<feat xlink:href="#sSpan6791" value="ART"/>
		<feat xlink:href="#sSpan6794" value="N"/>
		<feat xlink:href="#sSpan6796" value="CREL"/>
		<feat xlink:href="#sSpan6800" value="ADV"/>
		<feat xlink:href="#sSpan6802" value="PREP"/>
		<feat xlink:href="#sSpan6806" value="N"/>
		<feat xlink:href="#sSpan6809" value="NUM"/>
		<feat xlink:href="#sSpan6811" value="PREP"/>
		<feat xlink:href="#sSpan6815" value="N"/>
		<feat xlink:href="#sSpan6818" value="PREP"/>
		<feat xlink:href="#sSpan6822" value="ART"/>
		<feat xlink:href="#sSpan6825" value="N"/>
		<feat xlink:href="#sSpan6827" value="PREP"/>
		<feat xlink:href="#sSpan6831" value="N"/>
		<feat xlink:href="#sSpan6833" value="NUM"/>
		<feat xlink:href="#sSpan6835" value="PREP"/>
		<feat xlink:href="#sSpan6839" value="ART"/>
		<feat xlink:href="#sSpan6842" value="N"/>
		<feat xlink:href="#sSpan6844" value="PUNCT"/>
		<feat xlink:href="#sSpan6848" value="CONJ"/>
		<feat xlink:href="#sSpan6852" value="APST"/>
		<feat xlink:href="#sSpan6856" value="PPERS"/>
		<feat xlink:href="#sSpan6858" value="V"/>
		<feat xlink:href="#sSpan6860" value="ADV"/>
		<feat xlink:href="#sSpan6864" value="CCIRC"/>
		<feat xlink:href="#sSpan6868" value="APST"/>
		<feat xlink:href="#sSpan6870" value="PPERS"/>
		<feat xlink:href="#sSpan6872" value="V"/>
		<feat xlink:href="#sSpan6874" value="PREP"/>
		<feat xlink:href="#sSpan6878" value="N"/>
		<feat xlink:href="#sSpan6880" value="PREP"/>
		<feat xlink:href="#sSpan6884" value="PPERO"/>
		<feat xlink:href="#sSpan6886" value="PREP"/>
		<feat xlink:href="#sSpan6890" value="ART"/>
		<feat xlink:href="#sSpan6893" value="N"/>
		<feat xlink:href="#sSpan6895" value="PREP"/>
		<feat xlink:href="#sSpan6900" value="N"/>
		<feat xlink:href="#sSpan6902" value="PUNCT"/>
		<feat xlink:href="#sSpan6906" value="NEG"/>
		<feat xlink:href="#sSpan6911" value="V"/>
		<feat xlink:href="#sSpan6915" value="PPERO"/>
		<feat xlink:href="#sSpan6917" value="PREP"/>
		<feat xlink:href="#sSpan6921" value="PPERO"/>
		<feat xlink:href="#sSpan6923" value="PREP"/>
		<feat xlink:href="#sSpan6927" value="ART"/>
		<feat xlink:href="#sSpan6930" value="N"/>
		<feat xlink:href="#sSpan6932" value="CREL"/>
		<feat xlink:href="#sSpan6936" value="ADV"/>
		<feat xlink:href="#sSpan6938" value="PUNCT"/></featList></paula>