<?xml version='1.0' encoding='UTF-8'?><!DOCTYPE paula SYSTEM "paula_feat.dtd">
<paula version="1.1">
	<header paula_id="scriptorium.life.phib.01.mark_new_sent"/>
	<featList xmlns:xlink="http://www.w3.org/1999/xlink" type="new_sent" xml:base="scriptorium.life.phib.01.mark.xml">
		<feat xlink:href="#sSpan1" value="true"/>
		<feat xlink:href="#sSpan115" value="true"/>
		<feat xlink:href="#sSpan204" value="true"/>
		<feat xlink:href="#sSpan238" value="true"/>
		<feat xlink:href="#sSpan374" value="true"/>
		<feat xlink:href="#sSpan482" value="true"/>
		<feat xlink:href="#sSpan563" value="true"/>
		<feat xlink:href="#sSpan621" value="true"/>
		<feat xlink:href="#sSpan659" value="true"/>
		<feat xlink:href="#sSpan769" value="true"/>
		<feat xlink:href="#sSpan894" value="true"/>
		<feat xlink:href="#sSpan1011" value="true"/>
		<feat xlink:href="#sSpan1072" value="true"/>
		<feat xlink:href="#sSpan1185" value="true"/>
		<feat xlink:href="#sSpan1275" value="true"/>
		<feat xlink:href="#sSpan1547" value="true"/>
		<feat xlink:href="#sSpan1697" value="true"/>
		<feat xlink:href="#sSpan1811" value="true"/>
		<feat xlink:href="#sSpan1923" value="true"/>
		<feat xlink:href="#sSpan1998" value="true"/>
		<feat xlink:href="#sSpan2088" value="true"/>
		<feat xlink:href="#sSpan2189" value="true"/>
		<feat xlink:href="#sSpan2291" value="true"/>
		<feat xlink:href="#sSpan2473" value="true"/>
		<feat xlink:href="#sSpan2602" value="true"/>
		<feat xlink:href="#sSpan2729" value="true"/>
		<feat xlink:href="#sSpan2837" value="true"/>
		<feat xlink:href="#sSpan2884" value="true"/>
		<feat xlink:href="#sSpan2956" value="true"/>
		<feat xlink:href="#sSpan2988" value="true"/>
		<feat xlink:href="#sSpan3137" value="true"/>
		<feat xlink:href="#sSpan3284" value="true"/>
		<feat xlink:href="#sSpan3377" value="true"/>
		<feat xlink:href="#sSpan3742" value="true"/>
		<feat xlink:href="#sSpan3864" value="true"/>
		<feat xlink:href="#sSpan3955" value="true"/>
		<feat xlink:href="#sSpan4008" value="true"/>
		<feat xlink:href="#sSpan4084" value="true"/>
		<feat xlink:href="#sSpan4131" value="true"/>
		<feat xlink:href="#sSpan4167" value="true"/>
		<feat xlink:href="#sSpan4282" value="true"/>
		<feat xlink:href="#sSpan4451" value="true"/>
		<feat xlink:href="#sSpan4488" value="true"/>
		<feat xlink:href="#sSpan4639" value="true"/>
		<feat xlink:href="#sSpan4758" value="true"/>
		<feat xlink:href="#sSpan4805" value="true"/>
		<feat xlink:href="#sSpan4867" value="true"/>
		<feat xlink:href="#sSpan5068" value="true"/>
		<feat xlink:href="#sSpan5131" value="true"/>
		<feat xlink:href="#sSpan5212" value="true"/>
		<feat xlink:href="#sSpan5269" value="true"/>
		<feat xlink:href="#sSpan5348" value="true"/>
		<feat xlink:href="#sSpan5391" value="true"/>
		<feat xlink:href="#sSpan5513" value="true"/>
		<feat xlink:href="#sSpan5588" value="true"/>
		<feat xlink:href="#sSpan5709" value="true"/>
		<feat xlink:href="#sSpan5738" value="true"/>
		<feat xlink:href="#sSpan5801" value="true"/>
		<feat xlink:href="#sSpan5982" value="true"/>
		<feat xlink:href="#sSpan6207" value="true"/>
		<feat xlink:href="#sSpan6339" value="true"/>
		<feat xlink:href="#sSpan6389" value="true"/>
		<feat xlink:href="#sSpan6406" value="true"/>
		<feat xlink:href="#sSpan6500" value="true"/>
		<feat xlink:href="#sSpan6612" value="true"/>
		<feat xlink:href="#sSpan6695" value="true"/>
		<feat xlink:href="#sSpan6755" value="true"/>
		<feat xlink:href="#sSpan6848" value="true"/>
		<feat xlink:href="#sSpan6963" value="true"/>
		<feat xlink:href="#sSpan7066" value="true"/>
		<feat xlink:href="#sSpan7163" value="true"/>
		<feat xlink:href="#sSpan7340" value="true"/></featList></paula>