<?xml version='1.0' encoding='UTF-8'?><!DOCTYPE paula SYSTEM "paula_feat.dtd">
<paula version="1.1">
	<header paula_id="scriptorium.life.phib.01.mark_new_sent"/>
	<featList xmlns:xlink="http://www.w3.org/1999/xlink" type="new_sent" xml:base="scriptorium.life.phib.01.mark.xml">
		<feat xlink:href="#sSpan1" value="true"/>
		<feat xlink:href="#sSpan115" value="true"/>
		<feat xlink:href="#sSpan203" value="true"/>
		<feat xlink:href="#sSpan236" value="true"/>
		<feat xlink:href="#sSpan370" value="true"/>
		<feat xlink:href="#sSpan481" value="true"/>
		<feat xlink:href="#sSpan563" value="true"/>
		<feat xlink:href="#sSpan620" value="true"/>
		<feat xlink:href="#sSpan659" value="true"/>
		<feat xlink:href="#sSpan771" value="true"/>
		<feat xlink:href="#sSpan891" value="true"/>
		<feat xlink:href="#sSpan1007" value="true"/>
		<feat xlink:href="#sSpan1067" value="true"/>
		<feat xlink:href="#sSpan1171" value="true"/>
		<feat xlink:href="#sSpan1252" value="true"/>
		<feat xlink:href="#sSpan1504" value="true"/>
		<feat xlink:href="#sSpan1649" value="true"/>
		<feat xlink:href="#sSpan1749" value="true"/>
		<feat xlink:href="#sSpan1846" value="true"/>
		<feat xlink:href="#sSpan1910" value="true"/>
		<feat xlink:href="#sSpan1991" value="true"/>
		<feat xlink:href="#sSpan2083" value="true"/>
		<feat xlink:href="#sSpan2175" value="true"/>
		<feat xlink:href="#sSpan2344" value="true"/>
		<feat xlink:href="#sSpan2467" value="true"/>
		<feat xlink:href="#sSpan2576" value="true"/>
		<feat xlink:href="#sSpan2667" value="true"/>
		<feat xlink:href="#sSpan2717" value="true"/>
		<feat xlink:href="#sSpan2789" value="true"/>
		<feat xlink:href="#sSpan2820" value="true"/>
		<feat xlink:href="#sSpan2960" value="true"/>
		<feat xlink:href="#sSpan3098" value="true"/>
		<feat xlink:href="#sSpan3180" value="true"/>
		<feat xlink:href="#sSpan3650" value="true"/>
		<feat xlink:href="#sSpan3734" value="true"/>
		<feat xlink:href="#sSpan3786" value="true"/>
		<feat xlink:href="#sSpan3857" value="true"/>
		<feat xlink:href="#sSpan3903" value="true"/>
		<feat xlink:href="#sSpan3947" value="true"/>
		<feat xlink:href="#sSpan4060" value="true"/>
		<feat xlink:href="#sSpan4213" value="true"/>
		<feat xlink:href="#sSpan4257" value="true"/>
		<feat xlink:href="#sSpan4389" value="true"/>
		<feat xlink:href="#sSpan4503" value="true"/>
		<feat xlink:href="#sSpan4547" value="true"/>
		<feat xlink:href="#sSpan4604" value="true"/>
		<feat xlink:href="#sSpan4792" value="true"/>
		<feat xlink:href="#sSpan4850" value="true"/>
		<feat xlink:href="#sSpan4922" value="true"/>
		<feat xlink:href="#sSpan4982" value="true"/>
		<feat xlink:href="#sSpan5056" value="true"/>
		<feat xlink:href="#sSpan5094" value="true"/>
		<feat xlink:href="#sSpan5215" value="true"/>
		<feat xlink:href="#sSpan5288" value="true"/>
		<feat xlink:href="#sSpan5396" value="true"/>
		<feat xlink:href="#sSpan5428" value="true"/>
		<feat xlink:href="#sSpan5494" value="true"/>
		<feat xlink:href="#sSpan5660" value="true"/>
		<feat xlink:href="#sSpan5853" value="true"/>
		<feat xlink:href="#sSpan5968" value="true"/>
		<feat xlink:href="#sSpan6013" value="true"/>
		<feat xlink:href="#sSpan6037" value="true"/>
		<feat xlink:href="#sSpan6126" value="true"/>
		<feat xlink:href="#sSpan6218" value="true"/>
		<feat xlink:href="#sSpan6304" value="true"/>
		<feat xlink:href="#sSpan6357" value="true"/>
		<feat xlink:href="#sSpan6449" value="true"/>
		<feat xlink:href="#sSpan6555" value="true"/>
		<feat xlink:href="#sSpan6656" value="true"/>
		<feat xlink:href="#sSpan6743" value="true"/>
		<feat xlink:href="#sSpan6906" value="true"/></featList></paula>