<?xml version='1.0' encoding='UTF-8'?><!DOCTYPE paula SYSTEM "paula_feat.dtd">
<paula version="1.1">
	<header paula_id="scriptorium.shenoute.crushed.FL125-132.mark_new_sent"/>
	<featList xmlns:xlink="http://www.w3.org/1999/xlink" type="new_sent" xml:base="scriptorium.shenoute.crushed.FL125-132.mark.xml">
		<feat xlink:href="#sSpan2" value="true"/>
		<feat xlink:href="#sSpan132" value="true"/>
		<feat xlink:href="#sSpan372" value="true"/>
		<feat xlink:href="#sSpan482" value="true"/>
		<feat xlink:href="#sSpan643" value="true"/>
		<feat xlink:href="#sSpan720" value="true"/>
		<feat xlink:href="#sSpan855" value="true"/>
		<feat xlink:href="#sSpan915" value="true"/>
		<feat xlink:href="#sSpan959" value="true"/>
		<feat xlink:href="#sSpan1039" value="true"/>
		<feat xlink:href="#sSpan1091" value="true"/>
		<feat xlink:href="#sSpan1266" value="true"/>
		<feat xlink:href="#sSpan1368" value="true"/>
		<feat xlink:href="#sSpan1385" value="true"/>
		<feat xlink:href="#sSpan1514" value="true"/>
		<feat xlink:href="#sSpan1562" value="true"/>
		<feat xlink:href="#sSpan1917" value="true"/>
		<feat xlink:href="#sSpan2060" value="true"/>
		<feat xlink:href="#sSpan2136" value="true"/>
		<feat xlink:href="#sSpan2562" value="true"/>
		<feat xlink:href="#sSpan2632" value="true"/>
		<feat xlink:href="#sSpan2699" value="true"/>
		<feat xlink:href="#sSpan2756" value="true"/>
		<feat xlink:href="#sSpan2795" value="true"/>
		<feat xlink:href="#sSpan3119" value="true"/>
		<feat xlink:href="#sSpan3639" value="true"/>
		<feat xlink:href="#sSpan3810" value="true"/>
		<feat xlink:href="#sSpan3933" value="true"/>
		<feat xlink:href="#sSpan3990" value="true"/>
		<feat xlink:href="#sSpan4161" value="true"/>
		<feat xlink:href="#sSpan4637" value="true"/></featList></paula>