<?xml version='1.0' encoding='UTF-8'?><!DOCTYPE paula SYSTEM "paula_feat.dtd">
<paula version="1.1">
	<header paula_id="scriptorium.pistis.sophia_book_1_part3.mark_translation"/>
	<featList xmlns:xlink="http://www.w3.org/1999/xlink" type="translation" xml:base="scriptorium.pistis.sophia_book_1_part3.mark.xml">
		<feat xlink:href="#sSpan7" value="..."/>
		<feat xlink:href="#sSpan56" value="..."/>
		<feat xlink:href="#sSpan745" value="..."/>
		<feat xlink:href="#sSpan820" value="..."/>
		<feat xlink:href="#sSpan1226" value="..."/>
		<feat xlink:href="#sSpan1279" value="..."/>
		<feat xlink:href="#sSpan1372" value="..."/>
		<feat xlink:href="#sSpan1795" value="..."/>
		<feat xlink:href="#sSpan2090" value="..."/>
		<feat xlink:href="#sSpan2135" value="..."/>
		<feat xlink:href="#sSpan2767" value="..."/>
		<feat xlink:href="#sSpan3260" value="..."/>
		<feat xlink:href="#sSpan3650" value="..."/>
		<feat xlink:href="#sSpan3951" value="..."/>
		<feat xlink:href="#sSpan4040" value="..."/>
		<feat xlink:href="#sSpan4457" value="..."/>
		<feat xlink:href="#sSpan5347" value="..."/>
		<feat xlink:href="#sSpan5410" value="..."/>
		<feat xlink:href="#sSpan5519" value="..."/>
		<feat xlink:href="#sSpan5759" value="..."/>
		<feat xlink:href="#sSpan5921" value="..."/>
		<feat xlink:href="#sSpan6332" value="..."/>
		<feat xlink:href="#sSpan7059" value="..."/>
		<feat xlink:href="#sSpan7479" value="..."/>
		<feat xlink:href="#sSpan7518" value="..."/>
		<feat xlink:href="#sSpan8015" value="..."/>
		<feat xlink:href="#sSpan8075" value="..."/>
		<feat xlink:href="#sSpan8172" value="..."/>
		<feat xlink:href="#sSpan8287" value="..."/>
		<feat xlink:href="#sSpan8494" value="..."/>
		<feat xlink:href="#sSpan8539" value="..."/>
		<feat xlink:href="#sSpan8731" value="..."/>
		<feat xlink:href="#sSpan9057" value="..."/>
		<feat xlink:href="#sSpan9548" value="..."/>
		<feat xlink:href="#sSpan9713" value="..."/>
		<feat xlink:href="#sSpan10229" value="..."/>
		<feat xlink:href="#sSpan10304" value="..."/>
		<feat xlink:href="#sSpan10599" value="..."/>
		<feat xlink:href="#sSpan10725" value="..."/>
		<feat xlink:href="#sSpan10832" value="..."/>
		<feat xlink:href="#sSpan11042" value="..."/>
		<feat xlink:href="#sSpan11419" value="..."/>
		<feat xlink:href="#sSpan11567" value="..."/>
		<feat xlink:href="#sSpan11672" value="..."/>
		<feat xlink:href="#sSpan11706" value="..."/>
		<feat xlink:href="#sSpan11762" value="..."/>
		<feat xlink:href="#sSpan12012" value="..."/>
		<feat xlink:href="#sSpan12233" value="..."/>
		<feat xlink:href="#sSpan12769" value="..."/>
		<feat xlink:href="#sSpan12976" value="..."/>
		<feat xlink:href="#sSpan13205" value="..."/>
		<feat xlink:href="#sSpan13312" value="..."/>
		<feat xlink:href="#sSpan13572" value="..."/>
		<feat xlink:href="#sSpan14175" value="..."/>
		<feat xlink:href="#sSpan14410" value="..."/>
		<feat xlink:href="#sSpan14438" value="..."/>
		<feat xlink:href="#sSpan14643" value="..."/>
		<feat xlink:href="#sSpan15084" value="..."/>
		<feat xlink:href="#sSpan15632" value="..."/>
		<feat xlink:href="#sSpan15686" value="..."/>
		<feat xlink:href="#sSpan16115" value="..."/>
		<feat xlink:href="#sSpan16252" value="..."/></featList></paula>