<?xml version='1.0' encoding='UTF-8'?><!DOCTYPE paula SYSTEM "paula_feat.dtd">
<paula version="1.1">
	<header paula_id="scriptorium.pistis.sophia_book_1_part3.mark_new_sent"/>
	<featList xmlns:xlink="http://www.w3.org/1999/xlink" type="new_sent" xml:base="scriptorium.pistis.sophia_book_1_part3.mark.xml">
		<feat xlink:href="#sSpan1" value="true"/>
		<feat xlink:href="#sSpan52" value="true"/>
		<feat xlink:href="#sSpan151" value="true"/>
		<feat xlink:href="#sSpan228" value="true"/>
		<feat xlink:href="#sSpan333" value="true"/>
		<feat xlink:href="#sSpan452" value="true"/>
		<feat xlink:href="#sSpan543" value="true"/>
		<feat xlink:href="#sSpan632" value="true"/>
		<feat xlink:href="#sSpan695" value="true"/>
		<feat xlink:href="#sSpan825" value="true"/>
		<feat xlink:href="#sSpan988" value="true"/>
		<feat xlink:href="#sSpan1113" value="true"/>
		<feat xlink:href="#sSpan1236" value="true"/>
		<feat xlink:href="#sSpan1289" value="true"/>
		<feat xlink:href="#sSpan1382" value="true"/>
		<feat xlink:href="#sSpan1438" value="true"/>
		<feat xlink:href="#sSpan1538" value="true"/>
		<feat xlink:href="#sSpan1655" value="true"/>
		<feat xlink:href="#sSpan1711" value="true"/>
		<feat xlink:href="#sSpan1813" value="true"/>
		<feat xlink:href="#sSpan1951" value="true"/>
		<feat xlink:href="#sSpan2108" value="true"/>
		<feat xlink:href="#sSpan2154" value="true"/>
		<feat xlink:href="#sSpan2273" value="true"/>
		<feat xlink:href="#sSpan2398" value="true"/>
		<feat xlink:href="#sSpan2446" value="true"/>
		<feat xlink:href="#sSpan2509" value="true"/>
		<feat xlink:href="#sSpan2623" value="true"/>
		<feat xlink:href="#sSpan2721" value="true"/>
		<feat xlink:href="#sSpan2800" value="true"/>
		<feat xlink:href="#sSpan3031" value="true"/>
		<feat xlink:href="#sSpan3179" value="true"/>
		<feat xlink:href="#sSpan3314" value="true"/>
		<feat xlink:href="#sSpan3419" value="true"/>
		<feat xlink:href="#sSpan3564" value="true"/>
		<feat xlink:href="#sSpan3690" value="true"/>
		<feat xlink:href="#sSpan3831" value="true"/>
		<feat xlink:href="#sSpan3964" value="true"/>
		<feat xlink:href="#sSpan4037" value="true"/>
		<feat xlink:href="#sSpan4085" value="true"/>
		<feat xlink:href="#sSpan4498" value="true"/>
		<feat xlink:href="#sSpan5383" value="true"/>
		<feat xlink:href="#sSpan5447" value="true"/>
		<feat xlink:href="#sSpan5554" value="true"/>
		<feat xlink:href="#sSpan5796" value="true"/>
		<feat xlink:href="#sSpan5957" value="true"/>
		<feat xlink:href="#sSpan6368" value="true"/>
		<feat xlink:href="#sSpan7094" value="true"/>
		<feat xlink:href="#sSpan7514" value="true"/>
		<feat xlink:href="#sSpan7553" value="true"/>
		<feat xlink:href="#sSpan8047" value="true"/>
		<feat xlink:href="#sSpan8106" value="true"/>
		<feat xlink:href="#sSpan8205" value="true"/>
		<feat xlink:href="#sSpan8318" value="true"/>
		<feat xlink:href="#sSpan8527" value="true"/>
		<feat xlink:href="#sSpan8572" value="true"/>
		<feat xlink:href="#sSpan8764" value="true"/>
		<feat xlink:href="#sSpan9090" value="true"/>
		<feat xlink:href="#sSpan9578" value="true"/>
		<feat xlink:href="#sSpan9745" value="true"/>
		<feat xlink:href="#sSpan10260" value="true"/>
		<feat xlink:href="#sSpan10334" value="true"/>
		<feat xlink:href="#sSpan10631" value="true"/>
		<feat xlink:href="#sSpan10757" value="true"/>
		<feat xlink:href="#sSpan10863" value="true"/>
		<feat xlink:href="#sSpan11074" value="true"/>
		<feat xlink:href="#sSpan11451" value="true"/>
		<feat xlink:href="#sSpan11599" value="true"/>
		<feat xlink:href="#sSpan11704" value="true"/>
		<feat xlink:href="#sSpan11738" value="true"/>
		<feat xlink:href="#sSpan11792" value="true"/>
		<feat xlink:href="#sSpan12044" value="true"/>
		<feat xlink:href="#sSpan12265" value="true"/>
		<feat xlink:href="#sSpan12800" value="true"/>
		<feat xlink:href="#sSpan13008" value="true"/>
		<feat xlink:href="#sSpan13237" value="true"/>
		<feat xlink:href="#sSpan13338" value="true"/>
		<feat xlink:href="#sSpan13592" value="true"/>
		<feat xlink:href="#sSpan14195" value="true"/>
		<feat xlink:href="#sSpan14430" value="true"/>
		<feat xlink:href="#sSpan14456" value="true"/>
		<feat xlink:href="#sSpan14662" value="true"/>
		<feat xlink:href="#sSpan15104" value="true"/>
		<feat xlink:href="#sSpan15651" value="true"/>
		<feat xlink:href="#sSpan15706" value="true"/>
		<feat xlink:href="#sSpan16135" value="true"/>
		<feat xlink:href="#sSpan16272" value="true"/></featList></paula>