<?xml version='1.0' encoding='UTF-8'?><!DOCTYPE paula SYSTEM "paula_feat.dtd">
<paula version="1.1">
	<header paula_id="scriptorium.pistis.sophia_book_1_part3.mark_lang"/>
	<featList xmlns:xlink="http://www.w3.org/1999/xlink" type="lang" xml:base="scriptorium.pistis.sophia_book_1_part3.mark.xml">
		<feat xlink:href="#sSpan36" value="Greek"/>
		<feat xlink:href="#sSpan51" value="Hebrew"/>
		<feat xlink:href="#sSpan58" value="Hebrew"/>
		<feat xlink:href="#sSpan143" value="Greek"/>
		<feat xlink:href="#sSpan180" value="Greek"/>
		<feat xlink:href="#sSpan209" value="Greek"/>
		<feat xlink:href="#sSpan221" value="Greek"/>
		<feat xlink:href="#sSpan239" value="Greek"/>
		<feat xlink:href="#sSpan249" value="Greek"/>
		<feat xlink:href="#sSpan282" value="Greek"/>
		<feat xlink:href="#sSpan320" value="Greek"/>
		<feat xlink:href="#sSpan351" value="Greek"/>
		<feat xlink:href="#sSpan427" value="Greek"/>
		<feat xlink:href="#sSpan437" value="Greek"/>
		<feat xlink:href="#sSpan444" value="Greek"/>
		<feat xlink:href="#sSpan480" value="Greek"/>
		<feat xlink:href="#sSpan503" value="Greek"/>
		<feat xlink:href="#sSpan525" value="Greek"/>
		<feat xlink:href="#sSpan652" value="Greek"/>
		<feat xlink:href="#sSpan664" value="Greek"/>
		<feat xlink:href="#sSpan687" value="Greek"/>
		<feat xlink:href="#sSpan850" value="Hebrew"/>
		<feat xlink:href="#sSpan884" value="Greek"/>
		<feat xlink:href="#sSpan909" value="Hebrew"/>
		<feat xlink:href="#sSpan949" value="Greek"/>
		<feat xlink:href="#sSpan980" value="Hebrew"/>
		<feat xlink:href="#sSpan1005" value="Greek"/>
		<feat xlink:href="#sSpan1130" value="Greek"/>
		<feat xlink:href="#sSpan1159" value="Hebrew"/>
		<feat xlink:href="#sSpan1229" value="Greek"/>
		<feat xlink:href="#sSpan1247" value="Greek"/>
		<feat xlink:href="#sSpan1256" value="Hebrew"/>
		<feat xlink:href="#sSpan1272" value="Hebrew"/>
		<feat xlink:href="#sSpan1312" value="Greek"/>
		<feat xlink:href="#sSpan1334" value="Greek"/>
		<feat xlink:href="#sSpan1392" value="Greek"/>
		<feat xlink:href="#sSpan1403" value="Hebrew"/>
		<feat xlink:href="#sSpan1417" value="Hebrew"/>
		<feat xlink:href="#sSpan1425" value="Greek"/>
		<feat xlink:href="#sSpan1428" value="Hebrew"/>
		<feat xlink:href="#sSpan1447" value="Greek"/>
		<feat xlink:href="#sSpan1531" value="Greek"/>
		<feat xlink:href="#sSpan1591" value="Greek"/>
		<feat xlink:href="#sSpan1648" value="Greek"/>
		<feat xlink:href="#sSpan1667" value="Hebrew"/>
		<feat xlink:href="#sSpan1696" value="Greek"/>
		<feat xlink:href="#sSpan1745" value="Greek"/>
		<feat xlink:href="#sSpan1761" value="Greek"/>
		<feat xlink:href="#sSpan1779" value="Greek"/>
		<feat xlink:href="#sSpan1797" value="Greek"/>
		<feat xlink:href="#sSpan1878" value="Greek"/>
		<feat xlink:href="#sSpan1885" value="Greek"/>
		<feat xlink:href="#sSpan1933" value="Greek"/>
		<feat xlink:href="#sSpan2004" value="Greek"/>
		<feat xlink:href="#sSpan2037" value="Greek"/>
		<feat xlink:href="#sSpan2045" value="Greek"/>
		<feat xlink:href="#sSpan2052" value="Greek"/>
		<feat xlink:href="#sSpan2092" value="Greek"/>
		<feat xlink:href="#sSpan2138" value="Greek"/>
		<feat xlink:href="#sSpan2167" value="Greek"/>
		<feat xlink:href="#sSpan2212" value="Greek"/>
		<feat xlink:href="#sSpan2222" value="Greek"/>
		<feat xlink:href="#sSpan2264" value="Greek"/>
		<feat xlink:href="#sSpan2316" value="Greek"/>
		<feat xlink:href="#sSpan2332" value="Greek"/>
		<feat xlink:href="#sSpan2358" value="Greek"/>
		<feat xlink:href="#sSpan2374" value="Greek"/>
		<feat xlink:href="#sSpan2410" value="Greek"/>
		<feat xlink:href="#sSpan2498" value="Greek"/>
		<feat xlink:href="#sSpan2616" value="Greek"/>
		<feat xlink:href="#sSpan2629" value="Hebrew"/>
		<feat xlink:href="#sSpan2641" value="Greek"/>
		<feat xlink:href="#sSpan2706" value="Greek"/>
		<feat xlink:href="#sSpan2732" value="Greek"/>
		<feat xlink:href="#sSpan2772" value="Greek"/>
		<feat xlink:href="#sSpan2782" value="Greek"/>
		<feat xlink:href="#sSpan2823" value="Greek"/>
		<feat xlink:href="#sSpan2833" value="Greek"/>
		<feat xlink:href="#sSpan2851" value="Greek"/>
		<feat xlink:href="#sSpan2865" value="Greek"/>
		<feat xlink:href="#sSpan2903" value="Greek"/>
		<feat xlink:href="#sSpan2927" value="Greek"/>
		<feat xlink:href="#sSpan2970" value="Greek"/>
		<feat xlink:href="#sSpan3013" value="Greek"/>
		<feat xlink:href="#sSpan3045" value="Greek"/>
		<feat xlink:href="#sSpan3067" value="Greek"/>
		<feat xlink:href="#sSpan3111" value="Greek"/>
		<feat xlink:href="#sSpan3134" value="Greek"/>
		<feat xlink:href="#sSpan3148" value="Greek"/>
		<feat xlink:href="#sSpan3158" value="Greek"/>
		<feat xlink:href="#sSpan3238" value="Greek"/>
		<feat xlink:href="#sSpan3280" value="Greek"/>
		<feat xlink:href="#sSpan3325" value="Greek"/>
		<feat xlink:href="#sSpan3385" value="Greek"/>
		<feat xlink:href="#sSpan3402" value="Greek"/>
		<feat xlink:href="#sSpan3467" value="Greek"/>
		<feat xlink:href="#sSpan3486" value="Greek"/>
		<feat xlink:href="#sSpan3494" value="Greek"/>
		<feat xlink:href="#sSpan3506" value="Greek"/>
		<feat xlink:href="#sSpan3532" value="Greek"/>
		<feat xlink:href="#sSpan3542" value="Greek"/>
		<feat xlink:href="#sSpan3589" value="Greek"/>
		<feat xlink:href="#sSpan3625" value="Greek"/>
		<feat xlink:href="#sSpan3636" value="Greek"/>
		<feat xlink:href="#sSpan3645" value="Greek"/>
		<feat xlink:href="#sSpan3811" value="Greek"/>
		<feat xlink:href="#sSpan3871" value="Greek"/>
		<feat xlink:href="#sSpan3957" value="Greek"/>
		<feat xlink:href="#sSpan4106" value="Greek"/>
		<feat xlink:href="#sSpan4116" value="Greek"/>
		<feat xlink:href="#sSpan4135" value="Greek"/>
		<feat xlink:href="#sSpan4201" value="Greek"/>
		<feat xlink:href="#sSpan4211" value="Greek"/>
		<feat xlink:href="#sSpan4246" value="Greek"/>
		<feat xlink:href="#sSpan4262" value="Greek"/>
		<feat xlink:href="#sSpan4330" value="Greek"/>
		<feat xlink:href="#sSpan4365" value="Greek"/>
		<feat xlink:href="#sSpan4491" value="Greek"/>
		<feat xlink:href="#sSpan4528" value="Greek"/>
		<feat xlink:href="#sSpan4540" value="Greek"/>
		<feat xlink:href="#sSpan4609" value="Greek"/>
		<feat xlink:href="#sSpan4634" value="Greek"/>
		<feat xlink:href="#sSpan4659" value="Greek"/>
		<feat xlink:href="#sSpan4672" value="Greek"/>
		<feat xlink:href="#sSpan4689" value="Greek"/>
		<feat xlink:href="#sSpan4701" value="Greek"/>
		<feat xlink:href="#sSpan4778" value="Greek"/>
		<feat xlink:href="#sSpan4789" value="Greek"/>
		<feat xlink:href="#sSpan4815" value="Greek"/>
		<feat xlink:href="#sSpan4916" value="Greek"/>
		<feat xlink:href="#sSpan4950" value="Greek"/>
		<feat xlink:href="#sSpan5004" value="Greek"/>
		<feat xlink:href="#sSpan5014" value="Greek"/>
		<feat xlink:href="#sSpan5049" value="Greek"/>
		<feat xlink:href="#sSpan5086" value="Greek"/>
		<feat xlink:href="#sSpan5096" value="Greek"/>
		<feat xlink:href="#sSpan5108" value="Greek"/>
		<feat xlink:href="#sSpan5164" value="Greek"/>
		<feat xlink:href="#sSpan5207" value="Greek"/>
		<feat xlink:href="#sSpan5230" value="Greek"/>
		<feat xlink:href="#sSpan5238" value="Greek"/>
		<feat xlink:href="#sSpan5374" value="Greek"/>
		<feat xlink:href="#sSpan5421" value="Greek"/>
		<feat xlink:href="#sSpan5495" value="Greek"/>
		<feat xlink:href="#sSpan5530" value="Greek"/>
		<feat xlink:href="#sSpan5546" value="Greek"/>
		<feat xlink:href="#sSpan5587" value="Greek"/>
		<feat xlink:href="#sSpan5599" value="Greek"/>
		<feat xlink:href="#sSpan5619" value="Greek"/>
		<feat xlink:href="#sSpan5632" value="Greek"/>
		<feat xlink:href="#sSpan5783" value="Greek"/>
		<feat xlink:href="#sSpan5817" value="Greek"/>
		<feat xlink:href="#sSpan5829" value="Greek"/>
		<feat xlink:href="#sSpan5855" value="Greek"/>
		<feat xlink:href="#sSpan5864" value="Greek"/>
		<feat xlink:href="#sSpan5877" value="Greek"/>
		<feat xlink:href="#sSpan5898" value="Greek"/>
		<feat xlink:href="#sSpan5909" value="Greek"/>
		<feat xlink:href="#sSpan6010" value="Greek"/>
		<feat xlink:href="#sSpan6046" value="Greek"/>
		<feat xlink:href="#sSpan6064" value="Greek"/>
		<feat xlink:href="#sSpan6073" value="Greek"/>
		<feat xlink:href="#sSpan6081" value="Greek"/>
		<feat xlink:href="#sSpan6099" value="Greek"/>
		<feat xlink:href="#sSpan6133" value="Greek"/>
		<feat xlink:href="#sSpan6145" value="Greek"/>
		<feat xlink:href="#sSpan6170" value="Greek"/>
		<feat xlink:href="#sSpan6320" value="Greek"/>
		<feat xlink:href="#sSpan6324" value="Greek"/>
		<feat xlink:href="#sSpan6379" value="Greek"/>
		<feat xlink:href="#sSpan6384" value="Greek"/>
		<feat xlink:href="#sSpan6417" value="Greek"/>
		<feat xlink:href="#sSpan6477" value="Greek"/>
		<feat xlink:href="#sSpan6579" value="Greek"/>
		<feat xlink:href="#sSpan6638" value="Greek"/>
		<feat xlink:href="#sSpan6653" value="Greek"/>
		<feat xlink:href="#sSpan6665" value="Greek"/>
		<feat xlink:href="#sSpan6672" value="Greek"/>
		<feat xlink:href="#sSpan6689" value="Greek"/>
		<feat xlink:href="#sSpan6707" value="Greek"/>
		<feat xlink:href="#sSpan6810" value="Greek"/>
		<feat xlink:href="#sSpan6842" value="Greek"/>
		<feat xlink:href="#sSpan6911" value="Greek"/>
		<feat xlink:href="#sSpan7081" value="Greek"/>
		<feat xlink:href="#sSpan7132" value="Greek"/>
		<feat xlink:href="#sSpan7207" value="Greek"/>
		<feat xlink:href="#sSpan7335" value="Greek"/>
		<feat xlink:href="#sSpan7402" value="Greek"/>
		<feat xlink:href="#sSpan7439" value="Greek"/>
		<feat xlink:href="#sSpan7456" value="Greek"/>
		<feat xlink:href="#sSpan7471" value="Greek"/>
		<feat xlink:href="#sSpan7498" value="Greek"/>
		<feat xlink:href="#sSpan7546" value="Greek"/>
		<feat xlink:href="#sSpan7583" value="Greek"/>
		<feat xlink:href="#sSpan7612" value="Greek"/>
		<feat xlink:href="#sSpan7631" value="Greek"/>
		<feat xlink:href="#sSpan7641" value="Greek"/>
		<feat xlink:href="#sSpan7695" value="Greek"/>
		<feat xlink:href="#sSpan7796" value="Greek"/>
		<feat xlink:href="#sSpan7830" value="Greek"/>
		<feat xlink:href="#sSpan7842" value="Greek"/>
		<feat xlink:href="#sSpan7854" value="Greek"/>
		<feat xlink:href="#sSpan7861" value="Greek"/>
		<feat xlink:href="#sSpan7872" value="Greek"/>
		<feat xlink:href="#sSpan7885" value="Greek"/>
		<feat xlink:href="#sSpan7928" value="Greek"/>
		<feat xlink:href="#sSpan7948" value="Greek"/>
		<feat xlink:href="#sSpan7956" value="Greek"/>
		<feat xlink:href="#sSpan7973" value="Greek"/>
		<feat xlink:href="#sSpan7986" value="Greek"/>
		<feat xlink:href="#sSpan8025" value="Greek"/>
		<feat xlink:href="#sSpan8035" value="Greek"/>
		<feat xlink:href="#sSpan8100" value="Greek"/>
		<feat xlink:href="#sSpan8123" value="Greek"/>
		<feat xlink:href="#sSpan8132" value="Hebrew"/>
		<feat xlink:href="#sSpan8168" value="Greek"/>
		<feat xlink:href="#sSpan8254" value="Greek"/>
		<feat xlink:href="#sSpan8257" value="Greek"/>
		<feat xlink:href="#sSpan8349" value="Hebrew"/>
		<feat xlink:href="#sSpan8377" value="Greek"/>
		<feat xlink:href="#sSpan8432" value="Greek"/>
		<feat xlink:href="#sSpan8450" value="Greek"/>
		<feat xlink:href="#sSpan8463" value="Greek"/>
		<feat xlink:href="#sSpan8490" value="Greek"/>
		<feat xlink:href="#sSpan8506" value="Greek"/>
		<feat xlink:href="#sSpan8520" value="Greek"/>
		<feat xlink:href="#sSpan8550" value="Greek"/>
		<feat xlink:href="#sSpan8586" value="Greek"/>
		<feat xlink:href="#sSpan8589" value="Greek"/>
		<feat xlink:href="#sSpan8631" value="Greek"/>
		<feat xlink:href="#sSpan8662" value="Greek"/>
		<feat xlink:href="#sSpan8740" value="Greek"/>
		<feat xlink:href="#sSpan8826" value="Greek"/>
		<feat xlink:href="#sSpan8883" value="Greek"/>
		<feat xlink:href="#sSpan8949" value="Greek"/>
		<feat xlink:href="#sSpan8971" value="Greek"/>
		<feat xlink:href="#sSpan8998" value="Greek"/>
		<feat xlink:href="#sSpan9036" value="Greek"/>
		<feat xlink:href="#sSpan9059" value="Greek"/>
		<feat xlink:href="#sSpan9064" value="Greek"/>
		<feat xlink:href="#sSpan9107" value="Greek"/>
		<feat xlink:href="#sSpan9117" value="Greek"/>
		<feat xlink:href="#sSpan9263" value="Greek"/>
		<feat xlink:href="#sSpan9282" value="Greek"/>
		<feat xlink:href="#sSpan9335" value="Greek"/>
		<feat xlink:href="#sSpan9356" value="Greek"/>
		<feat xlink:href="#sSpan9416" value="Greek"/>
		<feat xlink:href="#sSpan9470" value="Greek"/>
		<feat xlink:href="#sSpan9493" value="Greek"/>
		<feat xlink:href="#sSpan9539" value="Greek"/>
		<feat xlink:href="#sSpan9613" value="Greek"/>
		<feat xlink:href="#sSpan9631" value="Greek"/>
		<feat xlink:href="#sSpan9678" value="Greek"/>
		<feat xlink:href="#sSpan9715" value="Greek"/>
		<feat xlink:href="#sSpan9862" value="Greek"/>
		<feat xlink:href="#sSpan9924" value="Greek"/>
		<feat xlink:href="#sSpan9958" value="Greek"/>
		<feat xlink:href="#sSpan9992" value="Greek"/>
		<feat xlink:href="#sSpan10317" value="Greek"/>
		<feat xlink:href="#sSpan10389" value="Greek"/>
		<feat xlink:href="#sSpan10411" value="Greek"/>
		<feat xlink:href="#sSpan10448" value="Greek"/>
		<feat xlink:href="#sSpan10526" value="Greek"/>
		<feat xlink:href="#sSpan10549" value="Greek"/>
		<feat xlink:href="#sSpan10552" value="Greek"/>
		<feat xlink:href="#sSpan10589" value="Greek"/>
		<feat xlink:href="#sSpan10643" value="Greek"/>
		<feat xlink:href="#sSpan10673" value="Greek"/>
		<feat xlink:href="#sSpan10724" value="Greek"/>
		<feat xlink:href="#sSpan10739" value="Greek"/>
		<feat xlink:href="#sSpan10773" value="Greek"/>
		<feat xlink:href="#sSpan10818" value="Greek"/>
		<feat xlink:href="#sSpan10856" value="Greek"/>
		<feat xlink:href="#sSpan10870" value="Greek"/>
		<feat xlink:href="#sSpan10930" value="Greek"/>
		<feat xlink:href="#sSpan10937" value="Greek"/>
		<feat xlink:href="#sSpan10999" value="Greek"/>
		<feat xlink:href="#sSpan11002" value="Greek"/>
		<feat xlink:href="#sSpan11140" value="Greek"/>
		<feat xlink:href="#sSpan11162" value="Greek"/>
		<feat xlink:href="#sSpan11184" value="Greek"/>
		<feat xlink:href="#sSpan11219" value="Greek"/>
		<feat xlink:href="#sSpan11251" value="Greek"/>
		<feat xlink:href="#sSpan11283" value="Greek"/>
		<feat xlink:href="#sSpan11291" value="Greek"/>
		<feat xlink:href="#sSpan11306" value="Greek"/>
		<feat xlink:href="#sSpan11367" value="Greek"/>
		<feat xlink:href="#sSpan11377" value="Greek"/>
		<feat xlink:href="#sSpan11424" value="Greek"/>
		<feat xlink:href="#sSpan11460" value="Greek"/>
		<feat xlink:href="#sSpan11494" value="Greek"/>
		<feat xlink:href="#sSpan11511" value="Greek"/>
		<feat xlink:href="#sSpan11561" value="Greek"/>
		<feat xlink:href="#sSpan11565" value="Greek"/>
		<feat xlink:href="#sSpan11577" value="Greek"/>
		<feat xlink:href="#sSpan11580" value="Greek"/>
		<feat xlink:href="#sSpan11592" value="Greek"/>
		<feat xlink:href="#sSpan11661" value="Greek"/>
		<feat xlink:href="#sSpan11689" value="Greek"/>
		<feat xlink:href="#sSpan11696" value="Greek"/>
		<feat xlink:href="#sSpan11729" value="Greek"/>
		<feat xlink:href="#sSpan11763" value="Hebrew"/>
		<feat xlink:href="#sSpan11785" value="Greek"/>
		<feat xlink:href="#sSpan11892" value="Greek"/>
		<feat xlink:href="#sSpan11895" value="Greek"/>
		<feat xlink:href="#sSpan11943" value="Greek"/>
		<feat xlink:href="#sSpan11967" value="Greek"/>
		<feat xlink:href="#sSpan11977" value="Greek"/>
		<feat xlink:href="#sSpan12035" value="Greek"/>
		<feat xlink:href="#sSpan12063" value="Hebrew"/>
		<feat xlink:href="#sSpan12082" value="Greek"/>
		<feat xlink:href="#sSpan12106" value="Greek"/>
		<feat xlink:href="#sSpan12109" value="Greek"/>
		<feat xlink:href="#sSpan12135" value="Greek"/>
		<feat xlink:href="#sSpan12145" value="Greek"/>
		<feat xlink:href="#sSpan12170" value="Greek"/>
		<feat xlink:href="#sSpan12209" value="Greek"/>
		<feat xlink:href="#sSpan12255" value="Greek"/>
		<feat xlink:href="#sSpan12291" value="Greek"/>
		<feat xlink:href="#sSpan12294" value="Greek"/>
		<feat xlink:href="#sSpan12325" value="Greek"/>
		<feat xlink:href="#sSpan12335" value="Greek"/>
		<feat xlink:href="#sSpan12363" value="Greek"/>
		<feat xlink:href="#sSpan12380" value="Greek"/>
		<feat xlink:href="#sSpan12421" value="Greek"/>
		<feat xlink:href="#sSpan12444" value="Greek"/>
		<feat xlink:href="#sSpan12462" value="Greek"/>
		<feat xlink:href="#sSpan12483" value="Greek"/>
		<feat xlink:href="#sSpan12491" value="Greek"/>
		<feat xlink:href="#sSpan12502" value="Greek"/>
		<feat xlink:href="#sSpan12565" value="Greek"/>
		<feat xlink:href="#sSpan12575" value="Greek"/>
		<feat xlink:href="#sSpan12611" value="Greek"/>
		<feat xlink:href="#sSpan12621" value="Greek"/>
		<feat xlink:href="#sSpan12646" value="Greek"/>
		<feat xlink:href="#sSpan12678" value="Greek"/>
		<feat xlink:href="#sSpan12736" value="Greek"/>
		<feat xlink:href="#sSpan12866" value="Greek"/>
		<feat xlink:href="#sSpan12875" value="Greek"/>
		<feat xlink:href="#sSpan12901" value="Greek"/>
		<feat xlink:href="#sSpan12932" value="Greek"/>
		<feat xlink:href="#sSpan13007" value="Greek"/>
		<feat xlink:href="#sSpan13056" value="Greek"/>
		<feat xlink:href="#sSpan13107" value="Greek"/>
		<feat xlink:href="#sSpan13165" value="Greek"/>
		<feat xlink:href="#sSpan13183" value="Greek"/>
		<feat xlink:href="#sSpan13203" value="Greek"/>
		<feat xlink:href="#sSpan13206" value="Greek"/>
		<feat xlink:href="#sSpan13272" value="Greek"/>
		<feat xlink:href="#sSpan13281" value="Greek"/>
		<feat xlink:href="#sSpan13360" value="Greek"/>
		<feat xlink:href="#sSpan13381" value="Greek"/>
		<feat xlink:href="#sSpan13413" value="Greek"/>
		<feat xlink:href="#sSpan13416" value="Greek"/>
		<feat xlink:href="#sSpan13507" value="Greek"/>
		<feat xlink:href="#sSpan13575" value="Greek"/>
		<feat xlink:href="#sSpan13600" value="Greek"/>
		<feat xlink:href="#sSpan13629" value="Greek"/>
		<feat xlink:href="#sSpan13672" value="Greek"/>
		<feat xlink:href="#sSpan13695" value="Greek"/>
		<feat xlink:href="#sSpan13705" value="Greek"/>
		<feat xlink:href="#sSpan13729" value="Greek"/>
		<feat xlink:href="#sSpan13732" value="Greek"/>
		<feat xlink:href="#sSpan13867" value="Greek"/>
		<feat xlink:href="#sSpan13874" value="Greek"/>
		<feat xlink:href="#sSpan13961" value="Greek"/>
		<feat xlink:href="#sSpan13976" value="Greek"/>
		<feat xlink:href="#sSpan14037" value="Greek"/>
		<feat xlink:href="#sSpan14063" value="Greek"/>
		<feat xlink:href="#sSpan14076" value="Greek"/>
		<feat xlink:href="#sSpan14159" value="Greek"/>
		<feat xlink:href="#sSpan14185" value="Greek"/>
		<feat xlink:href="#sSpan14203" value="Greek"/>
		<feat xlink:href="#sSpan14213" value="Greek"/>
		<feat xlink:href="#sSpan14238" value="Greek"/>
		<feat xlink:href="#sSpan14259" value="Greek"/>
		<feat xlink:href="#sSpan14292" value="Greek"/>
		<feat xlink:href="#sSpan14392" value="Greek"/>
		<feat xlink:href="#sSpan14510" value="Greek"/>
		<feat xlink:href="#sSpan14554" value="Greek"/>
		<feat xlink:href="#sSpan14572" value="Greek"/>
		<feat xlink:href="#sSpan14690" value="Greek"/>
		<feat xlink:href="#sSpan14700" value="Greek"/>
		<feat xlink:href="#sSpan14759" value="Greek"/>
		<feat xlink:href="#sSpan14768" value="Greek"/>
		<feat xlink:href="#sSpan14778" value="Greek"/>
		<feat xlink:href="#sSpan14826" value="Greek"/>
		<feat xlink:href="#sSpan14945" value="Greek"/>
		<feat xlink:href="#sSpan14964" value="Greek"/>
		<feat xlink:href="#sSpan15007" value="Greek"/>
		<feat xlink:href="#sSpan15021" value="Greek"/>
		<feat xlink:href="#sSpan15037" value="Greek"/>
		<feat xlink:href="#sSpan15049" value="Greek"/>
		<feat xlink:href="#sSpan15114" value="Greek"/>
		<feat xlink:href="#sSpan15144" value="Greek"/>
		<feat xlink:href="#sSpan15167" value="Greek"/>
		<feat xlink:href="#sSpan15177" value="Greek"/>
		<feat xlink:href="#sSpan15262" value="Greek"/>
		<feat xlink:href="#sSpan15295" value="Greek"/>
		<feat xlink:href="#sSpan15374" value="Greek"/>
		<feat xlink:href="#sSpan15391" value="Greek"/>
		<feat xlink:href="#sSpan15447" value="Greek"/>
		<feat xlink:href="#sSpan15475" value="Greek"/>
		<feat xlink:href="#sSpan15499" value="Greek"/>
		<feat xlink:href="#sSpan15523" value="Greek"/>
		<feat xlink:href="#sSpan15689" value="Greek"/>
		<feat xlink:href="#sSpan15807" value="Greek"/>
		<feat xlink:href="#sSpan15837" value="Greek"/>
		<feat xlink:href="#sSpan15848" value="Greek"/>
		<feat xlink:href="#sSpan15866" value="Greek"/>
		<feat xlink:href="#sSpan15927" value="Greek"/>
		<feat xlink:href="#sSpan15930" value="Greek"/>
		<feat xlink:href="#sSpan16016" value="Greek"/>
		<feat xlink:href="#sSpan16048" value="Greek"/>
		<feat xlink:href="#sSpan16112" value="Greek"/>
		<feat xlink:href="#sSpan16163" value="Greek"/>
		<feat xlink:href="#sSpan16233" value="Greek"/>
		<feat xlink:href="#sSpan16252" value="Greek"/>
		<feat xlink:href="#sSpan16336" value="Greek"/></featList></paula>