<?xml version='1.0' encoding='UTF-8'?><!DOCTYPE paula SYSTEM "paula_feat.dtd">
<paula version="1.1">
	<header paula_id="scriptorium.pistis.sophia_book_1_part3.mark_text"/>
	<featList xmlns:xlink="http://www.w3.org/1999/xlink" type="text" xml:base="scriptorium.pistis.sophia_book_1_part3.mark.xml">
		<feat xlink:href="#sSpan19" value="ⲧⲉⲩ ϭⲓⲛⲙⲟⲟϣⲉ"/>
		<feat xlink:href="#sSpan38" value="ⲛⲉ ⲯⲩⲭⲟⲟⲩⲉ ⲧⲏⲣ ⲟⲩ"/>
		<feat xlink:href="#sSpan112" value="ⲧⲉⲩ ϭⲓⲛⲙⲟⲟϣⲉ ⲛ ⲛⲉ ⲩ ⲛⲁ ⲧⲁⲕⲟ"/>
		<feat xlink:href="#sSpan141" value="ⲟⲩ ⲙⲏⲏϣⲉ ⲙ ⲯⲩⲭⲏ"/>
		<feat xlink:href="#sSpan151" value="ⲯⲩⲭⲏ"/>
		<feat xlink:href="#sSpan178" value="ⲟⲩ ⲛⲟϭ ⲛ ⲭⲣⲟⲛⲟⲥ"/>
		<feat xlink:href="#sSpan215" value="ⲛ ⲁⲣⲭⲱⲛ ⲛ ⲛ ⲁⲓⲱⲛ"/>
		<feat xlink:href="#sSpan227" value="ⲛ ⲁⲓⲱⲛ"/>
		<feat xlink:href="#sSpan247" value="ⲛ ⲁⲣⲭⲱⲛ ⲛ ⲧ ϩⲓⲙⲁⲣⲙⲉⲛⲏ"/>
		<feat xlink:href="#sSpan257" value="ⲧ ϩⲓⲙⲁⲣⲙⲉⲛⲏ"/>
		<feat xlink:href="#sSpan273" value="ⲧⲉ ⲥⲫⲁⲓⲣⲁ"/>
		<feat xlink:href="#sSpan290" value="ⲛⲉⲩ ⲧⲟⲡⲟⲥ ⲧⲏⲣ ⲟⲩ"/>
		<feat xlink:href="#sSpan306" value="ⲛⲉⲩ ⲙⲡⲏⲩⲉ ⲧⲏⲣ ⲟⲩ"/>
		<feat xlink:href="#sSpan328" value="ⲛⲉⲩ ⲁⲓⲱⲛ ⲧⲏⲣ ⲟⲩ"/>
		<feat xlink:href="#sSpan361" value="ⲛⲉ ⲯⲩⲭⲟⲟⲩⲉ"/>
		<feat xlink:href="#sSpan382" value="ⲙⲏⲏϣⲉ ⲛ ⲟⲩⲟⲉⲓϣ ⲛ ⲃⲟⲗ"/>
		<feat xlink:href="#sSpan437" value="ⲡ ⲁⲣⲓⲑⲙⲟⲥ ⲛ ⲛⲉ ⲯⲩⲭⲟⲟⲩⲉ ⲛ ⲧⲉⲗⲉⲓⲟⲛ"/>
		<feat xlink:href="#sSpan447" value="ⲛⲉ ⲯⲩⲭⲟⲟⲩⲉ ⲛ ⲧⲉⲗⲉⲓⲟⲛ"/>
		<feat xlink:href="#sSpan458" value="ⲧⲉⲗⲉⲓⲟⲛ"/>
		<feat xlink:href="#sSpan467" value="ⲛⲁⲓ ⲉⲧ ⲛⲁ ⲱⲡ ⲉϩⲟⲩⲛ ⲉ ⲧⲉ ⲕⲗⲏⲣⲟⲛⲟⲙⲓⲁ ⲙ ⲡ ϫⲓⲥⲉ ϩⲓⲧⲛ ⲙ ⲙⲩⲥⲧⲏⲣⲓⲟⲛ ⲁⲩⲱ ⲛ ⲥⲉ ϣⲱⲡⲉ ϩⲙ ⲡⲉ ⲑⲏⲥⲁⲩⲣⲟⲥ ⲙ ⲡ ⲟⲩⲟⲉⲓⲛ"/>
		<feat xlink:href="#sSpan492" value="ⲧⲉ ⲕⲗⲏⲣⲟⲛⲟⲙⲓⲁ ⲙ ⲡ ϫⲓⲥⲉ"/>
		<feat xlink:href="#sSpan502" value="ⲡ ϫⲓⲥⲉ"/>
		<feat xlink:href="#sSpan513" value="ⲙ ⲙⲩⲥⲧⲏⲣⲓⲟⲛ"/>
		<feat xlink:href="#sSpan537" value="ⲡⲉ ⲑⲏⲥⲁⲩⲣⲟⲥ ⲙ ⲡ ⲟⲩⲟⲉⲓⲛ"/>
		<feat xlink:href="#sSpan549" value="ⲡ ⲟⲩⲟⲉⲓⲛ"/>
		<feat xlink:href="#sSpan567" value="ⲡⲁⲓ"/>
		<feat xlink:href="#sSpan586" value="ⲧⲉⲩ ϭⲓⲛⲙⲟⲟϣⲉ"/>
		<feat xlink:href="#sSpan640" value="ⲧ ϭⲟⲙ"/>
		<feat xlink:href="#sSpan651" value="ⲧⲁⲓ ⲉⲧ ϣⲟⲟⲡ ϩⲛ ⲧ ϩⲩⲗⲏ ⲙ ⲡⲉⲩ ⲕⲟⲥⲙⲟⲥ ⲧⲁⲓ ⲉ ϣⲁ ⲩ ⲁⲁ ⲥ ⲙ ⲯⲩⲭⲏ"/>
		<feat xlink:href="#sSpan668" value="ⲧ ϩⲩⲗⲏ ⲙ ⲡⲉⲩ ⲕⲟⲥⲙⲟⲥ"/>
		<feat xlink:href="#sSpan678" value="ⲡⲉⲩ ⲕⲟⲥⲙⲟⲥ"/>
		<feat xlink:href="#sSpan707" value="ⲯⲩⲭⲏ"/>
		<feat xlink:href="#sSpan759" value="ⲛ ⲉⲧ ⲛⲁ ⲟⲩϫⲁⲓ"/>
		<feat xlink:href="#sSpan782" value="ⲧ ϭⲟⲙ ⲧⲏⲣ ⲥ"/>
		<feat xlink:href="#sSpan828" value="ⲛ ⲉⲧ ⲛⲁ ⲟⲩϫⲁⲓ ⲁⲛ"/>
		<feat xlink:href="#sSpan875" value="ⲓⲏⲥⲟⲩⲥ"/>
		<feat xlink:href="#sSpan894" value="ⲛⲉⲓ ϣⲁϫⲉ"/>
		<feat xlink:href="#sSpan905" value="ⲛⲉϥ ⲙⲁⲑⲏⲧⲏⲥ"/>
		<feat xlink:href="#sSpan924" value="ⲧ ϩⲏ"/>
		<feat xlink:href="#sSpan934" value="ⲙⲁⲣⲓⲁ ⲧ ⲉⲧ ⲛⲉⲥⲱ ⲥ"/>
		<feat xlink:href="#sSpan953" value="ⲧⲉⲥ ϭⲓⲛϣⲁϫⲉ"/>
		<feat xlink:href="#sSpan968" value="ⲧ ⲙⲁⲕⲁⲣⲓⲁ"/>
		<feat xlink:href="#sSpan995" value="ⲛ ⲟⲩⲉⲣⲏⲧⲉ ⲛ ⲓⲏⲥⲟⲩⲥ"/>
		<feat xlink:href="#sSpan1005" value="ⲓⲏⲥⲟⲩⲥ"/>
		<feat xlink:href="#sSpan1026" value="ⲡⲁ ϫⲟⲉⲓⲥ"/>
		<feat xlink:href="#sSpan1056" value="ⲡⲉⲕ ⲙⲧⲟ ⲉⲃⲟⲗ"/>
		<feat xlink:href="#sSpan1155" value="ⲡ ⲥⲱⲧⲏⲣ"/>
		<feat xlink:href="#sSpan1167" value="ⲟⲩ ⲙⲛⲧϣⲁⲛϩⲧⲏϥ"/>
		<feat xlink:href="#sSpan1188" value="ⲙⲁⲣⲓⲁ"/>
		<feat xlink:href="#sSpan1199" value="ⲡ ϣⲁϫⲉ"/>
		<feat xlink:href="#sSpan1254" value="ⲟⲩ ⲡⲁⲣⲣⲏⲥⲓⲁ"/>
		<feat xlink:href="#sSpan1287" value="ⲙⲁⲣⲓⲁ"/>
		<feat xlink:href="#sSpan1303" value="ⲓⲏⲥⲟⲩⲥ"/>
		<feat xlink:href="#sSpan1310" value="ⲡⲁ ϫⲟⲉⲓⲥ"/>
		<feat xlink:href="#sSpan1339" value="ⲛⲉ ⲯⲩⲭⲟⲟⲩⲉ"/>
		<feat xlink:href="#sSpan1359" value="ⲧⲁⲓ · ⲏ ⲉ ⲩ ⲛⲁ ⲥⲟⲧϥ ⲟⲩ ⲛⲧⲟϥ ϩⲛ ⲟⲩ ϭⲉⲡⲏ ⲛ ⲁϣ ⲛ ⲥⲙⲟⲧ"/>
		<feat xlink:href="#sSpan1401" value="ⲁϣ ⲛ ⲥⲙⲟⲧ"/>
		<feat xlink:href="#sSpan1439" value="ⲓⲏⲥⲟⲩⲥ"/>
		<feat xlink:href="#sSpan1453" value="ⲙⲁⲣⲓⲁ"/>
		<feat xlink:href="#sSpan1464" value="ⲙⲁⲣⲓⲁ"/>
		<feat xlink:href="#sSpan1473" value="ⲧⲉ ϣⲓⲛⲉ"/>
		<feat xlink:href="#sSpan1495" value="ⲧ ϭⲓⲛϣⲓⲛⲉ ⲉⲧ ⲛⲁⲛⲟⲩ ⲥ"/>
		<feat xlink:href="#sSpan1520" value="ⲧⲉ ϯⲟⲩⲟⲉⲓⲛ ⲥⲁ ϩⲱⲃ ⲛⲓⲙ ϩⲛ ⲟⲩ ⲱⲣϫ"/>
		<feat xlink:href="#sSpan1534" value="ϩⲱⲃ ⲛⲓⲙ"/>
		<feat xlink:href="#sSpan1561" value="ⲟⲩ ⲙⲛⲧⲁⲕⲣⲓⲃⲏⲥ"/>
		<feat xlink:href="#sSpan1597" value="ⲗⲁⲁⲩ"/>
		<feat xlink:href="#sSpan1621" value="ⲡⲉⲓ ⲛⲁⲩ"/>
		<feat xlink:href="#sSpan1644" value="ϩⲱⲃ ⲛⲓⲙ"/>
		<feat xlink:href="#sSpan1684" value="ⲟⲩ ⲡⲁⲣϩⲏⲥⲓⲁ"/>
		<feat xlink:href="#sSpan1709" value="ⲙⲁⲣⲓⲁ"/>
		<feat xlink:href="#sSpan1734" value="ⲙ ⲙⲁⲑⲏⲧⲏⲥ ⲧⲏⲣ ⲟⲩ"/>
		<feat xlink:href="#sSpan1762" value="ⲧ ϩⲏ"/>
		<feat xlink:href="#sSpan1783" value="ⲛ ⲁⲣⲭⲱⲛ ⲧⲏⲣ ⲟⲩ ⲛ ⲛ ⲁⲓⲱⲛ"/>
		<feat xlink:href="#sSpan1801" value="ⲛ ⲁⲓⲱⲛ"/>
		<feat xlink:href="#sSpan1819" value="ⲛ ⲁⲣⲭⲱⲛ ⲧⲏⲣ ⲟⲩ ⲛ ⲧ ϩⲓⲙⲁⲣⲙⲉⲛⲏ"/>
		<feat xlink:href="#sSpan1837" value="ⲧ ϩⲓⲙⲁⲣⲙⲉⲛⲏ"/>
		<feat xlink:href="#sSpan1847" value="ⲧⲉ ⲥⲫⲁⲓⲣⲁ"/>
		<feat xlink:href="#sSpan1884" value="ⲛⲉⲩ ⲙⲣⲣⲉ"/>
		<feat xlink:href="#sSpan1901" value="ⲛⲉⲩ ⲥⲫⲁⲓⲣⲁ"/>
		<feat xlink:href="#sSpan1920" value="ⲛⲉⲩ ⲥⲫⲣⲁⲅⲓⲥ"/>
		<feat xlink:href="#sSpan1971" value="ⲓⲉⲟⲩ ⲡ ⲉⲡⲓⲥⲕⲟⲡⲟⲥ ⲙ ⲡ ⲟⲩⲟⲉⲓⲛ"/>
		<feat xlink:href="#sSpan1985" value="ⲡ ⲟⲩⲟⲉⲓⲛ"/>
		<feat xlink:href="#sSpan2008" value="ⲡ ⲟⲩⲁ ⲡ ⲟⲩⲁ ⲙⲙⲟ ⲟⲩ"/>
		<feat xlink:href="#sSpan2048" value="ⲧⲉⲩ ⲧⲁⲝⲓⲥ"/>
		<feat xlink:href="#sSpan2062" value="ⲡ ⲟⲩⲁ"/>
		<feat xlink:href="#sSpan2067" value="ⲡ ⲟⲩⲁ"/>
		<feat xlink:href="#sSpan2089" value="ⲡⲉϥ ⲇⲣⲟⲙⲟⲥ"/>
		<feat xlink:href="#sSpan2132" value="ⲓⲉⲟⲩ ⲡ ⲉⲡⲓⲥⲕⲟⲡⲟⲥ ⲙ ⲡ ⲟⲩⲟⲉⲓⲛ"/>
		<feat xlink:href="#sSpan2146" value="ⲡ ⲟⲩⲟⲉⲓⲛ"/>
		<feat xlink:href="#sSpan2175" value="ⲡⲉ ⲟⲩⲟⲉⲓϣ ⲙ ⲡ ⲁⲣⲓⲑⲙⲟⲥ ⲙ ⲙⲉⲗϫⲓⲥⲉⲇⲉⲕ"/>
		<feat xlink:href="#sSpan2184" value="ⲡ ⲁⲣⲓⲑⲙⲟⲥ ⲙ ⲙⲉⲗϫⲓⲥⲉⲇⲉⲕ"/>
		<feat xlink:href="#sSpan2194" value="ⲙⲉⲗϫⲓⲥⲉⲇⲉⲕ"/>
		<feat xlink:href="#sSpan2205" value="ⲡ ⲛⲟϭ ⲙ ⲡⲁⲣⲁⲗⲏⲙⲡⲧⲱⲣ ⲛ ⲟⲩⲟⲉⲓⲛ"/>
		<feat xlink:href="#sSpan2225" value="ⲟⲩⲟⲉⲓⲛ"/>
		<feat xlink:href="#sSpan2251" value="ⲧ ⲙⲏⲧⲉ ⲛ ⲛ ⲁⲓⲱⲛ"/>
		<feat xlink:href="#sSpan2260" value="ⲛ ⲁⲓⲱⲛ"/>
		<feat xlink:href="#sSpan2270" value="ⲛ ⲁⲣⲭⲱⲛ ⲧⲏⲣ ⲟⲩ ⲉⲧ ⲙⲏⲣ ϩⲛ ⲧⲉ ⲥⲫⲁⲓⲣⲁ"/>
		<feat xlink:href="#sSpan2295" value="ⲧⲉ ⲥⲫⲁⲓⲣⲁ"/>
		<feat xlink:href="#sSpan2312" value="ⲧ ϩⲓⲙⲁⲣⲙⲉⲛⲏ"/>
		<feat xlink:href="#sSpan2340" value="ⲡ ⲥⲱⲧϥ ⲙ ⲡ ⲟⲩⲟⲉⲓⲛ"/>
		<feat xlink:href="#sSpan2349" value="ⲡ ⲟⲩⲟⲉⲓⲛ"/>
		<feat xlink:href="#sSpan2366" value="ⲛ ⲁⲣⲭⲱⲛ ⲧⲏⲣ ⲟⲩ ⲛ ⲛ ⲁⲓⲱⲛ"/>
		<feat xlink:href="#sSpan2382" value="ⲛ ⲁⲓⲱⲛ"/>
		<feat xlink:href="#sSpan2408" value="ⲛ ⲁⲣⲭⲱⲛ ⲧⲏⲣ ⲟⲩ ⲛ ⲧ ϩⲓⲙⲁⲣⲙⲉⲛⲏ"/>
		<feat xlink:href="#sSpan2424" value="ⲧ ϩⲓⲙⲁⲣⲙⲉⲛⲏ"/>
		<feat xlink:href="#sSpan2440" value="ⲧⲉ ⲥⲫⲁⲓⲣⲁ"/>
		<feat xlink:href="#sSpan2482" value="ⲡ ⲉⲧ ϣⲧⲟⲣⲧⲣ ⲙⲙⲟ ⲟⲩ"/>
		<feat xlink:href="#sSpan2521" value="ⲡⲓ ⲥⲡⲟⲩⲇⲁⲥⲧⲏⲥ ⲉⲧ ϩⲓϫⲱ ⲟⲩ"/>
		<feat xlink:href="#sSpan2552" value="ⲛⲉⲩ ⲕⲩⲕⲗⲟⲥ"/>
		<feat xlink:href="#sSpan2586" value="ⲧⲉⲩ ϭⲟⲙ ⲉⲧ ⲛϩⲏⲧ ⲟⲩ"/>
		<feat xlink:href="#sSpan2607" value="ⲡ ⲛⲓϥⲉ ⲛ ⲧⲉⲩ ⲧⲁⲡⲣⲟ"/>
		<feat xlink:href="#sSpan2616" value="ⲧⲉⲩ ⲧⲁⲡⲣⲟ"/>
		<feat xlink:href="#sSpan2635" value="ⲙ ⲙⲟⲩⲉⲓⲟⲟⲩⲉ ⲛ ⲛⲉⲩ ⲃⲁⲗ"/>
		<feat xlink:href="#sSpan2644" value="ⲛⲉⲩ ⲃⲁⲗ"/>
		<feat xlink:href="#sSpan2663" value="ⲛ ϥⲱⲧⲉ ⲛ ⲛⲉⲩ ⲥⲱⲙⲁ"/>
		<feat xlink:href="#sSpan2672" value="ⲛⲉⲩ ⲥⲱⲙⲁ"/>
		<feat xlink:href="#sSpan2697" value="ⲡ ⲡⲁⲣⲁⲗⲏⲙⲡⲧⲱⲣ ⲙ ⲡ ⲟⲩⲟⲉⲓⲛ"/>
		<feat xlink:href="#sSpan2709" value="ⲡ ⲟⲩⲟⲉⲓⲛ"/>
		<feat xlink:href="#sSpan2730" value="ⲛ ϭⲟⲙ ⲉⲧ ⲙⲙⲁⲩ"/>
		<feat xlink:href="#sSpan2755" value="ⲡⲉⲩ ⲟⲩⲟⲉⲓⲛ"/>
		<feat xlink:href="#sSpan2764" value="ⲡⲉ ⲑⲏⲥⲁⲩⲣⲟⲥ ⲙ ⲡ ⲟⲩⲟⲉⲓⲛ"/>
		<feat xlink:href="#sSpan2774" value="ⲡ ⲟⲩⲟⲉⲓⲛ"/>
		<feat xlink:href="#sSpan2792" value="ⲧⲉⲩ ϩⲩⲗⲏ ⲧⲏⲣ ⲟⲩ ϩⲓ ⲛⲉⲩ ⲉⲣⲏⲩ"/>
		<feat xlink:href="#sSpan2832" value="ⲛ ⲗⲉⲓⲧⲟⲩⲣⲅⲟⲥ ⲛ ⲛ ⲁⲣⲭⲱⲛ ⲧⲏⲣ ⲟⲩ"/>
		<feat xlink:href="#sSpan2842" value="ⲛ ⲁⲣⲭⲱⲛ ⲧⲏⲣ ⲟⲩ"/>
		<feat xlink:href="#sSpan2885" value="ⲛ ⲗⲉⲓⲧⲟⲩⲣⲅⲟⲥ ⲛ ⲛ ⲁⲣⲭⲱⲛ ⲧⲏⲣ ⲟⲩ ⲛ ⲧ ϩⲓⲙⲁⲣⲙⲉⲛⲏ"/>
		<feat xlink:href="#sSpan2895" value="ⲛ ⲁⲣⲭⲱⲛ ⲧⲏⲣ ⲟⲩ ⲛ ⲧ ϩⲓⲙⲁⲣⲙⲉⲛⲏ"/>
		<feat xlink:href="#sSpan2913" value="ⲧ ϩⲓⲙⲁⲣⲙⲉⲛⲏ"/>
		<feat xlink:href="#sSpan2927" value="ⲛ ⲗⲉⲓⲧⲟⲩⲣⲅⲟⲥ ⲛ ⲧⲉ ⲥⲫⲁⲓⲣⲁ"/>
		<feat xlink:href="#sSpan2939" value="ⲧⲉ ⲥⲫⲁⲓⲣⲁ"/>
		<feat xlink:href="#sSpan2950" value="ⲛⲁⲓ ⲉⲧ ⲙ ⲡ ⲉⲥⲏⲧ ⲛ ⲁⲓⲱⲛ"/>
		<feat xlink:href="#sSpan2959" value="ⲡ ⲉⲥⲏⲧ ⲛ ⲁⲓⲱⲛ"/>
		<feat xlink:href="#sSpan2969" value="ⲁⲓⲱⲛ"/>
		<feat xlink:href="#sSpan2993" value="ⲯⲩⲭⲏ ⲛ ⲣⲱⲙⲉ"/>
		<feat xlink:href="#sSpan3000" value="ⲣⲱⲙⲉ"/>
		<feat xlink:href="#sSpan3007" value="ⲛ ⲧⲃⲛⲏ"/>
		<feat xlink:href="#sSpan3018" value="ⲛ ϫⲁⲧⲃⲉ"/>
		<feat xlink:href="#sSpan3036" value="ⲑⲏⲣⲓⲟⲛ"/>
		<feat xlink:href="#sSpan3047" value="ϩⲁⲗⲏⲧ"/>
		<feat xlink:href="#sSpan3075" value="ⲡⲉⲓ ⲕⲟⲥⲙⲟⲥ"/>
		<feat xlink:href="#sSpan3085" value="ⲧ ⲙⲛⲧⲣⲱⲙⲉ"/>
		<feat xlink:href="#sSpan3115" value="ⲡⲁⲣⲁⲗⲏⲙⲡⲧⲱⲣ ⲙ ⲡ ⲣⲏ ⲙⲛ ⲙ ⲡⲁⲣⲁⲗⲏⲙⲡⲧⲱⲣ ⲙ ⲡ ⲟⲟϩ"/>
		<feat xlink:href="#sSpan3122" value="ⲡ ⲣⲏ ⲙⲛ ⲙ ⲡⲁⲣⲁⲗⲏⲙⲡⲧⲱⲣ ⲙ ⲡ ⲟⲟϩ"/>
		<feat xlink:href="#sSpan3131" value="ⲙ ⲡⲁⲣⲁⲗⲏⲙⲡⲧⲱⲣ"/>
		<feat xlink:href="#sSpan3141" value="ⲡ ⲟⲟϩ"/>
		<feat xlink:href="#sSpan3158" value="ⲧ ⲡⲉ"/>
		<feat xlink:href="#sSpan3175" value="ⲛⲉ ⲥⲭⲏⲙⲁ ⲛ ⲛ ϭⲓⲛⲙⲟⲟϣⲉ ⲛ ⲛ ⲁⲓⲱⲛ"/>
		<feat xlink:href="#sSpan3187" value="ⲛ ϭⲓⲛⲙⲟⲟϣⲉ ⲛ ⲛ ⲁⲓⲱⲛ"/>
		<feat xlink:href="#sSpan3198" value="ⲛ ⲁⲓⲱⲛ"/>
		<feat xlink:href="#sSpan3212" value="ⲛⲉ ⲥⲭⲏⲙⲁ ⲛ ⲧ ϩⲓⲙⲁⲣⲙⲉⲛⲏ · ⲙⲛ ⲛⲁ ⲧⲉ ⲥⲫⲁⲓⲣⲁ"/>
		<feat xlink:href="#sSpan3222" value="ⲧ ϩⲓⲙⲁⲣⲙⲉⲛⲏ"/>
		<feat xlink:href="#sSpan3241" value="ⲧⲉ ⲥⲫⲁⲓⲣⲁ"/>
		<feat xlink:href="#sSpan3262" value="ⲧ ϭⲟⲙ"/>
		<feat xlink:href="#sSpan3277" value="ⲡ ⲟⲩⲟⲉⲓⲛ"/>
		<feat xlink:href="#sSpan3304" value="ⲙ ⲡⲁⲣⲁⲗⲏⲙⲡⲧⲱⲣ ⲙ ⲡ ⲣⲏ"/>
		<feat xlink:href="#sSpan3317" value="ⲡ ⲣⲏ"/>
		<feat xlink:href="#sSpan3346" value="ⲙ ⲡⲁⲣⲁⲗⲏⲙⲡⲧⲱⲣ ⲙ ⲙⲉⲗϫⲓⲥⲉⲇⲉⲕ"/>
		<feat xlink:href="#sSpan3358" value="ⲙⲉⲗϫⲓⲥⲉⲇⲉⲕ"/>
		<feat xlink:href="#sSpan3367" value="ⲡ ⲣⲉϥⲥⲱⲧⲃ ⲛ ⲟⲩⲟⲉⲓⲛ"/>
		<feat xlink:href="#sSpan3378" value="ⲟⲩⲟⲉⲓⲛ"/>
		<feat xlink:href="#sSpan3393" value="ⲡⲉⲩ ϩⲩⲗⲓⲕⲟⲛ ⲛ ⲥⲟⲣⲙ"/>
		<feat xlink:href="#sSpan3403" value="ⲥⲟⲣⲙ"/>
		<feat xlink:href="#sSpan3424" value="ⲧⲉ ⲥⲫⲁⲓⲣⲁ · ⲉⲧ ⲙ ⲡ ⲉⲥⲏⲧ ⲛ ⲛ ⲁⲓⲱⲛ"/>
		<feat xlink:href="#sSpan3444" value="ⲡ ⲉⲥⲏⲧ ⲛ ⲛ ⲁⲓⲱⲛ"/>
		<feat xlink:href="#sSpan3453" value="ⲛ ⲁⲓⲱⲛ"/>
		<feat xlink:href="#sSpan3474" value="ⲯⲩⲭⲏ ⲛ ⲣⲱⲙⲉ"/>
		<feat xlink:href="#sSpan3483" value="ⲣⲱⲙⲉ"/>
		<feat xlink:href="#sSpan3516" value="ϫⲁⲧϥⲉ"/>
		<feat xlink:href="#sSpan3529" value="ⲧⲃⲛⲏ"/>
		<feat xlink:href="#sSpan3541" value="ⲑⲏⲣⲓⲟⲛ"/>
		<feat xlink:href="#sSpan3552" value="ϩⲁⲗⲏⲧ"/>
		<feat xlink:href="#sSpan3564" value="ⲡ ⲕⲩⲕⲗⲟⲥ ⲛ ⲛ ⲁⲣⲭⲱⲛ ⲛ ⲧⲉ ⲥⲫⲁⲓⲣⲁ ⲉⲧ ⲙⲙⲁⲩ"/>
		<feat xlink:href="#sSpan3576" value="ⲛ ⲁⲣⲭⲱⲛ ⲛ ⲧⲉ ⲥⲫⲁⲓⲣⲁ ⲉⲧ ⲙⲙⲁⲩ"/>
		<feat xlink:href="#sSpan3586" value="ⲧⲉ ⲥⲫⲁⲓⲣⲁ ⲉⲧ ⲙⲙⲁⲩ"/>
		<feat xlink:href="#sSpan3610" value="ⲛⲉ ⲥⲭⲏⲙⲁ ⲧⲏⲣ ⲟⲩ ⲛ ⲧⲉⲥ ϭⲓⲛⲕⲱⲧⲉ"/>
		<feat xlink:href="#sSpan3628" value="ⲧⲉⲥ ϭⲓⲛⲕⲱⲧⲉ"/>
		<feat xlink:href="#sSpan3661" value="ⲡⲉⲓ ⲕⲟⲥⲙⲟⲥ"/>
		<feat xlink:href="#sSpan3671" value="ⲧ ⲙⲛⲧⲣⲱⲙⲉ"/>
		<feat xlink:href="#sSpan3701" value="ⲯⲩⲭⲏ"/>
		<feat xlink:href="#sSpan3708" value="ⲡ ⲧⲟⲡⲟⲥ ⲉⲧ ⲙⲙⲁⲩ"/>
		<feat xlink:href="#sSpan3765" value="ⲛⲁⲓ"/>
		<feat xlink:href="#sSpan3819" value="ⲧ ϩⲏ"/>
		<feat xlink:href="#sSpan3830" value="ⲧⲉⲩ ϭⲟⲙ"/>
		<feat xlink:href="#sSpan3946" value="ⲧⲉⲩ ϭⲟⲙ"/>
		<feat xlink:href="#sSpan3992" value="ⲧⲉⲩ ϭⲟⲙ"/>
		<feat xlink:href="#sSpan4019" value="ⲡⲉⲩ ⲟⲩⲟⲉⲓⲛ ⲉⲧ ϣⲟⲟⲡ ϩⲙ ⲡⲉⲩ ⲧⲟⲡⲟⲥ"/>
		<feat xlink:href="#sSpan4034" value="ⲡⲉⲩ ⲧⲟⲡⲟⲥ"/>
		<feat xlink:href="#sSpan4058" value="ⲧⲉⲩ ⲙⲛⲧⲣⲣⲟ"/>
		<feat xlink:href="#sSpan4086" value="ⲡ ⲧⲏⲣϥ"/>
		<feat xlink:href="#sSpan4147" value="ⲛⲁⲓ"/>
		<feat xlink:href="#sSpan4160" value="ⲡⲉ ⲟⲩⲟⲉⲓϣ"/>
		<feat xlink:href="#sSpan4187" value="ⲡ ⲁⲣⲓⲑⲙⲟⲥ ⲛ ⲧⲉ ⲯⲏⲫⲟⲥ ⲙ ⲙⲉⲗⲭⲓⲥⲉⲇⲉⲕ"/>
		<feat xlink:href="#sSpan4199" value="ⲧⲉ ⲯⲏⲫⲟⲥ ⲙ ⲙⲉⲗⲭⲓⲥⲉⲇⲉⲕ"/>
		<feat xlink:href="#sSpan4209" value="ⲙⲉⲗⲭⲓⲥⲉⲇⲉⲕ"/>
		<feat xlink:href="#sSpan4216" value="ⲡ ⲡⲁⲣⲁⲗⲏⲙⲡⲧⲱⲣ"/>
		<feat xlink:href="#sSpan4275" value="ⲧ ⲙⲏⲧⲉ"/>
		<feat xlink:href="#sSpan4284" value="ⲛ ⲁⲣⲭⲱⲛ ⲛ ⲛ ⲁⲓⲱⲛ ⲧⲏⲣ ⲟⲩ"/>
		<feat xlink:href="#sSpan4294" value="ⲛ ⲁⲓⲱⲛ ⲧⲏⲣ ⲟⲩ"/>
		<feat xlink:href="#sSpan4320" value="ⲧ ⲙⲏⲧⲉ ⲛ ⲛ ⲁⲣⲭⲱⲛ ⲧⲏⲣ ⲟⲩ ⲛ ⲧ ϩⲓⲙⲁⲣⲙⲉⲛⲏ"/>
		<feat xlink:href="#sSpan4329" value="ⲛ ⲁⲣⲭⲱⲛ ⲧⲏⲣ ⲟⲩ ⲛ ⲧ ϩⲓⲙⲁⲣⲙⲉⲛⲏ"/>
		<feat xlink:href="#sSpan4345" value="ⲧ ϩⲓⲙⲁⲣⲙⲉⲛⲏ"/>
		<feat xlink:href="#sSpan4363" value="ⲧⲉ ⲥⲫⲁⲓⲣⲁ"/>
		<feat xlink:href="#sSpan4413" value="ⲛⲉⲩ ⲕⲩⲕⲗⲟⲥ ϩⲛ ⲟⲩ ϭⲉⲡⲏ"/>
		<feat xlink:href="#sSpan4466" value="ⲧ ϭⲟⲙ"/>
		<feat xlink:href="#sSpan4475" value="ⲃⲟⲗ ⲙⲙⲟ ⲟⲩ"/>
		<feat xlink:href="#sSpan4498" value="ⲡ ⲛⲓϥⲉ ⲛ ⲧⲉⲩ ⲧⲁⲡⲣⲟ"/>
		<feat xlink:href="#sSpan4507" value="ⲧⲉⲩ ⲧⲁⲡⲣⲟ"/>
		<feat xlink:href="#sSpan4532" value="ⲙ ⲙⲟⲩⲉⲓⲟⲟⲩⲉ ⲛ ⲛⲉⲩ ⲃⲁⲗ"/>
		<feat xlink:href="#sSpan4541" value="ⲛⲉⲩ ⲃⲁⲗ"/>
		<feat xlink:href="#sSpan4563" value="ⲛ ϥⲱⲧⲉ ⲛ ⲛⲉⲩ ⲥⲱⲙⲁ"/>
		<feat xlink:href="#sSpan4574" value="ⲛⲉⲩ ⲥⲱⲙⲁ"/>
		<feat xlink:href="#sSpan4606" value="ⲙⲉⲗϫⲓⲥⲉⲇⲉⲕ ⲡ ⲡⲁⲣⲁⲗⲏⲙⲡⲧⲱⲣ ⲙ ⲡ ⲟⲩⲟⲉⲓⲛ"/>
		<feat xlink:href="#sSpan4623" value="ⲡ ⲟⲩⲟⲉⲓⲛ"/>
		<feat xlink:href="#sSpan4683" value="ⲡⲉⲩ ⲟⲩⲟⲉⲓⲛ"/>
		<feat xlink:href="#sSpan4694" value="ⲡⲉ ⲑⲏⲥⲁⲩⲣⲟⲥ ⲙ ⲡ ⲟⲩⲟⲉⲓⲛ"/>
		<feat xlink:href="#sSpan4704" value="ⲡ ⲟⲩⲟⲉⲓⲛ"/>
		<feat xlink:href="#sSpan4719" value="ⲧ ϩⲩⲗⲏ ⲙ ⲡⲉⲩ ⲥⲟⲣⲙ"/>
		<feat xlink:href="#sSpan4729" value="ⲡⲉⲩ ⲥⲟⲣⲙ"/>
		<feat xlink:href="#sSpan4744" value="ⲛ ⲁⲣⲭⲱⲛ ⲧⲏⲣ ⲟⲩ ⲛ ⲁⲓⲱⲛ"/>
		<feat xlink:href="#sSpan4761" value="ⲁⲓⲱⲛ"/>
		<feat xlink:href="#sSpan4774" value="ⲛ ⲁⲣⲭⲱⲛ ⲛ ⲧ ϩⲓⲙⲁⲣⲙⲉⲛⲏ ⲙⲛ ⲛⲁ ⲧⲉ ⲥⲫⲁⲓⲣⲁ"/>
		<feat xlink:href="#sSpan4786" value="ⲧ ϩⲓⲙⲁⲣⲙⲉⲛⲏ"/>
		<feat xlink:href="#sSpan4798" value="ⲧⲉ ⲥⲫⲁⲓⲣⲁ"/>
		<feat xlink:href="#sSpan4867" value="ⲯⲩⲭⲏ"/>
		<feat xlink:href="#sSpan4874" value="ⲡ ⲕⲟⲥⲙⲟⲥ"/>
		<feat xlink:href="#sSpan4900" value="ⲧⲉⲩ ϩⲩⲗⲏ"/>
		<feat xlink:href="#sSpan4949" value="ⲧⲉⲩ ϭⲟⲙ"/>
		<feat xlink:href="#sSpan4982" value="ⲧⲉⲩ ⲙⲛⲧⲣⲣⲟ"/>
		<feat xlink:href="#sSpan5025" value="ⲛⲉⲩ ⲃⲱⲗ ⲉⲃⲟⲗ"/>
		<feat xlink:href="#sSpan5059" value="ⲟⲩ ⲛⲟϭ ⲛ ⲟⲩⲟⲉⲓϣ"/>
		<feat xlink:href="#sSpan5087" value="ⲡ ⲁⲣⲓⲑⲙⲟⲥ ⲛ ⲛⲉ ⲯⲩⲭⲟⲟⲩⲉ ⲛ ⲧⲉⲗⲓⲟⲛ"/>
		<feat xlink:href="#sSpan5099" value="ⲛⲉ ⲯⲩⲭⲟⲟⲩⲉ ⲛ ⲧⲉⲗⲓⲟⲛ"/>
		<feat xlink:href="#sSpan5109" value="ⲧⲉⲗⲓⲟⲛ"/>
		<feat xlink:href="#sSpan5134" value="ⲡⲉ ⲑⲏⲥⲁⲩⲣⲟⲥ ⲙ ⲡ ⲟⲩⲟⲉⲓⲛ"/>
		<feat xlink:href="#sSpan5144" value="ⲡ ⲟⲩⲟⲉⲓⲛ"/>
		<feat xlink:href="#sSpan5174" value="ⲛ ⲁⲣⲭⲱⲛ ⲛ ⲛ ⲁⲓⲱⲛ ⲙⲛ ⲛⲁ ⲧ ϩⲓⲙⲁⲣⲙⲉⲛⲏ ⲙⲛ ⲛⲁ ⲧⲉ ⲥⲫⲁⲓⲣⲁ"/>
		<feat xlink:href="#sSpan5184" value="ⲛ ⲁⲓⲱⲛ"/>
		<feat xlink:href="#sSpan5196" value="ⲧ ϩⲓⲙⲁⲣⲙⲉⲛⲏ"/>
		<feat xlink:href="#sSpan5210" value="ⲧⲉ ⲥⲫⲁⲓⲣⲁ"/>
		<feat xlink:href="#sSpan5247" value="ⲡⲉⲓ ⲧⲩⲡⲟⲥ"/>
		<feat xlink:href="#sSpan5284" value="ⲡ ⲥⲟⲣⲙ ⲛ ⲧⲉⲩ ϩⲩⲗⲏ"/>
		<feat xlink:href="#sSpan5293" value="ⲧⲉⲩ ϩⲩⲗⲏ"/>
		<feat xlink:href="#sSpan5326" value="ⲡ ⲕⲟⲥⲙⲟⲥ ⲛ ⲧ ⲙⲛⲧⲣⲱⲙⲉ"/>
		<feat xlink:href="#sSpan5338" value="ⲧ ⲙⲛⲧⲣⲱⲙⲉ"/>
		<feat xlink:href="#sSpan5365" value="ⲣⲣⲟ"/>
		<feat xlink:href="#sSpan5387" value="ⲟⲩ ⲛⲟϭ ⲛ ⲟⲩⲟⲉⲓϣ ⲛ ⲃⲟⲗ"/>
		<feat xlink:href="#sSpan5406" value="ⲧⲁⲓ ⲛϭⲓ ⲛ ⲧ ϭⲟⲙ · ⲛⲁⲓ ⲉⲧ ⲟ ⲛ ϭⲟⲙ ⲛϩⲏⲧ ⲟⲩ ⲉⲧⲉ ⲛⲧⲟⲟⲩ ⲛⲉ"/>
		<feat xlink:href="#sSpan5415" value="ⲧ ϭⲟⲙ"/>
		<feat xlink:href="#sSpan5440" value="ϭⲟⲙ"/>
		<feat xlink:href="#sSpan5447" value="ⲟⲩ ⲉⲧⲉ ⲛⲧⲟⲟⲩ ⲛⲉ"/>
		<feat xlink:href="#sSpan5460" value="ⲛⲉ ⲯⲩⲭⲟⲟⲩⲉ"/>
		<feat xlink:href="#sSpan5474" value="ⲛⲁⲓ"/>
		<feat xlink:href="#sSpan5515" value="ⲕⲩⲕⲗⲟⲥ ⲥⲛⲁⲩ"/>
		<feat xlink:href="#sSpan5587" value="ⲧ ⲇⲓⲁⲕⲟⲛⲓⲁ ⲉⲛⲧ ⲁ ⲩ ⲧⲁϩⲙⲉ ⲧ ⲉⲧⲃⲏⲏⲧ ⲥ"/>
		<feat xlink:href="#sSpan5622" value="ⲧ ⲕⲉⲗⲉⲩⲥⲓⲥ ⲙ ⲡ ϣⲟⲣⲡ ⲙ ⲙⲩⲥⲧⲏⲣⲓⲟⲛ"/>
		<feat xlink:href="#sSpan5632" value="ⲡ ϣⲟⲣⲡ ⲙ ⲙⲩⲥⲧⲏⲣⲓⲟⲛ"/>
		<feat xlink:href="#sSpan5642" value="ⲙⲩⲥⲧⲏⲣⲓⲟⲛ"/>
		<feat xlink:href="#sSpan5672" value="ⲧ ⲙⲏⲧⲉ"/>
		<feat xlink:href="#sSpan5681" value="ⲛ ⲧⲩⲣⲁⲛⲛⲟⲥ ⲛ ⲛ ⲁⲣⲭⲱⲛ ⲙ ⲡ ⲙⲛⲧⲥⲛⲟⲟⲩⲥ ⲛ ⲁⲓⲱⲛ"/>
		<feat xlink:href="#sSpan5693" value="ⲛ ⲁⲣⲭⲱⲛ ⲙ ⲡ ⲙⲛⲧⲥⲛⲟⲟⲩⲥ ⲛ ⲁⲓⲱⲛ"/>
		<feat xlink:href="#sSpan5705" value="ⲡ ⲙⲛⲧⲥⲛⲟⲟⲩⲥ ⲛ ⲁⲓⲱⲛ"/>
		<feat xlink:href="#sSpan5730" value="ⲉⲛⲇⲩⲙⲁ ⲛ ⲟⲩⲟⲉⲓⲛ"/>
		<feat xlink:href="#sSpan5737" value="ⲟⲩⲟⲉⲓⲛ"/>
		<feat xlink:href="#sSpan5764" value="ⲟⲩⲟⲉⲓⲛ"/>
		<feat xlink:href="#sSpan5785" value="ϣⲓ"/>
		<feat xlink:href="#sSpan5794" value="ⲡ ⲟⲩⲟⲉⲓⲛ"/>
		<feat xlink:href="#sSpan5845" value="ⲡ ⲛⲟϭ ⲛ ⲟⲩⲟⲉⲓⲛ ⲉⲧ ϣⲟⲟⲡ ⲙⲙⲟ ⲓ"/>
		<feat xlink:href="#sSpan5872" value="ⲛⲓ ⲧⲩⲣⲁⲛⲛⲟⲥ ⲉⲧ ⲙⲙⲁⲩ"/>
		<feat xlink:href="#sSpan5901" value="ⲡ ⲛⲟϭ ⲛ ⲁⲇⲁⲙⲁⲥ ⲡ ⲧⲩⲣⲁⲛⲛⲟⲥ"/>
		<feat xlink:href="#sSpan5925" value="ⲛ ⲧⲩⲣⲁⲛⲛⲟⲥ ⲧⲏⲣ ⲟⲩ ⲙ ⲡ ⲙⲛⲧⲥⲛⲟⲟⲩⲥ ⲛ ⲁⲓⲱⲛ"/>
		<feat xlink:href="#sSpan5941" value="ⲡ ⲙⲛⲧⲥⲛⲟⲟⲩⲥ ⲛ ⲁⲓⲱⲛ"/>
		<feat xlink:href="#sSpan5983" value="ⲡ ⲟⲩⲟⲉⲓⲛ ⲙ ⲡⲁ ⲉⲛⲇⲩⲙⲁ"/>
		<feat xlink:href="#sSpan5994" value="ⲡⲁ ⲉⲛⲇⲩⲙⲁ"/>
		<feat xlink:href="#sSpan6045" value="ⲧⲉⲩ ⲙⲛⲧⲣⲣⲟ"/>
		<feat xlink:href="#sSpan6056" value="ⲛⲁⲓ"/>
		<feat xlink:href="#sSpan6154" value="ⲡ ⲟⲩⲟⲉⲓⲛ"/>
		<feat xlink:href="#sSpan6179" value="ⲧ ⲕⲉⲗⲉⲩⲥⲓⲥ ⲙ ⲡ ϣⲟⲣⲡ ⲙ ⲙⲩⲥⲧⲏⲣⲓⲟⲛ"/>
		<feat xlink:href="#sSpan6189" value="ⲡ ϣⲟⲣⲡ ⲙ ⲙⲩⲥⲧⲏⲣⲓⲟⲛ"/>
		<feat xlink:href="#sSpan6201" value="ⲙⲩⲥⲧⲏⲣⲓⲟⲛ"/>
		<feat xlink:href="#sSpan6220" value="ⲛ ϭⲓⲛⲙⲟⲟϣⲉ"/>
		<feat xlink:href="#sSpan6231" value="ⲛ ⲇⲣⲟⲙⲟⲥ ⲛ ⲛⲉⲩ ⲁⲓⲱⲛ"/>
		<feat xlink:href="#sSpan6243" value="ⲛⲉⲩ ⲁⲓⲱⲛ"/>
		<feat xlink:href="#sSpan6257" value="ⲛ ϭⲓⲛⲙⲟⲟϣⲉ ⲛ ⲧⲉⲩ ϩⲓⲙⲁⲣⲙⲉⲛⲏ"/>
		<feat xlink:href="#sSpan6268" value="ⲧⲉⲩ ϩⲓⲙⲁⲣⲙⲉⲛⲏ"/>
		<feat xlink:href="#sSpan6284" value="ⲧⲉⲩ ⲥⲫⲁⲓⲣⲁ"/>
		<feat xlink:href="#sSpan6309" value="ⲥⲟⲟⲩ ⲛ ⲉⲃⲟⲧ ⲉ ⲩ ϭⲱϣⲧ ⲉ ϣⲟⲙⲧ ⲛ ⲕⲟⲟϩ ⲛ ϩⲃⲟⲩⲣ"/>
		<feat xlink:href="#sSpan6332" value="ϣⲟⲙⲧ ⲛ ⲕⲟⲟϩ ⲛ ϩⲃⲟⲩⲣ"/>
		<feat xlink:href="#sSpan6345" value="ϩⲃⲟⲩⲣ"/>
		<feat xlink:href="#sSpan6364" value="ϥⲧⲟⲟⲩ ⲛ ⲕⲟⲟϩ"/>
		<feat xlink:href="#sSpan6389" value="ⲡⲉⲩ ϩⲟⲧ ⲉⲃⲟⲗ"/>
		<feat xlink:href="#sSpan6412" value="ⲡⲉⲩ ϣⲙⲟⲩⲛ ⲛ ⲥⲭⲏⲙⲁ ⲕⲁⲧⲁ ⲧ ϩⲉ ⲣⲱ"/>
		<feat xlink:href="#sSpan6422" value="ⲥⲭⲏⲙⲁ"/>
		<feat xlink:href="#sSpan6469" value="ⲧⲉⲩ ϭⲓⲛⲕⲱⲧⲉ"/>
		<feat xlink:href="#sSpan6492" value="ⲧⲉⲩ ϭⲓⲛϭⲱϣⲧ"/>
		<feat xlink:href="#sSpan6517" value="ⲕⲉ ⲧⲁⲝⲓⲥ"/>
		<feat xlink:href="#sSpan6543" value="ⲕⲉ ⲥⲟⲟⲩ ⲛ ⲉⲃⲟⲧ"/>
		<feat xlink:href="#sSpan6568" value="ⲛⲉ ϩⲃⲏⲩⲉ ⲛ ⲛⲉⲩ ⲁⲡⲟⲧⲉⲗⲉⲥⲙⲁ"/>
		<feat xlink:href="#sSpan6577" value="ⲛⲉⲩ ⲁⲡⲟⲧⲉⲗⲉⲥⲙⲁ"/>
		<feat xlink:href="#sSpan6589" value="ⲛⲉ ϥⲧⲟⲟⲩ ⲛ ⲕⲟⲟϩ ⲛ ⲟⲩⲛⲁⲙ"/>
		<feat xlink:href="#sSpan6604" value="ⲟⲩⲛⲁⲙ"/>
		<feat xlink:href="#sSpan6619" value="ⲛⲉⲩ ϣⲟⲙⲧ ⲛ ⲕⲟⲟϩ"/>
		<feat xlink:href="#sSpan6630" value="ⲕⲟⲟϩ"/>
		<feat xlink:href="#sSpan6651" value="ⲡⲉⲩ ϩⲟⲧ ⲉⲃⲟⲗ"/>
		<feat xlink:href="#sSpan6683" value="ⲥⲭⲏⲙⲁ"/>
		<feat xlink:href="#sSpan6714" value="ⲟⲩ ⲛⲟϭ ⲛ ϩⲃⲁ"/>
		<feat xlink:href="#sSpan6750" value="ⲟⲩ ⲡⲗⲁⲛⲏ"/>
		<feat xlink:href="#sSpan6765" value="ⲛ ⲁⲣⲭⲱⲛ ⲛ ⲁⲓⲱⲛ"/>
		<feat xlink:href="#sSpan6776" value="ⲁⲓⲱⲛ"/>
		<feat xlink:href="#sSpan6789" value="ⲛ ⲁⲣⲭⲱⲛ ⲧⲏⲣ ⲟⲩ ⲛ ⲧ ϩⲓⲙⲁⲣⲙⲉⲛⲏ ⲙⲛ ⲛⲁ ⲧⲉ ⲥⲫⲁⲓⲣⲁ"/>
		<feat xlink:href="#sSpan6807" value="ⲧ ϩⲓⲙⲁⲣⲙⲉⲛⲏ"/>
		<feat xlink:href="#sSpan6819" value="ⲧⲉ ⲥⲫⲁⲓⲣⲁ"/>
		<feat xlink:href="#sSpan6882" value="ⲡⲉⲓ ⲛⲁⲩ"/>
		<feat xlink:href="#sSpan6899" value="ⲡ ⲥⲟⲣⲙ ⲛ ⲧⲉⲩ ϩⲩⲗⲏ"/>
		<feat xlink:href="#sSpan6908" value="ⲧⲉⲩ ϩⲩⲗⲏ"/>
		<feat xlink:href="#sSpan6942" value="ⲛⲉⲩ ⲧⲟⲡⲟⲥ"/>
		<feat xlink:href="#sSpan6982" value="ⲟⲩ ⲛⲟϭ ⲛ ⲟⲩⲟⲉⲓϣ"/>
		<feat xlink:href="#sSpan7007" value="ⲣⲣⲟ"/>
		<feat xlink:href="#sSpan7031" value="ⲟⲩ ⲟⲩⲱⲛ ⲛ ϣⲟⲙⲧ ⲛⲧⲉ ⲛⲉⲩ ϭⲟⲙ"/>
		<feat xlink:href="#sSpan7042" value="ϣⲟⲙⲧ ⲛⲧⲉ ⲛⲉⲩ ϭⲟⲙ"/>
		<feat xlink:href="#sSpan7054" value="ⲛⲉⲩ ϭⲟⲙ"/>
		<feat xlink:href="#sSpan7071" value="ⲛⲉⲩ ⲥⲫⲁⲓⲣⲁ"/>
		<feat xlink:href="#sSpan7086" value="ⲟⲩ ⲟⲩⲟⲉⲓϣ"/>
		<feat xlink:href="#sSpan7105" value="ϩⲃⲟⲩⲣ"/>
		<feat xlink:href="#sSpan7124" value="ⲕⲉ ⲟⲩⲟⲉⲓϣ"/>
		<feat xlink:href="#sSpan7143" value="ⲟⲩⲛⲁⲙ"/>
		<feat xlink:href="#sSpan7162" value="ⲧⲉⲩ ϭⲓⲛⲙⲟⲟϣⲉ ⲧⲏⲣ ⲥ"/>
		<feat xlink:href="#sSpan7181" value="ⲡⲉⲩ ⲇⲣⲟⲙⲟⲥ ⲧⲏⲣ ϥ"/>
		<feat xlink:href="#sSpan7223" value="ⲧ ϭⲓⲛⲙⲟⲟϣⲉ ⲙ ⲡⲉⲩ ⲇⲣⲟⲙⲟⲥ"/>
		<feat xlink:href="#sSpan7234" value="ⲡⲉⲩ ⲇⲣⲟⲙⲟⲥ"/>
		<feat xlink:href="#sSpan7309" value="ⲛⲉⲩ ⲕⲩⲕⲗⲟⲥ"/>
		<feat xlink:href="#sSpan7342" value="ⲧⲉⲩ ϭⲓⲛⲙⲟⲟϣⲉ"/>
		<feat xlink:href="#sSpan7393" value="ⲧⲉⲩ ϭⲓⲛⲙⲟⲟϣⲉ"/>
		<feat xlink:href="#sSpan7422" value="ⲡⲉⲓ ⲛⲁⲩ"/>
		<feat xlink:href="#sSpan7437" value="ⲧ ϩⲩⲗⲏ ⲙ ⲡ ⲥⲟⲣⲙ ⲙ ⲡ ⲥⲱⲧϥ ⲙ ⲡⲉⲩ ⲟⲩⲟⲉⲓⲛ"/>
		<feat xlink:href="#sSpan7447" value="ⲡ ⲥⲟⲣⲙ ⲙ ⲡ ⲥⲱⲧϥ ⲙ ⲡⲉⲩ ⲟⲩⲟⲉⲓⲛ"/>
		<feat xlink:href="#sSpan7459" value="ⲡ ⲥⲱⲧϥ ⲙ ⲡⲉⲩ ⲟⲩⲟⲉⲓⲛ"/>
		<feat xlink:href="#sSpan7468" value="ⲡⲉⲩ ⲟⲩⲟⲉⲓⲛ"/>
		<feat xlink:href="#sSpan7495" value="ⲛⲉⲩ ⲟⲩⲟⲉⲓϣ"/>
		<feat xlink:href="#sSpan7504" value="ⲛⲉⲩ ⲭⲣⲟⲛⲟⲥ"/>
		<feat xlink:href="#sSpan7541" value="ⲡ ⲁⲣⲓⲑⲙⲟⲥ ⲛ ⲧⲉⲗⲓⲟⲛ ⲛⲧⲉ ⲛⲉ ⲯⲩⲭⲟⲟⲩⲉ ⲉⲧ ⲛⲁ ϫⲓⲙⲩⲥⲧⲏⲣⲓⲟⲛ"/>
		<feat xlink:href="#sSpan7551" value="ⲧⲉⲗⲓⲟⲛ ⲛⲧⲉ ⲛⲉ ⲯⲩⲭⲟⲟⲩⲉ ⲉⲧ ⲛⲁ ϫⲓⲙⲩⲥⲧⲏⲣⲓⲟⲛ"/>
		<feat xlink:href="#sSpan7558" value="ⲛⲉ ⲯⲩⲭⲟⲟⲩⲉ ⲉⲧ ⲛⲁ ϫⲓⲙⲩⲥⲧⲏⲣⲓⲟⲛ"/>
		<feat xlink:href="#sSpan7583" value="ⲛⲁⲓ ⲉⲧ ⲛⲁ ϣⲱⲡⲉ ϩⲙ ⲡⲉ ⲑⲏⲥⲁⲩⲣⲟⲥ ⲙ ⲡ ⲟⲩⲟⲉⲓⲛ"/>
		<feat xlink:href="#sSpan7600" value="ⲡⲉ ⲑⲏⲥⲁⲩⲣⲟⲥ ⲙ ⲡ ⲟⲩⲟⲉⲓⲛ"/>
		<feat xlink:href="#sSpan7610" value="ⲡ ⲟⲩⲟⲉⲓⲛ"/>
		<feat xlink:href="#sSpan7650" value="ⲛⲉⲩ ⲇⲣⲟⲙⲟⲥ"/>
		<feat xlink:href="#sSpan7689" value="ⲛⲉⲩ ⲭⲣⲟⲛⲟⲥ"/>
		<feat xlink:href="#sSpan7705" value="ⲗⲁⲁⲩ"/>
		<feat xlink:href="#sSpan7716" value="ⲙ ⲯⲩⲭⲏ"/>
		<feat xlink:href="#sSpan7737" value="ⲡ ⲕⲟⲥⲙⲟⲥ"/>
		<feat xlink:href="#sSpan7747" value="ⲧ ϩⲩⲗⲏ ⲙ ⲡⲉⲩ ⲥⲟⲣⲙ ⲉⲧ ⲟⲩ ⲟⲩⲱⲙⲕ ⲙⲙⲟ ϥ"/>
		<feat xlink:href="#sSpan7757" value="ⲡⲉⲩ ⲥⲟⲣⲙ ⲉⲧ ⲟⲩ ⲟⲩⲱⲙⲕ ⲙⲙⲟ ϥ"/>
		<feat xlink:href="#sSpan7793" value="ⲟⲩ ⲙⲏⲏϣⲉ ⲙ ⲯⲩⲭⲏ"/>
		<feat xlink:href="#sSpan7805" value="ⲯⲩⲭⲏ"/>
		<feat xlink:href="#sSpan7821" value="ⲡⲁⲓ"/>
		<feat xlink:href="#sSpan7848" value="ⲡⲓ ⲟⲩⲟⲉⲓϣ"/>
		<feat xlink:href="#sSpan7865" value="ⲛⲉ ⲟⲩⲟⲉⲓϣ"/>
		<feat xlink:href="#sSpan7876" value="ⲛⲁ ⲥⲱⲧⲡ"/>
		<feat xlink:href="#sSpan7898" value="ⲗⲁⲁⲩ ⲙ ⲯⲩⲭⲏ"/>
		<feat xlink:href="#sSpan7906" value="ⲯⲩⲭⲏ"/>
		<feat xlink:href="#sSpan7913" value="ⲟⲩϫⲁⲓ"/>
		<feat xlink:href="#sSpan7932" value="ⲛⲉ ⲟⲩⲟⲉⲓϣ"/>
		<feat xlink:href="#sSpan7948" value="ⲛⲉ ⲭⲣⲟⲛⲟⲥ"/>
		<feat xlink:href="#sSpan7960" value="ⲡ ⲁⲣⲓⲑⲙⲟⲥ ⲛ ⲧⲉⲗⲉⲓⲟⲛ ⲛ ⲛⲉ ⲯⲩⲭⲟⲟⲩⲉ ⲉⲧ ⲛⲁ ϫⲓⲙⲩⲥⲧⲏⲣⲓⲟⲛ"/>
		<feat xlink:href="#sSpan7971" value="ⲧⲉⲗⲉⲓⲟⲛ ⲛ ⲛⲉ ⲯⲩⲭⲟⲟⲩⲉ ⲉⲧ ⲛⲁ ϫⲓⲙⲩⲥⲧⲏⲣⲓⲟⲛ"/>
		<feat xlink:href="#sSpan7978" value="ⲛⲉ ⲯⲩⲭⲟⲟⲩⲉ ⲉⲧ ⲛⲁ ϫⲓⲙⲩⲥⲧⲏⲣⲓⲟⲛ"/>
		<feat xlink:href="#sSpan8007" value="ⲛ ⲥⲱⲧⲡ"/>
		<feat xlink:href="#sSpan8032" value="ⲛⲉⲩ ⲭⲣⲟⲛⲟⲥ"/>
		<feat xlink:href="#sSpan8050" value="ⲗⲁⲁⲩ ⲙ ⲯⲩⲭⲏ ⲛ ϩⲩⲗⲓⲕⲏ"/>
		<feat xlink:href="#sSpan8058" value="ⲯⲩⲭⲏ ⲛ ϩⲩⲗⲓⲕⲏ"/>
		<feat xlink:href="#sSpan8066" value="ϩⲩⲗⲓⲕⲏ"/>
		<feat xlink:href="#sSpan8108" value="ⲡ ⲕⲱϩⲧ · ⲡⲁⲓ ⲉⲧ ϣⲟⲟⲡ ϩⲛ ⲧ ⲥⲁⲣⲝ ⲛ ⲛ ⲁⲣⲭⲱⲛ"/>
		<feat xlink:href="#sSpan8131" value="ⲧ ⲥⲁⲣⲝ ⲛ ⲛ ⲁⲣⲭⲱⲛ"/>
		<feat xlink:href="#sSpan8141" value="ⲛ ⲁⲣⲭⲱⲛ"/>
		<feat xlink:href="#sSpan8158" value="ⲡⲁⲓ ϭⲉ"/>
		<feat xlink:href="#sSpan8175" value="ⲡ ϣⲁϫⲉ ⲉⲧⲉⲣⲉ ϣⲓⲛⲉ ⲙⲙⲟ ⲓ ⲉⲣⲟ ϥ ϩⲛ ⲟⲩ ⲙⲛⲧⲁⲕⲣⲓⲃⲏⲥ"/>
		<feat xlink:href="#sSpan8204" value="ⲟⲩ ⲙⲛⲧⲁⲕⲣⲓⲃⲏⲥ"/>
		<feat xlink:href="#sSpan8246" value="ⲓⲏⲥⲟⲩⲥ"/>
		<feat xlink:href="#sSpan8267" value="ⲛⲉⲓ ϣⲁϫⲉ"/>
		<feat xlink:href="#sSpan8278" value="ⲛⲉϥ ⲙⲁⲑⲏⲧⲏⲥ"/>
		<feat xlink:href="#sSpan8366" value="ϩⲉⲛ ⲙⲁⲕⲁⲣⲓⲟⲥ ⲡⲁⲣⲁ ⲣⲱⲙⲉ ⲛⲓⲙ · ⲉ ⲁ ⲕ ϭⲱⲗⲡ ⲛⲁ ⲛ ⲉⲃⲟⲗ ⲛ ⲛⲉⲓ ⲛⲟϭ ⲙ ⲙⲛⲧⲛⲟϭ"/>
		<feat xlink:href="#sSpan8377" value="ⲣⲱⲙⲉ ⲛⲓⲙ"/>
		<feat xlink:href="#sSpan8415" value="ⲛⲉⲓ ⲛⲟϭ ⲙ ⲙⲛⲧⲛⲟϭ"/>
		<feat xlink:href="#sSpan8468" value="ⲓⲏⲥⲟⲩⲥ"/>
		<feat xlink:href="#sSpan8475" value="ⲡ ϣⲁϫⲉ"/>
		<feat xlink:href="#sSpan8492" value="ⲛⲉϥ ⲙⲁⲑⲏⲧⲏⲥ"/>
		<feat xlink:href="#sSpan8520" value="ⲛ ϣⲁϫⲉ ⲉⲛⲧ ⲁ ⲩ ϣⲱⲡⲉ ⲙⲙⲟ ⲓ ϩⲛ ⲛ ⲁⲣⲭⲱⲛ ⲙ ⲡ ⲙⲛⲧⲥⲛⲟⲟⲩⲥ ⲛ ⲁⲓⲱⲛ · ⲙⲛ ⲛⲉⲩ ⲁⲣⲭⲱⲛ ⲧⲏⲣ ⲟⲩ"/>
		<feat xlink:href="#sSpan8547" value="ⲛ ⲁⲣⲭⲱⲛ ⲙ ⲡ ⲙⲛⲧⲥⲛⲟⲟⲩⲥ ⲛ ⲁⲓⲱⲛ"/>
		<feat xlink:href="#sSpan8557" value="ⲡ ⲙⲛⲧⲥⲛⲟⲟⲩⲥ ⲛ ⲁⲓⲱⲛ"/>
		<feat xlink:href="#sSpan8596" value="ⲛⲉⲩ ϫⲟⲉⲓⲥ"/>
		<feat xlink:href="#sSpan8605" value="ⲛⲉⲩ ⲉⲝⲟⲩⲥⲓⲁ"/>
		<feat xlink:href="#sSpan8619" value="ⲛⲉⲩ ⲁⲅⲅⲉⲗⲟⲥ"/>
		<feat xlink:href="#sSpan8635" value="ⲛⲉⲩ ⲁⲣⲭⲁⲅⲅⲉⲗⲟⲥ"/>
		<feat xlink:href="#sSpan8667" value="ⲡ ⲉⲛⲇⲩⲙⲁ ⲛ ⲟⲩⲟⲉⲓⲛ ⲉⲧ ϩⲓⲱⲱ ⲧ"/>
		<feat xlink:href="#sSpan8677" value="ⲟⲩⲟⲉⲓⲛ ⲉⲧ ϩⲓⲱⲱ ⲧ"/>
		<feat xlink:href="#sSpan8712" value="ⲥⲩⲛⲍⲩⲅⲟⲥ"/>
		<feat xlink:href="#sSpan8719" value="ⲡ ⲟⲩⲁ ⲡ ⲟⲩⲁ ⲙⲙⲟ ⲟⲩ"/>
		<feat xlink:href="#sSpan8750" value="ⲡ ⲙⲩⲥⲧⲏⲣⲓⲟⲛ ⲙ ⲡⲉⲩ ⲣⲁⲛ"/>
		<feat xlink:href="#sSpan8760" value="ⲡⲉⲩ ⲣⲁⲛ"/>
		<feat xlink:href="#sSpan8781" value="ⲡⲁ ⲉⲛⲇⲩⲙⲁ ⲛ ⲟⲩⲟⲉⲓⲛ"/>
		<feat xlink:href="#sSpan8797" value="ⲟⲩⲟⲉⲓⲛ"/>
		<feat xlink:href="#sSpan8802" value="ⲡⲁⲓ ⲉⲧ ϩⲓⲱⲱ ⲧ"/>
		<feat xlink:href="#sSpan8859" value="ⲡ ⲉⲛⲇⲩⲙⲁ ⲛ ⲟⲩⲟⲉⲓⲛ ⲉⲧ ϩⲓⲱⲱ ⲧ"/>
		<feat xlink:href="#sSpan8869" value="ⲟⲩⲟⲉⲓⲛ ⲉⲧ ϩⲓⲱⲱ ⲧ"/>
		<feat xlink:href="#sSpan8957" value="ⲡ ϫⲟⲉⲓⲥ ⲙ ⲧⲏⲣϥ"/>
		<feat xlink:href="#sSpan8967" value="ⲧⲏⲣϥ"/>
		<feat xlink:href="#sSpan9030" value="ⲡ ⲥⲁ ⲛ ϩⲟⲩⲛ ⲛⲧⲉ ⲛⲓ ⲥⲁ ⲛ ϩⲟⲩⲛ"/>
		<feat xlink:href="#sSpan9046" value="ⲛⲓ ⲥⲁ ⲛ ϩⲟⲩⲛ"/>
		<feat xlink:href="#sSpan9070" value="ⲛⲉⲩ ⲧⲣⲓⲇⲩⲛⲁⲙⲟⲥ ⲧⲏⲣ ⲟⲩ ⲙⲛ ⲛⲉⲩ ⲛⲟϭ ⲙ ⲡⲣⲟⲡⲁⲧⲱⲣ · ⲁⲩⲱ ⲛⲉⲩ ⲁⲅⲉⲛⲏⲧⲟⲥ ⲙⲛ ⲛⲉⲩ ⲁⲩⲧⲟⲅⲉⲛⲏⲥ · ⲙⲛ ⲛⲉⲩ ⲅⲉⲛⲛⲏⲧⲟⲥ ⲙⲛ ⲛⲉⲩ ⲛⲟⲩⲧⲉ . ⲙⲛ ⲛⲉⲩ ⲥⲡⲓⲛⲑⲏⲣ · ⲙⲛ ⲛⲉⲩ ⲥⲫⲱⲥⲧⲏⲣ · ϩⲁⲡⲁⲝ ϩⲁⲡⲗⲱⲥ ⲙⲛ ⲛⲉⲩ ⲛⲟϭ ⲧⲏⲣ ⲟⲩ"/>
		<feat xlink:href="#sSpan9086" value="ⲛⲉⲩ ⲛⲟϭ ⲙ ⲡⲣⲟⲡⲁⲧⲱⲣ"/>
		<feat xlink:href="#sSpan9108" value="ⲛⲉⲩ ⲁⲅⲉⲛⲏⲧⲟⲥ"/>
		<feat xlink:href="#sSpan9119" value="ⲛⲉⲩ ⲁⲩⲧⲟⲅⲉⲛⲏⲥ"/>
		<feat xlink:href="#sSpan9135" value="ⲛⲉⲩ ⲅⲉⲛⲛⲏⲧⲟⲥ"/>
		<feat xlink:href="#sSpan9144" value="ⲛⲉⲩ ⲛⲟⲩⲧⲉ"/>
		<feat xlink:href="#sSpan9157" value="ⲛⲉⲩ ⲥⲡⲓⲛⲑⲏⲣ"/>
		<feat xlink:href="#sSpan9174" value="ⲛⲉⲩ ⲥⲫⲱⲥⲧⲏⲣ"/>
		<feat xlink:href="#sSpan9197" value="ⲛⲉⲩ ⲛⲟϭ ⲧⲏⲣ"/>
		<feat xlink:href="#sSpan9230" value="ⲛ ⲧⲩⲣⲁⲛⲛⲟⲥ ⲙ ⲡⲉⲩ ⲧⲟⲡⲟⲥ"/>
		<feat xlink:href="#sSpan9240" value="ⲡⲉⲩ ⲧⲟⲡⲟⲥ"/>
		<feat xlink:href="#sSpan9255" value="ⲩⲧⲉⲩ ϭⲟⲙ"/>
		<feat xlink:href="#sSpan9296" value="ⲟⲩ ⲙⲛⲧϭⲱⲃ · ⲁⲩⲱ ⲁ ⲩ ϣⲱⲡⲉ"/>
		<feat xlink:href="#sSpan9331" value="ⲟⲩ ⲛⲟϭ ⲛ ϩⲟⲧⲉ ⲉ ⲙⲛ ϣⲓ ⲉⲣⲟ ⲥ"/>
		<feat xlink:href="#sSpan9348" value="ϣⲓ"/>
		<feat xlink:href="#sSpan9386" value="ⲡ ⲙⲩⲥⲧⲏⲣⲓⲟⲛ ⲙ ⲡⲉⲩ ⲣⲁⲛ ϩⲙ ⲡⲁ ⲉⲛⲇⲩⲙⲁ"/>
		<feat xlink:href="#sSpan9396" value="ⲡⲉⲩ ⲣⲁⲛ ϩⲙ ⲡⲁ ⲉⲛⲇⲩⲙⲁ"/>
		<feat xlink:href="#sSpan9405" value="ⲡⲁ ⲉⲛⲇⲩⲙⲁ"/>
		<feat xlink:href="#sSpan9428" value="ⲧⲟⲟⲧ ⲟⲩ"/>
		<feat xlink:href="#sSpan9458" value="ⲡ ⲙⲩⲥⲧⲏⲣⲓⲟⲛ ⲙ ⲡⲉⲩ ⲣⲁⲛ ⲉⲧ ϩⲙ ⲡⲁ ⲉⲛⲇⲩⲙⲁ"/>
		<feat xlink:href="#sSpan9468" value="ⲡⲉⲩ ⲣⲁⲛ ⲉⲧ ϩⲙ ⲡⲁ ⲉⲛⲇⲩⲙⲁ"/>
		<feat xlink:href="#sSpan9479" value="ⲡⲁ ⲉⲛⲇⲩⲙⲁ"/>
		<feat xlink:href="#sSpan9513" value="ⲡ ⲛⲟϭ ⲛ ⲟⲩⲟⲉⲓⲛ ⲉⲧ ϣⲟⲟⲡ ⲛⲙⲙⲁ ⲓ"/>
		<feat xlink:href="#sSpan9577" value="ⲟⲩ ϣⲏⲙ"/>
		<feat xlink:href="#sSpan9605" value="ⲡ ⲟⲩⲟⲉⲓⲛ ⲙ ⲡⲁ ⲉⲛⲇⲩⲙⲁ"/>
		<feat xlink:href="#sSpan9616" value="ⲡⲁ ⲉⲛⲇⲩⲙⲁ"/>
		<feat xlink:href="#sSpan9672" value="ⲡ ⲥⲁ ⲛ ϩⲟⲩⲛ ⲛⲧⲉ ⲛⲓ ⲥⲁ ⲛ ϩⲟⲩⲛ"/>
		<feat xlink:href="#sSpan9688" value="ⲛⲓ ⲥⲁ ⲛ ϩⲟⲩⲛ"/>
		<feat xlink:href="#sSpan9727" value="ⲛⲁⲓ"/>
		<feat xlink:href="#sSpan9738" value="ⲛ ⲧⲩⲣⲁⲛⲛⲟⲥ ⲉⲧ ϣⲟⲟⲡ ϩⲛ ⲛ ⲁⲣⲭⲱⲛ"/>
		<feat xlink:href="#sSpan9756" value="ⲛ ⲁⲣⲭⲱⲛ"/>
		<feat xlink:href="#sSpan9803" value="ⲛⲉⲩ ⲁⲓⲱⲛ"/>
		<feat xlink:href="#sSpan9833" value="ⲛⲓ ⲣⲙⲛⲕⲟⲥⲙⲟⲥ ⲉⲧ ⲙⲟⲟⲩⲧ"/>
		<feat xlink:href="#sSpan9860" value="ⲛⲓϥⲉ"/>
		<feat xlink:href="#sSpan9908" value="ⲡ ⲛⲁⲩ ⲛⲧ ⲁ ⲓ ϥⲓ ⲛ ⲧⲉⲩ ϭⲟⲙ ⲛϩⲏⲧ ⲟⲩ"/>
		<feat xlink:href="#sSpan9927" value="ⲧⲉⲩ ϭⲟⲙ"/>
		<feat xlink:href="#sSpan9960" value="ⲛⲁⲓ"/>
		<feat xlink:href="#sSpan9989" value="ⲛ ⲁⲓⲱⲛ ⲉⲧ ⲙⲙⲁⲩ"/>
		<feat xlink:href="#sSpan10009" value="ⲡ ⲟⲩⲁ ⲡ ⲟⲩⲁ ⲛ ⲛ ⲉⲧ ϣⲟⲟⲡ ⲧⲏⲣ ⲟⲩ ϩⲙ ⲡ ⲙⲛⲧⲥⲛⲟⲟⲩⲥ ⲛ ⲁⲓⲱⲛ"/>
		<feat xlink:href="#sSpan10024" value="ⲛ ⲉⲧ ϣⲟⲟⲡ ⲧⲏⲣ ⲟⲩ"/>
		<feat xlink:href="#sSpan10043" value="ⲡ ⲙⲛⲧⲥⲛⲟⲟⲩⲥ ⲛ ⲁⲓⲱⲛ"/>
		<feat xlink:href="#sSpan10085" value="ⲛⲉⲩ ⲧⲁⲝⲓⲥ"/>
		<feat xlink:href="#sSpan10115" value="ⲛⲉⲩ ϩⲃⲏⲩⲉ ⲕⲁⲧⲁ ⲧ ϩⲉ ⲉⲛⲧ ⲁ ⲓ ⲕⲁⲁ ⲩ ⲙⲙⲟ ⲥ"/>
		<feat xlink:href="#sSpan10163" value="ⲥⲟⲟⲩ ⲛ ⲉⲃⲟⲧ ⲉ ⲩ ⲕⲏⲧ ⲉ ϩⲃⲟⲩⲣ"/>
		<feat xlink:href="#sSpan10186" value="ϩⲃⲟⲩⲣ"/>
		<feat xlink:href="#sSpan10202" value="ⲛⲉⲩ ϩⲃⲏⲩⲉ"/>
		<feat xlink:href="#sSpan10213" value="ⲛⲉⲩ ϥⲧⲟⲟⲩ ⲛ ⲕⲟⲟϩ"/>
		<feat xlink:href="#sSpan10232" value="ⲛⲉⲩ ϣⲟⲙⲛⲧ ⲛ ⲕⲟⲟϩ"/>
		<feat xlink:href="#sSpan10253" value="ⲛ ⲉⲧ ⲙ ⲡⲉⲩ ϩⲟⲧ ⲉⲃⲟⲗ"/>
		<feat xlink:href="#sSpan10260" value="ⲡⲉⲩ ϩⲟⲧ ⲉⲃⲟⲗ"/>
		<feat xlink:href="#sSpan10289" value="ⲕⲉ ⲥⲟⲟⲩ ⲛ ⲉⲃⲟⲧ"/>
		<feat xlink:href="#sSpan10314" value="ⲟⲩⲛⲁⲙ"/>
		<feat xlink:href="#sSpan10329" value="ⲛⲉⲩ ϣⲟⲙⲛⲧ ⲛ ⲕⲟⲟϩ"/>
		<feat xlink:href="#sSpan10350" value="ⲛⲉⲩ ϥⲧⲟⲟⲩ ⲛ ⲕⲟⲟϩ"/>
		<feat xlink:href="#sSpan10369" value="ⲛ ⲉⲧ ⲙⲡⲉ ⲩ ϩⲟⲧ ⲉⲃⲟⲗ"/>
		<feat xlink:href="#sSpan10390" value="ⲧⲁⲓ"/>
		<feat xlink:href="#sSpan10433" value="ⲛ ⲉⲧ ϣⲟⲟⲡ ϩⲛ ⲧ ϩⲓⲙⲁⲣⲙⲉⲛⲏ ⲙⲛ ⲧⲉ ⲥⲫⲁⲓⲣⲁ"/>
		<feat xlink:href="#sSpan10446" value="ⲧ ϩⲓⲙⲁⲣⲙⲉⲛⲏ"/>
		<feat xlink:href="#sSpan10456" value="ⲧⲉ ⲥⲫⲁⲓⲣⲁ"/>
		<feat xlink:href="#sSpan10494" value="ⲛⲁⲓ"/>
		<feat xlink:href="#sSpan10510" value="ⲡ ϫⲓⲥⲉ"/>
		<feat xlink:href="#sSpan10521" value="ⲛ ⲕⲁⲧⲁⲡⲉⲧⲁⲥⲙⲁ ⲙ ⲡ ⲙⲉϩⲙⲛⲧϣⲟⲙⲧⲉ ⲛ ⲛ ⲁⲓⲱⲛ"/>
		<feat xlink:href="#sSpan10531" value="ⲡ ⲙⲉϩⲙⲛⲧϣⲟⲙⲧⲉ ⲛ ⲛ ⲁⲓⲱⲛ"/>
		<feat xlink:href="#sSpan10543" value="ⲛ ⲁⲓⲱⲛ"/>
		<feat xlink:href="#sSpan10580" value="ⲛⲉⲩ ⲕⲁⲧⲁⲡⲉⲧⲁⲥⲙⲁ"/>
		<feat xlink:href="#sSpan10646" value="ⲡ ⲙⲉϩⲙⲛⲧϣⲟⲙⲧⲉ ⲛ ⲛ ⲁⲓⲱⲛ"/>
		<feat xlink:href="#sSpan10658" value="ⲛ ⲁⲓⲱⲛ"/>
		<feat xlink:href="#sSpan10681" value="ⲧ ⲡⲓⲥⲧⲓⲥ ⲥⲟⲫⲓⲁ ⲉ ⲥ ϩⲙ ⲡ ⲉⲥⲏⲧ ⲙ ⲡ ⲙⲉϩⲙⲛⲧϣⲟⲙⲧⲉ ⲛ ⲁⲓⲱⲛ"/>
		<feat xlink:href="#sSpan10703" value="ⲡ ⲉⲥⲏⲧ ⲙ ⲡ ⲙⲉϩⲙⲛⲧϣⲟⲙⲧⲉ ⲛ ⲁⲓⲱⲛ"/>
		<feat xlink:href="#sSpan10712" value="ⲡ ⲙⲉϩⲙⲛⲧϣⲟⲙⲧⲉ ⲛ ⲁⲓⲱⲛ"/>
		<feat xlink:href="#sSpan10725" value="ⲁⲓⲱⲛ"/>
		<feat xlink:href="#sSpan10747" value="ⲟⲩⲟⲛ"/>
		<feat xlink:href="#sSpan10793" value="ⲡ ⲙⲁ ⲉⲧ ⲙⲙⲁⲩ"/>
		<feat xlink:href="#sSpan10849" value="ⲡ ⲙⲉϩⲙⲛⲧϣⲟⲙⲧⲉ ⲛ ⲁⲓⲱⲛ"/>
		<feat xlink:href="#sSpan10862" value="ⲁⲓⲱⲛ"/>
		<feat xlink:href="#sSpan10869" value="ⲡⲉⲥ ⲧⲟⲡⲟⲥ"/>
		<feat xlink:href="#sSpan10885" value="ⲡ ϫⲓⲥⲉ"/>
		<feat xlink:href="#sSpan10925" value="ⲛ ϩⲓⲥⲉ ⲉⲛⲧ ⲁ ϥ ⲁⲁ ⲩ ⲛⲁ ⲥ"/>
		<feat xlink:href="#sSpan10954" value="ⲡ ⲁⲩⲑⲁⲇⲏⲥ"/>
		<feat xlink:href="#sSpan10966" value="ⲡⲁⲓ ⲉⲧⲉ ⲟⲩⲁ ⲡⲉ ϩⲙ ⲡ ϣⲟⲙⲛⲧ ⲛ ⲧⲣⲓⲇⲩⲛⲁⲙⲟⲥ"/>
		<feat xlink:href="#sSpan10975" value="ⲟⲩⲁ ⲡⲉ ϩⲙ ⲡ ϣⲟⲙⲛⲧ ⲛ ⲧⲣⲓⲇⲩⲛⲁⲙⲟⲥ"/>
		<feat xlink:href="#sSpan10986" value="ⲡ ϣⲟⲙⲛⲧ ⲛ ⲧⲣⲓⲇⲩⲛⲁⲙⲟⲥ"/>
		<feat xlink:href="#sSpan11002" value="ⲛⲁⲓ"/>
		<feat xlink:href="#sSpan11034" value="ⲡⲉⲩ ⲥⲱⲣ ⲉⲃⲟⲗ"/>
		<feat xlink:href="#sSpan11068" value="ⲡ ⲙⲩⲥⲧⲏⲣⲓⲟⲛ ϫⲉ ⲡⲱⲥ ⲁ ⲛⲁⲓ ϣⲱⲡⲉ ⲙⲙⲟ ⲥ"/>
		<feat xlink:href="#sSpan11085" value="ⲛⲁⲓ"/>
		<feat xlink:href="#sSpan11135" value="ⲧ ⲡⲓⲥⲧⲓⲥ ⲥⲟⲫⲓⲁ ⲉ ⲓ ⲟ ⲛ ⲟⲩⲟⲉⲓⲛ ⲉⲙⲁϣⲟ ⲉⲙⲁϣⲟ"/>
		<feat xlink:href="#sSpan11160" value="ⲟⲩⲟⲉⲓⲛ"/>
		<feat xlink:href="#sSpan11183" value="ϣⲓ"/>
		<feat xlink:href="#sSpan11190" value="ⲡ ⲟⲩⲟⲉⲓⲛ"/>
		<feat xlink:href="#sSpan11237" value="ⲟⲩ ⲛⲟϭ ⲛ ϣⲧⲟⲣⲧⲣ"/>
		<feat xlink:href="#sSpan11268" value="ⲡ ⲟⲩⲟⲉⲓⲛ ⲙ ⲡⲁ ⲉⲛⲇⲩⲙⲁ"/>
		<feat xlink:href="#sSpan11280" value="ⲡⲁ ⲉⲛⲇⲩⲙⲁ"/>
		<feat xlink:href="#sSpan11302" value="ⲡ ⲙⲩⲥⲧⲏⲣⲓⲟⲛ"/>
		<feat xlink:href="#sSpan11315" value="ⲡⲉⲥ ⲣⲁⲛ"/>
		<feat xlink:href="#sSpan11324" value="ⲡⲁ ⲉⲛⲇⲩⲙⲁ"/>
		<feat xlink:href="#sSpan11342" value="ⲡ ⲉⲟⲟⲩ ⲧⲏⲣ ϥ ⲙ ⲡⲉϥ ⲙⲩⲥⲧⲏⲣⲓⲟⲛ"/>
		<feat xlink:href="#sSpan11359" value="ⲡⲉϥ ⲙⲩⲥⲧⲏⲣⲓⲟⲛ"/>
		<feat xlink:href="#sSpan11389" value="ⲡ ⲧⲟⲡⲟⲥ ⲙ ⲡ ϫⲓⲥⲉ"/>
		<feat xlink:href="#sSpan11401" value="ⲡ ϫⲓⲥⲉ"/>
		<feat xlink:href="#sSpan11414" value="ⲡ ⲙⲉϩⲙⲛⲧϣⲟⲙⲧⲉ ⲛ ⲁⲓⲱⲛ"/>
		<feat xlink:href="#sSpan11427" value="ⲁⲓⲱⲛ"/>
		<feat xlink:href="#sSpan11460" value="ⲡ ⲟⲩⲟⲉⲓⲛ"/>
		<feat xlink:href="#sSpan11471" value="ⲡ ϫⲓⲥⲉ"/>
		<feat xlink:href="#sSpan11484" value="ⲡⲁⲓ ⲉⲛⲧ ⲁ ⲥ ⲛⲁⲩ ⲉⲣⲟ ϥ ϩⲙ ⲡ ⲕⲁⲧⲁⲡⲉⲧⲁⲥⲙⲁ ⲙ ⲡⲉ ⲑⲏⲥⲁⲩⲣⲟⲥ ⲙ ⲡ ⲟⲩⲟⲉⲓⲛ"/>
		<feat xlink:href="#sSpan11507" value="ⲡ ⲕⲁⲧⲁⲡⲉⲧⲁⲥⲙⲁ ⲙ ⲡⲉ ⲑⲏⲥⲁⲩⲣⲟⲥ ⲙ ⲡ ⲟⲩⲟⲉⲓⲛ"/>
		<feat xlink:href="#sSpan11517" value="ⲡⲉ ⲑⲏⲥⲁⲩⲣⲟⲥ ⲙ ⲡ ⲟⲩⲟⲉⲓⲛ"/>
		<feat xlink:href="#sSpan11529" value="ⲡ ⲟⲩⲟⲉⲓⲛ"/>
		<feat xlink:href="#sSpan11574" value="ⲡ ⲟⲩⲟⲉⲓⲛ"/>
		<feat xlink:href="#sSpan11585" value="ⲡ ϫⲓⲥⲉ"/>
		<feat xlink:href="#sSpan11602" value="ⲛ ⲁⲣⲭⲱⲛ ⲧⲏⲣ ⲟⲩ"/>
		<feat xlink:href="#sSpan11626" value="ⲡ ⲛⲟϭ ⲥⲛⲁⲩ ⲛ ⲧⲣⲓⲇⲩⲛⲁⲙⲟⲥ"/>
		<feat xlink:href="#sSpan11640" value="ⲧⲣⲓⲇⲩⲛⲁⲙⲟⲥ"/>
		<feat xlink:href="#sSpan11653" value="ⲡⲉⲥ ⲁϩⲟⲣⲁⲧⲟⲥ ⲉ ⲧ ϩⲟⲧⲣ ⲉⲣⲟ ⲥ"/>
		<feat xlink:href="#sSpan11663" value="ⲧ ϩⲟⲧⲣ"/>
		<feat xlink:href="#sSpan11684" value="ⲡ ⲕⲉ ϫⲟⲩⲧⲥⲛⲟⲟⲩⲥ ⲙ ⲡⲣⲟⲃⲟⲗⲏ ⲛ ⲁϩⲟⲣⲁⲧⲟⲥ"/>
		<feat xlink:href="#sSpan11699" value="ⲡⲣⲟⲃⲟⲗⲏ ⲛ ⲁϩⲟⲣⲁⲧⲟⲥ"/>
		<feat xlink:href="#sSpan11707" value="ⲁϩⲟⲣⲁⲧⲟⲥ"/>
		<feat xlink:href="#sSpan11719" value="ⲧ ⲡⲓⲥⲧⲓⲥ ⲥⲟⲫⲓⲁ"/>
		<feat xlink:href="#sSpan11734" value="ⲡⲉⲥ ⲥⲩⲛⲍⲩⲅⲟⲥ"/>
		<feat xlink:href="#sSpan11756" value="ⲡ ⲕⲉ ϫⲟⲩⲧⲥⲛⲟⲟⲩⲥ ⲙ ⲡⲣⲟⲃⲟⲗⲏ"/>
		<feat xlink:href="#sSpan11771" value="ⲡⲣⲟⲃⲟⲗⲏ"/>
		<feat xlink:href="#sSpan11782" value="ϫⲟⲩⲧⲁϥⲧⲉ ⲙ ⲡⲣⲟⲃⲟⲗⲏ ⲛⲁⲓ ⲉⲛⲧ ⲁ ϥ ⲡⲣⲟⲃⲁⲗⲉ ⲙⲙⲟ ⲟⲩ ⲉⲃⲟⲗ ⲛϭⲓ ⲡ ⲛⲟϭ ⲙ ⲡⲣⲟⲡⲁⲧⲱⲣ ⲛ ⲁϩⲟⲣⲁⲧⲟⲥ"/>
		<feat xlink:href="#sSpan11827" value="ⲡ ⲛⲟϭ ⲙ ⲡⲣⲟⲡⲁⲧⲱⲣ ⲛ ⲁϩⲟⲣⲁⲧⲟⲥ"/>
		<feat xlink:href="#sSpan11844" value="ⲁϩⲟⲣⲁⲧⲟⲥ"/>
		<feat xlink:href="#sSpan11863" value="ⲡ ⲛⲟϭ ⲥⲛⲁⲩ ⲛ ⲧⲣⲓⲇⲩⲛⲁⲙⲟⲥ"/>
		<feat xlink:href="#sSpan11879" value="ⲧⲣⲓⲇⲩⲛⲁⲙⲟⲥ"/>
		<feat xlink:href="#sSpan11916" value="ⲓⲏⲥⲟⲩⲥ"/>
		<feat xlink:href="#sSpan11927" value="ⲛⲁⲓ"/>
		<feat xlink:href="#sSpan11934" value="ⲛⲉϥ ⲙⲁⲑⲏⲧⲏⲥ"/>
		<feat xlink:href="#sSpan11963" value="ⲧ ϩⲏ"/>
		<feat xlink:href="#sSpan11972" value="ⲙⲁⲣⲓϩⲁⲙ"/>
		<feat xlink:href="#sSpan11985" value="ⲡⲁ ϫⲟⲉⲓⲥ"/>
		<feat xlink:href="#sSpan12014" value="ⲡⲓ ⲟⲩⲟⲉⲓϣ"/>
		<feat xlink:href="#sSpan12041" value="ⲧ ⲡⲓⲥⲧⲓⲥ"/>
		<feat xlink:href="#sSpan12052" value="ⲥⲟⲫⲓⲁ ⲟⲩ ⲉⲃⲟⲗ ϩⲱⲱ ⲥ ⲧⲉ ϩⲙ ⲡ ϫⲟⲩⲧⲁϥⲧⲉ ⲙ ⲡⲣⲟⲃⲟⲗⲏ"/>
		<feat xlink:href="#sSpan12075" value="ⲡ ϫⲟⲩⲧⲁϥⲧⲉ ⲙ ⲡⲣⲟⲃⲟⲗⲏ"/>
		<feat xlink:href="#sSpan12086" value="ⲡⲣⲟⲃⲟⲗⲏ"/>
		<feat xlink:href="#sSpan12118" value="ⲡⲉⲩ ⲧⲟⲡⲟⲥ"/>
		<feat xlink:href="#sSpan12166" value="ⲡ ⲉⲥⲏⲧ ⲙ ⲡ ⲙⲉϩⲙⲛⲧϣⲟⲙⲧⲉ ⲛ ⲁⲓⲱⲛ"/>
		<feat xlink:href="#sSpan12175" value="ⲡ ⲙⲉϩⲙⲛⲧϣⲟⲙⲧⲉ ⲛ ⲁⲓⲱⲛ"/>
		<feat xlink:href="#sSpan12190" value="ⲁⲓⲱⲛ"/>
		<feat xlink:href="#sSpan12220" value="ⲓⲏⲥⲟⲩⲥ"/>
		<feat xlink:href="#sSpan12235" value="ⲛⲉϥ ⲙⲁⲑⲏⲧⲏⲥ"/>
		<feat xlink:href="#sSpan12259" value="ⲧ ⲡⲓⲥⲧⲓⲥ ⲥⲟⲫⲓⲁ ϩⲙ ⲡ ⲙⲉϩⲙⲛⲧϣⲟⲙⲧⲉ ⲛ ⲛ ⲁⲓⲱⲛ ϩⲙ ⲡ ⲧⲟⲡⲟⲥ ⲛ ⲛⲉⲥ ⲥⲛⲏⲩ ⲧⲏⲣ ⲟⲩ"/>
		<feat xlink:href="#sSpan12276" value="ⲡ ⲙⲉϩⲙⲛⲧϣⲟⲙⲧⲉ ⲛ ⲛ ⲁⲓⲱⲛ"/>
		<feat xlink:href="#sSpan12288" value="ⲛ ⲁⲓⲱⲛ"/>
		<feat xlink:href="#sSpan12298" value="ⲡ ⲧⲟⲡⲟⲥ ⲛ ⲛⲉⲥ ⲥⲛⲏⲩ ⲧⲏⲣ ⲟⲩ"/>
		<feat xlink:href="#sSpan12310" value="ⲛⲉⲥ ⲥⲛⲏⲩ ⲧⲏⲣ ⲟⲩ"/>
		<feat xlink:href="#sSpan12323" value="ⲛⲓ ⲁϩⲟⲣⲁⲧⲟⲥ ⲉⲧⲉ ⲛⲧⲟⲟⲩ ⲛⲉ"/>
		<feat xlink:href="#sSpan12341" value="ϫⲟⲩⲧⲁϥⲧⲉ ⲙ ⲡⲣⲟⲃⲟⲗⲏ ⲛⲧⲉ ⲡ ⲛⲟϭ ⲛ ⲁϩⲟⲣⲁⲧⲟⲥ"/>
		<feat xlink:href="#sSpan12356" value="ⲡ ⲛⲟϭ ⲛ ⲁϩⲟⲣⲁⲧⲟⲥ"/>
		<feat xlink:href="#sSpan12393" value="ⲡ ⲧⲱϣ ⲙ ⲡ ϣⲟⲣⲡ ⲙ ⲙⲩⲥⲧⲏⲣⲓⲟⲛ"/>
		<feat xlink:href="#sSpan12402" value="ⲡ ϣⲟⲣⲡ ⲙ ⲙⲩⲥⲧⲏⲣⲓⲟⲛ"/>
		<feat xlink:href="#sSpan12412" value="ⲙⲩⲥⲧⲏⲣⲓⲟⲛ"/>
		<feat xlink:href="#sSpan12437" value="ⲡ ϫⲓⲥⲉ"/>
		<feat xlink:href="#sSpan12446" value="ⲧ ⲡⲓⲥⲧⲓⲥ ⲥⲟⲫⲓⲁ"/>
		<feat xlink:href="#sSpan12471" value="ⲡ ⲟⲩⲟⲉⲓⲛ ⲙ ⲡ ⲕⲁⲧⲁⲡⲉⲧⲁⲥⲙⲁ ⲙ ⲡⲉ ⲑⲏⲥⲁⲩⲣⲟⲥ ⲙ ⲡ ⲟⲩⲟⲉⲓⲛ"/>
		<feat xlink:href="#sSpan12480" value="ⲡ ⲕⲁⲧⲁⲡⲉⲧⲁⲥⲙⲁ ⲙ ⲡⲉ ⲑⲏⲥⲁⲩⲣⲟⲥ ⲙ ⲡ ⲟⲩⲟⲉⲓⲛ"/>
		<feat xlink:href="#sSpan12490" value="ⲡⲉ ⲑⲏⲥⲁⲩⲣⲟⲥ ⲙ ⲡ ⲟⲩⲟⲉⲓⲛ"/>
		<feat xlink:href="#sSpan12502" value="ⲡ ⲟⲩⲟⲉⲓⲛ"/>
		<feat xlink:href="#sSpan12535" value="ⲡ ⲧⲟⲡⲟⲥ ⲉⲧ ⲙⲙⲁⲩ"/>
		<feat xlink:href="#sSpan12576" value="ⲡ ⲧⲟⲡⲟⲥ ⲉⲧ ⲙⲙⲁⲩ"/>
		<feat xlink:href="#sSpan12617" value="ⲡ ⲙⲩⲥⲧⲏⲣⲓⲟⲛ ⲙ ⲡ ⲙⲉϩⲙⲛⲧϣⲟⲙⲧⲉ ⲛ ⲁⲓⲱⲛ"/>
		<feat xlink:href="#sSpan12627" value="ⲡ ⲙⲉϩⲙⲛⲧϣⲟⲙⲧⲉ ⲛ ⲁⲓⲱⲛ"/>
		<feat xlink:href="#sSpan12642" value="ⲁⲓⲱⲛ"/>
		<feat xlink:href="#sSpan12673" value="ⲡ ⲟⲩⲟⲉⲓⲛ ⲙ ⲡ ϫⲓⲥⲉ ⲡ ⲉⲛⲧ ⲁ ⲥ ⲛⲁⲩ ⲉⲣⲟ ϥ ϩⲙ ⲡ ⲟⲩⲟⲉⲓⲛ ⲙ ⲡ ⲕⲁⲧⲁⲡⲉⲧⲁⲥⲙⲁ ⲙ ⲡⲉ ⲑⲏⲥⲁⲩⲣⲟⲥ ⲙ ⲡ ⲟⲩⲟⲉⲓⲛ"/>
		<feat xlink:href="#sSpan12682" value="ⲡ ϫⲓⲥⲉ"/>
		<feat xlink:href="#sSpan12709" value="ⲡ ⲟⲩⲟⲉⲓⲛ ⲙ ⲡ ⲕⲁⲧⲁⲡⲉⲧⲁⲥⲙⲁ ⲙ ⲡⲉ ⲑⲏⲥⲁⲩⲣⲟⲥ ⲙ ⲡ ⲟⲩⲟⲉⲓⲛ"/>
		<feat xlink:href="#sSpan12720" value="ⲡ ⲕⲁⲧⲁⲡⲉⲧⲁⲥⲙⲁ ⲙ ⲡⲉ ⲑⲏⲥⲁⲩⲣⲟⲥ ⲙ ⲡ ⲟⲩⲟⲉⲓⲛ"/>
		<feat xlink:href="#sSpan12730" value="ⲡⲉ ⲑⲏⲥⲁⲩⲣⲟⲥ ⲙ ⲡ ⲟⲩⲟⲉⲓⲛ"/>
		<feat xlink:href="#sSpan12740" value="ⲡ ⲟⲩⲟⲉⲓⲛ"/>
		<feat xlink:href="#sSpan12776" value="ⲡ ⲧⲟⲡⲟⲥ ⲙ ⲡ ϫⲓⲥⲉ"/>
		<feat xlink:href="#sSpan12786" value="ⲡ ϫⲓⲥⲉ"/>
		<feat xlink:href="#sSpan12801" value="ⲛ ⲁⲣⲭⲱⲛ ⲧⲏⲣ ⲟⲩ ⲉⲧ ϣⲟⲟⲡ ϩⲙ ⲡ ⲙⲛⲧⲥⲛⲟⲟⲩⲥ ⲛ ⲁⲓⲱⲛ"/>
		<feat xlink:href="#sSpan12823" value="ⲡ ⲙⲛⲧⲥⲛⲟⲟⲩⲥ ⲛ ⲁⲓⲱⲛ"/>
		<feat xlink:href="#sSpan12851" value="ⲛⲁⲓ ⲉⲧ ⲙ ⲡ ⲉⲥⲏⲧ"/>
		<feat xlink:href="#sSpan12860" value="ⲡ ⲉⲥⲏⲧ"/>
		<feat xlink:href="#sSpan12891" value="ⲛⲉⲩ ⲙⲩⲥⲧⲏⲣⲓⲟⲛ"/>
		<feat xlink:href="#sSpan12929" value="ⲡ ϫⲓⲥⲉ"/>
		<feat xlink:href="#sSpan12967" value="ⲡⲁⲓ"/>
		<feat xlink:href="#sSpan13017" value="ⲡ ⲛⲟϭ ⲛ ⲧⲣⲓⲇⲩⲛⲁⲙⲟⲥ ⲛ ⲁⲩⲑⲁⲇⲏⲥ ⲉⲧⲉ ⲡ ⲙⲉϩϣⲟⲙⲛⲧ ⲡⲉ"/>
		<feat xlink:href="#sSpan13036" value="ⲁⲩⲑⲁⲇⲏⲥ"/>
		<feat xlink:href="#sSpan13043" value="ⲡ ⲙⲉϩϣⲟⲙⲛⲧ"/>
		<feat xlink:href="#sSpan13058" value="ⲛ ⲧⲣⲓⲇⲩⲛⲁⲙⲟⲥ ⲡⲁⲓ ⲉⲧ ϣⲟⲟⲡ ϩⲙ ⲡ ⲙⲉϩⲙⲛⲧϣⲟⲙⲧⲉ ⲛ ⲁⲓⲱⲛ ⲡⲁⲓ ⲉⲛⲧ ⲁ ϥ ⲣⲁⲧⲥⲱⲧⲙ"/>
		<feat xlink:href="#sSpan13078" value="ⲡ ⲙⲉϩⲙⲛⲧϣⲟⲙⲧⲉ ⲛ ⲁⲓⲱⲛ"/>
		<feat xlink:href="#sSpan13093" value="ⲁⲓⲱⲛ"/>
		<feat xlink:href="#sSpan13133" value="ⲡ ⲥⲱⲧϥ ⲧⲏⲣ ϥ ⲛ ⲧⲉϥ ϭⲟⲙ ⲉⲧ ⲛϩⲏⲧ ϥ"/>
		<feat xlink:href="#sSpan13148" value="ⲧⲉϥ ϭⲟⲙ ⲉⲧ ⲛϩⲏⲧ ϥ"/>
		<feat xlink:href="#sSpan13184" value="ⲡ ⲥⲱⲧϥ ⲙ ⲡⲉϥ ⲟⲩⲟⲉⲓⲛ ⲙ ⲡⲉ ⲟⲩⲟⲉⲓϣ ⲉⲛⲧ ⲁ ⲛ ⲁⲣⲭⲱⲛ ϯ ⲡⲉⲩ ⲥⲱⲧϥ ⲛϩⲏⲧ ϥ"/>
		<feat xlink:href="#sSpan13193" value="ⲡⲉϥ ⲟⲩⲟⲉⲓⲛ"/>
		<feat xlink:href="#sSpan13202" value="ⲡⲉ ⲟⲩⲟⲉⲓϣ ⲉⲛⲧ ⲁ ⲛ ⲁⲣⲭⲱⲛ ϯ ⲡⲉⲩ ⲥⲱⲧϥ ⲛϩⲏⲧ ϥ"/>
		<feat xlink:href="#sSpan13215" value="ⲛ ⲁⲣⲭⲱⲛ"/>
		<feat xlink:href="#sSpan13257" value="ⲡ ⲙⲉϩⲙⲛⲧϣⲟⲙⲧⲉ ⲛ ⲁⲓⲱⲛ ⲧⲏⲣ ϥ"/>
		<feat xlink:href="#sSpan13270" value="ⲁⲓⲱⲛ ⲧⲏⲣ ϥ"/>
		<feat xlink:href="#sSpan13286" value="ⲛ ⲉⲧ ϣⲟⲟⲡ ⲉ ⲡⲉϥ ⲉⲥⲏⲧ"/>
		<feat xlink:href="#sSpan13297" value="ⲡⲉϥ ⲉⲥⲏⲧ"/>
		<feat xlink:href="#sSpan13324" value="ⲛ ⲁⲣⲭⲱⲛ ⲙ ⲡ ⲙⲛⲧⲥⲛⲟⲟⲩⲥ ⲛ ⲁⲓⲱⲛ"/>
		<feat xlink:href="#sSpan13334" value="ⲡ ⲙⲛⲧⲥⲛⲟⲟⲩⲥ ⲛ ⲁⲓⲱⲛ"/>
		<feat xlink:href="#sSpan13362" value="ⲧ ⲡⲓⲥⲧⲓⲥ ⲥⲟⲫⲓⲁ"/>
		<feat xlink:href="#sSpan13379" value="ⲧⲁⲓ ⲉⲧ ⲙ ⲡⲉⲩ ⲉⲧⲡⲉ"/>
		<feat xlink:href="#sSpan13388" value="ⲡⲉⲩ ⲉⲧⲡⲉ"/>
		<feat xlink:href="#sSpan13427" value="ⲡ ⲛⲟϭ ⲛ ⲧⲣⲓⲇⲩⲛⲁⲙⲟⲥ ⲛ ⲁⲩⲑⲁⲇⲏⲥ ⲡⲁⲓ ⲉⲛⲧ ⲁ ⲓ ⲟⲩⲱ ⲉ ⲓ ϫⲱ ⲙⲙⲟ ⲥ ⲛⲏ ⲧⲛ ⲧⲉⲛⲟⲩ"/>
		<feat xlink:href="#sSpan13446" value="ⲁⲩⲑⲁⲇⲏⲥ"/>
		<feat xlink:href="#sSpan13527" value="ⲁⲣⲭⲱⲛ ⲙ ⲡ ⲙⲛⲧⲥⲛⲟⲟⲩⲥ ⲛ ⲁⲓⲱⲛ"/>
		<feat xlink:href="#sSpan13536" value="ⲡ ⲙⲛⲧⲥⲛⲟⲟⲩⲥ ⲛ ⲁⲓⲱⲛ"/>
		<feat xlink:href="#sSpan13576" value="ⲧ ⲡⲓⲥⲧⲓⲥ ⲥⲟⲫⲓⲁ"/>
		<feat xlink:href="#sSpan13636" value="ⲡ ⲟⲩⲟⲉⲓⲛ ⲡⲁⲓ ⲉⲧ ϫⲟⲥⲉ ⲉⲣⲟ ϥ"/>
		<feat xlink:href="#sSpan13694" value="ⲟⲩ ⲛⲟϭ ⲛ ϭⲟⲙ ⲛ ϩⲟ ⲙ ⲙⲟⲩⲓ"/>
		<feat xlink:href="#sSpan13711" value="ϩⲟ ⲙ ⲙⲟⲩⲓ"/>
		<feat xlink:href="#sSpan13718" value="ⲙⲟⲩⲓ"/>
		<feat xlink:href="#sSpan13738" value="ⲧⲉϥ ϩⲩⲗⲏ ⲉⲧ ⲛϩⲏⲧ ϥ"/>
		<feat xlink:href="#sSpan13779" value="ⲕⲉ ⲙⲏⲏϣⲉ ⲙ ⲡⲣⲟⲃⲟⲗⲏ ⲛ ϩⲩⲗⲓⲕⲏ"/>
		<feat xlink:href="#sSpan13788" value="ⲡⲣⲟⲃⲟⲗⲏ ⲛ ϩⲩⲗⲓⲕⲏ"/>
		<feat xlink:href="#sSpan13798" value="ϩⲩⲗⲓⲕⲏ"/>
		<feat xlink:href="#sSpan13837" value="ⲛ ⲧⲟⲡⲟⲥ ⲙ ⲡ ⲉⲥⲏⲧ"/>
		<feat xlink:href="#sSpan13847" value="ⲡ ⲉⲥⲏⲧ"/>
		<feat xlink:href="#sSpan13860" value="ⲙ ⲙⲉⲣⲟⲥ ⲙ ⲡⲉ ⲭⲁⲟⲥ"/>
		<feat xlink:href="#sSpan13870" value="ⲡⲉ ⲭⲁⲟⲥ"/>
		<feat xlink:href="#sSpan13894" value="ⲧ ⲡⲓⲥⲧⲓⲥ ⲥⲟⲫⲓⲁ ⲙⲙⲁⲩ · ⲁⲩⲱ ⲛ ⲥⲉ ϥⲓ ⲧⲉⲥ ϭⲟⲙ ⲛϩⲏⲧ ⲥ"/>
		<feat xlink:href="#sSpan13927" value="ⲧⲉⲥ ϭⲟⲙ"/>
		<feat xlink:href="#sSpan13970" value="ⲡ ϫⲓⲥⲉ"/>
		<feat xlink:href="#sSpan13981" value="ⲡⲁⲓ ⲉⲧ ϩⲓϫⲱ ⲟⲩ ⲧⲏⲣ ⲟⲩ"/>
		<feat xlink:href="#sSpan14032" value="ⲡⲉⲩ ⲙⲩⲥⲧⲏⲣⲓⲟⲛ"/>
		<feat xlink:href="#sSpan14081" value="ⲡ ⲟⲩⲟⲉⲓⲛ ⲉⲛⲧ ⲁ ⲥ ⲛⲁⲩ ⲉⲣⲟ ϥ"/>
		<feat xlink:href="#sSpan14126" value="ⲛ ⲁⲣⲭⲱⲛ ⲉⲧ ⲁϩⲉ ⲏ ⲉⲧ ϭⲉⲉⲧ ⲉ ⲉⲡⲓⲣⲓ"/>
		<feat xlink:href="#sSpan14202" value="ⲛⲉ ⲫⲩⲗⲁⲝ ⲧⲏⲣ ⲟⲩ"/>
		<feat xlink:href="#sSpan14222" value="ⲧ ϩⲓⲣⲛ ⲙ ⲡⲩⲗⲏ ⲛ ⲛ ⲁⲓⲱⲛ"/>
		<feat xlink:href="#sSpan14232" value="ⲡⲩⲗⲏ ⲛ ⲛ ⲁⲓⲱⲛ"/>
		<feat xlink:href="#sSpan14241" value="ⲛ ⲁⲓⲱⲛ"/>
		<feat xlink:href="#sSpan14267" value="ⲛⲁⲓ ⲉⲃⲟⲗ ϩⲓⲧⲙ ⲡ ⲧⲱϣ ⲙ ⲡ ϣⲟⲣⲡ ⲛ ⲧⲱϣ"/>
		<feat xlink:href="#sSpan14280" value="ⲡ ⲧⲱϣ ⲙ ⲡ ϣⲟⲣⲡ ⲛ ⲧⲱϣ"/>
		<feat xlink:href="#sSpan14289" value="ⲡ ϣⲟⲣⲡ ⲛ ⲧⲱϣ"/>
		<feat xlink:href="#sSpan14298" value="ⲧⲱϣ"/>
		<feat xlink:href="#sSpan14309" value="ⲡⲓ ⲛⲟϭ ⲛ ⲁⲩⲑⲁⲧⲏⲥ ⲛ ⲧⲣⲓⲇⲩⲛⲁⲙⲟⲥ ⲉ ⲟⲩⲁ ⲡⲉ ϩⲙ ϣⲟⲙⲛⲧ ⲛ ⲧⲣⲓⲇⲩⲛⲁⲙⲟⲥ"/>
		<feat xlink:href="#sSpan14328" value="ⲧⲣⲓⲇⲩⲛⲁⲙⲟⲥ"/>
		<feat xlink:href="#sSpan14335" value="ⲟⲩⲁ ⲡⲉ"/>
		<feat xlink:href="#sSpan14346" value="ϣⲟⲙⲛⲧ ⲛ ⲧⲣⲓⲇⲩⲛⲁⲙⲟⲥ"/>
		<feat xlink:href="#sSpan14380" value="ⲧ ⲥⲟⲫⲓⲁ"/>
		<feat xlink:href="#sSpan14394" value="ⲡ ⲙⲉϩⲙⲛⲧϣⲟⲙⲧⲉ ⲛ ⲁⲓⲱⲛ"/>
		<feat xlink:href="#sSpan14409" value="ⲁⲓⲱⲛ"/>
		<feat xlink:href="#sSpan14426" value="ⲙ ⲙⲉⲣⲟⲥ ⲙ ⲡ ⲉⲥⲏⲧ"/>
		<feat xlink:href="#sSpan14436" value="ⲡ ⲉⲥⲏⲧ"/>
		<feat xlink:href="#sSpan14459" value="ⲧⲉϥ ⲇⲩⲛⲁⲙⲓⲥ ⲛ ⲟⲩⲟⲉⲓⲛ ⲙ ⲡ ⲙⲁ ⲉⲧ ⲙⲙⲁⲩ"/>
		<feat xlink:href="#sSpan14469" value="ⲟⲩⲟⲉⲓⲛ"/>
		<feat xlink:href="#sSpan14476" value="ⲡ ⲙⲁ ⲉⲧ ⲙⲙⲁⲩ"/>
		<feat xlink:href="#sSpan14495" value="ⲧⲁⲓ ⲉⲧ ⲟ ⲛ ϩⲟ ⲙ ⲙⲟⲩⲓ"/>
		<feat xlink:href="#sSpan14508" value="ϩⲟ ⲙ ⲙⲟⲩⲓ"/>
		<feat xlink:href="#sSpan14515" value="ⲙⲟⲩⲓ"/>
		<feat xlink:href="#sSpan14559" value="ⲡ ⲧⲟⲡⲟⲥ ⲉⲧ ⲙⲙⲁⲩ"/>
		<feat xlink:href="#sSpan14585" value="ⲡⲉⲥ ⲟⲩⲟⲉⲓⲛ"/>
		<feat xlink:href="#sSpan14622" value="ⲛⲁⲓ"/>
		<feat xlink:href="#sSpan14663" value="ⲧⲉϥ ϭⲟⲙ ⲛ ⲟⲩⲟⲉⲓⲛ"/>
		<feat xlink:href="#sSpan14672" value="ⲟⲩⲟⲉⲓⲛ"/>
		<feat xlink:href="#sSpan14682" value="ⲙ ⲙⲉⲣⲟⲥ ⲙ ⲡ ⲉⲥⲏⲧ"/>
		<feat xlink:href="#sSpan14692" value="ⲡ ⲉⲥⲏⲧ"/>
		<feat xlink:href="#sSpan14705" value="ⲛⲉ ⲡⲥ"/>
		<feat xlink:href="#sSpan14726" value="ⲡⲓ ⲧⲣⲓⲇⲩⲛⲁⲙⲟⲥ ⲛ ⲁⲩⲑⲁⲧⲏⲥ"/>
		<feat xlink:href="#sSpan14736" value="ⲁⲩⲑⲁⲧⲏⲥ"/>
		<feat xlink:href="#sSpan14775" value="ⲟⲩ ⲉⲃⲟⲗ ϩⲙ ⲡ ⲟⲩⲟⲉⲓⲛ ⲧⲉ · ⲡ ⲉⲛⲧ ⲁ ⲥ ⲛⲁⲩ ⲉⲣⲟ ϥ ϫⲓⲛ ⲛ ϣⲟⲣⲡ ϩⲙ ⲡ ϫⲓⲥⲉ"/>
		<feat xlink:href="#sSpan14828" value="ⲡ ϫⲓⲥⲉ"/>
		<feat xlink:href="#sSpan14839" value="ⲡⲁⲓ ⲉ ⲟⲩ ⲉⲃⲟⲗ ⲡⲉ ϩⲙ ⲡ ⲕⲁⲧⲁⲡⲉⲧⲁⲥⲙⲁ ⲙ ⲡⲉ ⲑⲏⲥⲁⲩⲣⲟⲥ ⲙ ⲡ ⲟⲩⲟⲉⲓⲛ"/>
		<feat xlink:href="#sSpan14850" value="ⲟⲩ ⲉⲃⲟⲗ ⲡⲉ ϩⲙ ⲡ ⲕⲁⲧⲁⲡⲉⲧⲁⲥⲙⲁ ⲙ ⲡⲉ ⲑⲏⲥⲁⲩⲣⲟⲥ ⲙ ⲡ ⲟⲩⲟⲉⲓⲛ"/>
		<feat xlink:href="#sSpan14874" value="ⲡⲉ ⲑⲏⲥⲁⲩⲣⲟⲥ ⲙ ⲡ ⲟⲩⲟⲉⲓⲛ"/>
		<feat xlink:href="#sSpan14884" value="ⲡ ⲟⲩⲟⲉⲓⲛ"/>
		<feat xlink:href="#sSpan14931" value="ⲡ ⲧⲟⲡⲟⲥ ⲉⲧ ⲙⲙⲁⲩ"/>
		<feat xlink:href="#sSpan14952" value="ⲡⲁ ⲥⲩⲛⲍⲩⲅⲟⲥ ⲛⲧ ⲁ ϥ ⲓ ⲙ ⲡ ⲟⲩⲟⲉⲓⲛ"/>
		<feat xlink:href="#sSpan14972" value="ⲡ ⲟⲩⲟⲉⲓⲛ"/>
		<feat xlink:href="#sSpan15000" value="ϩⲉⲛ ⲁⲓⲱⲛ ⲛ ⲟⲩⲟⲉⲓⲛ"/>
		<feat xlink:href="#sSpan15010" value="ⲟⲩⲟⲉⲓⲛ"/>
		<feat xlink:href="#sSpan15036" value="ⲡ ⲟⲩⲟⲉⲓⲛ"/>
		<feat xlink:href="#sSpan15045" value="ⲛⲓ ⲟⲩⲟⲉⲓⲛ ⲡⲁⲓ ⲉⲧ ϩⲙ ⲡ ϫⲓⲥⲉ ⲛ ⲛ ϫⲓⲥⲉ"/>
		<feat xlink:href="#sSpan15062" value="ⲡ ϫⲓⲥⲉ ⲛ ⲛ ϫⲓⲥⲉ"/>
		<feat xlink:href="#sSpan15071" value="ⲛ ϫⲓⲥⲉ"/>
		<feat xlink:href="#sSpan15076" value="ⲛⲁⲓ"/>
		<feat xlink:href="#sSpan15119" value="ⲡⲉⲥ ⲧⲟⲡⲟⲥ ⲙ ⲙⲉϩⲙⲛⲧϣⲟⲙⲧⲉ ⲛ ⲁⲓⲱⲛ"/>
		<feat xlink:href="#sSpan15130" value="ⲙⲉϩⲙⲛⲧϣⲟⲙⲧⲉ ⲛ ⲁⲓⲱⲛ"/>
		<feat xlink:href="#sSpan15142" value="ⲁⲓⲱⲛ"/>
		<feat xlink:href="#sSpan15170" value="ⲡ ⲙⲉϩⲙⲛⲧⲥⲛⲟⲟⲩⲥ ⲛ ⲁⲓⲱⲛ"/>
		<feat xlink:href="#sSpan15185" value="ⲁⲓⲱⲛ"/>
		<feat xlink:href="#sSpan15211" value="ⲛ ⲁⲣⲭⲱⲛ ⲛ ⲛ ⲁⲓⲱⲛ"/>
		<feat xlink:href="#sSpan15223" value="ⲛ ⲁⲓⲱⲛ"/>
		<feat xlink:href="#sSpan15270" value="ⲩ ⲙⲛⲧⲛⲟϭ"/>
		<feat xlink:href="#sSpan15310" value="ⲡ ⲙⲛⲧⲥⲛⲟⲟⲩⲥ ⲛ ⲁⲓⲱⲛ"/>
		<feat xlink:href="#sSpan15343" value="ⲛ ⲧⲟⲡⲟⲥ ⲙ ⲡⲉ ⲭⲁⲟⲥ"/>
		<feat xlink:href="#sSpan15353" value="ⲡⲉ ⲭⲁⲟⲥ"/>
		<feat xlink:href="#sSpan15396" value="ⲟⲩⲟⲉⲓⲛ ⲛ ϩⲟ ⲙ ⲙⲟⲩⲓ"/>
		<feat xlink:href="#sSpan15405" value="ϩⲟ ⲙ ⲙⲟⲩⲓ"/>
		<feat xlink:href="#sSpan15412" value="ⲙⲟⲩⲓ"/>
		<feat xlink:href="#sSpan15459" value="ⲛⲉ ⲡⲣⲟⲃⲟⲗⲟⲟⲩⲉ ⲧⲏⲣ ⲟⲩ ⲛ ϩⲩⲗⲓⲕⲟⲛ ⲙ ⲡⲁⲩⲑⲁⲧⲏⲥ"/>
		<feat xlink:href="#sSpan15475" value="ϩⲩⲗⲓⲕⲟⲛ ⲙ ⲡⲁⲩⲑⲁⲧⲏⲥ"/>
		<feat xlink:href="#sSpan15482" value="ⲡⲁⲩⲑⲁⲧⲏⲥ"/>
		<feat xlink:href="#sSpan15500" value="ⲛⲟϭ ⲛ ϭⲟⲙ ⲛ ⲟⲩⲟⲉⲓⲛ ⲛ ϩⲟ ⲙ ⲙⲟⲩⲓ"/>
		<feat xlink:href="#sSpan15513" value="ⲟⲩⲟⲉⲓⲛ ⲛ ϩⲟ ⲙ ⲙⲟⲩⲓ"/>
		<feat xlink:href="#sSpan15520" value="ϩⲟ ⲙ ⲙⲟⲩⲓ"/>
		<feat xlink:href="#sSpan15527" value="ⲙⲟⲩⲓ"/>
		<feat xlink:href="#sSpan15550" value="ⲛ ⲇⲩⲛⲁⲙⲓⲥ ⲛ ⲟⲩⲟⲉⲓⲛ"/>
		<feat xlink:href="#sSpan15560" value="ⲟⲩⲟⲉⲓⲛ"/>
		<feat xlink:href="#sSpan15567" value="ⲧ ⲥⲟⲫⲓⲁ · ⲁⲩⲱ ⲁ ⲥ ⲥⲱⲧϥ ⲙ ⲡⲉⲥ ⲟⲩⲟⲉⲓⲛ"/>
		<feat xlink:href="#sSpan15596" value="ⲡⲉⲥ ⲟⲩⲟⲉⲓⲛ"/>
		<feat xlink:href="#sSpan15619" value="ⲧⲉⲥ ϩⲩⲗⲏ"/>
		<feat xlink:href="#sSpan15651" value="ⲡⲉ ⲭⲁⲟⲥ"/>
		<feat xlink:href="#sSpan15675" value="ⲟⲩ ⲁⲣⲭⲱⲛ ⲛ ϩⲟ ⲙ ⲙⲟⲩⲓ"/>
		<feat xlink:href="#sSpan15685" value="ϩⲟ ⲙ ⲙⲟⲩⲓ"/>
		<feat xlink:href="#sSpan15692" value="ⲙⲟⲩⲓ"/>
		<feat xlink:href="#sSpan15699" value="ⲡⲉ ⲭⲁⲟⲥ"/>
		<feat xlink:href="#sSpan15713" value="ⲧⲉϥ ⲡⲁϣⲉ"/>
		<feat xlink:href="#sSpan15728" value="ⲕⲱϩⲧ"/>
		<feat xlink:href="#sSpan15745" value="ⲕⲉ ⲡⲁϣⲉ"/>
		<feat xlink:href="#sSpan15760" value="ⲕⲁⲕⲉ"/>
		<feat xlink:href="#sSpan15777" value="ⲓⲁⲗⲇⲁⲃⲁⲱⲑ"/>
		<feat xlink:href="#sSpan15788" value="ⲡⲁⲓ ⲉⲛⲧ ⲁ ⲓ ϫⲟⲟ ϥ ⲉⲣⲱ ⲧⲛ ⲛ ⲟⲩ ⲙⲏⲏϣⲉ ⲛ ⲥⲟⲡ"/>
		<feat xlink:href="#sSpan15830" value="ⲛⲁⲓ"/>
		<feat xlink:href="#sSpan15867" value="ⲧ ⲥⲟⲫⲓⲁ ⲉⲙⲁϣⲟ"/>
		<feat xlink:href="#sSpan15921" value="ⲟⲩⲟⲉⲓⲛ ⲛ ϩⲟ ⲙ ⲙⲟⲩⲓ ⲉⲧ ⲙⲙⲁⲩ"/>
		<feat xlink:href="#sSpan15930" value="ϩⲟ ⲙ ⲙⲟⲩⲓ ⲉⲧ ⲙⲙⲁⲩ"/>
		<feat xlink:href="#sSpan15937" value="ⲙⲟⲩⲓ ⲉⲧ ⲙⲙⲁⲩ"/>
		<feat xlink:href="#sSpan15960" value="ⲛ ϭⲟⲙ ⲧⲏⲣ ⲟⲩ ⲛ ⲟⲩⲟⲉⲓⲛ"/>
		<feat xlink:href="#sSpan15980" value="ⲟⲩⲟⲉⲓⲛ"/>
		<feat xlink:href="#sSpan15987" value="ⲧ ⲥⲟⲫⲓⲁ"/>
		<feat xlink:href="#sSpan16003" value="ⲛ ϭⲟⲙ ⲧⲏⲣ ⲟⲩ ⲛ ϩⲩⲗⲓⲕⲟⲛ ⲛⲧⲉ ⲡ ⲁⲩⲑⲁⲇⲏⲥ"/>
		<feat xlink:href="#sSpan16021" value="ϩⲩⲗⲓⲕⲟⲛ ⲛⲧⲉ ⲡ ⲁⲩⲑⲁⲇⲏⲥ"/>
		<feat xlink:href="#sSpan16028" value="ⲡ ⲁⲩⲑⲁⲇⲏⲥ"/>
		<feat xlink:href="#sSpan16046" value="ⲧ ⲥⲟⲫⲓⲁ"/>
		<feat xlink:href="#sSpan16110" value="ⲧ ⲡⲓⲥⲧⲓⲥ ⲥⲟⲫⲓⲁ"/>
		<feat xlink:href="#sSpan16142" value="ⲡ ⲟⲩⲟⲉⲓⲛ ⲛⲧⲉ ⲛⲓ ⲟⲩⲟⲉⲓⲛ"/>
		<feat xlink:href="#sSpan16153" value="ⲛⲓ ⲟⲩⲟⲉⲓⲛ"/>
		<feat xlink:href="#sSpan16164" value="ⲡⲁⲓ ⲉⲛⲧ ⲁ ⲥ ⲛⲁⲩ ⲉⲣⲟ ϥ ϫⲓⲛ ⲛ ϣⲟⲣⲡ"/>
		<feat xlink:href="#sSpan16231" value="ⲧⲉⲓ ⲙⲉⲧⲁⲛⲟⲓⲁ"/>
		<feat xlink:href="#sSpan16269" value="ⲡ ⲟⲩⲟⲉⲓⲛ ⲛⲧⲉ ⲛⲓ ⲟⲩⲟⲉⲓⲛ ⲡⲁⲓ ⲉⲛⲧ ⲁ ⲓ ⲡⲓⲥⲧⲉⲩⲉ ⲉⲣⲟ ϥ ϫⲓⲛ ⲛ ϣⲟⲣⲡ"/>
		<feat xlink:href="#sSpan16281" value="ⲛⲓ ⲟⲩⲟⲉⲓⲛ"/>
		<feat xlink:href="#sSpan16339" value="ⲡ ⲟⲩⲟⲉⲓⲛ ⲉ ⲧⲁ ⲙⲉⲧⲁⲛⲟⲓⲁ"/>
		<feat xlink:href="#sSpan16348" value="ⲧⲁ ⲙⲉⲧⲁⲛⲟⲓⲁ"/>
		<feat xlink:href="#sSpan16364" value="ⲧ ⲡ ⲟⲩⲟⲉⲓⲛ"/>
		<feat xlink:href="#sSpan16379" value="ϩⲉⲛ ⲙⲉⲉⲩⲉ ⲉ ⲩ ϩⲟⲟⲩ"/>
		<feat xlink:href="#sSpan16428" value="ⲡ ⲟⲩⲟⲉⲓⲛ ⲉ ⲛ ⲙⲉⲣⲟⲥ ⲉⲧ ⲙ ⲡ ⲉⲥⲏⲧ"/>
		<feat xlink:href="#sSpan16437" value="ⲛ ⲙⲉⲣⲟⲥ ⲉⲧ ⲙ ⲡ ⲉⲥⲏⲧ"/>
		<feat xlink:href="#sSpan16451" value="ⲡ ⲉⲥⲏⲧ"/>
		<feat xlink:href="#sSpan16476" value="ⲩ ⲟⲩⲟⲉⲓⲛ ⲙ ⲡ ⲙⲁ ⲉⲧ ⲙⲙⲁⲩ"/>
		<feat xlink:href="#sSpan16485" value="ⲡ ⲙⲁ ⲉⲧ ⲙⲙⲁⲩ"/>
		<feat xlink:href="#sSpan16523" value="ⲡ ⲧⲟⲡⲟⲥ ⲉⲧ ⲙⲙⲁⲩ"/></featList></paula>