<?xml version='1.0' encoding='UTF-8'?><!DOCTYPE paula SYSTEM "paula_feat.dtd">
<paula version="1.1">
	<header paula_id="scriptorium.pistis.sophia_book_1_part3.mark_entity"/>
	<featList xmlns:xlink="http://www.w3.org/1999/xlink" type="entity" xml:base="scriptorium.pistis.sophia_book_1_part3.mark.xml">
		<feat xlink:href="#sSpan16" value="abstract"/>
		<feat xlink:href="#sSpan35" value="abstract"/>
		<feat xlink:href="#sSpan107" value="abstract"/>
		<feat xlink:href="#sSpan136" value="person"/>
		<feat xlink:href="#sSpan146" value="abstract"/>
		<feat xlink:href="#sSpan171" value="time"/>
		<feat xlink:href="#sSpan208" value="person"/>
		<feat xlink:href="#sSpan220" value="time"/>
		<feat xlink:href="#sSpan238" value="person"/>
		<feat xlink:href="#sSpan248" value="place"/>
		<feat xlink:href="#sSpan264" value="abstract"/>
		<feat xlink:href="#sSpan281" value="place"/>
		<feat xlink:href="#sSpan297" value="abstract"/>
		<feat xlink:href="#sSpan319" value="time"/>
		<feat xlink:href="#sSpan350" value="abstract"/>
		<feat xlink:href="#sSpan371" value="time"/>
		<feat xlink:href="#sSpan426" value="place"/>
		<feat xlink:href="#sSpan436" value="abstract"/>
		<feat xlink:href="#sSpan447" value="place"/>
		<feat xlink:href="#sSpan456" value="abstract"/>
		<feat xlink:href="#sSpan479" value="abstract"/>
		<feat xlink:href="#sSpan489" value="place"/>
		<feat xlink:href="#sSpan500" value="abstract"/>
		<feat xlink:href="#sSpan524" value="abstract"/>
		<feat xlink:href="#sSpan536" value="abstract"/>
		<feat xlink:href="#sSpan552" value="abstract"/>
		<feat xlink:href="#sSpan571" value="abstract"/>
		<feat xlink:href="#sSpan625" value="abstract"/>
		<feat xlink:href="#sSpan636" value="object"/>
		<feat xlink:href="#sSpan651" value="abstract"/>
		<feat xlink:href="#sSpan661" value="place"/>
		<feat xlink:href="#sSpan690" value="abstract"/>
		<feat xlink:href="#sSpan740" value="person"/>
		<feat xlink:href="#sSpan763" value="abstract"/>
		<feat xlink:href="#sSpan809" value="person"/>
		<feat xlink:href="#sSpan853" value="person"/>
		<feat xlink:href="#sSpan872" value="abstract"/>
		<feat xlink:href="#sSpan883" value="person"/>
		<feat xlink:href="#sSpan902" value="abstract"/>
		<feat xlink:href="#sSpan912" value="person"/>
		<feat xlink:href="#sSpan931" value="abstract"/>
		<feat xlink:href="#sSpan946" value="person"/>
		<feat xlink:href="#sSpan973" value="object"/>
		<feat xlink:href="#sSpan983" value="person"/>
		<feat xlink:href="#sSpan1002" value="person"/>
		<feat xlink:href="#sSpan1032" value="abstract"/>
		<feat xlink:href="#sSpan1129" value="person"/>
		<feat xlink:href="#sSpan1141" value="abstract"/>
		<feat xlink:href="#sSpan1162" value="person"/>
		<feat xlink:href="#sSpan1173" value="abstract"/>
		<feat xlink:href="#sSpan1228" value="abstract"/>
		<feat xlink:href="#sSpan1259" value="person"/>
		<feat xlink:href="#sSpan1275" value="person"/>
		<feat xlink:href="#sSpan1282" value="person"/>
		<feat xlink:href="#sSpan1309" value="abstract"/>
		<feat xlink:href="#sSpan1329" value="abstract"/>
		<feat xlink:href="#sSpan1371" value="abstract"/>
		<feat xlink:href="#sSpan1406" value="person"/>
		<feat xlink:href="#sSpan1420" value="person"/>
		<feat xlink:href="#sSpan1431" value="person"/>
		<feat xlink:href="#sSpan1440" value="place"/>
		<feat xlink:href="#sSpan1460" value="object"/>
		<feat xlink:href="#sSpan1485" value="abstract"/>
		<feat xlink:href="#sSpan1499" value="abstract"/>
		<feat xlink:href="#sSpan1526" value="abstract"/>
		<feat xlink:href="#sSpan1560" value="abstract"/>
		<feat xlink:href="#sSpan1584" value="time"/>
		<feat xlink:href="#sSpan1607" value="abstract"/>
		<feat xlink:href="#sSpan1647" value="abstract"/>
		<feat xlink:href="#sSpan1670" value="person"/>
		<feat xlink:href="#sSpan1695" value="person"/>
		<feat xlink:href="#sSpan1721" value="place"/>
		<feat xlink:href="#sSpan1742" value="person"/>
		<feat xlink:href="#sSpan1760" value="time"/>
		<feat xlink:href="#sSpan1778" value="person"/>
		<feat xlink:href="#sSpan1796" value="place"/>
		<feat xlink:href="#sSpan1806" value="abstract"/>
		<feat xlink:href="#sSpan1841" value="abstract"/>
		<feat xlink:href="#sSpan1858" value="object"/>
		<feat xlink:href="#sSpan1877" value="abstract"/>
		<feat xlink:href="#sSpan1928" value="person"/>
		<feat xlink:href="#sSpan1942" value="abstract"/>
		<feat xlink:href="#sSpan1963" value="person"/>
		<feat xlink:href="#sSpan2003" value="abstract"/>
		<feat xlink:href="#sSpan2017" value="person"/>
		<feat xlink:href="#sSpan2022" value="person"/>
		<feat xlink:href="#sSpan2044" value="place"/>
		<feat xlink:href="#sSpan2087" value="person"/>
		<feat xlink:href="#sSpan2101" value="abstract"/>
		<feat xlink:href="#sSpan2128" value="time"/>
		<feat xlink:href="#sSpan2137" value="abstract"/>
		<feat xlink:href="#sSpan2147" value="abstract"/>
		<feat xlink:href="#sSpan2158" value="time"/>
		<feat xlink:href="#sSpan2176" value="abstract"/>
		<feat xlink:href="#sSpan2202" value="place"/>
		<feat xlink:href="#sSpan2211" value="time"/>
		<feat xlink:href="#sSpan2221" value="person"/>
		<feat xlink:href="#sSpan2246" value="abstract"/>
		<feat xlink:href="#sSpan2263" value="place"/>
		<feat xlink:href="#sSpan2289" value="abstract"/>
		<feat xlink:href="#sSpan2298" value="abstract"/>
		<feat xlink:href="#sSpan2315" value="person"/>
		<feat xlink:href="#sSpan2331" value="time"/>
		<feat xlink:href="#sSpan2357" value="person"/>
		<feat xlink:href="#sSpan2373" value="place"/>
		<feat xlink:href="#sSpan2389" value="abstract"/>
		<feat xlink:href="#sSpan2429" value="person"/>
		<feat xlink:href="#sSpan2466" value="person"/>
		<feat xlink:href="#sSpan2497" value="person"/>
		<feat xlink:href="#sSpan2529" value="abstract"/>
		<feat xlink:href="#sSpan2550" value="object"/>
		<feat xlink:href="#sSpan2559" value="object"/>
		<feat xlink:href="#sSpan2578" value="substance"/>
		<feat xlink:href="#sSpan2587" value="object"/>
		<feat xlink:href="#sSpan2606" value="object"/>
		<feat xlink:href="#sSpan2615" value="object"/>
		<feat xlink:href="#sSpan2638" value="abstract"/>
		<feat xlink:href="#sSpan2650" value="abstract"/>
		<feat xlink:href="#sSpan2671" value="abstract"/>
		<feat xlink:href="#sSpan2696" value="abstract"/>
		<feat xlink:href="#sSpan2705" value="abstract"/>
		<feat xlink:href="#sSpan2715" value="abstract"/>
		<feat xlink:href="#sSpan2731" value="abstract"/>
		<feat xlink:href="#sSpan2771" value="person"/>
		<feat xlink:href="#sSpan2781" value="person"/>
		<feat xlink:href="#sSpan2822" value="person"/>
		<feat xlink:href="#sSpan2832" value="person"/>
		<feat xlink:href="#sSpan2850" value="place"/>
		<feat xlink:href="#sSpan2864" value="person"/>
		<feat xlink:href="#sSpan2876" value="abstract"/>
		<feat xlink:href="#sSpan2887" value="person"/>
		<feat xlink:href="#sSpan2896" value="place"/>
		<feat xlink:href="#sSpan2906" value="time"/>
		<feat xlink:href="#sSpan2930" value="abstract"/>
		<feat xlink:href="#sSpan2937" value="person"/>
		<feat xlink:href="#sSpan2944" value="animal"/>
		<feat xlink:href="#sSpan2955" value="person"/>
		<feat xlink:href="#sSpan2973" value="animal"/>
		<feat xlink:href="#sSpan2984" value="animal"/>
		<feat xlink:href="#sSpan3012" value="place"/>
		<feat xlink:href="#sSpan3022" value="abstract"/>
		<feat xlink:href="#sSpan3050" value="abstract"/>
		<feat xlink:href="#sSpan3057" value="object"/>
		<feat xlink:href="#sSpan3066" value="object"/>
		<feat xlink:href="#sSpan3076" value="object"/>
		<feat xlink:href="#sSpan3093" value="place"/>
		<feat xlink:href="#sSpan3110" value="object"/>
		<feat xlink:href="#sSpan3122" value="abstract"/>
		<feat xlink:href="#sSpan3133" value="time"/>
		<feat xlink:href="#sSpan3147" value="object"/>
		<feat xlink:href="#sSpan3157" value="place"/>
		<feat xlink:href="#sSpan3176" value="person"/>
		<feat xlink:href="#sSpan3195" value="abstract"/>
		<feat xlink:href="#sSpan3210" value="abstract"/>
		<feat xlink:href="#sSpan3237" value="event"/>
		<feat xlink:href="#sSpan3250" value="object"/>
		<feat xlink:href="#sSpan3279" value="event"/>
		<feat xlink:href="#sSpan3291" value="abstract"/>
		<feat xlink:href="#sSpan3300" value="person"/>
		<feat xlink:href="#sSpan3311" value="abstract"/>
		<feat xlink:href="#sSpan3324" value="abstract"/>
		<feat xlink:href="#sSpan3334" value="time"/>
		<feat xlink:href="#sSpan3355" value="abstract"/>
		<feat xlink:href="#sSpan3375" value="place"/>
		<feat xlink:href="#sSpan3384" value="time"/>
		<feat xlink:href="#sSpan3405" value="abstract"/>
		<feat xlink:href="#sSpan3414" value="person"/>
		<feat xlink:href="#sSpan3445" value="animal"/>
		<feat xlink:href="#sSpan3458" value="animal"/>
		<feat xlink:href="#sSpan3470" value="animal"/>
		<feat xlink:href="#sSpan3481" value="animal"/>
		<feat xlink:href="#sSpan3493" value="person"/>
		<feat xlink:href="#sSpan3505" value="person"/>
		<feat xlink:href="#sSpan3515" value="abstract"/>
		<feat xlink:href="#sSpan3539" value="object"/>
		<feat xlink:href="#sSpan3557" value="object"/>
		<feat xlink:href="#sSpan3588" value="place"/>
		<feat xlink:href="#sSpan3598" value="abstract"/>
		<feat xlink:href="#sSpan3628" value="abstract"/>
		<feat xlink:href="#sSpan3635" value="place"/>
		<feat xlink:href="#sSpan3692" value="abstract"/>
		<feat xlink:href="#sSpan3743" value="place"/>
		<feat xlink:href="#sSpan3754" value="abstract"/>
		<feat xlink:href="#sSpan3868" value="abstract"/>
		<feat xlink:href="#sSpan3914" value="abstract"/>
		<feat xlink:href="#sSpan3941" value="abstract"/>
		<feat xlink:href="#sSpan3956" value="place"/>
		<feat xlink:href="#sSpan3978" value="abstract"/>
		<feat xlink:href="#sSpan4006" value="abstract"/>
		<feat xlink:href="#sSpan4065" value="abstract"/>
		<feat xlink:href="#sSpan4078" value="time"/>
		<feat xlink:href="#sSpan4103" value="place"/>
		<feat xlink:href="#sSpan4115" value="abstract"/>
		<feat xlink:href="#sSpan4125" value="person"/>
		<feat xlink:href="#sSpan4132" value="time"/>
		<feat xlink:href="#sSpan4191" value="place"/>
		<feat xlink:href="#sSpan4200" value="person"/>
		<feat xlink:href="#sSpan4210" value="time"/>
		<feat xlink:href="#sSpan4236" value="place"/>
		<feat xlink:href="#sSpan4245" value="person"/>
		<feat xlink:href="#sSpan4261" value="place"/>
		<feat xlink:href="#sSpan4279" value="abstract"/>
		<feat xlink:href="#sSpan4329" value="person"/>
		<feat xlink:href="#sSpan4382" value="abstract"/>
		<feat xlink:href="#sSpan4391" value="abstract"/>
		<feat xlink:href="#sSpan4414" value="object"/>
		<feat xlink:href="#sSpan4423" value="object"/>
		<feat xlink:href="#sSpan4448" value="substance"/>
		<feat xlink:href="#sSpan4457" value="object"/>
		<feat xlink:href="#sSpan4479" value="object"/>
		<feat xlink:href="#sSpan4490" value="object"/>
		<feat xlink:href="#sSpan4520" value="person"/>
		<feat xlink:href="#sSpan4537" value="abstract"/>
		<feat xlink:href="#sSpan4597" value="abstract"/>
		<feat xlink:href="#sSpan4608" value="abstract"/>
		<feat xlink:href="#sSpan4618" value="abstract"/>
		<feat xlink:href="#sSpan4633" value="abstract"/>
		<feat xlink:href="#sSpan4643" value="person"/>
		<feat xlink:href="#sSpan4658" value="person"/>
		<feat xlink:href="#sSpan4675" value="time"/>
		<feat xlink:href="#sSpan4688" value="person"/>
		<feat xlink:href="#sSpan4700" value="place"/>
		<feat xlink:href="#sSpan4712" value="abstract"/>
		<feat xlink:href="#sSpan4781" value="abstract"/>
		<feat xlink:href="#sSpan4788" value="place"/>
		<feat xlink:href="#sSpan4814" value="abstract"/>
		<feat xlink:href="#sSpan4863" value="abstract"/>
		<feat xlink:href="#sSpan4896" value="abstract"/>
		<feat xlink:href="#sSpan4939" value="abstract"/>
		<feat xlink:href="#sSpan4973" value="time"/>
		<feat xlink:href="#sSpan5001" value="place"/>
		<feat xlink:href="#sSpan5013" value="abstract"/>
		<feat xlink:href="#sSpan5023" value="place"/>
		<feat xlink:href="#sSpan5048" value="abstract"/>
		<feat xlink:href="#sSpan5058" value="abstract"/>
		<feat xlink:href="#sSpan5085" value="person"/>
		<feat xlink:href="#sSpan5095" value="time"/>
		<feat xlink:href="#sSpan5107" value="place"/>
		<feat xlink:href="#sSpan5121" value="abstract"/>
		<feat xlink:href="#sSpan5158" value="place"/>
		<feat xlink:href="#sSpan5195" value="time"/>
		<feat xlink:href="#sSpan5204" value="abstract"/>
		<feat xlink:href="#sSpan5237" value="place"/>
		<feat xlink:href="#sSpan5249" value="abstract"/>
		<feat xlink:href="#sSpan5276" value="person"/>
		<feat xlink:href="#sSpan5298" value="time"/>
		<feat xlink:href="#sSpan5317" value="abstract"/>
		<feat xlink:href="#sSpan5326" value="abstract"/>
		<feat xlink:href="#sSpan5351" value="abstract"/>
		<feat xlink:href="#sSpan5358" value="abstract"/>
		<feat xlink:href="#sSpan5371" value="abstract"/>
		<feat xlink:href="#sSpan5385" value="abstract"/>
		<feat xlink:href="#sSpan5424" value="person"/>
		<feat xlink:href="#sSpan5494" value="abstract"/>
		<feat xlink:href="#sSpan5529" value="abstract"/>
		<feat xlink:href="#sSpan5539" value="abstract"/>
		<feat xlink:href="#sSpan5549" value="abstract"/>
		<feat xlink:href="#sSpan5577" value="place"/>
		<feat xlink:href="#sSpan5586" value="person"/>
		<feat xlink:href="#sSpan5598" value="person"/>
		<feat xlink:href="#sSpan5610" value="time"/>
		<feat xlink:href="#sSpan5635" value="substance"/>
		<feat xlink:href="#sSpan5642" value="abstract"/>
		<feat xlink:href="#sSpan5669" value="abstract"/>
		<feat xlink:href="#sSpan5690" value="abstract"/>
		<feat xlink:href="#sSpan5699" value="abstract"/>
		<feat xlink:href="#sSpan5750" value="abstract"/>
		<feat xlink:href="#sSpan5777" value="person"/>
		<feat xlink:href="#sSpan5804" value="person"/>
		<feat xlink:href="#sSpan5828" value="person"/>
		<feat xlink:href="#sSpan5844" value="time"/>
		<feat xlink:href="#sSpan5886" value="abstract"/>
		<feat xlink:href="#sSpan5897" value="abstract"/>
		<feat xlink:href="#sSpan5948" value="abstract"/>
		<feat xlink:href="#sSpan5959" value="abstract"/>
		<feat xlink:href="#sSpan6055" value="abstract"/>
		<feat xlink:href="#sSpan6080" value="abstract"/>
		<feat xlink:href="#sSpan6090" value="abstract"/>
		<feat xlink:href="#sSpan6102" value="abstract"/>
		<feat xlink:href="#sSpan6121" value="abstract"/>
		<feat xlink:href="#sSpan6132" value="person"/>
		<feat xlink:href="#sSpan6144" value="time"/>
		<feat xlink:href="#sSpan6158" value="abstract"/>
		<feat xlink:href="#sSpan6169" value="abstract"/>
		<feat xlink:href="#sSpan6185" value="abstract"/>
		<feat xlink:href="#sSpan6210" value="time"/>
		<feat xlink:href="#sSpan6233" value="place"/>
		<feat xlink:href="#sSpan6246" value="object"/>
		<feat xlink:href="#sSpan6265" value="place"/>
		<feat xlink:href="#sSpan6290" value="abstract"/>
		<feat xlink:href="#sSpan6313" value="abstract"/>
		<feat xlink:href="#sSpan6323" value="abstract"/>
		<feat xlink:href="#sSpan6370" value="object"/>
		<feat xlink:href="#sSpan6391" value="object"/>
		<feat xlink:href="#sSpan6416" value="abstract"/>
		<feat xlink:href="#sSpan6442" value="time"/>
		<feat xlink:href="#sSpan6467" value="abstract"/>
		<feat xlink:href="#sSpan6476" value="abstract"/>
		<feat xlink:href="#sSpan6488" value="place"/>
		<feat xlink:href="#sSpan6503" value="object"/>
		<feat xlink:href="#sSpan6518" value="abstract"/>
		<feat xlink:href="#sSpan6529" value="place"/>
		<feat xlink:href="#sSpan6550" value="abstract"/>
		<feat xlink:href="#sSpan6582" value="abstract"/>
		<feat xlink:href="#sSpan6613" value="abstract"/>
		<feat xlink:href="#sSpan6649" value="abstract"/>
		<feat xlink:href="#sSpan6664" value="person"/>
		<feat xlink:href="#sSpan6675" value="time"/>
		<feat xlink:href="#sSpan6688" value="person"/>
		<feat xlink:href="#sSpan6706" value="place"/>
		<feat xlink:href="#sSpan6718" value="abstract"/>
		<feat xlink:href="#sSpan6781" value="time"/>
		<feat xlink:href="#sSpan6798" value="time"/>
		<feat xlink:href="#sSpan6807" value="abstract"/>
		<feat xlink:href="#sSpan6841" value="place"/>
		<feat xlink:href="#sSpan6881" value="time"/>
		<feat xlink:href="#sSpan6906" value="person"/>
		<feat xlink:href="#sSpan6930" value="abstract"/>
		<feat xlink:href="#sSpan6941" value="object"/>
		<feat xlink:href="#sSpan6953" value="abstract"/>
		<feat xlink:href="#sSpan6970" value="object"/>
		<feat xlink:href="#sSpan6985" value="time"/>
		<feat xlink:href="#sSpan7004" value="object"/>
		<feat xlink:href="#sSpan7023" value="time"/>
		<feat xlink:href="#sSpan7042" value="place"/>
		<feat xlink:href="#sSpan7061" value="abstract"/>
		<feat xlink:href="#sSpan7080" value="person"/>
		<feat xlink:href="#sSpan7120" value="abstract"/>
		<feat xlink:href="#sSpan7131" value="person"/>
		<feat xlink:href="#sSpan7206" value="person"/>
		<feat xlink:href="#sSpan7239" value="abstract"/>
		<feat xlink:href="#sSpan7290" value="abstract"/>
		<feat xlink:href="#sSpan7319" value="time"/>
		<feat xlink:href="#sSpan7334" value="abstract"/>
		<feat xlink:href="#sSpan7344" value="abstract"/>
		<feat xlink:href="#sSpan7356" value="abstract"/>
		<feat xlink:href="#sSpan7365" value="abstract"/>
		<feat xlink:href="#sSpan7392" value="time"/>
		<feat xlink:href="#sSpan7401" value="time"/>
		<feat xlink:href="#sSpan7438" value="place"/>
		<feat xlink:href="#sSpan7448" value="place"/>
		<feat xlink:href="#sSpan7455" value="abstract"/>
		<feat xlink:href="#sSpan7480" value="person"/>
		<feat xlink:href="#sSpan7497" value="abstract"/>
		<feat xlink:href="#sSpan7507" value="abstract"/>
		<feat xlink:href="#sSpan7545" value="person"/>
		<feat xlink:href="#sSpan7582" value="time"/>
		<feat xlink:href="#sSpan7598" value="abstract"/>
		<feat xlink:href="#sSpan7609" value="abstract"/>
		<feat xlink:href="#sSpan7630" value="place"/>
		<feat xlink:href="#sSpan7640" value="abstract"/>
		<feat xlink:href="#sSpan7650" value="person"/>
		<feat xlink:href="#sSpan7686" value="person"/>
		<feat xlink:href="#sSpan7698" value="abstract"/>
		<feat xlink:href="#sSpan7714" value="abstract"/>
		<feat xlink:href="#sSpan7741" value="time"/>
		<feat xlink:href="#sSpan7758" value="time"/>
		<feat xlink:href="#sSpan7769" value="object"/>
		<feat xlink:href="#sSpan7791" value="abstract"/>
		<feat xlink:href="#sSpan7799" value="abstract"/>
		<feat xlink:href="#sSpan7806" value="abstract"/>
		<feat xlink:href="#sSpan7825" value="time"/>
		<feat xlink:href="#sSpan7841" value="time"/>
		<feat xlink:href="#sSpan7853" value="place"/>
		<feat xlink:href="#sSpan7864" value="abstract"/>
		<feat xlink:href="#sSpan7871" value="abstract"/>
		<feat xlink:href="#sSpan7900" value="object"/>
		<feat xlink:href="#sSpan7925" value="time"/>
		<feat xlink:href="#sSpan7943" value="abstract"/>
		<feat xlink:href="#sSpan7951" value="abstract"/>
		<feat xlink:href="#sSpan7959" value="abstract"/>
		<feat xlink:href="#sSpan8001" value="object"/>
		<feat xlink:href="#sSpan8024" value="object"/>
		<feat xlink:href="#sSpan8034" value="person"/>
		<feat xlink:href="#sSpan8051" value="abstract"/>
		<feat xlink:href="#sSpan8066" value="abstract"/>
		<feat xlink:href="#sSpan8095" value="abstract"/>
		<feat xlink:href="#sSpan8135" value="person"/>
		<feat xlink:href="#sSpan8156" value="abstract"/>
		<feat xlink:href="#sSpan8167" value="person"/>
		<feat xlink:href="#sSpan8253" value="person"/>
		<feat xlink:href="#sSpan8264" value="person"/>
		<feat xlink:href="#sSpan8302" value="abstract"/>
		<feat xlink:href="#sSpan8352" value="person"/>
		<feat xlink:href="#sSpan8359" value="abstract"/>
		<feat xlink:href="#sSpan8376" value="person"/>
		<feat xlink:href="#sSpan8404" value="abstract"/>
		<feat xlink:href="#sSpan8431" value="person"/>
		<feat xlink:href="#sSpan8441" value="time"/>
		<feat xlink:href="#sSpan8480" value="person"/>
		<feat xlink:href="#sSpan8489" value="abstract"/>
		<feat xlink:href="#sSpan8503" value="person"/>
		<feat xlink:href="#sSpan8519" value="person"/>
		<feat xlink:href="#sSpan8549" value="object"/>
		<feat xlink:href="#sSpan8559" value="abstract"/>
		<feat xlink:href="#sSpan8592" value="person"/>
		<feat xlink:href="#sSpan8599" value="person"/>
		<feat xlink:href="#sSpan8630" value="abstract"/>
		<feat xlink:href="#sSpan8640" value="abstract"/>
		<feat xlink:href="#sSpan8661" value="abstract"/>
		<feat xlink:href="#sSpan8677" value="abstract"/>
		<feat xlink:href="#sSpan8682" value="abstract"/>
		<feat xlink:href="#sSpan8739" value="abstract"/>
		<feat xlink:href="#sSpan8749" value="abstract"/>
		<feat xlink:href="#sSpan8835" value="person"/>
		<feat xlink:href="#sSpan8845" value="abstract"/>
		<feat xlink:href="#sSpan8908" value="place"/>
		<feat xlink:href="#sSpan8924" value="place"/>
		<feat xlink:href="#sSpan8948" value="abstract"/>
		<feat xlink:href="#sSpan8964" value="time"/>
		<feat xlink:href="#sSpan8986" value="person"/>
		<feat xlink:href="#sSpan8997" value="person"/>
		<feat xlink:href="#sSpan9013" value="abstract"/>
		<feat xlink:href="#sSpan9022" value="person"/>
		<feat xlink:href="#sSpan9035" value="abstract"/>
		<feat xlink:href="#sSpan9052" value="abstract"/>
		<feat xlink:href="#sSpan9075" value="abstract"/>
		<feat xlink:href="#sSpan9106" value="person"/>
		<feat xlink:href="#sSpan9116" value="place"/>
		<feat xlink:href="#sSpan9131" value="abstract"/>
		<feat xlink:href="#sSpan9172" value="abstract"/>
		<feat xlink:href="#sSpan9207" value="abstract"/>
		<feat xlink:href="#sSpan9224" value="abstract"/>
		<feat xlink:href="#sSpan9262" value="abstract"/>
		<feat xlink:href="#sSpan9272" value="abstract"/>
		<feat xlink:href="#sSpan9281" value="abstract"/>
		<feat xlink:href="#sSpan9304" value="object"/>
		<feat xlink:href="#sSpan9334" value="abstract"/>
		<feat xlink:href="#sSpan9344" value="abstract"/>
		<feat xlink:href="#sSpan9355" value="abstract"/>
		<feat xlink:href="#sSpan9389" value="abstract"/>
		<feat xlink:href="#sSpan9453" value="abstract"/>
		<feat xlink:href="#sSpan9481" value="abstract"/>
		<feat xlink:href="#sSpan9492" value="abstract"/>
		<feat xlink:href="#sSpan9548" value="place"/>
		<feat xlink:href="#sSpan9564" value="place"/>
		<feat xlink:href="#sSpan9601" value="abstract"/>
		<feat xlink:href="#sSpan9612" value="person"/>
		<feat xlink:href="#sSpan9630" value="person"/>
		<feat xlink:href="#sSpan9677" value="time"/>
		<feat xlink:href="#sSpan9707" value="person"/>
		<feat xlink:href="#sSpan9734" value="substance"/>
		<feat xlink:href="#sSpan9780" value="event"/>
		<feat xlink:href="#sSpan9799" value="abstract"/>
		<feat xlink:href="#sSpan9832" value="abstract"/>
		<feat xlink:href="#sSpan9861" value="time"/>
		<feat xlink:href="#sSpan9881" value="person"/>
		<feat xlink:href="#sSpan9896" value="abstract"/>
		<feat xlink:href="#sSpan9915" value="time"/>
		<feat xlink:href="#sSpan9957" value="abstract"/>
		<feat xlink:href="#sSpan9987" value="abstract"/>
		<feat xlink:href="#sSpan10035" value="time"/>
		<feat xlink:href="#sSpan10058" value="object"/>
		<feat xlink:href="#sSpan10074" value="abstract"/>
		<feat xlink:href="#sSpan10085" value="place"/>
		<feat xlink:href="#sSpan10104" value="place"/>
		<feat xlink:href="#sSpan10125" value="person"/>
		<feat xlink:href="#sSpan10132" value="abstract"/>
		<feat xlink:href="#sSpan10161" value="time"/>
		<feat xlink:href="#sSpan10186" value="place"/>
		<feat xlink:href="#sSpan10201" value="place"/>
		<feat xlink:href="#sSpan10222" value="place"/>
		<feat xlink:href="#sSpan10241" value="person"/>
		<feat xlink:href="#sSpan10262" value="abstract"/>
		<feat xlink:href="#sSpan10303" value="person"/>
		<feat xlink:href="#sSpan10316" value="place"/>
		<feat xlink:href="#sSpan10326" value="abstract"/>
		<feat xlink:href="#sSpan10361" value="abstract"/>
		<feat xlink:href="#sSpan10377" value="place"/>
		<feat xlink:href="#sSpan10388" value="object"/>
		<feat xlink:href="#sSpan10398" value="abstract"/>
		<feat xlink:href="#sSpan10410" value="time"/>
		<feat xlink:href="#sSpan10447" value="object"/>
		<feat xlink:href="#sSpan10513" value="time"/>
		<feat xlink:href="#sSpan10525" value="time"/>
		<feat xlink:href="#sSpan10548" value="abstract"/>
		<feat xlink:href="#sSpan10570" value="place"/>
		<feat xlink:href="#sSpan10579" value="abstract"/>
		<feat xlink:href="#sSpan10592" value="time"/>
		<feat xlink:href="#sSpan10614" value="person"/>
		<feat xlink:href="#sSpan10658" value="place"/>
		<feat xlink:href="#sSpan10714" value="abstract"/>
		<feat xlink:href="#sSpan10727" value="time"/>
		<feat xlink:href="#sSpan10734" value="place"/>
		<feat xlink:href="#sSpan10750" value="place"/>
		<feat xlink:href="#sSpan10788" value="abstract"/>
		<feat xlink:href="#sSpan10817" value="person"/>
		<feat xlink:href="#sSpan10829" value="person"/>
		<feat xlink:href="#sSpan10838" value="person"/>
		<feat xlink:href="#sSpan10849" value="person"/>
		<feat xlink:href="#sSpan10865" value="abstract"/>
		<feat xlink:href="#sSpan10895" value="abstract"/>
		<feat xlink:href="#sSpan10929" value="abstract"/>
		<feat xlink:href="#sSpan10946" value="abstract"/>
		<feat xlink:href="#sSpan10996" value="abstract"/>
		<feat xlink:href="#sSpan11021" value="abstract"/>
		<feat xlink:href="#sSpan11044" value="abstract"/>
		<feat xlink:href="#sSpan11051" value="abstract"/>
		<feat xlink:href="#sSpan11096" value="abstract"/>
		<feat xlink:href="#sSpan11127" value="abstract"/>
		<feat xlink:href="#sSpan11139" value="abstract"/>
		<feat xlink:href="#sSpan11161" value="abstract"/>
		<feat xlink:href="#sSpan11174" value="abstract"/>
		<feat xlink:href="#sSpan11183" value="abstract"/>
		<feat xlink:href="#sSpan11201" value="abstract"/>
		<feat xlink:href="#sSpan11218" value="abstract"/>
		<feat xlink:href="#sSpan11248" value="place"/>
		<feat xlink:href="#sSpan11260" value="place"/>
		<feat xlink:href="#sSpan11273" value="abstract"/>
		<feat xlink:href="#sSpan11286" value="time"/>
		<feat xlink:href="#sSpan11319" value="abstract"/>
		<feat xlink:href="#sSpan11330" value="place"/>
		<feat xlink:href="#sSpan11343" value="person"/>
		<feat xlink:href="#sSpan11366" value="object"/>
		<feat xlink:href="#sSpan11376" value="abstract"/>
		<feat xlink:href="#sSpan11388" value="abstract"/>
		<feat xlink:href="#sSpan11433" value="abstract"/>
		<feat xlink:href="#sSpan11444" value="place"/>
		<feat xlink:href="#sSpan11459" value="person"/>
		<feat xlink:href="#sSpan11483" value="event"/>
		<feat xlink:href="#sSpan11497" value="person"/>
		<feat xlink:href="#sSpan11510" value="person"/>
		<feat xlink:href="#sSpan11520" value="abstract"/>
		<feat xlink:href="#sSpan11541" value="event"/>
		<feat xlink:href="#sSpan11556" value="object"/>
		<feat xlink:href="#sSpan11564" value="person"/>
		<feat xlink:href="#sSpan11576" value="abstract"/>
		<feat xlink:href="#sSpan11591" value="person"/>
		<feat xlink:href="#sSpan11611" value="person"/>
		<feat xlink:href="#sSpan11626" value="abstract"/>
		<feat xlink:href="#sSpan11637" value="object"/>
		<feat xlink:href="#sSpan11682" value="substance"/>
		<feat xlink:href="#sSpan11699" value="person"/>
		<feat xlink:href="#sSpan11716" value="time"/>
		<feat xlink:href="#sSpan11732" value="person"/>
		<feat xlink:href="#sSpan11766" value="person"/>
		<feat xlink:href="#sSpan11777" value="abstract"/>
		<feat xlink:href="#sSpan11784" value="person"/>
		<feat xlink:href="#sSpan11811" value="abstract"/>
		<feat xlink:href="#sSpan11820" value="person"/>
		<feat xlink:href="#sSpan11833" value="person"/>
		<feat xlink:href="#sSpan11862" value="time"/>
		<feat xlink:href="#sSpan11889" value="abstract"/>
		<feat xlink:href="#sSpan11900" value="abstract"/>
		<feat xlink:href="#sSpan11923" value="abstract"/>
		<feat xlink:href="#sSpan11934" value="event"/>
		<feat xlink:href="#sSpan11966" value="place"/>
		<feat xlink:href="#sSpan12014" value="place"/>
		<feat xlink:href="#sSpan12023" value="abstract"/>
		<feat xlink:href="#sSpan12038" value="time"/>
		<feat xlink:href="#sSpan12066" value="person"/>
		<feat xlink:href="#sSpan12081" value="person"/>
		<feat xlink:href="#sSpan12105" value="abstract"/>
		<feat xlink:href="#sSpan12122" value="abstract"/>
		<feat xlink:href="#sSpan12134" value="time"/>
		<feat xlink:href="#sSpan12144" value="place"/>
		<feat xlink:href="#sSpan12156" value="person"/>
		<feat xlink:href="#sSpan12169" value="person"/>
		<feat xlink:href="#sSpan12187" value="place"/>
		<feat xlink:href="#sSpan12202" value="person"/>
		<feat xlink:href="#sSpan12239" value="abstract"/>
		<feat xlink:href="#sSpan12248" value="abstract"/>
		<feat xlink:href="#sSpan12258" value="abstract"/>
		<feat xlink:href="#sSpan12281" value="place"/>
		<feat xlink:href="#sSpan12290" value="abstract"/>
		<feat xlink:href="#sSpan12315" value="abstract"/>
		<feat xlink:href="#sSpan12324" value="object"/>
		<feat xlink:href="#sSpan12334" value="abstract"/>
		<feat xlink:href="#sSpan12346" value="abstract"/>
		<feat xlink:href="#sSpan12379" value="place"/>
		<feat xlink:href="#sSpan12420" value="place"/>
		<feat xlink:href="#sSpan12461" value="abstract"/>
		<feat xlink:href="#sSpan12471" value="abstract"/>
		<feat xlink:href="#sSpan12486" value="time"/>
		<feat xlink:href="#sSpan12517" value="abstract"/>
		<feat xlink:href="#sSpan12526" value="place"/>
		<feat xlink:href="#sSpan12553" value="abstract"/>
		<feat xlink:href="#sSpan12564" value="object"/>
		<feat xlink:href="#sSpan12574" value="abstract"/>
		<feat xlink:href="#sSpan12584" value="abstract"/>
		<feat xlink:href="#sSpan12620" value="place"/>
		<feat xlink:href="#sSpan12630" value="place"/>
		<feat xlink:href="#sSpan12645" value="person"/>
		<feat xlink:href="#sSpan12667" value="time"/>
		<feat xlink:href="#sSpan12695" value="abstract"/>
		<feat xlink:href="#sSpan12704" value="place"/>
		<feat xlink:href="#sSpan12735" value="abstract"/>
		<feat xlink:href="#sSpan12773" value="place"/>
		<feat xlink:href="#sSpan12809" value="abstract"/>
		<feat xlink:href="#sSpan12859" value="abstract"/>
		<feat xlink:href="#sSpan12878" value="person"/>
		<feat xlink:href="#sSpan12885" value="person"/>
		<feat xlink:href="#sSpan12900" value="object"/>
		<feat xlink:href="#sSpan12920" value="abstract"/>
		<feat xlink:href="#sSpan12935" value="time"/>
		<feat xlink:href="#sSpan12975" value="abstract"/>
		<feat xlink:href="#sSpan12990" value="abstract"/>
		<feat xlink:href="#sSpan13024" value="abstract"/>
		<feat xlink:href="#sSpan13033" value="abstract"/>
		<feat xlink:href="#sSpan13042" value="time"/>
		<feat xlink:href="#sSpan13055" value="person"/>
		<feat xlink:href="#sSpan13097" value="abstract"/>
		<feat xlink:href="#sSpan13110" value="time"/>
		<feat xlink:href="#sSpan13126" value="abstract"/>
		<feat xlink:href="#sSpan13137" value="place"/>
		<feat xlink:href="#sSpan13164" value="person"/>
		<feat xlink:href="#sSpan13174" value="time"/>
		<feat xlink:href="#sSpan13202" value="abstract"/>
		<feat xlink:href="#sSpan13219" value="abstract"/>
		<feat xlink:href="#sSpan13228" value="abstract"/>
		<feat xlink:href="#sSpan13265" value="person"/>
		<feat xlink:href="#sSpan13284" value="object"/>
		<feat xlink:href="#sSpan13363" value="person"/>
		<feat xlink:href="#sSpan13372" value="time"/>
		<feat xlink:href="#sSpan13412" value="abstract"/>
		<feat xlink:href="#sSpan13472" value="abstract"/>
		<feat xlink:href="#sSpan13530" value="abstract"/>
		<feat xlink:href="#sSpan13547" value="abstract"/>
		<feat xlink:href="#sSpan13554" value="animal"/>
		<feat xlink:href="#sSpan13574" value="abstract"/>
		<feat xlink:href="#sSpan13613" value="person"/>
		<feat xlink:href="#sSpan13622" value="object"/>
		<feat xlink:href="#sSpan13632" value="person"/>
		<feat xlink:href="#sSpan13671" value="place"/>
		<feat xlink:href="#sSpan13681" value="place"/>
		<feat xlink:href="#sSpan13694" value="abstract"/>
		<feat xlink:href="#sSpan13704" value="abstract"/>
		<feat xlink:href="#sSpan13728" value="abstract"/>
		<feat xlink:href="#sSpan13761" value="abstract"/>
		<feat xlink:href="#sSpan13804" value="place"/>
		<feat xlink:href="#sSpan13815" value="person"/>
		<feat xlink:href="#sSpan13866" value="abstract"/>
		<feat xlink:href="#sSpan13915" value="abstract"/>
		<feat xlink:href="#sSpan13960" value="person"/>
		<feat xlink:href="#sSpan14036" value="abstract"/>
		<feat xlink:href="#sSpan14056" value="abstract"/>
		<feat xlink:href="#sSpan14066" value="place"/>
		<feat xlink:href="#sSpan14075" value="time"/>
		<feat xlink:href="#sSpan14101" value="abstract"/>
		<feat xlink:href="#sSpan14114" value="abstract"/>
		<feat xlink:href="#sSpan14123" value="abstract"/>
		<feat xlink:href="#sSpan14132" value="abstract"/>
		<feat xlink:href="#sSpan14143" value="person"/>
		<feat xlink:href="#sSpan14162" value="person"/>
		<feat xlink:href="#sSpan14169" value="person"/>
		<feat xlink:href="#sSpan14180" value="person"/>
		<feat xlink:href="#sSpan14212" value="abstract"/>
		<feat xlink:href="#sSpan14226" value="abstract"/>
		<feat xlink:href="#sSpan14241" value="time"/>
		<feat xlink:href="#sSpan14258" value="abstract"/>
		<feat xlink:href="#sSpan14268" value="place"/>
		<feat xlink:href="#sSpan14291" value="abstract"/>
		<feat xlink:href="#sSpan14301" value="abstract"/>
		<feat xlink:href="#sSpan14308" value="place"/>
		<feat xlink:href="#sSpan14327" value="object"/>
		<feat xlink:href="#sSpan14340" value="abstract"/>
		<feat xlink:href="#sSpan14347" value="animal"/>
		<feat xlink:href="#sSpan14391" value="place"/>
		<feat xlink:href="#sSpan14417" value="abstract"/>
		<feat xlink:href="#sSpan14451" value="abstract"/>
		<feat xlink:href="#sSpan14490" value="abstract"/>
		<feat xlink:href="#sSpan14499" value="abstract"/>
		<feat xlink:href="#sSpan14509" value="abstract"/>
		<feat xlink:href="#sSpan14519" value="place"/>
		<feat xlink:href="#sSpan14532" value="person"/>
		<feat xlink:href="#sSpan14553" value="place"/>
		<feat xlink:href="#sSpan14563" value="abstract"/>
		<feat xlink:href="#sSpan14602" value="abstract"/>
		<feat xlink:href="#sSpan14655" value="place"/>
		<feat xlink:href="#sSpan14666" value="person"/>
		<feat xlink:href="#sSpan14675" value="object"/>
		<feat xlink:href="#sSpan14699" value="abstract"/>
		<feat xlink:href="#sSpan14709" value="abstract"/>
		<feat xlink:href="#sSpan14756" value="place"/>
		<feat xlink:href="#sSpan14777" value="person"/>
		<feat xlink:href="#sSpan14797" value="abstract"/>
		<feat xlink:href="#sSpan14825" value="time"/>
		<feat xlink:href="#sSpan14835" value="abstract"/>
		<feat xlink:href="#sSpan14861" value="abstract"/>
		<feat xlink:href="#sSpan14870" value="abstract"/>
		<feat xlink:href="#sSpan14887" value="abstract"/>
		<feat xlink:href="#sSpan14896" value="object"/>
		<feat xlink:href="#sSpan14901" value="abstract"/>
		<feat xlink:href="#sSpan14944" value="place"/>
		<feat xlink:href="#sSpan14955" value="place"/>
		<feat xlink:href="#sSpan14967" value="time"/>
		<feat xlink:href="#sSpan14995" value="time"/>
		<feat xlink:href="#sSpan15010" value="time"/>
		<feat xlink:href="#sSpan15036" value="person"/>
		<feat xlink:href="#sSpan15048" value="time"/>
		<feat xlink:href="#sSpan15095" value="abstract"/>
		<feat xlink:href="#sSpan15133" value="time"/>
		<feat xlink:href="#sSpan15166" value="place"/>
		<feat xlink:href="#sSpan15176" value="abstract"/>
		<feat xlink:href="#sSpan15219" value="abstract"/>
		<feat xlink:href="#sSpan15228" value="abstract"/>
		<feat xlink:href="#sSpan15235" value="animal"/>
		<feat xlink:href="#sSpan15282" value="animal"/>
		<feat xlink:href="#sSpan15298" value="abstract"/>
		<feat xlink:href="#sSpan15305" value="person"/>
		<feat xlink:href="#sSpan15323" value="abstract"/>
		<feat xlink:href="#sSpan15336" value="abstract"/>
		<feat xlink:href="#sSpan15343" value="abstract"/>
		<feat xlink:href="#sSpan15350" value="animal"/>
		<feat xlink:href="#sSpan15373" value="abstract"/>
		<feat xlink:href="#sSpan15383" value="abstract"/>
		<feat xlink:href="#sSpan15390" value="abstract"/>
		<feat xlink:href="#sSpan15419" value="abstract"/>
		<feat xlink:href="#sSpan15442" value="abstract"/>
		<feat xlink:href="#sSpan15474" value="abstract"/>
		<feat xlink:href="#sSpan15498" value="person"/>
		<feat xlink:href="#sSpan15508" value="abstract"/>
		<feat xlink:href="#sSpan15515" value="animal"/>
		<feat xlink:href="#sSpan15522" value="abstract"/>
		<feat xlink:href="#sSpan15536" value="time"/>
		<feat xlink:href="#sSpan15551" value="substance"/>
		<feat xlink:href="#sSpan15568" value="object"/>
		<feat xlink:href="#sSpan15583" value="abstract"/>
		<feat xlink:href="#sSpan15600" value="person"/>
		<feat xlink:href="#sSpan15611" value="abstract"/>
		<feat xlink:href="#sSpan15653" value="abstract"/>
		<feat xlink:href="#sSpan15688" value="abstract"/>
		<feat xlink:href="#sSpan15740" value="abstract"/>
		<feat xlink:href="#sSpan15749" value="abstract"/>
		<feat xlink:href="#sSpan15756" value="animal"/>
		<feat xlink:href="#sSpan15779" value="abstract"/>
		<feat xlink:href="#sSpan15799" value="abstract"/>
		<feat xlink:href="#sSpan15806" value="abstract"/>
		<feat xlink:href="#sSpan15822" value="abstract"/>
		<feat xlink:href="#sSpan15840" value="abstract"/>
		<feat xlink:href="#sSpan15847" value="person"/>
		<feat xlink:href="#sSpan15865" value="abstract"/>
		<feat xlink:href="#sSpan15926" value="abstract"/>
		<feat xlink:href="#sSpan15958" value="abstract"/>
		<feat xlink:href="#sSpan15969" value="abstract"/>
		<feat xlink:href="#sSpan15980" value="person"/>
		<feat xlink:href="#sSpan16047" value="abstract"/>
		<feat xlink:href="#sSpan16085" value="abstract"/>
		<feat xlink:href="#sSpan16097" value="abstract"/>
		<feat xlink:href="#sSpan16153" value="abstract"/>
		<feat xlink:href="#sSpan16162" value="abstract"/>
		<feat xlink:href="#sSpan16178" value="abstract"/>
		<feat xlink:href="#sSpan16193" value="abstract"/>
		<feat xlink:href="#sSpan16242" value="abstract"/>
		<feat xlink:href="#sSpan16251" value="abstract"/>
		<feat xlink:href="#sSpan16265" value="place"/>
		<feat xlink:href="#sSpan16288" value="abstract"/>
		<feat xlink:href="#sSpan16297" value="place"/>
		<feat xlink:href="#sSpan16335" value="place"/></featList></paula>