<?xml version='1.0' encoding='UTF-8'?><!DOCTYPE paula SYSTEM "paula_feat.dtd">
<paula version="1.1">
	<header paula_id="scriptorium.pistis.sophia_book_1_part3.mark_multiword"/>
	<featList xmlns:xlink="http://www.w3.org/1999/xlink" type="multiword" xml:base="scriptorium.pistis.sophia_book_1_part3.mark.xml">
		<feat xlink:href="#sSpan92" value="ⲛⲥⲁⲃⲏⲗ ϫⲉ"/>
		<feat xlink:href="#sSpan204" value="ⲃⲱⲗ ⲉⲃⲟⲗ"/>
		<feat xlink:href="#sSpan381" value="ⲙⲏⲏϣⲉ ⲛ"/>
		<feat xlink:href="#sSpan558" value="ⲉⲧⲃⲉ ⲡⲁⲓ"/>
		<feat xlink:href="#sSpan629" value="ⲕⲱ ⲉⲃⲟⲗ"/>
		<feat xlink:href="#sSpan748" value="ⲱⲗ ⲉϩⲣⲁⲓ"/>
		<feat xlink:href="#sSpan807" value="ⲃⲱⲗ ⲉⲃⲟⲗ"/>
		<feat xlink:href="#sSpan917" value="ⲉⲓ ⲉ"/>
		<feat xlink:href="#sSpan1110" value="ⲙⲏⲏϣⲉ ⲛ"/>
		<feat xlink:href="#sSpan1533" value="ϩⲱⲃ ⲛⲓⲙ"/>
		<feat xlink:href="#sSpan1643" value="ϩⲱⲃ ⲛⲓⲙ"/>
		<feat xlink:href="#sSpan1661" value="ⲉⲃⲟⲗ ϩⲛ"/>
		<feat xlink:href="#sSpan2041" value="ϩⲣⲁⲓ ϩⲛ"/>
		<feat xlink:href="#sSpan4067" value="ⲃⲱⲗ ⲉⲃⲟⲗ"/>
		<feat xlink:href="#sSpan4095" value="ⲱⲗ ⲉϩⲣⲁⲓ"/>
		<feat xlink:href="#sSpan4262" value="ⲃⲱⲕ ⲉϩⲟⲩⲛ"/>
		<feat xlink:href="#sSpan4400" value="ⲕⲱ ⲉⲃⲟⲗ"/>
		<feat xlink:href="#sSpan4522" value="ⲉⲃⲟⲗ ϩⲛ"/>
		<feat xlink:href="#sSpan4556" value="ⲉⲃⲟⲗ ϩⲛ"/>
		<feat xlink:href="#sSpan4635" value="ϩⲉ ⲉ"/>
		<feat xlink:href="#sSpan4855" value="ⲉⲓ ⲉ"/>
		<feat xlink:href="#sSpan4993" value="ⲃⲱⲗ ⲉⲃⲟⲗ"/>
		<feat xlink:href="#sSpan5028" value="ⲃⲱⲗ ⲉⲃⲟⲗ"/>
		<feat xlink:href="#sSpan5493" value="ϭⲱ ⲉ"/>
		<feat xlink:href="#sSpan5563" value="ⲉⲓ ⲉ"/>
		<feat xlink:href="#sSpan5574" value="ⲃⲱⲕ ⲉϩⲣⲁⲓ"/>
		<feat xlink:href="#sSpan5661" value="ⲉⲓ ⲉϩⲣⲁⲓ"/>
		<feat xlink:href="#sSpan6138" value="ⲉ ⲁ"/>
		<feat xlink:href="#sSpan7272" value="ⲱⲗ ⲉϩⲣⲁⲓ"/>
		<feat xlink:href="#sSpan7524" value="ⲉⲃⲟⲗ ϩⲛ"/>
		<feat xlink:href="#sSpan7670" value="ⲛⲥⲁⲃⲏⲗ ϫⲉ"/>
		<feat xlink:href="#sSpan7730" value="ⲉⲓ ⲉ"/>
		<feat xlink:href="#sSpan7816" value="ⲉⲧⲃⲉ ⲡⲁⲓ"/>
		<feat xlink:href="#sSpan8388" value="ⲉ ⲁ"/>
		<feat xlink:href="#sSpan8900" value="ⲱϣ ⲉⲃⲟⲗ"/>
		<feat xlink:href="#sSpan9033" value="ⲥⲁ ⲛ"/>
		<feat xlink:href="#sSpan9049" value="ⲥⲁ ⲛ"/>
		<feat xlink:href="#sSpan9248" value="ⲉ ⲁ"/>
		<feat xlink:href="#sSpan9425" value="ϩⲓ ⲧⲟⲟⲧ"/>
		<feat xlink:href="#sSpan9441" value="ⲉⲓ ⲛ"/>
		<feat xlink:href="#sSpan9636" value="ⲱϣ ⲉⲃⲟⲗ"/>
		<feat xlink:href="#sSpan9675" value="ⲥⲁ ⲛ"/>
		<feat xlink:href="#sSpan9691" value="ⲥⲁ ⲛ"/>
		<feat xlink:href="#sSpan9782" value="ϩⲉ ⲉ"/>
		<feat xlink:href="#sSpan9973" value="ⲉⲓ ⲉⲃⲟⲗ"/>
		<feat xlink:href="#sSpan10195" value="ⲉⲓⲣⲉ ⲛ"/>
		<feat xlink:href="#sSpan10503" value="ⲉⲓ ⲉ"/>
		<feat xlink:href="#sSpan10573" value="ⲉⲓ ⲉϫⲛ"/>
		<feat xlink:href="#sSpan10630" value="ⲉⲓ ⲉϩⲟⲩⲛ"/>
		<feat xlink:href="#sSpan10674" value="ϩⲉ ⲉ"/>
		<feat xlink:href="#sSpan10744" value="ⲙⲛ ⲟⲩⲟⲛ"/>
		<feat xlink:href="#sSpan11037" value="ⲥⲱⲣ ⲉⲃⲟⲗ"/>
		<feat xlink:href="#sSpan11556" value="ϭⲱ ⲉ"/>
		<feat xlink:href="#sSpan11956" value="ⲉⲓ ⲉ"/>
		<feat xlink:href="#sSpan12528" value="ⲃⲱⲕ ⲉ"/>
		<feat xlink:href="#sSpan12569" value="ⲃⲱⲕ ⲉ"/>
		<feat xlink:href="#sSpan12871" value="ⲉⲃⲟⲗ ϫⲉ"/>
		<feat xlink:href="#sSpan12884" value="ⲗⲟ ϩⲛ"/>
		<feat xlink:href="#sSpan12907" value="ⲉⲃⲟⲗ ϫⲉ"/>
		<feat xlink:href="#sSpan12920" value="ⲃⲱⲕ ⲉ"/>
		<feat xlink:href="#sSpan12958" value="ⲉⲧⲃⲉ ⲡⲁⲓ"/>
		<feat xlink:href="#sSpan13629" value="ⲃⲱⲕ ⲉ"/>
		<feat xlink:href="#sSpan13731" value="ⲉⲃⲟⲗ ϩⲛ"/>
		<feat xlink:href="#sSpan13944" value="ⲉⲃⲟⲗ ϫⲉ"/>
		<feat xlink:href="#sSpan13963" value="ⲃⲱⲕ ⲉ"/>
		<feat xlink:href="#sSpan14055" value="ϭⲱ ⲉ"/>
		<feat xlink:href="#sSpan14074" value="ϣⲓⲛⲉ ⲛⲥⲁ"/>
		<feat xlink:href="#sSpan14552" value="ⲉⲓ ⲉ"/>
		<feat xlink:href="#sSpan14905" value="ⲙⲉⲉⲩⲉ ⲛϩⲏⲧ"/>
		<feat xlink:href="#sSpan14924" value="ⲃⲱⲕ ⲉ"/>
		<feat xlink:href="#sSpan15029" value="ⲃⲱⲕ ⲉ"/>
		<feat xlink:href="#sSpan15108" value="ⲉⲓ ⲉⲃⲟⲗ"/>
		<feat xlink:href="#sSpan15159" value="ⲉⲓ ⲉϩⲣⲁⲓ"/>
		<feat xlink:href="#sSpan15336" value="ⲉⲓ ⲉ"/>
		<feat xlink:href="#sSpan15817" value="ⲙⲏⲏϣⲉ ⲛ"/>
		<feat xlink:href="#sSpan16089" value="ⲱϣ ⲉⲃⲟⲗ"/>
		<feat xlink:href="#sSpan16131" value="ⲱϣ ⲉϩⲣⲁⲓ"/>
		<feat xlink:href="#sSpan16193" value="ⲉ ⲁ"/>
		<feat xlink:href="#sSpan16394" value="ⲉⲓ ⲉϩⲟⲩⲛ"/>
		<feat xlink:href="#sSpan16516" value="ⲃⲱⲕ ⲉ"/></featList></paula>