<?xml version='1.0' encoding='UTF-8'?><!DOCTYPE paula SYSTEM "paula_mark.dtd">
<paula version="1.1">
	<header paula_id="AP.005.unid.senses.tok"/>
	<markList xmlns:xlink="http://www.w3.org/1999/xlink" type="tok" xml:base="AP.005.unid.senses.text.xml">
		<!--Ⲁ-->
		<mark id="sTok1" xlink:href="#xpointer(string-range(//body,'',1,1))"/>
		<!--ⲟⲩⲁ-->
		<mark id="sTok2" xlink:href="#xpointer(string-range(//body,'',3,3))"/>
		<!--ϫⲛⲉ-->
		<mark id="sTok3" xlink:href="#xpointer(string-range(//body,'',7,3))"/>
		<!--ⲟⲩ-->
		<mark id="sTok4" xlink:href="#xpointer(string-range(//body,'',11,2))"/>
		<!--ϩⲗ̇ⲗⲟ-->
		<mark id="sTok5" xlink:href="#xpointer(string-range(//body,'',14,5))"/>
		<!--ϫⲉ-->
		<mark id="sTok6" xlink:href="#xpointer(string-range(//body,'',20,2))"/>
		<!--ⲉⲧⲃⲉ-->
		<mark id="sTok7" xlink:href="#xpointer(string-range(//body,'',23,4))"/>
		<!--ⲟⲩ-->
		<mark id="sTok8" xlink:href="#xpointer(string-range(//body,'',28,2))"/>
		<!--ⲉ-->
		<mark id="sTok9" xlink:href="#xpointer(string-range(//body,'',31,1))"/>
		<!--ⲓ̇-->
		<mark id="sTok10" xlink:href="#xpointer(string-range(//body,'',33,2))"/>
		<!--ϩ̇ⲙⲟⲟⲥ-->
		<mark id="sTok11" xlink:href="#xpointer(string-range(//body,'',36,6))"/>
		<!--ϩⲙ-->
		<mark id="sTok12" xlink:href="#xpointer(string-range(//body,'',43,2))"/>
		<!--ⲡⲁ-->
		<mark id="sTok13" xlink:href="#xpointer(string-range(//body,'',46,2))"/>
		<!--ⲙⲁ-->
		<mark id="sTok14" xlink:href="#xpointer(string-range(//body,'',49,2))"/>
		<!--ⲛ̄-->
		<mark id="sTok15" xlink:href="#xpointer(string-range(//body,'',52,2))"/>
		<!--ϣⲱⲱⲡⲉ-->
		<mark id="sTok16" xlink:href="#xpointer(string-range(//body,'',55,5))"/>
		<!--ⲡⲁ-->
		<mark id="sTok17" xlink:href="#xpointer(string-range(//body,'',61,2))"/>
		<!--ϩⲏⲧ-->
		<mark id="sTok18" xlink:href="#xpointer(string-range(//body,'',64,3))"/>
		<!--ⲕⲱⲧⲉ-->
		<mark id="sTok19" xlink:href="#xpointer(string-range(//body,'',68,4))"/>
		<!--ⲥⲁ-->
		<mark id="sTok20" xlink:href="#xpointer(string-range(//body,'',73,2))"/>
		<!--ⲥⲁ-->
		<mark id="sTok21" xlink:href="#xpointer(string-range(//body,'',76,2))"/>
		<!--ⲛⲓⲙ-->
		<mark id="sTok22" xlink:href="#xpointer(string-range(//body,'',79,3))"/>
		<!--·-->
		<mark id="sTok23" xlink:href="#xpointer(string-range(//body,'',83,1))"/>
		<!--Ⲁ-->
		<mark id="sTok24" xlink:href="#xpointer(string-range(//body,'',85,1))"/>
		<!--ϥ-->
		<mark id="sTok25" xlink:href="#xpointer(string-range(//body,'',87,1))"/>
		<!--ⲟⲩⲱϣⲃ̇-->
		<mark id="sTok26" xlink:href="#xpointer(string-range(//body,'',89,6))"/>
		<!--ⲛⲁ-->
		<mark id="sTok27" xlink:href="#xpointer(string-range(//body,'',96,2))"/>
		<!--ϥ-->
		<mark id="sTok28" xlink:href="#xpointer(string-range(//body,'',99,1))"/>
		<!--ⲛ̇ϭⲓ-->
		<mark id="sTok29" xlink:href="#xpointer(string-range(//body,'',101,4))"/>
		<!--ⲡ-->
		<mark id="sTok30" xlink:href="#xpointer(string-range(//body,'',106,1))"/>
		<!--ϩⲗ̇ⲗⲟ-->
		<mark id="sTok31" xlink:href="#xpointer(string-range(//body,'',108,5))"/>
		<!--ϫⲉ-->
		<mark id="sTok32" xlink:href="#xpointer(string-range(//body,'',114,2))"/>
		<!--ⲉⲃⲟⲗ-->
		<mark id="sTok33" xlink:href="#xpointer(string-range(//body,'',117,4))"/>
		<!--ϫⲉ-->
		<mark id="sTok34" xlink:href="#xpointer(string-range(//body,'',122,2))"/>
		<!--ⲥⲉ-->
		<mark id="sTok35" xlink:href="#xpointer(string-range(//body,'',125,2))"/>
		<!--ϣⲱ-->
		<mark id="sTok36" xlink:href="#xpointer(string-range(//body,'',128,2))"/>
		<!--ⲛⲉ-->
		<mark id="sTok37" xlink:href="#xpointer(string-range(//body,'',131,2))"/>
		<!--ⲛ̇ϭⲓ̇-->
		<mark id="sTok38" xlink:href="#xpointer(string-range(//body,'',134,5))"/>
		<!--ⲛⲉⲕ-->
		<mark id="sTok39" xlink:href="#xpointer(string-range(//body,'',140,3))"/>
		<!--ⲉⲥⲑⲏⲧⲏⲣⲓ-->
		<mark id="sTok40" xlink:href="#xpointer(string-range(//body,'',144,8))"/>
		<!--ⲟⲛ-->
		<mark id="sTok41" xlink:href="#xpointer(string-range(//body,'',153,2))"/>
		<!--ⲉⲧ-->
		<mark id="sTok42" xlink:href="#xpointer(string-range(//body,'',156,2))"/>
		<!--ϩⲓⲃⲟⲗ-->
		<mark id="sTok43" xlink:href="#xpointer(string-range(//body,'',159,5))"/>
		<!--·ⲻ-->
		<mark id="sTok44" xlink:href="#xpointer(string-range(//body,'',165,2))"/>
		<!--ⲧ-->
		<mark id="sTok45" xlink:href="#xpointer(string-range(//body,'',168,1))"/>
		<!--ϭⲓⲛ-->
		<mark id="sTok46" xlink:href="#xpointer(string-range(//body,'',170,3))"/>
		<!--ⲛⲁⲩ-->
		<mark id="sTok47" xlink:href="#xpointer(string-range(//body,'',174,3))"/>
		<!--·-->
		<mark id="sTok48" xlink:href="#xpointer(string-range(//body,'',178,1))"/>
		<!--ⲧ-->
		<mark id="sTok49" xlink:href="#xpointer(string-range(//body,'',180,1))"/>
		<!--ϭⲓⲛ-->
		<mark id="sTok50" xlink:href="#xpointer(string-range(//body,'',182,3))"/>
		<!--ⲥⲱⲧⲙ̇-->
		<mark id="sTok51" xlink:href="#xpointer(string-range(//body,'',186,5))"/>
		<!--·-->
		<mark id="sTok52" xlink:href="#xpointer(string-range(//body,'',192,1))"/>
		<!--ⲧ-->
		<mark id="sTok53" xlink:href="#xpointer(string-range(//body,'',194,1))"/>
		<!--ϭⲓⲛ-->
		<mark id="sTok54" xlink:href="#xpointer(string-range(//body,'',196,3))"/>
		<!--ϣⲱⲗⲙ̄-->
		<mark id="sTok55" xlink:href="#xpointer(string-range(//body,'',200,5))"/>
		<!--·-->
		<mark id="sTok56" xlink:href="#xpointer(string-range(//body,'',206,1))"/>
		<!--ⲧ-->
		<mark id="sTok57" xlink:href="#xpointer(string-range(//body,'',208,1))"/>
		<!--ϭⲓⲛ-->
		<mark id="sTok58" xlink:href="#xpointer(string-range(//body,'',210,3))"/>
		<!--ϣⲁϫⲉ-->
		<mark id="sTok59" xlink:href="#xpointer(string-range(//body,'',214,4))"/>
		<!--·-->
		<mark id="sTok60" xlink:href="#xpointer(string-range(//body,'',219,1))"/>
		<!--Ⲛ-->
		<mark id="sTok61" xlink:href="#xpointer(string-range(//body,'',221,1))"/>
		<!--ⲁⲓ-->
		<mark id="sTok62" xlink:href="#xpointer(string-range(//body,'',223,2))"/>
		<!--ϭⲉ-->
		<mark id="sTok63" xlink:href="#xpointer(string-range(//body,'',226,2))"/>
		<!--ⲉϣⲱⲡⲉ-->
		<mark id="sTok64" xlink:href="#xpointer(string-range(//body,'',229,5))"/>
		<!--ⲉⲕϣ̇ⲁⲛ-->
		<mark id="sTok65" xlink:href="#xpointer(string-range(//body,'',235,6))"/>
		<!--ϫⲡⲟ-->
		<mark id="sTok66" xlink:href="#xpointer(string-range(//body,'',242,3))"/>
		<!--ⲛ̄-->
		<mark id="sTok67" xlink:href="#xpointer(string-range(//body,'',246,2))"/>
		<!--ⲧⲉⲩ-->
		<mark id="sTok68" xlink:href="#xpointer(string-range(//body,'',249,3))"/>
		<!--ⲉ̇ⲛⲉⲣⲅⲓⲁ-->
		<mark id="sTok69" xlink:href="#xpointer(string-range(//body,'',253,8))"/>
		<!--ϩⲛ̇-->
		<mark id="sTok70" xlink:href="#xpointer(string-range(//body,'',262,3))"/>
		<!--ⲟⲩ-->
		<mark id="sTok71" xlink:href="#xpointer(string-range(//body,'',266,2))"/>
		<!--ⲙⲛ̇ⲧ-->
		<mark id="sTok72" xlink:href="#xpointer(string-range(//body,'',269,4))"/>
		<!--ⲕⲁⲑⲁⲣⲟ̣-->
		<mark id="sTok73" xlink:href="#xpointer(string-range(//body,'',274,7))"/>
		<!--[ⲥ]-->
		<mark id="sTok74" xlink:href="#xpointer(string-range(//body,'',282,3))"/>
		<!--ϣⲁⲣⲉ-->
		<mark id="sTok75" xlink:href="#xpointer(string-range(//body,'',286,4))"/>
		<!--ⲛ̇-->
		<mark id="sTok76" xlink:href="#xpointer(string-range(//body,'',291,2))"/>
		<!--ⲕⲉ-->
		<mark id="sTok77" xlink:href="#xpointer(string-range(//body,'',294,2))"/>
		<!--ⲉⲥ̇ⲑⲏⲧⲏ-->
		<mark id="sTok78" xlink:href="#xpointer(string-range(//body,'',297,7))"/>
		<!--[ⲣⲓ]-->
		<mark id="sTok79" xlink:href="#xpointer(string-range(//body,'',305,4))"/>
		<!--ⲟⲛ-->
		<mark id="sTok80" xlink:href="#xpointer(string-range(//body,'',310,2))"/>
		<!--ⲉⲧ-->
		<mark id="sTok81" xlink:href="#xpointer(string-range(//body,'',313,2))"/>
		<!--ϩⲓϩⲟⲩⲛ-->
		<mark id="sTok82" xlink:href="#xpointer(string-range(//body,'',316,6))"/>
		<!--ϣⲱⲡⲉ̣-->
		<mark id="sTok83" xlink:href="#xpointer(string-range(//body,'',323,5))"/>
		<!--ϩⲛ̇-->
		<mark id="sTok84" xlink:href="#xpointer(string-range(//body,'',329,3))"/>
		<!--ⲟⲩ-->
		<mark id="sTok85" xlink:href="#xpointer(string-range(//body,'',333,2))"/>
		<!--ⲥ̇ϭⲣⲁϩⲧ̇-->
		<mark id="sTok86" xlink:href="#xpointer(string-range(//body,'',336,8))"/>
		<!--.-->
		<mark id="sTok87" xlink:href="#xpointer(string-range(//body,'',345,1))"/>
		<!--ⲙⲛ̇-->
		<mark id="sTok88" xlink:href="#xpointer(string-range(//body,'',347,3))"/>
		<!--ⲟⲩ-->
		<mark id="sTok89" xlink:href="#xpointer(string-range(//body,'',351,2))"/>
		<!--ⲟⲩϫⲁⲓ̈-->
		<mark id="sTok90" xlink:href="#xpointer(string-range(//body,'',354,6))"/>
		<!--.ⲻ-->
		<mark id="sTok91" xlink:href="#xpointer(string-range(//body,'',361,2))"/></markList></paula>