<?xml version='1.0' encoding='UTF-8'?><!DOCTYPE paula SYSTEM "paula_feat.dtd">
<paula version="1.1">
	<header paula_id="scriptorium.AP.005.unid.senses.mark_norm_group"/>
	<featList xmlns:xlink="http://www.w3.org/1999/xlink" type="norm_group" xml:base="scriptorium.AP.005.unid.senses.mark.xml">
		<feat xlink:href="#sSpan4" value="ⲁⲟⲩⲁ"/>
		<feat xlink:href="#sSpan18" value="ϫⲛⲉⲟⲩϩⲗⲗⲟ"/>
		<feat xlink:href="#sSpan27" value="ϫⲉⲉⲧⲃⲉⲟⲩ"/>
		<feat xlink:href="#sSpan38" value="ⲉⲓϩⲙⲟⲟⲥ"/>
		<feat xlink:href="#sSpan46" value="ϩⲙⲡⲁⲙⲁⲛϣⲱⲱⲡⲉ"/>
		<feat xlink:href="#sSpan61" value="ⲡⲁϩⲏⲧ"/>
		<feat xlink:href="#sSpan69" value="ⲕⲱⲧⲉ"/>
		<feat xlink:href="#sSpan73" value="ⲥⲁⲥⲁ"/>
		<feat xlink:href="#sSpan80" value="ⲛⲓⲙ"/>
		<feat xlink:href="#sSpan84" value="."/>
		<feat xlink:href="#sSpan89" value="ⲁϥⲟⲩⲱϣⲃ"/>
		<feat xlink:href="#sSpan101" value="ⲛⲁϥ"/>
		<feat xlink:href="#sSpan107" value="ⲛϭⲓⲡϩⲗⲗⲟ"/>
		<feat xlink:href="#sSpan117" value="ϫⲉⲉⲃⲟⲗ"/>
		<feat xlink:href="#sSpan124" value="ϫⲉⲥⲉϣⲱⲛⲉ"/>
		<feat xlink:href="#sSpan133" value="ⲛϭⲓⲛⲉⲕⲉⲥⲑⲏⲧⲏⲣⲓⲟⲛ"/>
		<feat xlink:href="#sSpan144" value="ⲉⲧϩⲓⲃⲟⲗ"/>
		<feat xlink:href="#sSpan150" value=","/>
		<feat xlink:href="#sSpan155" value="ⲧϭⲓⲛⲛⲁⲩ"/>
		<feat xlink:href="#sSpan164" value=","/>
		<feat xlink:href="#sSpan169" value="ⲧϭⲓⲛⲥⲱⲧⲙ"/>
		<feat xlink:href="#sSpan178" value=","/>
		<feat xlink:href="#sSpan183" value="ⲧϭⲓⲛϣⲱⲗⲙ"/>
		<feat xlink:href="#sSpan192" value=","/>
		<feat xlink:href="#sSpan197" value="ⲧϭⲓⲛϣⲁϫⲉ"/>
		<feat xlink:href="#sSpan206" value="."/>
		<feat xlink:href="#sSpan212" value="ⲛⲁⲓ"/>
		<feat xlink:href="#sSpan220" value="ϭⲉ"/>
		<feat xlink:href="#sSpan224" value="ⲉϣⲱⲡⲉ"/>
		<feat xlink:href="#sSpan228" value="ⲉⲕϣⲁⲛϫⲡⲟ"/>
		<feat xlink:href="#sSpan235" value="ⲛⲧⲉⲩⲉⲛⲉⲣⲅⲉⲓⲁ"/>
		<feat xlink:href="#sSpan245" value="ϩⲛⲟⲩⲙⲛⲧⲕⲁⲑⲁⲣⲟⲥ"/>
		<feat xlink:href="#sSpan260" value="ϣⲁⲣⲉ"/>
		<feat xlink:href="#sSpan265" value="ⲛⲕⲉⲉⲥⲑⲏⲧⲏⲣⲓⲟⲛ"/>
		<feat xlink:href="#sSpan278" value="ⲉⲧϩⲓϩⲟⲩⲛ"/>
		<feat xlink:href="#sSpan284" value="ϣⲱⲡⲉ"/>
		<feat xlink:href="#sSpan288" value="ϩⲛⲟⲩⲥϭⲣⲁϩⲧ"/>
		<feat xlink:href="#sSpan298" value=","/>
		<feat xlink:href="#sSpan302" value="ⲙⲛⲟⲩⲟⲩϫⲁⲓ"/>
		<feat xlink:href="#sSpan312" value="."/></featList></paula>