<?xml version='1.0' encoding='UTF-8'?><!DOCTYPE paula SYSTEM "paula_feat.dtd">
<paula version="1.1">
	<header paula_id="scriptorium.AP.005.unid.senses.mark_pos"/>
	<featList xmlns:xlink="http://www.w3.org/1999/xlink" type="pos" xml:base="scriptorium.AP.005.unid.senses.mark.xml">
		<feat xlink:href="#sSpan2" value="APST"/>
		<feat xlink:href="#sSpan13" value="NUM"/>
		<feat xlink:href="#sSpan16" value="V"/>
		<feat xlink:href="#sSpan20" value="ART"/>
		<feat xlink:href="#sSpan23" value="N"/>
		<feat xlink:href="#sSpan25" value="CONJ"/>
		<feat xlink:href="#sSpan30" value="PREP"/>
		<feat xlink:href="#sSpan34" value="PINT"/>
		<feat xlink:href="#sSpan36" value="CFOC"/>
		<feat xlink:href="#sSpan40" value="PPERS"/>
		<feat xlink:href="#sSpan42" value="VSTAT"/>
		<feat xlink:href="#sSpan44" value="PREP"/>
		<feat xlink:href="#sSpan48" value="PPOS"/>
		<feat xlink:href="#sSpan52" value="N"/>
		<feat xlink:href="#sSpan54" value="PREP"/>
		<feat xlink:href="#sSpan56" value="V"/>
		<feat xlink:href="#sSpan58" value="PPOS"/>
		<feat xlink:href="#sSpan64" value="N"/>
		<feat xlink:href="#sSpan67" value="V"/>
		<feat xlink:href="#sSpan71" value="PREP"/>
		<feat xlink:href="#sSpan75" value="N"/>
		<feat xlink:href="#sSpan78" value="PINT"/>
		<feat xlink:href="#sSpan82" value="PUNCT"/>
		<feat xlink:href="#sSpan87" value="APST"/>
		<feat xlink:href="#sSpan95" value="PPERS"/>
		<feat xlink:href="#sSpan97" value="V"/>
		<feat xlink:href="#sSpan99" value="PREP"/>
		<feat xlink:href="#sSpan103" value="PPERO"/>
		<feat xlink:href="#sSpan105" value="PTC"/>
		<feat xlink:href="#sSpan109" value="ART"/>
		<feat xlink:href="#sSpan112" value="N"/>
		<feat xlink:href="#sSpan115" value="CONJ"/>
		<feat xlink:href="#sSpan119" value="ADV"/>
		<feat xlink:href="#sSpan122" value="CONJ"/>
		<feat xlink:href="#sSpan126" value="PPERS"/>
		<feat xlink:href="#sSpan128" value="V"/>
		<feat xlink:href="#sSpan131" value="PTC"/>
		<feat xlink:href="#sSpan135" value="PPOS"/>
		<feat xlink:href="#sSpan139" value="N"/>
		<feat xlink:href="#sSpan142" value="CREL"/>
		<feat xlink:href="#sSpan146" value="ADV"/>
		<feat xlink:href="#sSpan148" value="PUNCT"/>
		<feat xlink:href="#sSpan152" value="ART"/>
		<feat xlink:href="#sSpan159" value="N"/>
		<feat xlink:href="#sSpan162" value="PUNCT"/>
		<feat xlink:href="#sSpan166" value="ART"/>
		<feat xlink:href="#sSpan173" value="N"/>
		<feat xlink:href="#sSpan176" value="PUNCT"/>
		<feat xlink:href="#sSpan180" value="ART"/>
		<feat xlink:href="#sSpan187" value="N"/>
		<feat xlink:href="#sSpan190" value="PUNCT"/>
		<feat xlink:href="#sSpan194" value="ART"/>
		<feat xlink:href="#sSpan201" value="N"/>
		<feat xlink:href="#sSpan204" value="PUNCT"/>
		<feat xlink:href="#sSpan209" value="PDEM"/>
		<feat xlink:href="#sSpan218" value="PTC"/>
		<feat xlink:href="#sSpan222" value="CONJ"/>
		<feat xlink:href="#sSpan226" value="ACOND_PPERS"/>
		<feat xlink:href="#sSpan230" value="V"/>
		<feat xlink:href="#sSpan233" value="PREP"/>
		<feat xlink:href="#sSpan237" value="PPOS"/>
		<feat xlink:href="#sSpan241" value="N"/>
		<feat xlink:href="#sSpan243" value="PREP"/>
		<feat xlink:href="#sSpan248" value="ART"/>
		<feat xlink:href="#sSpan252" value="N"/>
		<feat xlink:href="#sSpan257" value="AAOR"/>
		<feat xlink:href="#sSpan262" value="ART"/>
		<feat xlink:href="#sSpan267" value="ART"/>
		<feat xlink:href="#sSpan270" value="N"/>
		<feat xlink:href="#sSpan274" value="CREL"/>
		<feat xlink:href="#sSpan278" value="ADV"/>
		<feat xlink:href="#sSpan280" value="V"/>
		<feat xlink:href="#sSpan284" value="PREP"/>
		<feat xlink:href="#sSpan289" value="ART"/>
		<feat xlink:href="#sSpan292" value="N"/>
		<feat xlink:href="#sSpan294" value="PUNCT"/>
		<feat xlink:href="#sSpan298" value="PREP"/>
		<feat xlink:href="#sSpan302" value="ART"/>
		<feat xlink:href="#sSpan305" value="N"/>
		<feat xlink:href="#sSpan308" value="PUNCT"/></featList></paula>