<?xml version='1.0' encoding='UTF-8'?><!DOCTYPE paula SYSTEM "paula_feat.dtd">
<paula version="1.1">
	<header paula_id="scriptorium.AP.005.unid.senses.mark_norm"/>
	<featList xmlns:xlink="http://www.w3.org/1999/xlink" type="norm" xml:base="scriptorium.AP.005.unid.senses.mark.xml">
		<feat xlink:href="#sSpan2" value="ⲁ"/>
		<feat xlink:href="#sSpan14" value="ⲟⲩⲁ"/>
		<feat xlink:href="#sSpan17" value="ϫⲛⲉ"/>
		<feat xlink:href="#sSpan21" value="ⲟⲩ"/>
		<feat xlink:href="#sSpan24" value="ϩⲗⲗⲟ"/>
		<feat xlink:href="#sSpan26" value="ϫⲉ"/>
		<feat xlink:href="#sSpan32" value="ⲉⲧⲃⲉ"/>
		<feat xlink:href="#sSpan36" value="ⲟⲩ"/>
		<feat xlink:href="#sSpan38" value="ⲉ"/>
		<feat xlink:href="#sSpan42" value="ⲓ"/>
		<feat xlink:href="#sSpan44" value="ϩⲙⲟⲟⲥ"/>
		<feat xlink:href="#sSpan46" value="ϩⲙ"/>
		<feat xlink:href="#sSpan50" value="ⲡⲁ"/>
		<feat xlink:href="#sSpan54" value="ⲙⲁ"/>
		<feat xlink:href="#sSpan56" value="ⲛ"/>
		<feat xlink:href="#sSpan58" value="ϣⲱⲱⲡⲉ"/>
		<feat xlink:href="#sSpan60" value="ⲡⲁ"/>
		<feat xlink:href="#sSpan67" value="ϩⲏⲧ"/>
		<feat xlink:href="#sSpan70" value="ⲕⲱⲧⲉ"/>
		<feat xlink:href="#sSpan74" value="ⲥⲁ"/>
		<feat xlink:href="#sSpan78" value="ⲥⲁ"/>
		<feat xlink:href="#sSpan81" value="ⲛⲓⲙ"/>
		<feat xlink:href="#sSpan85" value="."/>
		<feat xlink:href="#sSpan90" value="ⲁ"/>
		<feat xlink:href="#sSpan99" value="ϥ"/>
		<feat xlink:href="#sSpan101" value="ⲟⲩⲱϣⲃ"/>
		<feat xlink:href="#sSpan103" value="ⲛⲁ"/>
		<feat xlink:href="#sSpan107" value="ϥ"/>
		<feat xlink:href="#sSpan109" value="ⲛϭⲓ"/>
		<feat xlink:href="#sSpan113" value="ⲡ"/>
		<feat xlink:href="#sSpan116" value="ϩⲗⲗⲟ"/>
		<feat xlink:href="#sSpan119" value="ϫⲉ"/>
		<feat xlink:href="#sSpan123" value="ⲉⲃⲟⲗ"/>
		<feat xlink:href="#sSpan126" value="ϫⲉ"/>
		<feat xlink:href="#sSpan130" value="ⲥⲉ"/>
		<feat xlink:href="#sSpan132" value="ϣⲱⲛⲉ"/>
		<feat xlink:href="#sSpan135" value="ⲛϭⲓ"/>
		<feat xlink:href="#sSpan139" value="ⲛⲉⲕ"/>
		<feat xlink:href="#sSpan143" value="ⲉⲥⲑⲏⲧⲏⲣⲓⲟⲛ"/>
		<feat xlink:href="#sSpan146" value="ⲉⲧ"/>
		<feat xlink:href="#sSpan150" value="ϩⲓⲃⲟⲗ"/>
		<feat xlink:href="#sSpan152" value=","/>
		<feat xlink:href="#sSpan156" value="ⲧ"/>
		<feat xlink:href="#sSpan163" value="ϭⲓⲛⲛⲁⲩ"/>
		<feat xlink:href="#sSpan166" value=","/>
		<feat xlink:href="#sSpan170" value="ⲧ"/>
		<feat xlink:href="#sSpan177" value="ϭⲓⲛⲥⲱⲧⲙ"/>
		<feat xlink:href="#sSpan180" value=","/>
		<feat xlink:href="#sSpan184" value="ⲧ"/>
		<feat xlink:href="#sSpan191" value="ϭⲓⲛϣⲱⲗⲙ"/>
		<feat xlink:href="#sSpan194" value=","/>
		<feat xlink:href="#sSpan198" value="ⲧ"/>
		<feat xlink:href="#sSpan205" value="ϭⲓⲛϣⲁϫⲉ"/>
		<feat xlink:href="#sSpan208" value="."/>
		<feat xlink:href="#sSpan213" value="ⲛⲁⲓ"/>
		<feat xlink:href="#sSpan223" value="ϭⲉ"/>
		<feat xlink:href="#sSpan227" value="ⲉϣⲱⲡⲉ"/>
		<feat xlink:href="#sSpan231" value="ⲉⲕϣⲁⲛ"/>
		<feat xlink:href="#sSpan235" value="ϫⲡⲟ"/>
		<feat xlink:href="#sSpan238" value="ⲛ"/>
		<feat xlink:href="#sSpan242" value="ⲧⲉⲩ"/>
		<feat xlink:href="#sSpan246" value="ⲉⲛⲉⲣⲅⲉⲓⲁ"/>
		<feat xlink:href="#sSpan248" value="ϩⲛ"/>
		<feat xlink:href="#sSpan253" value="ⲟⲩ"/>
		<feat xlink:href="#sSpan257" value="ⲙⲛⲧⲕⲁⲑⲁⲣⲟⲥ"/>
		<feat xlink:href="#sSpan263" value="ϣⲁⲣⲉ"/>
		<feat xlink:href="#sSpan268" value="ⲛ"/>
		<feat xlink:href="#sSpan273" value="ⲕⲉ"/>
		<feat xlink:href="#sSpan276" value="ⲉⲥⲑⲏⲧⲏⲣⲓⲟⲛ"/>
		<feat xlink:href="#sSpan281" value="ⲉⲧ"/>
		<feat xlink:href="#sSpan285" value="ϩⲓϩⲟⲩⲛ"/>
		<feat xlink:href="#sSpan287" value="ϣⲱⲡⲉ"/>
		<feat xlink:href="#sSpan291" value="ϩⲛ"/>
		<feat xlink:href="#sSpan296" value="ⲟⲩ"/>
		<feat xlink:href="#sSpan299" value="ⲥϭⲣⲁϩⲧ"/>
		<feat xlink:href="#sSpan301" value=","/>
		<feat xlink:href="#sSpan305" value="ⲙⲛ"/>
		<feat xlink:href="#sSpan309" value="ⲟⲩ"/>
		<feat xlink:href="#sSpan312" value="ⲟⲩϫⲁⲓ"/>
		<feat xlink:href="#sSpan315" value="."/></featList></paula>