<?xml version='1.0' encoding='UTF-8'?><!DOCTYPE paula SYSTEM "paula_rel.dtd">
<paula version="1.1">
	<header paula_id="scriptorium.AP.005.unid.senses.dep"/>
	<relList xmlns:xlink="http://www.w3.org/1999/xlink" type="dep">
		<rel id="sPointingRel1" xlink:href="scriptorium.AP.005.unid.senses.mark.xml#sSpan159" target="scriptorium.AP.005.unid.senses.mark.xml#sSpan173"/>
		<rel id="sPointingRel3" xlink:href="scriptorium.AP.005.unid.senses.mark.xml#sSpan16" target="scriptorium.AP.005.unid.senses.mark.xml#sSpan42"/>
		<rel id="sPointingRel5" xlink:href="scriptorium.AP.005.unid.senses.mark.xml#sSpan187" target="scriptorium.AP.005.unid.senses.mark.xml#sSpan176"/>
		<rel id="sPointingRel7" xlink:href="scriptorium.AP.005.unid.senses.mark.xml#sSpan56" target="scriptorium.AP.005.unid.senses.mark.xml#sSpan54"/>
		<rel id="sPointingRel9" xlink:href="scriptorium.AP.005.unid.senses.mark.xml#sSpan42" target="scriptorium.AP.005.unid.senses.mark.xml#sSpan52"/>
		<rel id="sPointingRel11" xlink:href="scriptorium.AP.005.unid.senses.mark.xml#sSpan292" target="scriptorium.AP.005.unid.senses.mark.xml#sSpan289"/>
		<rel id="sPointingRel13" xlink:href="scriptorium.AP.005.unid.senses.mark.xml#sSpan52" target="scriptorium.AP.005.unid.senses.mark.xml#sSpan44"/>
		<rel id="sPointingRel15" xlink:href="scriptorium.AP.005.unid.senses.mark.xml#sSpan67" target="scriptorium.AP.005.unid.senses.mark.xml#sSpan64"/>
		<rel id="sPointingRel17" xlink:href="scriptorium.AP.005.unid.senses.mark.xml#sSpan201" target="scriptorium.AP.005.unid.senses.mark.xml#sSpan194"/>
		<rel id="sPointingRel19" xlink:href="scriptorium.AP.005.unid.senses.mark.xml#sSpan280" target="scriptorium.AP.005.unid.senses.mark.xml#sSpan230"/>
		<rel id="sPointingRel21" xlink:href="scriptorium.AP.005.unid.senses.mark.xml#sSpan159" target="scriptorium.AP.005.unid.senses.mark.xml#sSpan152"/>
		<rel id="sPointingRel23" xlink:href="scriptorium.AP.005.unid.senses.mark.xml#sSpan292" target="scriptorium.AP.005.unid.senses.mark.xml#sSpan305"/>
		<rel id="sPointingRel25" xlink:href="scriptorium.AP.005.unid.senses.mark.xml#sSpan128" target="scriptorium.AP.005.unid.senses.mark.xml#sSpan115"/>
		<rel id="sPointingRel27" xlink:href="scriptorium.AP.005.unid.senses.mark.xml#sSpan97" target="scriptorium.AP.005.unid.senses.mark.xml#sSpan204"/>
		<rel id="sPointingRel29" xlink:href="scriptorium.AP.005.unid.senses.mark.xml#sSpan42" target="scriptorium.AP.005.unid.senses.mark.xml#sSpan40"/>
		<rel id="sPointingRel31" xlink:href="scriptorium.AP.005.unid.senses.mark.xml#sSpan230" target="scriptorium.AP.005.unid.senses.mark.xml#sSpan226"/>
		<rel id="sPointingRel33" xlink:href="scriptorium.AP.005.unid.senses.mark.xml#sSpan280" target="scriptorium.AP.005.unid.senses.mark.xml#sSpan257"/>
		<rel id="sPointingRel35" xlink:href="scriptorium.AP.005.unid.senses.mark.xml#sSpan75" target="scriptorium.AP.005.unid.senses.mark.xml#sSpan78"/>
		<rel id="sPointingRel37" xlink:href="scriptorium.AP.005.unid.senses.mark.xml#sSpan103" target="scriptorium.AP.005.unid.senses.mark.xml#sSpan99"/>
		<rel id="sPointingRel39" xlink:href="scriptorium.AP.005.unid.senses.mark.xml#sSpan280" target="scriptorium.AP.005.unid.senses.mark.xml#sSpan270"/>
		<rel id="sPointingRel41" xlink:href="scriptorium.AP.005.unid.senses.mark.xml#sSpan97" target="scriptorium.AP.005.unid.senses.mark.xml#sSpan103"/>
		<rel id="sPointingRel43" xlink:href="scriptorium.AP.005.unid.senses.mark.xml#sSpan139" target="scriptorium.AP.005.unid.senses.mark.xml#sSpan135"/>
		<rel id="sPointingRel45" xlink:href="scriptorium.AP.005.unid.senses.mark.xml#sSpan241" target="scriptorium.AP.005.unid.senses.mark.xml#sSpan237"/>
		<rel id="sPointingRel47" xlink:href="scriptorium.AP.005.unid.senses.mark.xml#sSpan52" target="scriptorium.AP.005.unid.senses.mark.xml#sSpan56"/>
		<rel id="sPointingRel49" xlink:href="scriptorium.AP.005.unid.senses.mark.xml#sSpan42" target="scriptorium.AP.005.unid.senses.mark.xml#sSpan25"/>
		<rel id="sPointingRel51" xlink:href="scriptorium.AP.005.unid.senses.mark.xml#sSpan305" target="scriptorium.AP.005.unid.senses.mark.xml#sSpan302"/>
		<rel id="sPointingRel53" xlink:href="scriptorium.AP.005.unid.senses.mark.xml#sSpan241" target="scriptorium.AP.005.unid.senses.mark.xml#sSpan233"/>
		<rel id="sPointingRel55" xlink:href="scriptorium.AP.005.unid.senses.mark.xml#sSpan159" target="scriptorium.AP.005.unid.senses.mark.xml#sSpan148"/>
		<rel id="sPointingRel57" xlink:href="scriptorium.AP.005.unid.senses.mark.xml#sSpan34" target="scriptorium.AP.005.unid.senses.mark.xml#sSpan30"/>
		<rel id="sPointingRel59" xlink:href="scriptorium.AP.005.unid.senses.mark.xml#sSpan42" target="scriptorium.AP.005.unid.senses.mark.xml#sSpan36"/>
		<rel id="sPointingRel61" xlink:href="scriptorium.AP.005.unid.senses.mark.xml#sSpan280" target="scriptorium.AP.005.unid.senses.mark.xml#sSpan308"/>
		<rel id="sPointingRel63" xlink:href="scriptorium.AP.005.unid.senses.mark.xml#sSpan16" target="scriptorium.AP.005.unid.senses.mark.xml#sSpan13"/>
		<rel id="sPointingRel65" xlink:href="scriptorium.AP.005.unid.senses.mark.xml#sSpan42" target="scriptorium.AP.005.unid.senses.mark.xml#sSpan34"/>
		<rel id="sPointingRel67" xlink:href="scriptorium.AP.005.unid.senses.mark.xml#sSpan97" target="scriptorium.AP.005.unid.senses.mark.xml#sSpan95"/>
		<rel id="sPointingRel69" xlink:href="scriptorium.AP.005.unid.senses.mark.xml#sSpan119" target="scriptorium.AP.005.unid.senses.mark.xml#sSpan122"/>
		<rel id="sPointingRel71" xlink:href="scriptorium.AP.005.unid.senses.mark.xml#sSpan173" target="scriptorium.AP.005.unid.senses.mark.xml#sSpan162"/>
		<rel id="sPointingRel73" xlink:href="scriptorium.AP.005.unid.senses.mark.xml#sSpan146" target="scriptorium.AP.005.unid.senses.mark.xml#sSpan142"/>
		<rel id="sPointingRel75" xlink:href="scriptorium.AP.005.unid.senses.mark.xml#sSpan230" target="scriptorium.AP.005.unid.senses.mark.xml#sSpan252"/>
		<rel id="sPointingRel77" xlink:href="scriptorium.AP.005.unid.senses.mark.xml#sSpan230" target="scriptorium.AP.005.unid.senses.mark.xml#sSpan222"/>
		<rel id="sPointingRel79" xlink:href="scriptorium.AP.005.unid.senses.mark.xml#sSpan75" target="scriptorium.AP.005.unid.senses.mark.xml#sSpan71"/>
		<rel id="sPointingRel81" xlink:href="scriptorium.AP.005.unid.senses.mark.xml#sSpan97" target="scriptorium.AP.005.unid.senses.mark.xml#sSpan112"/>
		<rel id="sPointingRel83" xlink:href="scriptorium.AP.005.unid.senses.mark.xml#sSpan252" target="scriptorium.AP.005.unid.senses.mark.xml#sSpan243"/>
		<rel id="sPointingRel85" xlink:href="scriptorium.AP.005.unid.senses.mark.xml#sSpan230" target="scriptorium.AP.005.unid.senses.mark.xml#sSpan209"/>
		<rel id="sPointingRel87" xlink:href="scriptorium.AP.005.unid.senses.mark.xml#sSpan305" target="scriptorium.AP.005.unid.senses.mark.xml#sSpan294"/>
		<rel id="sPointingRel89" xlink:href="scriptorium.AP.005.unid.senses.mark.xml#sSpan280" target="scriptorium.AP.005.unid.senses.mark.xml#sSpan292"/>
		<rel id="sPointingRel91" xlink:href="scriptorium.AP.005.unid.senses.mark.xml#sSpan305" target="scriptorium.AP.005.unid.senses.mark.xml#sSpan298"/>
		<rel id="sPointingRel93" xlink:href="scriptorium.AP.005.unid.senses.mark.xml#sSpan270" target="scriptorium.AP.005.unid.senses.mark.xml#sSpan278"/>
		<rel id="sPointingRel95" xlink:href="scriptorium.AP.005.unid.senses.mark.xml#sSpan270" target="scriptorium.AP.005.unid.senses.mark.xml#sSpan262"/>
		<rel id="sPointingRel97" xlink:href="scriptorium.AP.005.unid.senses.mark.xml#sSpan201" target="scriptorium.AP.005.unid.senses.mark.xml#sSpan190"/>
		<rel id="sPointingRel99" xlink:href="scriptorium.AP.005.unid.senses.mark.xml#sSpan64" target="scriptorium.AP.005.unid.senses.mark.xml#sSpan58"/>
		<rel id="sPointingRel101" xlink:href="scriptorium.AP.005.unid.senses.mark.xml#sSpan97" target="scriptorium.AP.005.unid.senses.mark.xml#sSpan87"/>
		<rel id="sPointingRel103" xlink:href="scriptorium.AP.005.unid.senses.mark.xml#sSpan23" target="scriptorium.AP.005.unid.senses.mark.xml#sSpan20"/>
		<rel id="sPointingRel105" xlink:href="scriptorium.AP.005.unid.senses.mark.xml#sSpan128" target="scriptorium.AP.005.unid.senses.mark.xml#sSpan126"/>
		<rel id="sPointingRel107" xlink:href="scriptorium.AP.005.unid.senses.mark.xml#sSpan278" target="scriptorium.AP.005.unid.senses.mark.xml#sSpan274"/>
		<rel id="sPointingRel109" xlink:href="scriptorium.AP.005.unid.senses.mark.xml#sSpan67" target="scriptorium.AP.005.unid.senses.mark.xml#sSpan75"/>
		<rel id="sPointingRel111" xlink:href="scriptorium.AP.005.unid.senses.mark.xml#sSpan159" target="scriptorium.AP.005.unid.senses.mark.xml#sSpan187"/>
		<rel id="sPointingRel113" xlink:href="scriptorium.AP.005.unid.senses.mark.xml#sSpan173" target="scriptorium.AP.005.unid.senses.mark.xml#sSpan166"/>
		<rel id="sPointingRel115" xlink:href="scriptorium.AP.005.unid.senses.mark.xml#sSpan139" target="scriptorium.AP.005.unid.senses.mark.xml#sSpan131"/>
		<rel id="sPointingRel117" xlink:href="scriptorium.AP.005.unid.senses.mark.xml#sSpan128" target="scriptorium.AP.005.unid.senses.mark.xml#sSpan139"/>
		<rel id="sPointingRel119" xlink:href="scriptorium.AP.005.unid.senses.mark.xml#sSpan252" target="scriptorium.AP.005.unid.senses.mark.xml#sSpan248"/>
		<rel id="sPointingRel121" xlink:href="scriptorium.AP.005.unid.senses.mark.xml#sSpan97" target="scriptorium.AP.005.unid.senses.mark.xml#sSpan128"/>
		<rel id="sPointingRel123" xlink:href="scriptorium.AP.005.unid.senses.mark.xml#sSpan230" target="scriptorium.AP.005.unid.senses.mark.xml#sSpan241"/>
		<rel id="sPointingRel125" xlink:href="scriptorium.AP.005.unid.senses.mark.xml#sSpan42" target="scriptorium.AP.005.unid.senses.mark.xml#sSpan67"/>
		<rel id="sPointingRel127" xlink:href="scriptorium.AP.005.unid.senses.mark.xml#sSpan52" target="scriptorium.AP.005.unid.senses.mark.xml#sSpan48"/>
		<rel id="sPointingRel129" xlink:href="scriptorium.AP.005.unid.senses.mark.xml#sSpan230" target="scriptorium.AP.005.unid.senses.mark.xml#sSpan218"/>
		<rel id="sPointingRel131" xlink:href="scriptorium.AP.005.unid.senses.mark.xml#sSpan112" target="scriptorium.AP.005.unid.senses.mark.xml#sSpan105"/>
		<rel id="sPointingRel133" xlink:href="scriptorium.AP.005.unid.senses.mark.xml#sSpan187" target="scriptorium.AP.005.unid.senses.mark.xml#sSpan180"/>
		<rel id="sPointingRel135" xlink:href="scriptorium.AP.005.unid.senses.mark.xml#sSpan112" target="scriptorium.AP.005.unid.senses.mark.xml#sSpan109"/>
		<rel id="sPointingRel137" xlink:href="scriptorium.AP.005.unid.senses.mark.xml#sSpan128" target="scriptorium.AP.005.unid.senses.mark.xml#sSpan119"/>
		<rel id="sPointingRel139" xlink:href="scriptorium.AP.005.unid.senses.mark.xml#sSpan270" target="scriptorium.AP.005.unid.senses.mark.xml#sSpan267"/>
		<rel id="sPointingRel141" xlink:href="scriptorium.AP.005.unid.senses.mark.xml#sSpan139" target="scriptorium.AP.005.unid.senses.mark.xml#sSpan146"/>
		<rel id="sPointingRel143" xlink:href="scriptorium.AP.005.unid.senses.mark.xml#sSpan139" target="scriptorium.AP.005.unid.senses.mark.xml#sSpan159"/>
		<rel id="sPointingRel145" xlink:href="scriptorium.AP.005.unid.senses.mark.xml#sSpan159" target="scriptorium.AP.005.unid.senses.mark.xml#sSpan201"/>
		<rel id="sPointingRel147" xlink:href="scriptorium.AP.005.unid.senses.mark.xml#sSpan16" target="scriptorium.AP.005.unid.senses.mark.xml#sSpan82"/>
		<rel id="sPointingRel149" xlink:href="scriptorium.AP.005.unid.senses.mark.xml#sSpan16" target="scriptorium.AP.005.unid.senses.mark.xml#sSpan2"/>
		<rel id="sPointingRel151" xlink:href="scriptorium.AP.005.unid.senses.mark.xml#sSpan16" target="scriptorium.AP.005.unid.senses.mark.xml#sSpan23"/>
		<rel id="sPointingRel153" xlink:href="scriptorium.AP.005.unid.senses.mark.xml#sSpan292" target="scriptorium.AP.005.unid.senses.mark.xml#sSpan284"/></relList></paula>