<?xml version='1.0' encoding='UTF-8'?><!DOCTYPE paula SYSTEM "paula_feat.dtd">
<paula version="1.1">
	<header paula_id="scriptorium.AP.005.unid.senses.dep_func"/>
	<featList xmlns:xlink="http://www.w3.org/1999/xlink" type="func" xml:base="scriptorium.AP.005.unid.senses.dep.xml">
		<feat xlink:href="#sPointingRel1" value="det"/>
		<feat xlink:href="#sPointingRel3" value="det"/>
		<feat xlink:href="#sPointingRel5" value="nsubj"/>
		<feat xlink:href="#sPointingRel7" value="dislocated"/>
		<feat xlink:href="#sPointingRel9" value="case"/>
		<feat xlink:href="#sPointingRel11" value="case"/>
		<feat xlink:href="#sPointingRel13" value="mark"/>
		<feat xlink:href="#sPointingRel15" value="det"/>
		<feat xlink:href="#sPointingRel17" value="nsubj"/>
		<feat xlink:href="#sPointingRel19" value="punct"/>
		<feat xlink:href="#sPointingRel21" value="punct"/>
		<feat xlink:href="#sPointingRel23" value="case"/>
		<feat xlink:href="#sPointingRel25" value="det"/>
		<feat xlink:href="#sPointingRel27" value="punct"/>
		<feat xlink:href="#sPointingRel29" value="obl"/>
		<feat xlink:href="#sPointingRel31" value="obj"/>
		<feat xlink:href="#sPointingRel33" value="det"/>
		<feat xlink:href="#sPointingRel35" value="dislocated"/>
		<feat xlink:href="#sPointingRel37" value="det"/>
		<feat xlink:href="#sPointingRel39" value="punct"/>
		<feat xlink:href="#sPointingRel41" value="nsubj"/>
		<feat xlink:href="#sPointingRel43" value="det"/>
		<feat xlink:href="#sPointingRel45" value="det"/>
		<feat xlink:href="#sPointingRel47" value="conj"/>
		<feat xlink:href="#sPointingRel49" value="obj"/>
		<feat xlink:href="#sPointingRel51" value="mark"/>
		<feat xlink:href="#sPointingRel53" value="det"/>
		<feat xlink:href="#sPointingRel55" value="ccomp"/>
		<feat xlink:href="#sPointingRel57" value="obl"/>
		<feat xlink:href="#sPointingRel59" value="acl"/>
		<feat xlink:href="#sPointingRel61" value="cc"/>
		<feat xlink:href="#sPointingRel63" value="case"/>
		<feat xlink:href="#sPointingRel65" value="conj"/>
		<feat xlink:href="#sPointingRel67" value="det"/>
		<feat xlink:href="#sPointingRel69" value="punct"/>
		<feat xlink:href="#sPointingRel71" value="conj"/>
		<feat xlink:href="#sPointingRel73" value="case"/>
		<feat xlink:href="#sPointingRel75" value="case"/>
		<feat xlink:href="#sPointingRel77" value="obl"/>
		<feat xlink:href="#sPointingRel79" value="aux"/>
		<feat xlink:href="#sPointingRel81" value="det"/>
		<feat xlink:href="#sPointingRel83" value="fixed"/>
		<feat xlink:href="#sPointingRel85" value="dislocated"/>
		<feat xlink:href="#sPointingRel87" value="case"/>
		<feat xlink:href="#sPointingRel89" value="obl"/>
		<feat xlink:href="#sPointingRel91" value="nsubj"/>
		<feat xlink:href="#sPointingRel93" value="acl"/>
		<feat xlink:href="#sPointingRel95" value="obl"/>
		<feat xlink:href="#sPointingRel97" value="det"/>
		<feat xlink:href="#sPointingRel99" value="ccomp"/>
		<feat xlink:href="#sPointingRel101" value="det"/>
		<feat xlink:href="#sPointingRel103" value="nsubj"/>
		<feat xlink:href="#sPointingRel105" value="case"/>
		<feat xlink:href="#sPointingRel107" value="obl"/>
		<feat xlink:href="#sPointingRel109" value="det"/>
		<feat xlink:href="#sPointingRel111" value="det"/>
		<feat xlink:href="#sPointingRel113" value="punct"/>
		<feat xlink:href="#sPointingRel115" value="nsubj"/>
		<feat xlink:href="#sPointingRel117" value="appos"/>
		<feat xlink:href="#sPointingRel119" value="aux"/>
		<feat xlink:href="#sPointingRel121" value="mark"/>
		<feat xlink:href="#sPointingRel123" value="case"/>
		<feat xlink:href="#sPointingRel125" value="case"/>
		<feat xlink:href="#sPointingRel127" value="punct"/>
		<feat xlink:href="#sPointingRel129" value="advcl"/>
		<feat xlink:href="#sPointingRel131" value="parataxis"/>
		<feat xlink:href="#sPointingRel133" value="punct"/>
		<feat xlink:href="#sPointingRel135" value="mark"/>
		<feat xlink:href="#sPointingRel137" value="conj"/>
		<feat xlink:href="#sPointingRel139" value="aux"/>
		<feat xlink:href="#sPointingRel141" value="mark"/>
		<feat xlink:href="#sPointingRel143" value="mark"/>
		<feat xlink:href="#sPointingRel145" value="advmod"/>
		<feat xlink:href="#sPointingRel147" value="nsubj"/>
		<feat xlink:href="#sPointingRel149" value="det"/>
		<feat xlink:href="#sPointingRel151" value="nmod"/>
		<feat xlink:href="#sPointingRel153" value="advmod"/></featList></paula>