<?xml version='1.0' encoding='UTF-8'?><!DOCTYPE paula SYSTEM "paula_rel.dtd">
<paula version="1.1">
	<header paula_id="scriptorium.AP.005.unid.senses.head"/>
	<relList xmlns:xlink="http://www.w3.org/1999/xlink" type="head">
		<rel id="sPointingRel155" xlink:href="scriptorium.AP.005.unid.senses.mark.xml#sSpan196" target="scriptorium.AP.005.unid.senses.mark.xml#sSpan201"/>
		<rel id="sPointingRel157" xlink:href="scriptorium.AP.005.unid.senses.mark.xml#sSpan239" target="scriptorium.AP.005.unid.senses.mark.xml#sSpan241"/>
		<rel id="sPointingRel159" xlink:href="scriptorium.AP.005.unid.senses.mark.xml#sSpan182" target="scriptorium.AP.005.unid.senses.mark.xml#sSpan187"/>
		<rel id="sPointingRel161" xlink:href="scriptorium.AP.005.unid.senses.mark.xml#sSpan15" target="scriptorium.AP.005.unid.senses.mark.xml#sSpan13"/>
		<rel id="sPointingRel163" xlink:href="scriptorium.AP.005.unid.senses.mark.xml#sSpan291" target="scriptorium.AP.005.unid.senses.mark.xml#sSpan292"/>
		<rel id="sPointingRel165" xlink:href="scriptorium.AP.005.unid.senses.mark.xml#sSpan22" target="scriptorium.AP.005.unid.senses.mark.xml#sSpan23"/>
		<rel id="sPointingRel167" xlink:href="scriptorium.AP.005.unid.senses.mark.xml#sSpan304" target="scriptorium.AP.005.unid.senses.mark.xml#sSpan305"/>
		<rel id="sPointingRel169" xlink:href="scriptorium.AP.005.unid.senses.mark.xml#sSpan77" target="scriptorium.AP.005.unid.senses.mark.xml#sSpan75"/>
		<rel id="sPointingRel171" xlink:href="scriptorium.AP.005.unid.senses.mark.xml#sSpan168" target="scriptorium.AP.005.unid.senses.mark.xml#sSpan173"/>
		<rel id="sPointingRel173" xlink:href="scriptorium.AP.005.unid.senses.mark.xml#sSpan111" target="scriptorium.AP.005.unid.senses.mark.xml#sSpan112"/>
		<rel id="sPointingRel175" xlink:href="scriptorium.AP.005.unid.senses.mark.xml#sSpan137" target="scriptorium.AP.005.unid.senses.mark.xml#sSpan139"/>
		<rel id="sPointingRel177" xlink:href="scriptorium.AP.005.unid.senses.mark.xml#sSpan50" target="scriptorium.AP.005.unid.senses.mark.xml#sSpan52"/>
		<rel id="sPointingRel179" xlink:href="scriptorium.AP.005.unid.senses.mark.xml#sSpan250" target="scriptorium.AP.005.unid.senses.mark.xml#sSpan252"/>
		<rel id="sPointingRel181" xlink:href="scriptorium.AP.005.unid.senses.mark.xml#sSpan211" target="scriptorium.AP.005.unid.senses.mark.xml#sSpan209"/>
		<rel id="sPointingRel183" xlink:href="scriptorium.AP.005.unid.senses.mark.xml#sSpan60" target="scriptorium.AP.005.unid.senses.mark.xml#sSpan64"/>
		<rel id="sPointingRel185" xlink:href="scriptorium.AP.005.unid.senses.mark.xml#sSpan154" target="scriptorium.AP.005.unid.senses.mark.xml#sSpan159"/>
		<rel id="sPointingRel187" xlink:href="scriptorium.AP.005.unid.senses.mark.xml#sSpan266" target="scriptorium.AP.005.unid.senses.mark.xml#sSpan270"/></relList></paula>