<?xml version='1.0' encoding='UTF-8'?><!DOCTYPE paula SYSTEM "paula_feat.dtd">
<paula version="1.1">
	<header paula_id="scriptorium.GL45-53_par_XJ52-62.mark_translation"/>
	<featList xmlns:xlink="http://www.w3.org/1999/xlink" type="translation" xml:base="scriptorium.GL45-53_par_XJ52-62.mark.xml">
		<feat xlink:href="#sSpan7" value="..."/>
		<feat xlink:href="#sSpan21" value="..."/>
		<feat xlink:href="#sSpan40" value="..."/>
		<feat xlink:href="#sSpan53" value="..."/>
		<feat xlink:href="#sSpan81" value="..."/>
		<feat xlink:href="#sSpan122" value="..."/>
		<feat xlink:href="#sSpan144" value="..."/>
		<feat xlink:href="#sSpan180" value="..."/>
		<feat xlink:href="#sSpan202" value="..."/>
		<feat xlink:href="#sSpan220" value="..."/>
		<feat xlink:href="#sSpan234" value="..."/>
		<feat xlink:href="#sSpan288" value="..."/>
		<feat xlink:href="#sSpan376" value="..."/>
		<feat xlink:href="#sSpan435" value="..."/>
		<feat xlink:href="#sSpan482" value="..."/>
		<feat xlink:href="#sSpan534" value="..."/>
		<feat xlink:href="#sSpan628" value="..."/>
		<feat xlink:href="#sSpan646" value="..."/>
		<feat xlink:href="#sSpan657" value="..."/>
		<feat xlink:href="#sSpan670" value="..."/>
		<feat xlink:href="#sSpan696" value="..."/>
		<feat xlink:href="#sSpan730" value="..."/>
		<feat xlink:href="#sSpan782" value="..."/>
		<feat xlink:href="#sSpan834" value="..."/>
		<feat xlink:href="#sSpan847" value="..."/>
		<feat xlink:href="#sSpan930" value="..."/>
		<feat xlink:href="#sSpan945" value="..."/>
		<feat xlink:href="#sSpan1013" value="..."/>
		<feat xlink:href="#sSpan1072" value="..."/>
		<feat xlink:href="#sSpan1118" value="..."/>
		<feat xlink:href="#sSpan1152" value="..."/>
		<feat xlink:href="#sSpan1180" value="..."/>
		<feat xlink:href="#sSpan1203" value="..."/>
		<feat xlink:href="#sSpan1261" value="..."/>
		<feat xlink:href="#sSpan1291" value="..."/>
		<feat xlink:href="#sSpan1341" value="..."/>
		<feat xlink:href="#sSpan1360" value="..."/>
		<feat xlink:href="#sSpan1373" value="..."/>
		<feat xlink:href="#sSpan1457" value="..."/>
		<feat xlink:href="#sSpan1512" value="..."/>
		<feat xlink:href="#sSpan1527" value="..."/>
		<feat xlink:href="#sSpan1560" value="..."/>
		<feat xlink:href="#sSpan1605" value="..."/>
		<feat xlink:href="#sSpan1626" value="..."/>
		<feat xlink:href="#sSpan1653" value="..."/>
		<feat xlink:href="#sSpan1700" value="..."/>
		<feat xlink:href="#sSpan1750" value="..."/>
		<feat xlink:href="#sSpan1777" value="..."/>
		<feat xlink:href="#sSpan1811" value="..."/>
		<feat xlink:href="#sSpan1832" value="..."/>
		<feat xlink:href="#sSpan1847" value="..."/>
		<feat xlink:href="#sSpan1907" value="..."/>
		<feat xlink:href="#sSpan1931" value="..."/>
		<feat xlink:href="#sSpan1958" value="..."/>
		<feat xlink:href="#sSpan2019" value="..."/>
		<feat xlink:href="#sSpan2036" value="..."/>
		<feat xlink:href="#sSpan2055" value="..."/>
		<feat xlink:href="#sSpan2072" value="..."/>
		<feat xlink:href="#sSpan2114" value="..."/>
		<feat xlink:href="#sSpan2175" value="..."/>
		<feat xlink:href="#sSpan2314" value="..."/>
		<feat xlink:href="#sSpan2463" value="..."/>
		<feat xlink:href="#sSpan2490" value="..."/>
		<feat xlink:href="#sSpan2504" value="..."/>
		<feat xlink:href="#sSpan2555" value="..."/>
		<feat xlink:href="#sSpan2571" value="..."/>
		<feat xlink:href="#sSpan2582" value="..."/>
		<feat xlink:href="#sSpan2710" value="..."/>
		<feat xlink:href="#sSpan2748" value="..."/>
		<feat xlink:href="#sSpan2782" value="..."/>
		<feat xlink:href="#sSpan2800" value="..."/>
		<feat xlink:href="#sSpan2861" value="..."/>
		<feat xlink:href="#sSpan2880" value="..."/>
		<feat xlink:href="#sSpan2905" value="..."/>
		<feat xlink:href="#sSpan2942" value="..."/>
		<feat xlink:href="#sSpan2974" value="..."/>
		<feat xlink:href="#sSpan2997" value="..."/>
		<feat xlink:href="#sSpan3050" value="..."/>
		<feat xlink:href="#sSpan3059" value="..."/>
		<feat xlink:href="#sSpan3075" value="..."/>
		<feat xlink:href="#sSpan3144" value="..."/>
		<feat xlink:href="#sSpan3251" value="..."/>
		<feat xlink:href="#sSpan3279" value="..."/>
		<feat xlink:href="#sSpan3314" value="..."/>
		<feat xlink:href="#sSpan3381" value="..."/>
		<feat xlink:href="#sSpan3441" value="..."/>
		<feat xlink:href="#sSpan3460" value="..."/>
		<feat xlink:href="#sSpan3496" value="..."/>
		<feat xlink:href="#sSpan3511" value="..."/>
		<feat xlink:href="#sSpan3579" value="..."/>
		<feat xlink:href="#sSpan3610" value="..."/>
		<feat xlink:href="#sSpan3632" value="..."/>
		<feat xlink:href="#sSpan3671" value="..."/>
		<feat xlink:href="#sSpan3695" value="..."/>
		<feat xlink:href="#sSpan3716" value="..."/>
		<feat xlink:href="#sSpan3735" value="..."/>
		<feat xlink:href="#sSpan3754" value="..."/>
		<feat xlink:href="#sSpan3768" value="..."/>
		<feat xlink:href="#sSpan3783" value="..."/>
		<feat xlink:href="#sSpan3810" value="..."/>
		<feat xlink:href="#sSpan3833" value="..."/>
		<feat xlink:href="#sSpan3845" value="..."/>
		<feat xlink:href="#sSpan3890" value="..."/>
		<feat xlink:href="#sSpan3905" value="..."/>
		<feat xlink:href="#sSpan3916" value="..."/>
		<feat xlink:href="#sSpan3937" value="..."/>
		<feat xlink:href="#sSpan3994" value="..."/>
		<feat xlink:href="#sSpan4006" value="..."/>
		<feat xlink:href="#sSpan4084" value="..."/>
		<feat xlink:href="#sSpan4132" value="..."/>
		<feat xlink:href="#sSpan4231" value="..."/>
		<feat xlink:href="#sSpan4275" value="..."/>
		<feat xlink:href="#sSpan4403" value="..."/>
		<feat xlink:href="#sSpan4441" value="..."/>
		<feat xlink:href="#sSpan4466" value="..."/>
		<feat xlink:href="#sSpan4497" value="..."/>
		<feat xlink:href="#sSpan4548" value="..."/>
		<feat xlink:href="#sSpan4579" value="..."/>
		<feat xlink:href="#sSpan4605" value="..."/>
		<feat xlink:href="#sSpan4621" value="..."/>
		<feat xlink:href="#sSpan4646" value="..."/>
		<feat xlink:href="#sSpan4702" value="..."/>
		<feat xlink:href="#sSpan4711" value="..."/>
		<feat xlink:href="#sSpan4743" value="..."/>
		<feat xlink:href="#sSpan4759" value="..."/>
		<feat xlink:href="#sSpan4807" value="..."/>
		<feat xlink:href="#sSpan4925" value="..."/>
		<feat xlink:href="#sSpan4948" value="..."/>
		<feat xlink:href="#sSpan4974" value="..."/>
		<feat xlink:href="#sSpan5022" value="..."/>
		<feat xlink:href="#sSpan5045" value="..."/>
		<feat xlink:href="#sSpan5090" value="..."/>
		<feat xlink:href="#sSpan5126" value="..."/>
		<feat xlink:href="#sSpan5165" value="..."/>
		<feat xlink:href="#sSpan5180" value="..."/>
		<feat xlink:href="#sSpan5238" value="..."/>
		<feat xlink:href="#sSpan5259" value="..."/>
		<feat xlink:href="#sSpan5274" value="..."/>
		<feat xlink:href="#sSpan5303" value="..."/>
		<feat xlink:href="#sSpan5325" value="..."/>
		<feat xlink:href="#sSpan5343" value="..."/>
		<feat xlink:href="#sSpan5359" value="..."/>
		<feat xlink:href="#sSpan5409" value="..."/>
		<feat xlink:href="#sSpan5421" value="..."/>
		<feat xlink:href="#sSpan5599" value="..."/>
		<feat xlink:href="#sSpan5632" value="..."/>
		<feat xlink:href="#sSpan5685" value="..."/>
		<feat xlink:href="#sSpan5699" value="..."/>
		<feat xlink:href="#sSpan5772" value="..."/>
		<feat xlink:href="#sSpan5790" value="..."/>
		<feat xlink:href="#sSpan5837" value="..."/>
		<feat xlink:href="#sSpan5866" value="..."/>
		<feat xlink:href="#sSpan5903" value="..."/>
		<feat xlink:href="#sSpan5922" value="..."/>
		<feat xlink:href="#sSpan5959" value="..."/>
		<feat xlink:href="#sSpan5994" value="..."/>
		<feat xlink:href="#sSpan6043" value="..."/>
		<feat xlink:href="#sSpan6133" value="..."/>
		<feat xlink:href="#sSpan6214" value="..."/>
		<feat xlink:href="#sSpan6287" value="..."/>
		<feat xlink:href="#sSpan6313" value="..."/>
		<feat xlink:href="#sSpan6353" value="..."/>
		<feat xlink:href="#sSpan6459" value="..."/>
		<feat xlink:href="#sSpan6526" value="..."/>
		<feat xlink:href="#sSpan6671" value="..."/>
		<feat xlink:href="#sSpan6808" value="..."/>
		<feat xlink:href="#sSpan6836" value="..."/>
		<feat xlink:href="#sSpan6900" value="..."/>
		<feat xlink:href="#sSpan6924" value="..."/>
		<feat xlink:href="#sSpan6959" value="..."/>
		<feat xlink:href="#sSpan6971" value="..."/>
		<feat xlink:href="#sSpan6991" value="..."/>
		<feat xlink:href="#sSpan7007" value="..."/>
		<feat xlink:href="#sSpan7023" value="..."/>
		<feat xlink:href="#sSpan7063" value="..."/>
		<feat xlink:href="#sSpan7094" value="..."/>
		<feat xlink:href="#sSpan7144" value="..."/>
		<feat xlink:href="#sSpan7160" value="..."/>
		<feat xlink:href="#sSpan7223" value="..."/>
		<feat xlink:href="#sSpan7249" value="..."/>
		<feat xlink:href="#sSpan7289" value="..."/>
		<feat xlink:href="#sSpan7318" value="..."/>
		<feat xlink:href="#sSpan7340" value="..."/>
		<feat xlink:href="#sSpan7363" value="..."/>
		<feat xlink:href="#sSpan7387" value="..."/>
		<feat xlink:href="#sSpan7410" value="..."/>
		<feat xlink:href="#sSpan7435" value="..."/>
		<feat xlink:href="#sSpan7444" value="..."/>
		<feat xlink:href="#sSpan7462" value="..."/>
		<feat xlink:href="#sSpan7528" value="..."/>
		<feat xlink:href="#sSpan7618" value="..."/>
		<feat xlink:href="#sSpan7642" value="..."/>
		<feat xlink:href="#sSpan7672" value="..."/></featList></paula>