<?xml version='1.0' encoding='UTF-8'?><!DOCTYPE paula SYSTEM "paula_feat.dtd">
<paula version="1.1">
	<header paula_id="scriptorium.GL45-53_par_XJ52-62.mark_identity"/>
	<featList xmlns:xlink="http://www.w3.org/1999/xlink" type="identity" xml:base="scriptorium.GL45-53_par_XJ52-62.mark.xml">
		<feat xlink:href="#sSpan751" value="Satan"/>
		<feat xlink:href="#sSpan2245" value="Jesus"/>
		<feat xlink:href="#sSpan2280" value="Satan"/>
		<feat xlink:href="#sSpan3094" value="Duat"/>
		<feat xlink:href="#sSpan3464" value="Judas Iscariot"/>
		<feat xlink:href="#sSpan3782" value="Judas Iscariot"/>
		<feat xlink:href="#sSpan3816" value="Duat"/>
		<feat xlink:href="#sSpan4096" value="Judas Iscariot"/>
		<feat xlink:href="#sSpan4191" value="Satan"/>
		<feat xlink:href="#sSpan4314" value="Satan"/></featList></paula>