<?xml version='1.0' encoding='UTF-8'?><!DOCTYPE paula SYSTEM "paula_feat.dtd">
<paula version="1.1">
	<header paula_id="scriptorium.GL45-53_par_XJ52-62.mark_multiword"/>
	<featList xmlns:xlink="http://www.w3.org/1999/xlink" type="multiword" xml:base="scriptorium.GL45-53_par_XJ52-62.mark.xml">
		<feat xlink:href="#sSpan121" value="ⲉⲃⲟⲗ ϩⲛ"/>
		<feat xlink:href="#sSpan129" value="ϩⲱⲃ ⲛⲓⲙ"/>
		<feat xlink:href="#sSpan433" value="ⲉⲃⲟⲗ ϩⲛ"/>
		<feat xlink:href="#sSpan572" value="ⲉⲓ ⲉⲃⲟⲗ"/>
		<feat xlink:href="#sSpan601" value="ϩⲣⲁⲓ ϩⲛ"/>
		<feat xlink:href="#sSpan712" value="ⲉⲓⲛⲉ ⲛ"/>
		<feat xlink:href="#sSpan741" value="ϩⲉ ⲉ"/>
		<feat xlink:href="#sSpan1459" value="ⲥⲟⲧⲡ ⲉ"/>
		<feat xlink:href="#sSpan1474" value="ϣⲓⲛⲉ ⲛⲥⲁ"/>
		<feat xlink:href="#sSpan2130" value="ⲛⲏⲩ ⲉϩⲣⲁⲓ"/>
		<feat xlink:href="#sSpan2522" value="ϯ ⲉϩⲣⲁⲓ"/>
		<feat xlink:href="#sSpan2676" value="ⲉⲓ ⲉϩⲣⲁⲓ"/>
		<feat xlink:href="#sSpan2957" value="ⲉⲓⲥ ϩⲏⲏⲛⲉ"/>
		<feat xlink:href="#sSpan3078" value="ⲃⲱⲕ ⲉ"/>
		<feat xlink:href="#sSpan3215" value="ⲉⲓⲣⲉ ⲛ"/>
		<feat xlink:href="#sSpan3587" value="ⲉⲓⲛⲉ ⲛ"/>
		<feat xlink:href="#sSpan3638" value="ⲙⲟⲟϣⲉ ϩⲛ"/>
		<feat xlink:href="#sSpan3823" value="ⲉⲧⲃⲉ ⲟⲩ"/>
		<feat xlink:href="#sSpan4076" value="ⲉⲃⲟⲗ ϩⲛ"/>
		<feat xlink:href="#sSpan4200" value="ⲃⲱⲕ ⲉϩⲟⲩⲛ"/>
		<feat xlink:href="#sSpan4245" value="ⲉⲓ ⲉϩⲣⲁⲓ"/>
		<feat xlink:href="#sSpan4288" value="ⲉⲃⲟⲗ ϫⲉ"/>
		<feat xlink:href="#sSpan4464" value="ⲟⲩⲱⲧⲃ ⲉⲃⲟⲗ"/>
		<feat xlink:href="#sSpan4757" value="ⲉⲃⲟⲗ ⲧⲱⲛ"/>
		<feat xlink:href="#sSpan5361" value="ϩⲉ ⲉϩⲣⲁⲓ"/>
		<feat xlink:href="#sSpan7411" value="ⲉⲧⲃⲉ ⲟⲩ"/>
		<feat xlink:href="#sSpan7536" value="ⲉⲧⲃⲉ ϫⲉ"/>
		<feat xlink:href="#sSpan7548" value="ⲉⲓⲣⲉ ⲛ"/></featList></paula>