<?xml version='1.0' encoding='UTF-8'?><!DOCTYPE paula SYSTEM "paula_feat.dtd">
<paula version="1.1">
	<header paula_id="scriptorium.01_Genesis_09.mark_norm"/>
	<featList xmlns:xlink="http://www.w3.org/1999/xlink" type="norm" xml:base="scriptorium.01_Genesis_09.mark.xml">
		<feat xlink:href="#sSpan1" value="ⲁⲩⲱ"/>
		<feat xlink:href="#sSpan4" value="ⲁ"/>
		<feat xlink:href="#sSpan6" value="ⲡ"/>
		<feat xlink:href="#sSpan8" value="ⲛⲟⲩⲧⲉ"/>
		<feat xlink:href="#sSpan9" value="ⲥⲙⲟⲩ"/>
		<feat xlink:href="#sSpan11" value="ⲉ"/>
		<feat xlink:href="#sSpan13" value="ⲛⲱϩⲉ"/>
		<feat xlink:href="#sSpan15" value="ⲙⲛ"/>
		<feat xlink:href="#sSpan17" value="ⲛⲉϥ"/>
		<feat xlink:href="#sSpan19" value="ϣⲏⲣⲉ"/>
		<feat xlink:href="#sSpan20" value="ⲡⲉϫⲁ"/>
		<feat xlink:href="#sSpan22" value="ϥ"/>
		<feat xlink:href="#sSpan23" value="ⲛⲁ"/>
		<feat xlink:href="#sSpan25" value="ⲩ"/>
		<feat xlink:href="#sSpan26" value="ϫⲉ"/>
		<feat xlink:href="#sSpan28" value="ⲁϣⲁⲓ"/>
		<feat xlink:href="#sSpan29" value="ⲛ"/>
		<feat xlink:href="#sSpan31" value="ⲧⲉⲧⲛ"/>
		<feat xlink:href="#sSpan32" value="ⲛⲁ"/>
		<feat xlink:href="#sSpan33" value="ⲁⲓⲁⲓ"/>
		<feat xlink:href="#sSpan34" value="ⲛ"/>
		<feat xlink:href="#sSpan36" value="ⲧⲉⲧⲛ"/>
		<feat xlink:href="#sSpan37" value="ⲙⲉϩ"/>
		<feat xlink:href="#sSpan38" value="ⲡ"/>
		<feat xlink:href="#sSpan40" value="ⲕⲁϩ"/>
		<feat xlink:href="#sSpan41" value="ⲛ"/>
		<feat xlink:href="#sSpan43" value="ⲧⲉⲧⲛ"/>
		<feat xlink:href="#sSpan45" value="ⲣϫⲟⲉⲓⲥ"/>
		<feat xlink:href="#sSpan47" value="ⲉϫⲱ"/>
		<feat xlink:href="#sSpan49" value="ϥ"/>
		<feat xlink:href="#sSpan50" value="ⲧⲉⲧⲛ"/>
		<feat xlink:href="#sSpan54" value="ϩⲟⲧⲉ"/>
		<feat xlink:href="#sSpan55" value="ⲙⲛ"/>
		<feat xlink:href="#sSpan57" value="ⲡⲉⲧⲛ"/>
		<feat xlink:href="#sSpan59" value="ⲥⲧⲱⲧ"/>
		<feat xlink:href="#sSpan60" value="ⲉⲥⲉ"/>
		<feat xlink:href="#sSpan62" value="ϣⲱⲡⲉ"/>
		<feat xlink:href="#sSpan63" value="ⲉϩⲣⲁⲓ"/>
		<feat xlink:href="#sSpan65" value="ⲉϫⲛ"/>
		<feat xlink:href="#sSpan67" value="ⲛⲉ"/>
		<feat xlink:href="#sSpan69" value="ⲑⲏⲣⲓⲟⲛ"/>
		<feat xlink:href="#sSpan70" value="ⲧⲏⲣ"/>
		<feat xlink:href="#sSpan72" value="ⲟⲩ"/>
		<feat xlink:href="#sSpan73" value="ⲙ"/>
		<feat xlink:href="#sSpan75" value="ⲡ"/>
		<feat xlink:href="#sSpan77" value="ⲕⲁϩ"/>
		<feat xlink:href="#sSpan78" value="ⲁⲩⲱ"/>
		<feat xlink:href="#sSpan80" value="ⲉϫⲛ"/>
		<feat xlink:href="#sSpan82" value="ⲛ"/>
		<feat xlink:href="#sSpan85" value="ⲧⲃⲛⲟⲟⲩⲉ"/>
		<feat xlink:href="#sSpan86" value="ⲛ"/>
		<feat xlink:href="#sSpan88" value="ⲧ"/>
		<feat xlink:href="#sSpan90" value="ⲥⲱϣⲉ"/>
		<feat xlink:href="#sSpan91" value="ⲙⲛ"/>
		<feat xlink:href="#sSpan93" value="ⲛ"/>
		<feat xlink:href="#sSpan95" value="ϩⲁⲗⲁⲧⲉ"/>
		<feat xlink:href="#sSpan96" value="ⲧⲏⲣ"/>
		<feat xlink:href="#sSpan98" value="ⲟⲩ"/>
		<feat xlink:href="#sSpan99" value="ⲛ"/>
		<feat xlink:href="#sSpan101" value="ⲧ"/>
		<feat xlink:href="#sSpan103" value="ⲡⲉ"/>
		<feat xlink:href="#sSpan104" value="ⲁⲩⲱ"/>
		<feat xlink:href="#sSpan106" value="ⲉϫⲛ"/>
		<feat xlink:href="#sSpan108" value="ⲛ"/>
		<feat xlink:href="#sSpan110" value="ⲉⲧ"/>
		<feat xlink:href="#sSpan111" value="ⲕⲓⲙ"/>
		<feat xlink:href="#sSpan112" value="ⲧⲏⲣ"/>
		<feat xlink:href="#sSpan114" value="ⲟⲩ"/>
		<feat xlink:href="#sSpan115" value="ϩⲓϫⲙ"/>
		<feat xlink:href="#sSpan117" value="ⲡ"/>
		<feat xlink:href="#sSpan119" value="ⲕⲁϩ"/>
		<feat xlink:href="#sSpan120" value="ⲁⲩⲱ"/>
		<feat xlink:href="#sSpan122" value="ⲉϫⲛ"/>
		<feat xlink:href="#sSpan124" value="ⲛ"/>
		<feat xlink:href="#sSpan126" value="ⲧⲃⲧ"/>
		<feat xlink:href="#sSpan127" value="ⲧⲏⲣ"/>
		<feat xlink:href="#sSpan129" value="ⲟⲩ"/>
		<feat xlink:href="#sSpan130" value="ⲛ"/>
		<feat xlink:href="#sSpan132" value="ⲧ"/>
		<feat xlink:href="#sSpan134" value="ⲑⲁⲗⲁⲥⲥⲁ"/>
		<feat xlink:href="#sSpan135" value="ⲁ"/>
		<feat xlink:href="#sSpan137" value="ⲓ"/>
		<feat xlink:href="#sSpan138" value="ϯ"/>
		<feat xlink:href="#sSpan139" value="ⲙⲙⲟ"/>
		<feat xlink:href="#sSpan141" value="ⲟⲩ"/>
		<feat xlink:href="#sSpan142" value="ϩⲁ"/>
		<feat xlink:href="#sSpan144" value="ⲛⲉⲧⲛ"/>
		<feat xlink:href="#sSpan146" value="ϭⲓϫ"/>
		<feat xlink:href="#sSpan147" value="ⲁⲩⲱ"/>
		<feat xlink:href="#sSpan150" value="ϫⲁⲧⲃⲉ"/>
		<feat xlink:href="#sSpan153" value="ⲛⲓⲙ"/>
		<feat xlink:href="#sSpan155" value="ⲉⲧ"/>
		<feat xlink:href="#sSpan157" value="ⲟⲛϩ"/>
		<feat xlink:href="#sSpan158" value="ⲉⲩⲉ"/>
		<feat xlink:href="#sSpan160" value="ϣⲱⲡⲉ"/>
		<feat xlink:href="#sSpan161" value="ⲛⲏ"/>
		<feat xlink:href="#sSpan163" value="ⲧⲛ"/>
		<feat xlink:href="#sSpan164" value="ⲉ"/>
		<feat xlink:href="#sSpan166" value="ⲩ"/>
		<feat xlink:href="#sSpan167" value="ⲟⲩⲱⲙ"/>
		<feat xlink:href="#sSpan168" value="ⲛ"/>
		<feat xlink:href="#sSpan170" value="ⲧ"/>
		<feat xlink:href="#sSpan171" value="ϩⲉ"/>
		<feat xlink:href="#sSpan172" value="ⲛ"/>
		<feat xlink:href="#sSpan174" value="ⲛⲓ"/>
		<feat xlink:href="#sSpan176" value="ⲟⲩⲟⲟⲧⲉ"/>
		<feat xlink:href="#sSpan177" value="ⲛ"/>
		<feat xlink:href="#sSpan179" value="ⲭⲟⲣⲧⲟⲥ"/>
		<feat xlink:href="#sSpan181" value="ⲁ"/>
		<feat xlink:href="#sSpan183" value="ⲓ"/>
		<feat xlink:href="#sSpan184" value="ⲧⲁⲁ"/>
		<feat xlink:href="#sSpan185" value="ⲩ"/>
		<feat xlink:href="#sSpan186" value="ⲛⲏ"/>
		<feat xlink:href="#sSpan188" value="ⲧⲛ"/>
		<feat xlink:href="#sSpan189" value="ⲧⲏⲣ"/>
		<feat xlink:href="#sSpan191" value="ⲟⲩ"/>
		<feat xlink:href="#sSpan192" value="ⲡⲗⲏⲛ"/>
		<feat xlink:href="#sSpan195" value="ϣⲁⲧⲛ"/>
		<feat xlink:href="#sSpan197" value="ⲁ"/>
		<feat xlink:href="#sSpan199" value="ϥ"/>
		<feat xlink:href="#sSpan200" value="ϥ"/>
		<feat xlink:href="#sSpan201" value="ϩⲛ"/>
		<feat xlink:href="#sSpan202" value="ⲟⲩ"/>
		<feat xlink:href="#sSpan204" value="ⲥⲛⲟϥ"/>
		<feat xlink:href="#sSpan205" value="ⲙ"/>
		<feat xlink:href="#sSpan207" value="ⲯⲩⲭⲏ"/>
		<feat xlink:href="#sSpan209" value="ⲛ"/>
		<feat xlink:href="#sSpan211" value="ⲛⲉⲧⲛ"/>
		<feat xlink:href="#sSpan213" value="ⲟⲩⲟⲙϥ"/>
		<feat xlink:href="#sSpan214" value="ⲕⲁⲓ"/>
		<feat xlink:href="#sSpan217" value="ⲅⲁⲣ"/>
		<feat xlink:href="#sSpan219" value="ⲡⲉ"/>
		<feat xlink:href="#sSpan222" value="ⲥⲛⲟϥ"/>
		<feat xlink:href="#sSpan223" value="ⲛ"/>
		<feat xlink:href="#sSpan225" value="ⲛ"/>
		<feat xlink:href="#sSpan227" value="ⲉⲧ"/>
		<feat xlink:href="#sSpan228" value="ⲙ"/>
		<feat xlink:href="#sSpan229" value="ⲯⲩⲭⲏ"/>
		<feat xlink:href="#sSpan231" value="ϯ"/>
		<feat xlink:href="#sSpan233" value="ⲛⲁ"/>
		<feat xlink:href="#sSpan234" value="ϣⲓⲛⲉ"/>
		<feat xlink:href="#sSpan236" value="ⲛⲥⲱ"/>
		<feat xlink:href="#sSpan238" value="ϥ"/>
		<feat xlink:href="#sSpan239" value="ⲉⲃⲟⲗ"/>
		<feat xlink:href="#sSpan242" value="ϩⲛ"/>
		<feat xlink:href="#sSpan244" value="ⲧ"/>
		<feat xlink:href="#sSpan246" value="ϭⲓϫ"/>
		<feat xlink:href="#sSpan247" value="ⲛ"/>
		<feat xlink:href="#sSpan249" value="ⲛⲉ"/>
		<feat xlink:href="#sSpan251" value="ⲑⲏⲣⲓⲟⲛ"/>
		<feat xlink:href="#sSpan252" value="ⲧⲏⲣ"/>
		<feat xlink:href="#sSpan254" value="ⲟⲩ"/>
		<feat xlink:href="#sSpan255" value="ϯ"/>
		<feat xlink:href="#sSpan257" value="ⲛⲁ"/>
		<feat xlink:href="#sSpan258" value="ϣⲓⲛⲉ"/>
		<feat xlink:href="#sSpan260" value="ⲛⲥⲁ"/>
		<feat xlink:href="#sSpan262" value="ⲧⲉ"/>
		<feat xlink:href="#sSpan264" value="ⲯⲩⲭⲏ"/>
		<feat xlink:href="#sSpan265" value="ⲉⲃⲟⲗ"/>
		<feat xlink:href="#sSpan268" value="ϩⲛ"/>
		<feat xlink:href="#sSpan270" value="ⲧ"/>
		<feat xlink:href="#sSpan272" value="ϭⲓϫ"/>
		<feat xlink:href="#sSpan273" value="ⲙ"/>
		<feat xlink:href="#sSpan275" value="ⲡⲉϥ"/>
		<feat xlink:href="#sSpan277" value="ⲥⲟⲛ"/>
		<feat xlink:href="#sSpan278" value="ⲡ"/>
		<feat xlink:href="#sSpan282" value="ⲉⲧ"/>
		<feat xlink:href="#sSpan283" value="ⲛⲁ"/>
		<feat xlink:href="#sSpan284" value="ⲡⲱϩⲧ"/>
		<feat xlink:href="#sSpan286" value="ⲉⲃⲟⲗ"/>
		<feat xlink:href="#sSpan288" value="ⲛ"/>
		<feat xlink:href="#sSpan290" value="ⲟⲩ"/>
		<feat xlink:href="#sSpan292" value="ⲥⲛⲟϥ"/>
		<feat xlink:href="#sSpan293" value="ⲛ"/>
		<feat xlink:href="#sSpan295" value="ⲣⲱⲙⲉ"/>
		<feat xlink:href="#sSpan297" value="ⲥⲉ"/>
		<feat xlink:href="#sSpan299" value="ⲛⲁ"/>
		<feat xlink:href="#sSpan300" value="ⲡⲉϩⲉⲧⲡⲱϥ"/>
		<feat xlink:href="#sSpan301" value="ⲉⲃⲟⲗ"/>
		<feat xlink:href="#sSpan303" value="ⲉ"/>
		<feat xlink:href="#sSpan305" value="ⲡⲉϥ"/>
		<feat xlink:href="#sSpan308" value="ⲥⲛⲟϥ"/>
		<feat xlink:href="#sSpan309" value="ϫⲛⲧⲁ"/>
		<feat xlink:href="#sSpan311" value="ⲓ"/>
		<feat xlink:href="#sSpan312" value="ⲧⲁⲙⲓⲉ"/>
		<feat xlink:href="#sSpan313" value="ⲡ"/>
		<feat xlink:href="#sSpan315" value="ⲣⲱⲙⲉ"/>
		<feat xlink:href="#sSpan316" value="ϩⲛ"/>
		<feat xlink:href="#sSpan318" value="ⲧ"/>
		<feat xlink:href="#sSpan320" value="ϩⲓⲕⲱⲛ"/>
		<feat xlink:href="#sSpan321" value="ⲙ"/>
		<feat xlink:href="#sSpan323" value="ⲡ"/>
		<feat xlink:href="#sSpan325" value="ⲛⲟⲩⲧⲉ"/>
		<feat xlink:href="#sSpan326" value="ⲛⲧⲱⲧⲛ"/>
		<feat xlink:href="#sSpan329" value="ⲇⲉ"/>
		<feat xlink:href="#sSpan331" value="ⲁϣⲁⲓ"/>
		<feat xlink:href="#sSpan333" value="ⲛ"/>
		<feat xlink:href="#sSpan335" value="ⲧⲉⲧⲛ"/>
		<feat xlink:href="#sSpan336" value="ⲛⲁ"/>
		<feat xlink:href="#sSpan337" value="ⲁⲓⲁⲓ"/>
		<feat xlink:href="#sSpan338" value="ⲛ"/>
		<feat xlink:href="#sSpan340" value="ⲧⲉⲧⲛ"/>
		<feat xlink:href="#sSpan341" value="ⲙⲉϩ"/>
		<feat xlink:href="#sSpan342" value="ⲡ"/>
		<feat xlink:href="#sSpan344" value="ⲕⲁϩ"/>
		<feat xlink:href="#sSpan345" value="ⲛ"/>
		<feat xlink:href="#sSpan347" value="ⲧⲉⲧⲛ"/>
		<feat xlink:href="#sSpan349" value="ⲣϫⲟⲉⲓⲥ"/>
		<feat xlink:href="#sSpan351" value="ⲉϫⲱ"/>
		<feat xlink:href="#sSpan353" value="ϥ"/>
		<feat xlink:href="#sSpan354" value="ⲡⲉϫⲁ"/>
		<feat xlink:href="#sSpan357" value="ϥ"/>
		<feat xlink:href="#sSpan358" value="ⲛϭⲓ"/>
		<feat xlink:href="#sSpan360" value="ⲡ"/>
		<feat xlink:href="#sSpan362" value="ⲛⲟⲩⲧⲉ"/>
		<feat xlink:href="#sSpan363" value="ⲛ"/>
		<feat xlink:href="#sSpan365" value="ⲛⲱϩⲉ"/>
		<feat xlink:href="#sSpan367" value="ⲙⲛ"/>
		<feat xlink:href="#sSpan369" value="ⲛⲉϥ"/>
		<feat xlink:href="#sSpan371" value="ϣⲏⲣⲉ"/>
		<feat xlink:href="#sSpan372" value="ⲛⲙⲙⲁ"/>
		<feat xlink:href="#sSpan374" value="ϥ"/>
		<feat xlink:href="#sSpan375" value="ⲉ"/>
		<feat xlink:href="#sSpan377" value="ϥ"/>
		<feat xlink:href="#sSpan378" value="ϫⲱ"/>
		<feat xlink:href="#sSpan379" value="ⲙⲙⲟ"/>
		<feat xlink:href="#sSpan381" value="ⲥ"/>
		<feat xlink:href="#sSpan382" value="ϫⲉ"/>
		<feat xlink:href="#sSpan385" value="ⲉⲓⲥ"/>
		<feat xlink:href="#sSpan387" value="ϩⲏⲏⲧⲉ"/>
		<feat xlink:href="#sSpan388" value="ϩⲱ"/>
		<feat xlink:href="#sSpan390" value="ϯ"/>
		<feat xlink:href="#sSpan392" value="ⲛⲁ"/>
		<feat xlink:href="#sSpan393" value="ⲥⲙⲓⲛⲉ"/>
		<feat xlink:href="#sSpan394" value="ⲛ"/>
		<feat xlink:href="#sSpan396" value="ⲧⲁ"/>
		<feat xlink:href="#sSpan398" value="ⲇⲓⲁⲑⲏⲕⲏ"/>
		<feat xlink:href="#sSpan399" value="ⲛⲙⲙⲏ"/>
		<feat xlink:href="#sSpan401" value="ⲧⲛ"/>
		<feat xlink:href="#sSpan402" value="ⲙⲛ"/>
		<feat xlink:href="#sSpan404" value="ⲡⲉⲧⲛ"/>
		<feat xlink:href="#sSpan406" value="ⲥⲡⲉⲣⲙⲁ"/>
		<feat xlink:href="#sSpan407" value="ⲙⲛⲛⲥⲱ"/>
		<feat xlink:href="#sSpan409" value="ⲧⲛ"/>
		<feat xlink:href="#sSpan410" value="ⲁⲩⲱ"/>
		<feat xlink:href="#sSpan413" value="ⲯⲩⲭⲏ"/>
		<feat xlink:href="#sSpan416" value="ⲛⲓⲙ"/>
		<feat xlink:href="#sSpan418" value="ⲉⲧ"/>
		<feat xlink:href="#sSpan420" value="ⲟⲛϩ"/>
		<feat xlink:href="#sSpan421" value="ⲛⲙⲙⲏ"/>
		<feat xlink:href="#sSpan423" value="ⲧⲛ"/>
		<feat xlink:href="#sSpan424" value="ϫⲓⲛ"/>
		<feat xlink:href="#sSpan426" value="ⲛ"/>
		<feat xlink:href="#sSpan428" value="ϩⲁⲗⲁⲧⲉ"/>
		<feat xlink:href="#sSpan429" value="ⲙⲛ"/>
		<feat xlink:href="#sSpan431" value="ⲛ"/>
		<feat xlink:href="#sSpan433" value="ⲧⲃⲛⲟⲟⲩⲉ"/>
		<feat xlink:href="#sSpan434" value="ⲁⲩⲱ"/>
		<feat xlink:href="#sSpan436" value="ⲛⲉ"/>
		<feat xlink:href="#sSpan439" value="ⲑⲏⲣⲓⲟⲛ"/>
		<feat xlink:href="#sSpan440" value="ⲧⲏⲣ"/>
		<feat xlink:href="#sSpan442" value="ⲟⲩ"/>
		<feat xlink:href="#sSpan443" value="ⲙ"/>
		<feat xlink:href="#sSpan445" value="ⲡ"/>
		<feat xlink:href="#sSpan447" value="ⲕⲁϩ"/>
		<feat xlink:href="#sSpan448" value="ⲉⲧ"/>
		<feat xlink:href="#sSpan450" value="ⲛⲙⲙⲏⲧⲛ"/>
		<feat xlink:href="#sSpan451" value="ⲧⲏⲣ"/>
		<feat xlink:href="#sSpan453" value="ⲟⲩ"/>
		<feat xlink:href="#sSpan454" value="ⲉⲃⲟⲗ"/>
		<feat xlink:href="#sSpan457" value="ϩⲛ"/>
		<feat xlink:href="#sSpan459" value="ⲟⲩⲟⲛ"/>
		<feat xlink:href="#sSpan462" value="ⲛⲓⲙ"/>
		<feat xlink:href="#sSpan464" value="ⲛⲧ"/>
		<feat xlink:href="#sSpan466" value="ⲁ"/>
		<feat xlink:href="#sSpan467" value="ⲩ"/>
		<feat xlink:href="#sSpan468" value="ⲉⲓ"/>
		<feat xlink:href="#sSpan470" value="ⲉⲃⲟⲗ"/>
		<feat xlink:href="#sSpan472" value="ϩⲛ"/>
		<feat xlink:href="#sSpan474" value="ⲧ"/>
		<feat xlink:href="#sSpan476" value="ⲕⲓⲃⲟⲩⲧⲟⲥ"/>
		<feat xlink:href="#sSpan477" value="ⲁⲩⲱ"/>
		<feat xlink:href="#sSpan480" value="ϯ"/>
		<feat xlink:href="#sSpan482" value="ⲛⲁ"/>
		<feat xlink:href="#sSpan483" value="ⲥⲙⲓⲛⲉ"/>
		<feat xlink:href="#sSpan484" value="ⲛ"/>
		<feat xlink:href="#sSpan486" value="ⲧⲁ"/>
		<feat xlink:href="#sSpan488" value="ⲇⲓⲁⲑⲏⲕⲏ"/>
		<feat xlink:href="#sSpan489" value="ϣⲁⲣⲱ"/>
		<feat xlink:href="#sSpan491" value="ⲧⲛ"/>
		<feat xlink:href="#sSpan492" value="ⲁⲩⲱ"/>
		<feat xlink:href="#sSpan494" value="ⲛ"/>
		<feat xlink:href="#sSpan496" value="ⲛⲉ"/>
		<feat xlink:href="#sSpan498" value="ⲥⲁⲣⲝ"/>
		<feat xlink:href="#sSpan499" value="ⲛⲓⲙ"/>
		<feat xlink:href="#sSpan501" value="ⲙⲟⲩ"/>
		<feat xlink:href="#sSpan503" value="ϫⲓⲛ"/>
		<feat xlink:href="#sSpan505" value="ⲉⲧⲉⲛⲟⲩ"/>
		<feat xlink:href="#sSpan506" value="ⲉⲃⲟⲗ"/>
		<feat xlink:href="#sSpan509" value="ϩⲙ"/>
		<feat xlink:href="#sSpan511" value="ⲡ"/>
		<feat xlink:href="#sSpan513" value="ⲙⲟⲟⲩ"/>
		<feat xlink:href="#sSpan514" value="ⲙⲡ"/>
		<feat xlink:href="#sSpan516" value="ⲕⲁⲧⲁⲕⲗⲏⲥⲙⲟⲥ"/>
		<feat xlink:href="#sSpan518" value="ⲁⲩⲱ"/>
		<feat xlink:href="#sSpan520" value="ⲛⲛⲉ"/>
		<feat xlink:href="#sSpan522" value="ϥ"/>
		<feat xlink:href="#sSpan523" value="ϣⲱⲡⲉ"/>
		<feat xlink:href="#sSpan524" value="ϫⲓⲛ"/>
		<feat xlink:href="#sSpan526" value="ⲉ"/>
		<feat xlink:href="#sSpan527" value="ⲧⲉⲛⲟⲩ"/>
		<feat xlink:href="#sSpan528" value="ⲛϭⲓ"/>
		<feat xlink:href="#sSpan530" value="ⲕⲁⲧⲁⲕⲗⲏⲥⲙⲟⲥ"/>
		<feat xlink:href="#sSpan532" value="ⲙⲙⲟ"/>
		<feat xlink:href="#sSpan534" value="ⲟⲩ"/>
		<feat xlink:href="#sSpan535" value="ⲉ"/>
		<feat xlink:href="#sSpan537" value="ⲧⲁⲕⲉ"/>
		<feat xlink:href="#sSpan538" value="ⲡ"/>
		<feat xlink:href="#sSpan540" value="ⲕⲁϩ"/>
		<feat xlink:href="#sSpan541" value="ⲧⲏⲣ"/>
		<feat xlink:href="#sSpan543" value="ϥ"/>
		<feat xlink:href="#sSpan544" value="ⲡⲉϫⲉ"/>
		<feat xlink:href="#sSpan547" value="ⲡ"/>
		<feat xlink:href="#sSpan549" value="ϫⲟⲉⲓⲥ"/>
		<feat xlink:href="#sSpan550" value="ⲡ"/>
		<feat xlink:href="#sSpan552" value="ⲛⲟⲩⲧⲉ"/>
		<feat xlink:href="#sSpan553" value="ⲛ"/>
		<feat xlink:href="#sSpan555" value="ⲛⲱϩⲉ"/>
		<feat xlink:href="#sSpan557" value="ϫⲉ"/>
		<feat xlink:href="#sSpan559" value="ⲡⲁⲓ"/>
		<feat xlink:href="#sSpan561" value="ⲡⲉ"/>
		<feat xlink:href="#sSpan563" value="ⲡ"/>
		<feat xlink:href="#sSpan566" value="ⲙⲁⲉⲓⲛ"/>
		<feat xlink:href="#sSpan567" value="ⲛ"/>
		<feat xlink:href="#sSpan569" value="ⲧⲁ"/>
		<feat xlink:href="#sSpan571" value="ⲇⲓⲁⲑⲏⲕⲏ"/>
		<feat xlink:href="#sSpan572" value="ⲡⲁⲓ"/>
		<feat xlink:href="#sSpan575" value="ⲁⲛⲟⲕ"/>
		<feat xlink:href="#sSpan577" value="ⲉ"/>
		<feat xlink:href="#sSpan579" value="ϯ"/>
		<feat xlink:href="#sSpan580" value="ⲛⲁ"/>
		<feat xlink:href="#sSpan581" value="ⲧⲁⲁ"/>
		<feat xlink:href="#sSpan582" value="ϥ"/>
		<feat xlink:href="#sSpan583" value="ϩⲛ"/>
		<feat xlink:href="#sSpan585" value="ⲧⲁ"/>
		<feat xlink:href="#sSpan587" value="ⲙⲏⲧⲉ"/>
		<feat xlink:href="#sSpan588" value="ⲙⲛ"/>
		<feat xlink:href="#sSpan590" value="ⲧⲉⲧⲛ"/>
		<feat xlink:href="#sSpan592" value="ⲙⲏⲧⲉ"/>
		<feat xlink:href="#sSpan593" value="ⲁⲩⲱ"/>
		<feat xlink:href="#sSpan595" value="ⲛ"/>
		<feat xlink:href="#sSpan597" value="ⲧ"/>
		<feat xlink:href="#sSpan599" value="ⲙⲏⲧⲉ"/>
		<feat xlink:href="#sSpan600" value="ⲙ"/>
		<feat xlink:href="#sSpan602" value="ⲯⲩⲭⲏ"/>
		<feat xlink:href="#sSpan604" value="ⲛⲓⲙ"/>
		<feat xlink:href="#sSpan606" value="ⲉⲧ"/>
		<feat xlink:href="#sSpan608" value="ⲟⲛϩ"/>
		<feat xlink:href="#sSpan609" value="ⲧⲁⲓ"/>
		<feat xlink:href="#sSpan611" value="ⲉⲧ"/>
		<feat xlink:href="#sSpan613" value="ⲛⲙⲙⲏ"/>
		<feat xlink:href="#sSpan614" value="ⲧⲛ"/>
		<feat xlink:href="#sSpan615" value="ⲉ"/>
		<feat xlink:href="#sSpan617" value="ϩⲉⲛ"/>
		<feat xlink:href="#sSpan619" value="ϫⲱⲙ"/>
		<feat xlink:href="#sSpan620" value="ϣⲁ"/>
		<feat xlink:href="#sSpan622" value="ⲉⲛⲉϩ"/>
		<feat xlink:href="#sSpan624" value="ϯ"/>
		<feat xlink:href="#sSpan627" value="ⲛⲁ"/>
		<feat xlink:href="#sSpan628" value="ⲕⲱ"/>
		<feat xlink:href="#sSpan629" value="ⲛ"/>
		<feat xlink:href="#sSpan631" value="ⲧⲁ"/>
		<feat xlink:href="#sSpan633" value="ⲡⲓⲧⲉ"/>
		<feat xlink:href="#sSpan634" value="ϩⲛ"/>
		<feat xlink:href="#sSpan636" value="ⲧ"/>
		<feat xlink:href="#sSpan638" value="ⲕⲗⲟⲟⲗⲉ"/>
		<feat xlink:href="#sSpan639" value="ⲁⲩⲱ"/>
		<feat xlink:href="#sSpan641" value="ⲥ"/>
		<feat xlink:href="#sSpan643" value="ⲛⲁ"/>
		<feat xlink:href="#sSpan644" value="ϣⲱⲡⲉ"/>
		<feat xlink:href="#sSpan645" value="ⲉ"/>
		<feat xlink:href="#sSpan647" value="ⲩ"/>
		<feat xlink:href="#sSpan649" value="ⲙⲁⲉⲓⲛ"/>
		<feat xlink:href="#sSpan650" value="ⲛ"/>
		<feat xlink:href="#sSpan652" value="ⲇⲓⲁⲑⲏⲕⲏ"/>
		<feat xlink:href="#sSpan654" value="ⲛ"/>
		<feat xlink:href="#sSpan656" value="ϣⲁ"/>
		<feat xlink:href="#sSpan657" value="ⲉⲛⲉϩ"/>
		<feat xlink:href="#sSpan660" value="ϩⲛ"/>
		<feat xlink:href="#sSpan662" value="ⲧⲁ"/>
		<feat xlink:href="#sSpan664" value="ⲙⲏⲧⲉ"/>
		<feat xlink:href="#sSpan665" value="ⲙⲛ"/>
		<feat xlink:href="#sSpan667" value="ⲧ"/>
		<feat xlink:href="#sSpan669" value="ⲙⲏⲧⲉ"/>
		<feat xlink:href="#sSpan670" value="ⲙ"/>
		<feat xlink:href="#sSpan672" value="ⲡ"/>
		<feat xlink:href="#sSpan674" value="ⲕⲁϩ"/>
		<feat xlink:href="#sSpan675" value="ⲁⲩⲱ"/>
		<feat xlink:href="#sSpan678" value="ⲉⲥⲉ"/>
		<feat xlink:href="#sSpan680" value="ϣⲱⲡⲉ"/>
		<feat xlink:href="#sSpan681" value="ⲉⲓϣⲁⲛ"/>
		<feat xlink:href="#sSpan683" value="ϭⲉⲧⲉⲡ"/>
		<feat xlink:href="#sSpan684" value="ⲧ"/>
		<feat xlink:href="#sSpan686" value="ⲡⲉ"/>
		<feat xlink:href="#sSpan687" value="ⲛ"/>
		<feat xlink:href="#sSpan689" value="ⲕⲗⲟⲟⲗⲉ"/>
		<feat xlink:href="#sSpan691" value="ⲉϫⲙ"/>
		<feat xlink:href="#sSpan693" value="ⲡ"/>
		<feat xlink:href="#sSpan695" value="ⲕⲁϩ"/>
		<feat xlink:href="#sSpan696" value="ⲧⲁ"/>
		<feat xlink:href="#sSpan699" value="ⲡⲓⲧⲉ"/>
		<feat xlink:href="#sSpan700" value="ⲉⲥⲉ"/>
		<feat xlink:href="#sSpan702" value="ⲟⲩⲱⲛϩ"/>
		<feat xlink:href="#sSpan704" value="ⲉⲃⲟⲗ"/>
		<feat xlink:href="#sSpan706" value="ϩⲛ"/>
		<feat xlink:href="#sSpan708" value="ⲧ"/>
		<feat xlink:href="#sSpan710" value="ⲕⲗⲟⲟⲗⲉ"/>
		<feat xlink:href="#sSpan711" value="ⲁⲩⲱ"/>
		<feat xlink:href="#sSpan714" value="ϯ"/>
		<feat xlink:href="#sSpan716" value="ⲛⲁ"/>
		<feat xlink:href="#sSpan717" value="ⲉⲣ"/>
		<feat xlink:href="#sSpan718" value="ⲡ"/>
		<feat xlink:href="#sSpan720" value="ⲙⲉⲉⲩⲉ"/>
		<feat xlink:href="#sSpan721" value="ⲛ"/>
		<feat xlink:href="#sSpan723" value="ⲧⲁ"/>
		<feat xlink:href="#sSpan725" value="ⲇⲓⲁⲑⲏⲕⲏ"/>
		<feat xlink:href="#sSpan726" value="ⲧⲁⲓ"/>
		<feat xlink:href="#sSpan728" value="ⲉⲧ"/>
		<feat xlink:href="#sSpan730" value="ϩⲛ"/>
		<feat xlink:href="#sSpan731" value="ⲧⲁ"/>
		<feat xlink:href="#sSpan733" value="ⲙⲏⲧⲉ"/>
		<feat xlink:href="#sSpan734" value="ⲙⲛ"/>
		<feat xlink:href="#sSpan736" value="ⲧⲉⲧⲛ"/>
		<feat xlink:href="#sSpan738" value="ⲙⲏⲧⲉ"/>
		<feat xlink:href="#sSpan739" value="ⲁⲩⲱ"/>
		<feat xlink:href="#sSpan741" value="ⲛ"/>
		<feat xlink:href="#sSpan743" value="ⲧ"/>
		<feat xlink:href="#sSpan744" value="ⲙⲏⲧⲉ"/>
		<feat xlink:href="#sSpan745" value="ⲙ"/>
		<feat xlink:href="#sSpan747" value="ⲯⲩⲭⲏ"/>
		<feat xlink:href="#sSpan749" value="ⲛⲓⲙ"/>
		<feat xlink:href="#sSpan751" value="ⲉⲧ"/>
		<feat xlink:href="#sSpan753" value="ⲟⲛϩ"/>
		<feat xlink:href="#sSpan754" value="ϩⲛ"/>
		<feat xlink:href="#sSpan756" value="ⲥⲁⲣⲉⲝ"/>
		<feat xlink:href="#sSpan758" value="ⲛⲓⲙ"/>
		<feat xlink:href="#sSpan760" value="ⲁⲩⲱ"/>
		<feat xlink:href="#sSpan762" value="ⲛⲛⲉ"/>
		<feat xlink:href="#sSpan764" value="ⲡ"/>
		<feat xlink:href="#sSpan766" value="ⲙⲟⲟⲩ"/>
		<feat xlink:href="#sSpan767" value="ϣⲱⲡⲉ"/>
		<feat xlink:href="#sSpan769" value="ϫⲓⲛ"/>
		<feat xlink:href="#sSpan771" value="ⲉ"/>
		<feat xlink:href="#sSpan772" value="ⲡⲓ"/>
		<feat xlink:href="#sSpan775" value="ⲛⲁⲩ"/>
		<feat xlink:href="#sSpan776" value="ⲉ"/>
		<feat xlink:href="#sSpan778" value="ⲩ"/>
		<feat xlink:href="#sSpan780" value="ⲕⲁⲧⲁⲕⲗⲏⲥⲙⲟⲥ"/>
		<feat xlink:href="#sSpan781" value="ϩⲱⲥⲧⲉ"/>
		<feat xlink:href="#sSpan783" value="ⲉ"/>
		<feat xlink:href="#sSpan785" value="ⲃⲱⲧⲉ"/>
		<feat xlink:href="#sSpan786" value="ⲉⲃⲟⲗ"/>
		<feat xlink:href="#sSpan789" value="ⲛ"/>
		<feat xlink:href="#sSpan791" value="ⲛⲓⲙ"/>
		<feat xlink:href="#sSpan793" value="ⲉⲣⲉ"/>
		<feat xlink:href="#sSpan796" value="ⲧⲁ"/>
		<feat xlink:href="#sSpan799" value="ⲡⲓⲧⲉ"/>
		<feat xlink:href="#sSpan800" value="ϣⲱⲡⲉ"/>
		<feat xlink:href="#sSpan802" value="ϩⲛ"/>
		<feat xlink:href="#sSpan804" value="ⲧ"/>
		<feat xlink:href="#sSpan806" value="ⲕⲗⲟⲟⲗⲉ"/>
		<feat xlink:href="#sSpan807" value="ⲁⲩⲱ"/>
		<feat xlink:href="#sSpan809" value="ϯ"/>
		<feat xlink:href="#sSpan811" value="ⲛⲁ"/>
		<feat xlink:href="#sSpan812" value="ⲛⲁⲩ"/>
		<feat xlink:href="#sSpan814" value="ⲉⲡⲉⲣⲡ"/>
		<feat xlink:href="#sSpan816" value="ⲛⲧ"/>
		<feat xlink:href="#sSpan818" value="ⲁ"/>
		<feat xlink:href="#sSpan819" value="ϯⲁⲑⲏⲕⲏ"/>
		<feat xlink:href="#sSpan820" value="ϣⲁ"/>
		<feat xlink:href="#sSpan822" value="ⲉⲛⲉϩ"/>
		<feat xlink:href="#sSpan824" value="ϩⲛ"/>
		<feat xlink:href="#sSpan826" value="ⲧⲁ"/>
		<feat xlink:href="#sSpan828" value="ⲙⲏⲧⲉ"/>
		<feat xlink:href="#sSpan829" value="ⲁⲩⲱ"/>
		<feat xlink:href="#sSpan831" value="ϩⲛ"/>
		<feat xlink:href="#sSpan833" value="ⲧ"/>
		<feat xlink:href="#sSpan835" value="ⲙⲏⲧⲉ"/>
		<feat xlink:href="#sSpan836" value="ⲙ"/>
		<feat xlink:href="#sSpan838" value="ⲯⲩⲭⲏ"/>
		<feat xlink:href="#sSpan840" value="ⲛⲓⲙ"/>
		<feat xlink:href="#sSpan842" value="ⲉⲧ"/>
		<feat xlink:href="#sSpan844" value="ⲟⲛϩ"/>
		<feat xlink:href="#sSpan845" value="ϩⲛ"/>
		<feat xlink:href="#sSpan847" value="ⲥⲁⲣⲉⲝ"/>
		<feat xlink:href="#sSpan849" value="ⲛⲓⲙ"/>
		<feat xlink:href="#sSpan851" value="ⲉ"/>
		<feat xlink:href="#sSpan853" value="ⲧ"/>
		<feat xlink:href="#sSpan854" value="ϩⲓϫⲛ"/>
		<feat xlink:href="#sSpan855" value="ⲡ"/>
		<feat xlink:href="#sSpan858" value="ⲕⲁϩ"/>
		<feat xlink:href="#sSpan859" value="ⲡⲉϫⲉ"/>
		<feat xlink:href="#sSpan862" value="ⲡ"/>
		<feat xlink:href="#sSpan864" value="ϫⲟⲉⲓⲥ"/>
		<feat xlink:href="#sSpan865" value="ⲡ"/>
		<feat xlink:href="#sSpan867" value="ⲛⲟⲩⲧⲉ"/>
		<feat xlink:href="#sSpan868" value="ⲛ"/>
		<feat xlink:href="#sSpan870" value="ⲛⲱϩⲉ"/>
		<feat xlink:href="#sSpan872" value="ϫⲉ"/>
		<feat xlink:href="#sSpan874" value="ⲡⲁⲓ"/>
		<feat xlink:href="#sSpan876" value="ⲡⲉ"/>
		<feat xlink:href="#sSpan878" value="ⲡ"/>
		<feat xlink:href="#sSpan881" value="ⲙⲁⲉⲓⲛ"/>
		<feat xlink:href="#sSpan882" value="ⲛ"/>
		<feat xlink:href="#sSpan884" value="ⲧ"/>
		<feat xlink:href="#sSpan886" value="ⲇⲓⲁⲑⲏⲕⲏ"/>
		<feat xlink:href="#sSpan887" value="ⲉⲛⲧ"/>
		<feat xlink:href="#sSpan889" value="ⲁ"/>
		<feat xlink:href="#sSpan890" value="ⲓ"/>
		<feat xlink:href="#sSpan891" value="ⲕⲁⲁ"/>
		<feat xlink:href="#sSpan892" value="ⲥ"/>
		<feat xlink:href="#sSpan893" value="ⲛ"/>
		<feat xlink:href="#sSpan895" value="ⲧⲁ"/>
		<feat xlink:href="#sSpan897" value="ⲙⲏⲧⲉ"/>
		<feat xlink:href="#sSpan898" value="ⲁⲩⲱ"/>
		<feat xlink:href="#sSpan900" value="ⲛ"/>
		<feat xlink:href="#sSpan902" value="ⲧ"/>
		<feat xlink:href="#sSpan904" value="ⲙⲏⲧⲉ"/>
		<feat xlink:href="#sSpan905" value="ⲛ"/>
		<feat xlink:href="#sSpan907" value="ⲥⲁⲣⲝ"/>
		<feat xlink:href="#sSpan909" value="ⲛⲓⲙ"/>
		<feat xlink:href="#sSpan911" value="ⲉ"/>
		<feat xlink:href="#sSpan913" value="ⲧ"/>
		<feat xlink:href="#sSpan914" value="ϩⲓϫⲙ"/>
		<feat xlink:href="#sSpan915" value="ⲡ"/>
		<feat xlink:href="#sSpan918" value="ⲕⲁϩ"/>
		<feat xlink:href="#sSpan919" value="ⲛ"/>
		<feat xlink:href="#sSpan923" value="ϣⲏⲣⲉ"/>
		<feat xlink:href="#sSpan924" value="ⲇⲉ"/>
		<feat xlink:href="#sSpan926" value="ⲛ"/>
		<feat xlink:href="#sSpan928" value="ⲛⲱϩⲉ"/>
		<feat xlink:href="#sSpan930" value="ⲉ"/>
		<feat xlink:href="#sSpan932" value="ⲛ"/>
		<feat xlink:href="#sSpan933" value="ⲧⲁⲩⲉ"/>
		<feat xlink:href="#sSpan934" value="ⲓ"/>
		<feat xlink:href="#sSpan935" value="ⲉⲃⲟⲗ"/>
		<feat xlink:href="#sSpan938" value="ϩⲛ"/>
		<feat xlink:href="#sSpan940" value="ⲧ"/>
		<feat xlink:href="#sSpan942" value="ⲕⲓⲃⲱⲧⲟⲥ"/>
		<feat xlink:href="#sSpan943" value="ⲡⲉ"/>
		<feat xlink:href="#sSpan945" value="ⲥⲏⲙ"/>
		<feat xlink:href="#sSpan948" value="ⲭⲁⲙ"/>
		<feat xlink:href="#sSpan950" value="ⲓⲁⲫⲉⲧ"/>
		<feat xlink:href="#sSpan953" value="ⲭⲁⲙ"/>
		<feat xlink:href="#sSpan956" value="ⲇⲉ"/>
		<feat xlink:href="#sSpan958" value="ⲡⲉ"/>
		<feat xlink:href="#sSpan960" value="ⲡ"/>
		<feat xlink:href="#sSpan963" value="ⲉⲓⲱⲧ"/>
		<feat xlink:href="#sSpan964" value="ⲛ"/>
		<feat xlink:href="#sSpan966" value="ⲭⲁⲛⲁⲁⲛ"/>
		<feat xlink:href="#sSpan968" value="ⲛⲁⲓ"/>
		<feat xlink:href="#sSpan972" value="ⲛⲉ"/>
		<feat xlink:href="#sSpan974" value="ⲡ"/>
		<feat xlink:href="#sSpan977" value="ϣⲟⲙⲧ"/>
		<feat xlink:href="#sSpan979" value="ⲛ"/>
		<feat xlink:href="#sSpan981" value="ϣⲏⲣⲉ"/>
		<feat xlink:href="#sSpan982" value="ⲛ"/>
		<feat xlink:href="#sSpan984" value="ⲛⲱϩⲉ"/>
		<feat xlink:href="#sSpan986" value="ⲉⲃⲟⲗ"/>
		<feat xlink:href="#sSpan989" value="ϩⲛ"/>
		<feat xlink:href="#sSpan991" value="ⲛⲁⲓ"/>
		<feat xlink:href="#sSpan993" value="ⲛⲧ"/>
		<feat xlink:href="#sSpan995" value="ⲁ"/>
		<feat xlink:href="#sSpan996" value="ⲩ"/>
		<feat xlink:href="#sSpan997" value="ϫⲱⲱⲣⲉ"/>
		<feat xlink:href="#sSpan999" value="ⲉⲃⲟⲗ"/>
		<feat xlink:href="#sSpan1001" value="ϩⲓϫⲙ"/>
		<feat xlink:href="#sSpan1003" value="ⲡ"/>
		<feat xlink:href="#sSpan1005" value="ⲕⲁϩ"/>
		<feat xlink:href="#sSpan1006" value="ⲧⲏⲣ"/>
		<feat xlink:href="#sSpan1008" value="ϥ"/>
		<feat xlink:href="#sSpan1009" value="ⲛⲱϩⲉ"/>
		<feat xlink:href="#sSpan1013" value="ⲇⲉ"/>
		<feat xlink:href="#sSpan1015" value="ⲛⲉⲩ"/>
		<feat xlink:href="#sSpan1018" value="ⲣⲱⲙⲉ"/>
		<feat xlink:href="#sSpan1019" value="ⲛ"/>
		<feat xlink:href="#sSpan1021" value="ⲟⲩⲟⲉⲓⲏ"/>
		<feat xlink:href="#sSpan1023" value="ⲡⲉ"/>
		<feat xlink:href="#sSpan1025" value="ⲁ"/>
		<feat xlink:href="#sSpan1027" value="ϥ"/>
		<feat xlink:href="#sSpan1028" value="ⲁⲣⲭⲉⲓ"/>
		<feat xlink:href="#sSpan1029" value="ⲛ"/>
		<feat xlink:href="#sSpan1031" value="ⲧⲱϭⲉ"/>
		<feat xlink:href="#sSpan1032" value="ⲛ"/>
		<feat xlink:href="#sSpan1034" value="ⲟⲩ"/>
		<feat xlink:href="#sSpan1036" value="ⲙⲁ"/>
		<feat xlink:href="#sSpan1037" value="ⲛ"/>
		<feat xlink:href="#sSpan1039" value="ⲉⲗⲟⲟⲗⲉ"/>
		<feat xlink:href="#sSpan1040" value="ⲁⲩⲱ"/>
		<feat xlink:href="#sSpan1043" value="ⲁ"/>
		<feat xlink:href="#sSpan1045" value="ϥ"/>
		<feat xlink:href="#sSpan1046" value="ⲥⲱ"/>
		<feat xlink:href="#sSpan1047" value="ⲉⲃⲟⲗ"/>
		<feat xlink:href="#sSpan1050" value="ϩⲙ"/>
		<feat xlink:href="#sSpan1052" value="ⲡⲉϥ"/>
		<feat xlink:href="#sSpan1054" value="ⲏⲣⲉⲡ"/>
		<feat xlink:href="#sSpan1055" value="ⲁ"/>
		<feat xlink:href="#sSpan1057" value="ϥ"/>
		<feat xlink:href="#sSpan1059" value="ϯϩⲉ"/>
		<feat xlink:href="#sSpan1061" value="ⲁ"/>
		<feat xlink:href="#sSpan1063" value="ϥ"/>
		<feat xlink:href="#sSpan1065" value="ⲕⲱⲕⲁϩⲏⲩ"/>
		<feat xlink:href="#sSpan1067" value="ϩⲛ"/>
		<feat xlink:href="#sSpan1069" value="ⲡⲉϥ"/>
		<feat xlink:href="#sSpan1071" value="ⲏⲓ"/>
		<feat xlink:href="#sSpan1072" value="ⲁ"/>
		<feat xlink:href="#sSpan1076" value="ϥ"/>
		<feat xlink:href="#sSpan1077" value="ⲛⲁⲩ"/>
		<feat xlink:href="#sSpan1078" value="ⲇⲉ"/>
		<feat xlink:href="#sSpan1080" value="ⲛϭⲓ"/>
		<feat xlink:href="#sSpan1082" value="ⲭⲁⲙ"/>
		<feat xlink:href="#sSpan1084" value="ⲡ"/>
		<feat xlink:href="#sSpan1086" value="ⲉⲓⲱⲧ"/>
		<feat xlink:href="#sSpan1087" value="ⲛ"/>
		<feat xlink:href="#sSpan1089" value="ⲭⲁⲛⲁⲁⲛ"/>
		<feat xlink:href="#sSpan1091" value="ⲉ"/>
		<feat xlink:href="#sSpan1093" value="ⲡ"/>
		<feat xlink:href="#sSpan1095" value="ⲕⲱ"/>
		<feat xlink:href="#sSpan1097" value="ⲕⲁϩⲏⲩ"/>
		<feat xlink:href="#sSpan1099" value="ⲙ"/>
		<feat xlink:href="#sSpan1101" value="ⲡⲉϥ"/>
		<feat xlink:href="#sSpan1103" value="ⲉⲓⲱⲧ"/>
		<feat xlink:href="#sSpan1104" value="ⲁ"/>
		<feat xlink:href="#sSpan1106" value="ϥ"/>
		<feat xlink:href="#sSpan1107" value="ⲉⲓ"/>
		<feat xlink:href="#sSpan1109" value="ⲉⲃⲟⲗ"/>
		<feat xlink:href="#sSpan1111" value="ⲁ"/>
		<feat xlink:href="#sSpan1113" value="ϥ"/>
		<feat xlink:href="#sSpan1114" value="ϫⲟⲟ"/>
		<feat xlink:href="#sSpan1115" value="ⲥ"/>
		<feat xlink:href="#sSpan1116" value="ⲛ"/>
		<feat xlink:href="#sSpan1118" value="ⲡⲉϥ"/>
		<feat xlink:href="#sSpan1120" value="ⲥⲟⲛ"/>
		<feat xlink:href="#sSpan1121" value="ⲥⲛⲁⲩ"/>
		<feat xlink:href="#sSpan1123" value="ϩⲓⲃⲟⲗ"/>
		<feat xlink:href="#sSpan1125" value="ⲁ"/>
		<feat xlink:href="#sSpan1128" value="ⲥⲏⲙ"/>
		<feat xlink:href="#sSpan1129" value="ⲙⲛ"/>
		<feat xlink:href="#sSpan1131" value="ⲓⲁⲫⲉⲑ"/>
		<feat xlink:href="#sSpan1133" value="ϫⲓ"/>
		<feat xlink:href="#sSpan1135" value="ⲛ"/>
		<feat xlink:href="#sSpan1137" value="ⲧⲉ"/>
		<feat xlink:href="#sSpan1139" value="ϣⲧⲏⲛ"/>
		<feat xlink:href="#sSpan1140" value="ⲁ"/>
		<feat xlink:href="#sSpan1142" value="ⲩ"/>
		<feat xlink:href="#sSpan1143" value="ⲧⲁⲗⲟ"/>
		<feat xlink:href="#sSpan1144" value="ⲥ"/>
		<feat xlink:href="#sSpan1145" value="ⲉϩⲣⲁⲓ"/>
		<feat xlink:href="#sSpan1147" value="ⲉϫⲛ"/>
		<feat xlink:href="#sSpan1149" value="ⲧⲉⲩ"/>
		<feat xlink:href="#sSpan1151" value="ϫⲓⲥⲉ"/>
		<feat xlink:href="#sSpan1152" value="ⲛ"/>
		<feat xlink:href="#sSpan1154" value="ⲡⲉ"/>
		<feat xlink:href="#sSpan1156" value="ⲥⲛⲁⲩ"/>
		<feat xlink:href="#sSpan1157" value="ⲁ"/>
		<feat xlink:href="#sSpan1159" value="ⲩ"/>
		<feat xlink:href="#sSpan1160" value="ⲙⲟⲟϣⲉ"/>
		<feat xlink:href="#sSpan1162" value="ⲉⲩ"/>
		<feat xlink:href="#sSpan1165" value="ⲉ"/>
		<feat xlink:href="#sSpan1167" value="ⲡⲁϩⲟⲩ"/>
		<feat xlink:href="#sSpan1168" value="ⲁ"/>
		<feat xlink:href="#sSpan1170" value="ⲩ"/>
		<feat xlink:href="#sSpan1171" value="ϩⲱⲃⲥ"/>
		<feat xlink:href="#sSpan1172" value="ⲙ"/>
		<feat xlink:href="#sSpan1174" value="ⲡ"/>
		<feat xlink:href="#sSpan1177" value="ⲕⲱⲕⲁϩⲏⲩ"/>
		<feat xlink:href="#sSpan1179" value="ⲙ"/>
		<feat xlink:href="#sSpan1182" value="ⲡⲉⲩ"/>
		<feat xlink:href="#sSpan1184" value="ⲉⲓⲱⲧ"/>
		<feat xlink:href="#sSpan1185" value="ⲡ"/>
		<feat xlink:href="#sSpan1189" value="ⲉϥⲓ"/>
		<feat xlink:href="#sSpan1191" value="ⲛ"/>
		<feat xlink:href="#sSpan1193" value="ϣⲏⲣⲉ"/>
		<feat xlink:href="#sSpan1195" value="ϫⲉ"/>
		<feat xlink:href="#sSpan1198" value="ⲡⲉ"/>
		<feat xlink:href="#sSpan1200" value="ⲭⲁⲛⲁⲁⲛ"/>
		<feat xlink:href="#sSpan1203" value="ⲉϥⲉ"/>
		<feat xlink:href="#sSpan1205" value="ϣⲱⲡⲉ"/>
		<feat xlink:href="#sSpan1206" value="ⲛ"/>
		<feat xlink:href="#sSpan1208" value="ϩⲙϩⲁⲗ"/>
		<feat xlink:href="#sSpan1210" value="ⲛ"/>
		<feat xlink:href="#sSpan1212" value="ⲛⲉϥ"/>
		<feat xlink:href="#sSpan1214" value="ⲥⲛⲏⲩ"/>
		<feat xlink:href="#sSpan1215" value="ⲁⲩⲱ"/>
		<feat xlink:href="#sSpan1218" value="ⲡⲉϫⲁ"/>
		<feat xlink:href="#sSpan1220" value="ϥ"/>
		<feat xlink:href="#sSpan1221" value="ϫⲉ"/>
		<feat xlink:href="#sSpan1223" value="ϥ"/>
		<feat xlink:href="#sSpan1224" value="ⲥⲙⲁⲙⲁⲁⲧ"/>
		<feat xlink:href="#sSpan1225" value="ⲛϭⲓ"/>
		<feat xlink:href="#sSpan1227" value="ⲡ"/>
		<feat xlink:href="#sSpan1229" value="ϫⲟⲉⲓⲥ"/>
		<feat xlink:href="#sSpan1230" value="ⲡ"/>
		<feat xlink:href="#sSpan1232" value="ⲛⲟⲩⲧⲉ"/>
		<feat xlink:href="#sSpan1233" value="ⲛⲥⲏⲙ"/>
		<feat xlink:href="#sSpan1236" value="..."/>
		<feat xlink:href="#sSpan1238" value="ϣⲱⲡⲉ"/>
		<feat xlink:href="#sSpan1240" value="ⲛⲁ"/>
		<feat xlink:href="#sSpan1242" value="ϥ"/>
		<feat xlink:href="#sSpan1243" value="ⲛϩⲙⲗ"/></featList></paula>