<?xml version='1.0' encoding='UTF-8'?><!DOCTYPE paula SYSTEM "paula_feat.dtd">
<paula version="1.1">
	<header paula_id="scriptorium.life.longinus.lucius.02.mark_lb_n"/>
	<featList xmlns:xlink="http://www.w3.org/1999/xlink" type="lb_n" xml:base="scriptorium.life.longinus.lucius.02.mark.xml">
		<feat xlink:href="#sSpan5" value="1"/>
		<feat xlink:href="#sSpan69" value="2"/>
		<feat xlink:href="#sSpan126" value="3"/>
		<feat xlink:href="#sSpan195" value="4"/>
		<feat xlink:href="#sSpan263" value="5"/>
		<feat xlink:href="#sSpan328" value="6"/>
		<feat xlink:href="#sSpan389" value="7"/>
		<feat xlink:href="#sSpan445" value="8"/>
		<feat xlink:href="#sSpan493" value="9"/>
		<feat xlink:href="#sSpan561" value="10"/>
		<feat xlink:href="#sSpan632" value="11"/>
		<feat xlink:href="#sSpan675" value="12"/>
		<feat xlink:href="#sSpan735" value="13"/>
		<feat xlink:href="#sSpan798" value="14"/>
		<feat xlink:href="#sSpan855" value="15"/>
		<feat xlink:href="#sSpan915" value="16"/>
		<feat xlink:href="#sSpan968" value="17"/>
		<feat xlink:href="#sSpan1041" value="18"/>
		<feat xlink:href="#sSpan1099" value="19"/>
		<feat xlink:href="#sSpan1152" value="20"/>
		<feat xlink:href="#sSpan1216" value="21"/>
		<feat xlink:href="#sSpan1250" value="1"/>
		<feat xlink:href="#sSpan1298" value="2"/>
		<feat xlink:href="#sSpan1361" value="3"/>
		<feat xlink:href="#sSpan1422" value="4"/>
		<feat xlink:href="#sSpan1478" value="5"/>
		<feat xlink:href="#sSpan1540" value="6"/>
		<feat xlink:href="#sSpan1597" value="7"/>
		<feat xlink:href="#sSpan1660" value="8"/>
		<feat xlink:href="#sSpan1728" value="9"/>
		<feat xlink:href="#sSpan1787" value="10"/>
		<feat xlink:href="#sSpan1853" value="11"/>
		<feat xlink:href="#sSpan1907" value="12"/>
		<feat xlink:href="#sSpan1981" value="13"/>
		<feat xlink:href="#sSpan2047" value="14"/>
		<feat xlink:href="#sSpan2104" value="15"/>
		<feat xlink:href="#sSpan2161" value="16"/>
		<feat xlink:href="#sSpan2230" value="17"/>
		<feat xlink:href="#sSpan2289" value="18"/>
		<feat xlink:href="#sSpan2331" value="1"/>
		<feat xlink:href="#sSpan2378" value="2"/>
		<feat xlink:href="#sSpan2433" value="3"/>
		<feat xlink:href="#sSpan2495" value="4"/>
		<feat xlink:href="#sSpan2553" value="5"/>
		<feat xlink:href="#sSpan2618" value="6"/>
		<feat xlink:href="#sSpan2687" value="7"/>
		<feat xlink:href="#sSpan2750" value="8"/>
		<feat xlink:href="#sSpan2809" value="9"/>
		<feat xlink:href="#sSpan2865" value="1"/>
		<feat xlink:href="#sSpan2913" value="2"/>
		<feat xlink:href="#sSpan2988" value="3"/>
		<feat xlink:href="#sSpan3045" value="4"/>
		<feat xlink:href="#sSpan3111" value="5"/>
		<feat xlink:href="#sSpan3176" value="6"/>
		<feat xlink:href="#sSpan3230" value="7"/>
		<feat xlink:href="#sSpan3282" value="8"/>
		<feat xlink:href="#sSpan3357" value="9"/>
		<feat xlink:href="#sSpan3418" value="10"/>
		<feat xlink:href="#sSpan3479" value="11"/>
		<feat xlink:href="#sSpan3534" value="12"/>
		<feat xlink:href="#sSpan3599" value="13"/>
		<feat xlink:href="#sSpan3664" value="14"/>
		<feat xlink:href="#sSpan3725" value="15"/>
		<feat xlink:href="#sSpan3764" value="1"/>
		<feat xlink:href="#sSpan3824" value="2"/>
		<feat xlink:href="#sSpan3939" value="3"/>
		<feat xlink:href="#sSpan3996" value="4"/>
		<feat xlink:href="#sSpan4064" value="5"/>
		<feat xlink:href="#sSpan4140" value="6"/>
		<feat xlink:href="#sSpan4200" value="7"/>
		<feat xlink:href="#sSpan4272" value="8"/>
		<feat xlink:href="#sSpan4324" value="9"/>
		<feat xlink:href="#sSpan4392" value="10"/>
		<feat xlink:href="#sSpan4452" value="11"/>
		<feat xlink:href="#sSpan4524" value="12"/>
		<feat xlink:href="#sSpan4588" value="13"/>
		<feat xlink:href="#sSpan4650" value="14"/>
		<feat xlink:href="#sSpan4722" value="15"/>
		<feat xlink:href="#sSpan4790" value="16"/>
		<feat xlink:href="#sSpan4846" value="17"/>
		<feat xlink:href="#sSpan4916" value="18"/>
		<feat xlink:href="#sSpan4927" value="1"/>
		<feat xlink:href="#sSpan4977" value="2"/>
		<feat xlink:href="#sSpan5047" value="3"/>
		<feat xlink:href="#sSpan5111" value="4"/>
		<feat xlink:href="#sSpan5169" value="5"/>
		<feat xlink:href="#sSpan5227" value="6"/>
		<feat xlink:href="#sSpan5288" value="7"/>
		<feat xlink:href="#sSpan5358" value="8"/>
		<feat xlink:href="#sSpan5425" value="9"/>
		<feat xlink:href="#sSpan5482" value="10"/>
		<feat xlink:href="#sSpan5537" value="11"/>
		<feat xlink:href="#sSpan5595" value="12"/>
		<feat xlink:href="#sSpan5666" value="13"/>
		<feat xlink:href="#sSpan5733" value="14"/>
		<feat xlink:href="#sSpan5784" value="15"/>
		<feat xlink:href="#sSpan5862" value="16"/>
		<feat xlink:href="#sSpan5925" value="17"/>
		<feat xlink:href="#sSpan5986" value="18"/>
		<feat xlink:href="#sSpan6057" value="19"/>
		<feat xlink:href="#sSpan6085" value="1"/>
		<feat xlink:href="#sSpan6134" value="2"/>
		<feat xlink:href="#sSpan6192" value="3"/>
		<feat xlink:href="#sSpan6248" value="4"/>
		<feat xlink:href="#sSpan6309" value="5"/>
		<feat xlink:href="#sSpan6369" value="6"/>
		<feat xlink:href="#sSpan6438" value="7"/>
		<feat xlink:href="#sSpan6504" value="8"/>
		<feat xlink:href="#sSpan6572" value="9"/>
		<feat xlink:href="#sSpan6647" value="10"/>
		<feat xlink:href="#sSpan6708" value="11"/>
		<feat xlink:href="#sSpan6770" value="12"/>
		<feat xlink:href="#sSpan6827" value="13"/>
		<feat xlink:href="#sSpan6891" value="14"/>
		<feat xlink:href="#sSpan6936" value="15"/></featList></paula>