<?xml version="1.0" encoding="UTF-8" standalone="no"?>

<!DOCTYPE paula SYSTEM "paula_mark.dtd">
<paula version="1.0">

<header paula_id="sahidica.nt.1_Corinthians_5_normSeg"/>

<markList xmlns:xlink="http://www.w3.org/1999/xlink" type="normSeg" xml:base="sahidica.nt.1_Corinthians_5.tok.xml">
<mark id="norm_1" xlink:href="#tok_1"/><!-- ⲥⲉ -->
<mark id="norm_2" xlink:href="#tok_2"/><!-- ⲥⲱⲧⲙ -->
<mark id="norm_3" xlink:href="#tok_3"/><!-- ⲣⲱ -->
<mark id="norm_4" xlink:href="#tok_4"/><!-- ⲉ -->
<mark id="norm_5" xlink:href="#tok_5"/><!-- ⲩ -->
<mark id="norm_6" xlink:href="#tok_6"/><!-- ⲡⲟⲣⲛⲉⲓⲁ -->
<mark id="norm_7" xlink:href="#tok_7"/><!-- ⲛϩⲏⲧ -->
<mark id="norm_8" xlink:href="#tok_8"/><!-- ⲧⲏⲩⲧⲛ -->
<mark id="norm_9" xlink:href="#tok_9"/><!-- ⲁⲩⲱ -->
<mark id="norm_10" xlink:href="#tok_10"/><!-- ⲟⲩ -->
<mark id="norm_11" xlink:href="#tok_11"/><!-- ⲡⲟⲣⲛⲉⲓⲁ -->
<mark id="norm_12" xlink:href="#tok_12"/><!-- ⲛ -->
<mark id="norm_13" xlink:href="#tok_13"/><!-- ⲧⲉⲉⲓ -->
<mark id="norm_14" xlink:href="#tok_14"/><!-- ⲙⲓⲛⲉ -->
<mark id="norm_15" xlink:href="#tok_15"/><!-- ⲉⲛⲥϩⲛ -->
<mark id="norm_16" xlink:href="#tok_16"/><!-- ⲛ -->
<mark id="norm_17" xlink:href="#tok_17"/><!-- ⲕⲉ -->
<mark id="norm_18" xlink:href="#tok_18"/><!-- ϩⲉⲑⲛⲟⲥ -->
<mark id="norm_19" xlink:href="#tok_19"/><!-- ⲁⲛ -->
<mark id="norm_20" xlink:href="#tok_20"/><!-- . -->
<mark id="norm_21" xlink:href="#tok_21"/><!-- ϩⲱⲥⲧⲉ -->
<mark id="norm_22" xlink:href="#tok_22"/><!-- ⲉⲧ -->
<mark id="norm_23" xlink:href="#tok_23"/><!-- ⲣⲉ -->
<mark id="norm_24" xlink:href="#tok_24"/><!-- ⲟⲩⲁ -->
<mark id="norm_25" xlink:href="#tok_25"/><!-- ϫⲓⲑⲓⲙⲉ -->
<mark id="norm_26" xlink:href="#tok_26"/><!-- ⲙ -->
<mark id="norm_27" xlink:href="#tok_27"/><!-- ⲡⲉϥ -->
<mark id="norm_28" xlink:href="#tok_28"/><!-- ⲉⲓⲱⲧ -->
<mark id="norm_29" xlink:href="#tok_29"/><!-- . -->
<mark id="norm_30" xlink:href="#tok_30"/><!-- ⲁⲩⲱ -->
<mark id="norm_31" xlink:href="#tok_31"/><!-- ⲛⲧⲱⲧⲛ -->
<mark id="norm_32" xlink:href="#tok_32"/><!-- ⲧⲉⲧⲛ -->
<mark id="norm_33" xlink:href="#tok_33"/><!-- ϫⲟⲥⲉ -->
<mark id="norm_34" xlink:href="#tok_34"/><!-- ⲛϩⲏⲧ -->
<mark id="norm_35" xlink:href="#tok_35"/><!-- ⲁⲩⲱ -->
<mark id="norm_36" xlink:href="#tok_36"/><!-- ⲛⲧ -->
<mark id="norm_37" xlink:href="#tok_37"/><!-- ⲁ -->
<mark id="norm_38" xlink:href="#tok_38"/><!-- ⲧⲉⲧⲛ -->
<mark id="norm_39" xlink:href="#xpointer(id('tok_39')/range-to(id('tok_40')))"/><!-- ⲣ...ϩⲏⲃⲉ -->
<mark id="norm_41" xlink:href="#tok_41"/><!-- ⲁⲛ -->
<mark id="norm_42" xlink:href="#tok_42"/><!-- ⲛϩⲟⲩⲟ -->
<mark id="norm_43" xlink:href="#tok_43"/><!-- . -->
<mark id="norm_44" xlink:href="#tok_44"/><!-- ϫⲉⲕⲁⲁⲥ -->
<mark id="norm_45" xlink:href="#tok_45"/><!-- ⲉⲩⲉ -->
<mark id="norm_46" xlink:href="#tok_46"/><!-- ϥⲓ -->
<mark id="norm_47" xlink:href="#tok_47"/><!-- ϩⲛ -->
<mark id="norm_48" xlink:href="#tok_48"/><!-- ⲧⲉⲧⲛ -->
<mark id="norm_49" xlink:href="#tok_49"/><!-- ⲙⲏⲧⲉ -->
<mark id="norm_50" xlink:href="#tok_50"/><!-- ⲙⲡⲉ -->
<mark id="norm_51" xlink:href="#tok_51"/><!-- ⲛ -->
<mark id="norm_52" xlink:href="#tok_52"/><!-- ⲧⲁϥ -->
<mark id="norm_53" xlink:href="#tok_53"/><!-- ⲉⲓⲣⲉ -->
<mark id="norm_54" xlink:href="#tok_54"/><!-- ⲙ -->
<mark id="norm_55" xlink:href="#tok_55"/><!-- ⲡⲉⲉⲓ -->
<mark id="norm_56" xlink:href="#tok_56"/><!-- ϩⲱⲃ -->
<mark id="norm_57" xlink:href="#tok_57"/><!-- . -->
<mark id="norm_58" xlink:href="#tok_58"/><!-- ⲁⲛⲟⲕ -->
<mark id="norm_59" xlink:href="#tok_59"/><!-- ⲅⲁⲣ -->
<mark id="norm_60" xlink:href="#tok_60"/><!-- ⲉⲛϯϩⲁⲧⲉⲧⲏⲩⲧⲛ -->
<mark id="norm_61" xlink:href="#tok_61"/><!-- ⲁⲛ -->
<mark id="norm_62" xlink:href="#tok_62"/><!-- ϩⲙ -->
<mark id="norm_63" xlink:href="#tok_63"/><!-- ⲡ -->
<mark id="norm_64" xlink:href="#tok_64"/><!-- ⲥⲱⲙⲁ -->
<mark id="norm_65" xlink:href="#tok_65"/><!-- . -->
<mark id="norm_66" xlink:href="#tok_66"/><!-- ⲉⲓϩⲁⲧⲉⲧⲏⲩⲧⲛ -->
<mark id="norm_67" xlink:href="#tok_67"/><!-- ⲇⲉ -->
<mark id="norm_68" xlink:href="#tok_68"/><!-- ϩⲙ -->
<mark id="norm_69" xlink:href="#tok_69"/><!-- ⲡⲉ -->
<mark id="norm_70" xlink:href="#tok_70"/><!-- ⲡⲛⲉⲩⲙⲁ -->
<mark id="norm_71" xlink:href="#tok_71"/><!-- . -->
<mark id="norm_72" xlink:href="#tok_72"/><!-- ⲁ -->
<mark id="norm_73" xlink:href="#tok_73"/><!-- ⲓ -->
<mark id="norm_74" xlink:href="#tok_74"/><!-- ⲟⲩⲱ -->
<mark id="norm_75" xlink:href="#tok_75"/><!-- ⲉ -->
<mark id="norm_76" xlink:href="#tok_76"/><!-- ⲓ -->
<mark id="norm_77" xlink:href="#tok_77"/><!-- ⲕⲣⲓⲛⲉ -->
<mark id="norm_78" xlink:href="#tok_78"/><!-- ϩⲱⲥ -->
<mark id="norm_79" xlink:href="#tok_79"/><!-- ⲉⲓϩⲁⲧⲛⲧⲏⲩⲧⲛ -->
<mark id="norm_80" xlink:href="#tok_80"/><!-- ⲙⲡⲉ -->
<mark id="norm_81" xlink:href="#tok_81"/><!-- ⲛ -->
<mark id="norm_82" xlink:href="#tok_82"/><!-- ⲧⲁϥ -->
<mark id="norm_83" xlink:href="#tok_83"/><!-- ⲉⲓⲣⲉ -->
<mark id="norm_84" xlink:href="#tok_84"/><!-- ⲙ -->
<mark id="norm_85" xlink:href="#tok_85"/><!-- ⲡⲉⲉⲓ -->
<mark id="norm_86" xlink:href="#tok_86"/><!-- ϩⲱⲃ -->
<mark id="norm_87" xlink:href="#tok_87"/><!-- ⲛ -->
<mark id="norm_88" xlink:href="#tok_88"/><!-- ⲧⲉⲓ -->
<mark id="norm_89" xlink:href="#tok_89"/><!-- ϩⲉ -->
<mark id="norm_90" xlink:href="#tok_90"/><!-- . -->
<mark id="norm_91" xlink:href="#tok_91"/><!-- ⲉ -->
<mark id="norm_92" xlink:href="#tok_92"/><!-- ⲁ -->
<mark id="norm_93" xlink:href="#tok_93"/><!-- ⲧⲉⲧⲛ -->
<mark id="norm_94" xlink:href="#tok_94"/><!-- ⲥⲱⲟⲩϩ -->
<mark id="norm_95" xlink:href="#tok_95"/><!-- ⲉϩⲟⲩⲛ -->
<mark id="norm_96" xlink:href="#tok_96"/><!-- ⲉⲛⲉ -->
<mark id="norm_97" xlink:href="#tok_97"/><!-- ⲧ -->
<mark id="norm_98" xlink:href="#tok_98"/><!-- ⲛ -->
<mark id="norm_99" xlink:href="#tok_99"/><!-- ⲉⲣⲏⲩ -->
<mark id="norm_100" xlink:href="#tok_100"/><!-- ϩⲙ -->
<mark id="norm_101" xlink:href="#tok_101"/><!-- ⲡ -->
<mark id="norm_102" xlink:href="#tok_102"/><!-- ⲣⲁⲛ -->
<mark id="norm_103" xlink:href="#tok_103"/><!-- ⲙ -->
<mark id="norm_104" xlink:href="#tok_104"/><!-- ⲡⲉⲛ -->
<mark id="norm_105" xlink:href="#tok_105"/><!-- ϫⲟⲉⲓⲥ -->
<mark id="norm_106" xlink:href="#tok_106"/><!-- ⲓⲏⲥⲟⲩⲥ -->
<mark id="norm_107" xlink:href="#tok_107"/><!-- ⲡⲉ -->
<mark id="norm_108" xlink:href="#tok_108"/><!-- ⲭⲣⲓⲥⲧⲟⲥ -->
<mark id="norm_109" xlink:href="#tok_109"/><!-- ⲙⲛ -->
<mark id="norm_110" xlink:href="#tok_110"/><!-- ⲡⲁ -->
<mark id="norm_111" xlink:href="#tok_111"/><!-- ⲡⲛⲉⲩⲙⲁ -->
<mark id="norm_112" xlink:href="#tok_112"/><!-- ⲙⲛ -->
<mark id="norm_113" xlink:href="#tok_113"/><!-- ⲧ -->
<mark id="norm_114" xlink:href="#tok_114"/><!-- ϭⲟⲙ -->
<mark id="norm_115" xlink:href="#tok_115"/><!-- ⲙ -->
<mark id="norm_116" xlink:href="#tok_116"/><!-- ⲡⲉⲛ -->
<mark id="norm_117" xlink:href="#tok_117"/><!-- ϫⲟⲉⲓⲥ -->
<mark id="norm_118" xlink:href="#tok_118"/><!-- ⲓⲏⲥⲟⲩⲥ -->
<mark id="norm_119" xlink:href="#tok_119"/><!-- . -->
<mark id="norm_120" xlink:href="#tok_120"/><!-- ⲉ -->
<mark id="norm_121" xlink:href="#tok_121"/><!-- ϯ -->
<mark id="norm_122" xlink:href="#tok_122"/><!-- ⲙ -->
<mark id="norm_123" xlink:href="#tok_123"/><!-- ⲡⲁⲓ -->
<mark id="norm_124" xlink:href="#tok_124"/><!-- ⲛ -->
<mark id="norm_125" xlink:href="#tok_125"/><!-- ⲧⲉⲉⲓ -->
<mark id="norm_126" xlink:href="#tok_126"/><!-- ⲙⲓⲛⲉ -->
<mark id="norm_127" xlink:href="#tok_127"/><!-- ⲙ -->
<mark id="norm_128" xlink:href="#tok_128"/><!-- ⲡ -->
<mark id="norm_129" xlink:href="#tok_129"/><!-- ⲥⲁⲧⲁⲛⲁⲥ -->
<mark id="norm_130" xlink:href="#tok_130"/><!-- ⲉ -->
<mark id="norm_131" xlink:href="#tok_131"/><!-- ⲩ -->
<mark id="norm_132" xlink:href="#tok_132"/><!-- ⲧⲁⲕⲟ -->
<mark id="norm_133" xlink:href="#tok_133"/><!-- ⲛ -->
<mark id="norm_134" xlink:href="#tok_134"/><!-- ⲧ -->
<mark id="norm_135" xlink:href="#tok_135"/><!-- ⲥⲁⲣⲝ -->
<mark id="norm_136" xlink:href="#tok_136"/><!-- . -->
<mark id="norm_137" xlink:href="#tok_137"/><!-- ϫⲉ -->
<mark id="norm_138" xlink:href="#tok_138"/><!-- ⲉⲣⲉ -->
<mark id="norm_139" xlink:href="#tok_139"/><!-- ⲡⲉ -->
<mark id="norm_140" xlink:href="#tok_140"/><!-- ⲡⲛⲉⲩⲙⲁ -->
<mark id="norm_141" xlink:href="#tok_141"/><!-- ⲟⲩϫⲁⲓ -->
<mark id="norm_142" xlink:href="#tok_142"/><!-- ϩⲙ -->
<mark id="norm_143" xlink:href="#tok_143"/><!-- ⲡⲉ -->
<mark id="norm_144" xlink:href="#tok_144"/><!-- ϩⲟⲟⲩ -->
<mark id="norm_145" xlink:href="#tok_145"/><!-- ⲙ -->
<mark id="norm_146" xlink:href="#tok_146"/><!-- ⲡⲉⲛ -->
<mark id="norm_147" xlink:href="#tok_147"/><!-- ϫⲟⲉⲓⲥ -->
<mark id="norm_148" xlink:href="#tok_148"/><!-- ⲓⲏⲥⲟⲩⲥ -->
<mark id="norm_149" xlink:href="#tok_149"/><!-- ⲡⲉ -->
<mark id="norm_150" xlink:href="#tok_150"/><!-- ⲭⲣⲓⲥⲧⲟⲥ -->
<mark id="norm_151" xlink:href="#tok_151"/><!-- . -->
<mark id="norm_152" xlink:href="#tok_152"/><!-- ⲛⲛⲁⲛⲟⲩ -->
<mark id="norm_153" xlink:href="#tok_153"/><!-- ⲡⲉⲧⲛ -->
<mark id="norm_154" xlink:href="#tok_154"/><!-- ϣⲟⲩϣⲟⲩ -->
<mark id="norm_155" xlink:href="#tok_155"/><!-- ⲁⲛ -->
<mark id="norm_156" xlink:href="#tok_156"/><!-- . -->
<mark id="norm_157" xlink:href="#tok_157"/><!-- ⲛⲧⲉⲧⲛ -->
<mark id="norm_158" xlink:href="#tok_158"/><!-- ⲥⲟⲟⲩⲛ -->
<mark id="norm_159" xlink:href="#tok_159"/><!-- ⲁⲛ -->
<mark id="norm_160" xlink:href="#tok_160"/><!-- ϫⲉ -->
<mark id="norm_161" xlink:href="#tok_161"/><!-- ϣⲁⲣⲉ -->
<mark id="norm_162" xlink:href="#tok_162"/><!-- ⲟⲩ -->
<mark id="norm_163" xlink:href="#tok_163"/><!-- ⲕⲟⲩⲓ -->
<mark id="norm_164" xlink:href="#tok_164"/><!-- ⲛ -->
<mark id="norm_165" xlink:href="#tok_165"/><!-- ⲑⲁⲃ -->
<mark id="norm_166" xlink:href="#tok_166"/><!-- ⲧⲣⲉ -->
<mark id="norm_167" xlink:href="#tok_167"/><!-- ⲡ -->
<mark id="norm_168" xlink:href="#tok_168"/><!-- ⲟⲩⲱϣⲙ -->
<mark id="norm_169" xlink:href="#tok_169"/><!-- ⲧⲏⲣ -->
<mark id="norm_170" xlink:href="#tok_170"/><!-- ϥ -->
<mark id="norm_171" xlink:href="#tok_171"/><!-- ϥⲓ -->
<mark id="norm_172" xlink:href="#tok_172"/><!-- . -->
<mark id="norm_173" xlink:href="#tok_173"/><!-- ϥⲓ -->
<mark id="norm_174" xlink:href="#tok_174"/><!-- ⲙ -->
<mark id="norm_175" xlink:href="#tok_175"/><!-- ⲡⲓ -->
<mark id="norm_176" xlink:href="#tok_176"/><!-- ⲑⲁⲃ -->
<mark id="norm_177" xlink:href="#tok_177"/><!-- ⲛⲁ -->
<mark id="norm_178" xlink:href="#tok_178"/><!-- ⲥ -->
<mark id="norm_179" xlink:href="#tok_179"/><!-- ⲉⲃⲟⲗ -->
<mark id="norm_180" xlink:href="#tok_180"/><!-- ⲛϩⲏⲧ -->
<mark id="norm_181" xlink:href="#tok_181"/><!-- ⲧⲏⲩⲧⲛ -->
<mark id="norm_182" xlink:href="#tok_182"/><!-- ϫⲉ -->
<mark id="norm_183" xlink:href="#tok_183"/><!-- ⲉⲧⲉⲧⲛⲉ -->
<mark id="norm_184" xlink:href="#tok_184"/><!-- ϣⲱⲡⲉ -->
<mark id="norm_185" xlink:href="#tok_185"/><!-- ⲛ -->
<mark id="norm_186" xlink:href="#tok_186"/><!-- ⲟⲩ -->
<mark id="norm_187" xlink:href="#tok_187"/><!-- ⲟⲩⲱϣⲙ -->
<mark id="norm_188" xlink:href="#tok_188"/><!-- ⲛ -->
<mark id="norm_189" xlink:href="#tok_189"/><!-- ⲃⲣⲣⲉ -->
<mark id="norm_190" xlink:href="#tok_190"/><!-- ⲕⲁⲧⲁ -->
<mark id="norm_191" xlink:href="#tok_191"/><!-- ⲧ -->
<mark id="norm_192" xlink:href="#tok_192"/><!-- ϩⲉ -->
<mark id="norm_193" xlink:href="#tok_193"/><!-- ⲉ -->
<mark id="norm_194" xlink:href="#tok_194"/><!-- ⲛ -->
<mark id="norm_195" xlink:href="#tok_195"/><!-- ⲧⲉⲧⲛ -->
<mark id="norm_196" xlink:href="#tok_196"/><!-- ϩⲉ -->
<mark id="norm_197" xlink:href="#tok_197"/><!-- ⲛⲁ -->
<mark id="norm_198" xlink:href="#tok_198"/><!-- ⲑⲁⲃ -->
<mark id="norm_199" xlink:href="#tok_199"/><!-- . -->
<mark id="norm_200" xlink:href="#tok_200"/><!-- ⲕⲁⲓⲅⲁⲣ -->
<mark id="norm_201" xlink:href="#tok_201"/><!-- ⲁ -->
<mark id="norm_202" xlink:href="#tok_202"/><!-- ⲩ -->
<mark id="norm_203" xlink:href="#tok_203"/><!-- ϣⲱⲱⲧ -->
<mark id="norm_204" xlink:href="#tok_204"/><!-- ⲙ -->
<mark id="norm_205" xlink:href="#tok_205"/><!-- ⲡⲉⲛ -->
<mark id="norm_206" xlink:href="#tok_206"/><!-- ⲡⲁⲥⲭⲁ -->
<mark id="norm_207" xlink:href="#tok_207"/><!-- ϩⲁⲣⲟ -->
<mark id="norm_208" xlink:href="#tok_208"/><!-- ⲛ -->
<mark id="norm_209" xlink:href="#tok_209"/><!-- ⲡⲉ -->
<mark id="norm_210" xlink:href="#tok_210"/><!-- ⲭⲣⲓⲥⲧⲟⲥ -->
<mark id="norm_211" xlink:href="#tok_211"/><!-- . -->
<mark id="norm_212" xlink:href="#tok_212"/><!-- ϩⲱⲥⲧⲉ -->
<mark id="norm_213" xlink:href="#tok_213"/><!-- ⲙⲁⲣⲛⲣϣⲁ -->
<mark id="norm_214" xlink:href="#tok_214"/><!-- ϩⲛ -->
<mark id="norm_215" xlink:href="#tok_215"/><!-- ⲟⲩ -->
<mark id="norm_216" xlink:href="#tok_216"/><!-- ⲑⲁⲃ -->
<mark id="norm_217" xlink:href="#tok_217"/><!-- ⲁⲛ -->
<mark id="norm_218" xlink:href="#tok_218"/><!-- ⲛⲁ -->
<mark id="norm_219" xlink:href="#tok_219"/><!-- ⲥ -->
<mark id="norm_220" xlink:href="#tok_220"/><!-- . -->
<mark id="norm_221" xlink:href="#tok_221"/><!-- ⲟⲩⲇⲉ -->
<mark id="norm_222" xlink:href="#tok_222"/><!-- ϩⲛ -->
<mark id="norm_223" xlink:href="#tok_223"/><!-- ⲟⲩ -->
<mark id="norm_224" xlink:href="#tok_224"/><!-- ⲑⲁⲃ -->
<mark id="norm_225" xlink:href="#tok_225"/><!-- ⲁⲛ -->
<mark id="norm_226" xlink:href="#tok_226"/><!-- ⲛ -->
<mark id="norm_227" xlink:href="#tok_227"/><!-- ⲕⲁⲕⲓⲁ -->
<mark id="norm_228" xlink:href="#tok_228"/><!-- ϩⲓ -->
<mark id="norm_229" xlink:href="#tok_229"/><!-- ⲡⲟⲛⲏⲣⲓⲁ -->
<mark id="norm_230" xlink:href="#tok_230"/><!-- . -->
<mark id="norm_231" xlink:href="#tok_231"/><!-- ⲁⲗⲗⲁ -->
<mark id="norm_232" xlink:href="#tok_232"/><!-- ϩⲛ -->
<mark id="norm_233" xlink:href="#tok_233"/><!-- ϩⲉⲛⲁⲑⲁⲃ -->
<mark id="norm_234" xlink:href="#tok_234"/><!-- ⲛ -->
<mark id="norm_235" xlink:href="#tok_235"/><!-- ⲧⲃⲃⲟ -->
<mark id="norm_236" xlink:href="#tok_236"/><!-- ϩⲓ -->
<mark id="norm_237" xlink:href="#tok_237"/><!-- ⲙⲉ -->
<mark id="norm_238" xlink:href="#tok_238"/><!-- . -->
<mark id="norm_239" xlink:href="#tok_239"/><!-- ⲁ -->
<mark id="norm_240" xlink:href="#tok_240"/><!-- ⲓ -->
<mark id="norm_241" xlink:href="#tok_241"/><!-- ⲥϩⲁⲓ -->
<mark id="norm_242" xlink:href="#tok_242"/><!-- ⲛⲏ -->
<mark id="norm_243" xlink:href="#tok_243"/><!-- ⲧⲛ -->
<mark id="norm_244" xlink:href="#tok_244"/><!-- ϩⲛ -->
<mark id="norm_245" xlink:href="#tok_245"/><!-- ⲧ -->
<mark id="norm_246" xlink:href="#tok_246"/><!-- ⲉⲡⲓⲥⲧⲟⲗⲏ -->
<mark id="norm_247" xlink:href="#tok_247"/><!-- ϫⲉ -->
<mark id="norm_248" xlink:href="#tok_248"/><!-- ⲙⲡⲣ -->
<mark id="norm_249" xlink:href="#tok_249"/><!-- ⲧⲱϩ -->
<mark id="norm_250" xlink:href="#tok_250"/><!-- ⲙⲛ -->
<mark id="norm_251" xlink:href="#tok_251"/><!-- ⲡⲟⲣⲛⲟⲥ -->
<mark id="norm_252" xlink:href="#tok_252"/><!-- . -->
<mark id="norm_253" xlink:href="#tok_253"/><!-- ⲟⲩ -->
<mark id="norm_254" xlink:href="#tok_254"/><!-- ⲡⲁⲛⲧⲱⲥ -->
<mark id="norm_255" xlink:href="#tok_255"/><!-- ⲉ -->
<mark id="norm_256" xlink:href="#tok_256"/><!-- ⲓ -->
<mark id="norm_257" xlink:href="#tok_257"/><!-- ϫⲱ -->
<mark id="norm_258" xlink:href="#tok_258"/><!-- ⲙⲙⲟ -->
<mark id="norm_259" xlink:href="#tok_259"/><!-- ⲥ -->
<mark id="norm_260" xlink:href="#tok_260"/><!-- ϫⲉ -->
<mark id="norm_261" xlink:href="#tok_261"/><!-- ⲙ -->
<mark id="norm_262" xlink:href="#tok_262"/><!-- ⲡⲟⲣⲛⲟⲥ -->
<mark id="norm_263" xlink:href="#tok_263"/><!-- ⲙ -->
<mark id="norm_264" xlink:href="#tok_264"/><!-- ⲡⲉⲓ -->
<mark id="norm_265" xlink:href="#tok_265"/><!-- ⲕⲟⲥⲙⲟⲥ -->
<mark id="norm_266" xlink:href="#tok_266"/><!-- ⲏⲙⲙⲁⲓⲧⲟ -->
<mark id="norm_267" xlink:href="#tok_267"/><!-- ⲛϩⲟⲩⲟ -->
<mark id="norm_268" xlink:href="#tok_268"/><!-- ⲏⲛⲣⲉϥⲧⲱⲣⲡ -->
<mark id="norm_269" xlink:href="#tok_269"/><!-- ⲏⲛⲣⲉϥϣⲙϣⲉ -->
<mark id="norm_270" xlink:href="#tok_270"/><!-- ⲉⲓⲇⲱⲗⲟⲛ -->
<mark id="norm_271" xlink:href="#tok_271"/><!-- ⲉϣϫⲉ -->
<mark id="norm_272" xlink:href="#tok_272"/><!-- ⲉϩⲉ -->
<mark id="norm_273" xlink:href="#tok_273"/><!-- ⲉⲓⲉ -->
<mark id="norm_274" xlink:href="#tok_274"/><!-- ϣϣⲉ -->
<mark id="norm_275" xlink:href="#tok_275"/><!-- ⲉⲣⲱ -->
<mark id="norm_276" xlink:href="#tok_276"/><!-- ⲧⲛ -->
<mark id="norm_277" xlink:href="#tok_277"/><!-- ⲉ -->
<mark id="norm_278" xlink:href="#tok_278"/><!-- ⲉⲓ -->
<mark id="norm_279" xlink:href="#tok_279"/><!-- ⲉⲃⲟⲗ -->
<mark id="norm_280" xlink:href="#tok_280"/><!-- ϩⲙ -->
<mark id="norm_281" xlink:href="#tok_281"/><!-- ⲡ -->
<mark id="norm_282" xlink:href="#tok_282"/><!-- ⲕⲟⲥⲙⲟⲥ -->
<mark id="norm_283" xlink:href="#tok_283"/><!-- . -->
<mark id="norm_284" xlink:href="#tok_284"/><!-- ⲧⲉⲛⲟⲩ -->
<mark id="norm_285" xlink:href="#tok_285"/><!-- ⲇⲉ -->
<mark id="norm_286" xlink:href="#tok_286"/><!-- ⲛⲧ -->
<mark id="norm_287" xlink:href="#tok_287"/><!-- ⲁ -->
<mark id="norm_288" xlink:href="#tok_288"/><!-- ⲓ -->
<mark id="norm_289" xlink:href="#tok_289"/><!-- ⲥϩⲁⲓ -->
<mark id="norm_290" xlink:href="#tok_290"/><!-- ⲛⲏ -->
<mark id="norm_291" xlink:href="#tok_291"/><!-- ⲧⲛ -->
<mark id="norm_292" xlink:href="#tok_292"/><!-- ϫⲉ -->
<mark id="norm_293" xlink:href="#tok_293"/><!-- ⲙⲡⲣ -->
<mark id="norm_294" xlink:href="#tok_294"/><!-- ⲧⲱϩ -->
<mark id="norm_295" xlink:href="#tok_295"/><!-- ⲙⲛ -->
<mark id="norm_296" xlink:href="#tok_296"/><!-- ⲟⲩⲁ -->
<mark id="norm_297" xlink:href="#tok_297"/><!-- ⲉ -->
<mark id="norm_298" xlink:href="#tok_298"/><!-- ⲩ -->
<mark id="norm_299" xlink:href="#tok_299"/><!-- ⲙⲟⲩⲧⲉ -->
<mark id="norm_300" xlink:href="#tok_300"/><!-- ⲉⲣⲟ -->
<mark id="norm_301" xlink:href="#tok_301"/><!-- ϥ -->
<mark id="norm_302" xlink:href="#tok_302"/><!-- ϫⲉ -->
<mark id="norm_303" xlink:href="#tok_303"/><!-- ⲟⲩ -->
<mark id="norm_304" xlink:href="#tok_304"/><!-- ⲥⲟⲛ -->
<mark id="norm_305" xlink:href="#tok_305"/><!-- ⲡⲉ -->
<mark id="norm_306" xlink:href="#tok_306"/><!-- ⲉϣⲱⲡⲉ -->
<mark id="norm_307" xlink:href="#tok_307"/><!-- ⲟⲩ -->
<mark id="norm_308" xlink:href="#tok_308"/><!-- ⲡⲟⲣⲛⲟⲥ -->
<mark id="norm_309" xlink:href="#tok_309"/><!-- ⲡⲉ -->
<mark id="norm_310" xlink:href="#tok_310"/><!-- ⲏⲛⲣⲉϥϣⲙϣⲉ -->
<mark id="norm_311" xlink:href="#tok_311"/><!-- ⲉⲓⲇⲱⲗⲟⲛ -->
<mark id="norm_312" xlink:href="#tok_312"/><!-- ⲏⲙⲙⲁⲓⲧⲟ -->
<mark id="norm_313" xlink:href="#tok_313"/><!-- ⲛϩⲟⲩⲟ -->
<mark id="norm_314" xlink:href="#tok_314"/><!-- ⲏⲛⲣⲉϥⲥⲁϩⲟⲩ -->
<mark id="norm_315" xlink:href="#tok_315"/><!-- ⲏⲛⲣⲉϥϯϩⲉ -->
<mark id="norm_316" xlink:href="#tok_316"/><!-- ⲏⲛⲣⲉϥⲧⲱⲣⲡ -->
<mark id="norm_317" xlink:href="#tok_317"/><!-- ⲡⲁⲓ -->
<mark id="norm_318" xlink:href="#tok_318"/><!-- ⲛⲧⲉⲉⲓⲙⲓ -->
<mark id="norm_319" xlink:href="#tok_319"/><!-- ⲛⲉ -->
<mark id="norm_320" xlink:href="#tok_320"/><!-- ⲟⲩⲇⲉ -->
<mark id="norm_321" xlink:href="#tok_321"/><!-- ⲙⲡⲣ -->
<mark id="norm_322" xlink:href="#tok_322"/><!-- ⲟⲩⲱⲙ -->
<mark id="norm_323" xlink:href="#tok_323"/><!-- ⲛⲙⲙⲁ -->
<mark id="norm_324" xlink:href="#tok_324"/><!-- ϥ -->
<mark id="norm_325" xlink:href="#tok_325"/><!-- . -->
<mark id="norm_326" xlink:href="#tok_326"/><!-- ⲟⲩ -->
<mark id="norm_327" xlink:href="#tok_327"/><!-- ⲅⲁⲣ -->
<mark id="norm_328" xlink:href="#tok_328"/><!-- ⲉⲣⲟ -->
<mark id="norm_329" xlink:href="#tok_329"/><!-- ⲓ -->
<mark id="norm_330" xlink:href="#tok_330"/><!-- ⲡⲉ -->
<mark id="norm_331" xlink:href="#tok_331"/><!-- ⲉ -->
<mark id="norm_332" xlink:href="#tok_332"/><!-- ⲕⲣⲓⲛⲉ -->
<mark id="norm_333" xlink:href="#tok_333"/><!-- ⲛ -->
<mark id="norm_334" xlink:href="#tok_334"/><!-- ⲛ -->
<mark id="norm_335" xlink:href="#tok_335"/><!-- ⲉⲧ -->
<mark id="norm_336" xlink:href="#tok_336"/><!-- ϩⲓⲃⲟⲗ -->
<mark id="norm_337" xlink:href="#tok_337"/><!-- . -->
<mark id="norm_338" xlink:href="#tok_338"/><!-- ⲁⲩⲱ -->
<mark id="norm_339" xlink:href="#tok_339"/><!-- ⲛ -->
<mark id="norm_340" xlink:href="#tok_340"/><!-- ⲛ -->
<mark id="norm_341" xlink:href="#tok_341"/><!-- ⲉⲧ -->
<mark id="norm_342" xlink:href="#tok_342"/><!-- ϩⲓϩⲟⲩⲛ -->
<mark id="norm_343" xlink:href="#tok_343"/><!-- ⲁⲛ -->
<mark id="norm_344" xlink:href="#tok_344"/><!-- . -->
<mark id="norm_345" xlink:href="#tok_345"/><!-- ⲛⲧⲱⲧⲛ -->
<mark id="norm_346" xlink:href="#tok_346"/><!-- ⲕⲣⲓⲛⲉ -->
<mark id="norm_347" xlink:href="#tok_347"/><!-- ⲛ -->
<mark id="norm_348" xlink:href="#tok_348"/><!-- ⲛ -->
<mark id="norm_349" xlink:href="#tok_349"/><!-- ⲉⲧ -->
<mark id="norm_350" xlink:href="#tok_350"/><!-- ϩⲓ -->
<mark id="norm_351" xlink:href="#tok_351"/><!-- ϩⲟⲩⲛ -->
<mark id="norm_352" xlink:href="#tok_352"/><!-- ⲡ -->
<mark id="norm_353" xlink:href="#tok_353"/><!-- ⲛⲟⲩⲧⲉ -->
<mark id="norm_354" xlink:href="#tok_354"/><!-- ⲇⲉ -->
<mark id="norm_355" xlink:href="#tok_355"/><!-- ⲛⲁ -->
<mark id="norm_356" xlink:href="#tok_356"/><!-- ⲕⲣⲓⲛⲉ -->
<mark id="norm_357" xlink:href="#tok_357"/><!-- ⲛ -->
<mark id="norm_358" xlink:href="#tok_358"/><!-- ⲛ -->
<mark id="norm_359" xlink:href="#tok_359"/><!-- ⲉⲧ -->
<mark id="norm_360" xlink:href="#tok_360"/><!-- ϩⲓⲃⲟⲗ -->
<mark id="norm_361" xlink:href="#tok_361"/><!-- ϥⲓ -->
<mark id="norm_362" xlink:href="#tok_362"/><!-- ⲙ -->
<mark id="norm_363" xlink:href="#tok_363"/><!-- ⲡ -->
<mark id="norm_364" xlink:href="#tok_364"/><!-- ⲡⲟⲛⲏⲣⲟⲥ -->
<mark id="norm_365" xlink:href="#tok_365"/><!-- ⲉⲃⲟⲗ -->
<mark id="norm_366" xlink:href="#tok_366"/><!-- ⲛϩⲏⲧ -->
<mark id="norm_367" xlink:href="#tok_367"/><!-- ⲧⲏⲩⲧⲛ -->
<mark id="norm_368" xlink:href="#tok_368"/><!-- . -->
</markList>
</paula>
