<?xml version="1.0" encoding="UTF-8" standalone="no"?>

<!DOCTYPE paula SYSTEM "paula_mark.dtd">
<paula version="1.0">

<header paula_id="sahidica.nt.1_Corinthians_5_orig_groupSeg"/>

<markList xmlns:xlink="http://www.w3.org/1999/xlink" type="orig_groupSeg" xml:base="sahidica.nt.1_Corinthians_5.tok.xml">
<mark id="orig_group_1" xlink:href="#xpointer(id('tok_1')/range-to(id('tok_2')))"/><!-- ⲥⲉ...ⲥⲱⲧⲙ -->
<mark id="orig_group_3" xlink:href="#tok_3"/><!-- ⲣⲱ -->
<mark id="orig_group_4" xlink:href="#xpointer(id('tok_4')/range-to(id('tok_6')))"/><!-- ⲉ...ⲡⲟⲣⲛⲉⲓⲁ -->
<mark id="orig_group_7" xlink:href="#xpointer(id('tok_7')/range-to(id('tok_8')))"/><!-- ⲛϩⲏⲧ...ⲧⲏⲩⲧⲛ -->
<mark id="orig_group_9" xlink:href="#tok_9"/><!-- ⲁⲩⲱ -->
<mark id="orig_group_10" xlink:href="#xpointer(id('tok_10')/range-to(id('tok_11')))"/><!-- ⲟⲩ...ⲡⲟⲣⲛⲉⲓⲁ -->
<mark id="orig_group_12" xlink:href="#tok_12"/><!-- ⲛⲧⲉⲉⲓⲙⲓⲛⲉ -->
<mark id="orig_group_13" xlink:href="#tok_13"/><!-- ⲉⲛⲥϩⲛ -->
<mark id="orig_group_14" xlink:href="#xpointer(id('tok_14')/range-to(id('tok_16')))"/><!-- ⲛ...ϩⲉⲑⲛⲟⲥ -->
<mark id="orig_group_17" xlink:href="#tok_17"/><!-- ⲁⲛ -->
<mark id="orig_group_18" xlink:href="#tok_18"/><!-- . -->
<mark id="orig_group_19" xlink:href="#tok_19"/><!-- ϩⲱⲥⲧⲉ -->
<mark id="orig_group_20" xlink:href="#xpointer(id('tok_20')/range-to(id('tok_21')))"/><!-- ⲉⲧ...ⲣⲉ -->
<mark id="orig_group_22" xlink:href="#tok_22"/><!-- ⲟⲩⲁ -->
<mark id="orig_group_23" xlink:href="#tok_23"/><!-- ϫⲓⲑⲓⲙⲉ -->
<mark id="orig_group_24" xlink:href="#xpointer(id('tok_24')/range-to(id('tok_26')))"/><!-- ⲙ...ⲉⲓⲱⲧ -->
<mark id="orig_group_27" xlink:href="#tok_27"/><!-- . -->
<mark id="orig_group_28" xlink:href="#tok_28"/><!-- ⲁⲩⲱ -->
<mark id="orig_group_29" xlink:href="#tok_29"/><!-- ⲛⲧⲱⲧⲛ -->
<mark id="orig_group_30" xlink:href="#xpointer(id('tok_30')/range-to(id('tok_31')))"/><!-- ⲧⲉⲧⲛ...ϫⲟⲥⲉ -->
<mark id="orig_group_32" xlink:href="#tok_32"/><!-- ⲛϩⲏⲧ -->
<mark id="orig_group_33" xlink:href="#tok_33"/><!-- ⲁⲩⲱ -->
<mark id="orig_group_34" xlink:href="#xpointer(id('tok_34')/range-to(id('tok_38')))"/><!-- ⲛⲧ...ϩⲏⲃⲉ -->
<mark id="orig_group_39" xlink:href="#tok_39"/><!-- ⲁⲛ -->
<mark id="orig_group_40" xlink:href="#tok_40"/><!-- ⲛϩⲟⲩⲟ -->
<mark id="orig_group_41" xlink:href="#tok_41"/><!-- . -->
<mark id="orig_group_42" xlink:href="#tok_42"/><!-- ϫⲉⲕⲁⲁⲥ -->
<mark id="orig_group_43" xlink:href="#xpointer(id('tok_43')/range-to(id('tok_44')))"/><!-- ⲉⲩⲉ...ϥⲓ -->
<mark id="orig_group_45" xlink:href="#tok_45"/><!-- ϩⲛ -->
<mark id="orig_group_46" xlink:href="#xpointer(id('tok_46')/range-to(id('tok_47')))"/><!-- ⲧⲉⲧⲛ...ⲙⲏⲧⲉ -->
<mark id="orig_group_48" xlink:href="#tok_48"/><!-- ⲙⲡⲉⲛⲧⲁϥⲉⲓⲣⲉ -->
<mark id="orig_group_49" xlink:href="#tok_49"/><!-- ⲙⲡⲉⲉⲓϩⲱⲃ -->
<mark id="orig_group_50" xlink:href="#tok_50"/><!-- . -->
<mark id="orig_group_51" xlink:href="#tok_51"/><!-- ⲁⲛⲟⲕ -->
<mark id="orig_group_52" xlink:href="#tok_52"/><!-- ⲅⲁⲣ -->
<mark id="orig_group_53" xlink:href="#tok_53"/><!-- ⲉⲛϯϩⲁⲧⲉⲧⲏⲩⲧⲛ -->
<mark id="orig_group_54" xlink:href="#tok_54"/><!-- ⲁⲛ -->
<mark id="orig_group_55" xlink:href="#tok_55"/><!-- ϩⲙ -->
<mark id="orig_group_56" xlink:href="#xpointer(id('tok_56')/range-to(id('tok_57')))"/><!-- ⲡ...ⲥⲱⲙⲁ -->
<mark id="orig_group_58" xlink:href="#tok_58"/><!-- . -->
<mark id="orig_group_59" xlink:href="#tok_59"/><!-- ⲉⲓϩⲁⲧⲉⲧⲏⲩⲧⲛ -->
<mark id="orig_group_60" xlink:href="#tok_60"/><!-- ⲇⲉ -->
<mark id="orig_group_61" xlink:href="#tok_61"/><!-- ϩⲙ -->
<mark id="orig_group_62" xlink:href="#xpointer(id('tok_62')/range-to(id('tok_63')))"/><!-- ⲡⲉ...ⲡⲛⲉⲩⲙⲁ -->
<mark id="orig_group_64" xlink:href="#tok_64"/><!-- . -->
<mark id="orig_group_65" xlink:href="#xpointer(id('tok_65')/range-to(id('tok_67')))"/><!-- ⲁ...ⲟⲩⲱ -->
<mark id="orig_group_68" xlink:href="#xpointer(id('tok_68')/range-to(id('tok_70')))"/><!-- ⲉ...ⲕⲣⲓⲛⲉ -->
<mark id="orig_group_71" xlink:href="#tok_71"/><!-- ϩⲱⲥ -->
<mark id="orig_group_72" xlink:href="#tok_72"/><!-- ⲉⲓϩⲁⲧⲛⲧⲏⲩⲧⲛ -->
<mark id="orig_group_73" xlink:href="#tok_73"/><!-- ⲙⲡⲉⲛⲧⲁϥⲉⲓⲣⲉ -->
<mark id="orig_group_74" xlink:href="#tok_74"/><!-- ⲙⲡⲉⲉⲓϩⲱⲃ -->
<mark id="orig_group_75" xlink:href="#xpointer(id('tok_75')/range-to(id('tok_77')))"/><!-- ⲛ...ϩⲉ -->
<mark id="orig_group_78" xlink:href="#tok_78"/><!-- . -->
<mark id="orig_group_79" xlink:href="#xpointer(id('tok_79')/range-to(id('tok_82')))"/><!-- ⲉ...ⲥⲱⲟⲩϩ -->
<mark id="orig_group_83" xlink:href="#tok_83"/><!-- ⲉϩⲟⲩⲛ -->
<mark id="orig_group_84" xlink:href="#xpointer(id('tok_84')/range-to(id('tok_86')))"/><!-- ⲉ...ⲉⲣⲏⲩ -->
<mark id="orig_group_87" xlink:href="#tok_87"/><!-- ϩⲙ -->
<mark id="orig_group_88" xlink:href="#xpointer(id('tok_88')/range-to(id('tok_89')))"/><!-- ⲡ...ⲣⲁⲛ -->
<mark id="orig_group_90" xlink:href="#xpointer(id('tok_90')/range-to(id('tok_92')))"/><!-- ⲙ...ϫⲟⲉⲓⲥ -->
<mark id="orig_group_93" xlink:href="#tok_93"/><!-- ⲓⲏⲥⲟⲩⲥ -->
<mark id="orig_group_94" xlink:href="#xpointer(id('tok_94')/range-to(id('tok_95')))"/><!-- ⲡⲉ...ⲭⲣⲓⲥⲧⲟⲥ -->
<mark id="orig_group_96" xlink:href="#tok_96"/><!-- ⲙⲛ -->
<mark id="orig_group_97" xlink:href="#xpointer(id('tok_97')/range-to(id('tok_98')))"/><!-- ⲡⲁ...ⲡⲛⲉⲩⲙⲁ -->
<mark id="orig_group_99" xlink:href="#tok_99"/><!-- ⲙⲛ -->
<mark id="orig_group_100" xlink:href="#xpointer(id('tok_100')/range-to(id('tok_101')))"/><!-- ⲧ...ϭⲟⲙ -->
<mark id="orig_group_102" xlink:href="#xpointer(id('tok_102')/range-to(id('tok_104')))"/><!-- ⲙ...ϫⲟⲉⲓⲥ -->
<mark id="orig_group_105" xlink:href="#tok_105"/><!-- ⲓⲏⲥⲟⲩⲥ -->
<mark id="orig_group_106" xlink:href="#tok_106"/><!-- . -->
<mark id="orig_group_107" xlink:href="#xpointer(id('tok_107')/range-to(id('tok_108')))"/><!-- ⲉ...ϯ -->
<mark id="orig_group_109" xlink:href="#xpointer(id('tok_109')/range-to(id('tok_110')))"/><!-- ⲙ...ⲡⲁⲓ -->
<mark id="orig_group_111" xlink:href="#tok_111"/><!-- ⲛⲧⲉⲉⲓⲙⲓⲛⲉ -->
<mark id="orig_group_112" xlink:href="#xpointer(id('tok_112')/range-to(id('tok_114')))"/><!-- ⲙ...ⲥⲁⲧⲁⲛⲁⲥ -->
<mark id="orig_group_115" xlink:href="#xpointer(id('tok_115')/range-to(id('tok_117')))"/><!-- ⲉ...ⲧⲁⲕⲟ -->
<mark id="orig_group_118" xlink:href="#xpointer(id('tok_118')/range-to(id('tok_120')))"/><!-- ⲛ...ⲥⲁⲣⲝ -->
<mark id="orig_group_121" xlink:href="#tok_121"/><!-- . -->
<mark id="orig_group_122" xlink:href="#tok_122"/><!-- ϫⲉ -->
<mark id="orig_group_123" xlink:href="#tok_123"/><!-- ⲉⲣⲉ -->
<mark id="orig_group_124" xlink:href="#xpointer(id('tok_124')/range-to(id('tok_125')))"/><!-- ⲡⲉ...ⲡⲛⲉⲩⲙⲁ -->
<mark id="orig_group_126" xlink:href="#tok_126"/><!-- ⲟⲩϫⲁⲓ -->
<mark id="orig_group_127" xlink:href="#tok_127"/><!-- ϩⲙ -->
<mark id="orig_group_128" xlink:href="#xpointer(id('tok_128')/range-to(id('tok_129')))"/><!-- ⲡⲉ...ϩⲟⲟⲩ -->
<mark id="orig_group_130" xlink:href="#xpointer(id('tok_130')/range-to(id('tok_132')))"/><!-- ⲙ...ϫⲟⲉⲓⲥ -->
<mark id="orig_group_133" xlink:href="#tok_133"/><!-- ⲓⲏⲥⲟⲩⲥ -->
<mark id="orig_group_134" xlink:href="#xpointer(id('tok_134')/range-to(id('tok_135')))"/><!-- ⲡⲉ...ⲭⲣⲓⲥⲧⲟⲥ -->
<mark id="orig_group_136" xlink:href="#tok_136"/><!-- . -->
<mark id="orig_group_137" xlink:href="#tok_137"/><!-- ⲛⲛⲁⲛⲟⲩ -->
<mark id="orig_group_138" xlink:href="#xpointer(id('tok_138')/range-to(id('tok_139')))"/><!-- ⲡⲉⲧⲛ...ϣⲟⲩϣⲟⲩ -->
<mark id="orig_group_140" xlink:href="#tok_140"/><!-- ⲁⲛ -->
<mark id="orig_group_141" xlink:href="#tok_141"/><!-- . -->
<mark id="orig_group_142" xlink:href="#tok_142"/><!-- ⲛⲧⲉⲧⲛ -->
<mark id="orig_group_143" xlink:href="#tok_143"/><!-- ⲥⲟⲟⲩⲛ -->
<mark id="orig_group_144" xlink:href="#tok_144"/><!-- ⲁⲛ -->
<mark id="orig_group_145" xlink:href="#tok_145"/><!-- ϫⲉ -->
<mark id="orig_group_146" xlink:href="#tok_146"/><!-- ϣⲁⲣⲉ -->
<mark id="orig_group_147" xlink:href="#xpointer(id('tok_147')/range-to(id('tok_148')))"/><!-- ⲟⲩ...ⲕⲟⲩⲓ -->
<mark id="orig_group_149" xlink:href="#xpointer(id('tok_149')/range-to(id('tok_150')))"/><!-- ⲛ...ⲑⲁⲃ -->
<mark id="orig_group_151" xlink:href="#tok_151"/><!-- ⲧⲣⲉ -->
<mark id="orig_group_152" xlink:href="#tok_152"/><!-- ⲡⲟⲩⲱϣⲙ -->
<mark id="orig_group_153" xlink:href="#tok_153"/><!-- ⲧⲏⲣϥ -->
<mark id="orig_group_154" xlink:href="#tok_154"/><!-- ϥⲓ -->
<mark id="orig_group_155" xlink:href="#tok_155"/><!-- . -->
<mark id="orig_group_156" xlink:href="#tok_156"/><!-- ϥⲓ -->
<mark id="orig_group_157" xlink:href="#xpointer(id('tok_157')/range-to(id('tok_159')))"/><!-- ⲙ...ⲑⲁⲃ -->
<mark id="orig_group_160" xlink:href="#xpointer(id('tok_160')/range-to(id('tok_161')))"/><!-- ⲛⲁ...ⲥ -->
<mark id="orig_group_162" xlink:href="#tok_162"/><!-- ⲉⲃⲟⲗ -->
<mark id="orig_group_163" xlink:href="#tok_163"/><!-- ⲛϩⲏⲧ -->
<mark id="orig_group_164" xlink:href="#tok_164"/><!-- ⲧⲏⲩⲧⲛ -->
<mark id="orig_group_165" xlink:href="#tok_165"/><!-- ϫⲉ -->
<mark id="orig_group_166" xlink:href="#xpointer(id('tok_166')/range-to(id('tok_167')))"/><!-- ⲉⲧⲉⲧⲛⲉ...ϣⲱⲡⲉ -->
<mark id="orig_group_168" xlink:href="#xpointer(id('tok_168')/range-to(id('tok_170')))"/><!-- ⲛ...ⲟⲩⲱϣⲙ -->
<mark id="orig_group_171" xlink:href="#xpointer(id('tok_171')/range-to(id('tok_172')))"/><!-- ⲛ...ⲃⲣⲣⲉ -->
<mark id="orig_group_173" xlink:href="#tok_173"/><!-- ⲕⲁⲧⲁ -->
<mark id="orig_group_174" xlink:href="#xpointer(id('tok_174')/range-to(id('tok_175')))"/><!-- ⲧ...ϩⲉ -->
<mark id="orig_group_176" xlink:href="#tok_176"/><!-- ⲉⲛⲧⲉⲧⲛϩⲉⲛⲁⲑⲁⲃ -->
<mark id="orig_group_177" xlink:href="#tok_177"/><!-- . -->
<mark id="orig_group_178" xlink:href="#tok_178"/><!-- ⲕⲁⲓⲅⲁⲣ -->
<mark id="orig_group_179" xlink:href="#xpointer(id('tok_179')/range-to(id('tok_181')))"/><!-- ⲁ...ϣⲱⲱⲧ -->
<mark id="orig_group_182" xlink:href="#xpointer(id('tok_182')/range-to(id('tok_184')))"/><!-- ⲙ...ⲡⲁⲥⲭⲁ -->
<mark id="orig_group_185" xlink:href="#xpointer(id('tok_185')/range-to(id('tok_186')))"/><!-- ϩⲁⲣⲟ...ⲛ -->
<mark id="orig_group_187" xlink:href="#xpointer(id('tok_187')/range-to(id('tok_188')))"/><!-- ⲡⲉ...ⲭⲣⲓⲥⲧⲟⲥ -->
<mark id="orig_group_189" xlink:href="#tok_189"/><!-- . -->
<mark id="orig_group_190" xlink:href="#tok_190"/><!-- ϩⲱⲥⲧⲉ -->
<mark id="orig_group_191" xlink:href="#tok_191"/><!-- ⲙⲁⲣⲛⲣϣⲁ -->
<mark id="orig_group_192" xlink:href="#tok_192"/><!-- ϩⲛ -->
<mark id="orig_group_193" xlink:href="#xpointer(id('tok_193')/range-to(id('tok_194')))"/><!-- ⲟⲩ...ⲑⲁⲃ -->
<mark id="orig_group_195" xlink:href="#tok_195"/><!-- ⲁⲛ -->
<mark id="orig_group_196" xlink:href="#xpointer(id('tok_196')/range-to(id('tok_197')))"/><!-- ⲛⲁ...ⲥ -->
<mark id="orig_group_198" xlink:href="#tok_198"/><!-- . -->
<mark id="orig_group_199" xlink:href="#tok_199"/><!-- ⲟⲩⲇⲉ -->
<mark id="orig_group_200" xlink:href="#tok_200"/><!-- ϩⲛ -->
<mark id="orig_group_201" xlink:href="#xpointer(id('tok_201')/range-to(id('tok_202')))"/><!-- ⲟⲩ...ⲑⲁⲃ -->
<mark id="orig_group_203" xlink:href="#tok_203"/><!-- ⲁⲛ -->
<mark id="orig_group_204" xlink:href="#xpointer(id('tok_204')/range-to(id('tok_205')))"/><!-- ⲛ...ⲕⲁⲕⲓⲁ -->
<mark id="orig_group_206" xlink:href="#tok_206"/><!-- ϩⲓ -->
<mark id="orig_group_207" xlink:href="#tok_207"/><!-- ⲡⲟⲛⲏⲣⲓⲁ -->
<mark id="orig_group_208" xlink:href="#tok_208"/><!-- . -->
<mark id="orig_group_209" xlink:href="#tok_209"/><!-- ⲁⲗⲗⲁ -->
<mark id="orig_group_210" xlink:href="#tok_210"/><!-- ϩⲛ -->
<mark id="orig_group_211" xlink:href="#tok_211"/><!-- ϩⲉⲛⲁⲑⲁⲃ -->
<mark id="orig_group_212" xlink:href="#xpointer(id('tok_212')/range-to(id('tok_213')))"/><!-- ⲛ...ⲧⲃⲃⲟ -->
<mark id="orig_group_214" xlink:href="#tok_214"/><!-- ϩⲓⲙⲉ -->
<mark id="orig_group_215" xlink:href="#tok_215"/><!-- . -->
<mark id="orig_group_216" xlink:href="#xpointer(id('tok_216')/range-to(id('tok_218')))"/><!-- ⲁ...ⲥϩⲁⲓ -->
<mark id="orig_group_219" xlink:href="#xpointer(id('tok_219')/range-to(id('tok_220')))"/><!-- ⲛⲏ...ⲧⲛ -->
<mark id="orig_group_221" xlink:href="#tok_221"/><!-- ϩⲛ -->
<mark id="orig_group_222" xlink:href="#xpointer(id('tok_222')/range-to(id('tok_223')))"/><!-- ⲧ...ⲉⲡⲓⲥⲧⲟⲗⲏ -->
<mark id="orig_group_224" xlink:href="#tok_224"/><!-- ϫⲉ -->
<mark id="orig_group_225" xlink:href="#xpointer(id('tok_225')/range-to(id('tok_226')))"/><!-- ⲙⲡⲣ...ⲧⲱϩ -->
<mark id="orig_group_227" xlink:href="#tok_227"/><!-- ⲙⲛ -->
<mark id="orig_group_228" xlink:href="#tok_228"/><!-- ⲡⲟⲣⲛⲟⲥ -->
<mark id="orig_group_229" xlink:href="#tok_229"/><!-- . -->
<mark id="orig_group_230" xlink:href="#tok_230"/><!-- ⲟⲩ -->
<mark id="orig_group_231" xlink:href="#tok_231"/><!-- ⲡⲁⲛⲧⲱⲥ -->
<mark id="orig_group_232" xlink:href="#xpointer(id('tok_232')/range-to(id('tok_234')))"/><!-- ⲉ...ϫⲱ -->
<mark id="orig_group_235" xlink:href="#xpointer(id('tok_235')/range-to(id('tok_236')))"/><!-- ⲙⲙⲟ...ⲥ -->
<mark id="orig_group_237" xlink:href="#tok_237"/><!-- ϫⲉ -->
<mark id="orig_group_238" xlink:href="#xpointer(id('tok_238')/range-to(id('tok_239')))"/><!-- ⲙ...ⲡⲟⲣⲛⲟⲥ -->
<mark id="orig_group_240" xlink:href="#xpointer(id('tok_240')/range-to(id('tok_242')))"/><!-- ⲙ...ⲕⲟⲥⲙⲟⲥ -->
<mark id="orig_group_243" xlink:href="#tok_243"/><!-- ⲏⲙⲙⲁⲓⲧⲟ -->
<mark id="orig_group_244" xlink:href="#tok_244"/><!-- ⲛϩⲟⲩⲟ -->
<mark id="orig_group_245" xlink:href="#tok_245"/><!-- ⲏⲛⲣⲉϥⲧⲱⲣⲡ -->
<mark id="orig_group_246" xlink:href="#tok_246"/><!-- ⲏⲛⲣⲉϥϣⲙϣⲉ -->
<mark id="orig_group_247" xlink:href="#tok_247"/><!-- ⲉⲓⲇⲱⲗⲟⲛ -->
<mark id="orig_group_248" xlink:href="#tok_248"/><!-- ⲉϣϫⲉ -->
<mark id="orig_group_249" xlink:href="#tok_249"/><!-- ⲉϩⲉ -->
<mark id="orig_group_250" xlink:href="#tok_250"/><!-- ⲉⲓⲉ -->
<mark id="orig_group_251" xlink:href="#tok_251"/><!-- ϣϣⲉ -->
<mark id="orig_group_252" xlink:href="#xpointer(id('tok_252')/range-to(id('tok_253')))"/><!-- ⲉⲣⲱ...ⲧⲛ -->
<mark id="orig_group_254" xlink:href="#xpointer(id('tok_254')/range-to(id('tok_255')))"/><!-- ⲉ...ⲉⲓ -->
<mark id="orig_group_256" xlink:href="#tok_256"/><!-- ⲉⲃⲟⲗ -->
<mark id="orig_group_257" xlink:href="#tok_257"/><!-- ϩⲙ -->
<mark id="orig_group_258" xlink:href="#xpointer(id('tok_258')/range-to(id('tok_259')))"/><!-- ⲡ...ⲕⲟⲥⲙⲟⲥ -->
<mark id="orig_group_260" xlink:href="#tok_260"/><!-- . -->
<mark id="orig_group_261" xlink:href="#tok_261"/><!-- ⲧⲉⲛⲟⲩ -->
<mark id="orig_group_262" xlink:href="#tok_262"/><!-- ⲇⲉ -->
<mark id="orig_group_263" xlink:href="#xpointer(id('tok_263')/range-to(id('tok_266')))"/><!-- ⲛⲧ...ⲥϩⲁⲓ -->
<mark id="orig_group_267" xlink:href="#xpointer(id('tok_267')/range-to(id('tok_268')))"/><!-- ⲛⲏ...ⲧⲛ -->
<mark id="orig_group_269" xlink:href="#tok_269"/><!-- ϫⲉ -->
<mark id="orig_group_270" xlink:href="#xpointer(id('tok_270')/range-to(id('tok_271')))"/><!-- ⲙⲡⲣ...ⲧⲱϩ -->
<mark id="orig_group_272" xlink:href="#tok_272"/><!-- ⲙⲛ -->
<mark id="orig_group_273" xlink:href="#tok_273"/><!-- ⲟⲩⲁ -->
<mark id="orig_group_274" xlink:href="#xpointer(id('tok_274')/range-to(id('tok_276')))"/><!-- ⲉ...ⲙⲟⲩⲧⲉ -->
<mark id="orig_group_277" xlink:href="#xpointer(id('tok_277')/range-to(id('tok_278')))"/><!-- ⲉⲣⲟ...ϥ -->
<mark id="orig_group_279" xlink:href="#tok_279"/><!-- ϫⲉ -->
<mark id="orig_group_280" xlink:href="#xpointer(id('tok_280')/range-to(id('tok_281')))"/><!-- ⲟⲩ...ⲥⲟⲛ -->
<mark id="orig_group_282" xlink:href="#tok_282"/><!-- ⲡⲉ -->
<mark id="orig_group_283" xlink:href="#tok_283"/><!-- ⲉϣⲱⲡⲉ -->
<mark id="orig_group_284" xlink:href="#xpointer(id('tok_284')/range-to(id('tok_285')))"/><!-- ⲟⲩ...ⲡⲟⲣⲛⲟⲥ -->
<mark id="orig_group_286" xlink:href="#tok_286"/><!-- ⲡⲉ -->
<mark id="orig_group_287" xlink:href="#tok_287"/><!-- ⲏⲛⲣⲉϥϣⲙϣⲉ -->
<mark id="orig_group_288" xlink:href="#tok_288"/><!-- ⲉⲓⲇⲱⲗⲟⲛ -->
<mark id="orig_group_289" xlink:href="#tok_289"/><!-- ⲏⲙⲙⲁⲓⲧⲟ -->
<mark id="orig_group_290" xlink:href="#tok_290"/><!-- ⲛϩⲟⲩⲟ -->
<mark id="orig_group_291" xlink:href="#tok_291"/><!-- ⲏⲛⲣⲉϥⲥⲁϩⲟⲩ -->
<mark id="orig_group_292" xlink:href="#tok_292"/><!-- ⲏⲛⲣⲉϥϯϩⲉ -->
<mark id="orig_group_293" xlink:href="#tok_293"/><!-- ⲏⲛⲣⲉϥⲧⲱⲣⲡ -->
<mark id="orig_group_294" xlink:href="#tok_294"/><!-- ⲡⲁⲓ -->
<mark id="orig_group_295" xlink:href="#tok_295"/><!-- ⲛⲧⲉⲉⲓⲙⲓ -->
<mark id="orig_group_296" xlink:href="#tok_296"/><!-- ⲛⲉ -->
<mark id="orig_group_297" xlink:href="#tok_297"/><!-- ⲟⲩⲇⲉ -->
<mark id="orig_group_298" xlink:href="#xpointer(id('tok_298')/range-to(id('tok_299')))"/><!-- ⲙⲡⲣ...ⲟⲩⲱⲙ -->
<mark id="orig_group_300" xlink:href="#xpointer(id('tok_300')/range-to(id('tok_301')))"/><!-- ⲛⲙⲙⲁ...ϥ -->
<mark id="orig_group_302" xlink:href="#tok_302"/><!-- . -->
<mark id="orig_group_303" xlink:href="#tok_303"/><!-- ⲟⲩ -->
<mark id="orig_group_304" xlink:href="#tok_304"/><!-- ⲅⲁⲣ -->
<mark id="orig_group_305" xlink:href="#xpointer(id('tok_305')/range-to(id('tok_306')))"/><!-- ⲉⲣⲟ...ⲓ -->
<mark id="orig_group_307" xlink:href="#tok_307"/><!-- ⲡⲉ -->
<mark id="orig_group_308" xlink:href="#xpointer(id('tok_308')/range-to(id('tok_309')))"/><!-- ⲉ...ⲕⲣⲓⲛⲉ -->
<mark id="orig_group_310" xlink:href="#xpointer(id('tok_310')/range-to(id('tok_313')))"/><!-- ⲛ...ϩⲓⲃⲟⲗ -->
<mark id="orig_group_314" xlink:href="#tok_314"/><!-- . -->
<mark id="orig_group_315" xlink:href="#tok_315"/><!-- ⲁⲩⲱ -->
<mark id="orig_group_316" xlink:href="#xpointer(id('tok_316')/range-to(id('tok_319')))"/><!-- ⲛ...ϩⲓϩⲟⲩⲛ -->
<mark id="orig_group_320" xlink:href="#tok_320"/><!-- ⲁⲛ -->
<mark id="orig_group_321" xlink:href="#tok_321"/><!-- . -->
<mark id="orig_group_322" xlink:href="#tok_322"/><!-- ⲛⲧⲱⲧⲛ -->
<mark id="orig_group_323" xlink:href="#tok_323"/><!-- ⲕⲣⲓⲛⲉ -->
<mark id="orig_group_324" xlink:href="#tok_324"/><!-- ⲛⲛⲉⲧϩⲓ -->
<mark id="orig_group_325" xlink:href="#tok_325"/><!-- ϩⲟⲩⲛ -->
<mark id="orig_group_326" xlink:href="#xpointer(id('tok_326')/range-to(id('tok_327')))"/><!-- ⲡ...ⲛⲟⲩⲧⲉ -->
<mark id="orig_group_328" xlink:href="#tok_328"/><!-- ⲇⲉ -->
<mark id="orig_group_329" xlink:href="#xpointer(id('tok_329')/range-to(id('tok_330')))"/><!-- ⲛⲁ...ⲕⲣⲓⲛⲉ -->
<mark id="orig_group_331" xlink:href="#xpointer(id('tok_331')/range-to(id('tok_334')))"/><!-- ⲛ...ϩⲓⲃⲟⲗ -->
<mark id="orig_group_335" xlink:href="#tok_335"/><!-- ϥⲓ -->
<mark id="orig_group_336" xlink:href="#xpointer(id('tok_336')/range-to(id('tok_338')))"/><!-- ⲙ...ⲡⲟⲛⲏⲣⲟⲥ -->
<mark id="orig_group_339" xlink:href="#tok_339"/><!-- ⲉⲃⲟⲗ -->
<mark id="orig_group_340" xlink:href="#xpointer(id('tok_340')/range-to(id('tok_341')))"/><!-- ⲛϩⲏⲧ...ⲧⲏⲩⲧⲛ -->
<mark id="orig_group_342" xlink:href="#tok_342"/><!-- . -->
</markList>
</paula>
