<?xml version="1.0" encoding="UTF-8" standalone="no"?>

<!DOCTYPE paula SYSTEM "paula_feat.dtd">
<paula version="1.0">

<header paula_id="sahidica.nt.1_Corinthians_5_orig_group"/>

<featList xmlns:xlink="http://www.w3.org/1999/xlink" type="orig_group" xml:base="sahidica.nt.1_Corinthians_5.orig_groupSeg.xml">
<feat xlink:href="#orig_group_1" value="ⲥⲉⲥⲱⲧⲙ"/><!-- ⲥⲉ...ⲥⲱⲧⲙ -->
<feat xlink:href="#orig_group_3" value="ⲣⲱ"/><!-- ⲣⲱ -->
<feat xlink:href="#orig_group_4" value="ⲉⲩⲡⲟⲣⲛⲉⲓⲁ"/><!-- ⲉ...ⲡⲟⲣⲛⲉⲓⲁ -->
<feat xlink:href="#orig_group_7" value="ⲛϩⲏⲧⲧⲏⲩⲧⲛ"/><!-- ⲛϩⲏⲧ...ⲧⲏⲩⲧⲛ -->
<feat xlink:href="#orig_group_9" value="ⲁⲩⲱ"/><!-- ⲁⲩⲱ -->
<feat xlink:href="#orig_group_10" value="ⲟⲩⲡⲟⲣⲛⲉⲓⲁ"/><!-- ⲟⲩ...ⲡⲟⲣⲛⲉⲓⲁ -->
<feat xlink:href="#orig_group_12" value="ⲛⲧⲉⲉⲓⲙⲓⲛⲉ"/><!-- ⲛ...ⲙⲓⲛⲉ -->
<feat xlink:href="#orig_group_15" value="ⲉⲛⲥϩⲛ"/><!-- ⲉⲛⲥϩⲛ -->
<feat xlink:href="#orig_group_16" value="ⲛⲕⲉϩⲉⲑⲛⲟⲥ"/><!-- ⲛ...ϩⲉⲑⲛⲟⲥ -->
<feat xlink:href="#orig_group_19" value="ⲁⲛ"/><!-- ⲁⲛ -->
<feat xlink:href="#orig_group_20" value="."/><!-- . -->
<feat xlink:href="#orig_group_21" value="ϩⲱⲥⲧⲉ"/><!-- ϩⲱⲥⲧⲉ -->
<feat xlink:href="#orig_group_22" value="ⲉⲧⲣⲉ"/><!-- ⲉⲧ...ⲣⲉ -->
<feat xlink:href="#orig_group_24" value="ⲟⲩⲁ"/><!-- ⲟⲩⲁ -->
<feat xlink:href="#orig_group_25" value="ϫⲓⲑⲓⲙⲉ"/><!-- ϫⲓⲑⲓⲙⲉ -->
<feat xlink:href="#orig_group_26" value="ⲙⲡⲉϥⲉⲓⲱⲧ"/><!-- ⲙ...ⲉⲓⲱⲧ -->
<feat xlink:href="#orig_group_29" value="."/><!-- . -->
<feat xlink:href="#orig_group_30" value="ⲁⲩⲱ"/><!-- ⲁⲩⲱ -->
<feat xlink:href="#orig_group_31" value="ⲛⲧⲱⲧⲛ"/><!-- ⲛⲧⲱⲧⲛ -->
<feat xlink:href="#orig_group_32" value="ⲧⲉⲧⲛϫⲟⲥⲉ"/><!-- ⲧⲉⲧⲛ...ϫⲟⲥⲉ -->
<feat xlink:href="#orig_group_34" value="ⲛϩⲏⲧ"/><!-- ⲛϩⲏⲧ -->
<feat xlink:href="#orig_group_35" value="ⲁⲩⲱ"/><!-- ⲁⲩⲱ -->
<feat xlink:href="#orig_group_36" value="ⲛⲧⲁⲧⲉⲧⲛⲣϩⲏⲃⲉ"/><!-- ⲛⲧ...ϩⲏⲃⲉ -->
<feat xlink:href="#orig_group_41" value="ⲁⲛ"/><!-- ⲁⲛ -->
<feat xlink:href="#orig_group_42" value="ⲛϩⲟⲩⲟ"/><!-- ⲛϩⲟⲩⲟ -->
<feat xlink:href="#orig_group_43" value="."/><!-- . -->
<feat xlink:href="#orig_group_44" value="ϫⲉⲕⲁⲁⲥ"/><!-- ϫⲉⲕⲁⲁⲥ -->
<feat xlink:href="#orig_group_45" value="ⲉⲩⲉϥⲓ"/><!-- ⲉⲩⲉ...ϥⲓ -->
<feat xlink:href="#orig_group_47" value="ϩⲛ"/><!-- ϩⲛ -->
<feat xlink:href="#orig_group_48" value="ⲧⲉⲧⲛⲙⲏⲧⲉ"/><!-- ⲧⲉⲧⲛ...ⲙⲏⲧⲉ -->
<feat xlink:href="#orig_group_50" value="ⲙⲡⲉⲛⲧⲁϥⲉⲓⲣⲉ"/><!-- ⲙⲡⲉ...ⲉⲓⲣⲉ -->
<feat xlink:href="#orig_group_54" value="ⲙⲡⲉⲉⲓϩⲱⲃ"/><!-- ⲙ...ϩⲱⲃ -->
<feat xlink:href="#orig_group_57" value="."/><!-- . -->
<feat xlink:href="#orig_group_58" value="ⲁⲛⲟⲕ"/><!-- ⲁⲛⲟⲕ -->
<feat xlink:href="#orig_group_59" value="ⲅⲁⲣ"/><!-- ⲅⲁⲣ -->
<feat xlink:href="#orig_group_60" value="ⲉⲛϯϩⲁⲧⲉⲧⲏⲩⲧⲛ"/><!-- ⲉⲛϯϩⲁⲧⲉⲧⲏⲩⲧⲛ -->
<feat xlink:href="#orig_group_61" value="ⲁⲛ"/><!-- ⲁⲛ -->
<feat xlink:href="#orig_group_62" value="ϩⲙ"/><!-- ϩⲙ -->
<feat xlink:href="#orig_group_63" value="ⲡⲥⲱⲙⲁ"/><!-- ⲡ...ⲥⲱⲙⲁ -->
<feat xlink:href="#orig_group_65" value="."/><!-- . -->
<feat xlink:href="#orig_group_66" value="ⲉⲓϩⲁⲧⲉⲧⲏⲩⲧⲛ"/><!-- ⲉⲓϩⲁⲧⲉⲧⲏⲩⲧⲛ -->
<feat xlink:href="#orig_group_67" value="ⲇⲉ"/><!-- ⲇⲉ -->
<feat xlink:href="#orig_group_68" value="ϩⲙ"/><!-- ϩⲙ -->
<feat xlink:href="#orig_group_69" value="ⲡⲉⲡⲛⲉⲩⲙⲁ"/><!-- ⲡⲉ...ⲡⲛⲉⲩⲙⲁ -->
<feat xlink:href="#orig_group_71" value="."/><!-- . -->
<feat xlink:href="#orig_group_72" value="ⲁⲓⲟⲩⲱ"/><!-- ⲁ...ⲟⲩⲱ -->
<feat xlink:href="#orig_group_75" value="ⲉⲓⲕⲣⲓⲛⲉ"/><!-- ⲉ...ⲕⲣⲓⲛⲉ -->
<feat xlink:href="#orig_group_78" value="ϩⲱⲥ"/><!-- ϩⲱⲥ -->
<feat xlink:href="#orig_group_79" value="ⲉⲓϩⲁⲧⲛⲧⲏⲩⲧⲛ"/><!-- ⲉⲓϩⲁⲧⲛⲧⲏⲩⲧⲛ -->
<feat xlink:href="#orig_group_80" value="ⲙⲡⲉⲛⲧⲁϥⲉⲓⲣⲉ"/><!-- ⲙⲡⲉ...ⲉⲓⲣⲉ -->
<feat xlink:href="#orig_group_84" value="ⲙⲡⲉⲉⲓϩⲱⲃ"/><!-- ⲙ...ϩⲱⲃ -->
<feat xlink:href="#orig_group_87" value="ⲛⲧⲉⲓϩⲉ"/><!-- ⲛ...ϩⲉ -->
<feat xlink:href="#orig_group_90" value="."/><!-- . -->
<feat xlink:href="#orig_group_91" value="ⲉⲁⲧⲉⲧⲛⲥⲱⲟⲩϩ"/><!-- ⲉ...ⲥⲱⲟⲩϩ -->
<feat xlink:href="#orig_group_95" value="ⲉϩⲟⲩⲛ"/><!-- ⲉϩⲟⲩⲛ -->
<feat xlink:href="#orig_group_96" value="ⲉⲛⲉⲧⲛⲉⲣⲏⲩ"/><!-- ⲉⲛⲉ...ⲉⲣⲏⲩ -->
<feat xlink:href="#orig_group_100" value="ϩⲙ"/><!-- ϩⲙ -->
<feat xlink:href="#orig_group_101" value="ⲡⲣⲁⲛ"/><!-- ⲡ...ⲣⲁⲛ -->
<feat xlink:href="#orig_group_103" value="ⲙⲡⲉⲛϫⲟⲉⲓⲥ"/><!-- ⲙ...ϫⲟⲉⲓⲥ -->
<feat xlink:href="#orig_group_106" value="ⲓⲏⲥⲟⲩⲥ"/><!-- ⲓⲏⲥⲟⲩⲥ -->
<feat xlink:href="#orig_group_107" value="ⲡⲉⲭⲣⲓⲥⲧⲟⲥ"/><!-- ⲡⲉ...ⲭⲣⲓⲥⲧⲟⲥ -->
<feat xlink:href="#orig_group_109" value="ⲙⲛ"/><!-- ⲙⲛ -->
<feat xlink:href="#orig_group_110" value="ⲡⲁⲡⲛⲉⲩⲙⲁ"/><!-- ⲡⲁ...ⲡⲛⲉⲩⲙⲁ -->
<feat xlink:href="#orig_group_112" value="ⲙⲛ"/><!-- ⲙⲛ -->
<feat xlink:href="#orig_group_113" value="ⲧϭⲟⲙ"/><!-- ⲧ...ϭⲟⲙ -->
<feat xlink:href="#orig_group_115" value="ⲙⲡⲉⲛϫⲟⲉⲓⲥ"/><!-- ⲙ...ϫⲟⲉⲓⲥ -->
<feat xlink:href="#orig_group_118" value="ⲓⲏⲥⲟⲩⲥ"/><!-- ⲓⲏⲥⲟⲩⲥ -->
<feat xlink:href="#orig_group_119" value="."/><!-- . -->
<feat xlink:href="#orig_group_120" value="ⲉϯ"/><!-- ⲉ...ϯ -->
<feat xlink:href="#orig_group_122" value="ⲙⲡⲁⲓ"/><!-- ⲙ...ⲡⲁⲓ -->
<feat xlink:href="#orig_group_124" value="ⲛⲧⲉⲉⲓⲙⲓⲛⲉ"/><!-- ⲛ...ⲙⲓⲛⲉ -->
<feat xlink:href="#orig_group_127" value="ⲙⲡⲥⲁⲧⲁⲛⲁⲥ"/><!-- ⲙ...ⲥⲁⲧⲁⲛⲁⲥ -->
<feat xlink:href="#orig_group_130" value="ⲉⲩⲧⲁⲕⲟ"/><!-- ⲉ...ⲧⲁⲕⲟ -->
<feat xlink:href="#orig_group_133" value="ⲛⲧⲥⲁⲣⲝ"/><!-- ⲛ...ⲥⲁⲣⲝ -->
<feat xlink:href="#orig_group_136" value="."/><!-- . -->
<feat xlink:href="#orig_group_137" value="ϫⲉ"/><!-- ϫⲉ -->
<feat xlink:href="#orig_group_138" value="ⲉⲣⲉ"/><!-- ⲉⲣⲉ -->
<feat xlink:href="#orig_group_139" value="ⲡⲉⲡⲛⲉⲩⲙⲁ"/><!-- ⲡⲉ...ⲡⲛⲉⲩⲙⲁ -->
<feat xlink:href="#orig_group_141" value="ⲟⲩϫⲁⲓ"/><!-- ⲟⲩϫⲁⲓ -->
<feat xlink:href="#orig_group_142" value="ϩⲙ"/><!-- ϩⲙ -->
<feat xlink:href="#orig_group_143" value="ⲡⲉϩⲟⲟⲩ"/><!-- ⲡⲉ...ϩⲟⲟⲩ -->
<feat xlink:href="#orig_group_145" value="ⲙⲡⲉⲛϫⲟⲉⲓⲥ"/><!-- ⲙ...ϫⲟⲉⲓⲥ -->
<feat xlink:href="#orig_group_148" value="ⲓⲏⲥⲟⲩⲥ"/><!-- ⲓⲏⲥⲟⲩⲥ -->
<feat xlink:href="#orig_group_149" value="ⲡⲉⲭⲣⲓⲥⲧⲟⲥ"/><!-- ⲡⲉ...ⲭⲣⲓⲥⲧⲟⲥ -->
<feat xlink:href="#orig_group_151" value="."/><!-- . -->
<feat xlink:href="#orig_group_152" value="ⲛⲛⲁⲛⲟⲩ"/><!-- ⲛⲛⲁⲛⲟⲩ -->
<feat xlink:href="#orig_group_153" value="ⲡⲉⲧⲛϣⲟⲩϣⲟⲩ"/><!-- ⲡⲉⲧⲛ...ϣⲟⲩϣⲟⲩ -->
<feat xlink:href="#orig_group_155" value="ⲁⲛ"/><!-- ⲁⲛ -->
<feat xlink:href="#orig_group_156" value="."/><!-- . -->
<feat xlink:href="#orig_group_157" value="ⲛⲧⲉⲧⲛ"/><!-- ⲛⲧⲉⲧⲛ -->
<feat xlink:href="#orig_group_158" value="ⲥⲟⲟⲩⲛ"/><!-- ⲥⲟⲟⲩⲛ -->
<feat xlink:href="#orig_group_159" value="ⲁⲛ"/><!-- ⲁⲛ -->
<feat xlink:href="#orig_group_160" value="ϫⲉ"/><!-- ϫⲉ -->
<feat xlink:href="#orig_group_161" value="ϣⲁⲣⲉ"/><!-- ϣⲁⲣⲉ -->
<feat xlink:href="#orig_group_162" value="ⲟⲩⲕⲟⲩⲓ"/><!-- ⲟⲩ...ⲕⲟⲩⲓ -->
<feat xlink:href="#orig_group_164" value="ⲛⲑⲁⲃ"/><!-- ⲛ...ⲑⲁⲃ -->
<feat xlink:href="#orig_group_166" value="ⲧⲣⲉ"/><!-- ⲧⲣⲉ -->
<feat xlink:href="#orig_group_167" value="ⲡⲟⲩⲱϣⲙ"/><!-- ⲡ...ⲟⲩⲱϣⲙ -->
<feat xlink:href="#orig_group_169" value="ⲧⲏⲣϥ"/><!-- ⲧⲏⲣ...ϥ -->
<feat xlink:href="#orig_group_171" value="ϥⲓ"/><!-- ϥⲓ -->
<feat xlink:href="#orig_group_172" value="."/><!-- . -->
<feat xlink:href="#orig_group_173" value="ϥⲓ"/><!-- ϥⲓ -->
<feat xlink:href="#orig_group_174" value="ⲙⲡⲓⲑⲁⲃ"/><!-- ⲙ...ⲑⲁⲃ -->
<feat xlink:href="#orig_group_177" value="ⲛⲁⲥ"/><!-- ⲛⲁ...ⲥ -->
<feat xlink:href="#orig_group_179" value="ⲉⲃⲟⲗ"/><!-- ⲉⲃⲟⲗ -->
<feat xlink:href="#orig_group_180" value="ⲛϩⲏⲧ"/><!-- ⲛϩⲏⲧ -->
<feat xlink:href="#orig_group_181" value="ⲧⲏⲩⲧⲛ"/><!-- ⲧⲏⲩⲧⲛ -->
<feat xlink:href="#orig_group_182" value="ϫⲉ"/><!-- ϫⲉ -->
<feat xlink:href="#orig_group_183" value="ⲉⲧⲉⲧⲛⲉϣⲱⲡⲉ"/><!-- ⲉⲧⲉⲧⲛⲉ...ϣⲱⲡⲉ -->
<feat xlink:href="#orig_group_185" value="ⲛⲟⲩⲟⲩⲱϣⲙ"/><!-- ⲛ...ⲟⲩⲱϣⲙ -->
<feat xlink:href="#orig_group_188" value="ⲛⲃⲣⲣⲉ"/><!-- ⲛ...ⲃⲣⲣⲉ -->
<feat xlink:href="#orig_group_190" value="ⲕⲁⲧⲁ"/><!-- ⲕⲁⲧⲁ -->
<feat xlink:href="#orig_group_191" value="ⲧϩⲉ"/><!-- ⲧ...ϩⲉ -->
<feat xlink:href="#orig_group_193" value="ⲉⲛⲧⲉⲧⲛϩⲉⲛⲁⲑⲁⲃ"/><!-- ⲉ...ⲑⲁⲃ -->
<feat xlink:href="#orig_group_199" value="."/><!-- . -->
<feat xlink:href="#orig_group_200" value="ⲕⲁⲓⲅⲁⲣ"/><!-- ⲕⲁⲓⲅⲁⲣ -->
<feat xlink:href="#orig_group_201" value="ⲁⲩϣⲱⲱⲧ"/><!-- ⲁ...ϣⲱⲱⲧ -->
<feat xlink:href="#orig_group_204" value="ⲙⲡⲉⲛⲡⲁⲥⲭⲁ"/><!-- ⲙ...ⲡⲁⲥⲭⲁ -->
<feat xlink:href="#orig_group_207" value="ϩⲁⲣⲟⲛ"/><!-- ϩⲁⲣⲟ...ⲛ -->
<feat xlink:href="#orig_group_209" value="ⲡⲉⲭⲣⲓⲥⲧⲟⲥ"/><!-- ⲡⲉ...ⲭⲣⲓⲥⲧⲟⲥ -->
<feat xlink:href="#orig_group_211" value="."/><!-- . -->
<feat xlink:href="#orig_group_212" value="ϩⲱⲥⲧⲉ"/><!-- ϩⲱⲥⲧⲉ -->
<feat xlink:href="#orig_group_213" value="ⲙⲁⲣⲛⲣϣⲁ"/><!-- ⲙⲁⲣⲛⲣϣⲁ -->
<feat xlink:href="#orig_group_214" value="ϩⲛ"/><!-- ϩⲛ -->
<feat xlink:href="#orig_group_215" value="ⲟⲩⲑⲁⲃ"/><!-- ⲟⲩ...ⲑⲁⲃ -->
<feat xlink:href="#orig_group_217" value="ⲁⲛ"/><!-- ⲁⲛ -->
<feat xlink:href="#orig_group_218" value="ⲛⲁⲥ"/><!-- ⲛⲁ...ⲥ -->
<feat xlink:href="#orig_group_220" value="."/><!-- . -->
<feat xlink:href="#orig_group_221" value="ⲟⲩⲇⲉ"/><!-- ⲟⲩⲇⲉ -->
<feat xlink:href="#orig_group_222" value="ϩⲛ"/><!-- ϩⲛ -->
<feat xlink:href="#orig_group_223" value="ⲟⲩⲑⲁⲃ"/><!-- ⲟⲩ...ⲑⲁⲃ -->
<feat xlink:href="#orig_group_225" value="ⲁⲛ"/><!-- ⲁⲛ -->
<feat xlink:href="#orig_group_226" value="ⲛⲕⲁⲕⲓⲁ"/><!-- ⲛ...ⲕⲁⲕⲓⲁ -->
<feat xlink:href="#orig_group_228" value="ϩⲓ"/><!-- ϩⲓ -->
<feat xlink:href="#orig_group_229" value="ⲡⲟⲛⲏⲣⲓⲁ"/><!-- ⲡⲟⲛⲏⲣⲓⲁ -->
<feat xlink:href="#orig_group_230" value="."/><!-- . -->
<feat xlink:href="#orig_group_231" value="ⲁⲗⲗⲁ"/><!-- ⲁⲗⲗⲁ -->
<feat xlink:href="#orig_group_232" value="ϩⲛ"/><!-- ϩⲛ -->
<feat xlink:href="#orig_group_233" value="ϩⲉⲛⲁⲑⲁⲃ"/><!-- ϩⲉⲛⲁⲑⲁⲃ -->
<feat xlink:href="#orig_group_234" value="ⲛⲧⲃⲃⲟ"/><!-- ⲛ...ⲧⲃⲃⲟ -->
<feat xlink:href="#orig_group_236" value="ϩⲓⲙⲉ"/><!-- ϩⲓ...ⲙⲉ -->
<feat xlink:href="#orig_group_238" value="."/><!-- . -->
<feat xlink:href="#orig_group_239" value="ⲁⲓⲥϩⲁⲓ"/><!-- ⲁ...ⲥϩⲁⲓ -->
<feat xlink:href="#orig_group_242" value="ⲛⲏⲧⲛ"/><!-- ⲛⲏ...ⲧⲛ -->
<feat xlink:href="#orig_group_244" value="ϩⲛ"/><!-- ϩⲛ -->
<feat xlink:href="#orig_group_245" value="ⲧⲉⲡⲓⲥⲧⲟⲗⲏ"/><!-- ⲧ...ⲉⲡⲓⲥⲧⲟⲗⲏ -->
<feat xlink:href="#orig_group_247" value="ϫⲉ"/><!-- ϫⲉ -->
<feat xlink:href="#orig_group_248" value="ⲙⲡⲣⲧⲱϩ"/><!-- ⲙⲡⲣ...ⲧⲱϩ -->
<feat xlink:href="#orig_group_250" value="ⲙⲛ"/><!-- ⲙⲛ -->
<feat xlink:href="#orig_group_251" value="ⲡⲟⲣⲛⲟⲥ"/><!-- ⲡⲟⲣⲛⲟⲥ -->
<feat xlink:href="#orig_group_252" value="."/><!-- . -->
<feat xlink:href="#orig_group_253" value="ⲟⲩ"/><!-- ⲟⲩ -->
<feat xlink:href="#orig_group_254" value="ⲡⲁⲛⲧⲱⲥ"/><!-- ⲡⲁⲛⲧⲱⲥ -->
<feat xlink:href="#orig_group_255" value="ⲉⲓϫⲱ"/><!-- ⲉ...ϫⲱ -->
<feat xlink:href="#orig_group_258" value="ⲙⲙⲟⲥ"/><!-- ⲙⲙⲟ...ⲥ -->
<feat xlink:href="#orig_group_260" value="ϫⲉ"/><!-- ϫⲉ -->
<feat xlink:href="#orig_group_261" value="ⲙⲡⲟⲣⲛⲟⲥ"/><!-- ⲙ...ⲡⲟⲣⲛⲟⲥ -->
<feat xlink:href="#orig_group_263" value="ⲙⲡⲉⲓⲕⲟⲥⲙⲟⲥ"/><!-- ⲙ...ⲕⲟⲥⲙⲟⲥ -->
<feat xlink:href="#orig_group_266" value="ⲏⲙⲙⲁⲓⲧⲟ"/><!-- ⲏⲙⲙⲁⲓⲧⲟ -->
<feat xlink:href="#orig_group_267" value="ⲛϩⲟⲩⲟ"/><!-- ⲛϩⲟⲩⲟ -->
<feat xlink:href="#orig_group_268" value="ⲏⲛⲣⲉϥⲧⲱⲣⲡ"/><!-- ⲏⲛⲣⲉϥⲧⲱⲣⲡ -->
<feat xlink:href="#orig_group_269" value="ⲏⲛⲣⲉϥϣⲙϣⲉ"/><!-- ⲏⲛⲣⲉϥϣⲙϣⲉ -->
<feat xlink:href="#orig_group_270" value="ⲉⲓⲇⲱⲗⲟⲛ"/><!-- ⲉⲓⲇⲱⲗⲟⲛ -->
<feat xlink:href="#orig_group_271" value="ⲉϣϫⲉ"/><!-- ⲉϣϫⲉ -->
<feat xlink:href="#orig_group_272" value="ⲉϩⲉ"/><!-- ⲉϩⲉ -->
<feat xlink:href="#orig_group_273" value="ⲉⲓⲉ"/><!-- ⲉⲓⲉ -->
<feat xlink:href="#orig_group_274" value="ϣϣⲉ"/><!-- ϣϣⲉ -->
<feat xlink:href="#orig_group_275" value="ⲉⲣⲱⲧⲛ"/><!-- ⲉⲣⲱ...ⲧⲛ -->
<feat xlink:href="#orig_group_277" value="ⲉⲉⲓ"/><!-- ⲉ...ⲉⲓ -->
<feat xlink:href="#orig_group_279" value="ⲉⲃⲟⲗ"/><!-- ⲉⲃⲟⲗ -->
<feat xlink:href="#orig_group_280" value="ϩⲙ"/><!-- ϩⲙ -->
<feat xlink:href="#orig_group_281" value="ⲡⲕⲟⲥⲙⲟⲥ"/><!-- ⲡ...ⲕⲟⲥⲙⲟⲥ -->
<feat xlink:href="#orig_group_283" value="."/><!-- . -->
<feat xlink:href="#orig_group_284" value="ⲧⲉⲛⲟⲩ"/><!-- ⲧⲉⲛⲟⲩ -->
<feat xlink:href="#orig_group_285" value="ⲇⲉ"/><!-- ⲇⲉ -->
<feat xlink:href="#orig_group_286" value="ⲛⲧⲁⲓⲥϩⲁⲓ"/><!-- ⲛⲧ...ⲥϩⲁⲓ -->
<feat xlink:href="#orig_group_290" value="ⲛⲏⲧⲛ"/><!-- ⲛⲏ...ⲧⲛ -->
<feat xlink:href="#orig_group_292" value="ϫⲉ"/><!-- ϫⲉ -->
<feat xlink:href="#orig_group_293" value="ⲙⲡⲣⲧⲱϩ"/><!-- ⲙⲡⲣ...ⲧⲱϩ -->
<feat xlink:href="#orig_group_295" value="ⲙⲛ"/><!-- ⲙⲛ -->
<feat xlink:href="#orig_group_296" value="ⲟⲩⲁ"/><!-- ⲟⲩⲁ -->
<feat xlink:href="#orig_group_297" value="ⲉⲩⲙⲟⲩⲧⲉ"/><!-- ⲉ...ⲙⲟⲩⲧⲉ -->
<feat xlink:href="#orig_group_300" value="ⲉⲣⲟϥ"/><!-- ⲉⲣⲟ...ϥ -->
<feat xlink:href="#orig_group_302" value="ϫⲉ"/><!-- ϫⲉ -->
<feat xlink:href="#orig_group_303" value="ⲟⲩⲥⲟⲛ"/><!-- ⲟⲩ...ⲥⲟⲛ -->
<feat xlink:href="#orig_group_305" value="ⲡⲉ"/><!-- ⲡⲉ -->
<feat xlink:href="#orig_group_306" value="ⲉϣⲱⲡⲉ"/><!-- ⲉϣⲱⲡⲉ -->
<feat xlink:href="#orig_group_307" value="ⲟⲩⲡⲟⲣⲛⲟⲥ"/><!-- ⲟⲩ...ⲡⲟⲣⲛⲟⲥ -->
<feat xlink:href="#orig_group_309" value="ⲡⲉ"/><!-- ⲡⲉ -->
<feat xlink:href="#orig_group_310" value="ⲏⲛⲣⲉϥϣⲙϣⲉ"/><!-- ⲏⲛⲣⲉϥϣⲙϣⲉ -->
<feat xlink:href="#orig_group_311" value="ⲉⲓⲇⲱⲗⲟⲛ"/><!-- ⲉⲓⲇⲱⲗⲟⲛ -->
<feat xlink:href="#orig_group_312" value="ⲏⲙⲙⲁⲓⲧⲟ"/><!-- ⲏⲙⲙⲁⲓⲧⲟ -->
<feat xlink:href="#orig_group_313" value="ⲛϩⲟⲩⲟ"/><!-- ⲛϩⲟⲩⲟ -->
<feat xlink:href="#orig_group_314" value="ⲏⲛⲣⲉϥⲥⲁϩⲟⲩ"/><!-- ⲏⲛⲣⲉϥⲥⲁϩⲟⲩ -->
<feat xlink:href="#orig_group_315" value="ⲏⲛⲣⲉϥϯϩⲉ"/><!-- ⲏⲛⲣⲉϥϯϩⲉ -->
<feat xlink:href="#orig_group_316" value="ⲏⲛⲣⲉϥⲧⲱⲣⲡ"/><!-- ⲏⲛⲣⲉϥⲧⲱⲣⲡ -->
<feat xlink:href="#orig_group_317" value="ⲡⲁⲓ"/><!-- ⲡⲁⲓ -->
<feat xlink:href="#orig_group_318" value="ⲛⲧⲉⲉⲓⲙⲓ"/><!-- ⲛⲧⲉⲉⲓⲙⲓ -->
<feat xlink:href="#orig_group_319" value="ⲛⲉ"/><!-- ⲛⲉ -->
<feat xlink:href="#orig_group_320" value="ⲟⲩⲇⲉ"/><!-- ⲟⲩⲇⲉ -->
<feat xlink:href="#orig_group_321" value="ⲙⲡⲣⲟⲩⲱⲙ"/><!-- ⲙⲡⲣ...ⲟⲩⲱⲙ -->
<feat xlink:href="#orig_group_323" value="ⲛⲙⲙⲁϥ"/><!-- ⲛⲙⲙⲁ...ϥ -->
<feat xlink:href="#orig_group_325" value="."/><!-- . -->
<feat xlink:href="#orig_group_326" value="ⲟⲩ"/><!-- ⲟⲩ -->
<feat xlink:href="#orig_group_327" value="ⲅⲁⲣ"/><!-- ⲅⲁⲣ -->
<feat xlink:href="#orig_group_328" value="ⲉⲣⲟⲓ"/><!-- ⲉⲣⲟ...ⲓ -->
<feat xlink:href="#orig_group_330" value="ⲡⲉ"/><!-- ⲡⲉ -->
<feat xlink:href="#orig_group_331" value="ⲉⲕⲣⲓⲛⲉ"/><!-- ⲉ...ⲕⲣⲓⲛⲉ -->
<feat xlink:href="#orig_group_333" value="ⲛⲛⲉⲧϩⲓⲃⲟⲗ"/><!-- ⲛ...ϩⲓⲃⲟⲗ -->
<feat xlink:href="#orig_group_337" value="."/><!-- . -->
<feat xlink:href="#orig_group_338" value="ⲁⲩⲱ"/><!-- ⲁⲩⲱ -->
<feat xlink:href="#orig_group_339" value="ⲛⲛⲉⲧϩⲓϩⲟⲩⲛ"/><!-- ⲛ...ϩⲓϩⲟⲩⲛ -->
<feat xlink:href="#orig_group_343" value="ⲁⲛ"/><!-- ⲁⲛ -->
<feat xlink:href="#orig_group_344" value="."/><!-- . -->
<feat xlink:href="#orig_group_345" value="ⲛⲧⲱⲧⲛ"/><!-- ⲛⲧⲱⲧⲛ -->
<feat xlink:href="#orig_group_346" value="ⲕⲣⲓⲛⲉ"/><!-- ⲕⲣⲓⲛⲉ -->
<feat xlink:href="#orig_group_347" value="ⲛⲛⲉⲧϩⲓ"/><!-- ⲛ...ϩⲓ -->
<feat xlink:href="#orig_group_351" value="ϩⲟⲩⲛ"/><!-- ϩⲟⲩⲛ -->
<feat xlink:href="#orig_group_352" value="ⲡⲛⲟⲩⲧⲉ"/><!-- ⲡ...ⲛⲟⲩⲧⲉ -->
<feat xlink:href="#orig_group_354" value="ⲇⲉ"/><!-- ⲇⲉ -->
<feat xlink:href="#orig_group_355" value="ⲛⲁⲕⲣⲓⲛⲉ"/><!-- ⲛⲁ...ⲕⲣⲓⲛⲉ -->
<feat xlink:href="#orig_group_357" value="ⲛⲛⲉⲧϩⲓⲃⲟⲗ"/><!-- ⲛ...ϩⲓⲃⲟⲗ -->
<feat xlink:href="#orig_group_361" value="ϥⲓ"/><!-- ϥⲓ -->
<feat xlink:href="#orig_group_362" value="ⲙⲡⲡⲟⲛⲏⲣⲟⲥ"/><!-- ⲙ...ⲡⲟⲛⲏⲣⲟⲥ -->
<feat xlink:href="#orig_group_365" value="ⲉⲃⲟⲗ"/><!-- ⲉⲃⲟⲗ -->
<feat xlink:href="#orig_group_366" value="ⲛϩⲏⲧⲧⲏⲩⲧⲛ"/><!-- ⲛϩⲏⲧ...ⲧⲏⲩⲧⲛ -->
<feat xlink:href="#orig_group_368" value="."/><!-- . -->
</featList>
</paula>
