<?xml version='1.0' encoding='UTF-8'?><!DOCTYPE paula SYSTEM "paula_feat.dtd">
<paula version="1.1">
	<header paula_id="scriptorium.pilate.1643.27-28.mark_morph"/>
	<featList xmlns:xlink="http://www.w3.org/1999/xlink" type="morph" xml:base="scriptorium.pilate.1643.27-28.mark.xml">
		<feat xlink:href="#sSpan1034" value="ⲡ"/>
		<feat xlink:href="#sSpan1038" value="ⲉⲧ"/>
		<feat xlink:href="#sSpan1039" value="ⲛⲁⲛⲟⲩ"/>
		<feat xlink:href="#sSpan1042" value="ϥ"/>
		<feat xlink:href="#sSpan1151" value="ⲙⲛⲧ"/>
		<feat xlink:href="#sSpan1156" value="ϩⲙϩⲁⲗ"/>
		<feat xlink:href="#sSpan1209" value="ϫⲓ"/>
		<feat xlink:href="#sSpan1214" value="ⲙⲟⲉⲓⲧ"/>
		<feat xlink:href="#sSpan1453" value="ϯ"/>
		<feat xlink:href="#sSpan1456" value="ⲛⲟⲩϭⲥ"/></featList></paula>