<?xml version='1.0' encoding='UTF-8'?><!DOCTYPE paula SYSTEM "paula_feat.dtd">
<paula version="1.1">
	<header paula_id="scriptorium.Mark_08.mark_orig"/>
	<featList xmlns:xlink="http://www.w3.org/1999/xlink" type="orig" xml:base="scriptorium.Mark_08.mark.xml">
		<feat xlink:href="#sSpan2" value="ⲛⲉ"/>
		<feat xlink:href="#sSpan12" value="ϩⲟⲟⲩ"/>
		<feat xlink:href="#sSpan14" value="ⲉⲧ"/>
		<feat xlink:href="#sSpan18" value="ⲙⲙⲁⲩ"/>
		<feat xlink:href="#sSpan20" value="ⲛⲉ"/>
		<feat xlink:href="#sSpan24" value="ⲩⲛ"/>
		<feat xlink:href="#sSpan26" value="ⲟⲩ"/>
		<feat xlink:href="#sSpan29" value="ⲛⲟϭ"/>
		<feat xlink:href="#sSpan31" value="ⲟⲛ"/>
		<feat xlink:href="#sSpan35" value="ⲙ"/>
		<feat xlink:href="#sSpan39" value="ⲙⲏⲏϣⲉ"/>
		<feat xlink:href="#sSpan41" value="ⲛⲙⲙⲁ"/>
		<feat xlink:href="#sSpan45" value="ϥ"/>
		<feat xlink:href="#sSpan47" value="ⲁⲩⲱ"/>
		<feat xlink:href="#sSpan51" value="ⲉ"/>
		<feat xlink:href="#sSpan55" value="ⲙⲙⲛⲧ"/>
		<feat xlink:href="#sSpan57" value="ⲟⲩ"/>
		<feat xlink:href="#sSpan59" value="ⲡ"/>
		<feat xlink:href="#sSpan64" value="ⲉⲧ"/>
		<feat xlink:href="#sSpan66" value="ⲟⲩ"/>
		<feat xlink:href="#sSpan68" value="ⲛⲁ"/>
		<feat xlink:href="#sSpan70" value="ⲟⲩⲟⲙ"/>
		<feat xlink:href="#sSpan72" value="ϥ"/>
		<feat xlink:href="#sSpan74" value="ⲁ"/>
		<feat xlink:href="#sSpan78" value="ϥ"/>
		<feat xlink:href="#sSpan80" value="ⲙⲟⲩⲧⲉ"/>
		<feat xlink:href="#sSpan82" value="ⲉ"/>
		<feat xlink:href="#sSpan86" value="ⲛⲉϥ"/>
		<feat xlink:href="#sSpan90" value="ⲙⲁⲑⲏⲧⲏⲥ"/>
		<feat xlink:href="#sSpan92" value="ⲡⲉϫⲁ"/>
		<feat xlink:href="#sSpan96" value="ϥ"/>
		<feat xlink:href="#sSpan98" value="ⲛⲁ"/>
		<feat xlink:href="#sSpan102" value="ⲩ"/>
		<feat xlink:href="#sSpan104" value="ϯ"/>
		<feat xlink:href="#sSpan112" value="ϣⲛ"/>
		<feat xlink:href="#sSpan114" value="ϩⲧⲏ"/>
		<feat xlink:href="#sSpan116" value="ⲉⲓ"/>
		<feat xlink:href="#sSpan118" value="ⲉϫⲙ"/>
		<feat xlink:href="#sSpan122" value="ⲡ"/>
		<feat xlink:href="#sSpan125" value="ⲙⲏⲏϣⲉ"/>
		<feat xlink:href="#sSpan127" value="ϫⲉ"/>
		<feat xlink:href="#sSpan132" value="ⲏⲇⲏ"/>
		<feat xlink:href="#sSpan134" value="ⲉⲓⲥ"/>
		<feat xlink:href="#sSpan138" value="ϣⲟⲙⲛⲧ"/>
		<feat xlink:href="#sSpan141" value="ⲛ"/>
		<feat xlink:href="#sSpan145" value="ϩⲟⲟⲩ"/>
		<feat xlink:href="#sSpan147" value="ⲥⲉ"/>
		<feat xlink:href="#sSpan152" value="ⲡⲣⲟⲥⲕⲁⲣⲧⲉⲣⲉⲓ"/>
		<feat xlink:href="#sSpan154" value="ⲉⲣⲟ"/>
		<feat xlink:href="#sSpan158" value="ⲉⲓ"/>
		<feat xlink:href="#sSpan160" value="."/>
		<feat xlink:href="#sSpan164" value="ⲉ"/>
		<feat xlink:href="#sSpan168" value="ⲙⲙⲛⲧ"/>
		<feat xlink:href="#sSpan170" value="ⲟⲩ"/>
		<feat xlink:href="#sSpan172" value="ⲡ"/>
		<feat xlink:href="#sSpan177" value="ⲉⲧ"/>
		<feat xlink:href="#sSpan179" value="ⲟⲩ"/>
		<feat xlink:href="#sSpan181" value="ⲛⲁ"/>
		<feat xlink:href="#sSpan183" value="ⲟⲩⲟⲙ"/>
		<feat xlink:href="#sSpan185" value="ϥ"/>
		<feat xlink:href="#sSpan187" value="ⲉⲓϣⲁⲛ"/>
		<feat xlink:href="#sSpan196" value="ⲕⲁⲁ"/>
		<feat xlink:href="#sSpan198" value="ⲩ"/>
		<feat xlink:href="#sSpan200" value="ⲉⲃⲟⲗ"/>
		<feat xlink:href="#sSpan204" value="ⲉ"/>
		<feat xlink:href="#sSpan208" value="ⲙⲡ"/>
		<feat xlink:href="#sSpan210" value="ⲟⲩ"/>
		<feat xlink:href="#sSpan212" value="ⲱⲙ"/>
		<feat xlink:href="#sSpan214" value="ⲥⲉ"/>
		<feat xlink:href="#sSpan218" value="ⲛⲁ"/>
		<feat xlink:href="#sSpan220" value="ⲥⲱϣⲙ"/>
		<feat xlink:href="#sSpan222" value="ϩⲛ"/>
		<feat xlink:href="#sSpan226" value="ⲧⲉ"/>
		<feat xlink:href="#sSpan229" value="ϩⲓⲏ"/>
		<feat xlink:href="#sSpan231" value="ⲉ"/>
		<feat xlink:href="#sSpan235" value="ⲩⲛ"/>
		<feat xlink:href="#sSpan237" value="ϩⲟⲓⲛⲉ"/>
		<feat xlink:href="#sSpan240" value="ⲛϩⲏⲧ"/>
		<feat xlink:href="#sSpan244" value="ⲟⲩ"/>
		<feat xlink:href="#sSpan246" value="ϣⲟⲟⲡ"/>
		<feat xlink:href="#sSpan250" value="ϩⲙ"/>
		<feat xlink:href="#sSpan254" value="ⲡ"/>
		<feat xlink:href="#sSpan257" value="ⲟⲩⲉ"/>
		<feat xlink:href="#sSpan259" value="."/>
		<feat xlink:href="#sSpan263" value="ⲉ"/>
		<feat xlink:href="#sSpan272" value="ⲩ"/>
		<feat xlink:href="#sSpan274" value="ⲟⲩⲱϣⲃ"/>
		<feat xlink:href="#sSpan277" value="ⲇⲉ"/>
		<feat xlink:href="#sSpan281" value="ⲛⲁ"/>
		<feat xlink:href="#sSpan285" value="ϥ"/>
		<feat xlink:href="#sSpan287" value="ⲛϭⲓ"/>
		<feat xlink:href="#sSpan291" value="ⲛⲉϥ"/>
		<feat xlink:href="#sSpan295" value="ⲙⲁⲑⲏⲧⲏⲥ"/>
		<feat xlink:href="#sSpan297" value="ϫⲉ"/>
		<feat xlink:href="#sSpan301" value="ⲛⲓⲙ"/>
		<feat xlink:href="#sSpan303" value="ⲡ"/>
		<feat xlink:href="#sSpan307" value="ⲉⲧ"/>
		<feat xlink:href="#sSpan309" value="ⲛⲁ"/>
		<feat xlink:href="#sSpan311" value="ϣ"/>
		<feat xlink:href="#sSpan313" value="ⲧⲥⲓⲉ"/>
		<feat xlink:href="#sSpan315" value="ⲛⲁⲓ"/>
		<feat xlink:href="#sSpan318" value="ⲛ"/>
		<feat xlink:href="#sSpan322" value="ⲟⲉⲓⲕ"/>
		<feat xlink:href="#sSpan325" value="ⲙ"/>
		<feat xlink:href="#sSpan329" value="ⲡⲉⲓ"/>
		<feat xlink:href="#sSpan332" value="ⲙⲁ"/>
		<feat xlink:href="#sSpan334" value="ϩⲛ"/>
		<feat xlink:href="#sSpan338" value="ⲟⲩ"/>
		<feat xlink:href="#sSpan341" value="ϫⲁⲓⲉ"/>
		<feat xlink:href="#sSpan343" value="."/>
		<feat xlink:href="#sSpan347" value="ⲁ"/>
		<feat xlink:href="#sSpan356" value="ϥ"/>
		<feat xlink:href="#sSpan358" value="ϫⲛⲟⲩ"/>
		<feat xlink:href="#sSpan360" value="ⲟⲩ"/>
		<feat xlink:href="#sSpan362" value="ϫⲉ"/>
		<feat xlink:href="#sSpan366" value="ⲟⲩⲛⲧⲏ"/>
		<feat xlink:href="#sSpan368" value="ⲧⲛ"/>
		<feat xlink:href="#sSpan370" value="ⲟⲩⲏⲣ"/>
		<feat xlink:href="#sSpan375" value="ⲙⲙⲁⲩ"/>
		<feat xlink:href="#sSpan379" value="ⲛ"/>
		<feat xlink:href="#sSpan383" value="ⲟⲉⲓⲕ"/>
		<feat xlink:href="#sSpan385" value="."/>
		<feat xlink:href="#sSpan389" value="ⲛⲧⲟⲟⲩ"/>
		<feat xlink:href="#sSpan394" value="ⲇⲉ"/>
		<feat xlink:href="#sSpan398" value="ⲡⲉϫⲁ"/>
		<feat xlink:href="#sSpan402" value="ⲩ"/>
		<feat xlink:href="#sSpan404" value="ϫⲉ"/>
		<feat xlink:href="#sSpan408" value="ⲥⲁϣϥ"/>
		<feat xlink:href="#sSpan411" value="."/>
		<feat xlink:href="#sSpan415" value="ⲁ"/>
		<feat xlink:href="#sSpan424" value="ϥ"/>
		<feat xlink:href="#sSpan426" value="ϩⲱⲛ"/>
		<feat xlink:href="#sSpan428" value="ⲉⲧⲟⲟⲧ"/>
		<feat xlink:href="#sSpan432" value="ϥ"/>
		<feat xlink:href="#sSpan434" value="ⲙ"/>
		<feat xlink:href="#sSpan438" value="ⲡ"/>
		<feat xlink:href="#sSpan441" value="ⲙⲏⲏϣⲉ"/>
		<feat xlink:href="#sSpan443" value="ⲉ"/>
		<feat xlink:href="#sSpan447" value="ⲧⲣⲉ"/>
		<feat xlink:href="#sSpan449" value="ⲩ"/>
		<feat xlink:href="#sSpan451" value="ⲛⲟϫ"/>
		<feat xlink:href="#sSpan453" value="ⲟⲩ"/>
		<feat xlink:href="#sSpan455" value="ϩⲓ"/>
		<feat xlink:href="#sSpan459" value="ⲡ"/>
		<feat xlink:href="#sSpan461" value="ⲉⲥⲏⲧ"/>
		<feat xlink:href="#sSpan463" value="ⲁ"/>
		<feat xlink:href="#sSpan467" value="ϥ"/>
		<feat xlink:href="#sSpan469" value="ϫⲓ"/>
		<feat xlink:href="#sSpan472" value="ⲇⲉ"/>
		<feat xlink:href="#sSpan476" value="ⲙ"/>
		<feat xlink:href="#sSpan480" value="ⲡ"/>
		<feat xlink:href="#sSpan483" value="ⲥⲁϣϥ"/>
		<feat xlink:href="#sSpan485" value="ⲛ"/>
		<feat xlink:href="#sSpan489" value="ⲟⲉⲓⲕ"/>
		<feat xlink:href="#sSpan491" value="ⲁ"/>
		<feat xlink:href="#sSpan495" value="ϥ"/>
		<feat xlink:href="#sSpan498" value="ϣⲡϩⲙⲟⲧ"/>
		<feat xlink:href="#sSpan501" value="ⲉϫⲱ"/>
		<feat xlink:href="#sSpan505" value="ⲟⲩ"/>
		<feat xlink:href="#sSpan507" value="ⲁ"/>
		<feat xlink:href="#sSpan511" value="ϥ"/>
		<feat xlink:href="#sSpan513" value="ⲡⲟϣ"/>
		<feat xlink:href="#sSpan515" value="ⲟⲩ"/>
		<feat xlink:href="#sSpan517" value="ⲁⲩⲱ"/>
		<feat xlink:href="#sSpan521" value="ⲁ"/>
		<feat xlink:href="#sSpan525" value="ϥ"/>
		<feat xlink:href="#sSpan527" value="ⲧⲁⲁ"/>
		<feat xlink:href="#sSpan529" value="ⲩ"/>
		<feat xlink:href="#sSpan531" value="ⲛ"/>
		<feat xlink:href="#sSpan535" value="ⲛⲉϥ"/>
		<feat xlink:href="#sSpan539" value="ⲙⲁⲑⲏⲧⲏⲥ"/>
		<feat xlink:href="#sSpan541" value="ϫⲉ"/>
		<feat xlink:href="#sSpan545" value="ⲉⲩⲉ"/>
		<feat xlink:href="#sSpan547" value="ⲕⲁⲁ"/>
		<feat xlink:href="#sSpan549" value="ⲩ"/>
		<feat xlink:href="#sSpan551" value="ϩⲁⲣⲱ"/>
		<feat xlink:href="#sSpan555" value="ⲟⲩ"/>
		<feat xlink:href="#sSpan557" value="."/>
		<feat xlink:href="#sSpan561" value="ⲁⲩⲱ"/>
		<feat xlink:href="#sSpan565" value="ⲁ"/>
		<feat xlink:href="#sSpan569" value="ⲩ"/>
		<feat xlink:href="#sSpan571" value="ⲕⲁⲁ"/>
		<feat xlink:href="#sSpan573" value="ⲩ"/>
		<feat xlink:href="#sSpan575" value="ϩⲁⲣⲱ"/>
		<feat xlink:href="#sSpan579" value="ϥ"/>
		<feat xlink:href="#sSpan581" value="ⲙ"/>
		<feat xlink:href="#sSpan585" value="ⲡ"/>
		<feat xlink:href="#sSpan588" value="ⲙⲏⲏϣⲉ"/>
		<feat xlink:href="#sSpan590" value="ⲛⲉ"/>
		<feat xlink:href="#sSpan599" value="ⲩⲛⲧ"/>
		<feat xlink:href="#sSpan601" value="ⲟⲩ"/>
		<feat xlink:href="#sSpan603" value="ⲕⲉ"/>
		<feat xlink:href="#sSpan608" value="ϣⲏⲙ"/>
		<feat xlink:href="#sSpan611" value="ⲇⲉ"/>
		<feat xlink:href="#sSpan615" value="ⲛ"/>
		<feat xlink:href="#sSpan619" value="ⲧⲃⲧ"/>
		<feat xlink:href="#sSpan621" value="ⲛⲧⲉⲣⲉ"/>
		<feat xlink:href="#sSpan625" value="ϥ"/>
		<feat xlink:href="#sSpan627" value="ⲥⲙⲟⲩ"/>
		<feat xlink:href="#sSpan630" value="ⲇⲉ"/>
		<feat xlink:href="#sSpan634" value="ⲉⲣⲟ"/>
		<feat xlink:href="#sSpan638" value="ⲟⲩ"/>
		<feat xlink:href="#sSpan640" value="ⲁ"/>
		<feat xlink:href="#sSpan644" value="ϥ"/>
		<feat xlink:href="#sSpan647" value="ⲟⲩⲉϩⲥⲁϩⲛⲉ"/>
		<feat xlink:href="#sSpan650" value="ⲉ"/>
		<feat xlink:href="#sSpan654" value="ⲕⲁ"/>
		<feat xlink:href="#sSpan656" value="ⲛⲉⲉⲓ"/>
		<feat xlink:href="#sSpan659" value="ⲕⲟⲟⲩⲉ"/>
		<feat xlink:href="#sSpan661" value="ϩⲁⲣⲱ"/>
		<feat xlink:href="#sSpan665" value="ⲟⲩ"/>
		<feat xlink:href="#sSpan667" value="."/>
		<feat xlink:href="#sSpan671" value="ⲉ"/>
		<feat xlink:href="#sSpan680" value="ⲩ"/>
		<feat xlink:href="#sSpan682" value="ⲟⲩⲱⲙ"/>
		<feat xlink:href="#sSpan685" value="ⲇⲉ"/>
		<feat xlink:href="#sSpan689" value="ⲁ"/>
		<feat xlink:href="#sSpan693" value="ⲩ"/>
		<feat xlink:href="#sSpan695" value="ⲥⲓ"/>
		<feat xlink:href="#sSpan697" value="ⲁⲩⲱ"/>
		<feat xlink:href="#sSpan701" value="ⲁ"/>
		<feat xlink:href="#sSpan705" value="ⲩ"/>
		<feat xlink:href="#sSpan707" value="ϥⲓ"/>
		<feat xlink:href="#sSpan709" value="ⲛ"/>
		<feat xlink:href="#sSpan713" value="ⲗ"/>
		<feat xlink:href="#sSpan716" value="ⲗⲁⲕⲙ"/>
		<feat xlink:href="#sSpan718" value="."/>
		<feat xlink:href="#sSpan723" value="ⲉⲛⲧ"/>
		<feat xlink:href="#sSpan728" value="ⲁ"/>
		<feat xlink:href="#sSpan730" value="ⲩ"/>
		<feat xlink:href="#sSpan733" value="ⲣϩⲟⲩⲟ"/>
		<feat xlink:href="#sSpan736" value="ⲉ"/>
		<feat xlink:href="#sSpan740" value="ⲩ"/>
		<feat xlink:href="#sSpan742" value="ⲛⲁ"/>
		<feat xlink:href="#sSpan744" value="ⲣ"/>
		<feat xlink:href="#sSpan746" value="ⲥⲁϣϥ"/>
		<feat xlink:href="#sSpan749" value="ⲃ"/>
		<feat xlink:href="#sSpan753" value="ⲃⲓⲣ"/>
		<feat xlink:href="#sSpan755" value="[..]"/>
		<feat xlink:href="#sSpan764" value="ⲩ"/>
		<feat xlink:href="#sSpan766" value="ⲛⲁ"/>
		<feat xlink:href="#sSpan768" value="ⲣ"/>
		<feat xlink:href="#sSpan770" value="ϩⲙⲉ"/>
		<feat xlink:href="#sSpan774" value="ⲇⲉ"/>
		<feat xlink:href="#sSpan778" value="ⲛ"/>
		<feat xlink:href="#sSpan782" value="ϣⲉ"/>
		<feat xlink:href="#sSpan784" value="ⲁⲩⲱ"/>
		<feat xlink:href="#sSpan788" value="ⲁ"/>
		<feat xlink:href="#sSpan792" value="ϥ"/>
		<feat xlink:href="#sSpan794" value="ⲕⲁⲁ"/>
		<feat xlink:href="#sSpan796" value="ⲩ"/>
		<feat xlink:href="#sSpan798" value="ⲉⲃⲟⲗ"/>
		<feat xlink:href="#sSpan802" value="."/>
		<feat xlink:href="#sSpan806" value="[..]"/>
		<feat xlink:href="#sSpan816" value="ⲇⲉ"/>
		<feat xlink:href="#sSpan820" value="ⲛⲧⲉⲣⲉ"/>
		<feat xlink:href="#sSpan824" value="ϥ"/>
		<feat xlink:href="#sSpan826" value="ⲁⲗⲉ"/>
		<feat xlink:href="#sSpan828" value="ⲉ"/>
		<feat xlink:href="#sSpan832" value="ⲡ"/>
		<feat xlink:href="#sSpan835" value="ϫⲟⲉⲓ"/>
		<feat xlink:href="#sSpan837" value="ⲙⲛ"/>
		<feat xlink:href="#sSpan841" value="ⲛⲉϥ"/>
		<feat xlink:href="#sSpan845" value="ⲙⲁⲑⲏⲧⲏⲥ"/>
		<feat xlink:href="#sSpan847" value="ⲁ"/>
		<feat xlink:href="#sSpan851" value="ϥ"/>
		<feat xlink:href="#sSpan853" value="ⲉⲓ"/>
		<feat xlink:href="#sSpan856" value="ⲉϩⲣⲁⲓ"/>
		<feat xlink:href="#sSpan860" value="ⲉ"/>
		<feat xlink:href="#sSpan864" value="ⲛ"/>
		<feat xlink:href="#sSpan867" value="ⲥⲁ"/>
		<feat xlink:href="#sSpan870" value="ⲛ"/>
		<feat xlink:href="#sSpan875" value="ⲇⲁⲗⲙⲁⲛⲟⲩⲑⲁ"/>
		<feat xlink:href="#sSpan878" value="."/>
		<feat xlink:href="#sSpan882" value="ⲁ"/>
		<feat xlink:href="#sSpan890" value="ⲩ"/>
		<feat xlink:href="#sSpan892" value="ⲉⲓ"/>
		<feat xlink:href="#sSpan895" value="ⲉⲃⲟⲗ"/>
		<feat xlink:href="#sSpan899" value="ⲛϭⲓ"/>
		<feat xlink:href="#sSpan903" value="ⲛⲉ"/>
		<feat xlink:href="#sSpan907" value="ⲫⲁⲣⲓⲥⲥⲁⲓⲟⲥ"/>
		<feat xlink:href="#sSpan909" value="ⲁ"/>
		<feat xlink:href="#sSpan913" value="ⲩ"/>
		<feat xlink:href="#sSpan916" value="ⲁⲣⲭⲉⲓ"/>
		<feat xlink:href="#sSpan918" value="ⲉ"/>
		<feat xlink:href="#sSpan923" value="ϯⲧⲱⲛ"/>
		<feat xlink:href="#sSpan926" value="ⲛⲙⲙⲁ"/>
		<feat xlink:href="#sSpan930" value="ϥ"/>
		<feat xlink:href="#sSpan932" value="ⲉ"/>
		<feat xlink:href="#sSpan936" value="ⲩ"/>
		<feat xlink:href="#sSpan938" value="ⲕⲱⲧⲉ"/>
		<feat xlink:href="#sSpan941" value="ⲛⲥⲁ"/>
		<feat xlink:href="#sSpan945" value="ⲟⲩ"/>
		<feat xlink:href="#sSpan948" value="ⲙⲁⲉⲓⲛ"/>
		<feat xlink:href="#sSpan950" value="ⲛⲧⲟⲟⲧ"/>
		<feat xlink:href="#sSpan954" value="ϥ"/>
		<feat xlink:href="#sSpan956" value="ⲉⲃⲟⲗ"/>
		<feat xlink:href="#sSpan961" value="ϩⲛ"/>
		<feat xlink:href="#sSpan965" value="ⲧ"/>
		<feat xlink:href="#sSpan970" value="ⲡⲉ"/>
		<feat xlink:href="#sSpan972" value="ⲉ"/>
		<feat xlink:href="#sSpan976" value="ⲩ"/>
		<feat xlink:href="#sSpan979" value="ⲡⲉⲓⲣⲁⲍⲉ"/>
		<feat xlink:href="#sSpan981" value="ⲙⲙⲟ"/>
		<feat xlink:href="#sSpan985" value="ϥ"/>
		<feat xlink:href="#sSpan987" value="."/>
		<feat xlink:href="#sSpan991" value="ⲛⲧⲉⲣⲉ"/>
		<feat xlink:href="#sSpan1000" value="ϥ"/>
		<feat xlink:href="#sSpan1003" value="ⲁϣⲁϩⲟⲙ"/>
		<feat xlink:href="#sSpan1006" value="ϩⲙ"/>
		<feat xlink:href="#sSpan1010" value="ⲡⲉϥ"/>
		<feat xlink:href="#sSpan1014" value="ⲡⲛⲉⲩⲙⲁ"/>
		<feat xlink:href="#sSpan1016" value="ⲡⲉϫⲁ"/>
		<feat xlink:href="#sSpan1020" value="ϥ"/>
		<feat xlink:href="#sSpan1022" value="ϫⲉ"/>
		<feat xlink:href="#sSpan1026" value="ⲉⲧⲃⲉ"/>
		<feat xlink:href="#sSpan1029" value="ⲟⲩ"/>
		<feat xlink:href="#sSpan1033" value="ⲧⲉⲉⲓ"/>
		<feat xlink:href="#sSpan1039" value="ⲅⲉⲛⲉⲁ"/>
		<feat xlink:href="#sSpan1041" value="ⲕⲱⲧⲉ"/>
		<feat xlink:href="#sSpan1046" value="ⲛⲥⲁ"/>
		<feat xlink:href="#sSpan1050" value="ⲟⲩ"/>
		<feat xlink:href="#sSpan1053" value="ⲙⲁⲉⲓⲛ"/>
		<feat xlink:href="#sSpan1056" value="ϩⲁⲙⲏⲛ"/>
		<feat xlink:href="#sSpan1060" value="ϯ"/>
		<feat xlink:href="#sSpan1064" value="ϫⲱ"/>
		<feat xlink:href="#sSpan1066" value="ⲙⲙⲟ"/>
		<feat xlink:href="#sSpan1070" value="ⲥ"/>
		<feat xlink:href="#sSpan1072" value="ⲛⲏ"/>
		<feat xlink:href="#sSpan1076" value="ⲧⲛ"/>
		<feat xlink:href="#sSpan1078" value="ϫⲉ"/>
		<feat xlink:href="#sSpan1082" value="ⲉϣⲱⲡⲉ"/>
		<feat xlink:href="#sSpan1084" value="ⲥⲉ"/>
		<feat xlink:href="#sSpan1088" value="ⲛⲁ"/>
		<feat xlink:href="#sSpan1091" value="ϯⲙⲁⲉⲓⲛ"/>
		<feat xlink:href="#sSpan1094" value="ⲛ"/>
		<feat xlink:href="#sSpan1098" value="ⲧⲉⲓ"/>
		<feat xlink:href="#sSpan1102" value="ⲅⲉⲛⲉⲁ"/>
		<feat xlink:href="#sSpan1104" value="."/>
		<feat xlink:href="#sSpan1108" value="ⲛⲧⲉⲣⲉ"/>
		<feat xlink:href="#sSpan1117" value="ϥ"/>
		<feat xlink:href="#sSpan1119" value="ⲗⲟ"/>
		<feat xlink:href="#sSpan1121" value="ϩⲁⲣⲟ"/>
		<feat xlink:href="#sSpan1125" value="ⲟⲩ"/>
		<feat xlink:href="#sSpan1127" value="ⲁ"/>
		<feat xlink:href="#sSpan1131" value="ϥ"/>
		<feat xlink:href="#sSpan1133" value="ⲧⲁⲗⲉ"/>
		<feat xlink:href="#sSpan1135" value="ⲟⲛ"/>
		<feat xlink:href="#sSpan1139" value="ⲉ"/>
		<feat xlink:href="#sSpan1143" value="ⲡ"/>
		<feat xlink:href="#sSpan1146" value="ϫⲟⲉⲓ"/>
		<feat xlink:href="#sSpan1148" value="ⲁ"/>
		<feat xlink:href="#sSpan1152" value="ϥ"/>
		<feat xlink:href="#sSpan1154" value="ⲃⲱⲕ"/>
		<feat xlink:href="#sSpan1157" value="ⲉ"/>
		<feat xlink:href="#sSpan1161" value="ⲡⲓ"/>
		<feat xlink:href="#sSpan1164" value="ⲕⲣⲟ"/>
		<feat xlink:href="#sSpan1166" value="ⲁ"/>
		<feat xlink:href="#sSpan1174" value="ⲩ"/>
		<feat xlink:href="#sSpan1176" value="ⲣ"/>
		<feat xlink:href="#sSpan1179" value="ⲡ"/>
		<feat xlink:href="#sSpan1181" value="ⲱⲃϣ"/>
		<feat xlink:href="#sSpan1183" value="ⲛ"/>
		<feat xlink:href="#sSpan1188" value="ϫⲓⲟⲉⲓⲕ"/>
		<feat xlink:href="#sSpan1191" value="ⲛⲁ"/>
		<feat xlink:href="#sSpan1195" value="ⲩ"/>
		<feat xlink:href="#sSpan1197" value="."/>
		<feat xlink:href="#sSpan1201" value="ⲁⲩⲱ"/>
		<feat xlink:href="#sSpan1205" value="ⲛⲉ"/>
		<feat xlink:href="#sSpan1209" value="ⲙⲙⲛⲧⲁ"/>
		<feat xlink:href="#sSpan1213" value="ⲩ"/>
		<feat xlink:href="#sSpan1215" value="ⲙⲙⲁⲩ"/>
		<feat xlink:href="#sSpan1219" value="ⲛⲥⲁ"/>
		<feat xlink:href="#sSpan1223" value="ⲟⲩ"/>
		<feat xlink:href="#sSpan1226" value="ⲟⲉⲓⲕ"/>
		<feat xlink:href="#sSpan1228" value="ⲟⲩⲱⲧ"/>
		<feat xlink:href="#sSpan1232" value="ϩⲙ"/>
		<feat xlink:href="#sSpan1236" value="ⲡ"/>
		<feat xlink:href="#sSpan1239" value="ϫⲟⲉⲓ"/>
		<feat xlink:href="#sSpan1241" value="ⲁ"/>
		<feat xlink:href="#sSpan1249" value="ϥ"/>
		<feat xlink:href="#sSpan1251" value="ϩⲱⲛ"/>
		<feat xlink:href="#sSpan1253" value="ⲉⲧⲟⲟⲧ"/>
		<feat xlink:href="#sSpan1257" value="ⲟⲩ"/>
		<feat xlink:href="#sSpan1259" value="ⲉ"/>
		<feat xlink:href="#sSpan1263" value="ϥ"/>
		<feat xlink:href="#sSpan1265" value="ϫⲱ"/>
		<feat xlink:href="#sSpan1267" value="ⲙⲙⲟ"/>
		<feat xlink:href="#sSpan1271" value="ⲥ"/>
		<feat xlink:href="#sSpan1273" value="ϫⲉ"/>
		<feat xlink:href="#sSpan1277" value="ϭⲱϣⲧ"/>
		<feat xlink:href="#sSpan1279" value="ⲛ"/>
		<feat xlink:href="#sSpan1283" value="ⲧⲉⲧⲛ"/>
		<feat xlink:href="#sSpan1285" value="ϯ"/>
		<feat xlink:href="#sSpan1287" value="ϩⲧⲏ"/>
		<feat xlink:href="#sSpan1289" value="ⲧⲛ"/>
		<feat xlink:href="#sSpan1291" value="ⲉⲣⲱ"/>
		<feat xlink:href="#sSpan1295" value="ⲧⲛ"/>
		<feat xlink:href="#sSpan1297" value="ⲉ"/>
		<feat xlink:href="#sSpan1301" value="ⲡⲉ"/>
		<feat xlink:href="#sSpan1304" value="ⲑⲁⲃ"/>
		<feat xlink:href="#sSpan1306" value="ⲛ"/>
		<feat xlink:href="#sSpan1310" value="ⲛⲉ"/>
		<feat xlink:href="#sSpan1314" value="ⲫⲁⲣⲓⲥⲥⲁⲓⲟⲥ"/>
		<feat xlink:href="#sSpan1316" value="ⲙⲛ"/>
		<feat xlink:href="#sSpan1320" value="ⲡⲉ"/>
		<feat xlink:href="#sSpan1323" value="ⲑⲁⲃ"/>
		<feat xlink:href="#sSpan1325" value="ⲛ"/>
		<feat xlink:href="#sSpan1330" value="ϩⲏⲣⲱⲇⲏⲥ"/>
		<feat xlink:href="#sSpan1333" value="ⲁ"/>
		<feat xlink:href="#sSpan1342" value="ⲩ"/>
		<feat xlink:href="#sSpan1344" value="ⲙⲉⲕⲙⲟⲩⲕ"/>
		<feat xlink:href="#sSpan1346" value="ⲟⲩ"/>
		<feat xlink:href="#sSpan1348" value="ⲙⲛ"/>
		<feat xlink:href="#sSpan1352" value="ⲛⲉⲩ"/>
		<feat xlink:href="#sSpan1354" value="ⲉⲣⲏⲩ"/>
		<feat xlink:href="#sSpan1356" value="ϫⲉ"/>
		<feat xlink:href="#sSpan1360" value="ⲙⲛⲧ"/>
		<feat xlink:href="#sSpan1362" value="ⲟⲩ"/>
		<feat xlink:href="#sSpan1364" value="ⲟⲉⲓⲕ"/>
		<feat xlink:href="#sSpan1367" value="ⲙⲙⲁⲩ"/>
		<feat xlink:href="#sSpan1371" value="."/>
		<feat xlink:href="#sSpan1375" value="[..]"/>
		<feat xlink:href="#sSpan1384" value="ϥ"/>
		<feat xlink:href="#sSpan1386" value="ⲉⲓⲙⲉ"/>
		<feat xlink:href="#sSpan1389" value="ⲇⲉ"/>
		<feat xlink:href="#sSpan1393" value="ⲡⲉϫⲁ"/>
		<feat xlink:href="#sSpan1397" value="ϥ"/>
		<feat xlink:href="#sSpan1399" value="ⲛⲁ"/>
		<feat xlink:href="#sSpan1403" value="ⲩ"/>
		<feat xlink:href="#sSpan1405" value="ϫⲉ"/>
		<feat xlink:href="#sSpan1409" value="ⲉⲧⲃⲉ"/>
		<feat xlink:href="#sSpan1412" value="ⲟⲩ"/>
		<feat xlink:href="#sSpan1416" value="ⲧⲉⲧⲛ"/>
		<feat xlink:href="#sSpan1420" value="ⲙⲟⲕⲙⲉⲕ"/>
		<feat xlink:href="#sSpan1422" value="ϫⲉ"/>
		<feat xlink:href="#sSpan1426" value="ⲙⲙⲛⲧⲏ"/>
		<feat xlink:href="#sSpan1428" value="ⲧⲛ"/>
		<feat xlink:href="#sSpan1430" value="ⲟⲉⲓⲕ"/>
		<feat xlink:href="#sSpan1433" value="ⲙⲙⲁⲩ"/>
		<feat xlink:href="#sSpan1437" value="."/>
		<feat xlink:href="#sSpan1441" value="ⲛ"/>
		<feat xlink:href="#sSpan1445" value="ⲧⲉⲧⲛ"/>
		<feat xlink:href="#sSpan1448" value="ⲛⲟⲉⲓ"/>
		<feat xlink:href="#sSpan1450" value="ⲁⲛ"/>
		<feat xlink:href="#sSpan1455" value="ⲟⲩⲇⲉ"/>
		<feat xlink:href="#sSpan1459" value="ⲛ"/>
		<feat xlink:href="#sSpan1463" value="ⲧⲉⲧⲛ"/>
		<feat xlink:href="#sSpan1465" value="ϯ"/>
		<feat xlink:href="#sSpan1467" value="ⲁⲛ"/>
		<feat xlink:href="#sSpan1471" value="ⲛ"/>
		<feat xlink:href="#sSpan1475" value="ϩⲧⲏ"/>
		<feat xlink:href="#sSpan1477" value="ⲧⲛ"/>
		<feat xlink:href="#sSpan1479" value="ⲡⲉⲧⲛ"/>
		<feat xlink:href="#sSpan1484" value="ϩⲏⲧ"/>
		<feat xlink:href="#sSpan1486" value="ⲧⲏⲙ"/>
		<feat xlink:href="#sSpan1490" value="[..]"/>
		<feat xlink:href="#sSpan1498" value="ⲛⲉⲧⲛ"/>
		<feat xlink:href="#sSpan1501" value="ⲃⲁⲗ"/>
		<feat xlink:href="#sSpan1503" value="ⲙⲙⲱ"/>
		<feat xlink:href="#sSpan1507" value="ⲧⲛ"/>
		<feat xlink:href="#sSpan1509" value="ⲛ"/>
		<feat xlink:href="#sSpan1513" value="ⲧⲉⲧⲛ"/>
		<feat xlink:href="#sSpan1515" value="ⲉⲓⲱⲣϩ"/>
		<feat xlink:href="#sSpan1517" value="ⲁⲛ"/>
		<feat xlink:href="#sSpan1521" value="."/>
		<feat xlink:href="#sSpan1525" value="ⲁⲩⲱ"/>
		<feat xlink:href="#sSpan1529" value="ⲉⲣⲉ"/>
		<feat xlink:href="#sSpan1533" value="ⲛⲉⲧⲛ"/>
		<feat xlink:href="#sSpan1536" value="ⲙⲁⲁϫⲉ"/>
		<feat xlink:href="#sSpan1538" value="ⲙⲙⲱ"/>
		<feat xlink:href="#sSpan1542" value="ⲧⲛ"/>
		<feat xlink:href="#sSpan1544" value="ⲛ"/>
		<feat xlink:href="#sSpan1548" value="ⲧⲉⲧⲛ"/>
		<feat xlink:href="#sSpan1550" value="ⲥⲱⲧⲙ"/>
		<feat xlink:href="#sSpan1552" value="ⲁⲛ"/>
		<feat xlink:href="#sSpan1556" value="ⲁⲩⲱ"/>
		<feat xlink:href="#sSpan1560" value="ⲛ"/>
		<feat xlink:href="#sSpan1564" value="ⲧⲉⲧⲛ"/>
		<feat xlink:href="#sSpan1566" value="ⲣ"/>
		<feat xlink:href="#sSpan1568" value="ⲡ"/>
		<feat xlink:href="#sSpan1570" value="ⲙⲉⲩⲉ"/>
		<feat xlink:href="#sSpan1572" value="ⲁⲛ"/>
		<feat xlink:href="#sSpan1576" value="[..]"/>
		<feat xlink:href="#sSpan1585" value="ⲉⲓ"/>
		<feat xlink:href="#sSpan1587" value="ⲡⲉϣ"/>
		<feat xlink:href="#sSpan1589" value="ⲧⲓⲟⲩ"/>
		<feat xlink:href="#sSpan1592" value="ⲛ"/>
		<feat xlink:href="#sSpan1594" value="ⲟⲉⲓⲕ"/>
		<feat xlink:href="#sSpan1596" value="ⲉ"/>
		<feat xlink:href="#sSpan1600" value="ⲡ"/>
		<feat xlink:href="#sSpan1603" value="ϭⲓⲥ"/>
		<feat xlink:href="#sSpan1605" value="ⲧⲃⲁ"/>
		<feat xlink:href="#sSpan1607" value="ⲣ"/>
		<feat xlink:href="#sSpan1611" value="ⲣⲱⲙⲉ"/>
		<feat xlink:href="#sSpan1613" value="."/>
		<feat xlink:href="#sSpan1617" value="ⲁ"/>
		<feat xlink:href="#sSpan1621" value="ⲧⲉⲧⲛ"/>
		<feat xlink:href="#sSpan1623" value="ϥⲓ"/>
		<feat xlink:href="#sSpan1625" value="ⲟⲩⲏⲣ"/>
		<feat xlink:href="#sSpan1630" value="ⲛ"/>
		<feat xlink:href="#sSpan1634" value="ⲕⲟⲧ"/>
		<feat xlink:href="#sSpan1636" value="ⲉ"/>
		<feat xlink:href="#sSpan1640" value="ⲩ"/>
		<feat xlink:href="#sSpan1642" value="ⲙⲉϩ"/>
		<feat xlink:href="#sSpan1644" value="ⲗ"/>
		<feat xlink:href="#sSpan1648" value="ⲗⲁⲕⲙ"/>
		<feat xlink:href="#sSpan1651" value="ⲡⲉϫⲁ"/>
		<feat xlink:href="#sSpan1655" value="ⲩ"/>
		<feat xlink:href="#sSpan1657" value="ⲛⲁ"/>
		<feat xlink:href="#sSpan1661" value="ϥ"/>
		<feat xlink:href="#sSpan1663" value="ϫⲉ"/>
		<feat xlink:href="#sSpan1668" value="ⲙⲛⲧⲥⲛⲟⲟⲩⲥ"/>
		<feat xlink:href="#sSpan1672" value="."/>
		<feat xlink:href="#sSpan1676" value="[..]"/>
		<feat xlink:href="#sSpan1685" value="ⲉⲓ"/>
		<feat xlink:href="#sSpan1687" value="ⲡⲱϣ"/>
		<feat xlink:href="#sSpan1689" value="ⲟⲛ"/>
		<feat xlink:href="#sSpan1693" value="ⲙ"/>
		<feat xlink:href="#sSpan1697" value="ⲡ"/>
		<feat xlink:href="#sSpan1700" value="ⲥⲁϣϥ"/>
		<feat xlink:href="#sSpan1702" value="ⲛ"/>
		<feat xlink:href="#sSpan1706" value="ⲟⲉⲓⲕ"/>
		<feat xlink:href="#sSpan1708" value="ⲉ"/>
		<feat xlink:href="#sSpan1712" value="ⲡⲉ"/>
		<feat xlink:href="#sSpan1715" value="ϩⲙⲉ"/>
		<feat xlink:href="#sSpan1717" value="ⲛ"/>
		<feat xlink:href="#sSpan1721" value="ϣⲉ"/>
		<feat xlink:href="#sSpan1723" value="ⲣ"/>
		<feat xlink:href="#sSpan1727" value="ⲣⲱⲙⲉ"/>
		<feat xlink:href="#sSpan1729" value="ⲁ"/>
		<feat xlink:href="#sSpan1733" value="ⲧⲉⲧⲛ"/>
		<feat xlink:href="#sSpan1735" value="ϥⲓ"/>
		<feat xlink:href="#sSpan1737" value="ⲟⲩⲏⲣ"/>
		<feat xlink:href="#sSpan1742" value="ⲃ"/>
		<feat xlink:href="#sSpan1746" value="ⲃⲓⲣ"/>
		<feat xlink:href="#sSpan1748" value="ⲉ"/>
		<feat xlink:href="#sSpan1752" value="ⲩ"/>
		<feat xlink:href="#sSpan1754" value="ⲙⲉϩ"/>
		<feat xlink:href="#sSpan1756" value="ⲗ"/>
		<feat xlink:href="#sSpan1760" value="ⲗⲁⲕⲙ"/>
		<feat xlink:href="#sSpan1763" value="."/>
		<feat xlink:href="#sSpan1767" value="ⲡⲉϫⲁ"/>
		<feat xlink:href="#sSpan1771" value="ⲩ"/>
		<feat xlink:href="#sSpan1773" value="ⲛⲁ"/>
		<feat xlink:href="#sSpan1777" value="ϥ"/>
		<feat xlink:href="#sSpan1779" value="ϫⲉ"/>
		<feat xlink:href="#sSpan1783" value="ⲥⲁϣϥ"/>
		<feat xlink:href="#sSpan1786" value="."/>
		<feat xlink:href="#sSpan1790" value="ⲡⲉϫⲁ"/>
		<feat xlink:href="#sSpan1799" value="ϥ"/>
		<feat xlink:href="#sSpan1801" value="ⲛⲁ"/>
		<feat xlink:href="#sSpan1805" value="ⲩ"/>
		<feat xlink:href="#sSpan1807" value="ϫⲉ"/>
		<feat xlink:href="#sSpan1811" value="ⲡⲱⲥ"/>
		<feat xlink:href="#sSpan1813" value="ϭⲉ"/>
		<feat xlink:href="#sSpan1817" value="ⲛ"/>
		<feat xlink:href="#sSpan1821" value="ⲧⲉⲧⲛ"/>
		<feat xlink:href="#sSpan1824" value="ⲛⲟⲉⲓⲉ"/>
		<feat xlink:href="#sSpan1826" value="ⲁⲛ"/>
		<feat xlink:href="#sSpan1830" value="."/>
		<feat xlink:href="#sSpan1834" value="ⲉ"/>
		<feat xlink:href="#sSpan1843" value="ⲩ"/>
		<feat xlink:href="#sSpan1845" value="ⲉⲓ"/>
		<feat xlink:href="#sSpan1848" value="ⲇⲉ"/>
		<feat xlink:href="#sSpan1852" value="ⲉϩⲣⲁⲓ"/>
		<feat xlink:href="#sSpan1856" value="ⲉ"/>
		<feat xlink:href="#sSpan1861" value="ⲃⲏⲇⲥⲁⲓⲇⲁⲛ"/>
		<feat xlink:href="#sSpan1864" value="ⲁⲩⲱ"/>
		<feat xlink:href="#sSpan1868" value="ⲁ"/>
		<feat xlink:href="#sSpan1872" value="ⲩ"/>
		<feat xlink:href="#sSpan1874" value="ⲉⲓⲛⲉ"/>
		<feat xlink:href="#sSpan1876" value="ⲛⲁ"/>
		<feat xlink:href="#sSpan1880" value="ϥ"/>
		<feat xlink:href="#sSpan1882" value="ⲛ"/>
		<feat xlink:href="#sSpan1886" value="ⲟⲩ"/>
		<feat xlink:href="#sSpan1889" value="ⲃⲗⲗⲉ"/>
		<feat xlink:href="#sSpan1891" value="ⲁ"/>
		<feat xlink:href="#sSpan1895" value="ⲩ"/>
		<feat xlink:href="#sSpan1897" value="ⲥⲉⲡⲥⲱⲡ"/>
		<feat xlink:href="#sSpan1899" value="ϥ"/>
		<feat xlink:href="#sSpan1902" value="ⲇⲉ"/>
		<feat xlink:href="#sSpan1906" value="ϫⲉⲕⲁⲁⲥ"/>
		<feat xlink:href="#sSpan1910" value="ⲉϥⲉ"/>
		<feat xlink:href="#sSpan1914" value="ϫⲱϩ"/>
		<feat xlink:href="#sSpan1916" value="ⲉⲣⲟ"/>
		<feat xlink:href="#sSpan1920" value="ϥ"/>
		<feat xlink:href="#sSpan1922" value="ⲛⲧⲉⲣⲉ"/>
		<feat xlink:href="#sSpan1931" value="ϥ"/>
		<feat xlink:href="#sSpan1933" value="ⲁⲙⲁϩⲧⲉ"/>
		<feat xlink:href="#sSpan1935" value="ⲛⲧⲟⲟⲧ"/>
		<feat xlink:href="#sSpan1939" value="ϥ"/>
		<feat xlink:href="#sSpan1941" value="ⲙ"/>
		<feat xlink:href="#sSpan1945" value="ⲡ"/>
		<feat xlink:href="#sSpan1948" value="ⲃⲗⲗⲉ"/>
		<feat xlink:href="#sSpan1950" value="."/>
		<feat xlink:href="#sSpan1954" value="ⲁ"/>
		<feat xlink:href="#sSpan1958" value="ϥ"/>
		<feat xlink:href="#sSpan1960" value="ⲛⲧ"/>
		<feat xlink:href="#sSpan1962" value="ϥ"/>
		<feat xlink:href="#sSpan1964" value="ⲉ"/>
		<feat xlink:href="#sSpan1968" value="ⲡ"/>
		<feat xlink:href="#sSpan1971" value="ⲃⲟⲗ"/>
		<feat xlink:href="#sSpan1973" value="ⲛ"/>
		<feat xlink:href="#sSpan1977" value="ⲧ"/>
		<feat xlink:href="#sSpan1981" value="ⲕⲱⲙⲏ"/>
		<feat xlink:href="#sSpan1983" value="."/>
		<feat xlink:href="#sSpan1987" value="ⲁⲩⲱ"/>
		<feat xlink:href="#sSpan1991" value="ⲛⲧⲉⲣⲉ"/>
		<feat xlink:href="#sSpan1995" value="ϥ"/>
		<feat xlink:href="#sSpan1997" value="ⲛⲉϫ"/>
		<feat xlink:href="#sSpan1999" value="ⲡⲁϭⲥⲉ"/>
		<feat xlink:href="#sSpan2002" value="ⲉϩⲟⲩⲛ"/>
		<feat xlink:href="#sSpan2006" value="ϩⲛ"/>
		<feat xlink:href="#sSpan2010" value="ⲛⲉϥ"/>
		<feat xlink:href="#sSpan2015" value="ⲃⲁⲗ"/>
		<feat xlink:href="#sSpan2017" value="ⲁ"/>
		<feat xlink:href="#sSpan2021" value="ϥ"/>
		<feat xlink:href="#sSpan2023" value="ⲕⲁ"/>
		<feat xlink:href="#sSpan2025" value="ⲧⲟⲟⲧ"/>
		<feat xlink:href="#sSpan2028" value="ϥ"/>
		<feat xlink:href="#sSpan2030" value="ϩⲓϫⲱ"/>
		<feat xlink:href="#sSpan2034" value="ϥ"/>
		<feat xlink:href="#sSpan2036" value="ⲁ"/>
		<feat xlink:href="#sSpan2040" value="ϥ"/>
		<feat xlink:href="#sSpan2042" value="ϫⲛⲟⲩ"/>
		<feat xlink:href="#sSpan2044" value="ϥ"/>
		<feat xlink:href="#sSpan2047" value="ⲇⲉ"/>
		<feat xlink:href="#sSpan2051" value="ϫⲉ"/>
		<feat xlink:href="#sSpan2055" value="ⲉ"/>
		<feat xlink:href="#sSpan2057" value="ⲕ"/>
		<feat xlink:href="#sSpan2059" value="ⲛⲁⲩ"/>
		<feat xlink:href="#sSpan2061" value="ⲉ"/>
		<feat xlink:href="#sSpan2065" value="ⲟⲩ"/>
		<feat xlink:href="#sSpan2067" value="."/>
		<feat xlink:href="#sSpan2071" value="[..]"/>
		<feat xlink:href="#sSpan2079" value="ϥ"/>
		<feat xlink:href="#sSpan2081" value="ϥⲓ"/>
		<feat xlink:href="#sSpan2083" value="ⲓⲁⲧ"/>
		<feat xlink:href="#sSpan2086" value="ϥ"/>
		<feat xlink:href="#sSpan2089" value="ⲇⲉ"/>
		<feat xlink:href="#sSpan2093" value="ⲉϩⲣⲁⲓ"/>
		<feat xlink:href="#sSpan2097" value="ⲡⲉϫⲁ"/>
		<feat xlink:href="#sSpan2101" value="ϥ"/>
		<feat xlink:href="#sSpan2103" value="ϫⲉ"/>
		<feat xlink:href="#sSpan2107" value="ϯ"/>
		<feat xlink:href="#sSpan2109" value="ⲛⲁⲩ"/>
		<feat xlink:href="#sSpan2111" value="ⲉ"/>
		<feat xlink:href="#sSpan2115" value="ⲛ"/>
		<feat xlink:href="#sSpan2118" value="ⲣⲱⲙⲉ"/>
		<feat xlink:href="#sSpan2120" value="ⲉ"/>
		<feat xlink:href="#sSpan2124" value="ⲩ"/>
		<feat xlink:href="#sSpan2126" value="ⲙⲟⲟϣⲉ"/>
		<feat xlink:href="#sSpan2128" value="ⲛ"/>
		<feat xlink:href="#sSpan2132" value="ⲧ"/>
		<feat xlink:href="#sSpan2134" value="ϩⲉ"/>
		<feat xlink:href="#sSpan2136" value="ⲛ"/>
		<feat xlink:href="#sSpan2140" value="ϩⲉⲛ"/>
		<feat xlink:href="#sSpan2143" value="ϣⲏⲛ"/>
		<feat xlink:href="#sSpan2145" value="."/>
		<feat xlink:href="#sSpan2149" value="ⲁ"/>
		<feat xlink:href="#sSpan2158" value="ϥ"/>
		<feat xlink:href="#sSpan2160" value="ⲕⲁ"/>
		<feat xlink:href="#sSpan2162" value="ⲧⲟⲟⲧ"/>
		<feat xlink:href="#sSpan2165" value="ϥ"/>
		<feat xlink:href="#sSpan2167" value="ϩⲓϫⲛ"/>
		<feat xlink:href="#sSpan2171" value="ⲛⲉϥ"/>
		<feat xlink:href="#sSpan2174" value="ⲃⲁⲗ"/>
		<feat xlink:href="#sSpan2176" value="ⲁⲓⲁⲧ"/>
		<feat xlink:href="#sSpan2181" value="ϥ"/>
		<feat xlink:href="#sSpan2183" value="ⲥⲱⲧϥ"/>
		<feat xlink:href="#sSpan2187" value="ⲁ"/>
		<feat xlink:href="#sSpan2191" value="ϥ"/>
		<feat xlink:href="#sSpan2193" value="ⲉⲓⲱⲣϩ"/>
		<feat xlink:href="#sSpan2195" value="ⲁⲩⲱ"/>
		<feat xlink:href="#sSpan2199" value="ⲁ"/>
		<feat xlink:href="#sSpan2203" value="ϥ"/>
		<feat xlink:href="#sSpan2205" value="ⲛⲁⲩ"/>
		<feat xlink:href="#sSpan2207" value="ⲉ"/>
		<feat xlink:href="#sSpan2211" value="ⲛⲕⲁ"/>
		<feat xlink:href="#sSpan2215" value="ⲛⲓⲙ"/>
		<feat xlink:href="#sSpan2220" value="ⲕⲁⲗⲱⲥ"/>
		<feat xlink:href="#sSpan2224" value="."/>
		<feat xlink:href="#sSpan2228" value="ⲁ"/>
		<feat xlink:href="#sSpan2237" value="ϥ"/>
		<feat xlink:href="#sSpan2239" value="ϫⲟⲟⲩ"/>
		<feat xlink:href="#sSpan2241" value="ϥ"/>
		<feat xlink:href="#sSpan2243" value="ⲉϩⲣⲁⲓ"/>
		<feat xlink:href="#sSpan2247" value="ⲉ"/>
		<feat xlink:href="#sSpan2251" value="ⲡⲉϥ"/>
		<feat xlink:href="#sSpan2254" value="ⲏⲉⲓ"/>
		<feat xlink:href="#sSpan2256" value="ⲉ"/>
		<feat xlink:href="#sSpan2260" value="ϥ"/>
		<feat xlink:href="#sSpan2262" value="ϫⲱ"/>
		<feat xlink:href="#sSpan2264" value="ⲙⲙⲟ"/>
		<feat xlink:href="#sSpan2268" value="ⲥ"/>
		<feat xlink:href="#sSpan2270" value="ⲛⲁ"/>
		<feat xlink:href="#sSpan2274" value="ϥ"/>
		<feat xlink:href="#sSpan2276" value="ϫⲉ"/>
		<feat xlink:href="#sSpan2280" value="ⲙⲡⲣ"/>
		<feat xlink:href="#sSpan2282" value="ⲃⲱⲕ"/>
		<feat xlink:href="#sSpan2284" value="ⲣⲱ"/>
		<feat xlink:href="#sSpan2288" value="ⲉϩⲟⲩⲛ"/>
		<feat xlink:href="#sSpan2292" value="ⲉ"/>
		<feat xlink:href="#sSpan2296" value="ⲧ"/>
		<feat xlink:href="#sSpan2300" value="ⲕⲱⲙⲏ"/>
		<feat xlink:href="#sSpan2302" value="."/>
		<feat xlink:href="#sSpan2307" value="ⲓⲏⲥⲟⲩⲥ"/>
		<feat xlink:href="#sSpan2316" value="ⲁ"/>
		<feat xlink:href="#sSpan2320" value="ϥ"/>
		<feat xlink:href="#sSpan2322" value="ⲉⲓ"/>
		<feat xlink:href="#sSpan2325" value="ⲉⲃⲟⲗ"/>
		<feat xlink:href="#sSpan2329" value="ⲙⲛ"/>
		<feat xlink:href="#sSpan2333" value="ⲛⲉϥ"/>
		<feat xlink:href="#sSpan2337" value="ⲙⲁⲑⲏⲧⲏⲥ"/>
		<feat xlink:href="#sSpan2339" value="ⲉ"/>
		<feat xlink:href="#sSpan2343" value="ⲛ"/>
		<feat xlink:href="#sSpan2347" value="ⲕⲱⲙⲏ"/>
		<feat xlink:href="#sSpan2349" value="ⲛ"/>
		<feat xlink:href="#sSpan2353" value="ⲧ"/>
		<feat xlink:href="#sSpan2357" value="ⲕⲉⲥⲁⲣⲓⲁ"/>
		<feat xlink:href="#sSpan2359" value="ⲛⲧⲉ"/>
		<feat xlink:href="#sSpan2364" value="ⲫⲓⲗⲓⲡⲡⲟⲥ"/>
		<feat xlink:href="#sSpan2367" value="."/>
		<feat xlink:href="#sSpan2371" value="ⲁⲩⲱ"/>
		<feat xlink:href="#sSpan2375" value="ⲉ"/>
		<feat xlink:href="#sSpan2379" value="ϥ"/>
		<feat xlink:href="#sSpan2381" value="ϩⲛ"/>
		<feat xlink:href="#sSpan2383" value="ⲧⲉ"/>
		<feat xlink:href="#sSpan2386" value="ϩⲓⲏ"/>
		<feat xlink:href="#sSpan2388" value="ⲁ"/>
		<feat xlink:href="#sSpan2392" value="ϥ"/>
		<feat xlink:href="#sSpan2394" value="ϫⲛⲟⲩ"/>
		<feat xlink:href="#sSpan2396" value="ⲛⲉϥ"/>
		<feat xlink:href="#sSpan2402" value="ⲙⲁⲑⲏⲧⲏⲥ"/>
		<feat xlink:href="#sSpan2404" value="ⲉ"/>
		<feat xlink:href="#sSpan2408" value="ϥ"/>
		<feat xlink:href="#sSpan2410" value="ϫⲱ"/>
		<feat xlink:href="#sSpan2412" value="ⲙⲙⲟ"/>
		<feat xlink:href="#sSpan2416" value="ⲥ"/>
		<feat xlink:href="#sSpan2418" value="ⲛⲁ"/>
		<feat xlink:href="#sSpan2422" value="ⲩ"/>
		<feat xlink:href="#sSpan2424" value="."/>
		<feat xlink:href="#sSpan2428" value="ϫⲉ"/>
		<feat xlink:href="#sSpan2432" value="ⲉⲣⲉ"/>
		<feat xlink:href="#sSpan2434" value="ⲣ"/>
		<feat xlink:href="#sSpan2437" value="ⲣⲱⲙⲉ"/>
		<feat xlink:href="#sSpan2439" value="ϫⲱ"/>
		<feat xlink:href="#sSpan2443" value="ⲙⲙⲟ"/>
		<feat xlink:href="#sSpan2447" value="ⲥ"/>
		<feat xlink:href="#sSpan2449" value="ⲉⲣⲟ"/>
		<feat xlink:href="#sSpan2453" value="ⲉⲓ"/>
		<feat xlink:href="#sSpan2455" value="ϫⲉ"/>
		<feat xlink:href="#sSpan2459" value="ⲁⲛⲅ"/>
		<feat xlink:href="#sSpan2461" value="ⲛⲓⲙ"/>
		<feat xlink:href="#sSpan2463" value="."/>
		<feat xlink:href="#sSpan2467" value="[..]"/>
		<feat xlink:href="#sSpan2477" value="ⲇⲉ"/>
		<feat xlink:href="#sSpan2481" value="ⲡⲉϫⲁ"/>
		<feat xlink:href="#sSpan2485" value="ⲩ"/>
		<feat xlink:href="#sSpan2487" value="ⲛⲁ"/>
		<feat xlink:href="#sSpan2491" value="ϥ"/>
		<feat xlink:href="#sSpan2493" value="ϫⲉ"/>
		<feat xlink:href="#sSpan2497" value="ϩⲟⲓⲛⲉ"/>
		<feat xlink:href="#sSpan2500" value="ϫⲉ"/>
		<feat xlink:href="#sSpan2505" value="ⲓⲱϩⲁⲛⲛⲏⲥ"/>
		<feat xlink:href="#sSpan2508" value="ⲡⲉ"/>
		<feat xlink:href="#sSpan2512" value="ⲡ"/>
		<feat xlink:href="#sSpan2517" value="ⲃⲁⲡⲧⲓⲥⲧⲏⲥ"/>
		<feat xlink:href="#sSpan2519" value="."/>
		<feat xlink:href="#sSpan2523" value="ϩⲉⲛ"/>
		<feat xlink:href="#sSpan2528" value="ⲕⲟⲟⲩⲉ"/>
		<feat xlink:href="#sSpan2530" value="ϫⲉ"/>
		<feat xlink:href="#sSpan2535" value="ϩⲏⲗⲉⲓⲁⲥ"/>
		<feat xlink:href="#sSpan2538" value="ⲡⲉ"/>
		<feat xlink:href="#sSpan2542" value="."/>
		<feat xlink:href="#sSpan2546" value="ϩⲉⲛ"/>
		<feat xlink:href="#sSpan2551" value="ⲕⲟⲟⲩⲉ"/>
		<feat xlink:href="#sSpan2554" value="ⲇⲉ"/>
		<feat xlink:href="#sSpan2558" value="ϫⲉ"/>
		<feat xlink:href="#sSpan2562" value="ⲟⲩⲁ"/>
		<feat xlink:href="#sSpan2565" value="ⲡⲉ"/>
		<feat xlink:href="#sSpan2569" value="ⲛ"/>
		<feat xlink:href="#sSpan2573" value="ⲛⲉ"/>
		<feat xlink:href="#sSpan2577" value="ⲡⲣⲟⲫⲏⲧⲏⲥ"/>
		<feat xlink:href="#sSpan2579" value="."/>
		<feat xlink:href="#sSpan2583" value="[..]"/>
		<feat xlink:href="#sSpan2593" value="ⲇⲉ"/>
		<feat xlink:href="#sSpan2597" value="ⲁ"/>
		<feat xlink:href="#sSpan2601" value="ϥ"/>
		<feat xlink:href="#sSpan2603" value="ϫⲛⲟⲩ"/>
		<feat xlink:href="#sSpan2605" value="ⲟⲩ"/>
		<feat xlink:href="#sSpan2607" value="ϫⲉ"/>
		<feat xlink:href="#sSpan2611" value="ⲛⲧⲱⲧⲛ"/>
		<feat xlink:href="#sSpan2614" value="ⲇⲉ"/>
		<feat xlink:href="#sSpan2618" value="ⲉ"/>
		<feat xlink:href="#sSpan2622" value="ⲧⲉⲧⲛ"/>
		<feat xlink:href="#sSpan2624" value="ϫⲱ"/>
		<feat xlink:href="#sSpan2626" value="ⲙⲙⲟ"/>
		<feat xlink:href="#sSpan2630" value="ⲥ"/>
		<feat xlink:href="#sSpan2632" value="ⲉⲣⲟ"/>
		<feat xlink:href="#sSpan2636" value="ⲉⲓ"/>
		<feat xlink:href="#sSpan2638" value="ϫⲉ"/>
		<feat xlink:href="#sSpan2642" value="ⲁⲛⲅ"/>
		<feat xlink:href="#sSpan2644" value="ⲛⲓⲙ"/>
		<feat xlink:href="#sSpan2646" value="."/>
		<feat xlink:href="#sSpan2650" value="ⲁ"/>
		<feat xlink:href="#sSpan2654" value="ϥ"/>
		<feat xlink:href="#sSpan2656" value="ⲟⲩⲱϣⲃ"/>
		<feat xlink:href="#sSpan2659" value="ⲇⲉ"/>
		<feat xlink:href="#sSpan2663" value="ⲛϭⲓ"/>
		<feat xlink:href="#sSpan2668" value="ⲡⲉⲧⲣⲟⲥ"/>
		<feat xlink:href="#sSpan2671" value="ⲉ"/>
		<feat xlink:href="#sSpan2675" value="ϥ"/>
		<feat xlink:href="#sSpan2677" value="ϫⲱ"/>
		<feat xlink:href="#sSpan2679" value="ⲙⲙⲟ"/>
		<feat xlink:href="#sSpan2683" value="ⲥ"/>
		<feat xlink:href="#sSpan2685" value="ⲛⲁ"/>
		<feat xlink:href="#sSpan2689" value="ϥ"/>
		<feat xlink:href="#sSpan2691" value="ϫⲉ"/>
		<feat xlink:href="#sSpan2695" value="ⲛⲧⲟⲕ"/>
		<feat xlink:href="#sSpan2697" value="ⲡⲉ"/>
		<feat xlink:href="#sSpan2701" value="ⲡⲉ"/>
		<feat xlink:href="#sSpan2707" value="ⲭⲣⲓⲥⲧⲟⲥ"/>
		<feat xlink:href="#sSpan2709" value="ⲁ"/>
		<feat xlink:href="#sSpan2717" value="ϥ"/>
		<feat xlink:href="#sSpan2720" value="ⲉⲡⲓⲧⲓⲙⲁ"/>
		<feat xlink:href="#sSpan2722" value="ⲛⲁ"/>
		<feat xlink:href="#sSpan2726" value="ⲩ"/>
		<feat xlink:href="#sSpan2728" value="ϫⲉⲕⲁⲁⲥ"/>
		<feat xlink:href="#sSpan2732" value="ⲛⲛⲉ"/>
		<feat xlink:href="#sSpan2736" value="ⲩ"/>
		<feat xlink:href="#sSpan2738" value="ϫⲟⲟ"/>
		<feat xlink:href="#sSpan2740" value="ⲥ"/>
		<feat xlink:href="#sSpan2742" value="ⲗ"/>
		<feat xlink:href="#sSpan2746" value="ⲗⲁⲁⲩ"/>
		<feat xlink:href="#sSpan2749" value="ⲉⲧⲃⲏⲏⲧ"/>
		<feat xlink:href="#sSpan2753" value="ϥ"/>
		<feat xlink:href="#sSpan2755" value="."/>
		<feat xlink:href="#sSpan2759" value="ⲁ"/>
		<feat xlink:href="#sSpan2768" value="ϥ"/>
		<feat xlink:href="#sSpan2771" value="ⲁⲣⲭⲓ"/>
		<feat xlink:href="#sSpan2773" value="ⲛ"/>
		<feat xlink:href="#sSpan2777" value="ⲧⲟⲩⲛ"/>
		<feat xlink:href="#sSpan2779" value="ⲉⲓⲁⲧ"/>
		<feat xlink:href="#sSpan2782" value="ⲟⲩ"/>
		<feat xlink:href="#sSpan2784" value="ⲉⲃⲟⲗ"/>
		<feat xlink:href="#sSpan2789" value="ϫⲉ"/>
		<feat xlink:href="#sSpan2793" value="ⲡ"/>
		<feat xlink:href="#sSpan2796" value="ϣⲏⲣⲉ"/>
		<feat xlink:href="#sSpan2798" value="ⲙ"/>
		<feat xlink:href="#sSpan2802" value="ⲡ"/>
		<feat xlink:href="#sSpan2804" value="ⲣⲱⲙⲉ"/>
		<feat xlink:href="#sSpan2806" value="ⲉ"/>
		<feat xlink:href="#sSpan2810" value="ϥ"/>
		<feat xlink:href="#sSpan2812" value="ⲛⲁ"/>
		<feat xlink:href="#sSpan2814" value="ϫⲡⲓ"/>
		<feat xlink:href="#sSpan2816" value="ϣⲉⲡ"/>
		<feat xlink:href="#sSpan2818" value="ϩⲁϩ"/>
		<feat xlink:href="#sSpan2823" value="ⲛ"/>
		<feat xlink:href="#sSpan2827" value="ϩⲓⲥⲉ"/>
		<feat xlink:href="#sSpan2829" value="ⲛ"/>
		<feat xlink:href="#sSpan2833" value="ⲥⲉ"/>
		<feat xlink:href="#sSpan2835" value="ⲥⲧⲟ"/>
		<feat xlink:href="#sSpan2837" value="ϥ"/>
		<feat xlink:href="#sSpan2839" value="ⲉⲃⲟⲗ"/>
		<feat xlink:href="#sSpan2843" value="ⲛϭⲓ"/>
		<feat xlink:href="#sSpan2847" value="ⲛⲉ"/>
		<feat xlink:href="#sSpan2851" value="ⲡⲣⲉⲥⲃⲩⲧⲉⲣⲟⲥ"/>
		<feat xlink:href="#sSpan2853" value="ⲙⲛ"/>
		<feat xlink:href="#sSpan2857" value="ⲛ"/>
		<feat xlink:href="#sSpan2861" value="ⲁⲣⲭⲓⲉⲣⲉⲩⲥ"/>
		<feat xlink:href="#sSpan2863" value="ⲙⲛ"/>
		<feat xlink:href="#sSpan2867" value="ⲛⲉ"/>
		<feat xlink:href="#sSpan2871" value="ⲅⲣⲁⲙⲙⲁⲧⲉⲩⲥ"/>
		<feat xlink:href="#sSpan2873" value="."/>
		<feat xlink:href="#sSpan2877" value="ⲛ"/>
		<feat xlink:href="#sSpan2881" value="ⲥⲉ"/>
		<feat xlink:href="#sSpan2883" value="ⲙⲟⲟⲩⲧ"/>
		<feat xlink:href="#sSpan2885" value="ϥ"/>
		<feat xlink:href="#sSpan2887" value="."/>
		<feat xlink:href="#sSpan2891" value="ⲁⲩⲱ"/>
		<feat xlink:href="#sSpan2895" value="ⲙⲛⲛⲥⲁ"/>
		<feat xlink:href="#sSpan2899" value="ϣⲟⲙⲛⲧ"/>
		<feat xlink:href="#sSpan2902" value="ⲛ"/>
		<feat xlink:href="#sSpan2906" value="ϩⲟⲟⲩ"/>
		<feat xlink:href="#sSpan2908" value="ⲛ"/>
		<feat xlink:href="#sSpan2912" value="ϥ"/>
		<feat xlink:href="#sSpan2914" value="ⲧⲱⲟⲩⲛ"/>
		<feat xlink:href="#sSpan2916" value="."/>
		<feat xlink:href="#sSpan2920" value="ϩⲛ"/>
		<feat xlink:href="#sSpan2929" value="ⲟⲩ"/>
		<feat xlink:href="#sSpan2933" value="ⲡⲁⲣⲣⲏⲥⲓⲁ"/>
		<feat xlink:href="#sSpan2935" value="ⲛⲉ"/>
		<feat xlink:href="#sSpan2939" value="ϥ"/>
		<feat xlink:href="#sSpan2941" value="ϫⲱ"/>
		<feat xlink:href="#sSpan2943" value="ⲙ"/>
		<feat xlink:href="#sSpan2947" value="ⲡ"/>
		<feat xlink:href="#sSpan2950" value="ϣⲁϫⲉ"/>
		<feat xlink:href="#sSpan2953" value="ⲡⲉⲧⲣⲟⲥ"/>
		<feat xlink:href="#sSpan2959" value="ⲇⲉ"/>
		<feat xlink:href="#sSpan2963" value="ⲁ"/>
		<feat xlink:href="#sSpan2967" value="ϥ"/>
		<feat xlink:href="#sSpan2969" value="ϯ"/>
		<feat xlink:href="#sSpan2972" value="ⲡⲉϥ"/>
		<feat xlink:href="#sSpan2974" value="ⲟⲩⲟⲓ"/>
		<feat xlink:href="#sSpan2976" value="ⲉϩⲟⲩⲛ"/>
		<feat xlink:href="#sSpan2980" value="ⲉⲣⲟ"/>
		<feat xlink:href="#sSpan2984" value="ϥ"/>
		<feat xlink:href="#sSpan2986" value="ⲁ"/>
		<feat xlink:href="#sSpan2990" value="ϥ"/>
		<feat xlink:href="#sSpan2993" value="ⲁⲣⲭⲉⲓ"/>
		<feat xlink:href="#sSpan2995" value="ⲛ"/>
		<feat xlink:href="#sSpan3000" value="ⲉⲡⲓⲧⲓⲙⲁ"/>
		<feat xlink:href="#sSpan3002" value="ⲛⲁ"/>
		<feat xlink:href="#sSpan3006" value="ϥ"/>
		<feat xlink:href="#sSpan3008" value="."/>
		<feat xlink:href="#sSpan3012" value="[..]"/>
		<feat xlink:href="#sSpan3022" value="ⲇⲉ"/>
		<feat xlink:href="#sSpan3026" value="ⲛⲧⲉⲣⲉ"/>
		<feat xlink:href="#sSpan3030" value="ϥ"/>
		<feat xlink:href="#sSpan3032" value="ⲕⲧⲟ"/>
		<feat xlink:href="#sSpan3034" value="ϥ"/>
		<feat xlink:href="#sSpan3036" value="ⲁⲩⲱ"/>
		<feat xlink:href="#sSpan3040" value="ⲁ"/>
		<feat xlink:href="#sSpan3044" value="ϥ"/>
		<feat xlink:href="#sSpan3046" value="ⲛⲁⲩ"/>
		<feat xlink:href="#sSpan3048" value="ⲉ"/>
		<feat xlink:href="#sSpan3052" value="ⲛⲉϥ"/>
		<feat xlink:href="#sSpan3056" value="ⲙⲁⲑⲏⲧⲏⲥ"/>
		<feat xlink:href="#sSpan3058" value="ⲁ"/>
		<feat xlink:href="#sSpan3062" value="ϥ"/>
		<feat xlink:href="#sSpan3065" value="ⲉⲡⲓⲧⲓⲙⲁ"/>
		<feat xlink:href="#sSpan3067" value="ⲙ"/>
		<feat xlink:href="#sSpan3072" value="ⲡⲉⲧⲣⲟⲥ"/>
		<feat xlink:href="#sSpan3075" value="ⲉ"/>
		<feat xlink:href="#sSpan3079" value="ϥ"/>
		<feat xlink:href="#sSpan3081" value="ϫⲱ"/>
		<feat xlink:href="#sSpan3083" value="ⲙⲙⲟ"/>
		<feat xlink:href="#sSpan3087" value="ⲥ"/>
		<feat xlink:href="#sSpan3089" value="ⲛⲁ"/>
		<feat xlink:href="#sSpan3093" value="ϥ"/>
		<feat xlink:href="#sSpan3095" value="."/>
		<feat xlink:href="#sSpan3099" value="ϫⲉ"/>
		<feat xlink:href="#sSpan3103" value="ⲃⲱⲕ"/>
		<feat xlink:href="#sSpan3106" value="ⲉ"/>
		<feat xlink:href="#sSpan3110" value="ⲡⲁϩⲟⲩ"/>
		<feat xlink:href="#sSpan3113" value="ⲙⲙⲟ"/>
		<feat xlink:href="#sSpan3117" value="ⲓ"/>
		<feat xlink:href="#sSpan3119" value="ⲡ"/>
		<feat xlink:href="#sSpan3125" value="ⲥⲁⲧⲁⲛⲁⲥ"/>
		<feat xlink:href="#sSpan3127" value="ⲉⲃⲟⲗ"/>
		<feat xlink:href="#sSpan3132" value="ϫⲉ"/>
		<feat xlink:href="#sSpan3136" value="ⲛ"/>
		<feat xlink:href="#sSpan3138" value="ⲅ"/>
		<feat xlink:href="#sSpan3140" value="ⲙⲉⲉⲩⲉ"/>
		<feat xlink:href="#sSpan3142" value="ⲁⲛ"/>
		<feat xlink:href="#sSpan3146" value="ⲉ"/>
		<feat xlink:href="#sSpan3150" value="ⲛⲁ"/>
		<feat xlink:href="#sSpan3153" value="ⲡ"/>
		<feat xlink:href="#sSpan3156" value="ⲛⲟⲩⲧⲉ"/>
		<feat xlink:href="#sSpan3159" value="ⲁⲗⲗⲁ"/>
		<feat xlink:href="#sSpan3163" value="ⲉ"/>
		<feat xlink:href="#sSpan3167" value="ⲛⲁ"/>
		<feat xlink:href="#sSpan3170" value="ⲛ"/>
		<feat xlink:href="#sSpan3172" value="ⲣ"/>
		<feat xlink:href="#sSpan3175" value="ⲣⲱⲙⲉ"/>
		<feat xlink:href="#sSpan3177" value="."/>
		<feat xlink:href="#sSpan3181" value="ⲛⲧⲉⲣⲉ"/>
		<feat xlink:href="#sSpan3190" value="ϥ"/>
		<feat xlink:href="#sSpan3192" value="ⲙⲟⲩⲧⲉ"/>
		<feat xlink:href="#sSpan3194" value="ⲉ"/>
		<feat xlink:href="#sSpan3198" value="ⲡ"/>
		<feat xlink:href="#sSpan3201" value="ⲙⲏⲏϣⲉ"/>
		<feat xlink:href="#sSpan3203" value="ⲙⲛ"/>
		<feat xlink:href="#sSpan3207" value="ⲛⲉϥ"/>
		<feat xlink:href="#sSpan3211" value="ⲙⲁⲑⲏⲧⲏⲥ"/>
		<feat xlink:href="#sSpan3213" value="ⲡⲉϫⲁ"/>
		<feat xlink:href="#sSpan3217" value="ϥ"/>
		<feat xlink:href="#sSpan3219" value="ⲛⲁ"/>
		<feat xlink:href="#sSpan3223" value="ⲩ"/>
		<feat xlink:href="#sSpan3225" value="ϫⲉ"/>
		<feat xlink:href="#sSpan3229" value="ⲡ"/>
		<feat xlink:href="#sSpan3232" value="ⲉⲧ"/>
		<feat xlink:href="#sSpan3234" value="ⲟⲩⲱϣ"/>
		<feat xlink:href="#sSpan3236" value="ⲉ"/>
		<feat xlink:href="#sSpan3240" value="ⲟⲩⲁϩ"/>
		<feat xlink:href="#sSpan3242" value="ϥ"/>
		<feat xlink:href="#sSpan3244" value="ⲛⲥⲱ"/>
		<feat xlink:href="#sSpan3248" value="ⲓ"/>
		<feat xlink:href="#sSpan3250" value="ⲙⲁⲣⲉ"/>
		<feat xlink:href="#sSpan3254" value="ϥ"/>
		<feat xlink:href="#sSpan3257" value="ⲁⲣⲛⲁ"/>
		<feat xlink:href="#sSpan3259" value="ⲙⲙⲟ"/>
		<feat xlink:href="#sSpan3263" value="ϥ"/>
		<feat xlink:href="#sSpan3265" value="ⲛ"/>
		<feat xlink:href="#sSpan3269" value="ϥ"/>
		<feat xlink:href="#sSpan3271" value="ϥⲓ"/>
		<feat xlink:href="#sSpan3273" value="ⲙ"/>
		<feat xlink:href="#sSpan3277" value="ⲡⲉϥ"/>
		<feat xlink:href="#sSpan3281" value="ⲥⲧⲁⲩⲣⲟⲥ"/>
		<feat xlink:href="#sSpan3283" value="ⲛ"/>
		<feat xlink:href="#sSpan3287" value="ϥ"/>
		<feat xlink:href="#sSpan3289" value="ⲟⲩⲁϩ"/>
		<feat xlink:href="#sSpan3291" value="ϥ"/>
		<feat xlink:href="#sSpan3293" value="ⲛⲥⲱ"/>
		<feat xlink:href="#sSpan3297" value="ⲉⲓ"/>
		<feat xlink:href="#sSpan3299" value="[..]"/>
		<feat xlink:href="#sSpan3309" value="ⲉⲧ"/>
		<feat xlink:href="#sSpan3311" value="ⲛⲁ"/>
		<feat xlink:href="#sSpan3313" value="ⲟⲩⲱϣ"/>
		<feat xlink:href="#sSpan3316" value="ⲅⲁⲣ"/>
		<feat xlink:href="#sSpan3320" value="ⲉ"/>
		<feat xlink:href="#sSpan3324" value="ⲛⲁϩⲙ"/>
		<feat xlink:href="#sSpan3326" value="ⲧⲉϥ"/>
		<feat xlink:href="#sSpan3332" value="ⲯⲩⲭⲏ"/>
		<feat xlink:href="#sSpan3334" value="ϥ"/>
		<feat xlink:href="#sSpan3338" value="ⲛⲁ"/>
		<feat xlink:href="#sSpan3340" value="ⲥⲟⲣⲙ"/>
		<feat xlink:href="#sSpan3342" value="ⲉⲥ"/>
		<feat xlink:href="#sSpan3344" value="."/>
		<feat xlink:href="#sSpan3348" value="ⲡ"/>
		<feat xlink:href="#sSpan3353" value="ⲉⲧ"/>
		<feat xlink:href="#sSpan3355" value="ⲛⲁ"/>
		<feat xlink:href="#sSpan3357" value="ⲥⲱⲣⲙ"/>
		<feat xlink:href="#sSpan3360" value="ⲇⲉ"/>
		<feat xlink:href="#sSpan3364" value="ⲛ"/>
		<feat xlink:href="#sSpan3368" value="ⲧⲉϥ"/>
		<feat xlink:href="#sSpan3372" value="ⲯⲩⲭⲏ"/>
		<feat xlink:href="#sSpan3374" value="ⲉⲧⲃⲏⲏⲧ"/>
		<feat xlink:href="#sSpan3378" value="ⲙⲛ"/>
		<feat xlink:href="#sSpan3382" value="ⲡ"/>
		<feat xlink:href="#sSpan3386" value="ⲉⲩⲁⲅⲅⲉⲗⲓⲟⲛ"/>
		<feat xlink:href="#sSpan3388" value="ϥ"/>
		<feat xlink:href="#sSpan3392" value="ⲛⲁ"/>
		<feat xlink:href="#sSpan3394" value="ⲧⲟⲩϫⲟ"/>
		<feat xlink:href="#sSpan3396" value="ⲥ"/>
		<feat xlink:href="#sSpan3398" value="."/>
		<feat xlink:href="#sSpan3402" value="ⲟⲩ"/>
		<feat xlink:href="#sSpan3412" value="ⲅⲁⲣ"/>
		<feat xlink:href="#sSpan3416" value="ⲉⲧ"/>
		<feat xlink:href="#sSpan3420" value="ⲛⲁ"/>
		<feat xlink:href="#sSpan3423" value="ϯϩⲏⲩ"/>
		<feat xlink:href="#sSpan3426" value="ⲙ"/>
		<feat xlink:href="#sSpan3430" value="ⲡ"/>
		<feat xlink:href="#sSpan3433" value="ⲣⲱⲙⲉ"/>
		<feat xlink:href="#sSpan3435" value="ⲉ"/>
		<feat xlink:href="#sSpan3439" value="ⲧⲣⲉ"/>
		<feat xlink:href="#sSpan3441" value="ϥ"/>
		<feat xlink:href="#sSpan3443" value="ϫⲡⲉ"/>
		<feat xlink:href="#sSpan3445" value="ⲡ"/>
		<feat xlink:href="#sSpan3449" value="ⲕⲟⲥⲙⲟⲥ"/>
		<feat xlink:href="#sSpan3451" value="ⲧⲏⲣ"/>
		<feat xlink:href="#sSpan3455" value="ϥ"/>
		<feat xlink:href="#sSpan3457" value="ⲁⲩⲱ"/>
		<feat xlink:href="#sSpan3461" value="ⲛ"/>
		<feat xlink:href="#sSpan3465" value="ϥ"/>
		<feat xlink:href="#sSpan3468" value="ϯⲟⲥⲉ"/>
		<feat xlink:href="#sSpan3471" value="ⲛ"/>
		<feat xlink:href="#sSpan3475" value="ⲧⲉϥ"/>
		<feat xlink:href="#sSpan3479" value="ⲯⲩⲭⲏ"/>
		<feat xlink:href="#sSpan3481" value="."/>
		<feat xlink:href="#sSpan3485" value="ⲟⲩ"/>
		<feat xlink:href="#sSpan3494" value="ⲡ"/>
		<feat xlink:href="#sSpan3498" value="ⲉⲧⲉⲣⲉ"/>
		<feat xlink:href="#sSpan3500" value="ⲡ"/>
		<feat xlink:href="#sSpan3505" value="ⲣⲱⲙⲉ"/>
		<feat xlink:href="#sSpan3507" value="ⲛⲁ"/>
		<feat xlink:href="#sSpan3511" value="ⲧⲁⲁ"/>
		<feat xlink:href="#sSpan3513" value="ϥ"/>
		<feat xlink:href="#sSpan3515" value="ⲛ"/>
		<feat xlink:href="#sSpan3519" value="ϣⲃⲃⲓⲱ"/>
		<feat xlink:href="#sSpan3522" value="ϩⲁ"/>
		<feat xlink:href="#sSpan3526" value="ⲧⲉϥ"/>
		<feat xlink:href="#sSpan3530" value="ⲯⲩⲭⲏ"/>
		<feat xlink:href="#sSpan3532" value="."/>
		<feat xlink:href="#sSpan3536" value="[..]"/>
		<feat xlink:href="#sSpan3545" value="ⲉⲧ"/>
		<feat xlink:href="#sSpan3547" value="ⲛⲁ"/>
		<feat xlink:href="#sSpan3550" value="ϯϣⲓⲡⲉ"/>
		<feat xlink:href="#sSpan3554" value="ⲅⲁⲣ"/>
		<feat xlink:href="#sSpan3558" value="ⲛⲁ"/>
		<feat xlink:href="#sSpan3562" value="ⲓ"/>
		<feat xlink:href="#sSpan3564" value="ⲙⲛ"/>
		<feat xlink:href="#sSpan3568" value="ⲛ"/>
		<feat xlink:href="#sSpan3571" value="ⲉⲧⲉ"/>
		<feat xlink:href="#sSpan3573" value="ⲛⲟⲩⲓ"/>
		<feat xlink:href="#sSpan3575" value="ⲛⲉ"/>
		<feat xlink:href="#sSpan3579" value="ϩⲛ"/>
		<feat xlink:href="#sSpan3583" value="ⲧⲉⲓ"/>
		<feat xlink:href="#sSpan3587" value="ⲅⲉⲛⲉⲁ"/>
		<feat xlink:href="#sSpan3589" value="ⲛ"/>
		<feat xlink:href="#sSpan3593" value="ⲛⲟⲉⲓⲕ"/>
		<feat xlink:href="#sSpan3595" value="."/>
		<feat xlink:href="#sSpan3599" value="ⲁⲩⲱ"/>
		<feat xlink:href="#sSpan3603" value="ⲛ"/>
		<feat xlink:href="#sSpan3608" value="ⲣⲉϥⲣⲛⲟⲃⲉ"/>
		<feat xlink:href="#sSpan3612" value="."/>
		<feat xlink:href="#sSpan3616" value="ⲡ"/>
		<feat xlink:href="#sSpan3621" value="ϣⲏⲣⲉ"/>
		<feat xlink:href="#sSpan3623" value="ϩⲱⲱ"/>
		<feat xlink:href="#sSpan3627" value="ϥ"/>
		<feat xlink:href="#sSpan3629" value="ⲙ"/>
		<feat xlink:href="#sSpan3633" value="ⲡ"/>
		<feat xlink:href="#sSpan3636" value="ⲣⲱⲙⲉ"/>
		<feat xlink:href="#sSpan3638" value="ⲛⲁ"/>
		<feat xlink:href="#sSpan3643" value="ϯϣⲓⲡⲉ"/>
		<feat xlink:href="#sSpan3646" value="ⲛⲁ"/>
		<feat xlink:href="#sSpan3650" value="ϥ"/>
		<feat xlink:href="#sSpan3652" value="ⲉϥϣⲁⲛ"/>
		<feat xlink:href="#sSpan3656" value="ⲉⲓ"/>
		<feat xlink:href="#sSpan3658" value="ϩⲙ"/>
		<feat xlink:href="#sSpan3662" value="ⲡ"/>
		<feat xlink:href="#sSpan3665" value="ⲉⲟⲟⲩ"/>
		<feat xlink:href="#sSpan3667" value="ⲙ"/>
		<feat xlink:href="#sSpan3671" value="ⲡⲉϥ"/>
		<feat xlink:href="#sSpan3674" value="ⲉⲓⲱⲧ"/>
		<feat xlink:href="#sSpan3676" value="ⲙⲛ"/>
		<feat xlink:href="#sSpan3680" value="ⲛ"/>
		<feat xlink:href="#sSpan3684" value="ⲁⲅⲅⲉⲗⲟⲥ"/>
		<feat xlink:href="#sSpan3686" value="ⲉⲧ"/>
		<feat xlink:href="#sSpan3690" value="ⲟⲩⲁⲁⲃ"/></featList></paula>