<?xml version='1.0' encoding='UTF-8'?><!DOCTYPE paula SYSTEM "paula_feat.dtd">
<paula version="1.1">
	<header paula_id="scriptorium.Mark_08.mark_lang"/>
	<featList xmlns:xlink="http://www.w3.org/1999/xlink" type="lang" xml:base="scriptorium.Mark_08.mark.xml">
		<feat xlink:href="#sSpan88" value="Greek"/>
		<feat xlink:href="#sSpan130" value="Greek"/>
		<feat xlink:href="#sSpan150" value="Greek"/>
		<feat xlink:href="#sSpan275" value="Greek"/>
		<feat xlink:href="#sSpan293" value="Greek"/>
		<feat xlink:href="#sSpan392" value="Greek"/>
		<feat xlink:href="#sSpan470" value="Greek"/>
		<feat xlink:href="#sSpan537" value="Greek"/>
		<feat xlink:href="#sSpan609" value="Greek"/>
		<feat xlink:href="#sSpan628" value="Greek"/>
		<feat xlink:href="#sSpan683" value="Greek"/>
		<feat xlink:href="#sSpan772" value="Greek"/>
		<feat xlink:href="#sSpan814" value="Greek"/>
		<feat xlink:href="#sSpan843" value="Greek"/>
		<feat xlink:href="#sSpan873" value="Greek"/>
		<feat xlink:href="#sSpan905" value="Greek"/>
		<feat xlink:href="#sSpan914" value="Greek"/>
		<feat xlink:href="#sSpan977" value="Greek"/>
		<feat xlink:href="#sSpan1012" value="Greek"/>
		<feat xlink:href="#sSpan1037" value="Greek"/>
		<feat xlink:href="#sSpan1054" value="Hebrew"/>
		<feat xlink:href="#sSpan1100" value="Greek"/>
		<feat xlink:href="#sSpan1312" value="Greek"/>
		<feat xlink:href="#sSpan1328" value="Greek"/>
		<feat xlink:href="#sSpan1387" value="Greek"/>
		<feat xlink:href="#sSpan1446" value="Greek"/>
		<feat xlink:href="#sSpan1453" value="Greek"/>
		<feat xlink:href="#sSpan1822" value="Greek"/>
		<feat xlink:href="#sSpan1846" value="Greek"/>
		<feat xlink:href="#sSpan1859" value="Aramaic"/>
		<feat xlink:href="#sSpan1900" value="Greek"/>
		<feat xlink:href="#sSpan1979" value="Greek"/>
		<feat xlink:href="#sSpan2045" value="Greek"/>
		<feat xlink:href="#sSpan2087" value="Greek"/>
		<feat xlink:href="#sSpan2218" value="Greek"/>
		<feat xlink:href="#sSpan2298" value="Greek"/>
		<feat xlink:href="#sSpan2305" value="Hebrew"/>
		<feat xlink:href="#sSpan2335" value="Greek"/>
		<feat xlink:href="#sSpan2345" value="Greek"/>
		<feat xlink:href="#sSpan2355" value="Latin"/>
		<feat xlink:href="#sSpan2362" value="Greek"/>
		<feat xlink:href="#sSpan2400" value="Greek"/>
		<feat xlink:href="#sSpan2475" value="Greek"/>
		<feat xlink:href="#sSpan2503" value="Hebrew"/>
		<feat xlink:href="#sSpan2515" value="Greek"/>
		<feat xlink:href="#sSpan2533" value="Hebrew"/>
		<feat xlink:href="#sSpan2552" value="Greek"/>
		<feat xlink:href="#sSpan2575" value="Greek"/>
		<feat xlink:href="#sSpan2591" value="Greek"/>
		<feat xlink:href="#sSpan2612" value="Greek"/>
		<feat xlink:href="#sSpan2657" value="Greek"/>
		<feat xlink:href="#sSpan2666" value="Greek"/>
		<feat xlink:href="#sSpan2705" value="Greek"/>
		<feat xlink:href="#sSpan2718" value="Greek"/>
		<feat xlink:href="#sSpan2769" value="Greek"/>
		<feat xlink:href="#sSpan2849" value="Greek"/>
		<feat xlink:href="#sSpan2859" value="Greek"/>
		<feat xlink:href="#sSpan2869" value="Greek"/>
		<feat xlink:href="#sSpan2931" value="Greek"/>
		<feat xlink:href="#sSpan2951" value="Greek"/>
		<feat xlink:href="#sSpan2957" value="Greek"/>
		<feat xlink:href="#sSpan2991" value="Greek"/>
		<feat xlink:href="#sSpan2998" value="Greek"/>
		<feat xlink:href="#sSpan3020" value="Greek"/>
		<feat xlink:href="#sSpan3054" value="Greek"/>
		<feat xlink:href="#sSpan3063" value="Greek"/>
		<feat xlink:href="#sSpan3070" value="Greek"/>
		<feat xlink:href="#sSpan3123" value="Hebrew"/>
		<feat xlink:href="#sSpan3157" value="Greek"/>
		<feat xlink:href="#sSpan3209" value="Greek"/>
		<feat xlink:href="#sSpan3255" value="Greek"/>
		<feat xlink:href="#sSpan3279" value="Greek"/>
		<feat xlink:href="#sSpan3314" value="Greek"/>
		<feat xlink:href="#sSpan3330" value="Greek"/>
		<feat xlink:href="#sSpan3358" value="Greek"/>
		<feat xlink:href="#sSpan3370" value="Greek"/>
		<feat xlink:href="#sSpan3384" value="Greek"/>
		<feat xlink:href="#sSpan3410" value="Greek"/>
		<feat xlink:href="#sSpan3447" value="Greek"/>
		<feat xlink:href="#sSpan3477" value="Greek"/>
		<feat xlink:href="#sSpan3528" value="Greek"/>
		<feat xlink:href="#sSpan3552" value="Greek"/>
		<feat xlink:href="#sSpan3585" value="Greek"/>
		<feat xlink:href="#sSpan3682" value="Greek"/></featList></paula>