<?xml version='1.0' encoding='UTF-8'?><!DOCTYPE paula SYSTEM "paula_feat.dtd">
<paula version="1.1">
	<header paula_id="scriptorium.Mark_08.mark_sbl_greek"/>
	<featList xmlns:xlink="http://www.w3.org/1999/xlink" type="sbl_greek" xml:base="scriptorium.Mark_08.mark.xml">
		<feat xlink:href="#sSpan7" value="Ἐν ἐκείναις ταῖς ἡμέραις ⸂πάλιν πολλοῦ⸃ ὄχλου ὄντος καὶ μὴ ἐχόντων τί φάγωσιν, ⸀προσκαλεσάμενος τοὺς ⸀μαθητὰς λέγει αὐτοῖς· "/>
		<feat xlink:href="#sSpan108" value="Σπλαγχνίζομαι ἐπὶ τὸν ὄχλον ὅτι ἤδη ἡμέραι τρεῖς προσμένουσίν μοι καὶ οὐκ ἔχουσιν τί φάγωσιν· "/>
		<feat xlink:href="#sSpan191" value="καὶ ἐὰν ἀπολύσω αὐτοὺς νήστεις εἰς οἶκον αὐτῶν, ἐκλυθήσονται ἐν τῇ ὁδῷ· ⸂καί τινες⸃ αὐτῶν ⸀ἀπὸ μακρόθεν ⸀ἥκασιν. "/>
		<feat xlink:href="#sSpan267" value="καὶ ἀπεκρίθησαν αὐτῷ οἱ μαθηταὶ αὐτοῦ ⸀ὅτι Πόθεν τούτους δυνήσεταί τις ὧδε χορτάσαι ἄρτων ἐπ’ ἐρημίας; "/>
		<feat xlink:href="#sSpan351" value="καὶ ⸀ἠρώτα αὐτούς· Πόσους ἔχετε ἄρτους; οἱ δὲ εἶπαν· Ἑπτά. "/>
		<feat xlink:href="#sSpan419" value="καὶ ⸀παραγγέλλει τῷ ὄχλῳ ἀναπεσεῖν ἐπὶ τῆς γῆς· καὶ λαβὼν τοὺς ἑπτὰ ἄρτους εὐχαριστήσας ἔκλασεν καὶ ἐδίδου τοῖς μαθηταῖς αὐτοῦ ἵνα ⸀παρατιθῶσιν καὶ παρέθηκαν τῷ ὄχλῳ. "/>
		<feat xlink:href="#sSpan594" value="καὶ εἶχον ἰχθύδια ὀλίγα· καὶ εὐλογήσας ⸀αὐτὰ εἶπεν ⸂καὶ ταῦτα παρατιθέναι⸃. "/>
		<feat xlink:href="#sSpan675" value="⸂καὶ ἔφαγον⸃ καὶ ἐχορτάσθησαν, καὶ ἦραν περισσεύματα κλασμάτων ἑπτὰ σπυρίδας. "/>
		<feat xlink:href="#sSpan759" value="ἦσαν ⸀δὲ ὡς τετρακισχίλιοι. καὶ ἀπέλυσεν αὐτούς. "/>
		<feat xlink:href="#sSpan810" value="καὶ ⸀εὐθὺς ἐμβὰς εἰς τὸ πλοῖον μετὰ τῶν μαθητῶν αὐτοῦ ἦλθεν εἰς τὰ μέρη Δαλμανουθά. "/>
		<feat xlink:href="#sSpan886" value="Καὶ ἐξῆλθον οἱ Φαρισαῖοι καὶ ἤρξαντο συζητεῖν αὐτῷ, ζητοῦντες παρ’ αὐτοῦ σημεῖον ἀπὸ τοῦ οὐρανοῦ, πειράζοντες αὐτόν. "/>
		<feat xlink:href="#sSpan995" value="καὶ ἀναστενάξας τῷ πνεύματι αὐτοῦ λέγει· Τί ἡ γενεὰ αὕτη ⸂ζητεῖ σημεῖον⸃; ἀμὴν λέγω ⸀ὑμῖν, εἰ δοθήσεται τῇ γενεᾷ ταύτῃ σημεῖον. "/>
		<feat xlink:href="#sSpan1112" value="καὶ ἀφεὶς αὐτοὺς ⸂πάλιν ἐμβὰς⸃ ἀπῆλθεν εἰς τὸ πέραν. "/>
		<feat xlink:href="#sSpan1170" value="Καὶ ἐπελάθοντο λαβεῖν ἄρτους, καὶ εἰ μὴ ἕνα ἄρτον οὐκ εἶχον μεθ’ ἑαυτῶν ἐν τῷ πλοίῳ. "/>
		<feat xlink:href="#sSpan1245" value="καὶ διεστέλλετο αὐτοῖς λέγων· Ὁρᾶτε, βλέπετε ἀπὸ τῆς ζύμης τῶν Φαρισαίων καὶ τῆς ζύμης Ἡρῴδου. "/>
		<feat xlink:href="#sSpan1337" value="καὶ διελογίζοντο πρὸς ⸀ἀλλήλους ὅτι ἄρτους οὐκ ⸀ἔχουσιν. "/>
		<feat xlink:href="#sSpan1379" value="καὶ ⸀γνοὺς λέγει αὐτοῖς· Τί διαλογίζεσθε ὅτι ἄρτους οὐκ ἔχετε; οὔπω νοεῖτε οὐδὲ συνίετε; ⸀πεπωρωμένην ἔχετε τὴν καρδίαν ὑμῶν; "/>
		<feat xlink:href="#sSpan1494" value="ὀφθαλμοὺς ἔχοντες οὐ βλέπετε καὶ ὦτα ἔχοντες οὐκ ἀκούετε; καὶ οὐ μνημονεύετε "/>
		<feat xlink:href="#sSpan1580" value="ὅτε τοὺς πέντε ἄρτους ἔκλασα εἰς τοὺς πεντακισχιλίους, πόσους κοφίνους ⸂κλασμάτων πλήρεις⸃ ἤρατε; λέγουσιν αὐτῷ· Δώδεκα. "/>
		<feat xlink:href="#sSpan1680" value="ὅτε ⸀καὶ τοὺς ἑπτὰ εἰς τοὺς τετρακισχιλίους, πόσων σπυρίδων πληρώματα κλασμάτων ἤρατε; ⸂καὶ λέγουσιν αὐτῷ⸃· Ἑπτά. "/>
		<feat xlink:href="#sSpan1794" value="καὶ ἔλεγεν αὐτοῖς· ⸀Οὔπω συνίετε; "/>
		<feat xlink:href="#sSpan1838" value="Καὶ ⸀ἔρχονται εἰς Βηθσαϊδάν. καὶ φέρουσιν αὐτῷ τυφλὸν καὶ παρακαλοῦσιν αὐτὸν ἵνα αὐτοῦ ἅψηται. "/>
		<feat xlink:href="#sSpan1926" value="καὶ ἐπιλαβόμενος τῆς χειρὸς τοῦ τυφλοῦ ⸀ἐξήνεγκεν αὐτὸν ἔξω τῆς κώμης, καὶ πτύσας εἰς τὰ ὄμματα αὐτοῦ, ἐπιθεὶς τὰς χεῖρας αὐτῷ, ἐπηρώτα αὐτόν· Εἴ τι ⸀βλέπεις; "/>
		<feat xlink:href="#sSpan2075" value="καὶ ἀναβλέψας ἔλεγεν· Βλέπω τοὺς ἀνθρώπους ὅτι ὡς δένδρα ὁρῶ περιπατοῦντας. "/>
		<feat xlink:href="#sSpan2153" value="εἶτα πάλιν ⸀ἐπέθηκεν τὰς χεῖρας ἐπὶ τοὺς ὀφθαλμοὺς αὐτοῦ, καὶ ⸂διέβλεψεν καὶ ἀπεκατέστη καὶ ἐνέβλεπεν⸃ τηλαυγῶς ⸀ἅπαντα. "/>
		<feat xlink:href="#sSpan2232" value="καὶ ἀπέστειλεν αὐτὸν ⸀εἰς οἶκον αὐτοῦ λέγων· Μηδὲ εἰς τὴν κώμην ⸀εἰσέλθῃς. "/>
		<feat xlink:href="#sSpan2312" value="Καὶ ἐξῆλθεν ὁ Ἰησοῦς καὶ οἱ μαθηταὶ αὐτοῦ εἰς τὰς κώμας Καισαρείας τῆς Φιλίππου· καὶ ἐν τῇ ὁδῷ ἐπηρώτα τοὺς μαθητὰς αὐτοῦ λέγων αὐτοῖς· Τίνα με λέγουσιν οἱ ἄνθρωποι εἶναι; "/>
		<feat xlink:href="#sSpan2471" value="οἱ δὲ ⸂εἶπαν αὐτῷ λέγοντες⸃ ⸀ὅτι Ἰωάννην τὸν βαπτιστήν, καὶ ἄλλοι Ἠλίαν, ἄλλοι δὲ ⸂ὅτι εἷς⸃ τῶν προφητῶν. "/>
		<feat xlink:href="#sSpan2587" value="καὶ αὐτὸς ⸂ἐπηρώτα αὐτούς⸃· Ὑμεῖς δὲ τίνα με λέγετε εἶναι; ⸀ἀποκριθεὶς ὁ Πέτρος λέγει αὐτῷ· Σὺ εἶ ὁ χριστός. "/>
		<feat xlink:href="#sSpan2713" value="καὶ ἐπετίμησεν αὐτοῖς ἵνα μηδενὶ λέγωσιν περὶ αὐτοῦ. "/>
		<feat xlink:href="#sSpan2763" value="Καὶ ἤρξατο διδάσκειν αὐτοὺς ὅτι δεῖ τὸν υἱὸν τοῦ ἀνθρώπου πολλὰ παθεῖν καὶ ἀποδοκιμασθῆναι ⸀ὑπὸ τῶν πρεσβυτέρων καὶ τῶν ἀρχιερέων καὶ τῶν γραμματέων καὶ ἀποκτανθῆναι καὶ μετὰ τρεῖς ἡμέρας ἀναστῆναι· "/>
		<feat xlink:href="#sSpan2924" value="καὶ παρρησίᾳ τὸν λόγον ἐλάλει. καὶ προσλαβόμενος ⸂ὁ Πέτρος αὐτὸν⸃ ἤρξατο ἐπιτιμᾶν αὐτῷ. "/>
		<feat xlink:href="#sSpan3016" value="ὁ δὲ ἐπιστραφεὶς καὶ ἰδὼν τοὺς μαθητὰς αὐτοῦ ἐπετίμησεν ⸀Πέτρῳ ⸂καὶ λέγει⸃· Ὕπαγε ὀπίσω μου, Σατανᾶ, ὅτι οὐ φρονεῖς τὰ τοῦ θεοῦ ἀλλὰ τὰ τῶν ἀνθρώπων. "/>
		<feat xlink:href="#sSpan3185" value="Καὶ προσκαλεσάμενος τὸν ὄχλον σὺν τοῖς μαθηταῖς αὐτοῦ εἶπεν αὐτοῖς· ⸂Εἴ τις⸃ θέλει ὀπίσω μου ⸀ἐλθεῖν, ἀπαρνησάσθω ἑαυτὸν καὶ ἀράτω τὸν σταυρὸν αὐτοῦ καὶ ἀκολουθείτω μοι. "/>
		<feat xlink:href="#sSpan3304" value="ὃς γὰρ ⸀ἐὰν θέλῃ τὴν ⸂ψυχὴν αὐτοῦ⸃ σῶσαι ἀπολέσει αὐτήν· ὃς δ’ ἂν ⸀ἀπολέσει τὴν ⸄ψυχὴν αὐτοῦ⸅ ἕνεκεν ἐμοῦ καὶ τοῦ εὐαγγελίου ⸀σώσει αὐτήν. "/>
		<feat xlink:href="#sSpan3406" value="τί γὰρ ⸀ὠφελεῖ ⸀ἄνθρωπον ⸂κερδῆσαι τὸν κόσμον ὅλον καὶ ζημιωθῆναι⸃ τὴν ψυχὴν αὐτοῦ; "/>
		<feat xlink:href="#sSpan3489" value="⸂τί γὰρ⸃ ⸀δοῖ ἄνθρωπος ἀντάλλαγμα τῆς ψυχῆς αὐτοῦ; "/>
		<feat xlink:href="#sSpan3541" value="ὃς γὰρ ἐὰν ἐπαισχυνθῇ με καὶ τοὺς ἐμοὺς λόγους ἐν τῇ γενεᾷ ταύτῃ τῇ μοιχαλίδι καὶ ἁμαρτωλῷ, καὶ ὁ υἱὸς τοῦ ἀνθρώπου ἐπαισχυνθήσεται αὐτὸν ὅταν ἔλθῃ ἐν τῇ δόξῃ τοῦ πατρὸς αὐτοῦ μετὰ τῶν ἀγγέλων τῶν ἁγίων. "/></featList></paula>