<?xml version='1.0' encoding='UTF-8'?><!DOCTYPE paula SYSTEM "paula_feat.dtd">
<paula version="1.1">
	<header paula_id="scriptorium.Mark_08.mark_entity"/>
	<featList xmlns:xlink="http://www.w3.org/1999/xlink" type="entity" xml:base="scriptorium.Mark_08.mark.xml">
		<feat xlink:href="#sSpan5" value="time"/>
		<feat xlink:href="#sSpan27" value="person"/>
		<feat xlink:href="#sSpan60" value="object"/>
		<feat xlink:href="#sSpan87" value="person"/>
		<feat xlink:href="#sSpan123" value="person"/>
		<feat xlink:href="#sSpan139" value="time"/>
		<feat xlink:href="#sSpan173" value="object"/>
		<feat xlink:href="#sSpan227" value="place"/>
		<feat xlink:href="#sSpan238" value="person"/>
		<feat xlink:href="#sSpan255" value="place"/>
		<feat xlink:href="#sSpan292" value="person"/>
		<feat xlink:href="#sSpan316" value="person"/>
		<feat xlink:href="#sSpan323" value="object"/>
		<feat xlink:href="#sSpan330" value="place"/>
		<feat xlink:href="#sSpan339" value="place"/>
		<feat xlink:href="#sSpan373" value="object"/>
		<feat xlink:href="#sSpan409" value="object"/>
		<feat xlink:href="#sSpan439" value="person"/>
		<feat xlink:href="#sSpan481" value="object"/>
		<feat xlink:href="#sSpan536" value="person"/>
		<feat xlink:href="#sSpan586" value="person"/>
		<feat xlink:href="#sSpan606" value="animal"/>
		<feat xlink:href="#sSpan657" value="person"/>
		<feat xlink:href="#sSpan714" value="object"/>
		<feat xlink:href="#sSpan747" value="object"/>
		<feat xlink:href="#sSpan771" value="person"/>
		<feat xlink:href="#sSpan833" value="object"/>
		<feat xlink:href="#sSpan842" value="person"/>
		<feat xlink:href="#sSpan865" value="place"/>
		<feat xlink:href="#sSpan876" value="place"/>
		<feat xlink:href="#sSpan904" value="person"/>
		<feat xlink:href="#sSpan946" value="abstract"/>
		<feat xlink:href="#sSpan966" value="place"/>
		<feat xlink:href="#sSpan1011" value="abstract"/>
		<feat xlink:href="#sSpan1034" value="person"/>
		<feat xlink:href="#sSpan1051" value="abstract"/>
		<feat xlink:href="#sSpan1099" value="person"/>
		<feat xlink:href="#sSpan1144" value="object"/>
		<feat xlink:href="#sSpan1162" value="place"/>
		<feat xlink:href="#sSpan1224" value="object"/>
		<feat xlink:href="#sSpan1237" value="object"/>
		<feat xlink:href="#sSpan1302" value="substance"/>
		<feat xlink:href="#sSpan1311" value="person"/>
		<feat xlink:href="#sSpan1321" value="substance"/>
		<feat xlink:href="#sSpan1331" value="person"/>
		<feat xlink:href="#sSpan1365" value="object"/>
		<feat xlink:href="#sSpan1431" value="object"/>
		<feat xlink:href="#sSpan1480" value="abstract"/>
		<feat xlink:href="#sSpan1499" value="object"/>
		<feat xlink:href="#sSpan1534" value="object"/>
		<feat xlink:href="#sSpan1590" value="object"/>
		<feat xlink:href="#sSpan1601" value="person"/>
		<feat xlink:href="#sSpan1628" value="object"/>
		<feat xlink:href="#sSpan1649" value="object"/>
		<feat xlink:href="#sSpan1669" value="object"/>
		<feat xlink:href="#sSpan1698" value="object"/>
		<feat xlink:href="#sSpan1713" value="person"/>
		<feat xlink:href="#sSpan1740" value="object"/>
		<feat xlink:href="#sSpan1761" value="object"/>
		<feat xlink:href="#sSpan1784" value="object"/>
		<feat xlink:href="#sSpan1862" value="place"/>
		<feat xlink:href="#sSpan1887" value="person"/>
		<feat xlink:href="#sSpan1946" value="person"/>
		<feat xlink:href="#sSpan1969" value="place"/>
		<feat xlink:href="#sSpan1978" value="place"/>
		<feat xlink:href="#sSpan2000" value="substance"/>
		<feat xlink:href="#sSpan2011" value="object"/>
		<feat xlink:href="#sSpan2026" value="object"/>
		<feat xlink:href="#sSpan2084" value="object"/>
		<feat xlink:href="#sSpan2116" value="person"/>
		<feat xlink:href="#sSpan2141" value="plant"/>
		<feat xlink:href="#sSpan2163" value="object"/>
		<feat xlink:href="#sSpan2172" value="object"/>
		<feat xlink:href="#sSpan2177" value="object"/>
		<feat xlink:href="#sSpan2213" value="object"/>
		<feat xlink:href="#sSpan2252" value="place"/>
		<feat xlink:href="#sSpan2297" value="place"/>
		<feat xlink:href="#sSpan2308" value="person"/>
		<feat xlink:href="#sSpan2334" value="person"/>
		<feat xlink:href="#sSpan2344" value="place"/>
		<feat xlink:href="#sSpan2354" value="place"/>
		<feat xlink:href="#sSpan2365" value="person"/>
		<feat xlink:href="#sSpan2384" value="place"/>
		<feat xlink:href="#sSpan2397" value="person"/>
		<feat xlink:href="#sSpan2435" value="person"/>
		<feat xlink:href="#sSpan2498" value="person"/>
		<feat xlink:href="#sSpan2506" value="person"/>
		<feat xlink:href="#sSpan2524" value="person"/>
		<feat xlink:href="#sSpan2536" value="person"/>
		<feat xlink:href="#sSpan2547" value="person"/>
		<feat xlink:href="#sSpan2563" value="person"/>
		<feat xlink:href="#sSpan2574" value="person"/>
		<feat xlink:href="#sSpan2669" value="person"/>
		<feat xlink:href="#sSpan2702" value="person"/>
		<feat xlink:href="#sSpan2747" value="person"/>
		<feat xlink:href="#sSpan2780" value="object"/>
		<feat xlink:href="#sSpan2794" value="person"/>
		<feat xlink:href="#sSpan2821" value="abstract"/>
		<feat xlink:href="#sSpan2848" value="person"/>
		<feat xlink:href="#sSpan2858" value="person"/>
		<feat xlink:href="#sSpan2868" value="person"/>
		<feat xlink:href="#sSpan2900" value="time"/>
		<feat xlink:href="#sSpan2930" value="abstract"/>
		<feat xlink:href="#sSpan2948" value="abstract"/>
		<feat xlink:href="#sSpan2954" value="person"/>
		<feat xlink:href="#sSpan3053" value="person"/>
		<feat xlink:href="#sSpan3073" value="person"/>
		<feat xlink:href="#sSpan3111" value="place"/>
		<feat xlink:href="#sSpan3120" value="person"/>
		<feat xlink:href="#sSpan3151" value="abstract"/>
		<feat xlink:href="#sSpan3154" value="person"/>
		<feat xlink:href="#sSpan3168" value="abstract"/>
		<feat xlink:href="#sSpan3173" value="person"/>
		<feat xlink:href="#sSpan3199" value="person"/>
		<feat xlink:href="#sSpan3208" value="person"/>
		<feat xlink:href="#sSpan3230" value="person"/>
		<feat xlink:href="#sSpan3278" value="object"/>
		<feat xlink:href="#sSpan3302" value="person"/>
		<feat xlink:href="#sSpan3327" value="abstract"/>
		<feat xlink:href="#sSpan3351" value="person"/>
		<feat xlink:href="#sSpan3369" value="abstract"/>
		<feat xlink:href="#sSpan3383" value="abstract"/>
		<feat xlink:href="#sSpan3431" value="person"/>
		<feat xlink:href="#sSpan3446" value="place"/>
		<feat xlink:href="#sSpan3476" value="abstract"/>
		<feat xlink:href="#sSpan3501" value="person"/>
		<feat xlink:href="#sSpan3520" value="abstract"/>
		<feat xlink:href="#sSpan3527" value="abstract"/>
		<feat xlink:href="#sSpan3539" value="person"/>
		<feat xlink:href="#sSpan3569" value="abstract"/>
		<feat xlink:href="#sSpan3584" value="person"/>
		<feat xlink:href="#sSpan3619" value="person"/>
		<feat xlink:href="#sSpan3634" value="person"/>
		<feat xlink:href="#sSpan3663" value="abstract"/>
		<feat xlink:href="#sSpan3672" value="person"/>
		<feat xlink:href="#sSpan3681" value="person"/></featList></paula>