<?xml version='1.0' encoding='UTF-8'?><!DOCTYPE paula SYSTEM "paula_feat.dtd">
<paula version="1.1">
	<header paula_id="scriptorium.Mark_08.mark_lemma"/>
	<featList xmlns:xlink="http://www.w3.org/1999/xlink" type="lemma" xml:base="scriptorium.Mark_08.mark.xml">
		<feat xlink:href="#sSpan1" value="ⲡ"/>
		<feat xlink:href="#sSpan11" value="ϩⲟⲟⲩ"/>
		<feat xlink:href="#sSpan13" value="ⲉⲧⲉⲣⲉ"/>
		<feat xlink:href="#sSpan17" value="ⲙⲙⲁⲩ"/>
		<feat xlink:href="#sSpan19" value="ⲛⲉⲣⲉ"/>
		<feat xlink:href="#sSpan23" value="ⲟⲩⲛ"/>
		<feat xlink:href="#sSpan25" value="ⲟⲩ"/>
		<feat xlink:href="#sSpan28" value="ⲛⲟϭ"/>
		<feat xlink:href="#sSpan30" value="ⲟⲛ"/>
		<feat xlink:href="#sSpan34" value="ⲛ"/>
		<feat xlink:href="#sSpan38" value="ⲙⲏⲏϣⲉ"/>
		<feat xlink:href="#sSpan40" value="ⲙⲛ"/>
		<feat xlink:href="#sSpan44" value="ⲛⲧⲟϥ"/>
		<feat xlink:href="#sSpan46" value="ⲁⲩⲱ"/>
		<feat xlink:href="#sSpan50" value="ⲉⲣⲉ"/>
		<feat xlink:href="#sSpan54" value="ⲙⲛⲧⲉ"/>
		<feat xlink:href="#sSpan56" value="ⲛⲧⲟⲟⲩ"/>
		<feat xlink:href="#sSpan58" value="ⲡ"/>
		<feat xlink:href="#sSpan63" value="ⲉⲧⲉⲣⲉ"/>
		<feat xlink:href="#sSpan65" value="ⲛⲧⲟⲟⲩ"/>
		<feat xlink:href="#sSpan67" value="ⲛⲁ"/>
		<feat xlink:href="#sSpan69" value="ⲟⲩⲱⲙ"/>
		<feat xlink:href="#sSpan71" value="ⲛⲧⲟϥ"/>
		<feat xlink:href="#sSpan73" value="ⲁ"/>
		<feat xlink:href="#sSpan77" value="ⲛⲧⲟϥ"/>
		<feat xlink:href="#sSpan79" value="ⲙⲟⲩⲧⲉ"/>
		<feat xlink:href="#sSpan81" value="ⲉ"/>
		<feat xlink:href="#sSpan85" value="ⲡⲉϥ"/>
		<feat xlink:href="#sSpan89" value="ⲙⲁⲑⲏⲧⲏⲥ"/>
		<feat xlink:href="#sSpan91" value="ⲡⲉϫⲉ"/>
		<feat xlink:href="#sSpan95" value="ⲛⲧⲟϥ"/>
		<feat xlink:href="#sSpan97" value="ⲛⲁ"/>
		<feat xlink:href="#sSpan101" value="ⲛⲧⲟⲟⲩ"/>
		<feat xlink:href="#sSpan103" value="ⲁⲛⲟⲕ"/>
		<feat xlink:href="#sSpan111" value="ϣⲛ"/>
		<feat xlink:href="#sSpan113" value="ϩⲏⲧ"/>
		<feat xlink:href="#sSpan115" value="ⲁⲛⲟⲕ"/>
		<feat xlink:href="#sSpan117" value="ⲉϫⲛ"/>
		<feat xlink:href="#sSpan121" value="ⲡ"/>
		<feat xlink:href="#sSpan124" value="ⲙⲏⲏϣⲉ"/>
		<feat xlink:href="#sSpan126" value="ϫⲉ"/>
		<feat xlink:href="#sSpan131" value="ⲏⲇⲏ"/>
		<feat xlink:href="#sSpan133" value="ⲉⲓⲥ"/>
		<feat xlink:href="#sSpan137" value="ϣⲟⲙⲛⲧ"/>
		<feat xlink:href="#sSpan140" value="ⲛ"/>
		<feat xlink:href="#sSpan144" value="ϩⲟⲟⲩ"/>
		<feat xlink:href="#sSpan146" value="ⲛⲧⲟⲟⲩ"/>
		<feat xlink:href="#sSpan151" value="ⲡⲣⲟⲥⲕⲁⲣⲧⲉⲣⲉⲓ"/>
		<feat xlink:href="#sSpan153" value="ⲉ"/>
		<feat xlink:href="#sSpan157" value="ⲁⲛⲟⲕ"/>
		<feat xlink:href="#sSpan159" value="."/>
		<feat xlink:href="#sSpan163" value="ⲉⲣⲉ"/>
		<feat xlink:href="#sSpan167" value="ⲙⲛⲧⲉ"/>
		<feat xlink:href="#sSpan169" value="ⲛⲧⲟⲟⲩ"/>
		<feat xlink:href="#sSpan171" value="ⲡ"/>
		<feat xlink:href="#sSpan176" value="ⲉⲧⲉⲣⲉ"/>
		<feat xlink:href="#sSpan178" value="ⲛⲧⲟⲟⲩ"/>
		<feat xlink:href="#sSpan180" value="ⲛⲁ"/>
		<feat xlink:href="#sSpan182" value="ⲟⲩⲱⲙ"/>
		<feat xlink:href="#sSpan184" value="ⲛⲧⲟϥ"/>
		<feat xlink:href="#sSpan186" value="ⲉⲣϣⲁⲛ_ⲁⲛⲟⲕ"/>
		<feat xlink:href="#sSpan195" value="ⲕⲱ"/>
		<feat xlink:href="#sSpan197" value="ⲛⲧⲟⲟⲩ"/>
		<feat xlink:href="#sSpan199" value="ⲉⲃⲟⲗ"/>
		<feat xlink:href="#sSpan203" value="ⲉⲣⲉ"/>
		<feat xlink:href="#sSpan207" value="ⲙⲡⲉ"/>
		<feat xlink:href="#sSpan209" value="ⲛⲧⲟⲟⲩ"/>
		<feat xlink:href="#sSpan211" value="ⲟⲩⲱⲙ"/>
		<feat xlink:href="#sSpan213" value="ⲛⲧⲟⲟⲩ"/>
		<feat xlink:href="#sSpan217" value="ⲛⲁ"/>
		<feat xlink:href="#sSpan219" value="ⲥⲱϣⲙ"/>
		<feat xlink:href="#sSpan221" value="ϩⲛ"/>
		<feat xlink:href="#sSpan225" value="ⲡ"/>
		<feat xlink:href="#sSpan228" value="ϩⲓⲏ"/>
		<feat xlink:href="#sSpan230" value="ⲉⲣⲉ"/>
		<feat xlink:href="#sSpan234" value="ⲟⲩⲛ"/>
		<feat xlink:href="#sSpan236" value="ϩⲟⲓⲛⲉ"/>
		<feat xlink:href="#sSpan239" value="ϩⲛ"/>
		<feat xlink:href="#sSpan243" value="ⲟⲩ"/>
		<feat xlink:href="#sSpan245" value="ϣⲱⲡⲉ"/>
		<feat xlink:href="#sSpan249" value="ϩⲛ"/>
		<feat xlink:href="#sSpan253" value="ⲡ"/>
		<feat xlink:href="#sSpan256" value="ⲟⲩⲉ"/>
		<feat xlink:href="#sSpan258" value="."/>
		<feat xlink:href="#sSpan262" value="ⲉⲣⲉ"/>
		<feat xlink:href="#sSpan271" value="ⲛⲧⲟⲟⲩ"/>
		<feat xlink:href="#sSpan273" value="ⲟⲩⲱϣⲃ"/>
		<feat xlink:href="#sSpan276" value="ⲇⲉ"/>
		<feat xlink:href="#sSpan280" value="ⲛⲁ"/>
		<feat xlink:href="#sSpan284" value="ⲛⲧⲟϥ"/>
		<feat xlink:href="#sSpan286" value="ⲛϭⲓ"/>
		<feat xlink:href="#sSpan290" value="ⲡⲉϥ"/>
		<feat xlink:href="#sSpan294" value="ⲙⲁⲑⲏⲧⲏⲥ"/>
		<feat xlink:href="#sSpan296" value="ϫⲉ"/>
		<feat xlink:href="#sSpan300" value="ⲛⲓⲙ"/>
		<feat xlink:href="#sSpan302" value="ⲡ"/>
		<feat xlink:href="#sSpan306" value="ⲉⲧⲉⲣⲉ"/>
		<feat xlink:href="#sSpan308" value="ⲛⲁ"/>
		<feat xlink:href="#sSpan310" value="ϣ"/>
		<feat xlink:href="#sSpan312" value="ⲧⲥⲓⲟ"/>
		<feat xlink:href="#sSpan314" value="ⲡⲁⲓ"/>
		<feat xlink:href="#sSpan317" value="ⲛ"/>
		<feat xlink:href="#sSpan321" value="ⲟⲉⲓⲕ"/>
		<feat xlink:href="#sSpan324" value="ⲛ"/>
		<feat xlink:href="#sSpan328" value="ⲡⲉⲓ"/>
		<feat xlink:href="#sSpan331" value="ⲙⲁ"/>
		<feat xlink:href="#sSpan333" value="ϩⲛ"/>
		<feat xlink:href="#sSpan337" value="ⲟⲩ"/>
		<feat xlink:href="#sSpan340" value="ϫⲁⲓⲉ"/>
		<feat xlink:href="#sSpan342" value="."/>
		<feat xlink:href="#sSpan346" value="ⲁ"/>
		<feat xlink:href="#sSpan355" value="ⲛⲧⲟϥ"/>
		<feat xlink:href="#sSpan357" value="ϫⲛⲟⲩ"/>
		<feat xlink:href="#sSpan359" value="ⲛⲧⲟⲟⲩ"/>
		<feat xlink:href="#sSpan361" value="ϫⲉ"/>
		<feat xlink:href="#sSpan365" value="ⲟⲩⲛⲧⲉ"/>
		<feat xlink:href="#sSpan367" value="ⲛⲧⲱⲧⲛ"/>
		<feat xlink:href="#sSpan369" value="ⲟⲩⲏⲣ"/>
		<feat xlink:href="#sSpan374" value="ⲙⲙⲁⲩ"/>
		<feat xlink:href="#sSpan378" value="ⲡ"/>
		<feat xlink:href="#sSpan382" value="ⲟⲉⲓⲕ"/>
		<feat xlink:href="#sSpan384" value="."/>
		<feat xlink:href="#sSpan388" value="ⲛⲧⲟⲟⲩ"/>
		<feat xlink:href="#sSpan393" value="ⲇⲉ"/>
		<feat xlink:href="#sSpan397" value="ⲡⲉϫⲉ"/>
		<feat xlink:href="#sSpan401" value="ⲛⲧⲟⲟⲩ"/>
		<feat xlink:href="#sSpan403" value="ϫⲉ"/>
		<feat xlink:href="#sSpan407" value="ⲥⲁϣϥ"/>
		<feat xlink:href="#sSpan410" value="."/>
		<feat xlink:href="#sSpan414" value="ⲁ"/>
		<feat xlink:href="#sSpan423" value="ⲛⲧⲟϥ"/>
		<feat xlink:href="#sSpan425" value="ϩⲱⲛ"/>
		<feat xlink:href="#sSpan427" value="ⲉⲧⲛ"/>
		<feat xlink:href="#sSpan431" value="ⲛⲧⲟϥ"/>
		<feat xlink:href="#sSpan433" value="ⲛ"/>
		<feat xlink:href="#sSpan437" value="ⲡ"/>
		<feat xlink:href="#sSpan440" value="ⲙⲏⲏϣⲉ"/>
		<feat xlink:href="#sSpan442" value="ⲉ"/>
		<feat xlink:href="#sSpan446" value="ⲧⲣⲉ"/>
		<feat xlink:href="#sSpan448" value="ⲛⲧⲟⲟⲩ"/>
		<feat xlink:href="#sSpan450" value="ⲛⲟⲩϫⲉ"/>
		<feat xlink:href="#sSpan452" value="ⲛⲧⲟⲟⲩ"/>
		<feat xlink:href="#sSpan454" value="ϩⲓ"/>
		<feat xlink:href="#sSpan458" value="ⲡ"/>
		<feat xlink:href="#sSpan460" value="ⲉⲥⲏⲧ"/>
		<feat xlink:href="#sSpan462" value="ⲁ"/>
		<feat xlink:href="#sSpan466" value="ⲛⲧⲟϥ"/>
		<feat xlink:href="#sSpan468" value="ϫⲓ"/>
		<feat xlink:href="#sSpan471" value="ⲇⲉ"/>
		<feat xlink:href="#sSpan475" value="ⲛ"/>
		<feat xlink:href="#sSpan479" value="ⲡ"/>
		<feat xlink:href="#sSpan482" value="ⲥⲁϣϥ"/>
		<feat xlink:href="#sSpan484" value="ⲛ"/>
		<feat xlink:href="#sSpan488" value="ⲟⲉⲓⲕ"/>
		<feat xlink:href="#sSpan490" value="ⲁ"/>
		<feat xlink:href="#sSpan494" value="ⲛⲧⲟϥ"/>
		<feat xlink:href="#sSpan497" value="ϣⲡϩⲙⲟⲧ"/>
		<feat xlink:href="#sSpan500" value="ⲉϫⲛ"/>
		<feat xlink:href="#sSpan504" value="ⲛⲧⲟⲟⲩ"/>
		<feat xlink:href="#sSpan506" value="ⲁ"/>
		<feat xlink:href="#sSpan510" value="ⲛⲧⲟϥ"/>
		<feat xlink:href="#sSpan512" value="ⲡⲟϣ"/>
		<feat xlink:href="#sSpan514" value="ⲛⲧⲟⲟⲩ"/>
		<feat xlink:href="#sSpan516" value="ⲁⲩⲱ"/>
		<feat xlink:href="#sSpan520" value="ⲁ"/>
		<feat xlink:href="#sSpan524" value="ⲛⲧⲟϥ"/>
		<feat xlink:href="#sSpan526" value="ϯ"/>
		<feat xlink:href="#sSpan528" value="ⲛⲧⲟⲟⲩ"/>
		<feat xlink:href="#sSpan530" value="ⲛ"/>
		<feat xlink:href="#sSpan534" value="ⲡⲉϥ"/>
		<feat xlink:href="#sSpan538" value="ⲙⲁⲑⲏⲧⲏⲥ"/>
		<feat xlink:href="#sSpan540" value="ϫⲉ"/>
		<feat xlink:href="#sSpan544" value="ⲉⲣⲉ_ⲛⲧⲟⲟⲩ"/>
		<feat xlink:href="#sSpan546" value="ⲕⲱ"/>
		<feat xlink:href="#sSpan548" value="ⲛⲧⲟⲟⲩ"/>
		<feat xlink:href="#sSpan550" value="ϩⲁ"/>
		<feat xlink:href="#sSpan554" value="ⲛⲧⲟⲟⲩ"/>
		<feat xlink:href="#sSpan556" value="."/>
		<feat xlink:href="#sSpan560" value="ⲁⲩⲱ"/>
		<feat xlink:href="#sSpan564" value="ⲁ"/>
		<feat xlink:href="#sSpan568" value="ⲛⲧⲟⲟⲩ"/>
		<feat xlink:href="#sSpan570" value="ⲕⲱ"/>
		<feat xlink:href="#sSpan572" value="ⲛⲧⲟⲟⲩ"/>
		<feat xlink:href="#sSpan574" value="ϩⲁ"/>
		<feat xlink:href="#sSpan578" value="ⲛⲧⲟϥ"/>
		<feat xlink:href="#sSpan580" value="ⲛ"/>
		<feat xlink:href="#sSpan584" value="ⲡ"/>
		<feat xlink:href="#sSpan587" value="ⲙⲏⲏϣⲉ"/>
		<feat xlink:href="#sSpan589" value="ⲛⲉⲣⲉ"/>
		<feat xlink:href="#sSpan598" value="ⲟⲩⲛⲧⲉ"/>
		<feat xlink:href="#sSpan600" value="ⲛⲧⲟⲟⲩ"/>
		<feat xlink:href="#sSpan602" value="ⲕⲉ"/>
		<feat xlink:href="#sSpan607" value="ϣⲏⲙ"/>
		<feat xlink:href="#sSpan610" value="ⲇⲉ"/>
		<feat xlink:href="#sSpan614" value="ⲡ"/>
		<feat xlink:href="#sSpan618" value="ⲧⲃⲧ"/>
		<feat xlink:href="#sSpan620" value="ⲛⲧⲉⲣⲉ"/>
		<feat xlink:href="#sSpan624" value="ⲛⲧⲟϥ"/>
		<feat xlink:href="#sSpan626" value="ⲥⲙⲟⲩ"/>
		<feat xlink:href="#sSpan629" value="ⲇⲉ"/>
		<feat xlink:href="#sSpan633" value="ⲉ"/>
		<feat xlink:href="#sSpan637" value="ⲛⲧⲟⲟⲩ"/>
		<feat xlink:href="#sSpan639" value="ⲁ"/>
		<feat xlink:href="#sSpan643" value="ⲛⲧⲟϥ"/>
		<feat xlink:href="#sSpan646" value="ⲟⲩⲉϩⲥⲁϩⲛⲉ"/>
		<feat xlink:href="#sSpan649" value="ⲉ"/>
		<feat xlink:href="#sSpan653" value="ⲕⲱ"/>
		<feat xlink:href="#sSpan655" value="ⲡⲉⲓ"/>
		<feat xlink:href="#sSpan658" value="ⲕⲉ"/>
		<feat xlink:href="#sSpan660" value="ϩⲁ"/>
		<feat xlink:href="#sSpan664" value="ⲛⲧⲟⲟⲩ"/>
		<feat xlink:href="#sSpan666" value="."/>
		<feat xlink:href="#sSpan670" value="ⲉⲣⲉ"/>
		<feat xlink:href="#sSpan679" value="ⲛⲧⲟⲟⲩ"/>
		<feat xlink:href="#sSpan681" value="ⲟⲩⲱⲙ"/>
		<feat xlink:href="#sSpan684" value="ⲇⲉ"/>
		<feat xlink:href="#sSpan688" value="ⲁ"/>
		<feat xlink:href="#sSpan692" value="ⲛⲧⲟⲟⲩ"/>
		<feat xlink:href="#sSpan694" value="ⲥⲉⲓ"/>
		<feat xlink:href="#sSpan696" value="ⲁⲩⲱ"/>
		<feat xlink:href="#sSpan700" value="ⲁ"/>
		<feat xlink:href="#sSpan704" value="ⲛⲧⲟⲟⲩ"/>
		<feat xlink:href="#sSpan706" value="ϥⲓ"/>
		<feat xlink:href="#sSpan708" value="ⲛ"/>
		<feat xlink:href="#sSpan712" value="ⲡ"/>
		<feat xlink:href="#sSpan715" value="ⲗⲁⲕⲙ"/>
		<feat xlink:href="#sSpan717" value="."/>
		<feat xlink:href="#sSpan722" value="ⲉⲧⲉⲣⲉ"/>
		<feat xlink:href="#sSpan727" value="ⲁ"/>
		<feat xlink:href="#sSpan729" value="ⲛⲧⲟⲟⲩ"/>
		<feat xlink:href="#sSpan732" value="ⲣϩⲟⲩⲟ"/>
		<feat xlink:href="#sSpan735" value="ⲉⲣⲉ"/>
		<feat xlink:href="#sSpan739" value="ⲛⲧⲟⲟⲩ"/>
		<feat xlink:href="#sSpan741" value="ⲛⲁ"/>
		<feat xlink:href="#sSpan743" value="ⲣ"/>
		<feat xlink:href="#sSpan745" value="ⲥⲁϣϥ"/>
		<feat xlink:href="#sSpan748" value="ⲛ"/>
		<feat xlink:href="#sSpan752" value="ⲃⲓⲣ"/>
		<feat xlink:href="#sSpan754" value="ⲛⲉⲣⲉ"/>
		<feat xlink:href="#sSpan763" value="ⲛⲧⲟⲟⲩ"/>
		<feat xlink:href="#sSpan765" value="ⲛⲁ"/>
		<feat xlink:href="#sSpan767" value="ⲉⲓⲣⲉ"/>
		<feat xlink:href="#sSpan769" value="ϩⲙⲉ"/>
		<feat xlink:href="#sSpan773" value="ⲇⲉ"/>
		<feat xlink:href="#sSpan777" value="ⲛ"/>
		<feat xlink:href="#sSpan781" value="ϣⲉ"/>
		<feat xlink:href="#sSpan783" value="ⲁⲩⲱ"/>
		<feat xlink:href="#sSpan787" value="ⲁ"/>
		<feat xlink:href="#sSpan791" value="ⲛⲧⲟϥ"/>
		<feat xlink:href="#sSpan793" value="ⲕⲱ"/>
		<feat xlink:href="#sSpan795" value="ⲛⲧⲟⲟⲩ"/>
		<feat xlink:href="#sSpan797" value="ⲉⲃⲟⲗ"/>
		<feat xlink:href="#sSpan801" value="."/>
		<feat xlink:href="#sSpan805" value="[..]"/>
		<feat xlink:href="#sSpan815" value="ⲇⲉ"/>
		<feat xlink:href="#sSpan819" value="ⲛⲧⲉⲣⲉ"/>
		<feat xlink:href="#sSpan823" value="ⲛⲧⲟϥ"/>
		<feat xlink:href="#sSpan825" value="ⲁⲗⲉ"/>
		<feat xlink:href="#sSpan827" value="ⲉ"/>
		<feat xlink:href="#sSpan831" value="ⲡ"/>
		<feat xlink:href="#sSpan834" value="ϫⲟⲉⲓ"/>
		<feat xlink:href="#sSpan836" value="ⲙⲛ"/>
		<feat xlink:href="#sSpan840" value="ⲡⲉϥ"/>
		<feat xlink:href="#sSpan844" value="ⲙⲁⲑⲏⲧⲏⲥ"/>
		<feat xlink:href="#sSpan846" value="ⲁ"/>
		<feat xlink:href="#sSpan850" value="ⲛⲧⲟϥ"/>
		<feat xlink:href="#sSpan852" value="ⲉⲓ"/>
		<feat xlink:href="#sSpan855" value="ⲉϩⲣⲁⲓ"/>
		<feat xlink:href="#sSpan859" value="ⲉ"/>
		<feat xlink:href="#sSpan863" value="ⲡ"/>
		<feat xlink:href="#sSpan866" value="ⲥⲁ"/>
		<feat xlink:href="#sSpan869" value="ⲛ"/>
		<feat xlink:href="#sSpan874" value="ⲇⲁⲗⲙⲁⲛⲟⲩⲑⲁ"/>
		<feat xlink:href="#sSpan877" value="."/>
		<feat xlink:href="#sSpan881" value="ⲁ"/>
		<feat xlink:href="#sSpan889" value="ⲛⲧⲟⲟⲩ"/>
		<feat xlink:href="#sSpan891" value="ⲉⲓ"/>
		<feat xlink:href="#sSpan894" value="ⲉⲃⲟⲗ"/>
		<feat xlink:href="#sSpan898" value="ⲛϭⲓ"/>
		<feat xlink:href="#sSpan902" value="ⲡ"/>
		<feat xlink:href="#sSpan906" value="ⲫⲁⲣⲓⲥⲥⲁⲓⲟⲥ"/>
		<feat xlink:href="#sSpan908" value="ⲁ"/>
		<feat xlink:href="#sSpan912" value="ⲛⲧⲟⲟⲩ"/>
		<feat xlink:href="#sSpan915" value="ⲁⲣⲭⲉⲓ"/>
		<feat xlink:href="#sSpan917" value="ⲉ"/>
		<feat xlink:href="#sSpan922" value="ϯⲧⲱⲛ"/>
		<feat xlink:href="#sSpan925" value="ⲙⲛ"/>
		<feat xlink:href="#sSpan929" value="ⲛⲧⲟϥ"/>
		<feat xlink:href="#sSpan931" value="ⲉⲣⲉ"/>
		<feat xlink:href="#sSpan935" value="ⲛⲧⲟⲟⲩ"/>
		<feat xlink:href="#sSpan937" value="ⲕⲱⲧⲉ"/>
		<feat xlink:href="#sSpan940" value="ⲛⲥⲁ"/>
		<feat xlink:href="#sSpan944" value="ⲟⲩ"/>
		<feat xlink:href="#sSpan947" value="ⲙⲁⲉⲓⲛ"/>
		<feat xlink:href="#sSpan949" value="ⲛⲧⲛ"/>
		<feat xlink:href="#sSpan953" value="ⲛⲧⲟϥ"/>
		<feat xlink:href="#sSpan955" value="ⲉⲃⲟⲗ"/>
		<feat xlink:href="#sSpan960" value="ϩⲛ"/>
		<feat xlink:href="#sSpan964" value="ⲡ"/>
		<feat xlink:href="#sSpan969" value="ⲡⲉ"/>
		<feat xlink:href="#sSpan971" value="ⲉⲣⲉ"/>
		<feat xlink:href="#sSpan975" value="ⲛⲧⲟⲟⲩ"/>
		<feat xlink:href="#sSpan978" value="ⲡⲉⲓⲣⲁⲍⲉ"/>
		<feat xlink:href="#sSpan980" value="ⲛ"/>
		<feat xlink:href="#sSpan984" value="ⲛⲧⲟϥ"/>
		<feat xlink:href="#sSpan986" value="."/>
		<feat xlink:href="#sSpan990" value="ⲛⲧⲉⲣⲉ"/>
		<feat xlink:href="#sSpan999" value="ⲛⲧⲟϥ"/>
		<feat xlink:href="#sSpan1002" value="ⲁϣⲁϩⲟⲙ"/>
		<feat xlink:href="#sSpan1005" value="ϩⲛ"/>
		<feat xlink:href="#sSpan1009" value="ⲡⲉϥ"/>
		<feat xlink:href="#sSpan1013" value="ⲡⲛⲉⲩⲙⲁ"/>
		<feat xlink:href="#sSpan1015" value="ⲡⲉϫⲉ"/>
		<feat xlink:href="#sSpan1019" value="ⲛⲧⲟϥ"/>
		<feat xlink:href="#sSpan1021" value="ϫⲉ"/>
		<feat xlink:href="#sSpan1025" value="ⲉⲧⲃⲉ"/>
		<feat xlink:href="#sSpan1028" value="ⲟⲩ"/>
		<feat xlink:href="#sSpan1032" value="ⲡⲉⲓ"/>
		<feat xlink:href="#sSpan1038" value="ⲅⲉⲛⲉⲁ"/>
		<feat xlink:href="#sSpan1040" value="ⲕⲱⲧⲉ"/>
		<feat xlink:href="#sSpan1045" value="ⲛⲥⲁ"/>
		<feat xlink:href="#sSpan1049" value="ⲟⲩ"/>
		<feat xlink:href="#sSpan1052" value="ⲙⲁⲉⲓⲛ"/>
		<feat xlink:href="#sSpan1055" value="ϩⲁⲙⲏⲛ"/>
		<feat xlink:href="#sSpan1059" value="ⲁⲛⲟⲕ"/>
		<feat xlink:href="#sSpan1063" value="ϫⲱ"/>
		<feat xlink:href="#sSpan1065" value="ⲛ"/>
		<feat xlink:href="#sSpan1069" value="ⲛⲧⲟⲥ"/>
		<feat xlink:href="#sSpan1071" value="ⲛⲁ"/>
		<feat xlink:href="#sSpan1075" value="ⲛⲧⲱⲧⲛ"/>
		<feat xlink:href="#sSpan1077" value="ϫⲉ"/>
		<feat xlink:href="#sSpan1081" value="ⲉϣⲱⲡⲉ"/>
		<feat xlink:href="#sSpan1083" value="ⲛⲧⲟⲟⲩ"/>
		<feat xlink:href="#sSpan1087" value="ⲛⲁ"/>
		<feat xlink:href="#sSpan1090" value="ϯⲙⲁⲉⲓⲛ"/>
		<feat xlink:href="#sSpan1093" value="ⲛ"/>
		<feat xlink:href="#sSpan1097" value="ⲡⲉⲓ"/>
		<feat xlink:href="#sSpan1101" value="ⲅⲉⲛⲉⲁ"/>
		<feat xlink:href="#sSpan1103" value="."/>
		<feat xlink:href="#sSpan1107" value="ⲛⲧⲉⲣⲉ"/>
		<feat xlink:href="#sSpan1116" value="ⲛⲧⲟϥ"/>
		<feat xlink:href="#sSpan1118" value="ⲗⲟ"/>
		<feat xlink:href="#sSpan1120" value="ϩⲁ"/>
		<feat xlink:href="#sSpan1124" value="ⲛⲧⲟⲟⲩ"/>
		<feat xlink:href="#sSpan1126" value="ⲁ"/>
		<feat xlink:href="#sSpan1130" value="ⲛⲧⲟϥ"/>
		<feat xlink:href="#sSpan1132" value="ⲧⲁⲗⲉ"/>
		<feat xlink:href="#sSpan1134" value="ⲟⲛ"/>
		<feat xlink:href="#sSpan1138" value="ⲉ"/>
		<feat xlink:href="#sSpan1142" value="ⲡ"/>
		<feat xlink:href="#sSpan1145" value="ϫⲟⲉⲓ"/>
		<feat xlink:href="#sSpan1147" value="ⲁ"/>
		<feat xlink:href="#sSpan1151" value="ⲛⲧⲟϥ"/>
		<feat xlink:href="#sSpan1153" value="ⲃⲱⲕ"/>
		<feat xlink:href="#sSpan1156" value="ⲉ"/>
		<feat xlink:href="#sSpan1160" value="ⲡⲉⲓ"/>
		<feat xlink:href="#sSpan1163" value="ⲕⲣⲟ"/>
		<feat xlink:href="#sSpan1165" value="ⲁ"/>
		<feat xlink:href="#sSpan1173" value="ⲛⲧⲟⲟⲩ"/>
		<feat xlink:href="#sSpan1175" value="ⲉⲓⲣⲉ"/>
		<feat xlink:href="#sSpan1178" value="ⲡ"/>
		<feat xlink:href="#sSpan1180" value="ⲱⲃϣ"/>
		<feat xlink:href="#sSpan1182" value="ⲛ"/>
		<feat xlink:href="#sSpan1187" value="ϫⲓⲟⲉⲓⲕ"/>
		<feat xlink:href="#sSpan1190" value="ⲛⲁ"/>
		<feat xlink:href="#sSpan1194" value="ⲛⲧⲟⲟⲩ"/>
		<feat xlink:href="#sSpan1196" value="."/>
		<feat xlink:href="#sSpan1200" value="ⲁⲩⲱ"/>
		<feat xlink:href="#sSpan1204" value="ⲛⲉⲣⲉ"/>
		<feat xlink:href="#sSpan1208" value="ⲙⲙⲛⲧⲁ"/>
		<feat xlink:href="#sSpan1212" value="ⲛⲧⲟⲟⲩ"/>
		<feat xlink:href="#sSpan1214" value="ⲙⲙⲁⲩ"/>
		<feat xlink:href="#sSpan1218" value="ⲛⲥⲁ"/>
		<feat xlink:href="#sSpan1222" value="ⲟⲩ"/>
		<feat xlink:href="#sSpan1225" value="ⲟⲉⲓⲕ"/>
		<feat xlink:href="#sSpan1227" value="ⲟⲩⲱⲧ"/>
		<feat xlink:href="#sSpan1231" value="ϩⲛ"/>
		<feat xlink:href="#sSpan1235" value="ⲡ"/>
		<feat xlink:href="#sSpan1238" value="ϫⲟⲉⲓ"/>
		<feat xlink:href="#sSpan1240" value="ⲁ"/>
		<feat xlink:href="#sSpan1248" value="ⲛⲧⲟϥ"/>
		<feat xlink:href="#sSpan1250" value="ϩⲱⲛ"/>
		<feat xlink:href="#sSpan1252" value="ⲉⲧⲛ"/>
		<feat xlink:href="#sSpan1256" value="ⲛⲧⲟⲟⲩ"/>
		<feat xlink:href="#sSpan1258" value="ⲉⲣⲉ"/>
		<feat xlink:href="#sSpan1262" value="ⲛⲧⲟϥ"/>
		<feat xlink:href="#sSpan1264" value="ϫⲱ"/>
		<feat xlink:href="#sSpan1266" value="ⲛ"/>
		<feat xlink:href="#sSpan1270" value="ⲛⲧⲟⲥ"/>
		<feat xlink:href="#sSpan1272" value="ϫⲉ"/>
		<feat xlink:href="#sSpan1276" value="ϭⲱϣⲧ"/>
		<feat xlink:href="#sSpan1278" value="ⲛⲧⲉ"/>
		<feat xlink:href="#sSpan1282" value="ⲛⲧⲱⲧⲛ"/>
		<feat xlink:href="#sSpan1284" value="ϯ"/>
		<feat xlink:href="#sSpan1286" value="ϩⲏⲧ"/>
		<feat xlink:href="#sSpan1288" value="ⲛⲧⲱⲧⲛ"/>
		<feat xlink:href="#sSpan1290" value="ⲉ"/>
		<feat xlink:href="#sSpan1294" value="ⲛⲧⲱⲧⲛ"/>
		<feat xlink:href="#sSpan1296" value="ⲉ"/>
		<feat xlink:href="#sSpan1300" value="ⲡ"/>
		<feat xlink:href="#sSpan1303" value="ⲑⲁⲃ"/>
		<feat xlink:href="#sSpan1305" value="ⲛ"/>
		<feat xlink:href="#sSpan1309" value="ⲡ"/>
		<feat xlink:href="#sSpan1313" value="ⲫⲁⲣⲓⲥⲥⲁⲓⲟⲥ"/>
		<feat xlink:href="#sSpan1315" value="ⲙⲛ"/>
		<feat xlink:href="#sSpan1319" value="ⲡ"/>
		<feat xlink:href="#sSpan1322" value="ⲑⲁⲃ"/>
		<feat xlink:href="#sSpan1324" value="ⲛ"/>
		<feat xlink:href="#sSpan1329" value="ϩⲏⲣⲱⲇⲏⲥ"/>
		<feat xlink:href="#sSpan1332" value="ⲁ"/>
		<feat xlink:href="#sSpan1341" value="ⲛⲧⲟⲟⲩ"/>
		<feat xlink:href="#sSpan1343" value="ⲙⲟⲕⲙⲉⲕ"/>
		<feat xlink:href="#sSpan1345" value="ⲛⲧⲟⲟⲩ"/>
		<feat xlink:href="#sSpan1347" value="ⲙⲛ"/>
		<feat xlink:href="#sSpan1351" value="ⲡⲉⲩ"/>
		<feat xlink:href="#sSpan1353" value="ⲉⲣⲏⲩ"/>
		<feat xlink:href="#sSpan1355" value="ϫⲉ"/>
		<feat xlink:href="#sSpan1359" value="ⲙⲛⲧⲉ"/>
		<feat xlink:href="#sSpan1361" value="ⲛⲧⲟⲟⲩ"/>
		<feat xlink:href="#sSpan1363" value="ⲟⲉⲓⲕ"/>
		<feat xlink:href="#sSpan1366" value="ⲙⲙⲁⲩ"/>
		<feat xlink:href="#sSpan1370" value="."/>
		<feat xlink:href="#sSpan1374" value="ⲛⲧⲉⲣⲉ"/>
		<feat xlink:href="#sSpan1383" value="ⲛⲧⲟϥ"/>
		<feat xlink:href="#sSpan1385" value="ⲉⲓⲙⲉ"/>
		<feat xlink:href="#sSpan1388" value="ⲇⲉ"/>
		<feat xlink:href="#sSpan1392" value="ⲡⲉϫⲉ"/>
		<feat xlink:href="#sSpan1396" value="ⲛⲧⲟϥ"/>
		<feat xlink:href="#sSpan1398" value="ⲛⲁ"/>
		<feat xlink:href="#sSpan1402" value="ⲛⲧⲟⲟⲩ"/>
		<feat xlink:href="#sSpan1404" value="ϫⲉ"/>
		<feat xlink:href="#sSpan1408" value="ⲉⲧⲃⲉ"/>
		<feat xlink:href="#sSpan1411" value="ⲟⲩ"/>
		<feat xlink:href="#sSpan1415" value="ⲛⲧⲱⲧⲛ"/>
		<feat xlink:href="#sSpan1419" value="ⲙⲟⲕⲙⲉⲕ"/>
		<feat xlink:href="#sSpan1421" value="ϫⲉ"/>
		<feat xlink:href="#sSpan1425" value="ⲙⲙⲛⲧⲏ"/>
		<feat xlink:href="#sSpan1427" value="ⲛⲧⲱⲧⲛ"/>
		<feat xlink:href="#sSpan1429" value="ⲟⲉⲓⲕ"/>
		<feat xlink:href="#sSpan1432" value="ⲙⲙⲁⲩ"/>
		<feat xlink:href="#sSpan1436" value="."/>
		<feat xlink:href="#sSpan1440" value="ⲛ"/>
		<feat xlink:href="#sSpan1444" value="ⲛⲧⲱⲧⲛ"/>
		<feat xlink:href="#sSpan1447" value="ⲛⲟⲉⲓ"/>
		<feat xlink:href="#sSpan1449" value="ⲁⲛ"/>
		<feat xlink:href="#sSpan1454" value="ⲟⲩⲇⲉ"/>
		<feat xlink:href="#sSpan1458" value="ⲛ"/>
		<feat xlink:href="#sSpan1462" value="ⲛⲧⲱⲧⲛ"/>
		<feat xlink:href="#sSpan1464" value="ϯ"/>
		<feat xlink:href="#sSpan1466" value="ⲁⲛ"/>
		<feat xlink:href="#sSpan1470" value="ⲛ"/>
		<feat xlink:href="#sSpan1474" value="ϩⲏⲧ"/>
		<feat xlink:href="#sSpan1476" value="ⲛⲧⲱⲧⲛ"/>
		<feat xlink:href="#sSpan1478" value="ⲡⲉⲧⲛ"/>
		<feat xlink:href="#sSpan1483" value="ϩⲏⲧ"/>
		<feat xlink:href="#sSpan1485" value="ⲧⲏⲙ"/>
		<feat xlink:href="#sSpan1489" value="ⲉⲣⲉ"/>
		<feat xlink:href="#sSpan1497" value="ⲡⲉⲧⲛ"/>
		<feat xlink:href="#sSpan1500" value="ⲃⲁⲗ"/>
		<feat xlink:href="#sSpan1502" value="ⲛ"/>
		<feat xlink:href="#sSpan1506" value="ⲛⲧⲱⲧⲛ"/>
		<feat xlink:href="#sSpan1508" value="ⲛ"/>
		<feat xlink:href="#sSpan1512" value="ⲛⲧⲱⲧⲛ"/>
		<feat xlink:href="#sSpan1514" value="ⲉⲓⲱⲣϩ"/>
		<feat xlink:href="#sSpan1516" value="ⲁⲛ"/>
		<feat xlink:href="#sSpan1520" value="."/>
		<feat xlink:href="#sSpan1524" value="ⲁⲩⲱ"/>
		<feat xlink:href="#sSpan1528" value="ⲉⲣⲉ"/>
		<feat xlink:href="#sSpan1532" value="ⲡⲉⲧⲛ"/>
		<feat xlink:href="#sSpan1535" value="ⲙⲁⲁϫⲉ"/>
		<feat xlink:href="#sSpan1537" value="ⲛ"/>
		<feat xlink:href="#sSpan1541" value="ⲛⲧⲱⲧⲛ"/>
		<feat xlink:href="#sSpan1543" value="ⲛ"/>
		<feat xlink:href="#sSpan1547" value="ⲛⲧⲱⲧⲛ"/>
		<feat xlink:href="#sSpan1549" value="ⲥⲱⲧⲙ"/>
		<feat xlink:href="#sSpan1551" value="ⲁⲛ"/>
		<feat xlink:href="#sSpan1555" value="ⲁⲩⲱ"/>
		<feat xlink:href="#sSpan1559" value="ⲛ"/>
		<feat xlink:href="#sSpan1563" value="ⲛⲧⲱⲧⲛ"/>
		<feat xlink:href="#sSpan1565" value="ⲉⲓⲣⲉ"/>
		<feat xlink:href="#sSpan1567" value="ⲡ"/>
		<feat xlink:href="#sSpan1569" value="ⲙⲉⲉⲩⲉ"/>
		<feat xlink:href="#sSpan1571" value="ⲁⲛ"/>
		<feat xlink:href="#sSpan1575" value="ⲛⲧⲉⲣⲉ"/>
		<feat xlink:href="#sSpan1584" value="ⲁⲛⲟⲕ"/>
		<feat xlink:href="#sSpan1586" value="ⲡⲱϣ"/>
		<feat xlink:href="#sSpan1588" value="ⲧⲓⲟⲩ"/>
		<feat xlink:href="#sSpan1591" value="ⲛ"/>
		<feat xlink:href="#sSpan1593" value="ⲟⲉⲓⲕ"/>
		<feat xlink:href="#sSpan1595" value="ⲉ"/>
		<feat xlink:href="#sSpan1599" value="ⲡ"/>
		<feat xlink:href="#sSpan1602" value="ϭⲓⲥ"/>
		<feat xlink:href="#sSpan1604" value="ⲧⲃⲁ"/>
		<feat xlink:href="#sSpan1606" value="ⲛ"/>
		<feat xlink:href="#sSpan1610" value="ⲣⲱⲙⲉ"/>
		<feat xlink:href="#sSpan1612" value="."/>
		<feat xlink:href="#sSpan1616" value="ⲁ"/>
		<feat xlink:href="#sSpan1620" value="ⲛⲧⲱⲧⲛ"/>
		<feat xlink:href="#sSpan1622" value="ϥⲓ"/>
		<feat xlink:href="#sSpan1624" value="ⲟⲩⲏⲣ"/>
		<feat xlink:href="#sSpan1629" value="ⲛ"/>
		<feat xlink:href="#sSpan1633" value="ⲕⲟⲧ"/>
		<feat xlink:href="#sSpan1635" value="ⲉⲣⲉ"/>
		<feat xlink:href="#sSpan1639" value="ⲛⲧⲟⲟⲩ"/>
		<feat xlink:href="#sSpan1641" value="ⲙⲟⲩϩ"/>
		<feat xlink:href="#sSpan1643" value="ⲛ"/>
		<feat xlink:href="#sSpan1647" value="ⲗⲁⲕⲙ"/>
		<feat xlink:href="#sSpan1650" value="ⲡⲉϫⲉ"/>
		<feat xlink:href="#sSpan1654" value="ⲛⲧⲟⲟⲩ"/>
		<feat xlink:href="#sSpan1656" value="ⲛⲁ"/>
		<feat xlink:href="#sSpan1660" value="ⲛⲧⲟϥ"/>
		<feat xlink:href="#sSpan1662" value="ϫⲉ"/>
		<feat xlink:href="#sSpan1667" value="ⲙⲛⲧⲥⲛⲟⲟⲩⲥ"/>
		<feat xlink:href="#sSpan1671" value="."/>
		<feat xlink:href="#sSpan1675" value="ⲛⲧⲉⲣⲉ"/>
		<feat xlink:href="#sSpan1684" value="ⲁⲛⲟⲕ"/>
		<feat xlink:href="#sSpan1686" value="ⲡⲱϣ"/>
		<feat xlink:href="#sSpan1688" value="ⲟⲛ"/>
		<feat xlink:href="#sSpan1692" value="ⲛ"/>
		<feat xlink:href="#sSpan1696" value="ⲡ"/>
		<feat xlink:href="#sSpan1699" value="ⲥⲁϣϥ"/>
		<feat xlink:href="#sSpan1701" value="ⲡ"/>
		<feat xlink:href="#sSpan1705" value="ⲟⲉⲓⲕ"/>
		<feat xlink:href="#sSpan1707" value="ⲉ"/>
		<feat xlink:href="#sSpan1711" value="ⲡ"/>
		<feat xlink:href="#sSpan1714" value="ϩⲙⲉ"/>
		<feat xlink:href="#sSpan1716" value="ⲛ"/>
		<feat xlink:href="#sSpan1720" value="ϣⲉ"/>
		<feat xlink:href="#sSpan1722" value="ⲛ"/>
		<feat xlink:href="#sSpan1726" value="ⲣⲱⲙⲉ"/>
		<feat xlink:href="#sSpan1728" value="ⲁ"/>
		<feat xlink:href="#sSpan1732" value="ⲛⲧⲱⲧⲛ"/>
		<feat xlink:href="#sSpan1734" value="ϥⲓ"/>
		<feat xlink:href="#sSpan1736" value="ⲟⲩⲏⲣ"/>
		<feat xlink:href="#sSpan1741" value="ⲛ"/>
		<feat xlink:href="#sSpan1745" value="ⲃⲓⲣ"/>
		<feat xlink:href="#sSpan1747" value="ⲉⲣⲉ"/>
		<feat xlink:href="#sSpan1751" value="ⲛⲧⲟⲟⲩ"/>
		<feat xlink:href="#sSpan1753" value="ⲙⲟⲩϩ"/>
		<feat xlink:href="#sSpan1755" value="ⲛ"/>
		<feat xlink:href="#sSpan1759" value="ⲗⲁⲕⲙ"/>
		<feat xlink:href="#sSpan1762" value="."/>
		<feat xlink:href="#sSpan1766" value="ⲡⲉϫⲉ"/>
		<feat xlink:href="#sSpan1770" value="ⲛⲧⲟⲟⲩ"/>
		<feat xlink:href="#sSpan1772" value="ⲛⲁ"/>
		<feat xlink:href="#sSpan1776" value="ⲛⲧⲟϥ"/>
		<feat xlink:href="#sSpan1778" value="ϫⲉ"/>
		<feat xlink:href="#sSpan1782" value="ⲥⲁϣϥ"/>
		<feat xlink:href="#sSpan1785" value="."/>
		<feat xlink:href="#sSpan1789" value="ⲡⲉϫⲉ"/>
		<feat xlink:href="#sSpan1798" value="ⲛⲧⲟϥ"/>
		<feat xlink:href="#sSpan1800" value="ⲛⲁ"/>
		<feat xlink:href="#sSpan1804" value="ⲛⲧⲟⲟⲩ"/>
		<feat xlink:href="#sSpan1806" value="ϫⲉ"/>
		<feat xlink:href="#sSpan1811" value="ⲡⲱⲥ"/>
		<feat xlink:href="#sSpan1813" value="ϭⲉ"/>
		<feat xlink:href="#sSpan1817" value="ⲛ"/>
		<feat xlink:href="#sSpan1821" value="ⲛⲧⲱⲧⲛ"/>
		<feat xlink:href="#sSpan1824" value="ⲛⲟⲉⲓ"/>
		<feat xlink:href="#sSpan1826" value="ⲁⲛ"/>
		<feat xlink:href="#sSpan1830" value="."/>
		<feat xlink:href="#sSpan1834" value="ⲉⲣⲉ"/>
		<feat xlink:href="#sSpan1843" value="ⲛⲧⲟⲟⲩ"/>
		<feat xlink:href="#sSpan1845" value="ⲉⲓ"/>
		<feat xlink:href="#sSpan1848" value="ⲇⲉ"/>
		<feat xlink:href="#sSpan1852" value="ⲉϩⲣⲁⲓ"/>
		<feat xlink:href="#sSpan1856" value="ⲉ"/>
		<feat xlink:href="#sSpan1861" value="ⲃⲏⲇⲥⲁⲓⲇⲁⲛ"/>
		<feat xlink:href="#sSpan1864" value="ⲁⲩⲱ"/>
		<feat xlink:href="#sSpan1868" value="ⲁ"/>
		<feat xlink:href="#sSpan1872" value="ⲛⲧⲟⲟⲩ"/>
		<feat xlink:href="#sSpan1874" value="ⲉⲓⲛⲉ"/>
		<feat xlink:href="#sSpan1876" value="ⲛⲁ"/>
		<feat xlink:href="#sSpan1880" value="ⲛⲧⲟϥ"/>
		<feat xlink:href="#sSpan1882" value="ⲛ"/>
		<feat xlink:href="#sSpan1886" value="ⲟⲩ"/>
		<feat xlink:href="#sSpan1889" value="ⲃⲗⲗⲉ"/>
		<feat xlink:href="#sSpan1891" value="ⲁ"/>
		<feat xlink:href="#sSpan1895" value="ⲛⲧⲟⲟⲩ"/>
		<feat xlink:href="#sSpan1897" value="ⲥⲟⲡⲥⲡ"/>
		<feat xlink:href="#sSpan1899" value="ⲛⲧⲟϥ"/>
		<feat xlink:href="#sSpan1902" value="ⲇⲉ"/>
		<feat xlink:href="#sSpan1906" value="ϫⲉⲕⲁⲁⲥ"/>
		<feat xlink:href="#sSpan1910" value="ⲉⲣⲉ_ⲛⲧⲟϥ"/>
		<feat xlink:href="#sSpan1914" value="ϫⲱϩ"/>
		<feat xlink:href="#sSpan1916" value="ⲉ"/>
		<feat xlink:href="#sSpan1920" value="ⲛⲧⲟϥ"/>
		<feat xlink:href="#sSpan1922" value="ⲛⲧⲉⲣⲉ"/>
		<feat xlink:href="#sSpan1931" value="ⲛⲧⲟϥ"/>
		<feat xlink:href="#sSpan1933" value="ⲁⲙⲁϩⲧⲉ"/>
		<feat xlink:href="#sSpan1935" value="ⲛⲧⲛ"/>
		<feat xlink:href="#sSpan1939" value="ⲛⲧⲟϥ"/>
		<feat xlink:href="#sSpan1941" value="ⲛ"/>
		<feat xlink:href="#sSpan1945" value="ⲡ"/>
		<feat xlink:href="#sSpan1948" value="ⲃⲗⲗⲉ"/>
		<feat xlink:href="#sSpan1950" value="."/>
		<feat xlink:href="#sSpan1954" value="ⲁ"/>
		<feat xlink:href="#sSpan1958" value="ⲛⲧⲟϥ"/>
		<feat xlink:href="#sSpan1960" value="ⲉⲓⲛⲉ"/>
		<feat xlink:href="#sSpan1962" value="ⲛⲧⲟϥ"/>
		<feat xlink:href="#sSpan1964" value="ⲉ"/>
		<feat xlink:href="#sSpan1968" value="ⲡ"/>
		<feat xlink:href="#sSpan1971" value="ⲃⲟⲗ"/>
		<feat xlink:href="#sSpan1973" value="ⲛ"/>
		<feat xlink:href="#sSpan1977" value="ⲡ"/>
		<feat xlink:href="#sSpan1981" value="ⲕⲱⲙⲏ"/>
		<feat xlink:href="#sSpan1983" value="."/>
		<feat xlink:href="#sSpan1987" value="ⲁⲩⲱ"/>
		<feat xlink:href="#sSpan1991" value="ⲛⲧⲉⲣⲉ"/>
		<feat xlink:href="#sSpan1995" value="ⲛⲧⲟϥ"/>
		<feat xlink:href="#sSpan1997" value="ⲛⲟⲩϫⲉ"/>
		<feat xlink:href="#sSpan1999" value="ⲡⲁϭⲥⲉ"/>
		<feat xlink:href="#sSpan2002" value="ⲉϩⲟⲩⲛ"/>
		<feat xlink:href="#sSpan2006" value="ϩⲛ"/>
		<feat xlink:href="#sSpan2010" value="ⲡⲉϥ"/>
		<feat xlink:href="#sSpan2015" value="ⲃⲁⲗ"/>
		<feat xlink:href="#sSpan2017" value="ⲁ"/>
		<feat xlink:href="#sSpan2021" value="ⲛⲧⲟϥ"/>
		<feat xlink:href="#sSpan2023" value="ⲕⲱ"/>
		<feat xlink:href="#sSpan2025" value="ⲧⲱⲣⲉ"/>
		<feat xlink:href="#sSpan2028" value="ⲛⲧⲟϥ"/>
		<feat xlink:href="#sSpan2030" value="ϩⲓϫⲛ"/>
		<feat xlink:href="#sSpan2034" value="ⲛⲧⲟϥ"/>
		<feat xlink:href="#sSpan2036" value="ⲁ"/>
		<feat xlink:href="#sSpan2040" value="ⲛⲧⲟϥ"/>
		<feat xlink:href="#sSpan2042" value="ϫⲛⲟⲩ"/>
		<feat xlink:href="#sSpan2044" value="ⲛⲧⲟϥ"/>
		<feat xlink:href="#sSpan2047" value="ⲇⲉ"/>
		<feat xlink:href="#sSpan2051" value="ϫⲉ"/>
		<feat xlink:href="#sSpan2055" value="ⲉⲣⲉ"/>
		<feat xlink:href="#sSpan2057" value="ⲛⲧⲟⲕ"/>
		<feat xlink:href="#sSpan2059" value="ⲛⲁⲩ"/>
		<feat xlink:href="#sSpan2061" value="ⲉ"/>
		<feat xlink:href="#sSpan2065" value="ⲟⲩ"/>
		<feat xlink:href="#sSpan2067" value="."/>
		<feat xlink:href="#sSpan2071" value="ⲛⲧⲉⲣⲉ"/>
		<feat xlink:href="#sSpan2079" value="ⲛⲧⲟϥ"/>
		<feat xlink:href="#sSpan2081" value="ϥⲓ"/>
		<feat xlink:href="#sSpan2083" value="ⲉⲓⲁ"/>
		<feat xlink:href="#sSpan2086" value="ⲛⲧⲟϥ"/>
		<feat xlink:href="#sSpan2089" value="ⲇⲉ"/>
		<feat xlink:href="#sSpan2093" value="ⲉϩⲣⲁⲓ"/>
		<feat xlink:href="#sSpan2097" value="ⲡⲉϫⲉ"/>
		<feat xlink:href="#sSpan2101" value="ⲛⲧⲟϥ"/>
		<feat xlink:href="#sSpan2103" value="ϫⲉ"/>
		<feat xlink:href="#sSpan2107" value="ⲁⲛⲟⲕ"/>
		<feat xlink:href="#sSpan2109" value="ⲛⲁⲩ"/>
		<feat xlink:href="#sSpan2111" value="ⲉ"/>
		<feat xlink:href="#sSpan2115" value="ⲡ"/>
		<feat xlink:href="#sSpan2118" value="ⲣⲱⲙⲉ"/>
		<feat xlink:href="#sSpan2120" value="ⲉⲣⲉ"/>
		<feat xlink:href="#sSpan2124" value="ⲛⲧⲟⲟⲩ"/>
		<feat xlink:href="#sSpan2126" value="ⲙⲟⲟϣⲉ"/>
		<feat xlink:href="#sSpan2128" value="ⲛ"/>
		<feat xlink:href="#sSpan2132" value="ⲡ"/>
		<feat xlink:href="#sSpan2134" value="ϩⲉ"/>
		<feat xlink:href="#sSpan2136" value="ⲛ"/>
		<feat xlink:href="#sSpan2140" value="ⲟⲩ"/>
		<feat xlink:href="#sSpan2143" value="ϣⲏⲛ"/>
		<feat xlink:href="#sSpan2145" value="."/>
		<feat xlink:href="#sSpan2149" value="ⲁ"/>
		<feat xlink:href="#sSpan2158" value="ⲛⲧⲟϥ"/>
		<feat xlink:href="#sSpan2160" value="ⲕⲱ"/>
		<feat xlink:href="#sSpan2162" value="ⲧⲱⲣⲉ"/>
		<feat xlink:href="#sSpan2165" value="ⲛⲧⲟϥ"/>
		<feat xlink:href="#sSpan2167" value="ϩⲓϫⲛ"/>
		<feat xlink:href="#sSpan2171" value="ⲡⲉϥ"/>
		<feat xlink:href="#sSpan2174" value="ⲃⲁⲗ"/>
		<feat xlink:href="#sSpan2176" value="ⲉⲓⲁ"/>
		<feat xlink:href="#sSpan2181" value="ⲛⲧⲟϥ"/>
		<feat xlink:href="#sSpan2183" value="ⲥⲱⲧϥ"/>
		<feat xlink:href="#sSpan2187" value="ⲁ"/>
		<feat xlink:href="#sSpan2191" value="ⲛⲧⲟϥ"/>
		<feat xlink:href="#sSpan2193" value="ⲉⲓⲱⲣϩ"/>
		<feat xlink:href="#sSpan2195" value="ⲁⲩⲱ"/>
		<feat xlink:href="#sSpan2199" value="ⲁ"/>
		<feat xlink:href="#sSpan2203" value="ⲛⲧⲟϥ"/>
		<feat xlink:href="#sSpan2205" value="ⲛⲁⲩ"/>
		<feat xlink:href="#sSpan2207" value="ⲉ"/>
		<feat xlink:href="#sSpan2211" value="ⲛⲕⲁ"/>
		<feat xlink:href="#sSpan2215" value="ⲛⲓⲙ"/>
		<feat xlink:href="#sSpan2220" value="ⲕⲁⲗⲱⲥ"/>
		<feat xlink:href="#sSpan2224" value="."/>
		<feat xlink:href="#sSpan2228" value="ⲁ"/>
		<feat xlink:href="#sSpan2237" value="ⲛⲧⲟϥ"/>
		<feat xlink:href="#sSpan2239" value="ϫⲟⲟⲩ"/>
		<feat xlink:href="#sSpan2241" value="ⲛⲧⲟϥ"/>
		<feat xlink:href="#sSpan2243" value="ⲉϩⲣⲁⲓ"/>
		<feat xlink:href="#sSpan2247" value="ⲉ"/>
		<feat xlink:href="#sSpan2251" value="ⲡⲉϥ"/>
		<feat xlink:href="#sSpan2254" value="ⲏⲓ"/>
		<feat xlink:href="#sSpan2256" value="ⲉⲣⲉ"/>
		<feat xlink:href="#sSpan2260" value="ⲛⲧⲟϥ"/>
		<feat xlink:href="#sSpan2262" value="ϫⲱ"/>
		<feat xlink:href="#sSpan2264" value="ⲛ"/>
		<feat xlink:href="#sSpan2268" value="ⲛⲧⲟⲥ"/>
		<feat xlink:href="#sSpan2270" value="ⲛⲁ"/>
		<feat xlink:href="#sSpan2274" value="ⲛⲧⲟϥ"/>
		<feat xlink:href="#sSpan2276" value="ϫⲉ"/>
		<feat xlink:href="#sSpan2280" value="ⲙⲡⲣ"/>
		<feat xlink:href="#sSpan2282" value="ⲃⲱⲕ"/>
		<feat xlink:href="#sSpan2284" value="ⲣⲱ"/>
		<feat xlink:href="#sSpan2288" value="ⲉϩⲟⲩⲛ"/>
		<feat xlink:href="#sSpan2292" value="ⲉ"/>
		<feat xlink:href="#sSpan2296" value="ⲡ"/>
		<feat xlink:href="#sSpan2300" value="ⲕⲱⲙⲏ"/>
		<feat xlink:href="#sSpan2302" value="."/>
		<feat xlink:href="#sSpan2307" value="ⲓⲏⲥⲟⲩⲥ"/>
		<feat xlink:href="#sSpan2316" value="ⲁ"/>
		<feat xlink:href="#sSpan2320" value="ⲛⲧⲟϥ"/>
		<feat xlink:href="#sSpan2322" value="ⲉⲓ"/>
		<feat xlink:href="#sSpan2325" value="ⲉⲃⲟⲗ"/>
		<feat xlink:href="#sSpan2329" value="ⲙⲛ"/>
		<feat xlink:href="#sSpan2333" value="ⲡⲉϥ"/>
		<feat xlink:href="#sSpan2337" value="ⲙⲁⲑⲏⲧⲏⲥ"/>
		<feat xlink:href="#sSpan2339" value="ⲉ"/>
		<feat xlink:href="#sSpan2343" value="ⲡ"/>
		<feat xlink:href="#sSpan2347" value="ⲕⲱⲙⲏ"/>
		<feat xlink:href="#sSpan2349" value="ⲛ"/>
		<feat xlink:href="#sSpan2353" value="ⲡ"/>
		<feat xlink:href="#sSpan2357" value="ⲕⲉⲥⲁⲣⲓⲁ"/>
		<feat xlink:href="#sSpan2359" value="ⲛⲧⲉ"/>
		<feat xlink:href="#sSpan2364" value="ⲫⲓⲗⲓⲡⲡⲟⲥ"/>
		<feat xlink:href="#sSpan2367" value="."/>
		<feat xlink:href="#sSpan2371" value="ⲁⲩⲱ"/>
		<feat xlink:href="#sSpan2375" value="ⲉⲣⲉ"/>
		<feat xlink:href="#sSpan2379" value="ⲛⲧⲟϥ"/>
		<feat xlink:href="#sSpan2381" value="ϩⲛ"/>
		<feat xlink:href="#sSpan2383" value="ⲡ"/>
		<feat xlink:href="#sSpan2386" value="ϩⲓⲏ"/>
		<feat xlink:href="#sSpan2388" value="ⲁ"/>
		<feat xlink:href="#sSpan2392" value="ⲛⲧⲟϥ"/>
		<feat xlink:href="#sSpan2394" value="ϫⲛⲟⲩ"/>
		<feat xlink:href="#sSpan2396" value="ⲡⲉϥ"/>
		<feat xlink:href="#sSpan2402" value="ⲙⲁⲑⲏⲧⲏⲥ"/>
		<feat xlink:href="#sSpan2404" value="ⲉⲣⲉ"/>
		<feat xlink:href="#sSpan2408" value="ⲛⲧⲟϥ"/>
		<feat xlink:href="#sSpan2410" value="ϫⲱ"/>
		<feat xlink:href="#sSpan2412" value="ⲛ"/>
		<feat xlink:href="#sSpan2416" value="ⲛⲧⲟⲥ"/>
		<feat xlink:href="#sSpan2418" value="ⲛⲁ"/>
		<feat xlink:href="#sSpan2422" value="ⲛⲧⲟⲟⲩ"/>
		<feat xlink:href="#sSpan2424" value="."/>
		<feat xlink:href="#sSpan2428" value="ϫⲉ"/>
		<feat xlink:href="#sSpan2432" value="ⲉⲣⲉ"/>
		<feat xlink:href="#sSpan2434" value="ⲡ"/>
		<feat xlink:href="#sSpan2437" value="ⲣⲱⲙⲉ"/>
		<feat xlink:href="#sSpan2439" value="ϫⲱ"/>
		<feat xlink:href="#sSpan2443" value="ⲛ"/>
		<feat xlink:href="#sSpan2447" value="ⲛⲧⲟⲥ"/>
		<feat xlink:href="#sSpan2449" value="ⲉ"/>
		<feat xlink:href="#sSpan2453" value="ⲁⲛⲟⲕ"/>
		<feat xlink:href="#sSpan2455" value="ϫⲉ"/>
		<feat xlink:href="#sSpan2459" value="ⲁⲛⲟⲕ"/>
		<feat xlink:href="#sSpan2461" value="ⲛⲓⲙ"/>
		<feat xlink:href="#sSpan2463" value="."/>
		<feat xlink:href="#sSpan2467" value="ⲛⲧⲟⲟⲩ"/>
		<feat xlink:href="#sSpan2477" value="ⲇⲉ"/>
		<feat xlink:href="#sSpan2481" value="ⲡⲉϫⲉ"/>
		<feat xlink:href="#sSpan2485" value="ⲛⲧⲟⲟⲩ"/>
		<feat xlink:href="#sSpan2487" value="ⲛⲁ"/>
		<feat xlink:href="#sSpan2491" value="ⲛⲧⲟϥ"/>
		<feat xlink:href="#sSpan2493" value="ϫⲉ"/>
		<feat xlink:href="#sSpan2497" value="ϩⲟⲓⲛⲉ"/>
		<feat xlink:href="#sSpan2500" value="ϫⲉ"/>
		<feat xlink:href="#sSpan2505" value="ⲓⲱϩⲁⲛⲛⲏⲥ"/>
		<feat xlink:href="#sSpan2508" value="ⲡⲉ"/>
		<feat xlink:href="#sSpan2512" value="ⲡ"/>
		<feat xlink:href="#sSpan2517" value="ⲃⲁⲡⲧⲓⲥⲧⲏⲥ"/>
		<feat xlink:href="#sSpan2519" value="."/>
		<feat xlink:href="#sSpan2523" value="ⲟⲩ"/>
		<feat xlink:href="#sSpan2528" value="ⲕⲉ"/>
		<feat xlink:href="#sSpan2530" value="ϫⲉ"/>
		<feat xlink:href="#sSpan2535" value="ϩⲏⲗⲉⲓⲁⲥ"/>
		<feat xlink:href="#sSpan2538" value="ⲡⲉ"/>
		<feat xlink:href="#sSpan2542" value="."/>
		<feat xlink:href="#sSpan2546" value="ⲟⲩ"/>
		<feat xlink:href="#sSpan2551" value="ⲕⲉ"/>
		<feat xlink:href="#sSpan2554" value="ⲇⲉ"/>
		<feat xlink:href="#sSpan2558" value="ϫⲉ"/>
		<feat xlink:href="#sSpan2562" value="ⲟⲩⲁ"/>
		<feat xlink:href="#sSpan2565" value="ⲡⲉ"/>
		<feat xlink:href="#sSpan2569" value="ⲛ"/>
		<feat xlink:href="#sSpan2573" value="ⲡ"/>
		<feat xlink:href="#sSpan2577" value="ⲡⲣⲟⲫⲏⲧⲏⲥ"/>
		<feat xlink:href="#sSpan2579" value="."/>
		<feat xlink:href="#sSpan2583" value="ⲛⲧⲟϥ"/>
		<feat xlink:href="#sSpan2593" value="ⲇⲉ"/>
		<feat xlink:href="#sSpan2597" value="ⲁ"/>
		<feat xlink:href="#sSpan2601" value="ⲛⲧⲟϥ"/>
		<feat xlink:href="#sSpan2603" value="ϫⲛⲟⲩ"/>
		<feat xlink:href="#sSpan2605" value="ⲛⲧⲟⲟⲩ"/>
		<feat xlink:href="#sSpan2607" value="ϫⲉ"/>
		<feat xlink:href="#sSpan2611" value="ⲛⲧⲱⲧⲛ"/>
		<feat xlink:href="#sSpan2614" value="ⲇⲉ"/>
		<feat xlink:href="#sSpan2618" value="ⲉⲣⲉ"/>
		<feat xlink:href="#sSpan2622" value="ⲛⲧⲱⲧⲛ"/>
		<feat xlink:href="#sSpan2624" value="ϫⲱ"/>
		<feat xlink:href="#sSpan2626" value="ⲛ"/>
		<feat xlink:href="#sSpan2630" value="ⲛⲧⲟⲥ"/>
		<feat xlink:href="#sSpan2632" value="ⲉ"/>
		<feat xlink:href="#sSpan2636" value="ⲁⲛⲟⲕ"/>
		<feat xlink:href="#sSpan2638" value="ϫⲉ"/>
		<feat xlink:href="#sSpan2642" value="ⲁⲛⲟⲕ"/>
		<feat xlink:href="#sSpan2644" value="ⲛⲓⲙ"/>
		<feat xlink:href="#sSpan2646" value="."/>
		<feat xlink:href="#sSpan2650" value="ⲁ"/>
		<feat xlink:href="#sSpan2654" value="ⲛⲧⲟϥ"/>
		<feat xlink:href="#sSpan2656" value="ⲟⲩⲱϣⲃ"/>
		<feat xlink:href="#sSpan2659" value="ⲇⲉ"/>
		<feat xlink:href="#sSpan2663" value="ⲛϭⲓ"/>
		<feat xlink:href="#sSpan2668" value="ⲡⲉⲧⲣⲟⲥ"/>
		<feat xlink:href="#sSpan2671" value="ⲉⲣⲉ"/>
		<feat xlink:href="#sSpan2675" value="ⲛⲧⲟϥ"/>
		<feat xlink:href="#sSpan2677" value="ϫⲱ"/>
		<feat xlink:href="#sSpan2679" value="ⲛ"/>
		<feat xlink:href="#sSpan2683" value="ⲛⲧⲟⲥ"/>
		<feat xlink:href="#sSpan2685" value="ⲛⲁ"/>
		<feat xlink:href="#sSpan2689" value="ⲛⲧⲟϥ"/>
		<feat xlink:href="#sSpan2691" value="ϫⲉ"/>
		<feat xlink:href="#sSpan2695" value="ⲛⲧⲟⲕ"/>
		<feat xlink:href="#sSpan2697" value="ⲡⲉ"/>
		<feat xlink:href="#sSpan2701" value="ⲡ"/>
		<feat xlink:href="#sSpan2707" value="ⲭⲣⲓⲥⲧⲟⲥ"/>
		<feat xlink:href="#sSpan2709" value="ⲁ"/>
		<feat xlink:href="#sSpan2717" value="ⲛⲧⲟϥ"/>
		<feat xlink:href="#sSpan2720" value="ⲉⲡⲓⲧⲓⲙⲁ"/>
		<feat xlink:href="#sSpan2722" value="ⲛⲁ"/>
		<feat xlink:href="#sSpan2726" value="ⲛⲧⲟⲟⲩ"/>
		<feat xlink:href="#sSpan2728" value="ϫⲉⲕⲁⲁⲥ"/>
		<feat xlink:href="#sSpan2732" value="ⲛⲛⲉ"/>
		<feat xlink:href="#sSpan2736" value="ⲛⲧⲟⲟⲩ"/>
		<feat xlink:href="#sSpan2738" value="ϫⲱ"/>
		<feat xlink:href="#sSpan2740" value="ⲛⲧⲟⲥ"/>
		<feat xlink:href="#sSpan2742" value="ⲛ"/>
		<feat xlink:href="#sSpan2746" value="ⲗⲁⲁⲩ"/>
		<feat xlink:href="#sSpan2749" value="ⲉⲧⲃⲉ"/>
		<feat xlink:href="#sSpan2753" value="ⲛⲧⲟϥ"/>
		<feat xlink:href="#sSpan2755" value="."/>
		<feat xlink:href="#sSpan2759" value="ⲁ"/>
		<feat xlink:href="#sSpan2768" value="ⲛⲧⲟϥ"/>
		<feat xlink:href="#sSpan2771" value="ⲁⲣⲭⲉⲓ"/>
		<feat xlink:href="#sSpan2773" value="ⲛ"/>
		<feat xlink:href="#sSpan2777" value="ⲧⲟⲩⲛⲟ"/>
		<feat xlink:href="#sSpan2779" value="ⲉⲓⲁ"/>
		<feat xlink:href="#sSpan2782" value="ⲛⲧⲟⲟⲩ"/>
		<feat xlink:href="#sSpan2784" value="ⲉⲃⲟⲗ"/>
		<feat xlink:href="#sSpan2789" value="ϫⲉ"/>
		<feat xlink:href="#sSpan2793" value="ⲡ"/>
		<feat xlink:href="#sSpan2796" value="ϣⲏⲣⲉ"/>
		<feat xlink:href="#sSpan2798" value="ⲛ"/>
		<feat xlink:href="#sSpan2802" value="ⲡ"/>
		<feat xlink:href="#sSpan2804" value="ⲣⲱⲙⲉ"/>
		<feat xlink:href="#sSpan2806" value="ⲉⲣⲉ"/>
		<feat xlink:href="#sSpan2810" value="ⲛⲧⲟϥ"/>
		<feat xlink:href="#sSpan2812" value="ⲛⲁ"/>
		<feat xlink:href="#sSpan2814" value="ϫⲡⲓ"/>
		<feat xlink:href="#sSpan2816" value="ϣⲱⲡ"/>
		<feat xlink:href="#sSpan2818" value="ϩⲁϩ"/>
		<feat xlink:href="#sSpan2823" value="ⲛ"/>
		<feat xlink:href="#sSpan2827" value="ϩⲓⲥⲉ"/>
		<feat xlink:href="#sSpan2829" value="ⲛⲧⲉ"/>
		<feat xlink:href="#sSpan2833" value="ⲛⲧⲟⲟⲩ"/>
		<feat xlink:href="#sSpan2835" value="ⲧⲥⲧⲟ"/>
		<feat xlink:href="#sSpan2837" value="ⲛⲧⲟϥ"/>
		<feat xlink:href="#sSpan2839" value="ⲉⲃⲟⲗ"/>
		<feat xlink:href="#sSpan2843" value="ⲛϭⲓ"/>
		<feat xlink:href="#sSpan2847" value="ⲡ"/>
		<feat xlink:href="#sSpan2851" value="ⲡⲣⲉⲥⲃⲩⲧⲉⲣⲟⲥ"/>
		<feat xlink:href="#sSpan2853" value="ⲙⲛ"/>
		<feat xlink:href="#sSpan2857" value="ⲡ"/>
		<feat xlink:href="#sSpan2861" value="ⲁⲣⲭⲓⲉⲣⲉⲩⲥ"/>
		<feat xlink:href="#sSpan2863" value="ⲙⲛ"/>
		<feat xlink:href="#sSpan2867" value="ⲡ"/>
		<feat xlink:href="#sSpan2871" value="ⲅⲣⲁⲙⲙⲁⲧⲉⲩⲥ"/>
		<feat xlink:href="#sSpan2873" value="."/>
		<feat xlink:href="#sSpan2877" value="ⲛⲧⲉ"/>
		<feat xlink:href="#sSpan2881" value="ⲛⲧⲟⲟⲩ"/>
		<feat xlink:href="#sSpan2883" value="ⲙⲟⲩⲟⲩⲧ"/>
		<feat xlink:href="#sSpan2885" value="ⲛⲧⲟϥ"/>
		<feat xlink:href="#sSpan2887" value="."/>
		<feat xlink:href="#sSpan2891" value="ⲁⲩⲱ"/>
		<feat xlink:href="#sSpan2895" value="ⲙⲛⲛⲥⲁ"/>
		<feat xlink:href="#sSpan2899" value="ϣⲟⲙⲛⲧ"/>
		<feat xlink:href="#sSpan2902" value="ⲛ"/>
		<feat xlink:href="#sSpan2906" value="ϩⲟⲟⲩ"/>
		<feat xlink:href="#sSpan2908" value="ⲛⲧⲉ"/>
		<feat xlink:href="#sSpan2912" value="ⲛⲧⲟϥ"/>
		<feat xlink:href="#sSpan2914" value="ⲧⲱⲟⲩⲛ"/>
		<feat xlink:href="#sSpan2916" value="."/>
		<feat xlink:href="#sSpan2920" value="ϩⲛ"/>
		<feat xlink:href="#sSpan2929" value="ⲟⲩ"/>
		<feat xlink:href="#sSpan2933" value="ⲡⲁⲣⲣⲏⲥⲓⲁ"/>
		<feat xlink:href="#sSpan2935" value="ⲛⲉⲣⲉ"/>
		<feat xlink:href="#sSpan2939" value="ⲛⲧⲟϥ"/>
		<feat xlink:href="#sSpan2941" value="ϫⲱ"/>
		<feat xlink:href="#sSpan2943" value="ⲛ"/>
		<feat xlink:href="#sSpan2947" value="ⲡ"/>
		<feat xlink:href="#sSpan2950" value="ϣⲁϫⲉ"/>
		<feat xlink:href="#sSpan2953" value="ⲡⲉⲧⲣⲟⲥ"/>
		<feat xlink:href="#sSpan2959" value="ⲇⲉ"/>
		<feat xlink:href="#sSpan2963" value="ⲁ"/>
		<feat xlink:href="#sSpan2967" value="ⲛⲧⲟϥ"/>
		<feat xlink:href="#sSpan2969" value="ϯ"/>
		<feat xlink:href="#sSpan2972" value="ⲡⲉϥ"/>
		<feat xlink:href="#sSpan2974" value="ⲟⲩⲟⲓ"/>
		<feat xlink:href="#sSpan2976" value="ⲉϩⲟⲩⲛ"/>
		<feat xlink:href="#sSpan2980" value="ⲉ"/>
		<feat xlink:href="#sSpan2984" value="ⲛⲧⲟϥ"/>
		<feat xlink:href="#sSpan2986" value="ⲁ"/>
		<feat xlink:href="#sSpan2990" value="ⲛⲧⲟϥ"/>
		<feat xlink:href="#sSpan2993" value="ⲁⲣⲭⲉⲓ"/>
		<feat xlink:href="#sSpan2995" value="ⲛ"/>
		<feat xlink:href="#sSpan3000" value="ⲉⲡⲓⲧⲓⲙⲁ"/>
		<feat xlink:href="#sSpan3002" value="ⲛⲁ"/>
		<feat xlink:href="#sSpan3006" value="ⲛⲧⲟϥ"/>
		<feat xlink:href="#sSpan3008" value="."/>
		<feat xlink:href="#sSpan3012" value="ⲛⲧⲟϥ"/>
		<feat xlink:href="#sSpan3022" value="ⲇⲉ"/>
		<feat xlink:href="#sSpan3026" value="ⲛⲧⲉⲣⲉ"/>
		<feat xlink:href="#sSpan3030" value="ⲛⲧⲟϥ"/>
		<feat xlink:href="#sSpan3032" value="ⲕⲧⲟ"/>
		<feat xlink:href="#sSpan3034" value="ⲛⲧⲟϥ"/>
		<feat xlink:href="#sSpan3036" value="ⲁⲩⲱ"/>
		<feat xlink:href="#sSpan3040" value="ⲁ"/>
		<feat xlink:href="#sSpan3044" value="ⲛⲧⲟϥ"/>
		<feat xlink:href="#sSpan3046" value="ⲛⲁⲩ"/>
		<feat xlink:href="#sSpan3048" value="ⲉ"/>
		<feat xlink:href="#sSpan3052" value="ⲡⲉϥ"/>
		<feat xlink:href="#sSpan3056" value="ⲙⲁⲑⲏⲧⲏⲥ"/>
		<feat xlink:href="#sSpan3058" value="ⲁ"/>
		<feat xlink:href="#sSpan3062" value="ⲛⲧⲟϥ"/>
		<feat xlink:href="#sSpan3065" value="ⲉⲡⲓⲧⲓⲙⲁ"/>
		<feat xlink:href="#sSpan3067" value="ⲛ"/>
		<feat xlink:href="#sSpan3072" value="ⲡⲉⲧⲣⲟⲥ"/>
		<feat xlink:href="#sSpan3075" value="ⲉⲣⲉ"/>
		<feat xlink:href="#sSpan3079" value="ⲛⲧⲟϥ"/>
		<feat xlink:href="#sSpan3081" value="ϫⲱ"/>
		<feat xlink:href="#sSpan3083" value="ⲛ"/>
		<feat xlink:href="#sSpan3087" value="ⲛⲧⲟⲥ"/>
		<feat xlink:href="#sSpan3089" value="ⲛⲁ"/>
		<feat xlink:href="#sSpan3093" value="ⲛⲧⲟϥ"/>
		<feat xlink:href="#sSpan3095" value="."/>
		<feat xlink:href="#sSpan3099" value="ϫⲉ"/>
		<feat xlink:href="#sSpan3103" value="ⲃⲱⲕ"/>
		<feat xlink:href="#sSpan3106" value="ⲉ"/>
		<feat xlink:href="#sSpan3110" value="ⲡⲁϩⲟⲩ"/>
		<feat xlink:href="#sSpan3113" value="ⲛ"/>
		<feat xlink:href="#sSpan3117" value="ⲁⲛⲟⲕ"/>
		<feat xlink:href="#sSpan3119" value="ⲡ"/>
		<feat xlink:href="#sSpan3125" value="ⲥⲁⲧⲁⲛⲁⲥ"/>
		<feat xlink:href="#sSpan3127" value="ⲉⲃⲟⲗ"/>
		<feat xlink:href="#sSpan3132" value="ϫⲉ"/>
		<feat xlink:href="#sSpan3136" value="ⲛ"/>
		<feat xlink:href="#sSpan3138" value="ⲛⲧⲟⲕ"/>
		<feat xlink:href="#sSpan3140" value="ⲙⲉⲉⲩⲉ"/>
		<feat xlink:href="#sSpan3142" value="ⲁⲛ"/>
		<feat xlink:href="#sSpan3146" value="ⲉⲧⲉⲣⲉ"/>
		<feat xlink:href="#sSpan3150" value="ⲛⲁ"/>
		<feat xlink:href="#sSpan3153" value="ⲡ"/>
		<feat xlink:href="#sSpan3156" value="ⲛⲟⲩⲧⲉ"/>
		<feat xlink:href="#sSpan3159" value="ⲁⲗⲗⲁ"/>
		<feat xlink:href="#sSpan3163" value="ⲉ"/>
		<feat xlink:href="#sSpan3167" value="ⲛⲁ"/>
		<feat xlink:href="#sSpan3170" value="ⲛ"/>
		<feat xlink:href="#sSpan3172" value="ⲡ"/>
		<feat xlink:href="#sSpan3175" value="ⲣⲱⲙⲉ"/>
		<feat xlink:href="#sSpan3177" value="."/>
		<feat xlink:href="#sSpan3181" value="ⲛⲧⲉⲣⲉ"/>
		<feat xlink:href="#sSpan3190" value="ⲛⲧⲟϥ"/>
		<feat xlink:href="#sSpan3192" value="ⲙⲟⲩⲧⲉ"/>
		<feat xlink:href="#sSpan3194" value="ⲉ"/>
		<feat xlink:href="#sSpan3198" value="ⲡ"/>
		<feat xlink:href="#sSpan3201" value="ⲙⲏⲏϣⲉ"/>
		<feat xlink:href="#sSpan3203" value="ⲙⲛ"/>
		<feat xlink:href="#sSpan3207" value="ⲡⲉϥ"/>
		<feat xlink:href="#sSpan3211" value="ⲙⲁⲑⲏⲧⲏⲥ"/>
		<feat xlink:href="#sSpan3213" value="ⲡⲉϫⲉ"/>
		<feat xlink:href="#sSpan3217" value="ⲛⲧⲟϥ"/>
		<feat xlink:href="#sSpan3219" value="ⲛⲁ"/>
		<feat xlink:href="#sSpan3223" value="ⲛⲧⲟⲟⲩ"/>
		<feat xlink:href="#sSpan3225" value="ϫⲉ"/>
		<feat xlink:href="#sSpan3229" value="ⲡ"/>
		<feat xlink:href="#sSpan3232" value="ⲉⲧⲉⲣⲉ"/>
		<feat xlink:href="#sSpan3234" value="ⲟⲩⲱϣ"/>
		<feat xlink:href="#sSpan3236" value="ⲉ"/>
		<feat xlink:href="#sSpan3240" value="ⲟⲩⲱϩ"/>
		<feat xlink:href="#sSpan3242" value="ⲛⲧⲟϥ"/>
		<feat xlink:href="#sSpan3244" value="ⲛⲥⲁ"/>
		<feat xlink:href="#sSpan3248" value="ⲁⲛⲟⲕ"/>
		<feat xlink:href="#sSpan3250" value="ⲙⲁⲣⲉ"/>
		<feat xlink:href="#sSpan3254" value="ⲛⲧⲟϥ"/>
		<feat xlink:href="#sSpan3257" value="ⲁⲣⲛⲁ"/>
		<feat xlink:href="#sSpan3259" value="ⲛ"/>
		<feat xlink:href="#sSpan3263" value="ⲛⲧⲟϥ"/>
		<feat xlink:href="#sSpan3265" value="ⲛⲧⲉ"/>
		<feat xlink:href="#sSpan3269" value="ⲛⲧⲟϥ"/>
		<feat xlink:href="#sSpan3271" value="ϥⲓ"/>
		<feat xlink:href="#sSpan3273" value="ⲛ"/>
		<feat xlink:href="#sSpan3277" value="ⲡⲉϥ"/>
		<feat xlink:href="#sSpan3281" value="ⲥⲧⲁⲩⲣⲟⲥ"/>
		<feat xlink:href="#sSpan3283" value="ⲛⲧⲉ"/>
		<feat xlink:href="#sSpan3287" value="ⲛⲧⲟϥ"/>
		<feat xlink:href="#sSpan3289" value="ⲟⲩⲱϩ"/>
		<feat xlink:href="#sSpan3291" value="ⲛⲧⲟϥ"/>
		<feat xlink:href="#sSpan3293" value="ⲛⲥⲁ"/>
		<feat xlink:href="#sSpan3297" value="ⲁⲛⲟⲕ"/>
		<feat xlink:href="#sSpan3299" value="ⲡ"/>
		<feat xlink:href="#sSpan3309" value="ⲉⲧⲉⲣⲉ"/>
		<feat xlink:href="#sSpan3311" value="ⲛⲁ"/>
		<feat xlink:href="#sSpan3313" value="ⲟⲩⲱϣ"/>
		<feat xlink:href="#sSpan3316" value="ⲅⲁⲣ"/>
		<feat xlink:href="#sSpan3320" value="ⲉⲣⲉ"/>
		<feat xlink:href="#sSpan3324" value="ⲛⲟⲩϩⲙ"/>
		<feat xlink:href="#sSpan3326" value="ⲡⲉϥ"/>
		<feat xlink:href="#sSpan3332" value="ⲯⲩⲭⲏ"/>
		<feat xlink:href="#sSpan3334" value="ⲛⲧⲟϥ"/>
		<feat xlink:href="#sSpan3338" value="ⲛⲁ"/>
		<feat xlink:href="#sSpan3340" value="ⲥⲟⲣⲙ"/>
		<feat xlink:href="#sSpan3342" value="ⲉⲥ"/>
		<feat xlink:href="#sSpan3344" value="."/>
		<feat xlink:href="#sSpan3348" value="ⲡ"/>
		<feat xlink:href="#sSpan3353" value="ⲉⲧⲉⲣⲉ"/>
		<feat xlink:href="#sSpan3355" value="ⲛⲁ"/>
		<feat xlink:href="#sSpan3357" value="ⲥⲱⲣⲙ"/>
		<feat xlink:href="#sSpan3360" value="ⲇⲉ"/>
		<feat xlink:href="#sSpan3364" value="ⲛ"/>
		<feat xlink:href="#sSpan3368" value="ⲡⲉϥ"/>
		<feat xlink:href="#sSpan3372" value="ⲯⲩⲭⲏ"/>
		<feat xlink:href="#sSpan3374" value="ⲉⲧⲃⲉ_ⲁⲛⲟⲕ"/>
		<feat xlink:href="#sSpan3378" value="ⲙⲛ"/>
		<feat xlink:href="#sSpan3382" value="ⲡ"/>
		<feat xlink:href="#sSpan3386" value="ⲉⲩⲁⲅⲅⲉⲗⲓⲟⲛ"/>
		<feat xlink:href="#sSpan3388" value="ⲛⲧⲟϥ"/>
		<feat xlink:href="#sSpan3392" value="ⲛⲁ"/>
		<feat xlink:href="#sSpan3394" value="ⲧⲟⲩϫⲟ"/>
		<feat xlink:href="#sSpan3396" value="ⲛⲧⲟⲥ"/>
		<feat xlink:href="#sSpan3398" value="."/>
		<feat xlink:href="#sSpan3402" value="ⲟⲩ"/>
		<feat xlink:href="#sSpan3412" value="ⲅⲁⲣ"/>
		<feat xlink:href="#sSpan3416" value="ⲉⲧⲉⲣⲉ"/>
		<feat xlink:href="#sSpan3420" value="ⲛⲁ"/>
		<feat xlink:href="#sSpan3423" value="ϯϩⲏⲩ"/>
		<feat xlink:href="#sSpan3426" value="ⲛ"/>
		<feat xlink:href="#sSpan3430" value="ⲡ"/>
		<feat xlink:href="#sSpan3433" value="ⲣⲱⲙⲉ"/>
		<feat xlink:href="#sSpan3435" value="ⲉ"/>
		<feat xlink:href="#sSpan3439" value="ⲧⲣⲉ"/>
		<feat xlink:href="#sSpan3441" value="ⲛⲧⲟϥ"/>
		<feat xlink:href="#sSpan3443" value="ϫⲡⲟ"/>
		<feat xlink:href="#sSpan3445" value="ⲡ"/>
		<feat xlink:href="#sSpan3449" value="ⲕⲟⲥⲙⲟⲥ"/>
		<feat xlink:href="#sSpan3451" value="ⲧⲏⲣ"/>
		<feat xlink:href="#sSpan3455" value="ⲛⲧⲟϥ"/>
		<feat xlink:href="#sSpan3457" value="ⲁⲩⲱ"/>
		<feat xlink:href="#sSpan3461" value="ⲛⲧⲉ"/>
		<feat xlink:href="#sSpan3465" value="ⲛⲧⲟϥ"/>
		<feat xlink:href="#sSpan3468" value="ϯⲟⲥⲉ"/>
		<feat xlink:href="#sSpan3471" value="ⲛ"/>
		<feat xlink:href="#sSpan3475" value="ⲡⲉϥ"/>
		<feat xlink:href="#sSpan3479" value="ⲯⲩⲭⲏ"/>
		<feat xlink:href="#sSpan3481" value="."/>
		<feat xlink:href="#sSpan3485" value="ⲟⲩ"/>
		<feat xlink:href="#sSpan3494" value="ⲡⲉ"/>
		<feat xlink:href="#sSpan3498" value="ⲉⲧⲉⲣⲉ"/>
		<feat xlink:href="#sSpan3500" value="ⲡ"/>
		<feat xlink:href="#sSpan3505" value="ⲣⲱⲙⲉ"/>
		<feat xlink:href="#sSpan3507" value="ⲛⲁ"/>
		<feat xlink:href="#sSpan3511" value="ϯ"/>
		<feat xlink:href="#sSpan3513" value="ⲛⲧⲟϥ"/>
		<feat xlink:href="#sSpan3515" value="ⲛ"/>
		<feat xlink:href="#sSpan3519" value="ϣⲃⲃⲓⲱ"/>
		<feat xlink:href="#sSpan3522" value="ϩⲁ"/>
		<feat xlink:href="#sSpan3526" value="ⲡⲉϥ"/>
		<feat xlink:href="#sSpan3530" value="ⲯⲩⲭⲏ"/>
		<feat xlink:href="#sSpan3532" value="."/>
		<feat xlink:href="#sSpan3536" value="ⲡ"/>
		<feat xlink:href="#sSpan3545" value="ⲉⲧⲉⲣⲉ"/>
		<feat xlink:href="#sSpan3547" value="ⲛⲁ"/>
		<feat xlink:href="#sSpan3550" value="ϯϣⲓⲡⲉ"/>
		<feat xlink:href="#sSpan3554" value="ⲅⲁⲣ"/>
		<feat xlink:href="#sSpan3558" value="ⲛⲁ"/>
		<feat xlink:href="#sSpan3562" value="ⲁⲛⲟⲕ"/>
		<feat xlink:href="#sSpan3564" value="ⲙⲛ"/>
		<feat xlink:href="#sSpan3568" value="ⲡ"/>
		<feat xlink:href="#sSpan3571" value="ⲉⲧⲉⲣⲉ"/>
		<feat xlink:href="#sSpan3573" value="ⲛⲟⲩⲓ"/>
		<feat xlink:href="#sSpan3575" value="ⲡⲉ"/>
		<feat xlink:href="#sSpan3579" value="ϩⲛ"/>
		<feat xlink:href="#sSpan3583" value="ⲡⲉⲓ"/>
		<feat xlink:href="#sSpan3587" value="ⲅⲉⲛⲉⲁ"/>
		<feat xlink:href="#sSpan3589" value="ⲛ"/>
		<feat xlink:href="#sSpan3593" value="ⲛⲟⲉⲓⲕ"/>
		<feat xlink:href="#sSpan3595" value="."/>
		<feat xlink:href="#sSpan3599" value="ⲁⲩⲱ"/>
		<feat xlink:href="#sSpan3603" value="ⲡ"/>
		<feat xlink:href="#sSpan3608" value="ⲣⲉϥⲣⲛⲟⲃⲉ"/>
		<feat xlink:href="#sSpan3612" value="."/>
		<feat xlink:href="#sSpan3616" value="ⲡ"/>
		<feat xlink:href="#sSpan3621" value="ϣⲏⲣⲉ"/>
		<feat xlink:href="#sSpan3623" value="ϩⲱⲱ"/>
		<feat xlink:href="#sSpan3627" value="ⲛⲧⲟϥ"/>
		<feat xlink:href="#sSpan3629" value="ⲛ"/>
		<feat xlink:href="#sSpan3633" value="ⲡ"/>
		<feat xlink:href="#sSpan3636" value="ⲣⲱⲙⲉ"/>
		<feat xlink:href="#sSpan3638" value="ⲛⲁ"/>
		<feat xlink:href="#sSpan3643" value="ϯϣⲓⲡⲉ"/>
		<feat xlink:href="#sSpan3646" value="ⲛⲁ"/>
		<feat xlink:href="#sSpan3650" value="ⲛⲧⲟϥ"/>
		<feat xlink:href="#sSpan3652" value="ⲉⲣϣⲁⲛ_ⲛⲧⲟϥ"/>
		<feat xlink:href="#sSpan3656" value="ⲉⲓ"/>
		<feat xlink:href="#sSpan3658" value="ϩⲛ"/>
		<feat xlink:href="#sSpan3662" value="ⲡ"/>
		<feat xlink:href="#sSpan3665" value="ⲉⲟⲟⲩ"/>
		<feat xlink:href="#sSpan3667" value="ⲛ"/>
		<feat xlink:href="#sSpan3671" value="ⲡⲉϥ"/>
		<feat xlink:href="#sSpan3674" value="ⲉⲓⲱⲧ"/>
		<feat xlink:href="#sSpan3676" value="ⲙⲛ"/>
		<feat xlink:href="#sSpan3680" value="ⲡ"/>
		<feat xlink:href="#sSpan3684" value="ⲁⲅⲅⲉⲗⲟⲥ"/>
		<feat xlink:href="#sSpan3686" value="ⲉⲧⲉⲣⲉ"/>
		<feat xlink:href="#sSpan3690" value="ⲟⲩⲟⲡ"/></featList></paula>