<?xml version='1.0' encoding='UTF-8'?><!DOCTYPE paula SYSTEM "paula_feat.dtd">
<paula version="1.1">
	<header paula_id="scriptorium.Mark_08.mark_orig_group"/>
	<featList xmlns:xlink="http://www.w3.org/1999/xlink" type="orig_group" xml:base="scriptorium.Mark_08.mark.xml">
		<feat xlink:href="#sSpan4" value="ⲛⲉϩⲟⲟⲩ"/>
		<feat xlink:href="#sSpan16" value="ⲉⲧⲙⲙⲁⲩ"/>
		<feat xlink:href="#sSpan22" value="ⲛⲉⲩⲛⲟⲩⲛⲟϭ"/>
		<feat xlink:href="#sSpan33" value="ⲟⲛ"/>
		<feat xlink:href="#sSpan37" value="ⲙⲙⲏⲏϣⲉ"/>
		<feat xlink:href="#sSpan43" value="ⲛⲙⲙⲁϥ"/>
		<feat xlink:href="#sSpan49" value="ⲁⲩⲱ"/>
		<feat xlink:href="#sSpan53" value="ⲉⲙⲙⲛⲧⲟⲩ"/>
		<feat xlink:href="#sSpan62" value="ⲡⲉⲧⲟⲩⲛⲁⲟⲩⲟⲙϥ"/>
		<feat xlink:href="#sSpan76" value="ⲁϥⲙⲟⲩⲧⲉ"/>
		<feat xlink:href="#sSpan84" value="ⲉⲛⲉϥⲙⲁⲑⲏⲧⲏⲥ"/>
		<feat xlink:href="#sSpan94" value="ⲡⲉϫⲁϥ"/>
		<feat xlink:href="#sSpan100" value="ⲛⲁⲩ"/>
		<feat xlink:href="#sSpan106" value="ϯϣⲛϩⲧⲏⲉⲓ"/>
		<feat xlink:href="#sSpan120" value="ⲉϫⲙⲡⲙⲏⲏϣⲉ"/>
		<feat xlink:href="#sSpan129" value="ϫⲉⲏⲇⲏ"/>
		<feat xlink:href="#sSpan136" value="ⲉⲓⲥϣⲟⲙⲛⲧ"/>
		<feat xlink:href="#sSpan143" value="ⲛϩⲟⲟⲩ"/>
		<feat xlink:href="#sSpan149" value="ⲥⲉⲡⲣⲟⲥⲕⲁⲣⲧⲉⲣⲉⲓ"/>
		<feat xlink:href="#sSpan156" value="ⲉⲣⲟⲉⲓ"/>
		<feat xlink:href="#sSpan162" value="."/>
		<feat xlink:href="#sSpan166" value="ⲉⲙⲙⲛⲧⲟⲩ"/>
		<feat xlink:href="#sSpan175" value="ⲡⲉⲧⲟⲩⲛⲁⲟⲩⲟⲙϥ"/>
		<feat xlink:href="#sSpan189" value="ⲉⲓϣⲁⲛⲕⲁⲁⲩ"/>
		<feat xlink:href="#sSpan202" value="ⲉⲃⲟⲗ"/>
		<feat xlink:href="#sSpan206" value="ⲉⲙⲡⲟⲩⲱⲙ"/>
		<feat xlink:href="#sSpan216" value="ⲥⲉⲛⲁⲥⲱϣⲙ"/>
		<feat xlink:href="#sSpan224" value="ϩⲛⲧⲉϩⲓⲏ"/>
		<feat xlink:href="#sSpan233" value="ⲉⲩⲛϩⲟⲓⲛⲉ"/>
		<feat xlink:href="#sSpan242" value="ⲛϩⲏⲧⲟⲩ"/>
		<feat xlink:href="#sSpan248" value="ϣⲟⲟⲡ"/>
		<feat xlink:href="#sSpan252" value="ϩⲙⲡⲟⲩⲉ"/>
		<feat xlink:href="#sSpan261" value="."/>
		<feat xlink:href="#sSpan265" value="ⲉⲩⲟⲩⲱϣⲃ"/>
		<feat xlink:href="#sSpan279" value="ⲇⲉ"/>
		<feat xlink:href="#sSpan283" value="ⲛⲁϥ"/>
		<feat xlink:href="#sSpan289" value="ⲛϭⲓⲛⲉϥⲙⲁⲑⲏⲧⲏⲥ"/>
		<feat xlink:href="#sSpan299" value="ϫⲉⲛⲓⲙ"/>
		<feat xlink:href="#sSpan305" value="ⲡⲉⲧⲛⲁϣⲧⲥⲓⲉⲛⲁⲓ"/>
		<feat xlink:href="#sSpan320" value="ⲛⲟⲉⲓⲕ"/>
		<feat xlink:href="#sSpan327" value="ⲙⲡⲉⲓⲙⲁ"/>
		<feat xlink:href="#sSpan336" value="ϩⲛⲟⲩϫⲁⲓⲉ"/>
		<feat xlink:href="#sSpan345" value="."/>
		<feat xlink:href="#sSpan349" value="ⲁϥϫⲛⲟⲩⲟⲩ"/>
		<feat xlink:href="#sSpan364" value="ϫⲉⲟⲩⲛⲧⲏⲧⲛ"/>
		<feat xlink:href="#sSpan372" value="ⲟⲩⲏⲣ"/>
		<feat xlink:href="#sSpan377" value="ⲙⲙⲁⲩ"/>
		<feat xlink:href="#sSpan381" value="ⲛⲟⲉⲓⲕ"/>
		<feat xlink:href="#sSpan387" value="."/>
		<feat xlink:href="#sSpan391" value="ⲛⲧⲟⲟⲩ"/>
		<feat xlink:href="#sSpan396" value="ⲇⲉ"/>
		<feat xlink:href="#sSpan400" value="ⲡⲉϫⲁⲩ"/>
		<feat xlink:href="#sSpan406" value="ϫⲉⲥⲁϣϥ"/>
		<feat xlink:href="#sSpan413" value="."/>
		<feat xlink:href="#sSpan417" value="ⲁϥϩⲱⲛ"/>
		<feat xlink:href="#sSpan430" value="ⲉⲧⲟⲟⲧϥ"/>
		<feat xlink:href="#sSpan436" value="ⲙⲡⲙⲏⲏϣⲉ"/>
		<feat xlink:href="#sSpan445" value="ⲉⲧⲣⲉⲩⲛⲟϫⲟⲩ"/>
		<feat xlink:href="#sSpan457" value="ϩⲓⲡⲉⲥⲏⲧ"/>
		<feat xlink:href="#sSpan465" value="ⲁϥϫⲓ"/>
		<feat xlink:href="#sSpan474" value="ⲇⲉ"/>
		<feat xlink:href="#sSpan478" value="ⲙⲡⲥⲁϣϥ"/>
		<feat xlink:href="#sSpan487" value="ⲛⲟⲉⲓⲕ"/>
		<feat xlink:href="#sSpan493" value="ⲁϥϣⲡϩⲙⲟⲧ"/>
		<feat xlink:href="#sSpan503" value="ⲉϫⲱⲟⲩ"/>
		<feat xlink:href="#sSpan509" value="ⲁϥⲡⲟϣⲟⲩ"/>
		<feat xlink:href="#sSpan519" value="ⲁⲩⲱ"/>
		<feat xlink:href="#sSpan523" value="ⲁϥⲧⲁⲁⲩ"/>
		<feat xlink:href="#sSpan533" value="ⲛⲛⲉϥⲙⲁⲑⲏⲧⲏⲥ"/>
		<feat xlink:href="#sSpan543" value="ϫⲉⲉⲩⲉⲕⲁⲁⲩ"/>
		<feat xlink:href="#sSpan553" value="ϩⲁⲣⲱⲟⲩ"/>
		<feat xlink:href="#sSpan559" value="."/>
		<feat xlink:href="#sSpan563" value="ⲁⲩⲱ"/>
		<feat xlink:href="#sSpan567" value="ⲁⲩⲕⲁⲁⲩ"/>
		<feat xlink:href="#sSpan577" value="ϩⲁⲣⲱϥ"/>
		<feat xlink:href="#sSpan583" value="ⲙⲡⲙⲏⲏϣⲉ"/>
		<feat xlink:href="#sSpan592" value="ⲛⲉⲩⲛⲧⲟⲩ"/>
		<feat xlink:href="#sSpan605" value="ⲕⲉϣⲏⲙ"/>
		<feat xlink:href="#sSpan613" value="ⲇⲉ"/>
		<feat xlink:href="#sSpan617" value="ⲛⲧⲃⲧ"/>
		<feat xlink:href="#sSpan623" value="ⲛⲧⲉⲣⲉϥⲥⲙⲟⲩ"/>
		<feat xlink:href="#sSpan632" value="ⲇⲉ"/>
		<feat xlink:href="#sSpan636" value="ⲉⲣⲟⲟⲩ"/>
		<feat xlink:href="#sSpan642" value="ⲁϥⲟⲩⲉϩⲥⲁϩⲛⲉ"/>
		<feat xlink:href="#sSpan652" value="ⲉⲕⲁⲛⲉⲉⲓⲕⲟⲟⲩⲉ"/>
		<feat xlink:href="#sSpan663" value="ϩⲁⲣⲱⲟⲩ"/>
		<feat xlink:href="#sSpan669" value="."/>
		<feat xlink:href="#sSpan673" value="ⲉⲩⲟⲩⲱⲙ"/>
		<feat xlink:href="#sSpan687" value="ⲇⲉ"/>
		<feat xlink:href="#sSpan691" value="ⲁⲩⲥⲓ"/>
		<feat xlink:href="#sSpan699" value="ⲁⲩⲱ"/>
		<feat xlink:href="#sSpan703" value="ⲁⲩϥⲓ"/>
		<feat xlink:href="#sSpan711" value="ⲛⲗⲗⲁⲕⲙ"/>
		<feat xlink:href="#sSpan720" value="."/>
		<feat xlink:href="#sSpan725" value="ⲉⲛⲧⲁⲩⲣϩⲟⲩⲟ"/>
		<feat xlink:href="#sSpan738" value="ⲉⲩⲛⲁⲣⲥⲁϣϥ"/>
		<feat xlink:href="#sSpan751" value="ⲃⲃⲓⲣ"/>
		<feat xlink:href="#sSpan757" value="ⲩⲛⲁⲣϩⲙⲉ"/>
		<feat xlink:href="#sSpan776" value="ⲇⲉ"/>
		<feat xlink:href="#sSpan780" value="ⲛϣⲉ"/>
		<feat xlink:href="#sSpan786" value="ⲁⲩⲱ"/>
		<feat xlink:href="#sSpan790" value="ⲁϥⲕⲁⲁⲩ"/>
		<feat xlink:href="#sSpan800" value="ⲉⲃⲟⲗ"/>
		<feat xlink:href="#sSpan804" value="."/>
		<feat xlink:href="#sSpan808" value="[..]"/>
		<feat xlink:href="#sSpan818" value="ⲇⲉ"/>
		<feat xlink:href="#sSpan822" value="ⲛⲧⲉⲣⲉϥⲁⲗⲉ"/>
		<feat xlink:href="#sSpan830" value="ⲉⲡϫⲟⲉⲓ"/>
		<feat xlink:href="#sSpan839" value="ⲙⲛⲛⲉϥⲙⲁⲑⲏⲧⲏⲥ"/>
		<feat xlink:href="#sSpan849" value="ⲁϥⲉⲓ"/>
		<feat xlink:href="#sSpan858" value="ⲉϩⲣⲁⲓ"/>
		<feat xlink:href="#sSpan862" value="ⲉⲛⲥⲁ"/>
		<feat xlink:href="#sSpan872" value="ⲛⲇⲁⲗⲙⲁⲛⲟⲩⲑⲁ"/>
		<feat xlink:href="#sSpan880" value="."/>
		<feat xlink:href="#sSpan884" value="ⲁⲩⲉⲓ"/>
		<feat xlink:href="#sSpan897" value="ⲉⲃⲟⲗ"/>
		<feat xlink:href="#sSpan901" value="ⲛϭⲓⲛⲉⲫⲁⲣⲓⲥⲥⲁⲓⲟⲥ"/>
		<feat xlink:href="#sSpan911" value="ⲁⲩⲁⲣⲭⲉⲓ"/>
		<feat xlink:href="#sSpan920" value="ⲉϯⲧⲱⲛ"/>
		<feat xlink:href="#sSpan928" value="ⲛⲙⲙⲁϥ"/>
		<feat xlink:href="#sSpan934" value="ⲉⲩⲕⲱⲧⲉ"/>
		<feat xlink:href="#sSpan943" value="ⲛⲥⲁⲟⲩⲙⲁⲉⲓⲛ"/>
		<feat xlink:href="#sSpan952" value="ⲛⲧⲟⲟⲧϥ"/>
		<feat xlink:href="#sSpan958" value="ⲉⲃⲟⲗ"/>
		<feat xlink:href="#sSpan963" value="ϩⲛ"/>
		<feat xlink:href="#sSpan968" value="ⲧⲡⲉ"/>
		<feat xlink:href="#sSpan974" value="ⲉⲩⲡⲉⲓⲣⲁⲍⲉ"/>
		<feat xlink:href="#sSpan983" value="ⲙⲙⲟϥ"/>
		<feat xlink:href="#sSpan989" value="."/>
		<feat xlink:href="#sSpan993" value="ⲛⲧⲉⲣⲉϥⲁϣⲁϩⲟⲙ"/>
		<feat xlink:href="#sSpan1008" value="ϩⲙⲡⲉϥⲡⲛⲉⲩⲙⲁ"/>
		<feat xlink:href="#sSpan1018" value="ⲡⲉϫⲁϥ"/>
		<feat xlink:href="#sSpan1024" value="ϫⲉⲉⲧⲃⲉ"/>
		<feat xlink:href="#sSpan1031" value="ⲟⲩ"/>
		<feat xlink:href="#sSpan1036" value="ⲧⲉⲉⲓⲅⲉⲛⲉⲁ"/>
		<feat xlink:href="#sSpan1043" value="ⲕⲱⲧⲉ"/>
		<feat xlink:href="#sSpan1048" value="ⲛⲥⲁⲟⲩⲙⲁⲉⲓⲛ"/>
		<feat xlink:href="#sSpan1058" value="ϩⲁⲙⲏⲛ"/>
		<feat xlink:href="#sSpan1062" value="ϯϫⲱ"/>
		<feat xlink:href="#sSpan1068" value="ⲙⲙⲟⲥ"/>
		<feat xlink:href="#sSpan1074" value="ⲛⲏⲧⲛ"/>
		<feat xlink:href="#sSpan1080" value="ϫⲉⲉϣⲱⲡⲉ"/>
		<feat xlink:href="#sSpan1086" value="ⲥⲉⲛⲁϯⲙⲁⲉⲓⲛ"/>
		<feat xlink:href="#sSpan1096" value="ⲛⲧⲉⲓⲅⲉⲛⲉⲁ"/>
		<feat xlink:href="#sSpan1106" value="."/>
		<feat xlink:href="#sSpan1110" value="ⲛⲧⲉⲣⲉϥⲗⲟ"/>
		<feat xlink:href="#sSpan1123" value="ϩⲁⲣⲟⲟⲩ"/>
		<feat xlink:href="#sSpan1129" value="ⲁϥⲧⲁⲗⲉ"/>
		<feat xlink:href="#sSpan1137" value="ⲟⲛ"/>
		<feat xlink:href="#sSpan1141" value="ⲉⲡϫⲟⲉⲓ"/>
		<feat xlink:href="#sSpan1150" value="ⲁϥⲃⲱⲕ"/>
		<feat xlink:href="#sSpan1159" value="ⲉⲡⲓⲕⲣⲟ"/>
		<feat xlink:href="#sSpan1168" value="ⲁⲩⲣⲡⲱⲃϣ"/>
		<feat xlink:href="#sSpan1185" value="ⲛϫⲓⲟⲉⲓⲕ"/>
		<feat xlink:href="#sSpan1193" value="ⲛⲁⲩ"/>
		<feat xlink:href="#sSpan1199" value="."/>
		<feat xlink:href="#sSpan1203" value="ⲁⲩⲱ"/>
		<feat xlink:href="#sSpan1207" value="ⲛⲉ"/>
		<feat xlink:href="#sSpan1211" value="ⲙⲙⲛⲧⲁⲩ"/>
		<feat xlink:href="#sSpan1217" value="ⲙⲙⲁⲩ"/>
		<feat xlink:href="#sSpan1221" value="ⲛⲥⲁⲟⲩⲟⲉⲓⲕ"/>
		<feat xlink:href="#sSpan1230" value="ⲟⲩⲱⲧ"/>
		<feat xlink:href="#sSpan1234" value="ϩⲙⲡϫⲟⲉⲓ"/>
		<feat xlink:href="#sSpan1243" value="ⲁϥϩⲱⲛ"/>
		<feat xlink:href="#sSpan1255" value="ⲉⲧⲟⲟⲧⲟⲩ"/>
		<feat xlink:href="#sSpan1261" value="ⲉϥϫⲱ"/>
		<feat xlink:href="#sSpan1269" value="ⲙⲙⲟⲥ"/>
		<feat xlink:href="#sSpan1275" value="ϫⲉϭⲱϣⲧ"/>
		<feat xlink:href="#sSpan1281" value="ⲛⲧⲉⲧⲛϯϩⲧⲏⲧⲛ"/>
		<feat xlink:href="#sSpan1293" value="ⲉⲣⲱⲧⲛ"/>
		<feat xlink:href="#sSpan1299" value="ⲉⲡⲉⲑⲁⲃ"/>
		<feat xlink:href="#sSpan1308" value="ⲛⲛⲉⲫⲁⲣⲓⲥⲥⲁⲓⲟⲥ"/>
		<feat xlink:href="#sSpan1318" value="ⲙⲛⲡⲉⲑⲁⲃ"/>
		<feat xlink:href="#sSpan1327" value="ⲛϩⲏⲣⲱⲇⲏⲥ"/>
		<feat xlink:href="#sSpan1335" value="ⲁⲩⲙⲉⲕⲙⲟⲩⲕⲟⲩ"/>
		<feat xlink:href="#sSpan1350" value="ⲙⲛⲛⲉⲩⲉⲣⲏⲩ"/>
		<feat xlink:href="#sSpan1358" value="ϫⲉⲙⲛⲧⲟⲩⲟⲉⲓⲕ"/>
		<feat xlink:href="#sSpan1369" value="ⲙⲙⲁⲩ"/>
		<feat xlink:href="#sSpan1373" value="."/>
		<feat xlink:href="#sSpan1377" value="[..]ϥⲉⲓⲙⲉ"/>
		<feat xlink:href="#sSpan1391" value="ⲇⲉ"/>
		<feat xlink:href="#sSpan1395" value="ⲡⲉϫⲁϥ"/>
		<feat xlink:href="#sSpan1401" value="ⲛⲁⲩ"/>
		<feat xlink:href="#sSpan1407" value="ϫⲉⲉⲧⲃⲉ"/>
		<feat xlink:href="#sSpan1414" value="ⲟⲩ"/>
		<feat xlink:href="#sSpan1418" value="ⲧⲉⲧⲛⲙⲟⲕⲙⲉⲕ"/>
		<feat xlink:href="#sSpan1424" value="ϫⲉⲙⲙⲛⲧⲏⲧⲛⲟⲉⲓⲕ"/>
		<feat xlink:href="#sSpan1435" value="ⲙⲙⲁⲩ"/>
		<feat xlink:href="#sSpan1439" value="."/>
		<feat xlink:href="#sSpan1443" value="ⲛⲧⲉⲧⲛⲛⲟⲉⲓ"/>
		<feat xlink:href="#sSpan1452" value="ⲁⲛ"/>
		<feat xlink:href="#sSpan1457" value="ⲟⲩⲇⲉ"/>
		<feat xlink:href="#sSpan1461" value="ⲛⲧⲉⲧⲛϯ"/>
		<feat xlink:href="#sSpan1469" value="ⲁⲛ"/>
		<feat xlink:href="#sSpan1473" value="ⲛϩⲧⲏⲧⲛ"/>
		<feat xlink:href="#sSpan1482" value="ⲡⲉⲧⲛϩⲏⲧ"/>
		<feat xlink:href="#sSpan1488" value="ⲧⲏⲙ"/>
		<feat xlink:href="#sSpan1492" value="[..]ⲛⲉⲧⲛⲃⲁⲗ"/>
		<feat xlink:href="#sSpan1505" value="ⲙⲙⲱⲧⲛ"/>
		<feat xlink:href="#sSpan1511" value="ⲛⲧⲉⲧⲛⲉⲓⲱⲣϩ"/>
		<feat xlink:href="#sSpan1519" value="ⲁⲛ"/>
		<feat xlink:href="#sSpan1523" value="."/>
		<feat xlink:href="#sSpan1527" value="ⲁⲩⲱ"/>
		<feat xlink:href="#sSpan1531" value="ⲉⲣⲉⲛⲉⲧⲛⲙⲁⲁϫⲉ"/>
		<feat xlink:href="#sSpan1540" value="ⲙⲙⲱⲧⲛ"/>
		<feat xlink:href="#sSpan1546" value="ⲛⲧⲉⲧⲛⲥⲱⲧⲙ"/>
		<feat xlink:href="#sSpan1554" value="ⲁⲛ"/>
		<feat xlink:href="#sSpan1558" value="ⲁⲩⲱ"/>
		<feat xlink:href="#sSpan1562" value="ⲛⲧⲉⲧⲛⲣⲡⲙⲉⲩⲉ"/>
		<feat xlink:href="#sSpan1574" value="ⲁⲛ"/>
		<feat xlink:href="#sSpan1578" value="[..]ⲉⲓⲡⲉϣⲧⲓⲟⲩⲛⲟⲉⲓⲕ"/>
		<feat xlink:href="#sSpan1598" value="ⲉⲡϭⲓⲥⲧⲃⲁ"/>
		<feat xlink:href="#sSpan1609" value="ⲣⲣⲱⲙⲉ"/>
		<feat xlink:href="#sSpan1615" value="."/>
		<feat xlink:href="#sSpan1619" value="ⲁⲧⲉⲧⲛϥⲓ"/>
		<feat xlink:href="#sSpan1627" value="ⲟⲩⲏⲣ"/>
		<feat xlink:href="#sSpan1632" value="ⲛⲕⲟⲧ"/>
		<feat xlink:href="#sSpan1638" value="ⲉⲩⲙⲉϩ"/>
		<feat xlink:href="#sSpan1646" value="ⲗⲗⲁⲕⲙ"/>
		<feat xlink:href="#sSpan1653" value="ⲡⲉϫⲁⲩ"/>
		<feat xlink:href="#sSpan1659" value="ⲛⲁϥ"/>
		<feat xlink:href="#sSpan1665" value="ϫⲉⲙⲛⲧⲥⲛⲟⲟⲩⲥ"/>
		<feat xlink:href="#sSpan1674" value="."/>
		<feat xlink:href="#sSpan1678" value="[..]ⲉⲓⲡⲱϣ"/>
		<feat xlink:href="#sSpan1691" value="ⲟⲛ"/>
		<feat xlink:href="#sSpan1695" value="ⲙⲡⲥⲁϣϥ"/>
		<feat xlink:href="#sSpan1704" value="ⲛⲟⲉⲓⲕ"/>
		<feat xlink:href="#sSpan1710" value="ⲉⲡⲉϩⲙⲉ"/>
		<feat xlink:href="#sSpan1719" value="ⲛϣⲉ"/>
		<feat xlink:href="#sSpan1725" value="ⲣⲣⲱⲙⲉ"/>
		<feat xlink:href="#sSpan1731" value="ⲁⲧⲉⲧⲛϥⲓ"/>
		<feat xlink:href="#sSpan1739" value="ⲟⲩⲏⲣ"/>
		<feat xlink:href="#sSpan1744" value="ⲃⲃⲓⲣ"/>
		<feat xlink:href="#sSpan1750" value="ⲉⲩⲙⲉϩ"/>
		<feat xlink:href="#sSpan1758" value="ⲗⲗⲁⲕⲙ"/>
		<feat xlink:href="#sSpan1765" value="."/>
		<feat xlink:href="#sSpan1769" value="ⲡⲉϫⲁⲩ"/>
		<feat xlink:href="#sSpan1775" value="ⲛⲁϥ"/>
		<feat xlink:href="#sSpan1781" value="ϫⲉⲥⲁϣϥ"/>
		<feat xlink:href="#sSpan1788" value="."/>
		<feat xlink:href="#sSpan1792" value="ⲡⲉϫⲁϥ"/>
		<feat xlink:href="#sSpan1803" value="ⲛⲁⲩ"/>
		<feat xlink:href="#sSpan1810" value="ϫⲉⲡⲱⲥ"/>
		<feat xlink:href="#sSpan1816" value="ϭⲉ"/>
		<feat xlink:href="#sSpan1820" value="ⲛⲧⲉⲧⲛⲛⲟⲉⲓⲉ"/>
		<feat xlink:href="#sSpan1829" value="ⲁⲛ"/>
		<feat xlink:href="#sSpan1833" value="."/>
		<feat xlink:href="#sSpan1837" value="ⲉⲩⲉⲓ"/>
		<feat xlink:href="#sSpan1851" value="ⲇⲉ"/>
		<feat xlink:href="#sSpan1855" value="ⲉϩⲣⲁⲓ"/>
		<feat xlink:href="#sSpan1859" value="ⲉⲃⲏⲇⲥⲁⲓⲇⲁⲛ"/>
		<feat xlink:href="#sSpan1867" value="ⲁⲩⲱ"/>
		<feat xlink:href="#sSpan1871" value="ⲁⲩⲉⲓⲛⲉ"/>
		<feat xlink:href="#sSpan1879" value="ⲛⲁϥ"/>
		<feat xlink:href="#sSpan1885" value="ⲛⲟⲩⲃⲗⲗⲉ"/>
		<feat xlink:href="#sSpan1894" value="ⲁⲩⲥⲉⲡⲥⲱⲡϥ"/>
		<feat xlink:href="#sSpan1905" value="ⲇⲉ"/>
		<feat xlink:href="#sSpan1909" value="ϫⲉⲕⲁⲁⲥ"/>
		<feat xlink:href="#sSpan1913" value="ⲉϥⲉϫⲱϩ"/>
		<feat xlink:href="#sSpan1919" value="ⲉⲣⲟϥ"/>
		<feat xlink:href="#sSpan1925" value="ⲛⲧⲉⲣⲉϥⲁⲙⲁϩⲧⲉ"/>
		<feat xlink:href="#sSpan1938" value="ⲛⲧⲟⲟⲧϥ"/>
		<feat xlink:href="#sSpan1944" value="ⲙⲡⲃⲗⲗⲉ"/>
		<feat xlink:href="#sSpan1953" value="."/>
		<feat xlink:href="#sSpan1957" value="ⲁϥⲛⲧϥ"/>
		<feat xlink:href="#sSpan1967" value="ⲉⲡⲃⲟⲗ"/>
		<feat xlink:href="#sSpan1976" value="ⲛⲧⲕⲱⲙⲏ"/>
		<feat xlink:href="#sSpan1986" value="."/>
		<feat xlink:href="#sSpan1990" value="ⲁⲩⲱ"/>
		<feat xlink:href="#sSpan1994" value="ⲛⲧⲉⲣⲉϥⲛⲉϫⲡⲁϭⲥⲉ"/>
		<feat xlink:href="#sSpan2005" value="ⲉϩⲟⲩⲛ"/>
		<feat xlink:href="#sSpan2009" value="ϩⲛ"/>
		<feat xlink:href="#sSpan2014" value="ⲛⲉϥⲃⲁⲗ"/>
		<feat xlink:href="#sSpan2020" value="ⲁϥⲕⲁⲧⲟⲟⲧϥ"/>
		<feat xlink:href="#sSpan2033" value="ϩⲓϫⲱϥ"/>
		<feat xlink:href="#sSpan2039" value="ⲁϥϫⲛⲟⲩϥ"/>
		<feat xlink:href="#sSpan2050" value="ⲇⲉ"/>
		<feat xlink:href="#sSpan2054" value="ϫⲉⲉⲕⲛⲁⲩ"/>
		<feat xlink:href="#sSpan2064" value="ⲉⲟⲩ"/>
		<feat xlink:href="#sSpan2070" value="."/>
		<feat xlink:href="#sSpan2074" value="[..]ϥϥⲓⲓⲁⲧϥ"/>
		<feat xlink:href="#sSpan2092" value="ⲇⲉ"/>
		<feat xlink:href="#sSpan2096" value="ⲉϩⲣⲁⲓ"/>
		<feat xlink:href="#sSpan2100" value="ⲡⲉϫⲁϥ"/>
		<feat xlink:href="#sSpan2106" value="ϫⲉϯⲛⲁⲩ"/>
		<feat xlink:href="#sSpan2114" value="ⲉⲛⲣⲱⲙⲉ"/>
		<feat xlink:href="#sSpan2123" value="ⲉⲩⲙⲟⲟϣⲉ"/>
		<feat xlink:href="#sSpan2131" value="ⲛⲧϩⲉ"/>
		<feat xlink:href="#sSpan2139" value="ⲛϩⲉⲛϣⲏⲛ"/>
		<feat xlink:href="#sSpan2148" value="."/>
		<feat xlink:href="#sSpan2152" value="ⲁϥⲕⲁⲧⲟⲟⲧϥ"/>
		<feat xlink:href="#sSpan2170" value="ϩⲓϫⲛⲛⲉϥⲃⲁⲗ"/>
		<feat xlink:href="#sSpan2180" value="ⲁⲓⲁⲧϥ"/>
		<feat xlink:href="#sSpan2186" value="ⲥⲱⲧϥ"/>
		<feat xlink:href="#sSpan2190" value="ⲁϥⲉⲓⲱⲣϩ"/>
		<feat xlink:href="#sSpan2198" value="ⲁⲩⲱ"/>
		<feat xlink:href="#sSpan2202" value="ⲁϥⲛⲁⲩ"/>
		<feat xlink:href="#sSpan2210" value="ⲉⲛⲕⲁ"/>
		<feat xlink:href="#sSpan2218" value="ⲛⲓⲙ"/>
		<feat xlink:href="#sSpan2223" value="ⲕⲁⲗⲱⲥ"/>
		<feat xlink:href="#sSpan2227" value="."/>
		<feat xlink:href="#sSpan2231" value="ⲁϥϫⲟⲟⲩϥ"/>
		<feat xlink:href="#sSpan2246" value="ⲉϩⲣⲁⲓ"/>
		<feat xlink:href="#sSpan2250" value="ⲉⲡⲉϥⲏⲉⲓ"/>
		<feat xlink:href="#sSpan2259" value="ⲉϥϫⲱ"/>
		<feat xlink:href="#sSpan2267" value="ⲙⲙⲟⲥ"/>
		<feat xlink:href="#sSpan2273" value="ⲛⲁϥ"/>
		<feat xlink:href="#sSpan2279" value="ϫⲉⲙⲡⲣⲃⲱⲕ"/>
		<feat xlink:href="#sSpan2287" value="ⲣⲱ"/>
		<feat xlink:href="#sSpan2291" value="ⲉϩⲟⲩⲛ"/>
		<feat xlink:href="#sSpan2295" value="ⲉⲧⲕⲱⲙⲏ"/>
		<feat xlink:href="#sSpan2305" value="."/>
		<feat xlink:href="#sSpan2311" value="ⲓⲏⲥⲟⲩⲥ"/>
		<feat xlink:href="#sSpan2319" value="ⲁϥⲉⲓ"/>
		<feat xlink:href="#sSpan2328" value="ⲉⲃⲟⲗ"/>
		<feat xlink:href="#sSpan2332" value="ⲙⲛⲛⲉϥⲙⲁⲑⲏⲧⲏⲥ"/>
		<feat xlink:href="#sSpan2342" value="ⲉⲛⲕⲱⲙⲏ"/>
		<feat xlink:href="#sSpan2352" value="ⲛⲧⲕⲉⲥⲁⲣⲓⲁ"/>
		<feat xlink:href="#sSpan2362" value="ⲛⲧⲉⲫⲓⲗⲓⲡⲡⲟⲥ"/>
		<feat xlink:href="#sSpan2370" value="."/>
		<feat xlink:href="#sSpan2374" value="ⲁⲩⲱ"/>
		<feat xlink:href="#sSpan2378" value="ⲉϥϩⲛⲧⲉϩⲓⲏ"/>
		<feat xlink:href="#sSpan2391" value="ⲁϥϫⲛⲟⲩ"/>
		<feat xlink:href="#sSpan2400" value="ⲛⲉϥⲙⲁⲑⲏⲧⲏⲥ"/>
		<feat xlink:href="#sSpan2407" value="ⲉϥϫⲱ"/>
		<feat xlink:href="#sSpan2415" value="ⲙⲙⲟⲥ"/>
		<feat xlink:href="#sSpan2421" value="ⲛⲁⲩ"/>
		<feat xlink:href="#sSpan2427" value="."/>
		<feat xlink:href="#sSpan2431" value="ϫⲉⲉⲣⲉⲣⲣⲱⲙⲉ"/>
		<feat xlink:href="#sSpan2442" value="ϫⲱ"/>
		<feat xlink:href="#sSpan2446" value="ⲙⲙⲟⲥ"/>
		<feat xlink:href="#sSpan2452" value="ⲉⲣⲟⲉⲓ"/>
		<feat xlink:href="#sSpan2458" value="ϫⲉⲁⲛⲅⲛⲓⲙ"/>
		<feat xlink:href="#sSpan2466" value="."/>
		<feat xlink:href="#sSpan2470" value="[..]"/>
		<feat xlink:href="#sSpan2480" value="ⲇⲉ"/>
		<feat xlink:href="#sSpan2484" value="ⲡⲉϫⲁⲩ"/>
		<feat xlink:href="#sSpan2490" value="ⲛⲁϥ"/>
		<feat xlink:href="#sSpan2496" value="ϫⲉϩⲟⲓⲛⲉ"/>
		<feat xlink:href="#sSpan2503" value="ϫⲉⲓⲱϩⲁⲛⲛⲏⲥ"/>
		<feat xlink:href="#sSpan2511" value="ⲡⲉ"/>
		<feat xlink:href="#sSpan2515" value="ⲡⲃⲁⲡⲧⲓⲥⲧⲏⲥ"/>
		<feat xlink:href="#sSpan2522" value="."/>
		<feat xlink:href="#sSpan2527" value="ϩⲉⲛⲕⲟⲟⲩⲉ"/>
		<feat xlink:href="#sSpan2533" value="ϫⲉϩⲏⲗⲉⲓⲁⲥ"/>
		<feat xlink:href="#sSpan2541" value="ⲡⲉ"/>
		<feat xlink:href="#sSpan2545" value="."/>
		<feat xlink:href="#sSpan2550" value="ϩⲉⲛⲕⲟⲟⲩⲉ"/>
		<feat xlink:href="#sSpan2557" value="ⲇⲉ"/>
		<feat xlink:href="#sSpan2561" value="ϫⲉⲟⲩⲁ"/>
		<feat xlink:href="#sSpan2568" value="ⲡⲉ"/>
		<feat xlink:href="#sSpan2572" value="ⲛⲛⲉⲡⲣⲟⲫⲏⲧⲏⲥ"/>
		<feat xlink:href="#sSpan2582" value="."/>
		<feat xlink:href="#sSpan2586" value="[..]"/>
		<feat xlink:href="#sSpan2596" value="ⲇⲉ"/>
		<feat xlink:href="#sSpan2600" value="ⲁϥϫⲛⲟⲩⲟⲩ"/>
		<feat xlink:href="#sSpan2610" value="ϫⲉⲛⲧⲱⲧⲛ"/>
		<feat xlink:href="#sSpan2617" value="ⲇⲉ"/>
		<feat xlink:href="#sSpan2621" value="ⲉⲧⲉⲧⲛϫⲱ"/>
		<feat xlink:href="#sSpan2629" value="ⲙⲙⲟⲥ"/>
		<feat xlink:href="#sSpan2635" value="ⲉⲣⲟⲉⲓ"/>
		<feat xlink:href="#sSpan2641" value="ϫⲉⲁⲛⲅⲛⲓⲙ"/>
		<feat xlink:href="#sSpan2649" value="."/>
		<feat xlink:href="#sSpan2653" value="ⲁϥⲟⲩⲱϣⲃ"/>
		<feat xlink:href="#sSpan2662" value="ⲇⲉ"/>
		<feat xlink:href="#sSpan2666" value="ⲛϭⲓⲡⲉⲧⲣⲟⲥ"/>
		<feat xlink:href="#sSpan2674" value="ⲉϥϫⲱ"/>
		<feat xlink:href="#sSpan2682" value="ⲙⲙⲟⲥ"/>
		<feat xlink:href="#sSpan2688" value="ⲛⲁϥ"/>
		<feat xlink:href="#sSpan2694" value="ϫⲉⲛⲧⲟⲕ"/>
		<feat xlink:href="#sSpan2700" value="ⲡⲉ"/>
		<feat xlink:href="#sSpan2705" value="ⲡⲉⲭⲣⲓⲥⲧⲟⲥ"/>
		<feat xlink:href="#sSpan2712" value="ⲁϥⲉⲡⲓⲧⲓⲙⲁ"/>
		<feat xlink:href="#sSpan2725" value="ⲛⲁⲩ"/>
		<feat xlink:href="#sSpan2731" value="ϫⲉⲕⲁⲁⲥ"/>
		<feat xlink:href="#sSpan2735" value="ⲛⲛⲉⲩϫⲟⲟⲥ"/>
		<feat xlink:href="#sSpan2745" value="ⲗⲗⲁⲁⲩ"/>
		<feat xlink:href="#sSpan2752" value="ⲉⲧⲃⲏⲏⲧϥ"/>
		<feat xlink:href="#sSpan2758" value="."/>
		<feat xlink:href="#sSpan2762" value="ⲁϥⲁⲣⲭⲓ"/>
		<feat xlink:href="#sSpan2776" value="ⲛⲧⲟⲩⲛⲉⲓⲁⲧⲟⲩ"/>
		<feat xlink:href="#sSpan2787" value="ⲉⲃⲟⲗ"/>
		<feat xlink:href="#sSpan2792" value="ϫⲉⲡϣⲏⲣⲉ"/>
		<feat xlink:href="#sSpan2801" value="ⲙⲡⲣⲱⲙⲉ"/>
		<feat xlink:href="#sSpan2809" value="ⲉϥⲛⲁϫⲡⲓϣⲉ"/>
		<feat xlink:href="#sSpan2821" value="ϩⲁϩ"/>
		<feat xlink:href="#sSpan2826" value="ⲛϩⲓⲥⲉ"/>
		<feat xlink:href="#sSpan2832" value="ⲛⲥⲉⲥⲧⲟϥ"/>
		<feat xlink:href="#sSpan2842" value="ⲉⲃⲟⲗ"/>
		<feat xlink:href="#sSpan2846" value="ⲛϭⲓⲛⲉⲡⲣⲉⲥⲃⲩⲧⲉⲣⲟⲥ"/>
		<feat xlink:href="#sSpan2856" value="ⲙⲛⲛⲁⲣⲭⲓⲉⲣⲉⲩⲥ"/>
		<feat xlink:href="#sSpan2866" value="ⲙⲛⲛⲉⲅⲣⲁⲙⲙⲁⲧⲉⲩⲥ"/>
		<feat xlink:href="#sSpan2876" value="."/>
		<feat xlink:href="#sSpan2880" value="ⲛⲥⲉⲙⲟⲟⲩⲧϥ"/>
		<feat xlink:href="#sSpan2890" value="."/>
		<feat xlink:href="#sSpan2894" value="ⲁⲩⲱ"/>
		<feat xlink:href="#sSpan2898" value="ⲙⲛⲛⲥⲁϣⲟⲙⲛⲧ"/>
		<feat xlink:href="#sSpan2905" value="ⲛϩⲟⲟⲩ"/>
		<feat xlink:href="#sSpan2911" value="ⲛϥⲧⲱⲟⲩⲛ"/>
		<feat xlink:href="#sSpan2919" value="."/>
		<feat xlink:href="#sSpan2923" value="ϩⲛⲟⲩⲡⲁⲣⲣⲏⲥⲓⲁ"/>
		<feat xlink:href="#sSpan2938" value="ⲛⲉϥϫⲱ"/>
		<feat xlink:href="#sSpan2946" value="ⲙⲡϣⲁϫⲉ"/>
		<feat xlink:href="#sSpan2957" value="ⲡⲉⲧⲣⲟⲥ"/>
		<feat xlink:href="#sSpan2962" value="ⲇⲉ"/>
		<feat xlink:href="#sSpan2966" value="ⲁϥϯⲡⲉϥⲟⲩⲟⲓ"/>
		<feat xlink:href="#sSpan2979" value="ⲉϩⲟⲩⲛ"/>
		<feat xlink:href="#sSpan2983" value="ⲉⲣⲟϥ"/>
		<feat xlink:href="#sSpan2989" value="ⲁϥⲁⲣⲭⲉⲓ"/>
		<feat xlink:href="#sSpan2998" value="ⲛⲉⲡⲓⲧⲓⲙⲁ"/>
		<feat xlink:href="#sSpan3005" value="ⲛⲁϥ"/>
		<feat xlink:href="#sSpan3011" value="."/>
		<feat xlink:href="#sSpan3015" value="[..]"/>
		<feat xlink:href="#sSpan3025" value="ⲇⲉ"/>
		<feat xlink:href="#sSpan3029" value="ⲛⲧⲉⲣⲉϥⲕⲧⲟϥ"/>
		<feat xlink:href="#sSpan3039" value="ⲁⲩⲱ"/>
		<feat xlink:href="#sSpan3043" value="ⲁϥⲛⲁⲩ"/>
		<feat xlink:href="#sSpan3051" value="ⲉⲛⲉϥⲙⲁⲑⲏⲧⲏⲥ"/>
		<feat xlink:href="#sSpan3061" value="ⲁϥⲉⲡⲓⲧⲓⲙⲁ"/>
		<feat xlink:href="#sSpan3070" value="ⲙⲡⲉⲧⲣⲟⲥ"/>
		<feat xlink:href="#sSpan3078" value="ⲉϥϫⲱ"/>
		<feat xlink:href="#sSpan3086" value="ⲙⲙⲟⲥ"/>
		<feat xlink:href="#sSpan3092" value="ⲛⲁϥ"/>
		<feat xlink:href="#sSpan3098" value="."/>
		<feat xlink:href="#sSpan3102" value="ϫⲉⲃⲱⲕ"/>
		<feat xlink:href="#sSpan3109" value="ⲉⲡⲁϩⲟⲩ"/>
		<feat xlink:href="#sSpan3116" value="ⲙⲙⲟⲓ"/>
		<feat xlink:href="#sSpan3123" value="ⲡⲥⲁⲧⲁⲛⲁⲥ"/>
		<feat xlink:href="#sSpan3130" value="ⲉⲃⲟⲗ"/>
		<feat xlink:href="#sSpan3135" value="ϫⲉⲛⲅⲙⲉⲉⲩⲉ"/>
		<feat xlink:href="#sSpan3145" value="ⲁⲛ"/>
		<feat xlink:href="#sSpan3149" value="ⲉⲛⲁⲡⲛⲟⲩⲧⲉ"/>
		<feat xlink:href="#sSpan3162" value="ⲁⲗⲗⲁ"/>
		<feat xlink:href="#sSpan3166" value="ⲉⲛⲁⲛⲣⲣⲱⲙⲉ"/>
		<feat xlink:href="#sSpan3180" value="."/>
		<feat xlink:href="#sSpan3184" value="ⲛⲧⲉⲣⲉϥⲙⲟⲩⲧⲉ"/>
		<feat xlink:href="#sSpan3197" value="ⲉⲡⲙⲏⲏϣⲉ"/>
		<feat xlink:href="#sSpan3206" value="ⲙⲛⲛⲉϥⲙⲁⲑⲏⲧⲏⲥ"/>
		<feat xlink:href="#sSpan3216" value="ⲡⲉϫⲁϥ"/>
		<feat xlink:href="#sSpan3222" value="ⲛⲁⲩ"/>
		<feat xlink:href="#sSpan3228" value="ϫⲉⲡⲉⲧⲟⲩⲱϣ"/>
		<feat xlink:href="#sSpan3239" value="ⲉⲟⲩⲁϩϥ"/>
		<feat xlink:href="#sSpan3247" value="ⲛⲥⲱⲓ"/>
		<feat xlink:href="#sSpan3253" value="ⲙⲁⲣⲉϥⲁⲣⲛⲁ"/>
		<feat xlink:href="#sSpan3262" value="ⲙⲙⲟϥ"/>
		<feat xlink:href="#sSpan3268" value="ⲛϥϥⲓ"/>
		<feat xlink:href="#sSpan3276" value="ⲙⲡⲉϥⲥⲧⲁⲩⲣⲟⲥ"/>
		<feat xlink:href="#sSpan3286" value="ⲛϥⲟⲩⲁϩϥ"/>
		<feat xlink:href="#sSpan3296" value="ⲛⲥⲱⲉⲓ"/>
		<feat xlink:href="#sSpan3302" value="ⲉⲧⲛⲁⲟⲩⲱϣ"/>
		<feat xlink:href="#sSpan3319" value="ⲅⲁⲣ"/>
		<feat xlink:href="#sSpan3323" value="ⲉⲛⲁϩⲙ"/>
		<feat xlink:href="#sSpan3330" value="ⲧⲉϥⲯⲩⲭⲏ"/>
		<feat xlink:href="#sSpan3337" value="ϥⲛⲁⲥⲟⲣⲙⲉⲥ"/>
		<feat xlink:href="#sSpan3347" value="."/>
		<feat xlink:href="#sSpan3351" value="ⲡⲉⲧⲛⲁⲥⲱⲣⲙ"/>
		<feat xlink:href="#sSpan3363" value="ⲇⲉ"/>
		<feat xlink:href="#sSpan3367" value="ⲛⲧⲉϥⲯⲩⲭⲏ"/>
		<feat xlink:href="#sSpan3377" value="ⲉⲧⲃⲏⲏⲧ"/>
		<feat xlink:href="#sSpan3381" value="ⲙⲛⲡⲉⲩⲁⲅⲅⲉⲗⲓⲟⲛ"/>
		<feat xlink:href="#sSpan3391" value="ϥⲛⲁⲧⲟⲩϫⲟⲥ"/>
		<feat xlink:href="#sSpan3401" value="."/>
		<feat xlink:href="#sSpan3405" value="ⲟⲩ"/>
		<feat xlink:href="#sSpan3415" value="ⲅⲁⲣ"/>
		<feat xlink:href="#sSpan3419" value="ⲉⲧⲛⲁϯϩⲏⲩ"/>
		<feat xlink:href="#sSpan3429" value="ⲙⲡⲣⲱⲙⲉ"/>
		<feat xlink:href="#sSpan3438" value="ⲉⲧⲣⲉϥϫⲡⲉⲡⲕⲟⲥⲙⲟⲥ"/>
		<feat xlink:href="#sSpan3454" value="ⲧⲏⲣϥ"/>
		<feat xlink:href="#sSpan3460" value="ⲁⲩⲱ"/>
		<feat xlink:href="#sSpan3464" value="ⲛϥϯⲟⲥⲉ"/>
		<feat xlink:href="#sSpan3474" value="ⲛⲧⲉϥⲯⲩⲭⲏ"/>
		<feat xlink:href="#sSpan3484" value="."/>
		<feat xlink:href="#sSpan3488" value="ⲟⲩ"/>
		<feat xlink:href="#sSpan3497" value="ⲡⲉⲧⲉⲣⲉ"/>
		<feat xlink:href="#sSpan3504" value="ⲡⲣⲱⲙⲉ"/>
		<feat xlink:href="#sSpan3510" value="ⲛⲁⲧⲁⲁϥ"/>
		<feat xlink:href="#sSpan3518" value="ⲛϣⲃⲃⲓⲱ"/>
		<feat xlink:href="#sSpan3525" value="ϩⲁⲧⲉϥⲯⲩⲭⲏ"/>
		<feat xlink:href="#sSpan3535" value="."/>
		<feat xlink:href="#sSpan3539" value="ⲉⲧⲛⲁϯϣⲓⲡⲉ"/>
		<feat xlink:href="#sSpan3557" value="ⲅⲁⲣ"/>
		<feat xlink:href="#sSpan3561" value="ⲛⲁⲓ"/>
		<feat xlink:href="#sSpan3567" value="ⲙⲛⲛⲉⲧⲉⲛⲟⲩⲓ"/>
		<feat xlink:href="#sSpan3578" value="ⲛⲉ"/>
		<feat xlink:href="#sSpan3582" value="ϩⲛⲧⲉⲓⲅⲉⲛⲉⲁ"/>
		<feat xlink:href="#sSpan3592" value="ⲛⲛⲟⲉⲓⲕ"/>
		<feat xlink:href="#sSpan3598" value="."/>
		<feat xlink:href="#sSpan3602" value="ⲁⲩⲱ"/>
		<feat xlink:href="#sSpan3606" value="ⲛⲣⲉϥⲣⲛⲟⲃⲉ"/>
		<feat xlink:href="#sSpan3615" value="."/>
		<feat xlink:href="#sSpan3619" value="ⲡϣⲏⲣⲉ"/>
		<feat xlink:href="#sSpan3626" value="ϩⲱⲱϥ"/>
		<feat xlink:href="#sSpan3632" value="ⲙⲡⲣⲱⲙⲉ"/>
		<feat xlink:href="#sSpan3641" value="ⲛⲁϯϣⲓⲡⲉ"/>
		<feat xlink:href="#sSpan3649" value="ⲛⲁϥ"/>
		<feat xlink:href="#sSpan3655" value="ⲉϥϣⲁⲛⲉⲓ"/>
		<feat xlink:href="#sSpan3661" value="ϩⲙⲡⲉⲟⲟⲩ"/>
		<feat xlink:href="#sSpan3670" value="ⲙⲡⲉϥⲉⲓⲱⲧ"/>
		<feat xlink:href="#sSpan3679" value="ⲙⲛⲛⲁⲅⲅⲉⲗⲟⲥ"/>
		<feat xlink:href="#sSpan3689" value="ⲉⲧⲟⲩⲁⲁⲃ"/></featList></paula>