<?xml version='1.0' encoding='UTF-8'?><!DOCTYPE paula SYSTEM "paula_rel.dtd">
<paula version="1.1">
	<header paula_id="scriptorium.Ruth_03.head"/>
	<relList xmlns:xlink="http://www.w3.org/1999/xlink" type="head">
		<rel id="sPointingRel1253" xlink:href="scriptorium.Ruth_03.mark.xml#sSpan1219" target="scriptorium.Ruth_03.mark.xml#sSpan1221"/>
		<rel id="sPointingRel1255" xlink:href="scriptorium.Ruth_03.mark.xml#sSpan1353" target="scriptorium.Ruth_03.mark.xml#sSpan1351"/>
		<rel id="sPointingRel1257" xlink:href="scriptorium.Ruth_03.mark.xml#sSpan543" target="scriptorium.Ruth_03.mark.xml#sSpan544"/>
		<rel id="sPointingRel1259" xlink:href="scriptorium.Ruth_03.mark.xml#sSpan83" target="scriptorium.Ruth_03.mark.xml#sSpan85"/>
		<rel id="sPointingRel1261" xlink:href="scriptorium.Ruth_03.mark.xml#sSpan1462" target="scriptorium.Ruth_03.mark.xml#sSpan1463"/>
		<rel id="sPointingRel1263" xlink:href="scriptorium.Ruth_03.mark.xml#sSpan1382" target="scriptorium.Ruth_03.mark.xml#sSpan1380"/>
		<rel id="sPointingRel1265" xlink:href="scriptorium.Ruth_03.mark.xml#sSpan273" target="scriptorium.Ruth_03.mark.xml#sSpan274"/>
		<rel id="sPointingRel1267" xlink:href="scriptorium.Ruth_03.mark.xml#sSpan1743" target="scriptorium.Ruth_03.mark.xml#sSpan1745"/>
		<rel id="sPointingRel1269" xlink:href="scriptorium.Ruth_03.mark.xml#sSpan972" target="scriptorium.Ruth_03.mark.xml#sSpan970"/>
		<rel id="sPointingRel1271" xlink:href="scriptorium.Ruth_03.mark.xml#sSpan18" target="scriptorium.Ruth_03.mark.xml#sSpan21"/>
		<rel id="sPointingRel1273" xlink:href="scriptorium.Ruth_03.mark.xml#sSpan1198" target="scriptorium.Ruth_03.mark.xml#sSpan1200"/>
		<rel id="sPointingRel1275" xlink:href="scriptorium.Ruth_03.mark.xml#sSpan1774" target="scriptorium.Ruth_03.mark.xml#sSpan1775"/>
		<rel id="sPointingRel1277" xlink:href="scriptorium.Ruth_03.mark.xml#sSpan1139" target="scriptorium.Ruth_03.mark.xml#sSpan1142"/>
		<rel id="sPointingRel1279" xlink:href="scriptorium.Ruth_03.mark.xml#sSpan913" target="scriptorium.Ruth_03.mark.xml#sSpan914"/>
		<rel id="sPointingRel1281" xlink:href="scriptorium.Ruth_03.mark.xml#sSpan774" target="scriptorium.Ruth_03.mark.xml#sSpan777"/>
		<rel id="sPointingRel1283" xlink:href="scriptorium.Ruth_03.mark.xml#sSpan1548" target="scriptorium.Ruth_03.mark.xml#sSpan1546"/>
		<rel id="sPointingRel1285" xlink:href="scriptorium.Ruth_03.mark.xml#sSpan1565" target="scriptorium.Ruth_03.mark.xml#sSpan1563"/>
		<rel id="sPointingRel1287" xlink:href="scriptorium.Ruth_03.mark.xml#sSpan1832" target="scriptorium.Ruth_03.mark.xml#sSpan1830"/>
		<rel id="sPointingRel1289" xlink:href="scriptorium.Ruth_03.mark.xml#sSpan2058" target="scriptorium.Ruth_03.mark.xml#sSpan2056"/>
		<rel id="sPointingRel1291" xlink:href="scriptorium.Ruth_03.mark.xml#sSpan1802" target="scriptorium.Ruth_03.mark.xml#sSpan1805"/>
		<rel id="sPointingRel1293" xlink:href="scriptorium.Ruth_03.mark.xml#sSpan2120" target="scriptorium.Ruth_03.mark.xml#sSpan2121"/>
		<rel id="sPointingRel1295" xlink:href="scriptorium.Ruth_03.mark.xml#sSpan1316" target="scriptorium.Ruth_03.mark.xml#sSpan1318"/>
		<rel id="sPointingRel1297" xlink:href="scriptorium.Ruth_03.mark.xml#sSpan1991" target="scriptorium.Ruth_03.mark.xml#sSpan1992"/>
		<rel id="sPointingRel1299" xlink:href="scriptorium.Ruth_03.mark.xml#sSpan1040" target="scriptorium.Ruth_03.mark.xml#sSpan1038"/>
		<rel id="sPointingRel1301" xlink:href="scriptorium.Ruth_03.mark.xml#sSpan2082" target="scriptorium.Ruth_03.mark.xml#sSpan2083"/>
		<rel id="sPointingRel1303" xlink:href="scriptorium.Ruth_03.mark.xml#sSpan904" target="scriptorium.Ruth_03.mark.xml#sSpan905"/>
		<rel id="sPointingRel1305" xlink:href="scriptorium.Ruth_03.mark.xml#sSpan957" target="scriptorium.Ruth_03.mark.xml#sSpan959"/>
		<rel id="sPointingRel1307" xlink:href="scriptorium.Ruth_03.mark.xml#sSpan483" target="scriptorium.Ruth_03.mark.xml#sSpan480"/>
		<rel id="sPointingRel1309" xlink:href="scriptorium.Ruth_03.mark.xml#sSpan605" target="scriptorium.Ruth_03.mark.xml#sSpan603"/>
		<rel id="sPointingRel1311" xlink:href="scriptorium.Ruth_03.mark.xml#sSpan1068" target="scriptorium.Ruth_03.mark.xml#sSpan1069"/>
		<rel id="sPointingRel1313" xlink:href="scriptorium.Ruth_03.mark.xml#sSpan2037" target="scriptorium.Ruth_03.mark.xml#sSpan2040"/>
		<rel id="sPointingRel1315" xlink:href="scriptorium.Ruth_03.mark.xml#sSpan1914" target="scriptorium.Ruth_03.mark.xml#sSpan1921"/>
		<rel id="sPointingRel1317" xlink:href="scriptorium.Ruth_03.mark.xml#sSpan1301" target="scriptorium.Ruth_03.mark.xml#sSpan1299"/>
		<rel id="sPointingRel1319" xlink:href="scriptorium.Ruth_03.mark.xml#sSpan1344" target="scriptorium.Ruth_03.mark.xml#sSpan1345"/>
		<rel id="sPointingRel1321" xlink:href="scriptorium.Ruth_03.mark.xml#sSpan181" target="scriptorium.Ruth_03.mark.xml#sSpan182"/>
		<rel id="sPointingRel1323" xlink:href="scriptorium.Ruth_03.mark.xml#sSpan1016" target="scriptorium.Ruth_03.mark.xml#sSpan1019"/>
		<rel id="sPointingRel1325" xlink:href="scriptorium.Ruth_03.mark.xml#sSpan1157" target="scriptorium.Ruth_03.mark.xml#sSpan1152"/>
		<rel id="sPointingRel1327" xlink:href="scriptorium.Ruth_03.mark.xml#sSpan1475" target="scriptorium.Ruth_03.mark.xml#sSpan1473"/>
		<rel id="sPointingRel1329" xlink:href="scriptorium.Ruth_03.mark.xml#sSpan889" target="scriptorium.Ruth_03.mark.xml#sSpan885"/>
		<rel id="sPointingRel1331" xlink:href="scriptorium.Ruth_03.mark.xml#sSpan1080" target="scriptorium.Ruth_03.mark.xml#sSpan1076"/>
		<rel id="sPointingRel1333" xlink:href="scriptorium.Ruth_03.mark.xml#sSpan41" target="scriptorium.Ruth_03.mark.xml#sSpan42"/>
		<rel id="sPointingRel1335" xlink:href="scriptorium.Ruth_03.mark.xml#sSpan1626" target="scriptorium.Ruth_03.mark.xml#sSpan1630"/>
		<rel id="sPointingRel1337" xlink:href="scriptorium.Ruth_03.mark.xml#sSpan64" target="scriptorium.Ruth_03.mark.xml#sSpan65"/>
		<rel id="sPointingRel1339" xlink:href="scriptorium.Ruth_03.mark.xml#sSpan667" target="scriptorium.Ruth_03.mark.xml#sSpan669"/>
		<rel id="sPointingRel1341" xlink:href="scriptorium.Ruth_03.mark.xml#sSpan150" target="scriptorium.Ruth_03.mark.xml#sSpan151"/>
		<rel id="sPointingRel1343" xlink:href="scriptorium.Ruth_03.mark.xml#sSpan634" target="scriptorium.Ruth_03.mark.xml#sSpan635"/>
		<rel id="sPointingRel1345" xlink:href="scriptorium.Ruth_03.mark.xml#sSpan1101" target="scriptorium.Ruth_03.mark.xml#sSpan1104"/>
		<rel id="sPointingRel1347" xlink:href="scriptorium.Ruth_03.mark.xml#sSpan807" target="scriptorium.Ruth_03.mark.xml#sSpan810"/>
		<rel id="sPointingRel1349" xlink:href="scriptorium.Ruth_03.mark.xml#sSpan1235" target="scriptorium.Ruth_03.mark.xml#sSpan1238"/>
		<rel id="sPointingRel1351" xlink:href="scriptorium.Ruth_03.mark.xml#sSpan760" target="scriptorium.Ruth_03.mark.xml#sSpan761"/>
		<rel id="sPointingRel1353" xlink:href="scriptorium.Ruth_03.mark.xml#sSpan4" target="scriptorium.Ruth_03.mark.xml#sSpan2"/>
		<rel id="sPointingRel1355" xlink:href="scriptorium.Ruth_03.mark.xml#sSpan360" target="scriptorium.Ruth_03.mark.xml#sSpan361"/>
		<rel id="sPointingRel1357" xlink:href="scriptorium.Ruth_03.mark.xml#sSpan1031" target="scriptorium.Ruth_03.mark.xml#sSpan1032"/>
		<rel id="sPointingRel1359" xlink:href="scriptorium.Ruth_03.mark.xml#sSpan117" target="scriptorium.Ruth_03.mark.xml#sSpan115"/>
		<rel id="sPointingRel1361" xlink:href="scriptorium.Ruth_03.mark.xml#sSpan436" target="scriptorium.Ruth_03.mark.xml#sSpan437"/>
		<rel id="sPointingRel1363" xlink:href="scriptorium.Ruth_03.mark.xml#sSpan190" target="scriptorium.Ruth_03.mark.xml#sSpan191"/>
		<rel id="sPointingRel1365" xlink:href="scriptorium.Ruth_03.mark.xml#sSpan120" target="scriptorium.Ruth_03.mark.xml#sSpan124"/>
		<rel id="sPointingRel1367" xlink:href="scriptorium.Ruth_03.mark.xml#sSpan562" target="scriptorium.Ruth_03.mark.xml#sSpan559"/>
		<rel id="sPointingRel1369" xlink:href="scriptorium.Ruth_03.mark.xml#sSpan2129" target="scriptorium.Ruth_03.mark.xml#sSpan2130"/>
		<rel id="sPointingRel1371" xlink:href="scriptorium.Ruth_03.mark.xml#sSpan1873" target="scriptorium.Ruth_03.mark.xml#sSpan1874"/>
		<rel id="sPointingRel1373" xlink:href="scriptorium.Ruth_03.mark.xml#sSpan1758" target="scriptorium.Ruth_03.mark.xml#sSpan1756"/>
		<rel id="sPointingRel1375" xlink:href="scriptorium.Ruth_03.mark.xml#sSpan1117" target="scriptorium.Ruth_03.mark.xml#sSpan1121"/>
		<rel id="sPointingRel1377" xlink:href="scriptorium.Ruth_03.mark.xml#sSpan1860" target="scriptorium.Ruth_03.mark.xml#sSpan1857"/>
		<rel id="sPointingRel1379" xlink:href="scriptorium.Ruth_03.mark.xml#sSpan452" target="scriptorium.Ruth_03.mark.xml#sSpan450"/>
		<rel id="sPointingRel1381" xlink:href="scriptorium.Ruth_03.mark.xml#sSpan1594" target="scriptorium.Ruth_03.mark.xml#sSpan1595"/>
		<rel id="sPointingRel1383" xlink:href="scriptorium.Ruth_03.mark.xml#sSpan769" target="scriptorium.Ruth_03.mark.xml#sSpan770"/>
		<rel id="sPointingRel1385" xlink:href="scriptorium.Ruth_03.mark.xml#sSpan1287" target="scriptorium.Ruth_03.mark.xml#sSpan1289"/>
		<rel id="sPointingRel1387" xlink:href="scriptorium.Ruth_03.mark.xml#sSpan1695" target="scriptorium.Ruth_03.mark.xml#sSpan1700"/>
		<rel id="sPointingRel1389" xlink:href="scriptorium.Ruth_03.mark.xml#sSpan1504" target="scriptorium.Ruth_03.mark.xml#sSpan1502"/>
		<rel id="sPointingRel1391" xlink:href="scriptorium.Ruth_03.mark.xml#sSpan689" target="scriptorium.Ruth_03.mark.xml#sSpan687"/>
		<rel id="sPointingRel1393" xlink:href="scriptorium.Ruth_03.mark.xml#sSpan930" target="scriptorium.Ruth_03.mark.xml#sSpan931"/>
		<rel id="sPointingRel1395" xlink:href="scriptorium.Ruth_03.mark.xml#sSpan1578" target="scriptorium.Ruth_03.mark.xml#sSpan1576"/>
		<rel id="sPointingRel1397" xlink:href="scriptorium.Ruth_03.mark.xml#sSpan1391" target="scriptorium.Ruth_03.mark.xml#sSpan1395"/>
		<rel id="sPointingRel1399" xlink:href="scriptorium.Ruth_03.mark.xml#sSpan1534" target="scriptorium.Ruth_03.mark.xml#sSpan1532"/>
		<rel id="sPointingRel1401" xlink:href="scriptorium.Ruth_03.mark.xml#sSpan135" target="scriptorium.Ruth_03.mark.xml#sSpan131"/>
		<rel id="sPointingRel1403" xlink:href="scriptorium.Ruth_03.mark.xml#sSpan245" target="scriptorium.Ruth_03.mark.xml#sSpan246"/>
		<rel id="sPointingRel1405" xlink:href="scriptorium.Ruth_03.mark.xml#sSpan199" target="scriptorium.Ruth_03.mark.xml#sSpan200"/>
		<rel id="sPointingRel1407" xlink:href="scriptorium.Ruth_03.mark.xml#sSpan295" target="scriptorium.Ruth_03.mark.xml#sSpan296"/>
		<rel id="sPointingRel1409" xlink:href="scriptorium.Ruth_03.mark.xml#sSpan575" target="scriptorium.Ruth_03.mark.xml#sSpan576"/>
		<rel id="sPointingRel1411" xlink:href="scriptorium.Ruth_03.mark.xml#sSpan1375" target="scriptorium.Ruth_03.mark.xml#sSpan1373"/>
		<rel id="sPointingRel1413" xlink:href="scriptorium.Ruth_03.mark.xml#sSpan1047" target="scriptorium.Ruth_03.mark.xml#sSpan1048"/>
		<rel id="sPointingRel1415" xlink:href="scriptorium.Ruth_03.mark.xml#sSpan1011" target="scriptorium.Ruth_03.mark.xml#sSpan1012"/></relList></paula>