<?xml version='1.0' encoding='UTF-8'?><!DOCTYPE paula SYSTEM "paula_feat.dtd">
<paula version="1.1">
	<header paula_id="scriptorium.Ruth_03.mark_orig_group"/>
	<featList xmlns:xlink="http://www.w3.org/1999/xlink" type="orig_group" xml:base="scriptorium.Ruth_03.mark.xml">
		<feat xlink:href="#sSpan6" value="ⲛⲟⲉⲙⲓⲛ"/>
		<feat xlink:href="#sSpan15" value="ⲇⲉ"/>
		<feat xlink:href="#sSpan20" value="ⲧⲉⲥϣⲱⲙⲉ"/>
		<feat xlink:href="#sSpan26" value="ⲡⲉϫⲁⲥ"/>
		<feat xlink:href="#sSpan32" value="ⲛⲁⲥ"/>
		<feat xlink:href="#sSpan38" value="ϫⲉⲧⲁϣⲉⲉⲣⲉ"/>
		<feat xlink:href="#sSpan47" value="ⲛⲛⲁⲕⲱⲧⲉ"/>
		<feat xlink:href="#sSpan55" value="ⲛⲉ"/>
		<feat xlink:href="#sSpan61" value="ⲛⲥⲁⲟⲩⲙⲁ"/>
		<feat xlink:href="#sSpan70" value="ⲛⲙⲧⲟⲛ"/>
		<feat xlink:href="#sSpan76" value="ϫⲉⲕⲁⲥ"/>
		<feat xlink:href="#sSpan80" value="ⲉⲣⲉⲡⲡⲉⲧⲛⲁⲛⲟⲩϥ"/>
		<feat xlink:href="#sSpan93" value="ϣⲱⲡⲉ"/>
		<feat xlink:href="#sSpan97" value="ⲙⲙⲟ"/>
		<feat xlink:href="#sSpan101" value="ⲧⲉⲛⲟⲩ"/>
		<feat xlink:href="#sSpan109" value="ϭⲉ"/>
		<feat xlink:href="#sSpan113" value="ⲉⲓⲥⲃⲟⲉⲥ"/>
		<feat xlink:href="#sSpan122" value="ⲡⲉⲛⲣⲙⲛⲥⲟⲟⲩⲛ"/>
		<feat xlink:href="#sSpan130" value="ⲡⲉ"/>
		<feat xlink:href="#sSpan134" value="ⲡⲁⲓ"/>
		<feat xlink:href="#sSpan139" value="ⲉⲛⲧⲁϭⲱ"/>
		<feat xlink:href="#sSpan147" value="ⲙⲛⲛⲉϥϣⲉⲉⲣⲉ"/>
		<feat xlink:href="#sSpan157" value="ϣⲏⲙ"/>
		<feat xlink:href="#sSpan162" value="ⲉⲓⲥϩⲏⲏⲧⲉ"/>
		<feat xlink:href="#sSpan168" value="ⲛⲧⲟϥ"/>
		<feat xlink:href="#sSpan172" value="ⲉϥⲛⲁϣⲉϣⲡⲉϫⲛⲟⲟⲩ"/>
		<feat xlink:href="#sSpan187" value="ⲛⲛⲉϥⲉⲓⲱⲧ"/>
		<feat xlink:href="#sSpan196" value="ϩⲛⲧⲉⲓⲟⲩϣⲏ"/>
		<feat xlink:href="#sSpan205" value="ⲛⲧⲟ"/>
		<feat xlink:href="#sSpan214" value="ⲇⲉ"/>
		<feat xlink:href="#sSpan218" value="ϫⲟⲕⲙⲉ"/>
		<feat xlink:href="#sSpan224" value="ⲛⲧⲉⲧⲁϩⲥⲉ"/>
		<feat xlink:href="#sSpan234" value="ⲛⲧⲉϯ"/>
		<feat xlink:href="#sSpan242" value="ⲛⲛⲟⲩϩⲟⲉⲓⲧⲉ"/>
		<feat xlink:href="#sSpan251" value="ϩⲓⲱⲱⲧⲉ"/>
		<feat xlink:href="#sSpan257" value="ⲛⲧⲉⲃⲱⲕ"/>
		<feat xlink:href="#sSpan266" value="ⲉⲃⲟⲗ"/>
		<feat xlink:href="#sSpan270" value="ⲉⲡⲉϫⲛⲟⲟⲩ"/>
		<feat xlink:href="#sSpan279" value="ⲛⲧⲉⲧⲙⲟⲩⲟⲛϩⲉ"/>
		<feat xlink:href="#sSpan291" value="ⲉⲡⲣⲱⲙⲉ"/>
		<feat xlink:href="#sSpan300" value="ϣⲁⲛⲧϥⲟⲩⲱ"/>
		<feat xlink:href="#sSpan308" value="ⲉϥⲟⲩⲱⲙ"/>
		<feat xlink:href="#sSpan316" value="ⲁⲩⲱ"/>
		<feat xlink:href="#sSpan320" value="ⲉϥⲥⲱ"/>
		<feat xlink:href="#sSpan328" value="ⲁⲩⲱ"/>
		<feat xlink:href="#sSpan336" value="ⲉϥϣⲁⲛⲧⲁⲁϥ"/>
		<feat xlink:href="#sSpan344" value="ⲉⲛⲕⲟⲧⲕ"/>
		<feat xlink:href="#sSpan350" value="ⲉⲣⲉⲉⲓⲙⲉ"/>
		<feat xlink:href="#sSpan356" value="ⲉⲡⲙⲁ"/>
		<feat xlink:href="#sSpan365" value="ⲉⲧϥⲛⲁⲛⲕⲟⲧⲕ"/>
		<feat xlink:href="#sSpan375" value="ⲛϩⲏⲧϥ"/>
		<feat xlink:href="#sSpan381" value="ⲛⲧⲉⲃⲱⲕ"/>
		<feat xlink:href="#sSpan389" value="ⲛⲧⲉϭⲱⲗⲡ"/>
		<feat xlink:href="#sSpan398" value="ⲉⲃⲟⲗ"/>
		<feat xlink:href="#sSpan402" value="ϩⲁⲣⲁⲧϥ"/>
		<feat xlink:href="#sSpan408" value="ⲛⲧⲉⲛⲕⲟⲧⲕ"/>
		<feat xlink:href="#sSpan416" value="ⲁⲩⲱ"/>
		<feat xlink:href="#sSpan420" value="ⲛⲧⲟϥ"/>
		<feat xlink:href="#sSpan424" value="ϥⲛⲁⲧⲁⲙⲟ"/>
		<feat xlink:href="#sSpan432" value="ⲉⲛⲉϩⲃⲏⲩⲉ"/>
		<feat xlink:href="#sSpan441" value="ⲉⲧⲉⲣⲁⲁⲩ"/>
		<feat xlink:href="#sSpan453" value="ϩⲣⲟⲩⲑ"/>
		<feat xlink:href="#sSpan462" value="ⲇⲉ"/>
		<feat xlink:href="#sSpan466" value="ⲡⲉϫⲁⲥ"/>
		<feat xlink:href="#sSpan472" value="ⲛⲁⲥ"/>
		<feat xlink:href="#sSpan478" value="ϫⲉϩⲱⲃ"/>
		<feat xlink:href="#sSpan486" value="ⲛⲓⲙ"/>
		<feat xlink:href="#sSpan490" value="ⲉⲧⲉⲣⲁϫⲟⲟⲩ"/>
		<feat xlink:href="#sSpan502" value="ⲉⲣⲟⲓ"/>
		<feat xlink:href="#sSpan508" value="ϯⲛⲁⲁⲁⲩ"/>
		<feat xlink:href="#sSpan518" value="ⲁⲩⲱ"/>
		<feat xlink:href="#sSpan526" value="ⲁⲥⲃⲱⲕ"/>
		<feat xlink:href="#sSpan535" value="ⲉϩⲣⲁⲓ"/>
		<feat xlink:href="#sSpan539" value="ⲉⲧⲣⲉϫⲛⲟⲟⲩ"/>
		<feat xlink:href="#sSpan548" value="ⲁⲥⲉⲓⲣⲉ"/>
		<feat xlink:href="#sSpan557" value="ⲕⲁⲧⲁϩⲱⲃ"/>
		<feat xlink:href="#sSpan565" value="ⲛⲓⲙ"/>
		<feat xlink:href="#sSpan569" value="ⲉⲛⲧⲁⲧⲉⲥϣⲱⲙⲉ"/>
		<feat xlink:href="#sSpan580" value="ϩⲱⲛ"/>
		<feat xlink:href="#sSpan584" value="ⲙⲙⲟⲟⲩ"/>
		<feat xlink:href="#sSpan590" value="ⲉⲧⲟⲟⲧⲥ"/>
		<feat xlink:href="#sSpan596" value="ⲁⲩⲱ"/>
		<feat xlink:href="#sSpan606" value="ⲃⲟⲉⲥ"/>
		<feat xlink:href="#sSpan610" value="ⲁϥⲟⲩⲱⲙ"/>
		<feat xlink:href="#sSpan618" value="ⲁⲩⲱ"/>
		<feat xlink:href="#sSpan622" value="ⲁϥⲥⲱ"/>
		<feat xlink:href="#sSpan630" value="ⲁⲡⲉϥϩⲏⲧ"/>
		<feat xlink:href="#sSpan639" value="ⲟⲩⲛⲟϥ"/>
		<feat xlink:href="#sSpan643" value="ⲁϥⲉⲓ"/>
		<feat xlink:href="#sSpan652" value="ⲉⲧⲣⲉϥⲛⲕⲟⲧⲕ"/>
		<feat xlink:href="#sSpan663" value="ϩⲛⲧⲙⲉⲣⲓⲥ"/>
		<feat xlink:href="#sSpan673" value="ⲉⲧϩⲟⲣϭ"/>
		<feat xlink:href="#sSpan679" value="ⲛⲧⲟⲥ"/>
		<feat xlink:href="#sSpan684" value="ⲇⲉ"/>
		<feat xlink:href="#sSpan690" value="ϩⲣⲟⲩⲑ"/>
		<feat xlink:href="#sSpan694" value="ⲁⲥⲉⲓ"/>
		<feat xlink:href="#sSpan703" value="ⲛϩⲱⲡ"/>
		<feat xlink:href="#sSpan709" value="ⲁⲥϭⲱⲗⲡ"/>
		<feat xlink:href="#sSpan717" value="ϩⲁⲣⲁⲧϥ"/>
		<feat xlink:href="#sSpan723" value="ⲉⲃⲟⲗ"/>
		<feat xlink:href="#sSpan727" value="ⲁⲩⲱ"/>
		<feat xlink:href="#sSpan731" value="ⲁⲥⲛⲕⲟⲧⲕ"/>
		<feat xlink:href="#sSpan739" value="ⲁⲥϣⲱⲡⲉ"/>
		<feat xlink:href="#sSpan752" value="ⲇⲉ"/>
		<feat xlink:href="#sSpan756" value="ϩⲛⲧⲡⲁϣⲉ"/>
		<feat xlink:href="#sSpan765" value="ⲛⲧⲉⲩϣⲏ"/>
		<feat xlink:href="#sSpan775" value="ⲡⲣⲱⲙⲉ"/>
		<feat xlink:href="#sSpan781" value="ⲁϥⲛⲉϩⲥⲉ"/>
		<feat xlink:href="#sSpan789" value="ⲉϩⲣⲁⲓ"/>
		<feat xlink:href="#sSpan793" value="ⲁϥϣⲧⲟⲣⲧⲣ"/>
		<feat xlink:href="#sSpan801" value="ⲁⲩⲱ"/>
		<feat xlink:href="#sSpan805" value="ⲉⲓⲥⲟⲩⲥϩⲓⲙⲉ"/>
		<feat xlink:href="#sSpan814" value="ⲉⲥⲛⲕⲟⲧⲕ"/>
		<feat xlink:href="#sSpan822" value="ϩⲁⲣⲁⲧϥ"/>
		<feat xlink:href="#sSpan828" value="ⲡⲉϫⲁϥ"/>
		<feat xlink:href="#sSpan839" value="ⲇⲉ"/>
		<feat xlink:href="#sSpan843" value="ⲛⲁⲥ"/>
		<feat xlink:href="#sSpan849" value="ϫⲉⲛⲧⲉⲛⲓⲙ"/>
		<feat xlink:href="#sSpan857" value="ⲛⲧⲟ"/>
		<feat xlink:href="#sSpan861" value="ⲛⲧⲟⲥ"/>
		<feat xlink:href="#sSpan866" value="ⲇⲉ"/>
		<feat xlink:href="#sSpan870" value="ⲡⲉϫⲁⲥ"/>
		<feat xlink:href="#sSpan876" value="ϫⲉⲁⲛⲟⲕ"/>
		<feat xlink:href="#sSpan882" value="ⲧⲉ"/>
		<feat xlink:href="#sSpan887" value="ϩⲣⲟⲩⲑ"/>
		<feat xlink:href="#sSpan892" value="ⲧⲉⲕϩⲙϩⲁⲗ"/>
		<feat xlink:href="#sSpan898" value="ⲁⲩⲱ"/>
		<feat xlink:href="#sSpan902" value="ⲡⲧⲟⲡ"/>
		<feat xlink:href="#sSpan909" value="ⲙⲡⲉⲕϩⲟⲓⲧⲉ"/>
		<feat xlink:href="#sSpan918" value="ⲉⲕⲉⲛⲟϫϥ"/>
		<feat xlink:href="#sSpan926" value="ⲉϫⲛⲧⲉⲕϩⲙϩⲁⲗ"/>
		<feat xlink:href="#sSpan935" value="ϫⲉⲛⲧⲟⲕ"/>
		<feat xlink:href="#sSpan941" value="ⲡⲉⲧϩⲏⲛ"/>
		<feat xlink:href="#sSpan949" value="ⲉϩⲟⲩⲛ"/>
		<feat xlink:href="#sSpan953" value="ϩⲙⲡⲅⲉⲛⲟⲥ"/>
		<feat xlink:href="#sSpan963" value="ⲁⲩⲱ"/>
		<feat xlink:href="#sSpan973" value="ⲃⲟⲉⲥ"/>
		<feat xlink:href="#sSpan977" value="ⲡⲉϫⲁϥ"/>
		<feat xlink:href="#sSpan983" value="ⲛⲁⲥ"/>
		<feat xlink:href="#sSpan989" value="ϫⲉⲧⲉⲥⲙⲁⲙⲁⲁⲧ"/>
		<feat xlink:href="#sSpan997" value="ⲛⲧⲟ"/>
		<feat xlink:href="#sSpan1001" value="ⲛⲧⲟⲟⲧϥ"/>
		<feat xlink:href="#sSpan1007" value="ⲙⲡϫⲟⲉⲓⲥ"/>
		<feat xlink:href="#sSpan1017" value="ⲧⲁϣⲉⲉⲣⲉ"/>
		<feat xlink:href="#sSpan1023" value="ϫⲉⲁⲧⲁϣⲉⲡⲟⲩⲛⲁ"/>
		<feat xlink:href="#sSpan1036" value="ⲛϩⲁⲉ"/>
		<feat xlink:href="#sSpan1043" value="ⲉϩⲟⲩⲉ"/>
		<feat xlink:href="#sSpan1048" value="ⲡϣⲟⲣⲡ"/>
		<feat xlink:href="#sSpan1054" value="ⲉⲧⲙⲧⲣⲉⲟⲩⲁϩⲉ"/>
		<feat xlink:href="#sSpan1066" value="ⲛⲥⲁϩⲉⲛϣⲏⲣⲉ"/>
		<feat xlink:href="#sSpan1076" value="ϣⲏⲙ"/>
		<feat xlink:href="#sSpan1080" value="ⲡⲉⲧⲉⲛⲧⲟϥ"/>
		<feat xlink:href="#sSpan1089" value="ⲡⲉ"/>
		<feat xlink:href="#sSpan1093" value="ⲛϩⲏⲧⲟⲩ"/>
		<feat xlink:href="#sSpan1099" value="ⲉϣⲱⲡⲉ"/>
		<feat xlink:href="#sSpan1104" value="ⲟⲩϩⲏⲕⲉ"/>
		<feat xlink:href="#sSpan1110" value="ⲡⲉ"/>
		<feat xlink:href="#sSpan1115" value="ⲏ"/>
		<feat xlink:href="#sSpan1120" value="ⲟⲩⲣⲙⲙⲁⲟ"/>
		<feat xlink:href="#sSpan1128" value="ⲧⲉⲛⲟⲩ"/>
		<feat xlink:href="#sSpan1136" value="ϭⲉ"/>
		<feat xlink:href="#sSpan1141" value="ⲧⲁϣⲉⲉⲣⲉ"/>
		<feat xlink:href="#sSpan1147" value="ⲙⲡⲣⲣϩⲟⲧⲉ"/>
		<feat xlink:href="#sSpan1155" value="ϩⲱⲃ"/>
		<feat xlink:href="#sSpan1161" value="ⲛⲓⲙ"/>
		<feat xlink:href="#sSpan1165" value="ⲉⲧⲉⲣⲁϫⲟⲟⲩ"/>
		<feat xlink:href="#sSpan1177" value="ⲁⲛⲟⲕ"/>
		<feat xlink:href="#sSpan1181" value="ϯⲛⲁⲁⲩ"/>
		<feat xlink:href="#sSpan1191" value="ⲛⲉ"/>
		<feat xlink:href="#sSpan1197" value="ⲧⲉⲫⲩⲗⲏ"/>
		<feat xlink:href="#sSpan1206" value="ⲅⲁⲣ"/>
		<feat xlink:href="#sSpan1210" value="ⲧⲏⲣⲥ"/>
		<feat xlink:href="#sSpan1216" value="ⲙⲡⲗⲁⲟⲥ"/>
		<feat xlink:href="#sSpan1226" value="ⲥⲟⲟⲩⲛ"/>
		<feat xlink:href="#sSpan1230" value="ϫⲉⲛⲧⲉ"/>
		<feat xlink:href="#sSpan1237" value="ⲩⲥϩⲓⲙⲉ"/>
		<feat xlink:href="#sSpan1243" value="ⲛⲧⲟ"/>
		<feat xlink:href="#sSpan1247" value="ⲛϫⲱⲱⲣⲉ"/>
		<feat xlink:href="#sSpan1253" value="ⲁⲩⲱ"/>
		<feat xlink:href="#sSpan1261" value="ϫⲉⲁⲗⲏⲑⲱⲥ"/>
		<feat xlink:href="#sSpan1268" value="ⲁⲛⲟⲕ"/>
		<feat xlink:href="#sSpan1272" value="ⲡⲉⲧϩⲏⲛ"/>
		<feat xlink:href="#sSpan1280" value="ⲉϩⲟⲩⲛ"/>
		<feat xlink:href="#sSpan1284" value="ϩⲙⲡⲅⲉⲛⲟⲥ"/>
		<feat xlink:href="#sSpan1294" value="ⲁⲩⲱ"/>
		<feat xlink:href="#sSpan1298" value="ⲟⲩⲛⲡⲉⲧϩⲏⲛ"/>
		<feat xlink:href="#sSpan1309" value="ⲉϩⲟⲩⲛ"/>
		<feat xlink:href="#sSpan1313" value="ⲉⲡⲅⲉⲛⲟⲥ"/>
		<feat xlink:href="#sSpan1323" value="ⲉϩⲟⲩⲉⲣⲟⲓ"/>
		<feat xlink:href="#sSpan1329" value="ⲙⲧⲟⲛ"/>
		<feat xlink:href="#sSpan1337" value="ⲙⲙⲟ"/>
		<feat xlink:href="#sSpan1341" value="ⲛⲧⲉⲓⲟⲩϣⲏ"/>
		<feat xlink:href="#sSpan1350" value="ϣⲁⲛⲧⲉϣⲱⲣⲡ"/>
		<feat xlink:href="#sSpan1357" value="ϣⲱⲡⲉ"/>
		<feat xlink:href="#sSpan1361" value="ⲁⲩⲱ"/>
		<feat xlink:href="#sSpan1365" value="ⲉⲛϣⲁⲛⲉⲓ"/>
		<feat xlink:href="#sSpan1372" value="ⲉϩⲧⲟⲟⲩⲉ"/>
		<feat xlink:href="#sSpan1379" value="ⲉⲣϣⲁⲛⲡⲏ"/>
		<feat xlink:href="#sSpan1386" value="ϫⲓⲧⲉ"/>
		<feat xlink:href="#sSpan1393" value="ⲟⲩⲁⲅⲁⲑⲟⲛ"/>
		<feat xlink:href="#sSpan1400" value="ⲡⲉ"/>
		<feat xlink:href="#sSpan1404" value="ⲙⲁⲣⲉϥϫⲓⲧⲉ"/>
		<feat xlink:href="#sSpan1414" value="ⲉϥϣⲁⲛⲧⲙⲣϩⲛⲁϥ"/>
		<feat xlink:href="#sSpan1427" value="ⲇⲉ"/>
		<feat xlink:href="#sSpan1431" value="ⲉϫⲓⲧⲉ"/>
		<feat xlink:href="#sSpan1439" value="ⲁⲛⲟⲕ"/>
		<feat xlink:href="#sSpan1443" value="ϯⲛⲁϫⲓⲧⲉ"/>
		<feat xlink:href="#sSpan1453" value="ϥⲟⲛϩ"/>
		<feat xlink:href="#sSpan1459" value="ⲛϭⲓⲡϫⲟⲉⲓⲥ"/>
		<feat xlink:href="#sSpan1468" value="ⲛⲕⲟⲧⲕ"/>
		<feat xlink:href="#sSpan1472" value="ϣⲁϩⲧⲟⲟⲩⲉ"/>
		<feat xlink:href="#sSpan1479" value="ⲁⲩⲱ"/>
		<feat xlink:href="#sSpan1487" value="ⲁⲥⲛⲕⲟⲧⲕ"/>
		<feat xlink:href="#sSpan1495" value="ϩⲁⲣⲁⲧϥ"/>
		<feat xlink:href="#sSpan1501" value="ϣⲁⲛⲧⲉϩⲧⲟⲟⲩⲉ"/>
		<feat xlink:href="#sSpan1508" value="ϣⲱⲡⲉ"/>
		<feat xlink:href="#sSpan1512" value="ⲛⲧⲟⲥ"/>
		<feat xlink:href="#sSpan1517" value="ⲇⲉ"/>
		<feat xlink:href="#sSpan1521" value="ⲁⲥⲧⲱⲟⲩⲛ"/>
		<feat xlink:href="#sSpan1529" value="ⲉⲙⲡⲁⲧⲉⲣⲱⲙⲉ"/>
		<feat xlink:href="#sSpan1539" value="ⲥⲟⲩⲛⲣⲱⲙⲉ"/>
		<feat xlink:href="#sSpan1544" value="ⲁⲩⲱ"/>
		<feat xlink:href="#sSpan1550" value="ⲃⲟⲉⲥ"/>
		<feat xlink:href="#sSpan1554" value="ⲡⲉϫⲁϥ"/>
		<feat xlink:href="#sSpan1560" value="ϫⲉⲙⲡⲣⲧⲣⲉⲗⲁⲁⲩ"/>
		<feat xlink:href="#sSpan1569" value="ⲉⲓⲙⲉ"/>
		<feat xlink:href="#sSpan1573" value="ϫⲉⲁⲥϩⲓⲙⲉ"/>
		<feat xlink:href="#sSpan1582" value="ⲉⲓ"/>
		<feat xlink:href="#sSpan1587" value="ⲉϩⲣⲁⲓ"/>
		<feat xlink:href="#sSpan1591" value="ⲉⲡⲉⲓϫⲛⲟⲟⲩ"/>
		<feat xlink:href="#sSpan1600" value="ⲡⲉϫⲁϥ"/>
		<feat xlink:href="#sSpan1611" value="ⲇⲉ"/>
		<feat xlink:href="#sSpan1615" value="ⲛⲁⲥ"/>
		<feat xlink:href="#sSpan1621" value="ϫⲉⲁⲩ"/>
		<feat xlink:href="#sSpan1628" value="ⲡⲡⲉⲣⲓⲍⲱⲙⲁ"/>
		<feat xlink:href="#sSpan1635" value="ⲉⲧϩⲓϫⲱ"/>
		<feat xlink:href="#sSpan1641" value="ⲁⲙⲁϩⲧⲉ"/>
		<feat xlink:href="#sSpan1645" value="ⲙⲙⲟϥ"/>
		<feat xlink:href="#sSpan1651" value="ⲛⲧⲟⲥ"/>
		<feat xlink:href="#sSpan1656" value="ⲇⲉ"/>
		<feat xlink:href="#sSpan1660" value="ⲛⲧⲉⲣⲉⲥⲁⲙⲁϩⲧⲉ"/>
		<feat xlink:href="#sSpan1668" value="ⲙⲙⲟϥ"/>
		<feat xlink:href="#sSpan1674" value="ⲁϥϣⲓ"/>
		<feat xlink:href="#sSpan1682" value="ⲉϩⲣⲁⲓ"/>
		<feat xlink:href="#sSpan1686" value="ⲉⲣⲟϥ"/>
		<feat xlink:href="#sSpan1692" value="ⲛⲥⲟⲟⲩ"/>
		<feat xlink:href="#sSpan1699" value="ⲛϣⲓ"/>
		<feat xlink:href="#sSpan1705" value="ⲛⲉⲓⲱⲧ"/>
		<feat xlink:href="#sSpan1711" value="ⲁϥⲧⲁⲗⲟⲟⲩ"/>
		<feat xlink:href="#sSpan1721" value="ⲉϫⲱⲥ"/>
		<feat xlink:href="#sSpan1727" value="ⲁⲥⲙⲟⲟϣⲉ"/>
		<feat xlink:href="#sSpan1736" value="ⲉϩⲟⲩⲛ"/>
		<feat xlink:href="#sSpan1740" value="ⲉⲧⲡⲟⲗⲓⲥ"/>
		<feat xlink:href="#sSpan1750" value="ⲁϩⲣⲟⲩⲑ"/>
		<feat xlink:href="#sSpan1762" value="ⲃⲱⲕ"/>
		<feat xlink:href="#sSpan1767" value="ⲉϩⲟⲩⲛ"/>
		<feat xlink:href="#sSpan1771" value="ϣⲁⲧⲉⲥϣⲱⲙⲉ"/>
		<feat xlink:href="#sSpan1780" value="ⲛⲧⲟⲥ"/>
		<feat xlink:href="#sSpan1785" value="ⲇⲉ"/>
		<feat xlink:href="#sSpan1789" value="ⲡⲉϫⲁⲥ"/>
		<feat xlink:href="#sSpan1795" value="ϫⲉⲛⲧⲉⲛⲓⲙ"/>
		<feat xlink:href="#sSpan1804" value="ⲧⲁϣⲉⲉⲣⲉ"/>
		<feat xlink:href="#sSpan1810" value="ⲡⲉϫⲁⲥ"/>
		<feat xlink:href="#sSpan1816" value="ⲛⲁⲥ"/>
		<feat xlink:href="#sSpan1822" value="ϫⲉⲁⲛⲟⲕ"/>
		<feat xlink:href="#sSpan1828" value="ⲧⲉ"/>
		<feat xlink:href="#sSpan1834" value="ϩⲣⲟⲩⲑ"/>
		<feat xlink:href="#sSpan1838" value="ⲁⲩⲱ"/>
		<feat xlink:href="#sSpan1842" value="ⲁⲥⲧⲁⲩⲟ"/>
		<feat xlink:href="#sSpan1850" value="ⲉⲣⲟⲥ"/>
		<feat xlink:href="#sSpan1856" value="ⲛϩⲱⲃ"/>
		<feat xlink:href="#sSpan1864" value="ⲛⲓⲙ"/>
		<feat xlink:href="#sSpan1868" value="ⲉⲛⲧⲁⲡⲣⲱⲙⲉ"/>
		<feat xlink:href="#sSpan1879" value="ⲁⲁⲩ"/>
		<feat xlink:href="#sSpan1885" value="ⲛⲙⲙⲁⲥ"/>
		<feat xlink:href="#sSpan1891" value="ⲡⲉϫⲁⲥ"/>
		<feat xlink:href="#sSpan1901" value="ⲟⲛ"/>
		<feat xlink:href="#sSpan1905" value="ⲛⲁⲥ"/>
		<feat xlink:href="#sSpan1911" value="ϫⲉⲡⲉⲓⲥⲟⲟⲩ"/>
		<feat xlink:href="#sSpan1920" value="ⲛϣⲓ"/>
		<feat xlink:href="#sSpan1926" value="ⲛⲉⲓⲱⲧ"/>
		<feat xlink:href="#sSpan1932" value="ⲁϥⲧⲁⲁⲩ"/>
		<feat xlink:href="#sSpan1942" value="ⲛⲁⲓ"/>
		<feat xlink:href="#sSpan1949" value="ⲉⲧⲃⲉϫⲉⲁϥϫⲟⲟⲥ"/>
		<feat xlink:href="#sSpan1963" value="ⲛⲁⲓ"/>
		<feat xlink:href="#sSpan1969" value="ϫⲉⲙⲡⲣⲃⲱⲕ"/>
		<feat xlink:href="#sSpan1978" value="ⲉϩⲟⲩⲛ"/>
		<feat xlink:href="#sSpan1982" value="ⲉϩⲣⲁⲥ"/>
		<feat xlink:href="#sSpan1988" value="ⲛⲧⲟⲩϣⲱⲙⲉ"/>
		<feat xlink:href="#sSpan1997" value="ⲉⲣⲉϣⲟⲩⲉⲓⲧ"/>
		<feat xlink:href="#sSpan2003" value="ⲛⲧⲟⲥ"/>
		<feat xlink:href="#sSpan2012" value="ⲇⲉ"/>
		<feat xlink:href="#sSpan2016" value="ⲡⲉϫⲁⲥ"/>
		<feat xlink:href="#sSpan2022" value="ⲛⲁⲥ"/>
		<feat xlink:href="#sSpan2028" value="ϫⲉϩⲙⲟⲟⲥ"/>
		<feat xlink:href="#sSpan2034" value="ⲉϩⲣⲁⲓ"/>
		<feat xlink:href="#sSpan2039" value="ⲧⲁϣⲉⲉⲣⲉ"/>
		<feat xlink:href="#sSpan2045" value="ϣⲁⲛⲧⲉⲉⲓⲙⲉ"/>
		<feat xlink:href="#sSpan2053" value="ϫⲉⲙⲛⲗⲁⲁⲩ"/>
		<feat xlink:href="#sSpan2062" value="ⲛϣⲁϫⲉ"/>
		<feat xlink:href="#sSpan2068" value="ⲛⲁϩⲉ"/>
		<feat xlink:href="#sSpan2075" value="ⲉⲃⲟⲗ"/>
		<feat xlink:href="#sSpan2079" value="ⲙⲡⲣⲱⲙⲉ"/>
		<feat xlink:href="#sSpan2089" value="ⲅⲁⲣ"/>
		<feat xlink:href="#sSpan2093" value="ⲛⲁϭⲱ"/>
		<feat xlink:href="#sSpan2099" value="ⲁⲛ"/>
		<feat xlink:href="#sSpan2103" value="ⲉⲙⲡϥϫⲱⲕ"/>
		<feat xlink:href="#sSpan2113" value="ⲉⲃⲟⲗ"/>
		<feat xlink:href="#sSpan2117" value="ⲙⲡⲟⲟⲩ"/>
		<feat xlink:href="#sSpan2126" value="ⲙⲡϣⲁϫⲉ"/></featList></paula>