<?xml version='1.0' encoding='UTF-8'?><!DOCTYPE paula SYSTEM "paula_feat.dtd">
<paula version="1.1">
	<header paula_id="scriptorium.Ruth_03.mark_morph"/>
	<featList xmlns:xlink="http://www.w3.org/1999/xlink" type="morph" xml:base="scriptorium.Ruth_03.mark.xml">
		<feat xlink:href="#sSpan84" value="ⲡ"/>
		<feat xlink:href="#sSpan87" value="ⲉⲧ"/>
		<feat xlink:href="#sSpan88" value="ⲛⲁⲛⲟⲩ"/>
		<feat xlink:href="#sSpan89" value="ϥ"/>
		<feat xlink:href="#sSpan123" value="ⲣⲙⲛ"/>
		<feat xlink:href="#sSpan126" value="ⲥⲟⲟⲩⲛ"/>
		<feat xlink:href="#sSpan1122" value="ⲣⲙ"/>
		<feat xlink:href="#sSpan1125" value="ⲙⲁⲟ"/>
		<feat xlink:href="#sSpan1149" value="ⲣ"/>
		<feat xlink:href="#sSpan1152" value="ϩⲟⲧⲉ"/>
		<feat xlink:href="#sSpan1536" value="ⲥⲟⲩⲛ"/>
		<feat xlink:href="#sSpan1541" value="ⲣⲱⲙⲉ"/></featList></paula>