<?xml version='1.0' encoding='UTF-8'?><!DOCTYPE paula SYSTEM "paula_feat.dtd">
<paula version="1.1">
	<header paula_id="scriptorium.40_Matthew_08.mark_orig_group"/>
	<featList xmlns:xlink="http://www.w3.org/1999/xlink" type="orig_group" xml:base="scriptorium.40_Matthew_08.mark.xml">
		<feat xlink:href="#sSpan1764" value="ⲟⲩⲛⲧⲁⲩ"/>
		<feat xlink:href="#sSpan1769" value="ⲉⲓⲥⲟⲩⲁ"/>
		<feat xlink:href="#sSpan1771" value="."/>
		<feat xlink:href="#sSpan1772" value="ⲉϥⲡⲁⲣⲁⲕⲁⲗⲉⲓ"/>
		<feat xlink:href="#sSpan1778" value="ⲇⲉ"/>
		<feat xlink:href="#sSpan1787" value="."/>
		<feat xlink:href="#sSpan1791" value="."/>
		<feat xlink:href="#sSpan1792" value="ⲛⲣⲓⲣ"/>
		<feat xlink:href="#sSpan1794" value="ⲟⲩⲛϣϭⲟⲙ"/>
		<feat xlink:href="#sSpan1805" value="ⲧⲁⲣⲡⲁϩⲣⲉ"/>
		<feat xlink:href="#sSpan1806" value="ⲛⲁⲓ"/>
		<feat xlink:href="#sSpan1811" value="ⲛϣⲁ"/>
		<feat xlink:href="#sSpan1813" value="ⲛⲧⲉⲣⲉϥⲁⲗⲉ"/>
		<feat xlink:href="#sSpan1814" value="ⲙⲙⲁⲧⲉ"/>
		<feat xlink:href="#sSpan1817" value="."/>
		<feat xlink:href="#sSpan1820" value="ⲁⲣⲓⲡⲁⲓ"/>
		<feat xlink:href="#sSpan1822" value="ⲓⲏⲥⲟⲩⲥ"/>
		<feat xlink:href="#sSpan1824" value="ⲁⲃⲣⲁϩⲁⲙ"/>
		<feat xlink:href="#sSpan1825" value="ⲓⲏⲥⲟⲩⲥ"/>
		<feat xlink:href="#sSpan1828" value="ⲛⲁⲩ"/>
		<feat xlink:href="#sSpan1832" value="ⲛⲁϥ"/>
		<feat xlink:href="#sSpan1833" value="ⲁⲩⲥⲡⲥⲱⲡϥ"/>
		<feat xlink:href="#sSpan1834" value="ⲓⲏⲥⲟⲩⲥ"/>
		<feat xlink:href="#sSpan1835" value="ⲛⲁⲕ"/>
		<feat xlink:href="#sSpan1837" value="ⲛⲣⲉⲕⲧⲧⲉϥⲁⲡⲉ"/>
		<feat xlink:href="#sSpan1844" value="."/>
		<feat xlink:href="#sSpan1845" value="ⲡⲉϩⲙⲟⲙ"/>
		<feat xlink:href="#sSpan1846" value="ⲟⲩⲏⲩ"/>
		<feat xlink:href="#sSpan1850" value="ⲁϥⲥⲱⲧⲙ"/>
		<feat xlink:href="#sSpan1856" value="ϫⲉ"/>
		<feat xlink:href="#sSpan1857" value="."/>
		<feat xlink:href="#sSpan1859" value="ⲛⲉϥⲙⲁⲑⲏⲧⲏⲥ"/>
		<feat xlink:href="#sSpan1863" value="ⲁϥⲟⲩⲱϣⲃ"/>
		<feat xlink:href="#sSpan1867" value="ⲡϫⲟⲉⲓⲥ"/>
		<feat xlink:href="#sSpan1871" value="ⲙⲡⲁⲓ"/>
		<feat xlink:href="#sSpan1872" value="ⲁⲛ"/>
		<feat xlink:href="#sSpan1873" value="ⲉⲃⲟⲗ"/>
		<feat xlink:href="#sSpan1877" value="ⲉⲩϫⲱ"/>
		<feat xlink:href="#sSpan1880" value="."/>
		<feat xlink:href="#sSpan1882" value="ⲧⲉⲧⲛⲣϩⲟⲧⲉ"/>
		<feat xlink:href="#sSpan1883" value="ⲉϥⲛⲏⲩ"/>
		<feat xlink:href="#sSpan1894" value="ⲙⲙⲟⲥ"/>
		<feat xlink:href="#sSpan1895" value="ϩⲏⲏⲧⲉ"/>
		<feat xlink:href="#sSpan1901" value="ⲉⲃⲟⲗ"/>
		<feat xlink:href="#sSpan1902" value="ⲛⲁϥ"/>
		<feat xlink:href="#sSpan1903" value="ⲇⲉ"/>
		<feat xlink:href="#sSpan1906" value="ⲧⲛⲛⲁⲃⲱⲕ"/>
		<feat xlink:href="#sSpan1912" value="ϫⲉ"/>
		<feat xlink:href="#sSpan1916" value="ⲛϩⲱⲃ"/>
		<feat xlink:href="#sSpan1917" value="ϯⲛⲏⲩ"/>
		<feat xlink:href="#sSpan1919" value="ⲉⲓⲏⲥⲟⲩⲥ"/>
		<feat xlink:href="#sSpan1920" value="ⲑⲁⲗⲁⲥⲥⲁ"/>
		<feat xlink:href="#sSpan1922" value="."/>
		<feat xlink:href="#sSpan1926" value="ϯϫⲱ"/>
		<feat xlink:href="#sSpan1930" value="ⲛϭⲓ"/>
		<feat xlink:href="#sSpan1934" value="ⲉⲃⲟⲗ"/>
		<feat xlink:href="#sSpan1935" value="ⲧϣⲱⲙⲉ"/>
		<feat xlink:href="#sSpan1937" value="ⲛϭⲓ"/>
		<feat xlink:href="#sSpan1941" value="ⲟⲩⲅⲣⲁⲙⲙⲁⲧⲉⲩⲥ"/>
		<feat xlink:href="#sSpan1943" value="ⲉⲡⲕⲁⲕⲉ"/>
		<feat xlink:href="#sSpan1944" value="ⲛⲥⲱϥ"/>
		<feat xlink:href="#sSpan1945" value="ⲉⲃⲟⲗ"/>
		<feat xlink:href="#sSpan1946" value="ⲉⲩϫⲱ"/>
		<feat xlink:href="#sSpan1947" value="ⲙⲙⲟⲥ"/>
		<feat xlink:href="#sSpan1948" value="ⲛⲛⲟⲃϩⲉ"/>
		<feat xlink:href="#sSpan1950" value="ⲛϭⲓ"/>
		<feat xlink:href="#sSpan1954" value="ϣⲟⲟⲡ"/>
		<feat xlink:href="#sSpan1957" value="ⲓⲏⲥⲟⲩⲥ"/>
		<feat xlink:href="#sSpan1959" value="ⲡϣⲁϫⲉ"/>
		<feat xlink:href="#sSpan1965" value="ϯⲟⲩⲱϣ"/>
		<feat xlink:href="#sSpan1967" value="ⲁϥⲟⲩⲉϩⲥⲁϩⲛⲉ"/>
		<feat xlink:href="#sSpan1969" value="ⲁⲩⲣϣⲡⲏⲣⲉ"/>
		<feat xlink:href="#sSpan1971" value="ⲛⲧⲁϥⲟⲩⲉϩⲥⲁϩⲛⲉ"/>
		<feat xlink:href="#sSpan1972" value="ⲙⲁⲧⲁⲛϩⲟⲛ"/>
		<feat xlink:href="#sSpan1974" value="ⲛⲛⲅⲉⲣⲁⲍⲏⲛⲟⲥ"/>
		<feat xlink:href="#sSpan1979" value="ⲛⲧⲟⲟⲩ"/>
		<feat xlink:href="#sSpan1982" value="ⲡⲉⲛⲧⲁⲩϫⲟⲟϥ"/>
		<feat xlink:href="#sSpan1985" value="ⲉⲩⲙⲏⲏϣⲉ"/>
		<feat xlink:href="#sSpan1986" value="ⲙⲡⲁⲉⲓⲱⲧ"/>
		<feat xlink:href="#sSpan1987" value="ⲛⲏϫ"/>
		<feat xlink:href="#sSpan1988" value="ⲛⲛⲉⲧⲙⲟⲟⲩⲧ"/>
		<feat xlink:href="#sSpan1991" value="ⲉϩⲟⲩⲛ"/>
		<feat xlink:href="#sSpan1992" value="ⲛⲧⲙⲛⲧⲣⲣⲟ"/>
		<feat xlink:href="#sSpan1997" value="ⲁⲥϣⲱⲡⲉ"/>
		<feat xlink:href="#sSpan2005" value="ⲃⲱⲕ"/>
		<feat xlink:href="#sSpan2008" value="ⲉⲧⲙⲧⲣⲉⲗⲁⲁⲩ"/>
		<feat xlink:href="#sSpan2009" value="ⲉⲧⲉⲭⲱⲣⲁ"/>
		<feat xlink:href="#sSpan2013" value="ⲇⲉ"/>
		<feat xlink:href="#sSpan2015" value="ⲇⲉ"/>
		<feat xlink:href="#sSpan2016" value="ⲙⲙⲟⲟⲩ"/>
		<feat xlink:href="#sSpan2018" value="ⲙⲙⲟⲥ"/>
		<feat xlink:href="#sSpan2023" value="ⲉⲡⲉⲓⲕⲣⲟ"/>
		<feat xlink:href="#sSpan2025" value="ϫⲉ"/>
		<feat xlink:href="#sSpan2029" value="ⲇⲉ"/>
		<feat xlink:href="#sSpan2032" value="ⲓⲏⲥⲟⲩⲥ"/>
		<feat xlink:href="#sSpan2035" value="ⲥⲛⲁⲩ"/>
		<feat xlink:href="#sSpan2040" value="."/>
		<feat xlink:href="#sSpan2044" value="ⲉϥϫⲱ"/>
		<feat xlink:href="#sSpan2058" value="ⲙⲛ"/>
		<feat xlink:href="#sSpan2062" value="ⲧⲟⲧⲉ"/>
		<feat xlink:href="#sSpan2065" value="ⲛϯⲙⲡϣⲁ"/>
		<feat xlink:href="#sSpan2069" value="ⲛⲙⲙⲁⲛ"/>
		<feat xlink:href="#sSpan2070" value="ⲙⲁϫⲟⲟⲩⲛ"/>
		<feat xlink:href="#sSpan2072" value="ⲛϭⲓ"/>
		<feat xlink:href="#sSpan2075" value="."/>
		<feat xlink:href="#sSpan2078" value="ⲉⲧⲙⲟⲕϩ"/>
		<feat xlink:href="#sSpan2081" value="ⲡⲉϥⲥⲱⲃϩ"/>
		<feat xlink:href="#sSpan2082" value="."/>
		<feat xlink:href="#sSpan2084" value="ⲛϭⲓ"/>
		<feat xlink:href="#sSpan2086" value="ⲁⲩⲱ"/>
		<feat xlink:href="#sSpan2087" value="ⲁⲩⲉⲓⲛⲉ"/>
		<feat xlink:href="#sSpan2089" value="ⲛⲥⲉⲛⲟϫⲟⲩ"/>
		<feat xlink:href="#sSpan2091" value="ⲑⲁⲗⲁⲥⲥⲁ"/>
		<feat xlink:href="#sSpan2092" value="ⲉⲧⲙⲙⲁⲩ"/>
		<feat xlink:href="#sSpan2093" value="ⲛⲉⲩⲙⲁϩ"/>
		<feat xlink:href="#sSpan2100" value="ⲛϭⲓ"/>
		<feat xlink:href="#sSpan2103" value="ⲁϥⲛⲁⲩ"/>
		<feat xlink:href="#sSpan2104" value="ⲟⲩⲁϩⲕ"/>
		<feat xlink:href="#sSpan2109" value="ⲑⲁⲗⲁⲥⲥⲁ"/>
		<feat xlink:href="#sSpan2110" value="ⲡⲁⲏⲓ"/>
		<feat xlink:href="#sSpan2112" value="ϩⲉⲛⲙⲏⲏϣⲉ"/>
		<feat xlink:href="#sSpan2113" value="ⲙⲛ"/>
		<feat xlink:href="#sSpan2115" value="ⲛⲣⲉϥϣⲟⲟⲣ"/>
		<feat xlink:href="#sSpan2117" value="ⲉⲃⲱⲕ"/>
		<feat xlink:href="#sSpan2119" value="ⲕⲉⲟⲩⲁ"/>
		<feat xlink:href="#sSpan2120" value="ϫⲉ"/>
		<feat xlink:href="#sSpan2122" value="ⲉⲃⲟⲗ"/>
		<feat xlink:href="#sSpan2125" value="ϩⲙ"/>
		<feat xlink:href="#sSpan2126" value="ⲟⲩⲁϣ"/>
		<feat xlink:href="#sSpan2135" value="ⲟⲩⲛϩⲁϩ"/>
		<feat xlink:href="#sSpan2138" value="ⲉⲧⲁⲅⲉⲗⲏ"/>
		<feat xlink:href="#sSpan2144" value="ⲡⲉϫⲁϥ"/>
		<feat xlink:href="#sSpan2145" value="."/>
		<feat xlink:href="#sSpan2147" value="ϫⲉ"/>
		<feat xlink:href="#sSpan2150" value="ⲉϥϫⲱ"/>
		<feat xlink:href="#sSpan2154" value="ⲙⲡⲉϥⲕⲱⲧⲉ"/>
		<feat xlink:href="#sSpan2155" value="ⲙⲡⲉⲩⲟⲉⲓϣ"/>
		<feat xlink:href="#sSpan2157" value="ⲛⲁⲛⲉⲧⲟ"/>
		<feat xlink:href="#sSpan2161" value="ϩⲛ"/>
		<feat xlink:href="#sSpan2163" value="ⲃⲱⲕ"/>
		<feat xlink:href="#sSpan2166" value="ⲕⲉⲟⲩⲁ"/>
		<feat xlink:href="#sSpan2169" value="ⲛϭⲓ"/>
		<feat xlink:href="#sSpan2170" value="ϩⲛ"/>
		<feat xlink:href="#sSpan2171" value="ⲁϥϯⲡⲉϥⲟⲩⲟⲓ"/>
		<feat xlink:href="#sSpan2174" value="ⲇⲉ"/>
		<feat xlink:href="#sSpan2177" value="ⲧⲁⲟⲩⲁϩⲧ"/>
		<feat xlink:href="#sSpan2180" value="."/>
		<feat xlink:href="#sSpan2181" value="ⲉⲧⲱⲙⲛⲧ"/>
		<feat xlink:href="#sSpan2182" value="ⲛϥⲁⲁϥ"/>
		<feat xlink:href="#sSpan2184" value="ⲛⲧⲉⲣⲉϥⲃⲱⲕ"/>
		<feat xlink:href="#sSpan2186" value="ⲉⲙⲁⲧⲉ"/>
		<feat xlink:href="#sSpan2190" value="ⲛⲉϣⲁⲩ"/>
		<feat xlink:href="#sSpan2191" value="ⲡϣⲁϫⲉ"/>
		<feat xlink:href="#sSpan2192" value="ⲁⲗⲗⲁ"/>
		<feat xlink:href="#sSpan2193" value="ⲛⲧⲉⲣⲉϥⲛⲁⲩ"/>
		<feat xlink:href="#sSpan2194" value="ⲉⲗⲁⲁⲩ"/>
		<feat xlink:href="#sSpan2195" value="ⲣⲱⲙⲉ"/>
		<feat xlink:href="#sSpan2196" value="ⲛⲉⲧⲙⲟⲟⲛⲉ"/>
		<feat xlink:href="#sSpan2201" value="ⲁⲩϫⲱ"/>
		<feat xlink:href="#sSpan2202" value="ⲉϥⲥⲟⲃϩ"/>
		<feat xlink:href="#sSpan2203" value="ⲛⲧϩⲉ"/>
		<feat xlink:href="#sSpan2204" value="ⲛⲉⲙϩⲁⲁⲩ"/>
		<feat xlink:href="#sSpan2210" value="."/>
		<feat xlink:href="#sSpan2211" value="ⲛⲏⲩ"/>
		<feat xlink:href="#sSpan2215" value="ⲁⲩⲱ"/>
		<feat xlink:href="#sSpan2224" value="ⲉⲣⲟϥ"/>
		<feat xlink:href="#sSpan2226" value="ⲉⲥϩⲏⲙ"/>
		<feat xlink:href="#sSpan2227" value="ⲙⲙⲟⲥ"/>
		<feat xlink:href="#sSpan2229" value="ⲛⲥⲱϥ"/>
		<feat xlink:href="#sSpan2230" value="ϩⲱⲥⲧⲉ"/>
		<feat xlink:href="#sSpan2231" value="ⲁϥⲧⲱⲟⲩⲛ"/>
		<feat xlink:href="#sSpan2232" value="ⲙⲡⲣϫⲟⲟⲥ"/>
		<feat xlink:href="#sSpan2233" value="ⲁⲩⲱ"/>
		<feat xlink:href="#sSpan2239" value="ⲡⲉϫⲁϥ"/>
		<feat xlink:href="#sSpan2243" value="ⲡϫⲟⲉⲓⲥ"/>
		<feat xlink:href="#sSpan2244" value="ⲛⲛⲉⲧⲟⲩⲏϩ"/>
		<feat xlink:href="#sSpan2247" value="ⲡⲉϫⲁϥ"/>
		<feat xlink:href="#sSpan2249" value="ϫⲉ"/>
		<feat xlink:href="#sSpan2250" value="ϯϫⲱ"/>
		<feat xlink:href="#sSpan2251" value="ⲁⲩⲱ"/>
		<feat xlink:href="#sSpan2255" value="ⲇⲉ"/>
		<feat xlink:href="#sSpan2257" value="."/>
		<feat xlink:href="#sSpan2258" value="ⲛⲅⲕⲱ"/>
		<feat xlink:href="#sSpan2259" value="ⲛϭⲓ"/>
		<feat xlink:href="#sSpan2261" value="ⲇⲉ"/>
		<feat xlink:href="#sSpan2262" value="."/>
		<feat xlink:href="#sSpan2264" value="ⲁⲩⲱ"/>
		<feat xlink:href="#sSpan2267" value="."/>
		<feat xlink:href="#sSpan2270" value="ⲁϥⲥⲟⲟⲩⲧⲛ"/>
		<feat xlink:href="#sSpan2273" value="ⲁⲩⲃⲱⲕ"/>
		<feat xlink:href="#sSpan2278" value="ⲉⲡⲓⲥⲧⲓⲥ"/>
		<feat xlink:href="#sSpan2281" value="ⲇⲉ"/>
		<feat xlink:href="#sSpan2283" value="ⲙⲱⲩⲥⲏⲥ"/>
		<feat xlink:href="#sSpan2286" value="ⲧⲁⲃⲱⲕ"/>
		<feat xlink:href="#sSpan2287" value="ⲁϥⲉⲓ"/>
		<feat xlink:href="#sSpan2291" value="ⲉⲣⲉϩⲉⲛⲣⲉϥϣⲟⲟⲣ"/>
		<feat xlink:href="#sSpan2296" value="."/>
		<feat xlink:href="#sSpan2297" value="."/>
		<feat xlink:href="#sSpan2305" value="ϫⲉ"/>
		<feat xlink:href="#sSpan2321" value="ⲛϫⲁⲙⲏ"/>
		<feat xlink:href="#sSpan2324" value="ⲏⲥⲁⲓⲁⲥ"/>
		<feat xlink:href="#sSpan2326" value="ⲉⲩⲛⲏⲩ"/>
		<feat xlink:href="#sSpan2329" value="ⲉⲃⲟⲗ"/>
		<feat xlink:href="#sSpan2330" value="ⲉϥⲃⲁⲥⲁⲛⲓⲍⲉ"/>
		<feat xlink:href="#sSpan2333" value="ⲛⲅⲧⲁⲗⲟ"/>
		<feat xlink:href="#sSpan2336" value="ⲉⲣⲟϥ"/>
		<feat xlink:href="#sSpan2340" value="."/>
		<feat xlink:href="#sSpan2345" value="ⲉⲃⲁⲥⲁⲛⲓⲍⲉ"/>
		<feat xlink:href="#sSpan2347" value="ⲧⲃⲃⲟ"/>
		<feat xlink:href="#sSpan2350" value="ⲛⲁⲧⲕⲟⲩⲓ"/>
		<feat xlink:href="#sSpan2357" value="."/>
		<feat xlink:href="#sSpan2359" value="."/>
		<feat xlink:href="#sSpan2360" value="ⲛⲉⲩⲧⲟϣ"/>
		<feat xlink:href="#sSpan2362" value="ϩⲙ"/>
		<feat xlink:href="#sSpan2364" value="ⲓⲏⲥⲟⲩⲥ"/>
		<feat xlink:href="#sSpan2366" value="ϫⲉ"/>
		<feat xlink:href="#sSpan2369" value="."/>
		<feat xlink:href="#sSpan2370" value="ϫⲉ"/>
		<feat xlink:href="#sSpan2371" value="ⲇⲉ"/>
		<feat xlink:href="#sSpan2376" value="ϫⲉ"/>
		<feat xlink:href="#sSpan2378" value="ⲉⲩⲛⲁϣⲧ"/>
		<feat xlink:href="#sSpan2379" value="ϩⲱⲃⲥ"/>
		<feat xlink:href="#sSpan2381" value="ⲁⲩⲱ"/>
		<feat xlink:href="#sSpan2383" value="ⲛϭⲓ"/>
		<feat xlink:href="#sSpan2384" value="ⲉⲓⲥⲧⲡⲟⲗⲓⲥ"/>
		<feat xlink:href="#sSpan2386" value="ϫⲉ"/>
		<feat xlink:href="#sSpan2390" value="ϫⲉ"/>
		<feat xlink:href="#sSpan2392" value="ⲉⲣⲟϥ"/>
		<feat xlink:href="#sSpan2393" value="."/>
		<feat xlink:href="#sSpan2398" value="ⲡⲉϫⲁϥ"/>
		<feat xlink:href="#sSpan2399" value="ⲉⲃⲟⲗ"/>
		<feat xlink:href="#sSpan2404" value="ϣⲁϥⲃⲱⲕ"/>
		<feat xlink:href="#sSpan2410" value="ⲛⲧⲉⲣⲉϥϣⲱⲡⲉ"/>
		<feat xlink:href="#sSpan2414" value="ⲟⲩⲛⲧⲁⲩ"/>
		<feat xlink:href="#sSpan2415" value="ⲙⲙⲁⲛϩⲱⲧⲛ"/>
		<feat xlink:href="#sSpan2416" value="ⲙⲡⲣⲱⲙⲉ"/>
		<feat xlink:href="#sSpan2419" value="ⲛⲉϥⲛⲕⲟⲧⲕ"/>
		<feat xlink:href="#sSpan2421" value="ⲁⲥⲧⲱⲟⲩⲛ"/>
		<feat xlink:href="#sSpan2423" value="ⲛⲧⲟϥ"/>
		<feat xlink:href="#sSpan2426" value="ⲉⲡⲟⲩⲏⲏⲃ"/>
		<feat xlink:href="#sSpan2428" value="ⲛⲁϥ"/>
		<feat xlink:href="#sSpan2429" value="ⲧⲁⲅⲉⲗⲏ"/>
		<feat xlink:href="#sSpan2430" value="ⲁⲛⲅⲟⲩⲣⲱⲙⲉ"/>
		<feat xlink:href="#sSpan2445" value="ϫⲉ"/>
		<feat xlink:href="#sSpan2446" value="ⲛϭⲓ"/>
		<feat xlink:href="#sSpan2447" value="ϩⲁⲟⲩⲉⲝⲟⲩⲥⲓⲁ"/>
		<feat xlink:href="#sSpan2456" value="."/>
		<feat xlink:href="#sSpan2459" value="ⲁⲩⲱ"/>
		<feat xlink:href="#sSpan2461" value="ⲕⲁⲓ"/>
		<feat xlink:href="#sSpan2462" value="."/>
		<feat xlink:href="#sSpan2463" value="ⲛⲧⲁⲕⲉⲓ"/>
		<feat xlink:href="#sSpan2464" value="ⲛϩⲓⲙⲏ"/>
		<feat xlink:href="#sSpan2465" value="ⲉϩⲣⲁⲓ"/>
		<feat xlink:href="#sSpan2468" value="."/>
		<feat xlink:href="#sSpan2470" value="ⲙⲙⲓⲛⲉ"/>
		<feat xlink:href="#sSpan2479" value="ⲙⲙⲟⲕ"/>
		<feat xlink:href="#sSpan2483" value="ⲁϥϯⲡⲉϥⲟⲩⲟⲓ"/>
		<feat xlink:href="#sSpan2488" value="ⲉϥⲛⲁϣⲱⲡⲉ"/>
		<feat xlink:href="#sSpan2490" value="ⲛϭⲓ"/>
		<feat xlink:href="#sSpan2494" value="ϩⲣⲁⲓ"/>
		<feat xlink:href="#sSpan2496" value="."/>
		<feat xlink:href="#sSpan2498" value="ⲛⲛⲧⲏⲩ"/>
		<feat xlink:href="#sSpan2499" value="."/>
		<feat xlink:href="#sSpan2502" value="ϫⲉ"/>
		<feat xlink:href="#sSpan2504" value="ⲁⲩⲱ"/>
		<feat xlink:href="#sSpan2506" value="ⲛⲁϥ"/>
		<feat xlink:href="#sSpan2509" value="ⲛϭⲓ"/>
		<feat xlink:href="#sSpan2515" value="ⲙⲛ"/>
		<feat xlink:href="#sSpan2516" value="ϣⲁⲓϫⲟⲟⲥ"/>
		<feat xlink:href="#sSpan2521" value="ⲁⲩⲥⲡⲥⲱⲡϥ"/>
		<feat xlink:href="#sSpan2522" value="ⲟⲩⲛⲟϭ"/>
		<feat xlink:href="#sSpan2524" value="."/>
		<feat xlink:href="#sSpan2533" value="ⲧⲏⲣⲥ"/>
		<feat xlink:href="#sSpan2536" value="ⲛⲉⲩⲛⲟⲩⲁⲅⲉⲗⲏ"/>
		<feat xlink:href="#sSpan2539" value="ⲇⲉ"/>
		<feat xlink:href="#sSpan2545" value="ϫⲉ"/>
		<feat xlink:href="#sSpan2556" value="."/>
		<feat xlink:href="#sSpan2557" value="ⲛⲁϥ"/>
		<feat xlink:href="#sSpan2559" value="ϩⲣⲁⲓ"/>
		<feat xlink:href="#sSpan2572" value="ⲁⲩⲧⲱⲙⲛⲧ"/>
		<feat xlink:href="#sSpan2575" value="ⲛⲛϣⲱⲛⲉ"/>
		<feat xlink:href="#sSpan2577" value="ⲟⲩⲉϩⲥⲁϩⲛⲉ"/>
		<feat xlink:href="#sSpan2579" value="ⲛⲇⲁⲓⲙⲱⲛⲓⲟⲛ"/>
		<feat xlink:href="#sSpan2580" value="ϩⲙ"/>
		<feat xlink:href="#sSpan2582" value="ⲛϭⲓ"/>
		<feat xlink:href="#sSpan2583" value="ⲛⲛⲉⲡⲛⲉⲩⲙⲁ"/>
		<feat xlink:href="#sSpan2587" value="ⲛⲥⲱⲕ"/>
		<feat xlink:href="#sSpan2588" value="ⲛⲏⲧⲛ"/>
		<feat xlink:href="#sSpan2589" value="."/>
		<feat xlink:href="#sSpan2594" value="ⲡⲉϫⲁϥ"/>
		<feat xlink:href="#sSpan2597" value="ⲡⲣⲓⲙⲉ"/>
		<feat xlink:href="#sSpan2598" value="ⲁⲩⲱ"/>
		<feat xlink:href="#sSpan2602" value="ⲁⲩⲧⲟⲩⲛⲟⲥϥ"/>
		<feat xlink:href="#sSpan2603" value="ⲁⲛⲟⲕ"/>
		<feat xlink:href="#sSpan2605" value="ⲡⲓⲥⲣⲁⲏⲗ"/>
		<feat xlink:href="#sSpan2606" value="ⲛⲧⲉⲩⲛⲟⲩ"/>
		<feat xlink:href="#sSpan2607" value="ⲁⲥⲇⲓⲁⲕⲟⲛⲉⲓ"/>
		<feat xlink:href="#sSpan2617" value="ⲁⲩⲱ"/>
		<feat xlink:href="#sSpan2619" value="ⲁⲩⲱ"/>
		<feat xlink:href="#sSpan2621" value="ⲡϫⲟⲉⲓⲥ"/>
		<feat xlink:href="#sSpan2626" value="ⲁϫⲓⲥ"/>
		<feat xlink:href="#sSpan2627" value="ϫⲉ"/>
		<feat xlink:href="#sSpan2629" value="ⲉⲩⲟ"/>
		<feat xlink:href="#sSpan2630" value="ϩⲁⲛⲉⲛⲗⲟϫⲗⲉϫ"/>
		<feat xlink:href="#sSpan2631" value="ⲁⲩⲱ"/>
		<feat xlink:href="#sSpan2632" value="."/>
		<feat xlink:href="#sSpan2637" value="ⲡⲉ"/>
		<feat xlink:href="#sSpan2638" value="ⲉϥⲉϫⲱⲕ"/>
		<feat xlink:href="#sSpan2640" value="."/>
		<feat xlink:href="#sSpan2645" value="ⲡϫⲟⲉⲓⲥ"/>
		<feat xlink:href="#sSpan2648" value="ⲉⲃⲟⲗ"/>
		<feat xlink:href="#sSpan2663" value="."/>
		<feat xlink:href="#sSpan2665" value="ⲁⲩⲃⲱⲕ"/>
		<feat xlink:href="#sSpan2666" value="ϩⲓⲱⲟⲩ"/>
		<feat xlink:href="#sSpan2670" value="ⲛⲅⲧⲟⲩⲟⲕ"/>
		<feat xlink:href="#sSpan2672" value="ⲁϥⲛⲟⲩϫⲉ"/>
		<feat xlink:href="#sSpan2678" value="ⲛⲥⲱⲓ"/>
		<feat xlink:href="#sSpan2681" value="."/>
		<feat xlink:href="#sSpan2682" value="ⲁⲩⲉⲓ"/>
		<feat xlink:href="#sSpan2683" value="."/>
		<feat xlink:href="#sSpan2688" value="ⲡⲁⲓ"/>
		<feat xlink:href="#sSpan2689" value="ⲛⲓⲙ"/>
		<feat xlink:href="#sSpan2690" value="ⲉϫⲛ"/>
		<feat xlink:href="#sSpan2701" value="."/>
		<feat xlink:href="#sSpan2706" value="ⲉⲣⲟϥ"/>
		<feat xlink:href="#sSpan2707" value="ⲟⲩϩⲉⲕⲁⲧⲟⲛⲧⲁⲣⲭⲟⲥ"/>
		<feat xlink:href="#sSpan2708" value="ⲉⲓⲥ"/>
		<feat xlink:href="#sSpan2710" value="ⲁϥⲗⲟ"/>
		<feat xlink:href="#sSpan2716" value="ⲡⲉϫⲁϥ"/>
		<feat xlink:href="#sSpan2717" value="ⲛϭⲓ"/>
		<feat xlink:href="#sSpan2728" value="."/>
		<feat xlink:href="#sSpan2730" value="ⲡⲥⲁϩ"/>
		<feat xlink:href="#sSpan2733" value="ⲃⲱⲕ"/>
		<feat xlink:href="#sSpan2736" value="ⲉϥϫⲱ"/>
		<feat xlink:href="#sSpan2737" value="ⲛϭⲓ"/>
		<feat xlink:href="#sSpan2743" value="ⲙⲛ"/>
		<feat xlink:href="#sSpan2745" value="ⲉⲙⲁⲧⲉ"/>
		<feat xlink:href="#sSpan2746" value="ⲛϭⲓ"/>
		<feat xlink:href="#sSpan2748" value="ⲇⲉ"/>
		<feat xlink:href="#sSpan2750" value="."/>
		<feat xlink:href="#sSpan2751" value="ⲉⲡϫⲟⲓ"/>
		<feat xlink:href="#sSpan2758" value="."/>
		<feat xlink:href="#sSpan2761" value="ⲁⲙⲟⲩ"/>
		<feat xlink:href="#sSpan2766" value="ⲕⲁⲧⲁⲧϩⲉ"/>
		<feat xlink:href="#sSpan2768" value="ⲁⲩⲱ"/>
		<feat xlink:href="#sSpan2770" value="ⲉϥϫⲱ"/>
		<feat xlink:href="#sSpan2771" value="ⲁⲩⲱ"/>
		<feat xlink:href="#sSpan2774" value="ⲉⲧⲙⲙⲁⲩ"/>
		<feat xlink:href="#sSpan2777" value="ⲛⲁⲕⲁⲑⲁⲣⲧⲟⲛ"/>
		<feat xlink:href="#sSpan2779" value="ⲛⲕⲙⲧⲟ"/>
		<feat xlink:href="#sSpan2783" value="ⲙⲙⲁⲩ"/>
		<feat xlink:href="#sSpan2785" value="ⲁⲩⲱ"/>
		<feat xlink:href="#sSpan2786" value="ⲉⲓⲥ"/>
		<feat xlink:href="#sSpan2789" value="ⲛϭⲓ"/>
		<feat xlink:href="#sSpan2790" value="."/>
		<feat xlink:href="#sSpan2792" value="ⲧⲁⲧⲱⲙⲥ"/>
		<feat xlink:href="#sSpan2794" value="ⲉⲡⲉⲥⲏⲧ"/>
		<feat xlink:href="#sSpan2797" value="ⲇⲉ"/>
		<feat xlink:href="#sSpan2801" value="ⲛϥⲉⲓ"/>
		<feat xlink:href="#sSpan2805" value="ⲛⲁϥ"/>
		<feat xlink:href="#sSpan2809" value="ⲉϩⲣⲁⲓ"/>
		<feat xlink:href="#sSpan2810" value="ϫⲉⲕⲁⲁⲥ"/>
		<feat xlink:href="#sSpan2813" value="ⲙⲙⲟⲥ"/>
		<feat xlink:href="#sSpan2820" value="ϫⲉⲕⲁⲁⲥ"/>
		<feat xlink:href="#sSpan2827" value="ⲧⲉϩⲓⲏ"/>
		<feat xlink:href="#sSpan2830" value="ϩⲣⲁⲓ"/>
		<feat xlink:href="#sSpan2831" value="ⲁϥϯⲡⲉϥⲟⲩⲟⲓ"/>
		<feat xlink:href="#sSpan2832" value="ⲉⲥⲛⲏϫ"/>
		<feat xlink:href="#sSpan2833" value="ⲁⲛⲟⲕ"/>
		<feat xlink:href="#sSpan2838" value="ϫⲉ"/>
		<feat xlink:href="#sSpan2844" value="ⲛⲥⲱϥ"/>
		<feat xlink:href="#sSpan2845" value="ⲉϩⲣⲁⲓ"/>
		<feat xlink:href="#sSpan2852" value="ϩⲛ"/>
		<feat xlink:href="#sSpan2853" value="ⲛⲁϥ"/>
		<feat xlink:href="#sSpan2854" value="ⲛⲉⲙⲁ"/>
		<feat xlink:href="#sSpan2856" value="."/>
		<feat xlink:href="#sSpan2858" value="ⲉⲃⲟⲗ"/>
		<feat xlink:href="#sSpan2861" value="ⲉⲡⲏⲓ"/>
		<feat xlink:href="#sSpan2864" value="ⲛⲛⲉⲩⲣⲉϥⲙⲟⲟⲩⲧ"/>
		<feat xlink:href="#sSpan2871" value="ϫⲉ"/>
		<feat xlink:href="#sSpan2874" value="ⲛⲁϥ"/>
		<feat xlink:href="#sSpan2878" value="ⲉⲕⲉⲉⲓ"/>
		<feat xlink:href="#sSpan2883" value="ⲙⲙⲟⲥ"/>
		<feat xlink:href="#sSpan2884" value="ⲡⲁϣⲏⲣⲉ"/>
		<feat xlink:href="#sSpan2887" value="ϫⲉⲕⲁⲁⲥ"/>
		<feat xlink:href="#sSpan2888" value="ⲁⲩⲡⲱⲧ"/>
		<feat xlink:href="#sSpan2889" value="ϫⲉ"/>
		<feat xlink:href="#sSpan2891" value="ⲇⲉ"/>
		<feat xlink:href="#sSpan2893" value="ⲉⲓⲥ"/>
		<feat xlink:href="#sSpan2894" value="ⲉⲧⲱⲙⲥ"/>
		<feat xlink:href="#sSpan2895" value="ⲁⲩⲱ"/>
		<feat xlink:href="#sSpan2897" value="ⲇⲉ"/>
		<feat xlink:href="#sSpan2901" value="ϩⲱⲥⲧⲉ"/>
		<feat xlink:href="#sSpan2902" value="ⲛⲣⲱⲙⲉ"/>
		<feat xlink:href="#sSpan2903" value="ⲉⲣⲟϥ"/>
		<feat xlink:href="#sSpan2904" value="ⲥⲉⲛⲁⲛⲟϫⲟⲩ"/>
		<feat xlink:href="#sSpan2910" value="ⲣⲟⲩϩⲉ"/>
		<feat xlink:href="#sSpan2912" value="ⲓⲏⲥⲟⲩⲥ"/>
		<feat xlink:href="#sSpan2914" value="ⲉⲣⲟϥ"/>
		<feat xlink:href="#sSpan2917" value="ⲧⲏⲣⲥ"/>
		<feat xlink:href="#sSpan2918" value="ⲁϥⲣⲡⲁϩⲣⲉ"/>
		<feat xlink:href="#sSpan2920" value="ⲛϭⲓ"/>
		<feat xlink:href="#sSpan2923" value="ⲇⲉ"/>
		<feat xlink:href="#sSpan2928" value="ⲉϥⲉⲡⲱⲱⲛⲉ"/>
		<feat xlink:href="#sSpan2930" value="ⲉⲣⲉϩⲉⲛⲙⲁⲧⲟⲓ"/>
		<feat xlink:href="#sSpan2931" value="ⲉⲃⲟⲗ"/>
		<feat xlink:href="#sSpan2932" value="ϫⲉ"/>
		<feat xlink:href="#sSpan2935" value="."/>
		<feat xlink:href="#sSpan2937" value="ⲙⲛ"/>
		<feat xlink:href="#sSpan2938" value="ϫⲓⲛⲧⲉⲩⲛⲟⲩ"/>
		<feat xlink:href="#sSpan2941" value="ϩⲁⲣⲁⲧ"/>
		<feat xlink:href="#sSpan2953" value="ⲙⲙⲟⲛ"/>
		<feat xlink:href="#sSpan2954" value="ⲉⲓⲥⲟⲩⲛⲟϭ"/>
		<feat xlink:href="#sSpan2963" value="ⲙⲙⲟⲥ"/>
		<feat xlink:href="#sSpan2964" value="ϭⲱϣⲧ"/>
		<feat xlink:href="#sSpan2968" value="ⲁⲩⲱ"/>
		<feat xlink:href="#sSpan2971" value="ⲉϩⲟⲩⲛ"/>
		<feat xlink:href="#sSpan2975" value="ⲉⲟⲩⲟⲛ"/>
		<feat xlink:href="#sSpan2977" value="ϫⲉ"/>
		<feat xlink:href="#sSpan2980" value="ⲙⲙⲟⲥ"/>
		<feat xlink:href="#sSpan2982" value="ⲙⲙⲟⲟⲩ"/>
		<feat xlink:href="#sSpan2986" value="ⲛⲏⲧⲛ"/>
		<feat xlink:href="#sSpan2992" value="ⲉⲩϫⲱ"/>
		<feat xlink:href="#sSpan2993" value="ⲡⲉϫⲁϥ"/>
		<feat xlink:href="#sSpan2996" value="ϩⲓⲡⲧⲟⲟⲩ"/>
		<feat xlink:href="#sSpan2998" value="ⲁⲩⲟⲩⲁϩⲟⲩ"/>
		<feat xlink:href="#sSpan3002" value="ⲓⲏⲥⲟⲩⲥ"/>
		<feat xlink:href="#sSpan3004" value="ⲛⲃⲁϣⲟⲣ"/>
		<feat xlink:href="#sSpan3007" value="ⲇⲉ"/>
		<feat xlink:href="#sSpan3008" value="ⲓⲥⲁⲁⲕ"/>
		<feat xlink:href="#sSpan3009" value="ⲡⲁϩⲙϩⲁⲗ"/>
		<feat xlink:href="#sSpan3010" value="ϩⲛ"/>
		<feat xlink:href="#sSpan3011" value="ϫⲉ"/>
		<feat xlink:href="#sSpan3013" value="."/>
		<feat xlink:href="#sSpan3017" value="ⲙⲙⲟⲥ"/>
		<feat xlink:href="#sSpan3018" value="ⲉⲧⲣⲉⲡϫⲟⲓ"/>
		<feat xlink:href="#sSpan3022" value="ⲙⲡⲉⲕⲇⲱⲣⲟⲛ"/>
		<feat xlink:href="#sSpan3023" value="ⲡϣⲏⲣⲉ"/>
		<feat xlink:href="#sSpan3028" value="ⲛϩⲁⲗⲁⲁⲧⲉ"/>
		<feat xlink:href="#sSpan3031" value="ⲁϥⲧⲱⲟⲩⲛ"/>
		<feat xlink:href="#sSpan3037" value="ⲛϭⲓ"/>
		<feat xlink:href="#sSpan3038" value="ⲛϭⲓ"/>
		<feat xlink:href="#sSpan3040" value="ϩⲙ"/>
		<feat xlink:href="#sSpan3045" value="ⲉⲕϣⲁⲛⲟⲩⲱϣ"/>
		<feat xlink:href="#sSpan3047" value="ϩⲏⲏⲧⲉ"/>
		<feat xlink:href="#sSpan3048" value="."/>
		<feat xlink:href="#sSpan3049" value="ⲉⲃⲟⲗ"/>
		<feat xlink:href="#sSpan3050" value="ⲙⲛ"/>
		<feat xlink:href="#sSpan3052" value="ⲉϥϫⲱ"/>
		<feat xlink:href="#sSpan3054" value="ⲡⲉ"/>
		<feat xlink:href="#sSpan3055" value="ⲁϥⲧⲃⲃⲟ"/>
		<feat xlink:href="#sSpan3056" value="ⲙⲡⲉⲧⲣⲟⲥ"/>
		<feat xlink:href="#sSpan3059" value="ⲉⲧⲉⲥϭⲓϫ"/>
		<feat xlink:href="#sSpan3060" value="ⲡⲉⲡⲣⲟⲫⲏⲧⲏⲥ"/>
		<feat xlink:href="#sSpan3062" value="ⲇⲉ"/>
		<feat xlink:href="#sSpan3063" value="ⲁⲩϫⲓϣⲕⲁⲕ"/>
		<feat xlink:href="#sSpan3064" value="ⲥⲱⲧⲙ"/>
		<feat xlink:href="#sSpan3067" value="."/>
		<feat xlink:href="#sSpan3068" value="ⲉⲓⲥ"/>
		<feat xlink:href="#sSpan3071" value="ⲙⲡⲓⲥⲧⲓⲥ"/>
		<feat xlink:href="#sSpan3072" value="ⲉⲣⲟϥ"/>
		<feat xlink:href="#sSpan3073" value="."/>
		<feat xlink:href="#sSpan3074" value="ⲛϩⲁϩ"/>
		<feat xlink:href="#sSpan3075" value="ϩⲛ"/>
		<feat xlink:href="#sSpan3081" value="ⲡⲉⲛⲧⲁϥϫⲓ"/>
		<feat xlink:href="#sSpan3086" value="."/>
		<feat xlink:href="#sSpan3088" value="ⲉⲧⲡⲟⲗⲓⲥ"/>
		<feat xlink:href="#sSpan3093" value="ϫⲉ"/>
		<feat xlink:href="#sSpan3097" value="ⲉⲑⲁⲗⲁⲥⲥⲁ"/>
		<feat xlink:href="#sSpan3100" value="ⲡⲉϫⲁϥ"/>
		<feat xlink:href="#sSpan3104" value="ⲙⲙⲟⲥ"/>
		<feat xlink:href="#sSpan3106" value="ⲉⲕⲁⲫⲁⲣⲛⲁⲟⲩⲙ"/>
		<feat xlink:href="#sSpan3110" value="ⲉϩⲟⲩⲛ"/>
		<feat xlink:href="#sSpan3113" value="ⲙⲁⲣⲉⲥϣⲱⲡⲉ"/>
		<feat xlink:href="#sSpan3118" value="ϩⲏⲏⲧⲉ"/>
		<feat xlink:href="#sSpan3120" value="ⲛⲧⲉⲓϭⲟⲧ"/>
		<feat xlink:href="#sSpan3124" value="ⲁϥⲟⲩⲱϣⲧ"/>
		<feat xlink:href="#sSpan3125" value="ϩⲁⲙⲏⲛ"/>
		<feat xlink:href="#sSpan3126" value="ⲛⲙⲙⲁⲑⲏⲧⲏⲥ"/>
		<feat xlink:href="#sSpan3128" value="ⲉⲛⲉϣⲁⲩ"/>
		<feat xlink:href="#sSpan3130" value="ϩⲛ"/>
		<feat xlink:href="#sSpan3131" value="ⲉⲩϫⲱ"/>
		<feat xlink:href="#sSpan3132" value="ⲉⲩⲙⲛⲧⲙⲛⲧⲣⲉ"/>
		<feat xlink:href="#sSpan3135" value="ⲛⲙⲡⲏⲩⲉ"/>
		<feat xlink:href="#sSpan3138" value="ⲉⲩⲙⲟⲟⲛⲉ"/>
		<feat xlink:href="#sSpan3139" value="ϥⲛⲁⲗⲟ"/>
		<feat xlink:href="#sSpan3140" value="ϩⲓⲧⲛ"/>
		<feat xlink:href="#sSpan3143" value="ⲃⲱⲕ"/>
		<feat xlink:href="#sSpan3145" value="ϩⲁⲧⲁⲟⲩⲉϩⲥⲟⲓ"/>
		<feat xlink:href="#sSpan3146" value="ⲛϣⲟⲣⲡ"/>
		<feat xlink:href="#sSpan3147" value="ⲉⲧⲃⲃⲟⲓ"/>
		<feat xlink:href="#sSpan3151" value="ⲁⲩⲱ"/>
		<feat xlink:href="#sSpan3154" value="ⲛⲁⲩ"/>
		<feat xlink:href="#sSpan3155" value="ⲉϣϫⲉ"/>
		<feat xlink:href="#sSpan3159" value="ⲉⲣⲟϥ"/>
		<feat xlink:href="#sSpan3160" value="ⲙⲙⲟⲥ"/>
		<feat xlink:href="#sSpan3161" value="ⲁⲩⲟⲩⲁϩⲟⲩ"/>
		<feat xlink:href="#sSpan3172" value="ⲁϥϫⲱϩ"/>
		<feat xlink:href="#sSpan3173" value="ⲁⲩⲱ"/>
		<feat xlink:href="#sSpan3174" value="ϫⲉ"/>
		<feat xlink:href="#sSpan3177" value="ⲛⲧⲏⲩ"/>
		<feat xlink:href="#sSpan3178" value="ⲁⲩⲙⲟⲩ"/>
		<feat xlink:href="#sSpan3183" value="ⲙⲙⲟⲥ"/>
		<feat xlink:href="#sSpan3184" value="ⲁⲥϯⲡⲉⲥⲟⲩⲟⲓ"/>
		<feat xlink:href="#sSpan3190" value="."/>
		<feat xlink:href="#sSpan3191" value="ⲉⲓⲥ"/>
		<feat xlink:href="#sSpan3201" value="ⲉⲡⲉⲕⲣⲟ"/>
		<feat xlink:href="#sSpan3202" value="ⲡϣⲏⲣⲉ"/>
		<feat xlink:href="#sSpan3205" value="ⲡⲉϫⲁϥ"/>
		<feat xlink:href="#sSpan3209" value="ⲛⲧⲁⲕⲡⲓⲥⲧⲉⲩⲉ"/>
		<feat xlink:href="#sSpan3212" value="ϩⲁⲑⲏ"/>
		<feat xlink:href="#sSpan3214" value="ⲁⲩⲱ"/>
		<feat xlink:href="#sSpan3216" value="ⲙⲙⲟⲟⲩ"/>
		<feat xlink:href="#sSpan3224" value="ⲁϥϣⲱⲡⲉ"/>
		<feat xlink:href="#sSpan3226" value="ⲛⲓⲙ"/>
		<feat xlink:href="#sSpan3229" value="ⲉⲛⲁϣⲱⲟⲩ"/>
		<feat xlink:href="#sSpan3231" value="ⲙⲡⲉⲓϩⲉ"/>
		<feat xlink:href="#sSpan3235" value="ⲇⲉ"/>
		<feat xlink:href="#sSpan3238" value="ⲛⲉⲩⲃⲏⲃ"/>
		<feat xlink:href="#sSpan3239" value="."/>
		<feat xlink:href="#sSpan3240" value="ⲙⲛⲧϥⲙⲁ"/>
		<feat xlink:href="#sSpan3244" value="."/>
		<feat xlink:href="#sSpan3249" value="ⲛϭⲓ"/>
		<feat xlink:href="#sSpan3252" value="ϩⲏⲏⲧⲉ"/>
		<feat xlink:href="#sSpan3264" value="ⲧⲙⲛⲧⲣⲣⲟ"/>
		<feat xlink:href="#sSpan3267" value="ⲉϣⲉⲓ"/>
		<feat xlink:href="#sSpan3268" value="ⲛⲧⲡⲉ"/>
		<feat xlink:href="#sSpan3270" value="ⲛⲇⲁⲓⲙⲱⲛⲓⲟⲛ"/>
		<feat xlink:href="#sSpan3274" value="ⲁⲩϯⲡⲉⲩⲟⲩⲟⲓ"/>
		<feat xlink:href="#sSpan3277" value="ⲡϭⲁϩϭϩ"/>
		<feat xlink:href="#sSpan3280" value="ⲉⲡⲉⲓⲙⲁ"/>
		<feat xlink:href="#sSpan3283" value="ⲇⲉ"/>
		<feat xlink:href="#sSpan3285" value="ⲙⲡϩⲉⲕⲁⲧⲟⲛⲧⲁⲣⲭⲟⲥ"/>
		<feat xlink:href="#sSpan3287" value="ⲛⲧⲉϥϭⲓϫ"/>
		<feat xlink:href="#sSpan3288" value="."/>
		<feat xlink:href="#sSpan3289" value="ⲉⲧϩⲓⲃⲟⲗ"/>
		<feat xlink:href="#sSpan3290" value="ⲓⲏⲥⲟⲩⲥ"/>
		<feat xlink:href="#sSpan3291" value="ⲉⲓϣⲟⲟⲡ"/>
		<feat xlink:href="#sSpan3294" value="ⲁϥⲕⲁⲁⲥ"/>
		<feat xlink:href="#sSpan3295" value="ⲙⲡⲛⲟⲩⲧⲉ"/>
		<feat xlink:href="#sSpan3302" value="ⲛⲧⲉⲣⲉϥⲉⲓ"/>
		<feat xlink:href="#sSpan3308" value="ϩⲛ"/>
		<feat xlink:href="#sSpan3311" value="ⲁϩⲣⲱⲧⲛ"/>
		<feat xlink:href="#sSpan3312" value="ⲉⲡⲉⲥⲏⲧ"/>
		<feat xlink:href="#sSpan3313" value="."/>
		<feat xlink:href="#sSpan3314" value="ⲓⲁⲕⲱⲃ"/>
		<feat xlink:href="#sSpan3315" value="ⲉⲧⲉϥϣⲱⲙⲉ"/>
		<feat xlink:href="#sSpan3327" value="ⲉⲧⲉⲕⲛⲁⲃⲱⲕ"/>
		<feat xlink:href="#sSpan3331" value="ⲉⲕⲟⲩⲉϣⲟⲩ"/>
		<feat xlink:href="#sSpan3334" value="ⲡⲉϫⲁϥ"/>
		<feat xlink:href="#sSpan3336" value="ϫⲉ"/>
		<feat xlink:href="#sSpan3338" value="ⲙⲛ"/>
		<feat xlink:href="#sSpan3339" value="."/>
		<feat xlink:href="#sSpan3341" value="ⲇⲉ"/>
		<feat xlink:href="#sSpan3342" value="ⲉⲣⲟϥ"/>
		<feat xlink:href="#sSpan3344" value="ⲇⲉ"/>
		<feat xlink:href="#sSpan3345" value="ⲛⲧⲛⲗⲁⲁⲩ"/>
		<feat xlink:href="#sSpan3346" value="ⲇⲉ"/>
		<feat xlink:href="#sSpan3354" value="ⲛⲁⲩ"/>
		<feat xlink:href="#sSpan3362" value="ⲙⲙⲟⲥ"/>
		<feat xlink:href="#sSpan3364" value="ⲁϥϫⲱϩ"/>
		<feat xlink:href="#sSpan3365" value="ⲉϩⲟⲩⲛ"/>
		<feat xlink:href="#sSpan3367" value="ⲉϥⲥⲏϭ"/>
		<feat xlink:href="#sSpan3371" value="ⲛϣⲏⲣⲉ"/>
		<feat xlink:href="#sSpan3373" value="ⲡϫⲟⲉⲓⲥ"/>
		<feat xlink:href="#sSpan3374" value="ⲛⲧⲉⲣⲟⲩⲛⲁⲩ"/>
		<feat xlink:href="#sSpan3378" value="ⲙⲛ"/>
		<feat xlink:href="#sSpan3381" value="ⲕⲛⲁⲛⲟϫⲛ"/>
		<feat xlink:href="#sSpan3382" value="ϩⲓⲧⲛ"/>
		<feat xlink:href="#sSpan3384" value="ⲁϥⲉⲡⲓⲧⲓⲙⲁ"/>
		<feat xlink:href="#sSpan3395" value="ⲁⲥⲉⲓ"/>
		<feat xlink:href="#sSpan3397" value="ⲅⲁⲣ"/>
		<feat xlink:href="#sSpan3398" value="ⲁⲗⲗⲁ"/>
		<feat xlink:href="#sSpan3400" value="ⲛⲁϥ"/>
		<feat xlink:href="#sSpan3402" value="ⲁϥⲣϣⲡⲏⲣⲉ"/>
		<feat xlink:href="#sSpan3404" value="ⲉⲃⲟⲗ"/>
		<feat xlink:href="#sSpan3407" value="."/>
		<feat xlink:href="#sSpan3410" value="ⲛⲧⲟϥ"/>
		<feat xlink:href="#sSpan3411" value="ⲉϩⲣⲁⲓ"/>
		<feat xlink:href="#sSpan3413" value="ϫⲉ"/>
		<feat xlink:href="#sSpan3423" value="ⲛϭⲓ"/>
		<feat xlink:href="#sSpan3424" value="ⲉⲃⲟⲗ"/>
		<feat xlink:href="#sSpan3426" value="ⲛⲥⲱϥ"/>
		<feat xlink:href="#sSpan3430" value="."/>
		<feat xlink:href="#sSpan3432" value="ⲙⲙⲟϥ"/>
		<feat xlink:href="#sSpan3441" value="ⲡⲉϥϣⲏⲣⲉ"/>
		<feat xlink:href="#sSpan3443" value="ⲉⲛⲁϣⲱⲟⲩ"/>
		<feat xlink:href="#sSpan3447" value="ⲉⲡⲙⲁ"/>
		<feat xlink:href="#sSpan3449" value="."/>
		<feat xlink:href="#sSpan3451" value="ϩⲏⲏⲧⲉ"/>
		<feat xlink:href="#sSpan3453" value="ⲡϩⲉⲕⲁⲧⲟⲛⲧⲁⲣⲭⲟⲥ"/></featList></paula>