<?xml version='1.0' encoding='UTF-8'?><!DOCTYPE paula SYSTEM "paula_feat.dtd">
<paula version="1.1">
	<header paula_id="scriptorium.shenoute.those.GF263-267.mark_pos"/>
	<featList xmlns:xlink="http://www.w3.org/1999/xlink" type="pos" xml:base="scriptorium.shenoute.those.GF263-267.mark.xml">
		<feat xlink:href="#sSpan2" value="ART"/>
		<feat xlink:href="#sSpan13" value="ACAUS"/>
		<feat xlink:href="#sSpan15" value="PPERS"/>
		<feat xlink:href="#sSpan17" value="V"/>
		<feat xlink:href="#sSpan19" value="PREP"/>
		<feat xlink:href="#sSpan23" value="ART"/>
		<feat xlink:href="#sSpan26" value="N"/>
		<feat xlink:href="#sSpan29" value="PREP"/>
		<feat xlink:href="#sSpan33" value="ART"/>
		<feat xlink:href="#sSpan36" value="N"/>
		<feat xlink:href="#sSpan39" value="PUNCT"/>
		<feat xlink:href="#sSpan44" value="CONJ"/>
		<feat xlink:href="#sSpan48" value="APST"/>
		<feat xlink:href="#sSpan52" value="PPERS"/>
		<feat xlink:href="#sSpan54" value="V"/>
		<feat xlink:href="#sSpan56" value="PREP"/>
		<feat xlink:href="#sSpan61" value="PPERO"/>
		<feat xlink:href="#sSpan63" value="PUNCT"/>
		<feat xlink:href="#sSpan69" value="CONJ"/>
		<feat xlink:href="#sSpan76" value="ANEGAOR"/>
		<feat xlink:href="#sSpan80" value="PPERS"/>
		<feat xlink:href="#sSpan82" value="V"/>
		<feat xlink:href="#sSpan84" value="PPERO"/>
		<feat xlink:href="#sSpan86" value="ART"/>
		<feat xlink:href="#sSpan92" value="N"/>
		<feat xlink:href="#sSpan94" value="PREP"/>
		<feat xlink:href="#sSpan98" value="PDEM"/>
		<feat xlink:href="#sSpan102" value="ADV"/>
		<feat xlink:href="#sSpan106" value="PUNCT"/>
		<feat xlink:href="#sSpan110" value="CREL"/>
		<feat xlink:href="#sSpan114" value="ART"/>
		<feat xlink:href="#sSpan118" value="N"/>
		<feat xlink:href="#sSpan120" value="COP"/>
		<feat xlink:href="#sSpan124" value="PREP"/>
		<feat xlink:href="#sSpan128" value="N"/>
		<feat xlink:href="#sSpan132" value="PREP"/>
		<feat xlink:href="#sSpan136" value="PPERO"/>
		<feat xlink:href="#sSpan138" value="PUNCT"/>
		<feat xlink:href="#sSpan142" value="CONJ"/>
		<feat xlink:href="#sSpan147" value="ART"/>
		<feat xlink:href="#sSpan153" value="N"/>
		<feat xlink:href="#sSpan156" value="ART"/>
		<feat xlink:href="#sSpan161" value="N"/>
		<feat xlink:href="#sSpan164" value="PINT"/>
		<feat xlink:href="#sSpan168" value="PUNCT"/>
		<feat xlink:href="#sSpan172" value="ART"/>
		<feat xlink:href="#sSpan177" value="N"/>
		<feat xlink:href="#sSpan180" value="PTC"/>
		<feat xlink:href="#sSpan184" value="CPRET"/>
		<feat xlink:href="#sSpan188" value="PPERS"/>
		<feat xlink:href="#sSpan190" value="V"/>
		<feat xlink:href="#sSpan193" value="PPERO"/>
		<feat xlink:href="#sSpan195" value="ADV"/>
		<feat xlink:href="#sSpan199" value="PREP"/>
		<feat xlink:href="#sSpan204" value="N"/>
		<feat xlink:href="#sSpan207" value="PREP"/>
		<feat xlink:href="#sSpan211" value="ART"/>
		<feat xlink:href="#sSpan215" value="N"/>
		<feat xlink:href="#sSpan217" value="PUNCT"/>
		<feat xlink:href="#sSpan221" value="PREP"/>
		<feat xlink:href="#sSpan226" value="ART"/>
		<feat xlink:href="#sSpan229" value="CREL"/>
		<feat xlink:href="#sSpan231" value="V"/>
		<feat xlink:href="#sSpan233" value="PREP"/>
		<feat xlink:href="#sSpan237" value="ART"/>
		<feat xlink:href="#sSpan240" value="N"/>
		<feat xlink:href="#sSpan243" value="PREP"/>
		<feat xlink:href="#sSpan247" value="N"/>
		<feat xlink:href="#sSpan250" value="PUNCT"/>
		<feat xlink:href="#sSpan255" value="ART"/>
		<feat xlink:href="#sSpan264" value="N"/>
		<feat xlink:href="#sSpan267" value="PTC"/>
		<feat xlink:href="#sSpan271" value="PREP"/>
		<feat xlink:href="#sSpan276" value="N"/>
		<feat xlink:href="#sSpan279" value="CREL"/>
		<feat xlink:href="#sSpan283" value="PPOS"/>
		<feat xlink:href="#sSpan288" value="N"/>
		<feat xlink:href="#sSpan290" value="V"/>
		<feat xlink:href="#sSpan295" value="PREP"/>
		<feat xlink:href="#sSpan299" value="PPERO"/>
		<feat xlink:href="#sSpan301" value="ADV"/>
		<feat xlink:href="#sSpan306" value="PREP"/>
		<feat xlink:href="#sSpan310" value="PPERO"/>
		<feat xlink:href="#sSpan312" value="CCIRC"/>
		<feat xlink:href="#sSpan316" value="PPERS"/>
		<feat xlink:href="#sSpan318" value="VSTAT"/>
		<feat xlink:href="#sSpan321" value="NEG"/>
		<feat xlink:href="#sSpan325" value="PREP"/>
		<feat xlink:href="#sSpan329" value="ART"/>
		<feat xlink:href="#sSpan332" value="CREL"/>
		<feat xlink:href="#sSpan334" value="PPOS"/>
		<feat xlink:href="#sSpan338" value="N"/>
		<feat xlink:href="#sSpan340" value="V"/>
		<feat xlink:href="#sSpan344" value="PREP"/>
		<feat xlink:href="#sSpan350" value="PPERO"/>
		<feat xlink:href="#sSpan352" value="PREP"/>
		<feat xlink:href="#sSpan356" value="ART"/>
		<feat xlink:href="#sSpan359" value="N"/>
		<feat xlink:href="#sSpan362" value="PREP"/>
		<feat xlink:href="#sSpan366" value="ART"/>
		<feat xlink:href="#sSpan369" value="CREL"/>
		<feat xlink:href="#sSpan371" value="V"/>
		<feat xlink:href="#sSpan374" value="PREP"/>
		<feat xlink:href="#sSpan378" value="PPOS"/>
		<feat xlink:href="#sSpan383" value="N"/>
		<feat xlink:href="#sSpan385" value="PREP"/>
		<feat xlink:href="#sSpan390" value="N"/>
		<feat xlink:href="#sSpan393" value="PINT"/>
		<feat xlink:href="#sSpan397" value="PUNCT"/>
		<feat xlink:href="#sSpan403" value="CONJ"/>
		<feat xlink:href="#sSpan411" value="ADV"/>
		<feat xlink:href="#sSpan416" value="PTC"/>
		<feat xlink:href="#sSpan420" value="PREP"/>
		<feat xlink:href="#sSpan424" value="PPERO"/>
		<feat xlink:href="#sSpan427" value="PREP"/>
		<feat xlink:href="#sSpan431" value="N"/>
		<feat xlink:href="#sSpan435" value="ART"/>
		<feat xlink:href="#sSpan440" value="N"/>
		<feat xlink:href="#sSpan443" value="CREL"/>
		<feat xlink:href="#sSpan447" value="N"/>
		<feat xlink:href="#sSpan450" value="FUT"/>
		<feat xlink:href="#sSpan455" value="V"/>
		<feat xlink:href="#sSpan457" value="PPERO"/>
		<feat xlink:href="#sSpan459" value="ADV"/>
		<feat xlink:href="#sSpan463" value="PREP"/>
		<feat xlink:href="#sSpan468" value="PPERO"/>
		<feat xlink:href="#sSpan470" value="PUNCT"/>
		<feat xlink:href="#sSpan474" value="CPRET"/>
		<feat xlink:href="#sSpan478" value="PPERS"/>
		<feat xlink:href="#sSpan480" value="VSTAT"/>
		<feat xlink:href="#sSpan482" value="NEG"/>
		<feat xlink:href="#sSpan487" value="PREP"/>
		<feat xlink:href="#sSpan491" value="ART"/>
		<feat xlink:href="#sSpan493" value="CREL"/>
		<feat xlink:href="#sSpan496" value="NPROP"/>
		<feat xlink:href="#sSpan499" value="PPOS"/>
		<feat xlink:href="#sSpan504" value="N"/>
		<feat xlink:href="#sSpan506" value="PUNCT"/>
		<feat xlink:href="#sSpan510" value="CONJ"/>
		<feat xlink:href="#sSpan514" value="PPOS"/>
		<feat xlink:href="#sSpan520" value="N"/>
		<feat xlink:href="#sSpan522" value="PUNCT"/>
		<feat xlink:href="#sSpan526" value="V"/>
		<feat xlink:href="#sSpan532" value="PREP"/>
		<feat xlink:href="#sSpan537" value="PPERO"/>
		<feat xlink:href="#sSpan539" value="ADV"/>
		<feat xlink:href="#sSpan543" value="PREP"/>
		<feat xlink:href="#sSpan547" value="PPOS"/>
		<feat xlink:href="#sSpan551" value="N"/>
		<feat xlink:href="#sSpan553" value="PREP"/>
		<feat xlink:href="#sSpan557" value="N"/>
		<feat xlink:href="#sSpan560" value="PINT"/>
		<feat xlink:href="#sSpan565" value="PUNCT"/>
		<feat xlink:href="#sSpan571" value="CONJ"/>
		<feat xlink:href="#sSpan578" value="CPRET"/>
		<feat xlink:href="#sSpan582" value="ART"/>
		<feat xlink:href="#sSpan585" value="N"/>
		<feat xlink:href="#sSpan588" value="PREP"/>
		<feat xlink:href="#sSpan592" value="ART"/>
		<feat xlink:href="#sSpan595" value="CREL"/>
		<feat xlink:href="#sSpan597" value="V"/>
		<feat xlink:href="#sSpan599" value="PREP"/>
		<feat xlink:href="#sSpan602" value="PPERO"/>
		<feat xlink:href="#sSpan604" value="PUNCT"/>
		<feat xlink:href="#sSpan608" value="VSTAT"/>
		<feat xlink:href="#sSpan612" value="PREP"/>
		<feat xlink:href="#sSpan616" value="N"/>
		<feat xlink:href="#sSpan618" value="NEG"/>
		<feat xlink:href="#sSpan623" value="PREP"/>
		<feat xlink:href="#sSpan627" value="ART"/>
		<feat xlink:href="#sSpan630" value="N"/>
		<feat xlink:href="#sSpan632" value="PREP"/>
		<feat xlink:href="#sSpan636" value="PPOS"/>
		<feat xlink:href="#sSpan640" value="N"/>
		<feat xlink:href="#sSpan642" value="ART"/>
		<feat xlink:href="#sSpan647" value="N"/>
		<feat xlink:href="#sSpan650" value="PUNCT"/>
		<feat xlink:href="#sSpan654" value="CREL"/>
		<feat xlink:href="#sSpan658" value="PPERS"/>
		<feat xlink:href="#sSpan660" value="V"/>
		<feat xlink:href="#sSpan663" value="PREP"/>
		<feat xlink:href="#sSpan667" value="PPERO"/>
		<feat xlink:href="#sSpan669" value="PREP"/>
		<feat xlink:href="#sSpan674" value="N"/>
		<feat xlink:href="#sSpan677" value="PINT"/>
		<feat xlink:href="#sSpan681" value="PUNCT"/>
		<feat xlink:href="#sSpan685" value="CONJ"/>
		<feat xlink:href="#sSpan696" value="VBD"/>
		<feat xlink:href="#sSpan698" value="ART"/>
		<feat xlink:href="#sSpan702" value="N"/>
		<feat xlink:href="#sSpan704" value="PREP"/>
		<feat xlink:href="#sSpan709" value="ART"/>
		<feat xlink:href="#sSpan712" value="N"/>
		<feat xlink:href="#sSpan714" value="PUNCT"/>
		<feat xlink:href="#sSpan718" value="CONJ"/>
		<feat xlink:href="#sSpan722" value="ART"/>
		<feat xlink:href="#sSpan728" value="N"/>
		<feat xlink:href="#sSpan730" value="CCIRC"/>
		<feat xlink:href="#sSpan734" value="PPERS"/>
		<feat xlink:href="#sSpan737" value="V"/>
		<feat xlink:href="#sSpan740" value="PREP"/>
		<feat xlink:href="#sSpan744" value="PPOS"/>
		<feat xlink:href="#sSpan746" value="N"/>
		<feat xlink:href="#sSpan748" value="PUNCT"/>
		<feat xlink:href="#sSpan753" value="VBD"/>
		<feat xlink:href="#sSpan758" value="PPERS"/>
		<feat xlink:href="#sSpan761" value="PTC"/>
		<feat xlink:href="#sSpan765" value="ACOND"/>
		<feat xlink:href="#sSpan769" value="ART"/>
		<feat xlink:href="#sSpan773" value="N"/>
		<feat xlink:href="#sSpan775" value="V"/>
		<feat xlink:href="#sSpan779" value="ART"/>
		<feat xlink:href="#sSpan783" value="N"/>
		<feat xlink:href="#sSpan785" value="PREP"/>
		<feat xlink:href="#sSpan790" value="N"/>
		<feat xlink:href="#sSpan793" value="PUNCT"/>
		<feat xlink:href="#sSpan797" value="CONJ"/>
		<feat xlink:href="#sSpan801" value="ART"/>
		<feat xlink:href="#sSpan806" value="N"/>
		<feat xlink:href="#sSpan809" value="ADV"/>
		<feat xlink:href="#sSpan813" value="PUNCT"/>
		<feat xlink:href="#sSpan818" value="CONJ"/>
		<feat xlink:href="#sSpan823" value="ART"/>
		<feat xlink:href="#sSpan829" value="N"/>
		<feat xlink:href="#sSpan831" value="PREP"/>
		<feat xlink:href="#sSpan835" value="ART"/>
		<feat xlink:href="#sSpan839" value="N"/>
		<feat xlink:href="#sSpan841" value="PUNCT"/>
		<feat xlink:href="#sSpan845" value="ART"/>
		<feat xlink:href="#sSpan850" value="N"/>
		<feat xlink:href="#sSpan853" value="COP"/>
		<feat xlink:href="#sSpan857" value="PREP"/>
		<feat xlink:href="#sSpan861" value="PDEM"/>
		<feat xlink:href="#sSpan864" value="IMOD"/>
		<feat xlink:href="#sSpan869" value="PPERO"/>
		<feat xlink:href="#sSpan871" value="PUNCT"/>
		<feat xlink:href="#sSpan876" value="PREP"/>
		<feat xlink:href="#sSpan884" value="PDEM"/>
		<feat xlink:href="#sSpan887" value="PREP"/>
		<feat xlink:href="#sSpan891" value="PPOS"/>
		<feat xlink:href="#sSpan894" value="N"/>
		<feat xlink:href="#sSpan897" value="NEG"/>
		<feat xlink:href="#sSpan901" value="COP"/>
		<feat xlink:href="#sSpan905" value="PREP"/>
		<feat xlink:href="#sSpan909" value="PPERO"/>
		<feat xlink:href="#sSpan911" value="PUNCT"/>
		<feat xlink:href="#sSpan915" value="PREP"/>
		<feat xlink:href="#sSpan920" value="PDEM"/>
		<feat xlink:href="#sSpan923" value="N"/>
		<feat xlink:href="#sSpan925" value="PUNCT"/>
		<feat xlink:href="#sSpan931" value="CONJ"/>
		<feat xlink:href="#sSpan939" value="ANEGPST"/>
		<feat xlink:href="#sSpan943" value="ART"/>
		<feat xlink:href="#sSpan947" value="N"/>
		<feat xlink:href="#sSpan950" value="N"/>
		<feat xlink:href="#sSpan956" value="ART"/>
		<feat xlink:href="#sSpan962" value="N"/>
		<feat xlink:href="#sSpan964" value="PREP"/>
		<feat xlink:href="#sSpan970" value="N"/>
		<feat xlink:href="#sSpan974" value="V"/>
		<feat xlink:href="#sSpan979" value="CCIRC"/>
		<feat xlink:href="#sSpan983" value="V"/>
		<feat xlink:href="#sSpan985" value="PPERO"/>
		<feat xlink:href="#sSpan987" value="PUNCT"/>
		<feat xlink:href="#sSpan991" value="PREP"/>
		<feat xlink:href="#sSpan995" value="ART"/>
		<feat xlink:href="#sSpan999" value="ACAUS"/>
		<feat xlink:href="#sSpan1001" value="PPERS"/>
		<feat xlink:href="#sSpan1003" value="V"/>
		<feat xlink:href="#sSpan1006" value="PREP"/>
		<feat xlink:href="#sSpan1010" value="PDEM"/>
		<feat xlink:href="#sSpan1013" value="N"/>
		<feat xlink:href="#sSpan1016" value="PUNCT"/>
		<feat xlink:href="#sSpan1020" value="CONJ"/>
		<feat xlink:href="#sSpan1024" value="APST"/>
		<feat xlink:href="#sSpan1026" value="PPERS"/>
		<feat xlink:href="#sSpan1029" value="V"/>
		<feat xlink:href="#sSpan1033" value="ADV"/>
		<feat xlink:href="#sSpan1037" value="CONJ"/>
		<feat xlink:href="#sSpan1041" value="PPERS"/>
		<feat xlink:href="#sSpan1043" value="VSTAT"/>
		<feat xlink:href="#sSpan1046" value="APST"/>
		<feat xlink:href="#sSpan1053" value="PPERS"/>
		<feat xlink:href="#sSpan1055" value="V"/>
		<feat xlink:href="#sSpan1057" value="PPERO"/>
		<feat xlink:href="#sSpan1059" value="PREP"/>
		<feat xlink:href="#sSpan1063" value="PPERO"/>
		<feat xlink:href="#sSpan1065" value="PREP"/>
		<feat xlink:href="#sSpan1069" value="PDEM"/>
		<feat xlink:href="#sSpan1071" value="N"/>
		<feat xlink:href="#sSpan1074" value="PUNCT"/>
		<feat xlink:href="#sSpan1078" value="CONJ"/>
		<feat xlink:href="#sSpan1082" value="PREP"/>
		<feat xlink:href="#sSpan1085" value="PINT"/>
		<feat xlink:href="#sSpan1087" value="CPRET"/>
		<feat xlink:href="#sSpan1093" value="PPERS"/>
		<feat xlink:href="#sSpan1095" value="FUT"/>
		<feat xlink:href="#sSpan1097" value="V"/>
		<feat xlink:href="#sSpan1099" value="NEG"/>
		<feat xlink:href="#sSpan1103" value="PTC"/>
		<feat xlink:href="#sSpan1108" value="ART"/>
		<feat xlink:href="#sSpan1111" value="CREL"/>
		<feat xlink:href="#sSpan1113" value="EXIST"/>
		<feat xlink:href="#sSpan1115" value="N"/>
		<feat xlink:href="#sSpan1119" value="VSTAT"/>
		<feat xlink:href="#sSpan1123" value="PREP"/>
		<feat xlink:href="#sSpan1129" value="NPROP"/>
		<feat xlink:href="#sSpan1132" value="PUNCT"/>
		<feat xlink:href="#sSpan1137" value="CONJ"/>
		<feat xlink:href="#sSpan1143" value="CFOC"/>
		<feat xlink:href="#sSpan1147" value="PPERS"/>
		<feat xlink:href="#sSpan1149" value="V"/>
		<feat xlink:href="#sSpan1152" value="PREP"/>
		<feat xlink:href="#sSpan1156" value="N"/>
		<feat xlink:href="#sSpan1159" value="PREP"/>
		<feat xlink:href="#sSpan1164" value="N"/>
		<feat xlink:href="#sSpan1167" value="PREP"/>
		<feat xlink:href="#sSpan1172" value="N"/>
		<feat xlink:href="#sSpan1176" value="PREP"/>
		<feat xlink:href="#sSpan1181" value="N"/>
		<feat xlink:href="#sSpan1185" value="PUNCT"/>
		<feat xlink:href="#sSpan1189" value="PREP"/>
		<feat xlink:href="#sSpan1195" value="ART"/>
		<feat xlink:href="#sSpan1197" value="N"/>
		<feat xlink:href="#sSpan1199" value="CREL"/>
		<feat xlink:href="#sSpan1204" value="APST"/>
		<feat xlink:href="#sSpan1206" value="ART"/>
		<feat xlink:href="#sSpan1210" value="N"/>
		<feat xlink:href="#sSpan1213" value="V"/>
		<feat xlink:href="#sSpan1217" value="PPERO"/>
		<feat xlink:href="#sSpan1219" value="PREP"/>
		<feat xlink:href="#sSpan1224" value="PPERO"/>
		<feat xlink:href="#sSpan1226" value="PUNCT"/>
		<feat xlink:href="#sSpan1230" value="CONJ"/>
		<feat xlink:href="#sSpan1234" value="NEG"/>
		<feat xlink:href="#sSpan1237" value="N"/>
		<feat xlink:href="#sSpan1240" value="VSTAT"/>
		<feat xlink:href="#sSpan1244" value="PREP"/>
		<feat xlink:href="#sSpan1248" value="ART"/>
		<feat xlink:href="#sSpan1253" value="N"/>
		<feat xlink:href="#sSpan1255" value="VBD"/>
		<feat xlink:href="#sSpan1260" value="ART"/>
		<feat xlink:href="#sSpan1263" value="N"/>
		<feat xlink:href="#sSpan1265" value="ART"/>
		<feat xlink:href="#sSpan1269" value="N"/>
		<feat xlink:href="#sSpan1272" value="PUNCT"/>
		<feat xlink:href="#sSpan1278" value="CONJ"/>
		<feat xlink:href="#sSpan1286" value="PTC"/>
		<feat xlink:href="#sSpan1290" value="PREP_PPERO"/>
		<feat xlink:href="#sSpan1294" value="N"/>
		<feat xlink:href="#sSpan1299" value="PREP_PPERO"/>
		<feat xlink:href="#sSpan1303" value="ART"/>
		<feat xlink:href="#sSpan1308" value="N"/>
		<feat xlink:href="#sSpan1311" value="PREP"/>
		<feat xlink:href="#sSpan1315" value="N"/>
		<feat xlink:href="#sSpan1317" value="PREP"/>
		<feat xlink:href="#sSpan1322" value="N"/>
		<feat xlink:href="#sSpan1324" value="PUNCT"/>
		<feat xlink:href="#sSpan1328" value="PREP"/>
		<feat xlink:href="#sSpan1333" value="N"/>
		<feat xlink:href="#sSpan1336" value="PINT"/>
		<feat xlink:href="#sSpan1340" value="ART"/>
		<feat xlink:href="#sSpan1345" value="N"/>
		<feat xlink:href="#sSpan1347" value="CREL"/>
		<feat xlink:href="#sSpan1351" value="ANEGPST"/>
		<feat xlink:href="#sSpan1354" value="ART"/>
		<feat xlink:href="#sSpan1357" value="N"/>
		<feat xlink:href="#sSpan1359" value="PREP"/>
		<feat xlink:href="#sSpan1363" value="ART"/>
		<feat xlink:href="#sSpan1367" value="N"/>
		<feat xlink:href="#sSpan1369" value="V"/>
		<feat xlink:href="#sSpan1373" value="PPERO"/>
		<feat xlink:href="#sSpan1376" value="N"/>
		<feat xlink:href="#sSpan1382" value="PREP"/>
		<feat xlink:href="#sSpan1386" value="PPERO"/>
		<feat xlink:href="#sSpan1388" value="ADV"/>
		<feat xlink:href="#sSpan1397" value="PREP"/>
		<feat xlink:href="#sSpan1401" value="N"/>
		<feat xlink:href="#sSpan1403" value="PUNCT"/>
		<feat xlink:href="#sSpan1407" value="CONJ"/>
		<feat xlink:href="#sSpan1411" value="PREP"/>
		<feat xlink:href="#sSpan1416" value="ART"/>
		<feat xlink:href="#sSpan1420" value="N"/>
		<feat xlink:href="#sSpan1422" value="CONJ"/>
		<feat xlink:href="#sSpan1427" value="ART"/>
		<feat xlink:href="#sSpan1431" value="N"/>
		<feat xlink:href="#sSpan1435" value="PTC"/>
		<feat xlink:href="#sSpan1439" value="PREP"/>
		<feat xlink:href="#sSpan1444" value="N"/>
		<feat xlink:href="#sSpan1447" value="PUNCT"/>
		<feat xlink:href="#sSpan1451" value="ART"/>
		<feat xlink:href="#sSpan1459" value="N"/>
		<feat xlink:href="#sSpan1464" value="PTC"/>
		<feat xlink:href="#sSpan1468" value="PREP"/>
		<feat xlink:href="#sSpan1472" value="N"/>
		<feat xlink:href="#sSpan1476" value="PREP"/>
		<feat xlink:href="#sSpan1480" value="N"/>
		<feat xlink:href="#sSpan1483" value="APST"/>
		<feat xlink:href="#sSpan1488" value="PPERS"/>
		<feat xlink:href="#sSpan1490" value="V"/>
		<feat xlink:href="#sSpan1492" value="PREP"/>
		<feat xlink:href="#sSpan1496" value="PPERO"/>
		<feat xlink:href="#sSpan1498" value="CONJ"/>
		<feat xlink:href="#sSpan1503" value="CONJ"/>
		<feat xlink:href="#sSpan1507" value="APST"/>
		<feat xlink:href="#sSpan1509" value="PPERS"/>
		<feat xlink:href="#sSpan1511" value="V"/>
		<feat xlink:href="#sSpan1514" value="PREP"/>
		<feat xlink:href="#sSpan1518" value="PPERO"/>
		<feat xlink:href="#sSpan1520" value="PUNCT"/>
		<feat xlink:href="#sSpan1525" value="ART"/>
		<feat xlink:href="#sSpan1534" value="N"/>
		<feat xlink:href="#sSpan1538" value="ART"/>
		<feat xlink:href="#sSpan1543" value="CREL"/>
		<feat xlink:href="#sSpan1545" value="VSTAT"/>
		<feat xlink:href="#sSpan1547" value="NEG"/>
		<feat xlink:href="#sSpan1551" value="PREP"/>
		<feat xlink:href="#sSpan1556" value="NPROP"/>
		<feat xlink:href="#sSpan1560" value="PUNCT"/>
		<feat xlink:href="#sSpan1565" value="CONJ"/>
		<feat xlink:href="#sSpan1569" value="CPRET"/>
		<feat xlink:href="#sSpan1573" value="PPERS"/>
		<feat xlink:href="#sSpan1575" value="V"/>
		<feat xlink:href="#sSpan1578" value="NEG"/>
		<feat xlink:href="#sSpan1582" value="PREP"/>
		<feat xlink:href="#sSpan1586" value="PPERO"/>
		<feat xlink:href="#sSpan1588" value="PUNCT"/>
		<feat xlink:href="#sSpan1592" value="CONJ"/>
		<feat xlink:href="#sSpan1596" value="PPERS"/>
		<feat xlink:href="#sSpan1599" value="V"/>
		<feat xlink:href="#sSpan1601" value="PREP"/>
		<feat xlink:href="#sSpan1605" value="PPERO"/>
		<feat xlink:href="#sSpan1607" value="PUNCT"/>
		<feat xlink:href="#sSpan1611" value="PREP"/>
		<feat xlink:href="#sSpan1616" value="PPOS"/>
		<feat xlink:href="#sSpan1618" value="ART"/>
		<feat xlink:href="#sSpan1621" value="CREL"/>
		<feat xlink:href="#sSpan1623" value="VSTAT"/>
		<feat xlink:href="#sSpan1625" value="ADV"/>
		<feat xlink:href="#sSpan1630" value="PREP"/>
		<feat xlink:href="#sSpan1634" value="PPERO"/>
		<feat xlink:href="#sSpan1636" value="PUNCT"/>
		<feat xlink:href="#sSpan1641" value="CONJ"/>
		<feat xlink:href="#sSpan1645" value="ADV"/>
		<feat xlink:href="#sSpan1651" value="PREP"/>
		<feat xlink:href="#sSpan1655" value="PPERO"/>
		<feat xlink:href="#sSpan1657" value="PUNCT"/>
		<feat xlink:href="#sSpan1662" value="APST"/>
		<feat xlink:href="#sSpan1669" value="PPERS"/>
		<feat xlink:href="#sSpan1671" value="V"/>
		<feat xlink:href="#sSpan1674" value="PTC"/>
		<feat xlink:href="#sSpan1678" value="CCIRC"/>
		<feat xlink:href="#sSpan1682" value="PPERS"/>
		<feat xlink:href="#sSpan1685" value="V"/>
		<feat xlink:href="#sSpan1688" value="PREP"/>
		<feat xlink:href="#sSpan1692" value="PPOS"/>
		<feat xlink:href="#sSpan1695" value="N"/>
		<feat xlink:href="#sSpan1698" value="CONJ"/>
		<feat xlink:href="#sSpan1702" value="ART"/>
		<feat xlink:href="#sSpan1705" value="CREL"/>
		<feat xlink:href="#sSpan1707" value="VSTAT"/>
		<feat xlink:href="#sSpan1710" value="PREP"/>
		<feat xlink:href="#sSpan1715" value="N"/>
		<feat xlink:href="#sSpan1719" value="ART"/>
		<feat xlink:href="#sSpan1723" value="CREL"/>
		<feat xlink:href="#sSpan1725" value="APST"/>
		<feat xlink:href="#sSpan1728" value="N"/>
		<feat xlink:href="#sSpan1732" value="PINT"/>
		<feat xlink:href="#sSpan1737" value="PREP"/>
		<feat xlink:href="#sSpan1742" value="N"/>
		<feat xlink:href="#sSpan1744" value="V"/>
		<feat xlink:href="#sSpan1750" value="PREP"/>
		<feat xlink:href="#sSpan1754" value="PPERO"/>
		<feat xlink:href="#sSpan1756" value="PUNCT"/>
		<feat xlink:href="#sSpan1760" value="PREP"/>
		<feat xlink:href="#sSpan1764" value="ACAUS"/>
		<feat xlink:href="#sSpan1766" value="PPERS"/>
		<feat xlink:href="#sSpan1768" value="V"/>
		<feat xlink:href="#sSpan1771" value="ADV"/>
		<feat xlink:href="#sSpan1775" value="PREP"/>
		<feat xlink:href="#sSpan1779" value="PPOS"/>
		<feat xlink:href="#sSpan1783" value="N"/>
		<feat xlink:href="#sSpan1786" value="PREP"/>
		<feat xlink:href="#sSpan1791" value="PPERO"/>
		<feat xlink:href="#sSpan1793" value="PUNCT"/>
		<feat xlink:href="#sSpan1797" value="CONJ"/>
		<feat xlink:href="#sSpan1801" value="PPOS"/>
		<feat xlink:href="#sSpan1805" value="PREP"/>
		<feat xlink:href="#sSpan1810" value="PPERO"/>
		<feat xlink:href="#sSpan1812" value="PUNCT"/>
		<feat xlink:href="#sSpan1816" value="ART"/>
		<feat xlink:href="#sSpan1822" value="N"/>
		<feat xlink:href="#sSpan1825" value="PREP"/>
		<feat xlink:href="#sSpan1829" value="ART"/>
		<feat xlink:href="#sSpan1832" value="CREL"/>
		<feat xlink:href="#sSpan1835" value="V"/>
		<feat xlink:href="#sSpan1839" value="PREP"/>
		<feat xlink:href="#sSpan1843" value="ART"/>
		<feat xlink:href="#sSpan1846" value="N"/>
		<feat xlink:href="#sSpan1848" value="CCIRC_PPERS"/>
		<feat xlink:href="#sSpan1856" value="V"/>
		<feat xlink:href="#sSpan1859" value="PINT"/>
		<feat xlink:href="#sSpan1861" value="PREP"/>
		<feat xlink:href="#sSpan1865" value="ART"/>
		<feat xlink:href="#sSpan1868" value="N"/>
		<feat xlink:href="#sSpan1870" value="PREP"/>
		<feat xlink:href="#sSpan1875" value="PPOS"/>
		<feat xlink:href="#sSpan1878" value="N"/>
		<feat xlink:href="#sSpan1880" value="PUNCT"/>
		<feat xlink:href="#sSpan1885" value="CONJ"/>
		<feat xlink:href="#sSpan1893" value="N"/>
		<feat xlink:href="#sSpan1899" value="PREP"/>
		<feat xlink:href="#sSpan1903" value="ART"/>
		<feat xlink:href="#sSpan1906" value="CREL"/>
		<feat xlink:href="#sSpan1908" value="V"/>
		<feat xlink:href="#sSpan1911" value="PREP_PPERO"/>
		<feat xlink:href="#sSpan1915" value="PUNCT"/>
		<feat xlink:href="#sSpan1919" value="CONJ"/>
		<feat xlink:href="#sSpan1925" value="PPERS"/>
		<feat xlink:href="#sSpan1927" value="V"/>
		<feat xlink:href="#sSpan1930" value="PREP"/>
		<feat xlink:href="#sSpan1934" value="ART"/>
		<feat xlink:href="#sSpan1937" value="N"/>
		<feat xlink:href="#sSpan1939" value="CONJ"/>
		<feat xlink:href="#sSpan1944" value="PPERS"/>
		<feat xlink:href="#sSpan1948" value="V"/>
		<feat xlink:href="#sSpan1950" value="PREP"/>
		<feat xlink:href="#sSpan1955" value="PPOS"/>
		<feat xlink:href="#sSpan1959" value="N"/>
		<feat xlink:href="#sSpan1963" value="CCIRC_PPERS"/>
		<feat xlink:href="#sSpan1969" value="V"/>
		<feat xlink:href="#sSpan1971" value="PUNCT"/>
		<feat xlink:href="#sSpan1975" value="CCIRC"/>
		<feat xlink:href="#sSpan1981" value="PPERS"/>
		<feat xlink:href="#sSpan1983" value="V"/>
		<feat xlink:href="#sSpan1987" value="N"/>
		<feat xlink:href="#sSpan1993" value="PTC"/>
		<feat xlink:href="#sSpan1998" value="NEG"/>
		<feat xlink:href="#sSpan2002" value="PREP"/>
		<feat xlink:href="#sSpan2006" value="ART"/>
		<feat xlink:href="#sSpan2009" value="N"/>
		<feat xlink:href="#sSpan2011" value="CONJ"/>
		<feat xlink:href="#sSpan2016" value="PPOS"/>
		<feat xlink:href="#sSpan2021" value="N"/>
		<feat xlink:href="#sSpan2023" value="PREP"/>
		<feat xlink:href="#sSpan2028" value="ART"/>
		<feat xlink:href="#sSpan2033" value="N"/>
		<feat xlink:href="#sSpan2036" value="PUNCT"/>
		<feat xlink:href="#sSpan2041" value="CONJ"/>
		<feat xlink:href="#sSpan2045" value="PREP"/>
		<feat xlink:href="#sSpan2049" value="ART"/>
		<feat xlink:href="#sSpan2054" value="N"/>
		<feat xlink:href="#sSpan2056" value="PUNCT"/>
		<feat xlink:href="#sSpan2060" value="CONJ"/>
		<feat xlink:href="#sSpan2064" value="PREP"/>
		<feat xlink:href="#sSpan2069" value="ART"/>
		<feat xlink:href="#sSpan2073" value="N"/>
		<feat xlink:href="#sSpan2075" value="CCIRC"/>
		<feat xlink:href="#sSpan2080" value="VBD"/>
		<feat xlink:href="#sSpan2082" value="ART"/>
		<feat xlink:href="#sSpan2085" value="CREL"/>
		<feat xlink:href="#sSpan2087" value="V"/>
		<feat xlink:href="#sSpan2091" value="PUNCT"/>
		<feat xlink:href="#sSpan2095" value="PPERI"/>
		<feat xlink:href="#sSpan2102" value="IMOD_PPERO"/>
		<feat xlink:href="#sSpan2107" value="PPERS"/>
		<feat xlink:href="#sSpan2111" value="V"/>
		<feat xlink:href="#sSpan2113" value="PREP"/>
		<feat xlink:href="#sSpan2117" value="PPERO"/>
		<feat xlink:href="#sSpan2119" value="PUNCT"/>
		<feat xlink:href="#sSpan2124" value="PREP"/>
		<feat xlink:href="#sSpan2131" value="PPERO"/>
		<feat xlink:href="#sSpan2134" value="N"/>
		<feat xlink:href="#sSpan2140" value="PUNCT"/>
		<feat xlink:href="#sSpan2144" value="PREP"/>
		<feat xlink:href="#sSpan2148" value="ART"/>
		<feat xlink:href="#sSpan2151" value="N"/>
		<feat xlink:href="#sSpan2154" value="PREP"/>
		<feat xlink:href="#sSpan2158" value="PDEM"/>
		<feat xlink:href="#sSpan2161" value="N"/>
		<feat xlink:href="#sSpan2164" value="PREP"/>
		<feat xlink:href="#sSpan2168" value="ACAUS"/>
		<feat xlink:href="#sSpan2170" value="PPERS"/>
		<feat xlink:href="#sSpan2172" value="V"/>
		<feat xlink:href="#sSpan2176" value="PREP"/>
		<feat xlink:href="#sSpan2180" value="N"/>
		<feat xlink:href="#sSpan2183" value="PREP"/>
		<feat xlink:href="#sSpan2188" value="ART"/>
		<feat xlink:href="#sSpan2191" value="N"/>
		<feat xlink:href="#sSpan2193" value="PREP"/>
		<feat xlink:href="#sSpan2197" value="ART"/>
		<feat xlink:href="#sSpan2201" value="N"/>
		<feat xlink:href="#sSpan2203" value="IMOD"/>
		<feat xlink:href="#sSpan2207" value="PPERO"/>
		<feat xlink:href="#sSpan2209" value="PUNCT"/>
		<feat xlink:href="#sSpan2214" value="CONJ"/>
		<feat xlink:href="#sSpan2221" value="PPERS"/>
		<feat xlink:href="#sSpan2223" value="VSTAT"/>
		<feat xlink:href="#sSpan2225" value="PTC"/>
		<feat xlink:href="#sSpan2229" value="ART"/>
		<feat xlink:href="#sSpan2233" value="CREL"/>
		<feat xlink:href="#sSpan2235" value="V"/>
		<feat xlink:href="#sSpan2237" value="PREP"/>
		<feat xlink:href="#sSpan2241" value="PPERO"/>
		<feat xlink:href="#sSpan2243" value="CONJ"/>
		<feat xlink:href="#sSpan2248" value="CPRET"/>
		<feat xlink:href="#sSpan2250" value="AAOR"/>
		<feat xlink:href="#sSpan2252" value="PPERS"/>
		<feat xlink:href="#sSpan2255" value="V"/>
		<feat xlink:href="#sSpan2257" value="PREP"/>
		<feat xlink:href="#sSpan2262" value="N"/>
		<feat xlink:href="#sSpan2265" value="PUNCT"/>
		<feat xlink:href="#sSpan2270" value="CONJ"/>
		<feat xlink:href="#sSpan2274" value="CONJ"/>
		<feat xlink:href="#sSpan2278" value="AAOR"/>
		<feat xlink:href="#sSpan2281" value="N"/>
		<feat xlink:href="#sSpan2284" value="V"/>
		<feat xlink:href="#sSpan2288" value="PUNCT"/>
		<feat xlink:href="#sSpan2293" value="PPERS"/>
		<feat xlink:href="#sSpan2300" value="VSTAT"/>
		<feat xlink:href="#sSpan2302" value="PTC"/>
		<feat xlink:href="#sSpan2306" value="ART"/>
		<feat xlink:href="#sSpan2310" value="CREL"/>
		<feat xlink:href="#sSpan2312" value="V"/>
		<feat xlink:href="#sSpan2314" value="PREP"/>
		<feat xlink:href="#sSpan2318" value="PPERO"/>
		<feat xlink:href="#sSpan2320" value="CONJ"/>
		<feat xlink:href="#sSpan2325" value="CONJ"/>
		<feat xlink:href="#sSpan2327" value="ART"/>
		<feat xlink:href="#sSpan2330" value="N"/>
		<feat xlink:href="#sSpan2333" value="COP"/>
		<feat xlink:href="#sSpan2337" value="ART"/>
		<feat xlink:href="#sSpan2342" value="N"/>
		<feat xlink:href="#sSpan2344" value="PUNCT"/>
		<feat xlink:href="#sSpan2348" value="VBD"/>
		<feat xlink:href="#sSpan2353" value="PPERO"/>
		<feat xlink:href="#sSpan2355" value="ANEGPST"/>
		<feat xlink:href="#sSpan2359" value="PPERS"/>
		<feat xlink:href="#sSpan2361" value="V"/>
		<feat xlink:href="#sSpan2364" value="CONJ"/>
		<feat xlink:href="#sSpan2368" value="CFOC"/>
		<feat xlink:href="#sSpan2370" value="APST"/>
		<feat xlink:href="#sSpan2372" value="ART"/>
		<feat xlink:href="#sSpan2376" value="NPROP"/>
		<feat xlink:href="#sSpan2379" value="V"/>
		<feat xlink:href="#sSpan2383" value="PINT"/>
		<feat xlink:href="#sSpan2387" value="PUNCT"/>
		<feat xlink:href="#sSpan2392" value="CFOC"/>
		<feat xlink:href="#sSpan2399" value="APST"/>
		<feat xlink:href="#sSpan2401" value="PPERS"/>
		<feat xlink:href="#sSpan2403" value="V"/>
		<feat xlink:href="#sSpan2405" value="PDEM"/>
		<feat xlink:href="#sSpan2408" value="ADV"/>
		<feat xlink:href="#sSpan2413" value="CONJ"/>
		<feat xlink:href="#sSpan2418" value="APST"/>
		<feat xlink:href="#sSpan2420" value="PPERS"/>
		<feat xlink:href="#sSpan2422" value="V"/>
		<feat xlink:href="#sSpan2424" value="PREP"/>
		<feat xlink:href="#sSpan2430" value="NPROP"/>
		<feat xlink:href="#sSpan2433" value="ART"/>
		<feat xlink:href="#sSpan2438" value="N"/>
		<feat xlink:href="#sSpan2440" value="ART"/>
		<feat xlink:href="#sSpan2445" value="N"/>
		<feat xlink:href="#sSpan2447" value="ART"/>
		<feat xlink:href="#sSpan2452" value="N"/>
		<feat xlink:href="#sSpan2455" value="PUNCT"/>
		<feat xlink:href="#sSpan2460" value="CCIRC"/>
		<feat xlink:href="#sSpan2465" value="PPERS"/>
		<feat xlink:href="#sSpan2467" value="V"/>
		<feat xlink:href="#sSpan2469" value="PREP"/>
		<feat xlink:href="#sSpan2473" value="ART"/>
		<feat xlink:href="#sSpan2477" value="N"/>
		<feat xlink:href="#sSpan2481" value="CREL"/>
		<feat xlink:href="#sSpan2485" value="ADV"/>
		<feat xlink:href="#sSpan2487" value="CONJ"/>
		<feat xlink:href="#sSpan2492" value="CFOC"/>
		<feat xlink:href="#sSpan2494" value="APST"/>
		<feat xlink:href="#sSpan2496" value="PPERS"/>
		<feat xlink:href="#sSpan2498" value="V"/>
		<feat xlink:href="#sSpan2502" value="PINT"/>
		<feat xlink:href="#sSpan2506" value="ANEGPST"/>
		<feat xlink:href="#sSpan2513" value="PPERS"/>
		<feat xlink:href="#sSpan2515" value="V"/>
		<feat xlink:href="#sSpan2517" value="PREP"/>
		<feat xlink:href="#sSpan2521" value="ART"/>
		<feat xlink:href="#sSpan2526" value="N"/>
		<feat xlink:href="#sSpan2528" value="PREP"/>
		<feat xlink:href="#sSpan2532" value="ART"/>
		<feat xlink:href="#sSpan2535" value="CREL"/>
		<feat xlink:href="#sSpan2537" value="PPERS"/>
		<feat xlink:href="#sSpan2539" value="V"/>
		<feat xlink:href="#sSpan2542" value="PREP"/>
		<feat xlink:href="#sSpan2546" value="PPERO"/>
		<feat xlink:href="#sSpan2548" value="PUNCT"/>
		<feat xlink:href="#sSpan2552" value="CONJ"/>
		<feat xlink:href="#sSpan2556" value="N"/>
		<feat xlink:href="#sSpan2560" value="PREP"/>
		<feat xlink:href="#sSpan2564" value="N"/>
		<feat xlink:href="#sSpan2566" value="APST"/>
		<feat xlink:href="#sSpan2570" value="ART"/>
		<feat xlink:href="#sSpan2574" value="N"/>
		<feat xlink:href="#sSpan2576" value="V"/>
		<feat xlink:href="#sSpan2581" value="PREP"/>
		<feat xlink:href="#sSpan2585" value="ART"/>
		<feat xlink:href="#sSpan2589" value="N"/>
		<feat xlink:href="#sSpan2593" value="CFOC"/>
		<feat xlink:href="#sSpan2600" value="ART"/>
		<feat xlink:href="#sSpan2603" value="CREL"/>
		<feat xlink:href="#sSpan2605" value="APST"/>
		<feat xlink:href="#sSpan2607" value="PPERS"/>
		<feat xlink:href="#sSpan2609" value="V"/>
		<feat xlink:href="#sSpan2612" value="PTC"/>
		<feat xlink:href="#sSpan2617" value="PTC"/>
		<feat xlink:href="#sSpan2621" value="PREP"/>
		<feat xlink:href="#sSpan2624" value="N"/>
		<feat xlink:href="#sSpan2629" value="CREL"/>
		<feat xlink:href="#sSpan2633" value="ADV"/>
		<feat xlink:href="#sSpan2636" value="PUNCT"/>
		<feat xlink:href="#sSpan2640" value="CPRET"/>
		<feat xlink:href="#sSpan2644" value="PPERS"/>
		<feat xlink:href="#sSpan2647" value="V"/>
		<feat xlink:href="#sSpan2649" value="NEG"/>
		<feat xlink:href="#sSpan2654" value="COP"/>
		<feat xlink:href="#sSpan2658" value="CONJ"/>
		<feat xlink:href="#sSpan2662" value="ART"/>
		<feat xlink:href="#sSpan2666" value="N"/>
		<feat xlink:href="#sSpan2669" value="PREP"/>
		<feat xlink:href="#sSpan2673" value="ART"/>
		<feat xlink:href="#sSpan2676" value="N"/>
		<feat xlink:href="#sSpan2679" value="ART"/>
		<feat xlink:href="#sSpan2685" value="N"/>
		<feat xlink:href="#sSpan2689" value="PREP"/>
		<feat xlink:href="#sSpan2694" value="ART"/>
		<feat xlink:href="#sSpan2697" value="N"/>
		<feat xlink:href="#sSpan2699" value="V"/>
		<feat xlink:href="#sSpan2704" value="UNKNOWN"/>
		<feat xlink:href="#sSpan2708" value="PUNCT"/>
		<feat xlink:href="#sSpan2712" value="CONJ"/>
		<feat xlink:href="#sSpan2716" value="PREP"/>
		<feat xlink:href="#sSpan2721" value="V"/>
		<feat xlink:href="#sSpan2723" value="PPERO"/>
		<feat xlink:href="#sSpan2725" value="CONJ"/>
		<feat xlink:href="#sSpan2729" value="CFOC"/>
		<feat xlink:href="#sSpan2731" value="PPERS"/>
		<feat xlink:href="#sSpan2733" value="VSTAT"/>
		<feat xlink:href="#sSpan2735" value="PINT"/>
		<feat xlink:href="#sSpan2740" value="PUNCT"/>
		<feat xlink:href="#sSpan2745" value="CONJ"/>
		<feat xlink:href="#sSpan2749" value="CFOC"/>
		<feat xlink:href="#sSpan2753" value="PPERS"/>
		<feat xlink:href="#sSpan2755" value="V"/>
		<feat xlink:href="#sSpan2758" value="PUNCT"/>
		<feat xlink:href="#sSpan2763" value="PREP"/>
		<feat xlink:href="#sSpan2769" value="ART"/>
		<feat xlink:href="#sSpan2772" value="N"/>
		<feat xlink:href="#sSpan2774" value="CREL"/>
		<feat xlink:href="#sSpan2778" value="APST"/>
		<feat xlink:href="#sSpan2781" value="NPROP"/>
		<feat xlink:href="#sSpan2784" value="V"/>
		<feat xlink:href="#sSpan2790" value="NPROP"/>
		<feat xlink:href="#sSpan2793" value="PUNCT"/>
		<feat xlink:href="#sSpan2797" value="CCIRC"/>
		<feat xlink:href="#sSpan2801" value="PPERS"/>
		<feat xlink:href="#sSpan2803" value="V"/>
		<feat xlink:href="#sSpan2806" value="CONJ"/>
		<feat xlink:href="#sSpan2810" value="CFOC"/>
		<feat xlink:href="#sSpan2812" value="APST"/>
		<feat xlink:href="#sSpan2814" value="PPERS"/>
		<feat xlink:href="#sSpan2817" value="V"/>
		<feat xlink:href="#sSpan2822" value="PINT"/>
		<feat xlink:href="#sSpan2826" value="PUNCT"/>
		<feat xlink:href="#sSpan2830" value="CONJ"/>
		<feat xlink:href="#sSpan2834" value="CONJ"/>
		<feat xlink:href="#sSpan2839" value="PINT"/>
		<feat xlink:href="#sSpan2841" value="COP"/>
		<feat xlink:href="#sSpan2845" value="CREL"/>
		<feat xlink:href="#sSpan2847" value="APST"/>
		<feat xlink:href="#sSpan2849" value="PPERS"/>
		<feat xlink:href="#sSpan2851" value="V"/>
		<feat xlink:href="#sSpan2854" value="PPERO"/>
		<feat xlink:href="#sSpan2856" value="PUNCT"/>
		<feat xlink:href="#sSpan2860" value="PDEM"/>
		<feat xlink:href="#sSpan2865" value="COP"/>
		<feat xlink:href="#sSpan2870" value="ART"/>
		<feat xlink:href="#sSpan2875" value="N"/>
		<feat xlink:href="#sSpan2877" value="CREL"/>
		<feat xlink:href="#sSpan2881" value="APST"/>
		<feat xlink:href="#sSpan2883" value="ART"/>
		<feat xlink:href="#sSpan2886" value="N"/>
		<feat xlink:href="#sSpan2888" value="V"/>
		<feat xlink:href="#sSpan2893" value="ART"/>
		<feat xlink:href="#sSpan2897" value="N"/>
		<feat xlink:href="#sSpan2900" value="PUNCT"/>
		<feat xlink:href="#sSpan2904" value="PREP"/>
		<feat xlink:href="#sSpan2908" value="ART"/>
		<feat xlink:href="#sSpan2912" value="N"/>
		<feat xlink:href="#sSpan2915" value="PUNCT"/>
		<feat xlink:href="#sSpan2919" value="CONJ"/>
		<feat xlink:href="#sSpan2925" value="CFOC"/>
		<feat xlink:href="#sSpan2927" value="PPERS"/>
		<feat xlink:href="#sSpan2929" value="VSTAT"/>
		<feat xlink:href="#sSpan2931" value="PINT"/>
		<feat xlink:href="#sSpan2936" value="ART"/>
		<feat xlink:href="#sSpan2942" value="N"/>
		<feat xlink:href="#sSpan2946" value="PUNCT"/>
		<feat xlink:href="#sSpan2950" value="ART"/>
		<feat xlink:href="#sSpan2955" value="N"/>
		<feat xlink:href="#sSpan2960" value="PUNCT"/>
		<feat xlink:href="#sSpan2964" value="ART"/>
		<feat xlink:href="#sSpan2968" value="CREL"/>
		<feat xlink:href="#sSpan2970" value="V"/>
		<feat xlink:href="#sSpan2973" value="PREP"/>
		<feat xlink:href="#sSpan2977" value="PPERO"/>
		<feat xlink:href="#sSpan2979" value="PREP"/>
		<feat xlink:href="#sSpan2983" value="ART"/>
		<feat xlink:href="#sSpan2987" value="N"/>
		<feat xlink:href="#sSpan2989" value="CREL"/>
		<feat xlink:href="#sSpan2993" value="VSTAT"/>
		<feat xlink:href="#sSpan2996" value="PUNCT"/>
		<feat xlink:href="#sSpan3000" value="APST"/>
		<feat xlink:href="#sSpan3006" value="PPERS"/>
		<feat xlink:href="#sSpan3009" value="V"/>
		<feat xlink:href="#sSpan3012" value="PPERO"/>
		<feat xlink:href="#sSpan3014" value="PTC"/>
		<feat xlink:href="#sSpan3019" value="ART"/>
		<feat xlink:href="#sSpan3024" value="N"/>
		<feat xlink:href="#sSpan3026" value="PREP"/>
		<feat xlink:href="#sSpan3030" value="PPOS"/>
		<feat xlink:href="#sSpan3033" value="N"/>
		<feat xlink:href="#sSpan3037" value="NPROP"/>
		<feat xlink:href="#sSpan3041" value="PUNCT"/>
		<feat xlink:href="#sSpan3045" value="CONJ"/>
		<feat xlink:href="#sSpan3049" value="EXIST"/>
		<feat xlink:href="#sSpan3052" value="N"/>
		<feat xlink:href="#sSpan3055" value="CCIRC"/>
		<feat xlink:href="#sSpan3059" value="PPERS"/>
		<feat xlink:href="#sSpan3061" value="VSTAT"/>
		<feat xlink:href="#sSpan3064" value="PREP"/>
		<feat xlink:href="#sSpan3068" value="PPERO"/>
		<feat xlink:href="#sSpan3070" value="PUNCT"/>
		<feat xlink:href="#sSpan3074" value="CONJ"/>
		<feat xlink:href="#sSpan3081" value="PPERS"/>
		<feat xlink:href="#sSpan3083" value="V"/>
		<feat xlink:href="#sSpan3085" value="PREP"/>
		<feat xlink:href="#sSpan3090" value="N"/>
		<feat xlink:href="#sSpan3093" value="V"/>
		<feat xlink:href="#sSpan3097" value="PPOS"/>
		<feat xlink:href="#sSpan3100" value="N"/>
		<feat xlink:href="#sSpan3103" value="PREP"/>
		<feat xlink:href="#sSpan3107" value="PDEM"/>
		<feat xlink:href="#sSpan3110" value="PUNCT"/>
		<feat xlink:href="#sSpan3114" value="CFOC"/>
		<feat xlink:href="#sSpan3121" value="APST"/>
		<feat xlink:href="#sSpan3123" value="PPERS"/>
		<feat xlink:href="#sSpan3126" value="V"/>
		<feat xlink:href="#sSpan3129" value="PTC"/>
		<feat xlink:href="#sSpan3133" value="PREP"/>
		<feat xlink:href="#sSpan3138" value="PPERO"/>
		<feat xlink:href="#sSpan3140" value="ART"/>
		<feat xlink:href="#sSpan3146" value="N"/>
		<feat xlink:href="#sSpan3149" value="PREP"/>
		<feat xlink:href="#sSpan3153" value="ART"/>
		<feat xlink:href="#sSpan3157" value="N"/>
		<feat xlink:href="#sSpan3160" value="PREP"/>
		<feat xlink:href="#sSpan3164" value="PPOS"/>
		<feat xlink:href="#sSpan3167" value="N"/>
		<feat xlink:href="#sSpan3169" value="PREP"/>
		<feat xlink:href="#sSpan3175" value="ACAUS"/>
		<feat xlink:href="#sSpan3177" value="PPERS"/>
		<feat xlink:href="#sSpan3179" value="V"/>
		<feat xlink:href="#sSpan3181" value="PREP"/>
		<feat xlink:href="#sSpan3185" value="PPERO"/>
		<feat xlink:href="#sSpan3187" value="PREP"/>
		<feat xlink:href="#sSpan3192" value="ART"/>
		<feat xlink:href="#sSpan3195" value="CREL"/>
		<feat xlink:href="#sSpan3197" value="PPERS"/>
		<feat xlink:href="#sSpan3200" value="V"/>
		<feat xlink:href="#sSpan3204" value="ADV"/>
		<feat xlink:href="#sSpan3209" value="PREP"/>
		<feat xlink:href="#sSpan3214" value="PPERO"/>
		<feat xlink:href="#sSpan3216" value="IMOD"/>
		<feat xlink:href="#sSpan3220" value="PPERO"/>
		<feat xlink:href="#sSpan3222" value="PUNCT"/>
		<feat xlink:href="#sSpan3226" value="PREP"/>
		<feat xlink:href="#sSpan3231" value="ART"/>
		<feat xlink:href="#sSpan3234" value="ACAUS"/>
		<feat xlink:href="#sSpan3236" value="PPERS"/>
		<feat xlink:href="#sSpan3238" value="V"/>
		<feat xlink:href="#sSpan3240" value="PREP"/>
		<feat xlink:href="#sSpan3245" value="PPERO"/>
		<feat xlink:href="#sSpan3247" value="PUNCT"/>
		<feat xlink:href="#sSpan3251" value="ART"/>
		<feat xlink:href="#sSpan3257" value="N"/>
		<feat xlink:href="#sSpan3259" value="CREL"/>
		<feat xlink:href="#sSpan3264" value="PPERS"/>
		<feat xlink:href="#sSpan3266" value="V"/>
		<feat xlink:href="#sSpan3268" value="PREP"/>
		<feat xlink:href="#sSpan3273" value="PPERO"/>
		<feat xlink:href="#sSpan3276" value="ART"/>
		<feat xlink:href="#sSpan3281" value="N"/>
		<feat xlink:href="#sSpan3283" value="CONJ"/>
		<feat xlink:href="#sSpan3287" value="ART"/>
		<feat xlink:href="#sSpan3292" value="N"/>
		<feat xlink:href="#sSpan3295" value="CREL"/>
		<feat xlink:href="#sSpan3299" value="PPERS"/>
		<feat xlink:href="#sSpan3301" value="V"/>
		<feat xlink:href="#sSpan3304" value="PREP"/>
		<feat xlink:href="#sSpan3308" value="PPERO"/>
		<feat xlink:href="#sSpan3310" value="PREP"/>
		<feat xlink:href="#sSpan3315" value="ART"/>
		<feat xlink:href="#sSpan3318" value="CREL"/>
		<feat xlink:href="#sSpan3320" value="APST"/>
		<feat xlink:href="#sSpan3322" value="PPERS"/>
		<feat xlink:href="#sSpan3324" value="V"/>
		<feat xlink:href="#sSpan3327" value="PREP"/>
		<feat xlink:href="#sSpan3332" value="ACAUS"/>
		<feat xlink:href="#sSpan3334" value="PPERS"/>
		<feat xlink:href="#sSpan3336" value="V"/>
		<feat xlink:href="#sSpan3338" value="PPERO"/>
		<feat xlink:href="#sSpan3340" value="PREP"/>
		<feat xlink:href="#sSpan3344" value="ART"/>
		<feat xlink:href="#sSpan3347" value="N"/>
		<feat xlink:href="#sSpan3350" value="PUNCT"/>
		<feat xlink:href="#sSpan3354" value="CONJ"/>
		<feat xlink:href="#sSpan3358" value="PREP"/>
		<feat xlink:href="#sSpan3362" value="ACAUS"/>
		<feat xlink:href="#sSpan3364" value="PPERS"/>
		<feat xlink:href="#sSpan3366" value="V"/>
		<feat xlink:href="#sSpan3369" value="PPERO"/>
		<feat xlink:href="#sSpan3371" value="PREP"/>
		<feat xlink:href="#sSpan3375" value="PPOS"/>
		<feat xlink:href="#sSpan3379" value="N"/>
		<feat xlink:href="#sSpan3383" value="PUNCT"/>
		<feat xlink:href="#sSpan3387" value="PREP"/>
		<feat xlink:href="#sSpan3391" value="V"/>
		<feat xlink:href="#sSpan3394" value="PREP"/>
		<feat xlink:href="#sSpan3398" value="PPOS"/>
		<feat xlink:href="#sSpan3402" value="N"/>
		<feat xlink:href="#sSpan3407" value="PUNCT"/>
		<feat xlink:href="#sSpan3412" value="PPERS"/>
		<feat xlink:href="#sSpan3420" value="VSTAT"/>
		<feat xlink:href="#sSpan3422" value="PTC"/>
		<feat xlink:href="#sSpan3426" value="ART"/>
		<feat xlink:href="#sSpan3429" value="CREL"/>
		<feat xlink:href="#sSpan3431" value="V"/>
		<feat xlink:href="#sSpan3434" value="PREP"/>
		<feat xlink:href="#sSpan3438" value="PPERO"/>
		<feat xlink:href="#sSpan3440" value="CONJ"/>
		<feat xlink:href="#sSpan3444" value="CONJ"/>
		<feat xlink:href="#sSpan3447" value="ART"/>
		<feat xlink:href="#sSpan3450" value="N"/>
		<feat xlink:href="#sSpan3452" value="COP"/>
		<feat xlink:href="#sSpan3456" value="PUNCT"/>
		<feat xlink:href="#sSpan3460" value="CONJ"/>
		<feat xlink:href="#sSpan3465" value="PREP"/>
		<feat xlink:href="#sSpan3468" value="PINT"/>
		<feat xlink:href="#sSpan3470" value="ANEGPST"/>
		<feat xlink:href="#sSpan3475" value="PPERS"/>
		<feat xlink:href="#sSpan3477" value="V"/>
		<feat xlink:href="#sSpan3479" value="CONJ"/>
		<feat xlink:href="#sSpan3483" value="CCIRC"/>
		<feat xlink:href="#sSpan3486" value="NPROP"/>
		<feat xlink:href="#sSpan3490" value="PINT"/></featList></paula>