<?xml version='1.0' encoding='UTF-8'?><!DOCTYPE paula SYSTEM "paula_feat.dtd">
<paula version="1.1">
	<header paula_id="scriptorium.shenoute.unknown5_1.GF381-388.mark_lang"/>
	<featList xmlns:xlink="http://www.w3.org/1999/xlink" type="lang" xml:base="scriptorium.shenoute.unknown5_1.GF381-388.mark.xml">
		<feat xlink:href="#sSpan17" value="Greek"/>
		<feat xlink:href="#sSpan29" value="Greek"/>
		<feat xlink:href="#sSpan54" value="Greek"/>
		<feat xlink:href="#sSpan112" value="Greek"/>
		<feat xlink:href="#sSpan148" value="Greek"/>
		<feat xlink:href="#sSpan185" value="Greek"/>
		<feat xlink:href="#sSpan233" value="Greek"/>
		<feat xlink:href="#sSpan348" value="Greek"/>
		<feat xlink:href="#sSpan372" value="Greek"/>
		<feat xlink:href="#sSpan402" value="Greek"/>
		<feat xlink:href="#sSpan415" value="Greek"/>
		<feat xlink:href="#sSpan460" value="Greek"/>
		<feat xlink:href="#sSpan493" value="Greek"/>
		<feat xlink:href="#sSpan504" value="Greek"/>
		<feat xlink:href="#sSpan584" value="Greek"/>
		<feat xlink:href="#sSpan595" value="Greek"/>
		<feat xlink:href="#sSpan710" value="Greek"/>
		<feat xlink:href="#sSpan745" value="Greek"/>
		<feat xlink:href="#sSpan757" value="Greek"/>
		<feat xlink:href="#sSpan801" value="Greek"/>
		<feat xlink:href="#sSpan809" value="Greek"/>
		<feat xlink:href="#sSpan879" value="Greek"/>
		<feat xlink:href="#sSpan1079" value="Greek"/>
		<feat xlink:href="#sSpan1127" value="Greek"/>
		<feat xlink:href="#sSpan1197" value="Greek"/>
		<feat xlink:href="#sSpan1332" value="Greek"/>
		<feat xlink:href="#sSpan1395" value="Greek"/>
		<feat xlink:href="#sSpan1414" value="Greek"/>
		<feat xlink:href="#sSpan1498" value="Greek"/>
		<feat xlink:href="#sSpan1642" value="Greek"/>
		<feat xlink:href="#sSpan1678" value="Greek"/>
		<feat xlink:href="#sSpan1838" value="Greek"/>
		<feat xlink:href="#sSpan2037" value="Greek"/>
		<feat xlink:href="#sSpan2224" value="Greek"/>
		<feat xlink:href="#sSpan2235" value="Greek"/>
		<feat xlink:href="#sSpan2242" value="Greek"/>
		<feat xlink:href="#sSpan2252" value="Greek"/>
		<feat xlink:href="#sSpan2424" value="Greek"/>
		<feat xlink:href="#sSpan2467" value="Greek"/>
		<feat xlink:href="#sSpan2523" value="Greek"/>
		<feat xlink:href="#sSpan2611" value="Greek"/>
		<feat xlink:href="#sSpan2619" value="Greek"/>
		<feat xlink:href="#sSpan2730" value="Hebrew"/>
		<feat xlink:href="#sSpan2774" value="Hebrew"/>
		<feat xlink:href="#sSpan2800" value="Greek"/>
		<feat xlink:href="#sSpan2941" value="Greek"/>
		<feat xlink:href="#sSpan3075" value="Greek"/>
		<feat xlink:href="#sSpan3281" value="Hebrew"/>
		<feat xlink:href="#sSpan3298" value="Greek"/>
		<feat xlink:href="#sSpan3349" value="Greek"/>
		<feat xlink:href="#sSpan3383" value="Greek"/>
		<feat xlink:href="#sSpan3450" value="Greek"/>
		<feat xlink:href="#sSpan3593" value="Greek"/>
		<feat xlink:href="#sSpan3629" value="Greek"/>
		<feat xlink:href="#sSpan3688" value="Greek"/>
		<feat xlink:href="#sSpan3706" value="Greek"/>
		<feat xlink:href="#sSpan3715" value="Greek"/>
		<feat xlink:href="#sSpan3737" value="Greek"/>
		<feat xlink:href="#sSpan4021" value="Greek"/>
		<feat xlink:href="#sSpan4079" value="Greek"/>
		<feat xlink:href="#sSpan4140" value="Greek"/>
		<feat xlink:href="#sSpan4160" value="Greek"/>
		<feat xlink:href="#sSpan4169" value="Greek"/>
		<feat xlink:href="#sSpan4213" value="Greek"/>
		<feat xlink:href="#sSpan4241" value="Greek"/>
		<feat xlink:href="#sSpan4300" value="Greek"/>
		<feat xlink:href="#sSpan4347" value="Greek"/>
		<feat xlink:href="#sSpan4378" value="Greek"/>
		<feat xlink:href="#sSpan4420" value="Greek"/>
		<feat xlink:href="#sSpan4527" value="Greek"/>
		<feat xlink:href="#sSpan4612" value="Greek"/>
		<feat xlink:href="#sSpan4629" value="Greek"/>
		<feat xlink:href="#sSpan4644" value="Greek"/>
		<feat xlink:href="#sSpan4720" value="Greek"/>
		<feat xlink:href="#sSpan4754" value="Greek"/>
		<feat xlink:href="#sSpan4822" value="Greek"/>
		<feat xlink:href="#sSpan4843" value="Greek"/>
		<feat xlink:href="#sSpan4860" value="Greek"/>
		<feat xlink:href="#sSpan4877" value="Greek"/>
		<feat xlink:href="#sSpan4918" value="Greek"/>
		<feat xlink:href="#sSpan4948" value="Greek"/>
		<feat xlink:href="#sSpan4965" value="Greek"/>
		<feat xlink:href="#sSpan4982" value="Greek"/>
		<feat xlink:href="#sSpan5024" value="Greek"/>
		<feat xlink:href="#sSpan5138" value="Greek"/>
		<feat xlink:href="#sSpan5282" value="Greek"/>
		<feat xlink:href="#sSpan5397" value="Greek"/>
		<feat xlink:href="#sSpan5409" value="Greek"/>
		<feat xlink:href="#sSpan5420" value="Greek"/>
		<feat xlink:href="#sSpan5510" value="Greek"/>
		<feat xlink:href="#sSpan5524" value="Greek"/>
		<feat xlink:href="#sSpan5553" value="Greek"/>
		<feat xlink:href="#sSpan5606" value="Greek"/>
		<feat xlink:href="#sSpan5754" value="Greek"/>
		<feat xlink:href="#sSpan5973" value="Greek"/>
		<feat xlink:href="#sSpan6014" value="Greek"/>
		<feat xlink:href="#sSpan6051" value="Greek"/>
		<feat xlink:href="#sSpan6119" value="Greek"/>
		<feat xlink:href="#sSpan6136" value="Greek"/>
		<feat xlink:href="#sSpan6158" value="Greek"/>
		<feat xlink:href="#sSpan6194" value="Greek"/>
		<feat xlink:href="#sSpan6309" value="Greek"/>
		<feat xlink:href="#sSpan6433" value="Greek"/>
		<feat xlink:href="#sSpan6472" value="Greek"/>
		<feat xlink:href="#sSpan6531" value="Greek"/>
		<feat xlink:href="#sSpan6556" value="Greek"/>
		<feat xlink:href="#sSpan6569" value="Greek"/>
		<feat xlink:href="#sSpan6655" value="Greek"/>
		<feat xlink:href="#sSpan6694" value="Greek"/>
		<feat xlink:href="#sSpan6702" value="Greek"/></featList></paula>