<?xml version='1.0' encoding='UTF-8'?><!DOCTYPE paula SYSTEM "paula_feat.dtd">
<paula version="1.1">
	<header paula_id="scriptorium.shenoute.unknown5_1.GF381-388.mark_pb_xml_id"/>
	<featList xmlns:xlink="http://www.w3.org/1999/xlink" type="pb_xml_id" xml:base="scriptorium.shenoute.unknown5_1.GF381-388.mark.xml">
		<feat xlink:href="#sSpan10" value="GF381"/>
		<feat xlink:href="#sSpan884" value="GF382"/>
		<feat xlink:href="#sSpan1692" value="GF383"/>
		<feat xlink:href="#sSpan2449" value="GF384"/>
		<feat xlink:href="#sSpan3320" value="GF385"/>
		<feat xlink:href="#sSpan4167" value="GF386"/>
		<feat xlink:href="#sSpan5002" value="GF387"/>
		<feat xlink:href="#sSpan5760" value="GF388"/></featList></paula>