<?xml version='1.0' encoding='UTF-8'?><!DOCTYPE paula SYSTEM "paula_feat.dtd">
<paula version="1.1">
	<header paula_id="scriptorium.01_Genesis_23.mark_func"/>
	<featList xmlns:xlink="http://www.w3.org/1999/xlink" type="func" xml:base="scriptorium.01_Genesis_23.mark.xml">
		<feat xlink:href="#sSpan2" value="punct"/>
		<feat xlink:href="#sSpan4" value="punct"/>
		<feat xlink:href="#sSpan6" value="punct"/>
		<feat xlink:href="#sSpan8" value="root"/>
		<feat xlink:href="#sSpan10" value="case"/>
		<feat xlink:href="#sSpan12" value="det"/>
		<feat xlink:href="#sSpan13" value="nmod"/>
		<feat xlink:href="#sSpan14" value="mark"/>
		<feat xlink:href="#sSpan16" value="mark"/>
		<feat xlink:href="#sSpan17" value="aux"/>
		<feat xlink:href="#sSpan19" value="nsubj"/>
		<feat xlink:href="#sSpan21" value="advcl"/>
		<feat xlink:href="#sSpan23" value="ccomp"/>
		<feat xlink:href="#sSpan26" value="case"/>
		<feat xlink:href="#sSpan28" value="obl"/>
		<feat xlink:href="#sSpan29" value="det"/>
		<feat xlink:href="#sSpan31" value="nsubj"/>
		<feat xlink:href="#sSpan32" value="case"/>
		<feat xlink:href="#sSpan34" value="det"/>
		<feat xlink:href="#sSpan35" value="nmod"/>
		<feat xlink:href="#sSpan36" value="parataxis"/>
		<feat xlink:href="#sSpan38" value="obj"/>
		<feat xlink:href="#sSpan39" value="case"/>
		<feat xlink:href="#sSpan41" value="det"/>
		<feat xlink:href="#sSpan42" value="obl"/>
		<feat xlink:href="#sSpan43" value="parataxis"/>
		<feat xlink:href="#sSpan45" value="advmod"/>
		<feat xlink:href="#sSpan48" value="aux"/>
		<feat xlink:href="#sSpan50" value="nsubj"/>
		<feat xlink:href="#sSpan51" value="advmod"/>
		<feat xlink:href="#sSpan53" value="root"/>
		<feat xlink:href="#sSpan55" value="mark"/>
		<feat xlink:href="#sSpan57" value="nsubj"/>
		<feat xlink:href="#sSpan58" value="advcl"/>
		<feat xlink:href="#sSpan59" value="case"/>
		<feat xlink:href="#sSpan61" value="obj"/>
		<feat xlink:href="#sSpan62" value="case"/>
		<feat xlink:href="#sSpan64" value="obl"/>
		<feat xlink:href="#sSpan66" value="mark"/>
		<feat xlink:href="#sSpan68" value="advmod"/>
		<feat xlink:href="#sSpan69" value="advcl"/>
		<feat xlink:href="#sSpan71" value="nmod"/>
		<feat xlink:href="#sSpan72" value="aux"/>
		<feat xlink:href="#sSpan74" value="nsubj"/>
		<feat xlink:href="#sSpan75" value="root"/>
		<feat xlink:href="#sSpan76" value="advmod"/>
		<feat xlink:href="#sSpan78" value="mark"/>
		<feat xlink:href="#sSpan80" value="nsubj"/>
		<feat xlink:href="#sSpan81" value="det"/>
		<feat xlink:href="#sSpan82" value="ccomp"/>
		<feat xlink:href="#sSpan83" value="case"/>
		<feat xlink:href="#sSpan85" value="nmod"/>
		<feat xlink:href="#sSpan86" value="case"/>
		<feat xlink:href="#sSpan88" value="nmod"/>
		<feat xlink:href="#sSpan89" value="parataxis"/>
		<feat xlink:href="#sSpan91" value="cop"/>
		<feat xlink:href="#sSpan92" value="nsubj"/>
		<feat xlink:href="#sSpan94" value="case"/>
		<feat xlink:href="#sSpan96" value="det"/>
		<feat xlink:href="#sSpan97" value="obl"/>
		<feat xlink:href="#sSpan98" value="cc"/>
		<feat xlink:href="#sSpan100" value="det"/>
		<feat xlink:href="#sSpan101" value="conj"/>
		<feat xlink:href="#sSpan102" value="dislocated"/>
		<feat xlink:href="#sSpan104" value="advmod"/>
		<feat xlink:href="#sSpan106" value="parataxis"/>
		<feat xlink:href="#sSpan108" value="aux"/>
		<feat xlink:href="#sSpan110" value="nsubj"/>
		<feat xlink:href="#sSpan111" value="parataxis"/>
		<feat xlink:href="#sSpan113" value="aux"/>
		<feat xlink:href="#sSpan115" value="nsubj"/>
		<feat xlink:href="#sSpan116" value="advmod"/>
		<feat xlink:href="#sSpan118" value="root"/>
		<feat xlink:href="#sSpan120" value="case"/>
		<feat xlink:href="#sSpan122" value="obl"/>
		<feat xlink:href="#sSpan123" value="aux"/>
		<feat xlink:href="#sSpan125" value="nsubj"/>
		<feat xlink:href="#sSpan126" value="parataxis"/>
		<feat xlink:href="#sSpan127" value="case"/>
		<feat xlink:href="#sSpan129" value="det"/>
		<feat xlink:href="#sSpan130" value="obl"/>
		<feat xlink:href="#sSpan131" value="punct"/>
		<feat xlink:href="#sSpan133" value="punct"/>
		<feat xlink:href="#sSpan135" value="punct"/>
		<feat xlink:href="#sSpan138" value="punct"/>
		<feat xlink:href="#sSpan140" value="punct"/>
		<feat xlink:href="#sSpan142" value="punct"/>
		<feat xlink:href="#sSpan144" value="cc"/>
		<feat xlink:href="#sSpan146" value="conj"/>
		<feat xlink:href="#sSpan148" value="det"/>
		<feat xlink:href="#sSpan150" value="mark"/>
		<feat xlink:href="#sSpan152" value="nsubj"/>
		<feat xlink:href="#sSpan153" value="acl"/>
		<feat xlink:href="#sSpan155" value="advmod"/>
		<feat xlink:href="#sSpan157" value="case"/>
		<feat xlink:href="#sSpan159" value="det"/>
		<feat xlink:href="#sSpan160" value="obl"/>
		<feat xlink:href="#sSpan162" value="case"/>
		<feat xlink:href="#sSpan164" value="obl"/>
		<feat xlink:href="#sSpan165" value="aux"/>
		<feat xlink:href="#sSpan167" value="nsubj"/>
		<feat xlink:href="#sSpan168" value="root"/>
		<feat xlink:href="#sSpan170" value="obj"/>
		<feat xlink:href="#sSpan171" value="case"/>
		<feat xlink:href="#sSpan173" value="obl"/>
		<feat xlink:href="#sSpan174" value="det"/>
		<feat xlink:href="#sSpan176" value="obj"/>
		<feat xlink:href="#sSpan177" value="advmod"/>
		<feat xlink:href="#sSpan179" value="case"/>
		<feat xlink:href="#sSpan181" value="det"/>
		<feat xlink:href="#sSpan182" value="obl"/>
		<feat xlink:href="#sSpan183" value="case"/>
		<feat xlink:href="#sSpan185" value="det"/>
		<feat xlink:href="#sSpan186" value="nmod"/>
		<feat xlink:href="#sSpan187" value="mark"/>
		<feat xlink:href="#sSpan189" value="acl"/>
		<feat xlink:href="#sSpan191" value="case"/>
		<feat xlink:href="#sSpan193" value="obl"/>
		<feat xlink:href="#sSpan194" value="parataxis"/>
		<feat xlink:href="#sSpan195" value="dislocated"/>
		<feat xlink:href="#sSpan197" value="mark"/>
		<feat xlink:href="#sSpan199" value="acl"/>
		<feat xlink:href="#sSpan200" value="case"/>
		<feat xlink:href="#sSpan202" value="det"/>
		<feat xlink:href="#sSpan203" value="obl"/>
		<feat xlink:href="#sSpan204" value="advmod"/>
		<feat xlink:href="#sSpan206" value="conj"/>
		<feat xlink:href="#sSpan208" value="mark"/>
		<feat xlink:href="#sSpan210" value="ccomp"/>
		<feat xlink:href="#sSpan212" value="case"/>
		<feat xlink:href="#sSpan214" value="det"/>
		<feat xlink:href="#sSpan215" value="nmod"/>
		<feat xlink:href="#sSpan216" value="case"/>
		<feat xlink:href="#sSpan218" value="nmod"/>
		<feat xlink:href="#sSpan220" value="aux"/>
		<feat xlink:href="#sSpan222" value="nsubj"/>
		<feat xlink:href="#sSpan223" value="root"/>
		<feat xlink:href="#sSpan224" value="det"/>
		<feat xlink:href="#sSpan225" value="obj"/>
		<feat xlink:href="#sSpan226" value="cc"/>
		<feat xlink:href="#sSpan228" value="det"/>
		<feat xlink:href="#sSpan229" value="conj"/>
		<feat xlink:href="#sSpan230" value="case"/>
		<feat xlink:href="#sSpan232" value="det"/>
		<feat xlink:href="#sSpan233" value="case"/>
		<feat xlink:href="#sSpan234" value="obl"/>
		<feat xlink:href="#sSpan235" value="case"/>
		<feat xlink:href="#sSpan237" value="obl"/>
		<feat xlink:href="#sSpan238" value="case"/>
		<feat xlink:href="#sSpan240" value="det"/>
		<feat xlink:href="#sSpan241" value="obl"/>
		<feat xlink:href="#sSpan243" value="parataxis"/>
		<feat xlink:href="#sSpan245" value="advmod"/>
		<feat xlink:href="#sSpan247" value="case"/>
		<feat xlink:href="#sSpan249" value="det"/>
		<feat xlink:href="#sSpan250" value="nsubj"/>
		<feat xlink:href="#sSpan251" value="parataxis"/></featList></paula>