<?xml version='1.0' encoding='UTF-8'?><!DOCTYPE paula SYSTEM "paula_feat.dtd">
<paula version="1.1">
	<header paula_id="scriptorium.01_Genesis_04.mark_new_sent"/>
	<featList xmlns:xlink="http://www.w3.org/1999/xlink" type="new_sent" xml:base="scriptorium.01_Genesis_04.mark.xml">
		<feat xlink:href="#sSpan1" value="true"/>
		<feat xlink:href="#sSpan49" value="true"/>
		<feat xlink:href="#sSpan103" value="true"/>
		<feat xlink:href="#sSpan144" value="true"/>
		<feat xlink:href="#sSpan195" value="true"/>
		<feat xlink:href="#sSpan200" value="true"/>
		<feat xlink:href="#sSpan293" value="true"/>
		<feat xlink:href="#sSpan338" value="true"/>
		<feat xlink:href="#sSpan402" value="true"/>
		<feat xlink:href="#sSpan450" value="true"/>
		<feat xlink:href="#sSpan497" value="true"/>
		<feat xlink:href="#sSpan534" value="true"/>
		<feat xlink:href="#sSpan565" value="true"/>
		<feat xlink:href="#sSpan628" value="true"/>
		<feat xlink:href="#sSpan704" value="true"/>
		<feat xlink:href="#sSpan743" value="true"/>
		<feat xlink:href="#sSpan827" value="true"/></featList></paula>