<?xml version='1.0' encoding='UTF-8'?><!DOCTYPE paula SYSTEM "paula_feat.dtd">
<paula version="1.1">
	<header paula_id="scriptorium.01_Genesis_04.mark_morph"/>
	<featList xmlns:xlink="http://www.w3.org/1999/xlink" type="morph" xml:base="scriptorium.01_Genesis_04.mark.xml">
		<feat xlink:href="#sSpan93" value="ⲣ"/>
		<feat xlink:href="#sSpan95" value="ϩⲱⲃ"/>
		<feat xlink:href="#sSpan162" value="ϣⲣⲡ"/>
		<feat xlink:href="#sSpan164" value="ⲙⲙⲓⲥⲉ"/>
		<feat xlink:href="#sSpan251" value="ϫⲓ"/>
		<feat xlink:href="#sSpan253" value="ⲕⲃⲁ"/>
		<feat xlink:href="#sSpan489" value="ⲙⲉϩ"/>
		<feat xlink:href="#sSpan491" value="ⲥⲛⲧⲉ"/>
		<feat xlink:href="#sSpan594" value="ⲣⲉϥ"/>
		<feat xlink:href="#sSpan597" value="ϩⲓⲟⲩⲉ"/>
		<feat xlink:href="#sSpan665" value="ϫⲓ"/>
		<feat xlink:href="#sSpan668" value="ⲥⲙⲏ"/>
		<feat xlink:href="#sSpan709" value="ϫⲓ"/>
		<feat xlink:href="#sSpan711" value="ⲕⲃⲁ"/></featList></paula>