<?xml version='1.0' encoding='UTF-8'?><!DOCTYPE paula SYSTEM "paula_feat.dtd">
<paula version="1.1">
	<header paula_id="scriptorium.01_Genesis_04.mark_text"/>
	<featList xmlns:xlink="http://www.w3.org/1999/xlink" type="text" xml:base="scriptorium.01_Genesis_04.mark.xml">
		<feat xlink:href="#sSpan2" value="ⲁⲇⲁⲙ"/>
		<feat xlink:href="#sSpan12" value="ⲉⲩϩⲁ"/>
		<feat xlink:href="#sSpan14" value="ⲧⲉϥ ⲥϩⲓⲙⲉ"/>
		<feat xlink:href="#sSpan26" value="ⲛ ⲕⲁⲓⲛ"/>
		<feat xlink:href="#sSpan40" value="ⲟⲩ ⲣⲱⲙⲉ"/>
		<feat xlink:href="#sSpan47" value="ⲡ ⲛⲟⲩⲧⲉ"/>
		<feat xlink:href="#sSpan50" value="ⲁ"/>
		<feat xlink:href="#sSpan62" value="ϫⲡⲟ ⲙ ⲡⲉϥ ⲥⲟⲛ ⲁⲃⲉⲗ"/>
		<feat xlink:href="#sSpan66" value="ⲡⲉϥ ⲥⲟⲛ ⲁⲃⲉⲗ"/>
		<feat xlink:href="#sSpan73" value="ⲁⲃⲉⲗ"/>
		<feat xlink:href="#sSpan79" value="ϣⲱⲥ ⲛ ⲛ ⲉⲥⲟⲟⲩ"/>
		<feat xlink:href="#sSpan83" value="ⲛ ⲉⲥⲟⲟⲩ"/>
		<feat xlink:href="#sSpan86" value="ⲕⲁⲓⲛ"/>
		<feat xlink:href="#sSpan99" value="ⲡ ⲕⲁϩ"/>
		<feat xlink:href="#sSpan104" value="ⲁ"/>
		<feat xlink:href="#sSpan112" value="ϩⲉⲛ ϩⲟⲟⲩ"/>
		<feat xlink:href="#sSpan117" value="ⲕⲁⲓⲛ"/>
		<feat xlink:href="#sSpan124" value="ⲟⲩ ⲑⲩⲥⲓⲁ ⲙ ⲡ ⲛⲟⲩⲧⲉ"/>
		<feat xlink:href="#sSpan129" value="ⲡ ⲛⲟⲩⲧⲉ"/>
		<feat xlink:href="#sSpan137" value="ⲛ ⲕⲁⲣⲡⲟⲥ ⲙ ⲡ ⲕⲁϩ"/>
		<feat xlink:href="#sSpan142" value="ⲡ ⲕⲁϩ"/>
		<feat xlink:href="#sSpan145" value="ⲁ"/>
		<feat xlink:href="#sSpan149" value="ⲁⲃⲉⲗ ϩⲱⲱ ϥ"/>
		<feat xlink:href="#sSpan161" value="ⲛ ϣⲣⲡⲙⲙⲓⲥⲉ ⲛ ⲛⲉϥ ⲉⲥⲟⲩ"/>
		<feat xlink:href="#sSpan168" value="ⲛⲉϥ ⲉⲥⲟⲩ"/>
		<feat xlink:href="#sSpan181" value="ⲡ ⲛⲟⲩⲧⲉ"/>
		<feat xlink:href="#sSpan189" value="ⲁⲃⲉⲗ"/>
		<feat xlink:href="#sSpan193" value="ⲛⲉϥ ⲇⲱⲣⲟⲛ"/>
		<feat xlink:href="#sSpan210" value="ⲡ ϫⲟⲉⲓⲥ ⲡ ⲛⲟⲩⲧⲉ"/>
		<feat xlink:href="#sSpan227" value="ⲟⲩⲟⲛ ⲛⲓⲙ ⲉⲧ ⲛⲁ ϩⲱⲧⲃ ⲛ ⲕⲁⲓⲛ"/>
		<feat xlink:href="#sSpan237" value="ⲕⲁⲓⲛ"/>
		<feat xlink:href="#sSpan248" value="ⲥⲁϣϥ ⲛ ϫⲓⲕⲃⲁ"/>
		<feat xlink:href="#sSpan257" value="ⲡ ϫⲟⲉⲓⲥ ⲡ ⲛⲟⲩⲧⲉ"/>
		<feat xlink:href="#sSpan267" value="ⲟⲩ ⲙⲁⲉⲓⲛ"/>
		<feat xlink:href="#sSpan272" value="ⲕⲁⲓⲛ"/>
		<feat xlink:href="#sSpan279" value="ⲟⲩⲟⲛ ⲛⲓⲙ ⲉⲧ ⲛⲁ ϩⲉ ⲉⲣⲟ ϥ"/>
		<feat xlink:href="#sSpan297" value="ⲕⲁⲉⲓⲛ"/>
		<feat xlink:href="#sSpan309" value="ⲡ ϩⲟ ⲙ ⲡ ⲛⲟⲩⲧⲉ"/>
		<feat xlink:href="#sSpan314" value="ⲡ ⲛⲟⲩⲧⲉ"/>
		<feat xlink:href="#sSpan323" value="ⲡ ⲕⲁϩ"/>
		<feat xlink:href="#sSpan330" value="ⲡ ⲙⲧⲟ ⲉⲃⲟⲗ ⲛ ⲉⲇⲉⲙ"/>
		<feat xlink:href="#sSpan337" value="ⲉⲇⲉⲙ"/>
		<feat xlink:href="#sSpan339" value="ⲁ"/>
		<feat xlink:href="#sSpan343" value="ⲕⲁⲉⲓⲛ"/>
		<feat xlink:href="#sSpan349" value="ⲧⲉϥ ⲥϩⲓⲙⲉ"/>
		<feat xlink:href="#sSpan362" value="ⲉⲛⲱⲭ"/>
		<feat xlink:href="#sSpan372" value="ⲟⲩ ⲡⲟⲗⲓⲥ"/>
		<feat xlink:href="#sSpan381" value="ⲣⲙ"/>
		<feat xlink:href="#sSpan383" value="ⲡ ⲣⲁⲛ ⲛ ⲧ ⲡⲟⲗⲓⲥ"/>
		<feat xlink:href="#sSpan388" value="ⲧ ⲡⲟⲗⲓⲥ"/>
		<feat xlink:href="#sSpan393" value="ⲡ ⲣⲁⲛ ⲙ ⲡⲉϥ ϣⲏⲣⲉ ⲉⲛⲱⲭ"/>
		<feat xlink:href="#sSpan398" value="ⲡⲉϥ ϣⲏⲣⲉ ⲉⲛⲱⲭ"/>
		<feat xlink:href="#sSpan403" value="ⲁ"/>
		<feat xlink:href="#sSpan413" value="ⲉⲛⲱⲭ"/>
		<feat xlink:href="#sSpan419" value="ⲅⲁⲓⲇⲁⲇ"/>
		<feat xlink:href="#sSpan430" value="ⲙⲁⲓⲏⲗ"/>
		<feat xlink:href="#sSpan451" value="ⲁⲗⲁⲙⲁⲭ"/>
		<feat xlink:href="#sSpan462" value="ⲥϩⲓⲙⲉ ⲥⲛⲧⲉ ⲡ ⲣⲁⲛ ⲛ ⲟⲩⲉⲓ ⲙⲙⲟ ⲟⲩ ⲡⲉ ⲁⲇⲇⲁ ⲁⲩⲱ ⲡ ⲣⲁⲛ ⲛ ⲧ ⲙⲉϩⲥⲛⲧⲉ"/>
		<feat xlink:href="#sSpan471" value="ⲟⲩⲉⲓ ⲙⲙⲟ ⲟⲩ"/>
		<feat xlink:href="#sSpan478" value="ⲁⲇⲇⲁ"/>
		<feat xlink:href="#sSpan488" value="ⲧ ⲙⲉϩⲥⲛⲧⲉ"/>
		<feat xlink:href="#sSpan495" value="ⲥⲗⲗⲁ"/>
		<feat xlink:href="#sSpan505" value="ⲛⲓⲱⲃⲏⲗ"/>
		<feat xlink:href="#sSpan508" value="ⲡⲁⲓ"/>
		<feat xlink:href="#sSpan521" value="ⲛ ⲉⲧ ⲟⲩⲏϩ ϩⲛ ⲛⲉ ⲥⲕⲩⲛⲏ ⲛ ⲣⲉϥ"/>
		<feat xlink:href="#sSpan527" value="ⲛⲉ ⲥⲕⲩⲛⲏ ⲛ ⲣⲉϥ"/>
		<feat xlink:href="#sSpan532" value="ⲣⲉϥ"/>
		<feat xlink:href="#sSpan539" value="ⲡ ⲣⲁⲛ ⲙ ⲡⲉϥ ⲥⲟⲛ"/>
		<feat xlink:href="#sSpan544" value="ⲡⲉϥ ⲥⲟⲛ"/>
		<feat xlink:href="#sSpan549" value="ⲓⲱⲃⲁⲗ"/>
		<feat xlink:href="#sSpan552" value="ⲡⲁⲓ"/>
		<feat xlink:href="#sSpan555" value="ⲡ"/>
		<feat xlink:href="#sSpan564" value="ϭⲓⲑⲁⲣⲁ"/>
		<feat xlink:href="#sSpan589" value="ϩⲁⲙⲕⲗⲗⲉ ⲡⲉ ⲛ ⲣⲉϥϩⲓⲟⲩⲉ ⲙ ⲡ ϩⲁⲧⲏⲣ ⲙ ⲡ ϩⲟⲙⲛⲧ ⲙⲛ ⲡ ⲡⲉⲛⲓⲡⲉ ⲧ ⲥⲱⲛⲉ ⲇⲉ ⲛⲑⲱⲃⲉⲗ"/>
		<feat xlink:href="#sSpan596" value="ⲣⲉϥϩⲓⲟⲩⲉ ⲙ ⲡ ϩⲁⲧⲏⲣ ⲙ ⲡ ϩⲟⲙⲛⲧ ⲙⲛ ⲡ ⲡⲉⲛⲓⲡⲉ ⲧ ⲥⲱⲛⲉ ⲇⲉ ⲛⲑⲱⲃⲉⲗ"/>
		<feat xlink:href="#sSpan601" value="ⲡ ϩⲁⲧⲏⲣ ⲙ ⲡ ϩⲟⲙⲛⲧ"/>
		<feat xlink:href="#sSpan606" value="ⲡ ϩⲟⲙⲛⲧ"/>
		<feat xlink:href="#sSpan611" value="ⲡ ⲡⲉⲛⲓⲡⲉ ⲧ ⲥⲱⲛⲉ ⲇⲉ ⲛⲑⲱⲃⲉⲗ"/>
		<feat xlink:href="#sSpan614" value="ⲧ ⲥⲱⲛⲉ"/>
		<feat xlink:href="#sSpan624" value="ⲛⲟⲉⲙ"/>
		<feat xlink:href="#sSpan625" value="ⲛⲟⲉⲙ ⲙⲁ"/>
		<feat xlink:href="#sSpan630" value="ⲡⲉϫⲁ ϥ ⲇⲉ ⲛϭⲓ ⲗⲁⲙⲉⲭ ⲛ ⲛⲉϥ ϩⲓⲟⲙⲉ ϫⲉ ⲁ ⲧⲇⲁ ⲙⲛ ⲥⲗⲗⲁ ⲥⲱⲧⲙ ⲉ ⲡⲁ ϩⲣⲟⲟⲩ"/>
		<feat xlink:href="#sSpan638" value="ⲗⲁⲙⲉⲭ ⲛ ⲛⲉϥ ϩⲓⲟⲙⲉ"/>
		<feat xlink:href="#sSpan642" value="ⲛⲉϥ ϩⲓⲟⲙⲉ"/>
		<feat xlink:href="#sSpan651" value="ⲥⲗⲗⲁ"/>
		<feat xlink:href="#sSpan657" value="ⲡⲁ ϩⲣⲟⲟⲩ"/>
		<feat xlink:href="#sSpan661" value="ⲛⲉ ϩⲓⲟⲙⲉ ⲛⲗⲁⲙⲉⲭ"/>
		<feat xlink:href="#sSpan672" value="ⲛⲁ ϣⲁϫⲉ"/>
		<feat xlink:href="#sSpan682" value="ⲟⲩ ⲣⲱⲙⲉ ⲉ ⲩ ⲥⲁϣ ⲛⲁⲓ ⲁⲩⲱ ⲟⲩ ϩⲉⲣϣⲓⲣⲉ ⲉ ⲩ ⲉⲗⲉⲗⲕⲏⲙⲉ ⲛⲁ ⲓ"/>
		<feat xlink:href="#sSpan688" value="ⲥⲁϣ"/>
		<feat xlink:href="#sSpan700" value="ⲉⲗⲉⲗⲕⲏⲙⲉ ⲛⲁ ⲓ"/>
		<feat xlink:href="#sSpan715" value="ⲥⲁϣϥ ⲛ ⲥⲟⲡ"/>
		<feat xlink:href="#sSpan725" value="ⲕⲁⲓⲛ"/>
		<feat xlink:href="#sSpan733" value="ⲗⲁⲙⲉⲭ ⲥⲁϣϥ ⲛ ϣⲃⲉ"/>
		<feat xlink:href="#sSpan734" value="ⲗⲁⲙⲉⲭ ⲥⲁϣϥ ⲛ ϣⲃⲉ ⲛ ⲥⲟⲡ"/>
		<feat xlink:href="#sSpan744" value="ⲁⲇⲁⲙ"/>
		<feat xlink:href="#sSpan754" value="ⲉⲩϩⲁ"/>
		<feat xlink:href="#sSpan756" value="ⲧⲉϥ ⲥϩⲓⲙⲉ"/>
		<feat xlink:href="#sSpan770" value="ⲟⲩ ϣⲏⲣⲉ"/>
		<feat xlink:href="#sSpan779" value="ⲡⲉϥ ⲣⲁⲛ"/>
		<feat xlink:href="#sSpan784" value="ⲥⲏⲑ"/>
		<feat xlink:href="#sSpan796" value="ⲡ ⲛⲟⲩⲧⲉ"/>
		<feat xlink:href="#sSpan803" value="ⲕⲉ ⲥⲡⲉⲣⲙⲁ"/>
		<feat xlink:href="#sSpan812" value="ⲡ ⲙⲁ ⲛ ⲁⲃⲉⲗ ⲡ ⲉⲛⲧ ⲁ ⲕⲁⲓⲛ ϩⲟⲧⲃⲉ ϥ"/>
		<feat xlink:href="#sSpan817" value="ⲁⲃⲉⲗ"/>
		<feat xlink:href="#sSpan823" value="ⲕⲁⲓⲛ"/>
		<feat xlink:href="#sSpan828" value="ⲁ"/>
		<feat xlink:href="#sSpan833" value="ϫⲡⲟ ⲇⲉ ⲛ ⲟⲩ ϣⲏⲣⲉ ⲛⲥⲏⲑ"/>
		<feat xlink:href="#sSpan839" value="ⲟⲩ ϣⲏⲣⲉ ⲛⲥⲏⲑ"/>
		<feat xlink:href="#sSpan850" value="ⲡⲉϥ ⲣⲁⲛ"/>
		<feat xlink:href="#sSpan856" value="ⲡⲁⲓ"/>
		<feat xlink:href="#sSpan868" value="ⲡ ⲣⲁⲛ ⲙ ⲡ ϫⲟⲉⲓⲥ ⲡ ⲛⲟⲩⲧⲉ"/>
		<feat xlink:href="#sSpan873" value="ⲡ ϫⲟⲉⲓⲥ ⲡ ⲛⲟⲩⲧⲉ"/></featList></paula>