<?xml version='1.0' encoding='UTF-8'?><!DOCTYPE paula SYSTEM "paula_feat.dtd">
<paula version="1.1">
	<header paula_id="scriptorium.01_Genesis_04.mark_orig_group"/>
	<featList xmlns:xlink="http://www.w3.org/1999/xlink" type="orig_group" xml:base="scriptorium.01_Genesis_04.mark.xml">
		<feat xlink:href="#sSpan3" value="ⲁⲇⲁⲙ"/>
		<feat xlink:href="#sSpan6" value="ⲇⲉ"/>
		<feat xlink:href="#sSpan8" value="ⲁϥⲥⲟⲩⲛⲉⲩϩⲁ"/>
		<feat xlink:href="#sSpan15" value="ⲧⲉϥⲥϩⲓⲙⲉ"/>
		<feat xlink:href="#sSpan18" value="ⲁⲥⲱⲱ"/>
		<feat xlink:href="#sSpan22" value="ⲁⲥϫⲡⲟ"/>
		<feat xlink:href="#sSpan27" value="ⲛ̄ⲕⲁⲓ̈ⲛ"/>
		<feat xlink:href="#sSpan30" value="ⲡⲉϫⲁⲥ"/>
		<feat xlink:href="#sSpan33" value="ϫⲉⲁⲓ̈ϫⲡⲟ"/>
		<feat xlink:href="#sSpan38" value="ⲛ̄ⲟⲩⲣⲱⲙⲉ"/>
		<feat xlink:href="#sSpan43" value="ⲉⲃⲟⲗ"/>
		<feat xlink:href="#sSpan45" value="ϩⲓⲧ︤ⲙ︥ⲡⲛⲟⲩⲧⲉ"/>
		<feat xlink:href="#sSpan51" value="ⲁⲥⲟⲩⲱϩ"/>
		<feat xlink:href="#sSpan57" value="ⲉⲧⲟⲟⲧ︤ⲥ︥"/>
		<feat xlink:href="#sSpan60" value="ⲉϫⲡⲟ"/>
		<feat xlink:href="#sSpan64" value="ⲙ̄ⲡⲉϥⲥⲟⲛ"/>
		<feat xlink:href="#sSpan69" value="ⲁⲃⲉⲗ"/>
		<feat xlink:href="#sSpan71" value="ⲁⲁⲃⲉⲗ"/>
		<feat xlink:href="#sSpan75" value="ϣⲱⲡⲉ"/>
		<feat xlink:href="#sSpan77" value="ⲛ̄ϣⲱⲥ"/>
		<feat xlink:href="#sSpan81" value="ⲛ̄ⲛⲉⲥⲟⲟⲩ"/>
		<feat xlink:href="#sSpan87" value="ⲕⲁⲓ̈ⲛ"/>
		<feat xlink:href="#sSpan89" value="ⲇⲉ"/>
		<feat xlink:href="#sSpan91" value="ⲛⲉϥⲣ̄ϩⲱⲃ"/>
		<feat xlink:href="#sSpan97" value="ⲉⲡⲕⲁϩ"/>
		<feat xlink:href="#sSpan102" value="ⲡⲉ"/>
		<feat xlink:href="#sSpan105" value="ⲁⲥϣⲱⲡⲉ"/>
		<feat xlink:href="#sSpan110" value="ⲙ︤ⲛ︥ⲛ̄ⲥⲁϩⲉⲛϩⲟⲟⲩ"/>
		<feat xlink:href="#sSpan115" value="ⲁⲕⲁⲓ̈ⲛ"/>
		<feat xlink:href="#sSpan119" value="ⲉⲓⲛⲉ"/>
		<feat xlink:href="#sSpan122" value="ⲛ̄ⲟⲩⲑⲩⲥⲓⲁ"/>
		<feat xlink:href="#sSpan127" value="ⲙ̄ⲡⲛⲟⲩⲧⲉ"/>
		<feat xlink:href="#sSpan132" value="ⲉⲃⲟⲗ"/>
		<feat xlink:href="#sSpan135" value="ϩ︤ⲛ︥ⲛ̄ⲕⲁⲣⲡⲟⲥ"/>
		<feat xlink:href="#sSpan140" value="ⲙ̄ⲡⲕⲁϩ"/>
		<feat xlink:href="#sSpan146" value="ⲁⲁⲃⲉⲗ"/>
		<feat xlink:href="#sSpan151" value="ϩⲱⲱϥ"/>
		<feat xlink:href="#sSpan154" value="ⲉⲓⲛⲉ"/>
		<feat xlink:href="#sSpan157" value="ⲉⲃⲟⲗ"/>
		<feat xlink:href="#sSpan159" value="ϩ︤ⲛ︥ⲛϣ︤ⲣ︦ⲡ︥ⲙ̄ⲙⲓⲥⲉ"/>
		<feat xlink:href="#sSpan166" value="ⲛ̄ⲛⲉϥⲉⲥⲟⲩ"/>
		<feat xlink:href="#sSpan171" value="ⲁⲩⲱ"/>
		<feat xlink:href="#sSpan173" value="ⲉⲃⲟⲗ"/>
		<feat xlink:href="#sSpan176" value="ϩ︤ⲛ︥ⲛⲉⲩⲱⲧ"/>
		<feat xlink:href="#sSpan179" value="ⲁⲡⲛⲟⲩⲧⲉ"/>
		<feat xlink:href="#sSpan185" value="ϭⲱϣⲧ"/>
		<feat xlink:href="#sSpan187" value="ⲉϫⲛⲁⲃⲉⲗ"/>
		<feat xlink:href="#sSpan191" value="ⲙⲛⲛⲉϥⲇⲱⲣⲟⲛ"/>
		<feat xlink:href="#sSpan196" value="ϥⲛⲁϩⲟⲧⲃⲉⲧ"/>
		<feat xlink:href="#sSpan201" value="ⲡⲉϫⲁϥ"/>
		<feat xlink:href="#sSpan205" value="ⲛⲁϥ"/>
		<feat xlink:href="#sSpan208" value="ⲛ̄ϭⲓⲡϫⲟⲉⲓⲥ"/>
		<feat xlink:href="#sSpan213" value="ⲡⲛⲟⲩⲧⲉ"/>
		<feat xlink:href="#sSpan216" value="ϫⲉⲛ̄ⲛⲉⲥϣⲱⲡⲉ"/>
		<feat xlink:href="#sSpan221" value="ⲛ̄ⲧⲉⲓϩⲉ"/>
		<feat xlink:href="#sSpan225" value="ⲟⲩⲟⲛ"/>
		<feat xlink:href="#sSpan229" value="ⲛⲓⲙ"/>
		<feat xlink:href="#sSpan231" value="ⲉⲧⲛⲁϩⲱⲧ︤ⲃ︥"/>
		<feat xlink:href="#sSpan235" value="ⲛ̄ⲕⲁⲓ̈ⲛ"/>
		<feat xlink:href="#sSpan239" value="ϥⲛⲁⲃⲱⲗ"/>
		<feat xlink:href="#sSpan244" value="ⲉⲃⲟⲗ"/>
		<feat xlink:href="#sSpan246" value="ⲛ̄ⲥⲁϣ︤ϥ︥"/>
		<feat xlink:href="#sSpan250" value="ⲛ̄ϫⲓⲕⲃⲁ"/>
		<feat xlink:href="#sSpan255" value="ⲁⲡϫⲟⲉⲓⲥ"/>
		<feat xlink:href="#sSpan260" value="ⲡⲛⲟⲩⲧⲉ"/>
		<feat xlink:href="#sSpan263" value="ⲕⲱ"/>
		<feat xlink:href="#sSpan265" value="ⲛ̄ⲟⲩⲙⲁⲉⲓⲛ"/>
		<feat xlink:href="#sSpan270" value="ⲉϫ︤ⲛ︥ⲕⲁⲓ̈ⲛ"/>
		<feat xlink:href="#sSpan274" value="ⲉⲧ︤ⲙ︥ⲧⲣⲉ"/>
		<feat xlink:href="#sSpan277" value="ⲟⲩⲟⲛ"/>
		<feat xlink:href="#sSpan281" value="ⲛⲓⲙ"/>
		<feat xlink:href="#sSpan283" value="ⲉⲧⲛⲁϩⲉ"/>
		<feat xlink:href="#sSpan288" value="ⲉⲣⲟϥ"/>
		<feat xlink:href="#sSpan291" value="ϩⲟⲧⲃⲉϥ"/>
		<feat xlink:href="#sSpan294" value="ⲁⲕⲁⲉⲓⲛ"/>
		<feat xlink:href="#sSpan299" value="ⲇⲉ"/>
		<feat xlink:href="#sSpan301" value="ⲉⲓ"/>
		<feat xlink:href="#sSpan304" value="ⲉⲃⲟⲗ"/>
		<feat xlink:href="#sSpan306" value="ⲛⲁϩⲣ︤ⲙ︥"/>
		<feat xlink:href="#sSpan308" value="ⲡϩⲟ"/>
		<feat xlink:href="#sSpan312" value="ⲙ̄ⲡⲛⲟⲩⲧⲉ"/>
		<feat xlink:href="#sSpan317" value="ⲁϥⲟⲩⲱϩ"/>
		<feat xlink:href="#sSpan321" value="ϩ︤ⲙ︥ⲡⲕⲁϩ"/>
		<feat xlink:href="#sSpan326" value="ⲛⲁⲉⲓⲇ"/>
		<feat xlink:href="#sSpan328" value="ⲙ̄ⲡⲙ̄ⲧⲟ"/>
		<feat xlink:href="#sSpan333" value="ⲉⲃⲟⲗ"/>
		<feat xlink:href="#sSpan335" value="ⲛ̄ⲉⲇⲉⲙ"/>
		<feat xlink:href="#sSpan340" value="ⲁⲕⲁⲉⲓⲛ"/>
		<feat xlink:href="#sSpan345" value="ⲇⲉ"/>
		<feat xlink:href="#sSpan347" value="ⲥⲟⲩⲛⲧⲉϥⲥϩⲓⲙⲉ"/>
		<feat xlink:href="#sSpan352" value="ⲁⲥⲱⲱ"/>
		<feat xlink:href="#sSpan356" value="ⲁⲥϫⲡⲟ"/>
		<feat xlink:href="#sSpan360" value="ⲛ̄ⲉⲛⲱⲭ"/>
		<feat xlink:href="#sSpan364" value="ⲛⲉϥⲕⲱⲧ"/>
		<feat xlink:href="#sSpan368" value="ⲇⲉ"/>
		<feat xlink:href="#sSpan370" value="ⲛ̄ⲟⲩⲡⲟⲗⲓⲥ"/>
		<feat xlink:href="#sSpan375" value="ⲁⲩⲱ"/>
		<feat xlink:href="#sSpan377" value="ⲁϥϯⲣ︤ⲙ︥ⲡⲣⲁⲛ"/>
		<feat xlink:href="#sSpan386" value="ⲛ̄ⲧⲡⲟⲗⲓⲥ"/>
		<feat xlink:href="#sSpan391" value="ⲉⲡⲣⲁⲛ"/>
		<feat xlink:href="#sSpan396" value="ⲙ̄ⲡⲉϥϣⲏⲣⲉ"/>
		<feat xlink:href="#sSpan401" value="ⲉⲛⲱⲭ"/>
		<feat xlink:href="#sSpan404" value="ⲁⲩϫⲡⲟ"/>
		<feat xlink:href="#sSpan409" value="ⲇⲉ"/>
		<feat xlink:href="#sSpan411" value="ⲛ̄ⲉⲛⲱⲭ"/>
		<feat xlink:href="#sSpan415" value="ⲛ̄ⲅⲁⲓⲇⲁⲇ"/>
		<feat xlink:href="#sSpan420" value="ⲅⲁⲓⲇⲁⲇ"/>
		<feat xlink:href="#sSpan422" value="ⲇⲉ"/>
		<feat xlink:href="#sSpan424" value="ⲁϥϫⲡⲟ"/>
		<feat xlink:href="#sSpan428" value="ⲙ̄ⲙⲁⲓ̈ⲏⲗ"/>
		<feat xlink:href="#sSpan431" value="ⲙⲁⲓ̈ⲏⲗ"/>
		<feat xlink:href="#sSpan433" value="ⲇⲉ"/>
		<feat xlink:href="#sSpan435" value="ⲁϥϫⲡⲟ"/>
		<feat xlink:href="#sSpan439" value="ⲙ̄ⲙⲁⲑⲟⲩⲥⲁⲗⲁ"/>
		<feat xlink:href="#sSpan441" value="ⲙⲁⲑⲟⲩⲥⲁⲗⲁ"/>
		<feat xlink:href="#sSpan443" value="ⲇⲉ"/>
		<feat xlink:href="#sSpan445" value="ⲁϥϫⲡⲟ"/>
		<feat xlink:href="#sSpan449" value="ⲛ̄ⲗⲁⲙⲉⲭ"/>
		<feat xlink:href="#sSpan452" value="ⲁⲗⲁⲙⲁⲭ"/>
		<feat xlink:href="#sSpan455" value="ϫⲓ"/>
		<feat xlink:href="#sSpan457" value="ⲛⲁϥ"/>
		<feat xlink:href="#sSpan460" value="ⲛ̄ⲥϩⲓⲙⲉ"/>
		<feat xlink:href="#sSpan464" value="ⲥ︤ⲛ︥ⲧⲉ"/>
		<feat xlink:href="#sSpan466" value="ⲡⲣⲁⲛ"/>
		<feat xlink:href="#sSpan469" value="ⲛ̄ⲟⲩⲉⲓ"/>
		<feat xlink:href="#sSpan473" value="ⲙ̄ⲙⲟⲟⲩ"/>
		<feat xlink:href="#sSpan476" value="ⲡⲉ"/>
		<feat xlink:href="#sSpan479" value="ⲁⲇⲇⲁ"/>
		<feat xlink:href="#sSpan481" value="ⲁⲩⲱ"/>
		<feat xlink:href="#sSpan483" value="ⲡⲣⲁⲛ"/>
		<feat xlink:href="#sSpan486" value="ⲛ̄ⲧⲙⲉϩⲥ︤ⲛ︥ⲧⲉ"/>
		<feat xlink:href="#sSpan493" value="ⲡⲉ"/>
		<feat xlink:href="#sSpan496" value="ⲥⲗⲗⲁ"/>
		<feat xlink:href="#sSpan498" value="ⲁⲁⲇⲇⲁ"/>
		<feat xlink:href="#sSpan501" value="ⲇⲉ"/>
		<feat xlink:href="#sSpan503" value="ϫⲡⲟ"/>
		<feat xlink:href="#sSpan506" value="ⲛ̄ⲓ̈ⲱⲃⲏⲗ"/>
		<feat xlink:href="#sSpan509" value="ⲡⲁⲓ̈"/>
		<feat xlink:href="#sSpan511" value="ⲉⲛⲉϥⲟ"/>
		<feat xlink:href="#sSpan516" value="ⲛ̄ⲉⲓⲱⲧ"/>
		<feat xlink:href="#sSpan519" value="ⲛ̄ⲛⲉⲧⲟⲩⲏϩ"/>
		<feat xlink:href="#sSpan525" value="ϩ︤ⲛ︥ⲛⲉⲥⲕⲩⲛⲏ"/>
		<feat xlink:href="#sSpan530" value="ⲛ̄ⲣⲉϥⲥⲁⲁⲛϣⲧ︤ⲃ︥ⲛⲏ"/>
		<feat xlink:href="#sSpan535" value="ⲁⲩⲱ"/>
		<feat xlink:href="#sSpan538" value="ⲡⲣⲁⲛ"/>
		<feat xlink:href="#sSpan542" value="ⲙ̄ⲡⲉϥⲥⲟⲛ"/>
		<feat xlink:href="#sSpan547" value="ⲡⲉ"/>
		<feat xlink:href="#sSpan550" value="ⲓ̈ⲱⲃⲁⲗ"/>
		<feat xlink:href="#sSpan553" value="ⲡⲁⲓ̈"/>
		<feat xlink:href="#sSpan556" value="ⲡⲉⲛⲧⲁϥⲧⲁⲙⲓⲉⲯⲁⲗⲧⲏⲣⲓⲟⲛ"/>
		<feat xlink:href="#sSpan562" value="ϩⲓϭⲓⲑⲁⲣⲁ"/>
		<feat xlink:href="#sSpan566" value="ⲥⲗⲗⲁ"/>
		<feat xlink:href="#sSpan569" value="ⲇⲉ"/>
		<feat xlink:href="#sSpan571" value="ϩⲱⲱⲥ"/>
		<feat xlink:href="#sSpan574" value="ⲁⲥϫⲡⲟ"/>
		<feat xlink:href="#sSpan578" value="ⲛ̄ⲑⲱⲃⲉⲗ"/>
		<feat xlink:href="#sSpan580" value="ⲁⲩⲱ"/>
		<feat xlink:href="#sSpan582" value="ⲛⲉϥⲟ"/>
		<feat xlink:href="#sSpan587" value="ⲛ̄ϩⲁⲙⲕⲗⲗⲉ"/>
		<feat xlink:href="#sSpan591" value="ⲡⲉ"/>
		<feat xlink:href="#sSpan593" value="ⲛⲣⲉϥϩⲓⲟⲩⲉ"/>
		<feat xlink:href="#sSpan599" value="ⲙ̄ⲡϩⲁⲧⲏⲣ"/>
		<feat xlink:href="#sSpan604" value="ⲙ̄ⲡϩⲟⲙ︤ⲧ︥"/>
		<feat xlink:href="#sSpan609" value="ⲙ︤ⲛ︥ⲡⲡⲉⲛⲓⲡⲉ"/>
		<feat xlink:href="#sSpan615" value="ⲧⲥⲱⲛⲉ"/>
		<feat xlink:href="#sSpan618" value="ⲇⲉ"/>
		<feat xlink:href="#sSpan620" value="ⲛ̄ⲑⲱⲃⲉⲗ"/>
		<feat xlink:href="#sSpan622" value="ⲡⲉ"/>
		<feat xlink:href="#sSpan626" value="ⲛⲟⲉⲙⲙⲁ"/>
		<feat xlink:href="#sSpan629" value="ⲡⲉϫⲁϥ"/>
		<feat xlink:href="#sSpan634" value="ⲇⲉ"/>
		<feat xlink:href="#sSpan636" value="ⲛ̄ϭⲓⲗⲁⲙⲉⲭ"/>
		<feat xlink:href="#sSpan640" value="ⲛ̄ⲛⲉϥϩⲓⲟⲙⲉ"/>
		<feat xlink:href="#sSpan645" value="ϫⲉⲁⲧⲇⲁ"/>
		<feat xlink:href="#sSpan649" value="ⲙ︤ⲛ︥ⲥⲗⲗⲁ"/>
		<feat xlink:href="#sSpan653" value="ⲥⲱⲧ︤ⲙ︥"/>
		<feat xlink:href="#sSpan655" value="ⲉⲡⲁϩⲣⲟⲟⲩ"/>
		<feat xlink:href="#sSpan660" value="ⲛⲉϩⲓⲟⲙⲉ"/>
		<feat xlink:href="#sSpan664" value="ⲛⲗⲁⲙⲉⲭ"/>
		<feat xlink:href="#sSpan667" value="ϫⲓⲥⲙⲏ"/>
		<feat xlink:href="#sSpan670" value="ⲉⲛⲁϣⲁϫⲉ"/>
		<feat xlink:href="#sSpan675" value="ϫⲉⲁⲓ̈ⲙⲟⲩⲟⲩⲧ"/>
		<feat xlink:href="#sSpan680" value="ⲛ̄ⲟⲩⲣⲱⲙⲉ"/>
		<feat xlink:href="#sSpan685" value="ⲉⲩⲥⲁϣ"/>
		<feat xlink:href="#sSpan690" value="ⲛⲁⲓ̈"/>
		<feat xlink:href="#sSpan692" value="ⲁⲩⲱ"/>
		<feat xlink:href="#sSpan694" value="ⲟⲩϩⲉⲣϣⲓⲣⲉ"/>
		<feat xlink:href="#sSpan697" value="ⲉⲩⲉⲗⲉⲗⲕⲏⲙⲉ"/>
		<feat xlink:href="#sSpan702" value="ⲛⲁⲓ̈"/>
		<feat xlink:href="#sSpan705" value="ϫⲉⲁⲩϫⲓⲕⲃⲁ"/>
		<feat xlink:href="#sSpan713" value="ⲛ̄ⲥⲁϣ︤ϥ︥"/>
		<feat xlink:href="#sSpan717" value="ⲛ̄ⲥⲟⲡ"/>
		<feat xlink:href="#sSpan720" value="ⲉⲃⲟⲗ"/>
		<feat xlink:href="#sSpan723" value="ϩ︤ⲛ︥ⲕⲁⲓ̈ⲛ"/>
		<feat xlink:href="#sSpan727" value="ⲉⲃⲟⲗ"/>
		<feat xlink:href="#sSpan729" value="ⲇⲉ"/>
		<feat xlink:href="#sSpan731" value="ϩ︤ⲛ︥ⲗⲁⲙⲉⲭ"/>
		<feat xlink:href="#sSpan736" value="ⲥⲁϣϥ"/>
		<feat xlink:href="#sSpan738" value="ⲛ̄ϣⲃⲉ"/>
		<feat xlink:href="#sSpan741" value="ⲛ̄ⲥⲟⲡ"/>
		<feat xlink:href="#sSpan745" value="ⲁⲇⲁⲙ"/>
		<feat xlink:href="#sSpan748" value="ⲇⲉ"/>
		<feat xlink:href="#sSpan750" value="ⲁϥⲥⲟⲩⲛⲉⲩϩⲁ"/>
		<feat xlink:href="#sSpan757" value="ⲧⲉϥⲥϩⲓⲙⲉ"/>
		<feat xlink:href="#sSpan760" value="ⲁⲥⲱⲱ"/>
		<feat xlink:href="#sSpan764" value="ⲁⲥϫⲡⲟ"/>
		<feat xlink:href="#sSpan768" value="ⲛ̄ⲟⲩϣⲏⲣⲉ"/>
		<feat xlink:href="#sSpan773" value="ⲁⲥⲙⲟⲩⲧⲉ"/>
		<feat xlink:href="#sSpan777" value="ⲉⲡⲉϥⲣⲁⲛ"/>
		<feat xlink:href="#sSpan782" value="ϫⲉⲥⲏⲑ"/>
		<feat xlink:href="#sSpan786" value="ⲉⲥϫⲱ"/>
		<feat xlink:href="#sSpan790" value="ⲙ̄ⲙⲟⲥ"/>
		<feat xlink:href="#sSpan793" value="ϫⲉⲁⲡⲛⲟⲩⲧⲉ"/>
		<feat xlink:href="#sSpan799" value="ⲅⲁⲣ"/>
		<feat xlink:href="#sSpan801" value="ⲧⲟⲩⲛⲉⲥ"/>
		<feat xlink:href="#sSpan804" value="ⲕⲉⲥⲡⲉⲣⲙⲁ"/>
		<feat xlink:href="#sSpan807" value="ⲛⲁⲓ̈"/>
		<feat xlink:href="#sSpan810" value="ⲉⲡⲙⲁ"/>
		<feat xlink:href="#sSpan815" value="ⲛ̄ⲁⲃⲉⲗ"/>
		<feat xlink:href="#sSpan819" value="ⲡⲉⲛⲧⲁⲕⲁⲓ̈ⲛ"/>
		<feat xlink:href="#sSpan825" value="ϩⲟⲧⲃⲉϥ"/>
		<feat xlink:href="#sSpan829" value="ⲁⲩϫⲡⲟ"/>
		<feat xlink:href="#sSpan835" value="ⲇⲉ"/>
		<feat xlink:href="#sSpan837" value="ⲛ̄ⲟⲩϣⲏⲣⲉ"/>
		<feat xlink:href="#sSpan842" value="ⲛ̄ⲥⲏⲑ"/>
		<feat xlink:href="#sSpan844" value="ⲁϥⲙⲟⲩⲧⲉ"/>
		<feat xlink:href="#sSpan848" value="ⲉⲡⲉϥⲣⲁⲛ"/>
		<feat xlink:href="#sSpan853" value="ϫⲉⲉⲛⲱⲥ"/>
		<feat xlink:href="#sSpan857" value="ⲡⲁⲓ̈"/>
		<feat xlink:href="#sSpan859" value="ⲁϥϩⲉⲗⲡⲓⲍⲉ"/>
		<feat xlink:href="#sSpan863" value="ⲉⲉⲡⲓⲕⲁⲗⲉⲓ"/>
		<feat xlink:href="#sSpan866" value="ⲙ̄ⲡⲣⲁⲛ"/>
		<feat xlink:href="#sSpan871" value="ⲙ̄ⲡϫⲟⲉⲓⲥ"/>
		<feat xlink:href="#sSpan876" value="ⲡⲛⲟⲩⲧⲉ"/></featList></paula>