<?xml version='1.0' encoding='UTF-8'?><!DOCTYPE paula SYSTEM "paula_feat.dtd">
<paula version="1.1">
	<header paula_id="scriptorium.01_Genesis_04.mark_translation"/>
	<featList xmlns:xlink="http://www.w3.org/1999/xlink" type="translation" xml:base="scriptorium.01_Genesis_04.mark.xml">
		<feat xlink:href="#sSpan4" value="And Adam knew Eve his wife, and she conceived and brought forth Cain and said, I have gained a man through God."/>
		<feat xlink:href="#sSpan52" value="And she again bore his brother Abel. And Abel was a keeper of sheep, but Cain was a tiller of the ground."/>
		<feat xlink:href="#sSpan106" value="And it was so after some time that Cain brought of the fruits of the earth a sacrifice to the Lord."/>
		<feat xlink:href="#sSpan147" value="And Abel also brought of the first born of his sheep and of his fatlings, and God looked upon Abel and his gifts,"/>
		<feat xlink:href="#sSpan197" value="If thou castest me out this day from the face of the earth, and I shall be hidden from thy presence, and I shall be groaning and trembling upon the earth, then it will be that any one that finds me shall slay me."/>
		<feat xlink:href="#sSpan202" value="And the Lord God said to him, Not so, any one that slays Cain shall suffer seven-fold vengeance; and the Lord God set a mark upon Cain that no one that found him might slay him."/>
		<feat xlink:href="#sSpan295" value="So Cain went forth from the presence of God and dwelt in the land of Nod over against Edem."/>
		<feat xlink:href="#sSpan341" value="And Cain knew his wife, and having conceived she bore Enoch; and he built a city; and he named the city after the name of his son, Enoch."/>
		<feat xlink:href="#sSpan405" value="And to Enoch was born Gaidad; and Gaidad begot Maleleel; and Maleleel begot Mathusala; and Mathusala begot Lamech."/>
		<feat xlink:href="#sSpan453" value="And Lamech took to himself two wives; the name of the one was Ada, and the name of the second Sella."/>
		<feat xlink:href="#sSpan499" value="And Ada bore Jobel; he was the father of those that dwell in tents, feeding cattle."/>
		<feat xlink:href="#sSpan536" value="And the name of his brother was Jubal; he it was who invented the psaltery and harp."/>
		<feat xlink:href="#sSpan567" value="And Sella also bore Thobel; he was a smith, a manufacturer both of brass and iron; and the sister of Thobel was Noema."/>
		<feat xlink:href="#sSpan631" value="And Lamech said to his wives, Ada and Sella, Hear my voice, ye wives of Lamech, consider my words, because I have slain a man to my sorrow and a youth to my grief."/>
		<feat xlink:href="#sSpan706" value="Because vengeance has been exacted seven times on Cain's behalf, on Lamech's seventy times seven."/>
		<feat xlink:href="#sSpan746" value="And Adam knew Eve his wife, and she conceived and bore a son, and called his name Seth, saying, For God has raised up to me another seed instead of Abel, whom Cain slew."/>
		<feat xlink:href="#sSpan830" value="And Seth had a son, and he called his name Enos: he hoped to call on the name of the Lord God."/></featList></paula>