<?xml version='1.0' encoding='UTF-8'?><!DOCTYPE paula SYSTEM "paula_feat.dtd">
<paula version="1.1">
	<header paula_id="scriptorium.01_Genesis_08.mark_norm_group"/>
	<featList xmlns:xlink="http://www.w3.org/1999/xlink" type="norm_group" xml:base="scriptorium.01_Genesis_08.mark.xml">
		<feat xlink:href="#sSpan2" value="ⲁⲩⲱ"/>
		<feat xlink:href="#sSpan5" value="ⲁⲡⲛⲟⲩⲧⲉ"/>
		<feat xlink:href="#sSpan10" value="ⲣⲡⲙⲉⲉⲩⲉ"/>
		<feat xlink:href="#sSpan14" value="ⲛⲛⲱϩⲉ"/>
		<feat xlink:href="#sSpan18" value="ⲙⲛⲛⲉⲑⲏⲣⲓⲟⲛ"/>
		<feat xlink:href="#sSpan23" value="ⲧⲏⲣⲟⲩ"/>
		<feat xlink:href="#sSpan26" value="ⲙⲛⲛⲧⲃⲛⲟⲟⲩⲉ"/>
		<feat xlink:href="#sSpan31" value="ⲙⲛⲛϩⲁⲗⲁⲧⲉ"/>
		<feat xlink:href="#sSpan36" value="ⲙⲛⲛϫⲁⲧⲃⲉ"/>
		<feat xlink:href="#sSpan41" value="ⲉⲛⲉⲩⲛⲙⲙⲁϥ"/>
		<feat xlink:href="#sSpan46" value="ϩⲛⲧⲕⲓⲃⲱⲧⲟⲥ"/>
		<feat xlink:href="#sSpan51" value="ⲁⲡⲛⲟⲩⲧⲉ"/>
		<feat xlink:href="#sSpan56" value="ⲉⲓⲛⲉ"/>
		<feat xlink:href="#sSpan59" value="ⲛⲟⲩⲡⲛⲉⲩⲙⲁ"/>
		<feat xlink:href="#sSpan65" value="ⲉϩⲣⲁⲓ"/>
		<feat xlink:href="#sSpan67" value="ⲉϫⲙⲡⲕⲁϩ"/>
		<feat xlink:href="#sSpan72" value="ⲁⲩⲱ"/>
		<feat xlink:href="#sSpan74" value="ⲁϥⲥⲃⲟⲕ"/>
		<feat xlink:href="#sSpan78" value="ⲛϭⲓⲡⲙⲟⲟⲩ"/>
		<feat xlink:href="#sSpan84" value="ⲁⲩϩⲱⲃⲥ"/>
		<feat xlink:href="#sSpan89" value="ⲛϭⲓⲙⲡⲩⲅⲏ"/>
		<feat xlink:href="#sSpan94" value="ⲙⲡⲛⲟⲩⲛ"/>
		<feat xlink:href="#sSpan99" value="ⲙⲛⲛⲕⲁⲧⲁϩⲣⲁⲕⲧⲏⲥ"/>
		<feat xlink:href="#sSpan104" value="ⲛⲧⲡⲉ"/>
		<feat xlink:href="#sSpan109" value="ⲁⲩⲱ"/>
		<feat xlink:href="#sSpan111" value="ⲁϥϭⲱ"/>
		<feat xlink:href="#sSpan115" value="ⲛϭⲓⲡⲙⲟⲟⲩ"/>
		<feat xlink:href="#sSpan120" value="ⲛϩⲱⲟⲩ"/>
		<feat xlink:href="#sSpan124" value="ⲉⲃⲟⲗ"/>
		<feat xlink:href="#sSpan127" value="ϩⲛⲧⲡⲉ"/>
		<feat xlink:href="#sSpan132" value="ⲁⲩⲱ"/>
		<feat xlink:href="#sSpan135" value="ⲁϥⲥⲃⲟⲕ"/>
		<feat xlink:href="#sSpan139" value="ⲛϭⲓⲡⲙⲟⲟⲩ"/>
		<feat xlink:href="#sSpan144" value="ⲉϥⲙⲟⲟϣⲉ"/>
		<feat xlink:href="#sSpan149" value="ⲉⲃⲟⲗ"/>
		<feat xlink:href="#sSpan151" value="ϩⲓϫⲙⲡⲕⲁϩ"/>
		<feat xlink:href="#sSpan156" value="ⲛⲉϥϣⲱⲱⲧ"/>
		<feat xlink:href="#sSpan160" value="ⲇⲉ"/>
		<feat xlink:href="#sSpan162" value="ⲡⲉ"/>
		<feat xlink:href="#sSpan164" value="ⲁⲩⲱ"/>
		<feat xlink:href="#sSpan166" value="ⲛⲉϥⲥⲃⲟⲕ"/>
		<feat xlink:href="#sSpan170" value="ⲙⲛⲛⲥⲁϣⲉⲧⲁⲓⲟⲩ"/>
		<feat xlink:href="#sSpan174" value="ⲛϩⲟⲟⲩ"/>
		<feat xlink:href="#sSpan178" value="ⲁⲥϩⲙⲟⲟⲥ"/>
		<feat xlink:href="#sSpan183" value="ⲛϭⲓⲧⲕⲓⲃⲱⲧⲟⲥ"/>
		<feat xlink:href="#sSpan188" value="ϩⲙⲡⲙⲉϩⲥⲁϣϥ"/>
		<feat xlink:href="#sSpan195" value="ⲛⲉⲃⲟⲧ"/>
		<feat xlink:href="#sSpan198" value="ⲛⲥⲟⲩϫⲟⲩⲧⲥⲁϣϥ"/>
		<feat xlink:href="#sSpan203" value="ⲛⲉⲃⲟⲧ"/>
		<feat xlink:href="#sSpan206" value="ϩⲓϫⲙⲡⲧⲟⲟⲩ"/>
		<feat xlink:href="#sSpan211" value="ⲛⲁⲣⲁⲣⲁⲧ"/>
		<feat xlink:href="#sSpan214" value="ⲡⲙⲟⲟⲩ"/>
		<feat xlink:href="#sSpan218" value="ⲇⲉ"/>
		<feat xlink:href="#sSpan220" value="ⲛⲉϥⲥⲃⲟⲕ"/>
		<feat xlink:href="#sSpan224" value="ϣⲁϩⲣⲁⲓ"/>
		<feat xlink:href="#sSpan226" value="ⲉⲡⲙⲉϩⲙⲏⲧ"/>
		<feat xlink:href="#sSpan231" value="ⲛⲉⲃⲟⲧ"/>
		<feat xlink:href="#sSpan235" value="ϩⲣⲁⲓ"/>
		<feat xlink:href="#sSpan237" value="ⲇⲉ"/>
		<feat xlink:href="#sSpan239" value="ϩⲙⲡⲙⲉϩⲙⲛⲧⲟⲩⲉ"/>
		<feat xlink:href="#sSpan245" value="ⲛⲉⲃⲟⲧ"/>
		<feat xlink:href="#sSpan248" value="ⲛⲥⲟⲩⲟⲩⲁ"/>
		<feat xlink:href="#sSpan254" value="ⲙⲡⲉⲃⲟⲧ"/>
		<feat xlink:href="#sSpan259" value="ⲁⲩⲟⲩⲱⲛϩ"/>
		<feat xlink:href="#sSpan264" value="ⲉⲃⲟⲗ"/>
		<feat xlink:href="#sSpan266" value="ⲛϭⲓⲛⲁⲡⲏⲩⲉ"/>
		<feat xlink:href="#sSpan271" value="ⲛⲛⲧⲟⲟⲩ"/>
		<feat xlink:href="#sSpan276" value="ⲁⲩⲱ"/>
		<feat xlink:href="#sSpan279" value="ⲁⲥϣⲱⲡⲉ"/>
		<feat xlink:href="#sSpan283" value="ⲙⲛⲛⲥⲁϩⲙⲉ"/>
		<feat xlink:href="#sSpan287" value="ⲛϩⲟⲟⲩ"/>
		<feat xlink:href="#sSpan290" value="ⲙⲛϩⲙⲉ"/>
		<feat xlink:href="#sSpan294" value="ⲛⲟⲩϣⲏ"/>
		<feat xlink:href="#sSpan297" value="ⲁⲛⲱϩⲉ"/>
		<feat xlink:href="#sSpan302" value="ⲟⲩⲱⲛ"/>
		<feat xlink:href="#sSpan304" value="ⲙⲡϣⲟⲩϣⲧ"/>
		<feat xlink:href="#sSpan309" value="ⲛⲧⲕⲓⲃⲱⲧⲟⲥ"/>
		<feat xlink:href="#sSpan315" value="ⲁϥϫⲟⲟⲩ"/>
		<feat xlink:href="#sSpan320" value="ⲉⲃⲟⲗ"/>
		<feat xlink:href="#sSpan322" value="ⲙⲡⲁⲃⲱⲕ"/>
		<feat xlink:href="#sSpan327" value="ⲉⲛⲁⲩ"/>
		<feat xlink:href="#sSpan330" value="ϫⲉⲉⲛⲉⲁϥⲥⲃⲟⲕ"/>
		<feat xlink:href="#sSpan337" value="ⲛϭⲓⲡⲙⲟⲟⲩ"/>
		<feat xlink:href="#sSpan342" value="ⲁⲩⲱ"/>
		<feat xlink:href="#sSpan344" value="ⲛⲧⲉⲣⲉϥⲉⲓ"/>
		<feat xlink:href="#sSpan349" value="ⲉⲃⲟⲗ"/>
		<feat xlink:href="#sSpan351" value="ⲙⲡⲉϥⲕⲟⲧϥ"/>
		<feat xlink:href="#sSpan356" value="ⲉϩⲟⲩⲛ"/>
		<feat xlink:href="#sSpan358" value="ϣⲁⲣⲟϥ"/>
		<feat xlink:href="#sSpan361" value="ϣⲁⲛⲧⲉϥϣⲟⲟⲩⲉ"/>
		<feat xlink:href="#sSpan365" value="ⲛϭⲓⲡⲙⲟⲟⲩ"/>
		<feat xlink:href="#sSpan370" value="ⲉϫⲙⲡⲕⲁϩ"/>
		<feat xlink:href="#sSpan376" value="ⲁϥϫⲟⲟⲩ"/>
		<feat xlink:href="#sSpan381" value="ⲉⲃⲟⲗ"/>
		<feat xlink:href="#sSpan383" value="ⲛⲧⲉϭⲣⲟⲟⲙⲡⲉ"/>
		<feat xlink:href="#sSpan388" value="ⲙⲛⲛⲥⲱϥ"/>
		<feat xlink:href="#sSpan391" value="ⲉⲛⲁⲩ"/>
		<feat xlink:href="#sSpan394" value="ϫⲉⲁϥⲥⲃⲟⲕ"/>
		<feat xlink:href="#sSpan399" value="ⲛϭⲓⲡⲙⲟⲟⲩ"/>
		<feat xlink:href="#sSpan404" value="ϩⲓϫⲙⲡϩⲟ"/>
		<feat xlink:href="#sSpan409" value="ⲙⲡⲕⲁϩ"/>
		<feat xlink:href="#sSpan414" value="ⲧⲏⲣϥ"/>
		<feat xlink:href="#sSpan417" value="ⲙⲡⲉⲥϩⲉ"/>
		<feat xlink:href="#sSpan423" value="ⲉⲙⲁ"/>
		<feat xlink:href="#sSpan427" value="ⲛⲙⲧⲟⲛ"/>
		<feat xlink:href="#sSpan431" value="ⲉⲛⲉⲥⲟⲩⲉⲣⲏⲧⲉ"/>
		<feat xlink:href="#sSpan436" value="ⲁⲥⲕⲟⲧⲥ"/>
		<feat xlink:href="#sSpan441" value="ϣⲁⲣⲟϥ"/>
		<feat xlink:href="#sSpan444" value="ⲉⲧⲕⲓⲃⲱⲧⲟⲥ"/>
		<feat xlink:href="#sSpan449" value="ϫⲉⲛⲉⲣⲉⲡⲙⲟⲟⲩ"/>
		<feat xlink:href="#sSpan455" value="ϩⲓϫⲙⲡϩⲟ"/>
		<feat xlink:href="#sSpan460" value="ⲙⲡⲕⲁϩ"/>
		<feat xlink:href="#sSpan465" value="ⲧⲏⲣϥ"/>
		<feat xlink:href="#sSpan468" value="ⲁϥⲥⲟⲟⲩⲧⲛ"/>
		<feat xlink:href="#sSpan472" value="ⲇⲉ"/>
		<feat xlink:href="#sSpan474" value="ⲉⲃⲟⲗ"/>
		<feat xlink:href="#sSpan476" value="ⲛⲧⲉϥϭⲓϫ"/>
		<feat xlink:href="#sSpan481" value="ⲁϥⲁⲙⲁϩⲧⲉ"/>
		<feat xlink:href="#sSpan485" value="ⲙⲙⲟⲥ"/>
		<feat xlink:href="#sSpan488" value="ⲁϥϫⲓ"/>
		<feat xlink:href="#sSpan492" value="ⲙⲙⲟⲥ"/>
		<feat xlink:href="#sSpan495" value="ⲉϩⲟⲩⲛ"/>
		<feat xlink:href="#sSpan497" value="ϣⲁⲣⲟϥ"/>
		<feat xlink:href="#sSpan500" value="ⲉⲧⲕⲓⲃⲱⲧⲟⲥ"/>
		<feat xlink:href="#sSpan506" value="ⲁϥϭⲱ"/>
		<feat xlink:href="#sSpan511" value="ⲇⲉ"/>
		<feat xlink:href="#sSpan513" value="ⲟⲛ"/>
		<feat xlink:href="#sSpan515" value="ⲛⲕⲉⲥⲁϣϥ"/>
		<feat xlink:href="#sSpan520" value="ⲛϩⲟⲟⲩ"/>
		<feat xlink:href="#sSpan523" value="ⲁϥϫⲟⲟⲩ"/>
		<feat xlink:href="#sSpan527" value="ⲉⲃⲟⲗ"/>
		<feat xlink:href="#sSpan529" value="ⲛⲧⲉϭⲣⲟⲟⲙⲡⲉ"/>
		<feat xlink:href="#sSpan534" value="ⲉⲃⲟⲗ"/>
		<feat xlink:href="#sSpan537" value="ϩⲛⲧⲕⲓⲃⲱⲧⲟⲥ"/>
		<feat xlink:href="#sSpan542" value="ⲁⲩⲱ"/>
		<feat xlink:href="#sSpan545" value="ⲁⲥⲕⲟⲧⲥ"/>
		<feat xlink:href="#sSpan550" value="ϣⲁⲣⲟϥ"/>
		<feat xlink:href="#sSpan553" value="ⲛϭⲓⲧⲉϭⲣⲟⲟⲙⲡⲉ"/>
		<feat xlink:href="#sSpan558" value="ⲙⲡⲛⲁⲩ"/>
		<feat xlink:href="#sSpan563" value="ⲛⲣⲟⲩϩⲉ"/>
		<feat xlink:href="#sSpan567" value="ⲉⲟⲩⲛⲟⲩϭⲃϫⲟⲉⲓⲧ"/>
		<feat xlink:href="#sSpan573" value="ϩⲛⲣⲱⲥ"/>
		<feat xlink:href="#sSpan578" value="ⲁϥⲉⲓⲙⲉ"/>
		<feat xlink:href="#sSpan582" value="ⲛϭⲓⲛⲱϩⲉ"/>
		<feat xlink:href="#sSpan586" value="ϫⲉⲁϥⲥⲃⲟⲕ"/>
		<feat xlink:href="#sSpan591" value="ⲛϭⲓⲡⲙⲟⲟⲩ"/>
		<feat xlink:href="#sSpan596" value="ϩⲓϫⲙⲡⲕⲁϩ"/>
		<feat xlink:href="#sSpan602" value="ⲁϥϭⲱ"/>
		<feat xlink:href="#sSpan607" value="ⲟⲛ"/>
		<feat xlink:href="#sSpan609" value="ⲛⲕⲉⲥⲁϣϥ"/>
		<feat xlink:href="#sSpan614" value="ⲛϩⲟⲟⲩ"/>
		<feat xlink:href="#sSpan617" value="ⲁϥϫⲟⲟⲩ"/>
		<feat xlink:href="#sSpan621" value="ⲉⲃⲟⲗ"/>
		<feat xlink:href="#sSpan623" value="ⲛⲧⲉϭⲣⲟⲟⲙⲡⲉ"/>
		<feat xlink:href="#sSpan628" value="ⲁⲩⲱ"/>
		<feat xlink:href="#sSpan630" value="ⲙⲡⲉⲥⲟⲩⲱϩ"/>
		<feat xlink:href="#sSpan635" value="ⲉⲧⲟⲟⲧⲥ"/>
		<feat xlink:href="#sSpan638" value="ⲉⲕⲟⲧⲥ"/>
		<feat xlink:href="#sSpan642" value="ϣⲁⲣⲟϥ"/>
		<feat xlink:href="#sSpan646" value="ⲁⲥϣⲱⲡⲉ"/>
		<feat xlink:href="#sSpan651" value="ⲇⲉ"/>
		<feat xlink:href="#sSpan653" value="ϩⲙⲡⲙⲉϩⲥⲟⲟⲩ"/>
		<feat xlink:href="#sSpan658" value="ⲛϣⲉ"/>
		<feat xlink:href="#sSpan661" value="ⲛⲣⲟⲙⲡⲉ"/>
		<feat xlink:href="#sSpan664" value="ⲙⲡⲁϩⲉ"/>
		<feat xlink:href="#sSpan670" value="ⲛⲛⲱϩⲉ"/>
		<feat xlink:href="#sSpan674" value="ⲡϣⲟⲣⲡ"/>
		<feat xlink:href="#sSpan677" value="ⲛⲉⲃⲟⲧ"/>
		<feat xlink:href="#sSpan681" value="ⲛⲥⲟⲩⲟⲩⲁ"/>
		<feat xlink:href="#sSpan687" value="ⲙⲡⲉⲃⲟⲧ"/>
		<feat xlink:href="#sSpan692" value="ⲁϥⲱϫⲛ"/>
		<feat xlink:href="#sSpan696" value="ⲛϭⲓⲡⲙⲟⲟⲩ"/>
		<feat xlink:href="#sSpan701" value="ⲉⲃⲟⲗ"/>
		<feat xlink:href="#sSpan704" value="ϩⲙⲡⲕⲁϩ"/>
		<feat xlink:href="#sSpan709" value="ⲁⲛⲱϩⲉ"/>
		<feat xlink:href="#sSpan714" value="ϭⲱⲗⲡ"/>
		<feat xlink:href="#sSpan717" value="ⲉⲃⲟⲗ"/>
		<feat xlink:href="#sSpan719" value="ⲛⲧϩⲏ"/>
		<feat xlink:href="#sSpan724" value="ⲛⲧⲕⲓⲃⲱⲧⲟⲥ"/>
		<feat xlink:href="#sSpan729" value="ⲛⲧⲁϥⲧⲁⲙⲓⲟⲥ"/>
		<feat xlink:href="#sSpan735" value="ⲁϥⲛⲁⲩ"/>
		<feat xlink:href="#sSpan739" value="ϫⲉⲛⲉⲁϥⲱϫⲛ"/>
		<feat xlink:href="#sSpan745" value="ⲛϭⲓⲡⲙⲟⲟⲩ"/>
		<feat xlink:href="#sSpan750" value="ϩⲓϫⲙⲡϩⲟ"/>
		<feat xlink:href="#sSpan755" value="ⲙⲡⲕⲁϩ"/>
		<feat xlink:href="#sSpan760" value="ⲧⲏⲣϥ"/>
		<feat xlink:href="#sSpan763" value="ϩⲣⲁⲓ"/>
		<feat xlink:href="#sSpan766" value="ⲇⲉ"/>
		<feat xlink:href="#sSpan768" value="ϩⲙⲡⲙⲉϩⲥⲛⲁⲩ"/>
		<feat xlink:href="#sSpan775" value="ⲛⲉⲃⲟⲧ"/>
		<feat xlink:href="#sSpan778" value="ⲁϥϣⲟⲟⲩⲉ"/>
		<feat xlink:href="#sSpan782" value="ⲛϭⲓⲡⲕⲁϩ"/>
		<feat xlink:href="#sSpan787" value="ⲡⲉϫⲁϥ"/>
		<feat xlink:href="#sSpan791" value="ⲇⲉ"/>
		<feat xlink:href="#sSpan793" value="ⲛϭⲓⲡϫⲟⲉⲓⲥ"/>
		<feat xlink:href="#sSpan798" value="ⲡⲛⲟⲩⲧⲉ"/>
		<feat xlink:href="#sSpan801" value="ⲛⲛⲱϩⲉ"/>
		<feat xlink:href="#sSpan805" value="ⲉϥϫⲱ"/>
		<feat xlink:href="#sSpan809" value="ⲙⲙⲟⲥ"/>
		<feat xlink:href="#sSpan812" value="ϫⲉⲁⲙⲟⲩ"/>
		<feat xlink:href="#sSpan817" value="ⲉⲃⲟⲗ"/>
		<feat xlink:href="#sSpan819" value="ϩⲛⲧⲕⲓⲃⲱⲧⲟⲥ"/>
		<feat xlink:href="#sSpan824" value="ⲛⲧⲟⲕ"/>
		<feat xlink:href="#sSpan826" value="ⲙⲛⲧⲉⲕⲥϩⲓⲙⲉ"/>
		<feat xlink:href="#sSpan831" value="ⲁⲩⲱ"/>
		<feat xlink:href="#sSpan834" value="ⲛⲉⲕϣⲏⲣⲉ"/>
		<feat xlink:href="#sSpan837" value="ⲙⲛⲛⲉϩⲓⲟⲙⲉ"/>
		<feat xlink:href="#sSpan842" value="ⲛⲛⲉⲕϣⲏⲣⲉ"/>
		<feat xlink:href="#sSpan847" value="ⲛⲙⲙⲁⲕ"/>
		<feat xlink:href="#sSpan850" value="ⲙⲛⲛⲉⲑⲏⲣⲓⲟⲛ"/>
		<feat xlink:href="#sSpan856" value="ⲉⲧⲛⲙⲙⲁⲕ"/>
		<feat xlink:href="#sSpan860" value="ⲙⲛⲥⲁⲣⲝ"/>
		<feat xlink:href="#sSpan864" value="ⲛⲓⲙ"/>
		<feat xlink:href="#sSpan866" value="ϫⲓⲛⲧⲃⲛⲟⲟⲩⲉ"/>
		<feat xlink:href="#sSpan871" value="ϣⲁⲛϩⲁⲗⲁⲁⲧⲉ"/>
		<feat xlink:href="#sSpan876" value="ⲛⲧⲡⲉ"/>
		<feat xlink:href="#sSpan881" value="ⲙⲛϫⲁⲧⲃⲉ"/>
		<feat xlink:href="#sSpan885" value="ⲛⲓⲙ"/>
		<feat xlink:href="#sSpan887" value="ⲉⲧⲕⲓⲙ"/>
		<feat xlink:href="#sSpan890" value="ϩⲓϫⲙⲡⲕⲁϩ"/>
		<feat xlink:href="#sSpan895" value="ⲁⲛⲓⲥⲟⲩ"/>
		<feat xlink:href="#sSpan900" value="ⲉⲃⲟⲗ"/>
		<feat xlink:href="#sSpan902" value="ⲛⲙⲙⲁⲕ"/>
		<feat xlink:href="#sSpan905" value="ⲁϣⲁⲓ"/>
		<feat xlink:href="#sSpan907" value="ⲛⲧⲉⲧⲛⲛⲁⲁⲓⲁⲓ"/>
		<feat xlink:href="#sSpan912" value="ⲛⲧⲉⲧⲛⲙⲉϩⲡⲕⲁϩ"/>
		<feat xlink:href="#sSpan920" value="ⲛⲱϩⲉ"/>
		<feat xlink:href="#sSpan923" value="ⲇⲉ"/>
		<feat xlink:href="#sSpan925" value="ⲁϥⲉⲓ"/>
		<feat xlink:href="#sSpan930" value="ⲉⲃⲟⲗ"/>
		<feat xlink:href="#sSpan932" value="ϩⲛⲧⲕⲓⲃⲱⲧⲟⲥ"/>
		<feat xlink:href="#sSpan937" value="ⲛⲧⲟϥ"/>
		<feat xlink:href="#sSpan939" value="ⲙⲛⲧⲉϥⲥϩⲓⲙⲉ"/>
		<feat xlink:href="#sSpan944" value="ⲙⲛⲛⲉϥϣⲏⲣⲉ"/>
		<feat xlink:href="#sSpan949" value="ⲙⲛⲛⲉϩⲓⲟⲙⲉ"/>
		<feat xlink:href="#sSpan954" value="ⲛⲛⲉϥϣⲏⲣⲉ"/>
		<feat xlink:href="#sSpan959" value="ⲛⲙⲙⲁϥ"/>
		<feat xlink:href="#sSpan962" value="ⲙⲛⲛⲉⲑⲏⲣⲓⲟⲛ"/>
		<feat xlink:href="#sSpan968" value="ⲧⲏⲣⲟⲩ"/>
		<feat xlink:href="#sSpan971" value="ⲙⲛⲛⲧⲃⲛⲟⲟⲩⲉ"/>
		<feat xlink:href="#sSpan977" value="ⲧⲏⲣⲟⲩ"/>
		<feat xlink:href="#sSpan980" value="ⲙⲛⲛϩⲁⲗⲁⲁⲧⲉ"/>
		<feat xlink:href="#sSpan986" value="ⲧⲏⲣⲟⲩ"/>
		<feat xlink:href="#sSpan989" value="ⲙⲛϫⲁⲧⲃⲉ"/>
		<feat xlink:href="#sSpan992" value="ⲛⲓⲙ"/>
		<feat xlink:href="#sSpan994" value="ⲉⲧⲕⲓⲙ"/>
		<feat xlink:href="#sSpan997" value="ϩⲓϫⲙⲡⲕⲁϩ"/>
		<feat xlink:href="#sSpan1002" value="ⲕⲁⲧⲁⲛⲉⲩⲅⲉⲛⲟⲥ"/>
		<feat xlink:href="#sSpan1007" value="ⲁⲩⲉⲓ"/>
		<feat xlink:href="#sSpan1012" value="ⲉⲃⲟⲗ"/>
		<feat xlink:href="#sSpan1014" value="ϩⲛⲧⲕⲓⲃⲱⲧⲟⲥ"/>
		<feat xlink:href="#sSpan1020" value="ⲁⲛⲱϩⲉ"/>
		<feat xlink:href="#sSpan1026" value="ⲕⲱⲧ"/>
		<feat xlink:href="#sSpan1028" value="ⲛⲟⲩⲑⲩⲥⲓⲁⲥⲧⲏⲣⲓⲟⲛ"/>
		<feat xlink:href="#sSpan1033" value="ⲙⲡϫⲟⲉⲓⲥ"/>
		<feat xlink:href="#sSpan1038" value="ⲡⲛⲟⲩⲧⲉ"/>
		<feat xlink:href="#sSpan1041" value="ⲁⲩⲱ"/>
		<feat xlink:href="#sSpan1043" value="ⲁϥϫⲓ"/>
		<feat xlink:href="#sSpan1048" value="ⲉⲃⲟⲗ"/>
		<feat xlink:href="#sSpan1050" value="ϩⲛⲛⲧⲃⲛⲟⲟⲩⲉ"/>
		<feat xlink:href="#sSpan1055" value="ⲧⲏⲣⲟⲩ"/>
		<feat xlink:href="#sSpan1058" value="ⲉⲧⲟⲩⲁⲁⲃ"/>
		<feat xlink:href="#sSpan1061" value="ⲙⲛⲛϩⲁⲗⲁⲧⲉ"/>
		<feat xlink:href="#sSpan1066" value="ⲧⲏⲣⲟⲩ"/>
		<feat xlink:href="#sSpan1069" value="ⲉⲧⲟⲩⲁⲁⲃ"/>
		<feat xlink:href="#sSpan1072" value="ⲁϥⲧⲁⲗⲟⲟⲩ"/>
		<feat xlink:href="#sSpan1077" value="ⲉϫⲙⲡⲉⲑⲩⲥⲓⲁⲥⲧⲏⲣⲓⲟⲛ"/>
		<feat xlink:href="#sSpan1082" value="ⲁⲡϫⲟⲉⲓⲥ"/>
		<feat xlink:href="#sSpan1088" value="ⲡⲛⲟⲩⲧⲉ"/>
		<feat xlink:href="#sSpan1091" value="ϣⲱⲗⲙ"/>
		<feat xlink:href="#sSpan1093" value="ⲉⲩⲥϯⲛⲟⲩϥⲉ"/>
		<feat xlink:href="#sSpan1099" value="ⲡϩⲏⲧ"/>
		<feat xlink:href="#sSpan1103" value="ⲅⲁⲣ"/>
		<feat xlink:href="#sSpan1105" value="ⲙⲡⲣⲱⲙⲉ"/>
		<feat xlink:href="#sSpan1110" value="ⲉϥⲕⲏ"/>
		<feat xlink:href="#sSpan1114" value="ϩⲛⲟⲩⲱⲣϫ"/>
		<feat xlink:href="#sSpan1118" value="ⲉϫⲙⲡⲡⲉⲧϩⲟⲟⲩ"/>
		<feat xlink:href="#sSpan1126" value="ⲛϫⲓⲛ"/>
		<feat xlink:href="#sSpan1131" value="ⲧⲉϥⲙⲛⲧⲕⲟⲩⲓ"/>
		<feat xlink:href="#sSpan1136" value="ⲛⲟⲩⲟⲉⲓϣ"/>
		<feat xlink:href="#sSpan1141" value="ⲛⲓⲙ"/>
		<feat xlink:href="#sSpan1143" value="ⲛⲛⲁⲟⲩⲱϩ"/>
		<feat xlink:href="#sSpan1147" value="ϭⲉ"/>
		<feat xlink:href="#sSpan1149" value="ⲉⲧⲟⲟⲧⲉⲧⲁⲕⲟ"/>
		<feat xlink:href="#sSpan1156" value="ⲛⲥⲁⲣⲝ"/>
		<feat xlink:href="#sSpan1160" value="ⲛⲓⲙ"/>
		<feat xlink:href="#sSpan1162" value="ⲉⲧⲟⲛϩ"/>
		<feat xlink:href="#sSpan1165" value="ⲕⲁⲧⲁⲧϩⲉ"/>
		<feat xlink:href="#sSpan1169" value="ⲛⲧⲁⲓⲉⲓⲣⲉ"/>
		<feat xlink:href="#sSpan1175" value="ⲙⲙⲟⲥ"/>
		<feat xlink:href="#sSpan1178" value="ⲡϫⲟ"/>
		<feat xlink:href="#sSpan1182" value="ⲙⲛⲡⲱϩⲥ"/>
		<feat xlink:href="#sSpan1187" value="ⲡⲁⲣⲱϣ"/>
		<feat xlink:href="#sSpan1189" value="ⲙⲛⲡⲕⲁⲩⲙⲁ"/>
		<feat xlink:href="#sSpan1195" value="ⲡϣⲱⲙ"/>
		<feat xlink:href="#sSpan1198" value="ⲙⲛⲡⲉⲁⲣ"/>
		<feat xlink:href="#sSpan1202" value="ⲡⲉϩⲟⲟⲩ"/>
		<feat xlink:href="#sSpan1205" value="ⲙⲛⲧⲉⲩϣⲏ"/>
		<feat xlink:href="#sSpan1210" value="ⲛⲛⲉⲩⲱϫⲛ"/></featList></paula>