<?xml version="1.0" encoding="UTF-8" standalone="no"?>

<!DOCTYPE paula SYSTEM "paula_feat.dtd">
<paula version="1.0">

<header paula_id="aof.YA551-554_translation"/>

<featList xmlns:xlink="http://www.w3.org/1999/xlink" type="translation" xml:base="aof.YA551-554.translationSeg.xml">
<feat xlink:href="#translation_1" value="[continued from YA550] Satan.&apos;&apos;"/><!-- ⲡ -->
<feat xlink:href="#translation_4" value="Let us not be traitors and thieves, "/><!-- Ⲙ̄ⲡⲱⲣ` -->
<feat xlink:href="#translation_20" value="so that we are not like Judas about whom it was said, with the Holy Spirit&apos;s help, "/><!-- ϫⲉ -->
<feat xlink:href="#translation_44" value="&apos;Let the curse descend on him like water and oil in his bones.&apos; "/><!-- ϫⲉ -->
<feat xlink:href="#translation_73" value="Therefore let us not be deceitful in the presence of the Lord, through any wicked deed, "/><!-- Ⲉⲧⲃⲉ -->
<feat xlink:href="#translation_101" value="either a pollution or a defilement, or thieving or lying, or hatred or bragging or hypocrisy, and vainglory.  "/><!-- ⲉⲓⲧⲉ -->
<feat xlink:href="#translation_138" value="Who are the braggarts but those who shout, "/><!-- Ⲛⲓⲙ -->
<feat xlink:href="#translation_151" value="and who put their noses in the air and look down at those who guide them, "/><!-- ⲁⲩⲱ -->
<feat xlink:href="#translation_179" value="who take care of them and teach them "/><!-- ⲉⲧ -->
<feat xlink:href="#translation_192" value="so that they might live orderly according to God&apos;s ordinances?  "/><!-- ⲉ -->
<feat xlink:href="#translation_208" value="Who are the hypocrites but the people who live with [braggarts] "/><!-- Ⲁϣ -->
<feat xlink:href="#translation_227" value="and conceal their transgressions through every wickedness? "/><!-- ⲉ -->
<feat xlink:href="#translation_246" value="Therefore let us not be deceitful falsely, and conceal our sins from our companions "/><!-- Ⲉⲧⲃⲉ -->
<feat xlink:href="#translation_268" value="because that causes disturbances in every community, when people sin in the presence of God for all time.  "/><!-- ϫⲉ -->
<feat xlink:href="#translation_300" value="But let us teach our companions by instruction not to sin in the presence of the Lord.  "/><!-- Ⲁⲗⲗⲁ -->
<feat xlink:href="#translation_325" value="And if we stumble and act wickedly through a mistake, let us share blame with our companions "/><!-- Ⲁⲩⲱ -->
<feat xlink:href="#translation_345" value="because that is the strength and the foundation of every community which is pleasing to God for all time. "/><!-- ϫⲉ -->
<feat xlink:href="#translation_378" value="Indeed it is not wonderful whenever we act like the false prophets and we conceal our sins from our companions, "/><!-- ⲛ̄ -->
<feat xlink:href="#translation_405" value="and God must pour his curse on us angrily and wrathfully.  "/><!-- ⲛ̄ⲧⲉ -->
<feat xlink:href="#translation_426" value="But the wonder occurs whenever we follow the pattern set by our fathers, the prophets and apostles "/><!-- ⲁⲗ -->
<feat xlink:href="#translation_452" value="and we teach our companions not to sin in the presence of God;  "/><!-- ⲛ̄ -->
<feat xlink:href="#translation_474" value=" our companions so that we repent, "/><!-- ⲁⲩⲱ -->
<feat xlink:href="#translation_503" value="so the Lord can pour his blessing on us mercifully and patiently.  "/><!-- ϫⲉ -->
<feat xlink:href="#translation_524" value="In addition to it being appropriate that we write many words to you in this letter, "/><!-- Ⲡⲗⲏⲛ -->
<feat xlink:href="#translation_545" value="it is also appropriate that we are sufficient "/><!-- ⲡ -->
<feat xlink:href="#translation_558" value="and we instruct you by God and all the sayings of the Scripture, "/><!-- ⲁⲩⲱ -->
<feat xlink:href="#translation_579" value="just as the apostle said,  "/><!-- Ⲛ̄ -->
<feat xlink:href="#translation_593" value="&apos;I instruct you by God and the saying of his grace . . . and so I give you the inheritance with all the saints.&apos;  "/><!-- ϫⲉ -->
<feat xlink:href="#translation_639" value="And now, since you wrote to me, "/><!-- ⲧⲉ -->
<feat xlink:href="#translation_649" value="‘The sister whom you appointed to an exalted rank has refused the task that you assigned to her.’ "/><!-- ϫⲉ -->
<feat xlink:href="#translation_684" value="I want you to tell me why she refused the post that was assigned.    "/><!-- ⲧ︤ⲛ︥ -->
<feat xlink:href="#translation_712" value="Because if I know that she refused because she was not capable of bearing up under the task appointed to her, "/><!-- ϫⲉⲕⲁⲥ -->
<feat xlink:href="#translation_737" value="then she can stay peacefully in the rank where she was before.   "/><!-- ⲉ -->
<feat xlink:href="#translation_761" value="But if it&apos;s the case that she refused argumentatively and ignorantly "/><!-- ⲉ -->
<feat xlink:href="#translation_778" value="and she lied in the presence of the Lord, saying, "/><!-- ⲁⲩⲱ -->
<feat xlink:href="#translation_791" value="&apos;I refuse because I am not capable of doing this task,&apos; "/><!-- ϫⲉ -->
<feat xlink:href="#translation_805" value="and after some time "/><!-- ⲁⲩⲱ -->
<feat xlink:href="#translation_812" value="and after some time should we find out "/><!-- ⲏ̂ -->
<feat xlink:href="#translation_823" value="then you know what it is you shall do to her "/><!-- ϫⲉ -->
<feat xlink:href="#translation_833" value="then you know what it is you shall do to her "/><!-- ⲡⲉ -->
<feat xlink:href="#translation_850" value="because she did not inform us that she had been abused administratively "/><!-- ⲉⲃⲟⲗ -->
<feat xlink:href="#translation_867" value="or anyway in which she had been humiliated.  "/><!-- ⲏ̂ -->
<feat xlink:href="#translation_879" value="Finally, if we find out that she did not tell the truth because others prevented her, it shall not be hidden from you how we shall punish them.  "/><!-- Ⲉ -->
<feat xlink:href="#translation_920" value="For both they and she have made a covenant with falsehood, on the advice of Satan.  "/><!-- ϫⲉ -->
<feat xlink:href="#translation_944" value="After all this, behold, I will send the male elder to you "/><!-- ⲙ︤ⲛ︦ⲛ︥ⲥⲁ -->
<feat xlink:href="#translation_958" value="so that you can remember God, and pity yourselves, female monks in your community "/><!-- ϫⲉⲕⲁⲥ -->
<feat xlink:href="#translation_979" value="and male monks in ours, "/><!-- ⲁⲩⲱ -->
<feat xlink:href="#translation_988" value="and you tell us all the disturbances that happen in your community "/><!-- ⲛ̄ -->
<feat xlink:href="#translation_1003" value="so that we can be free from pain, we and you "/><!-- ϫⲉ -->
</featList>
</paula>
