<?xml version='1.0' encoding='UTF-8'?><!DOCTYPE paula SYSTEM "paula_mark.dtd">
<paula version="1.1">
	<header paula_id="scriptorium.cpr.4.16.mark"/>
	<markList xmlns:xlink="http://www.w3.org/1999/xlink" type="scriptorium" xml:base="cpr.4.16.tok.xml">
		<!--†-->
		<mark id="sSpan1" xlink:href="#sTok1"/>
		<!--†-->
		<mark id="sSpan2" xlink:href="#sTok1"/>
		<!--†-->
		<mark id="sSpan3" xlink:href="#sTok1"/>
		<!--†-->
		<mark id="sSpan4" xlink:href="#sTok1"/>
		<!--† ⲁⲛⲟⲕ ⲫⲓⲗⲟⲑⲉⲥ ⲡⲉ ⲥⲧⲟⲗⲁⲣⲭⲏ ⲡ ϣⲉ ⲛ̄ ⲫⲟⲓⲃⲁⲙⲙⲱⲛ̣-->
		<mark id="sSpan5" xlink:href="#sTok1 #sTok2 #sTok3 #sTok4 #sTok5 #sTok6 #sTok7 #sTok8 #sTok9"/>
		<!--† ⲁⲛⲟⲕ ⲫⲓⲗⲟⲑⲉⲥ ⲡⲉ ⲥⲧⲟⲗⲁⲣⲭⲏ ⲡ ϣⲉ ⲛ̄ ⲫⲟⲓⲃⲁⲙⲙⲱⲛ̣ ⲉ ϥ ⲟⲩⲏϩ ϩⲙ̄ ⲡⲁⲣⲓⲅⲟⲣⲓ ⲉ ⲓ ⲥϩⲁⲓ ⲙ̄ ⲡⲁ ϫⲟⲉⲓⲥ ⲡ ⲕⲩⲣⲓ ϣⲉⲛⲟⲩⲧⲉ ⲡ ⲁⲛⲩⲥⲧⲏⲥ-->
		<mark id="sSpan6" xlink:href="#sTok1 #sTok2 #sTok3 #sTok4 #sTok5 #sTok6 #sTok7 #sTok8 #sTok9 #sTok10 #sTok11 #sTok12 #sTok13 #sTok14 #sTok15 #sTok16 #sTok17 #sTok18 #sTok19 #sTok20 #sTok21 #sTok22 #sTok23 #sTok24 #sTok25"/>
		<!--† ⲁⲛⲟⲕ ⲫⲓⲗⲟⲑⲉⲥ ⲡⲉ ⲥⲧⲟⲗⲁⲣⲭⲏ ⲡ ϣⲉ ⲛ̄ ⲫⲟⲓⲃⲁⲙⲙⲱⲛ̣ ⲉ ϥ ⲟⲩⲏϩ ϩⲙ̄ ⲡⲁⲣⲓⲅⲟⲣⲓ ⲉ ⲓ ⲥϩⲁⲓ ⲙ̄ ⲡⲁ ϫⲟⲉⲓⲥ ⲡ ⲕⲩⲣⲓ ϣⲉⲛⲟⲩⲧⲉ ⲡ ⲁⲛⲩⲥⲧⲏⲥ ϫⲉ ⲉⲡⲉⲓⲇⲏ ⲁ ϩⲛ̄ ⲉⲃⲓⲁⲧⲉ ⲉⲓ ⲁ ⲩ ⲟⲩⲱϩ ϩⲙ̄ ⲡⲁⲣⲓⲅⲟⲣⲓ ⲉⲧⲉⲛⲟⲩ ⲟⲩⲛ ⲧⲓ ϩⲟⲙⲟ ⲗⲟⲅⲉⲓ ⲁⲩⲱ ⲧⲓ ⲉⲅⲅⲩⲏ ⲛⲏ ⲧⲛ ⲙ̄ ⲡ[ⲉ] ⲧ̣ⲣⲓⲧⲟⲛ ⲙⲉⲣⲟⲥ ϩⲛ̄ ⲛ ⲉⲃⲓⲟⲟⲩ̣ⲉ̣ ⲉ ⲩ ⲁ ϭⲛ̄ⲧ̣ ⲟⲩ ϩⲛ̄ ⲛⲉⲩ ⲁⲃ ⲛ̄ ⲧⲓ ⲣⲟⲙ ⲡⲉ ⲧ̣ⲁⲓ ⲇⲉⲩⲧ̣ⲉⲣ ⲓ[ⲛⲇ] ⲉⲓ ⲇⲉ ⲙ̄ⲡ ⲉⲓ ⲧⲁⲁ ⲩ ⲛⲏ ⲧⲛ̄ ⲡⲣⲟⲥ ⲑ ⲉ ⲛ̄ⲧ ⲁ ⲓ ϣⲏⲣ︤ⲡ︥ ⲥϩⲁⲓ ⲉⲣⲉ ⲧⲁ ϩⲩⲡⲟⲥⲧⲁⲥⲓ̣ⲥ̣ ⲧⲏⲣ︤ ⲥ︥ ⲕ[ⲓⲛⲇ]ⲩ̣ⲛⲉⲩⲉ ⲛⲏ ⲧⲛ̄ ⲉ ⲩ ⲱⲣ︤ϫ︥ ⲟⲩⲛ ⲛⲏ ⲧ[ⲛ] ⲁ ⲓ ⲥⲙⲛ̄ ⲧⲓ ϩⲟⲙⲟⲗⲟⲅⲉⲓⲁ ⲉ ⲥ ⲟ ⲛ ⲉⲅⲅⲩⲏ ⲛⲏ ⲧⲛ-->
		<mark id="sSpan7" xlink:href="#sTok1 #sTok2 #sTok3 #sTok4 #sTok5 #sTok6 #sTok7 #sTok8 #sTok9 #sTok10 #sTok11 #sTok12 #sTok13 #sTok14 #sTok15 #sTok16 #sTok17 #sTok18 #sTok19 #sTok20 #sTok21 #sTok22 #sTok23 #sTok24 #sTok25 #sTok26 #sTok27 #sTok28 #sTok29 #sTok30 #sTok31 #sTok32 #sTok33 #sTok34 #sTok35 #sTok36 #sTok37 #sTok38 #sTok39 #sTok40 #sTok41 #sTok42 #sTok43 #sTok44 #sTok45 #sTok46 #sTok47 #sTok48 #sTok49 #sTok50 #sTok51 #sTok52 #sTok53 #sTok54 #sTok55 #sTok56 #sTok57 #sTok58 #sTok59 #sTok60 #sTok61 #sTok62 #sTok63 #sTok64 #sTok65 #sTok66 #sTok67 #sTok68 #sTok69 #sTok70 #sTok71 #sTok72 #sTok73 #sTok74 #sTok75 #sTok76 #sTok77 #sTok78 #sTok79 #sTok80 #sTok81 #sTok82 #sTok83 #sTok84 #sTok85 #sTok86 #sTok87 #sTok88 #sTok89 #sTok90 #sTok91 #sTok92 #sTok93 #sTok94 #sTok95 #sTok96 #sTok97 #sTok98 #sTok99 #sTok100 #sTok101 #sTok102 #sTok103 #sTok104 #sTok105 #sTok106 #sTok107 #sTok108 #sTok109 #sTok110"/>
		<!--† ⲁⲛⲟⲕ ⲫⲓⲗⲟⲑⲉⲥ ⲡⲉ ⲥⲧⲟⲗⲁⲣⲭⲏ ⲡ ϣⲉ ⲛ̄ ⲫⲟⲓⲃⲁⲙⲙⲱⲛ̣ ⲉ ϥ ⲟⲩⲏϩ ϩⲙ̄ ⲡⲁⲣⲓⲅⲟⲣⲓ ⲉ ⲓ ⲥϩⲁⲓ ⲙ̄ ⲡⲁ ϫⲟⲉⲓⲥ ⲡ ⲕⲩⲣⲓ ϣⲉⲛⲟⲩⲧⲉ ⲡ ⲁⲛⲩⲥⲧⲏⲥ ϫⲉ ⲉⲡⲉⲓⲇⲏ ⲁ ϩⲛ̄ ⲉⲃⲓⲁⲧⲉ ⲉⲓ ⲁ ⲩ ⲟⲩⲱϩ ϩⲙ̄ ⲡⲁⲣⲓⲅⲟⲣⲓ ⲉⲧⲉⲛⲟⲩ ⲟⲩⲛ ⲧⲓ ϩⲟⲙⲟ ⲗⲟⲅⲉⲓ ⲁⲩⲱ ⲧⲓ ⲉⲅⲅⲩⲏ ⲛⲏ ⲧⲛ ⲙ̄ ⲡ[ⲉ] ⲧ̣ⲣⲓⲧⲟⲛ ⲙⲉⲣⲟⲥ ϩⲛ̄ ⲛ ⲉⲃⲓⲟⲟⲩ̣ⲉ̣ ⲉ ⲩ ⲁ ϭⲛ̄ⲧ̣ ⲟⲩ ϩⲛ̄ ⲛⲉⲩ ⲁⲃ ⲛ̄ ⲧⲓ ⲣⲟⲙ ⲡⲉ ⲧ̣ⲁⲓ ⲇⲉⲩⲧ̣ⲉⲣ ⲓ[ⲛⲇ] ⲉⲓ ⲇⲉ ⲙ̄ⲡ ⲉⲓ ⲧⲁⲁ ⲩ ⲛⲏ ⲧⲛ̄ ⲡⲣⲟⲥ ⲑ ⲉ ⲛ̄ⲧ ⲁ ⲓ ϣⲏⲣ︤ⲡ︥ ⲥϩⲁⲓ ⲉⲣⲉ ⲧⲁ ϩⲩⲡⲟⲥⲧⲁⲥⲓ̣ⲥ̣ ⲧⲏⲣ︤ ⲥ︥ ⲕ[ⲓⲛⲇ]ⲩ̣ⲛⲉⲩⲉ ⲛⲏ ⲧⲛ̄ ⲉ ⲩ ⲱⲣ︤ϫ︥ ⲟⲩⲛ ⲛⲏ ⲧ[ⲛ] ⲁ ⲓ ⲥⲙⲛ̄ ⲧⲓ ϩⲟⲙⲟⲗⲟⲅⲉⲓⲁ ⲉ ⲥ ⲟ ⲛ ⲉⲅⲅⲩⲏ ⲛⲏ ⲧⲛ ο̣ . γ̣ Φαμθ θἰνδ β ⲁⲛ̣ⲟ̣ⲕ ⲫⲓ̣ⲗ̣ⲟ̣ⲑⲉ̣ⲟ̣ⲥ̣ ⲧⲓ ⲥ[ⲧⲟⲓⲭⲉⲓ] ⲫⲓⲗⲟⲑⲉⲟⲥ † † † † ⲁⲛⲟⲕ ⲭⲣⲓⲥⲧⲟⲫⲟ̣ⲣⲟⲥ̣ ⲧⲓ [ⲥϩⲁⲓ ϩⲁⲣⲟ ϥ] ϫⲛ̄ ϥ ⲛ̄ⲟⲓ ⲁⲛ ⲁⲩⲱ ⲧⲓ ⲟ ⲙ̄ ⲙⲛ︤ⲧ︦ⲣ︥ⲉ-->
		<mark id="sSpan8" xlink:href="#sTok1 #sTok2 #sTok3 #sTok4 #sTok5 #sTok6 #sTok7 #sTok8 #sTok9 #sTok10 #sTok11 #sTok12 #sTok13 #sTok14 #sTok15 #sTok16 #sTok17 #sTok18 #sTok19 #sTok20 #sTok21 #sTok22 #sTok23 #sTok24 #sTok25 #sTok26 #sTok27 #sTok28 #sTok29 #sTok30 #sTok31 #sTok32 #sTok33 #sTok34 #sTok35 #sTok36 #sTok37 #sTok38 #sTok39 #sTok40 #sTok41 #sTok42 #sTok43 #sTok44 #sTok45 #sTok46 #sTok47 #sTok48 #sTok49 #sTok50 #sTok51 #sTok52 #sTok53 #sTok54 #sTok55 #sTok56 #sTok57 #sTok58 #sTok59 #sTok60 #sTok61 #sTok62 #sTok63 #sTok64 #sTok65 #sTok66 #sTok67 #sTok68 #sTok69 #sTok70 #sTok71 #sTok72 #sTok73 #sTok74 #sTok75 #sTok76 #sTok77 #sTok78 #sTok79 #sTok80 #sTok81 #sTok82 #sTok83 #sTok84 #sTok85 #sTok86 #sTok87 #sTok88 #sTok89 #sTok90 #sTok91 #sTok92 #sTok93 #sTok94 #sTok95 #sTok96 #sTok97 #sTok98 #sTok99 #sTok100 #sTok101 #sTok102 #sTok103 #sTok104 #sTok105 #sTok106 #sTok107 #sTok108 #sTok109 #sTok110 #sTok111 #sTok112 #sTok113 #sTok114 #sTok115 #sTok116 #sTok117 #sTok118 #sTok119 #sTok120 #sTok121 #sTok122 #sTok123 #sTok124 #sTok125 #sTok126 #sTok127 #sTok128 #sTok129 #sTok130 #sTok131 #sTok132 #sTok133 #sTok134 #sTok135 #sTok136 #sTok137 #sTok138 #sTok139 #sTok140"/>
		<!--ⲁⲛⲟⲕ-->
		<mark id="sSpan9" xlink:href="#sTok2"/>
		<!--ⲁⲛⲟⲕ-->
		<mark id="sSpan10" xlink:href="#sTok2"/>
		<!--ⲁⲛⲟⲕ-->
		<mark id="sSpan11" xlink:href="#sTok2"/>
		<!--ⲁⲛⲟⲕ-->
		<mark id="sSpan12" xlink:href="#sTok2"/>
		<!--ⲫⲓⲗⲟⲑⲉⲥ-->
		<mark id="sSpan13" xlink:href="#sTok3"/>
		<!--ⲫⲓⲗⲟⲑⲉⲥ-->
		<mark id="sSpan14" xlink:href="#sTok3"/>
		<!--ⲫⲓⲗⲟⲑⲉⲥ-->
		<mark id="sSpan15" xlink:href="#sTok3"/>
		<!--ⲫⲓⲗⲟⲑⲉⲥ-->
		<mark id="sSpan16" xlink:href="#sTok3"/>
		<!--ⲫⲓⲗⲟⲑⲉⲥ-->
		<mark id="sSpan17" xlink:href="#sTok3"/>
		<!--ⲫⲓⲗⲟⲑⲉⲥ ⲡⲉ ⲥⲧⲟⲗⲁⲣⲭⲏ ⲡ ϣⲉ ⲛ̄ ⲫⲟⲓⲃⲁⲙⲙⲱⲛ̣-->
		<mark id="sSpan18" xlink:href="#sTok3 #sTok4 #sTok5 #sTok6 #sTok7 #sTok8 #sTok9"/>
		<!--ⲡⲉ-->
		<mark id="sSpan19" xlink:href="#sTok4"/>
		<!--ⲡⲉ-->
		<mark id="sSpan20" xlink:href="#sTok4"/>
		<!--ⲡⲉ ⲥⲧⲟⲗⲁⲣⲭⲏ-->
		<mark id="sSpan21" xlink:href="#sTok4 #sTok5"/>
		<!--ⲡⲉ ⲥⲧⲟⲗⲁⲣⲭⲏ-->
		<mark id="sSpan22" xlink:href="#sTok4 #sTok5"/>
		<!--ⲥⲧⲟⲗⲁⲣⲭⲏ-->
		<mark id="sSpan23" xlink:href="#sTok5"/>
		<!--ⲥⲧⲟⲗⲁⲣⲭⲏ-->
		<mark id="sSpan24" xlink:href="#sTok5"/>
		<!--ⲥⲧⲟⲗⲁⲣⲭⲏ-->
		<mark id="sSpan25" xlink:href="#sTok5"/>
		<!--ⲡ-->
		<mark id="sSpan26" xlink:href="#sTok6"/>
		<!--ⲡ-->
		<mark id="sSpan27" xlink:href="#sTok6"/>
		<!--ⲡ ϣⲉ-->
		<mark id="sSpan28" xlink:href="#sTok6 #sTok7"/>
		<!--ⲡ ϣⲉ-->
		<mark id="sSpan29" xlink:href="#sTok6 #sTok7"/>
		<!--ϣⲉ-->
		<mark id="sSpan30" xlink:href="#sTok7"/>
		<!--ϣⲉ-->
		<mark id="sSpan31" xlink:href="#sTok7"/>
		<!--ⲛ̄-->
		<mark id="sSpan32" xlink:href="#sTok8"/>
		<!--ⲛ̄-->
		<mark id="sSpan33" xlink:href="#sTok8"/>
		<!--ⲛ̄ ⲫⲟⲓⲃⲁⲙⲙⲱⲛ̣-->
		<mark id="sSpan34" xlink:href="#sTok8 #sTok9"/>
		<!--ⲛ̄ ⲫⲟⲓⲃⲁⲙⲙⲱⲛ̣-->
		<mark id="sSpan35" xlink:href="#sTok8 #sTok9"/>
		<!--ⲫⲟⲓⲃⲁⲙⲙⲱⲛ̣-->
		<mark id="sSpan36" xlink:href="#sTok9"/>
		<!--ⲫⲟⲓⲃⲁⲙⲙⲱⲛ̣-->
		<mark id="sSpan37" xlink:href="#sTok9"/>
		<!--ⲫⲟⲓⲃⲁⲙⲙⲱⲛ̣-->
		<mark id="sSpan38" xlink:href="#sTok9"/>
		<!--ⲫⲟⲓⲃⲁⲙⲙⲱⲛ̣-->
		<mark id="sSpan39" xlink:href="#sTok9"/>
		<!--ⲉ-->
		<mark id="sSpan40" xlink:href="#sTok10"/>
		<!--ⲉ-->
		<mark id="sSpan41" xlink:href="#sTok10"/>
		<!--ⲉ ϥ ⲟⲩⲏϩ-->
		<mark id="sSpan42" xlink:href="#sTok10 #sTok11 #sTok12"/>
		<!--ⲉ ϥ ⲟⲩⲏϩ-->
		<mark id="sSpan43" xlink:href="#sTok10 #sTok11 #sTok12"/>
		<!--ⲉ ϥ ⲟⲩⲏϩ ϩⲙ̄ ⲡⲁⲣⲓⲅⲟⲣⲓ ⲉ ⲓ ⲥϩⲁⲓ ⲙ̄ ⲡⲁ ϫⲟⲉⲓⲥ ⲡ ⲕⲩⲣⲓ-->
		<mark id="sSpan44" xlink:href="#sTok10 #sTok11 #sTok12 #sTok13 #sTok14 #sTok15 #sTok16 #sTok17 #sTok18 #sTok19 #sTok20 #sTok21 #sTok22"/>
		<!--ϥ-->
		<mark id="sSpan45" xlink:href="#sTok11"/>
		<!--ϥ-->
		<mark id="sSpan46" xlink:href="#sTok11"/>
		<!--ⲟⲩⲏϩ-->
		<mark id="sSpan47" xlink:href="#sTok12"/>
		<!--ⲟⲩⲏϩ-->
		<mark id="sSpan48" xlink:href="#sTok12"/>
		<!--ϩⲙ̄-->
		<mark id="sSpan49" xlink:href="#sTok13"/>
		<!--ϩⲙ̄-->
		<mark id="sSpan50" xlink:href="#sTok13"/>
		<!--ϩⲙ̄ ⲡⲁⲣⲓⲅⲟⲣⲓ-->
		<mark id="sSpan51" xlink:href="#sTok13 #sTok14"/>
		<!--ϩⲙ̄ ⲡⲁⲣⲓⲅⲟⲣⲓ-->
		<mark id="sSpan52" xlink:href="#sTok13 #sTok14"/>
		<!--ⲡⲁⲣⲓⲅⲟⲣⲓ-->
		<mark id="sSpan53" xlink:href="#sTok14"/>
		<!--ⲡⲁⲣⲓⲅⲟⲣⲓ-->
		<mark id="sSpan54" xlink:href="#sTok14"/>
		<!--ⲡⲁⲣⲓⲅⲟⲣⲓ-->
		<mark id="sSpan55" xlink:href="#sTok14"/>
		<!--ⲡⲁⲣⲓⲅⲟⲣⲓ-->
		<mark id="sSpan56" xlink:href="#sTok14"/>
		<!--ⲉ-->
		<mark id="sSpan57" xlink:href="#sTok15"/>
		<!--ⲉ-->
		<mark id="sSpan58" xlink:href="#sTok15"/>
		<!--ⲉ ⲓ ⲥϩⲁⲓ-->
		<mark id="sSpan59" xlink:href="#sTok15 #sTok16 #sTok17"/>
		<!--ⲉ ⲓ ⲥϩⲁⲓ-->
		<mark id="sSpan60" xlink:href="#sTok15 #sTok16 #sTok17"/>
		<!--ⲓ-->
		<mark id="sSpan61" xlink:href="#sTok16"/>
		<!--ⲓ-->
		<mark id="sSpan62" xlink:href="#sTok16"/>
		<!--ⲥϩⲁⲓ-->
		<mark id="sSpan63" xlink:href="#sTok17"/>
		<!--ⲥϩⲁⲓ-->
		<mark id="sSpan64" xlink:href="#sTok17"/>
		<!--ⲙ̄-->
		<mark id="sSpan65" xlink:href="#sTok18"/>
		<!--ⲙ̄-->
		<mark id="sSpan66" xlink:href="#sTok18"/>
		<!--ⲙ̄ ⲡⲁ ϫⲟⲉⲓⲥ-->
		<mark id="sSpan67" xlink:href="#sTok18 #sTok19 #sTok20"/>
		<!--ⲙ̄ ⲡⲁ ϫⲟⲉⲓⲥ-->
		<mark id="sSpan68" xlink:href="#sTok18 #sTok19 #sTok20"/>
		<!--ⲡⲁ-->
		<mark id="sSpan69" xlink:href="#sTok19"/>
		<!--ⲡⲁ-->
		<mark id="sSpan70" xlink:href="#sTok19"/>
		<!--ⲡⲁ ϫⲟⲉⲓⲥ ⲡ ⲕⲩⲣⲓ ϣⲉⲛⲟⲩⲧⲉ ⲡ ⲁⲛⲩⲥⲧⲏⲥ-->
		<mark id="sSpan71" xlink:href="#sTok19 #sTok20 #sTok21 #sTok22 #sTok23 #sTok24 #sTok25"/>
		<!--ϫⲟⲉⲓⲥ-->
		<mark id="sSpan72" xlink:href="#sTok20"/>
		<!--ϫⲟⲉⲓⲥ-->
		<mark id="sSpan73" xlink:href="#sTok20"/>
		<!--ⲡ-->
		<mark id="sSpan74" xlink:href="#sTok21"/>
		<!--ⲡ-->
		<mark id="sSpan75" xlink:href="#sTok21"/>
		<!--ⲡ ⲕⲩⲣⲓ-->
		<mark id="sSpan76" xlink:href="#sTok21 #sTok22"/>
		<!--ⲡ ⲕⲩⲣⲓ-->
		<mark id="sSpan77" xlink:href="#sTok21 #sTok22"/>
		<!--ⲕⲩⲣⲓ-->
		<mark id="sSpan78" xlink:href="#sTok22"/>
		<!--ⲕⲩⲣⲓ-->
		<mark id="sSpan79" xlink:href="#sTok22"/>
		<!--ⲕⲩⲣⲓ-->
		<mark id="sSpan80" xlink:href="#sTok22"/>
		<!--ϣⲉⲛⲟⲩⲧⲉ-->
		<mark id="sSpan81" xlink:href="#sTok23"/>
		<!--ϣⲉⲛⲟⲩⲧⲉ-->
		<mark id="sSpan82" xlink:href="#sTok23"/>
		<!--ϣⲉⲛⲟⲩⲧⲉ-->
		<mark id="sSpan83" xlink:href="#sTok23"/>
		<!--ϣⲉⲛⲟⲩⲧⲉ-->
		<mark id="sSpan84" xlink:href="#sTok23"/>
		<!--ϣⲉⲛⲟⲩⲧⲉ ⲡ ⲁⲛⲩⲥⲧⲏⲥ ϫⲉ ⲉⲡⲉⲓⲇⲏ ⲁ ϩⲛ̄ ⲉⲃⲓⲁⲧⲉ-->
		<mark id="sSpan85" xlink:href="#sTok23 #sTok24 #sTok25 #sTok26 #sTok27 #sTok28 #sTok29 #sTok30"/>
		<!--ⲡ-->
		<mark id="sSpan86" xlink:href="#sTok24"/>
		<!--ⲡ-->
		<mark id="sSpan87" xlink:href="#sTok24"/>
		<!--ⲡ ⲁⲛⲩⲥⲧⲏⲥ-->
		<mark id="sSpan88" xlink:href="#sTok24 #sTok25"/>
		<!--ⲡ ⲁⲛⲩⲥⲧⲏⲥ-->
		<mark id="sSpan89" xlink:href="#sTok24 #sTok25"/>
		<!--ⲁⲛⲩⲥⲧⲏⲥ-->
		<mark id="sSpan90" xlink:href="#sTok25"/>
		<!--ⲁⲛⲩⲥⲧⲏⲥ-->
		<mark id="sSpan91" xlink:href="#sTok25"/>
		<!--ⲁⲛⲩⲥⲧⲏⲥ-->
		<mark id="sSpan92" xlink:href="#sTok25"/>
		<!--ϫⲉ-->
		<mark id="sSpan93" xlink:href="#sTok26"/>
		<!--ϫⲉ-->
		<mark id="sSpan94" xlink:href="#sTok26"/>
		<!--ϫⲉ ⲉⲡⲉⲓⲇⲏ-->
		<mark id="sSpan95" xlink:href="#sTok26 #sTok27"/>
		<!--ϫⲉ ⲉⲡⲉⲓⲇⲏ-->
		<mark id="sSpan96" xlink:href="#sTok26 #sTok27"/>
		<!--ϫⲉ ⲉⲡⲉⲓⲇⲏ ⲁ ϩⲛ̄ ⲉⲃⲓⲁⲧⲉ ⲉⲓ ⲁ ⲩ ⲟⲩⲱϩ ϩⲙ̄ ⲡⲁⲣⲓⲅⲟⲣⲓ-->
		<mark id="sSpan97" xlink:href="#sTok26 #sTok27 #sTok28 #sTok29 #sTok30 #sTok31 #sTok32 #sTok33 #sTok34 #sTok35 #sTok36"/>
		<!--ⲉⲡⲉⲓⲇⲏ-->
		<mark id="sSpan98" xlink:href="#sTok27"/>
		<!--ⲉⲡⲉⲓⲇⲏ-->
		<mark id="sSpan99" xlink:href="#sTok27"/>
		<!--ⲉⲡⲉⲓⲇⲏ-->
		<mark id="sSpan100" xlink:href="#sTok27"/>
		<!--ⲁ-->
		<mark id="sSpan101" xlink:href="#sTok28"/>
		<!--ⲁ-->
		<mark id="sSpan102" xlink:href="#sTok28"/>
		<!--ⲁ ϩⲛ̄ ⲉⲃⲓⲁⲧⲉ-->
		<mark id="sSpan103" xlink:href="#sTok28 #sTok29 #sTok30"/>
		<!--ⲁ ϩⲛ̄ ⲉⲃⲓⲁⲧⲉ-->
		<mark id="sSpan104" xlink:href="#sTok28 #sTok29 #sTok30"/>
		<!--ϩⲛ̄-->
		<mark id="sSpan105" xlink:href="#sTok29"/>
		<!--ϩⲛ̄-->
		<mark id="sSpan106" xlink:href="#sTok29"/>
		<!--ϩⲛ̄ ⲉⲃⲓⲁⲧⲉ-->
		<mark id="sSpan107" xlink:href="#sTok29 #sTok30"/>
		<!--ⲉⲃⲓⲁⲧⲉ-->
		<mark id="sSpan108" xlink:href="#sTok30"/>
		<!--ⲉⲃⲓⲁⲧⲉ-->
		<mark id="sSpan109" xlink:href="#sTok30"/>
		<!--ⲉⲓ-->
		<mark id="sSpan110" xlink:href="#sTok31"/>
		<!--ⲉⲓ-->
		<mark id="sSpan111" xlink:href="#sTok31"/>
		<!--ⲉⲓ-->
		<mark id="sSpan112" xlink:href="#sTok31"/>
		<!--ⲉⲓ-->
		<mark id="sSpan113" xlink:href="#sTok31"/>
		<!--ⲉⲓ ⲁ ⲩ ⲟⲩⲱϩ ϩⲙ̄ ⲡⲁⲣⲓⲅⲟⲣⲓ ⲉⲧⲉⲛⲟⲩ ⲟⲩⲛ ⲧⲓ ϩⲟⲙⲟ ⲗⲟⲅⲉⲓ-->
		<mark id="sSpan114" xlink:href="#sTok31 #sTok32 #sTok33 #sTok34 #sTok35 #sTok36 #sTok37 #sTok38 #sTok39 #sTok40 #sTok41"/>
		<!--ⲁ-->
		<mark id="sSpan115" xlink:href="#sTok32"/>
		<!--ⲁ-->
		<mark id="sSpan116" xlink:href="#sTok32"/>
		<!--ⲁ ⲩ ⲟⲩⲱϩ-->
		<mark id="sSpan117" xlink:href="#sTok32 #sTok33 #sTok34"/>
		<!--ⲁ ⲩ ⲟⲩⲱϩ-->
		<mark id="sSpan118" xlink:href="#sTok32 #sTok33 #sTok34"/>
		<!--ⲩ-->
		<mark id="sSpan119" xlink:href="#sTok33"/>
		<!--ⲩ-->
		<mark id="sSpan120" xlink:href="#sTok33"/>
		<!--ⲟⲩⲱϩ-->
		<mark id="sSpan121" xlink:href="#sTok34"/>
		<!--ⲟⲩⲱϩ-->
		<mark id="sSpan122" xlink:href="#sTok34"/>
		<!--ϩⲙ̄-->
		<mark id="sSpan123" xlink:href="#sTok35"/>
		<!--ϩⲙ̄-->
		<mark id="sSpan124" xlink:href="#sTok35"/>
		<!--ϩⲙ̄ ⲡⲁⲣⲓⲅⲟⲣⲓ-->
		<mark id="sSpan125" xlink:href="#sTok35 #sTok36"/>
		<!--ϩⲙ̄ ⲡⲁⲣⲓⲅⲟⲣⲓ-->
		<mark id="sSpan126" xlink:href="#sTok35 #sTok36"/>
		<!--ⲡⲁⲣⲓⲅⲟⲣⲓ-->
		<mark id="sSpan127" xlink:href="#sTok36"/>
		<!--ⲡⲁⲣⲓⲅⲟⲣⲓ-->
		<mark id="sSpan128" xlink:href="#sTok36"/>
		<!--ⲡⲁⲣⲓⲅⲟⲣⲓ-->
		<mark id="sSpan129" xlink:href="#sTok36"/>
		<!--ⲡⲁⲣⲓⲅⲟⲣⲓ-->
		<mark id="sSpan130" xlink:href="#sTok36"/>
		<!--ⲉⲧⲉⲛⲟⲩ-->
		<mark id="sSpan131" xlink:href="#sTok37"/>
		<!--ⲉⲧⲉⲛⲟⲩ-->
		<mark id="sSpan132" xlink:href="#sTok37"/>
		<!--ⲉⲧⲉⲛⲟⲩ-->
		<mark id="sSpan133" xlink:href="#sTok37"/>
		<!--ⲉⲧⲉⲛⲟⲩ-->
		<mark id="sSpan134" xlink:href="#sTok37"/>
		<!--ⲉⲧⲉⲛⲟⲩ ⲟⲩⲛ ⲧⲓ ϩⲟⲙⲟ ⲗⲟⲅⲉⲓ ⲁⲩⲱ ⲧⲓ ⲉⲅⲅⲩⲏ ⲛⲏ ⲧⲛ ⲙ̄ ⲡ[ⲉ] ⲧ̣ⲣⲓⲧⲟⲛ ⲙⲉⲣⲟⲥ ϩⲛ̄ ⲛ ⲉⲃⲓⲟⲟⲩ̣ⲉ̣-->
		<mark id="sSpan135" xlink:href="#sTok37 #sTok38 #sTok39 #sTok40 #sTok41 #sTok42 #sTok43 #sTok44 #sTok45 #sTok46 #sTok47 #sTok48 #sTok49 #sTok50 #sTok51 #sTok52 #sTok53"/>
		<!--ⲟⲩⲛ-->
		<mark id="sSpan136" xlink:href="#sTok38"/>
		<!--ⲟⲩⲛ-->
		<mark id="sSpan137" xlink:href="#sTok38"/>
		<!--ⲟⲩⲛ-->
		<mark id="sSpan138" xlink:href="#sTok38"/>
		<!--ⲟⲩⲛ-->
		<mark id="sSpan139" xlink:href="#sTok38"/>
		<!--ⲟⲩⲛ-->
		<mark id="sSpan140" xlink:href="#sTok38"/>
		<!--ⲧⲓ-->
		<mark id="sSpan141" xlink:href="#sTok39"/>
		<!--ⲧⲓ-->
		<mark id="sSpan142" xlink:href="#sTok39"/>
		<!--ⲧⲓ ϩⲟⲙⲟ ⲗⲟⲅⲉⲓ-->
		<mark id="sSpan143" xlink:href="#sTok39 #sTok40 #sTok41"/>
		<!--ⲧⲓ ϩⲟⲙⲟ ⲗⲟⲅⲉⲓ-->
		<mark id="sSpan144" xlink:href="#sTok39 #sTok40 #sTok41"/>
		<!--ϩⲟⲙⲟ ⲗⲟⲅⲉⲓ-->
		<mark id="sSpan145" xlink:href="#sTok40 #sTok41"/>
		<!--ϩⲟⲙⲟ ⲗⲟⲅⲉⲓ-->
		<mark id="sSpan146" xlink:href="#sTok40 #sTok41"/>
		<!--ϩⲟⲙⲟ ⲗⲟⲅⲉⲓ-->
		<mark id="sSpan147" xlink:href="#sTok40 #sTok41"/>
		<!--ⲗⲟⲅⲉⲓ-->
		<mark id="sSpan148" xlink:href="#sTok41"/>
		<!--ⲁⲩⲱ-->
		<mark id="sSpan149" xlink:href="#sTok42"/>
		<!--ⲁⲩⲱ-->
		<mark id="sSpan150" xlink:href="#sTok42"/>
		<!--ⲁⲩⲱ-->
		<mark id="sSpan151" xlink:href="#sTok42"/>
		<!--ⲁⲩⲱ-->
		<mark id="sSpan152" xlink:href="#sTok42"/>
		<!--ⲁⲩⲱ ⲧⲓ ⲉⲅⲅⲩⲏ ⲛⲏ ⲧⲛ ⲙ̄ ⲡ[ⲉ] ⲧ̣ⲣⲓⲧⲟⲛ ⲙⲉⲣⲟⲥ ϩⲛ̄-->
		<mark id="sSpan153" xlink:href="#sTok42 #sTok43 #sTok44 #sTok45 #sTok46 #sTok47 #sTok48 #sTok49 #sTok50 #sTok51"/>
		<!--ⲧⲓ-->
		<mark id="sSpan154" xlink:href="#sTok43"/>
		<!--ⲧⲓ-->
		<mark id="sSpan155" xlink:href="#sTok43"/>
		<!--ⲧⲓ ⲉⲅⲅⲩⲏ-->
		<mark id="sSpan156" xlink:href="#sTok43 #sTok44"/>
		<!--ⲧⲓ ⲉⲅⲅⲩⲏ-->
		<mark id="sSpan157" xlink:href="#sTok43 #sTok44"/>
		<!--ⲉⲅⲅⲩⲏ-->
		<mark id="sSpan158" xlink:href="#sTok44"/>
		<!--ⲉⲅⲅⲩⲏ-->
		<mark id="sSpan159" xlink:href="#sTok44"/>
		<!--ⲉⲅⲅⲩⲏ-->
		<mark id="sSpan160" xlink:href="#sTok44"/>
		<!--ⲛⲏ-->
		<mark id="sSpan161" xlink:href="#sTok45"/>
		<!--ⲛⲏ-->
		<mark id="sSpan162" xlink:href="#sTok45"/>
		<!--ⲛⲏ ⲧⲛ-->
		<mark id="sSpan163" xlink:href="#sTok45 #sTok46"/>
		<!--ⲛⲏ ⲧⲛ-->
		<mark id="sSpan164" xlink:href="#sTok45 #sTok46"/>
		<!--ⲧⲛ-->
		<mark id="sSpan165" xlink:href="#sTok46"/>
		<!--ⲧⲛ-->
		<mark id="sSpan166" xlink:href="#sTok46"/>
		<!--ⲙ̄-->
		<mark id="sSpan167" xlink:href="#sTok47"/>
		<!--ⲙ̄-->
		<mark id="sSpan168" xlink:href="#sTok47"/>
		<!--ⲙ̄ ⲡ[ⲉ] ⲧ̣ⲣⲓⲧⲟⲛ-->
		<mark id="sSpan169" xlink:href="#sTok47 #sTok48 #sTok49"/>
		<!--ⲙ̄ ⲡ[ⲉ] ⲧ̣ⲣⲓⲧⲟⲛ-->
		<mark id="sSpan170" xlink:href="#sTok47 #sTok48 #sTok49"/>
		<!--ⲡ[ⲉ]-->
		<mark id="sSpan171" xlink:href="#sTok48"/>
		<!--ⲡ[ⲉ]-->
		<mark id="sSpan172" xlink:href="#sTok48"/>
		<!--ⲡ[ⲉ] ⲧ̣ⲣⲓⲧⲟⲛ ⲙⲉⲣⲟⲥ ϩⲛ̄ ⲛ ⲉⲃⲓⲟⲟⲩ̣ⲉ̣-->
		<mark id="sSpan173" xlink:href="#sTok48 #sTok49 #sTok50 #sTok51 #sTok52 #sTok53"/>
		<!--ⲧ̣ⲣⲓⲧⲟⲛ-->
		<mark id="sSpan174" xlink:href="#sTok49"/>
		<!--ⲧ̣ⲣⲓⲧⲟⲛ-->
		<mark id="sSpan175" xlink:href="#sTok49"/>
		<!--ⲧ̣ⲣⲓⲧⲟⲛ-->
		<mark id="sSpan176" xlink:href="#sTok49"/>
		<!--ⲙⲉⲣⲟⲥ-->
		<mark id="sSpan177" xlink:href="#sTok50"/>
		<!--ⲙⲉⲣⲟⲥ-->
		<mark id="sSpan178" xlink:href="#sTok50"/>
		<!--ⲙⲉⲣⲟⲥ-->
		<mark id="sSpan179" xlink:href="#sTok50"/>
		<!--ⲙⲉⲣⲟⲥ-->
		<mark id="sSpan180" xlink:href="#sTok50"/>
		<!--ⲙⲉⲣⲟⲥ-->
		<mark id="sSpan181" xlink:href="#sTok50"/>
		<!--ϩⲛ̄-->
		<mark id="sSpan182" xlink:href="#sTok51"/>
		<!--ϩⲛ̄-->
		<mark id="sSpan183" xlink:href="#sTok51"/>
		<!--ϩⲛ̄ ⲛ ⲉⲃⲓⲟⲟⲩ̣ⲉ̣-->
		<mark id="sSpan184" xlink:href="#sTok51 #sTok52 #sTok53"/>
		<!--ϩⲛ̄ ⲛ ⲉⲃⲓⲟⲟⲩ̣ⲉ̣-->
		<mark id="sSpan185" xlink:href="#sTok51 #sTok52 #sTok53"/>
		<!--ⲛ-->
		<mark id="sSpan186" xlink:href="#sTok52"/>
		<!--ⲛ-->
		<mark id="sSpan187" xlink:href="#sTok52"/>
		<!--ⲛ ⲉⲃⲓⲟⲟⲩ̣ⲉ̣-->
		<mark id="sSpan188" xlink:href="#sTok52 #sTok53"/>
		<!--ⲛ ⲉⲃⲓⲟⲟⲩ̣ⲉ̣ ⲉ ⲩ ⲁ ϭⲛ̄ⲧ̣ ⲟⲩ ϩⲛ̄ ⲛⲉⲩ ⲁⲃ ⲛ̄ ⲧⲓ ⲣⲟⲙ-->
		<mark id="sSpan189" xlink:href="#sTok52 #sTok53 #sTok54 #sTok55 #sTok56 #sTok57 #sTok58 #sTok59 #sTok60 #sTok61 #sTok62 #sTok63 #sTok64"/>
		<!--ⲉⲃⲓⲟⲟⲩ̣ⲉ̣-->
		<mark id="sSpan190" xlink:href="#sTok53"/>
		<!--ⲉⲃⲓⲟⲟⲩ̣ⲉ̣-->
		<mark id="sSpan191" xlink:href="#sTok53"/>
		<!--ⲉ-->
		<mark id="sSpan192" xlink:href="#sTok54"/>
		<!--ⲉ-->
		<mark id="sSpan193" xlink:href="#sTok54"/>
		<!--ⲉ ⲩ ⲁ ϭⲛ̄ⲧ̣ ⲟⲩ-->
		<mark id="sSpan194" xlink:href="#sTok54 #sTok55 #sTok56 #sTok57 #sTok58"/>
		<!--ⲉ ⲩ ⲁ ϭⲛ̄ⲧ̣ ⲟⲩ-->
		<mark id="sSpan195" xlink:href="#sTok54 #sTok55 #sTok56 #sTok57 #sTok58"/>
		<!--ⲉ ⲩ ⲁ ϭⲛ̄ⲧ̣ ⲟⲩ-->
		<mark id="sSpan196" xlink:href="#sTok54 #sTok55 #sTok56 #sTok57 #sTok58"/>
		<!--ⲩ-->
		<mark id="sSpan197" xlink:href="#sTok55"/>
		<!--ⲩ-->
		<mark id="sSpan198" xlink:href="#sTok55"/>
		<!--ⲁ-->
		<mark id="sSpan199" xlink:href="#sTok56"/>
		<!--ⲁ-->
		<mark id="sSpan200" xlink:href="#sTok56"/>
		<!--ϭⲛ̄ⲧ̣-->
		<mark id="sSpan201" xlink:href="#sTok57"/>
		<!--ϭⲛ̄ⲧ̣-->
		<mark id="sSpan202" xlink:href="#sTok57"/>
		<!--ⲟⲩ-->
		<mark id="sSpan203" xlink:href="#sTok58"/>
		<!--ⲟⲩ-->
		<mark id="sSpan204" xlink:href="#sTok58"/>
		<!--ϩⲛ̄-->
		<mark id="sSpan205" xlink:href="#sTok59"/>
		<!--ϩⲛ̄-->
		<mark id="sSpan206" xlink:href="#sTok59"/>
		<!--ϩⲛ̄ ⲛⲉⲩ ⲁⲃ-->
		<mark id="sSpan207" xlink:href="#sTok59 #sTok60 #sTok61"/>
		<!--ϩⲛ̄ ⲛⲉⲩ ⲁⲃ-->
		<mark id="sSpan208" xlink:href="#sTok59 #sTok60 #sTok61"/>
		<!--ϩⲛ̄ ⲛⲉⲩ ⲁⲃ-->
		<mark id="sSpan209" xlink:href="#sTok59 #sTok60 #sTok61"/>
		<!--ⲛⲉⲩ-->
		<mark id="sSpan210" xlink:href="#sTok60"/>
		<!--ⲛⲉⲩ-->
		<mark id="sSpan211" xlink:href="#sTok60"/>
		<!--ⲛⲉⲩ ⲁⲃ-->
		<mark id="sSpan212" xlink:href="#sTok60 #sTok61"/>
		<!--ⲁⲃ-->
		<mark id="sSpan213" xlink:href="#sTok61"/>
		<!--ⲁⲃ-->
		<mark id="sSpan214" xlink:href="#sTok61"/>
		<!--ⲛ̄-->
		<mark id="sSpan215" xlink:href="#sTok62"/>
		<!--ⲛ̄-->
		<mark id="sSpan216" xlink:href="#sTok62"/>
		<!--ⲛ̄ ⲧⲓ ⲣⲟⲙ ⲡⲉ-->
		<mark id="sSpan217" xlink:href="#sTok62 #sTok63 #sTok64 #sTok65"/>
		<!--ⲛ̄ ⲧⲓ ⲣⲟⲙ ⲡⲉ-->
		<mark id="sSpan218" xlink:href="#sTok62 #sTok63 #sTok64 #sTok65"/>
		<!--ⲛ̄ ⲧⲓ ⲣⲟⲙ ⲡⲉ-->
		<mark id="sSpan219" xlink:href="#sTok62 #sTok63 #sTok64 #sTok65"/>
		<!--ⲧⲓ-->
		<mark id="sSpan220" xlink:href="#sTok63"/>
		<!--ⲧⲓ-->
		<mark id="sSpan221" xlink:href="#sTok63"/>
		<!--ⲧⲓ ⲣⲟⲙ ⲡⲉ-->
		<mark id="sSpan222" xlink:href="#sTok63 #sTok64 #sTok65"/>
		<!--ⲣⲟⲙ ⲡⲉ-->
		<mark id="sSpan223" xlink:href="#sTok64 #sTok65"/>
		<!--ⲣⲟⲙ ⲡⲉ-->
		<mark id="sSpan224" xlink:href="#sTok64 #sTok65"/>
		<!--ⲡⲉ ⲧ̣ⲁⲓ ⲇⲉⲩⲧ̣ⲉⲣ ⲓ[ⲛⲇ] ⲉⲓ ⲇⲉ ⲙ̄ⲡ ⲉⲓ ⲧⲁⲁ ⲩ ⲛⲏ ⲧⲛ̄-->
		<mark id="sSpan225" xlink:href="#sTok65 #sTok66 #sTok67 #sTok68 #sTok69 #sTok70 #sTok71 #sTok72 #sTok73 #sTok74 #sTok75 #sTok76"/>
		<!--ⲧ̣ⲁⲓ-->
		<mark id="sSpan226" xlink:href="#sTok66"/>
		<!--ⲧ̣ⲁⲓ-->
		<mark id="sSpan227" xlink:href="#sTok66"/>
		<!--ⲧ̣ⲁⲓ-->
		<mark id="sSpan228" xlink:href="#sTok66"/>
		<!--ⲧ̣ⲁⲓ-->
		<mark id="sSpan229" xlink:href="#sTok66"/>
		<!--ⲧ̣ⲁⲓ-->
		<mark id="sSpan230" xlink:href="#sTok66"/>
		<!--ⲧ̣ⲁⲓ ⲇⲉⲩⲧ̣ⲉⲣ ⲓ[ⲛⲇ]-->
		<mark id="sSpan231" xlink:href="#sTok66 #sTok67 #sTok68"/>
		<!--ⲇⲉⲩⲧ̣ⲉⲣ-->
		<mark id="sSpan232" xlink:href="#sTok67"/>
		<!--ⲇⲉⲩⲧ̣ⲉⲣ-->
		<mark id="sSpan233" xlink:href="#sTok67"/>
		<!--ⲇⲉⲩⲧ̣ⲉⲣ-->
		<mark id="sSpan234" xlink:href="#sTok67"/>
		<!--ⲇⲉⲩⲧ̣ⲉⲣ-->
		<mark id="sSpan235" xlink:href="#sTok67"/>
		<!--ⲇⲉⲩⲧ̣ⲉⲣ-->
		<mark id="sSpan236" xlink:href="#sTok67"/>
		<!--ⲇⲉⲩⲧ̣ⲉⲣ ⲓ[ⲛⲇ]-->
		<mark id="sSpan237" xlink:href="#sTok67 #sTok68"/>
		<!--ⲓ[ⲛⲇ]-->
		<mark id="sSpan238" xlink:href="#sTok68"/>
		<!--ⲓ[ⲛⲇ]-->
		<mark id="sSpan239" xlink:href="#sTok68"/>
		<!--ⲓ[ⲛⲇ]-->
		<mark id="sSpan240" xlink:href="#sTok68"/>
		<!--ⲓ[ⲛⲇ]-->
		<mark id="sSpan241" xlink:href="#sTok68"/>
		<!--ⲓ[ⲛⲇ]-->
		<mark id="sSpan242" xlink:href="#sTok68"/>
		<!--ⲉⲓ-->
		<mark id="sSpan243" xlink:href="#sTok69"/>
		<!--ⲉⲓ-->
		<mark id="sSpan244" xlink:href="#sTok69"/>
		<!--ⲉⲓ-->
		<mark id="sSpan245" xlink:href="#sTok69"/>
		<!--ⲉⲓ-->
		<mark id="sSpan246" xlink:href="#sTok69"/>
		<!--ⲉⲓ-->
		<mark id="sSpan247" xlink:href="#sTok69"/>
		<!--ⲉⲓ ⲇⲉ ⲙ̄ⲡ ⲉⲓ ⲧⲁⲁ ⲩ ⲛⲏ ⲧⲛ̄ ⲡⲣⲟⲥ ⲑ ⲉ ⲛ̄ⲧ ⲁ ⲓ ϣⲏⲣ︤ⲡ︥ ⲥϩⲁⲓ-->
		<mark id="sSpan248" xlink:href="#sTok69 #sTok70 #sTok71 #sTok72 #sTok73 #sTok74 #sTok75 #sTok76 #sTok77 #sTok78 #sTok79 #sTok80 #sTok81 #sTok82 #sTok83 #sTok84"/>
		<!--ⲇⲉ-->
		<mark id="sSpan249" xlink:href="#sTok70"/>
		<!--ⲇⲉ-->
		<mark id="sSpan250" xlink:href="#sTok70"/>
		<!--ⲇⲉ-->
		<mark id="sSpan251" xlink:href="#sTok70"/>
		<!--ⲇⲉ-->
		<mark id="sSpan252" xlink:href="#sTok70"/>
		<!--ⲇⲉ-->
		<mark id="sSpan253" xlink:href="#sTok70"/>
		<!--ⲙ̄ⲡ-->
		<mark id="sSpan254" xlink:href="#sTok71"/>
		<!--ⲙ̄ⲡ-->
		<mark id="sSpan255" xlink:href="#sTok71"/>
		<!--ⲙ̄ⲡ ⲉⲓ ⲧⲁⲁ ⲩ-->
		<mark id="sSpan256" xlink:href="#sTok71 #sTok72 #sTok73 #sTok74"/>
		<!--ⲙ̄ⲡ ⲉⲓ ⲧⲁⲁ ⲩ-->
		<mark id="sSpan257" xlink:href="#sTok71 #sTok72 #sTok73 #sTok74"/>
		<!--ⲉⲓ-->
		<mark id="sSpan258" xlink:href="#sTok72"/>
		<!--ⲉⲓ-->
		<mark id="sSpan259" xlink:href="#sTok72"/>
		<!--ⲧⲁⲁ-->
		<mark id="sSpan260" xlink:href="#sTok73"/>
		<!--ⲧⲁⲁ-->
		<mark id="sSpan261" xlink:href="#sTok73"/>
		<!--ⲩ-->
		<mark id="sSpan262" xlink:href="#sTok74"/>
		<!--ⲩ-->
		<mark id="sSpan263" xlink:href="#sTok74"/>
		<!--ⲛⲏ-->
		<mark id="sSpan264" xlink:href="#sTok75"/>
		<!--ⲛⲏ-->
		<mark id="sSpan265" xlink:href="#sTok75"/>
		<!--ⲛⲏ ⲧⲛ̄-->
		<mark id="sSpan266" xlink:href="#sTok75 #sTok76"/>
		<!--ⲛⲏ ⲧⲛ̄-->
		<mark id="sSpan267" xlink:href="#sTok75 #sTok76"/>
		<!--ⲧⲛ̄-->
		<mark id="sSpan268" xlink:href="#sTok76"/>
		<!--ⲧⲛ̄-->
		<mark id="sSpan269" xlink:href="#sTok76"/>
		<!--ⲡⲣⲟⲥ-->
		<mark id="sSpan270" xlink:href="#sTok77"/>
		<!--ⲡⲣⲟⲥ-->
		<mark id="sSpan271" xlink:href="#sTok77"/>
		<!--ⲡⲣⲟⲥ-->
		<mark id="sSpan272" xlink:href="#sTok77"/>
		<!--ⲡⲣⲟⲥ ⲑ ⲉ-->
		<mark id="sSpan273" xlink:href="#sTok77 #sTok78 #sTok79"/>
		<!--ⲡⲣⲟⲥ ⲑ ⲉ-->
		<mark id="sSpan274" xlink:href="#sTok77 #sTok78 #sTok79"/>
		<!--ⲡⲣⲟⲥ ⲑ ⲉ ⲛ̄ⲧ ⲁ ⲓ ϣⲏⲣ︤ⲡ︥ ⲥϩⲁⲓ ⲉⲣⲉ ⲧⲁ ϩⲩⲡⲟⲥⲧⲁⲥⲓ̣ⲥ̣-->
		<mark id="sSpan275" xlink:href="#sTok77 #sTok78 #sTok79 #sTok80 #sTok81 #sTok82 #sTok83 #sTok84 #sTok85 #sTok86 #sTok87"/>
		<!--ⲑ-->
		<mark id="sSpan276" xlink:href="#sTok78"/>
		<!--ⲑ-->
		<mark id="sSpan277" xlink:href="#sTok78"/>
		<!--ⲉ-->
		<mark id="sSpan278" xlink:href="#sTok79"/>
		<!--ⲉ-->
		<mark id="sSpan279" xlink:href="#sTok79"/>
		<!--ⲛ̄ⲧ-->
		<mark id="sSpan280" xlink:href="#sTok80"/>
		<!--ⲛ̄ⲧ-->
		<mark id="sSpan281" xlink:href="#sTok80"/>
		<!--ⲛ̄ⲧ ⲁ ⲓ ϣⲏⲣ︤ⲡ︥ ⲥϩⲁⲓ-->
		<mark id="sSpan282" xlink:href="#sTok80 #sTok81 #sTok82 #sTok83 #sTok84"/>
		<!--ⲛ̄ⲧ ⲁ ⲓ ϣⲏⲣ︤ⲡ︥ ⲥϩⲁⲓ-->
		<mark id="sSpan283" xlink:href="#sTok80 #sTok81 #sTok82 #sTok83 #sTok84"/>
		<!--ⲁ-->
		<mark id="sSpan284" xlink:href="#sTok81"/>
		<!--ⲁ-->
		<mark id="sSpan285" xlink:href="#sTok81"/>
		<!--ⲓ-->
		<mark id="sSpan286" xlink:href="#sTok82"/>
		<!--ⲓ-->
		<mark id="sSpan287" xlink:href="#sTok82"/>
		<!--ϣⲏⲣ︤ⲡ︥-->
		<mark id="sSpan288" xlink:href="#sTok83"/>
		<!--ϣⲏⲣ︤ⲡ︥ ⲥϩⲁⲓ-->
		<mark id="sSpan289" xlink:href="#sTok83 #sTok84"/>
		<!--ϣⲏⲣ︤ⲡ︥ ⲥϩⲁⲓ-->
		<mark id="sSpan290" xlink:href="#sTok83 #sTok84"/>
		<!--ⲥϩⲁⲓ-->
		<mark id="sSpan291" xlink:href="#sTok84"/>
		<!--ⲉⲣⲉ-->
		<mark id="sSpan292" xlink:href="#sTok85"/>
		<!--ⲉⲣⲉ-->
		<mark id="sSpan293" xlink:href="#sTok85"/>
		<!--ⲉⲣⲉ ⲧⲁ ϩⲩⲡⲟⲥⲧⲁⲥⲓ̣ⲥ̣-->
		<mark id="sSpan294" xlink:href="#sTok85 #sTok86 #sTok87"/>
		<!--ⲉⲣⲉ ⲧⲁ ϩⲩⲡⲟⲥⲧⲁⲥⲓ̣ⲥ̣-->
		<mark id="sSpan295" xlink:href="#sTok85 #sTok86 #sTok87"/>
		<!--ⲉⲣⲉ ⲧⲁ ϩⲩⲡⲟⲥⲧⲁⲥⲓ̣ⲥ̣ ⲧⲏⲣ︤ ⲥ︥ ⲕ[ⲓⲛⲇ]ⲩ̣ⲛⲉⲩⲉ ⲛⲏ ⲧⲛ̄-->
		<mark id="sSpan296" xlink:href="#sTok85 #sTok86 #sTok87 #sTok88 #sTok89 #sTok90 #sTok91 #sTok92"/>
		<!--ⲧⲁ-->
		<mark id="sSpan297" xlink:href="#sTok86"/>
		<!--ⲧⲁ-->
		<mark id="sSpan298" xlink:href="#sTok86"/>
		<!--ⲧⲁ ϩⲩⲡⲟⲥⲧⲁⲥⲓ̣ⲥ̣ ⲧⲏⲣ︤ ⲥ︥-->
		<mark id="sSpan299" xlink:href="#sTok86 #sTok87 #sTok88 #sTok89"/>
		<!--ϩⲩⲡⲟⲥⲧⲁⲥⲓ̣ⲥ̣-->
		<mark id="sSpan300" xlink:href="#sTok87"/>
		<!--ϩⲩⲡⲟⲥⲧⲁⲥⲓ̣ⲥ̣-->
		<mark id="sSpan301" xlink:href="#sTok87"/>
		<!--ϩⲩⲡⲟⲥⲧⲁⲥⲓ̣ⲥ̣-->
		<mark id="sSpan302" xlink:href="#sTok87"/>
		<!--ⲧⲏⲣ︤-->
		<mark id="sSpan303" xlink:href="#sTok88"/>
		<!--ⲧⲏⲣ︤-->
		<mark id="sSpan304" xlink:href="#sTok88"/>
		<!--ⲧⲏⲣ︤ ⲥ︥-->
		<mark id="sSpan305" xlink:href="#sTok88 #sTok89"/>
		<!--ⲧⲏⲣ︤ ⲥ︥-->
		<mark id="sSpan306" xlink:href="#sTok88 #sTok89"/>
		<!--ⲧⲏⲣ︤ ⲥ︥ ⲕ[ⲓⲛⲇ]ⲩ̣ⲛⲉⲩⲉ ⲛⲏ ⲧⲛ̄ ⲉ ⲩ ⲱⲣ︤ϫ︥ ⲟⲩⲛ ⲛⲏ ⲧ[ⲛ]-->
		<mark id="sSpan307" xlink:href="#sTok88 #sTok89 #sTok90 #sTok91 #sTok92 #sTok93 #sTok94 #sTok95 #sTok96 #sTok97 #sTok98"/>
		<!--ⲥ︥-->
		<mark id="sSpan308" xlink:href="#sTok89"/>
		<!--ⲥ︥-->
		<mark id="sSpan309" xlink:href="#sTok89"/>
		<!--ⲕ[ⲓⲛⲇ]ⲩ̣ⲛⲉⲩⲉ-->
		<mark id="sSpan310" xlink:href="#sTok90"/>
		<!--ⲕ[ⲓⲛⲇ]ⲩ̣ⲛⲉⲩⲉ-->
		<mark id="sSpan311" xlink:href="#sTok90"/>
		<!--ⲕ[ⲓⲛⲇ]ⲩ̣ⲛⲉⲩⲉ-->
		<mark id="sSpan312" xlink:href="#sTok90"/>
		<!--ⲕ[ⲓⲛⲇ]ⲩ̣ⲛⲉⲩⲉ-->
		<mark id="sSpan313" xlink:href="#sTok90"/>
		<!--ⲕ[ⲓⲛⲇ]ⲩ̣ⲛⲉⲩⲉ-->
		<mark id="sSpan314" xlink:href="#sTok90"/>
		<!--ⲛⲏ-->
		<mark id="sSpan315" xlink:href="#sTok91"/>
		<!--ⲛⲏ-->
		<mark id="sSpan316" xlink:href="#sTok91"/>
		<!--ⲛⲏ ⲧⲛ̄-->
		<mark id="sSpan317" xlink:href="#sTok91 #sTok92"/>
		<!--ⲛⲏ ⲧⲛ̄-->
		<mark id="sSpan318" xlink:href="#sTok91 #sTok92"/>
		<!--ⲧⲛ̄-->
		<mark id="sSpan319" xlink:href="#sTok92"/>
		<!--ⲧⲛ̄-->
		<mark id="sSpan320" xlink:href="#sTok92"/>
		<!--ⲉ-->
		<mark id="sSpan321" xlink:href="#sTok93"/>
		<!--ⲉ-->
		<mark id="sSpan322" xlink:href="#sTok93"/>
		<!--ⲉ ⲩ ⲱⲣ︤ϫ︥-->
		<mark id="sSpan323" xlink:href="#sTok93 #sTok94 #sTok95"/>
		<!--ⲉ ⲩ ⲱⲣ︤ϫ︥-->
		<mark id="sSpan324" xlink:href="#sTok93 #sTok94 #sTok95"/>
		<!--ⲉ ⲩ ⲱⲣ︤ϫ︥ ⲟⲩⲛ ⲛⲏ ⲧ[ⲛ]-->
		<mark id="sSpan325" xlink:href="#sTok93 #sTok94 #sTok95 #sTok96 #sTok97 #sTok98"/>
		<!--ⲩ-->
		<mark id="sSpan326" xlink:href="#sTok94"/>
		<!--ⲩ-->
		<mark id="sSpan327" xlink:href="#sTok94"/>
		<!--ⲱⲣ︤ϫ︥-->
		<mark id="sSpan328" xlink:href="#sTok95"/>
		<!--ⲱⲣ︤ϫ︥-->
		<mark id="sSpan329" xlink:href="#sTok95"/>
		<!--ⲟⲩⲛ-->
		<mark id="sSpan330" xlink:href="#sTok96"/>
		<!--ⲟⲩⲛ-->
		<mark id="sSpan331" xlink:href="#sTok96"/>
		<!--ⲟⲩⲛ-->
		<mark id="sSpan332" xlink:href="#sTok96"/>
		<!--ⲟⲩⲛ-->
		<mark id="sSpan333" xlink:href="#sTok96"/>
		<!--ⲟⲩⲛ-->
		<mark id="sSpan334" xlink:href="#sTok96"/>
		<!--ⲛⲏ-->
		<mark id="sSpan335" xlink:href="#sTok97"/>
		<!--ⲛⲏ-->
		<mark id="sSpan336" xlink:href="#sTok97"/>
		<!--ⲛⲏ ⲧ[ⲛ]-->
		<mark id="sSpan337" xlink:href="#sTok97 #sTok98"/>
		<!--ⲛⲏ ⲧ[ⲛ]-->
		<mark id="sSpan338" xlink:href="#sTok97 #sTok98"/>
		<!--ⲧ[ⲛ]-->
		<mark id="sSpan339" xlink:href="#sTok98"/>
		<!--ⲧ[ⲛ]-->
		<mark id="sSpan340" xlink:href="#sTok98"/>
		<!--ⲁ-->
		<mark id="sSpan341" xlink:href="#sTok99"/>
		<!--ⲁ-->
		<mark id="sSpan342" xlink:href="#sTok99"/>
		<!--ⲁ ⲓ ⲥⲙⲛ̄ ⲧⲓ ϩⲟⲙⲟⲗⲟⲅⲉⲓⲁ-->
		<mark id="sSpan343" xlink:href="#sTok99 #sTok100 #sTok101 #sTok102 #sTok103"/>
		<!--ⲁ ⲓ ⲥⲙⲛ̄ ⲧⲓ ϩⲟⲙⲟⲗⲟⲅⲉⲓⲁ-->
		<mark id="sSpan344" xlink:href="#sTok99 #sTok100 #sTok101 #sTok102 #sTok103"/>
		<!--ⲁ ⲓ ⲥⲙⲛ̄ ⲧⲓ ϩⲟⲙⲟⲗⲟⲅⲉⲓⲁ ⲉ ⲥ ⲟ ⲛ ⲉⲅⲅⲩⲏ ⲛⲏ ⲧⲛ-->
		<mark id="sSpan345" xlink:href="#sTok99 #sTok100 #sTok101 #sTok102 #sTok103 #sTok104 #sTok105 #sTok106 #sTok107 #sTok108 #sTok109 #sTok110"/>
		<!--ⲁ ⲓ ⲥⲙⲛ̄ ⲧⲓ ϩⲟⲙⲟⲗⲟⲅⲉⲓⲁ ⲉ ⲥ ⲟ ⲛ ⲉⲅⲅⲩⲏ ⲛⲏ ⲧⲛ-->
		<mark id="sSpan346" xlink:href="#sTok99 #sTok100 #sTok101 #sTok102 #sTok103 #sTok104 #sTok105 #sTok106 #sTok107 #sTok108 #sTok109 #sTok110"/>
		<!--ⲓ-->
		<mark id="sSpan347" xlink:href="#sTok100"/>
		<!--ⲓ-->
		<mark id="sSpan348" xlink:href="#sTok100"/>
		<!--ⲥⲙⲛ̄-->
		<mark id="sSpan349" xlink:href="#sTok101"/>
		<!--ⲥⲙⲛ̄-->
		<mark id="sSpan350" xlink:href="#sTok101"/>
		<!--ⲧⲓ-->
		<mark id="sSpan351" xlink:href="#sTok102"/>
		<!--ⲧⲓ-->
		<mark id="sSpan352" xlink:href="#sTok102"/>
		<!--ⲧⲓ ϩⲟⲙⲟⲗⲟⲅⲉⲓⲁ-->
		<mark id="sSpan353" xlink:href="#sTok102 #sTok103"/>
		<!--ϩⲟⲙⲟⲗⲟⲅⲉⲓⲁ-->
		<mark id="sSpan354" xlink:href="#sTok103"/>
		<!--ϩⲟⲙⲟⲗⲟⲅⲉⲓⲁ-->
		<mark id="sSpan355" xlink:href="#sTok103"/>
		<!--ϩⲟⲙⲟⲗⲟⲅⲉⲓⲁ-->
		<mark id="sSpan356" xlink:href="#sTok103"/>
		<!--ⲉ-->
		<mark id="sSpan357" xlink:href="#sTok104"/>
		<!--ⲉ-->
		<mark id="sSpan358" xlink:href="#sTok104"/>
		<!--ⲉ ⲥ ⲟ-->
		<mark id="sSpan359" xlink:href="#sTok104 #sTok105 #sTok106"/>
		<!--ⲉ ⲥ ⲟ-->
		<mark id="sSpan360" xlink:href="#sTok104 #sTok105 #sTok106"/>
		<!--ⲥ-->
		<mark id="sSpan361" xlink:href="#sTok105"/>
		<!--ⲥ-->
		<mark id="sSpan362" xlink:href="#sTok105"/>
		<!--ⲟ-->
		<mark id="sSpan363" xlink:href="#sTok106"/>
		<!--ⲟ-->
		<mark id="sSpan364" xlink:href="#sTok106"/>
		<!--ⲛ-->
		<mark id="sSpan365" xlink:href="#sTok107"/>
		<!--ⲛ-->
		<mark id="sSpan366" xlink:href="#sTok107"/>
		<!--ⲛ ⲉⲅⲅⲩⲏ-->
		<mark id="sSpan367" xlink:href="#sTok107 #sTok108"/>
		<!--ⲛ ⲉⲅⲅⲩⲏ-->
		<mark id="sSpan368" xlink:href="#sTok107 #sTok108"/>
		<!--ⲉⲅⲅⲩⲏ-->
		<mark id="sSpan369" xlink:href="#sTok108"/>
		<!--ⲉⲅⲅⲩⲏ-->
		<mark id="sSpan370" xlink:href="#sTok108"/>
		<!--ⲉⲅⲅⲩⲏ-->
		<mark id="sSpan371" xlink:href="#sTok108"/>
		<!--ⲉⲅⲅⲩⲏ-->
		<mark id="sSpan372" xlink:href="#sTok108"/>
		<!--ⲛⲏ-->
		<mark id="sSpan373" xlink:href="#sTok109"/>
		<!--ⲛⲏ-->
		<mark id="sSpan374" xlink:href="#sTok109"/>
		<!--ⲛⲏ ⲧⲛ-->
		<mark id="sSpan375" xlink:href="#sTok109 #sTok110"/>
		<!--ⲛⲏ ⲧⲛ-->
		<mark id="sSpan376" xlink:href="#sTok109 #sTok110"/>
		<!--ⲧⲛ-->
		<mark id="sSpan377" xlink:href="#sTok110"/>
		<!--ⲧⲛ-->
		<mark id="sSpan378" xlink:href="#sTok110"/>
		<!--ο̣-->
		<mark id="sSpan379" xlink:href="#sTok111"/>
		<!--ο̣-->
		<mark id="sSpan380" xlink:href="#sTok111"/>
		<!--ο̣-->
		<mark id="sSpan381" xlink:href="#sTok111"/>
		<!--ο̣-->
		<mark id="sSpan382" xlink:href="#sTok111"/>
		<!--ο̣-->
		<mark id="sSpan383" xlink:href="#sTok111"/>
		<!--ο̣ . γ̣ Φαμθ θἰνδ β-->
		<mark id="sSpan384" xlink:href="#sTok111 #sTok112 #sTok113 #sTok114 #sTok115 #sTok116"/>
		<!--ο̣ . γ̣ Φαμθ θἰνδ β-->
		<mark id="sSpan385" xlink:href="#sTok111 #sTok112 #sTok113 #sTok114 #sTok115 #sTok116"/>
		<!--ο̣ . γ̣ Φαμθ θἰνδ β ⲁⲛ̣ⲟ̣ⲕ ⲫⲓ̣ⲗ̣ⲟ̣ⲑⲉ̣ⲟ̣ⲥ̣ ⲧⲓ ⲥ[ⲧⲟⲓⲭⲉⲓ]-->
		<mark id="sSpan386" xlink:href="#sTok111 #sTok112 #sTok113 #sTok114 #sTok115 #sTok116 #sTok117 #sTok118 #sTok119 #sTok120"/>
		<!--ο̣ . γ̣ Φαμθ θἰνδ β ⲁⲛ̣ⲟ̣ⲕ ⲫⲓ̣ⲗ̣ⲟ̣ⲑⲉ̣ⲟ̣ⲥ̣ ⲧⲓ ⲥ[ⲧⲟⲓⲭⲉⲓ] ⲫⲓⲗⲟⲑⲉⲟⲥ † † † †-->
		<mark id="sSpan387" xlink:href="#sTok111 #sTok112 #sTok113 #sTok114 #sTok115 #sTok116 #sTok117 #sTok118 #sTok119 #sTok120 #sTok121 #sTok122 #sTok123 #sTok124 #sTok125"/>
		<!--.-->
		<mark id="sSpan388" xlink:href="#sTok112"/>
		<!--.-->
		<mark id="sSpan389" xlink:href="#sTok112"/>
		<!--.-->
		<mark id="sSpan390" xlink:href="#sTok112"/>
		<!--.-->
		<mark id="sSpan391" xlink:href="#sTok112"/>
		<!--γ̣-->
		<mark id="sSpan392" xlink:href="#sTok113"/>
		<!--γ̣-->
		<mark id="sSpan393" xlink:href="#sTok113"/>
		<!--γ̣-->
		<mark id="sSpan394" xlink:href="#sTok113"/>
		<!--γ̣-->
		<mark id="sSpan395" xlink:href="#sTok113"/>
		<!--γ̣-->
		<mark id="sSpan396" xlink:href="#sTok113"/>
		<!--Φαμθ-->
		<mark id="sSpan397" xlink:href="#sTok114"/>
		<!--Φαμθ-->
		<mark id="sSpan398" xlink:href="#sTok114"/>
		<!--Φαμθ-->
		<mark id="sSpan399" xlink:href="#sTok114"/>
		<!--Φαμθ-->
		<mark id="sSpan400" xlink:href="#sTok114"/>
		<!--Φαμθ-->
		<mark id="sSpan401" xlink:href="#sTok114"/>
		<!--Φαμθ θἰνδ β-->
		<mark id="sSpan402" xlink:href="#sTok114 #sTok115 #sTok116"/>
		<!--θἰνδ-->
		<mark id="sSpan403" xlink:href="#sTok115"/>
		<!--θἰνδ-->
		<mark id="sSpan404" xlink:href="#sTok115"/>
		<!--θἰνδ-->
		<mark id="sSpan405" xlink:href="#sTok115"/>
		<!--θἰνδ-->
		<mark id="sSpan406" xlink:href="#sTok115"/>
		<!--θἰνδ-->
		<mark id="sSpan407" xlink:href="#sTok115"/>
		<!--θἰνδ β-->
		<mark id="sSpan408" xlink:href="#sTok115 #sTok116"/>
		<!--β-->
		<mark id="sSpan409" xlink:href="#sTok116"/>
		<!--β-->
		<mark id="sSpan410" xlink:href="#sTok116"/>
		<!--β-->
		<mark id="sSpan411" xlink:href="#sTok116"/>
		<!--β-->
		<mark id="sSpan412" xlink:href="#sTok116"/>
		<!--β-->
		<mark id="sSpan413" xlink:href="#sTok116"/>
		<!--ⲁⲛ̣ⲟ̣ⲕ-->
		<mark id="sSpan414" xlink:href="#sTok117"/>
		<!--ⲁⲛ̣ⲟ̣ⲕ-->
		<mark id="sSpan415" xlink:href="#sTok117"/>
		<!--ⲁⲛ̣ⲟ̣ⲕ-->
		<mark id="sSpan416" xlink:href="#sTok117"/>
		<!--ⲁⲛ̣ⲟ̣ⲕ-->
		<mark id="sSpan417" xlink:href="#sTok117"/>
		<!--ⲁⲛ̣ⲟ̣ⲕ ⲫⲓ̣ⲗ̣ⲟ̣ⲑⲉ̣ⲟ̣ⲥ̣ ⲧⲓ ⲥ[ⲧⲟⲓⲭⲉⲓ] ⲫⲓⲗⲟⲑⲉⲟⲥ-->
		<mark id="sSpan418" xlink:href="#sTok117 #sTok118 #sTok119 #sTok120 #sTok121"/>
		<!--ⲫⲓ̣ⲗ̣ⲟ̣ⲑⲉ̣ⲟ̣ⲥ̣-->
		<mark id="sSpan419" xlink:href="#sTok118"/>
		<!--ⲫⲓ̣ⲗ̣ⲟ̣ⲑⲉ̣ⲟ̣ⲥ̣-->
		<mark id="sSpan420" xlink:href="#sTok118"/>
		<!--ⲫⲓ̣ⲗ̣ⲟ̣ⲑⲉ̣ⲟ̣ⲥ̣-->
		<mark id="sSpan421" xlink:href="#sTok118"/>
		<!--ⲫⲓ̣ⲗ̣ⲟ̣ⲑⲉ̣ⲟ̣ⲥ̣-->
		<mark id="sSpan422" xlink:href="#sTok118"/>
		<!--ⲫⲓ̣ⲗ̣ⲟ̣ⲑⲉ̣ⲟ̣ⲥ̣-->
		<mark id="sSpan423" xlink:href="#sTok118"/>
		<!--ⲫⲓ̣ⲗ̣ⲟ̣ⲑⲉ̣ⲟ̣ⲥ̣-->
		<mark id="sSpan424" xlink:href="#sTok118"/>
		<!--ⲧⲓ-->
		<mark id="sSpan425" xlink:href="#sTok119"/>
		<!--ⲧⲓ-->
		<mark id="sSpan426" xlink:href="#sTok119"/>
		<!--ⲧⲓ ⲥ[ⲧⲟⲓⲭⲉⲓ]-->
		<mark id="sSpan427" xlink:href="#sTok119 #sTok120"/>
		<!--ⲧⲓ ⲥ[ⲧⲟⲓⲭⲉⲓ]-->
		<mark id="sSpan428" xlink:href="#sTok119 #sTok120"/>
		<!--ⲥ[ⲧⲟⲓⲭⲉⲓ]-->
		<mark id="sSpan429" xlink:href="#sTok120"/>
		<!--ⲥ[ⲧⲟⲓⲭⲉⲓ]-->
		<mark id="sSpan430" xlink:href="#sTok120"/>
		<!--ⲥ[ⲧⲟⲓⲭⲉⲓ]-->
		<mark id="sSpan431" xlink:href="#sTok120"/>
		<!--ⲫⲓⲗⲟⲑⲉⲟⲥ-->
		<mark id="sSpan432" xlink:href="#sTok121"/>
		<!--ⲫⲓⲗⲟⲑⲉⲟⲥ-->
		<mark id="sSpan433" xlink:href="#sTok121"/>
		<!--ⲫⲓⲗⲟⲑⲉⲟⲥ-->
		<mark id="sSpan434" xlink:href="#sTok121"/>
		<!--ⲫⲓⲗⲟⲑⲉⲟⲥ-->
		<mark id="sSpan435" xlink:href="#sTok121"/>
		<!--ⲫⲓⲗⲟⲑⲉⲟⲥ-->
		<mark id="sSpan436" xlink:href="#sTok121"/>
		<!--ⲫⲓⲗⲟⲑⲉⲟⲥ-->
		<mark id="sSpan437" xlink:href="#sTok121"/>
		<!--ⲫⲓⲗⲟⲑⲉⲟⲥ-->
		<mark id="sSpan438" xlink:href="#sTok121"/>
		<!--ⲫⲓⲗⲟⲑⲉⲟⲥ † † † † ⲁⲛⲟⲕ ⲭⲣⲓⲥⲧⲟⲫⲟ̣ⲣⲟⲥ̣ ⲧⲓ [ⲥϩⲁⲓ ϩⲁⲣⲟ ϥ]-->
		<mark id="sSpan439" xlink:href="#sTok121 #sTok122 #sTok123 #sTok124 #sTok125 #sTok126 #sTok127 #sTok128 #sTok129 #sTok130 #sTok131"/>
		<!--†-->
		<mark id="sSpan440" xlink:href="#sTok122"/>
		<!--†-->
		<mark id="sSpan441" xlink:href="#sTok122"/>
		<!--†-->
		<mark id="sSpan442" xlink:href="#sTok122"/>
		<!--†-->
		<mark id="sSpan443" xlink:href="#sTok122"/>
		<!--† † † †-->
		<mark id="sSpan444" xlink:href="#sTok122 #sTok123 #sTok124 #sTok125"/>
		<!--†-->
		<mark id="sSpan445" xlink:href="#sTok123"/>
		<!--†-->
		<mark id="sSpan446" xlink:href="#sTok123"/>
		<!--†-->
		<mark id="sSpan447" xlink:href="#sTok123"/>
		<!--†-->
		<mark id="sSpan448" xlink:href="#sTok123"/>
		<!--†-->
		<mark id="sSpan449" xlink:href="#sTok124"/>
		<!--†-->
		<mark id="sSpan450" xlink:href="#sTok124"/>
		<!--†-->
		<mark id="sSpan451" xlink:href="#sTok124"/>
		<!--†-->
		<mark id="sSpan452" xlink:href="#sTok124"/>
		<!--†-->
		<mark id="sSpan453" xlink:href="#sTok125"/>
		<!--†-->
		<mark id="sSpan454" xlink:href="#sTok125"/>
		<!--†-->
		<mark id="sSpan455" xlink:href="#sTok125"/>
		<!--†-->
		<mark id="sSpan456" xlink:href="#sTok125"/>
		<!--ⲁⲛⲟⲕ-->
		<mark id="sSpan457" xlink:href="#sTok126"/>
		<!--ⲁⲛⲟⲕ-->
		<mark id="sSpan458" xlink:href="#sTok126"/>
		<!--ⲁⲛⲟⲕ-->
		<mark id="sSpan459" xlink:href="#sTok126"/>
		<!--ⲁⲛⲟⲕ-->
		<mark id="sSpan460" xlink:href="#sTok126"/>
		<!--ⲁⲛⲟⲕ ⲭⲣⲓⲥⲧⲟⲫⲟ̣ⲣⲟⲥ̣ ⲧⲓ [ⲥϩⲁⲓ ϩⲁⲣⲟ ϥ] ϫⲛ̄ ϥ ⲛ̄ⲟⲓ ⲁⲛ ⲁⲩⲱ ⲧⲓ ⲟ ⲙ̄ ⲙⲛ︤ⲧ︦ⲣ︥ⲉ-->
		<mark id="sSpan461" xlink:href="#sTok126 #sTok127 #sTok128 #sTok129 #sTok130 #sTok131 #sTok132 #sTok133 #sTok134 #sTok135 #sTok136 #sTok137 #sTok138 #sTok139 #sTok140"/>
		<!--ⲁⲛⲟⲕ ⲭⲣⲓⲥⲧⲟⲫⲟ̣ⲣⲟⲥ̣ ⲧⲓ [ⲥϩⲁⲓ ϩⲁⲣⲟ ϥ] ϫⲛ̄ ϥ ⲛ̄ⲟⲓ ⲁⲛ ⲁⲩⲱ ⲧⲓ ⲟ ⲙ̄ ⲙⲛ︤ⲧ︦ⲣ︥ⲉ-->
		<mark id="sSpan462" xlink:href="#sTok126 #sTok127 #sTok128 #sTok129 #sTok130 #sTok131 #sTok132 #sTok133 #sTok134 #sTok135 #sTok136 #sTok137 #sTok138 #sTok139 #sTok140"/>
		<!--ⲭⲣⲓⲥⲧⲟⲫⲟ̣ⲣⲟⲥ̣-->
		<mark id="sSpan463" xlink:href="#sTok127"/>
		<!--ⲭⲣⲓⲥⲧⲟⲫⲟ̣ⲣⲟⲥ̣-->
		<mark id="sSpan464" xlink:href="#sTok127"/>
		<!--ⲭⲣⲓⲥⲧⲟⲫⲟ̣ⲣⲟⲥ̣-->
		<mark id="sSpan465" xlink:href="#sTok127"/>
		<!--ⲭⲣⲓⲥⲧⲟⲫⲟ̣ⲣⲟⲥ̣-->
		<mark id="sSpan466" xlink:href="#sTok127"/>
		<!--ⲭⲣⲓⲥⲧⲟⲫⲟ̣ⲣⲟⲥ̣-->
		<mark id="sSpan467" xlink:href="#sTok127"/>
		<!--ⲧⲓ-->
		<mark id="sSpan468" xlink:href="#sTok128"/>
		<!--ⲧⲓ-->
		<mark id="sSpan469" xlink:href="#sTok128"/>
		<!--ⲧⲓ [ⲥϩⲁⲓ-->
		<mark id="sSpan470" xlink:href="#sTok128 #sTok129"/>
		<!--ⲧⲓ [ⲥϩⲁⲓ-->
		<mark id="sSpan471" xlink:href="#sTok128 #sTok129"/>
		<!--[ⲥϩⲁⲓ-->
		<mark id="sSpan472" xlink:href="#sTok129"/>
		<!--[ⲥϩⲁⲓ-->
		<mark id="sSpan473" xlink:href="#sTok129"/>
		<!--[ⲥϩⲁⲓ ϩⲁⲣⲟ ϥ]-->
		<mark id="sSpan474" xlink:href="#sTok129 #sTok130 #sTok131"/>
		<!--[ⲥϩⲁⲓ ϩⲁⲣⲟ ϥ]-->
		<mark id="sSpan475" xlink:href="#sTok129 #sTok130 #sTok131"/>
		<!--ϩⲁⲣⲟ-->
		<mark id="sSpan476" xlink:href="#sTok130"/>
		<!--ϩⲁⲣⲟ-->
		<mark id="sSpan477" xlink:href="#sTok130"/>
		<!--ϩⲁⲣⲟ ϥ]-->
		<mark id="sSpan478" xlink:href="#sTok130 #sTok131"/>
		<!--ϩⲁⲣⲟ ϥ]-->
		<mark id="sSpan479" xlink:href="#sTok130 #sTok131"/>
		<!--ϥ]-->
		<mark id="sSpan480" xlink:href="#sTok131"/>
		<!--ϥ]-->
		<mark id="sSpan481" xlink:href="#sTok131"/>
		<!--ϫⲛ̄-->
		<mark id="sSpan482" xlink:href="#sTok132"/>
		<!--ϫⲛ̄-->
		<mark id="sSpan483" xlink:href="#sTok132"/>
		<!--ϫⲛ̄ ϥ ⲛ̄ⲟⲓ-->
		<mark id="sSpan484" xlink:href="#sTok132 #sTok133 #sTok134"/>
		<!--ϫⲛ̄ ϥ ⲛ̄ⲟⲓ-->
		<mark id="sSpan485" xlink:href="#sTok132 #sTok133 #sTok134"/>
		<!--ϫⲛ̄ ϥ ⲛ̄ⲟⲓ ⲁⲛ ⲁⲩⲱ ⲧⲓ ⲟ ⲙ̄ ⲙⲛ︤ⲧ︦ⲣ︥ⲉ-->
		<mark id="sSpan486" xlink:href="#sTok132 #sTok133 #sTok134 #sTok135 #sTok136 #sTok137 #sTok138 #sTok139 #sTok140"/>
		<!--ϥ-->
		<mark id="sSpan487" xlink:href="#sTok133"/>
		<!--ϥ-->
		<mark id="sSpan488" xlink:href="#sTok133"/>
		<!--ⲛ̄ⲟⲓ-->
		<mark id="sSpan489" xlink:href="#sTok134"/>
		<!--ⲛ̄ⲟⲓ-->
		<mark id="sSpan490" xlink:href="#sTok134"/>
		<!--ⲛ̄ⲟⲓ-->
		<mark id="sSpan491" xlink:href="#sTok134"/>
		<!--ⲁⲛ-->
		<mark id="sSpan492" xlink:href="#sTok135"/>
		<!--ⲁⲛ-->
		<mark id="sSpan493" xlink:href="#sTok135"/>
		<!--ⲁⲛ-->
		<mark id="sSpan494" xlink:href="#sTok135"/>
		<!--ⲁⲛ-->
		<mark id="sSpan495" xlink:href="#sTok135"/>
		<!--ⲁⲩⲱ-->
		<mark id="sSpan496" xlink:href="#sTok136"/>
		<!--ⲁⲩⲱ-->
		<mark id="sSpan497" xlink:href="#sTok136"/>
		<!--ⲁⲩⲱ-->
		<mark id="sSpan498" xlink:href="#sTok136"/>
		<!--ⲁⲩⲱ-->
		<mark id="sSpan499" xlink:href="#sTok136"/>
		<!--ⲧⲓ-->
		<mark id="sSpan500" xlink:href="#sTok137"/>
		<!--ⲧⲓ-->
		<mark id="sSpan501" xlink:href="#sTok137"/>
		<!--ⲧⲓ ⲟ-->
		<mark id="sSpan502" xlink:href="#sTok137 #sTok138"/>
		<!--ⲧⲓ ⲟ-->
		<mark id="sSpan503" xlink:href="#sTok137 #sTok138"/>
		<!--ⲟ-->
		<mark id="sSpan504" xlink:href="#sTok138"/>
		<!--ⲟ-->
		<mark id="sSpan505" xlink:href="#sTok138"/>
		<!--ⲙ̄-->
		<mark id="sSpan506" xlink:href="#sTok139"/>
		<!--ⲙ̄-->
		<mark id="sSpan507" xlink:href="#sTok139"/>
		<!--ⲙ̄ ⲙⲛ︤ⲧ︦ⲣ︥ⲉ-->
		<mark id="sSpan508" xlink:href="#sTok139 #sTok140"/>
		<!--ⲙ̄ ⲙⲛ︤ⲧ︦ⲣ︥ⲉ-->
		<mark id="sSpan509" xlink:href="#sTok139 #sTok140"/>
		<!--ⲙⲛ︤ⲧ︦ⲣ︥ⲉ-->
		<mark id="sSpan510" xlink:href="#sTok140"/>
		<!--ⲙⲛ︤ⲧ︦ⲣ︥ⲉ-->
		<mark id="sSpan511" xlink:href="#sTok140"/>
		<!--ⲙⲛ︤ⲧ︦ⲣ︥ⲉ-->
		<mark id="sSpan512" xlink:href="#sTok140"/></markList></paula>