<?xml version='1.0' encoding='UTF-8'?><!DOCTYPE paula SYSTEM "paula_feat.dtd">
<paula version="1.1">
	<header paula_id="scriptorium.cpr.4.16.mark_lb_n"/>
	<featList xmlns:xlink="http://www.w3.org/1999/xlink" type="lb_n" xml:base="scriptorium.cpr.4.16.mark.xml">
		<feat xlink:href="#sSpan5" value="1"/>
		<feat xlink:href="#sSpan44" value="2"/>
		<feat xlink:href="#sSpan85" value="3"/>
		<feat xlink:href="#sSpan114" value="4"/>
		<feat xlink:href="#sSpan153" value="5"/>
		<feat xlink:href="#sSpan189" value="6"/>
		<feat xlink:href="#sSpan226" value="7"/>
		<feat xlink:href="#sSpan276" value="8"/>
		<feat xlink:href="#sSpan308" value="9"/>
		<feat xlink:href="#sSpan347" value="10"/>
		<feat xlink:href="#sSpan387" value="11"/>
		<feat xlink:href="#sSpan440" value="12"/>
		<feat xlink:href="#sSpan487" value="13"/></featList></paula>