<?xml version='1.0' encoding='UTF-8'?><!DOCTYPE paula SYSTEM "paula_feat.dtd">
<paula version="1.1">
	<header paula_id="scriptorium.life.onnophrius.01.mark_chapter_n"/>
	<featList xmlns:xlink="http://www.w3.org/1999/xlink" type="chapter_n" xml:base="scriptorium.life.onnophrius.01.mark.xml">
		<feat xlink:href="#sSpan9" value="1"/>
		<feat xlink:href="#sSpan184" value="2"/>
		<feat xlink:href="#sSpan2177" value="3"/>
		<feat xlink:href="#sSpan3943" value="4"/>
		<feat xlink:href="#sSpan4424" value="5"/>
		<feat xlink:href="#sSpan5303" value="6"/>
		<feat xlink:href="#sSpan6581" value="7"/>
		<feat xlink:href="#sSpan7020" value="8"/>
		<feat xlink:href="#sSpan7821" value="9"/></featList></paula>