<?xml version='1.0' encoding='UTF-8'?><!DOCTYPE paula SYSTEM "paula_feat.dtd">
<paula version="1.1">
	<header paula_id="scriptorium.life.onnophrius.01.mark_text"/>
	<featList xmlns:xlink="http://www.w3.org/1999/xlink" type="text" xml:base="scriptorium.life.onnophrius.01.mark.xml">
		<feat xlink:href="#sSpan6" value="ⲡ ⲃⲓⲟⲥ ⲁⲩⲱ ⲧ ⲡⲟⲗⲓⲧⲉⲓⲁ ⲙ ⲡⲉⲛ ⲡⲉⲧⲟⲩⲁⲁⲃ ⲛ ⲉⲓⲱⲧ ⲉⲧ ⲧⲁⲓⲏⲩ ⲕⲁⲧⲁ ⲥⲙⲟⲧ ⲛⲓⲙ ⲁⲡⲁ ⲟⲛⲛⲟⲫⲣⲓⲟⲥ ⲡ ⲁⲛⲁⲭⲱⲣⲓⲧⲏⲥ ⲛⲧ ⲁ ϥ ϫⲱⲕ ⲉⲃⲟⲗ ⲙ ⲡⲉϥ ⲃⲓⲟⲥ ⲛ ⲥⲟⲩⲙⲛⲧⲧⲁⲥⲉ ⲙ ⲡ ⲉⲃⲟⲧ ⲡⲁⲱⲛⲉ ϩⲛ ⲟⲩ ⲉⲓⲣⲏⲛⲏ ⲛⲧⲉ ⲡ ⲛⲟⲩⲧⲉ"/>
		<feat xlink:href="#sSpan23" value="ⲧ ⲡⲟⲗⲓⲧⲉⲓⲁ ⲙ ⲡⲉⲛ ⲡⲉⲧⲟⲩⲁⲁⲃ ⲛ ⲉⲓⲱⲧ ⲉⲧ ⲧⲁⲓⲏⲩ ⲕⲁⲧⲁ ⲥⲙⲟⲧ ⲛⲓⲙ ⲁⲡⲁ ⲟⲛⲛⲟⲫⲣⲓⲟⲥ ⲡ ⲁⲛⲁⲭⲱⲣⲓⲧⲏⲥ ⲛⲧ ⲁ ϥ ϫⲱⲕ ⲉⲃⲟⲗ ⲙ ⲡⲉϥ ⲃⲓⲟⲥ ⲛ ⲥⲟⲩⲙⲛⲧⲧⲁⲥⲉ ⲙ ⲡ ⲉⲃⲟⲧ ⲡⲁⲱⲛⲉ ϩⲛ ⲟⲩ ⲉⲓⲣⲏⲛⲏ ⲛⲧⲉ ⲡ ⲛⲟⲩⲧⲉ"/>
		<feat xlink:href="#sSpan32" value="ⲡⲉⲛ ⲡⲉⲧⲟⲩⲁⲁⲃ ⲛ ⲉⲓⲱⲧ ⲉⲧ ⲧⲁⲓⲏⲩ ⲕⲁⲧⲁ ⲥⲙⲟⲧ ⲛⲓⲙ ⲁⲡⲁ ⲟⲛⲛⲟⲫⲣⲓⲟⲥ ⲡ ⲁⲛⲁⲭⲱⲣⲓⲧⲏⲥ ⲛⲧ ⲁ ϥ ϫⲱⲕ ⲉⲃⲟⲗ ⲙ ⲡⲉϥ ⲃⲓⲟⲥ ⲛ ⲥⲟⲩⲙⲛⲧⲧⲁⲥⲉ ⲙ ⲡ ⲉⲃⲟⲧ ⲡⲁⲱⲛⲉ ϩⲛ ⲟⲩ ⲉⲓⲣⲏⲛⲏ ⲛⲧⲉ ⲡ ⲛⲟⲩⲧⲉ"/>
		<feat xlink:href="#sSpan58" value="ⲥⲙⲟⲧ ⲛⲓⲙ"/>
		<feat xlink:href="#sSpan102" value="ⲡⲉϥ ⲃⲓⲟⲥ"/>
		<feat xlink:href="#sSpan114" value="ⲥⲟⲩⲙⲛⲧⲧⲁⲥⲉ ⲙ ⲡ ⲉⲃⲟⲧ ⲡⲁⲱⲛⲉ"/>
		<feat xlink:href="#sSpan123" value="ⲡ ⲉⲃⲟⲧ ⲡⲁⲱⲛⲉ"/>
		<feat xlink:href="#sSpan136" value="ⲟⲩ ⲉⲓⲣⲏⲛⲏ ⲛⲧⲉ ⲡ ⲛⲟⲩⲧⲉ"/>
		<feat xlink:href="#sSpan147" value="ⲡ ⲛⲟⲩⲧⲉ"/>
		<feat xlink:href="#sSpan187" value="ⲩ ⲥⲟⲛ ⲛ ⲁⲛⲁⲭⲱⲣⲓⲧⲏⲥ ⲉ ⲡⲉϥ ⲣⲁⲛ ⲡⲉ ⲁⲡⲁ ⲡⲁⲡⲛⲟⲩⲧⲉ"/>
		<feat xlink:href="#sSpan204" value="ⲡⲉϥ ⲣⲁⲛ"/>
		<feat xlink:href="#sSpan236" value="ϩⲉⲛ ⲥⲛⲏⲩ ⲙ ⲙⲁⲓⲛⲟⲩⲧⲉ"/>
		<feat xlink:href="#sSpan253" value="ⲛⲁⲓ"/>
		<feat xlink:href="#sSpan272" value="ⲛ ϣⲁϫⲉ ⲛⲧ ⲁ ϥ ϫⲟⲟ ⲩ"/>
		<feat xlink:href="#sSpan299" value="ⲡ ⲥⲟⲛ"/>
		<feat xlink:href="#sSpan319" value="ⲟⲩ ϩⲟⲟⲩ"/>
		<feat xlink:href="#sSpan343" value="ⲡ ϫⲁⲓⲉ ⲉⲧ ϩⲓϩⲟⲩⲛ"/>
		<feat xlink:href="#sSpan375" value="ⲥⲟⲛ ⲙ ⲙⲟⲛⲁⲭⲟⲥ"/>
		<feat xlink:href="#sSpan419" value="ϥⲧⲟⲟⲩ ⲛ ϩⲟⲟⲩ"/>
		<feat xlink:href="#sSpan433" value="ϥⲧⲟⲉ ⲛ ⲟⲩϣⲏ"/>
		<feat xlink:href="#sSpan490" value="ⲡ ϫⲁⲓⲉ ⲉⲧ ϩⲓϩⲟⲩⲛ"/>
		<feat xlink:href="#sSpan520" value="ⲡ ϩⲁⲏ ⲛ ϩⲟⲟⲩ"/>
		<feat xlink:href="#sSpan549" value="ⲟⲩ ⲥⲡⲏⲗⲁⲓⲟⲛ"/>
		<feat xlink:href="#sSpan601" value="ⲡ ⲣⲟ"/>
		<feat xlink:href="#sSpan621" value="ⲟⲩ ⲡⲁϣⲉ ⲛ ϩⲟⲟⲩ"/>
		<feat xlink:href="#sSpan645" value="ⲗⲁⲁⲩ"/>
		<feat xlink:href="#sSpan684" value="ⲡⲁ ϩⲏⲧ"/>
		<feat xlink:href="#sSpan695" value="ⲥⲟⲛ"/>
		<feat xlink:href="#sSpan702" value="ⲡⲉⲓ ⲙⲁ"/>
		<feat xlink:href="#sSpan735" value="ⲩ ⲥⲟⲛ · ⲉ ϥ ϩⲙⲟⲟⲥ ⲉϩⲣⲁⲓ ⲉ ϥ ⲕⲱ ⲛ ⲣⲱ ϥ"/>
		<feat xlink:href="#sSpan768" value="ⲣⲱ ϥ"/>
		<feat xlink:href="#sSpan797" value="ⲡⲉϥ ϭⲃⲟⲓ"/>
		<feat xlink:href="#sSpan814" value="ⲡⲉϥ ϭⲃⲟⲓ"/>
		<feat xlink:href="#sSpan833" value="ⲛⲁ ϭⲓϫ"/>
		<feat xlink:href="#sSpan859" value="ⲛⲉⲓⲙⲓⲥⲗⲏⲥ ⲛ ⲕⲁϩ"/>
		<feat xlink:href="#sSpan887" value="ⲡⲉϥ ⲥⲱⲙⲁ ⲧⲏⲣ ϥ"/>
		<feat xlink:href="#sSpan945" value="ⲡ ϩⲱⲃ"/>
		<feat xlink:href="#sSpan985" value="ⲩ ⲕⲟⲗⲟⲃⲓⲟⲛ · ⲉ ϥ ⲁϣⲉ ⲉϩⲣⲁⲓ"/>
		<feat xlink:href="#sSpan1033" value="ⲡⲉⲓ ⲕⲉⲧ"/>
		<feat xlink:href="#sSpan1115" value="ⲧⲁ ⲥⲧⲟⲗⲏ"/>
		<feat xlink:href="#sSpan1160" value="ⲛⲁ ϭⲓϫ"/>
		<feat xlink:href="#sSpan1169" value="ⲡ ⲕⲁϩ"/>
		<feat xlink:href="#sSpan1215" value="ⲡ ⲙⲁ ⲉⲧ ⲙⲙⲁⲩ"/>
		<feat xlink:href="#sSpan1254" value="ⲧ ⲉⲣⲏⲙⲟⲥ"/>
		<feat xlink:href="#sSpan1276" value="ⲕⲉ ⲥⲡⲏⲗⲁⲓⲟⲛ"/>
		<feat xlink:href="#sSpan1291" value="ⲡⲁ ϩⲏⲧ"/>
		<feat xlink:href="#sSpan1322" value="ⲡ ⲣⲟ"/>
		<feat xlink:href="#sSpan1335" value="ⲗⲁⲁⲩ"/>
		<feat xlink:href="#sSpan1383" value="ⲣⲱⲙⲉ"/>
		<feat xlink:href="#sSpan1426" value="ⲡ ⲙⲁ ⲉⲧⲉⲣⲉ ⲡ ϩⲙϩⲁⲗ ⲙ ⲡ ⲛⲟⲩⲧⲉ ⲛϩⲏⲧ ϥ"/>
		<feat xlink:href="#sSpan1435" value="ⲡ ϩⲙϩⲁⲗ ⲙ ⲡ ⲛⲟⲩⲧⲉ"/>
		<feat xlink:href="#sSpan1445" value="ⲡ ⲛⲟⲩⲧⲉ"/>
		<feat xlink:href="#sSpan1470" value="ⲡⲉⲓ ⲙⲁ"/>
		<feat xlink:href="#sSpan1503" value="ⲡ ⲙⲁ ⲉⲧ ⲙⲙⲁⲩ"/>
		<feat xlink:href="#sSpan1530" value="ⲡⲉ ϩⲟⲟⲩ"/>
		<feat xlink:href="#sSpan1567" value="ⲛⲁ ⲁⲡⲟⲥⲧⲏⲑⲟⲥ"/>
		<feat xlink:href="#sSpan1595" value="ⲡ ⲣⲏ"/>
		<feat xlink:href="#sSpan1627" value="ⲩ ⲁⲅⲉⲗⲏ ⲛ ϣⲟϣ ⲉ ⲁ ⲥ ⲉⲓ ⲙ ⲡ ⲟⲩⲉ"/>
		<feat xlink:href="#sSpan1654" value="ⲡ ⲟⲩⲉ"/>
		<feat xlink:href="#sSpan1667" value="ⲡ ⲥⲟⲛ ⲉⲧ ⲙⲙⲁⲩ ϩⲛ ⲧⲉⲩ ⲙⲏⲏⲧⲉ"/>
		<feat xlink:href="#sSpan1683" value="ⲧⲉⲩ ⲙⲏⲏⲧⲉ"/>
		<feat xlink:href="#sSpan1744" value="ⲡⲉϥ ⲃⲱ"/>
		<feat xlink:href="#sSpan1758" value="ⲧⲉϥ ⲁⲥⲭⲏⲙⲟⲥⲩⲛⲏ"/>
		<feat xlink:href="#sSpan1784" value="ϩⲃⲥⲱ ⲉ ϥ ϭⲟⲟⲗⲉ ⲙⲙⲟ ϥ"/>
		<feat xlink:href="#sSpan1859" value="ⲟⲩ ⲡⲛⲉⲩⲙⲁ"/>
		<feat xlink:href="#sSpan1911" value="ϩⲁϩ ⲙ ⲡⲛⲉⲩⲙⲁ"/>
		<feat xlink:href="#sSpan1962" value="ⲡ ϩⲁⲏ"/>
		<feat xlink:href="#sSpan2070" value="ⲡ ϩⲙϩⲁⲗ ⲙ ⲡ ⲛⲟⲩⲧⲉ"/>
		<feat xlink:href="#sSpan2079" value="ⲡ ⲛⲟⲩⲧⲉ"/>
		<feat xlink:href="#sSpan2107" value="ⲛⲁ ⲧⲁϭⲥⲉ"/>
		<feat xlink:href="#sSpan2122" value="ⲟⲩ ⲣⲱⲙⲉ"/>
		<feat xlink:href="#sSpan2156" value="ⲟⲩ ⲥⲁⲣⲝ"/>
		<feat xlink:href="#sSpan2166" value="ⲥⲛⲟϥ"/>
		<feat xlink:href="#sSpan2218" value="ⲡⲉ ϣⲗⲏⲗ ⲙ ⲡ ⲉⲩⲁⲅⲅⲉⲗⲓⲟⲛ"/>
		<feat xlink:href="#sSpan2228" value="ⲡ ⲉⲩⲁⲅⲅⲉⲗⲓⲟⲛ"/>
		<feat xlink:href="#sSpan2290" value="ⲡⲉ ⲥⲡⲏⲗⲁⲓⲟⲛ"/>
		<feat xlink:href="#sSpan2330" value="ⲡⲉⲓ ⲙⲁ"/>
		<feat xlink:href="#sSpan2390" value="ⲡⲉⲓ ⲙⲁ"/>
		<feat xlink:href="#sSpan2413" value="ⲛ ϩⲙϩⲁⲗ ⲙ ⲡ ⲛⲟⲩⲧⲉ · ⲉⲧ ϣⲟⲟⲡ ϩⲙ ⲡⲉⲓ ϫⲁⲓⲉ"/>
		<feat xlink:href="#sSpan2423" value="ⲡ ⲛⲟⲩⲧⲉ"/>
		<feat xlink:href="#sSpan2442" value="ⲡⲉⲓ ϫⲁⲓⲉ"/>
		<feat xlink:href="#sSpan2460" value="ⲡ ⲛⲟⲩⲧⲉ"/>
		<feat xlink:href="#sSpan2479" value="ⲡ ⲉⲧ ⲓ ϣⲓⲛⲉ ⲛⲥⲱ ϥ"/>
		<feat xlink:href="#sSpan2528" value="ⲡⲉⲓ ⲙⲁ"/>
		<feat xlink:href="#sSpan2587" value="ⲡⲉⲓ ⲙⲁ"/>
		<feat xlink:href="#sSpan2647" value="ϩⲃⲥⲱ"/>
		<feat xlink:href="#sSpan2721" value="ⲟⲩ ⲣⲱⲙⲉ ⲙ ⲙⲟⲛⲁⲭⲟⲥ"/>
		<feat xlink:href="#sSpan2749" value="ⲟⲩ ⲥⲟⲟⲩϩⲥ · ⲙ ⲙⲟⲛⲁⲭⲟⲥ ⲛ ⲁⲩⲏⲧ ϩⲛ ⲑⲏⲃⲁⲓⲥ"/>
		<feat xlink:href="#sSpan2776" value="ⲑⲏⲃⲁⲓⲥ"/>
		<feat xlink:href="#sSpan2789" value="ⲩ ⲙⲉⲉⲩⲉ"/>
		<feat xlink:href="#sSpan2803" value="ⲡⲁ ϩⲏⲧ"/>
		<feat xlink:href="#sSpan2847" value="ⲡⲉⲕ ⲙⲁ"/>
		<feat xlink:href="#sSpan2906" value="ⲛⲉ ⲥⲛⲏⲩ"/>
		<feat xlink:href="#sSpan2969" value="ⲃⲉⲉⲕⲉ"/>
		<feat xlink:href="#sSpan2982" value="ⲡ ϩⲱⲃ ⲛ ⲛⲉⲕ ϭⲓϫ"/>
		<feat xlink:href="#sSpan3002" value="ⲡ ⲉⲛⲧ ⲁ ⲓ ⲙⲉⲉⲩⲉ ⲇⲉ ⲉⲣⲟ ϥ"/>
		<feat xlink:href="#sSpan3064" value="ⲡ ⲁⲩⲏⲧ ⲙ ⲙⲟⲛⲁⲭⲟⲥ"/>
		<feat xlink:href="#sSpan3098" value="ⲟⲩ ⲙⲁ ⲛ ϣⲱⲡⲉ"/>
		<feat xlink:href="#sSpan3142" value="ⲁⲡⲥ ⲛ ⲣⲱⲙⲉ"/>
		<feat xlink:href="#sSpan3171" value="ϩⲱⲃ ⲛ ϭⲓϫ"/>
		<feat xlink:href="#sSpan3196" value="ⲙⲛⲧⲛⲁ"/>
		<feat xlink:href="#sSpan3204" value="ⲛ ϣⲙⲙⲟ"/>
		<feat xlink:href="#sSpan3213" value="ⲡ ⲇⲓⲁⲃⲟⲗⲟⲥ"/>
		<feat xlink:href="#sSpan3235" value="ⲡⲉ ⲟⲩⲟⲉⲓϣ ⲉⲧ ⲙⲙⲁⲩ"/>
		<feat xlink:href="#sSpan3255" value="ⲡ ⲃⲉⲉⲕⲉ ϯ ϫⲡⲟ ⲙⲙⲟ ϥ"/>
		<feat xlink:href="#sSpan3281" value="ⲡ ⲙⲧⲟ ⲉⲃⲟⲗ ⲙ ⲡ ϫⲟⲉⲓⲥ"/>
		<feat xlink:href="#sSpan3294" value="ⲡ ϫⲟⲉⲓⲥ"/>
		<feat xlink:href="#sSpan3304" value="ⲡ ⲉⲧ ⲉⲓⲣⲉ ⲙⲙⲟ ϥ ⲛ ⲛ ϣⲙⲙⲟ"/>
		<feat xlink:href="#sSpan3321" value="ⲛ ϣⲙⲙⲟ"/>
		<feat xlink:href="#sSpan3335" value="ⲛ ⲕⲟⲟⲩⲉ · ⲉⲧ ⲣϭⲣⲱⲱϩ"/>
		<feat xlink:href="#sSpan3386" value="ⲡⲁ ϩⲱⲃ ⲛ ϭⲓϫ"/>
		<feat xlink:href="#sSpan3430" value="ⲡ ⲉⲧ ⲉⲓⲣⲉ ⲙⲙⲟ ϥ"/>
		<feat xlink:href="#sSpan3464" value="ⲩ ⲥϩⲓⲙⲉ · ⲙ ⲙⲟⲛⲁⲭⲏ ⲉ ⲥ ⲛⲏⲩ ϣⲁⲣⲟ ⲓ ⲉ ⲁ ⲥ ⲧⲁⲥⲥⲉ ⲛⲁ ⲓ ⲛ ϩⲉⲛ ϩⲱⲃ ⲛ ϭⲓϫ"/>
		<feat xlink:href="#sSpan3518" value="ϩⲉⲛ ϩⲱⲃ ⲛ ϭⲓϫ"/>
		<feat xlink:href="#sSpan3604" value="ϩⲉⲛ ⲕⲟⲟⲩⲉ"/>
		<feat xlink:href="#sSpan3622" value="ⲧ ⲥⲩⲛⲏⲑⲓⲁ ϣⲱⲡⲉ · ⲉⲧ ⲣ ⲛ ⲁⲡⲁⲛⲧⲁ ⲉ ⲛⲉⲛ ⲉⲣⲏⲩ"/>
		<feat xlink:href="#sSpan3645" value="ⲁⲡⲁⲛⲧⲁ"/>
		<feat xlink:href="#sSpan3665" value="ⲡ ϫⲁϫⲉ"/>
		<feat xlink:href="#sSpan3680" value="ⲡⲁ ϩⲏⲧ"/>
		<feat xlink:href="#sSpan3701" value="ϩⲱⲃ ⲛ ϭⲓϫ"/>
		<feat xlink:href="#sSpan3727" value="ⲧ ⲡⲁⲣϩⲏⲥⲓⲁ"/>
		<feat xlink:href="#sSpan3779" value="ⲩ ϩⲱⲃ"/>
		<feat xlink:href="#sSpan3803" value="ⲡ ϩⲁⲉ"/>
		<feat xlink:href="#sSpan3827" value="ⲡ ⲙⲟⲩ"/>
		<feat xlink:href="#sSpan3849" value="ⲧ ⲁⲛⲟⲙⲓⲁ"/>
		<feat xlink:href="#sSpan3892" value="ⲟⲩ ⲙⲛⲧⲁⲧϩⲏⲧ"/>
		<feat xlink:href="#sSpan3917" value="ϯ ⲁⲛⲟⲙⲓⲁ"/>
		<feat xlink:href="#sSpan3927" value="ⲥⲟⲟⲩ ⲛ ⲉⲃⲟⲧ"/>
		<feat xlink:href="#sSpan3967" value="ⲡⲁ ϩⲏⲧ"/>
		<feat xlink:href="#sSpan3980" value="ⲡ ⲉⲛⲧ ⲁ ⲓ ⲁⲁ ϥ"/>
		<feat xlink:href="#sSpan4043" value="ⲟⲩ ⲁϣⲁϩⲟⲙ"/>
		<feat xlink:href="#sSpan4070" value="ⲡⲁ ϩⲏⲧ"/>
		<feat xlink:href="#sSpan4079" value="ⲡ ⲉⲛⲧ ⲁ ⲓ ⲁⲁ ϥ"/>
		<feat xlink:href="#sSpan4152" value="ⲟⲩ ⲁϣⲁϩⲟⲙ"/>
		<feat xlink:href="#sSpan4182" value="ⲡⲁ ϩⲏⲧ"/>
		<feat xlink:href="#sSpan4206" value="ⲡ ϩⲟⲟⲩ"/>
		<feat xlink:href="#sSpan4255" value="ⲕⲟⲗⲁⲥⲓⲥ ⲉ ⲩ ⲛⲁϣⲧ"/>
		<feat xlink:href="#sSpan4273" value="ⲡ ϭⲁϩϭϩ ⲛ ⲛ ⲟⲃϩⲉ"/>
		<feat xlink:href="#sSpan4282" value="ⲛ ⲟⲃϩⲉ"/>
		<feat xlink:href="#sSpan4293" value="ⲡ ⲕⲁⲕⲉ ⲉⲧ ϩⲓⲃⲟⲗ"/>
		<feat xlink:href="#sSpan4310" value="ⲡ ⲕⲱϩⲧ ⲛ ⲁⲧⲱϣⲙ"/>
		<feat xlink:href="#sSpan4332" value="ⲡ ϥⲛⲧ ⲛ ⲁⲧⲛⲕⲟⲧⲕ · ⲉⲧ ⲟⲩⲱⲙ ⲛⲥⲁ ⲧⲉ ⲯⲩⲭⲏ"/>
		<feat xlink:href="#sSpan4360" value="ⲧⲉ ⲯⲩⲭⲏ"/>
		<feat xlink:href="#sSpan4390" value="ⲡⲉⲓ ⲙⲁ"/>
		<feat xlink:href="#sSpan4412" value="ⲡ ϫⲁⲓⲉ"/>
		<feat xlink:href="#sSpan4462" value="ⲡ ⲛⲟⲃⲉ"/>
		<feat xlink:href="#sSpan4512" value="ϯ ⲉⲣⲏⲙⲓⲁ"/>
		<feat xlink:href="#sSpan4542" value="ϩⲛⲁⲩ ⲛⲓⲙ · ⲛⲧⲉ ⲧⲉ ⲥϩⲓⲙⲉ ⲉⲧ ⲙⲙⲁⲩ"/>
		<feat xlink:href="#sSpan4557" value="ⲧⲉ ⲥϩⲓⲙⲉ ⲉⲧ ⲙⲙⲁⲩ"/>
		<feat xlink:href="#sSpan4587" value="ϯ ⲡⲩⲅⲏ ⲙ ⲙⲟⲟⲩ"/>
		<feat xlink:href="#sSpan4596" value="ⲙⲟⲟⲩ"/>
		<feat xlink:href="#sSpan4603" value="ⲧⲉⲓ ⲃⲛⲛⲉ"/>
		<feat xlink:href="#sSpan4612" value="ⲡⲉⲓ ⲥⲡⲩⲗⲁⲓⲟⲛ"/>
		<feat xlink:href="#sSpan4628" value="ⲧⲉⲓ ⲃⲛⲛⲉ"/>
		<feat xlink:href="#sSpan4638" value="ⲙⲛⲧⲥⲛⲟⲟⲩⲥ ⲛ ⲗⲟⲟⲩ ⲛ ⲃⲛⲛⲉ"/>
		<feat xlink:href="#sSpan4664" value="ⲣⲟⲙⲡⲉ"/>
		<feat xlink:href="#sSpan4671" value="ⲟⲩ ⲗⲟⲟⲩ"/>
		<feat xlink:href="#sSpan4683" value="ⲉⲃⲟⲧ"/>
		<feat xlink:href="#sSpan4693" value="ⲡⲉⲓ ⲗⲟⲟⲩ ϭⲉ ⲛ ⲃⲛⲛⲉ"/>
		<feat xlink:href="#sSpan4731" value="ⲉⲃⲟⲧ"/>
		<feat xlink:href="#sSpan4744" value="ⲗⲁⲁⲩ"/>
		<feat xlink:href="#sSpan4766" value="ϩⲃⲥⲱ"/>
		<feat xlink:href="#sSpan4784" value="ⲧⲣⲟⲫⲏ ⲛ ⲟⲉⲓⲕ"/>
		<feat xlink:href="#sSpan4797" value="ⲡⲁ ϥⲱ"/>
		<feat xlink:href="#sSpan4828" value="ⲛⲁ ϩⲟⲉⲓⲧⲉ"/>
		<feat xlink:href="#sSpan4874" value="ⲡ ⲙⲁ ⲉⲧ ⲉϣϣⲉ"/>
		<feat xlink:href="#sSpan4902" value="ⲡⲁ ϥⲱ"/>
		<feat xlink:href="#sSpan4923" value="ⲙⲁⲁⲃⲉ ⲛ ⲣⲟⲙⲡⲉ"/>
		<feat xlink:href="#sSpan4954" value="ⲡⲉⲓ ⲙⲁ"/>
		<feat xlink:href="#sSpan4967" value="ⲡ ⲁⲏⲣ"/>
		<feat xlink:href="#sSpan4988" value="ⲟⲩ ⲕⲣⲁⲥⲓⲥ · ⲉ ⲥ ϣⲏϣ"/>
		<feat xlink:href="#sSpan5054" value="ⲧ ⲁⲣⲭⲏ · ⲛⲧ ⲁ ⲕ ⲉⲓ ⲉ ⲡⲉⲓ ⲙⲁ"/>
		<feat xlink:href="#sSpan5079" value="ⲡⲉⲓ ⲙⲁ"/>
		<feat xlink:href="#sSpan5147" value="ⲡⲁ ϣⲏⲣⲉ"/>
		<feat xlink:href="#sSpan5183" value="ⲡ ⲕⲁϩ"/>
		<feat xlink:href="#sSpan5193" value="ⲡ ⲙⲕⲁϩ ⲛ ϩⲏⲧ"/>
		<feat xlink:href="#sSpan5233" value="ⲡ ⲕⲁϩ"/>
		<feat xlink:href="#sSpan5243" value="ⲡ ⲙⲕⲁϩ ⲛ ϩⲏⲧ"/>
		<feat xlink:href="#sSpan5275" value="ⲡ ϫⲟⲉⲓⲥ"/>
		<feat xlink:href="#sSpan5284" value="ⲛⲁ ⲛⲟⲃⲉ ⲉⲧ ⲟϣ"/>
		<feat xlink:href="#sSpan5325" value="ⲟⲩ ⲛⲟϭ ⲙ ⲙⲟⲕϩⲥ"/>
		<feat xlink:href="#sSpan5344" value="ⲡⲉ ⲧⲕⲁⲥ ⲉⲧ ϩⲓϫⲱ ⲓ"/>
		<feat xlink:href="#sSpan5385" value="ⲩ ⲣⲱⲙⲉ ⲉ ϥ ϩⲁ ⲉⲟⲟⲩ ⲉⲙⲁⲧⲉ"/>
		<feat xlink:href="#sSpan5474" value="ⲧⲁ ϭⲟⲙ"/>
		<feat xlink:href="#sSpan5518" value="ⲡ ϫⲟⲉⲓⲥ"/>
		<feat xlink:href="#sSpan5536" value="ⲡⲁ ϩⲏⲡⲁⲣ"/>
		<feat xlink:href="#sSpan5577" value="ⲡ ⲙⲁ ⲉⲧ ⲕ ϣⲱⲛⲉ ⲉⲣⲟ ϥ"/>
		<feat xlink:href="#sSpan5622" value="ⲡⲁ ϩⲏⲡⲁⲣ ⲉⲧ ϣⲱⲛⲉ"/>
		<feat xlink:href="#sSpan5652" value="ⲧⲉϥ ϭⲓϫ"/>
		<feat xlink:href="#sSpan5672" value="ⲛⲉϥ ⲧⲏⲏⲃⲉ"/>
		<feat xlink:href="#sSpan5698" value="ⲡⲁ ⲥⲡⲓⲣ"/>
		<feat xlink:href="#sSpan5715" value="ⲟⲩ ⲥⲏϥⲉ"/>
		<feat xlink:href="#sSpan5747" value="ⲡⲁ ϩⲏⲡⲁⲣ"/>
		<feat xlink:href="#sSpan5767" value="ⲛⲉ ⲡⲗⲩⲅⲏ · ⲉ ⲩ ϩⲓⲱⲱ ϥ"/>
		<feat xlink:href="#sSpan5816" value="ⲛⲉⲩ ⲟⲩⲁⲙⲟⲙⲉ"/>
		<feat xlink:href="#sSpan5825" value="ⲩ ⲧⲟⲉⲓⲥ"/>
		<feat xlink:href="#sSpan5851" value="ⲡⲁ ϩⲏⲡⲁⲣ"/>
		<feat xlink:href="#sSpan5865" value="ⲡⲉϥ ⲙⲁ"/>
		<feat xlink:href="#sSpan5874" value="ⲕⲉ ⲥⲟⲡ"/>
		<feat xlink:href="#sSpan5902" value="ⲡⲁ ⲥⲱⲙⲁ"/>
		<feat xlink:href="#sSpan5912" value="ⲛⲉϥ ϭⲓϫ"/>
		<feat xlink:href="#sSpan5933" value="ⲡ ⲙⲁ ⲛⲧ ⲁ ϥ ⲡⲁϩ ϥ"/>
		<feat xlink:href="#sSpan6018" value="ⲡ ⲉⲧ ϩⲟⲟⲩ ⲉ ⲡⲁⲓ"/>
		<feat xlink:href="#sSpan6029" value="ⲡⲁⲓ"/>
		<feat xlink:href="#sSpan6062" value="ⲡ ϫⲟⲉⲓⲥ"/>
		<feat xlink:href="#sSpan6082" value="ⲉⲛⲉϩ"/>
		<feat xlink:href="#sSpan6095" value="ⲡⲉ ϩⲟⲟⲩ ⲉⲧ ⲙⲙⲁⲩ"/>
		<feat xlink:href="#sSpan6111" value="ⲛ ⲉⲧ ⲙ ⲡⲁ ⲥⲁ ⲛϩⲟⲩⲛ ⲧⲏⲣ ⲟⲩ"/>
		<feat xlink:href="#sSpan6119" value="ⲡⲁ ⲥⲁ ⲛϩⲟⲩⲛ"/>
		<feat xlink:href="#sSpan6169" value="ⲡⲁ ϩⲏⲡⲁⲣ"/>
		<feat xlink:href="#sSpan6191" value="ⲡⲉⲓ ⲙⲁ ⲛ ϫⲁⲓⲉ"/>
		<feat xlink:href="#sSpan6208" value="ϩⲓⲥⲉ"/>
		<feat xlink:href="#sSpan6236" value="ⲧ ⲧⲟⲉⲓⲥ ⲉⲧⲉⲣⲉ ⲛ ⲟⲩⲁⲙⲟⲙⲉ ϩⲓⲱⲱ ⲥ"/>
		<feat xlink:href="#sSpan6245" value="ⲛ ⲟⲩⲁⲙⲟⲙⲉ"/>
		<feat xlink:href="#sSpan6299" value="ⲡⲉⲥ ⲡⲩⲗⲁⲓⲟⲛ · ⲛⲧ ⲁ ⲓ ⲛⲁⲩ ⲉⲣⲟ ϥ ⲛ ϣⲟⲣⲡ"/>
		<feat xlink:href="#sSpan6376" value="ⲧ ϩⲟⲣⲙⲏ ⲛ ⲛ ⲇⲁⲓⲙⲱⲛ"/>
		<feat xlink:href="#sSpan6387" value="ⲛ ⲇⲁⲓⲙⲱⲛ"/>
		<feat xlink:href="#sSpan6432" value="ⲡⲉϥ ⲣⲁⲛ"/>
		<feat xlink:href="#sSpan6468" value="ϯⲙⲟⲑⲉⲟⲥ"/>
		<feat xlink:href="#sSpan6476" value="ⲡ ⲣⲁⲛ"/>
		<feat xlink:href="#sSpan6489" value="ⲡⲁ ⲙⲉⲉⲩⲉ"/>
		<feat xlink:href="#sSpan6505" value="ⲡⲁ ⲥⲟⲛ ⲙ ⲙⲉⲣⲓⲧ"/>
		<feat xlink:href="#sSpan6521" value="ⲡ ϫⲟⲉⲓⲥ"/>
		<feat xlink:href="#sSpan6540" value="ⲡ ⲁⲅⲱⲛ ⲉⲧ ⲛⲁⲛⲟⲩ ϥ ⲛⲧ ⲁ ϥ ⲧⲁϩⲙⲉ ⲧ ⲉⲣⲟ ϥ"/>
		<feat xlink:href="#sSpan6602" value="ⲛⲉϥ ⲟⲩⲣⲏⲏⲧⲉ"/>
		<feat xlink:href="#sSpan6619" value="ⲡⲁ ⲙⲉⲉⲩⲉ"/>
		<feat xlink:href="#sSpan6689" value="ⲡ ϫⲟⲉⲓⲥ"/>
		<feat xlink:href="#sSpan6723" value="ϭⲟⲣϭⲥ ⲙ ⲡ ⲇⲓⲁⲃⲟⲗⲟⲥ"/>
		<feat xlink:href="#sSpan6730" value="ⲡ ⲇⲓⲁⲃⲟⲗⲟⲥ"/>
		<feat xlink:href="#sSpan6754" value="ⲛⲉϥ ϩⲓⲟⲟⲩⲉ ⲧⲏⲣ ⲟⲩ ⲉⲧ ⲛⲁⲛⲱ ⲟⲩ"/>
		<feat xlink:href="#sSpan6779" value="ⲟⲩⲟⲉⲓϣ ⲛⲓⲙ"/>
		<feat xlink:href="#sSpan6809" value="ⲛ ⲉⲧ ⲟⲩⲁⲁⲃ"/>
		<feat xlink:href="#sSpan6854" value="ⲧⲁ ϭⲟⲙ"/>
		<feat xlink:href="#sSpan6951" value="ϯ ⲛⲟϭ ⲛ ϣⲡⲏⲣⲉ ⲛⲧ ⲁ ⲥ ⲧⲁϩⲟ ⲓ"/>
		<feat xlink:href="#sSpan7007" value="ⲡ ⲧⲟⲟⲩ"/>
		<feat xlink:href="#sSpan7024" value="ϥⲧⲟⲟⲩ ⲇⲉ ⲛ ϩⲟⲟⲩ"/>
		<feat xlink:href="#sSpan7067" value="ⲛⲁ ϭⲓϫ"/>
		<feat xlink:href="#sSpan7080" value="ⲧ ⲡⲉ"/>
		<feat xlink:href="#sSpan7114" value="ⲡ ⲣⲱⲙⲉ ⲛⲧ ⲁ ϥ ⲉⲓ ϣⲁⲣⲟ ⲓ ⲛ ϣⲟⲣⲡ"/>
		<feat xlink:href="#sSpan7194" value="ⲧⲉ ϩⲟⲩⲉⲓⲧⲉ"/>
		<feat xlink:href="#sSpan7214" value="ⲡ ⲙⲉϩϥⲧⲟⲟⲩ · ⲛ ϩⲟⲟⲩ"/>
		<feat xlink:href="#sSpan7294" value="ⲩ ⲣⲱⲙⲉ · ⲙ ⲡ ⲟⲩⲉ ⲉ ϥ ⲟ ⲛ ϩⲟⲧⲉ ⲉⲙⲁⲧⲉ · ⲉⲣⲉ ⲡⲉϥ ϥⲱ ⲡⲟⲣϣ ⲉⲃⲟⲗ · ⲉϫⲙ ⲡⲉϥ ⲥⲱⲙⲁ · ⲛ ⲧ ϩⲉ ⲙ ⲡⲁ ⲛⲉⲓ ⲡⲁⲣⲧⲁⲗⲏⲥ · ⲛ ϥ ⲕⲏⲕⲁϩⲏⲩ ⲅⲁⲣ ⲡⲉ · ⲉⲣⲉ ϩⲉⲛ ϭⲱⲱⲃⲉ ϩⲱⲃⲥ ⲙ ⲡⲉϥ ⲥⲙⲟⲧ ⲛ ϩⲟⲟⲩⲧ"/>
		<feat xlink:href="#sSpan7307" value="ⲡ ⲟⲩⲉ"/>
		<feat xlink:href="#sSpan7325" value="ϩⲟⲧⲉ"/>
		<feat xlink:href="#sSpan7340" value="ⲡⲉϥ ϥⲱ"/>
		<feat xlink:href="#sSpan7361" value="ⲡⲉϥ ⲥⲱⲙⲁ"/>
		<feat xlink:href="#sSpan7384" value="ⲡⲁ ⲛⲉⲓ ⲡⲁⲣⲧⲁⲗⲏⲥ"/>
		<feat xlink:href="#sSpan7387" value="ⲛⲉⲓ ⲡⲁⲣⲧⲁⲗⲏⲥ"/>
		<feat xlink:href="#sSpan7425" value="ϩⲉⲛ ϭⲱⲱⲃⲉ"/>
		<feat xlink:href="#sSpan7438" value="ⲡⲉϥ ⲥⲙⲟⲧ ⲛ ϩⲟⲟⲩⲧ"/>
		<feat xlink:href="#sSpan7509" value="ⲟⲩ ⲕⲱϩ ⲛ ⲧⲟⲟⲩ"/>
		<feat xlink:href="#sSpan7532" value="ⲟⲩ ⲉⲓⲁ ⲛ ⲧⲟⲟⲩ"/>
		<feat xlink:href="#sSpan7593" value="ⲧ ϩⲁⲓⲃⲉⲥ ⲛ ⲟⲩ ⲕⲱϩ ⲛ ⲧⲟⲟⲩ"/>
		<feat xlink:href="#sSpan7603" value="ⲟⲩ ⲕⲱϩ ⲛ ⲧⲟⲟⲩ"/>
		<feat xlink:href="#sSpan7635" value="ⲛ ϩⲓⲥⲉ ⲉⲧ ϥ ϣⲟⲟⲡ ⲛϩⲏⲧ ⲟⲩ"/>
		<feat xlink:href="#sSpan7659" value="ⲡⲉ ϩⲕⲟ"/>
		<feat xlink:href="#sSpan7674" value="ⲡ ⲉⲓⲃⲉ"/>
		<feat xlink:href="#sSpan7720" value="ⲛⲉϥ ⲃⲁⲗ"/>
		<feat xlink:href="#sSpan7734" value="ⲡ ⲕⲟⲟϩ · ⲛ ⲧⲟⲟⲩ"/>
		<feat xlink:href="#sSpan7802" value="ⲡ ⲣⲱⲙⲉ ⲉⲧ ⲟⲩⲁⲁⲃ"/>
		<feat xlink:href="#sSpan7838" value="ⲟⲩ ⲣⲙⲛⲧⲟⲟⲩ ⲛ ⲧⲉⲕ ϩⲉ"/>
		<feat xlink:href="#sSpan7870" value="ⲡⲉⲓ ϫⲁⲓⲉ"/>
		<feat xlink:href="#sSpan7884" value="ⲛⲁ ⲛⲟⲃⲉ"/>
		<feat xlink:href="#sSpan7923" value="ⲟⲩ ϣⲃⲏⲣ · ϩⲱⲱ ⲕ ⲟⲛ ⲛⲧⲉ ⲡ ⲛⲟⲩⲧⲉ"/>
		<feat xlink:href="#sSpan7946" value="ⲡ ⲛⲟⲩⲧⲉ"/>
		<feat xlink:href="#sSpan7974" value="ⲡⲉϥ ⲙⲧⲟ ⲉⲃⲟⲗ"/>
		<feat xlink:href="#sSpan8031" value="ⲡⲉϥ ⲣⲁⲛ"/>
		<feat xlink:href="#sSpan8069" value="ⲟⲛⲛⲟⲫⲣⲓⲟⲥ"/>
		<feat xlink:href="#sSpan8077" value="ⲡⲁ ⲣⲁⲛ"/>
		<feat xlink:href="#sSpan8098" value="ⲥⲉ ⲛ ⲣⲟⲙⲡⲉ"/>
		<feat xlink:href="#sSpan8118" value="ϯ ⲉⲣⲏⲙⲓⲁ"/>
		<feat xlink:href="#sSpan8141" value="ⲛ ⲧⲟⲟⲩ"/>
		<feat xlink:href="#sSpan8159" value="ⲛⲉ ⲑⲏⲣⲓⲟⲛ"/>
		<feat xlink:href="#sSpan8185" value="ⲣⲱⲙⲉ ⲉ ⲓ ⲥⲟⲟⲩⲛ ⲙⲙⲟ ϥ"/>
		<feat xlink:href="#sSpan8226" value="ⲟⲩ ⲥⲟⲟⲩϩⲥ ⲙ ⲙⲟⲛⲁⲭⲟⲥ"/>
		<feat xlink:href="#sSpan8243" value="ⲡ ⲧⲟⲟⲩ ⲛ ϣⲙⲟⲩⲛ ⲛⲧⲉ ⲑⲏⲃⲁⲓⲥ"/>
		<feat xlink:href="#sSpan8252" value="ϣⲙⲟⲩⲛ ⲛⲧⲉ ⲑⲏⲃⲁⲓⲥ"/>
		<feat xlink:href="#sSpan8260" value="ⲑⲏⲃⲁⲓⲥ"/>
		<feat xlink:href="#sSpan8269" value="ⲡ ⲣⲁⲛ ⲇⲉ ⲛ ⲧ ϩⲉⲛⲉⲉⲧⲉ ⲉⲧ ⲙⲙⲁⲁⲩ"/>
		<feat xlink:href="#sSpan8286" value="ⲧ ϩⲉⲛⲉⲉⲧⲉ ⲉⲧ ⲙⲙⲁⲁⲩ"/>
		<feat xlink:href="#sSpan8301" value="ⲉⲣⲏⲧⲉ"/>
		<feat xlink:href="#sSpan8359" value="ⲧ ⲉⲓⲣⲏⲛⲏ"/>
		<feat xlink:href="#sSpan8374" value="ⲧⲉⲛ ⲙⲏⲏⲧⲉ"/>
		<feat xlink:href="#sSpan8395" value="ⲟⲩ ⲉⲥⲩⲭⲓⲁ"/>
		<feat xlink:href="#sSpan8428" value="ⲡ ⲛⲟⲩⲧⲉ"/>
		<feat xlink:href="#sSpan8461" value="ⲟⲩϣⲏ ⲛ ⲣⲟⲉⲓⲥ"/>
		<feat xlink:href="#sSpan8495" value="ⲕⲱⲧ ⲙ ⲡ ⲛⲟⲩⲧⲉ"/>
		<feat xlink:href="#sSpan8502" value="ⲡ ⲛⲟⲩⲧⲉ"/>
		<feat xlink:href="#sSpan8526" value="ϩⲉⲛ ⲛⲟϭ ⲛ ⲧⲉⲗⲓⲟⲥ"/>
		<feat xlink:href="#sSpan8559" value="ⲛ ⲁⲅⲅⲉⲗⲟⲥ ⲙ ⲡ ϫⲟⲉⲓⲥ"/>
		<feat xlink:href="#sSpan8569" value="ⲡ ϫⲟⲉⲓⲥ"/>
		<feat xlink:href="#sSpan8593" value="ⲩ ϣⲁϫⲉ ⲉⲧⲃⲉ ⲡⲉⲛ ⲉⲓⲱⲧ ϩⲏⲗⲓⲁⲥ ⲡⲉ ⲑⲉⲥⲃⲓⲧⲏⲥ"/>
		<feat xlink:href="#sSpan8602" value="ⲡⲉⲛ ⲉⲓⲱⲧ ϩⲏⲗⲓⲁⲥ ⲡⲉ ⲑⲉⲥⲃⲓⲧⲏⲥ"/>
		<feat xlink:href="#sSpan8640" value="ⲡ ⲛⲟⲩⲧⲉ"/>
		<feat xlink:href="#sSpan8676" value="ⲡⲉⲓ ϫⲁⲓⲉ"/>
		<feat xlink:href="#sSpan8695" value="ⲓⲱϩⲁⲛⲛⲏⲥ ⲡ ⲃⲁⲡϯⲥⲧⲏⲥ · ⲡ ⲉⲧⲉ ⲙⲡ ϥ ⲧⲱⲟⲩⲛ ϩⲙ ⲡⲉ ϫⲡⲟ ⲛ ⲛⲉ ϩⲓⲟⲟⲙⲉ · ⲛϭⲓ ⲡ ⲉⲧ ⲟ ⲛ ⲛⲟϭ ⲉⲣⲟ ϥ"/>
		<feat xlink:href="#sSpan8726" value="ⲡⲉ ϫⲡⲟ ⲛ ⲛⲉ ϩⲓⲟⲟⲙⲉ"/>
		<feat xlink:href="#sSpan8735" value="ⲛⲉ ϩⲓⲟⲟⲙⲉ"/>
		<feat xlink:href="#sSpan8748" value="ⲡ ⲉⲧ ⲟ ⲛ ⲛⲟϭ ⲉⲣⲟ ϥ"/>
		<feat xlink:href="#sSpan8784" value="ⲛ ϫⲁⲓⲉ"/>
		<feat xlink:href="#sSpan8797" value="ⲡⲉ ϩⲟⲟⲩ ⲙ ⲡⲉϥ ⲟⲩⲱⲛϩ ⲉⲃⲟⲗ ϩⲙ ⲡ ⲓⲥⲣⲁⲏⲗ"/>
		<feat xlink:href="#sSpan8808" value="ⲡⲉϥ ⲟⲩⲱⲛϩ ⲉⲃⲟⲗ ϩⲙ ⲡ ⲓⲥⲣⲁⲏⲗ"/>
		<feat xlink:href="#sSpan8822" value="ⲡ ⲓⲥⲣⲁⲏⲗ"/>
		<feat xlink:href="#sSpan8851" value="ⲛⲁ ⲉⲓⲟⲟⲧⲉ"/>
		<feat xlink:href="#sSpan8870" value="ⲛ ⲉⲧ ϩⲙ ⲡ ϫⲁⲓⲉ"/>
		<feat xlink:href="#sSpan8879" value="ⲡ ϫⲁⲓⲉ"/>
		<feat xlink:href="#sSpan8969" value="ⲥⲩⲛⲁⲝⲓⲥ"/>
		<feat xlink:href="#sSpan9007" value="ϩⲣⲉ ⲉ ϥ ⲥⲃⲧⲱⲧ ⲛⲁ ⲛ"/>
		<feat xlink:href="#sSpan9051" value="ⲙⲟⲟⲩ"/>
		<feat xlink:href="#sSpan9096" value="ⲛⲉⲛ ⲥⲛⲏⲩ"/>
		<feat xlink:href="#sSpan9122" value="ⲩ ⲥⲕⲉⲩⲟⲥ"/>
		<feat xlink:href="#sSpan9166" value="ⲟⲩ ⲁⲅⲁⲡⲏ · ⲛⲧⲉ ⲡ ⲛⲟⲩⲧⲉ"/>
		<feat xlink:href="#sSpan9180" value="ⲡ ⲛⲟⲩⲧⲉ"/></featList></paula>