<?xml version='1.0' encoding='UTF-8'?><!DOCTYPE paula SYSTEM "paula_rel.dtd">
<paula version="1.1">
	<header paula_id="scriptorium.life.onnophrius.01.head"/>
	<relList xmlns:xlink="http://www.w3.org/1999/xlink" type="head">
		<rel id="sPointingRel5283" xlink:href="scriptorium.life.onnophrius.01.mark.xml#sSpan7626" target="scriptorium.life.onnophrius.01.mark.xml#sSpan7627"/>
		<rel id="sPointingRel5285" xlink:href="scriptorium.life.onnophrius.01.mark.xml#sSpan3845" target="scriptorium.life.onnophrius.01.mark.xml#sSpan3846"/>
		<rel id="sPointingRel5287" xlink:href="scriptorium.life.onnophrius.01.mark.xml#sSpan8198" target="scriptorium.life.onnophrius.01.mark.xml#sSpan8203"/>
		<rel id="sPointingRel5289" xlink:href="scriptorium.life.onnophrius.01.mark.xml#sSpan137" target="scriptorium.life.onnophrius.01.mark.xml#sSpan140"/>
		<rel id="sPointingRel5291" xlink:href="scriptorium.life.onnophrius.01.mark.xml#sSpan7476" target="scriptorium.life.onnophrius.01.mark.xml#sSpan7474"/>
		<rel id="sPointingRel5293" xlink:href="scriptorium.life.onnophrius.01.mark.xml#sSpan2443" target="scriptorium.life.onnophrius.01.mark.xml#sSpan2444"/>
		<rel id="sPointingRel5295" xlink:href="scriptorium.life.onnophrius.01.mark.xml#sSpan4252" target="scriptorium.life.onnophrius.01.mark.xml#sSpan4255"/>
		<rel id="sPointingRel5297" xlink:href="scriptorium.life.onnophrius.01.mark.xml#sSpan1765" target="scriptorium.life.onnophrius.01.mark.xml#sSpan1766"/>
		<rel id="sPointingRel5299" xlink:href="scriptorium.life.onnophrius.01.mark.xml#sSpan4406" target="scriptorium.life.onnophrius.01.mark.xml#sSpan4408"/>
		<rel id="sPointingRel5301" xlink:href="scriptorium.life.onnophrius.01.mark.xml#sSpan3644" target="scriptorium.life.onnophrius.01.mark.xml#sSpan3645"/>
		<rel id="sPointingRel5303" xlink:href="scriptorium.life.onnophrius.01.mark.xml#sSpan1703" target="scriptorium.life.onnophrius.01.mark.xml#sSpan1704"/>
		<rel id="sPointingRel5305" xlink:href="scriptorium.life.onnophrius.01.mark.xml#sSpan2559" target="scriptorium.life.onnophrius.01.mark.xml#sSpan2560"/>
		<rel id="sPointingRel5307" xlink:href="scriptorium.life.onnophrius.01.mark.xml#sSpan8285" target="scriptorium.life.onnophrius.01.mark.xml#sSpan8283"/>
		<rel id="sPointingRel5309" xlink:href="scriptorium.life.onnophrius.01.mark.xml#sSpan2453" target="scriptorium.life.onnophrius.01.mark.xml#sSpan2454"/>
		<rel id="sPointingRel5311" xlink:href="scriptorium.life.onnophrius.01.mark.xml#sSpan8344" target="scriptorium.life.onnophrius.01.mark.xml#sSpan8345"/>
		<rel id="sPointingRel5313" xlink:href="scriptorium.life.onnophrius.01.mark.xml#sSpan2420" target="scriptorium.life.onnophrius.01.mark.xml#sSpan2421"/>
		<rel id="sPointingRel5315" xlink:href="scriptorium.life.onnophrius.01.mark.xml#sSpan3178" target="scriptorium.life.onnophrius.01.mark.xml#sSpan3176"/>
		<rel id="sPointingRel5317" xlink:href="scriptorium.life.onnophrius.01.mark.xml#sSpan3556" target="scriptorium.life.onnophrius.01.mark.xml#sSpan3557"/>
		<rel id="sPointingRel5319" xlink:href="scriptorium.life.onnophrius.01.mark.xml#sSpan4639" target="scriptorium.life.onnophrius.01.mark.xml#sSpan4640"/>
		<rel id="sPointingRel5321" xlink:href="scriptorium.life.onnophrius.01.mark.xml#sSpan777" target="scriptorium.life.onnophrius.01.mark.xml#sSpan775"/>
		<rel id="sPointingRel5323" xlink:href="scriptorium.life.onnophrius.01.mark.xml#sSpan1400" target="scriptorium.life.onnophrius.01.mark.xml#sSpan1398"/>
		<rel id="sPointingRel5325" xlink:href="scriptorium.life.onnophrius.01.mark.xml#sSpan4959" target="scriptorium.life.onnophrius.01.mark.xml#sSpan4960"/>
		<rel id="sPointingRel5327" xlink:href="scriptorium.life.onnophrius.01.mark.xml#sSpan2095" target="scriptorium.life.onnophrius.01.mark.xml#sSpan2096"/>
		<rel id="sPointingRel5329" xlink:href="scriptorium.life.onnophrius.01.mark.xml#sSpan4746" target="scriptorium.life.onnophrius.01.mark.xml#sSpan4750"/>
		<rel id="sPointingRel5331" xlink:href="scriptorium.life.onnophrius.01.mark.xml#sSpan7112" target="scriptorium.life.onnophrius.01.mark.xml#sSpan7114"/>
		<rel id="sPointingRel5333" xlink:href="scriptorium.life.onnophrius.01.mark.xml#sSpan824" target="scriptorium.life.onnophrius.01.mark.xml#sSpan825"/>
		<rel id="sPointingRel5335" xlink:href="scriptorium.life.onnophrius.01.mark.xml#sSpan3318" target="scriptorium.life.onnophrius.01.mark.xml#sSpan3319"/>
		<rel id="sPointingRel5337" xlink:href="scriptorium.life.onnophrius.01.mark.xml#sSpan8914" target="scriptorium.life.onnophrius.01.mark.xml#sSpan8915"/>
		<rel id="sPointingRel5339" xlink:href="scriptorium.life.onnophrius.01.mark.xml#sSpan239" target="scriptorium.life.onnophrius.01.mark.xml#sSpan240"/>
		<rel id="sPointingRel5341" xlink:href="scriptorium.life.onnophrius.01.mark.xml#sSpan4931" target="scriptorium.life.onnophrius.01.mark.xml#sSpan4932"/>
		<rel id="sPointingRel5343" xlink:href="scriptorium.life.onnophrius.01.mark.xml#sSpan6558" target="scriptorium.life.onnophrius.01.mark.xml#sSpan6561"/>
		<rel id="sPointingRel5345" xlink:href="scriptorium.life.onnophrius.01.mark.xml#sSpan4115" target="scriptorium.life.onnophrius.01.mark.xml#sSpan4116"/>
		<rel id="sPointingRel5347" xlink:href="scriptorium.life.onnophrius.01.mark.xml#sSpan3207" target="scriptorium.life.onnophrius.01.mark.xml#sSpan3205"/>
		<rel id="sPointingRel5349" xlink:href="scriptorium.life.onnophrius.01.mark.xml#sSpan7094" target="scriptorium.life.onnophrius.01.mark.xml#sSpan7095"/>
		<rel id="sPointingRel5351" xlink:href="scriptorium.life.onnophrius.01.mark.xml#sSpan6166" target="scriptorium.life.onnophrius.01.mark.xml#sSpan6167"/>
		<rel id="sPointingRel5353" xlink:href="scriptorium.life.onnophrius.01.mark.xml#sSpan1548" target="scriptorium.life.onnophrius.01.mark.xml#sSpan1550"/>
		<rel id="sPointingRel5355" xlink:href="scriptorium.life.onnophrius.01.mark.xml#sSpan1230" target="scriptorium.life.onnophrius.01.mark.xml#sSpan1231"/>
		<rel id="sPointingRel5357" xlink:href="scriptorium.life.onnophrius.01.mark.xml#sSpan7432" target="scriptorium.life.onnophrius.01.mark.xml#sSpan7433"/>
		<rel id="sPointingRel5359" xlink:href="scriptorium.life.onnophrius.01.mark.xml#sSpan2255" target="scriptorium.life.onnophrius.01.mark.xml#sSpan2257"/>
		<rel id="sPointingRel5361" xlink:href="scriptorium.life.onnophrius.01.mark.xml#sSpan4655" target="scriptorium.life.onnophrius.01.mark.xml#sSpan4656"/>
		<rel id="sPointingRel5363" xlink:href="scriptorium.life.onnophrius.01.mark.xml#sSpan6468" target="scriptorium.life.onnophrius.01.mark.xml#sSpan6470"/>
		<rel id="sPointingRel5365" xlink:href="scriptorium.life.onnophrius.01.mark.xml#sSpan6375" target="scriptorium.life.onnophrius.01.mark.xml#sSpan6377"/>
		<rel id="sPointingRel5367" xlink:href="scriptorium.life.onnophrius.01.mark.xml#sSpan2753" target="scriptorium.life.onnophrius.01.mark.xml#sSpan2754"/>
		<rel id="sPointingRel5369" xlink:href="scriptorium.life.onnophrius.01.mark.xml#sSpan8801" target="scriptorium.life.onnophrius.01.mark.xml#sSpan8797"/>
		<rel id="sPointingRel5371" xlink:href="scriptorium.life.onnophrius.01.mark.xml#sSpan5293" target="scriptorium.life.onnophrius.01.mark.xml#sSpan5294"/>
		<rel id="sPointingRel5373" xlink:href="scriptorium.life.onnophrius.01.mark.xml#sSpan4378" target="scriptorium.life.onnophrius.01.mark.xml#sSpan4379"/>
		<rel id="sPointingRel5375" xlink:href="scriptorium.life.onnophrius.01.mark.xml#sSpan4884" target="scriptorium.life.onnophrius.01.mark.xml#sSpan4888"/>
		<rel id="sPointingRel5377" xlink:href="scriptorium.life.onnophrius.01.mark.xml#sSpan3685" target="scriptorium.life.onnophrius.01.mark.xml#sSpan3683"/>
		<rel id="sPointingRel5379" xlink:href="scriptorium.life.onnophrius.01.mark.xml#sSpan1615" target="scriptorium.life.onnophrius.01.mark.xml#sSpan1616"/>
		<rel id="sPointingRel5381" xlink:href="scriptorium.life.onnophrius.01.mark.xml#sSpan1687" target="scriptorium.life.onnophrius.01.mark.xml#sSpan1704"/>
		<rel id="sPointingRel5383" xlink:href="scriptorium.life.onnophrius.01.mark.xml#sSpan1270" target="scriptorium.life.onnophrius.01.mark.xml#sSpan1272"/>
		<rel id="sPointingRel5385" xlink:href="scriptorium.life.onnophrius.01.mark.xml#sSpan8606" target="scriptorium.life.onnophrius.01.mark.xml#sSpan8607"/>
		<rel id="sPointingRel5387" xlink:href="scriptorium.life.onnophrius.01.mark.xml#sSpan7935" target="scriptorium.life.onnophrius.01.mark.xml#sSpan7937"/>
		<rel id="sPointingRel5389" xlink:href="scriptorium.life.onnophrius.01.mark.xml#sSpan7284" target="scriptorium.life.onnophrius.01.mark.xml#sSpan7285"/>
		<rel id="sPointingRel5391" xlink:href="scriptorium.life.onnophrius.01.mark.xml#sSpan5981" target="scriptorium.life.onnophrius.01.mark.xml#sSpan5982"/>
		<rel id="sPointingRel5393" xlink:href="scriptorium.life.onnophrius.01.mark.xml#sSpan8958" target="scriptorium.life.onnophrius.01.mark.xml#sSpan8959"/>
		<rel id="sPointingRel5395" xlink:href="scriptorium.life.onnophrius.01.mark.xml#sSpan3331" target="scriptorium.life.onnophrius.01.mark.xml#sSpan3332"/>
		<rel id="sPointingRel5397" xlink:href="scriptorium.life.onnophrius.01.mark.xml#sSpan9292" target="scriptorium.life.onnophrius.01.mark.xml#sSpan9294"/>
		<rel id="sPointingRel5399" xlink:href="scriptorium.life.onnophrius.01.mark.xml#sSpan6099" target="scriptorium.life.onnophrius.01.mark.xml#sSpan6097"/>
		<rel id="sPointingRel5401" xlink:href="scriptorium.life.onnophrius.01.mark.xml#sSpan1487" target="scriptorium.life.onnophrius.01.mark.xml#sSpan1488"/>
		<rel id="sPointingRel5403" xlink:href="scriptorium.life.onnophrius.01.mark.xml#sSpan744" target="scriptorium.life.onnophrius.01.mark.xml#sSpan745"/>
		<rel id="sPointingRel5405" xlink:href="scriptorium.life.onnophrius.01.mark.xml#sSpan3015" target="scriptorium.life.onnophrius.01.mark.xml#sSpan3016"/>
		<rel id="sPointingRel5407" xlink:href="scriptorium.life.onnophrius.01.mark.xml#sSpan7688" target="scriptorium.life.onnophrius.01.mark.xml#sSpan7690"/>
		<rel id="sPointingRel5409" xlink:href="scriptorium.life.onnophrius.01.mark.xml#sSpan8353" target="scriptorium.life.onnophrius.01.mark.xml#sSpan8351"/>
		<rel id="sPointingRel5411" xlink:href="scriptorium.life.onnophrius.01.mark.xml#sSpan5582" target="scriptorium.life.onnophrius.01.mark.xml#sSpan5583"/>
		<rel id="sPointingRel5413" xlink:href="scriptorium.life.onnophrius.01.mark.xml#sSpan3232" target="scriptorium.life.onnophrius.01.mark.xml#sSpan3230"/>
		<rel id="sPointingRel5415" xlink:href="scriptorium.life.onnophrius.01.mark.xml#sSpan4319" target="scriptorium.life.onnophrius.01.mark.xml#sSpan4320"/>
		<rel id="sPointingRel5417" xlink:href="scriptorium.life.onnophrius.01.mark.xml#sSpan5344" target="scriptorium.life.onnophrius.01.mark.xml#sSpan5346"/>
		<rel id="sPointingRel5419" xlink:href="scriptorium.life.onnophrius.01.mark.xml#sSpan3249" target="scriptorium.life.onnophrius.01.mark.xml#sSpan3256"/>
		<rel id="sPointingRel5421" xlink:href="scriptorium.life.onnophrius.01.mark.xml#sSpan8928" target="scriptorium.life.onnophrius.01.mark.xml#sSpan8930"/>
		<rel id="sPointingRel5423" xlink:href="scriptorium.life.onnophrius.01.mark.xml#sSpan4511" target="scriptorium.life.onnophrius.01.mark.xml#sSpan4512"/>
		<rel id="sPointingRel5425" xlink:href="scriptorium.life.onnophrius.01.mark.xml#sSpan4339" target="scriptorium.life.onnophrius.01.mark.xml#sSpan4340"/>
		<rel id="sPointingRel5427" xlink:href="scriptorium.life.onnophrius.01.mark.xml#sSpan8388" target="scriptorium.life.onnophrius.01.mark.xml#sSpan8389"/>
		<rel id="sPointingRel5429" xlink:href="scriptorium.life.onnophrius.01.mark.xml#sSpan7769" target="scriptorium.life.onnophrius.01.mark.xml#sSpan7770"/>
		<rel id="sPointingRel5431" xlink:href="scriptorium.life.onnophrius.01.mark.xml#sSpan1462" target="scriptorium.life.onnophrius.01.mark.xml#sSpan1463"/>
		<rel id="sPointingRel5433" xlink:href="scriptorium.life.onnophrius.01.mark.xml#sSpan5719" target="scriptorium.life.onnophrius.01.mark.xml#sSpan5720"/>
		<rel id="sPointingRel5435" xlink:href="scriptorium.life.onnophrius.01.mark.xml#sSpan6894" target="scriptorium.life.onnophrius.01.mark.xml#sSpan6892"/>
		<rel id="sPointingRel5437" xlink:href="scriptorium.life.onnophrius.01.mark.xml#sSpan2472" target="scriptorium.life.onnophrius.01.mark.xml#sSpan2473"/>
		<rel id="sPointingRel5439" xlink:href="scriptorium.life.onnophrius.01.mark.xml#sSpan9278" target="scriptorium.life.onnophrius.01.mark.xml#sSpan9280"/>
		<rel id="sPointingRel5441" xlink:href="scriptorium.life.onnophrius.01.mark.xml#sSpan1443" target="scriptorium.life.onnophrius.01.mark.xml#sSpan1444"/>
		<rel id="sPointingRel5443" xlink:href="scriptorium.life.onnophrius.01.mark.xml#sSpan3341" target="scriptorium.life.onnophrius.01.mark.xml#sSpan3339"/>
		<rel id="sPointingRel5445" xlink:href="scriptorium.life.onnophrius.01.mark.xml#sSpan843" target="scriptorium.life.onnophrius.01.mark.xml#sSpan844"/>
		<rel id="sPointingRel5447" xlink:href="scriptorium.life.onnophrius.01.mark.xml#sSpan6588" target="scriptorium.life.onnophrius.01.mark.xml#sSpan6589"/>
		<rel id="sPointingRel5449" xlink:href="scriptorium.life.onnophrius.01.mark.xml#sSpan148" target="scriptorium.life.onnophrius.01.mark.xml#sSpan149"/>
		<rel id="sPointingRel5451" xlink:href="scriptorium.life.onnophrius.01.mark.xml#sSpan6774" target="scriptorium.life.onnophrius.01.mark.xml#sSpan6775"/>
		<rel id="sPointingRel5453" xlink:href="scriptorium.life.onnophrius.01.mark.xml#sSpan7603" target="scriptorium.life.onnophrius.01.mark.xml#sSpan7604"/>
		<rel id="sPointingRel5455" xlink:href="scriptorium.life.onnophrius.01.mark.xml#sSpan5138" target="scriptorium.life.onnophrius.01.mark.xml#sSpan5139"/>
		<rel id="sPointingRel5457" xlink:href="scriptorium.life.onnophrius.01.mark.xml#sSpan6572" target="scriptorium.life.onnophrius.01.mark.xml#sSpan6573"/>
		<rel id="sPointingRel5459" xlink:href="scriptorium.life.onnophrius.01.mark.xml#sSpan4799" target="scriptorium.life.onnophrius.01.mark.xml#sSpan4797"/>
		<rel id="sPointingRel5461" xlink:href="scriptorium.life.onnophrius.01.mark.xml#sSpan8531" target="scriptorium.life.onnophrius.01.mark.xml#sSpan8532"/>
		<rel id="sPointingRel5463" xlink:href="scriptorium.life.onnophrius.01.mark.xml#sSpan5600" target="scriptorium.life.onnophrius.01.mark.xml#sSpan5602"/>
		<rel id="sPointingRel5465" xlink:href="scriptorium.life.onnophrius.01.mark.xml#sSpan4717" target="scriptorium.life.onnophrius.01.mark.xml#sSpan4715"/>
		<rel id="sPointingRel5467" xlink:href="scriptorium.life.onnophrius.01.mark.xml#sSpan8218" target="scriptorium.life.onnophrius.01.mark.xml#sSpan8220"/>
		<rel id="sPointingRel5469" xlink:href="scriptorium.life.onnophrius.01.mark.xml#sSpan5207" target="scriptorium.life.onnophrius.01.mark.xml#sSpan5210"/>
		<rel id="sPointingRel5471" xlink:href="scriptorium.life.onnophrius.01.mark.xml#sSpan5919" target="scriptorium.life.onnophrius.01.mark.xml#sSpan5921"/>
		<rel id="sPointingRel5473" xlink:href="scriptorium.life.onnophrius.01.mark.xml#sSpan5893" target="scriptorium.life.onnophrius.01.mark.xml#sSpan5894"/>
		<rel id="sPointingRel5475" xlink:href="scriptorium.life.onnophrius.01.mark.xml#sSpan1647" target="scriptorium.life.onnophrius.01.mark.xml#sSpan1649"/>
		<rel id="sPointingRel5477" xlink:href="scriptorium.life.onnophrius.01.mark.xml#sSpan24" target="scriptorium.life.onnophrius.01.mark.xml#sSpan25"/>
		<rel id="sPointingRel5479" xlink:href="scriptorium.life.onnophrius.01.mark.xml#sSpan6263" target="scriptorium.life.onnophrius.01.mark.xml#sSpan6264"/>
		<rel id="sPointingRel5481" xlink:href="scriptorium.life.onnophrius.01.mark.xml#sSpan2133" target="scriptorium.life.onnophrius.01.mark.xml#sSpan2134"/>
		<rel id="sPointingRel5483" xlink:href="scriptorium.life.onnophrius.01.mark.xml#sSpan1175" target="scriptorium.life.onnophrius.01.mark.xml#sSpan1176"/>
		<rel id="sPointingRel5485" xlink:href="scriptorium.life.onnophrius.01.mark.xml#sSpan2822" target="scriptorium.life.onnophrius.01.mark.xml#sSpan2823"/>
		<rel id="sPointingRel5487" xlink:href="scriptorium.life.onnophrius.01.mark.xml#sSpan1985" target="scriptorium.life.onnophrius.01.mark.xml#sSpan1986"/>
		<rel id="sPointingRel5489" xlink:href="scriptorium.life.onnophrius.01.mark.xml#sSpan424" target="scriptorium.life.onnophrius.01.mark.xml#sSpan429"/>
		<rel id="sPointingRel5491" xlink:href="scriptorium.life.onnophrius.01.mark.xml#sSpan8986" target="scriptorium.life.onnophrius.01.mark.xml#sSpan8987"/>
		<rel id="sPointingRel5493" xlink:href="scriptorium.life.onnophrius.01.mark.xml#sSpan115" target="scriptorium.life.onnophrius.01.mark.xml#sSpan113"/>
		<rel id="sPointingRel5495" xlink:href="scriptorium.life.onnophrius.01.mark.xml#sSpan5814" target="scriptorium.life.onnophrius.01.mark.xml#sSpan5816"/>
		<rel id="sPointingRel5497" xlink:href="scriptorium.life.onnophrius.01.mark.xml#sSpan628" target="scriptorium.life.onnophrius.01.mark.xml#sSpan629"/>
		<rel id="sPointingRel5499" xlink:href="scriptorium.life.onnophrius.01.mark.xml#sSpan7517" target="scriptorium.life.onnophrius.01.mark.xml#sSpan7518"/>
		<rel id="sPointingRel5501" xlink:href="scriptorium.life.onnophrius.01.mark.xml#sSpan438" target="scriptorium.life.onnophrius.01.mark.xml#sSpan443"/>
		<rel id="sPointingRel5503" xlink:href="scriptorium.life.onnophrius.01.mark.xml#sSpan9207" target="scriptorium.life.onnophrius.01.mark.xml#sSpan9208"/>
		<rel id="sPointingRel5505" xlink:href="scriptorium.life.onnophrius.01.mark.xml#sSpan4087" target="scriptorium.life.onnophrius.01.mark.xml#sSpan4090"/>
		<rel id="sPointingRel5507" xlink:href="scriptorium.life.onnophrius.01.mark.xml#sSpan4011" target="scriptorium.life.onnophrius.01.mark.xml#sSpan4012"/>
		<rel id="sPointingRel5509" xlink:href="scriptorium.life.onnophrius.01.mark.xml#sSpan555" target="scriptorium.life.onnophrius.01.mark.xml#sSpan557"/>
		<rel id="sPointingRel5511" xlink:href="scriptorium.life.onnophrius.01.mark.xml#sSpan2182" target="scriptorium.life.onnophrius.01.mark.xml#sSpan2184"/>
		<rel id="sPointingRel5513" xlink:href="scriptorium.life.onnophrius.01.mark.xml#sSpan124" target="scriptorium.life.onnophrius.01.mark.xml#sSpan127"/>
		<rel id="sPointingRel5515" xlink:href="scriptorium.life.onnophrius.01.mark.xml#sSpan5046" target="scriptorium.life.onnophrius.01.mark.xml#sSpan5048"/>
		<rel id="sPointingRel5517" xlink:href="scriptorium.life.onnophrius.01.mark.xml#sSpan6240" target="scriptorium.life.onnophrius.01.mark.xml#sSpan6242"/>
		<rel id="sPointingRel5519" xlink:href="scriptorium.life.onnophrius.01.mark.xml#sSpan5538" target="scriptorium.life.onnophrius.01.mark.xml#sSpan5539"/>
		<rel id="sPointingRel5521" xlink:href="scriptorium.life.onnophrius.01.mark.xml#sSpan7530" target="scriptorium.life.onnophrius.01.mark.xml#sSpan7531"/>
		<rel id="sPointingRel5523" xlink:href="scriptorium.life.onnophrius.01.mark.xml#sSpan8977" target="scriptorium.life.onnophrius.01.mark.xml#sSpan8975"/>
		<rel id="sPointingRel5525" xlink:href="scriptorium.life.onnophrius.01.mark.xml#sSpan5386" target="scriptorium.life.onnophrius.01.mark.xml#sSpan5393"/>
		<rel id="sPointingRel5527" xlink:href="scriptorium.life.onnophrius.01.mark.xml#sSpan1351" target="scriptorium.life.onnophrius.01.mark.xml#sSpan1349"/>
		<rel id="sPointingRel5529" xlink:href="scriptorium.life.onnophrius.01.mark.xml#sSpan5447" target="scriptorium.life.onnophrius.01.mark.xml#sSpan5448"/>
		<rel id="sPointingRel5531" xlink:href="scriptorium.life.onnophrius.01.mark.xml#sSpan7981" target="scriptorium.life.onnophrius.01.mark.xml#sSpan7982"/>
		<rel id="sPointingRel5533" xlink:href="scriptorium.life.onnophrius.01.mark.xml#sSpan3133" target="scriptorium.life.onnophrius.01.mark.xml#sSpan3135"/>
		<rel id="sPointingRel5535" xlink:href="scriptorium.life.onnophrius.01.mark.xml#sSpan6433" target="scriptorium.life.onnophrius.01.mark.xml#sSpan6434"/>
		<rel id="sPointingRel5537" xlink:href="scriptorium.life.onnophrius.01.mark.xml#sSpan207" target="scriptorium.life.onnophrius.01.mark.xml#sSpan208"/>
		<rel id="sPointingRel5539" xlink:href="scriptorium.life.onnophrius.01.mark.xml#sSpan8498" target="scriptorium.life.onnophrius.01.mark.xml#sSpan8500"/>
		<rel id="sPointingRel5541" xlink:href="scriptorium.life.onnophrius.01.mark.xml#sSpan3741" target="scriptorium.life.onnophrius.01.mark.xml#sSpan3739"/>
		<rel id="sPointingRel5543" xlink:href="scriptorium.life.onnophrius.01.mark.xml#sSpan526" target="scriptorium.life.onnophrius.01.mark.xml#sSpan527"/>
		<rel id="sPointingRel5545" xlink:href="scriptorium.life.onnophrius.01.mark.xml#sSpan5303" target="scriptorium.life.onnophrius.01.mark.xml#sSpan5304"/>
		<rel id="sPointingRel5547" xlink:href="scriptorium.life.onnophrius.01.mark.xml#sSpan8698" target="scriptorium.life.onnophrius.01.mark.xml#sSpan8699"/>
		<rel id="sPointingRel5549" xlink:href="scriptorium.life.onnophrius.01.mark.xml#sSpan4024" target="scriptorium.life.onnophrius.01.mark.xml#sSpan4022"/>
		<rel id="sPointingRel5551" xlink:href="scriptorium.life.onnophrius.01.mark.xml#sSpan190" target="scriptorium.life.onnophrius.01.mark.xml#sSpan219"/>
		<rel id="sPointingRel5553" xlink:href="scriptorium.life.onnophrius.01.mark.xml#sSpan8673" target="scriptorium.life.onnophrius.01.mark.xml#sSpan8674"/>
		<rel id="sPointingRel5555" xlink:href="scriptorium.life.onnophrius.01.mark.xml#sSpan7967" target="scriptorium.life.onnophrius.01.mark.xml#sSpan7969"/>
		<rel id="sPointingRel5557" xlink:href="scriptorium.life.onnophrius.01.mark.xml#sSpan303" target="scriptorium.life.onnophrius.01.mark.xml#sSpan306"/>
		<rel id="sPointingRel5559" xlink:href="scriptorium.life.onnophrius.01.mark.xml#sSpan1184" target="scriptorium.life.onnophrius.01.mark.xml#sSpan1185"/>
		<rel id="sPointingRel5561" xlink:href="scriptorium.life.onnophrius.01.mark.xml#sSpan8403" target="scriptorium.life.onnophrius.01.mark.xml#sSpan8401"/>
		<rel id="sPointingRel5563" xlink:href="scriptorium.life.onnophrius.01.mark.xml#sSpan3662" target="scriptorium.life.onnophrius.01.mark.xml#sSpan3666"/>
		<rel id="sPointingRel5565" xlink:href="scriptorium.life.onnophrius.01.mark.xml#sSpan6190" target="scriptorium.life.onnophrius.01.mark.xml#sSpan6191"/>
		<rel id="sPointingRel5567" xlink:href="scriptorium.life.onnophrius.01.mark.xml#sSpan6703" target="scriptorium.life.onnophrius.01.mark.xml#sSpan6704"/>
		<rel id="sPointingRel5569" xlink:href="scriptorium.life.onnophrius.01.mark.xml#sSpan1586" target="scriptorium.life.onnophrius.01.mark.xml#sSpan1588"/>
		<rel id="sPointingRel5571" xlink:href="scriptorium.life.onnophrius.01.mark.xml#sSpan7038" target="scriptorium.life.onnophrius.01.mark.xml#sSpan7045"/>
		<rel id="sPointingRel5573" xlink:href="scriptorium.life.onnophrius.01.mark.xml#sSpan5971" target="scriptorium.life.onnophrius.01.mark.xml#sSpan5973"/>
		<rel id="sPointingRel5575" xlink:href="scriptorium.life.onnophrius.01.mark.xml#sSpan5942" target="scriptorium.life.onnophrius.01.mark.xml#sSpan5943"/>
		<rel id="sPointingRel5577" xlink:href="scriptorium.life.onnophrius.01.mark.xml#sSpan495" target="scriptorium.life.onnophrius.01.mark.xml#sSpan496"/>
		<rel id="sPointingRel5579" xlink:href="scriptorium.life.onnophrius.01.mark.xml#sSpan2939" target="scriptorium.life.onnophrius.01.mark.xml#sSpan2940"/>
		<rel id="sPointingRel5581" xlink:href="scriptorium.life.onnophrius.01.mark.xml#sSpan1046" target="scriptorium.life.onnophrius.01.mark.xml#sSpan1047"/>
		<rel id="sPointingRel5583" xlink:href="scriptorium.life.onnophrius.01.mark.xml#sSpan2192" target="scriptorium.life.onnophrius.01.mark.xml#sSpan2190"/>
		<rel id="sPointingRel5585" xlink:href="scriptorium.life.onnophrius.01.mark.xml#sSpan4981" target="scriptorium.life.onnophrius.01.mark.xml#sSpan4986"/>
		<rel id="sPointingRel5587" xlink:href="scriptorium.life.onnophrius.01.mark.xml#sSpan2509" target="scriptorium.life.onnophrius.01.mark.xml#sSpan2507"/>
		<rel id="sPointingRel5589" xlink:href="scriptorium.life.onnophrius.01.mark.xml#sSpan2318" target="scriptorium.life.onnophrius.01.mark.xml#sSpan2320"/>
		<rel id="sPointingRel5591" xlink:href="scriptorium.life.onnophrius.01.mark.xml#sSpan4460" target="scriptorium.life.onnophrius.01.mark.xml#sSpan4461"/>
		<rel id="sPointingRel5593" xlink:href="scriptorium.life.onnophrius.01.mark.xml#sSpan1338" target="scriptorium.life.onnophrius.01.mark.xml#sSpan1339"/>
		<rel id="sPointingRel5595" xlink:href="scriptorium.life.onnophrius.01.mark.xml#sSpan5335" target="scriptorium.life.onnophrius.01.mark.xml#sSpan5336"/>
		<rel id="sPointingRel5597" xlink:href="scriptorium.life.onnophrius.01.mark.xml#sSpan6686" target="scriptorium.life.onnophrius.01.mark.xml#sSpan6687"/>
		<rel id="sPointingRel5599" xlink:href="scriptorium.life.onnophrius.01.mark.xml#sSpan5933" target="scriptorium.life.onnophrius.01.mark.xml#sSpan5934"/>
		<rel id="sPointingRel5601" xlink:href="scriptorium.life.onnophrius.01.mark.xml#sSpan6550" target="scriptorium.life.onnophrius.01.mark.xml#sSpan6548"/>
		<rel id="sPointingRel5603" xlink:href="scriptorium.life.onnophrius.01.mark.xml#sSpan276" target="scriptorium.life.onnophrius.01.mark.xml#sSpan277"/>
		<rel id="sPointingRel5605" xlink:href="scriptorium.life.onnophrius.01.mark.xml#sSpan4301" target="scriptorium.life.onnophrius.01.mark.xml#sSpan4299"/>
		<rel id="sPointingRel5607" xlink:href="scriptorium.life.onnophrius.01.mark.xml#sSpan4228" target="scriptorium.life.onnophrius.01.mark.xml#sSpan4231"/>
		<rel id="sPointingRel5609" xlink:href="scriptorium.life.onnophrius.01.mark.xml#sSpan5884" target="scriptorium.life.onnophrius.01.mark.xml#sSpan5885"/>
		<rel id="sPointingRel5611" xlink:href="scriptorium.life.onnophrius.01.mark.xml#sSpan7730" target="scriptorium.life.onnophrius.01.mark.xml#sSpan7732"/>
		<rel id="sPointingRel5613" xlink:href="scriptorium.life.onnophrius.01.mark.xml#sSpan3099" target="scriptorium.life.onnophrius.01.mark.xml#sSpan3100"/>
		<rel id="sPointingRel5615" xlink:href="scriptorium.life.onnophrius.01.mark.xml#sSpan7" target="scriptorium.life.onnophrius.01.mark.xml#sSpan14"/>
		<rel id="sPointingRel5617" xlink:href="scriptorium.life.onnophrius.01.mark.xml#sSpan103" target="scriptorium.life.onnophrius.01.mark.xml#sSpan105"/>
		<rel id="sPointingRel5619" xlink:href="scriptorium.life.onnophrius.01.mark.xml#sSpan8832" target="scriptorium.life.onnophrius.01.mark.xml#sSpan8833"/>
		<rel id="sPointingRel5621" xlink:href="scriptorium.life.onnophrius.01.mark.xml#sSpan8370" target="scriptorium.life.onnophrius.01.mark.xml#sSpan8375"/>
		<rel id="sPointingRel5623" xlink:href="scriptorium.life.onnophrius.01.mark.xml#sSpan4736" target="scriptorium.life.onnophrius.01.mark.xml#sSpan4734"/>
		<rel id="sPointingRel5625" xlink:href="scriptorium.life.onnophrius.01.mark.xml#sSpan4648" target="scriptorium.life.onnophrius.01.mark.xml#sSpan4646"/>
		<rel id="sPointingRel5627" xlink:href="scriptorium.life.onnophrius.01.mark.xml#sSpan869" target="scriptorium.life.onnophrius.01.mark.xml#sSpan867"/>
		<rel id="sPointingRel5629" xlink:href="scriptorium.life.onnophrius.01.mark.xml#sSpan4328" target="scriptorium.life.onnophrius.01.mark.xml#sSpan4329"/>
		<rel id="sPointingRel5631" xlink:href="scriptorium.life.onnophrius.01.mark.xml#sSpan9077" target="scriptorium.life.onnophrius.01.mark.xml#sSpan9075"/>
		<rel id="sPointingRel5633" xlink:href="scriptorium.life.onnophrius.01.mark.xml#sSpan5025" target="scriptorium.life.onnophrius.01.mark.xml#sSpan5027"/>
		<rel id="sPointingRel5635" xlink:href="scriptorium.life.onnophrius.01.mark.xml#sSpan8073" target="scriptorium.life.onnophrius.01.mark.xml#sSpan8074"/>
		<rel id="sPointingRel5637" xlink:href="scriptorium.life.onnophrius.01.mark.xml#sSpan652" target="scriptorium.life.onnophrius.01.mark.xml#sSpan650"/>
		<rel id="sPointingRel5639" xlink:href="scriptorium.life.onnophrius.01.mark.xml#sSpan4839" target="scriptorium.life.onnophrius.01.mark.xml#sSpan4835"/>
		<rel id="sPointingRel5641" xlink:href="scriptorium.life.onnophrius.01.mark.xml#sSpan1805" target="scriptorium.life.onnophrius.01.mark.xml#sSpan1803"/>
		<rel id="sPointingRel5643" xlink:href="scriptorium.life.onnophrius.01.mark.xml#sSpan8781" target="scriptorium.life.onnophrius.01.mark.xml#sSpan8782"/>
		<rel id="sPointingRel5645" xlink:href="scriptorium.life.onnophrius.01.mark.xml#sSpan8841" target="scriptorium.life.onnophrius.01.mark.xml#sSpan8842"/>
		<rel id="sPointingRel5647" xlink:href="scriptorium.life.onnophrius.01.mark.xml#sSpan5765" target="scriptorium.life.onnophrius.01.mark.xml#sSpan5766"/>
		<rel id="sPointingRel5649" xlink:href="scriptorium.life.onnophrius.01.mark.xml#sSpan8130" target="scriptorium.life.onnophrius.01.mark.xml#sSpan8131"/>
		<rel id="sPointingRel5651" xlink:href="scriptorium.life.onnophrius.01.mark.xml#sSpan1674" target="scriptorium.life.onnophrius.01.mark.xml#sSpan1675"/>
		<rel id="sPointingRel5653" xlink:href="scriptorium.life.onnophrius.01.mark.xml#sSpan1521" target="scriptorium.life.onnophrius.01.mark.xml#sSpan1522"/>
		<rel id="sPointingRel5655" xlink:href="scriptorium.life.onnophrius.01.mark.xml#sSpan1307" target="scriptorium.life.onnophrius.01.mark.xml#sSpan1308"/>
		<rel id="sPointingRel5657" xlink:href="scriptorium.life.onnophrius.01.mark.xml#sSpan3358" target="scriptorium.life.onnophrius.01.mark.xml#sSpan3360"/>
		<rel id="sPointingRel5659" xlink:href="scriptorium.life.onnophrius.01.mark.xml#sSpan608" target="scriptorium.life.onnophrius.01.mark.xml#sSpan609"/>
		<rel id="sPointingRel5661" xlink:href="scriptorium.life.onnophrius.01.mark.xml#sSpan1129" target="scriptorium.life.onnophrius.01.mark.xml#sSpan1131"/>
		<rel id="sPointingRel5663" xlink:href="scriptorium.life.onnophrius.01.mark.xml#sSpan4562" target="scriptorium.life.onnophrius.01.mark.xml#sSpan4564"/>
		<rel id="sPointingRel5665" xlink:href="scriptorium.life.onnophrius.01.mark.xml#sSpan4821" target="scriptorium.life.onnophrius.01.mark.xml#sSpan4819"/>
		<rel id="sPointingRel5667" xlink:href="scriptorium.life.onnophrius.01.mark.xml#sSpan6132" target="scriptorium.life.onnophrius.01.mark.xml#sSpan6133"/>
		<rel id="sPointingRel5669" xlink:href="scriptorium.life.onnophrius.01.mark.xml#sSpan807" target="scriptorium.life.onnophrius.01.mark.xml#sSpan808"/>
		<rel id="sPointingRel5671" xlink:href="scriptorium.life.onnophrius.01.mark.xml#sSpan2104" target="scriptorium.life.onnophrius.01.mark.xml#sSpan2105"/>
		<rel id="sPointingRel5673" xlink:href="scriptorium.life.onnophrius.01.mark.xml#sSpan2245" target="scriptorium.life.onnophrius.01.mark.xml#sSpan2247"/>
		<rel id="sPointingRel5675" xlink:href="scriptorium.life.onnophrius.01.mark.xml#sSpan3970" target="scriptorium.life.onnophrius.01.mark.xml#sSpan3975"/>
		<rel id="sPointingRel5677" xlink:href="scriptorium.life.onnophrius.01.mark.xml#sSpan4593" target="scriptorium.life.onnophrius.01.mark.xml#sSpan4591"/>
		<rel id="sPointingRel5679" xlink:href="scriptorium.life.onnophrius.01.mark.xml#sSpan5834" target="scriptorium.life.onnophrius.01.mark.xml#sSpan5836"/>
		<rel id="sPointingRel5681" xlink:href="scriptorium.life.onnophrius.01.mark.xml#sSpan6604" target="scriptorium.life.onnophrius.01.mark.xml#sSpan6605"/>
		<rel id="sPointingRel5683" xlink:href="scriptorium.life.onnophrius.01.mark.xml#sSpan7399" target="scriptorium.life.onnophrius.01.mark.xml#sSpan7400"/>
		<rel id="sPointingRel5685" xlink:href="scriptorium.life.onnophrius.01.mark.xml#sSpan3821" target="scriptorium.life.onnophrius.01.mark.xml#sSpan3822"/>
		<rel id="sPointingRel5687" xlink:href="scriptorium.life.onnophrius.01.mark.xml#sSpan5642" target="scriptorium.life.onnophrius.01.mark.xml#sSpan5643"/>
		<rel id="sPointingRel5689" xlink:href="scriptorium.life.onnophrius.01.mark.xml#sSpan8462" target="scriptorium.life.onnophrius.01.mark.xml#sSpan8465"/>
		<rel id="sPointingRel5691" xlink:href="scriptorium.life.onnophrius.01.mark.xml#sSpan6864" target="scriptorium.life.onnophrius.01.mark.xml#sSpan6862"/>
		<rel id="sPointingRel5693" xlink:href="scriptorium.life.onnophrius.01.mark.xml#sSpan8599" target="scriptorium.life.onnophrius.01.mark.xml#sSpan8597"/>
		<rel id="sPointingRel5695" xlink:href="scriptorium.life.onnophrius.01.mark.xml#sSpan2836" target="scriptorium.life.onnophrius.01.mark.xml#sSpan2837"/>
		<rel id="sPointingRel5697" xlink:href="scriptorium.life.onnophrius.01.mark.xml#sSpan7155" target="scriptorium.life.onnophrius.01.mark.xml#sSpan7156"/>
		<rel id="sPointingRel5699" xlink:href="scriptorium.life.onnophrius.01.mark.xml#sSpan8177" target="scriptorium.life.onnophrius.01.mark.xml#sSpan8180"/>
		<rel id="sPointingRel5701" xlink:href="scriptorium.life.onnophrius.01.mark.xml#sSpan6815" target="scriptorium.life.onnophrius.01.mark.xml#sSpan6817"/>
		<rel id="sPointingRel5703" xlink:href="scriptorium.life.onnophrius.01.mark.xml#sSpan5113" target="scriptorium.life.onnophrius.01.mark.xml#sSpan5115"/>
		<rel id="sPointingRel5705" xlink:href="scriptorium.life.onnophrius.01.mark.xml#sSpan6808" target="scriptorium.life.onnophrius.01.mark.xml#sSpan6806"/>
		<rel id="sPointingRel5707" xlink:href="scriptorium.life.onnophrius.01.mark.xml#sSpan898" target="scriptorium.life.onnophrius.01.mark.xml#sSpan900"/>
		<rel id="sPointingRel5709" xlink:href="scriptorium.life.onnophrius.01.mark.xml#sSpan8745" target="scriptorium.life.onnophrius.01.mark.xml#sSpan8746"/>
		<rel id="sPointingRel5711" xlink:href="scriptorium.life.onnophrius.01.mark.xml#sSpan2808" target="scriptorium.life.onnophrius.01.mark.xml#sSpan2806"/>
		<rel id="sPointingRel5713" xlink:href="scriptorium.life.onnophrius.01.mark.xml#sSpan7698" target="scriptorium.life.onnophrius.01.mark.xml#sSpan7699"/>
		<rel id="sPointingRel5715" xlink:href="scriptorium.life.onnophrius.01.mark.xml#sSpan8903" target="scriptorium.life.onnophrius.01.mark.xml#sSpan8906"/>
		<rel id="sPointingRel5717" xlink:href="scriptorium.life.onnophrius.01.mark.xml#sSpan3869" target="scriptorium.life.onnophrius.01.mark.xml#sSpan3870"/>
		<rel id="sPointingRel5719" xlink:href="scriptorium.life.onnophrius.01.mark.xml#sSpan8565" target="scriptorium.life.onnophrius.01.mark.xml#sSpan8563"/>
		<rel id="sPointingRel5721" xlink:href="scriptorium.life.onnophrius.01.mark.xml#sSpan2781" target="scriptorium.life.onnophrius.01.mark.xml#sSpan2782"/>
		<rel id="sPointingRel5723" xlink:href="scriptorium.life.onnophrius.01.mark.xml#sSpan8021" target="scriptorium.life.onnophrius.01.mark.xml#sSpan8022"/>
		<rel id="sPointingRel5725" xlink:href="scriptorium.life.onnophrius.01.mark.xml#sSpan3035" target="scriptorium.life.onnophrius.01.mark.xml#sSpan3031"/>
		<rel id="sPointingRel5727" xlink:href="scriptorium.life.onnophrius.01.mark.xml#sSpan379" target="scriptorium.life.onnophrius.01.mark.xml#sSpan377"/>
		<rel id="sPointingRel5729" xlink:href="scriptorium.life.onnophrius.01.mark.xml#sSpan956" target="scriptorium.life.onnophrius.01.mark.xml#sSpan957"/>
		<rel id="sPointingRel5731" xlink:href="scriptorium.life.onnophrius.01.mark.xml#sSpan6088" target="scriptorium.life.onnophrius.01.mark.xml#sSpan6086"/>
		<rel id="sPointingRel5733" xlink:href="scriptorium.life.onnophrius.01.mark.xml#sSpan6152" target="scriptorium.life.onnophrius.01.mark.xml#sSpan6150"/>
		<rel id="sPointingRel5735" xlink:href="scriptorium.life.onnophrius.01.mark.xml#sSpan5012" target="scriptorium.life.onnophrius.01.mark.xml#sSpan5013"/>
		<rel id="sPointingRel5737" xlink:href="scriptorium.life.onnophrius.01.mark.xml#sSpan4691" target="scriptorium.life.onnophrius.01.mark.xml#sSpan4697"/>
		<rel id="sPointingRel5739" xlink:href="scriptorium.life.onnophrius.01.mark.xml#sSpan1934" target="scriptorium.life.onnophrius.01.mark.xml#sSpan1940"/>
		<rel id="sPointingRel5741" xlink:href="scriptorium.life.onnophrius.01.mark.xml#sSpan3272" target="scriptorium.life.onnophrius.01.mark.xml#sSpan3274"/>
		<rel id="sPointingRel5743" xlink:href="scriptorium.life.onnophrius.01.mark.xml#sSpan9234" target="scriptorium.life.onnophrius.01.mark.xml#sSpan9236"/>
		<rel id="sPointingRel5745" xlink:href="scriptorium.life.onnophrius.01.mark.xml#sSpan3705" target="scriptorium.life.onnophrius.01.mark.xml#sSpan3706"/>
		<rel id="sPointingRel5747" xlink:href="scriptorium.life.onnophrius.01.mark.xml#sSpan997" target="scriptorium.life.onnophrius.01.mark.xml#sSpan999"/>
		<rel id="sPointingRel5749" xlink:href="scriptorium.life.onnophrius.01.mark.xml#sSpan710" target="scriptorium.life.onnophrius.01.mark.xml#sSpan711"/>
		<rel id="sPointingRel5751" xlink:href="scriptorium.life.onnophrius.01.mark.xml#sSpan7386" target="scriptorium.life.onnophrius.01.mark.xml#sSpan7387"/>
		<rel id="sPointingRel5753" xlink:href="scriptorium.life.onnophrius.01.mark.xml#sSpan5253" target="scriptorium.life.onnophrius.01.mark.xml#sSpan5254"/>
		<rel id="sPointingRel5755" xlink:href="scriptorium.life.onnophrius.01.mark.xml#sSpan7203" target="scriptorium.life.onnophrius.01.mark.xml#sSpan7204"/>
		<rel id="sPointingRel5757" xlink:href="scriptorium.life.onnophrius.01.mark.xml#sSpan6457" target="scriptorium.life.onnophrius.01.mark.xml#sSpan6459"/>
		<rel id="sPointingRel5759" xlink:href="scriptorium.life.onnophrius.01.mark.xml#sSpan4608" target="scriptorium.life.onnophrius.01.mark.xml#sSpan4609"/>
		<rel id="sPointingRel5761" xlink:href="scriptorium.life.onnophrius.01.mark.xml#sSpan703" target="scriptorium.life.onnophrius.01.mark.xml#sSpan701"/>
		<rel id="sPointingRel5763" xlink:href="scriptorium.life.onnophrius.01.mark.xml#sSpan3720" target="scriptorium.life.onnophrius.01.mark.xml#sSpan3721"/>
		<rel id="sPointingRel5765" xlink:href="scriptorium.life.onnophrius.01.mark.xml#sSpan347" target="scriptorium.life.onnophrius.01.mark.xml#sSpan348"/>
		<rel id="sPointingRel5767" xlink:href="scriptorium.life.onnophrius.01.mark.xml#sSpan8854" target="scriptorium.life.onnophrius.01.mark.xml#sSpan8852"/>
		<rel id="sPointingRel5769" xlink:href="scriptorium.life.onnophrius.01.mark.xml#sSpan3935" target="scriptorium.life.onnophrius.01.mark.xml#sSpan3937"/>
		<rel id="sPointingRel5771" xlink:href="scriptorium.life.onnophrius.01.mark.xml#sSpan8477" target="scriptorium.life.onnophrius.01.mark.xml#sSpan8478"/>
		<rel id="sPointingRel5773" xlink:href="scriptorium.life.onnophrius.01.mark.xml#sSpan5739" target="scriptorium.life.onnophrius.01.mark.xml#sSpan5740"/>
		<rel id="sPointingRel5775" xlink:href="scriptorium.life.onnophrius.01.mark.xml#sSpan1779" target="scriptorium.life.onnophrius.01.mark.xml#sSpan1781"/>
		<rel id="sPointingRel5777" xlink:href="scriptorium.life.onnophrius.01.mark.xml#sSpan8044" target="scriptorium.life.onnophrius.01.mark.xml#sSpan8045"/>
		<rel id="sPointingRel5779" xlink:href="scriptorium.life.onnophrius.01.mark.xml#sSpan33" target="scriptorium.life.onnophrius.01.mark.xml#sSpan71"/>
		<rel id="sPointingRel5781" xlink:href="scriptorium.life.onnophrius.01.mark.xml#sSpan9161" target="scriptorium.life.onnophrius.01.mark.xml#sSpan9159"/>
		<rel id="sPointingRel5783" xlink:href="scriptorium.life.onnophrius.01.mark.xml#sSpan2359" target="scriptorium.life.onnophrius.01.mark.xml#sSpan2360"/>
		<rel id="sPointingRel5785" xlink:href="scriptorium.life.onnophrius.01.mark.xml#sSpan6513" target="scriptorium.life.onnophrius.01.mark.xml#sSpan6514"/>
		<rel id="sPointingRel5787" xlink:href="scriptorium.life.onnophrius.01.mark.xml#sSpan323" target="scriptorium.life.onnophrius.01.mark.xml#sSpan324"/>
		<rel id="sPointingRel5789" xlink:href="scriptorium.life.onnophrius.01.mark.xml#sSpan4356" target="scriptorium.life.onnophrius.01.mark.xml#sSpan4358"/>
		<rel id="sPointingRel5791" xlink:href="scriptorium.life.onnophrius.01.mark.xml#sSpan8169" target="scriptorium.life.onnophrius.01.mark.xml#sSpan8167"/>
		<rel id="sPointingRel5793" xlink:href="scriptorium.life.onnophrius.01.mark.xml#sSpan8630" target="scriptorium.life.onnophrius.01.mark.xml#sSpan8638"/>
		<rel id="sPointingRel5795" xlink:href="scriptorium.life.onnophrius.01.mark.xml#sSpan6309" target="scriptorium.life.onnophrius.01.mark.xml#sSpan6310"/>
		<rel id="sPointingRel5797" xlink:href="scriptorium.life.onnophrius.01.mark.xml#sSpan7830" target="scriptorium.life.onnophrius.01.mark.xml#sSpan7831"/>
		<rel id="sPointingRel5799" xlink:href="scriptorium.life.onnophrius.01.mark.xml#sSpan5405" target="scriptorium.life.onnophrius.01.mark.xml#sSpan5406"/>
		<rel id="sPointingRel5801" xlink:href="scriptorium.life.onnophrius.01.mark.xml#sSpan3468" target="scriptorium.life.onnophrius.01.mark.xml#sSpan3466"/>
		<rel id="sPointingRel5803" xlink:href="scriptorium.life.onnophrius.01.mark.xml#sSpan3372" target="scriptorium.life.onnophrius.01.mark.xml#sSpan3373"/>
		<rel id="sPointingRel5805" xlink:href="scriptorium.life.onnophrius.01.mark.xml#sSpan1881" target="scriptorium.life.onnophrius.01.mark.xml#sSpan1883"/>
		<rel id="sPointingRel5807" xlink:href="scriptorium.life.onnophrius.01.mark.xml#sSpan7168" target="scriptorium.life.onnophrius.01.mark.xml#sSpan7169"/>
		<rel id="sPointingRel5809" xlink:href="scriptorium.life.onnophrius.01.mark.xml#sSpan5243" target="scriptorium.life.onnophrius.01.mark.xml#sSpan5244"/>
		<rel id="sPointingRel5811" xlink:href="scriptorium.life.onnophrius.01.mark.xml#sSpan3292" target="scriptorium.life.onnophrius.01.mark.xml#sSpan3293"/>
		<rel id="sPointingRel5813" xlink:href="scriptorium.life.onnophrius.01.mark.xml#sSpan8890" target="scriptorium.life.onnophrius.01.mark.xml#sSpan8891"/>
		<rel id="sPointingRel5815" xlink:href="scriptorium.life.onnophrius.01.mark.xml#sSpan5688" target="scriptorium.life.onnophrius.01.mark.xml#sSpan5690"/>
		<rel id="sPointingRel5817" xlink:href="scriptorium.life.onnophrius.01.mark.xml#sSpan6182" target="scriptorium.life.onnophrius.01.mark.xml#sSpan6180"/>
		<rel id="sPointingRel5819" xlink:href="scriptorium.life.onnophrius.01.mark.xml#sSpan692" target="scriptorium.life.onnophrius.01.mark.xml#sSpan693"/>
		<rel id="sPointingRel5821" xlink:href="scriptorium.life.onnophrius.01.mark.xml#sSpan1292" target="scriptorium.life.onnophrius.01.mark.xml#sSpan1294"/>
		<rel id="sPointingRel5823" xlink:href="scriptorium.life.onnophrius.01.mark.xml#sSpan3423" target="scriptorium.life.onnophrius.01.mark.xml#sSpan3424"/>
		<rel id="sPointingRel5825" xlink:href="scriptorium.life.onnophrius.01.mark.xml#sSpan1452" target="scriptorium.life.onnophrius.01.mark.xml#sSpan1453"/>
		<rel id="sPointingRel5827" xlink:href="scriptorium.life.onnophrius.01.mark.xml#sSpan4197" target="scriptorium.life.onnophrius.01.mark.xml#sSpan4199"/>
		<rel id="sPointingRel5829" xlink:href="scriptorium.life.onnophrius.01.mark.xml#sSpan2678" target="scriptorium.life.onnophrius.01.mark.xml#sSpan2676"/>
		<rel id="sPointingRel5831" xlink:href="scriptorium.life.onnophrius.01.mark.xml#sSpan6318" target="scriptorium.life.onnophrius.01.mark.xml#sSpan6321"/>
		<rel id="sPointingRel5833" xlink:href="scriptorium.life.onnophrius.01.mark.xml#sSpan6940" target="scriptorium.life.onnophrius.01.mark.xml#sSpan6941"/>
		<rel id="sPointingRel5835" xlink:href="scriptorium.life.onnophrius.01.mark.xml#sSpan3002" target="scriptorium.life.onnophrius.01.mark.xml#sSpan3000"/>
		<rel id="sPointingRel5837" xlink:href="scriptorium.life.onnophrius.01.mark.xml#sSpan7898" target="scriptorium.life.onnophrius.01.mark.xml#sSpan7899"/>
		<rel id="sPointingRel5839" xlink:href="scriptorium.life.onnophrius.01.mark.xml#sSpan8361" target="scriptorium.life.onnophrius.01.mark.xml#sSpan8359"/>
		<rel id="sPointingRel5841" xlink:href="scriptorium.life.onnophrius.01.mark.xml#sSpan2148" target="scriptorium.life.onnophrius.01.mark.xml#sSpan2149"/>
		<rel id="sPointingRel5843" xlink:href="scriptorium.life.onnophrius.01.mark.xml#sSpan59" target="scriptorium.life.onnophrius.01.mark.xml#sSpan57"/>
		<rel id="sPointingRel5845" xlink:href="scriptorium.life.onnophrius.01.mark.xml#sSpan6839" target="scriptorium.life.onnophrius.01.mark.xml#sSpan6841"/>
		<rel id="sPointingRel5847" xlink:href="scriptorium.life.onnophrius.01.mark.xml#sSpan7305" target="scriptorium.life.onnophrius.01.mark.xml#sSpan7319"/>
		<rel id="sPointingRel5849" xlink:href="scriptorium.life.onnophrius.01.mark.xml#sSpan256" target="scriptorium.life.onnophrius.01.mark.xml#sSpan254"/>
		<rel id="sPointingRel5851" xlink:href="scriptorium.life.onnophrius.01.mark.xml#sSpan6623" target="scriptorium.life.onnophrius.01.mark.xml#sSpan6625"/>
		<rel id="sPointingRel5853" xlink:href="scriptorium.life.onnophrius.01.mark.xml#sSpan7479" target="scriptorium.life.onnophrius.01.mark.xml#sSpan7481"/>
		<rel id="sPointingRel5855" xlink:href="scriptorium.life.onnophrius.01.mark.xml#sSpan6002" target="scriptorium.life.onnophrius.01.mark.xml#sSpan6004"/>
		<rel id="sPointingRel5857" xlink:href="scriptorium.life.onnophrius.01.mark.xml#sSpan8663" target="scriptorium.life.onnophrius.01.mark.xml#sSpan8665"/>
		<rel id="sPointingRel5859" xlink:href="scriptorium.life.onnophrius.01.mark.xml#sSpan2618" target="scriptorium.life.onnophrius.01.mark.xml#sSpan2619"/>
		<rel id="sPointingRel5861" xlink:href="scriptorium.life.onnophrius.01.mark.xml#sSpan7816" target="scriptorium.life.onnophrius.01.mark.xml#sSpan7817"/>
		<rel id="sPointingRel5863" xlink:href="scriptorium.life.onnophrius.01.mark.xml#sSpan6280" target="scriptorium.life.onnophrius.01.mark.xml#sSpan6278"/>
		<rel id="sPointingRel5865" xlink:href="scriptorium.life.onnophrius.01.mark.xml#sSpan7754" target="scriptorium.life.onnophrius.01.mark.xml#sSpan7757"/>
		<rel id="sPointingRel5867" xlink:href="scriptorium.life.onnophrius.01.mark.xml#sSpan7453" target="scriptorium.life.onnophrius.01.mark.xml#sSpan7456"/>
		<rel id="sPointingRel5869" xlink:href="scriptorium.life.onnophrius.01.mark.xml#sSpan4437" target="scriptorium.life.onnophrius.01.mark.xml#sSpan4439"/>
		<rel id="sPointingRel5871" xlink:href="scriptorium.life.onnophrius.01.mark.xml#sSpan8707" target="scriptorium.life.onnophrius.01.mark.xml#sSpan8711"/>
		<rel id="sPointingRel5873" xlink:href="scriptorium.life.onnophrius.01.mark.xml#sSpan7417" target="scriptorium.life.onnophrius.01.mark.xml#sSpan7415"/>
		<rel id="sPointingRel5875" xlink:href="scriptorium.life.onnophrius.01.mark.xml#sSpan3240" target="scriptorium.life.onnophrius.01.mark.xml#sSpan3241"/>
		<rel id="sPointingRel5877" xlink:href="scriptorium.life.onnophrius.01.mark.xml#sSpan3891" target="scriptorium.life.onnophrius.01.mark.xml#sSpan3893"/>
		<rel id="sPointingRel5879" xlink:href="scriptorium.life.onnophrius.01.mark.xml#sSpan4681" target="scriptorium.life.onnophrius.01.mark.xml#sSpan4682"/>
		<rel id="sPointingRel5881" xlink:href="scriptorium.life.onnophrius.01.mark.xml#sSpan9116" target="scriptorium.life.onnophrius.01.mark.xml#sSpan9114"/>
		<rel id="sPointingRel5883" xlink:href="scriptorium.life.onnophrius.01.mark.xml#sSpan4852" target="scriptorium.life.onnophrius.01.mark.xml#sSpan4858"/>
		<rel id="sPointingRel5885" xlink:href="scriptorium.life.onnophrius.01.mark.xml#sSpan8327" target="scriptorium.life.onnophrius.01.mark.xml#sSpan8328"/>
		<rel id="sPointingRel5887" xlink:href="scriptorium.life.onnophrius.01.mark.xml#sSpan8241" target="scriptorium.life.onnophrius.01.mark.xml#sSpan8242"/>
		<rel id="sPointingRel5889" xlink:href="scriptorium.life.onnophrius.01.mark.xml#sSpan4724" target="scriptorium.life.onnophrius.01.mark.xml#sSpan4727"/>
		<rel id="sPointingRel5891" xlink:href="scriptorium.life.onnophrius.01.mark.xml#sSpan3768" target="scriptorium.life.onnophrius.01.mark.xml#sSpan3770"/>
		<rel id="sPointingRel5893" xlink:href="scriptorium.life.onnophrius.01.mark.xml#sSpan4785" target="scriptorium.life.onnophrius.01.mark.xml#sSpan4783"/>
		<rel id="sPointingRel5895" xlink:href="scriptorium.life.onnophrius.01.mark.xml#sSpan3960" target="scriptorium.life.onnophrius.01.mark.xml#sSpan3962"/>
		<rel id="sPointingRel5897" xlink:href="scriptorium.life.onnophrius.01.mark.xml#sSpan2490" target="scriptorium.life.onnophrius.01.mark.xml#sSpan2491"/>
		<rel id="sPointingRel5899" xlink:href="scriptorium.life.onnophrius.01.mark.xml#sSpan2880" target="scriptorium.life.onnophrius.01.mark.xml#sSpan2883"/>
		<rel id="sPointingRel5901" xlink:href="scriptorium.life.onnophrius.01.mark.xml#sSpan4124" target="scriptorium.life.onnophrius.01.mark.xml#sSpan4122"/>
		<rel id="sPointingRel5903" xlink:href="scriptorium.life.onnophrius.01.mark.xml#sSpan4664" target="scriptorium.life.onnophrius.01.mark.xml#sSpan4665"/>
		<rel id="sPointingRel5905" xlink:href="scriptorium.life.onnophrius.01.mark.xml#sSpan5782" target="scriptorium.life.onnophrius.01.mark.xml#sSpan5783"/>
		<rel id="sPointingRel5907" xlink:href="scriptorium.life.onnophrius.01.mark.xml#sSpan8259" target="scriptorium.life.onnophrius.01.mark.xml#sSpan8261"/>
		<rel id="sPointingRel5909" xlink:href="scriptorium.life.onnophrius.01.mark.xml#sSpan3502" target="scriptorium.life.onnophrius.01.mark.xml#sSpan3503"/></relList></paula>