<?xml version='1.0' encoding='UTF-8'?><!DOCTYPE paula SYSTEM "paula_feat.dtd">
<paula version="1.1">
	<header paula_id="scriptorium.life.onnophrius.01.mark_identity"/>
	<featList xmlns:xlink="http://www.w3.org/1999/xlink" type="identity" xml:base="scriptorium.life.onnophrius.01.mark.xml">
		<feat xlink:href="#sSpan32" value="Onuphrius"/>
		<feat xlink:href="#sSpan123" value="Pauni"/>
		<feat xlink:href="#sSpan187" value="Paphnutius of Thebes"/>
		<feat xlink:href="#sSpan2776" value="Thebaid"/>
		<feat xlink:href="#sSpan8072" value="Onuphrius"/>
		<feat xlink:href="#sSpan8263" value="Thebaid"/>
		<feat xlink:href="#sSpan8605" value="Elijah"/>
		<feat xlink:href="#sSpan8698" value="John the Baptist"/>
		<feat xlink:href="#sSpan8825" value="Israelites"/></featList></paula>