<?xml version='1.0' encoding='UTF-8'?><!DOCTYPE paula SYSTEM "paula_feat.dtd">
<paula version="1.1">
	<header paula_id="scriptorium.life.onnophrius.01.mark_ed_line_n"/>
	<featList xmlns:xlink="http://www.w3.org/1999/xlink" type="ed_line_n" xml:base="scriptorium.life.onnophrius.01.mark.xml">
		<feat xlink:href="#sSpan5" value="1"/>
		<feat xlink:href="#sSpan38" value="2"/>
		<feat xlink:href="#sSpan59" value="3"/>
		<feat xlink:href="#sSpan81" value="4"/>
		<feat xlink:href="#sSpan110" value="5"/>
		<feat xlink:href="#sSpan137" value="6"/>
		<feat xlink:href="#sSpan167" value="7"/>
		<feat xlink:href="#sSpan172" value="8"/>
		<feat xlink:href="#sSpan181" value="9"/>
		<feat xlink:href="#sSpan220" value="10"/>
		<feat xlink:href="#sSpan263" value="11"/>
		<feat xlink:href="#sSpan316" value="12"/>
		<feat xlink:href="#sSpan360" value="13"/>
		<feat xlink:href="#sSpan401" value="14"/>
		<feat xlink:href="#sSpan444" value="15"/>
		<feat xlink:href="#sSpan483" value="16"/>
		<feat xlink:href="#sSpan527" value="17"/>
		<feat xlink:href="#sSpan576" value="18"/>
		<feat xlink:href="#sSpan628" value="19"/>
		<feat xlink:href="#sSpan677" value="20"/>
		<feat xlink:href="#sSpan724" value="21"/>
		<feat xlink:href="#sSpan779" value="22"/>
		<feat xlink:href="#sSpan826" value="23"/>
		<feat xlink:href="#sSpan874" value="24"/>
		<feat xlink:href="#sSpan930" value="25"/>
		<feat xlink:href="#sSpan989" value="1"/>
		<feat xlink:href="#sSpan1030" value="2"/>
		<feat xlink:href="#sSpan1084" value="3"/>
		<feat xlink:href="#sSpan1139" value="4"/>
		<feat xlink:href="#sSpan1194" value="5"/>
		<feat xlink:href="#sSpan1243" value="6"/>
		<feat xlink:href="#sSpan1288" value="7"/>
		<feat xlink:href="#sSpan1336" value="8"/>
		<feat xlink:href="#sSpan1392" value="9"/>
		<feat xlink:href="#sSpan1442" value="10"/>
		<feat xlink:href="#sSpan1488" value="11"/>
		<feat xlink:href="#sSpan1531" value="12"/>
		<feat xlink:href="#sSpan1571" value="13"/>
		<feat xlink:href="#sSpan1616" value="14"/>
		<feat xlink:href="#sSpan1668" value="15"/>
		<feat xlink:href="#sSpan1709" value="16"/>
		<feat xlink:href="#sSpan1751" value="17"/>
		<feat xlink:href="#sSpan1793" value="18"/>
		<feat xlink:href="#sSpan1838" value="19"/>
		<feat xlink:href="#sSpan1884" value="20"/>
		<feat xlink:href="#sSpan1939" value="21"/>
		<feat xlink:href="#sSpan1997" value="22"/>
		<feat xlink:href="#sSpan2044" value="23"/>
		<feat xlink:href="#sSpan2096" value="24"/>
		<feat xlink:href="#sSpan2141" value="25"/>
		<feat xlink:href="#sSpan2175" value="26"/>
		<feat xlink:href="#sSpan2219" value="27"/>
		<feat xlink:href="#sSpan2259" value="28"/>
		<feat xlink:href="#sSpan2314" value="29"/>
		<feat xlink:href="#sSpan2368" value="30"/>
		<feat xlink:href="#sSpan2416" value="31"/>
		<feat xlink:href="#sSpan2457" value="32"/>
		<feat xlink:href="#sSpan2512" value="33"/>
		<feat xlink:href="#sSpan2557" value="34"/>
		<feat xlink:href="#sSpan2602" value="1"/>
		<feat xlink:href="#sSpan2642" value="2"/>
		<feat xlink:href="#sSpan2692" value="3"/>
		<feat xlink:href="#sSpan2730" value="4"/>
		<feat xlink:href="#sSpan2772" value="5"/>
		<feat xlink:href="#sSpan2824" value="6"/>
		<feat xlink:href="#sSpan2866" value="7"/>
		<feat xlink:href="#sSpan2903" value="8"/>
		<feat xlink:href="#sSpan2946" value="9"/>
		<feat xlink:href="#sSpan2991" value="10"/>
		<feat xlink:href="#sSpan3053" value="11"/>
		<feat xlink:href="#sSpan3099" value="12"/>
		<feat xlink:href="#sSpan3147" value="13"/>
		<feat xlink:href="#sSpan3192" value="14"/>
		<feat xlink:href="#sSpan3236" value="15"/>
		<feat xlink:href="#sSpan3278" value="16"/>
		<feat xlink:href="#sSpan3322" value="17"/>
		<feat xlink:href="#sSpan3374" value="18"/>
		<feat xlink:href="#sSpan3419" value="19"/>
		<feat xlink:href="#sSpan3467" value="20"/>
		<feat xlink:href="#sSpan3515" value="21"/>
		<feat xlink:href="#sSpan3559" value="22"/>
		<feat xlink:href="#sSpan3615" value="23"/>
		<feat xlink:href="#sSpan3650" value="24"/>
		<feat xlink:href="#sSpan3706" value="25"/>
		<feat xlink:href="#sSpan3748" value="26"/>
		<feat xlink:href="#sSpan3790" value="27"/>
		<feat xlink:href="#sSpan3846" value="28"/>
		<feat xlink:href="#sSpan3896" value="29"/>
		<feat xlink:href="#sSpan3942" value="30"/>
		<feat xlink:href="#sSpan3995" value="31"/>
		<feat xlink:href="#sSpan4044" value="32"/>
		<feat xlink:href="#sSpan4084" value="33"/>
		<feat xlink:href="#sSpan4141" value="34"/>
		<feat xlink:href="#sSpan4183" value="1"/>
		<feat xlink:href="#sSpan4228" value="2"/>
		<feat xlink:href="#sSpan4264" value="3"/>
		<feat xlink:href="#sSpan4311" value="4"/>
		<feat xlink:href="#sSpan4353" value="5"/>
		<feat xlink:href="#sSpan4391" value="6"/>
		<feat xlink:href="#sSpan4423" value="7"/>
		<feat xlink:href="#sSpan4475" value="8"/>
		<feat xlink:href="#sSpan4530" value="9"/>
		<feat xlink:href="#sSpan4574" value="10"/>
		<feat xlink:href="#sSpan4615" value="11"/>
		<feat xlink:href="#sSpan4646" value="12"/>
		<feat xlink:href="#sSpan4684" value="13"/>
		<feat xlink:href="#sSpan4728" value="14"/>
		<feat xlink:href="#sSpan4778" value="15"/>
		<feat xlink:href="#sSpan4831" value="16"/>
		<feat xlink:href="#sSpan4883" value="17"/>
		<feat xlink:href="#sSpan4930" value="18"/>
		<feat xlink:href="#sSpan4985" value="19"/>
		<feat xlink:href="#sSpan5024" value="20"/>
		<feat xlink:href="#sSpan5082" value="21"/>
		<feat xlink:href="#sSpan5135" value="22"/>
		<feat xlink:href="#sSpan5190" value="23"/>
		<feat xlink:href="#sSpan5240" value="24"/>
		<feat xlink:href="#sSpan5285" value="25"/>
		<feat xlink:href="#sSpan5302" value="26"/>
		<feat xlink:href="#sSpan5353" value="27"/>
		<feat xlink:href="#sSpan5402" value="28"/>
		<feat xlink:href="#sSpan5446" value="29"/>
		<feat xlink:href="#sSpan5499" value="30"/>
		<feat xlink:href="#sSpan5556" value="31"/>
		<feat xlink:href="#sSpan5608" value="32"/>
		<feat xlink:href="#sSpan5659" value="33"/>
		<feat xlink:href="#sSpan5691" value="34"/>
		<feat xlink:href="#sSpan5743" value="1"/>
		<feat xlink:href="#sSpan5793" value="2"/>
		<feat xlink:href="#sSpan5848" value="3"/>
		<feat xlink:href="#sSpan5895" value="4"/>
		<feat xlink:href="#sSpan5934" value="5"/>
		<feat xlink:href="#sSpan5982" value="6"/>
		<feat xlink:href="#sSpan6015" value="7"/>
		<feat xlink:href="#sSpan6059" value="8"/>
		<feat xlink:href="#sSpan6104" value="9"/>
		<feat xlink:href="#sSpan6149" value="10"/>
		<feat xlink:href="#sSpan6200" value="11"/>
		<feat xlink:href="#sSpan6246" value="12"/>
		<feat xlink:href="#sSpan6288" value="13"/>
		<feat xlink:href="#sSpan6336" value="14"/>
		<feat xlink:href="#sSpan6384" value="15"/>
		<feat xlink:href="#sSpan6429" value="16"/>
		<feat xlink:href="#sSpan6473" value="17"/>
		<feat xlink:href="#sSpan6518" value="18"/>
		<feat xlink:href="#sSpan6564" value="19"/>
		<feat xlink:href="#sSpan6579" value="20"/>
		<feat xlink:href="#sSpan6622" value="21"/>
		<feat xlink:href="#sSpan6670" value="22"/>
		<feat xlink:href="#sSpan6714" value="23"/>
		<feat xlink:href="#sSpan6755" value="24"/>
		<feat xlink:href="#sSpan6792" value="25"/>
		<feat xlink:href="#sSpan6837" value="26"/>
		<feat xlink:href="#sSpan6889" value="27"/>
		<feat xlink:href="#sSpan6937" value="28"/>
		<feat xlink:href="#sSpan6988" value="29"/>
		<feat xlink:href="#sSpan7018" value="30"/>
		<feat xlink:href="#sSpan7056" value="31"/>
		<feat xlink:href="#sSpan7109" value="32"/>
		<feat xlink:href="#sSpan7163" value="33"/>
		<feat xlink:href="#sSpan7215" value="34"/>
		<feat xlink:href="#sSpan7259" value="1"/>
		<feat xlink:href="#sSpan7314" value="2"/>
		<feat xlink:href="#sSpan7362" value="3"/>
		<feat xlink:href="#sSpan7405" value="4"/>
		<feat xlink:href="#sSpan7446" value="5"/>
		<feat xlink:href="#sSpan7502" value="6"/>
		<feat xlink:href="#sSpan7541" value="7"/>
		<feat xlink:href="#sSpan7594" value="8"/>
		<feat xlink:href="#sSpan7636" value="9"/>
		<feat xlink:href="#sSpan7685" value="10"/>
		<feat xlink:href="#sSpan7727" value="11"/>
		<feat xlink:href="#sSpan7781" value="12"/>
		<feat xlink:href="#sSpan7819" value="13"/>
		<feat xlink:href="#sSpan7871" value="14"/>
		<feat xlink:href="#sSpan7920" value="15"/>
		<feat xlink:href="#sSpan7967" value="16"/>
		<feat xlink:href="#sSpan8012" value="17"/>
		<feat xlink:href="#sSpan8059" value="18"/>
		<feat xlink:href="#sSpan8105" value="19"/>
		<feat xlink:href="#sSpan8144" value="20"/>
		<feat xlink:href="#sSpan8190" value="21"/>
		<feat xlink:href="#sSpan8236" value="22"/>
		<feat xlink:href="#sSpan8272" value="23"/>
		<feat xlink:href="#sSpan8322" value="24"/>
		<feat xlink:href="#sSpan8360" value="25"/>
		<feat xlink:href="#sSpan8399" value="26"/>
		<feat xlink:href="#sSpan8439" value="27"/>
		<feat xlink:href="#sSpan8492" value="28"/>
		<feat xlink:href="#sSpan8536" value="29"/>
		<feat xlink:href="#sSpan8590" value="30"/>
		<feat xlink:href="#sSpan8627" value="31"/>
		<feat xlink:href="#sSpan8673" value="32"/>
		<feat xlink:href="#sSpan8711" value="33"/>
		<feat xlink:href="#sSpan8749" value="34"/>
		<feat xlink:href="#sSpan8798" value="1"/>
		<feat xlink:href="#sSpan8842" value="2"/>
		<feat xlink:href="#sSpan8890" value="3"/>
		<feat xlink:href="#sSpan8933" value="4"/>
		<feat xlink:href="#sSpan8970" value="5"/>
		<feat xlink:href="#sSpan9012" value="6"/>
		<feat xlink:href="#sSpan9066" value="7"/>
		<feat xlink:href="#sSpan9107" value="8"/>
		<feat xlink:href="#sSpan9144" value="9"/>
		<feat xlink:href="#sSpan9181" value="10"/></featList></paula>