<?xml version='1.0' encoding='UTF-8'?><!DOCTYPE paula SYSTEM "paula_feat.dtd">
<paula version="1.1">
	<header paula_id="scriptorium.life.onnophrius.01.mark_verse_n"/>
	<featList xmlns:xlink="http://www.w3.org/1999/xlink" type="verse_n" xml:base="scriptorium.life.onnophrius.01.mark.xml">
		<feat xlink:href="#sSpan8" value="1"/>
		<feat xlink:href="#sSpan155" value="2"/>
		<feat xlink:href="#sSpan183" value="1"/>
		<feat xlink:href="#sSpan257" value="2"/>
		<feat xlink:href="#sSpan403" value="3"/>
		<feat xlink:href="#sSpan508" value="4"/>
		<feat xlink:href="#sSpan563" value="5"/>
		<feat xlink:href="#sSpan667" value="6"/>
		<feat xlink:href="#sSpan714" value="7"/>
		<feat xlink:href="#sSpan781" value="8"/>
		<feat xlink:href="#sSpan876" value="9"/>
		<feat xlink:href="#sSpan957" value="10"/>
		<feat xlink:href="#sSpan1017" value="11"/>
		<feat xlink:href="#sSpan1068" value="12"/>
		<feat xlink:href="#sSpan1128" value="13"/>
		<feat xlink:href="#sSpan1233" value="14"/>
		<feat xlink:href="#sSpan1358" value="15"/>
		<feat xlink:href="#sSpan1482" value="16"/>
		<feat xlink:href="#sSpan1548" value="17"/>
		<feat xlink:href="#sSpan1581" value="18"/>
		<feat xlink:href="#sSpan1695" value="19"/>
		<feat xlink:href="#sSpan1809" value="20"/>
		<feat xlink:href="#sSpan1899" value="21"/>
		<feat xlink:href="#sSpan1974" value="22"/>
		<feat xlink:href="#sSpan2025" value="23"/>
		<feat xlink:href="#sSpan2091" value="24"/>
		<feat xlink:href="#sSpan2177" value="1"/>
		<feat xlink:href="#sSpan2241" value="2"/>
		<feat xlink:href="#sSpan2303" value="3"/>
		<feat xlink:href="#sSpan2358" value="4"/>
		<feat xlink:href="#sSpan2501" value="5"/>
		<feat xlink:href="#sSpan2667" value="6"/>
		<feat xlink:href="#sSpan2786" value="7"/>
		<feat xlink:href="#sSpan3004" value="8"/>
		<feat xlink:href="#sSpan3043" value="9"/>
		<feat xlink:href="#sSpan3137" value="10"/>
		<feat xlink:href="#sSpan3217" value="11"/>
		<feat xlink:href="#sSpan3404" value="12"/>
		<feat xlink:href="#sSpan3536" value="13"/>
		<feat xlink:href="#sSpan3581" value="14"/>
		<feat xlink:href="#sSpan3724" value="15"/>
		<feat xlink:href="#sSpan3772" value="16"/>
		<feat xlink:href="#sSpan3862" value="17"/>
		<feat xlink:href="#sSpan3944" value="1"/>
		<feat xlink:href="#sSpan4054" value="2"/>
		<feat xlink:href="#sSpan4166" value="3"/>
		<feat xlink:href="#sSpan4373" value="4"/>
		<feat xlink:href="#sSpan4403" value="5"/>
		<feat xlink:href="#sSpan4425" value="1"/>
		<feat xlink:href="#sSpan4474" value="2"/>
		<feat xlink:href="#sSpan4525" value="3"/>
		<feat xlink:href="#sSpan4576" value="4"/>
		<feat xlink:href="#sSpan4625" value="5"/>
		<feat xlink:href="#sSpan4695" value="6"/>
		<feat xlink:href="#sSpan4741" value="7"/>
		<feat xlink:href="#sSpan4801" value="8"/>
		<feat xlink:href="#sSpan4859" value="9"/>
		<feat xlink:href="#sSpan4914" value="10"/>
		<feat xlink:href="#sSpan5036" value="11"/>
		<feat xlink:href="#sSpan5104" value="12"/>
		<feat xlink:href="#sSpan5304" value="1"/>
		<feat xlink:href="#sSpan5361" value="2"/>
		<feat xlink:href="#sSpan5426" value="3"/>
		<feat xlink:href="#sSpan5462" value="4"/>
		<feat xlink:href="#sSpan5549" value="5"/>
		<feat xlink:href="#sSpan5603" value="6"/>
		<feat xlink:href="#sSpan5641" value="7"/>
		<feat xlink:href="#sSpan5795" value="8"/>
		<feat xlink:href="#sSpan5886" value="9"/>
		<feat xlink:href="#sSpan5966" value="10"/>
		<feat xlink:href="#sSpan6092" value="11"/>
		<feat xlink:href="#sSpan6182" value="12"/>
		<feat xlink:href="#sSpan6218" value="13"/>
		<feat xlink:href="#sSpan6266" value="14"/>
		<feat xlink:href="#sSpan6338" value="15"/>
		<feat xlink:href="#sSpan6444" value="16"/>
		<feat xlink:href="#sSpan6486" value="17"/>
		<feat xlink:href="#sSpan6581" value="1"/>
		<feat xlink:href="#sSpan6646" value="2"/>
		<feat xlink:href="#sSpan6823" value="3"/>
		<feat xlink:href="#sSpan6934" value="4"/>
		<feat xlink:href="#sSpan7020" value="1"/>
		<feat xlink:href="#sSpan7092" value="2"/>
		<feat xlink:href="#sSpan7148" value="3"/>
		<feat xlink:href="#sSpan7207" value="4"/>
		<feat xlink:href="#sSpan7256" value="5"/>
		<feat xlink:href="#sSpan7458" value="6"/>
		<feat xlink:href="#sSpan7492" value="7"/>
		<feat xlink:href="#sSpan7555" value="8"/>
		<feat xlink:href="#sSpan7704" value="9"/>
		<feat xlink:href="#sSpan7821" value="1"/>
		<feat xlink:href="#sSpan7896" value="2"/>
		<feat xlink:href="#sSpan7958" value="3"/>
		<feat xlink:href="#sSpan8043" value="4"/>
		<feat xlink:href="#sSpan8210" value="5"/>
		<feat xlink:href="#sSpan8271" value="6"/>
		<feat xlink:href="#sSpan8313" value="7"/>
		<feat xlink:href="#sSpan8441" value="8"/>
		<feat xlink:href="#sSpan8581" value="9"/>
		<feat xlink:href="#sSpan8689" value="10"/>
		<feat xlink:href="#sSpan8835" value="11"/>
		<feat xlink:href="#sSpan8914" value="12"/>
		<feat xlink:href="#sSpan8988" value="13"/>
		<feat xlink:href="#sSpan9032" value="14"/>
		<feat xlink:href="#sSpan9068" value="15"/>
		<feat xlink:href="#sSpan9109" value="16"/></featList></paula>