<?xml version='1.0' encoding='UTF-8'?><!DOCTYPE paula SYSTEM "paula_feat.dtd">
<paula version="1.1">
	<header paula_id="scriptorium.life.onnophrius.01.mark_orig_group"/>
	<featList xmlns:xlink="http://www.w3.org/1999/xlink" type="orig_group" xml:base="scriptorium.life.onnophrius.01.mark.xml">
		<feat xlink:href="#sSpan4" value="ⲠⲂⲒⲞⲤ"/>
		<feat xlink:href="#sSpan18" value="ⲀⲨⲰ"/>
		<feat xlink:href="#sSpan22" value="ⲦⲠⲞⲖⲨϮⲀ"/>
		<feat xlink:href="#sSpan29" value="ⲘⲠⲚ̅ⲠⲈⲦⲞⲨⲀⲀⲂ"/>
		<feat xlink:href="#sSpan42" value="Ⲛ̅ⲈⲒⲰⲦ"/>
		<feat xlink:href="#sSpan48" value="ⲈⲦⲦⲀⲒⲎⲨ"/>
		<feat xlink:href="#sSpan55" value="ⲔⲀⲦⲀⲤⲘⲞⲦ"/>
		<feat xlink:href="#sSpan63" value="ⲚⲒⲘ"/>
		<feat xlink:href="#sSpan68" value="ⲀⲠⲀ"/>
		<feat xlink:href="#sSpan73" value="ⲞⲚⲚⲞⲪⲢⲒⲞⲤ"/>
		<feat xlink:href="#sSpan77" value="ⲠⲀⲚⲀⲬⲰⲢⲒⲦⲎⲤ"/>
		<feat xlink:href="#sSpan85" value="Ⲛ̅ⲦⲀϤϪⲰⲔ"/>
		<feat xlink:href="#sSpan95" value="ⲈⲂⲞⲖ"/>
		<feat xlink:href="#sSpan99" value="Ⲙ̅ⲠⲈϤⲂⲒⲞⲤ"/>
		<feat xlink:href="#sSpan109" value="ⲚⲤⲞⲨⲘⲚ̅Ⲧ̅ⲦⲀⲤⲈ"/>
		<feat xlink:href="#sSpan120" value="Ⲙ̅ⲠⲈⲂⲞⲦ"/>
		<feat xlink:href="#sSpan129" value="ⲠⲀⲰⲚⲈ"/>
		<feat xlink:href="#sSpan133" value="ϨⲚ̅ⲞⲨⲈⲒⲢⲎⲚⲎ"/>
		<feat xlink:href="#sSpan144" value="Ⲛ̅ⲦⲈⲠⲚⲞⲨⲦⲈ"/>
		<feat xlink:href="#sSpan153" value="ⲤⲘⲞⲨ"/>
		<feat xlink:href="#sSpan159" value="ⲈⲢⲞⲚ"/>
		<feat xlink:href="#sSpan166" value="ϨⲀⲘⲎⲚ"/>
		<feat xlink:href="#sSpan171" value=":"/>
		<feat xlink:href="#sSpan176" value="—"/>
		<feat xlink:href="#sSpan180" value="Ⲁⲩⲥⲟⲛ"/>
		<feat xlink:href="#sSpan194" value="ⲛ̅ⲁⲛⲁⲛⲁⲭⲱⲣⲓⲧⲏⲥ"/>
		<feat xlink:href="#sSpan201" value="ⲉⲡϥ̅ⲣⲁⲛ"/>
		<feat xlink:href="#sSpan210" value="ⲡⲉ"/>
		<feat xlink:href="#sSpan215" value="ⲁⲡⲁ"/>
		<feat xlink:href="#sSpan219" value="ⲡⲁⲛⲟⲩⲧⲉ"/>
		<feat xlink:href="#sSpan225" value="ⲉⲝⲏⲅⲓⲥⲑⲁⲓ"/>
		<feat xlink:href="#sSpan229" value="·"/>
		<feat xlink:href="#sSpan233" value="ⲉϩⲉⲛⲥⲛⲏⲩ"/>
		<feat xlink:href="#sSpan242" value="ⲙ̅ⲙⲁⲓⲛⲟⲩⲧⲉ"/>
		<feat xlink:href="#sSpan250" value="·"/>
		<feat xlink:href="#sSpan255" value="ⲛⲁⲓ"/>
		<feat xlink:href="#sSpan262" value="ⲇⲉ"/>
		<feat xlink:href="#sSpan267" value="ⲛⲉ"/>
		<feat xlink:href="#sSpan271" value="ⲛ̅ϣⲁϫⲉ"/>
		<feat xlink:href="#sSpan278" value="ⲛ̅ⲧⲁϥϫⲟⲟⲩ"/>
		<feat xlink:href="#sSpan290" value="·"/>
		<feat xlink:href="#sSpan294" value="ϫⲉⲁⲛⲟⲕ"/>
		<feat xlink:href="#sSpan301" value="ⲡⲥⲟⲛ"/>
		<feat xlink:href="#sSpan307" value="ⲁⲓⲙⲉⲉⲩⲉ"/>
		<feat xlink:href="#sSpan315" value="ⲛ̅ⲟⲩϩⲟⲟⲩ"/>
		<feat xlink:href="#sSpan325" value="ⲉⲧⲣⲁⲃⲱⲕ"/>
		<feat xlink:href="#sSpan336" value="ⲉϩⲟⲩⲛ"/>
		<feat xlink:href="#sSpan340" value="ⲉⲡϫⲁⲓⲉ"/>
		<feat xlink:href="#sSpan349" value="ⲉⲧϩⲓϩⲟⲩⲛ"/>
		<feat xlink:href="#sSpan355" value="·"/>
		<feat xlink:href="#sSpan359" value="ⲉⲧⲣⲁⲛⲁⲩ"/>
		<feat xlink:href="#sSpan370" value="ϫⲉⲟⲩⲛ̅ⲥⲟⲛ"/>
		<feat xlink:href="#sSpan379" value="ⲙ̅ⲙⲟⲛⲟⲭⲟⲥ"/>
		<feat xlink:href="#sSpan386" value="·"/>
		<feat xlink:href="#sSpan390" value="ⲙ̅ⲡⲁϩⲟⲩ"/>
		<feat xlink:href="#sSpan396" value="·"/>
		<feat xlink:href="#sSpan400" value="ⲁⲓⲙⲟⲟϣⲉ"/>
		<feat xlink:href="#sSpan412" value="ⲇⲉ"/>
		<feat xlink:href="#sSpan416" value="ⲛ̅ϥⲧⲟⲟⲩ"/>
		<feat xlink:href="#sSpan423" value="ⲛϩⲟⲟⲩ"/>
		<feat xlink:href="#sSpan429" value="ⲙⲛ̅ϥⲧⲟⲉ"/>
		<feat xlink:href="#sSpan437" value="ⲛ̅ⲟⲩϣⲏ"/>
		<feat xlink:href="#sSpan443" value="ⲙⲡⲉⲓⲟⲩⲉⲙⲟⲉⲓⲕ"/>
		<feat xlink:href="#sSpan454" value="·"/>
		<feat xlink:href="#sSpan459" value="ⲟⲩⲇⲉ"/>
		<feat xlink:href="#sSpan463" value="ⲙ̅ⲡⲉⲓⲥⲉⲙⲟⲟⲩ"/>
		<feat xlink:href="#sSpan473" value="·"/>
		<feat xlink:href="#sSpan477" value="ⲉⲓⲙⲟⲟϣⲉ"/>
		<feat xlink:href="#sSpan487" value="ϩⲓⲡϫⲁⲓⲉ"/>
		<feat xlink:href="#sSpan496" value="ⲉⲧϩⲓϩⲟⲩⲛ"/>
		<feat xlink:href="#sSpan502" value="·"/>
		<feat xlink:href="#sSpan506" value="ϩⲣⲁⲓ"/>
		<feat xlink:href="#sSpan513" value="ⲇⲉ"/>
		<feat xlink:href="#sSpan517" value="ϩⲙ̅ⲡϩⲁⲏ"/>
		<feat xlink:href="#sSpan526" value="ⲛ̅ϩⲟⲟⲩ"/>
		<feat xlink:href="#sSpan533" value="·"/>
		<feat xlink:href="#sSpan537" value="ⲁⲓⲉⲓ"/>
		<feat xlink:href="#sSpan546" value="ⲉϫⲛ̅ⲟⲩⲥⲡⲏⲗⲁⲓⲟⲛ"/>
		<feat xlink:href="#sSpan557" value="·"/>
		<feat xlink:href="#sSpan561" value="ⲁⲩⲱ"/>
		<feat xlink:href="#sSpan567" value="ⲛ̅ⲧⲉⲣⲓϩⲱⲛ"/>
		<feat xlink:href="#sSpan575" value="ⲉϩⲟⲩⲛ"/>
		<feat xlink:href="#sSpan580" value="ⲉⲣⲟϥ"/>
		<feat xlink:href="#sSpan586" value="·"/>
		<feat xlink:href="#sSpan590" value="ⲁⲓⲕⲱⲗϩ̅"/>
		<feat xlink:href="#sSpan598" value="ⲉⲡⲣⲟ"/>
		<feat xlink:href="#sSpan607" value="ⲛ̅ⲁⲡϣⲉ"/>
		<feat xlink:href="#sSpan614" value="·"/>
		<feat xlink:href="#sSpan618" value="ⲛ̅ⲟⲩⲡⲁϣⲉ"/>
		<feat xlink:href="#sSpan627" value="ⲛ̅ϩⲟⲟⲩ"/>
		<feat xlink:href="#sSpan634" value="·"/>
		<feat xlink:href="#sSpan638" value="ⲁⲩⲱ"/>
		<feat xlink:href="#sSpan642" value="ⲙ̅ⲡⲉⲗⲁⲁⲩ"/>
		<feat xlink:href="#sSpan650" value="ⲣ̅ⲟⲩⲱ"/>
		<feat xlink:href="#sSpan655" value="ⲛⲁⲓ"/>
		<feat xlink:href="#sSpan661" value="·"/>
		<feat xlink:href="#sSpan665" value="ⲁⲓⲙⲉⲉⲩⲉ"/>
		<feat xlink:href="#sSpan676" value="ⲇⲉ"/>
		<feat xlink:href="#sSpan681" value="ϩⲙ̅ⲡⲁϩⲏⲧ"/>
		<feat xlink:href="#sSpan690" value="ϫⲉⲙⲛ̅ⲥⲟⲛ"/>
		<feat xlink:href="#sSpan699" value="ⲙ̅ⲡⲉⲓⲙⲁ"/>
		<feat xlink:href="#sSpan708" value="·"/>
		<feat xlink:href="#sSpan712" value="ⲁⲛⲟⲕ"/>
		<feat xlink:href="#sSpan719" value="ⲇⲉ"/>
		<feat xlink:href="#sSpan723" value="ⲁⲓⲛⲁⲩ"/>
		<feat xlink:href="#sSpan732" value="ⲉⲩⲥⲟⲛ"/>
		<feat xlink:href="#sSpan741" value="·"/>
		<feat xlink:href="#sSpan745" value="ⲉϥϩⲙⲟⲟⲥ"/>
		<feat xlink:href="#sSpan753" value="ⲉϩⲣⲁⲓ"/>
		<feat xlink:href="#sSpan757" value="ⲉϥⲕⲱ"/>
		<feat xlink:href="#sSpan765" value="ⲛ̅ⲣⲱϥ"/>
		<feat xlink:href="#sSpan774" value="·"/>
		<feat xlink:href="#sSpan778" value="ⲁⲓⲁⲙⲁϩⲧⲉ"/>
		<feat xlink:href="#sSpan790" value="ⲇⲉ"/>
		<feat xlink:href="#sSpan794" value="ⲙ̅ⲡⲉϥϭⲃⲟⲓ"/>
		<feat xlink:href="#sSpan803" value="·"/>
		<feat xlink:href="#sSpan807" value="ⲁⲩⲱ"/>
		<feat xlink:href="#sSpan811" value="ⲁ̅ⲡⲉϥϭⲃⲟⲓ"/>
		<feat xlink:href="#sSpan820" value="ⲃⲱⲗ"/>
		<feat xlink:href="#sSpan825" value="ⲉⲃⲟⲗ"/>
		<feat xlink:href="#sSpan830" value="ϩⲛ̅ⲛⲁϭⲓϫ"/>
		<feat xlink:href="#sSpan839" value="·"/>
		<feat xlink:href="#sSpan843" value="ⲁϥⲣ̅ⲑⲉ"/>
		<feat xlink:href="#sSpan856" value="ⲛ̅ⲛⲉⲓⲙⲓⲥⲗⲏⲥ"/>
		<feat xlink:href="#sSpan863" value="ⲛ̅ⲕⲁϩ"/>
		<feat xlink:href="#sSpan869" value="·"/>
		<feat xlink:href="#sSpan873" value="ⲁⲓϭⲟⲙϭⲙ̅"/>
		<feat xlink:href="#sSpan884" value="ⲉⲡϥ̅ⲥⲱⲙⲁ"/>
		<feat xlink:href="#sSpan894" value="ⲧⲏⲣϥ̅"/>
		<feat xlink:href="#sSpan900" value="ⲁⲓϩⲉ"/>
		<feat xlink:href="#sSpan908" value="ⲉⲣⲟϥ"/>
		<feat xlink:href="#sSpan914" value="·"/>
		<feat xlink:href="#sSpan918" value="ⲉⲁϥⲟⲩⲱ"/>
		<feat xlink:href="#sSpan928" value="ⲉϥⲙⲟⲩ"/>
		<feat xlink:href="#sSpan937" value="·"/>
		<feat xlink:href="#sSpan941" value="ⲉⲣⲉⲡϩⲱⲃ"/>
		<feat xlink:href="#sSpan950" value="ⲟ̅ⲥ̅ⲕ̅"/>
		<feat xlink:href="#sSpan954" value="ⲁⲓϭⲱϣⲧ̅"/>
		<feat xlink:href="#sSpan965" value="ⲇⲉ"/>
		<feat xlink:href="#sSpan969" value="ⲁⲓⲛⲁⲩ"/>
		<feat xlink:href="#sSpan977" value="·"/>
		<feat xlink:href="#sSpan981" value="ⲉⲩⲕⲟⲗⲟⲃⲓ̅ⲟⲛ"/>
		<feat xlink:href="#sSpan993" value="·"/>
		<feat xlink:href="#sSpan997" value="ⲉϥⲁϣⲉ"/>
		<feat xlink:href="#sSpan1006" value="ⲉϩⲣⲁⲓ"/>
		<feat xlink:href="#sSpan1010" value="·"/>
		<feat xlink:href="#sSpan1014" value="ⲁⲩⲱ"/>
		<feat xlink:href="#sSpan1020" value="ⲛ̅ⲧⲉⲣⲉⲓϭⲟⲙϭⲙ̅"/>
		<feat xlink:href="#sSpan1028" value="ⲉⲡⲉⲓⲕⲉⲧ"/>
		<feat xlink:href="#sSpan1038" value="ⲁϥⲃⲱⲗ"/>
		<feat xlink:href="#sSpan1047" value="ⲉⲃⲟⲗ"/>
		<feat xlink:href="#sSpan1051" value="ⲁϥⲣ̅ⲕⲁϩ"/>
		<feat xlink:href="#sSpan1061" value="·"/>
		<feat xlink:href="#sSpan1065" value="ⲁⲛⲟⲕ"/>
		<feat xlink:href="#sSpan1072" value="ⲇⲉ"/>
		<feat xlink:href="#sSpan1076" value="ⲁⲓⲁϩⲉⲣⲁⲧ"/>
		<feat xlink:href="#sSpan1087" value="ⲁⲓϣⲗⲏⲗ"/>
		<feat xlink:href="#sSpan1095" value="·"/>
		<feat xlink:href="#sSpan1099" value="ⲁⲩⲱ"/>
		<feat xlink:href="#sSpan1103" value="ⲁⲓϥⲓ"/>
		<feat xlink:href="#sSpan1111" value="ⲛ̅ⲧⲁⲥⲧⲟⲗⲏ"/>
		<feat xlink:href="#sSpan1121" value="·"/>
		<feat xlink:href="#sSpan1125" value="ⲁⲓⲥⲟⲩⲉⲗⲟⲩⲱⲗ̅ⲥ̅"/>
		<feat xlink:href="#sSpan1137" value="ⲉⲣⲟϥ"/>
		<feat xlink:href="#sSpan1144" value="·"/>
		<feat xlink:href="#sSpan1148" value="ⲁⲓϭⲱϫⲉ"/>
		<feat xlink:href="#sSpan1156" value="ⲛ̅ⲛⲁϭⲓϫ"/>
		<feat xlink:href="#sSpan1165" value="ϩⲙ̅ⲡⲕⲁϩ"/>
		<feat xlink:href="#sSpan1174" value="·"/>
		<feat xlink:href="#sSpan1178" value="ⲁⲓⲧⲱⲙⲥϥ̅"/>
		<feat xlink:href="#sSpan1188" value="·"/>
		<feat xlink:href="#sSpan1192" value="ⲁⲩⲱ"/>
		<feat xlink:href="#sSpan1197" value="ⲁⲓⲉⲓ"/>
		<feat xlink:href="#sSpan1206" value="ⲉⲃⲟⲗ"/>
		<feat xlink:href="#sSpan1210" value="ϩⲙ̅ⲡⲙⲁ"/>
		<feat xlink:href="#sSpan1220" value="ⲉⲧⲙ̅ⲙⲁⲩ"/>
		<feat xlink:href="#sSpan1226" value="·"/>
		<feat xlink:href="#sSpan1230" value="ⲁⲓⲙⲟⲟϣⲉ"/>
		<feat xlink:href="#sSpan1241" value="ⲇⲉ"/>
		<feat xlink:href="#sSpan1246" value="ⲉϩⲟⲩⲛ"/>
		<feat xlink:href="#sSpan1250" value="ϩⲛ̅ⲧⲉⲣⲏⲙⲟⲥ"/>
		<feat xlink:href="#sSpan1260" value="·"/>
		<feat xlink:href="#sSpan1264" value="ⲁⲓϭⲓⲛⲉ"/>
		<feat xlink:href="#sSpan1272" value="ⲛ̅ⲕⲉⲥⲡⲏⲗⲁⲓⲟⲛ"/>
		<feat xlink:href="#sSpan1282" value="·"/>
		<feat xlink:href="#sSpan1286" value="ⲁⲡⲁϩⲏⲧ"/>
		<feat xlink:href="#sSpan1296" value="ⲉⲓ"/>
		<feat xlink:href="#sSpan1300" value="ⲉⲣⲟⲓ"/>
		<feat xlink:href="#sSpan1306" value="ⲁⲓⲧⲱϩⲙ̅"/>
		<feat xlink:href="#sSpan1314" value="ⲉϩⲟⲩⲛ"/>
		<feat xlink:href="#sSpan1318" value="ⲉⲡⲣⲟ"/>
		<feat xlink:href="#sSpan1327" value="ⲁⲩⲱ̅"/>
		<feat xlink:href="#sSpan1331" value="ⲙ̅ⲡⲉⲗⲁⲁⲩ"/>
		<feat xlink:href="#sSpan1340" value="ⲣ̅ⲟⲩⲱ"/>
		<feat xlink:href="#sSpan1345" value="ⲛⲁⲓ"/>
		<feat xlink:href="#sSpan1351" value="·"/>
		<feat xlink:href="#sSpan1355" value="ⲁⲓⲃⲱⲕ"/>
		<feat xlink:href="#sSpan1366" value="ⲉϩⲟⲩⲛ"/>
		<feat xlink:href="#sSpan1370" value="ⲙ̅ⲡⲉⲓϩⲉ"/>
		<feat xlink:href="#sSpan1379" value="ⲉⲣⲱⲙⲉ"/>
		<feat xlink:href="#sSpan1386" value="·"/>
		<feat xlink:href="#sSpan1390" value="ⲁⲓⲉⲓ"/>
		<feat xlink:href="#sSpan1400" value="ⲉⲃⲟⲗ"/>
		<feat xlink:href="#sSpan1404" value="ⲉⲓϫⲱ"/>
		<feat xlink:href="#sSpan1412" value="ⲙ̅ⲙⲟⲥ"/>
		<feat xlink:href="#sSpan1418" value="·"/>
		<feat xlink:href="#sSpan1422" value="ϫⲉⲡⲙⲁ"/>
		<feat xlink:href="#sSpan1431" value="ⲉⲧⲉⲣⲉⲡϩⲙ̅ϩⲁⲗ"/>
		<feat xlink:href="#sSpan1440" value="ⲙ̅ⲡⲛⲟⲩⲧⲉ"/>
		<feat xlink:href="#sSpan1450" value="ⲛ̅ϩⲏⲧϥ̅"/>
		<feat xlink:href="#sSpan1456" value="ϥⲛⲁϫⲡⲉⲉⲓ"/>
		<feat xlink:href="#sSpan1466" value="ⲉⲡⲉⲓⲙⲁ"/>
		<feat xlink:href="#sSpan1475" value="·"/>
		<feat xlink:href="#sSpan1479" value="ⲁⲛⲟⲕ"/>
		<feat xlink:href="#sSpan1486" value="ⲇⲉ"/>
		<feat xlink:href="#sSpan1491" value="ⲁⲓϭⲱ"/>
		<feat xlink:href="#sSpan1499" value="ϩⲙ̅ⲡⲙⲁ"/>
		<feat xlink:href="#sSpan1508" value="ⲉⲧⲙ̅ⲙⲁⲩ"/>
		<feat xlink:href="#sSpan1514" value="·"/>
		<feat xlink:href="#sSpan1518" value="ⲉⲓϣⲗⲏⲗ"/>
		<feat xlink:href="#sSpan1526" value="ϣⲁⲛⲧⲉⲡⲉϩⲟⲟⲩ"/>
		<feat xlink:href="#sSpan1537" value="ⲡⲣⲟⲕⲟⲡⲧⲉⲓ"/>
		<feat xlink:href="#sSpan1541" value="·"/>
		<feat xlink:href="#sSpan1545" value="ⲁⲩⲱ"/>
		<feat xlink:href="#sSpan1551" value="ⲛⲉⲓⲧⲁⲩⲟ"/>
		<feat xlink:href="#sSpan1559" value="ⲡⲉ"/>
		<feat xlink:href="#sSpan1563" value="ⲛ̅ⲛⲁⲁⲡⲟⲥⲧⲏⲑⲟⲥ"/>
		<feat xlink:href="#sSpan1574" value="·"/>
		<feat xlink:href="#sSpan1578" value="ⲙⲛ̅ⲛ̅ⲥⲱⲥ"/>
		<feat xlink:href="#sSpan1587" value="ⲇⲉ"/>
		<feat xlink:href="#sSpan1591" value="ⲉⲣⲉⲡⲣⲏ"/>
		<feat xlink:href="#sSpan1600" value="ⲛⲁϩⲱⲧⲡ̅"/>
		<feat xlink:href="#sSpan1606" value="ⲁⲓϭⲱϣⲧ̅"/>
		<feat xlink:href="#sSpan1614" value="ⲁⲓⲛⲁⲩ"/>
		<feat xlink:href="#sSpan1623" value="ⲉⲩⲁⲅⲉⲗⲉⲓ"/>
		<feat xlink:href="#sSpan1633" value="ⲛ̅ϣⲟϣ"/>
		<feat xlink:href="#sSpan1639" value="ⲉⲁⲥⲉⲓ"/>
		<feat xlink:href="#sSpan1649" value="ⲙ̅ⲡⲟⲩⲉ"/>
		<feat xlink:href="#sSpan1658" value="·"/>
		<feat xlink:href="#sSpan1662" value="ⲉⲣⲉⲡⲥⲟⲛ"/>
		<feat xlink:href="#sSpan1672" value="ⲉⲧⲙ̅ⲙⲁⲩ"/>
		<feat xlink:href="#sSpan1678" value="ϩⲛ̅ⲧⲉⲩⲙⲏⲏⲧⲉ"/>
		<feat xlink:href="#sSpan1687" value="·"/>
		<feat xlink:href="#sSpan1691" value="ⲛ̅ⲧⲉⲣ̅ϥ̅ϩⲱⲛ"/>
		<feat xlink:href="#sSpan1702" value="ⲇⲉ"/>
		<feat xlink:href="#sSpan1706" value="ⲉϩⲟⲩⲛ"/>
		<feat xlink:href="#sSpan1711" value="ⲉⲣⲟⲓ"/>
		<feat xlink:href="#sSpan1717" value="ⲛϥ̅ⲕⲏⲕⲁϩⲏⲩ"/>
		<feat xlink:href="#sSpan1727" value="ⲡⲉ"/>
		<feat xlink:href="#sSpan1731" value="·"/>
		<feat xlink:href="#sSpan1735" value="ⲁⲩⲱ"/>
		<feat xlink:href="#sSpan1739" value="ⲉⲣⲉⲡⲉϥⲃⲱ"/>
		<feat xlink:href="#sSpan1748" value="ϩⲱⲃⲥ̅"/>
		<feat xlink:href="#sSpan1753" value="ⲛ̅ⲧⲉϥ̅ⲁⲥⲭⲏⲙⲟⲥⲩⲛⲏ"/>
		<feat xlink:href="#sSpan1763" value="·"/>
		<feat xlink:href="#sSpan1767" value="ⲁⲩⲱ"/>
		<feat xlink:href="#sSpan1771" value="ⲉϥⲟ"/>
		<feat xlink:href="#sSpan1779" value="ⲛ̅ϩⲃ̅ⲥⲱ"/>
		<feat xlink:href="#sSpan1786" value="ⲉϥϭⲟⲟⲗⲉ"/>
		<feat xlink:href="#sSpan1795" value="ⲙ̅ⲙⲟϥ"/>
		<feat xlink:href="#sSpan1801" value="·"/>
		<feat xlink:href="#sSpan1805" value="ⲛ̅ⲧⲉⲣⲉϥⲡⲱϩ"/>
		<feat xlink:href="#sSpan1815" value="ⲉⲣⲟⲓ"/>
		<feat xlink:href="#sSpan1821" value="·"/>
		<feat xlink:href="#sSpan1825" value="ⲁϥⲣ̅ϩⲟⲧⲉ"/>
		<feat xlink:href="#sSpan1835" value="ⲉⲙⲁⲧⲉ"/>
		<feat xlink:href="#sSpan1840" value="·"/>
		<feat xlink:href="#sSpan1844" value="ⲉϥⲙⲉⲉⲩⲉ"/>
		<feat xlink:href="#sSpan1852" value="ϫⲉⲁⲛⲅ̅ⲟⲩⲡⲛⲁ̅"/>
		<feat xlink:href="#sSpan1864" value="·"/>
		<feat xlink:href="#sSpan1868" value="ⲁϥⲁϩⲉⲣⲁⲧϥ̅"/>
		<feat xlink:href="#sSpan1881" value="ⲁϥϣⲗⲏⲗ"/>
		<feat xlink:href="#sSpan1890" value="·"/>
		<feat xlink:href="#sSpan1895" value="ⲕⲁⲓ"/>
		<feat xlink:href="#sSpan1903" value="ⲅⲁⲣ"/>
		<feat xlink:href="#sSpan1907" value="ⲁϩⲁϩ"/>
		<feat xlink:href="#sSpan1914" value="ⲙ̅ⲡⲛⲁ̅"/>
		<feat xlink:href="#sSpan1922" value="ⲡⲓⲣⲁⲍⲉ"/>
		<feat xlink:href="#sSpan1926" value="ⲙ̅ⲙⲟϥ"/>
		<feat xlink:href="#sSpan1932" value="·"/>
		<feat xlink:href="#sSpan1937" value="ⲕⲁⲧⲁⲑⲉ"/>
		<feat xlink:href="#sSpan1946" value="ⲛ̅ⲧⲁϥϫⲟⲟⲥ"/>
		<feat xlink:href="#sSpan1958" value="ⲉⲡϩⲁⲏ"/>
		<feat xlink:href="#sSpan1967" value="·"/>
		<feat xlink:href="#sSpan1971" value="ⲁⲛⲟⲕ"/>
		<feat xlink:href="#sSpan1978" value="ⲇⲉ"/>
		<feat xlink:href="#sSpan1982" value="ⲁⲓⲁⲥⲑⲉ"/>
		<feat xlink:href="#sSpan1991" value="·"/>
		<feat xlink:href="#sSpan1995" value="ϫⲉⲁϥⲣ̅ϩⲟⲧⲉ"/>
		<feat xlink:href="#sSpan2008" value="ⲁⲓⲙⲟⲟϣⲉ"/>
		<feat xlink:href="#sSpan2016" value="ⲉⲣⲟϥ"/>
		<feat xlink:href="#sSpan2022" value="ⲡⲉϫⲁⲓ"/>
		<feat xlink:href="#sSpan2030" value="ⲛⲁϥ"/>
		<feat xlink:href="#sSpan2036" value="·"/>
		<feat xlink:href="#sSpan2040" value="ϫⲉⲁϩⲣⲟⲕ"/>
		<feat xlink:href="#sSpan2049" value="ⲉⲕⲣ̅ϩⲟⲧⲉ"/>
		<feat xlink:href="#sSpan2059" value="·"/>
		<feat xlink:href="#sSpan2064" value="ⲱ"/>
		<feat xlink:href="#sSpan2068" value="ⲡϩⲙ̅ϩⲁⲗ"/>
		<feat xlink:href="#sSpan2075" value="ⲙ̅ⲡⲛⲟⲩⲧⲉ"/>
		<feat xlink:href="#sSpan2084" value="·"/>
		<feat xlink:href="#sSpan2088" value="ϭⲱϣⲧ̅"/>
		<feat xlink:href="#sSpan2094" value="ⲛⲅ̅ⲛⲁⲩ"/>
		<feat xlink:href="#sSpan2103" value="ⲉⲛⲁⲧⲁϭⲥⲉ"/>
		<feat xlink:href="#sSpan2112" value="·"/>
		<feat xlink:href="#sSpan2116" value="ϫⲉⲁⲛⲅ̅ⲟⲩⲣⲱⲙⲉ"/>
		<feat xlink:href="#sSpan2127" value="·"/>
		<feat xlink:href="#sSpan2131" value="ⲁⲩⲱ"/>
		<feat xlink:href="#sSpan2135" value="ⲛⲅ̅ϭⲟⲙϭⲙ̅"/>
		<feat xlink:href="#sSpan2144" value="ⲉⲣⲟⲓ"/>
		<feat xlink:href="#sSpan2150" value="ϫⲉⲁⲛⲅ̅ⲟⲩⲥⲁⲣⲝ̅"/>
		<feat xlink:href="#sSpan2162" value="ϩⲓⲥⲛⲟϥ"/>
		<feat xlink:href="#sSpan2169" value="·"/>
		<feat xlink:href="#sSpan2173" value="Ⲛ̅ⲧⲟϥ"/>
		<feat xlink:href="#sSpan2182" value="ⲇⲉ"/>
		<feat xlink:href="#sSpan2186" value="ⲛⲧⲉⲣⲉϥϭⲱϣⲧ̅"/>
		<feat xlink:href="#sSpan2194" value="ⲉϩⲟⲩⲛ"/>
		<feat xlink:href="#sSpan2198" value="ⲉϩⲣⲁⲓ"/>
		<feat xlink:href="#sSpan2202" value="·"/>
		<feat xlink:href="#sSpan2206" value="ⲁϥⲧⲁⲩⲟ"/>
		<feat xlink:href="#sSpan2214" value="ⲙ̅ⲡⲉϣⲗⲏⲗ"/>
		<feat xlink:href="#sSpan2224" value="ⲙ̅ⲡⲉⲩⲁⲅⲅⲉⲗⲓⲟⲛ"/>
		<feat xlink:href="#sSpan2234" value="·"/>
		<feat xlink:href="#sSpan2238" value="ⲁⲛⲟⲕ"/>
		<feat xlink:href="#sSpan2245" value="ⲇⲉ"/>
		<feat xlink:href="#sSpan2249" value="ⲁⲓϭⲱⲣϣ̅"/>
		<feat xlink:href="#sSpan2257" value="ⲉⲣⲟϥ"/>
		<feat xlink:href="#sSpan2264" value="·"/>
		<feat xlink:href="#sSpan2268" value="ⲉⲧⲣϥ̅ϫⲓⲧ"/>
		<feat xlink:href="#sSpan2278" value="ⲉⲡⲉⲥⲏⲧ"/>
		<feat xlink:href="#sSpan2286" value="ⲉⲡⲉⲥⲡⲏⲗⲁⲓⲟⲛ"/>
		<feat xlink:href="#sSpan2296" value="·"/>
		<feat xlink:href="#sSpan2300" value="ⲁϥϫⲛⲟⲓ"/>
		<feat xlink:href="#sSpan2312" value="ϫⲉⲛ̅ⲧⲁⲕⲉⲓ"/>
		<feat xlink:href="#sSpan2326" value="ⲉⲡⲉⲓ̈ⲙⲁ"/>
		<feat xlink:href="#sSpan2335" value="·"/>
		<feat xlink:href="#sSpan2339" value="ⲛ̅ⲁϣ"/>
		<feat xlink:href="#sSpan2345" value="ⲛϩⲉ"/>
		<feat xlink:href="#sSpan2351" value="·"/>
		<feat xlink:href="#sSpan2355" value="ⲁⲛⲟⲕ"/>
		<feat xlink:href="#sSpan2362" value="ⲇⲉ"/>
		<feat xlink:href="#sSpan2366" value="ⲡⲉϫⲁⲓ"/>
		<feat xlink:href="#sSpan2373" value="ϫⲉⲛ̅ⲧⲁⲓⲉⲓ"/>
		<feat xlink:href="#sSpan2386" value="ⲉⲡⲉⲓⲙⲁ"/>
		<feat xlink:href="#sSpan2395" value="·"/>
		<feat xlink:href="#sSpan2399" value="ⲉⲓⲟⲩⲉϣ"/>
		<feat xlink:href="#sSpan2407" value="ⲛⲁⲩ"/>
		<feat xlink:href="#sSpan2411" value="ⲛ̅ϩⲙ̅ϩⲁⲗ"/>
		<feat xlink:href="#sSpan2419" value="ⲙ̅ⲡⲛⲟⲩⲧⲉ"/>
		<feat xlink:href="#sSpan2428" value="·"/>
		<feat xlink:href="#sSpan2432" value="ⲉⲧϣⲟⲟⲡ"/>
		<feat xlink:href="#sSpan2438" value="ϩⲙ̅ⲡⲉⲓϫⲁⲓⲉ"/>
		<feat xlink:href="#sSpan2447" value="·"/>
		<feat xlink:href="#sSpan2451" value="ⲁⲩⲱ"/>
		<feat xlink:href="#sSpan2455" value="ⲙ̅ⲡⲉⲡⲛⲟⲩⲧⲉ"/>
		<feat xlink:href="#sSpan2465" value="·"/>
		<feat xlink:href="#sSpan2469" value="ϥⲟϭⲧ̅"/>
		<feat xlink:href="#sSpan2475" value="ⲙ̅ⲡⲉϯϣⲓⲛⲉ"/>
		<feat xlink:href="#sSpan2488" value="ⲛ̅ⲥⲱϥ"/>
		<feat xlink:href="#sSpan2494" value="·"/>
		<feat xlink:href="#sSpan2498" value="ⲁⲓϫⲛⲟⲩϥ"/>
		<feat xlink:href="#sSpan2510" value="ϫⲉⲛ̅ⲧⲁⲕⲉⲓ"/>
		<feat xlink:href="#sSpan2524" value="ⲉⲡⲉⲓⲙⲁ"/>
		<feat xlink:href="#sSpan2533" value="ⲛⲁϣ"/>
		<feat xlink:href="#sSpan2539" value="ⲛ̅ϩⲉ"/>
		<feat xlink:href="#sSpan2545" value="·"/>
		<feat xlink:href="#sSpan2549" value="ⲁⲩⲱ"/>
		<feat xlink:href="#sSpan2553" value="ⲉⲓⲥⲟⲩⲏⲏⲣ"/>
		<feat xlink:href="#sSpan2560" value="·"/>
		<feat xlink:href="#sSpan2564" value="ⲛ̅ⲟⲩⲟⲉⲓϣ"/>
		<feat xlink:href="#sSpan2570" value="ϫⲓⲛⲧⲁⲕⲉⲓ"/>
		<feat xlink:href="#sSpan2583" value="ⲉⲡⲉⲓⲙⲁ"/>
		<feat xlink:href="#sSpan2592" value="·"/>
		<feat xlink:href="#sSpan2596" value="ⲁⲩⲱ"/>
		<feat xlink:href="#sSpan2600" value="ⲛⲉϣⲁⲕⲟⲩⲙ̅ⲟⲩ"/>
		<feat xlink:href="#sSpan2614" value="·"/>
		<feat xlink:href="#sSpan2618" value="ⲁⲩⲱ"/>
		<feat xlink:href="#sSpan2623" value="ⲉⲧⲃⲉⲟⲩ"/>
		<feat xlink:href="#sSpan2630" value="ⲉⲕⲕⲏⲕⲁϩⲏⲩ"/>
		<feat xlink:href="#sSpan2640" value="ⲉⲙⲛ̅ϩⲃ̅ⲥⲱ"/>
		<feat xlink:href="#sSpan2650" value="ⲧⲱ̅"/>
		<feat xlink:href="#sSpan2654" value="ϩⲓⲱⲱⲕ"/>
		<feat xlink:href="#sSpan2660" value="·"/>
		<feat xlink:href="#sSpan2664" value="ⲛ̅ⲧⲟϥ"/>
		<feat xlink:href="#sSpan2671" value="ⲇⲉ"/>
		<feat xlink:href="#sSpan2675" value="ⲁϥⲁⲣⲭⲉⲓ"/>
		<feat xlink:href="#sSpan2684" value="ⲛ̅ϣⲁϫⲉ"/>
		<feat xlink:href="#sSpan2690" value="ⲛⲙ̅ⲙⲁⲓ"/>
		<feat xlink:href="#sSpan2697" value="ⲉϥϫⲱ"/>
		<feat xlink:href="#sSpan2705" value="ⲙ̅ⲙⲟⲥ"/>
		<feat xlink:href="#sSpan2711" value="·"/>
		<feat xlink:href="#sSpan2715" value="ϫⲉⲁⲛⲅ̅ⲟⲩⲣⲱⲙⲉ"/>
		<feat xlink:href="#sSpan2726" value="ⲙ̅ⲙⲟⲛⲟⲭⲟⲥ"/>
		<feat xlink:href="#sSpan2733" value="·"/>
		<feat xlink:href="#sSpan2737" value="ⲉⲓⲟⲩⲏⲏϩ"/>
		<feat xlink:href="#sSpan2745" value="ϩⲛ̅ⲟⲩⲥⲟⲟϩⲥ̅"/>
		<feat xlink:href="#sSpan2754" value="·"/>
		<feat xlink:href="#sSpan2758" value="ⲙ̅ⲙⲟⲛⲟⲭⲟⲥ"/>
		<feat xlink:href="#sSpan2764" value="ⲛ̅ⲁⲩⲏⲧ"/>
		<feat xlink:href="#sSpan2770" value="ϩⲛ̅ⲑⲏⲃⲁⲉⲓⲥ"/>
		<feat xlink:href="#sSpan2779" value="·"/>
		<feat xlink:href="#sSpan2783" value="ⲁⲩⲙⲉⲉⲩⲉ"/>
		<feat xlink:href="#sSpan2794" value="ⲉⲓ"/>
		<feat xlink:href="#sSpan2799" value="ⲉⲡⲁϩⲏⲧ"/>
		<feat xlink:href="#sSpan2808" value="·"/>
		<feat xlink:href="#sSpan2812" value="ⲛ̅ⲧⲉⲓϩⲉ"/>
		<feat xlink:href="#sSpan2820" value="ϫⲉⲧⲱⲟⲩⲛ"/>
		<feat xlink:href="#sSpan2827" value="ⲁⲙⲟⲩ"/>
		<feat xlink:href="#sSpan2831" value="ⲉⲃⲟⲗ"/>
		<feat xlink:href="#sSpan2835" value="·"/>
		<feat xlink:href="#sSpan2839" value="ⲛⲅ̅ϭⲱϩⲙ̅"/>
		<feat xlink:href="#sSpan2848" value="ⲡⲉⲕⲙⲁ"/>
		<feat xlink:href="#sSpan2854" value="ⲙⲁⲩⲁⲁⲕ"/>
		<feat xlink:href="#sSpan2860" value="·"/>
		<feat xlink:href="#sSpan2864" value="ⲁⲩⲱ"/>
		<feat xlink:href="#sSpan2869" value="ⲕⲛⲁⲉⲥⲩⲭⲁⲍⲉ"/>
		<feat xlink:href="#sSpan2878" value="ⲙ̅ⲙⲟⲕ"/>
		<feat xlink:href="#sSpan2884" value="ⲛⲅ̅ⲁⲛⲁⲭⲱⲣⲉⲓ"/>
		<feat xlink:href="#sSpan2893" value="·"/>
		<feat xlink:href="#sSpan2897" value="ⲛⲅ̅ϣⲡ̅ⲛⲉⲥⲛⲏⲩ"/>
		<feat xlink:href="#sSpan2911" value="ⲉⲣⲟⲕ"/>
		<feat xlink:href="#sSpan2917" value="·"/>
		<feat xlink:href="#sSpan2921" value="ⲛⲅ̅ⲣ̅ⲙⲁⲓϣⲙ̅ⲙⲟ"/>
		<feat xlink:href="#sSpan2932" value="·"/>
		<feat xlink:href="#sSpan2936" value="ⲉⲙⲁⲧⲉ"/>
		<feat xlink:href="#sSpan2940" value="·"/>
		<feat xlink:href="#sSpan2944" value="ⲁⲩⲱ"/>
		<feat xlink:href="#sSpan2949" value="ⲕⲛⲁϭⲓⲛⲉ"/>
		<feat xlink:href="#sSpan2957" value="·"/>
		<feat xlink:href="#sSpan2961" value="ⲛ̅ⲟⲩϩⲟⲩⲟ"/>
		<feat xlink:href="#sSpan2970" value="ⲃⲉⲉⲕⲉ"/>
		<feat xlink:href="#sSpan2974" value="·"/>
		<feat xlink:href="#sSpan2978" value="ϩⲙ̅ⲡϩⲱⲃ"/>
		<feat xlink:href="#sSpan2987" value="ⲛ̅ⲛⲉⲕϭⲓϫ"/>
		<feat xlink:href="#sSpan2996" value="·"/>
		<feat xlink:href="#sSpan3000" value="Ⲡⲉⲛⲧⲁⲓⲙⲉⲉⲩⲉ"/>
		<feat xlink:href="#sSpan3016" value="ⲇⲉ"/>
		<feat xlink:href="#sSpan3020" value="ⲉⲣⲟϥ"/>
		<feat xlink:href="#sSpan3026" value="ⲁⲓⲁⲁϥ"/>
		<feat xlink:href="#sSpan3036" value="·"/>
		<feat xlink:href="#sSpan3040" value="ⲁⲓⲉⲓ"/>
		<feat xlink:href="#sSpan3051" value="ⲇⲉ"/>
		<feat xlink:href="#sSpan3056" value="ⲉⲃⲟⲗ"/>
		<feat xlink:href="#sSpan3060" value="ϩⲙ̅ⲡⲁⲩⲏⲧ"/>
		<feat xlink:href="#sSpan3069" value="ⲙ̅ⲙⲟⲛⲟⲭⲟⲥ"/>
		<feat xlink:href="#sSpan3076" value="·"/>
		<feat xlink:href="#sSpan3080" value="ⲁⲓⲕⲱⲧ"/>
		<feat xlink:href="#sSpan3088" value="ⲛⲁⲓ"/>
		<feat xlink:href="#sSpan3094" value="ⲛ̅ⲟⲩⲙⲁ"/>
		<feat xlink:href="#sSpan3104" value="ⲛ̅ϣⲱⲡⲉ"/>
		<feat xlink:href="#sSpan3110" value="ⲙⲁⲩⲁⲁⲧ"/>
		<feat xlink:href="#sSpan3116" value="ⲁⲓⲟⲩⲱϩ"/>
		<feat xlink:href="#sSpan3124" value="ⲛ̅ϩⲏⲧϥ̅"/>
		<feat xlink:href="#sSpan3130" value="·"/>
		<feat xlink:href="#sSpan3134" value="ⲁⲩⲁⲡⲥ̅"/>
		<feat xlink:href="#sSpan3145" value="ⲛ̅ⲣⲱⲙⲉ"/>
		<feat xlink:href="#sSpan3152" value="·"/>
		<feat xlink:href="#sSpan3157" value="ⲉⲡⲉⲓⲧⲁⲥⲥⲉ"/>
		<feat xlink:href="#sSpan3161" value="ⲛⲁⲓ"/>
		<feat xlink:href="#sSpan3167" value="ⲛ̅ϩⲱⲃ"/>
		<feat xlink:href="#sSpan3174" value="ⲛ̅ϭⲓϫ"/>
		<feat xlink:href="#sSpan3180" value="ϣⲁⲓⲧⲁⲁⲩ"/>
		<feat xlink:href="#sSpan3190" value="ⲙ̅ⲙⲛ̅ⲧ̅ⲛⲁ"/>
		<feat xlink:href="#sSpan3200" value="ⲛ̅ⲛ̅ϣⲙ̅ⲙⲟ"/>
		<feat xlink:href="#sSpan3209" value="·"/>
		<feat xlink:href="#sSpan3214" value="ⲡⲇⲓⲁⲃⲟⲩⲗⲟⲥ"/>
		<feat xlink:href="#sSpan3223" value="ⲁϥⲕⲱϩ"/>
		<feat xlink:href="#sSpan3231" value="ⲙ̅ⲡⲉⲟⲩⲟⲉⲓϣ"/>
		<feat xlink:href="#sSpan3241" value="ⲉⲧⲙ̅ⲙⲁⲩ"/>
		<feat xlink:href="#sSpan3247" value="·"/>
		<feat xlink:href="#sSpan3251" value="ⲉⲡⲃⲉⲉⲕⲉ"/>
		<feat xlink:href="#sSpan3260" value="ϯϫⲡⲟ"/>
		<feat xlink:href="#sSpan3266" value="ⲙ̅ⲙⲟϥ"/>
		<feat xlink:href="#sSpan3272" value="·"/>
		<feat xlink:href="#sSpan3276" value="ⲙ̅ⲡⲙ̅ⲧⲟ"/>
		<feat xlink:href="#sSpan3286" value="ⲉⲃⲟⲗ"/>
		<feat xlink:href="#sSpan3290" value="ⲙ̅ⲡϫⲥ̅"/>
		<feat xlink:href="#sSpan3299" value="ϩⲁⲡⲉⲧⲉⲓⲣⲉ"/>
		<feat xlink:href="#sSpan3311" value="ⲙ̅ⲙⲟϥ"/>
		<feat xlink:href="#sSpan3317" value="ⲛ̅ⲛ̅ϣⲙ̅ⲙⲟ"/>
		<feat xlink:href="#sSpan3327" value="·"/>
		<feat xlink:href="#sSpan3331" value="ⲙⲛ̅ⲛ̅ⲕⲟⲟⲩⲉ"/>
		<feat xlink:href="#sSpan3340" value="·"/>
		<feat xlink:href="#sSpan3344" value="ⲉⲧⲣ̅ϭⲣⲱⲱϩ"/>
		<feat xlink:href="#sSpan3352" value="·"/>
		<feat xlink:href="#sSpan3356" value="ⲉϥⲛⲁⲩ"/>
		<feat xlink:href="#sSpan3364" value="ⲉⲑⲉ"/>
		<feat xlink:href="#sSpan3372" value="ⲉϯⲥⲡⲟⲩⲇⲁⲍⲉ"/>
		<feat xlink:href="#sSpan3382" value="ⲉⲡⲁϩⲱⲃ"/>
		<feat xlink:href="#sSpan3391" value="ⲛ̅ϭⲓϫ"/>
		<feat xlink:href="#sSpan3397" value="·"/>
		<feat xlink:href="#sSpan3401" value="ⲁϥⲕⲱϩ"/>
		<feat xlink:href="#sSpan3411" value="ⲉⲣⲟⲓ"/>
		<feat xlink:href="#sSpan3417" value="ⲉⲙⲁⲧⲉ"/>
		<feat xlink:href="#sSpan3422" value="·"/>
		<feat xlink:href="#sSpan3426" value="ϩⲁⲡⲉⲧⲉⲓⲣⲉ"/>
		<feat xlink:href="#sSpan3437" value="ⲙ̅ⲙⲟϥ"/>
		<feat xlink:href="#sSpan3443" value="·"/>
		<feat xlink:href="#sSpan3447" value="ⲁϥⲃⲱⲕ"/>
		<feat xlink:href="#sSpan3456" value="ⲉϩⲟⲩⲛ"/>
		<feat xlink:href="#sSpan3460" value="ⲉⲩⲥϩⲓⲙⲉ"/>
		<feat xlink:href="#sSpan3470" value="·"/>
		<feat xlink:href="#sSpan3474" value="ⲙ̅ⲙⲟⲛⲁⲭⲏ"/>
		<feat xlink:href="#sSpan3481" value="ⲉⲥⲛⲏⲩ"/>
		<feat xlink:href="#sSpan3489" value="ϣⲁⲣⲟⲓ"/>
		<feat xlink:href="#sSpan3495" value="ⲉⲁⲥⲧⲁⲥⲥⲉ"/>
		<feat xlink:href="#sSpan3506" value="ⲛⲁⲓ"/>
		<feat xlink:href="#sSpan3512" value="ⲛϩⲉⲛϩⲱⲃ"/>
		<feat xlink:href="#sSpan3522" value="ⲛ̅ϭⲓϫ"/>
		<feat xlink:href="#sSpan3528" value="·"/>
		<feat xlink:href="#sSpan3532" value="ⲁⲩⲱ"/>
		<feat xlink:href="#sSpan3538" value="ⲛ̅ⲧⲉⲣⲉⲓⲟⲩⲱ̅"/>
		<feat xlink:href="#sSpan3546" value="ⲙ̅ⲙⲟⲟⲩ"/>
		<feat xlink:href="#sSpan3552" value="·"/>
		<feat xlink:href="#sSpan3556" value="ⲁⲓⲧⲁⲁⲩ"/>
		<feat xlink:href="#sSpan3567" value="ⲛⲁⲥ"/>
		<feat xlink:href="#sSpan3573" value="·"/>
		<feat xlink:href="#sSpan3577" value="ⲁⲥϫⲟⲟⲥ"/>
		<feat xlink:href="#sSpan3589" value="ⲛⲁⲓ"/>
		<feat xlink:href="#sSpan3595" value="ⲟⲛ"/>
		<feat xlink:href="#sSpan3599" value="ⲉⲧⲃⲉϩⲉⲛⲕⲟⲟⲩⲉ"/>
		<feat xlink:href="#sSpan3608" value="·"/>
		<feat xlink:href="#sSpan3612" value="ⲁⲩⲱ"/>
		<feat xlink:href="#sSpan3617" value="ⲛ̅ⲧⲉⲣⲉⲧⲥⲩⲛⲏⲑⲓⲁ"/>
		<feat xlink:href="#sSpan3627" value="ϣⲱⲡⲉ"/>
		<feat xlink:href="#sSpan3631" value="·"/>
		<feat xlink:href="#sSpan3635" value="ⲉⲧⲣⲛ̅ⲁⲡⲁⲛⲧⲁ"/>
		<feat xlink:href="#sSpan3647" value="ⲉⲛⲉⲛⲉⲣⲏⲩ"/>
		<feat xlink:href="#sSpan3656" value="·"/>
		<feat xlink:href="#sSpan3660" value="ⲁⲡϫⲁϫⲉ"/>
		<feat xlink:href="#sSpan3669" value="ⲧⲁⲁⲥ"/>
		<feat xlink:href="#sSpan3675" value="ⲉⲡⲁϩⲏⲧ"/>
		<feat xlink:href="#sSpan3684" value="·"/>
		<feat xlink:href="#sSpan3688" value="ⲉⲧⲣⲁϫⲓϩⲱⲃ"/>
		<feat xlink:href="#sSpan3703" value="ⲛ̅ϭⲓϫ"/>
		<feat xlink:href="#sSpan3710" value="ⲛ̅ⲧⲟⲟⲧⲥ̅"/>
		<feat xlink:href="#sSpan3716" value="·"/>
		<feat xlink:href="#sSpan3720" value="ⲛ̅ⲧⲉⲣⲉⲧⲡⲁⲣϩⲏⲥⲓⲁ"/>
		<feat xlink:href="#sSpan3733" value="ⲇⲉ"/>
		<feat xlink:href="#sSpan3737" value="ϣⲱⲡⲉ"/>
		<feat xlink:href="#sSpan3741" value="·"/>
		<feat xlink:href="#sSpan3745" value="ⲁⲛⲟⲩⲉⲙⲟ̅ⲉⲓⲕ"/>
		<feat xlink:href="#sSpan3756" value="ⲙⲛ̅ⲛⲉⲛⲉⲣⲏⲩ"/>
		<feat xlink:href="#sSpan3764" value="·"/>
		<feat xlink:href="#sSpan3768" value="ⲁⲩⲱ"/>
		<feat xlink:href="#sSpan3774" value="Ⲁⲩϩⲱⲃ"/>
		<feat xlink:href="#sSpan3783" value="ⲟⲩⲱⲛϩ̅"/>
		<feat xlink:href="#sSpan3787" value="ⲉⲣⲟⲛ"/>
		<feat xlink:href="#sSpan3794" value="·"/>
		<feat xlink:href="#sSpan3798" value="ⲉⲡϩⲁⲉ"/>
		<feat xlink:href="#sSpan3808" value="ⲇⲉ"/>
		<feat xlink:href="#sSpan3812" value="ⲁⲛϯⲛⲁⲁⲕⲉ"/>
		<feat xlink:href="#sSpan3822" value="ⲙ̅ⲡⲙⲟⲩ"/>
		<feat xlink:href="#sSpan3831" value="ⲁⲛϫⲡⲟ"/>
		<feat xlink:href="#sSpan3839" value="·"/>
		<feat xlink:href="#sSpan3843" value="ⲛ̅ⲧⲁⲛⲟⲙⲓⲁ"/>
		<feat xlink:href="#sSpan3854" value="·"/>
		<feat xlink:href="#sSpan3858" value="ⲛ̅ⲧⲉⲣⲉⲓϩⲉ"/>
		<feat xlink:href="#sSpan3869" value="ⲇⲉ"/>
		<feat xlink:href="#sSpan3873" value="ⲉⲃⲟⲗ"/>
		<feat xlink:href="#sSpan3877" value="ⲛⲙ̅ⲙⲁⲥ"/>
		<feat xlink:href="#sSpan3883" value="·"/>
		<feat xlink:href="#sSpan3887" value="ϩⲛ̅ⲟⲩⲙⲛ̅ⲧⲁⲑⲏⲧ"/>
		<feat xlink:href="#sSpan3900" value="·"/>
		<feat xlink:href="#sSpan3904" value="ⲁⲛϭⲱ"/>
		<feat xlink:href="#sSpan3912" value="ϩⲛ̅ϯⲁⲛⲟⲙⲓⲁ"/>
		<feat xlink:href="#sSpan3922" value="ⲛ̅ⲥⲟⲟⲩ"/>
		<feat xlink:href="#sSpan3929" value="ⲛⲉⲃⲟⲧ"/>
		<feat xlink:href="#sSpan3935" value="·"/>
		<feat xlink:href="#sSpan3939" value="Ⲙⲛ̅ⲛ̅ⲥⲱⲥ"/>
		<feat xlink:href="#sSpan3949" value="ⲁⲓⲙⲉⲉⲩⲉ"/>
		<feat xlink:href="#sSpan3958" value="ⲉⲃⲟⲗ"/>
		<feat xlink:href="#sSpan3962" value="ϩⲙ̅ⲡⲁϩⲏⲧ"/>
		<feat xlink:href="#sSpan3971" value="·"/>
		<feat xlink:href="#sSpan3975" value="ⲉⲡⲉⲛⲧⲁⲓⲁⲁϥ"/>
		<feat xlink:href="#sSpan3992" value="ⲁⲓⲣ̅ϩⲧⲏⲓ"/>
		<feat xlink:href="#sSpan4005" value="·"/>
		<feat xlink:href="#sSpan4009" value="ⲁⲓⲣⲓⲙⲉ"/>
		<feat xlink:href="#sSpan4017" value="ⲉⲙⲁⲧⲉ"/>
		<feat xlink:href="#sSpan4021" value="ⲁⲩⲱ"/>
		<feat xlink:href="#sSpan4025" value="ⲁⲓϣⲱⲡⲉ"/>
		<feat xlink:href="#sSpan4034" value="·"/>
		<feat xlink:href="#sSpan4038" value="ϩⲛ̅ⲟⲩⲁϣⲁϩⲟⲙ"/>
		<feat xlink:href="#sSpan4050" value="ⲁⲓⲙⲉⲉⲩⲉ"/>
		<feat xlink:href="#sSpan4061" value="ⲉⲃⲟⲗ"/>
		<feat xlink:href="#sSpan4065" value="ϩⲙ̅ⲡⲁϩⲏⲧ"/>
		<feat xlink:href="#sSpan4074" value="ⲉⲡⲉⲛⲧⲁⲓⲁⲁϥ"/>
		<feat xlink:href="#sSpan4092" value="ⲁⲓⲣ̅"/>
		<feat xlink:href="#sSpan4100" value="ϩⲧⲏⲓ"/>
		<feat xlink:href="#sSpan4106" value="·"/>
		<feat xlink:href="#sSpan4110" value="ⲁⲓⲣⲓⲙⲉ"/>
		<feat xlink:href="#sSpan4118" value="ⲉⲙⲁⲧⲉ"/>
		<feat xlink:href="#sSpan4122" value="·"/>
		<feat xlink:href="#sSpan4126" value="ⲁⲩⲱ"/>
		<feat xlink:href="#sSpan4130" value="ⲁⲓϣⲱⲡⲉ"/>
		<feat xlink:href="#sSpan4138" value="ⲉⲓϣⲟⲟⲡ"/>
		<feat xlink:href="#sSpan4147" value="ϩⲛ̅ⲟⲩⲁϣⲁϩⲟⲙ"/>
		<feat xlink:href="#sSpan4158" value="·"/>
		<feat xlink:href="#sSpan4162" value="ⲁⲓⲙⲉⲉⲩⲉ"/>
		<feat xlink:href="#sSpan4173" value="ⲉⲃⲟⲗ"/>
		<feat xlink:href="#sSpan4177" value="ϩⲙ̅ⲡⲁϩⲏⲧ"/>
		<feat xlink:href="#sSpan4188" value="·"/>
		<feat xlink:href="#sSpan4192" value="ⲙⲁⲩⲁⲁⲧ"/>
		<feat xlink:href="#sSpan4198" value="ϫⲉⲕⲁⲛ"/>
		<feat xlink:href="#sSpan4206" value="ⲡⲟⲟⲩ"/>
		<feat xlink:href="#sSpan4213" value="ⲕⲁⲛ"/>
		<feat xlink:href="#sSpan4217" value="ⲣⲁⲥⲧⲉ"/>
		<feat xlink:href="#sSpan4221" value="ⲧⲛⲁⲙⲟⲩ"/>
		<feat xlink:href="#sSpan4230" value="ⲁⲩⲱ"/>
		<feat xlink:href="#sSpan4234" value="ⲥⲉⲛⲁⲕⲟⲗⲁⲍⲉ"/>
		<feat xlink:href="#sSpan4243" value="ⲙ̅ⲙⲟⲛ"/>
		<feat xlink:href="#sSpan4249" value="ϩⲛ̅ⲕⲟⲗⲁⲥⲓⲥ"/>
		<feat xlink:href="#sSpan4257" value="ⲉⲩⲛⲁϣⲧ̅"/>
		<feat xlink:href="#sSpan4266" value="·"/>
		<feat xlink:href="#sSpan4270" value="ⲡϭⲁϩϭϩ̅"/>
		<feat xlink:href="#sSpan4277" value="ⲛ̅ⲛ̅ⲟⲃϩⲉ"/>
		<feat xlink:href="#sSpan4286" value="ⲁⲩⲱ"/>
		<feat xlink:href="#sSpan4290" value="ⲡⲕⲁⲕⲉ"/>
		<feat xlink:href="#sSpan4297" value="ⲉⲧϩⲓⲃⲟⲗ"/>
		<feat xlink:href="#sSpan4303" value="·"/>
		<feat xlink:href="#sSpan4307" value="ⲡⲕⲱϩⲧ̅"/>
		<feat xlink:href="#sSpan4315" value="ⲛ̅ⲁⲧⲱϣⲙ̅"/>
		<feat xlink:href="#sSpan4323" value="·"/>
		<feat xlink:href="#sSpan4327" value="ⲙⲛ̅ⲡϥⲛ̅ⲧ̅"/>
		<feat xlink:href="#sSpan4336" value="ⲛ̅ⲁⲧⲛ̅ⲕⲟⲧ̅ⲕ̅"/>
		<feat xlink:href="#sSpan4344" value="·"/>
		<feat xlink:href="#sSpan4348" value="ⲉⲧⲟⲩⲱⲙ"/>
		<feat xlink:href="#sSpan4355" value="ⲛ̅ⲥⲁⲧⲉⲯⲩⲭⲏ"/>
		<feat xlink:href="#sSpan4365" value="·"/>
		<feat xlink:href="#sSpan4369" value="ⲧⲱⲟⲩⲛ"/>
		<feat xlink:href="#sSpan4375" value="ⲙⲁⲣⲟⲛ"/>
		<feat xlink:href="#sSpan4381" value="ⲉⲃⲟⲗ"/>
		<feat xlink:href="#sSpan4385" value="ϩⲙ̅ⲡⲉⲓⲙⲁ"/>
		<feat xlink:href="#sSpan4395" value="·"/>
		<feat xlink:href="#sSpan4399" value="ⲙⲁⲣⲟⲛ"/>
		<feat xlink:href="#sSpan4407" value="ⲉⲡϫⲁⲓⲉ"/>
		<feat xlink:href="#sSpan4416" value="·"/>
		<feat xlink:href="#sSpan4420" value="Ⲁⲛⲟⲕ"/>
		<feat xlink:href="#sSpan4429" value="ⲇⲉ"/>
		<feat xlink:href="#sSpan4433" value="ⲁⲓⲣ̅ϩⲛⲁⲓ"/>
		<feat xlink:href="#sSpan4445" value="ⲙⲡⲱⲧ"/>
		<feat xlink:href="#sSpan4451" value="ⲛ̅ⲧⲟⲟⲧϥ̅"/>
		<feat xlink:href="#sSpan4457" value="ⲙⲡⲛⲟⲃⲉ"/>
		<feat xlink:href="#sSpan4466" value="·"/>
		<feat xlink:href="#sSpan4470" value="ⲁⲓⲧⲱⲟⲩⲛ"/>
		<feat xlink:href="#sSpan4481" value="ⲁⲓⲉⲓ"/>
		<feat xlink:href="#sSpan4490" value="ⲉⲃⲟⲗ"/>
		<feat xlink:href="#sSpan4494" value="·"/>
		<feat xlink:href="#sSpan4498" value="ⲁⲓⲃⲱⲕ"/>
		<feat xlink:href="#sSpan4507" value="ⲉϯⲉⲣⲏⲙⲓⲁ"/>
		<feat xlink:href="#sSpan4517" value="·"/>
		<feat xlink:href="#sSpan4521" value="ⲁⲩⲱ"/>
		<feat xlink:href="#sSpan4527" value="ⲁⲓⲗⲟ"/>
		<feat xlink:href="#sSpan4537" value="ϩⲁϩⲛⲁⲩ"/>
		<feat xlink:href="#sSpan4544" value="ⲛⲓⲙ"/>
		<feat xlink:href="#sSpan4548" value="·"/>
		<feat xlink:href="#sSpan4552" value="ⲛ̅ⲧⲉⲧⲉⲥϩⲓⲙⲉ"/>
		<feat xlink:href="#sSpan4561" value="ⲉⲧⲙ̅ⲙⲁⲩ"/>
		<feat xlink:href="#sSpan4567" value="·"/>
		<feat xlink:href="#sSpan4571" value="ⲁⲓϭⲓⲛⲉ"/>
		<feat xlink:href="#sSpan4582" value="ⲛ̅ⲧⲓⲡⲩⲅⲏ"/>
		<feat xlink:href="#sSpan4591" value="ⲙ̅ⲙⲟⲟⲩ"/>
		<feat xlink:href="#sSpan4598" value="ⲙⲛ̅ⲧⲉⲓⲃⲛ̅ⲛⲉ"/>
		<feat xlink:href="#sSpan4607" value="ⲙⲛ̅ⲡⲉⲓⲥⲡⲩⲗⲁⲓⲟⲛ"/>
		<feat xlink:href="#sSpan4617" value="·"/>
		<feat xlink:href="#sSpan4621" value="ϣⲁⲣⲉⲧⲉⲓⲃⲛ̅ⲛⲉ"/>
		<feat xlink:href="#sSpan4632" value="ⲧⲁⲩⲉⲙⲛ̅ⲧ̅ⲥⲛⲟⲟⲩⲥ"/>
		<feat xlink:href="#sSpan4641" value="ⲛ̅ⲗⲟⲟⲩ"/>
		<feat xlink:href="#sSpan4648" value="ⲛⲃⲛ̅ⲛⲉ"/>
		<feat xlink:href="#sSpan4654" value="·"/>
		<feat xlink:href="#sSpan4659" value="ⲕⲁⲧⲁⲣⲟⲙⲡⲉ"/>
		<feat xlink:href="#sSpan4666" value="·"/>
		<feat xlink:href="#sSpan4671" value="ⲟⲩⲗⲟⲟⲩ"/>
		<feat xlink:href="#sSpan4678" value="ⲕⲁⲧⲁⲉⲃⲟⲧ"/>
		<feat xlink:href="#sSpan4686" value="·"/>
		<feat xlink:href="#sSpan4690" value="ⲡⲉⲓⲗⲟⲟⲩ"/>
		<feat xlink:href="#sSpan4699" value="ϭⲉ"/>
		<feat xlink:href="#sSpan4703" value="ⲛ̅ⲃⲛ̅ⲛⲉ"/>
		<feat xlink:href="#sSpan4710" value="ϣⲁϥⲣⲱϣⲉ"/>
		<feat xlink:href="#sSpan4718" value="ⲉⲣⲟⲓ"/>
		<feat xlink:href="#sSpan4725" value="ⲕⲁⲧⲁⲉⲃⲟⲧ"/>
		<feat xlink:href="#sSpan4733" value="·"/>
		<feat xlink:href="#sSpan4737" value="ⲙⲛ̅ⲗⲁⲁⲩ"/>
		<feat xlink:href="#sSpan4746" value="ϭⲉ"/>
		<feat xlink:href="#sSpan4750" value="ϣⲟⲟⲡ"/>
		<feat xlink:href="#sSpan4754" value="ⲛⲁⲓ"/>
		<feat xlink:href="#sSpan4761" value="ⲟⲩⲇⲉ"/>
		<feat xlink:href="#sSpan4766" value="ϩⲃ̅ⲥⲱ"/>
		<feat xlink:href="#sSpan4770" value="·"/>
		<feat xlink:href="#sSpan4775" value="ⲟⲩⲇⲉ"/>
		<feat xlink:href="#sSpan4781" value="ⲧⲣⲟⲫⲏ"/>
		<feat xlink:href="#sSpan4786" value="ⲛⲟⲉⲓⲕ"/>
		<feat xlink:href="#sSpan4792" value="·"/>
		<feat xlink:href="#sSpan4797" value="ⲡⲁϥⲱ"/>
		<feat xlink:href="#sSpan4806" value="ⲇⲉ"/>
		<feat xlink:href="#sSpan4810" value="ⲁϥⲁⲩⲝⲁⲛⲉ"/>
		<feat xlink:href="#sSpan4819" value="·"/>
		<feat xlink:href="#sSpan4823" value="ⲁⲩⲱ"/>
		<feat xlink:href="#sSpan4828" value="ⲛⲁϩⲟⲓⲧⲉ"/>
		<feat xlink:href="#sSpan4835" value="ⲁⲩⲧⲁⲕⲟ"/>
		<feat xlink:href="#sSpan4843" value="ⲉⲡⲧⲏⲣϥ̅"/>
		<feat xlink:href="#sSpan4851" value="·"/>
		<feat xlink:href="#sSpan4855" value="ⲁⲓϩⲱⲃⲥ̅"/>
		<feat xlink:href="#sSpan4865" value="ϭⲉ"/>
		<feat xlink:href="#sSpan4869" value="ⲙ̅ⲡⲙⲁ"/>
		<feat xlink:href="#sSpan4878" value="ⲉⲧⲉϣϣⲉ"/>
		<feat xlink:href="#sSpan4885" value="·"/>
		<feat xlink:href="#sSpan4889" value="ⲉϩⲟⲃⲥϥ̅"/>
		<feat xlink:href="#sSpan4897" value="ϩⲙ̅ⲡⲁϥⲱ"/>
		<feat xlink:href="#sSpan4906" value="·"/>
		<feat xlink:href="#sSpan4910" value="ⲁⲩⲱ"/>
		<feat xlink:href="#sSpan4916" value="ⲉⲓⲥ"/>
		<feat xlink:href="#sSpan4920" value="ⲙⲁⲁⲃⲉ"/>
		<feat xlink:href="#sSpan4925" value="ⲛ̅ⲣⲟⲙⲡⲉ"/>
		<feat xlink:href="#sSpan4932" value="·"/>
		<feat xlink:href="#sSpan4936" value="ϫⲓⲛⲧⲁⲓⲉⲓ"/>
		<feat xlink:href="#sSpan4949" value="ⲉⲡⲉⲓⲙⲁ"/>
		<feat xlink:href="#sSpan4958" value="·"/>
		<feat xlink:href="#sSpan4962" value="ⲉⲣⲉⲡⲁⲏⲣ"/>
		<feat xlink:href="#sSpan4972" value="ϯ"/>
		<feat xlink:href="#sSpan4976" value="ⲛⲁⲓ"/>
		<feat xlink:href="#sSpan4982" value="ⲛ̅ⲟⲩⲕⲣⲁⲥⲓⲥ"/>
		<feat xlink:href="#sSpan4993" value="·"/>
		<feat xlink:href="#sSpan4997" value="ⲉⲥϣⲏϣ"/>
		<feat xlink:href="#sSpan5005" value="ⲁⲩⲱ"/>
		<feat xlink:href="#sSpan5009" value="ⲙ̅ⲡⲉⲓⲟⲩⲉⲙⲟ̅ⲉⲓⲕ"/>
		<feat xlink:href="#sSpan5019" value="ⲉⲡⲧⲏⲣϥ̅"/>
		<feat xlink:href="#sSpan5028" value="·"/>
		<feat xlink:href="#sSpan5032" value="ⲁⲓϫⲛⲟⲩϥ"/>
		<feat xlink:href="#sSpan5044" value="ϫⲉⲁⲣⲁ"/>
		<feat xlink:href="#sSpan5051" value="ⲧⲁⲣⲭⲏ"/>
		<feat xlink:href="#sSpan5059" value="·"/>
		<feat xlink:href="#sSpan5063" value="ⲛ̅ⲧⲁⲕⲉⲓ"/>
		<feat xlink:href="#sSpan5074" value="ⲉⲡⲉⲓⲙⲁ"/>
		<feat xlink:href="#sSpan5084" value="ⲁⲕϩⲓⲥⲉ"/>
		<feat xlink:href="#sSpan5092" value="ⲧⲱⲛⲟⲩ"/>
		<feat xlink:href="#sSpan5096" value="·"/>
		<feat xlink:href="#sSpan5100" value="ⲡⲉϫⲁϥ"/>
		<feat xlink:href="#sSpan5108" value="ⲛⲁⲓ"/>
		<feat xlink:href="#sSpan5114" value="·"/>
		<feat xlink:href="#sSpan5118" value="ϫⲉⲁϩⲉ"/>
		<feat xlink:href="#sSpan5124" value="ⲁⲓϩⲓⲥⲉ"/>
		<feat xlink:href="#sSpan5132" value="ⲧⲱⲛⲟⲩ"/>
		<feat xlink:href="#sSpan5137" value="·"/>
		<feat xlink:href="#sSpan5142" value="ⲱ"/>
		<feat xlink:href="#sSpan5147" value="ⲡⲁϣⲏⲣⲉ"/>
		<feat xlink:href="#sSpan5153" value="·"/>
		<feat xlink:href="#sSpan5158" value="ϩⲱⲥⲧⲉ"/>
		<feat xlink:href="#sSpan5162" value="ⲛ̅ⲛⲁϣⲛⲟϫⲧ̅"/>
		<feat xlink:href="#sSpan5174" value="·"/>
		<feat xlink:href="#sSpan5178" value="ⲉⲡⲕⲁϩ"/>
		<feat xlink:href="#sSpan5187" value="ⲉⲧⲃⲉⲡⲙ̅ⲕⲁϩ"/>
		<feat xlink:href="#sSpan5197" value="ⲛ̅ϩⲏⲧ"/>
		<feat xlink:href="#sSpan5203" value="·"/>
		<feat xlink:href="#sSpan5208" value="ϩⲱⲥⲧⲉ"/>
		<feat xlink:href="#sSpan5212" value="ⲛ̅ⲛⲁⲉϣⲛⲟϫⲧ̅"/>
		<feat xlink:href="#sSpan5224" value="·"/>
		<feat xlink:href="#sSpan5228" value="ⲉⲡⲕⲁϩ"/>
		<feat xlink:href="#sSpan5237" value="ⲉⲧⲃⲉⲡⲙ̅ⲕⲁϩ"/>
		<feat xlink:href="#sSpan5247" value="ⲛ̅ϩⲏⲧ"/>
		<feat xlink:href="#sSpan5253" value="·"/>
		<feat xlink:href="#sSpan5257" value="ⲉⲓⲱϣ"/>
		<feat xlink:href="#sSpan5266" value="ⲉϩⲣⲁⲓ"/>
		<feat xlink:href="#sSpan5270" value="ⲉⲡϫ̅ⲥ̅"/>
		<feat xlink:href="#sSpan5279" value="ⲉⲧⲃⲉⲛⲁⲛⲟⲃⲉ"/>
		<feat xlink:href="#sSpan5289" value="ⲉⲧⲟϣ"/>
		<feat xlink:href="#sSpan5295" value="·"/>
		<feat xlink:href="#sSpan5299" value="Ⲁⲓϩⲓⲥⲉ"/>
		<feat xlink:href="#sSpan5312" value="ⲇⲉ"/>
		<feat xlink:href="#sSpan5317" value="ⲟⲛ"/>
		<feat xlink:href="#sSpan5321" value="ϩⲛ̅ⲟⲩⲛⲟϭ"/>
		<feat xlink:href="#sSpan5330" value="ⲙ̅ⲙⲟⲕϩ̅ⲥ̅"/>
		<feat xlink:href="#sSpan5336" value="·"/>
		<feat xlink:href="#sSpan5340" value="ⲉⲧⲃⲉⲡⲉⲧⲕⲁⲥ"/>
		<feat xlink:href="#sSpan5349" value="ⲉⲧϩⲓϫⲱⲓ"/>
		<feat xlink:href="#sSpan5358" value="ⲁⲓϭⲱϣⲧ̅"/>
		<feat xlink:href="#sSpan5369" value="ⲇⲉ"/>
		<feat xlink:href="#sSpan5373" value="ⲁⲓⲛⲁⲩ"/>
		<feat xlink:href="#sSpan5381" value="ⲉⲩⲣⲱⲙⲉ"/>
		<feat xlink:href="#sSpan5390" value="ⲉϥϩⲁⲉⲟⲟⲩ"/>
		<feat xlink:href="#sSpan5400" value="ⲉⲙⲁⲧⲉ"/>
		<feat xlink:href="#sSpan5405" value="ⲁϥⲁϩⲉⲣⲁⲧϥ̅"/>
		<feat xlink:href="#sSpan5417" value="ϩⲁϩⲧⲏⲓ"/>
		<feat xlink:href="#sSpan5423" value="ⲡⲉϫⲁϥ"/>
		<feat xlink:href="#sSpan5431" value="ⲛⲁⲓ"/>
		<feat xlink:href="#sSpan5437" value="ϫⲉⲉⲕϣⲱⲛⲉ"/>
		<feat xlink:href="#sSpan5449" value="ⲉⲟⲩ"/>
		<feat xlink:href="#sSpan5455" value="·"/>
		<feat xlink:href="#sSpan5459" value="ⲁⲛⲟⲕ"/>
		<feat xlink:href="#sSpan5466" value="ⲇⲉ"/>
		<feat xlink:href="#sSpan5470" value="ⲁⲧⲁϭⲟⲙ"/>
		<feat xlink:href="#sSpan5479" value="ⲉⲓ"/>
		<feat xlink:href="#sSpan5483" value="ⲉⲣⲟⲓ"/>
		<feat xlink:href="#sSpan5489" value="ⲛ̅ⲟⲩⲕⲟⲩⲓ"/>
		<feat xlink:href="#sSpan5497" value="ⲡⲉϫⲁⲓ"/>
		<feat xlink:href="#sSpan5504" value="ⲛⲁϥ"/>
		<feat xlink:href="#sSpan5510" value="·"/>
		<feat xlink:href="#sSpan5514" value="ϫⲉⲡϫ̅ⲥ̅"/>
		<feat xlink:href="#sSpan5523" value="ⲉⲓϣⲓⲛⲉ"/>
		<feat xlink:href="#sSpan5532" value="ⲉⲡⲁϩⲏⲡⲁⲣ"/>
		<feat xlink:href="#sSpan5542" value="·"/>
		<feat xlink:href="#sSpan5546" value="ⲡⲉϫⲁϥ"/>
		<feat xlink:href="#sSpan5554" value="ⲛⲁⲓ"/>
		<feat xlink:href="#sSpan5561" value="ϫⲉⲙⲁ"/>
		<feat xlink:href="#sSpan5567" value="ⲧⲥⲁⲃⲟⲓ"/>
		<feat xlink:href="#sSpan5573" value="ⲉⲡⲙⲁ"/>
		<feat xlink:href="#sSpan5582" value="ⲉⲧⲕ̅ϣⲱⲛⲉ"/>
		<feat xlink:href="#sSpan5590" value="ⲉⲣⲟϥ"/>
		<feat xlink:href="#sSpan5596" value="·"/>
		<feat xlink:href="#sSpan5600" value="ⲁⲓⲧⲥⲁⲃⲟϥ"/>
		<feat xlink:href="#sSpan5614" value="ⲇⲉ"/>
		<feat xlink:href="#sSpan5618" value="ⲉⲡⲁϩⲏⲡⲁⲣ"/>
		<feat xlink:href="#sSpan5628" value="ⲉⲧϣⲱⲛⲉ"/>
		<feat xlink:href="#sSpan5634" value="·"/>
		<feat xlink:href="#sSpan5638" value="ⲁϥⲥⲟⲃⲧⲛ̅"/>
		<feat xlink:href="#sSpan5648" value="ⲛ̅ⲧϥ̅ϭⲓϫ"/>
		<feat xlink:href="#sSpan5657" value="ⲉⲃⲟⲗ"/>
		<feat xlink:href="#sSpan5662" value="ⲉⲣⲟⲓ"/>
		<feat xlink:href="#sSpan5668" value="ⲉⲣⲉⲛϥ̅ⲧⲏⲏⲃⲉ"/>
		<feat xlink:href="#sSpan5677" value="ⲧⲁⲗⲏⲩ"/>
		<feat xlink:href="#sSpan5681" value="ⲉϫⲛ̅ⲛⲉⲩⲉⲣⲏⲩ"/>
		<feat xlink:href="#sSpan5689" value="ⲁϥⲡⲉϩⲡⲁⲥⲡⲓⲣ"/>
		<feat xlink:href="#sSpan5703" value="ⲛ̅ⲑⲉ"/>
		<feat xlink:href="#sSpan5711" value="ⲛ̅ⲟⲩⲥⲏϥⲉ"/>
		<feat xlink:href="#sSpan5720" value="·"/>
		<feat xlink:href="#sSpan5724" value="ⲁⲩⲱ"/>
		<feat xlink:href="#sSpan5728" value="ⲁϥⲉⲓⲛⲉ"/>
		<feat xlink:href="#sSpan5737" value="ⲉⲃⲟⲗ"/>
		<feat xlink:href="#sSpan5741" value="ⲙ̅ⲡⲁϩⲏⲡⲁⲣ"/>
		<feat xlink:href="#sSpan5753" value="ⲁϥⲧⲥⲁⲃⲟⲓ"/>
		<feat xlink:href="#sSpan5763" value="ⲉⲛⲉⲡⲗⲩⲅⲏ"/>
		<feat xlink:href="#sSpan5773" value="·"/>
		<feat xlink:href="#sSpan5777" value="ⲉⲩϩⲓⲱⲱϥ"/>
		<feat xlink:href="#sSpan5787" value="·"/>
		<feat xlink:href="#sSpan5791" value="ⲁϥϩⲟⲕⲟⲩ"/>
		<feat xlink:href="#sSpan5804" value="ⲁϥϯ"/>
		<feat xlink:href="#sSpan5812" value="ⲛ̅ⲛⲉⲩⲟⲩⲁⲙⲟⲙⲉ"/>
		<feat xlink:href="#sSpan5821" value="ⲉⲩⲧⲟⲉⲓⲥ"/>
		<feat xlink:href="#sSpan5830" value="·"/>
		<feat xlink:href="#sSpan5834" value="ⲁϥϯ"/>
		<feat xlink:href="#sSpan5842" value="ⲟⲛ"/>
		<feat xlink:href="#sSpan5846" value="ⲙ̅ⲡⲁϩⲏⲡⲁⲣ"/>
		<feat xlink:href="#sSpan5857" value="·"/>
		<feat xlink:href="#sSpan5861" value="ⲉⲡⲉϥⲙⲁ"/>
		<feat xlink:href="#sSpan5870" value="ⲛ̅ⲕⲉⲥⲟⲡ"/>
		<feat xlink:href="#sSpan5879" value="·"/>
		<feat xlink:href="#sSpan5883" value="ⲁⲩⲱ"/>
		<feat xlink:href="#sSpan5889" value="ⲁϥⲥⲗⲟϭⲗϭ̅"/>
		<feat xlink:href="#sSpan5898" value="ⲉϫⲙ̅ⲡⲁⲥⲱⲙⲁ"/>
		<feat xlink:href="#sSpan5908" value="ϩⲛ̅ⲛϥ̅ϭⲓϫ"/>
		<feat xlink:href="#sSpan5917" value="·"/>
		<feat xlink:href="#sSpan5921" value="ⲁϥⲧⲱϭⲉ"/>
		<feat xlink:href="#sSpan5929" value="ⲙ̅ⲡⲙⲁ"/>
		<feat xlink:href="#sSpan5939" value="ⲛ̅ⲧⲁϥⲡⲁϩϥ̅"/>
		<feat xlink:href="#sSpan5951" value="ⲉϫⲛ̅ⲛϥ̅ⲉⲣⲏⲩ"/>
		<feat xlink:href="#sSpan5959" value="·"/>
		<feat xlink:href="#sSpan5963" value="ⲡⲉϫⲁϥ"/>
		<feat xlink:href="#sSpan5971" value="ⲛⲁⲓ"/>
		<feat xlink:href="#sSpan5977" value="ϫⲉⲉⲓⲥϩⲏⲏⲧⲉ"/>
		<feat xlink:href="#sSpan5987" value="ⲁⲕⲟⲩϫⲁⲓ"/>
		<feat xlink:href="#sSpan5995" value="ⲙ̅ⲡⲣ̅ⲕⲟⲧⲕ̅"/>
		<feat xlink:href="#sSpan6003" value="ⲉⲣ̅ⲛⲟⲃⲉ"/>
		<feat xlink:href="#sSpan6011" value="ϫⲉⲛ̅ⲛⲉⲡⲉⲑⲟⲟⲩ"/>
		<feat xlink:href="#sSpan6025" value="ⲉⲡⲁⲓ"/>
		<feat xlink:href="#sSpan6032" value="ϣⲱⲡⲉ"/>
		<feat xlink:href="#sSpan6036" value="ⲙ̅ⲙⲟⲕ"/>
		<feat xlink:href="#sSpan6042" value="·"/>
		<feat xlink:href="#sSpan6047" value="ⲁⲗⲗⲁ"/>
		<feat xlink:href="#sSpan6052" value="ⲁⲣⲓϩⲙ̅ϩⲁⲗ"/>
		<feat xlink:href="#sSpan6057" value="ⲙ̅ⲡϫ̅ⲥ̅"/>
		<feat xlink:href="#sSpan6067" value="·"/>
		<feat xlink:href="#sSpan6072" value="ϫⲓⲛⲧⲉⲛⲟⲩ"/>
		<feat xlink:href="#sSpan6078" value="ϣⲁⲉⲛⲉϩ"/>
		<feat xlink:href="#sSpan6085" value="·"/>
		<feat xlink:href="#sSpan6089" value="ϫⲓⲛⲡⲉϩⲟⲟⲩ"/>
		<feat xlink:href="#sSpan6100" value="ⲉⲧⲙ̅ⲙⲁⲩ"/>
		<feat xlink:href="#sSpan6107" value="ⲁⲛⲉⲧⲙ̅ⲡⲁⲥⲁ"/>
		<feat xlink:href="#sSpan6125" value="ⲛϩⲟⲩⲛ"/>
		<feat xlink:href="#sSpan6129" value="ⲧⲏⲣⲟⲩ"/>
		<feat xlink:href="#sSpan6135" value="·"/>
		<feat xlink:href="#sSpan6139" value="ⲟⲩϫⲁⲓ"/>
		<feat xlink:href="#sSpan6143" value="ⲁⲩⲱ"/>
		<feat xlink:href="#sSpan6147" value="ⲁⲓⲗⲟ"/>
		<feat xlink:href="#sSpan6157" value="ⲉⲓϣⲱⲛⲉ"/>
		<feat xlink:href="#sSpan6165" value="ⲉⲡⲁϩⲏⲡⲁⲣ"/>
		<feat xlink:href="#sSpan6175" value="·"/>
		<feat xlink:href="#sSpan6179" value="ϯϣⲟⲟⲡ"/>
		<feat xlink:href="#sSpan6187" value="ϩⲙ̅ⲡⲉⲓⲙⲁ"/>
		<feat xlink:href="#sSpan6196" value="ⲛ̅ϫⲁⲓⲉ"/>
		<feat xlink:href="#sSpan6204" value="ⲭⲱⲣⲓⲥϩⲓⲥⲉ"/>
		<feat xlink:href="#sSpan6211" value="·"/>
		<feat xlink:href="#sSpan6215" value="ⲁϥⲧⲥⲁⲃⲟⲓ"/>
		<feat xlink:href="#sSpan6228" value="ⲇⲉ"/>
		<feat xlink:href="#sSpan6232" value="ⲉⲧⲧⲟⲉⲓⲥ"/>
		<feat xlink:href="#sSpan6241" value="ⲉⲧⲉⲣⲉⲛ̅ⲟⲩⲁⲙⲟⲙⲉ"/>
		<feat xlink:href="#sSpan6253" value="ϩⲓⲱⲱⲥ"/>
		<feat xlink:href="#sSpan6259" value="·"/>
		<feat xlink:href="#sSpan6263" value="ⲁⲓⲕⲱⲣϣ̅"/>
		<feat xlink:href="#sSpan6274" value="ⲇⲉ"/>
		<feat xlink:href="#sSpan6278" value="ⲉⲣⲟϥ"/>
		<feat xlink:href="#sSpan6284" value="ⲉⲧⲣⲉϥⲕⲁⲁⲧ"/>
		<feat xlink:href="#sSpan6295" value="ϩⲙ̅ⲡⲉ[ⲥ]ⲡⲩⲗⲁⲓⲟⲛ"/>
		<feat xlink:href="#sSpan6304" value="·"/>
		<feat xlink:href="#sSpan6308" value="ⲛ̅ⲧⲁⲓⲛⲁⲩ"/>
		<feat xlink:href="#sSpan6318" value="ⲉⲣⲟϥ"/>
		<feat xlink:href="#sSpan6324" value="ⲛ̅ϣⲟⲣⲡ̅"/>
		<feat xlink:href="#sSpan6330" value="·"/>
		<feat xlink:href="#sSpan6334" value="ⲡⲉϫⲁϥ"/>
		<feat xlink:href="#sSpan6343" value="ⲛⲁⲓ"/>
		<feat xlink:href="#sSpan6349" value="ϫⲉⲛ̅ⲧⲕ̅ϭⲟⲙ"/>
		<feat xlink:href="#sSpan6357" value="ⲁⲛ"/>
		<feat xlink:href="#sSpan6361" value="ⲧⲉ"/>
		<feat xlink:href="#sSpan6365" value="ⲉⲧⲱⲟⲩⲛ"/>
		<feat xlink:href="#sSpan6372" value="ϩⲁⲑⲟⲣⲙⲏ"/>
		<feat xlink:href="#sSpan6382" value="ⲛ̅ⲛ̅ⲇⲁⲓⲙⲱⲛ"/>
		<feat xlink:href="#sSpan6393" value="ⲁⲩⲱ"/>
		<feat xlink:href="#sSpan6397" value="ⲁⲓϭⲱⲣϣ̅"/>
		<feat xlink:href="#sSpan6405" value="ⲉⲣⲟϥ"/>
		<feat xlink:href="#sSpan6411" value="ⲉⲧⲣⲉϥϫⲱ"/>
		<feat xlink:href="#sSpan6421" value="ⲉⲣⲟⲓ̅"/>
		<feat xlink:href="#sSpan6427" value="ⲙ̅ⲡⲉϥⲣⲁⲛ"/>
		<feat xlink:href="#sSpan6437" value="·"/>
		<feat xlink:href="#sSpan6441" value="ⲛ̅ⲧⲟϥ"/>
		<feat xlink:href="#sSpan6448" value="ⲇⲉ"/>
		<feat xlink:href="#sSpan6452" value="ⲡⲉϫⲁϥ"/>
		<feat xlink:href="#sSpan6458" value="ⲛⲁⲓ"/>
		<feat xlink:href="#sSpan6464" value="ϫⲉϯⲙⲟⲑⲉⲟⲥ"/>
		<feat xlink:href="#sSpan6471" value="ⲡⲉ"/>
		<feat xlink:href="#sSpan6477" value="ⲡⲣⲁⲛ"/>
		<feat xlink:href="#sSpan6483" value="Ⲁⲣⲓⲡⲁⲙⲉⲉⲩⲉ"/>
		<feat xlink:href="#sSpan6494" value="ϭⲉ"/>
		<feat xlink:href="#sSpan6499" value="ⲱ̅"/>
		<feat xlink:href="#sSpan6503" value="ⲡⲁⲥⲟⲛ"/>
		<feat xlink:href="#sSpan6510" value="ⲙ̅ⲙⲉⲣⲓⲧ"/>
		<feat xlink:href="#sSpan6516" value="ⲛ̅ⲧⲉⲡϫ̅ⲥ̅"/>
		<feat xlink:href="#sSpan6526" value="ϫⲟⲕ̅ⲧ̅"/>
		<feat xlink:href="#sSpan6532" value="ⲉⲃⲟⲗ"/>
		<feat xlink:href="#sSpan6536" value="ϩⲙ̅ⲡⲁⲅⲱⲛ"/>
		<feat xlink:href="#sSpan6546" value="ⲉⲧⲛⲁⲛⲟⲩϥ"/>
		<feat xlink:href="#sSpan6554" value="ⲛ̅ⲧⲁϥⲧⲁϩⲙⲉⲧ"/>
		<feat xlink:href="#sSpan6567" value="ⲉⲣⲟϥ"/>
		<feat xlink:href="#sSpan6573" value="·"/>
		<feat xlink:href="#sSpan6577" value="Ⲁⲛⲟⲕ"/>
		<feat xlink:href="#sSpan6586" value="ⲇⲉ"/>
		<feat xlink:href="#sSpan6590" value="ⲁⲓⲡⲁϩⲧ̅"/>
		<feat xlink:href="#sSpan6598" value="ϩⲁⲛⲉϥⲟⲩⲣⲏⲏⲧⲉ"/>
		<feat xlink:href="#sSpan6607" value="ϫⲉⲉϥⲛⲁⲣ̅ⲡⲁⲙⲉⲉⲩⲉ"/>
		<feat xlink:href="#sSpan6625" value="ⲛϥ̅ⲥⲙⲟⲩ"/>
		<feat xlink:href="#sSpan6633" value="ⲉⲣⲟⲓ"/>
		<feat xlink:href="#sSpan6639" value="·"/>
		<feat xlink:href="#sSpan6643" value="ⲛ̅ⲧⲟϥ"/>
		<feat xlink:href="#sSpan6650" value="ⲇⲉ"/>
		<feat xlink:href="#sSpan6654" value="ⲁϥⲥⲙⲟⲩ"/>
		<feat xlink:href="#sSpan6662" value="ⲉⲣⲟⲓ"/>
		<feat xlink:href="#sSpan6668" value="ⲉϥϫⲱ"/>
		<feat xlink:href="#sSpan6677" value="ⲙ̅ⲙⲟⲥ"/>
		<feat xlink:href="#sSpan6683" value="ϫⲉⲉⲣⲉⲡϫ̅ⲥ̅"/>
		<feat xlink:href="#sSpan6694" value="ⲥⲙⲟⲩ"/>
		<feat xlink:href="#sSpan6698" value="ⲉⲣⲟⲕ"/>
		<feat xlink:href="#sSpan6704" value="·"/>
		<feat xlink:href="#sSpan6708" value="ⲛϥ̅ⲛⲁϩⲙⲉⲕ"/>
		<feat xlink:href="#sSpan6719" value="ⲛ̅ϭⲟⲣϭⲥ̅"/>
		<feat xlink:href="#sSpan6726" value="ⲙ̅ⲡⲇⲓⲁⲃⲟⲗⲟⲥ"/>
		<feat xlink:href="#sSpan6736" value="ⲁⲩⲱ"/>
		<feat xlink:href="#sSpan6740" value="ⲛϥ̅ⲕⲁⲁⲕ"/>
		<feat xlink:href="#sSpan6750" value="ϩⲛ̅ⲛⲉϥϩⲓⲟⲟⲩⲉ"/>
		<feat xlink:href="#sSpan6760" value="ⲧⲏⲣⲟⲩ"/>
		<feat xlink:href="#sSpan6766" value="ⲉⲧⲛⲁⲛⲱⲟⲩ"/>
		<feat xlink:href="#sSpan6774" value="ⲛⲟⲩⲟⲉⲓϣ"/>
		<feat xlink:href="#sSpan6782" value="ⲛⲓⲙ"/>
		<feat xlink:href="#sSpan6786" value="·"/>
		<feat xlink:href="#sSpan6790" value="ⲉⲕⲡⲏⲧ"/>
		<feat xlink:href="#sSpan6799" value="ⲉⲣⲁⲧⲟⲩ"/>
		<feat xlink:href="#sSpan6805" value="ⲛ̅ⲛⲉⲧⲟⲩⲁⲁⲃ"/>
		<feat xlink:href="#sSpan6816" value="·"/>
		<feat xlink:href="#sSpan6820" value="ⲛ̅ⲧⲉⲣϥ̅ⲟⲩⲱ"/>
		<feat xlink:href="#sSpan6831" value="ⲇⲉ"/>
		<feat xlink:href="#sSpan6835" value="ⲉϥⲥⲙⲟⲩ"/>
		<feat xlink:href="#sSpan6844" value="ⲉⲣⲟⲓ"/>
		<feat xlink:href="#sSpan6850" value="ⲁⲧⲁϭⲟⲙ"/>
		<feat xlink:href="#sSpan6859" value="ⲉⲓ"/>
		<feat xlink:href="#sSpan6863" value="ⲉⲣⲟⲓ"/>
		<feat xlink:href="#sSpan6869" value="·"/>
		<feat xlink:href="#sSpan6874" value="ϩⲱⲥⲧⲉ"/>
		<feat xlink:href="#sSpan6878" value="ⲉⲧⲙ̅ⲧⲣⲁⲁⲓⲥⲑⲁⲛⲉ"/>
		<feat xlink:href="#sSpan6892" value="·"/>
		<feat xlink:href="#sSpan6896" value="ⲉⲡⲧⲏⲣ̅ϥ̅"/>
		<feat xlink:href="#sSpan6904" value="ϫⲉϯϩⲕⲟⲉⲓⲧ"/>
		<feat xlink:href="#sSpan6912" value="·"/>
		<feat xlink:href="#sSpan6917" value="ⲏ"/>
		<feat xlink:href="#sSpan6921" value="ϯⲟⲃⲉ"/>
		<feat xlink:href="#sSpan6927" value="·"/>
		<feat xlink:href="#sSpan6931" value="ⲛ̅ⲧⲉⲣⲓⲛⲁⲩ"/>
		<feat xlink:href="#sSpan6943" value="ⲇⲉ"/>
		<feat xlink:href="#sSpan6947" value="ⲉϯⲛⲟϭ"/>
		<feat xlink:href="#sSpan6956" value="ⲛ̅ϣⲡⲏⲣⲉ"/>
		<feat xlink:href="#sSpan6962" value="ⲛ̅ⲧⲁⲥⲧⲁϩⲟⲓ"/>
		<feat xlink:href="#sSpan6974" value="·"/>
		<feat xlink:href="#sSpan6978" value="ⲁⲓⲧⲱⲟⲩⲛ"/>
		<feat xlink:href="#sSpan6986" value="ⲁⲓⲙⲟⲟϣⲉ"/>
		<feat xlink:href="#sSpan6995" value="·"/>
		<feat xlink:href="#sSpan6999" value="ⲉϩⲟⲩⲛ"/>
		<feat xlink:href="#sSpan7003" value="ϩⲙ̅ⲡⲧⲟⲟⲩ"/>
		<feat xlink:href="#sSpan7012" value="·"/>
		<feat xlink:href="#sSpan7016" value="Ⲛ̅ⲧⲉⲣⲉϥⲧⲟⲟⲩ"/>
		<feat xlink:href="#sSpan7028" value="ⲇⲉ"/>
		<feat xlink:href="#sSpan7032" value="ⲛ̅ϩⲟⲟⲩ"/>
		<feat xlink:href="#sSpan7038" value="ⲟⲩⲉⲓⲛⲉ"/>
		<feat xlink:href="#sSpan7042" value="ⲁⲓϩⲓⲥⲉ"/>
		<feat xlink:href="#sSpan7050" value="ⲁⲩⲱ"/>
		<feat xlink:href="#sSpan7054" value="ⲁⲓⲡⲱⲣϣ̅"/>
		<feat xlink:href="#sSpan7063" value="ⲛ̅ⲛⲁϭⲓϫ"/>
		<feat xlink:href="#sSpan7072" value="ⲉϩⲣⲁⲓ"/>
		<feat xlink:href="#sSpan7076" value="ⲉⲧⲡⲉ"/>
		<feat xlink:href="#sSpan7085" value="·"/>
		<feat xlink:href="#sSpan7089" value="ⲁⲓϣⲗⲏⲗ"/>
		<feat xlink:href="#sSpan7099" value="·"/>
		<feat xlink:href="#sSpan7103" value="ⲁⲩⲱ"/>
		<feat xlink:href="#sSpan7107" value="ⲉⲓⲥ"/>
		<feat xlink:href="#sSpan7112" value="ⲡⲣⲱⲙⲉ"/>
		<feat xlink:href="#sSpan7119" value="ⲛ̅ⲧⲁϥⲉⲓ"/>
		<feat xlink:href="#sSpan7129" value="ϣⲁⲣⲟⲓ"/>
		<feat xlink:href="#sSpan7135" value="ⲛ̅ϣⲟⲣⲡ̅"/>
		<feat xlink:href="#sSpan7141" value="·"/>
		<feat xlink:href="#sSpan7145" value="ⲁϥⲉⲓ"/>
		<feat xlink:href="#sSpan7155" value="ϣⲁⲣⲟⲓ"/>
		<feat xlink:href="#sSpan7161" value="ⲟⲛ"/>
		<feat xlink:href="#sSpan7166" value="ⲁϥϯϭⲟⲙ"/>
		<feat xlink:href="#sSpan7176" value="ⲛⲁⲓ̅"/>
		<feat xlink:href="#sSpan7182" value="ⲛ̅ⲑⲉ"/>
		<feat xlink:href="#sSpan7190" value="ⲛ̅ⲧⲉϩⲟⲩⲉⲓⲧⲉ"/>
		<feat xlink:href="#sSpan7199" value="·"/>
		<feat xlink:href="#sSpan7204" value="ϩⲁⲡⲗⲱⲥ"/>
		<feat xlink:href="#sSpan7210" value="ⲁⲡⲙⲉϩϥⲧⲟⲟⲩ"/>
		<feat xlink:href="#sSpan7222" value="·"/>
		<feat xlink:href="#sSpan7226" value="ⲛ̅ϩⲟⲟⲩ"/>
		<feat xlink:href="#sSpan7232" value="ⲟⲩⲉⲓⲛⲉ"/>
		<feat xlink:href="#sSpan7236" value="·"/>
		<feat xlink:href="#sSpan7240" value="ⲉⲓⲙⲟⲟϣⲉ"/>
		<feat xlink:href="#sSpan7249" value="ⲉϩⲟⲩⲛ"/>
		<feat xlink:href="#sSpan7253" value="ⲛ̅ⲧⲉⲩⲛⲟⲩ"/>
		<feat xlink:href="#sSpan7266" value="ⲇⲉ"/>
		<feat xlink:href="#sSpan7270" value="·"/>
		<feat xlink:href="#sSpan7274" value="ⲁⲓϭⲱϣⲧ̅"/>
		<feat xlink:href="#sSpan7282" value="ⲁⲓⲛⲁⲩ"/>
		<feat xlink:href="#sSpan7290" value="ⲉⲩⲣⲱⲙⲉ"/>
		<feat xlink:href="#sSpan7299" value="·"/>
		<feat xlink:href="#sSpan7303" value="ⲙ̅ⲡⲟⲩⲉ"/>
		<feat xlink:href="#sSpan7312" value="ⲉϥⲟ"/>
		<feat xlink:href="#sSpan7321" value="ⲛ̅ϩⲟⲧⲉ"/>
		<feat xlink:href="#sSpan7328" value="ⲉⲙⲁⲧⲉ"/>
		<feat xlink:href="#sSpan7332" value="·"/>
		<feat xlink:href="#sSpan7336" value="ⲉⲣⲉⲡⲉϥϥⲱ"/>
		<feat xlink:href="#sSpan7345" value="ⲡⲟⲣϣ̅"/>
		<feat xlink:href="#sSpan7349" value="ⲉⲃⲟⲗ"/>
		<feat xlink:href="#sSpan7353" value="·"/>
		<feat xlink:href="#sSpan7357" value="ⲉϫⲙ̅ⲡⲉϥⲥⲱⲙⲁ"/>
		<feat xlink:href="#sSpan7368" value="·"/>
		<feat xlink:href="#sSpan7372" value="ⲛ̅ⲑⲉ"/>
		<feat xlink:href="#sSpan7380" value="ⲙ̅ⲡⲁⲛⲉⲓⲡⲁⲣⲧⲁⲗⲏⲥ"/>
		<feat xlink:href="#sSpan7393" value="·"/>
		<feat xlink:href="#sSpan7397" value="ⲛ̅ϥⲕⲏⲕⲁϩⲏⲩ"/>
		<feat xlink:href="#sSpan7409" value="ⲅⲁⲣ"/>
		<feat xlink:href="#sSpan7413" value="ⲡⲉ"/>
		<feat xlink:href="#sSpan7417" value="·"/>
		<feat xlink:href="#sSpan7421" value="ⲉⲣⲉϩⲉⲛϭⲱⲱⲃⲉ"/>
		<feat xlink:href="#sSpan7430" value="ϩⲱⲃⲥ̅"/>
		<feat xlink:href="#sSpan7434" value="ⲙ̅ⲡϥ̅ⲥⲙⲟⲧ"/>
		<feat xlink:href="#sSpan7444" value="ⲛ̅ϩⲟⲟⲩⲧ"/>
		<feat xlink:href="#sSpan7451" value="·"/>
		<feat xlink:href="#sSpan7455" value="ⲛ̅ⲧⲉⲣⲉϥϩⲱⲛ"/>
		<feat xlink:href="#sSpan7465" value="ⲉϩⲟⲩⲛ"/>
		<feat xlink:href="#sSpan7469" value="ⲉⲣⲟⲓ"/>
		<feat xlink:href="#sSpan7475" value="ⲁⲓⲣ̅ϩⲟⲧⲉ"/>
		<feat xlink:href="#sSpan7485" value="·"/>
		<feat xlink:href="#sSpan7489" value="ⲁⲓⲁⲗⲉ"/>
		<feat xlink:href="#sSpan7500" value="ⲉϩⲣⲁⲓ"/>
		<feat xlink:href="#sSpan7505" value="ⲉϫⲛ̅ⲟⲩⲕⲱϩ"/>
		<feat xlink:href="#sSpan7514" value="ⲛ̅ⲧⲟⲟⲩ"/>
		<feat xlink:href="#sSpan7520" value="·"/>
		<feat xlink:href="#sSpan7524" value="ϫⲉⲙⲉϣⲁⲕ"/>
		<feat xlink:href="#sSpan7530" value="ⲟⲩⲉⲓⲁ"/>
		<feat xlink:href="#sSpan7537" value="ⲛ̅ⲧⲟⲟⲩ"/>
		<feat xlink:href="#sSpan7544" value="ⲡⲉ"/>
		<feat xlink:href="#sSpan7548" value="·"/>
		<feat xlink:href="#sSpan7552" value="ⲛ̅ⲧⲉⲣⲉϥⲉⲓ"/>
		<feat xlink:href="#sSpan7563" value="ⲇⲉ"/>
		<feat xlink:href="#sSpan7567" value="ⲁϥⲛⲟϫϥ̅"/>
		<feat xlink:href="#sSpan7577" value="ⲛ̅ⲟⲩⲕⲟⲩⲓ"/>
		<feat xlink:href="#sSpan7585" value="·"/>
		<feat xlink:href="#sSpan7589" value="ϩⲁⲧϩⲁⲓⲃⲥ̅"/>
		<feat xlink:href="#sSpan7599" value="ⲛ̅ⲟⲩⲕⲱϩ"/>
		<feat xlink:href="#sSpan7608" value="ⲛ̅ⲧⲟⲟⲩ"/>
		<feat xlink:href="#sSpan7614" value="·"/>
		<feat xlink:href="#sSpan7618" value="ⲛϥ̅ⲑⲗⲓⲃⲉ"/>
		<feat xlink:href="#sSpan7627" value="ⲉⲙⲁⲧⲉ"/>
		<feat xlink:href="#sSpan7631" value="ⲉⲧⲃⲉⲛ̅ϩⲓⲥⲉ"/>
		<feat xlink:href="#sSpan7641" value="ⲉⲧϥ̅ϣⲟⲟⲡ"/>
		<feat xlink:href="#sSpan7649" value="ⲛ̅ϩⲏⲧⲟⲩ"/>
		<feat xlink:href="#sSpan7655" value="·"/>
		<feat xlink:href="#sSpan7660" value="ⲡⲉϩⲕⲟ"/>
		<feat xlink:href="#sSpan7666" value="·"/>
		<feat xlink:href="#sSpan7670" value="ⲙⲛ̅ⲡⲉⲓⲃⲉ"/>
		<feat xlink:href="#sSpan7679" value="·"/>
		<feat xlink:href="#sSpan7683" value="ⲛϥ̅ⲕⲩⲛⲇⲩⲛⲉⲩⲉ"/>
		<feat xlink:href="#sSpan7693" value="ⲉⲙⲁⲧⲉ"/>
		<feat xlink:href="#sSpan7697" value="·"/>
		<feat xlink:href="#sSpan7701" value="Ⲁϥϥⲓ"/>
		<feat xlink:href="#sSpan7712" value="ⲇⲉ"/>
		<feat xlink:href="#sSpan7716" value="ⲛ̅ⲛϥ̅ⲃⲁⲗ"/>
		<feat xlink:href="#sSpan7725" value="ⲉϩⲣⲁⲓ"/>
		<feat xlink:href="#sSpan7730" value="ⲉⲡⲕⲟⲟϩ"/>
		<feat xlink:href="#sSpan7739" value="·"/>
		<feat xlink:href="#sSpan7743" value="ⲛ̅ⲧⲟⲟⲩ"/>
		<feat xlink:href="#sSpan7749" value="·"/>
		<feat xlink:href="#sSpan7753" value="ⲁϥⲛⲁⲩ"/>
		<feat xlink:href="#sSpan7761" value="ⲉⲣⲟⲓ"/>
		<feat xlink:href="#sSpan7767" value="·"/>
		<feat xlink:href="#sSpan7771" value="ⲁϥⲙⲟⲩⲧⲉ"/>
		<feat xlink:href="#sSpan7779" value="ϫⲉⲁⲙⲟⲩ"/>
		<feat xlink:href="#sSpan7786" value="ⲉⲡⲉⲥⲏⲧ"/>
		<feat xlink:href="#sSpan7794" value="ϣⲁⲣⲟⲓ"/>
		<feat xlink:href="#sSpan7800" value="ⲡⲣⲱⲙⲉ"/>
		<feat xlink:href="#sSpan7807" value="ⲉⲧⲟⲩⲁⲁⲃ"/>
		<feat xlink:href="#sSpan7813" value="·"/>
		<feat xlink:href="#sSpan7817" value="Ⲁⲛⲟⲕ"/>
		<feat xlink:href="#sSpan7826" value="ⲇⲉ"/>
		<feat xlink:href="#sSpan7830" value="ϩⲱ"/>
		<feat xlink:href="#sSpan7834" value="ⲁⲛⲅ̅ⲟⲩⲣⲙ̅ⲛⲧⲟⲟⲩ"/>
		<feat xlink:href="#sSpan7846" value="ⲛ̅ⲧⲕ̅ϩⲉ"/>
		<feat xlink:href="#sSpan7854" value="·"/>
		<feat xlink:href="#sSpan7858" value="ⲉⲓϣⲟⲟⲡ"/>
		<feat xlink:href="#sSpan7866" value="ϩⲙ̅ⲡⲉⲓϫⲁⲓⲉ"/>
		<feat xlink:href="#sSpan7876" value="·"/>
		<feat xlink:href="#sSpan7880" value="ⲉⲧⲃⲉⲛⲁⲛⲟⲃⲉ"/>
		<feat xlink:href="#sSpan7889" value="·"/>
		<feat xlink:href="#sSpan7893" value="ⲛ̅ⲧⲟϥ"/>
		<feat xlink:href="#sSpan7900" value="ⲇⲉ"/>
		<feat xlink:href="#sSpan7904" value="ⲡⲉϫⲁϥ"/>
		<feat xlink:href="#sSpan7910" value="ⲛⲁⲓ"/>
		<feat xlink:href="#sSpan7916" value="ϫⲉⲛ̅ⲧⲕⲟⲩϣⲃⲏⲣ"/>
		<feat xlink:href="#sSpan7928" value="·"/>
		<feat xlink:href="#sSpan7932" value="ϩⲱⲱⲕ"/>
		<feat xlink:href="#sSpan7938" value="ⲟⲛ"/>
		<feat xlink:href="#sSpan7942" value="ⲛ̅ⲧⲉⲡⲛⲟⲩⲧⲉ"/>
		<feat xlink:href="#sSpan7951" value="·"/>
		<feat xlink:href="#sSpan7955" value="ⲁⲓϩⲙⲟⲟⲥ"/>
		<feat xlink:href="#sSpan7965" value="ⲟⲛ"/>
		<feat xlink:href="#sSpan7970" value="ⲙ̅ⲡⲉϥⲙ̅ⲧⲟ"/>
		<feat xlink:href="#sSpan7979" value="ⲉⲃⲟⲗ"/>
		<feat xlink:href="#sSpan7983" value="·"/>
		<feat xlink:href="#sSpan7987" value="ⲁⲩⲱ"/>
		<feat xlink:href="#sSpan7991" value="ⲁⲓⲡⲁⲣⲁⲕⲁⲗⲉⲓ"/>
		<feat xlink:href="#sSpan8000" value="ⲙ̅ⲙⲟϥ"/>
		<feat xlink:href="#sSpan8006" value="·"/>
		<feat xlink:href="#sSpan8010" value="ⲉⲧⲣϥ̅ϫⲱ"/>
		<feat xlink:href="#sSpan8021" value="ⲉⲣⲟⲓ"/>
		<feat xlink:href="#sSpan8027" value="ⲙ̅ⲡⲉϥⲣⲁⲛ"/>
		<feat xlink:href="#sSpan8036" value="·"/>
		<feat xlink:href="#sSpan8040" value="ⲛ̅ⲧⲟϥ"/>
		<feat xlink:href="#sSpan8047" value="ⲇⲉ"/>
		<feat xlink:href="#sSpan8051" value="ⲡⲉϫⲁϥ"/>
		<feat xlink:href="#sSpan8057" value="ⲛⲁⲓ"/>
		<feat xlink:href="#sSpan8064" value="ϫⲉⲟⲛⲛⲟⲫⲣⲓⲟⲥ"/>
		<feat xlink:href="#sSpan8072" value="ⲡⲉ"/>
		<feat xlink:href="#sSpan8078" value="ⲡⲁⲣⲁⲛ"/>
		<feat xlink:href="#sSpan8084" value="·"/>
		<feat xlink:href="#sSpan8088" value="ⲁⲩⲱ"/>
		<feat xlink:href="#sSpan8092" value="ⲉⲓⲥ"/>
		<feat xlink:href="#sSpan8096" value="ⲥⲉ"/>
		<feat xlink:href="#sSpan8101" value="ⲛ̅ⲣⲟⲙⲡⲉ"/>
		<feat xlink:href="#sSpan8108" value="ϯϣⲟⲟⲡ"/>
		<feat xlink:href="#sSpan8114" value="ϩⲛ̅ⲧⲓⲉⲣⲏⲙⲓⲁ"/>
		<feat xlink:href="#sSpan8124" value="·"/>
		<feat xlink:href="#sSpan8128" value="ⲉⲓⲙⲟⲟϣⲉ"/>
		<feat xlink:href="#sSpan8137" value="ϩⲛ̅ⲛ̅ⲧⲟⲟⲩ"/>
		<feat xlink:href="#sSpan8147" value="ⲛ̅ⲑⲉ"/>
		<feat xlink:href="#sSpan8155" value="ⲛ̅ⲛⲉⲑⲏⲣⲓⲟⲛ"/>
		<feat xlink:href="#sSpan8165" value="·"/>
		<feat xlink:href="#sSpan8169" value="ⲁⲩⲱ"/>
		<feat xlink:href="#sSpan8173" value="ⲙ̅ⲡⲉⲓⲛⲁⲩ"/>
		<feat xlink:href="#sSpan8181" value="ⲉⲣⲱⲙⲉ"/>
		<feat xlink:href="#sSpan8188" value="ⲉⲓⲥⲟⲟⲩⲛ"/>
		<feat xlink:href="#sSpan8197" value="ⲙ̅ⲙⲟϥ"/>
		<feat xlink:href="#sSpan8203" value="·"/>
		<feat xlink:href="#sSpan8207" value="Ⲉⲓϣⲟⲟⲡ"/>
		<feat xlink:href="#sSpan8218" value="ⲇⲉ"/>
		<feat xlink:href="#sSpan8222" value="ϩⲛ̅ⲟⲩⲥⲟⲟⲩϩⲥ̅"/>
		<feat xlink:href="#sSpan8231" value="ⲙ̅ⲙⲟⲛⲟⲭⲟⲥ"/>
		<feat xlink:href="#sSpan8239" value="ϩⲙ̅ⲡⲧⲟⲟⲩ"/>
		<feat xlink:href="#sSpan8248" value="ⲛ̅ϣⲙⲟⲩⲛ"/>
		<feat xlink:href="#sSpan8255" value="ⲛ̅ⲧⲉⲑⲏⲃⲁⲉⲓⲥ"/>
		<feat xlink:href="#sSpan8263" value="·"/>
		<feat xlink:href="#sSpan8267" value="Ⲡⲣⲁⲛ"/>
		<feat xlink:href="#sSpan8278" value="ⲇⲉ"/>
		<feat xlink:href="#sSpan8282" value="ⲛ̅ⲑⲉⲛⲉⲉⲧⲉ"/>
		<feat xlink:href="#sSpan8291" value="ⲉⲧⲙ̅ⲙⲁⲁⲩ"/>
		<feat xlink:href="#sSpan8297" value="ⲡⲉ"/>
		<feat xlink:href="#sSpan8302" value="ⲉⲣⲏⲧⲉ"/>
		<feat xlink:href="#sSpan8306" value="·"/>
		<feat xlink:href="#sSpan8310" value="ⲉⲛⲟ"/>
		<feat xlink:href="#sSpan8320" value="ⲛ̅ⲟⲩϩⲏⲧ"/>
		<feat xlink:href="#sSpan8329" value="ⲛ̅ⲟⲩⲱⲧ"/>
		<feat xlink:href="#sSpan8335" value="ⲙⲛ̅ⲛⲉⲛⲉⲣⲏⲩ"/>
		<feat xlink:href="#sSpan8343" value="ϩⲓⲟⲩⲥⲟⲡ"/>
		<feat xlink:href="#sSpan8351" value="·"/>
		<feat xlink:href="#sSpan8355" value="ⲉⲣⲉϯⲣⲏⲛⲏ"/>
		<feat xlink:href="#sSpan8366" value="ϣⲟⲟⲡ"/>
		<feat xlink:href="#sSpan8370" value="ϩⲛ̅ⲧⲛ̅ⲙⲏⲏⲧⲉ"/>
		<feat xlink:href="#sSpan8379" value="·"/>
		<feat xlink:href="#sSpan8383" value="ⲉⲛϣⲟⲟⲡ"/>
		<feat xlink:href="#sSpan8391" value="ϩⲛ̅ⲟⲩⲉⲥⲩⲭⲓⲁ"/>
		<feat xlink:href="#sSpan8402" value="ⲙⲛ̅ⲛⲉⲛⲉⲣⲏⲩ"/>
		<feat xlink:href="#sSpan8410" value="·"/>
		<feat xlink:href="#sSpan8414" value="ⲉⲛϯⲉⲟⲟⲩ"/>
		<feat xlink:href="#sSpan8424" value="ⲙ̅ⲡⲛⲟⲩⲧⲉ"/>
		<feat xlink:href="#sSpan8433" value="·"/>
		<feat xlink:href="#sSpan8437" value="ⲁⲛⲟⲕ"/>
		<feat xlink:href="#sSpan8445" value="ⲇⲉ"/>
		<feat xlink:href="#sSpan8449" value="ⲛⲉⲓⲟ"/>
		<feat xlink:href="#sSpan8457" value="ⲛ̅ⲟⲩϣⲏ"/>
		<feat xlink:href="#sSpan8464" value="ⲛ̅ⲣⲟⲉⲓⲥ"/>
		<feat xlink:href="#sSpan8470" value="ⲛⲙ̅ⲙⲁⲩ"/>
		<feat xlink:href="#sSpan8476" value="·"/>
		<feat xlink:href="#sSpan8480" value="ⲉⲓϫⲓⲥⲃⲱ"/>
		<feat xlink:href="#sSpan8490" value="ⲛ̅ⲕⲱⲧ"/>
		<feat xlink:href="#sSpan8498" value="ⲙ̅ⲡⲛⲟⲩⲧⲉ"/>
		<feat xlink:href="#sSpan8507" value="ⲉⲃⲟⲗ"/>
		<feat xlink:href="#sSpan8512" value="ϩⲓⲧⲟⲟⲧⲟⲩ"/>
		<feat xlink:href="#sSpan8518" value="·"/>
		<feat xlink:href="#sSpan8522" value="ⲛ̅ϩⲉⲛⲛⲟϭ"/>
		<feat xlink:href="#sSpan8531" value="ⲛ̅ⲧⲉⲗⲓⲟⲥ"/>
		<feat xlink:href="#sSpan8539" value="·"/>
		<feat xlink:href="#sSpan8543" value="ⲛⲉ"/>
		<feat xlink:href="#sSpan8547" value="ⲛ̅ⲑⲉ"/>
		<feat xlink:href="#sSpan8555" value="ⲛ̅ⲛ̅ⲁⲅⲅⲉⲗⲟⲥ"/>
		<feat xlink:href="#sSpan8565" value="ⲙ̅ⲡϫⲥ̅"/>
		<feat xlink:href="#sSpan8574" value="·"/>
		<feat xlink:href="#sSpan8578" value="ⲁⲓⲥⲱⲧⲙ̅"/>
		<feat xlink:href="#sSpan8588" value="ⲉⲩϣⲁϫⲉ"/>
		<feat xlink:href="#sSpan8598" value="ⲉⲧⲃⲉⲡⲉⲛⲉⲓⲱⲧ"/>
		<feat xlink:href="#sSpan8608" value="ϩⲏⲗⲓⲁⲥ"/>
		<feat xlink:href="#sSpan8612" value="ⲡⲉⲑⲉⲥⲃⲓⲧⲏⲥ"/>
		<feat xlink:href="#sSpan8619" value="·"/>
		<feat xlink:href="#sSpan8623" value="ϫⲉⲛ̅ⲧⲁϥϭⲙ̅ϭⲟⲙ"/>
		<feat xlink:href="#sSpan8636" value="ϩⲙ̅ⲡⲛⲟⲩⲧⲉ"/>
		<feat xlink:href="#sSpan8645" value="ⲛ̅ϯϩⲉ"/>
		<feat xlink:href="#sSpan8653" value="ⲧⲏⲣⲥ̅"/>
		<feat xlink:href="#sSpan8659" value="·"/>
		<feat xlink:href="#sSpan8663" value="ⲉϥϣⲟⲟⲡ"/>
		<feat xlink:href="#sSpan8671" value="ϩⲙ̅ⲡⲉⲓ̅ϫⲁⲓⲉ"/>
		<feat xlink:href="#sSpan8682" value="·"/>
		<feat xlink:href="#sSpan8686" value="ⲁⲩⲱ"/>
		<feat xlink:href="#sSpan8693" value="ⲓⲱϩⲁⲛⲛⲏⲥ"/>
		<feat xlink:href="#sSpan8698" value="ⲡⲃⲁⲡϯⲥⲧⲏⲥ"/>
		<feat xlink:href="#sSpan8705" value="·"/>
		<feat xlink:href="#sSpan8709" value="ⲡⲉⲧⲉⲙ̅ⲡϥ̅ⲧⲱⲟⲩⲛ"/>
		<feat xlink:href="#sSpan8722" value="ϩⲙ̅ⲡⲉϫⲡⲟ"/>
		<feat xlink:href="#sSpan8731" value="ⲛ̅ⲛⲉϩⲓⲟⲟⲙⲉ"/>
		<feat xlink:href="#sSpan8740" value="·"/>
		<feat xlink:href="#sSpan8744" value="ⲛ̅ϭⲓⲡⲉⲧⲟ"/>
		<feat xlink:href="#sSpan8756" value="ⲛ̅ⲛⲟϭ"/>
		<feat xlink:href="#sSpan8762" value="ⲉⲣⲟϥ"/>
		<feat xlink:href="#sSpan8768" value="·"/>
		<feat xlink:href="#sSpan8772" value="ⲉϥϣⲟⲟⲡ"/>
		<feat xlink:href="#sSpan8780" value="ϩⲛ̅ⲛ̅ϫⲁⲓⲉ"/>
		<feat xlink:href="#sSpan8789" value="·"/>
		<feat xlink:href="#sSpan8793" value="ϣⲁⲡⲉϩⲟⲟⲩ"/>
		<feat xlink:href="#sSpan8804" value="ⲙ̅ⲡⲉϥⲟⲩⲱⲛϩ̅"/>
		<feat xlink:href="#sSpan8814" value="ⲉⲃⲟⲗ"/>
		<feat xlink:href="#sSpan8818" value="ϩⲙ̅ⲡⲓ̅ⲏ̅ⲗ̅"/>
		<feat xlink:href="#sSpan8828" value="·"/>
		<feat xlink:href="#sSpan8832" value="ⲡⲉϫⲁⲓ"/>
		<feat xlink:href="#sSpan8840" value="ⲛⲁⲩ"/>
		<feat xlink:href="#sSpan8847" value="ϫⲉⲛⲁⲉⲓⲟⲟⲧⲉ"/>
		<feat xlink:href="#sSpan8856" value="·"/>
		<feat xlink:href="#sSpan8861" value="ⲟⲩⲕ"/>
		<feat xlink:href="#sSpan8867" value="ⲟⲩⲛ"/>
		<feat xlink:href="#sSpan8872" value="ⲛⲉⲧϩⲙ̅ⲡϫⲁⲓⲉ"/>
		<feat xlink:href="#sSpan8885" value="·"/>
		<feat xlink:href="#sSpan8889" value="ⲥⲉⲥⲟⲧⲡ̅"/>
		<feat xlink:href="#sSpan8896" value="ⲛ̅ϩⲟⲩⲟ"/>
		<feat xlink:href="#sSpan8902" value="ⲉⲣⲟⲛ"/>
		<feat xlink:href="#sSpan8908" value="·"/>
		<feat xlink:href="#sSpan8912" value="ⲁⲛⲟⲛ"/>
		<feat xlink:href="#sSpan8919" value="ⲅⲁⲣ"/>
		<feat xlink:href="#sSpan8924" value="ⲉⲓⲥϩⲏⲏⲧⲉ"/>
		<feat xlink:href="#sSpan8930" value="ⲧⲛ̅ⲛⲁⲩ"/>
		<feat xlink:href="#sSpan8937" value="ⲉⲛⲉⲛⲉⲣⲏⲩ"/>
		<feat xlink:href="#sSpan8945" value="ⲙ̅ⲙⲏⲏⲛⲉ"/>
		<feat xlink:href="#sSpan8951" value="·"/>
		<feat xlink:href="#sSpan8955" value="ⲁⲩⲱ"/>
		<feat xlink:href="#sSpan8959" value="ⲧⲛ̅ⲥⲟⲟⲩϩ"/>
		<feat xlink:href="#sSpan8965" value="ⲛ̅ⲥⲩⲛⲁⲝⲓⲥ"/>
		<feat xlink:href="#sSpan8974" value="ϩⲓⲟⲩⲥⲟⲡ"/>
		<feat xlink:href="#sSpan8982" value="·"/>
		<feat xlink:href="#sSpan8986" value="ⲉⲛϣⲁⲛϩⲕⲟ"/>
		<feat xlink:href="#sSpan8994" value="·"/>
		<feat xlink:href="#sSpan8998" value="ⲧⲛ̅ϩⲏⲩ"/>
		<feat xlink:href="#sSpan9004" value="ⲉϩⲣⲉ"/>
		<feat xlink:href="#sSpan9011" value="ⲉϥⲥⲃ̅ⲧⲱⲧ"/>
		<feat xlink:href="#sSpan9020" value="ⲛⲁⲛ"/>
		<feat xlink:href="#sSpan9026" value="·"/>
		<feat xlink:href="#sSpan9030" value="ⲛ̅ϣⲁⲛⲉⲓⲃⲉ"/>
		<feat xlink:href="#sSpan9038" value="·"/>
		<feat xlink:href="#sSpan9042" value="ⲧⲛ̅ϩⲏⲩ"/>
		<feat xlink:href="#sSpan9048" value="ⲉⲙⲟⲟⲩ"/>
		<feat xlink:href="#sSpan9055" value="ⲉⲥⲱ"/>
		<feat xlink:href="#sSpan9061" value="·"/>
		<feat xlink:href="#sSpan9065" value="ⲛ̅ϣⲁⲛⲣ̅ⲁⲧϭⲟⲙ"/>
		<feat xlink:href="#sSpan9077" value="ϣⲁⲩϯⲧⲟⲟⲧⲛ̅"/>
		<feat xlink:href="#sSpan9089" value="·"/>
		<feat xlink:href="#sSpan9093" value="ϩⲓⲧⲛ̅ⲛⲉⲛⲥⲛⲏⲩ"/>
		<feat xlink:href="#sSpan9102" value="·"/>
		<feat xlink:href="#sSpan9106" value="ⲁⲩⲱ"/>
		<feat xlink:href="#sSpan9113" value="ⲛ̅ϣⲁⲛⲉⲡⲉⲓⲑⲩⲙⲉⲓ"/>
		<feat xlink:href="#sSpan9119" value="ⲉⲩⲥⲕⲉⲩⲟⲥ"/>
		<feat xlink:href="#sSpan9129" value="ⲉⲟⲩⲟⲙϥ̅"/>
		<feat xlink:href="#sSpan9137" value="·"/>
		<feat xlink:href="#sSpan9141" value="ⲧⲛ̅ⲇⲓⲁⲕⲱⲛⲉⲓ"/>
		<feat xlink:href="#sSpan9148" value="ⲙ̅ⲙⲟϥ"/>
		<feat xlink:href="#sSpan9154" value="ⲛ̅ⲛⲉⲛⲉⲣⲏⲩ"/>
		<feat xlink:href="#sSpan9163" value="ⲉⲧⲃⲉⲟⲩⲁⲅⲁⲡⲏ"/>
		<feat xlink:href="#sSpan9173" value="·"/>
		<feat xlink:href="#sSpan9177" value="ⲛ̅ⲧⲉⲡⲛⲟⲩⲧⲉ"/>
		<feat xlink:href="#sSpan9187" value="·"/></featList></paula>