<?xml version="1.0" encoding="UTF-8" standalone="no"?>

<!DOCTYPE paula SYSTEM "paula_mark.dtd">
<paula version="1.0">

<header paula_id="aof.YA547-550_orig_groupSeg"/>

<markList xmlns:xlink="http://www.w3.org/1999/xlink" type="orig_groupSeg" xml:base="aof.YA547-550.tok.xml">
<mark id="orig_group_1" xlink:href="#tok_1"/><!-- ⲁⲩⲱ -->
<mark id="orig_group_2" xlink:href="#xpointer(id('tok_2')/range-to(id('tok_4')))"/><!-- ϩⲁⲧ︤ⲛ︥...ⲧ︤ⲛ︥ -->
<mark id="orig_group_5" xlink:href="#tok_5"/><!-- · -->
<mark id="orig_group_6" xlink:href="#tok_6"/><!-- ϫⲉⲕⲁⲥ -->
<mark id="orig_group_7" xlink:href="#xpointer(id('tok_7')/range-to(id('tok_8')))"/><!-- ⲛⲁ...ⲙⲉ` -->
<mark id="orig_group_9" xlink:href="#xpointer(id('tok_9')/range-to(id('tok_12')))"/><!-- ⲉ...ϣⲱⲡⲉ -->
<mark id="orig_group_13" xlink:href="#xpointer(id('tok_13')/range-to(id('tok_14')))"/><!-- ⲛ̄...ϣⲏⲣⲉ` -->
<mark id="orig_group_15" xlink:href="#xpointer(id('tok_15')/range-to(id('tok_17')))"/><!-- ⲛ̄...ϩⲁⲙ` -->
<mark id="orig_group_18" xlink:href="#tok_18"/><!-- · -->
<mark id="orig_group_19" xlink:href="#tok_19"/><!-- ⲁⲩⲱ -->
<mark id="orig_group_20" xlink:href="#xpointer(id('tok_20')/range-to(id('tok_21')))"/><!-- ⲛ̄...ϣⲏⲣⲉ` -->
<mark id="orig_group_22" xlink:href="#xpointer(id('tok_22')/range-to(id('tok_25')))"/><!-- ⲛ̄...ⲟⲧⲉ` -->
<mark id="orig_group_26" xlink:href="#xpointer(id('tok_26')/range-to(id('tok_27')))"/><!-- ⲧⲏⲣ...ⲟⲩ` -->
<mark id="orig_group_28" xlink:href="#xpointer(id('tok_28')/range-to(id('tok_29')))"/><!-- ⲛ̄...ⲁⲣⲭⲁⲓⲟⲥ -->
<mark id="orig_group_30" xlink:href="#tok_30"/><!-- · -->
<mark id="orig_group_31" xlink:href="#tok_31"/><!-- ⲛⲁⲓ̈ -->
<mark id="orig_group_32" xlink:href="#xpointer(id('tok_32')/range-to(id('tok_36')))"/><!-- ⲛ̄...ϫⲟⲉⲓⲥ` -->
<mark id="orig_group_37" xlink:href="#tok_37"/><!-- ⲥⲙⲟⲩ -->
<mark id="orig_group_38" xlink:href="#xpointer(id('tok_38')/range-to(id('tok_39')))"/><!-- ⲉⲣⲟ...ⲟⲩ -->
<mark id="orig_group_40" xlink:href="#tok_40"/><!-- · -->
<mark id="orig_group_41" xlink:href="#xpointer(id('tok_41')/range-to(id('tok_44')))"/><!-- ϫⲉ...ⲙⲉⲣⲉ` -->
<mark id="orig_group_45" xlink:href="#xpointer(id('tok_45')/range-to(id('tok_47')))"/><!-- ⲛⲉⲩ...ⲙ︤ⲛ︥ -->
<mark id="orig_group_48" xlink:href="#xpointer(id('tok_48')/range-to(id('tok_49')))"/><!-- ⲛⲉⲩ...ϣⲉⲉⲣⲉ -->
<mark id="orig_group_50" xlink:href="#xpointer(id('tok_50')/range-to(id('tok_52')))"/><!-- ⲛ̄ⲧⲉ...ⲥⲁⲣ︤ⲝ︥` -->
<mark id="orig_group_53" xlink:href="#xpointer(id('tok_53')/range-to(id('tok_54')))"/><!-- ⲙ̄ⲙⲁ...ⲧⲉ -->
<mark id="orig_group_55" xlink:href="#tok_55"/><!-- ⲁⲛ -->
<mark id="orig_group_56" xlink:href="#tok_56"/><!-- · -->
<mark id="orig_group_57" xlink:href="#xpointer(id('tok_57')/range-to(id('tok_60')))"/><!-- ⲙ︤ⲛ︥...ⲏⲡ` -->
<mark id="orig_group_61" xlink:href="#xpointer(id('tok_61')/range-to(id('tok_62')))"/><!-- ⲧⲏⲣ...ⲟⲩ` -->
<mark id="orig_group_63" xlink:href="#xpointer(id('tok_63')/range-to(id('tok_64')))"/><!-- ⲉⲣⲟ...ⲟⲩ -->
<mark id="orig_group_65" xlink:href="#tok_65"/><!-- · -->
<mark id="orig_group_66" xlink:href="#tok_66"/><!-- ⲁⲗⲗⲁ` -->
<mark id="orig_group_67" xlink:href="#xpointer(id('tok_67')/range-to(id('tok_70')))"/><!-- ⲁ...ⲣⲉ` -->
<mark id="orig_group_71" xlink:href="#tok_71"/><!-- ⲟⲩⲟⲛ` -->
<mark id="orig_group_72" xlink:href="#tok_72"/><!-- ⲛⲓⲙ` -->
<mark id="orig_group_73" xlink:href="#xpointer(id('tok_73')/range-to(id('tok_74')))"/><!-- ⲉⲧ...ⲡⲓⲥⲧⲉⲩⲉ` -->
<mark id="orig_group_75" xlink:href="#xpointer(id('tok_75')/range-to(id('tok_77')))"/><!-- ⲉ...ⲛⲟⲩⲧⲉ -->
<mark id="orig_group_78" xlink:href="#tok_78"/><!-- · -->
<mark id="orig_group_79" xlink:href="#tok_79"/><!-- ⲁⲩⲱ -->
<mark id="orig_group_80" xlink:href="#xpointer(id('tok_80')/range-to(id('tok_81')))"/><!-- ⲉⲧ...ϩⲁⲣⲉϩ` -->
<mark id="orig_group_82" xlink:href="#xpointer(id('tok_82')/range-to(id('tok_85')))"/><!-- ⲉ...ⲧⲟⲗⲏ` -->
<mark id="orig_group_86" xlink:href="#xpointer(id('tok_86')/range-to(id('tok_89')))"/><!-- ⲙ̄...ⲧⲉ` -->
<mark id="orig_group_90" xlink:href="#tok_90"/><!-- · -->
<mark id="orig_group_91" xlink:href="#tok_91"/><!-- ⲁⲩⲱ -->
<mark id="orig_group_92" xlink:href="#xpointer(id('tok_92')/range-to(id('tok_94')))"/><!-- ⲛ̄...ϩⲉ` -->
<mark id="orig_group_95" xlink:href="#xpointer(id('tok_95')/range-to(id('tok_98')))"/><!-- ⲁ...ⲙⲁ` -->
<mark id="orig_group_99" xlink:href="#xpointer(id('tok_99')/range-to(id('tok_100')))"/><!-- ⲕⲗⲏⲣⲟⲛⲟ...ⲙⲉⲓ` -->
<mark id="orig_group_101" xlink:href="#xpointer(id('tok_101')/range-to(id('tok_102')))"/><!-- ⲛ̄...ⲟⲩⲟⲛ` -->
<mark id="orig_group_103" xlink:href="#tok_103"/><!-- ⲛⲓⲙ -->
<mark id="orig_group_104" xlink:href="#xpointer(id('tok_104')/range-to(id('tok_106')))"/><!-- ⲉⲧ...ϣⲱⲡⲉ -->
<mark id="orig_group_107" xlink:href="#xpointer(id('tok_107')/range-to(id('tok_108')))"/><!-- ⲙ̄...ⲡⲓⲥⲧⲟⲥ -->
<mark id="orig_group_109" xlink:href="#tok_109"/><!-- · -->
<mark id="orig_group_110" xlink:href="#tok_110"/><!-- ⲁⲩⲱ -->
<mark id="orig_group_111" xlink:href="#xpointer(id('tok_111')/range-to(id('tok_112')))"/><!-- ⲛ̄...ⲇⲓⲕⲁⲓⲟⲥ` -->
<mark id="orig_group_113" xlink:href="#xpointer(id('tok_113')/range-to(id('tok_115')))"/><!-- ϫⲓⲛ...ϣⲟⲣ︤ⲡ︥ -->
<mark id="orig_group_116" xlink:href="#xpointer(id('tok_116')/range-to(id('tok_117')))"/><!-- ϣⲁ...ϩⲣⲁⲓ̈ -->
<mark id="orig_group_118" xlink:href="#xpointer(id('tok_118')/range-to(id('tok_120')))"/><!-- ⲉ...ⲟⲟⲩ -->
<mark id="orig_group_121" xlink:href="#xpointer(id('tok_121')/range-to(id('tok_122')))"/><!-- ⲛ̄...ϩⲟⲟⲩ̣` -->
<mark id="orig_group_123" xlink:href="#tok_123"/><!-- ⲁⲩⲱ -->
<mark id="orig_group_124" xlink:href="#xpointer(id('tok_124')/range-to(id('tok_126')))"/><!-- ϣⲁ...ⲛⲉϩ -->
<mark id="orig_group_127" xlink:href="#tok_127"/><!-- · -->
<mark id="orig_group_128" xlink:href="#xpointer(id('tok_128')/range-to(id('tok_131')))"/><!-- ⲉϣϫⲉ...ϣⲏⲣⲉ` -->
<mark id="orig_group_132" xlink:href="#tok_132"/><!-- ⲇⲉ -->
<mark id="orig_group_133" xlink:href="#xpointer(id('tok_133')/range-to(id('tok_134')))"/><!-- ⲛ̄...ⲁⲧⲥⲱⲧⲙ̄` -->
<mark id="orig_group_135" xlink:href="#tok_135"/><!-- ⲁⲩⲱ -->
<mark id="orig_group_136" xlink:href="#xpointer(id('tok_136')/range-to(id('tok_138')))"/><!-- ⲛ̄...ⲛⲟⲃⲉ` -->
<mark id="orig_group_139" xlink:href="#tok_139"/><!-- ϣⲱⲡⲉ` -->
<mark id="orig_group_140" xlink:href="#xpointer(id('tok_140')/range-to(id('tok_142')))"/><!-- ⲛ̄...ⲉⲓⲟⲧⲉ` -->
<mark id="orig_group_143" xlink:href="#xpointer(id('tok_143')/range-to(id('tok_145')))"/><!-- ⲛ̄...ⲟⲥ -->
<mark id="orig_group_146" xlink:href="#tok_146"/><!-- · -->
<mark id="orig_group_147" xlink:href="#xpointer(id('tok_147')/range-to(id('tok_151')))"/><!-- ⲙ̄...ⲧⲓ` -->
<mark id="orig_group_152" xlink:href="#xpointer(id('tok_152')/range-to(id('tok_154')))"/><!-- ⲛ̄...ϣⲏⲣⲉ -->
<mark id="orig_group_155" xlink:href="#xpointer(id('tok_155')/range-to(id('tok_156')))"/><!-- ⲛ̄...ⲇⲓⲕⲁⲓⲟⲥ` -->
<mark id="orig_group_157" xlink:href="#xpointer(id('tok_157')/range-to(id('tok_160')))"/><!-- ⲉ...ⲡⲱⲧ` -->
<mark id="orig_group_161" xlink:href="#tok_161"/><!-- ⲉⲃⲟⲗ` -->
<mark id="orig_group_162" xlink:href="#xpointer(id('tok_162')/range-to(id('tok_163')))"/><!-- ⲙ̄ⲙⲟ...ⲟⲩ -->
<mark id="orig_group_164" xlink:href="#tok_164"/><!-- · -->
<mark id="orig_group_165" xlink:href="#xpointer(id('tok_165')/range-to(id('tok_168')))"/><!-- ⲉⲧⲃⲉ...ϣⲁⲓ̈ -->
<mark id="orig_group_169" xlink:href="#xpointer(id('tok_169')/range-to(id('tok_172')))"/><!-- ⲛ̄...ⲥⲃⲱ̂` -->
<mark id="orig_group_173" xlink:href="#xpointer(id('tok_173')/range-to(id('tok_175')))"/><!-- ⲛ̄...ϣⲏⲣⲉ` -->
<mark id="orig_group_176" xlink:href="#xpointer(id('tok_176')/range-to(id('tok_177')))"/><!-- ⲉⲑ...ⲟⲟⲩ -->
<mark id="orig_group_178" xlink:href="#tok_178"/><!-- · -->
<mark id="orig_group_179" xlink:href="#tok_179"/><!-- ⲁⲗⲗⲁ -->
<mark id="orig_group_180" xlink:href="#xpointer(id('tok_180')/range-to(id('tok_183')))"/><!-- ⲛ̄ⲧ...ϣⲱⲱⲧ` -->
<mark id="orig_group_184" xlink:href="#tok_184"/><!-- ⲉⲃⲟⲗ -->
<mark id="orig_group_185" xlink:href="#xpointer(id('tok_185')/range-to(id('tok_186')))"/><!-- ⲙ̄ⲙⲟ...ⲟⲩ -->
<mark id="orig_group_187" xlink:href="#xpointer(id('tok_187')/range-to(id('tok_189')))"/><!-- ⲛ̄...ϣⲏⲣⲉ` -->
<mark id="orig_group_190" xlink:href="#xpointer(id('tok_190')/range-to(id('tok_192')))"/><!-- ⲛ̄...ⲛⲟⲃⲉ -->
<mark id="orig_group_193" xlink:href="#tok_193"/><!-- · -->
<mark id="orig_group_194" xlink:href="#xpointer(id('tok_194')/range-to(id('tok_196')))"/><!-- ⲁ...ϭⲱ -->
<mark id="orig_group_197" xlink:href="#xpointer(id('tok_197')/range-to(id('tok_200')))"/><!-- ⲙ︤ⲛ︥...ϣⲏⲣⲉ -->
<mark id="orig_group_201" xlink:href="#xpointer(id('tok_201')/range-to(id('tok_203')))"/><!-- ⲛ̄...ⲕⲁⲓⲟⲥ` -->
<mark id="orig_group_204" xlink:href="#xpointer(id('tok_204')/range-to(id('tok_207')))"/><!-- ⲛ̄...ⲟⲩ -->
<mark id="orig_group_208" xlink:href="#xpointer(id('tok_208')/range-to(id('tok_209')))"/><!-- ⲧⲏⲣ...ⲟⲩ -->
<mark id="orig_group_210" xlink:href="#xpointer(id('tok_210')/range-to(id('tok_213')))"/><!-- ⲙ̄...ⲱⲛ︤ϩ︥ -->
<mark id="orig_group_214" xlink:href="#tok_214"/><!-- · -->
<mark id="orig_group_215" xlink:href="#xpointer(id('tok_215')/range-to(id('tok_216')))"/><!-- Ⲉⲧⲃⲉ...ⲡⲁⲓ̈ -->
<mark id="orig_group_217" xlink:href="#xpointer(id('tok_217')/range-to(id('tok_219')))"/><!-- ⲕⲁⲧⲁ...ⲉ -->
<mark id="orig_group_220" xlink:href="#xpointer(id('tok_220')/range-to(id('tok_222')))"/><!-- ⲛ̄ⲧ...ϩⲁϩ -->
<mark id="orig_group_223" xlink:href="#xpointer(id('tok_223')/range-to(id('tok_225')))"/><!-- ⲛ̄...ⲣⲉ` -->
<mark id="orig_group_226" xlink:href="#xpointer(id('tok_226')/range-to(id('tok_228')))"/><!-- ⲛ̄...ⲛⲟⲃⲉ` -->
<mark id="orig_group_229" xlink:href="#tok_229"/><!-- ⲗⲩⲡⲉⲓ` -->
<mark id="orig_group_230" xlink:href="#xpointer(id('tok_230')/range-to(id('tok_232')))"/><!-- ⲛ̄...ⲉⲓⲟⲧⲉ` -->
<mark id="orig_group_233" xlink:href="#xpointer(id('tok_233')/range-to(id('tok_235')))"/><!-- ⲛ̄...ⲟⲥ -->
<mark id="orig_group_236" xlink:href="#tok_236"/><!-- · -->
<mark id="orig_group_237" xlink:href="#tok_237"/><!-- ⲧⲁⲓ̈ -->
<mark id="orig_group_238" xlink:href="#tok_238"/><!-- ⲟⲛ -->
<mark id="orig_group_239" xlink:href="#tok_239"/><!-- ⲧⲉ -->
<mark id="orig_group_240" xlink:href="#xpointer(id('tok_240')/range-to(id('tok_241')))"/><!-- ⲑ...ⲉ` -->
<mark id="orig_group_242" xlink:href="#xpointer(id('tok_242')/range-to(id('tok_244')))"/><!-- ⲛ̄ⲧ...ϩⲁϩ` -->
<mark id="orig_group_245" xlink:href="#xpointer(id('tok_245')/range-to(id('tok_246')))"/><!-- ⲛ̄...ϣⲏⲣⲉ` -->
<mark id="orig_group_247" xlink:href="#xpointer(id('tok_247')/range-to(id('tok_249')))"/><!-- ⲛ̄...ⲟⲥ` -->
<mark id="orig_group_250" xlink:href="#tok_250"/><!-- ⲉⲩⲫⲣⲁⲛⲉ` -->
<mark id="orig_group_251" xlink:href="#xpointer(id('tok_251')/range-to(id('tok_253')))"/><!-- ⲙ̄...ⲟⲩ -->
<mark id="orig_group_254" xlink:href="#tok_254"/><!-- · -->
<mark id="orig_group_255" xlink:href="#tok_255"/><!-- ⲁⲩⲱ -->
<mark id="orig_group_256" xlink:href="#xpointer(id('tok_256')/range-to(id('tok_259')))"/><!-- ⲕⲁ...ⲉ -->
<mark id="orig_group_260" xlink:href="#xpointer(id('tok_260')/range-to(id('tok_263')))"/><!-- ⲉⲧⲉ...ⲛⲟⲩⲧⲉ -->
<mark id="orig_group_264" xlink:href="#tok_264"/><!-- ϭⲱⲛ︤ⲧ︥ -->
<mark id="orig_group_265" xlink:href="#xpointer(id('tok_265')/range-to(id('tok_266')))"/><!-- ⲛ̄...ϩⲁϩ -->
<mark id="orig_group_267" xlink:href="#xpointer(id('tok_267')/range-to(id('tok_268')))"/><!-- ⲛ̄...ⲥⲟⲡ -->
<mark id="orig_group_269" xlink:href="#xpointer(id('tok_269')/range-to(id('tok_270')))"/><!-- ϩⲱⲥ...ⲧⲉ` -->
<mark id="orig_group_271" xlink:href="#xpointer(id('tok_271')/range-to(id('tok_275')))"/><!-- ⲉ...ⲧⲉ` -->
<mark id="orig_group_276" xlink:href="#tok_276"/><!-- ⲉⲃⲟⲗ` -->
<mark id="orig_group_277" xlink:href="#xpointer(id('tok_277')/range-to(id('tok_278')))"/><!-- ⲛ̄...ϩⲁϩ -->
<mark id="orig_group_279" xlink:href="#xpointer(id('tok_279')/range-to(id('tok_280')))"/><!-- ⲛ̄...ⲗⲁⲟⲥ` -->
<mark id="orig_group_281" xlink:href="#xpointer(id('tok_281')/range-to(id('tok_282')))"/><!-- ⲛ̄...ⲁⲣⲭⲁⲓⲟⲥ` -->
<mark id="orig_group_283" xlink:href="#xpointer(id('tok_283')/range-to(id('tok_284')))"/><!-- ⲉⲧⲃⲉ...ϩⲁϩ -->
<mark id="orig_group_285" xlink:href="#xpointer(id('tok_285')/range-to(id('tok_286')))"/><!-- ⲛ̄...ϣⲏⲣⲉ` -->
<mark id="orig_group_287" xlink:href="#xpointer(id('tok_287')/range-to(id('tok_289')))"/><!-- ⲛ̄...ⲛⲟⲃⲉ` -->
<mark id="orig_group_290" xlink:href="#tok_290"/><!-- ϩⲣⲁⲓ̈ -->
<mark id="orig_group_291" xlink:href="#xpointer(id('tok_291')/range-to(id('tok_292')))"/><!-- ⲛ̄ϩⲏⲧ...ⲟⲩ -->
<mark id="orig_group_293" xlink:href="#tok_293"/><!-- · -->
<mark id="orig_group_294" xlink:href="#tok_294"/><!-- Ⲧⲁⲓ̈ -->
<mark id="orig_group_295" xlink:href="#tok_295"/><!-- ⲟⲛ -->
<mark id="orig_group_296" xlink:href="#tok_296"/><!-- ⲧⲉ -->
<mark id="orig_group_297" xlink:href="#xpointer(id('tok_297')/range-to(id('tok_298')))"/><!-- ⲑ...ⲉ` -->
<mark id="orig_group_299" xlink:href="#xpointer(id('tok_299')/range-to(id('tok_303')))"/><!-- ⲉⲧⲉ...ⲕⲧⲟ` -->
<mark id="orig_group_304" xlink:href="#tok_304"/><!-- ⲉⲃⲟⲗ` -->
<mark id="orig_group_305" xlink:href="#xpointer(id('tok_305')/range-to(id('tok_308')))"/><!-- ⲛ̄...ⲅⲏ` -->
<mark id="orig_group_309" xlink:href="#xpointer(id('tok_309')/range-to(id('tok_310')))"/><!-- ⲛ̄...ϩⲁϩ -->
<mark id="orig_group_311" xlink:href="#xpointer(id('tok_311')/range-to(id('tok_312')))"/><!-- ⲛ̄...ⲥⲟⲡ` -->
<mark id="orig_group_313" xlink:href="#tok_313"/><!-- ⲉⲃⲟⲗ -->
<mark id="orig_group_314" xlink:href="#xpointer(id('tok_314')/range-to(id('tok_315')))"/><!-- ϩⲓϫ︤ⲛ︥...ϩⲁϩ` -->
<mark id="orig_group_316" xlink:href="#xpointer(id('tok_316')/range-to(id('tok_318')))"/><!-- ⲛ̄...ⲁⲟⲥ` -->
<mark id="orig_group_319" xlink:href="#xpointer(id('tok_319')/range-to(id('tok_320')))"/><!-- ⲛ̄...ⲁⲣⲭⲁⲓⲟⲥ` -->
<mark id="orig_group_321" xlink:href="#tok_321"/><!-- · -->
<mark id="orig_group_322" xlink:href="#xpointer(id('tok_322')/range-to(id('tok_324')))"/><!-- ⲉⲧⲃⲉ...ϣⲏⲣⲉ -->
<mark id="orig_group_325" xlink:href="#xpointer(id('tok_325')/range-to(id('tok_326')))"/><!-- ⲛ̄...ⲇⲓⲕⲁⲓⲟⲥ -->
<mark id="orig_group_327" xlink:href="#xpointer(id('tok_327')/range-to(id('tok_330')))"/><!-- ⲛ̄ⲧ...ϣⲱⲡⲉ -->
<mark id="orig_group_331" xlink:href="#tok_331"/><!-- ϩⲣⲁⲓ̈ -->
<mark id="orig_group_332" xlink:href="#xpointer(id('tok_332')/range-to(id('tok_334')))"/><!-- ⲛ̄ϩⲏ...ⲟⲩ -->
<mark id="orig_group_335" xlink:href="#tok_335"/><!-- · -->
<mark id="orig_group_336" xlink:href="#tok_336"/><!-- ⲁⲩⲱ -->
<mark id="orig_group_337" xlink:href="#xpointer(id('tok_337')/range-to(id('tok_340')))"/><!-- ⲕⲁ...ⲉ -->
<mark id="orig_group_341" xlink:href="#xpointer(id('tok_341')/range-to(id('tok_345')))"/><!-- ⲛ̄ⲧ...ⲏϣⲉ` -->
<mark id="orig_group_346" xlink:href="#xpointer(id('tok_346')/range-to(id('tok_349')))"/><!-- ⲉⲛ...ⲙⲟⲩ -->
<mark id="orig_group_350" xlink:href="#tok_350"/><!-- ϩⲣⲁⲓ̈ -->
<mark id="orig_group_351" xlink:href="#xpointer(id('tok_351')/range-to(id('tok_353')))"/><!-- ϩ︤ⲛ︥...ⲙ︤ⲛ︦ⲧ︥ϣⲁϥⲧⲉ -->
<mark id="orig_group_354" xlink:href="#tok_354"/><!-- · -->
<mark id="orig_group_355" xlink:href="#xpointer(id('tok_355')/range-to(id('tok_357')))"/><!-- ϩⲣⲁⲓ̈...ⲁⲛⲟⲙⲓⲁ` -->
<mark id="orig_group_358" xlink:href="#tok_358"/><!-- ⲛⲓⲙ` -->
<mark id="orig_group_359" xlink:href="#xpointer(id('tok_359')/range-to(id('tok_360')))"/><!-- ⲉⲧⲃⲉ...ϩⲁϩ` -->
<mark id="orig_group_361" xlink:href="#xpointer(id('tok_361')/range-to(id('tok_362')))"/><!-- ⲙ̄...ⲡⲣⲟⲫⲏⲧⲏⲥ` -->
<mark id="orig_group_363" xlink:href="#xpointer(id('tok_363')/range-to(id('tok_364')))"/><!-- ⲛ̄...ⲛⲟⲩϫ` -->
<mark id="orig_group_365" xlink:href="#tok_365"/><!-- · -->
<mark id="orig_group_366" xlink:href="#xpointer(id('tok_366')/range-to(id('tok_370')))"/><!-- ⲉ...ⲡⲉ -->
<mark id="orig_group_371" xlink:href="#tok_371"/><!-- ϩⲣⲁⲓ̈ -->
<mark id="orig_group_372" xlink:href="#xpointer(id('tok_372')/range-to(id('tok_373')))"/><!-- ϩ︤ⲛ︥...ϩⲁϩ̣` -->
<mark id="orig_group_374" xlink:href="#xpointer(id('tok_374')/range-to(id('tok_375')))"/><!-- ⲛ̄...ⲗⲁⲟⲥ` -->
<mark id="orig_group_376" xlink:href="#xpointer(id('tok_376')/range-to(id('tok_377')))"/><!-- ⲛ̄...ⲁⲣⲭⲁⲓⲟⲥ -->
<mark id="orig_group_378" xlink:href="#xpointer(id('tok_378')/range-to(id('tok_381')))"/><!-- ·...ⲧⲙⲁⲓ̈ⲟ` -->
<mark id="orig_group_382" xlink:href="#xpointer(id('tok_382')/range-to(id('tok_383')))"/><!-- ⲙ̄ⲙⲟ...ⲟⲩ -->
<mark id="orig_group_384" xlink:href="#xpointer(id('tok_384')/range-to(id('tok_386')))"/><!-- ⲉ...ⲡⲗⲁⲛⲁ` -->
<mark id="orig_group_387" xlink:href="#xpointer(id('tok_387')/range-to(id('tok_388')))"/><!-- ⲙ̄ⲙⲟ...ⲟⲩ -->
<mark id="orig_group_389" xlink:href="#xpointer(id('tok_389')/range-to(id('tok_391')))"/><!-- ⲉ...ⲥⲱⲕ -->
<mark id="orig_group_392" xlink:href="#tok_392"/><!-- ⲉϩⲣⲁⲓ̈ -->
<mark id="orig_group_393" xlink:href="#xpointer(id('tok_393')/range-to(id('tok_394')))"/><!-- ⲉϫⲱ...ⲟⲩ -->
<mark id="orig_group_395" xlink:href="#xpointer(id('tok_395')/range-to(id('tok_396')))"/><!-- ⲛ︤ⲙ︥ⲙⲁ...ⲩ -->
<mark id="orig_group_397" xlink:href="#xpointer(id('tok_397')/range-to(id('tok_401')))"/><!-- ⲛ̄...ⲏ -->
<mark id="orig_group_402" xlink:href="#xpointer(id('tok_402')/range-to(id('tok_404')))"/><!-- ⲙ̄...ⲛⲟⲩⲧⲉ -->
<mark id="orig_group_405" xlink:href="#tok_405"/><!-- Ⲧⲁⲓ̈ -->
<mark id="orig_group_406" xlink:href="#tok_406"/><!-- ⲟⲛ -->
<mark id="orig_group_407" xlink:href="#tok_407"/><!-- ⲧⲉ -->
<mark id="orig_group_408" xlink:href="#xpointer(id('tok_408')/range-to(id('tok_409')))"/><!-- ⲑ...ⲉ -->
<mark id="orig_group_410" xlink:href="#xpointer(id('tok_410')/range-to(id('tok_413')))"/><!-- ⲛ̄ⲧ...ⲱⲛ︤ϩ︥` -->
<mark id="orig_group_414" xlink:href="#xpointer(id('tok_414')/range-to(id('tok_417')))"/><!-- ⲛ̄ϭⲓ...ⲏϣⲉ` -->
<mark id="orig_group_418" xlink:href="#xpointer(id('tok_418')/range-to(id('tok_421')))"/><!-- ⲉ...ⲟⲩ -->
<mark id="orig_group_422" xlink:href="#tok_422"/><!-- ϩⲣⲁⲓ̈ -->
<mark id="orig_group_423" xlink:href="#xpointer(id('tok_423')/range-to(id('tok_424')))"/><!-- ϩ︤ⲛ︥...ⲇⲓⲕⲁⲓⲟⲥⲩⲛⲏ -->
<mark id="orig_group_425" xlink:href="#tok_425"/><!-- ⲛⲓⲙ` -->
<mark id="orig_group_426" xlink:href="#xpointer(id('tok_426')/range-to(id('tok_427')))"/><!-- ⲉⲧⲃⲉ...ϩⲁϩ -->
<mark id="orig_group_428" xlink:href="#xpointer(id('tok_428')/range-to(id('tok_429')))"/><!-- ⲙ̄...ⲡⲣⲟⲫⲏⲧⲏⲥ` -->
<mark id="orig_group_430" xlink:href="#xpointer(id('tok_430')/range-to(id('tok_433')))"/><!-- ⲛ̄...ϫⲟⲉⲓⲥ -->
<mark id="orig_group_434" xlink:href="#xpointer(id('tok_434')/range-to(id('tok_436')))"/><!-- ⲡ...ⲧⲉ` -->
<mark id="orig_group_437" xlink:href="#xpointer(id('tok_437')/range-to(id('tok_440')))"/><!-- ⲉ...ϣⲱⲡⲉ -->
<mark id="orig_group_441" xlink:href="#tok_441"/><!-- ϩⲣⲁⲓ̈ -->
<mark id="orig_group_442" xlink:href="#xpointer(id('tok_442')/range-to(id('tok_443')))"/><!-- ϩ︤ⲛ︥...ϩⲁϩ -->
<mark id="orig_group_444" xlink:href="#xpointer(id('tok_444')/range-to(id('tok_446')))"/><!-- ⲛ̄...ⲟⲥ -->
<mark id="orig_group_447" xlink:href="#xpointer(id('tok_447')/range-to(id('tok_448')))"/><!-- ⲛ̄...ⲁⲣⲭⲁⲓⲟⲥ` -->
<mark id="orig_group_449" xlink:href="#xpointer(id('tok_449')/range-to(id('tok_451')))"/><!-- ⲉ...ϫⲱ̂ -->
<mark id="orig_group_452" xlink:href="#xpointer(id('tok_452')/range-to(id('tok_454')))"/><!-- ⲛ̄...ⲙⲉ` -->
<mark id="orig_group_455" xlink:href="#tok_455"/><!-- · -->
<mark id="orig_group_456" xlink:href="#tok_456"/><!-- ⲁⲩⲱ -->
<mark id="orig_group_457" xlink:href="#xpointer(id('tok_457')/range-to(id('tok_459')))"/><!-- ⲉ...ϫⲡⲓⲟ` -->
<mark id="orig_group_460" xlink:href="#xpointer(id('tok_460')/range-to(id('tok_464')))"/><!-- ⲛ̄...ⲛⲟⲃⲉ` -->
<mark id="orig_group_465" xlink:href="#xpointer(id('tok_465')/range-to(id('tok_468')))"/><!-- ⲉ...ⲣⲓⲍⲉ -->
<mark id="orig_group_469" xlink:href="#xpointer(id('tok_469')/range-to(id('tok_472')))"/><!-- ⲛ̄...ⲉⲓⲣⲉ -->
<mark id="orig_group_473" xlink:href="#xpointer(id('tok_473')/range-to(id('tok_475')))"/><!-- ⲙ̄...ⲁⲅⲁⲑⲟⲛ` -->
<mark id="orig_group_476" xlink:href="#tok_476"/><!-- · -->
<mark id="orig_group_477" xlink:href="#tok_477"/><!-- Ⲁⲩⲱ -->
<mark id="orig_group_478" xlink:href="#xpointer(id('tok_478')/range-to(id('tok_480')))"/><!-- ⲕⲁⲧⲁ...ⲉ -->
<mark id="orig_group_481" xlink:href="#xpointer(id('tok_481')/range-to(id('tok_483')))"/><!-- ⲉⲧⲉ...ⲉⲃⲟⲗ -->
<mark id="orig_group_484" xlink:href="#xpointer(id('tok_484')/range-to(id('tok_486')))"/><!-- ϩ︤ⲛ︥...ⲗⲁⲟⲥ` -->
<mark id="orig_group_487" xlink:href="#xpointer(id('tok_487')/range-to(id('tok_488')))"/><!-- ⲛ̄...ⲁⲣⲭⲁⲓⲟⲥ` -->
<mark id="orig_group_489" xlink:href="#tok_489"/><!-- ⲛⲉ -->
<mark id="orig_group_490" xlink:href="#xpointer(id('tok_490')/range-to(id('tok_495')))"/><!-- ⲛ...ⲛⲁ` -->
<mark id="orig_group_496" xlink:href="#xpointer(id('tok_496')/range-to(id('tok_497')))"/><!-- ⲙ̄ⲙⲟ...ⲟⲩ` -->
<mark id="orig_group_498" xlink:href="#xpointer(id('tok_498')/range-to(id('tok_500')))"/><!-- ⲉⲧⲉ...ⲡⲣⲟⲫⲏⲧⲏⲥ -->
<mark id="orig_group_501" xlink:href="#xpointer(id('tok_501')/range-to(id('tok_502')))"/><!-- ⲛ̄...ⲛⲟⲩϫ` -->
<mark id="orig_group_503" xlink:href="#tok_503"/><!-- ⲛⲉ` -->
<mark id="orig_group_504" xlink:href="#xpointer(id('tok_504')/range-to(id('tok_506')))"/><!-- ⲙ︤ⲛ︥...ⲟⲩⲏⲏⲃ` -->
<mark id="orig_group_507" xlink:href="#xpointer(id('tok_507')/range-to(id('tok_509')))"/><!-- ⲉⲧ...ⲛⲁ` -->
<mark id="orig_group_510" xlink:href="#tok_510"/><!-- · -->
<mark id="orig_group_511" xlink:href="#tok_511"/><!-- ⲧⲁⲓ -->
<mark id="orig_group_512" xlink:href="#tok_512"/><!-- ⲟⲛ -->
<mark id="orig_group_513" xlink:href="#tok_513"/><!-- ⲧⲉ -->
<mark id="orig_group_514" xlink:href="#xpointer(id('tok_514')/range-to(id('tok_515')))"/><!-- Ⲑ...ⲉ` -->
<mark id="orig_group_516" xlink:href="#xpointer(id('tok_516')/range-to(id('tok_518')))"/><!-- ⲉ...ⲉⲃⲟⲗ -->
<mark id="orig_group_519" xlink:href="#tok_519"/><!-- ⲛⲉ -->
<mark id="orig_group_520" xlink:href="#xpointer(id('tok_520')/range-to(id('tok_522')))"/><!-- ϩ︤ⲛ︥...ⲗⲁⲟⲥ -->
<mark id="orig_group_523" xlink:href="#xpointer(id('tok_523')/range-to(id('tok_525')))"/><!-- ⲛ̄...ⲟⲥ` -->
<mark id="orig_group_526" xlink:href="#tok_526"/><!-- ⲛⲉ -->
<mark id="orig_group_527" xlink:href="#xpointer(id('tok_527')/range-to(id('tok_529')))"/><!-- ⲛⲉ...ⲧⲏⲥ` -->
<mark id="orig_group_530" xlink:href="#xpointer(id('tok_530')/range-to(id('tok_532')))"/><!-- ⲙ̄...ϫⲟⲉⲓⲥ -->
<mark id="orig_group_533" xlink:href="#xpointer(id('tok_533')/range-to(id('tok_534')))"/><!-- ⲡ...ⲛⲟⲩⲧⲉ` -->
<mark id="orig_group_535" xlink:href="#xpointer(id('tok_535')/range-to(id('tok_536')))"/><!-- ⲉⲧⲉ...ⲛⲁⲓ̈ -->
<mark id="orig_group_537" xlink:href="#tok_537"/><!-- ⲛⲉ -->
<mark id="orig_group_538" xlink:href="#tok_538"/><!-- · -->
<mark id="orig_group_539" xlink:href="#xpointer(id('tok_539')/range-to(id('tok_540')))"/><!-- ⲙⲱⲩ̈...ⲥⲏⲥ -->
<mark id="orig_group_541" xlink:href="#tok_541"/><!-- · -->
<mark id="orig_group_542" xlink:href="#xpointer(id('tok_542')/range-to(id('tok_543')))"/><!-- ⲙ︤ⲛ︥...ⲓ︤ⲏ︦ⲥ︥ -->
<mark id="orig_group_544" xlink:href="#xpointer(id('tok_544')/range-to(id('tok_545')))"/><!-- ⲡⲉ...ⲡⲣⲟⲫⲏⲧⲏⲥ -->
<mark id="orig_group_546" xlink:href="#tok_546"/><!-- · -->
<mark id="orig_group_547" xlink:href="#xpointer(id('tok_547')/range-to(id('tok_548')))"/><!-- ⲙ︤ⲛ︥...ⲏ̂ⲥⲁⲓ̈ⲁⲥ -->
<mark id="orig_group_549" xlink:href="#tok_549"/><!-- · -->
<mark id="orig_group_550" xlink:href="#xpointer(id('tok_550')/range-to(id('tok_552')))"/><!-- ⲙ︤ⲛ︥...ⲉⲣⲉⲙⲓⲁⲥ` -->
<mark id="orig_group_553" xlink:href="#tok_553"/><!-- · -->
<mark id="orig_group_554" xlink:href="#xpointer(id('tok_554')/range-to(id('tok_556')))"/><!-- ⲙ︤ⲛ︥...ⲍⲉⲕⲓⲏⲗ` -->
<mark id="orig_group_557" xlink:href="#tok_557"/><!-- · -->
<mark id="orig_group_558" xlink:href="#xpointer(id('tok_558')/range-to(id('tok_560')))"/><!-- ⲙ︤ⲛ︥...ⲡⲣⲟⲫⲏⲧⲏⲥ -->
<mark id="orig_group_561" xlink:href="#xpointer(id('tok_561')/range-to(id('tok_563')))"/><!-- ⲧⲏ...ⲟⲩ` -->
<mark id="orig_group_564" xlink:href="#tok_564"/><!-- ⲛⲁⲓ̈ -->
<mark id="orig_group_565" xlink:href="#xpointer(id('tok_565')/range-to(id('tok_569')))"/><!-- ⲛ̄ⲧ...ⲟ` -->
<mark id="orig_group_570" xlink:href="#xpointer(id('tok_570')/range-to(id('tok_571')))"/><!-- ⲛ̄...ⲟⲩⲟⲛ -->
<mark id="orig_group_572" xlink:href="#tok_572"/><!-- ⲛⲓⲙ` -->
<mark id="orig_group_573" xlink:href="#xpointer(id('tok_573')/range-to(id('tok_578')))"/><!-- ⲛ̄...ⲛⲟⲃⲉ -->
<mark id="orig_group_579" xlink:href="#tok_579"/><!-- ⲏ̂ -->
<mark id="orig_group_580" xlink:href="#xpointer(id('tok_580')/range-to(id('tok_583')))"/><!-- ⲉⲧ...ⲛⲟⲃⲉ -->
<mark id="orig_group_584" xlink:href="#xpointer(id('tok_584')/range-to(id('tok_587')))"/><!-- ⲙ̄...ⲧⲟ -->
<mark id="orig_group_588" xlink:href="#tok_588"/><!-- ⲉⲃⲟⲗ -->
<mark id="orig_group_589" xlink:href="#xpointer(id('tok_589')/range-to(id('tok_592')))"/><!-- ⲙ̄...ⲉⲓⲥ` -->
<mark id="orig_group_593" xlink:href="#tok_593"/><!-- · -->
<mark id="orig_group_594" xlink:href="#tok_594"/><!-- ⲁⲩⲱ -->
<mark id="orig_group_595" xlink:href="#xpointer(id('tok_595')/range-to(id('tok_599')))"/><!-- ⲉ...ⲣⲁⲕⲁⲗⲉⲓ` -->
<mark id="orig_group_600" xlink:href="#xpointer(id('tok_600')/range-to(id('tok_601')))"/><!-- ⲛ̄...ⲟⲩⲟⲛ -->
<mark id="orig_group_602" xlink:href="#tok_602"/><!-- ⲛⲓⲙ` -->
<mark id="orig_group_603" xlink:href="#xpointer(id('tok_603')/range-to(id('tok_606')))"/><!-- ⲛ̄ⲧ...ⲉⲓⲣⲉ` -->
<mark id="orig_group_607" xlink:href="#tok_607"/><!-- ⲏ̂ -->
<mark id="orig_group_608" xlink:href="#xpointer(id('tok_608')/range-to(id('tok_610')))"/><!-- ⲉⲧ...ⲉⲓⲣⲉ -->
<mark id="orig_group_611" xlink:href="#xpointer(id('tok_611')/range-to(id('tok_613')))"/><!-- ⲛ̄...ⲕⲁⲓⲟⲥⲩⲛⲏ̂` -->
<mark id="orig_group_614" xlink:href="#tok_614"/><!-- ⲛⲓⲙ -->
<mark id="orig_group_615" xlink:href="#xpointer(id('tok_615')/range-to(id('tok_616')))"/><!-- Ⲛⲉ...ⲡⲣⲟⲫⲏⲧⲏⲥ -->
<mark id="orig_group_617" xlink:href="#tok_617"/><!-- ⲇⲉ -->
<mark id="orig_group_618" xlink:href="#xpointer(id('tok_618')/range-to(id('tok_619')))"/><!-- ⲧⲏⲣ...ⲟⲩ -->
<mark id="orig_group_620" xlink:href="#xpointer(id('tok_620')/range-to(id('tok_622')))"/><!-- ⲙ̄...ϫⲟⲓ̈ⲥ -->
<mark id="orig_group_623" xlink:href="#xpointer(id('tok_623')/range-to(id('tok_624')))"/><!-- ⲡ...ⲛⲟⲩⲧⲉ` -->
<mark id="orig_group_625" xlink:href="#tok_625"/><!-- · -->
<mark id="orig_group_626" xlink:href="#tok_626"/><!-- ⲁⲩⲱ -->
<mark id="orig_group_627" xlink:href="#xpointer(id('tok_627')/range-to(id('tok_628')))"/><!-- ⲛ̄...ⲁⲡⲟⲥⲧⲟⲗⲟⲥ -->
<mark id="orig_group_629" xlink:href="#xpointer(id('tok_629')/range-to(id('tok_632')))"/><!-- ⲛ̄ⲧⲉ...ϫⲟⲓ̈ⲥ -->
<mark id="orig_group_633" xlink:href="#tok_633"/><!-- ⲓ︤ⲥ︥ -->
<mark id="orig_group_634" xlink:href="#tok_634"/><!-- · -->
<mark id="orig_group_635" xlink:href="#xpointer(id('tok_635')/range-to(id('tok_636')))"/><!-- ϩⲉⲛ...ⲉⲃⲟⲗ -->
<mark id="orig_group_637" xlink:href="#xpointer(id('tok_637')/range-to(id('tok_639')))"/><!-- ⲧⲏ...ⲟⲩ -->
<mark id="orig_group_640" xlink:href="#tok_640"/><!-- ⲛⲉ` -->
<mark id="orig_group_641" xlink:href="#xpointer(id('tok_641')/range-to(id('tok_643')))"/><!-- ϩ︤ⲙ︥...ⲥⲡⲉⲣⲙⲁ` -->
<mark id="orig_group_644" xlink:href="#xpointer(id('tok_644')/range-to(id('tok_647')))"/><!-- ⲙ̄...ⲉⲓⲱⲧ` -->
<mark id="orig_group_648" xlink:href="#tok_648"/><!-- ⲁⲃⲣⲁϩⲁⲙ` -->
<mark id="orig_group_649" xlink:href="#tok_649"/><!-- · -->
<mark id="orig_group_650" xlink:href="#tok_650"/><!-- ⲁⲩⲱ -->
<mark id="orig_group_651" xlink:href="#xpointer(id('tok_651')/range-to(id('tok_654')))"/><!-- ⲙ̄ⲡ...ⲥⲟ` -->
<mark id="orig_group_655" xlink:href="#xpointer(id('tok_655')/range-to(id('tok_657')))"/><!-- ⲉ...ⲉⲃⲟⲗ` -->
<mark id="orig_group_658" xlink:href="#xpointer(id('tok_658')/range-to(id('tok_660')))"/><!-- ϩ︤ⲛ︥...ϩⲁⲙ` -->
<mark id="orig_group_661" xlink:href="#xpointer(id('tok_661')/range-to(id('tok_664')))"/><!-- ⲛ̄ⲧⲉⲣ...ⲛⲟⲃⲉ` -->
<mark id="orig_group_665" xlink:href="#xpointer(id('tok_665')/range-to(id('tok_668')))"/><!-- ⲙ̄...ⲧⲟ -->
<mark id="orig_group_669" xlink:href="#tok_669"/><!-- ⲉⲃⲟⲗ -->
<mark id="orig_group_670" xlink:href="#xpointer(id('tok_670')/range-to(id('tok_673')))"/><!-- ⲙ̄...ⲧⲉ` -->
<mark id="orig_group_674" xlink:href="#xpointer(id('tok_674')/range-to(id('tok_679')))"/><!-- ⲛ̄ⲧ...ⲟⲩ -->
<mark id="orig_group_680" xlink:href="#tok_680"/><!-- · -->
<mark id="orig_group_681" xlink:href="#tok_681"/><!-- ⲁⲗⲗⲁ -->
<mark id="orig_group_682" xlink:href="#xpointer(id('tok_682')/range-to(id('tok_685')))"/><!-- ⲉ...ⲉⲓⲛⲉ` -->
<mark id="orig_group_686" xlink:href="#tok_686"/><!-- ⲉϩⲣⲁⲓ̈ -->
<mark id="orig_group_687" xlink:href="#xpointer(id('tok_687')/range-to(id('tok_690')))"/><!-- ⲉϫ︤ⲛ︥...ⲥⲛⲏⲩ` -->
<mark id="orig_group_691" xlink:href="#xpointer(id('tok_691')/range-to(id('tok_693')))"/><!-- ⲛ...ⲃⲟⲗ -->
<mark id="orig_group_694" xlink:href="#xpointer(id('tok_694')/range-to(id('tok_695')))"/><!-- ⲙ̄ⲙⲟ...ⲟⲩ -->
<mark id="orig_group_696" xlink:href="#xpointer(id('tok_696')/range-to(id('tok_698')))"/><!-- ⲛ̄...ⲛⲟϭ -->
<mark id="orig_group_699" xlink:href="#xpointer(id('tok_699')/range-to(id('tok_700')))"/><!-- ⲛ̄...ⲥⲁϩⲟⲩ -->
<mark id="orig_group_701" xlink:href="#tok_701"/><!-- · -->
<mark id="orig_group_702" xlink:href="#xpointer(id('tok_702')/range-to(id('tok_705')))"/><!-- ⲕⲁⲧⲁ...ⲥⲏϩ` -->
<mark id="orig_group_706" xlink:href="#xpointer(id('tok_706')/range-to(id('tok_707')))"/><!-- ⲧⲏⲣ...ⲟⲩ -->
<mark id="orig_group_708" xlink:href="#xpointer(id('tok_708')/range-to(id('tok_711')))"/><!-- ϩ︤ⲙ︥...ⲙⲟⲥ` -->
<mark id="orig_group_712" xlink:href="#xpointer(id('tok_712')/range-to(id('tok_713')))"/><!-- ⲙ̄...ⲙⲱⲩ̈ⲥⲏⲥ -->
<mark id="orig_group_714" xlink:href="#tok_714"/><!-- · -->
<mark id="orig_group_715" xlink:href="#tok_715"/><!-- Ⲁⲩⲱ -->
<mark id="orig_group_716" xlink:href="#tok_716"/><!-- ⲟⲛ -->
<mark id="orig_group_717" xlink:href="#xpointer(id('tok_717')/range-to(id('tok_720')))"/><!-- ⲉ...ⲥⲙⲟⲩ̣` -->
<mark id="orig_group_721" xlink:href="#xpointer(id('tok_721')/range-to(id('tok_722')))"/><!-- ⲉ...ⲟⲩⲟ̂ⲛ -->
<mark id="orig_group_723" xlink:href="#tok_723"/><!-- ⲛⲓⲙ` -->
<mark id="orig_group_724" xlink:href="#xpointer(id('tok_724')/range-to(id('tok_728')))"/><!-- ⲛ̄ⲧ...ⲉⲟⲟⲩ -->
<mark id="orig_group_729" xlink:href="#xpointer(id('tok_729')/range-to(id('tok_731')))"/><!-- ⲙ̄...ϫⲟⲓ̈ⲥ -->
<mark id="orig_group_732" xlink:href="#xpointer(id('tok_732')/range-to(id('tok_733')))"/><!-- ⲡ...ⲛⲟⲩⲧⲉ -->
<mark id="orig_group_734" xlink:href="#xpointer(id('tok_734')/range-to(id('tok_736')))"/><!-- ϩ︤ⲛ︥...ϩⲃⲏⲩⲉ` -->
<mark id="orig_group_737" xlink:href="#xpointer(id('tok_737')/range-to(id('tok_739')))"/><!-- ⲛ̄...ⲟⲥⲩⲛⲏ̂` -->
<mark id="orig_group_740" xlink:href="#tok_740"/><!-- · -->
<mark id="orig_group_741" xlink:href="#xpointer(id('tok_741')/range-to(id('tok_742')))"/><!-- Ⲛ̄...ϩⲟⲩⲟ` -->
<mark id="orig_group_743" xlink:href="#tok_743"/><!-- ⲇⲉ -->
<mark id="orig_group_744" xlink:href="#xpointer(id('tok_744')/range-to(id('tok_746')))"/><!-- ⲉ...ϩⲟⲩⲟ` -->
<mark id="orig_group_747" xlink:href="#xpointer(id('tok_747')/range-to(id('tok_752')))"/><!-- ⲉ...ⲡⲣⲟⲫⲏⲧⲏⲥ -->
<mark id="orig_group_753" xlink:href="#tok_753"/><!-- ⲛⲓⲙ` -->
<mark id="orig_group_754" xlink:href="#xpointer(id('tok_754')/range-to(id('tok_755')))"/><!-- ⲛ̄...ⲛⲟⲩϫ` -->
<mark id="orig_group_756" xlink:href="#tok_756"/><!-- · -->
<mark id="orig_group_757" xlink:href="#xpointer(id('tok_757')/range-to(id('tok_759')))"/><!-- ⲙ︤ⲛ︥...ⲟⲩⲏⲏⲃ` -->
<mark id="orig_group_760" xlink:href="#xpointer(id('tok_760')/range-to(id('tok_761')))"/><!-- ⲧⲏⲣ...ⲟⲩ -->
<mark id="orig_group_762" xlink:href="#xpointer(id('tok_762')/range-to(id('tok_763')))"/><!-- ⲉⲧ...ⲡⲗⲁⲛⲁ` -->
<mark id="orig_group_764" xlink:href="#tok_764"/><!-- · -->
<mark id="orig_group_765" xlink:href="#xpointer(id('tok_765')/range-to(id('tok_766')))"/><!-- ⲙ︤ⲛ︥...ⲁⲛⲧⲓⲭⲣⲓⲥⲧⲟⲥ -->
<mark id="orig_group_767" xlink:href="#tok_767"/><!-- ⲛⲓⲙ -->
<mark id="orig_group_768" xlink:href="#tok_768"/><!-- · -->
<mark id="orig_group_769" xlink:href="#xpointer(id('tok_769')/range-to(id('tok_771')))"/><!-- ⲙ︤ⲛ︥...ⲥⲁϩ` -->
<mark id="orig_group_772" xlink:href="#xpointer(id('tok_772')/range-to(id('tok_773')))"/><!-- ⲧⲏⲣ...ⲟⲩ -->
<mark id="orig_group_774" xlink:href="#xpointer(id('tok_774')/range-to(id('tok_775')))"/><!-- ⲛ̄...ⲛⲟⲩϫ` -->
<mark id="orig_group_776" xlink:href="#xpointer(id('tok_776')/range-to(id('tok_777')))"/><!-- ⲙ︤ⲛ︥...ⲟⲩⲟⲛ -->
<mark id="orig_group_778" xlink:href="#tok_778"/><!-- ⲛⲓⲙ` -->
<mark id="orig_group_779" xlink:href="#xpointer(id('tok_779')/range-to(id('tok_780')))"/><!-- ⲉⲧ...ⲟ` -->
<mark id="orig_group_781" xlink:href="#xpointer(id('tok_781')/range-to(id('tok_783')))"/><!-- ⲛ̄...ⲧⲉ -->
<mark id="orig_group_784" xlink:href="#xpointer(id('tok_784')/range-to(id('tok_786')))"/><!-- ⲉ...ϫⲟⲓ̈ⲥ -->
<mark id="orig_group_787" xlink:href="#tok_787"/><!-- ⲓ︤ⲥ︥ -->
<mark id="orig_group_788" xlink:href="#xpointer(id('tok_788')/range-to(id('tok_790')))"/><!-- ϫⲓⲛ...ϣⲟⲣ︤ⲡ︥` -->
<mark id="orig_group_791" xlink:href="#tok_791"/><!-- ϣⲁϩⲣⲁⲓ̈ -->
<mark id="orig_group_792" xlink:href="#xpointer(id('tok_792')/range-to(id('tok_794')))"/><!-- ⲉ...ⲛⲟⲩ -->
<mark id="orig_group_795" xlink:href="#tok_795"/><!-- · -->
<mark id="orig_group_796" xlink:href="#xpointer(id('tok_796')/range-to(id('tok_797')))"/><!-- ⲉϣ...Ϫⲉ -->
<mark id="orig_group_798" xlink:href="#xpointer(id('tok_798')/range-to(id('tok_800')))"/><!-- ⲛⲉ...ⲧⲏⲥ -->
<mark id="orig_group_801" xlink:href="#tok_801"/><!-- ⲇⲉ -->
<mark id="orig_group_802" xlink:href="#xpointer(id('tok_802')/range-to(id('tok_803')))"/><!-- ⲧⲏⲣ...ⲟⲩ -->
<mark id="orig_group_804" xlink:href="#tok_804"/><!-- · -->
<mark id="orig_group_805" xlink:href="#tok_805"/><!-- ⲁⲩⲱ -->
<mark id="orig_group_806" xlink:href="#xpointer(id('tok_806')/range-to(id('tok_808')))"/><!-- ⲛ̄...ⲗⲟⲥ -->
<mark id="orig_group_809" xlink:href="#xpointer(id('tok_809')/range-to(id('tok_810')))"/><!-- ⲧⲏⲣ...ⲟⲩ -->
<mark id="orig_group_811" xlink:href="#tok_811"/><!-- · -->
<mark id="orig_group_812" xlink:href="#tok_812"/><!-- ⲁⲩⲱ -->
<mark id="orig_group_813" xlink:href="#xpointer(id('tok_813')/range-to(id('tok_815')))"/><!-- ⲛⲉⲛ...ⲧⲉ -->
<mark id="orig_group_816" xlink:href="#xpointer(id('tok_816')/range-to(id('tok_817')))"/><!-- ⲧⲏⲣ...ⲟⲩ` -->
<mark id="orig_group_818" xlink:href="#xpointer(id('tok_818')/range-to(id('tok_820')))"/><!-- ⲛ̄...ⲭⲁⲓⲟⲥ -->
<mark id="orig_group_821" xlink:href="#tok_821"/><!-- · -->
<mark id="orig_group_822" xlink:href="#tok_822"/><!-- ⲁⲩⲱ -->
<mark id="orig_group_823" xlink:href="#xpointer(id('tok_823')/range-to(id('tok_825')))"/><!-- ⲛ̄...ⲕⲁⲓⲟⲥ -->
<mark id="orig_group_826" xlink:href="#xpointer(id('tok_826')/range-to(id('tok_827')))"/><!-- ⲧⲏⲣ...ⲟⲩ -->
<mark id="orig_group_828" xlink:href="#xpointer(id('tok_828')/range-to(id('tok_830')))"/><!-- ϫⲓ⳯...ϣⲟⲣ︤ⲡ︥` -->
<mark id="orig_group_831" xlink:href="#tok_831"/><!-- ϣⲁϩⲣⲁⲓ̈ -->
<mark id="orig_group_832" xlink:href="#xpointer(id('tok_832')/range-to(id('tok_834')))"/><!-- ⲉ...ⲟⲟⲩ` -->
<mark id="orig_group_835" xlink:href="#xpointer(id('tok_835')/range-to(id('tok_836')))"/><!-- ⲛ̄...ϩⲟⲟⲩ -->
<mark id="orig_group_837" xlink:href="#tok_837"/><!-- · -->
<mark id="orig_group_838" xlink:href="#xpointer(id('tok_838')/range-to(id('tok_839')))"/><!-- ϩⲉⲛ...ⲣⲱⲙⲉ` -->
<mark id="orig_group_840" xlink:href="#tok_840"/><!-- ⲛⲉ -->
<mark id="orig_group_841" xlink:href="#xpointer(id('tok_841')/range-to(id('tok_843')))"/><!-- ⲉ...ⲉⲓⲣⲉ` -->
<mark id="orig_group_844" xlink:href="#xpointer(id('tok_844')/range-to(id('tok_846')))"/><!-- ⲛ̄...ⲙⲉ` -->
<mark id="orig_group_847" xlink:href="#tok_847"/><!-- · -->
<mark id="orig_group_848" xlink:href="#tok_848"/><!-- ⲁⲩⲱ -->
<mark id="orig_group_849" xlink:href="#xpointer(id('tok_849')/range-to(id('tok_851')))"/><!-- ⲉ...ϫⲱ̂ -->
<mark id="orig_group_852" xlink:href="#xpointer(id('tok_852')/range-to(id('tok_854')))"/><!-- ⲛ̄...ⲙⲉ` -->
<mark id="orig_group_855" xlink:href="#xpointer(id('tok_855')/range-to(id('tok_857')))"/><!-- ϫⲉ...ⲙⲉ` -->
<mark id="orig_group_858" xlink:href="#xpointer(id('tok_858')/range-to(id('tok_859')))"/><!-- ϣⲟ...ⲟⲡ` -->
<mark id="orig_group_860" xlink:href="#tok_860"/><!-- ϩⲣⲁⲓ̈ -->
<mark id="orig_group_861" xlink:href="#xpointer(id('tok_861')/range-to(id('tok_862')))"/><!-- ⲛ̄ϩⲏⲧ...ⲟⲩ -->
<mark id="orig_group_863" xlink:href="#tok_863"/><!-- · -->
<mark id="orig_group_864" xlink:href="#tok_864"/><!-- ⲁⲩⲱ -->
<mark id="orig_group_865" xlink:href="#tok_865"/><!-- ⲧⲁⲓ̈ -->
<mark id="orig_group_866" xlink:href="#tok_866"/><!-- ⲧⲉ -->
<mark id="orig_group_867" xlink:href="#xpointer(id('tok_867')/range-to(id('tok_868')))"/><!-- ⲑ...ⲉ -->
<mark id="orig_group_869" xlink:href="#xpointer(id('tok_869')/range-to(id('tok_872')))"/><!-- ⲛ̄ⲧ...ⲥⲟⲟⲩⲧ︤ⲛ︥ -->
<mark id="orig_group_873" xlink:href="#xpointer(id('tok_873')/range-to(id('tok_876')))"/><!-- ϩ︤ⲛ︥...ϩⲃⲏⲩⲉ` -->
<mark id="orig_group_877" xlink:href="#xpointer(id('tok_877')/range-to(id('tok_878')))"/><!-- ⲧⲏⲣ...ⲟⲩ` -->
<mark id="orig_group_879" xlink:href="#tok_879"/><!-- ⲉⲃⲟⲗ -->
<mark id="orig_group_880" xlink:href="#xpointer(id('tok_880')/range-to(id('tok_883')))"/><!-- ϩⲓ...ⲛⲟⲩⲧⲉ -->
<mark id="orig_group_884" xlink:href="#tok_884"/><!-- · -->
<mark id="orig_group_885" xlink:href="#tok_885"/><!-- Ⲁⲛⲟⲛ` -->
<mark id="orig_group_886" xlink:href="#tok_886"/><!-- ϩⲱⲱⲛ` -->
<mark id="orig_group_887" xlink:href="#tok_887"/><!-- ⲛ` -->
<mark id="orig_group_888" xlink:href="#tok_888"/><!-- ⲱ̂ -->
<mark id="orig_group_889" xlink:href="#xpointer(id('tok_889')/range-to(id('tok_890')))"/><!-- ⲛⲉ...ⲥⲛⲏⲩ` -->
<mark id="orig_group_891" xlink:href="#xpointer(id('tok_891')/range-to(id('tok_894')))"/><!-- ⲙⲁⲣ︤ⲛ︥...ⲙⲉ` -->
<mark id="orig_group_895" xlink:href="#tok_895"/><!-- ⲁⲩⲱ -->
<mark id="orig_group_896" xlink:href="#xpointer(id('tok_896')/range-to(id('tok_898')))"/><!-- ⲛ̄ⲧ...ϫⲱ̂ -->
<mark id="orig_group_899" xlink:href="#xpointer(id('tok_899')/range-to(id('tok_901')))"/><!-- ⲛ̄...ⲙⲉ` -->
<mark id="orig_group_902" xlink:href="#xpointer(id('tok_902')/range-to(id('tok_903')))"/><!-- ϫⲉ...ⲕⲁⲥ` -->
<mark id="orig_group_904" xlink:href="#xpointer(id('tok_904')/range-to(id('tok_906')))"/><!-- ⲉⲛⲉ...ⲧ︤ⲛ︥ -->
<mark id="orig_group_907" xlink:href="#xpointer(id('tok_907')/range-to(id('tok_909')))"/><!-- ϩ︤ⲛ︥...ϩⲃⲏⲩⲉ` -->
<mark id="orig_group_910" xlink:href="#xpointer(id('tok_910')/range-to(id('tok_911')))"/><!-- ⲧⲏⲣ...ⲟⲩ -->
<mark id="orig_group_912" xlink:href="#tok_912"/><!-- · -->
<mark id="orig_group_913" xlink:href="#tok_913"/><!-- ⲁⲩⲱ -->
<mark id="orig_group_914" xlink:href="#tok_914"/><!-- ϫⲉⲕⲁⲥ` -->
<mark id="orig_group_915" xlink:href="#xpointer(id('tok_915')/range-to(id('tok_916')))"/><!-- ⲉⲛⲉ...ϣⲱⲡⲉ` -->
<mark id="orig_group_917" xlink:href="#xpointer(id('tok_917')/range-to(id('tok_919')))"/><!-- ⲉ...ⲏⲡ` -->
<mark id="orig_group_920" xlink:href="#xpointer(id('tok_920')/range-to(id('tok_922')))"/><!-- ⲉ...ⲡⲣⲟⲫⲏⲧⲏⲥ` -->
<mark id="orig_group_923" xlink:href="#xpointer(id('tok_923')/range-to(id('tok_926')))"/><!-- ⲙ︤ⲛ︥...ⲗⲟⲥ` -->
<mark id="orig_group_927" xlink:href="#tok_927"/><!-- · -->
<mark id="orig_group_928" xlink:href="#xpointer(id('tok_928')/range-to(id('tok_932')))"/><!-- ⲙ︤ⲛ︥...ⲁⲁⲃ -->
<mark id="orig_group_933" xlink:href="#xpointer(id('tok_933')/range-to(id('tok_934')))"/><!-- ⲧⲏⲣ...ⲟⲩ -->
<mark id="orig_group_935" xlink:href="#tok_935"/><!-- · -->
<mark id="orig_group_936" xlink:href="#tok_936"/><!-- ⲁⲩⲱ -->
<mark id="orig_group_937" xlink:href="#xpointer(id('tok_937')/range-to(id('tok_942')))"/><!-- ⲛ̄...ϣⲁ` -->
<mark id="orig_group_943" xlink:href="#xpointer(id('tok_943')/range-to(id('tok_945')))"/><!-- ⲙ̄...ⲛⲟⲩⲧⲉ -->
<mark id="orig_group_946" xlink:href="#tok_946"/><!-- · -->
<mark id="orig_group_947" xlink:href="#xpointer(id('tok_947')/range-to(id('tok_949')))"/><!-- ϫⲉ...ⲙⲉ` -->
<mark id="orig_group_950" xlink:href="#tok_950"/><!-- ⲡⲉ -->
<mark id="orig_group_951" xlink:href="#tok_951"/><!-- ⲡⲛⲟⲩⲧⲉ` -->
<mark id="orig_group_952" xlink:href="#tok_952"/><!-- · -->
<mark id="orig_group_953" xlink:href="#tok_953"/><!-- ⲁⲩⲱ -->
<mark id="orig_group_954" xlink:href="#tok_954"/><!-- ⲟⲩ -->
<mark id="orig_group_955" xlink:href="#tok_955"/><!-- ⲙⲉ` -->
<mark id="orig_group_956" xlink:href="#tok_956"/><!-- ⲡⲉ -->
<mark id="orig_group_957" xlink:href="#xpointer(id('tok_957')/range-to(id('tok_959')))"/><!-- ⲡⲉ...ϫⲟⲉⲓⲥ -->
<mark id="orig_group_960" xlink:href="#tok_960"/><!-- ⲓ︤ⲥ︥` -->
<mark id="orig_group_961" xlink:href="#tok_961"/><!-- ⲡⲁⲓ̈ -->
<mark id="orig_group_962" xlink:href="#xpointer(id('tok_962')/range-to(id('tok_966')))"/><!-- ⲛ̄ⲧ...ⲥ -->
<mark id="orig_group_967" xlink:href="#xpointer(id('tok_967')/range-to(id('tok_968')))"/><!-- ϫⲉ...ⲁⲛⲟⲕ -->
<mark id="orig_group_969" xlink:href="#tok_969"/><!-- ⲡⲉ -->
<mark id="orig_group_970" xlink:href="#xpointer(id('tok_970')/range-to(id('tok_971')))"/><!-- ⲧ...ⲙⲉ` -->
<mark id="orig_group_972" xlink:href="#tok_972"/><!-- · -->
<mark id="orig_group_973" xlink:href="#xpointer(id('tok_973')/range-to(id('tok_974')))"/><!-- Ⲉⲧⲃⲉ...ⲡⲁⲓ̈ -->
<mark id="orig_group_975" xlink:href="#xpointer(id('tok_975')/range-to(id('tok_978')))"/><!-- ⲙ̄ⲡ︤ⲣ︥...ϣⲱⲡⲉ` -->
<mark id="orig_group_979" xlink:href="#xpointer(id('tok_979')/range-to(id('tok_981')))"/><!-- ⲉ...ϫⲱ̂ -->
<mark id="orig_group_982" xlink:href="#xpointer(id('tok_982')/range-to(id('tok_984')))"/><!-- ⲙ̄...ϭⲟⲗ` -->
<mark id="orig_group_985" xlink:href="#tok_985"/><!-- · -->
<mark id="orig_group_986" xlink:href="#xpointer(id('tok_986')/range-to(id('tok_988')))"/><!-- ⲉⲧⲃⲉ...ϩⲃⲏⲩⲉ` -->
<mark id="orig_group_989" xlink:href="#xpointer(id('tok_989')/range-to(id('tok_990')))"/><!-- ⲉⲑ...ⲟⲟⲩ` -->
<mark id="orig_group_991" xlink:href="#xpointer(id('tok_991')/range-to(id('tok_993')))"/><!-- ⲉ...ⲉⲓⲣⲉ` -->
<mark id="orig_group_994" xlink:href="#xpointer(id('tok_994')/range-to(id('tok_995')))"/><!-- ⲙ̄ⲙⲟ...ⲟⲩ -->
<mark id="orig_group_996" xlink:href="#xpointer(id('tok_996')/range-to(id('tok_998')))"/><!-- ϩ︤ⲙ︥...ⲕⲁⲕⲉ` -->
<mark id="orig_group_999" xlink:href="#tok_999"/><!-- · -->
<mark id="orig_group_1000" xlink:href="#xpointer(id('tok_1000')/range-to(id('tok_1004')))"/><!-- ϫⲉ...ϣⲱⲡⲉ -->
<mark id="orig_group_1005" xlink:href="#xpointer(id('tok_1005')/range-to(id('tok_1007')))"/><!-- ⲉ...ⲏⲡ` -->
<mark id="orig_group_1008" xlink:href="#xpointer(id('tok_1008')/range-to(id('tok_1011')))"/><!-- ⲉ...ⲛⲁⲥ -->
<mark id="orig_group_1012" xlink:href="#tok_1012"/><!-- · -->
<mark id="orig_group_1013" xlink:href="#tok_1013"/><!-- ⲡⲁⲓ̈ -->
<mark id="orig_group_1014" xlink:href="#xpointer(id('tok_1014')/range-to(id('tok_1016')))"/><!-- ⲉⲧⲉ...ⲙⲉ` -->
<mark id="orig_group_1017" xlink:href="#tok_1017"/><!-- ϣⲟⲟⲡ` -->
<mark id="orig_group_1018" xlink:href="#tok_1018"/><!-- ϩⲣⲁⲓ̈ -->
<mark id="orig_group_1019" xlink:href="#xpointer(id('tok_1019')/range-to(id('tok_1020')))"/><!-- ⲛ̄ϩⲏⲧ︤...ϥ︥ -->
<mark id="orig_group_1021" xlink:href="#xpointer(id('tok_1021')/range-to(id('tok_1025')))"/><!-- ϫⲉ...ϭⲟⲗ -->
<mark id="orig_group_1026" xlink:href="#tok_1026"/><!-- ⲡⲉ -->
<mark id="orig_group_1027" xlink:href="#tok_1027"/><!-- · -->
<mark id="orig_group_1028" xlink:href="#tok_1028"/><!-- ⲁⲩⲱ -->
<mark id="orig_group_1029" xlink:href="#xpointer(id('tok_1029')/range-to(id('tok_1032')))"/><!-- ⲙ̄ⲡ︤...ϥ︥ -->
<mark id="orig_group_1033" xlink:href="#xpointer(id('tok_1033')/range-to(id('tok_1034')))"/><!-- ϩ︤ⲛ︥...ⲙⲉ` -->
<mark id="orig_group_1035" xlink:href="#tok_1035"/><!-- ⲉⲛⲉϩ⳿ -->
<mark id="orig_group_1036" xlink:href="#xpointer(id('tok_1036')/range-to(id('tok_1037')))"/><!-- Ⲉⲧⲃⲉ...ⲡⲁⲓ̈ -->
<mark id="orig_group_1038" xlink:href="#tok_1038"/><!-- ⲣⲱ̂ -->
<mark id="orig_group_1039" xlink:href="#xpointer(id('tok_1039')/range-to(id('tok_1043')))"/><!-- ϥ...ⲟⲣ︤ⲧ︥` -->
<mark id="orig_group_1044" xlink:href="#xpointer(id('tok_1044')/range-to(id('tok_1046')))"/><!-- ⲉ...ϫⲟ` -->
<mark id="orig_group_1047" xlink:href="#xpointer(id('tok_1047')/range-to(id('tok_1049')))"/><!-- ⲙ̄...ϭⲟⲗ` -->
<mark id="orig_group_1050" xlink:href="#xpointer(id('tok_1050')/range-to(id('tok_1051')))"/><!-- ⲙ︤ⲛ︥...ⲛⲟⲃⲉ` -->
<mark id="orig_group_1052" xlink:href="#tok_1052"/><!-- ⲛⲓⲙ` -->
<mark id="orig_group_1053" xlink:href="#tok_1053"/><!-- ϩⲣⲁⲓ̈ -->
<mark id="orig_group_1054" xlink:href="#xpointer(id('tok_1054')/range-to(id('tok_1057')))"/><!-- ϩ︤ⲛ︥...ⲛⲟⲩϥ -->
<mark id="orig_group_1058" xlink:href="#tok_1058"/><!-- ⲛⲉ` -->
<mark id="orig_group_1059" xlink:href="#xpointer(id('tok_1059')/range-to(id('tok_1061')))"/><!-- ⲕⲁⲧⲁ...ⲉ` -->
<mark id="orig_group_1062" xlink:href="#xpointer(id('tok_1062')/range-to(id('tok_1063')))"/><!-- ⲉⲧ...ⲥⲏϩ` -->
<mark id="orig_group_1064" xlink:href="#tok_1064"/><!-- · -->
<mark id="orig_group_1065" xlink:href="#xpointer(id('tok_1065')/range-to(id('tok_1066')))"/><!-- ϫⲉ...ϩⲟⲧⲁⲛ` -->
<mark id="orig_group_1067" xlink:href="#xpointer(id('tok_1067')/range-to(id('tok_1069')))"/><!-- ⲉⲣⲉ...ϭⲟⲗ` -->
<mark id="orig_group_1070" xlink:href="#xpointer(id('tok_1070')/range-to(id('tok_1071')))"/><!-- ⲛⲁ...ϣⲁϫⲉ` -->
<mark id="orig_group_1072" xlink:href="#xpointer(id('tok_1072')/range-to(id('tok_1074')))"/><!-- ϣⲁ...ϣⲁϫⲉ -->
<mark id="orig_group_1075" xlink:href="#tok_1075"/><!-- ⲉⲃⲟⲗ` -->
<mark id="orig_group_1076" xlink:href="#xpointer(id('tok_1076')/range-to(id('tok_1079')))"/><!-- ϩ︤ⲛ︥...ⲛⲟⲩϥ -->
<mark id="orig_group_1080" xlink:href="#tok_1080"/><!-- ⲛⲉ` -->
<mark id="orig_group_1081" xlink:href="#tok_1081"/><!-- ⲛⲟⲓ̈ -->
<mark id="orig_group_1082" xlink:href="#tok_1082"/><!-- ⲟⲩⲛ -->
<mark id="orig_group_1083" xlink:href="#xpointer(id('tok_1083')/range-to(id('tok_1084')))"/><!-- ϫⲉ...ⲟⲩⲟⲛ` -->
<mark id="orig_group_1085" xlink:href="#tok_1085"/><!-- ⲛⲓⲙ` -->
<mark id="orig_group_1086" xlink:href="#xpointer(id('tok_1086')/range-to(id('tok_1087')))"/><!-- ⲉⲧ...ⲉⲓⲣⲉ` -->
<mark id="orig_group_1088" xlink:href="#xpointer(id('tok_1088')/range-to(id('tok_1090')))"/><!-- ⲙ̄...ⲛⲟⲃⲉ -->
<mark id="orig_group_1091" xlink:href="#tok_1091"/><!-- · -->
<mark id="orig_group_1092" xlink:href="#tok_1092"/><!-- ⲁⲩⲱ -->
<mark id="orig_group_1093" xlink:href="#xpointer(id('tok_1093')/range-to(id('tok_1094')))"/><!-- ⲉⲧ...ϫⲱ̂ -->
<mark id="orig_group_1095" xlink:href="#xpointer(id('tok_1095')/range-to(id('tok_1097')))"/><!-- ⲙ̄...ϭⲟⲗ` -->
<mark id="orig_group_1098" xlink:href="#xpointer(id('tok_1098')/range-to(id('tok_1100')))"/><!-- ⲉ...ⲏⲡ` -->
<mark id="orig_group_1101" xlink:href="#tok_1101"/><!-- ⲉ -->
</markList>
</paula>
