<?xml version="1.0" encoding="UTF-8" standalone="no"?>

<!DOCTYPE paula SYSTEM "paula_feat.dtd">
<paula version="1.0">

<header paula_id="aof.YA547-550_translation"/>

<featList xmlns:xlink="http://www.w3.org/1999/xlink" type="translation" xml:base="aof.YA547-550.translationSeg.xml">
<feat xlink:href="#translation_1" value="[lacuna of 3 folios/6 pages].... . . and in your community. "/><!-- ⲁⲩⲱ -->
<feat xlink:href="#translation_6" value="So that truly we shall be like the sons of Abraham and the sons of all our ancient ancestors, "/><!-- ϫⲉⲕⲁⲥ -->
<feat xlink:href="#translation_31" value="whom the Lord blessed "/><!-- ⲛⲁⲓ̈ -->
<feat xlink:href="#translation_41" value="because they not only loved their sons and daughters of the flesh and all their relatives, "/><!-- ϫⲉ -->
<feat xlink:href="#translation_66" value="but they loved everyone who believed in God and who guarded God&apos;s commandments, "/><!-- ⲁⲗⲗⲁ` -->
<feat xlink:href="#translation_91" value="and thus their seed inherited everyone who is faithful and just, "/><!-- ⲁⲩⲱ -->
<feat xlink:href="#translation_113" value="from the beginning until today and forever.  "/><!-- ϫⲓⲛ -->
<feat xlink:href="#translation_128" value="But if our ancient ancestors had disobedient and sinful children, "/><!-- ⲉϣϫⲉ -->
<feat xlink:href="#translation_147" value="they did not then remounce their just children in order for them to flee from them"/><!-- ⲙ̄ -->
<feat xlink:href="#translation_165" value="because of the amount of ignorance of the evil children, "/><!-- ⲉⲧⲃⲉ -->
<feat xlink:href="#translation_179" value="but they cut off the sinful children "/><!-- ⲁⲗⲗⲁ -->
<feat xlink:href="#translation_194" value="and remain with the just children all the days of their lives. "/><!-- ⲁ -->
<feat xlink:href="#translation_215" value="Therefore just as many sinful children cause grief to our ancient ancestors, "/><!-- Ⲉⲧⲃⲉ -->
<feat xlink:href="#translation_237" value="so also many just children bring them joy; "/><!-- ⲧⲁⲓ̈ -->
<feat xlink:href="#translation_255" value="and just as God often becomes angry so to destroy many ancient tribes on account of the many sinful children among them,  "/><!-- ⲁⲩⲱ -->
<feat xlink:href="#translation_294" value="so also God often turns his anger from many ancient tribes because of the just children among them;  "/><!-- Ⲧⲁⲓ̈ -->
<feat xlink:href="#translation_336" value="and just as a great number [of people] died in their  wickedness in every lawlessnes, on account of many false prophets "/><!-- ⲁⲩⲱ -->
<feat xlink:href="#translation_366" value="who lived among the many ancient tribes, praising them and deceiving them and drawing the anger of God on them, "/><!-- ⲉ -->
<feat xlink:href="#translation_405" value="so also a great many lived in every righteousness on account of the prophets of the Lord God, "/><!-- Ⲧⲁⲓ̈ -->
<feat xlink:href="#translation_437" value="who lived among the many ancient tribes, speaking the truth, "/><!-- ⲉ -->
<feat xlink:href="#translation_456" value="and blaming sinners and blessing those who do good; "/><!-- ⲁⲩⲱ -->
<feat xlink:href="#translation_477" value="and just as some in the ancients tribes were the deceivers (which means the false prophets and the deceptive priests), "/><!-- Ⲁⲩⲱ -->
<feat xlink:href="#translation_511" value="so also some in the ancient tribes were prophets of the Lord, such as "/><!-- ⲧⲁⲓ -->
<feat xlink:href="#translation_539" value="Moses and Joshua  the prophet, and Isaiah, Jeremaiah, Ezekial, "/><!-- ⲙⲱⲩ̈ -->
<feat xlink:href="#translation_558" value="and all the prophets who find fault with everyone who sinned or who will sin in the presence of the Lord, "/><!-- ⲙ︤ⲛ︥ -->
<feat xlink:href="#translation_594" value="and they praise everyone who did, or will do, every righteousness."/><!-- ⲁⲩⲱ -->
<feat xlink:href="#translation_615" value="But all the prophets of the Lord God and the apostles of our Lord Jesus "/><!-- Ⲛⲉ -->
<feat xlink:href="#translation_635" value="are all from the seed of our father Abraham, "/><!-- ϩⲉⲛ -->
<feat xlink:href="#translation_650" value="and those from Abraham were not spared when they sinned in the presence of the God who made them, "/><!-- ⲁⲩⲱ -->
<feat xlink:href="#translation_681" value="but great curses were brought upon their brethren, their kin, "/><!-- ⲁⲗⲗⲁ -->
<feat xlink:href="#translation_702" value="as it is written in the law of Moses.  "/><!-- ⲕⲁⲧⲁ -->
<feat xlink:href="#translation_715" value="And also they bless everyone who gives glory to the Lord God by their just works, "/><!-- Ⲁⲩⲱ -->
<feat xlink:href="#translation_741" value="but even more greatly do they curse every false prophet and all the priests who deceive and every anti-Christ,  "/><!-- Ⲛ̄ -->
<feat xlink:href="#translation_769" value="and all false teachers, and everyone who did not believe in our Lord Jesus from the beginning until now. "/><!-- ⲙ︤ⲛ︥ -->
<feat xlink:href="#translation_796" value="But if all the prophets, apostles and ancients ancestors and righteous people from the beginning until today "/><!-- ⲉϣ -->
<feat xlink:href="#translation_838" value="are people who perform the truth, and speak the truth, "/><!-- ϩⲉⲛ -->
<feat xlink:href="#translation_855" value="because the truth is in them, "/><!-- ϫⲉ -->
<feat xlink:href="#translation_864" value="and thus they are upstanding in all their deeds through God. "/><!-- ⲁⲩⲱ -->
<feat xlink:href="#translation_885" value="As for us, brethren, let us perform the truth and speak the truth so that we are upstanding in all our works, "/><!-- Ⲁⲛⲟⲛ` -->
<feat xlink:href="#translation_913" value="and so that we might belong to the prophets, apostles and all the saints, "/><!-- ⲁⲩⲱ -->
<feat xlink:href="#translation_936" value="and we would be worthy of God, because God is truthful, "/><!-- ⲁⲩⲱ -->
<feat xlink:href="#translation_953" value="and our Lord is truthful, who said, “I am the truth.” "/><!-- ⲁⲩⲱ -->
<feat xlink:href="#translation_973" value="Therefore let us not lie "/><!-- Ⲉⲧⲃⲉ -->
<feat xlink:href="#translation_986" value="about evil deeds that we do in the darkness "/><!-- ⲉⲧⲃⲉ -->
<feat xlink:href="#translation_1000" value="so that we do not belong to Satan, "/><!-- ϫⲉ -->
<feat xlink:href="#translation_1013" value="in whom no truth exists, "/><!-- ⲡⲁⲓ̈ -->
<feat xlink:href="#translation_1021" value="because he is a liar "/><!-- ϫⲉ -->
<feat xlink:href="#translation_1028" value="and he does not ever stand fast truthfully. "/><!-- ⲁⲩⲱ -->
<feat xlink:href="#translation_1036" value="Therefore indeed he is cursed, sowing lies and every sin among his companions, as it is written, "/><!-- Ⲉⲧⲃⲉ -->
<feat xlink:href="#translation_1065" value="&apos;&quot;Whenever a liar speaks, he speaks among his companions.  [??] that everyone who sins and who lies belongs to...&apos;&apos; [text picks up in YA 551-54]"/><!-- ϫⲉ -->
</featList>
</paula>
