<?xml version="1.0" encoding="UTF-8" standalone="no"?>

<!DOCTYPE paula SYSTEM "paula_mark.dtd">
<paula version="1.0">

<header paula_id="aof.YA547-550_origSeg"/>

<markList xmlns:xlink="http://www.w3.org/1999/xlink" type="origSeg" xml:base="aof.YA547-550.tok.xml">
<mark id="orig_1" xlink:href="#tok_1"/><!-- ⲁⲩⲱ -->
<mark id="orig_2" xlink:href="#tok_2"/><!-- ϩⲁⲧ︤ⲛ︥ -->
<mark id="orig_3" xlink:href="#xpointer(id('tok_3')/range-to(id('tok_4')))"/><!-- ⲧⲏⲩ...ⲧ︤ⲛ︥ -->
<mark id="orig_5" xlink:href="#tok_5"/><!-- · -->
<mark id="orig_6" xlink:href="#tok_6"/><!-- ϫⲉⲕⲁⲥ -->
<mark id="orig_7" xlink:href="#xpointer(id('tok_7')/range-to(id('tok_8')))"/><!-- ⲛⲁ...ⲙⲉ` -->
<mark id="orig_9" xlink:href="#tok_9"/><!-- ⲉ -->
<mark id="orig_10" xlink:href="#tok_10"/><!-- ⲛ -->
<mark id="orig_11" xlink:href="#tok_11"/><!-- ⲛⲁ -->
<mark id="orig_12" xlink:href="#tok_12"/><!-- ϣⲱⲡⲉ -->
<mark id="orig_13" xlink:href="#tok_13"/><!-- ⲛ̄ -->
<mark id="orig_14" xlink:href="#tok_14"/><!-- ϣⲏⲣⲉ` -->
<mark id="orig_15" xlink:href="#tok_15"/><!-- ⲛ̄ -->
<mark id="orig_16" xlink:href="#xpointer(id('tok_16')/range-to(id('tok_17')))"/><!-- ⲁⲃⲣⲁ...ϩⲁⲙ` -->
<mark id="orig_18" xlink:href="#tok_18"/><!-- · -->
<mark id="orig_19" xlink:href="#tok_19"/><!-- ⲁⲩⲱ -->
<mark id="orig_20" xlink:href="#tok_20"/><!-- ⲛ̄ -->
<mark id="orig_21" xlink:href="#tok_21"/><!-- ϣⲏⲣⲉ` -->
<mark id="orig_22" xlink:href="#tok_22"/><!-- ⲛ̄ -->
<mark id="orig_23" xlink:href="#tok_23"/><!-- ⲛⲉⲛ -->
<mark id="orig_24" xlink:href="#xpointer(id('tok_24')/range-to(id('tok_25')))"/><!-- ⲉⲓ...ⲟⲧⲉ` -->
<mark id="orig_26" xlink:href="#tok_26"/><!-- ⲧⲏⲣ -->
<mark id="orig_27" xlink:href="#tok_27"/><!-- ⲟⲩ` -->
<mark id="orig_28" xlink:href="#tok_28"/><!-- ⲛ̄ -->
<mark id="orig_29" xlink:href="#tok_29"/><!-- ⲁⲣⲭⲁⲓⲟⲥ -->
<mark id="orig_30" xlink:href="#tok_30"/><!-- · -->
<mark id="orig_31" xlink:href="#tok_31"/><!-- ⲛⲁⲓ̈ -->
<mark id="orig_32" xlink:href="#xpointer(id('tok_32')/range-to(id('tok_33')))"/><!-- ⲛ̄...ⲧ -->
<mark id="orig_34" xlink:href="#tok_34"/><!-- ⲁ -->
<mark id="orig_35" xlink:href="#tok_35"/><!-- ⲡ -->
<mark id="orig_36" xlink:href="#tok_36"/><!-- ϫⲟⲉⲓⲥ` -->
<mark id="orig_37" xlink:href="#tok_37"/><!-- ⲥⲙⲟⲩ -->
<mark id="orig_38" xlink:href="#tok_38"/><!-- ⲉⲣⲟ -->
<mark id="orig_39" xlink:href="#tok_39"/><!-- ⲟⲩ -->
<mark id="orig_40" xlink:href="#tok_40"/><!-- · -->
<mark id="orig_41" xlink:href="#tok_41"/><!-- ϫⲉ -->
<mark id="orig_42" xlink:href="#tok_42"/><!-- ⲁ -->
<mark id="orig_43" xlink:href="#tok_43"/><!-- ⲩ -->
<mark id="orig_44" xlink:href="#tok_44"/><!-- ⲙⲉⲣⲉ` -->
<mark id="orig_45" xlink:href="#tok_45"/><!-- ⲛⲉⲩ -->
<mark id="orig_46" xlink:href="#tok_46"/><!-- ϣⲏⲣⲉ -->
<mark id="orig_47" xlink:href="#tok_47"/><!-- ⲙ︤ⲛ︥ -->
<mark id="orig_48" xlink:href="#tok_48"/><!-- ⲛⲉⲩ -->
<mark id="orig_49" xlink:href="#tok_49"/><!-- ϣⲉⲉⲣⲉ -->
<mark id="orig_50" xlink:href="#tok_50"/><!-- ⲛ̄ⲧⲉ -->
<mark id="orig_51" xlink:href="#tok_51"/><!-- ⲧ -->
<mark id="orig_52" xlink:href="#tok_52"/><!-- ⲥⲁⲣ︤ⲝ︥` -->
<mark id="orig_53" xlink:href="#xpointer(id('tok_53')/range-to(id('tok_54')))"/><!-- ⲙ̄ⲙⲁ...ⲧⲉ -->
<mark id="orig_55" xlink:href="#tok_55"/><!-- ⲁⲛ -->
<mark id="orig_56" xlink:href="#tok_56"/><!-- · -->
<mark id="orig_57" xlink:href="#tok_57"/><!-- ⲙ︤ⲛ︥ -->
<mark id="orig_58" xlink:href="#tok_58"/><!-- ⲛ -->
<mark id="orig_59" xlink:href="#tok_59"/><!-- ⲉⲧ -->
<mark id="orig_60" xlink:href="#tok_60"/><!-- ⲏⲡ` -->
<mark id="orig_61" xlink:href="#tok_61"/><!-- ⲧⲏⲣ -->
<mark id="orig_62" xlink:href="#tok_62"/><!-- ⲟⲩ` -->
<mark id="orig_63" xlink:href="#tok_63"/><!-- ⲉⲣⲟ -->
<mark id="orig_64" xlink:href="#tok_64"/><!-- ⲟⲩ -->
<mark id="orig_65" xlink:href="#tok_65"/><!-- · -->
<mark id="orig_66" xlink:href="#tok_66"/><!-- ⲁⲗⲗⲁ` -->
<mark id="orig_67" xlink:href="#tok_67"/><!-- ⲁ -->
<mark id="orig_68" xlink:href="#tok_68"/><!-- ⲩ -->
<mark id="orig_69" xlink:href="#xpointer(id('tok_69')/range-to(id('tok_70')))"/><!-- ⲙⲉ...ⲣⲉ` -->
<mark id="orig_71" xlink:href="#tok_71"/><!-- ⲟⲩⲟⲛ` -->
<mark id="orig_72" xlink:href="#tok_72"/><!-- ⲛⲓⲙ` -->
<mark id="orig_73" xlink:href="#tok_73"/><!-- ⲉⲧ -->
<mark id="orig_74" xlink:href="#tok_74"/><!-- ⲡⲓⲥⲧⲉⲩⲉ` -->
<mark id="orig_75" xlink:href="#tok_75"/><!-- ⲉ -->
<mark id="orig_76" xlink:href="#tok_76"/><!-- ⲡ -->
<mark id="orig_77" xlink:href="#tok_77"/><!-- ⲛⲟⲩⲧⲉ -->
<mark id="orig_78" xlink:href="#tok_78"/><!-- · -->
<mark id="orig_79" xlink:href="#tok_79"/><!-- ⲁⲩⲱ -->
<mark id="orig_80" xlink:href="#tok_80"/><!-- ⲉⲧ -->
<mark id="orig_81" xlink:href="#tok_81"/><!-- ϩⲁⲣⲉϩ` -->
<mark id="orig_82" xlink:href="#tok_82"/><!-- ⲉ -->
<mark id="orig_83" xlink:href="#tok_83"/><!-- ⲛ -->
<mark id="orig_84" xlink:href="#xpointer(id('tok_84')/range-to(id('tok_85')))"/><!-- ⲉⲛ...ⲧⲟⲗⲏ` -->
<mark id="orig_86" xlink:href="#tok_86"/><!-- ⲙ̄ -->
<mark id="orig_87" xlink:href="#tok_87"/><!-- ⲡ -->
<mark id="orig_88" xlink:href="#xpointer(id('tok_88')/range-to(id('tok_89')))"/><!-- ⲛⲟⲩ...ⲧⲉ` -->
<mark id="orig_90" xlink:href="#tok_90"/><!-- · -->
<mark id="orig_91" xlink:href="#tok_91"/><!-- ⲁⲩⲱ -->
<mark id="orig_92" xlink:href="#tok_92"/><!-- ⲛ̄ -->
<mark id="orig_93" xlink:href="#tok_93"/><!-- ⲧⲉⲓ̈ -->
<mark id="orig_94" xlink:href="#tok_94"/><!-- ϩⲉ` -->
<mark id="orig_95" xlink:href="#tok_95"/><!-- ⲁ -->
<mark id="orig_96" xlink:href="#tok_96"/><!-- ⲡⲉⲩ -->
<mark id="orig_97" xlink:href="#xpointer(id('tok_97')/range-to(id('tok_98')))"/><!-- ⲥⲡⲉⲣ...ⲙⲁ` -->
<mark id="orig_99" xlink:href="#xpointer(id('tok_99')/range-to(id('tok_100')))"/><!-- ⲕⲗⲏⲣⲟⲛⲟ...ⲙⲉⲓ` -->
<mark id="orig_101" xlink:href="#tok_101"/><!-- ⲛ̄ -->
<mark id="orig_102" xlink:href="#tok_102"/><!-- ⲟⲩⲟⲛ` -->
<mark id="orig_103" xlink:href="#tok_103"/><!-- ⲛⲓⲙ -->
<mark id="orig_104" xlink:href="#tok_104"/><!-- ⲉⲧ -->
<mark id="orig_105" xlink:href="#tok_105"/><!-- ⲛⲁ -->
<mark id="orig_106" xlink:href="#tok_106"/><!-- ϣⲱⲡⲉ -->
<mark id="orig_107" xlink:href="#tok_107"/><!-- ⲙ̄ -->
<mark id="orig_108" xlink:href="#tok_108"/><!-- ⲡⲓⲥⲧⲟⲥ -->
<mark id="orig_109" xlink:href="#tok_109"/><!-- · -->
<mark id="orig_110" xlink:href="#tok_110"/><!-- ⲁⲩⲱ -->
<mark id="orig_111" xlink:href="#tok_111"/><!-- ⲛ̄ -->
<mark id="orig_112" xlink:href="#tok_112"/><!-- ⲇⲓⲕⲁⲓⲟⲥ` -->
<mark id="orig_113" xlink:href="#tok_113"/><!-- ϫⲓⲛ -->
<mark id="orig_114" xlink:href="#tok_114"/><!-- ⲛ̄ -->
<mark id="orig_115" xlink:href="#tok_115"/><!-- ϣⲟⲣ︤ⲡ︥ -->
<mark id="orig_116" xlink:href="#xpointer(id('tok_116')/range-to(id('tok_117')))"/><!-- ϣⲁ...ϩⲣⲁⲓ̈ -->
<mark id="orig_118" xlink:href="#tok_118"/><!-- ⲉ -->
<mark id="orig_119" xlink:href="#tok_119"/><!-- ⲡ -->
<mark id="orig_120" xlink:href="#tok_120"/><!-- ⲟⲟⲩ -->
<mark id="orig_121" xlink:href="#tok_121"/><!-- ⲛ̄ -->
<mark id="orig_122" xlink:href="#tok_122"/><!-- ϩⲟⲟⲩ̣` -->
<mark id="orig_123" xlink:href="#tok_123"/><!-- ⲁⲩⲱ -->
<mark id="orig_124" xlink:href="#tok_124"/><!-- ϣⲁ -->
<mark id="orig_125" xlink:href="#xpointer(id('tok_125')/range-to(id('tok_126')))"/><!-- ⲉ...ⲛⲉϩ -->
<mark id="orig_127" xlink:href="#tok_127"/><!-- · -->
<mark id="orig_128" xlink:href="#tok_128"/><!-- ⲉϣϫⲉ -->
<mark id="orig_129" xlink:href="#tok_129"/><!-- Ⲁ -->
<mark id="orig_130" xlink:href="#tok_130"/><!-- ϩⲉⲛ -->
<mark id="orig_131" xlink:href="#tok_131"/><!-- ϣⲏⲣⲉ` -->
<mark id="orig_132" xlink:href="#tok_132"/><!-- ⲇⲉ -->
<mark id="orig_133" xlink:href="#tok_133"/><!-- ⲛ̄ -->
<mark id="orig_134" xlink:href="#tok_134"/><!-- ⲁⲧⲥⲱⲧⲙ̄` -->
<mark id="orig_135" xlink:href="#tok_135"/><!-- ⲁⲩⲱ -->
<mark id="orig_136" xlink:href="#tok_136"/><!-- ⲛ̄ -->
<mark id="orig_137" xlink:href="#tok_137"/><!-- ⲣⲉϥⲣ̄ -->
<mark id="orig_138" xlink:href="#tok_138"/><!-- ⲛⲟⲃⲉ` -->
<mark id="orig_139" xlink:href="#tok_139"/><!-- ϣⲱⲡⲉ` -->
<mark id="orig_140" xlink:href="#tok_140"/><!-- ⲛ̄ -->
<mark id="orig_141" xlink:href="#tok_141"/><!-- ⲛⲉⲛ -->
<mark id="orig_142" xlink:href="#tok_142"/><!-- ⲉⲓⲟⲧⲉ` -->
<mark id="orig_143" xlink:href="#tok_143"/><!-- ⲛ̄ -->
<mark id="orig_144" xlink:href="#xpointer(id('tok_144')/range-to(id('tok_145')))"/><!-- ⲁⲣⲭⲁⲓ...ⲟⲥ -->
<mark id="orig_146" xlink:href="#tok_146"/><!-- · -->
<mark id="orig_147" xlink:href="#tok_147"/><!-- ⲙ̄ -->
<mark id="orig_148" xlink:href="#tok_148"/><!-- ⲡ -->
<mark id="orig_149" xlink:href="#tok_149"/><!-- ⲟⲩ -->
<mark id="orig_150" xlink:href="#xpointer(id('tok_150')/range-to(id('tok_151')))"/><!-- ⲁⲑⲉ...ⲧⲓ` -->
<mark id="orig_152" xlink:href="#tok_152"/><!-- ⲛ̄ -->
<mark id="orig_153" xlink:href="#tok_153"/><!-- ⲛⲉⲩ -->
<mark id="orig_154" xlink:href="#tok_154"/><!-- ϣⲏⲣⲉ -->
<mark id="orig_155" xlink:href="#tok_155"/><!-- ⲛ̄ -->
<mark id="orig_156" xlink:href="#tok_156"/><!-- ⲇⲓⲕⲁⲓⲟⲥ` -->
<mark id="orig_157" xlink:href="#tok_157"/><!-- ⲉ -->
<mark id="orig_158" xlink:href="#tok_158"/><!-- ⲧⲣⲉ -->
<mark id="orig_159" xlink:href="#tok_159"/><!-- ⲩ -->
<mark id="orig_160" xlink:href="#tok_160"/><!-- ⲡⲱⲧ` -->
<mark id="orig_161" xlink:href="#tok_161"/><!-- ⲉⲃⲟⲗ` -->
<mark id="orig_162" xlink:href="#tok_162"/><!-- ⲙ̄ⲙⲟ -->
<mark id="orig_163" xlink:href="#tok_163"/><!-- ⲟⲩ -->
<mark id="orig_164" xlink:href="#tok_164"/><!-- · -->
<mark id="orig_165" xlink:href="#tok_165"/><!-- ⲉⲧⲃⲉ -->
<mark id="orig_166" xlink:href="#tok_166"/><!-- ⲡ -->
<mark id="orig_167" xlink:href="#xpointer(id('tok_167')/range-to(id('tok_168')))"/><!-- ⲁ...ϣⲁⲓ̈ -->
<mark id="orig_169" xlink:href="#tok_169"/><!-- ⲛ̄ -->
<mark id="orig_170" xlink:href="#tok_170"/><!-- ⲙ̄ -->
<mark id="orig_171" xlink:href="#xpointer(id('tok_171')/range-to(id('tok_172')))"/><!-- ⲙ︤ⲛ︦ⲧ︥ⲁⲧ...ⲥⲃⲱ̂` -->
<mark id="orig_173" xlink:href="#tok_173"/><!-- ⲛ̄ -->
<mark id="orig_174" xlink:href="#tok_174"/><!-- ⲛ̄ -->
<mark id="orig_175" xlink:href="#tok_175"/><!-- ϣⲏⲣⲉ` -->
<mark id="orig_176" xlink:href="#tok_176"/><!-- ⲉⲑ -->
<mark id="orig_177" xlink:href="#tok_177"/><!-- ⲟⲟⲩ -->
<mark id="orig_178" xlink:href="#tok_178"/><!-- · -->
<mark id="orig_179" xlink:href="#tok_179"/><!-- ⲁⲗⲗⲁ -->
<mark id="orig_180" xlink:href="#tok_180"/><!-- ⲛ̄ⲧ -->
<mark id="orig_181" xlink:href="#tok_181"/><!-- ⲁ -->
<mark id="orig_182" xlink:href="#tok_182"/><!-- ⲩ -->
<mark id="orig_183" xlink:href="#tok_183"/><!-- ϣⲱⲱⲧ` -->
<mark id="orig_184" xlink:href="#tok_184"/><!-- ⲉⲃⲟⲗ -->
<mark id="orig_185" xlink:href="#tok_185"/><!-- ⲙ̄ⲙⲟ -->
<mark id="orig_186" xlink:href="#tok_186"/><!-- ⲟⲩ -->
<mark id="orig_187" xlink:href="#tok_187"/><!-- ⲛ̄ -->
<mark id="orig_188" xlink:href="#tok_188"/><!-- ⲛ̄ -->
<mark id="orig_189" xlink:href="#tok_189"/><!-- ϣⲏⲣⲉ` -->
<mark id="orig_190" xlink:href="#tok_190"/><!-- ⲛ̄ -->
<mark id="orig_191" xlink:href="#tok_191"/><!-- ⲣⲉϥⲣ̄ -->
<mark id="orig_192" xlink:href="#tok_192"/><!-- ⲛⲟⲃⲉ -->
<mark id="orig_193" xlink:href="#tok_193"/><!-- · -->
<mark id="orig_194" xlink:href="#tok_194"/><!-- ⲁ -->
<mark id="orig_195" xlink:href="#tok_195"/><!-- ⲩ -->
<mark id="orig_196" xlink:href="#tok_196"/><!-- ϭⲱ -->
<mark id="orig_197" xlink:href="#tok_197"/><!-- ⲙ︤ⲛ︥ -->
<mark id="orig_198" xlink:href="#tok_198"/><!-- ⲛⲉ -->
<mark id="orig_199" xlink:href="#tok_199"/><!-- ⲩ -->
<mark id="orig_200" xlink:href="#tok_200"/><!-- ϣⲏⲣⲉ -->
<mark id="orig_201" xlink:href="#tok_201"/><!-- ⲛ̄ -->
<mark id="orig_202" xlink:href="#xpointer(id('tok_202')/range-to(id('tok_203')))"/><!-- ⲇⲓ...ⲕⲁⲓⲟⲥ` -->
<mark id="orig_204" xlink:href="#tok_204"/><!-- ⲛ̄ -->
<mark id="orig_205" xlink:href="#tok_205"/><!-- ⲛⲉ -->
<mark id="orig_206" xlink:href="#xpointer(id('tok_206')/range-to(id('tok_207')))"/><!-- ϩⲟ...ⲟⲩ -->
<mark id="orig_208" xlink:href="#tok_208"/><!-- ⲧⲏⲣ -->
<mark id="orig_209" xlink:href="#tok_209"/><!-- ⲟⲩ -->
<mark id="orig_210" xlink:href="#tok_210"/><!-- ⲙ̄ -->
<mark id="orig_211" xlink:href="#tok_211"/><!-- ⲡⲉ -->
<mark id="orig_212" xlink:href="#tok_212"/><!-- ⲩ -->
<mark id="orig_213" xlink:href="#tok_213"/><!-- ⲱⲛ︤ϩ︥ -->
<mark id="orig_214" xlink:href="#tok_214"/><!-- · -->
<mark id="orig_215" xlink:href="#tok_215"/><!-- Ⲉⲧⲃⲉ -->
<mark id="orig_216" xlink:href="#tok_216"/><!-- ⲡⲁⲓ̈ -->
<mark id="orig_217" xlink:href="#tok_217"/><!-- ⲕⲁⲧⲁ -->
<mark id="orig_218" xlink:href="#tok_218"/><!-- ⲑ -->
<mark id="orig_219" xlink:href="#tok_219"/><!-- ⲉ -->
<mark id="orig_220" xlink:href="#tok_220"/><!-- ⲛ̄ⲧ -->
<mark id="orig_221" xlink:href="#tok_221"/><!-- ⲁ -->
<mark id="orig_222" xlink:href="#tok_222"/><!-- ϩⲁϩ -->
<mark id="orig_223" xlink:href="#tok_223"/><!-- ⲛ̄ -->
<mark id="orig_224" xlink:href="#xpointer(id('tok_224')/range-to(id('tok_225')))"/><!-- ϣⲏ...ⲣⲉ` -->
<mark id="orig_226" xlink:href="#tok_226"/><!-- ⲛ̄ -->
<mark id="orig_227" xlink:href="#tok_227"/><!-- ⲣⲉϥⲣ̄ -->
<mark id="orig_228" xlink:href="#tok_228"/><!-- ⲛⲟⲃⲉ` -->
<mark id="orig_229" xlink:href="#tok_229"/><!-- ⲗⲩⲡⲉⲓ` -->
<mark id="orig_230" xlink:href="#tok_230"/><!-- ⲛ̄ -->
<mark id="orig_231" xlink:href="#tok_231"/><!-- ⲛⲉⲛ -->
<mark id="orig_232" xlink:href="#tok_232"/><!-- ⲉⲓⲟⲧⲉ` -->
<mark id="orig_233" xlink:href="#tok_233"/><!-- ⲛ̄ -->
<mark id="orig_234" xlink:href="#xpointer(id('tok_234')/range-to(id('tok_235')))"/><!-- ⲁⲣⲭⲁⲓ...ⲟⲥ -->
<mark id="orig_236" xlink:href="#tok_236"/><!-- · -->
<mark id="orig_237" xlink:href="#tok_237"/><!-- ⲧⲁⲓ̈ -->
<mark id="orig_238" xlink:href="#tok_238"/><!-- ⲟⲛ -->
<mark id="orig_239" xlink:href="#tok_239"/><!-- ⲧⲉ -->
<mark id="orig_240" xlink:href="#tok_240"/><!-- ⲑ -->
<mark id="orig_241" xlink:href="#tok_241"/><!-- ⲉ` -->
<mark id="orig_242" xlink:href="#tok_242"/><!-- ⲛ̄ⲧ -->
<mark id="orig_243" xlink:href="#tok_243"/><!-- ⲁ -->
<mark id="orig_244" xlink:href="#tok_244"/><!-- ϩⲁϩ` -->
<mark id="orig_245" xlink:href="#tok_245"/><!-- ⲛ̄ -->
<mark id="orig_246" xlink:href="#tok_246"/><!-- ϣⲏⲣⲉ` -->
<mark id="orig_247" xlink:href="#tok_247"/><!-- ⲛ̄ -->
<mark id="orig_248" xlink:href="#xpointer(id('tok_248')/range-to(id('tok_249')))"/><!-- ⲇⲓⲕⲁⲓ...ⲟⲥ` -->
<mark id="orig_250" xlink:href="#tok_250"/><!-- ⲉⲩⲫⲣⲁⲛⲉ` -->
<mark id="orig_251" xlink:href="#xpointer(id('tok_251')/range-to(id('tok_252')))"/><!-- ⲙ̄...ⲙⲟ -->
<mark id="orig_253" xlink:href="#tok_253"/><!-- ⲟⲩ -->
<mark id="orig_254" xlink:href="#tok_254"/><!-- · -->
<mark id="orig_255" xlink:href="#tok_255"/><!-- ⲁⲩⲱ -->
<mark id="orig_256" xlink:href="#xpointer(id('tok_256')/range-to(id('tok_257')))"/><!-- ⲕⲁ...ⲧⲁ -->
<mark id="orig_258" xlink:href="#tok_258"/><!-- ⲑ -->
<mark id="orig_259" xlink:href="#tok_259"/><!-- ⲉ -->
<mark id="orig_260" xlink:href="#tok_260"/><!-- ⲉⲧⲉ -->
<mark id="orig_261" xlink:href="#tok_261"/><!-- ϣⲁⲣⲉ -->
<mark id="orig_262" xlink:href="#tok_262"/><!-- ⲡ -->
<mark id="orig_263" xlink:href="#tok_263"/><!-- ⲛⲟⲩⲧⲉ -->
<mark id="orig_264" xlink:href="#tok_264"/><!-- ϭⲱⲛ︤ⲧ︥ -->
<mark id="orig_265" xlink:href="#tok_265"/><!-- ⲛ̄ -->
<mark id="orig_266" xlink:href="#tok_266"/><!-- ϩⲁϩ -->
<mark id="orig_267" xlink:href="#tok_267"/><!-- ⲛ̄ -->
<mark id="orig_268" xlink:href="#tok_268"/><!-- ⲥⲟⲡ -->
<mark id="orig_269" xlink:href="#xpointer(id('tok_269')/range-to(id('tok_270')))"/><!-- ϩⲱⲥ...ⲧⲉ` -->
<mark id="orig_271" xlink:href="#tok_271"/><!-- ⲉ -->
<mark id="orig_272" xlink:href="#tok_272"/><!-- ⲧⲣⲉ -->
<mark id="orig_273" xlink:href="#tok_273"/><!-- ϥ -->
<mark id="orig_274" xlink:href="#xpointer(id('tok_274')/range-to(id('tok_275')))"/><!-- ϥⲱ...ⲧⲉ` -->
<mark id="orig_276" xlink:href="#tok_276"/><!-- ⲉⲃⲟⲗ` -->
<mark id="orig_277" xlink:href="#tok_277"/><!-- ⲛ̄ -->
<mark id="orig_278" xlink:href="#tok_278"/><!-- ϩⲁϩ -->
<mark id="orig_279" xlink:href="#tok_279"/><!-- ⲛ̄ -->
<mark id="orig_280" xlink:href="#tok_280"/><!-- ⲗⲁⲟⲥ` -->
<mark id="orig_281" xlink:href="#tok_281"/><!-- ⲛ̄ -->
<mark id="orig_282" xlink:href="#tok_282"/><!-- ⲁⲣⲭⲁⲓⲟⲥ` -->
<mark id="orig_283" xlink:href="#tok_283"/><!-- ⲉⲧⲃⲉ -->
<mark id="orig_284" xlink:href="#tok_284"/><!-- ϩⲁϩ -->
<mark id="orig_285" xlink:href="#tok_285"/><!-- ⲛ̄ -->
<mark id="orig_286" xlink:href="#tok_286"/><!-- ϣⲏⲣⲉ` -->
<mark id="orig_287" xlink:href="#tok_287"/><!-- ⲛ̄ -->
<mark id="orig_288" xlink:href="#tok_288"/><!-- ⲣⲉϥⲣ̄ -->
<mark id="orig_289" xlink:href="#tok_289"/><!-- ⲛⲟⲃⲉ` -->
<mark id="orig_290" xlink:href="#tok_290"/><!-- ϩⲣⲁⲓ̈ -->
<mark id="orig_291" xlink:href="#tok_291"/><!-- ⲛ̄ϩⲏⲧ -->
<mark id="orig_292" xlink:href="#tok_292"/><!-- ⲟⲩ -->
<mark id="orig_293" xlink:href="#tok_293"/><!-- · -->
<mark id="orig_294" xlink:href="#tok_294"/><!-- Ⲧⲁⲓ̈ -->
<mark id="orig_295" xlink:href="#tok_295"/><!-- ⲟⲛ -->
<mark id="orig_296" xlink:href="#tok_296"/><!-- ⲧⲉ -->
<mark id="orig_297" xlink:href="#tok_297"/><!-- ⲑ -->
<mark id="orig_298" xlink:href="#tok_298"/><!-- ⲉ` -->
<mark id="orig_299" xlink:href="#xpointer(id('tok_299')/range-to(id('tok_300')))"/><!-- ⲉⲧⲉ...ⲣⲉ -->
<mark id="orig_301" xlink:href="#tok_301"/><!-- ⲡ -->
<mark id="orig_302" xlink:href="#tok_302"/><!-- ⲛⲟⲩⲧⲉ -->
<mark id="orig_303" xlink:href="#tok_303"/><!-- ⲕⲧⲟ` -->
<mark id="orig_304" xlink:href="#tok_304"/><!-- ⲉⲃⲟⲗ` -->
<mark id="orig_305" xlink:href="#tok_305"/><!-- ⲛ̄ -->
<mark id="orig_306" xlink:href="#tok_306"/><!-- ⲧⲉϥ -->
<mark id="orig_307" xlink:href="#xpointer(id('tok_307')/range-to(id('tok_308')))"/><!-- ⲟⲣ...ⲅⲏ` -->
<mark id="orig_309" xlink:href="#tok_309"/><!-- ⲛ̄ -->
<mark id="orig_310" xlink:href="#tok_310"/><!-- ϩⲁϩ -->
<mark id="orig_311" xlink:href="#tok_311"/><!-- ⲛ̄ -->
<mark id="orig_312" xlink:href="#tok_312"/><!-- ⲥⲟⲡ` -->
<mark id="orig_313" xlink:href="#tok_313"/><!-- ⲉⲃⲟⲗ -->
<mark id="orig_314" xlink:href="#tok_314"/><!-- ϩⲓϫ︤ⲛ︥ -->
<mark id="orig_315" xlink:href="#tok_315"/><!-- ϩⲁϩ` -->
<mark id="orig_316" xlink:href="#tok_316"/><!-- ⲛ̄ -->
<mark id="orig_317" xlink:href="#xpointer(id('tok_317')/range-to(id('tok_318')))"/><!-- ⲗ...ⲁⲟⲥ` -->
<mark id="orig_319" xlink:href="#tok_319"/><!-- ⲛ̄ -->
<mark id="orig_320" xlink:href="#tok_320"/><!-- ⲁⲣⲭⲁⲓⲟⲥ` -->
<mark id="orig_321" xlink:href="#tok_321"/><!-- · -->
<mark id="orig_322" xlink:href="#tok_322"/><!-- ⲉⲧⲃⲉ -->
<mark id="orig_323" xlink:href="#tok_323"/><!-- ⲛ̄ -->
<mark id="orig_324" xlink:href="#tok_324"/><!-- ϣⲏⲣⲉ -->
<mark id="orig_325" xlink:href="#tok_325"/><!-- ⲛ̄ -->
<mark id="orig_326" xlink:href="#tok_326"/><!-- ⲇⲓⲕⲁⲓⲟⲥ -->
<mark id="orig_327" xlink:href="#tok_327"/><!-- ⲛ̄ⲧ -->
<mark id="orig_328" xlink:href="#tok_328"/><!-- ⲁ -->
<mark id="orig_329" xlink:href="#tok_329"/><!-- ⲩ -->
<mark id="orig_330" xlink:href="#tok_330"/><!-- ϣⲱⲡⲉ -->
<mark id="orig_331" xlink:href="#tok_331"/><!-- ϩⲣⲁⲓ̈ -->
<mark id="orig_332" xlink:href="#xpointer(id('tok_332')/range-to(id('tok_333')))"/><!-- ⲛ̄ϩⲏ...ⲧ -->
<mark id="orig_334" xlink:href="#tok_334"/><!-- ⲟⲩ -->
<mark id="orig_335" xlink:href="#tok_335"/><!-- · -->
<mark id="orig_336" xlink:href="#tok_336"/><!-- ⲁⲩⲱ -->
<mark id="orig_337" xlink:href="#xpointer(id('tok_337')/range-to(id('tok_338')))"/><!-- ⲕⲁ...ⲧⲁ -->
<mark id="orig_339" xlink:href="#tok_339"/><!-- ⲑ -->
<mark id="orig_340" xlink:href="#tok_340"/><!-- ⲉ -->
<mark id="orig_341" xlink:href="#tok_341"/><!-- ⲛ̄ⲧ -->
<mark id="orig_342" xlink:href="#tok_342"/><!-- ⲁ -->
<mark id="orig_343" xlink:href="#tok_343"/><!-- ϩⲉⲛ -->
<mark id="orig_344" xlink:href="#xpointer(id('tok_344')/range-to(id('tok_345')))"/><!-- ⲙⲏ...ⲏϣⲉ` -->
<mark id="orig_346" xlink:href="#tok_346"/><!-- ⲉⲛ -->
<mark id="orig_347" xlink:href="#tok_347"/><!-- ⲁϣⲱ -->
<mark id="orig_348" xlink:href="#tok_348"/><!-- ⲟⲩ -->
<mark id="orig_349" xlink:href="#tok_349"/><!-- ⲙⲟⲩ -->
<mark id="orig_350" xlink:href="#tok_350"/><!-- ϩⲣⲁⲓ̈ -->
<mark id="orig_351" xlink:href="#tok_351"/><!-- ϩ︤ⲛ︥ -->
<mark id="orig_352" xlink:href="#tok_352"/><!-- ⲧⲉⲩ -->
<mark id="orig_353" xlink:href="#tok_353"/><!-- ⲙ︤ⲛ︦ⲧ︥ϣⲁϥⲧⲉ -->
<mark id="orig_354" xlink:href="#tok_354"/><!-- · -->
<mark id="orig_355" xlink:href="#tok_355"/><!-- ϩⲣⲁⲓ̈ -->
<mark id="orig_356" xlink:href="#tok_356"/><!-- ϩ︤ⲛ︥ -->
<mark id="orig_357" xlink:href="#tok_357"/><!-- ⲁⲛⲟⲙⲓⲁ` -->
<mark id="orig_358" xlink:href="#tok_358"/><!-- ⲛⲓⲙ` -->
<mark id="orig_359" xlink:href="#tok_359"/><!-- ⲉⲧⲃⲉ -->
<mark id="orig_360" xlink:href="#tok_360"/><!-- ϩⲁϩ` -->
<mark id="orig_361" xlink:href="#tok_361"/><!-- ⲙ̄ -->
<mark id="orig_362" xlink:href="#tok_362"/><!-- ⲡⲣⲟⲫⲏⲧⲏⲥ` -->
<mark id="orig_363" xlink:href="#tok_363"/><!-- ⲛ̄ -->
<mark id="orig_364" xlink:href="#tok_364"/><!-- ⲛⲟⲩϫ` -->
<mark id="orig_365" xlink:href="#tok_365"/><!-- · -->
<mark id="orig_366" xlink:href="#tok_366"/><!-- ⲉ -->
<mark id="orig_367" xlink:href="#tok_367"/><!-- ⲁ -->
<mark id="orig_368" xlink:href="#tok_368"/><!-- ⲩ -->
<mark id="orig_369" xlink:href="#xpointer(id('tok_369')/range-to(id('tok_370')))"/><!-- ϣⲱ...ⲡⲉ -->
<mark id="orig_371" xlink:href="#tok_371"/><!-- ϩⲣⲁⲓ̈ -->
<mark id="orig_372" xlink:href="#tok_372"/><!-- ϩ︤ⲛ︥ -->
<mark id="orig_373" xlink:href="#tok_373"/><!-- ϩⲁϩ̣` -->
<mark id="orig_374" xlink:href="#tok_374"/><!-- ⲛ̄ -->
<mark id="orig_375" xlink:href="#tok_375"/><!-- ⲗⲁⲟⲥ` -->
<mark id="orig_376" xlink:href="#tok_376"/><!-- ⲛ̄ -->
<mark id="orig_377" xlink:href="#tok_377"/><!-- ⲁⲣⲭⲁⲓⲟⲥ -->
<mark id="orig_378" xlink:href="#tok_378"/><!-- · -->
<mark id="orig_379" xlink:href="#tok_379"/><!-- ⲉ -->
<mark id="orig_380" xlink:href="#tok_380"/><!-- ⲩ -->
<mark id="orig_381" xlink:href="#tok_381"/><!-- ⲧⲙⲁⲓ̈ⲟ` -->
<mark id="orig_382" xlink:href="#tok_382"/><!-- ⲙ̄ⲙⲟ -->
<mark id="orig_383" xlink:href="#tok_383"/><!-- ⲟⲩ -->
<mark id="orig_384" xlink:href="#tok_384"/><!-- ⲉ -->
<mark id="orig_385" xlink:href="#tok_385"/><!-- ⲩ -->
<mark id="orig_386" xlink:href="#tok_386"/><!-- ⲡⲗⲁⲛⲁ` -->
<mark id="orig_387" xlink:href="#tok_387"/><!-- ⲙ̄ⲙⲟ -->
<mark id="orig_388" xlink:href="#tok_388"/><!-- ⲟⲩ -->
<mark id="orig_389" xlink:href="#tok_389"/><!-- ⲉ -->
<mark id="orig_390" xlink:href="#tok_390"/><!-- ⲩ -->
<mark id="orig_391" xlink:href="#tok_391"/><!-- ⲥⲱⲕ -->
<mark id="orig_392" xlink:href="#tok_392"/><!-- ⲉϩⲣⲁⲓ̈ -->
<mark id="orig_393" xlink:href="#tok_393"/><!-- ⲉϫⲱ -->
<mark id="orig_394" xlink:href="#tok_394"/><!-- ⲟⲩ -->
<mark id="orig_395" xlink:href="#tok_395"/><!-- ⲛ︤ⲙ︥ⲙⲁ -->
<mark id="orig_396" xlink:href="#tok_396"/><!-- ⲩ -->
<mark id="orig_397" xlink:href="#tok_397"/><!-- ⲛ̄ -->
<mark id="orig_398" xlink:href="#tok_398"/><!-- ⲧ -->
<mark id="orig_399" xlink:href="#xpointer(id('tok_399')/range-to(id('tok_401')))"/><!-- ⲟⲣ...ⲏ -->
<mark id="orig_402" xlink:href="#tok_402"/><!-- ⲙ̄ -->
<mark id="orig_403" xlink:href="#tok_403"/><!-- ⲡ -->
<mark id="orig_404" xlink:href="#tok_404"/><!-- ⲛⲟⲩⲧⲉ -->
<mark id="orig_405" xlink:href="#tok_405"/><!-- Ⲧⲁⲓ̈ -->
<mark id="orig_406" xlink:href="#tok_406"/><!-- ⲟⲛ -->
<mark id="orig_407" xlink:href="#tok_407"/><!-- ⲧⲉ -->
<mark id="orig_408" xlink:href="#tok_408"/><!-- ⲑ -->
<mark id="orig_409" xlink:href="#tok_409"/><!-- ⲉ -->
<mark id="orig_410" xlink:href="#tok_410"/><!-- ⲛ̄ⲧ -->
<mark id="orig_411" xlink:href="#tok_411"/><!-- ⲁ -->
<mark id="orig_412" xlink:href="#tok_412"/><!-- ⲩ -->
<mark id="orig_413" xlink:href="#tok_413"/><!-- ⲱⲛ︤ϩ︥` -->
<mark id="orig_414" xlink:href="#tok_414"/><!-- ⲛ̄ϭⲓ -->
<mark id="orig_415" xlink:href="#tok_415"/><!-- ϩⲉⲛ -->
<mark id="orig_416" xlink:href="#xpointer(id('tok_416')/range-to(id('tok_417')))"/><!-- ⲙⲏ...ⲏϣⲉ` -->
<mark id="orig_418" xlink:href="#tok_418"/><!-- ⲉ -->
<mark id="orig_419" xlink:href="#tok_419"/><!-- ⲛ -->
<mark id="orig_420" xlink:href="#tok_420"/><!-- ⲁϣⲱ -->
<mark id="orig_421" xlink:href="#tok_421"/><!-- ⲟⲩ -->
<mark id="orig_422" xlink:href="#tok_422"/><!-- ϩⲣⲁⲓ̈ -->
<mark id="orig_423" xlink:href="#tok_423"/><!-- ϩ︤ⲛ︥ -->
<mark id="orig_424" xlink:href="#tok_424"/><!-- ⲇⲓⲕⲁⲓⲟⲥⲩⲛⲏ -->
<mark id="orig_425" xlink:href="#tok_425"/><!-- ⲛⲓⲙ` -->
<mark id="orig_426" xlink:href="#tok_426"/><!-- ⲉⲧⲃⲉ -->
<mark id="orig_427" xlink:href="#tok_427"/><!-- ϩⲁϩ -->
<mark id="orig_428" xlink:href="#tok_428"/><!-- ⲙ̄ -->
<mark id="orig_429" xlink:href="#tok_429"/><!-- ⲡⲣⲟⲫⲏⲧⲏⲥ` -->
<mark id="orig_430" xlink:href="#xpointer(id('tok_430')/range-to(id('tok_431')))"/><!-- ⲛ̄...ⲧⲉ -->
<mark id="orig_432" xlink:href="#tok_432"/><!-- ⲡ -->
<mark id="orig_433" xlink:href="#tok_433"/><!-- ϫⲟⲉⲓⲥ -->
<mark id="orig_434" xlink:href="#tok_434"/><!-- ⲡ -->
<mark id="orig_435" xlink:href="#xpointer(id('tok_435')/range-to(id('tok_436')))"/><!-- ⲛⲟⲩ...ⲧⲉ` -->
<mark id="orig_437" xlink:href="#tok_437"/><!-- ⲉ -->
<mark id="orig_438" xlink:href="#tok_438"/><!-- ⲁ -->
<mark id="orig_439" xlink:href="#tok_439"/><!-- ⲩ -->
<mark id="orig_440" xlink:href="#tok_440"/><!-- ϣⲱⲡⲉ -->
<mark id="orig_441" xlink:href="#tok_441"/><!-- ϩⲣⲁⲓ̈ -->
<mark id="orig_442" xlink:href="#tok_442"/><!-- ϩ︤ⲛ︥ -->
<mark id="orig_443" xlink:href="#tok_443"/><!-- ϩⲁϩ -->
<mark id="orig_444" xlink:href="#tok_444"/><!-- ⲛ̄ -->
<mark id="orig_445" xlink:href="#xpointer(id('tok_445')/range-to(id('tok_446')))"/><!-- ⲗⲁ...ⲟⲥ -->
<mark id="orig_447" xlink:href="#tok_447"/><!-- ⲛ̄ -->
<mark id="orig_448" xlink:href="#tok_448"/><!-- ⲁⲣⲭⲁⲓⲟⲥ` -->
<mark id="orig_449" xlink:href="#tok_449"/><!-- ⲉ -->
<mark id="orig_450" xlink:href="#tok_450"/><!-- ⲩ -->
<mark id="orig_451" xlink:href="#tok_451"/><!-- ϫⲱ̂ -->
<mark id="orig_452" xlink:href="#tok_452"/><!-- ⲛ̄ -->
<mark id="orig_453" xlink:href="#tok_453"/><!-- ⲧ -->
<mark id="orig_454" xlink:href="#tok_454"/><!-- ⲙⲉ` -->
<mark id="orig_455" xlink:href="#tok_455"/><!-- · -->
<mark id="orig_456" xlink:href="#tok_456"/><!-- ⲁⲩⲱ -->
<mark id="orig_457" xlink:href="#tok_457"/><!-- ⲉ -->
<mark id="orig_458" xlink:href="#tok_458"/><!-- ⲩ -->
<mark id="orig_459" xlink:href="#tok_459"/><!-- ϫⲡⲓⲟ` -->
<mark id="orig_460" xlink:href="#tok_460"/><!-- ⲛ̄ -->
<mark id="orig_461" xlink:href="#tok_461"/><!-- ⲛ -->
<mark id="orig_462" xlink:href="#tok_462"/><!-- ⲉⲧ -->
<mark id="orig_463" xlink:href="#tok_463"/><!-- ⲣ̄ -->
<mark id="orig_464" xlink:href="#tok_464"/><!-- ⲛⲟⲃⲉ` -->
<mark id="orig_465" xlink:href="#tok_465"/><!-- ⲉ -->
<mark id="orig_466" xlink:href="#tok_466"/><!-- ⲩ -->
<mark id="orig_467" xlink:href="#xpointer(id('tok_467')/range-to(id('tok_468')))"/><!-- ⲙⲁⲕⲁ...ⲣⲓⲍⲉ -->
<mark id="orig_469" xlink:href="#tok_469"/><!-- ⲛ̄ -->
<mark id="orig_470" xlink:href="#tok_470"/><!-- ⲛ -->
<mark id="orig_471" xlink:href="#tok_471"/><!-- ⲉⲧ -->
<mark id="orig_472" xlink:href="#tok_472"/><!-- ⲉⲓⲣⲉ -->
<mark id="orig_473" xlink:href="#tok_473"/><!-- ⲙ̄ -->
<mark id="orig_474" xlink:href="#tok_474"/><!-- ⲡ -->
<mark id="orig_475" xlink:href="#tok_475"/><!-- ⲁⲅⲁⲑⲟⲛ` -->
<mark id="orig_476" xlink:href="#tok_476"/><!-- · -->
<mark id="orig_477" xlink:href="#tok_477"/><!-- Ⲁⲩⲱ -->
<mark id="orig_478" xlink:href="#tok_478"/><!-- ⲕⲁⲧⲁ -->
<mark id="orig_479" xlink:href="#tok_479"/><!-- ⲑ -->
<mark id="orig_480" xlink:href="#tok_480"/><!-- ⲉ -->
<mark id="orig_481" xlink:href="#tok_481"/><!-- ⲉⲧⲉ -->
<mark id="orig_482" xlink:href="#tok_482"/><!-- ϩⲉⲛ -->
<mark id="orig_483" xlink:href="#tok_483"/><!-- ⲉⲃⲟⲗ -->
<mark id="orig_484" xlink:href="#tok_484"/><!-- ϩ︤ⲛ︥ -->
<mark id="orig_485" xlink:href="#tok_485"/><!-- ⲛ̄ -->
<mark id="orig_486" xlink:href="#tok_486"/><!-- ⲗⲁⲟⲥ` -->
<mark id="orig_487" xlink:href="#tok_487"/><!-- ⲛ̄ -->
<mark id="orig_488" xlink:href="#tok_488"/><!-- ⲁⲣⲭⲁⲓⲟⲥ` -->
<mark id="orig_489" xlink:href="#tok_489"/><!-- ⲛⲉ -->
<mark id="orig_490" xlink:href="#tok_490"/><!-- ⲛ -->
<mark id="orig_491" xlink:href="#tok_491"/><!-- ⲉⲛⲧ -->
<mark id="orig_492" xlink:href="#tok_492"/><!-- ⲁ -->
<mark id="orig_493" xlink:href="#tok_493"/><!-- ⲩ -->
<mark id="orig_494" xlink:href="#xpointer(id('tok_494')/range-to(id('tok_495')))"/><!-- ⲡⲗⲁ...ⲛⲁ` -->
<mark id="orig_496" xlink:href="#tok_496"/><!-- ⲙ̄ⲙⲟ -->
<mark id="orig_497" xlink:href="#tok_497"/><!-- ⲟⲩ` -->
<mark id="orig_498" xlink:href="#tok_498"/><!-- ⲉⲧⲉ -->
<mark id="orig_499" xlink:href="#tok_499"/><!-- ϩⲉⲛ -->
<mark id="orig_500" xlink:href="#tok_500"/><!-- ⲡⲣⲟⲫⲏⲧⲏⲥ -->
<mark id="orig_501" xlink:href="#tok_501"/><!-- ⲛ̄ -->
<mark id="orig_502" xlink:href="#tok_502"/><!-- ⲛⲟⲩϫ` -->
<mark id="orig_503" xlink:href="#tok_503"/><!-- ⲛⲉ` -->
<mark id="orig_504" xlink:href="#tok_504"/><!-- ⲙ︤ⲛ︥ -->
<mark id="orig_505" xlink:href="#tok_505"/><!-- ⲛ̄ -->
<mark id="orig_506" xlink:href="#tok_506"/><!-- ⲟⲩⲏⲏⲃ` -->
<mark id="orig_507" xlink:href="#tok_507"/><!-- ⲉⲧ -->
<mark id="orig_508" xlink:href="#xpointer(id('tok_508')/range-to(id('tok_509')))"/><!-- ⲡⲗⲁ...ⲛⲁ` -->
<mark id="orig_510" xlink:href="#tok_510"/><!-- · -->
<mark id="orig_511" xlink:href="#tok_511"/><!-- ⲧⲁⲓ -->
<mark id="orig_512" xlink:href="#tok_512"/><!-- ⲟⲛ -->
<mark id="orig_513" xlink:href="#tok_513"/><!-- ⲧⲉ -->
<mark id="orig_514" xlink:href="#tok_514"/><!-- Ⲑ -->
<mark id="orig_515" xlink:href="#tok_515"/><!-- ⲉ` -->
<mark id="orig_516" xlink:href="#tok_516"/><!-- ⲉ -->
<mark id="orig_517" xlink:href="#tok_517"/><!-- ϩⲉⲛ -->
<mark id="orig_518" xlink:href="#tok_518"/><!-- ⲉⲃⲟⲗ -->
<mark id="orig_519" xlink:href="#tok_519"/><!-- ⲛⲉ -->
<mark id="orig_520" xlink:href="#tok_520"/><!-- ϩ︤ⲛ︥ -->
<mark id="orig_521" xlink:href="#tok_521"/><!-- ⲛ̄ -->
<mark id="orig_522" xlink:href="#tok_522"/><!-- ⲗⲁⲟⲥ -->
<mark id="orig_523" xlink:href="#tok_523"/><!-- ⲛ̄ -->
<mark id="orig_524" xlink:href="#xpointer(id('tok_524')/range-to(id('tok_525')))"/><!-- ⲁⲣⲭⲁⲓ...ⲟⲥ` -->
<mark id="orig_526" xlink:href="#tok_526"/><!-- ⲛⲉ -->
<mark id="orig_527" xlink:href="#tok_527"/><!-- ⲛⲉ -->
<mark id="orig_528" xlink:href="#xpointer(id('tok_528')/range-to(id('tok_529')))"/><!-- ⲡⲣⲟⲫⲏ...ⲧⲏⲥ` -->
<mark id="orig_530" xlink:href="#tok_530"/><!-- ⲙ̄ -->
<mark id="orig_531" xlink:href="#tok_531"/><!-- ⲡ -->
<mark id="orig_532" xlink:href="#tok_532"/><!-- ϫⲟⲉⲓⲥ -->
<mark id="orig_533" xlink:href="#tok_533"/><!-- ⲡ -->
<mark id="orig_534" xlink:href="#tok_534"/><!-- ⲛⲟⲩⲧⲉ` -->
<mark id="orig_535" xlink:href="#tok_535"/><!-- ⲉⲧⲉ -->
<mark id="orig_536" xlink:href="#tok_536"/><!-- ⲛⲁⲓ̈ -->
<mark id="orig_537" xlink:href="#tok_537"/><!-- ⲛⲉ -->
<mark id="orig_538" xlink:href="#tok_538"/><!-- · -->
<mark id="orig_539" xlink:href="#xpointer(id('tok_539')/range-to(id('tok_540')))"/><!-- ⲙⲱⲩ̈...ⲥⲏⲥ -->
<mark id="orig_541" xlink:href="#tok_541"/><!-- · -->
<mark id="orig_542" xlink:href="#tok_542"/><!-- ⲙ︤ⲛ︥ -->
<mark id="orig_543" xlink:href="#tok_543"/><!-- ⲓ︤ⲏ︦ⲥ︥ -->
<mark id="orig_544" xlink:href="#tok_544"/><!-- ⲡⲉ -->
<mark id="orig_545" xlink:href="#tok_545"/><!-- ⲡⲣⲟⲫⲏⲧⲏⲥ -->
<mark id="orig_546" xlink:href="#tok_546"/><!-- · -->
<mark id="orig_547" xlink:href="#tok_547"/><!-- ⲙ︤ⲛ︥ -->
<mark id="orig_548" xlink:href="#tok_548"/><!-- ⲏ̂ⲥⲁⲓ̈ⲁⲥ -->
<mark id="orig_549" xlink:href="#tok_549"/><!-- · -->
<mark id="orig_550" xlink:href="#tok_550"/><!-- ⲙ︤ⲛ︥ -->
<mark id="orig_551" xlink:href="#xpointer(id('tok_551')/range-to(id('tok_552')))"/><!-- ⲓ̈...ⲉⲣⲉⲙⲓⲁⲥ` -->
<mark id="orig_553" xlink:href="#tok_553"/><!-- · -->
<mark id="orig_554" xlink:href="#tok_554"/><!-- ⲙ︤ⲛ︥ -->
<mark id="orig_555" xlink:href="#xpointer(id('tok_555')/range-to(id('tok_556')))"/><!-- ⲓ̈ⲉ...ⲍⲉⲕⲓⲏⲗ` -->
<mark id="orig_557" xlink:href="#tok_557"/><!-- · -->
<mark id="orig_558" xlink:href="#tok_558"/><!-- ⲙ︤ⲛ︥ -->
<mark id="orig_559" xlink:href="#tok_559"/><!-- ⲛⲉ -->
<mark id="orig_560" xlink:href="#tok_560"/><!-- ⲡⲣⲟⲫⲏⲧⲏⲥ -->
<mark id="orig_561" xlink:href="#xpointer(id('tok_561')/range-to(id('tok_562')))"/><!-- ⲧⲏ...ⲣ -->
<mark id="orig_563" xlink:href="#tok_563"/><!-- ⲟⲩ` -->
<mark id="orig_564" xlink:href="#tok_564"/><!-- ⲛⲁⲓ̈ -->
<mark id="orig_565" xlink:href="#tok_565"/><!-- ⲛ̄ⲧ -->
<mark id="orig_566" xlink:href="#tok_566"/><!-- ⲁ -->
<mark id="orig_567" xlink:href="#tok_567"/><!-- ⲩ -->
<mark id="orig_568" xlink:href="#xpointer(id('tok_568')/range-to(id('tok_569')))"/><!-- ϫⲡⲓ...ⲟ` -->
<mark id="orig_570" xlink:href="#tok_570"/><!-- ⲛ̄ -->
<mark id="orig_571" xlink:href="#tok_571"/><!-- ⲟⲩⲟⲛ -->
<mark id="orig_572" xlink:href="#tok_572"/><!-- ⲛⲓⲙ` -->
<mark id="orig_573" xlink:href="#xpointer(id('tok_573')/range-to(id('tok_574')))"/><!-- ⲛ̄...ⲧ -->
<mark id="orig_575" xlink:href="#tok_575"/><!-- ⲁ -->
<mark id="orig_576" xlink:href="#tok_576"/><!-- ⲩ -->
<mark id="orig_577" xlink:href="#tok_577"/><!-- ⲣ̄ -->
<mark id="orig_578" xlink:href="#tok_578"/><!-- ⲛⲟⲃⲉ -->
<mark id="orig_579" xlink:href="#tok_579"/><!-- ⲏ̂ -->
<mark id="orig_580" xlink:href="#tok_580"/><!-- ⲉⲧ -->
<mark id="orig_581" xlink:href="#tok_581"/><!-- ⲛⲁ -->
<mark id="orig_582" xlink:href="#tok_582"/><!-- ⲣ̄ -->
<mark id="orig_583" xlink:href="#tok_583"/><!-- ⲛⲟⲃⲉ -->
<mark id="orig_584" xlink:href="#tok_584"/><!-- ⲙ̄ -->
<mark id="orig_585" xlink:href="#tok_585"/><!-- ⲡⲉ -->
<mark id="orig_586" xlink:href="#xpointer(id('tok_586')/range-to(id('tok_587')))"/><!-- ⲙ...ⲧⲟ -->
<mark id="orig_588" xlink:href="#tok_588"/><!-- ⲉⲃⲟⲗ -->
<mark id="orig_589" xlink:href="#tok_589"/><!-- ⲙ̄ -->
<mark id="orig_590" xlink:href="#tok_590"/><!-- ⲡ -->
<mark id="orig_591" xlink:href="#xpointer(id('tok_591')/range-to(id('tok_592')))"/><!-- ϫⲟ...ⲉⲓⲥ` -->
<mark id="orig_593" xlink:href="#tok_593"/><!-- · -->
<mark id="orig_594" xlink:href="#tok_594"/><!-- ⲁⲩⲱ -->
<mark id="orig_595" xlink:href="#tok_595"/><!-- ⲉ -->
<mark id="orig_596" xlink:href="#tok_596"/><!-- ⲁ -->
<mark id="orig_597" xlink:href="#tok_597"/><!-- ⲩ -->
<mark id="orig_598" xlink:href="#xpointer(id('tok_598')/range-to(id('tok_599')))"/><!-- ⲡⲁ...ⲣⲁⲕⲁⲗⲉⲓ` -->
<mark id="orig_600" xlink:href="#tok_600"/><!-- ⲛ̄ -->
<mark id="orig_601" xlink:href="#tok_601"/><!-- ⲟⲩⲟⲛ -->
<mark id="orig_602" xlink:href="#tok_602"/><!-- ⲛⲓⲙ` -->
<mark id="orig_603" xlink:href="#tok_603"/><!-- ⲛ̄ⲧ -->
<mark id="orig_604" xlink:href="#tok_604"/><!-- ⲁ -->
<mark id="orig_605" xlink:href="#tok_605"/><!-- ⲩ -->
<mark id="orig_606" xlink:href="#tok_606"/><!-- ⲉⲓⲣⲉ` -->
<mark id="orig_607" xlink:href="#tok_607"/><!-- ⲏ̂ -->
<mark id="orig_608" xlink:href="#tok_608"/><!-- ⲉⲧ -->
<mark id="orig_609" xlink:href="#tok_609"/><!-- ⲛⲁ -->
<mark id="orig_610" xlink:href="#tok_610"/><!-- ⲉⲓⲣⲉ -->
<mark id="orig_611" xlink:href="#tok_611"/><!-- ⲛ̄ -->
<mark id="orig_612" xlink:href="#xpointer(id('tok_612')/range-to(id('tok_613')))"/><!-- ⲇⲓ...ⲕⲁⲓⲟⲥⲩⲛⲏ̂` -->
<mark id="orig_614" xlink:href="#tok_614"/><!-- ⲛⲓⲙ -->
<mark id="orig_615" xlink:href="#tok_615"/><!-- Ⲛⲉ -->
<mark id="orig_616" xlink:href="#tok_616"/><!-- ⲡⲣⲟⲫⲏⲧⲏⲥ -->
<mark id="orig_617" xlink:href="#tok_617"/><!-- ⲇⲉ -->
<mark id="orig_618" xlink:href="#tok_618"/><!-- ⲧⲏⲣ -->
<mark id="orig_619" xlink:href="#tok_619"/><!-- ⲟⲩ -->
<mark id="orig_620" xlink:href="#tok_620"/><!-- ⲙ̄ -->
<mark id="orig_621" xlink:href="#tok_621"/><!-- ⲡ -->
<mark id="orig_622" xlink:href="#tok_622"/><!-- ϫⲟⲓ̈ⲥ -->
<mark id="orig_623" xlink:href="#tok_623"/><!-- ⲡ -->
<mark id="orig_624" xlink:href="#tok_624"/><!-- ⲛⲟⲩⲧⲉ` -->
<mark id="orig_625" xlink:href="#tok_625"/><!-- · -->
<mark id="orig_626" xlink:href="#tok_626"/><!-- ⲁⲩⲱ -->
<mark id="orig_627" xlink:href="#tok_627"/><!-- ⲛ̄ -->
<mark id="orig_628" xlink:href="#tok_628"/><!-- ⲁⲡⲟⲥⲧⲟⲗⲟⲥ -->
<mark id="orig_629" xlink:href="#tok_629"/><!-- ⲛ̄ⲧⲉ -->
<mark id="orig_630" xlink:href="#tok_630"/><!-- ⲡⲉ -->
<mark id="orig_631" xlink:href="#tok_631"/><!-- ⲛ -->
<mark id="orig_632" xlink:href="#tok_632"/><!-- ϫⲟⲓ̈ⲥ -->
<mark id="orig_633" xlink:href="#tok_633"/><!-- ⲓ︤ⲥ︥ -->
<mark id="orig_634" xlink:href="#tok_634"/><!-- · -->
<mark id="orig_635" xlink:href="#tok_635"/><!-- ϩⲉⲛ -->
<mark id="orig_636" xlink:href="#tok_636"/><!-- ⲉⲃⲟⲗ -->
<mark id="orig_637" xlink:href="#xpointer(id('tok_637')/range-to(id('tok_638')))"/><!-- ⲧⲏ...ⲣ -->
<mark id="orig_639" xlink:href="#tok_639"/><!-- ⲟⲩ -->
<mark id="orig_640" xlink:href="#tok_640"/><!-- ⲛⲉ` -->
<mark id="orig_641" xlink:href="#tok_641"/><!-- ϩ︤ⲙ︥ -->
<mark id="orig_642" xlink:href="#tok_642"/><!-- ⲡⲉ -->
<mark id="orig_643" xlink:href="#tok_643"/><!-- ⲥⲡⲉⲣⲙⲁ` -->
<mark id="orig_644" xlink:href="#tok_644"/><!-- ⲙ̄ -->
<mark id="orig_645" xlink:href="#tok_645"/><!-- ⲡⲉ -->
<mark id="orig_646" xlink:href="#tok_646"/><!-- ⲛ -->
<mark id="orig_647" xlink:href="#tok_647"/><!-- ⲉⲓⲱⲧ` -->
<mark id="orig_648" xlink:href="#tok_648"/><!-- ⲁⲃⲣⲁϩⲁⲙ` -->
<mark id="orig_649" xlink:href="#tok_649"/><!-- · -->
<mark id="orig_650" xlink:href="#tok_650"/><!-- ⲁⲩⲱ -->
<mark id="orig_651" xlink:href="#tok_651"/><!-- ⲙ̄ⲡ -->
<mark id="orig_652" xlink:href="#tok_652"/><!-- ⲟⲩ -->
<mark id="orig_653" xlink:href="#tok_653"/><!-- ϯ -->
<mark id="orig_654" xlink:href="#tok_654"/><!-- ⲥⲟ` -->
<mark id="orig_655" xlink:href="#tok_655"/><!-- ⲉ -->
<mark id="orig_656" xlink:href="#tok_656"/><!-- ⲛ -->
<mark id="orig_657" xlink:href="#tok_657"/><!-- ⲉⲃⲟⲗ` -->
<mark id="orig_658" xlink:href="#tok_658"/><!-- ϩ︤ⲛ︥ -->
<mark id="orig_659" xlink:href="#xpointer(id('tok_659')/range-to(id('tok_660')))"/><!-- ⲁⲃⲣⲁ...ϩⲁⲙ` -->
<mark id="orig_661" xlink:href="#tok_661"/><!-- ⲛ̄ⲧⲉⲣ -->
<mark id="orig_662" xlink:href="#tok_662"/><!-- ⲟⲩ -->
<mark id="orig_663" xlink:href="#tok_663"/><!-- ⲣ̄ -->
<mark id="orig_664" xlink:href="#tok_664"/><!-- ⲛⲟⲃⲉ` -->
<mark id="orig_665" xlink:href="#tok_665"/><!-- ⲙ̄ -->
<mark id="orig_666" xlink:href="#tok_666"/><!-- ⲡⲉ -->
<mark id="orig_667" xlink:href="#xpointer(id('tok_667')/range-to(id('tok_668')))"/><!-- ⲙ...ⲧⲟ -->
<mark id="orig_669" xlink:href="#tok_669"/><!-- ⲉⲃⲟⲗ -->
<mark id="orig_670" xlink:href="#tok_670"/><!-- ⲙ̄ -->
<mark id="orig_671" xlink:href="#tok_671"/><!-- ⲡ -->
<mark id="orig_672" xlink:href="#xpointer(id('tok_672')/range-to(id('tok_673')))"/><!-- ⲛⲟⲩ...ⲧⲉ` -->
<mark id="orig_674" xlink:href="#tok_674"/><!-- ⲛ̄ⲧ -->
<mark id="orig_675" xlink:href="#tok_675"/><!-- ⲁ -->
<mark id="orig_676" xlink:href="#tok_676"/><!-- ϥ -->
<mark id="orig_677" xlink:href="#xpointer(id('tok_677')/range-to(id('tok_678')))"/><!-- ⲧⲁⲙⲓ...ⲟ -->
<mark id="orig_679" xlink:href="#tok_679"/><!-- ⲟⲩ -->
<mark id="orig_680" xlink:href="#tok_680"/><!-- · -->
<mark id="orig_681" xlink:href="#tok_681"/><!-- ⲁⲗⲗⲁ -->
<mark id="orig_682" xlink:href="#tok_682"/><!-- ⲉ -->
<mark id="orig_683" xlink:href="#tok_683"/><!-- ⲁ -->
<mark id="orig_684" xlink:href="#tok_684"/><!-- ⲩ -->
<mark id="orig_685" xlink:href="#tok_685"/><!-- ⲉⲓⲛⲉ` -->
<mark id="orig_686" xlink:href="#tok_686"/><!-- ⲉϩⲣⲁⲓ̈ -->
<mark id="orig_687" xlink:href="#tok_687"/><!-- ⲉϫ︤ⲛ︥ -->
<mark id="orig_688" xlink:href="#tok_688"/><!-- ⲛⲉ -->
<mark id="orig_689" xlink:href="#tok_689"/><!-- ⲩ -->
<mark id="orig_690" xlink:href="#tok_690"/><!-- ⲥⲛⲏⲩ` -->
<mark id="orig_691" xlink:href="#tok_691"/><!-- ⲛ -->
<mark id="orig_692" xlink:href="#xpointer(id('tok_692')/range-to(id('tok_693')))"/><!-- ⲉ...ⲃⲟⲗ -->
<mark id="orig_694" xlink:href="#tok_694"/><!-- ⲙ̄ⲙⲟ -->
<mark id="orig_695" xlink:href="#tok_695"/><!-- ⲟⲩ -->
<mark id="orig_696" xlink:href="#tok_696"/><!-- ⲛ̄ -->
<mark id="orig_697" xlink:href="#tok_697"/><!-- ϩⲉⲛ -->
<mark id="orig_698" xlink:href="#tok_698"/><!-- ⲛⲟϭ -->
<mark id="orig_699" xlink:href="#tok_699"/><!-- ⲛ̄ -->
<mark id="orig_700" xlink:href="#tok_700"/><!-- ⲥⲁϩⲟⲩ -->
<mark id="orig_701" xlink:href="#tok_701"/><!-- · -->
<mark id="orig_702" xlink:href="#tok_702"/><!-- ⲕⲁⲧⲁ -->
<mark id="orig_703" xlink:href="#tok_703"/><!-- ⲛ -->
<mark id="orig_704" xlink:href="#tok_704"/><!-- ⲉⲧ -->
<mark id="orig_705" xlink:href="#tok_705"/><!-- ⲥⲏϩ` -->
<mark id="orig_706" xlink:href="#tok_706"/><!-- ⲧⲏⲣ -->
<mark id="orig_707" xlink:href="#tok_707"/><!-- ⲟⲩ -->
<mark id="orig_708" xlink:href="#tok_708"/><!-- ϩ︤ⲙ︥ -->
<mark id="orig_709" xlink:href="#tok_709"/><!-- ⲡ -->
<mark id="orig_710" xlink:href="#xpointer(id('tok_710')/range-to(id('tok_711')))"/><!-- ⲛⲟ...ⲙⲟⲥ` -->
<mark id="orig_712" xlink:href="#tok_712"/><!-- ⲙ̄ -->
<mark id="orig_713" xlink:href="#tok_713"/><!-- ⲙⲱⲩ̈ⲥⲏⲥ -->
<mark id="orig_714" xlink:href="#tok_714"/><!-- · -->
<mark id="orig_715" xlink:href="#tok_715"/><!-- Ⲁⲩⲱ -->
<mark id="orig_716" xlink:href="#tok_716"/><!-- ⲟⲛ -->
<mark id="orig_717" xlink:href="#tok_717"/><!-- ⲉ -->
<mark id="orig_718" xlink:href="#tok_718"/><!-- ⲁ -->
<mark id="orig_719" xlink:href="#tok_719"/><!-- ⲩ -->
<mark id="orig_720" xlink:href="#tok_720"/><!-- ⲥⲙⲟⲩ̣` -->
<mark id="orig_721" xlink:href="#tok_721"/><!-- ⲉ -->
<mark id="orig_722" xlink:href="#tok_722"/><!-- ⲟⲩⲟ̂ⲛ -->
<mark id="orig_723" xlink:href="#tok_723"/><!-- ⲛⲓⲙ` -->
<mark id="orig_724" xlink:href="#tok_724"/><!-- ⲛ̄ⲧ -->
<mark id="orig_725" xlink:href="#tok_725"/><!-- ⲁ -->
<mark id="orig_726" xlink:href="#tok_726"/><!-- ⲩ -->
<mark id="orig_727" xlink:href="#tok_727"/><!-- ϯ -->
<mark id="orig_728" xlink:href="#tok_728"/><!-- ⲉⲟⲟⲩ -->
<mark id="orig_729" xlink:href="#tok_729"/><!-- ⲙ̄ -->
<mark id="orig_730" xlink:href="#tok_730"/><!-- ⲡ -->
<mark id="orig_731" xlink:href="#tok_731"/><!-- ϫⲟⲓ̈ⲥ -->
<mark id="orig_732" xlink:href="#tok_732"/><!-- ⲡ -->
<mark id="orig_733" xlink:href="#tok_733"/><!-- ⲛⲟⲩⲧⲉ -->
<mark id="orig_734" xlink:href="#tok_734"/><!-- ϩ︤ⲛ︥ -->
<mark id="orig_735" xlink:href="#tok_735"/><!-- ⲛⲉⲩ -->
<mark id="orig_736" xlink:href="#tok_736"/><!-- ϩⲃⲏⲩⲉ` -->
<mark id="orig_737" xlink:href="#tok_737"/><!-- ⲛ̄ -->
<mark id="orig_738" xlink:href="#xpointer(id('tok_738')/range-to(id('tok_739')))"/><!-- ⲇⲓⲕⲁⲓ...ⲟⲥⲩⲛⲏ̂` -->
<mark id="orig_740" xlink:href="#tok_740"/><!-- · -->
<mark id="orig_741" xlink:href="#tok_741"/><!-- Ⲛ̄ -->
<mark id="orig_742" xlink:href="#tok_742"/><!-- ϩⲟⲩⲟ` -->
<mark id="orig_743" xlink:href="#tok_743"/><!-- ⲇⲉ -->
<mark id="orig_744" xlink:href="#tok_744"/><!-- ⲉ -->
<mark id="orig_745" xlink:href="#tok_745"/><!-- ⲡⲉ -->
<mark id="orig_746" xlink:href="#tok_746"/><!-- ϩⲟⲩⲟ` -->
<mark id="orig_747" xlink:href="#tok_747"/><!-- ⲉ -->
<mark id="orig_748" xlink:href="#tok_748"/><!-- ⲁ -->
<mark id="orig_749" xlink:href="#tok_749"/><!-- ⲩ -->
<mark id="orig_750" xlink:href="#xpointer(id('tok_750')/range-to(id('tok_751')))"/><!-- ⲥϩⲟⲩ...ⲣ̄ -->
<mark id="orig_752" xlink:href="#tok_752"/><!-- ⲡⲣⲟⲫⲏⲧⲏⲥ -->
<mark id="orig_753" xlink:href="#tok_753"/><!-- ⲛⲓⲙ` -->
<mark id="orig_754" xlink:href="#tok_754"/><!-- ⲛ̄ -->
<mark id="orig_755" xlink:href="#tok_755"/><!-- ⲛⲟⲩϫ` -->
<mark id="orig_756" xlink:href="#tok_756"/><!-- · -->
<mark id="orig_757" xlink:href="#tok_757"/><!-- ⲙ︤ⲛ︥ -->
<mark id="orig_758" xlink:href="#tok_758"/><!-- ⲛ̄ -->
<mark id="orig_759" xlink:href="#tok_759"/><!-- ⲟⲩⲏⲏⲃ` -->
<mark id="orig_760" xlink:href="#tok_760"/><!-- ⲧⲏⲣ -->
<mark id="orig_761" xlink:href="#tok_761"/><!-- ⲟⲩ -->
<mark id="orig_762" xlink:href="#tok_762"/><!-- ⲉⲧ -->
<mark id="orig_763" xlink:href="#tok_763"/><!-- ⲡⲗⲁⲛⲁ` -->
<mark id="orig_764" xlink:href="#tok_764"/><!-- · -->
<mark id="orig_765" xlink:href="#tok_765"/><!-- ⲙ︤ⲛ︥ -->
<mark id="orig_766" xlink:href="#tok_766"/><!-- ⲁⲛⲧⲓⲭⲣⲓⲥⲧⲟⲥ -->
<mark id="orig_767" xlink:href="#tok_767"/><!-- ⲛⲓⲙ -->
<mark id="orig_768" xlink:href="#tok_768"/><!-- · -->
<mark id="orig_769" xlink:href="#tok_769"/><!-- ⲙ︤ⲛ︥ -->
<mark id="orig_770" xlink:href="#tok_770"/><!-- ⲛ̄ -->
<mark id="orig_771" xlink:href="#tok_771"/><!-- ⲥⲁϩ` -->
<mark id="orig_772" xlink:href="#tok_772"/><!-- ⲧⲏⲣ -->
<mark id="orig_773" xlink:href="#tok_773"/><!-- ⲟⲩ -->
<mark id="orig_774" xlink:href="#tok_774"/><!-- ⲛ̄ -->
<mark id="orig_775" xlink:href="#tok_775"/><!-- ⲛⲟⲩϫ` -->
<mark id="orig_776" xlink:href="#tok_776"/><!-- ⲙ︤ⲛ︥ -->
<mark id="orig_777" xlink:href="#tok_777"/><!-- ⲟⲩⲟⲛ -->
<mark id="orig_778" xlink:href="#tok_778"/><!-- ⲛⲓⲙ` -->
<mark id="orig_779" xlink:href="#tok_779"/><!-- ⲉⲧ -->
<mark id="orig_780" xlink:href="#tok_780"/><!-- ⲟ` -->
<mark id="orig_781" xlink:href="#tok_781"/><!-- ⲛ̄ -->
<mark id="orig_782" xlink:href="#xpointer(id('tok_782')/range-to(id('tok_783')))"/><!-- ⲁⲧⲛⲁϩ...ⲧⲉ -->
<mark id="orig_784" xlink:href="#tok_784"/><!-- ⲉ -->
<mark id="orig_785" xlink:href="#tok_785"/><!-- ⲡⲉⲛ -->
<mark id="orig_786" xlink:href="#tok_786"/><!-- ϫⲟⲓ̈ⲥ -->
<mark id="orig_787" xlink:href="#tok_787"/><!-- ⲓ︤ⲥ︥ -->
<mark id="orig_788" xlink:href="#tok_788"/><!-- ϫⲓⲛ -->
<mark id="orig_789" xlink:href="#tok_789"/><!-- ⲛ̄ -->
<mark id="orig_790" xlink:href="#tok_790"/><!-- ϣⲟⲣ︤ⲡ︥` -->
<mark id="orig_791" xlink:href="#tok_791"/><!-- ϣⲁϩⲣⲁⲓ̈ -->
<mark id="orig_792" xlink:href="#tok_792"/><!-- ⲉ -->
<mark id="orig_793" xlink:href="#xpointer(id('tok_793')/range-to(id('tok_794')))"/><!-- ⲧⲉ...ⲛⲟⲩ -->
<mark id="orig_795" xlink:href="#tok_795"/><!-- · -->
<mark id="orig_796" xlink:href="#xpointer(id('tok_796')/range-to(id('tok_797')))"/><!-- ⲉϣ...Ϫⲉ -->
<mark id="orig_798" xlink:href="#tok_798"/><!-- ⲛⲉ -->
<mark id="orig_799" xlink:href="#xpointer(id('tok_799')/range-to(id('tok_800')))"/><!-- ⲡⲣⲟⲫⲏ...ⲧⲏⲥ -->
<mark id="orig_801" xlink:href="#tok_801"/><!-- ⲇⲉ -->
<mark id="orig_802" xlink:href="#tok_802"/><!-- ⲧⲏⲣ -->
<mark id="orig_803" xlink:href="#tok_803"/><!-- ⲟⲩ -->
<mark id="orig_804" xlink:href="#tok_804"/><!-- · -->
<mark id="orig_805" xlink:href="#tok_805"/><!-- ⲁⲩⲱ -->
<mark id="orig_806" xlink:href="#tok_806"/><!-- ⲛ̄ -->
<mark id="orig_807" xlink:href="#xpointer(id('tok_807')/range-to(id('tok_808')))"/><!-- ⲁⲡⲟⲥⲧⲟ...ⲗⲟⲥ -->
<mark id="orig_809" xlink:href="#tok_809"/><!-- ⲧⲏⲣ -->
<mark id="orig_810" xlink:href="#tok_810"/><!-- ⲟⲩ -->
<mark id="orig_811" xlink:href="#tok_811"/><!-- · -->
<mark id="orig_812" xlink:href="#tok_812"/><!-- ⲁⲩⲱ -->
<mark id="orig_813" xlink:href="#tok_813"/><!-- ⲛⲉⲛ -->
<mark id="orig_814" xlink:href="#xpointer(id('tok_814')/range-to(id('tok_815')))"/><!-- ⲉⲓⲟ...ⲧⲉ -->
<mark id="orig_816" xlink:href="#tok_816"/><!-- ⲧⲏⲣ -->
<mark id="orig_817" xlink:href="#tok_817"/><!-- ⲟⲩ` -->
<mark id="orig_818" xlink:href="#tok_818"/><!-- ⲛ̄ -->
<mark id="orig_819" xlink:href="#xpointer(id('tok_819')/range-to(id('tok_820')))"/><!-- ⲁⲣ...ⲭⲁⲓⲟⲥ -->
<mark id="orig_821" xlink:href="#tok_821"/><!-- · -->
<mark id="orig_822" xlink:href="#tok_822"/><!-- ⲁⲩⲱ -->
<mark id="orig_823" xlink:href="#tok_823"/><!-- ⲛ̄ -->
<mark id="orig_824" xlink:href="#xpointer(id('tok_824')/range-to(id('tok_825')))"/><!-- ⲇⲓ...ⲕⲁⲓⲟⲥ -->
<mark id="orig_826" xlink:href="#tok_826"/><!-- ⲧⲏⲣ -->
<mark id="orig_827" xlink:href="#tok_827"/><!-- ⲟⲩ -->
<mark id="orig_828" xlink:href="#tok_828"/><!-- ϫⲓ⳯ -->
<mark id="orig_829" xlink:href="#tok_829"/><!-- ⲛ̄ -->
<mark id="orig_830" xlink:href="#tok_830"/><!-- ϣⲟⲣ︤ⲡ︥` -->
<mark id="orig_831" xlink:href="#tok_831"/><!-- ϣⲁϩⲣⲁⲓ̈ -->
<mark id="orig_832" xlink:href="#tok_832"/><!-- ⲉ -->
<mark id="orig_833" xlink:href="#tok_833"/><!-- ⲡ -->
<mark id="orig_834" xlink:href="#tok_834"/><!-- ⲟⲟⲩ` -->
<mark id="orig_835" xlink:href="#tok_835"/><!-- ⲛ̄ -->
<mark id="orig_836" xlink:href="#tok_836"/><!-- ϩⲟⲟⲩ -->
<mark id="orig_837" xlink:href="#tok_837"/><!-- · -->
<mark id="orig_838" xlink:href="#tok_838"/><!-- ϩⲉⲛ -->
<mark id="orig_839" xlink:href="#tok_839"/><!-- ⲣⲱⲙⲉ` -->
<mark id="orig_840" xlink:href="#tok_840"/><!-- ⲛⲉ -->
<mark id="orig_841" xlink:href="#tok_841"/><!-- ⲉ -->
<mark id="orig_842" xlink:href="#tok_842"/><!-- ⲩ -->
<mark id="orig_843" xlink:href="#tok_843"/><!-- ⲉⲓⲣⲉ` -->
<mark id="orig_844" xlink:href="#tok_844"/><!-- ⲛ̄ -->
<mark id="orig_845" xlink:href="#tok_845"/><!-- ⲧ -->
<mark id="orig_846" xlink:href="#tok_846"/><!-- ⲙⲉ` -->
<mark id="orig_847" xlink:href="#tok_847"/><!-- · -->
<mark id="orig_848" xlink:href="#tok_848"/><!-- ⲁⲩⲱ -->
<mark id="orig_849" xlink:href="#tok_849"/><!-- ⲉ -->
<mark id="orig_850" xlink:href="#tok_850"/><!-- ⲩ -->
<mark id="orig_851" xlink:href="#tok_851"/><!-- ϫⲱ̂ -->
<mark id="orig_852" xlink:href="#tok_852"/><!-- ⲛ̄ -->
<mark id="orig_853" xlink:href="#tok_853"/><!-- ⲧ -->
<mark id="orig_854" xlink:href="#tok_854"/><!-- ⲙⲉ` -->
<mark id="orig_855" xlink:href="#tok_855"/><!-- ϫⲉ -->
<mark id="orig_856" xlink:href="#tok_856"/><!-- ⲧ -->
<mark id="orig_857" xlink:href="#tok_857"/><!-- ⲙⲉ` -->
<mark id="orig_858" xlink:href="#xpointer(id('tok_858')/range-to(id('tok_859')))"/><!-- ϣⲟ...ⲟⲡ` -->
<mark id="orig_860" xlink:href="#tok_860"/><!-- ϩⲣⲁⲓ̈ -->
<mark id="orig_861" xlink:href="#tok_861"/><!-- ⲛ̄ϩⲏⲧ -->
<mark id="orig_862" xlink:href="#tok_862"/><!-- ⲟⲩ -->
<mark id="orig_863" xlink:href="#tok_863"/><!-- · -->
<mark id="orig_864" xlink:href="#tok_864"/><!-- ⲁⲩⲱ -->
<mark id="orig_865" xlink:href="#tok_865"/><!-- ⲧⲁⲓ̈ -->
<mark id="orig_866" xlink:href="#tok_866"/><!-- ⲧⲉ -->
<mark id="orig_867" xlink:href="#tok_867"/><!-- ⲑ -->
<mark id="orig_868" xlink:href="#tok_868"/><!-- ⲉ -->
<mark id="orig_869" xlink:href="#tok_869"/><!-- ⲛ̄ⲧ -->
<mark id="orig_870" xlink:href="#tok_870"/><!-- ⲁ -->
<mark id="orig_871" xlink:href="#tok_871"/><!-- ⲩ -->
<mark id="orig_872" xlink:href="#tok_872"/><!-- ⲥⲟⲟⲩⲧ︤ⲛ︥ -->
<mark id="orig_873" xlink:href="#tok_873"/><!-- ϩ︤ⲛ︥ -->
<mark id="orig_874" xlink:href="#tok_874"/><!-- ⲛⲉ -->
<mark id="orig_875" xlink:href="#tok_875"/><!-- ⲩ -->
<mark id="orig_876" xlink:href="#tok_876"/><!-- ϩⲃⲏⲩⲉ` -->
<mark id="orig_877" xlink:href="#tok_877"/><!-- ⲧⲏⲣ -->
<mark id="orig_878" xlink:href="#tok_878"/><!-- ⲟⲩ` -->
<mark id="orig_879" xlink:href="#tok_879"/><!-- ⲉⲃⲟⲗ -->
<mark id="orig_880" xlink:href="#xpointer(id('tok_880')/range-to(id('tok_881')))"/><!-- ϩⲓ...ⲧⲙ̄ -->
<mark id="orig_882" xlink:href="#tok_882"/><!-- ⲡ -->
<mark id="orig_883" xlink:href="#tok_883"/><!-- ⲛⲟⲩⲧⲉ -->
<mark id="orig_884" xlink:href="#tok_884"/><!-- · -->
<mark id="orig_885" xlink:href="#tok_885"/><!-- Ⲁⲛⲟⲛ` -->
<mark id="orig_886" xlink:href="#tok_886"/><!-- ϩⲱⲱⲛ` -->
<mark id="orig_887" xlink:href="#tok_887"/><!-- ⲛ` -->
<mark id="orig_888" xlink:href="#tok_888"/><!-- ⲱ̂ -->
<mark id="orig_889" xlink:href="#tok_889"/><!-- ⲛⲉ -->
<mark id="orig_890" xlink:href="#tok_890"/><!-- ⲥⲛⲏⲩ` -->
<mark id="orig_891" xlink:href="#tok_891"/><!-- ⲙⲁⲣ︤ⲛ︥ -->
<mark id="orig_892" xlink:href="#tok_892"/><!-- ⲣ̄ -->
<mark id="orig_893" xlink:href="#tok_893"/><!-- ⲧ -->
<mark id="orig_894" xlink:href="#tok_894"/><!-- ⲙⲉ` -->
<mark id="orig_895" xlink:href="#tok_895"/><!-- ⲁⲩⲱ -->
<mark id="orig_896" xlink:href="#tok_896"/><!-- ⲛ̄ⲧ -->
<mark id="orig_897" xlink:href="#tok_897"/><!-- ⲛ̄ -->
<mark id="orig_898" xlink:href="#tok_898"/><!-- ϫⲱ̂ -->
<mark id="orig_899" xlink:href="#tok_899"/><!-- ⲛ̄ -->
<mark id="orig_900" xlink:href="#tok_900"/><!-- ⲧ -->
<mark id="orig_901" xlink:href="#tok_901"/><!-- ⲙⲉ` -->
<mark id="orig_902" xlink:href="#xpointer(id('tok_902')/range-to(id('tok_903')))"/><!-- ϫⲉ...ⲕⲁⲥ` -->
<mark id="orig_904" xlink:href="#tok_904"/><!-- ⲉⲛⲉ -->
<mark id="orig_905" xlink:href="#xpointer(id('tok_905')/range-to(id('tok_906')))"/><!-- ⲥⲟⲟⲩ...ⲧ︤ⲛ︥ -->
<mark id="orig_907" xlink:href="#tok_907"/><!-- ϩ︤ⲛ︥ -->
<mark id="orig_908" xlink:href="#tok_908"/><!-- ⲛⲉⲛ -->
<mark id="orig_909" xlink:href="#tok_909"/><!-- ϩⲃⲏⲩⲉ` -->
<mark id="orig_910" xlink:href="#tok_910"/><!-- ⲧⲏⲣ -->
<mark id="orig_911" xlink:href="#tok_911"/><!-- ⲟⲩ -->
<mark id="orig_912" xlink:href="#tok_912"/><!-- · -->
<mark id="orig_913" xlink:href="#tok_913"/><!-- ⲁⲩⲱ -->
<mark id="orig_914" xlink:href="#tok_914"/><!-- ϫⲉⲕⲁⲥ` -->
<mark id="orig_915" xlink:href="#tok_915"/><!-- ⲉⲛⲉ -->
<mark id="orig_916" xlink:href="#tok_916"/><!-- ϣⲱⲡⲉ` -->
<mark id="orig_917" xlink:href="#tok_917"/><!-- ⲉ -->
<mark id="orig_918" xlink:href="#tok_918"/><!-- ⲛ -->
<mark id="orig_919" xlink:href="#tok_919"/><!-- ⲏⲡ` -->
<mark id="orig_920" xlink:href="#tok_920"/><!-- ⲉ -->
<mark id="orig_921" xlink:href="#tok_921"/><!-- ⲛⲉ -->
<mark id="orig_922" xlink:href="#tok_922"/><!-- ⲡⲣⲟⲫⲏⲧⲏⲥ` -->
<mark id="orig_923" xlink:href="#tok_923"/><!-- ⲙ︤ⲛ︥ -->
<mark id="orig_924" xlink:href="#tok_924"/><!-- ⲛ̄ -->
<mark id="orig_925" xlink:href="#xpointer(id('tok_925')/range-to(id('tok_926')))"/><!-- ⲁⲡⲟⲥⲧⲟ...ⲗⲟⲥ` -->
<mark id="orig_927" xlink:href="#tok_927"/><!-- · -->
<mark id="orig_928" xlink:href="#tok_928"/><!-- ⲙ︤ⲛ︥ -->
<mark id="orig_929" xlink:href="#tok_929"/><!-- ⲛ -->
<mark id="orig_930" xlink:href="#tok_930"/><!-- ⲉⲧ -->
<mark id="orig_931" xlink:href="#xpointer(id('tok_931')/range-to(id('tok_932')))"/><!-- ⲟⲩ...ⲁⲁⲃ -->
<mark id="orig_933" xlink:href="#tok_933"/><!-- ⲧⲏⲣ -->
<mark id="orig_934" xlink:href="#tok_934"/><!-- ⲟⲩ -->
<mark id="orig_935" xlink:href="#tok_935"/><!-- · -->
<mark id="orig_936" xlink:href="#tok_936"/><!-- ⲁⲩⲱ -->
<mark id="orig_937" xlink:href="#tok_937"/><!-- ⲛ̄ -->
<mark id="orig_938" xlink:href="#tok_938"/><!-- ⲧ︤ⲛ︥ -->
<mark id="orig_939" xlink:href="#tok_939"/><!-- ⲣ̄ -->
<mark id="orig_940" xlink:href="#tok_940"/><!-- ⲙ̄ -->
<mark id="orig_941" xlink:href="#tok_941"/><!-- ⲡ -->
<mark id="orig_942" xlink:href="#tok_942"/><!-- ϣⲁ` -->
<mark id="orig_943" xlink:href="#tok_943"/><!-- ⲙ̄ -->
<mark id="orig_944" xlink:href="#tok_944"/><!-- ⲡ -->
<mark id="orig_945" xlink:href="#tok_945"/><!-- ⲛⲟⲩⲧⲉ -->
<mark id="orig_946" xlink:href="#tok_946"/><!-- · -->
<mark id="orig_947" xlink:href="#tok_947"/><!-- ϫⲉ -->
<mark id="orig_948" xlink:href="#tok_948"/><!-- ⲟⲩ -->
<mark id="orig_949" xlink:href="#tok_949"/><!-- ⲙⲉ` -->
<mark id="orig_950" xlink:href="#tok_950"/><!-- ⲡⲉ -->
<mark id="orig_951" xlink:href="#tok_951"/><!-- ⲡⲛⲟⲩⲧⲉ` -->
<mark id="orig_952" xlink:href="#tok_952"/><!-- · -->
<mark id="orig_953" xlink:href="#tok_953"/><!-- ⲁⲩⲱ -->
<mark id="orig_954" xlink:href="#tok_954"/><!-- ⲟⲩ -->
<mark id="orig_955" xlink:href="#tok_955"/><!-- ⲙⲉ` -->
<mark id="orig_956" xlink:href="#tok_956"/><!-- ⲡⲉ -->
<mark id="orig_957" xlink:href="#tok_957"/><!-- ⲡⲉ -->
<mark id="orig_958" xlink:href="#tok_958"/><!-- ⲛ -->
<mark id="orig_959" xlink:href="#tok_959"/><!-- ϫⲟⲉⲓⲥ -->
<mark id="orig_960" xlink:href="#tok_960"/><!-- ⲓ︤ⲥ︥` -->
<mark id="orig_961" xlink:href="#tok_961"/><!-- ⲡⲁⲓ̈ -->
<mark id="orig_962" xlink:href="#tok_962"/><!-- ⲛ̄ⲧ -->
<mark id="orig_963" xlink:href="#tok_963"/><!-- ⲁ -->
<mark id="orig_964" xlink:href="#tok_964"/><!-- ϥ -->
<mark id="orig_965" xlink:href="#tok_965"/><!-- ϫⲟⲟ -->
<mark id="orig_966" xlink:href="#tok_966"/><!-- ⲥ -->
<mark id="orig_967" xlink:href="#tok_967"/><!-- ϫⲉ -->
<mark id="orig_968" xlink:href="#tok_968"/><!-- ⲁⲛⲟⲕ -->
<mark id="orig_969" xlink:href="#tok_969"/><!-- ⲡⲉ -->
<mark id="orig_970" xlink:href="#tok_970"/><!-- ⲧ -->
<mark id="orig_971" xlink:href="#tok_971"/><!-- ⲙⲉ` -->
<mark id="orig_972" xlink:href="#tok_972"/><!-- · -->
<mark id="orig_973" xlink:href="#tok_973"/><!-- Ⲉⲧⲃⲉ -->
<mark id="orig_974" xlink:href="#tok_974"/><!-- ⲡⲁⲓ̈ -->
<mark id="orig_975" xlink:href="#tok_975"/><!-- ⲙ̄ⲡ︤ⲣ︥ -->
<mark id="orig_976" xlink:href="#tok_976"/><!-- ⲧⲣⲉ -->
<mark id="orig_977" xlink:href="#tok_977"/><!-- ⳯ -->
<mark id="orig_978" xlink:href="#tok_978"/><!-- ϣⲱⲡⲉ` -->
<mark id="orig_979" xlink:href="#tok_979"/><!-- ⲉ -->
<mark id="orig_980" xlink:href="#tok_980"/><!-- ⲛ -->
<mark id="orig_981" xlink:href="#tok_981"/><!-- ϫⲱ̂ -->
<mark id="orig_982" xlink:href="#tok_982"/><!-- ⲙ̄ -->
<mark id="orig_983" xlink:href="#tok_983"/><!-- ⲡ -->
<mark id="orig_984" xlink:href="#tok_984"/><!-- ϭⲟⲗ` -->
<mark id="orig_985" xlink:href="#tok_985"/><!-- · -->
<mark id="orig_986" xlink:href="#tok_986"/><!-- ⲉⲧⲃⲉ -->
<mark id="orig_987" xlink:href="#tok_987"/><!-- ⲛⲉ⳯ -->
<mark id="orig_988" xlink:href="#tok_988"/><!-- ϩⲃⲏⲩⲉ` -->
<mark id="orig_989" xlink:href="#tok_989"/><!-- ⲉⲑ -->
<mark id="orig_990" xlink:href="#tok_990"/><!-- ⲟⲟⲩ` -->
<mark id="orig_991" xlink:href="#tok_991"/><!-- ⲉ -->
<mark id="orig_992" xlink:href="#tok_992"/><!-- ⲧ︤ⲛ︥ -->
<mark id="orig_993" xlink:href="#tok_993"/><!-- ⲉⲓⲣⲉ` -->
<mark id="orig_994" xlink:href="#tok_994"/><!-- ⲙ̄ⲙⲟ -->
<mark id="orig_995" xlink:href="#tok_995"/><!-- ⲟⲩ -->
<mark id="orig_996" xlink:href="#tok_996"/><!-- ϩ︤ⲙ︥ -->
<mark id="orig_997" xlink:href="#tok_997"/><!-- ⲡ -->
<mark id="orig_998" xlink:href="#tok_998"/><!-- ⲕⲁⲕⲉ` -->
<mark id="orig_999" xlink:href="#tok_999"/><!-- · -->
<mark id="orig_1000" xlink:href="#tok_1000"/><!-- ϫⲉ -->
<mark id="orig_1001" xlink:href="#tok_1001"/><!-- ⲉ -->
<mark id="orig_1002" xlink:href="#tok_1002"/><!-- ⲛⲛⲉ -->
<mark id="orig_1003" xlink:href="#tok_1003"/><!-- ⲛ -->
<mark id="orig_1004" xlink:href="#tok_1004"/><!-- ϣⲱⲡⲉ -->
<mark id="orig_1005" xlink:href="#tok_1005"/><!-- ⲉ -->
<mark id="orig_1006" xlink:href="#tok_1006"/><!-- ⲛ -->
<mark id="orig_1007" xlink:href="#tok_1007"/><!-- ⲏⲡ` -->
<mark id="orig_1008" xlink:href="#tok_1008"/><!-- ⲉ -->
<mark id="orig_1009" xlink:href="#tok_1009"/><!-- ⲡ -->
<mark id="orig_1010" xlink:href="#xpointer(id('tok_1010')/range-to(id('tok_1011')))"/><!-- ⲥⲁⲧⲁ...ⲛⲁⲥ -->
<mark id="orig_1012" xlink:href="#tok_1012"/><!-- · -->
<mark id="orig_1013" xlink:href="#tok_1013"/><!-- ⲡⲁⲓ̈ -->
<mark id="orig_1014" xlink:href="#tok_1014"/><!-- ⲉⲧⲉ -->
<mark id="orig_1015" xlink:href="#tok_1015"/><!-- ⲙ︤ⲛ︥ -->
<mark id="orig_1016" xlink:href="#tok_1016"/><!-- ⲙⲉ` -->
<mark id="orig_1017" xlink:href="#tok_1017"/><!-- ϣⲟⲟⲡ` -->
<mark id="orig_1018" xlink:href="#tok_1018"/><!-- ϩⲣⲁⲓ̈ -->
<mark id="orig_1019" xlink:href="#tok_1019"/><!-- ⲛ̄ϩⲏⲧ︤ -->
<mark id="orig_1020" xlink:href="#tok_1020"/><!-- ϥ︥ -->
<mark id="orig_1021" xlink:href="#tok_1021"/><!-- ϫⲉ -->
<mark id="orig_1022" xlink:href="#tok_1022"/><!-- ⲟⲩ -->
<mark id="orig_1023" xlink:href="#xpointer(id('tok_1023')/range-to(id('tok_1024')))"/><!-- ⲣⲉϥ...ϫⲓ -->
<mark id="orig_1025" xlink:href="#tok_1025"/><!-- ϭⲟⲗ -->
<mark id="orig_1026" xlink:href="#tok_1026"/><!-- ⲡⲉ -->
<mark id="orig_1027" xlink:href="#tok_1027"/><!-- · -->
<mark id="orig_1028" xlink:href="#tok_1028"/><!-- ⲁⲩⲱ -->
<mark id="orig_1029" xlink:href="#tok_1029"/><!-- ⲙ̄ⲡ︤ -->
<mark id="orig_1030" xlink:href="#tok_1030"/><!-- ϥ︥ -->
<mark id="orig_1031" xlink:href="#tok_1031"/><!-- ⲁϩⲉⲣⲁⲧ︤ -->
<mark id="orig_1032" xlink:href="#tok_1032"/><!-- ϥ︥ -->
<mark id="orig_1033" xlink:href="#tok_1033"/><!-- ϩ︤ⲛ︥ -->
<mark id="orig_1034" xlink:href="#tok_1034"/><!-- ⲙⲉ` -->
<mark id="orig_1035" xlink:href="#tok_1035"/><!-- ⲉⲛⲉϩ⳿ -->
<mark id="orig_1036" xlink:href="#tok_1036"/><!-- Ⲉⲧⲃⲉ -->
<mark id="orig_1037" xlink:href="#tok_1037"/><!-- ⲡⲁⲓ̈ -->
<mark id="orig_1038" xlink:href="#tok_1038"/><!-- ⲣⲱ̂ -->
<mark id="orig_1039" xlink:href="#tok_1039"/><!-- ϥ -->
<mark id="orig_1040" xlink:href="#xpointer(id('tok_1040')/range-to(id('tok_1043')))"/><!-- ⲥ...ⲟⲣ︤ⲧ︥` -->
<mark id="orig_1044" xlink:href="#tok_1044"/><!-- ⲉ -->
<mark id="orig_1045" xlink:href="#tok_1045"/><!-- ϥ -->
<mark id="orig_1046" xlink:href="#tok_1046"/><!-- ϫⲟ` -->
<mark id="orig_1047" xlink:href="#tok_1047"/><!-- ⲙ̄ -->
<mark id="orig_1048" xlink:href="#tok_1048"/><!-- ⲡ -->
<mark id="orig_1049" xlink:href="#tok_1049"/><!-- ϭⲟⲗ` -->
<mark id="orig_1050" xlink:href="#tok_1050"/><!-- ⲙ︤ⲛ︥ -->
<mark id="orig_1051" xlink:href="#tok_1051"/><!-- ⲛⲟⲃⲉ` -->
<mark id="orig_1052" xlink:href="#tok_1052"/><!-- ⲛⲓⲙ` -->
<mark id="orig_1053" xlink:href="#tok_1053"/><!-- ϩⲣⲁⲓ̈ -->
<mark id="orig_1054" xlink:href="#tok_1054"/><!-- ϩ︤ⲛ︥ -->
<mark id="orig_1055" xlink:href="#tok_1055"/><!-- ⲛ -->
<mark id="orig_1056" xlink:href="#tok_1056"/><!-- ⲉⲧⲉ -->
<mark id="orig_1057" xlink:href="#tok_1057"/><!-- ⲛⲟⲩϥ -->
<mark id="orig_1058" xlink:href="#tok_1058"/><!-- ⲛⲉ` -->
<mark id="orig_1059" xlink:href="#tok_1059"/><!-- ⲕⲁⲧⲁ -->
<mark id="orig_1060" xlink:href="#tok_1060"/><!-- ⲑ -->
<mark id="orig_1061" xlink:href="#tok_1061"/><!-- ⲉ` -->
<mark id="orig_1062" xlink:href="#tok_1062"/><!-- ⲉⲧ -->
<mark id="orig_1063" xlink:href="#tok_1063"/><!-- ⲥⲏϩ` -->
<mark id="orig_1064" xlink:href="#tok_1064"/><!-- · -->
<mark id="orig_1065" xlink:href="#tok_1065"/><!-- ϫⲉ -->
<mark id="orig_1066" xlink:href="#tok_1066"/><!-- ϩⲟⲧⲁⲛ` -->
<mark id="orig_1067" xlink:href="#tok_1067"/><!-- ⲉⲣⲉ -->
<mark id="orig_1068" xlink:href="#tok_1068"/><!-- ⲡ -->
<mark id="orig_1069" xlink:href="#tok_1069"/><!-- ϭⲟⲗ` -->
<mark id="orig_1070" xlink:href="#tok_1070"/><!-- ⲛⲁ -->
<mark id="orig_1071" xlink:href="#tok_1071"/><!-- ϣⲁϫⲉ` -->
<mark id="orig_1072" xlink:href="#tok_1072"/><!-- ϣⲁ -->
<mark id="orig_1073" xlink:href="#tok_1073"/><!-- ϥ -->
<mark id="orig_1074" xlink:href="#tok_1074"/><!-- ϣⲁϫⲉ -->
<mark id="orig_1075" xlink:href="#tok_1075"/><!-- ⲉⲃⲟⲗ` -->
<mark id="orig_1076" xlink:href="#tok_1076"/><!-- ϩ︤ⲛ︥ -->
<mark id="orig_1077" xlink:href="#tok_1077"/><!-- ⲛ -->
<mark id="orig_1078" xlink:href="#tok_1078"/><!-- ⲉⲧⲉ -->
<mark id="orig_1079" xlink:href="#tok_1079"/><!-- ⲛⲟⲩϥ -->
<mark id="orig_1080" xlink:href="#tok_1080"/><!-- ⲛⲉ` -->
<mark id="orig_1081" xlink:href="#tok_1081"/><!-- ⲛⲟⲓ̈ -->
<mark id="orig_1082" xlink:href="#tok_1082"/><!-- ⲟⲩⲛ -->
<mark id="orig_1083" xlink:href="#tok_1083"/><!-- ϫⲉ -->
<mark id="orig_1084" xlink:href="#tok_1084"/><!-- ⲟⲩⲟⲛ` -->
<mark id="orig_1085" xlink:href="#tok_1085"/><!-- ⲛⲓⲙ` -->
<mark id="orig_1086" xlink:href="#tok_1086"/><!-- ⲉⲧ -->
<mark id="orig_1087" xlink:href="#tok_1087"/><!-- ⲉⲓⲣⲉ` -->
<mark id="orig_1088" xlink:href="#tok_1088"/><!-- ⲙ̄ -->
<mark id="orig_1089" xlink:href="#tok_1089"/><!-- ⲡ -->
<mark id="orig_1090" xlink:href="#tok_1090"/><!-- ⲛⲟⲃⲉ -->
<mark id="orig_1091" xlink:href="#tok_1091"/><!-- · -->
<mark id="orig_1092" xlink:href="#tok_1092"/><!-- ⲁⲩⲱ -->
<mark id="orig_1093" xlink:href="#tok_1093"/><!-- ⲉⲧ -->
<mark id="orig_1094" xlink:href="#tok_1094"/><!-- ϫⲱ̂ -->
<mark id="orig_1095" xlink:href="#tok_1095"/><!-- ⲙ̄ -->
<mark id="orig_1096" xlink:href="#tok_1096"/><!-- ⲡ -->
<mark id="orig_1097" xlink:href="#tok_1097"/><!-- ϭⲟⲗ` -->
<mark id="orig_1098" xlink:href="#tok_1098"/><!-- ⲉ -->
<mark id="orig_1099" xlink:href="#tok_1099"/><!-- ⲩ -->
<mark id="orig_1100" xlink:href="#tok_1100"/><!-- ⲏⲡ` -->
<mark id="orig_1101" xlink:href="#tok_1101"/><!-- ⲉ -->
</markList>
</paula>
