<?xml version='1.0' encoding='UTF-8'?><!DOCTYPE paula SYSTEM "paula_mark.dtd">
<paula version="1.1">
	<header paula_id="scriptorium.01_Genesis_30.mark"/>
	<markList xmlns:xlink="http://www.w3.org/1999/xlink" type="scriptorium" xml:base="01_Genesis_30.tok.xml">
		<!--ⲁ ϩⲣⲁⲭⲏⲗ ⲇⲉ ⲛⲁ ⲩ ϫⲉ ⲙⲡⲉ ⲥ ϫⲡⲉ ϣⲏⲣⲉ ⲛ ⲓⲁⲕⲱⲃ ⲁ ϩⲣⲁⲭⲏⲗ ⲕⲱϩ ⲉ ⲗⲓⲁ ⲧⲉⲥ ⲥⲱⲛⲉ ⲡⲉϫⲁ ⲥ ⲛ ⲓⲁⲕⲱⲃ ϫⲉ ⲙⲁ ⲛⲁⲓ ⲛϩⲛ ϣⲏⲣⲉ ⲉⲃⲟⲗ ⲛ ϩⲏⲧ ⲕ ⲉϣⲱⲡⲉ ⲙⲙⲟ ⲛ ϯ ⲛⲁ ⲙⲟⲩ-->
		<mark id="sSpan1" xlink:href="#sTok1 #sTok2 #sTok3 #sTok4 #sTok5 #sTok6 #sTok7 #sTok8 #sTok9 #sTok10 #sTok11 #sTok12 #sTok13 #sTok14 #sTok15 #sTok16 #sTok17 #sTok18 #sTok19 #sTok20 #sTok21 #sTok22 #sTok23 #sTok24 #sTok25 #sTok26 #sTok27 #sTok28 #sTok29 #sTok30 #sTok31 #sTok32 #sTok33 #sTok34 #sTok35 #sTok36 #sTok37 #sTok38"/>
		<!--ⲁ-->
		<mark id="sSpan2" xlink:href="#sTok1"/>
		<!--ⲁ ϩⲣⲁⲭⲏⲗ-->
		<mark id="sSpan3" xlink:href="#sTok1 #sTok2"/>
		<!--ϩⲣⲁⲭⲏⲗ-->
		<mark id="sSpan4" xlink:href="#sTok2"/>
		<!--ⲇⲉ-->
		<mark id="sSpan5" xlink:href="#sTok3"/>
		<!--ⲇⲉ-->
		<mark id="sSpan6" xlink:href="#sTok3"/>
		<!--ⲛⲁ-->
		<mark id="sSpan7" xlink:href="#sTok4"/>
		<!--ⲛⲁ ⲩ-->
		<mark id="sSpan8" xlink:href="#sTok4 #sTok5"/>
		<!--ⲩ-->
		<mark id="sSpan9" xlink:href="#sTok5"/>
		<!--ϫⲉ-->
		<mark id="sSpan10" xlink:href="#sTok6"/>
		<!--ϫⲉ-->
		<mark id="sSpan11" xlink:href="#sTok6"/>
		<!--ⲙⲡⲉ-->
		<mark id="sSpan12" xlink:href="#sTok7"/>
		<!--ⲙⲡⲉ ⲥ ϫⲡⲉ-->
		<mark id="sSpan13" xlink:href="#sTok7 #sTok8 #sTok9"/>
		<!--ⲥ-->
		<mark id="sSpan14" xlink:href="#sTok8"/>
		<!--ϫⲡⲉ-->
		<mark id="sSpan15" xlink:href="#sTok9"/>
		<!--ϣⲏⲣⲉ-->
		<mark id="sSpan16" xlink:href="#sTok10"/>
		<!--ϣⲏⲣⲉ-->
		<mark id="sSpan17" xlink:href="#sTok10"/>
		<!--ⲛ-->
		<mark id="sSpan18" xlink:href="#sTok11"/>
		<!--ⲛ ⲓⲁⲕⲱⲃ-->
		<mark id="sSpan19" xlink:href="#sTok11 #sTok12"/>
		<!--ⲓⲁⲕⲱⲃ-->
		<mark id="sSpan20" xlink:href="#sTok12"/>
		<!--ⲁ-->
		<mark id="sSpan21" xlink:href="#sTok13"/>
		<!--ⲁ ϩⲣⲁⲭⲏⲗ-->
		<mark id="sSpan22" xlink:href="#sTok13 #sTok14"/>
		<!--ϩⲣⲁⲭⲏⲗ-->
		<mark id="sSpan23" xlink:href="#sTok14"/>
		<!--ⲕⲱϩ-->
		<mark id="sSpan24" xlink:href="#sTok15"/>
		<!--ⲕⲱϩ-->
		<mark id="sSpan25" xlink:href="#sTok15"/>
		<!--ⲉ-->
		<mark id="sSpan26" xlink:href="#sTok16"/>
		<!--ⲉ ⲗⲓⲁ-->
		<mark id="sSpan27" xlink:href="#sTok16 #sTok17"/>
		<!--ⲗⲓⲁ-->
		<mark id="sSpan28" xlink:href="#sTok17"/>
		<!--ⲧⲉⲥ-->
		<mark id="sSpan29" xlink:href="#sTok18"/>
		<!--ⲧⲉⲥ ⲥⲱⲛⲉ-->
		<mark id="sSpan30" xlink:href="#sTok18 #sTok19"/>
		<!--ⲥⲱⲛⲉ-->
		<mark id="sSpan31" xlink:href="#sTok19"/>
		<!--ⲡⲉϫⲁ-->
		<mark id="sSpan32" xlink:href="#sTok20"/>
		<!--ⲡⲉϫⲁ ⲥ-->
		<mark id="sSpan33" xlink:href="#sTok20 #sTok21"/>
		<!--ⲥ-->
		<mark id="sSpan34" xlink:href="#sTok21"/>
		<!--ⲛ-->
		<mark id="sSpan35" xlink:href="#sTok22"/>
		<!--ⲛ ⲓⲁⲕⲱⲃ-->
		<mark id="sSpan36" xlink:href="#sTok22 #sTok23"/>
		<!--ⲓⲁⲕⲱⲃ-->
		<mark id="sSpan37" xlink:href="#sTok23"/>
		<!--ϫⲉ-->
		<mark id="sSpan38" xlink:href="#sTok24"/>
		<!--ϫⲉ-->
		<mark id="sSpan39" xlink:href="#sTok24"/>
		<!--ⲙⲁ-->
		<mark id="sSpan40" xlink:href="#sTok25"/>
		<!--ⲙⲁ-->
		<mark id="sSpan41" xlink:href="#sTok25"/>
		<!--ⲛⲁⲓ-->
		<mark id="sSpan42" xlink:href="#sTok26"/>
		<!--ⲛⲁⲓ-->
		<mark id="sSpan43" xlink:href="#sTok26"/>
		<!--ⲛϩⲛ-->
		<mark id="sSpan44" xlink:href="#sTok27"/>
		<!--ⲛϩⲛ ϣⲏⲣⲉ-->
		<mark id="sSpan45" xlink:href="#sTok27 #sTok28"/>
		<!--ϣⲏⲣⲉ-->
		<mark id="sSpan46" xlink:href="#sTok28"/>
		<!--ⲉⲃⲟⲗ-->
		<mark id="sSpan47" xlink:href="#sTok29"/>
		<!--ⲉⲃⲟⲗ-->
		<mark id="sSpan48" xlink:href="#sTok29"/>
		<!--ⲛ-->
		<mark id="sSpan49" xlink:href="#sTok30"/>
		<!--ⲛ ϩⲏⲧ-->
		<mark id="sSpan50" xlink:href="#sTok30 #sTok31"/>
		<!--ⲛ ϩⲏⲧ ⲕ-->
		<mark id="sSpan51" xlink:href="#sTok30 #sTok31 #sTok32"/>
		<!--ϩⲏⲧ-->
		<mark id="sSpan52" xlink:href="#sTok31"/>
		<!--ⲕ-->
		<mark id="sSpan53" xlink:href="#sTok32"/>
		<!--ⲉϣⲱⲡⲉ-->
		<mark id="sSpan54" xlink:href="#sTok33"/>
		<!--ⲉϣⲱⲡⲉ-->
		<mark id="sSpan55" xlink:href="#sTok33"/>
		<!--ⲙⲙⲟ-->
		<mark id="sSpan56" xlink:href="#sTok34"/>
		<!--ⲙⲙⲟ ⲛ-->
		<mark id="sSpan57" xlink:href="#sTok34 #sTok35"/>
		<!--ⲛ-->
		<mark id="sSpan58" xlink:href="#sTok35"/>
		<!--ϯ-->
		<mark id="sSpan59" xlink:href="#sTok36"/>
		<!--ϯ ⲛⲁ ⲙⲟⲩ-->
		<mark id="sSpan60" xlink:href="#sTok36 #sTok37 #sTok38"/>
		<!--ⲛⲁ-->
		<mark id="sSpan61" xlink:href="#sTok37"/>
		<!--ⲙⲟⲩ-->
		<mark id="sSpan62" xlink:href="#sTok38"/>
		<!--ⲁ ⲓⲁⲕⲱⲃ ϭⲱⲛⲧ ⲉ ϩⲣⲁⲭⲏⲗ ⲡⲉϫⲁ ϥ ⲛⲁ ⲥ ϫⲉ ⲙⲏ ⲁⲛⲅ ⲡ ⲛⲟⲩⲧⲉ ⲁⲛⲟⲕ ⲡⲁⲓ ⲛⲧ ⲁ ϥ ⲃ ⲟϭⲉ ⲙ ⲡ ⲕⲁⲣⲡⲟⲥ ⲛ ϩⲏⲧ ⲉ-->
		<mark id="sSpan63" xlink:href="#sTok39 #sTok40 #sTok41 #sTok42 #sTok43 #sTok44 #sTok45 #sTok46 #sTok47 #sTok48 #sTok49 #sTok50 #sTok51 #sTok52 #sTok53 #sTok54 #sTok55 #sTok56 #sTok57 #sTok58 #sTok59 #sTok60 #sTok61 #sTok62 #sTok63 #sTok64 #sTok65"/>
		<!--ⲁ-->
		<mark id="sSpan64" xlink:href="#sTok39"/>
		<!--ⲁ ⲓⲁⲕⲱⲃ-->
		<mark id="sSpan65" xlink:href="#sTok39 #sTok40"/>
		<!--ⲓⲁⲕⲱⲃ-->
		<mark id="sSpan66" xlink:href="#sTok40"/>
		<!--ϭⲱⲛⲧ-->
		<mark id="sSpan67" xlink:href="#sTok41"/>
		<!--ϭⲱⲛⲧ-->
		<mark id="sSpan68" xlink:href="#sTok41"/>
		<!--ⲉ-->
		<mark id="sSpan69" xlink:href="#sTok42"/>
		<!--ⲉ ϩⲣⲁⲭⲏⲗ-->
		<mark id="sSpan70" xlink:href="#sTok42 #sTok43"/>
		<!--ϩⲣⲁⲭⲏⲗ-->
		<mark id="sSpan71" xlink:href="#sTok43"/>
		<!--ⲡⲉϫⲁ-->
		<mark id="sSpan72" xlink:href="#sTok44"/>
		<!--ⲡⲉϫⲁ ϥ-->
		<mark id="sSpan73" xlink:href="#sTok44 #sTok45"/>
		<!--ϥ-->
		<mark id="sSpan74" xlink:href="#sTok45"/>
		<!--ⲛⲁ-->
		<mark id="sSpan75" xlink:href="#sTok46"/>
		<!--ⲛⲁ ⲥ-->
		<mark id="sSpan76" xlink:href="#sTok46 #sTok47"/>
		<!--ⲥ-->
		<mark id="sSpan77" xlink:href="#sTok47"/>
		<!--ϫⲉ-->
		<mark id="sSpan78" xlink:href="#sTok48"/>
		<!--ϫⲉ-->
		<mark id="sSpan79" xlink:href="#sTok48"/>
		<!--ⲙⲏ-->
		<mark id="sSpan80" xlink:href="#sTok49"/>
		<!--ⲙⲏ-->
		<mark id="sSpan81" xlink:href="#sTok49"/>
		<!--ⲁⲛⲅ-->
		<mark id="sSpan82" xlink:href="#sTok50"/>
		<!--ⲁⲛⲅ-->
		<mark id="sSpan83" xlink:href="#sTok50"/>
		<!--ⲡ-->
		<mark id="sSpan84" xlink:href="#sTok51"/>
		<!--ⲡ ⲛⲟⲩⲧⲉ-->
		<mark id="sSpan85" xlink:href="#sTok51 #sTok52"/>
		<!--ⲛⲟⲩⲧⲉ-->
		<mark id="sSpan86" xlink:href="#sTok52"/>
		<!--ⲁⲛⲟⲕ-->
		<mark id="sSpan87" xlink:href="#sTok53"/>
		<!--ⲁⲛⲟⲕ-->
		<mark id="sSpan88" xlink:href="#sTok53"/>
		<!--ⲡⲁⲓ-->
		<mark id="sSpan89" xlink:href="#sTok54"/>
		<!--ⲡⲁⲓ-->
		<mark id="sSpan90" xlink:href="#sTok54"/>
		<!--ⲛⲧ-->
		<mark id="sSpan91" xlink:href="#sTok55"/>
		<!--ⲛⲧ ⲁ ϥ ⲃ ⲟϭⲉ-->
		<mark id="sSpan92" xlink:href="#sTok55 #sTok56 #sTok57 #sTok58 #sTok59"/>
		<!--ⲁ-->
		<mark id="sSpan93" xlink:href="#sTok56"/>
		<!--ϥ-->
		<mark id="sSpan94" xlink:href="#sTok57"/>
		<!--ⲃ-->
		<mark id="sSpan95" xlink:href="#sTok58"/>
		<!--ⲟϭⲉ-->
		<mark id="sSpan96" xlink:href="#sTok59"/>
		<!--ⲙ-->
		<mark id="sSpan97" xlink:href="#sTok60"/>
		<!--ⲙ ⲡ ⲕⲁⲣⲡⲟⲥ-->
		<mark id="sSpan98" xlink:href="#sTok60 #sTok61 #sTok62"/>
		<!--ⲡ-->
		<mark id="sSpan99" xlink:href="#sTok61"/>
		<!--ⲕⲁⲣⲡⲟⲥ-->
		<mark id="sSpan100" xlink:href="#sTok62"/>
		<!--ⲛ-->
		<mark id="sSpan101" xlink:href="#sTok63"/>
		<!--ⲛ ϩⲏⲧ-->
		<mark id="sSpan102" xlink:href="#sTok63 #sTok64"/>
		<!--ⲛ ϩⲏⲧ ⲉ-->
		<mark id="sSpan103" xlink:href="#sTok63 #sTok64 #sTok65"/>
		<!--ϩⲏⲧ-->
		<mark id="sSpan104" xlink:href="#sTok64"/>
		<!--ⲉ-->
		<mark id="sSpan105" xlink:href="#sTok65"/>
		<!--ⲡⲉϫⲉ ϩⲣⲁⲭⲏⲗ ⲛ ⲓⲁⲕⲱⲃ ϫⲉ ⲉⲓⲥ ⲧⲁ ϩⲙϩⲁⲗ ⲃⲁⲗⲗⲁ ⲙ ⲃⲱⲕ ⲉϩⲟⲩⲛ ϣⲁⲣⲟ ⲥ ⲁⲩⲱ ⲥ ⲛⲁ ⲙⲓⲥⲉ ϩⲓϫⲛ ⲛⲁ ⲡ ⲁⲧ ⲧⲁⲕⲁ ⲟⲩ ϣⲏⲣⲉ ⲛⲁⲓ ϩⲱ ⲉⲃⲟⲗ ⲛ ϩⲏⲧ ⲥ-->
		<mark id="sSpan106" xlink:href="#sTok66 #sTok67 #sTok68 #sTok69 #sTok70 #sTok71 #sTok72 #sTok73 #sTok74 #sTok75 #sTok76 #sTok77 #sTok78 #sTok79 #sTok80 #sTok81 #sTok82 #sTok83 #sTok84 #sTok85 #sTok86 #sTok87 #sTok88 #sTok89 #sTok90 #sTok91 #sTok92 #sTok93 #sTok94 #sTok95 #sTok96"/>
		<!--ⲡⲉϫⲉ-->
		<mark id="sSpan107" xlink:href="#sTok66"/>
		<!--ⲡⲉϫⲉ-->
		<mark id="sSpan108" xlink:href="#sTok66"/>
		<!--ϩⲣⲁⲭⲏⲗ-->
		<mark id="sSpan109" xlink:href="#sTok67"/>
		<!--ϩⲣⲁⲭⲏⲗ-->
		<mark id="sSpan110" xlink:href="#sTok67"/>
		<!--ⲛ-->
		<mark id="sSpan111" xlink:href="#sTok68"/>
		<!--ⲛ ⲓⲁⲕⲱⲃ-->
		<mark id="sSpan112" xlink:href="#sTok68 #sTok69"/>
		<!--ⲓⲁⲕⲱⲃ-->
		<mark id="sSpan113" xlink:href="#sTok69"/>
		<!--ϫⲉ-->
		<mark id="sSpan114" xlink:href="#sTok70"/>
		<!--ϫⲉ-->
		<mark id="sSpan115" xlink:href="#sTok70"/>
		<!--ⲉⲓⲥ-->
		<mark id="sSpan116" xlink:href="#sTok71"/>
		<!--ⲉⲓⲥ-->
		<mark id="sSpan117" xlink:href="#sTok71"/>
		<!--ⲧⲁ-->
		<mark id="sSpan118" xlink:href="#sTok72"/>
		<!--ⲧⲁ ϩⲙϩⲁⲗ-->
		<mark id="sSpan119" xlink:href="#sTok72 #sTok73"/>
		<!--ϩⲙϩⲁⲗ-->
		<mark id="sSpan120" xlink:href="#sTok73"/>
		<!--ⲃⲁⲗⲗⲁ-->
		<mark id="sSpan121" xlink:href="#sTok74"/>
		<!--ⲃⲁⲗⲗⲁ ⲙ-->
		<mark id="sSpan122" xlink:href="#sTok74 #sTok75"/>
		<!--ⲙ-->
		<mark id="sSpan123" xlink:href="#sTok75"/>
		<!--ⲃⲱⲕ-->
		<mark id="sSpan124" xlink:href="#sTok76"/>
		<!--ⲃⲱⲕ-->
		<mark id="sSpan125" xlink:href="#sTok76"/>
		<!--ⲉϩⲟⲩⲛ-->
		<mark id="sSpan126" xlink:href="#sTok77"/>
		<!--ⲉϩⲟⲩⲛ-->
		<mark id="sSpan127" xlink:href="#sTok77"/>
		<!--ϣⲁⲣⲟ-->
		<mark id="sSpan128" xlink:href="#sTok78"/>
		<!--ϣⲁⲣⲟ ⲥ-->
		<mark id="sSpan129" xlink:href="#sTok78 #sTok79"/>
		<!--ⲥ-->
		<mark id="sSpan130" xlink:href="#sTok79"/>
		<!--ⲁⲩⲱ-->
		<mark id="sSpan131" xlink:href="#sTok80"/>
		<!--ⲁⲩⲱ-->
		<mark id="sSpan132" xlink:href="#sTok80"/>
		<!--ⲥ-->
		<mark id="sSpan133" xlink:href="#sTok81"/>
		<!--ⲥ ⲛⲁ ⲙⲓⲥⲉ-->
		<mark id="sSpan134" xlink:href="#sTok81 #sTok82 #sTok83"/>
		<!--ⲛⲁ-->
		<mark id="sSpan135" xlink:href="#sTok82"/>
		<!--ⲙⲓⲥⲉ-->
		<mark id="sSpan136" xlink:href="#sTok83"/>
		<!--ϩⲓϫⲛ-->
		<mark id="sSpan137" xlink:href="#sTok84"/>
		<!--ϩⲓϫⲛ-->
		<mark id="sSpan138" xlink:href="#sTok84"/>
		<!--ⲛⲁ-->
		<mark id="sSpan139" xlink:href="#sTok85"/>
		<!--ⲛⲁ ⲡ ⲁⲧ-->
		<mark id="sSpan140" xlink:href="#sTok85 #sTok86 #sTok87"/>
		<!--ⲡ-->
		<mark id="sSpan141" xlink:href="#sTok86"/>
		<!--ⲁⲧ-->
		<mark id="sSpan142" xlink:href="#sTok87"/>
		<!--ⲧⲁⲕⲁ-->
		<mark id="sSpan143" xlink:href="#sTok88"/>
		<!--ⲧⲁⲕⲁ-->
		<mark id="sSpan144" xlink:href="#sTok88"/>
		<!--ⲟⲩ-->
		<mark id="sSpan145" xlink:href="#sTok89"/>
		<!--ⲟⲩ ϣⲏⲣⲉ-->
		<mark id="sSpan146" xlink:href="#sTok89 #sTok90"/>
		<!--ϣⲏⲣⲉ-->
		<mark id="sSpan147" xlink:href="#sTok90"/>
		<!--ⲛⲁⲓ-->
		<mark id="sSpan148" xlink:href="#sTok91"/>
		<!--ⲛⲁⲓ-->
		<mark id="sSpan149" xlink:href="#sTok91"/>
		<!--ϩⲱ-->
		<mark id="sSpan150" xlink:href="#sTok92"/>
		<!--ϩⲱ-->
		<mark id="sSpan151" xlink:href="#sTok92"/>
		<!--ⲉⲃⲟⲗ-->
		<mark id="sSpan152" xlink:href="#sTok93"/>
		<!--ⲉⲃⲟⲗ-->
		<mark id="sSpan153" xlink:href="#sTok93"/>
		<!--ⲛ-->
		<mark id="sSpan154" xlink:href="#sTok94"/>
		<!--ⲛ ϩⲏⲧ-->
		<mark id="sSpan155" xlink:href="#sTok94 #sTok95"/>
		<!--ⲛ ϩⲏⲧ ⲥ-->
		<mark id="sSpan156" xlink:href="#sTok94 #sTok95 #sTok96"/>
		<!--ϩⲏⲧ-->
		<mark id="sSpan157" xlink:href="#sTok95"/>
		<!--ⲥ-->
		<mark id="sSpan158" xlink:href="#sTok96"/>
		<!--ⲁ ⲥ ϯ ⲛⲁ ϥ ⲛ ⲃⲁⲗⲗⲁ ⲧⲉⲥ ϩⲙϩⲁⲗ ⲛ ⲥϩⲓⲙⲉ ⲁ ⲓⲁⲕⲱⲃ ⲇⲉ ⲙ ⲟⲓ ⲙ ⲡⲉⲕ ⲃⲉⲕⲉ ⲧⲁ ⲧⲁ ⲁϥ ⲛⲁ ⲕ-->
		<mark id="sSpan159" xlink:href="#sTok97 #sTok98 #sTok99 #sTok100 #sTok101 #sTok102 #sTok103 #sTok104 #sTok105 #sTok106 #sTok107 #sTok108 #sTok109 #sTok110 #sTok111 #sTok112 #sTok113 #sTok114 #sTok115 #sTok116 #sTok117 #sTok118 #sTok119 #sTok120"/>
		<!--ⲁ-->
		<mark id="sSpan160" xlink:href="#sTok97"/>
		<!--ⲁ ⲥ ϯ-->
		<mark id="sSpan161" xlink:href="#sTok97 #sTok98 #sTok99"/>
		<!--ⲥ-->
		<mark id="sSpan162" xlink:href="#sTok98"/>
		<!--ϯ-->
		<mark id="sSpan163" xlink:href="#sTok99"/>
		<!--ⲛⲁ-->
		<mark id="sSpan164" xlink:href="#sTok100"/>
		<!--ⲛⲁ ϥ-->
		<mark id="sSpan165" xlink:href="#sTok100 #sTok101"/>
		<!--ϥ-->
		<mark id="sSpan166" xlink:href="#sTok101"/>
		<!--ⲛ-->
		<mark id="sSpan167" xlink:href="#sTok102"/>
		<!--ⲛ ⲃⲁⲗⲗⲁ-->
		<mark id="sSpan168" xlink:href="#sTok102 #sTok103"/>
		<!--ⲃⲁⲗⲗⲁ-->
		<mark id="sSpan169" xlink:href="#sTok103"/>
		<!--ⲧⲉⲥ-->
		<mark id="sSpan170" xlink:href="#sTok104"/>
		<!--ⲧⲉⲥ ϩⲙϩⲁⲗ-->
		<mark id="sSpan171" xlink:href="#sTok104 #sTok105"/>
		<!--ϩⲙϩⲁⲗ-->
		<mark id="sSpan172" xlink:href="#sTok105"/>
		<!--ⲛ-->
		<mark id="sSpan173" xlink:href="#sTok106"/>
		<!--ⲛ ⲥϩⲓⲙⲉ-->
		<mark id="sSpan174" xlink:href="#sTok106 #sTok107"/>
		<!--ⲥϩⲓⲙⲉ-->
		<mark id="sSpan175" xlink:href="#sTok107"/>
		<!--ⲁ-->
		<mark id="sSpan176" xlink:href="#sTok108"/>
		<!--ⲁ ⲓⲁⲕⲱⲃ-->
		<mark id="sSpan177" xlink:href="#sTok108 #sTok109"/>
		<!--ⲓⲁⲕⲱⲃ-->
		<mark id="sSpan178" xlink:href="#sTok109"/>
		<!--ⲇⲉ-->
		<mark id="sSpan179" xlink:href="#sTok110"/>
		<!--ⲇⲉ-->
		<mark id="sSpan180" xlink:href="#sTok110"/>
		<!--ⲙ-->
		<mark id="sSpan181" xlink:href="#sTok111"/>
		<!--ⲙ ⲟⲓ-->
		<mark id="sSpan182" xlink:href="#sTok111 #sTok112"/>
		<!--ⲟⲓ-->
		<mark id="sSpan183" xlink:href="#sTok112"/>
		<!--ⲙ-->
		<mark id="sSpan184" xlink:href="#sTok113"/>
		<!--ⲙ ⲡⲉⲕ ⲃⲉⲕⲉ-->
		<mark id="sSpan185" xlink:href="#sTok113 #sTok114 #sTok115"/>
		<!--ⲡⲉⲕ-->
		<mark id="sSpan186" xlink:href="#sTok114"/>
		<!--ⲃⲉⲕⲉ-->
		<mark id="sSpan187" xlink:href="#sTok115"/>
		<!--ⲧⲁ-->
		<mark id="sSpan188" xlink:href="#sTok116"/>
		<!--ⲧⲁ ⲧⲁ ⲁϥ-->
		<mark id="sSpan189" xlink:href="#sTok116 #sTok117 #sTok118"/>
		<!--ⲧⲁ-->
		<mark id="sSpan190" xlink:href="#sTok117"/>
		<!--ⲁϥ-->
		<mark id="sSpan191" xlink:href="#sTok118"/>
		<!--ⲛⲁ-->
		<mark id="sSpan192" xlink:href="#sTok119"/>
		<!--ⲛⲁ ⲕ-->
		<mark id="sSpan193" xlink:href="#sTok119 #sTok120"/>
		<!--ⲕ-->
		<mark id="sSpan194" xlink:href="#sTok120"/>
		<!--ⲡⲉϫⲁ ϥ ⲇⲉ ⲛⲁ ϥ ⲛϭⲓ ⲓⲁⲕⲱⲃ ϫⲉ ⲛⲧⲟⲕ ⲡ ⲉⲧ ⲥⲟⲟⲩⲛ ⲉ ⲧ ⲙⲛⲧ ϩⲙϩⲁⲗ ⲛⲧ ⲁ ⲓ ⲁⲁ ⲥ ⲛⲁ ⲕ ⲁⲩⲱ ⲧ ⲁⲡⲥ ⲛ ⲛⲉⲕ ⲧⲃⲛⲟⲟⲩⲉ ⲉⲧ ⲛⲙⲙⲁ ⲓ-->
		<mark id="sSpan195" xlink:href="#sTok121 #sTok122 #sTok123 #sTok124 #sTok125 #sTok126 #sTok127 #sTok128 #sTok129 #sTok130 #sTok131 #sTok132 #sTok133 #sTok134 #sTok135 #sTok136 #sTok137 #sTok138 #sTok139 #sTok140 #sTok141 #sTok142 #sTok143 #sTok144 #sTok145 #sTok146 #sTok147 #sTok148 #sTok149 #sTok150 #sTok151 #sTok152"/>
		<!--ⲡⲉϫⲁ-->
		<mark id="sSpan196" xlink:href="#sTok121"/>
		<!--ⲡⲉϫⲁ ϥ-->
		<mark id="sSpan197" xlink:href="#sTok121 #sTok122"/>
		<!--ϥ-->
		<mark id="sSpan198" xlink:href="#sTok122"/>
		<!--ⲇⲉ-->
		<mark id="sSpan199" xlink:href="#sTok123"/>
		<!--ⲇⲉ-->
		<mark id="sSpan200" xlink:href="#sTok123"/>
		<!--ⲛⲁ-->
		<mark id="sSpan201" xlink:href="#sTok124"/>
		<!--ⲛⲁ ϥ-->
		<mark id="sSpan202" xlink:href="#sTok124 #sTok125"/>
		<!--ϥ-->
		<mark id="sSpan203" xlink:href="#sTok125"/>
		<!--ⲛϭⲓ-->
		<mark id="sSpan204" xlink:href="#sTok126"/>
		<!--ⲛϭⲓ-->
		<mark id="sSpan205" xlink:href="#sTok126"/>
		<!--ⲓⲁⲕⲱⲃ-->
		<mark id="sSpan206" xlink:href="#sTok127"/>
		<!--ⲓⲁⲕⲱⲃ-->
		<mark id="sSpan207" xlink:href="#sTok127"/>
		<!--ϫⲉ-->
		<mark id="sSpan208" xlink:href="#sTok128"/>
		<!--ϫⲉ-->
		<mark id="sSpan209" xlink:href="#sTok128"/>
		<!--ⲛⲧⲟⲕ-->
		<mark id="sSpan210" xlink:href="#sTok129"/>
		<!--ⲛⲧⲟⲕ-->
		<mark id="sSpan211" xlink:href="#sTok129"/>
		<!--ⲡ-->
		<mark id="sSpan212" xlink:href="#sTok130"/>
		<!--ⲡ ⲉⲧ ⲥⲟⲟⲩⲛ-->
		<mark id="sSpan213" xlink:href="#sTok130 #sTok131 #sTok132"/>
		<!--ⲉⲧ-->
		<mark id="sSpan214" xlink:href="#sTok131"/>
		<!--ⲥⲟⲟⲩⲛ-->
		<mark id="sSpan215" xlink:href="#sTok132"/>
		<!--ⲉ-->
		<mark id="sSpan216" xlink:href="#sTok133"/>
		<!--ⲉ ⲧ ⲙⲛⲧ ϩⲙϩⲁⲗ-->
		<mark id="sSpan217" xlink:href="#sTok133 #sTok134 #sTok135 #sTok136"/>
		<!--ⲧ-->
		<mark id="sSpan218" xlink:href="#sTok134"/>
		<!--ⲙⲛⲧ-->
		<mark id="sSpan219" xlink:href="#sTok135"/>
		<!--ⲙⲛⲧ ϩⲙϩⲁⲗ-->
		<mark id="sSpan220" xlink:href="#sTok135 #sTok136"/>
		<!--ϩⲙϩⲁⲗ-->
		<mark id="sSpan221" xlink:href="#sTok136"/>
		<!--ⲛⲧ-->
		<mark id="sSpan222" xlink:href="#sTok137"/>
		<!--ⲛⲧ ⲁ ⲓ ⲁⲁ ⲥ-->
		<mark id="sSpan223" xlink:href="#sTok137 #sTok138 #sTok139 #sTok140 #sTok141"/>
		<!--ⲁ-->
		<mark id="sSpan224" xlink:href="#sTok138"/>
		<!--ⲓ-->
		<mark id="sSpan225" xlink:href="#sTok139"/>
		<!--ⲁⲁ-->
		<mark id="sSpan226" xlink:href="#sTok140"/>
		<!--ⲥ-->
		<mark id="sSpan227" xlink:href="#sTok141"/>
		<!--ⲛⲁ-->
		<mark id="sSpan228" xlink:href="#sTok142"/>
		<!--ⲛⲁ ⲕ-->
		<mark id="sSpan229" xlink:href="#sTok142 #sTok143"/>
		<!--ⲕ-->
		<mark id="sSpan230" xlink:href="#sTok143"/>
		<!--ⲁⲩⲱ-->
		<mark id="sSpan231" xlink:href="#sTok144"/>
		<!--ⲁⲩⲱ-->
		<mark id="sSpan232" xlink:href="#sTok144"/>
		<!--ⲧ-->
		<mark id="sSpan233" xlink:href="#sTok145"/>
		<!--ⲧ ⲁⲡⲥ-->
		<mark id="sSpan234" xlink:href="#sTok145 #sTok146"/>
		<!--ⲁⲡⲥ-->
		<mark id="sSpan235" xlink:href="#sTok146"/>
		<!--ⲛ-->
		<mark id="sSpan236" xlink:href="#sTok147"/>
		<!--ⲛ ⲛⲉⲕ ⲧⲃⲛⲟⲟⲩⲉ-->
		<mark id="sSpan237" xlink:href="#sTok147 #sTok148 #sTok149"/>
		<!--ⲛⲉⲕ-->
		<mark id="sSpan238" xlink:href="#sTok148"/>
		<!--ⲧⲃⲛⲟⲟⲩⲉ-->
		<mark id="sSpan239" xlink:href="#sTok149"/>
		<!--ⲉⲧ-->
		<mark id="sSpan240" xlink:href="#sTok150"/>
		<!--ⲉⲧ ⲛⲙⲙⲁ ⲓ-->
		<mark id="sSpan241" xlink:href="#sTok150 #sTok151 #sTok152"/>
		<!--ⲛⲙⲙⲁ-->
		<mark id="sSpan242" xlink:href="#sTok151"/>
		<!--ⲓ-->
		<mark id="sSpan243" xlink:href="#sTok152"/>
		<!--ϩⲛ ⲕⲟⲩⲓ ⲛⲉ ⲛⲉ ⲩ ϣⲟⲟⲡ ⲛⲁ ⲕ ⲙ ⲡⲁ ⲙⲧⲟ ⲉⲃⲟⲗ ⲁⲩⲱ ⲁ ⲩ ⲁϣⲁⲓ ⲉ ⲡⲉ ϩⲟⲩⲟ ⲁ ⲡ ⲛⲟⲩⲧⲉ ⲥⲙⲟⲩ ⲉⲣⲟ ⲕ ϩⲙ ⲡⲣⲁⲉⲓ ⲉϩⲟⲩⲛ ϣⲁⲣⲟ ⲕ ⲧⲉⲛⲟⲩ ϭⲉ ϩⲱ ⲉ ⲓ ⲛⲁ ⲧⲁⲙⲓⲉ ⲟⲩ ⲏⲓ ⲛⲁⲓ ⲛ ⲧ ⲛⲁⲩ-->
		<mark id="sSpan244" xlink:href="#sTok153 #sTok154 #sTok155 #sTok156 #sTok157 #sTok158 #sTok159 #sTok160 #sTok161 #sTok162 #sTok163 #sTok164 #sTok165 #sTok166 #sTok167 #sTok168 #sTok169 #sTok170 #sTok171 #sTok172 #sTok173 #sTok174 #sTok175 #sTok176 #sTok177 #sTok178 #sTok179 #sTok180 #sTok181 #sTok182 #sTok183 #sTok184 #sTok185 #sTok186 #sTok187 #sTok188 #sTok189 #sTok190 #sTok191 #sTok192 #sTok193 #sTok194 #sTok195"/>
		<!--ϩⲛ-->
		<mark id="sSpan245" xlink:href="#sTok153"/>
		<!--ϩⲛ ⲕⲟⲩⲓ-->
		<mark id="sSpan246" xlink:href="#sTok153 #sTok154"/>
		<!--ⲕⲟⲩⲓ-->
		<mark id="sSpan247" xlink:href="#sTok154"/>
		<!--ⲛⲉ-->
		<mark id="sSpan248" xlink:href="#sTok155"/>
		<!--ⲛⲉ-->
		<mark id="sSpan249" xlink:href="#sTok155"/>
		<!--ⲛⲉ-->
		<mark id="sSpan250" xlink:href="#sTok156"/>
		<!--ⲛⲉ ⲩ ϣⲟⲟⲡ-->
		<mark id="sSpan251" xlink:href="#sTok156 #sTok157 #sTok158"/>
		<!--ⲩ-->
		<mark id="sSpan252" xlink:href="#sTok157"/>
		<!--ϣⲟⲟⲡ-->
		<mark id="sSpan253" xlink:href="#sTok158"/>
		<!--ⲛⲁ-->
		<mark id="sSpan254" xlink:href="#sTok159"/>
		<!--ⲛⲁ ⲕ-->
		<mark id="sSpan255" xlink:href="#sTok159 #sTok160"/>
		<!--ⲕ-->
		<mark id="sSpan256" xlink:href="#sTok160"/>
		<!--ⲙ-->
		<mark id="sSpan257" xlink:href="#sTok161"/>
		<!--ⲙ ⲡⲁ ⲙⲧⲟ-->
		<mark id="sSpan258" xlink:href="#sTok161 #sTok162 #sTok163"/>
		<!--ⲡⲁ-->
		<mark id="sSpan259" xlink:href="#sTok162"/>
		<!--ⲙⲧⲟ-->
		<mark id="sSpan260" xlink:href="#sTok163"/>
		<!--ⲉⲃⲟⲗ-->
		<mark id="sSpan261" xlink:href="#sTok164"/>
		<!--ⲉⲃⲟⲗ-->
		<mark id="sSpan262" xlink:href="#sTok164"/>
		<!--ⲁⲩⲱ-->
		<mark id="sSpan263" xlink:href="#sTok165"/>
		<!--ⲁⲩⲱ-->
		<mark id="sSpan264" xlink:href="#sTok165"/>
		<!--ⲁ-->
		<mark id="sSpan265" xlink:href="#sTok166"/>
		<!--ⲁ ⲩ ⲁϣⲁⲓ-->
		<mark id="sSpan266" xlink:href="#sTok166 #sTok167 #sTok168"/>
		<!--ⲩ-->
		<mark id="sSpan267" xlink:href="#sTok167"/>
		<!--ⲁϣⲁⲓ-->
		<mark id="sSpan268" xlink:href="#sTok168"/>
		<!--ⲉ-->
		<mark id="sSpan269" xlink:href="#sTok169"/>
		<!--ⲉ ⲡⲉ ϩⲟⲩⲟ-->
		<mark id="sSpan270" xlink:href="#sTok169 #sTok170 #sTok171"/>
		<!--ⲡⲉ-->
		<mark id="sSpan271" xlink:href="#sTok170"/>
		<!--ϩⲟⲩⲟ-->
		<mark id="sSpan272" xlink:href="#sTok171"/>
		<!--ⲁ-->
		<mark id="sSpan273" xlink:href="#sTok172"/>
		<!--ⲁ ⲡ ⲛⲟⲩⲧⲉ-->
		<mark id="sSpan274" xlink:href="#sTok172 #sTok173 #sTok174"/>
		<!--ⲡ-->
		<mark id="sSpan275" xlink:href="#sTok173"/>
		<!--ⲛⲟⲩⲧⲉ-->
		<mark id="sSpan276" xlink:href="#sTok174"/>
		<!--ⲥⲙⲟⲩ-->
		<mark id="sSpan277" xlink:href="#sTok175"/>
		<!--ⲥⲙⲟⲩ-->
		<mark id="sSpan278" xlink:href="#sTok175"/>
		<!--ⲉⲣⲟ-->
		<mark id="sSpan279" xlink:href="#sTok176"/>
		<!--ⲉⲣⲟ ⲕ-->
		<mark id="sSpan280" xlink:href="#sTok176 #sTok177"/>
		<!--ⲕ-->
		<mark id="sSpan281" xlink:href="#sTok177"/>
		<!--ϩⲙ-->
		<mark id="sSpan282" xlink:href="#sTok178"/>
		<!--ϩⲙ-->
		<mark id="sSpan283" xlink:href="#sTok178"/>
		<!--ⲡⲣⲁⲉⲓ-->
		<mark id="sSpan284" xlink:href="#sTok179"/>
		<!--ⲡⲣⲁⲉⲓ-->
		<mark id="sSpan285" xlink:href="#sTok179"/>
		<!--ⲉϩⲟⲩⲛ-->
		<mark id="sSpan286" xlink:href="#sTok180"/>
		<!--ⲉϩⲟⲩⲛ-->
		<mark id="sSpan287" xlink:href="#sTok180"/>
		<!--ϣⲁⲣⲟ-->
		<mark id="sSpan288" xlink:href="#sTok181"/>
		<!--ϣⲁⲣⲟ ⲕ-->
		<mark id="sSpan289" xlink:href="#sTok181 #sTok182"/>
		<!--ⲕ-->
		<mark id="sSpan290" xlink:href="#sTok182"/>
		<!--ⲧⲉⲛⲟⲩ-->
		<mark id="sSpan291" xlink:href="#sTok183"/>
		<!--ⲧⲉⲛⲟⲩ-->
		<mark id="sSpan292" xlink:href="#sTok183"/>
		<!--ϭⲉ-->
		<mark id="sSpan293" xlink:href="#sTok184"/>
		<!--ϭⲉ-->
		<mark id="sSpan294" xlink:href="#sTok184"/>
		<!--ϩⲱ-->
		<mark id="sSpan295" xlink:href="#sTok185"/>
		<!--ϩⲱ-->
		<mark id="sSpan296" xlink:href="#sTok185"/>
		<!--ⲉ-->
		<mark id="sSpan297" xlink:href="#sTok186"/>
		<!--ⲉ ⲓ ⲛⲁ ⲧⲁⲙⲓⲉ-->
		<mark id="sSpan298" xlink:href="#sTok186 #sTok187 #sTok188 #sTok189"/>
		<!--ⲓ-->
		<mark id="sSpan299" xlink:href="#sTok187"/>
		<!--ⲛⲁ-->
		<mark id="sSpan300" xlink:href="#sTok188"/>
		<!--ⲧⲁⲙⲓⲉ-->
		<mark id="sSpan301" xlink:href="#sTok189"/>
		<!--ⲟⲩ-->
		<mark id="sSpan302" xlink:href="#sTok190"/>
		<!--ⲟⲩ ⲏⲓ-->
		<mark id="sSpan303" xlink:href="#sTok190 #sTok191"/>
		<!--ⲏⲓ-->
		<mark id="sSpan304" xlink:href="#sTok191"/>
		<!--ⲛⲁⲓ-->
		<mark id="sSpan305" xlink:href="#sTok192"/>
		<!--ⲛⲁⲓ-->
		<mark id="sSpan306" xlink:href="#sTok192"/>
		<!--ⲛ-->
		<mark id="sSpan307" xlink:href="#sTok193"/>
		<!--ⲛ ⲧ ⲛⲁⲩ-->
		<mark id="sSpan308" xlink:href="#sTok193 #sTok194 #sTok195"/>
		<!--ⲧ-->
		<mark id="sSpan309" xlink:href="#sTok194"/>
		<!--ⲛⲁⲩ-->
		<mark id="sSpan310" xlink:href="#sTok195"/>
		<!--ⲡⲉϫⲉ ⲗⲁⲃⲁⲛ ⲛⲁ ϥ ϫⲉ ⲉ ⲓ ⲛⲁ ϯ ⲟⲩ ⲛⲁ ⲕ ⲡⲉϫⲁ ϥ ⲛⲁ ϥ ⲛϭⲓ ⲓⲁⲕⲱⲃ ϫⲉ ⲛ ⲛⲉⲕ ϯ ⲗⲁⲁⲩ ⲛⲁⲓ ⲉϣⲱⲡⲉ ⲉⲕϣⲁⲛ ⲉⲓⲣⲉ ⲙ ⲡⲉⲓ ϣⲁϫⲉ ϯ ⲛⲁ ⲙⲟⲟⲛⲉ ⲟⲛ ⲛ ⲛⲉⲕ ⲉⲥⲟⲟⲩ ⲁⲩⲱ ϯ ⲛⲁ ϩⲁⲣⲉϩ ⲉⲣⲟ ⲟⲩ-->
		<mark id="sSpan311" xlink:href="#sTok196 #sTok197 #sTok198 #sTok199 #sTok200 #sTok201 #sTok202 #sTok203 #sTok204 #sTok205 #sTok206 #sTok207 #sTok208 #sTok209 #sTok210 #sTok211 #sTok212 #sTok213 #sTok214 #sTok215 #sTok216 #sTok217 #sTok218 #sTok219 #sTok220 #sTok221 #sTok222 #sTok223 #sTok224 #sTok225 #sTok226 #sTok227 #sTok228 #sTok229 #sTok230 #sTok231 #sTok232 #sTok233 #sTok234 #sTok235 #sTok236 #sTok237 #sTok238"/>
		<!--ⲡⲉϫⲉ-->
		<mark id="sSpan312" xlink:href="#sTok196"/>
		<!--ⲡⲉϫⲉ-->
		<mark id="sSpan313" xlink:href="#sTok196"/>
		<!--ⲗⲁⲃⲁⲛ-->
		<mark id="sSpan314" xlink:href="#sTok197"/>
		<!--ⲗⲁⲃⲁⲛ-->
		<mark id="sSpan315" xlink:href="#sTok197"/>
		<!--ⲛⲁ-->
		<mark id="sSpan316" xlink:href="#sTok198"/>
		<!--ⲛⲁ ϥ-->
		<mark id="sSpan317" xlink:href="#sTok198 #sTok199"/>
		<!--ϥ-->
		<mark id="sSpan318" xlink:href="#sTok199"/>
		<!--ϫⲉ-->
		<mark id="sSpan319" xlink:href="#sTok200"/>
		<!--ϫⲉ-->
		<mark id="sSpan320" xlink:href="#sTok200"/>
		<!--ⲉ-->
		<mark id="sSpan321" xlink:href="#sTok201"/>
		<!--ⲉ ⲓ ⲛⲁ ϯ-->
		<mark id="sSpan322" xlink:href="#sTok201 #sTok202 #sTok203 #sTok204"/>
		<!--ⲓ-->
		<mark id="sSpan323" xlink:href="#sTok202"/>
		<!--ⲛⲁ-->
		<mark id="sSpan324" xlink:href="#sTok203"/>
		<!--ϯ-->
		<mark id="sSpan325" xlink:href="#sTok204"/>
		<!--ⲟⲩ-->
		<mark id="sSpan326" xlink:href="#sTok205"/>
		<!--ⲟⲩ-->
		<mark id="sSpan327" xlink:href="#sTok205"/>
		<!--ⲛⲁ-->
		<mark id="sSpan328" xlink:href="#sTok206"/>
		<!--ⲛⲁ ⲕ-->
		<mark id="sSpan329" xlink:href="#sTok206 #sTok207"/>
		<!--ⲕ-->
		<mark id="sSpan330" xlink:href="#sTok207"/>
		<!--ⲡⲉϫⲁ-->
		<mark id="sSpan331" xlink:href="#sTok208"/>
		<!--ⲡⲉϫⲁ ϥ-->
		<mark id="sSpan332" xlink:href="#sTok208 #sTok209"/>
		<!--ϥ-->
		<mark id="sSpan333" xlink:href="#sTok209"/>
		<!--ⲛⲁ-->
		<mark id="sSpan334" xlink:href="#sTok210"/>
		<!--ⲛⲁ ϥ-->
		<mark id="sSpan335" xlink:href="#sTok210 #sTok211"/>
		<!--ϥ-->
		<mark id="sSpan336" xlink:href="#sTok211"/>
		<!--ⲛϭⲓ-->
		<mark id="sSpan337" xlink:href="#sTok212"/>
		<!--ⲛϭⲓ-->
		<mark id="sSpan338" xlink:href="#sTok212"/>
		<!--ⲓⲁⲕⲱⲃ-->
		<mark id="sSpan339" xlink:href="#sTok213"/>
		<!--ⲓⲁⲕⲱⲃ-->
		<mark id="sSpan340" xlink:href="#sTok213"/>
		<!--ϫⲉ-->
		<mark id="sSpan341" xlink:href="#sTok214"/>
		<!--ϫⲉ-->
		<mark id="sSpan342" xlink:href="#sTok214"/>
		<!--ⲛ-->
		<mark id="sSpan343" xlink:href="#sTok215"/>
		<!--ⲛ ⲛⲉⲕ ϯ-->
		<mark id="sSpan344" xlink:href="#sTok215 #sTok216 #sTok217"/>
		<!--ⲛⲉⲕ-->
		<mark id="sSpan345" xlink:href="#sTok216"/>
		<!--ϯ-->
		<mark id="sSpan346" xlink:href="#sTok217"/>
		<!--ⲗⲁⲁⲩ-->
		<mark id="sSpan347" xlink:href="#sTok218"/>
		<!--ⲗⲁⲁⲩ-->
		<mark id="sSpan348" xlink:href="#sTok218"/>
		<!--ⲛⲁⲓ-->
		<mark id="sSpan349" xlink:href="#sTok219"/>
		<!--ⲛⲁⲓ-->
		<mark id="sSpan350" xlink:href="#sTok219"/>
		<!--ⲉϣⲱⲡⲉ-->
		<mark id="sSpan351" xlink:href="#sTok220"/>
		<!--ⲉϣⲱⲡⲉ-->
		<mark id="sSpan352" xlink:href="#sTok220"/>
		<!--ⲉⲕϣⲁⲛ-->
		<mark id="sSpan353" xlink:href="#sTok221"/>
		<!--ⲉⲕϣⲁⲛ ⲉⲓⲣⲉ-->
		<mark id="sSpan354" xlink:href="#sTok221 #sTok222"/>
		<!--ⲉⲓⲣⲉ-->
		<mark id="sSpan355" xlink:href="#sTok222"/>
		<!--ⲙ-->
		<mark id="sSpan356" xlink:href="#sTok223"/>
		<!--ⲙ ⲡⲉⲓ ϣⲁϫⲉ-->
		<mark id="sSpan357" xlink:href="#sTok223 #sTok224 #sTok225"/>
		<!--ⲡⲉⲓ-->
		<mark id="sSpan358" xlink:href="#sTok224"/>
		<!--ϣⲁϫⲉ-->
		<mark id="sSpan359" xlink:href="#sTok225"/>
		<!--ϯ-->
		<mark id="sSpan360" xlink:href="#sTok226"/>
		<!--ϯ ⲛⲁ ⲙⲟⲟⲛⲉ-->
		<mark id="sSpan361" xlink:href="#sTok226 #sTok227 #sTok228"/>
		<!--ⲛⲁ-->
		<mark id="sSpan362" xlink:href="#sTok227"/>
		<!--ⲙⲟⲟⲛⲉ-->
		<mark id="sSpan363" xlink:href="#sTok228"/>
		<!--ⲟⲛ-->
		<mark id="sSpan364" xlink:href="#sTok229"/>
		<!--ⲟⲛ-->
		<mark id="sSpan365" xlink:href="#sTok229"/>
		<!--ⲛ-->
		<mark id="sSpan366" xlink:href="#sTok230"/>
		<!--ⲛ ⲛⲉⲕ ⲉⲥⲟⲟⲩ-->
		<mark id="sSpan367" xlink:href="#sTok230 #sTok231 #sTok232"/>
		<!--ⲛⲉⲕ-->
		<mark id="sSpan368" xlink:href="#sTok231"/>
		<!--ⲉⲥⲟⲟⲩ-->
		<mark id="sSpan369" xlink:href="#sTok232"/>
		<!--ⲁⲩⲱ-->
		<mark id="sSpan370" xlink:href="#sTok233"/>
		<!--ⲁⲩⲱ-->
		<mark id="sSpan371" xlink:href="#sTok233"/>
		<!--ϯ-->
		<mark id="sSpan372" xlink:href="#sTok234"/>
		<!--ϯ ⲛⲁ ϩⲁⲣⲉϩ-->
		<mark id="sSpan373" xlink:href="#sTok234 #sTok235 #sTok236"/>
		<!--ⲛⲁ-->
		<mark id="sSpan374" xlink:href="#sTok235"/>
		<!--ϩⲁⲣⲉϩ-->
		<mark id="sSpan375" xlink:href="#sTok236"/>
		<!--ⲉⲣⲟ-->
		<mark id="sSpan376" xlink:href="#sTok237"/>
		<!--ⲉⲣⲟ ⲟⲩ-->
		<mark id="sSpan377" xlink:href="#sTok237 #sTok238"/>
		<!--ⲟⲩ-->
		<mark id="sSpan378" xlink:href="#sTok238"/>
		<!--ⲙⲁⲣⲉ ⲛ ⲉⲥⲟⲟⲩ ⲧⲏⲣ ⲟⲩ ⲉⲓ ⲉⲃⲟⲗ ϩⲓⲧⲟⲟⲧ ⲕ ⲙ ⲡ ⲟⲟⲩ ⲛ ⲅ ⲕⲱ ⲛ ⲛ ϭⲉⲣⲟⲟⲃ ⲙ ⲡ ⲙⲧⲟ ⲉⲃⲟⲗ ⲛ ⲛ ⲉⲥⲟⲟⲩ ϩⲛ ⲛϭⲱⲧ ⲉ ⲧⲣⲉ ⲩ ϫⲓ ⲟⲩⲱ ⲕⲁⲧⲁ ⲛ ϭⲉⲣⲟⲟⲃ ⲉⲩϣⲁⲛ ⲙⲓⲥⲉ ⲇⲉ ⲛϭⲓ ⲛ ⲉⲥⲟⲟⲩ ⲙⲉ ϥ ⲕⲁⲁⲩ ⲁⲛⲟⲩⲱⲃϣ ⲇⲉ ϣⲱⲡⲉ ⲛ ⲗⲁⲃⲁⲛ ⲁⲩⲱ ⲛ ⲉⲧ ⲟ ⲛ ⲁⲩⲁⲛ ⲛ ⲓⲁⲕⲱⲃ-->
		<mark id="sSpan379" xlink:href="#sTok239 #sTok240 #sTok241 #sTok242 #sTok243 #sTok244 #sTok245 #sTok246 #sTok247 #sTok248 #sTok249 #sTok250 #sTok251 #sTok252 #sTok253 #sTok254 #sTok255 #sTok256 #sTok257 #sTok258 #sTok259 #sTok260 #sTok261 #sTok262 #sTok263 #sTok264 #sTok265 #sTok266 #sTok267 #sTok268 #sTok269 #sTok270 #sTok271 #sTok272 #sTok273 #sTok274 #sTok275 #sTok276 #sTok277 #sTok278 #sTok279 #sTok280 #sTok281 #sTok282 #sTok283 #sTok284 #sTok285 #sTok286 #sTok287 #sTok288 #sTok289 #sTok290 #sTok291 #sTok292 #sTok293 #sTok294 #sTok295"/>
		<!--ⲙⲁⲣⲉ-->
		<mark id="sSpan380" xlink:href="#sTok239"/>
		<!--ⲙⲁⲣⲉ-->
		<mark id="sSpan381" xlink:href="#sTok239"/>
		<!--ⲛ-->
		<mark id="sSpan382" xlink:href="#sTok240"/>
		<!--ⲛ ⲉⲥⲟⲟⲩ-->
		<mark id="sSpan383" xlink:href="#sTok240 #sTok241"/>
		<!--ⲉⲥⲟⲟⲩ-->
		<mark id="sSpan384" xlink:href="#sTok241"/>
		<!--ⲧⲏⲣ-->
		<mark id="sSpan385" xlink:href="#sTok242"/>
		<!--ⲧⲏⲣ ⲟⲩ-->
		<mark id="sSpan386" xlink:href="#sTok242 #sTok243"/>
		<!--ⲟⲩ-->
		<mark id="sSpan387" xlink:href="#sTok243"/>
		<!--ⲉⲓ-->
		<mark id="sSpan388" xlink:href="#sTok244"/>
		<!--ⲉⲓ-->
		<mark id="sSpan389" xlink:href="#sTok244"/>
		<!--ⲉⲃⲟⲗ-->
		<mark id="sSpan390" xlink:href="#sTok245"/>
		<!--ⲉⲃⲟⲗ-->
		<mark id="sSpan391" xlink:href="#sTok245"/>
		<!--ϩⲓⲧⲟⲟⲧ-->
		<mark id="sSpan392" xlink:href="#sTok246"/>
		<!--ϩⲓⲧⲟⲟⲧ ⲕ-->
		<mark id="sSpan393" xlink:href="#sTok246 #sTok247"/>
		<!--ⲕ-->
		<mark id="sSpan394" xlink:href="#sTok247"/>
		<!--ⲙ-->
		<mark id="sSpan395" xlink:href="#sTok248"/>
		<!--ⲙ ⲡ ⲟⲟⲩ-->
		<mark id="sSpan396" xlink:href="#sTok248 #sTok249 #sTok250"/>
		<!--ⲡ-->
		<mark id="sSpan397" xlink:href="#sTok249"/>
		<!--ⲟⲟⲩ-->
		<mark id="sSpan398" xlink:href="#sTok250"/>
		<!--ⲛ-->
		<mark id="sSpan399" xlink:href="#sTok251"/>
		<!--ⲛ ⲅ-->
		<mark id="sSpan400" xlink:href="#sTok251 #sTok252"/>
		<!--ⲅ-->
		<mark id="sSpan401" xlink:href="#sTok252"/>
		<!--ⲕⲱ-->
		<mark id="sSpan402" xlink:href="#sTok253"/>
		<!--ⲕⲱ-->
		<mark id="sSpan403" xlink:href="#sTok253"/>
		<!--ⲛ-->
		<mark id="sSpan404" xlink:href="#sTok254"/>
		<!--ⲛ ⲛ ϭⲉⲣⲟⲟⲃ-->
		<mark id="sSpan405" xlink:href="#sTok254 #sTok255 #sTok256"/>
		<!--ⲛ-->
		<mark id="sSpan406" xlink:href="#sTok255"/>
		<!--ϭⲉⲣⲟⲟⲃ-->
		<mark id="sSpan407" xlink:href="#sTok256"/>
		<!--ⲙ-->
		<mark id="sSpan408" xlink:href="#sTok257"/>
		<!--ⲙ ⲡ ⲙⲧⲟ-->
		<mark id="sSpan409" xlink:href="#sTok257 #sTok258 #sTok259"/>
		<!--ⲡ-->
		<mark id="sSpan410" xlink:href="#sTok258"/>
		<!--ⲙⲧⲟ-->
		<mark id="sSpan411" xlink:href="#sTok259"/>
		<!--ⲉⲃⲟⲗ-->
		<mark id="sSpan412" xlink:href="#sTok260"/>
		<!--ⲉⲃⲟⲗ-->
		<mark id="sSpan413" xlink:href="#sTok260"/>
		<!--ⲛ-->
		<mark id="sSpan414" xlink:href="#sTok261"/>
		<!--ⲛ ⲛ ⲉⲥⲟⲟⲩ-->
		<mark id="sSpan415" xlink:href="#sTok261 #sTok262 #sTok263"/>
		<!--ⲛ-->
		<mark id="sSpan416" xlink:href="#sTok262"/>
		<!--ⲉⲥⲟⲟⲩ-->
		<mark id="sSpan417" xlink:href="#sTok263"/>
		<!--ϩⲛ-->
		<mark id="sSpan418" xlink:href="#sTok264"/>
		<!--ϩⲛ-->
		<mark id="sSpan419" xlink:href="#sTok264"/>
		<!--ⲛϭⲱⲧ-->
		<mark id="sSpan420" xlink:href="#sTok265"/>
		<!--ⲛϭⲱⲧ-->
		<mark id="sSpan421" xlink:href="#sTok265"/>
		<!--ⲉ-->
		<mark id="sSpan422" xlink:href="#sTok266"/>
		<!--ⲉ ⲧⲣⲉ ⲩ ϫⲓ ⲟⲩⲱ-->
		<mark id="sSpan423" xlink:href="#sTok266 #sTok267 #sTok268 #sTok269 #sTok270"/>
		<!--ⲧⲣⲉ-->
		<mark id="sSpan424" xlink:href="#sTok267"/>
		<!--ⲩ-->
		<mark id="sSpan425" xlink:href="#sTok268"/>
		<!--ϫⲓ-->
		<mark id="sSpan426" xlink:href="#sTok269"/>
		<!--ⲟⲩⲱ-->
		<mark id="sSpan427" xlink:href="#sTok270"/>
		<!--ⲕⲁⲧⲁ-->
		<mark id="sSpan428" xlink:href="#sTok271"/>
		<!--ⲕⲁⲧⲁ-->
		<mark id="sSpan429" xlink:href="#sTok271"/>
		<!--ⲛ-->
		<mark id="sSpan430" xlink:href="#sTok272"/>
		<!--ⲛ ϭⲉⲣⲟⲟⲃ-->
		<mark id="sSpan431" xlink:href="#sTok272 #sTok273"/>
		<!--ϭⲉⲣⲟⲟⲃ-->
		<mark id="sSpan432" xlink:href="#sTok273"/>
		<!--ⲉⲩϣⲁⲛ-->
		<mark id="sSpan433" xlink:href="#sTok274"/>
		<!--ⲉⲩϣⲁⲛ ⲙⲓⲥⲉ-->
		<mark id="sSpan434" xlink:href="#sTok274 #sTok275"/>
		<!--ⲙⲓⲥⲉ-->
		<mark id="sSpan435" xlink:href="#sTok275"/>
		<!--ⲇⲉ-->
		<mark id="sSpan436" xlink:href="#sTok276"/>
		<!--ⲇⲉ-->
		<mark id="sSpan437" xlink:href="#sTok276"/>
		<!--ⲛϭⲓ-->
		<mark id="sSpan438" xlink:href="#sTok277"/>
		<!--ⲛϭⲓ-->
		<mark id="sSpan439" xlink:href="#sTok277"/>
		<!--ⲛ-->
		<mark id="sSpan440" xlink:href="#sTok278"/>
		<!--ⲛ ⲉⲥⲟⲟⲩ-->
		<mark id="sSpan441" xlink:href="#sTok278 #sTok279"/>
		<!--ⲉⲥⲟⲟⲩ-->
		<mark id="sSpan442" xlink:href="#sTok279"/>
		<!--ⲙⲉ-->
		<mark id="sSpan443" xlink:href="#sTok280"/>
		<!--ⲙⲉ ϥ ⲕⲁⲁⲩ-->
		<mark id="sSpan444" xlink:href="#sTok280 #sTok281 #sTok282"/>
		<!--ϥ-->
		<mark id="sSpan445" xlink:href="#sTok281"/>
		<!--ⲕⲁⲁⲩ-->
		<mark id="sSpan446" xlink:href="#sTok282"/>
		<!--ⲁⲛⲟⲩⲱⲃϣ-->
		<mark id="sSpan447" xlink:href="#sTok283"/>
		<!--ⲁⲛⲟⲩⲱⲃϣ-->
		<mark id="sSpan448" xlink:href="#sTok283"/>
		<!--ⲇⲉ-->
		<mark id="sSpan449" xlink:href="#sTok284"/>
		<!--ⲇⲉ-->
		<mark id="sSpan450" xlink:href="#sTok284"/>
		<!--ϣⲱⲡⲉ-->
		<mark id="sSpan451" xlink:href="#sTok285"/>
		<!--ϣⲱⲡⲉ-->
		<mark id="sSpan452" xlink:href="#sTok285"/>
		<!--ⲛ-->
		<mark id="sSpan453" xlink:href="#sTok286"/>
		<!--ⲛ ⲗⲁⲃⲁⲛ-->
		<mark id="sSpan454" xlink:href="#sTok286 #sTok287"/>
		<!--ⲗⲁⲃⲁⲛ-->
		<mark id="sSpan455" xlink:href="#sTok287"/>
		<!--ⲁⲩⲱ-->
		<mark id="sSpan456" xlink:href="#sTok288"/>
		<!--ⲁⲩⲱ-->
		<mark id="sSpan457" xlink:href="#sTok288"/>
		<!--ⲛ-->
		<mark id="sSpan458" xlink:href="#sTok289"/>
		<!--ⲛ ⲉⲧ ⲟ-->
		<mark id="sSpan459" xlink:href="#sTok289 #sTok290 #sTok291"/>
		<!--ⲉⲧ-->
		<mark id="sSpan460" xlink:href="#sTok290"/>
		<!--ⲟ-->
		<mark id="sSpan461" xlink:href="#sTok291"/>
		<!--ⲛ-->
		<mark id="sSpan462" xlink:href="#sTok292"/>
		<!--ⲛ ⲁⲩⲁⲛ-->
		<mark id="sSpan463" xlink:href="#sTok292 #sTok293"/>
		<!--ⲁⲩⲁⲛ-->
		<mark id="sSpan464" xlink:href="#sTok293"/>
		<!--ⲛ-->
		<mark id="sSpan465" xlink:href="#sTok294"/>
		<!--ⲛ ⲓⲁⲕⲱⲃ-->
		<mark id="sSpan466" xlink:href="#sTok294 #sTok295"/>
		<!--ⲓⲁⲕⲱⲃ-->
		<mark id="sSpan467" xlink:href="#sTok295"/>
		<!--ⲁ ⲡ ⲣⲱⲙⲉ ⲣ ⲣⲙⲙⲁⲟ ⲉⲙⲁⲧⲉ ⲁⲩⲱ ⲁ ⲩ ϣⲱⲡⲉ ⲛⲁ ϥ ⲛϭⲓ ϩⲉⲛ ⲧⲃⲛⲟⲟⲩⲉ ⲉ ⲛⲁϣⲱ ⲟⲩ ⲙⲛ ϩⲉⲛ ⲉϩⲟⲟⲩ ⲙⲛ ϩⲛ ϩⲙϩⲁⲗ ⲛ ϩⲟⲟⲩⲧ ⲙⲛ ϩⲛ ϩⲙϩⲁⲗ ⲛ ⲥϩⲓⲙⲉ ⲙⲛ ϩⲛ ϭⲁⲙⲟⲩⲗ ⲙⲛ ϩⲛ ⲉⲓⲱ-->
		<mark id="sSpan468" xlink:href="#sTok296 #sTok297 #sTok298 #sTok299 #sTok300 #sTok301 #sTok302 #sTok303 #sTok304 #sTok305 #sTok306 #sTok307 #sTok308 #sTok309 #sTok310 #sTok311 #sTok312 #sTok313 #sTok314 #sTok315 #sTok316 #sTok317 #sTok318 #sTok319 #sTok320 #sTok321 #sTok322 #sTok323 #sTok324 #sTok325 #sTok326 #sTok327 #sTok328 #sTok329 #sTok330 #sTok331 #sTok332"/>
		<!--ⲁ-->
		<mark id="sSpan469" xlink:href="#sTok296"/>
		<!--ⲁ ⲡ ⲣⲱⲙⲉ-->
		<mark id="sSpan470" xlink:href="#sTok296 #sTok297 #sTok298"/>
		<!--ⲡ-->
		<mark id="sSpan471" xlink:href="#sTok297"/>
		<!--ⲣⲱⲙⲉ-->
		<mark id="sSpan472" xlink:href="#sTok298"/>
		<!--ⲣ-->
		<mark id="sSpan473" xlink:href="#sTok299"/>
		<!--ⲣ ⲣⲙⲙⲁⲟ-->
		<mark id="sSpan474" xlink:href="#sTok299 #sTok300"/>
		<!--ⲣ ⲣⲙⲙⲁⲟ-->
		<mark id="sSpan475" xlink:href="#sTok299 #sTok300"/>
		<!--ⲣⲙⲙⲁⲟ-->
		<mark id="sSpan476" xlink:href="#sTok300"/>
		<!--ⲉⲙⲁⲧⲉ-->
		<mark id="sSpan477" xlink:href="#sTok301"/>
		<!--ⲉⲙⲁⲧⲉ-->
		<mark id="sSpan478" xlink:href="#sTok301"/>
		<!--ⲁⲩⲱ-->
		<mark id="sSpan479" xlink:href="#sTok302"/>
		<!--ⲁⲩⲱ-->
		<mark id="sSpan480" xlink:href="#sTok302"/>
		<!--ⲁ-->
		<mark id="sSpan481" xlink:href="#sTok303"/>
		<!--ⲁ ⲩ ϣⲱⲡⲉ-->
		<mark id="sSpan482" xlink:href="#sTok303 #sTok304 #sTok305"/>
		<!--ⲩ-->
		<mark id="sSpan483" xlink:href="#sTok304"/>
		<!--ϣⲱⲡⲉ-->
		<mark id="sSpan484" xlink:href="#sTok305"/>
		<!--ⲛⲁ-->
		<mark id="sSpan485" xlink:href="#sTok306"/>
		<!--ⲛⲁ ϥ-->
		<mark id="sSpan486" xlink:href="#sTok306 #sTok307"/>
		<!--ϥ-->
		<mark id="sSpan487" xlink:href="#sTok307"/>
		<!--ⲛϭⲓ-->
		<mark id="sSpan488" xlink:href="#sTok308"/>
		<!--ⲛϭⲓ-->
		<mark id="sSpan489" xlink:href="#sTok308"/>
		<!--ϩⲉⲛ-->
		<mark id="sSpan490" xlink:href="#sTok309"/>
		<!--ϩⲉⲛ ⲧⲃⲛⲟⲟⲩⲉ-->
		<mark id="sSpan491" xlink:href="#sTok309 #sTok310"/>
		<!--ⲧⲃⲛⲟⲟⲩⲉ-->
		<mark id="sSpan492" xlink:href="#sTok310"/>
		<!--ⲉ-->
		<mark id="sSpan493" xlink:href="#sTok311"/>
		<!--ⲉ ⲛⲁϣⲱ ⲟⲩ-->
		<mark id="sSpan494" xlink:href="#sTok311 #sTok312 #sTok313"/>
		<!--ⲛⲁϣⲱ-->
		<mark id="sSpan495" xlink:href="#sTok312"/>
		<!--ⲟⲩ-->
		<mark id="sSpan496" xlink:href="#sTok313"/>
		<!--ⲙⲛ-->
		<mark id="sSpan497" xlink:href="#sTok314"/>
		<!--ⲙⲛ-->
		<mark id="sSpan498" xlink:href="#sTok314"/>
		<!--ϩⲉⲛ-->
		<mark id="sSpan499" xlink:href="#sTok315"/>
		<!--ϩⲉⲛ ⲉϩⲟⲟⲩ-->
		<mark id="sSpan500" xlink:href="#sTok315 #sTok316"/>
		<!--ⲉϩⲟⲟⲩ-->
		<mark id="sSpan501" xlink:href="#sTok316"/>
		<!--ⲙⲛ-->
		<mark id="sSpan502" xlink:href="#sTok317"/>
		<!--ⲙⲛ-->
		<mark id="sSpan503" xlink:href="#sTok317"/>
		<!--ϩⲛ-->
		<mark id="sSpan504" xlink:href="#sTok318"/>
		<!--ϩⲛ ϩⲙϩⲁⲗ-->
		<mark id="sSpan505" xlink:href="#sTok318 #sTok319"/>
		<!--ϩⲙϩⲁⲗ-->
		<mark id="sSpan506" xlink:href="#sTok319"/>
		<!--ⲛ-->
		<mark id="sSpan507" xlink:href="#sTok320"/>
		<!--ⲛ ϩⲟⲟⲩⲧ-->
		<mark id="sSpan508" xlink:href="#sTok320 #sTok321"/>
		<!--ϩⲟⲟⲩⲧ-->
		<mark id="sSpan509" xlink:href="#sTok321"/>
		<!--ⲙⲛ-->
		<mark id="sSpan510" xlink:href="#sTok322"/>
		<!--ⲙⲛ-->
		<mark id="sSpan511" xlink:href="#sTok322"/>
		<!--ϩⲛ-->
		<mark id="sSpan512" xlink:href="#sTok323"/>
		<!--ϩⲛ ϩⲙϩⲁⲗ-->
		<mark id="sSpan513" xlink:href="#sTok323 #sTok324"/>
		<!--ϩⲙϩⲁⲗ-->
		<mark id="sSpan514" xlink:href="#sTok324"/>
		<!--ⲛ-->
		<mark id="sSpan515" xlink:href="#sTok325"/>
		<!--ⲛ ⲥϩⲓⲙⲉ-->
		<mark id="sSpan516" xlink:href="#sTok325 #sTok326"/>
		<!--ⲥϩⲓⲙⲉ-->
		<mark id="sSpan517" xlink:href="#sTok326"/>
		<!--ⲙⲛ-->
		<mark id="sSpan518" xlink:href="#sTok327"/>
		<!--ⲙⲛ-->
		<mark id="sSpan519" xlink:href="#sTok327"/>
		<!--ϩⲛ-->
		<mark id="sSpan520" xlink:href="#sTok328"/>
		<!--ϩⲛ ϭⲁⲙⲟⲩⲗ-->
		<mark id="sSpan521" xlink:href="#sTok328 #sTok329"/>
		<!--ϭⲁⲙⲟⲩⲗ-->
		<mark id="sSpan522" xlink:href="#sTok329"/>
		<!--ⲙⲛ-->
		<mark id="sSpan523" xlink:href="#sTok330"/>
		<!--ⲙⲛ-->
		<mark id="sSpan524" xlink:href="#sTok330"/>
		<!--ϩⲛ-->
		<mark id="sSpan525" xlink:href="#sTok331"/>
		<!--ϩⲛ ⲉⲓⲱ-->
		<mark id="sSpan526" xlink:href="#sTok331 #sTok332"/>
		<!--ⲉⲓⲱ-->
		<mark id="sSpan527" xlink:href="#sTok332"/>
		<!--ⲛ-->
		<mark id="sSpan528" xlink:href="#sTok230"/>
		<!--ϩⲛ-->
		<mark id="sSpan529" xlink:href="#sTok331"/>
		<!--ⲛ-->
		<mark id="sSpan530" xlink:href="#sTok278"/>
		<!--ⲛ ⲥϩⲓⲙⲉ-->
		<mark id="sSpan531" xlink:href="#sTok325 #sTok326"/>
		<!--ⲙⲛ-->
		<mark id="sSpan532" xlink:href="#sTok314"/>
		<!--ϯ-->
		<mark id="sSpan533" xlink:href="#sTok234"/>
		<!--ⲗⲁⲃⲁⲛ-->
		<mark id="sSpan534" xlink:href="#sTok197"/>
		<!--ⲧⲁ-->
		<mark id="sSpan535" xlink:href="#sTok116"/>
		<!--ⲉⲃⲟⲗ-->
		<mark id="sSpan536" xlink:href="#sTok29"/>
		<!--ⲙⲛ-->
		<mark id="sSpan537" xlink:href="#sTok314"/>
		<!--ⲉϣⲱⲡⲉ-->
		<mark id="sSpan538" xlink:href="#sTok220"/>
		<!--ⲁⲩⲱ-->
		<mark id="sSpan539" xlink:href="#sTok144"/>
		<!--ⲙ-->
		<mark id="sSpan540" xlink:href="#sTok257"/>
		<!--ⲃ-->
		<mark id="sSpan541" xlink:href="#sTok58"/>
		<!--ⲃⲱⲕ-->
		<mark id="sSpan542" xlink:href="#sTok76"/>
		<!--ⲟⲓ-->
		<mark id="sSpan543" xlink:href="#sTok112"/>
		<!--ⲛϭⲓ-->
		<mark id="sSpan544" xlink:href="#sTok126"/>
		<!--ⲓ-->
		<mark id="sSpan545" xlink:href="#sTok152"/>
		<!--ⲁⲩⲱ-->
		<mark id="sSpan546" xlink:href="#sTok288"/>
		<!--ⲛⲁ-->
		<mark id="sSpan547" xlink:href="#sTok82"/>
		<!--ⲙⲙⲟ-->
		<mark id="sSpan548" xlink:href="#sTok34"/>
		<!--ⲕ-->
		<mark id="sSpan549" xlink:href="#sTok207"/>
		<!--ⲛϭⲓ-->
		<mark id="sSpan550" xlink:href="#sTok308"/>
		<!--ⲕⲁⲧⲁ-->
		<mark id="sSpan551" xlink:href="#sTok271"/>
		<!--ⲙⲧⲟ-->
		<mark id="sSpan552" xlink:href="#sTok259"/>
		<!--ⲓ-->
		<mark id="sSpan553" xlink:href="#sTok202"/>
		<!--ϥ-->
		<mark id="sSpan554" xlink:href="#sTok199"/>
		<!--ⲣⲱⲙⲉ-->
		<mark id="sSpan555" xlink:href="#sTok298"/>
		<!--ⲛⲁϣⲱ-->
		<mark id="sSpan556" xlink:href="#sTok312"/>
		<!--ⲧⲏⲣ-->
		<mark id="sSpan557" xlink:href="#sTok242"/>
		<!--ⲉ-->
		<mark id="sSpan558" xlink:href="#sTok186"/>
		<!--ⲡ-->
		<mark id="sSpan559" xlink:href="#sTok173"/>
		<!--ⲁ ⲥ ϯ-->
		<mark id="sSpan560" xlink:href="#sTok97 #sTok98 #sTok99"/>
		<!--ⲙⲏ-->
		<mark id="sSpan561" xlink:href="#sTok49"/>
		<!--ⲉⲃⲟⲗ-->
		<mark id="sSpan562" xlink:href="#sTok260"/>
		<!--ⲡⲉⲓ-->
		<mark id="sSpan563" xlink:href="#sTok224"/>
		<!--ⲛⲁ ϥ-->
		<mark id="sSpan564" xlink:href="#sTok198 #sTok199"/>
		<!--ⲛ ⲛⲉⲕ ϯ-->
		<mark id="sSpan565" xlink:href="#sTok215 #sTok216 #sTok217"/>
		<!--ⲕ-->
		<mark id="sSpan566" xlink:href="#sTok182"/>
		<!--ⲛⲙⲙⲁ-->
		<mark id="sSpan567" xlink:href="#sTok151"/>
		<!--ⲡ-->
		<mark id="sSpan568" xlink:href="#sTok249"/>
		<!--ⲕ-->
		<mark id="sSpan569" xlink:href="#sTok120"/>
		<!--ⲟϭⲉ-->
		<mark id="sSpan570" xlink:href="#sTok59"/>
		<!--ⲙⲉ ϥ ⲕⲁⲁⲩ-->
		<mark id="sSpan571" xlink:href="#sTok280 #sTok281 #sTok282"/>
		<!--ⲛⲁ ⲕ-->
		<mark id="sSpan572" xlink:href="#sTok142 #sTok143"/>
		<!--ⲛⲟⲩⲧⲉ-->
		<mark id="sSpan573" xlink:href="#sTok174"/>
		<!--ⲙⲛ-->
		<mark id="sSpan574" xlink:href="#sTok322"/>
		<!--ⲥⲱⲛⲉ-->
		<mark id="sSpan575" xlink:href="#sTok19"/>
		<!--ⲛⲧⲟⲕ-->
		<mark id="sSpan576" xlink:href="#sTok129"/>
		<!--ⲉϩⲟⲩⲛ-->
		<mark id="sSpan577" xlink:href="#sTok77"/>
		<!--ϥ-->
		<mark id="sSpan578" xlink:href="#sTok211"/>
		<!--ϩⲛ ϩⲙϩⲁⲗ-->
		<mark id="sSpan579" xlink:href="#sTok318 #sTok319"/>
		<!--ⲛ ϩⲏⲧ ⲥ-->
		<mark id="sSpan580" xlink:href="#sTok94 #sTok95 #sTok96"/>
		<!--ϥ-->
		<mark id="sSpan581" xlink:href="#sTok281"/>
		<!--ⲁⲩⲱ-->
		<mark id="sSpan582" xlink:href="#sTok288"/>
		<!--ⲛ-->
		<mark id="sSpan583" xlink:href="#sTok106"/>
		<!--ⲙⲛ-->
		<mark id="sSpan584" xlink:href="#sTok327"/>
		<!--ⲛϭⲱⲧ-->
		<mark id="sSpan585" xlink:href="#sTok265"/>
		<!--ϣⲁⲣⲟ-->
		<mark id="sSpan586" xlink:href="#sTok78"/>
		<!--ⲕⲱ-->
		<mark id="sSpan587" xlink:href="#sTok253"/>
		<!--ⲁ ϩⲣⲁⲭⲏⲗ-->
		<mark id="sSpan588" xlink:href="#sTok1 #sTok2"/>
		<!--ⲡⲉ-->
		<mark id="sSpan589" xlink:href="#sTok170"/>
		<!--ⲁⲩⲱ-->
		<mark id="sSpan590" xlink:href="#sTok80"/>
		<!--ϩⲛ ϩⲙϩⲁⲗ-->
		<mark id="sSpan591" xlink:href="#sTok323 #sTok324"/>
		<!--ϣⲟⲟⲡ-->
		<mark id="sSpan592" xlink:href="#sTok158"/>
		<!--ⲥⲙⲟⲩ-->
		<mark id="sSpan593" xlink:href="#sTok175"/>
		<!--ⲉⲃⲟⲗ-->
		<mark id="sSpan594" xlink:href="#sTok29"/>
		<!--ϩⲉⲛ-->
		<mark id="sSpan595" xlink:href="#sTok309"/>
		<!--ⲙⲛ-->
		<mark id="sSpan596" xlink:href="#sTok327"/>
		<!--ⲛⲁ-->
		<mark id="sSpan597" xlink:href="#sTok46"/>
		<!--ⲙⲁⲣⲉ-->
		<mark id="sSpan598" xlink:href="#sTok239"/>
		<!--ⲛⲧ ⲁ ⲓ ⲁⲁ ⲥ-->
		<mark id="sSpan599" xlink:href="#sTok137 #sTok138 #sTok139 #sTok140 #sTok141"/>
		<!--ⲛⲁ-->
		<mark id="sSpan600" xlink:href="#sTok37"/>
		<!--ⲁⲩⲱ-->
		<mark id="sSpan601" xlink:href="#sTok165"/>
		<!--ϩⲣⲁⲭⲏⲗ-->
		<mark id="sSpan602" xlink:href="#sTok2"/>
		<!--ⲥ-->
		<mark id="sSpan603" xlink:href="#sTok81"/>
		<!--ⲙⲛⲧ ϩⲙϩⲁⲗ-->
		<mark id="sSpan604" xlink:href="#sTok135 #sTok136"/>
		<!--ⲛⲁⲓ-->
		<mark id="sSpan605" xlink:href="#sTok91"/>
		<!--ⲡⲉⲕ-->
		<mark id="sSpan606" xlink:href="#sTok114"/>
		<!--ⲁⲩⲁⲛ-->
		<mark id="sSpan607" xlink:href="#sTok293"/>
		<!--ⲥ-->
		<mark id="sSpan608" xlink:href="#sTok8"/>
		<!--ⲁ ⲡ ⲣⲱⲙⲉ-->
		<mark id="sSpan609" xlink:href="#sTok296 #sTok297 #sTok298"/>
		<!--ϫⲉ-->
		<mark id="sSpan610" xlink:href="#sTok70"/>
		<!--ϩⲙ-->
		<mark id="sSpan611" xlink:href="#sTok178"/>
		<!--ⲛⲉⲕ-->
		<mark id="sSpan612" xlink:href="#sTok148"/>
		<!--ⲛϭⲓ-->
		<mark id="sSpan613" xlink:href="#sTok212"/>
		<!--ⲛ-->
		<mark id="sSpan614" xlink:href="#sTok11"/>
		<!--ϥ-->
		<mark id="sSpan615" xlink:href="#sTok57"/>
		<!--ⲡⲉϫⲉ-->
		<mark id="sSpan616" xlink:href="#sTok66"/>
		<!--ⲓ-->
		<mark id="sSpan617" xlink:href="#sTok139"/>
		<!--ⲩ-->
		<mark id="sSpan618" xlink:href="#sTok304"/>
		<!--ⲉⲥⲟⲟⲩ-->
		<mark id="sSpan619" xlink:href="#sTok263"/>
		<!--ϩⲛ-->
		<mark id="sSpan620" xlink:href="#sTok264"/>
		<!--ⲉϣⲱⲡⲉ-->
		<mark id="sSpan621" xlink:href="#sTok33"/>
		<!--ⲃⲱⲕ-->
		<mark id="sSpan622" xlink:href="#sTok76"/>
		<!--ϯ ⲛⲁ ⲙⲟⲩ-->
		<mark id="sSpan623" xlink:href="#sTok36 #sTok37 #sTok38"/>
		<!--ⲛ ϩⲟⲟⲩⲧ-->
		<mark id="sSpan624" xlink:href="#sTok320 #sTok321"/>
		<!--ⲛ ⲓⲁⲕⲱⲃ-->
		<mark id="sSpan625" xlink:href="#sTok11 #sTok12"/>
		<!--ⲉⲓ-->
		<mark id="sSpan626" xlink:href="#sTok244"/>
		<!--ⲛⲉⲕ-->
		<mark id="sSpan627" xlink:href="#sTok231"/>
		<!--ⲛ ϩⲏⲧ ⲉ-->
		<mark id="sSpan628" xlink:href="#sTok63 #sTok64 #sTok65"/>
		<!--ⲛⲁ ϥ-->
		<mark id="sSpan629" xlink:href="#sTok306 #sTok307"/>
		<!--ϩⲛ-->
		<mark id="sSpan630" xlink:href="#sTok323"/>
		<!--ⲓⲁⲕⲱⲃ-->
		<mark id="sSpan631" xlink:href="#sTok109"/>
		<!--ⲣ ⲣⲙⲙⲁⲟ-->
		<mark id="sSpan632" xlink:href="#sTok299 #sTok300"/>
		<!--ⲛϭⲓ-->
		<mark id="sSpan633" xlink:href="#sTok126"/>
		<!--ⲉⲙⲁⲧⲉ-->
		<mark id="sSpan634" xlink:href="#sTok301"/>
		<!--ⲛⲉ-->
		<mark id="sSpan635" xlink:href="#sTok155"/>
		<!--ⲕⲱ-->
		<mark id="sSpan636" xlink:href="#sTok253"/>
		<!--ⲙⲛ-->
		<mark id="sSpan637" xlink:href="#sTok330"/>
		<!--ⲓⲁⲕⲱⲃ-->
		<mark id="sSpan638" xlink:href="#sTok213"/>
		<!--ϯ-->
		<mark id="sSpan639" xlink:href="#sTok217"/>
		<!--ⲛ ⲉⲧ ⲟ-->
		<mark id="sSpan640" xlink:href="#sTok289 #sTok290 #sTok291"/>
		<!--ⲉⲙⲁⲧⲉ-->
		<mark id="sSpan641" xlink:href="#sTok301"/>
		<!--ⲡⲉϫⲁ ϥ-->
		<mark id="sSpan642" xlink:href="#sTok121 #sTok122"/>
		<!--ⲕⲁⲁⲩ-->
		<mark id="sSpan643" xlink:href="#sTok282"/>
		<!--ⲗⲁⲁⲩ-->
		<mark id="sSpan644" xlink:href="#sTok218"/>
		<!--ⲛ ⲉⲥⲟⲟⲩ-->
		<mark id="sSpan645" xlink:href="#sTok240 #sTok241"/>
		<!--ⲟⲩ-->
		<mark id="sSpan646" xlink:href="#sTok205"/>
		<!--ϫⲉ-->
		<mark id="sSpan647" xlink:href="#sTok24"/>
		<!--ⲓⲁⲕⲱⲃ-->
		<mark id="sSpan648" xlink:href="#sTok127"/>
		<!--ⲟⲩ-->
		<mark id="sSpan649" xlink:href="#sTok190"/>
		<!--ⲇⲉ-->
		<mark id="sSpan650" xlink:href="#sTok284"/>
		<!--ⲧ-->
		<mark id="sSpan651" xlink:href="#sTok145"/>
		<!--ⲓⲁⲕⲱⲃ-->
		<mark id="sSpan652" xlink:href="#sTok12"/>
		<!--ⲕ-->
		<mark id="sSpan653" xlink:href="#sTok177"/>
		<!--ϩⲛ ⲉⲓⲱ-->
		<mark id="sSpan654" xlink:href="#sTok331 #sTok332"/>
		<!--ϩⲛ-->
		<mark id="sSpan655" xlink:href="#sTok328"/>
		<!--ⲁ-->
		<mark id="sSpan656" xlink:href="#sTok166"/>
		<!--ⲕ-->
		<mark id="sSpan657" xlink:href="#sTok247"/>
		<!--ⲓⲁⲕⲱⲃ-->
		<mark id="sSpan658" xlink:href="#sTok213"/>
		<!--ⲥ-->
		<mark id="sSpan659" xlink:href="#sTok141"/>
		<!--ⲛ-->
		<mark id="sSpan660" xlink:href="#sTok286"/>
		<!--ⲛ-->
		<mark id="sSpan661" xlink:href="#sTok215"/>
		<!--ⲡ-->
		<mark id="sSpan662" xlink:href="#sTok130"/>
		<!--ⲁⲁ-->
		<mark id="sSpan663" xlink:href="#sTok140"/>
		<!--ⲉ-->
		<mark id="sSpan664" xlink:href="#sTok169"/>
		<!--ⲧⲃⲛⲟⲟⲩⲉ-->
		<mark id="sSpan665" xlink:href="#sTok149"/>
		<!--ϩⲙϩⲁⲗ-->
		<mark id="sSpan666" xlink:href="#sTok324"/>
		<!--ⲛⲁ-->
		<mark id="sSpan667" xlink:href="#sTok188"/>
		<!--ϣⲏⲣⲉ-->
		<mark id="sSpan668" xlink:href="#sTok10"/>
		<!--ⲉⲃⲟⲗ-->
		<mark id="sSpan669" xlink:href="#sTok93"/>
		<!--ⲉⲧ-->
		<mark id="sSpan670" xlink:href="#sTok150"/>
		<!--ϫⲉ-->
		<mark id="sSpan671" xlink:href="#sTok214"/>
		<!--ⲛϭⲓ-->
		<mark id="sSpan672" xlink:href="#sTok277"/>
		<!--ⲓⲁⲕⲱⲃ-->
		<mark id="sSpan673" xlink:href="#sTok127"/>
		<!--ⲉⲥⲟⲟⲩ-->
		<mark id="sSpan674" xlink:href="#sTok241"/>
		<!--ⲛⲁ-->
		<mark id="sSpan675" xlink:href="#sTok100"/>
		<!--ⲛⲧⲟⲕ-->
		<mark id="sSpan676" xlink:href="#sTok129"/>
		<!--ⲉ ⲛⲁϣⲱ ⲟⲩ-->
		<mark id="sSpan677" xlink:href="#sTok311 #sTok312 #sTok313"/>
		<!--ⲛⲉ-->
		<mark id="sSpan678" xlink:href="#sTok155"/>
		<!--ⲛ-->
		<mark id="sSpan679" xlink:href="#sTok320"/>
		<!--ⲡ-->
		<mark id="sSpan680" xlink:href="#sTok258"/>
		<!--ϫⲉ-->
		<mark id="sSpan681" xlink:href="#sTok6"/>
		<!--ⲉ ⲗⲓⲁ-->
		<mark id="sSpan682" xlink:href="#sTok16 #sTok17"/>
		<!--ⲛⲁ ⲕ-->
		<mark id="sSpan683" xlink:href="#sTok206 #sTok207"/>
		<!--ⲛ-->
		<mark id="sSpan684" xlink:href="#sTok193"/>
		<!--ⲁ-->
		<mark id="sSpan685" xlink:href="#sTok138"/>
		<!--ⲡⲉϫⲉ-->
		<mark id="sSpan686" xlink:href="#sTok66"/>
		<!--ϥ-->
		<mark id="sSpan687" xlink:href="#sTok122"/>
		<!--ⲙⲟⲩ-->
		<mark id="sSpan688" xlink:href="#sTok38"/>
		<!--ⲓⲁⲕⲱⲃ-->
		<mark id="sSpan689" xlink:href="#sTok295"/>
		<!--ⲗⲁⲁⲩ-->
		<mark id="sSpan690" xlink:href="#sTok218"/>
		<!--ⲓⲁⲕⲱⲃ-->
		<mark id="sSpan691" xlink:href="#sTok23"/>
		<!--ⲛ ⲛ ⲉⲥⲟⲟⲩ-->
		<mark id="sSpan692" xlink:href="#sTok261 #sTok262 #sTok263"/>
		<!--ⲡⲉϫⲁ-->
		<mark id="sSpan693" xlink:href="#sTok20"/>
		<!--ⲕⲱϩ-->
		<mark id="sSpan694" xlink:href="#sTok15"/>
		<!--ⲁⲛⲟⲩⲱⲃϣ-->
		<mark id="sSpan695" xlink:href="#sTok283"/>
		<!--ϩⲉⲛ ⲧⲃⲛⲟⲟⲩⲉ-->
		<mark id="sSpan696" xlink:href="#sTok309 #sTok310"/>
		<!--ϩⲓⲧⲟⲟⲧ-->
		<mark id="sSpan697" xlink:href="#sTok246"/>
		<!--ⲇⲉ-->
		<mark id="sSpan698" xlink:href="#sTok123"/>
		<!--ϫⲉ-->
		<mark id="sSpan699" xlink:href="#sTok214"/>
		<!--ⲛⲁ-->
		<mark id="sSpan700" xlink:href="#sTok235"/>
		<!--ⲙⲛ-->
		<mark id="sSpan701" xlink:href="#sTok317"/>
		<!--ⲡⲉϫⲁ-->
		<mark id="sSpan702" xlink:href="#sTok208"/>
		<!--ⲉ ⲓ ⲛⲁ ϯ-->
		<mark id="sSpan703" xlink:href="#sTok201 #sTok202 #sTok203 #sTok204"/>
		<!--ϩⲉⲛ ⲉϩⲟⲟⲩ-->
		<mark id="sSpan704" xlink:href="#sTok315 #sTok316"/>
		<!--ⲛ-->
		<mark id="sSpan705" xlink:href="#sTok325"/>
		<!--ϫⲉ-->
		<mark id="sSpan706" xlink:href="#sTok48"/>
		<!--ⲕⲁⲣⲡⲟⲥ-->
		<mark id="sSpan707" xlink:href="#sTok62"/>
		<!--ⲡⲉϫⲁ-->
		<mark id="sSpan708" xlink:href="#sTok44"/>
		<!--ⲁⲩⲱ-->
		<mark id="sSpan709" xlink:href="#sTok144"/>
		<!--ⲩ-->
		<mark id="sSpan710" xlink:href="#sTok5"/>
		<!--ⲉ ⲧⲣⲉ ⲩ ϫⲓ ⲟⲩⲱ-->
		<mark id="sSpan711" xlink:href="#sTok266 #sTok267 #sTok268 #sTok269 #sTok270"/>
		<!--ⲉⲕϣⲁⲛ-->
		<mark id="sSpan712" xlink:href="#sTok221"/>
		<!--ⲁⲛⲟⲩⲱⲃϣ-->
		<mark id="sSpan713" xlink:href="#sTok283"/>
		<!--ⲧⲁ ⲧⲁ ⲁϥ-->
		<mark id="sSpan714" xlink:href="#sTok116 #sTok117 #sTok118"/>
		<!--ϫⲉ-->
		<mark id="sSpan715" xlink:href="#sTok48"/>
		<!--ϫⲉ-->
		<mark id="sSpan716" xlink:href="#sTok128"/>
		<!--ⲛ ⲁⲩⲁⲛ-->
		<mark id="sSpan717" xlink:href="#sTok292 #sTok293"/>
		<!--ϫⲡⲉ-->
		<mark id="sSpan718" xlink:href="#sTok9"/>
		<!--ⲛ ⲓⲁⲕⲱⲃ-->
		<mark id="sSpan719" xlink:href="#sTok68 #sTok69"/>
		<!--ⲙ ⲡ ⲙⲧⲟ-->
		<mark id="sSpan720" xlink:href="#sTok257 #sTok258 #sTok259"/>
		<!--ⲡⲉϫⲁ-->
		<mark id="sSpan721" xlink:href="#sTok121"/>
		<!--ⲛ-->
		<mark id="sSpan722" xlink:href="#sTok289"/>
		<!--ϫⲉ-->
		<mark id="sSpan723" xlink:href="#sTok6"/>
		<!--ⲡⲁⲓ-->
		<mark id="sSpan724" xlink:href="#sTok54"/>
		<!--ϩⲓϫⲛ-->
		<mark id="sSpan725" xlink:href="#sTok84"/>
		<!--ϯ-->
		<mark id="sSpan726" xlink:href="#sTok226"/>
		<!--ⲙ-->
		<mark id="sSpan727" xlink:href="#sTok223"/>
		<!--ϩⲟⲩⲟ-->
		<mark id="sSpan728" xlink:href="#sTok171"/>
		<!--ⲛ-->
		<mark id="sSpan729" xlink:href="#sTok251"/>
		<!--ϩⲣⲁⲭⲏⲗ-->
		<mark id="sSpan730" xlink:href="#sTok67"/>
		<!--ϥ-->
		<mark id="sSpan731" xlink:href="#sTok101"/>
		<!--ⲧⲉⲛⲟⲩ-->
		<mark id="sSpan732" xlink:href="#sTok183"/>
		<!--ⲛⲧ ⲁ ϥ ⲃ ⲟϭⲉ-->
		<mark id="sSpan733" xlink:href="#sTok55 #sTok56 #sTok57 #sTok58 #sTok59"/>
		<!--ⲙⲛ-->
		<mark id="sSpan734" xlink:href="#sTok322"/>
		<!--ⲁ ⲓⲁⲕⲱⲃ-->
		<mark id="sSpan735" xlink:href="#sTok39 #sTok40"/>
		<!--ⲁ ϩⲣⲁⲭⲏⲗ-->
		<mark id="sSpan736" xlink:href="#sTok13 #sTok14"/>
		<!--ⲓⲁⲕⲱⲃ-->
		<mark id="sSpan737" xlink:href="#sTok69"/>
		<!--ϭⲉⲣⲟⲟⲃ-->
		<mark id="sSpan738" xlink:href="#sTok273"/>
		<!--ⲉⲥⲟⲟⲩ-->
		<mark id="sSpan739" xlink:href="#sTok232"/>
		<!--ⲛⲉⲕ-->
		<mark id="sSpan740" xlink:href="#sTok216"/>
		<!--ⲇⲉ-->
		<mark id="sSpan741" xlink:href="#sTok110"/>
		<!--ⲧⲉⲥ ϩⲙϩⲁⲗ-->
		<mark id="sSpan742" xlink:href="#sTok104 #sTok105"/>
		<!--ⲇⲉ-->
		<mark id="sSpan743" xlink:href="#sTok123"/>
		<!--ⲟⲩ ⲏⲓ-->
		<mark id="sSpan744" xlink:href="#sTok190 #sTok191"/>
		<!--ⲙ-->
		<mark id="sSpan745" xlink:href="#sTok113"/>
		<!--ⲉϩⲟⲩⲛ-->
		<mark id="sSpan746" xlink:href="#sTok77"/>
		<!--ⲥ ⲛⲁ ⲙⲓⲥⲉ-->
		<mark id="sSpan747" xlink:href="#sTok81 #sTok82 #sTok83"/>
		<!--ⲁ-->
		<mark id="sSpan748" xlink:href="#sTok296"/>
		<!--ϫⲓ-->
		<mark id="sSpan749" xlink:href="#sTok269"/>
		<!--ⲓ-->
		<mark id="sSpan750" xlink:href="#sTok187"/>
		<!--ⲛ ϩⲏⲧ-->
		<mark id="sSpan751" xlink:href="#sTok30 #sTok31"/>
		<!--ϩⲛ-->
		<mark id="sSpan752" xlink:href="#sTok318"/>
		<!--ⲉϩⲟⲩⲛ-->
		<mark id="sSpan753" xlink:href="#sTok180"/>
		<!--ⲃⲁⲗⲗⲁ-->
		<mark id="sSpan754" xlink:href="#sTok103"/>
		<!--ⲙ ⲡⲁ ⲙⲧⲟ-->
		<mark id="sSpan755" xlink:href="#sTok161 #sTok162 #sTok163"/>
		<!--ⲉϩⲟⲟⲩ-->
		<mark id="sSpan756" xlink:href="#sTok316"/>
		<!--ϥ-->
		<mark id="sSpan757" xlink:href="#sTok209"/>
		<!--ⲛⲁ-->
		<mark id="sSpan758" xlink:href="#sTok4"/>
		<!--ϩⲁⲣⲉϩ-->
		<mark id="sSpan759" xlink:href="#sTok236"/>
		<!--ϭⲉ-->
		<mark id="sSpan760" xlink:href="#sTok184"/>
		<!--ⲟⲩ-->
		<mark id="sSpan761" xlink:href="#sTok313"/>
		<!--ⲟⲩ-->
		<mark id="sSpan762" xlink:href="#sTok89"/>
		<!--ϩⲙ-->
		<mark id="sSpan763" xlink:href="#sTok178"/>
		<!--ⲥ-->
		<mark id="sSpan764" xlink:href="#sTok47"/>
		<!--ⲧⲏⲣ ⲟⲩ-->
		<mark id="sSpan765" xlink:href="#sTok242 #sTok243"/>
		<!--ϩⲙϩⲁⲗ-->
		<mark id="sSpan766" xlink:href="#sTok105"/>
		<!--ⲟⲩⲱ-->
		<mark id="sSpan767" xlink:href="#sTok270"/>
		<!--ⲩ-->
		<mark id="sSpan768" xlink:href="#sTok157"/>
		<!--ⲉⲧ-->
		<mark id="sSpan769" xlink:href="#sTok131"/>
		<!--ϣⲱⲡⲉ-->
		<mark id="sSpan770" xlink:href="#sTok305"/>
		<!--ϭⲱⲛⲧ-->
		<mark id="sSpan771" xlink:href="#sTok41"/>
		<!--ⲡ-->
		<mark id="sSpan772" xlink:href="#sTok86"/>
		<!--ⲙⲟⲟⲛⲉ-->
		<mark id="sSpan773" xlink:href="#sTok228"/>
		<!--ⲛⲁ-->
		<mark id="sSpan774" xlink:href="#sTok142"/>
		<!--ⲉ ⲓ ⲛⲁ ⲧⲁⲙⲓⲉ-->
		<mark id="sSpan775" xlink:href="#sTok186 #sTok187 #sTok188 #sTok189"/>
		<!--ⲙ-->
		<mark id="sSpan776" xlink:href="#sTok75"/>
		<!--ϩⲣⲁⲭⲏⲗ-->
		<mark id="sSpan777" xlink:href="#sTok14"/>
		<!--ⲛϭⲓ-->
		<mark id="sSpan778" xlink:href="#sTok308"/>
		<!--ⲙⲁⲣⲉ-->
		<mark id="sSpan779" xlink:href="#sTok239"/>
		<!--ⲛ ⲛⲉⲕ ⲧⲃⲛⲟⲟⲩⲉ-->
		<mark id="sSpan780" xlink:href="#sTok147 #sTok148 #sTok149"/>
		<!--ϣⲁⲣⲟ ⲥ-->
		<mark id="sSpan781" xlink:href="#sTok78 #sTok79"/>
		<!--ϩⲟⲟⲩⲧ-->
		<mark id="sSpan782" xlink:href="#sTok321"/>
		<!--ⲉⲣⲟ-->
		<mark id="sSpan783" xlink:href="#sTok237"/>
		<!--ⲛⲁ-->
		<mark id="sSpan784" xlink:href="#sTok124"/>
		<!--ⲧⲁ-->
		<mark id="sSpan785" xlink:href="#sTok117"/>
		<!--ϣⲱⲡⲉ-->
		<mark id="sSpan786" xlink:href="#sTok285"/>
		<!--ⲛ-->
		<mark id="sSpan787" xlink:href="#sTok261"/>
		<!--ⲁⲩⲱ-->
		<mark id="sSpan788" xlink:href="#sTok233"/>
		<!--ⲉ ⲧ ⲙⲛⲧ ϩⲙϩⲁⲗ-->
		<mark id="sSpan789" xlink:href="#sTok133 #sTok134 #sTok135 #sTok136"/>
		<!--ⲛⲁ-->
		<mark id="sSpan790" xlink:href="#sTok159"/>
		<!--ⲉⲓⲥ-->
		<mark id="sSpan791" xlink:href="#sTok71"/>
		<!--ⲉⲃⲟⲗ-->
		<mark id="sSpan792" xlink:href="#sTok260"/>
		<!--ϩⲓϫⲛ-->
		<mark id="sSpan793" xlink:href="#sTok84"/>
		<!--ⲁⲩⲱ-->
		<mark id="sSpan794" xlink:href="#sTok302"/>
		<!--ⲉⲓ-->
		<mark id="sSpan795" xlink:href="#sTok244"/>
		<!--ⲧⲁ-->
		<mark id="sSpan796" xlink:href="#sTok72"/>
		<!--ⲉⲓⲣⲉ-->
		<mark id="sSpan797" xlink:href="#sTok222"/>
		<!--ⲁϣⲁⲓ-->
		<mark id="sSpan798" xlink:href="#sTok168"/>
		<!--ⲙ ⲟⲓ-->
		<mark id="sSpan799" xlink:href="#sTok111 #sTok112"/>
		<!--ⲛⲁ ϥ-->
		<mark id="sSpan800" xlink:href="#sTok210 #sTok211"/>
		<!--ⲡ ⲛⲟⲩⲧⲉ-->
		<mark id="sSpan801" xlink:href="#sTok51 #sTok52"/>
		<!--ⲛ ϩⲏⲧ-->
		<mark id="sSpan802" xlink:href="#sTok63 #sTok64"/>
		<!--ϭⲱⲛⲧ-->
		<mark id="sSpan803" xlink:href="#sTok41"/>
		<!--ⲉϣⲱⲡⲉ-->
		<mark id="sSpan804" xlink:href="#sTok33"/>
		<!--ⲛ-->
		<mark id="sSpan805" xlink:href="#sTok22"/>
		<!--ⲙⲓⲥⲉ-->
		<mark id="sSpan806" xlink:href="#sTok275"/>
		<!--ⲁⲩⲱ-->
		<mark id="sSpan807" xlink:href="#sTok80"/>
		<!--ⲥⲟⲟⲩⲛ-->
		<mark id="sSpan808" xlink:href="#sTok132"/>
		<!--ⲛ-->
		<mark id="sSpan809" xlink:href="#sTok262"/>
		<!--ⲉ ϩⲣⲁⲭⲏⲗ-->
		<mark id="sSpan810" xlink:href="#sTok42 #sTok43"/>
		<!--ϣⲏⲣⲉ-->
		<mark id="sSpan811" xlink:href="#sTok10"/>
		<!--ⲛⲧ-->
		<mark id="sSpan812" xlink:href="#sTok55"/>
		<!--ϣⲁⲣⲟ-->
		<mark id="sSpan813" xlink:href="#sTok181"/>
		<!--ⲁ-->
		<mark id="sSpan814" xlink:href="#sTok172"/>
		<!--ⲇⲉ-->
		<mark id="sSpan815" xlink:href="#sTok276"/>
		<!--ⲛ-->
		<mark id="sSpan816" xlink:href="#sTok254"/>
		<!--ⲙ ⲡⲉⲕ ⲃⲉⲕⲉ-->
		<mark id="sSpan817" xlink:href="#sTok113 #sTok114 #sTok115"/>
		<!--ϩⲓⲧⲟⲟⲧ ⲕ-->
		<mark id="sSpan818" xlink:href="#sTok246 #sTok247"/>
		<!--ⲛϭⲱⲧ-->
		<mark id="sSpan819" xlink:href="#sTok265"/>
		<!--ⲡⲉϫⲁ ⲥ-->
		<mark id="sSpan820" xlink:href="#sTok20 #sTok21"/>
		<!--ϫⲉ-->
		<mark id="sSpan821" xlink:href="#sTok70"/>
		<!--ⲡⲉϫⲉ-->
		<mark id="sSpan822" xlink:href="#sTok196"/>
		<!--ⲛ-->
		<mark id="sSpan823" xlink:href="#sTok68"/>
		<!--ⲁ-->
		<mark id="sSpan824" xlink:href="#sTok108"/>
		<!--ⲉ-->
		<mark id="sSpan825" xlink:href="#sTok311"/>
		<!--ⲁ ⲩ ⲁϣⲁⲓ-->
		<mark id="sSpan826" xlink:href="#sTok166 #sTok167 #sTok168"/>
		<!--ⲛ-->
		<mark id="sSpan827" xlink:href="#sTok292"/>
		<!--ⲛⲁ ϥ-->
		<mark id="sSpan828" xlink:href="#sTok124 #sTok125"/>
		<!--ⲉⲕϣⲁⲛ ⲉⲓⲣⲉ-->
		<mark id="sSpan829" xlink:href="#sTok221 #sTok222"/>
		<!--ⲛⲁ-->
		<mark id="sSpan830" xlink:href="#sTok206"/>
		<!--ⲛⲁ ⲕ-->
		<mark id="sSpan831" xlink:href="#sTok159 #sTok160"/>
		<!--ⲙⲏ-->
		<mark id="sSpan832" xlink:href="#sTok49"/>
		<!--ⲡ ⲉⲧ ⲥⲟⲟⲩⲛ-->
		<mark id="sSpan833" xlink:href="#sTok130 #sTok131 #sTok132"/>
		<!--ⲉ-->
		<mark id="sSpan834" xlink:href="#sTok266"/>
		<!--ⲧⲁ ϩⲙϩⲁⲗ-->
		<mark id="sSpan835" xlink:href="#sTok72 #sTok73"/>
		<!--ⲛⲁⲩ-->
		<mark id="sSpan836" xlink:href="#sTok195"/>
		<!--ⲟ-->
		<mark id="sSpan837" xlink:href="#sTok291"/>
		<!--ⲛ-->
		<mark id="sSpan838" xlink:href="#sTok35"/>
		<!--ⲉⲧ-->
		<mark id="sSpan839" xlink:href="#sTok290"/>
		<!--ⲛ ⲛ ϭⲉⲣⲟⲟⲃ-->
		<mark id="sSpan840" xlink:href="#sTok254 #sTok255 #sTok256"/>
		<!--ⲁⲡⲥ-->
		<mark id="sSpan841" xlink:href="#sTok146"/>
		<!--ϯ-->
		<mark id="sSpan842" xlink:href="#sTok204"/>
		<!--ϥ-->
		<mark id="sSpan843" xlink:href="#sTok45"/>
		<!--ⲉⲥⲟⲟⲩ-->
		<mark id="sSpan844" xlink:href="#sTok279"/>
		<!--ⲙ ⲡ ⲕⲁⲣⲡⲟⲥ-->
		<mark id="sSpan845" xlink:href="#sTok60 #sTok61 #sTok62"/>
		<!--ⲛ-->
		<mark id="sSpan846" xlink:href="#sTok255"/>
		<!--ⲛϭⲓ-->
		<mark id="sSpan847" xlink:href="#sTok277"/>
		<!--ϩⲙϩⲁⲗ-->
		<mark id="sSpan848" xlink:href="#sTok73"/>
		<!--ⲥϩⲓⲙⲉ-->
		<mark id="sSpan849" xlink:href="#sTok107"/>
		<!--ⲃⲉⲕⲉ-->
		<mark id="sSpan850" xlink:href="#sTok115"/>
		<!--ⲟⲩ-->
		<mark id="sSpan851" xlink:href="#sTok238"/>
		<!--ϩⲛ-->
		<mark id="sSpan852" xlink:href="#sTok264"/>
		<!--ⲇⲉ-->
		<mark id="sSpan853" xlink:href="#sTok284"/>
		<!--ⲁ-->
		<mark id="sSpan854" xlink:href="#sTok303"/>
		<!--ϯ-->
		<mark id="sSpan855" xlink:href="#sTok99"/>
		<!--ⲩ-->
		<mark id="sSpan856" xlink:href="#sTok268"/>
		<!--ⲥ-->
		<mark id="sSpan857" xlink:href="#sTok98"/>
		<!--ⲛⲁ-->
		<mark id="sSpan858" xlink:href="#sTok198"/>
		<!--ⲛⲁ ⲡ ⲁⲧ-->
		<mark id="sSpan859" xlink:href="#sTok85 #sTok86 #sTok87"/>
		<!--ⲥ-->
		<mark id="sSpan860" xlink:href="#sTok21"/>
		<!--ⲛⲁ-->
		<mark id="sSpan861" xlink:href="#sTok85"/>
		<!--ⲁϥ-->
		<mark id="sSpan862" xlink:href="#sTok118"/>
		<!--ϫⲉ-->
		<mark id="sSpan863" xlink:href="#sTok24"/>
		<!--ⲡⲣⲁⲉⲓ-->
		<mark id="sSpan864" xlink:href="#sTok179"/>
		<!--ⲛⲁ ⲥ-->
		<mark id="sSpan865" xlink:href="#sTok46 #sTok47"/>
		<!--ϭⲉⲣⲟⲟⲃ-->
		<mark id="sSpan866" xlink:href="#sTok256"/>
		<!--ⲁ-->
		<mark id="sSpan867" xlink:href="#sTok39"/>
		<!--ⲙ-->
		<mark id="sSpan868" xlink:href="#sTok60"/>
		<!--ⲉⲓⲱ-->
		<mark id="sSpan869" xlink:href="#sTok332"/>
		<!--ϩⲣⲁⲭⲏⲗ-->
		<mark id="sSpan870" xlink:href="#sTok43"/>
		<!--ⲉⲣⲟ ⲟⲩ-->
		<mark id="sSpan871" xlink:href="#sTok237 #sTok238"/>
		<!--ⲛ ⲅ-->
		<mark id="sSpan872" xlink:href="#sTok251 #sTok252"/>
		<!--ⲧ-->
		<mark id="sSpan873" xlink:href="#sTok194"/>
		<!--ⲛⲁⲓ-->
		<mark id="sSpan874" xlink:href="#sTok192"/>
		<!--ⲃⲁⲗⲗⲁ ⲙ-->
		<mark id="sSpan875" xlink:href="#sTok74 #sTok75"/>
		<!--ϩⲱ-->
		<mark id="sSpan876" xlink:href="#sTok92"/>
		<!--ⲧⲣⲉ-->
		<mark id="sSpan877" xlink:href="#sTok267"/>
		<!--ⲛϩⲛ-->
		<mark id="sSpan878" xlink:href="#sTok27"/>
		<!--ⲁⲛⲅ-->
		<mark id="sSpan879" xlink:href="#sTok50"/>
		<!--ⲛⲁⲓ-->
		<mark id="sSpan880" xlink:href="#sTok219"/>
		<!--ⲛ ⲓⲁⲕⲱⲃ-->
		<mark id="sSpan881" xlink:href="#sTok294 #sTok295"/>
		<!--ϣⲱⲡⲉ-->
		<mark id="sSpan882" xlink:href="#sTok285"/>
		<!--ⲧ-->
		<mark id="sSpan883" xlink:href="#sTok134"/>
		<!--ⲁ-->
		<mark id="sSpan884" xlink:href="#sTok97"/>
		<!--ⲕ-->
		<mark id="sSpan885" xlink:href="#sTok160"/>
		<!--ⲕⲟⲩⲓ-->
		<mark id="sSpan886" xlink:href="#sTok154"/>
		<!--ϩⲣⲁⲭⲏⲗ-->
		<mark id="sSpan887" xlink:href="#sTok67"/>
		<!--ⲡⲉϫⲁ ϥ-->
		<mark id="sSpan888" xlink:href="#sTok208 #sTok209"/>
		<!--ⲉ ⲡⲉ ϩⲟⲩⲟ-->
		<mark id="sSpan889" xlink:href="#sTok169 #sTok170 #sTok171"/>
		<!--ⲛⲁ-->
		<mark id="sSpan890" xlink:href="#sTok227"/>
		<!--ⲉ-->
		<mark id="sSpan891" xlink:href="#sTok65"/>
		<!--ϣⲏⲣⲉ-->
		<mark id="sSpan892" xlink:href="#sTok28"/>
		<!--ⲙⲁ-->
		<mark id="sSpan893" xlink:href="#sTok25"/>
		<!--ⲡⲣⲁⲉⲓ-->
		<mark id="sSpan894" xlink:href="#sTok179"/>
		<!--ⲡⲁ-->
		<mark id="sSpan895" xlink:href="#sTok162"/>
		<!--ⲡⲉϫⲁ ϥ-->
		<mark id="sSpan896" xlink:href="#sTok44 #sTok45"/>
		<!--ⲉⲃⲟⲗ-->
		<mark id="sSpan897" xlink:href="#sTok164"/>
		<!--ⲁⲛⲅ-->
		<mark id="sSpan898" xlink:href="#sTok50"/>
		<!--ⲙ-->
		<mark id="sSpan899" xlink:href="#sTok111"/>
		<!--ⲛϩⲛ ϣⲏⲣⲉ-->
		<mark id="sSpan900" xlink:href="#sTok27 #sTok28"/>
		<!--ⲙⲛ-->
		<mark id="sSpan901" xlink:href="#sTok317"/>
		<!--ⲛⲧ-->
		<mark id="sSpan902" xlink:href="#sTok137"/>
		<!--ϩⲛ ϭⲁⲙⲟⲩⲗ-->
		<mark id="sSpan903" xlink:href="#sTok328 #sTok329"/>
		<!--ⲗⲁⲃⲁⲛ-->
		<mark id="sSpan904" xlink:href="#sTok197"/>
		<!--ϣⲁϫⲉ-->
		<mark id="sSpan905" xlink:href="#sTok225"/>
		<!--ⲙ ⲡ ⲟⲟⲩ-->
		<mark id="sSpan906" xlink:href="#sTok248 #sTok249 #sTok250"/>
		<!--ⲧⲁⲕⲁ-->
		<mark id="sSpan907" xlink:href="#sTok88"/>
		<!--ⲙⲙⲟ ⲛ-->
		<mark id="sSpan908" xlink:href="#sTok34 #sTok35"/>
		<!--ϩⲱ-->
		<mark id="sSpan909" xlink:href="#sTok92"/>
		<!--ⲉⲓⲥ-->
		<mark id="sSpan910" xlink:href="#sTok71"/>
		<!--ϩⲉⲛ-->
		<mark id="sSpan911" xlink:href="#sTok315"/>
		<!--ⲉ-->
		<mark id="sSpan912" xlink:href="#sTok42"/>
		<!--ⲩ-->
		<mark id="sSpan913" xlink:href="#sTok167"/>
		<!--ⲛ ⲉⲥⲟⲟⲩ-->
		<mark id="sSpan914" xlink:href="#sTok278 #sTok279"/>
		<!--ⲟⲟⲩ-->
		<mark id="sSpan915" xlink:href="#sTok250"/>
		<!--ⲛϭⲓ-->
		<mark id="sSpan916" xlink:href="#sTok212"/>
		<!--ⲛ ⲥϩⲓⲙⲉ-->
		<mark id="sSpan917" xlink:href="#sTok106 #sTok107"/>
		<!--ⲁⲛⲟⲕ-->
		<mark id="sSpan918" xlink:href="#sTok53"/>
		<!--ⲉⲣⲟ-->
		<mark id="sSpan919" xlink:href="#sTok176"/>
		<!--ⲅ-->
		<mark id="sSpan920" xlink:href="#sTok252"/>
		<!--ⲉⲩϣⲁⲛ-->
		<mark id="sSpan921" xlink:href="#sTok274"/>
		<!--ⲙⲁ-->
		<mark id="sSpan922" xlink:href="#sTok25"/>
		<!--ⲡ-->
		<mark id="sSpan923" xlink:href="#sTok61"/>
		<!--ⲛ ⲗⲁⲃⲁⲛ-->
		<mark id="sSpan924" xlink:href="#sTok286 #sTok287"/>
		<!--ⲛⲁ ϥ-->
		<mark id="sSpan925" xlink:href="#sTok100 #sTok101"/>
		<!--ⲁ ⲩ ϣⲱⲡⲉ-->
		<mark id="sSpan926" xlink:href="#sTok303 #sTok304 #sTok305"/>
		<!--ⲛⲁ-->
		<mark id="sSpan927" xlink:href="#sTok306"/>
		<!--ⲙ-->
		<mark id="sSpan928" xlink:href="#sTok248"/>
		<!--ⲛ ⲧ ⲛⲁⲩ-->
		<mark id="sSpan929" xlink:href="#sTok193 #sTok194 #sTok195"/>
		<!--ϫⲉ-->
		<mark id="sSpan930" xlink:href="#sTok128"/>
		<!--ⲥϩⲓⲙⲉ-->
		<mark id="sSpan931" xlink:href="#sTok326"/>
		<!--ⲁ-->
		<mark id="sSpan932" xlink:href="#sTok13"/>
		<!--ⲉⲩϣⲁⲛ ⲙⲓⲥⲉ-->
		<mark id="sSpan933" xlink:href="#sTok274 #sTok275"/>
		<!--ⲉϩⲟⲩⲛ-->
		<mark id="sSpan934" xlink:href="#sTok180"/>
		<!--ⲕⲁⲧⲁ-->
		<mark id="sSpan935" xlink:href="#sTok271"/>
		<!--ⲛ ⲃⲁⲗⲗⲁ-->
		<mark id="sSpan936" xlink:href="#sTok102 #sTok103"/>
		<!--ϩⲛ ⲕⲟⲩⲓ-->
		<mark id="sSpan937" xlink:href="#sTok153 #sTok154"/>
		<!--ⲙⲛ-->
		<mark id="sSpan938" xlink:href="#sTok330"/>
		<!--ⲉ-->
		<mark id="sSpan939" xlink:href="#sTok201"/>
		<!--ⲕ-->
		<mark id="sSpan940" xlink:href="#sTok32"/>
		<!--ⲙⲓⲥⲉ-->
		<mark id="sSpan941" xlink:href="#sTok83"/>
		<!--ⲟⲛ-->
		<mark id="sSpan942" xlink:href="#sTok229"/>
		<!--ⲉⲃⲟⲗ-->
		<mark id="sSpan943" xlink:href="#sTok93"/>
		<!--ⲡⲁⲓ-->
		<mark id="sSpan944" xlink:href="#sTok54"/>
		<!--ⲛⲟⲩⲧⲉ-->
		<mark id="sSpan945" xlink:href="#sTok52"/>
		<!--ϯ-->
		<mark id="sSpan946" xlink:href="#sTok36"/>
		<!--ⲙ-->
		<mark id="sSpan947" xlink:href="#sTok161"/>
		<!--ⲧⲉⲥ-->
		<mark id="sSpan948" xlink:href="#sTok104"/>
		<!--ⲇⲉ-->
		<mark id="sSpan949" xlink:href="#sTok110"/>
		<!--ⲉ-->
		<mark id="sSpan950" xlink:href="#sTok133"/>
		<!--ⲛⲁ ⲩ-->
		<mark id="sSpan951" xlink:href="#sTok4 #sTok5"/>
		<!--ⲇⲉ-->
		<mark id="sSpan952" xlink:href="#sTok276"/>
		<!--ⲁ-->
		<mark id="sSpan953" xlink:href="#sTok56"/>
		<!--ⲁⲩⲱ-->
		<mark id="sSpan954" xlink:href="#sTok165"/>
		<!--ⲁ-->
		<mark id="sSpan955" xlink:href="#sTok1"/>
		<!--ⲙⲧⲟ-->
		<mark id="sSpan956" xlink:href="#sTok163"/>
		<!--ⲛⲁⲓ-->
		<mark id="sSpan957" xlink:href="#sTok26"/>
		<!--ⲥ-->
		<mark id="sSpan958" xlink:href="#sTok96"/>
		<!--ⲥ-->
		<mark id="sSpan959" xlink:href="#sTok79"/>
		<!--ⲧⲃⲛⲟⲟⲩⲉ-->
		<mark id="sSpan960" xlink:href="#sTok310"/>
		<!--ⲁⲩⲱ-->
		<mark id="sSpan961" xlink:href="#sTok233"/>
		<!--ⲉϣⲱⲡⲉ-->
		<mark id="sSpan962" xlink:href="#sTok220"/>
		<!--ⲁⲛⲟⲕ-->
		<mark id="sSpan963" xlink:href="#sTok53"/>
		<!--ϩⲛ-->
		<mark id="sSpan964" xlink:href="#sTok153"/>
		<!--ⲛⲁ-->
		<mark id="sSpan965" xlink:href="#sTok203"/>
		<!--ϭⲉ-->
		<mark id="sSpan966" xlink:href="#sTok184"/>
		<!--ⲛ-->
		<mark id="sSpan967" xlink:href="#sTok272"/>
		<!--ⲟⲩ-->
		<mark id="sSpan968" xlink:href="#sTok205"/>
		<!--ϣⲏⲣⲉ-->
		<mark id="sSpan969" xlink:href="#sTok90"/>
		<!--ⲛⲁⲓ-->
		<mark id="sSpan970" xlink:href="#sTok219"/>
		<!--ⲛ-->
		<mark id="sSpan971" xlink:href="#sTok294"/>
		<!--ⲓⲁⲕⲱⲃ-->
		<mark id="sSpan972" xlink:href="#sTok40"/>
		<!--ⲕⲱϩ-->
		<mark id="sSpan973" xlink:href="#sTok15"/>
		<!--ⲙ ⲡⲉⲓ ϣⲁϫⲉ-->
		<mark id="sSpan974" xlink:href="#sTok223 #sTok224 #sTok225"/>
		<!--ⲛⲉ ⲩ ϣⲟⲟⲡ-->
		<mark id="sSpan975" xlink:href="#sTok156 #sTok157 #sTok158"/>
		<!--ϩⲱ-->
		<mark id="sSpan976" xlink:href="#sTok185"/>
		<!--ⲉⲃⲟⲗ-->
		<mark id="sSpan977" xlink:href="#sTok164"/>
		<!--ⲉ-->
		<mark id="sSpan978" xlink:href="#sTok16"/>
		<!--ϯ ⲛⲁ ϩⲁⲣⲉϩ-->
		<mark id="sSpan979" xlink:href="#sTok234 #sTok235 #sTok236"/>
		<!--ⲧⲁⲙⲓⲉ-->
		<mark id="sSpan980" xlink:href="#sTok189"/>
		<!--ⲛ ⲛⲉⲕ ⲉⲥⲟⲟⲩ-->
		<mark id="sSpan981" xlink:href="#sTok230 #sTok231 #sTok232"/>
		<!--ⲛⲉ-->
		<mark id="sSpan982" xlink:href="#sTok156"/>
		<!--ⲛ ϩⲏⲧ ⲕ-->
		<mark id="sSpan983" xlink:href="#sTok30 #sTok31 #sTok32"/>
		<!--ⲉⲣⲟ ⲕ-->
		<mark id="sSpan984" xlink:href="#sTok176 #sTok177"/>
		<!--ⲃⲁⲗⲗⲁ-->
		<mark id="sSpan985" xlink:href="#sTok74"/>
		<!--ⲗⲓⲁ-->
		<mark id="sSpan986" xlink:href="#sTok17"/>
		<!--ⲟⲩ ϣⲏⲣⲉ-->
		<mark id="sSpan987" xlink:href="#sTok89 #sTok90"/>
		<!--ⲉⲧ ⲛⲙⲙⲁ ⲓ-->
		<mark id="sSpan988" xlink:href="#sTok150 #sTok151 #sTok152"/>
		<!--ⲙⲡⲉ ⲥ ϫⲡⲉ-->
		<mark id="sSpan989" xlink:href="#sTok7 #sTok8 #sTok9"/>
		<!--ⲟⲛ-->
		<mark id="sSpan990" xlink:href="#sTok229"/>
		<!--ⲁ ⲓⲁⲕⲱⲃ-->
		<mark id="sSpan991" xlink:href="#sTok108 #sTok109"/>
		<!--ⲡ-->
		<mark id="sSpan992" xlink:href="#sTok297"/>
		<!--ⲛ-->
		<mark id="sSpan993" xlink:href="#sTok102"/>
		<!--ⲇⲉ-->
		<mark id="sSpan994" xlink:href="#sTok3"/>
		<!--ϥ-->
		<mark id="sSpan995" xlink:href="#sTok307"/>
		<!--ⲏⲓ-->
		<mark id="sSpan996" xlink:href="#sTok191"/>
		<!--ⲣ ⲣⲙⲙⲁⲟ-->
		<mark id="sSpan997" xlink:href="#sTok299 #sTok300"/>
		<!--ϩⲱ-->
		<mark id="sSpan998" xlink:href="#sTok185"/>
		<!--ⲧⲉⲥ ⲥⲱⲛⲉ-->
		<mark id="sSpan999" xlink:href="#sTok18 #sTok19"/>
		<!--ⲁⲩⲱ-->
		<mark id="sSpan1000" xlink:href="#sTok302"/>
		<!--ⲙⲉ-->
		<mark id="sSpan1001" xlink:href="#sTok280"/>
		<!--ⲛⲁⲓ-->
		<mark id="sSpan1002" xlink:href="#sTok91"/>
		<!--ϩⲙϩⲁⲗ-->
		<mark id="sSpan1003" xlink:href="#sTok319"/>
		<!--ⲛ ϭⲉⲣⲟⲟⲃ-->
		<mark id="sSpan1004" xlink:href="#sTok272 #sTok273"/>
		<!--ⲕ-->
		<mark id="sSpan1005" xlink:href="#sTok143"/>
		<!--ϣⲁⲣⲟ ⲕ-->
		<mark id="sSpan1006" xlink:href="#sTok181 #sTok182"/>
		<!--ⲥⲙⲟⲩ-->
		<mark id="sSpan1007" xlink:href="#sTok175"/>
		<!--ⲧⲉⲛⲟⲩ-->
		<mark id="sSpan1008" xlink:href="#sTok183"/>
		<!--ⲇⲉ-->
		<mark id="sSpan1009" xlink:href="#sTok3"/>
		<!--ⲟⲩ-->
		<mark id="sSpan1010" xlink:href="#sTok243"/>
		<!--ⲛ ⲓⲁⲕⲱⲃ-->
		<mark id="sSpan1011" xlink:href="#sTok22 #sTok23"/>
		<!--ⲁⲧ-->
		<mark id="sSpan1012" xlink:href="#sTok87"/>
		<!--ⲛⲁ-->
		<mark id="sSpan1013" xlink:href="#sTok210"/>
		<!--ϯ ⲛⲁ ⲙⲟⲟⲛⲉ-->
		<mark id="sSpan1014" xlink:href="#sTok226 #sTok227 #sTok228"/>
		<!--ⲛⲁⲓ-->
		<mark id="sSpan1015" xlink:href="#sTok192"/>
		<!--ϥ-->
		<mark id="sSpan1016" xlink:href="#sTok125"/>
		<!--ⲛⲁ-->
		<mark id="sSpan1017" xlink:href="#sTok119"/>
		<!--ⲧ ⲁⲡⲥ-->
		<mark id="sSpan1018" xlink:href="#sTok145 #sTok146"/>
		<!--ⲛ-->
		<mark id="sSpan1019" xlink:href="#sTok240"/>
		<!--ⲉⲃⲟⲗ-->
		<mark id="sSpan1020" xlink:href="#sTok245"/>
		<!--ϫⲉ-->
		<mark id="sSpan1021" xlink:href="#sTok200"/>
		<!--ⲛ ϩⲏⲧ-->
		<mark id="sSpan1022" xlink:href="#sTok94 #sTok95"/>
		<!--ⲡ-->
		<mark id="sSpan1023" xlink:href="#sTok51"/>
		<!--ϭⲁⲙⲟⲩⲗ-->
		<mark id="sSpan1024" xlink:href="#sTok329"/>
		<!--ⲁ ⲡ ⲛⲟⲩⲧⲉ-->
		<mark id="sSpan1025" xlink:href="#sTok172 #sTok173 #sTok174"/>
		<!--ⲉⲃⲟⲗ-->
		<mark id="sSpan1026" xlink:href="#sTok245"/>
		<!--ⲛ-->
		<mark id="sSpan1027" xlink:href="#sTok147"/>
		<!--ⲡⲉϫⲉ-->
		<mark id="sSpan1028" xlink:href="#sTok196"/>
		<!--ⲗⲁⲃⲁⲛ-->
		<mark id="sSpan1029" xlink:href="#sTok287"/>
		<!--ⲛⲁⲓ-->
		<mark id="sSpan1030" xlink:href="#sTok26"/>
		<!--ⲛⲁ ⲕ-->
		<mark id="sSpan1031" xlink:href="#sTok119 #sTok120"/>
		<!--ⲧⲁⲕⲁ-->
		<mark id="sSpan1032" xlink:href="#sTok88"/>
		<!--ⲙⲡⲉ-->
		<mark id="sSpan1033" xlink:href="#sTok7"/>
		<!--ϫⲉ-->
		<mark id="sSpan1034" xlink:href="#sTok200"/>
		<!--ⲧⲉⲥ-->
		<mark id="sSpan1035" xlink:href="#sTok18"/></markList></paula>