<?xml version='1.0' encoding='UTF-8'?><!DOCTYPE paula SYSTEM "paula_rel.dtd">
<paula version="1.1">
	<header paula_id="scriptorium.on_vigilance.head"/>
	<relList xmlns:xlink="http://www.w3.org/1999/xlink" type="head">
		<rel id="sPointingRel3001" xlink:href="scriptorium.on_vigilance.mark.xml#sSpan4711" target="scriptorium.on_vigilance.mark.xml#sSpan4709"/>
		<rel id="sPointingRel3003" xlink:href="scriptorium.on_vigilance.mark.xml#sSpan2064" target="scriptorium.on_vigilance.mark.xml#sSpan2066"/>
		<rel id="sPointingRel3005" xlink:href="scriptorium.on_vigilance.mark.xml#sSpan1374" target="scriptorium.on_vigilance.mark.xml#sSpan1376"/>
		<rel id="sPointingRel3007" xlink:href="scriptorium.on_vigilance.mark.xml#sSpan5384" target="scriptorium.on_vigilance.mark.xml#sSpan5385"/>
		<rel id="sPointingRel3009" xlink:href="scriptorium.on_vigilance.mark.xml#sSpan604" target="scriptorium.on_vigilance.mark.xml#sSpan600"/>
		<rel id="sPointingRel3011" xlink:href="scriptorium.on_vigilance.mark.xml#sSpan3639" target="scriptorium.on_vigilance.mark.xml#sSpan3645"/>
		<rel id="sPointingRel3013" xlink:href="scriptorium.on_vigilance.mark.xml#sSpan4722" target="scriptorium.on_vigilance.mark.xml#sSpan4720"/>
		<rel id="sPointingRel3015" xlink:href="scriptorium.on_vigilance.mark.xml#sSpan3321" target="scriptorium.on_vigilance.mark.xml#sSpan3322"/>
		<rel id="sPointingRel3017" xlink:href="scriptorium.on_vigilance.mark.xml#sSpan1716" target="scriptorium.on_vigilance.mark.xml#sSpan1717"/>
		<rel id="sPointingRel3019" xlink:href="scriptorium.on_vigilance.mark.xml#sSpan142" target="scriptorium.on_vigilance.mark.xml#sSpan143"/>
		<rel id="sPointingRel3021" xlink:href="scriptorium.on_vigilance.mark.xml#sSpan2647" target="scriptorium.on_vigilance.mark.xml#sSpan2648"/>
		<rel id="sPointingRel3023" xlink:href="scriptorium.on_vigilance.mark.xml#sSpan5497" target="scriptorium.on_vigilance.mark.xml#sSpan5495"/>
		<rel id="sPointingRel3025" xlink:href="scriptorium.on_vigilance.mark.xml#sSpan558" target="scriptorium.on_vigilance.mark.xml#sSpan556"/>
		<rel id="sPointingRel3027" xlink:href="scriptorium.on_vigilance.mark.xml#sSpan4414" target="scriptorium.on_vigilance.mark.xml#sSpan4415"/>
		<rel id="sPointingRel3029" xlink:href="scriptorium.on_vigilance.mark.xml#sSpan5086" target="scriptorium.on_vigilance.mark.xml#sSpan5082"/>
		<rel id="sPointingRel3031" xlink:href="scriptorium.on_vigilance.mark.xml#sSpan540" target="scriptorium.on_vigilance.mark.xml#sSpan541"/>
		<rel id="sPointingRel3033" xlink:href="scriptorium.on_vigilance.mark.xml#sSpan4615" target="scriptorium.on_vigilance.mark.xml#sSpan4616"/>
		<rel id="sPointingRel3035" xlink:href="scriptorium.on_vigilance.mark.xml#sSpan5261" target="scriptorium.on_vigilance.mark.xml#sSpan5263"/>
		<rel id="sPointingRel3037" xlink:href="scriptorium.on_vigilance.mark.xml#sSpan2770" target="scriptorium.on_vigilance.mark.xml#sSpan2766"/>
		<rel id="sPointingRel3039" xlink:href="scriptorium.on_vigilance.mark.xml#sSpan152" target="scriptorium.on_vigilance.mark.xml#sSpan154"/>
		<rel id="sPointingRel3041" xlink:href="scriptorium.on_vigilance.mark.xml#sSpan5068" target="scriptorium.on_vigilance.mark.xml#sSpan5070"/>
		<rel id="sPointingRel3043" xlink:href="scriptorium.on_vigilance.mark.xml#sSpan392" target="scriptorium.on_vigilance.mark.xml#sSpan394"/>
		<rel id="sPointingRel3045" xlink:href="scriptorium.on_vigilance.mark.xml#sSpan2103" target="scriptorium.on_vigilance.mark.xml#sSpan2107"/>
		<rel id="sPointingRel3047" xlink:href="scriptorium.on_vigilance.mark.xml#sSpan3569" target="scriptorium.on_vigilance.mark.xml#sSpan3576"/>
		<rel id="sPointingRel3049" xlink:href="scriptorium.on_vigilance.mark.xml#sSpan2575" target="scriptorium.on_vigilance.mark.xml#sSpan2579"/>
		<rel id="sPointingRel3051" xlink:href="scriptorium.on_vigilance.mark.xml#sSpan2928" target="scriptorium.on_vigilance.mark.xml#sSpan2926"/>
		<rel id="sPointingRel3053" xlink:href="scriptorium.on_vigilance.mark.xml#sSpan5172" target="scriptorium.on_vigilance.mark.xml#sSpan5173"/>
		<rel id="sPointingRel3055" xlink:href="scriptorium.on_vigilance.mark.xml#sSpan4922" target="scriptorium.on_vigilance.mark.xml#sSpan4923"/>
		<rel id="sPointingRel3057" xlink:href="scriptorium.on_vigilance.mark.xml#sSpan1391" target="scriptorium.on_vigilance.mark.xml#sSpan1392"/>
		<rel id="sPointingRel3059" xlink:href="scriptorium.on_vigilance.mark.xml#sSpan2380" target="scriptorium.on_vigilance.mark.xml#sSpan2381"/>
		<rel id="sPointingRel3061" xlink:href="scriptorium.on_vigilance.mark.xml#sSpan1417" target="scriptorium.on_vigilance.mark.xml#sSpan1415"/>
		<rel id="sPointingRel3063" xlink:href="scriptorium.on_vigilance.mark.xml#sSpan4597" target="scriptorium.on_vigilance.mark.xml#sSpan4592"/>
		<rel id="sPointingRel3065" xlink:href="scriptorium.on_vigilance.mark.xml#sSpan2390" target="scriptorium.on_vigilance.mark.xml#sSpan2392"/>
		<rel id="sPointingRel3067" xlink:href="scriptorium.on_vigilance.mark.xml#sSpan1504" target="scriptorium.on_vigilance.mark.xml#sSpan1501"/>
		<rel id="sPointingRel3069" xlink:href="scriptorium.on_vigilance.mark.xml#sSpan2627" target="scriptorium.on_vigilance.mark.xml#sSpan2628"/>
		<rel id="sPointingRel3071" xlink:href="scriptorium.on_vigilance.mark.xml#sSpan2205" target="scriptorium.on_vigilance.mark.xml#sSpan2206"/>
		<rel id="sPointingRel3073" xlink:href="scriptorium.on_vigilance.mark.xml#sSpan1156" target="scriptorium.on_vigilance.mark.xml#sSpan1159"/>
		<rel id="sPointingRel3075" xlink:href="scriptorium.on_vigilance.mark.xml#sSpan1524" target="scriptorium.on_vigilance.mark.xml#sSpan1527"/>
		<rel id="sPointingRel3077" xlink:href="scriptorium.on_vigilance.mark.xml#sSpan871" target="scriptorium.on_vigilance.mark.xml#sSpan873"/>
		<rel id="sPointingRel3079" xlink:href="scriptorium.on_vigilance.mark.xml#sSpan1223" target="scriptorium.on_vigilance.mark.xml#sSpan1224"/>
		<rel id="sPointingRel3081" xlink:href="scriptorium.on_vigilance.mark.xml#sSpan3006" target="scriptorium.on_vigilance.mark.xml#sSpan3007"/>
		<rel id="sPointingRel3083" xlink:href="scriptorium.on_vigilance.mark.xml#sSpan2368" target="scriptorium.on_vigilance.mark.xml#sSpan2371"/>
		<rel id="sPointingRel3085" xlink:href="scriptorium.on_vigilance.mark.xml#sSpan2839" target="scriptorium.on_vigilance.mark.xml#sSpan2836"/>
		<rel id="sPointingRel3087" xlink:href="scriptorium.on_vigilance.mark.xml#sSpan5735" target="scriptorium.on_vigilance.mark.xml#sSpan5733"/>
		<rel id="sPointingRel3089" xlink:href="scriptorium.on_vigilance.mark.xml#sSpan4788" target="scriptorium.on_vigilance.mark.xml#sSpan4789"/>
		<rel id="sPointingRel3091" xlink:href="scriptorium.on_vigilance.mark.xml#sSpan1095" target="scriptorium.on_vigilance.mark.xml#sSpan1096"/>
		<rel id="sPointingRel3093" xlink:href="scriptorium.on_vigilance.mark.xml#sSpan3506" target="scriptorium.on_vigilance.mark.xml#sSpan3504"/>
		<rel id="sPointingRel3095" xlink:href="scriptorium.on_vigilance.mark.xml#sSpan4109" target="scriptorium.on_vigilance.mark.xml#sSpan4110"/>
		<rel id="sPointingRel3097" xlink:href="scriptorium.on_vigilance.mark.xml#sSpan410" target="scriptorium.on_vigilance.mark.xml#sSpan411"/>
		<rel id="sPointingRel3099" xlink:href="scriptorium.on_vigilance.mark.xml#sSpan5407" target="scriptorium.on_vigilance.mark.xml#sSpan5414"/>
		<rel id="sPointingRel3101" xlink:href="scriptorium.on_vigilance.mark.xml#sSpan3560" target="scriptorium.on_vigilance.mark.xml#sSpan3561"/>
		<rel id="sPointingRel3103" xlink:href="scriptorium.on_vigilance.mark.xml#sSpan4440" target="scriptorium.on_vigilance.mark.xml#sSpan4441"/>
		<rel id="sPointingRel3105" xlink:href="scriptorium.on_vigilance.mark.xml#sSpan2999" target="scriptorium.on_vigilance.mark.xml#sSpan2997"/>
		<rel id="sPointingRel3107" xlink:href="scriptorium.on_vigilance.mark.xml#sSpan422" target="scriptorium.on_vigilance.mark.xml#sSpan420"/>
		<rel id="sPointingRel3109" xlink:href="scriptorium.on_vigilance.mark.xml#sSpan303" target="scriptorium.on_vigilance.mark.xml#sSpan301"/>
		<rel id="sPointingRel3111" xlink:href="scriptorium.on_vigilance.mark.xml#sSpan1314" target="scriptorium.on_vigilance.mark.xml#sSpan1316"/>
		<rel id="sPointingRel3113" xlink:href="scriptorium.on_vigilance.mark.xml#sSpan2417" target="scriptorium.on_vigilance.mark.xml#sSpan2419"/>
		<rel id="sPointingRel3115" xlink:href="scriptorium.on_vigilance.mark.xml#sSpan3793" target="scriptorium.on_vigilance.mark.xml#sSpan3791"/>
		<rel id="sPointingRel3117" xlink:href="scriptorium.on_vigilance.mark.xml#sSpan854" target="scriptorium.on_vigilance.mark.xml#sSpan855"/>
		<rel id="sPointingRel3119" xlink:href="scriptorium.on_vigilance.mark.xml#sSpan5135" target="scriptorium.on_vigilance.mark.xml#sSpan5137"/>
		<rel id="sPointingRel3121" xlink:href="scriptorium.on_vigilance.mark.xml#sSpan1596" target="scriptorium.on_vigilance.mark.xml#sSpan1594"/>
		<rel id="sPointingRel3123" xlink:href="scriptorium.on_vigilance.mark.xml#sSpan2274" target="scriptorium.on_vigilance.mark.xml#sSpan2276"/>
		<rel id="sPointingRel3125" xlink:href="scriptorium.on_vigilance.mark.xml#sSpan277" target="scriptorium.on_vigilance.mark.xml#sSpan278"/>
		<rel id="sPointingRel3127" xlink:href="scriptorium.on_vigilance.mark.xml#sSpan2877" target="scriptorium.on_vigilance.mark.xml#sSpan2875"/>
		<rel id="sPointingRel3129" xlink:href="scriptorium.on_vigilance.mark.xml#sSpan5037" target="scriptorium.on_vigilance.mark.xml#sSpan5038"/>
		<rel id="sPointingRel3131" xlink:href="scriptorium.on_vigilance.mark.xml#sSpan968" target="scriptorium.on_vigilance.mark.xml#sSpan970"/>
		<rel id="sPointingRel3133" xlink:href="scriptorium.on_vigilance.mark.xml#sSpan3414" target="scriptorium.on_vigilance.mark.xml#sSpan3418"/>
		<rel id="sPointingRel3135" xlink:href="scriptorium.on_vigilance.mark.xml#sSpan501" target="scriptorium.on_vigilance.mark.xml#sSpan502"/>
		<rel id="sPointingRel3137" xlink:href="scriptorium.on_vigilance.mark.xml#sSpan2938" target="scriptorium.on_vigilance.mark.xml#sSpan2942"/>
		<rel id="sPointingRel3139" xlink:href="scriptorium.on_vigilance.mark.xml#sSpan2758" target="scriptorium.on_vigilance.mark.xml#sSpan2759"/>
		<rel id="sPointingRel3141" xlink:href="scriptorium.on_vigilance.mark.xml#sSpan4490" target="scriptorium.on_vigilance.mark.xml#sSpan4488"/>
		<rel id="sPointingRel3143" xlink:href="scriptorium.on_vigilance.mark.xml#sSpan2494" target="scriptorium.on_vigilance.mark.xml#sSpan2496"/>
		<rel id="sPointingRel3145" xlink:href="scriptorium.on_vigilance.mark.xml#sSpan5458" target="scriptorium.on_vigilance.mark.xml#sSpan5460"/>
		<rel id="sPointingRel3147" xlink:href="scriptorium.on_vigilance.mark.xml#sSpan2157" target="scriptorium.on_vigilance.mark.xml#sSpan2160"/>
		<rel id="sPointingRel3149" xlink:href="scriptorium.on_vigilance.mark.xml#sSpan1817" target="scriptorium.on_vigilance.mark.xml#sSpan1815"/>
		<rel id="sPointingRel3151" xlink:href="scriptorium.on_vigilance.mark.xml#sSpan2434" target="scriptorium.on_vigilance.mark.xml#sSpan2432"/>
		<rel id="sPointingRel3153" xlink:href="scriptorium.on_vigilance.mark.xml#sSpan1364" target="scriptorium.on_vigilance.mark.xml#sSpan1365"/>
		<rel id="sPointingRel3155" xlink:href="scriptorium.on_vigilance.mark.xml#sSpan3222" target="scriptorium.on_vigilance.mark.xml#sSpan3220"/>
		<rel id="sPointingRel3157" xlink:href="scriptorium.on_vigilance.mark.xml#sSpan3393" target="scriptorium.on_vigilance.mark.xml#sSpan3394"/>
		<rel id="sPointingRel3159" xlink:href="scriptorium.on_vigilance.mark.xml#sSpan5250" target="scriptorium.on_vigilance.mark.xml#sSpan5252"/>
		<rel id="sPointingRel3161" xlink:href="scriptorium.on_vigilance.mark.xml#sSpan529" target="scriptorium.on_vigilance.mark.xml#sSpan531"/>
		<rel id="sPointingRel3163" xlink:href="scriptorium.on_vigilance.mark.xml#sSpan2089" target="scriptorium.on_vigilance.mark.xml#sSpan2094"/>
		<rel id="sPointingRel3165" xlink:href="scriptorium.on_vigilance.mark.xml#sSpan3023" target="scriptorium.on_vigilance.mark.xml#sSpan3024"/>
		<rel id="sPointingRel3167" xlink:href="scriptorium.on_vigilance.mark.xml#sSpan2529" target="scriptorium.on_vigilance.mark.xml#sSpan2532"/>
		<rel id="sPointingRel3169" xlink:href="scriptorium.on_vigilance.mark.xml#sSpan5556" target="scriptorium.on_vigilance.mark.xml#sSpan5554"/>
		<rel id="sPointingRel3171" xlink:href="scriptorium.on_vigilance.mark.xml#sSpan2195" target="scriptorium.on_vigilance.mark.xml#sSpan2196"/>
		<rel id="sPointingRel3173" xlink:href="scriptorium.on_vigilance.mark.xml#sSpan3212" target="scriptorium.on_vigilance.mark.xml#sSpan3213"/>
		<rel id="sPointingRel3175" xlink:href="scriptorium.on_vigilance.mark.xml#sSpan3970" target="scriptorium.on_vigilance.mark.xml#sSpan3968"/>
		<rel id="sPointingRel3177" xlink:href="scriptorium.on_vigilance.mark.xml#sSpan2144" target="scriptorium.on_vigilance.mark.xml#sSpan2148"/>
		<rel id="sPointingRel3179" xlink:href="scriptorium.on_vigilance.mark.xml#sSpan5340" target="scriptorium.on_vigilance.mark.xml#sSpan5341"/>
		<rel id="sPointingRel3181" xlink:href="scriptorium.on_vigilance.mark.xml#sSpan3660" target="scriptorium.on_vigilance.mark.xml#sSpan3662"/>
		<rel id="sPointingRel3183" xlink:href="scriptorium.on_vigilance.mark.xml#sSpan1703" target="scriptorium.on_vigilance.mark.xml#sSpan1705"/>
		<rel id="sPointingRel3185" xlink:href="scriptorium.on_vigilance.mark.xml#sSpan4294" target="scriptorium.on_vigilance.mark.xml#sSpan4295"/>
		<rel id="sPointingRel3187" xlink:href="scriptorium.on_vigilance.mark.xml#sSpan2599" target="scriptorium.on_vigilance.mark.xml#sSpan2600"/>
		<rel id="sPointingRel3189" xlink:href="scriptorium.on_vigilance.mark.xml#sSpan4966" target="scriptorium.on_vigilance.mark.xml#sSpan4968"/>
		<rel id="sPointingRel3191" xlink:href="scriptorium.on_vigilance.mark.xml#sSpan5715" target="scriptorium.on_vigilance.mark.xml#sSpan5718"/>
		<rel id="sPointingRel3193" xlink:href="scriptorium.on_vigilance.mark.xml#sSpan3801" target="scriptorium.on_vigilance.mark.xml#sSpan3802"/>
		<rel id="sPointingRel3195" xlink:href="scriptorium.on_vigilance.mark.xml#sSpan1659" target="scriptorium.on_vigilance.mark.xml#sSpan1657"/>
		<rel id="sPointingRel3197" xlink:href="scriptorium.on_vigilance.mark.xml#sSpan1751" target="scriptorium.on_vigilance.mark.xml#sSpan1754"/>
		<rel id="sPointingRel3199" xlink:href="scriptorium.on_vigilance.mark.xml#sSpan5282" target="scriptorium.on_vigilance.mark.xml#sSpan5283"/>
		<rel id="sPointingRel3201" xlink:href="scriptorium.on_vigilance.mark.xml#sSpan452" target="scriptorium.on_vigilance.mark.xml#sSpan454"/>
		<rel id="sPointingRel3203" xlink:href="scriptorium.on_vigilance.mark.xml#sSpan1185" target="scriptorium.on_vigilance.mark.xml#sSpan1186"/>
		<rel id="sPointingRel3205" xlink:href="scriptorium.on_vigilance.mark.xml#sSpan2118" target="scriptorium.on_vigilance.mark.xml#sSpan2122"/>
		<rel id="sPointingRel3207" xlink:href="scriptorium.on_vigilance.mark.xml#sSpan3846" target="scriptorium.on_vigilance.mark.xml#sSpan3847"/>
		<rel id="sPointingRel3209" xlink:href="scriptorium.on_vigilance.mark.xml#sSpan4449" target="scriptorium.on_vigilance.mark.xml#sSpan4451"/>
		<rel id="sPointingRel3211" xlink:href="scriptorium.on_vigilance.mark.xml#sSpan3701" target="scriptorium.on_vigilance.mark.xml#sSpan3699"/>
		<rel id="sPointingRel3213" xlink:href="scriptorium.on_vigilance.mark.xml#sSpan2689" target="scriptorium.on_vigilance.mark.xml#sSpan2693"/>
		<rel id="sPointingRel3215" xlink:href="scriptorium.on_vigilance.mark.xml#sSpan2800" target="scriptorium.on_vigilance.mark.xml#sSpan2802"/>
		<rel id="sPointingRel3217" xlink:href="scriptorium.on_vigilance.mark.xml#sSpan4557" target="scriptorium.on_vigilance.mark.xml#sSpan4555"/>
		<rel id="sPointingRel3219" xlink:href="scriptorium.on_vigilance.mark.xml#sSpan5534" target="scriptorium.on_vigilance.mark.xml#sSpan5532"/>
		<rel id="sPointingRel3221" xlink:href="scriptorium.on_vigilance.mark.xml#sSpan690" target="scriptorium.on_vigilance.mark.xml#sSpan688"/>
		<rel id="sPointingRel3223" xlink:href="scriptorium.on_vigilance.mark.xml#sSpan3034" target="scriptorium.on_vigilance.mark.xml#sSpan3036"/>
		<rel id="sPointingRel3225" xlink:href="scriptorium.on_vigilance.mark.xml#sSpan3940" target="scriptorium.on_vigilance.mark.xml#sSpan3941"/>
		<rel id="sPointingRel3227" xlink:href="scriptorium.on_vigilance.mark.xml#sSpan2486" target="scriptorium.on_vigilance.mark.xml#sSpan2484"/>
		<rel id="sPointingRel3229" xlink:href="scriptorium.on_vigilance.mark.xml#sSpan2884" target="scriptorium.on_vigilance.mark.xml#sSpan2882"/>
		<rel id="sPointingRel3231" xlink:href="scriptorium.on_vigilance.mark.xml#sSpan5107" target="scriptorium.on_vigilance.mark.xml#sSpan5109"/>
		<rel id="sPointingRel3233" xlink:href="scriptorium.on_vigilance.mark.xml#sSpan1782" target="scriptorium.on_vigilance.mark.xml#sSpan1780"/>
		<rel id="sPointingRel3235" xlink:href="scriptorium.on_vigilance.mark.xml#sSpan2004" target="scriptorium.on_vigilance.mark.xml#sSpan2006"/>
		<rel id="sPointingRel3237" xlink:href="scriptorium.on_vigilance.mark.xml#sSpan1477" target="scriptorium.on_vigilance.mark.xml#sSpan1479"/>
		<rel id="sPointingRel3239" xlink:href="scriptorium.on_vigilance.mark.xml#sSpan5774" target="scriptorium.on_vigilance.mark.xml#sSpan5775"/>
		<rel id="sPointingRel3241" xlink:href="scriptorium.on_vigilance.mark.xml#sSpan1172" target="scriptorium.on_vigilance.mark.xml#sSpan1175"/>
		<rel id="sPointingRel3243" xlink:href="scriptorium.on_vigilance.mark.xml#sSpan4848" target="scriptorium.on_vigilance.mark.xml#sSpan4846"/>
		<rel id="sPointingRel3245" xlink:href="scriptorium.on_vigilance.mark.xml#sSpan3957" target="scriptorium.on_vigilance.mark.xml#sSpan3958"/>
		<rel id="sPointingRel3247" xlink:href="scriptorium.on_vigilance.mark.xml#sSpan1283" target="scriptorium.on_vigilance.mark.xml#sSpan1285"/>
		<rel id="sPointingRel3249" xlink:href="scriptorium.on_vigilance.mark.xml#sSpan3341" target="scriptorium.on_vigilance.mark.xml#sSpan3343"/>
		<rel id="sPointingRel3251" xlink:href="scriptorium.on_vigilance.mark.xml#sSpan3754" target="scriptorium.on_vigilance.mark.xml#sSpan3756"/>
		<rel id="sPointingRel3253" xlink:href="scriptorium.on_vigilance.mark.xml#sSpan5394" target="scriptorium.on_vigilance.mark.xml#sSpan5396"/>
		<rel id="sPointingRel3255" xlink:href="scriptorium.on_vigilance.mark.xml#sSpan1254" target="scriptorium.on_vigilance.mark.xml#sSpan1252"/>
		<rel id="sPointingRel3257" xlink:href="scriptorium.on_vigilance.mark.xml#sSpan2252" target="scriptorium.on_vigilance.mark.xml#sSpan2254"/>
		<rel id="sPointingRel3259" xlink:href="scriptorium.on_vigilance.mark.xml#sSpan1986" target="scriptorium.on_vigilance.mark.xml#sSpan1983"/>
		<rel id="sPointingRel3261" xlink:href="scriptorium.on_vigilance.mark.xml#sSpan1199" target="scriptorium.on_vigilance.mark.xml#sSpan1201"/>
		<rel id="sPointingRel3263" xlink:href="scriptorium.on_vigilance.mark.xml#sSpan114" target="scriptorium.on_vigilance.mark.xml#sSpan112"/>
		<rel id="sPointingRel3265" xlink:href="scriptorium.on_vigilance.mark.xml#sSpan4860" target="scriptorium.on_vigilance.mark.xml#sSpan4861"/>
		<rel id="sPointingRel3267" xlink:href="scriptorium.on_vigilance.mark.xml#sSpan5161" target="scriptorium.on_vigilance.mark.xml#sSpan5163"/>
		<rel id="sPointingRel3269" xlink:href="scriptorium.on_vigilance.mark.xml#sSpan4992" target="scriptorium.on_vigilance.mark.xml#sSpan4994"/>
		<rel id="sPointingRel3271" xlink:href="scriptorium.on_vigilance.mark.xml#sSpan2545" target="scriptorium.on_vigilance.mark.xml#sSpan2548"/>
		<rel id="sPointingRel3273" xlink:href="scriptorium.on_vigilance.mark.xml#sSpan5687" target="scriptorium.on_vigilance.mark.xml#sSpan5685"/>
		<rel id="sPointingRel3275" xlink:href="scriptorium.on_vigilance.mark.xml#sSpan4876" target="scriptorium.on_vigilance.mark.xml#sSpan4874"/>
		<rel id="sPointingRel3277" xlink:href="scriptorium.on_vigilance.mark.xml#sSpan1939" target="scriptorium.on_vigilance.mark.xml#sSpan1940"/>
		<rel id="sPointingRel3279" xlink:href="scriptorium.on_vigilance.mark.xml#sSpan751" target="scriptorium.on_vigilance.mark.xml#sSpan746"/>
		<rel id="sPointingRel3281" xlink:href="scriptorium.on_vigilance.mark.xml#sSpan1567" target="scriptorium.on_vigilance.mark.xml#sSpan1568"/>
		<rel id="sPointingRel3283" xlink:href="scriptorium.on_vigilance.mark.xml#sSpan2750" target="scriptorium.on_vigilance.mark.xml#sSpan2748"/>
		<rel id="sPointingRel3285" xlink:href="scriptorium.on_vigilance.mark.xml#sSpan1727" target="scriptorium.on_vigilance.mark.xml#sSpan1725"/>
		<rel id="sPointingRel3287" xlink:href="scriptorium.on_vigilance.mark.xml#sSpan4382" target="scriptorium.on_vigilance.mark.xml#sSpan4383"/>
		<rel id="sPointingRel3289" xlink:href="scriptorium.on_vigilance.mark.xml#sSpan331" target="scriptorium.on_vigilance.mark.xml#sSpan329"/>
		<rel id="sPointingRel3291" xlink:href="scriptorium.on_vigilance.mark.xml#sSpan645" target="scriptorium.on_vigilance.mark.xml#sSpan648"/>
		<rel id="sPointingRel3293" xlink:href="scriptorium.on_vigilance.mark.xml#sSpan3733" target="scriptorium.on_vigilance.mark.xml#sSpan3731"/>
		<rel id="sPointingRel3295" xlink:href="scriptorium.on_vigilance.mark.xml#sSpan5701" target="scriptorium.on_vigilance.mark.xml#sSpan5702"/>
		<rel id="sPointingRel3297" xlink:href="scriptorium.on_vigilance.mark.xml#sSpan1242" target="scriptorium.on_vigilance.mark.xml#sSpan1240"/>
		<rel id="sPointingRel3299" xlink:href="scriptorium.on_vigilance.mark.xml#sSpan4586" target="scriptorium.on_vigilance.mark.xml#sSpan4589"/>
		<rel id="sPointingRel3301" xlink:href="scriptorium.on_vigilance.mark.xml#sSpan1681" target="scriptorium.on_vigilance.mark.xml#sSpan1684"/>
		<rel id="sPointingRel3303" xlink:href="scriptorium.on_vigilance.mark.xml#sSpan2131" target="scriptorium.on_vigilance.mark.xml#sSpan2135"/>
		<rel id="sPointingRel3305" xlink:href="scriptorium.on_vigilance.mark.xml#sSpan1576" target="scriptorium.on_vigilance.mark.xml#sSpan1581"/>
		<rel id="sPointingRel3307" xlink:href="scriptorium.on_vigilance.mark.xml#sSpan439" target="scriptorium.on_vigilance.mark.xml#sSpan441"/>
		<rel id="sPointingRel3309" xlink:href="scriptorium.on_vigilance.mark.xml#sSpan5296" target="scriptorium.on_vigilance.mark.xml#sSpan5297"/>
		<rel id="sPointingRel3311" xlink:href="scriptorium.on_vigilance.mark.xml#sSpan4646" target="scriptorium.on_vigilance.mark.xml#sSpan4647"/>
		<rel id="sPointingRel3313" xlink:href="scriptorium.on_vigilance.mark.xml#sSpan5324" target="scriptorium.on_vigilance.mark.xml#sSpan5326"/>
		<rel id="sPointingRel3315" xlink:href="scriptorium.on_vigilance.mark.xml#sSpan3621" target="scriptorium.on_vigilance.mark.xml#sSpan3619"/>
		<rel id="sPointingRel3317" xlink:href="scriptorium.on_vigilance.mark.xml#sSpan1897" target="scriptorium.on_vigilance.mark.xml#sSpan1898"/>
		<rel id="sPointingRel3319" xlink:href="scriptorium.on_vigilance.mark.xml#sSpan5544" target="scriptorium.on_vigilance.mark.xml#sSpan5542"/>
		<rel id="sPointingRel3321" xlink:href="scriptorium.on_vigilance.mark.xml#sSpan2867" target="scriptorium.on_vigilance.mark.xml#sSpan2868"/>
		<rel id="sPointingRel3323" xlink:href="scriptorium.on_vigilance.mark.xml#sSpan4250" target="scriptorium.on_vigilance.mark.xml#sSpan4253"/>
		<rel id="sPointingRel3325" xlink:href="scriptorium.on_vigilance.mark.xml#sSpan4315" target="scriptorium.on_vigilance.mark.xml#sSpan4313"/>
		<rel id="sPointingRel3327" xlink:href="scriptorium.on_vigilance.mark.xml#sSpan2226" target="scriptorium.on_vigilance.mark.xml#sSpan2220"/>
		<rel id="sPointingRel3329" xlink:href="scriptorium.on_vigilance.mark.xml#sSpan3880" target="scriptorium.on_vigilance.mark.xml#sSpan3881"/>
		<rel id="sPointingRel3331" xlink:href="scriptorium.on_vigilance.mark.xml#sSpan5641" target="scriptorium.on_vigilance.mark.xml#sSpan5639"/>
		<rel id="sPointingRel3333" xlink:href="scriptorium.on_vigilance.mark.xml#sSpan26" target="scriptorium.on_vigilance.mark.xml#sSpan28"/>
		<rel id="sPointingRel3335" xlink:href="scriptorium.on_vigilance.mark.xml#sSpan5572" target="scriptorium.on_vigilance.mark.xml#sSpan5574"/>
		<rel id="sPointingRel3337" xlink:href="scriptorium.on_vigilance.mark.xml#sSpan366" target="scriptorium.on_vigilance.mark.xml#sSpan361"/>
		<rel id="sPointingRel3339" xlink:href="scriptorium.on_vigilance.mark.xml#sSpan4955" target="scriptorium.on_vigilance.mark.xml#sSpan4956"/>
		<rel id="sPointingRel3341" xlink:href="scriptorium.on_vigilance.mark.xml#sSpan4696" target="scriptorium.on_vigilance.mark.xml#sSpan4694"/>
		<rel id="sPointingRel3343" xlink:href="scriptorium.on_vigilance.mark.xml#sSpan4816" target="scriptorium.on_vigilance.mark.xml#sSpan4817"/>
		<rel id="sPointingRel3345" xlink:href="scriptorium.on_vigilance.mark.xml#sSpan373" target="scriptorium.on_vigilance.mark.xml#sSpan374"/>
		<rel id="sPointingRel3347" xlink:href="scriptorium.on_vigilance.mark.xml#sSpan1671" target="scriptorium.on_vigilance.mark.xml#sSpan1673"/>
		<rel id="sPointingRel3349" xlink:href="scriptorium.on_vigilance.mark.xml#sSpan2846" target="scriptorium.on_vigilance.mark.xml#sSpan2844"/>
		<rel id="sPointingRel3351" xlink:href="scriptorium.on_vigilance.mark.xml#sSpan4063" target="scriptorium.on_vigilance.mark.xml#sSpan4064"/>
		<rel id="sPointingRel3353" xlink:href="scriptorium.on_vigilance.mark.xml#sSpan2637" target="scriptorium.on_vigilance.mark.xml#sSpan2638"/>
		<rel id="sPointingRel3355" xlink:href="scriptorium.on_vigilance.mark.xml#sSpan5310" target="scriptorium.on_vigilance.mark.xml#sSpan5311"/>
		<rel id="sPointingRel3357" xlink:href="scriptorium.on_vigilance.mark.xml#sSpan3436" target="scriptorium.on_vigilance.mark.xml#sSpan3434"/>
		<rel id="sPointingRel3359" xlink:href="scriptorium.on_vigilance.mark.xml#sSpan4579" target="scriptorium.on_vigilance.mark.xml#sSpan4577"/>
		<rel id="sPointingRel3361" xlink:href="scriptorium.on_vigilance.mark.xml#sSpan3089" target="scriptorium.on_vigilance.mark.xml#sSpan3087"/>
		<rel id="sPointingRel3363" xlink:href="scriptorium.on_vigilance.mark.xml#sSpan2082" target="scriptorium.on_vigilance.mark.xml#sSpan2085"/>
		<rel id="sPointingRel3365" xlink:href="scriptorium.on_vigilance.mark.xml#sSpan3921" target="scriptorium.on_vigilance.mark.xml#sSpan3923"/>
		<rel id="sPointingRel3367" xlink:href="scriptorium.on_vigilance.mark.xml#sSpan4830" target="scriptorium.on_vigilance.mark.xml#sSpan4831"/>
		<rel id="sPointingRel3369" xlink:href="scriptorium.on_vigilance.mark.xml#sSpan340" target="scriptorium.on_vigilance.mark.xml#sSpan341"/>
		<rel id="sPointingRel3371" xlink:href="scriptorium.on_vigilance.mark.xml#sSpan3360" target="scriptorium.on_vigilance.mark.xml#sSpan3358"/>
		<rel id="sPointingRel3373" xlink:href="scriptorium.on_vigilance.mark.xml#sSpan808" target="scriptorium.on_vigilance.mark.xml#sSpan806"/>
		<rel id="sPointingRel3375" xlink:href="scriptorium.on_vigilance.mark.xml#sSpan912" target="scriptorium.on_vigilance.mark.xml#sSpan914"/>
		<rel id="sPointingRel3377" xlink:href="scriptorium.on_vigilance.mark.xml#sSpan4685" target="scriptorium.on_vigilance.mark.xml#sSpan4683"/>
		<rel id="sPointingRel3379" xlink:href="scriptorium.on_vigilance.mark.xml#sSpan1692" target="scriptorium.on_vigilance.mark.xml#sSpan1694"/>
		<rel id="sPointingRel3381" xlink:href="scriptorium.on_vigilance.mark.xml#sSpan4204" target="scriptorium.on_vigilance.mark.xml#sSpan4202"/>
		<rel id="sPointingRel3383" xlink:href="scriptorium.on_vigilance.mark.xml#sSpan1630" target="scriptorium.on_vigilance.mark.xml#sSpan1633"/>
		<rel id="sPointingRel3385" xlink:href="scriptorium.on_vigilance.mark.xml#sSpan930" target="scriptorium.on_vigilance.mark.xml#sSpan931"/>
		<rel id="sPointingRel3387" xlink:href="scriptorium.on_vigilance.mark.xml#sSpan1325" target="scriptorium.on_vigilance.mark.xml#sSpan1326"/>
		<rel id="sPointingRel3389" xlink:href="scriptorium.on_vigilance.mark.xml#sSpan5433" target="scriptorium.on_vigilance.mark.xml#sSpan5434"/>
		<rel id="sPointingRel3391" xlink:href="scriptorium.on_vigilance.mark.xml#sSpan3290" target="scriptorium.on_vigilance.mark.xml#sSpan3287"/>
		<rel id="sPointingRel3393" xlink:href="scriptorium.on_vigilance.mark.xml#sSpan247" target="scriptorium.on_vigilance.mark.xml#sSpan245"/>
		<rel id="sPointingRel3395" xlink:href="scriptorium.on_vigilance.mark.xml#sSpan1146" target="scriptorium.on_vigilance.mark.xml#sSpan1148"/>
		<rel id="sPointingRel3397" xlink:href="scriptorium.on_vigilance.mark.xml#sSpan5670" target="scriptorium.on_vigilance.mark.xml#sSpan5668"/>
		<rel id="sPointingRel3399" xlink:href="scriptorium.on_vigilance.mark.xml#sSpan1210" target="scriptorium.on_vigilance.mark.xml#sSpan1212"/>
		<rel id="sPointingRel3401" xlink:href="scriptorium.on_vigilance.mark.xml#sSpan3268" target="scriptorium.on_vigilance.mark.xml#sSpan3266"/>
		<rel id="sPointingRel3403" xlink:href="scriptorium.on_vigilance.mark.xml#sSpan2893" target="scriptorium.on_vigilance.mark.xml#sSpan2895"/>
		<rel id="sPointingRel3405" xlink:href="scriptorium.on_vigilance.mark.xml#sSpan4632" target="scriptorium.on_vigilance.mark.xml#sSpan4633"/>
		<rel id="sPointingRel3407" xlink:href="scriptorium.on_vigilance.mark.xml#sSpan2074" target="scriptorium.on_vigilance.mark.xml#sSpan2077"/>
		<rel id="sPointingRel3409" xlink:href="scriptorium.on_vigilance.mark.xml#sSpan2816" target="scriptorium.on_vigilance.mark.xml#sSpan2819"/>
		<rel id="sPointingRel3411" xlink:href="scriptorium.on_vigilance.mark.xml#sSpan1426" target="scriptorium.on_vigilance.mark.xml#sSpan1424"/>
		<rel id="sPointingRel3413" xlink:href="scriptorium.on_vigilance.mark.xml#sSpan5629" target="scriptorium.on_vigilance.mark.xml#sSpan5631"/>
		<rel id="sPointingRel3415" xlink:href="scriptorium.on_vigilance.mark.xml#sSpan2561" target="scriptorium.on_vigilance.mark.xml#sSpan2562"/>
		<rel id="sPointingRel3417" xlink:href="scriptorium.on_vigilance.mark.xml#sSpan5226" target="scriptorium.on_vigilance.mark.xml#sSpan5228"/>
		<rel id="sPointingRel3419" xlink:href="scriptorium.on_vigilance.mark.xml#sSpan1927" target="scriptorium.on_vigilance.mark.xml#sSpan1928"/>
		<rel id="sPointingRel3421" xlink:href="scriptorium.on_vigilance.mark.xml#sSpan4526" target="scriptorium.on_vigilance.mark.xml#sSpan4528"/>
		<rel id="sPointingRel3423" xlink:href="scriptorium.on_vigilance.mark.xml#sSpan780" target="scriptorium.on_vigilance.mark.xml#sSpan783"/>
		<rel id="sPointingRel3425" xlink:href="scriptorium.on_vigilance.mark.xml#sSpan3097" target="scriptorium.on_vigilance.mark.xml#sSpan3095"/>
		<rel id="sPointingRel3427" xlink:href="scriptorium.on_vigilance.mark.xml#sSpan47" target="scriptorium.on_vigilance.mark.xml#sSpan45"/>
		<rel id="sPointingRel3429" xlink:href="scriptorium.on_vigilance.mark.xml#sSpan3717" target="scriptorium.on_vigilance.mark.xml#sSpan3719"/>
		<rel id="sPointingRel3431" xlink:href="scriptorium.on_vigilance.mark.xml#sSpan4271" target="scriptorium.on_vigilance.mark.xml#sSpan4268"/>
		<rel id="sPointingRel3433" xlink:href="scriptorium.on_vigilance.mark.xml#sSpan4008" target="scriptorium.on_vigilance.mark.xml#sSpan4009"/>
		<rel id="sPointingRel3435" xlink:href="scriptorium.on_vigilance.mark.xml#sSpan2472" target="scriptorium.on_vigilance.mark.xml#sSpan2474"/>
		<rel id="sPointingRel3437" xlink:href="scriptorium.on_vigilance.mark.xml#sSpan2675" target="scriptorium.on_vigilance.mark.xml#sSpan2677"/>
		<rel id="sPointingRel3439" xlink:href="scriptorium.on_vigilance.mark.xml#sSpan3537" target="scriptorium.on_vigilance.mark.xml#sSpan3538"/>
		<rel id="sPointingRel3441" xlink:href="scriptorium.on_vigilance.mark.xml#sSpan2357" target="scriptorium.on_vigilance.mark.xml#sSpan2359"/>
		<rel id="sPointingRel3443" xlink:href="scriptorium.on_vigilance.mark.xml#sSpan737" target="scriptorium.on_vigilance.mark.xml#sSpan739"/>
		<rel id="sPointingRel3445" xlink:href="scriptorium.on_vigilance.mark.xml#sSpan3456" target="scriptorium.on_vigilance.mark.xml#sSpan3457"/>
		<rel id="sPointingRel3447" xlink:href="scriptorium.on_vigilance.mark.xml#sSpan4941" target="scriptorium.on_vigilance.mark.xml#sSpan4946"/>
		<rel id="sPointingRel3449" xlink:href="scriptorium.on_vigilance.mark.xml#sSpan831" target="scriptorium.on_vigilance.mark.xml#sSpan833"/>
		<rel id="sPointingRel3451" xlink:href="scriptorium.on_vigilance.mark.xml#sSpan2339" target="scriptorium.on_vigilance.mark.xml#sSpan2333"/></relList></paula>