<?xml version='1.0' encoding='UTF-8'?><!DOCTYPE paula SYSTEM "paula_feat.dtd">
<paula version="1.1">
	<header paula_id="scriptorium.on_vigilance.mark_cb_n"/>
	<featList xmlns:xlink="http://www.w3.org/1999/xlink" type="cb_n" xml:base="scriptorium.on_vigilance.mark.xml">
		<feat xlink:href="#sSpan13" value="1"/>
		<feat xlink:href="#sSpan402" value="2"/>
		<feat xlink:href="#sSpan768" value="1"/>
		<feat xlink:href="#sSpan1109" value="2"/>
		<feat xlink:href="#sSpan1463" value="1"/>
		<feat xlink:href="#sSpan1820" value="2"/>
		<feat xlink:href="#sSpan2169" value="1"/>
		<feat xlink:href="#sSpan2508" value="2"/>
		<feat xlink:href="#sSpan2853" value="1"/>
		<feat xlink:href="#sSpan3217" value="2"/>
		<feat xlink:href="#sSpan3631" value="1"/>
		<feat xlink:href="#sSpan3992" value="2"/>
		<feat xlink:href="#sSpan4348" value="1"/>
		<feat xlink:href="#sSpan4733" value="2"/>
		<feat xlink:href="#sSpan5045" value="1"/>
		<feat xlink:href="#sSpan5406" value="2"/></featList></paula>