<?xml version='1.0' encoding='UTF-8'?><!DOCTYPE paula SYSTEM "paula_feat.dtd">
<paula version="1.1">
	<header paula_id="scriptorium.on_vigilance.mark_orig_group"/>
	<featList xmlns:xlink="http://www.w3.org/1999/xlink" type="orig_group" xml:base="scriptorium.on_vigilance.mark.xml">
		<feat xlink:href="#sSpan6" value="ⲧ︤ⲛ︥ⲇⲟⲅⲙⲁⲧⲓⲍⲉ"/>
		<feat xlink:href="#sSpan23" value="ϩ︤ⲙ︥ⲡⲕⲟⲥⲙⲟⲥ"/>
		<feat xlink:href="#sSpan35" value="ⲛ̄ⲑⲉ"/>
		<feat xlink:href="#sSpan43" value="ⲛ̄ⲛⲉⲧⲟⲛ︤ϩ︥"/>
		<feat xlink:href="#sSpan56" value="·"/>
		<feat xlink:href="#sSpan61" value="ⲙ̄ⲡⲣ̄ϫⲱϩ"/>
		<feat xlink:href="#sSpan71" value="ⲟⲩⲧⲉ"/>
		<feat xlink:href="#sSpan77" value="ⲙ̄ⲡⲣ̄ϫⲓϯⲡⲉ"/>
		<feat xlink:href="#sSpan85" value="."/>
		<feat xlink:href="#sSpan91" value="ⲟⲩⲧⲉ"/>
		<feat xlink:href="#sSpan96" value="ⲙ̄ⲡⲣ̄ϩⲱ⳯"/>
		<feat xlink:href="#sSpan102" value="ⲉϩⲟⲩⲛ"/>
		<feat xlink:href="#sSpan107" value="·"/>
		<feat xlink:href="#sSpan111" value="ⲉⲧⲉⲡⲁⲓ̈"/>
		<feat xlink:href="#sSpan119" value="ⲡⲉ"/>
		<feat xlink:href="#sSpan123" value="ϫⲉⲁⲛⲉⲓ̂"/>
		<feat xlink:href="#sSpan135" value="ⲉⲃⲟⲗ"/>
		<feat xlink:href="#sSpan139" value="ϩ︤ⲛ︥ⲛ̄ⲛⲟⲃⲉ"/>
		<feat xlink:href="#sSpan149" value="ⲙ̄ⲡⲕⲟⲥⲙⲟⲥ"/>
		<feat xlink:href="#sSpan161" value="ⲉⲁⲛⲕⲁⲁⲩ"/>
		<feat xlink:href="#sSpan174" value="ⲛ̄ⲥⲱⲛ"/>
		<feat xlink:href="#sSpan180" value="·"/>
		<feat xlink:href="#sSpan184" value="ⲁϩⲣⲟ⳯"/>
		<feat xlink:href="#sSpan192" value="ⲟⲛ"/>
		<feat xlink:href="#sSpan197" value="ⲉⲛⲕⲧⲟ̂"/>
		<feat xlink:href="#sSpan205" value="ⲙ̄ⲙⲟⲛ"/>
		<feat xlink:href="#sSpan212" value="ⲉⲛϭⲗⲟⲙⲗ︤ⲙ︥"/>
		<feat xlink:href="#sSpan221" value="ϩⲣⲁⲓ̈"/>
		<feat xlink:href="#sSpan226" value="ⲛ̄ϩⲏⲧⲟⲩ"/>
		<feat xlink:href="#sSpan234" value="·"/>
		<feat xlink:href="#sSpan238" value="ϩⲙ̄ⲡⲁⲓ̈"/>
		<feat xlink:href="#sSpan252" value="ⲟⲛ⳿"/>
		<feat xlink:href="#sSpan258" value="ⲉⲛⲧⲁϥϫⲟⲟⲥ"/>
		<feat xlink:href="#sSpan272" value="ϫⲉⲙ̄ⲡⲓⲟⲩⲟⲉⲓϣ"/>
		<feat xlink:href="#sSpan286" value="ⲅⲁⲣ"/>
		<feat xlink:href="#sSpan290" value="ⲛⲉⲧⲉⲧ︤ⲛ︥ⲟ̂"/>
		<feat xlink:href="#sSpan300" value="ⲛ̄ⲕⲁⲕⲉ"/>
		<feat xlink:href="#sSpan308" value="ⲡⲉ"/>
		<feat xlink:href="#sSpan313" value="·"/>
		<feat xlink:href="#sSpan317" value="ⲧⲉⲛⲟⲩ"/>
		<feat xlink:href="#sSpan323" value="ⲇⲉ"/>
		<feat xlink:href="#sSpan328" value="ⲛ̄ⲟⲩⲟⲉⲓⲛ"/>
		<feat xlink:href="#sSpan336" value="ϩ︤ⲙ︥ⲡϫⲟⲉⲓⲥ"/>
		<feat xlink:href="#sSpan346" value="·"/>
		<feat xlink:href="#sSpan351" value="ⲙⲟⲟϣⲉ"/>
		<feat xlink:href="#sSpan359" value="ϩⲱⲥ"/>
		<feat xlink:href="#sSpan364" value="ϣⲏⲣⲉ"/>
		<feat xlink:href="#sSpan370" value="ⲙ̄ⲡⲟⲩⲟⲉⲓⲛ"/>
		<feat xlink:href="#sSpan381" value="·"/>
		<feat xlink:href="#sSpan385" value="ⲉⲣⲉⲡⲕⲁⲣⲡⲟⲥ"/>
		<feat xlink:href="#sSpan400" value="ⲅⲁⲣ"/>
		<feat xlink:href="#sSpan405" value="ⲙ̄ⲡⲟⲩⲟⲉⲓⲛ"/>
		<feat xlink:href="#sSpan417" value="ϩⲙ̄ⲡⲉⲧⲛⲁⲛⲟⲩϥ"/>
		<feat xlink:href="#sSpan431" value="ⲛⲓⲙ"/>
		<feat xlink:href="#sSpan436" value="ⲙ︤ⲛ︥ⲧⲇⲓⲕⲁⲓⲟⲥⲩⲛⲏ"/>
		<feat xlink:href="#sSpan448" value="ⲙ︤ⲛ︥ⲧⲙⲉ"/>
		<feat xlink:href="#sSpan459" value="·"/>
		<feat xlink:href="#sSpan463" value="ⲉⲧⲉⲧ︤ⲛ︥ⲇⲟⲕⲓⲙⲁⲍⲉ"/>
		<feat xlink:href="#sSpan476" value="ϫⲉⲟⲩ̂"/>
		<feat xlink:href="#sSpan484" value="ⲡⲉⲧⲣ︦ⲁⲛⲁϥ"/>
		<feat xlink:href="#sSpan497" value="ⲙ̄ⲡϫⲟⲉⲓⲥ"/>
		<feat xlink:href="#sSpan507" value="·"/>
		<feat xlink:href="#sSpan512" value="ⲁⲩⲱ"/>
		<feat xlink:href="#sSpan517" value="ⲙ̄ⲡⲣ︦ⲕⲟⲓⲛⲱⲛⲉⲓ"/>
		<feat xlink:href="#sSpan526" value="ⲉⲛⲉϩⲃⲏⲩⲉ"/>
		<feat xlink:href="#sSpan537" value="ⲙ̄ⲡⲕⲁⲕⲉ"/>
		<feat xlink:href="#sSpan548" value="ⲉⲧⲉⲙ̄ⲙ︤ⲛ︥ⲧⲟⲩ"/>
		<feat xlink:href="#sSpan560" value="ⲕⲁⲣⲡⲟⲥ"/>
		<feat xlink:href="#sSpan564" value="·"/>
		<feat xlink:href="#sSpan570" value="ⲛ̄ⲧⲉⲧ︤ⲛ︥ϫⲡⲓⲟⲟⲩ"/>
		<feat xlink:href="#sSpan583" value="ⲇⲉ"/>
		<feat xlink:href="#sSpan587" value="ⲛ̄ⲧⲟϥ"/>
		<feat xlink:href="#sSpan592" value="ⲛ̄ϩⲟⲩⲟ̂"/>
		<feat xlink:href="#sSpan599" value="·"/>
		<feat xlink:href="#sSpan603" value="ⲛⲉⲧⲟⲩⲉⲓⲣⲉ"/>
		<feat xlink:href="#sSpan622" value="ⲅⲁⲣ"/>
		<feat xlink:href="#sSpan627" value="ⲙ̄ⲙⲟⲟⲩ"/>
		<feat xlink:href="#sSpan634" value="ⲛ̄ϫⲓⲟⲩⲉ"/>
		<feat xlink:href="#sSpan642" value=","/>
		<feat xlink:href="#sSpan647" value="ϩⲉⲛϣⲗⲟϥ"/>
		<feat xlink:href="#sSpan654" value="ⲛⲉ"/>
		<feat xlink:href="#sSpan659" value="ⲉⲣ̄ⲡⲕ"/>
		<feat xlink:href="#sSpan670" value="ⲉϫⲟⲟⲩ"/>
		<feat xlink:href="#sSpan680" value="·"/>
		<feat xlink:href="#sSpan684" value="ϣⲁⲣⲉϩⲱⲃ"/>
		<feat xlink:href="#sSpan696" value="ⲇⲉ"/>
		<feat xlink:href="#sSpan700" value="ⲛⲓⲙ"/>
		<feat xlink:href="#sSpan705" value="ⲟⲩⲱⲛ︤ϩ︥"/>
		<feat xlink:href="#sSpan711" value="ⲉⲃⲟⲗ"/>
		<feat xlink:href="#sSpan716" value="ⲉⲧⲟⲩϫⲡⲓⲟ̂"/>
		<feat xlink:href="#sSpan726" value="ⲙ̄ⲙⲟⲟⲩ"/>
		<feat xlink:href="#sSpan733" value="ϩⲓⲧⲙ̄︥ⲡⲟⲩⲟⲉⲓⲛ"/>
		<feat xlink:href="#sSpan744" value="·"/>
		<feat xlink:href="#sSpan749" value="ϩⲱⲃ⳿"/>
		<feat xlink:href="#sSpan758" value="ⲅⲁⲣ"/>
		<feat xlink:href="#sSpan762" value="ⲛⲓⲙ"/>
		<feat xlink:href="#sSpan767" value="ⲉⲧⲟⲩⲟⲛ︤ϩ︥"/>
		<feat xlink:href="#sSpan774" value="ⲉⲃⲟⲗ"/>
		<feat xlink:href="#sSpan782" value="ϩⲉⲛⲟⲩⲟⲉⲓⲛ"/>
		<feat xlink:href="#sSpan788" value="ⲛⲉ"/>
		<feat xlink:href="#sSpan792" value="·"/>
		<feat xlink:href="#sSpan798" value="ⲉⲧⲃⲉⲡⲁⲓ̈"/>
		<feat xlink:href="#sSpan812" value="ϩⲱⲱⲛ"/>
		<feat xlink:href="#sSpan819" value="ⲙⲁⲣⲛ̄ϫⲡⲓⲟ"/>
		<feat xlink:href="#sSpan828" value="ⲛ̄ⲛⲉⲛⲙⲛ̄ⲧⲥⲟϭ"/>
		<feat xlink:href="#sSpan840" value="ϩⲣⲁⲓ̈"/>
		<feat xlink:href="#sSpan844" value="ⲛ̄ϩⲏⲧ︤ⲛ︥"/>
		<feat xlink:href="#sSpan851" value="ⲙ︤ⲛ︥ⲙ̄ⲙⲉⲉⲩⲉ"/>
		<feat xlink:href="#sSpan861" value="ⲧⲏⲣⲟⲩ"/>
		<feat xlink:href="#sSpan867" value="ⲙ̄ⲡⲇⲓⲁⲃⲟⲗⲟⲥ"/>
		<feat xlink:href="#sSpan878" value="ⲉⲧϥ̄ⲛⲟⲩϫⲉ"/>
		<feat xlink:href="#sSpan887" value="ⲙ̄ⲙⲟⲟⲩ"/>
		<feat xlink:href="#sSpan894" value="ⲉϩⲟⲩ⳯"/>
		<feat xlink:href="#sSpan898" value="ⲉⲣⲟⲛ"/>
		<feat xlink:href="#sSpan905" value="·"/>
		<feat xlink:href="#sSpan909" value="ⲙ︤ⲛ︥ⲙ̄ⲙ︤ⲛ︦ⲧ︥ⲁⲧⲛⲁϩⲧⲉ"/>
		<feat xlink:href="#sSpan922" value="·"/>
		<feat xlink:href="#sSpan926" value="ⲙ︤ⲛ︥ⲙ̄ⲙⲟⲥⲧⲉ"/>
		<feat xlink:href="#sSpan936" value="·"/>
		<feat xlink:href="#sSpan940" value="ⲛ̄ⲑⲉ"/>
		<feat xlink:href="#sSpan950" value="ⲉϣⲁⲩⲧⲣⲉ⳯ⲙⲉⲉⲩⲉ"/>
		<feat xlink:href="#sSpan965" value="ⲉⲡⲡⲉⲑⲟⲟⲩ"/>
		<feat xlink:href="#sSpan978" value="ⲉϩⲟⲩⲛ"/>
		<feat xlink:href="#sSpan982" value="ⲉⲛⲉⲛⲉⲣⲏⲩ"/>
		<feat xlink:href="#sSpan992" value="ⲉⲛⲧ︤ⲛ︥ϩⲁⲧ︤ⲛ︥ⲛⲉ⳯ⲉⲣⲏⲩ"/>
		<feat xlink:href="#sSpan1007" value="ⲁⲛ"/>
		<feat xlink:href="#sSpan1011" value="ⲉⲡⲧⲏⲣ︤ϥ︥"/>
		<feat xlink:href="#sSpan1022" value="·"/>
		<feat xlink:href="#sSpan1026" value="ⲁⲩⲱ"/>
		<feat xlink:href="#sSpan1035" value="ⲉⲛϭ︤ⲛ︥ⲁⲣⲓⲕⲉ"/>
		<feat xlink:href="#sSpan1046" value="ⲉⲛⲉ⳯ⲉⲣⲏⲩ"/>
		<feat xlink:href="#sSpan1055" value="."/>
		<feat xlink:href="#sSpan1059" value="ⲁⲩⲱ"/>
		<feat xlink:href="#sSpan1063" value="ⲉⲣⲟⲛ⳿"/>
		<feat xlink:href="#sSpan1071" value="ⲁⲛ"/>
		<feat xlink:href="#sSpan1075" value="ⲙ̄ⲙⲓⲛⲙ̄ⲙⲟⲛ"/>
		<feat xlink:href="#sSpan1082" value="·"/>
		<feat xlink:href="#sSpan1087" value="ϩⲱⲥ"/>
		<feat xlink:href="#sSpan1092" value="ⲉⲣⲉⲡⲉⲛⲙⲓϣⲉ"/>
		<feat xlink:href="#sSpan1102" value="ϣⲟⲟⲡ⳿"/>
		<feat xlink:href="#sSpan1106" value="ⲉϩⲟⲩⲛ"/>
		<feat xlink:href="#sSpan1111" value="ⲉⲛⲉⲛⲉⲣⲏⲩ"/>
		<feat xlink:href="#sSpan1121" value="·"/>
		<feat xlink:href="#sSpan1125" value="ⲁⲩⲱ"/>
		<feat xlink:href="#sSpan1129" value="ⲉϥϣⲟⲟⲡ"/>
		<feat xlink:href="#sSpan1138" value="ⲁⲛ"/>
		<feat xlink:href="#sSpan1142" value="ⲟⲩⲃⲉⲛ̄ⲁⲣⲭⲏ̂"/>
		<feat xlink:href="#sSpan1153" value="ⲙ︤ⲛ︥ⲛ̄ⲉⲝⲟⲩⲥⲓⲁ"/>
		<feat xlink:href="#sSpan1164" value="·"/>
		<feat xlink:href="#sSpan1169" value="ⲟⲩⲃⲉⲛ̄ⲕⲟⲥⲙⲟⲕⲣⲁⲧⲱⲣ"/>
		<feat xlink:href="#sSpan1182" value="ⲙ̄ⲡⲕⲁⲕⲉ"/>
		<feat xlink:href="#sSpan1192" value="·"/>
		<feat xlink:href="#sSpan1196" value="ⲟⲩⲃⲉⲛⲉⲡⲛ︦ⲓ︦ⲕ︦ⲟ︦ⲛ︥"/>
		<feat xlink:href="#sSpan1207" value="ⲛ̄ⲧⲡⲟⲛⲏⲣⲓⲁ"/>
		<feat xlink:href="#sSpan1218" value="ⲉⲧϩⲁⲙ̄ⲡⲏⲩⲉ"/>
		<feat xlink:href="#sSpan1230" value="·"/>
		<feat xlink:href="#sSpan1234" value="ⲁⲩⲱ"/>
		<feat xlink:href="#sSpan1238" value="ⲟⲩⲃⲉⲥⲛⲟϥ"/>
		<feat xlink:href="#sSpan1246" value="ⲁⲛ"/>
		<feat xlink:href="#sSpan1250" value="ϩⲓⲥⲁⲣ︤ⲝ︥"/>
		<feat xlink:href="#sSpan1259" value="·"/>
		<feat xlink:href="#sSpan1263" value="ⲛ̄ⲑⲉ"/>
		<feat xlink:href="#sSpan1278" value="ⲉⲛⲧⲁⲡⲁⲡⲟⲥⲧⲟⲗⲟⲥ"/>
		<feat xlink:href="#sSpan1291" value="ϫⲟⲟⲥ"/>
		<feat xlink:href="#sSpan1297" value="ϫⲉϫⲓ"/>
		<feat xlink:href="#sSpan1304" value="ⲛⲏⲧ︤ⲛ︥"/>
		<feat xlink:href="#sSpan1310" value="ⲛ̄ⲧⲡⲁⲛϩⲟⲡⲗⲓⲁ"/>
		<feat xlink:href="#sSpan1321" value="ⲙ̄ⲡⲛⲟⲩⲧⲉ"/>
		<feat xlink:href="#sSpan1331" value="ϫⲉⲉⲧⲉⲧⲛⲁϣϭⲙ̄ϭⲟⲙ"/>
		<feat xlink:href="#sSpan1347" value="ⲉⲁϩⲉⲣⲁⲧⲧⲏⲩⲧ︤ⲛ︥"/>
		<feat xlink:href="#sSpan1360" value="ⲛ̄ⲛⲁϩ︤ⲣ︦ⲛ︥ⲛ̄ⲕⲟⲧ︤ⲥ︥"/>
		<feat xlink:href="#sSpan1370" value="ⲙ̄ⲡⲇⲓⲁⲃⲟⲗⲟⲥ"/>
		<feat xlink:href="#sSpan1381" value="·"/>
		<feat xlink:href="#sSpan1386" value="ϫⲉⲉⲣⲉⲡⲉⲛⲙⲓϣⲉ"/>
		<feat xlink:href="#sSpan1398" value="ϣⲟⲟⲡ⳿"/>
		<feat xlink:href="#sSpan1402" value="ⲛⲁⲛ⳿"/>
		<feat xlink:href="#sSpan1410" value="ⲁⲛ⳿"/>
		<feat xlink:href="#sSpan1414" value="ⲟⲩⲃⲉⲥⲛⲟϥ"/>
		<feat xlink:href="#sSpan1422" value="ϩⲓⲥⲁⲣ︤ⲝ︥"/>
		<feat xlink:href="#sSpan1430" value="·"/>
		<feat xlink:href="#sSpan1436" value="ⲉⲧⲃⲉⲡⲁⲓ̈"/>
		<feat xlink:href="#sSpan1450" value="ϭⲉ"/>
		<feat xlink:href="#sSpan1454" value="ⲣⲟⲉⲓⲥ"/>
		<feat xlink:href="#sSpan1459" value="ⲁⲩⲱ"/>
		<feat xlink:href="#sSpan1463" value="ⲛ̄ⲧ︤ⲛ︥ⲁⲙⲁϩⲧⲉ"/>
		<feat xlink:href="#sSpan1474" value="ⲙ̄ⲡⲡⲉⲧⲛⲁⲛⲟⲩϥ"/>
		<feat xlink:href="#sSpan1488" value="·"/>
		<feat xlink:href="#sSpan1492" value="ⲉⲃⲟⲗ"/>
		<feat xlink:href="#sSpan1498" value="ϫⲉⲟⲩⲛ̄ϩⲁϩ⳿"/>
		<feat xlink:href="#sSpan1508" value="ⲉⲩϩⲁⲧ︤ⲛ︥ⲛⲉⲩⲉⲣⲏⲩ"/>
		<feat xlink:href="#sSpan1521" value="ϩ︤ⲙ︥ⲡⲥⲱⲙⲁ"/>
		<feat xlink:href="#sSpan1532" value="·"/>
		<feat xlink:href="#sSpan1536" value="ⲉⲩⲟⲩⲏⲩ"/>
		<feat xlink:href="#sSpan1546" value="ⲇⲉ"/>
		<feat xlink:href="#sSpan1550" value="ⲉⲃⲟⲗ"/>
		<feat xlink:href="#sSpan1554" value="ⲛ̄ⲛⲉⲩⲉⲣⲏⲩ"/>
		<feat xlink:href="#sSpan1563" value="ϩ︤ⲙ︥ⲡϩⲏⲧ⳿"/>
		<feat xlink:href="#sSpan1573" value="ⲁⲩⲱ"/>
		<feat xlink:href="#sSpan1578" value="ⲧⲁⲅⲁⲡⲏ"/>
		<feat xlink:href="#sSpan1586" value="·"/>
		<feat xlink:href="#sSpan1590" value="ⲟⲩⲛ̄ϩⲁϩ"/>
		<feat xlink:href="#sSpan1601" value="ⲇⲉ"/>
		<feat xlink:href="#sSpan1605" value="ⲟⲛ"/>
		<feat xlink:href="#sSpan1610" value="ⲉⲩϩⲁⲧ︤ⲛ︥ⲛⲉⲩⲉⲣⲏⲩ"/>
		<feat xlink:href="#sSpan1623" value="ⲁⲛ"/>
		<feat xlink:href="#sSpan1627" value="ϩ︤ⲙ︥ⲡⲥⲱⲙⲁ"/>
		<feat xlink:href="#sSpan1638" value="·"/>
		<feat xlink:href="#sSpan1642" value="ⲉⲩϩⲁⲧ︤ⲛ︥ⲛⲉⲩⲉⲣⲏⲩ"/>
		<feat xlink:href="#sSpan1656" value="ⲛ̄ⲛⲁⲩ"/>
		<feat xlink:href="#sSpan1663" value="ⲛⲓⲙ"/>
		<feat xlink:href="#sSpan1667" value="ϩ︤ⲛ︥ⲧⲁⲅⲁⲡⲏ"/>
		<feat xlink:href="#sSpan1678" value="ⲙ̄ⲡⲉⲭ︤ⲥ︥"/>
		<feat xlink:href="#sSpan1689" value="ⲙ︤ⲛ︥ⲧⲁⲅⲁⲡⲏ"/>
		<feat xlink:href="#sSpan1700" value="ⲙ̄ⲡⲉⲡⲛ̄︤ⲁ̄︥"/>
		<feat xlink:href="#sSpan1710" value="ⲁⲩⲱ"/>
		<feat xlink:href="#sSpan1715" value="ⲡⲟⲩⲱϣ"/>
		<feat xlink:href="#sSpan1722" value="ⲛ̄ⲓ︤ⲥ︥"/>
		<feat xlink:href="#sSpan1731" value=":"/>
		<feat xlink:href="#sSpan1736" value="ⲛ̄ⲧⲱⲧⲛ̄"/>
		<feat xlink:href="#sSpan1748" value="ⲇⲉ"/>
		<feat xlink:href="#sSpan1753" value="ⲛⲉⲥⲛⲏⲩ"/>
		<feat xlink:href="#sSpan1760" value="ϩⲁⲣⲉϩ"/>
		<feat xlink:href="#sSpan1764" value="ⲁⲩⲱ"/>
		<feat xlink:href="#sSpan1769" value="ⲙⲟⲩⲛ⳿"/>
		<feat xlink:href="#sSpan1774" value="ⲉⲃⲟⲗ"/>
		<feat xlink:href="#sSpan1779" value="ϩ︤ⲛ︥ⲛⲉⲛⲧⲁⲧⲛ̄ⲧⲥⲁⲃⲟ"/>
		<feat xlink:href="#sSpan1796" value="ⲉⲣⲟⲟⲩ"/>
		<feat xlink:href="#sSpan1803" value="·"/>
		<feat xlink:href="#sSpan1807" value="ⲁⲩⲱ"/>
		<feat xlink:href="#sSpan1813" value="ⲟⲩⲛ̄ϩⲁϩ"/>
		<feat xlink:href="#sSpan1821" value="ⲛⲁϫⲓⲥⲃⲱ̂"/>
		<feat xlink:href="#sSpan1831" value="ⲁⲩⲱ"/>
		<feat xlink:href="#sSpan1835" value="ⲛ̄ⲥⲉϯϩⲏⲩ"/>
		<feat xlink:href="#sSpan1846" value="ⲉⲃⲟⲗ"/>
		<feat xlink:href="#sSpan1850" value="ⲙ̄ⲙⲱⲧⲛ̄"/>
		<feat xlink:href="#sSpan1857" value="·"/>
		<feat xlink:href="#sSpan1861" value="ⲛ̄ⲑⲉ"/>
		<feat xlink:href="#sSpan1869" value="ⲉⲛⲧⲁϥϫⲟⲟⲥ"/>
		<feat xlink:href="#sSpan1882" value="ϫⲉⲙⲁⲣⲟⲩⲛⲁⲩ"/>
		<feat xlink:href="#sSpan1893" value="ⲉⲛⲉⲧ︤ⲛ︥ϩⲃⲏⲩⲉ"/>
		<feat xlink:href="#sSpan1903" value="ⲉⲧⲛⲁⲛⲟⲩⲟⲩ"/>
		<feat xlink:href="#sSpan1912" value="ⲛ̄ⲥⲉϯⲉⲟⲟⲩ"/>
		<feat xlink:href="#sSpan1923" value="ⲙ̄ⲡⲉⲧ︤ⲛ︥ⲉⲓⲱⲧ"/>
		<feat xlink:href="#sSpan1933" value="ⲉⲧϩ︤ⲛ︥ⲙ̄ⲡⲏⲩⲉ"/>
		<feat xlink:href="#sSpan1945" value="·"/>
		<feat xlink:href="#sSpan1949" value="ⲛ̄ⲑⲉ"/>
		<feat xlink:href="#sSpan1964" value="ⲅⲁⲣ"/>
		<feat xlink:href="#sSpan1968" value="ⲉⲛⲧⲁⲧⲉⲧ︤ⲛ︥ⲟⲩⲉϩⲧⲏⲩⲧ︤ⲛ︥"/>
		<feat xlink:href="#sSpan1982" value="ⲛ̄ⲥⲁⲛⲉⲧⲟⲩⲁⲁⲃ"/>
		<feat xlink:href="#sSpan1994" value="ⲧⲏⲣⲟⲩ"/>
		<feat xlink:href="#sSpan2001" value="ϩ︤ⲛ︥ⲛⲉⲧⲛ̄ⲡⲣⲁⲝⲉⲓⲥ"/>
		<feat xlink:href="#sSpan2012" value="·"/>
		<feat xlink:href="#sSpan2016" value="ⲛ̄ⲑⲉ"/>
		<feat xlink:href="#sSpan2025" value="ⲉⲛⲧⲁϥϫⲟⲟⲥ"/>
		<feat xlink:href="#sSpan2038" value="ϫⲉⲛ̄ⲧⲟⲕ"/>
		<feat xlink:href="#sSpan2046" value="ⲇⲉ"/>
		<feat xlink:href="#sSpan2050" value="ⲁⲕⲟⲩⲁϩ︤ⲕ︥"/>
		<feat xlink:href="#sSpan2061" value="ⲛ̄ⲥⲁⲧⲁⲥⲃⲱ̂"/>
		<feat xlink:href="#sSpan2071" value="."/>
		<feat xlink:href="#sSpan2076" value="ⲡⲁⲥⲙⲟⲧ⳿"/>
		<feat xlink:href="#sSpan2084" value="ⲡⲁⲧⲱϣ"/>
		<feat xlink:href="#sSpan2091" value="ⲧⲁⲡⲓⲥⲧⲓⲥ"/>
		<feat xlink:href="#sSpan2099" value="·"/>
		<feat xlink:href="#sSpan2105" value="ⲧⲁⲙ︤ⲛ︦ⲧ︥ϩⲁⲣ︤ϣ︥ϩⲏⲧ⳿"/>
		<feat xlink:href="#sSpan2115" value="·"/>
		<feat xlink:href="#sSpan2120" value="ⲧⲁⲁⲅⲁⲡⲏ"/>
		<feat xlink:href="#sSpan2128" value="·"/>
		<feat xlink:href="#sSpan2133" value="ⲧⲁϩⲩⲡⲟⲙⲟⲛⲏ̂"/>
		<feat xlink:href="#sSpan2141" value="·"/>
		<feat xlink:href="#sSpan2146" value="ⲛⲁⲇⲓⲱⲅⲙⲟⲥ"/>
		<feat xlink:href="#sSpan2154" value="·"/>
		<feat xlink:href="#sSpan2159" value="ⲛⲁϩⲓⲥⲉ"/>
		<feat xlink:href="#sSpan2166" value="·"/>
		<feat xlink:href="#sSpan2170" value="ⲟⲩⲉϩ"/>
		<feat xlink:href="#sSpan2174" value="ⲧⲏⲩⲧ︤ⲛ︥"/>
		<feat xlink:href="#sSpan2181" value="ⲟⲛ"/>
		<feat xlink:href="#sSpan2185" value="ⲛ̄ⲥⲱⲟⲩ"/>
		<feat xlink:href="#sSpan2192" value="ϩ︤ⲙ︥ⲡϩⲁⲣⲉϩ⳿"/>
		<feat xlink:href="#sSpan2202" value="ⲉⲛⲉⲧ︤ⲛ︥ϩⲓⲥⲉ"/>
		<feat xlink:href="#sSpan2212" value="ⲛⲏⲧ︤ⲛ︥"/>
		<feat xlink:href="#sSpan2218" value="·"/>
		<feat xlink:href="#sSpan2224" value="ⲛⲉⲧⲉⲟⲩⲛ̄ⲧⲁⲩ"/>
		<feat xlink:href="#sSpan2239" value="ⲅⲁⲣ"/>
		<feat xlink:href="#sSpan2244" value="ⲙ̄ⲙⲁⲩ"/>
		<feat xlink:href="#sSpan2248" value="ⲛ̄ⲧ︤ⲙ︦ⲛ︥ⲧⲣ︤ⲙ︥ⲙⲁⲟ̂"/>
		<feat xlink:href="#sSpan2262" value="ⲛⲁⲧⲧⲁⲕⲟ"/>
		<feat xlink:href="#sSpan2271" value="ϩ︤ⲙ︥ⲡⲉⲭ︤ⲥ︥"/>
		<feat xlink:href="#sSpan2281" value="."/>
		<feat xlink:href="#sSpan2285" value="ⲛ̄ⲧⲟⲟⲩ"/>
		<feat xlink:href="#sSpan2289" value="ⲟⲛ⳿"/>
		<feat xlink:href="#sSpan2294" value="ⲛⲉⲧⲏⲡ⳿"/>
		<feat xlink:href="#sSpan2302" value="ⲉⲣⲟⲉⲓⲥ"/>
		<feat xlink:href="#sSpan2309" value="ⲉⲣⲟⲥ"/>
		<feat xlink:href="#sSpan2315" value="ⲛⲁⲩ"/>
		<feat xlink:href="#sSpan2322" value="·"/>
		<feat xlink:href="#sSpan2326" value="ⲉϣϫⲉ"/>
		<feat xlink:href="#sSpan2337" value="ⲛⲉⲧⲉⲟⲩⲛ̄ⲧⲁⲩ"/>
		<feat xlink:href="#sSpan2349" value="ⲙ︤ⲙⲁⲩ"/>
		<feat xlink:href="#sSpan2354" value="ⲛ̄ⲟⲩⲭⲣⲏⲙⲁ"/>
		<feat xlink:href="#sSpan2365" value="·"/>
		<feat xlink:href="#sSpan2370" value="ⲟⲩⲛⲟⲩⲃ⳿"/>
		<feat xlink:href="#sSpan2377" value="ⲙ︤ⲛ︥ⲟⲩϩⲁⲧ⳿"/>
		<feat xlink:href="#sSpan2387" value="ⲙ︤ⲛ︥ϩⲉⲛϩⲩⲡⲁⲣⲭⲟⲛⲧⲁ"/>
		<feat xlink:href="#sSpan2398" value="·"/>
		<feat xlink:href="#sSpan2402" value="ϣⲁⲩⲣⲟⲉⲓⲥ"/>
		<feat xlink:href="#sSpan2411" value="ϫⲉⲛ̄ⲛⲉⲛ̄ⲗⲏⲥⲧⲏⲥ"/>
		<feat xlink:href="#sSpan2424" value="ϥⲓⲧⲟⲩ"/>
		<feat xlink:href="#sSpan2431" value="ⲛ̄ϫⲓⲟⲩⲉ"/>
		<feat xlink:href="#sSpan2438" value="ⲉⲓ̈ⲉ"/>
		<feat xlink:href="#sSpan2443" value="ϣϣⲉ"/>
		<feat xlink:href="#sSpan2447" value="ⲉⲣⲟ⳯"/>
		<feat xlink:href="#sSpan2453" value="ⲛ̄ⲟⲩⲏⲣ"/>
		<feat xlink:href="#sSpan2460" value="ⲉⲣⲟⲉⲓⲥ"/>
		<feat xlink:href="#sSpan2467" value="ϫⲉⲛ̄ⲛⲉⲡϫⲁϫⲉ"/>
		<feat xlink:href="#sSpan2479" value="ϥⲓ"/>
		<feat xlink:href="#sSpan2483" value="ⲛ̄ϫⲓⲟⲩⲉ"/>
		<feat xlink:href="#sSpan2491" value="ⲙ̄ⲡⲉⲛⲡⲉⲧⲛⲁⲛⲟⲩϥ"/>
		<feat xlink:href="#sSpan2505" value="ⲉⲧ︤ⲛ︥ⲉⲓⲣⲉ"/>
		<feat xlink:href="#sSpan2514" value="ⲙ︤ⲙⲟϥ"/>
		<feat xlink:href="#sSpan2522" value="·"/>
		<feat xlink:href="#sSpan2526" value=":"/>
		<feat xlink:href="#sSpan2531" value="ⲛⲉⲛϣⲗⲏⲗ"/>
		<feat xlink:href="#sSpan2538" value="·"/>
		<feat xlink:href="#sSpan2542" value="ⲙ︤ⲛ︥ⲛⲉⲛⲛⲏⲥⲧⲉⲓⲁ"/>
		<feat xlink:href="#sSpan2553" value="·"/>
		<feat xlink:href="#sSpan2557" value="ⲙ︤ⲛ︥ⲡⲉⲛⲧ︤ⲃ︥ⲃⲟ"/>
		<feat xlink:href="#sSpan2567" value="·"/>
		<feat xlink:href="#sSpan2571" value="ⲁⲩⲱ"/>
		<feat xlink:href="#sSpan2577" value="ⲧⲉⲛϩⲩⲡⲟⲙⲟⲛⲏ"/>
		<feat xlink:href="#sSpan2585" value="·"/>
		<feat xlink:href="#sSpan2590" value="ⲙ̄ⲡⲓϣⲱϣ"/>
		<feat xlink:href="#sSpan2606" value="ⲅⲁⲣ"/>
		<feat xlink:href="#sSpan2611" value="ⲁⲛ"/>
		<feat xlink:href="#sSpan2615" value="ⲛ̄ⲟⲩⲱⲧ⳿"/>
		<feat xlink:href="#sSpan2622" value="ⲡⲉ"/>
		<feat xlink:href="#sSpan2626" value="ⲡϫⲓⲟⲩⲉ"/>
		<feat xlink:href="#sSpan2634" value="ⲛ̄ⲟⲩϩⲁⲧ"/>
		<feat xlink:href="#sSpan2643" value="ⲙ︤ⲛ︥ⲟⲩⲛⲟⲩⲃ"/>
		<feat xlink:href="#sSpan2653" value="·"/>
		<feat xlink:href="#sSpan2658" value="ⲁⲗⲗⲁ"/>
		<feat xlink:href="#sSpan2663" value="ⲛ̄ⲑⲉ"/>
		<feat xlink:href="#sSpan2671" value="ⲉⲧⲉⲣⲉⲧ︤ⲙ︦ⲛ︦ⲧ︥ⲡⲁⲣⲑⲉⲛⲟⲥ"/>
		<feat xlink:href="#sSpan2685" value="ⲁⲩⲱ"/>
		<feat xlink:href="#sSpan2691" value="ⲧ︤ⲙ︦ⲛ︦ⲧ︥ⲙⲟⲛⲟⲭⲟⲥ"/>
		<feat xlink:href="#sSpan2701" value="ⲧⲁⲓ̈ⲏⲩ"/>
		<feat xlink:href="#sSpan2706" value="ⲙ̄ⲙⲟⲥ"/>
		<feat xlink:href="#sSpan2712" value="·"/>
		<feat xlink:href="#sSpan2716" value="ⲛ̄ⲧⲉⲓ̈ϩⲉ"/>
		<feat xlink:href="#sSpan2725" value="ⲟⲛ"/>
		<feat xlink:href="#sSpan2730" value="ϥⲥⲡⲟⲩⲇⲁⲍⲉ"/>
		<feat xlink:href="#sSpan2738" value="ⲉϥⲓⲧⲟⲩ"/>
		<feat xlink:href="#sSpan2747" value="ⲛ̄ϫⲓⲟⲩⲉ"/>
		<feat xlink:href="#sSpan2755" value="ⲛ̄ϭⲓⲡϫⲁϫⲉ"/>
		<feat xlink:href="#sSpan2765" value="·"/>
		<feat xlink:href="#sSpan2769" value="ⲡⲉⲛⲧⲁϥϫⲡⲟ"/>
		<feat xlink:href="#sSpan2786" value="ⲇⲉ"/>
		<feat xlink:href="#sSpan2790" value="ⲛⲁϥ"/>
		<feat xlink:href="#sSpan2797" value="ⲛ̄ϩⲉⲛⲙⲁⲣⲕⲁⲣⲓⲧⲏⲥ"/>
		<feat xlink:href="#sSpan2808" value="."/>
		<feat xlink:href="#sSpan2813" value="ⲏ̇"/>
		<feat xlink:href="#sSpan2818" value="ⲟⲩⲛⲟⲩⲃ"/>
		<feat xlink:href="#sSpan2825" value="."/>
		<feat xlink:href="#sSpan2829" value="ϣⲁϥⲣ̄ⲟⲩϣⲏ⳿"/>
		<feat xlink:href="#sSpan2843" value="ⲛ̄ⲣⲟⲉⲓⲥ"/>
		<feat xlink:href="#sSpan2851" value="·"/>
		<feat xlink:href="#sSpan2855" value="ⲉϣϫⲉ"/>
		<feat xlink:href="#sSpan2861" value="ϣⲁⲣⲉⲡϫⲁϫⲉ"/>
		<feat xlink:href="#sSpan2873" value="ⲣ̄ⲟⲩϣⲏ"/>
		<feat xlink:href="#sSpan2881" value="ⲛ̄ⲣⲟ"/>
		<feat xlink:href="#sSpan2890" value="ⲉⲧⲃⲉⲟⲩⲡⲟⲛⲏⲣⲓⲁ"/>
		<feat xlink:href="#sSpan2901" value="·"/>
		<feat xlink:href="#sSpan2905" value="ⲉⲓ̈ⲉ"/>
		<feat xlink:href="#sSpan2909" value="ϥⲛⲁⲣⲟⲉⲓⲥ"/>
		<feat xlink:href="#sSpan2918" value="ⲛ̄ⲟⲩⲏⲣ"/>
		<feat xlink:href="#sSpan2925" value="ⲛ̄ϭⲓⲡⲉⲧⲉⲟⲩⲛ̄ⲧ︤ϥ︥"/>
		<feat xlink:href="#sSpan2940" value="ⲛⲉⲭⲣⲏⲙⲁ"/>
		<feat xlink:href="#sSpan2948" value="·"/>
		<feat xlink:href="#sSpan2952" value="ϫⲉⲛ̄ⲛⲉⲩⲉⲡⲓⲃⲟⲩⲗⲉⲩⲉ"/>
		<feat xlink:href="#sSpan2965" value="ⲉⲣⲟⲟⲩ"/>
		<feat xlink:href="#sSpan2971" value="·"/>
		<feat xlink:href="#sSpan2976" value="ⲙⲁⲣ︤ⲛ︥ⲣ̄ⲡⲙⲉⲉⲩⲉ"/>
		<feat xlink:href="#sSpan2996" value="ⲛ̄ⲛⲉⲛⲧⲁⲛⲉⲛⲉⲓⲱⲧ⳿"/>
		<feat xlink:href="#sSpan3013" value="ϫⲟⲟⲩ"/>
		<feat xlink:href="#sSpan3019" value="ϫⲉϩⲉⲛⲥⲛⲏⲩ"/>
		<feat xlink:href="#sSpan3031" value="ⲕⲁⲧⲁⲡⲉⲛⲃⲓⲟⲥ"/>
		<feat xlink:href="#sSpan3042" value=","/>
		<feat xlink:href="#sSpan3046" value="ⲉⲩⲛⲏⲥⲧⲉⲩⲉ"/>
		<feat xlink:href="#sSpan3055" value="ⲉⲩϣⲗⲏⲗ"/>
		<feat xlink:href="#sSpan3065" value="ⲇⲉ"/>
		<feat xlink:href="#sSpan3069" value="ⲟⲛ"/>
		<feat xlink:href="#sSpan3074" value="·"/>
		<feat xlink:href="#sSpan3078" value="ⲉⲩⲟ"/>
		<feat xlink:href="#sSpan3086" value="ⲛ̄ⲟⲩϣⲏ̂"/>
		<feat xlink:href="#sSpan3094" value="ⲛ̄ⲣⲟⲉⲓⲥ"/>
		<feat xlink:href="#sSpan3101" value="·"/>
		<feat xlink:href="#sSpan3105" value="ⲉⲩϫⲓϭⲟⲗ"/>
		<feat xlink:href="#sSpan3117" value="ⲇⲉ"/>
		<feat xlink:href="#sSpan3121" value="ⲟⲛ"/>
		<feat xlink:href="#sSpan3126" value="·"/>
		<feat xlink:href="#sSpan3130" value="ⲉⲩⲙⲓϣⲉ"/>
		<feat xlink:href="#sSpan3138" value="·"/>
		<feat xlink:href="#sSpan3142" value="ⲉⲩϯⲧⲱⲛ"/>
		<feat xlink:href="#sSpan3153" value="·"/>
		<feat xlink:href="#sSpan3157" value="ⲉⲩⲕⲣ︤ⲙ︥ⲣ︤ⲙ︥̄"/>
		<feat xlink:href="#sSpan3166" value="ⲁⲩⲱ"/>
		<feat xlink:href="#sSpan3171" value="ⲉⲩⲕⲁⲧⲁⲗⲁⲗⲉⲓ"/>
		<feat xlink:href="#sSpan3181" value="·"/>
		<feat xlink:href="#sSpan3185" value="ⲉⲩⲙⲟⲥⲧⲉ"/>
		<feat xlink:href="#sSpan3194" value="·"/>
		<feat xlink:href="#sSpan3198" value="ⲉⲩⲙⲟⲟϣⲉ"/>
		<feat xlink:href="#sSpan3208" value="ϩ︤ⲛ︥ⲟⲩϩⲏⲧ⳿"/>
		<feat xlink:href="#sSpan3218" value="ⲙ̄ⲙ︤ⲛ︦ⲧ︥ϣ︤ⲙ︥ⲙⲟ⳿"/>
		<feat xlink:href="#sSpan3229" value="·"/>
		<feat xlink:href="#sSpan3233" value="ⲉⲩϫⲱϩ︤ⲙ︥"/>
		<feat xlink:href="#sSpan3242" value="ⲙ̄ⲙⲟⲟⲩ"/>
		<feat xlink:href="#sSpan3248" value="·"/>
		<feat xlink:href="#sSpan3252" value="ⲁⲩⲱ"/>
		<feat xlink:href="#sSpan3257" value="ⲉ̣ⲩⲟ"/>
		<feat xlink:href="#sSpan3265" value="ⲛ̄ⲕⲣⲟϥ"/>
		<feat xlink:href="#sSpan3272" value="."/>
		<feat xlink:href="#sSpan3276" value="ⲉⲩⲉⲓⲣⲉ"/>
		<feat xlink:href="#sSpan3286" value="ⲛ̄ϩⲱⲃ"/>
		<feat xlink:href="#sSpan3294" value="ⲛⲓⲙ"/>
		<feat xlink:href="#sSpan3299" value="ⲉϥϩⲟⲟⲩ"/>
		<feat xlink:href="#sSpan3307" value="·"/>
		<feat xlink:href="#sSpan3311" value="ⲛⲁⲓ̈"/>
		<feat xlink:href="#sSpan3318" value="ⲛ̄ⲧⲉⲓ̈ⲙⲓⲛⲉ"/>
		<feat xlink:href="#sSpan3327" value="ⲉⲩϣⲡ︥ϩⲓⲥⲉ"/>
		<feat xlink:href="#sSpan3338" value="ⲉⲡϫⲓⲛϫⲏ"/>
		<feat xlink:href="#sSpan3348" value="·"/>
		<feat xlink:href="#sSpan3352" value="ⲁⲩⲱ"/>
		<feat xlink:href="#sSpan3356" value="ⲙ̄ⲙ︤ⲛ︥ⲗⲁⲁⲩ"/>
		<feat xlink:href="#sSpan3364" value="ⲛ̄ⲛⲟϥⲣⲉ"/>
		<feat xlink:href="#sSpan3371" value="ⲛⲁϣⲱⲡⲉ"/>
		<feat xlink:href="#sSpan3378" value="ⲛⲁⲩ"/>
		<feat xlink:href="#sSpan3384" value="·"/>
		<feat xlink:href="#sSpan3388" value="ⲉⲡϫⲓ⳯ϫⲏ̂"/>
		<feat xlink:href="#sSpan3400" value="ⲛⲁⲩ"/>
		<feat xlink:href="#sSpan3406" value="ⲟⲛ"/>
		<feat xlink:href="#sSpan3410" value="ⲧⲉ"/>
		<feat xlink:href="#sSpan3416" value="ⲧⲉⲩϩⲩⲡⲟⲙⲟⲛⲏ̂"/>
		<feat xlink:href="#sSpan3424" value="·"/>
		<feat xlink:href="#sSpan3428" value="ⲕⲁⲧⲁⲡⲉ⳯ⲧⲁⲩϫⲟⲟϥ"/>
		<feat xlink:href="#sSpan3452" value="ϫⲉⲟⲩⲕⲛⲁⲁⲩ"/>
		<feat xlink:href="#sSpan3462" value="ⲉϥⲙⲉϩ"/>
		<feat xlink:href="#sSpan3471" value="ⲁⲛ"/>
		<feat xlink:href="#sSpan3475" value="ⲡⲉ"/>
		<feat xlink:href="#sSpan3479" value=","/>
		<feat xlink:href="#sSpan3483" value="ⲉⲧⲣⲉϥⲣ̄ⲛⲟⲉⲓⲧ"/>
		<feat xlink:href="#sSpan3496" value="."/>
		<feat xlink:href="#sSpan3500" value="ϩⲙ̄ⲡⲁⲓ̈"/>
		<feat xlink:href="#sSpan3510" value="ⲟⲛ"/>
		<feat xlink:href="#sSpan3514" value="ⲉⲛⲧⲁⲩϫⲟⲟⲥ"/>
		<feat xlink:href="#sSpan3527" value="ϫⲉϫⲟ"/>
		<feat xlink:href="#sSpan3534" value="ⲛ̄ϩⲉⲛⲥⲟⲩⲟ"/>
		<feat xlink:href="#sSpan3543" value="·"/>
		<feat xlink:href="#sSpan3547" value="ⲛ̄ⲧⲉⲧ︤ⲛ︥ⲱϩ︤ⲥ︥"/>
		<feat xlink:href="#sSpan3556" value="ⲛ̄ϩⲉⲛϣⲟⲛⲧⲉ"/>
		<feat xlink:href="#sSpan3566" value="·"/>
		<feat xlink:href="#sSpan3571" value="ⲛⲉⲩⲕⲗⲏⲣⲟⲥ"/>
		<feat xlink:href="#sSpan3581" value="ⲛ̄ⲥⲉⲛⲁϯϩⲏⲩ"/>
		<feat xlink:href="#sSpan3594" value="ⲛⲁⲩ"/>
		<feat xlink:href="#sSpan3601" value="ⲁⲛ"/>
		<feat xlink:href="#sSpan3605" value="·"/>
		<feat xlink:href="#sSpan3611" value="ⲉⲧⲃⲉⲡⲁⲓ̈"/>
		<feat xlink:href="#sSpan3625" value="ϭⲉ"/>
		<feat xlink:href="#sSpan3629" value="ⲣⲟⲉⲓⲥ"/>
		<feat xlink:href="#sSpan3634" value="ⲙ̄ⲡⲣ̄ⲕⲁ"/>
		<feat xlink:href="#sSpan3641" value="ⲡϫⲁϫⲉ"/>
		<feat xlink:href="#sSpan3650" value="ⲉⲧⲁⲕⲟ"/>
		<feat xlink:href="#sSpan3657" value="ⲙ̄ⲡⲉⲛⲡⲉⲧⲛⲁⲛⲟⲩϥ"/>
		<feat xlink:href="#sSpan3671" value="ⲉⲧⲛ̄ⲉⲓⲣⲉ"/>
		<feat xlink:href="#sSpan3680" value="ⲙ̄ⲙⲟϥ"/>
		<feat xlink:href="#sSpan3686" value="."/>
		<feat xlink:href="#sSpan3691" value="ⲁⲗⲗⲁ"/>
		<feat xlink:href="#sSpan3698" value="ϩ︤ⲛ︥ϩⲁⲣⲉϩ"/>
		<feat xlink:href="#sSpan3705" value="ⲛⲓⲙ"/>
		<feat xlink:href="#sSpan3710" value="ϩⲁⲣⲉϩ⳿"/>
		<feat xlink:href="#sSpan3714" value="ⲉⲡⲉⲛϩⲏⲧ⳿"/>
		<feat xlink:href="#sSpan3724" value="ⲉⲃⲟⲗ"/>
		<feat xlink:href="#sSpan3730" value="ϩ︤ⲛ︥ⲙⲉⲉⲩⲉ"/>
		<feat xlink:href="#sSpan3737" value="ⲛⲓⲙ"/>
		<feat xlink:href="#sSpan3742" value="ⲉϥϫⲁϩ︤ⲙ︥"/>
		<feat xlink:href="#sSpan3751" value="ⲛ̄ⲧⲉⲡⲇⲓⲁⲃⲟⲗⲟⲥ"/>
		<feat xlink:href="#sSpan3762" value="·"/>
		<feat xlink:href="#sSpan3766" value="ϫⲉⲕⲁⲥ"/>
		<feat xlink:href="#sSpan3770" value="ⲉⲛⲛⲁⲣ︤ⲙ︥ⲡϣⲁ"/>
		<feat xlink:href="#sSpan3783" value="ⲛ̄ⲥⲱⲧ︤ⲙ︥"/>
		<feat xlink:href="#sSpan3790" value="ⲉⲡⲁⲓ̈"/>
		<feat xlink:href="#sSpan3797" value="ϩ︤ⲛ︥ⲟⲩⲧⲱⲧ"/>
		<feat xlink:href="#sSpan3807" value="ⲛ̄ϩⲏⲧ⳿"/>
		<feat xlink:href="#sSpan3814" value="ϫⲉⲛ̄ⲥⲉⲛⲁⲣ̄ϩⲱⲃ"/>
		<feat xlink:href="#sSpan3829" value="ⲁⲛ"/>
		<feat xlink:href="#sSpan3833" value="ⲛ̄ϣ︤ⲙ︥ⲙⲟ̂"/>
		<feat xlink:href="#sSpan3840" value="ϫⲓⲛⲙ̄ⲡⲓⲛⲁⲩ"/>
		<feat xlink:href="#sSpan3852" value="·"/>
		<feat xlink:href="#sSpan3857" value="ⲁⲗⲗⲁ"/>
		<feat xlink:href="#sSpan3864" value="ⲉⲩⲛⲁⲣ̄ϩⲱⲃ"/>
		<feat xlink:href="#sSpan3876" value="ⲙ̄ⲡϫⲟⲉⲓⲥ"/>
		<feat xlink:href="#sSpan3886" value="ⲡⲉⲩⲛⲟⲩⲧⲉ"/>
		<feat xlink:href="#sSpan3893" value="·"/>
		<feat xlink:href="#sSpan3898" value="ⲕⲁⲓ"/>
		<feat xlink:href="#sSpan3911" value="ⲅⲁⲣ"/>
		<feat xlink:href="#sSpan3915" value="ⲉϣⲁⲣⲉⲛ̄ⲗⲏⲥⲧⲏⲥ"/>
		<feat xlink:href="#sSpan3928" value="ϭⲱⲧ︤ϩ︥"/>
		<feat xlink:href="#sSpan3933" value="ⲁⲛ⳿"/>
		<feat xlink:href="#sSpan3937" value="ⲉⲟⲩⲏⲓ̈"/>
		<feat xlink:href="#sSpan3947" value=","/>
		<feat xlink:href="#sSpan3952" value="ⲏ̂"/>
		<feat xlink:href="#sSpan3956" value="ⲟⲩⲙⲁ̂"/>
		<feat xlink:href="#sSpan3963" value="ⲉⲙ︤ⲛ︥ⲭⲣⲏⲙⲁ"/>
		<feat xlink:href="#sSpan3975" value="ⲛ̄ϩⲏⲧ︤ϥ︥"/>
		<feat xlink:href="#sSpan3983" value="·"/>
		<feat xlink:href="#sSpan3988" value="ⲁⲗⲗⲁ"/>
		<feat xlink:href="#sSpan3992" value="ⲉϣⲁⲩϭⲱⲧ︤ϩ︥"/>
		<feat xlink:href="#sSpan4003" value="ⲉⲡⲙⲁ"/>
		<feat xlink:href="#sSpan4014" value="ⲉⲧⲟⲩⲛⲁϭⲛ̄ⲭⲣⲏⲙⲁ"/>
		<feat xlink:href="#sSpan4028" value="ⲙ̄ⲙⲁⲩ"/>
		<feat xlink:href="#sSpan4033" value="·"/>
		<feat xlink:href="#sSpan4038" value="ⲟⲩⲧⲉ"/>
		<feat xlink:href="#sSpan4045" value="ⲉϣⲁⲩϭⲱⲧ︤ϩ︥"/>
		<feat xlink:href="#sSpan4056" value="ⲁⲛ"/>
		<feat xlink:href="#sSpan4060" value="ⲉⲡⲙⲁ"/>
		<feat xlink:href="#sSpan4069" value="ⲉⲧⲟⲩⲣⲟⲉⲓⲥ"/>
		<feat xlink:href="#sSpan4079" value="ⲛ̄ϩⲏⲧ︤ϥ︥"/>
		<feat xlink:href="#sSpan4087" value="ⲉⲧⲣⲉⲩϣⲱⲗ"/>
		<feat xlink:href="#sSpan4098" value="·"/>
		<feat xlink:href="#sSpan4103" value="ⲁⲗⲗⲁ"/>
		<feat xlink:href="#sSpan4107" value="ⲡⲙⲁ"/>
		<feat xlink:href="#sSpan4115" value="ⲉⲧⲟⲩⲥⲟⲟⲩⲛ"/>
		<feat xlink:href="#sSpan4124" value="ϫⲉ"/>
		<feat xlink:href="#sSpan4128" value="ⲛ̄ⲥⲉⲣⲟⲉⲓⲥ"/>
		<feat xlink:href="#sSpan4137" value="ⲁⲛ"/>
		<feat xlink:href="#sSpan4142" value="ⲛ̄ϩⲏⲧ︤ϥ︥"/>
		<feat xlink:href="#sSpan4150" value="ⲁⲩⲱ"/>
		<feat xlink:href="#sSpan4154" value="ⲥⲉⲟⲃ︤ϣ︥"/>
		<feat xlink:href="#sSpan4161" value="."/>
		<feat xlink:href="#sSpan4165" value="ⲛ̄ⲧⲟⲟⲩ"/>
		<feat xlink:href="#sSpan4172" value="ⲛⲉⲧⲉϣⲁⲩϭⲱⲧ︤ϩ︥"/>
		<feat xlink:href="#sSpan4185" value="ⲉⲣⲟⲟⲩ"/>
		<feat xlink:href="#sSpan4191" value="ⲛ̄ⲥⲉⲧⲱⲣ︤ⲡ︥"/>
		<feat xlink:href="#sSpan4201" value="ⲙ̄ⲡⲉⲧⲟⲩⲛⲁϭⲛ̄ⲧϥ̄"/>
		<feat xlink:href="#sSpan4219" value="·"/>
		<feat xlink:href="#sSpan4223" value="ⲛ̄ⲧⲉⲓ̈"/>
		<feat xlink:href="#sSpan4235" value="ϩⲉ"/>
		<feat xlink:href="#sSpan4241" value="ⲟⲛ"/>
		<feat xlink:href="#sSpan4245" value="ⲉϣⲁⲣⲉⲡⲇⲓⲁⲃⲟⲗⲟⲥ"/>
		<feat xlink:href="#sSpan4258" value="ⲧⲱⲣ︤ⲡ︥"/>
		<feat xlink:href="#sSpan4263" value="ⲁⲛ"/>
		<feat xlink:href="#sSpan4267" value="ⲙ̄ⲡⲉⲧⲣⲟⲉⲓⲥ"/>
		<feat xlink:href="#sSpan4279" value="ⲁⲩⲱ"/>
		<feat xlink:href="#sSpan4284" value="ⲉⲧϩⲁⲣⲉϩ"/>
		<feat xlink:href="#sSpan4290" value="ⲉⲡⲉϥϩⲓⲥⲉ"/>
		<feat xlink:href="#sSpan4300" value="ⲛⲁϥ"/>
		<feat xlink:href="#sSpan4307" value="."/>
		<feat xlink:href="#sSpan4312" value="ⲁⲗⲗⲁ"/>
		<feat xlink:href="#sSpan4317" value="ⲡⲉⲧ︤ϥ︥ⲛⲁϭ︤ⲛ︥ⲧ︤ϥ︥"/>
		<feat xlink:href="#sSpan4332" value="ⲉϥⲣⲟⲉⲓⲥ"/>
		<feat xlink:href="#sSpan4341" value="ⲁⲛ"/>
		<feat xlink:href="#sSpan4345" value="·"/>
		<feat xlink:href="#sSpan4350" value="ⲟⲩⲧⲉ"/>
		<feat xlink:href="#sSpan4355" value="ⲛ︤ϥ︥ⲣ̄ϩⲟⲧⲉ"/>
		<feat xlink:href="#sSpan4368" value="ⲁⲛ"/>
		<feat xlink:href="#sSpan4372" value="ϩⲏⲧ︤ϥ︥"/>
		<feat xlink:href="#sSpan4378" value="ⲙ̄ⲡⲛⲟⲩⲧⲉ"/>
		<feat xlink:href="#sSpan4388" value="·"/>
		<feat xlink:href="#sSpan4393" value="ⲟⲩⲧⲉ"/>
		<feat xlink:href="#sSpan4398" value="ⲛ︤ϥ︥ⲉⲓⲣⲉ"/>
		<feat xlink:href="#sSpan4406" value="ⲁⲛ"/>
		<feat xlink:href="#sSpan4411" value="ⲙ̄ⲡⲙⲉⲉⲩⲉ"/>
		<feat xlink:href="#sSpan4420" value="ϫⲉⲉϥⲛⲏⲩ"/>
		<feat xlink:href="#sSpan4432" value="ⲉϩⲣⲁⲓ̈"/>
		<feat xlink:href="#sSpan4437" value="ⲉⲛϭⲓϫ"/>
		<feat xlink:href="#sSpan4446" value="ⲙ̄ⲡⲛⲟⲩⲧⲉ"/>
		<feat xlink:href="#sSpan4456" value="ⲛ̄ⲁϣ"/>
		<feat xlink:href="#sSpan4462" value="ⲛ̄ϩⲉ"/>
		<feat xlink:href="#sSpan4469" value="·"/>
		<feat xlink:href="#sSpan4474" value="ⲁⲗⲗⲁ"/>
		<feat xlink:href="#sSpan4478" value="ⲉϥϣⲉⲉⲓ"/>
		<feat xlink:href="#sSpan4487" value="ⲙ︤ⲛ︥ⲧⲏⲩ"/>
		<feat xlink:href="#sSpan4494" value="ⲛⲓⲙ"/>
		<feat xlink:href="#sSpan4499" value="·"/>
		<feat xlink:href="#sSpan4503" value="ⲛ̄ⲧⲟϥ"/>
		<feat xlink:href="#sSpan4510" value="ⲡⲉⲧⲉϣⲁϥⲧⲱⲣ︤ⲡ︥"/>
		<feat xlink:href="#sSpan4523" value="ⲙⲡⲉϥⲡⲉⲧⲛⲁⲛⲟⲩϥ"/>
		<feat xlink:href="#sSpan4536" value="ⲉⲧϥⲉⲓⲣⲉ"/>
		<feat xlink:href="#sSpan4545" value="ⲙ̄ⲙⲟϥ"/>
		<feat xlink:href="#sSpan4552" value="ⲁϫ︤ⲛ︥ϯⲥⲟ̂"/>
		<feat xlink:href="#sSpan4562" value="·"/>
		<feat xlink:href="#sSpan4568" value="ⲉⲧⲃⲉⲡⲁⲓ̈"/>
		<feat xlink:href="#sSpan4583" value="ϭⲉ"/>
		<feat xlink:href="#sSpan4588" value="ⲛⲉⲥⲛⲏⲩ"/>
		<feat xlink:href="#sSpan4595" value="ⲟⲩⲟⲛ"/>
		<feat xlink:href="#sSpan4601" value="ⲛⲓⲙ"/>
		<feat xlink:href="#sSpan4606" value="ⲉⲧⲟ"/>
		<feat xlink:href="#sSpan4612" value="ⲛ̄ⲟⲩϩⲏⲧ⳿"/>
		<feat xlink:href="#sSpan4622" value="ⲛ̄ⲟⲩⲱⲧ"/>
		<feat xlink:href="#sSpan4628" value="ⲙ︤ⲛ︥ⲡⲛⲟⲩⲧⲉ"/>
		<feat xlink:href="#sSpan4638" value="ⲁⲩⲱ"/>
		<feat xlink:href="#sSpan4643" value="ⲙ︤ⲛ︥ⲛⲉⲛⲉⲓⲟⲧⲉ"/>
		<feat xlink:href="#sSpan4653" value=","/>
		<feat xlink:href="#sSpan4657" value="ⲁⲩⲱ"/>
		<feat xlink:href="#sSpan4661" value="ⲛ︤ⲙ︥ⲙⲁⲛ"/>
		<feat xlink:href="#sSpan4668" value="ϩⲱⲱ⳯"/>
		<feat xlink:href="#sSpan4674" value="ⲟⲛ,"/>
		<feat xlink:href="#sSpan4682" value="ⲉⲓⲧⲉ"/>
		<feat xlink:href="#sSpan4687" value="ϩⲟⲟⲩⲧ⳿"/>
		<feat xlink:href="#sSpan4693" value="ⲉⲓⲧⲉ"/>
		<feat xlink:href="#sSpan4698" value="ⲥϩⲓⲙⲉ"/>
		<feat xlink:href="#sSpan4703" value="."/>
		<feat xlink:href="#sSpan4708" value="ⲉⲓⲧⲉ"/>
		<feat xlink:href="#sSpan4713" value="ⲛⲟϭ"/>
		<feat xlink:href="#sSpan4718" value="ⲉⲓⲧⲉ"/>
		<feat xlink:href="#sSpan4724" value="ⲕⲟⲩⲉⲓ"/>
		<feat xlink:href="#sSpan4728" value="·"/>
		<feat xlink:href="#sSpan4732" value="ϩⲁⲧⲏⲛ"/>
		<feat xlink:href="#sSpan4739" value=","/>
		<feat xlink:href="#sSpan4743" value="ⲁⲩⲱ"/>
		<feat xlink:href="#sSpan4747" value="ϩⲁⲧⲉⲧⲏⲩⲧⲛ̄"/>
		<feat xlink:href="#sSpan4755" value="ⲧⲱⲕ"/>
		<feat xlink:href="#sSpan4760" value="ⲛ̄ϩⲏⲧ"/>
		<feat xlink:href="#sSpan4766" value="ⲁⲩⲱ"/>
		<feat xlink:href="#sSpan4771" value="ⲣⲟⲉⲓⲥ"/>
		<feat xlink:href="#sSpan4775" value="ⲙ̄ⲡ︤ⲣ︥ϯϩⲓⲛⲏⲃ"/>
		<feat xlink:href="#sSpan4784" value="ⲛ̄ⲛⲉⲛⲃⲁⲗ"/>
		<feat xlink:href="#sSpan4794" value="·"/>
		<feat xlink:href="#sSpan4799" value="ⲟⲩⲧⲉ"/>
		<feat xlink:href="#sSpan4807" value="ⲣⲉⲕⲣⲓⲕⲉ"/>
		<feat xlink:href="#sSpan4812" value="ⲛ̄ⲛⲉⲛⲃⲟⲩϩⲉ"/>
		<feat xlink:href="#sSpan4822" value="·"/>
		<feat xlink:href="#sSpan4827" value="ϣⲁⲛⲧⲉⲡϫⲟⲉⲓⲥ"/>
		<feat xlink:href="#sSpan4837" value="ⲛⲁϩ︤ⲙ︦ⲛ︥"/>
		<feat xlink:href="#sSpan4843" value="ⲉⲡⲉⲓⲣⲁⲥⲙⲟⲥ"/>
		<feat xlink:href="#sSpan4852" value="ⲛⲓⲙ"/>
		<feat xlink:href="#sSpan4857" value="ⲛ̄ⲧⲉⲡϫⲁϫⲉ"/>
		<feat xlink:href="#sSpan4867" value="·"/>
		<feat xlink:href="#sSpan4871" value="ⲛⲁϣⲉⲛⲉⲧⲫⲑⲟⲛⲉⲓ"/>
		<feat xlink:href="#sSpan4887" value="ⲅⲁⲣ"/>
		<feat xlink:href="#sSpan4891" value="ⲉⲣⲟⲛ"/>
		<feat xlink:href="#sSpan4898" value="·"/>
		<feat xlink:href="#sSpan4902" value="ⲁⲩⲱ"/>
		<feat xlink:href="#sSpan4911" value="ⲙ̄ⲡⲣ̄ⲛⲁⲩ"/>
		<feat xlink:href="#sSpan4919" value="ⲉϩⲉ⳯ⲥⲛⲏⲩ"/>
		<feat xlink:href="#sSpan4929" value="ⲉⲩϣⲧⲣ̄ⲧⲱⲣ"/>
		<feat xlink:href="#sSpan4938" value="ⲛ̄ϩⲁϩ"/>
		<feat xlink:href="#sSpan4945" value="ⲛ̄ⲥⲟⲡ⳿"/>
		<feat xlink:href="#sSpan4952" value="ϩ︤ⲙ︥ⲡⲙⲓϣⲉ"/>
		<feat xlink:href="#sSpan4963" value="ⲙ︤ⲛ︥ⲡϯⲧⲱⲛ⳿"/>
		<feat xlink:href="#sSpan4975" value="ⲁⲩⲱ"/>
		<feat xlink:href="#sSpan4979" value="ⲉⲩⲁⲣⲛⲁ"/>
		<feat xlink:href="#sSpan4989" value="ⲛ̄ⲧⲉⲩϩⲩⲡⲟⲙⲟⲛⲏ̂"/>
		<feat xlink:href="#sSpan5000" value="·"/>
		<feat xlink:href="#sSpan5005" value="ⲛ̄ⲥⲉⲥⲕⲁⲛⲇⲁⲗⲓⲍⲉ"/>
		<feat xlink:href="#sSpan5015" value="ⲙ̄ⲙⲱⲧ︤ⲛ︥"/>
		<feat xlink:href="#sSpan5022" value="·"/>
		<feat xlink:href="#sSpan5027" value="ⲁⲗⲗⲁ"/>
		<feat xlink:href="#sSpan5033" value="ⲛ̄ⲛⲉⲡⲛⲟⲩⲧⲉ"/>
		<feat xlink:href="#sSpan5044" value="ϫⲟⲟϥ"/>
		<feat xlink:href="#sSpan5050" value="ⲉⲧⲣⲉⲩⲥⲕⲁⲛⲇⲁⲗⲓⲍⲉ"/>
		<feat xlink:href="#sSpan5062" value="ⲛ̄ⲙ̄ⲙⲁⲓ̈ⲛⲟⲩⲧⲉ"/>
		<feat xlink:href="#sSpan5076" value="ⲉⲛⲉϩ"/>
		<feat xlink:href="#sSpan5081" value="."/>
		<feat xlink:href="#sSpan5085" value="ⲛⲁⲓ̈"/>
		<feat xlink:href="#sSpan5090" value="ⲉⲧⲉⲟⲩⲛ̄ⲧⲁⲩ"/>
		<feat xlink:href="#sSpan5099" value="ⲙ̄ⲙⲁⲩ"/>
		<feat xlink:href="#sSpan5103" value="ⲛ̄ⲧⲉⲩⲡⲓⲥⲧⲓⲥ"/>
		<feat xlink:href="#sSpan5114" value="ⲉⲥϫⲏⲕ⳿"/>
		<feat xlink:href="#sSpan5123" value="ⲉⲃⲟⲗ"/>
		<feat xlink:href="#sSpan5127" value="ⲉϩⲟⲩⲛ"/>
		<feat xlink:href="#sSpan5132" value="ⲉⲡⲉⲭ︤ⲥ︥"/>
		<feat xlink:href="#sSpan5143" value="·"/>
		<feat xlink:href="#sSpan5147" value="ⲁⲩⲱ"/>
		<feat xlink:href="#sSpan5151" value="ⲉⲧⲁϩⲉ"/>
		<feat xlink:href="#sSpan5158" value="ⲉⲡⲉⲡⲛ̄︤ⲁ︥"/>
		<feat xlink:href="#sSpan5168" value="ⲙ̄ⲡⲛⲟⲩⲧⲉ"/>
		<feat xlink:href="#sSpan5178" value="·"/>
		<feat xlink:href="#sSpan5183" value="ⲛ̄ⲧⲱⲧ︤ⲛ︥"/>
		<feat xlink:href="#sSpan5196" value="ⲇⲉ"/>
		<feat xlink:href="#sSpan5200" value="ⲛⲉⲧⲣ̄ⲛⲟⲃⲉ"/>
		<feat xlink:href="#sSpan5211" value="ⲁⲩⲱ"/>
		<feat xlink:href="#sSpan5215" value="ⲉⲧⲁⲣⲛⲁ"/>
		<feat xlink:href="#sSpan5223" value="ⲛ̄ⲧⲉⲩϩⲩⲡⲟⲙⲟⲛⲏ̂"/>
		<feat xlink:href="#sSpan5234" value="ⲁⲩⲱ"/>
		<feat xlink:href="#sSpan5239" value="ⲉⲧϣⲧⲟⲣⲧ︤ⲣ︥"/>
		<feat xlink:href="#sSpan5247" value="ⲛ̄ⲛ̄ⲥⲩⲛⲁⲅⲱⲅⲏ̂"/>
		<feat xlink:href="#sSpan5258" value="ϩ︤ⲛ︥ⲧ︤ⲙ︦ⲛ︦ⲧ︥ϩⲏⲧ⳿"/>
		<feat xlink:href="#sSpan5270" value="ϣⲏⲙ"/>
		<feat xlink:href="#sSpan5274" value="·"/>
		<feat xlink:href="#sSpan5278" value="ⲙ︤ⲛ︥ⲡⲕⲱϩ"/>
		<feat xlink:href="#sSpan5288" value="·"/>
		<feat xlink:href="#sSpan5292" value="ⲙ︤ⲛ︥ⲡⲙⲟⲥⲧⲉ"/>
		<feat xlink:href="#sSpan5302" value="·"/>
		<feat xlink:href="#sSpan5306" value="ⲙ︤ⲛ︥ⲡⲙⲓϣⲉ"/>
		<feat xlink:href="#sSpan5316" value="·"/>
		<feat xlink:href="#sSpan5320" value="ⲙ︤ⲛ︥ⲡϯⲧⲱⲛ"/>
		<feat xlink:href="#sSpan5332" value="·"/>
		<feat xlink:href="#sSpan5336" value="ⲙ︤ⲛ︥ⲡⲉⲕⲣⲟϥ"/>
		<feat xlink:href="#sSpan5346" value="·"/>
		<feat xlink:href="#sSpan5350" value="ⲟⲩⲟⲓ̈"/>
		<feat xlink:href="#sSpan5355" value="ⲛⲏⲧ︤ⲛ̄︥"/>
		<feat xlink:href="#sSpan5361" value="."/>
		<feat xlink:href="#sSpan5365" value="ⲉⲧⲉⲧⲛⲁⲣⲟⲩ̂"/>
		<feat xlink:href="#sSpan5380" value="ϩ︤ⲙ︥ⲡⲉϩⲟⲟⲩ"/>
		<feat xlink:href="#sSpan5391" value="ⲙ̄ⲡⲉⲧ︤ⲛ︥ϭⲙ̄︥ⲡϣⲓⲛⲉ"/>
		<feat xlink:href="#sSpan5404" value="·"/>
		<feat xlink:href="#sSpan5409" value="ⲧⲉⲧ︤ⲛ︥ⲑⲗⲓⲯⲓⲥ"/>
		<feat xlink:href="#sSpan5420" value="ⲅⲁⲣ"/>
		<feat xlink:href="#sSpan5424" value="ⲛⲏⲩ"/>
		<feat xlink:href="#sSpan5430" value="ⲙ̄ⲡⲟⲩⲉ"/>
		<feat xlink:href="#sSpan5439" value="·"/>
		<feat xlink:href="#sSpan5446" value="ⲏ̂"/>
		<feat xlink:href="#sSpan5456" value="ⲟⲩⲕⲣⲓⲙⲁ"/>
		<feat xlink:href="#sSpan5465" value="ⲛⲁⲛ"/>
		<feat xlink:href="#sSpan5472" value="ⲁⲛ"/>
		<feat xlink:href="#sSpan5477" value="ⲡⲉ"/>
		<feat xlink:href="#sSpan5481" value="ⲙ︤ⲛ︥ⲛ̄ⲥⲁⲧⲣⲉⲛⲁⲡⲟⲧⲁⲥⲥⲉ"/>
		<feat xlink:href="#sSpan5494" value="ⲙ̄ⲡⲉⲛⲧⲁⲛⲁⲡⲟⲧⲁⲥⲥⲉ"/>
		<feat xlink:href="#sSpan5511" value="ⲙ̄ⲙⲟϥ"/>
		<feat xlink:href="#sSpan5518" value="."/>
		<feat xlink:href="#sSpan5522" value="ⲁⲩⲱ"/>
		<feat xlink:href="#sSpan5526" value="ⲛ̄ⲧⲛ̄ⲥ︤ⲙ︦ⲛ︥ⲧⲟⲟⲧⲛ̄︥"/>
		<feat xlink:href="#sSpan5541" value="ⲙ︤ⲛ︥ⲡⲉⲛⲧⲁⲛⲥⲙ︦ⲛ︥ⲧⲟⲟⲧ︤ⲛ︥"/>
		<feat xlink:href="#sSpan5562" value="ⲛ︤ⲙ︥ⲙⲁϥ"/>
		<feat xlink:href="#sSpan5569" value="ϩ︤ⲛ︥ⲟⲩⲇⲓⲁⲑⲏⲕⲏ"/>
		<feat xlink:href="#sSpan5580" value="ⲉⲛϩⲟⲙⲟⲗⲟⲅⲉⲓ"/>
		<feat xlink:href="#sSpan5591" value="ϫⲉⲛ̄ⲛⲉⲛϫⲓⲟⲩⲉ"/>
		<feat xlink:href="#sSpan5602" value="·"/>
		<feat xlink:href="#sSpan5606" value="ⲛ̄ⲛⲉⲛϫⲓϭⲟⲗ"/>
		<feat xlink:href="#sSpan5617" value="·"/>
		<feat xlink:href="#sSpan5621" value="ⲛ̄ⲛⲉⲛϫⲉϩ︤ⲙ︥ⲡⲉⲛⲥⲱⲙⲁ"/>
		<feat xlink:href="#sSpan5638" value="ⲕⲁⲧⲁⲗⲁⲁⲩ"/>
		<feat xlink:href="#sSpan5645" value="ⲛ̄ⲥⲙⲟⲧ"/>
		<feat xlink:href="#sSpan5652" value="·"/>
		<feat xlink:href="#sSpan5656" value="ⲛ̄ⲛⲉ⳯ⲣ̄ⲙ︤ⲛ︥ⲧⲣⲉ"/>
		<feat xlink:href="#sSpan5667" value="ⲛ̄ⲛⲟ̣ⲩϫ"/>
		<feat xlink:href="#sSpan5675" value="·"/>
		<feat xlink:href="#sSpan5679" value="ⲛ̄ⲛⲉⲛⲣ̄ⲗⲁⲁⲩ"/>
		<feat xlink:href="#sSpan5691" value="ⲛⲕⲣⲟϥ"/>
		<feat xlink:href="#sSpan5698" value="ϩ︤ⲛ︥ⲟⲩϩⲱⲡ⳿"/>
		<feat xlink:href="#sSpan5708" value="·"/>
		<feat xlink:href="#sSpan5712" value="ⲙ︤ⲛ︥ⲛ̄ⲕⲉϣⲁϫⲉ"/>
		<feat xlink:href="#sSpan5724" value="ⲉⲧⲛⲏⲩ"/>
		<feat xlink:href="#sSpan5731" value="ⲙ︤ⲛ︥ⲛ̄ⲥⲁⲛⲁⲓ̈"/>
		<feat xlink:href="#sSpan5739" value="·"/>
		<feat xlink:href="#sSpan5744" value="ⲡⲁⲗⲓⲛ"/>
		<feat xlink:href="#sSpan5749" value="ⲛ̄ⲧⲛ̄︥ⲕⲧⲟⲛ⳿"/>
		<feat xlink:href="#sSpan5760" value="ⲛ̄ⲧⲛ̄︥ⲁⲁⲩ"/>
		<feat xlink:href="#sSpan5771" value="ⲛ̄ⲕⲉⲥⲟⲡ"/>
		<feat xlink:href="#sSpan5780" value="·"/></featList></paula>