<?xml version="1.0" encoding="UTF-8" standalone="no"?>

<!DOCTYPE paula SYSTEM "paula_feat.dtd">
<paula version="1.0">

<header paula_id="sahidica.nt.1_Corinthians_12_lang"/>

<featList xmlns:xlink="http://www.w3.org/1999/xlink" type="lang" xml:base="sahidica.nt.1_Corinthians_12.langSeg.xml">
<feat xlink:href="#lang_4" value="Greek"/><!-- ⲇⲉ -->
<feat xlink:href="#lang_15" value="Greek"/><!-- ⲅⲁⲣ -->
<feat xlink:href="#lang_21" value="Greek"/><!-- ϩⲉⲑⲛⲟⲥ -->
<feat xlink:href="#lang_58" value="Greek"/><!-- ⲡⲛⲉⲩⲙⲁ -->
<feat xlink:href="#lang_68" value="Hebrew"/><!-- ⲓⲏⲥⲟⲩⲥ -->
<feat xlink:href="#lang_82" value="Hebrew"/><!-- ⲓⲏⲥⲟⲩⲥ -->
<feat xlink:href="#lang_83" value="Greek"/><!-- ⲉⲓⲙⲏⲧⲓ -->
<feat xlink:href="#lang_86" value="Greek"/><!-- ⲡⲛⲉⲩⲙⲁ -->
<feat xlink:href="#lang_91" value="Greek"/><!-- ⲟⲩⲛ -->
<feat xlink:href="#lang_93" value="Greek"/><!-- ⲇⲉ -->
<feat xlink:href="#lang_98" value="Greek"/><!-- ⲡⲛⲉⲩⲙⲁ -->
<feat xlink:href="#lang_104" value="Greek"/><!-- ⲟⲩⲛ -->
<feat xlink:href="#lang_107" value="Greek"/><!-- ⲇⲓⲁⲕⲟⲛⲓⲁ -->
<feat xlink:href="#lang_116" value="Greek"/><!-- ⲟⲩⲛ -->
<feat xlink:href="#lang_134" value="Greek"/><!-- ⲇⲉ -->
<feat xlink:href="#lang_146" value="Greek"/><!-- ⲡⲛⲉⲩⲙⲁ -->
<feat xlink:href="#lang_152" value="Greek"/><!-- ⲙⲉⲛ -->
<feat xlink:href="#lang_155" value="Greek"/><!-- ⲡⲛⲉⲩⲙⲁ -->
<feat xlink:href="#lang_165" value="Greek"/><!-- ⲥⲟⲫⲓⲁ -->
<feat xlink:href="#lang_168" value="Greek"/><!-- ⲇⲉ -->
<feat xlink:href="#lang_174" value="Greek"/><!-- ⲕⲁⲧⲁ -->
<feat xlink:href="#lang_176" value="Greek"/><!-- ⲡⲛⲉⲩⲙⲁ -->
<feat xlink:href="#lang_181" value="Greek"/><!-- ⲇⲉ -->
<feat xlink:href="#lang_184" value="Greek"/><!-- ⲡⲓⲥⲧⲓⲥ -->
<feat xlink:href="#lang_187" value="Greek"/><!-- ⲡⲛⲉⲩⲙⲁ -->
<feat xlink:href="#lang_192" value="Greek"/><!-- ⲇⲉ -->
<feat xlink:href="#lang_197" value="Greek"/><!-- ⲕⲁⲧⲁ -->
<feat xlink:href="#lang_199" value="Greek"/><!-- ⲡⲛⲉⲩⲙⲁ -->
<feat xlink:href="#lang_216" value="Greek"/><!-- ⲡⲛⲉⲩⲙⲁ -->
<feat xlink:href="#lang_231" value="Greek"/><!-- ⲇⲉ -->
<feat xlink:href="#lang_235" value="Greek"/><!-- ⲡⲛⲉⲩⲙⲁ -->
<feat xlink:href="#lang_251" value="Greek"/><!-- ⲕⲁⲧⲁ -->
<feat xlink:href="#lang_259" value="Greek"/><!-- ⲅⲁⲣ -->
<feat xlink:href="#lang_264" value="Greek"/><!-- ⲥⲱⲙⲁ -->
<feat xlink:href="#lang_273" value="Greek"/><!-- ⲇⲉ -->
<feat xlink:href="#lang_278" value="Greek"/><!-- ⲥⲱⲙⲁ -->
<feat xlink:href="#lang_282" value="Greek"/><!-- ⲥⲱⲙⲁ -->
<feat xlink:href="#lang_292" value="Greek"/><!-- ⲭⲣⲓⲥⲧⲟⲥ -->
<feat xlink:href="#lang_297" value="Greek"/><!-- ⲡⲛⲉⲩⲙⲁ -->
<feat xlink:href="#lang_306" value="Greek"/><!-- ⲃⲁⲡⲧⲓⲍⲉ -->
<feat xlink:href="#lang_309" value="Greek"/><!-- ⲥⲱⲙⲁ -->
<feat xlink:href="#lang_312" value="Greek"/><!-- ⲉⲓⲧⲉ -->
<feat xlink:href="#lang_314" value="Greek"/><!-- ⲉⲓⲧⲉ -->
<feat xlink:href="#lang_316" value="Greek"/><!-- ⲉⲓⲧⲉ -->
<feat xlink:href="#lang_318" value="Greek"/><!-- ⲉⲓⲧⲉ -->
<feat xlink:href="#lang_330" value="Greek"/><!-- ⲡⲛⲉⲩⲙⲁ -->
<feat xlink:href="#lang_336" value="Greek"/><!-- ⲥⲱⲙⲁ -->
<feat xlink:href="#lang_345" value="Greek"/><!-- ⲁⲗⲗⲁ -->
<feat xlink:href="#lang_365" value="Greek"/><!-- ⲥⲱⲙⲁ -->
<feat xlink:href="#lang_372" value="Greek"/><!-- ⲥⲱⲙⲁ -->
<feat xlink:href="#lang_392" value="Greek"/><!-- ⲥⲱⲙⲁ -->
<feat xlink:href="#lang_399" value="Greek"/><!-- ⲥⲱⲙⲁ -->
<feat xlink:href="#lang_404" value="Greek"/><!-- ⲥⲱⲙⲁ -->
<feat xlink:href="#lang_417" value="Greek"/><!-- ⲥⲱⲙⲁ -->
<feat xlink:href="#lang_428" value="Greek"/><!-- ⲇⲉ -->
<feat xlink:href="#lang_441" value="Greek"/><!-- ⲥⲱⲙⲁ -->
<feat xlink:href="#lang_442" value="Greek"/><!-- ⲕⲁⲧⲁ -->
<feat xlink:href="#lang_450" value="Greek"/><!-- ⲇⲉ -->
<feat xlink:href="#lang_460" value="Greek"/><!-- ⲥⲱⲙⲁ -->
<feat xlink:href="#lang_463" value="Greek"/><!-- ⲇⲉ -->
<feat xlink:href="#lang_465" value="Greek"/><!-- ⲙⲉⲛ -->
<feat xlink:href="#lang_471" value="Greek"/><!-- ⲇⲉ -->
<feat xlink:href="#lang_474" value="Greek"/><!-- ⲥⲱⲙⲁ -->
<feat xlink:href="#lang_478" value="Greek"/><!-- ⲇⲉ -->
<feat xlink:href="#lang_505" value="Greek"/><!-- ⲁⲗⲗⲁ -->
<feat xlink:href="#lang_512" value="Greek"/><!-- ⲥⲱⲙⲁ -->
<feat xlink:href="#lang_533" value="Greek"/><!-- ⲥⲱⲙⲁ -->
<feat xlink:href="#lang_561" value="Greek"/><!-- ⲁⲗⲗⲁ -->
<feat xlink:href="#lang_566" value="Greek"/><!-- ⲥⲱⲙⲁ -->
<feat xlink:href="#lang_587" value="Greek"/><!-- ⲥⲱⲙⲁ -->
<feat xlink:href="#lang_589" value="Greek"/><!-- ⲁⲗⲗⲁ -->
<feat xlink:href="#lang_600" value="Greek"/><!-- ⲟⲩⲛ -->
<feat xlink:href="#lang_613" value="Greek"/><!-- ⲟⲩⲛ -->
<feat xlink:href="#lang_627" value="Greek"/><!-- ⲇⲉ -->
<feat xlink:href="#lang_630" value="Greek"/><!-- ⲥⲱⲙⲁ -->
<feat xlink:href="#lang_633" value="Greek"/><!-- ⲭⲣⲓⲥⲧⲟⲥ -->
<feat xlink:href="#lang_642" value="Greek"/><!-- ⲙⲉⲛ -->
<feat xlink:href="#lang_648" value="Greek"/><!-- ⲉⲕⲕⲗⲏⲥⲓⲁ -->
<feat xlink:href="#lang_652" value="Greek"/><!-- ⲁⲡⲟⲥⲧⲟⲗⲟⲥ -->
<feat xlink:href="#lang_655" value="Greek"/><!-- ⲡⲣⲟⲫⲏⲧⲏⲥ -->
<feat xlink:href="#lang_676" value="Greek"/><!-- ⲙⲏ -->
<feat xlink:href="#lang_681" value="Greek"/><!-- ⲁⲡⲟⲥⲧⲟⲗⲟⲥ -->
<feat xlink:href="#lang_684" value="Greek"/><!-- ⲙⲏ -->
<feat xlink:href="#lang_689" value="Greek"/><!-- ⲡⲣⲟⲫⲏⲧⲏⲥ -->
<feat xlink:href="#lang_692" value="Greek"/><!-- ⲙⲏ -->
<feat xlink:href="#lang_700" value="Greek"/><!-- ⲙⲏ -->
<feat xlink:href="#lang_709" value="Greek"/><!-- ⲙⲏ -->
<feat xlink:href="#lang_719" value="Greek"/><!-- ⲙⲏ -->
<feat xlink:href="#lang_730" value="Greek"/><!-- ⲙⲏ -->
<feat xlink:href="#lang_739" value="Greek"/><!-- ⲇⲉ -->
</featList>
</paula>
