<?xml version="1.0" encoding="UTF-8" standalone="no"?>

<!DOCTYPE paula SYSTEM "paula_mark.dtd">
<paula version="1.0">

<header paula_id="AP.125.joseph_normSeg"/>

<markList xmlns:xlink="http://www.w3.org/1999/xlink" type="normSeg" xml:base="AP.125.joseph.tok.xml">
<mark id="norm_1" xlink:href="#tok_1"/><!-- Ⲉⲧⲃⲉ -->
<mark id="norm_2" xlink:href="#tok_2"/><!-- ⲡ -->
<mark id="norm_3" xlink:href="#tok_3"/><!-- ⲡ -->
<mark id="norm_4" xlink:href="#tok_4"/><!-- ⲉⲧ -->
<mark id="norm_5" xlink:href="#tok_5"/><!-- ⲟⲩⲁ̇ⲁⲃ -->
<mark id="norm_6" xlink:href="#tok_6"/><!-- ⲇⲉ -->
<mark id="norm_7" xlink:href="#tok_7"/><!-- ⲓ̇ⲱⲥⲏⲫ -->
<mark id="norm_8" xlink:href="#tok_8"/><!-- ⲉ̇ⲣϣⲁⲛ -->
<mark id="norm_9" xlink:href="#tok_9"/><!-- ⲟⲩⲁ̇ -->
<mark id="norm_10" xlink:href="#tok_10"/><!-- ⲟⲩⲱ̇ϣ -->
<mark id="norm_11" xlink:href="#tok_11"/><!-- ⲉ̇ -->
<mark id="norm_12" xlink:href="#tok_12"/><!-- ϣⲁϫⲉ -->
<mark id="norm_13" xlink:href="#tok_13"/><!-- ⲉ̇ⲣⲟ -->
<mark id="norm_14" xlink:href="#tok_14"/><!-- ϥ -->
<mark id="norm_15" xlink:href="#tok_15"/><!-- · -->
<mark id="norm_16" xlink:href="#tok_16"/><!-- ϥ -->
<mark id="norm_17" xlink:href="#tok_17"/><!-- ⲛⲁ -->
<mark id="norm_18" xlink:href="#tok_18"/><!-- ϫⲟⲟ -->
<mark id="norm_19" xlink:href="#tok_19"/><!-- ⲥ -->
<mark id="norm_20" xlink:href="#tok_20"/><!-- ϫⲉ -->
<mark id="norm_21" xlink:href="#tok_21"/><!-- ⲟⲩ -->
<mark id="norm_22" xlink:href="#xpointer(id('tok_22')/range-to(id('tok_24')))"/><!-- ⲣⲙ...ⲕⲁϩ -->
<mark id="norm_25" xlink:href="#tok_25"/><!-- ⲁ̇ⲛ -->
<mark id="norm_26" xlink:href="#tok_26"/><!-- ⲡⲉ -->
<mark id="norm_27" xlink:href="#tok_27"/><!-- · -->
<mark id="norm_28" xlink:href="#tok_28"/><!-- ϫⲉ -->
<mark id="norm_29" xlink:href="#tok_29"/><!-- ⲁ̇ -->
<mark id="norm_30" xlink:href="#tok_30"/><!-- ⲩ -->
<mark id="norm_31" xlink:href="#tok_31"/><!-- ⲡⲓ̇ⲣⲁⲍⲉ -->
<mark id="norm_32" xlink:href="#tok_32"/><!-- ⲙⲙⲟ -->
<mark id="norm_33" xlink:href="#tok_33"/><!-- ϥ -->
<mark id="norm_34" xlink:href="#tok_34"/><!-- ϩⲛ̇ -->
<mark id="norm_35" xlink:href="#tok_35"/><!-- ⲟⲩⲏⲣ -->
<mark id="norm_36" xlink:href="#tok_36"/><!-- ⲙ̇ -->
<mark id="norm_37" xlink:href="#tok_37"/><!-- ⲡⲓⲣⲁⲥⲙⲟⲥ -->
<mark id="norm_38" xlink:href="#tok_38"/><!-- · -->
<mark id="norm_39" xlink:href="#tok_39"/><!-- ⲁⲩⲱ̇ -->
<mark id="norm_40" xlink:href="#tok_40"/><!-- ϩⲛ̇ -->
<mark id="norm_41" xlink:href="#tok_41"/><!-- ⲁ̇ϣ -->
<mark id="norm_42" xlink:href="#tok_42"/><!-- ϭⲉ -->
<mark id="norm_43" xlink:href="#tok_43"/><!-- ̇ⲛ̇ -->
<mark id="norm_44" xlink:href="#xpointer(id('tok_44')/range-to(id('tok_45')))"/><!-- ⲭⲱ...ⲣⲁ -->
<mark id="norm_46" xlink:href="#tok_46"/><!-- · -->
<mark id="norm_47" xlink:href="#tok_47"/><!-- ϩ̇ⲙ -->
<mark id="norm_48" xlink:href="#tok_48"/><!-- ⲡ -->
<mark id="norm_49" xlink:href="#tok_49"/><!-- ⲙⲁ -->
<mark id="norm_50" xlink:href="#tok_50"/><!-- ⲉ̇ⲧⲉ -->
<mark id="norm_51" xlink:href="#tok_51"/><!-- ⲙⲛ -->
<mark id="norm_52" xlink:href="#tok_52"/><!-- ⲟⲩ -->
<mark id="norm_53" xlink:href="#tok_53"/><!-- ϣ̇ⲥ -->
<mark id="norm_54" xlink:href="#tok_54"/><!-- ⲛ̇ -->
<mark id="norm_55" xlink:href="#tok_55"/><!-- ⲧⲁϭⲥⲉ -->
<mark id="norm_56" xlink:href="#tok_56"/><!-- ⲛ -->
<mark id="norm_57" xlink:href="#tok_57"/><!-- ϩⲏⲧ -->
<mark id="norm_58" xlink:href="#tok_58"/><!-- ϥ̇ -->
<mark id="norm_59" xlink:href="#tok_59"/><!-- ⲙ̇ -->
<mark id="norm_60" xlink:href="#xpointer(id('tok_60')/range-to(id('tok_63')))"/><!-- ⲙⲛⲧ...ⲛⲟⲩⲧⲉ -->
<mark id="norm_64" xlink:href="#tok_64"/><!-- · -->
<mark id="norm_65" xlink:href="#xpointer(id('tok_65')/range-to(id('tok_66')))"/><!-- ⲁⲗ...ⲗⲁ -->
<mark id="norm_67" xlink:href="#tok_67"/><!-- ⲛⲉ -->
<mark id="norm_68" xlink:href="#tok_68"/><!-- ϥ -->
<mark id="norm_69" xlink:href="#tok_69"/><!-- ϣⲟ̇ⲟⲡ -->
<mark id="norm_70" xlink:href="#xpointer(id('tok_70')/range-to(id('tok_71')))"/><!-- ⲛⲙ̇...ⲙⲁ -->
<mark id="norm_72" xlink:href="#tok_72"/><!-- ϥ -->
<mark id="norm_73" xlink:href="#tok_73"/><!-- ⲛ̇ϭⲓ̇ -->
<mark id="norm_74" xlink:href="#tok_74"/><!-- ⲡ̇ -->
<mark id="norm_75" xlink:href="#tok_75"/><!-- ⲛⲟⲩⲧⲉ -->
<mark id="norm_76" xlink:href="#tok_76"/><!-- ⲛ -->
<mark id="norm_77" xlink:href="#tok_77"/><!-- ⲛⲉϥ -->
<mark id="norm_78" xlink:href="#tok_78"/><!-- ⲉⲓ̇ⲟ̇ⲧⲉ -->
<mark id="norm_79" xlink:href="#tok_79"/><!-- · -->
<mark id="norm_80" xlink:href="#tok_80"/><!-- ⲁⲩⲱ̇ -->
<mark id="norm_81" xlink:href="#tok_81"/><!-- ⲁ -->
<mark id="norm_82" xlink:href="#tok_82"/><!-- ϥ -->
<mark id="norm_83" xlink:href="#tok_83"/><!-- ⲧⲟⲩϫⲟ -->
<mark id="norm_84" xlink:href="#tok_84"/><!-- ϥ -->
<mark id="norm_85" xlink:href="#tok_85"/><!-- ⲉ̇ⲃⲟⲗ -->
<mark id="norm_86" xlink:href="#tok_86"/><!-- ϩⲛ̇ -->
<mark id="norm_87" xlink:href="#tok_87"/><!-- ⲑⲗⲓ̇ⲯⲓ̇ⲥ -->
<mark id="norm_88" xlink:href="#tok_88"/><!-- ⲛⲓ̇ⲙ -->
<mark id="norm_89" xlink:href="#tok_89"/><!-- · -->
<mark id="norm_90" xlink:href="#tok_90"/><!-- Ⲁⲩⲱ̇ -->
<mark id="norm_91" xlink:href="#tok_91"/><!-- ⲧⲉⲛⲟⲩ -->
<mark id="norm_92" xlink:href="#tok_92"/><!-- ϥ -->
<mark id="norm_93" xlink:href="#tok_93"/><!-- ϣⲟⲟⲡ -->
<mark id="norm_94" xlink:href="#tok_94"/><!-- ⲙⲛ̇ -->
<mark id="norm_95" xlink:href="#tok_95"/><!-- ⲛⲉ -->
<mark id="norm_96" xlink:href="#tok_96"/><!-- ϥ -->
<mark id="norm_97" xlink:href="#tok_97"/><!-- ⲉⲓ̇ⲟ̇ⲧⲉ -->
<mark id="norm_98" xlink:href="#tok_98"/><!-- ϩⲛ̇ -->
<mark id="norm_99" xlink:href="#tok_99"/><!-- ⲧ̇ -->
<mark id="norm_100" xlink:href="#tok_100"/><!-- ⲙⲛⲧ -->
<mark id="norm_101" xlink:href="#tok_101"/><!-- ⲣ̇ⲣⲟ -->
<mark id="norm_102" xlink:href="#tok_102"/><!-- ⲛ̇ⲛ -->
<mark id="norm_103" xlink:href="#tok_103"/><!-- ⲙ̇ -->
<mark id="norm_104" xlink:href="#tok_104"/><!-- ⲡⲏⲩ̣ⲉ̇ -->
<mark id="norm_105" xlink:href="#tok_105"/><!-- Ⲁ̇ⲛⲟⲛ -->
<mark id="norm_106" xlink:href="#tok_106"/><!-- ϭⲉ -->
<mark id="norm_107" xlink:href="#tok_107"/><!-- ϩⲱ̇ⲱ̇ -->
<mark id="norm_108" xlink:href="#tok_108"/><!-- ⲛ -->
<mark id="norm_109" xlink:href="#tok_109"/><!-- ⲁ̇ -->
<mark id="norm_110" xlink:href="#tok_110"/><!-- ⲛ -->
<mark id="norm_111" xlink:href="#tok_111"/><!-- ⲥⲟⲩⲉ̇ⲛ -->
<mark id="norm_112" xlink:href="#tok_112"/><!-- ⲡⲉⲛ -->
<mark id="norm_113" xlink:href="#tok_113"/><!-- ϣⲓ̇ -->
<mark id="norm_114" xlink:href="#xpointer(id('tok_114')/range-to(id('tok_115')))"/><!-- ⲙ...ⲙⲓ̇ⲛⲙ̇ⲙⲟ -->
<mark id="norm_116" xlink:href="#tok_116"/><!-- ⲛ -->
<mark id="norm_117" xlink:href="#tok_117"/><!-- · -->
<mark id="norm_118" xlink:href="#tok_118"/><!-- ⲙⲁⲣ -->
<mark id="norm_119" xlink:href="#tok_119"/><!-- ⲛ -->
<mark id="norm_120" xlink:href="#tok_120"/><!-- ⲁ̇ⲅⲱⲛⲓ̇ⲍⲉ -->
<mark id="norm_121" xlink:href="#tok_121"/><!-- · -->
<mark id="norm_122" xlink:href="#tok_122"/><!-- ⲙⲱⲅⲓ̇ⲥ -->
<mark id="norm_123" xlink:href="#tok_123"/><!-- ⲅⲁⲣ -->
<mark id="norm_124" xlink:href="#tok_124"/><!-- ϩⲛ̇ -->
<mark id="norm_125" xlink:href="#tok_125"/><!-- ⲛⲁⲓ̇ -->
<mark id="norm_126" xlink:href="#tok_126"/><!-- ⲧⲏⲣ -->
<mark id="norm_127" xlink:href="#tok_127"/><!-- ⲟⲩ -->
<mark id="norm_128" xlink:href="#tok_128"/><!-- ⲛ̇ -->
<mark id="norm_129" xlink:href="#tok_129"/><!-- ⲧⲛ̇ -->
<mark id="norm_130" xlink:href="#tok_130"/><!-- ϣϭⲙ̇ϭⲟⲙ -->
<mark id="norm_131" xlink:href="#tok_131"/><!-- ⲉ̇ -->
<mark id="norm_132" xlink:href="#tok_132"/><!-- ⲡⲱⲧ -->
<mark id="norm_133" xlink:href="#tok_133"/><!-- ⲛ̇ⲧⲟⲟⲧ -->
<mark id="norm_134" xlink:href="#tok_134"/><!-- ⲥ̇ -->
<mark id="norm_135" xlink:href="#tok_135"/><!-- ⲛ̇ⲧⲉ -->
<mark id="norm_136" xlink:href="#tok_136"/><!-- ⲕⲣⲓ̇ⲥⲓ̇ⲥ -->
<mark id="norm_137" xlink:href="#tok_137"/><!-- ⲙ̇ -->
<mark id="norm_138" xlink:href="#tok_138"/><!-- ⲡ̇ -->
<mark id="norm_139" xlink:href="#tok_139"/><!-- ⲛⲟⲩⲧⲉ -->
<mark id="norm_140" xlink:href="#tok_140"/><!-- . -->
</markList>
</paula>
