<?xml version='1.0' encoding='UTF-8'?><!DOCTYPE paula SYSTEM "paula_feat.dtd">
<paula version="1.1">
	<header paula_id="scriptorium.GF31-32.mark_lemma"/>
	<featList xmlns:xlink="http://www.w3.org/1999/xlink" type="lemma" xml:base="scriptorium.GF31-32.mark.xml">
		<feat xlink:href="#sSpan4" value="ⲓⲟⲩⲇⲁⲓ"/>
		<feat xlink:href="#sSpan14" value="ⲙⲛ"/>
		<feat xlink:href="#sSpan18" value="ⲡ"/>
		<feat xlink:href="#sSpan22" value="ϩⲉⲗⲗⲏⲛ"/>
		<feat xlink:href="#sSpan25" value="·"/>
		<feat xlink:href="#sSpan29" value="ⲁ"/>
		<feat xlink:href="#sSpan34" value="ⲡⲉⲛ"/>
		<feat xlink:href="#sSpan37" value="ϩⲱⲃ"/>
		<feat xlink:href="#sSpan39" value="ⲛ"/>
		<feat xlink:href="#sSpan44" value="ⲥⲙⲓⲛⲉ"/>
		<feat xlink:href="#sSpan46" value="ϣⲱⲡⲉ"/>
		<feat xlink:href="#sSpan51" value="ⲛ"/>
		<feat xlink:href="#sSpan55" value="ⲥⲱⲃⲉ"/>
		<feat xlink:href="#sSpan58" value="·"/>
		<feat xlink:href="#sSpan63" value="ⲁⲩⲱ"/>
		<feat xlink:href="#sSpan69" value="ⲟⲛ"/>
		<feat xlink:href="#sSpan73" value="ϫⲉ"/>
		<feat xlink:href="#sSpan78" value="ⲱ"/>
		<feat xlink:href="#sSpan80" value="ⲡ"/>
		<feat xlink:href="#sSpan86" value="ⲣⲱⲙⲉ"/>
		<feat xlink:href="#sSpan90" value="ⲓⲏⲥⲟⲩⲥ"/>
		<feat xlink:href="#sSpan95" value="ⲡⲉ"/>
		<feat xlink:href="#sSpan99" value="ⲡ"/>
		<feat xlink:href="#sSpan105" value="ⲙⲉ"/>
		<feat xlink:href="#sSpan107" value="·"/>
		<feat xlink:href="#sSpan111" value="ⲙⲡⲣ"/>
		<feat xlink:href="#sSpan116" value="ϭⲱϣⲧ"/>
		<feat xlink:href="#sSpan119" value="ⲉ"/>
		<feat xlink:href="#sSpan123" value="ⲁⲛⲟⲕ"/>
		<feat xlink:href="#sSpan126" value="ⲁⲗⲗⲁ"/>
		<feat xlink:href="#sSpan130" value="ⲛⲥⲁ"/>
		<feat xlink:href="#sSpan137" value="ⲓⲏⲥⲟⲩⲥ"/>
		<feat xlink:href="#sSpan140" value="·"/>
		<feat xlink:href="#sSpan144" value="ⲙⲡⲣ"/>
		<feat xlink:href="#sSpan149" value="ⲙⲟⲩⲧⲉ"/>
		<feat xlink:href="#sSpan152" value="ⲉ"/>
		<feat xlink:href="#sSpan156" value="ⲥⲁϩ"/>
		<feat xlink:href="#sSpan159" value="ⲛⲁ"/>
		<feat xlink:href="#sSpan163" value="ⲛⲧⲱⲧⲛ"/>
		<feat xlink:href="#sSpan165" value="ϩⲓϫⲛ"/>
		<feat xlink:href="#sSpan170" value="ⲡ"/>
		<feat xlink:href="#sSpan173" value="ⲕⲁϩ"/>
		<feat xlink:href="#sSpan175" value="·"/>
		<feat xlink:href="#sSpan179" value="ⲛ"/>
		<feat xlink:href="#sSpan184" value="ⲡ"/>
		<feat xlink:href="#sSpan187" value="ϩⲉ"/>
		<feat xlink:href="#sSpan189" value="ⲉⲧⲉⲣⲉ"/>
		<feat xlink:href="#sSpan193" value="ⲁⲛⲟⲕ"/>
		<feat xlink:href="#sSpan195" value="ⲛⲁ"/>
		<feat xlink:href="#sSpan197" value="ⲉⲓⲣⲉ"/>
		<feat xlink:href="#sSpan199" value="ⲛⲧⲟⲥ"/>
		<feat xlink:href="#sSpan201" value="ⲙⲛⲧⲉ"/>
		<feat xlink:href="#sSpan206" value="ⲛⲧⲟⲕ"/>
		<feat xlink:href="#sSpan208" value="ϩⲱⲃ"/>
		<feat xlink:href="#sSpan213" value="ⲙⲛ"/>
		<feat xlink:href="#sSpan217" value="ⲁⲛⲟⲕ"/>
		<feat xlink:href="#sSpan219" value="·"/>
		<feat xlink:href="#sSpan223" value="ⲛ"/>
		<feat xlink:href="#sSpan229" value="ⲛⲧⲱⲧⲛ"/>
		<feat xlink:href="#sSpan231" value="ⲡ"/>
		<feat xlink:href="#sSpan234" value="ϩⲙϩⲁⲗ"/>
		<feat xlink:href="#sSpan236" value="ⲁⲛ"/>
		<feat xlink:href="#sSpan241" value="ⲛ"/>
		<feat xlink:href="#sSpan245" value="ⲣⲱⲙⲉ"/>
		<feat xlink:href="#sSpan247" value="·"/>
		<feat xlink:href="#sSpan251" value="ⲉⲣⲉ"/>
		<feat xlink:href="#sSpan256" value="ⲁ"/>
		<feat xlink:href="#sSpan258" value="ⲛⲧⲟⲟⲩ"/>
		<feat xlink:href="#sSpan260" value="ϣⲱⲡ"/>
		<feat xlink:href="#sSpan263" value="ⲛⲧⲱⲧⲛ"/>
		<feat xlink:href="#sSpan265" value="ϩⲁ"/>
		<feat xlink:href="#sSpan270" value="ⲟⲩ"/>
		<feat xlink:href="#sSpan273" value="ⲁⲥⲟⲩ"/>
		<feat xlink:href="#sSpan275" value="·"/>
		<feat xlink:href="#sSpan281" value="ⲓⲏⲥⲟⲩⲥ"/>
		<feat xlink:href="#sSpan287" value="ⲡⲉ"/>
		<feat xlink:href="#sSpan291" value="ⲉⲧⲉⲣⲉ"/>
		<feat xlink:href="#sSpan294" value="ⲁ"/>
		<feat xlink:href="#sSpan296" value="ⲛⲧⲟϥ"/>
		<feat xlink:href="#sSpan298" value="ϯ"/>
		<feat xlink:href="#sSpan300" value="ⲛ"/>
		<feat xlink:href="#sSpan304" value="ⲡⲉϥ"/>
		<feat xlink:href="#sSpan307" value="ⲥⲛⲟϥ"/>
		<feat xlink:href="#sSpan310" value="ⲡ"/>
		<feat xlink:href="#sSpan314" value="ⲉⲧⲉⲣⲉ"/>
		<feat xlink:href="#sSpan316" value="ⲙⲙⲁⲩ"/>
		<feat xlink:href="#sSpan318" value="ⲡⲉ"/>
		<feat xlink:href="#sSpan323" value="ⲡⲉⲧⲛ"/>
		<feat xlink:href="#sSpan328" value="ϫⲟⲉⲓⲥ"/>
		<feat xlink:href="#sSpan330" value="·"/>
		<feat xlink:href="#sSpan335" value="ⲁⲩⲱ"/>
		<feat xlink:href="#sSpan341" value="ⲟⲛ"/>
		<feat xlink:href="#sSpan345" value="ϫⲉ"/>
		<feat xlink:href="#sSpan350" value="ⲧⲁⲭⲁ"/>
		<feat xlink:href="#sSpan352" value="ⲟⲩⲛ"/>
		<feat xlink:href="#sSpan357" value="ϩⲟⲓⲛⲉ"/>
		<feat xlink:href="#sSpan360" value="ϩⲛ"/>
		<feat xlink:href="#sSpan364" value="ⲡ"/>
		<feat xlink:href="#sSpan368" value="ⲧⲣⲉ"/>
		<feat xlink:href="#sSpan370" value="ⲛⲧⲟⲟⲩ"/>
		<feat xlink:href="#sSpan372" value="ⲥⲱⲧⲙ"/>
		<feat xlink:href="#sSpan374" value="ⲉ"/>
		<feat xlink:href="#sSpan379" value="ⲁⲛⲟⲕ"/>
		<feat xlink:href="#sSpan381" value="ⲛⲧⲟⲟⲩ"/>
		<feat xlink:href="#sSpan385" value="ⲛⲁ"/>
		<feat xlink:href="#sSpan387" value="ϫⲱ"/>
		<feat xlink:href="#sSpan389" value="ⲛⲧⲟⲥ"/>
		<feat xlink:href="#sSpan391" value="ϫⲉ"/>
		<feat xlink:href="#sSpan396" value="ⲁⲛⲟⲕ"/>
		<feat xlink:href="#sSpan398" value="ⲛⲁ"/>
		<feat xlink:href="#sSpan400" value="ⲃⲱⲕ"/>
		<feat xlink:href="#sSpan403" value="ⲉⲃⲟⲗ"/>
		<feat xlink:href="#sSpan408" value="ⲁⲛⲟⲕ_ⲛⲧⲉ"/>
		<feat xlink:href="#sSpan412" value="ⲧⲱⲣⲡ"/>
		<feat xlink:href="#sSpan414" value="ⲡ"/>
		<feat xlink:href="#sSpan422" value="ⲉⲧⲉⲣⲉ"/>
		<feat xlink:href="#sSpan425" value="ϯⲥⲃⲱ"/>
		<feat xlink:href="#sSpan429" value="ⲅⲁⲣ"/>
		<feat xlink:href="#sSpan433" value="ⲉⲣⲉ"/>
		<feat xlink:href="#sSpan438" value="ⲛⲧⲟϥ"/>
		<feat xlink:href="#sSpan440" value="ⲉⲓⲣⲉ"/>
		<feat xlink:href="#sSpan442" value="ⲛ"/>
		<feat xlink:href="#sSpan446" value="ⲡ"/>
		<feat xlink:href="#sSpan448" value="ϩⲉ"/>
		<feat xlink:href="#sSpan450" value="ⲛ"/>
		<feat xlink:href="#sSpan454" value="ⲡ"/>
		<feat xlink:href="#sSpan457" value="ⲉⲧⲉⲣⲉ"/>
		<feat xlink:href="#sSpan460" value="ⲡⲁⲣⲁⲕⲁⲗⲉⲓ"/>
		<feat xlink:href="#sSpan463" value="·"/>
		<feat xlink:href="#sSpan469" value="ⲧⲁⲭⲁ"/>
		<feat xlink:href="#sSpan476" value="ⲅⲁⲣ"/>
		<feat xlink:href="#sSpan480" value="ⲛⲧⲟⲕ"/>
		<feat xlink:href="#sSpan484" value="ϩⲱⲡ"/>
		<feat xlink:href="#sSpan487" value="ⲟⲡⲧⲉⲩⲉ"/>
		<feat xlink:href="#sSpan492" value="ϫⲉ"/>
		<feat xlink:href="#sSpan496" value="ⲡ"/>
		<feat xlink:href="#sSpan499" value="ⲉⲧⲉⲣⲉ"/>
		<feat xlink:href="#sSpan501" value="ϫⲱ"/>
		<feat xlink:href="#sSpan503" value="ⲛ"/>
		<feat xlink:href="#sSpan508" value="ⲡⲁⲓ"/>
		<feat xlink:href="#sSpan511" value="ⲉⲣϣⲁⲛ_ⲛⲧⲟⲥ"/>
		<feat xlink:href="#sSpan515" value="ⲧⲁϩⲟ"/>
		<feat xlink:href="#sSpan518" value="ⲛⲧⲟϥ"/>
		<feat xlink:href="#sSpan520" value="ⲛⲧⲉ"/>
		<feat xlink:href="#sSpan524" value="ⲛⲧⲟϥ"/>
		<feat xlink:href="#sSpan527" value="ⲣⲙⲁⲓⲧⲟ"/>
		<feat xlink:href="#sSpan531" value="ⲛ"/>
		<feat xlink:href="#sSpan536" value="ϩⲟⲩⲟ"/>
		<feat xlink:href="#sSpan538" value="·"/>
		<feat xlink:href="#sSpan542" value="ⲉⲣⲉ"/>
		<feat xlink:href="#sSpan546" value="ⲛⲧⲟϥ"/>
		<feat xlink:href="#sSpan548" value="ⲛⲁ"/>
		<feat xlink:href="#sSpan551" value="ⲡⲗⲉⲟⲛⲉⲕⲧⲉ"/>
		<feat xlink:href="#sSpan554" value="·"/>
		<feat xlink:href="#sSpan558" value="ⲁⲩⲱ"/>
		<feat xlink:href="#sSpan564" value="ⲛⲉⲣⲉ"/>
		<feat xlink:href="#sSpan568" value="ⲛⲧⲟⲕ"/>
		<feat xlink:href="#sSpan571" value="ⲡⲗⲁⲛⲁ"/>
		<feat xlink:href="#sSpan574" value="ⲁⲛ"/>
		<feat xlink:href="#sSpan578" value="ⲉⲣⲉ"/>
		<feat xlink:href="#sSpan582" value="ⲛⲧⲟⲕ"/>
		<feat xlink:href="#sSpan584" value="ϫⲱ"/>
		<feat xlink:href="#sSpan586" value="ⲛ"/>
		<feat xlink:href="#sSpan590" value="ⲡⲁⲓ"/>
		<feat xlink:href="#sSpan594" value="·"/>
		<feat xlink:href="#sSpan599" value="ⲉⲃⲟⲗ"/>
		<feat xlink:href="#sSpan606" value="ⲇⲉ"/>
		<feat xlink:href="#sSpan610" value="ⲟⲛ"/>
		<feat xlink:href="#sSpan614" value="ϫⲉ"/>
		<feat xlink:href="#sSpan618" value="ⲟⲩⲛ"/>
		<feat xlink:href="#sSpan620" value="ⲡ"/>
		<feat xlink:href="#sSpan624" value="ⲉⲧⲉⲣⲉ"/>
		<feat xlink:href="#sSpan626" value="ⲙⲟⲥⲧⲉ"/>
		<feat xlink:href="#sSpan628" value="·"/>
		<feat xlink:href="#sSpan632" value="ⲁⲩⲱ"/>
		<feat xlink:href="#sSpan637" value="ⲟⲩⲛ"/>
		<feat xlink:href="#sSpan642" value="ⲡ"/>
		<feat xlink:href="#sSpan645" value="ⲉⲧⲉⲣⲉ"/>
		<feat xlink:href="#sSpan647" value="ⲕⲱⲙϣ"/>
		<feat xlink:href="#sSpan649" value="ⲛⲥⲁ"/>
		<feat xlink:href="#sSpan654" value="ⲡ"/>
		<feat xlink:href="#sSpan657" value="ⲉⲧⲉⲣⲉ"/>
		<feat xlink:href="#sSpan659" value="ϫⲱ"/>
		<feat xlink:href="#sSpan661" value="ⲛ"/>
		<feat xlink:href="#sSpan665" value="ⲡ"/>
		<feat xlink:href="#sSpan669" value="ⲙⲉ"/>
		<feat xlink:href="#sSpan671" value="ⲛ"/>
		<feat xlink:href="#sSpan675" value="ⲟⲩⲟⲉⲓϣ"/>
		<feat xlink:href="#sSpan678" value="ⲛⲓⲙ"/>
		<feat xlink:href="#sSpan683" value="·"/>
		<feat xlink:href="#sSpan688" value="ⲡⲉϫⲉ"/>
		<feat xlink:href="#sSpan694" value="ⲛⲧⲟϥ"/>
		<feat xlink:href="#sSpan696" value="ϫⲉ"/>
		<feat xlink:href="#sSpan700" value="ⲁ"/>
		<feat xlink:href="#sSpan702" value="ⲁⲛⲟⲛ"/>
		<feat xlink:href="#sSpan704" value="ϫⲱ"/>
		<feat xlink:href="#sSpan706" value="ⲡ"/>
		<feat xlink:href="#sSpan710" value="ⲣⲱϣⲉ"/>
		<feat xlink:href="#sSpan712" value="·"/>
		<feat xlink:href="#sSpan716" value="ⲁ"/>
		<feat xlink:href="#sSpan721" value="ⲁⲛⲟⲛ"/>
		<feat xlink:href="#sSpan723" value="ϫⲱ"/>
		<feat xlink:href="#sSpan725" value="ⲡ"/>
		<feat xlink:href="#sSpan729" value="ϣⲁϫⲉ"/>
		<feat xlink:href="#sSpan731" value="ϩⲛ"/>
		<feat xlink:href="#sSpan735" value="ⲟⲩ"/>
		<feat xlink:href="#sSpan739" value="ⲡⲁⲣⲣⲏⲥⲓⲁ"/>
		<feat xlink:href="#sSpan742" value="·"/>
		<feat xlink:href="#sSpan746" value="ⲡ"/>
		<feat xlink:href="#sSpan752" value="ⲉⲧⲉⲣⲉ"/>
		<feat xlink:href="#sSpan754" value="ⲙⲟⲥⲧⲉ"/>
		<feat xlink:href="#sSpan757" value="ⲙⲁⲣⲉ"/>
		<feat xlink:href="#sSpan761" value="ⲛⲧⲟϥ"/>
		<feat xlink:href="#sSpan763" value="ⲙⲟⲥⲧⲉ"/>
		<feat xlink:href="#sSpan766" value="·"/>
		<feat xlink:href="#sSpan770" value="ⲡ"/>
		<feat xlink:href="#sSpan776" value="ⲉⲧⲉⲣⲉ"/>
		<feat xlink:href="#sSpan778" value="ⲙⲕⲁϩ"/>
		<feat xlink:href="#sSpan780" value="ⲛ"/>
		<feat xlink:href="#sSpan785" value="ϩⲏⲧ"/>
		<feat xlink:href="#sSpan787" value="ⲙⲁⲣⲉ"/>
		<feat xlink:href="#sSpan791" value="ⲛⲧⲟϥ"/>
		<feat xlink:href="#sSpan793" value="ⲙⲕⲁϩ"/>
		<feat xlink:href="#sSpan796" value="·"/>
		<feat xlink:href="#sSpan800" value="ⲛⲛⲉ"/>
		<feat xlink:href="#sSpan806" value="ⲁⲛⲟⲕ"/>
		<feat xlink:href="#sSpan809" value="ϯⲗⲟⲅⲟⲥ"/>
		<feat xlink:href="#sSpan818" value="ⲅⲁⲣ"/>
		<feat xlink:href="#sSpan822" value="ⲛ"/>
		<feat xlink:href="#sSpan826" value="ⲡ"/>
		<feat xlink:href="#sSpan829" value="ⲛⲟⲩⲧⲉ"/>
		<feat xlink:href="#sSpan832" value="·"/>
		<feat xlink:href="#sSpan836" value="ⲡ"/>
		<feat xlink:href="#sSpan842" value="ⲙⲁ"/>
		<feat xlink:href="#sSpan844" value="ⲉⲧⲉⲣⲉ"/>
		<feat xlink:href="#sSpan848" value="ⲙⲛ"/>
		<feat xlink:href="#sSpan851" value="ⲛⲟⲩϥⲉ"/>
		<feat xlink:href="#sSpan854" value="ϩⲛ"/>
		<feat xlink:href="#sSpan858" value="ⲛⲧⲟϥ"/>
		<feat xlink:href="#sSpan861" value="ⲟⲩⲇⲉ"/>
		<feat xlink:href="#sSpan867" value="ⲭⲣⲏⲙⲁ"/>
		<feat xlink:href="#sSpan872" value="ⲉⲣⲉ"/>
		<feat xlink:href="#sSpan876" value="ⲛⲧⲟϥ"/>
		<feat xlink:href="#sSpan878" value="ⲛⲟⲩϫⲉ"/>
		<feat xlink:href="#sSpan882" value="ⲉⲃⲟⲗ"/>
		<feat xlink:href="#sSpan886" value="ⲛ"/>
		<feat xlink:href="#sSpan890" value="ⲡ"/>
		<feat xlink:href="#sSpan894" value="ⲙⲉ"/>
		<feat xlink:href="#sSpan896" value="·"/>
		<feat xlink:href="#sSpan901" value="ⲟⲩ"/>
		<feat xlink:href="#sSpan907" value="ⲙⲟⲛⲟⲛ"/>
		<feat xlink:href="#sSpan912" value="ϫⲉ"/>
		<feat xlink:href="#sSpan917" value="ⲁ"/>
		<feat xlink:href="#sSpan919" value="ⲛⲧⲟϥ"/>
		<feat xlink:href="#sSpan921" value="ϫⲱ"/>
		<feat xlink:href="#sSpan923" value="ⲡⲁⲓ"/>
		<feat xlink:href="#sSpan926" value="ⲉⲧⲃⲉ"/>
		<feat xlink:href="#sSpan931" value="ⲁⲛⲟⲛ"/>
		<feat xlink:href="#sSpan933" value="ⲡ"/>
		<feat xlink:href="#sSpan938" value="ⲉⲧⲉⲣⲉ"/>
		<feat xlink:href="#sSpan940" value="ϩⲛ"/>
		<feat xlink:href="#sSpan942" value="ⲡ"/>
		<feat xlink:href="#sSpan945" value="ⲏⲓ"/>
		<feat xlink:href="#sSpan949" value="ϩⲛ"/>
		<feat xlink:href="#sSpan954" value="ⲡ"/>
		<feat xlink:href="#sSpan957" value="ⲛⲟⲩⲧⲉ"/>
		<feat xlink:href="#sSpan959" value="·"/>
		<feat xlink:href="#sSpan964" value="ⲁⲗⲗⲁ"/>
		<feat xlink:href="#sSpan970" value="ⲛⲧⲉⲣⲉ"/>
		<feat xlink:href="#sSpan974" value="ⲛⲧⲟϥ"/>
		<feat xlink:href="#sSpan976" value="ⲛⲁⲩ"/>
		<feat xlink:href="#sSpan978" value="ⲟⲛ"/>
		<feat xlink:href="#sSpan983" value="ϫⲉ"/>
		<feat xlink:href="#sSpan987" value="ⲁ"/>
		<feat xlink:href="#sSpan989" value="ⲛ"/>
		<feat xlink:href="#sSpan993" value="ⲡⲉⲧϩⲟⲟⲩ"/>
		<feat xlink:href="#sSpan997" value="ⲁϣⲁⲓ"/>
		<feat xlink:href="#sSpan1002" value="ϩⲓϫⲛ"/>
		<feat xlink:href="#sSpan1006" value="ⲡ"/>
		<feat xlink:href="#sSpan1009" value="ⲕⲁϩ"/>
		<feat xlink:href="#sSpan1012" value="·"/>
		<feat xlink:href="#sSpan1017" value="ⲙⲁⲗⲓⲥⲧⲁ"/>
		<feat xlink:href="#sSpan1021" value="ⲡ"/>
		<feat xlink:href="#sSpan1028" value="ϫⲓⲛϭⲟⲛⲥ"/>
		<feat xlink:href="#sSpan1032" value="·"/>
		<feat xlink:href="#sSpan1036" value="ⲉⲧⲃⲉ"/>
		<feat xlink:href="#sSpan1040" value="ⲡ"/>
		<feat xlink:href="#sSpan1045" value="ⲙⲛⲧⲙⲁⲓϩⲟⲙⲛⲧ"/>
		<feat xlink:href="#sSpan1050" value="·"/>
		<feat xlink:href="#sSpan1056" value="ⲁⲛⲧⲓ"/>
		<feat xlink:href="#sSpan1061" value="ⲧⲣⲉ"/>
		<feat xlink:href="#sSpan1063" value="ⲛⲧⲟϥ"/>
		<feat xlink:href="#sSpan1065" value="ϫⲱ"/>
		<feat xlink:href="#sSpan1067" value="ⲛⲧⲟⲥ"/>
		<feat xlink:href="#sSpan1069" value="ϫⲉ"/>
		<feat xlink:href="#sSpan1074" value="ⲛⲛⲉ"/>
		<feat xlink:href="#sSpan1076" value="ⲁⲛⲟⲕ"/>
		<feat xlink:href="#sSpan1078" value="ⲃⲱⲕ"/>
		<feat xlink:href="#sSpan1081" value="ϣⲁ"/>
		<feat xlink:href="#sSpan1085" value="ⲡ"/>
		<feat xlink:href="#sSpan1089" value="ⲛⲟⲩⲧⲉ"/>
		<feat xlink:href="#sSpan1091" value="ⲛ"/>
		<feat xlink:href="#sSpan1095" value="ⲥⲟⲧⲡ"/>
		<feat xlink:href="#sSpan1098" value="ⲏ"/>
		<feat xlink:href="#sSpan1103" value="ⲛⲁⲛⲟⲩ"/>
		<feat xlink:href="#sSpan1107" value="ⲁⲛⲟⲛ"/>
		<feat xlink:href="#sSpan1109" value="·"/>
		<feat xlink:href="#sSpan1114" value="ⲡⲉϫⲉ"/>
		<feat xlink:href="#sSpan1119" value="ⲛⲧⲟϥ"/>
		<feat xlink:href="#sSpan1121" value="ϫⲉ"/>
		<feat xlink:href="#sSpan1125" value="ⲉⲣⲉ"/>
		<feat xlink:href="#sSpan1127" value="ⲁⲛⲟⲛ"/>
		<feat xlink:href="#sSpan1129" value="ⲛⲁ"/>
		<feat xlink:href="#sSpan1131" value="ⲃⲱⲕ"/>
		<feat xlink:href="#sSpan1134" value="ⲛ"/>
		<feat xlink:href="#sSpan1138" value="ϩⲟⲟⲩ"/>
		<feat xlink:href="#sSpan1141" value="ⲛ"/>
		<feat xlink:href="#sSpan1145" value="ⲡ"/>
		<feat xlink:href="#sSpan1147" value="ϩⲉ"/>
		<feat xlink:href="#sSpan1149" value="ⲉⲧⲉⲣⲉ"/>
		<feat xlink:href="#sSpan1154" value="ⲁ"/>
		<feat xlink:href="#sSpan1156" value="ⲁⲛⲟⲛ"/>
		<feat xlink:href="#sSpan1158" value="ⲉⲓ"/>
		<feat xlink:href="#sSpan1160" value="ⲛ"/>
		<feat xlink:href="#sSpan1164" value="ⲛⲧⲟⲥ"/>
		<feat xlink:href="#sSpan1166" value="ⲙⲡⲉ"/>
		<feat xlink:href="#sSpan1171" value="ⲡⲉⲛ"/>
		<feat xlink:href="#sSpan1175" value="ⲭⲣⲏⲙⲁ"/>
		<feat xlink:href="#sSpan1178" value="ⲅⲁⲣ"/>
		<feat xlink:href="#sSpan1183" value="ⲉⲓ"/>
		<feat xlink:href="#sSpan1187" value="·"/>
		<feat xlink:href="#sSpan1191" value="ⲁⲩⲱ"/>
		<feat xlink:href="#sSpan1196" value="ⲟⲛ"/>
		<feat xlink:href="#sSpan1201" value="ⲛⲉⲣⲉ"/>
		<feat xlink:href="#sSpan1205" value="ⲙⲛⲧⲉ"/>
		<feat xlink:href="#sSpan1207" value="ⲁⲛⲟⲛ"/>
		<feat xlink:href="#sSpan1209" value="ⲛⲟⲃⲉ"/>
		<feat xlink:href="#sSpan1214" value="ⲙⲙⲁⲩ"/>
		<feat xlink:href="#sSpan1218" value="ⲟⲩⲇⲉ"/>
		<feat xlink:href="#sSpan1224" value="ⲡ"/>
		<feat xlink:href="#sSpan1230" value="ⲭⲣⲏⲙⲁ"/>
		<feat xlink:href="#sSpan1232" value="·"/>
		<feat xlink:href="#sSpan1237" value="ⲧⲉⲛⲟⲩ"/>
		<feat xlink:href="#sSpan1243" value="ⲇⲉ"/>
		<feat xlink:href="#sSpan1247" value="ⲡ"/>
		<feat xlink:href="#sSpan1253" value="ⲭⲣⲏⲙⲁ"/>
		<feat xlink:href="#sSpan1256" value="ⲛⲁ"/>
		<feat xlink:href="#sSpan1260" value="ϭⲱⲙ"/>
		<feat xlink:href="#sSpan1262" value="ⲡⲉⲓ"/>
		<feat xlink:href="#sSpan1267" value="ⲙⲁ"/>
		<feat xlink:href="#sSpan1270" value="·"/>
		<feat xlink:href="#sSpan1274" value="ⲙⲛ"/>
		<feat xlink:href="#sSpan1279" value="ⲡ"/>
		<feat xlink:href="#sSpan1282" value="ⲕⲉ"/>
		<feat xlink:href="#sSpan1284" value="ⲟⲩⲱϣ"/>
		<feat xlink:href="#sSpan1287" value="ⲧⲏⲣ"/>
		<feat xlink:href="#sSpan1291" value="ⲛⲧⲟⲟⲩ"/>
		<feat xlink:href="#sSpan1293" value="ⲉⲧⲉⲣⲉ"/>
		<feat xlink:href="#sSpan1297" value="ϣⲟⲩⲟ"/>
		<feat xlink:href="#sSpan1300" value="·"/>
		<feat xlink:href="#sSpan1304" value="ⲡ"/>
		<feat xlink:href="#sSpan1310" value="ⲛⲟⲃⲉ"/>
		<feat xlink:href="#sSpan1313" value="ⲇⲉ"/>
		<feat xlink:href="#sSpan1318" value="ⲛⲧⲟⲟⲩ"/>
		<feat xlink:href="#sSpan1322" value="ⲛⲁ"/>
		<feat xlink:href="#sSpan1325" value="ⲣϣⲟⲣⲡ"/>
		<feat xlink:href="#sSpan1328" value="ⲉ"/>
		<feat xlink:href="#sSpan1333" value="ⲁⲛⲟⲛ"/>
		<feat xlink:href="#sSpan1335" value="·"/>
		<feat xlink:href="#sSpan1339" value="ⲁⲩⲱ"/>
		<feat xlink:href="#sSpan1344" value="ⲛⲧⲟⲟⲩ"/>
		<feat xlink:href="#sSpan1348" value="ⲉⲓ"/>
		<feat xlink:href="#sSpan1350" value="ⲙⲛ"/>
		<feat xlink:href="#sSpan1355" value="ⲁⲛⲟⲛ"/>
		<feat xlink:href="#sSpan1357" value="·"/>
		<feat xlink:href="#sSpan1361" value="ⲁⲩⲱ"/>
		<feat xlink:href="#sSpan1366" value="ⲛⲧⲟⲟⲩ"/>
		<feat xlink:href="#sSpan1370" value="ⲛⲁ"/>
		<feat xlink:href="#sSpan1373" value="ⲟⲩⲱϩ"/>
		<feat xlink:href="#sSpan1375" value="ⲛⲧⲟⲟⲩ"/>
		<feat xlink:href="#sSpan1377" value="ⲛⲥⲁ"/>
		<feat xlink:href="#sSpan1381" value="ⲁⲛⲟⲛ"/>
		<feat xlink:href="#sSpan1383" value="·"/>
		<feat xlink:href="#sSpan1389" value="ⲡⲗⲏⲛ"/>
		<feat xlink:href="#sSpan1395" value="ⲛⲓⲙ"/>
		<feat xlink:href="#sSpan1399" value="ⲡⲉ"/>
		<feat xlink:href="#sSpan1403" value="ⲉⲧⲉⲣⲉ"/>
		<feat xlink:href="#sSpan1405" value="ⲛⲁ"/>
		<feat xlink:href="#sSpan1407" value="ϣ"/>
		<feat xlink:href="#sSpan1410" value="ϣⲁϫⲉ"/>
		<feat xlink:href="#sSpan1412" value="ⲉⲣⲉ"/>
		<feat xlink:href="#sSpan1416" value="ⲡ"/>
		<feat xlink:href="#sSpan1420" value="ⲙⲛⲧⲧⲉⲗⲓⲟⲥ"/>
		<feat xlink:href="#sSpan1425" value="ⲛ"/>
		<feat xlink:href="#sSpan1429" value="ⲡ"/>
		<feat xlink:href="#sSpan1432" value="ⲣⲱⲙⲉ"/>
		<feat xlink:href="#sSpan1435" value="ⲉⲧⲉⲣⲉ"/>
		<feat xlink:href="#sSpan1439" value="ⲙⲙⲁⲩ"/>
		<feat xlink:href="#sSpan1441" value="ⲛ"/>
		<feat xlink:href="#sSpan1445" value="ⲡ"/>
		<feat xlink:href="#sSpan1449" value="ⲛⲟⲩⲧⲉ"/>
		<feat xlink:href="#sSpan1451" value="·"/>
		<feat xlink:href="#sSpan1455" value="ⲙⲛ"/>
		<feat xlink:href="#sSpan1459" value="ⲡⲉϥ"/>
		<feat xlink:href="#sSpan1464" value="ϣⲁϫⲉ"/>
		<feat xlink:href="#sSpan1467" value="ⲧⲏⲣ"/>
		<feat xlink:href="#sSpan1471" value="ⲛⲧⲟⲟⲩ"/>
		<feat xlink:href="#sSpan1473" value="ⲉⲧⲉⲣⲉ"/>
		<feat xlink:href="#sSpan1478" value="ⲙⲛ"/>
		<feat xlink:href="#sSpan1481" value="ϩⲩⲡⲟⲕⲣⲓⲥⲓⲥ"/>
		<feat xlink:href="#sSpan1485" value="ϩⲛ"/>
		<feat xlink:href="#sSpan1489" value="ⲛⲧⲟⲟⲩ"/>
		<feat xlink:href="#sSpan1491" value="·"/>
		<feat xlink:href="#sSpan1496" value="ⲟⲩⲇⲉ"/>
		<feat xlink:href="#sSpan1502" value="ⲙⲛ"/>
		<feat xlink:href="#sSpan1506" value="ⲧⲣⲉ"/>
		<feat xlink:href="#sSpan1508" value="ⲛⲧⲟϥ"/>
		<feat xlink:href="#sSpan1510" value="ⲁⲣⲉⲥ"/>
		<feat xlink:href="#sSpan1512" value="ⲛ"/>
		<feat xlink:href="#sSpan1517" value="ⲣⲱⲙⲉ"/>
		<feat xlink:href="#sSpan1520" value="ⲛ"/>
		<feat xlink:href="#sSpan1525" value="ⲣⲉϥϫⲓⲛϭⲟⲛⲥ"/>
		<feat xlink:href="#sSpan1531" value="·"/>
		<feat xlink:href="#sSpan1535" value="ϩⲓ"/>
		<feat xlink:href="#sSpan1539" value="ϩⲉⲗⲗⲏⲛ"/>
		<feat xlink:href="#sSpan1544" value="ⲛⲓⲙ"/>
		<feat xlink:href="#sSpan1548" value="·"/>
		<feat xlink:href="#sSpan1552" value="ⲙⲛ"/>
		<feat xlink:href="#sSpan1557" value="ϩⲁⲓⲣⲉⲥⲓⲥ"/>
		<feat xlink:href="#sSpan1561" value="ⲛⲓⲙ"/>
		<feat xlink:href="#sSpan1565" value="·"/>
		<feat xlink:href="#sSpan1569" value="ⲙⲛ"/>
		<feat xlink:href="#sSpan1573" value="ⲣⲱⲙⲉ"/>
		<feat xlink:href="#sSpan1577" value="ⲛⲓⲙ"/>
		<feat xlink:href="#sSpan1581" value="ⲉⲧⲉⲣⲉ"/>
		<feat xlink:href="#sSpan1585" value="ⲛ"/>
		<feat xlink:href="#sSpan1587" value="ⲛⲧⲟⲟⲩ"/>
		<feat xlink:href="#sSpan1590" value="ⲥⲟⲟⲩⲧⲛ"/>
		<feat xlink:href="#sSpan1592" value="ⲁⲛ"/></featList></paula>