<?xml version='1.0' encoding='UTF-8'?><!DOCTYPE paula SYSTEM "paula_feat.dtd">
<paula version="1.1">
	<header paula_id="scriptorium.GF31-32.mark_new_sent"/>
	<featList xmlns:xlink="http://www.w3.org/1999/xlink" type="new_sent" xml:base="scriptorium.GF31-32.mark.xml">
		<feat xlink:href="#sSpan4" value="true"/>
		<feat xlink:href="#sSpan29" value="true"/>
		<feat xlink:href="#sSpan63" value="true"/>
		<feat xlink:href="#sSpan111" value="true"/>
		<feat xlink:href="#sSpan144" value="true"/>
		<feat xlink:href="#sSpan179" value="true"/>
		<feat xlink:href="#sSpan223" value="true"/>
		<feat xlink:href="#sSpan251" value="true"/>
		<feat xlink:href="#sSpan281" value="true"/>
		<feat xlink:href="#sSpan335" value="true"/>
		<feat xlink:href="#sSpan414" value="true"/>
		<feat xlink:href="#sSpan469" value="true"/>
		<feat xlink:href="#sSpan558" value="true"/>
		<feat xlink:href="#sSpan599" value="true"/>
		<feat xlink:href="#sSpan632" value="true"/>
		<feat xlink:href="#sSpan688" value="true"/>
		<feat xlink:href="#sSpan716" value="true"/>
		<feat xlink:href="#sSpan746" value="true"/>
		<feat xlink:href="#sSpan770" value="true"/>
		<feat xlink:href="#sSpan800" value="true"/>
		<feat xlink:href="#sSpan836" value="true"/>
		<feat xlink:href="#sSpan901" value="true"/>
		<feat xlink:href="#sSpan964" value="true"/>
		<feat xlink:href="#sSpan1191" value="true"/>
		<feat xlink:href="#sSpan1237" value="true"/>
		<feat xlink:href="#sSpan1304" value="true"/>
		<feat xlink:href="#sSpan1339" value="true"/>
		<feat xlink:href="#sSpan1361" value="true"/>
		<feat xlink:href="#sSpan1389" value="true"/>
		<feat xlink:href="#sSpan1496" value="true"/></featList></paula>