<?xml version="1.0" encoding="UTF-8" standalone="no"?>

<!DOCTYPE paula SYSTEM "paula_mark.dtd">
<paula version="1.0">

<header paula_id="Abraham.YA525-530_merge_posSeg"/>

<markList xmlns:xlink="http://www.w3.org/1999/xlink" type="posSeg" xml:base="Abraham.YA525-530_merge.tok.xml">
<mark id="pos_1" xlink:href="#tok_1"/><!-- Ⲉⲧⲃⲉ -->
<mark id="pos_2" xlink:href="#tok_2"/><!-- ⲡⲁⲓ̈ -->
<mark id="pos_3" xlink:href="#tok_3"/><!-- ⲟⲩ -->
<mark id="pos_4" xlink:href="#xpointer(id('tok_4')/range-to(id('tok_5')))"/><!-- ⲙ︤ⲛ︦ⲧ︥...ⲁⲑⲏⲧ` -->
<mark id="pos_6" xlink:href="#tok_6"/><!-- ⲛⲁ -->
<mark id="pos_7" xlink:href="#tok_7"/><!-- ⲛ -->
<mark id="pos_8" xlink:href="#tok_8"/><!-- ⲧⲉ -->
<mark id="pos_9" xlink:href="#tok_9"/><!-- ⲙ︤ⲛ︥ -->
<mark id="pos_10" xlink:href="#tok_10"/><!-- ⲟⲩ -->
<mark id="pos_11" xlink:href="#xpointer(id('tok_11')/range-to(id('tok_12')))"/><!-- ⲙ︤ⲛ︦ⲧ︥ⲃⲗ...ⲗⲉ -->
<mark id="pos_13" xlink:href="#tok_13"/><!-- · -->
<mark id="pos_14" xlink:href="#tok_14"/><!-- ⲉⲣϣⲁⲛ -->
<mark id="pos_15" xlink:href="#xpointer(id('tok_15')/range-to(id('tok_16')))"/><!-- ϩⲟⲓ̈...ⲛⲉ -->
<mark id="pos_17" xlink:href="#tok_17"/><!-- ϩⲣⲁⲓ̈ -->
<mark id="pos_18" xlink:href="#tok_18"/><!-- ⲛ̄ϩⲏⲧ︤ -->
<mark id="pos_19" xlink:href="#tok_19"/><!-- ⲛ︥ -->
<mark id="pos_20" xlink:href="#tok_20"/><!-- ϩⲁⲧⲏ -->
<mark id="pos_21" xlink:href="#tok_21"/><!-- ⲛ` -->
<mark id="pos_22" xlink:href="#tok_22"/><!-- ⲁⲑⲉⲧⲓ` -->
<mark id="pos_23" xlink:href="#tok_23"/><!-- ϩ︤ⲛ︥ -->
<mark id="pos_24" xlink:href="#tok_24"/><!-- ⲟⲩ -->
<mark id="pos_25" xlink:href="#tok_25"/><!-- ϯ -->
<mark id="pos_26" xlink:href="#tok_26"/><!-- ⲧⲱⲛ` -->
<mark id="pos_27" xlink:href="#tok_27"/><!-- ⲙ︤ⲛ︥ -->
<mark id="pos_28" xlink:href="#tok_28"/><!-- ⲟⲩ -->
<mark id="pos_29" xlink:href="#xpointer(id('tok_29')/range-to(id('tok_30')))"/><!-- ⲙ︤ⲛ︦ⲧ︥ⲁⲧ...ⲥⲱⲧ︤ⲙ︥ -->
<mark id="pos_31" xlink:href="#tok_31"/><!-- ⲛ̄ -->
<mark id="pos_32" xlink:href="#tok_32"/><!-- ⲥⲁ -->
<mark id="pos_33" xlink:href="#tok_33"/><!-- ϩⲉ⳯ -->
<mark id="pos_34" xlink:href="#tok_34"/><!-- ϩⲃⲏⲩⲉ` -->
<mark id="pos_35" xlink:href="#tok_35"/><!-- ⲉ -->
<mark id="pos_36" xlink:href="#tok_36"/><!-- ⲩⲛ -->
<mark id="pos_37" xlink:href="#tok_37"/><!-- ϭⲟⲙ` -->
<mark id="pos_38" xlink:href="#tok_38"/><!-- ⲙ̄ⲙⲟ -->
<mark id="pos_39" xlink:href="#tok_39"/><!-- ⲟⲩ -->
<mark id="pos_40" xlink:href="#tok_40"/><!-- ⲉϥⲓ -->
<mark id="pos_41" xlink:href="#tok_41"/><!-- · -->
<mark id="pos_42" xlink:href="#tok_42"/><!-- ⲡⲉⲩ -->
<mark id="pos_43" xlink:href="#tok_43"/><!-- ⲣⲟⲟⲩϣ -->
<mark id="pos_44" xlink:href="#tok_44"/><!-- · -->
<mark id="pos_45" xlink:href="#tok_45"/><!-- ⲉⲓⲧⲉ -->
<mark id="pos_46" xlink:href="#tok_46"/><!-- ϩⲉⲛ -->
<mark id="pos_47" xlink:href="#xpointer(id('tok_47')/range-to(id('tok_48')))"/><!-- ⲣⲱ...ⲙⲉ -->
<mark id="pos_49" xlink:href="#tok_49"/><!-- ⲉ -->
<mark id="pos_50" xlink:href="#tok_50"/><!-- ⲁ -->
<mark id="pos_51" xlink:href="#tok_51"/><!-- ⲩ -->
<mark id="pos_52" xlink:href="#tok_52"/><!-- ϭⲁⲗⲱ -->
<mark id="pos_53" xlink:href="#tok_53"/><!-- ⲟⲩ -->
<mark id="pos_54" xlink:href="#tok_54"/><!-- ⲉⲣⲟ -->
<mark id="pos_55" xlink:href="#tok_55"/><!-- ⲟⲩ -->
<mark id="pos_56" xlink:href="#tok_56"/><!-- · -->
<mark id="pos_57" xlink:href="#xpointer(id('tok_57')/range-to(id('tok_58')))"/><!-- ⲉⲓ...ⲧⲉ -->
<mark id="pos_59" xlink:href="#tok_59"/><!-- ϩⲉⲛ -->
<mark id="pos_60" xlink:href="#xpointer(id('tok_60')/range-to(id('tok_61')))"/><!-- ⲇⲓⲁⲕⲟ...ⲛⲓⲁ` -->
<mark id="pos_62" xlink:href="#tok_62"/><!-- · -->
<mark id="pos_63" xlink:href="#tok_63"/><!-- ⲉⲓⲧⲉ -->
<mark id="pos_64" xlink:href="#tok_64"/><!-- ϭⲉ -->
<mark id="pos_65" xlink:href="#tok_65"/><!-- ⲗⲁⲁⲩ -->
<mark id="pos_66" xlink:href="#tok_66"/><!-- ⲛ̄ -->
<mark id="pos_67" xlink:href="#tok_67"/><!-- ϩⲱⲃ -->
<mark id="pos_68" xlink:href="#tok_68"/><!-- ⲉ -->
<mark id="pos_69" xlink:href="#xpointer(id('tok_69')/range-to(id('tok_70')))"/><!-- ⲛⲁ...ⲛⲟⲩ -->
<mark id="pos_71" xlink:href="#tok_71"/><!-- ϥ` -->
<mark id="pos_72" xlink:href="#tok_72"/><!-- · -->
<mark id="pos_73" xlink:href="#tok_73"/><!-- ⲉ -->
<mark id="pos_74" xlink:href="#tok_74"/><!-- ⲛ -->
<mark id="pos_75" xlink:href="#tok_75"/><!-- ⲛⲁ -->
<mark id="pos_76" xlink:href="#tok_76"/><!-- ϣⲁⲁ -->
<mark id="pos_77" xlink:href="#tok_77"/><!-- ϥ -->
<mark id="pos_78" xlink:href="#tok_78"/><!-- ⲛ̄ -->
<mark id="pos_79" xlink:href="#tok_79"/><!-- ⲛⲉⲛ -->
<mark id="pos_80" xlink:href="#xpointer(id('tok_80')/range-to(id('tok_81')))"/><!-- ⲉ...ⲣⲏⲩ` -->
<mark id="pos_82" xlink:href="#tok_82"/><!-- ⲉⲃⲟⲗ -->
<mark id="pos_83" xlink:href="#tok_83"/><!-- ϩⲓⲧ︤ⲙ︥ -->
<mark id="pos_84" xlink:href="#tok_84"/><!-- ⲡ -->
<mark id="pos_85" xlink:href="#tok_85"/><!-- ⲛⲟⲩⲧⲉ -->
<mark id="pos_86" xlink:href="#tok_86"/><!-- ⲉ -->
<mark id="pos_87" xlink:href="#tok_87"/><!-- ⲡ -->
<mark id="pos_88" xlink:href="#tok_88"/><!-- ⲥⲱⲧⲉ` -->
<mark id="pos_89" xlink:href="#tok_89"/><!-- ⲛ -->
<mark id="pos_90" xlink:href="#tok_90"/><!-- ⲛⲉ⳯ -->
<mark id="pos_91" xlink:href="#tok_91"/><!-- ⲯⲩⲭⲏ` -->
<mark id="pos_92" xlink:href="#tok_92"/><!-- · -->
<mark id="pos_93" xlink:href="#tok_93"/><!-- Ⲟⲩ -->
<mark id="pos_94" xlink:href="#xpointer(id('tok_94')/range-to(id('tok_95')))"/><!-- ⲙ︤ⲛ︦ⲧ︥...ⲥⲟϭ -->
<mark id="pos_96" xlink:href="#tok_96"/><!-- ⲇⲉ -->
<mark id="pos_97" xlink:href="#tok_97"/><!-- ⲟⲛ -->
<mark id="pos_98" xlink:href="#tok_98"/><!-- ⲧⲉ -->
<mark id="pos_99" xlink:href="#tok_99"/><!-- ⲉ -->
<mark id="pos_100" xlink:href="#tok_100"/><!-- ⲡⲉ -->
<mark id="pos_101" xlink:href="#tok_101"/><!-- ϩⲟⲩⲟ` -->
<mark id="pos_102" xlink:href="#tok_102"/><!-- ⲙ︤ⲛ︥ -->
<mark id="pos_103" xlink:href="#tok_103"/><!-- ⲟⲩ -->
<mark id="pos_104" xlink:href="#tok_104"/><!-- ⲧⲱⲙ` -->
<mark id="pos_105" xlink:href="#tok_105"/><!-- ⲛ̄ -->
<mark id="pos_106" xlink:href="#tok_106"/><!-- ϩⲏⲧ` -->
<mark id="pos_107" xlink:href="#tok_107"/><!-- ⲉ -->
<mark id="pos_108" xlink:href="#tok_108"/><!-- ϥ -->
<mark id="pos_109" xlink:href="#tok_109"/><!-- ϩⲟⲟⲩ -->
<mark id="pos_110" xlink:href="#tok_110"/><!-- · -->
<mark id="pos_111" xlink:href="#tok_111"/><!-- ⲉⲣϣⲁⲛ -->
<mark id="pos_112" xlink:href="#tok_112"/><!-- ϩⲟⲓ̈ⲛⲉ` -->
<mark id="pos_113" xlink:href="#tok_113"/><!-- ϩⲁⲧ︤ⲛ︥ -->
<mark id="pos_114" xlink:href="#tok_114"/><!-- ⲧⲏⲩⲧ︤ⲛ︥ -->
<mark id="pos_115" xlink:href="#tok_115"/><!-- ⲥⲟⲧⲡ︤ -->
<mark id="pos_116" xlink:href="#tok_116"/><!-- ⲥ︥ -->
<mark id="pos_117" xlink:href="#tok_117"/><!-- ⲛⲁ -->
<mark id="pos_118" xlink:href="#tok_118"/><!-- ⲩ` -->
<mark id="pos_119" xlink:href="#tok_119"/><!-- ⲉ -->
<mark id="pos_120" xlink:href="#tok_120"/><!-- ⲧⲣⲉ -->
<mark id="pos_121" xlink:href="#tok_121"/><!-- ⲩ -->
<mark id="pos_122" xlink:href="#tok_122"/><!-- ϣⲱⲡⲉ` -->
<mark id="pos_123" xlink:href="#tok_123"/><!-- ⲛ̄ -->
<mark id="pos_124" xlink:href="#tok_124"/><!-- ⲁϭⲣⲏⲛ -->
<mark id="pos_125" xlink:href="#tok_125"/><!-- ⲉⲃⲟⲗ -->
<mark id="pos_126" xlink:href="#xpointer(id('tok_126')/range-to(id('tok_127')))"/><!-- ϩⲓ...ⲧ︤ⲙ︥ -->
<mark id="pos_128" xlink:href="#tok_128"/><!-- ⲡ -->
<mark id="pos_129" xlink:href="#tok_129"/><!-- ⲛⲟⲩⲧⲉ -->
<mark id="pos_130" xlink:href="#tok_130"/><!-- ⲛ̄ -->
<mark id="pos_131" xlink:href="#tok_131"/><!-- ⲥⲉ -->
<mark id="pos_132" xlink:href="#tok_132"/><!-- ⲁⲡⲟⲧⲁⲥⲥⲉ -->
<mark id="pos_133" xlink:href="#tok_133"/><!-- ϩ︤ⲛ︥ -->
<mark id="pos_134" xlink:href="#tok_134"/><!-- ⲟⲩ -->
<mark id="pos_135" xlink:href="#tok_135"/><!-- ϯ -->
<mark id="pos_136" xlink:href="#tok_136"/><!-- ⲧⲱⲛ -->
<mark id="pos_137" xlink:href="#tok_137"/><!-- · -->
<mark id="pos_138" xlink:href="#tok_138"/><!-- ⲙ︤ⲛ︥ -->
<mark id="pos_139" xlink:href="#tok_139"/><!-- ⲟⲩ -->
<mark id="pos_140" xlink:href="#xpointer(id('tok_140')/range-to(id('tok_141')))"/><!-- ⲙ︤ⲛ︦ⲧ︥ⲁⲧ...ⲥⲃⲱ̂ -->
<mark id="pos_142" xlink:href="#tok_142"/><!-- · -->
<mark id="pos_143" xlink:href="#tok_143"/><!-- ⲛ̄ -->
<mark id="pos_144" xlink:href="#tok_144"/><!-- ϩⲉⲛ -->
<mark id="pos_145" xlink:href="#xpointer(id('tok_145')/range-to(id('tok_146')))"/><!-- ϩⲃⲏ...ⲟⲩⲉ` -->
<mark id="pos_147" xlink:href="#tok_147"/><!-- ⲉ -->
<mark id="pos_148" xlink:href="#tok_148"/><!-- ⲩⲛ̄ -->
<mark id="pos_149" xlink:href="#tok_149"/><!-- ϭⲟⲙ -->
<mark id="pos_150" xlink:href="#xpointer(id('tok_150')/range-to(id('tok_151')))"/><!-- ⲙ̄...ⲙⲟ -->
<mark id="pos_152" xlink:href="#tok_152"/><!-- ⲟⲩ -->
<mark id="pos_153" xlink:href="#tok_153"/><!-- ⲉ -->
<mark id="pos_154" xlink:href="#tok_154"/><!-- ϥⲓ -->
<mark id="pos_155" xlink:href="#tok_155"/><!-- ⲡⲉⲩ -->
<mark id="pos_156" xlink:href="#tok_156"/><!-- ⲣⲟⲟⲩϣ` -->
<mark id="pos_157" xlink:href="#tok_157"/><!-- ⲉⲓⲧⲉ -->
<mark id="pos_158" xlink:href="#tok_158"/><!-- ϩⲉⲛ -->
<mark id="pos_159" xlink:href="#tok_159"/><!-- ⲣⲱⲙⲉ -->
<mark id="pos_160" xlink:href="#tok_160"/><!-- · -->
<mark id="pos_161" xlink:href="#xpointer(id('tok_161')/range-to(id('tok_162')))"/><!-- ⲉⲓ...ⲧⲉ -->
<mark id="pos_163" xlink:href="#tok_163"/><!-- ϩⲉⲛ -->
<mark id="pos_164" xlink:href="#xpointer(id('tok_164')/range-to(id('tok_165')))"/><!-- ⲇⲓⲁⲕⲟ...ⲛⲓⲁ` -->
<mark id="pos_166" xlink:href="#tok_166"/><!-- · -->
<mark id="pos_167" xlink:href="#tok_167"/><!-- ⲉⲓⲧⲉ -->
<mark id="pos_168" xlink:href="#tok_168"/><!-- ϭⲉ -->
<mark id="pos_169" xlink:href="#tok_169"/><!-- ⲗⲁⲁⲩ -->
<mark id="pos_170" xlink:href="#tok_170"/><!-- ⲛ̄ -->
<mark id="pos_171" xlink:href="#tok_171"/><!-- ϩⲱⲃ` -->
<mark id="pos_172" xlink:href="#tok_172"/><!-- ⲉ -->
<mark id="pos_173" xlink:href="#xpointer(id('tok_173')/range-to(id('tok_174')))"/><!-- ⲛⲁ...ⲛⲟⲩ -->
<mark id="pos_175" xlink:href="#tok_175"/><!-- ϥ -->
<mark id="pos_176" xlink:href="#tok_176"/><!-- · -->
<mark id="pos_177" xlink:href="#tok_177"/><!-- ⲉ -->
<mark id="pos_178" xlink:href="#tok_178"/><!-- ⲧⲣⲉ -->
<mark id="pos_179" xlink:href="#tok_179"/><!-- ⲧ︤ⲛ︥ -->
<mark id="pos_180" xlink:href="#tok_180"/><!-- ⲁⲁ -->
<mark id="pos_181" xlink:href="#tok_181"/><!-- ⲩ` -->
<mark id="pos_182" xlink:href="#tok_182"/><!-- ⲛ̄ -->
<mark id="pos_183" xlink:href="#tok_183"/><!-- ⲛⲉⲧ︤ⲛ︥ -->
<mark id="pos_184" xlink:href="#tok_184"/><!-- ⲉⲣⲏⲩ -->
<mark id="pos_185" xlink:href="#tok_185"/><!-- ϩ︤ⲛ︥ -->
<mark id="pos_186" xlink:href="#tok_186"/><!-- ⲑ -->
<mark id="pos_187" xlink:href="#tok_187"/><!-- ⲟⲧⲉ -->
<mark id="pos_188" xlink:href="#tok_188"/><!-- ⲙ̄ -->
<mark id="pos_189" xlink:href="#tok_189"/><!-- ⲡ -->
<mark id="pos_190" xlink:href="#tok_190"/><!-- ϫⲟⲉⲓⲥ -->
<mark id="pos_191" xlink:href="#tok_191"/><!-- · -->
<mark id="pos_192" xlink:href="#tok_192"/><!-- Ⲉϣϫⲉ -->
<mark id="pos_193" xlink:href="#tok_193"/><!-- ⲧⲉ -->
<mark id="pos_194" xlink:href="#tok_194"/><!-- ⲥϩⲓⲙⲉ -->
<mark id="pos_195" xlink:href="#tok_195"/><!-- ⲇⲉ` -->
<mark id="pos_196" xlink:href="#tok_196"/><!-- ⲉⲧ -->
<mark id="pos_197" xlink:href="#tok_197"/><!-- ⲥ -->
<mark id="pos_198" xlink:href="#tok_198"/><!-- ϩⲙⲟⲟⲥ -->
<mark id="pos_199" xlink:href="#tok_199"/><!-- ⲙ︤ⲛ︥ -->
<mark id="pos_200" xlink:href="#tok_200"/><!-- ⲟⲩ -->
<mark id="pos_201" xlink:href="#tok_201"/><!-- ϩⲁⲓ̈ -->
<mark id="pos_202" xlink:href="#tok_202"/><!-- ⲕⲁⲧⲁ -->
<mark id="pos_203" xlink:href="#tok_203"/><!-- ⲥⲁⲣ︤ⲝ︥ -->
<mark id="pos_204" xlink:href="#tok_204"/><!-- · -->
<mark id="pos_205" xlink:href="#tok_205"/><!-- ϣⲁ -->
<mark id="pos_206" xlink:href="#tok_206"/><!-- ⲥ -->
<mark id="pos_207" xlink:href="#tok_207"/><!-- ⲣ̂ -->
<mark id="pos_208" xlink:href="#tok_208"/><!-- ϩ︤ⲛ︥ⲁ -->
<mark id="pos_209" xlink:href="#tok_209"/><!-- ⲥ` -->
<mark id="pos_210" xlink:href="#tok_210"/><!-- ⲉ -->
<mark id="pos_211" xlink:href="#tok_211"/><!-- ⲧⲣⲉ -->
<mark id="pos_212" xlink:href="#tok_212"/><!-- ϩⲉ⳯ -->
<mark id="pos_213" xlink:href="#tok_213"/><!-- ϣⲏⲣⲉ -->
<mark id="pos_214" xlink:href="#tok_214"/><!-- ⲙ︤ⲛ︥ -->
<mark id="pos_215" xlink:href="#tok_215"/><!-- ϩⲉⲛ -->
<mark id="pos_216" xlink:href="#tok_216"/><!-- ϣⲉⲉⲣⲉ` -->
<mark id="pos_217" xlink:href="#tok_217"/><!-- ϣⲱⲡⲉ -->
<mark id="pos_218" xlink:href="#tok_218"/><!-- ⲛⲁ -->
<mark id="pos_219" xlink:href="#tok_219"/><!-- ⲥ -->
<mark id="pos_220" xlink:href="#tok_220"/><!-- · -->
<mark id="pos_221" xlink:href="#tok_221"/><!-- ⲁⲩⲱ -->
<mark id="pos_222" xlink:href="#tok_222"/><!-- Ⲉϣϫⲉ -->
<mark id="pos_223" xlink:href="#tok_223"/><!-- ⲥⲁⲣⲣⲁ` -->
<mark id="pos_224" xlink:href="#tok_224"/><!-- ⲙ︤ⲛ︥ -->
<mark id="pos_225" xlink:href="#tok_225"/><!-- ϩⲣⲉⲃⲉⲕⲕⲁ` -->
<mark id="pos_226" xlink:href="#tok_226"/><!-- ⲙ︤ⲛ︥ -->
<mark id="pos_227" xlink:href="#tok_227"/><!-- ϩⲣⲁⲭⲏⲗ` -->
<mark id="pos_228" xlink:href="#tok_228"/><!-- · -->
<mark id="pos_229" xlink:href="#tok_229"/><!-- ⲙ︤ⲛ︥ -->
<mark id="pos_230" xlink:href="#xpointer(id('tok_230')/range-to(id('tok_231')))"/><!-- ⲁⲛ...ⲛⲁ` -->
<mark id="pos_232" xlink:href="#tok_232"/><!-- · -->
<mark id="pos_233" xlink:href="#tok_233"/><!-- ⲙ︤ⲛ︥ -->
<mark id="pos_234" xlink:href="#tok_234"/><!-- ⲧ -->
<mark id="pos_235" xlink:href="#xpointer(id('tok_235')/range-to(id('tok_236')))"/><!-- ⲙⲁ...ⲁⲩ -->
<mark id="pos_237" xlink:href="#tok_237"/><!-- ⲙ̄ -->
<mark id="pos_238" xlink:href="#tok_238"/><!-- ⲡⲉ -->
<mark id="pos_239" xlink:href="#xpointer(id('tok_239')/range-to(id('tok_240')))"/><!-- ⲡⲣⲟ...ⲫⲏⲧⲏⲥ -->
<mark id="pos_241" xlink:href="#xpointer(id('tok_241')/range-to(id('tok_242')))"/><!-- ⲥⲁⲙ...ⲯⲱⲛ` -->
<mark id="pos_243" xlink:href="#tok_243"/><!-- · -->
<mark id="pos_244" xlink:href="#tok_244"/><!-- ⲙ︤ⲛ︥ -->
<mark id="pos_245" xlink:href="#xpointer(id('tok_245')/range-to(id('tok_246')))"/><!-- ⲉⲗⲓ...ⲥⲁⲃⲉⲧ` -->
<mark id="pos_247" xlink:href="#tok_247"/><!-- ⲧ -->
<mark id="pos_248" xlink:href="#tok_248"/><!-- ⲙⲁⲁⲩ -->
<mark id="pos_249" xlink:href="#tok_249"/><!-- ⲛ̄ -->
<mark id="pos_250" xlink:href="#tok_250"/><!-- ⲓ̈ⲱϩⲁⲛⲛⲏⲥ` -->
<mark id="pos_251" xlink:href="#tok_251"/><!-- ⲡ -->
<mark id="pos_252" xlink:href="#xpointer(id('tok_252')/range-to(id('tok_253')))"/><!-- ⲉ⳯...ⲧ -->
<mark id="pos_254" xlink:href="#tok_254"/><!-- ⲁ -->
<mark id="pos_255" xlink:href="#tok_255"/><!-- ϥ -->
<mark id="pos_256" xlink:href="#tok_256"/><!-- ⲙⲟⲩϩ` -->
<mark id="pos_257" xlink:href="#tok_257"/><!-- ⲙ̄ -->
<mark id="pos_258" xlink:href="#tok_258"/><!-- ⲡ︤ⲛ︦ⲁ︥ -->
<mark id="pos_259" xlink:href="#tok_259"/><!-- ⲉ -->
<mark id="pos_260" xlink:href="#tok_260"/><!-- ϥ -->
<mark id="pos_261" xlink:href="#tok_261"/><!-- ⲟⲩⲁⲁⲃ` -->
<mark id="pos_262" xlink:href="#tok_262"/><!-- ϫⲓⲛ -->
<mark id="pos_263" xlink:href="#tok_263"/><!-- ⲉ -->
<mark id="pos_264" xlink:href="#tok_264"/><!-- ϥ -->
<mark id="pos_265" xlink:href="#tok_265"/><!-- ⲛ̄ϩⲏⲧ︤ -->
<mark id="pos_266" xlink:href="#tok_266"/><!-- ⲥ︥ -->
<mark id="pos_267" xlink:href="#tok_267"/><!-- ⲛ̄ -->
<mark id="pos_268" xlink:href="#tok_268"/><!-- ⲧⲉϥ -->
<mark id="pos_269" xlink:href="#tok_269"/><!-- ⲙⲁⲁⲩ -->
<mark id="pos_270" xlink:href="#tok_270"/><!-- · -->
<mark id="pos_271" xlink:href="#tok_271"/><!-- ⲉϣϫⲉ -->
<mark id="pos_272" xlink:href="#tok_272"/><!-- Ⲛⲁⲓ̈ -->
<mark id="pos_273" xlink:href="#tok_273"/><!-- ⲙ︤ⲛ︥ -->
<mark id="pos_274" xlink:href="#tok_274"/><!-- ϩⲉⲛ -->
<mark id="pos_275" xlink:href="#xpointer(id('tok_275')/range-to(id('tok_276')))"/><!-- ⲕⲟ...ⲟⲩⲉ -->
<mark id="pos_277" xlink:href="#tok_277"/><!-- ϩ︤ⲛ︥ -->
<mark id="pos_278" xlink:href="#tok_278"/><!-- ⲛⲉ -->
<mark id="pos_279" xlink:href="#xpointer(id('tok_279')/range-to(id('tok_280')))"/><!-- ϩⲓⲟ...ⲙⲉ` -->
<mark id="pos_281" xlink:href="#tok_281"/><!-- ⲉⲧ -->
<mark id="pos_282" xlink:href="#tok_282"/><!-- ⲟⲩⲁⲁⲃ` -->
<mark id="pos_283" xlink:href="#tok_283"/><!-- ⲛ̄ -->
<mark id="pos_284" xlink:href="#tok_284"/><!-- ⲁⲣⲭⲁⲓⲟⲥ` -->
<mark id="pos_285" xlink:href="#tok_285"/><!-- ⲛⲉ -->
<mark id="pos_286" xlink:href="#tok_286"/><!-- ⲩ -->
<mark id="pos_287" xlink:href="#tok_287"/><!-- ⲱϣ` -->
<mark id="pos_288" xlink:href="#tok_288"/><!-- ⲡⲉ` -->
<mark id="pos_289" xlink:href="#tok_289"/><!-- ⲉϩⲣⲁⲓ̈ -->
<mark id="pos_290" xlink:href="#tok_290"/><!-- ⲉ -->
<mark id="pos_291" xlink:href="#tok_291"/><!-- ⲡ -->
<mark id="pos_292" xlink:href="#tok_292"/><!-- ϫⲟⲉⲓⲥ` -->
<mark id="pos_293" xlink:href="#tok_293"/><!-- ⲉ -->
<mark id="pos_294" xlink:href="#tok_294"/><!-- ⲩ -->
<mark id="pos_295" xlink:href="#tok_295"/><!-- ⲧⲱⲃ︤ϩ︥ -->
<mark id="pos_296" xlink:href="#tok_296"/><!-- · -->
<mark id="pos_297" xlink:href="#tok_297"/><!-- ⲁⲩⲱ -->
<mark id="pos_298" xlink:href="#tok_298"/><!-- ⲉ -->
<mark id="pos_299" xlink:href="#tok_299"/><!-- ⲩ -->
<mark id="pos_300" xlink:href="#tok_300"/><!-- ⲡⲁⲣⲁⲕⲁⲗⲉⲓ` -->
<mark id="pos_301" xlink:href="#tok_301"/><!-- ⲉ -->
<mark id="pos_302" xlink:href="#tok_302"/><!-- ⲧ︤ⲙ︥ -->
<mark id="pos_303" xlink:href="#tok_303"/><!-- ⲧⲣⲉ -->
<mark id="pos_304" xlink:href="#tok_304"/><!-- ⲩ -->
<mark id="pos_305" xlink:href="#xpointer(id('tok_305')/range-to(id('tok_306')))"/><!-- ϣⲱ...ⲡⲉ` -->
<mark id="pos_307" xlink:href="#tok_307"/><!-- ⲛ̄ -->
<mark id="pos_308" xlink:href="#tok_308"/><!-- ⲁϭⲣⲏⲛ -->
<mark id="pos_309" xlink:href="#tok_309"/><!-- · -->
<mark id="pos_310" xlink:href="#tok_310"/><!-- ⲉⲓ̈ⲉ -->
<mark id="pos_311" xlink:href="#tok_311"/><!-- ⲉⲣϣⲁⲛ -->
<mark id="pos_312" xlink:href="#xpointer(id('tok_312')/range-to(id('tok_313')))"/><!-- ϩⲟⲓ̈...ⲛⲉ -->
<mark id="pos_314" xlink:href="#tok_314"/><!-- ϩⲁⲧ︤ⲛ︥ -->
<mark id="pos_315" xlink:href="#xpointer(id('tok_315')/range-to(id('tok_316')))"/><!-- ⲧⲏⲩ...ⲧ︤ⲛ︥ -->
<mark id="pos_317" xlink:href="#tok_317"/><!-- ⲁⲡⲟⲧⲁⲥⲥⲉ -->
<mark id="pos_318" xlink:href="#tok_318"/><!-- ⲛ̄ -->
<mark id="pos_319" xlink:href="#tok_319"/><!-- ϩⲉⲛ -->
<mark id="pos_320" xlink:href="#tok_320"/><!-- ⲣⲱⲙⲉ` -->
<mark id="pos_321" xlink:href="#tok_321"/><!-- ⲉ -->
<mark id="pos_322" xlink:href="#tok_322"/><!-- ⲁ -->
<mark id="pos_323" xlink:href="#tok_323"/><!-- ⲩ -->
<mark id="pos_324" xlink:href="#tok_324"/><!-- ϭⲁⲗⲱ -->
<mark id="pos_325" xlink:href="#tok_325"/><!-- ⲟⲩ` -->
<mark id="pos_326" xlink:href="#xpointer(id('tok_326')/range-to(id('tok_327')))"/><!-- ⲉ...ⲣⲟ -->
<mark id="pos_328" xlink:href="#tok_328"/><!-- ⲟⲩ` -->
<mark id="pos_329" xlink:href="#tok_329"/><!-- ⲉⲃⲟⲗ -->
<mark id="pos_330" xlink:href="#xpointer(id('tok_330')/range-to(id('tok_331')))"/><!-- ϩⲓ...ⲧ︤ⲙ︥ -->
<mark id="pos_332" xlink:href="#tok_332"/><!-- ⲡ -->
<mark id="pos_333" xlink:href="#tok_333"/><!-- ⲛⲟⲩⲧⲉ -->
<mark id="pos_334" xlink:href="#tok_334"/><!-- · -->
<mark id="pos_335" xlink:href="#tok_335"/><!-- ⲉ -->
<mark id="pos_336" xlink:href="#tok_336"/><!-- ⲩ -->
<mark id="pos_337" xlink:href="#tok_337"/><!-- ⲛⲁ -->
<mark id="pos_338" xlink:href="#tok_338"/><!-- ϣⲱⲡⲉ -->
<mark id="pos_339" xlink:href="#tok_339"/><!-- ⲉ -->
<mark id="pos_340" xlink:href="#tok_340"/><!-- ⲩ -->
<mark id="pos_341" xlink:href="#tok_341"/><!-- ⲧϭⲁⲓ̈ⲏⲩ` -->
<mark id="pos_342" xlink:href="#tok_342"/><!-- ⲛ̄ -->
<mark id="pos_343" xlink:href="#xpointer(id('tok_343')/range-to(id('tok_344')))"/><!-- ⲟⲩ...ⲏⲣ -->
<mark id="pos_345" xlink:href="#tok_345"/><!-- · -->
<mark id="pos_346" xlink:href="#tok_346"/><!-- ϫⲉ -->
<mark id="pos_347" xlink:href="#tok_347"/><!-- ⲁ -->
<mark id="pos_348" xlink:href="#tok_348"/><!-- ⲩ -->
<mark id="pos_349" xlink:href="#xpointer(id('tok_349')/range-to(id('tok_350')))"/><!-- ⲥⲟⲧ...ⲡ︤ -->
<mark id="pos_351" xlink:href="#tok_351"/><!-- ⲥ︥ -->
<mark id="pos_352" xlink:href="#tok_352"/><!-- ⲛⲁ -->
<mark id="pos_353" xlink:href="#tok_353"/><!-- ⲩ -->
<mark id="pos_354" xlink:href="#tok_354"/><!-- ⲉ -->
<mark id="pos_355" xlink:href="#tok_355"/><!-- ⲧⲣⲉ -->
<mark id="pos_356" xlink:href="#tok_356"/><!-- ⲩ -->
<mark id="pos_357" xlink:href="#tok_357"/><!-- ϣⲱⲡⲉ -->
<mark id="pos_358" xlink:href="#tok_358"/><!-- ⲛ̄ -->
<mark id="pos_359" xlink:href="#tok_359"/><!-- ⲁϭⲣⲏⲛ -->
<mark id="pos_360" xlink:href="#tok_360"/><!-- ⲁⲩⲱ -->
<mark id="pos_361" xlink:href="#tok_361"/><!-- ⲛ̄ -->
<mark id="pos_362" xlink:href="#tok_362"/><!-- ⲭⲏⲣⲁ -->
<mark id="pos_363" xlink:href="#tok_363"/><!-- · -->
<mark id="pos_364" xlink:href="#tok_364"/><!-- Ⲛⲁϣⲱ -->
<mark id="pos_365" xlink:href="#tok_365"/><!-- ⲟⲩ -->
<mark id="pos_366" xlink:href="#tok_366"/><!-- ⲅⲁⲣ -->
<mark id="pos_367" xlink:href="#tok_367"/><!-- ϫⲓⲛ -->
<mark id="pos_368" xlink:href="#tok_368"/><!-- ⲛ̄ -->
<mark id="pos_369" xlink:href="#tok_369"/><!-- ϣⲟⲣ︤ⲡ︥ -->
<mark id="pos_370" xlink:href="#tok_370"/><!-- ϣⲁ -->
<mark id="pos_371" xlink:href="#tok_371"/><!-- ϩⲣⲁⲓ̈ -->
<mark id="pos_372" xlink:href="#tok_372"/><!-- ⲉ -->
<mark id="pos_373" xlink:href="#tok_373"/><!-- ⲧⲉⲛⲟⲩ` -->
<mark id="pos_374" xlink:href="#tok_374"/><!-- ⲛ̄ϭⲓ -->
<mark id="pos_375" xlink:href="#tok_375"/><!-- ϩⲉⲛ -->
<mark id="pos_376" xlink:href="#tok_376"/><!-- ⲉⲓⲟⲧⲉ` -->
<mark id="pos_377" xlink:href="#tok_377"/><!-- ⲉ -->
<mark id="pos_378" xlink:href="#tok_378"/><!-- ⲁ -->
<mark id="pos_379" xlink:href="#tok_379"/><!-- ⲡ -->
<mark id="pos_380" xlink:href="#tok_380"/><!-- ⲛⲟⲩⲧⲉ` -->
<mark id="pos_381" xlink:href="#xpointer(id('tok_381')/range-to(id('tok_382')))"/><!-- ⲥⲟ...ϣϥ -->
<mark id="pos_383" xlink:href="#tok_383"/><!-- ⲟⲩ -->
<mark id="pos_384" xlink:href="#tok_384"/><!-- · -->
<mark id="pos_385" xlink:href="#tok_385"/><!-- ⲉⲓⲧⲉ -->
<mark id="pos_386" xlink:href="#tok_386"/><!-- ϩⲟⲟⲩⲧ` -->
<mark id="pos_387" xlink:href="#tok_387"/><!-- · -->
<mark id="pos_388" xlink:href="#tok_388"/><!-- ⲉⲓⲧⲉ -->
<mark id="pos_389" xlink:href="#tok_389"/><!-- ⲥϩⲓⲙⲉ` -->
<mark id="pos_390" xlink:href="#tok_390"/><!-- · -->
<mark id="pos_391" xlink:href="#tok_391"/><!-- ϫⲉ -->
<mark id="pos_392" xlink:href="#xpointer(id('tok_392')/range-to(id('tok_393')))"/><!-- ⲙ̄...ⲡ -->
<mark id="pos_394" xlink:href="#tok_394"/><!-- ⲟⲩ -->
<mark id="pos_395" xlink:href="#tok_395"/><!-- ⲱϣ` -->
<mark id="pos_396" xlink:href="#tok_396"/><!-- ⲉ -->
<mark id="pos_397" xlink:href="#tok_397"/><!-- ϣ︤ⲡ︥ -->
<mark id="pos_398" xlink:href="#tok_398"/><!-- ϩⲓⲥⲉ` -->
<mark id="pos_399" xlink:href="#tok_399"/><!-- ⲙ︤ⲛ︥ -->
<mark id="pos_400" xlink:href="#tok_400"/><!-- ϩⲉⲛ -->
<mark id="pos_401" xlink:href="#tok_401"/><!-- ⲕⲟⲟⲩⲉ` -->
<mark id="pos_402" xlink:href="#tok_402"/><!-- ⲉ -->
<mark id="pos_403" xlink:href="#tok_403"/><!-- ⲧⲣⲉ -->
<mark id="pos_404" xlink:href="#tok_404"/><!-- ⲩ -->
<mark id="pos_405" xlink:href="#tok_405"/><!-- ϣⲱⲡⲉ -->
<mark id="pos_406" xlink:href="#tok_406"/><!-- ⲛⲁ -->
<mark id="pos_407" xlink:href="#tok_407"/><!-- ⲩ -->
<mark id="pos_408" xlink:href="#tok_408"/><!-- ⲉ -->
<mark id="pos_409" xlink:href="#tok_409"/><!-- ϩⲉⲛ -->
<mark id="pos_410" xlink:href="#tok_410"/><!-- ϣⲏⲣⲉ` -->
<mark id="pos_411" xlink:href="#tok_411"/><!-- ⲙ︤ⲛ︥ -->
<mark id="pos_412" xlink:href="#tok_412"/><!-- ϩⲉⲛ -->
<mark id="pos_413" xlink:href="#tok_413"/><!-- ϣⲉⲉⲣⲉ` -->
<mark id="pos_414" xlink:href="#tok_414"/><!-- · -->
<mark id="pos_415" xlink:href="#tok_415"/><!-- ⲉⲃⲟⲗ -->
<mark id="pos_416" xlink:href="#tok_416"/><!-- ϩⲓⲧ︤ⲙ︥ -->
<mark id="pos_417" xlink:href="#tok_417"/><!-- ⲡ -->
<mark id="pos_418" xlink:href="#tok_418"/><!-- ⲛⲟⲩⲧⲉ -->
<mark id="pos_419" xlink:href="#tok_419"/><!-- · -->
<mark id="pos_420" xlink:href="#tok_420"/><!-- Ⲁⲗⲗⲁ -->
<mark id="pos_421" xlink:href="#tok_421"/><!-- ⲉⲧⲃⲉ -->
<mark id="pos_422" xlink:href="#tok_422"/><!-- ⲡⲉ -->
<mark id="pos_423" xlink:href="#xpointer(id('tok_423')/range-to(id('tok_424')))"/><!-- ⲙ...ⲧⲟⲛ` -->
<mark id="pos_425" xlink:href="#tok_425"/><!-- ⲛ̄ -->
<mark id="pos_426" xlink:href="#tok_426"/><!-- ⲥⲱⲙⲁ -->
<mark id="pos_427" xlink:href="#tok_427"/><!-- ⲙ︤ⲛ︥ -->
<mark id="pos_428" xlink:href="#tok_428"/><!-- ⲧ -->
<mark id="pos_429" xlink:href="#xpointer(id('tok_429')/range-to(id('tok_430')))"/><!-- ⲙ︤ⲛ︦ⲧ︥ϫⲁ...ⲥⲓϩⲏⲧ` -->
<mark id="pos_431" xlink:href="#tok_431"/><!-- · -->
<mark id="pos_432" xlink:href="#tok_432"/><!-- ⲉ -->
<mark id="pos_433" xlink:href="#tok_433"/><!-- ⲁ -->
<mark id="pos_434" xlink:href="#tok_434"/><!-- ϩⲁϩ -->
<mark id="pos_435" xlink:href="#tok_435"/><!-- ⲛ̄ -->
<mark id="pos_436" xlink:href="#tok_436"/><!-- ⲣⲱⲙⲉ -->
<mark id="pos_437" xlink:href="#xpointer(id('tok_437')/range-to(id('tok_438')))"/><!-- ⲁⲡⲟ...ⲧⲁⲥⲥⲉ` -->
<mark id="pos_439" xlink:href="#tok_439"/><!-- ⲉ -->
<mark id="pos_440" xlink:href="#tok_440"/><!-- ⲧ︤ⲙ︥ -->
<mark id="pos_441" xlink:href="#tok_441"/><!-- ⲧⲣⲉ -->
<mark id="pos_442" xlink:href="#tok_442"/><!-- ⲩ -->
<mark id="pos_443" xlink:href="#tok_443"/><!-- ϣ︤ⲡ︥ -->
<mark id="pos_444" xlink:href="#tok_444"/><!-- ϩⲓⲥⲉ -->
<mark id="pos_445" xlink:href="#tok_445"/><!-- ⲙ︤ⲛ︥ -->
<mark id="pos_446" xlink:href="#tok_446"/><!-- ϩⲉⲛ -->
<mark id="pos_447" xlink:href="#tok_447"/><!-- ⲕⲟⲟⲩⲉ` -->
<mark id="pos_448" xlink:href="#tok_448"/><!-- ⲉⲃⲟⲗ -->
<mark id="pos_449" xlink:href="#tok_449"/><!-- ϩⲓⲧ︤ⲙ︥ -->
<mark id="pos_450" xlink:href="#tok_450"/><!-- ⲡ -->
<mark id="pos_451" xlink:href="#xpointer(id('tok_451')/range-to(id('tok_454')))"/><!-- ⲛ...ⲧⲉ` -->
<mark id="pos_455" xlink:href="#tok_455"/><!-- ⲛ̄ -->
<mark id="pos_456" xlink:href="#tok_456"/><!-- ⲑ -->
<mark id="pos_457" xlink:href="#tok_457"/><!-- ⲉ -->
<mark id="pos_458" xlink:href="#tok_458"/><!-- ⲛ̄ -->
<mark id="pos_459" xlink:href="#tok_459"/><!-- ̄ⲧⲁ -->
<mark id="pos_460" xlink:href="#tok_460"/><!-- ϩⲟⲓ̈ⲛⲉ -->
<mark id="pos_461" xlink:href="#tok_461"/><!-- ϣ︤ⲡ︥ -->
<mark id="pos_462" xlink:href="#xpointer(id('tok_462')/range-to(id('tok_463')))"/><!-- ϩⲓ...ⲥⲉ -->
<mark id="pos_464" xlink:href="#tok_464"/><!-- ϩⲱ -->
<mark id="pos_465" xlink:href="#tok_465"/><!-- ⲟⲩ -->
<mark id="pos_466" xlink:href="#xpointer(id('tok_466')/range-to(id('tok_467')))"/><!-- ⲛ︤ⲙ︥...ⲙⲁ -->
<mark id="pos_468" xlink:href="#tok_468"/><!-- ⲩ -->
<mark id="pos_469" xlink:href="#tok_469"/><!-- · -->
<mark id="pos_470" xlink:href="#tok_470"/><!-- ⲁⲩⲱ -->
<mark id="pos_471" xlink:href="#tok_471"/><!-- ⲉ -->
<mark id="pos_472" xlink:href="#tok_472"/><!-- ⲁ -->
<mark id="pos_473" xlink:href="#tok_473"/><!-- ϩⲁϩ -->
<mark id="pos_474" xlink:href="#tok_474"/><!-- ⲛ̄ -->
<mark id="pos_475" xlink:href="#tok_475"/><!-- ⲥϩⲓⲙⲉ -->
<mark id="pos_476" xlink:href="#xpointer(id('tok_476')/range-to(id('tok_477')))"/><!-- ⲁ...ⲡⲟⲧⲁⲥⲥⲉ` -->
<mark id="pos_478" xlink:href="#tok_478"/><!-- ⲉ -->
<mark id="pos_479" xlink:href="#tok_479"/><!-- ⲧ︤ⲙ︥ -->
<mark id="pos_480" xlink:href="#tok_480"/><!-- ⲧⲣ̣ⲉ -->
<mark id="pos_481" xlink:href="#tok_481"/><!-- ⲩ -->
<mark id="pos_482" xlink:href="#tok_482"/><!-- ϣ̣︤ⲡ̣︥ -->
<mark id="pos_483" xlink:href="#xpointer(id('tok_483')/range-to(id('tok_484')))"/><!-- ϩⲓ...ⲥⲉ -->
<mark id="pos_485" xlink:href="#tok_485"/><!-- ⲙ︤ⲛ︥ -->
<mark id="pos_486" xlink:href="#tok_486"/><!-- ϩⲉⲛ -->
<mark id="pos_487" xlink:href="#xpointer(id('tok_487')/range-to(id('tok_488')))"/><!-- ⲕⲟ...ⲟⲩⲉ -->
<mark id="pos_489" xlink:href="#tok_489"/><!-- ⲉⲃⲟⲗ -->
<mark id="pos_490" xlink:href="#tok_490"/><!-- ϩⲓⲧ︤ⲙ︥ -->
<mark id="pos_491" xlink:href="#tok_491"/><!-- ⲡ -->
<mark id="pos_492" xlink:href="#tok_492"/><!-- ⲛⲟⲩⲧⲉ -->
<mark id="pos_493" xlink:href="#tok_493"/><!-- · -->
<mark id="pos_494" xlink:href="#tok_494"/><!-- ⲛ̄ -->
<mark id="pos_495" xlink:href="#tok_495"/><!-- ⲑ -->
<mark id="pos_496" xlink:href="#tok_496"/><!-- ⲉ -->
<mark id="pos_497" xlink:href="#tok_497"/><!-- ⲛ̄ⲧ -->
<mark id="pos_498" xlink:href="#tok_498"/><!-- ⲁ -->
<mark id="pos_499" xlink:href="#tok_499"/><!-- ϩⲟⲓ̈ⲛⲉ -->
<mark id="pos_500" xlink:href="#tok_500"/><!-- ϣ︤ⲡ︥ -->
<mark id="pos_501" xlink:href="#tok_501"/><!-- ϩⲓⲥⲉ -->
<mark id="pos_502" xlink:href="#tok_502"/><!-- ϩⲱ -->
<mark id="pos_503" xlink:href="#tok_503"/><!-- ⲟⲩ -->
<mark id="pos_504" xlink:href="#tok_504"/><!-- ⲛ︤ⲙ︥ⲙⲁ -->
<mark id="pos_505" xlink:href="#tok_505"/><!-- ⲩ -->
<mark id="pos_506" xlink:href="#tok_506"/><!-- · -->
<mark id="pos_507" xlink:href="#tok_507"/><!-- ⲁⲩⲱ -->
<mark id="pos_508" xlink:href="#tok_508"/><!-- ⲉⲧⲃⲉ -->
<mark id="pos_509" xlink:href="#tok_509"/><!-- ⲧⲉⲩ -->
<mark id="pos_510" xlink:href="#xpointer(id('tok_510')/range-to(id('tok_511')))"/><!-- ⲙ︤ⲛ︦ⲧ︥...ϫⲁⲥⲓϩⲏⲧ` -->
<mark id="pos_512" xlink:href="#tok_512"/><!-- · -->
<mark id="pos_513" xlink:href="#tok_513"/><!-- ⲙ︤ⲛ︥ -->
<mark id="pos_514" xlink:href="#tok_514"/><!-- ⲧⲉ -->
<mark id="pos_515" xlink:href="#tok_515"/><!-- ⲩ -->
<mark id="pos_516" xlink:href="#tok_516"/><!-- ⲙ︤ⲛ︦ⲧ︥ⲙⲁⲓ̈ -->
<mark id="pos_517" xlink:href="#tok_517"/><!-- ⲡⲉⲩ -->
<mark id="pos_518" xlink:href="#tok_518"/><!-- ⲙ̄ⲧⲟⲛ -->
<mark id="pos_519" xlink:href="#tok_519"/><!-- ⲛ̄ -->
<mark id="pos_520" xlink:href="#tok_520"/><!-- ⲥⲱⲙⲁ` -->
<mark id="pos_521" xlink:href="#tok_521"/><!-- ⲁ -->
<mark id="pos_522" xlink:href="#tok_522"/><!-- ⲩ -->
<mark id="pos_523" xlink:href="#tok_523"/><!-- ⲣ̂ -->
<mark id="pos_524" xlink:href="#tok_524"/><!-- ϩⲛⲁⲩ -->
<mark id="pos_525" xlink:href="#tok_525"/><!-- ⲉ -->
<mark id="pos_526" xlink:href="#tok_526"/><!-- ⲧⲣⲉ -->
<mark id="pos_527" xlink:href="#tok_527"/><!-- ⲩ -->
<mark id="pos_528" xlink:href="#tok_528"/><!-- ϣⲱⲡⲉ -->
<mark id="pos_529" xlink:href="#tok_529"/><!-- ⲉ -->
<mark id="pos_530" xlink:href="#tok_530"/><!-- ⲩ -->
<mark id="pos_531" xlink:href="#tok_531"/><!-- ⲟ -->
<mark id="pos_532" xlink:href="#tok_532"/><!-- ⲛ̄ -->
<mark id="pos_533" xlink:href="#tok_533"/><!-- ⲁϭⲣⲏⲛ -->
<mark id="pos_534" xlink:href="#tok_534"/><!-- · -->
<mark id="pos_535" xlink:href="#tok_535"/><!-- ⲁⲩⲱ -->
<mark id="pos_536" xlink:href="#tok_536"/><!-- ⲛ̄ⲧⲉ -->
<mark id="pos_537" xlink:href="#tok_537"/><!-- ⲡ -->
<mark id="pos_538" xlink:href="#xpointer(id('tok_538')/range-to(id('tok_539')))"/><!-- ϫⲟ...ⲉⲓⲥ` -->
<mark id="pos_540" xlink:href="#tok_540"/><!-- ϣⲧⲁⲙ` -->
<mark id="pos_541" xlink:href="#tok_541"/><!-- ⲉⲣ︤ⲛ︥ -->
<mark id="pos_542" xlink:href="#tok_542"/><!-- ⲧⲟⲟⲧⲉ` -->
<mark id="pos_543" xlink:href="#tok_543"/><!-- ⲛ̄ -->
<mark id="pos_544" xlink:href="#tok_544"/><!-- ⲧⲉⲩ -->
<mark id="pos_545" xlink:href="#tok_545"/><!-- ⲯⲩⲭⲏ` -->
<mark id="pos_546" xlink:href="#tok_546"/><!-- ⲛ̄ -->
<mark id="pos_547" xlink:href="#tok_547"/><!-- ⲑ -->
<mark id="pos_548" xlink:href="#tok_548"/><!-- ⲉ -->
<mark id="pos_549" xlink:href="#tok_549"/><!-- ⲛ̄ -->
<mark id="pos_550" xlink:href="#tok_550"/><!-- ⲟⲩ -->
<mark id="pos_551" xlink:href="#tok_551"/><!-- ⲁϭⲣⲏⲛ -->
<mark id="pos_552" xlink:href="#tok_552"/><!-- · -->
<mark id="pos_553" xlink:href="#tok_553"/><!-- ⲁⲩⲱ -->
<mark id="pos_554" xlink:href="#tok_554"/><!-- ⲛ︤ -->
<mark id="pos_555" xlink:href="#tok_555"/><!-- ϥ︥ -->
<mark id="pos_556" xlink:href="#tok_556"/><!-- ⲧⲣⲉ -->
<mark id="pos_557" xlink:href="#tok_557"/><!-- ⲛ̄ -->
<mark id="pos_558" xlink:href="#xpointer(id('tok_558')/range-to(id('tok_559')))"/><!-- ϣⲟ...ϫⲛⲉ -->
<mark id="pos_560" xlink:href="#tok_560"/><!-- ⲛ̄ -->
<mark id="pos_561" xlink:href="#tok_561"/><!-- ⲧⲉ -->
<mark id="pos_562" xlink:href="#tok_562"/><!-- ⲥⲃⲱ̂ -->
<mark id="pos_563" xlink:href="#xpointer(id('tok_563')/range-to(id('tok_564')))"/><!-- ϣⲟⲟⲩ...ⲉ -->
<mark id="pos_565" xlink:href="#tok_565"/><!-- ⲉϩⲣⲁⲓ̈ -->
<mark id="pos_566" xlink:href="#xpointer(id('tok_566')/range-to(id('tok_567')))"/><!-- ⲛ̄...ϩⲏⲧ︤ -->
<mark id="pos_568" xlink:href="#tok_568"/><!-- ⲛ︥ -->
<mark id="pos_569" xlink:href="#tok_569"/><!-- ⲛ̄ -->
<mark id="pos_570" xlink:href="#tok_570"/><!-- ⲑ -->
<mark id="pos_571" xlink:href="#tok_571"/><!-- ⲉ -->
<mark id="pos_572" xlink:href="#tok_572"/><!-- ⲛ̄ -->
<mark id="pos_573" xlink:href="#tok_573"/><!-- ϩⲉⲛ -->
<mark id="pos_574" xlink:href="#tok_574"/><!-- ⲉⲕⲓⲃⲉ` -->
<mark id="pos_575" xlink:href="#tok_575"/><!-- ⲉ -->
<mark id="pos_576" xlink:href="#tok_576"/><!-- ⲩ -->
<mark id="pos_577" xlink:href="#tok_577"/><!-- ϣⲟⲩⲱ -->
<mark id="pos_578" xlink:href="#tok_578"/><!-- ⲟⲩ` -->
<mark id="pos_579" xlink:href="#tok_579"/><!-- ⲉ -->
<mark id="pos_580" xlink:href="#tok_580"/><!-- ⲧ︤ⲙ︥ -->
<mark id="pos_581" xlink:href="#tok_581"/><!-- ⲧⲣⲉ -->
<mark id="pos_582" xlink:href="#tok_582"/><!-- ⲩ -->
<mark id="pos_583" xlink:href="#tok_583"/><!-- ⲥⲱⲧ` -->
<mark id="pos_584" xlink:href="#tok_584"/><!-- ⲉ -->
<mark id="pos_585" xlink:href="#tok_585"/><!-- ϯ -->
<mark id="pos_586" xlink:href="#tok_586"/><!-- ⲥⲃⲱ̂ -->
<mark id="pos_587" xlink:href="#tok_587"/><!-- ⲛ̄ -->
<mark id="pos_588" xlink:href="#tok_588"/><!-- ϩⲉⲛ -->
<mark id="pos_589" xlink:href="#xpointer(id('tok_589')/range-to(id('tok_590')))"/><!-- ⲕⲟ...ⲟⲩⲉ` -->
<mark id="pos_591" xlink:href="#tok_591"/><!-- ϫⲓⲛ -->
<mark id="pos_592" xlink:href="#tok_592"/><!-- ⲡⲉⲓ̈ -->
<mark id="pos_593" xlink:href="#tok_593"/><!-- ⲛⲁⲩ` -->
<mark id="pos_594" xlink:href="#tok_594"/><!-- ⲉⲃⲟⲗ -->
<mark id="pos_595" xlink:href="#tok_595"/><!-- ϩⲓⲧ︤ⲙ︥ -->
<mark id="pos_596" xlink:href="#tok_596"/><!-- ⲡ -->
<mark id="pos_597" xlink:href="#tok_597"/><!-- ⲛⲟⲩⲧⲉ -->
<mark id="pos_598" xlink:href="#tok_598"/><!-- · -->
<mark id="pos_599" xlink:href="#tok_599"/><!-- Ⲛⲁϣⲱ -->
<mark id="pos_600" xlink:href="#tok_600"/><!-- ⲟⲩ -->
<mark id="pos_601" xlink:href="#tok_601"/><!-- ⲇⲉ -->
<mark id="pos_602" xlink:href="#tok_602"/><!-- ⲟⲛ -->
<mark id="pos_603" xlink:href="#tok_603"/><!-- ⲛ̄ϭ[ⲓ -->
<mark id="pos_604" xlink:href="#tok_604"/><!-- ⲛⲉ]ⲛ -->
<mark id="pos_605" xlink:href="#tok_605"/><!-- ⲉⲓⲟⲧⲉ -->
<mark id="pos_606" xlink:href="#tok_606"/><!-- ϫⲓⲛ -->
<mark id="pos_607" xlink:href="#tok_607"/><!-- ⲛ̄ -->
<mark id="pos_608" xlink:href="#tok_608"/><!-- ϣⲟⲣ︤ⲡ︥ -->
<mark id="pos_609" xlink:href="#tok_609"/><!-- ϣⲁ -->
<mark id="pos_610" xlink:href="#tok_610"/><!-- ϩⲣⲁⲓ̈ -->
<mark id="pos_611" xlink:href="#tok_611"/><!-- ⲉ -->
<mark id="pos_612" xlink:href="#xpointer(id('tok_612')/range-to(id('tok_613')))"/><!-- ⲧⲉ...ⲛⲟⲩ -->
<mark id="pos_614" xlink:href="#tok_614"/><!-- ⲉ -->
<mark id="pos_615" xlink:href="#tok_615"/><!-- ⲁ -->
<mark id="pos_616" xlink:href="#tok_616"/><!-- ⲡ -->
<mark id="pos_617" xlink:href="#xpointer(id('tok_617')/range-to(id('tok_618')))"/><!-- ϫⲟ...ⲉⲓⲥ -->
<mark id="pos_619" xlink:href="#tok_619"/><!-- ⲥⲙⲟⲩ -->
<mark id="pos_620" xlink:href="#xpointer(id('tok_620')/range-to(id('tok_621')))"/><!-- ⲉ...ⲣⲟ -->
<mark id="pos_622" xlink:href="#tok_622"/><!-- ⲟⲩ -->
<mark id="pos_623" xlink:href="#tok_623"/><!-- · -->
<mark id="pos_624" xlink:href="#tok_624"/><!-- ⲉⲓⲧⲉ -->
<mark id="pos_625" xlink:href="#tok_625"/><!-- ϩⲟⲟⲩⲧ -->
<mark id="pos_626" xlink:href="#tok_626"/><!-- · -->
<mark id="pos_627" xlink:href="#tok_627"/><!-- ⲉⲓⲧⲉ -->
<mark id="pos_628" xlink:href="#tok_628"/><!-- ⲥϩⲓⲙⲉ -->
<mark id="pos_629" xlink:href="#tok_629"/><!-- · -->
<mark id="pos_630" xlink:href="#tok_630"/><!-- ϫⲉ -->
<mark id="pos_631" xlink:href="#tok_631"/><!-- ⲁ -->
<mark id="pos_632" xlink:href="#tok_632"/><!-- ⲩ -->
<mark id="pos_633" xlink:href="#tok_633"/><!-- ⲣ̂ -->
<mark id="pos_634" xlink:href="#tok_634"/><!-- ϩⲛⲁⲩ -->
<mark id="pos_635" xlink:href="#tok_635"/><!-- ⲛ̄ -->
<mark id="pos_636" xlink:href="#tok_636"/><!-- ϩⲟⲩⲟ -->
<mark id="pos_637" xlink:href="#tok_637"/><!-- ⲉ -->
<mark id="pos_638" xlink:href="#tok_638"/><!-- ϣ︤ⲡ︥ -->
<mark id="pos_639" xlink:href="#tok_639"/><!-- ϩⲓⲥⲉ` -->
<mark id="pos_640" xlink:href="#tok_640"/><!-- ⲙ︤ⲛ︥ -->
<mark id="pos_641" xlink:href="#tok_641"/><!-- ϩⲉⲛ -->
<mark id="pos_642" xlink:href="#tok_642"/><!-- ⲕⲟⲟⲩⲉ` -->
<mark id="pos_643" xlink:href="#xpointer(id('tok_643')/range-to(id('tok_644')))"/><!-- ⲉ...ⲃⲟⲗ -->
<mark id="pos_645" xlink:href="#tok_645"/><!-- ϩⲓⲧ︤ⲙ︥ -->
<mark id="pos_646" xlink:href="#tok_646"/><!-- ⲡ -->
<mark id="pos_647" xlink:href="#xpointer(id('tok_647')/range-to(id('tok_648')))"/><!-- ⲛⲟⲩ...ⲧⲉ -->
<mark id="pos_649" xlink:href="#tok_649"/><!-- · -->
<mark id="pos_650" xlink:href="#tok_650"/><!-- ⲛ̄ -->
<mark id="pos_651" xlink:href="#tok_651"/><!-- ⲑ -->
<mark id="pos_652" xlink:href="#tok_652"/><!-- ⲉ -->
<mark id="pos_653" xlink:href="#tok_653"/><!-- ⲛ̄ -->
<mark id="pos_654" xlink:href="#tok_654"/><!-- ⲛⲉⲛ -->
<mark id="pos_655" xlink:href="#tok_655"/><!-- ⲉⲓⲟⲧⲉ -->
<mark id="pos_656" xlink:href="#tok_656"/><!-- ⲛ̄ -->
<mark id="pos_657" xlink:href="#tok_657"/><!-- ⲁⲣⲭⲁⲓⲟⲥ -->
<mark id="pos_658" xlink:href="#tok_658"/><!-- · -->
<mark id="pos_659" xlink:href="#tok_659"/><!-- ⲁⲩⲱ -->
<mark id="pos_660" xlink:href="#tok_660"/><!-- ⲛⲉ -->
<mark id="pos_661" xlink:href="#tok_661"/><!-- ⲡⲣⲟⲫⲏⲧⲏⲥ` -->
<mark id="pos_662" xlink:href="#tok_662"/><!-- ⲙ︤ⲛ︥ -->
<mark id="pos_663" xlink:href="#tok_663"/><!-- ⲛ̄ -->
<mark id="pos_664" xlink:href="#xpointer(id('tok_664')/range-to(id('tok_665')))"/><!-- ⲁⲡⲟⲥⲧⲟ...ⲗⲟⲥ -->
<mark id="pos_666" xlink:href="#tok_666"/><!-- ⲛⲁⲓ̈ -->
<mark id="pos_667" xlink:href="#tok_667"/><!-- ⲛ̄ⲧ -->
<mark id="pos_668" xlink:href="#tok_668"/><!-- ⲁ -->
<mark id="pos_669" xlink:href="#tok_669"/><!-- ⲩ -->
<mark id="pos_670" xlink:href="#tok_670"/><!-- ϣⲱⲡⲉ` -->
<mark id="pos_671" xlink:href="#tok_671"/><!-- ⲛ̄ -->
<mark id="pos_672" xlink:href="#tok_672"/><!-- ⲉⲓⲱⲧ` -->
<mark id="pos_673" xlink:href="#tok_673"/><!-- ⲛ̄ -->
<mark id="pos_674" xlink:href="#tok_674"/><!-- ϩⲁϩ -->
<mark id="pos_675" xlink:href="#tok_675"/><!-- ⲙ̄ -->
<mark id="pos_676" xlink:href="#tok_676"/><!-- ⲙⲏⲏϣⲉ -->
<mark id="pos_677" xlink:href="#tok_677"/><!-- ⲉⲃⲟⲗ -->
<mark id="pos_678" xlink:href="#tok_678"/><!-- ϩⲓⲧ︤ⲙ︥ -->
<mark id="pos_679" xlink:href="#tok_679"/><!-- ⲡ -->
<mark id="pos_680" xlink:href="#xpointer(id('tok_680')/range-to(id('tok_681')))"/><!-- ⲛⲟⲩ...ⲧⲉ -->
<mark id="pos_682" xlink:href="#tok_682"/><!-- · -->
<mark id="pos_683" xlink:href="#tok_683"/><!-- ⲁⲩⲱ -->
<mark id="pos_684" xlink:href="#tok_684"/><!-- ⲛ̄ -->
<mark id="pos_685" xlink:href="#tok_685"/><!-- Ⲑ -->
<mark id="pos_686" xlink:href="#tok_686"/><!-- ⲉ -->
<mark id="pos_687" xlink:href="#tok_687"/><!-- ⲛ̄ -->
<mark id="pos_688" xlink:href="#tok_688"/><!-- ⲇⲉⲃⲃⲱⲣⲁ` -->
<mark id="pos_689" xlink:href="#tok_689"/><!-- ⲧⲁⲓ̈ -->
<mark id="pos_690" xlink:href="#tok_690"/><!-- ⲛ̄ⲧ -->
<mark id="pos_691" xlink:href="#tok_691"/><!-- ⲁ -->
<mark id="pos_692" xlink:href="#tok_692"/><!-- ⲥ -->
<mark id="pos_693" xlink:href="#xpointer(id('tok_693')/range-to(id('tok_694')))"/><!-- ϣⲱ...ⲡⲉ` -->
<mark id="pos_695" xlink:href="#tok_695"/><!-- ⲛ̄ -->
<mark id="pos_696" xlink:href="#tok_696"/><!-- ⲕⲣⲓⲧⲏⲥ -->
<mark id="pos_697" xlink:href="#tok_697"/><!-- · -->
<mark id="pos_698" xlink:href="#tok_698"/><!-- ⲁⲩⲱ -->
<mark id="pos_699" xlink:href="#tok_699"/><!-- ⲙ̄ⲙⲁⲁⲩ -->
<mark id="pos_700" xlink:href="#tok_700"/><!-- ϩ︤ⲙ︥ -->
<mark id="pos_701" xlink:href="#tok_701"/><!-- ⲡ︤ -->
<mark id="pos_702" xlink:href="#tok_702"/><!-- ⲓ︦ⲏ︦ⲗ︥ -->
<mark id="pos_703" xlink:href="#tok_703"/><!-- · -->
<mark id="pos_704" xlink:href="#tok_704"/><!-- ⲁⲩⲱ -->
<mark id="pos_705" xlink:href="#tok_705"/><!-- ⲛ̄ -->
<mark id="pos_706" xlink:href="#tok_706"/><!-- ⲑ -->
<mark id="pos_707" xlink:href="#tok_707"/><!-- ⲉ -->
<mark id="pos_708" xlink:href="#tok_708"/><!-- ⲛ -->
<mark id="pos_709" xlink:href="#tok_709"/><!-- ⲟⲇⲟⲗⲗⲁ` -->
<mark id="pos_710" xlink:href="#tok_710"/><!-- ⲧⲉ -->
<mark id="pos_711" xlink:href="#tok_711"/><!-- ⲡⲣⲟⲫⲏⲧⲏⲥ -->
<mark id="pos_712" xlink:href="#tok_712"/><!-- · -->
<mark id="pos_713" xlink:href="#tok_713"/><!-- ⲧⲁⲓ̈ -->
<mark id="pos_714" xlink:href="#tok_714"/><!-- ⲛ̄ⲧ -->
<mark id="pos_715" xlink:href="#tok_715"/><!-- ⲁ -->
<mark id="pos_716" xlink:href="#xpointer(id('tok_716')/range-to(id('tok_717')))"/><!-- ⲓ̈ⲱⲥⲓ...ⲁⲥ -->
<mark id="pos_718" xlink:href="#tok_718"/><!-- ⲡ︤ -->
<mark id="pos_719" xlink:href="#tok_719"/><!-- ⲣ︥ⲣⲟ` -->
<mark id="pos_720" xlink:href="#tok_720"/><!-- ⲛ̄ -->
<mark id="pos_721" xlink:href="#xpointer(id('tok_721')/range-to(id('tok_722')))"/><!-- ⲇⲓ...ⲕⲁⲓⲟⲥ -->
<mark id="pos_723" xlink:href="#tok_723"/><!-- [...]ⲩ̣ -->
<mark id="pos_724" xlink:href="#xpointer(id('tok_724')/range-to(id('tok_725')))"/><!-- ⲉ...ⲣⲁⲧ︤ -->
<mark id="pos_726" xlink:href="#tok_726"/><!-- ⲥ︥ -->
<mark id="pos_727" xlink:href="#tok_727"/><!-- ⲉ -->
<mark id="pos_728" xlink:href="#tok_728"/><!-- ⲧⲣ̣[ⲉ -->
<mark id="pos_729" xlink:href="#tok_729"/><!-- .] -->
<mark id="pos_730" xlink:href="#tok_730"/><!-- ϣⲓⲛⲉ -->
<mark id="pos_731" xlink:href="#tok_731"/><!-- ⲙ̄ -->
<mark id="pos_732" xlink:href="#tok_732"/><!-- ⲡ̣ -->
<mark id="pos_733" xlink:href="#xpointer(id('tok_733')/range-to(id('tok_734')))"/><!-- [ϫⲟ]...ⲉⲓⲥ` -->
<mark id="pos_735" xlink:href="#tok_735"/><!-- ⲉⲃⲟⲗ -->
<mark id="pos_736" xlink:href="#tok_736"/><!-- ϩⲓ -->
<mark id="pos_737" xlink:href="#xpointer(id('tok_737')/range-to(id('tok_738')))"/><!-- ⲧⲟ...ⲟⲧ︤ -->
<mark id="pos_739" xlink:href="#tok_739"/><!-- ⲥ︥ -->
<mark id="pos_740" xlink:href="#tok_740"/><!-- · -->
<mark id="pos_741" xlink:href="#tok_741"/><!-- ⲁⲩⲱ -->
<mark id="pos_742" xlink:href="#tok_742"/><!-- ⲛ̄ -->
<mark id="pos_743" xlink:href="#tok_743"/><!-- ⲑ -->
<mark id="pos_744" xlink:href="#tok_744"/><!-- ⲉ -->
<mark id="pos_745" xlink:href="#tok_745"/><!-- ⲛ̄ -->
<mark id="pos_746" xlink:href="#tok_746"/><!-- ⲁⲛⲛⲁ` -->
<mark id="pos_747" xlink:href="#tok_747"/><!-- ⲧ -->
<mark id="pos_748" xlink:href="#xpointer(id('tok_748')/range-to(id('tok_749')))"/><!-- ϣⲉ...ⲉⲣⲉ` -->
<mark id="pos_750" xlink:href="#tok_750"/><!-- ⲙ̄ -->
<mark id="pos_751" xlink:href="#xpointer(id('tok_751')/range-to(id('tok_752')))"/><!-- ⲫⲁⲛⲟⲩ...ⲏⲗ` -->
<mark id="pos_753" xlink:href="#tok_753"/><!-- · -->
<mark id="pos_754" xlink:href="#tok_754"/><!-- ⲙ̄ -->
<mark id="pos_755" xlink:href="#tok_755"/><!-- ⲡ -->
<mark id="pos_756" xlink:href="#tok_756"/><!-- ⲛⲁⲩ -->
<mark id="pos_757" xlink:href="#tok_757"/><!-- Ⲁⲛ -->
<mark id="pos_758" xlink:href="#tok_758"/><!-- ⲡⲉ -->
<mark id="pos_759" xlink:href="#tok_759"/><!-- ⲡⲁⲓ̈ -->
<mark id="pos_760" xlink:href="#tok_760"/><!-- ⲉ -->
<mark id="pos_761" xlink:href="#tok_761"/><!-- ⲧⲣⲉ -->
<mark id="pos_762" xlink:href="#tok_762"/><!-- ⲛ̄ -->
<mark id="pos_763" xlink:href="#tok_763"/><!-- ⲉⲓⲟⲧⲉ -->
<mark id="pos_764" xlink:href="#tok_764"/><!-- ⲛ̄ -->
<mark id="pos_765" xlink:href="#tok_765"/><!-- ϩⲉⲛ -->
<mark id="pos_766" xlink:href="#tok_766"/><!-- ϣⲏⲣⲉ` -->
<mark id="pos_767" xlink:href="#tok_767"/><!-- ⲙ︤ⲛ︥ -->
<mark id="pos_768" xlink:href="#tok_768"/><!-- ϩⲉⲛ -->
<mark id="pos_769" xlink:href="#tok_769"/><!-- ϣⲉⲉⲣⲉ` -->
<mark id="pos_770" xlink:href="#tok_770"/><!-- ⲉⲃⲟⲗ -->
<mark id="pos_771" xlink:href="#tok_771"/><!-- ϩⲓⲧ︤ⲙ︥ -->
<mark id="pos_772" xlink:href="#tok_772"/><!-- ⲡ -->
<mark id="pos_773" xlink:href="#tok_773"/><!-- ⲛⲟⲩⲧⲉ -->
<mark id="pos_774" xlink:href="#tok_774"/><!-- · -->
<mark id="pos_775" xlink:href="#tok_775"/><!-- ϫⲟⲟ -->
<mark id="pos_776" xlink:href="#tok_776"/><!-- ⲥ -->
<mark id="pos_777" xlink:href="#tok_777"/><!-- ϩ︤ⲛ︥ -->
<mark id="pos_778" xlink:href="#tok_778"/><!-- ⲧⲉⲩ -->
<mark id="pos_779" xlink:href="#tok_779"/><!-- ⲙ︤ⲛ︦ⲧ︥ⲁⲧⲥⲟⲟⲩ⳯ -->
<mark id="pos_780" xlink:href="#tok_780"/><!-- · -->
<mark id="pos_781" xlink:href="#tok_781"/><!-- ϫⲉ -->
<mark id="pos_782" xlink:href="#tok_782"/><!-- ⲡ -->
<mark id="pos_783" xlink:href="#tok_783"/><!-- ϫⲟⲉⲓⲥ -->
<mark id="pos_784" xlink:href="#tok_784"/><!-- ⲛⲁ -->
<mark id="pos_785" xlink:href="#tok_785"/><!-- ϯ -->
<mark id="pos_786" xlink:href="#tok_786"/><!-- ⲛ̄ -->
<mark id="pos_787" xlink:href="#tok_787"/><!-- ϩⲉⲛ -->
<mark id="pos_788" xlink:href="#tok_788"/><!-- ⲥⲓⲟⲩⲣ` -->
<mark id="pos_789" xlink:href="#tok_789"/><!-- ⲙ︤ⲛ︥ -->
<mark id="pos_790" xlink:href="#tok_790"/><!-- ⲙ̄ -->
<mark id="pos_791" xlink:href="#xpointer(id('tok_791')/range-to(id('tok_792')))"/><!-- ⲡⲁⲣⲑⲉ...ⲛⲟⲥ -->
<mark id="pos_793" xlink:href="#tok_793"/><!-- ⲛ̄ -->
<mark id="pos_794" xlink:href="#tok_794"/><!-- ⲟⲩ -->
<mark id="pos_795" xlink:href="#tok_795"/><!-- ⲙⲁ` -->
<mark id="pos_796" xlink:href="#tok_796"/><!-- ⲉ -->
<mark id="pos_797" xlink:href="#tok_797"/><!-- ϥ -->
<mark id="pos_798" xlink:href="#tok_798"/><!-- ⲥⲟⲧ︤ⲡ︥` -->
<mark id="pos_799" xlink:href="#tok_799"/><!-- ⲁⲩⲱ -->
<mark id="pos_800" xlink:href="#tok_800"/><!-- ⲛ̄ -->
<mark id="pos_801" xlink:href="#tok_801"/><!-- ⲥⲟⲉⲓⲧ` -->
<mark id="pos_802" xlink:href="#tok_802"/><!-- ⲉ -->
<mark id="pos_803" xlink:href="#xpointer(id('tok_803')/range-to(id('tok_804')))"/><!-- ⲛⲁ...ⲛⲟⲩ -->
<mark id="pos_805" xlink:href="#tok_805"/><!-- ϥ -->
<mark id="pos_806" xlink:href="#tok_806"/><!-- ⲉ -->
<mark id="pos_807" xlink:href="#tok_807"/><!-- ϣⲏⲣⲉ` -->
<mark id="pos_808" xlink:href="#tok_808"/><!-- ϩⲓ -->
<mark id="pos_809" xlink:href="#tok_809"/><!-- ϣⲉⲉⲣⲉ -->
<mark id="pos_810" xlink:href="#tok_810"/><!-- · -->
<mark id="pos_811" xlink:href="#tok_811"/><!-- Ⲛ̄ -->
<mark id="pos_812" xlink:href="#tok_812"/><!-- ⲥⲉ -->
<mark id="pos_813" xlink:href="#tok_813"/><!-- ⲥⲟⲧⲡ︤ -->
<mark id="pos_814" xlink:href="#tok_814"/><!-- ⲥ︥ -->
<mark id="pos_815" xlink:href="#tok_815"/><!-- ⲛⲁ -->
<mark id="pos_816" xlink:href="#tok_816"/><!-- ⲩ` -->
<mark id="pos_817" xlink:href="#tok_817"/><!-- ⲛ̄ϭⲓ -->
<mark id="pos_818" xlink:href="#tok_818"/><!-- ϩⲟⲓ̈ⲛⲉ` -->
<mark id="pos_819" xlink:href="#tok_819"/><!-- ϩⲣⲁⲓ̈ -->
<mark id="pos_820" xlink:href="#tok_820"/><!-- ⲛ̄ϩⲏⲧ︤ -->
<mark id="pos_821" xlink:href="#tok_821"/><!-- ⲛ︥ -->
<mark id="pos_822" xlink:href="#tok_822"/><!-- ϩⲁⲧⲏ -->
<mark id="pos_823" xlink:href="#tok_823"/><!-- ⲛ` -->
<mark id="pos_824" xlink:href="#tok_824"/><!-- ⲏ̂ -->
<mark id="pos_825" xlink:href="#tok_825"/><!-- ϩⲁⲧ︤ⲛ︥ -->
<mark id="pos_826" xlink:href="#tok_826"/><!-- ⲧⲏⲩⲧ︤ⲛ︥ -->
<mark id="pos_827" xlink:href="#tok_827"/><!-- ⲛ̄ⲧⲱⲧ︤ⲛ︥ -->
<mark id="pos_828" xlink:href="#tok_828"/><!-- · -->
<mark id="pos_829" xlink:href="#tok_829"/><!-- ⲉ -->
<mark id="pos_830" xlink:href="#tok_830"/><!-- ⲧⲣⲉ -->
<mark id="pos_831" xlink:href="#tok_831"/><!-- ⲩ -->
<mark id="pos_832" xlink:href="#xpointer(id('tok_832')/range-to(id('tok_833')))"/><!-- ⲁⲡⲟⲧⲁⲥ...ⲥⲉ` -->
<mark id="pos_834" xlink:href="#tok_834"/><!-- ⲛ̄ -->
<mark id="pos_835" xlink:href="#tok_835"/><!-- ⲛⲉ -->
<mark id="pos_836" xlink:href="#tok_836"/><!-- ⲛⲧ -->
<mark id="pos_837" xlink:href="#tok_837"/><!-- ⲁ -->
<mark id="pos_838" xlink:href="#tok_838"/><!-- ⲩ -->
<mark id="pos_839" xlink:href="#tok_839"/><!-- ϭⲁⲗⲱ -->
<mark id="pos_840" xlink:href="#tok_840"/><!-- ⲟⲩ -->
<mark id="pos_841" xlink:href="#tok_841"/><!-- ⲉⲣⲟ -->
<mark id="pos_842" xlink:href="#tok_842"/><!-- ⲟⲩ̣ -->
<mark id="pos_843" xlink:href="#tok_843"/><!-- ⲉ -->
<mark id="pos_844" xlink:href="#tok_844"/><!-- ⲧ︤ⲙ̣︥ -->
<mark id="pos_845" xlink:href="#tok_845"/><!-- ⲧⲣⲉ -->
<mark id="pos_846" xlink:href="#tok_846"/><!-- ⲩ -->
<mark id="pos_847" xlink:href="#tok_847"/><!-- ϥⲓ -->
<mark id="pos_848" xlink:href="#tok_848"/><!-- ⲡⲉⲩ -->
<mark id="pos_849" xlink:href="#tok_849"/><!-- ⲣⲟⲟⲩϣ -->
<mark id="pos_850" xlink:href="#tok_850"/><!-- ⲉ -->
<mark id="pos_851" xlink:href="#tok_851"/><!-- ⲩ -->
<mark id="pos_852" xlink:href="#tok_852"/><!-- ϫⲱ -->
<mark id="pos_853" xlink:href="#tok_853"/><!-- ⲙ̄ⲙⲟ -->
<mark id="pos_854" xlink:href="#tok_854"/><!-- ⲥ -->
<mark id="pos_855" xlink:href="#tok_855"/><!-- ϫⲉ -->
<mark id="pos_856" xlink:href="#tok_856"/><!-- ⲧ︤ⲛ︥ -->
<mark id="pos_857" xlink:href="#tok_857"/><!-- ⲛⲁ -->
<mark id="pos_858" xlink:href="#tok_858"/><!-- ⲣ̂ -->
<mark id="pos_859" xlink:href="#tok_859"/><!-- ⲁⲛⲁ -->
<mark id="pos_860" xlink:href="#tok_860"/><!-- [ϥ] -->
<mark id="pos_861" xlink:href="#tok_861"/><!-- ⲙ̄ -->
<mark id="pos_862" xlink:href="#tok_862"/><!-- ⲡ -->
<mark id="pos_863" xlink:href="#tok_863"/><!-- ⲛⲟⲩⲧⲉ -->
<mark id="pos_864" xlink:href="#tok_864"/><!-- · -->
<mark id="pos_865" xlink:href="#tok_865"/><!-- ⲁⲩⲱ -->
<mark id="pos_866" xlink:href="#tok_866"/><!-- ⲙ̄ -->
<mark id="pos_867" xlink:href="#tok_867"/><!-- ⲡⲉⲛ -->
<mark id="pos_868" xlink:href="#xpointer(id('tok_868')/range-to(id('tok_869')))"/><!-- ⲣⲟ...ⲟⲩϣ` -->
<mark id="pos_870" xlink:href="#tok_870"/><!-- ⲁⲛ -->
<mark id="pos_871" xlink:href="#tok_871"/><!-- ⲡⲉ -->
<mark id="pos_872" xlink:href="#tok_872"/><!-- ϩⲁ -->
<mark id="pos_873" xlink:href="#tok_873"/><!-- ⲛⲁⲓ̈ -->
<mark id="pos_874" xlink:href="#tok_874"/><!-- ⲙ︤ⲛ︥ -->
<mark id="pos_875" xlink:href="#tok_875"/><!-- ⲛⲉⲓ̈ -->
<mark id="pos_876" xlink:href="#xpointer(id('tok_876')/range-to(id('tok_877')))"/><!-- ⲕⲟ...ⲟⲩⲉ` -->
<mark id="pos_878" xlink:href="#tok_878"/><!-- · -->
<mark id="pos_879" xlink:href="#tok_879"/><!-- ⲁⲩⲱ -->
<mark id="pos_880" xlink:href="#tok_880"/><!-- ϩ︤ⲙ︥ -->
<mark id="pos_881" xlink:href="#tok_881"/><!-- ⲡⲉⲩ -->
<mark id="pos_882" xlink:href="#tok_882"/><!-- ⲧⲱⲙ` -->
<mark id="pos_883" xlink:href="#tok_883"/><!-- ⲛ̄ -->
<mark id="pos_884" xlink:href="#tok_884"/><!-- ϩⲏⲧ` -->
<mark id="pos_885" xlink:href="#tok_885"/><!-- ⲉ -->
<mark id="pos_886" xlink:href="#tok_886"/><!-- ⲩ -->
<mark id="pos_887" xlink:href="#tok_887"/><!-- ⲉⲓⲛⲉ -->
<mark id="pos_888" xlink:href="#tok_888"/><!-- ⲉϩⲟⲩⲛ` -->
<mark id="pos_889" xlink:href="#tok_889"/><!-- ⲙ̄ -->
<mark id="pos_890" xlink:href="#tok_890"/><!-- ⲡ -->
<mark id="pos_891" xlink:href="#xpointer(id('tok_891')/range-to(id('tok_892')))"/><!-- ϣⲁ...ϫⲉ` -->
<mark id="pos_893" xlink:href="#tok_893"/><!-- ⲙ̄ -->
<mark id="pos_894" xlink:href="#tok_894"/><!-- ⲡⲉ -->
<mark id="pos_895" xlink:href="#xpointer(id('tok_895')/range-to(id('tok_896')))"/><!-- ⲡⲣⲟ...ⲫⲏⲧⲏⲥ -->
<mark id="pos_897" xlink:href="#tok_897"/><!-- · -->
<mark id="pos_898" xlink:href="#tok_898"/><!-- ⲉ -->
<mark id="pos_899" xlink:href="#tok_899"/><!-- ⲩ -->
<mark id="pos_900" xlink:href="#tok_900"/><!-- ⲃⲱⲗ` -->
<mark id="pos_901" xlink:href="#tok_901"/><!-- ⲙ̄ⲙⲟ -->
<mark id="pos_902" xlink:href="#tok_902"/><!-- ϥ` -->
<mark id="pos_903" xlink:href="#xpointer(id('tok_903')/range-to(id('tok_904')))"/><!-- ⲉ...ϫ︤ⲙ︥ -->
<mark id="pos_905" xlink:href="#tok_905"/><!-- ⲡ -->
<mark id="pos_906" xlink:href="#tok_906"/><!-- ⲟⲩⲱϣ` -->
<mark id="pos_907" xlink:href="#tok_907"/><!-- ⲙ̄ -->
<mark id="pos_908" xlink:href="#tok_908"/><!-- ⲡⲉⲩ -->
<mark id="pos_909" xlink:href="#tok_909"/><!-- ϩⲏⲧ` -->
<mark id="pos_910" xlink:href="#tok_910"/><!-- · -->
<mark id="pos_911" xlink:href="#tok_911"/><!-- ⲙ︤ⲛ︥ -->
<mark id="pos_912" xlink:href="#tok_912"/><!-- ⲡⲉⲩ -->
<mark id="pos_913" xlink:href="#tok_913"/><!-- ⲙ̄ⲧⲟⲛ -->
<mark id="pos_914" xlink:href="#tok_914"/><!-- ⲙ̄ⲙⲓⲛ`ⲙ̄ⲙⲟ -->
<mark id="pos_915" xlink:href="#tok_915"/><!-- ⲟⲩ` -->
<mark id="pos_916" xlink:href="#tok_916"/><!-- ⲉ -->
<mark id="pos_917" xlink:href="#tok_917"/><!-- ⲩ -->
<mark id="pos_918" xlink:href="#tok_918"/><!-- ϫⲱ -->
<mark id="pos_919" xlink:href="#tok_919"/><!-- ⲙ̄ⲙⲟ -->
<mark id="pos_920" xlink:href="#tok_920"/><!-- ⲥ -->
<mark id="pos_921" xlink:href="#tok_921"/><!-- ϫⲉ -->
<mark id="pos_922" xlink:href="#tok_922"/><!-- ⲡ -->
<mark id="pos_923" xlink:href="#tok_923"/><!-- ϫⲟⲉⲓⲥ -->
<mark id="pos_924" xlink:href="#tok_924"/><!-- ⲛⲁ -->
<mark id="pos_925" xlink:href="#tok_925"/><!-- ϯ -->
<mark id="pos_926" xlink:href="#tok_926"/><!-- ⲛ̄ -->
<mark id="pos_927" xlink:href="#tok_927"/><!-- ⲛⲉ -->
<mark id="pos_928" xlink:href="#tok_928"/><!-- ⲥⲓⲟⲩⲣ` -->
<mark id="pos_929" xlink:href="#tok_929"/><!-- ⲙ︤ⲛ︥ -->
<mark id="pos_930" xlink:href="#tok_930"/><!-- ⲙ̄ -->
<mark id="pos_931" xlink:href="#xpointer(id('tok_931')/range-to(id('tok_932')))"/><!-- ⲡⲁⲣⲑⲉ...ⲛⲟⲥ -->
<mark id="pos_933" xlink:href="#tok_933"/><!-- ⲛ̄ -->
<mark id="pos_934" xlink:href="#tok_934"/><!-- ⲟⲩ -->
<mark id="pos_935" xlink:href="#xpointer(id('tok_935')/range-to(id('tok_936')))"/><!-- ⲙ︤ⲛ︦ⲧ︥...ⲉⲣⲟ` -->
<mark id="pos_937" xlink:href="#tok_937"/><!-- ⲛ̄ⲧⲉ -->
<mark id="pos_938" xlink:href="#tok_938"/><!-- ⲙ̄ -->
<mark id="pos_939" xlink:href="#tok_939"/><!-- ⲡⲏⲩⲉ -->
<mark id="pos_940" xlink:href="#tok_940"/><!-- · -->
<mark id="pos_941" xlink:href="#tok_941"/><!-- ⲁⲩⲱ -->
<mark id="pos_942" xlink:href="#tok_942"/><!-- Ⲛ̄ -->
<mark id="pos_943" xlink:href="#tok_943"/><!-- ⲧⲉⲓ̈ -->
<mark id="pos_944" xlink:href="#tok_944"/><!-- ϩⲉ -->
<mark id="pos_945" xlink:href="#tok_945"/><!-- ⲛ̄ -->
<mark id="pos_946" xlink:href="#tok_946"/><!-- ⲥⲉ -->
<mark id="pos_947" xlink:href="#xpointer(id('tok_947')/range-to(id('tok_948')))"/><!-- ⲁ...ⲡⲟⲧⲁⲥⲥⲉ -->
<mark id="pos_949" xlink:href="#tok_949"/><!-- ⲛ̄ -->
<mark id="pos_950" xlink:href="#tok_950"/><!-- ϩⲉⲛ -->
<mark id="pos_951" xlink:href="#tok_951"/><!-- ⲕⲟⲟⲩⲉ` -->
<mark id="pos_952" xlink:href="#tok_952"/><!-- ⲉ -->
<mark id="pos_953" xlink:href="#tok_953"/><!-- ⲧ︤ⲙ︥ -->
<mark id="pos_954" xlink:href="#tok_954"/><!-- ⲧⲣⲉ -->
<mark id="pos_955" xlink:href="#tok_955"/><!-- ⲩ -->
<mark id="pos_956" xlink:href="#tok_956"/><!-- ϥⲓ -->
<mark id="pos_957" xlink:href="#tok_957"/><!-- ⲡⲉⲩ -->
<mark id="pos_958" xlink:href="#tok_958"/><!-- ⲣⲟⲟⲩϣ` -->
<mark id="pos_959" xlink:href="#tok_959"/><!-- [ ] -->
<mark id="pos_960" xlink:href="#tok_960"/><!-- [ ] -->
<mark id="pos_961" xlink:href="#tok_961"/><!-- [ ] -->
<mark id="pos_962" xlink:href="#xpointer(id('tok_962')/range-to(id('tok_963')))"/><!-- [.....]ⲡ̣ⲣ̣[..]...[....]ⲥ̣ -->
<mark id="pos_964" xlink:href="#tok_964"/><!-- · -->
<mark id="pos_965" xlink:href="#tok_965"/><!-- ϫⲉ -->
<mark id="pos_966" xlink:href="#xpointer(id('tok_966')/range-to(id('tok_967')))"/><!-- ⲙ̣...[.....]ⲟⲓ -->
<mark id="pos_968" xlink:href="#tok_968"/><!-- ⲙ̄ⲙⲟ -->
<mark id="pos_969" xlink:href="#tok_969"/><!-- ϥ -->
<mark id="pos_970" xlink:href="#tok_970"/><!-- · -->
<mark id="pos_971" xlink:href="#tok_971"/><!-- [....]ϫ̣ⲉ -->
<mark id="pos_972" xlink:href="#tok_972"/><!-- ⲙ̄ⲡⲟⲩ -->
<mark id="pos_973" xlink:href="#tok_973"/><!-- [..]ⲥ̣ⲃⲱ` -->
<mark id="pos_974" xlink:href="#tok_974"/><!-- ⲉⲛⲉϩ -->
<mark id="pos_975" xlink:href="#tok_975"/><!-- ⲛ̣̄ⲧⲟⲟⲧ︤ -->
<mark id="pos_976" xlink:href="#tok_976"/><!-- ϥ︥ -->
<mark id="pos_977" xlink:href="#tok_977"/><!-- ⲙ̄ -->
<mark id="pos_978" xlink:href="#tok_978"/><!-- ⲡ -->
<mark id="pos_979" xlink:href="#xpointer(id('tok_979')/range-to(id('tok_980')))"/><!-- ⲁ...[ⲡⲟⲥ]ⲧⲟⲗⲟⲥ -->
<mark id="pos_981" xlink:href="#tok_981"/><!-- ⲉ -->
<mark id="pos_982" xlink:href="#tok_982"/><!-- ϥ -->
<mark id="pos_983" xlink:href="#tok_983"/><!-- [..]ⲱ̣ -->
<mark id="pos_984" xlink:href="#tok_984"/><!-- ⲙ̄ⲙⲟ -->
<mark id="pos_985" xlink:href="#tok_985"/><!-- ⲥ -->
<mark id="pos_986" xlink:href="#tok_986"/><!-- · -->
<mark id="pos_987" xlink:href="#tok_987"/><!-- [..]ⲉ̣ -->
<mark id="pos_988" xlink:href="#tok_988"/><!-- ⲙ̄ⲡ︤ⲣ︥ -->
<mark id="pos_989" xlink:href="#tok_989"/><!-- ⲧⲣⲉ -->
<mark id="pos_990" xlink:href="#tok_990"/><!-- [..]ⲁⲩ -->
<mark id="pos_991" xlink:href="#tok_991"/><!-- ϣⲓⲛⲉ` -->
<mark id="pos_992" xlink:href="#xpointer(id('tok_992')/range-to(id('tok_993')))"/><!-- ⲛ̄...[.]ⲁ -->
<mark id="pos_994" xlink:href="#tok_994"/><!-- ⲧⲉϥ -->
<mark id="pos_995" xlink:href="#xpointer(id('tok_995')/range-to(id('tok_996')))"/><!-- ⲛⲟϥ...ⲣⲉ` -->
<mark id="pos_997" xlink:href="#tok_997"/><!-- ⲁⲗⲗⲁ -->
<mark id="pos_998" xlink:href="#tok_998"/><!-- ⲧⲁ -->
<mark id="pos_999" xlink:href="#tok_999"/><!-- ⲕⲉ -->
<mark id="pos_1000" xlink:href="#tok_1000"/><!-- ⲟⲩⲁ` -->
<mark id="pos_1001" xlink:href="#tok_1001"/><!-- ⲕⲁⲧⲁ -->
<mark id="pos_1002" xlink:href="#tok_1002"/><!-- ⲑ -->
<mark id="pos_1003" xlink:href="#tok_1003"/><!-- ⲉ -->
<mark id="pos_1004" xlink:href="#tok_1004"/><!-- ϩⲱⲱ -->
<mark id="pos_1005" xlink:href="#tok_1005"/><!-- ϥ -->
<mark id="pos_1006" xlink:href="#tok_1006"/><!-- ⲟⲛ -->
<mark id="pos_1007" xlink:href="#xpointer(id('tok_1007')/range-to(id('tok_1008')))"/><!-- ⲉ...ⲧⲉ -->
<mark id="pos_1009" xlink:href="#tok_1009"/><!-- ⲙ̄ⲡ︤ -->
<mark id="pos_1010" xlink:href="#tok_1010"/><!-- ϥ︥ -->
<mark id="pos_1011" xlink:href="#tok_1011"/><!-- ϣⲓⲛⲉ -->
<mark id="pos_1012" xlink:href="#tok_1012"/><!-- ⲛ̄ⲥⲁ -->
<mark id="pos_1013" xlink:href="#tok_1013"/><!-- ⲧⲉϥ -->
<mark id="pos_1014" xlink:href="#xpointer(id('tok_1014')/range-to(id('tok_1015')))"/><!-- ⲛⲟϥ...ⲣⲉ` -->
<mark id="pos_1016" xlink:href="#tok_1016"/><!-- ⲁⲗⲗⲁ -->
<mark id="pos_1017" xlink:href="#tok_1017"/><!-- ⲧⲁ -->
<mark id="pos_1018" xlink:href="#tok_1018"/><!-- ϩⲁϩ -->
<mark id="pos_1019" xlink:href="#tok_1019"/><!-- ϫⲉ -->
<mark id="pos_1020" xlink:href="#tok_1020"/><!-- ⲉ -->
<mark id="pos_1021" xlink:href="#tok_1021"/><!-- ⲩ -->
<mark id="pos_1022" xlink:href="#tok_1022"/><!-- ⲉ -->
<mark id="pos_1023" xlink:href="#xpointer(id('tok_1023')/range-to(id('tok_1024')))"/><!-- ⲟⲩ...ϫⲁⲓ̈ -->
<mark id="pos_1025" xlink:href="#tok_1025"/><!-- · -->
<mark id="pos_1026" xlink:href="#xpointer(id('tok_1026')/range-to(id('tok_1027')))"/><!-- ⲙⲁⲗⲓ...Ⲥⲧⲁ -->
<mark id="pos_1028" xlink:href="#tok_1028"/><!-- ⲇ̣ⲉ -->
<mark id="pos_1029" xlink:href="#tok_1029"/><!-- ⲡⲉ -->
<mark id="pos_1030" xlink:href="#xpointer(id('tok_1030')/range-to(id('tok_1031')))"/><!-- ⲡⲣⲟ...ⲫⲏⲧⲏⲥ` -->
<mark id="pos_1032" xlink:href="#xpointer(id('tok_1032')/range-to(id('tok_1033')))"/><!-- ⲉⲧⲉ...ⲣⲉ -->
<mark id="pos_1034" xlink:href="#tok_1034"/><!-- ⲛⲓ -->
<mark id="pos_1035" xlink:href="#tok_1035"/><!-- ⲁⲧⲥⲃⲱ̂ -->
<mark id="pos_1036" xlink:href="#tok_1036"/><!-- ⲃⲱⲗ` -->
<mark id="pos_1037" xlink:href="#tok_1037"/><!-- ⲙ̄ -->
<mark id="pos_1038" xlink:href="#tok_1038"/><!-- ⲡⲉϥ -->
<mark id="pos_1039" xlink:href="#tok_1039"/><!-- ϣⲁϫⲉ` -->
<mark id="pos_1040" xlink:href="#tok_1040"/><!-- ⲉϫ︤ⲙ︥ -->
<mark id="pos_1041" xlink:href="#tok_1041"/><!-- ⲡⲉⲩ -->
<mark id="pos_1042" xlink:href="#tok_1042"/><!-- ⲟⲩⲱϣ` -->
<mark id="pos_1043" xlink:href="#tok_1043"/><!-- ⲙ̄ⲙⲓⲛⲙ̄ⲙⲟ -->
<mark id="pos_1044" xlink:href="#tok_1044"/><!-- ⲟⲩ -->
<mark id="pos_1045" xlink:href="#tok_1045"/><!-- · -->
<mark id="pos_1046" xlink:href="#tok_1046"/><!-- ϫⲉ -->
<mark id="pos_1047" xlink:href="#tok_1047"/><!-- ⲡ -->
<mark id="pos_1048" xlink:href="#tok_1048"/><!-- ϫⲟⲉⲓⲥ -->
<mark id="pos_1049" xlink:href="#tok_1049"/><!-- ⲛⲁ -->
<mark id="pos_1050" xlink:href="#tok_1050"/><!-- ϯ -->
<mark id="pos_1051" xlink:href="#tok_1051"/><!-- ⲛ̄ -->
<mark id="pos_1052" xlink:href="#tok_1052"/><!-- ⲛⲉ -->
<mark id="pos_1053" xlink:href="#xpointer(id('tok_1053')/range-to(id('tok_1054')))"/><!-- ⲥⲓ...[....]ⲟⲩ -->
<mark id="pos_1055" xlink:href="#tok_1055"/><!-- ⲙⲁ -->
<mark id="pos_1056" xlink:href="#tok_1056"/><!-- [...]ⲟⲧ︤ⲡ︥ -->
<mark id="pos_1057" xlink:href="#tok_1057"/><!-- · -->
<mark id="pos_1058" xlink:href="#tok_1058"/><!-- [...]ⲛ̄ -->
<mark id="pos_1059" xlink:href="#tok_1059"/><!-- ⲥⲟⲉⲓⲧ` -->
<mark id="pos_1060" xlink:href="#tok_1060"/><!-- ⲉ̣ -->
<mark id="pos_1061" xlink:href="#tok_1061"/><!-- ⲛⲁⲛⲟⲩ -->
<mark id="pos_1062" xlink:href="#tok_1062"/><!-- ϥ̣ -->
<mark id="pos_1063" xlink:href="#tok_1063"/><!-- ⲉ -->
<mark id="pos_1064" xlink:href="#tok_1064"/><!-- ϣⲏⲣⲉ` -->
<mark id="pos_1065" xlink:href="#tok_1065"/><!-- ϩⲓ -->
<mark id="pos_1066" xlink:href="#xpointer(id('tok_1066')/range-to(id('tok_1067')))"/><!-- ϣⲉ...ⲉⲣⲉ -->
<mark id="pos_1068" xlink:href="#tok_1068"/><!-- · -->
<mark id="pos_1069" xlink:href="#tok_1069"/><!-- ⲛ̄ⲧⲟϥ -->
<mark id="pos_1070" xlink:href="#tok_1070"/><!-- Ϩⲱⲱ -->
<mark id="pos_1071" xlink:href="#tok_1071"/><!-- ϥ` -->
<mark id="pos_1072" xlink:href="#tok_1072"/><!-- ⲟⲛ` -->
<mark id="pos_1073" xlink:href="#xpointer(id('tok_1073')/range-to(id('tok_1074')))"/><!-- ⲏ̂ⲥⲁⲓ̈...ⲁⲥ -->
<mark id="pos_1075" xlink:href="#tok_1075"/><!-- ⲟⲩ -->
<mark id="pos_1076" xlink:href="#tok_1076"/><!-- ⲙⲟⲛⲟ⳯ -->
<mark id="pos_1077" xlink:href="#tok_1077"/><!-- ϫⲉ -->
<mark id="pos_1078" xlink:href="#tok_1078"/><!-- ⲁ -->
<mark id="pos_1079" xlink:href="#tok_1079"/><!-- ϥ -->
<mark id="pos_1080" xlink:href="#tok_1080"/><!-- ϣ︤ⲡ︥ -->
<mark id="pos_1081" xlink:href="#tok_1081"/><!-- ϩⲁϩ -->
<mark id="pos_1082" xlink:href="#tok_1082"/><!-- ⲛ̄ -->
<mark id="pos_1083" xlink:href="#tok_1083"/><!-- ϩⲓⲥⲉ` -->
<mark id="pos_1084" xlink:href="#tok_1084"/><!-- ⲉⲧⲃⲉ -->
<mark id="pos_1085" xlink:href="#tok_1085"/><!-- ⲡ -->
<mark id="pos_1086" xlink:href="#tok_1086"/><!-- ⲣⲁⲛ` -->
<mark id="pos_1087" xlink:href="#tok_1087"/><!-- ⲙ̄ -->
<mark id="pos_1088" xlink:href="#tok_1088"/><!-- ⲡ -->
<mark id="pos_1089" xlink:href="#xpointer(id('tok_1089')/range-to(id('tok_1090')))"/><!-- ⲛⲟⲩ...ⲧⲉ -->
<mark id="pos_1091" xlink:href="#tok_1091"/><!-- · -->
<mark id="pos_1092" xlink:href="#tok_1092"/><!-- ⲁⲗⲗⲁ -->
<mark id="pos_1093" xlink:href="#tok_1093"/><!-- ⲁ -->
<mark id="pos_1094" xlink:href="#tok_1094"/><!-- ϥ -->
<mark id="pos_1095" xlink:href="#tok_1095"/><!-- ⲙⲟⲩ -->
<mark id="pos_1096" xlink:href="#tok_1096"/><!-- ϩⲁ -->
<mark id="pos_1097" xlink:href="#tok_1097"/><!-- ϩⲉⲛ -->
<mark id="pos_1098" xlink:href="#tok_1098"/><!-- ⲙⲏⲏϣⲉ` -->
<mark id="pos_1099" xlink:href="#tok_1099"/><!-- ⲉ -->
<mark id="pos_1100" xlink:href="#xpointer(id('tok_1100')/range-to(id('tok_1101')))"/><!-- ⲛⲁ...ϣⲱ -->
<mark id="pos_1102" xlink:href="#tok_1102"/><!-- ⲟⲩ -->
<mark id="pos_1103" xlink:href="#tok_1103"/><!-- · -->
<mark id="pos_1104" xlink:href="#tok_1104"/><!-- ⲁⲩⲱ -->
<mark id="pos_1105" xlink:href="#tok_1105"/><!-- ϩⲁⲣⲟ -->
<mark id="pos_1106" xlink:href="#tok_1106"/><!-- ⲛ -->
<mark id="pos_1107" xlink:href="#tok_1107"/><!-- ⲧⲏⲣ︤ -->
<mark id="pos_1108" xlink:href="#tok_1108"/><!-- ⲛ︥ -->
<mark id="pos_1109" xlink:href="#tok_1109"/><!-- · -->
<mark id="pos_1110" xlink:href="#tok_1110"/><!-- Ⲟⲩ -->
<mark id="pos_1111" xlink:href="#tok_1111"/><!-- ⲉⲓⲱⲧ` -->
<mark id="pos_1112" xlink:href="#tok_1112"/><!-- ⲏ̂ -->
<mark id="pos_1113" xlink:href="#tok_1113"/><!-- ⲟⲩ -->
<mark id="pos_1114" xlink:href="#tok_1114"/><!-- ⲙⲁⲁⲩ` -->
<mark id="pos_1115" xlink:href="#tok_1115"/><!-- ⲉ -->
<mark id="pos_1116" xlink:href="#tok_1116"/><!-- ⲩⲛ̄ⲧⲁ -->
<mark id="pos_1117" xlink:href="#tok_1117"/><!-- ⲩ -->
<mark id="pos_1118" xlink:href="#tok_1118"/><!-- ⲙ̄ⲙⲁⲩ` -->
<mark id="pos_1119" xlink:href="#tok_1119"/><!-- ⲛ̄ -->
<mark id="pos_1120" xlink:href="#tok_1120"/><!-- ϩⲉⲛ -->
<mark id="pos_1121" xlink:href="#tok_1121"/><!-- ϣⲏⲣⲉ` -->
<mark id="pos_1122" xlink:href="#tok_1122"/><!-- ⲙ︤ⲛ︥ -->
<mark id="pos_1123" xlink:href="#tok_1123"/><!-- ϩⲉⲛ -->
<mark id="pos_1124" xlink:href="#tok_1124"/><!-- ϣⲉⲉⲣⲉ -->
<mark id="pos_1125" xlink:href="#tok_1125"/><!-- · -->
<mark id="pos_1126" xlink:href="#tok_1126"/><!-- ⲙ︤ⲛ︥ -->
<mark id="pos_1127" xlink:href="#tok_1127"/><!-- ⲛ̄ -->
<mark id="pos_1128" xlink:href="#tok_1128"/><!-- ϣⲏⲣⲉ` -->
<mark id="pos_1129" xlink:href="#tok_1129"/><!-- ⲛ̄ -->
<mark id="pos_1130" xlink:href="#tok_1130"/><!-- ⲛⲉⲩ -->
<mark id="pos_1131" xlink:href="#tok_1131"/><!-- ϣⲏⲣⲉ` -->
<mark id="pos_1132" xlink:href="#tok_1132"/><!-- · -->
<mark id="pos_1133" xlink:href="#tok_1133"/><!-- ⲙ︤ⲛ︥ -->
<mark id="pos_1134" xlink:href="#tok_1134"/><!-- ϩⲉ⳯ -->
<mark id="pos_1135" xlink:href="#tok_1135"/><!-- ϩⲩⲡⲁⲣⲭⲟⲛⲧⲁ` -->
<mark id="pos_1136" xlink:href="#tok_1136"/><!-- ⲉ -->
<mark id="pos_1137" xlink:href="#tok_1137"/><!-- ⲛⲁϣⲱ -->
<mark id="pos_1138" xlink:href="#tok_1138"/><!-- ⲟⲩ -->
<mark id="pos_1139" xlink:href="#tok_1139"/><!-- · -->
<mark id="pos_1140" xlink:href="#tok_1140"/><!-- ⲁⲩⲱ -->
<mark id="pos_1141" xlink:href="#tok_1141"/><!-- ⲉ -->
<mark id="pos_1142" xlink:href="#tok_1142"/><!-- ⲩ -->
<mark id="pos_1143" xlink:href="#xpointer(id('tok_1143')/range-to(id('tok_1144')))"/><!-- ⲁⲛⲁⲅ...ⲕⲁⲍⲉ -->
<mark id="pos_1145" xlink:href="#tok_1145"/><!-- ⲙ̄ⲙⲟ -->
<mark id="pos_1146" xlink:href="#tok_1146"/><!-- ⲟⲩ -->
<mark id="pos_1147" xlink:href="#tok_1147"/><!-- ϩⲓⲧ︤ⲛ︥ -->
<mark id="pos_1148" xlink:href="#tok_1148"/><!-- ⲛⲉ -->
<mark id="pos_1149" xlink:href="#xpointer(id('tok_1149')/range-to(id('tok_1150')))"/><!-- ϩⲃⲏ...ⲟⲩⲉ` -->
<mark id="pos_1151" xlink:href="#tok_1151"/><!-- ⲙ̄ -->
<mark id="pos_1152" xlink:href="#tok_1152"/><!-- ⲡ -->
<mark id="pos_1153" xlink:href="#tok_1153"/><!-- ⲃⲓⲟⲥ` -->
<mark id="pos_1154" xlink:href="#tok_1154"/><!-- ⲉ -->
<mark id="pos_1155" xlink:href="#tok_1155"/><!-- ⲙ︤ⲛ︥ -->
<mark id="pos_1156" xlink:href="#tok_1156"/><!-- ϣϭⲟⲙ` -->
<mark id="pos_1157" xlink:href="#xpointer(id('tok_1157')/range-to(id('tok_1158')))"/><!-- ⲙ̄...ⲙⲟ -->
<mark id="pos_1159" xlink:href="#tok_1159"/><!-- ⲟⲩ` -->
<mark id="pos_1160" xlink:href="#tok_1160"/><!-- ⲉⲛⲉϩ` -->
<mark id="pos_1161" xlink:href="#tok_1161"/><!-- ⲉ -->
<mark id="pos_1162" xlink:href="#tok_1162"/><!-- ⲧⲣⲉ -->
<mark id="pos_1163" xlink:href="#tok_1163"/><!-- ⲩ̣ -->
<mark id="pos_1164" xlink:href="#xpointer(id('tok_1164')/range-to(id('tok_1165')))"/><!-- [....]...ⲥⲧⲁ` -->
<mark id="pos_1166" xlink:href="#tok_1166"/><!-- ⲉϫ[.....] -->
<mark id="pos_1167" xlink:href="#tok_1167"/><!-- ϣⲏⲣⲉ` -->
<mark id="pos_1168" xlink:href="#tok_1168"/><!-- ⲙ︤ⲛ̣︥ -->
<mark id="pos_1169" xlink:href="#tok_1169"/><!-- [...] -->
<mark id="pos_1170" xlink:href="#tok_1170"/><!-- ϣⲉⲉⲣⲉ` -->
<mark id="pos_1171" xlink:href="#tok_1171"/><!-- ⲙ︤ⲛ︥ -->
<mark id="pos_1172" xlink:href="#tok_1172"/><!-- ⲛ̣̄ -->
<mark id="pos_1173" xlink:href="#tok_1173"/><!-- ⲕⲉ -->
<mark id="pos_1174" xlink:href="#tok_1174"/><!-- ϩⲃⲏⲩⲉ` -->
<mark id="pos_1175" xlink:href="#xpointer(id('tok_1175')/range-to(id('tok_1176')))"/><!-- ⲧⲏ...ⲣ -->
<mark id="pos_1177" xlink:href="#tok_1177"/><!-- ⲟⲩ` -->
<mark id="pos_1178" xlink:href="#tok_1178"/><!-- ⲛ̄ⲧⲉ -->
<mark id="pos_1179" xlink:href="#tok_1179"/><!-- ⲡⲓ̈ -->
<mark id="pos_1180" xlink:href="#xpointer(id('tok_1180')/range-to(id('tok_1181')))"/><!-- ⲁⲓ...ⲱⲛ -->
<mark id="pos_1182" xlink:href="#tok_1182"/><!-- · -->
<mark id="pos_1183" xlink:href="#tok_1183"/><!-- ⲁⲩⲱ -->
<mark id="pos_1184" xlink:href="#tok_1184"/><!-- ⲛ̄ -->
<mark id="pos_1185" xlink:href="#tok_1185"/><!-- ⲥⲉ -->
<mark id="pos_1186" xlink:href="#tok_1186"/><!-- ⲡⲣⲟϩⲓⲥⲧⲁ` -->
<mark id="pos_1187" xlink:href="#tok_1187"/><!-- ⲉϫ︤ⲛ︥ -->
<mark id="pos_1188" xlink:href="#tok_1188"/><!-- ϩⲉⲛ -->
<mark id="pos_1189" xlink:href="#tok_1189"/><!-- ϣⲏⲣⲉ` -->
<mark id="pos_1190" xlink:href="#tok_1190"/><!-- ⲙ︤ⲛ︥ -->
<mark id="pos_1191" xlink:href="#tok_1191"/><!-- ϩⲉⲛ -->
<mark id="pos_1192" xlink:href="#tok_1192"/><!-- ϣⲉⲉⲣⲉ` -->
<mark id="pos_1193" xlink:href="#xpointer(id('tok_1193')/range-to(id('tok_1194')))"/><!-- ⲉ...ⲃⲟⲗ -->
<mark id="pos_1195" xlink:href="#tok_1195"/><!-- ϩⲓⲧ︤ⲙ︥ -->
<mark id="pos_1196" xlink:href="#tok_1196"/><!-- ⲡ -->
<mark id="pos_1197" xlink:href="#xpointer(id('tok_1197')/range-to(id('tok_1198')))"/><!-- ⲛⲟⲩ...ⲧⲉ -->
<mark id="pos_1199" xlink:href="#tok_1199"/><!-- · -->
<mark id="pos_1200" xlink:href="#tok_1200"/><!-- ⲙ︤ⲛ︥ -->
<mark id="pos_1201" xlink:href="#tok_1201"/><!-- ϩⲉⲛ -->
<mark id="pos_1202" xlink:href="#tok_1202"/><!-- ⲕⲉ -->
<mark id="pos_1203" xlink:href="#tok_1203"/><!-- ϩⲃⲏⲩⲉ -->
<mark id="pos_1204" xlink:href="#tok_1204"/><!-- ⲧⲏⲣ -->
<mark id="pos_1205" xlink:href="#tok_1205"/><!-- ⲟⲩ -->
<mark id="pos_1206" xlink:href="#tok_1206"/><!-- ⲛ̄ -->
<mark id="pos_1207" xlink:href="#tok_1207"/><!-- ⲇⲓⲕⲁⲓⲟⲥⲩⲛⲏ` -->
<mark id="pos_1208" xlink:href="#tok_1208"/><!-- Ⲙ̄ -->
<mark id="pos_1209" xlink:href="#tok_1209"/><!-- ⲙ︤ⲛ︥ -->
<mark id="pos_1210" xlink:href="#tok_1210"/><!-- ϣϭⲟⲙ -->
<mark id="pos_1211" xlink:href="#tok_1211"/><!-- ⲅⲁⲣ -->
<mark id="pos_1212" xlink:href="#tok_1212"/><!-- ⲉ -->
<mark id="pos_1213" xlink:href="#tok_1213"/><!-- ⲧⲣⲉ -->
<mark id="pos_1214" xlink:href="#tok_1214"/><!-- ⲛⲁⲓ̈ -->
<mark id="pos_1215" xlink:href="#tok_1215"/><!-- ⲛ̄ -->
<mark id="pos_1216" xlink:href="#tok_1216"/><!-- ⲧⲉⲓ -->
<mark id="pos_1217" xlink:href="#tok_1217"/><!-- ⲙⲓⲛⲉ -->
<mark id="pos_1218" xlink:href="#tok_1218"/><!-- ⲣ̂ -->
<mark id="pos_1219" xlink:href="#tok_1219"/><!-- ϩ︤ⲙ︥ϩⲁⲗ` -->
<mark id="pos_1220" xlink:href="#tok_1220"/><!-- ⲛ̄ -->
<mark id="pos_1221" xlink:href="#tok_1221"/><!-- ⲛ -->
<mark id="pos_1222" xlink:href="#tok_1222"/><!-- ⲉⲧ -->
<mark id="pos_1223" xlink:href="#tok_1223"/><!-- ϣⲟⲟⲡ -->
<mark id="pos_1224" xlink:href="#tok_1224"/><!-- ⲛⲁ -->
<mark id="pos_1225" xlink:href="#tok_1225"/><!-- ⲩ -->
<mark id="pos_1226" xlink:href="#tok_1226"/><!-- ⲕⲁⲧⲁ -->
<mark id="pos_1227" xlink:href="#xpointer(id('tok_1227')/range-to(id('tok_1228')))"/><!-- ⲥⲁ...ⲣ︤ⲝ︥ -->
<mark id="pos_1229" xlink:href="#tok_1229"/><!-- · -->
<mark id="pos_1230" xlink:href="#tok_1230"/><!-- ⲁⲩⲱ -->
<mark id="pos_1231" xlink:href="#tok_1231"/><!-- ⲛ̄ -->
<mark id="pos_1232" xlink:href="#tok_1232"/><!-- ⲥⲉ -->
<mark id="pos_1233" xlink:href="#tok_1233"/><!-- ⲣ̂ -->
<mark id="pos_1234" xlink:href="#tok_1234"/><!-- ϩ︤ⲙ︥ϩⲁⲗ -->
<mark id="pos_1235" xlink:href="#tok_1235"/><!-- ⲛ̄ -->
<mark id="pos_1236" xlink:href="#tok_1236"/><!-- ϩⲉⲛ -->
<mark id="pos_1237" xlink:href="#tok_1237"/><!-- ⲕⲟⲟⲩⲉ` -->
<mark id="pos_1238" xlink:href="#tok_1238"/><!-- ⲉⲃⲟⲗ -->
<mark id="pos_1239" xlink:href="#tok_1239"/><!-- ϩⲓⲧ︤ⲙ︥ -->
<mark id="pos_1240" xlink:href="#tok_1240"/><!-- ⲡ -->
<mark id="pos_1241" xlink:href="#tok_1241"/><!-- ⲛⲟⲩⲧⲉ -->
<mark id="pos_1242" xlink:href="#tok_1242"/><!-- Ϩⲉⲛ -->
<mark id="pos_1243" xlink:href="#tok_1243"/><!-- ⲣⲱⲙⲉ -->
<mark id="pos_1244" xlink:href="#tok_1244"/><!-- ⲇⲉ -->
<mark id="pos_1245" xlink:href="#xpointer(id('tok_1245')/range-to(id('tok_1246')))"/><!-- ⲛ̄...ⲧⲟϥ -->
<mark id="pos_1247" xlink:href="#tok_1247"/><!-- ⲉ -->
<mark id="pos_1248" xlink:href="#tok_1248"/><!-- ⲙ︤ⲛ︥ⲧⲁ -->
<mark id="pos_1249" xlink:href="#tok_1249"/><!-- ⲩ -->
<mark id="pos_1250" xlink:href="#tok_1250"/><!-- ⲙ̄ⲙⲁⲩ` -->
<mark id="pos_1251" xlink:href="#tok_1251"/><!-- ⲛ̄ -->
<mark id="pos_1252" xlink:href="#tok_1252"/><!-- ϩⲉⲛ -->
<mark id="pos_1253" xlink:href="#tok_1253"/><!-- ϣⲏⲣⲉ` -->
<mark id="pos_1254" xlink:href="#tok_1254"/><!-- ⲙ︤ⲛ︥ -->
<mark id="pos_1255" xlink:href="#xpointer(id('tok_1255')/range-to(id('tok_1256')))"/><!-- ϣⲉ...ⲉⲣⲉ` -->
<mark id="pos_1257" xlink:href="#tok_1257"/><!-- ⲕⲁⲧⲁ -->
<mark id="pos_1258" xlink:href="#tok_1258"/><!-- ⲥⲁⲣ︤ⲝ︥ -->
<mark id="pos_1259" xlink:href="#tok_1259"/><!-- · -->
<mark id="pos_1260" xlink:href="#tok_1260"/><!-- ⲏ̂ -->
<mark id="pos_1261" xlink:href="#tok_1261"/><!-- ⲛ̄ⲧⲟϥ -->
<mark id="pos_1262" xlink:href="#tok_1262"/><!-- ⲉ -->
<mark id="pos_1263" xlink:href="#xpointer(id('tok_1263')/range-to(id('tok_1264')))"/><!-- ⲩⲛ̄...ⲧⲁ -->
<mark id="pos_1265" xlink:href="#tok_1265"/><!-- ⲩ -->
<mark id="pos_1266" xlink:href="#tok_1266"/><!-- · -->
<mark id="pos_1267" xlink:href="#tok_1267"/><!-- ⲁⲩⲱ -->
<mark id="pos_1268" xlink:href="#tok_1268"/><!-- ⲛ̄ -->
<mark id="pos_1269" xlink:href="#tok_1269"/><!-- ⲥⲉ -->
<mark id="pos_1270" xlink:href="#tok_1270"/><!-- ⲁⲡⲟⲧⲁⲥⲥⲉ` -->
<mark id="pos_1271" xlink:href="#xpointer(id('tok_1271')/range-to(id('tok_1272')))"/><!-- ⲙ̄...[ ] -->
<mark id="pos_1273" xlink:href="#tok_1273"/><!-- [ ] -->
<mark id="pos_1274" xlink:href="#tok_1274"/><!-- [ ] -->
<mark id="pos_1275" xlink:href="#tok_1275"/><!-- [ ] -->
<mark id="pos_1276" xlink:href="#xpointer(id('tok_1276')/range-to(id('tok_1277')))"/><!-- ⲟ...ϣⲉ̣ -->
<mark id="pos_1278" xlink:href="#tok_1278"/><!-- ⲕⲁⲧⲁ -->
<mark id="pos_1279" xlink:href="#tok_1279"/><!-- ⲡⲉ -->
<mark id="pos_1280" xlink:href="#xpointer(id('tok_1280')/range-to(id('tok_1281')))"/><!-- ⲙ...ⲡ̣ϣ̣ⲁ̣ -->
<mark id="pos_1282" xlink:href="#tok_1282"/><!-- ⲙ̄ -->
<mark id="pos_1283" xlink:href="#tok_1283"/><!-- ⲡ -->
<mark id="pos_1284" xlink:href="#xpointer(id('tok_1284')/range-to(id('tok_1285')))"/><!-- ⲧⲱϩ︤...ⲙ︥ -->
<mark id="pos_1286" xlink:href="#tok_1286"/><!-- ⲡ̣ⲉ̣ -->
<mark id="pos_1287" xlink:href="#tok_1287"/><!-- ⲛ̣ⲧ̣ -->
<mark id="pos_1288" xlink:href="#tok_1288"/><!-- ⲁ -->
<mark id="pos_1289" xlink:href="#tok_1289"/><!-- ϥ -->
<mark id="pos_1290" xlink:href="#xpointer(id('tok_1290')/range-to(id('tok_1291')))"/><!-- ⲧⲁ...ϩⲙ -->
<mark id="pos_1292" xlink:href="#tok_1292"/><!-- ⲟⲩ` -->
<mark id="pos_1293" xlink:href="#tok_1293"/><!-- ⲉ -->
<mark id="pos_1294" xlink:href="#xpointer(id('tok_1294')/range-to(id('tok_1295')))"/><!-- ⲡ...ⲉⲓ -->
<mark id="pos_1296" xlink:href="#xpointer(id('tok_1296')/range-to(id('tok_1297')))"/><!-- ⲃⲓ...ⲟⲥ -->
<mark id="pos_1298" xlink:href="#tok_1298"/><!-- ⲡⲁⲓ̈ -->
<mark id="pos_1299" xlink:href="#tok_1299"/><!-- · -->
<mark id="pos_1300" xlink:href="#xpointer(id('tok_1300')/range-to(id('tok_1301')))"/><!-- ⲛ̣...ⲁⲓ̈ -->
<mark id="pos_1302" xlink:href="#tok_1302"/><!-- ⲛⲉ -->
<mark id="pos_1303" xlink:href="#tok_1303"/><!-- ⲛ̄ -->
<mark id="pos_1304" xlink:href="#tok_1304"/><!-- ⲥⲓⲟⲩⲣ` -->
<mark id="pos_1305" xlink:href="#xpointer(id('tok_1305')/range-to(id('tok_1306')))"/><!-- ⲙ̣︤...ⲛ︥ -->
<mark id="pos_1307" xlink:href="#tok_1307"/><!-- ⲙ̄ -->
<mark id="pos_1308" xlink:href="#tok_1308"/><!-- ⲡⲁⲣⲑⲉⲛⲟⲥ -->
<mark id="pos_1309" xlink:href="#tok_1309"/><!-- ⲉⲧⲉ -->
<mark id="pos_1310" xlink:href="#tok_1310"/><!-- ⲛ̄ⲧⲱⲧ︤ⲛ︥ -->
<mark id="pos_1311" xlink:href="#tok_1311"/><!-- ⲡⲉ -->
<mark id="pos_1312" xlink:href="#tok_1312"/><!-- ⲛⲉ -->
<mark id="pos_1313" xlink:href="#tok_1313"/><!-- ⲥⲛⲏⲩ̣ -->
<mark id="pos_1314" xlink:href="#tok_1314"/><!-- ⲙ︤ⲛ︥ -->
<mark id="pos_1315" xlink:href="#tok_1315"/><!-- ⲟⲩⲟⲛ -->
<mark id="pos_1316" xlink:href="#tok_1316"/><!-- ⲛⲓⲙ̣ -->
<mark id="pos_1317" xlink:href="#tok_1317"/><!-- ⲉⲧ -->
<mark id="pos_1318" xlink:href="#tok_1318"/><!-- ⲉⲅⲕⲣⲁⲧⲉⲩⲉ̣ -->
<mark id="pos_1319" xlink:href="#tok_1319"/><!-- ⲙ̄ⲙⲟ -->
<mark id="pos_1320" xlink:href="#tok_1320"/><!-- ⲟⲩ -->
<mark id="pos_1321" xlink:href="#tok_1321"/><!-- ϩ︤ⲛ︥ -->
<mark id="pos_1322" xlink:href="#tok_1322"/><!-- ⲙⲁ` -->
<mark id="pos_1323" xlink:href="#tok_1323"/><!-- ⲛⲓⲙ -->
<mark id="pos_1324" xlink:href="#tok_1324"/><!-- · -->
<mark id="pos_1325" xlink:href="#tok_1325"/><!-- ϩ︤ⲙ︥ -->
<mark id="pos_1326" xlink:href="#tok_1326"/><!-- ⲡ -->
<mark id="pos_1327" xlink:href="#tok_1327"/><!-- ⲕⲁϩ -->
<mark id="pos_1328" xlink:href="#tok_1328"/><!-- ⲧⲏⲣ︤ -->
<mark id="pos_1329" xlink:href="#tok_1329"/><!-- ϥ︥ -->
<mark id="pos_1330" xlink:href="#tok_1330"/><!-- · -->
<mark id="pos_1331" xlink:href="#tok_1331"/><!-- ⲉⲓⲧⲉ -->
<mark id="pos_1332" xlink:href="#tok_1332"/><!-- ⲛ -->
<mark id="pos_1333" xlink:href="#tok_1333"/><!-- ⲉⲧⲉ -->
<mark id="pos_1334" xlink:href="#tok_1334"/><!-- ⲛ̄ -->
<mark id="pos_1335" xlink:href="#tok_1335"/><!-- ⲥⲉ -->
<mark id="pos_1336" xlink:href="#xpointer(id('tok_1336')/range-to(id('tok_1337')))"/><!-- ⲥⲟ...ⲟⲩⲛ` -->
<mark id="pos_1338" xlink:href="#tok_1338"/><!-- ⲁⲛ` -->
<mark id="pos_1339" xlink:href="#tok_1339"/><!-- ϫⲉ -->
<mark id="pos_1340" xlink:href="#tok_1340"/><!-- ⲟ᷍ⲩ -->
<mark id="pos_1341" xlink:href="#tok_1341"/><!-- ⲡⲉ -->
<mark id="pos_1342" xlink:href="#tok_1342"/><!-- ⲡ -->
<mark id="pos_1343" xlink:href="#tok_1343"/><!-- ⲅⲁⲙⲟⲥ -->
<mark id="pos_1344" xlink:href="#tok_1344"/><!-- ⲉⲧ -->
<mark id="pos_1345" xlink:href="#tok_1345"/><!-- ⲧⲁⲓ̈ⲏⲩ -->
<mark id="pos_1346" xlink:href="#tok_1346"/><!-- · -->
<mark id="pos_1347" xlink:href="#tok_1347"/><!-- ⲙ︤ⲛ︥ -->
<mark id="pos_1348" xlink:href="#tok_1348"/><!-- ⲡ -->
<mark id="pos_1349" xlink:href="#tok_1349"/><!-- ⲙⲁ -->
<mark id="pos_1350" xlink:href="#tok_1350"/><!-- ⲛ︤ -->
<mark id="pos_1351" xlink:href="#tok_1351"/><!-- ⲛ︥ⲕⲟⲧ︤ⲕ︥ -->
<mark id="pos_1352" xlink:href="#tok_1352"/><!-- ⲉⲧ -->
<mark id="pos_1353" xlink:href="#xpointer(id('tok_1353')/range-to(id('tok_1354')))"/><!-- ⲧⲃ...ⲃⲏⲩ -->
<mark id="pos_1355" xlink:href="#tok_1355"/><!-- · -->
<mark id="pos_1356" xlink:href="#tok_1356"/><!-- ⲉⲓ̈ⲧⲉ -->
<mark id="pos_1357" xlink:href="#tok_1357"/><!-- ⲛⲉ -->
<mark id="pos_1358" xlink:href="#tok_1358"/><!-- ⲛⲧ -->
<mark id="pos_1359" xlink:href="#tok_1359"/><!-- ⲁ -->
<mark id="pos_1360" xlink:href="#tok_1360"/><!-- ⲩ -->
<mark id="pos_1361" xlink:href="#tok_1361"/><!-- ϫⲓ -->
<mark id="pos_1362" xlink:href="#tok_1362"/><!-- ϩⲓⲙⲉ -->
<mark id="pos_1363" xlink:href="#tok_1363"/><!-- · -->
<mark id="pos_1364" xlink:href="#tok_1364"/><!-- ⲙ︤ⲛ︥ -->
<mark id="pos_1365" xlink:href="#tok_1365"/><!-- ⲛⲉ -->
<mark id="pos_1366" xlink:href="#tok_1366"/><!-- ⲛⲧ -->
<mark id="pos_1367" xlink:href="#tok_1367"/><!-- ⲁ -->
<mark id="pos_1368" xlink:href="#tok_1368"/><!-- ⲩ -->
<mark id="pos_1369" xlink:href="#tok_1369"/><!-- ϫⲓ -->
<mark id="pos_1370" xlink:href="#tok_1370"/><!-- ϩⲁⲓ̈ -->
<mark id="pos_1371" xlink:href="#tok_1371"/><!-- · -->
<mark id="pos_1372" xlink:href="#tok_1372"/><!-- ⲁⲩⲱ -->
<mark id="pos_1373" xlink:href="#tok_1373"/><!-- ⲛ̄ⲧⲉ -->
<mark id="pos_1374" xlink:href="#tok_1374"/><!-- ⲣ -->
<mark id="pos_1375" xlink:href="#tok_1375"/><!-- ⲟⲩ -->
<mark id="pos_1376" xlink:href="#tok_1376"/><!-- ⲣ̂ -->
<mark id="pos_1377" xlink:href="#tok_1377"/><!-- ϩⲛⲁⲩ` -->
<mark id="pos_1378" xlink:href="#tok_1378"/><!-- ⲉⲃⲟⲗ -->
<mark id="pos_1379" xlink:href="#tok_1379"/><!-- ϩⲓⲧ︤ⲙ︥ -->
<mark id="pos_1380" xlink:href="#tok_1380"/><!-- ⲡ -->
<mark id="pos_1381" xlink:href="#tok_1381"/><!-- ⲛⲟⲩⲧⲉ -->
<mark id="pos_1382" xlink:href="#tok_1382"/><!-- ϩ︤ⲙ︥ -->
<mark id="pos_1383" xlink:href="#tok_1383"/><!-- ⲡ -->
<mark id="pos_1384" xlink:href="#tok_1384"/><!-- ϣⲟϫⲛⲉ` -->
<mark id="pos_1385" xlink:href="#tok_1385"/><!-- ⲙ̄ -->
<mark id="pos_1386" xlink:href="#tok_1386"/><!-- ⲡⲉ -->
<mark id="pos_1387" xlink:href="#tok_1387"/><!-- ⲛⲧ -->
<mark id="pos_1388" xlink:href="#tok_1388"/><!-- ⲁ -->
<mark id="pos_1389" xlink:href="#tok_1389"/><!-- ϥ -->
<mark id="pos_1390" xlink:href="#tok_1390"/><!-- ϫⲟⲟ -->
<mark id="pos_1391" xlink:href="#tok_1391"/><!-- ⲥ -->
</markList>
</paula>
