<?xml version='1.0' encoding='UTF-8'?><!DOCTYPE paula SYSTEM "paula_feat.dtd">
<paula version="1.1">
	<header paula_id="scriptorium.on_vigilance.mark_pb_xml_id"/>
	<featList xmlns:xlink="http://www.w3.org/1999/xlink" type="pb_xml_id" xml:base="scriptorium.on_vigilance.mark.xml">
		<feat xlink:href="#sSpan14" value="BA49"/>
		<feat xlink:href="#sSpan743" value="BA50"/>
		<feat xlink:href="#sSpan1412" value="BA51"/>
		<feat xlink:href="#sSpan2087" value="BA52"/>
		<feat xlink:href="#sSpan2737" value="BA53"/>
		<feat xlink:href="#sSpan3486" value="BA54"/>
		<feat xlink:href="#sSpan4182" value="BA55"/>
		<feat xlink:href="#sSpan4850" value="BA56"/></featList></paula>