<?xml version='1.0' encoding='UTF-8'?><!DOCTYPE paula SYSTEM "paula_rel.dtd">
<paula version="1.1">
	<header paula_id="scriptorium.shenoute.unknown5_1.GF359-360.head"/>
	<relList xmlns:xlink="http://www.w3.org/1999/xlink" type="head">
		<rel id="sPointingRel815" xlink:href="scriptorium.shenoute.unknown5_1.GF359-360.mark.xml#sSpan845" target="scriptorium.shenoute.unknown5_1.GF359-360.mark.xml#sSpan846"/>
		<rel id="sPointingRel817" xlink:href="scriptorium.shenoute.unknown5_1.GF359-360.mark.xml#sSpan390" target="scriptorium.shenoute.unknown5_1.GF359-360.mark.xml#sSpan388"/>
		<rel id="sPointingRel819" xlink:href="scriptorium.shenoute.unknown5_1.GF359-360.mark.xml#sSpan728" target="scriptorium.shenoute.unknown5_1.GF359-360.mark.xml#sSpan726"/>
		<rel id="sPointingRel821" xlink:href="scriptorium.shenoute.unknown5_1.GF359-360.mark.xml#sSpan738" target="scriptorium.shenoute.unknown5_1.GF359-360.mark.xml#sSpan739"/>
		<rel id="sPointingRel823" xlink:href="scriptorium.shenoute.unknown5_1.GF359-360.mark.xml#sSpan1553" target="scriptorium.shenoute.unknown5_1.GF359-360.mark.xml#sSpan1555"/>
		<rel id="sPointingRel825" xlink:href="scriptorium.shenoute.unknown5_1.GF359-360.mark.xml#sSpan47" target="scriptorium.shenoute.unknown5_1.GF359-360.mark.xml#sSpan48"/>
		<rel id="sPointingRel827" xlink:href="scriptorium.shenoute.unknown5_1.GF359-360.mark.xml#sSpan962" target="scriptorium.shenoute.unknown5_1.GF359-360.mark.xml#sSpan963"/>
		<rel id="sPointingRel829" xlink:href="scriptorium.shenoute.unknown5_1.GF359-360.mark.xml#sSpan1261" target="scriptorium.shenoute.unknown5_1.GF359-360.mark.xml#sSpan1269"/>
		<rel id="sPointingRel831" xlink:href="scriptorium.shenoute.unknown5_1.GF359-360.mark.xml#sSpan1579" target="scriptorium.shenoute.unknown5_1.GF359-360.mark.xml#sSpan1588"/>
		<rel id="sPointingRel833" xlink:href="scriptorium.shenoute.unknown5_1.GF359-360.mark.xml#sSpan1384" target="scriptorium.shenoute.unknown5_1.GF359-360.mark.xml#sSpan1382"/>
		<rel id="sPointingRel835" xlink:href="scriptorium.shenoute.unknown5_1.GF359-360.mark.xml#sSpan1225" target="scriptorium.shenoute.unknown5_1.GF359-360.mark.xml#sSpan1222"/>
		<rel id="sPointingRel837" xlink:href="scriptorium.shenoute.unknown5_1.GF359-360.mark.xml#sSpan757" target="scriptorium.shenoute.unknown5_1.GF359-360.mark.xml#sSpan761"/>
		<rel id="sPointingRel839" xlink:href="scriptorium.shenoute.unknown5_1.GF359-360.mark.xml#sSpan402" target="scriptorium.shenoute.unknown5_1.GF359-360.mark.xml#sSpan404"/>
		<rel id="sPointingRel841" xlink:href="scriptorium.shenoute.unknown5_1.GF359-360.mark.xml#sSpan1290" target="scriptorium.shenoute.unknown5_1.GF359-360.mark.xml#sSpan1291"/>
		<rel id="sPointingRel843" xlink:href="scriptorium.shenoute.unknown5_1.GF359-360.mark.xml#sSpan548" target="scriptorium.shenoute.unknown5_1.GF359-360.mark.xml#sSpan550"/>
		<rel id="sPointingRel845" xlink:href="scriptorium.shenoute.unknown5_1.GF359-360.mark.xml#sSpan1334" target="scriptorium.shenoute.unknown5_1.GF359-360.mark.xml#sSpan1335"/>
		<rel id="sPointingRel847" xlink:href="scriptorium.shenoute.unknown5_1.GF359-360.mark.xml#sSpan784" target="scriptorium.shenoute.unknown5_1.GF359-360.mark.xml#sSpan788"/>
		<rel id="sPointingRel849" xlink:href="scriptorium.shenoute.unknown5_1.GF359-360.mark.xml#sSpan1526" target="scriptorium.shenoute.unknown5_1.GF359-360.mark.xml#sSpan1527"/>
		<rel id="sPointingRel851" xlink:href="scriptorium.shenoute.unknown5_1.GF359-360.mark.xml#sSpan106" target="scriptorium.shenoute.unknown5_1.GF359-360.mark.xml#sSpan108"/>
		<rel id="sPointingRel853" xlink:href="scriptorium.shenoute.unknown5_1.GF359-360.mark.xml#sSpan431" target="scriptorium.shenoute.unknown5_1.GF359-360.mark.xml#sSpan429"/>
		<rel id="sPointingRel855" xlink:href="scriptorium.shenoute.unknown5_1.GF359-360.mark.xml#sSpan1622" target="scriptorium.shenoute.unknown5_1.GF359-360.mark.xml#sSpan1624"/>
		<rel id="sPointingRel857" xlink:href="scriptorium.shenoute.unknown5_1.GF359-360.mark.xml#sSpan130" target="scriptorium.shenoute.unknown5_1.GF359-360.mark.xml#sSpan133"/>
		<rel id="sPointingRel859" xlink:href="scriptorium.shenoute.unknown5_1.GF359-360.mark.xml#sSpan252" target="scriptorium.shenoute.unknown5_1.GF359-360.mark.xml#sSpan247"/>
		<rel id="sPointingRel861" xlink:href="scriptorium.shenoute.unknown5_1.GF359-360.mark.xml#sSpan442" target="scriptorium.shenoute.unknown5_1.GF359-360.mark.xml#sSpan444"/>
		<rel id="sPointingRel863" xlink:href="scriptorium.shenoute.unknown5_1.GF359-360.mark.xml#sSpan1209" target="scriptorium.shenoute.unknown5_1.GF359-360.mark.xml#sSpan1210"/>
		<rel id="sPointingRel865" xlink:href="scriptorium.shenoute.unknown5_1.GF359-360.mark.xml#sSpan1167" target="scriptorium.shenoute.unknown5_1.GF359-360.mark.xml#sSpan1169"/>
		<rel id="sPointingRel867" xlink:href="scriptorium.shenoute.unknown5_1.GF359-360.mark.xml#sSpan489" target="scriptorium.shenoute.unknown5_1.GF359-360.mark.xml#sSpan490"/>
		<rel id="sPointingRel869" xlink:href="scriptorium.shenoute.unknown5_1.GF359-360.mark.xml#sSpan1019" target="scriptorium.shenoute.unknown5_1.GF359-360.mark.xml#sSpan1022"/>
		<rel id="sPointingRel871" xlink:href="scriptorium.shenoute.unknown5_1.GF359-360.mark.xml#sSpan1496" target="scriptorium.shenoute.unknown5_1.GF359-360.mark.xml#sSpan1498"/>
		<rel id="sPointingRel873" xlink:href="scriptorium.shenoute.unknown5_1.GF359-360.mark.xml#sSpan167" target="scriptorium.shenoute.unknown5_1.GF359-360.mark.xml#sSpan168"/>
		<rel id="sPointingRel875" xlink:href="scriptorium.shenoute.unknown5_1.GF359-360.mark.xml#sSpan1573" target="scriptorium.shenoute.unknown5_1.GF359-360.mark.xml#sSpan1574"/>
		<rel id="sPointingRel877" xlink:href="scriptorium.shenoute.unknown5_1.GF359-360.mark.xml#sSpan502" target="scriptorium.shenoute.unknown5_1.GF359-360.mark.xml#sSpan500"/>
		<rel id="sPointingRel879" xlink:href="scriptorium.shenoute.unknown5_1.GF359-360.mark.xml#sSpan1344" target="scriptorium.shenoute.unknown5_1.GF359-360.mark.xml#sSpan1346"/>
		<rel id="sPointingRel881" xlink:href="scriptorium.shenoute.unknown5_1.GF359-360.mark.xml#sSpan1299" target="scriptorium.shenoute.unknown5_1.GF359-360.mark.xml#sSpan1302"/>
		<rel id="sPointingRel883" xlink:href="scriptorium.shenoute.unknown5_1.GF359-360.mark.xml#sSpan1092" target="scriptorium.shenoute.unknown5_1.GF359-360.mark.xml#sSpan1093"/>
		<rel id="sPointingRel885" xlink:href="scriptorium.shenoute.unknown5_1.GF359-360.mark.xml#sSpan238" target="scriptorium.shenoute.unknown5_1.GF359-360.mark.xml#sSpan241"/>
		<rel id="sPointingRel887" xlink:href="scriptorium.shenoute.unknown5_1.GF359-360.mark.xml#sSpan1142" target="scriptorium.shenoute.unknown5_1.GF359-360.mark.xml#sSpan1140"/>
		<rel id="sPointingRel889" xlink:href="scriptorium.shenoute.unknown5_1.GF359-360.mark.xml#sSpan1606" target="scriptorium.shenoute.unknown5_1.GF359-360.mark.xml#sSpan1609"/>
		<rel id="sPointingRel891" xlink:href="scriptorium.shenoute.unknown5_1.GF359-360.mark.xml#sSpan584" target="scriptorium.shenoute.unknown5_1.GF359-360.mark.xml#sSpan585"/>
		<rel id="sPointingRel893" xlink:href="scriptorium.shenoute.unknown5_1.GF359-360.mark.xml#sSpan1563" target="scriptorium.shenoute.unknown5_1.GF359-360.mark.xml#sSpan1564"/>
		<rel id="sPointingRel895" xlink:href="scriptorium.shenoute.unknown5_1.GF359-360.mark.xml#sSpan854" target="scriptorium.shenoute.unknown5_1.GF359-360.mark.xml#sSpan855"/>
		<rel id="sPointingRel897" xlink:href="scriptorium.shenoute.unknown5_1.GF359-360.mark.xml#sSpan26" target="scriptorium.shenoute.unknown5_1.GF359-360.mark.xml#sSpan27"/>
		<rel id="sPointingRel899" xlink:href="scriptorium.shenoute.unknown5_1.GF359-360.mark.xml#sSpan1101" target="scriptorium.shenoute.unknown5_1.GF359-360.mark.xml#sSpan1102"/>
		<rel id="sPointingRel901" xlink:href="scriptorium.shenoute.unknown5_1.GF359-360.mark.xml#sSpan559" target="scriptorium.shenoute.unknown5_1.GF359-360.mark.xml#sSpan561"/>
		<rel id="sPointingRel903" xlink:href="scriptorium.shenoute.unknown5_1.GF359-360.mark.xml#sSpan1232" target="scriptorium.shenoute.unknown5_1.GF359-360.mark.xml#sSpan1234"/>
		<rel id="sPointingRel905" xlink:href="scriptorium.shenoute.unknown5_1.GF359-360.mark.xml#sSpan775" target="scriptorium.shenoute.unknown5_1.GF359-360.mark.xml#sSpan776"/>
		<rel id="sPointingRel907" xlink:href="scriptorium.shenoute.unknown5_1.GF359-360.mark.xml#sSpan868" target="scriptorium.shenoute.unknown5_1.GF359-360.mark.xml#sSpan869"/>
		<rel id="sPointingRel909" xlink:href="scriptorium.shenoute.unknown5_1.GF359-360.mark.xml#sSpan748" target="scriptorium.shenoute.unknown5_1.GF359-360.mark.xml#sSpan749"/>
		<rel id="sPointingRel911" xlink:href="scriptorium.shenoute.unknown5_1.GF359-360.mark.xml#sSpan1424" target="scriptorium.shenoute.unknown5_1.GF359-360.mark.xml#sSpan1425"/>
		<rel id="sPointingRel913" xlink:href="scriptorium.shenoute.unknown5_1.GF359-360.mark.xml#sSpan1039" target="scriptorium.shenoute.unknown5_1.GF359-360.mark.xml#sSpan1041"/>
		<rel id="sPointingRel915" xlink:href="scriptorium.shenoute.unknown5_1.GF359-360.mark.xml#sSpan314" target="scriptorium.shenoute.unknown5_1.GF359-360.mark.xml#sSpan315"/>
		<rel id="sPointingRel917" xlink:href="scriptorium.shenoute.unknown5_1.GF359-360.mark.xml#sSpan771" target="scriptorium.shenoute.unknown5_1.GF359-360.mark.xml#sSpan769"/>
		<rel id="sPointingRel919" xlink:href="scriptorium.shenoute.unknown5_1.GF359-360.mark.xml#sSpan222" target="scriptorium.shenoute.unknown5_1.GF359-360.mark.xml#sSpan223"/>
		<rel id="sPointingRel921" xlink:href="scriptorium.shenoute.unknown5_1.GF359-360.mark.xml#sSpan698" target="scriptorium.shenoute.unknown5_1.GF359-360.mark.xml#sSpan699"/>
		<rel id="sPointingRel923" xlink:href="scriptorium.shenoute.unknown5_1.GF359-360.mark.xml#sSpan1279" target="scriptorium.shenoute.unknown5_1.GF359-360.mark.xml#sSpan1281"/>
		<rel id="sPointingRel925" xlink:href="scriptorium.shenoute.unknown5_1.GF359-360.mark.xml#sSpan1453" target="scriptorium.shenoute.unknown5_1.GF359-360.mark.xml#sSpan1455"/>
		<rel id="sPointingRel927" xlink:href="scriptorium.shenoute.unknown5_1.GF359-360.mark.xml#sSpan337" target="scriptorium.shenoute.unknown5_1.GF359-360.mark.xml#sSpan339"/>
		<rel id="sPointingRel929" xlink:href="scriptorium.shenoute.unknown5_1.GF359-360.mark.xml#sSpan943" target="scriptorium.shenoute.unknown5_1.GF359-360.mark.xml#sSpan945"/>
		<rel id="sPointingRel931" xlink:href="scriptorium.shenoute.unknown5_1.GF359-360.mark.xml#sSpan623" target="scriptorium.shenoute.unknown5_1.GF359-360.mark.xml#sSpan626"/>
		<rel id="sPointingRel933" xlink:href="scriptorium.shenoute.unknown5_1.GF359-360.mark.xml#sSpan1243" target="scriptorium.shenoute.unknown5_1.GF359-360.mark.xml#sSpan1245"/>
		<rel id="sPointingRel935" xlink:href="scriptorium.shenoute.unknown5_1.GF359-360.mark.xml#sSpan617" target="scriptorium.shenoute.unknown5_1.GF359-360.mark.xml#sSpan615"/>
		<rel id="sPointingRel937" xlink:href="scriptorium.shenoute.unknown5_1.GF359-360.mark.xml#sSpan514" target="scriptorium.shenoute.unknown5_1.GF359-360.mark.xml#sSpan515"/>
		<rel id="sPointingRel939" xlink:href="scriptorium.shenoute.unknown5_1.GF359-360.mark.xml#sSpan376" target="scriptorium.shenoute.unknown5_1.GF359-360.mark.xml#sSpan374"/>
		<rel id="sPointingRel941" xlink:href="scriptorium.shenoute.unknown5_1.GF359-360.mark.xml#sSpan882" target="scriptorium.shenoute.unknown5_1.GF359-360.mark.xml#sSpan884"/>
		<rel id="sPointingRel943" xlink:href="scriptorium.shenoute.unknown5_1.GF359-360.mark.xml#sSpan709" target="scriptorium.shenoute.unknown5_1.GF359-360.mark.xml#sSpan717"/></relList></paula>