<?xml version='1.0' encoding='UTF-8'?><!DOCTYPE paula SYSTEM "paula_feat.dtd">
<paula version="1.1">
	<header paula_id="scriptorium.AP.007.n139.laughing.mark_pos"/>
	<featList xmlns:xlink="http://www.w3.org/1999/xlink" type="pos" xml:base="scriptorium.AP.007.n139.laughing.mark.xml">
		<feat xlink:href="#sSpan2" value="APST"/>
		<feat xlink:href="#sSpan13" value="ART"/>
		<feat xlink:href="#sSpan16" value="N"/>
		<feat xlink:href="#sSpan18" value="V"/>
		<feat xlink:href="#sSpan22" value="CCIRC"/>
		<feat xlink:href="#sSpan26" value="NUM"/>
		<feat xlink:href="#sSpan31" value="CCIRC"/>
		<feat xlink:href="#sSpan35" value="PPERS"/>
		<feat xlink:href="#sSpan37" value="V"/>
		<feat xlink:href="#sSpan39" value="VBD"/>
		<feat xlink:href="#sSpan46" value="PPERS"/>
		<feat xlink:href="#sSpan48" value="PUNCT"/></featList></paula>