<?xml version='1.0' encoding='UTF-8'?><!DOCTYPE paula SYSTEM "paula_feat.dtd">
<paula version="1.1">
	<header paula_id="scriptorium.helias_encomium.mark_cb_n"/>
	<featList xmlns:xlink="http://www.w3.org/1999/xlink" type="cb_n" xml:base="scriptorium.helias_encomium.mark.xml">
		<feat xlink:href="#sSpan13" value="1"/>
		<feat xlink:href="#sSpan367" value="1"/>
		<feat xlink:href="#sSpan652" value="2"/>
		<feat xlink:href="#sSpan917" value="1"/>
		<feat xlink:href="#sSpan1278" value="2"/>
		<feat xlink:href="#sSpan1658" value="1"/>
		<feat xlink:href="#sSpan1983" value="2"/>
		<feat xlink:href="#sSpan2282" value="1"/>
		<feat xlink:href="#sSpan2625" value="2"/>
		<feat xlink:href="#sSpan2908" value="1"/>
		<feat xlink:href="#sSpan3212" value="2"/>
		<feat xlink:href="#sSpan3531" value="1"/>
		<feat xlink:href="#sSpan3844" value="2"/>
		<feat xlink:href="#sSpan4165" value="1"/>
		<feat xlink:href="#sSpan4436" value="2"/>
		<feat xlink:href="#sSpan4708" value="1"/>
		<feat xlink:href="#sSpan5053" value="2"/>
		<feat xlink:href="#sSpan5376" value="1"/>
		<feat xlink:href="#sSpan5658" value="2"/>
		<feat xlink:href="#sSpan5982" value="1"/>
		<feat xlink:href="#sSpan6296" value="2"/>
		<feat xlink:href="#sSpan6646" value="1"/>
		<feat xlink:href="#sSpan6973" value="2"/>
		<feat xlink:href="#sSpan7295" value="1"/>
		<feat xlink:href="#sSpan7616" value="2"/>
		<feat xlink:href="#sSpan7929" value="1"/>
		<feat xlink:href="#sSpan8265" value="2"/>
		<feat xlink:href="#sSpan8596" value="1"/>
		<feat xlink:href="#sSpan8906" value="2"/>
		<feat xlink:href="#sSpan9272" value="1"/>
		<feat xlink:href="#sSpan9599" value="2"/>
		<feat xlink:href="#sSpan9905" value="1"/>
		<feat xlink:href="#sSpan10216" value="2"/>
		<feat xlink:href="#sSpan10505" value="1"/>
		<feat xlink:href="#sSpan10830" value="2"/>
		<feat xlink:href="#sSpan11164" value="1"/>
		<feat xlink:href="#sSpan11518" value="2"/>
		<feat xlink:href="#sSpan11832" value="1"/>
		<feat xlink:href="#sSpan12182" value="2"/>
		<feat xlink:href="#sSpan12490" value="1"/>
		<feat xlink:href="#sSpan12803" value="2"/>
		<feat xlink:href="#sSpan13111" value="1"/>
		<feat xlink:href="#sSpan13401" value="2"/>
		<feat xlink:href="#sSpan13748" value="1"/>
		<feat xlink:href="#sSpan14105" value="2"/>
		<feat xlink:href="#sSpan14464" value="1"/>
		<feat xlink:href="#sSpan14813" value="2"/>
		<feat xlink:href="#sSpan15148" value="1"/>
		<feat xlink:href="#sSpan15481" value="2"/>
		<feat xlink:href="#sSpan15808" value="1"/>
		<feat xlink:href="#sSpan16162" value="2"/>
		<feat xlink:href="#sSpan16528" value="1"/>
		<feat xlink:href="#sSpan16861" value="2"/>
		<feat xlink:href="#sSpan17192" value="1"/>
		<feat xlink:href="#sSpan17503" value="2"/></featList></paula>