<?xml version='1.0' encoding='UTF-8'?><!DOCTYPE paula SYSTEM "paula_feat.dtd">
<paula version="1.1">
	<header paula_id="scriptorium.helias_encomium.mark_verse_n"/>
	<featList xmlns:xlink="http://www.w3.org/1999/xlink" type="verse_n" xml:base="scriptorium.helias_encomium.mark.xml">
		<feat xlink:href="#sSpan11" value="1"/>
		<feat xlink:href="#sSpan280" value="1"/>
		<feat xlink:href="#sSpan433" value="2"/>
		<feat xlink:href="#sSpan525" value="3"/>
		<feat xlink:href="#sSpan601" value="4"/>
		<feat xlink:href="#sSpan680" value="5"/>
		<feat xlink:href="#sSpan807" value="6"/>
		<feat xlink:href="#sSpan875" value="7"/>
		<feat xlink:href="#sSpan1004" value="8"/>
		<feat xlink:href="#sSpan1067" value="9"/>
		<feat xlink:href="#sSpan1179" value="1"/>
		<feat xlink:href="#sSpan1237" value="2"/>
		<feat xlink:href="#sSpan1321" value="3"/>
		<feat xlink:href="#sSpan1379" value="4"/>
		<feat xlink:href="#sSpan1466" value="5"/>
		<feat xlink:href="#sSpan1525" value="6"/>
		<feat xlink:href="#sSpan1581" value="7"/>
		<feat xlink:href="#sSpan1633" value="8"/>
		<feat xlink:href="#sSpan1704" value="9"/>
		<feat xlink:href="#sSpan1778" value="1"/>
		<feat xlink:href="#sSpan1897" value="2"/>
		<feat xlink:href="#sSpan1981" value="3"/>
		<feat xlink:href="#sSpan2042" value="4"/>
		<feat xlink:href="#sSpan2100" value="5"/>
		<feat xlink:href="#sSpan2257" value="6"/>
		<feat xlink:href="#sSpan2311" value="7"/>
		<feat xlink:href="#sSpan2351" value="8"/>
		<feat xlink:href="#sSpan2390" value="9"/>
		<feat xlink:href="#sSpan2441" value="10"/>
		<feat xlink:href="#sSpan2501" value="11"/>
		<feat xlink:href="#sSpan2541" value="12"/>
		<feat xlink:href="#sSpan2605" value="13"/>
		<feat xlink:href="#sSpan2664" value="14"/>
		<feat xlink:href="#sSpan2739" value="15"/>
		<feat xlink:href="#sSpan2783" value="16"/>
		<feat xlink:href="#sSpan2863" value="17"/>
		<feat xlink:href="#sSpan2925" value="18"/>
		<feat xlink:href="#sSpan2950" value="19"/>
		<feat xlink:href="#sSpan2994" value="20"/>
		<feat xlink:href="#sSpan3052" value="21"/>
		<feat xlink:href="#sSpan3124" value="22"/>
		<feat xlink:href="#sSpan3186" value="23"/>
		<feat xlink:href="#sSpan3263" value="24"/>
		<feat xlink:href="#sSpan3336" value="25"/>
		<feat xlink:href="#sSpan3430" value="26"/>
		<feat xlink:href="#sSpan3515" value="27"/>
		<feat xlink:href="#sSpan3578" value="1"/>
		<feat xlink:href="#sSpan3691" value="2"/>
		<feat xlink:href="#sSpan3714" value="3"/>
		<feat xlink:href="#sSpan3733" value="4"/>
		<feat xlink:href="#sSpan3753" value="5"/>
		<feat xlink:href="#sSpan3776" value="6"/>
		<feat xlink:href="#sSpan3888" value="7"/>
		<feat xlink:href="#sSpan3922" value="8"/>
		<feat xlink:href="#sSpan3964" value="9"/>
		<feat xlink:href="#sSpan4062" value="10"/>
		<feat xlink:href="#sSpan4114" value="11"/>
		<feat xlink:href="#sSpan4213" value="12"/>
		<feat xlink:href="#sSpan4273" value="13"/>
		<feat xlink:href="#sSpan4348" value="14"/>
		<feat xlink:href="#sSpan4443" value="15"/>
		<feat xlink:href="#sSpan4559" value="16"/>
		<feat xlink:href="#sSpan4593" value="17"/>
		<feat xlink:href="#sSpan4647" value="18"/>
		<feat xlink:href="#sSpan4724" value="1"/>
		<feat xlink:href="#sSpan4838" value="2"/>
		<feat xlink:href="#sSpan4881" value="3"/>
		<feat xlink:href="#sSpan4939" value="4"/>
		<feat xlink:href="#sSpan5016" value="5"/>
		<feat xlink:href="#sSpan5080" value="6"/>
		<feat xlink:href="#sSpan5138" value="7"/>
		<feat xlink:href="#sSpan5241" value="8"/>
		<feat xlink:href="#sSpan5303" value="9"/>
		<feat xlink:href="#sSpan5426" value="10"/>
		<feat xlink:href="#sSpan5503" value="11"/>
		<feat xlink:href="#sSpan5564" value="12"/>
		<feat xlink:href="#sSpan5620" value="13"/>
		<feat xlink:href="#sSpan5688" value="14"/>
		<feat xlink:href="#sSpan5744" value="15"/>
		<feat xlink:href="#sSpan5808" value="16"/>
		<feat xlink:href="#sSpan5875" value="1"/>
		<feat xlink:href="#sSpan5932" value="2"/>
		<feat xlink:href="#sSpan6000" value="3"/>
		<feat xlink:href="#sSpan6069" value="4"/>
		<feat xlink:href="#sSpan6171" value="5"/>
		<feat xlink:href="#sSpan6309" value="6"/>
		<feat xlink:href="#sSpan6369" value="7"/>
		<feat xlink:href="#sSpan6426" value="8"/>
		<feat xlink:href="#sSpan6443" value="9"/>
		<feat xlink:href="#sSpan6459" value="10"/>
		<feat xlink:href="#sSpan6471" value="11"/>
		<feat xlink:href="#sSpan6484" value="12"/>
		<feat xlink:href="#sSpan6520" value="13"/>
		<feat xlink:href="#sSpan6552" value="14"/>
		<feat xlink:href="#sSpan6577" value="15"/>
		<feat xlink:href="#sSpan6600" value="16"/>
		<feat xlink:href="#sSpan6720" value="17"/>
		<feat xlink:href="#sSpan6774" value="18"/>
		<feat xlink:href="#sSpan6844" value="19"/>
		<feat xlink:href="#sSpan6887" value="20"/>
		<feat xlink:href="#sSpan6931" value="21"/>
		<feat xlink:href="#sSpan6960" value="22"/>
		<feat xlink:href="#sSpan6993" value="23"/>
		<feat xlink:href="#sSpan7028" value="24"/>
		<feat xlink:href="#sSpan7058" value="25"/>
		<feat xlink:href="#sSpan7114" value="26"/>
		<feat xlink:href="#sSpan7192" value="27"/>
		<feat xlink:href="#sSpan7308" value="28"/>
		<feat xlink:href="#sSpan7473" value="29"/>
		<feat xlink:href="#sSpan7599" value="30"/>
		<feat xlink:href="#sSpan7662" value="31"/>
		<feat xlink:href="#sSpan7753" value="32"/>
		<feat xlink:href="#sSpan7856" value="33"/>
		<feat xlink:href="#sSpan7915" value="34"/>
		<feat xlink:href="#sSpan7975" value="1"/>
		<feat xlink:href="#sSpan8062" value="2"/>
		<feat xlink:href="#sSpan8108" value="3"/>
		<feat xlink:href="#sSpan8173" value="4"/>
		<feat xlink:href="#sSpan8349" value="5"/>
		<feat xlink:href="#sSpan8436" value="6"/>
		<feat xlink:href="#sSpan8563" value="7"/>
		<feat xlink:href="#sSpan8624" value="8"/>
		<feat xlink:href="#sSpan8694" value="9"/>
		<feat xlink:href="#sSpan8749" value="10"/>
		<feat xlink:href="#sSpan8863" value="11"/>
		<feat xlink:href="#sSpan8924" value="12"/>
		<feat xlink:href="#sSpan9009" value="13"/>
		<feat xlink:href="#sSpan9049" value="14"/>
		<feat xlink:href="#sSpan9078" value="15"/>
		<feat xlink:href="#sSpan9233" value="16"/>
		<feat xlink:href="#sSpan9315" value="17"/>
		<feat xlink:href="#sSpan9393" value="18"/>
		<feat xlink:href="#sSpan9502" value="19"/>
		<feat xlink:href="#sSpan9575" value="20"/>
		<feat xlink:href="#sSpan9665" value="21"/>
		<feat xlink:href="#sSpan9716" value="22"/>
		<feat xlink:href="#sSpan9783" value="1"/>
		<feat xlink:href="#sSpan9890" value="2"/>
		<feat xlink:href="#sSpan9944" value="3"/>
		<feat xlink:href="#sSpan10068" value="4"/>
		<feat xlink:href="#sSpan10154" value="5"/>
		<feat xlink:href="#sSpan10262" value="6"/>
		<feat xlink:href="#sSpan10339" value="7"/>
		<feat xlink:href="#sSpan10435" value="1"/>
		<feat xlink:href="#sSpan10547" value="2"/>
		<feat xlink:href="#sSpan10649" value="3"/>
		<feat xlink:href="#sSpan10705" value="4"/>
		<feat xlink:href="#sSpan10805" value="5"/>
		<feat xlink:href="#sSpan10905" value="1"/>
		<feat xlink:href="#sSpan11103" value="2"/>
		<feat xlink:href="#sSpan11195" value="3"/>
		<feat xlink:href="#sSpan11425" value="4"/>
		<feat xlink:href="#sSpan11553" value="5"/>
		<feat xlink:href="#sSpan11722" value="6"/>
		<feat xlink:href="#sSpan11772" value="7"/>
		<feat xlink:href="#sSpan11891" value="1"/>
		<feat xlink:href="#sSpan12003" value="2"/>
		<feat xlink:href="#sSpan12093" value="3"/>
		<feat xlink:href="#sSpan12234" value="4"/>
		<feat xlink:href="#sSpan12313" value="5"/>
		<feat xlink:href="#sSpan12379" value="6"/>
		<feat xlink:href="#sSpan12497" value="7"/>
		<feat xlink:href="#sSpan12571" value="8"/>
		<feat xlink:href="#sSpan12642" value="9"/>
		<feat xlink:href="#sSpan12754" value="10"/>
		<feat xlink:href="#sSpan12863" value="11"/>
		<feat xlink:href="#sSpan12971" value="12"/>
		<feat xlink:href="#sSpan13078" value="13"/>
		<feat xlink:href="#sSpan13153" value="14"/>
		<feat xlink:href="#sSpan13184" value="15"/>
		<feat xlink:href="#sSpan13212" value="16"/>
		<feat xlink:href="#sSpan13254" value="17"/>
		<feat xlink:href="#sSpan13312" value="18"/>
		<feat xlink:href="#sSpan13363" value="19"/>
		<feat xlink:href="#sSpan13474" value="20"/>
		<feat xlink:href="#sSpan13524" value="21"/>
		<feat xlink:href="#sSpan13591" value="22"/>
		<feat xlink:href="#sSpan13659" value="23"/>
		<feat xlink:href="#sSpan13723" value="24"/>
		<feat xlink:href="#sSpan13790" value="25"/>
		<feat xlink:href="#sSpan13970" value="26"/>
		<feat xlink:href="#sSpan14052" value="27"/>
		<feat xlink:href="#sSpan14133" value="28"/>
		<feat xlink:href="#sSpan14213" value="29"/>
		<feat xlink:href="#sSpan14319" value="30"/>
		<feat xlink:href="#sSpan14383" value="31"/>
		<feat xlink:href="#sSpan14589" value="32"/>
		<feat xlink:href="#sSpan14728" value="33"/>
		<feat xlink:href="#sSpan14937" value="34"/>
		<feat xlink:href="#sSpan15040" value="35"/>
		<feat xlink:href="#sSpan15126" value="36"/>
		<feat xlink:href="#sSpan15195" value="37"/>
		<feat xlink:href="#sSpan15283" value="38"/>
		<feat xlink:href="#sSpan15364" value="39"/>
		<feat xlink:href="#sSpan15455" value="40"/>
		<feat xlink:href="#sSpan15519" value="41"/>
		<feat xlink:href="#sSpan15565" value="42"/>
		<feat xlink:href="#sSpan15631" value="43"/>
		<feat xlink:href="#sSpan15683" value="44"/>
		<feat xlink:href="#sSpan15731" value="45"/>
		<feat xlink:href="#sSpan15827" value="46"/>
		<feat xlink:href="#sSpan15923" value="47"/>
		<feat xlink:href="#sSpan15968" value="48"/>
		<feat xlink:href="#sSpan16055" value="49"/>
		<feat xlink:href="#sSpan16175" value="50"/>
		<feat xlink:href="#sSpan16285" value="51"/>
		<feat xlink:href="#sSpan16354" value="52"/>
		<feat xlink:href="#sSpan16478" value="53"/>
		<feat xlink:href="#sSpan16593" value="54"/>
		<feat xlink:href="#sSpan16753" value="55"/>
		<feat xlink:href="#sSpan16839" value="56"/>
		<feat xlink:href="#sSpan16981" value="57"/>
		<feat xlink:href="#sSpan17073" value="58"/>
		<feat xlink:href="#sSpan17218" value="59"/>
		<feat xlink:href="#sSpan17367" value="60"/>
		<feat xlink:href="#sSpan17467" value="61"/>
		<feat xlink:href="#sSpan17551" value="62"/>
		<feat xlink:href="#sSpan17679" value="63"/></featList></paula>