<?xml version='1.0' encoding='UTF-8'?><!DOCTYPE paula SYSTEM "paula_feat.dtd">
<paula version="1.1">
	<header paula_id="scriptorium.helias_encomium.mark_chapter_n"/>
	<featList xmlns:xlink="http://www.w3.org/1999/xlink" type="chapter_n" xml:base="scriptorium.helias_encomium.mark.xml">
		<feat xlink:href="#sSpan9" value="0"/>
		<feat xlink:href="#sSpan281" value="1"/>
		<feat xlink:href="#sSpan1181" value="2"/>
		<feat xlink:href="#sSpan1779" value="3"/>
		<feat xlink:href="#sSpan3579" value="4"/>
		<feat xlink:href="#sSpan4725" value="5"/>
		<feat xlink:href="#sSpan5876" value="6"/>
		<feat xlink:href="#sSpan7976" value="7"/>
		<feat xlink:href="#sSpan9785" value="8"/>
		<feat xlink:href="#sSpan10437" value="9"/>
		<feat xlink:href="#sSpan10906" value="10"/>
		<feat xlink:href="#sSpan11892" value="11"/></featList></paula>