<?xml version='1.0' encoding='UTF-8'?><!DOCTYPE paula SYSTEM "paula_feat.dtd">
<paula version="1.1">
	<header paula_id="scriptorium.helias_encomium.mark_lang"/>
	<featList xmlns:xlink="http://www.w3.org/1999/xlink" type="lang" xml:base="scriptorium.helias_encomium.mark.xml">
		<feat xlink:href="#sSpan1" value="Hebrew"/>
		<feat xlink:href="#sSpan19" value="Greek"/>
		<feat xlink:href="#sSpan31" value="Greek"/>
		<feat xlink:href="#sSpan64" value="Greek"/>
		<feat xlink:href="#sSpan78" value="Hebrew"/>
		<feat xlink:href="#sSpan85" value="Greek"/>
		<feat xlink:href="#sSpan96" value="Greek"/>
		<feat xlink:href="#sSpan108" value="Greek"/>
		<feat xlink:href="#sSpan152" value="Greek"/>
		<feat xlink:href="#sSpan159" value="Greek"/>
		<feat xlink:href="#sSpan172" value="Greek"/>
		<feat xlink:href="#sSpan177" value="Hebrew"/>
		<feat xlink:href="#sSpan182" value="Hebrew"/>
		<feat xlink:href="#sSpan187" value="Hebrew"/>
		<feat xlink:href="#sSpan259" value="Greek"/>
		<feat xlink:href="#sSpan262" value="Hebrew"/>
		<feat xlink:href="#sSpan287" value="Greek"/>
		<feat xlink:href="#sSpan311" value="Greek"/>
		<feat xlink:href="#sSpan322" value="Greek"/>
		<feat xlink:href="#sSpan356" value="Greek"/>
		<feat xlink:href="#sSpan384" value="Greek"/>
		<feat xlink:href="#sSpan441" value="Greek"/>
		<feat xlink:href="#sSpan453" value="Greek"/>
		<feat xlink:href="#sSpan462" value="Greek"/>
		<feat xlink:href="#sSpan480" value="Greek"/>
		<feat xlink:href="#sSpan487" value="Greek"/>
		<feat xlink:href="#sSpan504" value="Greek"/>
		<feat xlink:href="#sSpan513" value="Greek"/>
		<feat xlink:href="#sSpan554" value="Greek"/>
		<feat xlink:href="#sSpan566" value="Greek"/>
		<feat xlink:href="#sSpan579" value="Greek"/>
		<feat xlink:href="#sSpan618" value="Greek"/>
		<feat xlink:href="#sSpan722" value="Greek"/>
		<feat xlink:href="#sSpan739" value="Greek"/>
		<feat xlink:href="#sSpan744" value="Hebrew"/>
		<feat xlink:href="#sSpan796" value="Greek"/>
		<feat xlink:href="#sSpan802" value="Greek"/>
		<feat xlink:href="#sSpan814" value="Hebrew"/>
		<feat xlink:href="#sSpan856" value="Greek"/>
		<feat xlink:href="#sSpan885" value="Greek"/>
		<feat xlink:href="#sSpan926" value="Greek"/>
		<feat xlink:href="#sSpan936" value="Greek"/>
		<feat xlink:href="#sSpan996" value="Greek"/>
		<feat xlink:href="#sSpan1010" value="Greek"/>
		<feat xlink:href="#sSpan1024" value="Greek"/>
		<feat xlink:href="#sSpan1044" value="Greek"/>
		<feat xlink:href="#sSpan1068" value="Greek"/>
		<feat xlink:href="#sSpan1071" value="Greek"/>
		<feat xlink:href="#sSpan1082" value="Hebrew"/>
		<feat xlink:href="#sSpan1138" value="Greek"/>
		<feat xlink:href="#sSpan1182" value="Greek"/>
		<feat xlink:href="#sSpan1194" value="Hebrew"/>
		<feat xlink:href="#sSpan1201" value="Greek"/>
		<feat xlink:href="#sSpan1206" value="Greek"/>
		<feat xlink:href="#sSpan1242" value="Greek"/>
		<feat xlink:href="#sSpan1307" value="Greek"/>
		<feat xlink:href="#sSpan1354" value="Greek"/>
		<feat xlink:href="#sSpan1400" value="Greek"/>
		<feat xlink:href="#sSpan1433" value="Greek"/>
		<feat xlink:href="#sSpan1459" value="Greek"/>
		<feat xlink:href="#sSpan1474" value="Greek"/>
		<feat xlink:href="#sSpan1530" value="Greek"/>
		<feat xlink:href="#sSpan1542" value="Greek"/>
		<feat xlink:href="#sSpan1634" value="Greek"/>
		<feat xlink:href="#sSpan1637" value="Greek"/>
		<feat xlink:href="#sSpan1648" value="Greek"/>
		<feat xlink:href="#sSpan1665" value="Greek"/>
		<feat xlink:href="#sSpan1679" value="Greek"/>
		<feat xlink:href="#sSpan1709" value="Greek"/>
		<feat xlink:href="#sSpan1848" value="Greek"/>
		<feat xlink:href="#sSpan1853" value="Hebrew"/>
		<feat xlink:href="#sSpan1864" value="Greek"/>
		<feat xlink:href="#sSpan1888" value="Hebrew"/>
		<feat xlink:href="#sSpan1902" value="Greek"/>
		<feat xlink:href="#sSpan1932" value="Greek"/>
		<feat xlink:href="#sSpan1984" value="Greek"/>
		<feat xlink:href="#sSpan1996" value="Greek"/>
		<feat xlink:href="#sSpan2035" value="Greek"/>
		<feat xlink:href="#sSpan2092" value="Greek"/>
		<feat xlink:href="#sSpan2192" value="Greek"/>
		<feat xlink:href="#sSpan2225" value="Greek"/>
		<feat xlink:href="#sSpan2243" value="Greek"/>
		<feat xlink:href="#sSpan2250" value="Greek"/>
		<feat xlink:href="#sSpan2264" value="Greek"/>
		<feat xlink:href="#sSpan2298" value="Greek"/>
		<feat xlink:href="#sSpan2361" value="Greek"/>
		<feat xlink:href="#sSpan2377" value="Greek"/>
		<feat xlink:href="#sSpan2396" value="Greek"/>
		<feat xlink:href="#sSpan2526" value="Greek"/>
		<feat xlink:href="#sSpan2591" value="Greek"/>
		<feat xlink:href="#sSpan2596" value="Hebrew"/>
		<feat xlink:href="#sSpan2608" value="Greek"/>
		<feat xlink:href="#sSpan2642" value="Greek"/>
		<feat xlink:href="#sSpan2667" value="Greek"/>
		<feat xlink:href="#sSpan2714" value="Greek"/>
		<feat xlink:href="#sSpan2724" value="Greek"/>
		<feat xlink:href="#sSpan2759" value="Greek"/>
		<feat xlink:href="#sSpan2784" value="Greek"/>
		<feat xlink:href="#sSpan2810" value="Greek"/>
		<feat xlink:href="#sSpan2870" value="Greek"/>
		<feat xlink:href="#sSpan2883" value="Greek"/>
		<feat xlink:href="#sSpan2887" value="Greek"/>
		<feat xlink:href="#sSpan2899" value="Greek"/>
		<feat xlink:href="#sSpan2973" value="Greek"/>
		<feat xlink:href="#sSpan3026" value="Greek"/>
		<feat xlink:href="#sSpan3038" value="Greek"/>
		<feat xlink:href="#sSpan3041" value="Hebrew"/>
		<feat xlink:href="#sSpan3112" value="Hebrew"/>
		<feat xlink:href="#sSpan3133" value="Greek"/>
		<feat xlink:href="#sSpan3167" value="Greek"/>
		<feat xlink:href="#sSpan3255" value="Hebrew"/>
		<feat xlink:href="#sSpan3265" value="Greek"/>
		<feat xlink:href="#sSpan3294" value="Greek"/>
		<feat xlink:href="#sSpan3331" value="Greek"/>
		<feat xlink:href="#sSpan3538" value="Greek"/>
		<feat xlink:href="#sSpan3549" value="Greek"/>
		<feat xlink:href="#sSpan3567" value="Greek"/>
		<feat xlink:href="#sSpan3586" value="Greek"/>
		<feat xlink:href="#sSpan3598" value="Greek"/>
		<feat xlink:href="#sSpan3612" value="Greek"/>
		<feat xlink:href="#sSpan3628" value="Greek"/>
		<feat xlink:href="#sSpan3674" value="Greek"/>
		<feat xlink:href="#sSpan3692" value="Greek"/>
		<feat xlink:href="#sSpan3734" value="Greek"/>
		<feat xlink:href="#sSpan3756" value="Greek"/>
		<feat xlink:href="#sSpan3777" value="Greek"/>
		<feat xlink:href="#sSpan3780" value="Hebrew"/>
		<feat xlink:href="#sSpan3819" value="Greek"/>
		<feat xlink:href="#sSpan3875" value="Greek"/>
		<feat xlink:href="#sSpan3943" value="Greek"/>
		<feat xlink:href="#sSpan3982" value="Greek"/>
		<feat xlink:href="#sSpan3985" value="Hebrew"/>
		<feat xlink:href="#sSpan4012" value="Greek"/>
		<feat xlink:href="#sSpan4028" value="Greek"/>
		<feat xlink:href="#sSpan4068" value="Greek"/>
		<feat xlink:href="#sSpan4104" value="Hebrew"/>
		<feat xlink:href="#sSpan4115" value="Greek"/>
		<feat xlink:href="#sSpan4128" value="Greek"/>
		<feat xlink:href="#sSpan4138" value="Greek"/>
		<feat xlink:href="#sSpan4184" value="Greek"/>
		<feat xlink:href="#sSpan4224" value="Greek"/>
		<feat xlink:href="#sSpan4238" value="Greek"/>
		<feat xlink:href="#sSpan4257" value="Greek"/>
		<feat xlink:href="#sSpan4280" value="Greek"/>
		<feat xlink:href="#sSpan4305" value="Greek"/>
		<feat xlink:href="#sSpan4316" value="Greek"/>
		<feat xlink:href="#sSpan4335" value="Greek"/>
		<feat xlink:href="#sSpan4359" value="Hebrew"/>
		<feat xlink:href="#sSpan4410" value="Greek"/>
		<feat xlink:href="#sSpan4421" value="Greek"/>
		<feat xlink:href="#sSpan4444" value="Greek"/>
		<feat xlink:href="#sSpan4457" value="Greek"/>
		<feat xlink:href="#sSpan4467" value="Greek"/>
		<feat xlink:href="#sSpan4492" value="Greek"/>
		<feat xlink:href="#sSpan4513" value="Greek"/>
		<feat xlink:href="#sSpan4533" value="Greek"/>
		<feat xlink:href="#sSpan4545" value="Greek"/>
		<feat xlink:href="#sSpan4552" value="Greek"/>
		<feat xlink:href="#sSpan4631" value="Greek"/>
		<feat xlink:href="#sSpan4692" value="Greek"/>
		<feat xlink:href="#sSpan4730" value="Greek"/>
		<feat xlink:href="#sSpan4765" value="Greek"/>
		<feat xlink:href="#sSpan4768" value="Hebrew"/>
		<feat xlink:href="#sSpan4787" value="Greek"/>
		<feat xlink:href="#sSpan4857" value="Greek"/>
		<feat xlink:href="#sSpan4873" value="Greek"/>
		<feat xlink:href="#sSpan4891" value="Greek"/>
		<feat xlink:href="#sSpan4961" value="Greek"/>
		<feat xlink:href="#sSpan4998" value="Greek"/>
		<feat xlink:href="#sSpan5017" value="Greek"/>
		<feat xlink:href="#sSpan5101" value="Greek"/>
		<feat xlink:href="#sSpan5182" value="Greek"/>
		<feat xlink:href="#sSpan5194" value="Greek"/>
		<feat xlink:href="#sSpan5206" value="Greek"/>
		<feat xlink:href="#sSpan5229" value="Greek"/>
		<feat xlink:href="#sSpan5242" value="Greek"/>
		<feat xlink:href="#sSpan5247" value="Greek"/>
		<feat xlink:href="#sSpan5266" value="Greek"/>
		<feat xlink:href="#sSpan5304" value="Greek"/>
		<feat xlink:href="#sSpan5355" value="Greek"/>
		<feat xlink:href="#sSpan5358" value="Greek"/>
		<feat xlink:href="#sSpan5363" value="Hebrew"/>
		<feat xlink:href="#sSpan5434" value="Greek"/>
		<feat xlink:href="#sSpan5448" value="Greek"/>
		<feat xlink:href="#sSpan5459" value="Greek"/>
		<feat xlink:href="#sSpan5489" value="Greek"/>
		<feat xlink:href="#sSpan5504" value="Greek"/>
		<feat xlink:href="#sSpan5521" value="Greek"/>
		<feat xlink:href="#sSpan5541" value="Greek"/>
		<feat xlink:href="#sSpan5566" value="Greek"/>
		<feat xlink:href="#sSpan5575" value="Greek"/>
		<feat xlink:href="#sSpan5610" value="Greek"/>
		<feat xlink:href="#sSpan5641" value="Greek"/>
		<feat xlink:href="#sSpan5681" value="Greek"/>
		<feat xlink:href="#sSpan5716" value="Greek"/>
		<feat xlink:href="#sSpan5728" value="Greek"/>
		<feat xlink:href="#sSpan5761" value="Greek"/>
		<feat xlink:href="#sSpan5780" value="Greek"/>
		<feat xlink:href="#sSpan5823" value="Greek"/>
		<feat xlink:href="#sSpan5861" value="Greek"/>
		<feat xlink:href="#sSpan5881" value="Greek"/>
		<feat xlink:href="#sSpan5890" value="Greek"/>
		<feat xlink:href="#sSpan5895" value="Hebrew"/>
		<feat xlink:href="#sSpan5933" value="Greek"/>
		<feat xlink:href="#sSpan5936" value="Greek"/>
		<feat xlink:href="#sSpan6022" value="Greek"/>
		<feat xlink:href="#sSpan6036" value="Greek"/>
		<feat xlink:href="#sSpan6062" value="Greek"/>
		<feat xlink:href="#sSpan6086" value="Greek"/>
		<feat xlink:href="#sSpan6108" value="Greek"/>
		<feat xlink:href="#sSpan6144" value="Greek"/>
		<feat xlink:href="#sSpan6156" value="Greek"/>
		<feat xlink:href="#sSpan6178" value="Greek"/>
		<feat xlink:href="#sSpan6190" value="Greek"/>
		<feat xlink:href="#sSpan6208" value="Greek"/>
		<feat xlink:href="#sSpan6255" value="Hebrew"/>
		<feat xlink:href="#sSpan6273" value="Greek"/>
		<feat xlink:href="#sSpan6344" value="Greek"/>
		<feat xlink:href="#sSpan6356" value="Greek"/>
		<feat xlink:href="#sSpan6430" value="Greek"/>
		<feat xlink:href="#sSpan6447" value="Greek"/>
		<feat xlink:href="#sSpan6475" value="Greek"/>
		<feat xlink:href="#sSpan6618" value="Greek"/>
		<feat xlink:href="#sSpan6630" value="Greek"/>
		<feat xlink:href="#sSpan6692" value="Greek"/>
		<feat xlink:href="#sSpan6710" value="Greek"/>
		<feat xlink:href="#sSpan6715" value="Greek"/>
		<feat xlink:href="#sSpan6721" value="Greek"/>
		<feat xlink:href="#sSpan6743" value="Greek"/>
		<feat xlink:href="#sSpan6778" value="Greek"/>
		<feat xlink:href="#sSpan6790" value="Greek"/>
		<feat xlink:href="#sSpan6830" value="Greek"/>
		<feat xlink:href="#sSpan6837" value="Greek"/>
		<feat xlink:href="#sSpan6880" value="Greek"/>
		<feat xlink:href="#sSpan6911" value="Greek"/>
		<feat xlink:href="#sSpan6924" value="Greek"/>
		<feat xlink:href="#sSpan7014" value="Greek"/>
		<feat xlink:href="#sSpan7037" value="Greek"/>
		<feat xlink:href="#sSpan7048" value="Greek"/>
		<feat xlink:href="#sSpan7116" value="Greek"/>
		<feat xlink:href="#sSpan7119" value="Greek"/>
		<feat xlink:href="#sSpan7157" value="Greek"/>
		<feat xlink:href="#sSpan7219" value="Greek"/>
		<feat xlink:href="#sSpan7268" value="Greek"/>
		<feat xlink:href="#sSpan7277" value="Greek"/>
		<feat xlink:href="#sSpan7289" value="Greek"/>
		<feat xlink:href="#sSpan7315" value="Greek"/>
		<feat xlink:href="#sSpan7329" value="Greek"/>
		<feat xlink:href="#sSpan7346" value="Greek"/>
		<feat xlink:href="#sSpan7479" value="Greek"/>
		<feat xlink:href="#sSpan7497" value="Greek"/>
		<feat xlink:href="#sSpan7509" value="Greek"/>
		<feat xlink:href="#sSpan7512" value="Hebrew"/>
		<feat xlink:href="#sSpan7519" value="Greek"/>
		<feat xlink:href="#sSpan7577" value="Greek"/>
		<feat xlink:href="#sSpan7696" value="Greek"/>
		<feat xlink:href="#sSpan7740" value="Greek"/>
		<feat xlink:href="#sSpan7772" value="Greek"/>
		<feat xlink:href="#sSpan7833" value="Greek"/>
		<feat xlink:href="#sSpan7892" value="Greek"/>
		<feat xlink:href="#sSpan7941" value="Greek"/>
		<feat xlink:href="#sSpan7996" value="Greek"/>
		<feat xlink:href="#sSpan8005" value="Greek"/>
		<feat xlink:href="#sSpan8009" value="Greek"/>
		<feat xlink:href="#sSpan8037" value="Greek"/>
		<feat xlink:href="#sSpan8046" value="Greek"/>
		<feat xlink:href="#sSpan8101" value="Greek"/>
		<feat xlink:href="#sSpan8119" value="Greek"/>
		<feat xlink:href="#sSpan8142" value="Greek"/>
		<feat xlink:href="#sSpan8157" value="Greek"/>
		<feat xlink:href="#sSpan8186" value="Egyptian"/>
		<feat xlink:href="#sSpan8200" value="Greek"/>
		<feat xlink:href="#sSpan8225" value="Egyptian"/>
		<feat xlink:href="#sSpan8232" value="Greek"/>
		<feat xlink:href="#sSpan8242" value="Greek"/>
		<feat xlink:href="#sSpan8294" value="Hebrew"/>
		<feat xlink:href="#sSpan8327" value="Hebrew"/>
		<feat xlink:href="#sSpan8397" value="Greek"/>
		<feat xlink:href="#sSpan8420" value="Greek"/>
		<feat xlink:href="#sSpan8438" value="Greek"/>
		<feat xlink:href="#sSpan8441" value="Greek"/>
		<feat xlink:href="#sSpan8456" value="Greek"/>
		<feat xlink:href="#sSpan8519" value="Greek"/>
		<feat xlink:href="#sSpan8548" value="Greek"/>
		<feat xlink:href="#sSpan8569" value="Greek"/>
		<feat xlink:href="#sSpan8578" value="Greek"/>
		<feat xlink:href="#sSpan8659" value="Greek"/>
		<feat xlink:href="#sSpan8708" value="Greek"/>
		<feat xlink:href="#sSpan8738" value="Greek"/>
		<feat xlink:href="#sSpan8767" value="Greek"/>
		<feat xlink:href="#sSpan8805" value="Greek"/>
		<feat xlink:href="#sSpan8825" value="Greek"/>
		<feat xlink:href="#sSpan8834" value="Greek"/>
		<feat xlink:href="#sSpan8849" value="Greek"/>
		<feat xlink:href="#sSpan8866" value="Greek"/>
		<feat xlink:href="#sSpan8913" value="Greek"/>
		<feat xlink:href="#sSpan8927" value="Greek"/>
		<feat xlink:href="#sSpan8958" value="Greek"/>
		<feat xlink:href="#sSpan8981" value="Greek"/>
		<feat xlink:href="#sSpan9069" value="Greek"/>
		<feat xlink:href="#sSpan9100" value="Greek"/>
		<feat xlink:href="#sSpan9183" value="Greek"/>
		<feat xlink:href="#sSpan9221" value="Hebrew"/>
		<feat xlink:href="#sSpan9236" value="Greek"/>
		<feat xlink:href="#sSpan9247" value="Greek"/>
		<feat xlink:href="#sSpan9284" value="Greek"/>
		<feat xlink:href="#sSpan9322" value="Greek"/>
		<feat xlink:href="#sSpan9376" value="Greek"/>
		<feat xlink:href="#sSpan9385" value="Greek"/>
		<feat xlink:href="#sSpan9481" value="Greek"/>
		<feat xlink:href="#sSpan9556" value="Greek"/>
		<feat xlink:href="#sSpan9586" value="Greek"/>
		<feat xlink:href="#sSpan9689" value="Greek"/>
		<feat xlink:href="#sSpan9699" value="Greek"/>
		<feat xlink:href="#sSpan9708" value="Greek"/>
		<feat xlink:href="#sSpan9717" value="Greek"/>
		<feat xlink:href="#sSpan9740" value="Greek"/>
		<feat xlink:href="#sSpan9749" value="Greek"/>
		<feat xlink:href="#sSpan9794" value="Greek"/>
		<feat xlink:href="#sSpan9808" value="Greek"/>
		<feat xlink:href="#sSpan9873" value="Greek"/>
		<feat xlink:href="#sSpan9952" value="Greek"/>
		<feat xlink:href="#sSpan10160" value="Greek"/>
		<feat xlink:href="#sSpan10174" value="Greek"/>
		<feat xlink:href="#sSpan10186" value="Greek"/>
		<feat xlink:href="#sSpan10211" value="Greek"/>
		<feat xlink:href="#sSpan10317" value="Greek"/>
		<feat xlink:href="#sSpan10329" value="Greek"/>
		<feat xlink:href="#sSpan10340" value="Greek"/>
		<feat xlink:href="#sSpan10370" value="Greek"/>
		<feat xlink:href="#sSpan10384" value="Greek"/>
		<feat xlink:href="#sSpan10396" value="Greek"/>
		<feat xlink:href="#sSpan10405" value="Greek"/>
		<feat xlink:href="#sSpan10415" value="Greek"/>
		<feat xlink:href="#sSpan10418" value="Hebrew"/>
		<feat xlink:href="#sSpan10444" value="Greek"/>
		<feat xlink:href="#sSpan10508" value="Greek"/>
		<feat xlink:href="#sSpan10526" value="Greek"/>
		<feat xlink:href="#sSpan10537" value="Greek"/>
		<feat xlink:href="#sSpan10563" value="Greek"/>
		<feat xlink:href="#sSpan10609" value="Greek"/>
		<feat xlink:href="#sSpan10634" value="Hebrew"/>
		<feat xlink:href="#sSpan10666" value="Hebrew"/>
		<feat xlink:href="#sSpan10693" value="Greek"/>
		<feat xlink:href="#sSpan10711" value="Greek"/>
		<feat xlink:href="#sSpan10727" value="Greek"/>
		<feat xlink:href="#sSpan10773" value="Greek"/>
		<feat xlink:href="#sSpan10813" value="Greek"/>
		<feat xlink:href="#sSpan10835" value="Greek"/>
		<feat xlink:href="#sSpan10871" value="Greek"/>
		<feat xlink:href="#sSpan10921" value="Greek"/>
		<feat xlink:href="#sSpan10928" value="Greek"/>
		<feat xlink:href="#sSpan10949" value="Greek"/>
		<feat xlink:href="#sSpan10972" value="Greek"/>
		<feat xlink:href="#sSpan11014" value="Greek"/>
		<feat xlink:href="#sSpan11026" value="Greek"/>
		<feat xlink:href="#sSpan11095" value="Greek"/>
		<feat xlink:href="#sSpan11138" value="Greek"/>
		<feat xlink:href="#sSpan11155" value="Greek"/>
		<feat xlink:href="#sSpan11179" value="Greek"/>
		<feat xlink:href="#sSpan11218" value="Greek"/>
		<feat xlink:href="#sSpan11327" value="Greek"/>
		<feat xlink:href="#sSpan11340" value="Greek"/>
		<feat xlink:href="#sSpan11418" value="Greek"/>
		<feat xlink:href="#sSpan11479" value="Greek"/>
		<feat xlink:href="#sSpan11548" value="Greek"/>
		<feat xlink:href="#sSpan11576" value="Hebrew"/>
		<feat xlink:href="#sSpan11632" value="Greek"/>
		<feat xlink:href="#sSpan11713" value="Greek"/>
		<feat xlink:href="#sSpan11763" value="Greek"/>
		<feat xlink:href="#sSpan11805" value="Greek"/>
		<feat xlink:href="#sSpan11818" value="Greek"/>
		<feat xlink:href="#sSpan11861" value="Greek"/>
		<feat xlink:href="#sSpan11893" value="Greek"/>
		<feat xlink:href="#sSpan11962" value="Greek"/>
		<feat xlink:href="#sSpan12140" value="Greek"/>
		<feat xlink:href="#sSpan12161" value="Greek"/>
		<feat xlink:href="#sSpan12171" value="Greek"/>
		<feat xlink:href="#sSpan12219" value="Greek"/>
		<feat xlink:href="#sSpan12252" value="Greek"/>
		<feat xlink:href="#sSpan12270" value="Greek"/>
		<feat xlink:href="#sSpan12306" value="Greek"/>
		<feat xlink:href="#sSpan12408" value="Hebrew"/>
		<feat xlink:href="#sSpan12515" value="Greek"/>
		<feat xlink:href="#sSpan12600" value="Greek"/>
		<feat xlink:href="#sSpan12678" value="Greek"/>
		<feat xlink:href="#sSpan12705" value="Greek"/>
		<feat xlink:href="#sSpan12714" value="Greek"/>
		<feat xlink:href="#sSpan12784" value="Greek"/>
		<feat xlink:href="#sSpan12791" value="Greek"/>
		<feat xlink:href="#sSpan12834" value="Greek"/>
		<feat xlink:href="#sSpan12846" value="Greek"/>
		<feat xlink:href="#sSpan12855" value="Greek"/>
		<feat xlink:href="#sSpan12885" value="Greek"/>
		<feat xlink:href="#sSpan12901" value="Greek"/>
		<feat xlink:href="#sSpan12964" value="Greek"/>
		<feat xlink:href="#sSpan13003" value="Greek"/>
		<feat xlink:href="#sSpan13062" value="Greek"/>
		<feat xlink:href="#sSpan13093" value="Greek"/>
		<feat xlink:href="#sSpan13135" value="Greek"/>
		<feat xlink:href="#sSpan13148" value="Greek"/>
		<feat xlink:href="#sSpan13196" value="Greek"/>
		<feat xlink:href="#sSpan13228" value="Greek"/>
		<feat xlink:href="#sSpan13272" value="Greek"/>
		<feat xlink:href="#sSpan13284" value="Greek"/>
		<feat xlink:href="#sSpan13313" value="Greek"/>
		<feat xlink:href="#sSpan13335" value="Greek"/>
		<feat xlink:href="#sSpan13370" value="Greek"/>
		<feat xlink:href="#sSpan13384" value="Greek"/>
		<feat xlink:href="#sSpan13396" value="Greek"/>
		<feat xlink:href="#sSpan13411" value="Greek"/>
		<feat xlink:href="#sSpan13465" value="Greek"/>
		<feat xlink:href="#sSpan13526" value="Greek"/>
		<feat xlink:href="#sSpan13562" value="Greek"/>
		<feat xlink:href="#sSpan13592" value="Greek"/>
		<feat xlink:href="#sSpan13686" value="Greek"/>
		<feat xlink:href="#sSpan13706" value="Greek"/>
		<feat xlink:href="#sSpan13711" value="Hebrew"/>
		<feat xlink:href="#sSpan13745" value="Greek"/>
		<feat xlink:href="#sSpan13809" value="Greek"/>
		<feat xlink:href="#sSpan13842" value="Greek"/>
		<feat xlink:href="#sSpan13869" value="Greek"/>
		<feat xlink:href="#sSpan13891" value="Greek"/>
		<feat xlink:href="#sSpan13963" value="Greek"/>
		<feat xlink:href="#sSpan14024" value="Greek"/>
		<feat xlink:href="#sSpan14038" value="Greek"/>
		<feat xlink:href="#sSpan14041" value="Hebrew"/>
		<feat xlink:href="#sSpan14053" value="Greek"/>
		<feat xlink:href="#sSpan14072" value="Greek"/>
		<feat xlink:href="#sSpan14121" value="Greek"/>
		<feat xlink:href="#sSpan14134" value="Greek"/>
		<feat xlink:href="#sSpan14143" value="Greek"/>
		<feat xlink:href="#sSpan14155" value="Greek"/>
		<feat xlink:href="#sSpan14202" value="Greek"/>
		<feat xlink:href="#sSpan14214" value="Greek"/>
		<feat xlink:href="#sSpan14262" value="Greek"/>
		<feat xlink:href="#sSpan14271" value="Greek"/>
		<feat xlink:href="#sSpan14339" value="Greek"/>
		<feat xlink:href="#sSpan14423" value="Hebrew"/>
		<feat xlink:href="#sSpan14444" value="Hebrew"/>
		<feat xlink:href="#sSpan14488" value="Greek"/>
		<feat xlink:href="#sSpan14506" value="Greek"/>
		<feat xlink:href="#sSpan14535" value="Greek"/>
		<feat xlink:href="#sSpan14551" value="Greek"/>
		<feat xlink:href="#sSpan14669" value="Greek"/>
		<feat xlink:href="#sSpan14698" value="Greek"/>
		<feat xlink:href="#sSpan14734" value="Greek"/>
		<feat xlink:href="#sSpan14745" value="Greek"/>
		<feat xlink:href="#sSpan14790" value="Greek"/>
		<feat xlink:href="#sSpan14893" value="Greek"/>
		<feat xlink:href="#sSpan14905" value="Greek"/>
		<feat xlink:href="#sSpan14955" value="Greek"/>
		<feat xlink:href="#sSpan14965" value="Greek"/>
		<feat xlink:href="#sSpan14983" value="Greek"/>
		<feat xlink:href="#sSpan15032" value="Greek"/>
		<feat xlink:href="#sSpan15041" value="Greek"/>
		<feat xlink:href="#sSpan15051" value="Greek"/>
		<feat xlink:href="#sSpan15067" value="Greek"/>
		<feat xlink:href="#sSpan15072" value="Greek"/>
		<feat xlink:href="#sSpan15131" value="Greek"/>
		<feat xlink:href="#sSpan15143" value="Greek"/>
		<feat xlink:href="#sSpan15164" value="Greek"/>
		<feat xlink:href="#sSpan15179" value="Greek"/>
		<feat xlink:href="#sSpan15188" value="Greek"/>
		<feat xlink:href="#sSpan15197" value="Greek"/>
		<feat xlink:href="#sSpan15241" value="Greek"/>
		<feat xlink:href="#sSpan15272" value="Greek"/>
		<feat xlink:href="#sSpan15290" value="Greek"/>
		<feat xlink:href="#sSpan15345" value="Greek"/>
		<feat xlink:href="#sSpan15365" value="Greek"/>
		<feat xlink:href="#sSpan15405" value="Greek"/>
		<feat xlink:href="#sSpan15423" value="Greek"/>
		<feat xlink:href="#sSpan15457" value="Greek"/>
		<feat xlink:href="#sSpan15522" value="Greek"/>
		<feat xlink:href="#sSpan15548" value="Greek"/>
		<feat xlink:href="#sSpan15588" value="Greek"/>
		<feat xlink:href="#sSpan15622" value="Greek"/>
		<feat xlink:href="#sSpan15646" value="Greek"/>
		<feat xlink:href="#sSpan15666" value="Greek"/>
		<feat xlink:href="#sSpan15706" value="Greek"/>
		<feat xlink:href="#sSpan15724" value="Greek"/>
		<feat xlink:href="#sSpan15733" value="Greek"/>
		<feat xlink:href="#sSpan15775" value="Greek"/>
		<feat xlink:href="#sSpan15799" value="Greek"/>
		<feat xlink:href="#sSpan15828" value="Greek"/>
		<feat xlink:href="#sSpan15853" value="Greek"/>
		<feat xlink:href="#sSpan15902" value="Greek"/>
		<feat xlink:href="#sSpan15912" value="Greek"/>
		<feat xlink:href="#sSpan15957" value="Greek"/>
		<feat xlink:href="#sSpan16020" value="Greek"/>
		<feat xlink:href="#sSpan16056" value="Greek"/>
		<feat xlink:href="#sSpan16094" value="Greek"/>
		<feat xlink:href="#sSpan16100" value="Greek"/>
		<feat xlink:href="#sSpan16198" value="Greek"/>
		<feat xlink:href="#sSpan16290" value="Greek"/>
		<feat xlink:href="#sSpan16293" value="Greek"/>
		<feat xlink:href="#sSpan16355" value="Greek"/>
		<feat xlink:href="#sSpan16405" value="Greek"/>
		<feat xlink:href="#sSpan16487" value="Greek"/>
		<feat xlink:href="#sSpan16515" value="Greek"/>
		<feat xlink:href="#sSpan16578" value="Greek"/>
		<feat xlink:href="#sSpan16595" value="Greek"/>
		<feat xlink:href="#sSpan16606" value="Greek"/>
		<feat xlink:href="#sSpan16649" value="Greek"/>
		<feat xlink:href="#sSpan16823" value="Greek"/>
		<feat xlink:href="#sSpan16842" value="Greek"/>
		<feat xlink:href="#sSpan16873" value="Greek"/>
		<feat xlink:href="#sSpan16894" value="Greek"/>
		<feat xlink:href="#sSpan16970" value="Greek"/>
		<feat xlink:href="#sSpan17024" value="Greek"/>
		<feat xlink:href="#sSpan17053" value="Greek"/>
		<feat xlink:href="#sSpan17151" value="Greek"/>
		<feat xlink:href="#sSpan17174" value="Greek"/>
		<feat xlink:href="#sSpan17177" value="Hebrew"/>
		<feat xlink:href="#sSpan17494" value="Greek"/>
		<feat xlink:href="#sSpan17558" value="Greek"/>
		<feat xlink:href="#sSpan17563" value="Hebrew"/>
		<feat xlink:href="#sSpan17611" value="Greek"/>
		<feat xlink:href="#sSpan17628" value="Greek"/>
		<feat xlink:href="#sSpan17640" value="Greek"/>
		<feat xlink:href="#sSpan17652" value="Greek"/>
		<feat xlink:href="#sSpan17707" value="Greek"/>
		<feat xlink:href="#sSpan17745" value="Greek"/>
		<feat xlink:href="#sSpan17806" value="Greek"/>
		<feat xlink:href="#sSpan17813" value="Greek"/>
		<feat xlink:href="#sSpan17834" value="Hebrew"/></featList></paula>