<?xml version='1.0' encoding='UTF-8'?><!DOCTYPE paula SYSTEM "paula_feat.dtd">
<paula version="1.1">
	<header paula_id="scriptorium.Mark_06.mark_norm"/>
	<featList xmlns:xlink="http://www.w3.org/1999/xlink" type="norm" xml:base="scriptorium.Mark_06.mark.xml">
		<feat xlink:href="#sSpan1" value="ⲁ"/>
		<feat xlink:href="#sSpan11" value="ϥ"/>
		<feat xlink:href="#sSpan13" value="ⲉⲓ"/>
		<feat xlink:href="#sSpan16" value="ⲇⲉ"/>
		<feat xlink:href="#sSpan20" value="ⲉⲃⲟⲗ"/>
		<feat xlink:href="#sSpan24" value="ϩⲙ"/>
		<feat xlink:href="#sSpan28" value="ⲡ"/>
		<feat xlink:href="#sSpan31" value="ⲙⲁ"/>
		<feat xlink:href="#sSpan33" value="ⲉⲧ"/>
		<feat xlink:href="#sSpan37" value="ⲙⲙⲁⲩ"/>
		<feat xlink:href="#sSpan39" value="ⲁ"/>
		<feat xlink:href="#sSpan43" value="ϥ"/>
		<feat xlink:href="#sSpan45" value="ⲉⲓ"/>
		<feat xlink:href="#sSpan48" value="ⲉϩⲣⲁⲓ"/>
		<feat xlink:href="#sSpan52" value="ⲉ"/>
		<feat xlink:href="#sSpan56" value="ⲧⲉϥ"/>
		<feat xlink:href="#sSpan60" value="ⲡⲟⲗⲓⲥ"/>
		<feat xlink:href="#sSpan62" value="."/>
		<feat xlink:href="#sSpan66" value="ⲁⲩⲱ"/>
		<feat xlink:href="#sSpan70" value="ⲁ"/>
		<feat xlink:href="#sSpan74" value="ⲩ"/>
		<feat xlink:href="#sSpan76" value="ⲟⲩⲁϩ"/>
		<feat xlink:href="#sSpan78" value="ⲟⲩ"/>
		<feat xlink:href="#sSpan80" value="ⲛⲥⲱ"/>
		<feat xlink:href="#sSpan84" value="ϥ"/>
		<feat xlink:href="#sSpan86" value="ⲛϭⲓ"/>
		<feat xlink:href="#sSpan90" value="ⲛⲉϥ"/>
		<feat xlink:href="#sSpan94" value="ⲙⲁⲑⲏⲧⲏⲥ"/>
		<feat xlink:href="#sSpan96" value="ⲛⲧⲉⲣⲉ"/>
		<feat xlink:href="#sSpan106" value="ⲡ"/>
		<feat xlink:href="#sSpan110" value="ⲥⲁⲃⲃⲁⲧⲟⲛ"/>
		<feat xlink:href="#sSpan113" value="ⲇⲉ"/>
		<feat xlink:href="#sSpan117" value="ϣⲱⲡⲉ"/>
		<feat xlink:href="#sSpan121" value="ⲁ"/>
		<feat xlink:href="#sSpan125" value="ϥ"/>
		<feat xlink:href="#sSpan128" value="ⲁⲣⲭⲉⲥⲑⲁⲓ"/>
		<feat xlink:href="#sSpan130" value="ⲛ"/>
		<feat xlink:href="#sSpan135" value="ϯⲥⲃⲱ"/>
		<feat xlink:href="#sSpan138" value="ϩⲛ"/>
		<feat xlink:href="#sSpan142" value="ⲧ"/>
		<feat xlink:href="#sSpan146" value="ⲥⲩⲛⲁⲅⲱⲅⲏ"/>
		<feat xlink:href="#sSpan148" value="ⲁⲩⲱ"/>
		<feat xlink:href="#sSpan152" value="ⲡ"/>
		<feat xlink:href="#sSpan157" value="ⲙⲏⲏϣⲉ"/>
		<feat xlink:href="#sSpan159" value="ⲉ"/>
		<feat xlink:href="#sSpan163" value="ⲩ"/>
		<feat xlink:href="#sSpan165" value="ⲥⲱⲧⲙ"/>
		<feat xlink:href="#sSpan167" value="ⲁ"/>
		<feat xlink:href="#sSpan171" value="ⲩ"/>
		<feat xlink:href="#sSpan174" value="ⲣϣⲡⲏⲣⲉ"/>
		<feat xlink:href="#sSpan177" value="ⲉ"/>
		<feat xlink:href="#sSpan181" value="ⲩ"/>
		<feat xlink:href="#sSpan183" value="ϫⲱ"/>
		<feat xlink:href="#sSpan185" value="ⲙⲙⲟ"/>
		<feat xlink:href="#sSpan189" value="ⲥ"/>
		<feat xlink:href="#sSpan191" value="ϫⲉ"/>
		<feat xlink:href="#sSpan195" value="ⲛⲧ"/>
		<feat xlink:href="#sSpan197" value="ⲁ"/>
		<feat xlink:href="#sSpan199" value="ⲡⲁⲓ"/>
		<feat xlink:href="#sSpan202" value="ϭⲛ"/>
		<feat xlink:href="#sSpan206" value="ⲛⲁⲓ"/>
		<feat xlink:href="#sSpan209" value="ⲧⲱⲛ"/>
		<feat xlink:href="#sSpan213" value="."/>
		<feat xlink:href="#sSpan217" value="ⲁⲩⲱ"/>
		<feat xlink:href="#sSpan221" value="ⲟⲩ"/>
		<feat xlink:href="#sSpan225" value="ⲧⲉ"/>
		<feat xlink:href="#sSpan229" value="ⲧⲁⲓ"/>
		<feat xlink:href="#sSpan235" value="ⲥⲟⲫⲓⲁ"/>
		<feat xlink:href="#sSpan237" value="ⲛⲧ"/>
		<feat xlink:href="#sSpan241" value="ⲁ"/>
		<feat xlink:href="#sSpan243" value="ⲩ"/>
		<feat xlink:href="#sSpan245" value="ⲧⲁⲁ"/>
		<feat xlink:href="#sSpan247" value="ⲥ"/>
		<feat xlink:href="#sSpan249" value="ⲙ"/>
		<feat xlink:href="#sSpan253" value="ⲡⲁⲓ"/>
		<feat xlink:href="#sSpan256" value="."/>
		<feat xlink:href="#sSpan260" value="ⲁⲩⲱ"/>
		<feat xlink:href="#sSpan264" value="ⲛⲉⲓ"/>
		<feat xlink:href="#sSpan269" value="ϭⲟⲙ"/>
		<feat xlink:href="#sSpan271" value="ⲛ"/>
		<feat xlink:href="#sSpan275" value="ⲧⲉⲓ"/>
		<feat xlink:href="#sSpan277" value="ϭⲟⲧ"/>
		<feat xlink:href="#sSpan279" value="ⲉⲧⲉⲣⲉ"/>
		<feat xlink:href="#sSpan283" value="ⲡⲁⲓ"/>
		<feat xlink:href="#sSpan286" value="ⲉⲓⲣⲉ"/>
		<feat xlink:href="#sSpan290" value="ⲙⲙⲟ"/>
		<feat xlink:href="#sSpan294" value="ⲟⲩ"/>
		<feat xlink:href="#sSpan296" value="ⲙ"/>
		<feat xlink:href="#sSpan306" value="ⲡⲁⲓ"/>
		<feat xlink:href="#sSpan309" value="ⲁⲛ"/>
		<feat xlink:href="#sSpan313" value="ⲡⲉ"/>
		<feat xlink:href="#sSpan317" value="ⲡ"/>
		<feat xlink:href="#sSpan322" value="ϩⲁⲙϣⲉ"/>
		<feat xlink:href="#sSpan324" value="ⲡ"/>
		<feat xlink:href="#sSpan328" value="ϣⲏⲣⲉ"/>
		<feat xlink:href="#sSpan330" value="ⲙ"/>
		<feat xlink:href="#sSpan335" value="ⲙⲁⲣⲓⲁ"/>
		<feat xlink:href="#sSpan338" value="."/>
		<feat xlink:href="#sSpan342" value="ⲁⲩⲱ"/>
		<feat xlink:href="#sSpan346" value="ⲡ"/>
		<feat xlink:href="#sSpan350" value="ⲥⲟⲛ"/>
		<feat xlink:href="#sSpan352" value="ⲛ"/>
		<feat xlink:href="#sSpan357" value="ⲓⲁⲕⲱⲃⲟⲥ"/>
		<feat xlink:href="#sSpan360" value="ⲛⲙ"/>
		<feat xlink:href="#sSpan365" value="ⲓⲱⲥⲏ"/>
		<feat xlink:href="#sSpan368" value="ⲛⲙ"/>
		<feat xlink:href="#sSpan373" value="ⲓⲟⲩⲇⲁ"/>
		<feat xlink:href="#sSpan376" value="ⲛⲙ"/>
		<feat xlink:href="#sSpan381" value="ⲥⲓⲙⲱⲛ"/>
		<feat xlink:href="#sSpan384" value="."/>
		<feat xlink:href="#sSpan388" value="ⲁⲩⲱ"/>
		<feat xlink:href="#sSpan392" value="ⲛⲉϥ"/>
		<feat xlink:href="#sSpan397" value="ⲥⲱⲛⲉ"/>
		<feat xlink:href="#sSpan399" value="ⲛ"/>
		<feat xlink:href="#sSpan403" value="ⲉ"/>
		<feat xlink:href="#sSpan405" value="ⲩ"/>
		<feat xlink:href="#sSpan407" value="ⲛ"/>
		<feat xlink:href="#sSpan409" value="ⲡⲉⲓ"/>
		<feat xlink:href="#sSpan412" value="ⲙⲁ"/>
		<feat xlink:href="#sSpan414" value="ⲁⲛ"/>
		<feat xlink:href="#sSpan418" value="ϩⲁϩⲧⲏ"/>
		<feat xlink:href="#sSpan422" value="ⲛ"/>
		<feat xlink:href="#sSpan424" value="ⲁ"/>
		<feat xlink:href="#sSpan428" value="ⲩ"/>
		<feat xlink:href="#sSpan431" value="ⲥⲕⲁⲛⲇⲁⲗⲓⲍⲉ"/>
		<feat xlink:href="#sSpan433" value="ϩⲣⲁⲓ"/>
		<feat xlink:href="#sSpan437" value="ⲛϩⲏⲧ"/>
		<feat xlink:href="#sSpan441" value="ϥ"/>
		<feat xlink:href="#sSpan443" value="."/>
		<feat xlink:href="#sSpan447" value="ⲡⲉϫⲉ"/>
		<feat xlink:href="#sSpan458" value="ⲓⲏⲥⲟⲩⲥ"/>
		<feat xlink:href="#sSpan464" value="ⲇⲉ"/>
		<feat xlink:href="#sSpan468" value="ⲛⲁ"/>
		<feat xlink:href="#sSpan472" value="ⲩ"/>
		<feat xlink:href="#sSpan474" value="."/>
		<feat xlink:href="#sSpan478" value="ϫⲉ"/>
		<feat xlink:href="#sSpan482" value="ⲙⲙⲛ"/>
		<feat xlink:href="#sSpan487" value="ⲡⲣⲟⲫⲏⲧⲏⲥ"/>
		<feat xlink:href="#sSpan490" value="ⲥⲏϣ"/>
		<feat xlink:href="#sSpan495" value="ⲉⲓⲙⲏⲧⲓ"/>
		<feat xlink:href="#sSpan500" value="ϩⲛ"/>
		<feat xlink:href="#sSpan504" value="ⲧⲉϥ"/>
		<feat xlink:href="#sSpan508" value="ⲡⲟⲗⲓⲥ"/>
		<feat xlink:href="#sSpan510" value="ⲁⲩⲱ"/>
		<feat xlink:href="#sSpan514" value="ϩⲛ"/>
		<feat xlink:href="#sSpan518" value="ⲛⲉϥ"/>
		<feat xlink:href="#sSpan522" value="ⲥⲩⲅⲅⲉⲛⲏⲥ"/>
		<feat xlink:href="#sSpan524" value="ⲙⲛ"/>
		<feat xlink:href="#sSpan528" value="ⲡⲉϥ"/>
		<feat xlink:href="#sSpan531" value="ⲏⲓ"/>
		<feat xlink:href="#sSpan533" value="."/>
		<feat xlink:href="#sSpan537" value="ⲙⲡ"/>
		<feat xlink:href="#sSpan547" value="ϥ"/>
		<feat xlink:href="#sSpan549" value="ⲣ"/>
		<feat xlink:href="#sSpan551" value="ⲗⲁⲁⲩ"/>
		<feat xlink:href="#sSpan555" value="ⲇⲉ"/>
		<feat xlink:href="#sSpan559" value="ⲛ"/>
		<feat xlink:href="#sSpan563" value="ϭⲟⲙ"/>
		<feat xlink:href="#sSpan565" value="ⲙ"/>
		<feat xlink:href="#sSpan567" value="ⲡ"/>
		<feat xlink:href="#sSpan570" value="ⲙⲁ"/>
		<feat xlink:href="#sSpan572" value="ⲉⲧ"/>
		<feat xlink:href="#sSpan576" value="ⲙⲙⲁⲩ"/>
		<feat xlink:href="#sSpan578" value="ⲛⲥⲁ"/>
		<feat xlink:href="#sSpan582" value="ϩⲟⲓⲛⲉ"/>
		<feat xlink:href="#sSpan585" value="ⲉ"/>
		<feat xlink:href="#sSpan589" value="ⲩ"/>
		<feat xlink:href="#sSpan591" value="ϣⲱⲛⲉ"/>
		<feat xlink:href="#sSpan593" value="ⲁ"/>
		<feat xlink:href="#sSpan597" value="ϥ"/>
		<feat xlink:href="#sSpan599" value="ⲕⲁ"/>
		<feat xlink:href="#sSpan601" value="ⲧⲟⲟⲧ"/>
		<feat xlink:href="#sSpan603" value="ϥ"/>
		<feat xlink:href="#sSpan605" value="ϩⲓϫⲱ"/>
		<feat xlink:href="#sSpan609" value="ⲟⲩ"/>
		<feat xlink:href="#sSpan611" value="ⲁ"/>
		<feat xlink:href="#sSpan615" value="ϥ"/>
		<feat xlink:href="#sSpan617" value="ⲧⲁⲗϭⲟ"/>
		<feat xlink:href="#sSpan619" value="ⲟⲩ"/>
		<feat xlink:href="#sSpan621" value="."/>
		<feat xlink:href="#sSpan625" value="ⲁⲩⲱ"/>
		<feat xlink:href="#sSpan635" value="ⲛⲉ"/>
		<feat xlink:href="#sSpan639" value="ⲩ"/>
		<feat xlink:href="#sSpan642" value="ⲣϣⲡⲏⲣⲉ"/>
		<feat xlink:href="#sSpan645" value="ⲉⲧⲃⲉ"/>
		<feat xlink:href="#sSpan649" value="ⲧⲉⲩ"/>
		<feat xlink:href="#sSpan655" value="ⲙⲛⲧⲁⲧⲛⲁϩⲧⲉ"/>
		<feat xlink:href="#sSpan659" value="ⲛⲉ"/>
		<feat xlink:href="#sSpan663" value="ϥ"/>
		<feat xlink:href="#sSpan665" value="ⲕⲱⲧⲉ"/>
		<feat xlink:href="#sSpan668" value="ⲇⲉ"/>
		<feat xlink:href="#sSpan672" value="ⲡⲉ"/>
		<feat xlink:href="#sSpan676" value="ⲉ"/>
		<feat xlink:href="#sSpan680" value="ⲛⲉ"/>
		<feat xlink:href="#sSpan683" value="ⲧⲙⲉ"/>
		<feat xlink:href="#sSpan685" value="ⲉ"/>
		<feat xlink:href="#sSpan689" value="ϥ"/>
		<feat xlink:href="#sSpan692" value="ϯⲥⲃⲱ"/>
		<feat xlink:href="#sSpan695" value="ⲁⲩⲱ"/>
		<feat xlink:href="#sSpan704" value="ⲁ"/>
		<feat xlink:href="#sSpan708" value="ϥ"/>
		<feat xlink:href="#sSpan710" value="ⲙⲟⲩⲧⲉ"/>
		<feat xlink:href="#sSpan712" value="ⲉ"/>
		<feat xlink:href="#sSpan716" value="ⲡ"/>
		<feat xlink:href="#sSpan720" value="ⲙⲛⲧⲥⲛⲟⲟⲩⲥ"/>
		<feat xlink:href="#sSpan723" value="ⲁ"/>
		<feat xlink:href="#sSpan727" value="ϥ"/>
		<feat xlink:href="#sSpan730" value="ⲁⲣⲭⲉⲥⲑⲁⲓ"/>
		<feat xlink:href="#sSpan732" value="ⲛ"/>
		<feat xlink:href="#sSpan736" value="ϫⲟⲟⲩ"/>
		<feat xlink:href="#sSpan738" value="ⲥⲉ"/>
		<feat xlink:href="#sSpan740" value="ⲥⲛⲁⲩ"/>
		<feat xlink:href="#sSpan745" value="ⲥⲛⲁⲩ"/>
		<feat xlink:href="#sSpan749" value="ⲁⲩⲱ"/>
		<feat xlink:href="#sSpan753" value="ⲁ"/>
		<feat xlink:href="#sSpan757" value="ϥ"/>
		<feat xlink:href="#sSpan759" value="ϯ"/>
		<feat xlink:href="#sSpan761" value="ⲛⲁ"/>
		<feat xlink:href="#sSpan765" value="ⲩ"/>
		<feat xlink:href="#sSpan767" value="ⲛ"/>
		<feat xlink:href="#sSpan771" value="ⲧ"/>
		<feat xlink:href="#sSpan775" value="ⲉⲝⲟⲩⲥⲓⲁ"/>
		<feat xlink:href="#sSpan777" value="ⲉϩⲟⲩⲛ"/>
		<feat xlink:href="#sSpan781" value="ⲉ"/>
		<feat xlink:href="#sSpan785" value="ⲛⲉ"/>
		<feat xlink:href="#sSpan789" value="ⲡⲛⲉⲩⲙⲁ"/>
		<feat xlink:href="#sSpan791" value="ⲛ"/>
		<feat xlink:href="#sSpan796" value="ⲁⲕⲁⲑⲁⲣⲧⲟⲛ"/>
		<feat xlink:href="#sSpan798" value="ⲁ"/>
		<feat xlink:href="#sSpan808" value="ϥ"/>
		<feat xlink:href="#sSpan810" value="ϩⲱⲛ"/>
		<feat xlink:href="#sSpan813" value="ⲇⲉ"/>
		<feat xlink:href="#sSpan817" value="ⲉⲧⲟⲟⲧ"/>
		<feat xlink:href="#sSpan821" value="ⲟⲩ"/>
		<feat xlink:href="#sSpan823" value="ϫⲉⲕⲁⲁⲥ"/>
		<feat xlink:href="#sSpan827" value="ⲉ"/>
		<feat xlink:href="#sSpan831" value="ⲛⲛⲉ"/>
		<feat xlink:href="#sSpan833" value="ⲩ"/>
		<feat xlink:href="#sSpan835" value="ϥⲓ"/>
		<feat xlink:href="#sSpan837" value="ⲗⲁⲁⲩ"/>
		<feat xlink:href="#sSpan840" value="ⲛⲙⲙⲁ"/>
		<feat xlink:href="#sSpan844" value="ⲩ"/>
		<feat xlink:href="#sSpan846" value="ⲉ"/>
		<feat xlink:href="#sSpan850" value="ⲧⲉ"/>
		<feat xlink:href="#sSpan853" value="ϩⲓⲏ"/>
		<feat xlink:href="#sSpan855" value="ⲛⲥⲁ"/>
		<feat xlink:href="#sSpan859" value="ⲟⲩ"/>
		<feat xlink:href="#sSpan862" value="ϭⲉⲣⲱⲃ"/>
		<feat xlink:href="#sSpan864" value="ⲙⲙⲁⲧⲉ"/>
		<feat xlink:href="#sSpan869" value="ⲟⲩⲇⲉ"/>
		<feat xlink:href="#sSpan873" value="ⲟⲉⲓⲕ"/>
		<feat xlink:href="#sSpan879" value="ⲟⲩⲇⲉ"/>
		<feat xlink:href="#sSpan884" value="ⲡⲏⲣⲁ"/>
		<feat xlink:href="#sSpan890" value="ⲟⲩⲇⲉ"/>
		<feat xlink:href="#sSpan894" value="ϩⲟⲙⲛⲧ"/>
		<feat xlink:href="#sSpan899" value="ⲉ"/>
		<feat xlink:href="#sSpan903" value="ⲛⲉⲩ"/>
		<feat xlink:href="#sSpan906" value="ⲙⲟϫϩ"/>
		<feat xlink:href="#sSpan909" value="ⲁⲗⲗⲁ"/>
		<feat xlink:href="#sSpan919" value="ⲉⲣⲉ"/>
		<feat xlink:href="#sSpan923" value="ⲛⲉⲩ"/>
		<feat xlink:href="#sSpan927" value="ⲥⲁⲛⲇⲁⲗⲓⲟⲛ"/>
		<feat xlink:href="#sSpan929" value="ⲟⲧϩ"/>
		<feat xlink:href="#sSpan933" value="ⲉⲣⲁⲧ"/>
		<feat xlink:href="#sSpan937" value="ⲟⲩ"/>
		<feat xlink:href="#sSpan939" value="."/>
		<feat xlink:href="#sSpan944" value="ⲟⲩⲇⲉ"/>
		<feat xlink:href="#sSpan948" value="ⲛ"/>
		<feat xlink:href="#sSpan952" value="ⲥⲉ"/>
		<feat xlink:href="#sSpan954" value="ⲧⲙ"/>
		<feat xlink:href="#sSpan956" value="ϯ"/>
		<feat xlink:href="#sSpan958" value="ϣⲧⲏⲛ"/>
		<feat xlink:href="#sSpan961" value="ⲥⲛⲧⲉ"/>
		<feat xlink:href="#sSpan965" value="ϩⲓⲱ"/>
		<feat xlink:href="#sSpan969" value="ⲟⲩ"/>
		<feat xlink:href="#sSpan971" value="ⲁⲩⲱ"/>
		<feat xlink:href="#sSpan981" value="ⲛⲉ"/>
		<feat xlink:href="#sSpan985" value="ϥ"/>
		<feat xlink:href="#sSpan987" value="ϫⲱ"/>
		<feat xlink:href="#sSpan989" value="ⲙⲙⲟ"/>
		<feat xlink:href="#sSpan993" value="ⲥ"/>
		<feat xlink:href="#sSpan995" value="ⲛⲁ"/>
		<feat xlink:href="#sSpan999" value="ⲩ"/>
		<feat xlink:href="#sSpan1001" value="ϫⲉ"/>
		<feat xlink:href="#sSpan1005" value="ⲡ"/>
		<feat xlink:href="#sSpan1010" value="ⲏⲓ"/>
		<feat xlink:href="#sSpan1012" value="ⲉ"/>
		<feat xlink:href="#sSpan1016" value="ⲧⲉⲧⲛ"/>
		<feat xlink:href="#sSpan1018" value="ⲛⲁ"/>
		<feat xlink:href="#sSpan1020" value="ⲃⲱⲕ"/>
		<feat xlink:href="#sSpan1023" value="ⲉϩⲟⲩⲛ"/>
		<feat xlink:href="#sSpan1027" value="ⲉⲣⲟ"/>
		<feat xlink:href="#sSpan1031" value="ϥ"/>
		<feat xlink:href="#sSpan1033" value="ϭⲱ"/>
		<feat xlink:href="#sSpan1037" value="ⲛϩⲏⲧ"/>
		<feat xlink:href="#sSpan1041" value="ϥ"/>
		<feat xlink:href="#sSpan1043" value="ϣⲁⲛⲧⲉ"/>
		<feat xlink:href="#sSpan1047" value="ⲧⲛ"/>
		<feat xlink:href="#sSpan1049" value="ⲉⲓ"/>
		<feat xlink:href="#sSpan1052" value="ⲉⲃⲟⲗ"/>
		<feat xlink:href="#sSpan1056" value="ϩⲙ"/>
		<feat xlink:href="#sSpan1060" value="ⲡ"/>
		<feat xlink:href="#sSpan1063" value="ⲙⲁ"/>
		<feat xlink:href="#sSpan1065" value="ⲉⲧ"/>
		<feat xlink:href="#sSpan1069" value="ⲙⲙⲁⲩ"/>
		<feat xlink:href="#sSpan1071" value="ⲁⲩⲱ"/>
		<feat xlink:href="#sSpan1081" value="ⲡ"/>
		<feat xlink:href="#sSpan1086" value="ⲙⲁ"/>
		<feat xlink:href="#sSpan1088" value="ⲉⲧⲉ"/>
		<feat xlink:href="#sSpan1092" value="ⲛ"/>
		<feat xlink:href="#sSpan1094" value="ϥ"/>
		<feat xlink:href="#sSpan1096" value="ⲛⲁ"/>
		<feat xlink:href="#sSpan1098" value="ϣⲉⲡ"/>
		<feat xlink:href="#sSpan1100" value="ⲧⲏⲩⲧⲛ"/>
		<feat xlink:href="#sSpan1102" value="ⲉⲣⲟ"/>
		<feat xlink:href="#sSpan1106" value="ϥ"/>
		<feat xlink:href="#sSpan1108" value="ⲁⲛ"/>
		<feat xlink:href="#sSpan1113" value="ⲟⲩⲇⲉ"/>
		<feat xlink:href="#sSpan1117" value="ⲛ"/>
		<feat xlink:href="#sSpan1121" value="ⲥⲉ"/>
		<feat xlink:href="#sSpan1123" value="ⲧⲙ"/>
		<feat xlink:href="#sSpan1125" value="ⲥⲱⲧⲙ"/>
		<feat xlink:href="#sSpan1127" value="ⲉⲣⲱ"/>
		<feat xlink:href="#sSpan1131" value="ⲧⲛ"/>
		<feat xlink:href="#sSpan1133" value="ⲉ"/>
		<feat xlink:href="#sSpan1137" value="ⲧⲉⲧⲛ"/>
		<feat xlink:href="#sSpan1139" value="ⲛⲁ"/>
		<feat xlink:href="#sSpan1141" value="ⲉⲓ"/>
		<feat xlink:href="#sSpan1144" value="ⲉⲃⲟⲗ"/>
		<feat xlink:href="#sSpan1148" value="ϩⲙ"/>
		<feat xlink:href="#sSpan1152" value="ⲡ"/>
		<feat xlink:href="#sSpan1155" value="ⲙⲁ"/>
		<feat xlink:href="#sSpan1157" value="ⲉⲧ"/>
		<feat xlink:href="#sSpan1161" value="ⲙⲙⲁⲩ"/>
		<feat xlink:href="#sSpan1163" value="ⲛⲟⲩϩⲉ"/>
		<feat xlink:href="#sSpan1168" value="ⲉⲃⲟⲗ"/>
		<feat xlink:href="#sSpan1172" value="ⲙ"/>
		<feat xlink:href="#sSpan1176" value="ⲡ"/>
		<feat xlink:href="#sSpan1179" value="ϣⲟⲉⲓϣ"/>
		<feat xlink:href="#sSpan1181" value="ⲉⲧ"/>
		<feat xlink:href="#sSpan1185" value="ϩⲁⲣⲟ"/>
		<feat xlink:href="#sSpan1187" value="ⲟⲩ"/>
		<feat xlink:href="#sSpan1189" value="ⲛ"/>
		<feat xlink:href="#sSpan1193" value="ⲛⲉⲧⲛ"/>
		<feat xlink:href="#sSpan1196" value="ⲟⲩⲉⲣⲏⲧⲉ"/>
		<feat xlink:href="#sSpan1198" value="ⲉ"/>
		<feat xlink:href="#sSpan1202" value="ⲩ"/>
		<feat xlink:href="#sSpan1206" value="ⲙⲛⲧⲙⲛⲧⲣⲉ"/>
		<feat xlink:href="#sSpan1209" value="ⲉⲣⲟ"/>
		<feat xlink:href="#sSpan1213" value="ⲟⲩ"/>
		<feat xlink:href="#sSpan1215" value="."/>
		<feat xlink:href="#sSpan1219" value="ⲁⲩⲱ"/>
		<feat xlink:href="#sSpan1229" value="ⲛⲧⲉⲣ"/>
		<feat xlink:href="#sSpan1233" value="ⲟⲩ"/>
		<feat xlink:href="#sSpan1235" value="ⲙⲟⲟϣⲉ"/>
		<feat xlink:href="#sSpan1237" value="ⲁ"/>
		<feat xlink:href="#sSpan1241" value="ⲩ"/>
		<feat xlink:href="#sSpan1244" value="ⲕⲏⲣⲩⲥⲥⲉ"/>
		<feat xlink:href="#sSpan1246" value="ϫⲉ"/>
		<feat xlink:href="#sSpan1250" value="ⲉⲩⲉ"/>
		<feat xlink:href="#sSpan1253" value="ⲙⲉⲧⲁⲛⲟⲉⲓ"/>
		<feat xlink:href="#sSpan1255" value="ⲁⲩⲱ"/>
		<feat xlink:href="#sSpan1264" value="ϩⲁϩ"/>
		<feat xlink:href="#sSpan1269" value="ⲛ"/>
		<feat xlink:href="#sSpan1274" value="ⲇⲁⲓⲙⲱⲛⲓⲟⲛ"/>
		<feat xlink:href="#sSpan1276" value="ⲁ"/>
		<feat xlink:href="#sSpan1280" value="ⲩ"/>
		<feat xlink:href="#sSpan1282" value="ⲛⲟϫ"/>
		<feat xlink:href="#sSpan1284" value="ⲟⲩ"/>
		<feat xlink:href="#sSpan1286" value="ⲉⲃⲟⲗ"/>
		<feat xlink:href="#sSpan1290" value="ϩⲉⲛ"/>
		<feat xlink:href="#sSpan1294" value="ⲕⲉ"/>
		<feat xlink:href="#sSpan1297" value="ⲙⲏⲏϣⲉ"/>
		<feat xlink:href="#sSpan1299" value="ⲉ"/>
		<feat xlink:href="#sSpan1303" value="ⲩ"/>
		<feat xlink:href="#sSpan1305" value="ϣⲱⲛⲉ"/>
		<feat xlink:href="#sSpan1307" value="ⲁ"/>
		<feat xlink:href="#sSpan1311" value="ⲩ"/>
		<feat xlink:href="#sSpan1313" value="ⲧⲁϩⲥ"/>
		<feat xlink:href="#sSpan1315" value="ⲟⲩ"/>
		<feat xlink:href="#sSpan1317" value="ⲛ"/>
		<feat xlink:href="#sSpan1321" value="ⲛⲉϩ"/>
		<feat xlink:href="#sSpan1324" value="ⲁ"/>
		<feat xlink:href="#sSpan1328" value="ⲩ"/>
		<feat xlink:href="#sSpan1330" value="ⲧⲁⲗϭⲟ"/>
		<feat xlink:href="#sSpan1332" value="ⲟⲩ"/>
		<feat xlink:href="#sSpan1334" value="."/>
		<feat xlink:href="#sSpan1338" value="ⲁⲩⲱ"/>
		<feat xlink:href="#sSpan1348" value="ⲁ"/>
		<feat xlink:href="#sSpan1352" value="ϥ"/>
		<feat xlink:href="#sSpan1354" value="ⲥⲱⲧⲙ"/>
		<feat xlink:href="#sSpan1356" value="ⲛϭⲓ"/>
		<feat xlink:href="#sSpan1361" value="ϩⲏⲣⲱⲇⲏⲥ"/>
		<feat xlink:href="#sSpan1364" value="ⲡ"/>
		<feat xlink:href="#sSpan1368" value="ⲣⲣⲟ"/>
		<feat xlink:href="#sSpan1370" value="ⲁ"/>
		<feat xlink:href="#sSpan1374" value="ⲡⲉϥ"/>
		<feat xlink:href="#sSpan1377" value="ⲣⲁⲛ"/>
		<feat xlink:href="#sSpan1380" value="ⲅⲁⲣ"/>
		<feat xlink:href="#sSpan1385" value="ϯⲥⲟⲉⲓⲧ"/>
		<feat xlink:href="#sSpan1390" value="ⲁⲩⲱ"/>
		<feat xlink:href="#sSpan1394" value="ⲛⲉ"/>
		<feat xlink:href="#sSpan1398" value="ⲩ"/>
		<feat xlink:href="#sSpan1400" value="ϫⲱ"/>
		<feat xlink:href="#sSpan1402" value="ⲙⲙⲟ"/>
		<feat xlink:href="#sSpan1406" value="ⲥ"/>
		<feat xlink:href="#sSpan1408" value="ϫⲉ"/>
		<feat xlink:href="#sSpan1413" value="ⲓⲱϩⲁⲛⲛⲏⲥ"/>
		<feat xlink:href="#sSpan1416" value="ⲡ"/>
		<feat xlink:href="#sSpan1420" value="ⲉⲧ"/>
		<feat xlink:href="#sSpan1423" value="ϯⲃⲁⲡⲧⲓⲥⲙⲁ"/>
		<feat xlink:href="#sSpan1427" value="ⲁ"/>
		<feat xlink:href="#sSpan1431" value="ϥ"/>
		<feat xlink:href="#sSpan1433" value="ⲧⲱⲟⲩⲛ"/>
		<feat xlink:href="#sSpan1435" value="ϩⲛ"/>
		<feat xlink:href="#sSpan1439" value="ⲛ"/>
		<feat xlink:href="#sSpan1442" value="ⲉⲧ"/>
		<feat xlink:href="#sSpan1444" value="ⲙⲟⲟⲩⲧ"/>
		<feat xlink:href="#sSpan1446" value="ⲁⲩⲱ"/>
		<feat xlink:href="#sSpan1450" value="ⲉⲧⲃⲉ"/>
		<feat xlink:href="#sSpan1455" value="ⲡⲁⲓ"/>
		<feat xlink:href="#sSpan1458" value="ⲛ"/>
		<feat xlink:href="#sSpan1463" value="ϭⲟⲙ"/>
		<feat xlink:href="#sSpan1466" value="ⲉⲛⲉⲣⲅⲉⲓ"/>
		<feat xlink:href="#sSpan1470" value="ⲛϩⲏⲧ"/>
		<feat xlink:href="#sSpan1474" value="ϥ"/>
		<feat xlink:href="#sSpan1476" value="."/>
		<feat xlink:href="#sSpan1480" value="ϩⲉⲛ"/>
		<feat xlink:href="#sSpan1491" value="ⲕⲟⲟⲩⲉ"/>
		<feat xlink:href="#sSpan1494" value="ⲇⲉ"/>
		<feat xlink:href="#sSpan1498" value="ⲛⲉ"/>
		<feat xlink:href="#sSpan1502" value="ⲩ"/>
		<feat xlink:href="#sSpan1504" value="ϫⲱ"/>
		<feat xlink:href="#sSpan1506" value="ⲙⲙⲟ"/>
		<feat xlink:href="#sSpan1510" value="ⲥ"/>
		<feat xlink:href="#sSpan1512" value="ϫⲉ"/>
		<feat xlink:href="#sSpan1517" value="ϩⲏⲗⲉⲓⲁⲥ"/>
		<feat xlink:href="#sSpan1520" value="ⲡⲉ"/>
		<feat xlink:href="#sSpan1522" value="ϩⲉⲛ"/>
		<feat xlink:href="#sSpan1527" value="ⲕⲟⲟⲩⲉ"/>
		<feat xlink:href="#sSpan1530" value="ⲇⲉ"/>
		<feat xlink:href="#sSpan1534" value="ϫⲉ"/>
		<feat xlink:href="#sSpan1538" value="ⲟⲩ"/>
		<feat xlink:href="#sSpan1542" value="ⲡⲣⲟⲫⲏⲧⲏⲥ"/>
		<feat xlink:href="#sSpan1544" value="ⲡⲉ"/>
		<feat xlink:href="#sSpan1546" value="ⲛ"/>
		<feat xlink:href="#sSpan1550" value="ⲧ"/>
		<feat xlink:href="#sSpan1552" value="ϩⲉ"/>
		<feat xlink:href="#sSpan1554" value="ⲛ"/>
		<feat xlink:href="#sSpan1559" value="ⲟⲩⲁ"/>
		<feat xlink:href="#sSpan1561" value="ⲛ"/>
		<feat xlink:href="#sSpan1565" value="ⲛⲉ"/>
		<feat xlink:href="#sSpan1569" value="ⲡⲣⲟⲫⲏⲧⲏⲥ"/>
		<feat xlink:href="#sSpan1571" value="ⲛⲧⲉⲣⲉ"/>
		<feat xlink:href="#sSpan1581" value="ϥ"/>
		<feat xlink:href="#sSpan1583" value="ⲥⲱⲧⲙ"/>
		<feat xlink:href="#sSpan1586" value="ⲇⲉ"/>
		<feat xlink:href="#sSpan1590" value="ⲛϭⲓ"/>
		<feat xlink:href="#sSpan1595" value="ϩⲏⲣⲱⲇⲏⲥ"/>
		<feat xlink:href="#sSpan1598" value="ⲡⲉϫⲁ"/>
		<feat xlink:href="#sSpan1602" value="ϥ"/>
		<feat xlink:href="#sSpan1604" value="ϫⲉ"/>
		<feat xlink:href="#sSpan1609" value="ⲓⲱϩⲁⲛⲛⲏⲥ"/>
		<feat xlink:href="#sSpan1612" value="ⲡⲉ"/>
		<feat xlink:href="#sSpan1614" value="ⲛⲧ"/>
		<feat xlink:href="#sSpan1618" value="ⲁ"/>
		<feat xlink:href="#sSpan1620" value="ⲓ"/>
		<feat xlink:href="#sSpan1622" value="ϥⲓ"/>
		<feat xlink:href="#sSpan1624" value="ⲧⲉϥ"/>
		<feat xlink:href="#sSpan1627" value="ⲁⲡⲉ"/>
		<feat xlink:href="#sSpan1629" value="ⲛⲧⲟϥ"/>
		<feat xlink:href="#sSpan1633" value="ⲡⲉ"/>
		<feat xlink:href="#sSpan1635" value="ⲛⲧ"/>
		<feat xlink:href="#sSpan1639" value="ⲁ"/>
		<feat xlink:href="#sSpan1641" value="ϥ"/>
		<feat xlink:href="#sSpan1643" value="ⲧⲱⲟⲩⲛ"/>
		<feat xlink:href="#sSpan1645" value="."/>
		<feat xlink:href="#sSpan1650" value="ϩⲏⲣⲱⲇⲏⲥ"/>
		<feat xlink:href="#sSpan1661" value="ⲅⲁⲣ"/>
		<feat xlink:href="#sSpan1665" value="ⲁ"/>
		<feat xlink:href="#sSpan1669" value="ϥ"/>
		<feat xlink:href="#sSpan1671" value="ϫⲟⲟⲩ"/>
		<feat xlink:href="#sSpan1673" value="ⲁ"/>
		<feat xlink:href="#sSpan1677" value="ϥ"/>
		<feat xlink:href="#sSpan1679" value="ⲁⲙⲁϩⲧⲉ"/>
		<feat xlink:href="#sSpan1681" value="ⲛ"/>
		<feat xlink:href="#sSpan1686" value="ⲓⲱϩⲁⲛⲛⲏⲥ"/>
		<feat xlink:href="#sSpan1689" value="ⲁ"/>
		<feat xlink:href="#sSpan1693" value="ϥ"/>
		<feat xlink:href="#sSpan1695" value="ⲙⲟⲣ"/>
		<feat xlink:href="#sSpan1697" value="ϥ"/>
		<feat xlink:href="#sSpan1699" value="ⲁ"/>
		<feat xlink:href="#sSpan1703" value="ϥ"/>
		<feat xlink:href="#sSpan1705" value="ⲕⲁⲁ"/>
		<feat xlink:href="#sSpan1707" value="ϥ"/>
		<feat xlink:href="#sSpan1709" value="ϩⲙ"/>
		<feat xlink:href="#sSpan1713" value="ⲡⲉ"/>
		<feat xlink:href="#sSpan1716" value="ϣⲧⲉⲕⲟ"/>
		<feat xlink:href="#sSpan1718" value="."/>
		<feat xlink:href="#sSpan1722" value="ⲉⲧⲃⲉ"/>
		<feat xlink:href="#sSpan1727" value="ϩⲏⲣⲱⲇⲓⲁⲥ"/>
		<feat xlink:href="#sSpan1730" value="ⲧ"/>
		<feat xlink:href="#sSpan1734" value="ϩⲓⲙⲉ"/>
		<feat xlink:href="#sSpan1736" value="ⲙ"/>
		<feat xlink:href="#sSpan1741" value="ⲫⲓⲗⲓⲡⲡⲟⲥ"/>
		<feat xlink:href="#sSpan1744" value="ⲡⲉϥ"/>
		<feat xlink:href="#sSpan1748" value="ⲥⲟⲛ"/>
		<feat xlink:href="#sSpan1750" value="ⲉⲃⲟⲗ"/>
		<feat xlink:href="#sSpan1755" value="ϫⲉ"/>
		<feat xlink:href="#sSpan1759" value="ⲁ"/>
		<feat xlink:href="#sSpan1761" value="ϥ"/>
		<feat xlink:href="#sSpan1763" value="ϩⲙⲟⲟⲥ"/>
		<feat xlink:href="#sSpan1765" value="ⲛⲙⲙⲁ"/>
		<feat xlink:href="#sSpan1769" value="ⲥ"/>
		<feat xlink:href="#sSpan1772" value="ⲓⲱϩⲁⲛⲛⲏⲥ"/>
		<feat xlink:href="#sSpan1783" value="ⲅⲁⲣ"/>
		<feat xlink:href="#sSpan1787" value="ⲛⲉ"/>
		<feat xlink:href="#sSpan1791" value="ϥ"/>
		<feat xlink:href="#sSpan1793" value="ϫⲱ"/>
		<feat xlink:href="#sSpan1795" value="ⲙⲙⲟ"/>
		<feat xlink:href="#sSpan1799" value="ⲥ"/>
		<feat xlink:href="#sSpan1801" value="ⲛ"/>
		<feat xlink:href="#sSpan1806" value="ϩⲏⲣⲱⲇⲏⲥ"/>
		<feat xlink:href="#sSpan1809" value="ϫⲉ"/>
		<feat xlink:href="#sSpan1814" value="ⲟⲩⲕ"/>
		<feat xlink:href="#sSpan1817" value="ⲉⲝⲉⲥⲧⲉⲓ"/>
		<feat xlink:href="#sSpan1821" value="ⲛⲁ"/>
		<feat xlink:href="#sSpan1825" value="ⲕ"/>
		<feat xlink:href="#sSpan1827" value="ⲉ"/>
		<feat xlink:href="#sSpan1831" value="ϫⲓ"/>
		<feat xlink:href="#sSpan1833" value="ⲛ"/>
		<feat xlink:href="#sSpan1837" value="ⲧ"/>
		<feat xlink:href="#sSpan1840" value="ϩⲓⲙⲉ"/>
		<feat xlink:href="#sSpan1842" value="ⲙ"/>
		<feat xlink:href="#sSpan1846" value="ⲡⲉⲕ"/>
		<feat xlink:href="#sSpan1849" value="ⲥⲟⲛ"/>
		<feat xlink:href="#sSpan1851" value="."/>
		<feat xlink:href="#sSpan1856" value="ϩⲏⲣⲱⲇⲓⲁⲥ"/>
		<feat xlink:href="#sSpan1867" value="ⲇⲉ"/>
		<feat xlink:href="#sSpan1871" value="ⲛⲉ"/>
		<feat xlink:href="#sSpan1875" value="ⲥ"/>
		<feat xlink:href="#sSpan1877" value="ϭⲟⲛⲧ"/>
		<feat xlink:href="#sSpan1879" value="ⲉⲣⲟ"/>
		<feat xlink:href="#sSpan1883" value="ϥ"/>
		<feat xlink:href="#sSpan1885" value="."/>
		<feat xlink:href="#sSpan1889" value="ⲁⲩⲱ"/>
		<feat xlink:href="#sSpan1893" value="ⲛⲉ"/>
		<feat xlink:href="#sSpan1897" value="ⲥ"/>
		<feat xlink:href="#sSpan1899" value="ⲟⲩⲱϣ"/>
		<feat xlink:href="#sSpan1901" value="ⲉ"/>
		<feat xlink:href="#sSpan1905" value="ⲙⲟⲟⲩⲧ"/>
		<feat xlink:href="#sSpan1907" value="ϥ"/>
		<feat xlink:href="#sSpan1909" value="ⲙⲡⲉ"/>
		<feat xlink:href="#sSpan1913" value="ⲥ"/>
		<feat xlink:href="#sSpan1915" value="ϭⲙϭⲟⲙ"/>
		<feat xlink:href="#sSpan1918" value="ⲇⲉ"/>
		<feat xlink:href="#sSpan1922" value="."/>
		<feat xlink:href="#sSpan1926" value="ϩⲏⲣⲱⲇⲏⲥ"/>
		<feat xlink:href="#sSpan1938" value="ⲅⲁⲣ"/>
		<feat xlink:href="#sSpan1942" value="ⲛⲉ"/>
		<feat xlink:href="#sSpan1946" value="ϥ"/>
		<feat xlink:href="#sSpan1948" value="ⲟ"/>
		<feat xlink:href="#sSpan1950" value="ⲛ"/>
		<feat xlink:href="#sSpan1955" value="ϩⲟⲧⲉ"/>
		<feat xlink:href="#sSpan1957" value="ϩⲏⲧ"/>
		<feat xlink:href="#sSpan1961" value="ϥ"/>
		<feat xlink:href="#sSpan1963" value="ⲛ"/>
		<feat xlink:href="#sSpan1968" value="ⲓⲱϩⲁⲛⲛⲏⲥ"/>
		<feat xlink:href="#sSpan1971" value="ⲉ"/>
		<feat xlink:href="#sSpan1975" value="ϥ"/>
		<feat xlink:href="#sSpan1977" value="ⲥⲟⲟⲩⲛ"/>
		<feat xlink:href="#sSpan1979" value="ⲙⲙⲟ"/>
		<feat xlink:href="#sSpan1983" value="ϥ"/>
		<feat xlink:href="#sSpan1985" value="ϫⲉ"/>
		<feat xlink:href="#sSpan1989" value="ⲟⲩ"/>
		<feat xlink:href="#sSpan1992" value="ⲣⲱⲙⲉ"/>
		<feat xlink:href="#sSpan1994" value="ⲛ"/>
		<feat xlink:href="#sSpan1999" value="ⲇⲓⲕⲁⲓⲟⲥ"/>
		<feat xlink:href="#sSpan2001" value="ⲡⲉ"/>
		<feat xlink:href="#sSpan2003" value="ⲉ"/>
		<feat xlink:href="#sSpan2007" value="ϥ"/>
		<feat xlink:href="#sSpan2009" value="ⲟⲩⲁⲁⲃ"/>
		<feat xlink:href="#sSpan2011" value="ⲁⲩⲱ"/>
		<feat xlink:href="#sSpan2015" value="ⲛⲉ"/>
		<feat xlink:href="#sSpan2019" value="ϥ"/>
		<feat xlink:href="#sSpan2021" value="ⲧⲙⲁⲓⲟ"/>
		<feat xlink:href="#sSpan2023" value="ⲙⲙⲟ"/>
		<feat xlink:href="#sSpan2027" value="ϥ"/>
		<feat xlink:href="#sSpan2029" value="ⲛⲧⲉⲣⲉ"/>
		<feat xlink:href="#sSpan2033" value="ϥ"/>
		<feat xlink:href="#sSpan2035" value="ⲥⲱⲧⲙ"/>
		<feat xlink:href="#sSpan2038" value="ⲇⲉ"/>
		<feat xlink:href="#sSpan2042" value="ⲉⲣⲟ"/>
		<feat xlink:href="#sSpan2046" value="ϥ"/>
		<feat xlink:href="#sSpan2048" value="ⲛ"/>
		<feat xlink:href="#sSpan2052" value="ϩⲁϩ"/>
		<feat xlink:href="#sSpan2055" value="ⲛ"/>
		<feat xlink:href="#sSpan2059" value="ⲥⲟⲡ"/>
		<feat xlink:href="#sSpan2061" value="ⲁ"/>
		<feat xlink:href="#sSpan2065" value="ϥ"/>
		<feat xlink:href="#sSpan2068" value="ⲣϣⲡⲏⲣⲉ"/>
		<feat xlink:href="#sSpan2071" value="ⲁⲩⲱ"/>
		<feat xlink:href="#sSpan2075" value="ⲛⲉ"/>
		<feat xlink:href="#sSpan2079" value="ϥ"/>
		<feat xlink:href="#sSpan2081" value="ⲥⲱⲧⲙ"/>
		<feat xlink:href="#sSpan2083" value="ⲉⲣⲟ"/>
		<feat xlink:href="#sSpan2087" value="ϥ"/>
		<feat xlink:href="#sSpan2089" value="ⲉ"/>
		<feat xlink:href="#sSpan2093" value="ϥ"/>
		<feat xlink:href="#sSpan2096" value="ⲡⲓⲑⲉ"/>
		<feat xlink:href="#sSpan2098" value="."/>
		<feat xlink:href="#sSpan2102" value="ⲛⲧⲉⲣⲉ"/>
		<feat xlink:href="#sSpan2112" value="ⲟⲩ"/>
		<feat xlink:href="#sSpan2115" value="ϩⲟⲟⲩ"/>
		<feat xlink:href="#sSpan2118" value="ⲇⲉ"/>
		<feat xlink:href="#sSpan2122" value="ⲛ"/>
		<feat xlink:href="#sSpan2126" value="ⲣⲁⲛ"/>
		<feat xlink:href="#sSpan2128" value="ϣⲱⲡⲉ"/>
		<feat xlink:href="#sSpan2132" value="ⲉ"/>
		<feat xlink:href="#sSpan2136" value="ⲁ"/>
		<feat xlink:href="#sSpan2139" value="ϩⲏⲣⲱⲇⲏⲥ"/>
		<feat xlink:href="#sSpan2142" value="ϩⲙ"/>
		<feat xlink:href="#sSpan2146" value="ⲡⲉϥ"/>
		<feat xlink:href="#sSpan2150" value="ϩⲟⲩⲙⲓⲥⲉ"/>
		<feat xlink:href="#sSpan2153" value="ⲣ"/>
		<feat xlink:href="#sSpan2157" value="ⲟⲩ"/>
		<feat xlink:href="#sSpan2161" value="ⲇⲓⲡⲛⲟⲛ"/>
		<feat xlink:href="#sSpan2163" value="ⲉ"/>
		<feat xlink:href="#sSpan2167" value="ⲛⲉϥ"/>
		<feat xlink:href="#sSpan2171" value="ⲙⲉⲅⲓⲥⲧⲁⲛⲟⲥ"/>
		<feat xlink:href="#sSpan2173" value="ⲁⲩⲱ"/>
		<feat xlink:href="#sSpan2177" value="ⲉ"/>
		<feat xlink:href="#sSpan2181" value="ⲛ"/>
		<feat xlink:href="#sSpan2185" value="ⲭⲓⲗⲓⲁⲣⲭⲟⲥ"/>
		<feat xlink:href="#sSpan2187" value="ⲙⲛ"/>
		<feat xlink:href="#sSpan2191" value="ⲛ"/>
		<feat xlink:href="#sSpan2194" value="ⲛⲟϭ"/>
		<feat xlink:href="#sSpan2196" value="ⲛ"/>
		<feat xlink:href="#sSpan2200" value="ⲧ"/>
		<feat xlink:href="#sSpan2204" value="ⲅⲁⲗⲓⲗⲁⲓⲁ"/>
		<feat xlink:href="#sSpan2206" value="."/>
		<feat xlink:href="#sSpan2210" value="ⲁ"/>
		<feat xlink:href="#sSpan2220" value="ⲥ"/>
		<feat xlink:href="#sSpan2222" value="ⲉⲓ"/>
		<feat xlink:href="#sSpan2225" value="ⲉϩⲟⲩⲛ"/>
		<feat xlink:href="#sSpan2229" value="ⲛϭⲓ"/>
		<feat xlink:href="#sSpan2233" value="ⲧ"/>
		<feat xlink:href="#sSpan2236" value="ϣⲉⲉⲣⲉ"/>
		<feat xlink:href="#sSpan2238" value="ⲛ"/>
		<feat xlink:href="#sSpan2243" value="ϩⲏⲣⲱⲇⲓⲁⲥ"/>
		<feat xlink:href="#sSpan2246" value="ⲁ"/>
		<feat xlink:href="#sSpan2250" value="ⲥ"/>
		<feat xlink:href="#sSpan2253" value="ⲟⲣⲭⲉ"/>
		<feat xlink:href="#sSpan2255" value="ⲁ"/>
		<feat xlink:href="#sSpan2259" value="ⲥ"/>
		<feat xlink:href="#sSpan2261" value="ⲣ"/>
		<feat xlink:href="#sSpan2263" value="ⲁⲛⲁ"/>
		<feat xlink:href="#sSpan2265" value="ϥ"/>
		<feat xlink:href="#sSpan2267" value="ⲛ"/>
		<feat xlink:href="#sSpan2272" value="ϩⲏⲣⲱⲇⲏⲥ"/>
		<feat xlink:href="#sSpan2275" value="ⲙⲛ"/>
		<feat xlink:href="#sSpan2279" value="ⲛ"/>
		<feat xlink:href="#sSpan2282" value="ⲉⲧ"/>
		<feat xlink:href="#sSpan2284" value="ⲛⲏϫ"/>
		<feat xlink:href="#sSpan2286" value="."/>
		<feat xlink:href="#sSpan2290" value="ⲡ"/>
		<feat xlink:href="#sSpan2295" value="ⲣⲣⲟ"/>
		<feat xlink:href="#sSpan2298" value="ⲇⲉ"/>
		<feat xlink:href="#sSpan2302" value="ⲁ"/>
		<feat xlink:href="#sSpan2306" value="ϥ"/>
		<feat xlink:href="#sSpan2308" value="ϫⲟⲟ"/>
		<feat xlink:href="#sSpan2310" value="ⲥ"/>
		<feat xlink:href="#sSpan2312" value="ⲛ"/>
		<feat xlink:href="#sSpan2316" value="ⲧ"/>
		<feat xlink:href="#sSpan2319" value="ϣⲉⲉⲣⲉ"/>
		<feat xlink:href="#sSpan2322" value="ϣⲏⲙ"/>
		<feat xlink:href="#sSpan2326" value="ϫⲉ"/>
		<feat xlink:href="#sSpan2331" value="ⲁⲓⲧⲉⲓ"/>
		<feat xlink:href="#sSpan2333" value="ⲙⲙⲟ"/>
		<feat xlink:href="#sSpan2337" value="ⲓ"/>
		<feat xlink:href="#sSpan2339" value="ⲙ"/>
		<feat xlink:href="#sSpan2343" value="ⲡ"/>
		<feat xlink:href="#sSpan2346" value="ⲉⲧⲉ"/>
		<feat xlink:href="#sSpan2348" value="ⲟⲩⲁϣ"/>
		<feat xlink:href="#sSpan2350" value="ϥ"/>
		<feat xlink:href="#sSpan2352" value="ⲁⲩⲱ"/>
		<feat xlink:href="#sSpan2356" value="ϯ"/>
		<feat xlink:href="#sSpan2360" value="ⲛⲁ"/>
		<feat xlink:href="#sSpan2362" value="ⲧⲁⲁ"/>
		<feat xlink:href="#sSpan2364" value="ϥ"/>
		<feat xlink:href="#sSpan2366" value="ⲛ"/>
		<feat xlink:href="#sSpan2370" value="ⲉ"/>
		<feat xlink:href="#sSpan2372" value="."/>
		<feat xlink:href="#sSpan2376" value="ⲁⲩⲱ"/>
		<feat xlink:href="#sSpan2386" value="ⲁ"/>
		<feat xlink:href="#sSpan2390" value="ϥ"/>
		<feat xlink:href="#sSpan2393" value="ϩⲟⲙⲟⲗⲟⲅⲉⲓ"/>
		<feat xlink:href="#sSpan2395" value="ⲛⲁ"/>
		<feat xlink:href="#sSpan2399" value="ⲥ"/>
		<feat xlink:href="#sSpan2401" value="ϫⲉ"/>
		<feat xlink:href="#sSpan2405" value="ⲡ"/>
		<feat xlink:href="#sSpan2408" value="ⲉⲧⲉⲣ"/>
		<feat xlink:href="#sSpan2410" value="ⲁ"/>
		<feat xlink:href="#sSpan2413" value="ⲁⲓⲧⲉⲓ"/>
		<feat xlink:href="#sSpan2415" value="ⲙⲙⲟ"/>
		<feat xlink:href="#sSpan2419" value="ⲓ"/>
		<feat xlink:href="#sSpan2421" value="ⲙⲙⲟ"/>
		<feat xlink:href="#sSpan2425" value="ϥ"/>
		<feat xlink:href="#sSpan2427" value="ϯ"/>
		<feat xlink:href="#sSpan2431" value="ⲛⲁ"/>
		<feat xlink:href="#sSpan2433" value="ⲧⲁⲁ"/>
		<feat xlink:href="#sSpan2435" value="ϥ"/>
		<feat xlink:href="#sSpan2437" value="ⲛ"/>
		<feat xlink:href="#sSpan2441" value="ⲉ"/>
		<feat xlink:href="#sSpan2443" value="ϣⲁ"/>
		<feat xlink:href="#sSpan2447" value="ⲧ"/>
		<feat xlink:href="#sSpan2450" value="ⲡⲁϣⲉ"/>
		<feat xlink:href="#sSpan2452" value="ⲛ"/>
		<feat xlink:href="#sSpan2456" value="ⲧⲁ"/>
		<feat xlink:href="#sSpan2460" value="ⲙⲛⲧⲣⲣⲟ"/>
		<feat xlink:href="#sSpan2463" value="."/>
		<feat xlink:href="#sSpan2467" value="ⲛⲧⲉⲣⲉ"/>
		<feat xlink:href="#sSpan2477" value="ⲥ"/>
		<feat xlink:href="#sSpan2479" value="ⲉⲓ"/>
		<feat xlink:href="#sSpan2482" value="ⲇⲉ"/>
		<feat xlink:href="#sSpan2486" value="ⲉⲃⲟⲗ"/>
		<feat xlink:href="#sSpan2490" value="ⲁ"/>
		<feat xlink:href="#sSpan2494" value="ⲥ"/>
		<feat xlink:href="#sSpan2496" value="ϫⲟⲟ"/>
		<feat xlink:href="#sSpan2498" value="ⲥ"/>
		<feat xlink:href="#sSpan2500" value="ⲛ"/>
		<feat xlink:href="#sSpan2504" value="ⲧⲉⲥ"/>
		<feat xlink:href="#sSpan2507" value="ⲙⲁⲁⲩ"/>
		<feat xlink:href="#sSpan2509" value="ϫⲉ"/>
		<feat xlink:href="#sSpan2513" value="ⲧⲁ"/>
		<feat xlink:href="#sSpan2518" value="ⲁⲓⲧⲉⲓ"/>
		<feat xlink:href="#sSpan2520" value="ⲛ"/>
		<feat xlink:href="#sSpan2524" value="ⲟⲩ"/>
		<feat xlink:href="#sSpan2526" value="."/>
		<feat xlink:href="#sSpan2530" value="ⲛⲧⲟⲥ"/>
		<feat xlink:href="#sSpan2535" value="ⲇⲉ"/>
		<feat xlink:href="#sSpan2539" value="ⲡⲉϫⲁ"/>
		<feat xlink:href="#sSpan2543" value="ⲥ"/>
		<feat xlink:href="#sSpan2545" value="ϫⲉ"/>
		<feat xlink:href="#sSpan2550" value="ⲉⲧⲓ"/>
		<feat xlink:href="#sSpan2552" value="ⲛ"/>
		<feat xlink:href="#sSpan2556" value="ⲧ"/>
		<feat xlink:href="#sSpan2559" value="ⲁⲡⲉ"/>
		<feat xlink:href="#sSpan2561" value="ⲛ"/>
		<feat xlink:href="#sSpan2566" value="ⲓⲱϩⲁⲛⲛⲏⲥ"/>
		<feat xlink:href="#sSpan2569" value="ⲡ"/>
		<feat xlink:href="#sSpan2574" value="ⲃⲁⲡⲧⲓⲥⲧⲏⲥ"/>
		<feat xlink:href="#sSpan2576" value="ⲁⲩⲱ"/>
		<feat xlink:href="#sSpan2586" value="ⲛⲧⲉⲣⲉ"/>
		<feat xlink:href="#sSpan2590" value="ⲥ"/>
		<feat xlink:href="#sSpan2592" value="ⲃⲱⲕ"/>
		<feat xlink:href="#sSpan2595" value="ⲉϩⲟⲩⲛ"/>
		<feat xlink:href="#sSpan2599" value="ⲛ"/>
		<feat xlink:href="#sSpan2603" value="ⲧⲉ"/>
		<feat xlink:href="#sSpan2605" value="ⲩⲛⲟⲩ"/>
		<feat xlink:href="#sSpan2607" value="ϣⲁ"/>
		<feat xlink:href="#sSpan2611" value="ⲡ"/>
		<feat xlink:href="#sSpan2614" value="ⲣⲣⲟ"/>
		<feat xlink:href="#sSpan2616" value="ⲁ"/>
		<feat xlink:href="#sSpan2620" value="ⲥ"/>
		<feat xlink:href="#sSpan2623" value="ⲁⲓⲧⲉⲓ"/>
		<feat xlink:href="#sSpan2625" value="ⲙⲙⲟ"/>
		<feat xlink:href="#sSpan2629" value="ϥ"/>
		<feat xlink:href="#sSpan2631" value="ⲉ"/>
		<feat xlink:href="#sSpan2635" value="ⲥ"/>
		<feat xlink:href="#sSpan2637" value="ϫⲱ"/>
		<feat xlink:href="#sSpan2639" value="ⲙⲙⲟ"/>
		<feat xlink:href="#sSpan2643" value="ⲥ"/>
		<feat xlink:href="#sSpan2645" value="ϫⲉ"/>
		<feat xlink:href="#sSpan2649" value="ϯ"/>
		<feat xlink:href="#sSpan2651" value="ⲟⲩⲱϣ"/>
		<feat xlink:href="#sSpan2653" value="ϫⲉⲕⲁⲁⲥ"/>
		<feat xlink:href="#sSpan2657" value="ⲧⲉⲛⲟⲩ"/>
		<feat xlink:href="#sSpan2661" value="ⲉⲕⲉ"/>
		<feat xlink:href="#sSpan2665" value="ϯ"/>
		<feat xlink:href="#sSpan2667" value="ⲛⲁ"/>
		<feat xlink:href="#sSpan2671" value="ⲓ"/>
		<feat xlink:href="#sSpan2673" value="ϩⲓϫⲛ"/>
		<feat xlink:href="#sSpan2677" value="ⲟⲩ"/>
		<feat xlink:href="#sSpan2681" value="ⲡⲓⲛⲁⲝ"/>
		<feat xlink:href="#sSpan2683" value="ⲛ"/>
		<feat xlink:href="#sSpan2687" value="ⲧ"/>
		<feat xlink:href="#sSpan2690" value="ⲁⲡⲉ"/>
		<feat xlink:href="#sSpan2692" value="ⲛ"/>
		<feat xlink:href="#sSpan2697" value="ⲓⲱϩⲁⲛⲛⲏⲥ"/>
		<feat xlink:href="#sSpan2700" value="ⲡ"/>
		<feat xlink:href="#sSpan2705" value="ⲃⲁⲡⲧⲓⲥⲧⲏⲥ"/>
		<feat xlink:href="#sSpan2707" value="."/>
		<feat xlink:href="#sSpan2711" value="ⲁⲩⲱ"/>
		<feat xlink:href="#sSpan2721" value="ⲛⲧⲉⲣⲉ"/>
		<feat xlink:href="#sSpan2725" value="ϥ"/>
		<feat xlink:href="#sSpan2727" value="ⲙⲕⲁϩ"/>
		<feat xlink:href="#sSpan2729" value="ⲛ"/>
		<feat xlink:href="#sSpan2733" value="ϩⲏⲧ"/>
		<feat xlink:href="#sSpan2735" value="ⲛϭⲓ"/>
		<feat xlink:href="#sSpan2739" value="ⲡ"/>
		<feat xlink:href="#sSpan2742" value="ⲣⲣⲟ"/>
		<feat xlink:href="#sSpan2744" value="."/>
		<feat xlink:href="#sSpan2748" value="ⲉⲧⲃⲉ"/>
		<feat xlink:href="#sSpan2752" value="ⲛ"/>
		<feat xlink:href="#sSpan2755" value="ⲁⲛⲁⲩϣ"/>
		<feat xlink:href="#sSpan2757" value="ⲙⲛ"/>
		<feat xlink:href="#sSpan2761" value="ⲛ"/>
		<feat xlink:href="#sSpan2764" value="ⲉⲧ"/>
		<feat xlink:href="#sSpan2766" value="ⲛⲏϫ"/>
		<feat xlink:href="#sSpan2768" value="ⲛⲙⲙⲁ"/>
		<feat xlink:href="#sSpan2772" value="ϥ"/>
		<feat xlink:href="#sSpan2774" value="ⲙⲡ"/>
		<feat xlink:href="#sSpan2778" value="ϥ"/>
		<feat xlink:href="#sSpan2780" value="ⲟⲩⲱϣ"/>
		<feat xlink:href="#sSpan2782" value="ⲉ"/>
		<feat xlink:href="#sSpan2786" value="ⲧⲥⲧⲟ"/>
		<feat xlink:href="#sSpan2788" value="ⲥ"/>
		<feat xlink:href="#sSpan2790" value="ⲉⲃⲟⲗ"/>
		<feat xlink:href="#sSpan2794" value="."/>
		<feat xlink:href="#sSpan2798" value="ⲁⲩⲱ"/>
		<feat xlink:href="#sSpan2808" value="ⲛ"/>
		<feat xlink:href="#sSpan2812" value="ⲧⲉ"/>
		<feat xlink:href="#sSpan2814" value="ⲩⲛⲟⲩ"/>
		<feat xlink:href="#sSpan2816" value="ⲡ"/>
		<feat xlink:href="#sSpan2821" value="ⲣⲣⲟ"/>
		<feat xlink:href="#sSpan2823" value="ⲁ"/>
		<feat xlink:href="#sSpan2827" value="ϥ"/>
		<feat xlink:href="#sSpan2829" value="ϫⲟⲟⲩ"/>
		<feat xlink:href="#sSpan2831" value="ⲛ"/>
		<feat xlink:href="#sSpan2835" value="ⲟⲩ"/>
		<feat xlink:href="#sSpan2839" value="ⲥⲡⲉⲕⲟⲩⲗⲁⲧⲱⲣ"/>
		<feat xlink:href="#sSpan2841" value="ⲁ"/>
		<feat xlink:href="#sSpan2845" value="ϥ"/>
		<feat xlink:href="#sSpan2848" value="ⲟⲩⲉϩⲥⲁϩⲛⲉ"/>
		<feat xlink:href="#sSpan2851" value="ⲛⲁ"/>
		<feat xlink:href="#sSpan2855" value="ϥ"/>
		<feat xlink:href="#sSpan2857" value="ⲉ"/>
		<feat xlink:href="#sSpan2861" value="ⲧⲣⲉ"/>
		<feat xlink:href="#sSpan2863" value="ϥ"/>
		<feat xlink:href="#sSpan2865" value="ⲛ"/>
		<feat xlink:href="#sSpan2867" value="ⲧⲉϥ"/>
		<feat xlink:href="#sSpan2870" value="ⲁⲡⲉ"/>
		<feat xlink:href="#sSpan2872" value="."/>
		<feat xlink:href="#sSpan2876" value="ⲁ"/>
		<feat xlink:href="#sSpan2880" value="ϥ"/>
		<feat xlink:href="#sSpan2882" value="ⲃⲱⲕ"/>
		<feat xlink:href="#sSpan2885" value="ⲇⲉ"/>
		<feat xlink:href="#sSpan2889" value="ⲁ"/>
		<feat xlink:href="#sSpan2893" value="ϥ"/>
		<feat xlink:href="#sSpan2895" value="ϥⲓ"/>
		<feat xlink:href="#sSpan2897" value="ⲧⲉϥ"/>
		<feat xlink:href="#sSpan2900" value="ⲁⲡⲉ"/>
		<feat xlink:href="#sSpan2902" value="ϩⲙ"/>
		<feat xlink:href="#sSpan2906" value="ⲡⲉ"/>
		<feat xlink:href="#sSpan2909" value="ϣⲧⲉⲕⲟ"/>
		<feat xlink:href="#sSpan2911" value="."/>
		<feat xlink:href="#sSpan2915" value="ⲁ"/>
		<feat xlink:href="#sSpan2924" value="ϥ"/>
		<feat xlink:href="#sSpan2926" value="ⲛⲧ"/>
		<feat xlink:href="#sSpan2928" value="ⲥ"/>
		<feat xlink:href="#sSpan2930" value="ϩⲓϫⲙ"/>
		<feat xlink:href="#sSpan2934" value="ⲡ"/>
		<feat xlink:href="#sSpan2938" value="ⲡⲓⲛⲁⲝ"/>
		<feat xlink:href="#sSpan2940" value="ⲁ"/>
		<feat xlink:href="#sSpan2944" value="ϥ"/>
		<feat xlink:href="#sSpan2946" value="ⲧⲁⲁ"/>
		<feat xlink:href="#sSpan2948" value="ⲥ"/>
		<feat xlink:href="#sSpan2950" value="ⲛ"/>
		<feat xlink:href="#sSpan2954" value="ⲧ"/>
		<feat xlink:href="#sSpan2957" value="ϣⲉⲉⲣⲉ"/>
		<feat xlink:href="#sSpan2960" value="ϣⲏⲙ"/>
		<feat xlink:href="#sSpan2964" value="ⲧ"/>
		<feat xlink:href="#sSpan2969" value="ϣⲉⲉⲣⲉ"/>
		<feat xlink:href="#sSpan2972" value="ϣⲏⲙ"/>
		<feat xlink:href="#sSpan2977" value="ⲇⲉ"/>
		<feat xlink:href="#sSpan2981" value="ⲁ"/>
		<feat xlink:href="#sSpan2985" value="ⲥ"/>
		<feat xlink:href="#sSpan2987" value="ⲧⲁⲁ"/>
		<feat xlink:href="#sSpan2989" value="ⲥ"/>
		<feat xlink:href="#sSpan2991" value="ⲛ"/>
		<feat xlink:href="#sSpan2995" value="ⲧⲉⲥ"/>
		<feat xlink:href="#sSpan2998" value="ⲙⲁⲁⲩ"/>
		<feat xlink:href="#sSpan3000" value="."/>
		<feat xlink:href="#sSpan3004" value="ⲁⲩⲱ"/>
		<feat xlink:href="#sSpan3013" value="ⲛⲧⲉⲣ"/>
		<feat xlink:href="#sSpan3017" value="ⲟⲩ"/>
		<feat xlink:href="#sSpan3019" value="ⲥⲱⲧⲙ"/>
		<feat xlink:href="#sSpan3021" value="ⲛϭⲓ"/>
		<feat xlink:href="#sSpan3025" value="ⲙ"/>
		<feat xlink:href="#sSpan3029" value="ⲙⲁⲑⲏⲧⲏⲥ"/>
		<feat xlink:href="#sSpan3031" value="."/>
		<feat xlink:href="#sSpan3035" value="ⲁ"/>
		<feat xlink:href="#sSpan3039" value="ⲩ"/>
		<feat xlink:href="#sSpan3041" value="ⲉⲓ"/>
		<feat xlink:href="#sSpan3043" value="ⲁ"/>
		<feat xlink:href="#sSpan3047" value="ⲩ"/>
		<feat xlink:href="#sSpan3049" value="ϥⲓ"/>
		<feat xlink:href="#sSpan3051" value="ⲡⲉϥ"/>
		<feat xlink:href="#sSpan3055" value="ⲥⲱⲙⲁ"/>
		<feat xlink:href="#sSpan3057" value="ⲁ"/>
		<feat xlink:href="#sSpan3061" value="ⲩ"/>
		<feat xlink:href="#sSpan3063" value="ⲕⲁⲁ"/>
		<feat xlink:href="#sSpan3065" value="ϥ"/>
		<feat xlink:href="#sSpan3067" value="ϩⲛ"/>
		<feat xlink:href="#sSpan3071" value="ⲟⲩ"/>
		<feat xlink:href="#sSpan3074" value="ⲙϩⲁⲟⲩ"/>
		<feat xlink:href="#sSpan3076" value="."/>
		<feat xlink:href="#sSpan3080" value="ⲛ"/>
		<feat xlink:href="#sSpan3092" value="ⲁⲡⲟⲥⲧⲟⲗⲟⲥ"/>
		<feat xlink:href="#sSpan3095" value="ⲇⲉ"/>
		<feat xlink:href="#sSpan3099" value="ⲁ"/>
		<feat xlink:href="#sSpan3103" value="ⲩ"/>
		<feat xlink:href="#sSpan3105" value="ⲥⲱⲟⲩϩ"/>
		<feat xlink:href="#sSpan3107" value="ⲉ"/>
		<feat xlink:href="#sSpan3112" value="ⲓⲏⲥⲟⲩⲥ"/>
		<feat xlink:href="#sSpan3115" value="ⲁⲩⲱ"/>
		<feat xlink:href="#sSpan3119" value="ⲁ"/>
		<feat xlink:href="#sSpan3123" value="ⲩ"/>
		<feat xlink:href="#sSpan3125" value="ϫⲱ"/>
		<feat xlink:href="#sSpan3127" value="ⲁ"/>
		<feat xlink:href="#sSpan3131" value="ⲩ"/>
		<feat xlink:href="#sSpan3133" value="ⲧⲁⲟⲩⲟ"/>
		<feat xlink:href="#sSpan3135" value="ⲉⲣⲟ"/>
		<feat xlink:href="#sSpan3139" value="ϥ"/>
		<feat xlink:href="#sSpan3141" value="ⲛ"/>
		<feat xlink:href="#sSpan3145" value="ⲛ"/>
		<feat xlink:href="#sSpan3148" value="ⲉⲛⲧ"/>
		<feat xlink:href="#sSpan3150" value="ⲁ"/>
		<feat xlink:href="#sSpan3152" value="ⲩ"/>
		<feat xlink:href="#sSpan3154" value="ⲁⲁ"/>
		<feat xlink:href="#sSpan3156" value="ⲩ"/>
		<feat xlink:href="#sSpan3158" value="ⲧⲏⲣ"/>
		<feat xlink:href="#sSpan3162" value="ⲟⲩ"/>
		<feat xlink:href="#sSpan3164" value="ⲙⲛ"/>
		<feat xlink:href="#sSpan3168" value="ⲛ"/>
		<feat xlink:href="#sSpan3171" value="ⲉⲛⲧ"/>
		<feat xlink:href="#sSpan3173" value="ⲁ"/>
		<feat xlink:href="#sSpan3175" value="ⲩ"/>
		<feat xlink:href="#sSpan3177" value="ⲁⲁ"/>
		<feat xlink:href="#sSpan3179" value="ⲩ"/>
		<feat xlink:href="#sSpan3181" value="ⲛ"/>
		<feat xlink:href="#sSpan3185" value="ⲥⲃⲱ"/>
		<feat xlink:href="#sSpan3187" value="ⲡⲉϫⲉ"/>
		<feat xlink:href="#sSpan3198" value="ⲓⲏⲥⲟⲩⲥ"/>
		<feat xlink:href="#sSpan3202" value="ⲇⲉ"/>
		<feat xlink:href="#sSpan3206" value="ⲛⲁ"/>
		<feat xlink:href="#sSpan3210" value="ⲩ"/>
		<feat xlink:href="#sSpan3212" value="ϫⲉ"/>
		<feat xlink:href="#sSpan3216" value="ⲁⲙⲏⲓⲛ"/>
		<feat xlink:href="#sSpan3218" value="ⲛⲧⲱⲧⲛ"/>
		<feat xlink:href="#sSpan3222" value="ⲛⲥⲁ"/>
		<feat xlink:href="#sSpan3226" value="ⲩ"/>
		<feat xlink:href="#sSpan3229" value="ⲥⲁ"/>
		<feat xlink:href="#sSpan3231" value="ⲉ"/>
		<feat xlink:href="#sSpan3235" value="ⲩ"/>
		<feat xlink:href="#sSpan3238" value="ⲙⲁ"/>
		<feat xlink:href="#sSpan3240" value="ⲛ"/>
		<feat xlink:href="#sSpan3244" value="ϫⲁⲓⲉ"/>
		<feat xlink:href="#sSpan3246" value="ⲛ"/>
		<feat xlink:href="#sSpan3250" value="ⲧⲉⲧⲛ"/>
		<feat xlink:href="#sSpan3252" value="ⲙⲧⲟⲛ"/>
		<feat xlink:href="#sSpan3254" value="ⲙⲙⲱ"/>
		<feat xlink:href="#sSpan3258" value="ⲧⲛ"/>
		<feat xlink:href="#sSpan3260" value="ⲛ"/>
		<feat xlink:href="#sSpan3264" value="ⲟⲩ"/>
		<feat xlink:href="#sSpan3266" value="ⲕⲟⲩⲓ"/>
		<feat xlink:href="#sSpan3268" value="ⲛ"/>
		<feat xlink:href="#sSpan3273" value="ⲉⲧ"/>
		<feat xlink:href="#sSpan3275" value="ⲛⲏⲩ"/>
		<feat xlink:href="#sSpan3278" value="ⲅⲁⲣ"/>
		<feat xlink:href="#sSpan3282" value="ⲁⲩⲱ"/>
		<feat xlink:href="#sSpan3286" value="ⲛ"/>
		<feat xlink:href="#sSpan3291" value="ⲉⲧ"/>
		<feat xlink:href="#sSpan3293" value="ⲃⲏⲕ"/>
		<feat xlink:href="#sSpan3295" value="ⲛⲉ"/>
		<feat xlink:href="#sSpan3299" value="ⲛⲁϣⲱ"/>
		<feat xlink:href="#sSpan3301" value="ⲟⲩ"/>
		<feat xlink:href="#sSpan3303" value="ⲉ"/>
		<feat xlink:href="#sSpan3307" value="ⲙⲁ"/>
		<feat xlink:href="#sSpan3309" value="ⲩ"/>
		<feat xlink:href="#sSpan3311" value="ⲕⲁⲁ"/>
		<feat xlink:href="#sSpan3313" value="ⲩ"/>
		<feat xlink:href="#sSpan3315" value="ⲉ"/>
		<feat xlink:href="#sSpan3319" value="ⲥⲣϥⲉ"/>
		<feat xlink:href="#sSpan3322" value="ⲉ"/>
		<feat xlink:href="#sSpan3326" value="ⲟⲩⲱⲙ"/>
		<feat xlink:href="#sSpan3328" value="ⲁⲩⲱ"/>
		<feat xlink:href="#sSpan3338" value="ⲁ"/>
		<feat xlink:href="#sSpan3342" value="ⲩ"/>
		<feat xlink:href="#sSpan3344" value="ⲧⲁⲗⲉ"/>
		<feat xlink:href="#sSpan3346" value="ⲉ"/>
		<feat xlink:href="#sSpan3350" value="ⲡ"/>
		<feat xlink:href="#sSpan3353" value="ϫⲟⲉⲓ"/>
		<feat xlink:href="#sSpan3355" value="ⲁ"/>
		<feat xlink:href="#sSpan3359" value="ⲩ"/>
		<feat xlink:href="#sSpan3361" value="ⲃⲱⲕ"/>
		<feat xlink:href="#sSpan3363" value="ⲙⲁⲩⲁⲁ"/>
		<feat xlink:href="#sSpan3367" value="ⲩ"/>
		<feat xlink:href="#sSpan3369" value="ⲉ"/>
		<feat xlink:href="#sSpan3373" value="ⲩ"/>
		<feat xlink:href="#sSpan3376" value="ⲙⲁ"/>
		<feat xlink:href="#sSpan3378" value="ⲛ"/>
		<feat xlink:href="#sSpan3382" value="ϫⲁⲓⲉ"/>
		<feat xlink:href="#sSpan3384" value="."/>
		<feat xlink:href="#sSpan3388" value="ⲁ"/>
		<feat xlink:href="#sSpan3398" value="ϩⲁϩ"/>
		<feat xlink:href="#sSpan3402" value="ⲇⲉ"/>
		<feat xlink:href="#sSpan3406" value="ⲛⲁⲩ"/>
		<feat xlink:href="#sSpan3410" value="ⲉⲣⲟ"/>
		<feat xlink:href="#sSpan3414" value="ⲟⲩ"/>
		<feat xlink:href="#sSpan3416" value="ⲉ"/>
		<feat xlink:href="#sSpan3420" value="ⲩ"/>
		<feat xlink:href="#sSpan3422" value="ⲃⲏⲕ"/>
		<feat xlink:href="#sSpan3424" value="ⲁ"/>
		<feat xlink:href="#sSpan3428" value="ⲩ"/>
		<feat xlink:href="#sSpan3430" value="ⲥⲟⲩⲱⲛ"/>
		<feat xlink:href="#sSpan3432" value="ⲟⲩ"/>
		<feat xlink:href="#sSpan3434" value="ⲁⲩⲱ"/>
		<feat xlink:href="#sSpan3438" value="ⲁ"/>
		<feat xlink:href="#sSpan3442" value="ⲩ"/>
		<feat xlink:href="#sSpan3444" value="ⲉⲓ"/>
		<feat xlink:href="#sSpan3447" value="ⲉⲃⲟⲗ"/>
		<feat xlink:href="#sSpan3451" value="ϩⲛ"/>
		<feat xlink:href="#sSpan3455" value="ⲙ"/>
		<feat xlink:href="#sSpan3459" value="ⲡⲟⲗⲓⲥ"/>
		<feat xlink:href="#sSpan3461" value="."/>
		<feat xlink:href="#sSpan3465" value="ⲁ"/>
		<feat xlink:href="#sSpan3469" value="ⲩ"/>
		<feat xlink:href="#sSpan3471" value="ⲡⲱⲧ"/>
		<feat xlink:href="#sSpan3473" value="ⲉⲣⲁⲧ"/>
		<feat xlink:href="#sSpan3477" value="ⲟⲩ"/>
		<feat xlink:href="#sSpan3479" value="."/>
		<feat xlink:href="#sSpan3483" value="ⲁ"/>
		<feat xlink:href="#sSpan3487" value="ⲩ"/>
		<feat xlink:href="#sSpan3490" value="ⲣϣⲟⲣⲡ"/>
		<feat xlink:href="#sSpan3494" value="ⲇⲉ"/>
		<feat xlink:href="#sSpan3498" value="ⲉⲣⲟ"/>
		<feat xlink:href="#sSpan3502" value="ⲟⲩ"/>
		<feat xlink:href="#sSpan3504" value="."/>
		<feat xlink:href="#sSpan3508" value="ⲁⲩⲱ"/>
		<feat xlink:href="#sSpan3518" value="ⲛⲧⲉⲣⲉ"/>
		<feat xlink:href="#sSpan3522" value="ϥ"/>
		<feat xlink:href="#sSpan3524" value="ⲉⲓ"/>
		<feat xlink:href="#sSpan3527" value="ⲉⲃⲟⲗ"/>
		<feat xlink:href="#sSpan3531" value="ⲁ"/>
		<feat xlink:href="#sSpan3535" value="ϥ"/>
		<feat xlink:href="#sSpan3537" value="ⲛⲁⲩ"/>
		<feat xlink:href="#sSpan3539" value="ⲉ"/>
		<feat xlink:href="#sSpan3543" value="ⲩ"/>
		<feat xlink:href="#sSpan3546" value="ⲛⲟϭ"/>
		<feat xlink:href="#sSpan3548" value="ⲙ"/>
		<feat xlink:href="#sSpan3552" value="ⲙⲏⲏϣⲉ"/>
		<feat xlink:href="#sSpan3554" value="."/>
		<feat xlink:href="#sSpan3558" value="ⲁⲩⲱ"/>
		<feat xlink:href="#sSpan3562" value="ⲁ"/>
		<feat xlink:href="#sSpan3566" value="ϥ"/>
		<feat xlink:href="#sSpan3568" value="ϣⲛ"/>
		<feat xlink:href="#sSpan3570" value="ϩⲧⲏ"/>
		<feat xlink:href="#sSpan3574" value="ϥ"/>
		<feat xlink:href="#sSpan3576" value="ⲉϫⲱ"/>
		<feat xlink:href="#sSpan3580" value="ⲟⲩ"/>
		<feat xlink:href="#sSpan3582" value="ϫⲉ"/>
		<feat xlink:href="#sSpan3586" value="ⲛⲉ"/>
		<feat xlink:href="#sSpan3588" value="ⲩ"/>
		<feat xlink:href="#sSpan3590" value="ⲟ"/>
		<feat xlink:href="#sSpan3592" value="ⲛ"/>
		<feat xlink:href="#sSpan3596" value="ⲧ"/>
		<feat xlink:href="#sSpan3598" value="ϩⲉ"/>
		<feat xlink:href="#sSpan3600" value="ⲛ"/>
		<feat xlink:href="#sSpan3604" value="ϩⲉⲛ"/>
		<feat xlink:href="#sSpan3607" value="ⲉⲥⲟⲟⲩ"/>
		<feat xlink:href="#sSpan3609" value="ⲉ"/>
		<feat xlink:href="#sSpan3613" value="ⲙⲙⲛⲧ"/>
		<feat xlink:href="#sSpan3615" value="ⲟⲩ"/>
		<feat xlink:href="#sSpan3617" value="ϣⲱⲥ"/>
		<feat xlink:href="#sSpan3622" value="ϩⲓϫⲱ"/>
		<feat xlink:href="#sSpan3626" value="ⲟⲩ"/>
		<feat xlink:href="#sSpan3628" value="."/>
		<feat xlink:href="#sSpan3632" value="ⲁⲩⲱ"/>
		<feat xlink:href="#sSpan3636" value="ⲁ"/>
		<feat xlink:href="#sSpan3640" value="ϥ"/>
		<feat xlink:href="#sSpan3643" value="ⲁⲣⲭⲉⲓ"/>
		<feat xlink:href="#sSpan3645" value="ⲉ"/>
		<feat xlink:href="#sSpan3650" value="ϯⲥⲃⲱ"/>
		<feat xlink:href="#sSpan3653" value="ⲛⲁ"/>
		<feat xlink:href="#sSpan3657" value="ⲩ"/>
		<feat xlink:href="#sSpan3659" value="ⲉⲙⲁⲧⲉ"/>
		<feat xlink:href="#sSpan3663" value="ⲛⲧⲉⲣⲉ"/>
		<feat xlink:href="#sSpan3673" value="ⲛⲁⲩ"/>
		<feat xlink:href="#sSpan3677" value="ⲇⲉ"/>
		<feat xlink:href="#sSpan3681" value="ϣⲉ"/>
		<feat xlink:href="#sSpan3685" value="."/>
		<feat xlink:href="#sSpan3689" value="ⲛⲉϥ"/>
		<feat xlink:href="#sSpan3695" value="ⲙⲁⲑⲏⲧⲏⲥ"/>
		<feat xlink:href="#sSpan3697" value="ⲁ"/>
		<feat xlink:href="#sSpan3701" value="ⲩ"/>
		<feat xlink:href="#sSpan3703" value="ϯ"/>
		<feat xlink:href="#sSpan3705" value="ⲡⲉⲩ"/>
		<feat xlink:href="#sSpan3707" value="ⲟⲩⲟⲉⲓ"/>
		<feat xlink:href="#sSpan3709" value="ⲉⲣⲟ"/>
		<feat xlink:href="#sSpan3713" value="ϥ"/>
		<feat xlink:href="#sSpan3715" value="ⲉ"/>
		<feat xlink:href="#sSpan3719" value="ⲩ"/>
		<feat xlink:href="#sSpan3721" value="ϫⲱ"/>
		<feat xlink:href="#sSpan3723" value="ⲙⲙⲟ"/>
		<feat xlink:href="#sSpan3727" value="ⲥ"/>
		<feat xlink:href="#sSpan3729" value="ⲛⲁ"/>
		<feat xlink:href="#sSpan3733" value="ϥ"/>
		<feat xlink:href="#sSpan3735" value="ϫⲉ"/>
		<feat xlink:href="#sSpan3739" value="ⲡ"/>
		<feat xlink:href="#sSpan3742" value="ⲙⲁ"/>
		<feat xlink:href="#sSpan3744" value="ⲟⲩ"/>
		<feat xlink:href="#sSpan3749" value="ϫⲁⲓⲉ"/>
		<feat xlink:href="#sSpan3751" value="ⲡⲉ"/>
		<feat xlink:href="#sSpan3753" value="."/>
		<feat xlink:href="#sSpan3757" value="ⲁⲩⲱ"/>
		<feat xlink:href="#sSpan3762" value="ⲏⲇⲏ"/>
		<feat xlink:href="#sSpan3766" value="ⲁ"/>
		<feat xlink:href="#sSpan3770" value="ⲛⲁⲩ"/>
		<feat xlink:href="#sSpan3773" value="ϣⲉ"/>
		<feat xlink:href="#sSpan3777" value="."/>
		<feat xlink:href="#sSpan3781" value="ⲕⲁⲁ"/>
		<feat xlink:href="#sSpan3791" value="ⲩ"/>
		<feat xlink:href="#sSpan3793" value="ⲉⲃⲟⲗ"/>
		<feat xlink:href="#sSpan3798" value="ϫⲉ"/>
		<feat xlink:href="#sSpan3802" value="ⲉⲩⲉ"/>
		<feat xlink:href="#sSpan3804" value="ⲃⲱⲕ"/>
		<feat xlink:href="#sSpan3807" value="ⲉ"/>
		<feat xlink:href="#sSpan3811" value="ⲛ"/>
		<feat xlink:href="#sSpan3814" value="ⲥⲱϣⲉ"/>
		<feat xlink:href="#sSpan3816" value="ⲉⲧ"/>
		<feat xlink:href="#sSpan3820" value="ϩⲙ"/>
		<feat xlink:href="#sSpan3822" value="ⲡⲉⲩ"/>
		<feat xlink:href="#sSpan3825" value="ⲕⲱⲧⲉ"/>
		<feat xlink:href="#sSpan3828" value="ⲙⲛ"/>
		<feat xlink:href="#sSpan3832" value="ⲛⲉ"/>
		<feat xlink:href="#sSpan3835" value="ⲧⲙⲉ"/>
		<feat xlink:href="#sSpan3837" value="ⲛ"/>
		<feat xlink:href="#sSpan3841" value="ⲥⲉ"/>
		<feat xlink:href="#sSpan3843" value="ⲧⲟⲟⲩ"/>
		<feat xlink:href="#sSpan3845" value="ⲛⲁ"/>
		<feat xlink:href="#sSpan3849" value="ⲩ"/>
		<feat xlink:href="#sSpan3851" value="ⲛ"/>
		<feat xlink:href="#sSpan3855" value="ⲛ"/>
		<feat xlink:href="#sSpan3858" value="ⲉⲧ"/>
		<feat xlink:href="#sSpan3860" value="ⲟⲩ"/>
		<feat xlink:href="#sSpan3862" value="ⲛⲁ"/>
		<feat xlink:href="#sSpan3864" value="ⲟⲩⲟⲙ"/>
		<feat xlink:href="#sSpan3866" value="ⲟⲩ"/>
		<feat xlink:href="#sSpan3868" value="."/>
		<feat xlink:href="#sSpan3872" value="ⲛⲧⲟϥ"/>
		<feat xlink:href="#sSpan3883" value="ⲇⲉ"/>
		<feat xlink:href="#sSpan3887" value="ⲁ"/>
		<feat xlink:href="#sSpan3891" value="ϥ"/>
		<feat xlink:href="#sSpan3893" value="ⲟⲩⲱϣⲃ"/>
		<feat xlink:href="#sSpan3895" value="ⲉ"/>
		<feat xlink:href="#sSpan3899" value="ϥ"/>
		<feat xlink:href="#sSpan3901" value="ϫⲱ"/>
		<feat xlink:href="#sSpan3903" value="ⲙⲙⲟ"/>
		<feat xlink:href="#sSpan3907" value="ⲥ"/>
		<feat xlink:href="#sSpan3909" value="ⲛⲁ"/>
		<feat xlink:href="#sSpan3913" value="ⲩ"/>
		<feat xlink:href="#sSpan3915" value="ϫⲉ"/>
		<feat xlink:href="#sSpan3919" value="ϯ"/>
		<feat xlink:href="#sSpan3921" value="ⲛⲁ"/>
		<feat xlink:href="#sSpan3925" value="ⲩ"/>
		<feat xlink:href="#sSpan3927" value="ⲛⲧⲱⲧⲛ"/>
		<feat xlink:href="#sSpan3931" value="ⲉ"/>
		<feat xlink:href="#sSpan3935" value="ⲧⲣⲉ"/>
		<feat xlink:href="#sSpan3937" value="ⲩ"/>
		<feat xlink:href="#sSpan3939" value="ⲟⲩⲱⲙ"/>
		<feat xlink:href="#sSpan3941" value="."/>
		<feat xlink:href="#sSpan3945" value="ⲡⲉϫⲁ"/>
		<feat xlink:href="#sSpan3949" value="ⲩ"/>
		<feat xlink:href="#sSpan3951" value="ⲛⲁ"/>
		<feat xlink:href="#sSpan3955" value="ϥ"/>
		<feat xlink:href="#sSpan3957" value="ϫⲉ"/>
		<feat xlink:href="#sSpan3961" value="ⲙⲁⲣ"/>
		<feat xlink:href="#sSpan3963" value="ⲛ"/>
		<feat xlink:href="#sSpan3965" value="ⲃⲱⲕ"/>
		<feat xlink:href="#sSpan3967" value="ⲛ"/>
		<feat xlink:href="#sSpan3971" value="ⲧⲛ"/>
		<feat xlink:href="#sSpan3973" value="ⲧⲟⲟⲩ"/>
		<feat xlink:href="#sSpan3976" value="ⲙⲛⲧⲥⲛⲟⲟⲩⲥ"/>
		<feat xlink:href="#sSpan3982" value="ⲛ"/>
		<feat xlink:href="#sSpan3986" value="ϣⲉ"/>
		<feat xlink:href="#sSpan3988" value="ⲛ"/>
		<feat xlink:href="#sSpan3992" value="ⲟⲉⲓⲕ"/>
		<feat xlink:href="#sSpan3994" value="ⲛ"/>
		<feat xlink:href="#sSpan3998" value="ⲧⲛ"/>
		<feat xlink:href="#sSpan4000" value="ⲧⲁⲁ"/>
		<feat xlink:href="#sSpan4002" value="ⲩ"/>
		<feat xlink:href="#sSpan4004" value="ⲛⲁ"/>
		<feat xlink:href="#sSpan4008" value="ⲩ"/>
		<feat xlink:href="#sSpan4010" value="ⲉ"/>
		<feat xlink:href="#sSpan4014" value="ⲟⲩⲱⲙ"/>
		<feat xlink:href="#sSpan4016" value="."/>
		<feat xlink:href="#sSpan4020" value="ⲛⲧⲟϥ"/>
		<feat xlink:href="#sSpan4025" value="ⲇⲉ"/>
		<feat xlink:href="#sSpan4029" value="ⲡⲉϫⲁ"/>
		<feat xlink:href="#sSpan4033" value="ϥ"/>
		<feat xlink:href="#sSpan4035" value="ⲛⲁ"/>
		<feat xlink:href="#sSpan4039" value="ⲩ"/>
		<feat xlink:href="#sSpan4041" value="ϫⲉ"/>
		<feat xlink:href="#sSpan4051" value="ⲟⲩⲛⲧⲏ"/>
		<feat xlink:href="#sSpan4053" value="ⲧⲛ"/>
		<feat xlink:href="#sSpan4055" value="ⲟⲩⲏⲣ"/>
		<feat xlink:href="#sSpan4059" value="ⲛ"/>
		<feat xlink:href="#sSpan4063" value="ⲟⲉⲓⲕ"/>
		<feat xlink:href="#sSpan4066" value="ⲃⲱⲕ"/>
		<feat xlink:href="#sSpan4070" value="ⲛ"/>
		<feat xlink:href="#sSpan4074" value="ⲧⲉⲧⲛ"/>
		<feat xlink:href="#sSpan4076" value="ⲛⲁⲩ"/>
		<feat xlink:href="#sSpan4078" value="."/>
		<feat xlink:href="#sSpan4082" value="ⲁⲩⲱ"/>
		<feat xlink:href="#sSpan4086" value="ⲛⲧⲉⲣ"/>
		<feat xlink:href="#sSpan4090" value="ⲟⲩ"/>
		<feat xlink:href="#sSpan4092" value="ⲉⲓⲙⲉ"/>
		<feat xlink:href="#sSpan4094" value="ⲡⲉϫⲁ"/>
		<feat xlink:href="#sSpan4098" value="ⲩ"/>
		<feat xlink:href="#sSpan4100" value="ⲛⲁ"/>
		<feat xlink:href="#sSpan4104" value="ϥ"/>
		<feat xlink:href="#sSpan4106" value="ϫⲉ"/>
		<feat xlink:href="#sSpan4110" value="ϯⲟⲩ"/>
		<feat xlink:href="#sSpan4113" value="ⲙⲛ"/>
		<feat xlink:href="#sSpan4117" value="ⲧⲃⲧ"/>
		<feat xlink:href="#sSpan4120" value="ⲥⲛⲁⲩ"/>
		<feat xlink:href="#sSpan4124" value="."/>
		<feat xlink:href="#sSpan4128" value="ⲁⲩⲱ"/>
		<feat xlink:href="#sSpan4138" value="ⲁ"/>
		<feat xlink:href="#sSpan4142" value="ϥ"/>
		<feat xlink:href="#sSpan4145" value="ⲟⲩⲉϩⲥⲁϩⲛⲉ"/>
		<feat xlink:href="#sSpan4148" value="ⲛⲁ"/>
		<feat xlink:href="#sSpan4152" value="ⲩ"/>
		<feat xlink:href="#sSpan4154" value="ⲉ"/>
		<feat xlink:href="#sSpan4158" value="ⲧⲣⲉ"/>
		<feat xlink:href="#sSpan4160" value="ⲩ"/>
		<feat xlink:href="#sSpan4162" value="ⲛⲟϫ"/>
		<feat xlink:href="#sSpan4164" value="ⲟⲩ"/>
		<feat xlink:href="#sSpan4166" value="ⲧⲏⲣ"/>
		<feat xlink:href="#sSpan4170" value="ⲟⲩ"/>
		<feat xlink:href="#sSpan4172" value="ⲉ"/>
		<feat xlink:href="#sSpan4176" value="ⲩ"/>
		<feat xlink:href="#sSpan4178" value="ⲟ"/>
		<feat xlink:href="#sSpan4180" value="ⲛ"/>
		<feat xlink:href="#sSpan4184" value="ⲁⲩⲏⲧ"/>
		<feat xlink:href="#sSpan4187" value="ⲁⲩⲏⲧ"/>
		<feat xlink:href="#sSpan4191" value="ⲉϫⲙ"/>
		<feat xlink:href="#sSpan4195" value="ⲡⲉ"/>
		<feat xlink:href="#sSpan4199" value="ⲭⲟⲣⲧⲟⲥ"/>
		<feat xlink:href="#sSpan4201" value="ⲉⲧ"/>
		<feat xlink:href="#sSpan4205" value="ⲟⲩⲉⲧⲟⲩⲱⲧ"/>
		<feat xlink:href="#sSpan4207" value="ⲁⲩⲱ"/>
		<feat xlink:href="#sSpan4217" value="ⲁ"/>
		<feat xlink:href="#sSpan4221" value="ⲩ"/>
		<feat xlink:href="#sSpan4223" value="ⲛⲟϫ"/>
		<feat xlink:href="#sSpan4225" value="ⲟⲩ"/>
		<feat xlink:href="#sSpan4227" value="ⲉ"/>
		<feat xlink:href="#sSpan4231" value="ⲩ"/>
		<feat xlink:href="#sSpan4233" value="ⲟ"/>
		<feat xlink:href="#sSpan4235" value="ⲛ"/>
		<feat xlink:href="#sSpan4239" value="ⲁⲩⲏⲧ"/>
		<feat xlink:href="#sSpan4242" value="ⲁⲩⲏⲧ"/>
		<feat xlink:href="#sSpan4246" value="ϣⲉ"/>
		<feat xlink:href="#sSpan4251" value="ϣⲉ"/>
		<feat xlink:href="#sSpan4255" value="ⲁⲩⲱ"/>
		<feat xlink:href="#sSpan4259" value="ⲧⲁⲉⲓⲟⲩ"/>
		<feat xlink:href="#sSpan4264" value="ⲧⲁⲉⲓⲟⲩ"/>
		<feat xlink:href="#sSpan4268" value="."/>
		<feat xlink:href="#sSpan4272" value="ⲛⲧⲉⲣⲉ"/>
		<feat xlink:href="#sSpan4282" value="ϥ"/>
		<feat xlink:href="#sSpan4284" value="ϫⲓ"/>
		<feat xlink:href="#sSpan4287" value="ⲇⲉ"/>
		<feat xlink:href="#sSpan4291" value="ⲙ"/>
		<feat xlink:href="#sSpan4295" value="ⲡ"/>
		<feat xlink:href="#sSpan4298" value="ϯⲟⲩ"/>
		<feat xlink:href="#sSpan4300" value="ⲛ"/>
		<feat xlink:href="#sSpan4304" value="ⲟⲉⲓⲕ"/>
		<feat xlink:href="#sSpan4306" value="ⲛⲙ"/>
		<feat xlink:href="#sSpan4310" value="ⲡ"/>
		<feat xlink:href="#sSpan4313" value="ⲧⲃⲧ"/>
		<feat xlink:href="#sSpan4315" value="ⲥⲛⲁⲩ"/>
		<feat xlink:href="#sSpan4319" value="ⲁ"/>
		<feat xlink:href="#sSpan4323" value="ϥ"/>
		<feat xlink:href="#sSpan4325" value="ϥⲓ"/>
		<feat xlink:href="#sSpan4327" value="ⲉⲓⲁⲧ"/>
		<feat xlink:href="#sSpan4330" value="ϥ"/>
		<feat xlink:href="#sSpan4332" value="ⲉϩⲣⲁⲓ"/>
		<feat xlink:href="#sSpan4336" value="ⲉ"/>
		<feat xlink:href="#sSpan4340" value="ⲧ"/>
		<feat xlink:href="#sSpan4343" value="ⲡⲉ"/>
		<feat xlink:href="#sSpan4345" value="ⲁ"/>
		<feat xlink:href="#sSpan4349" value="ϥ"/>
		<feat xlink:href="#sSpan4351" value="ⲥⲙⲟⲩ"/>
		<feat xlink:href="#sSpan4353" value="ⲉⲣⲟ"/>
		<feat xlink:href="#sSpan4357" value="ⲟⲩ"/>
		<feat xlink:href="#sSpan4359" value="ⲁⲩⲱ"/>
		<feat xlink:href="#sSpan4363" value="ⲁ"/>
		<feat xlink:href="#sSpan4367" value="ϥ"/>
		<feat xlink:href="#sSpan4370" value="ⲡⲉϣⲛⲟⲉⲓⲕ"/>
		<feat xlink:href="#sSpan4373" value="ⲁ"/>
		<feat xlink:href="#sSpan4377" value="ϥ"/>
		<feat xlink:href="#sSpan4379" value="ⲧⲁⲁ"/>
		<feat xlink:href="#sSpan4381" value="ⲩ"/>
		<feat xlink:href="#sSpan4383" value="ⲛ"/>
		<feat xlink:href="#sSpan4387" value="ⲛⲉϥ"/>
		<feat xlink:href="#sSpan4391" value="ⲙⲁⲑⲏⲧⲏⲥ"/>
		<feat xlink:href="#sSpan4393" value="ϫⲉ"/>
		<feat xlink:href="#sSpan4397" value="ⲉⲩⲉ"/>
		<feat xlink:href="#sSpan4399" value="ⲕⲁⲁ"/>
		<feat xlink:href="#sSpan4401" value="ⲩ"/>
		<feat xlink:href="#sSpan4403" value="ϩⲁⲣⲱ"/>
		<feat xlink:href="#sSpan4407" value="ⲟⲩ"/>
		<feat xlink:href="#sSpan4409" value="ⲡ"/>
		<feat xlink:href="#sSpan4414" value="ⲕⲉ"/>
		<feat xlink:href="#sSpan4416" value="ⲧⲃⲧ"/>
		<feat xlink:href="#sSpan4418" value="ⲥⲛⲁⲩ"/>
		<feat xlink:href="#sSpan4422" value="ⲁ"/>
		<feat xlink:href="#sSpan4426" value="ϥ"/>
		<feat xlink:href="#sSpan4428" value="ⲡⲟϣ"/>
		<feat xlink:href="#sSpan4430" value="ⲟⲩ"/>
		<feat xlink:href="#sSpan4432" value="ⲉϫⲱ"/>
		<feat xlink:href="#sSpan4436" value="ⲟⲩ"/>
		<feat xlink:href="#sSpan4438" value="ⲧⲏⲣ"/>
		<feat xlink:href="#sSpan4442" value="ⲟⲩ"/>
		<feat xlink:href="#sSpan4444" value="ⲁⲩⲱ"/>
		<feat xlink:href="#sSpan4453" value="ⲁ"/>
		<feat xlink:href="#sSpan4457" value="ⲩ"/>
		<feat xlink:href="#sSpan4459" value="ⲟⲩⲱⲙ"/>
		<feat xlink:href="#sSpan4461" value="ⲧⲏⲣ"/>
		<feat xlink:href="#sSpan4465" value="ⲟⲩ"/>
		<feat xlink:href="#sSpan4467" value="ⲁ"/>
		<feat xlink:href="#sSpan4471" value="ⲩ"/>
		<feat xlink:href="#sSpan4473" value="ⲥⲓ"/>
		<feat xlink:href="#sSpan4475" value="."/>
		<feat xlink:href="#sSpan4479" value="ⲁⲩⲱ"/>
		<feat xlink:href="#sSpan4489" value="ⲁ"/>
		<feat xlink:href="#sSpan4493" value="ⲩ"/>
		<feat xlink:href="#sSpan4495" value="ϥⲓ"/>
		<feat xlink:href="#sSpan4498" value="ⲙⲛⲧⲥⲛⲟⲟⲩⲥ"/>
		<feat xlink:href="#sSpan4502" value="ⲛ"/>
		<feat xlink:href="#sSpan4506" value="ⲕⲟⲧ"/>
		<feat xlink:href="#sSpan4508" value="ⲉ"/>
		<feat xlink:href="#sSpan4512" value="ⲩ"/>
		<feat xlink:href="#sSpan4514" value="ⲙⲉϩ"/>
		<feat xlink:href="#sSpan4516" value="ⲛ"/>
		<feat xlink:href="#sSpan4520" value="ⲗⲁⲕⲙ"/>
		<feat xlink:href="#sSpan4523" value="ⲁ"/>
		<feat xlink:href="#sSpan4527" value="ⲩ"/>
		<feat xlink:href="#sSpan4529" value="ϥⲓ"/>
		<feat xlink:href="#sSpan4531" value="ⲟⲛ"/>
		<feat xlink:href="#sSpan4535" value="ⲉⲃⲟⲗ"/>
		<feat xlink:href="#sSpan4540" value="ϩⲛ"/>
		<feat xlink:href="#sSpan4544" value="ⲛ"/>
		<feat xlink:href="#sSpan4547" value="ⲧⲃⲧ"/>
		<feat xlink:href="#sSpan4549" value="."/>
		<feat xlink:href="#sSpan4553" value="ⲛ"/>
		<feat xlink:href="#sSpan4564" value="ⲉⲛⲧ"/>
		<feat xlink:href="#sSpan4566" value="ⲁ"/>
		<feat xlink:href="#sSpan4568" value="ⲩ"/>
		<feat xlink:href="#sSpan4570" value="ⲟⲩⲱⲙ"/>
		<feat xlink:href="#sSpan4573" value="ⲇⲉ"/>
		<feat xlink:href="#sSpan4577" value="ⲛⲉ"/>
		<feat xlink:href="#sSpan4581" value="ⲩⲛ"/>
		<feat xlink:href="#sSpan4584" value="ⲁⲣⲁ"/>
		<feat xlink:href="#sSpan4586" value="ⲩ"/>
		<feat xlink:href="#sSpan4589" value="ϭⲓⲥ"/>
		<feat xlink:href="#sSpan4591" value="ⲧⲃⲁ"/>
		<feat xlink:href="#sSpan4593" value="ⲛ"/>
		<feat xlink:href="#sSpan4597" value="ⲣⲱⲙⲉ"/>
		<feat xlink:href="#sSpan4599" value="."/>
		<feat xlink:href="#sSpan4603" value="ⲁⲩⲱ"/>
		<feat xlink:href="#sSpan4613" value="ⲛ"/>
		<feat xlink:href="#sSpan4617" value="ⲧⲉ"/>
		<feat xlink:href="#sSpan4619" value="ⲩⲛⲟⲩ"/>
		<feat xlink:href="#sSpan4621" value="ⲁ"/>
		<feat xlink:href="#sSpan4625" value="ϥ"/>
		<feat xlink:href="#sSpan4628" value="ⲁⲛⲁⲅⲕⲁⲍⲉ"/>
		<feat xlink:href="#sSpan4630" value="ⲛ"/>
		<feat xlink:href="#sSpan4634" value="ⲛⲉϥ"/>
		<feat xlink:href="#sSpan4638" value="ⲙⲁⲑⲏⲧⲏⲥ"/>
		<feat xlink:href="#sSpan4640" value="ⲉ"/>
		<feat xlink:href="#sSpan4644" value="ⲧⲁⲗⲉ"/>
		<feat xlink:href="#sSpan4646" value="ⲉ"/>
		<feat xlink:href="#sSpan4650" value="ⲡ"/>
		<feat xlink:href="#sSpan4653" value="ϫⲟⲉⲓ"/>
		<feat xlink:href="#sSpan4655" value="ⲁⲩⲱ"/>
		<feat xlink:href="#sSpan4659" value="ⲉ"/>
		<feat xlink:href="#sSpan4664" value="ⲣϣⲟⲣⲡ"/>
		<feat xlink:href="#sSpan4667" value="ⲉⲣⲟ"/>
		<feat xlink:href="#sSpan4671" value="ϥ"/>
		<feat xlink:href="#sSpan4673" value="ⲉ"/>
		<feat xlink:href="#sSpan4677" value="ⲡⲓ"/>
		<feat xlink:href="#sSpan4680" value="ⲕⲣⲟ"/>
		<feat xlink:href="#sSpan4682" value="ⲉ"/>
		<feat xlink:href="#sSpan4687" value="ⲃⲏⲑⲥⲁⲓⲇⲁ"/>
		<feat xlink:href="#sSpan4692" value="ϣⲁⲛⲧⲉ"/>
		<feat xlink:href="#sSpan4696" value="ϥ"/>
		<feat xlink:href="#sSpan4698" value="ⲕⲁ"/>
		<feat xlink:href="#sSpan4700" value="ⲡ"/>
		<feat xlink:href="#sSpan4703" value="ⲙⲏⲏϣⲉ"/>
		<feat xlink:href="#sSpan4705" value="ⲉⲃⲟⲗ"/>
		<feat xlink:href="#sSpan4709" value="."/>
		<feat xlink:href="#sSpan4713" value="ⲁⲩⲱ"/>
		<feat xlink:href="#sSpan4722" value="ⲛⲧⲉⲣⲉ"/>
		<feat xlink:href="#sSpan4726" value="ϥ"/>
		<feat xlink:href="#sSpan4729" value="ⲁⲡⲟⲥⲧⲁⲥⲥⲉ"/>
		<feat xlink:href="#sSpan4731" value="ⲛⲁ"/>
		<feat xlink:href="#sSpan4735" value="ⲩ"/>
		<feat xlink:href="#sSpan4737" value="ⲁ"/>
		<feat xlink:href="#sSpan4741" value="ϥ"/>
		<feat xlink:href="#sSpan4743" value="ⲃⲱⲕ"/>
		<feat xlink:href="#sSpan4746" value="ⲉϩⲣⲁⲓ"/>
		<feat xlink:href="#sSpan4750" value="ⲉ"/>
		<feat xlink:href="#sSpan4754" value="ⲡ"/>
		<feat xlink:href="#sSpan4757" value="ⲧⲟⲟⲩ"/>
		<feat xlink:href="#sSpan4759" value="ⲉ"/>
		<feat xlink:href="#sSpan4763" value="ϣⲗⲏⲗ"/>
		<feat xlink:href="#sSpan4765" value="."/>
		<feat xlink:href="#sSpan4769" value="ⲛⲧⲉⲣⲉ"/>
		<feat xlink:href="#sSpan4778" value="ⲣⲟⲩϩⲉ"/>
		<feat xlink:href="#sSpan4782" value="ⲇⲉ"/>
		<feat xlink:href="#sSpan4786" value="ϣⲱⲡⲉ"/>
		<feat xlink:href="#sSpan4790" value="ⲛⲉⲣⲉ"/>
		<feat xlink:href="#sSpan4794" value="ⲡ"/>
		<feat xlink:href="#sSpan4797" value="ϫⲟⲉⲓ"/>
		<feat xlink:href="#sSpan4799" value="ϩⲛ"/>
		<feat xlink:href="#sSpan4803" value="ⲧ"/>
		<feat xlink:href="#sSpan4808" value="ⲙⲏⲧⲉ"/>
		<feat xlink:href="#sSpan4810" value="ⲛ"/>
		<feat xlink:href="#sSpan4814" value="ⲧ"/>
		<feat xlink:href="#sSpan4818" value="ⲑⲁⲗⲁⲥⲥⲁ"/>
		<feat xlink:href="#sSpan4820" value="."/>
		<feat xlink:href="#sSpan4824" value="ⲁⲩⲱ"/>
		<feat xlink:href="#sSpan4828" value="ⲛⲧⲟϥ"/>
		<feat xlink:href="#sSpan4832" value="ⲛⲉ"/>
		<feat xlink:href="#sSpan4836" value="ϥ"/>
		<feat xlink:href="#sSpan4838" value="ϩⲓ"/>
		<feat xlink:href="#sSpan4840" value="ⲡⲉ"/>
		<feat xlink:href="#sSpan4843" value="ⲕⲣⲟ"/>
		<feat xlink:href="#sSpan4845" value="ⲙⲁⲩⲁⲁ"/>
		<feat xlink:href="#sSpan4849" value="ϥ"/>
		<feat xlink:href="#sSpan4851" value="."/>
		<feat xlink:href="#sSpan4855" value="ⲛⲧⲉⲣⲉ"/>
		<feat xlink:href="#sSpan4865" value="ϥ"/>
		<feat xlink:href="#sSpan4867" value="ⲛⲁⲩ"/>
		<feat xlink:href="#sSpan4870" value="ⲇⲉ"/>
		<feat xlink:href="#sSpan4874" value="ⲉⲣⲟ"/>
		<feat xlink:href="#sSpan4878" value="ⲟⲩ"/>
		<feat xlink:href="#sSpan4880" value="ⲉ"/>
		<feat xlink:href="#sSpan4884" value="ⲩ"/>
		<feat xlink:href="#sSpan4886" value="ϩⲟⲥⲉ"/>
		<feat xlink:href="#sSpan4888" value="ϩⲙ"/>
		<feat xlink:href="#sSpan4892" value="ⲡ"/>
		<feat xlink:href="#sSpan4895" value="ⲧⲣⲉ"/>
		<feat xlink:href="#sSpan4897" value="ⲩ"/>
		<feat xlink:href="#sSpan4899" value="ⲥϭⲏⲣ"/>
		<feat xlink:href="#sSpan4901" value="ⲡ"/>
		<feat xlink:href="#sSpan4906" value="ⲧⲏⲩ"/>
		<feat xlink:href="#sSpan4909" value="ⲅⲁⲣ"/>
		<feat xlink:href="#sSpan4913" value="ⲛⲉ"/>
		<feat xlink:href="#sSpan4917" value="ϥ"/>
		<feat xlink:href="#sSpan4919" value="ϯ"/>
		<feat xlink:href="#sSpan4921" value="ⲟⲩⲃⲏ"/>
		<feat xlink:href="#sSpan4925" value="ⲩ"/>
		<feat xlink:href="#sSpan4927" value="ϩⲙ"/>
		<feat xlink:href="#sSpan4931" value="ⲡ"/>
		<feat xlink:href="#sSpan4935" value="ⲙⲉϩϥⲧⲟⲟⲩ"/>
		<feat xlink:href="#sSpan4938" value="ⲛ"/>
		<feat xlink:href="#sSpan4942" value="ϣⲱⲡ"/>
		<feat xlink:href="#sSpan4945" value="ⲛ"/>
		<feat xlink:href="#sSpan4949" value="ⲧⲉ"/>
		<feat xlink:href="#sSpan4952" value="ⲩϣⲏ"/>
		<feat xlink:href="#sSpan4954" value="ⲁ"/>
		<feat xlink:href="#sSpan4958" value="ϥ"/>
		<feat xlink:href="#sSpan4960" value="ⲉⲓ"/>
		<feat xlink:href="#sSpan4962" value="ϣⲁⲣⲟ"/>
		<feat xlink:href="#sSpan4966" value="ⲟⲩ"/>
		<feat xlink:href="#sSpan4968" value="ⲉ"/>
		<feat xlink:href="#sSpan4972" value="ϥ"/>
		<feat xlink:href="#sSpan4974" value="ⲙⲟⲟϣⲉ"/>
		<feat xlink:href="#sSpan4977" value="ϩⲓϫⲛ"/>
		<feat xlink:href="#sSpan4981" value="ⲧ"/>
		<feat xlink:href="#sSpan4985" value="ϩⲁⲗⲁⲥⲥⲁ"/>
		<feat xlink:href="#sSpan4987" value="ⲁⲩⲱ"/>
		<feat xlink:href="#sSpan4991" value="ⲛⲉ"/>
		<feat xlink:href="#sSpan4995" value="ϥ"/>
		<feat xlink:href="#sSpan4997" value="ⲟⲩⲱϣ"/>
		<feat xlink:href="#sSpan4999" value="ⲉ"/>
		<feat xlink:href="#sSpan5004" value="ⲡⲁⲣⲁⲅⲉ"/>
		<feat xlink:href="#sSpan5006" value="ⲙⲙⲟ"/>
		<feat xlink:href="#sSpan5010" value="ⲟⲩ"/>
		<feat xlink:href="#sSpan5012" value="."/>
		<feat xlink:href="#sSpan5016" value="ⲛⲧⲟⲟⲩ"/>
		<feat xlink:href="#sSpan5027" value="ⲇⲉ"/>
		<feat xlink:href="#sSpan5031" value="ⲛⲧⲉⲣ"/>
		<feat xlink:href="#sSpan5035" value="ⲟⲩ"/>
		<feat xlink:href="#sSpan5037" value="ⲛⲁⲩ"/>
		<feat xlink:href="#sSpan5039" value="ⲉⲣⲟ"/>
		<feat xlink:href="#sSpan5043" value="ϥ"/>
		<feat xlink:href="#sSpan5045" value="ⲉ"/>
		<feat xlink:href="#sSpan5049" value="ϥ"/>
		<feat xlink:href="#sSpan5051" value="ⲙⲟⲟϣⲉ"/>
		<feat xlink:href="#sSpan5054" value="ϩⲓϫⲛ"/>
		<feat xlink:href="#sSpan5058" value="ⲧ"/>
		<feat xlink:href="#sSpan5062" value="ϩⲁⲗⲁⲥⲥⲁ"/>
		<feat xlink:href="#sSpan5064" value="."/>
		<feat xlink:href="#sSpan5068" value="ⲁ"/>
		<feat xlink:href="#sSpan5072" value="ⲩ"/>
		<feat xlink:href="#sSpan5074" value="ⲙⲉⲉⲩⲉ"/>
		<feat xlink:href="#sSpan5076" value="ϫⲉ"/>
		<feat xlink:href="#sSpan5080" value="ⲟⲩ"/>
		<feat xlink:href="#sSpan5084" value="ⲫⲁⲛⲧⲁⲥⲙⲁ"/>
		<feat xlink:href="#sSpan5086" value="ⲡⲉ"/>
		<feat xlink:href="#sSpan5088" value="."/>
		<feat xlink:href="#sSpan5092" value="ⲁⲩⲱ"/>
		<feat xlink:href="#sSpan5096" value="ⲁ"/>
		<feat xlink:href="#sSpan5100" value="ⲩ"/>
		<feat xlink:href="#sSpan5103" value="ϫⲓϣⲕⲁⲕ"/>
		<feat xlink:href="#sSpan5106" value="ⲉⲃⲟⲗ"/>
		<feat xlink:href="#sSpan5110" value="ⲁ"/>
		<feat xlink:href="#sSpan5120" value="ⲩ"/>
		<feat xlink:href="#sSpan5122" value="ⲉⲓⲟⲣϩ"/>
		<feat xlink:href="#sSpan5124" value="ϥ"/>
		<feat xlink:href="#sSpan5127" value="ⲅⲁⲣ"/>
		<feat xlink:href="#sSpan5131" value="ⲧⲏⲣ"/>
		<feat xlink:href="#sSpan5135" value="ⲟⲩ"/>
		<feat xlink:href="#sSpan5137" value="."/>
		<feat xlink:href="#sSpan5141" value="ⲁⲩⲱ"/>
		<feat xlink:href="#sSpan5145" value="ⲁ"/>
		<feat xlink:href="#sSpan5149" value="ⲩ"/>
		<feat xlink:href="#sSpan5151" value="ϣⲧⲟⲣⲧⲣ"/>
		<feat xlink:href="#sSpan5153" value="."/>
		<feat xlink:href="#sSpan5157" value="ⲛⲧⲟϥ"/>
		<feat xlink:href="#sSpan5162" value="ⲇⲉ"/>
		<feat xlink:href="#sSpan5166" value="ⲛ"/>
		<feat xlink:href="#sSpan5170" value="ⲧⲉ"/>
		<feat xlink:href="#sSpan5172" value="ⲩⲛⲟⲩ"/>
		<feat xlink:href="#sSpan5174" value="ⲁ"/>
		<feat xlink:href="#sSpan5178" value="ϥ"/>
		<feat xlink:href="#sSpan5180" value="ϣⲁϫⲉ"/>
		<feat xlink:href="#sSpan5182" value="ⲛⲙⲙⲁ"/>
		<feat xlink:href="#sSpan5186" value="ⲩ"/>
		<feat xlink:href="#sSpan5188" value="ⲉ"/>
		<feat xlink:href="#sSpan5192" value="ϥ"/>
		<feat xlink:href="#sSpan5194" value="ϫⲱ"/>
		<feat xlink:href="#sSpan5196" value="ⲙⲙⲟ"/>
		<feat xlink:href="#sSpan5200" value="ⲥ"/>
		<feat xlink:href="#sSpan5202" value="ϫⲉ"/>
		<feat xlink:href="#sSpan5206" value="ⲧⲱⲕ"/>
		<feat xlink:href="#sSpan5208" value="ⲛ"/>
		<feat xlink:href="#sSpan5212" value="ϩⲏⲧ"/>
		<feat xlink:href="#sSpan5214" value="ⲁⲛⲟⲕ"/>
		<feat xlink:href="#sSpan5218" value="ⲡⲉ"/>
		<feat xlink:href="#sSpan5220" value="ⲙⲡⲣ"/>
		<feat xlink:href="#sSpan5225" value="ⲣϩⲟⲧⲉ"/>
		<feat xlink:href="#sSpan5228" value="ⲁⲩⲱ"/>
		<feat xlink:href="#sSpan5238" value="ⲁ"/>
		<feat xlink:href="#sSpan5242" value="ϥ"/>
		<feat xlink:href="#sSpan5244" value="ⲁⲗⲉ"/>
		<feat xlink:href="#sSpan5246" value="ⲉ"/>
		<feat xlink:href="#sSpan5250" value="ⲡ"/>
		<feat xlink:href="#sSpan5253" value="ϫⲟⲉⲓ"/>
		<feat xlink:href="#sSpan5255" value="ⲛⲙⲙⲁ"/>
		<feat xlink:href="#sSpan5259" value="ⲩ"/>
		<feat xlink:href="#sSpan5261" value="ⲁ"/>
		<feat xlink:href="#sSpan5265" value="ⲡ"/>
		<feat xlink:href="#sSpan5268" value="ⲧⲏⲩ"/>
		<feat xlink:href="#sSpan5270" value="ⲗⲟ"/>
		<feat xlink:href="#sSpan5274" value="ⲉⲃⲟⲗ"/>
		<feat xlink:href="#sSpan5278" value="."/>
		<feat xlink:href="#sSpan5282" value="ⲁ"/>
		<feat xlink:href="#sSpan5286" value="ⲩ"/>
		<feat xlink:href="#sSpan5289" value="ⲣϣⲡⲏⲣⲉ"/>
		<feat xlink:href="#sSpan5293" value="ⲇⲉ"/>
		<feat xlink:href="#sSpan5297" value="ⲉⲙⲁⲧⲉ"/>
		<feat xlink:href="#sSpan5301" value="ⲙⲡ"/>
		<feat xlink:href="#sSpan5311" value="ⲟⲩ"/>
		<feat xlink:href="#sSpan5314" value="ⲛⲟⲉⲓ"/>
		<feat xlink:href="#sSpan5317" value="ⲅⲁⲣ"/>
		<feat xlink:href="#sSpan5321" value="ϩⲓ"/>
		<feat xlink:href="#sSpan5325" value="ⲛ"/>
		<feat xlink:href="#sSpan5328" value="ⲟⲉⲓⲕ"/>
		<feat xlink:href="#sSpan5330" value="."/>
		<feat xlink:href="#sSpan5335" value="ⲁⲗⲗⲁ"/>
		<feat xlink:href="#sSpan5339" value="ⲛⲉⲣⲉ"/>
		<feat xlink:href="#sSpan5343" value="ⲡⲉⲩ"/>
		<feat xlink:href="#sSpan5346" value="ϩⲏⲧ"/>
		<feat xlink:href="#sSpan5348" value="ⲧⲏⲙ"/>
		<feat xlink:href="#sSpan5352" value="ⲛⲧⲉⲣ"/>
		<feat xlink:href="#sSpan5362" value="ⲟⲩ"/>
		<feat xlink:href="#sSpan5364" value="ⲙⲟⲟⲛⲉ"/>
		<feat xlink:href="#sSpan5367" value="ⲇⲉ"/>
		<feat xlink:href="#sSpan5371" value="ⲉ"/>
		<feat xlink:href="#sSpan5375" value="ⲡⲉ"/>
		<feat xlink:href="#sSpan5378" value="ⲕⲣⲟ"/>
		<feat xlink:href="#sSpan5380" value="ⲁ"/>
		<feat xlink:href="#sSpan5384" value="ⲩ"/>
		<feat xlink:href="#sSpan5386" value="ⲉⲓ"/>
		<feat xlink:href="#sSpan5389" value="ⲉ"/>
		<feat xlink:href="#sSpan5394" value="ⲅⲉⲛⲛⲏⲥⲁⲣⲉⲧ"/>
		<feat xlink:href="#sSpan5397" value="ⲛⲧⲉⲣ"/>
		<feat xlink:href="#sSpan5407" value="ⲟⲩ"/>
		<feat xlink:href="#sSpan5409" value="ⲡⲉ"/>
		<feat xlink:href="#sSpan5412" value="ⲇⲉ"/>
		<feat xlink:href="#sSpan5416" value="ⲉ"/>
		<feat xlink:href="#sSpan5420" value="ⲡⲉ"/>
		<feat xlink:href="#sSpan5423" value="ⲕⲣⲟ"/>
		<feat xlink:href="#sSpan5425" value="ⲛ"/>
		<feat xlink:href="#sSpan5429" value="ⲧⲉ"/>
		<feat xlink:href="#sSpan5431" value="ⲩⲛⲟⲩ"/>
		<feat xlink:href="#sSpan5433" value="ⲁ"/>
		<feat xlink:href="#sSpan5437" value="ⲩ"/>
		<feat xlink:href="#sSpan5439" value="ⲥⲟⲩⲱⲛ"/>
		<feat xlink:href="#sSpan5441" value="ϥ"/>
		<feat xlink:href="#sSpan5443" value="ⲁⲩⲱ"/>
		<feat xlink:href="#sSpan5453" value="ⲁ"/>
		<feat xlink:href="#sSpan5457" value="ⲩ"/>
		<feat xlink:href="#sSpan5459" value="ⲡⲱⲧ"/>
		<feat xlink:href="#sSpan5462" value="ⲉⲃⲟⲗ"/>
		<feat xlink:href="#sSpan5466" value="ϩⲛ"/>
		<feat xlink:href="#sSpan5470" value="ⲧⲉ"/>
		<feat xlink:href="#sSpan5474" value="ⲭⲱⲣⲁ"/>
		<feat xlink:href="#sSpan5476" value="ⲧⲏⲣ"/>
		<feat xlink:href="#sSpan5480" value="ⲥ"/>
		<feat xlink:href="#sSpan5482" value="ⲉⲧ"/>
		<feat xlink:href="#sSpan5486" value="ⲙⲙⲁⲩ"/>
		<feat xlink:href="#sSpan5488" value="."/>
		<feat xlink:href="#sSpan5492" value="ⲁⲩⲱ"/>
		<feat xlink:href="#sSpan5496" value="ⲁ"/>
		<feat xlink:href="#sSpan5500" value="ⲩ"/>
		<feat xlink:href="#sSpan5503" value="ⲁⲣⲭⲉⲓ"/>
		<feat xlink:href="#sSpan5505" value="ⲉ"/>
		<feat xlink:href="#sSpan5509" value="ⲉⲓⲛⲉ"/>
		<feat xlink:href="#sSpan5512" value="ϩⲓϫⲛ"/>
		<feat xlink:href="#sSpan5516" value="ⲛⲉ"/>
		<feat xlink:href="#sSpan5519" value="ϭⲗⲱϭ"/>
		<feat xlink:href="#sSpan5521" value="ⲛ"/>
		<feat xlink:href="#sSpan5525" value="ⲛ"/>
		<feat xlink:href="#sSpan5528" value="ⲉⲧ"/>
		<feat xlink:href="#sSpan5530" value="ⲙⲟⲕϩ"/>
		<feat xlink:href="#sSpan5532" value="ϩⲛ"/>
		<feat xlink:href="#sSpan5536" value="ⲛⲉⲩ"/>
		<feat xlink:href="#sSpan5539" value="ϣⲱⲛⲉ"/>
		<feat xlink:href="#sSpan5541" value="ⲉ"/>
		<feat xlink:href="#sSpan5545" value="ⲡ"/>
		<feat xlink:href="#sSpan5548" value="ⲙⲁ"/>
		<feat xlink:href="#sSpan5550" value="ⲉ"/>
		<feat xlink:href="#sSpan5554" value="ϣⲁ"/>
		<feat xlink:href="#sSpan5556" value="ⲩ"/>
		<feat xlink:href="#sSpan5558" value="ⲥⲱⲧⲙ"/>
		<feat xlink:href="#sSpan5560" value="ϫⲉ"/>
		<feat xlink:href="#sSpan5564" value="ϥ"/>
		<feat xlink:href="#sSpan5566" value="ⲛϩⲏⲧ"/>
		<feat xlink:href="#sSpan5568" value="ϥ"/>
		<feat xlink:href="#sSpan5570" value="."/>
		<feat xlink:href="#sSpan5574" value="ⲁⲩⲱ"/>
		<feat xlink:href="#sSpan5584" value="ⲡ"/>
		<feat xlink:href="#sSpan5589" value="ⲙⲁ"/>
		<feat xlink:href="#sSpan5591" value="ⲉⲧ"/>
		<feat xlink:href="#sSpan5595" value="ϥ"/>
		<feat xlink:href="#sSpan5597" value="ⲛⲁ"/>
		<feat xlink:href="#sSpan5599" value="ⲃⲱⲕ"/>
		<feat xlink:href="#sSpan5602" value="ⲉϩⲟⲩⲛ"/>
		<feat xlink:href="#sSpan5606" value="ⲉⲣⲟ"/>
		<feat xlink:href="#sSpan5610" value="ϥ"/>
		<feat xlink:href="#sSpan5612" value="ⲉ"/>
		<feat xlink:href="#sSpan5616" value="ϩⲉⲛ"/>
		<feat xlink:href="#sSpan5619" value="ϯⲙⲉ"/>
		<feat xlink:href="#sSpan5622" value="ⲏ"/>
		<feat xlink:href="#sSpan5626" value="ϩⲉⲛ"/>
		<feat xlink:href="#sSpan5632" value="ⲡⲟⲗⲓⲥ"/>
		<feat xlink:href="#sSpan5635" value="ⲏ"/>
		<feat xlink:href="#sSpan5639" value="ϩⲉⲛ"/>
		<feat xlink:href="#sSpan5644" value="ⲥⲱϣⲉ"/>
		<feat xlink:href="#sSpan5646" value="."/>
		<feat xlink:href="#sSpan5650" value="ϣⲁ"/>
		<feat xlink:href="#sSpan5654" value="ⲩ"/>
		<feat xlink:href="#sSpan5656" value="ⲕⲁ"/>
		<feat xlink:href="#sSpan5658" value="ⲛ"/>
		<feat xlink:href="#sSpan5661" value="ⲉⲧ"/>
		<feat xlink:href="#sSpan5663" value="ϣⲱⲛⲉ"/>
		<feat xlink:href="#sSpan5665" value="ϩⲛ"/>
		<feat xlink:href="#sSpan5669" value="ⲛ"/>
		<feat xlink:href="#sSpan5673" value="ⲁⲅⲟⲣⲁ"/>
		<feat xlink:href="#sSpan5675" value="ⲛ"/>
		<feat xlink:href="#sSpan5679" value="ⲥⲉ"/>
		<feat xlink:href="#sSpan5681" value="ⲥⲉⲡⲥⲱⲡ"/>
		<feat xlink:href="#sSpan5683" value="ϥ"/>
		<feat xlink:href="#sSpan5685" value="ϫⲉⲕⲁⲁⲥ"/>
		<feat xlink:href="#sSpan5689" value="ⲉⲩⲉ"/>
		<feat xlink:href="#sSpan5693" value="ϫⲱϩ"/>
		<feat xlink:href="#sSpan5695" value="ⲉ"/>
		<feat xlink:href="#sSpan5699" value="ⲡ"/>
		<feat xlink:href="#sSpan5702" value="ⲧⲟⲡ"/>
		<feat xlink:href="#sSpan5704" value="ⲛ"/>
		<feat xlink:href="#sSpan5708" value="ⲧⲉϥ"/>
		<feat xlink:href="#sSpan5711" value="ϣⲧⲏⲛ"/>
		<feat xlink:href="#sSpan5713" value="ⲁⲩⲱ"/>
		<feat xlink:href="#sSpan5717" value="ⲛⲉ"/>
		<feat xlink:href="#sSpan5721" value="ϣⲁ"/>
		<feat xlink:href="#sSpan5723" value="ⲩ"/>
		<feat xlink:href="#sSpan5725" value="ϫⲱϩ"/>
		<feat xlink:href="#sSpan5727" value="ⲉⲣⲟ"/>
		<feat xlink:href="#sSpan5731" value="ϥ"/>
		<feat xlink:href="#sSpan5733" value="ϣⲁ"/>
		<feat xlink:href="#sSpan5737" value="ⲩ"/>
		<feat xlink:href="#sSpan5739" value="ⲗⲟ"/>
		<feat xlink:href="#sSpan5741" value="."/></featList></paula>