<?xml version='1.0' encoding='UTF-8'?><!DOCTYPE paula SYSTEM "paula_feat.dtd">
<paula version="1.1">
	<header paula_id="scriptorium.Mark_06.mark_orig_group"/>
	<featList xmlns:xlink="http://www.w3.org/1999/xlink" type="orig_group" xml:base="scriptorium.Mark_06.mark.xml">
		<feat xlink:href="#sSpan4" value="ⲁϥⲉⲓ"/>
		<feat xlink:href="#sSpan19" value="ⲇⲉ"/>
		<feat xlink:href="#sSpan23" value="ⲉⲃⲟⲗ"/>
		<feat xlink:href="#sSpan27" value="ϩⲙⲡⲙⲁ"/>
		<feat xlink:href="#sSpan36" value="ⲉⲧⲙⲙⲁⲩ"/>
		<feat xlink:href="#sSpan42" value="ⲁϥⲉⲓ"/>
		<feat xlink:href="#sSpan51" value="ⲉϩⲣⲁⲓ"/>
		<feat xlink:href="#sSpan55" value="ⲉⲧⲉϥⲡⲟⲗⲓⲥ"/>
		<feat xlink:href="#sSpan65" value="."/>
		<feat xlink:href="#sSpan69" value="ⲁⲩⲱ"/>
		<feat xlink:href="#sSpan73" value="ⲁⲩⲟⲩⲁϩⲟⲩ"/>
		<feat xlink:href="#sSpan83" value="ⲛⲥⲱϥ"/>
		<feat xlink:href="#sSpan89" value="ⲛϭⲓⲛⲉϥⲙⲁⲑⲏⲧⲏⲥ"/>
		<feat xlink:href="#sSpan99" value="ⲛⲧⲉⲣⲉⲡⲥⲁⲃⲃⲁⲧⲟⲛ"/>
		<feat xlink:href="#sSpan116" value="ⲇⲉ"/>
		<feat xlink:href="#sSpan120" value="ϣⲱⲡⲉ"/>
		<feat xlink:href="#sSpan124" value="ⲁϥⲁⲣⲭⲉⲥⲑⲁⲓ"/>
		<feat xlink:href="#sSpan133" value="ⲛϯⲥⲃⲱ"/>
		<feat xlink:href="#sSpan141" value="ϩⲛⲧⲥⲩⲛⲁⲅⲱⲅⲏ"/>
		<feat xlink:href="#sSpan151" value="ⲁⲩⲱ"/>
		<feat xlink:href="#sSpan156" value="ⲡⲙⲏⲏϣⲉ"/>
		<feat xlink:href="#sSpan162" value="ⲉⲩⲥⲱⲧⲙ"/>
		<feat xlink:href="#sSpan170" value="ⲁⲩⲣϣⲡⲏⲣⲉ"/>
		<feat xlink:href="#sSpan180" value="ⲉⲩϫⲱ"/>
		<feat xlink:href="#sSpan188" value="ⲙⲙⲟⲥ"/>
		<feat xlink:href="#sSpan194" value="ϫⲉⲛⲧⲁⲡⲁⲓ"/>
		<feat xlink:href="#sSpan205" value="ϭⲛⲛⲁⲓ"/>
		<feat xlink:href="#sSpan212" value="ⲧⲱⲛ"/>
		<feat xlink:href="#sSpan216" value="."/>
		<feat xlink:href="#sSpan220" value="ⲁⲩⲱ"/>
		<feat xlink:href="#sSpan224" value="ⲟⲩ"/>
		<feat xlink:href="#sSpan228" value="ⲧⲉ"/>
		<feat xlink:href="#sSpan232" value="ⲧⲁⲓⲥⲟⲫⲓⲁ"/>
		<feat xlink:href="#sSpan240" value="ⲛⲧⲁⲩⲧⲁⲁⲥ"/>
		<feat xlink:href="#sSpan252" value="ⲙⲡⲁⲓ"/>
		<feat xlink:href="#sSpan259" value="."/>
		<feat xlink:href="#sSpan263" value="ⲁⲩⲱ"/>
		<feat xlink:href="#sSpan267" value="ⲛⲉⲓϭⲟⲙ"/>
		<feat xlink:href="#sSpan274" value="ⲛⲧⲉⲓϭⲟⲧ"/>
		<feat xlink:href="#sSpan282" value="ⲉⲧⲉⲣⲉⲡⲁⲓ"/>
		<feat xlink:href="#sSpan289" value="ⲉⲓⲣⲉ"/>
		<feat xlink:href="#sSpan293" value="ⲙⲙⲟⲟⲩ"/>
		<feat xlink:href="#sSpan299" value="ⲙⲡⲁⲓ"/>
		<feat xlink:href="#sSpan312" value="ⲁⲙ"/>
		<feat xlink:href="#sSpan316" value="ⲡⲉ"/>
		<feat xlink:href="#sSpan320" value="ⲡϩⲁⲙϣⲉ"/>
		<feat xlink:href="#sSpan327" value="ⲡϣⲏⲣⲉ"/>
		<feat xlink:href="#sSpan333" value="ⲙⲙⲁⲣⲓⲁ"/>
		<feat xlink:href="#sSpan341" value="."/>
		<feat xlink:href="#sSpan345" value="ⲁⲩⲱ"/>
		<feat xlink:href="#sSpan349" value="ⲡⲥⲟⲛ"/>
		<feat xlink:href="#sSpan355" value="ⲛⲓⲁⲕⲱⲃⲟⲥ"/>
		<feat xlink:href="#sSpan363" value="ⲛⲙⲓⲱⲥⲏ"/>
		<feat xlink:href="#sSpan371" value="ⲛⲙⲓⲟⲩⲇⲁ"/>
		<feat xlink:href="#sSpan379" value="ⲛⲙⲥⲓⲙⲱⲛ"/>
		<feat xlink:href="#sSpan387" value="."/>
		<feat xlink:href="#sSpan391" value="ⲁⲩⲱ"/>
		<feat xlink:href="#sSpan396" value="ⲛⲉϥⲥⲱⲛⲉ"/>
		<feat xlink:href="#sSpan402" value="ⲛⲉⲩⲛⲡⲉⲉⲓⲙⲁ"/>
		<feat xlink:href="#sSpan417" value="ⲁⲛ"/>
		<feat xlink:href="#sSpan421" value="ϩⲁϩⲧⲏⲛ"/>
		<feat xlink:href="#sSpan427" value="ⲁⲩⲥⲕⲁⲛⲇⲁⲗⲓⲍⲉ"/>
		<feat xlink:href="#sSpan436" value="ϩⲣⲁⲓ"/>
		<feat xlink:href="#sSpan440" value="ⲛϩⲏⲧϥ"/>
		<feat xlink:href="#sSpan446" value="."/>
		<feat xlink:href="#sSpan450" value="ⲡⲉϫⲉ"/>
		<feat xlink:href="#sSpan462" value="ⲓⲏⲥⲟⲩⲥ"/>
		<feat xlink:href="#sSpan467" value="ⲇⲉ"/>
		<feat xlink:href="#sSpan471" value="ⲛⲁⲩ"/>
		<feat xlink:href="#sSpan477" value="."/>
		<feat xlink:href="#sSpan481" value="ϫⲉ"/>
		<feat xlink:href="#sSpan485" value="ⲙⲙⲛⲡⲣⲟⲫⲏⲧⲏⲥ"/>
		<feat xlink:href="#sSpan493" value="ⲥⲏϣ"/>
		<feat xlink:href="#sSpan498" value="ⲉⲓⲙⲏⲧⲓ"/>
		<feat xlink:href="#sSpan503" value="ϩⲛⲧⲉϥⲡⲟⲗⲓⲥ"/>
		<feat xlink:href="#sSpan513" value="ⲁⲩⲱ"/>
		<feat xlink:href="#sSpan517" value="ϩⲛⲛⲉϥⲥⲩⲅⲅⲉⲛⲏⲥ"/>
		<feat xlink:href="#sSpan527" value="ⲙⲛⲡⲉϥⲏⲉⲓ"/>
		<feat xlink:href="#sSpan536" value="."/>
		<feat xlink:href="#sSpan540" value="ⲙⲡϥⲣⲗⲁⲁⲩ"/>
		<feat xlink:href="#sSpan558" value="ⲇⲉ"/>
		<feat xlink:href="#sSpan562" value="ⲛϭⲟⲙⲙⲡⲙⲁ"/>
		<feat xlink:href="#sSpan575" value="ⲉⲧⲙⲙⲁⲩ"/>
		<feat xlink:href="#sSpan581" value="ⲛⲥⲁϩⲟⲉⲓⲛⲉ"/>
		<feat xlink:href="#sSpan588" value="ⲉⲩϣⲱⲛⲉ"/>
		<feat xlink:href="#sSpan596" value="ⲁϥⲕⲁⲧⲟⲟⲧϥ"/>
		<feat xlink:href="#sSpan608" value="ϩⲓϫⲱⲟⲩ"/>
		<feat xlink:href="#sSpan614" value="ⲁϥⲧⲁⲗϭⲟⲟⲩ"/>
		<feat xlink:href="#sSpan624" value="."/>
		<feat xlink:href="#sSpan628" value="ⲁⲩⲱ"/>
		<feat xlink:href="#sSpan638" value="ⲛⲉⲩⲣϣⲡⲏⲣⲉ"/>
		<feat xlink:href="#sSpan648" value="ⲉⲧⲃⲉ"/>
		<feat xlink:href="#sSpan653" value="ⲧⲉⲩⲙⲛⲧⲁⲧⲛⲁϩⲧⲉ"/>
		<feat xlink:href="#sSpan662" value="ⲛⲉϥⲕⲱⲧⲉ"/>
		<feat xlink:href="#sSpan671" value="ⲇⲉ"/>
		<feat xlink:href="#sSpan675" value="ⲡⲉ"/>
		<feat xlink:href="#sSpan679" value="ⲉⲛⲉⲧⲙⲉ"/>
		<feat xlink:href="#sSpan688" value="ⲉϥϯⲥⲃⲱ"/>
		<feat xlink:href="#sSpan698" value="ⲁⲩⲱ"/>
		<feat xlink:href="#sSpan707" value="ⲁϥⲙⲟⲩⲧⲉ"/>
		<feat xlink:href="#sSpan715" value="ⲉⲡⲙⲛⲧⲥⲛⲟⲟⲩⲥ"/>
		<feat xlink:href="#sSpan726" value="ⲁϥⲁⲣⲭⲉⲥⲑⲁⲓ"/>
		<feat xlink:href="#sSpan735" value="ⲛϫⲟⲟⲩⲥⲉ"/>
		<feat xlink:href="#sSpan743" value="ⲥⲛⲁⲩ"/>
		<feat xlink:href="#sSpan748" value="ⲥⲛⲁⲩ"/>
		<feat xlink:href="#sSpan752" value="ⲁⲩⲱ"/>
		<feat xlink:href="#sSpan756" value="ⲁϥϯ"/>
		<feat xlink:href="#sSpan764" value="ⲛⲁⲩ"/>
		<feat xlink:href="#sSpan770" value="ⲛⲧⲉⲝⲟⲩⲥⲓⲁ"/>
		<feat xlink:href="#sSpan780" value="ⲉϩⲟⲩⲛ"/>
		<feat xlink:href="#sSpan784" value="ⲉⲛⲉⲡⲛⲉⲩⲙⲁ"/>
		<feat xlink:href="#sSpan794" value="ⲛⲁⲕⲁⲑⲁⲣⲧⲟⲛ"/>
		<feat xlink:href="#sSpan801" value="ⲁϥϩⲱⲛ"/>
		<feat xlink:href="#sSpan816" value="ⲇⲉ"/>
		<feat xlink:href="#sSpan820" value="ⲉⲧⲟⲟⲧⲟⲩ"/>
		<feat xlink:href="#sSpan826" value="ϫⲉⲕⲁⲁⲥ"/>
		<feat xlink:href="#sSpan830" value="ⲉⲛⲛⲉⲩϥⲓⲗⲁⲁⲩ"/>
		<feat xlink:href="#sSpan843" value="ⲛⲙⲙⲁⲩ"/>
		<feat xlink:href="#sSpan849" value="ⲉⲧⲉϩⲓⲏ"/>
		<feat xlink:href="#sSpan858" value="ⲛⲥⲁⲟⲩϭⲉⲣⲱⲃ"/>
		<feat xlink:href="#sSpan867" value="ⲙⲙⲁⲧⲉ"/>
		<feat xlink:href="#sSpan872" value="ⲟⲩⲇⲉ"/>
		<feat xlink:href="#sSpan877" value="ⲟⲉⲓⲕ"/>
		<feat xlink:href="#sSpan882" value="ⲟⲩⲇⲉ"/>
		<feat xlink:href="#sSpan888" value="ⲡⲏⲣⲁ"/>
		<feat xlink:href="#sSpan893" value="ⲟⲩⲇⲉ"/>
		<feat xlink:href="#sSpan897" value="ϩⲟⲙⲛⲧ"/>
		<feat xlink:href="#sSpan902" value="ⲉⲛⲉⲩⲙⲟϫϩ"/>
		<feat xlink:href="#sSpan912" value="ⲁⲗⲗⲁ"/>
		<feat xlink:href="#sSpan922" value="ⲉⲣⲉⲛⲉⲩⲥⲁⲛⲇⲁⲗⲓⲟⲛ"/>
		<feat xlink:href="#sSpan932" value="ⲟⲧϩ"/>
		<feat xlink:href="#sSpan936" value="ⲉⲣⲁⲧⲟⲩ"/>
		<feat xlink:href="#sSpan942" value="."/>
		<feat xlink:href="#sSpan947" value="ⲟⲩⲇⲉ"/>
		<feat xlink:href="#sSpan951" value="ⲛⲥⲉⲧⲙϯϣⲧⲏⲛ"/>
		<feat xlink:href="#sSpan964" value="ⲥⲛⲧⲉ"/>
		<feat xlink:href="#sSpan968" value="ϩⲓⲱⲟⲩ"/>
		<feat xlink:href="#sSpan974" value="ⲁⲩⲱ"/>
		<feat xlink:href="#sSpan984" value="ⲛⲉϥϫⲱ"/>
		<feat xlink:href="#sSpan992" value="ⲙⲙⲟⲥ"/>
		<feat xlink:href="#sSpan998" value="ⲛⲁⲩ"/>
		<feat xlink:href="#sSpan1004" value="ϫⲉ"/>
		<feat xlink:href="#sSpan1008" value="ⲡⲏⲉⲓ"/>
		<feat xlink:href="#sSpan1015" value="ⲉⲧⲉⲧⲛⲁⲃⲱⲕ"/>
		<feat xlink:href="#sSpan1026" value="ⲉϩⲟⲩⲛ"/>
		<feat xlink:href="#sSpan1030" value="ⲉⲣⲟϥ"/>
		<feat xlink:href="#sSpan1036" value="ϭⲱ"/>
		<feat xlink:href="#sSpan1040" value="ⲛϩⲏⲧϥ"/>
		<feat xlink:href="#sSpan1046" value="ϣⲁⲛⲧⲉⲧⲛⲉⲓ"/>
		<feat xlink:href="#sSpan1055" value="ⲉⲃⲟⲗ"/>
		<feat xlink:href="#sSpan1059" value="ϩⲙⲡⲙⲁ"/>
		<feat xlink:href="#sSpan1068" value="ⲉⲧⲙⲙⲁⲩ"/>
		<feat xlink:href="#sSpan1074" value="ⲁⲩⲱ"/>
		<feat xlink:href="#sSpan1084" value="ⲡⲙⲁ"/>
		<feat xlink:href="#sSpan1091" value="ⲉⲧⲉⲛϥⲛⲁϣⲉⲡⲧⲏⲩⲧⲛ"/>
		<feat xlink:href="#sSpan1105" value="ⲉⲣⲟϥ"/>
		<feat xlink:href="#sSpan1111" value="ⲁⲛ"/>
		<feat xlink:href="#sSpan1116" value="ⲟⲩⲇⲉ"/>
		<feat xlink:href="#sSpan1120" value="ⲛⲥⲉⲧⲙⲥⲱⲧⲙ"/>
		<feat xlink:href="#sSpan1130" value="ⲉⲣⲱⲧⲛ"/>
		<feat xlink:href="#sSpan1136" value="ⲉⲧⲉⲧⲛⲛⲁⲉⲓ"/>
		<feat xlink:href="#sSpan1147" value="ⲉⲃⲟⲗ"/>
		<feat xlink:href="#sSpan1151" value="ϩⲙⲡⲙⲁ"/>
		<feat xlink:href="#sSpan1160" value="ⲉⲧⲙⲙⲁⲩ"/>
		<feat xlink:href="#sSpan1166" value="ⲛⲟⲩϩⲉ"/>
		<feat xlink:href="#sSpan1171" value="ⲉⲃⲟⲗ"/>
		<feat xlink:href="#sSpan1175" value="ⲙⲡϣⲟⲉⲓϣ"/>
		<feat xlink:href="#sSpan1184" value="ⲉⲧϩⲁⲣⲟⲟⲩ"/>
		<feat xlink:href="#sSpan1192" value="ⲛⲛⲉⲧⲟⲩⲉⲣⲏⲧⲉ"/>
		<feat xlink:href="#sSpan1201" value="ⲉⲩⲙⲛⲧⲙⲛⲧⲣⲉ"/>
		<feat xlink:href="#sSpan1212" value="ⲉⲣⲟⲟⲩ"/>
		<feat xlink:href="#sSpan1218" value="."/>
		<feat xlink:href="#sSpan1222" value="ⲁⲩⲱ"/>
		<feat xlink:href="#sSpan1232" value="ⲛⲧⲉⲣⲟⲩⲙⲟⲟϣⲉ"/>
		<feat xlink:href="#sSpan1240" value="ⲁⲩⲕⲏⲣⲩⲥⲥⲉ"/>
		<feat xlink:href="#sSpan1249" value="ϫⲉⲉⲩⲉⲙⲉⲧⲁⲛⲟⲉⲓ"/>
		<feat xlink:href="#sSpan1258" value="ⲁⲩⲱ"/>
		<feat xlink:href="#sSpan1267" value="ϩⲁϩ"/>
		<feat xlink:href="#sSpan1272" value="ⲛⲇⲁⲓⲙⲱⲛⲓⲟⲛ"/>
		<feat xlink:href="#sSpan1279" value="ⲁⲩⲛⲟϫⲟⲩ"/>
		<feat xlink:href="#sSpan1289" value="ⲉⲃⲟⲗ"/>
		<feat xlink:href="#sSpan1293" value="ϩⲉⲛⲕⲉⲙⲏⲏϣⲉ"/>
		<feat xlink:href="#sSpan1302" value="ⲉⲩϣⲱⲛⲉ"/>
		<feat xlink:href="#sSpan1310" value="ⲁⲩⲧⲁϩⲥⲟⲩ"/>
		<feat xlink:href="#sSpan1320" value="ⲛⲛⲉϩ"/>
		<feat xlink:href="#sSpan1327" value="ⲁⲩⲧⲁⲗϭⲟⲟⲩ"/>
		<feat xlink:href="#sSpan1337" value="."/>
		<feat xlink:href="#sSpan1341" value="ⲁⲩⲱ"/>
		<feat xlink:href="#sSpan1351" value="ⲁϥⲥⲱⲧⲙ"/>
		<feat xlink:href="#sSpan1359" value="ⲛϭⲓϩⲏⲣⲱⲇⲏⲥ"/>
		<feat xlink:href="#sSpan1367" value="ⲡⲣⲣⲟ"/>
		<feat xlink:href="#sSpan1373" value="ⲁⲡⲉϥⲣⲁⲛ"/>
		<feat xlink:href="#sSpan1383" value="ⲅⲁⲣ"/>
		<feat xlink:href="#sSpan1388" value="ϯⲥⲟⲉⲓⲧ"/>
		<feat xlink:href="#sSpan1393" value="ⲁⲩⲱ"/>
		<feat xlink:href="#sSpan1397" value="ⲛⲉⲩϫⲱ"/>
		<feat xlink:href="#sSpan1405" value="ⲙⲙⲟⲥ"/>
		<feat xlink:href="#sSpan1411" value="ϫⲉⲓⲱϩⲁⲛⲛⲏⲥ"/>
		<feat xlink:href="#sSpan1419" value="ⲡⲉⲧϯⲃⲁⲡⲧⲓⲥⲙⲁ"/>
		<feat xlink:href="#sSpan1430" value="ⲁϥⲧⲱⲟⲩⲛ"/>
		<feat xlink:href="#sSpan1438" value="ϩⲛⲛⲉⲧⲙⲟⲟⲩⲧ"/>
		<feat xlink:href="#sSpan1449" value="ⲁⲩⲱ"/>
		<feat xlink:href="#sSpan1454" value="ⲉⲧⲃⲉⲡⲁⲓ"/>
		<feat xlink:href="#sSpan1462" value="ⲛϭⲟⲙ"/>
		<feat xlink:href="#sSpan1469" value="ⲉⲛⲉⲣⲅⲓ"/>
		<feat xlink:href="#sSpan1473" value="ⲛϩⲏⲧϥ"/>
		<feat xlink:href="#sSpan1479" value="."/>
		<feat xlink:href="#sSpan1484" value="ϩⲉⲛⲕⲟⲟⲩⲉ"/>
		<feat xlink:href="#sSpan1497" value="ⲇⲉ"/>
		<feat xlink:href="#sSpan1501" value="ⲛⲉⲩϫⲱ"/>
		<feat xlink:href="#sSpan1509" value="ⲙⲙⲟⲥ"/>
		<feat xlink:href="#sSpan1515" value="ϫⲉϩⲏⲗⲉⲓⲁⲥⲡⲉ"/>
		<feat xlink:href="#sSpan1526" value="ϩⲉⲛⲕⲟⲟⲩⲉ"/>
		<feat xlink:href="#sSpan1533" value="ⲇⲉ"/>
		<feat xlink:href="#sSpan1537" value="ϫⲉⲟⲩⲡⲣⲟⲫⲏⲧⲏⲥⲡⲉ"/>
		<feat xlink:href="#sSpan1549" value="ⲛⲧϩⲉ"/>
		<feat xlink:href="#sSpan1557" value="ⲛⲟⲩⲁ"/>
		<feat xlink:href="#sSpan1564" value="ⲛⲛⲉⲡⲣⲟⲫⲏⲧⲏⲥ"/>
		<feat xlink:href="#sSpan1574" value="ⲛⲧⲉⲣⲉϥⲥⲱⲧⲙ"/>
		<feat xlink:href="#sSpan1589" value="ⲇⲉ"/>
		<feat xlink:href="#sSpan1593" value="ⲛϭⲓϩⲏⲣⲱⲇⲏⲥ"/>
		<feat xlink:href="#sSpan1601" value="ⲡⲉϫⲁϥ"/>
		<feat xlink:href="#sSpan1607" value="ϫⲉⲓⲱϩⲁⲛⲛⲏⲥⲡⲉ"/>
		<feat xlink:href="#sSpan1617" value="ⲛⲧⲁⲓϥⲓⲧⲉϥⲁⲡⲉ"/>
		<feat xlink:href="#sSpan1632" value="ⲛⲧⲟϥⲡⲉ"/>
		<feat xlink:href="#sSpan1638" value="ⲛⲧⲁϥⲧⲱⲟⲩⲛ"/>
		<feat xlink:href="#sSpan1648" value="."/>
		<feat xlink:href="#sSpan1654" value="ϩⲏⲣⲱⲇⲏⲥ"/>
		<feat xlink:href="#sSpan1664" value="ⲅⲁⲣ"/>
		<feat xlink:href="#sSpan1668" value="ⲁϥϫⲟⲟⲩ"/>
		<feat xlink:href="#sSpan1676" value="ⲁϥⲁⲙⲁϩⲧⲉ"/>
		<feat xlink:href="#sSpan1684" value="ⲛⲓⲱϩⲁⲛⲛⲏⲥ"/>
		<feat xlink:href="#sSpan1692" value="ⲁϥⲙⲟⲣϥ"/>
		<feat xlink:href="#sSpan1702" value="ⲁϥⲕⲁⲁϥ"/>
		<feat xlink:href="#sSpan1712" value="ϩⲙⲡⲉϣⲧⲉⲕⲟ"/>
		<feat xlink:href="#sSpan1721" value="."/>
		<feat xlink:href="#sSpan1725" value="ⲉⲧⲃⲉϩⲏⲣⲱⲇⲓⲁⲥ"/>
		<feat xlink:href="#sSpan1733" value="ⲑⲓⲙⲉ"/>
		<feat xlink:href="#sSpan1739" value="ⲙⲫⲓⲗⲓⲡⲡⲟⲥ"/>
		<feat xlink:href="#sSpan1747" value="ⲡⲉϥⲥⲟⲛ"/>
		<feat xlink:href="#sSpan1753" value="ⲉⲃⲟⲗ"/>
		<feat xlink:href="#sSpan1758" value="ϫⲉⲁϥϩⲙⲟⲟⲥ"/>
		<feat xlink:href="#sSpan1768" value="ⲛⲙⲙⲁⲥ"/>
		<feat xlink:href="#sSpan1776" value="ⲓⲱϩⲁⲛⲛⲏⲥ"/>
		<feat xlink:href="#sSpan1786" value="ⲅⲁⲣ"/>
		<feat xlink:href="#sSpan1790" value="ⲛⲉϥϫⲱ"/>
		<feat xlink:href="#sSpan1798" value="ⲙⲙⲟⲥ"/>
		<feat xlink:href="#sSpan1804" value="ⲛϩⲏⲣⲱⲇⲏⲥ"/>
		<feat xlink:href="#sSpan1812" value="ϫⲉⲟⲩⲕ"/>
		<feat xlink:href="#sSpan1820" value="ⲉⲝⲉⲥⲧⲓ"/>
		<feat xlink:href="#sSpan1824" value="ⲛⲁⲕ"/>
		<feat xlink:href="#sSpan1830" value="ⲉϫⲓ"/>
		<feat xlink:href="#sSpan1836" value="ⲛⲑⲓⲙⲉ"/>
		<feat xlink:href="#sSpan1845" value="ⲙⲡⲉⲕⲥⲟⲛ"/>
		<feat xlink:href="#sSpan1854" value="."/>
		<feat xlink:href="#sSpan1860" value="ϩⲏⲣⲱⲇⲓⲁⲥ"/>
		<feat xlink:href="#sSpan1870" value="ⲇⲉ"/>
		<feat xlink:href="#sSpan1874" value="ⲛⲉⲥϭⲟⲛⲧ"/>
		<feat xlink:href="#sSpan1882" value="ⲉⲣⲟϥ"/>
		<feat xlink:href="#sSpan1888" value="."/>
		<feat xlink:href="#sSpan1892" value="ⲁⲩⲱ"/>
		<feat xlink:href="#sSpan1896" value="ⲛⲉⲥⲟⲩⲱϣ"/>
		<feat xlink:href="#sSpan1904" value="ⲉⲙⲟⲟⲩⲧϥ"/>
		<feat xlink:href="#sSpan1912" value="ⲙⲡⲉⲥϭⲙϭⲟⲙ"/>
		<feat xlink:href="#sSpan1921" value="ⲇⲉ"/>
		<feat xlink:href="#sSpan1925" value="."/>
		<feat xlink:href="#sSpan1930" value="ϩⲏⲣⲱⲇⲏⲥ"/>
		<feat xlink:href="#sSpan1941" value="ⲅⲁⲣ"/>
		<feat xlink:href="#sSpan1945" value="ⲛⲉϥⲟ"/>
		<feat xlink:href="#sSpan1954" value="ⲛϩⲟⲧⲉ"/>
		<feat xlink:href="#sSpan1960" value="ϩⲏⲧϥ"/>
		<feat xlink:href="#sSpan1966" value="ⲛⲓⲱϩⲁⲛⲛⲏⲥ"/>
		<feat xlink:href="#sSpan1974" value="ⲉϥⲥⲟⲟⲩⲛ"/>
		<feat xlink:href="#sSpan1982" value="ⲙⲙⲟϥ"/>
		<feat xlink:href="#sSpan1988" value="ϫⲉⲟⲩⲣⲱⲙⲉ"/>
		<feat xlink:href="#sSpan1997" value="ⲛⲇⲓⲕⲁⲓⲟⲥⲡⲉ"/>
		<feat xlink:href="#sSpan2006" value="ⲉϥⲟⲩⲁⲁⲃ"/>
		<feat xlink:href="#sSpan2014" value="ⲁⲩⲱ"/>
		<feat xlink:href="#sSpan2018" value="ⲛⲉϥⲧⲙⲁⲓⲟ"/>
		<feat xlink:href="#sSpan2026" value="ⲙⲙⲟϥ"/>
		<feat xlink:href="#sSpan2032" value="ⲛⲧⲉⲣⲉϥⲥⲱⲧⲙ"/>
		<feat xlink:href="#sSpan2041" value="ⲇⲉ"/>
		<feat xlink:href="#sSpan2045" value="ⲉⲣⲟϥ"/>
		<feat xlink:href="#sSpan2051" value="ⲛϩⲁϩ"/>
		<feat xlink:href="#sSpan2058" value="ⲛⲥⲟⲡ"/>
		<feat xlink:href="#sSpan2064" value="ⲁϥⲣϣⲡⲏⲣⲉ"/>
		<feat xlink:href="#sSpan2074" value="ⲁⲩⲱ"/>
		<feat xlink:href="#sSpan2078" value="ⲛⲉϥⲥⲱⲧⲙ"/>
		<feat xlink:href="#sSpan2086" value="ⲉⲣⲟϥ"/>
		<feat xlink:href="#sSpan2092" value="ⲉϥⲡⲓⲑⲉ"/>
		<feat xlink:href="#sSpan2101" value="."/>
		<feat xlink:href="#sSpan2105" value="ⲛⲧⲉⲣⲉⲟⲩϩⲟⲟⲩ"/>
		<feat xlink:href="#sSpan2121" value="ⲇⲉ"/>
		<feat xlink:href="#sSpan2125" value="ⲛⲣⲁⲛ"/>
		<feat xlink:href="#sSpan2131" value="ϣⲱⲡⲉ"/>
		<feat xlink:href="#sSpan2135" value="ⲉⲁϩⲏⲣⲱⲇⲏⲥ"/>
		<feat xlink:href="#sSpan2145" value="ϩⲙⲡⲉϥϩⲟⲩⲙⲓⲥⲉ"/>
		<feat xlink:href="#sSpan2156" value="ⲉⲣⲟⲩⲇⲓⲡⲛⲟⲛ"/>
		<feat xlink:href="#sSpan2166" value="ⲉⲛⲉϥⲙⲉⲅⲓⲥⲧⲁⲛⲟⲥ"/>
		<feat xlink:href="#sSpan2176" value="ⲁⲩⲱ"/>
		<feat xlink:href="#sSpan2180" value="ⲉⲛⲭⲓⲗⲓⲁⲣⲭⲟⲥ"/>
		<feat xlink:href="#sSpan2190" value="ⲙⲛⲛⲛⲟϭ"/>
		<feat xlink:href="#sSpan2199" value="ⲛⲧⲅⲁⲗⲓⲗⲁⲓⲁ"/>
		<feat xlink:href="#sSpan2209" value="."/>
		<feat xlink:href="#sSpan2213" value="ⲁⲥⲉⲓ"/>
		<feat xlink:href="#sSpan2228" value="ⲉϩⲟⲩⲛ"/>
		<feat xlink:href="#sSpan2232" value="ⲛϭⲓⲧϣⲉⲉⲣⲉ"/>
		<feat xlink:href="#sSpan2241" value="ⲛϩⲏⲣⲱⲇⲓⲁⲥ"/>
		<feat xlink:href="#sSpan2249" value="ⲁⲥⲟⲣⲭⲉ"/>
		<feat xlink:href="#sSpan2258" value="ⲁⲥⲣⲁⲛⲁϥ"/>
		<feat xlink:href="#sSpan2270" value="ⲛϩⲏⲣⲱⲇⲏⲥ"/>
		<feat xlink:href="#sSpan2278" value="ⲙⲛⲛⲉⲧⲛⲏϫ"/>
		<feat xlink:href="#sSpan2289" value="."/>
		<feat xlink:href="#sSpan2294" value="ⲡⲣⲣⲟ"/>
		<feat xlink:href="#sSpan2301" value="ⲇⲉ"/>
		<feat xlink:href="#sSpan2305" value="ⲁϥϫⲟⲟⲥ"/>
		<feat xlink:href="#sSpan2315" value="ⲛⲧϣⲉⲉⲣⲉ"/>
		<feat xlink:href="#sSpan2325" value="ϣⲏⲙ"/>
		<feat xlink:href="#sSpan2329" value="ϫⲉⲁⲓⲧⲓ"/>
		<feat xlink:href="#sSpan2336" value="ⲙⲙⲟⲓ"/>
		<feat xlink:href="#sSpan2342" value="ⲙⲡⲉⲧⲉⲟⲩⲁϣϥ"/>
		<feat xlink:href="#sSpan2355" value="ⲁⲩⲱ"/>
		<feat xlink:href="#sSpan2359" value="ϯⲛⲁⲧⲁⲁϥ"/>
		<feat xlink:href="#sSpan2369" value="ⲛⲉ"/>
		<feat xlink:href="#sSpan2375" value="."/>
		<feat xlink:href="#sSpan2379" value="ⲁⲩⲱ"/>
		<feat xlink:href="#sSpan2389" value="ⲁϥϩⲟⲙⲟⲗⲟⲅⲉⲓ"/>
		<feat xlink:href="#sSpan2398" value="ⲛⲁⲥ"/>
		<feat xlink:href="#sSpan2404" value="ϫⲉⲡⲉⲧⲉⲣⲁⲁⲓⲧⲓ"/>
		<feat xlink:href="#sSpan2418" value="ⲙⲙⲟⲓ"/>
		<feat xlink:href="#sSpan2424" value="ⲙⲙⲟϥ"/>
		<feat xlink:href="#sSpan2430" value="ϯⲛⲁⲧⲁⲁϥ"/>
		<feat xlink:href="#sSpan2440" value="ⲛⲉ"/>
		<feat xlink:href="#sSpan2446" value="ϣⲁⲧⲡⲁϣⲉ"/>
		<feat xlink:href="#sSpan2455" value="ⲛⲧⲁⲙⲛⲧⲣⲣⲟ"/>
		<feat xlink:href="#sSpan2466" value="."/>
		<feat xlink:href="#sSpan2470" value="ⲛⲧⲉⲣⲉⲥⲉⲓ"/>
		<feat xlink:href="#sSpan2485" value="ⲇⲉ"/>
		<feat xlink:href="#sSpan2489" value="ⲉⲃⲟⲗ"/>
		<feat xlink:href="#sSpan2493" value="ⲁⲥϫⲟⲟⲥ"/>
		<feat xlink:href="#sSpan2503" value="ⲛⲧⲉⲥⲙⲁⲁⲩ"/>
		<feat xlink:href="#sSpan2512" value="ϫⲉ"/>
		<feat xlink:href="#sSpan2516" value="ⲧⲁⲁⲓⲧⲓ"/>
		<feat xlink:href="#sSpan2523" value="ⲛⲟⲩ"/>
		<feat xlink:href="#sSpan2529" value="."/>
		<feat xlink:href="#sSpan2533" value="ⲛⲧⲟⲥ"/>
		<feat xlink:href="#sSpan2538" value="ⲇⲉ"/>
		<feat xlink:href="#sSpan2542" value="ⲡⲉϫⲁⲥ"/>
		<feat xlink:href="#sSpan2548" value="ϫⲉⲉⲧⲓ"/>
		<feat xlink:href="#sSpan2555" value="ⲛⲧⲁⲡⲉ"/>
		<feat xlink:href="#sSpan2564" value="ⲛⲓⲱϩⲁⲛⲛⲏⲥ"/>
		<feat xlink:href="#sSpan2572" value="ⲡⲃⲁⲡⲧⲓⲥⲧⲏⲥ"/>
		<feat xlink:href="#sSpan2579" value="ⲁⲩⲱ"/>
		<feat xlink:href="#sSpan2589" value="ⲛⲧⲉⲣⲉⲥⲃⲱⲕ"/>
		<feat xlink:href="#sSpan2598" value="ⲉϩⲟⲩⲛ"/>
		<feat xlink:href="#sSpan2602" value="ⲛⲧⲉⲩⲛⲟⲩ"/>
		<feat xlink:href="#sSpan2610" value="ϣⲁⲡⲉⲣⲟ"/>
		<feat xlink:href="#sSpan2619" value="ⲁⲥⲁⲓⲧⲓ"/>
		<feat xlink:href="#sSpan2628" value="ⲙⲙⲟϥ"/>
		<feat xlink:href="#sSpan2634" value="ⲉⲥϫⲱ"/>
		<feat xlink:href="#sSpan2642" value="ⲙⲙⲟⲥ"/>
		<feat xlink:href="#sSpan2648" value="ϫⲉϯⲟⲩⲱϣ"/>
		<feat xlink:href="#sSpan2656" value="ϫⲉⲕⲁⲁⲥ"/>
		<feat xlink:href="#sSpan2660" value="ⲧⲉⲛⲟⲩ"/>
		<feat xlink:href="#sSpan2664" value="ⲉⲕⲉϯ"/>
		<feat xlink:href="#sSpan2670" value="ⲛⲁⲓ"/>
		<feat xlink:href="#sSpan2676" value="ϩⲓϫⲛⲟⲩⲡⲓⲛⲁⲝ"/>
		<feat xlink:href="#sSpan2686" value="ⲛⲧⲁⲡⲉ"/>
		<feat xlink:href="#sSpan2695" value="ⲛⲓⲱϩⲁⲛⲛⲏⲥ"/>
		<feat xlink:href="#sSpan2703" value="ⲡⲃⲁⲡⲧⲓⲥⲧⲏⲥ"/>
		<feat xlink:href="#sSpan2710" value="."/>
		<feat xlink:href="#sSpan2714" value="ⲁⲩⲱ"/>
		<feat xlink:href="#sSpan2724" value="ⲛⲧⲉⲣⲉϥⲙⲕⲁϩ"/>
		<feat xlink:href="#sSpan2732" value="ⲛϩⲏⲧ"/>
		<feat xlink:href="#sSpan2738" value="ⲛϭⲓⲡⲣⲣⲟ"/>
		<feat xlink:href="#sSpan2747" value="."/>
		<feat xlink:href="#sSpan2751" value="ⲉⲧⲃⲉⲛⲁⲛⲁⲩϣ"/>
		<feat xlink:href="#sSpan2760" value="ⲙⲛⲛⲉⲧⲛⲏϫ"/>
		<feat xlink:href="#sSpan2771" value="ⲛⲙⲙⲁϥ"/>
		<feat xlink:href="#sSpan2777" value="ⲙⲡϥⲟⲩⲱϣ"/>
		<feat xlink:href="#sSpan2785" value="ⲉⲧⲥⲧⲟⲥ"/>
		<feat xlink:href="#sSpan2793" value="ⲉⲃⲟⲗ"/>
		<feat xlink:href="#sSpan2797" value="."/>
		<feat xlink:href="#sSpan2801" value="ⲁⲩⲱ"/>
		<feat xlink:href="#sSpan2811" value="ⲛⲧⲉⲩⲛⲟⲩ"/>
		<feat xlink:href="#sSpan2820" value="ⲡⲉⲣⲟ"/>
		<feat xlink:href="#sSpan2826" value="ⲁϥϫⲟⲟⲩ"/>
		<feat xlink:href="#sSpan2834" value="ⲛⲟⲩⲥⲡⲉⲕⲟⲩⲗⲁⲧⲱⲣ"/>
		<feat xlink:href="#sSpan2844" value="ⲁϥⲟⲩⲉϩⲥⲁϩⲛⲉ"/>
		<feat xlink:href="#sSpan2854" value="ⲛⲁϥ"/>
		<feat xlink:href="#sSpan2860" value="ⲉⲧⲣⲉϥⲛⲧⲉϥⲁⲡⲉ"/>
		<feat xlink:href="#sSpan2875" value="."/>
		<feat xlink:href="#sSpan2879" value="ⲁϥⲃⲱⲕ"/>
		<feat xlink:href="#sSpan2888" value="ⲇⲉ"/>
		<feat xlink:href="#sSpan2892" value="ⲁϥϥⲓⲧⲉϥⲁⲡⲉ"/>
		<feat xlink:href="#sSpan2905" value="ϩⲙⲡⲉϣⲧⲉⲕⲟ"/>
		<feat xlink:href="#sSpan2914" value="."/>
		<feat xlink:href="#sSpan2918" value="ⲁϥⲛⲧⲥ"/>
		<feat xlink:href="#sSpan2933" value="ϩⲓϫⲙⲡⲡⲓⲛⲁⲝ"/>
		<feat xlink:href="#sSpan2943" value="ⲁϥⲧⲁⲁⲥ"/>
		<feat xlink:href="#sSpan2953" value="ⲛⲧϣⲉⲉⲣⲉ"/>
		<feat xlink:href="#sSpan2963" value="ϣⲏⲙ"/>
		<feat xlink:href="#sSpan2967" value="ⲧϣⲉⲉⲣⲉ"/>
		<feat xlink:href="#sSpan2975" value="ϣⲏⲙ"/>
		<feat xlink:href="#sSpan2980" value="ⲇⲉ"/>
		<feat xlink:href="#sSpan2984" value="ⲁⲥⲧⲁⲁⲥ"/>
		<feat xlink:href="#sSpan2994" value="ⲛⲧⲉⲥⲙⲁⲁⲩ"/>
		<feat xlink:href="#sSpan3003" value="."/>
		<feat xlink:href="#sSpan3007" value="ⲁⲩⲱ"/>
		<feat xlink:href="#sSpan3016" value="ⲛⲧⲉⲣⲟⲩⲥⲱⲧⲙ"/>
		<feat xlink:href="#sSpan3024" value="ⲛϭⲓⲙⲙⲁⲑⲏⲧⲏⲥ"/>
		<feat xlink:href="#sSpan3034" value="."/>
		<feat xlink:href="#sSpan3038" value="ⲁⲩⲉⲓ"/>
		<feat xlink:href="#sSpan3046" value="ⲁⲩϥⲓⲡⲉϥⲥⲱⲙⲁ"/>
		<feat xlink:href="#sSpan3060" value="ⲁⲩⲕⲁⲁϥ"/>
		<feat xlink:href="#sSpan3070" value="ϩⲛⲟⲩⲙϩⲁⲟⲩ"/>
		<feat xlink:href="#sSpan3079" value="."/>
		<feat xlink:href="#sSpan3084" value="ⲛⲁⲡⲟⲥⲧⲟⲗⲟⲥ"/>
		<feat xlink:href="#sSpan3098" value="ⲇⲉ"/>
		<feat xlink:href="#sSpan3102" value="ⲁⲩⲥⲱⲟⲩϩ"/>
		<feat xlink:href="#sSpan3110" value="ⲉⲓⲏⲥⲟⲩⲥ"/>
		<feat xlink:href="#sSpan3118" value="ⲁⲩⲱ"/>
		<feat xlink:href="#sSpan3122" value="ⲁⲩϫⲱ"/>
		<feat xlink:href="#sSpan3130" value="ⲁⲩⲧⲁⲩⲟ"/>
		<feat xlink:href="#sSpan3138" value="ⲉⲣⲟϥ"/>
		<feat xlink:href="#sSpan3144" value="ⲛⲛⲉⲛⲧⲁⲩⲁⲁⲩ"/>
		<feat xlink:href="#sSpan3161" value="ⲧⲏⲣⲟⲩ"/>
		<feat xlink:href="#sSpan3167" value="ⲙⲛⲛⲉⲛⲧⲁⲩⲁⲁⲩ"/>
		<feat xlink:href="#sSpan3184" value="ⲛⲥⲃⲱ"/>
		<feat xlink:href="#sSpan3190" value="ⲡⲉϫⲉⲓⲏⲥⲟⲩⲥ"/>
		<feat xlink:href="#sSpan3205" value="ⲇⲉ"/>
		<feat xlink:href="#sSpan3209" value="ⲛⲁⲩ"/>
		<feat xlink:href="#sSpan3215" value="ϫⲉⲁⲙⲏⲓⲛ"/>
		<feat xlink:href="#sSpan3221" value="ⲛⲧⲱⲧⲛ"/>
		<feat xlink:href="#sSpan3225" value="ⲛⲥⲁⲩⲥⲁ"/>
		<feat xlink:href="#sSpan3234" value="ⲉⲩⲙⲁ"/>
		<feat xlink:href="#sSpan3243" value="ⲛϫⲁⲓⲉ"/>
		<feat xlink:href="#sSpan3249" value="ⲛⲧⲉⲧⲛⲙⲧⲟⲛ"/>
		<feat xlink:href="#sSpan3257" value="ⲙⲙⲱⲧⲛ"/>
		<feat xlink:href="#sSpan3263" value="ⲛⲟⲩⲕⲟⲩⲉⲓ"/>
		<feat xlink:href="#sSpan3272" value="ⲛⲉⲧⲛⲏⲩ"/>
		<feat xlink:href="#sSpan3281" value="ⲅⲁⲣ"/>
		<feat xlink:href="#sSpan3285" value="ⲁⲩⲱ"/>
		<feat xlink:href="#sSpan3290" value="ⲛⲉⲧⲃⲏⲕ"/>
		<feat xlink:href="#sSpan3298" value="ⲛⲉⲛⲁϣⲱⲟⲩ"/>
		<feat xlink:href="#sSpan3306" value="ⲉⲙⲁⲩⲕⲁⲁⲩ"/>
		<feat xlink:href="#sSpan3318" value="ⲉⲥⲣϥⲉ"/>
		<feat xlink:href="#sSpan3325" value="ⲉⲟⲩⲱⲙ"/>
		<feat xlink:href="#sSpan3331" value="ⲁⲩⲱ"/>
		<feat xlink:href="#sSpan3341" value="ⲁⲩⲧⲁⲗⲉ"/>
		<feat xlink:href="#sSpan3349" value="ⲉⲡϫⲟⲉⲓ"/>
		<feat xlink:href="#sSpan3358" value="ⲁⲩⲃⲱⲕ"/>
		<feat xlink:href="#sSpan3366" value="ⲙⲁⲩⲁⲁⲩ"/>
		<feat xlink:href="#sSpan3372" value="ⲉⲩⲙⲁ"/>
		<feat xlink:href="#sSpan3381" value="ⲛϫⲁⲉⲓⲉ"/>
		<feat xlink:href="#sSpan3387" value="."/>
		<feat xlink:href="#sSpan3391" value="ⲁϩⲁϩ"/>
		<feat xlink:href="#sSpan3405" value="ⲇⲉ"/>
		<feat xlink:href="#sSpan3409" value="ⲛⲁⲩ"/>
		<feat xlink:href="#sSpan3413" value="ⲉⲣⲟⲟⲩ"/>
		<feat xlink:href="#sSpan3419" value="ⲉⲩⲃⲏⲕ"/>
		<feat xlink:href="#sSpan3427" value="ⲁⲩⲥⲟⲩⲱⲛⲟⲩ"/>
		<feat xlink:href="#sSpan3437" value="ⲁⲩⲱ"/>
		<feat xlink:href="#sSpan3441" value="ⲁⲩⲉⲓ"/>
		<feat xlink:href="#sSpan3450" value="ⲉⲃⲟⲗ"/>
		<feat xlink:href="#sSpan3454" value="ϩⲛⲙⲡⲟⲗⲓⲥ"/>
		<feat xlink:href="#sSpan3464" value="."/>
		<feat xlink:href="#sSpan3468" value="ⲁⲩⲡⲱⲧ"/>
		<feat xlink:href="#sSpan3476" value="ⲉⲣⲁⲧⲟⲩ"/>
		<feat xlink:href="#sSpan3482" value="."/>
		<feat xlink:href="#sSpan3486" value="ⲁⲩⲣϣⲟⲣⲡ"/>
		<feat xlink:href="#sSpan3497" value="ⲇⲉ"/>
		<feat xlink:href="#sSpan3501" value="ⲉⲣⲟⲟⲩ"/>
		<feat xlink:href="#sSpan3507" value="."/>
		<feat xlink:href="#sSpan3511" value="ⲁⲩⲱ"/>
		<feat xlink:href="#sSpan3521" value="ⲛⲧⲉⲣⲉϥⲉⲓ"/>
		<feat xlink:href="#sSpan3530" value="ⲉⲃⲟⲗ"/>
		<feat xlink:href="#sSpan3534" value="ⲁϥⲛⲁⲩ"/>
		<feat xlink:href="#sSpan3542" value="ⲉⲩⲛⲟϭ"/>
		<feat xlink:href="#sSpan3551" value="ⲙⲙⲏⲏϣⲉ"/>
		<feat xlink:href="#sSpan3557" value="."/>
		<feat xlink:href="#sSpan3561" value="ⲁⲩⲱ"/>
		<feat xlink:href="#sSpan3565" value="ⲁϥϣⲛ"/>
		<feat xlink:href="#sSpan3573" value="ϩⲧⲏϥ"/>
		<feat xlink:href="#sSpan3579" value="ⲉϫⲱⲟⲩ"/>
		<feat xlink:href="#sSpan3585" value="ϫⲉⲛⲉⲩⲟ"/>
		<feat xlink:href="#sSpan3595" value="ⲛⲧϩⲉ"/>
		<feat xlink:href="#sSpan3603" value="ⲛϩⲉⲛⲉⲥⲟⲟⲩ"/>
		<feat xlink:href="#sSpan3612" value="ⲉⲙⲙⲛⲧⲟⲩ"/>
		<feat xlink:href="#sSpan3621" value="ϣⲱⲥ"/>
		<feat xlink:href="#sSpan3625" value="ϩⲓϫⲱⲟⲩ"/>
		<feat xlink:href="#sSpan3631" value="."/>
		<feat xlink:href="#sSpan3635" value="ⲁⲩⲱ"/>
		<feat xlink:href="#sSpan3639" value="ⲁϥⲁⲣⲭⲓ"/>
		<feat xlink:href="#sSpan3648" value="ⲉϯⲥⲃⲱ"/>
		<feat xlink:href="#sSpan3656" value="ⲛⲁⲩ"/>
		<feat xlink:href="#sSpan3662" value="ⲉⲙⲁⲧⲉ"/>
		<feat xlink:href="#sSpan3666" value="ⲛⲧⲉⲣⲉⲛⲁⲩ"/>
		<feat xlink:href="#sSpan3680" value="ⲇⲉ"/>
		<feat xlink:href="#sSpan3684" value="ϣⲉ"/>
		<feat xlink:href="#sSpan3688" value="."/>
		<feat xlink:href="#sSpan3693" value="ⲛⲉϥⲙⲁⲑⲏⲧⲏⲥ"/>
		<feat xlink:href="#sSpan3700" value="ⲁⲩϯⲡⲉⲩⲟⲩⲟⲉⲓ"/>
		<feat xlink:href="#sSpan3712" value="ⲉⲣⲟϥ"/>
		<feat xlink:href="#sSpan3718" value="ⲉⲩϫⲱ"/>
		<feat xlink:href="#sSpan3726" value="ⲙⲙⲟⲥ"/>
		<feat xlink:href="#sSpan3732" value="ⲛⲁϥ"/>
		<feat xlink:href="#sSpan3738" value="ϫⲉⲡⲙⲁ"/>
		<feat xlink:href="#sSpan3748" value="ⲟⲩϫⲁⲓⲉⲡⲉ"/>
		<feat xlink:href="#sSpan3756" value="."/>
		<feat xlink:href="#sSpan3760" value="ⲁⲩⲱ"/>
		<feat xlink:href="#sSpan3765" value="ⲏⲇⲏ"/>
		<feat xlink:href="#sSpan3769" value="ⲁⲛⲁⲩ"/>
		<feat xlink:href="#sSpan3776" value="ϣⲉ"/>
		<feat xlink:href="#sSpan3780" value="."/>
		<feat xlink:href="#sSpan3784" value="ⲕⲁⲁⲩ"/>
		<feat xlink:href="#sSpan3796" value="ⲉⲃⲟⲗ"/>
		<feat xlink:href="#sSpan3801" value="ϫⲉⲉⲩⲉⲃⲱⲕ"/>
		<feat xlink:href="#sSpan3810" value="ⲉⲛⲥⲱϣⲉ"/>
		<feat xlink:href="#sSpan3819" value="ⲉⲧϩⲙⲡⲉⲩⲕⲱⲧⲉ"/>
		<feat xlink:href="#sSpan3831" value="ⲙⲛⲛⲉⲧⲙⲉ"/>
		<feat xlink:href="#sSpan3840" value="ⲛⲥⲉⲧⲟⲟⲩ"/>
		<feat xlink:href="#sSpan3848" value="ⲛⲁⲩ"/>
		<feat xlink:href="#sSpan3854" value="ⲛⲛⲉⲧⲟⲩⲛⲁⲟⲩⲟⲙⲟⲩ"/>
		<feat xlink:href="#sSpan3871" value="."/>
		<feat xlink:href="#sSpan3875" value="ⲛⲧⲟϥ"/>
		<feat xlink:href="#sSpan3886" value="ⲇⲉ"/>
		<feat xlink:href="#sSpan3890" value="ⲁϥⲟⲩⲱϣⲃ"/>
		<feat xlink:href="#sSpan3898" value="ⲉϥϫⲱ"/>
		<feat xlink:href="#sSpan3906" value="ⲙⲙⲟⲥ"/>
		<feat xlink:href="#sSpan3912" value="ⲛⲁⲩ"/>
		<feat xlink:href="#sSpan3918" value="ϫⲉϯ"/>
		<feat xlink:href="#sSpan3924" value="ⲛⲁⲩ"/>
		<feat xlink:href="#sSpan3930" value="ⲛⲧⲱⲧⲛ"/>
		<feat xlink:href="#sSpan3934" value="ⲉⲧⲣⲉⲩⲟⲩⲱⲙ"/>
		<feat xlink:href="#sSpan3944" value="."/>
		<feat xlink:href="#sSpan3948" value="ⲡⲉϫⲁⲩ"/>
		<feat xlink:href="#sSpan3954" value="ⲛⲁϥ"/>
		<feat xlink:href="#sSpan3960" value="ϫⲉⲙⲁⲣⲛⲃⲱⲕ"/>
		<feat xlink:href="#sSpan3970" value="ⲛⲧⲛⲧⲟⲟⲩ"/>
		<feat xlink:href="#sSpan3979" value="ⲙⲛⲧⲥⲛⲟⲟⲩⲥ"/>
		<feat xlink:href="#sSpan3985" value="ⲛϣⲉ"/>
		<feat xlink:href="#sSpan3991" value="ⲛⲟⲉⲓⲕ"/>
		<feat xlink:href="#sSpan3997" value="ⲛⲧⲛⲧⲁⲁⲩ"/>
		<feat xlink:href="#sSpan4007" value="ⲛⲁⲩ"/>
		<feat xlink:href="#sSpan4013" value="ⲉⲟⲩⲱⲙ"/>
		<feat xlink:href="#sSpan4019" value="."/>
		<feat xlink:href="#sSpan4023" value="ⲛⲧⲟϥ"/>
		<feat xlink:href="#sSpan4028" value="ⲇⲉ"/>
		<feat xlink:href="#sSpan4032" value="ⲡⲉϫⲁϥ"/>
		<feat xlink:href="#sSpan4038" value="ⲛⲁⲩ"/>
		<feat xlink:href="#sSpan4044" value="ϫⲉⲟⲩⲛⲧⲏⲧⲛ"/>
		<feat xlink:href="#sSpan4058" value="ⲟⲩⲏⲣ"/>
		<feat xlink:href="#sSpan4062" value="ⲛⲟⲉⲓⲕ"/>
		<feat xlink:href="#sSpan4069" value="ⲃⲱⲕ"/>
		<feat xlink:href="#sSpan4073" value="ⲛⲧⲉⲧⲛⲛⲁⲩ"/>
		<feat xlink:href="#sSpan4081" value="."/>
		<feat xlink:href="#sSpan4085" value="ⲁⲩⲱ"/>
		<feat xlink:href="#sSpan4089" value="ⲛⲧⲉⲣⲟⲩⲉⲓⲙⲉ"/>
		<feat xlink:href="#sSpan4097" value="ⲡⲉϫⲁⲩ"/>
		<feat xlink:href="#sSpan4103" value="ⲛⲁϥ"/>
		<feat xlink:href="#sSpan4109" value="ϫⲉⲧⲓⲟⲩ"/>
		<feat xlink:href="#sSpan4116" value="ⲙⲛⲧⲃⲧ"/>
		<feat xlink:href="#sSpan4123" value="ⲥⲛⲁⲩ"/>
		<feat xlink:href="#sSpan4127" value="."/>
		<feat xlink:href="#sSpan4131" value="ⲁⲩⲱ"/>
		<feat xlink:href="#sSpan4141" value="ⲁϥⲟⲩⲉϩⲥⲁϩⲛⲉ"/>
		<feat xlink:href="#sSpan4151" value="ⲛⲁⲩ"/>
		<feat xlink:href="#sSpan4157" value="ⲉⲧⲣⲉⲩⲛⲟϫⲟⲩ"/>
		<feat xlink:href="#sSpan4169" value="ⲧⲏⲣⲟⲩ"/>
		<feat xlink:href="#sSpan4175" value="ⲉⲩⲟ"/>
		<feat xlink:href="#sSpan4183" value="ⲛⲁⲩⲏⲧ"/>
		<feat xlink:href="#sSpan4190" value="ⲁⲩⲏⲧ"/>
		<feat xlink:href="#sSpan4194" value="ⲉϫⲙⲡⲉⲭⲟⲣⲧⲟⲥ"/>
		<feat xlink:href="#sSpan4204" value="ⲉⲧⲟⲩⲉⲧⲟⲩⲱⲧ"/>
		<feat xlink:href="#sSpan4210" value="ⲁⲩⲱ"/>
		<feat xlink:href="#sSpan4220" value="ⲁⲩⲛⲟϫⲟⲩ"/>
		<feat xlink:href="#sSpan4230" value="ⲉⲩⲟ"/>
		<feat xlink:href="#sSpan4238" value="ⲛⲁⲩⲏⲧ"/>
		<feat xlink:href="#sSpan4245" value="ⲁⲩⲏⲧ"/>
		<feat xlink:href="#sSpan4249" value="ϣⲉ"/>
		<feat xlink:href="#sSpan4254" value="ϣⲉ"/>
		<feat xlink:href="#sSpan4258" value="ⲁⲩⲱ"/>
		<feat xlink:href="#sSpan4262" value="ⲧⲁⲉⲓⲟⲩ"/>
		<feat xlink:href="#sSpan4267" value="ⲧⲁⲉⲓⲟⲩ"/>
		<feat xlink:href="#sSpan4271" value="."/>
		<feat xlink:href="#sSpan4275" value="ⲛⲧⲉⲣⲉϥϫⲓ"/>
		<feat xlink:href="#sSpan4290" value="ⲇⲉ"/>
		<feat xlink:href="#sSpan4294" value="ⲙⲡⲧⲓⲟⲩ"/>
		<feat xlink:href="#sSpan4303" value="ⲛⲟⲓⲕ"/>
		<feat xlink:href="#sSpan4309" value="ⲛⲙⲡⲧⲃⲧ"/>
		<feat xlink:href="#sSpan4318" value="ⲥⲛⲁⲩ"/>
		<feat xlink:href="#sSpan4322" value="ⲁϥϥⲓⲁⲧϥ"/>
		<feat xlink:href="#sSpan4335" value="ⲉϩⲣⲁⲓ"/>
		<feat xlink:href="#sSpan4339" value="ⲉⲧⲡⲉ"/>
		<feat xlink:href="#sSpan4348" value="ⲁϥⲥⲙⲟⲩ"/>
		<feat xlink:href="#sSpan4356" value="ⲉⲣⲟⲟⲩ"/>
		<feat xlink:href="#sSpan4362" value="ⲁⲩⲱ"/>
		<feat xlink:href="#sSpan4366" value="ⲁϥⲡⲉϣⲛⲟⲉⲓⲕ"/>
		<feat xlink:href="#sSpan4376" value="ⲁϥⲧⲁⲁⲩ"/>
		<feat xlink:href="#sSpan4386" value="ⲛⲛⲉϥⲙⲁⲑⲏⲧⲏⲥ"/>
		<feat xlink:href="#sSpan4396" value="ϫⲉⲉⲩⲉⲕⲁⲁⲩ"/>
		<feat xlink:href="#sSpan4406" value="ϩⲁⲣⲱⲟⲩ"/>
		<feat xlink:href="#sSpan4412" value="ⲡⲕⲉⲧⲃⲧ"/>
		<feat xlink:href="#sSpan4421" value="ⲥⲛⲁⲩ"/>
		<feat xlink:href="#sSpan4425" value="ⲁϥⲡⲟϣⲟⲩ"/>
		<feat xlink:href="#sSpan4435" value="ⲉϫⲱⲟⲩ"/>
		<feat xlink:href="#sSpan4441" value="ⲧⲏⲣⲟⲩ"/>
		<feat xlink:href="#sSpan4447" value="ⲁⲩⲱ"/>
		<feat xlink:href="#sSpan4456" value="ⲁⲩⲟⲩⲱⲙ"/>
		<feat xlink:href="#sSpan4464" value="ⲧⲏⲣⲟⲩ"/>
		<feat xlink:href="#sSpan4470" value="ⲁⲩⲥⲓ"/>
		<feat xlink:href="#sSpan4478" value="."/>
		<feat xlink:href="#sSpan4482" value="ⲁⲩⲱ"/>
		<feat xlink:href="#sSpan4492" value="ⲁⲩϥⲓⲙⲛⲧⲥⲛⲟⲟⲩⲥ"/>
		<feat xlink:href="#sSpan4505" value="ⲛⲕⲟⲧ"/>
		<feat xlink:href="#sSpan4511" value="ⲉⲩⲙⲉϩ"/>
		<feat xlink:href="#sSpan4519" value="ⲗⲗⲁⲕⲙ"/>
		<feat xlink:href="#sSpan4526" value="ⲁⲩϥⲓ"/>
		<feat xlink:href="#sSpan4534" value="ⲟⲛ"/>
		<feat xlink:href="#sSpan4538" value="ⲉⲃⲟⲗ"/>
		<feat xlink:href="#sSpan4543" value="ϩⲛⲛⲧⲃⲧ"/>
		<feat xlink:href="#sSpan4552" value="."/>
		<feat xlink:href="#sSpan4557" value="ⲛⲉⲛⲧⲁⲩⲟⲩⲱⲙ"/>
		<feat xlink:href="#sSpan4576" value="ⲇⲉ"/>
		<feat xlink:href="#sSpan4580" value="ⲛⲉⲩⲛⲁⲣⲁⲩϭⲓⲥⲧⲃⲁ"/>
		<feat xlink:href="#sSpan4596" value="ⲣⲣⲱⲙⲉ"/>
		<feat xlink:href="#sSpan4602" value="."/>
		<feat xlink:href="#sSpan4606" value="ⲁⲩⲱ"/>
		<feat xlink:href="#sSpan4616" value="ⲛⲧⲉⲩⲛⲟⲩ"/>
		<feat xlink:href="#sSpan4624" value="ⲁϥⲁⲛⲁⲅⲕⲁⲍⲉ"/>
		<feat xlink:href="#sSpan4633" value="ⲛⲛⲉϥⲙⲁⲑⲏⲧⲏⲥ"/>
		<feat xlink:href="#sSpan4643" value="ⲉⲧⲁⲗⲉ"/>
		<feat xlink:href="#sSpan4649" value="ⲉⲡϫⲟⲉⲓ"/>
		<feat xlink:href="#sSpan4658" value="ⲁⲩⲱ"/>
		<feat xlink:href="#sSpan4662" value="ⲉⲣϣⲟⲣⲡ"/>
		<feat xlink:href="#sSpan4670" value="ⲉⲣⲟϥ"/>
		<feat xlink:href="#sSpan4676" value="ⲉⲡⲓⲕⲣⲟ"/>
		<feat xlink:href="#sSpan4685" value="ⲉ"/>
		<feat xlink:href="#sSpan4691" value="ⲃⲏⲑⲥⲁⲓⲇⲁ"/>
		<feat xlink:href="#sSpan4695" value="ϣⲁⲛⲧⲉϥⲕⲁⲡⲙⲏⲏϣⲉ"/>
		<feat xlink:href="#sSpan4708" value="ⲉⲃⲟⲗ"/>
		<feat xlink:href="#sSpan4712" value="."/>
		<feat xlink:href="#sSpan4716" value="ⲁⲩⲱ"/>
		<feat xlink:href="#sSpan4725" value="ⲛⲧⲉⲣⲉϥⲁⲡⲟⲥⲧⲁⲥⲥⲉ"/>
		<feat xlink:href="#sSpan4734" value="ⲛⲁⲩ"/>
		<feat xlink:href="#sSpan4740" value="ⲁϥⲃⲱⲕ"/>
		<feat xlink:href="#sSpan4749" value="ⲉϩⲣⲁⲓ"/>
		<feat xlink:href="#sSpan4753" value="ⲉⲡⲧⲟⲟⲩ"/>
		<feat xlink:href="#sSpan4762" value="ⲉϣⲗⲏⲗ"/>
		<feat xlink:href="#sSpan4768" value="."/>
		<feat xlink:href="#sSpan4772" value="ⲛⲧⲉⲣⲉⲣⲟⲩϩⲉ"/>
		<feat xlink:href="#sSpan4785" value="ⲇⲉ"/>
		<feat xlink:href="#sSpan4789" value="ϣⲱⲡⲉ"/>
		<feat xlink:href="#sSpan4793" value="ⲛⲉⲣⲉⲡϫⲟⲉⲓ"/>
		<feat xlink:href="#sSpan4802" value="ϩⲛ"/>
		<feat xlink:href="#sSpan4806" value="ⲧⲙⲏⲧⲉ"/>
		<feat xlink:href="#sSpan4813" value="ⲛⲑⲁⲗⲁⲥⲥⲁ"/>
		<feat xlink:href="#sSpan4823" value="."/>
		<feat xlink:href="#sSpan4827" value="ⲁⲩⲱ"/>
		<feat xlink:href="#sSpan4831" value="ⲛⲧⲟϥ"/>
		<feat xlink:href="#sSpan4835" value="ⲛⲉϥϩⲓⲡⲉⲕⲣⲟ"/>
		<feat xlink:href="#sSpan4848" value="ⲙⲁⲩⲁⲁϥ"/>
		<feat xlink:href="#sSpan4854" value="."/>
		<feat xlink:href="#sSpan4858" value="ⲛⲧⲉⲣⲉϥⲛⲁⲩ"/>
		<feat xlink:href="#sSpan4873" value="ⲇⲉ"/>
		<feat xlink:href="#sSpan4877" value="ⲉⲣⲟⲟⲩ"/>
		<feat xlink:href="#sSpan4883" value="ⲉⲩϩⲟⲥⲉ"/>
		<feat xlink:href="#sSpan4891" value="ϩⲙⲡⲧⲣⲉⲩⲥϭⲏⲣ"/>
		<feat xlink:href="#sSpan4905" value="ⲡⲧⲏⲩ"/>
		<feat xlink:href="#sSpan4912" value="ⲅⲁⲣ"/>
		<feat xlink:href="#sSpan4916" value="ⲛⲉϥϯ"/>
		<feat xlink:href="#sSpan4924" value="ⲟⲩⲃⲏⲩ"/>
		<feat xlink:href="#sSpan4930" value="ϩⲙⲡⲙⲉϩϥⲧⲟⲟⲩ"/>
		<feat xlink:href="#sSpan4941" value="ⲛϣⲱⲡ"/>
		<feat xlink:href="#sSpan4948" value="ⲛⲧⲉⲩϣⲏ"/>
		<feat xlink:href="#sSpan4957" value="ⲁϥⲉⲓ"/>
		<feat xlink:href="#sSpan4965" value="ϣⲁⲣⲟⲟⲩ"/>
		<feat xlink:href="#sSpan4971" value="ⲉϥⲙⲟⲟϣⲉ"/>
		<feat xlink:href="#sSpan4980" value="ϩⲓϫⲛⲑⲁⲗⲁⲥⲥⲁ"/>
		<feat xlink:href="#sSpan4990" value="ⲁⲩⲱ"/>
		<feat xlink:href="#sSpan4994" value="ⲛⲉϥⲟⲩⲱϣ"/>
		<feat xlink:href="#sSpan5002" value="ⲉⲡⲁⲣⲁⲅⲉ"/>
		<feat xlink:href="#sSpan5009" value="ⲙⲙⲟⲟⲩ"/>
		<feat xlink:href="#sSpan5015" value="."/>
		<feat xlink:href="#sSpan5019" value="ⲛⲧⲟⲟⲩ"/>
		<feat xlink:href="#sSpan5030" value="ⲛⲇⲉ"/>
		<feat xlink:href="#sSpan5034" value="ⲛⲧⲉⲣⲟⲩⲛⲁⲩ"/>
		<feat xlink:href="#sSpan5042" value="ⲉⲣⲟϥ"/>
		<feat xlink:href="#sSpan5048" value="ⲉϥⲙⲟⲟϣⲉ"/>
		<feat xlink:href="#sSpan5057" value="ϩⲓϫⲛⲑⲁⲗⲁⲥⲥⲁ"/>
		<feat xlink:href="#sSpan5067" value="."/>
		<feat xlink:href="#sSpan5071" value="ⲁⲩⲙⲉⲉⲩⲉ"/>
		<feat xlink:href="#sSpan5079" value="ϫⲉⲟⲩⲫⲁⲛⲧⲁⲥⲙⲁⲡⲉ"/>
		<feat xlink:href="#sSpan5091" value="."/>
		<feat xlink:href="#sSpan5095" value="ⲁⲩⲱ"/>
		<feat xlink:href="#sSpan5099" value="ⲁⲩϫⲓϣⲕⲁⲕ"/>
		<feat xlink:href="#sSpan5109" value="ⲉⲃⲟⲗ"/>
		<feat xlink:href="#sSpan5113" value="ⲁⲩⲉⲓⲟⲣϩϥ"/>
		<feat xlink:href="#sSpan5130" value="ⲅⲁⲣ"/>
		<feat xlink:href="#sSpan5134" value="ⲧⲏⲣⲟⲩ"/>
		<feat xlink:href="#sSpan5140" value="."/>
		<feat xlink:href="#sSpan5144" value="ⲁⲩⲱ"/>
		<feat xlink:href="#sSpan5148" value="ⲁⲩϣⲧⲟⲣⲧⲣ"/>
		<feat xlink:href="#sSpan5156" value="."/>
		<feat xlink:href="#sSpan5160" value="ⲛⲧⲟϥ"/>
		<feat xlink:href="#sSpan5165" value="ⲇⲉ"/>
		<feat xlink:href="#sSpan5169" value="ⲛⲧⲉⲩⲛⲟⲩ"/>
		<feat xlink:href="#sSpan5177" value="ⲁϥϣⲁϫⲉ"/>
		<feat xlink:href="#sSpan5185" value="ⲛⲙⲙⲁⲩ"/>
		<feat xlink:href="#sSpan5191" value="ⲉϥϫⲱ"/>
		<feat xlink:href="#sSpan5199" value="ⲙⲙⲟⲥ"/>
		<feat xlink:href="#sSpan5205" value="ϫⲉⲧⲱⲕ"/>
		<feat xlink:href="#sSpan5211" value="ⲛϩⲏⲧ"/>
		<feat xlink:href="#sSpan5217" value="ⲁⲛⲟⲕⲡⲉ"/>
		<feat xlink:href="#sSpan5223" value="ⲙⲡⲣⲣϩⲟⲧⲉ"/>
		<feat xlink:href="#sSpan5231" value="ⲁⲩⲱ"/>
		<feat xlink:href="#sSpan5241" value="ⲁϥⲁⲗⲉ"/>
		<feat xlink:href="#sSpan5249" value="ⲉⲡϫⲟⲉⲓ"/>
		<feat xlink:href="#sSpan5258" value="ⲛⲙⲙⲁⲩ"/>
		<feat xlink:href="#sSpan5264" value="ⲁⲡⲧⲏⲩ"/>
		<feat xlink:href="#sSpan5273" value="ⲗⲟ"/>
		<feat xlink:href="#sSpan5277" value="ⲃⲃⲟⲗ"/>
		<feat xlink:href="#sSpan5281" value="."/>
		<feat xlink:href="#sSpan5285" value="ⲁⲩⲣϣⲡⲏⲣⲉ"/>
		<feat xlink:href="#sSpan5296" value="ⲇⲉ"/>
		<feat xlink:href="#sSpan5300" value="ⲉⲙⲁⲧⲉ"/>
		<feat xlink:href="#sSpan5304" value="ⲙⲡⲟⲩⲛⲟⲉⲓ"/>
		<feat xlink:href="#sSpan5320" value="ⲅⲁⲣ"/>
		<feat xlink:href="#sSpan5324" value="ϩⲓⲛⲟⲉⲓⲕ"/>
		<feat xlink:href="#sSpan5333" value="."/>
		<feat xlink:href="#sSpan5338" value="ⲁⲗⲗⲁ"/>
		<feat xlink:href="#sSpan5342" value="ⲛⲉⲣⲉⲡⲉⲩϩⲏⲧ"/>
		<feat xlink:href="#sSpan5351" value="ⲧⲏⲙ"/>
		<feat xlink:href="#sSpan5355" value="ⲛⲧⲉⲣⲟⲩⲙⲟⲟⲛⲉ"/>
		<feat xlink:href="#sSpan5370" value="ⲇⲉ"/>
		<feat xlink:href="#sSpan5374" value="ⲉⲡⲉⲕⲣⲟ"/>
		<feat xlink:href="#sSpan5383" value="ⲁⲩⲉⲓ"/>
		<feat xlink:href="#sSpan5392" value="ⲉⲅⲉⲛⲛⲏⲥⲁⲣⲉⲧ"/>
		<feat xlink:href="#sSpan5400" value="ⲛⲧⲉⲣⲟⲩⲡⲉ"/>
		<feat xlink:href="#sSpan5415" value="ⲇⲉ"/>
		<feat xlink:href="#sSpan5419" value="ⲉⲡⲉⲕⲣⲟ"/>
		<feat xlink:href="#sSpan5428" value="ⲛⲧⲉⲩⲛⲟⲩ"/>
		<feat xlink:href="#sSpan5436" value="ⲁⲩⲥⲟⲩⲱⲛϥ"/>
		<feat xlink:href="#sSpan5446" value="ⲁⲩⲱ"/>
		<feat xlink:href="#sSpan5456" value="ⲁⲩⲡⲱⲧ"/>
		<feat xlink:href="#sSpan5465" value="ⲉⲃⲟⲗ"/>
		<feat xlink:href="#sSpan5469" value="ϩⲛⲧⲉⲭⲱⲣⲁ"/>
		<feat xlink:href="#sSpan5479" value="ⲧⲏⲣⲥ"/>
		<feat xlink:href="#sSpan5485" value="ⲉⲧⲙⲙⲁⲩ"/>
		<feat xlink:href="#sSpan5491" value="."/>
		<feat xlink:href="#sSpan5495" value="ⲁⲩⲱ"/>
		<feat xlink:href="#sSpan5499" value="ⲁⲩⲁⲣⲭⲉⲓ"/>
		<feat xlink:href="#sSpan5508" value="ⲉⲉⲓⲛⲉ"/>
		<feat xlink:href="#sSpan5515" value="ϩⲓϫⲛⲛⲉⲧϭⲗⲱϭ"/>
		<feat xlink:href="#sSpan5524" value="ⲛⲛⲉⲧⲙⲟⲕϩ"/>
		<feat xlink:href="#sSpan5535" value="ϩⲛⲛⲉⲩϣⲱⲛⲉ"/>
		<feat xlink:href="#sSpan5544" value="ⲉⲡⲙⲁ"/>
		<feat xlink:href="#sSpan5553" value="ⲉϣⲁⲩⲥⲱⲧⲙ"/>
		<feat xlink:href="#sSpan5563" value="ϫⲉϥⲛϩⲏⲧϥ"/>
		<feat xlink:href="#sSpan5573" value="."/>
		<feat xlink:href="#sSpan5577" value="ⲁⲩⲱ"/>
		<feat xlink:href="#sSpan5587" value="ⲡⲙⲁ"/>
		<feat xlink:href="#sSpan5594" value="ⲉⲧϥⲛⲁⲃⲱⲕ"/>
		<feat xlink:href="#sSpan5605" value="ⲉϩⲟⲩⲛ"/>
		<feat xlink:href="#sSpan5609" value="ⲉⲣⲟϥ"/>
		<feat xlink:href="#sSpan5615" value="ⲉϩⲉⲛϯⲙⲉ"/>
		<feat xlink:href="#sSpan5625" value="ⲏ"/>
		<feat xlink:href="#sSpan5630" value="ϩⲉⲛⲡⲟⲗⲓⲥ"/>
		<feat xlink:href="#sSpan5638" value="ⲏ"/>
		<feat xlink:href="#sSpan5643" value="ϩⲉⲛⲥⲱϣⲉ"/>
		<feat xlink:href="#sSpan5649" value="."/>
		<feat xlink:href="#sSpan5653" value="ϣⲁⲩⲕⲁⲛⲉⲧϣⲱⲛⲉ"/>
		<feat xlink:href="#sSpan5668" value="ϩⲛⲛⲁⲅⲟⲣⲁ"/>
		<feat xlink:href="#sSpan5678" value="ⲛⲥⲉⲥⲉⲡⲥⲱⲡϥ"/>
		<feat xlink:href="#sSpan5688" value="ϫⲉⲕⲁⲁⲥ"/>
		<feat xlink:href="#sSpan5692" value="ⲉⲩⲉϫⲱϩ"/>
		<feat xlink:href="#sSpan5698" value="ⲉⲡⲧⲟⲡ"/>
		<feat xlink:href="#sSpan5707" value="ⲛⲧⲉϥϣⲧⲏⲛ"/>
		<feat xlink:href="#sSpan5716" value="ⲁⲩⲱ"/>
		<feat xlink:href="#sSpan5720" value="ⲛⲉϣⲁⲩϫⲱϩ"/>
		<feat xlink:href="#sSpan5730" value="ⲉⲣⲟϥ"/>
		<feat xlink:href="#sSpan5736" value="ϣⲁⲩⲗⲟ"/>
		<feat xlink:href="#sSpan5744" value="."/></featList></paula>