<?xml version='1.0' encoding='UTF-8'?><!DOCTYPE paula SYSTEM "paula_feat.dtd">
<paula version="1.1">
	<header paula_id="scriptorium.Mark_06.mark_morph"/>
	<featList xmlns:xlink="http://www.w3.org/1999/xlink" type="morph" xml:base="scriptorium.Mark_06.mark.xml">
		<feat xlink:href="#sSpan134" value="ϯ"/>
		<feat xlink:href="#sSpan137" value="ⲥⲃⲱ"/>
		<feat xlink:href="#sSpan173" value="ⲣ"/>
		<feat xlink:href="#sSpan176" value="ϣⲡⲏⲣⲉ"/>
		<feat xlink:href="#sSpan641" value="ⲣ"/>
		<feat xlink:href="#sSpan644" value="ϣⲡⲏⲣⲉ"/>
		<feat xlink:href="#sSpan654" value="ⲙⲛⲧ"/>
		<feat xlink:href="#sSpan657" value="ⲁⲧ"/>
		<feat xlink:href="#sSpan658" value="ⲛⲁϩⲧⲉ"/>
		<feat xlink:href="#sSpan691" value="ϯ"/>
		<feat xlink:href="#sSpan694" value="ⲥⲃⲱ"/>
		<feat xlink:href="#sSpan719" value="ⲙⲛⲧ"/>
		<feat xlink:href="#sSpan722" value="ⲥⲛⲟⲟⲩⲥ"/>
		<feat xlink:href="#sSpan1205" value="ⲙⲛⲧ"/>
		<feat xlink:href="#sSpan1208" value="ⲙⲛⲧⲣⲉ"/>
		<feat xlink:href="#sSpan1384" value="ϯ"/>
		<feat xlink:href="#sSpan1389" value="ⲥⲟⲉⲓⲧ"/>
		<feat xlink:href="#sSpan1422" value="ϯ"/>
		<feat xlink:href="#sSpan1425" value="ⲃⲁⲡⲧⲓⲥⲙⲁ"/>
		<feat xlink:href="#sSpan2067" value="ⲣ"/>
		<feat xlink:href="#sSpan2070" value="ϣⲡⲏⲣⲉ"/>
		<feat xlink:href="#sSpan2149" value="ϩⲟⲩ"/>
		<feat xlink:href="#sSpan2152" value="ⲙⲓⲥⲉ"/>
		<feat xlink:href="#sSpan2459" value="ⲙⲛⲧ"/>
		<feat xlink:href="#sSpan2462" value="ⲣⲣⲟ"/>
		<feat xlink:href="#sSpan2847" value="ⲟⲩⲱϩ"/>
		<feat xlink:href="#sSpan2850" value="ⲥⲁϩⲛⲉ"/>
		<feat xlink:href="#sSpan3489" value="ⲣ"/>
		<feat xlink:href="#sSpan3492" value="ϣⲟⲣⲡ"/>
		<feat xlink:href="#sSpan3649" value="ϯ"/>
		<feat xlink:href="#sSpan3652" value="ⲥⲃⲱ"/>
		<feat xlink:href="#sSpan3975" value="ⲙⲛⲧ"/>
		<feat xlink:href="#sSpan3981" value="ⲥⲛⲟⲟⲩⲥ"/>
		<feat xlink:href="#sSpan4144" value="ⲟⲩⲉϩ"/>
		<feat xlink:href="#sSpan4147" value="ⲥⲁϩⲛⲉ"/>
		<feat xlink:href="#sSpan4369" value="ⲡⲉϣⲛ"/>
		<feat xlink:href="#sSpan4372" value="ⲟⲉⲓⲕ"/>
		<feat xlink:href="#sSpan4497" value="ⲙⲛⲧ"/>
		<feat xlink:href="#sSpan4501" value="ⲥⲛⲟⲟⲩⲥ"/>
		<feat xlink:href="#sSpan4663" value="ⲣ"/>
		<feat xlink:href="#sSpan4666" value="ϣⲟⲣⲡ"/>
		<feat xlink:href="#sSpan4934" value="ⲙⲉϩ"/>
		<feat xlink:href="#sSpan4937" value="ϥⲧⲟⲟⲩ"/>
		<feat xlink:href="#sSpan5102" value="ϫⲓ"/>
		<feat xlink:href="#sSpan5105" value="ϣⲕⲁⲕ"/>
		<feat xlink:href="#sSpan5224" value="ⲣ"/>
		<feat xlink:href="#sSpan5227" value="ϩⲟⲧⲉ"/>
		<feat xlink:href="#sSpan5288" value="ⲣ"/>
		<feat xlink:href="#sSpan5291" value="ϣⲡⲏⲣⲉ"/></featList></paula>