<?xml version='1.0' encoding='UTF-8'?><!DOCTYPE paula SYSTEM "paula_feat.dtd">
<paula version="1.1">
	<header paula_id="scriptorium.Mark_06.mark_vid_n"/>
	<featList xmlns:xlink="http://www.w3.org/1999/xlink" type="vid_n" xml:base="scriptorium.Mark_06.mark.xml">
		<feat xlink:href="#sSpan8" value="urn:cts:copticLit:nt.mark.sahidica_ed:6.1"/>
		<feat xlink:href="#sSpan103" value="urn:cts:copticLit:nt.mark.sahidica_ed:6.2"/>
		<feat xlink:href="#sSpan303" value="urn:cts:copticLit:nt.mark.sahidica_ed:6.3"/>
		<feat xlink:href="#sSpan454" value="urn:cts:copticLit:nt.mark.sahidica_ed:6.4"/>
		<feat xlink:href="#sSpan543" value="urn:cts:copticLit:nt.mark.sahidica_ed:6.5"/>
		<feat xlink:href="#sSpan631" value="urn:cts:copticLit:nt.mark.sahidica_ed:6.6"/>
		<feat xlink:href="#sSpan700" value="urn:cts:copticLit:nt.mark.sahidica_ed:6.7"/>
		<feat xlink:href="#sSpan804" value="urn:cts:copticLit:nt.mark.sahidica_ed:6.8"/>
		<feat xlink:href="#sSpan915" value="urn:cts:copticLit:nt.mark.sahidica_ed:6.9"/>
		<feat xlink:href="#sSpan977" value="urn:cts:copticLit:nt.mark.sahidica_ed:6.10"/>
		<feat xlink:href="#sSpan1077" value="urn:cts:copticLit:nt.mark.sahidica_ed:6.11"/>
		<feat xlink:href="#sSpan1225" value="urn:cts:copticLit:nt.mark.sahidica_ed:6.12"/>
		<feat xlink:href="#sSpan1260" value="urn:cts:copticLit:nt.mark.sahidica_ed:6.13"/>
		<feat xlink:href="#sSpan1344" value="urn:cts:copticLit:nt.mark.sahidica_ed:6.14"/>
		<feat xlink:href="#sSpan1487" value="urn:cts:copticLit:nt.mark.sahidica_ed:6.15"/>
		<feat xlink:href="#sSpan1577" value="urn:cts:copticLit:nt.mark.sahidica_ed:6.16"/>
		<feat xlink:href="#sSpan1656" value="urn:cts:copticLit:nt.mark.sahidica_ed:6.17"/>
		<feat xlink:href="#sSpan1778" value="urn:cts:copticLit:nt.mark.sahidica_ed:6.18"/>
		<feat xlink:href="#sSpan1862" value="urn:cts:copticLit:nt.mark.sahidica_ed:6.19"/>
		<feat xlink:href="#sSpan1933" value="urn:cts:copticLit:nt.mark.sahidica_ed:6.20"/>
		<feat xlink:href="#sSpan2108" value="urn:cts:copticLit:nt.mark.sahidica_ed:6.21"/>
		<feat xlink:href="#sSpan2217" value="urn:cts:copticLit:nt.mark.sahidica_ed:6.22"/>
		<feat xlink:href="#sSpan2383" value="urn:cts:copticLit:nt.mark.sahidica_ed:6.23"/>
		<feat xlink:href="#sSpan2474" value="urn:cts:copticLit:nt.mark.sahidica_ed:6.24"/>
		<feat xlink:href="#sSpan2583" value="urn:cts:copticLit:nt.mark.sahidica_ed:6.25"/>
		<feat xlink:href="#sSpan2718" value="urn:cts:copticLit:nt.mark.sahidica_ed:6.26"/>
		<feat xlink:href="#sSpan2805" value="urn:cts:copticLit:nt.mark.sahidica_ed:6.27"/>
		<feat xlink:href="#sSpan2921" value="urn:cts:copticLit:nt.mark.sahidica_ed:6.28"/>
		<feat xlink:href="#sSpan3010" value="urn:cts:copticLit:nt.mark.sahidica_ed:6.29"/>
		<feat xlink:href="#sSpan3088" value="urn:cts:copticLit:nt.mark.sahidica_ed:6.30"/>
		<feat xlink:href="#sSpan3194" value="urn:cts:copticLit:nt.mark.sahidica_ed:6.31"/>
		<feat xlink:href="#sSpan3335" value="urn:cts:copticLit:nt.mark.sahidica_ed:6.32"/>
		<feat xlink:href="#sSpan3395" value="urn:cts:copticLit:nt.mark.sahidica_ed:6.33"/>
		<feat xlink:href="#sSpan3515" value="urn:cts:copticLit:nt.mark.sahidica_ed:6.34"/>
		<feat xlink:href="#sSpan3670" value="urn:cts:copticLit:nt.mark.sahidica_ed:6.35"/>
		<feat xlink:href="#sSpan3788" value="urn:cts:copticLit:nt.mark.sahidica_ed:6.36"/>
		<feat xlink:href="#sSpan3879" value="urn:cts:copticLit:nt.mark.sahidica_ed:6.37"/>
		<feat xlink:href="#sSpan4048" value="urn:cts:copticLit:nt.mark.sahidica_ed:6.38"/>
		<feat xlink:href="#sSpan4135" value="urn:cts:copticLit:nt.mark.sahidica_ed:6.39"/>
		<feat xlink:href="#sSpan4214" value="urn:cts:copticLit:nt.mark.sahidica_ed:6.40"/>
		<feat xlink:href="#sSpan4279" value="urn:cts:copticLit:nt.mark.sahidica_ed:6.41"/>
		<feat xlink:href="#sSpan4450" value="urn:cts:copticLit:nt.mark.sahidica_ed:6.42"/>
		<feat xlink:href="#sSpan4486" value="urn:cts:copticLit:nt.mark.sahidica_ed:6.43"/>
		<feat xlink:href="#sSpan4561" value="urn:cts:copticLit:nt.mark.sahidica_ed:6.44"/>
		<feat xlink:href="#sSpan4610" value="urn:cts:copticLit:nt.mark.sahidica_ed:6.45"/>
		<feat xlink:href="#sSpan4717" value="urn:cts:copticLit:nt.mark.sahidica_ed:6.46"/>
		<feat xlink:href="#sSpan4773" value="urn:cts:copticLit:nt.mark.sahidica_ed:6.47"/>
		<feat xlink:href="#sSpan4860" value="urn:cts:copticLit:nt.mark.sahidica_ed:6.48"/>
		<feat xlink:href="#sSpan5021" value="urn:cts:copticLit:nt.mark.sahidica_ed:6.49"/>
		<feat xlink:href="#sSpan5115" value="urn:cts:copticLit:nt.mark.sahidica_ed:6.50"/>
		<feat xlink:href="#sSpan5233" value="urn:cts:copticLit:nt.mark.sahidica_ed:6.51"/>
		<feat xlink:href="#sSpan5306" value="urn:cts:copticLit:nt.mark.sahidica_ed:6.52"/>
		<feat xlink:href="#sSpan5357" value="urn:cts:copticLit:nt.mark.sahidica_ed:6.53"/>
		<feat xlink:href="#sSpan5402" value="urn:cts:copticLit:nt.mark.sahidica_ed:6.54"/>
		<feat xlink:href="#sSpan5448" value="urn:cts:copticLit:nt.mark.sahidica_ed:6.55"/>
		<feat xlink:href="#sSpan5579" value="urn:cts:copticLit:nt.mark.sahidica_ed:6.56"/></featList></paula>