<?xml version='1.0' encoding='UTF-8'?><!DOCTYPE paula SYSTEM "paula_feat.dtd">
<paula version="1.1">
	<header paula_id="scriptorium.01_Genesis_08.mark_orig_group"/>
	<featList xmlns:xlink="http://www.w3.org/1999/xlink" type="orig_group" xml:base="scriptorium.01_Genesis_08.mark.xml">
		<feat xlink:href="#sSpan864" value="ⲉⲛⲁⲩ"/>
		<feat xlink:href="#sSpan872" value="ⲉϩⲣⲁⲓ"/>
		<feat xlink:href="#sSpan874" value="ⲉϥϣⲱⲧ"/>
		<feat xlink:href="#sSpan876" value="ⲉϩⲟⲩⲛ"/>
		<feat xlink:href="#sSpan880" value="ⲛⲧⲁⲓⲁⲁⲥ"/>
		<feat xlink:href="#sSpan884" value="ϩⲙⲡϣⲟⲣⲡ"/>
		<feat xlink:href="#sSpan888" value="ⲧⲏⲣⲟⲩ"/>
		<feat xlink:href="#sSpan889" value="ϭⲉ"/>
		<feat xlink:href="#sSpan890" value="ⲟⲛ"/>
		<feat xlink:href="#sSpan895" value="ⲛϩⲟⲩⲛ"/>
		<feat xlink:href="#sSpan896" value="ϭⲉ"/>
		<feat xlink:href="#sSpan897" value="ⲙⲡⲟⲥ"/>
		<feat xlink:href="#sSpan904" value="ⲙⲡⲉϥⲕⲧⲟϥ"/>
		<feat xlink:href="#sSpan907" value="ⲛϩⲟⲟⲩ"/>
		<feat xlink:href="#sSpan910" value="ⲛϩⲟⲟⲩ"/>
		<feat xlink:href="#sSpan923" value="ⲛⲧⲁϥⲧⲁⲙⲓⲟⲥ"/>
		<feat xlink:href="#sSpan924" value="ⲙⲡⲕⲁϩ"/>
		<feat xlink:href="#sSpan925" value="ⲥⲟⲟⲩⲧⲛ"/>
		<feat xlink:href="#sSpan928" value="ϣⲁⲣⲟϥ"/>
		<feat xlink:href="#sSpan933" value="ⲡⲛⲟⲩⲧⲉ"/>
		<feat xlink:href="#sSpan938" value="ⲡⲛⲟⲩⲧⲉ"/>
		<feat xlink:href="#sSpan940" value="ⲉⲃⲟⲗ"/>
		<feat xlink:href="#sSpan941" value="ϩⲓϫⲙⲁⲩⲉⲓ"/>
		<feat xlink:href="#sSpan943" value="ⲉϩⲟⲩⲛ"/>
		<feat xlink:href="#sSpan944" value="ⲉⲃⲟⲗ"/>
		<feat xlink:href="#sSpan946" value="ⲉⲃⲟⲗ"/>
		<feat xlink:href="#sSpan948" value="ⲉⲧⲟⲟⲧⲉϣⲁⲣⲉ"/>
		<feat xlink:href="#sSpan951" value="ϩⲣⲁⲓ"/>
		<feat xlink:href="#sSpan952" value="ϣⲁⲛⲱϩⲉ"/>
		<feat xlink:href="#sSpan964" value="ⲛⲥⲟⲩⲁ"/>
		<feat xlink:href="#sSpan965" value="ⲟⲩⲱⲛ"/>
		<feat xlink:href="#sSpan966" value="ⲉⲩⲥϯⲛⲟⲩϥⲉ"/>
		<feat xlink:href="#sSpan967" value="ⲁⲥϣⲱⲡⲉ"/>
		<feat xlink:href="#sSpan968" value="ⲥⲃⲟⲕ"/>
		<feat xlink:href="#sSpan969" value="ⲡⲙⲟⲟⲩ"/>
		<feat xlink:href="#sSpan970" value="ⲉⲃⲟⲗ"/>
		<feat xlink:href="#sSpan972" value="ⲛⲛⲁⲟⲩⲱϩ"/>
		<feat xlink:href="#sSpan980" value="ⲛⲛⲱϩⲉ"/>
		<feat xlink:href="#sSpan982" value="ⲉⲙⲁ"/>
		<feat xlink:href="#sSpan983" value="ⲁⲗⲗⲁ"/>
		<feat xlink:href="#sSpan984" value="ⲛⲧⲉϥϭⲓϫ"/>
		<feat xlink:href="#sSpan986" value="ⲙⲡⲉⲥϩⲉ"/>
		<feat xlink:href="#sSpan989" value="ϫⲉⲉⲛⲉ"/>
		<feat xlink:href="#sSpan997" value="ⲙⲛⲛⲉⲧⲛⲙⲙⲁϥ"/>
		<feat xlink:href="#sSpan999" value="ⲡⲛⲟⲩⲧⲉ"/>
		<feat xlink:href="#sSpan1000" value="ⲉⲃⲟⲗ"/>
		<feat xlink:href="#sSpan1004" value="ⲉϩⲣⲁⲓ"/>
		<feat xlink:href="#sSpan1006" value="ⲛⲉⲃⲟⲧ"/>
		<feat xlink:href="#sSpan1015" value="ⲁⲧⲡⲉ"/>
		<feat xlink:href="#sSpan1018" value="ⲉϩⲣⲁⲓ"/>
		<feat xlink:href="#sSpan1020" value="ⲛϭⲃϫⲟⲉⲓⲧ"/>
		<feat xlink:href="#sSpan1021" value="ⲛⲧⲉϭⲣⲟⲟⲙⲡⲉ"/>
		<feat xlink:href="#sSpan1022" value="ⲙⲛⲛⲥⲁϣⲉⲧⲁⲓⲟⲩ"/>
		<feat xlink:href="#sSpan1025" value="ϩⲓϫⲙⲡⲕⲁϩ"/>
		<feat xlink:href="#sSpan1027" value="ⲛⲧⲉϭⲣⲟⲟⲙⲡⲉ"/>
		<feat xlink:href="#sSpan1029" value="ⲉⲧⲕⲓⲃⲱⲧⲟⲥ"/>
		<feat xlink:href="#sSpan1032" value="ⲡⲛⲟⲩⲧⲉ"/>
		<feat xlink:href="#sSpan1034" value="ⲣⲡⲙⲉⲉⲩⲉ"/>
		<feat xlink:href="#sSpan1038" value="ⲉϫⲙⲡⲕⲁϩ"/>
		<feat xlink:href="#sSpan1043" value="ⲙⲡⲉⲥⲕⲟⲧⲥ"/>
		<feat xlink:href="#sSpan1053" value="ⲛⲛⲉⲩⲱϫⲛ"/>
		<feat xlink:href="#sSpan1062" value="ⲉⲃⲟⲗ"/>
		<feat xlink:href="#sSpan1063" value="ⲛⲥⲁⲣⲝ"/>
		<feat xlink:href="#sSpan1065" value="ⲉⲃⲟⲗ"/>
		<feat xlink:href="#sSpan1069" value="ⲉⲃⲟⲗ"/>
		<feat xlink:href="#sSpan1075" value="ⲁⲥϣⲱⲡⲉ"/>
		<feat xlink:href="#sSpan1077" value="ⲁⲡⲙⲟⲟⲩ"/>
		<feat xlink:href="#sSpan1078" value="ⲛⲧⲕⲓⲃⲱⲧⲟⲥ"/>
		<feat xlink:href="#sSpan1082" value="ⲥⲃⲟⲕ"/>
		<feat xlink:href="#sSpan1088" value="ⲛⲛⲉⲥⲟⲩⲉⲣⲏⲧⲉ"/>
		<feat xlink:href="#sSpan1092" value="ⲡⲙⲟⲟⲩ"/>
		<feat xlink:href="#sSpan1094" value="ϫⲉⲁϥⲥⲃⲟⲕ"/>
		<feat xlink:href="#sSpan1097" value="ⲛⲧⲡⲉ"/>
		<feat xlink:href="#sSpan1098" value="ⲉϩⲟⲩⲛ"/>
		<feat xlink:href="#sSpan1100" value="ⲁϥⲕⲱⲧ"/>
		<feat xlink:href="#sSpan1105" value="ⲁⲩⲱ"/>
		<feat xlink:href="#sSpan1113" value="ϩⲓϫⲙⲡⲕⲁϩ"/>
		<feat xlink:href="#sSpan1120" value="ⲉϫⲙⲡⲕⲁϩ"/>
		<feat xlink:href="#sSpan1122" value="ⲛⲣⲟⲩϩⲉ"/>
		<feat xlink:href="#sSpan1128" value="ⲛϭⲓⲡϫⲟ"/>
		<feat xlink:href="#sSpan1129" value="ⲙⲡⲣⲟ"/>
		<feat xlink:href="#sSpan1134" value="ⲉϫⲛⲧⲁⲡⲉ"/>
		<feat xlink:href="#sSpan1136" value="ⲉϩⲣⲁⲓ"/>
		<feat xlink:href="#sSpan1139" value="ϣⲁⲣⲟϥ"/>
		<feat xlink:href="#sSpan1144" value="ⲇⲉ"/>
		<feat xlink:href="#sSpan1150" value="ⲇⲉ"/>
		<feat xlink:href="#sSpan1151" value="ⲉⲃⲟⲗ"/>
		<feat xlink:href="#sSpan1157" value="ϩⲙⲟⲟⲥ"/>
		<feat xlink:href="#sSpan1158" value="ⲛⲣⲟⲙⲡⲉ"/>
		<feat xlink:href="#sSpan1167" value="ⲛϭⲓⲙⲡⲩⲅⲏ"/>
		<feat xlink:href="#sSpan1168" value="ⲛⲟⲩⲱϩ"/>
		<feat xlink:href="#sSpan1176" value="ⲁϥϫⲟⲟⲩ"/>
		<feat xlink:href="#sSpan1178" value="ⲛϭⲓⲡⲛⲟⲩⲧⲉ"/>
		<feat xlink:href="#sSpan1181" value="ⲇⲉ"/>
		<feat xlink:href="#sSpan1182" value="ⲉⲣⲉⲟⲩϣϫⲉ"/>
		<feat xlink:href="#sSpan1183" value="ⲙⲛⲡⲉⲁⲣ"/>
		<feat xlink:href="#sSpan1187" value="ⲛⲓⲙ"/>
		<feat xlink:href="#sSpan1189" value="ⲙⲡⲉⲃⲟⲧ"/>
		<feat xlink:href="#sSpan1197" value="ⲁⲩϣⲧⲁⲙ"/>
		<feat xlink:href="#sSpan1200" value="ⲙⲡϫⲟⲉⲓⲥ"/>
		<feat xlink:href="#sSpan1202" value="ⲁⲛⲱϩⲉ"/>
		<feat xlink:href="#sSpan1211" value="ⲉⲧⲕⲓⲃⲱⲧⲟⲥ"/>
		<feat xlink:href="#sSpan1212" value="ϩⲙⲡⲙⲉϩⲥⲁϣϥ"/>
		<feat xlink:href="#sSpan1215" value="ϫⲉⲡϩⲏⲧ"/>
		<feat xlink:href="#sSpan1221" value="ⲛϩⲟⲟⲩ"/>
		<feat xlink:href="#sSpan1227" value="ⲉⲛⲁⲩ"/>
		<feat xlink:href="#sSpan1229" value="ⲁϥⲉⲓ"/>
		<feat xlink:href="#sSpan1235" value="ⲧⲉϭⲣⲟⲟⲙⲡⲉ"/>
		<feat xlink:href="#sSpan1236" value="ⲇⲉ"/>
		<feat xlink:href="#sSpan1240" value="ⲁⲩⲱ"/>
		<feat xlink:href="#sSpan1248" value="ⲛⲛⲧⲟⲟⲩ"/>
		<feat xlink:href="#sSpan1251" value="ⲁϥϫⲟⲟⲩ"/>
		<feat xlink:href="#sSpan1253" value="ⲁⲡⲛⲟⲩⲧⲉ"/>
		<feat xlink:href="#sSpan1254" value="ⲛⲟⲩϣⲏ"/>
		<feat xlink:href="#sSpan1256" value="ⲟⲛ"/>
		<feat xlink:href="#sSpan1257" value="ⲥⲃⲟⲕ"/>
		<feat xlink:href="#sSpan1258" value="ⲁϥϫⲟⲟⲩ"/>
		<feat xlink:href="#sSpan1260" value="ⲛⲉϥⲛⲏⲩ"/>
		<feat xlink:href="#sSpan1261" value="ⲁϥⲧⲣⲉ"/>
		<feat xlink:href="#sSpan1262" value="ⲉϥⲉϣⲱⲡⲉ"/>
		<feat xlink:href="#sSpan1263" value="ⲧⲏⲣⲟⲩ"/>
		<feat xlink:href="#sSpan1270" value="ⲉⲧⲟⲟⲧⲉⲧⲁⲕⲟ"/>
		<feat xlink:href="#sSpan1281" value="ⲧⲏⲣϥ"/>
		<feat xlink:href="#sSpan1283" value="ϩⲙⲡⲙⲉϩⲥⲟⲟⲩ"/>
		<feat xlink:href="#sSpan1289" value="ⲇⲉ"/>
		<feat xlink:href="#sSpan1298" value="ⲧⲏⲓ"/>
		<feat xlink:href="#sSpan1300" value="ⲛⲱϩⲉ"/>
		<feat xlink:href="#sSpan1305" value="ⲙⲛⲛϩⲁⲗⲁⲁⲧⲉ"/>
		<feat xlink:href="#sSpan1307" value="ⲁⲩⲱ"/>
		<feat xlink:href="#sSpan1309" value="ⲛⲕⲁⲧⲁⲕⲗⲩⲥⲙⲟⲥ"/>
		<feat xlink:href="#sSpan1312" value="ⲟⲛ"/>
		<feat xlink:href="#sSpan1316" value="ⲡⲁⲣⲱϣ"/>
		<feat xlink:href="#sSpan1317" value="ⲛⲁⲩ"/>
		<feat xlink:href="#sSpan1324" value="ⲱϫⲛ"/>
		<feat xlink:href="#sSpan1325" value="ⲛϩⲟⲟⲩ"/>
		<feat xlink:href="#sSpan1327" value="ⲁⲡϫⲟⲉⲓⲥ"/>
		<feat xlink:href="#sSpan1332" value="ϫⲉⲁⲓⲧⲁⲕⲟ"/>
		<feat xlink:href="#sSpan1336" value="ⲧⲏⲣⲟⲩ"/>
		<feat xlink:href="#sSpan1342" value="ⲉⲃⲟⲗ"/>
		<feat xlink:href="#sSpan1343" value="ⲟⲩⲱⲛ"/>
		<feat xlink:href="#sSpan1344" value="ⲉⲓⲛⲉ"/>
		<feat xlink:href="#sSpan1345" value="ϩⲓϫⲙⲡⲕⲁϩ"/>
		<feat xlink:href="#sSpan1349" value="ⲁⲛⲱϩⲉ"/>
		<feat xlink:href="#sSpan1357" value="ⲁⲡⲙⲟⲟⲩ"/>
		<feat xlink:href="#sSpan1359" value="ϩⲛⲛⲧⲃⲛⲟⲟⲩⲉ"/>
		<feat xlink:href="#sSpan1361" value="ⲉⲥϩⲱⲟⲩ"/>
		<feat xlink:href="#sSpan1365" value="ⲉⲃⲟⲗ"/>
		<feat xlink:href="#sSpan1371" value="ϫⲉⲉⲛⲉ"/>
		<feat xlink:href="#sSpan1375" value="ⲛⲛⲁⲟⲩⲱϩ"/>
		<feat xlink:href="#sSpan1376" value="ⲛⲛⲉϥϩⲟⲟⲩ"/>
		<feat xlink:href="#sSpan1377" value="ϩⲙⲡⲁϩⲉ"/>
		<feat xlink:href="#sSpan1379" value="ⲛⲕⲉⲥⲁϣϥ"/>
		<feat xlink:href="#sSpan1382" value="ϩⲱⲥⲇⲉ"/>
		<feat xlink:href="#sSpan1384" value="ⲟⲩⲱⲛϩ"/>
		<feat xlink:href="#sSpan1386" value="ⲛⲕⲉⲥⲁϣϥ"/>
		<feat xlink:href="#sSpan1391" value="ⲙⲡⲧⲟⲟⲩ"/>
		<feat xlink:href="#sSpan1395" value="ⲕⲏ"/>
		<feat xlink:href="#sSpan1397" value="ⲧⲏⲣⲟⲩ"/>
		<feat xlink:href="#sSpan1398" value="ⲁⲩⲱ"/>
		<feat xlink:href="#sSpan1399" value="ⲙⲟⲟϣⲉ"/>
		<feat xlink:href="#sSpan1400" value="ⲉϫⲙⲡⲕⲁϩ"/>
		<feat xlink:href="#sSpan1401" value="ⲙⲛϩⲙⲉ"/>
		<feat xlink:href="#sSpan1406" value="ⲥⲁⲱϥ"/>
		<feat xlink:href="#sSpan1410" value="ⲉⲣⲟϥ"/>
		<feat xlink:href="#sSpan1423" value="ⲛϭⲓⲛⲱϩⲉ"/>
		<feat xlink:href="#sSpan1424" value="ϩⲛⲧⲕⲓⲃⲱⲧⲟⲥ"/>
		<feat xlink:href="#sSpan1427" value="ⲁⲡϫⲟⲉⲓⲥ"/>
		<feat xlink:href="#sSpan1429" value="ⲙⲡⲁⲃⲟⲕ"/>
		<feat xlink:href="#sSpan1430" value="ⲛⲓⲙ"/>
		<feat xlink:href="#sSpan1432" value="ⲛϭⲓⲡⲁⲃⲱⲕ"/>
		<feat xlink:href="#sSpan1436" value="ⲁϥϣⲟⲣⲡⲥ"/>
		<feat xlink:href="#sSpan1437" value="ⲗⲟ"/>
		<feat xlink:href="#sSpan1439" value="ⲇⲉ"/>
		<feat xlink:href="#sSpan1440" value="ⲡⲉϫⲁϥ"/>
		<feat xlink:href="#sSpan1452" value="ⲙⲡⲛⲁⲩ"/>
		<feat xlink:href="#sSpan1459" value="ⲙⲡⲉⲃⲟⲧ"/>
		<feat xlink:href="#sSpan1464" value="ⲥⲃⲟⲕ"/>
		<feat xlink:href="#sSpan1467" value="ⲡϣⲱⲙ"/>
		<feat xlink:href="#sSpan1468" value="ⲁϥⲧⲁⲗⲟⲟⲩ"/>
		<feat xlink:href="#sSpan1472" value="ⲙⲡⲣⲱⲙⲉ"/>
		<feat xlink:href="#sSpan1478" value="ⲁϥϫⲓ"/>
		<feat xlink:href="#sSpan1479" value="ⲛⲉϥⲛⲏⲩ"/>
		<feat xlink:href="#sSpan1482" value="ⲁⲥⲕⲟⲧⲥ"/>
		<feat xlink:href="#sSpan1484" value="ⲥⲁⲣⲝ"/>
		<feat xlink:href="#sSpan1486" value="ⲙⲛⲡⲕⲁⲩⲙⲁ"/>
		<feat xlink:href="#sSpan1488" value="ⲇⲉ"/>
		<feat xlink:href="#sSpan1489" value="ⲙⲛⲧⲉⲩϣⲏ"/>
		<feat xlink:href="#sSpan1490" value="ⲁⲧⲕⲓⲃⲱⲧⲟⲥ"/>
		<feat xlink:href="#sSpan1498" value="ϣⲁⲛⲧⲉⲡⲙⲟⲟⲩ"/>
		<feat xlink:href="#sSpan1499" value="ⲉϫⲙⲡⲕⲁϩ"/>
		<feat xlink:href="#sSpan1500" value="ⲙⲛⲛⲥⲁϩⲙⲉ"/>
		<feat xlink:href="#sSpan1501" value="ⲛϣⲉ"/>
		<feat xlink:href="#sSpan1506" value="ⲉⲧⲟⲩⲁⲁⲃ"/>
		<feat xlink:href="#sSpan1510" value="ⲛⲧⲁⲓⲧⲁⲙⲓⲟⲟⲩ"/>
		<feat xlink:href="#sSpan1514" value="ⲡⲙⲟⲟⲩ"/>
		<feat xlink:href="#sSpan1515" value="ⲁⲛⲱϩⲉ"/>
		<feat xlink:href="#sSpan1518" value="ⲙⲛⲛⲥⲁⲛⲁⲓ"/>
		<feat xlink:href="#sSpan1519" value="ⲁⲩⲱ"/>
		<feat xlink:href="#sSpan1520" value="ⲉϫⲛϩⲛⲡⲉⲑⲟⲟⲩ"/>
		<feat xlink:href="#sSpan1522" value="ⲇⲉ"/>
		<feat xlink:href="#sSpan1531" value="ⲛⲁⲣⲁⲣⲁⲧ"/>
		<feat xlink:href="#sSpan1534" value="ϫⲓⲛⲧⲉϥⲙⲛⲧⲕⲟⲩⲓ"/>
		<feat xlink:href="#sSpan1536" value="ⲡⲉϩⲟⲟⲩ"/>
		<feat xlink:href="#sSpan1541" value="ⲛⲥⲃⲟⲕ"/>
		<feat xlink:href="#sSpan1544" value="ⲇⲉ"/>
		<feat xlink:href="#sSpan1547" value="ⲉⲉⲓⲛⲉ"/>
		<feat xlink:href="#sSpan1549" value="ⲛϭⲓⲧⲁⲡⲉ"/>
		<feat xlink:href="#sSpan1551" value="ⲁϥϭⲱ"/>
		<feat xlink:href="#sSpan1555" value="ⲁϥϫⲟⲟⲩ"/>
		<feat xlink:href="#sSpan1558" value="ⲁϥϭⲱ"/>
		<feat xlink:href="#sSpan1559" value="ⲛⲟⲩⲑⲩⲥⲓⲁⲥⲧⲏⲣⲓⲟⲛ"/>
		<feat xlink:href="#sSpan1561" value="ⲛⲧⲁϥⲧⲁⲙⲓⲟⲥ"/>
		<feat xlink:href="#sSpan1562" value="ⲥⲃⲟⲕ"/>
		<feat xlink:href="#sSpan1565" value="ⲛϭⲓⲡⲙⲟⲟⲩ"/>
		<feat xlink:href="#sSpan1569" value="ⲛⲛⲱϩⲉ"/>
		<feat xlink:href="#sSpan1571" value="ⲙⲛⲛⲕⲁⲧⲁϩⲣⲁⲕⲧⲏⲥ"/>
		<feat xlink:href="#sSpan1572" value="ⲉⲃⲟⲗ"/>
		<feat xlink:href="#sSpan1576" value="ⲉⲃⲟⲗ"/>
		<feat xlink:href="#sSpan1577" value="ⲁⲡⲙⲟⲟⲩ"/>
		<feat xlink:href="#sSpan1580" value="ⲛⲧⲕⲓⲃⲱⲧⲟⲥ"/>
		<feat xlink:href="#sSpan1582" value="ⲉⲧⲟⲩⲁⲁⲃ"/>
		<feat xlink:href="#sSpan1584" value="ⲁⲥⲕⲟⲧⲥ"/>
		<feat xlink:href="#sSpan1588" value="ⲟⲛ"/>
		<feat xlink:href="#sSpan1591" value="ⲇⲉ"/>
		<feat xlink:href="#sSpan1595" value="ⲉⲧⲁⲕⲟϥ"/>
		<feat xlink:href="#sSpan1597" value="ϩⲛⲣⲱⲥ"/>
		<feat xlink:href="#sSpan1598" value="ⲉⲧⲕⲓⲃⲱⲧⲟⲥ"/>
		<feat xlink:href="#sSpan1602" value="ⲉⲃⲟⲗ"/>
		<feat xlink:href="#sSpan1605" value="ⲛⲉⲃⲟⲧ"/>
		<feat xlink:href="#sSpan1606" value="ⲙⲙⲟⲟⲩ"/>
		<feat xlink:href="#sSpan1614" value="ⲙⲛⲡⲱϩⲥ"/>
		<feat xlink:href="#sSpan1617" value="ⲙⲡⲛⲟⲩⲛ"/>
		<feat xlink:href="#sSpan1620" value="ⲛⲥⲟⲩⲙⲏⲧ"/>
		<feat xlink:href="#sSpan1621" value="ⲧⲏⲣϥ"/>
		<feat xlink:href="#sSpan1624" value="ⲁϥⲉⲓⲙⲉ"/>
		<feat xlink:href="#sSpan1633" value="ϭⲉ"/>
		<feat xlink:href="#sSpan1636" value="ⲕⲁⲧⲁⲑⲉ"/>
		<feat xlink:href="#sSpan1637" value="ϣⲁⲛⲱϩⲉ"/>
		<feat xlink:href="#sSpan1640" value="ⲉϩⲟⲩⲛ"/>
		<feat xlink:href="#sSpan1641" value="ⲉⲧⲟⲛϩ"/>
		<feat xlink:href="#sSpan1643" value="ⲇⲉ"/>
		<feat xlink:href="#sSpan1644" value="ⲛⲉⲣⲉ"/>
		<feat xlink:href="#sSpan1647" value="ϣⲱⲗⲙ"/>
		<feat xlink:href="#sSpan1649" value="ⲛⲥⲃⲟⲕ"/>
		<feat xlink:href="#sSpan1652" value="ϩⲓϫⲙⲡⲕⲁϩ"/>
		<feat xlink:href="#sSpan1653" value="ⲙⲡⲣⲟ"/>
		<feat xlink:href="#sSpan1655" value="ⲛϭⲓⲧⲉϭⲣⲟⲟⲙⲡⲉ"/>
		<feat xlink:href="#sSpan1657" value="ⲁⲡⲙⲟⲟⲩ"/>
		<feat xlink:href="#sSpan1665" value="ϫⲉⲁⲓⲣϩ"/>
		<feat xlink:href="#sSpan1666" value="ⲧⲏⲣϥ"/>
		<feat xlink:href="#sSpan1673" value="ⲛϩⲟⲗⲟⲕⲁⲩⲧⲱⲙⲁ"/>
		<feat xlink:href="#sSpan1674" value="ⲛⲟⲩⲡⲛⲁ"/>
		<feat xlink:href="#sSpan1677" value="ⲉⲃⲟⲗ"/></featList></paula>