<?xml version='1.0' encoding='UTF-8'?><!DOCTYPE paula SYSTEM "paula_feat.dtd">
<paula version="1.1">
	<header paula_id="scriptorium.01_Genesis_08.mark_morph"/>
	<featList xmlns:xlink="http://www.w3.org/1999/xlink" type="morph" xml:base="scriptorium.01_Genesis_08.mark.xml">
		<feat xlink:href="#sSpan10" value="ⲣ"/>
		<feat xlink:href="#sSpan13" value="ⲡ"/>
		<feat xlink:href="#sSpan14" value="ⲙⲉⲉⲩⲉ"/>
		<feat xlink:href="#sSpan167" value="ⲙⲉϩ"/>
		<feat xlink:href="#sSpan169" value="ⲥⲁϣϥ"/>
		<feat xlink:href="#sSpan788" value="ⲙⲛⲧ"/>
		<feat xlink:href="#sSpan790" value="ⲕⲟⲩⲓ"/></featList></paula>