<?xml version='1.0' encoding='UTF-8'?><!DOCTYPE paula SYSTEM "paula_feat.dtd">
<paula version="1.1">
	<header paula_id="scriptorium.shenoute.true.BV119-122.mark_note"/>
	<featList xmlns:xlink="http://www.w3.org/1999/xlink" type="note" xml:base="scriptorium.shenoute.true.BV119-122.mark.xml">
		<feat xlink:href="#sSpan1" value="Am: Fol. I, recto"/>
		<feat xlink:href="#sSpan792" value="Ephesians 4:11"/>
		<feat xlink:href="#sSpan978" value="Am: verso"/>
		<feat xlink:href="#sSpan1923" value="Am: 2. fol. recto"/>
		<feat xlink:href="#sSpan2667" value="Am: verso"/>
		<feat xlink:href="#sSpan3376" value="Am: sic exit"/></featList></paula>