<?xml version='1.0' encoding='UTF-8'?><!DOCTYPE paula SYSTEM "paula_feat.dtd">
<paula version="1.1">
	<header paula_id="scriptorium.shenoute.true.BV119-122.mark_morph"/>
	<featList xmlns:xlink="http://www.w3.org/1999/xlink" type="morph" xml:base="scriptorium.shenoute.true.BV119-122.mark.xml">
		<feat xlink:href="#sSpan88" value="ϩⲁ"/>
		<feat xlink:href="#sSpan91" value="ⲧⲏⲩ"/>
		<feat xlink:href="#sSpan368" value="ϯ"/>
		<feat xlink:href="#sSpan371" value="ⲥⲃⲱ"/>
		<feat xlink:href="#sSpan536" value="ⲣ"/>
		<feat xlink:href="#sSpan539" value="ϩⲟⲧⲉ"/>
		<feat xlink:href="#sSpan765" value="ϯ"/>
		<feat xlink:href="#sSpan770" value="ⲧⲱⲛ"/>
		<feat xlink:href="#sSpan831" value="ϯ"/>
		<feat xlink:href="#sSpan834" value="ϩⲟⲓⲛⲉ"/>
		<feat xlink:href="#sSpan1467" value="ⲟⲩⲉϩ"/>
		<feat xlink:href="#sSpan1470" value="ⲥⲁϩⲛⲉ"/>
		<feat xlink:href="#sSpan1710" value="ⲙⲛⲧ"/>
		<feat xlink:href="#sSpan1713" value="ϫⲁⲥⲓ"/>
		<feat xlink:href="#sSpan1714" value="ϩⲏⲧ"/>
		<feat xlink:href="#sSpan1719" value="ϯ"/>
		<feat xlink:href="#sSpan1722" value="ϩⲓⲥⲉ"/>
		<feat xlink:href="#sSpan1740" value="ⲕⲁ"/>
		<feat xlink:href="#sSpan1743" value="ⲙⲁ"/>
		<feat xlink:href="#sSpan1901" value="ⲡ"/>
		<feat xlink:href="#sSpan1904" value="ⲉⲧ"/>
		<feat xlink:href="#sSpan1905" value="ⲟⲩⲁⲁⲃ"/>
		<feat xlink:href="#sSpan1975" value="ⲙⲛⲧ"/>
		<feat xlink:href="#sSpan1978" value="....."/>
		<feat xlink:href="#sSpan2323" value="ⲟⲩⲉϩ"/>
		<feat xlink:href="#sSpan2326" value="ⲥⲁϩⲛⲉ"/>
		<feat xlink:href="#sSpan2626" value="ⲣⲙ"/>
		<feat xlink:href="#sSpan2629" value="ⲛ"/>
		<feat xlink:href="#sSpan2630" value="ⲏⲓ"/>
		<feat xlink:href="#sSpan3247" value="ϯ"/>
		<feat xlink:href="#sSpan3250" value="ⲗⲟⲅⲟⲥ"/>
		<feat xlink:href="#sSpan3309" value="ϯ"/>
		<feat xlink:href="#sSpan3312" value="ⲗⲟⲅⲟⲥ"/></featList></paula>