<?xml version='1.0' encoding='UTF-8'?><!DOCTYPE paula SYSTEM "paula_feat.dtd">
<paula version="1.1">
	<header paula_id="scriptorium.1Cor_06.mark_orig"/>
	<featList xmlns:xlink="http://www.w3.org/1999/xlink" type="orig" xml:base="scriptorium.1Cor_06.mark.xml">
		<feat xlink:href="#sSpan2" value="ⲟⲩⲛ"/>
		<feat xlink:href="#sSpan13" value="ⲟⲩⲁ"/>
		<feat xlink:href="#sSpan16" value="ⲛⲁ"/>
		<feat xlink:href="#sSpan21" value="ⲧⲟⲗⲙⲁ"/>
		<feat xlink:href="#sSpan23" value="ⲉⲃⲟⲗ"/>
		<feat xlink:href="#sSpan27" value="ⲛϩⲏⲧ"/>
		<feat xlink:href="#sSpan31" value="ⲧⲏⲩⲧⲛ"/>
		<feat xlink:href="#sSpan33" value="ⲉ"/>
		<feat xlink:href="#sSpan37" value="ⲟⲩⲛⲧ"/>
		<feat xlink:href="#sSpan39" value="ϥ"/>
		<feat xlink:href="#sSpan41" value="ⲟⲩ"/>
		<feat xlink:href="#sSpan44" value="ϩⲱⲃ"/>
		<feat xlink:href="#sSpan46" value="ⲙⲛ"/>
		<feat xlink:href="#sSpan50" value="ⲡ"/>
		<feat xlink:href="#sSpan53" value="ⲉⲑ"/>
		<feat xlink:href="#sSpan55" value="ⲓⲧⲟⲩⲱ"/>
		<feat xlink:href="#sSpan57" value="ϥ"/>
		<feat xlink:href="#sSpan59" value="ⲉ"/>
		<feat xlink:href="#sSpan64" value="ϫⲓϩⲁⲡ"/>
		<feat xlink:href="#sSpan67" value="ϩⲓ"/>
		<feat xlink:href="#sSpan71" value="ⲛ"/>
		<feat xlink:href="#sSpan75" value="ⲣⲉϥϫⲓ"/>
		<feat xlink:href="#sSpan78" value="ⲛ"/>
		<feat xlink:href="#sSpan82" value="ϭⲟⲛⲥ"/>
		<feat xlink:href="#sSpan84" value="ⲁⲩⲱ"/>
		<feat xlink:href="#sSpan88" value="ϩⲓ"/>
		<feat xlink:href="#sSpan92" value="ⲛ"/>
		<feat xlink:href="#sSpan95" value="ⲉⲧ"/>
		<feat xlink:href="#sSpan97" value="ⲟⲩⲁⲁⲃ"/>
		<feat xlink:href="#sSpan99" value="ⲁⲛ"/>
		<feat xlink:href="#sSpan103" value="."/>
		<feat xlink:href="#sSpan108" value="ⲏ"/>
		<feat xlink:href="#sSpan118" value="ⲛ"/>
		<feat xlink:href="#sSpan122" value="ⲧⲉⲧⲛ"/>
		<feat xlink:href="#sSpan124" value="ⲥⲟⲟⲩⲛ"/>
		<feat xlink:href="#sSpan126" value="ⲁⲛ"/>
		<feat xlink:href="#sSpan130" value="ϫⲉ"/>
		<feat xlink:href="#sSpan134" value="ⲛ"/>
		<feat xlink:href="#sSpan137" value="ⲉⲧ"/>
		<feat xlink:href="#sSpan139" value="ⲟⲩⲁⲁⲃ"/>
		<feat xlink:href="#sSpan141" value="ⲛ"/>
		<feat xlink:href="#sSpan145" value="ⲉⲧ"/>
		<feat xlink:href="#sSpan147" value="ⲛⲁ"/>
		<feat xlink:href="#sSpan150" value="ⲕⲣⲓⲛⲉ"/>
		<feat xlink:href="#sSpan152" value="ⲙ"/>
		<feat xlink:href="#sSpan156" value="ⲡ"/>
		<feat xlink:href="#sSpan160" value="ⲕⲟⲥⲙⲟⲥ"/>
		<feat xlink:href="#sSpan162" value="."/>
		<feat xlink:href="#sSpan166" value="ⲁⲩⲱ"/>
		<feat xlink:href="#sSpan170" value="ⲉϣϫⲉ"/>
		<feat xlink:href="#sSpan174" value="ⲉ"/>
		<feat xlink:href="#sSpan176" value="ⲩ"/>
		<feat xlink:href="#sSpan178" value="ⲛⲁ"/>
		<feat xlink:href="#sSpan181" value="ⲕⲣⲓⲛⲉ"/>
		<feat xlink:href="#sSpan183" value="ⲙ"/>
		<feat xlink:href="#sSpan187" value="ⲡ"/>
		<feat xlink:href="#sSpan191" value="ⲕⲟⲥⲙⲟⲥ"/>
		<feat xlink:href="#sSpan193" value="ϩⲓⲱⲧ"/>
		<feat xlink:href="#sSpan197" value="ⲧⲏⲩⲧⲛ"/>
		<feat xlink:href="#sSpan199" value="ⲛ"/>
		<feat xlink:href="#sSpan203" value="ⲧⲉⲧⲛ"/>
		<feat xlink:href="#sSpan205" value="ⲙⲡϣⲁ"/>
		<feat xlink:href="#sSpan207" value="ⲁⲛ"/>
		<feat xlink:href="#sSpan211" value="ⲛ"/>
		<feat xlink:href="#sSpan215" value="ϩⲉⲛ"/>
		<feat xlink:href="#sSpan218" value="ⲕⲟⲩⲓ"/>
		<feat xlink:href="#sSpan220" value="ⲙ"/>
		<feat xlink:href="#sSpan224" value="ⲙⲁ"/>
		<feat xlink:href="#sSpan227" value="ⲛ"/>
		<feat xlink:href="#sSpan232" value="ϯϩⲁⲡ"/>
		<feat xlink:href="#sSpan236" value="."/>
		<feat xlink:href="#sSpan240" value="ⲛ"/>
		<feat xlink:href="#sSpan249" value="ⲧⲉⲧⲛ"/>
		<feat xlink:href="#sSpan251" value="ⲥⲟⲟⲩⲛ"/>
		<feat xlink:href="#sSpan253" value="ⲁⲛ"/>
		<feat xlink:href="#sSpan257" value="ϫⲉ"/>
		<feat xlink:href="#sSpan261" value="ⲧⲛ"/>
		<feat xlink:href="#sSpan263" value="ⲛⲁ"/>
		<feat xlink:href="#sSpan266" value="ⲕⲣⲓⲛⲉ"/>
		<feat xlink:href="#sSpan268" value="ⲛ"/>
		<feat xlink:href="#sSpan272" value="ϩⲉⲛ"/>
		<feat xlink:href="#sSpan276" value="ⲁⲅⲅⲉⲗⲟⲥ"/>
		<feat xlink:href="#sSpan278" value="ⲉ"/>
		<feat xlink:href="#sSpan282" value="ⲙⲡⲁⲧ"/>
		<feat xlink:href="#sSpan284" value="ⲛ"/>
		<feat xlink:href="#sSpan286" value="ⲡⲱϩ"/>
		<feat xlink:href="#sSpan289" value="ⲉ"/>
		<feat xlink:href="#sSpan293" value="ⲛⲁ"/>
		<feat xlink:href="#sSpan296" value="ⲡ"/>
		<feat xlink:href="#sSpan300" value="ⲕⲟⲥⲙⲟⲥ"/>
		<feat xlink:href="#sSpan302" value="."/>
		<feat xlink:href="#sSpan306" value="ⲉϣⲱⲡⲉ"/>
		<feat xlink:href="#sSpan315" value="ϭⲉ"/>
		<feat xlink:href="#sSpan317" value="ⲟⲩⲛⲧⲏ"/>
		<feat xlink:href="#sSpan321" value="ⲧⲛ"/>
		<feat xlink:href="#sSpan323" value="ⲙⲙⲁⲩ"/>
		<feat xlink:href="#sSpan327" value="ⲛ"/>
		<feat xlink:href="#sSpan331" value="ϩⲉⲛ"/>
		<feat xlink:href="#sSpan334" value="ϩⲱⲃ"/>
		<feat xlink:href="#sSpan336" value="ⲛⲧⲉ"/>
		<feat xlink:href="#sSpan340" value="ⲡ"/>
		<feat xlink:href="#sSpan344" value="ⲃⲓⲟⲥ"/>
		<feat xlink:href="#sSpan346" value="ⲛ"/>
		<feat xlink:href="#sSpan351" value="ⲉⲧ"/>
		<feat xlink:href="#sSpan353" value="ⲥⲟϣϥ"/>
		<feat xlink:href="#sSpan355" value="ϩⲛ"/>
		<feat xlink:href="#sSpan359" value="ⲧ"/>
		<feat xlink:href="#sSpan363" value="ⲉⲕⲕⲗⲏⲥⲓⲁ"/>
		<feat xlink:href="#sSpan365" value="ⲛⲁⲓ"/>
		<feat xlink:href="#sSpan371" value="ⲙⲁⲑⲙⲥⲟ"/>
		<feat xlink:href="#sSpan376" value="ⲟⲩ"/>
		<feat xlink:href="#sSpan378" value="."/>
		<feat xlink:href="#sSpan382" value="ⲉ"/>
		<feat xlink:href="#sSpan392" value="ⲓ"/>
		<feat xlink:href="#sSpan394" value="ϫⲱ"/>
		<feat xlink:href="#sSpan396" value="ⲙⲙⲟ"/>
		<feat xlink:href="#sSpan400" value="ⲥ"/>
		<feat xlink:href="#sSpan402" value="ⲉ"/>
		<feat xlink:href="#sSpan406" value="ⲩ"/>
		<feat xlink:href="#sSpan409" value="ϣⲓⲡⲉ"/>
		<feat xlink:href="#sSpan411" value="ⲛⲏ"/>
		<feat xlink:href="#sSpan415" value="ⲧⲛ"/>
		<feat xlink:href="#sSpan417" value="."/>
		<feat xlink:href="#sSpan421" value="ⲧⲁⲓ"/>
		<feat xlink:href="#sSpan426" value="ⲧⲉ"/>
		<feat xlink:href="#sSpan430" value="ⲧ"/>
		<feat xlink:href="#sSpan434" value="ϩⲉ"/>
		<feat xlink:href="#sSpan436" value="ⲙⲛ"/>
		<feat xlink:href="#sSpan440" value="ⲗⲁⲁⲩ"/>
		<feat xlink:href="#sSpan443" value="ⲛ"/>
		<feat xlink:href="#sSpan448" value="ⲥⲟⲫⲟⲥ"/>
		<feat xlink:href="#sSpan450" value="ⲛϩⲏⲧ"/>
		<feat xlink:href="#sSpan454" value="ⲧⲏⲩⲧⲛ"/>
		<feat xlink:href="#sSpan456" value="ⲡⲁⲓ"/>
		<feat xlink:href="#sSpan461" value="ⲉ"/>
		<feat xlink:href="#sSpan465" value="ϥ"/>
		<feat xlink:href="#sSpan467" value="ⲛⲁ"/>
		<feat xlink:href="#sSpan469" value="ϣ"/>
		<feat xlink:href="#sSpan471" value="ϭⲙϭⲟⲙ"/>
		<feat xlink:href="#sSpan473" value="ⲉ"/>
		<feat xlink:href="#sSpan478" value="ⲇⲓⲁⲕⲣⲓⲛⲉ"/>
		<feat xlink:href="#sSpan480" value="ⲛ"/>
		<feat xlink:href="#sSpan484" value="ⲧ"/>
		<feat xlink:href="#sSpan486" value="ⲙⲏⲧⲉ"/>
		<feat xlink:href="#sSpan488" value="ⲙ"/>
		<feat xlink:href="#sSpan492" value="ⲡⲉϥ"/>
		<feat xlink:href="#sSpan495" value="ⲥⲟⲛ"/>
		<feat xlink:href="#sSpan497" value="."/>
		<feat xlink:href="#sSpan502" value="ⲁⲗⲗⲁ"/>
		<feat xlink:href="#sSpan511" value="ⲟⲩⲛ"/>
		<feat xlink:href="#sSpan515" value="ⲟⲩ"/>
		<feat xlink:href="#sSpan518" value="ⲥⲟⲛ"/>
		<feat xlink:href="#sSpan521" value="ϫⲓϩⲁⲡ"/>
		<feat xlink:href="#sSpan526" value="ⲙⲛ"/>
		<feat xlink:href="#sSpan530" value="ⲡⲉϥ"/>
		<feat xlink:href="#sSpan533" value="ⲥⲟⲛ"/>
		<feat xlink:href="#sSpan535" value="."/>
		<feat xlink:href="#sSpan539" value="ⲁⲩⲱ"/>
		<feat xlink:href="#sSpan543" value="ⲡⲁⲓ"/>
		<feat xlink:href="#sSpan548" value="ϩⲓ"/>
		<feat xlink:href="#sSpan552" value="ⲛ"/>
		<feat xlink:href="#sSpan556" value="ⲁⲡⲓⲥⲧⲟⲥ"/>
		<feat xlink:href="#sSpan558" value="."/>
		<feat xlink:href="#sSpan563" value="ⲏⲇⲏ"/>
		<feat xlink:href="#sSpan574" value="ⲙⲉⲛ"/>
		<feat xlink:href="#sSpan579" value="ϩⲟⲗⲱⲥ"/>
		<feat xlink:href="#sSpan583" value="ⲣⲱ"/>
		<feat xlink:href="#sSpan587" value="ⲟⲩ"/>
		<feat xlink:href="#sSpan592" value="ϣⲱⲱⲧ"/>
		<feat xlink:href="#sSpan594" value="ⲛⲏ"/>
		<feat xlink:href="#sSpan598" value="ⲧⲛ"/>
		<feat xlink:href="#sSpan600" value="ⲡⲉ"/>
		<feat xlink:href="#sSpan604" value="ϫⲉ"/>
		<feat xlink:href="#sSpan608" value="ⲟⲩⲛⲧⲏ"/>
		<feat xlink:href="#sSpan610" value="ⲧⲛ"/>
		<feat xlink:href="#sSpan612" value="ϩⲁⲡ"/>
		<feat xlink:href="#sSpan615" value="ⲙⲛ"/>
		<feat xlink:href="#sSpan619" value="ⲛⲉⲧⲛ"/>
		<feat xlink:href="#sSpan621" value="ⲉⲣⲏⲩ"/>
		<feat xlink:href="#sSpan623" value="."/>
		<feat xlink:href="#sSpan627" value="ⲉⲧⲃⲉ"/>
		<feat xlink:href="#sSpan632" value="ⲟⲩ"/>
		<feat xlink:href="#sSpan634" value="ⲣⲱ"/>
		<feat xlink:href="#sSpan638" value="ⲥⲉ"/>
		<feat xlink:href="#sSpan642" value="ⲛⲁ"/>
		<feat xlink:href="#sSpan644" value="ϫⲓ"/>
		<feat xlink:href="#sSpan646" value="ⲧⲏⲩⲧⲛ"/>
		<feat xlink:href="#sSpan648" value="ⲁⲛ"/>
		<feat xlink:href="#sSpan652" value="ⲛ"/>
		<feat xlink:href="#sSpan656" value="ϭⲟⲛⲥ"/>
		<feat xlink:href="#sSpan659" value="."/>
		<feat xlink:href="#sSpan663" value="ⲉⲧⲃⲉ"/>
		<feat xlink:href="#sSpan668" value="ⲟⲩ"/>
		<feat xlink:href="#sSpan670" value="ⲣⲱ"/>
		<feat xlink:href="#sSpan674" value="ⲥⲉ"/>
		<feat xlink:href="#sSpan678" value="ⲛⲁ"/>
		<feat xlink:href="#sSpan680" value="ϥⲉϭ"/>
		<feat xlink:href="#sSpan682" value="ⲧⲏⲩⲧⲛ"/>
		<feat xlink:href="#sSpan684" value="ⲁⲛ"/>
		<feat xlink:href="#sSpan688" value="."/>
		<feat xlink:href="#sSpan693" value="ⲁⲗⲗⲁ"/>
		<feat xlink:href="#sSpan703" value="ⲛⲧⲱⲧⲛ"/>
		<feat xlink:href="#sSpan707" value="ⲛ"/>
		<feat xlink:href="#sSpan712" value="ⲉⲧ"/>
		<feat xlink:href="#sSpan714" value="ϫⲓ"/>
		<feat xlink:href="#sSpan716" value="ⲛ"/>
		<feat xlink:href="#sSpan720" value="ϭⲟⲛⲥ"/>
		<feat xlink:href="#sSpan722" value="."/>
		<feat xlink:href="#sSpan726" value="ⲁⲩⲱ"/>
		<feat xlink:href="#sSpan730" value="ⲉⲧ"/>
		<feat xlink:href="#sSpan734" value="ϥⲱϭⲉ"/>
		<feat xlink:href="#sSpan736" value="ⲁⲩⲱ"/>
		<feat xlink:href="#sSpan740" value="ⲡⲁⲓ"/>
		<feat xlink:href="#sSpan745" value="ⲛ"/>
		<feat xlink:href="#sSpan749" value="ⲛⲉⲧⲛ"/>
		<feat xlink:href="#sSpan752" value="ⲥⲛⲏⲩ"/>
		<feat xlink:href="#sSpan754" value="."/>
		<feat xlink:href="#sSpan759" value="ⲏ"/>
		<feat xlink:href="#sSpan769" value="ⲛ"/>
		<feat xlink:href="#sSpan773" value="ⲧⲉⲧⲛ"/>
		<feat xlink:href="#sSpan775" value="ⲥⲟⲟⲩⲛ"/>
		<feat xlink:href="#sSpan777" value="ⲁⲛ"/>
		<feat xlink:href="#sSpan781" value="ϫⲉ"/>
		<feat xlink:href="#sSpan785" value="ⲛ"/>
		<feat xlink:href="#sSpan789" value="ⲣⲉϥϫⲓ"/>
		<feat xlink:href="#sSpan792" value="ⲛ"/>
		<feat xlink:href="#sSpan796" value="ϭⲟⲛⲥ"/>
		<feat xlink:href="#sSpan798" value="ⲛⲁ"/>
		<feat xlink:href="#sSpan803" value="ⲕⲗⲏⲣⲟⲛⲟⲙⲓ"/>
		<feat xlink:href="#sSpan805" value="ⲁⲛ"/>
		<feat xlink:href="#sSpan809" value="ⲛ"/>
		<feat xlink:href="#sSpan813" value="ⲧ"/>
		<feat xlink:href="#sSpan817" value="ⲙⲛⲧⲣⲣⲟ"/>
		<feat xlink:href="#sSpan820" value="ⲙ"/>
		<feat xlink:href="#sSpan824" value="ⲡ"/>
		<feat xlink:href="#sSpan827" value="ⲛⲟⲩⲧⲉ"/>
		<feat xlink:href="#sSpan829" value="ⲙⲡⲣ"/>
		<feat xlink:href="#sSpan834" value="ⲡⲗⲁⲛⲁ"/>
		<feat xlink:href="#sSpan837" value="ⲟⲩⲇⲉ"/>
		<feat xlink:href="#sSpan841" value="ⲙⲛ"/>
		<feat xlink:href="#sSpan846" value="ⲡⲟⲣⲛⲟⲥ"/>
		<feat xlink:href="#sSpan850" value="ⲟⲩⲇⲉ"/>
		<feat xlink:href="#sSpan854" value="ⲙⲛ"/>
		<feat xlink:href="#sSpan859" value="ⲣⲉϥϣⲙϣⲉⲉⲓⲇⲱⲗⲟⲛ"/>
		<feat xlink:href="#sSpan866" value="ⲟⲩⲇⲉ"/>
		<feat xlink:href="#sSpan870" value="ⲙⲛ"/>
		<feat xlink:href="#sSpan874" value="ⲛⲟⲉⲓⲕ"/>
		<feat xlink:href="#sSpan878" value="ⲟⲩⲇⲉ"/>
		<feat xlink:href="#sSpan882" value="ⲙⲛ"/>
		<feat xlink:href="#sSpan887" value="ⲙⲁⲗⲁⲕⲟⲥ"/>
		<feat xlink:href="#sSpan891" value="ⲟⲩⲇⲉ"/>
		<feat xlink:href="#sSpan895" value="ⲙⲛ"/>
		<feat xlink:href="#sSpan900" value="ⲣⲉϥⲛⲕⲟⲧⲕ"/>
		<feat xlink:href="#sSpan904" value="ⲙⲛ"/>
		<feat xlink:href="#sSpan908" value="ϩⲟⲟⲩⲧ"/>
		<feat xlink:href="#sSpan911" value="."/>
		<feat xlink:href="#sSpan916" value="ⲟⲩⲇⲉ"/>
		<feat xlink:href="#sSpan926" value="ⲙⲛ"/>
		<feat xlink:href="#sSpan931" value="ⲣⲉϥϩⲱϥⲧ"/>
		<feat xlink:href="#sSpan936" value="ⲟⲩⲇⲉ"/>
		<feat xlink:href="#sSpan940" value="ⲙⲛ"/>
		<feat xlink:href="#sSpan945" value="ⲙⲁⲓⲧⲟ"/>
		<feat xlink:href="#sSpan949" value="ⲛ"/>
		<feat xlink:href="#sSpan953" value="ϩⲟⲩⲟ"/>
		<feat xlink:href="#sSpan956" value="ⲟⲩⲇⲉ"/>
		<feat xlink:href="#sSpan960" value="ⲙⲛ"/>
		<feat xlink:href="#sSpan965" value="ⲣⲉϥϯϩⲉ"/>
		<feat xlink:href="#sSpan970" value="ⲟⲩⲇⲉ"/>
		<feat xlink:href="#sSpan974" value="ⲙⲛ"/>
		<feat xlink:href="#sSpan979" value="ⲣⲉϥⲥⲁϩⲟⲩ"/>
		<feat xlink:href="#sSpan984" value="ⲟⲩⲇⲉ"/>
		<feat xlink:href="#sSpan988" value="ⲙⲛ"/>
		<feat xlink:href="#sSpan993" value="ⲣⲉϥⲧⲱⲣⲡ"/>
		<feat xlink:href="#sSpan997" value="ⲛⲁ"/>
		<feat xlink:href="#sSpan1002" value="ⲕⲗⲏⲣⲟⲛⲟⲙⲓ"/>
		<feat xlink:href="#sSpan1004" value="ⲛ"/>
		<feat xlink:href="#sSpan1008" value="ⲧ"/>
		<feat xlink:href="#sSpan1012" value="ⲙⲛⲧⲣⲣⲟ"/>
		<feat xlink:href="#sSpan1015" value="ⲙ"/>
		<feat xlink:href="#sSpan1019" value="ⲡ"/>
		<feat xlink:href="#sSpan1022" value="ⲛⲟⲩⲧⲉ"/>
		<feat xlink:href="#sSpan1024" value="."/>
		<feat xlink:href="#sSpan1028" value="ⲁⲩⲱ"/>
		<feat xlink:href="#sSpan1038" value="ⲛⲁⲓ"/>
		<feat xlink:href="#sSpan1043" value="ⲛⲉ"/>
		<feat xlink:href="#sSpan1047" value="ⲧⲉⲧⲛ"/>
		<feat xlink:href="#sSpan1049" value="ⲛϩⲏⲧ"/>
		<feat xlink:href="#sSpan1051" value="ⲟⲩ"/>
		<feat xlink:href="#sSpan1053" value="ⲡⲉ"/>
		<feat xlink:href="#sSpan1058" value="ⲁⲗⲗⲁ"/>
		<feat xlink:href="#sSpan1062" value="ⲁ"/>
		<feat xlink:href="#sSpan1066" value="ⲧⲉⲧⲛ"/>
		<feat xlink:href="#sSpan1068" value="ϫⲉⲕⲙ"/>
		<feat xlink:href="#sSpan1070" value="ⲧⲏⲩⲧⲛ"/>
		<feat xlink:href="#sSpan1073" value="ⲁⲗⲗⲁ"/>
		<feat xlink:href="#sSpan1077" value="ⲁ"/>
		<feat xlink:href="#sSpan1081" value="ⲧⲉⲧⲛ"/>
		<feat xlink:href="#sSpan1083" value="ⲧⲃⲃⲟ"/>
		<feat xlink:href="#sSpan1086" value="ⲁⲗⲗⲁ"/>
		<feat xlink:href="#sSpan1090" value="ⲁ"/>
		<feat xlink:href="#sSpan1094" value="ⲧⲉⲧⲛ"/>
		<feat xlink:href="#sSpan1096" value="ⲧⲙⲁⲉⲓⲟ"/>
		<feat xlink:href="#sSpan1098" value="ϩⲙ"/>
		<feat xlink:href="#sSpan1102" value="ⲡ"/>
		<feat xlink:href="#sSpan1105" value="ⲣⲁⲛ"/>
		<feat xlink:href="#sSpan1107" value="ⲙ"/>
		<feat xlink:href="#sSpan1111" value="ⲡⲉⲛ"/>
		<feat xlink:href="#sSpan1114" value="ϫⲟⲉⲓⲥ"/>
		<feat xlink:href="#sSpan1117" value="ⲓⲏⲥⲟⲩⲥ"/>
		<feat xlink:href="#sSpan1121" value="ⲁⲩⲱ"/>
		<feat xlink:href="#sSpan1125" value="ϩⲙ"/>
		<feat xlink:href="#sSpan1129" value="ⲡⲉ"/>
		<feat xlink:href="#sSpan1133" value="ⲡⲛⲉⲩⲙⲁ"/>
		<feat xlink:href="#sSpan1135" value="ⲙ"/>
		<feat xlink:href="#sSpan1139" value="ⲡⲉⲛ"/>
		<feat xlink:href="#sSpan1142" value="ⲛⲟⲩⲧⲉ"/>
		<feat xlink:href="#sSpan1144" value="."/>
		<feat xlink:href="#sSpan1148" value="ϩⲱⲃ"/>
		<feat xlink:href="#sSpan1159" value="ⲛⲓⲙ"/>
		<feat xlink:href="#sSpan1164" value="ⲉⲝⲉⲥⲧⲉⲓ"/>
		<feat xlink:href="#sSpan1168" value="ⲛⲁ"/>
		<feat xlink:href="#sSpan1172" value="ⲓ"/>
		<feat xlink:href="#sSpan1174" value="."/>
		<feat xlink:href="#sSpan1179" value="ⲁⲗⲗⲁ"/>
		<feat xlink:href="#sSpan1183" value="ϩⲱⲃ"/>
		<feat xlink:href="#sSpan1189" value="ⲛⲓⲙ"/>
		<feat xlink:href="#sSpan1194" value="ⲣⲛⲟϥⲣⲉ"/>
		<feat xlink:href="#sSpan1199" value="ⲁⲛ"/>
		<feat xlink:href="#sSpan1203" value="."/>
		<feat xlink:href="#sSpan1207" value="ϩⲱⲃ"/>
		<feat xlink:href="#sSpan1213" value="ⲛⲓⲙ"/>
		<feat xlink:href="#sSpan1218" value="ⲉⲝⲉⲥⲧⲉⲓ"/>
		<feat xlink:href="#sSpan1222" value="ⲛⲁ"/>
		<feat xlink:href="#sSpan1226" value="ⲓ"/>
		<feat xlink:href="#sSpan1229" value="ⲁⲗⲗⲁ"/>
		<feat xlink:href="#sSpan1233" value="ⲛ"/>
		<feat xlink:href="#sSpan1237" value="ϯ"/>
		<feat xlink:href="#sSpan1239" value="ⲛⲁ"/>
		<feat xlink:href="#sSpan1241" value="ⲕⲁ"/>
		<feat xlink:href="#sSpan1243" value="ⲗⲁⲁⲩ"/>
		<feat xlink:href="#sSpan1248" value="ⲁⲛ"/>
		<feat xlink:href="#sSpan1252" value="ⲉ"/>
		<feat xlink:href="#sSpan1257" value="ⲣϫⲟⲉⲓⲥ"/>
		<feat xlink:href="#sSpan1260" value="ⲉⲣⲟ"/>
		<feat xlink:href="#sSpan1264" value="ⲓ"/>
		<feat xlink:href="#sSpan1266" value="."/>
		<feat xlink:href="#sSpan1270" value="ⲛ"/>
		<feat xlink:href="#sSpan1280" value="ϭⲓⲛⲟⲩⲟⲟⲙ"/>
		<feat xlink:href="#sSpan1282" value="ⲛ"/>
		<feat xlink:href="#sSpan1286" value="ⲧ"/>
		<feat xlink:href="#sSpan1289" value="ϩⲏ"/>
		<feat xlink:href="#sSpan1291" value="ⲁⲩⲱ"/>
		<feat xlink:href="#sSpan1295" value="ⲧ"/>
		<feat xlink:href="#sSpan1300" value="ϩⲏ"/>
		<feat xlink:href="#sSpan1302" value="ⲛ"/>
		<feat xlink:href="#sSpan1306" value="ⲛ"/>
		<feat xlink:href="#sSpan1310" value="ϭⲓⲛⲟⲩⲟⲟⲙ"/>
		<feat xlink:href="#sSpan1313" value="ⲡ"/>
		<feat xlink:href="#sSpan1318" value="ⲛⲟⲩⲧⲉ"/>
		<feat xlink:href="#sSpan1321" value="ⲇⲉ"/>
		<feat xlink:href="#sSpan1325" value="ⲧⲁⲓ"/>
		<feat xlink:href="#sSpan1330" value="ⲙⲛ"/>
		<feat xlink:href="#sSpan1334" value="ⲛⲉⲉⲓ"/>
		<feat xlink:href="#sSpan1337" value="ⲕⲟⲟⲩⲉ"/>
		<feat xlink:href="#sSpan1339" value="ϥ"/>
		<feat xlink:href="#sSpan1343" value="ⲛⲁ"/>
		<feat xlink:href="#sSpan1345" value="ⲟⲩⲟⲥϥ"/>
		<feat xlink:href="#sSpan1347" value="ⲟⲩ"/>
		<feat xlink:href="#sSpan1349" value="ⲡ"/>
		<feat xlink:href="#sSpan1355" value="ⲥⲱⲙⲁ"/>
		<feat xlink:href="#sSpan1357" value="ⲛⲧⲟϥ"/>
		<feat xlink:href="#sSpan1361" value="ⲛ"/>
		<feat xlink:href="#sSpan1365" value="ⲧ"/>
		<feat xlink:href="#sSpan1369" value="ⲡⲟⲣⲛⲉⲓⲁ"/>
		<feat xlink:href="#sSpan1371" value="ⲁⲛ"/>
		<feat xlink:href="#sSpan1376" value="ⲁⲗⲗⲁ"/>
		<feat xlink:href="#sSpan1380" value="ⲙ"/>
		<feat xlink:href="#sSpan1384" value="ⲡ"/>
		<feat xlink:href="#sSpan1387" value="ϫⲟⲉⲓⲥ"/>
		<feat xlink:href="#sSpan1389" value="ⲁⲩⲱ"/>
		<feat xlink:href="#sSpan1393" value="ⲡ"/>
		<feat xlink:href="#sSpan1398" value="ϫⲟⲉⲓⲥ"/>
		<feat xlink:href="#sSpan1400" value="ⲙ"/>
		<feat xlink:href="#sSpan1404" value="ⲡ"/>
		<feat xlink:href="#sSpan1408" value="ⲥⲱⲙⲁ"/>
		<feat xlink:href="#sSpan1410" value="."/>
		<feat xlink:href="#sSpan1414" value="ⲁ"/>
		<feat xlink:href="#sSpan1423" value="ⲡ"/>
		<feat xlink:href="#sSpan1426" value="ⲛⲟⲩⲧⲉ"/>
		<feat xlink:href="#sSpan1429" value="ⲇⲉ"/>
		<feat xlink:href="#sSpan1433" value="ⲧⲟⲩⲛⲉⲥ"/>
		<feat xlink:href="#sSpan1437" value="ⲡⲉⲛ"/>
		<feat xlink:href="#sSpan1440" value="ϫⲟⲉⲓⲥ"/>
		<feat xlink:href="#sSpan1442" value="."/>
		<feat xlink:href="#sSpan1446" value="ⲁⲩⲱ"/>
		<feat xlink:href="#sSpan1450" value="ϥ"/>
		<feat xlink:href="#sSpan1454" value="ⲛⲁ"/>
		<feat xlink:href="#sSpan1456" value="ⲧⲟⲩⲛⲟⲥ"/>
		<feat xlink:href="#sSpan1458" value="ⲛ"/>
		<feat xlink:href="#sSpan1460" value="ϩⲓⲧⲛ"/>
		<feat xlink:href="#sSpan1464" value="ⲧⲉϥ"/>
		<feat xlink:href="#sSpan1467" value="ϭⲟⲙ"/>
		<feat xlink:href="#sSpan1469" value="."/>
		<feat xlink:href="#sSpan1473" value="ⲛ"/>
		<feat xlink:href="#sSpan1482" value="ⲧⲉⲧⲛ"/>
		<feat xlink:href="#sSpan1484" value="ⲥⲟⲟⲩⲛ"/>
		<feat xlink:href="#sSpan1486" value="ⲁⲛ"/>
		<feat xlink:href="#sSpan1490" value="ϫⲉ"/>
		<feat xlink:href="#sSpan1494" value="ⲛⲉⲧⲛ"/>
		<feat xlink:href="#sSpan1498" value="ⲥⲱⲙⲁ"/>
		<feat xlink:href="#sSpan1500" value="ⲙ"/>
		<feat xlink:href="#sSpan1505" value="ⲙⲉⲗⲟⲥ"/>
		<feat xlink:href="#sSpan1508" value="ⲙ"/>
		<feat xlink:href="#sSpan1512" value="ⲡⲉ"/>
		<feat xlink:href="#sSpan1516" value="ⲭⲣⲓⲥⲧⲟⲥ"/>
		<feat xlink:href="#sSpan1518" value="ⲛⲉ"/>
		<feat xlink:href="#sSpan1522" value="."/>
		<feat xlink:href="#sSpan1526" value="ⲧⲁ"/>
		<feat xlink:href="#sSpan1530" value="ϥⲓ"/>
		<feat xlink:href="#sSpan1532" value="ϭⲉ"/>
		<feat xlink:href="#sSpan1536" value="ⲛ"/>
		<feat xlink:href="#sSpan1540" value="ⲙ"/>
		<feat xlink:href="#sSpan1544" value="ⲙⲉⲗⲟⲥ"/>
		<feat xlink:href="#sSpan1546" value="ⲙ"/>
		<feat xlink:href="#sSpan1550" value="ⲡⲉ"/>
		<feat xlink:href="#sSpan1554" value="ⲭⲣⲓⲥⲧⲟⲥ"/>
		<feat xlink:href="#sSpan1556" value="ⲧⲁ"/>
		<feat xlink:href="#sSpan1560" value="ⲁⲁ"/>
		<feat xlink:href="#sSpan1562" value="ⲩ"/>
		<feat xlink:href="#sSpan1564" value="ⲙ"/>
		<feat xlink:href="#sSpan1570" value="ⲙⲉⲗⲟⲥ"/>
		<feat xlink:href="#sSpan1572" value="ⲙ"/>
		<feat xlink:href="#sSpan1577" value="ⲡⲟⲣⲛⲏ"/>
		<feat xlink:href="#sSpan1580" value="ⲛⲛⲉ"/>
		<feat xlink:href="#sSpan1584" value="ⲥ"/>
		<feat xlink:href="#sSpan1586" value="ϣⲱⲡⲉ"/>
		<feat xlink:href="#sSpan1589" value="ⲏ"/>
		<feat xlink:href="#sSpan1599" value="ⲛ"/>
		<feat xlink:href="#sSpan1603" value="ⲧⲉⲧⲛ"/>
		<feat xlink:href="#sSpan1605" value="ⲥⲟⲟⲩⲛ"/>
		<feat xlink:href="#sSpan1607" value="ⲁⲛ"/>
		<feat xlink:href="#sSpan1611" value="ϫⲉ"/>
		<feat xlink:href="#sSpan1615" value="ⲡ"/>
		<feat xlink:href="#sSpan1618" value="ⲉⲧ"/>
		<feat xlink:href="#sSpan1620" value="ⲧⲱϭⲉ"/>
		<feat xlink:href="#sSpan1622" value="ⲙⲙⲟ"/>
		<feat xlink:href="#sSpan1626" value="ϥ"/>
		<feat xlink:href="#sSpan1628" value="ⲉ"/>
		<feat xlink:href="#sSpan1632" value="ⲧ"/>
		<feat xlink:href="#sSpan1636" value="ⲡⲟⲣⲛⲏ"/>
		<feat xlink:href="#sSpan1638" value="ⲟⲩ"/>
		<feat xlink:href="#sSpan1644" value="ⲥⲱⲙⲁ"/>
		<feat xlink:href="#sSpan1646" value="ⲛ"/>
		<feat xlink:href="#sSpan1650" value="ⲟⲩⲱⲧ"/>
		<feat xlink:href="#sSpan1652" value="ⲡⲉ"/>
		<feat xlink:href="#sSpan1656" value="."/>
		<feat xlink:href="#sSpan1660" value="ⲡⲉϫⲁ"/>
		<feat xlink:href="#sSpan1664" value="ϥ"/>
		<feat xlink:href="#sSpan1667" value="ⲅⲁⲣ"/>
		<feat xlink:href="#sSpan1671" value="ϫⲉ"/>
		<feat xlink:href="#sSpan1675" value="ⲥⲉ"/>
		<feat xlink:href="#sSpan1677" value="ⲛⲁ"/>
		<feat xlink:href="#sSpan1679" value="ϣⲱⲡⲉ"/>
		<feat xlink:href="#sSpan1681" value="ⲙ"/>
		<feat xlink:href="#sSpan1685" value="ⲡⲉ"/>
		<feat xlink:href="#sSpan1688" value="ⲥⲛⲁⲩ"/>
		<feat xlink:href="#sSpan1690" value="ⲉ"/>
		<feat xlink:href="#sSpan1694" value="ⲩ"/>
		<feat xlink:href="#sSpan1698" value="ⲥⲁⲣⲝ"/>
		<feat xlink:href="#sSpan1700" value="ⲛ"/>
		<feat xlink:href="#sSpan1704" value="ⲟⲩⲱⲧ"/>
		<feat xlink:href="#sSpan1706" value="."/>
		<feat xlink:href="#sSpan1710" value="ⲡ"/>
		<feat xlink:href="#sSpan1720" value="ⲉⲧ"/>
		<feat xlink:href="#sSpan1722" value="ⲧⲱϭⲉ"/>
		<feat xlink:href="#sSpan1725" value="ⲇⲉ"/>
		<feat xlink:href="#sSpan1729" value="ⲙⲙⲟ"/>
		<feat xlink:href="#sSpan1733" value="ϥ"/>
		<feat xlink:href="#sSpan1735" value="ⲉ"/>
		<feat xlink:href="#sSpan1739" value="ⲡ"/>
		<feat xlink:href="#sSpan1742" value="ϫⲟⲉⲓⲥ"/>
		<feat xlink:href="#sSpan1744" value="ⲟⲩ"/>
		<feat xlink:href="#sSpan1750" value="ⲡⲛⲉⲩⲙⲁ"/>
		<feat xlink:href="#sSpan1752" value="ⲛ"/>
		<feat xlink:href="#sSpan1756" value="ⲟⲩⲱⲧ"/>
		<feat xlink:href="#sSpan1758" value="ⲡⲉ"/>
		<feat xlink:href="#sSpan1762" value="."/>
		<feat xlink:href="#sSpan1766" value="ⲡⲱⲧ"/>
		<feat xlink:href="#sSpan1776" value="ⲉⲃⲟⲗ"/>
		<feat xlink:href="#sSpan1780" value="ⲛ"/>
		<feat xlink:href="#sSpan1784" value="ⲧ"/>
		<feat xlink:href="#sSpan1788" value="ⲡⲟⲣⲛⲉⲓⲁ"/>
		<feat xlink:href="#sSpan1790" value="."/>
		<feat xlink:href="#sSpan1794" value="ⲛⲟⲃⲉ"/>
		<feat xlink:href="#sSpan1799" value="ⲛⲓⲙ"/>
		<feat xlink:href="#sSpan1803" value="ⲉⲧⲉⲣⲉ"/>
		<feat xlink:href="#sSpan1807" value="ⲡ"/>
		<feat xlink:href="#sSpan1810" value="ⲣⲱⲙⲉ"/>
		<feat xlink:href="#sSpan1812" value="ⲛⲁ"/>
		<feat xlink:href="#sSpan1816" value="ⲁⲁ"/>
		<feat xlink:href="#sSpan1818" value="ⲩ"/>
		<feat xlink:href="#sSpan1820" value="ⲥⲉ"/>
		<feat xlink:href="#sSpan1824" value="ⲙ"/>
		<feat xlink:href="#sSpan1826" value="ⲡ"/>
		<feat xlink:href="#sSpan1829" value="ⲃⲟⲗ"/>
		<feat xlink:href="#sSpan1831" value="ⲙ"/>
		<feat xlink:href="#sSpan1835" value="ⲡ"/>
		<feat xlink:href="#sSpan1839" value="ⲥⲱⲙⲁ"/>
		<feat xlink:href="#sSpan1841" value="."/>
		<feat xlink:href="#sSpan1845" value="ⲡ"/>
		<feat xlink:href="#sSpan1850" value="ⲉⲧ"/>
		<feat xlink:href="#sSpan1853" value="ⲡⲟⲣⲛⲉⲩⲉ"/>
		<feat xlink:href="#sSpan1856" value="ⲇⲉ"/>
		<feat xlink:href="#sSpan1860" value="ⲛⲧⲟϥ"/>
		<feat xlink:href="#sSpan1864" value="ⲉ"/>
		<feat xlink:href="#sSpan1868" value="ϥ"/>
		<feat xlink:href="#sSpan1871" value="ⲣⲛⲟⲃⲉ"/>
		<feat xlink:href="#sSpan1874" value="ⲉ"/>
		<feat xlink:href="#sSpan1878" value="ⲡⲉϥ"/>
		<feat xlink:href="#sSpan1882" value="ⲥⲱⲙⲁ"/>
		<feat xlink:href="#sSpan1884" value="ⲙⲁⲩⲁⲁ"/>
		<feat xlink:href="#sSpan1888" value="ϥ"/>
		<feat xlink:href="#sSpan1890" value="."/>
		<feat xlink:href="#sSpan1895" value="ⲏ"/>
		<feat xlink:href="#sSpan1904" value="ⲛ"/>
		<feat xlink:href="#sSpan1908" value="ⲧⲉⲧⲛ"/>
		<feat xlink:href="#sSpan1910" value="ⲥⲟⲟⲩⲛ"/>
		<feat xlink:href="#sSpan1912" value="ⲁⲛ"/>
		<feat xlink:href="#sSpan1916" value="ϫⲉ"/>
		<feat xlink:href="#sSpan1920" value="ⲡⲉⲧⲛ"/>
		<feat xlink:href="#sSpan1924" value="ⲥⲱⲙⲁ"/>
		<feat xlink:href="#sSpan1926" value="ⲡ"/>
		<feat xlink:href="#sSpan1931" value="ⲣⲡⲉ"/>
		<feat xlink:href="#sSpan1933" value="ⲡⲉ"/>
		<feat xlink:href="#sSpan1937" value="ⲙ"/>
		<feat xlink:href="#sSpan1941" value="ⲡⲉ"/>
		<feat xlink:href="#sSpan1945" value="ⲡⲛⲉⲩⲙⲁ"/>
		<feat xlink:href="#sSpan1947" value="ⲉⲧ"/>
		<feat xlink:href="#sSpan1951" value="ⲟⲩⲁⲁⲃ"/>
		<feat xlink:href="#sSpan1953" value="ⲉⲧ"/>
		<feat xlink:href="#sSpan1957" value="ⲛϩⲏⲧ"/>
		<feat xlink:href="#sSpan1959" value="ⲧⲏⲩⲧⲛ"/>
		<feat xlink:href="#sSpan1961" value="."/>
		<feat xlink:href="#sSpan1965" value="ⲡⲁⲓ"/>
		<feat xlink:href="#sSpan1969" value="ⲉⲛⲧ"/>
		<feat xlink:href="#sSpan1973" value="ⲁ"/>
		<feat xlink:href="#sSpan1975" value="ⲧⲉⲧⲛ"/>
		<feat xlink:href="#sSpan1977" value="ϫⲓⲧ"/>
		<feat xlink:href="#sSpan1979" value="ϥ"/>
		<feat xlink:href="#sSpan1981" value="ⲉⲃⲟⲗ"/>
		<feat xlink:href="#sSpan1985" value="ϩⲓⲧⲙ"/>
		<feat xlink:href="#sSpan1989" value="ⲡ"/>
		<feat xlink:href="#sSpan1992" value="ⲛⲟⲩⲧⲉ"/>
		<feat xlink:href="#sSpan1994" value="."/>
		<feat xlink:href="#sSpan1998" value="ⲁⲩⲱ"/>
		<feat xlink:href="#sSpan2002" value="ⲛ"/>
		<feat xlink:href="#sSpan2006" value="ⲧⲉⲧⲛ"/>
		<feat xlink:href="#sSpan2008" value="ⲡⲱⲧⲛ"/>
		<feat xlink:href="#sSpan2012" value="ⲁⲛ"/>
		<feat xlink:href="#sSpan2016" value="."/>
		<feat xlink:href="#sSpan2020" value="ⲁ"/>
		<feat xlink:href="#sSpan2030" value="ⲩ"/>
		<feat xlink:href="#sSpan2032" value="ϣⲉⲡ"/>
		<feat xlink:href="#sSpan2034" value="ⲧⲏⲩⲧⲛ"/>
		<feat xlink:href="#sSpan2037" value="ⲅⲁⲣ"/>
		<feat xlink:href="#sSpan2041" value="ϩⲁ"/>
		<feat xlink:href="#sSpan2045" value="ⲟⲩ"/>
		<feat xlink:href="#sSpan2048" value="ⲁⲥⲟⲩ"/>
		<feat xlink:href="#sSpan2050" value="."/>
		<feat xlink:href="#sSpan2055" value="ϯⲉⲟⲟⲩ"/>
		<feat xlink:href="#sSpan2060" value="ϭⲉ"/>
		<feat xlink:href="#sSpan2064" value="ⲙ"/>
		<feat xlink:href="#sSpan2068" value="ⲡ"/>
		<feat xlink:href="#sSpan2071" value="ⲛⲟⲩⲧⲉ"/>
		<feat xlink:href="#sSpan2073" value="ϩⲙ"/>
		<feat xlink:href="#sSpan2077" value="ⲡⲉⲧⲛ"/>
		<feat xlink:href="#sSpan2081" value="ⲥⲱⲙⲁ"/>
		<feat xlink:href="#sSpan2083" value="."/></featList></paula>