<?xml version='1.0' encoding='UTF-8'?><!DOCTYPE paula SYSTEM "paula_feat.dtd">
<paula version="1.1">
	<header paula_id="scriptorium.1Cor_06.mark_norm_group"/>
	<featList xmlns:xlink="http://www.w3.org/1999/xlink" type="norm_group" xml:base="scriptorium.1Cor_06.mark.xml">
		<feat xlink:href="#sSpan3" value="ⲟⲩⲛⲟⲩⲁ"/>
		<feat xlink:href="#sSpan17" value="ⲛⲁⲧⲟⲗⲙⲁ"/>
		<feat xlink:href="#sSpan24" value="ⲉⲃⲟⲗ"/>
		<feat xlink:href="#sSpan28" value="ⲛϩⲏⲧⲧⲏⲩⲧⲛ"/>
		<feat xlink:href="#sSpan34" value="ⲉⲟⲩⲛⲧϥⲟⲩϩⲱⲃ"/>
		<feat xlink:href="#sSpan47" value="ⲙⲛⲡⲉⲑⲓⲧⲟⲩⲱϥ"/>
		<feat xlink:href="#sSpan60" value="ⲉϫⲓϩⲁⲡ"/>
		<feat xlink:href="#sSpan68" value="ϩⲓⲛⲣⲉϥϫⲓ"/>
		<feat xlink:href="#sSpan79" value="ⲛϭⲟⲛⲥ"/>
		<feat xlink:href="#sSpan85" value="ⲁⲩⲱ"/>
		<feat xlink:href="#sSpan89" value="ϩⲓⲛⲉⲧⲟⲩⲁⲁⲃ"/>
		<feat xlink:href="#sSpan100" value="ⲁⲛ"/>
		<feat xlink:href="#sSpan104" value="."/>
		<feat xlink:href="#sSpan109" value="ⲏ"/>
		<feat xlink:href="#sSpan119" value="ⲛⲧⲉⲧⲛⲥⲟⲟⲩⲛ"/>
		<feat xlink:href="#sSpan127" value="ⲁⲛ"/>
		<feat xlink:href="#sSpan131" value="ϫⲉⲛⲉⲧⲟⲩⲁⲁⲃ"/>
		<feat xlink:href="#sSpan142" value="ⲛⲉⲧⲛⲁⲕⲣⲓⲛⲉ"/>
		<feat xlink:href="#sSpan153" value="ⲙⲡⲕⲟⲥⲙⲟⲥ"/>
		<feat xlink:href="#sSpan163" value="."/>
		<feat xlink:href="#sSpan167" value="ⲁⲩⲱ"/>
		<feat xlink:href="#sSpan171" value="ⲉϣϫⲉⲉⲩⲛⲁⲕⲣⲓⲛⲉ"/>
		<feat xlink:href="#sSpan184" value="ⲙⲡⲕⲟⲥⲙⲟⲥ"/>
		<feat xlink:href="#sSpan194" value="ϩⲓⲱⲧⲧⲏⲩⲧⲛ"/>
		<feat xlink:href="#sSpan200" value="ⲛⲧⲉⲧⲛⲙⲡϣⲁ"/>
		<feat xlink:href="#sSpan208" value="ⲁⲛ"/>
		<feat xlink:href="#sSpan212" value="ⲛϩⲉⲛⲕⲟⲩⲓ"/>
		<feat xlink:href="#sSpan221" value="ⲙⲙⲁ"/>
		<feat xlink:href="#sSpan228" value="ⲛϯϩⲁⲡ"/>
		<feat xlink:href="#sSpan237" value="."/>
		<feat xlink:href="#sSpan241" value="ⲛⲧⲉⲧⲛⲥⲟⲟⲩⲛ"/>
		<feat xlink:href="#sSpan254" value="ⲁⲛ"/>
		<feat xlink:href="#sSpan258" value="ϫⲉⲧⲛⲛⲁⲕⲣⲓⲛⲉ"/>
		<feat xlink:href="#sSpan269" value="ⲛϩⲉⲛⲁⲅⲅⲉⲗⲟⲥ"/>
		<feat xlink:href="#sSpan279" value="ⲉⲙⲡⲁⲧⲛⲡⲱϩ"/>
		<feat xlink:href="#sSpan290" value="ⲉⲛⲁⲡⲕⲟⲥⲙⲟⲥ"/>
		<feat xlink:href="#sSpan303" value="."/>
		<feat xlink:href="#sSpan307" value="ⲉϣⲱⲡⲉϭⲉ"/>
		<feat xlink:href="#sSpan318" value="ⲟⲩⲛⲧⲏⲧⲛ"/>
		<feat xlink:href="#sSpan324" value="ⲙⲙⲁⲩ"/>
		<feat xlink:href="#sSpan328" value="ⲛϩⲉⲛϩⲱⲃ"/>
		<feat xlink:href="#sSpan337" value="ⲛⲧⲉⲡⲃⲓⲟⲥ"/>
		<feat xlink:href="#sSpan347" value="ⲛⲉⲧⲥⲟϣϥ"/>
		<feat xlink:href="#sSpan356" value="ϩⲛⲧⲉⲕⲕⲗⲏⲥⲓⲁ"/>
		<feat xlink:href="#sSpan367" value="ⲛⲁⲓ"/>
		<feat xlink:href="#sSpan372" value="ⲙⲁⲑⲙⲥⲟⲟⲩ"/>
		<feat xlink:href="#sSpan379" value="."/>
		<feat xlink:href="#sSpan383" value="ⲉⲓϫⲱ"/>
		<feat xlink:href="#sSpan397" value="ⲙⲙⲟⲥ"/>
		<feat xlink:href="#sSpan403" value="ⲉⲩϣⲓⲡⲉ"/>
		<feat xlink:href="#sSpan412" value="ⲛⲏⲧⲛ"/>
		<feat xlink:href="#sSpan418" value="."/>
		<feat xlink:href="#sSpan423" value="ⲧⲁⲓ"/>
		<feat xlink:href="#sSpan427" value="ⲧⲉ"/>
		<feat xlink:href="#sSpan431" value="ⲧϩⲉ"/>
		<feat xlink:href="#sSpan437" value="ⲙⲛⲗⲁⲁⲩ"/>
		<feat xlink:href="#sSpan444" value="ⲛⲥⲟⲫⲟⲥ"/>
		<feat xlink:href="#sSpan451" value="ⲛϩⲏⲧⲧⲏⲩⲧⲛ"/>
		<feat xlink:href="#sSpan458" value="ⲡⲁⲓ"/>
		<feat xlink:href="#sSpan462" value="ⲉϥⲛⲁϣϭⲙϭⲟⲙ"/>
		<feat xlink:href="#sSpan474" value="ⲉⲇⲓⲁⲕⲣⲓⲛⲉ"/>
		<feat xlink:href="#sSpan481" value="ⲛⲧⲙⲏⲧⲉ"/>
		<feat xlink:href="#sSpan489" value="ⲙⲡⲉϥⲥⲟⲛ"/>
		<feat xlink:href="#sSpan498" value="."/>
		<feat xlink:href="#sSpan503" value="ⲁⲗⲗⲁ"/>
		<feat xlink:href="#sSpan512" value="ⲟⲩⲛⲟⲩⲥⲟⲛ"/>
		<feat xlink:href="#sSpan522" value="ϫⲓϩⲁⲡ"/>
		<feat xlink:href="#sSpan527" value="ⲙⲛⲡⲉϥⲥⲟⲛ"/>
		<feat xlink:href="#sSpan536" value="."/>
		<feat xlink:href="#sSpan540" value="ⲁⲩⲱ"/>
		<feat xlink:href="#sSpan545" value="ⲡⲁⲓ"/>
		<feat xlink:href="#sSpan549" value="ϩⲓⲛⲁⲡⲓⲥⲧⲟⲥ"/>
		<feat xlink:href="#sSpan559" value="."/>
		<feat xlink:href="#sSpan564" value="ⲏⲇⲏ"/>
		<feat xlink:href="#sSpan575" value="ⲙⲉⲛ"/>
		<feat xlink:href="#sSpan580" value="ϩⲟⲗⲱⲥ"/>
		<feat xlink:href="#sSpan584" value="ⲣⲱ"/>
		<feat xlink:href="#sSpan588" value="ⲟⲩϣⲱⲱⲧ"/>
		<feat xlink:href="#sSpan595" value="ⲛⲏⲧⲛ"/>
		<feat xlink:href="#sSpan601" value="ⲡⲉ"/>
		<feat xlink:href="#sSpan605" value="ϫⲉⲟⲩⲛⲧⲏⲧⲛϩⲁⲡ"/>
		<feat xlink:href="#sSpan616" value="ⲙⲛⲛⲉⲧⲛⲉⲣⲏⲩ"/>
		<feat xlink:href="#sSpan624" value="."/>
		<feat xlink:href="#sSpan629" value="ⲉⲧⲃⲉⲟⲩ"/>
		<feat xlink:href="#sSpan635" value="ⲣⲱ"/>
		<feat xlink:href="#sSpan639" value="ⲥⲉⲛⲁϫⲓⲧⲏⲩⲧⲛ"/>
		<feat xlink:href="#sSpan649" value="ⲁⲛ"/>
		<feat xlink:href="#sSpan653" value="ⲛϭⲟⲛⲥ"/>
		<feat xlink:href="#sSpan660" value="."/>
		<feat xlink:href="#sSpan665" value="ⲉⲧⲃⲉⲟⲩ"/>
		<feat xlink:href="#sSpan671" value="ⲣⲱ"/>
		<feat xlink:href="#sSpan675" value="ⲥⲉⲛⲁϥⲉϭⲧⲏⲩⲧⲛ"/>
		<feat xlink:href="#sSpan685" value="ⲁⲛ"/>
		<feat xlink:href="#sSpan689" value="."/>
		<feat xlink:href="#sSpan694" value="ⲁⲗⲗⲁ"/>
		<feat xlink:href="#sSpan704" value="ⲛⲧⲱⲧⲛ"/>
		<feat xlink:href="#sSpan708" value="ⲛⲉⲧϫⲓ"/>
		<feat xlink:href="#sSpan717" value="ⲛϭⲟⲛⲥ"/>
		<feat xlink:href="#sSpan723" value="."/>
		<feat xlink:href="#sSpan727" value="ⲁⲩⲱ"/>
		<feat xlink:href="#sSpan731" value="ⲉⲧϥⲱϭⲉ"/>
		<feat xlink:href="#sSpan737" value="ⲁⲩⲱ"/>
		<feat xlink:href="#sSpan742" value="ⲡⲁⲓ"/>
		<feat xlink:href="#sSpan746" value="ⲛⲛⲉⲧⲛⲥⲛⲏⲩ"/>
		<feat xlink:href="#sSpan755" value="."/>
		<feat xlink:href="#sSpan760" value="ⲏ"/>
		<feat xlink:href="#sSpan770" value="ⲛⲧⲉⲧⲛⲥⲟⲟⲩⲛ"/>
		<feat xlink:href="#sSpan778" value="ⲁⲛ"/>
		<feat xlink:href="#sSpan782" value="ϫⲉⲛⲣⲉϥϫⲓ"/>
		<feat xlink:href="#sSpan793" value="ⲛϭⲟⲛⲥ"/>
		<feat xlink:href="#sSpan799" value="ⲛⲁⲕⲗⲏⲣⲟⲛⲟⲙⲉⲓ"/>
		<feat xlink:href="#sSpan806" value="ⲁⲛ"/>
		<feat xlink:href="#sSpan810" value="ⲛⲧⲙⲛⲧⲣⲣⲟ"/>
		<feat xlink:href="#sSpan821" value="ⲙⲡⲛⲟⲩⲧⲉ"/>
		<feat xlink:href="#sSpan830" value="ⲙⲡⲣⲡⲗⲁⲛⲁ"/>
		<feat xlink:href="#sSpan838" value="ⲟⲩⲇⲉ"/>
		<feat xlink:href="#sSpan842" value="ⲙⲛⲡⲟⲣⲛⲟⲥ"/>
		<feat xlink:href="#sSpan851" value="ⲟⲩⲇⲉ"/>
		<feat xlink:href="#sSpan855" value="ⲙⲛⲣⲉϥϣⲙϣⲉⲉⲓⲇⲱⲗⲟⲛ"/>
		<feat xlink:href="#sSpan867" value="ⲟⲩⲇⲉ"/>
		<feat xlink:href="#sSpan871" value="ⲙⲛⲛⲟⲉⲓⲕ"/>
		<feat xlink:href="#sSpan879" value="ⲟⲩⲇⲉ"/>
		<feat xlink:href="#sSpan883" value="ⲙⲛⲙⲁⲗⲁⲕⲟⲥ"/>
		<feat xlink:href="#sSpan892" value="ⲟⲩⲇⲉ"/>
		<feat xlink:href="#sSpan896" value="ⲙⲛⲣⲉϥⲛⲕⲟⲧⲕ"/>
		<feat xlink:href="#sSpan905" value="ⲙⲛϩⲟⲟⲩⲧ"/>
		<feat xlink:href="#sSpan912" value="."/>
		<feat xlink:href="#sSpan917" value="ⲟⲩⲇⲉ"/>
		<feat xlink:href="#sSpan927" value="ⲙⲛⲣⲉϥϩⲱϥⲧ"/>
		<feat xlink:href="#sSpan937" value="ⲟⲩⲇⲉ"/>
		<feat xlink:href="#sSpan941" value="ⲙⲛⲙⲁⲓⲧⲟⲉ"/>
		<feat xlink:href="#sSpan950" value="ⲛϩⲟⲩⲟ"/>
		<feat xlink:href="#sSpan957" value="ⲟⲩⲇⲉ"/>
		<feat xlink:href="#sSpan961" value="ⲙⲛⲣⲉϥϯϩⲉ"/>
		<feat xlink:href="#sSpan971" value="ⲟⲩⲇⲉ"/>
		<feat xlink:href="#sSpan975" value="ⲙⲛⲣⲉϥⲥⲁϩⲟⲩ"/>
		<feat xlink:href="#sSpan985" value="ⲟⲩⲇⲉ"/>
		<feat xlink:href="#sSpan989" value="ⲙⲛⲣⲉϥⲧⲱⲣⲡ"/>
		<feat xlink:href="#sSpan998" value="ⲛⲁⲕⲗⲏⲣⲟⲛⲟⲙⲉⲓ"/>
		<feat xlink:href="#sSpan1005" value="ⲛⲧⲙⲛⲧⲣⲣⲟ"/>
		<feat xlink:href="#sSpan1016" value="ⲙⲡⲛⲟⲩⲧⲉ"/>
		<feat xlink:href="#sSpan1025" value="."/>
		<feat xlink:href="#sSpan1029" value="ⲁⲩⲱ"/>
		<feat xlink:href="#sSpan1040" value="ⲛⲁⲓ"/>
		<feat xlink:href="#sSpan1044" value="ⲛⲉⲧⲉⲧⲛⲛϩⲏⲧⲟⲩ"/>
		<feat xlink:href="#sSpan1054" value="ⲡⲉ"/>
		<feat xlink:href="#sSpan1059" value="ⲁⲗⲗⲁ"/>
		<feat xlink:href="#sSpan1063" value="ⲁⲧⲉⲧⲛϫⲉⲕⲙⲧⲏⲩⲧⲛ"/>
		<feat xlink:href="#sSpan1074" value="ⲁⲗⲗⲁ"/>
		<feat xlink:href="#sSpan1078" value="ⲁⲧⲉⲧⲛⲧⲃⲃⲟ"/>
		<feat xlink:href="#sSpan1087" value="ⲁⲗⲗⲁ"/>
		<feat xlink:href="#sSpan1091" value="ⲁⲧⲉⲧⲛⲧⲙⲁⲉⲓⲟ"/>
		<feat xlink:href="#sSpan1099" value="ϩⲙⲡⲣⲁⲛ"/>
		<feat xlink:href="#sSpan1108" value="ⲙⲡⲉⲛϫⲟⲉⲓⲥ"/>
		<feat xlink:href="#sSpan1118" value="ⲓⲏⲥⲟⲩⲥ"/>
		<feat xlink:href="#sSpan1122" value="ⲁⲩⲱ"/>
		<feat xlink:href="#sSpan1126" value="ϩⲙⲡⲉⲡⲛⲉⲩⲙⲁ"/>
		<feat xlink:href="#sSpan1136" value="ⲙⲡⲉⲛⲛⲟⲩⲧⲉ"/>
		<feat xlink:href="#sSpan1145" value="."/>
		<feat xlink:href="#sSpan1149" value="ϩⲱⲃ"/>
		<feat xlink:href="#sSpan1160" value="ⲛⲓⲙ"/>
		<feat xlink:href="#sSpan1165" value="ⲉⲝⲉⲥⲧⲉⲓ"/>
		<feat xlink:href="#sSpan1169" value="ⲛⲁⲓ"/>
		<feat xlink:href="#sSpan1175" value="."/>
		<feat xlink:href="#sSpan1180" value="ⲁⲗⲗⲁ"/>
		<feat xlink:href="#sSpan1184" value="ϩⲱⲃ"/>
		<feat xlink:href="#sSpan1190" value="ⲛⲓⲙ"/>
		<feat xlink:href="#sSpan1195" value="ⲣⲛⲟϥⲣⲉ"/>
		<feat xlink:href="#sSpan1200" value="ⲁⲛ"/>
		<feat xlink:href="#sSpan1204" value="."/>
		<feat xlink:href="#sSpan1208" value="ϩⲱⲃ"/>
		<feat xlink:href="#sSpan1214" value="ⲛⲓⲙ"/>
		<feat xlink:href="#sSpan1219" value="ⲉⲝⲉⲥⲧⲉⲓ"/>
		<feat xlink:href="#sSpan1223" value="ⲛⲁⲓ"/>
		<feat xlink:href="#sSpan1230" value="ⲁⲗⲗⲁ"/>
		<feat xlink:href="#sSpan1234" value="ⲛϯⲛⲁⲕⲁ"/>
		<feat xlink:href="#sSpan1245" value="ⲗⲁⲁⲩ"/>
		<feat xlink:href="#sSpan1249" value="ⲁⲛ"/>
		<feat xlink:href="#sSpan1253" value="ⲉⲣϫⲟⲉⲓⲥ"/>
		<feat xlink:href="#sSpan1261" value="ⲉⲣⲟⲓ"/>
		<feat xlink:href="#sSpan1267" value="."/>
		<feat xlink:href="#sSpan1271" value="ⲛϭⲓⲛⲟⲩⲟⲟⲙ"/>
		<feat xlink:href="#sSpan1283" value="ⲛⲧϩⲏ"/>
		<feat xlink:href="#sSpan1292" value="ⲁⲩⲱ"/>
		<feat xlink:href="#sSpan1296" value="ⲧϩⲏ"/>
		<feat xlink:href="#sSpan1303" value="ⲛⲛϭⲓⲛⲟⲩⲟⲟⲙ"/>
		<feat xlink:href="#sSpan1315" value="ⲡⲛⲟⲩⲧⲉ"/>
		<feat xlink:href="#sSpan1322" value="ⲇⲉ"/>
		<feat xlink:href="#sSpan1327" value="ⲧⲁⲓ"/>
		<feat xlink:href="#sSpan1331" value="ⲙⲛⲛⲉⲓⲕⲟⲟⲩⲉ"/>
		<feat xlink:href="#sSpan1340" value="ϥⲛⲁⲟⲩⲟⲥϥⲟⲩ"/>
		<feat xlink:href="#sSpan1351" value="ⲡⲥⲱⲙⲁ"/>
		<feat xlink:href="#sSpan1358" value="ⲛⲧⲟϥ"/>
		<feat xlink:href="#sSpan1362" value="ⲛⲧⲡⲟⲣⲛⲉⲓⲁ"/>
		<feat xlink:href="#sSpan1372" value="ⲁⲛ"/>
		<feat xlink:href="#sSpan1377" value="ⲁⲗⲗⲁ"/>
		<feat xlink:href="#sSpan1381" value="ⲙⲡϫⲟⲉⲓⲥ"/>
		<feat xlink:href="#sSpan1390" value="ⲁⲩⲱ"/>
		<feat xlink:href="#sSpan1395" value="ⲡϫⲟⲉⲓⲥ"/>
		<feat xlink:href="#sSpan1401" value="ⲙⲡⲥⲱⲙⲁ"/>
		<feat xlink:href="#sSpan1411" value="."/>
		<feat xlink:href="#sSpan1415" value="ⲁⲡⲛⲟⲩⲧⲉ"/>
		<feat xlink:href="#sSpan1430" value="ⲇⲉ"/>
		<feat xlink:href="#sSpan1434" value="ⲧⲟⲩⲛⲉⲥⲡⲉⲛϫⲟⲉⲓⲥ"/>
		<feat xlink:href="#sSpan1443" value="."/>
		<feat xlink:href="#sSpan1447" value="ⲁⲩⲱ"/>
		<feat xlink:href="#sSpan1451" value="ϥⲛⲁⲧⲟⲩⲛⲟⲥⲛ"/>
		<feat xlink:href="#sSpan1461" value="ϩⲓⲧⲛⲧⲉϥϭⲟⲙ"/>
		<feat xlink:href="#sSpan1470" value="."/>
		<feat xlink:href="#sSpan1474" value="ⲛⲧⲉⲧⲛⲥⲟⲟⲩⲛ"/>
		<feat xlink:href="#sSpan1487" value="ⲁⲛ"/>
		<feat xlink:href="#sSpan1491" value="ϫⲉⲛⲉⲧⲛⲥⲱⲙⲁ"/>
		<feat xlink:href="#sSpan1501" value="ⲙⲙⲉⲗⲟⲥ"/>
		<feat xlink:href="#sSpan1509" value="ⲙⲡⲉⲭⲣⲓⲥⲧⲟⲥ"/>
		<feat xlink:href="#sSpan1519" value="ⲛⲉ"/>
		<feat xlink:href="#sSpan1523" value="."/>
		<feat xlink:href="#sSpan1527" value="ⲧⲁϥⲓ"/>
		<feat xlink:href="#sSpan1533" value="ϭⲉ"/>
		<feat xlink:href="#sSpan1537" value="ⲛⲙⲙⲉⲗⲟⲥ"/>
		<feat xlink:href="#sSpan1547" value="ⲙⲡⲉⲭⲣⲓⲥⲧⲟⲥ"/>
		<feat xlink:href="#sSpan1557" value="ⲧⲁⲁⲁⲩ"/>
		<feat xlink:href="#sSpan1565" value="ⲙⲙⲉⲗⲟⲥ"/>
		<feat xlink:href="#sSpan1573" value="ⲙⲡⲟⲣⲛⲏ"/>
		<feat xlink:href="#sSpan1581" value="ⲛⲛⲉⲥϣⲱⲡⲉ"/>
		<feat xlink:href="#sSpan1590" value="ⲏ"/>
		<feat xlink:href="#sSpan1600" value="ⲛⲧⲉⲧⲛⲥⲟⲟⲩⲛ"/>
		<feat xlink:href="#sSpan1608" value="ⲁⲛ"/>
		<feat xlink:href="#sSpan1612" value="ϫⲉⲡⲉⲧⲧⲱϭⲉ"/>
		<feat xlink:href="#sSpan1623" value="ⲙⲙⲟϥ"/>
		<feat xlink:href="#sSpan1629" value="ⲉⲧⲡⲟⲣⲛⲏ"/>
		<feat xlink:href="#sSpan1639" value="ⲟⲩⲥⲱⲙⲁ"/>
		<feat xlink:href="#sSpan1647" value="ⲛⲟⲩⲱⲧ"/>
		<feat xlink:href="#sSpan1653" value="ⲡⲉ"/>
		<feat xlink:href="#sSpan1657" value="."/>
		<feat xlink:href="#sSpan1661" value="ⲡⲉϫⲁϥ"/>
		<feat xlink:href="#sSpan1668" value="ⲅⲁⲣ"/>
		<feat xlink:href="#sSpan1672" value="ϫⲉⲥⲉⲛⲁϣⲱⲡⲉ"/>
		<feat xlink:href="#sSpan1682" value="ⲙⲡⲉⲥⲛⲁⲩ"/>
		<feat xlink:href="#sSpan1691" value="ⲉⲩⲥⲁⲣⲝ"/>
		<feat xlink:href="#sSpan1701" value="ⲛⲟⲩⲱⲧ"/>
		<feat xlink:href="#sSpan1707" value="."/>
		<feat xlink:href="#sSpan1711" value="ⲡⲉⲧⲧⲱϭⲉ"/>
		<feat xlink:href="#sSpan1726" value="ⲇⲉ"/>
		<feat xlink:href="#sSpan1730" value="ⲙⲙⲟϥ"/>
		<feat xlink:href="#sSpan1736" value="ⲉⲡϫⲟⲉⲓⲥ"/>
		<feat xlink:href="#sSpan1745" value="ⲟⲩⲡⲛⲉⲩⲙⲁ"/>
		<feat xlink:href="#sSpan1753" value="ⲛⲟⲩⲱⲧ"/>
		<feat xlink:href="#sSpan1759" value="ⲡⲉ"/>
		<feat xlink:href="#sSpan1763" value="."/>
		<feat xlink:href="#sSpan1767" value="ⲡⲱⲧ"/>
		<feat xlink:href="#sSpan1777" value="ⲉⲃⲟⲗ"/>
		<feat xlink:href="#sSpan1781" value="ⲛⲧⲡⲟⲣⲛⲉⲓⲁ"/>
		<feat xlink:href="#sSpan1791" value="."/>
		<feat xlink:href="#sSpan1795" value="ⲛⲟⲃⲉ"/>
		<feat xlink:href="#sSpan1800" value="ⲛⲓⲙ"/>
		<feat xlink:href="#sSpan1804" value="ⲉⲧⲉⲣⲉⲡⲣⲱⲙⲉ"/>
		<feat xlink:href="#sSpan1813" value="ⲛⲁⲁⲁⲩ"/>
		<feat xlink:href="#sSpan1821" value="ⲥⲉⲙⲡⲃⲟⲗ"/>
		<feat xlink:href="#sSpan1832" value="ⲙⲡⲥⲱⲙⲁ"/>
		<feat xlink:href="#sSpan1842" value="."/>
		<feat xlink:href="#sSpan1847" value="ⲡⲉⲧⲡⲟⲣⲛⲉⲩⲉ"/>
		<feat xlink:href="#sSpan1857" value="ⲇⲉ"/>
		<feat xlink:href="#sSpan1861" value="ⲛⲧⲟϥ"/>
		<feat xlink:href="#sSpan1865" value="ⲉϥⲣⲛⲟⲃⲉ"/>
		<feat xlink:href="#sSpan1875" value="ⲉⲡⲉϥⲥⲱⲙⲁ"/>
		<feat xlink:href="#sSpan1885" value="ⲙⲁⲩⲁⲁϥ"/>
		<feat xlink:href="#sSpan1891" value="."/>
		<feat xlink:href="#sSpan1896" value="ⲏ"/>
		<feat xlink:href="#sSpan1905" value="ⲛⲧⲉⲧⲛⲥⲟⲟⲩⲛ"/>
		<feat xlink:href="#sSpan1913" value="ⲁⲛ"/>
		<feat xlink:href="#sSpan1917" value="ϫⲉⲡⲉⲧⲛⲥⲱⲙⲁ"/>
		<feat xlink:href="#sSpan1927" value="ⲡⲣⲡⲉ"/>
		<feat xlink:href="#sSpan1934" value="ⲡⲉ"/>
		<feat xlink:href="#sSpan1938" value="ⲙⲡⲉⲡⲛⲉⲩⲙⲁ"/>
		<feat xlink:href="#sSpan1948" value="ⲉⲧⲟⲩⲁⲁⲃ"/>
		<feat xlink:href="#sSpan1954" value="ⲉⲧⲛϩⲏⲧⲧⲏⲩⲧⲛ"/>
		<feat xlink:href="#sSpan1962" value="."/>
		<feat xlink:href="#sSpan1966" value="ⲡⲁⲓ"/>
		<feat xlink:href="#sSpan1970" value="ⲉⲛⲧⲁⲧⲉⲧⲛϫⲓⲧϥ"/>
		<feat xlink:href="#sSpan1982" value="ⲉⲃⲟⲗ"/>
		<feat xlink:href="#sSpan1986" value="ϩⲓⲧⲙⲡⲛⲟⲩⲧⲉ"/>
		<feat xlink:href="#sSpan1995" value="."/>
		<feat xlink:href="#sSpan1999" value="ⲁⲩⲱ"/>
		<feat xlink:href="#sSpan2003" value="ⲛⲧⲉⲧⲛ"/>
		<feat xlink:href="#sSpan2009" value="ⲡⲱⲧⲛ"/>
		<feat xlink:href="#sSpan2013" value="ⲁⲛ"/>
		<feat xlink:href="#sSpan2017" value="."/>
		<feat xlink:href="#sSpan2021" value="ⲁⲩϣⲉⲡⲧⲏⲩⲧⲛ"/>
		<feat xlink:href="#sSpan2038" value="ⲅⲁⲣ"/>
		<feat xlink:href="#sSpan2042" value="ϩⲁⲟⲩⲁⲥⲟⲩ"/>
		<feat xlink:href="#sSpan2051" value="."/>
		<feat xlink:href="#sSpan2056" value="ϯⲉⲟⲟⲩ"/>
		<feat xlink:href="#sSpan2061" value="ϭⲉ"/>
		<feat xlink:href="#sSpan2065" value="ⲙⲡⲛⲟⲩⲧⲉ"/>
		<feat xlink:href="#sSpan2074" value="ϩⲙⲡⲉⲧⲛⲥⲱⲙⲁ"/>
		<feat xlink:href="#sSpan2084" value="."/></featList></paula>