<?xml version='1.0' encoding='UTF-8'?><!DOCTYPE paula SYSTEM "paula_feat.dtd">
<paula version="1.1">
	<header paula_id="scriptorium.1Cor_06.mark_lang"/>
	<featList xmlns:xlink="http://www.w3.org/1999/xlink" type="lang" xml:base="scriptorium.1Cor_06.mark.xml">
		<feat xlink:href="#sSpan19" value="Greek"/>
		<feat xlink:href="#sSpan106" value="Greek"/>
		<feat xlink:href="#sSpan148" value="Greek"/>
		<feat xlink:href="#sSpan158" value="Greek"/>
		<feat xlink:href="#sSpan179" value="Greek"/>
		<feat xlink:href="#sSpan189" value="Greek"/>
		<feat xlink:href="#sSpan264" value="Greek"/>
		<feat xlink:href="#sSpan274" value="Greek"/>
		<feat xlink:href="#sSpan298" value="Greek"/>
		<feat xlink:href="#sSpan342" value="Greek"/>
		<feat xlink:href="#sSpan361" value="Greek"/>
		<feat xlink:href="#sSpan446" value="Greek"/>
		<feat xlink:href="#sSpan476" value="Greek"/>
		<feat xlink:href="#sSpan500" value="Greek"/>
		<feat xlink:href="#sSpan554" value="Greek"/>
		<feat xlink:href="#sSpan561" value="Greek"/>
		<feat xlink:href="#sSpan572" value="Greek"/>
		<feat xlink:href="#sSpan577" value="Greek"/>
		<feat xlink:href="#sSpan691" value="Greek"/>
		<feat xlink:href="#sSpan757" value="Greek"/>
		<feat xlink:href="#sSpan801" value="Greek"/>
		<feat xlink:href="#sSpan832" value="Greek"/>
		<feat xlink:href="#sSpan835" value="Greek"/>
		<feat xlink:href="#sSpan844" value="Greek"/>
		<feat xlink:href="#sSpan848" value="Greek"/>
		<feat xlink:href="#sSpan863" value="Greek"/>
		<feat xlink:href="#sSpan864" value="Greek"/>
		<feat xlink:href="#sSpan876" value="Greek"/>
		<feat xlink:href="#sSpan885" value="Greek"/>
		<feat xlink:href="#sSpan889" value="Greek"/>
		<feat xlink:href="#sSpan914" value="Greek"/>
		<feat xlink:href="#sSpan934" value="Greek"/>
		<feat xlink:href="#sSpan954" value="Greek"/>
		<feat xlink:href="#sSpan968" value="Greek"/>
		<feat xlink:href="#sSpan982" value="Greek"/>
		<feat xlink:href="#sSpan1000" value="Greek"/>
		<feat xlink:href="#sSpan1056" value="Greek"/>
		<feat xlink:href="#sSpan1071" value="Greek"/>
		<feat xlink:href="#sSpan1084" value="Greek"/>
		<feat xlink:href="#sSpan1115" value="Hebrew"/>
		<feat xlink:href="#sSpan1131" value="Greek"/>
		<feat xlink:href="#sSpan1162" value="Greek"/>
		<feat xlink:href="#sSpan1177" value="Greek"/>
		<feat xlink:href="#sSpan1216" value="Greek"/>
		<feat xlink:href="#sSpan1227" value="Greek"/>
		<feat xlink:href="#sSpan1319" value="Greek"/>
		<feat xlink:href="#sSpan1353" value="Greek"/>
		<feat xlink:href="#sSpan1367" value="Greek"/>
		<feat xlink:href="#sSpan1374" value="Greek"/>
		<feat xlink:href="#sSpan1406" value="Greek"/>
		<feat xlink:href="#sSpan1427" value="Greek"/>
		<feat xlink:href="#sSpan1496" value="Greek"/>
		<feat xlink:href="#sSpan1503" value="Greek"/>
		<feat xlink:href="#sSpan1514" value="Greek"/>
		<feat xlink:href="#sSpan1542" value="Greek"/>
		<feat xlink:href="#sSpan1552" value="Greek"/>
		<feat xlink:href="#sSpan1568" value="Greek"/>
		<feat xlink:href="#sSpan1575" value="Greek"/>
		<feat xlink:href="#sSpan1587" value="Greek"/>
		<feat xlink:href="#sSpan1634" value="Greek"/>
		<feat xlink:href="#sSpan1642" value="Greek"/>
		<feat xlink:href="#sSpan1665" value="Greek"/>
		<feat xlink:href="#sSpan1696" value="Greek"/>
		<feat xlink:href="#sSpan1723" value="Greek"/>
		<feat xlink:href="#sSpan1748" value="Greek"/>
		<feat xlink:href="#sSpan1786" value="Greek"/>
		<feat xlink:href="#sSpan1837" value="Greek"/>
		<feat xlink:href="#sSpan1851" value="Greek"/>
		<feat xlink:href="#sSpan1854" value="Greek"/>
		<feat xlink:href="#sSpan1880" value="Greek"/>
		<feat xlink:href="#sSpan1893" value="Greek"/>
		<feat xlink:href="#sSpan1922" value="Greek"/>
		<feat xlink:href="#sSpan1943" value="Greek"/>
		<feat xlink:href="#sSpan2035" value="Greek"/>
		<feat xlink:href="#sSpan2079" value="Greek"/></featList></paula>