<?xml version='1.0' encoding='UTF-8'?><!DOCTYPE paula SYSTEM "paula_rel.dtd">
<paula version="1.1">
	<header paula_id="scriptorium.1Cor_06.dep"/>
	<relList xmlns:xlink="http://www.w3.org/1999/xlink" type="dep">
		<rel id="sPointingRel1" xlink:href="scriptorium.1Cor_06.mark.xml#sSpan1978" target="scriptorium.1Cor_06.mark.xml#sSpan1993"/>
		<rel id="sPointingRel3" xlink:href="scriptorium.1Cor_06.mark.xml#sSpan1427" target="scriptorium.1Cor_06.mark.xml#sSpan1424"/>
		<rel id="sPointingRel5" xlink:href="scriptorium.1Cor_06.mark.xml#sSpan1817" target="scriptorium.1Cor_06.mark.xml#sSpan1811"/>
		<rel id="sPointingRel7" xlink:href="scriptorium.1Cor_06.mark.xml#sSpan1946" target="scriptorium.1Cor_06.mark.xml#sSpan1952"/>
		<rel id="sPointingRel9" xlink:href="scriptorium.1Cor_06.mark.xml#sSpan438" target="scriptorium.1Cor_06.mark.xml#sSpan446"/>
		<rel id="sPointingRel11" xlink:href="scriptorium.1Cor_06.mark.xml#sSpan1388" target="scriptorium.1Cor_06.mark.xml#sSpan1385"/>
		<rel id="sPointingRel13" xlink:href="scriptorium.1Cor_06.mark.xml#sSpan1051" target="scriptorium.1Cor_06.mark.xml#sSpan1049"/>
		<rel id="sPointingRel15" xlink:href="scriptorium.1Cor_06.mark.xml#sSpan148" target="scriptorium.1Cor_06.mark.xml#sSpan145"/>
		<rel id="sPointingRel17" xlink:href="scriptorium.1Cor_06.mark.xml#sSpan1911" target="scriptorium.1Cor_06.mark.xml#sSpan1909"/>
		<rel id="sPointingRel19" xlink:href="scriptorium.1Cor_06.mark.xml#sSpan644" target="scriptorium.1Cor_06.mark.xml#sSpan659"/>
		<rel id="sPointingRel21" xlink:href="scriptorium.1Cor_06.mark.xml#sSpan216" target="scriptorium.1Cor_06.mark.xml#sSpan222"/>
		<rel id="sPointingRel23" xlink:href="scriptorium.1Cor_06.mark.xml#sSpan1680" target="scriptorium.1Cor_06.mark.xml#sSpan1672"/>
		<rel id="sPointingRel25" xlink:href="scriptorium.1Cor_06.mark.xml#sSpan1002" target="scriptorium.1Cor_06.mark.xml#sSpan926"/>
		<rel id="sPointingRel27" xlink:href="scriptorium.1Cor_06.mark.xml#sSpan714" target="scriptorium.1Cor_06.mark.xml#sSpan722"/>
		<rel id="sPointingRel29" xlink:href="scriptorium.1Cor_06.mark.xml#sSpan1281" target="scriptorium.1Cor_06.mark.xml#sSpan1271"/>
		<rel id="sPointingRel31" xlink:href="scriptorium.1Cor_06.mark.xml#sSpan122" target="scriptorium.1Cor_06.mark.xml#sSpan132"/>
		<rel id="sPointingRel33" xlink:href="scriptorium.1Cor_06.mark.xml#sSpan1555" target="scriptorium.1Cor_06.mark.xml#sSpan1551"/>
		<rel id="sPointingRel35" xlink:href="scriptorium.1Cor_06.mark.xml#sSpan796" target="scriptorium.1Cor_06.mark.xml#sSpan792"/>
		<rel id="sPointingRel37" xlink:href="scriptorium.1Cor_06.mark.xml#sSpan1346" target="scriptorium.1Cor_06.mark.xml#sSpan1344"/>
		<rel id="sPointingRel39" xlink:href="scriptorium.1Cor_06.mark.xml#sSpan342" target="scriptorium.1Cor_06.mark.xml#sSpan338"/>
		<rel id="sPointingRel41" xlink:href="scriptorium.1Cor_06.mark.xml#sSpan48" target="scriptorium.1Cor_06.mark.xml#sSpan55"/>
		<rel id="sPointingRel43" xlink:href="scriptorium.1Cor_06.mark.xml#sSpan1960" target="scriptorium.1Cor_06.mark.xml#sSpan1958"/>
		<rel id="sPointingRel45" xlink:href="scriptorium.1Cor_06.mark.xml#sSpan1165" target="scriptorium.1Cor_06.mark.xml#sSpan1204"/>
		<rel id="sPointingRel47" xlink:href="scriptorium.1Cor_06.mark.xml#sSpan1346" target="scriptorium.1Cor_06.mark.xml#sSpan1319"/>
		<rel id="sPointingRel49" xlink:href="scriptorium.1Cor_06.mark.xml#sSpan216" target="scriptorium.1Cor_06.mark.xml#sSpan213"/>
		<rel id="sPointingRel51" xlink:href="scriptorium.1Cor_06.mark.xml#sSpan35" target="scriptorium.1Cor_06.mark.xml#sSpan31"/>
		<rel id="sPointingRel53" xlink:href="scriptorium.1Cor_06.mark.xml#sSpan592" target="scriptorium.1Cor_06.mark.xml#sSpan587"/>
		<rel id="sPointingRel55" xlink:href="scriptorium.1Cor_06.mark.xml#sSpan1370" target="scriptorium.1Cor_06.mark.xml#sSpan1366"/>
		<rel id="sPointingRel57" xlink:href="scriptorium.1Cor_06.mark.xml#sSpan1751" target="scriptorium.1Cor_06.mark.xml#sSpan1759"/>
		<rel id="sPointingRel59" xlink:href="scriptorium.1Cor_06.mark.xml#sSpan1651" target="scriptorium.1Cor_06.mark.xml#sSpan1647"/>
		<rel id="sPointingRel61" xlink:href="scriptorium.1Cor_06.mark.xml#sSpan993" target="scriptorium.1Cor_06.mark.xml#sSpan988"/>
		<rel id="sPointingRel63" xlink:href="scriptorium.1Cor_06.mark.xml#sSpan392" target="scriptorium.1Cor_06.mark.xml#sSpan380"/>
		<rel id="sPointingRel65" xlink:href="scriptorium.1Cor_06.mark.xml#sSpan1242" target="scriptorium.1Cor_06.mark.xml#sSpan1249"/>
		<rel id="sPointingRel67" xlink:href="scriptorium.1Cor_06.mark.xml#sSpan908" target="scriptorium.1Cor_06.mark.xml#sSpan904"/>
		<rel id="sPointingRel69" xlink:href="scriptorium.1Cor_06.mark.xml#sSpan315" target="scriptorium.1Cor_06.mark.xml#sSpan313"/>
		<rel id="sPointingRel71" xlink:href="scriptorium.1Cor_06.mark.xml#sSpan1485" target="scriptorium.1Cor_06.mark.xml#sSpan1523"/>
		<rel id="sPointingRel73" xlink:href="scriptorium.1Cor_06.mark.xml#sSpan19" target="scriptorium.1Cor_06.mark.xml#sSpan35"/>
		<rel id="sPointingRel75" xlink:href="scriptorium.1Cor_06.mark.xml#sSpan1434" target="scriptorium.1Cor_06.mark.xml#sSpan1457"/>
		<rel id="sPointingRel77" xlink:href="scriptorium.1Cor_06.mark.xml#sSpan1227" target="scriptorium.1Cor_06.mark.xml#sSpan1223"/>
		<rel id="sPointingRel79" xlink:href="scriptorium.1Cor_06.mark.xml#sSpan993" target="scriptorium.1Cor_06.mark.xml#sSpan984"/>
		<rel id="sPointingRel81" xlink:href="scriptorium.1Cor_06.mark.xml#sSpan668" target="scriptorium.1Cor_06.mark.xml#sSpan663"/>
		<rel id="sPointingRel83" xlink:href="scriptorium.1Cor_06.mark.xml#sSpan1571" target="scriptorium.1Cor_06.mark.xml#sSpan1565"/>
		<rel id="sPointingRel85" xlink:href="scriptorium.1Cor_06.mark.xml#sSpan644" target="scriptorium.1Cor_06.mark.xml#sSpan648"/>
		<rel id="sPointingRel87" xlink:href="scriptorium.1Cor_06.mark.xml#sSpan1485" target="scriptorium.1Cor_06.mark.xml#sSpan1506"/>
		<rel id="sPointingRel89" xlink:href="scriptorium.1Cor_06.mark.xml#sSpan2033" target="scriptorium.1Cor_06.mark.xml#sSpan2051"/>
		<rel id="sPointingRel91" xlink:href="scriptorium.1Cor_06.mark.xml#sSpan1757" target="scriptorium.1Cor_06.mark.xml#sSpan1753"/>
		<rel id="sPointingRel93" xlink:href="scriptorium.1Cor_06.mark.xml#sSpan361" target="scriptorium.1Cor_06.mark.xml#sSpan353"/>
		<rel id="sPointingRel95" xlink:href="scriptorium.1Cor_06.mark.xml#sSpan332" target="scriptorium.1Cor_06.mark.xml#sSpan329"/>
		<rel id="sPointingRel97" xlink:href="scriptorium.1Cor_06.mark.xml#sSpan1545" target="scriptorium.1Cor_06.mark.xml#sSpan1537"/>
		<rel id="sPointingRel99" xlink:href="scriptorium.1Cor_06.mark.xml#sSpan1346" target="scriptorium.1Cor_06.mark.xml#sSpan1370"/>
		<rel id="sPointingRel101" xlink:href="scriptorium.1Cor_06.mark.xml#sSpan413" target="scriptorium.1Cor_06.mark.xml#sSpan409"/>
		<rel id="sPointingRel103" xlink:href="scriptorium.1Cor_06.mark.xml#sSpan315" target="scriptorium.1Cor_06.mark.xml#sSpan332"/>
		<rel id="sPointingRel105" xlink:href="scriptorium.1Cor_06.mark.xml#sSpan803" target="scriptorium.1Cor_06.mark.xml#sSpan781"/>
		<rel id="sPointingRel107" xlink:href="scriptorium.1Cor_06.mark.xml#sSpan680" target="scriptorium.1Cor_06.mark.xml#sSpan668"/>
		<rel id="sPointingRel109" xlink:href="scriptorium.1Cor_06.mark.xml#sSpan1134" target="scriptorium.1Cor_06.mark.xml#sSpan1130"/>
		<rel id="sPointingRel111" xlink:href="scriptorium.1Cor_06.mark.xml#sSpan1370" target="scriptorium.1Cor_06.mark.xml#sSpan1388"/>
		<rel id="sPointingRel113" xlink:href="scriptorium.1Cor_06.mark.xml#sSpan1932" target="scriptorium.1Cor_06.mark.xml#sSpan1917"/>
		<rel id="sPointingRel115" xlink:href="scriptorium.1Cor_06.mark.xml#sSpan1932" target="scriptorium.1Cor_06.mark.xml#sSpan1934"/>
		<rel id="sPointingRel117" xlink:href="scriptorium.1Cor_06.mark.xml#sSpan734" target="scriptorium.1Cor_06.mark.xml#sSpan730"/>
		<rel id="sPointingRel119" xlink:href="scriptorium.1Cor_06.mark.xml#sSpan1872" target="scriptorium.1Cor_06.mark.xml#sSpan1865"/>
		<rel id="sPointingRel121" xlink:href="scriptorium.1Cor_06.mark.xml#sSpan1789" target="scriptorium.1Cor_06.mark.xml#sSpan1785"/>
		<rel id="sPointingRel123" xlink:href="scriptorium.1Cor_06.mark.xml#sSpan1356" target="scriptorium.1Cor_06.mark.xml#sSpan1350"/>
		<rel id="sPointingRel125" xlink:href="scriptorium.1Cor_06.mark.xml#sSpan298" target="scriptorium.1Cor_06.mark.xml#sSpan294"/>
		<rel id="sPointingRel127" xlink:href="scriptorium.1Cor_06.mark.xml#sSpan870" target="scriptorium.1Cor_06.mark.xml#sSpan874"/>
		<rel id="sPointingRel129" xlink:href="scriptorium.1Cor_06.mark.xml#sSpan1723" target="scriptorium.1Cor_06.mark.xml#sSpan1726"/>
		<rel id="sPointingRel131" xlink:href="scriptorium.1Cor_06.mark.xml#sSpan592" target="scriptorium.1Cor_06.mark.xml#sSpan608"/>
		<rel id="sPointingRel133" xlink:href="scriptorium.1Cor_06.mark.xml#sSpan789" target="scriptorium.1Cor_06.mark.xml#sSpan796"/>
		<rel id="sPointingRel135" xlink:href="scriptorium.1Cor_06.mark.xml#sSpan1219" target="scriptorium.1Cor_06.mark.xml#sSpan1227"/>
		<rel id="sPointingRel137" xlink:href="scriptorium.1Cor_06.mark.xml#sSpan179" target="scriptorium.1Cor_06.mark.xml#sSpan189"/>
		<rel id="sPointingRel139" xlink:href="scriptorium.1Cor_06.mark.xml#sSpan1002" target="scriptorium.1Cor_06.mark.xml#sSpan916"/>
		<rel id="sPointingRel141" xlink:href="scriptorium.1Cor_06.mark.xml#sSpan392" target="scriptorium.1Cor_06.mark.xml#sSpan415"/>
		<rel id="sPointingRel143" xlink:href="scriptorium.1Cor_06.mark.xml#sSpan1143" target="scriptorium.1Cor_06.mark.xml#sSpan1136"/>
		<rel id="sPointingRel145" xlink:href="scriptorium.1Cor_06.mark.xml#sSpan775" target="scriptorium.1Cor_06.mark.xml#sSpan911"/>
		<rel id="sPointingRel147" xlink:href="scriptorium.1Cor_06.mark.xml#sSpan1830" target="scriptorium.1Cor_06.mark.xml#sSpan1827"/>
		<rel id="sPointingRel149" xlink:href="scriptorium.1Cor_06.mark.xml#sSpan344" target="scriptorium.1Cor_06.mark.xml#sSpan351"/>
		<rel id="sPointingRel151" xlink:href="scriptorium.1Cor_06.mark.xml#sSpan2033" target="scriptorium.1Cor_06.mark.xml#sSpan2049"/>
		<rel id="sPointingRel153" xlink:href="scriptorium.1Cor_06.mark.xml#sSpan1705" target="scriptorium.1Cor_06.mark.xml#sSpan1701"/>
		<rel id="sPointingRel155" xlink:href="scriptorium.1Cor_06.mark.xml#sSpan264" target="scriptorium.1Cor_06.mark.xml#sSpan259"/>
		<rel id="sPointingRel157" xlink:href="scriptorium.1Cor_06.mark.xml#sSpan1932" target="scriptorium.1Cor_06.mark.xml#sSpan1925"/>
		<rel id="sPointingRel159" xlink:href="scriptorium.1Cor_06.mark.xml#sSpan621" target="scriptorium.1Cor_06.mark.xml#sSpan615"/>
		<rel id="sPointingRel161" xlink:href="scriptorium.1Cor_06.mark.xml#sSpan608" target="scriptorium.1Cor_06.mark.xml#sSpan610"/>
		<rel id="sPointingRel163" xlink:href="scriptorium.1Cor_06.mark.xml#sSpan1680" target="scriptorium.1Cor_06.mark.xml#sSpan1699"/>
		<rel id="sPointingRel165" xlink:href="scriptorium.1Cor_06.mark.xml#sSpan73" target="scriptorium.1Cor_06.mark.xml#sSpan69"/>
		<rel id="sPointingRel167" xlink:href="scriptorium.1Cor_06.mark.xml#sSpan62" target="scriptorium.1Cor_06.mark.xml#sSpan73"/>
		<rel id="sPointingRel169" xlink:href="scriptorium.1Cor_06.mark.xml#sSpan1723" target="scriptorium.1Cor_06.mark.xml#sSpan1721"/>
		<rel id="sPointingRel171" xlink:href="scriptorium.1Cor_06.mark.xml#sSpan533" target="scriptorium.1Cor_06.mark.xml#sSpan530"/>
		<rel id="sPointingRel173" xlink:href="scriptorium.1Cor_06.mark.xml#sSpan315" target="scriptorium.1Cor_06.mark.xml#sSpan321"/>
		<rel id="sPointingRel175" xlink:href="scriptorium.1Cor_06.mark.xml#sSpan2009" target="scriptorium.1Cor_06.mark.xml#sSpan2003"/>
		<rel id="sPointingRel177" xlink:href="scriptorium.1Cor_06.mark.xml#sSpan1370" target="scriptorium.1Cor_06.mark.xml#sSpan1358"/>
		<rel id="sPointingRel179" xlink:href="scriptorium.1Cor_06.mark.xml#sSpan817" target="scriptorium.1Cor_06.mark.xml#sSpan813"/>
		<rel id="sPointingRel181" xlink:href="scriptorium.1Cor_06.mark.xml#sSpan1311" target="scriptorium.1Cor_06.mark.xml#sSpan1307"/>
		<rel id="sPointingRel183" xlink:href="scriptorium.1Cor_06.mark.xml#sSpan1051" target="scriptorium.1Cor_06.mark.xml#sSpan1028"/>
		<rel id="sPointingRel185" xlink:href="scriptorium.1Cor_06.mark.xml#sSpan1932" target="scriptorium.1Cor_06.mark.xml#sSpan1995"/>
		<rel id="sPointingRel187" xlink:href="scriptorium.1Cor_06.mark.xml#sSpan369" target="scriptorium.1Cor_06.mark.xml#sSpan315"/>
		<rel id="sPointingRel189" xlink:href="scriptorium.1Cor_06.mark.xml#sSpan1165" target="scriptorium.1Cor_06.mark.xml#sSpan1175"/>
		<rel id="sPointingRel191" xlink:href="scriptorium.1Cor_06.mark.xml#sSpan1587" target="scriptorium.1Cor_06.mark.xml#sSpan1585"/>
		<rel id="sPointingRel193" xlink:href="scriptorium.1Cor_06.mark.xml#sSpan132" target="scriptorium.1Cor_06.mark.xml#sSpan128"/>
		<rel id="sPointingRel195" xlink:href="scriptorium.1Cor_06.mark.xml#sSpan707" target="scriptorium.1Cor_06.mark.xml#sSpan740"/>
		<rel id="sPointingRel197" xlink:href="scriptorium.1Cor_06.mark.xml#sSpan1002" target="scriptorium.1Cor_06.mark.xml#sSpan931"/>
		<rel id="sPointingRel199" xlink:href="scriptorium.1Cor_06.mark.xml#sSpan592" target="scriptorium.1Cor_06.mark.xml#sSpan598"/>
		<rel id="sPointingRel201" xlink:href="scriptorium.1Cor_06.mark.xml#sSpan1115" target="scriptorium.1Cor_06.mark.xml#sSpan1111"/>
		<rel id="sPointingRel203" xlink:href="scriptorium.1Cor_06.mark.xml#sSpan203" target="scriptorium.1Cor_06.mark.xml#sSpan164"/>
		<rel id="sPointingRel205" xlink:href="scriptorium.1Cor_06.mark.xml#sSpan680" target="scriptorium.1Cor_06.mark.xml#sSpan678"/>
		<rel id="sPointingRel207" xlink:href="scriptorium.1Cor_06.mark.xml#sSpan392" target="scriptorium.1Cor_06.mark.xml#sSpan419"/>
		<rel id="sPointingRel209" xlink:href="scriptorium.1Cor_06.mark.xml#sSpan122" target="scriptorium.1Cor_06.mark.xml#sSpan106"/>
		<rel id="sPointingRel211" xlink:href="scriptorium.1Cor_06.mark.xml#sSpan1689" target="scriptorium.1Cor_06.mark.xml#sSpan1682"/>
		<rel id="sPointingRel213" xlink:href="scriptorium.1Cor_06.mark.xml#sSpan2009" target="scriptorium.1Cor_06.mark.xml#sSpan2013"/>
		<rel id="sPointingRel215" xlink:href="scriptorium.1Cor_06.mark.xml#sSpan775" target="scriptorium.1Cor_06.mark.xml#sSpan773"/>
		<rel id="sPointingRel217" xlink:href="scriptorium.1Cor_06.mark.xml#sSpan264" target="scriptorium.1Cor_06.mark.xml#sSpan274"/>
		<rel id="sPointingRel219" xlink:href="scriptorium.1Cor_06.mark.xml#sSpan1115" target="scriptorium.1Cor_06.mark.xml#sSpan1107"/>
		<rel id="sPointingRel221" xlink:href="scriptorium.1Cor_06.mark.xml#sSpan454" target="scriptorium.1Cor_06.mark.xml#sSpan470"/>
		<rel id="sPointingRel223" xlink:href="scriptorium.1Cor_06.mark.xml#sSpan1571" target="scriptorium.1Cor_06.mark.xml#sSpan1578"/>
		<rel id="sPointingRel225" xlink:href="scriptorium.1Cor_06.mark.xml#sSpan1022" target="scriptorium.1Cor_06.mark.xml#sSpan1015"/>
		<rel id="sPointingRel227" xlink:href="scriptorium.1Cor_06.mark.xml#sSpan775" target="scriptorium.1Cor_06.mark.xml#sSpan769"/>
		<rel id="sPointingRel229" xlink:href="scriptorium.1Cor_06.mark.xml#sSpan1946" target="scriptorium.1Cor_06.mark.xml#sSpan1966"/>
		<rel id="sPointingRel231" xlink:href="scriptorium.1Cor_06.mark.xml#sSpan419" target="scriptorium.1Cor_06.mark.xml#sSpan434"/>
		<rel id="sPointingRel233" xlink:href="scriptorium.1Cor_06.mark.xml#sSpan803" target="scriptorium.1Cor_06.mark.xml#sSpan805"/>
		<rel id="sPointingRel235" xlink:href="scriptorium.1Cor_06.mark.xml#sSpan714" target="scriptorium.1Cor_06.mark.xml#sSpan720"/>
		<rel id="sPointingRel237" xlink:href="scriptorium.1Cor_06.mark.xml#sSpan55" target="scriptorium.1Cor_06.mark.xml#sSpan53"/>
		<rel id="sPointingRel239" xlink:href="scriptorium.1Cor_06.mark.xml#sSpan216" target="scriptorium.1Cor_06.mark.xml#sSpan209"/>
		<rel id="sPointingRel241" xlink:href="scriptorium.1Cor_06.mark.xml#sSpan1434" target="scriptorium.1Cor_06.mark.xml#sSpan1441"/>
		<rel id="sPointingRel243" xlink:href="scriptorium.1Cor_06.mark.xml#sSpan2033" target="scriptorium.1Cor_06.mark.xml#sSpan2021"/>
		<rel id="sPointingRel245" xlink:href="scriptorium.1Cor_06.mark.xml#sSpan2049" target="scriptorium.1Cor_06.mark.xml#sSpan2042"/>
		<rel id="sPointingRel247" xlink:href="scriptorium.1Cor_06.mark.xml#sSpan19" target="scriptorium.1Cor_06.mark.xml#sSpan29"/>
		<rel id="sPointingRel249" xlink:href="scriptorium.1Cor_06.mark.xml#sSpan137" target="scriptorium.1Cor_06.mark.xml#sSpan135"/>
		<rel id="sPointingRel251" xlink:href="scriptorium.1Cor_06.mark.xml#sSpan1242" target="scriptorium.1Cor_06.mark.xml#sSpan1238"/>
		<rel id="sPointingRel253" xlink:href="scriptorium.1Cor_06.mark.xml#sSpan470" target="scriptorium.1Cor_06.mark.xml#sSpan463"/>
		<rel id="sPointingRel255" xlink:href="scriptorium.1Cor_06.mark.xml#sSpan1134" target="scriptorium.1Cor_06.mark.xml#sSpan1126"/>
		<rel id="sPointingRel257" xlink:href="scriptorium.1Cor_06.mark.xml#sSpan1068" target="scriptorium.1Cor_06.mark.xml#sSpan1066"/>
		<rel id="sPointingRel259" xlink:href="scriptorium.1Cor_06.mark.xml#sSpan1165" target="scriptorium.1Cor_06.mark.xml#sSpan1173"/>
		<rel id="sPointingRel261" xlink:href="scriptorium.1Cor_06.mark.xml#sSpan841" target="scriptorium.1Cor_06.mark.xml#sSpan837"/>
		<rel id="sPointingRel263" xlink:href="scriptorium.1Cor_06.mark.xml#sSpan775" target="scriptorium.1Cor_06.mark.xml#sSpan759"/>
		<rel id="sPointingRel265" xlink:href="scriptorium.1Cor_06.mark.xml#sSpan644" target="scriptorium.1Cor_06.mark.xml#sSpan646"/>
		<rel id="sPointingRel267" xlink:href="scriptorium.1Cor_06.mark.xml#sSpan1409" target="scriptorium.1Cor_06.mark.xml#sSpan1401"/>
		<rel id="sPointingRel269" xlink:href="scriptorium.1Cor_06.mark.xml#sSpan1457" target="scriptorium.1Cor_06.mark.xml#sSpan1468"/>
		<rel id="sPointingRel271" xlink:href="scriptorium.1Cor_06.mark.xml#sSpan1068" target="scriptorium.1Cor_06.mark.xml#sSpan1070"/>
		<rel id="sPointingRel273" xlink:href="scriptorium.1Cor_06.mark.xml#sSpan1645" target="scriptorium.1Cor_06.mark.xml#sSpan1651"/>
		<rel id="sPointingRel275" xlink:href="scriptorium.1Cor_06.mark.xml#sSpan332" target="scriptorium.1Cor_06.mark.xml#sSpan342"/>
		<rel id="sPointingRel277" xlink:href="scriptorium.1Cor_06.mark.xml#sSpan1606" target="scriptorium.1Cor_06.mark.xml#sSpan1661"/>
		<rel id="sPointingRel279" xlink:href="scriptorium.1Cor_06.mark.xml#sSpan592" target="scriptorium.1Cor_06.mark.xml#sSpan574"/>
		<rel id="sPointingRel281" xlink:href="scriptorium.1Cor_06.mark.xml#sSpan1165" target="scriptorium.1Cor_06.mark.xml#sSpan1267"/>
		<rel id="sPointingRel283" xlink:href="scriptorium.1Cor_06.mark.xml#sSpan1517" target="scriptorium.1Cor_06.mark.xml#sSpan1509"/>
		<rel id="sPointingRel285" xlink:href="scriptorium.1Cor_06.mark.xml#sSpan1281" target="scriptorium.1Cor_06.mark.xml#sSpan1301"/>
		<rel id="sPointingRel287" xlink:href="scriptorium.1Cor_06.mark.xml#sSpan1326" target="scriptorium.1Cor_06.mark.xml#sSpan1338"/>
		<rel id="sPointingRel289" xlink:href="scriptorium.1Cor_06.mark.xml#sSpan1925" target="scriptorium.1Cor_06.mark.xml#sSpan1921"/>
		<rel id="sPointingRel291" xlink:href="scriptorium.1Cor_06.mark.xml#sSpan392" target="scriptorium.1Cor_06.mark.xml#sSpan407"/>
		<rel id="sPointingRel293" xlink:href="scriptorium.1Cor_06.mark.xml#sSpan1301" target="scriptorium.1Cor_06.mark.xml#sSpan1311"/>
		<rel id="sPointingRel295" xlink:href="scriptorium.1Cor_06.mark.xml#sSpan841" target="scriptorium.1Cor_06.mark.xml#sSpan854"/>
		<rel id="sPointingRel297" xlink:href="scriptorium.1Cor_06.mark.xml#sSpan419" target="scriptorium.1Cor_06.mark.xml#sSpan432"/>
		<rel id="sPointingRel299" xlink:href="scriptorium.1Cor_06.mark.xml#sSpan1051" target="scriptorium.1Cor_06.mark.xml#sSpan1047"/>
		<rel id="sPointingRel301" xlink:href="scriptorium.1Cor_06.mark.xml#sSpan521" target="scriptorium.1Cor_06.mark.xml#sSpan543"/>
		<rel id="sPointingRel303" xlink:href="scriptorium.1Cor_06.mark.xml#sSpan203" target="scriptorium.1Cor_06.mark.xml#sSpan205"/>
		<rel id="sPointingRel305" xlink:href="scriptorium.1Cor_06.mark.xml#sSpan1506" target="scriptorium.1Cor_06.mark.xml#sSpan1491"/>
		<rel id="sPointingRel307" xlink:href="scriptorium.1Cor_06.mark.xml#sSpan556" target="scriptorium.1Cor_06.mark.xml#sSpan552"/>
		<rel id="sPointingRel309" xlink:href="scriptorium.1Cor_06.mark.xml#sSpan644" target="scriptorium.1Cor_06.mark.xml#sSpan680"/>
		<rel id="sPointingRel311" xlink:href="scriptorium.1Cor_06.mark.xml#sSpan1531" target="scriptorium.1Cor_06.mark.xml#sSpan1533"/>
		<rel id="sPointingRel313" xlink:href="scriptorium.1Cor_06.mark.xml#sSpan2082" target="scriptorium.1Cor_06.mark.xml#sSpan2074"/>
		<rel id="sPointingRel315" xlink:href="scriptorium.1Cor_06.mark.xml#sSpan2072" target="scriptorium.1Cor_06.mark.xml#sSpan2069"/>
		<rel id="sPointingRel317" xlink:href="scriptorium.1Cor_06.mark.xml#sSpan48" target="scriptorium.1Cor_06.mark.xml#sSpan44"/>
		<rel id="sPointingRel319" xlink:href="scriptorium.1Cor_06.mark.xml#sSpan740" target="scriptorium.1Cor_06.mark.xml#sSpan752"/>
		<rel id="sPointingRel321" xlink:href="scriptorium.1Cor_06.mark.xml#sSpan495" target="scriptorium.1Cor_06.mark.xml#sSpan492"/>
		<rel id="sPointingRel323" xlink:href="scriptorium.1Cor_06.mark.xml#sSpan775" target="scriptorium.1Cor_06.mark.xml#sSpan803"/>
		<rel id="sPointingRel325" xlink:href="scriptorium.1Cor_06.mark.xml#sSpan556" target="scriptorium.1Cor_06.mark.xml#sSpan548"/>
		<rel id="sPointingRel327" xlink:href="scriptorium.1Cor_06.mark.xml#sSpan1883" target="scriptorium.1Cor_06.mark.xml#sSpan1875"/>
		<rel id="sPointingRel329" xlink:href="scriptorium.1Cor_06.mark.xml#sSpan19" target="scriptorium.1Cor_06.mark.xml#sSpan11"/>
		<rel id="sPointingRel331" xlink:href="scriptorium.1Cor_06.mark.xml#sSpan1143" target="scriptorium.1Cor_06.mark.xml#sSpan1140"/>
		<rel id="sPointingRel333" xlink:href="scriptorium.1Cor_06.mark.xml#sSpan931" target="scriptorium.1Cor_06.mark.xml#sSpan993"/>
		<rel id="sPointingRel335" xlink:href="scriptorium.1Cor_06.mark.xml#sSpan1281" target="scriptorium.1Cor_06.mark.xml#sSpan1411"/>
		<rel id="sPointingRel337" xlink:href="scriptorium.1Cor_06.mark.xml#sSpan895" target="scriptorium.1Cor_06.mark.xml#sSpan891"/>
		<rel id="sPointingRel339" xlink:href="scriptorium.1Cor_06.mark.xml#sSpan189" target="scriptorium.1Cor_06.mark.xml#sSpan185"/>
		<rel id="sPointingRel341" xlink:href="scriptorium.1Cor_06.mark.xml#sSpan1388" target="scriptorium.1Cor_06.mark.xml#sSpan1377"/>
		<rel id="sPointingRel343" xlink:href="scriptorium.1Cor_06.mark.xml#sSpan1830" target="scriptorium.1Cor_06.mark.xml#sSpan1842"/>
		<rel id="sPointingRel345" xlink:href="scriptorium.1Cor_06.mark.xml#sSpan740" target="scriptorium.1Cor_06.mark.xml#sSpan736"/>
		<rel id="sPointingRel347" xlink:href="scriptorium.1Cor_06.mark.xml#sSpan1506" target="scriptorium.1Cor_06.mark.xml#sSpan1499"/>
		<rel id="sPointingRel349" xlink:href="scriptorium.1Cor_06.mark.xml#sSpan1699" target="scriptorium.1Cor_06.mark.xml#sSpan1705"/>
		<rel id="sPointingRel351" xlink:href="scriptorium.1Cor_06.mark.xml#sSpan1105" target="scriptorium.1Cor_06.mark.xml#sSpan1102"/>
		<rel id="sPointingRel353" xlink:href="scriptorium.1Cor_06.mark.xml#sSpan90" target="scriptorium.1Cor_06.mark.xml#sSpan82"/>
		<rel id="sPointingRel355" xlink:href="scriptorium.1Cor_06.mark.xml#sSpan2033" target="scriptorium.1Cor_06.mark.xml#sSpan2038"/>
		<rel id="sPointingRel357" xlink:href="scriptorium.1Cor_06.mark.xml#sSpan965" target="scriptorium.1Cor_06.mark.xml#sSpan956"/>
		<rel id="sPointingRel359" xlink:href="scriptorium.1Cor_06.mark.xml#sSpan1830" target="scriptorium.1Cor_06.mark.xml#sSpan1821"/>
		<rel id="sPointingRel361" xlink:href="scriptorium.1Cor_06.mark.xml#sSpan1767" target="scriptorium.1Cor_06.mark.xml#sSpan1791"/>
		<rel id="sPointingRel363" xlink:href="scriptorium.1Cor_06.mark.xml#sSpan407" target="scriptorium.1Cor_06.mark.xml#sSpan400"/>
		<rel id="sPointingRel365" xlink:href="scriptorium.1Cor_06.mark.xml#sSpan203" target="scriptorium.1Cor_06.mark.xml#sSpan179"/>
		<rel id="sPointingRel367" xlink:href="scriptorium.1Cor_06.mark.xml#sSpan870" target="scriptorium.1Cor_06.mark.xml#sSpan866"/>
		<rel id="sPointingRel369" xlink:href="scriptorium.1Cor_06.mark.xml#sSpan1506" target="scriptorium.1Cor_06.mark.xml#sSpan1519"/>
		<rel id="sPointingRel371" xlink:href="scriptorium.1Cor_06.mark.xml#sSpan132" target="scriptorium.1Cor_06.mark.xml#sSpan137"/>
		<rel id="sPointingRel373" xlink:href="scriptorium.1Cor_06.mark.xml#sSpan945" target="scriptorium.1Cor_06.mark.xml#sSpan936"/>
		<rel id="sPointingRel375" xlink:href="scriptorium.1Cor_06.mark.xml#sSpan945" target="scriptorium.1Cor_06.mark.xml#sSpan940"/>
		<rel id="sPointingRel377" xlink:href="scriptorium.1Cor_06.mark.xml#sSpan592" target="scriptorium.1Cor_06.mark.xml#sSpan579"/>
		<rel id="sPointingRel379" xlink:href="scriptorium.1Cor_06.mark.xml#sSpan1960" target="scriptorium.1Cor_06.mark.xml#sSpan1954"/>
		<rel id="sPointingRel381" xlink:href="scriptorium.1Cor_06.mark.xml#sSpan1051" target="scriptorium.1Cor_06.mark.xml#sSpan1043"/>
		<rel id="sPointingRel383" xlink:href="scriptorium.1Cor_06.mark.xml#sSpan803" target="scriptorium.1Cor_06.mark.xml#sSpan789"/>
		<rel id="sPointingRel385" xlink:href="scriptorium.1Cor_06.mark.xml#sSpan1932" target="scriptorium.1Cor_06.mark.xml#sSpan2009"/>
		<rel id="sPointingRel387" xlink:href="scriptorium.1Cor_06.mark.xml#sSpan1301" target="scriptorium.1Cor_06.mark.xml#sSpan1292"/>
		<rel id="sPointingRel389" xlink:href="scriptorium.1Cor_06.mark.xml#sSpan1767" target="scriptorium.1Cor_06.mark.xml#sSpan1891"/>
		<rel id="sPointingRel391" xlink:href="scriptorium.1Cor_06.mark.xml#sSpan644" target="scriptorium.1Cor_06.mark.xml#sSpan634"/>
		<rel id="sPointingRel393" xlink:href="scriptorium.1Cor_06.mark.xml#sSpan1068" target="scriptorium.1Cor_06.mark.xml#sSpan1062"/>
		<rel id="sPointingRel395" xlink:href="scriptorium.1Cor_06.mark.xml#sSpan1105" target="scriptorium.1Cor_06.mark.xml#sSpan1115"/>
		<rel id="sPointingRel397" xlink:href="scriptorium.1Cor_06.mark.xml#sSpan1485" target="scriptorium.1Cor_06.mark.xml#sSpan1531"/>
		<rel id="sPointingRel399" xlink:href="scriptorium.1Cor_06.mark.xml#sSpan1846" target="scriptorium.1Cor_06.mark.xml#sSpan1854"/>
		<rel id="sPointingRel401" xlink:href="scriptorium.1Cor_06.mark.xml#sSpan1661" target="scriptorium.1Cor_06.mark.xml#sSpan1665"/>
		<rel id="sPointingRel403" xlink:href="scriptorium.1Cor_06.mark.xml#sSpan1645" target="scriptorium.1Cor_06.mark.xml#sSpan1653"/>
		<rel id="sPointingRel405" xlink:href="scriptorium.1Cor_06.mark.xml#sSpan1606" target="scriptorium.1Cor_06.mark.xml#sSpan1657"/>
		<rel id="sPointingRel407" xlink:href="scriptorium.1Cor_06.mark.xml#sSpan707" target="scriptorium.1Cor_06.mark.xml#sSpan693"/>
		<rel id="sPointingRel409" xlink:href="scriptorium.1Cor_06.mark.xml#sSpan752" target="scriptorium.1Cor_06.mark.xml#sSpan745"/>
		<rel id="sPointingRel411" xlink:href="scriptorium.1Cor_06.mark.xml#sSpan1441" target="scriptorium.1Cor_06.mark.xml#sSpan1438"/>
		<rel id="sPointingRel413" xlink:href="scriptorium.1Cor_06.mark.xml#sSpan1993" target="scriptorium.1Cor_06.mark.xml#sSpan1990"/>
		<rel id="sPointingRel415" xlink:href="scriptorium.1Cor_06.mark.xml#sSpan1751" target="scriptorium.1Cor_06.mark.xml#sSpan1763"/>
		<rel id="sPointingRel417" xlink:href="scriptorium.1Cor_06.mark.xml#sSpan707" target="scriptorium.1Cor_06.mark.xml#sSpan703"/>
		<rel id="sPointingRel419" xlink:href="scriptorium.1Cor_06.mark.xml#sSpan35" target="scriptorium.1Cor_06.mark.xml#sSpan42"/>
		<rel id="sPointingRel421" xlink:href="scriptorium.1Cor_06.mark.xml#sSpan1872" target="scriptorium.1Cor_06.mark.xml#sSpan1846"/>
		<rel id="sPointingRel423" xlink:href="scriptorium.1Cor_06.mark.xml#sSpan1789" target="scriptorium.1Cor_06.mark.xml#sSpan1781"/>
		<rel id="sPointingRel425" xlink:href="scriptorium.1Cor_06.mark.xml#sSpan1830" target="scriptorium.1Cor_06.mark.xml#sSpan1825"/>
		<rel id="sPointingRel427" xlink:href="scriptorium.1Cor_06.mark.xml#sSpan1290" target="scriptorium.1Cor_06.mark.xml#sSpan1287"/>
		<rel id="sPointingRel429" xlink:href="scriptorium.1Cor_06.mark.xml#sSpan1606" target="scriptorium.1Cor_06.mark.xml#sSpan1608"/>
		<rel id="sPointingRel431" xlink:href="scriptorium.1Cor_06.mark.xml#sSpan1561" target="scriptorium.1Cor_06.mark.xml#sSpan1563"/>
		<rel id="sPointingRel433" xlink:href="scriptorium.1Cor_06.mark.xml#sSpan1606" target="scriptorium.1Cor_06.mark.xml#sSpan1645"/>
		<rel id="sPointingRel435" xlink:href="scriptorium.1Cor_06.mark.xml#sSpan1621" target="scriptorium.1Cor_06.mark.xml#sSpan1627"/>
		<rel id="sPointingRel437" xlink:href="scriptorium.1Cor_06.mark.xml#sSpan1002" target="scriptorium.1Cor_06.mark.xml#sSpan1024"/>
		<rel id="sPointingRel439" xlink:href="scriptorium.1Cor_06.mark.xml#sSpan1767" target="scriptorium.1Cor_06.mark.xml#sSpan1789"/>
		<rel id="sPointingRel441" xlink:href="scriptorium.1Cor_06.mark.xml#sSpan714" target="scriptorium.1Cor_06.mark.xml#sSpan712"/>
		<rel id="sPointingRel443" xlink:href="scriptorium.1Cor_06.mark.xml#sSpan122" target="scriptorium.1Cor_06.mark.xml#sSpan203"/>
		<rel id="sPointingRel445" xlink:href="scriptorium.1Cor_06.mark.xml#sSpan179" target="scriptorium.1Cor_06.mark.xml#sSpan168"/>
		<rel id="sPointingRel447" xlink:href="scriptorium.1Cor_06.mark.xml#sSpan1872" target="scriptorium.1Cor_06.mark.xml#sSpan1885"/>
		<rel id="sPointingRel449" xlink:href="scriptorium.1Cor_06.mark.xml#sSpan62" target="scriptorium.1Cor_06.mark.xml#sSpan57"/>
		<rel id="sPointingRel451" xlink:href="scriptorium.1Cor_06.mark.xml#sSpan953" target="scriptorium.1Cor_06.mark.xml#sSpan949"/>
		<rel id="sPointingRel453" xlink:href="scriptorium.1Cor_06.mark.xml#sSpan1301" target="scriptorium.1Cor_06.mark.xml#sSpan1296"/>
		<rel id="sPointingRel455" xlink:href="scriptorium.1Cor_06.mark.xml#sSpan1830" target="scriptorium.1Cor_06.mark.xml#sSpan1872"/>
		<rel id="sPointingRel457" xlink:href="scriptorium.1Cor_06.mark.xml#sSpan834" target="scriptorium.1Cor_06.mark.xml#sSpan829"/>
		<rel id="sPointingRel459" xlink:href="scriptorium.1Cor_06.mark.xml#sSpan392" target="scriptorium.1Cor_06.mark.xml#sSpan497"/>
		<rel id="sPointingRel461" xlink:href="scriptorium.1Cor_06.mark.xml#sSpan1637" target="scriptorium.1Cor_06.mark.xml#sSpan1633"/>
		<rel id="sPointingRel463" xlink:href="scriptorium.1Cor_06.mark.xml#sSpan1370" target="scriptorium.1Cor_06.mark.xml#sSpan1409"/>
		<rel id="sPointingRel465" xlink:href="scriptorium.1Cor_06.mark.xml#sSpan132" target="scriptorium.1Cor_06.mark.xml#sSpan139"/>
		<rel id="sPointingRel467" xlink:href="scriptorium.1Cor_06.mark.xml#sSpan608" target="scriptorium.1Cor_06.mark.xml#sSpan612"/>
		<rel id="sPointingRel469" xlink:href="scriptorium.1Cor_06.mark.xml#sSpan434" target="scriptorium.1Cor_06.mark.xml#sSpan438"/>
		<rel id="sPointingRel471" xlink:href="scriptorium.1Cor_06.mark.xml#sSpan73" target="scriptorium.1Cor_06.mark.xml#sSpan65"/>
		<rel id="sPointingRel473" xlink:href="scriptorium.1Cor_06.mark.xml#sSpan369" target="scriptorium.1Cor_06.mark.xml#sSpan374"/>
		<rel id="sPointingRel475" xlink:href="scriptorium.1Cor_06.mark.xml#sSpan486" target="scriptorium.1Cor_06.mark.xml#sSpan495"/>
		<rel id="sPointingRel477" xlink:href="scriptorium.1Cor_06.mark.xml#sSpan644" target="scriptorium.1Cor_06.mark.xml#sSpan632"/>
		<rel id="sPointingRel479" xlink:href="scriptorium.1Cor_06.mark.xml#sSpan486" target="scriptorium.1Cor_06.mark.xml#sSpan480"/>
		<rel id="sPointingRel481" xlink:href="scriptorium.1Cor_06.mark.xml#sSpan291" target="scriptorium.1Cor_06.mark.xml#sSpan298"/>
		<rel id="sPointingRel483" xlink:href="scriptorium.1Cor_06.mark.xml#sSpan543" target="scriptorium.1Cor_06.mark.xml#sSpan556"/>
		<rel id="sPointingRel485" xlink:href="scriptorium.1Cor_06.mark.xml#sSpan478" target="scriptorium.1Cor_06.mark.xml#sSpan473"/>
		<rel id="sPointingRel487" xlink:href="scriptorium.1Cor_06.mark.xml#sSpan35" target="scriptorium.1Cor_06.mark.xml#sSpan37"/>
		<rel id="sPointingRel489" xlink:href="scriptorium.1Cor_06.mark.xml#sSpan486" target="scriptorium.1Cor_06.mark.xml#sSpan484"/>
		<rel id="sPointingRel491" xlink:href="scriptorium.1Cor_06.mark.xml#sSpan158" target="scriptorium.1Cor_06.mark.xml#sSpan150"/>
		<rel id="sPointingRel493" xlink:href="scriptorium.1Cor_06.mark.xml#sSpan419" target="scriptorium.1Cor_06.mark.xml#sSpan424"/>
		<rel id="sPointingRel495" xlink:href="scriptorium.1Cor_06.mark.xml#sSpan1767" target="scriptorium.1Cor_06.mark.xml#sSpan1777"/>
		<rel id="sPointingRel497" xlink:href="scriptorium.1Cor_06.mark.xml#sSpan1587" target="scriptorium.1Cor_06.mark.xml#sSpan1581"/>
		<rel id="sPointingRel499" xlink:href="scriptorium.1Cor_06.mark.xml#sSpan2056" target="scriptorium.1Cor_06.mark.xml#sSpan2082"/>
		<rel id="sPointingRel501" xlink:href="scriptorium.1Cor_06.mark.xml#sSpan1195" target="scriptorium.1Cor_06.mark.xml#sSpan1180"/>
		<rel id="sPointingRel503" xlink:href="scriptorium.1Cor_06.mark.xml#sSpan1012" target="scriptorium.1Cor_06.mark.xml#sSpan1022"/>
		<rel id="sPointingRel505" xlink:href="scriptorium.1Cor_06.mark.xml#sSpan841" target="scriptorium.1Cor_06.mark.xml#sSpan882"/>
		<rel id="sPointingRel507" xlink:href="scriptorium.1Cor_06.mark.xml#sSpan369" target="scriptorium.1Cor_06.mark.xml#sSpan363"/>
		<rel id="sPointingRel509" xlink:href="scriptorium.1Cor_06.mark.xml#sSpan470" target="scriptorium.1Cor_06.mark.xml#sSpan459"/>
		<rel id="sPointingRel511" xlink:href="scriptorium.1Cor_06.mark.xml#sSpan680" target="scriptorium.1Cor_06.mark.xml#sSpan682"/>
		<rel id="sPointingRel513" xlink:href="scriptorium.1Cor_06.mark.xml#sSpan369" target="scriptorium.1Cor_06.mark.xml#sSpan344"/>
		<rel id="sPointingRel515" xlink:href="scriptorium.1Cor_06.mark.xml#sSpan332" target="scriptorium.1Cor_06.mark.xml#sSpan325"/>
		<rel id="sPointingRel517" xlink:href="scriptorium.1Cor_06.mark.xml#sSpan478" target="scriptorium.1Cor_06.mark.xml#sSpan486"/>
		<rel id="sPointingRel519" xlink:href="scriptorium.1Cor_06.mark.xml#sSpan1012" target="scriptorium.1Cor_06.mark.xml#sSpan1008"/>
		<rel id="sPointingRel521" xlink:href="scriptorium.1Cor_06.mark.xml#sSpan1096" target="scriptorium.1Cor_06.mark.xml#sSpan1094"/>
		<rel id="sPointingRel523" xlink:href="scriptorium.1Cor_06.mark.xml#sSpan1319" target="scriptorium.1Cor_06.mark.xml#sSpan1314"/>
		<rel id="sPointingRel525" xlink:href="scriptorium.1Cor_06.mark.xml#sSpan249" target="scriptorium.1Cor_06.mark.xml#sSpan238"/>
		<rel id="sPointingRel527" xlink:href="scriptorium.1Cor_06.mark.xml#sSpan1485" target="scriptorium.1Cor_06.mark.xml#sSpan1474"/>
		<rel id="sPointingRel529" xlink:href="scriptorium.1Cor_06.mark.xml#sSpan1051" target="scriptorium.1Cor_06.mark.xml#sSpan1038"/>
		<rel id="sPointingRel531" xlink:href="scriptorium.1Cor_06.mark.xml#sSpan1946" target="scriptorium.1Cor_06.mark.xml#sSpan1962"/>
		<rel id="sPointingRel533" xlink:href="scriptorium.1Cor_06.mark.xml#sSpan1083" target="scriptorium.1Cor_06.mark.xml#sSpan1077"/>
		<rel id="sPointingRel535" xlink:href="scriptorium.1Cor_06.mark.xml#sSpan249" target="scriptorium.1Cor_06.mark.xml#sSpan251"/>
		<rel id="sPointingRel537" xlink:href="scriptorium.1Cor_06.mark.xml#sSpan592" target="scriptorium.1Cor_06.mark.xml#sSpan688"/>
		<rel id="sPointingRel539" xlink:href="scriptorium.1Cor_06.mark.xml#sSpan1885" target="scriptorium.1Cor_06.mark.xml#sSpan1889"/>
		<rel id="sPointingRel541" xlink:href="scriptorium.1Cor_06.mark.xml#sSpan2049" target="scriptorium.1Cor_06.mark.xml#sSpan2046"/>
		<rel id="sPointingRel543" xlink:href="scriptorium.1Cor_06.mark.xml#sSpan1208" target="scriptorium.1Cor_06.mark.xml#sSpan1214"/>
		<rel id="sPointingRel545" xlink:href="scriptorium.1Cor_06.mark.xml#sSpan680" target="scriptorium.1Cor_06.mark.xml#sSpan670"/>
		<rel id="sPointingRel547" xlink:href="scriptorium.1Cor_06.mark.xml#sSpan827" target="scriptorium.1Cor_06.mark.xml#sSpan824"/>
		<rel id="sPointingRel549" xlink:href="scriptorium.1Cor_06.mark.xml#sSpan521" target="scriptorium.1Cor_06.mark.xml#sSpan502"/>
		<rel id="sPointingRel551" xlink:href="scriptorium.1Cor_06.mark.xml#sSpan1165" target="scriptorium.1Cor_06.mark.xml#sSpan1219"/>
		<rel id="sPointingRel553" xlink:href="scriptorium.1Cor_06.mark.xml#sSpan122" target="scriptorium.1Cor_06.mark.xml#sSpan124"/>
		<rel id="sPointingRel555" xlink:href="scriptorium.1Cor_06.mark.xml#sSpan284" target="scriptorium.1Cor_06.mark.xml#sSpan291"/>
		<rel id="sPointingRel557" xlink:href="scriptorium.1Cor_06.mark.xml#sSpan979" target="scriptorium.1Cor_06.mark.xml#sSpan970"/>
		<rel id="sPointingRel559" xlink:href="scriptorium.1Cor_06.mark.xml#sSpan1978" target="scriptorium.1Cor_06.mark.xml#sSpan1974"/>
		<rel id="sPointingRel561" xlink:href="scriptorium.1Cor_06.mark.xml#sSpan1105" target="scriptorium.1Cor_06.mark.xml#sSpan1098"/>
		<rel id="sPointingRel563" xlink:href="scriptorium.1Cor_06.mark.xml#sSpan1338" target="scriptorium.1Cor_06.mark.xml#sSpan1335"/>
		<rel id="sPointingRel565" xlink:href="scriptorium.1Cor_06.mark.xml#sSpan1699" target="scriptorium.1Cor_06.mark.xml#sSpan1695"/>
		<rel id="sPointingRel567" xlink:href="scriptorium.1Cor_06.mark.xml#sSpan1531" target="scriptorium.1Cor_06.mark.xml#sSpan1561"/>
		<rel id="sPointingRel569" xlink:href="scriptorium.1Cor_06.mark.xml#sSpan1606" target="scriptorium.1Cor_06.mark.xml#sSpan1604"/>
		<rel id="sPointingRel571" xlink:href="scriptorium.1Cor_06.mark.xml#sSpan817" target="scriptorium.1Cor_06.mark.xml#sSpan827"/>
		<rel id="sPointingRel573" xlink:href="scriptorium.1Cor_06.mark.xml#sSpan351" target="scriptorium.1Cor_06.mark.xml#sSpan349"/>
		<rel id="sPointingRel575" xlink:href="scriptorium.1Cor_06.mark.xml#sSpan1621" target="scriptorium.1Cor_06.mark.xml#sSpan1637"/>
		<rel id="sPointingRel577" xlink:href="scriptorium.1Cor_06.mark.xml#sSpan521" target="scriptorium.1Cor_06.mark.xml#sSpan518"/>
		<rel id="sPointingRel579" xlink:href="scriptorium.1Cor_06.mark.xml#sSpan1531" target="scriptorium.1Cor_06.mark.xml#sSpan1587"/>
		<rel id="sPointingRel581" xlink:href="scriptorium.1Cor_06.mark.xml#sSpan1545" target="scriptorium.1Cor_06.mark.xml#sSpan1555"/>
		<rel id="sPointingRel583" xlink:href="scriptorium.1Cor_06.mark.xml#sSpan1434" target="scriptorium.1Cor_06.mark.xml#sSpan1427"/>
		<rel id="sPointingRel585" xlink:href="scriptorium.1Cor_06.mark.xml#sSpan1911" target="scriptorium.1Cor_06.mark.xml#sSpan2017"/>
		<rel id="sPointingRel587" xlink:href="scriptorium.1Cor_06.mark.xml#sSpan612" target="scriptorium.1Cor_06.mark.xml#sSpan621"/>
		<rel id="sPointingRel589" xlink:href="scriptorium.1Cor_06.mark.xml#sSpan1105" target="scriptorium.1Cor_06.mark.xml#sSpan1134"/>
		<rel id="sPointingRel591" xlink:href="scriptorium.1Cor_06.mark.xml#sSpan19" target="scriptorium.1Cor_06.mark.xml#sSpan1"/>
		<rel id="sPointingRel593" xlink:href="scriptorium.1Cor_06.mark.xml#sSpan1645" target="scriptorium.1Cor_06.mark.xml#sSpan1612"/>
		<rel id="sPointingRel595" xlink:href="scriptorium.1Cor_06.mark.xml#sSpan132" target="scriptorium.1Cor_06.mark.xml#sSpan148"/>
		<rel id="sPointingRel597" xlink:href="scriptorium.1Cor_06.mark.xml#sSpan19" target="scriptorium.1Cor_06.mark.xml#sSpan62"/>
		<rel id="sPointingRel599" xlink:href="scriptorium.1Cor_06.mark.xml#sSpan90" target="scriptorium.1Cor_06.mark.xml#sSpan95"/>
		<rel id="sPointingRel601" xlink:href="scriptorium.1Cor_06.mark.xml#sSpan592" target="scriptorium.1Cor_06.mark.xml#sSpan644"/>
		<rel id="sPointingRel603" xlink:href="scriptorium.1Cor_06.mark.xml#sSpan284" target="scriptorium.1Cor_06.mark.xml#sSpan280"/>
		<rel id="sPointingRel605" xlink:href="scriptorium.1Cor_06.mark.xml#sSpan1434" target="scriptorium.1Cor_06.mark.xml#sSpan1415"/>
		<rel id="sPointingRel607" xlink:href="scriptorium.1Cor_06.mark.xml#sSpan1606" target="scriptorium.1Cor_06.mark.xml#sSpan1600"/>
		<rel id="sPointingRel609" xlink:href="scriptorium.1Cor_06.mark.xml#sSpan1689" target="scriptorium.1Cor_06.mark.xml#sSpan1686"/>
		<rel id="sPointingRel611" xlink:href="scriptorium.1Cor_06.mark.xml#sSpan1051" target="scriptorium.1Cor_06.mark.xml#sSpan1053"/>
		<rel id="sPointingRel613" xlink:href="scriptorium.1Cor_06.mark.xml#sSpan775" target="scriptorium.1Cor_06.mark.xml#sSpan777"/>
		<rel id="sPointingRel615" xlink:href="scriptorium.1Cor_06.mark.xml#sSpan827" target="scriptorium.1Cor_06.mark.xml#sSpan820"/>
		<rel id="sPointingRel617" xlink:href="scriptorium.1Cor_06.mark.xml#sSpan55" target="scriptorium.1Cor_06.mark.xml#sSpan51"/>
		<rel id="sPointingRel619" xlink:href="scriptorium.1Cor_06.mark.xml#sSpan274" target="scriptorium.1Cor_06.mark.xml#sSpan266"/>
		<rel id="sPointingRel621" xlink:href="scriptorium.1Cor_06.mark.xml#sSpan1723" target="scriptorium.1Cor_06.mark.xml#sSpan1743"/>
		<rel id="sPointingRel623" xlink:href="scriptorium.1Cor_06.mark.xml#sSpan1661" target="scriptorium.1Cor_06.mark.xml#sSpan1680"/>
		<rel id="sPointingRel625" xlink:href="scriptorium.1Cor_06.mark.xml#sSpan1051" target="scriptorium.1Cor_06.mark.xml#sSpan1145"/>
		<rel id="sPointingRel627" xlink:href="scriptorium.1Cor_06.mark.xml#sSpan2033" target="scriptorium.1Cor_06.mark.xml#sSpan2031"/>
		<rel id="sPointingRel629" xlink:href="scriptorium.1Cor_06.mark.xml#sSpan841" target="scriptorium.1Cor_06.mark.xml#sSpan895"/>
		<rel id="sPointingRel631" xlink:href="scriptorium.1Cor_06.mark.xml#sSpan1051" target="scriptorium.1Cor_06.mark.xml#sSpan1096"/>
		<rel id="sPointingRel633" xlink:href="scriptorium.1Cor_06.mark.xml#sSpan1680" target="scriptorium.1Cor_06.mark.xml#sSpan1678"/>
		<rel id="sPointingRel635" xlink:href="scriptorium.1Cor_06.mark.xml#sSpan1002" target="scriptorium.1Cor_06.mark.xml#sSpan997"/>
		<rel id="sPointingRel637" xlink:href="scriptorium.1Cor_06.mark.xml#sSpan1468" target="scriptorium.1Cor_06.mark.xml#sSpan1465"/>
		<rel id="sPointingRel639" xlink:href="scriptorium.1Cor_06.mark.xml#sSpan222" target="scriptorium.1Cor_06.mark.xml#sSpan230"/>
		<rel id="sPointingRel641" xlink:href="scriptorium.1Cor_06.mark.xml#sSpan1083" target="scriptorium.1Cor_06.mark.xml#sSpan1081"/>
		<rel id="sPointingRel643" xlink:href="scriptorium.1Cor_06.mark.xml#sSpan979" target="scriptorium.1Cor_06.mark.xml#sSpan974"/>
		<rel id="sPointingRel645" xlink:href="scriptorium.1Cor_06.mark.xml#sSpan882" target="scriptorium.1Cor_06.mark.xml#sSpan887"/>
		<rel id="sPointingRel647" xlink:href="scriptorium.1Cor_06.mark.xml#sSpan1195" target="scriptorium.1Cor_06.mark.xml#sSpan1200"/>
		<rel id="sPointingRel649" xlink:href="scriptorium.1Cor_06.mark.xml#sSpan1606" target="scriptorium.1Cor_06.mark.xml#sSpan1707"/>
		<rel id="sPointingRel651" xlink:href="scriptorium.1Cor_06.mark.xml#sSpan834" target="scriptorium.1Cor_06.mark.xml#sSpan841"/>
		<rel id="sPointingRel653" xlink:href="scriptorium.1Cor_06.mark.xml#sSpan882" target="scriptorium.1Cor_06.mark.xml#sSpan878"/>
		<rel id="sPointingRel655" xlink:href="scriptorium.1Cor_06.mark.xml#sSpan222" target="scriptorium.1Cor_06.mark.xml#sSpan218"/>
		<rel id="sPointingRel657" xlink:href="scriptorium.1Cor_06.mark.xml#sSpan592" target="scriptorium.1Cor_06.mark.xml#sSpan623"/>
		<rel id="sPointingRel659" xlink:href="scriptorium.1Cor_06.mark.xml#sSpan644" target="scriptorium.1Cor_06.mark.xml#sSpan642"/>
		<rel id="sPointingRel661" xlink:href="scriptorium.1Cor_06.mark.xml#sSpan470" target="scriptorium.1Cor_06.mark.xml#sSpan465"/>
		<rel id="sPointingRel663" xlink:href="scriptorium.1Cor_06.mark.xml#sSpan644" target="scriptorium.1Cor_06.mark.xml#sSpan638"/>
		<rel id="sPointingRel665" xlink:href="scriptorium.1Cor_06.mark.xml#sSpan19" target="scriptorium.1Cor_06.mark.xml#sSpan14"/>
		<rel id="sPointingRel667" xlink:href="scriptorium.1Cor_06.mark.xml#sSpan230" target="scriptorium.1Cor_06.mark.xml#sSpan225"/>
		<rel id="sPointingRel669" xlink:href="scriptorium.1Cor_06.mark.xml#sSpan122" target="scriptorium.1Cor_06.mark.xml#sSpan234"/>
		<rel id="sPointingRel671" xlink:href="scriptorium.1Cor_06.mark.xml#sSpan521" target="scriptorium.1Cor_06.mark.xml#sSpan535"/>
		<rel id="sPointingRel673" xlink:href="scriptorium.1Cor_06.mark.xml#sSpan1096" target="scriptorium.1Cor_06.mark.xml#sSpan1090"/>
		<rel id="sPointingRel675" xlink:href="scriptorium.1Cor_06.mark.xml#sSpan1506" target="scriptorium.1Cor_06.mark.xml#sSpan1501"/>
		<rel id="sPointingRel677" xlink:href="scriptorium.1Cor_06.mark.xml#sSpan407" target="scriptorium.1Cor_06.mark.xml#sSpan404"/>
		<rel id="sPointingRel679" xlink:href="scriptorium.1Cor_06.mark.xml#sSpan2056" target="scriptorium.1Cor_06.mark.xml#sSpan2061"/>
		<rel id="sPointingRel681" xlink:href="scriptorium.1Cor_06.mark.xml#sSpan1680" target="scriptorium.1Cor_06.mark.xml#sSpan1689"/>
		<rel id="sPointingRel683" xlink:href="scriptorium.1Cor_06.mark.xml#sSpan1195" target="scriptorium.1Cor_06.mark.xml#sSpan1184"/>
		<rel id="sPointingRel685" xlink:href="scriptorium.1Cor_06.mark.xml#sSpan1911" target="scriptorium.1Cor_06.mark.xml#sSpan1913"/>
		<rel id="sPointingRel687" xlink:href="scriptorium.1Cor_06.mark.xml#sSpan284" target="scriptorium.1Cor_06.mark.xml#sSpan276"/>
		<rel id="sPointingRel689" xlink:href="scriptorium.1Cor_06.mark.xml#sSpan1409" target="scriptorium.1Cor_06.mark.xml#sSpan1399"/>
		<rel id="sPointingRel691" xlink:href="scriptorium.1Cor_06.mark.xml#sSpan392" target="scriptorium.1Cor_06.mark.xml#sSpan390"/>
		<rel id="sPointingRel693" xlink:href="scriptorium.1Cor_06.mark.xml#sSpan1932" target="scriptorium.1Cor_06.mark.xml#sSpan1927"/>
		<rel id="sPointingRel695" xlink:href="scriptorium.1Cor_06.mark.xml#sSpan734" target="scriptorium.1Cor_06.mark.xml#sSpan726"/>
		<rel id="sPointingRel697" xlink:href="scriptorium.1Cor_06.mark.xml#sSpan369" target="scriptorium.1Cor_06.mark.xml#sSpan376"/>
		<rel id="sPointingRel699" xlink:href="scriptorium.1Cor_06.mark.xml#sSpan1767" target="scriptorium.1Cor_06.mark.xml#sSpan1830"/>
		<rel id="sPointingRel701" xlink:href="scriptorium.1Cor_06.mark.xml#sSpan1817" target="scriptorium.1Cor_06.mark.xml#sSpan1813"/>
		<rel id="sPointingRel703" xlink:href="scriptorium.1Cor_06.mark.xml#sSpan543" target="scriptorium.1Cor_06.mark.xml#sSpan539"/>
		<rel id="sPointingRel705" xlink:href="scriptorium.1Cor_06.mark.xml#sSpan1290" target="scriptorium.1Cor_06.mark.xml#sSpan1283"/>
		<rel id="sPointingRel707" xlink:href="scriptorium.1Cor_06.mark.xml#sSpan470" target="scriptorium.1Cor_06.mark.xml#sSpan467"/>
		<rel id="sPointingRel709" xlink:href="scriptorium.1Cor_06.mark.xml#sSpan1281" target="scriptorium.1Cor_06.mark.xml#sSpan1290"/>
		<rel id="sPointingRel711" xlink:href="scriptorium.1Cor_06.mark.xml#sSpan720" target="scriptorium.1Cor_06.mark.xml#sSpan716"/>
		<rel id="sPointingRel713" xlink:href="scriptorium.1Cor_06.mark.xml#sSpan1457" target="scriptorium.1Cor_06.mark.xml#sSpan1447"/>
		<rel id="sPointingRel715" xlink:href="scriptorium.1Cor_06.mark.xml#sSpan1346" target="scriptorium.1Cor_06.mark.xml#sSpan1322"/>
		<rel id="sPointingRel717" xlink:href="scriptorium.1Cor_06.mark.xml#sSpan1661" target="scriptorium.1Cor_06.mark.xml#sSpan1668"/>
		<rel id="sPointingRel719" xlink:href="scriptorium.1Cor_06.mark.xml#sSpan398" target="scriptorium.1Cor_06.mark.xml#sSpan394"/>
		<rel id="sPointingRel721" xlink:href="scriptorium.1Cor_06.mark.xml#sSpan351" target="scriptorium.1Cor_06.mark.xml#sSpan361"/>
		<rel id="sPointingRel723" xlink:href="scriptorium.1Cor_06.mark.xml#sSpan1645" target="scriptorium.1Cor_06.mark.xml#sSpan1639"/>
		<rel id="sPointingRel725" xlink:href="scriptorium.1Cor_06.mark.xml#sSpan1946" target="scriptorium.1Cor_06.mark.xml#sSpan1942"/>
		<rel id="sPointingRel727" xlink:href="scriptorium.1Cor_06.mark.xml#sSpan1165" target="scriptorium.1Cor_06.mark.xml#sSpan1195"/>
		<rel id="sPointingRel729" xlink:href="scriptorium.1Cor_06.mark.xml#sSpan632" target="scriptorium.1Cor_06.mark.xml#sSpan627"/>
		<rel id="sPointingRel731" xlink:href="scriptorium.1Cor_06.mark.xml#sSpan1485" target="scriptorium.1Cor_06.mark.xml#sSpan1487"/>
		<rel id="sPointingRel733" xlink:href="scriptorium.1Cor_06.mark.xml#sSpan1258" target="scriptorium.1Cor_06.mark.xml#sSpan1265"/>
		<rel id="sPointingRel735" xlink:href="scriptorium.1Cor_06.mark.xml#sSpan775" target="scriptorium.1Cor_06.mark.xml#sSpan834"/>
		<rel id="sPointingRel737" xlink:href="scriptorium.1Cor_06.mark.xml#sSpan264" target="scriptorium.1Cor_06.mark.xml#sSpan284"/>
		<rel id="sPointingRel739" xlink:href="scriptorium.1Cor_06.mark.xml#sSpan1258" target="scriptorium.1Cor_06.mark.xml#sSpan1253"/>
		<rel id="sPointingRel741" xlink:href="scriptorium.1Cor_06.mark.xml#sSpan189" target="scriptorium.1Cor_06.mark.xml#sSpan181"/>
		<rel id="sPointingRel743" xlink:href="scriptorium.1Cor_06.mark.xml#sSpan608" target="scriptorium.1Cor_06.mark.xml#sSpan604"/>
		<rel id="sPointingRel745" xlink:href="scriptorium.1Cor_06.mark.xml#sSpan895" target="scriptorium.1Cor_06.mark.xml#sSpan900"/>
		<rel id="sPointingRel747" xlink:href="scriptorium.1Cor_06.mark.xml#sSpan1242" target="scriptorium.1Cor_06.mark.xml#sSpan1234"/>
		<rel id="sPointingRel749" xlink:href="scriptorium.1Cor_06.mark.xml#sSpan179" target="scriptorium.1Cor_06.mark.xml#sSpan195"/>
		<rel id="sPointingRel751" xlink:href="scriptorium.1Cor_06.mark.xml#sSpan854" target="scriptorium.1Cor_06.mark.xml#sSpan850"/>
		<rel id="sPointingRel753" xlink:href="scriptorium.1Cor_06.mark.xml#sSpan2072" target="scriptorium.1Cor_06.mark.xml#sSpan2065"/>
		<rel id="sPointingRel755" xlink:href="scriptorium.1Cor_06.mark.xml#sSpan1468" target="scriptorium.1Cor_06.mark.xml#sSpan1461"/>
		<rel id="sPointingRel757" xlink:href="scriptorium.1Cor_06.mark.xml#sSpan965" target="scriptorium.1Cor_06.mark.xml#sSpan960"/>
		<rel id="sPointingRel759" xlink:href="scriptorium.1Cor_06.mark.xml#sSpan945" target="scriptorium.1Cor_06.mark.xml#sSpan953"/>
		<rel id="sPointingRel761" xlink:href="scriptorium.1Cor_06.mark.xml#sSpan1051" target="scriptorium.1Cor_06.mark.xml#sSpan1068"/>
		<rel id="sPointingRel763" xlink:href="scriptorium.1Cor_06.mark.xml#sSpan1946" target="scriptorium.1Cor_06.mark.xml#sSpan1938"/>
		<rel id="sPointingRel765" xlink:href="scriptorium.1Cor_06.mark.xml#sSpan680" target="scriptorium.1Cor_06.mark.xml#sSpan674"/>
		<rel id="sPointingRel767" xlink:href="scriptorium.1Cor_06.mark.xml#sSpan315" target="scriptorium.1Cor_06.mark.xml#sSpan304"/>
		<rel id="sPointingRel769" xlink:href="scriptorium.1Cor_06.mark.xml#sSpan315" target="scriptorium.1Cor_06.mark.xml#sSpan319"/>
		<rel id="sPointingRel771" xlink:href="scriptorium.1Cor_06.mark.xml#sSpan122" target="scriptorium.1Cor_06.mark.xml#sSpan120"/>
		<rel id="sPointingRel773" xlink:href="scriptorium.1Cor_06.mark.xml#sSpan1051" target="scriptorium.1Cor_06.mark.xml#sSpan1083"/>
		<rel id="sPointingRel775" xlink:href="scriptorium.1Cor_06.mark.xml#sSpan264" target="scriptorium.1Cor_06.mark.xml#sSpan261"/>
		<rel id="sPointingRel777" xlink:href="scriptorium.1Cor_06.mark.xml#sSpan1434" target="scriptorium.1Cor_06.mark.xml#sSpan1430"/>
		<rel id="sPointingRel779" xlink:href="scriptorium.1Cor_06.mark.xml#sSpan1022" target="scriptorium.1Cor_06.mark.xml#sSpan1019"/>
		<rel id="sPointingRel781" xlink:href="scriptorium.1Cor_06.mark.xml#sSpan452" target="scriptorium.1Cor_06.mark.xml#sSpan448"/>
		<rel id="sPointingRel783" xlink:href="scriptorium.1Cor_06.mark.xml#sSpan1370" target="scriptorium.1Cor_06.mark.xml#sSpan1372"/>
		<rel id="sPointingRel785" xlink:href="scriptorium.1Cor_06.mark.xml#sSpan518" target="scriptorium.1Cor_06.mark.xml#sSpan515"/>
		<rel id="sPointingRel787" xlink:href="scriptorium.1Cor_06.mark.xml#sSpan1978" target="scriptorium.1Cor_06.mark.xml#sSpan1976"/>
		<rel id="sPointingRel789" xlink:href="scriptorium.1Cor_06.mark.xml#sSpan122" target="scriptorium.1Cor_06.mark.xml#sSpan116"/>
		<rel id="sPointingRel791" xlink:href="scriptorium.1Cor_06.mark.xml#sSpan1872" target="scriptorium.1Cor_06.mark.xml#sSpan1883"/>
		<rel id="sPointingRel793" xlink:href="scriptorium.1Cor_06.mark.xml#sSpan249" target="scriptorium.1Cor_06.mark.xml#sSpan264"/>
		<rel id="sPointingRel795" xlink:href="scriptorium.1Cor_06.mark.xml#sSpan1645" target="scriptorium.1Cor_06.mark.xml#sSpan1616"/>
		<rel id="sPointingRel797" xlink:href="scriptorium.1Cor_06.mark.xml#sSpan1561" target="scriptorium.1Cor_06.mark.xml#sSpan1571"/>
		<rel id="sPointingRel799" xlink:href="scriptorium.1Cor_06.mark.xml#sSpan2033" target="scriptorium.1Cor_06.mark.xml#sSpan2084"/>
		<rel id="sPointingRel801" xlink:href="scriptorium.1Cor_06.mark.xml#sSpan1911" target="scriptorium.1Cor_06.mark.xml#sSpan1932"/>
		<rel id="sPointingRel803" xlink:href="scriptorium.1Cor_06.mark.xml#sSpan1952" target="scriptorium.1Cor_06.mark.xml#sSpan1948"/>
		<rel id="sPointingRel805" xlink:href="scriptorium.1Cor_06.mark.xml#sSpan1134" target="scriptorium.1Cor_06.mark.xml#sSpan1122"/>
		<rel id="sPointingRel807" xlink:href="scriptorium.1Cor_06.mark.xml#sSpan1680" target="scriptorium.1Cor_06.mark.xml#sSpan1676"/>
		<rel id="sPointingRel809" xlink:href="scriptorium.1Cor_06.mark.xml#sSpan1978" target="scriptorium.1Cor_06.mark.xml#sSpan1980"/>
		<rel id="sPointingRel811" xlink:href="scriptorium.1Cor_06.mark.xml#sSpan1545" target="scriptorium.1Cor_06.mark.xml#sSpan1541"/>
		<rel id="sPointingRel813" xlink:href="scriptorium.1Cor_06.mark.xml#sSpan291" target="scriptorium.1Cor_06.mark.xml#sSpan287"/>
		<rel id="sPointingRel815" xlink:href="scriptorium.1Cor_06.mark.xml#sSpan1096" target="scriptorium.1Cor_06.mark.xml#sSpan1105"/>
		<rel id="sPointingRel817" xlink:href="scriptorium.1Cor_06.mark.xml#sSpan1311" target="scriptorium.1Cor_06.mark.xml#sSpan1303"/>
		<rel id="sPointingRel819" xlink:href="scriptorium.1Cor_06.mark.xml#sSpan42" target="scriptorium.1Cor_06.mark.xml#sSpan39"/>
		<rel id="sPointingRel821" xlink:href="scriptorium.1Cor_06.mark.xml#sSpan1499" target="scriptorium.1Cor_06.mark.xml#sSpan1495"/>
		<rel id="sPointingRel823" xlink:href="scriptorium.1Cor_06.mark.xml#sSpan407" target="scriptorium.1Cor_06.mark.xml#sSpan413"/>
		<rel id="sPointingRel825" xlink:href="scriptorium.1Cor_06.mark.xml#sSpan1346" target="scriptorium.1Cor_06.mark.xml#sSpan1348"/>
		<rel id="sPointingRel827" xlink:href="scriptorium.1Cor_06.mark.xml#sSpan1457" target="scriptorium.1Cor_06.mark.xml#sSpan1451"/>
		<rel id="sPointingRel829" xlink:href="scriptorium.1Cor_06.mark.xml#sSpan521" target="scriptorium.1Cor_06.mark.xml#sSpan533"/>
		<rel id="sPointingRel831" xlink:href="scriptorium.1Cor_06.mark.xml#sSpan1184" target="scriptorium.1Cor_06.mark.xml#sSpan1190"/>
		<rel id="sPointingRel833" xlink:href="scriptorium.1Cor_06.mark.xml#sSpan1993" target="scriptorium.1Cor_06.mark.xml#sSpan1986"/>
		<rel id="sPointingRel835" xlink:href="scriptorium.1Cor_06.mark.xml#sSpan1606" target="scriptorium.1Cor_06.mark.xml#sSpan1590"/>
		<rel id="sPointingRel837" xlink:href="scriptorium.1Cor_06.mark.xml#sSpan148" target="scriptorium.1Cor_06.mark.xml#sSpan143"/>
		<rel id="sPointingRel839" xlink:href="scriptorium.1Cor_06.mark.xml#sSpan841" target="scriptorium.1Cor_06.mark.xml#sSpan870"/>
		<rel id="sPointingRel841" xlink:href="scriptorium.1Cor_06.mark.xml#sSpan2082" target="scriptorium.1Cor_06.mark.xml#sSpan2078"/>
		<rel id="sPointingRel843" xlink:href="scriptorium.1Cor_06.mark.xml#sSpan680" target="scriptorium.1Cor_06.mark.xml#sSpan684"/>
		<rel id="sPointingRel845" xlink:href="scriptorium.1Cor_06.mark.xml#sSpan249" target="scriptorium.1Cor_06.mark.xml#sSpan247"/>
		<rel id="sPointingRel847" xlink:href="scriptorium.1Cor_06.mark.xml#sSpan1811" target="scriptorium.1Cor_06.mark.xml#sSpan1808"/>
		<rel id="sPointingRel849" xlink:href="scriptorium.1Cor_06.mark.xml#sSpan432" target="scriptorium.1Cor_06.mark.xml#sSpan428"/>
		<rel id="sPointingRel851" xlink:href="scriptorium.1Cor_06.mark.xml#sSpan203" target="scriptorium.1Cor_06.mark.xml#sSpan197"/>
		<rel id="sPointingRel853" xlink:href="scriptorium.1Cor_06.mark.xml#sSpan2009" target="scriptorium.1Cor_06.mark.xml#sSpan2007"/>
		<rel id="sPointingRel855" xlink:href="scriptorium.1Cor_06.mark.xml#sSpan1517" target="scriptorium.1Cor_06.mark.xml#sSpan1513"/>
		<rel id="sPointingRel857" xlink:href="scriptorium.1Cor_06.mark.xml#sSpan1711" target="scriptorium.1Cor_06.mark.xml#sSpan1723"/>
		<rel id="sPointingRel859" xlink:href="scriptorium.1Cor_06.mark.xml#sSpan521" target="scriptorium.1Cor_06.mark.xml#sSpan511"/>
		<rel id="sPointingRel861" xlink:href="scriptorium.1Cor_06.mark.xml#sSpan1616" target="scriptorium.1Cor_06.mark.xml#sSpan1621"/>
		<rel id="sPointingRel863" xlink:href="scriptorium.1Cor_06.mark.xml#sSpan1734" target="scriptorium.1Cor_06.mark.xml#sSpan1730"/>
		<rel id="sPointingRel865" xlink:href="scriptorium.1Cor_06.mark.xml#sSpan1370" target="scriptorium.1Cor_06.mark.xml#sSpan1362"/>
		<rel id="sPointingRel867" xlink:href="scriptorium.1Cor_06.mark.xml#sSpan1346" target="scriptorium.1Cor_06.mark.xml#sSpan1326"/>
		<rel id="sPointingRel869" xlink:href="scriptorium.1Cor_06.mark.xml#sSpan42" target="scriptorium.1Cor_06.mark.xml#sSpan48"/>
		<rel id="sPointingRel871" xlink:href="scriptorium.1Cor_06.mark.xml#sSpan1149" target="scriptorium.1Cor_06.mark.xml#sSpan1160"/>
		<rel id="sPointingRel873" xlink:href="scriptorium.1Cor_06.mark.xml#sSpan1002" target="scriptorium.1Cor_06.mark.xml#sSpan1012"/>
		<rel id="sPointingRel875" xlink:href="scriptorium.1Cor_06.mark.xml#sSpan1370" target="scriptorium.1Cor_06.mark.xml#sSpan1356"/>
		<rel id="sPointingRel877" xlink:href="scriptorium.1Cor_06.mark.xml#sSpan803" target="scriptorium.1Cor_06.mark.xml#sSpan798"/>
		<rel id="sPointingRel879" xlink:href="scriptorium.1Cor_06.mark.xml#sSpan1068" target="scriptorium.1Cor_06.mark.xml#sSpan1058"/>
		<rel id="sPointingRel881" xlink:href="scriptorium.1Cor_06.mark.xml#sSpan1723" target="scriptorium.1Cor_06.mark.xml#sSpan1734"/>
		<rel id="sPointingRel883" xlink:href="scriptorium.1Cor_06.mark.xml#sSpan1621" target="scriptorium.1Cor_06.mark.xml#sSpan1619"/>
		<rel id="sPointingRel885" xlink:href="scriptorium.1Cor_06.mark.xml#sSpan434" target="scriptorium.1Cor_06.mark.xml#sSpan454"/>
		<rel id="sPointingRel887" xlink:href="scriptorium.1Cor_06.mark.xml#sSpan521" target="scriptorium.1Cor_06.mark.xml#sSpan558"/>
		<rel id="sPointingRel889" xlink:href="scriptorium.1Cor_06.mark.xml#sSpan817" target="scriptorium.1Cor_06.mark.xml#sSpan809"/>
		<rel id="sPointingRel891" xlink:href="scriptorium.1Cor_06.mark.xml#sSpan598" target="scriptorium.1Cor_06.mark.xml#sSpan594"/>
		<rel id="sPointingRel893" xlink:href="scriptorium.1Cor_06.mark.xml#sSpan73" target="scriptorium.1Cor_06.mark.xml#sSpan90"/>
		<rel id="sPointingRel895" xlink:href="scriptorium.1Cor_06.mark.xml#sSpan73" target="scriptorium.1Cor_06.mark.xml#sSpan80"/>
		<rel id="sPointingRel897" xlink:href="scriptorium.1Cor_06.mark.xml#sSpan1115" target="scriptorium.1Cor_06.mark.xml#sSpan1118"/>
		<rel id="sPointingRel899" xlink:href="scriptorium.1Cor_06.mark.xml#sSpan1096" target="scriptorium.1Cor_06.mark.xml#sSpan1086"/>
		<rel id="sPointingRel901" xlink:href="scriptorium.1Cor_06.mark.xml#sSpan495" target="scriptorium.1Cor_06.mark.xml#sSpan488"/>
		<rel id="sPointingRel903" xlink:href="scriptorium.1Cor_06.mark.xml#sSpan1946" target="scriptorium.1Cor_06.mark.xml#sSpan1960"/>
		<rel id="sPointingRel905" xlink:href="scriptorium.1Cor_06.mark.xml#sSpan1751" target="scriptorium.1Cor_06.mark.xml#sSpan1711"/>
		<rel id="sPointingRel907" xlink:href="scriptorium.1Cor_06.mark.xml#sSpan1173" target="scriptorium.1Cor_06.mark.xml#sSpan1169"/>
		<rel id="sPointingRel909" xlink:href="scriptorium.1Cor_06.mark.xml#sSpan1751" target="scriptorium.1Cor_06.mark.xml#sSpan1757"/>
		<rel id="sPointingRel911" xlink:href="scriptorium.1Cor_06.mark.xml#sSpan1817" target="scriptorium.1Cor_06.mark.xml#sSpan1804"/>
		<rel id="sPointingRel913" xlink:href="scriptorium.1Cor_06.mark.xml#sSpan249" target="scriptorium.1Cor_06.mark.xml#sSpan300"/>
		<rel id="sPointingRel915" xlink:href="scriptorium.1Cor_06.mark.xml#sSpan1134" target="scriptorium.1Cor_06.mark.xml#sSpan1143"/>
		<rel id="sPointingRel917" xlink:href="scriptorium.1Cor_06.mark.xml#sSpan1346" target="scriptorium.1Cor_06.mark.xml#sSpan1340"/>
		<rel id="sPointingRel919" xlink:href="scriptorium.1Cor_06.mark.xml#sSpan1795" target="scriptorium.1Cor_06.mark.xml#sSpan1800"/>
		<rel id="sPointingRel921" xlink:href="scriptorium.1Cor_06.mark.xml#sSpan900" target="scriptorium.1Cor_06.mark.xml#sSpan908"/>
		<rel id="sPointingRel923" xlink:href="scriptorium.1Cor_06.mark.xml#sSpan1242" target="scriptorium.1Cor_06.mark.xml#sSpan1240"/>
		<rel id="sPointingRel925" xlink:href="scriptorium.1Cor_06.mark.xml#sSpan1578" target="scriptorium.1Cor_06.mark.xml#sSpan1573"/>
		<rel id="sPointingRel927" xlink:href="scriptorium.1Cor_06.mark.xml#sSpan122" target="scriptorium.1Cor_06.mark.xml#sSpan160"/>
		<rel id="sPointingRel929" xlink:href="scriptorium.1Cor_06.mark.xml#sSpan1457" target="scriptorium.1Cor_06.mark.xml#sSpan1459"/>
		<rel id="sPointingRel931" xlink:href="scriptorium.1Cor_06.mark.xml#sSpan1399" target="scriptorium.1Cor_06.mark.xml#sSpan1394"/>
		<rel id="sPointingRel933" xlink:href="scriptorium.1Cor_06.mark.xml#sSpan195" target="scriptorium.1Cor_06.mark.xml#sSpan191"/>
		<rel id="sPointingRel935" xlink:href="scriptorium.1Cor_06.mark.xml#sSpan434" target="scriptorium.1Cor_06.mark.xml#sSpan452"/>
		<rel id="sPointingRel937" xlink:href="scriptorium.1Cor_06.mark.xml#sSpan1743" target="scriptorium.1Cor_06.mark.xml#sSpan1740"/>
		<rel id="sPointingRel939" xlink:href="scriptorium.1Cor_06.mark.xml#sSpan621" target="scriptorium.1Cor_06.mark.xml#sSpan619"/>
		<rel id="sPointingRel941" xlink:href="scriptorium.1Cor_06.mark.xml#sSpan592" target="scriptorium.1Cor_06.mark.xml#sSpan600"/>
		<rel id="sPointingRel943" xlink:href="scriptorium.1Cor_06.mark.xml#sSpan179" target="scriptorium.1Cor_06.mark.xml#sSpan174"/>
		<rel id="sPointingRel945" xlink:href="scriptorium.1Cor_06.mark.xml#sSpan158" target="scriptorium.1Cor_06.mark.xml#sSpan154"/>
		<rel id="sPointingRel947" xlink:href="scriptorium.1Cor_06.mark.xml#sSpan1388" target="scriptorium.1Cor_06.mark.xml#sSpan1381"/>
		<rel id="sPointingRel949" xlink:href="scriptorium.1Cor_06.mark.xml#sSpan179" target="scriptorium.1Cor_06.mark.xml#sSpan172"/>
		<rel id="sPointingRel951" xlink:href="scriptorium.1Cor_06.mark.xml#sSpan2009" target="scriptorium.1Cor_06.mark.xml#sSpan1999"/>
		<rel id="sPointingRel953" xlink:href="scriptorium.1Cor_06.mark.xml#sSpan80" target="scriptorium.1Cor_06.mark.xml#sSpan76"/>
		<rel id="sPointingRel955" xlink:href="scriptorium.1Cor_06.mark.xml#sSpan274" target="scriptorium.1Cor_06.mark.xml#sSpan270"/>
		<rel id="sPointingRel957" xlink:href="scriptorium.1Cor_06.mark.xml#sSpan179" target="scriptorium.1Cor_06.mark.xml#sSpan176"/>
		<rel id="sPointingRel959" xlink:href="scriptorium.1Cor_06.mark.xml#sSpan1434" target="scriptorium.1Cor_06.mark.xml#sSpan1470"/>
		<rel id="sPointingRel961" xlink:href="scriptorium.1Cor_06.mark.xml#sSpan1219" target="scriptorium.1Cor_06.mark.xml#sSpan1208"/>
		<rel id="sPointingRel963" xlink:href="scriptorium.1Cor_06.mark.xml#sSpan1699" target="scriptorium.1Cor_06.mark.xml#sSpan1691"/>
		<rel id="sPointingRel965" xlink:href="scriptorium.1Cor_06.mark.xml#sSpan1627" target="scriptorium.1Cor_06.mark.xml#sSpan1623"/>
		<rel id="sPointingRel967" xlink:href="scriptorium.1Cor_06.mark.xml#sSpan29" target="scriptorium.1Cor_06.mark.xml#sSpan25"/>
		<rel id="sPointingRel969" xlink:href="scriptorium.1Cor_06.mark.xml#sSpan1978" target="scriptorium.1Cor_06.mark.xml#sSpan1970"/>
		<rel id="sPointingRel971" xlink:href="scriptorium.1Cor_06.mark.xml#sSpan707" target="scriptorium.1Cor_06.mark.xml#sSpan754"/>
		<rel id="sPointingRel973" xlink:href="scriptorium.1Cor_06.mark.xml#sSpan1485" target="scriptorium.1Cor_06.mark.xml#sSpan1483"/>
		<rel id="sPointingRel975" xlink:href="scriptorium.1Cor_06.mark.xml#sSpan656" target="scriptorium.1Cor_06.mark.xml#sSpan652"/>
		<rel id="sPointingRel977" xlink:href="scriptorium.1Cor_06.mark.xml#sSpan1531" target="scriptorium.1Cor_06.mark.xml#sSpan1527"/>
		<rel id="sPointingRel979" xlink:href="scriptorium.1Cor_06.mark.xml#sSpan1966" target="scriptorium.1Cor_06.mark.xml#sSpan1978"/>
		<rel id="sPointingRel981" xlink:href="scriptorium.1Cor_06.mark.xml#sSpan1012" target="scriptorium.1Cor_06.mark.xml#sSpan1004"/>
		<rel id="sPointingRel983" xlink:href="scriptorium.1Cor_06.mark.xml#sSpan1219" target="scriptorium.1Cor_06.mark.xml#sSpan1242"/>
		<rel id="sPointingRel985" xlink:href="scriptorium.1Cor_06.mark.xml#sSpan1506" target="scriptorium.1Cor_06.mark.xml#sSpan1517"/>
		<rel id="sPointingRel987" xlink:href="scriptorium.1Cor_06.mark.xml#sSpan1911" target="scriptorium.1Cor_06.mark.xml#sSpan1896"/>
		<rel id="sPointingRel989" xlink:href="scriptorium.1Cor_06.mark.xml#sSpan1932" target="scriptorium.1Cor_06.mark.xml#sSpan1946"/>
		<rel id="sPointingRel991" xlink:href="scriptorium.1Cor_06.mark.xml#sSpan90" target="scriptorium.1Cor_06.mark.xml#sSpan97"/>
		<rel id="sPointingRel993" xlink:href="scriptorium.1Cor_06.mark.xml#sSpan1883" target="scriptorium.1Cor_06.mark.xml#sSpan1879"/>
		<rel id="sPointingRel995" xlink:href="scriptorium.1Cor_06.mark.xml#sSpan592" target="scriptorium.1Cor_06.mark.xml#sSpan563"/>
		<rel id="sPointingRel997" xlink:href="scriptorium.1Cor_06.mark.xml#sSpan392" target="scriptorium.1Cor_06.mark.xml#sSpan398"/>
		<rel id="sPointingRel999" xlink:href="scriptorium.1Cor_06.mark.xml#sSpan1830" target="scriptorium.1Cor_06.mark.xml#sSpan1795"/>
		<rel id="sPointingRel1001" xlink:href="scriptorium.1Cor_06.mark.xml#sSpan841" target="scriptorium.1Cor_06.mark.xml#sSpan846"/>
		<rel id="sPointingRel1003" xlink:href="scriptorium.1Cor_06.mark.xml#sSpan1561" target="scriptorium.1Cor_06.mark.xml#sSpan1557"/>
		<rel id="sPointingRel1005" xlink:href="scriptorium.1Cor_06.mark.xml#sSpan470" target="scriptorium.1Cor_06.mark.xml#sSpan478"/>
		<rel id="sPointingRel1007" xlink:href="scriptorium.1Cor_06.mark.xml#sSpan2056" target="scriptorium.1Cor_06.mark.xml#sSpan2072"/>
		<rel id="sPointingRel1009" xlink:href="scriptorium.1Cor_06.mark.xml#sSpan90" target="scriptorium.1Cor_06.mark.xml#sSpan86"/>
		<rel id="sPointingRel1011" xlink:href="scriptorium.1Cor_06.mark.xml#sSpan1242" target="scriptorium.1Cor_06.mark.xml#sSpan1258"/>
		<rel id="sPointingRel1013" xlink:href="scriptorium.1Cor_06.mark.xml#sSpan1242" target="scriptorium.1Cor_06.mark.xml#sSpan1230"/>
		<rel id="sPointingRel1015" xlink:href="scriptorium.1Cor_06.mark.xml#sSpan644" target="scriptorium.1Cor_06.mark.xml#sSpan656"/>
		<rel id="sPointingRel1017" xlink:href="scriptorium.1Cor_06.mark.xml#sSpan1555" target="scriptorium.1Cor_06.mark.xml#sSpan1547"/>
		<rel id="sPointingRel1019" xlink:href="scriptorium.1Cor_06.mark.xml#sSpan1265" target="scriptorium.1Cor_06.mark.xml#sSpan1261"/>
		<rel id="sPointingRel1021" xlink:href="scriptorium.1Cor_06.mark.xml#sSpan1434" target="scriptorium.1Cor_06.mark.xml#sSpan1443"/>
		<rel id="sPointingRel1023" xlink:href="scriptorium.1Cor_06.mark.xml#sSpan1795" target="scriptorium.1Cor_06.mark.xml#sSpan1817"/>
		<rel id="sPointingRel1025" xlink:href="scriptorium.1Cor_06.mark.xml#sSpan1830" target="scriptorium.1Cor_06.mark.xml#sSpan1840"/>
		<rel id="sPointingRel1027" xlink:href="scriptorium.1Cor_06.mark.xml#sSpan533" target="scriptorium.1Cor_06.mark.xml#sSpan526"/>
		<rel id="sPointingRel1029" xlink:href="scriptorium.1Cor_06.mark.xml#sSpan19" target="scriptorium.1Cor_06.mark.xml#sSpan21"/>
		<rel id="sPointingRel1031" xlink:href="scriptorium.1Cor_06.mark.xml#sSpan1242" target="scriptorium.1Cor_06.mark.xml#sSpan1244"/>
		<rel id="sPointingRel1033" xlink:href="scriptorium.1Cor_06.mark.xml#sSpan1338" target="scriptorium.1Cor_06.mark.xml#sSpan1331"/>
		<rel id="sPointingRel1035" xlink:href="scriptorium.1Cor_06.mark.xml#sSpan1978" target="scriptorium.1Cor_06.mark.xml#sSpan1982"/>
		<rel id="sPointingRel1037" xlink:href="scriptorium.1Cor_06.mark.xml#sSpan752" target="scriptorium.1Cor_06.mark.xml#sSpan749"/>
		<rel id="sPointingRel1039" xlink:href="scriptorium.1Cor_06.mark.xml#sSpan95" target="scriptorium.1Cor_06.mark.xml#sSpan93"/>
		<rel id="sPointingRel1041" xlink:href="scriptorium.1Cor_06.mark.xml#sSpan148" target="scriptorium.1Cor_06.mark.xml#sSpan158"/>
		<rel id="sPointingRel1043" xlink:href="scriptorium.1Cor_06.mark.xml#sSpan342" target="scriptorium.1Cor_06.mark.xml#sSpan334"/>
		<rel id="sPointingRel1045" xlink:href="scriptorium.1Cor_06.mark.xml#sSpan203" target="scriptorium.1Cor_06.mark.xml#sSpan201"/>
		<rel id="sPointingRel1047" xlink:href="scriptorium.1Cor_06.mark.xml#sSpan931" target="scriptorium.1Cor_06.mark.xml#sSpan979"/>
		<rel id="sPointingRel1049" xlink:href="scriptorium.1Cor_06.mark.xml#sSpan1911" target="scriptorium.1Cor_06.mark.xml#sSpan1905"/>
		<rel id="sPointingRel1051" xlink:href="scriptorium.1Cor_06.mark.xml#sSpan1165" target="scriptorium.1Cor_06.mark.xml#sSpan1149"/>
		<rel id="sPointingRel1053" xlink:href="scriptorium.1Cor_06.mark.xml#sSpan284" target="scriptorium.1Cor_06.mark.xml#sSpan282"/>
		<rel id="sPointingRel1055" xlink:href="scriptorium.1Cor_06.mark.xml#sSpan789" target="scriptorium.1Cor_06.mark.xml#sSpan785"/>
		<rel id="sPointingRel1057" xlink:href="scriptorium.1Cor_06.mark.xml#sSpan203" target="scriptorium.1Cor_06.mark.xml#sSpan216"/>
		<rel id="sPointingRel1059" xlink:href="scriptorium.1Cor_06.mark.xml#sSpan1409" target="scriptorium.1Cor_06.mark.xml#sSpan1405"/>
		<rel id="sPointingRel1061" xlink:href="scriptorium.1Cor_06.mark.xml#sSpan1872" target="scriptorium.1Cor_06.mark.xml#sSpan1857"/>
		<rel id="sPointingRel1063" xlink:href="scriptorium.1Cor_06.mark.xml#sSpan1531" target="scriptorium.1Cor_06.mark.xml#sSpan1545"/>
		<rel id="sPointingRel1065" xlink:href="scriptorium.1Cor_06.mark.xml#sSpan803" target="scriptorium.1Cor_06.mark.xml#sSpan817"/>
		<rel id="sPointingRel1067" xlink:href="scriptorium.1Cor_06.mark.xml#sSpan1840" target="scriptorium.1Cor_06.mark.xml#sSpan1832"/>
		<rel id="sPointingRel1069" xlink:href="scriptorium.1Cor_06.mark.xml#sSpan854" target="scriptorium.1Cor_06.mark.xml#sSpan859"/>
		<rel id="sPointingRel1071" xlink:href="scriptorium.1Cor_06.mark.xml#sSpan714" target="scriptorium.1Cor_06.mark.xml#sSpan734"/>
		<rel id="sPointingRel1073" xlink:href="scriptorium.1Cor_06.mark.xml#sSpan264" target="scriptorium.1Cor_06.mark.xml#sSpan255"/>
		<rel id="sPointingRel1075" xlink:href="scriptorium.1Cor_06.mark.xml#sSpan1743" target="scriptorium.1Cor_06.mark.xml#sSpan1736"/>
		<rel id="sPointingRel1077" xlink:href="scriptorium.1Cor_06.mark.xml#sSpan1817" target="scriptorium.1Cor_06.mark.xml#sSpan1819"/>
		<rel id="sPointingRel1079" xlink:href="scriptorium.1Cor_06.mark.xml#sSpan1457" target="scriptorium.1Cor_06.mark.xml#sSpan1455"/>
		<rel id="sPointingRel1081" xlink:href="scriptorium.1Cor_06.mark.xml#sSpan361" target="scriptorium.1Cor_06.mark.xml#sSpan357"/>
		<rel id="sPointingRel1083" xlink:href="scriptorium.1Cor_06.mark.xml#sSpan1872" target="scriptorium.1Cor_06.mark.xml#sSpan1861"/>
		<rel id="sPointingRel1085" xlink:href="scriptorium.1Cor_06.mark.xml#sSpan1083" target="scriptorium.1Cor_06.mark.xml#sSpan1073"/>
		<rel id="sPointingRel1087" xlink:href="scriptorium.1Cor_06.mark.xml#sSpan1854" target="scriptorium.1Cor_06.mark.xml#sSpan1851"/>
		<rel id="sPointingRel1089" xlink:href="scriptorium.1Cor_06.mark.xml#sSpan1872" target="scriptorium.1Cor_06.mark.xml#sSpan1869"/>
		<rel id="sPointingRel1091" xlink:href="scriptorium.1Cor_06.mark.xml#sSpan707" target="scriptorium.1Cor_06.mark.xml#sSpan714"/>
		<rel id="sPointingRel1093" xlink:href="scriptorium.1Cor_06.mark.xml#sSpan1281" target="scriptorium.1Cor_06.mark.xml#sSpan1346"/>
		<rel id="sPointingRel1095" xlink:href="scriptorium.1Cor_06.mark.xml#sSpan1637" target="scriptorium.1Cor_06.mark.xml#sSpan1629"/>
		<rel id="sPointingRel1097" xlink:href="scriptorium.1Cor_06.mark.xml#sSpan592" target="scriptorium.1Cor_06.mark.xml#sSpan583"/>
		<rel id="sPointingRel1099" xlink:href="scriptorium.1Cor_06.mark.xml#sSpan1840" target="scriptorium.1Cor_06.mark.xml#sSpan1836"/>
		<rel id="sPointingRel1101" xlink:href="scriptorium.1Cor_06.mark.xml#sSpan2033" target="scriptorium.1Cor_06.mark.xml#sSpan2056"/>
		<rel id="sPointingRel1103" xlink:href="scriptorium.1Cor_06.mark.xml#sSpan1751" target="scriptorium.1Cor_06.mark.xml#sSpan1745"/>
		<rel id="sPointingRel1105" xlink:href="scriptorium.1Cor_06.mark.xml#sSpan931" target="scriptorium.1Cor_06.mark.xml#sSpan945"/>
		<rel id="sPointingRel1107" xlink:href="scriptorium.1Cor_06.mark.xml#sSpan931" target="scriptorium.1Cor_06.mark.xml#sSpan965"/>
		<rel id="sPointingRel1109" xlink:href="scriptorium.1Cor_06.mark.xml#sSpan1399" target="scriptorium.1Cor_06.mark.xml#sSpan1390"/>
		<rel id="sPointingRel1111" xlink:href="scriptorium.1Cor_06.mark.xml#sSpan19" target="scriptorium.1Cor_06.mark.xml#sSpan101"/>
		<rel id="sPointingRel1113" xlink:href="scriptorium.1Cor_06.mark.xml#sSpan446" target="scriptorium.1Cor_06.mark.xml#sSpan441"/>
		<rel id="sPointingRel1115" xlink:href="scriptorium.1Cor_06.mark.xml#sSpan2033" target="scriptorium.1Cor_06.mark.xml#sSpan2035"/></relList></paula>