<?xml version='1.0' encoding='UTF-8'?><!DOCTYPE paula SYSTEM "paula_feat.dtd">
<paula version="1.1">
	<header paula_id="scriptorium.1Cor_06.mark_func"/>
	<featList xmlns:xlink="http://www.w3.org/1999/xlink" type="func" xml:base="scriptorium.1Cor_06.mark.xml">
		<feat xlink:href="#sSpan1" value="aux"/>
		<feat xlink:href="#sSpan12" value="nsubj"/>
		<feat xlink:href="#sSpan15" value="aux"/>
		<feat xlink:href="#sSpan20" value="root"/>
		<feat xlink:href="#sSpan22" value="advmod"/>
		<feat xlink:href="#sSpan26" value="case"/>
		<feat xlink:href="#sSpan30" value="obl"/>
		<feat xlink:href="#sSpan32" value="mark"/>
		<feat xlink:href="#sSpan36" value="advcl"/>
		<feat xlink:href="#sSpan38" value="iobj"/>
		<feat xlink:href="#sSpan40" value="det"/>
		<feat xlink:href="#sSpan43" value="nsubj"/>
		<feat xlink:href="#sSpan45" value="case"/>
		<feat xlink:href="#sSpan49" value="nmod"/>
		<feat xlink:href="#sSpan52" value="mark"/>
		<feat xlink:href="#sSpan54" value="case"/>
		<feat xlink:href="#sSpan56" value="acl:relcl"/>
		<feat xlink:href="#sSpan58" value="mark"/>
		<feat xlink:href="#sSpan63" value="xcomp"/>
		<feat xlink:href="#sSpan66" value="case"/>
		<feat xlink:href="#sSpan70" value="det"/>
		<feat xlink:href="#sSpan74" value="obl"/>
		<feat xlink:href="#sSpan77" value="case"/>
		<feat xlink:href="#sSpan81" value="nmod"/>
		<feat xlink:href="#sSpan83" value="cc"/>
		<feat xlink:href="#sSpan87" value="case"/>
		<feat xlink:href="#sSpan91" value="conj"/>
		<feat xlink:href="#sSpan94" value="mark"/>
		<feat xlink:href="#sSpan96" value="acl:relcl"/>
		<feat xlink:href="#sSpan98" value="advmod"/>
		<feat xlink:href="#sSpan102" value="punct"/>
		<feat xlink:href="#sSpan107" value="cc"/>
		<feat xlink:href="#sSpan117" value="advmod"/>
		<feat xlink:href="#sSpan121" value="nsubj"/>
		<feat xlink:href="#sSpan123" value="root"/>
		<feat xlink:href="#sSpan125" value="advmod"/>
		<feat xlink:href="#sSpan129" value="mark"/>
		<feat xlink:href="#sSpan133" value="ccomp"/>
		<feat xlink:href="#sSpan136" value="mark"/>
		<feat xlink:href="#sSpan138" value="acl:relcl"/>
		<feat xlink:href="#sSpan140" value="cop"/>
		<feat xlink:href="#sSpan144" value="mark"/>
		<feat xlink:href="#sSpan146" value="aux"/>
		<feat xlink:href="#sSpan149" value="csubj"/>
		<feat xlink:href="#sSpan151" value="case"/>
		<feat xlink:href="#sSpan155" value="det"/>
		<feat xlink:href="#sSpan159" value="obj"/>
		<feat xlink:href="#sSpan161" value="punct"/>
		<feat xlink:href="#sSpan165" value="cc"/>
		<feat xlink:href="#sSpan169" value="mark"/>
		<feat xlink:href="#sSpan173" value="mark"/>
		<feat xlink:href="#sSpan175" value="nsubj"/>
		<feat xlink:href="#sSpan177" value="aux"/>
		<feat xlink:href="#sSpan180" value="advcl"/>
		<feat xlink:href="#sSpan182" value="case"/>
		<feat xlink:href="#sSpan186" value="det"/>
		<feat xlink:href="#sSpan190" value="obj"/>
		<feat xlink:href="#sSpan192" value="case"/>
		<feat xlink:href="#sSpan196" value="obl"/>
		<feat xlink:href="#sSpan198" value="advmod"/>
		<feat xlink:href="#sSpan202" value="nsubj"/>
		<feat xlink:href="#sSpan204" value="conj"/>
		<feat xlink:href="#sSpan206" value="advmod"/>
		<feat xlink:href="#sSpan210" value="case"/>
		<feat xlink:href="#sSpan214" value="det"/>
		<feat xlink:href="#sSpan217" value="obl"/>
		<feat xlink:href="#sSpan219" value="case"/>
		<feat xlink:href="#sSpan223" value="nmod"/>
		<feat xlink:href="#sSpan226" value="case"/>
		<feat xlink:href="#sSpan231" value="nmod"/>
		<feat xlink:href="#sSpan235" value="punct"/>
		<feat xlink:href="#sSpan239" value="advmod"/>
		<feat xlink:href="#sSpan248" value="nsubj"/>
		<feat xlink:href="#sSpan250" value="root"/>
		<feat xlink:href="#sSpan252" value="advmod"/>
		<feat xlink:href="#sSpan256" value="mark"/>
		<feat xlink:href="#sSpan260" value="nsubj"/>
		<feat xlink:href="#sSpan262" value="aux"/>
		<feat xlink:href="#sSpan265" value="ccomp"/>
		<feat xlink:href="#sSpan267" value="case"/>
		<feat xlink:href="#sSpan271" value="det"/>
		<feat xlink:href="#sSpan275" value="obj"/>
		<feat xlink:href="#sSpan277" value="mark"/>
		<feat xlink:href="#sSpan281" value="aux"/>
		<feat xlink:href="#sSpan283" value="nsubj"/>
		<feat xlink:href="#sSpan285" value="advcl"/>
		<feat xlink:href="#sSpan288" value="case"/>
		<feat xlink:href="#sSpan292" value="obl"/>
		<feat xlink:href="#sSpan295" value="det"/>
		<feat xlink:href="#sSpan299" value="nmod"/>
		<feat xlink:href="#sSpan301" value="punct"/>
		<feat xlink:href="#sSpan305" value="mark"/>
		<feat xlink:href="#sSpan314" value="advmod"/>
		<feat xlink:href="#sSpan316" value="advcl"/>
		<feat xlink:href="#sSpan320" value="iobj"/>
		<feat xlink:href="#sSpan322" value="advmod"/>
		<feat xlink:href="#sSpan326" value="case"/>
		<feat xlink:href="#sSpan330" value="det"/>
		<feat xlink:href="#sSpan333" value="obj"/>
		<feat xlink:href="#sSpan335" value="case"/>
		<feat xlink:href="#sSpan339" value="det"/>
		<feat xlink:href="#sSpan343" value="nmod"/>
		<feat xlink:href="#sSpan345" value="dislocated"/>
		<feat xlink:href="#sSpan350" value="mark"/>
		<feat xlink:href="#sSpan352" value="acl:relcl"/>
		<feat xlink:href="#sSpan354" value="case"/>
		<feat xlink:href="#sSpan358" value="det"/>
		<feat xlink:href="#sSpan362" value="obl"/>
		<feat xlink:href="#sSpan364" value="nsubj"/>
		<feat xlink:href="#sSpan370" value="root"/>
		<feat xlink:href="#sSpan375" value="obj"/>
		<feat xlink:href="#sSpan377" value="punct"/>
		<feat xlink:href="#sSpan381" value="mark"/>
		<feat xlink:href="#sSpan391" value="nsubj"/>
		<feat xlink:href="#sSpan393" value="root"/>
		<feat xlink:href="#sSpan395" value="case"/>
		<feat xlink:href="#sSpan399" value="obj"/>
		<feat xlink:href="#sSpan401" value="case"/>
		<feat xlink:href="#sSpan405" value="det"/>
		<feat xlink:href="#sSpan408" value="obl"/>
		<feat xlink:href="#sSpan410" value="case"/>
		<feat xlink:href="#sSpan414" value="obl"/>
		<feat xlink:href="#sSpan416" value="punct"/>
		<feat xlink:href="#sSpan420" value="parataxis"/>
		<feat xlink:href="#sSpan425" value="cop"/>
		<feat xlink:href="#sSpan429" value="det"/>
		<feat xlink:href="#sSpan433" value="nsubj"/>
		<feat xlink:href="#sSpan435" value="parataxis"/>
		<feat xlink:href="#sSpan439" value="nsubj"/>
		<feat xlink:href="#sSpan442" value="case"/>
		<feat xlink:href="#sSpan447" value="nmod"/>
		<feat xlink:href="#sSpan449" value="case"/>
		<feat xlink:href="#sSpan453" value="obl"/>
		<feat xlink:href="#sSpan455" value="dislocated"/>
		<feat xlink:href="#sSpan460" value="mark"/>
		<feat xlink:href="#sSpan464" value="nsubj"/>
		<feat xlink:href="#sSpan466" value="aux"/>
		<feat xlink:href="#sSpan468" value="aux"/>
		<feat xlink:href="#sSpan470" value="advcl"/>
		<feat xlink:href="#sSpan472" value="mark"/>
		<feat xlink:href="#sSpan477" value="xcomp"/>
		<feat xlink:href="#sSpan479" value="case"/>
		<feat xlink:href="#sSpan483" value="det"/>
		<feat xlink:href="#sSpan485" value="obl"/>
		<feat xlink:href="#sSpan487" value="case"/>
		<feat xlink:href="#sSpan491" value="det"/>
		<feat xlink:href="#sSpan494" value="nmod"/>
		<feat xlink:href="#sSpan496" value="punct"/>
		<feat xlink:href="#sSpan501" value="cc"/>
		<feat xlink:href="#sSpan510" value="aux"/>
		<feat xlink:href="#sSpan514" value="det"/>
		<feat xlink:href="#sSpan517" value="nsubj"/>
		<feat xlink:href="#sSpan520" value="root"/>
		<feat xlink:href="#sSpan525" value="case"/>
		<feat xlink:href="#sSpan529" value="det"/>
		<feat xlink:href="#sSpan532" value="obl"/>
		<feat xlink:href="#sSpan534" value="punct"/>
		<feat xlink:href="#sSpan538" value="cc"/>
		<feat xlink:href="#sSpan542" value="conj"/>
		<feat xlink:href="#sSpan547" value="case"/>
		<feat xlink:href="#sSpan551" value="det"/>
		<feat xlink:href="#sSpan555" value="orphan"/>
		<feat xlink:href="#sSpan557" value="punct"/>
		<feat xlink:href="#sSpan562" value="advmod"/>
		<feat xlink:href="#sSpan573" value="advmod"/>
		<feat xlink:href="#sSpan578" value="advmod"/>
		<feat xlink:href="#sSpan582" value="advmod"/>
		<feat xlink:href="#sSpan586" value="det"/>
		<feat xlink:href="#sSpan591" value="root"/>
		<feat xlink:href="#sSpan593" value="case"/>
		<feat xlink:href="#sSpan597" value="nmod"/>
		<feat xlink:href="#sSpan599" value="cop"/>
		<feat xlink:href="#sSpan603" value="mark"/>
		<feat xlink:href="#sSpan607" value="csubj"/>
		<feat xlink:href="#sSpan609" value="iobj"/>
		<feat xlink:href="#sSpan611" value="nsubj"/>
		<feat xlink:href="#sSpan614" value="case"/>
		<feat xlink:href="#sSpan618" value="det"/>
		<feat xlink:href="#sSpan620" value="nmod"/>
		<feat xlink:href="#sSpan622" value="punct"/>
		<feat xlink:href="#sSpan626" value="case"/>
		<feat xlink:href="#sSpan631" value="obl"/>
		<feat xlink:href="#sSpan633" value="advmod"/>
		<feat xlink:href="#sSpan637" value="nsubj"/>
		<feat xlink:href="#sSpan641" value="aux"/>
		<feat xlink:href="#sSpan643" value="parataxis"/>
		<feat xlink:href="#sSpan645" value="obj"/>
		<feat xlink:href="#sSpan647" value="advmod"/>
		<feat xlink:href="#sSpan651" value="case"/>
		<feat xlink:href="#sSpan655" value="obl"/>
		<feat xlink:href="#sSpan658" value="punct"/>
		<feat xlink:href="#sSpan662" value="case"/>
		<feat xlink:href="#sSpan667" value="obl"/>
		<feat xlink:href="#sSpan669" value="advmod"/>
		<feat xlink:href="#sSpan673" value="nsubj"/>
		<feat xlink:href="#sSpan677" value="aux"/>
		<feat xlink:href="#sSpan679" value="parataxis"/>
		<feat xlink:href="#sSpan681" value="obj"/>
		<feat xlink:href="#sSpan683" value="advmod"/>
		<feat xlink:href="#sSpan687" value="punct"/>
		<feat xlink:href="#sSpan692" value="cc"/>
		<feat xlink:href="#sSpan702" value="nsubj"/>
		<feat xlink:href="#sSpan706" value="root"/>
		<feat xlink:href="#sSpan711" value="mark"/>
		<feat xlink:href="#sSpan713" value="acl:relcl"/>
		<feat xlink:href="#sSpan715" value="case"/>
		<feat xlink:href="#sSpan719" value="obj"/>
		<feat xlink:href="#sSpan721" value="punct"/>
		<feat xlink:href="#sSpan725" value="cc"/>
		<feat xlink:href="#sSpan729" value="mark"/>
		<feat xlink:href="#sSpan733" value="conj"/>
		<feat xlink:href="#sSpan735" value="cc"/>
		<feat xlink:href="#sSpan739" value="conj"/>
		<feat xlink:href="#sSpan744" value="case"/>
		<feat xlink:href="#sSpan748" value="det"/>
		<feat xlink:href="#sSpan751" value="orphan"/>
		<feat xlink:href="#sSpan753" value="punct"/>
		<feat xlink:href="#sSpan758" value="cc"/>
		<feat xlink:href="#sSpan768" value="advmod"/>
		<feat xlink:href="#sSpan772" value="nsubj"/>
		<feat xlink:href="#sSpan774" value="root"/>
		<feat xlink:href="#sSpan776" value="advmod"/>
		<feat xlink:href="#sSpan780" value="mark"/>
		<feat xlink:href="#sSpan784" value="det"/>
		<feat xlink:href="#sSpan788" value="nsubj"/>
		<feat xlink:href="#sSpan791" value="case"/>
		<feat xlink:href="#sSpan795" value="nmod"/>
		<feat xlink:href="#sSpan797" value="aux"/>
		<feat xlink:href="#sSpan802" value="ccomp"/>
		<feat xlink:href="#sSpan804" value="advmod"/>
		<feat xlink:href="#sSpan808" value="case"/>
		<feat xlink:href="#sSpan812" value="det"/>
		<feat xlink:href="#sSpan816" value="obj"/>
		<feat xlink:href="#sSpan819" value="case"/>
		<feat xlink:href="#sSpan823" value="det"/>
		<feat xlink:href="#sSpan826" value="nmod"/>
		<feat xlink:href="#sSpan828" value="advmod"/>
		<feat xlink:href="#sSpan833" value="parataxis"/>
		<feat xlink:href="#sSpan836" value="cc"/>
		<feat xlink:href="#sSpan840" value="parataxis"/>
		<feat xlink:href="#sSpan845" value="nsubj"/>
		<feat xlink:href="#sSpan849" value="cc"/>
		<feat xlink:href="#sSpan853" value="conj"/>
		<feat xlink:href="#sSpan858" value="nsubj"/>
		<feat xlink:href="#sSpan865" value="cc"/>
		<feat xlink:href="#sSpan869" value="conj"/>
		<feat xlink:href="#sSpan873" value="nsubj"/>
		<feat xlink:href="#sSpan877" value="cc"/>
		<feat xlink:href="#sSpan881" value="conj"/>
		<feat xlink:href="#sSpan886" value="nsubj"/>
		<feat xlink:href="#sSpan890" value="cc"/>
		<feat xlink:href="#sSpan894" value="conj"/>
		<feat xlink:href="#sSpan899" value="nsubj"/>
		<feat xlink:href="#sSpan903" value="case"/>
		<feat xlink:href="#sSpan907" value="nmod"/>
		<feat xlink:href="#sSpan910" value="punct"/>
		<feat xlink:href="#sSpan915" value="cc"/>
		<feat xlink:href="#sSpan925" value="aux"/>
		<feat xlink:href="#sSpan930" value="nsubj"/>
		<feat xlink:href="#sSpan935" value="cc"/>
		<feat xlink:href="#sSpan939" value="orphan"/>
		<feat xlink:href="#sSpan944" value="conj"/>
		<feat xlink:href="#sSpan948" value="case"/>
		<feat xlink:href="#sSpan952" value="nmod"/>
		<feat xlink:href="#sSpan955" value="cc"/>
		<feat xlink:href="#sSpan959" value="orphan"/>
		<feat xlink:href="#sSpan964" value="conj"/>
		<feat xlink:href="#sSpan969" value="cc"/>
		<feat xlink:href="#sSpan973" value="orphan"/>
		<feat xlink:href="#sSpan978" value="conj"/>
		<feat xlink:href="#sSpan983" value="cc"/>
		<feat xlink:href="#sSpan987" value="orphan"/>
		<feat xlink:href="#sSpan992" value="conj"/>
		<feat xlink:href="#sSpan996" value="aux"/>
		<feat xlink:href="#sSpan1001" value="root"/>
		<feat xlink:href="#sSpan1003" value="case"/>
		<feat xlink:href="#sSpan1007" value="det"/>
		<feat xlink:href="#sSpan1011" value="obj"/>
		<feat xlink:href="#sSpan1014" value="case"/>
		<feat xlink:href="#sSpan1018" value="det"/>
		<feat xlink:href="#sSpan1021" value="nmod"/>
		<feat xlink:href="#sSpan1023" value="punct"/>
		<feat xlink:href="#sSpan1027" value="cc"/>
		<feat xlink:href="#sSpan1037" value="dislocated"/>
		<feat xlink:href="#sSpan1042" value="aux"/>
		<feat xlink:href="#sSpan1046" value="nsubj"/>
		<feat xlink:href="#sSpan1048" value="case"/>
		<feat xlink:href="#sSpan1050" value="root"/>
		<feat xlink:href="#sSpan1052" value="cop"/>
		<feat xlink:href="#sSpan1057" value="cc"/>
		<feat xlink:href="#sSpan1061" value="aux"/>
		<feat xlink:href="#sSpan1065" value="nsubj"/>
		<feat xlink:href="#sSpan1067" value="conj"/>
		<feat xlink:href="#sSpan1069" value="obj"/>
		<feat xlink:href="#sSpan1072" value="cc"/>
		<feat xlink:href="#sSpan1076" value="aux"/>
		<feat xlink:href="#sSpan1080" value="nsubj"/>
		<feat xlink:href="#sSpan1082" value="conj"/>
		<feat xlink:href="#sSpan1085" value="cc"/>
		<feat xlink:href="#sSpan1089" value="aux"/>
		<feat xlink:href="#sSpan1093" value="nsubj"/>
		<feat xlink:href="#sSpan1095" value="conj"/>
		<feat xlink:href="#sSpan1097" value="case"/>
		<feat xlink:href="#sSpan1101" value="det"/>
		<feat xlink:href="#sSpan1104" value="obl"/>
		<feat xlink:href="#sSpan1106" value="case"/>
		<feat xlink:href="#sSpan1110" value="det"/>
		<feat xlink:href="#sSpan1113" value="nmod"/>
		<feat xlink:href="#sSpan1116" value="appos"/>
		<feat xlink:href="#sSpan1120" value="cc"/>
		<feat xlink:href="#sSpan1124" value="case"/>
		<feat xlink:href="#sSpan1128" value="det"/>
		<feat xlink:href="#sSpan1132" value="conj"/>
		<feat xlink:href="#sSpan1134" value="case"/>
		<feat xlink:href="#sSpan1138" value="det"/>
		<feat xlink:href="#sSpan1141" value="nmod"/>
		<feat xlink:href="#sSpan1143" value="punct"/>
		<feat xlink:href="#sSpan1147" value="nsubj"/>
		<feat xlink:href="#sSpan1158" value="det"/>
		<feat xlink:href="#sSpan1163" value="root"/>
		<feat xlink:href="#sSpan1167" value="case"/>
		<feat xlink:href="#sSpan1171" value="obl"/>
		<feat xlink:href="#sSpan1173" value="punct"/>
		<feat xlink:href="#sSpan1178" value="cc"/>
		<feat xlink:href="#sSpan1182" value="nsubj"/>
		<feat xlink:href="#sSpan1188" value="det"/>
		<feat xlink:href="#sSpan1193" value="conj"/>
		<feat xlink:href="#sSpan1198" value="advmod"/>
		<feat xlink:href="#sSpan1202" value="punct"/>
		<feat xlink:href="#sSpan1206" value="nsubj"/>
		<feat xlink:href="#sSpan1212" value="det"/>
		<feat xlink:href="#sSpan1217" value="parataxis"/>
		<feat xlink:href="#sSpan1221" value="case"/>
		<feat xlink:href="#sSpan1225" value="obl"/>
		<feat xlink:href="#sSpan1228" value="cc"/>
		<feat xlink:href="#sSpan1232" value="advmod"/>
		<feat xlink:href="#sSpan1236" value="nsubj"/>
		<feat xlink:href="#sSpan1238" value="aux"/>
		<feat xlink:href="#sSpan1240" value="conj"/>
		<feat xlink:href="#sSpan1242" value="obj"/>
		<feat xlink:href="#sSpan1247" value="advmod"/>
		<feat xlink:href="#sSpan1251" value="mark"/>
		<feat xlink:href="#sSpan1256" value="xcomp"/>
		<feat xlink:href="#sSpan1259" value="case"/>
		<feat xlink:href="#sSpan1263" value="obl"/>
		<feat xlink:href="#sSpan1265" value="punct"/>
		<feat xlink:href="#sSpan1269" value="det"/>
		<feat xlink:href="#sSpan1279" value="root"/>
		<feat xlink:href="#sSpan1281" value="case"/>
		<feat xlink:href="#sSpan1285" value="det"/>
		<feat xlink:href="#sSpan1288" value="nmod"/>
		<feat xlink:href="#sSpan1290" value="cc"/>
		<feat xlink:href="#sSpan1294" value="det"/>
		<feat xlink:href="#sSpan1299" value="conj"/>
		<feat xlink:href="#sSpan1301" value="case"/>
		<feat xlink:href="#sSpan1305" value="det"/>
		<feat xlink:href="#sSpan1309" value="nmod"/>
		<feat xlink:href="#sSpan1312" value="det"/>
		<feat xlink:href="#sSpan1317" value="dislocated"/>
		<feat xlink:href="#sSpan1320" value="advmod"/>
		<feat xlink:href="#sSpan1324" value="dislocated"/>
		<feat xlink:href="#sSpan1329" value="case"/>
		<feat xlink:href="#sSpan1333" value="det"/>
		<feat xlink:href="#sSpan1336" value="nmod"/>
		<feat xlink:href="#sSpan1338" value="nsubj"/>
		<feat xlink:href="#sSpan1342" value="aux"/>
		<feat xlink:href="#sSpan1344" value="parataxis"/>
		<feat xlink:href="#sSpan1346" value="obj"/>
		<feat xlink:href="#sSpan1348" value="det"/>
		<feat xlink:href="#sSpan1354" value="nsubj"/>
		<feat xlink:href="#sSpan1356" value="obl:npmod"/>
		<feat xlink:href="#sSpan1360" value="case"/>
		<feat xlink:href="#sSpan1364" value="det"/>
		<feat xlink:href="#sSpan1368" value="parataxis"/>
		<feat xlink:href="#sSpan1370" value="advmod"/>
		<feat xlink:href="#sSpan1375" value="cc"/>
		<feat xlink:href="#sSpan1379" value="case"/>
		<feat xlink:href="#sSpan1383" value="det"/>
		<feat xlink:href="#sSpan1386" value="conj"/>
		<feat xlink:href="#sSpan1388" value="cc"/>
		<feat xlink:href="#sSpan1392" value="det"/>
		<feat xlink:href="#sSpan1397" value="nsubj"/>
		<feat xlink:href="#sSpan1399" value="case"/>
		<feat xlink:href="#sSpan1403" value="det"/>
		<feat xlink:href="#sSpan1407" value="conj"/>
		<feat xlink:href="#sSpan1409" value="punct"/>
		<feat xlink:href="#sSpan1413" value="aux"/>
		<feat xlink:href="#sSpan1422" value="det"/>
		<feat xlink:href="#sSpan1425" value="nsubj"/>
		<feat xlink:href="#sSpan1428" value="advmod"/>
		<feat xlink:href="#sSpan1432" value="root"/>
		<feat xlink:href="#sSpan1436" value="det"/>
		<feat xlink:href="#sSpan1439" value="obj"/>
		<feat xlink:href="#sSpan1441" value="punct"/>
		<feat xlink:href="#sSpan1445" value="cc"/>
		<feat xlink:href="#sSpan1449" value="nsubj"/>
		<feat xlink:href="#sSpan1453" value="aux"/>
		<feat xlink:href="#sSpan1455" value="conj"/>
		<feat xlink:href="#sSpan1457" value="obj"/>
		<feat xlink:href="#sSpan1459" value="case"/>
		<feat xlink:href="#sSpan1463" value="det"/>
		<feat xlink:href="#sSpan1466" value="obl"/>
		<feat xlink:href="#sSpan1468" value="punct"/>
		<feat xlink:href="#sSpan1472" value="advmod"/>
		<feat xlink:href="#sSpan1481" value="nsubj"/>
		<feat xlink:href="#sSpan1483" value="root"/>
		<feat xlink:href="#sSpan1485" value="advmod"/>
		<feat xlink:href="#sSpan1489" value="mark"/>
		<feat xlink:href="#sSpan1493" value="det"/>
		<feat xlink:href="#sSpan1497" value="nsubj"/>
		<feat xlink:href="#sSpan1499" value="case"/>
		<feat xlink:href="#sSpan1504" value="ccomp"/>
		<feat xlink:href="#sSpan1507" value="case"/>
		<feat xlink:href="#sSpan1511" value="det"/>
		<feat xlink:href="#sSpan1515" value="nmod"/>
		<feat xlink:href="#sSpan1517" value="cop"/>
		<feat xlink:href="#sSpan1521" value="punct"/>
		<feat xlink:href="#sSpan1525" value="nsubj"/>
		<feat xlink:href="#sSpan1529" value="parataxis"/>
		<feat xlink:href="#sSpan1531" value="advmod"/>
		<feat xlink:href="#sSpan1535" value="case"/>
		<feat xlink:href="#sSpan1539" value="det"/>
		<feat xlink:href="#sSpan1543" value="obj"/>
		<feat xlink:href="#sSpan1545" value="case"/>
		<feat xlink:href="#sSpan1549" value="det"/>
		<feat xlink:href="#sSpan1553" value="nmod"/>
		<feat xlink:href="#sSpan1555" value="nsubj"/>
		<feat xlink:href="#sSpan1559" value="advcl"/>
		<feat xlink:href="#sSpan1561" value="obj"/>
		<feat xlink:href="#sSpan1563" value="det"/>
		<feat xlink:href="#sSpan1569" value="xcomp"/>
		<feat xlink:href="#sSpan1571" value="case"/>
		<feat xlink:href="#sSpan1576" value="nmod"/>
		<feat xlink:href="#sSpan1579" value="aux"/>
		<feat xlink:href="#sSpan1583" value="nsubj"/>
		<feat xlink:href="#sSpan1585" value="parataxis"/>
		<feat xlink:href="#sSpan1588" value="cc"/>
		<feat xlink:href="#sSpan1598" value="advcl"/>
		<feat xlink:href="#sSpan1602" value="nsubj"/>
		<feat xlink:href="#sSpan1604" value="root"/>
		<feat xlink:href="#sSpan1606" value="advmod"/>
		<feat xlink:href="#sSpan1610" value="mark"/>
		<feat xlink:href="#sSpan1614" value="nsubj"/>
		<feat xlink:href="#sSpan1617" value="mark"/>
		<feat xlink:href="#sSpan1619" value="acl:relcl"/>
		<feat xlink:href="#sSpan1621" value="case"/>
		<feat xlink:href="#sSpan1625" value="obj"/>
		<feat xlink:href="#sSpan1627" value="case"/>
		<feat xlink:href="#sSpan1631" value="det"/>
		<feat xlink:href="#sSpan1635" value="obl"/>
		<feat xlink:href="#sSpan1637" value="det"/>
		<feat xlink:href="#sSpan1643" value="ccomp"/>
		<feat xlink:href="#sSpan1645" value="case"/>
		<feat xlink:href="#sSpan1649" value="nmod"/>
		<feat xlink:href="#sSpan1651" value="cop"/>
		<feat xlink:href="#sSpan1655" value="punct"/>
		<feat xlink:href="#sSpan1659" value="parataxis"/>
		<feat xlink:href="#sSpan1663" value="nsubj"/>
		<feat xlink:href="#sSpan1666" value="advmod"/>
		<feat xlink:href="#sSpan1670" value="mark"/>
		<feat xlink:href="#sSpan1674" value="nsubj"/>
		<feat xlink:href="#sSpan1676" value="aux"/>
		<feat xlink:href="#sSpan1678" value="ccomp"/>
		<feat xlink:href="#sSpan1680" value="case"/>
		<feat xlink:href="#sSpan1684" value="det"/>
		<feat xlink:href="#sSpan1687" value="obl"/>
		<feat xlink:href="#sSpan1689" value="case"/>
		<feat xlink:href="#sSpan1693" value="det"/>
		<feat xlink:href="#sSpan1697" value="obl"/>
		<feat xlink:href="#sSpan1699" value="case"/>
		<feat xlink:href="#sSpan1703" value="nmod"/>
		<feat xlink:href="#sSpan1705" value="punct"/>
		<feat xlink:href="#sSpan1709" value="nsubj"/>
		<feat xlink:href="#sSpan1719" value="mark"/>
		<feat xlink:href="#sSpan1721" value="acl:relcl"/>
		<feat xlink:href="#sSpan1724" value="advmod"/>
		<feat xlink:href="#sSpan1728" value="case"/>
		<feat xlink:href="#sSpan1732" value="obj"/>
		<feat xlink:href="#sSpan1734" value="case"/>
		<feat xlink:href="#sSpan1738" value="det"/>
		<feat xlink:href="#sSpan1741" value="obl"/>
		<feat xlink:href="#sSpan1743" value="det"/>
		<feat xlink:href="#sSpan1749" value="root"/>
		<feat xlink:href="#sSpan1751" value="case"/>
		<feat xlink:href="#sSpan1755" value="nmod"/>
		<feat xlink:href="#sSpan1757" value="cop"/>
		<feat xlink:href="#sSpan1761" value="punct"/>
		<feat xlink:href="#sSpan1765" value="root"/>
		<feat xlink:href="#sSpan1775" value="advmod"/>
		<feat xlink:href="#sSpan1779" value="case"/>
		<feat xlink:href="#sSpan1783" value="det"/>
		<feat xlink:href="#sSpan1787" value="obl"/>
		<feat xlink:href="#sSpan1789" value="punct"/>
		<feat xlink:href="#sSpan1793" value="dislocated"/>
		<feat xlink:href="#sSpan1798" value="det"/>
		<feat xlink:href="#sSpan1802" value="mark"/>
		<feat xlink:href="#sSpan1806" value="det"/>
		<feat xlink:href="#sSpan1809" value="nsubj"/>
		<feat xlink:href="#sSpan1811" value="aux"/>
		<feat xlink:href="#sSpan1815" value="acl:relcl"/>
		<feat xlink:href="#sSpan1817" value="obj"/>
		<feat xlink:href="#sSpan1819" value="nsubj"/>
		<feat xlink:href="#sSpan1823" value="case"/>
		<feat xlink:href="#sSpan1825" value="det"/>
		<feat xlink:href="#sSpan1828" value="parataxis"/>
		<feat xlink:href="#sSpan1830" value="case"/>
		<feat xlink:href="#sSpan1834" value="det"/>
		<feat xlink:href="#sSpan1838" value="nmod"/>
		<feat xlink:href="#sSpan1840" value="punct"/>
		<feat xlink:href="#sSpan1844" value="dislocated"/>
		<feat xlink:href="#sSpan1849" value="mark"/>
		<feat xlink:href="#sSpan1852" value="acl:relcl"/>
		<feat xlink:href="#sSpan1855" value="advmod"/>
		<feat xlink:href="#sSpan1859" value="advmod"/>
		<feat xlink:href="#sSpan1863" value="mark"/>
		<feat xlink:href="#sSpan1867" value="nsubj"/>
		<feat xlink:href="#sSpan1870" value="parataxis"/>
		<feat xlink:href="#sSpan1873" value="case"/>
		<feat xlink:href="#sSpan1877" value="det"/>
		<feat xlink:href="#sSpan1881" value="obl"/>
		<feat xlink:href="#sSpan1883" value="advmod"/>
		<feat xlink:href="#sSpan1887" value="det"/>
		<feat xlink:href="#sSpan1889" value="punct"/>
		<feat xlink:href="#sSpan1894" value="cc"/>
		<feat xlink:href="#sSpan1903" value="advmod"/>
		<feat xlink:href="#sSpan1907" value="nsubj"/>
		<feat xlink:href="#sSpan1909" value="root"/>
		<feat xlink:href="#sSpan1911" value="advmod"/>
		<feat xlink:href="#sSpan1915" value="mark"/>
		<feat xlink:href="#sSpan1919" value="det"/>
		<feat xlink:href="#sSpan1923" value="nsubj"/>
		<feat xlink:href="#sSpan1925" value="det"/>
		<feat xlink:href="#sSpan1930" value="ccomp"/>
		<feat xlink:href="#sSpan1932" value="cop"/>
		<feat xlink:href="#sSpan1936" value="case"/>
		<feat xlink:href="#sSpan1940" value="det"/>
		<feat xlink:href="#sSpan1944" value="nmod"/>
		<feat xlink:href="#sSpan1946" value="mark"/>
		<feat xlink:href="#sSpan1950" value="acl:relcl"/>
		<feat xlink:href="#sSpan1952" value="mark"/>
		<feat xlink:href="#sSpan1956" value="case"/>
		<feat xlink:href="#sSpan1958" value="acl:relcl"/>
		<feat xlink:href="#sSpan1960" value="punct"/>
		<feat xlink:href="#sSpan1964" value="appos"/>
		<feat xlink:href="#sSpan1968" value="mark"/>
		<feat xlink:href="#sSpan1972" value="aux"/>
		<feat xlink:href="#sSpan1974" value="nsubj"/>
		<feat xlink:href="#sSpan1976" value="acl:relcl"/>
		<feat xlink:href="#sSpan1978" value="obj"/>
		<feat xlink:href="#sSpan1980" value="advmod"/>
		<feat xlink:href="#sSpan1984" value="case"/>
		<feat xlink:href="#sSpan1988" value="det"/>
		<feat xlink:href="#sSpan1991" value="obl"/>
		<feat xlink:href="#sSpan1993" value="punct"/>
		<feat xlink:href="#sSpan1997" value="cc"/>
		<feat xlink:href="#sSpan2001" value="advmod"/>
		<feat xlink:href="#sSpan2005" value="nsubj"/>
		<feat xlink:href="#sSpan2007" value="conj"/>
		<feat xlink:href="#sSpan2011" value="advmod"/>
		<feat xlink:href="#sSpan2015" value="punct"/>
		<feat xlink:href="#sSpan2019" value="aux"/>
		<feat xlink:href="#sSpan2029" value="nsubj"/>
		<feat xlink:href="#sSpan2031" value="root"/>
		<feat xlink:href="#sSpan2033" value="obj"/>
		<feat xlink:href="#sSpan2036" value="advmod"/>
		<feat xlink:href="#sSpan2040" value="case"/>
		<feat xlink:href="#sSpan2044" value="det"/>
		<feat xlink:href="#sSpan2047" value="obl"/>
		<feat xlink:href="#sSpan2049" value="punct"/>
		<feat xlink:href="#sSpan2054" value="parataxis"/>
		<feat xlink:href="#sSpan2059" value="advmod"/>
		<feat xlink:href="#sSpan2063" value="case"/>
		<feat xlink:href="#sSpan2067" value="det"/>
		<feat xlink:href="#sSpan2070" value="obl"/>
		<feat xlink:href="#sSpan2072" value="case"/>
		<feat xlink:href="#sSpan2076" value="det"/>
		<feat xlink:href="#sSpan2080" value="obl"/>
		<feat xlink:href="#sSpan2082" value="punct"/></featList></paula>