<?xml version='1.0' encoding='UTF-8'?><!DOCTYPE paula SYSTEM "paula_feat.dtd">
<paula version="1.1">
	<header paula_id="scriptorium.1Cor_06.mark_sbl_greek"/>
	<featList xmlns:xlink="http://www.w3.org/1999/xlink" type="sbl_greek" xml:base="scriptorium.1Cor_06.mark.xml">
		<feat xlink:href="#sSpan7" value="Τολμᾷ τις ὑμῶν πρᾶγμα ἔχων πρὸς τὸν ἕτερον κρίνεσθαι ἐπὶ τῶν ἀδίκων, καὶ οὐχὶ ἐπὶ τῶν ἁγίων; "/>
		<feat xlink:href="#sSpan112" value="⸀ἢ οὐκ οἴδατε ὅτι οἱ ἅγιοι τὸν κόσμον κρινοῦσιν; καὶ εἰ ἐν ὑμῖν κρίνεται ὁ κόσμος, ἀνάξιοί ἐστε κριτηρίων ἐλαχίστων; "/>
		<feat xlink:href="#sSpan244" value="οὐκ οἴδατε ὅτι ἀγγέλους κρινοῦμεν, μήτιγε βιωτικά; "/>
		<feat xlink:href="#sSpan310" value="βιωτικὰ μὲν οὖν κριτήρια ἐὰν ἔχητε, τοὺς ἐξουθενημένους ἐν τῇ ἐκκλησίᾳ, τούτους καθίζετε; "/>
		<feat xlink:href="#sSpan386" value="πρὸς ἐντροπὴν ὑμῖν λέγω. οὕτως οὐκ ἔνι ἐν ὑμῖν ⸂οὐδεὶς σοφὸς⸃ ὃς δυνήσεται διακρῖναι ἀνὰ μέσον τοῦ ⸀ἀδελφοῦ αὐτοῦ, "/>
		<feat xlink:href="#sSpan508" value="ἀλλὰ ἀδελφὸς μετὰ ἀδελφοῦ κρίνεται, καὶ τοῦτο ἐπὶ ἀπίστων; "/>
		<feat xlink:href="#sSpan569" value="ἤδη μὲν ⸀οὖν ὅλως ἥττημα ὑμῖν ἐστιν ὅτι κρίματα ἔχετε μεθ’ ἑαυτῶν· διὰ τί οὐχὶ μᾶλλον ἀδικεῖσθε; διὰ τί οὐχὶ μᾶλλον ἀποστερεῖσθε; "/>
		<feat xlink:href="#sSpan699" value="ἀλλὰ ὑμεῖς ἀδικεῖτε καὶ ἀποστερεῖτε, καὶ ⸀τοῦτο ἀδελφούς. "/>
		<feat xlink:href="#sSpan765" value="Ἢ οὐκ οἴδατε ὅτι ἄδικοι ⸂θεοῦ βασιλείαν⸃ οὐ κληρονομήσουσιν; μὴ πλανᾶσθε· οὔτε πόρνοι οὔτε εἰδωλολάτραι οὔτε μοιχοὶ οὔτε μαλακοὶ οὔτε ἀρσενοκοῖται "/>
		<feat xlink:href="#sSpan922" value="οὔτε ⸂κλέπται οὔτε πλεονέκται⸃, ⸀οὐ μέθυσοι, οὐ λοίδοροι, οὐχ ἅρπαγες βασιλείαν ⸀θεοῦ κληρονομήσουσιν. "/>
		<feat xlink:href="#sSpan1034" value="καὶ ταῦτά τινες ἦτε· ἀλλὰ ἀπελούσασθε, ἀλλὰ ἡγιάσθητε, ἀλλὰ ἐδικαιώθητε ἐν τῷ ὀνόματι τοῦ κυρίου ⸀Ἰησοῦ καὶ ἐν τῷ πνεύματι τοῦ θεοῦ ἡμῶν. "/>
		<feat xlink:href="#sSpan1157" value="Πάντα μοι ἔξεστιν· ἀλλ’ οὐ πάντα συμφέρει. πάντα μοι ἔξεστιν· ἀλλ’ οὐκ ἐγὼ ἐξουσιασθήσομαι ὑπό τινος. "/>
		<feat xlink:href="#sSpan1278" value="τὰ βρώματα τῇ κοιλίᾳ, καὶ ἡ κοιλία τοῖς βρώμασιν· ὁ δὲ θεὸς καὶ ταύτην καὶ ταῦτα καταργήσει. τὸ δὲ σῶμα οὐ τῇ πορνείᾳ ἀλλὰ τῷ κυρίῳ, καὶ ὁ κύριος τῷ σώματι· "/>
		<feat xlink:href="#sSpan1421" value="ὁ δὲ θεὸς καὶ τὸν κύριον ἤγειρεν καὶ ἡμᾶς ἐξεγερεῖ διὰ τῆς δυνάμεως αὐτοῦ. "/>
		<feat xlink:href="#sSpan1480" value="οὐκ οἴδατε ὅτι τὰ σώματα ὑμῶν μέλη Χριστοῦ ἐστιν; ἄρας οὖν τὰ μέλη τοῦ Χριστοῦ ποιήσω πόρνης μέλη; μὴ γένοιτο. "/>
		<feat xlink:href="#sSpan1596" value="⸀ἢ οὐκ οἴδατε ὅτι ὁ κολλώμενος τῇ πόρνῃ ἓν σῶμά ἐστιν; Ἔσονται γάρ, φησίν, οἱ δύο εἰς σάρκα μίαν. "/>
		<feat xlink:href="#sSpan1718" value="ὁ δὲ κολλώμενος τῷ κυρίῳ ἓν πνεῦμά ἐστιν. "/>
		<feat xlink:href="#sSpan1774" value="φεύγετε τὴν πορνείαν· πᾶν ἁμάρτημα ὃ ἐὰν ποιήσῃ ἄνθρωπος ἐκτὸς τοῦ σώματός ἐστιν, ὁ δὲ πορνεύων εἰς τὸ ἴδιον σῶμα ἁμαρτάνει. "/>
		<feat xlink:href="#sSpan1902" value="ἢ οὐκ οἴδατε ὅτι τὸ σῶμα ὑμῶν ναὸς τοῦ ἐν ὑμῖν ἁγίου πνεύματός ἐστιν, οὗ ἔχετε ἀπὸ θεοῦ; καὶ οὐκ ἐστὲ ἑαυτῶν, "/>
		<feat xlink:href="#sSpan2027" value="ἠγοράσθητε γὰρ τιμῆς· δοξάσατε δὴ τὸν θεὸν ἐν τῷ σώματι ⸀ὑμῶν. "/></featList></paula>