<?xml version='1.0' encoding='UTF-8'?><!DOCTYPE paula SYSTEM "paula_feat.dtd">
<paula version="1.1">
	<header paula_id="scriptorium.1Cor_06.mark_new_sent"/>
	<featList xmlns:xlink="http://www.w3.org/1999/xlink" type="new_sent" xml:base="scriptorium.1Cor_06.mark.xml">
		<feat xlink:href="#sSpan1" value="true"/>
		<feat xlink:href="#sSpan106" value="true"/>
		<feat xlink:href="#sSpan238" value="true"/>
		<feat xlink:href="#sSpan303" value="true"/>
		<feat xlink:href="#sSpan379" value="true"/>
		<feat xlink:href="#sSpan501" value="true"/>
		<feat xlink:href="#sSpan562" value="true"/>
		<feat xlink:href="#sSpan693" value="true"/>
		<feat xlink:href="#sSpan759" value="true"/>
		<feat xlink:href="#sSpan916" value="true"/>
		<feat xlink:href="#sSpan1028" value="true"/>
		<feat xlink:href="#sSpan1148" value="true"/>
		<feat xlink:href="#sSpan1270" value="true"/>
		<feat xlink:href="#sSpan1414" value="true"/>
		<feat xlink:href="#sSpan1473" value="true"/>
		<feat xlink:href="#sSpan1589" value="true"/>
		<feat xlink:href="#sSpan1710" value="true"/>
		<feat xlink:href="#sSpan1766" value="true"/>
		<feat xlink:href="#sSpan1895" value="true"/>
		<feat xlink:href="#sSpan2020" value="true"/></featList></paula>