<?xml version='1.0' encoding='UTF-8'?><!DOCTYPE paula SYSTEM "paula_feat.dtd">
<paula version="1.1">
	<header paula_id="scriptorium.1Cor_06.mark_entity"/>
	<featList xmlns:xlink="http://www.w3.org/1999/xlink" type="entity" xml:base="scriptorium.1Cor_06.mark.xml">
		<feat xlink:href="#sSpan13" value="person"/>
		<feat xlink:href="#sSpan41" value="abstract"/>
		<feat xlink:href="#sSpan50" value="person"/>
		<feat xlink:href="#sSpan71" value="person"/>
		<feat xlink:href="#sSpan92" value="person"/>
		<feat xlink:href="#sSpan134" value="person"/>
		<feat xlink:href="#sSpan156" value="place"/>
		<feat xlink:href="#sSpan187" value="place"/>
		<feat xlink:href="#sSpan215" value="abstract"/>
		<feat xlink:href="#sSpan224" value="place"/>
		<feat xlink:href="#sSpan232" value="abstract"/>
		<feat xlink:href="#sSpan272" value="person"/>
		<feat xlink:href="#sSpan292" value="abstract"/>
		<feat xlink:href="#sSpan295" value="place"/>
		<feat xlink:href="#sSpan330" value="abstract"/>
		<feat xlink:href="#sSpan339" value="abstract"/>
		<feat xlink:href="#sSpan347" value="person"/>
		<feat xlink:href="#sSpan358" value="organization"/>
		<feat xlink:href="#sSpan364" value="person"/>
		<feat xlink:href="#sSpan405" value="abstract"/>
		<feat xlink:href="#sSpan420" value="abstract"/>
		<feat xlink:href="#sSpan439" value="person"/>
		<feat xlink:href="#sSpan455" value="person"/>
		<feat xlink:href="#sSpan493" value="person"/>
		<feat xlink:href="#sSpan516" value="person"/>
		<feat xlink:href="#sSpan531" value="person"/>
		<feat xlink:href="#sSpan544" value="abstract"/>
		<feat xlink:href="#sSpan553" value="person"/>
		<feat xlink:href="#sSpan591" value="abstract"/>
		<feat xlink:href="#sSpan614" value="abstract"/>
		<feat xlink:href="#sSpan658" value="abstract"/>
		<feat xlink:href="#sSpan711" value="person"/>
		<feat xlink:href="#sSpan742" value="abstract"/>
		<feat xlink:href="#sSpan751" value="person"/>
		<feat xlink:href="#sSpan787" value="person"/>
		<feat xlink:href="#sSpan815" value="abstract"/>
		<feat xlink:href="#sSpan826" value="person"/>
		<feat xlink:href="#sSpan848" value="person"/>
		<feat xlink:href="#sSpan861" value="person"/>
		<feat xlink:href="#sSpan876" value="person"/>
		<feat xlink:href="#sSpan889" value="person"/>
		<feat xlink:href="#sSpan902" value="person"/>
		<feat xlink:href="#sSpan910" value="person"/>
		<feat xlink:href="#sSpan933" value="person"/>
		<feat xlink:href="#sSpan947" value="person"/>
		<feat xlink:href="#sSpan967" value="person"/>
		<feat xlink:href="#sSpan981" value="person"/>
		<feat xlink:href="#sSpan995" value="person"/>
		<feat xlink:href="#sSpan1010" value="abstract"/>
		<feat xlink:href="#sSpan1021" value="person"/>
		<feat xlink:href="#sSpan1040" value="abstract"/>
		<feat xlink:href="#sSpan1104" value="abstract"/>
		<feat xlink:href="#sSpan1113" value="person"/>
		<feat xlink:href="#sSpan1131" value="abstract"/>
		<feat xlink:href="#sSpan1141" value="person"/>
		<feat xlink:href="#sSpan1153" value="abstract"/>
		<feat xlink:href="#sSpan1188" value="abstract"/>
		<feat xlink:href="#sSpan1212" value="abstract"/>
		<feat xlink:href="#sSpan1245" value="abstract"/>
		<feat xlink:href="#sSpan1274" value="object"/>
		<feat xlink:href="#sSpan1288" value="object"/>
		<feat xlink:href="#sSpan1299" value="object"/>
		<feat xlink:href="#sSpan1308" value="object"/>
		<feat xlink:href="#sSpan1315" value="person"/>
		<feat xlink:href="#sSpan1327" value="object"/>
		<feat xlink:href="#sSpan1336" value="object"/>
		<feat xlink:href="#sSpan1351" value="object"/>
		<feat xlink:href="#sSpan1367" value="abstract"/>
		<feat xlink:href="#sSpan1386" value="person"/>
		<feat xlink:href="#sSpan1395" value="person"/>
		<feat xlink:href="#sSpan1406" value="object"/>
		<feat xlink:href="#sSpan1425" value="person"/>
		<feat xlink:href="#sSpan1439" value="person"/>
		<feat xlink:href="#sSpan1466" value="abstract"/>
		<feat xlink:href="#sSpan1496" value="object"/>
		<feat xlink:href="#sSpan1507" value="abstract"/>
		<feat xlink:href="#sSpan1514" value="person"/>
		<feat xlink:href="#sSpan1542" value="abstract"/>
		<feat xlink:href="#sSpan1552" value="person"/>
		<feat xlink:href="#sSpan1568" value="abstract"/>
		<feat xlink:href="#sSpan1579" value="person"/>
		<feat xlink:href="#sSpan1617" value="person"/>
		<feat xlink:href="#sSpan1634" value="person"/>
		<feat xlink:href="#sSpan1642" value="object"/>
		<feat xlink:href="#sSpan1687" value="person"/>
		<feat xlink:href="#sSpan1696" value="object"/>
		<feat xlink:href="#sSpan1714" value="person"/>
		<feat xlink:href="#sSpan1741" value="person"/>
		<feat xlink:href="#sSpan1748" value="abstract"/>
		<feat xlink:href="#sSpan1786" value="abstract"/>
		<feat xlink:href="#sSpan1798" value="abstract"/>
		<feat xlink:href="#sSpan1809" value="person"/>
		<feat xlink:href="#sSpan1828" value="place"/>
		<feat xlink:href="#sSpan1837" value="object"/>
		<feat xlink:href="#sSpan1847" value="person"/>
		<feat xlink:href="#sSpan1880" value="object"/>
		<feat xlink:href="#sSpan1922" value="object"/>
		<feat xlink:href="#sSpan1930" value="place"/>
		<feat xlink:href="#sSpan1943" value="abstract"/>
		<feat xlink:href="#sSpan1991" value="person"/>
		<feat xlink:href="#sSpan2047" value="abstract"/>
		<feat xlink:href="#sSpan2070" value="person"/>
		<feat xlink:href="#sSpan2079" value="object"/></featList></paula>