<?xml version="1.0" encoding="UTF-8" standalone="no"?>

<!DOCTYPE paula SYSTEM "paula_feat.dtd">
<paula version="1.0">

<header paula_id="aof.YA518-520_translation"/>

<featList xmlns:xlink="http://www.w3.org/1999/xlink" type="translation" xml:base="aof.YA518-520.translationSeg.xml">
<feat xlink:href="#translation_1" value="Letter of Shenoute"/><!-- ⳾ -->
<feat xlink:href="#translation_6" value="Abraham our father wished to have children with Sarah."/><!-- Ⲁⲃⲣⲁϩⲁⲙ` -->
<feat xlink:href="#translation_26" value="And Sarah wished to have children with Abraham."/><!-- ⲁⲩⲱ -->
<feat xlink:href="#translation_46" value="And thus the Lord God gave a child to Abraham in his old age,"/><!-- ⲁⲩⲱ -->
<feat xlink:href="#translation_68" value="begetting Isaac with Sarah in her old age. "/><!-- ⲉ -->
<feat xlink:href="#translation_84" value="They had him, their child beloved like a myriad of children, being one . . ."/><!-- ⲁ -->
<feat xlink:href="#translation_107" value="Neither . . . is . . . after his . . "/><!-- ⲉⲃ[........] -->
<feat xlink:href="#translation_115" value="which came from his part."/><!-- ⲛ̄ⲧ -->
<feat xlink:href="#translation_124" value="And thus he gives rest to the mother who bore him"/><!-- ⲉ -->
<feat xlink:href="#translation_140" value="and in this way he inherited the inheritance of his ancestors"/><!-- ⲁⲩⲱ -->
<feat xlink:href="#translation_156" value="according to that which was said to Abraham through God"/><!-- ⲕⲁⲧⲁ -->
<feat xlink:href="#translation_171" value="&apos;That one who is Ishmael, he will not receive inheritance from you"/><!-- ϫⲉ -->
<feat xlink:href="#translation_188" value="but I will bless him on your account"/><!-- Ⲡⲗⲏⲛ -->
<feat xlink:href="#translation_199" value="and I will glorify him greatly"/><!-- ⲧⲁ -->
<feat xlink:href="#translation_206" value="and make him a great nation which is numerous"/><!-- ⲛ̄ⲧⲁ -->
<feat xlink:href="#translation_219" value="and those who come from your [...]"/><!-- ⲁⲩⲱ -->
<feat xlink:href="#translation_229" value="Isaac [it is he alone who will inher]it from you.&apos;"/><!-- ⲓ̈ⲥⲁⲁⲕ` -->
<feat xlink:href="#translation_238" value="Therefore indeed she spoke boldly in the knowledge of God"/><!-- Ⲉⲧⲃⲉ -->
<feat xlink:href="#translation_254" value="namely, the mother of the child whom she had borne,"/><!-- ⲛ̄ϭⲓ -->
<feat xlink:href="#translation_267" value="&apos;Cast out this slave with her child."/><!-- ϫⲉ -->
<feat xlink:href="#translation_278" value="For the child of this slave will not inherit along with my child, Isaac.&apos;"/><!-- ⲛ̄ⲛⲉ -->
<feat xlink:href="#translation_296" value="Isaac prayed to the Lord, wishing that he would have children with Rebecca "/><!-- Ⲓ̈ⲥⲁⲁⲕ` -->
<feat xlink:href="#translation_322" value="and Rebecca also wished that she would have children with Isaac,"/><!-- ⲁⲩⲱ -->
<feat xlink:href="#translation_341" value="and thus the Lord God gave to them according to their heart,"/><!-- ⲁⲩⲱ -->
<feat xlink:href="#translation_361" value="filling all their requests,"/><!-- ⲉ -->
<feat xlink:href="#translation_374" value="and Esau and Jacob were born."/><!-- ⲉ -->
<feat xlink:href="#translation_385" value="And Isaac blessed Jacob through God by the design of Rebecca, the mother of Jacob,"/><!-- ⲉ -->
<feat xlink:href="#translation_409" value="while Esau became a servant to Jacob, according to the Scriptures,"/><!-- ⲉ -->
<feat xlink:href="#translation_421" value="‘The great will serve the lesser.’"/><!-- ϫⲉ -->
<feat xlink:href="#translation_430" value="And also, ‘Jacob, I loved.  But Esau, I hated.’"/><!-- ⲁⲩⲱ -->
<feat xlink:href="#translation_447" value="And Jacob wished that he would have children with Rachel,"/><!-- Ⲓ̈ⲁⲕⲱⲃ -->
<feat xlink:href="#translation_465" value="as he had with Leah,"/><!-- ⲛ̄ -->
<feat xlink:href="#translation_481" value="and as he had with Zelpha and Balla."/><!-- ⲙ︤ⲛ︥ -->
<feat xlink:href="#translation_496" value="And Rachel wished that she would have children with Jacob. "/><!-- Ϩⲣⲁⲭⲏⲗ` -->
<feat xlink:href="#translation_513" value="And she grieved,"/><!-- ⲁⲩⲱ -->
<feat xlink:href="#translation_520" value="and found fault with Jacob in her ignorance,"/><!-- ⲉ -->
<feat xlink:href="#translation_529" value="in the abundance of [her] grief,"/><!-- ϩ︤ⲙ︥ -->
<feat xlink:href="#translation_538" value="‘Give me children, or I will die.’"/><!-- ϫⲉ -->
<feat xlink:href="#translation_553" value="And Jacob, who was discouraged, said to her,"/><!-- Ⲁⲩⲱ -->
<feat xlink:href="#translation_569" value="‘Am I myself the Lord who robs the fruit from you[r womb]?’"/><!-- ϫⲉ -->
<feat xlink:href="#translation_583" value="And Jacob said these things angrily because he also wished to have children with Rachel."/><!-- ⲁⲩⲱ -->
<feat xlink:href="#translation_616" value="And thus God saw their grief,"/><!-- ⲁⲩⲱ -->
<feat xlink:href="#translation_629" value="and so he gave children to Jacob by Rachel: Joseph and Benjamin."/><!-- ⲉ -->
<feat xlink:href="#translation_646" value="And Jacob blessed all his children through the Lord God,"/><!-- Ⲁⲩⲱ -->
<feat xlink:href="#translation_664" value="he who blessed Abraham and Isaac and Jacob and the children."/><!-- ⲡⲁⲓ̈ -->
</featList>
</paula>
