<?xml version="1.0" encoding="UTF-8" standalone="no"?>

<!DOCTYPE paula SYSTEM "paula_mark.dtd">
<paula version="1.0">

<header paula_id="aof.YA518-520_langSeg"/>

<markList xmlns:xlink="http://www.w3.org/1999/xlink" type="langSeg" xml:base="aof.YA518-520.tok.xml">
<mark id="lang_2" xlink:href="#tok_2"/><!-- ⲥⲉⲛⲟⲩⲑⲓⲟⲩ -->
<mark id="lang_3" xlink:href="#tok_3"/><!-- ⲉⲡⲓⲥⲧⲟⲗⲏ̂ -->
<mark id="lang_6" xlink:href="#tok_6"/><!-- Ⲁⲃⲣⲁϩⲁⲙ` -->
<mark id="lang_24" xlink:href="#tok_24"/><!-- ⲥⲁⲣⲣⲁ` -->
<mark id="lang_27" xlink:href="#tok_27"/><!-- ⲥⲁⲣⲣⲁ -->
<mark id="lang_44" xlink:href="#tok_44"/><!-- ⲁⲃⲣⲁϩⲁⲙ -->
<mark id="lang_62" xlink:href="#xpointer(id('tok_62')/range-to(id('tok_63')))"/><!-- ⲁ...ⲃⲣⲁϩⲁⲙ` -->
<mark id="lang_73" xlink:href="#xpointer(id('tok_73')/range-to(id('tok_74')))"/><!-- ⲓ̈ⲥⲁ...ⲁⲕ` -->
<mark id="lang_77" xlink:href="#xpointer(id('tok_77')/range-to(id('tok_78')))"/><!-- ⲥⲁⲣ...ⲣⲁ` -->
<mark id="lang_108" xlink:href="#tok_108"/><!-- ⲟⲩⲇ[.......] -->
<mark id="lang_122" xlink:href="#tok_122"/><!-- ⲙⲉⲣⲟⲥ -->
<mark id="lang_128" xlink:href="#tok_128"/><!-- ⲇⲉ -->
<mark id="lang_146" xlink:href="#tok_146"/><!-- ⲕⲗⲏⲣⲟⲛⲟⲙⲓ -->
<mark id="lang_149" xlink:href="#xpointer(id('tok_149')/range-to(id('tok_150')))"/><!-- ⲕⲗⲏⲣⲟⲛⲟ...ⲙⲓⲁ` -->
<mark id="lang_156" xlink:href="#tok_156"/><!-- ⲕⲁⲧⲁ -->
<mark id="lang_165" xlink:href="#xpointer(id('tok_165')/range-to(id('tok_166')))"/><!-- ⲁ...ⲃⲣⲁϩⲁⲙ` -->
<mark id="lang_176" xlink:href="#tok_176"/><!-- ⲓ̈ⲥⲙⲁⲏⲗ -->
<mark id="lang_181" xlink:href="#xpointer(id('tok_181')/range-to(id('tok_182')))"/><!-- ⲕⲗⲏ...ⲣⲟⲛⲟⲙⲉⲓ` -->
<mark id="lang_188" xlink:href="#tok_188"/><!-- Ⲡⲗⲏⲛ -->
<mark id="lang_192" xlink:href="#tok_192"/><!-- ⲇⲉ -->
<mark id="lang_213" xlink:href="#xpointer(id('tok_213')/range-to(id('tok_214')))"/><!-- ϩⲉ...ⲑⲛⲟⲥ` -->
<mark id="lang_229" xlink:href="#tok_229"/><!-- ⲓ̈ⲥⲁⲁⲕ` -->
<mark id="lang_234" xlink:href="#tok_234"/><!-- [ⲕⲗⲏ]ⲣⲟⲛⲟⲙⲉⲓ -->
<mark id="lang_247" xlink:href="#tok_247"/><!-- ⲡⲁⲣⲣⲏⲥⲓⲁ` -->
<mark id="lang_280" xlink:href="#tok_280"/><!-- ⲕⲗⲏⲣⲟⲛⲟⲙⲉⲓ` -->
<mark id="lang_281" xlink:href="#tok_281"/><!-- ⲅⲁⲣ -->
<mark id="lang_294" xlink:href="#tok_294"/><!-- ⲓ̈ⲥⲁⲁⲕ` -->
<mark id="lang_296" xlink:href="#tok_296"/><!-- Ⲓ̈ⲥⲁⲁⲕ` -->
<mark id="lang_320" xlink:href="#tok_320"/><!-- ϩⲣⲉⲃⲉⲕⲕⲁ` -->
<mark id="lang_356" xlink:href="#xpointer(id('tok_356')/range-to(id('tok_357')))"/><!-- ⲕⲁ...ⲧⲁ -->
<mark id="lang_369" xlink:href="#xpointer(id('tok_369')/range-to(id('tok_370')))"/><!-- ⲁⲓ...ⲧⲏⲙⲁ -->
<mark id="lang_379" xlink:href="#xpointer(id('tok_379')/range-to(id('tok_380')))"/><!-- ⲏ̂...ⲥⲁⲩ` -->
<mark id="lang_382" xlink:href="#xpointer(id('tok_382')/range-to(id('tok_383')))"/><!-- ⲓ̈ⲁⲕⲱ...ⲃ -->
<mark id="lang_387" xlink:href="#tok_387"/><!-- ⲓ̈ⲥⲁⲁⲕ -->
<mark id="lang_388" xlink:href="#tok_388"/><!-- ⲇⲉ -->
<mark id="lang_391" xlink:href="#xpointer(id('tok_391')/range-to(id('tok_392')))"/><!-- ⲓ̈ⲁⲕⲱ...ⲃ -->
<mark id="lang_403" xlink:href="#tok_403"/><!-- ϩⲣⲉⲃⲉⲕⲕⲁ -->
<mark id="lang_407" xlink:href="#xpointer(id('tok_407')/range-to(id('tok_408')))"/><!-- ⲓ̈ⲁⲕⲱ...ⲃ -->
<mark id="lang_411" xlink:href="#tok_411"/><!-- ⲏ̂ⲥⲁⲩ` -->
<mark id="lang_417" xlink:href="#tok_417"/><!-- ⲓ̈ⲁⲕⲱⲃ` -->
<mark id="lang_418" xlink:href="#tok_418"/><!-- ⲕⲁⲧⲁ -->
<mark id="lang_420" xlink:href="#tok_420"/><!-- ⲅⲣⲁⲫⲏ -->
<mark id="lang_433" xlink:href="#xpointer(id('tok_433')/range-to(id('tok_434')))"/><!-- ⲓ̈ⲁ...ⲕⲱⲃ` -->
<mark id="lang_440" xlink:href="#tok_440"/><!-- ⲏ̂ⲥⲁⲩ -->
<mark id="lang_441" xlink:href="#tok_441"/><!-- ⲇⲉ -->
<mark id="lang_447" xlink:href="#tok_447"/><!-- Ⲓ̈ⲁⲕⲱⲃ -->
<mark id="lang_448" xlink:href="#tok_448"/><!-- ⲇⲉ -->
<mark id="lang_463" xlink:href="#tok_463"/><!-- ϩⲣⲁⲭ̇ⲏⲗ -->
<mark id="lang_479" xlink:href="#tok_479"/><!-- ⲗⲓⲁ -->
<mark id="lang_491" xlink:href="#xpointer(id('tok_491')/range-to(id('tok_492')))"/><!-- ⲍⲉⲗ...ⲫⲁ -->
<mark id="lang_494" xlink:href="#tok_494"/><!-- ⲃⲁⲗⲗⲁ -->
<mark id="lang_496" xlink:href="#tok_496"/><!-- Ϩⲣⲁⲭⲏⲗ` -->
<mark id="lang_497" xlink:href="#tok_497"/><!-- ⲇⲉ -->
<mark id="lang_511" xlink:href="#tok_511"/><!-- ⲕⲱⲃ` -->
<mark id="lang_525" xlink:href="#tok_525"/><!-- ⲓ̈ⲁⲕⲱⲃ` -->
<mark id="lang_554" xlink:href="#tok_554"/><!-- ⲓ̈ⲁⲕⲱⲃ` -->
<mark id="lang_570" xlink:href="#tok_570"/><!-- ⲙⲏ` -->
<mark id="lang_594" xlink:href="#tok_594"/><!-- ⲓ̈ⲁⲕⲱⲃ` -->
<mark id="lang_615" xlink:href="#tok_615"/><!-- ϩⲣⲁⲭⲏⲗ` -->
<mark id="lang_637" xlink:href="#tok_637"/><!-- ⲓ̈ⲁⲕⲱⲃ` -->
<mark id="lang_640" xlink:href="#tok_640"/><!-- ϩⲣⲁⲭⲏⲗ` -->
<mark id="lang_642" xlink:href="#tok_642"/><!-- ⲓ̈ⲱⲥⲏⲫ` -->
<mark id="lang_644" xlink:href="#tok_644"/><!-- ⲃⲉⲛⲓⲁⲙⲓⲛ` -->
<mark id="lang_647" xlink:href="#tok_647"/><!-- ⲓ̈ⲁⲕⲱⲃ` -->
<mark id="lang_670" xlink:href="#xpointer(id('tok_670')/range-to(id('tok_671')))"/><!-- ⲁⲃⲣⲁ...ϩⲁⲙ` -->
<mark id="lang_673" xlink:href="#tok_673"/><!-- ⲓ̈ⲥⲁⲁⲕ` -->
<mark id="lang_675" xlink:href="#tok_675"/><!-- ⲓ̈ⲁⲕⲱⲃ` -->
</markList>
</paula>
