<?xml version='1.0' encoding='UTF-8'?><!DOCTYPE paula SYSTEM "paula_feat.dtd">
<paula version="1.1">
	<header paula_id="scriptorium.martyrdom.victor.01.mark_ed_line_n"/>
	<featList xmlns:xlink="http://www.w3.org/1999/xlink" type="ed_line_n" xml:base="scriptorium.martyrdom.victor.01.mark.xml">
		<feat xlink:href="#sSpan5" value="1"/>
		<feat xlink:href="#sSpan35" value="2"/>
		<feat xlink:href="#sSpan54" value="3"/>
		<feat xlink:href="#sSpan87" value="4"/>
		<feat xlink:href="#sSpan118" value="5"/>
		<feat xlink:href="#sSpan144" value="6"/>
		<feat xlink:href="#sSpan175" value="7"/>
		<feat xlink:href="#sSpan200" value="8"/>
		<feat xlink:href="#sSpan227" value="9"/>
		<feat xlink:href="#sSpan259" value="10"/>
		<feat xlink:href="#sSpan268" value="11"/>
		<feat xlink:href="#sSpan311" value="12"/>
		<feat xlink:href="#sSpan347" value="13"/>
		<feat xlink:href="#sSpan389" value="14"/>
		<feat xlink:href="#sSpan435" value="15"/>
		<feat xlink:href="#sSpan484" value="16"/>
		<feat xlink:href="#sSpan529" value="17"/>
		<feat xlink:href="#sSpan574" value="18"/>
		<feat xlink:href="#sSpan614" value="19"/>
		<feat xlink:href="#sSpan656" value="20"/>
		<feat xlink:href="#sSpan701" value="21"/>
		<feat xlink:href="#sSpan754" value="22"/>
		<feat xlink:href="#sSpan797" value="23"/>
		<feat xlink:href="#sSpan840" value="24"/>
		<feat xlink:href="#sSpan881" value="1"/>
		<feat xlink:href="#sSpan922" value="2"/>
		<feat xlink:href="#sSpan967" value="3"/>
		<feat xlink:href="#sSpan1011" value="4"/>
		<feat xlink:href="#sSpan1054" value="5"/>
		<feat xlink:href="#sSpan1093" value="6"/>
		<feat xlink:href="#sSpan1139" value="7"/>
		<feat xlink:href="#sSpan1179" value="8"/>
		<feat xlink:href="#sSpan1230" value="9"/>
		<feat xlink:href="#sSpan1267" value="10"/>
		<feat xlink:href="#sSpan1312" value="11"/>
		<feat xlink:href="#sSpan1346" value="12"/>
		<feat xlink:href="#sSpan1388" value="13"/>
		<feat xlink:href="#sSpan1427" value="14"/>
		<feat xlink:href="#sSpan1468" value="15"/>
		<feat xlink:href="#sSpan1515" value="16"/>
		<feat xlink:href="#sSpan1555" value="17"/>
		<feat xlink:href="#sSpan1599" value="18"/>
		<feat xlink:href="#sSpan1653" value="19"/>
		<feat xlink:href="#sSpan1702" value="20"/>
		<feat xlink:href="#sSpan1739" value="21"/>
		<feat xlink:href="#sSpan1778" value="22"/>
		<feat xlink:href="#sSpan1823" value="23"/>
		<feat xlink:href="#sSpan1852" value="24"/>
		<feat xlink:href="#sSpan1883" value="25"/>
		<feat xlink:href="#sSpan1919" value="26"/>
		<feat xlink:href="#sSpan1963" value="27"/>
		<feat xlink:href="#sSpan2003" value="28"/>
		<feat xlink:href="#sSpan2047" value="29"/>
		<feat xlink:href="#sSpan2089" value="30"/>
		<feat xlink:href="#sSpan2134" value="31"/>
		<feat xlink:href="#sSpan2166" value="32"/>
		<feat xlink:href="#sSpan2211" value="33"/>
		<feat xlink:href="#sSpan2257" value="34"/>
		<feat xlink:href="#sSpan2302" value="1"/>
		<feat xlink:href="#sSpan2349" value="2"/>
		<feat xlink:href="#sSpan2399" value="3"/>
		<feat xlink:href="#sSpan2448" value="4"/>
		<feat xlink:href="#sSpan2478" value="5"/>
		<feat xlink:href="#sSpan2531" value="6"/>
		<feat xlink:href="#sSpan2570" value="7"/>
		<feat xlink:href="#sSpan2609" value="8"/>
		<feat xlink:href="#sSpan2659" value="9"/>
		<feat xlink:href="#sSpan2705" value="10"/>
		<feat xlink:href="#sSpan2747" value="11"/>
		<feat xlink:href="#sSpan2790" value="12"/>
		<feat xlink:href="#sSpan2834" value="13"/>
		<feat xlink:href="#sSpan2878" value="14"/>
		<feat xlink:href="#sSpan2925" value="15"/>
		<feat xlink:href="#sSpan2962" value="16"/>
		<feat xlink:href="#sSpan2988" value="17"/>
		<feat xlink:href="#sSpan3038" value="18"/>
		<feat xlink:href="#sSpan3075" value="19"/>
		<feat xlink:href="#sSpan3117" value="20"/>
		<feat xlink:href="#sSpan3159" value="21"/>
		<feat xlink:href="#sSpan3196" value="22"/>
		<feat xlink:href="#sSpan3234" value="23"/>
		<feat xlink:href="#sSpan3278" value="24"/>
		<feat xlink:href="#sSpan3321" value="25"/>
		<feat xlink:href="#sSpan3360" value="26"/>
		<feat xlink:href="#sSpan3393" value="27"/>
		<feat xlink:href="#sSpan3430" value="28"/>
		<feat xlink:href="#sSpan3467" value="29"/>
		<feat xlink:href="#sSpan3520" value="30"/>
		<feat xlink:href="#sSpan3567" value="31"/>
		<feat xlink:href="#sSpan3614" value="32"/>
		<feat xlink:href="#sSpan3650" value="33"/>
		<feat xlink:href="#sSpan3695" value="34"/>
		<feat xlink:href="#sSpan3741" value="1"/>
		<feat xlink:href="#sSpan3784" value="2"/>
		<feat xlink:href="#sSpan3828" value="3"/>
		<feat xlink:href="#sSpan3868" value="4"/>
		<feat xlink:href="#sSpan3902" value="5"/>
		<feat xlink:href="#sSpan3946" value="6"/>
		<feat xlink:href="#sSpan3990" value="7"/>
		<feat xlink:href="#sSpan4034" value="8"/>
		<feat xlink:href="#sSpan4066" value="9"/>
		<feat xlink:href="#sSpan4116" value="10"/>
		<feat xlink:href="#sSpan4156" value="11"/>
		<feat xlink:href="#sSpan4193" value="12"/>
		<feat xlink:href="#sSpan4234" value="13"/>
		<feat xlink:href="#sSpan4279" value="14"/>
		<feat xlink:href="#sSpan4325" value="15"/>
		<feat xlink:href="#sSpan4367" value="16"/>
		<feat xlink:href="#sSpan4416" value="17"/>
		<feat xlink:href="#sSpan4448" value="18"/>
		<feat xlink:href="#sSpan4491" value="19"/>
		<feat xlink:href="#sSpan4534" value="20"/>
		<feat xlink:href="#sSpan4588" value="21"/>
		<feat xlink:href="#sSpan4626" value="22"/>
		<feat xlink:href="#sSpan4659" value="23"/>
		<feat xlink:href="#sSpan4705" value="24"/>
		<feat xlink:href="#sSpan4735" value="25"/>
		<feat xlink:href="#sSpan4770" value="26"/>
		<feat xlink:href="#sSpan4814" value="27"/>
		<feat xlink:href="#sSpan4859" value="28"/>
		<feat xlink:href="#sSpan4898" value="29"/>
		<feat xlink:href="#sSpan4947" value="30"/>
		<feat xlink:href="#sSpan4993" value="31"/>
		<feat xlink:href="#sSpan5039" value="32"/>
		<feat xlink:href="#sSpan5078" value="33"/>
		<feat xlink:href="#sSpan5122" value="34"/>
		<feat xlink:href="#sSpan5163" value="1"/>
		<feat xlink:href="#sSpan5208" value="2"/>
		<feat xlink:href="#sSpan5252" value="3"/>
		<feat xlink:href="#sSpan5294" value="4"/>
		<feat xlink:href="#sSpan5340" value="5"/>
		<feat xlink:href="#sSpan5382" value="6"/>
		<feat xlink:href="#sSpan5431" value="7"/>
		<feat xlink:href="#sSpan5485" value="8"/>
		<feat xlink:href="#sSpan5526" value="9"/>
		<feat xlink:href="#sSpan5562" value="10"/>
		<feat xlink:href="#sSpan5604" value="11"/>
		<feat xlink:href="#sSpan5641" value="12"/>
		<feat xlink:href="#sSpan5690" value="13"/>
		<feat xlink:href="#sSpan5727" value="14"/>
		<feat xlink:href="#sSpan5773" value="15"/>
		<feat xlink:href="#sSpan5816" value="16"/>
		<feat xlink:href="#sSpan5869" value="17"/>
		<feat xlink:href="#sSpan5915" value="18"/>
		<feat xlink:href="#sSpan5958" value="19"/>
		<feat xlink:href="#sSpan6013" value="20"/>
		<feat xlink:href="#sSpan6048" value="21"/>
		<feat xlink:href="#sSpan6086" value="22"/>
		<feat xlink:href="#sSpan6129" value="23"/>
		<feat xlink:href="#sSpan6173" value="24"/>
		<feat xlink:href="#sSpan6218" value="25"/>
		<feat xlink:href="#sSpan6265" value="26"/>
		<feat xlink:href="#sSpan6306" value="27"/>
		<feat xlink:href="#sSpan6349" value="28"/>
		<feat xlink:href="#sSpan6393" value="29"/>
		<feat xlink:href="#sSpan6438" value="30"/>
		<feat xlink:href="#sSpan6481" value="31"/>
		<feat xlink:href="#sSpan6506" value="32"/>
		<feat xlink:href="#sSpan6555" value="33"/>
		<feat xlink:href="#sSpan6613" value="34"/>
		<feat xlink:href="#sSpan6663" value="1"/>
		<feat xlink:href="#sSpan6710" value="2"/>
		<feat xlink:href="#sSpan6763" value="3"/>
		<feat xlink:href="#sSpan6805" value="4"/>
		<feat xlink:href="#sSpan6841" value="5"/>
		<feat xlink:href="#sSpan6886" value="6"/>
		<feat xlink:href="#sSpan6926" value="7"/>
		<feat xlink:href="#sSpan6969" value="8"/>
		<feat xlink:href="#sSpan7009" value="9"/></featList></paula>