<?xml version='1.0' encoding='UTF-8'?><!DOCTYPE paula SYSTEM "paula_feat.dtd">
<paula version="1.1">
	<header paula_id="scriptorium.martyrdom.victor.01.mark_pb_xml_id"/>
	<featList xmlns:xlink="http://www.w3.org/1999/xlink" type="pb_xml_id" xml:base="scriptorium.martyrdom.victor.01.mark.xml">
		<feat xlink:href="#sSpan12" value="MERC.AS1"/>
		<feat xlink:href="#sSpan1404" value="MERC.AS2"/>
		<feat xlink:href="#sSpan2831" value="MERC.AS3"/>
		<feat xlink:href="#sSpan4225" value="MERC.AS4"/>
		<feat xlink:href="#sSpan5527" value="MERC.AS5"/>
		<feat xlink:href="#sSpan6791" value="MERC.AS6"/></featList></paula>