<?xml version='1.0' encoding='UTF-8'?><!DOCTYPE paula SYSTEM "paula_feat.dtd">
<paula version="1.1">
	<header paula_id="scriptorium.martyrdom.victor.01.mark_multiword"/>
	<featList xmlns:xlink="http://www.w3.org/1999/xlink" type="multiword" xml:base="scriptorium.martyrdom.victor.01.mark.xml">
		<feat xlink:href="#sSpan207" value="ⲉⲓ ⲉϩⲣⲁⲓ"/>
		<feat xlink:href="#sSpan415" value="ⲉⲓⲣⲉ ⲛ"/>
		<feat xlink:href="#sSpan580" value="ϣⲏⲣⲉ ϣⲏⲙ"/>
		<feat xlink:href="#sSpan905" value="ⲉⲓⲣⲉ ⲛ"/>
		<feat xlink:href="#sSpan971" value="ⲥϩⲁⲓ ⲉⲃⲟⲗ"/>
		<feat xlink:href="#sSpan1629" value="ⲉⲓ ⲉ"/>
		<feat xlink:href="#sSpan1645" value="ⲃⲱⲕ ⲉ"/>
		<feat xlink:href="#sSpan1896" value="ⲃⲱⲕ ⲉ"/>
		<feat xlink:href="#sSpan1971" value="ⲱϣ ⲉⲃⲟⲗ"/>
		<feat xlink:href="#sSpan2394" value="ⲥⲱⲕ ϩⲏⲧ"/>
		<feat xlink:href="#sSpan2457" value="ⲉⲓⲛⲉ ⲉϩⲟⲩⲛ"/>
		<feat xlink:href="#sSpan2765" value="ⲉⲓ ⲉ"/>
		<feat xlink:href="#sSpan3737" value="ϯ ⲡⲉϥ ⲟⲩⲟⲓ"/>
		<feat xlink:href="#sSpan5171" value="ⲃⲱⲕ ⲉϩⲣⲁⲓ"/>
		<feat xlink:href="#sSpan5742" value="ⲉⲓ ⲉⲃⲟⲗ"/>
		<feat xlink:href="#sSpan5861" value="ⲉⲓⲣⲉ ⲛ"/>
		<feat xlink:href="#sSpan6958" value="ⲉⲓⲣⲉ ⲛ"/></featList></paula>