<?xml version='1.0' encoding='UTF-8'?><!DOCTYPE paula SYSTEM "paula_feat.dtd">
<paula version="1.1">
	<header paula_id="scriptorium.life.onnophrius.02.mark_new_sent"/>
	<featList xmlns:xlink="http://www.w3.org/1999/xlink" type="new_sent" xml:base="scriptorium.life.onnophrius.02.mark.xml">
		<feat xlink:href="#sSpan1" value="true"/>
		<feat xlink:href="#sSpan81" value="true"/>
		<feat xlink:href="#sSpan121" value="true"/>
		<feat xlink:href="#sSpan162" value="true"/>
		<feat xlink:href="#sSpan268" value="true"/>
		<feat xlink:href="#sSpan453" value="true"/>
		<feat xlink:href="#sSpan607" value="true"/>
		<feat xlink:href="#sSpan680" value="true"/>
		<feat xlink:href="#sSpan716" value="true"/>
		<feat xlink:href="#sSpan740" value="true"/>
		<feat xlink:href="#sSpan765" value="true"/>
		<feat xlink:href="#sSpan818" value="true"/>
		<feat xlink:href="#sSpan916" value="true"/>
		<feat xlink:href="#sSpan1135" value="true"/>
		<feat xlink:href="#sSpan1268" value="true"/>
		<feat xlink:href="#sSpan1303" value="true"/>
		<feat xlink:href="#sSpan1324" value="true"/>
		<feat xlink:href="#sSpan1363" value="true"/>
		<feat xlink:href="#sSpan1428" value="true"/>
		<feat xlink:href="#sSpan1485" value="true"/>
		<feat xlink:href="#sSpan1608" value="true"/>
		<feat xlink:href="#sSpan1725" value="true"/>
		<feat xlink:href="#sSpan1774" value="true"/>
		<feat xlink:href="#sSpan1832" value="true"/>
		<feat xlink:href="#sSpan1850" value="true"/>
		<feat xlink:href="#sSpan1977" value="true"/>
		<feat xlink:href="#sSpan2020" value="true"/>
		<feat xlink:href="#sSpan2058" value="true"/>
		<feat xlink:href="#sSpan2070" value="true"/>
		<feat xlink:href="#sSpan2186" value="true"/>
		<feat xlink:href="#sSpan2242" value="true"/>
		<feat xlink:href="#sSpan2309" value="true"/>
		<feat xlink:href="#sSpan2377" value="true"/>
		<feat xlink:href="#sSpan2451" value="true"/>
		<feat xlink:href="#sSpan2470" value="true"/>
		<feat xlink:href="#sSpan2521" value="true"/>
		<feat xlink:href="#sSpan2626" value="true"/>
		<feat xlink:href="#sSpan2668" value="true"/>
		<feat xlink:href="#sSpan2690" value="true"/>
		<feat xlink:href="#sSpan2711" value="true"/>
		<feat xlink:href="#sSpan2765" value="true"/>
		<feat xlink:href="#sSpan2776" value="true"/>
		<feat xlink:href="#sSpan2847" value="true"/>
		<feat xlink:href="#sSpan2867" value="true"/>
		<feat xlink:href="#sSpan2906" value="true"/>
		<feat xlink:href="#sSpan2956" value="true"/>
		<feat xlink:href="#sSpan2998" value="true"/>
		<feat xlink:href="#sSpan3196" value="true"/>
		<feat xlink:href="#sSpan3258" value="true"/>
		<feat xlink:href="#sSpan3330" value="true"/>
		<feat xlink:href="#sSpan3393" value="true"/>
		<feat xlink:href="#sSpan3469" value="true"/>
		<feat xlink:href="#sSpan3558" value="true"/>
		<feat xlink:href="#sSpan3589" value="true"/>
		<feat xlink:href="#sSpan3670" value="true"/>
		<feat xlink:href="#sSpan3717" value="true"/>
		<feat xlink:href="#sSpan3829" value="true"/>
		<feat xlink:href="#sSpan3988" value="true"/>
		<feat xlink:href="#sSpan4032" value="true"/>
		<feat xlink:href="#sSpan4263" value="true"/>
		<feat xlink:href="#sSpan4363" value="true"/>
		<feat xlink:href="#sSpan4451" value="true"/>
		<feat xlink:href="#sSpan4576" value="true"/>
		<feat xlink:href="#sSpan4636" value="true"/>
		<feat xlink:href="#sSpan4834" value="true"/>
		<feat xlink:href="#sSpan4870" value="true"/>
		<feat xlink:href="#sSpan4902" value="true"/>
		<feat xlink:href="#sSpan5027" value="true"/>
		<feat xlink:href="#sSpan5075" value="true"/>
		<feat xlink:href="#sSpan5226" value="true"/>
		<feat xlink:href="#sSpan5287" value="true"/>
		<feat xlink:href="#sSpan5486" value="true"/>
		<feat xlink:href="#sSpan5630" value="true"/>
		<feat xlink:href="#sSpan5728" value="true"/>
		<feat xlink:href="#sSpan5801" value="true"/>
		<feat xlink:href="#sSpan5874" value="true"/>
		<feat xlink:href="#sSpan5905" value="true"/>
		<feat xlink:href="#sSpan5952" value="true"/>
		<feat xlink:href="#sSpan6062" value="true"/>
		<feat xlink:href="#sSpan6136" value="true"/>
		<feat xlink:href="#sSpan6150" value="true"/>
		<feat xlink:href="#sSpan6295" value="true"/></featList></paula>