<?xml version='1.0' encoding='UTF-8'?><!DOCTYPE paula SYSTEM "paula_feat.dtd">
<paula version="1.1">
	<header paula_id="scriptorium.life.onnophrius.02.mark_multiword"/>
	<featList xmlns:xlink="http://www.w3.org/1999/xlink" type="multiword" xml:base="scriptorium.life.onnophrius.02.mark.xml">
		<feat xlink:href="#sSpan42" value="ϩⲉ ⲉ"/>
		<feat xlink:href="#sSpan104" value="ϩⲉ ⲉ"/>
		<feat xlink:href="#sSpan139" value="ϩⲉ ⲉ"/>
		<feat xlink:href="#sSpan436" value="ⲉⲓ ⲉⲃⲟⲗ"/>
		<feat xlink:href="#sSpan801" value="ⲉⲃⲟⲗ ϩⲛ"/>
		<feat xlink:href="#sSpan1242" value="ϩⲉ ⲉⲃⲟⲗ"/>
		<feat xlink:href="#sSpan1292" value="ⲱϣ ⲉⲃⲟⲗ"/>
		<feat xlink:href="#sSpan1338" value="ⲉⲃⲟⲗ ϩⲛ"/>
		<feat xlink:href="#sSpan1557" value="ϭⲱ ⲉ"/>
		<feat xlink:href="#sSpan1644" value="ⲉⲃⲟⲗ ϩⲓⲧⲟⲟⲧ"/>
		<feat xlink:href="#sSpan1683" value="ⲣ ⲧ ϩⲉ"/>
		<feat xlink:href="#sSpan1763" value="ⲥⲁ ⲛϩⲟⲩⲛ"/>
		<feat xlink:href="#sSpan1782" value="ⲣ ⲧ ϩⲉ"/>
		<feat xlink:href="#sSpan1812" value="ⲡⲱⲱⲛⲉ ⲉ"/>
		<feat xlink:href="#sSpan1996" value="ⲉⲃⲟⲗ ϩⲛ"/>
		<feat xlink:href="#sSpan2163" value="ϩⲉ ⲉ"/>
		<feat xlink:href="#sSpan2942" value="ⲉⲃⲟⲗ ϩⲓⲧⲟⲟⲧ"/>
		<feat xlink:href="#sSpan3369" value="ⲉⲓ ⲉϫⲛ"/>
		<feat xlink:href="#sSpan3573" value="ⲙⲟⲟϣⲉ ⲉⲃⲟⲗ"/>
		<feat xlink:href="#sSpan3790" value="ⲉⲓ ⲉ"/>
		<feat xlink:href="#sSpan3888" value="ⲙⲏⲏϣⲉ ⲛ"/>
		<feat xlink:href="#sSpan4006" value="ⲉⲃⲟⲗ ϩⲛ"/>
		<feat xlink:href="#sSpan4239" value="ⲧⲁϩⲟ ⲉⲣⲁⲧ"/>
		<feat xlink:href="#sSpan4284" value="ⲧⲁⲩⲟ ⲉⲃⲟⲗ"/>
		<feat xlink:href="#sSpan4520" value="ⲛⲏⲩ ⲉⲃⲟⲗ"/>
		<feat xlink:href="#sSpan5156" value="ⲟⲩⲟⲛ ⲛⲓⲙ"/>
		<feat xlink:href="#sSpan5518" value="ⲣ ⲡ ⲱⲃϣ"/>
		<feat xlink:href="#sSpan5597" value="ϭⲱ ⲉ"/>
		<feat xlink:href="#sSpan5615" value="ⲙⲏⲏϣⲉ ⲛ"/>
		<feat xlink:href="#sSpan5643" value="ⲡⲱⲱⲛⲉ ⲉ"/>
		<feat xlink:href="#sSpan5787" value="ⲉⲃⲟⲗ ϩⲓⲧⲟⲟⲧ"/>
		<feat xlink:href="#sSpan5812" value="ⲣ ⲡ ⲱⲃϣ"/>
		<feat xlink:href="#sSpan5857" value="ⲙⲟⲟϣⲉ ϩⲛ"/>
		<feat xlink:href="#sSpan5887" value="ⲉⲓ ⲉ"/>
		<feat xlink:href="#sSpan5923" value="ⲉⲓ ⲉ"/>
		<feat xlink:href="#sSpan6108" value="ⲃⲱⲕ ⲉ"/>
		<feat xlink:href="#sSpan6157" value="ⲙⲟⲟϣⲉ ⲙⲛ"/>
		<feat xlink:href="#sSpan6277" value="ⲉⲓ ⲉϫⲛ"/></featList></paula>