<?xml version='1.0' encoding='UTF-8'?><!DOCTYPE paula SYSTEM "paula_feat.dtd">
<paula version="1.1">
	<header paula_id="scriptorium.life.onnophrius.02.mark_chapter_n"/>
	<featList xmlns:xlink="http://www.w3.org/1999/xlink" type="chapter_n" xml:base="scriptorium.life.onnophrius.02.mark.xml">
		<feat xlink:href="#sSpan9" value="9"/>
		<feat xlink:href="#sSpan614" value="10"/>
		<feat xlink:href="#sSpan1140" value="11"/>
		<feat xlink:href="#sSpan1982" value="12"/>
		<feat xlink:href="#sSpan2631" value="13"/>
		<feat xlink:href="#sSpan3562" value="14"/>
		<feat xlink:href="#sSpan4455" value="15"/>
		<feat xlink:href="#sSpan5291" value="16"/></featList></paula>