<?xml version='1.0' encoding='UTF-8'?><!DOCTYPE paula SYSTEM "paula_feat.dtd">
<paula version="1.1">
	<header paula_id="scriptorium.life.onnophrius.02.mark_norm"/>
	<featList xmlns:xlink="http://www.w3.org/1999/xlink" type="norm" xml:base="scriptorium.life.onnophrius.02.mark.xml">
		<feat xlink:href="#sSpan1" value="ⲉⲣⲉ"/>
		<feat xlink:href="#sSpan11" value="ⲛ"/>
		<feat xlink:href="#sSpan14" value="ⲉⲧ"/>
		<feat xlink:href="#sSpan16" value="ϣⲟⲟⲡ"/>
		<feat xlink:href="#sSpan18" value="ϩⲙ"/>
		<feat xlink:href="#sSpan22" value="ⲡ"/>
		<feat xlink:href="#sSpan25" value="ϫⲁⲓⲉ"/>
		<feat xlink:href="#sSpan27" value="ⲉⲧⲃⲉ"/>
		<feat xlink:href="#sSpan31" value="ⲡ"/>
		<feat xlink:href="#sSpan34" value="ⲛⲟⲩⲧⲉ"/>
		<feat xlink:href="#sSpan36" value="ⲛⲁ"/>
		<feat xlink:href="#sSpan40" value="ϩⲉ"/>
		<feat xlink:href="#sSpan43" value="ⲉ"/>
		<feat xlink:href="#sSpan47" value="ⲣⲱⲙⲉ"/>
		<feat xlink:href="#sSpan50" value="ⲧⲱⲛ"/>
		<feat xlink:href="#sSpan55" value="·"/>
		<feat xlink:href="#sSpan59" value="ⲉⲣϣⲁⲛ"/>
		<feat xlink:href="#sSpan63" value="ⲟⲩ"/>
		<feat xlink:href="#sSpan67" value="ⲑⲗⲓⲯⲓⲥ"/>
		<feat xlink:href="#sSpan70" value="ⲧⲁϩⲟ"/>
		<feat xlink:href="#sSpan74" value="ⲟⲩ"/>
		<feat xlink:href="#sSpan76" value="·"/>
		<feat xlink:href="#sSpan81" value="ⲏ"/>
		<feat xlink:href="#sSpan87" value="ⲉⲩϣⲁⲛ"/>
		<feat xlink:href="#sSpan91" value="ϩⲕⲟ"/>
		<feat xlink:href="#sSpan93" value="ⲉ"/>
		<feat xlink:href="#sSpan98" value="ⲩ"/>
		<feat xlink:href="#sSpan100" value="ⲛⲁ"/>
		<feat xlink:href="#sSpan102" value="ϩⲉ"/>
		<feat xlink:href="#sSpan105" value="ⲉ"/>
		<feat xlink:href="#sSpan110" value="ⲧⲣⲟⲫⲏ"/>
		<feat xlink:href="#sSpan113" value="ⲧⲱⲛ"/>
		<feat xlink:href="#sSpan117" value="·"/>
		<feat xlink:href="#sSpan121" value="ⲉⲩϣⲁⲛ"/>
		<feat xlink:href="#sSpan127" value="ⲉⲓⲃⲉ"/>
		<feat xlink:href="#sSpan129" value="ⲉ"/>
		<feat xlink:href="#sSpan133" value="ⲩ"/>
		<feat xlink:href="#sSpan135" value="ⲛⲁ"/>
		<feat xlink:href="#sSpan137" value="ϩⲉ"/>
		<feat xlink:href="#sSpan140" value="ⲉ"/>
		<feat xlink:href="#sSpan144" value="ⲙⲟⲟⲩ"/>
		<feat xlink:href="#sSpan147" value="ⲧⲱⲛ"/>
		<feat xlink:href="#sSpan152" value="ⲉ"/>
		<feat xlink:href="#sSpan156" value="ⲥⲱ"/>
		<feat xlink:href="#sSpan158" value="·"/>
		<feat xlink:href="#sSpan162" value="ⲧ"/>
		<feat xlink:href="#sSpan170" value="ⲁⲣⲭⲏ"/>
		<feat xlink:href="#sSpan173" value="ⲅⲁⲣ"/>
		<feat xlink:href="#sSpan177" value="ⲉ"/>
		<feat xlink:href="#sSpan181" value="ⲩ"/>
		<feat xlink:href="#sSpan183" value="ⲛⲁ"/>
		<feat xlink:href="#sSpan185" value="ⲃⲱⲕ"/>
		<feat xlink:href="#sSpan187" value="·"/>
		<feat xlink:href="#sSpan191" value="ⲉ"/>
		<feat xlink:href="#sSpan195" value="ⲧ"/>
		<feat xlink:href="#sSpan198" value="ⲁⲛⲁⲭⲱⲣⲓⲥⲓⲥ"/>
		<feat xlink:href="#sSpan201" value="·"/>
		<feat xlink:href="#sSpan205" value="ϣⲁ"/>
		<feat xlink:href="#sSpan209" value="ⲩ"/>
		<feat xlink:href="#sSpan211" value="ⲣⲁϣⲉ"/>
		<feat xlink:href="#sSpan213" value="ⲉⲙⲁⲧⲉ"/>
		<feat xlink:href="#sSpan217" value="·"/>
		<feat xlink:href="#sSpan221" value="ⲉⲧⲃⲉ"/>
		<feat xlink:href="#sSpan225" value="ⲡⲉ"/>
		<feat xlink:href="#sSpan228" value="ϩⲕⲟ"/>
		<feat xlink:href="#sSpan230" value="ⲙⲛ"/>
		<feat xlink:href="#sSpan234" value="ⲡ"/>
		<feat xlink:href="#sSpan237" value="ⲉⲓⲃⲉ"/>
		<feat xlink:href="#sSpan239" value="·"/>
		<feat xlink:href="#sSpan243" value="ⲙⲛ"/>
		<feat xlink:href="#sSpan248" value="ⲙ"/>
		<feat xlink:href="#sSpan252" value="ⲡⲟⲗⲓⲧⲉⲓⲁ"/>
		<feat xlink:href="#sSpan254" value="·"/>
		<feat xlink:href="#sSpan258" value="ⲉⲧ"/>
		<feat xlink:href="#sSpan262" value="ⲑⲏⲧ"/>
		<feat xlink:href="#sSpan264" value="·"/>
		<feat xlink:href="#sSpan268" value="ⲛⲧⲉ"/>
		<feat xlink:href="#sSpan274" value="ⲡ"/>
		<feat xlink:href="#sSpan278" value="ⲡⲁⲛⲧⲩⲕⲓⲙⲉⲛⲟⲥ"/>
		<feat xlink:href="#sSpan280" value="·"/>
		<feat xlink:href="#sSpan284" value="ⲉⲧ"/>
		<feat xlink:href="#sSpan289" value="ϯ"/>
		<feat xlink:href="#sSpan291" value="ⲛⲙⲙⲁ"/>
		<feat xlink:href="#sSpan295" value="ⲩ"/>
		<feat xlink:href="#sSpan297" value="·"/>
		<feat xlink:href="#sSpan301" value="ⲉ"/>
		<feat xlink:href="#sSpan305" value="ⲧⲣⲉ"/>
		<feat xlink:href="#sSpan307" value="ϥ"/>
		<feat xlink:href="#sSpan309" value="ⲡⲉⲓⲣⲁⲍⲉ"/>
		<feat xlink:href="#sSpan311" value="ⲙⲙⲟ"/>
		<feat xlink:href="#sSpan315" value="ⲟⲩ"/>
		<feat xlink:href="#sSpan317" value="ⲛϩⲏⲧ"/>
		<feat xlink:href="#sSpan321" value="ⲟⲩ"/>
		<feat xlink:href="#sSpan323" value="·"/>
		<feat xlink:href="#sSpan327" value="ⲉ"/>
		<feat xlink:href="#sSpan332" value="ⲛ"/>
		<feat xlink:href="#sSpan334" value="ϥ"/>
		<feat xlink:href="#sSpan336" value="ⲟⲩⲱϣ"/>
		<feat xlink:href="#sSpan338" value="ⲁⲛ"/>
		<feat xlink:href="#sSpan342" value="ⲉ"/>
		<feat xlink:href="#sSpan346" value="ⲧⲣⲉ"/>
		<feat xlink:href="#sSpan348" value="ⲩ"/>
		<feat xlink:href="#sSpan350" value="ϭⲱ"/>
		<feat xlink:href="#sSpan352" value="ϩⲛ"/>
		<feat xlink:href="#sSpan356" value="ⲧ"/>
		<feat xlink:href="#sSpan359" value="ⲁⲛⲁⲭⲱⲣⲓⲥⲓⲥ"/>
		<feat xlink:href="#sSpan361" value="·"/>
		<feat xlink:href="#sSpan365" value="ⲉ"/>
		<feat xlink:href="#sSpan369" value="ϥ"/>
		<feat xlink:href="#sSpan371" value="ⲥⲟⲟⲩⲛ"/>
		<feat xlink:href="#sSpan374" value="ϫⲉ"/>
		<feat xlink:href="#sSpan378" value="ⲟⲩ"/>
		<feat xlink:href="#sSpan381" value="ⲛⲟϭ"/>
		<feat xlink:href="#sSpan383" value="ⲡⲉ"/>
		<feat xlink:href="#sSpan387" value="ⲡ"/>
		<feat xlink:href="#sSpan392" value="ⲃⲉⲉⲕⲉ"/>
		<feat xlink:href="#sSpan394" value="·"/>
		<feat xlink:href="#sSpan398" value="ⲉⲧ"/>
		<feat xlink:href="#sSpan402" value="ⲟⲩ"/>
		<feat xlink:href="#sSpan404" value="ⲛⲁ"/>
		<feat xlink:href="#sSpan406" value="ϫⲓⲧ"/>
		<feat xlink:href="#sSpan408" value="ϥ"/>
		<feat xlink:href="#sSpan410" value="ⲛⲧⲟⲟⲧ"/>
		<feat xlink:href="#sSpan415" value="ϥ"/>
		<feat xlink:href="#sSpan417" value="ⲙ"/>
		<feat xlink:href="#sSpan421" value="ⲡ"/>
		<feat xlink:href="#sSpan424" value="ⲛⲟⲩⲧⲉ"/>
		<feat xlink:href="#sSpan426" value="·"/>
		<feat xlink:href="#sSpan430" value="ⲉⲩϣⲁⲛ"/>
		<feat xlink:href="#sSpan434" value="ⲉⲓ"/>
		<feat xlink:href="#sSpan437" value="ⲉⲃⲟⲗ"/>
		<feat xlink:href="#sSpan441" value="ϩⲛ"/>
		<feat xlink:href="#sSpan446" value="ⲥⲱⲙⲁ"/>
		<feat xlink:href="#sSpan449" value="·"/>
		<feat xlink:href="#sSpan453" value="ⲙ"/>
		<feat xlink:href="#sSpan459" value="ⲡ"/>
		<feat xlink:href="#sSpan463" value="ⲛⲁⲩ"/>
		<feat xlink:href="#sSpan465" value="ⲙⲙⲁⲧⲉ"/>
		<feat xlink:href="#sSpan469" value="ⲉⲧ"/>
		<feat xlink:href="#sSpan473" value="ⲟⲩ"/>
		<feat xlink:href="#sSpan475" value="ⲛⲁ"/>
		<feat xlink:href="#sSpan478" value="ϩⲩⲡⲟⲙⲉⲓⲛⲉ"/>
		<feat xlink:href="#sSpan480" value="·"/>
		<feat xlink:href="#sSpan484" value="ϣⲁⲣⲉ"/>
		<feat xlink:href="#sSpan488" value="ⲙ"/>
		<feat xlink:href="#sSpan491" value="ⲙⲛⲧϣⲁⲛϩⲧⲏϥ"/>
		<feat xlink:href="#sSpan499" value="ⲙ"/>
		<feat xlink:href="#sSpan503" value="ⲡ"/>
		<feat xlink:href="#sSpan506" value="ⲛⲟⲩⲧⲉ"/>
		<feat xlink:href="#sSpan508" value="ⲧⲁϩⲟ"/>
		<feat xlink:href="#sSpan512" value="ⲟⲩ"/>
		<feat xlink:href="#sSpan514" value="·"/>
		<feat xlink:href="#sSpan518" value="ϣⲁ"/>
		<feat xlink:href="#sSpan522" value="ϥ"/>
		<feat xlink:href="#sSpan524" value="ⲧⲣⲉ"/>
		<feat xlink:href="#sSpan526" value="ⲛ"/>
		<feat xlink:href="#sSpan530" value="ⲁⲅⲅⲉⲗⲟⲥ"/>
		<feat xlink:href="#sSpan533" value="·"/>
		<feat xlink:href="#sSpan537" value="ⲇⲓⲁⲕⲱⲛⲉⲓ"/>
		<feat xlink:href="#sSpan541" value="ⲛⲁ"/>
		<feat xlink:href="#sSpan545" value="ⲩ"/>
		<feat xlink:href="#sSpan547" value="ⲛ"/>
		<feat xlink:href="#sSpan551" value="ⲧⲉⲩ"/>
		<feat xlink:href="#sSpan555" value="ⲧⲣⲟⲫⲏ"/>
		<feat xlink:href="#sSpan557" value="·"/>
		<feat xlink:href="#sSpan561" value="ⲛ"/>
		<feat xlink:href="#sSpan565" value="ϥ"/>
		<feat xlink:href="#sSpan567" value="ⲉⲓⲛⲉ"/>
		<feat xlink:href="#sSpan569" value="ⲛⲁ"/>
		<feat xlink:href="#sSpan573" value="ⲩ"/>
		<feat xlink:href="#sSpan575" value="ⲙ"/>
		<feat xlink:href="#sSpan580" value="ⲡ"/>
		<feat xlink:href="#sSpan583" value="ⲙⲟⲟⲩ"/>
		<feat xlink:href="#sSpan585" value="ⲉⲃⲟⲗ"/>
		<feat xlink:href="#sSpan589" value="·"/>
		<feat xlink:href="#sSpan593" value="ϩⲛ"/>
		<feat xlink:href="#sSpan597" value="ⲟⲩ"/>
		<feat xlink:href="#sSpan601" value="ⲡⲉⲧⲣⲁ"/>
		<feat xlink:href="#sSpan603" value="⁛"/>
		<feat xlink:href="#sSpan607" value="ϥ"/>
		<feat xlink:href="#sSpan615" value="ⲥⲏϩ"/>
		<feat xlink:href="#sSpan618" value="ⲅⲁⲣ"/>
		<feat xlink:href="#sSpan622" value="ϩⲛ"/>
		<feat xlink:href="#sSpan627" value="ⲏⲥⲁⲓⲁⲥ"/>
		<feat xlink:href="#sSpan630" value="·"/>
		<feat xlink:href="#sSpan634" value="ϫⲉ"/>
		<feat xlink:href="#sSpan638" value="ⲛ"/>
		<feat xlink:href="#sSpan641" value="ⲉⲧ"/>
		<feat xlink:href="#sSpan644" value="ϩⲩⲡⲟⲙⲉⲓⲛⲉ"/>
		<feat xlink:href="#sSpan646" value="·"/>
		<feat xlink:href="#sSpan650" value="ⲉ"/>
		<feat xlink:href="#sSpan654" value="ⲡ"/>
		<feat xlink:href="#sSpan657" value="ϫⲟⲉⲓⲥ"/>
		<feat xlink:href="#sSpan659" value="ⲛⲁ"/>
		<feat xlink:href="#sSpan664" value="ϣⲓⲃⲉ"/>
		<feat xlink:href="#sSpan666" value="ⲛ"/>
		<feat xlink:href="#sSpan670" value="ⲧⲉⲩ"/>
		<feat xlink:href="#sSpan673" value="ϭⲟⲙ"/>
		<feat xlink:href="#sSpan675" value="·"/>
		<feat xlink:href="#sSpan679" value="ⲥⲉ"/>
		<feat xlink:href="#sSpan685" value="ⲛⲁ"/>
		<feat xlink:href="#sSpan688" value="ⲣⲉⲧⲧⲛϩ"/>
		<feat xlink:href="#sSpan691" value="ⲛ"/>
		<feat xlink:href="#sSpan695" value="ⲧ"/>
		<feat xlink:href="#sSpan697" value="ϩⲉ"/>
		<feat xlink:href="#sSpan699" value="ⲛ"/>
		<feat xlink:href="#sSpan704" value="ⲛⲓ"/>
		<feat xlink:href="#sSpan708" value="ⲁⲓⲧⲟⲥ"/>
		<feat xlink:href="#sSpan711" value="·"/>
		<feat xlink:href="#sSpan715" value="ⲥⲉ"/>
		<feat xlink:href="#sSpan721" value="ⲛⲁ"/>
		<feat xlink:href="#sSpan723" value="ⲡⲱⲧ"/>
		<feat xlink:href="#sSpan725" value="ⲛ"/>
		<feat xlink:href="#sSpan729" value="ⲥⲉ"/>
		<feat xlink:href="#sSpan731" value="ⲧⲙ"/>
		<feat xlink:href="#sSpan733" value="ϩⲉ"/>
		<feat xlink:href="#sSpan735" value="·"/>
		<feat xlink:href="#sSpan739" value="ⲥⲉ"/>
		<feat xlink:href="#sSpan745" value="ⲛⲁ"/>
		<feat xlink:href="#sSpan747" value="ⲙⲟⲟϣⲉ"/>
		<feat xlink:href="#sSpan749" value="ⲛ"/>
		<feat xlink:href="#sSpan753" value="ⲥⲉ"/>
		<feat xlink:href="#sSpan755" value="ⲧⲙ"/>
		<feat xlink:href="#sSpan757" value="ϩⲕⲟ"/>
		<feat xlink:href="#sSpan760" value="·"/>
		<feat xlink:href="#sSpan764" value="ⲁ"/>
		<feat xlink:href="#sSpan770" value="ϥ"/>
		<feat xlink:href="#sSpan772" value="ϫⲟⲟ"/>
		<feat xlink:href="#sSpan774" value="ⲥ"/>
		<feat xlink:href="#sSpan776" value="ϫⲉ"/>
		<feat xlink:href="#sSpan780" value="ⲥⲉ"/>
		<feat xlink:href="#sSpan782" value="ⲛⲁ"/>
		<feat xlink:href="#sSpan784" value="ⲛ"/>
		<feat xlink:href="#sSpan786" value="ⲡ"/>
		<feat xlink:href="#sSpan789" value="ⲙⲟⲟⲩ"/>
		<feat xlink:href="#sSpan791" value="ⲛⲁ"/>
		<feat xlink:href="#sSpan795" value="ⲩ"/>
		<feat xlink:href="#sSpan797" value="ⲉⲃⲟⲗ"/>
		<feat xlink:href="#sSpan802" value="ϩⲛ"/>
		<feat xlink:href="#sSpan806" value="ⲟⲩ"/>
		<feat xlink:href="#sSpan811" value="ⲡⲉⲧⲣⲁ"/>
		<feat xlink:href="#sSpan813" value="·"/>
		<feat xlink:href="#sSpan817" value="ⲉⲩϣⲁⲛ"/>
		<feat xlink:href="#sSpan823" value="ϩⲕⲟ"/>
		<feat xlink:href="#sSpan825" value="·"/>
		<feat xlink:href="#sSpan830" value="ⲇⲉ"/>
		<feat xlink:href="#sSpan834" value="ⲟⲛ"/>
		<feat xlink:href="#sSpan838" value="ϣⲁ"/>
		<feat xlink:href="#sSpan842" value="ϥ"/>
		<feat xlink:href="#sSpan844" value="ⲧⲣⲉ"/>
		<feat xlink:href="#sSpan846" value="ⲛ"/>
		<feat xlink:href="#sSpan850" value="ⲃⲟⲧⲁⲛⲏ"/>
		<feat xlink:href="#sSpan852" value="ⲉⲧ"/>
		<feat xlink:href="#sSpan857" value="ϩⲛ"/>
		<feat xlink:href="#sSpan859" value="ⲧ"/>
		<feat xlink:href="#sSpan862" value="ⲥⲱϣⲉ"/>
		<feat xlink:href="#sSpan864" value="·"/>
		<feat xlink:href="#sSpan868" value="ϩⲗⲟϭ"/>
		<feat xlink:href="#sSpan872" value="ϩⲛ"/>
		<feat xlink:href="#sSpan876" value="ⲧⲉⲩ"/>
		<feat xlink:href="#sSpan879" value="ⲧⲁⲡⲣⲟ"/>
		<feat xlink:href="#sSpan881" value="·"/>
		<feat xlink:href="#sSpan885" value="ⲛ"/>
		<feat xlink:href="#sSpan889" value="ⲧ"/>
		<feat xlink:href="#sSpan891" value="ϩⲉ"/>
		<feat xlink:href="#sSpan893" value="ⲛ"/>
		<feat xlink:href="#sSpan897" value="ⲟⲩ"/>
		<feat xlink:href="#sSpan900" value="ⲉⲃⲓⲱ"/>
		<feat xlink:href="#sSpan902" value="·"/>
		<feat xlink:href="#sSpan906" value="ⲉ"/>
		<feat xlink:href="#sSpan911" value="ϥ"/>
		<feat xlink:href="#sSpan913" value="ϩⲟⲗϭ"/>
		<feat xlink:href="#sSpan915" value="ⲉⲣϣⲁⲛ"/>
		<feat xlink:href="#sSpan921" value="ⲟⲩ"/>
		<feat xlink:href="#sSpan925" value="ⲑⲗⲓⲯⲓⲥ"/>
		<feat xlink:href="#sSpan927" value="·"/>
		<feat xlink:href="#sSpan931" value="ⲧⲁϩⲟ"/>
		<feat xlink:href="#sSpan935" value="ⲟⲩ"/>
		<feat xlink:href="#sSpan938" value="ⲏ"/>
		<feat xlink:href="#sSpan942" value="ⲛⲧⲉ"/>
		<feat xlink:href="#sSpan946" value="ⲟⲩ"/>
		<feat xlink:href="#sSpan950" value="ⲕⲓⲛⲇⲩⲛⲟⲥ"/>
		<feat xlink:href="#sSpan953" value="·"/>
		<feat xlink:href="#sSpan957" value="ⲧⲱⲟⲩⲛ"/>
		<feat xlink:href="#sSpan961" value="ⲉϫⲱ"/>
		<feat xlink:href="#sSpan965" value="ⲟⲩ"/>
		<feat xlink:href="#sSpan967" value="·"/>
		<feat xlink:href="#sSpan971" value="ⲛ"/>
		<feat xlink:href="#sSpan975" value="ⲧⲉ"/>
		<feat xlink:href="#sSpan977" value="ⲩⲛⲟⲩ"/>
		<feat xlink:href="#sSpan979" value="ϣⲁ"/>
		<feat xlink:href="#sSpan983" value="ⲩ"/>
		<feat xlink:href="#sSpan985" value="ⲡⲱⲣϣ"/>
		<feat xlink:href="#sSpan987" value="ⲛ"/>
		<feat xlink:href="#sSpan991" value="ⲛⲉⲩ"/>
		<feat xlink:href="#sSpan995" value="ϭⲓϫ"/>
		<feat xlink:href="#sSpan997" value="ⲉⲃⲟⲗ"/>
		<feat xlink:href="#sSpan1001" value="ⲛ"/>
		<feat xlink:href="#sSpan1005" value="ⲥⲉ"/>
		<feat xlink:href="#sSpan1007" value="ϣⲗⲏⲗ"/>
		<feat xlink:href="#sSpan1009" value="·"/>
		<feat xlink:href="#sSpan1013" value="ⲉ"/>
		<feat xlink:href="#sSpan1017" value="ⲡ"/>
		<feat xlink:href="#sSpan1020" value="ⲣⲣⲟ"/>
		<feat xlink:href="#sSpan1023" value="ⲓⲏⲥⲟⲩⲥ"/>
		<feat xlink:href="#sSpan1027" value="·"/>
		<feat xlink:href="#sSpan1031" value="ϣⲁⲛⲧⲉ"/>
		<feat xlink:href="#sSpan1035" value="ⲧⲉϥ"/>
		<feat xlink:href="#sSpan1039" value="ⲃⲟⲏⲑⲓⲁ"/>
		<feat xlink:href="#sSpan1042" value="ⲧⲁϩⲟ"/>
		<feat xlink:href="#sSpan1046" value="ⲟⲩ"/>
		<feat xlink:href="#sSpan1048" value="ϩⲛ"/>
		<feat xlink:href="#sSpan1052" value="ⲟⲩ"/>
		<feat xlink:href="#sSpan1054" value="ϭⲉⲡⲏ"/>
		<feat xlink:href="#sSpan1056" value="·"/>
		<feat xlink:href="#sSpan1060" value="ⲛ"/>
		<feat xlink:href="#sSpan1064" value="ϥ"/>
		<feat xlink:href="#sSpan1066" value="ϫⲟⲟⲩ"/>
		<feat xlink:href="#sSpan1068" value="ⲉⲃⲟⲗ"/>
		<feat xlink:href="#sSpan1072" value="ⲛ"/>
		<feat xlink:href="#sSpan1076" value="ⲧⲉ"/>
		<feat xlink:href="#sSpan1078" value="ⲩⲛⲟⲩ"/>
		<feat xlink:href="#sSpan1082" value="ⲛ"/>
		<feat xlink:href="#sSpan1086" value="ϥ"/>
		<feat xlink:href="#sSpan1088" value="ϫⲟⲟⲣ"/>
		<feat xlink:href="#sSpan1090" value="ⲟⲩ"/>
		<feat xlink:href="#sSpan1092" value="ⲉⲃⲟⲗ"/>
		<feat xlink:href="#sSpan1096" value="ⲉⲧⲃⲉ"/>
		<feat xlink:href="#sSpan1100" value="ⲡ"/>
		<feat xlink:href="#sSpan1103" value="ⲥⲟⲟⲩⲧⲛ"/>
		<feat xlink:href="#sSpan1105" value="ⲙ"/>
		<feat xlink:href="#sSpan1109" value="ⲡⲉⲩ"/>
		<feat xlink:href="#sSpan1112" value="ϩⲏⲧ"/>
		<feat xlink:href="#sSpan1114" value="·"/>
		<feat xlink:href="#sSpan1118" value="ⲉϩⲟⲩⲛ"/>
		<feat xlink:href="#sSpan1123" value="ⲉⲣⲟ"/>
		<feat xlink:href="#sSpan1127" value="ϥ"/>
		<feat xlink:href="#sSpan1129" value="·"/>
		<feat xlink:href="#sSpan1133" value="ⲙⲡⲉ"/>
		<feat xlink:href="#sSpan1141" value="ⲕ"/>
		<feat xlink:href="#sSpan1143" value="ⲥⲱⲧⲙ"/>
		<feat xlink:href="#sSpan1145" value="ⲛⲧⲟⲕ"/>
		<feat xlink:href="#sSpan1149" value="ⲉ"/>
		<feat xlink:href="#sSpan1153" value="ⲡ"/>
		<feat xlink:href="#sSpan1156" value="ⲉⲧ"/>
		<feat xlink:href="#sSpan1158" value="ⲥⲏϩ"/>
		<feat xlink:href="#sSpan1160" value="·"/>
		<feat xlink:href="#sSpan1164" value="ϫⲉ"/>
		<feat xlink:href="#sSpan1168" value="ⲡ"/>
		<feat xlink:href="#sSpan1171" value="ϫⲟⲉⲓⲥ"/>
		<feat xlink:href="#sSpan1173" value="ⲛⲁ"/>
		<feat xlink:href="#sSpan1177" value="ⲕⲱ"/>
		<feat xlink:href="#sSpan1179" value="ⲛⲥⲱ"/>
		<feat xlink:href="#sSpan1183" value="ϥ"/>
		<feat xlink:href="#sSpan1185" value="ⲁⲛ"/>
		<feat xlink:href="#sSpan1190" value="·"/>
		<feat xlink:href="#sSpan1194" value="ⲙ"/>
		<feat xlink:href="#sSpan1198" value="ⲡⲉϥ"/>
		<feat xlink:href="#sSpan1202" value="ⲗⲁⲟⲥ"/>
		<feat xlink:href="#sSpan1204" value="·"/>
		<feat xlink:href="#sSpan1208" value="ⲁⲩⲱ"/>
		<feat xlink:href="#sSpan1212" value="ϫⲉ"/>
		<feat xlink:href="#sSpan1216" value="ⲧ"/>
		<feat xlink:href="#sSpan1220" value="ϩⲩⲡⲟⲙⲟⲛⲏ"/>
		<feat xlink:href="#sSpan1222" value="·"/>
		<feat xlink:href="#sSpan1226" value="ⲙ"/>
		<feat xlink:href="#sSpan1230" value="ⲡ"/>
		<feat xlink:href="#sSpan1233" value="ⲉⲃⲓⲏⲛ"/>
		<feat xlink:href="#sSpan1236" value="ⲛⲁ"/>
		<feat xlink:href="#sSpan1240" value="ϩⲉ"/>
		<feat xlink:href="#sSpan1243" value="ⲉⲃⲟⲗ"/>
		<feat xlink:href="#sSpan1247" value="ⲁⲛ"/>
		<feat xlink:href="#sSpan1251" value="ϣⲁ"/>
		<feat xlink:href="#sSpan1255" value="ⲡ"/>
		<feat xlink:href="#sSpan1259" value="ⲧⲏⲣϥ"/>
		<feat xlink:href="#sSpan1262" value="·"/>
		<feat xlink:href="#sSpan1266" value="ⲁⲩⲱ"/>
		<feat xlink:href="#sSpan1272" value="ⲟⲛ"/>
		<feat xlink:href="#sSpan1276" value="ϫⲉ"/>
		<feat xlink:href="#sSpan1280" value="ⲁ"/>
		<feat xlink:href="#sSpan1282" value="ⲡ"/>
		<feat xlink:href="#sSpan1286" value="ϩⲏⲕⲉ"/>
		<feat xlink:href="#sSpan1288" value="ⲱϣ"/>
		<feat xlink:href="#sSpan1293" value="ⲉⲃⲟⲗ"/>
		<feat xlink:href="#sSpan1297" value="·"/>
		<feat xlink:href="#sSpan1301" value="ⲁ"/>
		<feat xlink:href="#sSpan1307" value="ⲡ"/>
		<feat xlink:href="#sSpan1310" value="ϫⲟⲉⲓⲥ"/>
		<feat xlink:href="#sSpan1312" value="ⲥⲱⲧⲙ"/>
		<feat xlink:href="#sSpan1316" value="ⲉⲣⲟ"/>
		<feat xlink:href="#sSpan1320" value="ϥ"/>
		<feat xlink:href="#sSpan1322" value="ⲁ"/>
		<feat xlink:href="#sSpan1328" value="ϥ"/>
		<feat xlink:href="#sSpan1330" value="ⲧⲟⲩϫⲟ"/>
		<feat xlink:href="#sSpan1332" value="ϥ"/>
		<feat xlink:href="#sSpan1334" value="ⲉⲃⲟⲗ"/>
		<feat xlink:href="#sSpan1340" value="ϩⲛ"/>
		<feat xlink:href="#sSpan1344" value="ⲛⲉϥ"/>
		<feat xlink:href="#sSpan1349" value="ⲑⲗⲓⲯⲓⲥ"/>
		<feat xlink:href="#sSpan1351" value="ⲧⲏⲣ"/>
		<feat xlink:href="#sSpan1355" value="ⲟⲩ"/>
		<feat xlink:href="#sSpan1357" value="·"/>
		<feat xlink:href="#sSpan1361" value="ⲉⲣⲉ"/>
		<feat xlink:href="#sSpan1367" value="ⲡ"/>
		<feat xlink:href="#sSpan1370" value="ⲛⲟⲩⲧⲉ"/>
		<feat xlink:href="#sSpan1372" value="·"/>
		<feat xlink:href="#sSpan1376" value="ϯ"/>
		<feat xlink:href="#sSpan1380" value="ⲙ"/>
		<feat xlink:href="#sSpan1384" value="ⲡ"/>
		<feat xlink:href="#sSpan1388" value="ⲟⲩⲁ"/>
		<feat xlink:href="#sSpan1390" value="ⲡ"/>
		<feat xlink:href="#sSpan1394" value="ⲟⲩⲁ"/>
		<feat xlink:href="#sSpan1397" value="ⲕⲁⲧⲁ"/>
		<feat xlink:href="#sSpan1401" value="ⲡ"/>
		<feat xlink:href="#sSpan1404" value="ϩⲓⲥⲉ"/>
		<feat xlink:href="#sSpan1406" value="·"/>
		<feat xlink:href="#sSpan1410" value="ⲉⲧⲉ"/>
		<feat xlink:href="#sSpan1414" value="ϥ"/>
		<feat xlink:href="#sSpan1416" value="ⲛⲁ"/>
		<feat xlink:href="#sSpan1418" value="ϣⲟⲡ"/>
		<feat xlink:href="#sSpan1420" value="ϥ"/>
		<feat xlink:href="#sSpan1422" value="·"/>
		<feat xlink:href="#sSpan1426" value="ⲛⲁⲓⲁⲧ"/>
		<feat xlink:href="#sSpan1432" value="ϥ"/>
		<feat xlink:href="#sSpan1434" value="ⲙ"/>
		<feat xlink:href="#sSpan1439" value="ⲡ"/>
		<feat xlink:href="#sSpan1442" value="ⲉⲧ"/>
		<feat xlink:href="#sSpan1444" value="ⲛⲁ"/>
		<feat xlink:href="#sSpan1446" value="ⲉⲓⲣⲉ"/>
		<feat xlink:href="#sSpan1448" value="ⲙ"/>
		<feat xlink:href="#sSpan1452" value="ⲡ"/>
		<feat xlink:href="#sSpan1455" value="ⲟⲩⲱϣ"/>
		<feat xlink:href="#sSpan1457" value="ⲙ"/>
		<feat xlink:href="#sSpan1461" value="ⲡ"/>
		<feat xlink:href="#sSpan1464" value="ⲛⲟⲩⲧⲉ"/>
		<feat xlink:href="#sSpan1466" value="·"/>
		<feat xlink:href="#sSpan1470" value="ϩⲓϫⲙ"/>
		<feat xlink:href="#sSpan1474" value="ⲡ"/>
		<feat xlink:href="#sSpan1477" value="ⲕⲁϩ"/>
		<feat xlink:href="#sSpan1479" value="·"/>
		<feat xlink:href="#sSpan1483" value="ϯ"/>
		<feat xlink:href="#sSpan1490" value="ϫⲱ"/>
		<feat xlink:href="#sSpan1492" value="ⲙⲙⲟ"/>
		<feat xlink:href="#sSpan1496" value="ⲥ"/>
		<feat xlink:href="#sSpan1498" value="ⲛⲁ"/>
		<feat xlink:href="#sSpan1502" value="ⲕ"/>
		<feat xlink:href="#sSpan1504" value="ϫⲉ"/>
		<feat xlink:href="#sSpan1508" value="ⲛ"/>
		<feat xlink:href="#sSpan1512" value="ⲁⲅⲅⲉⲗⲟⲥ"/>
		<feat xlink:href="#sSpan1514" value="ⲛⲁ"/>
		<feat xlink:href="#sSpan1518" value="ⲇⲓⲁⲕⲱⲛⲉⲓ"/>
		<feat xlink:href="#sSpan1520" value="ⲉⲣⲟ"/>
		<feat xlink:href="#sSpan1525" value="ϥ"/>
		<feat xlink:href="#sSpan1527" value="·"/>
		<feat xlink:href="#sSpan1531" value="ϫⲓⲛ"/>
		<feat xlink:href="#sSpan1535" value="ⲉϥ"/>
		<feat xlink:href="#sSpan1537" value="ϩⲙ"/>
		<feat xlink:href="#sSpan1539" value="ⲡ"/>
		<feat xlink:href="#sSpan1543" value="ⲥⲱⲙⲁ"/>
		<feat xlink:href="#sSpan1545" value="·"/>
		<feat xlink:href="#sSpan1549" value="ⲛ"/>
		<feat xlink:href="#sSpan1553" value="ⲥⲉ"/>
		<feat xlink:href="#sSpan1555" value="ϭⲱ"/>
		<feat xlink:href="#sSpan1558" value="ⲉ"/>
		<feat xlink:href="#sSpan1562" value="ⲩ"/>
		<feat xlink:href="#sSpan1564" value="ⲥⲟⲗⲥⲗ"/>
		<feat xlink:href="#sSpan1566" value="ⲙⲙⲟ"/>
		<feat xlink:href="#sSpan1571" value="ϥ"/>
		<feat xlink:href="#sSpan1573" value="·"/>
		<feat xlink:href="#sSpan1577" value="ⲛ"/>
		<feat xlink:href="#sSpan1581" value="ⲛⲁⲩ"/>
		<feat xlink:href="#sSpan1584" value="ⲛⲓⲙ"/>
		<feat xlink:href="#sSpan1588" value="·"/>
		<feat xlink:href="#sSpan1592" value="ϩⲛ"/>
		<feat xlink:href="#sSpan1596" value="ⲛⲉϥ"/>
		<feat xlink:href="#sSpan1600" value="ⲁⲛⲁⲅⲕⲏ"/>
		<feat xlink:href="#sSpan1602" value="·"/>
		<feat xlink:href="#sSpan1606" value="ⲁⲛⲟⲕ"/>
		<feat xlink:href="#sSpan1613" value="ⲇⲉ"/>
		<feat xlink:href="#sSpan1617" value="ⲡ"/>
		<feat xlink:href="#sSpan1623" value="ⲥⲟⲛ"/>
		<feat xlink:href="#sSpan1625" value="ⲛⲧⲉⲣ"/>
		<feat xlink:href="#sSpan1629" value="ⲓ"/>
		<feat xlink:href="#sSpan1631" value="ⲥⲱⲧⲙ"/>
		<feat xlink:href="#sSpan1633" value="ⲉ"/>
		<feat xlink:href="#sSpan1637" value="ⲛⲁⲓ"/>
		<feat xlink:href="#sSpan1640" value="ⲉⲃⲟⲗ"/>
		<feat xlink:href="#sSpan1645" value="ϩⲓⲧⲟⲟⲧ"/>
		<feat xlink:href="#sSpan1649" value="ⲟⲩ"/>
		<feat xlink:href="#sSpan1651" value="ⲛ"/>
		<feat xlink:href="#sSpan1655" value="ⲛⲉⲓ"/>
		<feat xlink:href="#sSpan1659" value="ⲧⲉⲗⲉⲓⲟⲥ"/>
		<feat xlink:href="#sSpan1662" value="ⲛⲧⲉ"/>
		<feat xlink:href="#sSpan1666" value="ⲡ"/>
		<feat xlink:href="#sSpan1669" value="ⲛⲟⲩⲧⲉ"/>
		<feat xlink:href="#sSpan1671" value="·"/>
		<feat xlink:href="#sSpan1675" value="ⲁ"/>
		<feat xlink:href="#sSpan1679" value="ⲩ"/>
		<feat xlink:href="#sSpan1681" value="ⲣ"/>
		<feat xlink:href="#sSpan1684" value="ⲧ"/>
		<feat xlink:href="#sSpan1686" value="ϩⲉ"/>
		<feat xlink:href="#sSpan1688" value="ⲛ"/>
		<feat xlink:href="#sSpan1692" value="ⲟⲩ"/>
		<feat xlink:href="#sSpan1695" value="ⲉⲃⲓⲱ"/>
		<feat xlink:href="#sSpan1697" value="·"/>
		<feat xlink:href="#sSpan1701" value="ⲉ"/>
		<feat xlink:href="#sSpan1705" value="ϥ"/>
		<feat xlink:href="#sSpan1707" value="ϩⲟⲗϭ"/>
		<feat xlink:href="#sSpan1709" value="ϩⲙ"/>
		<feat xlink:href="#sSpan1714" value="ⲡⲁ"/>
		<feat xlink:href="#sSpan1717" value="ϩⲏⲧ"/>
		<feat xlink:href="#sSpan1719" value="·"/>
		<feat xlink:href="#sSpan1723" value="ⲁⲩⲱ"/>
		<feat xlink:href="#sSpan1729" value="ⲁ"/>
		<feat xlink:href="#sSpan1733" value="ⲩ"/>
		<feat xlink:href="#sSpan1736" value="ⲛⲟϭ"/>
		<feat xlink:href="#sSpan1738" value="ⲛ"/>
		<feat xlink:href="#sSpan1743" value="ⲁⲓⲥⲑⲏⲥⲓⲥ"/>
		<feat xlink:href="#sSpan1745" value="·"/>
		<feat xlink:href="#sSpan1749" value="ϣⲱⲡⲉ"/>
		<feat xlink:href="#sSpan1753" value="ϩⲙ"/>
		<feat xlink:href="#sSpan1757" value="ⲡⲁ"/>
		<feat xlink:href="#sSpan1761" value="ⲥⲁ"/>
		<feat xlink:href="#sSpan1764" value="ⲛϩⲟⲩⲛ"/>
		<feat xlink:href="#sSpan1768" value="·"/>
		<feat xlink:href="#sSpan1772" value="ⲁ"/>
		<feat xlink:href="#sSpan1778" value="ⲓ"/>
		<feat xlink:href="#sSpan1780" value="ⲣ"/>
		<feat xlink:href="#sSpan1783" value="ⲧ"/>
		<feat xlink:href="#sSpan1785" value="ϩⲉ"/>
		<feat xlink:href="#sSpan1787" value="ⲛ"/>
		<feat xlink:href="#sSpan1791" value="ⲛ"/>
		<feat xlink:href="#sSpan1794" value="ⲉⲛⲧ"/>
		<feat xlink:href="#sSpan1796" value="ⲁ"/>
		<feat xlink:href="#sSpan1798" value="ⲡⲉⲩ"/>
		<feat xlink:href="#sSpan1802" value="ⲛⲟⲩⲥ"/>
		<feat xlink:href="#sSpan1804" value="·"/>
		<feat xlink:href="#sSpan1808" value="ⲡⲱⲱⲛⲉ"/>
		<feat xlink:href="#sSpan1813" value="ⲉ"/>
		<feat xlink:href="#sSpan1818" value="ⲡ"/>
		<feat xlink:href="#sSpan1821" value="ⲕⲉ"/>
		<feat xlink:href="#sSpan1824" value="ⲁⲓⲱⲛ"/>
		<feat xlink:href="#sSpan1826" value="·"/>
		<feat xlink:href="#sSpan1830" value="ⲁ"/>
		<feat xlink:href="#sSpan1836" value="ⲓ"/>
		<feat xlink:href="#sSpan1838" value="ⲧⲱⲟⲩⲛ"/>
		<feat xlink:href="#sSpan1840" value="ⲛ"/>
		<feat xlink:href="#sSpan1844" value="ⲧⲉ"/>
		<feat xlink:href="#sSpan1846" value="ⲩⲛⲟⲩ"/>
		<feat xlink:href="#sSpan1848" value="ⲁ"/>
		<feat xlink:href="#sSpan1854" value="ⲓ"/>
		<feat xlink:href="#sSpan1856" value="ϥⲓ"/>
		<feat xlink:href="#sSpan1858" value="ⲛ"/>
		<feat xlink:href="#sSpan1862" value="ϩⲉⲛ"/>
		<feat xlink:href="#sSpan1865" value="ⲕⲟⲩⲓ"/>
		<feat xlink:href="#sSpan1867" value="ⲛ"/>
		<feat xlink:href="#sSpan1872" value="ⲟⲉⲓⲕ"/>
		<feat xlink:href="#sSpan1874" value="·"/>
		<feat xlink:href="#sSpan1878" value="ⲛⲙⲙⲁ"/>
		<feat xlink:href="#sSpan1882" value="ⲓ"/>
		<feat xlink:href="#sSpan1884" value="ⲛ"/>
		<feat xlink:href="#sSpan1888" value="ⲁ"/>
		<feat xlink:href="#sSpan1890" value="ⲡ"/>
		<feat xlink:href="#sSpan1892" value="ϣⲁⲩ"/>
		<feat xlink:href="#sSpan1894" value="ⲛ"/>
		<feat xlink:href="#sSpan1898" value="ϥⲧⲟⲟⲩ"/>
		<feat xlink:href="#sSpan1901" value="ⲛ"/>
		<feat xlink:href="#sSpan1905" value="ϩⲟⲟⲩ"/>
		<feat xlink:href="#sSpan1907" value="ⲙ"/>
		<feat xlink:href="#sSpan1911" value="ⲙⲟⲟϣⲉ"/>
		<feat xlink:href="#sSpan1914" value="·"/>
		<feat xlink:href="#sSpan1918" value="ⲉ"/>
		<feat xlink:href="#sSpan1922" value="ⲧⲣ"/>
		<feat xlink:href="#sSpan1924" value="ⲁ"/>
		<feat xlink:href="#sSpan1926" value="ⲟⲩⲱⲙ"/>
		<feat xlink:href="#sSpan1928" value="ⲛϩⲏⲧ"/>
		<feat xlink:href="#sSpan1932" value="ⲟⲩ"/>
		<feat xlink:href="#sSpan1934" value="·"/>
		<feat xlink:href="#sSpan1938" value="ϣⲁ"/>
		<feat xlink:href="#sSpan1942" value="ⲡ"/>
		<feat xlink:href="#sSpan1945" value="ⲙⲁ"/>
		<feat xlink:href="#sSpan1947" value="ⲉⲧⲉⲣⲉ"/>
		<feat xlink:href="#sSpan1951" value="ⲡ"/>
		<feat xlink:href="#sSpan1955" value="ϫⲟⲉⲓⲥ"/>
		<feat xlink:href="#sSpan1957" value="ⲛⲁ"/>
		<feat xlink:href="#sSpan1961" value="ⲧⲟϣ"/>
		<feat xlink:href="#sSpan1963" value="ⲧ"/>
		<feat xlink:href="#sSpan1965" value="ⲉⲣⲟ"/>
		<feat xlink:href="#sSpan1969" value="ϥ"/>
		<feat xlink:href="#sSpan1971" value="·"/>
		<feat xlink:href="#sSpan1975" value="ⲛⲧⲉⲣ"/>
		<feat xlink:href="#sSpan1983" value="ⲓ"/>
		<feat xlink:href="#sSpan1985" value="ⲉⲓ"/>
		<feat xlink:href="#sSpan1988" value="ⲇⲉ"/>
		<feat xlink:href="#sSpan1992" value="ⲉⲃⲟⲗ"/>
		<feat xlink:href="#sSpan1997" value="ϩⲛ"/>
		<feat xlink:href="#sSpan2001" value="ⲧⲁ"/>
		<feat xlink:href="#sSpan2004" value="ϩⲉⲛⲉⲉⲧⲉ"/>
		<feat xlink:href="#sSpan2006" value="·"/>
		<feat xlink:href="#sSpan2010" value="ⲁ"/>
		<feat xlink:href="#sSpan2014" value="ⲓ"/>
		<feat xlink:href="#sSpan2016" value="ϭⲱϣⲧ"/>
		<feat xlink:href="#sSpan2018" value="ⲁ"/>
		<feat xlink:href="#sSpan2024" value="ⲓ"/>
		<feat xlink:href="#sSpan2026" value="ⲛⲁⲩ"/>
		<feat xlink:href="#sSpan2028" value="ⲉ"/>
		<feat xlink:href="#sSpan2033" value="ⲩ"/>
		<feat xlink:href="#sSpan2036" value="ⲟⲩⲟⲉⲓⲛ"/>
		<feat xlink:href="#sSpan2038" value="ⲙ"/>
		<feat xlink:href="#sSpan2042" value="ⲡⲁ"/>
		<feat xlink:href="#sSpan2045" value="ⲙⲧⲟ"/>
		<feat xlink:href="#sSpan2048" value="ⲉⲃⲟⲗ"/>
		<feat xlink:href="#sSpan2052" value="·"/>
		<feat xlink:href="#sSpan2056" value="ⲁ"/>
		<feat xlink:href="#sSpan2062" value="ⲓ"/>
		<feat xlink:href="#sSpan2065" value="ⲣϩⲟⲧⲉ"/>
		<feat xlink:href="#sSpan2068" value="ⲁ"/>
		<feat xlink:href="#sSpan2074" value="ⲓ"/>
		<feat xlink:href="#sSpan2076" value="ⲙⲉⲉⲩⲉ"/>
		<feat xlink:href="#sSpan2078" value="ϩⲙ"/>
		<feat xlink:href="#sSpan2082" value="ⲡⲁ"/>
		<feat xlink:href="#sSpan2086" value="ϩⲏⲧ"/>
		<feat xlink:href="#sSpan2088" value="·"/>
		<feat xlink:href="#sSpan2092" value="ⲉ"/>
		<feat xlink:href="#sSpan2096" value="ⲧⲣ"/>
		<feat xlink:href="#sSpan2098" value="ⲁ"/>
		<feat xlink:href="#sSpan2100" value="ⲕⲁⲁ"/>
		<feat xlink:href="#sSpan2102" value="ⲧ"/>
		<feat xlink:href="#sSpan2104" value="ⲉ"/>
		<feat xlink:href="#sSpan2108" value="ⲡⲁϩⲟⲩ"/>
		<feat xlink:href="#sSpan2110" value="·"/>
		<feat xlink:href="#sSpan2114" value="ⲉ"/>
		<feat xlink:href="#sSpan2118" value="ⲡ"/>
		<feat xlink:href="#sSpan2122" value="ⲧⲟⲡⲟⲥ"/>
		<feat xlink:href="#sSpan2124" value="ⲉ"/>
		<feat xlink:href="#sSpan2128" value="ⲛⲉ"/>
		<feat xlink:href="#sSpan2130" value="ⲓ"/>
		<feat xlink:href="#sSpan2132" value="ⲛϩⲏⲧ"/>
		<feat xlink:href="#sSpan2137" value="ϥ"/>
		<feat xlink:href="#sSpan2139" value="ⲛ"/>
		<feat xlink:href="#sSpan2143" value="ϣⲟⲣⲡ"/>
		<feat xlink:href="#sSpan2145" value="·"/>
		<feat xlink:href="#sSpan2149" value="ⲧⲁ"/>
		<feat xlink:href="#sSpan2153" value="ϭⲱ"/>
		<feat xlink:href="#sSpan2155" value="ⲛ"/>
		<feat xlink:href="#sSpan2159" value="ⲧ"/>
		<feat xlink:href="#sSpan2161" value="ϩⲉ"/>
		<feat xlink:href="#sSpan2164" value="ⲉ"/>
		<feat xlink:href="#sSpan2168" value="ⲛⲉ"/>
		<feat xlink:href="#sSpan2170" value="ⲓ"/>
		<feat xlink:href="#sSpan2172" value="ⲟ"/>
		<feat xlink:href="#sSpan2174" value="ⲙⲙⲟ"/>
		<feat xlink:href="#sSpan2178" value="ⲥ"/>
		<feat xlink:href="#sSpan2180" value="·"/>
		<feat xlink:href="#sSpan2184" value="ⲛⲧⲉⲣ"/>
		<feat xlink:href="#sSpan2190" value="ϥ"/>
		<feat xlink:href="#sSpan2193" value="ⲉⲓⲙⲉ"/>
		<feat xlink:href="#sSpan2196" value="ⲇⲉ"/>
		<feat xlink:href="#sSpan2200" value="ϫⲉ"/>
		<feat xlink:href="#sSpan2204" value="ⲁ"/>
		<feat xlink:href="#sSpan2206" value="ⲓ"/>
		<feat xlink:href="#sSpan2209" value="ⲣϩⲟⲧⲉ"/>
		<feat xlink:href="#sSpan2212" value="·"/>
		<feat xlink:href="#sSpan2216" value="ⲡⲉϫⲁ"/>
		<feat xlink:href="#sSpan2220" value="ϥ"/>
		<feat xlink:href="#sSpan2222" value="ⲛⲁ"/>
		<feat xlink:href="#sSpan2226" value="ⲓ"/>
		<feat xlink:href="#sSpan2228" value="ϫⲉ"/>
		<feat xlink:href="#sSpan2232" value="ⲙⲡⲣ"/>
		<feat xlink:href="#sSpan2234" value="ϩⲟⲧⲉ"/>
		<feat xlink:href="#sSpan2236" value="·"/>
		<feat xlink:href="#sSpan2240" value="ⲁⲛⲟⲕ"/>
		<feat xlink:href="#sSpan2247" value="ⲡⲉ"/>
		<feat xlink:href="#sSpan2251" value="ⲡ"/>
		<feat xlink:href="#sSpan2257" value="ⲁⲅⲅⲉⲗⲟⲥ"/>
		<feat xlink:href="#sSpan2259" value="ⲉⲧ"/>
		<feat xlink:href="#sSpan2263" value="ϭⲁⲗⲏⲩ"/>
		<feat xlink:href="#sSpan2265" value="ⲉⲣⲟ"/>
		<feat xlink:href="#sSpan2269" value="ⲕ"/>
		<feat xlink:href="#sSpan2271" value="·"/>
		<feat xlink:href="#sSpan2275" value="ⲉⲧ"/>
		<feat xlink:href="#sSpan2279" value="ⲙⲟⲟϣⲉ"/>
		<feat xlink:href="#sSpan2281" value="ⲛⲙⲙⲁ"/>
		<feat xlink:href="#sSpan2286" value="ⲕ"/>
		<feat xlink:href="#sSpan2288" value="·"/>
		<feat xlink:href="#sSpan2292" value="ϫⲓⲛ"/>
		<feat xlink:href="#sSpan2296" value="ⲧⲉⲕ"/>
		<feat xlink:href="#sSpan2300" value="ⲙⲛⲧⲕⲟⲩⲓ"/>
		<feat xlink:href="#sSpan2303" value="·"/>
		<feat xlink:href="#sSpan2307" value="ϯ"/>
		<feat xlink:href="#sSpan2315" value="ⲟⲓⲕⲟⲛⲟⲙⲓⲁ"/>
		<feat xlink:href="#sSpan2317" value="ⲧⲁⲓ"/>
		<feat xlink:href="#sSpan2321" value="ⲛⲧ"/>
		<feat xlink:href="#sSpan2326" value="ⲁ"/>
		<feat xlink:href="#sSpan2328" value="ⲡ"/>
		<feat xlink:href="#sSpan2331" value="ϫⲟⲉⲓⲥ"/>
		<feat xlink:href="#sSpan2333" value="·"/>
		<feat xlink:href="#sSpan2337" value="ⲧⲟϣ"/>
		<feat xlink:href="#sSpan2341" value="ⲥ"/>
		<feat xlink:href="#sSpan2343" value="ⲉⲣⲟ"/>
		<feat xlink:href="#sSpan2347" value="ⲕ"/>
		<feat xlink:href="#sSpan2349" value="·"/>
		<feat xlink:href="#sSpan2353" value="ⲕ"/>
		<feat xlink:href="#sSpan2357" value="ⲛⲁ"/>
		<feat xlink:href="#sSpan2359" value="ϫⲡⲉ"/>
		<feat xlink:href="#sSpan2361" value="ϫⲱⲕ"/>
		<feat xlink:href="#sSpan2365" value="ⲥ"/>
		<feat xlink:href="#sSpan2367" value="ⲉⲃⲟⲗ"/>
		<feat xlink:href="#sSpan2371" value="·"/>
		<feat xlink:href="#sSpan2375" value="ⲛⲧⲉⲣ"/>
		<feat xlink:href="#sSpan2382" value="ⲓ"/>
		<feat xlink:href="#sSpan2384" value="ⲉⲓ"/>
		<feat xlink:href="#sSpan2387" value="ⲇⲉ"/>
		<feat xlink:href="#sSpan2391" value="ⲉϩⲟⲩⲛ"/>
		<feat xlink:href="#sSpan2395" value="ⲉ"/>
		<feat xlink:href="#sSpan2399" value="ⲡ"/>
		<feat xlink:href="#sSpan2402" value="ⲧⲟⲟⲩ"/>
		<feat xlink:href="#sSpan2404" value="·"/>
		<feat xlink:href="#sSpan2408" value="ⲁ"/>
		<feat xlink:href="#sSpan2412" value="ⲓ"/>
		<feat xlink:href="#sSpan2414" value="ⲙⲟⲟϣⲉ"/>
		<feat xlink:href="#sSpan2416" value="ϩⲙ"/>
		<feat xlink:href="#sSpan2420" value="ⲡ"/>
		<feat xlink:href="#sSpan2423" value="ϫⲁⲓⲉ"/>
		<feat xlink:href="#sSpan2425" value="ⲉ"/>
		<feat xlink:href="#sSpan2430" value="ⲛ"/>
		<feat xlink:href="#sSpan2432" value="ⲁ"/>
		<feat xlink:href="#sSpan2435" value="ⲥⲟⲟⲩ"/>
		<feat xlink:href="#sSpan2437" value="ⲙ"/>
		<feat xlink:href="#sSpan2441" value="ⲙⲏⲗⲓⲟⲛ"/>
		<feat xlink:href="#sSpan2443" value="ⲛ"/>
		<feat xlink:href="#sSpan2447" value="ⲥⲁϣϥ"/>
		<feat xlink:href="#sSpan2449" value="ⲁ"/>
		<feat xlink:href="#sSpan2455" value="ⲓ"/>
		<feat xlink:href="#sSpan2457" value="ⲛⲁⲩ"/>
		<feat xlink:href="#sSpan2459" value="ⲉ"/>
		<feat xlink:href="#sSpan2463" value="ⲩ"/>
		<feat xlink:href="#sSpan2466" value="ⲥⲡⲩⲗⲁⲓⲟⲛ"/>
		<feat xlink:href="#sSpan2468" value="ⲁ"/>
		<feat xlink:href="#sSpan2475" value="ⲓ"/>
		<feat xlink:href="#sSpan2477" value="ⲣⲁⲕ"/>
		<feat xlink:href="#sSpan2479" value="ⲧ"/>
		<feat xlink:href="#sSpan2481" value="ⲉϫⲱ"/>
		<feat xlink:href="#sSpan2485" value="ϥ"/>
		<feat xlink:href="#sSpan2487" value="·"/>
		<feat xlink:href="#sSpan2491" value="ϫⲉ"/>
		<feat xlink:href="#sSpan2495" value="ⲉⲓⲉ"/>
		<feat xlink:href="#sSpan2497" value="ⲛⲁⲩ"/>
		<feat xlink:href="#sSpan2499" value="ϫⲉ"/>
		<feat xlink:href="#sSpan2503" value="ⲟⲩⲛ"/>
		<feat xlink:href="#sSpan2505" value="ⲣⲱⲙⲉ"/>
		<feat xlink:href="#sSpan2508" value="ⲛϩⲏⲧ"/>
		<feat xlink:href="#sSpan2513" value="ϥ"/>
		<feat xlink:href="#sSpan2515" value="·"/>
		<feat xlink:href="#sSpan2519" value="ⲁ"/>
		<feat xlink:href="#sSpan2525" value="ϥ"/>
		<feat xlink:href="#sSpan2527" value="ⲉⲓ"/>
		<feat xlink:href="#sSpan2529" value="ⲛⲁ"/>
		<feat xlink:href="#sSpan2533" value="ⲓ"/>
		<feat xlink:href="#sSpan2535" value="ⲉⲃⲟⲗ"/>
		<feat xlink:href="#sSpan2539" value="ⲛϭⲓ"/>
		<feat xlink:href="#sSpan2543" value="ⲟⲩ"/>
		<feat xlink:href="#sSpan2546" value="ⲛⲟϭ"/>
		<feat xlink:href="#sSpan2548" value="ⲛ"/>
		<feat xlink:href="#sSpan2553" value="ϩⲁⲅⲓⲟⲥ"/>
		<feat xlink:href="#sSpan2555" value="·"/>
		<feat xlink:href="#sSpan2559" value="ⲛⲧⲉ"/>
		<feat xlink:href="#sSpan2563" value="ⲡ"/>
		<feat xlink:href="#sSpan2567" value="ⲛⲟⲩⲧⲉ"/>
		<feat xlink:href="#sSpan2569" value="·"/>
		<feat xlink:href="#sSpan2573" value="ⲉ"/>
		<feat xlink:href="#sSpan2577" value="ⲛⲉⲥⲱ"/>
		<feat xlink:href="#sSpan2579" value="ϥ"/>
		<feat xlink:href="#sSpan2581" value="ϩⲙ"/>
		<feat xlink:href="#sSpan2585" value="ⲡⲉϥ"/>
		<feat xlink:href="#sSpan2588" value="ⲥⲙⲟⲧ"/>
		<feat xlink:href="#sSpan2590" value="·"/>
		<feat xlink:href="#sSpan2594" value="ⲉⲣⲉ"/>
		<feat xlink:href="#sSpan2598" value="ⲟⲩ"/>
		<feat xlink:href="#sSpan2601" value="ⲛⲟϭ"/>
		<feat xlink:href="#sSpan2603" value="ⲛ"/>
		<feat xlink:href="#sSpan2608" value="ⲭⲁⲣⲓⲥ"/>
		<feat xlink:href="#sSpan2611" value="ϩⲓⲣⲙ"/>
		<feat xlink:href="#sSpan2615" value="ⲡⲉϥ"/>
		<feat xlink:href="#sSpan2618" value="ϩⲟ"/>
		<feat xlink:href="#sSpan2620" value="·"/>
		<feat xlink:href="#sSpan2624" value="ⲛⲧⲉⲣ"/>
		<feat xlink:href="#sSpan2633" value="ⲓ"/>
		<feat xlink:href="#sSpan2635" value="ⲛⲁⲩ"/>
		<feat xlink:href="#sSpan2638" value="ⲇⲉ"/>
		<feat xlink:href="#sSpan2642" value="ⲉⲣⲟ"/>
		<feat xlink:href="#sSpan2646" value="ϥ"/>
		<feat xlink:href="#sSpan2648" value="ⲁ"/>
		<feat xlink:href="#sSpan2652" value="ⲓ"/>
		<feat xlink:href="#sSpan2654" value="ⲟⲩⲱϣⲧ"/>
		<feat xlink:href="#sSpan2656" value="ⲛⲁ"/>
		<feat xlink:href="#sSpan2660" value="ϥ"/>
		<feat xlink:href="#sSpan2662" value="·"/>
		<feat xlink:href="#sSpan2666" value="ⲛⲧⲟϥ"/>
		<feat xlink:href="#sSpan2673" value="ⲇⲉ"/>
		<feat xlink:href="#sSpan2677" value="ⲁ"/>
		<feat xlink:href="#sSpan2682" value="ϥ"/>
		<feat xlink:href="#sSpan2684" value="ⲧⲟⲩⲛⲟⲥ"/>
		<feat xlink:href="#sSpan2686" value="ⲧ"/>
		<feat xlink:href="#sSpan2688" value="ⲁ"/>
		<feat xlink:href="#sSpan2694" value="ϥ"/>
		<feat xlink:href="#sSpan2697" value="ⲁⲥⲡⲁⲍⲉ"/>
		<feat xlink:href="#sSpan2699" value="ⲙⲙⲟ"/>
		<feat xlink:href="#sSpan2703" value="ⲓ"/>
		<feat xlink:href="#sSpan2705" value="·"/>
		<feat xlink:href="#sSpan2709" value="ⲡⲉϫⲁ"/>
		<feat xlink:href="#sSpan2715" value="ϥ"/>
		<feat xlink:href="#sSpan2717" value="ⲛⲁ"/>
		<feat xlink:href="#sSpan2721" value="ⲓ"/>
		<feat xlink:href="#sSpan2723" value="ϫⲉ"/>
		<feat xlink:href="#sSpan2727" value="ⲛⲧⲟⲕ"/>
		<feat xlink:href="#sSpan2730" value="ⲡⲉ"/>
		<feat xlink:href="#sSpan2734" value="ⲟⲛⲛⲟⲫⲣⲓⲟⲥ"/>
		<feat xlink:href="#sSpan2739" value="ⲡⲁ"/>
		<feat xlink:href="#sSpan2744" value="ϣⲃⲏⲣⲣϩⲱⲃ"/>
		<feat xlink:href="#sSpan2749" value="ϩⲙ"/>
		<feat xlink:href="#sSpan2753" value="ⲡ"/>
		<feat xlink:href="#sSpan2756" value="ϫⲟⲉⲓⲥ"/>
		<feat xlink:href="#sSpan2758" value="·"/>
		<feat xlink:href="#sSpan2762" value="ⲁⲙⲟⲩ"/>
		<feat xlink:href="#sSpan2769" value="ⲉϩⲟⲩⲛ"/>
		<feat xlink:href="#sSpan2773" value="ⲡ"/>
		<feat xlink:href="#sSpan2780" value="ϫⲟⲉⲓⲥ"/>
		<feat xlink:href="#sSpan2782" value="ⲛⲙⲙⲁ"/>
		<feat xlink:href="#sSpan2786" value="ⲕ"/>
		<feat xlink:href="#sSpan2788" value="·"/>
		<feat xlink:href="#sSpan2792" value="ⲛ"/>
		<feat xlink:href="#sSpan2796" value="ⲅ"/>
		<feat xlink:href="#sSpan2798" value="ⲙⲁⲁⲧⲉ"/>
		<feat xlink:href="#sSpan2800" value="ⲙ"/>
		<feat xlink:href="#sSpan2804" value="ⲡ"/>
		<feat xlink:href="#sSpan2807" value="ⲱⲃ"/>
		<feat xlink:href="#sSpan2809" value="ⲉⲧ"/>
		<feat xlink:href="#sSpan2814" value="ⲛⲁⲛⲟⲩ"/>
		<feat xlink:href="#sSpan2816" value="ϥ"/>
		<feat xlink:href="#sSpan2818" value="·"/>
		<feat xlink:href="#sSpan2822" value="ⲛⲧ"/>
		<feat xlink:href="#sSpan2826" value="ⲁ"/>
		<feat xlink:href="#sSpan2828" value="ϥ"/>
		<feat xlink:href="#sSpan2830" value="ⲧⲁϩⲙ"/>
		<feat xlink:href="#sSpan2832" value="ⲕ"/>
		<feat xlink:href="#sSpan2834" value="ⲉⲣⲟ"/>
		<feat xlink:href="#sSpan2838" value="ϥ"/>
		<feat xlink:href="#sSpan2840" value="·"/>
		<feat xlink:href="#sSpan2844" value="ⲁ"/>
		<feat xlink:href="#sSpan2850" value="ⲓ"/>
		<feat xlink:href="#sSpan2852" value="ⲃⲱⲕ"/>
		<feat xlink:href="#sSpan2855" value="ⲇⲉ"/>
		<feat xlink:href="#sSpan2859" value="ⲉϩⲟⲩⲛ"/>
		<feat xlink:href="#sSpan2864" value="ⲁ"/>
		<feat xlink:href="#sSpan2870" value="ⲓ"/>
		<feat xlink:href="#sSpan2872" value="ϩⲙⲟⲟⲥ"/>
		<feat xlink:href="#sSpan2874" value="ϩⲁϩⲧⲏ"/>
		<feat xlink:href="#sSpan2878" value="ϥ"/>
		<feat xlink:href="#sSpan2880" value="·"/>
		<feat xlink:href="#sSpan2884" value="ⲛ"/>
		<feat xlink:href="#sSpan2888" value="ϩⲉⲛ"/>
		<feat xlink:href="#sSpan2891" value="ⲕⲟⲩⲓ"/>
		<feat xlink:href="#sSpan2893" value="ⲛ"/>
		<feat xlink:href="#sSpan2897" value="ϩⲟⲟⲩ"/>
		<feat xlink:href="#sSpan2899" value="·"/>
		<feat xlink:href="#sSpan2903" value="ⲁ"/>
		<feat xlink:href="#sSpan2910" value="ⲓ"/>
		<feat xlink:href="#sSpan2913" value="ϫⲓⲥⲃⲱ"/>
		<feat xlink:href="#sSpan2916" value="ⲛ"/>
		<feat xlink:href="#sSpan2920" value="ⲕⲱⲧ"/>
		<feat xlink:href="#sSpan2923" value="ⲛ"/>
		<feat xlink:href="#sSpan2927" value="ⲧ"/>
		<feat xlink:href="#sSpan2931" value="ⲙⲛⲧⲛⲟⲩⲧⲉ"/>
		<feat xlink:href="#sSpan2934" value="·"/>
		<feat xlink:href="#sSpan2938" value="ⲉⲃⲟⲗ"/>
		<feat xlink:href="#sSpan2943" value="ϩⲓⲧⲟⲟⲧ"/>
		<feat xlink:href="#sSpan2947" value="ϥ"/>
		<feat xlink:href="#sSpan2949" value="·"/>
		<feat xlink:href="#sSpan2953" value="ⲁⲩⲱ"/>
		<feat xlink:href="#sSpan2960" value="ⲁ"/>
		<feat xlink:href="#sSpan2964" value="ϥ"/>
		<feat xlink:href="#sSpan2966" value="ⲧⲥⲁⲃⲟ"/>
		<feat xlink:href="#sSpan2968" value="ⲓ"/>
		<feat xlink:href="#sSpan2970" value="ⲉ"/>
		<feat xlink:href="#sSpan2974" value="ⲧ"/>
		<feat xlink:href="#sSpan2978" value="ϭⲓⲛⲣϩⲱⲃ"/>
		<feat xlink:href="#sSpan2982" value="ⲉ"/>
		<feat xlink:href="#sSpan2986" value="ⲡ"/>
		<feat xlink:href="#sSpan2989" value="ϫⲁⲓⲉ"/>
		<feat xlink:href="#sSpan2991" value="·"/>
		<feat xlink:href="#sSpan2995" value="ⲛⲧⲉⲣⲉ"/>
		<feat xlink:href="#sSpan3001" value="ϥ"/>
		<feat xlink:href="#sSpan3004" value="ⲛⲁⲩ"/>
		<feat xlink:href="#sSpan3007" value="ⲇⲉ"/>
		<feat xlink:href="#sSpan3011" value="ϫⲉ"/>
		<feat xlink:href="#sSpan3015" value="ⲁ"/>
		<feat xlink:href="#sSpan3017" value="ⲓ"/>
		<feat xlink:href="#sSpan3019" value="ⲉⲓⲙⲉ"/>
		<feat xlink:href="#sSpan3021" value="ⲉ"/>
		<feat xlink:href="#sSpan3025" value="ⲡ"/>
		<feat xlink:href="#sSpan3029" value="ⲡⲟⲗⲉⲙⲟⲥ"/>
		<feat xlink:href="#sSpan3031" value="ⲉⲧ"/>
		<feat xlink:href="#sSpan3035" value="ϩⲏⲡ"/>
		<feat xlink:href="#sSpan3037" value="ⲙⲛ"/>
		<feat xlink:href="#sSpan3041" value="ⲛ"/>
		<feat xlink:href="#sSpan3045" value="ϩⲟⲧⲉ"/>
		<feat xlink:href="#sSpan3047" value="ⲉⲧ"/>
		<feat xlink:href="#sSpan3051" value="ϣⲟⲟⲡ"/>
		<feat xlink:href="#sSpan3053" value="ϩⲙ"/>
		<feat xlink:href="#sSpan3057" value="ⲡ"/>
		<feat xlink:href="#sSpan3060" value="ϫⲁⲓⲉ"/>
		<feat xlink:href="#sSpan3062" value="·"/>
		<feat xlink:href="#sSpan3066" value="ⲁ"/>
		<feat xlink:href="#sSpan3070" value="ϥ"/>
		<feat xlink:href="#sSpan3072" value="ϫⲟⲟ"/>
		<feat xlink:href="#sSpan3074" value="ⲥ"/>
		<feat xlink:href="#sSpan3076" value="ⲛⲁ"/>
		<feat xlink:href="#sSpan3080" value="ⲓ"/>
		<feat xlink:href="#sSpan3082" value="ϫⲉ"/>
		<feat xlink:href="#sSpan3086" value="ⲧⲱⲟⲩⲛ"/>
		<feat xlink:href="#sSpan3089" value="ⲙⲁⲣⲟ"/>
		<feat xlink:href="#sSpan3093" value="ⲛ"/>
		<feat xlink:href="#sSpan3095" value="ⲡⲁ"/>
		<feat xlink:href="#sSpan3100" value="ϣⲏⲣⲉ"/>
		<feat xlink:href="#sSpan3102" value="·"/>
		<feat xlink:href="#sSpan3106" value="ⲛⲧⲁ"/>
		<feat xlink:href="#sSpan3110" value="ϫⲓⲧ"/>
		<feat xlink:href="#sSpan3112" value="ⲕ"/>
		<feat xlink:href="#sSpan3114" value="·"/>
		<feat xlink:href="#sSpan3118" value="ⲉ"/>
		<feat xlink:href="#sSpan3122" value="ⲩ"/>
		<feat xlink:href="#sSpan3125" value="ⲙⲁ"/>
		<feat xlink:href="#sSpan3127" value="ⲛ"/>
		<feat xlink:href="#sSpan3131" value="ϫⲁⲓⲉ"/>
		<feat xlink:href="#sSpan3134" value="·"/>
		<feat xlink:href="#sSpan3138" value="ϩⲛ"/>
		<feat xlink:href="#sSpan3142" value="ⲧ"/>
		<feat xlink:href="#sSpan3146" value="ⲉⲣⲏⲙⲟⲥ"/>
		<feat xlink:href="#sSpan3148" value="ⲉⲧ"/>
		<feat xlink:href="#sSpan3152" value="ϩⲓϩⲟⲩⲛ"/>
		<feat xlink:href="#sSpan3154" value="·"/>
		<feat xlink:href="#sSpan3158" value="ⲛ"/>
		<feat xlink:href="#sSpan3162" value="ⲅ"/>
		<feat xlink:href="#sSpan3164" value="ϣⲱⲡⲉ"/>
		<feat xlink:href="#sSpan3166" value="ⲛϩⲏⲧ"/>
		<feat xlink:href="#sSpan3171" value="ϥ"/>
		<feat xlink:href="#sSpan3173" value="ⲙⲁⲩⲁⲁ"/>
		<feat xlink:href="#sSpan3177" value="ⲕ"/>
		<feat xlink:href="#sSpan3179" value="ⲉⲧⲃⲉ"/>
		<feat xlink:href="#sSpan3183" value="ⲡ"/>
		<feat xlink:href="#sSpan3186" value="ⲛⲟⲩⲧⲉ"/>
		<feat xlink:href="#sSpan3188" value="·"/>
		<feat xlink:href="#sSpan3193" value="ⲉⲡⲉⲓⲇⲏ"/>
		<feat xlink:href="#sSpan3199" value="ⲛⲧ"/>
		<feat xlink:href="#sSpan3203" value="ⲁ"/>
		<feat xlink:href="#sSpan3205" value="ⲡ"/>
		<feat xlink:href="#sSpan3208" value="ϫⲟⲉⲓⲥ"/>
		<feat xlink:href="#sSpan3210" value="ⲡ"/>
		<feat xlink:href="#sSpan3215" value="ⲛⲟⲩⲧⲉ"/>
		<feat xlink:href="#sSpan3217" value="ⲧⲟϣ"/>
		<feat xlink:href="#sSpan3221" value="ⲕ"/>
		<feat xlink:href="#sSpan3223" value="ⲉ"/>
		<feat xlink:href="#sSpan3227" value="ⲡⲉⲓ"/>
		<feat xlink:href="#sSpan3230" value="ϩⲱⲃ"/>
		<feat xlink:href="#sSpan3232" value="ⲉ"/>
		<feat xlink:href="#sSpan3236" value="ⲧⲣⲉ"/>
		<feat xlink:href="#sSpan3238" value="ⲕ"/>
		<feat xlink:href="#sSpan3240" value="ϣⲱⲡⲉ"/>
		<feat xlink:href="#sSpan3242" value="ϩⲙ"/>
		<feat xlink:href="#sSpan3246" value="ⲡ"/>
		<feat xlink:href="#sSpan3249" value="ϫⲁⲓⲉ"/>
		<feat xlink:href="#sSpan3251" value="·"/>
		<feat xlink:href="#sSpan3255" value="ⲛ"/>
		<feat xlink:href="#sSpan3262" value="ⲧⲉ"/>
		<feat xlink:href="#sSpan3264" value="ⲩⲛⲟⲩ"/>
		<feat xlink:href="#sSpan3266" value="ⲁ"/>
		<feat xlink:href="#sSpan3270" value="ϥ"/>
		<feat xlink:href="#sSpan3272" value="ⲧⲱⲟⲩⲛ"/>
		<feat xlink:href="#sSpan3274" value="ⲁ"/>
		<feat xlink:href="#sSpan3278" value="ϥ"/>
		<feat xlink:href="#sSpan3280" value="ⲙⲟⲟϣⲉ"/>
		<feat xlink:href="#sSpan3282" value="ⲛⲙⲙⲁ"/>
		<feat xlink:href="#sSpan3286" value="ⲓ"/>
		<feat xlink:href="#sSpan3288" value="ⲉϩⲟⲩⲛ"/>
		<feat xlink:href="#sSpan3292" value="ⲉ"/>
		<feat xlink:href="#sSpan3296" value="ⲡ"/>
		<feat xlink:href="#sSpan3300" value="ϫⲁⲓⲉ"/>
		<feat xlink:href="#sSpan3302" value="ⲛ"/>
		<feat xlink:href="#sSpan3306" value="ⲁ"/>
		<feat xlink:href="#sSpan3309" value="ϥⲧⲟⲟⲩ"/>
		<feat xlink:href="#sSpan3311" value="ⲛ"/>
		<feat xlink:href="#sSpan3315" value="ϩⲟⲟⲩ"/>
		<feat xlink:href="#sSpan3317" value="ⲙ"/>
		<feat xlink:href="#sSpan3321" value="ⲙⲟⲟϣⲉ"/>
		<feat xlink:href="#sSpan3323" value="·"/>
		<feat xlink:href="#sSpan3327" value="ϩⲙ"/>
		<feat xlink:href="#sSpan3333" value="ⲡ"/>
		<feat xlink:href="#sSpan3336" value="ϫⲱⲕ"/>
		<feat xlink:href="#sSpan3339" value="ⲇⲉ"/>
		<feat xlink:href="#sSpan3344" value="ⲛ"/>
		<feat xlink:href="#sSpan3348" value="ϥⲧⲟⲟⲩ"/>
		<feat xlink:href="#sSpan3351" value="ⲛ"/>
		<feat xlink:href="#sSpan3355" value="ϩⲟⲟⲩ"/>
		<feat xlink:href="#sSpan3357" value="·"/>
		<feat xlink:href="#sSpan3361" value="ⲁ"/>
		<feat xlink:href="#sSpan3365" value="ⲛ"/>
		<feat xlink:href="#sSpan3367" value="ⲉⲓ"/>
		<feat xlink:href="#sSpan3370" value="ⲉϫⲛ"/>
		<feat xlink:href="#sSpan3374" value="ⲟⲩ"/>
		<feat xlink:href="#sSpan3377" value="ⲕⲟⲩⲓ"/>
		<feat xlink:href="#sSpan3379" value="ⲛ"/>
		<feat xlink:href="#sSpan3383" value="ⲕⲁⲗⲩⲃⲏ"/>
		<feat xlink:href="#sSpan3386" value="·"/>
		<feat xlink:href="#sSpan3390" value="ⲡⲉϫⲁ"/>
		<feat xlink:href="#sSpan3396" value="ϥ"/>
		<feat xlink:href="#sSpan3398" value="ⲛⲁ"/>
		<feat xlink:href="#sSpan3402" value="ⲓ"/>
		<feat xlink:href="#sSpan3404" value="ϫⲉ"/>
		<feat xlink:href="#sSpan3408" value="ⲡⲁⲓ"/>
		<feat xlink:href="#sSpan3411" value="ⲡⲉ"/>
		<feat xlink:href="#sSpan3415" value="ⲡ"/>
		<feat xlink:href="#sSpan3420" value="ⲙⲁ"/>
		<feat xlink:href="#sSpan3422" value="ⲛⲧ"/>
		<feat xlink:href="#sSpan3426" value="ⲁ"/>
		<feat xlink:href="#sSpan3428" value="ⲡ"/>
		<feat xlink:href="#sSpan3431" value="ϫⲟⲉⲓⲥ"/>
		<feat xlink:href="#sSpan3433" value="ⲧⲟϣ"/>
		<feat xlink:href="#sSpan3438" value="ϥ"/>
		<feat xlink:href="#sSpan3440" value="ⲛⲁ"/>
		<feat xlink:href="#sSpan3444" value="ⲕ"/>
		<feat xlink:href="#sSpan3446" value="·"/>
		<feat xlink:href="#sSpan3450" value="ⲉ"/>
		<feat xlink:href="#sSpan3454" value="ⲧⲣⲉ"/>
		<feat xlink:href="#sSpan3456" value="ⲕ"/>
		<feat xlink:href="#sSpan3458" value="ϣⲱⲡⲉ"/>
		<feat xlink:href="#sSpan3460" value="ⲛϩⲏⲧ"/>
		<feat xlink:href="#sSpan3464" value="ϥ"/>
		<feat xlink:href="#sSpan3466" value="ⲁ"/>
		<feat xlink:href="#sSpan3472" value="ϥ"/>
		<feat xlink:href="#sSpan3474" value="ϩⲙⲟⲟⲥ"/>
		<feat xlink:href="#sSpan3477" value="ⲇⲉ"/>
		<feat xlink:href="#sSpan3482" value="ϩⲁϩⲧⲏ"/>
		<feat xlink:href="#sSpan3487" value="ⲓ"/>
		<feat xlink:href="#sSpan3489" value="ⲛ"/>
		<feat xlink:href="#sSpan3493" value="ⲟⲩ"/>
		<feat xlink:href="#sSpan3496" value="ⲉⲃⲟⲧ"/>
		<feat xlink:href="#sSpan3498" value="ⲛ"/>
		<feat xlink:href="#sSpan3502" value="ϩⲟⲟⲩ"/>
		<feat xlink:href="#sSpan3504" value="ϣⲁⲛⲧⲉ"/>
		<feat xlink:href="#sSpan3508" value="ⲓ"/>
		<feat xlink:href="#sSpan3511" value="ⲛⲟⲓ"/>
		<feat xlink:href="#sSpan3513" value="ⲙ"/>
		<feat xlink:href="#sSpan3517" value="ⲡ"/>
		<feat xlink:href="#sSpan3520" value="ϩⲱⲃ"/>
		<feat xlink:href="#sSpan3522" value="ⲉⲧ"/>
		<feat xlink:href="#sSpan3526" value="ⲛⲁⲛⲟⲩ"/>
		<feat xlink:href="#sSpan3529" value="ϥ"/>
		<feat xlink:href="#sSpan3531" value="ⲉⲧⲉ"/>
		<feat xlink:href="#sSpan3535" value="ϣϣⲉ"/>
		<feat xlink:href="#sSpan3537" value="ⲉⲣⲟ"/>
		<feat xlink:href="#sSpan3541" value="ⲓ"/>
		<feat xlink:href="#sSpan3543" value="ⲉ"/>
		<feat xlink:href="#sSpan3547" value="ⲁⲁ"/>
		<feat xlink:href="#sSpan3549" value="ϥ"/>
		<feat xlink:href="#sSpan3551" value="·"/>
		<feat xlink:href="#sSpan3555" value="ⲙⲛⲛⲥⲱ"/>
		<feat xlink:href="#sSpan3563" value="ⲥ"/>
		<feat xlink:href="#sSpan3565" value="ⲁ"/>
		<feat xlink:href="#sSpan3569" value="ϥ"/>
		<feat xlink:href="#sSpan3571" value="ⲙⲟⲟϣⲉ"/>
		<feat xlink:href="#sSpan3574" value="ⲉⲃⲟⲗ"/>
		<feat xlink:href="#sSpan3578" value="ϩⲓⲧⲟⲟⲧ"/>
		<feat xlink:href="#sSpan3582" value="·"/>
		<feat xlink:href="#sSpan3586" value="ⲁⲩⲱ"/>
		<feat xlink:href="#sSpan3592" value="ⲛ"/>
		<feat xlink:href="#sSpan3596" value="ⲛⲁⲩ"/>
		<feat xlink:href="#sSpan3598" value="ⲉ"/>
		<feat xlink:href="#sSpan3602" value="ⲛⲉⲛ"/>
		<feat xlink:href="#sSpan3605" value="ⲉⲣⲏⲩ"/>
		<feat xlink:href="#sSpan3607" value="·"/>
		<feat xlink:href="#sSpan3611" value="ⲛ"/>
		<feat xlink:href="#sSpan3615" value="ⲟⲩ"/>
		<feat xlink:href="#sSpan3618" value="ⲥⲟⲡ"/>
		<feat xlink:href="#sSpan3620" value="ⲧⲉ"/>
		<feat xlink:href="#sSpan3625" value="ⲣⲟⲙⲡⲉ"/>
		<feat xlink:href="#sSpan3627" value="·"/>
		<feat xlink:href="#sSpan3631" value="ϣⲁ"/>
		<feat xlink:href="#sSpan3635" value="ⲡⲉ"/>
		<feat xlink:href="#sSpan3638" value="ϩⲟⲟⲩ"/>
		<feat xlink:href="#sSpan3640" value="·"/>
		<feat xlink:href="#sSpan3644" value="ⲛⲧ"/>
		<feat xlink:href="#sSpan3649" value="ⲁ"/>
		<feat xlink:href="#sSpan3651" value="ϥ"/>
		<feat xlink:href="#sSpan3653" value="ⲕⲁ"/>
		<feat xlink:href="#sSpan3656" value="ⲥⲱⲙⲁ"/>
		<feat xlink:href="#sSpan3659" value="ⲉϩⲣⲁⲓ"/>
		<feat xlink:href="#sSpan3663" value="·"/>
		<feat xlink:href="#sSpan3667" value="ⲁⲩⲱ"/>
		<feat xlink:href="#sSpan3673" value="ⲁ"/>
		<feat xlink:href="#sSpan3677" value="ⲓ"/>
		<feat xlink:href="#sSpan3679" value="ⲧⲱⲙⲥ"/>
		<feat xlink:href="#sSpan3681" value="ⲙⲙⲟ"/>
		<feat xlink:href="#sSpan3685" value="ϥ"/>
		<feat xlink:href="#sSpan3687" value="ϩⲙ"/>
		<feat xlink:href="#sSpan3691" value="ⲡ"/>
		<feat xlink:href="#sSpan3696" value="ⲧⲟⲡⲟⲥ"/>
		<feat xlink:href="#sSpan3698" value="ⲉⲧ"/>
		<feat xlink:href="#sSpan3702" value="ϥ"/>
		<feat xlink:href="#sSpan3704" value="ⲛϩⲏⲧ"/>
		<feat xlink:href="#sSpan3708" value="ϥ"/>
		<feat xlink:href="#sSpan3710" value="·"/>
		<feat xlink:href="#sSpan3714" value="ⲡⲉϫⲁ"/>
		<feat xlink:href="#sSpan3720" value="ⲓ"/>
		<feat xlink:href="#sSpan3723" value="ⲇⲉ"/>
		<feat xlink:href="#sSpan3727" value="ⲛⲁ"/>
		<feat xlink:href="#sSpan3731" value="ϥ"/>
		<feat xlink:href="#sSpan3733" value="ϫⲉ"/>
		<feat xlink:href="#sSpan3737" value="ⲡⲁ"/>
		<feat xlink:href="#sSpan3740" value="ⲙⲉⲣⲓⲧ"/>
		<feat xlink:href="#sSpan3742" value="ⲛ"/>
		<feat xlink:href="#sSpan3747" value="ⲉⲓⲱⲧ"/>
		<feat xlink:href="#sSpan3749" value="ⲉⲧ"/>
		<feat xlink:href="#sSpan3753" value="ⲛⲁⲛⲟⲩ"/>
		<feat xlink:href="#sSpan3755" value="ϥ"/>
		<feat xlink:href="#sSpan3757" value="·"/>
		<feat xlink:href="#sSpan3762" value="ⲁⲣⲁ"/>
		<feat xlink:href="#sSpan3766" value="ⲛ"/>
		<feat xlink:href="#sSpan3770" value="ⲧ"/>
		<feat xlink:href="#sSpan3774" value="ⲁⲣⲭⲏ"/>
		<feat xlink:href="#sSpan3776" value="·"/>
		<feat xlink:href="#sSpan3780" value="ⲛⲧ"/>
		<feat xlink:href="#sSpan3784" value="ⲁ"/>
		<feat xlink:href="#sSpan3786" value="ⲕ"/>
		<feat xlink:href="#sSpan3788" value="ⲉⲓ"/>
		<feat xlink:href="#sSpan3791" value="ⲉ"/>
		<feat xlink:href="#sSpan3795" value="ⲡⲉⲓ"/>
		<feat xlink:href="#sSpan3798" value="ⲙⲁ"/>
		<feat xlink:href="#sSpan3801" value="·"/>
		<feat xlink:href="#sSpan3805" value="ⲁ"/>
		<feat xlink:href="#sSpan3809" value="ⲕ"/>
		<feat xlink:href="#sSpan3811" value="ϩⲓⲥⲉ"/>
		<feat xlink:href="#sSpan3813" value="ϫⲓⲛ"/>
		<feat xlink:href="#sSpan3817" value="ⲙ"/>
		<feat xlink:href="#sSpan3820" value="ⲡⲉ"/>
		<feat xlink:href="#sSpan3822" value="·"/>
		<feat xlink:href="#sSpan3826" value="ⲡⲉϫⲁ"/>
		<feat xlink:href="#sSpan3832" value="ϥ"/>
		<feat xlink:href="#sSpan3834" value="ⲛⲁ"/>
		<feat xlink:href="#sSpan3838" value="ⲓ"/>
		<feat xlink:href="#sSpan3840" value="ⲛϭⲓ"/>
		<feat xlink:href="#sSpan3844" value="ⲡ"/>
		<feat xlink:href="#sSpan3847" value="ϩⲗⲗⲟ"/>
		<feat xlink:href="#sSpan3849" value="ⲙ"/>
		<feat xlink:href="#sSpan3855" value="ⲙⲁⲕⲁⲣⲓⲟⲥ"/>
		<feat xlink:href="#sSpan3857" value="·"/>
		<feat xlink:href="#sSpan3861" value="ϫⲉ"/>
		<feat xlink:href="#sSpan3865" value="ⲁ"/>
		<feat xlink:href="#sSpan3867" value="ⲓ"/>
		<feat xlink:href="#sSpan3869" value="ϩⲓⲥⲉ"/>
		<feat xlink:href="#sSpan3871" value="ⲧⲱⲛⲟⲩ"/>
		<feat xlink:href="#sSpan3875" value="·"/>
		<feat xlink:href="#sSpan3879" value="ⲛ"/>
		<feat xlink:href="#sSpan3883" value="ⲟⲩ"/>
		<feat xlink:href="#sSpan3886" value="ⲙⲏⲏϣⲉ"/>
		<feat xlink:href="#sSpan3889" value="ⲛ"/>
		<feat xlink:href="#sSpan3894" value="ⲥⲟⲡ"/>
		<feat xlink:href="#sSpan3896" value="ⲉⲧⲃⲉ"/>
		<feat xlink:href="#sSpan3900" value="ⲡⲉ"/>
		<feat xlink:href="#sSpan3903" value="ϩⲕⲟ"/>
		<feat xlink:href="#sSpan3905" value="·"/>
		<feat xlink:href="#sSpan3909" value="ⲙⲛ"/>
		<feat xlink:href="#sSpan3913" value="ⲡ"/>
		<feat xlink:href="#sSpan3916" value="ⲉⲓⲃⲉ"/>
		<feat xlink:href="#sSpan3918" value="·"/>
		<feat xlink:href="#sSpan3922" value="ⲁⲩⲱ"/>
		<feat xlink:href="#sSpan3926" value="ⲉⲧⲃⲉ"/>
		<feat xlink:href="#sSpan3930" value="ⲡ"/>
		<feat xlink:href="#sSpan3933" value="ⲕⲱϩⲧ"/>
		<feat xlink:href="#sSpan3935" value="ⲉⲧ"/>
		<feat xlink:href="#sSpan3940" value="ⲛ"/>
		<feat xlink:href="#sSpan3942" value="ⲃⲟⲗ"/>
		<feat xlink:href="#sSpan3944" value="ⲙ"/>
		<feat xlink:href="#sSpan3948" value="ⲡⲉ"/>
		<feat xlink:href="#sSpan3951" value="ϩⲟⲟⲩ"/>
		<feat xlink:href="#sSpan3953" value="·"/>
		<feat xlink:href="#sSpan3957" value="ⲙⲛ"/>
		<feat xlink:href="#sSpan3961" value="ⲡ"/>
		<feat xlink:href="#sSpan3964" value="ⲛⲟϭ"/>
		<feat xlink:href="#sSpan3966" value="ⲛ"/>
		<feat xlink:href="#sSpan3970" value="ϫⲁϥ"/>
		<feat xlink:href="#sSpan3972" value="ⲛ"/>
		<feat xlink:href="#sSpan3976" value="ⲧⲉ"/>
		<feat xlink:href="#sSpan3979" value="ⲩϣⲏ"/>
		<feat xlink:href="#sSpan3981" value="·"/>
		<feat xlink:href="#sSpan3985" value="ⲁ"/>
		<feat xlink:href="#sSpan3992" value="ⲛⲁ"/>
		<feat xlink:href="#sSpan3996" value="ⲥⲁⲣⲝ"/>
		<feat xlink:href="#sSpan3998" value="ϭⲱϭ"/>
		<feat xlink:href="#sSpan4002" value="ⲉⲃⲟⲗ"/>
		<feat xlink:href="#sSpan4007" value="ϩⲛ"/>
		<feat xlink:href="#sSpan4011" value="ⲧ"/>
		<feat xlink:href="#sSpan4014" value="ⲉⲓⲱⲧⲉ"/>
		<feat xlink:href="#sSpan4016" value="ⲛ"/>
		<feat xlink:href="#sSpan4020" value="ⲧ"/>
		<feat xlink:href="#sSpan4023" value="ⲡⲉ"/>
		<feat xlink:href="#sSpan4025" value="·"/>
		<feat xlink:href="#sSpan4029" value="ⲛⲧⲉⲣⲉ"/>
		<feat xlink:href="#sSpan4035" value="ⲡ"/>
		<feat xlink:href="#sSpan4039" value="ⲛⲟⲩⲧⲉ"/>
		<feat xlink:href="#sSpan4042" value="ⲇⲉ"/>
		<feat xlink:href="#sSpan4046" value="ϫⲉ"/>
		<feat xlink:href="#sSpan4050" value="ⲁ"/>
		<feat xlink:href="#sSpan4052" value="ⲓ"/>
		<feat xlink:href="#sSpan4055" value="ϩⲩⲡⲟⲙⲉⲓⲛⲉ"/>
		<feat xlink:href="#sSpan4057" value="ϩⲙ"/>
		<feat xlink:href="#sSpan4061" value="ⲡ"/>
		<feat xlink:href="#sSpan4065" value="ⲁⲅⲱⲛ"/>
		<feat xlink:href="#sSpan4067" value="·"/>
		<feat xlink:href="#sSpan4071" value="ⲉⲧ"/>
		<feat xlink:href="#sSpan4075" value="ⲛⲁⲛⲟⲩ"/>
		<feat xlink:href="#sSpan4078" value="ϥ"/>
		<feat xlink:href="#sSpan4080" value="·"/>
		<feat xlink:href="#sSpan4084" value="ⲛ"/>
		<feat xlink:href="#sSpan4088" value="ⲧ"/>
		<feat xlink:href="#sSpan4092" value="ⲛⲏⲥⲧⲉⲓⲁ"/>
		<feat xlink:href="#sSpan4094" value="·"/>
		<feat xlink:href="#sSpan4098" value="ⲁⲩⲱ"/>
		<feat xlink:href="#sSpan4102" value="ϫⲉ"/>
		<feat xlink:href="#sSpan4106" value="ⲁ"/>
		<feat xlink:href="#sSpan4108" value="ⲓ"/>
		<feat xlink:href="#sSpan4110" value="ϯ"/>
		<feat xlink:href="#sSpan4112" value="ⲙ"/>
		<feat xlink:href="#sSpan4116" value="ⲡⲁ"/>
		<feat xlink:href="#sSpan4119" value="ϩⲏⲧ"/>
		<feat xlink:href="#sSpan4121" value="·"/>
		<feat xlink:href="#sSpan4125" value="ⲉ"/>
		<feat xlink:href="#sSpan4129" value="ⲧ"/>
		<feat xlink:href="#sSpan4134" value="ⲁⲥⲕⲏⲥⲓⲥ"/>
		<feat xlink:href="#sSpan4136" value="·"/>
		<feat xlink:href="#sSpan4140" value="ⲁ"/>
		<feat xlink:href="#sSpan4144" value="ϥ"/>
		<feat xlink:href="#sSpan4146" value="ⲧⲣⲉ"/>
		<feat xlink:href="#sSpan4148" value="ⲛ"/>
		<feat xlink:href="#sSpan4152" value="ⲁⲅⲅⲉⲗⲟⲥ"/>
		<feat xlink:href="#sSpan4154" value="ⲉⲧ"/>
		<feat xlink:href="#sSpan4158" value="ⲟⲩⲁⲁⲃ"/>
		<feat xlink:href="#sSpan4160" value="ⲇⲓⲁⲕⲱⲛⲉⲓ"/>
		<feat xlink:href="#sSpan4165" value="ⲛⲁ"/>
		<feat xlink:href="#sSpan4171" value="ⲓ"/>
		<feat xlink:href="#sSpan4173" value="·"/>
		<feat xlink:href="#sSpan4177" value="ⲛ"/>
		<feat xlink:href="#sSpan4181" value="ⲧⲁ"/>
		<feat xlink:href="#sSpan4185" value="ⲧⲣⲟⲫⲏ"/>
		<feat xlink:href="#sSpan4187" value="ⲙ"/>
		<feat xlink:href="#sSpan4191" value="ⲙⲏⲏⲛⲉ"/>
		<feat xlink:href="#sSpan4193" value="·"/>
		<feat xlink:href="#sSpan4197" value="ⲉ"/>
		<feat xlink:href="#sSpan4201" value="ϥ"/>
		<feat xlink:href="#sSpan4203" value="ϯ"/>
		<feat xlink:href="#sSpan4205" value="ⲙⲙⲟ"/>
		<feat xlink:href="#sSpan4209" value="ⲥ"/>
		<feat xlink:href="#sSpan4211" value="ⲛⲁ"/>
		<feat xlink:href="#sSpan4215" value="ⲓ"/>
		<feat xlink:href="#sSpan4217" value="ⲛ"/>
		<feat xlink:href="#sSpan4221" value="ⲧⲉ"/>
		<feat xlink:href="#sSpan4225" value="ⲩϣⲏ"/>
		<feat xlink:href="#sSpan4227" value="·"/>
		<feat xlink:href="#sSpan4231" value="ⲉ"/>
		<feat xlink:href="#sSpan4235" value="ϥ"/>
		<feat xlink:href="#sSpan4237" value="ⲧⲁϩⲟ"/>
		<feat xlink:href="#sSpan4240" value="ⲉⲣⲁⲧ"/>
		<feat xlink:href="#sSpan4244" value="ϥ"/>
		<feat xlink:href="#sSpan4246" value="ⲙ"/>
		<feat xlink:href="#sSpan4250" value="ⲡⲁ"/>
		<feat xlink:href="#sSpan4254" value="ⲥⲱⲙⲁ"/>
		<feat xlink:href="#sSpan4256" value="·"/>
		<feat xlink:href="#sSpan4260" value="ⲁⲩⲱ"/>
		<feat xlink:href="#sSpan4266" value="ⲛⲉⲣⲉ"/>
		<feat xlink:href="#sSpan4270" value="ϯ"/>
		<feat xlink:href="#sSpan4274" value="ⲃⲛⲛⲉ"/>
		<feat xlink:href="#sSpan4276" value="·"/>
		<feat xlink:href="#sSpan4280" value="ⲧⲁⲩⲟ"/>
		<feat xlink:href="#sSpan4285" value="ⲉⲃⲟⲗ"/>
		<feat xlink:href="#sSpan4289" value="·"/>
		<feat xlink:href="#sSpan4293" value="ⲛⲁ"/>
		<feat xlink:href="#sSpan4297" value="ⲓ"/>
		<feat xlink:href="#sSpan4299" value="ⲙ"/>
		<feat xlink:href="#sSpan4304" value="ⲙⲛⲧⲥⲛⲟⲟⲩⲥ"/>
		<feat xlink:href="#sSpan4308" value="·"/>
		<feat xlink:href="#sSpan4312" value="ⲛ"/>
		<feat xlink:href="#sSpan4316" value="ⲗⲟⲟⲩ"/>
		<feat xlink:href="#sSpan4318" value="ⲧⲉ"/>
		<feat xlink:href="#sSpan4324" value="ⲣⲟⲙⲡⲉ"/>
		<feat xlink:href="#sSpan4327" value="ⲕⲁⲧⲁ"/>
		<feat xlink:href="#sSpan4331" value="ⲉⲃⲟⲧ"/>
		<feat xlink:href="#sSpan4335" value="ⲇⲉ"/>
		<feat xlink:href="#sSpan4339" value="ⲛⲉ"/>
		<feat xlink:href="#sSpan4343" value="ⲓ"/>
		<feat xlink:href="#sSpan4345" value="ⲟⲩⲱⲙ"/>
		<feat xlink:href="#sSpan4347" value="ⲛ"/>
		<feat xlink:href="#sSpan4351" value="ⲟⲩ"/>
		<feat xlink:href="#sSpan4354" value="ⲗⲟⲟⲩ"/>
		<feat xlink:href="#sSpan4356" value="·"/>
		<feat xlink:href="#sSpan4360" value="ⲁⲩⲱ"/>
		<feat xlink:href="#sSpan4367" value="ⲟⲛ"/>
		<feat xlink:href="#sSpan4371" value="ⲛ"/>
		<feat xlink:href="#sSpan4375" value="ⲕⲉ"/>
		<feat xlink:href="#sSpan4379" value="ⲃⲟⲧⲁⲛⲏ"/>
		<feat xlink:href="#sSpan4381" value="ⲉⲧ"/>
		<feat xlink:href="#sSpan4385" value="ⲣⲏⲧ"/>
		<feat xlink:href="#sSpan4387" value="ϩⲓ"/>
		<feat xlink:href="#sSpan4391" value="ⲡ"/>
		<feat xlink:href="#sSpan4394" value="ⲧⲟⲟⲩ"/>
		<feat xlink:href="#sSpan4396" value="·"/>
		<feat xlink:href="#sSpan4400" value="ⲁ"/>
		<feat xlink:href="#sSpan4404" value="ϥ"/>
		<feat xlink:href="#sSpan4406" value="ⲧⲣⲉ"/>
		<feat xlink:href="#sSpan4408" value="ⲩ"/>
		<feat xlink:href="#sSpan4410" value="ϩⲗⲟϭ"/>
		<feat xlink:href="#sSpan4413" value="ϩⲛ"/>
		<feat xlink:href="#sSpan4417" value="ⲧⲁ"/>
		<feat xlink:href="#sSpan4420" value="ⲧⲁⲡⲣⲟ"/>
		<feat xlink:href="#sSpan4422" value="·"/>
		<feat xlink:href="#sSpan4426" value="ⲛ"/>
		<feat xlink:href="#sSpan4430" value="ⲧ"/>
		<feat xlink:href="#sSpan4432" value="ϩⲉ"/>
		<feat xlink:href="#sSpan4434" value="ⲛ"/>
		<feat xlink:href="#sSpan4438" value="ⲟⲩ"/>
		<feat xlink:href="#sSpan4442" value="ⲉⲃⲓⲱ"/>
		<feat xlink:href="#sSpan4444" value="·"/>
		<feat xlink:href="#sSpan4448" value="ϥ"/>
		<feat xlink:href="#sSpan4456" value="ⲥⲏϩ"/>
		<feat xlink:href="#sSpan4459" value="ⲅⲁⲣ"/>
		<feat xlink:href="#sSpan4463" value="ϫⲉ"/>
		<feat xlink:href="#sSpan4467" value="ⲛⲉⲣⲉ"/>
		<feat xlink:href="#sSpan4469" value="ⲡ"/>
		<feat xlink:href="#sSpan4472" value="ⲣⲱⲙⲉ"/>
		<feat xlink:href="#sSpan4474" value="ⲛⲁ"/>
		<feat xlink:href="#sSpan4478" value="ⲱⲛϩ"/>
		<feat xlink:href="#sSpan4480" value="ⲁⲛ"/>
		<feat xlink:href="#sSpan4484" value="ⲉ"/>
		<feat xlink:href="#sSpan4488" value="ⲟⲉⲓⲕ"/>
		<feat xlink:href="#sSpan4491" value="ⲙⲁⲩⲁⲁ"/>
		<feat xlink:href="#sSpan4496" value="ϥ"/>
		<feat xlink:href="#sSpan4499" value="ⲁⲗⲗⲁ"/>
		<feat xlink:href="#sSpan4503" value="ⲉ"/>
		<feat xlink:href="#sSpan4507" value="ϣⲁϫⲉ"/>
		<feat xlink:href="#sSpan4510" value="ⲛⲓⲙ"/>
		<feat xlink:href="#sSpan4514" value="ⲉⲧ"/>
		<feat xlink:href="#sSpan4518" value="ⲛⲏⲩ"/>
		<feat xlink:href="#sSpan4521" value="ⲉⲃⲟⲗ"/>
		<feat xlink:href="#sSpan4525" value="ϩⲛ"/>
		<feat xlink:href="#sSpan4529" value="ⲧ"/>
		<feat xlink:href="#sSpan4533" value="ⲧⲁⲡⲣⲟ"/>
		<feat xlink:href="#sSpan4535" value="ⲙ"/>
		<feat xlink:href="#sSpan4539" value="ⲡ"/>
		<feat xlink:href="#sSpan4542" value="ⲛⲟⲩⲧⲉ"/>
		<feat xlink:href="#sSpan4544" value="·"/>
		<feat xlink:href="#sSpan4548" value="ⲉⲣⲉ"/>
		<feat xlink:href="#sSpan4552" value="ⲡ"/>
		<feat xlink:href="#sSpan4555" value="ⲣⲱⲙⲉ"/>
		<feat xlink:href="#sSpan4557" value="ⲛⲁ"/>
		<feat xlink:href="#sSpan4561" value="ⲱⲛϩ"/>
		<feat xlink:href="#sSpan4563" value="ⲉⲣⲟ"/>
		<feat xlink:href="#sSpan4567" value="ⲟⲩ"/>
		<feat xlink:href="#sSpan4569" value="·"/>
		<feat xlink:href="#sSpan4573" value="ⲉⲕϣⲁⲛ"/>
		<feat xlink:href="#sSpan4580" value="ⲣ"/>
		<feat xlink:href="#sSpan4582" value="ⲡ"/>
		<feat xlink:href="#sSpan4585" value="ⲟⲩⲱϣ"/>
		<feat xlink:href="#sSpan4587" value="ⲙ"/>
		<feat xlink:href="#sSpan4591" value="ⲡ"/>
		<feat xlink:href="#sSpan4594" value="ⲛⲟⲩⲧⲉ"/>
		<feat xlink:href="#sSpan4596" value="ϥ"/>
		<feat xlink:href="#sSpan4600" value="ⲛⲁ"/>
		<feat xlink:href="#sSpan4602" value="ϥⲓ"/>
		<feat xlink:href="#sSpan4604" value="ⲙ"/>
		<feat xlink:href="#sSpan4608" value="ⲡⲉⲕ"/>
		<feat xlink:href="#sSpan4611" value="ⲣⲟⲟⲩϣ"/>
		<feat xlink:href="#sSpan4613" value="·"/>
		<feat xlink:href="#sSpan4617" value="ϩⲙ"/>
		<feat xlink:href="#sSpan4622" value="ⲙⲁ"/>
		<feat xlink:href="#sSpan4625" value="ⲛⲓⲙ"/>
		<feat xlink:href="#sSpan4629" value="·"/>
		<feat xlink:href="#sSpan4633" value="ⲡⲉϫⲁ"/>
		<feat xlink:href="#sSpan4639" value="ϥ"/>
		<feat xlink:href="#sSpan4642" value="ⲅⲁⲣ"/>
		<feat xlink:href="#sSpan4646" value="ϩⲙ"/>
		<feat xlink:href="#sSpan4650" value="ⲡ"/>
		<feat xlink:href="#sSpan4654" value="ⲉⲩⲁⲅⲅⲉⲗⲓⲟⲛ"/>
		<feat xlink:href="#sSpan4656" value="ⲉⲧ"/>
		<feat xlink:href="#sSpan4661" value="ⲟⲩⲁⲁⲃ"/>
		<feat xlink:href="#sSpan4663" value="·"/>
		<feat xlink:href="#sSpan4667" value="ϫⲉ"/>
		<feat xlink:href="#sSpan4671" value="ⲙⲡⲣ"/>
		<feat xlink:href="#sSpan4674" value="ϥⲓⲣⲟⲟⲩϣ"/>
		<feat xlink:href="#sSpan4677" value="ϫⲉ"/>
		<feat xlink:href="#sSpan4681" value="ⲟⲩ"/>
		<feat xlink:href="#sSpan4683" value="ⲡⲉ"/>
		<feat xlink:href="#sSpan4687" value="ⲡ"/>
		<feat xlink:href="#sSpan4692" value="ⲉⲧⲉⲧⲛⲉ"/>
		<feat xlink:href="#sSpan4695" value="ⲟⲩⲟⲙ"/>
		<feat xlink:href="#sSpan4697" value="ϥ"/>
		<feat xlink:href="#sSpan4699" value="·"/>
		<feat xlink:href="#sSpan4704" value="ⲏ"/>
		<feat xlink:href="#sSpan4708" value="ⲟⲩ"/>
		<feat xlink:href="#sSpan4712" value="ⲡⲉ"/>
		<feat xlink:href="#sSpan4716" value="ⲡ"/>
		<feat xlink:href="#sSpan4721" value="ⲉⲧⲉⲧⲛⲉ"/>
		<feat xlink:href="#sSpan4723" value="ⲥⲟⲟ"/>
		<feat xlink:href="#sSpan4725" value="ϥ"/>
		<feat xlink:href="#sSpan4727" value="·"/>
		<feat xlink:href="#sSpan4732" value="ⲏ"/>
		<feat xlink:href="#sSpan4736" value="ⲟⲩ"/>
		<feat xlink:href="#sSpan4740" value="ⲡⲉ"/>
		<feat xlink:href="#sSpan4744" value="ⲡ"/>
		<feat xlink:href="#sSpan4750" value="ⲉⲧⲉⲧⲛⲉ"/>
		<feat xlink:href="#sSpan4752" value="ⲧⲁⲁ"/>
		<feat xlink:href="#sSpan4754" value="ϥ"/>
		<feat xlink:href="#sSpan4756" value="ϩⲓⲱⲧ"/>
		<feat xlink:href="#sSpan4760" value="ⲧⲏⲩⲧⲛ"/>
		<feat xlink:href="#sSpan4762" value="·"/>
		<feat xlink:href="#sSpan4766" value="ⲡⲉⲧⲛ"/>
		<feat xlink:href="#sSpan4771" value="ⲉⲓⲱⲧ"/>
		<feat xlink:href="#sSpan4773" value="ⲉⲧ"/>
		<feat xlink:href="#sSpan4777" value="ϩⲛ"/>
		<feat xlink:href="#sSpan4779" value="ⲙ"/>
		<feat xlink:href="#sSpan4783" value="ⲡⲏⲩⲉ"/>
		<feat xlink:href="#sSpan4785" value="·"/>
		<feat xlink:href="#sSpan4789" value="ⲥⲟⲟⲩⲛ"/>
		<feat xlink:href="#sSpan4793" value="ⲙⲡⲉ"/>
		<feat xlink:href="#sSpan4797" value="ⲧⲉⲧⲛ"/>
		<feat xlink:href="#sSpan4800" value="ⲣⲭⲣⲉⲓⲁ"/>
		<feat xlink:href="#sSpan4804" value="ⲙⲙⲟ"/>
		<feat xlink:href="#sSpan4808" value="ϥ"/>
		<feat xlink:href="#sSpan4810" value="ⲙⲡⲁⲧⲉ"/>
		<feat xlink:href="#sSpan4816" value="ⲧⲛ"/>
		<feat xlink:href="#sSpan4819" value="ⲁⲓⲧⲉⲓ"/>
		<feat xlink:href="#sSpan4821" value="ⲙⲙⲟ"/>
		<feat xlink:href="#sSpan4825" value="ϥ"/>
		<feat xlink:href="#sSpan4827" value="·"/>
		<feat xlink:href="#sSpan4831" value="ϣⲓⲛⲉ"/>
		<feat xlink:href="#sSpan4837" value="ⲛⲧⲟϥ"/>
		<feat xlink:href="#sSpan4841" value="ⲛⲥⲁ"/>
		<feat xlink:href="#sSpan4845" value="ⲧⲉϥ"/>
		<feat xlink:href="#sSpan4849" value="ⲙⲛⲧⲣⲣⲟ"/>
		<feat xlink:href="#sSpan4852" value="ⲙⲛ"/>
		<feat xlink:href="#sSpan4857" value="ⲧⲉϥ"/>
		<feat xlink:href="#sSpan4861" value="ⲇⲓⲕⲁⲓⲟⲥⲩⲛⲏ"/>
		<feat xlink:href="#sSpan4863" value="·"/>
		<feat xlink:href="#sSpan4867" value="ⲁⲩⲱ"/>
		<feat xlink:href="#sSpan4873" value="ⲛⲁⲓ"/>
		<feat xlink:href="#sSpan4878" value="ⲥⲉ"/>
		<feat xlink:href="#sSpan4882" value="ⲛⲁ"/>
		<feat xlink:href="#sSpan4884" value="ⲟⲩⲟϩ"/>
		<feat xlink:href="#sSpan4886" value="ⲟⲩ"/>
		<feat xlink:href="#sSpan4888" value="ⲉⲣⲱ"/>
		<feat xlink:href="#sSpan4893" value="ⲧⲉⲛ"/>
		<feat xlink:href="#sSpan4895" value="·"/>
		<feat xlink:href="#sSpan4899" value="ⲛⲁⲓ"/>
		<feat xlink:href="#sSpan4907" value="ⲇⲉ"/>
		<feat xlink:href="#sSpan4911" value="ⲛⲧⲉⲣ"/>
		<feat xlink:href="#sSpan4915" value="ⲓ"/>
		<feat xlink:href="#sSpan4917" value="ⲥⲱⲧⲙ"/>
		<feat xlink:href="#sSpan4919" value="ⲉⲣⲟ"/>
		<feat xlink:href="#sSpan4923" value="ⲟⲩ"/>
		<feat xlink:href="#sSpan4925" value="·"/>
		<feat xlink:href="#sSpan4929" value="ⲁ"/>
		<feat xlink:href="#sSpan4933" value="ⲓ"/>
		<feat xlink:href="#sSpan4936" value="ⲣϣⲡⲏⲣⲉ"/>
		<feat xlink:href="#sSpan4939" value="ⲉⲙⲁⲧⲉ"/>
		<feat xlink:href="#sSpan4944" value="·"/>
		<feat xlink:href="#sSpan4948" value="ⲡⲉϫⲁ"/>
		<feat xlink:href="#sSpan4952" value="ⲓ"/>
		<feat xlink:href="#sSpan4954" value="ⲛⲁ"/>
		<feat xlink:href="#sSpan4958" value="ϥ"/>
		<feat xlink:href="#sSpan4960" value="ϫⲉ"/>
		<feat xlink:href="#sSpan4965" value="ⲱ"/>
		<feat xlink:href="#sSpan4967" value="ⲡⲁ"/>
		<feat xlink:href="#sSpan4972" value="ⲉⲓⲱⲧ"/>
		<feat xlink:href="#sSpan4974" value="ⲉⲧ"/>
		<feat xlink:href="#sSpan4978" value="ⲟⲩⲁⲁⲃ"/>
		<feat xlink:href="#sSpan4980" value="·"/>
		<feat xlink:href="#sSpan4984" value="ⲉ"/>
		<feat xlink:href="#sSpan4989" value="ϣⲁ"/>
		<feat xlink:href="#sSpan4991" value="ⲕ"/>
		<feat xlink:href="#sSpan4994" value="ⲥⲩⲛⲁⲅⲉ"/>
		<feat xlink:href="#sSpan4996" value="ⲧⲱⲛ"/>
		<feat xlink:href="#sSpan5000" value="ⲙ"/>
		<feat xlink:href="#sSpan5004" value="ⲡ"/>
		<feat xlink:href="#sSpan5008" value="ⲥⲁⲃⲃⲁⲧⲟⲛ"/>
		<feat xlink:href="#sSpan5010" value="ⲙⲛ"/>
		<feat xlink:href="#sSpan5014" value="ⲧ"/>
		<feat xlink:href="#sSpan5018" value="ⲕⲩⲣⲓⲁⲕⲏ"/>
		<feat xlink:href="#sSpan5020" value="·"/>
		<feat xlink:href="#sSpan5024" value="ⲛⲧⲟϥ"/>
		<feat xlink:href="#sSpan5032" value="ⲇⲉ"/>
		<feat xlink:href="#sSpan5036" value="ⲡⲉϫⲁ"/>
		<feat xlink:href="#sSpan5040" value="ϥ"/>
		<feat xlink:href="#sSpan5042" value="ⲛⲁ"/>
		<feat xlink:href="#sSpan5046" value="ⲓ"/>
		<feat xlink:href="#sSpan5048" value="ϫⲉ"/>
		<feat xlink:href="#sSpan5053" value="ⲱ"/>
		<feat xlink:href="#sSpan5055" value="ⲡⲁ"/>
		<feat xlink:href="#sSpan5060" value="ⲉⲓⲱⲧ"/>
		<feat xlink:href="#sSpan5062" value="ⲉⲧ"/>
		<feat xlink:href="#sSpan5066" value="ⲟⲩⲁⲁⲃ"/>
		<feat xlink:href="#sSpan5068" value="·"/>
		<feat xlink:href="#sSpan5072" value="ϥ"/>
		<feat xlink:href="#sSpan5079" value="ⲛⲏⲩ"/>
		<feat xlink:href="#sSpan5081" value="ⲛϭⲓ"/>
		<feat xlink:href="#sSpan5085" value="ⲟⲩ"/>
		<feat xlink:href="#sSpan5089" value="ⲁⲅⲅⲉⲗⲟⲥ"/>
		<feat xlink:href="#sSpan5091" value="·"/>
		<feat xlink:href="#sSpan5095" value="ⲛⲧⲉ"/>
		<feat xlink:href="#sSpan5099" value="ⲡ"/>
		<feat xlink:href="#sSpan5102" value="ⲛⲟⲩⲧⲉ"/>
		<feat xlink:href="#sSpan5104" value="·"/>
		<feat xlink:href="#sSpan5108" value="ⲉ"/>
		<feat xlink:href="#sSpan5112" value="ϥ"/>
		<feat xlink:href="#sSpan5115" value="ⲥⲩⲛⲁⲅⲉ"/>
		<feat xlink:href="#sSpan5118" value="ⲙⲙⲟ"/>
		<feat xlink:href="#sSpan5122" value="ⲓ"/>
		<feat xlink:href="#sSpan5124" value="ⲙ"/>
		<feat xlink:href="#sSpan5128" value="ⲡ"/>
		<feat xlink:href="#sSpan5132" value="ⲥⲁⲃⲃⲁⲧⲟⲛ"/>
		<feat xlink:href="#sSpan5134" value="ⲙⲛ"/>
		<feat xlink:href="#sSpan5138" value="ⲧ"/>
		<feat xlink:href="#sSpan5142" value="ⲕⲩⲣⲓⲁⲕⲏ"/>
		<feat xlink:href="#sSpan5144" value="·"/>
		<feat xlink:href="#sSpan5148" value="ⲁⲩⲱ"/>
		<feat xlink:href="#sSpan5152" value="ⲟⲩⲟⲛ"/>
		<feat xlink:href="#sSpan5159" value="ⲛⲓⲙ"/>
		<feat xlink:href="#sSpan5163" value="ⲉ"/>
		<feat xlink:href="#sSpan5167" value="ϥ"/>
		<feat xlink:href="#sSpan5169" value="ϩⲙ"/>
		<feat xlink:href="#sSpan5171" value="ⲡ"/>
		<feat xlink:href="#sSpan5174" value="ϫⲁⲓⲉ"/>
		<feat xlink:href="#sSpan5176" value="·"/>
		<feat xlink:href="#sSpan5180" value="ⲉⲧ"/>
		<feat xlink:href="#sSpan5184" value="ⲡⲟⲗⲩⲧⲉⲩⲉ"/>
		<feat xlink:href="#sSpan5186" value="ⲉⲧⲃⲉ"/>
		<feat xlink:href="#sSpan5190" value="ⲡ"/>
		<feat xlink:href="#sSpan5194" value="ⲛⲟⲩⲧⲉ"/>
		<feat xlink:href="#sSpan5196" value="·"/>
		<feat xlink:href="#sSpan5200" value="ⲁⲩⲱ"/>
		<feat xlink:href="#sSpan5204" value="ⲉ"/>
		<feat xlink:href="#sSpan5208" value="ⲧⲙ"/>
		<feat xlink:href="#sSpan5210" value="ⲛⲁⲩ"/>
		<feat xlink:href="#sSpan5212" value="ⲉ"/>
		<feat xlink:href="#sSpan5217" value="ⲣⲱⲙⲉ"/>
		<feat xlink:href="#sSpan5219" value="·"/>
		<feat xlink:href="#sSpan5223" value="ϥ"/>
		<feat xlink:href="#sSpan5229" value="ⲛⲏⲩ"/>
		<feat xlink:href="#sSpan5231" value="ⲛϭⲓ"/>
		<feat xlink:href="#sSpan5235" value="ⲟⲩ"/>
		<feat xlink:href="#sSpan5240" value="ⲁⲅⲅⲉⲗⲟⲥ"/>
		<feat xlink:href="#sSpan5242" value="·"/>
		<feat xlink:href="#sSpan5246" value="ⲛ"/>
		<feat xlink:href="#sSpan5250" value="ϥ"/>
		<feat xlink:href="#sSpan5253" value="ⲥⲩⲛⲁⲅⲉ"/>
		<feat xlink:href="#sSpan5255" value="ⲙⲙⲟ"/>
		<feat xlink:href="#sSpan5259" value="ⲩ"/>
		<feat xlink:href="#sSpan5261" value="·"/>
		<feat xlink:href="#sSpan5265" value="ⲁⲩⲱ"/>
		<feat xlink:href="#sSpan5269" value="ⲛ"/>
		<feat xlink:href="#sSpan5273" value="ϥ"/>
		<feat xlink:href="#sSpan5275" value="ⲥⲗⲥⲱⲗ"/>
		<feat xlink:href="#sSpan5278" value="ⲟⲩ"/>
		<feat xlink:href="#sSpan5280" value="·"/>
		<feat xlink:href="#sSpan5284" value="ⲉⲩϣⲁⲛ"/>
		<feat xlink:href="#sSpan5293" value="ⲉⲡⲓⲑⲩⲙⲉⲓ"/>
		<feat xlink:href="#sSpan5296" value="ⲇⲉ"/>
		<feat xlink:href="#sSpan5300" value="ⲟⲛ"/>
		<feat xlink:href="#sSpan5304" value="ⲉ"/>
		<feat xlink:href="#sSpan5308" value="ⲛⲁⲩ"/>
		<feat xlink:href="#sSpan5310" value="ⲉ"/>
		<feat xlink:href="#sSpan5314" value="ⲣⲱⲙⲉ"/>
		<feat xlink:href="#sSpan5317" value="·"/>
		<feat xlink:href="#sSpan5321" value="ϣⲁ"/>
		<feat xlink:href="#sSpan5325" value="ⲩ"/>
		<feat xlink:href="#sSpan5328" value="ⲁⲛⲁⲗⲁⲙⲃⲁⲛⲉ"/>
		<feat xlink:href="#sSpan5331" value="ⲙⲙⲟ"/>
		<feat xlink:href="#sSpan5335" value="ⲟⲩ"/>
		<feat xlink:href="#sSpan5337" value="·"/>
		<feat xlink:href="#sSpan5341" value="ⲉ"/>
		<feat xlink:href="#sSpan5345" value="ⲛ"/>
		<feat xlink:href="#sSpan5348" value="ⲉⲡⲟⲩⲣⲁⲛⲓⲟⲛ"/>
		<feat xlink:href="#sSpan5350" value="·"/>
		<feat xlink:href="#sSpan5354" value="ⲛ"/>
		<feat xlink:href="#sSpan5358" value="ⲥⲉ"/>
		<feat xlink:href="#sSpan5360" value="ⲛⲁⲩ"/>
		<feat xlink:href="#sSpan5362" value="ⲉ"/>
		<feat xlink:href="#sSpan5366" value="ⲛ"/>
		<feat xlink:href="#sSpan5370" value="ⲉⲧ"/>
		<feat xlink:href="#sSpan5372" value="ⲟⲩⲁⲁⲃ"/>
		<feat xlink:href="#sSpan5374" value="ⲧⲏⲣ"/>
		<feat xlink:href="#sSpan5378" value="ⲟⲩ"/>
		<feat xlink:href="#sSpan5380" value="·"/>
		<feat xlink:href="#sSpan5384" value="ⲛ"/>
		<feat xlink:href="#sSpan5388" value="ⲥⲉ"/>
		<feat xlink:href="#sSpan5391" value="ⲁⲥⲡⲁⲍⲉ"/>
		<feat xlink:href="#sSpan5393" value="ⲙⲙⲟ"/>
		<feat xlink:href="#sSpan5397" value="ⲟⲩ"/>
		<feat xlink:href="#sSpan5399" value="ⲛⲧⲉ"/>
		<feat xlink:href="#sSpan5403" value="ⲡⲉⲩ"/>
		<feat xlink:href="#sSpan5407" value="ϩⲏⲧ"/>
		<feat xlink:href="#sSpan5410" value="·"/>
		<feat xlink:href="#sSpan5414" value="ϫⲓ"/>
		<feat xlink:href="#sSpan5418" value="ⲟⲩⲟⲉⲓⲛ"/>
		<feat xlink:href="#sSpan5421" value="ⲛ"/>
		<feat xlink:href="#sSpan5425" value="ⲥⲉ"/>
		<feat xlink:href="#sSpan5427" value="ⲟⲩⲣⲟⲧ"/>
		<feat xlink:href="#sSpan5429" value="ⲁⲩⲱ"/>
		<feat xlink:href="#sSpan5433" value="ⲛ"/>
		<feat xlink:href="#sSpan5437" value="ⲥⲉ"/>
		<feat xlink:href="#sSpan5440" value="ⲉⲩⲫⲣⲁⲛⲉ"/>
		<feat xlink:href="#sSpan5443" value="ⲙⲙⲟ"/>
		<feat xlink:href="#sSpan5447" value="ⲟⲩ"/>
		<feat xlink:href="#sSpan5449" value="·"/>
		<feat xlink:href="#sSpan5453" value="ⲙⲛ"/>
		<feat xlink:href="#sSpan5457" value="ⲡ"/>
		<feat xlink:href="#sSpan5460" value="ⲛⲟⲩⲧⲉ"/>
		<feat xlink:href="#sSpan5462" value="ϩⲛ"/>
		<feat xlink:href="#sSpan5466" value="ⲛ"/>
		<feat xlink:href="#sSpan5470" value="ⲁⲅⲁⲑⲟⲛ"/>
		<feat xlink:href="#sSpan5472" value="ⲉⲧ"/>
		<feat xlink:href="#sSpan5476" value="ⲙⲙⲁⲩ"/>
		<feat xlink:href="#sSpan5479" value="·"/>
		<feat xlink:href="#sSpan5483" value="ⲉⲩϣⲁⲛ"/>
		<feat xlink:href="#sSpan5489" value="ⲛⲁⲩ"/>
		<feat xlink:href="#sSpan5492" value="ⲇⲉ"/>
		<feat xlink:href="#sSpan5496" value="ⲉⲣⲟ"/>
		<feat xlink:href="#sSpan5500" value="ⲟⲩ"/>
		<feat xlink:href="#sSpan5502" value="ϣⲁ"/>
		<feat xlink:href="#sSpan5506" value="ⲩ"/>
		<feat xlink:href="#sSpan5508" value="ⲥⲟⲗⲥⲗ"/>
		<feat xlink:href="#sSpan5510" value="ⲛ"/>
		<feat xlink:href="#sSpan5514" value="ⲥⲉ"/>
		<feat xlink:href="#sSpan5516" value="ⲣ"/>
		<feat xlink:href="#sSpan5519" value="ⲡ"/>
		<feat xlink:href="#sSpan5522" value="ⲱⲃϣ"/>
		<feat xlink:href="#sSpan5524" value="ϫⲉ"/>
		<feat xlink:href="#sSpan5528" value="ⲁ"/>
		<feat xlink:href="#sSpan5530" value="ⲩ"/>
		<feat xlink:href="#sSpan5532" value="ϣⲡ"/>
		<feat xlink:href="#sSpan5534" value="ϩⲓⲥⲉ"/>
		<feat xlink:href="#sSpan5539" value="ⲉ"/>
		<feat xlink:href="#sSpan5543" value="ⲡ"/>
		<feat xlink:href="#sSpan5546" value="ⲧⲏⲣϥ"/>
		<feat xlink:href="#sSpan5549" value="·"/>
		<feat xlink:href="#sSpan5553" value="ⲙⲛⲛⲥⲱ"/>
		<feat xlink:href="#sSpan5557" value="ⲥ"/>
		<feat xlink:href="#sSpan5559" value="ⲟⲛ"/>
		<feat xlink:href="#sSpan5563" value="ⲛ"/>
		<feat xlink:href="#sSpan5567" value="ⲥⲉ"/>
		<feat xlink:href="#sSpan5571" value="ⲕⲟⲧ"/>
		<feat xlink:href="#sSpan5573" value="ⲟⲩ"/>
		<feat xlink:href="#sSpan5575" value="ⲉ"/>
		<feat xlink:href="#sSpan5579" value="ⲛⲉⲩ"/>
		<feat xlink:href="#sSpan5583" value="ⲥⲱⲙⲁ"/>
		<feat xlink:href="#sSpan5585" value="·"/>
		<feat xlink:href="#sSpan5589" value="ⲛ"/>
		<feat xlink:href="#sSpan5593" value="ⲥⲉ"/>
		<feat xlink:href="#sSpan5595" value="ϭⲱ"/>
		<feat xlink:href="#sSpan5598" value="ⲉ"/>
		<feat xlink:href="#sSpan5602" value="ⲩ"/>
		<feat xlink:href="#sSpan5604" value="ⲥⲗⲥⲱⲗ"/>
		<feat xlink:href="#sSpan5606" value="ⲛ"/>
		<feat xlink:href="#sSpan5610" value="ⲟⲩ"/>
		<feat xlink:href="#sSpan5613" value="ⲙⲏⲏϣⲉ"/>
		<feat xlink:href="#sSpan5617" value="ⲛ"/>
		<feat xlink:href="#sSpan5621" value="ⲟⲩⲟⲉⲓϣ"/>
		<feat xlink:href="#sSpan5623" value="·"/>
		<feat xlink:href="#sSpan5627" value="ⲉϣϫⲉ"/>
		<feat xlink:href="#sSpan5633" value="ⲛⲧ"/>
		<feat xlink:href="#sSpan5637" value="ⲁ"/>
		<feat xlink:href="#sSpan5639" value="ⲩ"/>
		<feat xlink:href="#sSpan5641" value="ⲡⲱⲱⲛⲉ"/>
		<feat xlink:href="#sSpan5644" value="ⲉ"/>
		<feat xlink:href="#sSpan5648" value="ⲡ"/>
		<feat xlink:href="#sSpan5651" value="ⲕⲉ"/>
		<feat xlink:href="#sSpan5654" value="ⲁⲓⲱⲛ"/>
		<feat xlink:href="#sSpan5657" value="ϩⲓⲧⲙ"/>
		<feat xlink:href="#sSpan5661" value="ⲡ"/>
		<feat xlink:href="#sSpan5664" value="ⲟⲩⲣⲟⲧ"/>
		<feat xlink:href="#sSpan5666" value="ⲛⲧ"/>
		<feat xlink:href="#sSpan5670" value="ⲁ"/>
		<feat xlink:href="#sSpan5672" value="ⲩ"/>
		<feat xlink:href="#sSpan5674" value="ⲛⲁⲩ"/>
		<feat xlink:href="#sSpan5676" value="ⲉⲣⲟ"/>
		<feat xlink:href="#sSpan5680" value="ϥ"/>
		<feat xlink:href="#sSpan5682" value="·"/>
		<feat xlink:href="#sSpan5686" value="ⲙⲉ"/>
		<feat xlink:href="#sSpan5690" value="ⲩ"/>
		<feat xlink:href="#sSpan5692" value="ⲣ"/>
		<feat xlink:href="#sSpan5694" value="ⲡ"/>
		<feat xlink:href="#sSpan5697" value="ⲙⲉⲉⲩⲉ"/>
		<feat xlink:href="#sSpan5699" value="ⲣⲱ"/>
		<feat xlink:href="#sSpan5703" value="ϫⲉ"/>
		<feat xlink:href="#sSpan5707" value="ⲟⲩⲛ"/>
		<feat xlink:href="#sSpan5710" value="ⲕⲟⲥⲙⲟⲥ"/>
		<feat xlink:href="#sSpan5713" value="·"/>
		<feat xlink:href="#sSpan5717" value="ϣⲟⲟⲡ"/>
		<feat xlink:href="#sSpan5721" value="·"/>
		<feat xlink:href="#sSpan5725" value="ⲛⲧⲉⲣ"/>
		<feat xlink:href="#sSpan5731" value="ⲓ"/>
		<feat xlink:href="#sSpan5734" value="ⲥⲱⲧⲙ"/>
		<feat xlink:href="#sSpan5737" value="ⲇⲉ"/>
		<feat xlink:href="#sSpan5741" value="ⲁ"/>
		<feat xlink:href="#sSpan5745" value="ⲓ"/>
		<feat xlink:href="#sSpan5747" value="ⲣⲁϣⲉ"/>
		<feat xlink:href="#sSpan5749" value="ⲉⲙⲁⲧⲉ"/>
		<feat xlink:href="#sSpan5753" value="ϫⲉ"/>
		<feat xlink:href="#sSpan5757" value="ⲁ"/>
		<feat xlink:href="#sSpan5759" value="ⲓ"/>
		<feat xlink:href="#sSpan5761" value="ⲣ"/>
		<feat xlink:href="#sSpan5763" value="ⲡ"/>
		<feat xlink:href="#sSpan5766" value="ⲙⲡϣⲁ"/>
		<feat xlink:href="#sSpan5768" value="ⲛ"/>
		<feat xlink:href="#sSpan5772" value="ⲥⲱⲧⲙ"/>
		<feat xlink:href="#sSpan5776" value="ⲉ"/>
		<feat xlink:href="#sSpan5780" value="ⲛⲁⲓ"/>
		<feat xlink:href="#sSpan5783" value="ⲉⲃⲟⲗ"/>
		<feat xlink:href="#sSpan5788" value="ϩⲓⲧⲟⲟⲧ"/>
		<feat xlink:href="#sSpan5792" value="ϥ"/>
		<feat xlink:href="#sSpan5794" value="·"/>
		<feat xlink:href="#sSpan5798" value="ⲁⲩⲱ"/>
		<feat xlink:href="#sSpan5804" value="ⲁ"/>
		<feat xlink:href="#sSpan5808" value="ⲓ"/>
		<feat xlink:href="#sSpan5810" value="ⲣ"/>
		<feat xlink:href="#sSpan5813" value="ⲡ"/>
		<feat xlink:href="#sSpan5815" value="ⲱⲃϣ"/>
		<feat xlink:href="#sSpan5817" value="ⲛ"/>
		<feat xlink:href="#sSpan5821" value="ⲛⲁ"/>
		<feat xlink:href="#sSpan5825" value="ϩⲓⲥⲉ"/>
		<feat xlink:href="#sSpan5827" value="ⲧⲏⲣ"/>
		<feat xlink:href="#sSpan5831" value="ⲟⲩ"/>
		<feat xlink:href="#sSpan5833" value="ⲛⲧ"/>
		<feat xlink:href="#sSpan5837" value="ⲁ"/>
		<feat xlink:href="#sSpan5839" value="ⲓ"/>
		<feat xlink:href="#sSpan5841" value="ϣⲟⲡ"/>
		<feat xlink:href="#sSpan5843" value="ⲟⲩ"/>
		<feat xlink:href="#sSpan5845" value="·"/>
		<feat xlink:href="#sSpan5849" value="ⲉ"/>
		<feat xlink:href="#sSpan5853" value="ⲓ"/>
		<feat xlink:href="#sSpan5855" value="ⲙⲟⲟϣⲉ"/>
		<feat xlink:href="#sSpan5858" value="ϩⲛ"/>
		<feat xlink:href="#sSpan5862" value="ⲛ"/>
		<feat xlink:href="#sSpan5865" value="ⲧⲟⲟⲩ"/>
		<feat xlink:href="#sSpan5867" value="·"/>
		<feat xlink:href="#sSpan5871" value="ⲁ"/>
		<feat xlink:href="#sSpan5878" value="ⲩ"/>
		<feat xlink:href="#sSpan5881" value="ϭⲟⲙ"/>
		<feat xlink:href="#sSpan5883" value="ⲉⲓ"/>
		<feat xlink:href="#sSpan5888" value="ⲉ"/>
		<feat xlink:href="#sSpan5892" value="ⲡⲁ"/>
		<feat xlink:href="#sSpan5896" value="ⲥⲱⲙⲁ"/>
		<feat xlink:href="#sSpan5898" value="·"/>
		<feat xlink:href="#sSpan5902" value="ⲁⲩⲱ"/>
		<feat xlink:href="#sSpan5908" value="ⲁ"/>
		<feat xlink:href="#sSpan5912" value="ⲩ"/>
		<feat xlink:href="#sSpan5916" value="ⲙⲛⲧⲃⲣⲣⲉ"/>
		<feat xlink:href="#sSpan5919" value="ⲉⲓ"/>
		<feat xlink:href="#sSpan5924" value="ⲉ"/>
		<feat xlink:href="#sSpan5928" value="ⲡⲁ"/>
		<feat xlink:href="#sSpan5933" value="ⲥⲱⲙⲁ"/>
		<feat xlink:href="#sSpan5935" value="ⲙⲛ"/>
		<feat xlink:href="#sSpan5939" value="ⲧⲁ"/>
		<feat xlink:href="#sSpan5943" value="ⲯⲩⲭⲏ"/>
		<feat xlink:href="#sSpan5945" value="·"/>
		<feat xlink:href="#sSpan5949" value="ⲡⲉϫⲁ"/>
		<feat xlink:href="#sSpan5955" value="ⲓ"/>
		<feat xlink:href="#sSpan5958" value="ⲇⲉ"/>
		<feat xlink:href="#sSpan5962" value="ⲛⲁ"/>
		<feat xlink:href="#sSpan5966" value="ϥ"/>
		<feat xlink:href="#sSpan5969" value="ⲇⲉ"/>
		<feat xlink:href="#sSpan5974" value="ⲛⲁⲓⲁⲁⲧ"/>
		<feat xlink:href="#sSpan5980" value="ⲁⲛⲟⲕ"/>
		<feat xlink:href="#sSpan5984" value="ϫⲉ"/>
		<feat xlink:href="#sSpan5988" value="ⲁ"/>
		<feat xlink:href="#sSpan5990" value="ⲓ"/>
		<feat xlink:href="#sSpan5992" value="ⲙⲡϣⲁ"/>
		<feat xlink:href="#sSpan5994" value="ⲛ"/>
		<feat xlink:href="#sSpan5998" value="ⲛⲁⲩ"/>
		<feat xlink:href="#sSpan6001" value="ⲉ"/>
		<feat xlink:href="#sSpan6005" value="ⲡⲉⲕ"/>
		<feat xlink:href="#sSpan6008" value="ϩⲟ"/>
		<feat xlink:href="#sSpan6010" value="ⲉⲧ"/>
		<feat xlink:href="#sSpan6014" value="ⲟⲩⲁⲁⲃ"/>
		<feat xlink:href="#sSpan6016" value="·"/>
		<feat xlink:href="#sSpan6020" value="ⲁⲩⲱ"/>
		<feat xlink:href="#sSpan6025" value="ⲁ"/>
		<feat xlink:href="#sSpan6029" value="ⲓ"/>
		<feat xlink:href="#sSpan6031" value="ⲙⲡϣⲁ"/>
		<feat xlink:href="#sSpan6033" value="ⲛ"/>
		<feat xlink:href="#sSpan6037" value="ⲥⲱⲧⲙ"/>
		<feat xlink:href="#sSpan6040" value="ⲉ"/>
		<feat xlink:href="#sSpan6044" value="ⲛⲉⲕ"/>
		<feat xlink:href="#sSpan6047" value="ϣⲁϫⲉ"/>
		<feat xlink:href="#sSpan6049" value="ⲉⲧ"/>
		<feat xlink:href="#sSpan6053" value="ϩⲟⲗϭ"/>
		<feat xlink:href="#sSpan6055" value="·"/>
		<feat xlink:href="#sSpan6059" value="ⲡⲉϫⲁ"/>
		<feat xlink:href="#sSpan6066" value="ϥ"/>
		<feat xlink:href="#sSpan6068" value="ϭⲉ"/>
		<feat xlink:href="#sSpan6072" value="ⲛⲁ"/>
		<feat xlink:href="#sSpan6077" value="ⲓ"/>
		<feat xlink:href="#sSpan6079" value="·"/>
		<feat xlink:href="#sSpan6083" value="ϫⲉ"/>
		<feat xlink:href="#sSpan6087" value="ⲧⲱⲟⲩⲛ"/>
		<feat xlink:href="#sSpan6089" value="ⲡⲁ"/>
		<feat xlink:href="#sSpan6093" value="ⲥⲟⲛ"/>
		<feat xlink:href="#sSpan6096" value="·"/>
		<feat xlink:href="#sSpan6100" value="ⲛ"/>
		<feat xlink:href="#sSpan6104" value="ⲧⲛ"/>
		<feat xlink:href="#sSpan6106" value="ⲃⲱⲕ"/>
		<feat xlink:href="#sSpan6109" value="ⲉ"/>
		<feat xlink:href="#sSpan6114" value="ⲡ"/>
		<feat xlink:href="#sSpan6117" value="ⲙⲁ"/>
		<feat xlink:href="#sSpan6119" value="ⲉ"/>
		<feat xlink:href="#sSpan6123" value="ⲛ"/>
		<feat xlink:href="#sSpan6125" value="ⲛϩⲏⲧ"/>
		<feat xlink:href="#sSpan6127" value="ϥ"/>
		<feat xlink:href="#sSpan6129" value="·"/>
		<feat xlink:href="#sSpan6133" value="ⲁ"/>
		<feat xlink:href="#sSpan6139" value="ⲛ"/>
		<feat xlink:href="#sSpan6141" value="ⲧⲱⲟⲩⲛ"/>
		<feat xlink:href="#sSpan6143" value="·"/>
		<feat xlink:href="#sSpan6147" value="ⲁ"/>
		<feat xlink:href="#sSpan6153" value="ⲛ"/>
		<feat xlink:href="#sSpan6155" value="ⲙⲟⲟϣⲉ"/>
		<feat xlink:href="#sSpan6158" value="ⲙⲛ"/>
		<feat xlink:href="#sSpan6162" value="ⲛⲉⲛ"/>
		<feat xlink:href="#sSpan6165" value="ⲉⲣⲏⲩ"/>
		<feat xlink:href="#sSpan6167" value="·"/>
		<feat xlink:href="#sSpan6171" value="ⲙ"/>
		<feat xlink:href="#sSpan6175" value="ⲙⲏⲗⲓⲟⲛ"/>
		<feat xlink:href="#sSpan6178" value="ⲥⲛⲁⲩ"/>
		<feat xlink:href="#sSpan6183" value="ⲏ"/>
		<feat xlink:href="#sSpan6187" value="ϣⲟⲙⲛⲧ"/>
		<feat xlink:href="#sSpan6191" value="·"/>
		<feat xlink:href="#sSpan6195" value="ⲟⲩ"/>
		<feat xlink:href="#sSpan6200" value="ϣⲡⲏⲣⲉ"/>
		<feat xlink:href="#sSpan6202" value="ⲉⲙⲁⲧⲉ"/>
		<feat xlink:href="#sSpan6207" value="·"/>
		<feat xlink:href="#sSpan6211" value="ⲧⲉ"/>
		<feat xlink:href="#sSpan6215" value="ⲧⲉ"/>
		<feat xlink:href="#sSpan6220" value="ϣⲡⲏⲣⲉ"/>
		<feat xlink:href="#sSpan6222" value="ⲙ"/>
		<feat xlink:href="#sSpan6226" value="ⲡⲉⲓ"/>
		<feat xlink:href="#sSpan6229" value="ϩⲗⲗⲟ"/>
		<feat xlink:href="#sSpan6231" value="ⲙ"/>
		<feat xlink:href="#sSpan6236" value="ⲙⲁⲕⲁⲣⲓⲟⲥ"/>
		<feat xlink:href="#sSpan6238" value="·"/>
		<feat xlink:href="#sSpan6242" value="ⲁⲩⲱ"/>
		<feat xlink:href="#sSpan6247" value="ⲛ"/>
		<feat xlink:href="#sSpan6252" value="ⲁⲑⲗⲏⲧⲏⲥ"/>
		<feat xlink:href="#sSpan6254" value="ⲛ"/>
		<feat xlink:href="#sSpan6258" value="ⲙⲟⲟϣⲉ"/>
		<feat xlink:href="#sSpan6261" value="ⲇⲉ"/>
		<feat xlink:href="#sSpan6265" value="·"/>
		<feat xlink:href="#sSpan6269" value="ⲁ"/>
		<feat xlink:href="#sSpan6273" value="ⲛ"/>
		<feat xlink:href="#sSpan6275" value="ⲉⲓ"/>
		<feat xlink:href="#sSpan6278" value="ⲉϫⲛ"/>
		<feat xlink:href="#sSpan6282" value="ⲟⲩ"/>
		<feat xlink:href="#sSpan6285" value="ⲕⲁⲗⲏⲃⲉ"/>
		<feat xlink:href="#sSpan6288" value="·"/>
		<feat xlink:href="#sSpan6292" value="ⲛⲧⲉⲣ"/>
		<feat xlink:href="#sSpan6298" value="ⲛ"/>
		<feat xlink:href="#sSpan6300" value="ⲃⲱⲕ"/>
		<feat xlink:href="#sSpan6303" value="ⲇⲉ"/>
		<feat xlink:href="#sSpan6307" value="ⲉϩⲟⲩⲛ"/>
		<feat xlink:href="#sSpan6311" value="ⲉ"/>
		<feat xlink:href="#sSpan6315" value="ⲧ"/>
		<feat xlink:href="#sSpan6318" value="ⲕⲁⲗⲩⲃⲉ"/>
		<feat xlink:href="#sSpan6320" value="ⲁ"/>
		<feat xlink:href="#sSpan6324" value="ϥ"/>
		<feat xlink:href="#sSpan6326" value="ⲁϩⲉ"/>
		<feat xlink:href="#sSpan6328" value="ⲣⲁⲧ"/>
		<feat xlink:href="#sSpan6331" value="ϥ"/>
		<feat xlink:href="#sSpan6333" value="ⲁ"/>
		<feat xlink:href="#sSpan6337" value="ϥ"/>
		<feat xlink:href="#sSpan6339" value="ϣⲗⲏⲗ"/>
		<feat xlink:href="#sSpan6341" value="ⲛⲙⲙⲁ"/>
		<feat xlink:href="#sSpan6345" value="ⲓ"/>
		<feat xlink:href="#sSpan6347" value="·"/></featList></paula>