<?xml version='1.0' encoding='UTF-8'?><!DOCTYPE paula SYSTEM "paula_feat.dtd">
<paula version="1.1">
	<header paula_id="scriptorium.life.onnophrius.02.mark_text"/>
	<featList xmlns:xlink="http://www.w3.org/1999/xlink" type="text" xml:base="scriptorium.life.onnophrius.02.mark.xml">
		<feat xlink:href="#sSpan13" value="ⲛ ⲉⲧ ϣⲟⲟⲡ ϩⲙ ⲡ ϫⲁⲓⲉ ⲉⲧⲃⲉ ⲡ ⲛⲟⲩⲧⲉ"/>
		<feat xlink:href="#sSpan24" value="ⲡ ϫⲁⲓⲉ"/>
		<feat xlink:href="#sSpan33" value="ⲡ ⲛⲟⲩⲧⲉ"/>
		<feat xlink:href="#sSpan49" value="ⲣⲱⲙⲉ"/>
		<feat xlink:href="#sSpan65" value="ⲟⲩ ⲑⲗⲓⲯⲓⲥ"/>
		<feat xlink:href="#sSpan112" value="ⲧⲣⲟⲫⲏ"/>
		<feat xlink:href="#sSpan146" value="ⲙⲟⲟⲩ"/>
		<feat xlink:href="#sSpan164" value="ⲧ ⲁⲣⲭⲏ"/>
		<feat xlink:href="#sSpan197" value="ⲧ ⲁⲛⲁⲭⲱⲣⲓⲥⲓⲥ"/>
		<feat xlink:href="#sSpan227" value="ⲡⲉ ϩⲕⲟ"/>
		<feat xlink:href="#sSpan236" value="ⲡ ⲉⲓⲃⲉ"/>
		<feat xlink:href="#sSpan250" value="ⲙ ⲡⲟⲗⲓⲧⲉⲓⲁ"/>
		<feat xlink:href="#sSpan276" value="ⲡ ⲡⲁⲛⲧⲩⲕⲓⲙⲉⲛⲟⲥ"/>
		<feat xlink:href="#sSpan358" value="ⲧ ⲁⲛⲁⲭⲱⲣⲓⲥⲓⲥ"/>
		<feat xlink:href="#sSpan380" value="ⲟⲩ ⲛⲟϭ"/>
		<feat xlink:href="#sSpan391" value="ⲡ ⲃⲉⲉⲕⲉ · ⲉⲧ ⲟⲩ ⲛⲁ ϫⲓⲧ ϥ ⲛⲧⲟⲟⲧ ϥ ⲙ ⲡ ⲛⲟⲩⲧⲉ"/>
		<feat xlink:href="#sSpan423" value="ⲡ ⲛⲟⲩⲧⲉ"/>
		<feat xlink:href="#sSpan448" value="ⲥⲱⲙⲁ"/>
		<feat xlink:href="#sSpan461" value="ⲡ ⲛⲁⲩ ⲙⲙⲁⲧⲉ ⲉⲧ ⲟⲩ ⲛⲁ ϩⲩⲡⲟⲙⲉⲓⲛⲉ"/>
		<feat xlink:href="#sSpan493" value="ⲙⲛⲧϣⲁⲛϩⲧⲏϥ ⲙ ⲡ ⲛⲟⲩⲧⲉ"/>
		<feat xlink:href="#sSpan505" value="ⲡ ⲛⲟⲩⲧⲉ"/>
		<feat xlink:href="#sSpan528" value="ⲛ ⲁⲅⲅⲉⲗⲟⲥ"/>
		<feat xlink:href="#sSpan553" value="ⲧⲉⲩ ⲧⲣⲟⲫⲏ"/>
		<feat xlink:href="#sSpan582" value="ⲡ ⲙⲟⲟⲩ"/>
		<feat xlink:href="#sSpan599" value="ⲟⲩ ⲡⲉⲧⲣⲁ"/>
		<feat xlink:href="#sSpan629" value="ⲏⲥⲁⲓⲁⲥ"/>
		<feat xlink:href="#sSpan640" value="ⲛ ⲉⲧ ϩⲩⲡⲟⲙⲉⲓⲛⲉ · ⲉ ⲡ ϫⲟⲉⲓⲥ"/>
		<feat xlink:href="#sSpan656" value="ⲡ ϫⲟⲉⲓⲥ"/>
		<feat xlink:href="#sSpan672" value="ⲧⲉⲩ ϭⲟⲙ"/>
		<feat xlink:href="#sSpan706" value="ⲛⲓ ⲁⲓⲧⲟⲥ"/>
		<feat xlink:href="#sSpan787" value="ⲡ ⲙⲟⲟⲩ"/>
		<feat xlink:href="#sSpan807" value="ⲟⲩ ⲡⲉⲧⲣⲁ"/>
		<feat xlink:href="#sSpan848" value="ⲛ ⲃⲟⲧⲁⲛⲏ ⲉⲧ ϩⲛ ⲧ ⲥⲱϣⲉ"/>
		<feat xlink:href="#sSpan861" value="ⲧ ⲥⲱϣⲉ"/>
		<feat xlink:href="#sSpan878" value="ⲧⲉⲩ ⲧⲁⲡⲣⲟ"/>
		<feat xlink:href="#sSpan899" value="ⲟⲩ ⲉⲃⲓⲱ · ⲉ ϥ ϩⲟⲗϭ"/>
		<feat xlink:href="#sSpan923" value="ⲟⲩ ⲑⲗⲓⲯⲓⲥ"/>
		<feat xlink:href="#sSpan948" value="ⲟⲩ ⲕⲓⲛⲇⲩⲛⲟⲥ"/>
		<feat xlink:href="#sSpan993" value="ⲛⲉⲩ ϭⲓϫ"/>
		<feat xlink:href="#sSpan1019" value="ⲡ ⲣⲣⲟ ⲓⲏⲥⲟⲩⲥ"/>
		<feat xlink:href="#sSpan1037" value="ⲧⲉϥ ⲃⲟⲏⲑⲓⲁ"/>
		<feat xlink:href="#sSpan1102" value="ⲡ ⲥⲟⲟⲩⲧⲛ ⲙ ⲡⲉⲩ ϩⲏⲧ"/>
		<feat xlink:href="#sSpan1111" value="ⲡⲉⲩ ϩⲏⲧ"/>
		<feat xlink:href="#sSpan1155" value="ⲡ ⲉⲧ ⲥⲏϩ"/>
		<feat xlink:href="#sSpan1170" value="ⲡ ϫⲟⲉⲓⲥ"/>
		<feat xlink:href="#sSpan1200" value="ⲡⲉϥ ⲗⲁⲟⲥ"/>
		<feat xlink:href="#sSpan1218" value="ⲧ ϩⲩⲡⲟⲙⲟⲛⲏ"/>
		<feat xlink:href="#sSpan1232" value="ⲡ ⲉⲃⲓⲏⲛ"/>
		<feat xlink:href="#sSpan1257" value="ⲡ ⲧⲏⲣϥ"/>
		<feat xlink:href="#sSpan1284" value="ⲡ ϩⲏⲕⲉ"/>
		<feat xlink:href="#sSpan1309" value="ⲡ ϫⲟⲉⲓⲥ"/>
		<feat xlink:href="#sSpan1346" value="ⲛⲉϥ ⲑⲗⲓⲯⲓⲥ ⲧⲏⲣ ⲟⲩ"/>
		<feat xlink:href="#sSpan1369" value="ⲡ ⲛⲟⲩⲧⲉ"/>
		<feat xlink:href="#sSpan1386" value="ⲡ ⲟⲩⲁ ⲡ ⲟⲩⲁ"/>
		<feat xlink:href="#sSpan1403" value="ⲡ ϩⲓⲥⲉ · ⲉⲧⲉ ϥ ⲛⲁ ϣⲟⲡ ϥ"/>
		<feat xlink:href="#sSpan1441" value="ⲡ ⲉⲧ ⲛⲁ ⲉⲓⲣⲉ ⲙ ⲡ ⲟⲩⲱϣ ⲙ ⲡ ⲛⲟⲩⲧⲉ · ϩⲓϫⲙ ⲡ ⲕⲁϩ"/>
		<feat xlink:href="#sSpan1454" value="ⲡ ⲟⲩⲱϣ ⲙ ⲡ ⲛⲟⲩⲧⲉ"/>
		<feat xlink:href="#sSpan1463" value="ⲡ ⲛⲟⲩⲧⲉ"/>
		<feat xlink:href="#sSpan1476" value="ⲡ ⲕⲁϩ"/>
		<feat xlink:href="#sSpan1510" value="ⲛ ⲁⲅⲅⲉⲗⲟⲥ"/>
		<feat xlink:href="#sSpan1541" value="ⲡ ⲥⲱⲙⲁ"/>
		<feat xlink:href="#sSpan1583" value="ⲛⲁⲩ ⲛⲓⲙ"/>
		<feat xlink:href="#sSpan1598" value="ⲛⲉϥ ⲁⲛⲁⲅⲕⲏ"/>
		<feat xlink:href="#sSpan1619" value="ⲡ ⲥⲟⲛ"/>
		<feat xlink:href="#sSpan1639" value="ⲛⲁⲓ"/>
		<feat xlink:href="#sSpan1657" value="ⲛⲉⲓ ⲧⲉⲗⲉⲓⲟⲥ ⲛⲧⲉ ⲡ ⲛⲟⲩⲧⲉ"/>
		<feat xlink:href="#sSpan1668" value="ⲡ ⲛⲟⲩⲧⲉ"/>
		<feat xlink:href="#sSpan1694" value="ⲟⲩ ⲉⲃⲓⲱ · ⲉ ϥ ϩⲟⲗϭ"/>
		<feat xlink:href="#sSpan1716" value="ⲡⲁ ϩⲏⲧ"/>
		<feat xlink:href="#sSpan1735" value="ⲩ ⲛⲟϭ ⲛ ⲁⲓⲥⲑⲏⲥⲓⲥ"/>
		<feat xlink:href="#sSpan1759" value="ⲡⲁ ⲥⲁ ⲛϩⲟⲩⲛ"/>
		<feat xlink:href="#sSpan1793" value="ⲛ ⲉⲛⲧ ⲁ ⲡⲉⲩ ⲛⲟⲩⲥ · ⲡⲱⲱⲛⲉ ⲉ ⲡ ⲕⲉ ⲁⲓⲱⲛ"/>
		<feat xlink:href="#sSpan1800" value="ⲡⲉⲩ ⲛⲟⲩⲥ"/>
		<feat xlink:href="#sSpan1820" value="ⲡ ⲕⲉ ⲁⲓⲱⲛ"/>
		<feat xlink:href="#sSpan1864" value="ϩⲉⲛ ⲕⲟⲩⲓ ⲛ ⲟⲉⲓⲕ"/>
		<feat xlink:href="#sSpan1900" value="ϥⲧⲟⲟⲩ ⲛ ϩⲟⲟⲩ"/>
		<feat xlink:href="#sSpan1944" value="ⲡ ⲙⲁ ⲉⲧⲉⲣⲉ ⲡ ϫⲟⲉⲓⲥ ⲛⲁ ⲧⲟϣ ⲧ ⲉⲣⲟ ϥ"/>
		<feat xlink:href="#sSpan1953" value="ⲡ ϫⲟⲉⲓⲥ"/>
		<feat xlink:href="#sSpan2003" value="ⲧⲁ ϩⲉⲛⲉⲉⲧⲉ"/>
		<feat xlink:href="#sSpan2035" value="ⲩ ⲟⲩⲟⲉⲓⲛ ⲙ ⲡⲁ ⲙⲧⲟ ⲉⲃⲟⲗ"/>
		<feat xlink:href="#sSpan2044" value="ⲡⲁ ⲙⲧⲟ ⲉⲃⲟⲗ"/>
		<feat xlink:href="#sSpan2084" value="ⲡⲁ ϩⲏⲧ"/>
		<feat xlink:href="#sSpan2120" value="ⲡ ⲧⲟⲡⲟⲥ ⲉ ⲛⲉ ⲓ ⲛϩⲏⲧ ϥ ⲛ ϣⲟⲣⲡ"/>
		<feat xlink:href="#sSpan2255" value="ⲡ ⲁⲅⲅⲉⲗⲟⲥ ⲉⲧ ϭⲁⲗⲏⲩ ⲉⲣⲟ ⲕ · ⲉⲧ ⲙⲟⲟϣⲉ ⲛⲙⲙⲁ ⲕ · ϫⲓⲛ ⲧⲉⲕ ⲙⲛⲧⲕⲟⲩⲓ"/>
		<feat xlink:href="#sSpan2298" value="ⲧⲉⲕ ⲙⲛⲧⲕⲟⲩⲓ"/>
		<feat xlink:href="#sSpan2311" value="ϯ ⲟⲓⲕⲟⲛⲟⲙⲓⲁ ⲧⲁⲓ ⲛⲧ ⲁ ⲡ ϫⲟⲉⲓⲥ · ⲧⲟϣ ⲥ ⲉⲣⲟ ⲕ"/>
		<feat xlink:href="#sSpan2330" value="ⲡ ϫⲟⲉⲓⲥ"/>
		<feat xlink:href="#sSpan2401" value="ⲡ ⲧⲟⲟⲩ"/>
		<feat xlink:href="#sSpan2422" value="ⲡ ϫⲁⲓⲉ"/>
		<feat xlink:href="#sSpan2434" value="ⲁ ⲥⲟⲟⲩ ⲙ ⲙⲏⲗⲓⲟⲛ ⲛ ⲥⲁϣϥ"/>
		<feat xlink:href="#sSpan2465" value="ⲩ ⲥⲡⲩⲗⲁⲓⲟⲛ"/>
		<feat xlink:href="#sSpan2507" value="ⲣⲱⲙⲉ"/>
		<feat xlink:href="#sSpan2545" value="ⲟⲩ ⲛⲟϭ ⲛ ϩⲁⲅⲓⲟⲥ · ⲛⲧⲉ ⲡ ⲛⲟⲩⲧⲉ · ⲉ ⲛⲉⲥⲱ ϥ ϩⲙ ⲡⲉϥ ⲥⲙⲟⲧ · ⲉⲣⲉ ⲟⲩ ⲛⲟϭ ⲛ ⲭⲁⲣⲓⲥ ϩⲓⲣⲙ ⲡⲉϥ ϩⲟ"/>
		<feat xlink:href="#sSpan2565" value="ⲡ ⲛⲟⲩⲧⲉ"/>
		<feat xlink:href="#sSpan2587" value="ⲡⲉϥ ⲥⲙⲟⲧ"/>
		<feat xlink:href="#sSpan2600" value="ⲟⲩ ⲛⲟϭ ⲛ ⲭⲁⲣⲓⲥ ϩⲓⲣⲙ ⲡⲉϥ ϩⲟ"/>
		<feat xlink:href="#sSpan2617" value="ⲡⲉϥ ϩⲟ"/>
		<feat xlink:href="#sSpan2738" value="ⲟⲛⲛⲟⲫⲣⲓⲟⲥ ⲡⲁ ϣⲃⲏⲣⲣϩⲱⲃ ϩⲙ ⲡ ϫⲟⲉⲓⲥ"/>
		<feat xlink:href="#sSpan2755" value="ⲡ ϫⲟⲉⲓⲥ"/>
		<feat xlink:href="#sSpan2775" value="ⲡ ϫⲟⲉⲓⲥ"/>
		<feat xlink:href="#sSpan2806" value="ⲡ ⲱⲃ ⲉⲧ ⲛⲁⲛⲟⲩ ϥ · ⲛⲧ ⲁ ϥ ⲧⲁϩⲙ ⲕ ⲉⲣⲟ ϥ"/>
		<feat xlink:href="#sSpan2890" value="ϩⲉⲛ ⲕⲟⲩⲓ ⲛ ϩⲟⲟⲩ"/>
		<feat xlink:href="#sSpan2922" value="ⲕⲱⲧ ⲛ ⲧ ⲙⲛⲧⲛⲟⲩⲧⲉ"/>
		<feat xlink:href="#sSpan2929" value="ⲧ ⲙⲛⲧⲛⲟⲩⲧⲉ"/>
		<feat xlink:href="#sSpan2976" value="ⲧ ϭⲓⲛⲣϩⲱⲃ ⲉ ⲡ ϫⲁⲓⲉ"/>
		<feat xlink:href="#sSpan2988" value="ⲡ ϫⲁⲓⲉ"/>
		<feat xlink:href="#sSpan3027" value="ⲡ ⲡⲟⲗⲉⲙⲟⲥ ⲉⲧ ϩⲏⲡ ⲙⲛ ⲛ ϩⲟⲧⲉ ⲉⲧ ϣⲟⲟⲡ ϩⲙ ⲡ ϫⲁⲓⲉ"/>
		<feat xlink:href="#sSpan3043" value="ⲛ ϩⲟⲧⲉ ⲉⲧ ϣⲟⲟⲡ ϩⲙ ⲡ ϫⲁⲓⲉ"/>
		<feat xlink:href="#sSpan3059" value="ⲡ ϫⲁⲓⲉ"/>
		<feat xlink:href="#sSpan3097" value="ⲡⲁ ϣⲏⲣⲉ"/>
		<feat xlink:href="#sSpan3124" value="ⲩ ⲙⲁ ⲛ ϫⲁⲓⲉ · ϩⲛ ⲧ ⲉⲣⲏⲙⲟⲥ ⲉⲧ ϩⲓϩⲟⲩⲛ"/>
		<feat xlink:href="#sSpan3144" value="ⲧ ⲉⲣⲏⲙⲟⲥ ⲉⲧ ϩⲓϩⲟⲩⲛ"/>
		<feat xlink:href="#sSpan3185" value="ⲡ ⲛⲟⲩⲧⲉ"/>
		<feat xlink:href="#sSpan3207" value="ⲡ ϫⲟⲉⲓⲥ ⲡ ⲛⲟⲩⲧⲉ"/>
		<feat xlink:href="#sSpan3229" value="ⲡⲉⲓ ϩⲱⲃ"/>
		<feat xlink:href="#sSpan3248" value="ⲡ ϫⲁⲓⲉ"/>
		<feat xlink:href="#sSpan3298" value="ⲡ ϫⲁⲓⲉ ⲛ ⲁ ϥⲧⲟⲟⲩ ⲛ ϩⲟⲟⲩ"/>
		<feat xlink:href="#sSpan3308" value="ⲁ ϥⲧⲟⲟⲩ ⲛ ϩⲟⲟⲩ"/>
		<feat xlink:href="#sSpan3335" value="ⲡ ϫⲱⲕ ⲇⲉ ⲛ ϥⲧⲟⲟⲩ ⲛ ϩⲟⲟⲩ"/>
		<feat xlink:href="#sSpan3350" value="ϥⲧⲟⲟⲩ ⲛ ϩⲟⲟⲩ"/>
		<feat xlink:href="#sSpan3376" value="ⲟⲩ ⲕⲟⲩⲓ ⲛ ⲕⲁⲗⲩⲃⲏ"/>
		<feat xlink:href="#sSpan3410" value="ⲡⲁⲓ"/>
		<feat xlink:href="#sSpan3419" value="ⲡ ⲙⲁ ⲛⲧ ⲁ ⲡ ϫⲟⲉⲓⲥ ⲧⲟϣ ϥ ⲛⲁ ⲕ"/>
		<feat xlink:href="#sSpan3430" value="ⲡ ϫⲟⲉⲓⲥ"/>
		<feat xlink:href="#sSpan3495" value="ⲟⲩ ⲉⲃⲟⲧ ⲛ ϩⲟⲟⲩ"/>
		<feat xlink:href="#sSpan3519" value="ⲡ ϩⲱⲃ ⲉⲧ ⲛⲁⲛⲟⲩ ϥ ⲉⲧⲉ ϣϣⲉ ⲉⲣⲟ ⲓ ⲉ ⲁⲁ ϥ"/>
		<feat xlink:href="#sSpan3617" value="ⲟⲩ ⲥⲟⲡ"/>
		<feat xlink:href="#sSpan3622" value="ⲧⲉ ⲣⲟⲙⲡⲉ"/>
		<feat xlink:href="#sSpan3637" value="ⲡⲉ ϩⲟⲟⲩ · ⲛⲧ ⲁ ϥ ⲕⲁ ⲥⲱⲙⲁ ⲉϩⲣⲁⲓ"/>
		<feat xlink:href="#sSpan3659" value="ⲥⲱⲙⲁ"/>
		<feat xlink:href="#sSpan3694" value="ⲡ ⲧⲟⲡⲟⲥ ⲉⲧ ϥ ⲛϩⲏⲧ ϥ"/>
		<feat xlink:href="#sSpan3740" value="ⲡⲁ ⲙⲉⲣⲓⲧ ⲛ ⲉⲓⲱⲧ ⲉⲧ ⲛⲁⲛⲟⲩ ϥ"/>
		<feat xlink:href="#sSpan3773" value="ⲧ ⲁⲣⲭⲏ · ⲛⲧ ⲁ ⲕ ⲉⲓ ⲉ ⲡⲉⲓ ⲙⲁ"/>
		<feat xlink:href="#sSpan3798" value="ⲡⲉⲓ ⲙⲁ"/>
		<feat xlink:href="#sSpan3820" value="ⲙ ⲡⲉ"/>
		<feat xlink:href="#sSpan3847" value="ⲡ ϩⲗⲗⲟ ⲙ ⲙⲁⲕⲁⲣⲓⲟⲥ"/>
		<feat xlink:href="#sSpan3886" value="ⲟⲩ ⲙⲏⲏϣⲉ ⲛ ⲥⲟⲡ"/>
		<feat xlink:href="#sSpan3903" value="ⲡⲉ ϩⲕⲟ"/>
		<feat xlink:href="#sSpan3916" value="ⲡ ⲉⲓⲃⲉ"/>
		<feat xlink:href="#sSpan3933" value="ⲡ ⲕⲱϩⲧ ⲉⲧ ⲛ ⲃⲟⲗ ⲙ ⲡⲉ ϩⲟⲟⲩ"/>
		<feat xlink:href="#sSpan3951" value="ⲡⲉ ϩⲟⲟⲩ"/>
		<feat xlink:href="#sSpan3964" value="ⲡ ⲛⲟϭ ⲛ ϫⲁϥ ⲛ ⲧⲉ ⲩϣⲏ"/>
		<feat xlink:href="#sSpan3979" value="ⲧⲉ ⲩϣⲏ"/>
		<feat xlink:href="#sSpan3995" value="ⲛⲁ ⲥⲁⲣⲝ"/>
		<feat xlink:href="#sSpan4014" value="ⲧ ⲉⲓⲱⲧⲉ ⲛ ⲧ ⲡⲉ"/>
		<feat xlink:href="#sSpan4023" value="ⲧ ⲡⲉ"/>
		<feat xlink:href="#sSpan4038" value="ⲡ ⲛⲟⲩⲧⲉ"/>
		<feat xlink:href="#sSpan4064" value="ⲡ ⲁⲅⲱⲛ · ⲉⲧ ⲛⲁⲛⲟⲩ ϥ · ⲛ ⲧ ⲛⲏⲥⲧⲉⲓⲁ"/>
		<feat xlink:href="#sSpan4091" value="ⲧ ⲛⲏⲥⲧⲉⲓⲁ"/>
		<feat xlink:href="#sSpan4119" value="ⲡⲁ ϩⲏⲧ"/>
		<feat xlink:href="#sSpan4132" value="ⲧ ⲁⲥⲕⲏⲥⲓⲥ"/>
		<feat xlink:href="#sSpan4151" value="ⲛ ⲁⲅⲅⲉⲗⲟⲥ ⲉⲧ ⲟⲩⲁⲁⲃ"/>
		<feat xlink:href="#sSpan4184" value="ⲧⲁ ⲧⲣⲟⲫⲏ"/>
		<feat xlink:href="#sSpan4224" value="ⲧⲉ ⲩϣⲏ"/>
		<feat xlink:href="#sSpan4253" value="ⲡⲁ ⲥⲱⲙⲁ"/>
		<feat xlink:href="#sSpan4273" value="ϯ ⲃⲛⲛⲉ"/>
		<feat xlink:href="#sSpan4306" value="ⲙⲛⲧⲥⲛⲟⲟⲩⲥ · ⲛ ⲗⲟⲟⲩ"/>
		<feat xlink:href="#sSpan4320" value="ⲧⲉ ⲣⲟⲙⲡⲉ"/>
		<feat xlink:href="#sSpan4333" value="ⲉⲃⲟⲧ"/>
		<feat xlink:href="#sSpan4353" value="ⲟⲩ ⲗⲟⲟⲩ"/>
		<feat xlink:href="#sSpan4377" value="ⲕⲉ ⲃⲟⲧⲁⲛⲏ ⲉⲧ ⲣⲏⲧ ϩⲓ ⲡ ⲧⲟⲟⲩ"/>
		<feat xlink:href="#sSpan4393" value="ⲡ ⲧⲟⲟⲩ"/>
		<feat xlink:href="#sSpan4419" value="ⲧⲁ ⲧⲁⲡⲣⲟ"/>
		<feat xlink:href="#sSpan4441" value="ⲟⲩ ⲉⲃⲓⲱ"/>
		<feat xlink:href="#sSpan4471" value="ⲡ ⲣⲱⲙⲉ"/>
		<feat xlink:href="#sSpan4490" value="ⲟⲉⲓⲕ ⲙⲁⲩⲁⲁ ϥ"/>
		<feat xlink:href="#sSpan4509" value="ϣⲁϫⲉ ⲛⲓⲙ ⲉⲧ ⲛⲏⲩ ⲉⲃⲟⲗ ϩⲛ ⲧ ⲧⲁⲡⲣⲟ ⲙ ⲡ ⲛⲟⲩⲧⲉ"/>
		<feat xlink:href="#sSpan4531" value="ⲧ ⲧⲁⲡⲣⲟ ⲙ ⲡ ⲛⲟⲩⲧⲉ"/>
		<feat xlink:href="#sSpan4541" value="ⲡ ⲛⲟⲩⲧⲉ"/>
		<feat xlink:href="#sSpan4554" value="ⲡ ⲣⲱⲙⲉ"/>
		<feat xlink:href="#sSpan4584" value="ⲡ ⲟⲩⲱϣ ⲙ ⲡ ⲛⲟⲩⲧⲉ"/>
		<feat xlink:href="#sSpan4593" value="ⲡ ⲛⲟⲩⲧⲉ"/>
		<feat xlink:href="#sSpan4610" value="ⲡⲉⲕ ⲣⲟⲟⲩϣ"/>
		<feat xlink:href="#sSpan4624" value="ⲙⲁ ⲛⲓⲙ"/>
		<feat xlink:href="#sSpan4652" value="ⲡ ⲉⲩⲁⲅⲅⲉⲗⲓⲟⲛ ⲉⲧ ⲟⲩⲁⲁⲃ"/>
		<feat xlink:href="#sSpan4689" value="ⲡ ⲉⲧⲉⲧⲛⲉ ⲟⲩⲟⲙ ϥ"/>
		<feat xlink:href="#sSpan4718" value="ⲡ ⲉⲧⲉⲧⲛⲉ ⲥⲟⲟ ϥ"/>
		<feat xlink:href="#sSpan4748" value="ⲡ ⲉⲧⲉⲧⲛⲉ ⲧⲁⲁ ϥ ϩⲓⲱⲧ ⲧⲏⲩⲧⲛ"/>
		<feat xlink:href="#sSpan4770" value="ⲡⲉⲧⲛ ⲉⲓⲱⲧ ⲉⲧ ϩⲛ ⲙ ⲡⲏⲩⲉ"/>
		<feat xlink:href="#sSpan4781" value="ⲙ ⲡⲏⲩⲉ"/>
		<feat xlink:href="#sSpan4847" value="ⲧⲉϥ ⲙⲛⲧⲣⲣⲟ"/>
		<feat xlink:href="#sSpan4859" value="ⲧⲉϥ ⲇⲓⲕⲁⲓⲟⲥⲩⲛⲏ"/>
		<feat xlink:href="#sSpan4875" value="ⲛⲁⲓ"/>
		<feat xlink:href="#sSpan4901" value="ⲛⲁⲓ"/>
		<feat xlink:href="#sSpan4971" value="ⲡⲁ ⲉⲓⲱⲧ ⲉⲧ ⲟⲩⲁⲁⲃ"/>
		<feat xlink:href="#sSpan5006" value="ⲡ ⲥⲁⲃⲃⲁⲧⲟⲛ"/>
		<feat xlink:href="#sSpan5016" value="ⲧ ⲕⲩⲣⲓⲁⲕⲏ"/>
		<feat xlink:href="#sSpan5059" value="ⲡⲁ ⲉⲓⲱⲧ ⲉⲧ ⲟⲩⲁⲁⲃ"/>
		<feat xlink:href="#sSpan5087" value="ⲟⲩ ⲁⲅⲅⲉⲗⲟⲥ · ⲛⲧⲉ ⲡ ⲛⲟⲩⲧⲉ · ⲉ ϥ ⲥⲩⲛⲁⲅⲉ ⲙⲙⲟ ⲓ ⲙ ⲡ ⲥⲁⲃⲃⲁⲧⲟⲛ ⲙⲛ ⲧ ⲕⲩⲣⲓⲁⲕⲏ"/>
		<feat xlink:href="#sSpan5101" value="ⲡ ⲛⲟⲩⲧⲉ"/>
		<feat xlink:href="#sSpan5130" value="ⲡ ⲥⲁⲃⲃⲁⲧⲟⲛ"/>
		<feat xlink:href="#sSpan5140" value="ⲧ ⲕⲩⲣⲓⲁⲕⲏ"/>
		<feat xlink:href="#sSpan5158" value="ⲟⲩⲟⲛ ⲛⲓⲙ ⲉ ϥ ϩⲙ ⲡ ϫⲁⲓⲉ · ⲉⲧ ⲡⲟⲗⲩⲧⲉⲩⲉ ⲉⲧⲃⲉ ⲡ ⲛⲟⲩⲧⲉ · ⲁⲩⲱ ⲉ ⲧⲙ ⲛⲁⲩ ⲉ ⲣⲱⲙⲉ"/>
		<feat xlink:href="#sSpan5173" value="ⲡ ϫⲁⲓⲉ"/>
		<feat xlink:href="#sSpan5192" value="ⲡ ⲛⲟⲩⲧⲉ"/>
		<feat xlink:href="#sSpan5214" value="ⲉ ⲣⲱⲙⲉ"/>
		<feat xlink:href="#sSpan5237" value="ⲟⲩ ⲁⲅⲅⲉⲗⲟⲥ"/>
		<feat xlink:href="#sSpan5317" value="ⲣⲱⲙⲉ"/>
		<feat xlink:href="#sSpan5369" value="ⲛ ⲉⲧ ⲟⲩⲁⲁⲃ ⲧⲏⲣ ⲟⲩ"/>
		<feat xlink:href="#sSpan5406" value="ⲡⲉⲩ ϩⲏⲧ"/>
		<feat xlink:href="#sSpan5421" value="ⲟⲩⲟⲉⲓⲛ"/>
		<feat xlink:href="#sSpan5460" value="ⲡ ⲛⲟⲩⲧⲉ"/>
		<feat xlink:href="#sSpan5469" value="ⲛ ⲁⲅⲁⲑⲟⲛ ⲉⲧ ⲙⲙⲁⲩ"/>
		<feat xlink:href="#sSpan5537" value="ϩⲓⲥⲉ"/>
		<feat xlink:href="#sSpan5582" value="ⲛⲉⲩ ⲥⲱⲙⲁ"/>
		<feat xlink:href="#sSpan5613" value="ⲟⲩ ⲙⲏⲏϣⲉ ⲛ ⲟⲩⲟⲉⲓϣ"/>
		<feat xlink:href="#sSpan5651" value="ⲡ ⲕⲉ ⲁⲓⲱⲛ"/>
		<feat xlink:href="#sSpan5664" value="ⲡ ⲟⲩⲣⲟⲧ ⲛⲧ ⲁ ⲩ ⲛⲁⲩ ⲉⲣⲟ ϥ"/>
		<feat xlink:href="#sSpan5713" value="ⲕⲟⲥⲙⲟⲥ"/>
		<feat xlink:href="#sSpan5766" value="ⲡ ⲙⲡϣⲁ ⲛ ⲥⲱⲧⲙ ⲉ ⲛⲁⲓ"/>
		<feat xlink:href="#sSpan5775" value="ⲥⲱⲧⲙ ⲉ ⲛⲁⲓ"/>
		<feat xlink:href="#sSpan5783" value="ⲛⲁⲓ"/>
		<feat xlink:href="#sSpan5824" value="ⲛⲁ ϩⲓⲥⲉ ⲧⲏⲣ ⲟⲩ ⲛⲧ ⲁ ⲓ ϣⲟⲡ ⲟⲩ"/>
		<feat xlink:href="#sSpan5865" value="ⲛ ⲧⲟⲟⲩ"/>
		<feat xlink:href="#sSpan5881" value="ⲩ ϭⲟⲙ"/>
		<feat xlink:href="#sSpan5895" value="ⲡⲁ ⲥⲱⲙⲁ"/>
		<feat xlink:href="#sSpan5915" value="ⲩ ⲙⲛⲧⲃⲣⲣⲉ"/>
		<feat xlink:href="#sSpan5931" value="ⲡⲁ ⲥⲱⲙⲁ"/>
		<feat xlink:href="#sSpan5942" value="ⲧⲁ ⲯⲩⲭⲏ"/>
		<feat xlink:href="#sSpan6001" value="ⲛⲁⲩ ⲉ ⲡⲉⲕ ϩⲟ ⲉⲧ ⲟⲩⲁⲁⲃ"/>
		<feat xlink:href="#sSpan6008" value="ⲡⲉⲕ ϩⲟ ⲉⲧ ⲟⲩⲁⲁⲃ"/>
		<feat xlink:href="#sSpan6040" value="ⲥⲱⲧⲙ ⲉ ⲛⲉⲕ ϣⲁϫⲉ ⲉⲧ ϩⲟⲗϭ"/>
		<feat xlink:href="#sSpan6047" value="ⲛⲉⲕ ϣⲁϫⲉ ⲉⲧ ϩⲟⲗϭ"/>
		<feat xlink:href="#sSpan6096" value="ⲥⲟⲛ"/>
		<feat xlink:href="#sSpan6117" value="ⲡ ⲙⲁ"/>
		<feat xlink:href="#sSpan6178" value="ⲙⲏⲗⲓⲟⲛ ⲥⲛⲁⲩ ⲏ ϣⲟⲙⲛⲧ"/>
		<feat xlink:href="#sSpan6198" value="ⲟⲩ ϣⲡⲏⲣⲉ"/>
		<feat xlink:href="#sSpan6220" value="ⲧⲉ ϣⲡⲏⲣⲉ ⲙ ⲡⲉⲓ ϩⲗⲗⲟ ⲙ ⲙⲁⲕⲁⲣⲓⲟⲥ · ⲁⲩⲱ ⲛ ⲁⲑⲗⲏⲧⲏⲥ ⲛ ⲙⲟⲟϣⲉ"/>
		<feat xlink:href="#sSpan6229" value="ⲡⲉⲓ ϩⲗⲗⲟ ⲙ ⲙⲁⲕⲁⲣⲓⲟⲥ · ⲁⲩⲱ ⲛ ⲁⲑⲗⲏⲧⲏⲥ ⲛ ⲙⲟⲟϣⲉ"/>
		<feat xlink:href="#sSpan6285" value="ⲟⲩ ⲕⲁⲗⲏⲃⲉ"/>
		<feat xlink:href="#sSpan6318" value="ⲧ ⲕⲁⲗⲩⲃⲉ"/></featList></paula>