<?xml version='1.0' encoding='UTF-8'?><!DOCTYPE paula SYSTEM "paula_feat.dtd">
<paula version="1.1">
	<header paula_id="scriptorium.life.onnophrius.02.mark_translation"/>
	<featList xmlns:xlink="http://www.w3.org/1999/xlink" type="translation" xml:base="scriptorium.life.onnophrius.02.mark.xml">
		<feat xlink:href="#sSpan7" value="But where shall those who are living in the desert, for God's sake, find a man if trouble come upon them?"/>
		<feat xlink:href="#sSpan85" value="If they are hungry where can they find food?"/>
		<feat xlink:href="#sSpan125" value="If they are thirsty where can they find water to drink?"/>
		<feat xlink:href="#sSpan167" value="When they begin to lead the life of the anchorite they rejoice exceedingly because of hunger, and thirst, and the excellence of their manner of life."/>
		<feat xlink:href="#sSpan272" value="And the Adversary who fighteth with them to tempt them thereby doth not wish them to continue the life of the anchorite, for he knoweth that the reward is great which they will receive from God when they shall come forth from the body."/>
		<feat xlink:href="#sSpan457" value="When they are preaching ascetic labours the compassion of God cometh upon them, and He maketh the angels to serve them in respect of their food, and He bringeth for them water out of the rock."/>
		<feat xlink:href="#sSpan612" value="For it is written in Isaiah, Those who abide patiently in the Lord shall renew their strength."/>
		<feat xlink:href="#sSpan683" value="They shall spread out their wings like the eagles in flight."/>
		<feat xlink:href="#sSpan719" value="They shall fly away and shall not fall."/>
		<feat xlink:href="#sSpan743" value="They shall journey and shall not suffer hunger."/>
		<feat xlink:href="#sSpan768" value="He saith, Water shall be brought to them out of the rock."/>
		<feat xlink:href="#sSpan821" value="When they suffer hunger He will make the grass which is in the field to be sweet to their mouths, even as honey is sweet."/>
		<feat xlink:href="#sSpan919" value="If tribulation come upon them, or danger rise up against them, straightway they spread out their hands and they pray to the King Jesus until there cometh to them speedily His help which He sendeth forth, and straightway He strengtheneth them because of the integrity of their heart in respect to Him."/>
		<feat xlink:href="#sSpan1138" value="Hast thou never heard that which is written, The Lord will not forsake His people, and the patient endurance of the miserable man shall not fail utterly?"/>
		<feat xlink:href="#sSpan1270" value="And again, the poor man crieth out,"/>
		<feat xlink:href="#sSpan1305" value="and the Lord heareth him,"/>
		<feat xlink:href="#sSpan1326" value="and delivereth him in all his tribulations."/>
		<feat xlink:href="#sSpan1365" value="The Lord giveth unto every man according to what he hath suffered."/>
		<feat xlink:href="#sSpan1430" value="Blessed is the man who shall do the will of God upon the earth!"/>
		<feat xlink:href="#sSpan1488" value="I say unto thee that the angels shall serve him from the time when he entereth the body, and they shall comfort him at all times in his need."/>
		<feat xlink:href="#sSpan1610" value="And to me, your brother, when I had heard these things from these perfect men of God, they became like unto honey, which is sweet in my belly,"/>
		<feat xlink:href="#sSpan1727" value="and a mighty ecstasy took place within me,"/>
		<feat xlink:href="#sSpan1776" value="and I became like unto those whose minds are carried away into another world."/>
		<feat xlink:href="#sSpan1834" value="And I rose up straightway,"/>
		<feat xlink:href="#sSpan1852" value="and I took a few bread cakes with me, sufficient for the four days' journey, so that I might eat of them until I arrived at the place which God should appoint for me."/>
		<feat xlink:href="#sSpan1979" value="``And when I had come forth from the monastery I looked,"/>
		<feat xlink:href="#sSpan2022" value="and I saw a being of light before me,"/>
		<feat xlink:href="#sSpan2060" value="and I was afraid,"/>
		<feat xlink:href="#sSpan2072" value="and I thought in my mind that I would turn back to the place to which I came first of all, and remain there(?)."/>
		<feat xlink:href="#sSpan2188" value="And when he knew that I was afraid, he said unto me, `Fear not,"/>
		<feat xlink:href="#sSpan2245" value="for I am the angel that dwelleth with thee, and that hath travelled with thee from thy childhood;"/>
		<feat xlink:href="#sSpan2312" value="this stewardship, which the Lord hath appointed to thee, thou shalt be able to fulfil.'"/>
		<feat xlink:href="#sSpan2379" value="``And when I had come into the mountain, and I had journeyed in the desert for six or seven miles,"/>
		<feat xlink:href="#sSpan2453" value="I saw a cave,"/>
		<feat xlink:href="#sSpan2473" value="and I turned towards it, for I saw that there was a man inside it."/>
		<feat xlink:href="#sSpan2523" value="And a very great saint of God came out to me; now this form (or, behaviour) was goodly, and there was a fine graciousness over his countenance."/>
		<feat xlink:href="#sSpan2628" value="And when I had seen him, I made obeisance unto him."/>
		<feat xlink:href="#sSpan2670" value="And he raised me up,"/>
		<feat xlink:href="#sSpan2692" value="and he saluted me,"/>
		<feat xlink:href="#sSpan2713" value="and he said unto me, `Thou art Onnophrios, my fellow worker in the Lord;"/>
		<feat xlink:href="#sSpan2766" value="Come in."/>
		<feat xlink:href="#sSpan2778" value="The Lord be with thee. Thou shalt succeed in the good work whereunto He hath invited thee.'"/>
		<feat xlink:href="#sSpan2848" value="And I went inside,"/>
		<feat xlink:href="#sSpan2868" value="and I sat down there with him for a few days,"/>
		<feat xlink:href="#sSpan2908" value="and I learned the rules of the doctrine of God from him,"/>
		<feat xlink:href="#sSpan2957" value="and he taught me the regulations which governed the life of the monk in the desert."/>
		<feat xlink:href="#sSpan2999" value="And when he saw that I was acquainted with the hidden and terrible fighting which existed in the desert, he said unto me, `Rise up, my son, and let me take thee to a desolate place in the inner desert, and thou shalt abide therein by thyself for God's sake."/>
		<feat xlink:href="#sSpan3197" value="Since God hath appointed thee to this work thou must dwell in the desert."/>
		<feat xlink:href="#sSpan3260" value="And straightway he rose up, and journeyed with me into the desert for a distance of four days' journey,"/>
		<feat xlink:href="#sSpan3331" value="and at the end of the four days we came to a small hut,"/>
		<feat xlink:href="#sSpan3394" value="And he said unto me, 'This is the place which the Lord hath appointed thee to live in.'"/>
		<feat xlink:href="#sSpan3470" value="And he sat down with me for a month of days, until I understood the good work which it was meet for me to do."/>
		<feat xlink:href="#sSpan3559" value="And afterwards he departed from me,"/>
		<feat xlink:href="#sSpan3590" value="and we never saw each other again until this year when I saw him once on the day whereon he laid down the body,"/>
		<feat xlink:href="#sSpan3671" value="and I buried him inside the place wherein he was.''"/>
		<feat xlink:href="#sSpan3718" value="And I (i.e. Papnoute) said unto him, ``My good and beloved father, at the beginning, when thou didst first come to this place, didst thou suffer from the weather?''"/>
		<feat xlink:href="#sSpan3830" value="And the blessed old man said unto me, ``I suffered greatly on several occasions from hunger, and thirst, and the heat outside in the daytime, and the great cold by night,"/>
		<feat xlink:href="#sSpan3989" value="and my flesh was wasted away by the dews of heaven."/>
		<feat xlink:href="#sSpan4033" value="And when God [saw] that I endured patiently in my good strife of fasting, and that I gave my heart to ascetic practices, He made holy angels serve me, and bring to me my daily food, and an angel gave it to me evening by evening, and he stood by my body."/>
		<feat xlink:href="#sSpan4264" value="And the palm-tree yielded unto me each year twelve bunches of dates, and I ate one bunch every month."/>
		<feat xlink:href="#sSpan4365" value="And, moreover, he made the herbs (or, grasses) which grow in the desert to be sweet to my mouth, even as honey."/>
		<feat xlink:href="#sSpan4453" value="For it is written, Man shall not live by bread alone, but by every word which cometh forth from the mouth of God doth man live."/>
		<feat xlink:href="#sSpan4578" value="If thou doest the will of God, He shall take care of thee in every place."/>
		<feat xlink:href="#sSpan4637" value="For He hath said in the Holy Gospel, Take no care for what ye shall eat, or for what ye shall drink, or with what raiment ye shall clothe yourselves, for your Father Who is in heaven knoweth of what things ye have need without your asking Him."/>
		<feat xlink:href="#sSpan4835" value="Seek ye His kingdom and His righteousness,"/>
		<feat xlink:href="#sSpan4871" value="and these things shall be added unto you."/>
		<feat xlink:href="#sSpan4904" value="And when I had heard these things I marvelled exceedingly, and I said unto him, ``O my holy father, where dost thou partake of the Sacrament on the Sabbath Day and on the First Day of the week?''"/>
		<feat xlink:href="#sSpan5029" value="And he said unto me, ``O my holy father, an angel cometh and administereth to me the Sacrament on the Sabbath Day and on the First Day of the week."/>
		<feat xlink:href="#sSpan5077" value="And the angel cometh and administereth the Sacrament to every one who is in the desert,"/>
		<feat xlink:href="#sSpan5227" value="and he giveth unto them consolation."/>
		<feat xlink:href="#sSpan5289" value="And, moreover, when they desire to see any one, they are taken up into the heights of heaven, and they see all the saints, and they salute them, and thereby their hearts receive light, and they rejoice, and are glad with God in those good things."/>
		<feat xlink:href="#sSpan5487" value="And when they see them they receive consolation, and they forget that they have suffered in any way; and afterwards they return to their bodies, and they continue to feel comforted for a very long time."/>
		<feat xlink:href="#sSpan5631" value="And if they are transferred to another world through the joy which they have seen they do not even remember that the world existeth.''"/>
		<feat xlink:href="#sSpan5729" value="And when I had heard these things I rejoiced exceedingly that I was held to be worthy to hear them from him."/>
		<feat xlink:href="#sSpan5802" value="And I forgot all the sufferings which I had endured when I was journeying in the desert,"/>
		<feat xlink:href="#sSpan5875" value="and strength came to my body,"/>
		<feat xlink:href="#sSpan5906" value="and renewed power came to my body and to my soul."/>
		<feat xlink:href="#sSpan5953" value="And I said unto him, ``Blessed am I that I am held to be worthy to see thy holy face, and to hear thy sweet words.''"/>
		<feat xlink:href="#sSpan6064" value="Then he said unto me, ``Rise up, O my brother, and let us depart to the place wherein we are to be.''"/>
		<feat xlink:href="#sSpan6137" value="And we rose up,"/>
		<feat xlink:href="#sSpan6151" value="and we journeyed on, and we came to a hut."/>
		<feat xlink:href="#sSpan6296" value="And when we had entered into the hut he stood up and prayed with me."/></featList></paula>