<?xml version='1.0' encoding='UTF-8'?><!DOCTYPE paula SYSTEM "paula_feat.dtd">
<paula version="1.1">
	<header paula_id="scriptorium.life.onnophrius.02.mark_orig"/>
	<featList xmlns:xlink="http://www.w3.org/1999/xlink" type="orig" xml:base="scriptorium.life.onnophrius.02.mark.xml">
		<feat xlink:href="#sSpan2" value="Ⲉⲣⲉ"/>
		<feat xlink:href="#sSpan12" value="ⲛ"/>
		<feat xlink:href="#sSpan15" value="ⲉⲧ"/>
		<feat xlink:href="#sSpan17" value="ϣⲟⲟⲡ"/>
		<feat xlink:href="#sSpan19" value="ϩⲙ̅"/>
		<feat xlink:href="#sSpan23" value="ⲡ"/>
		<feat xlink:href="#sSpan26" value="ϫⲁⲓⲉ"/>
		<feat xlink:href="#sSpan28" value="ⲉⲧⲃⲉ"/>
		<feat xlink:href="#sSpan32" value="ⲡ"/>
		<feat xlink:href="#sSpan35" value="ⲛⲟⲩⲧⲉ"/>
		<feat xlink:href="#sSpan37" value="ⲛⲁ"/>
		<feat xlink:href="#sSpan41" value="ϩⲉ"/>
		<feat xlink:href="#sSpan44" value="ⲉ"/>
		<feat xlink:href="#sSpan48" value="ⲣⲱⲙⲉ"/>
		<feat xlink:href="#sSpan51" value="ⲧⲱⲛ"/>
		<feat xlink:href="#sSpan56" value="·"/>
		<feat xlink:href="#sSpan60" value="ⲣ̅ϣⲁⲛ"/>
		<feat xlink:href="#sSpan64" value="ⲟⲩ"/>
		<feat xlink:href="#sSpan68" value="ⲑⲗⲓⲯⲓⲥ"/>
		<feat xlink:href="#sSpan71" value="ⲧⲁϩⲟ"/>
		<feat xlink:href="#sSpan75" value="ⲟⲩ"/>
		<feat xlink:href="#sSpan77" value="·"/>
		<feat xlink:href="#sSpan82" value="ⲏ̅"/>
		<feat xlink:href="#sSpan88" value="ⲉⲩϣⲁⲛ"/>
		<feat xlink:href="#sSpan92" value="ϩⲕⲟ"/>
		<feat xlink:href="#sSpan94" value="ⲉ"/>
		<feat xlink:href="#sSpan99" value="ⲩ"/>
		<feat xlink:href="#sSpan101" value="ⲛⲁ"/>
		<feat xlink:href="#sSpan103" value="ϩⲉ"/>
		<feat xlink:href="#sSpan106" value="ⲉ"/>
		<feat xlink:href="#sSpan111" value="ⲧⲣⲟⲫⲏ"/>
		<feat xlink:href="#sSpan114" value="ⲧⲱⲛ"/>
		<feat xlink:href="#sSpan118" value="·"/>
		<feat xlink:href="#sSpan122" value="ⲉⲩϣⲁⲛ"/>
		<feat xlink:href="#sSpan128" value="ⲉⲓⲃⲉ"/>
		<feat xlink:href="#sSpan130" value="ⲉ"/>
		<feat xlink:href="#sSpan134" value="ⲩ"/>
		<feat xlink:href="#sSpan136" value="ⲛⲁ"/>
		<feat xlink:href="#sSpan138" value="ϩⲉ"/>
		<feat xlink:href="#sSpan141" value="ⲉ"/>
		<feat xlink:href="#sSpan145" value="ⲙⲟⲟⲩ"/>
		<feat xlink:href="#sSpan148" value="ⲧⲱⲛ"/>
		<feat xlink:href="#sSpan153" value="ⲉ"/>
		<feat xlink:href="#sSpan157" value="ⲥⲱ"/>
		<feat xlink:href="#sSpan159" value="·"/>
		<feat xlink:href="#sSpan163" value="Ⲧ"/>
		<feat xlink:href="#sSpan171" value="ⲁⲣⲭⲏ"/>
		<feat xlink:href="#sSpan174" value="ⲅⲁⲣ"/>
		<feat xlink:href="#sSpan178" value="ⲉ"/>
		<feat xlink:href="#sSpan182" value="ⲩ"/>
		<feat xlink:href="#sSpan184" value="ⲛⲁ"/>
		<feat xlink:href="#sSpan186" value="ⲃⲱⲕ"/>
		<feat xlink:href="#sSpan188" value="·"/>
		<feat xlink:href="#sSpan192" value="ⲉ"/>
		<feat xlink:href="#sSpan196" value="ⲧ"/>
		<feat xlink:href="#sSpan199" value="ⲁⲛⲁⲭⲱⲣⲓⲥⲓⲥ"/>
		<feat xlink:href="#sSpan202" value="·"/>
		<feat xlink:href="#sSpan206" value="ϣⲁ"/>
		<feat xlink:href="#sSpan210" value="ⲩ"/>
		<feat xlink:href="#sSpan212" value="ⲣⲁϣⲉ"/>
		<feat xlink:href="#sSpan214" value="ⲉⲙⲁⲧⲉ"/>
		<feat xlink:href="#sSpan218" value="·"/>
		<feat xlink:href="#sSpan222" value="ⲉⲧⲃⲉ"/>
		<feat xlink:href="#sSpan226" value="ⲡⲉ"/>
		<feat xlink:href="#sSpan229" value="ϩⲕⲟ"/>
		<feat xlink:href="#sSpan231" value="ⲙⲛ̅"/>
		<feat xlink:href="#sSpan235" value="ⲡ"/>
		<feat xlink:href="#sSpan238" value="ⲉⲓⲃⲉ"/>
		<feat xlink:href="#sSpan240" value="·"/>
		<feat xlink:href="#sSpan244" value="ⲙⲛ̅"/>
		<feat xlink:href="#sSpan249" value="ⲙ̅"/>
		<feat xlink:href="#sSpan253" value="ⲡⲟⲗⲩϯⲁ"/>
		<feat xlink:href="#sSpan255" value="·"/>
		<feat xlink:href="#sSpan259" value="ⲉⲧ"/>
		<feat xlink:href="#sSpan263" value="ⲑⲏⲧ"/>
		<feat xlink:href="#sSpan265" value="·"/>
		<feat xlink:href="#sSpan269" value="ⲛ̅ⲧⲉ"/>
		<feat xlink:href="#sSpan275" value="ⲡ"/>
		<feat xlink:href="#sSpan279" value="ⲡⲁⲛⲧⲩⲕⲓⲙⲉⲛⲟⲥ"/>
		<feat xlink:href="#sSpan281" value="·"/>
		<feat xlink:href="#sSpan285" value="ⲉⲧ"/>
		<feat xlink:href="#sSpan290" value="ϯ"/>
		<feat xlink:href="#sSpan292" value="ⲛⲙ̅ⲙⲁ"/>
		<feat xlink:href="#sSpan296" value="ⲩ"/>
		<feat xlink:href="#sSpan298" value="·"/>
		<feat xlink:href="#sSpan302" value="ⲉ"/>
		<feat xlink:href="#sSpan306" value="ⲧⲣⲉ"/>
		<feat xlink:href="#sSpan308" value="ϥ"/>
		<feat xlink:href="#sSpan310" value="ⲡⲩⲣⲁⲍⲉ"/>
		<feat xlink:href="#sSpan312" value="ⲙ̅ⲙⲟ"/>
		<feat xlink:href="#sSpan316" value="ⲟⲩ"/>
		<feat xlink:href="#sSpan318" value="ⲛ̅ϩⲏⲧ"/>
		<feat xlink:href="#sSpan322" value="ⲟⲩ"/>
		<feat xlink:href="#sSpan324" value="·"/>
		<feat xlink:href="#sSpan328" value="ⲉ"/>
		<feat xlink:href="#sSpan333" value="ⲛ"/>
		<feat xlink:href="#sSpan335" value="ϥ̅"/>
		<feat xlink:href="#sSpan337" value="ⲟⲩⲱϣ"/>
		<feat xlink:href="#sSpan339" value="ⲁⲛ"/>
		<feat xlink:href="#sSpan343" value="ⲉ"/>
		<feat xlink:href="#sSpan347" value="ⲧⲣⲉ"/>
		<feat xlink:href="#sSpan349" value="ⲩ"/>
		<feat xlink:href="#sSpan351" value="ϭⲱ"/>
		<feat xlink:href="#sSpan353" value="ϩⲛ̅"/>
		<feat xlink:href="#sSpan357" value="ⲧ"/>
		<feat xlink:href="#sSpan360" value="ⲁⲛⲁⲭⲱⲣⲓⲥⲓⲥ"/>
		<feat xlink:href="#sSpan362" value="·"/>
		<feat xlink:href="#sSpan366" value="ⲉ"/>
		<feat xlink:href="#sSpan370" value="ϥ"/>
		<feat xlink:href="#sSpan372" value="ⲥⲟⲟⲩⲛ"/>
		<feat xlink:href="#sSpan375" value="ϫⲉ"/>
		<feat xlink:href="#sSpan379" value="ⲟⲩ"/>
		<feat xlink:href="#sSpan382" value="ⲛⲟϭ"/>
		<feat xlink:href="#sSpan384" value="ⲡⲉ"/>
		<feat xlink:href="#sSpan388" value="ⲡ"/>
		<feat xlink:href="#sSpan393" value="ⲃⲉⲉⲕⲉ"/>
		<feat xlink:href="#sSpan395" value="·"/>
		<feat xlink:href="#sSpan399" value="ⲉⲧ"/>
		<feat xlink:href="#sSpan403" value="ⲟⲩ"/>
		<feat xlink:href="#sSpan405" value="ⲛⲁ"/>
		<feat xlink:href="#sSpan407" value="ϫⲓⲧ"/>
		<feat xlink:href="#sSpan409" value="ϥ̅"/>
		<feat xlink:href="#sSpan411" value="ⲛ̅ⲧⲟⲟⲧ"/>
		<feat xlink:href="#sSpan416" value="ϥ̅"/>
		<feat xlink:href="#sSpan418" value="ⲙ̅"/>
		<feat xlink:href="#sSpan422" value="ⲡ"/>
		<feat xlink:href="#sSpan425" value="ⲛⲟⲩⲧⲉ"/>
		<feat xlink:href="#sSpan427" value="·"/>
		<feat xlink:href="#sSpan431" value="ⲉⲩϣⲁⲛ"/>
		<feat xlink:href="#sSpan435" value="ⲉⲓ"/>
		<feat xlink:href="#sSpan438" value="ⲉⲃⲟⲗ"/>
		<feat xlink:href="#sSpan442" value="ϩⲛ̅"/>
		<feat xlink:href="#sSpan447" value="ⲥⲱⲙⲁ"/>
		<feat xlink:href="#sSpan450" value="·"/>
		<feat xlink:href="#sSpan454" value="ⲙ̅"/>
		<feat xlink:href="#sSpan460" value="ⲡ"/>
		<feat xlink:href="#sSpan464" value="ⲛⲁⲩ"/>
		<feat xlink:href="#sSpan466" value="ⲙ̅ⲙⲁⲧⲉ"/>
		<feat xlink:href="#sSpan470" value="ⲉⲧ"/>
		<feat xlink:href="#sSpan474" value="ⲟⲩ"/>
		<feat xlink:href="#sSpan476" value="ⲛⲁ"/>
		<feat xlink:href="#sSpan479" value="ϩⲩⲡⲟⲙⲉⲓⲛⲉ"/>
		<feat xlink:href="#sSpan481" value="·"/>
		<feat xlink:href="#sSpan485" value="ϣⲁⲣⲉ"/>
		<feat xlink:href="#sSpan489" value="ⲙ̅"/>
		<feat xlink:href="#sSpan492" value="ⲙⲛⲧ̅ϣⲁⲛϩⲧⲏϥ"/>
		<feat xlink:href="#sSpan500" value="ⲙ̅"/>
		<feat xlink:href="#sSpan504" value="ⲡ"/>
		<feat xlink:href="#sSpan507" value="ⲛⲟⲩⲧⲉ"/>
		<feat xlink:href="#sSpan509" value="ⲧⲁϩⲟ"/>
		<feat xlink:href="#sSpan513" value="ⲟⲩ"/>
		<feat xlink:href="#sSpan515" value="·"/>
		<feat xlink:href="#sSpan519" value="ϣⲁ"/>
		<feat xlink:href="#sSpan523" value="ϥ"/>
		<feat xlink:href="#sSpan525" value="ⲧⲣⲉ"/>
		<feat xlink:href="#sSpan527" value="ⲛ̅"/>
		<feat xlink:href="#sSpan531" value="ⲁⲅⲅⲉⲗⲟⲥ"/>
		<feat xlink:href="#sSpan534" value="·"/>
		<feat xlink:href="#sSpan538" value="ⲇⲓⲁⲕⲱⲛⲉⲓ"/>
		<feat xlink:href="#sSpan542" value="ⲛⲁ"/>
		<feat xlink:href="#sSpan546" value="ⲩ"/>
		<feat xlink:href="#sSpan548" value="ⲛ̅"/>
		<feat xlink:href="#sSpan552" value="ⲧⲉⲩ"/>
		<feat xlink:href="#sSpan556" value="ⲧⲣⲟⲫⲏ"/>
		<feat xlink:href="#sSpan558" value="·"/>
		<feat xlink:href="#sSpan562" value="ⲛ"/>
		<feat xlink:href="#sSpan566" value="ϥ̅"/>
		<feat xlink:href="#sSpan568" value="ⲉⲓⲛⲉ"/>
		<feat xlink:href="#sSpan570" value="ⲛⲁ"/>
		<feat xlink:href="#sSpan574" value="ⲩ"/>
		<feat xlink:href="#sSpan576" value="ⲙ̅"/>
		<feat xlink:href="#sSpan581" value="ⲡ"/>
		<feat xlink:href="#sSpan584" value="ⲙⲟⲟⲩ"/>
		<feat xlink:href="#sSpan586" value="ⲉⲃⲟⲗ"/>
		<feat xlink:href="#sSpan590" value="·"/>
		<feat xlink:href="#sSpan594" value="ϩⲛ̅"/>
		<feat xlink:href="#sSpan598" value="ⲟⲩ"/>
		<feat xlink:href="#sSpan602" value="ⲡⲉⲧⲣⲁ"/>
		<feat xlink:href="#sSpan604" value="⁛"/>
		<feat xlink:href="#sSpan608" value="Ϥ"/>
		<feat xlink:href="#sSpan616" value="ⲥⲏϩ"/>
		<feat xlink:href="#sSpan619" value="ⲅⲁⲣ"/>
		<feat xlink:href="#sSpan623" value="ϩⲛ̅"/>
		<feat xlink:href="#sSpan629" value="ⲏ̅ⲥⲁⲓⲁⲥ"/>
		<feat xlink:href="#sSpan632" value="·"/>
		<feat xlink:href="#sSpan636" value="ϫⲉ"/>
		<feat xlink:href="#sSpan640" value="ⲛ"/>
		<feat xlink:href="#sSpan643" value="ⲉⲧ"/>
		<feat xlink:href="#sSpan646" value="ϩⲩⲡⲟⲙⲉⲓⲛⲉ"/>
		<feat xlink:href="#sSpan648" value="·"/>
		<feat xlink:href="#sSpan652" value="ⲉ"/>
		<feat xlink:href="#sSpan656" value="ⲡ"/>
		<feat xlink:href="#sSpan659" value="ϫⲥ̅"/>
		<feat xlink:href="#sSpan661" value="ⲛⲁ"/>
		<feat xlink:href="#sSpan666" value="ϣⲓⲃⲉ"/>
		<feat xlink:href="#sSpan668" value="ⲛ̅"/>
		<feat xlink:href="#sSpan672" value="ⲧⲉⲩ"/>
		<feat xlink:href="#sSpan675" value="ϭⲟⲙ"/>
		<feat xlink:href="#sSpan677" value="·"/>
		<feat xlink:href="#sSpan681" value="ⲥⲉ"/>
		<feat xlink:href="#sSpan687" value="ⲛⲁ"/>
		<feat xlink:href="#sSpan690" value="ⲣⲉⲧⲧⲛ̅ϩ̅"/>
		<feat xlink:href="#sSpan693" value="ⲛ̅"/>
		<feat xlink:href="#sSpan697" value="ⲑ"/>
		<feat xlink:href="#sSpan699" value="ⲉ"/>
		<feat xlink:href="#sSpan701" value="ⲛ̅"/>
		<feat xlink:href="#sSpan706" value="ⲛ̅ⲓ"/>
		<feat xlink:href="#sSpan710" value="ⲁⲉⲧⲟⲥ"/>
		<feat xlink:href="#sSpan713" value="·"/>
		<feat xlink:href="#sSpan717" value="ⲥⲉ"/>
		<feat xlink:href="#sSpan723" value="ⲛⲁ"/>
		<feat xlink:href="#sSpan725" value="ⲡⲱⲧ"/>
		<feat xlink:href="#sSpan727" value="ⲛ̅"/>
		<feat xlink:href="#sSpan731" value="ⲥⲉ"/>
		<feat xlink:href="#sSpan733" value="ⲧⲙ̅"/>
		<feat xlink:href="#sSpan735" value="ϩⲉ"/>
		<feat xlink:href="#sSpan737" value="·"/>
		<feat xlink:href="#sSpan741" value="ⲥⲉ"/>
		<feat xlink:href="#sSpan747" value="ⲛⲁ"/>
		<feat xlink:href="#sSpan749" value="ⲙⲟⲟϣⲉ"/>
		<feat xlink:href="#sSpan751" value="ⲛ̅"/>
		<feat xlink:href="#sSpan755" value="ⲥⲉ"/>
		<feat xlink:href="#sSpan757" value="ⲧⲙ̅"/>
		<feat xlink:href="#sSpan759" value="ϩⲕⲟ"/>
		<feat xlink:href="#sSpan762" value="·"/>
		<feat xlink:href="#sSpan766" value="ⲁ"/>
		<feat xlink:href="#sSpan772" value="ϥ"/>
		<feat xlink:href="#sSpan774" value="ϫⲟⲟ"/>
		<feat xlink:href="#sSpan776" value="ⲥ"/>
		<feat xlink:href="#sSpan778" value="ϫⲉ"/>
		<feat xlink:href="#sSpan782" value="ⲥⲉ"/>
		<feat xlink:href="#sSpan784" value="ⲛⲁ"/>
		<feat xlink:href="#sSpan786" value="ⲛ̅"/>
		<feat xlink:href="#sSpan788" value="ⲡ"/>
		<feat xlink:href="#sSpan791" value="ⲙⲟⲟⲩ"/>
		<feat xlink:href="#sSpan793" value="ⲛⲁ"/>
		<feat xlink:href="#sSpan797" value="ⲩ"/>
		<feat xlink:href="#sSpan799" value="ⲉⲃⲟⲗ"/>
		<feat xlink:href="#sSpan804" value="ϩⲛ̅"/>
		<feat xlink:href="#sSpan808" value="ⲟⲩ"/>
		<feat xlink:href="#sSpan813" value="ⲡⲉⲧⲣⲁ"/>
		<feat xlink:href="#sSpan815" value="·"/>
		<feat xlink:href="#sSpan819" value="ⲉⲩϣⲁⲛ"/>
		<feat xlink:href="#sSpan825" value="ϩⲕⲟ"/>
		<feat xlink:href="#sSpan827" value="·"/>
		<feat xlink:href="#sSpan832" value="Ⲇⲉ"/>
		<feat xlink:href="#sSpan836" value="ⲟⲛ"/>
		<feat xlink:href="#sSpan840" value="ϣⲁ"/>
		<feat xlink:href="#sSpan844" value="ϥ"/>
		<feat xlink:href="#sSpan846" value="ⲧⲣⲉ"/>
		<feat xlink:href="#sSpan848" value="ⲛ̅"/>
		<feat xlink:href="#sSpan852" value="ⲃⲟⲧⲁⲛⲏ"/>
		<feat xlink:href="#sSpan854" value="ⲉⲧ"/>
		<feat xlink:href="#sSpan859" value="ϩⲛ̅"/>
		<feat xlink:href="#sSpan861" value="ⲧ"/>
		<feat xlink:href="#sSpan864" value="ⲥⲱϣⲉ"/>
		<feat xlink:href="#sSpan866" value="·"/>
		<feat xlink:href="#sSpan870" value="ϩⲗⲟϭ"/>
		<feat xlink:href="#sSpan874" value="ϩⲛ̅"/>
		<feat xlink:href="#sSpan878" value="ⲧⲉⲩ"/>
		<feat xlink:href="#sSpan881" value="ⲧⲁⲡⲣⲟ"/>
		<feat xlink:href="#sSpan883" value="·"/>
		<feat xlink:href="#sSpan887" value="ⲛ̅"/>
		<feat xlink:href="#sSpan891" value="ⲑ"/>
		<feat xlink:href="#sSpan893" value="ⲉ"/>
		<feat xlink:href="#sSpan895" value="ⲛ̅"/>
		<feat xlink:href="#sSpan899" value="ⲟⲩ"/>
		<feat xlink:href="#sSpan902" value="ⲉⲃⲓⲱ"/>
		<feat xlink:href="#sSpan904" value="·"/>
		<feat xlink:href="#sSpan908" value="ⲉ"/>
		<feat xlink:href="#sSpan913" value="ϥ"/>
		<feat xlink:href="#sSpan915" value="ϩⲟⲗϭ̅"/>
		<feat xlink:href="#sSpan917" value="ⲣ̅ϣⲁⲛ"/>
		<feat xlink:href="#sSpan923" value="ⲟⲩ"/>
		<feat xlink:href="#sSpan927" value="ⲑⲗⲓⲯⲓⲥ"/>
		<feat xlink:href="#sSpan929" value="·"/>
		<feat xlink:href="#sSpan933" value="ⲧⲁϩⲟ"/>
		<feat xlink:href="#sSpan937" value="ⲟⲩ"/>
		<feat xlink:href="#sSpan940" value="ⲏ̅"/>
		<feat xlink:href="#sSpan944" value="ⲛ̅ⲧⲉ"/>
		<feat xlink:href="#sSpan948" value="ⲟⲩ"/>
		<feat xlink:href="#sSpan952" value="ⲕⲓⲛⲇⲩⲛⲟⲥ"/>
		<feat xlink:href="#sSpan955" value="·"/>
		<feat xlink:href="#sSpan959" value="ⲧⲱⲟⲩⲛ"/>
		<feat xlink:href="#sSpan963" value="ⲉϫⲱ"/>
		<feat xlink:href="#sSpan967" value="ⲟⲩ"/>
		<feat xlink:href="#sSpan969" value="·"/>
		<feat xlink:href="#sSpan973" value="ⲛ̅"/>
		<feat xlink:href="#sSpan977" value="ⲧⲉ"/>
		<feat xlink:href="#sSpan979" value="ⲩⲛⲟⲩ"/>
		<feat xlink:href="#sSpan981" value="ϣⲁ"/>
		<feat xlink:href="#sSpan985" value="ⲩ"/>
		<feat xlink:href="#sSpan987" value="ⲡⲱⲣϣ̅"/>
		<feat xlink:href="#sSpan989" value="ⲛ̅"/>
		<feat xlink:href="#sSpan993" value="ⲛⲉⲩ"/>
		<feat xlink:href="#sSpan997" value="ϭⲓϫ"/>
		<feat xlink:href="#sSpan999" value="ⲉⲃⲟⲗ"/>
		<feat xlink:href="#sSpan1003" value="ⲛ̅"/>
		<feat xlink:href="#sSpan1007" value="ⲥⲉ"/>
		<feat xlink:href="#sSpan1009" value="ϣⲗⲏⲗ"/>
		<feat xlink:href="#sSpan1011" value="·"/>
		<feat xlink:href="#sSpan1015" value="ⲉ"/>
		<feat xlink:href="#sSpan1019" value="ⲡ"/>
		<feat xlink:href="#sSpan1023" value="ⲣ̅ⲣⲟ"/>
		<feat xlink:href="#sSpan1026" value="ⲓ̅ⲥ̅"/>
		<feat xlink:href="#sSpan1030" value="·"/>
		<feat xlink:href="#sSpan1034" value="ϣⲁⲛⲧⲉ"/>
		<feat xlink:href="#sSpan1038" value="ⲧⲉϥ"/>
		<feat xlink:href="#sSpan1042" value="ⲃⲟⲏⲑⲓⲁ"/>
		<feat xlink:href="#sSpan1045" value="ⲧⲁϩⲟ"/>
		<feat xlink:href="#sSpan1049" value="ⲟⲩ"/>
		<feat xlink:href="#sSpan1051" value="ϩⲛ̅"/>
		<feat xlink:href="#sSpan1055" value="ⲟⲩ"/>
		<feat xlink:href="#sSpan1057" value="ϭⲉⲡⲏ"/>
		<feat xlink:href="#sSpan1059" value="·"/>
		<feat xlink:href="#sSpan1063" value="ⲛ"/>
		<feat xlink:href="#sSpan1067" value="ϥ̅"/>
		<feat xlink:href="#sSpan1069" value="ϫⲟⲟⲩ"/>
		<feat xlink:href="#sSpan1071" value="ⲉⲃⲟⲗ"/>
		<feat xlink:href="#sSpan1075" value="ⲛ̅"/>
		<feat xlink:href="#sSpan1079" value="ⲧⲉ"/>
		<feat xlink:href="#sSpan1081" value="ⲩⲛⲟⲩ"/>
		<feat xlink:href="#sSpan1085" value="ⲛ"/>
		<feat xlink:href="#sSpan1089" value="ϥ̅"/>
		<feat xlink:href="#sSpan1091" value="ϫⲟⲟⲣ"/>
		<feat xlink:href="#sSpan1093" value="ⲟⲩ"/>
		<feat xlink:href="#sSpan1095" value="ⲉⲃⲟⲗ"/>
		<feat xlink:href="#sSpan1099" value="ⲉⲧⲃⲉ"/>
		<feat xlink:href="#sSpan1103" value="ⲡ"/>
		<feat xlink:href="#sSpan1106" value="ⲥⲟⲟⲩⲧⲛ̅"/>
		<feat xlink:href="#sSpan1108" value="ⲙ̅"/>
		<feat xlink:href="#sSpan1112" value="ⲡⲉⲩ"/>
		<feat xlink:href="#sSpan1115" value="ϩⲏⲧ"/>
		<feat xlink:href="#sSpan1117" value="·"/>
		<feat xlink:href="#sSpan1121" value="ⲉϩⲟⲩⲛ"/>
		<feat xlink:href="#sSpan1126" value="ⲉⲣⲟ"/>
		<feat xlink:href="#sSpan1130" value="ϥ"/>
		<feat xlink:href="#sSpan1132" value="·"/>
		<feat xlink:href="#sSpan1136" value="Ⲙ̅ⲡⲉ"/>
		<feat xlink:href="#sSpan1144" value="ⲕ"/>
		<feat xlink:href="#sSpan1146" value="ⲥⲱⲧⲙ̅"/>
		<feat xlink:href="#sSpan1148" value="ⲛ̅ⲧⲟⲕ"/>
		<feat xlink:href="#sSpan1152" value="ⲉ"/>
		<feat xlink:href="#sSpan1156" value="ⲡ"/>
		<feat xlink:href="#sSpan1159" value="ⲉⲧ"/>
		<feat xlink:href="#sSpan1161" value="ⲥⲏϩ"/>
		<feat xlink:href="#sSpan1163" value="·"/>
		<feat xlink:href="#sSpan1167" value="ϫⲉ"/>
		<feat xlink:href="#sSpan1171" value="ⲡ"/>
		<feat xlink:href="#sSpan1174" value="ϫⲥ̅"/>
		<feat xlink:href="#sSpan1176" value="ⲛⲁ"/>
		<feat xlink:href="#sSpan1180" value="ⲕⲱ"/>
		<feat xlink:href="#sSpan1182" value="ⲛ̅ⲥⲱ"/>
		<feat xlink:href="#sSpan1186" value="ϥ"/>
		<feat xlink:href="#sSpan1188" value="ⲁⲛ"/>
		<feat xlink:href="#sSpan1193" value="·"/>
		<feat xlink:href="#sSpan1197" value="ⲙ̅"/>
		<feat xlink:href="#sSpan1201" value="ⲡϥ̅"/>
		<feat xlink:href="#sSpan1205" value="ⲗⲁⲟⲥ"/>
		<feat xlink:href="#sSpan1207" value="·"/>
		<feat xlink:href="#sSpan1211" value="ⲁⲩⲱ"/>
		<feat xlink:href="#sSpan1215" value="ϫⲉ"/>
		<feat xlink:href="#sSpan1219" value="ⲧ"/>
		<feat xlink:href="#sSpan1223" value="ϩⲩⲡⲟⲙⲟⲛⲏ"/>
		<feat xlink:href="#sSpan1225" value="·"/>
		<feat xlink:href="#sSpan1229" value="ⲙ̅"/>
		<feat xlink:href="#sSpan1233" value="ⲡ"/>
		<feat xlink:href="#sSpan1236" value="ⲉⲃⲓ̅ⲏⲛ"/>
		<feat xlink:href="#sSpan1239" value="ⲛⲁ"/>
		<feat xlink:href="#sSpan1243" value="ϩⲉ"/>
		<feat xlink:href="#sSpan1246" value="ⲉⲃⲟⲗ"/>
		<feat xlink:href="#sSpan1250" value="ⲁⲛ"/>
		<feat xlink:href="#sSpan1254" value="ϣⲁ"/>
		<feat xlink:href="#sSpan1258" value="ⲡ"/>
		<feat xlink:href="#sSpan1262" value="ⲧⲏⲣϥ̅"/>
		<feat xlink:href="#sSpan1265" value="·"/>
		<feat xlink:href="#sSpan1269" value="ⲁⲩⲱ"/>
		<feat xlink:href="#sSpan1275" value="ⲟⲛ"/>
		<feat xlink:href="#sSpan1279" value="ϫⲉ"/>
		<feat xlink:href="#sSpan1283" value="ⲁ"/>
		<feat xlink:href="#sSpan1285" value="ⲡ"/>
		<feat xlink:href="#sSpan1289" value="ϩⲏⲕⲉ"/>
		<feat xlink:href="#sSpan1291" value="ⲱϣ"/>
		<feat xlink:href="#sSpan1296" value="ⲉⲃⲟⲗ"/>
		<feat xlink:href="#sSpan1300" value="·"/>
		<feat xlink:href="#sSpan1304" value="ⲁ"/>
		<feat xlink:href="#sSpan1310" value="ⲡ"/>
		<feat xlink:href="#sSpan1313" value="ϫⲥ̅"/>
		<feat xlink:href="#sSpan1315" value="ⲥⲱⲧⲙ̅"/>
		<feat xlink:href="#sSpan1319" value="ⲉⲣⲟ"/>
		<feat xlink:href="#sSpan1323" value="ϥ"/>
		<feat xlink:href="#sSpan1325" value="ⲁ"/>
		<feat xlink:href="#sSpan1331" value="ϥ"/>
		<feat xlink:href="#sSpan1333" value="ⲧⲟⲩϫⲟ"/>
		<feat xlink:href="#sSpan1335" value="ϥ"/>
		<feat xlink:href="#sSpan1337" value="ⲉⲃⲟⲗ"/>
		<feat xlink:href="#sSpan1343" value="ϩⲛ̅"/>
		<feat xlink:href="#sSpan1347" value="ⲛϥ̅"/>
		<feat xlink:href="#sSpan1352" value="ⲑⲗⲓⲯⲓⲥ"/>
		<feat xlink:href="#sSpan1354" value="ⲧⲏⲣ"/>
		<feat xlink:href="#sSpan1358" value="ⲟⲩ"/>
		<feat xlink:href="#sSpan1360" value="·"/>
		<feat xlink:href="#sSpan1364" value="ⲉⲣⲉ"/>
		<feat xlink:href="#sSpan1370" value="ⲡ"/>
		<feat xlink:href="#sSpan1373" value="ⲛⲟⲩⲧⲉ"/>
		<feat xlink:href="#sSpan1375" value="·"/>
		<feat xlink:href="#sSpan1379" value="ϯ"/>
		<feat xlink:href="#sSpan1383" value="ⲙ̅"/>
		<feat xlink:href="#sSpan1387" value="ⲡ"/>
		<feat xlink:href="#sSpan1391" value="ⲟⲩⲁ"/>
		<feat xlink:href="#sSpan1393" value="ⲡ"/>
		<feat xlink:href="#sSpan1397" value="ⲟⲩⲁ"/>
		<feat xlink:href="#sSpan1400" value="ⲕⲁⲧⲁ"/>
		<feat xlink:href="#sSpan1404" value="ⲡ"/>
		<feat xlink:href="#sSpan1407" value="ϩⲓⲥⲉ"/>
		<feat xlink:href="#sSpan1409" value="·"/>
		<feat xlink:href="#sSpan1413" value="ⲉⲧⲉ"/>
		<feat xlink:href="#sSpan1417" value="ϥ"/>
		<feat xlink:href="#sSpan1419" value="ⲛⲁ"/>
		<feat xlink:href="#sSpan1421" value="ϣⲟⲡ"/>
		<feat xlink:href="#sSpan1423" value="ϥ̅"/>
		<feat xlink:href="#sSpan1425" value="·"/>
		<feat xlink:href="#sSpan1429" value="ⲛⲁⲓⲁⲧ"/>
		<feat xlink:href="#sSpan1435" value="ϥ̅"/>
		<feat xlink:href="#sSpan1437" value="ⲙ̅"/>
		<feat xlink:href="#sSpan1442" value="ⲡ"/>
		<feat xlink:href="#sSpan1445" value="ⲉⲧ"/>
		<feat xlink:href="#sSpan1447" value="ⲛⲁ"/>
		<feat xlink:href="#sSpan1449" value="ⲉⲓⲣⲉ"/>
		<feat xlink:href="#sSpan1451" value="ⲙ̅"/>
		<feat xlink:href="#sSpan1455" value="ⲡ"/>
		<feat xlink:href="#sSpan1458" value="ⲟⲩⲱϣ"/>
		<feat xlink:href="#sSpan1460" value="ⲙ̅"/>
		<feat xlink:href="#sSpan1464" value="ⲡ"/>
		<feat xlink:href="#sSpan1467" value="ⲛⲟⲩⲧⲉ"/>
		<feat xlink:href="#sSpan1469" value="·"/>
		<feat xlink:href="#sSpan1473" value="ϩⲓϫⲙ̅"/>
		<feat xlink:href="#sSpan1477" value="ⲡ"/>
		<feat xlink:href="#sSpan1480" value="ⲕⲁϩ"/>
		<feat xlink:href="#sSpan1482" value="·"/>
		<feat xlink:href="#sSpan1486" value="ϯ"/>
		<feat xlink:href="#sSpan1493" value="ϫⲱ"/>
		<feat xlink:href="#sSpan1495" value="ⲙ̅ⲙⲟ"/>
		<feat xlink:href="#sSpan1499" value="ⲥ"/>
		<feat xlink:href="#sSpan1501" value="ⲛⲁ"/>
		<feat xlink:href="#sSpan1505" value="ⲕ"/>
		<feat xlink:href="#sSpan1507" value="ϫⲉ"/>
		<feat xlink:href="#sSpan1511" value="ⲛ̅"/>
		<feat xlink:href="#sSpan1515" value="ⲁⲅⲅⲉⲗⲟⲥ"/>
		<feat xlink:href="#sSpan1517" value="ⲛⲁ"/>
		<feat xlink:href="#sSpan1521" value="ⲇⲓⲁⲕⲱⲛⲉⲓ"/>
		<feat xlink:href="#sSpan1523" value="ⲉⲣⲟ"/>
		<feat xlink:href="#sSpan1528" value="ϥ"/>
		<feat xlink:href="#sSpan1530" value="·"/>
		<feat xlink:href="#sSpan1534" value="ϫⲓⲛ"/>
		<feat xlink:href="#sSpan1538" value="ⲉϥ"/>
		<feat xlink:href="#sSpan1540" value="ϩⲙ̅"/>
		<feat xlink:href="#sSpan1542" value="ⲡ"/>
		<feat xlink:href="#sSpan1546" value="ⲥⲱⲙⲁ"/>
		<feat xlink:href="#sSpan1548" value="·"/>
		<feat xlink:href="#sSpan1552" value="ⲛ"/>
		<feat xlink:href="#sSpan1556" value="ⲥⲉ"/>
		<feat xlink:href="#sSpan1558" value="ϭⲱ"/>
		<feat xlink:href="#sSpan1561" value="ⲉ"/>
		<feat xlink:href="#sSpan1565" value="ⲩ"/>
		<feat xlink:href="#sSpan1567" value="ⲥⲟⲗⲥⲗ̅"/>
		<feat xlink:href="#sSpan1569" value="ⲙ̅ⲙⲟ"/>
		<feat xlink:href="#sSpan1574" value="ϥ"/>
		<feat xlink:href="#sSpan1576" value="·"/>
		<feat xlink:href="#sSpan1580" value="ⲛ̅"/>
		<feat xlink:href="#sSpan1584" value="ⲛⲁⲩ"/>
		<feat xlink:href="#sSpan1587" value="ⲛⲓⲙ"/>
		<feat xlink:href="#sSpan1591" value="·"/>
		<feat xlink:href="#sSpan1595" value="ϩⲛ̅"/>
		<feat xlink:href="#sSpan1599" value="ⲛϥ̅"/>
		<feat xlink:href="#sSpan1603" value="ⲁⲛⲁⲅⲕⲏ"/>
		<feat xlink:href="#sSpan1605" value="·"/>
		<feat xlink:href="#sSpan1609" value="ⲁⲛⲟⲕ"/>
		<feat xlink:href="#sSpan1616" value="ⲇⲉ"/>
		<feat xlink:href="#sSpan1620" value="ⲡ"/>
		<feat xlink:href="#sSpan1626" value="ⲥⲟⲛ"/>
		<feat xlink:href="#sSpan1628" value="ⲛ̅ⲧⲉⲣ"/>
		<feat xlink:href="#sSpan1632" value="ⲉⲓ"/>
		<feat xlink:href="#sSpan1634" value="ⲥⲱⲧⲙ̅"/>
		<feat xlink:href="#sSpan1636" value="ⲉ"/>
		<feat xlink:href="#sSpan1640" value="ⲛⲁⲓ"/>
		<feat xlink:href="#sSpan1643" value="ⲉⲃⲟⲗ"/>
		<feat xlink:href="#sSpan1648" value="ϩⲓⲧⲟⲟⲧ"/>
		<feat xlink:href="#sSpan1652" value="ⲟⲩ"/>
		<feat xlink:href="#sSpan1654" value="ⲛ̅"/>
		<feat xlink:href="#sSpan1658" value="ⲛⲉⲓ"/>
		<feat xlink:href="#sSpan1662" value="ⲧⲉⲗⲓⲟⲥ"/>
		<feat xlink:href="#sSpan1665" value="ⲛ̅ⲧⲉ"/>
		<feat xlink:href="#sSpan1669" value="ⲡ"/>
		<feat xlink:href="#sSpan1672" value="ⲛⲟⲩⲧⲉ"/>
		<feat xlink:href="#sSpan1674" value="·"/>
		<feat xlink:href="#sSpan1678" value="ⲁ"/>
		<feat xlink:href="#sSpan1682" value="ⲩ"/>
		<feat xlink:href="#sSpan1684" value="ⲣ̅"/>
		<feat xlink:href="#sSpan1687" value="ⲑ"/>
		<feat xlink:href="#sSpan1689" value="ⲉ"/>
		<feat xlink:href="#sSpan1691" value="ⲛ̅"/>
		<feat xlink:href="#sSpan1695" value="ⲟⲩ"/>
		<feat xlink:href="#sSpan1698" value="ⲉⲃⲓⲱ"/>
		<feat xlink:href="#sSpan1700" value="·"/>
		<feat xlink:href="#sSpan1704" value="ⲉ"/>
		<feat xlink:href="#sSpan1708" value="ϥ"/>
		<feat xlink:href="#sSpan1710" value="ϩⲟⲗϭ̅"/>
		<feat xlink:href="#sSpan1712" value="ϩⲙ̅"/>
		<feat xlink:href="#sSpan1717" value="ⲡⲁ"/>
		<feat xlink:href="#sSpan1720" value="ϩⲏⲧ"/>
		<feat xlink:href="#sSpan1722" value="·"/>
		<feat xlink:href="#sSpan1726" value="ⲁⲩⲱ"/>
		<feat xlink:href="#sSpan1732" value="ⲁ"/>
		<feat xlink:href="#sSpan1736" value="ⲩ"/>
		<feat xlink:href="#sSpan1739" value="ⲛⲟϭ"/>
		<feat xlink:href="#sSpan1741" value="ⲛ̅"/>
		<feat xlink:href="#sSpan1746" value="ⲁⲓⲥⲑⲏⲥⲓⲥ"/>
		<feat xlink:href="#sSpan1748" value="·"/>
		<feat xlink:href="#sSpan1752" value="ϣⲱⲡⲉ"/>
		<feat xlink:href="#sSpan1756" value="ϩⲙ̅"/>
		<feat xlink:href="#sSpan1760" value="ⲡⲁ"/>
		<feat xlink:href="#sSpan1764" value="ⲥⲁ"/>
		<feat xlink:href="#sSpan1767" value="ⲛϩⲟⲩⲛ"/>
		<feat xlink:href="#sSpan1771" value="·"/>
		<feat xlink:href="#sSpan1775" value="ⲁ"/>
		<feat xlink:href="#sSpan1781" value="ⲓ"/>
		<feat xlink:href="#sSpan1783" value="ⲣ̅"/>
		<feat xlink:href="#sSpan1786" value="ⲑ"/>
		<feat xlink:href="#sSpan1788" value="ⲉ"/>
		<feat xlink:href="#sSpan1790" value="ⲛ̅"/>
		<feat xlink:href="#sSpan1794" value="ⲛ"/>
		<feat xlink:href="#sSpan1797" value="ⲉⲛⲧ"/>
		<feat xlink:href="#sSpan1799" value="ⲁ"/>
		<feat xlink:href="#sSpan1801" value="ⲡⲉⲩ"/>
		<feat xlink:href="#sSpan1805" value="ⲛⲟⲩⲥ"/>
		<feat xlink:href="#sSpan1807" value="·"/>
		<feat xlink:href="#sSpan1811" value="ⲡⲱⲱⲛⲉ"/>
		<feat xlink:href="#sSpan1816" value="ⲉ"/>
		<feat xlink:href="#sSpan1821" value="ⲡ"/>
		<feat xlink:href="#sSpan1824" value="ⲕⲉ"/>
		<feat xlink:href="#sSpan1827" value="ⲁⲓⲱⲛ"/>
		<feat xlink:href="#sSpan1829" value="·"/>
		<feat xlink:href="#sSpan1833" value="ⲁ"/>
		<feat xlink:href="#sSpan1839" value="ⲓ"/>
		<feat xlink:href="#sSpan1841" value="ⲧⲱⲟⲩⲛ"/>
		<feat xlink:href="#sSpan1843" value="ⲛ̅"/>
		<feat xlink:href="#sSpan1847" value="ⲧⲉ"/>
		<feat xlink:href="#sSpan1849" value="ⲩⲛⲟⲩ"/>
		<feat xlink:href="#sSpan1851" value="ⲁ"/>
		<feat xlink:href="#sSpan1857" value="ⲓ"/>
		<feat xlink:href="#sSpan1859" value="ϥⲓ"/>
		<feat xlink:href="#sSpan1861" value="ⲛ̅"/>
		<feat xlink:href="#sSpan1865" value="ϩⲉⲛ"/>
		<feat xlink:href="#sSpan1868" value="ⲕⲟⲩⲓ"/>
		<feat xlink:href="#sSpan1870" value="ⲛ̅"/>
		<feat xlink:href="#sSpan1875" value="ⲟⲉⲓⲕ"/>
		<feat xlink:href="#sSpan1877" value="·"/>
		<feat xlink:href="#sSpan1881" value="ⲛⲙ̅ⲙⲁ"/>
		<feat xlink:href="#sSpan1885" value="ⲓ"/>
		<feat xlink:href="#sSpan1887" value="ⲛ"/>
		<feat xlink:href="#sSpan1891" value="ⲁ"/>
		<feat xlink:href="#sSpan1893" value="ⲡ"/>
		<feat xlink:href="#sSpan1895" value="ϣⲁⲩ"/>
		<feat xlink:href="#sSpan1897" value="ⲛ̅"/>
		<feat xlink:href="#sSpan1901" value="ϥⲧⲟⲟⲩ"/>
		<feat xlink:href="#sSpan1904" value="ⲛ̅"/>
		<feat xlink:href="#sSpan1908" value="ϩⲟⲟⲩ"/>
		<feat xlink:href="#sSpan1910" value="ⲙ̅"/>
		<feat xlink:href="#sSpan1914" value="ⲙⲟⲟϣⲉ"/>
		<feat xlink:href="#sSpan1917" value="·"/>
		<feat xlink:href="#sSpan1921" value="ⲉ"/>
		<feat xlink:href="#sSpan1925" value="ⲧⲣ"/>
		<feat xlink:href="#sSpan1927" value="ⲁ"/>
		<feat xlink:href="#sSpan1929" value="ⲟⲩⲱⲙ"/>
		<feat xlink:href="#sSpan1931" value="ⲛ̅ϩⲏⲧ"/>
		<feat xlink:href="#sSpan1935" value="ⲟⲩ"/>
		<feat xlink:href="#sSpan1937" value="·"/>
		<feat xlink:href="#sSpan1941" value="ϣⲁ"/>
		<feat xlink:href="#sSpan1945" value="ⲡ"/>
		<feat xlink:href="#sSpan1948" value="ⲙⲁ"/>
		<feat xlink:href="#sSpan1950" value="ⲉⲧⲉⲣⲉ"/>
		<feat xlink:href="#sSpan1954" value="ⲡ"/>
		<feat xlink:href="#sSpan1958" value="ϫⲟⲉⲓⲥ"/>
		<feat xlink:href="#sSpan1960" value="ⲛⲁ"/>
		<feat xlink:href="#sSpan1964" value="ⲧⲟϣ"/>
		<feat xlink:href="#sSpan1966" value="ⲧ̅"/>
		<feat xlink:href="#sSpan1968" value="ⲉⲣⲟ"/>
		<feat xlink:href="#sSpan1972" value="ϥ"/>
		<feat xlink:href="#sSpan1974" value="·"/>
		<feat xlink:href="#sSpan1978" value="Ⲛ̅ⲧⲉⲣ"/>
		<feat xlink:href="#sSpan1986" value="ⲓ̈"/>
		<feat xlink:href="#sSpan1988" value="ⲉⲓ"/>
		<feat xlink:href="#sSpan1991" value="ⲇⲉ"/>
		<feat xlink:href="#sSpan1995" value="ⲉⲃⲟⲗ"/>
		<feat xlink:href="#sSpan2000" value="ϩⲛ̅"/>
		<feat xlink:href="#sSpan2004" value="ⲧⲁ"/>
		<feat xlink:href="#sSpan2007" value="ϩⲉⲛⲉⲉⲧⲉ"/>
		<feat xlink:href="#sSpan2009" value="·"/>
		<feat xlink:href="#sSpan2013" value="ⲁ"/>
		<feat xlink:href="#sSpan2017" value="ⲓ"/>
		<feat xlink:href="#sSpan2019" value="ϭⲱϣⲧ̅"/>
		<feat xlink:href="#sSpan2021" value="ⲁ"/>
		<feat xlink:href="#sSpan2027" value="ⲓ"/>
		<feat xlink:href="#sSpan2029" value="ⲛⲁⲩ"/>
		<feat xlink:href="#sSpan2031" value="ⲉ"/>
		<feat xlink:href="#sSpan2036" value="ⲩ"/>
		<feat xlink:href="#sSpan2039" value="ⲟⲩⲟⲉⲓⲛ"/>
		<feat xlink:href="#sSpan2041" value="ⲙ̅"/>
		<feat xlink:href="#sSpan2045" value="ⲡⲁ"/>
		<feat xlink:href="#sSpan2048" value="ⲙ̅ⲧⲟ"/>
		<feat xlink:href="#sSpan2051" value="ⲉⲃⲟⲗ"/>
		<feat xlink:href="#sSpan2055" value="·"/>
		<feat xlink:href="#sSpan2059" value="ⲁ"/>
		<feat xlink:href="#sSpan2065" value="ⲓ"/>
		<feat xlink:href="#sSpan2068" value="ⲣ̅ϩⲟⲧⲉ"/>
		<feat xlink:href="#sSpan2071" value="ⲁ"/>
		<feat xlink:href="#sSpan2077" value="ⲓ̈"/>
		<feat xlink:href="#sSpan2079" value="ⲙⲉⲉⲩⲉ"/>
		<feat xlink:href="#sSpan2081" value="ϩⲙ̅"/>
		<feat xlink:href="#sSpan2085" value="ⲡⲁ"/>
		<feat xlink:href="#sSpan2089" value="ϩⲏⲧ"/>
		<feat xlink:href="#sSpan2091" value="·"/>
		<feat xlink:href="#sSpan2095" value="ⲉ"/>
		<feat xlink:href="#sSpan2099" value="ⲧⲣ"/>
		<feat xlink:href="#sSpan2101" value="ⲁ"/>
		<feat xlink:href="#sSpan2103" value="ⲕⲁⲁ"/>
		<feat xlink:href="#sSpan2105" value="ⲧ"/>
		<feat xlink:href="#sSpan2107" value="ⲉ"/>
		<feat xlink:href="#sSpan2111" value="ⲡⲁϩⲟⲩ"/>
		<feat xlink:href="#sSpan2113" value="·"/>
		<feat xlink:href="#sSpan2117" value="ⲉ"/>
		<feat xlink:href="#sSpan2121" value="ⲡ"/>
		<feat xlink:href="#sSpan2125" value="ⲧⲟⲡⲟⲥ"/>
		<feat xlink:href="#sSpan2127" value="ⲉ"/>
		<feat xlink:href="#sSpan2131" value="ⲛⲉ"/>
		<feat xlink:href="#sSpan2133" value="ⲓ"/>
		<feat xlink:href="#sSpan2135" value="ⲛ̅ϩⲏⲧ"/>
		<feat xlink:href="#sSpan2140" value="ϥ̅"/>
		<feat xlink:href="#sSpan2142" value="ⲛ̅"/>
		<feat xlink:href="#sSpan2146" value="ϣⲟⲣⲡ̅"/>
		<feat xlink:href="#sSpan2148" value="·"/>
		<feat xlink:href="#sSpan2152" value="ⲧⲁ"/>
		<feat xlink:href="#sSpan2156" value="ϭⲱ"/>
		<feat xlink:href="#sSpan2158" value="ⲛ̅"/>
		<feat xlink:href="#sSpan2162" value="ⲑ"/>
		<feat xlink:href="#sSpan2164" value="ⲉ"/>
		<feat xlink:href="#sSpan2167" value="ⲉ"/>
		<feat xlink:href="#sSpan2171" value="ⲛⲉ"/>
		<feat xlink:href="#sSpan2173" value="ⲓ"/>
		<feat xlink:href="#sSpan2175" value="ⲟ"/>
		<feat xlink:href="#sSpan2177" value="ⲙ̅ⲙⲟ"/>
		<feat xlink:href="#sSpan2181" value="ⲥ"/>
		<feat xlink:href="#sSpan2183" value="·"/>
		<feat xlink:href="#sSpan2187" value="ⲛ̅ⲧⲉⲣ"/>
		<feat xlink:href="#sSpan2193" value="ϥ̅"/>
		<feat xlink:href="#sSpan2196" value="ⲉⲓⲙⲉ"/>
		<feat xlink:href="#sSpan2199" value="ⲇⲉ"/>
		<feat xlink:href="#sSpan2203" value="ϫⲉ"/>
		<feat xlink:href="#sSpan2207" value="ⲁ"/>
		<feat xlink:href="#sSpan2209" value="ⲓ"/>
		<feat xlink:href="#sSpan2212" value="ⲣ̅ϩⲟⲧⲉ"/>
		<feat xlink:href="#sSpan2215" value="·"/>
		<feat xlink:href="#sSpan2219" value="ⲡⲉϫⲁ"/>
		<feat xlink:href="#sSpan2223" value="ϥ"/>
		<feat xlink:href="#sSpan2225" value="ⲛⲁ"/>
		<feat xlink:href="#sSpan2229" value="ⲓ"/>
		<feat xlink:href="#sSpan2231" value="ϫⲉ"/>
		<feat xlink:href="#sSpan2235" value="ⲙ̅ⲡⲣ̅"/>
		<feat xlink:href="#sSpan2237" value="ϩⲟⲧⲉ"/>
		<feat xlink:href="#sSpan2239" value="·"/>
		<feat xlink:href="#sSpan2243" value="ⲁⲛⲟⲕ"/>
		<feat xlink:href="#sSpan2250" value="ⲡⲉ"/>
		<feat xlink:href="#sSpan2254" value="ⲡ"/>
		<feat xlink:href="#sSpan2260" value="ⲁⲅⲅⲉⲗⲟⲥ"/>
		<feat xlink:href="#sSpan2262" value="ⲉⲧ"/>
		<feat xlink:href="#sSpan2266" value="ϭⲁⲗⲏⲩ"/>
		<feat xlink:href="#sSpan2268" value="ⲉⲣⲟ"/>
		<feat xlink:href="#sSpan2272" value="ⲕ"/>
		<feat xlink:href="#sSpan2274" value="·"/>
		<feat xlink:href="#sSpan2278" value="ⲉⲧ"/>
		<feat xlink:href="#sSpan2282" value="ⲙⲟⲟϣⲉ"/>
		<feat xlink:href="#sSpan2284" value="ⲛⲙ̅ⲙⲁ"/>
		<feat xlink:href="#sSpan2289" value="ⲕ"/>
		<feat xlink:href="#sSpan2291" value="·"/>
		<feat xlink:href="#sSpan2295" value="ϫⲓⲛ"/>
		<feat xlink:href="#sSpan2299" value="ⲧⲉⲕ"/>
		<feat xlink:href="#sSpan2303" value="ⲙⲛⲧ̅ⲕⲟⲩⲓ"/>
		<feat xlink:href="#sSpan2306" value="·"/>
		<feat xlink:href="#sSpan2310" value="ϯ"/>
		<feat xlink:href="#sSpan2318" value="ⲟⲓⲕⲟⲛⲟⲙⲓⲁ"/>
		<feat xlink:href="#sSpan2320" value="ⲧⲁⲓ"/>
		<feat xlink:href="#sSpan2324" value="ⲛ̅ⲧ"/>
		<feat xlink:href="#sSpan2329" value="ⲁ"/>
		<feat xlink:href="#sSpan2331" value="ⲡ"/>
		<feat xlink:href="#sSpan2334" value="ϫⲥ̅"/>
		<feat xlink:href="#sSpan2336" value="·"/>
		<feat xlink:href="#sSpan2340" value="ⲧⲟϣ"/>
		<feat xlink:href="#sSpan2344" value="ⲥ̅"/>
		<feat xlink:href="#sSpan2346" value="ⲉⲣⲟ"/>
		<feat xlink:href="#sSpan2350" value="ⲕ"/>
		<feat xlink:href="#sSpan2352" value="·"/>
		<feat xlink:href="#sSpan2356" value="ⲕ"/>
		<feat xlink:href="#sSpan2360" value="ⲛⲁ"/>
		<feat xlink:href="#sSpan2362" value="ϫⲡⲉ"/>
		<feat xlink:href="#sSpan2364" value="ϫⲟⲕ"/>
		<feat xlink:href="#sSpan2368" value="ⲥ̅"/>
		<feat xlink:href="#sSpan2370" value="ⲉⲃⲟⲗ"/>
		<feat xlink:href="#sSpan2374" value="·"/>
		<feat xlink:href="#sSpan2378" value="ⲛ̅ⲧⲉⲣ"/>
		<feat xlink:href="#sSpan2385" value="ⲓ"/>
		<feat xlink:href="#sSpan2387" value="ⲉⲓ"/>
		<feat xlink:href="#sSpan2390" value="ⲇⲉ"/>
		<feat xlink:href="#sSpan2394" value="ⲉϩⲟⲩⲛ"/>
		<feat xlink:href="#sSpan2398" value="ⲉ"/>
		<feat xlink:href="#sSpan2402" value="ⲡ"/>
		<feat xlink:href="#sSpan2405" value="ⲧⲟⲟⲩ"/>
		<feat xlink:href="#sSpan2407" value="·"/>
		<feat xlink:href="#sSpan2411" value="ⲁ"/>
		<feat xlink:href="#sSpan2415" value="ⲓ"/>
		<feat xlink:href="#sSpan2417" value="ⲙⲟⲟϣⲉ"/>
		<feat xlink:href="#sSpan2419" value="ϩⲙ̅"/>
		<feat xlink:href="#sSpan2423" value="ⲡ"/>
		<feat xlink:href="#sSpan2426" value="ϫⲁⲓⲉ"/>
		<feat xlink:href="#sSpan2428" value="ⲉ"/>
		<feat xlink:href="#sSpan2433" value="ⲛ"/>
		<feat xlink:href="#sSpan2435" value="ⲁ"/>
		<feat xlink:href="#sSpan2438" value="ⲥⲟⲟⲩ"/>
		<feat xlink:href="#sSpan2440" value="ⲙ̅"/>
		<feat xlink:href="#sSpan2444" value="ⲙⲏⲗⲓⲟⲛ"/>
		<feat xlink:href="#sSpan2446" value="ⲛ̅"/>
		<feat xlink:href="#sSpan2450" value="ⲥⲁϣϥ̅"/>
		<feat xlink:href="#sSpan2452" value="ⲁ"/>
		<feat xlink:href="#sSpan2458" value="ⲓ"/>
		<feat xlink:href="#sSpan2460" value="ⲛⲁⲩ"/>
		<feat xlink:href="#sSpan2462" value="ⲉ"/>
		<feat xlink:href="#sSpan2466" value="ⲩ"/>
		<feat xlink:href="#sSpan2469" value="ⲥⲡⲩⲗⲁⲓⲟⲛ"/>
		<feat xlink:href="#sSpan2471" value="ⲁ"/>
		<feat xlink:href="#sSpan2478" value="ⲓ"/>
		<feat xlink:href="#sSpan2480" value="ⲣⲁⲕ"/>
		<feat xlink:href="#sSpan2482" value="ⲧ̅"/>
		<feat xlink:href="#sSpan2484" value="ⲉϫⲱ"/>
		<feat xlink:href="#sSpan2488" value="ϥ"/>
		<feat xlink:href="#sSpan2490" value="·"/>
		<feat xlink:href="#sSpan2494" value="ϫⲉ"/>
		<feat xlink:href="#sSpan2498" value="ⲉⲓⲉ"/>
		<feat xlink:href="#sSpan2500" value="ⲛⲁⲩ"/>
		<feat xlink:href="#sSpan2502" value="ϫⲉ"/>
		<feat xlink:href="#sSpan2506" value="ⲟⲩⲛ̅"/>
		<feat xlink:href="#sSpan2508" value="ⲣⲱⲙⲉ"/>
		<feat xlink:href="#sSpan2511" value="ⲛ̅ϩⲏⲧ"/>
		<feat xlink:href="#sSpan2516" value="ϥ̅"/>
		<feat xlink:href="#sSpan2518" value="·"/>
		<feat xlink:href="#sSpan2522" value="ⲁ"/>
		<feat xlink:href="#sSpan2528" value="ϥ"/>
		<feat xlink:href="#sSpan2530" value="ⲉⲓ"/>
		<feat xlink:href="#sSpan2532" value="ⲛⲁ"/>
		<feat xlink:href="#sSpan2536" value="ⲓ"/>
		<feat xlink:href="#sSpan2538" value="ⲉⲃⲟⲗ"/>
		<feat xlink:href="#sSpan2542" value="ⲛ̅ϭⲓ"/>
		<feat xlink:href="#sSpan2546" value="ⲟⲩ"/>
		<feat xlink:href="#sSpan2549" value="ⲛⲟϭ"/>
		<feat xlink:href="#sSpan2551" value="ⲛ̅"/>
		<feat xlink:href="#sSpan2556" value="ϩⲁⲅⲓⲟⲥ"/>
		<feat xlink:href="#sSpan2558" value="·"/>
		<feat xlink:href="#sSpan2562" value="ⲛ̅ⲧⲉ"/>
		<feat xlink:href="#sSpan2566" value="ⲡ"/>
		<feat xlink:href="#sSpan2570" value="ⲛⲟⲩⲧⲉ"/>
		<feat xlink:href="#sSpan2572" value="·"/>
		<feat xlink:href="#sSpan2576" value="ⲉ"/>
		<feat xlink:href="#sSpan2580" value="ⲛⲉⲥⲱ"/>
		<feat xlink:href="#sSpan2582" value="ϥ"/>
		<feat xlink:href="#sSpan2584" value="ϩⲙ̅"/>
		<feat xlink:href="#sSpan2588" value="ⲡϥ̅"/>
		<feat xlink:href="#sSpan2591" value="ⲥⲙⲟⲧ"/>
		<feat xlink:href="#sSpan2593" value="·"/>
		<feat xlink:href="#sSpan2597" value="ⲉⲣⲉ"/>
		<feat xlink:href="#sSpan2601" value="ⲟⲩ"/>
		<feat xlink:href="#sSpan2604" value="ⲛⲟϭ"/>
		<feat xlink:href="#sSpan2606" value="ⲛ̅"/>
		<feat xlink:href="#sSpan2611" value="ⲭⲁⲣⲓⲥ"/>
		<feat xlink:href="#sSpan2614" value="ϩⲓⲣⲙ̅"/>
		<feat xlink:href="#sSpan2618" value="ⲡⲉϥ"/>
		<feat xlink:href="#sSpan2621" value="ϩⲟ"/>
		<feat xlink:href="#sSpan2623" value="·"/>
		<feat xlink:href="#sSpan2627" value="Ⲛ̅ⲧⲉⲣ"/>
		<feat xlink:href="#sSpan2636" value="ⲉⲓ"/>
		<feat xlink:href="#sSpan2638" value="ⲛⲁⲩ"/>
		<feat xlink:href="#sSpan2641" value="ⲇⲉ"/>
		<feat xlink:href="#sSpan2645" value="ⲉⲣⲟ"/>
		<feat xlink:href="#sSpan2649" value="ϥ"/>
		<feat xlink:href="#sSpan2651" value="ⲁ"/>
		<feat xlink:href="#sSpan2655" value="ⲓ"/>
		<feat xlink:href="#sSpan2657" value="ⲟⲩⲱϣⲧ̅"/>
		<feat xlink:href="#sSpan2659" value="ⲛⲁ"/>
		<feat xlink:href="#sSpan2663" value="ϥ"/>
		<feat xlink:href="#sSpan2665" value="·"/>
		<feat xlink:href="#sSpan2669" value="ⲛ̅ⲧⲟϥ"/>
		<feat xlink:href="#sSpan2676" value="ⲇⲉ"/>
		<feat xlink:href="#sSpan2680" value="ⲁ"/>
		<feat xlink:href="#sSpan2685" value="ϥ"/>
		<feat xlink:href="#sSpan2687" value="ⲧⲟⲩⲛⲟⲥ"/>
		<feat xlink:href="#sSpan2689" value="ⲧ̅"/>
		<feat xlink:href="#sSpan2691" value="ⲁ"/>
		<feat xlink:href="#sSpan2697" value="ϥ"/>
		<feat xlink:href="#sSpan2700" value="ⲁⲥⲡⲁⲍⲉ"/>
		<feat xlink:href="#sSpan2702" value="ⲙ̅ⲙⲟ"/>
		<feat xlink:href="#sSpan2706" value="ⲓ"/>
		<feat xlink:href="#sSpan2708" value="·"/>
		<feat xlink:href="#sSpan2712" value="ⲡⲉϫⲁ"/>
		<feat xlink:href="#sSpan2718" value="ϥ"/>
		<feat xlink:href="#sSpan2720" value="ⲛⲁ"/>
		<feat xlink:href="#sSpan2724" value="ⲓ"/>
		<feat xlink:href="#sSpan2726" value="ϫⲉ"/>
		<feat xlink:href="#sSpan2730" value="ⲛ̅ⲧⲟⲕ"/>
		<feat xlink:href="#sSpan2733" value="ⲡⲉ"/>
		<feat xlink:href="#sSpan2737" value="ⲟⲛⲛⲟⲫⲣⲓⲟⲥ"/>
		<feat xlink:href="#sSpan2743" value="ⲡⲁ"/>
		<feat xlink:href="#sSpan2748" value="ϣⲃⲏⲣⲣ̅ϩⲱⲃ"/>
		<feat xlink:href="#sSpan2753" value="ϩⲙ̅"/>
		<feat xlink:href="#sSpan2757" value="ⲡ"/>
		<feat xlink:href="#sSpan2760" value="ϫⲥ̅"/>
		<feat xlink:href="#sSpan2762" value="·"/>
		<feat xlink:href="#sSpan2766" value="ⲁⲙⲟⲩ"/>
		<feat xlink:href="#sSpan2773" value="ⲉϩⲟⲩⲛ"/>
		<feat xlink:href="#sSpan2777" value="ⲡ"/>
		<feat xlink:href="#sSpan2784" value="ϫⲥ̅"/>
		<feat xlink:href="#sSpan2786" value="ⲛⲙ̅ⲙⲁ"/>
		<feat xlink:href="#sSpan2790" value="ⲕ"/>
		<feat xlink:href="#sSpan2792" value="·"/>
		<feat xlink:href="#sSpan2796" value="ⲛ"/>
		<feat xlink:href="#sSpan2800" value="ⲅ̅"/>
		<feat xlink:href="#sSpan2802" value="ⲙⲁⲁⲧⲉ"/>
		<feat xlink:href="#sSpan2804" value="ⲙ̅"/>
		<feat xlink:href="#sSpan2808" value="ⲫ"/>
		<feat xlink:href="#sSpan2811" value="ⲱⲃ"/>
		<feat xlink:href="#sSpan2813" value="ⲉⲧ"/>
		<feat xlink:href="#sSpan2818" value="ⲛⲁⲛⲟⲩ"/>
		<feat xlink:href="#sSpan2820" value="ϥ"/>
		<feat xlink:href="#sSpan2822" value="·"/>
		<feat xlink:href="#sSpan2826" value="ⲛⲧ"/>
		<feat xlink:href="#sSpan2830" value="ⲁ"/>
		<feat xlink:href="#sSpan2832" value="ϥ"/>
		<feat xlink:href="#sSpan2834" value="ⲧⲁϩⲙ"/>
		<feat xlink:href="#sSpan2836" value="ⲕ̅"/>
		<feat xlink:href="#sSpan2838" value="ⲉⲣⲟ"/>
		<feat xlink:href="#sSpan2842" value="ϥ"/>
		<feat xlink:href="#sSpan2844" value="·"/>
		<feat xlink:href="#sSpan2848" value="ⲁ"/>
		<feat xlink:href="#sSpan2854" value="ⲓ"/>
		<feat xlink:href="#sSpan2856" value="ⲃⲱⲕ"/>
		<feat xlink:href="#sSpan2859" value="ⲇⲉ"/>
		<feat xlink:href="#sSpan2863" value="ⲉϩⲟⲩⲛ"/>
		<feat xlink:href="#sSpan2868" value="ⲁ"/>
		<feat xlink:href="#sSpan2874" value="ⲓ"/>
		<feat xlink:href="#sSpan2876" value="ϩⲙⲟⲟⲥ"/>
		<feat xlink:href="#sSpan2878" value="ϩⲁϩⲧⲏ"/>
		<feat xlink:href="#sSpan2882" value="ϥ"/>
		<feat xlink:href="#sSpan2884" value="·"/>
		<feat xlink:href="#sSpan2888" value="ⲛ̅"/>
		<feat xlink:href="#sSpan2892" value="ϩⲉⲛ"/>
		<feat xlink:href="#sSpan2895" value="ⲕⲟⲩⲓ"/>
		<feat xlink:href="#sSpan2897" value="ⲛ̅"/>
		<feat xlink:href="#sSpan2901" value="ϩⲟⲟⲩ"/>
		<feat xlink:href="#sSpan2903" value="·"/>
		<feat xlink:href="#sSpan2907" value="ⲁ"/>
		<feat xlink:href="#sSpan2914" value="ⲓ"/>
		<feat xlink:href="#sSpan2917" value="ϫⲓⲥⲃⲱ"/>
		<feat xlink:href="#sSpan2920" value="ⲛ̅"/>
		<feat xlink:href="#sSpan2924" value="ⲕⲱⲧ"/>
		<feat xlink:href="#sSpan2927" value="ⲛ̅"/>
		<feat xlink:href="#sSpan2931" value="ⲧ"/>
		<feat xlink:href="#sSpan2935" value="ⲙⲛⲧ̅ⲛⲟⲩⲧⲉ"/>
		<feat xlink:href="#sSpan2938" value="·"/>
		<feat xlink:href="#sSpan2942" value="ⲉⲃⲟⲗ"/>
		<feat xlink:href="#sSpan2947" value="ϩⲓⲧⲟⲟⲧ"/>
		<feat xlink:href="#sSpan2951" value="ϥ̅"/>
		<feat xlink:href="#sSpan2953" value="·"/>
		<feat xlink:href="#sSpan2957" value="Ⲁⲩⲱ"/>
		<feat xlink:href="#sSpan2964" value="ⲁ"/>
		<feat xlink:href="#sSpan2968" value="ϥ"/>
		<feat xlink:href="#sSpan2970" value="ⲧⲥⲁⲃⲟ"/>
		<feat xlink:href="#sSpan2972" value="ⲓ"/>
		<feat xlink:href="#sSpan2974" value="ⲉ"/>
		<feat xlink:href="#sSpan2978" value="ⲧ"/>
		<feat xlink:href="#sSpan2982" value="ϭⲓⲛⲣ̅ϩⲱⲃ"/>
		<feat xlink:href="#sSpan2986" value="ⲉ"/>
		<feat xlink:href="#sSpan2990" value="ⲡ"/>
		<feat xlink:href="#sSpan2993" value="ϫⲁⲓⲉ"/>
		<feat xlink:href="#sSpan2995" value="·"/>
		<feat xlink:href="#sSpan2999" value="ⲛ̅ⲧⲉⲣⲉ"/>
		<feat xlink:href="#sSpan3005" value="ϥ"/>
		<feat xlink:href="#sSpan3008" value="ⲛⲁⲩ"/>
		<feat xlink:href="#sSpan3011" value="ⲇⲉ"/>
		<feat xlink:href="#sSpan3015" value="ϫⲉ"/>
		<feat xlink:href="#sSpan3019" value="ⲁ"/>
		<feat xlink:href="#sSpan3021" value="ⲓ"/>
		<feat xlink:href="#sSpan3023" value="ⲉⲓⲙⲉ"/>
		<feat xlink:href="#sSpan3025" value="ⲉ"/>
		<feat xlink:href="#sSpan3029" value="ⲡ"/>
		<feat xlink:href="#sSpan3033" value="ⲡⲟⲗⲩⲙⲟⲥ"/>
		<feat xlink:href="#sSpan3035" value="ⲉⲧ"/>
		<feat xlink:href="#sSpan3039" value="ϩⲏⲡ"/>
		<feat xlink:href="#sSpan3041" value="ⲙⲛ̅"/>
		<feat xlink:href="#sSpan3045" value="ⲛ̅"/>
		<feat xlink:href="#sSpan3049" value="ϩⲟⲧⲉ"/>
		<feat xlink:href="#sSpan3051" value="ⲉⲧ"/>
		<feat xlink:href="#sSpan3055" value="ϣⲟⲟⲡ"/>
		<feat xlink:href="#sSpan3057" value="ϩⲙ̅"/>
		<feat xlink:href="#sSpan3061" value="ⲡ"/>
		<feat xlink:href="#sSpan3064" value="ϫⲁⲓⲉ"/>
		<feat xlink:href="#sSpan3066" value="·"/>
		<feat xlink:href="#sSpan3070" value="ⲁ"/>
		<feat xlink:href="#sSpan3074" value="ϥ"/>
		<feat xlink:href="#sSpan3076" value="ϫⲟⲟ"/>
		<feat xlink:href="#sSpan3078" value="ⲥ"/>
		<feat xlink:href="#sSpan3080" value="ⲛⲁ"/>
		<feat xlink:href="#sSpan3084" value="ⲓ"/>
		<feat xlink:href="#sSpan3086" value="ϫⲉ"/>
		<feat xlink:href="#sSpan3090" value="ⲧⲱⲟⲩⲛ"/>
		<feat xlink:href="#sSpan3093" value="ⲙⲁⲣⲟ"/>
		<feat xlink:href="#sSpan3097" value="ⲛ"/>
		<feat xlink:href="#sSpan3099" value="ⲡⲁ"/>
		<feat xlink:href="#sSpan3104" value="ϣⲏⲣⲉ"/>
		<feat xlink:href="#sSpan3106" value="·"/>
		<feat xlink:href="#sSpan3110" value="ⲧⲁ"/>
		<feat xlink:href="#sSpan3114" value="ϫⲓⲧ"/>
		<feat xlink:href="#sSpan3116" value="ⲕ̅"/>
		<feat xlink:href="#sSpan3118" value="·"/>
		<feat xlink:href="#sSpan3122" value="ⲉ"/>
		<feat xlink:href="#sSpan3126" value="ⲩ"/>
		<feat xlink:href="#sSpan3129" value="ⲙⲁ"/>
		<feat xlink:href="#sSpan3131" value="ⲛ̅"/>
		<feat xlink:href="#sSpan3135" value="ϫⲁⲓⲉ"/>
		<feat xlink:href="#sSpan3138" value="·"/>
		<feat xlink:href="#sSpan3142" value="ϩⲛ̅"/>
		<feat xlink:href="#sSpan3146" value="ⲧ"/>
		<feat xlink:href="#sSpan3150" value="ⲉⲣⲏⲙⲟⲥ"/>
		<feat xlink:href="#sSpan3152" value="ⲉⲧ"/>
		<feat xlink:href="#sSpan3156" value="ϩⲓϩⲟⲩⲛ"/>
		<feat xlink:href="#sSpan3158" value="·"/>
		<feat xlink:href="#sSpan3162" value="ⲛ"/>
		<feat xlink:href="#sSpan3166" value="ⲅ̅"/>
		<feat xlink:href="#sSpan3168" value="ϣⲱⲡⲉ"/>
		<feat xlink:href="#sSpan3170" value="ⲛ̅ϩⲏⲧ"/>
		<feat xlink:href="#sSpan3175" value="ϥ̅"/>
		<feat xlink:href="#sSpan3177" value="ⲙⲁⲩⲁⲁ"/>
		<feat xlink:href="#sSpan3181" value="ⲕ"/>
		<feat xlink:href="#sSpan3183" value="ⲉⲧⲃⲉ"/>
		<feat xlink:href="#sSpan3187" value="ⲡ"/>
		<feat xlink:href="#sSpan3190" value="ⲛⲟⲩⲧⲉ"/>
		<feat xlink:href="#sSpan3192" value="·"/>
		<feat xlink:href="#sSpan3197" value="ⲉⲡⲉⲓⲇⲏ"/>
		<feat xlink:href="#sSpan3203" value="ⲛ̅ⲧ"/>
		<feat xlink:href="#sSpan3207" value="ⲁ"/>
		<feat xlink:href="#sSpan3209" value="ⲡ"/>
		<feat xlink:href="#sSpan3212" value="ϫⲥ̅"/>
		<feat xlink:href="#sSpan3214" value="ⲡ"/>
		<feat xlink:href="#sSpan3219" value="ⲛⲟⲩⲧⲉ"/>
		<feat xlink:href="#sSpan3221" value="ⲧⲟϣ"/>
		<feat xlink:href="#sSpan3225" value="ⲕ̅"/>
		<feat xlink:href="#sSpan3227" value="ⲉ"/>
		<feat xlink:href="#sSpan3231" value="ⲡⲉⲓ"/>
		<feat xlink:href="#sSpan3234" value="ϩⲱⲃ"/>
		<feat xlink:href="#sSpan3236" value="ⲉ"/>
		<feat xlink:href="#sSpan3240" value="ⲧⲣⲉ"/>
		<feat xlink:href="#sSpan3242" value="ⲕ"/>
		<feat xlink:href="#sSpan3244" value="ϣⲱⲡⲉ"/>
		<feat xlink:href="#sSpan3246" value="ϩⲙ̅"/>
		<feat xlink:href="#sSpan3250" value="ⲡ"/>
		<feat xlink:href="#sSpan3253" value="ϫⲁⲓⲉ"/>
		<feat xlink:href="#sSpan3255" value="·"/>
		<feat xlink:href="#sSpan3259" value="Ⲛ̅"/>
		<feat xlink:href="#sSpan3266" value="ⲧⲉ"/>
		<feat xlink:href="#sSpan3268" value="ⲩⲛⲟⲩ"/>
		<feat xlink:href="#sSpan3270" value="ⲁ"/>
		<feat xlink:href="#sSpan3274" value="ϥ"/>
		<feat xlink:href="#sSpan3276" value="ⲧⲱⲟⲩⲛ"/>
		<feat xlink:href="#sSpan3278" value="ⲁ"/>
		<feat xlink:href="#sSpan3282" value="ϥ"/>
		<feat xlink:href="#sSpan3284" value="ⲙⲟⲟϣⲉ"/>
		<feat xlink:href="#sSpan3286" value="ⲛⲙ̅ⲙⲁ"/>
		<feat xlink:href="#sSpan3290" value="ⲓ"/>
		<feat xlink:href="#sSpan3292" value="ⲉϩⲟⲩⲛ"/>
		<feat xlink:href="#sSpan3296" value="ⲉ"/>
		<feat xlink:href="#sSpan3300" value="ⲡ"/>
		<feat xlink:href="#sSpan3304" value="ϫⲁⲓⲉ"/>
		<feat xlink:href="#sSpan3306" value="ⲛ̅"/>
		<feat xlink:href="#sSpan3310" value="ⲁ"/>
		<feat xlink:href="#sSpan3313" value="ϥⲧⲟⲟⲩ"/>
		<feat xlink:href="#sSpan3315" value="ⲛ̅"/>
		<feat xlink:href="#sSpan3319" value="ϩⲟⲟⲩ"/>
		<feat xlink:href="#sSpan3321" value="ⲙ̅"/>
		<feat xlink:href="#sSpan3325" value="ⲙⲟⲟϣⲉ"/>
		<feat xlink:href="#sSpan3327" value="·"/>
		<feat xlink:href="#sSpan3331" value="ϩⲙ̅"/>
		<feat xlink:href="#sSpan3337" value="ⲡ"/>
		<feat xlink:href="#sSpan3340" value="ϫⲱⲕ"/>
		<feat xlink:href="#sSpan3343" value="ⲇⲉ"/>
		<feat xlink:href="#sSpan3348" value="ⲛ̅"/>
		<feat xlink:href="#sSpan3352" value="ϥⲧⲟⲟⲩ"/>
		<feat xlink:href="#sSpan3355" value="ⲛ̅"/>
		<feat xlink:href="#sSpan3359" value="ϩⲟⲟⲩ"/>
		<feat xlink:href="#sSpan3361" value="·"/>
		<feat xlink:href="#sSpan3365" value="ⲁ"/>
		<feat xlink:href="#sSpan3369" value="ⲛ"/>
		<feat xlink:href="#sSpan3371" value="ⲉⲓ"/>
		<feat xlink:href="#sSpan3374" value="ⲉϫⲛ̅"/>
		<feat xlink:href="#sSpan3378" value="ⲟⲩ"/>
		<feat xlink:href="#sSpan3381" value="ⲕⲟⲩⲓ"/>
		<feat xlink:href="#sSpan3383" value="ⲛ̅"/>
		<feat xlink:href="#sSpan3387" value="ⲕⲁⲗⲩⲃⲏ"/>
		<feat xlink:href="#sSpan3390" value="·"/>
		<feat xlink:href="#sSpan3394" value="ⲡⲉϫⲁ"/>
		<feat xlink:href="#sSpan3400" value="ϥ"/>
		<feat xlink:href="#sSpan3402" value="ⲛⲁ"/>
		<feat xlink:href="#sSpan3406" value="ⲓ"/>
		<feat xlink:href="#sSpan3408" value="ϫⲉ"/>
		<feat xlink:href="#sSpan3412" value="ⲡⲁⲓ"/>
		<feat xlink:href="#sSpan3415" value="ⲡⲉ"/>
		<feat xlink:href="#sSpan3419" value="ⲡ"/>
		<feat xlink:href="#sSpan3424" value="ⲙⲁ"/>
		<feat xlink:href="#sSpan3426" value="ⲛ̅ⲧ"/>
		<feat xlink:href="#sSpan3430" value="ⲁ"/>
		<feat xlink:href="#sSpan3432" value="ⲡ"/>
		<feat xlink:href="#sSpan3435" value="ϫⲥ̅"/>
		<feat xlink:href="#sSpan3437" value="ⲧⲟϣ"/>
		<feat xlink:href="#sSpan3442" value="ϥ̅"/>
		<feat xlink:href="#sSpan3444" value="ⲛⲁ"/>
		<feat xlink:href="#sSpan3448" value="ⲕ"/>
		<feat xlink:href="#sSpan3450" value="·"/>
		<feat xlink:href="#sSpan3454" value="ⲉ"/>
		<feat xlink:href="#sSpan3458" value="ⲧⲣⲉ"/>
		<feat xlink:href="#sSpan3460" value="ⲕ"/>
		<feat xlink:href="#sSpan3462" value="ϣⲱⲡⲉ"/>
		<feat xlink:href="#sSpan3464" value="ⲛ̅ϩⲏⲧ"/>
		<feat xlink:href="#sSpan3468" value="ϥ̅"/>
		<feat xlink:href="#sSpan3470" value="ⲁ"/>
		<feat xlink:href="#sSpan3476" value="ϥ"/>
		<feat xlink:href="#sSpan3478" value="ϩⲙⲟⲟⲥ"/>
		<feat xlink:href="#sSpan3481" value="ⲇⲉ"/>
		<feat xlink:href="#sSpan3486" value="ϩⲁϩⲧⲏ"/>
		<feat xlink:href="#sSpan3491" value="ⲓ"/>
		<feat xlink:href="#sSpan3493" value="ⲛ̅"/>
		<feat xlink:href="#sSpan3497" value="ⲟⲩ"/>
		<feat xlink:href="#sSpan3500" value="ⲉⲃⲟⲧ"/>
		<feat xlink:href="#sSpan3502" value="ⲛ̅"/>
		<feat xlink:href="#sSpan3506" value="ϩⲟⲟⲩ"/>
		<feat xlink:href="#sSpan3508" value="ϣⲁⲛⲧⲉ"/>
		<feat xlink:href="#sSpan3512" value="ⲓ"/>
		<feat xlink:href="#sSpan3515" value="ⲛⲟⲓ"/>
		<feat xlink:href="#sSpan3517" value="ⲙ̅"/>
		<feat xlink:href="#sSpan3521" value="ⲡ"/>
		<feat xlink:href="#sSpan3524" value="ϩⲱⲃ"/>
		<feat xlink:href="#sSpan3526" value="ⲉⲧ"/>
		<feat xlink:href="#sSpan3530" value="ⲛⲁⲛⲟⲩ"/>
		<feat xlink:href="#sSpan3533" value="ϥ"/>
		<feat xlink:href="#sSpan3535" value="ⲉⲧⲉ"/>
		<feat xlink:href="#sSpan3539" value="ϣϣⲉ"/>
		<feat xlink:href="#sSpan3541" value="ⲉⲣⲟ"/>
		<feat xlink:href="#sSpan3545" value="ⲓ"/>
		<feat xlink:href="#sSpan3547" value="ⲉ"/>
		<feat xlink:href="#sSpan3551" value="ⲁⲁ"/>
		<feat xlink:href="#sSpan3553" value="ϥ"/>
		<feat xlink:href="#sSpan3555" value="·"/>
		<feat xlink:href="#sSpan3559" value="Ⲙⲛ̅ⲛ̅ⲥⲱ"/>
		<feat xlink:href="#sSpan3567" value="ⲥ"/>
		<feat xlink:href="#sSpan3569" value="ⲁ"/>
		<feat xlink:href="#sSpan3573" value="ϥ"/>
		<feat xlink:href="#sSpan3575" value="ⲙⲟⲟϣⲉ"/>
		<feat xlink:href="#sSpan3578" value="ⲉⲃⲟⲗ"/>
		<feat xlink:href="#sSpan3582" value="ϩⲓⲧⲟⲟⲧ"/>
		<feat xlink:href="#sSpan3586" value="·"/>
		<feat xlink:href="#sSpan3590" value="ⲁⲩⲱ"/>
		<feat xlink:href="#sSpan3596" value="ⲛ̅"/>
		<feat xlink:href="#sSpan3600" value="ⲛⲁⲩ"/>
		<feat xlink:href="#sSpan3602" value="ⲉ"/>
		<feat xlink:href="#sSpan3606" value="ⲛⲉⲛ"/>
		<feat xlink:href="#sSpan3609" value="ⲉⲣⲏⲩ"/>
		<feat xlink:href="#sSpan3611" value="·"/>
		<feat xlink:href="#sSpan3615" value="ⲛ̅"/>
		<feat xlink:href="#sSpan3619" value="ⲟⲩ"/>
		<feat xlink:href="#sSpan3622" value="ⲥⲟⲡ"/>
		<feat xlink:href="#sSpan3624" value="ⲧⲉ"/>
		<feat xlink:href="#sSpan3629" value="ⲣⲟⲙⲡⲉ"/>
		<feat xlink:href="#sSpan3631" value="·"/>
		<feat xlink:href="#sSpan3635" value="ϣⲁ"/>
		<feat xlink:href="#sSpan3639" value="ⲡⲉ"/>
		<feat xlink:href="#sSpan3642" value="ϩⲟⲟⲩ"/>
		<feat xlink:href="#sSpan3644" value="·"/>
		<feat xlink:href="#sSpan3648" value="ⲛ̅ⲧ"/>
		<feat xlink:href="#sSpan3653" value="ⲁ"/>
		<feat xlink:href="#sSpan3655" value="ϥ"/>
		<feat xlink:href="#sSpan3657" value="ⲕⲁ"/>
		<feat xlink:href="#sSpan3660" value="ⲥⲱⲙⲁ"/>
		<feat xlink:href="#sSpan3663" value="ⲉϩⲣⲁⲓ̅"/>
		<feat xlink:href="#sSpan3667" value="·"/>
		<feat xlink:href="#sSpan3671" value="ⲁⲩⲱ"/>
		<feat xlink:href="#sSpan3677" value="ⲁ"/>
		<feat xlink:href="#sSpan3681" value="ⲓ"/>
		<feat xlink:href="#sSpan3683" value="ⲧⲱⲙⲥ̅"/>
		<feat xlink:href="#sSpan3685" value="ⲙ̅ⲙⲟ"/>
		<feat xlink:href="#sSpan3689" value="ϥ"/>
		<feat xlink:href="#sSpan3691" value="ϩⲙ̅"/>
		<feat xlink:href="#sSpan3695" value="ⲡ"/>
		<feat xlink:href="#sSpan3700" value="ⲧⲟⲡⲟⲥ"/>
		<feat xlink:href="#sSpan3702" value="ⲉⲧ"/>
		<feat xlink:href="#sSpan3706" value="ϥ̅"/>
		<feat xlink:href="#sSpan3708" value="ⲛ̅ϩⲏⲧ"/>
		<feat xlink:href="#sSpan3712" value="ϥ̅"/>
		<feat xlink:href="#sSpan3714" value="·"/>
		<feat xlink:href="#sSpan3718" value="ⲡⲉϫⲁ"/>
		<feat xlink:href="#sSpan3724" value="ⲓ̅"/>
		<feat xlink:href="#sSpan3727" value="ⲇⲉ"/>
		<feat xlink:href="#sSpan3731" value="ⲛⲁ"/>
		<feat xlink:href="#sSpan3735" value="ϥ"/>
		<feat xlink:href="#sSpan3737" value="ϫⲉ"/>
		<feat xlink:href="#sSpan3741" value="ⲡⲁ"/>
		<feat xlink:href="#sSpan3744" value="ⲙⲉⲣⲓⲧ"/>
		<feat xlink:href="#sSpan3746" value="ⲛ̅"/>
		<feat xlink:href="#sSpan3751" value="ⲉⲓⲱⲧ"/>
		<feat xlink:href="#sSpan3753" value="ⲉⲧ"/>
		<feat xlink:href="#sSpan3757" value="ⲛⲁⲛⲟⲩ"/>
		<feat xlink:href="#sSpan3759" value="ϥ"/>
		<feat xlink:href="#sSpan3761" value="·"/>
		<feat xlink:href="#sSpan3766" value="ⲁⲣⲁ"/>
		<feat xlink:href="#sSpan3770" value="ⲛ̅"/>
		<feat xlink:href="#sSpan3774" value="ⲧ"/>
		<feat xlink:href="#sSpan3778" value="ⲁⲣⲭⲏ"/>
		<feat xlink:href="#sSpan3780" value="·"/>
		<feat xlink:href="#sSpan3784" value="ⲛ̅ⲧ"/>
		<feat xlink:href="#sSpan3788" value="ⲁ"/>
		<feat xlink:href="#sSpan3790" value="ⲕ"/>
		<feat xlink:href="#sSpan3792" value="ⲉⲓ"/>
		<feat xlink:href="#sSpan3795" value="ⲉ"/>
		<feat xlink:href="#sSpan3799" value="ⲡⲉⲓ"/>
		<feat xlink:href="#sSpan3802" value="ⲙⲁ"/>
		<feat xlink:href="#sSpan3805" value="·"/>
		<feat xlink:href="#sSpan3809" value="ⲁ"/>
		<feat xlink:href="#sSpan3813" value="ⲕ"/>
		<feat xlink:href="#sSpan3815" value="ϩⲓⲥⲉ"/>
		<feat xlink:href="#sSpan3817" value="ϫⲓⲛ"/>
		<feat xlink:href="#sSpan3821" value="ⲙ̅"/>
		<feat xlink:href="#sSpan3824" value="ⲡⲉ"/>
		<feat xlink:href="#sSpan3826" value="·"/>
		<feat xlink:href="#sSpan3830" value="ⲡⲉϫⲁ"/>
		<feat xlink:href="#sSpan3836" value="ϥ"/>
		<feat xlink:href="#sSpan3838" value="ⲛⲁ"/>
		<feat xlink:href="#sSpan3842" value="ⲓ"/>
		<feat xlink:href="#sSpan3844" value="ⲛ̅ϭⲓ"/>
		<feat xlink:href="#sSpan3848" value="ⲡ"/>
		<feat xlink:href="#sSpan3851" value="ϩⲗ̅ⲗⲟ"/>
		<feat xlink:href="#sSpan3853" value="ⲙ̅"/>
		<feat xlink:href="#sSpan3859" value="ⲙⲁⲕⲁⲣⲓⲟⲥ"/>
		<feat xlink:href="#sSpan3861" value="·"/>
		<feat xlink:href="#sSpan3865" value="ϫⲉ"/>
		<feat xlink:href="#sSpan3869" value="ⲁ"/>
		<feat xlink:href="#sSpan3871" value="ⲓ"/>
		<feat xlink:href="#sSpan3873" value="ϩⲓⲥⲉ"/>
		<feat xlink:href="#sSpan3875" value="ⲧⲱⲛⲟⲩ"/>
		<feat xlink:href="#sSpan3879" value="·"/>
		<feat xlink:href="#sSpan3883" value="ⲛ̅"/>
		<feat xlink:href="#sSpan3887" value="ⲟⲩ"/>
		<feat xlink:href="#sSpan3890" value="ⲙⲏⲏϣⲉ"/>
		<feat xlink:href="#sSpan3893" value="ⲛ̅"/>
		<feat xlink:href="#sSpan3898" value="ⲥⲟⲡ"/>
		<feat xlink:href="#sSpan3900" value="ⲉⲧⲃⲉ"/>
		<feat xlink:href="#sSpan3904" value="ⲡⲉ"/>
		<feat xlink:href="#sSpan3907" value="ϩⲕⲟ"/>
		<feat xlink:href="#sSpan3909" value="·"/>
		<feat xlink:href="#sSpan3913" value="ⲙⲛ̅"/>
		<feat xlink:href="#sSpan3917" value="ⲡ"/>
		<feat xlink:href="#sSpan3920" value="ⲉⲓⲃⲉ"/>
		<feat xlink:href="#sSpan3922" value="·"/>
		<feat xlink:href="#sSpan3926" value="ⲁⲩⲱ"/>
		<feat xlink:href="#sSpan3930" value="ⲉⲧⲃⲉ"/>
		<feat xlink:href="#sSpan3934" value="ⲡ"/>
		<feat xlink:href="#sSpan3937" value="ⲕⲱϩⲧ̅"/>
		<feat xlink:href="#sSpan3939" value="ⲉⲧ"/>
		<feat xlink:href="#sSpan3944" value="ⲛ̅"/>
		<feat xlink:href="#sSpan3946" value="ⲃⲟⲗ"/>
		<feat xlink:href="#sSpan3948" value="ⲙ̅"/>
		<feat xlink:href="#sSpan3952" value="ⲡⲉ"/>
		<feat xlink:href="#sSpan3955" value="ϩⲟⲟⲩ"/>
		<feat xlink:href="#sSpan3957" value="·"/>
		<feat xlink:href="#sSpan3961" value="ⲙⲛ̅"/>
		<feat xlink:href="#sSpan3965" value="ⲡ"/>
		<feat xlink:href="#sSpan3968" value="ⲛⲟϭ"/>
		<feat xlink:href="#sSpan3970" value="ⲛ̅"/>
		<feat xlink:href="#sSpan3974" value="ϫⲁϥ"/>
		<feat xlink:href="#sSpan3976" value="ⲛ̅"/>
		<feat xlink:href="#sSpan3980" value="ⲧⲉ"/>
		<feat xlink:href="#sSpan3983" value="ⲩϣⲏ"/>
		<feat xlink:href="#sSpan3985" value="·"/>
		<feat xlink:href="#sSpan3989" value="ⲁ"/>
		<feat xlink:href="#sSpan3996" value="ⲛⲁ"/>
		<feat xlink:href="#sSpan4000" value="ⲥⲁⲣⲝ̅"/>
		<feat xlink:href="#sSpan4002" value="ϭⲱϭ"/>
		<feat xlink:href="#sSpan4006" value="ⲉⲃⲟⲗ"/>
		<feat xlink:href="#sSpan4011" value="ϩⲛ̅"/>
		<feat xlink:href="#sSpan4015" value="ⲧ"/>
		<feat xlink:href="#sSpan4018" value="ⲉⲓⲱⲧⲉ"/>
		<feat xlink:href="#sSpan4020" value="ⲛ̅"/>
		<feat xlink:href="#sSpan4024" value="ⲧ"/>
		<feat xlink:href="#sSpan4027" value="ⲡⲉ"/>
		<feat xlink:href="#sSpan4029" value="·"/>
		<feat xlink:href="#sSpan4033" value="ⲛ̅ⲧⲉⲣⲉ"/>
		<feat xlink:href="#sSpan4039" value="ⲡ"/>
		<feat xlink:href="#sSpan4043" value="ⲛⲟⲩⲧⲉ"/>
		<feat xlink:href="#sSpan4046" value="ⲇⲉ"/>
		<feat xlink:href="#sSpan4050" value="ϫⲉ"/>
		<feat xlink:href="#sSpan4054" value="ⲁ"/>
		<feat xlink:href="#sSpan4056" value="ⲓ"/>
		<feat xlink:href="#sSpan4059" value="ϩⲩⲡⲟⲙⲉⲓⲛⲉ"/>
		<feat xlink:href="#sSpan4061" value="ϩⲙ̅"/>
		<feat xlink:href="#sSpan4065" value="ⲡ"/>
		<feat xlink:href="#sSpan4069" value="ⲁⲅⲱⲛ"/>
		<feat xlink:href="#sSpan4071" value="·"/>
		<feat xlink:href="#sSpan4075" value="ⲉⲧ"/>
		<feat xlink:href="#sSpan4079" value="ⲛⲁⲛⲟⲩ"/>
		<feat xlink:href="#sSpan4082" value="ϥ"/>
		<feat xlink:href="#sSpan4084" value="·"/>
		<feat xlink:href="#sSpan4088" value="ⲛ̅"/>
		<feat xlink:href="#sSpan4092" value="ⲧ"/>
		<feat xlink:href="#sSpan4096" value="ⲛⲏⲥϯⲁ"/>
		<feat xlink:href="#sSpan4098" value="·"/>
		<feat xlink:href="#sSpan4102" value="ⲁⲩⲱ"/>
		<feat xlink:href="#sSpan4106" value="ϫⲉ"/>
		<feat xlink:href="#sSpan4110" value="ⲁ"/>
		<feat xlink:href="#sSpan4112" value="ⲓ"/>
		<feat xlink:href="#sSpan4114" value="ϯ"/>
		<feat xlink:href="#sSpan4116" value="ⲙ̅"/>
		<feat xlink:href="#sSpan4120" value="ⲡⲁ"/>
		<feat xlink:href="#sSpan4123" value="ϩⲏⲧ"/>
		<feat xlink:href="#sSpan4125" value="·"/>
		<feat xlink:href="#sSpan4129" value="ⲉ"/>
		<feat xlink:href="#sSpan4133" value="ⲧ"/>
		<feat xlink:href="#sSpan4138" value="ⲁⲥⲕⲏⲥⲓⲥ"/>
		<feat xlink:href="#sSpan4140" value="·"/>
		<feat xlink:href="#sSpan4144" value="ⲁ"/>
		<feat xlink:href="#sSpan4148" value="ϥ"/>
		<feat xlink:href="#sSpan4150" value="ⲧⲣⲉ"/>
		<feat xlink:href="#sSpan4152" value="ⲛ̅"/>
		<feat xlink:href="#sSpan4156" value="ⲁⲅⲅⲉⲗⲟⲥ"/>
		<feat xlink:href="#sSpan4158" value="ⲉⲧ"/>
		<feat xlink:href="#sSpan4162" value="ⲟⲩⲁⲁⲃ"/>
		<feat xlink:href="#sSpan4164" value="ⲇⲓⲁⲕⲱⲛⲉⲓ"/>
		<feat xlink:href="#sSpan4169" value="ⲛⲁ"/>
		<feat xlink:href="#sSpan4175" value="ⲓ"/>
		<feat xlink:href="#sSpan4177" value="·"/>
		<feat xlink:href="#sSpan4181" value="ⲛ̅"/>
		<feat xlink:href="#sSpan4185" value="ⲧⲁ"/>
		<feat xlink:href="#sSpan4189" value="ⲧⲣⲟⲫⲏ"/>
		<feat xlink:href="#sSpan4191" value="ⲙ̅"/>
		<feat xlink:href="#sSpan4195" value="ⲙⲏⲏⲛⲉ"/>
		<feat xlink:href="#sSpan4197" value="·"/>
		<feat xlink:href="#sSpan4201" value="ⲉ"/>
		<feat xlink:href="#sSpan4205" value="ϥ"/>
		<feat xlink:href="#sSpan4207" value="ϯ"/>
		<feat xlink:href="#sSpan4209" value="ⲙ̅ⲙⲟ"/>
		<feat xlink:href="#sSpan4213" value="ⲥ"/>
		<feat xlink:href="#sSpan4215" value="ⲛⲁ"/>
		<feat xlink:href="#sSpan4219" value="ⲓ"/>
		<feat xlink:href="#sSpan4221" value="ⲛ̅"/>
		<feat xlink:href="#sSpan4225" value="ⲧⲉ"/>
		<feat xlink:href="#sSpan4229" value="ⲩϣⲏ"/>
		<feat xlink:href="#sSpan4231" value="·"/>
		<feat xlink:href="#sSpan4235" value="ⲉ"/>
		<feat xlink:href="#sSpan4239" value="ϥ"/>
		<feat xlink:href="#sSpan4241" value="ⲧⲁϩⲟ"/>
		<feat xlink:href="#sSpan4244" value="ⲉⲣⲁⲧ"/>
		<feat xlink:href="#sSpan4248" value="ϥ̅"/>
		<feat xlink:href="#sSpan4250" value="ⲙ̅"/>
		<feat xlink:href="#sSpan4254" value="ⲡⲁ"/>
		<feat xlink:href="#sSpan4258" value="ⲥⲱⲙⲁ"/>
		<feat xlink:href="#sSpan4260" value="·"/>
		<feat xlink:href="#sSpan4264" value="ⲁⲩⲱ"/>
		<feat xlink:href="#sSpan4270" value="ⲛⲉⲣⲉ"/>
		<feat xlink:href="#sSpan4274" value="ϯ"/>
		<feat xlink:href="#sSpan4278" value="ⲃⲛ̅ⲛⲉ"/>
		<feat xlink:href="#sSpan4280" value="·"/>
		<feat xlink:href="#sSpan4284" value="ⲧⲁⲩⲟ"/>
		<feat xlink:href="#sSpan4289" value="ⲉⲃⲟⲗ"/>
		<feat xlink:href="#sSpan4293" value="·"/>
		<feat xlink:href="#sSpan4297" value="ⲛⲁ"/>
		<feat xlink:href="#sSpan4301" value="ⲓ"/>
		<feat xlink:href="#sSpan4303" value="ⲙ̅"/>
		<feat xlink:href="#sSpan4308" value="ⲙⲛⲧ̅ⲥⲛⲟⲟⲩⲥ"/>
		<feat xlink:href="#sSpan4312" value="·"/>
		<feat xlink:href="#sSpan4316" value="ⲛ̅"/>
		<feat xlink:href="#sSpan4320" value="ⲗⲟⲟⲩ"/>
		<feat xlink:href="#sSpan4322" value="ⲧⲉ"/>
		<feat xlink:href="#sSpan4328" value="ⲣⲟⲙⲡⲉ"/>
		<feat xlink:href="#sSpan4331" value="ⲕⲁⲧⲁ"/>
		<feat xlink:href="#sSpan4335" value="ⲉⲃⲟⲧ"/>
		<feat xlink:href="#sSpan4339" value="ⲇⲉ"/>
		<feat xlink:href="#sSpan4343" value="ⲛⲉ"/>
		<feat xlink:href="#sSpan4347" value="ⲓ"/>
		<feat xlink:href="#sSpan4349" value="ⲟⲩⲱⲙ"/>
		<feat xlink:href="#sSpan4351" value="ⲛ̅"/>
		<feat xlink:href="#sSpan4355" value="ⲟⲩ"/>
		<feat xlink:href="#sSpan4358" value="ⲗⲟⲟⲩ"/>
		<feat xlink:href="#sSpan4360" value="·"/>
		<feat xlink:href="#sSpan4364" value="ⲁⲩⲱ"/>
		<feat xlink:href="#sSpan4371" value="ⲟⲛ"/>
		<feat xlink:href="#sSpan4375" value="ⲛ̅"/>
		<feat xlink:href="#sSpan4379" value="ⲕⲉ"/>
		<feat xlink:href="#sSpan4383" value="ⲃⲟⲧⲁⲛⲏ"/>
		<feat xlink:href="#sSpan4385" value="ⲉⲧ"/>
		<feat xlink:href="#sSpan4389" value="ⲣⲏⲧ"/>
		<feat xlink:href="#sSpan4391" value="ϩⲓ"/>
		<feat xlink:href="#sSpan4395" value="ⲡ"/>
		<feat xlink:href="#sSpan4398" value="ⲧⲟⲟⲩ"/>
		<feat xlink:href="#sSpan4400" value="·"/>
		<feat xlink:href="#sSpan4404" value="ⲁ"/>
		<feat xlink:href="#sSpan4408" value="ϥ"/>
		<feat xlink:href="#sSpan4410" value="ⲧⲣⲉ"/>
		<feat xlink:href="#sSpan4412" value="ⲩ"/>
		<feat xlink:href="#sSpan4414" value="ϩⲗⲟϭ"/>
		<feat xlink:href="#sSpan4417" value="ϩⲛ̅"/>
		<feat xlink:href="#sSpan4421" value="ⲧⲁ"/>
		<feat xlink:href="#sSpan4424" value="ⲧⲁⲡⲣⲟ"/>
		<feat xlink:href="#sSpan4426" value="·"/>
		<feat xlink:href="#sSpan4430" value="ⲛ̅"/>
		<feat xlink:href="#sSpan4434" value="ⲑ"/>
		<feat xlink:href="#sSpan4436" value="ⲉ"/>
		<feat xlink:href="#sSpan4438" value="ⲛ̅"/>
		<feat xlink:href="#sSpan4442" value="ⲟⲩ"/>
		<feat xlink:href="#sSpan4446" value="ⲉⲓⲃⲓⲱ"/>
		<feat xlink:href="#sSpan4448" value="·"/>
		<feat xlink:href="#sSpan4452" value="Ϥ"/>
		<feat xlink:href="#sSpan4460" value="ⲥⲏϩ"/>
		<feat xlink:href="#sSpan4463" value="ⲅⲁⲣ"/>
		<feat xlink:href="#sSpan4467" value="ϫⲉ"/>
		<feat xlink:href="#sSpan4471" value="ⲛⲉⲣⲉ"/>
		<feat xlink:href="#sSpan4473" value="ⲡ"/>
		<feat xlink:href="#sSpan4476" value="ⲣⲱⲙⲉ"/>
		<feat xlink:href="#sSpan4478" value="ⲛⲁ"/>
		<feat xlink:href="#sSpan4482" value="ⲱⲛϩ̅"/>
		<feat xlink:href="#sSpan4484" value="ⲁⲛ"/>
		<feat xlink:href="#sSpan4488" value="ⲉ"/>
		<feat xlink:href="#sSpan4492" value="ⲟⲉⲓⲕ"/>
		<feat xlink:href="#sSpan4495" value="ⲙⲁⲩⲁⲁ"/>
		<feat xlink:href="#sSpan4500" value="ϥ"/>
		<feat xlink:href="#sSpan4503" value="ⲁⲗⲗⲁ"/>
		<feat xlink:href="#sSpan4507" value="ⲉ"/>
		<feat xlink:href="#sSpan4511" value="ϣⲁϫⲉ"/>
		<feat xlink:href="#sSpan4514" value="ⲛⲓⲙ"/>
		<feat xlink:href="#sSpan4518" value="ⲉⲧ"/>
		<feat xlink:href="#sSpan4522" value="ⲛⲏⲩ"/>
		<feat xlink:href="#sSpan4525" value="ⲉⲃⲟⲗ"/>
		<feat xlink:href="#sSpan4529" value="ϩⲛ̅"/>
		<feat xlink:href="#sSpan4533" value="ⲧ"/>
		<feat xlink:href="#sSpan4537" value="ⲧⲁⲡⲣⲟ"/>
		<feat xlink:href="#sSpan4539" value="ⲙ̅"/>
		<feat xlink:href="#sSpan4543" value="ⲡ"/>
		<feat xlink:href="#sSpan4546" value="ⲛⲟⲩⲧⲉ"/>
		<feat xlink:href="#sSpan4548" value="·"/>
		<feat xlink:href="#sSpan4552" value="ⲉⲣⲉ"/>
		<feat xlink:href="#sSpan4556" value="ⲡ"/>
		<feat xlink:href="#sSpan4559" value="ⲣⲱⲙⲉ"/>
		<feat xlink:href="#sSpan4561" value="ⲛⲁ"/>
		<feat xlink:href="#sSpan4565" value="ⲱⲛϩ̅"/>
		<feat xlink:href="#sSpan4567" value="ⲉⲣⲟ"/>
		<feat xlink:href="#sSpan4571" value="ⲟⲩ"/>
		<feat xlink:href="#sSpan4573" value="·"/>
		<feat xlink:href="#sSpan4577" value="ⲉⲕϣⲁⲛ"/>
		<feat xlink:href="#sSpan4584" value="ⲣ̅"/>
		<feat xlink:href="#sSpan4586" value="ⲡ"/>
		<feat xlink:href="#sSpan4589" value="ⲟⲩⲱϣ"/>
		<feat xlink:href="#sSpan4591" value="ⲙ̅"/>
		<feat xlink:href="#sSpan4595" value="ⲡ"/>
		<feat xlink:href="#sSpan4598" value="ⲛⲟⲩⲧⲉ"/>
		<feat xlink:href="#sSpan4600" value="ϥ"/>
		<feat xlink:href="#sSpan4604" value="ⲛⲁ"/>
		<feat xlink:href="#sSpan4606" value="ϥⲓ"/>
		<feat xlink:href="#sSpan4608" value="ⲙ̅"/>
		<feat xlink:href="#sSpan4612" value="ⲡⲉⲕ"/>
		<feat xlink:href="#sSpan4615" value="ⲣⲟⲟⲩϣ"/>
		<feat xlink:href="#sSpan4617" value="·"/>
		<feat xlink:href="#sSpan4621" value="ϩⲙ̅"/>
		<feat xlink:href="#sSpan4626" value="ⲙⲁ"/>
		<feat xlink:href="#sSpan4629" value="ⲛⲓⲙ"/>
		<feat xlink:href="#sSpan4633" value="·"/>
		<feat xlink:href="#sSpan4637" value="ⲡⲉϫⲁ"/>
		<feat xlink:href="#sSpan4643" value="ϥ"/>
		<feat xlink:href="#sSpan4646" value="ⲅⲁⲣ"/>
		<feat xlink:href="#sSpan4650" value="ϩⲙ̅"/>
		<feat xlink:href="#sSpan4654" value="ⲡ"/>
		<feat xlink:href="#sSpan4658" value="ⲉⲩⲁⲅⲅⲉⲗⲓⲟⲛ"/>
		<feat xlink:href="#sSpan4660" value="ⲉⲧ"/>
		<feat xlink:href="#sSpan4665" value="ⲟⲩⲁⲁⲃ"/>
		<feat xlink:href="#sSpan4667" value="·"/>
		<feat xlink:href="#sSpan4671" value="ϫⲉ"/>
		<feat xlink:href="#sSpan4675" value="ⲙ̅ⲡⲣ̅"/>
		<feat xlink:href="#sSpan4678" value="ϥⲓⲣⲟⲟⲩϣ"/>
		<feat xlink:href="#sSpan4681" value="ϫⲉ"/>
		<feat xlink:href="#sSpan4685" value="ⲟⲩ"/>
		<feat xlink:href="#sSpan4687" value="ⲡⲉ"/>
		<feat xlink:href="#sSpan4691" value="ⲡ"/>
		<feat xlink:href="#sSpan4696" value="ⲉⲧⲉⲧⲛⲉ"/>
		<feat xlink:href="#sSpan4699" value="ⲟⲩⲟⲙ"/>
		<feat xlink:href="#sSpan4701" value="ϥ̅"/>
		<feat xlink:href="#sSpan4703" value="·"/>
		<feat xlink:href="#sSpan4708" value="ⲏ̅"/>
		<feat xlink:href="#sSpan4712" value="ⲟⲩ"/>
		<feat xlink:href="#sSpan4716" value="ⲡⲉ"/>
		<feat xlink:href="#sSpan4720" value="ⲡ"/>
		<feat xlink:href="#sSpan4725" value="ⲉⲧⲉⲧⲛⲉ"/>
		<feat xlink:href="#sSpan4727" value="ⲥⲟⲟ"/>
		<feat xlink:href="#sSpan4729" value="ϥ"/>
		<feat xlink:href="#sSpan4731" value="·"/>
		<feat xlink:href="#sSpan4736" value="ⲏ̅"/>
		<feat xlink:href="#sSpan4740" value="ⲟⲩ"/>
		<feat xlink:href="#sSpan4744" value="ⲡⲉ"/>
		<feat xlink:href="#sSpan4748" value="ⲡ"/>
		<feat xlink:href="#sSpan4754" value="ⲉⲧⲉⲧⲛⲉ"/>
		<feat xlink:href="#sSpan4756" value="ⲧⲁⲁ"/>
		<feat xlink:href="#sSpan4758" value="ϥ"/>
		<feat xlink:href="#sSpan4760" value="ϩⲓⲱⲧ"/>
		<feat xlink:href="#sSpan4764" value="ⲧⲏⲩⲧⲛ̅"/>
		<feat xlink:href="#sSpan4766" value="·"/>
		<feat xlink:href="#sSpan4770" value="ⲡⲉⲧⲛ̅"/>
		<feat xlink:href="#sSpan4775" value="ⲉⲓⲱⲧ"/>
		<feat xlink:href="#sSpan4777" value="ⲉⲧ"/>
		<feat xlink:href="#sSpan4781" value="ϩⲛ̅"/>
		<feat xlink:href="#sSpan4783" value="ⲙ̅"/>
		<feat xlink:href="#sSpan4787" value="ⲡⲏⲩⲉ"/>
		<feat xlink:href="#sSpan4789" value="·"/>
		<feat xlink:href="#sSpan4793" value="ⲥⲟⲟⲩⲛ"/>
		<feat xlink:href="#sSpan4797" value="ⲙ̅ⲡⲉ"/>
		<feat xlink:href="#sSpan4801" value="ⲧⲉⲧⲛ̅"/>
		<feat xlink:href="#sSpan4804" value="ⲣ̅ⲭⲣⲓⲁ"/>
		<feat xlink:href="#sSpan4808" value="ⲙ̅ⲙⲟ"/>
		<feat xlink:href="#sSpan4812" value="ϥ"/>
		<feat xlink:href="#sSpan4814" value="ⲙ̅ⲡⲁⲧⲉ"/>
		<feat xlink:href="#sSpan4820" value="ⲧⲛ̅"/>
		<feat xlink:href="#sSpan4823" value="ⲁⲓⲧⲉⲓ"/>
		<feat xlink:href="#sSpan4825" value="ⲙ̅ⲙⲟ"/>
		<feat xlink:href="#sSpan4829" value="ϥ"/>
		<feat xlink:href="#sSpan4831" value="·"/>
		<feat xlink:href="#sSpan4835" value="ϣⲓⲛⲉ"/>
		<feat xlink:href="#sSpan4841" value="ⲛ̅ⲧⲟϥ"/>
		<feat xlink:href="#sSpan4845" value="ⲛ̅ⲥⲁ"/>
		<feat xlink:href="#sSpan4849" value="ⲧϥ̅"/>
		<feat xlink:href="#sSpan4853" value="ⲙⲛⲧ̅ⲉⲣⲟ"/>
		<feat xlink:href="#sSpan4856" value="ⲙⲛ̅"/>
		<feat xlink:href="#sSpan4861" value="ⲧϥ̅"/>
		<feat xlink:href="#sSpan4865" value="ⲇⲓⲕⲁⲓⲟⲥⲩⲛⲏ"/>
		<feat xlink:href="#sSpan4867" value="·"/>
		<feat xlink:href="#sSpan4871" value="ⲁⲩⲱ"/>
		<feat xlink:href="#sSpan4877" value="ⲛⲁⲓ"/>
		<feat xlink:href="#sSpan4882" value="ⲥⲉ"/>
		<feat xlink:href="#sSpan4886" value="ⲛⲁ"/>
		<feat xlink:href="#sSpan4888" value="ⲟⲩⲟϩ"/>
		<feat xlink:href="#sSpan4890" value="ⲟⲩ"/>
		<feat xlink:href="#sSpan4892" value="ⲉⲣⲱ"/>
		<feat xlink:href="#sSpan4897" value="ⲧⲉⲛ"/>
		<feat xlink:href="#sSpan4899" value="·"/>
		<feat xlink:href="#sSpan4903" value="Ⲛⲁⲓ"/>
		<feat xlink:href="#sSpan4911" value="ⲇⲉ"/>
		<feat xlink:href="#sSpan4915" value="ⲛ̅ⲧⲉⲣ"/>
		<feat xlink:href="#sSpan4919" value="ⲉⲓ"/>
		<feat xlink:href="#sSpan4921" value="ⲥⲱⲧⲙ̅"/>
		<feat xlink:href="#sSpan4923" value="ⲉⲣⲟ"/>
		<feat xlink:href="#sSpan4927" value="ⲟⲩ"/>
		<feat xlink:href="#sSpan4929" value="·"/>
		<feat xlink:href="#sSpan4933" value="ⲁ"/>
		<feat xlink:href="#sSpan4937" value="ⲓ"/>
		<feat xlink:href="#sSpan4940" value="ⲣ̅ϣⲡⲏⲣⲉ"/>
		<feat xlink:href="#sSpan4943" value="ⲉⲙⲁⲧⲉ"/>
		<feat xlink:href="#sSpan4948" value="·"/>
		<feat xlink:href="#sSpan4952" value="ⲡⲉϫⲁ"/>
		<feat xlink:href="#sSpan4956" value="ⲓ"/>
		<feat xlink:href="#sSpan4958" value="ⲛⲁ"/>
		<feat xlink:href="#sSpan4962" value="ϥ"/>
		<feat xlink:href="#sSpan4964" value="ϫⲉ"/>
		<feat xlink:href="#sSpan4969" value="ⲱ̅"/>
		<feat xlink:href="#sSpan4971" value="ⲡⲁ"/>
		<feat xlink:href="#sSpan4976" value="ⲉⲓⲱⲧ"/>
		<feat xlink:href="#sSpan4978" value="ⲉⲧ"/>
		<feat xlink:href="#sSpan4982" value="ⲟⲩⲁⲁⲃ"/>
		<feat xlink:href="#sSpan4984" value="·"/>
		<feat xlink:href="#sSpan4988" value="ⲉ"/>
		<feat xlink:href="#sSpan4993" value="ϣⲁ"/>
		<feat xlink:href="#sSpan4995" value="ⲕ"/>
		<feat xlink:href="#sSpan4998" value="ⲥⲩⲛⲁⲅⲉ"/>
		<feat xlink:href="#sSpan5000" value="ⲧⲱⲛ"/>
		<feat xlink:href="#sSpan5004" value="ⲙ̅"/>
		<feat xlink:href="#sSpan5008" value="ⲡ"/>
		<feat xlink:href="#sSpan5012" value="ⲥⲁⲃⲃⲁⲧⲟⲛ"/>
		<feat xlink:href="#sSpan5014" value="ⲙⲛ̅"/>
		<feat xlink:href="#sSpan5018" value="ⲧ"/>
		<feat xlink:href="#sSpan5022" value="ⲕⲩⲣⲓⲁⲕⲏ"/>
		<feat xlink:href="#sSpan5024" value="·"/>
		<feat xlink:href="#sSpan5028" value="ⲛ̅ⲧⲟϥ"/>
		<feat xlink:href="#sSpan5036" value="ⲇⲉ"/>
		<feat xlink:href="#sSpan5040" value="ⲡⲉϫⲁ"/>
		<feat xlink:href="#sSpan5044" value="ϥ"/>
		<feat xlink:href="#sSpan5046" value="ⲛⲁ"/>
		<feat xlink:href="#sSpan5050" value="ⲓ"/>
		<feat xlink:href="#sSpan5052" value="ϫⲉ"/>
		<feat xlink:href="#sSpan5057" value="ⲱ̅"/>
		<feat xlink:href="#sSpan5059" value="ⲡⲁ"/>
		<feat xlink:href="#sSpan5064" value="ⲉⲓⲱⲧ"/>
		<feat xlink:href="#sSpan5066" value="ⲉⲧ"/>
		<feat xlink:href="#sSpan5070" value="ⲟⲩⲁⲁⲃ"/>
		<feat xlink:href="#sSpan5072" value="·"/>
		<feat xlink:href="#sSpan5076" value="ϥ"/>
		<feat xlink:href="#sSpan5083" value="ⲛⲏⲩ"/>
		<feat xlink:href="#sSpan5085" value="ⲛ̅ϭⲓ"/>
		<feat xlink:href="#sSpan5089" value="ⲟⲩ"/>
		<feat xlink:href="#sSpan5093" value="ⲁⲅⲅⲉⲗⲟⲥ"/>
		<feat xlink:href="#sSpan5095" value="·"/>
		<feat xlink:href="#sSpan5099" value="ⲛ̅ⲧⲉ"/>
		<feat xlink:href="#sSpan5103" value="ⲡ"/>
		<feat xlink:href="#sSpan5106" value="ⲛⲟⲩⲧⲉ"/>
		<feat xlink:href="#sSpan5108" value="·"/>
		<feat xlink:href="#sSpan5112" value="ⲉ"/>
		<feat xlink:href="#sSpan5116" value="ϥ"/>
		<feat xlink:href="#sSpan5119" value="ⲥⲩⲛⲁⲅⲉ"/>
		<feat xlink:href="#sSpan5122" value="ⲙ̅ⲙⲟ"/>
		<feat xlink:href="#sSpan5126" value="ⲓ"/>
		<feat xlink:href="#sSpan5128" value="ⲙ̅"/>
		<feat xlink:href="#sSpan5132" value="ⲡ"/>
		<feat xlink:href="#sSpan5136" value="ⲥⲁⲃⲃⲁⲧⲟⲛ"/>
		<feat xlink:href="#sSpan5138" value="ⲙⲛ̅"/>
		<feat xlink:href="#sSpan5142" value="ⲧ"/>
		<feat xlink:href="#sSpan5146" value="ⲕⲩⲣⲓⲁⲕⲏ"/>
		<feat xlink:href="#sSpan5148" value="·"/>
		<feat xlink:href="#sSpan5152" value="ⲁⲩⲱ"/>
		<feat xlink:href="#sSpan5156" value="ⲟⲩⲟⲛ"/>
		<feat xlink:href="#sSpan5163" value="ⲛⲓⲙ"/>
		<feat xlink:href="#sSpan5167" value="ⲉ"/>
		<feat xlink:href="#sSpan5171" value="ϥ"/>
		<feat xlink:href="#sSpan5173" value="ϩⲙ̅"/>
		<feat xlink:href="#sSpan5175" value="ⲡ"/>
		<feat xlink:href="#sSpan5178" value="ϫⲁⲓⲉ"/>
		<feat xlink:href="#sSpan5180" value="·"/>
		<feat xlink:href="#sSpan5184" value="ⲉⲧ"/>
		<feat xlink:href="#sSpan5188" value="ⲡⲟⲗⲩⲧⲉⲩⲉ"/>
		<feat xlink:href="#sSpan5190" value="ⲉⲧⲃⲉ"/>
		<feat xlink:href="#sSpan5194" value="ⲡ"/>
		<feat xlink:href="#sSpan5198" value="ⲛⲟⲩⲧⲉ"/>
		<feat xlink:href="#sSpan5200" value="·"/>
		<feat xlink:href="#sSpan5204" value="ⲁⲩⲱ"/>
		<feat xlink:href="#sSpan5208" value="ⲉ"/>
		<feat xlink:href="#sSpan5212" value="ⲧⲙ̅"/>
		<feat xlink:href="#sSpan5214" value="ⲛⲁⲩ"/>
		<feat xlink:href="#sSpan5216" value="ⲉ"/>
		<feat xlink:href="#sSpan5221" value="ⲣⲱⲙⲉ"/>
		<feat xlink:href="#sSpan5223" value="·"/>
		<feat xlink:href="#sSpan5227" value="ϥ"/>
		<feat xlink:href="#sSpan5233" value="ⲛⲏⲩ"/>
		<feat xlink:href="#sSpan5235" value="ⲛ̅ϭⲓ"/>
		<feat xlink:href="#sSpan5239" value="ⲟⲩ"/>
		<feat xlink:href="#sSpan5244" value="ⲁⲅⲅⲉⲗⲟⲥ"/>
		<feat xlink:href="#sSpan5246" value="·"/>
		<feat xlink:href="#sSpan5250" value="ⲛ"/>
		<feat xlink:href="#sSpan5254" value="ϥ̅"/>
		<feat xlink:href="#sSpan5257" value="ⲥⲩⲛⲁⲅⲉ"/>
		<feat xlink:href="#sSpan5259" value="ⲙ̅ⲙⲟ"/>
		<feat xlink:href="#sSpan5263" value="ⲩ"/>
		<feat xlink:href="#sSpan5265" value="·"/>
		<feat xlink:href="#sSpan5269" value="ⲁⲩⲱ"/>
		<feat xlink:href="#sSpan5273" value="ⲛ"/>
		<feat xlink:href="#sSpan5277" value="ϥ̅"/>
		<feat xlink:href="#sSpan5279" value="ⲥⲗ̅ⲥⲱⲗ"/>
		<feat xlink:href="#sSpan5282" value="ⲟⲩ"/>
		<feat xlink:href="#sSpan5284" value="·"/>
		<feat xlink:href="#sSpan5288" value="Ⲉⲩϣⲁⲛ"/>
		<feat xlink:href="#sSpan5297" value="ⲉⲡⲉⲓⲑⲩⲙⲉⲓ"/>
		<feat xlink:href="#sSpan5300" value="ⲇⲉ"/>
		<feat xlink:href="#sSpan5304" value="ⲟⲛ"/>
		<feat xlink:href="#sSpan5308" value="ⲉ"/>
		<feat xlink:href="#sSpan5312" value="ⲛⲁⲩ"/>
		<feat xlink:href="#sSpan5314" value="ⲉ"/>
		<feat xlink:href="#sSpan5318" value="ⲣⲱⲙⲉ"/>
		<feat xlink:href="#sSpan5321" value="·"/>
		<feat xlink:href="#sSpan5325" value="ϣⲁ"/>
		<feat xlink:href="#sSpan5329" value="ⲩ"/>
		<feat xlink:href="#sSpan5332" value="ⲁⲛⲁⲗⲁⲙⲃⲁⲛⲉ"/>
		<feat xlink:href="#sSpan5335" value="ⲙ̅ⲙⲟ"/>
		<feat xlink:href="#sSpan5339" value="ⲟⲩ"/>
		<feat xlink:href="#sSpan5341" value="·"/>
		<feat xlink:href="#sSpan5345" value="ⲉ"/>
		<feat xlink:href="#sSpan5349" value="ⲛ"/>
		<feat xlink:href="#sSpan5352" value="ⲉⲡⲟⲩⲣⲁⲛⲓⲟⲛ"/>
		<feat xlink:href="#sSpan5354" value="·"/>
		<feat xlink:href="#sSpan5358" value="ⲛ̅"/>
		<feat xlink:href="#sSpan5362" value="ⲥⲉ"/>
		<feat xlink:href="#sSpan5364" value="ⲛⲁⲩ"/>
		<feat xlink:href="#sSpan5366" value="ⲉ"/>
		<feat xlink:href="#sSpan5370" value="ⲛ"/>
		<feat xlink:href="#sSpan5374" value="ⲉⲧ"/>
		<feat xlink:href="#sSpan5376" value="ⲟⲩⲁⲁⲃ"/>
		<feat xlink:href="#sSpan5378" value="ⲧⲏⲣ"/>
		<feat xlink:href="#sSpan5382" value="ⲟⲩ"/>
		<feat xlink:href="#sSpan5384" value="·"/>
		<feat xlink:href="#sSpan5388" value="ⲛ̅"/>
		<feat xlink:href="#sSpan5392" value="ⲥⲉ"/>
		<feat xlink:href="#sSpan5395" value="ⲁⲥⲡⲁⲍⲉ"/>
		<feat xlink:href="#sSpan5397" value="ⲙ̅ⲙⲟ"/>
		<feat xlink:href="#sSpan5401" value="ⲟⲩ"/>
		<feat xlink:href="#sSpan5403" value="ⲛ̅ⲧⲉ"/>
		<feat xlink:href="#sSpan5407" value="ⲡⲉⲩ"/>
		<feat xlink:href="#sSpan5411" value="ϩⲏⲧ"/>
		<feat xlink:href="#sSpan5414" value="·"/>
		<feat xlink:href="#sSpan5418" value="ϫⲓ"/>
		<feat xlink:href="#sSpan5422" value="ⲟⲩⲟⲉⲓⲛ"/>
		<feat xlink:href="#sSpan5425" value="ⲛ̅"/>
		<feat xlink:href="#sSpan5429" value="ⲥⲉ"/>
		<feat xlink:href="#sSpan5431" value="ⲟⲩⲣⲟⲧ"/>
		<feat xlink:href="#sSpan5433" value="ⲁⲩⲱ"/>
		<feat xlink:href="#sSpan5437" value="ⲛ̅"/>
		<feat xlink:href="#sSpan5441" value="ⲥⲉ"/>
		<feat xlink:href="#sSpan5444" value="ⲉⲩⲫⲣⲁⲛⲉ"/>
		<feat xlink:href="#sSpan5447" value="ⲙ̅ⲙⲟ"/>
		<feat xlink:href="#sSpan5451" value="ⲟⲩ"/>
		<feat xlink:href="#sSpan5453" value="·"/>
		<feat xlink:href="#sSpan5457" value="ⲙⲛ̅"/>
		<feat xlink:href="#sSpan5461" value="ⲡ"/>
		<feat xlink:href="#sSpan5464" value="ⲛⲟⲩⲧⲉ"/>
		<feat xlink:href="#sSpan5466" value="ϩⲛ̅"/>
		<feat xlink:href="#sSpan5470" value="ⲛ̅"/>
		<feat xlink:href="#sSpan5474" value="ⲁⲅⲁⲑⲟⲛ"/>
		<feat xlink:href="#sSpan5476" value="ⲉⲧ"/>
		<feat xlink:href="#sSpan5480" value="ⲙ̅ⲙⲁⲩ"/>
		<feat xlink:href="#sSpan5483" value="·"/>
		<feat xlink:href="#sSpan5487" value="ⲉⲩϣⲁⲛ"/>
		<feat xlink:href="#sSpan5493" value="ⲛⲁⲩ"/>
		<feat xlink:href="#sSpan5496" value="ⲇⲉ"/>
		<feat xlink:href="#sSpan5500" value="ⲉⲣⲟ"/>
		<feat xlink:href="#sSpan5504" value="ⲟⲩ"/>
		<feat xlink:href="#sSpan5506" value="ϣⲁ"/>
		<feat xlink:href="#sSpan5510" value="ⲩ"/>
		<feat xlink:href="#sSpan5512" value="ⲥⲟⲗⲥⲗ̅"/>
		<feat xlink:href="#sSpan5514" value="ⲛ̅"/>
		<feat xlink:href="#sSpan5518" value="ⲥⲉ"/>
		<feat xlink:href="#sSpan5520" value="ⲣ̅"/>
		<feat xlink:href="#sSpan5523" value="ⲡ"/>
		<feat xlink:href="#sSpan5526" value="ⲱⲃϣ̅"/>
		<feat xlink:href="#sSpan5528" value="ϫⲉ"/>
		<feat xlink:href="#sSpan5532" value="ⲁ"/>
		<feat xlink:href="#sSpan5534" value="ⲩ"/>
		<feat xlink:href="#sSpan5536" value="ϣⲡ̅"/>
		<feat xlink:href="#sSpan5538" value="ϩⲓⲥⲉ"/>
		<feat xlink:href="#sSpan5543" value="ⲉ"/>
		<feat xlink:href="#sSpan5547" value="ⲡ"/>
		<feat xlink:href="#sSpan5550" value="ⲧⲏⲣϥ̅"/>
		<feat xlink:href="#sSpan5553" value="·"/>
		<feat xlink:href="#sSpan5557" value="ⲙⲛ̅ⲛ̅ⲥⲱ"/>
		<feat xlink:href="#sSpan5561" value="ⲥ"/>
		<feat xlink:href="#sSpan5563" value="ⲟⲛ"/>
		<feat xlink:href="#sSpan5567" value="ⲛ̅"/>
		<feat xlink:href="#sSpan5571" value="ⲥⲉ"/>
		<feat xlink:href="#sSpan5575" value="ⲕⲟⲧ"/>
		<feat xlink:href="#sSpan5577" value="ⲟⲩ"/>
		<feat xlink:href="#sSpan5579" value="ⲉ"/>
		<feat xlink:href="#sSpan5583" value="ⲛⲉⲩ"/>
		<feat xlink:href="#sSpan5587" value="ⲥⲱⲙⲁ"/>
		<feat xlink:href="#sSpan5589" value="·"/>
		<feat xlink:href="#sSpan5593" value="ⲛ̅"/>
		<feat xlink:href="#sSpan5597" value="ⲥⲉ"/>
		<feat xlink:href="#sSpan5599" value="ϭⲱ"/>
		<feat xlink:href="#sSpan5602" value="ⲉ"/>
		<feat xlink:href="#sSpan5606" value="ⲩ"/>
		<feat xlink:href="#sSpan5608" value="ⲥⲗ̅ⲥⲱⲗ"/>
		<feat xlink:href="#sSpan5610" value="ⲛ̅"/>
		<feat xlink:href="#sSpan5614" value="ⲟⲩ"/>
		<feat xlink:href="#sSpan5617" value="ⲙⲏⲏϣⲉ"/>
		<feat xlink:href="#sSpan5621" value="ⲛ̅"/>
		<feat xlink:href="#sSpan5625" value="ⲟⲩⲟⲉⲓϣ"/>
		<feat xlink:href="#sSpan5627" value="·"/>
		<feat xlink:href="#sSpan5631" value="ⲉϣϫⲉ"/>
		<feat xlink:href="#sSpan5637" value="ⲛⲧ"/>
		<feat xlink:href="#sSpan5641" value="ⲁ"/>
		<feat xlink:href="#sSpan5643" value="ⲩ"/>
		<feat xlink:href="#sSpan5645" value="ⲡⲱⲱⲛⲉ"/>
		<feat xlink:href="#sSpan5648" value="ⲉ"/>
		<feat xlink:href="#sSpan5652" value="ⲡ"/>
		<feat xlink:href="#sSpan5655" value="ⲕⲉ"/>
		<feat xlink:href="#sSpan5658" value="ⲁⲓⲱⲛ"/>
		<feat xlink:href="#sSpan5661" value="ϩⲓ̅ⲧⲙ̅"/>
		<feat xlink:href="#sSpan5665" value="ⲡ"/>
		<feat xlink:href="#sSpan5668" value="ⲟⲩⲣⲟⲧ"/>
		<feat xlink:href="#sSpan5670" value="ⲛ̅ⲧ"/>
		<feat xlink:href="#sSpan5674" value="ⲁ"/>
		<feat xlink:href="#sSpan5676" value="ⲩ"/>
		<feat xlink:href="#sSpan5678" value="ⲛⲁⲩ"/>
		<feat xlink:href="#sSpan5680" value="ⲉⲣⲟ"/>
		<feat xlink:href="#sSpan5684" value="ϥ"/>
		<feat xlink:href="#sSpan5686" value="·"/>
		<feat xlink:href="#sSpan5690" value="ⲙⲉ"/>
		<feat xlink:href="#sSpan5694" value="ⲩ"/>
		<feat xlink:href="#sSpan5696" value="ⲣ̅"/>
		<feat xlink:href="#sSpan5698" value="ⲡ"/>
		<feat xlink:href="#sSpan5701" value="ⲙⲉⲉⲩⲉ"/>
		<feat xlink:href="#sSpan5703" value="ⲣⲱ"/>
		<feat xlink:href="#sSpan5707" value="ϫⲉ"/>
		<feat xlink:href="#sSpan5711" value="ⲟⲩⲛ̅"/>
		<feat xlink:href="#sSpan5714" value="ⲕⲟⲥⲙⲟⲥ"/>
		<feat xlink:href="#sSpan5717" value="·"/>
		<feat xlink:href="#sSpan5721" value="ϣⲟⲟⲡ"/>
		<feat xlink:href="#sSpan5725" value="·"/>
		<feat xlink:href="#sSpan5729" value="ⲛ̅ⲧⲉⲣ"/>
		<feat xlink:href="#sSpan5735" value="ⲉⲓ"/>
		<feat xlink:href="#sSpan5738" value="ⲥⲱⲧⲙ̅"/>
		<feat xlink:href="#sSpan5741" value="ⲇⲉ"/>
		<feat xlink:href="#sSpan5745" value="ⲁ"/>
		<feat xlink:href="#sSpan5749" value="ⲓ"/>
		<feat xlink:href="#sSpan5751" value="ⲣⲁϣⲉ"/>
		<feat xlink:href="#sSpan5753" value="ⲉⲙⲁⲧⲉ"/>
		<feat xlink:href="#sSpan5757" value="ϫⲉ"/>
		<feat xlink:href="#sSpan5761" value="ⲁ"/>
		<feat xlink:href="#sSpan5763" value="ⲓ"/>
		<feat xlink:href="#sSpan5765" value="ⲣ̅"/>
		<feat xlink:href="#sSpan5767" value="ⲡ"/>
		<feat xlink:href="#sSpan5770" value="ⲙ̅ⲡϣⲁ"/>
		<feat xlink:href="#sSpan5772" value="ⲛ̅"/>
		<feat xlink:href="#sSpan5776" value="ⲥⲱⲧⲙ̅"/>
		<feat xlink:href="#sSpan5780" value="ⲉ"/>
		<feat xlink:href="#sSpan5784" value="ⲛⲁⲓ"/>
		<feat xlink:href="#sSpan5787" value="ⲉⲃⲟⲗ"/>
		<feat xlink:href="#sSpan5792" value="ϩⲓⲧⲟ̅ⲟⲧ"/>
		<feat xlink:href="#sSpan5796" value="ϥ̅"/>
		<feat xlink:href="#sSpan5798" value="·"/>
		<feat xlink:href="#sSpan5802" value="ⲁⲩⲱ"/>
		<feat xlink:href="#sSpan5808" value="ⲁ"/>
		<feat xlink:href="#sSpan5812" value="ⲓ"/>
		<feat xlink:href="#sSpan5814" value="ⲣ̅"/>
		<feat xlink:href="#sSpan5817" value="ⲡ"/>
		<feat xlink:href="#sSpan5819" value="ⲱⲃϣ̅"/>
		<feat xlink:href="#sSpan5821" value="ⲛ̅"/>
		<feat xlink:href="#sSpan5825" value="ⲛⲁ"/>
		<feat xlink:href="#sSpan5829" value="ϩⲓⲥⲉ"/>
		<feat xlink:href="#sSpan5831" value="ⲧⲏⲣ"/>
		<feat xlink:href="#sSpan5835" value="ⲟⲩ"/>
		<feat xlink:href="#sSpan5837" value="ⲛ̅ⲧ"/>
		<feat xlink:href="#sSpan5841" value="ⲁ"/>
		<feat xlink:href="#sSpan5843" value="ⲓ"/>
		<feat xlink:href="#sSpan5845" value="ϣⲟⲡ"/>
		<feat xlink:href="#sSpan5847" value="ⲟⲩ"/>
		<feat xlink:href="#sSpan5849" value="·"/>
		<feat xlink:href="#sSpan5853" value="ⲉ"/>
		<feat xlink:href="#sSpan5857" value="ⲓ"/>
		<feat xlink:href="#sSpan5859" value="ⲙⲟⲟϣⲉ"/>
		<feat xlink:href="#sSpan5862" value="ϩⲛ̅"/>
		<feat xlink:href="#sSpan5866" value="ⲛ̅"/>
		<feat xlink:href="#sSpan5869" value="ⲧⲟⲟⲩ"/>
		<feat xlink:href="#sSpan5871" value="·"/>
		<feat xlink:href="#sSpan5875" value="ⲁ"/>
		<feat xlink:href="#sSpan5882" value="ⲩ"/>
		<feat xlink:href="#sSpan5885" value="ϭⲟⲙ"/>
		<feat xlink:href="#sSpan5887" value="ⲉⲓ"/>
		<feat xlink:href="#sSpan5892" value="ⲉ"/>
		<feat xlink:href="#sSpan5896" value="ⲡⲁ"/>
		<feat xlink:href="#sSpan5900" value="ⲥⲱⲙⲁ"/>
		<feat xlink:href="#sSpan5902" value="·"/>
		<feat xlink:href="#sSpan5906" value="ⲁⲩⲱ"/>
		<feat xlink:href="#sSpan5912" value="ⲁ"/>
		<feat xlink:href="#sSpan5916" value="ⲩ"/>
		<feat xlink:href="#sSpan5920" value="ⲙⲛ̅ⲧ̅ⲃⲣ̅ⲣⲉ"/>
		<feat xlink:href="#sSpan5923" value="ⲉⲓ"/>
		<feat xlink:href="#sSpan5928" value="ⲉ"/>
		<feat xlink:href="#sSpan5932" value="ⲡⲁ"/>
		<feat xlink:href="#sSpan5937" value="ⲥⲱⲙⲁ"/>
		<feat xlink:href="#sSpan5939" value="ⲙⲛ̅"/>
		<feat xlink:href="#sSpan5943" value="ⲧⲁ"/>
		<feat xlink:href="#sSpan5947" value="ⲯⲩⲭⲏ"/>
		<feat xlink:href="#sSpan5949" value="·"/>
		<feat xlink:href="#sSpan5953" value="ⲡⲉϫⲁ"/>
		<feat xlink:href="#sSpan5959" value="ⲓ"/>
		<feat xlink:href="#sSpan5962" value="ⲇⲉ"/>
		<feat xlink:href="#sSpan5966" value="ⲛⲁ"/>
		<feat xlink:href="#sSpan5970" value="ϥ"/>
		<feat xlink:href="#sSpan5973" value="ⲇⲉ"/>
		<feat xlink:href="#sSpan5978" value="ⲛ̅ⲁⲓⲁⲁⲧ"/>
		<feat xlink:href="#sSpan5984" value="ⲁⲛⲟⲕ"/>
		<feat xlink:href="#sSpan5988" value="ϫⲉ"/>
		<feat xlink:href="#sSpan5992" value="ⲁ"/>
		<feat xlink:href="#sSpan5994" value="ⲓ"/>
		<feat xlink:href="#sSpan5996" value="ⲙ̅ⲡϣⲁ"/>
		<feat xlink:href="#sSpan5998" value="ⲛ̅"/>
		<feat xlink:href="#sSpan6002" value="ⲛⲁⲩ"/>
		<feat xlink:href="#sSpan6005" value="ⲉ"/>
		<feat xlink:href="#sSpan6009" value="ⲡⲉⲕ"/>
		<feat xlink:href="#sSpan6012" value="ϩⲟ"/>
		<feat xlink:href="#sSpan6014" value="ⲉⲧ"/>
		<feat xlink:href="#sSpan6018" value="ⲟⲩⲁⲁⲃ"/>
		<feat xlink:href="#sSpan6020" value="·"/>
		<feat xlink:href="#sSpan6024" value="ⲁⲩⲱ"/>
		<feat xlink:href="#sSpan6029" value="ⲁ"/>
		<feat xlink:href="#sSpan6033" value="ⲓ"/>
		<feat xlink:href="#sSpan6035" value="ⲙ̅ⲡϣⲁ"/>
		<feat xlink:href="#sSpan6037" value="ⲛ̅"/>
		<feat xlink:href="#sSpan6041" value="ⲥⲱⲧⲙ̅"/>
		<feat xlink:href="#sSpan6044" value="ⲉ"/>
		<feat xlink:href="#sSpan6048" value="ⲛⲉⲕ"/>
		<feat xlink:href="#sSpan6051" value="ϣⲁϫⲉ"/>
		<feat xlink:href="#sSpan6053" value="ⲉⲧ"/>
		<feat xlink:href="#sSpan6057" value="ϩⲟⲗϭ̅"/>
		<feat xlink:href="#sSpan6059" value="·"/>
		<feat xlink:href="#sSpan6063" value="ⲡⲉϫⲁ"/>
		<feat xlink:href="#sSpan6070" value="ϥ"/>
		<feat xlink:href="#sSpan6072" value="ϭⲉ"/>
		<feat xlink:href="#sSpan6076" value="ⲛⲁ"/>
		<feat xlink:href="#sSpan6081" value="ⲓ"/>
		<feat xlink:href="#sSpan6083" value="·"/>
		<feat xlink:href="#sSpan6087" value="ϫⲉ"/>
		<feat xlink:href="#sSpan6091" value="ⲧⲱⲟⲩⲛ"/>
		<feat xlink:href="#sSpan6093" value="ⲡⲁ"/>
		<feat xlink:href="#sSpan6097" value="ⲥⲟⲛ"/>
		<feat xlink:href="#sSpan6100" value="·"/>
		<feat xlink:href="#sSpan6104" value="ⲛ̅"/>
		<feat xlink:href="#sSpan6108" value="ⲧⲛ̅"/>
		<feat xlink:href="#sSpan6110" value="ⲃⲱⲕ"/>
		<feat xlink:href="#sSpan6113" value="ⲉ"/>
		<feat xlink:href="#sSpan6118" value="ⲡ"/>
		<feat xlink:href="#sSpan6121" value="ⲙⲁ"/>
		<feat xlink:href="#sSpan6123" value="ⲉ"/>
		<feat xlink:href="#sSpan6127" value="ⲛ"/>
		<feat xlink:href="#sSpan6129" value="ⲉⲛϩⲏⲧ"/>
		<feat xlink:href="#sSpan6131" value="ϥ̅"/>
		<feat xlink:href="#sSpan6133" value="·"/>
		<feat xlink:href="#sSpan6137" value="ⲁ"/>
		<feat xlink:href="#sSpan6143" value="ⲛ"/>
		<feat xlink:href="#sSpan6145" value="ⲧⲱⲟⲩⲛ"/>
		<feat xlink:href="#sSpan6147" value="·"/>
		<feat xlink:href="#sSpan6151" value="ⲁ"/>
		<feat xlink:href="#sSpan6157" value="ⲛ"/>
		<feat xlink:href="#sSpan6159" value="ⲙⲟⲟϣⲉ"/>
		<feat xlink:href="#sSpan6162" value="ⲙⲛ̅"/>
		<feat xlink:href="#sSpan6166" value="ⲛⲉⲛ"/>
		<feat xlink:href="#sSpan6169" value="ⲉⲣⲏⲩ"/>
		<feat xlink:href="#sSpan6171" value="·"/>
		<feat xlink:href="#sSpan6175" value="ⲙ̅"/>
		<feat xlink:href="#sSpan6179" value="ⲙⲏⲗⲓⲟⲛ"/>
		<feat xlink:href="#sSpan6182" value="ⲥⲛⲁⲩ"/>
		<feat xlink:href="#sSpan6187" value="ⲏ̅"/>
		<feat xlink:href="#sSpan6191" value="ϣⲟⲙⲛ̅ⲧ̅"/>
		<feat xlink:href="#sSpan6195" value="·"/>
		<feat xlink:href="#sSpan6199" value="ⲟⲩ"/>
		<feat xlink:href="#sSpan6204" value="ϣⲡⲏⲣⲉ"/>
		<feat xlink:href="#sSpan6206" value="ⲉⲙⲁⲧⲉ"/>
		<feat xlink:href="#sSpan6211" value="·"/>
		<feat xlink:href="#sSpan6215" value="ⲧⲉ"/>
		<feat xlink:href="#sSpan6219" value="ⲧⲉ"/>
		<feat xlink:href="#sSpan6224" value="ϣⲡⲏⲣⲉ"/>
		<feat xlink:href="#sSpan6226" value="ⲙ̅"/>
		<feat xlink:href="#sSpan6230" value="ⲡⲉⲓ"/>
		<feat xlink:href="#sSpan6233" value="ϩⲗ̅ⲗⲟ"/>
		<feat xlink:href="#sSpan6235" value="ⲙ̅"/>
		<feat xlink:href="#sSpan6240" value="ⲙⲁⲕⲁⲣⲓⲟⲥ"/>
		<feat xlink:href="#sSpan6242" value="·"/>
		<feat xlink:href="#sSpan6246" value="ⲁⲩⲱ"/>
		<feat xlink:href="#sSpan6251" value="ⲛ̅"/>
		<feat xlink:href="#sSpan6256" value="ⲁⲑⲗⲓⲧⲏⲥ"/>
		<feat xlink:href="#sSpan6258" value="ⲛ̅"/>
		<feat xlink:href="#sSpan6262" value="ⲙⲟⲟϣⲉ"/>
		<feat xlink:href="#sSpan6265" value="ⲇⲉ"/>
		<feat xlink:href="#sSpan6269" value="·"/>
		<feat xlink:href="#sSpan6273" value="ⲁ"/>
		<feat xlink:href="#sSpan6277" value="ⲛ"/>
		<feat xlink:href="#sSpan6279" value="ⲉⲓ"/>
		<feat xlink:href="#sSpan6282" value="ⲉϫⲛ̅"/>
		<feat xlink:href="#sSpan6286" value="ⲟⲩ"/>
		<feat xlink:href="#sSpan6289" value="ⲕⲁⲗⲏⲃⲉ"/>
		<feat xlink:href="#sSpan6292" value="·"/>
		<feat xlink:href="#sSpan6296" value="ⲛ̅ⲧⲉⲣ"/>
		<feat xlink:href="#sSpan6302" value="ⲛ̅"/>
		<feat xlink:href="#sSpan6304" value="ⲃⲱⲕ"/>
		<feat xlink:href="#sSpan6307" value="ⲇⲉ"/>
		<feat xlink:href="#sSpan6311" value="ⲉϩⲟⲩⲛ"/>
		<feat xlink:href="#sSpan6315" value="ⲉ"/>
		<feat xlink:href="#sSpan6319" value="ⲧ"/>
		<feat xlink:href="#sSpan6322" value="ⲕⲁⲗⲩⲃⲉ"/>
		<feat xlink:href="#sSpan6324" value="ⲁ"/>
		<feat xlink:href="#sSpan6328" value="ϥ"/>
		<feat xlink:href="#sSpan6330" value="ⲁϩⲉ"/>
		<feat xlink:href="#sSpan6332" value="ⲣⲁⲧ"/>
		<feat xlink:href="#sSpan6335" value="ϥ̅"/>
		<feat xlink:href="#sSpan6337" value="ⲁ"/>
		<feat xlink:href="#sSpan6341" value="ϥ"/>
		<feat xlink:href="#sSpan6343" value="ϣⲗⲏⲗ"/>
		<feat xlink:href="#sSpan6345" value="ⲛⲙ̅ⲙⲁ"/>
		<feat xlink:href="#sSpan6349" value="ⲓ"/>
		<feat xlink:href="#sSpan6351" value="·"/></featList></paula>