<?xml version='1.0' encoding='UTF-8'?><!DOCTYPE paula SYSTEM "paula_rel.dtd">
<paula version="1.1">
	<header paula_id="scriptorium.life.onnophrius.02.head"/>
	<relList xmlns:xlink="http://www.w3.org/1999/xlink" type="head">
		<rel id="sPointingRel3207" xlink:href="scriptorium.life.onnophrius.02.mark.xml#sSpan4353" target="scriptorium.life.onnophrius.02.mark.xml#sSpan4354"/>
		<rel id="sPointingRel3209" xlink:href="scriptorium.life.onnophrius.02.mark.xml#sSpan276" target="scriptorium.life.onnophrius.02.mark.xml#sSpan278"/>
		<rel id="sPointingRel3211" xlink:href="scriptorium.life.onnophrius.02.mark.xml#sSpan6228" target="scriptorium.life.onnophrius.02.mark.xml#sSpan6229"/>
		<rel id="sPointingRel3213" xlink:href="scriptorium.life.onnophrius.02.mark.xml#sSpan4770" target="scriptorium.life.onnophrius.02.mark.xml#sSpan4771"/>
		<rel id="sPointingRel3215" xlink:href="scriptorium.life.onnophrius.02.mark.xml#sSpan1583" target="scriptorium.life.onnophrius.02.mark.xml#sSpan1581"/>
		<rel id="sPointingRel3217" xlink:href="scriptorium.life.onnophrius.02.mark.xml#sSpan4875" target="scriptorium.life.onnophrius.02.mark.xml#sSpan4873"/>
		<rel id="sPointingRel3219" xlink:href="scriptorium.life.onnophrius.02.mark.xml#sSpan599" target="scriptorium.life.onnophrius.02.mark.xml#sSpan601"/>
		<rel id="sPointingRel3221" xlink:href="scriptorium.life.onnophrius.02.mark.xml#sSpan5130" target="scriptorium.life.onnophrius.02.mark.xml#sSpan5132"/>
		<rel id="sPointingRel3223" xlink:href="scriptorium.life.onnophrius.02.mark.xml#sSpan65" target="scriptorium.life.onnophrius.02.mark.xml#sSpan67"/>
		<rel id="sPointingRel3225" xlink:href="scriptorium.life.onnophrius.02.mark.xml#sSpan3622" target="scriptorium.life.onnophrius.02.mark.xml#sSpan3620"/>
		<rel id="sPointingRel3227" xlink:href="scriptorium.life.onnophrius.02.mark.xml#sSpan1864" target="scriptorium.life.onnophrius.02.mark.xml#sSpan1865"/>
		<rel id="sPointingRel3229" xlink:href="scriptorium.life.onnophrius.02.mark.xml#sSpan1257" target="scriptorium.life.onnophrius.02.mark.xml#sSpan1259"/>
		<rel id="sPointingRel3231" xlink:href="scriptorium.life.onnophrius.02.mark.xml#sSpan1111" target="scriptorium.life.onnophrius.02.mark.xml#sSpan1112"/>
		<rel id="sPointingRel3233" xlink:href="scriptorium.life.onnophrius.02.mark.xml#sSpan2738" target="scriptorium.life.onnophrius.02.mark.xml#sSpan2734"/>
		<rel id="sPointingRel3235" xlink:href="scriptorium.life.onnophrius.02.mark.xml#sSpan2330" target="scriptorium.life.onnophrius.02.mark.xml#sSpan2331"/>
		<rel id="sPointingRel3237" xlink:href="scriptorium.life.onnophrius.02.mark.xml#sSpan5059" target="scriptorium.life.onnophrius.02.mark.xml#sSpan5060"/>
		<rel id="sPointingRel3239" xlink:href="scriptorium.life.onnophrius.02.mark.xml#sSpan6284" target="scriptorium.life.onnophrius.02.mark.xml#sSpan6285"/>
		<rel id="sPointingRel3241" xlink:href="scriptorium.life.onnophrius.02.mark.xml#sSpan3819" target="scriptorium.life.onnophrius.02.mark.xml#sSpan3820"/>
		<rel id="sPointingRel3243" xlink:href="scriptorium.life.onnophrius.02.mark.xml#sSpan6197" target="scriptorium.life.onnophrius.02.mark.xml#sSpan6200"/>
		<rel id="sPointingRel3245" xlink:href="scriptorium.life.onnophrius.02.mark.xml#sSpan3335" target="scriptorium.life.onnophrius.02.mark.xml#sSpan3336"/>
		<rel id="sPointingRel3247" xlink:href="scriptorium.life.onnophrius.02.mark.xml#sSpan1218" target="scriptorium.life.onnophrius.02.mark.xml#sSpan1220"/>
		<rel id="sPointingRel3249" xlink:href="scriptorium.life.onnophrius.02.mark.xml#sSpan4013" target="scriptorium.life.onnophrius.02.mark.xml#sSpan4014"/>
		<rel id="sPointingRel3251" xlink:href="scriptorium.life.onnophrius.02.mark.xml#sSpan1232" target="scriptorium.life.onnophrius.02.mark.xml#sSpan1233"/>
		<rel id="sPointingRel3253" xlink:href="scriptorium.life.onnophrius.02.mark.xml#sSpan2003" target="scriptorium.life.onnophrius.02.mark.xml#sSpan2004"/>
		<rel id="sPointingRel3255" xlink:href="scriptorium.life.onnophrius.02.mark.xml#sSpan2507" target="scriptorium.life.onnophrius.02.mark.xml#sSpan2505"/>
		<rel id="sPointingRel3257" xlink:href="scriptorium.life.onnophrius.02.mark.xml#sSpan5880" target="scriptorium.life.onnophrius.02.mark.xml#sSpan5881"/>
		<rel id="sPointingRel3259" xlink:href="scriptorium.life.onnophrius.02.mark.xml#sSpan1200" target="scriptorium.life.onnophrius.02.mark.xml#sSpan1202"/>
		<rel id="sPointingRel3261" xlink:href="scriptorium.life.onnophrius.02.mark.xml#sSpan3693" target="scriptorium.life.onnophrius.02.mark.xml#sSpan3696"/>
		<rel id="sPointingRel3263" xlink:href="scriptorium.life.onnophrius.02.mark.xml#sSpan1944" target="scriptorium.life.onnophrius.02.mark.xml#sSpan1945"/>
		<rel id="sPointingRel3265" xlink:href="scriptorium.life.onnophrius.02.mark.xml#sSpan4272" target="scriptorium.life.onnophrius.02.mark.xml#sSpan4274"/>
		<rel id="sPointingRel3267" xlink:href="scriptorium.life.onnophrius.02.mark.xml#sSpan1900" target="scriptorium.life.onnophrius.02.mark.xml#sSpan1905"/>
		<rel id="sPointingRel3269" xlink:href="scriptorium.life.onnophrius.02.mark.xml#sSpan3043" target="scriptorium.life.onnophrius.02.mark.xml#sSpan3045"/>
		<rel id="sPointingRel3271" xlink:href="scriptorium.life.onnophrius.02.mark.xml#sSpan3902" target="scriptorium.life.onnophrius.02.mark.xml#sSpan3903"/>
		<rel id="sPointingRel3273" xlink:href="scriptorium.life.onnophrius.02.mark.xml#sSpan6046" target="scriptorium.life.onnophrius.02.mark.xml#sSpan6047"/>
		<rel id="sPointingRel3275" xlink:href="scriptorium.life.onnophrius.02.mark.xml#sSpan4090" target="scriptorium.life.onnophrius.02.mark.xml#sSpan4092"/>
		<rel id="sPointingRel3277" xlink:href="scriptorium.life.onnophrius.02.mark.xml#sSpan5405" target="scriptorium.life.onnophrius.02.mark.xml#sSpan5407"/>
		<rel id="sPointingRel3279" xlink:href="scriptorium.life.onnophrius.02.mark.xml#sSpan1463" target="scriptorium.life.onnophrius.02.mark.xml#sSpan1464"/>
		<rel id="sPointingRel3281" xlink:href="scriptorium.life.onnophrius.02.mark.xml#sSpan582" target="scriptorium.life.onnophrius.02.mark.xml#sSpan583"/>
		<rel id="sPointingRel3283" xlink:href="scriptorium.life.onnophrius.02.mark.xml#sSpan358" target="scriptorium.life.onnophrius.02.mark.xml#sSpan359"/>
		<rel id="sPointingRel3285" xlink:href="scriptorium.life.onnophrius.02.mark.xml#sSpan3932" target="scriptorium.life.onnophrius.02.mark.xml#sSpan3933"/>
		<rel id="sPointingRel3287" xlink:href="scriptorium.life.onnophrius.02.mark.xml#sSpan2587" target="scriptorium.life.onnophrius.02.mark.xml#sSpan2588"/>
		<rel id="sPointingRel3289" xlink:href="scriptorium.life.onnophrius.02.mark.xml#sSpan4541" target="scriptorium.life.onnophrius.02.mark.xml#sSpan4542"/>
		<rel id="sPointingRel3291" xlink:href="scriptorium.life.onnophrius.02.mark.xml#sSpan1800" target="scriptorium.life.onnophrius.02.mark.xml#sSpan1802"/>
		<rel id="sPointingRel3293" xlink:href="scriptorium.life.onnophrius.02.mark.xml#sSpan3097" target="scriptorium.life.onnophrius.02.mark.xml#sSpan3100"/>
		<rel id="sPointingRel3295" xlink:href="scriptorium.life.onnophrius.02.mark.xml#sSpan4183" target="scriptorium.life.onnophrius.02.mark.xml#sSpan4185"/>
		<rel id="sPointingRel3297" xlink:href="scriptorium.life.onnophrius.02.mark.xml#sSpan2084" target="scriptorium.life.onnophrius.02.mark.xml#sSpan2086"/>
		<rel id="sPointingRel3299" xlink:href="scriptorium.life.onnophrius.02.mark.xml#sSpan6039" target="scriptorium.life.onnophrius.02.mark.xml#sSpan6037"/>
		<rel id="sPointingRel3301" xlink:href="scriptorium.life.onnophrius.02.mark.xml#sSpan4063" target="scriptorium.life.onnophrius.02.mark.xml#sSpan4065"/>
		<rel id="sPointingRel3303" xlink:href="scriptorium.life.onnophrius.02.mark.xml#sSpan4689" target="scriptorium.life.onnophrius.02.mark.xml#sSpan4687"/>
		<rel id="sPointingRel3305" xlink:href="scriptorium.life.onnophrius.02.mark.xml#sSpan861" target="scriptorium.life.onnophrius.02.mark.xml#sSpan862"/>
		<rel id="sPointingRel3307" xlink:href="scriptorium.life.onnophrius.02.mark.xml#sSpan1735" target="scriptorium.life.onnophrius.02.mark.xml#sSpan1743"/>
		<rel id="sPointingRel3309" xlink:href="scriptorium.life.onnophrius.02.mark.xml#sSpan3124" target="scriptorium.life.onnophrius.02.mark.xml#sSpan3125"/>
		<rel id="sPointingRel3311" xlink:href="scriptorium.life.onnophrius.02.mark.xml#sSpan640" target="scriptorium.life.onnophrius.02.mark.xml#sSpan638"/>
		<rel id="sPointingRel3313" xlink:href="scriptorium.life.onnophrius.02.mark.xml#sSpan3144" target="scriptorium.life.onnophrius.02.mark.xml#sSpan3146"/>
		<rel id="sPointingRel3315" xlink:href="scriptorium.life.onnophrius.02.mark.xml#sSpan1454" target="scriptorium.life.onnophrius.02.mark.xml#sSpan1455"/>
		<rel id="sPointingRel3317" xlink:href="scriptorium.life.onnophrius.02.mark.xml#sSpan4624" target="scriptorium.life.onnophrius.02.mark.xml#sSpan4622"/>
		<rel id="sPointingRel3319" xlink:href="scriptorium.life.onnophrius.02.mark.xml#sSpan5914" target="scriptorium.life.onnophrius.02.mark.xml#sSpan5916"/>
		<rel id="sPointingRel3321" xlink:href="scriptorium.life.onnophrius.02.mark.xml#sSpan6095" target="scriptorium.life.onnophrius.02.mark.xml#sSpan6093"/>
		<rel id="sPointingRel3323" xlink:href="scriptorium.life.onnophrius.02.mark.xml#sSpan5765" target="scriptorium.life.onnophrius.02.mark.xml#sSpan5766"/>
		<rel id="sPointingRel3325" xlink:href="scriptorium.life.onnophrius.02.mark.xml#sSpan5459" target="scriptorium.life.onnophrius.02.mark.xml#sSpan5460"/>
		<rel id="sPointingRel3327" xlink:href="scriptorium.life.onnophrius.02.mark.xml#sSpan3495" target="scriptorium.life.onnophrius.02.mark.xml#sSpan3496"/>
		<rel id="sPointingRel3329" xlink:href="scriptorium.life.onnophrius.02.mark.xml#sSpan5316" target="scriptorium.life.onnophrius.02.mark.xml#sSpan5314"/>
		<rel id="sPointingRel3331" xlink:href="scriptorium.life.onnophrius.02.mark.xml#sSpan4377" target="scriptorium.life.onnophrius.02.mark.xml#sSpan4379"/>
		<rel id="sPointingRel3333" xlink:href="scriptorium.life.onnophrius.02.mark.xml#sSpan4252" target="scriptorium.life.onnophrius.02.mark.xml#sSpan4254"/>
		<rel id="sPointingRel3335" xlink:href="scriptorium.life.onnophrius.02.mark.xml#sSpan2565" target="scriptorium.life.onnophrius.02.mark.xml#sSpan2567"/>
		<rel id="sPointingRel3337" xlink:href="scriptorium.life.onnophrius.02.mark.xml#sSpan2255" target="scriptorium.life.onnophrius.02.mark.xml#sSpan2257"/>
		<rel id="sPointingRel3339" xlink:href="scriptorium.life.onnophrius.02.mark.xml#sSpan2775" target="scriptorium.life.onnophrius.02.mark.xml#sSpan2780"/>
		<rel id="sPointingRel3341" xlink:href="scriptorium.life.onnophrius.02.mark.xml#sSpan3248" target="scriptorium.life.onnophrius.02.mark.xml#sSpan3249"/>
		<rel id="sPointingRel3343" xlink:href="scriptorium.life.onnophrius.02.mark.xml#sSpan4223" target="scriptorium.life.onnophrius.02.mark.xml#sSpan4225"/>
		<rel id="sPointingRel3345" xlink:href="scriptorium.life.onnophrius.02.mark.xml#sSpan13" target="scriptorium.life.onnophrius.02.mark.xml#sSpan11"/>
		<rel id="sPointingRel3347" xlink:href="scriptorium.life.onnophrius.02.mark.xml#sSpan250" target="scriptorium.life.onnophrius.02.mark.xml#sSpan252"/>
		<rel id="sPointingRel3349" xlink:href="scriptorium.life.onnophrius.02.mark.xml#sSpan3739" target="scriptorium.life.onnophrius.02.mark.xml#sSpan3740"/>
		<rel id="sPointingRel3351" xlink:href="scriptorium.life.onnophrius.02.mark.xml#sSpan553" target="scriptorium.life.onnophrius.02.mark.xml#sSpan555"/>
		<rel id="sPointingRel3353" xlink:href="scriptorium.life.onnophrius.02.mark.xml#sSpan423" target="scriptorium.life.onnophrius.02.mark.xml#sSpan424"/>
		<rel id="sPointingRel3355" xlink:href="scriptorium.life.onnophrius.02.mark.xml#sSpan5016" target="scriptorium.life.onnophrius.02.mark.xml#sSpan5018"/>
		<rel id="sPointingRel3357" xlink:href="scriptorium.life.onnophrius.02.mark.xml#sSpan4419" target="scriptorium.life.onnophrius.02.mark.xml#sSpan4420"/>
		<rel id="sPointingRel3359" xlink:href="scriptorium.life.onnophrius.02.mark.xml#sSpan788" target="scriptorium.life.onnophrius.02.mark.xml#sSpan789"/>
		<rel id="sPointingRel3361" xlink:href="scriptorium.life.onnophrius.02.mark.xml#sSpan5192" target="scriptorium.life.onnophrius.02.mark.xml#sSpan5194"/>
		<rel id="sPointingRel3363" xlink:href="scriptorium.life.onnophrius.02.mark.xml#sSpan5823" target="scriptorium.life.onnophrius.02.mark.xml#sSpan5825"/>
		<rel id="sPointingRel3365" xlink:href="scriptorium.life.onnophrius.02.mark.xml#sSpan112" target="scriptorium.life.onnophrius.02.mark.xml#sSpan110"/>
		<rel id="sPointingRel3367" xlink:href="scriptorium.life.onnophrius.02.mark.xml#sSpan3350" target="scriptorium.life.onnophrius.02.mark.xml#sSpan3355"/>
		<rel id="sPointingRel3369" xlink:href="scriptorium.life.onnophrius.02.mark.xml#sSpan1668" target="scriptorium.life.onnophrius.02.mark.xml#sSpan1669"/>
		<rel id="sPointingRel3371" xlink:href="scriptorium.life.onnophrius.02.mark.xml#sSpan5101" target="scriptorium.life.onnophrius.02.mark.xml#sSpan5102"/>
		<rel id="sPointingRel3373" xlink:href="scriptorium.life.onnophrius.02.mark.xml#sSpan146" target="scriptorium.life.onnophrius.02.mark.xml#sSpan144"/>
		<rel id="sPointingRel3375" xlink:href="scriptorium.life.onnophrius.02.mark.xml#sSpan4393" target="scriptorium.life.onnophrius.02.mark.xml#sSpan4394"/>
		<rel id="sPointingRel3377" xlink:href="scriptorium.life.onnophrius.02.mark.xml#sSpan4306" target="scriptorium.life.onnophrius.02.mark.xml#sSpan4304"/>
		<rel id="sPointingRel3379" xlink:href="scriptorium.life.onnophrius.02.mark.xml#sSpan5650" target="scriptorium.life.onnophrius.02.mark.xml#sSpan5654"/>
		<rel id="sPointingRel3381" xlink:href="scriptorium.life.onnophrius.02.mark.xml#sSpan1386" target="scriptorium.life.onnophrius.02.mark.xml#sSpan1388"/>
		<rel id="sPointingRel3383" xlink:href="scriptorium.life.onnophrius.02.mark.xml#sSpan3637" target="scriptorium.life.onnophrius.02.mark.xml#sSpan3638"/>
		<rel id="sPointingRel3385" xlink:href="scriptorium.life.onnophrius.02.mark.xml#sSpan2988" target="scriptorium.life.onnophrius.02.mark.xml#sSpan2989"/>
		<rel id="sPointingRel3387" xlink:href="scriptorium.life.onnophrius.02.mark.xml#sSpan3846" target="scriptorium.life.onnophrius.02.mark.xml#sSpan3847"/>
		<rel id="sPointingRel3389" xlink:href="scriptorium.life.onnophrius.02.mark.xml#sSpan4847" target="scriptorium.life.onnophrius.02.mark.xml#sSpan4849"/>
		<rel id="sPointingRel3391" xlink:href="scriptorium.life.onnophrius.02.mark.xml#sSpan4441" target="scriptorium.life.onnophrius.02.mark.xml#sSpan4442"/>
		<rel id="sPointingRel3393" xlink:href="scriptorium.life.onnophrius.02.mark.xml#sSpan2545" target="scriptorium.life.onnophrius.02.mark.xml#sSpan2553"/>
		<rel id="sPointingRel3395" xlink:href="scriptorium.life.onnophrius.02.mark.xml#sSpan4037" target="scriptorium.life.onnophrius.02.mark.xml#sSpan4039"/>
		<rel id="sPointingRel3397" xlink:href="scriptorium.life.onnophrius.02.mark.xml#sSpan5006" target="scriptorium.life.onnophrius.02.mark.xml#sSpan5008"/>
		<rel id="sPointingRel3399" xlink:href="scriptorium.life.onnophrius.02.mark.xml#sSpan1037" target="scriptorium.life.onnophrius.02.mark.xml#sSpan1039"/>
		<rel id="sPointingRel3401" xlink:href="scriptorium.life.onnophrius.02.mark.xml#sSpan1019" target="scriptorium.life.onnophrius.02.mark.xml#sSpan1023"/>
		<rel id="sPointingRel3403" xlink:href="scriptorium.life.onnophrius.02.mark.xml#sSpan1403" target="scriptorium.life.onnophrius.02.mark.xml#sSpan1404"/>
		<rel id="sPointingRel3405" xlink:href="scriptorium.life.onnophrius.02.mark.xml#sSpan1953" target="scriptorium.life.onnophrius.02.mark.xml#sSpan1955"/>
		<rel id="sPointingRel3407" xlink:href="scriptorium.life.onnophrius.02.mark.xml#sSpan6116" target="scriptorium.life.onnophrius.02.mark.xml#sSpan6117"/>
		<rel id="sPointingRel3409" xlink:href="scriptorium.life.onnophrius.02.mark.xml#sSpan4118" target="scriptorium.life.onnophrius.02.mark.xml#sSpan4119"/>
		<rel id="sPointingRel3411" xlink:href="scriptorium.life.onnophrius.02.mark.xml#sSpan33" target="scriptorium.life.onnophrius.02.mark.xml#sSpan34"/>
		<rel id="sPointingRel3413" xlink:href="scriptorium.life.onnophrius.02.mark.xml#sSpan227" target="scriptorium.life.onnophrius.02.mark.xml#sSpan228"/>
		<rel id="sPointingRel3415" xlink:href="scriptorium.life.onnophrius.02.mark.xml#sSpan505" target="scriptorium.life.onnophrius.02.mark.xml#sSpan506"/>
		<rel id="sPointingRel3417" xlink:href="scriptorium.life.onnophrius.02.mark.xml#sSpan2120" target="scriptorium.life.onnophrius.02.mark.xml#sSpan2122"/>
		<rel id="sPointingRel3419" xlink:href="scriptorium.life.onnophrius.02.mark.xml#sSpan4652" target="scriptorium.life.onnophrius.02.mark.xml#sSpan4654"/>
		<rel id="sPointingRel3421" xlink:href="scriptorium.life.onnophrius.02.mark.xml#sSpan1793" target="scriptorium.life.onnophrius.02.mark.xml#sSpan1791"/>
		<rel id="sPointingRel3423" xlink:href="scriptorium.life.onnophrius.02.mark.xml#sSpan3658" target="scriptorium.life.onnophrius.02.mark.xml#sSpan3656"/>
		<rel id="sPointingRel3425" xlink:href="scriptorium.life.onnophrius.02.mark.xml#sSpan3430" target="scriptorium.life.onnophrius.02.mark.xml#sSpan3431"/>
		<rel id="sPointingRel3427" xlink:href="scriptorium.life.onnophrius.02.mark.xml#sSpan1694" target="scriptorium.life.onnophrius.02.mark.xml#sSpan1695"/>
		<rel id="sPointingRel3429" xlink:href="scriptorium.life.onnophrius.02.mark.xml#sSpan2044" target="scriptorium.life.onnophrius.02.mark.xml#sSpan2045"/>
		<rel id="sPointingRel3431" xlink:href="scriptorium.life.onnophrius.02.mark.xml#sSpan1619" target="scriptorium.life.onnophrius.02.mark.xml#sSpan1623"/>
		<rel id="sPointingRel3433" xlink:href="scriptorium.life.onnophrius.02.mark.xml#sSpan2806" target="scriptorium.life.onnophrius.02.mark.xml#sSpan2807"/>
		<rel id="sPointingRel3435" xlink:href="scriptorium.life.onnophrius.02.mark.xml#sSpan1102" target="scriptorium.life.onnophrius.02.mark.xml#sSpan1103"/>
		<rel id="sPointingRel3437" xlink:href="scriptorium.life.onnophrius.02.mark.xml#sSpan5663" target="scriptorium.life.onnophrius.02.mark.xml#sSpan5664"/>
		<rel id="sPointingRel3439" xlink:href="scriptorium.life.onnophrius.02.mark.xml#sSpan3915" target="scriptorium.life.onnophrius.02.mark.xml#sSpan3916"/>
		<rel id="sPointingRel3441" xlink:href="scriptorium.life.onnophrius.02.mark.xml#sSpan2617" target="scriptorium.life.onnophrius.02.mark.xml#sSpan2618"/>
		<rel id="sPointingRel3443" xlink:href="scriptorium.life.onnophrius.02.mark.xml#sSpan3059" target="scriptorium.life.onnophrius.02.mark.xml#sSpan3060"/>
		<rel id="sPointingRel3445" xlink:href="scriptorium.life.onnophrius.02.mark.xml#sSpan1284" target="scriptorium.life.onnophrius.02.mark.xml#sSpan1286"/>
		<rel id="sPointingRel3447" xlink:href="scriptorium.life.onnophrius.02.mark.xml#sSpan236" target="scriptorium.life.onnophrius.02.mark.xml#sSpan237"/>
		<rel id="sPointingRel3449" xlink:href="scriptorium.life.onnophrius.02.mark.xml#sSpan899" target="scriptorium.life.onnophrius.02.mark.xml#sSpan900"/>
		<rel id="sPointingRel3451" xlink:href="scriptorium.life.onnophrius.02.mark.xml#sSpan923" target="scriptorium.life.onnophrius.02.mark.xml#sSpan925"/>
		<rel id="sPointingRel3453" xlink:href="scriptorium.life.onnophrius.02.mark.xml#sSpan2401" target="scriptorium.life.onnophrius.02.mark.xml#sSpan2402"/>
		<rel id="sPointingRel3455" xlink:href="scriptorium.life.onnophrius.02.mark.xml#sSpan4490" target="scriptorium.life.onnophrius.02.mark.xml#sSpan4488"/>
		<rel id="sPointingRel3457" xlink:href="scriptorium.life.onnophrius.02.mark.xml#sSpan993" target="scriptorium.life.onnophrius.02.mark.xml#sSpan995"/>
		<rel id="sPointingRel3459" xlink:href="scriptorium.life.onnophrius.02.mark.xml#sSpan2755" target="scriptorium.life.onnophrius.02.mark.xml#sSpan2756"/>
		<rel id="sPointingRel3461" xlink:href="scriptorium.life.onnophrius.02.mark.xml#sSpan1346" target="scriptorium.life.onnophrius.02.mark.xml#sSpan1349"/>
		<rel id="sPointingRel3463" xlink:href="scriptorium.life.onnophrius.02.mark.xml#sSpan493" target="scriptorium.life.onnophrius.02.mark.xml#sSpan491"/>
		<rel id="sPointingRel3465" xlink:href="scriptorium.life.onnophrius.02.mark.xml#sSpan380" target="scriptorium.life.onnophrius.02.mark.xml#sSpan381"/>
		<rel id="sPointingRel3467" xlink:href="scriptorium.life.onnophrius.02.mark.xml#sSpan4593" target="scriptorium.life.onnophrius.02.mark.xml#sSpan4594"/>
		<rel id="sPointingRel3469" xlink:href="scriptorium.life.onnophrius.02.mark.xml#sSpan4320" target="scriptorium.life.onnophrius.02.mark.xml#sSpan4324"/>
		<rel id="sPointingRel3471" xlink:href="scriptorium.life.onnophrius.02.mark.xml#sSpan3419" target="scriptorium.life.onnophrius.02.mark.xml#sSpan3420"/>
		<rel id="sPointingRel3473" xlink:href="scriptorium.life.onnophrius.02.mark.xml#sSpan2976" target="scriptorium.life.onnophrius.02.mark.xml#sSpan2978"/>
		<rel id="sPointingRel3475" xlink:href="scriptorium.life.onnophrius.02.mark.xml#sSpan4022" target="scriptorium.life.onnophrius.02.mark.xml#sSpan4023"/>
		<rel id="sPointingRel3477" xlink:href="scriptorium.life.onnophrius.02.mark.xml#sSpan1639" target="scriptorium.life.onnophrius.02.mark.xml#sSpan1637"/>
		<rel id="sPointingRel3479" xlink:href="scriptorium.life.onnophrius.02.mark.xml#sSpan5612" target="scriptorium.life.onnophrius.02.mark.xml#sSpan5613"/>
		<rel id="sPointingRel3481" xlink:href="scriptorium.life.onnophrius.02.mark.xml#sSpan5782" target="scriptorium.life.onnophrius.02.mark.xml#sSpan5780"/>
		<rel id="sPointingRel3483" xlink:href="scriptorium.life.onnophrius.02.mark.xml#sSpan2922" target="scriptorium.life.onnophrius.02.mark.xml#sSpan2920"/>
		<rel id="sPointingRel3485" xlink:href="scriptorium.life.onnophrius.02.mark.xml#sSpan1820" target="scriptorium.life.onnophrius.02.mark.xml#sSpan1824"/>
		<rel id="sPointingRel3487" xlink:href="scriptorium.life.onnophrius.02.mark.xml#sSpan3978" target="scriptorium.life.onnophrius.02.mark.xml#sSpan3979"/>
		<rel id="sPointingRel3489" xlink:href="scriptorium.life.onnophrius.02.mark.xml#sSpan4509" target="scriptorium.life.onnophrius.02.mark.xml#sSpan4507"/>
		<rel id="sPointingRel3491" xlink:href="scriptorium.life.onnophrius.02.mark.xml#sSpan1657" target="scriptorium.life.onnophrius.02.mark.xml#sSpan1659"/>
		<rel id="sPointingRel3493" xlink:href="scriptorium.life.onnophrius.02.mark.xml#sSpan1309" target="scriptorium.life.onnophrius.02.mark.xml#sSpan1310"/>
		<rel id="sPointingRel3495" xlink:href="scriptorium.life.onnophrius.02.mark.xml#sSpan3617" target="scriptorium.life.onnophrius.02.mark.xml#sSpan3618"/>
		<rel id="sPointingRel3497" xlink:href="scriptorium.life.onnophrius.02.mark.xml#sSpan4748" target="scriptorium.life.onnophrius.02.mark.xml#sSpan4752"/>
		<rel id="sPointingRel3499" xlink:href="scriptorium.life.onnophrius.02.mark.xml#sSpan3298" target="scriptorium.life.onnophrius.02.mark.xml#sSpan3300"/>
		<rel id="sPointingRel3501" xlink:href="scriptorium.life.onnophrius.02.mark.xml#sSpan5368" target="scriptorium.life.onnophrius.02.mark.xml#sSpan5366"/>
		<rel id="sPointingRel3503" xlink:href="scriptorium.life.onnophrius.02.mark.xml#sSpan672" target="scriptorium.life.onnophrius.02.mark.xml#sSpan673"/>
		<rel id="sPointingRel3505" xlink:href="scriptorium.life.onnophrius.02.mark.xml#sSpan5087" target="scriptorium.life.onnophrius.02.mark.xml#sSpan5089"/>
		<rel id="sPointingRel3507" xlink:href="scriptorium.life.onnophrius.02.mark.xml#sSpan4859" target="scriptorium.life.onnophrius.02.mark.xml#sSpan4861"/>
		<rel id="sPointingRel3509" xlink:href="scriptorium.life.onnophrius.02.mark.xml#sSpan808" target="scriptorium.life.onnophrius.02.mark.xml#sSpan811"/>
		<rel id="sPointingRel3511" xlink:href="scriptorium.life.onnophrius.02.mark.xml#sSpan164" target="scriptorium.life.onnophrius.02.mark.xml#sSpan170"/>
		<rel id="sPointingRel3513" xlink:href="scriptorium.life.onnophrius.02.mark.xml#sSpan5158" target="scriptorium.life.onnophrius.02.mark.xml#sSpan5152"/>
		<rel id="sPointingRel3515" xlink:href="scriptorium.life.onnophrius.02.mark.xml#sSpan948" target="scriptorium.life.onnophrius.02.mark.xml#sSpan950"/>
		<rel id="sPointingRel3517" xlink:href="scriptorium.life.onnophrius.02.mark.xml#sSpan629" target="scriptorium.life.onnophrius.02.mark.xml#sSpan627"/>
		<rel id="sPointingRel3519" xlink:href="scriptorium.life.onnophrius.02.mark.xml#sSpan2311" target="scriptorium.life.onnophrius.02.mark.xml#sSpan2315"/>
		<rel id="sPointingRel3521" xlink:href="scriptorium.life.onnophrius.02.mark.xml#sSpan3885" target="scriptorium.life.onnophrius.02.mark.xml#sSpan3886"/>
		<rel id="sPointingRel3523" xlink:href="scriptorium.life.onnophrius.02.mark.xml#sSpan5894" target="scriptorium.life.onnophrius.02.mark.xml#sSpan5896"/>
		<rel id="sPointingRel3525" xlink:href="scriptorium.life.onnophrius.02.mark.xml#sSpan2422" target="scriptorium.life.onnophrius.02.mark.xml#sSpan2423"/>
		<rel id="sPointingRel3527" xlink:href="scriptorium.life.onnophrius.02.mark.xml#sSpan5941" target="scriptorium.life.onnophrius.02.mark.xml#sSpan5943"/>
		<rel id="sPointingRel3529" xlink:href="scriptorium.life.onnophrius.02.mark.xml#sSpan5864" target="scriptorium.life.onnophrius.02.mark.xml#sSpan5865"/>
		<rel id="sPointingRel3531" xlink:href="scriptorium.life.onnophrius.02.mark.xml#sSpan878" target="scriptorium.life.onnophrius.02.mark.xml#sSpan879"/>
		<rel id="sPointingRel3533" xlink:href="scriptorium.life.onnophrius.02.mark.xml#sSpan4471" target="scriptorium.life.onnophrius.02.mark.xml#sSpan4472"/>
		<rel id="sPointingRel3535" xlink:href="scriptorium.life.onnophrius.02.mark.xml#sSpan1476" target="scriptorium.life.onnophrius.02.mark.xml#sSpan1477"/>
		<rel id="sPointingRel3537" xlink:href="scriptorium.life.onnophrius.02.mark.xml#sSpan3994" target="scriptorium.life.onnophrius.02.mark.xml#sSpan3996"/>
		<rel id="sPointingRel3539" xlink:href="scriptorium.life.onnophrius.02.mark.xml#sSpan448" target="scriptorium.life.onnophrius.02.mark.xml#sSpan446"/>
		<rel id="sPointingRel3541" xlink:href="scriptorium.life.onnophrius.02.mark.xml#sSpan4584" target="scriptorium.life.onnophrius.02.mark.xml#sSpan4585"/>
		<rel id="sPointingRel3543" xlink:href="scriptorium.life.onnophrius.02.mark.xml#sSpan1369" target="scriptorium.life.onnophrius.02.mark.xml#sSpan1370"/>
		<rel id="sPointingRel3545" xlink:href="scriptorium.life.onnophrius.02.mark.xml#sSpan5712" target="scriptorium.life.onnophrius.02.mark.xml#sSpan5710"/>
		<rel id="sPointingRel3547" xlink:href="scriptorium.life.onnophrius.02.mark.xml#sSpan4610" target="scriptorium.life.onnophrius.02.mark.xml#sSpan4611"/>
		<rel id="sPointingRel3549" xlink:href="scriptorium.life.onnophrius.02.mark.xml#sSpan197" target="scriptorium.life.onnophrius.02.mark.xml#sSpan198"/>
		<rel id="sPointingRel3551" xlink:href="scriptorium.life.onnophrius.02.mark.xml#sSpan4781" target="scriptorium.life.onnophrius.02.mark.xml#sSpan4783"/>
		<rel id="sPointingRel3553" xlink:href="scriptorium.life.onnophrius.02.mark.xml#sSpan1716" target="scriptorium.life.onnophrius.02.mark.xml#sSpan1717"/>
		<rel id="sPointingRel3555" xlink:href="scriptorium.life.onnophrius.02.mark.xml#sSpan706" target="scriptorium.life.onnophrius.02.mark.xml#sSpan708"/>
		<rel id="sPointingRel3557" xlink:href="scriptorium.life.onnophrius.02.mark.xml#sSpan3207" target="scriptorium.life.onnophrius.02.mark.xml#sSpan3208"/>
		<rel id="sPointingRel3559" xlink:href="scriptorium.life.onnophrius.02.mark.xml#sSpan2465" target="scriptorium.life.onnophrius.02.mark.xml#sSpan2466"/>
		<rel id="sPointingRel3561" xlink:href="scriptorium.life.onnophrius.02.mark.xml#sSpan3308" target="scriptorium.life.onnophrius.02.mark.xml#sSpan3315"/>
		<rel id="sPointingRel3563" xlink:href="scriptorium.life.onnophrius.02.mark.xml#sSpan5536" target="scriptorium.life.onnophrius.02.mark.xml#sSpan5534"/>
		<rel id="sPointingRel3565" xlink:href="scriptorium.life.onnophrius.02.mark.xml#sSpan1441" target="scriptorium.life.onnophrius.02.mark.xml#sSpan1439"/>
		<rel id="sPointingRel3567" xlink:href="scriptorium.life.onnophrius.02.mark.xml#sSpan3410" target="scriptorium.life.onnophrius.02.mark.xml#sSpan3408"/>
		<rel id="sPointingRel3569" xlink:href="scriptorium.life.onnophrius.02.mark.xml#sSpan4718" target="scriptorium.life.onnophrius.02.mark.xml#sSpan4716"/>
		<rel id="sPointingRel3571" xlink:href="scriptorium.life.onnophrius.02.mark.xml#sSpan2434" target="scriptorium.life.onnophrius.02.mark.xml#sSpan2441"/>
		<rel id="sPointingRel3573" xlink:href="scriptorium.life.onnophrius.02.mark.xml#sSpan24" target="scriptorium.life.onnophrius.02.mark.xml#sSpan25"/>
		<rel id="sPointingRel3575" xlink:href="scriptorium.life.onnophrius.02.mark.xml#sSpan1598" target="scriptorium.life.onnophrius.02.mark.xml#sSpan1600"/>
		<rel id="sPointingRel3577" xlink:href="scriptorium.life.onnophrius.02.mark.xml#sSpan3229" target="scriptorium.life.onnophrius.02.mark.xml#sSpan3230"/>
		<rel id="sPointingRel3579" xlink:href="scriptorium.life.onnophrius.02.mark.xml#sSpan5140" target="scriptorium.life.onnophrius.02.mark.xml#sSpan5142"/>
		<rel id="sPointingRel3581" xlink:href="scriptorium.life.onnophrius.02.mark.xml#sSpan4901" target="scriptorium.life.onnophrius.02.mark.xml#sSpan4899"/>
		<rel id="sPointingRel3583" xlink:href="scriptorium.life.onnophrius.02.mark.xml#sSpan4554" target="scriptorium.life.onnophrius.02.mark.xml#sSpan4555"/>
		<rel id="sPointingRel3585" xlink:href="scriptorium.life.onnophrius.02.mark.xml#sSpan4531" target="scriptorium.life.onnophrius.02.mark.xml#sSpan4533"/>
		<rel id="sPointingRel3587" xlink:href="scriptorium.life.onnophrius.02.mark.xml#sSpan656" target="scriptorium.life.onnophrius.02.mark.xml#sSpan657"/>
		<rel id="sPointingRel3589" xlink:href="scriptorium.life.onnophrius.02.mark.xml#sSpan4971" target="scriptorium.life.onnophrius.02.mark.xml#sSpan4972"/>
		<rel id="sPointingRel3591" xlink:href="scriptorium.life.onnophrius.02.mark.xml#sSpan5420" target="scriptorium.life.onnophrius.02.mark.xml#sSpan5418"/>
		<rel id="sPointingRel3593" xlink:href="scriptorium.life.onnophrius.02.mark.xml#sSpan5581" target="scriptorium.life.onnophrius.02.mark.xml#sSpan5583"/>
		<rel id="sPointingRel3595" xlink:href="scriptorium.life.onnophrius.02.mark.xml#sSpan848" target="scriptorium.life.onnophrius.02.mark.xml#sSpan850"/>
		<rel id="sPointingRel3597" xlink:href="scriptorium.life.onnophrius.02.mark.xml#sSpan3797" target="scriptorium.life.onnophrius.02.mark.xml#sSpan3798"/>
		<rel id="sPointingRel3599" xlink:href="scriptorium.life.onnophrius.02.mark.xml#sSpan5237" target="scriptorium.life.onnophrius.02.mark.xml#sSpan5240"/>
		<rel id="sPointingRel3601" xlink:href="scriptorium.life.onnophrius.02.mark.xml#sSpan6177" target="scriptorium.life.onnophrius.02.mark.xml#sSpan6175"/>
		<rel id="sPointingRel3603" xlink:href="scriptorium.life.onnophrius.02.mark.xml#sSpan2600" target="scriptorium.life.onnophrius.02.mark.xml#sSpan2618"/>
		<rel id="sPointingRel3605" xlink:href="scriptorium.life.onnophrius.02.mark.xml#sSpan391" target="scriptorium.life.onnophrius.02.mark.xml#sSpan392"/>
		<rel id="sPointingRel3607" xlink:href="scriptorium.life.onnophrius.02.mark.xml#sSpan3950" target="scriptorium.life.onnophrius.02.mark.xml#sSpan3951"/>
		<rel id="sPointingRel3609" xlink:href="scriptorium.life.onnophrius.02.mark.xml#sSpan1155" target="scriptorium.life.onnophrius.02.mark.xml#sSpan1153"/>
		<rel id="sPointingRel3611" xlink:href="scriptorium.life.onnophrius.02.mark.xml#sSpan528" target="scriptorium.life.onnophrius.02.mark.xml#sSpan530"/>
		<rel id="sPointingRel3613" xlink:href="scriptorium.life.onnophrius.02.mark.xml#sSpan49" target="scriptorium.life.onnophrius.02.mark.xml#sSpan47"/>
		<rel id="sPointingRel3615" xlink:href="scriptorium.life.onnophrius.02.mark.xml#sSpan5930" target="scriptorium.life.onnophrius.02.mark.xml#sSpan5933"/>
		<rel id="sPointingRel3617" xlink:href="scriptorium.life.onnophrius.02.mark.xml#sSpan6000" target="scriptorium.life.onnophrius.02.mark.xml#sSpan5998"/>
		<rel id="sPointingRel3619" xlink:href="scriptorium.life.onnophrius.02.mark.xml#sSpan1759" target="scriptorium.life.onnophrius.02.mark.xml#sSpan1761"/>
		<rel id="sPointingRel3621" xlink:href="scriptorium.life.onnophrius.02.mark.xml#sSpan5468" target="scriptorium.life.onnophrius.02.mark.xml#sSpan5470"/>
		<rel id="sPointingRel3623" xlink:href="scriptorium.life.onnophrius.02.mark.xml#sSpan2298" target="scriptorium.life.onnophrius.02.mark.xml#sSpan2300"/>
		<rel id="sPointingRel3625" xlink:href="scriptorium.life.onnophrius.02.mark.xml#sSpan4150" target="scriptorium.life.onnophrius.02.mark.xml#sSpan4152"/>
		<rel id="sPointingRel3627" xlink:href="scriptorium.life.onnophrius.02.mark.xml#sSpan1170" target="scriptorium.life.onnophrius.02.mark.xml#sSpan1171"/>
		<rel id="sPointingRel3629" xlink:href="scriptorium.life.onnophrius.02.mark.xml#sSpan1510" target="scriptorium.life.onnophrius.02.mark.xml#sSpan1512"/>
		<rel id="sPointingRel3631" xlink:href="scriptorium.life.onnophrius.02.mark.xml#sSpan3519" target="scriptorium.life.onnophrius.02.mark.xml#sSpan3520"/>
		<rel id="sPointingRel3633" xlink:href="scriptorium.life.onnophrius.02.mark.xml#sSpan5214" target="scriptorium.life.onnophrius.02.mark.xml#sSpan5217"/>
		<rel id="sPointingRel3635" xlink:href="scriptorium.life.onnophrius.02.mark.xml#sSpan3376" target="scriptorium.life.onnophrius.02.mark.xml#sSpan3377"/>
		<rel id="sPointingRel3637" xlink:href="scriptorium.life.onnophrius.02.mark.xml#sSpan5774" target="scriptorium.life.onnophrius.02.mark.xml#sSpan5772"/>
		<rel id="sPointingRel3639" xlink:href="scriptorium.life.onnophrius.02.mark.xml#sSpan3963" target="scriptorium.life.onnophrius.02.mark.xml#sSpan3970"/>
		<rel id="sPointingRel3641" xlink:href="scriptorium.life.onnophrius.02.mark.xml#sSpan2929" target="scriptorium.life.onnophrius.02.mark.xml#sSpan2931"/>
		<rel id="sPointingRel3643" xlink:href="scriptorium.life.onnophrius.02.mark.xml#sSpan3772" target="scriptorium.life.onnophrius.02.mark.xml#sSpan3774"/>
		<rel id="sPointingRel3645" xlink:href="scriptorium.life.onnophrius.02.mark.xml#sSpan6317" target="scriptorium.life.onnophrius.02.mark.xml#sSpan6318"/>
		<rel id="sPointingRel3647" xlink:href="scriptorium.life.onnophrius.02.mark.xml#sSpan3027" target="scriptorium.life.onnophrius.02.mark.xml#sSpan3029"/>
		<rel id="sPointingRel3649" xlink:href="scriptorium.life.onnophrius.02.mark.xml#sSpan461" target="scriptorium.life.onnophrius.02.mark.xml#sSpan463"/>
		<rel id="sPointingRel3651" xlink:href="scriptorium.life.onnophrius.02.mark.xml#sSpan1541" target="scriptorium.life.onnophrius.02.mark.xml#sSpan1543"/>
		<rel id="sPointingRel3653" xlink:href="scriptorium.life.onnophrius.02.mark.xml#sSpan3185" target="scriptorium.life.onnophrius.02.mark.xml#sSpan3186"/>
		<rel id="sPointingRel3655" xlink:href="scriptorium.life.onnophrius.02.mark.xml#sSpan5173" target="scriptorium.life.onnophrius.02.mark.xml#sSpan5174"/>
		<rel id="sPointingRel3657" xlink:href="scriptorium.life.onnophrius.02.mark.xml#sSpan4333" target="scriptorium.life.onnophrius.02.mark.xml#sSpan4331"/>
		<rel id="sPointingRel3659" xlink:href="scriptorium.life.onnophrius.02.mark.xml#sSpan4131" target="scriptorium.life.onnophrius.02.mark.xml#sSpan4134"/>
		<rel id="sPointingRel3661" xlink:href="scriptorium.life.onnophrius.02.mark.xml#sSpan2035" target="scriptorium.life.onnophrius.02.mark.xml#sSpan2036"/>
		<rel id="sPointingRel3663" xlink:href="scriptorium.life.onnophrius.02.mark.xml#sSpan2890" target="scriptorium.life.onnophrius.02.mark.xml#sSpan2891"/>
		<rel id="sPointingRel3665" xlink:href="scriptorium.life.onnophrius.02.mark.xml#sSpan6219" target="scriptorium.life.onnophrius.02.mark.xml#sSpan6220"/>
		<rel id="sPointingRel3667" xlink:href="scriptorium.life.onnophrius.02.mark.xml#sSpan6007" target="scriptorium.life.onnophrius.02.mark.xml#sSpan6008"/></relList></paula>