<?xml version='1.0' encoding='UTF-8'?><!DOCTYPE paula SYSTEM "paula_rel.dtd">
<paula version="1.1">
	<header paula_id="scriptorium.1Cor_05.head"/>
	<relList xmlns:xlink="http://www.w3.org/1999/xlink" type="head">
		<rel id="sPointingRel789" xlink:href="scriptorium.1Cor_05.mark.xml#sSpan1371" target="scriptorium.1Cor_05.mark.xml#sSpan1369"/>
		<rel id="sPointingRel791" xlink:href="scriptorium.1Cor_05.mark.xml#sSpan212" target="scriptorium.1Cor_05.mark.xml#sSpan213"/>
		<rel id="sPointingRel793" xlink:href="scriptorium.1Cor_05.mark.xml#sSpan197" target="scriptorium.1Cor_05.mark.xml#sSpan195"/>
		<rel id="sPointingRel795" xlink:href="scriptorium.1Cor_05.mark.xml#sSpan1407" target="scriptorium.1Cor_05.mark.xml#sSpan1405"/>
		<rel id="sPointingRel797" xlink:href="scriptorium.1Cor_05.mark.xml#sSpan331" target="scriptorium.1Cor_05.mark.xml#sSpan329"/>
		<rel id="sPointingRel799" xlink:href="scriptorium.1Cor_05.mark.xml#sSpan1343" target="scriptorium.1Cor_05.mark.xml#sSpan1341"/>
		<rel id="sPointingRel801" xlink:href="scriptorium.1Cor_05.mark.xml#sSpan1018" target="scriptorium.1Cor_05.mark.xml#sSpan1022"/>
		<rel id="sPointingRel803" xlink:href="scriptorium.1Cor_05.mark.xml#sSpan1378" target="scriptorium.1Cor_05.mark.xml#sSpan1387"/>
		<rel id="sPointingRel805" xlink:href="scriptorium.1Cor_05.mark.xml#sSpan493" target="scriptorium.1Cor_05.mark.xml#sSpan495"/>
		<rel id="sPointingRel807" xlink:href="scriptorium.1Cor_05.mark.xml#sSpan100" target="scriptorium.1Cor_05.mark.xml#sSpan101"/>
		<rel id="sPointingRel809" xlink:href="scriptorium.1Cor_05.mark.xml#sSpan1151" target="scriptorium.1Cor_05.mark.xml#sSpan1152"/>
		<rel id="sPointingRel811" xlink:href="scriptorium.1Cor_05.mark.xml#sSpan987" target="scriptorium.1Cor_05.mark.xml#sSpan989"/>
		<rel id="sPointingRel813" xlink:href="scriptorium.1Cor_05.mark.xml#sSpan1245" target="scriptorium.1Cor_05.mark.xml#sSpan1249"/>
		<rel id="sPointingRel815" xlink:href="scriptorium.1Cor_05.mark.xml#sSpan977" target="scriptorium.1Cor_05.mark.xml#sSpan979"/>
		<rel id="sPointingRel817" xlink:href="scriptorium.1Cor_05.mark.xml#sSpan551" target="scriptorium.1Cor_05.mark.xml#sSpan555"/>
		<rel id="sPointingRel819" xlink:href="scriptorium.1Cor_05.mark.xml#sSpan93" target="scriptorium.1Cor_05.mark.xml#sSpan91"/>
		<rel id="sPointingRel821" xlink:href="scriptorium.1Cor_05.mark.xml#sSpan917" target="scriptorium.1Cor_05.mark.xml#sSpan919"/>
		<rel id="sPointingRel823" xlink:href="scriptorium.1Cor_05.mark.xml#sSpan1199" target="scriptorium.1Cor_05.mark.xml#sSpan1201"/>
		<rel id="sPointingRel825" xlink:href="scriptorium.1Cor_05.mark.xml#sSpan511" target="scriptorium.1Cor_05.mark.xml#sSpan513"/>
		<rel id="sPointingRel827" xlink:href="scriptorium.1Cor_05.mark.xml#sSpan188" target="scriptorium.1Cor_05.mark.xml#sSpan189"/>
		<rel id="sPointingRel829" xlink:href="scriptorium.1Cor_05.mark.xml#sSpan831" target="scriptorium.1Cor_05.mark.xml#sSpan832"/>
		<rel id="sPointingRel831" xlink:href="scriptorium.1Cor_05.mark.xml#sSpan722" target="scriptorium.1Cor_05.mark.xml#sSpan724"/>
		<rel id="sPointingRel833" xlink:href="scriptorium.1Cor_05.mark.xml#sSpan845" target="scriptorium.1Cor_05.mark.xml#sSpan843"/>
		<rel id="sPointingRel835" xlink:href="scriptorium.1Cor_05.mark.xml#sSpan541" target="scriptorium.1Cor_05.mark.xml#sSpan542"/>
		<rel id="sPointingRel837" xlink:href="scriptorium.1Cor_05.mark.xml#sSpan1032" target="scriptorium.1Cor_05.mark.xml#sSpan1036"/>
		<rel id="sPointingRel839" xlink:href="scriptorium.1Cor_05.mark.xml#sSpan695" target="scriptorium.1Cor_05.mark.xml#sSpan696"/>
		<rel id="sPointingRel841" xlink:href="scriptorium.1Cor_05.mark.xml#sSpan1181" target="scriptorium.1Cor_05.mark.xml#sSpan1185"/>
		<rel id="sPointingRel843" xlink:href="scriptorium.1Cor_05.mark.xml#sSpan1164" target="scriptorium.1Cor_05.mark.xml#sSpan1168"/>
		<rel id="sPointingRel845" xlink:href="scriptorium.1Cor_05.mark.xml#sSpan437" target="scriptorium.1Cor_05.mark.xml#sSpan438"/>
		<rel id="sPointingRel847" xlink:href="scriptorium.1Cor_05.mark.xml#sSpan1256" target="scriptorium.1Cor_05.mark.xml#sSpan1252"/>
		<rel id="sPointingRel849" xlink:href="scriptorium.1Cor_05.mark.xml#sSpan1130" target="scriptorium.1Cor_05.mark.xml#sSpan1128"/>
		<rel id="sPointingRel851" xlink:href="scriptorium.1Cor_05.mark.xml#sSpan662" target="scriptorium.1Cor_05.mark.xml#sSpan663"/>
		<rel id="sPointingRel853" xlink:href="scriptorium.1Cor_05.mark.xml#sSpan406" target="scriptorium.1Cor_05.mark.xml#sSpan410"/>
		<rel id="sPointingRel855" xlink:href="scriptorium.1Cor_05.mark.xml#sSpan853" target="scriptorium.1Cor_05.mark.xml#sSpan851"/>
		<rel id="sPointingRel857" xlink:href="scriptorium.1Cor_05.mark.xml#sSpan1324" target="scriptorium.1Cor_05.mark.xml#sSpan1322"/>
		<rel id="sPointingRel859" xlink:href="scriptorium.1Cor_05.mark.xml#sSpan447" target="scriptorium.1Cor_05.mark.xml#sSpan451"/>
		<rel id="sPointingRel861" xlink:href="scriptorium.1Cor_05.mark.xml#sSpan477" target="scriptorium.1Cor_05.mark.xml#sSpan475"/>
		<rel id="sPointingRel863" xlink:href="scriptorium.1Cor_05.mark.xml#sSpan767" target="scriptorium.1Cor_05.mark.xml#sSpan771"/>
		<rel id="sPointingRel865" xlink:href="scriptorium.1Cor_05.mark.xml#sSpan629" target="scriptorium.1Cor_05.mark.xml#sSpan630"/>
		<rel id="sPointingRel867" xlink:href="scriptorium.1Cor_05.mark.xml#sSpan869" target="scriptorium.1Cor_05.mark.xml#sSpan871"/>
		<rel id="sPointingRel869" xlink:href="scriptorium.1Cor_05.mark.xml#sSpan583" target="scriptorium.1Cor_05.mark.xml#sSpan584"/>
		<rel id="sPointingRel871" xlink:href="scriptorium.1Cor_05.mark.xml#sSpan346" target="scriptorium.1Cor_05.mark.xml#sSpan347"/>
		<rel id="sPointingRel873" xlink:href="scriptorium.1Cor_05.mark.xml#sSpan614" target="scriptorium.1Cor_05.mark.xml#sSpan615"/>
		<rel id="sPointingRel875" xlink:href="scriptorium.1Cor_05.mark.xml#sSpan1217" target="scriptorium.1Cor_05.mark.xml#sSpan1221"/>
		<rel id="sPointingRel877" xlink:href="scriptorium.1Cor_05.mark.xml#sSpan803" target="scriptorium.1Cor_05.mark.xml#sSpan804"/>
		<rel id="sPointingRel879" xlink:href="scriptorium.1Cor_05.mark.xml#sSpan109" target="scriptorium.1Cor_05.mark.xml#sSpan110"/>
		<rel id="sPointingRel881" xlink:href="scriptorium.1Cor_05.mark.xml#sSpan1231" target="scriptorium.1Cor_05.mark.xml#sSpan1235"/>
		<rel id="sPointingRel883" xlink:href="scriptorium.1Cor_05.mark.xml#sSpan1422" target="scriptorium.1Cor_05.mark.xml#sSpan1424"/>
		<rel id="sPointingRel885" xlink:href="scriptorium.1Cor_05.mark.xml#sSpan256" target="scriptorium.1Cor_05.mark.xml#sSpan258"/>
		<rel id="sPointingRel887" xlink:href="scriptorium.1Cor_05.mark.xml#sSpan755" target="scriptorium.1Cor_05.mark.xml#sSpan757"/>
		<rel id="sPointingRel889" xlink:href="scriptorium.1Cor_05.mark.xml#sSpan24" target="scriptorium.1Cor_05.mark.xml#sSpan26"/>
		<rel id="sPointingRel891" xlink:href="scriptorium.1Cor_05.mark.xml#sSpan527" target="scriptorium.1Cor_05.mark.xml#sSpan529"/>
		<rel id="sPointingRel893" xlink:href="scriptorium.1Cor_05.mark.xml#sSpan1078" target="scriptorium.1Cor_05.mark.xml#sSpan1080"/>
		<rel id="sPointingRel895" xlink:href="scriptorium.1Cor_05.mark.xml#sSpan936" target="scriptorium.1Cor_05.mark.xml#sSpan934"/>
		<rel id="sPointingRel897" xlink:href="scriptorium.1Cor_05.mark.xml#sSpan66" target="scriptorium.1Cor_05.mark.xml#sSpan70"/>
		<rel id="sPointingRel899" xlink:href="scriptorium.1Cor_05.mark.xml#sSpan880" target="scriptorium.1Cor_05.mark.xml#sSpan878"/>
		<rel id="sPointingRel901" xlink:href="scriptorium.1Cor_05.mark.xml#sSpan396" target="scriptorium.1Cor_05.mark.xml#sSpan397"/>
		<rel id="sPointingRel903" xlink:href="scriptorium.1Cor_05.mark.xml#sSpan427" target="scriptorium.1Cor_05.mark.xml#sSpan429"/>
		<rel id="sPointingRel905" xlink:href="scriptorium.1Cor_05.mark.xml#sSpan1000" target="scriptorium.1Cor_05.mark.xml#sSpan1002"/>
		<rel id="sPointingRel907" xlink:href="scriptorium.1Cor_05.mark.xml#sSpan42" target="scriptorium.1Cor_05.mark.xml#sSpan44"/>
		<rel id="sPointingRel909" xlink:href="scriptorium.1Cor_05.mark.xml#sSpan887" target="scriptorium.1Cor_05.mark.xml#sSpan885"/>
		<rel id="sPointingRel911" xlink:href="scriptorium.1Cor_05.mark.xml#sSpan285" target="scriptorium.1Cor_05.mark.xml#sSpan287"/></relList></paula>