<?xml version='1.0' encoding='UTF-8'?><!DOCTYPE paula SYSTEM "paula_feat.dtd">
<paula version="1.1">
	<header paula_id="scriptorium.1Cor_05.mark_verse_n"/>
	<featList xmlns:xlink="http://www.w3.org/1999/xlink" type="verse_n" xml:base="scriptorium.1Cor_05.mark.xml">
		<feat xlink:href="#sSpan10" value="1"/>
		<feat xlink:href="#sSpan126" value="2"/>
		<feat xlink:href="#sSpan227" value="3"/>
		<feat xlink:href="#sSpan370" value="4"/>
		<feat xlink:href="#sSpan465" value="5"/>
		<feat xlink:href="#sSpan573" value="6"/>
		<feat xlink:href="#sSpan650" value="7"/>
		<feat xlink:href="#sSpan781" value="8"/>
		<feat xlink:href="#sSpan895" value="9"/>
		<feat xlink:href="#sSpan946" value="10"/>
		<feat xlink:href="#sSpan1089" value="11"/>
		<feat xlink:href="#sSpan1290" value="12"/>
		<feat xlink:href="#sSpan1381" value="13"/></featList></paula>