<?xml version='1.0' encoding='UTF-8'?><!DOCTYPE paula SYSTEM "paula_mark.dtd">
<paula version="1.1">
	<header paula_id="johannes.canons.FA29-30.tok"/>
	<markList xmlns:xlink="http://www.w3.org/1999/xlink" type="tok" xml:base="johannes.canons.FA29-30.text.xml">
		<!--⸓-->
		<mark id="sTok1" xlink:href="#xpointer(string-range(//body,'',1,1))"/>
		<!--Ⲛ-->
		<mark id="sTok2" xlink:href="#xpointer(string-range(//body,'',3,1))"/>
		<!--ⲣⲙ-->
		<mark id="sTok3" xlink:href="#xpointer(string-range(//body,'',5,2))"/>
		<!--ⲙⲁⲟ-->
		<mark id="sTok4" xlink:href="#xpointer(string-range(//body,'',8,3))"/>
		<!--ⲉ-->
		<mark id="sTok5" xlink:href="#xpointer(string-range(//body,'',12,1))"/>
		<!--ⲩ-->
		<mark id="sTok6" xlink:href="#xpointer(string-range(//body,'',14,1))"/>
		<!--ⲛⲁ-->
		<mark id="sTok7" xlink:href="#xpointer(string-range(//body,'',16,2))"/>
		<!--ϯ-->
		<mark id="sTok8" xlink:href="#xpointer(string-range(//body,'',19,1))"/>
		<!--ⲉ-->
		<mark id="sTok9" xlink:href="#xpointer(string-range(//body,'',21,1))"/>
		<!--ⲟⲟⲩ-->
		<mark id="sTok10" xlink:href="#xpointer(string-range(//body,'',23,3))"/>
		<!--ⲙ-->
		<mark id="sTok11" xlink:href="#xpointer(string-range(//body,'',27,1))"/>
		<!--ⲡ-->
		<mark id="sTok12" xlink:href="#xpointer(string-range(//body,'',29,1))"/>
		<!--ⲣⲙ-->
		<mark id="sTok13" xlink:href="#xpointer(string-range(//body,'',31,2))"/>
		<!--ⲙⲁⲟ-->
		<mark id="sTok14" xlink:href="#xpointer(string-range(//body,'',34,3))"/>
		<!--ϩⲙ-->
		<mark id="sTok15" xlink:href="#xpointer(string-range(//body,'',38,2))"/>
		<!--ⲡ-->
		<mark id="sTok16" xlink:href="#xpointer(string-range(//body,'',41,1))"/>
		<!--ⲛⲁ-->
		<mark id="sTok17" xlink:href="#xpointer(string-range(//body,'',43,2))"/>
		<!--·-->
		<mark id="sTok18" xlink:href="#xpointer(string-range(//body,'',46,1))"/>
		<!--ϩⲙ̄-->
		<mark id="sTok19" xlink:href="#xpointer(string-range(//body,'',48,3))"/>
		<!--ⲡ-->
		<mark id="sTok20" xlink:href="#xpointer(string-range(//body,'',52,1))"/>
		<!--ⲧⲣⲉ-->
		<mark id="sTok21" xlink:href="#xpointer(string-range(//body,'',54,3))"/>
		<!--ⲩ-->
		<mark id="sTok22" xlink:href="#xpointer(string-range(//body,'',58,1))"/>
		<!--ⲥⲟⲟⲩ-->
		<mark id="sTok23" xlink:href="#xpointer(string-range(//body,'',60,4))"/>
		<!--ⲧⲛ-->
		<mark id="sTok24" xlink:href="#xpointer(string-range(//body,'',65,2))"/>
		<!--ⲛ-->
		<mark id="sTok25" xlink:href="#xpointer(string-range(//body,'',68,1))"/>
		<!--ⲧⲟⲟⲧ-->
		<mark id="sTok26" xlink:href="#xpointer(string-range(//body,'',70,4))"/>
		<!--ⲟⲩ-->
		<mark id="sTok27" xlink:href="#xpointer(string-range(//body,'',75,2))"/>
		<!--ⲉⲃⲟⲗ-->
		<mark id="sTok28" xlink:href="#xpointer(string-range(//body,'',78,4))"/>
		<!--ϩⲛ-->
		<mark id="sTok29" xlink:href="#xpointer(string-range(//body,'',83,2))"/>
		<!--ⲧ-->
		<mark id="sTok30" xlink:href="#xpointer(string-range(//body,'',86,1))"/>
		<!--ⲙⲛ︦ⲧ-->
		<mark id="sTok31" xlink:href="#xpointer(string-range(//body,'',88,4))"/>
		<!--ⲛⲁ-->
		<mark id="sTok32" xlink:href="#xpointer(string-range(//body,'',93,2))"/>
		<!--·-->
		<mark id="sTok33" xlink:href="#xpointer(string-range(//body,'',96,1))"/>
		<!--ⲏ̂-->
		<mark id="sTok34" xlink:href="#xpointer(string-range(//body,'',98,2))"/>
		<!--ⲛ-->
		<mark id="sTok35" xlink:href="#xpointer(string-range(//body,'',101,1))"/>
		<!--ⲉⲧ-->
		<mark id="sTok36" xlink:href="#xpointer(string-range(//body,'',103,2))"/>
		<!--ϣⲁⲁⲧ-->
		<mark id="sTok37" xlink:href="#xpointer(string-range(//body,'',106,4))"/>
		<!--ⲉⲧ-->
		<mark id="sTok38" xlink:href="#xpointer(string-range(//body,'',111,2))"/>
		<!--ⲏⲡ-->
		<mark id="sTok39" xlink:href="#xpointer(string-range(//body,'',114,2))"/>
		<!--ⲉ-->
		<mark id="sTok40" xlink:href="#xpointer(string-range(//body,'',117,1))"/>
		<!--ⲧⲉⲓ-->
		<mark id="sTok41" xlink:href="#xpointer(string-range(//body,'',119,3))"/>
		<!--ⲫⲩⲥⲓⲥ-->
		<mark id="sTok42" xlink:href="#xpointer(string-range(//body,'',123,5))"/>
		<!--ⲛ̄-->
		<mark id="sTok43" xlink:href="#xpointer(string-range(//body,'',129,2))"/>
		<!--ⲟⲩⲱⲧⲛ-->
		<mark id="sTok44" xlink:href="#xpointer(string-range(//body,'',132,5))"/>
		<!--ⲙⲙⲁⲩ-->
		<mark id="sTok45" xlink:href="#xpointer(string-range(//body,'',138,4))"/>
		<!--·-->
		<mark id="sTok46" xlink:href="#xpointer(string-range(//body,'',143,1))"/>
		<!--⸓-->
		<mark id="sTok47" xlink:href="#xpointer(string-range(//body,'',145,1))"/>
		<!--Ⲛ-->
		<mark id="sTok48" xlink:href="#xpointer(string-range(//body,'',147,1))"/>
		<!--ϩⲏⲕⲉ-->
		<mark id="sTok49" xlink:href="#xpointer(string-range(//body,'',149,4))"/>
		<!--ⲉ-->
		<mark id="sTok50" xlink:href="#xpointer(string-range(//body,'',154,1))"/>
		<!--ⲩ-->
		<mark id="sTok51" xlink:href="#xpointer(string-range(//body,'',156,1))"/>
		<!--ⲛⲁ-->
		<mark id="sTok52" xlink:href="#xpointer(string-range(//body,'',158,2))"/>
		<!--ϯ-->
		<mark id="sTok53" xlink:href="#xpointer(string-range(//body,'',161,1))"/>
		<!--ⲉⲟⲟⲩ-->
		<mark id="sTok54" xlink:href="#xpointer(string-range(//body,'',163,4))"/>
		<!--ⲛ-->
		<mark id="sTok55" xlink:href="#xpointer(string-range(//body,'',168,1))"/>
		<!--ⲧ-->
		<mark id="sTok56" xlink:href="#xpointer(string-range(//body,'',170,1))"/>
		<!--ⲉⲛ-->
		<mark id="sTok57" xlink:href="#xpointer(string-range(//body,'',172,2))"/>
		<!--ⲧ-->
		<mark id="sTok58" xlink:href="#xpointer(string-range(//body,'',175,1))"/>
		<!--ⲁ-->
		<mark id="sTok59" xlink:href="#xpointer(string-range(//body,'',177,1))"/>
		<!--ⲥ-->
		<mark id="sTok60" xlink:href="#xpointer(string-range(//body,'',179,1))"/>
		<!--ϫⲡⲟ-->
		<mark id="sTok61" xlink:href="#xpointer(string-range(//body,'',181,3))"/>
		<!--ⲙ̄-->
		<mark id="sTok62" xlink:href="#xpointer(string-range(//body,'',185,2))"/>
		<!--ⲡ-->
		<mark id="sTok63" xlink:href="#xpointer(string-range(//body,'',188,1))"/>
		<!--ⲉⲛ-->
		<mark id="sTok64" xlink:href="#xpointer(string-range(//body,'',190,2))"/>
		<!--ⲧ-->
		<mark id="sTok65" xlink:href="#xpointer(string-range(//body,'',193,1))"/>
		<!--ⲁ-->
		<mark id="sTok66" xlink:href="#xpointer(string-range(//body,'',195,1))"/>
		<!--ϥ-->
		<mark id="sTok67" xlink:href="#xpointer(string-range(//body,'',197,1))"/>
		<!--ⲣ-->
		<mark id="sTok68" xlink:href="#xpointer(string-range(//body,'',199,1))"/>
		<!--ϩⲏⲕⲉ-->
		<mark id="sTok69" xlink:href="#xpointer(string-range(//body,'',201,4))"/>
		<!--ⲉ̂-->
		<mark id="sTok70" xlink:href="#xpointer(string-range(//body,'',206,2))"/>
		<!--ϩⲛⲁ-->
		<mark id="sTok71" xlink:href="#xpointer(string-range(//body,'',209,3))"/>
		<!--ϥ-->
		<mark id="sTok72" xlink:href="#xpointer(string-range(//body,'',213,1))"/>
		<!--ⲉⲧⲃⲏⲏ-->
		<mark id="sTok73" xlink:href="#xpointer(string-range(//body,'',215,5))"/>
		<!--ⲧ-->
		<mark id="sTok74" xlink:href="#xpointer(string-range(//body,'',221,1))"/>
		<!--ⲛ-->
		<mark id="sTok75" xlink:href="#xpointer(string-range(//body,'',223,1))"/>
		<!--·-->
		<mark id="sTok76" xlink:href="#xpointer(string-range(//body,'',225,1))"/>
		<!--ϫⲉⲕⲁⲥ-->
		<mark id="sTok77" xlink:href="#xpointer(string-range(//body,'',227,5))"/>
		<!--ⲉϥⲉ-->
		<mark id="sTok78" xlink:href="#xpointer(string-range(//body,'',233,3))"/>
		<!--ⲁⲁ-->
		<mark id="sTok79" xlink:href="#xpointer(string-range(//body,'',237,2))"/>
		<!--ⲛ-->
		<mark id="sTok80" xlink:href="#xpointer(string-range(//body,'',240,1))"/>
		<!--ⲛ̄-->
		<mark id="sTok81" xlink:href="#xpointer(string-range(//body,'',242,2))"/>
		<!--ⲣⲙ-->
		<mark id="sTok82" xlink:href="#xpointer(string-range(//body,'',245,2))"/>
		<!--ⲙⲁⲟ-->
		<mark id="sTok83" xlink:href="#xpointer(string-range(//body,'',248,3))"/>
		<!--ϩ̇ⲛ-->
		<mark id="sTok84" xlink:href="#xpointer(string-range(//body,'',252,3))"/>
		<!--ϩⲉⲛ-->
		<mark id="sTok85" xlink:href="#xpointer(string-range(//body,'',256,3))"/>
		<!--ϩⲃⲏⲩⲉ-->
		<mark id="sTok86" xlink:href="#xpointer(string-range(//body,'',260,5))"/>
		<!--ⲛ-->
		<mark id="sTok87" xlink:href="#xpointer(string-range(//body,'',266,1))"/>
		<!--ⲇⲓⲕⲁⲓⲟⲥⲩⲛⲏ-->
		<mark id="sTok88" xlink:href="#xpointer(string-range(//body,'',268,10))"/>
		<!--·-->
		<mark id="sTok89" xlink:href="#xpointer(string-range(//body,'',279,1))"/>
		<!--⸓-->
		<mark id="sTok90" xlink:href="#xpointer(string-range(//body,'',281,1))"/>
		<!--Ⲛ-->
		<mark id="sTok91" xlink:href="#xpointer(string-range(//body,'',283,1))"/>
		<!--ϩⲙϩⲁⲗ-->
		<mark id="sTok92" xlink:href="#xpointer(string-range(//body,'',285,5))"/>
		<!--ⲉ-->
		<mark id="sTok93" xlink:href="#xpointer(string-range(//body,'',291,1))"/>
		<!--ⲩ-->
		<mark id="sTok94" xlink:href="#xpointer(string-range(//body,'',293,1))"/>
		<!--ⲛⲁ-->
		<mark id="sTok95" xlink:href="#xpointer(string-range(//body,'',295,2))"/>
		<!--ϯ-->
		<mark id="sTok96" xlink:href="#xpointer(string-range(//body,'',298,1))"/>
		<!--ⲉⲟⲟⲩ-->
		<mark id="sTok97" xlink:href="#xpointer(string-range(//body,'',300,4))"/>
		<!--ⲛ-->
		<mark id="sTok98" xlink:href="#xpointer(string-range(//body,'',305,1))"/>
		<!--ⲧ-->
		<mark id="sTok99" xlink:href="#xpointer(string-range(//body,'',307,1))"/>
		<!--ⲉⲛ-->
		<mark id="sTok100" xlink:href="#xpointer(string-range(//body,'',309,2))"/>
		<!--ⲧ-->
		<mark id="sTok101" xlink:href="#xpointer(string-range(//body,'',312,1))"/>
		<!--ⲁ-->
		<mark id="sTok102" xlink:href="#xpointer(string-range(//body,'',314,1))"/>
		<!--ⲥ-->
		<mark id="sTok103" xlink:href="#xpointer(string-range(//body,'',316,1))"/>
		<!--ϫⲡⲟ-->
		<mark id="sTok104" xlink:href="#xpointer(string-range(//body,'',318,3))"/>
		<!--·-->
		<mark id="sTok105" xlink:href="#xpointer(string-range(//body,'',322,1))"/>
		<!--ⲙ-->
		<mark id="sTok106" xlink:href="#xpointer(string-range(//body,'',324,1))"/>
		<!--ⲡ-->
		<mark id="sTok107" xlink:href="#xpointer(string-range(//body,'',326,1))"/>
		<!--ⲉⲛ-->
		<mark id="sTok108" xlink:href="#xpointer(string-range(//body,'',328,2))"/>
		<!--ⲧ-->
		<mark id="sTok109" xlink:href="#xpointer(string-range(//body,'',331,1))"/>
		<!--ⲁ-->
		<mark id="sTok110" xlink:href="#xpointer(string-range(//body,'',333,1))"/>
		<!--ϥ-->
		<mark id="sTok111" xlink:href="#xpointer(string-range(//body,'',335,1))"/>
		<!--ⲡⲱϩⲧ̄-->
		<mark id="sTok112" xlink:href="#xpointer(string-range(//body,'',337,5))"/>
		<!--ⲙ̄-->
		<mark id="sTok113" xlink:href="#xpointer(string-range(//body,'',343,2))"/>
		<!--ⲙⲟ-->
		<mark id="sTok114" xlink:href="#xpointer(string-range(//body,'',346,2))"/>
		<!--ϥ-->
		<mark id="sTok115" xlink:href="#xpointer(string-range(//body,'',349,1))"/>
		<!--ⲉⲃⲟⲗ-->
		<mark id="sTok116" xlink:href="#xpointer(string-range(//body,'',351,4))"/>
		<!--·-->
		<mark id="sTok117" xlink:href="#xpointer(string-range(//body,'',356,1))"/>
		<!--ⲉ-->
		<mark id="sTok118" xlink:href="#xpointer(string-range(//body,'',358,1))"/>
		<!--ⲁ-->
		<mark id="sTok119" xlink:href="#xpointer(string-range(//body,'',360,1))"/>
		<!--ϥ-->
		<mark id="sTok120" xlink:href="#xpointer(string-range(//body,'',362,1))"/>
		<!--ϫⲓ-->
		<mark id="sTok121" xlink:href="#xpointer(string-range(//body,'',364,2))"/>
		<!--ⲛ-->
		<mark id="sTok122" xlink:href="#xpointer(string-range(//body,'',367,1))"/>
		<!--ⲟⲩ-->
		<mark id="sTok123" xlink:href="#xpointer(string-range(//body,'',369,2))"/>
		<!--ⲙⲟⲣⲫⲏ-->
		<mark id="sTok124" xlink:href="#xpointer(string-range(//body,'',372,5))"/>
		<!--ⲛ-->
		<mark id="sTok125" xlink:href="#xpointer(string-range(//body,'',378,1))"/>
		<!--ϩⲙϩⲁⲗ-->
		<mark id="sTok126" xlink:href="#xpointer(string-range(//body,'',380,5))"/>
		<!--ⲉⲧ-->
		<mark id="sTok127" xlink:href="#xpointer(string-range(//body,'',386,2))"/>
		<!--ⲃⲏⲏⲧ-->
		<mark id="sTok128" xlink:href="#xpointer(string-range(//body,'',389,4))"/>
		<!--ⲛ-->
		<mark id="sTok129" xlink:href="#xpointer(string-range(//body,'',394,1))"/>
		<!--·-->
		<mark id="sTok130" xlink:href="#xpointer(string-range(//body,'',396,1))"/>
		<!--ϩⲙ̄-->
		<mark id="sTok131" xlink:href="#xpointer(string-range(//body,'',398,3))"/>
		<!--ⲡ-->
		<mark id="sTok132" xlink:href="#xpointer(string-range(//body,'',402,1))"/>
		<!--ⲧⲣⲉ-->
		<mark id="sTok133" xlink:href="#xpointer(string-range(//body,'',404,3))"/>
		<!--ⲩ-->
		<mark id="sTok134" xlink:href="#xpointer(string-range(//body,'',408,1))"/>
		<!--ⲟⲩⲱⲛϩ-->
		<mark id="sTok135" xlink:href="#xpointer(string-range(//body,'',410,5))"/>
		<!--ⲉⲃⲟⲗ-->
		<mark id="sTok136" xlink:href="#xpointer(string-range(//body,'',416,4))"/>
		<!--ⲛ-->
		<mark id="sTok137" xlink:href="#xpointer(string-range(//body,'',421,1))"/>
		<!--ⲟⲩ-->
		<mark id="sTok138" xlink:href="#xpointer(string-range(//body,'',423,2))"/>
		<!--ⲙⲛ︦ⲧ-->
		<mark id="sTok139" xlink:href="#xpointer(string-range(//body,'',426,4))"/>
		<!--ϩⲙϩⲁⲗ-->
		<mark id="sTok140" xlink:href="#xpointer(string-range(//body,'',431,5))"/>
		<!--ⲛ-->
		<mark id="sTok141" xlink:href="#xpointer(string-range(//body,'',437,1))"/>
		<!--ⲅⲛⲏ-->
		<mark id="sTok142" xlink:href="#xpointer(string-range(//body,'',439,3))"/>
		<!--ⲥⲓⲟⲥ-->
		<mark id="sTok143" xlink:href="#xpointer(string-range(//body,'',443,4))"/>
		<!--ⲉϩⲟⲩⲛ-->
		<mark id="sTok144" xlink:href="#xpointer(string-range(//body,'',448,5))"/>
		<!--ⲉ-->
		<mark id="sTok145" xlink:href="#xpointer(string-range(//body,'',454,1))"/>
		<!--ⲛⲉⲩ-->
		<mark id="sTok146" xlink:href="#xpointer(string-range(//body,'',456,3))"/>
		<!--ϫⲓϫⲓⲥⲟⲟⲩⲉ-->
		<mark id="sTok147" xlink:href="#xpointer(string-range(//body,'',460,9))"/>
		<!--ⲕⲁⲧⲁ-->
		<mark id="sTok148" xlink:href="#xpointer(string-range(//body,'',470,4))"/>
		<!--ⲥⲁ-->
		<mark id="sTok149" xlink:href="#xpointer(string-range(//body,'',475,2))"/>
		<!--ⲣⲝ-->
		<mark id="sTok150" xlink:href="#xpointer(string-range(//body,'',478,2))"/>
		<!--·-->
		<mark id="sTok151" xlink:href="#xpointer(string-range(//body,'',481,1))"/>
		<!--ⲛ-->
		<mark id="sTok152" xlink:href="#xpointer(string-range(//body,'',483,1))"/>
		<!--ϩⲟⲩⲟ-->
		<mark id="sTok153" xlink:href="#xpointer(string-range(//body,'',485,4))"/>
		<!--ⲇⲉ-->
		<mark id="sTok154" xlink:href="#xpointer(string-range(//body,'',490,2))"/>
		<!--ⲉϩⲟⲩⲛ-->
		<mark id="sTok155" xlink:href="#xpointer(string-range(//body,'',493,5))"/>
		<!--ⲉ-->
		<mark id="sTok156" xlink:href="#xpointer(string-range(//body,'',499,1))"/>
		<!--ⲛ-->
		<mark id="sTok157" xlink:href="#xpointer(string-range(//body,'',501,1))"/>
		<!--ⲉⲛⲧⲟ-->
		<mark id="sTok158" xlink:href="#xpointer(string-range(//body,'',503,4))"/>
		<!--ⲗⲏ-->
		<mark id="sTok159" xlink:href="#xpointer(string-range(//body,'',508,2))"/>
		<!--ⲙ-->
		<mark id="sTok160" xlink:href="#xpointer(string-range(//body,'',511,1))"/>
		<!--ⲡⲉⲛ-->
		<mark id="sTok161" xlink:href="#xpointer(string-range(//body,'',513,3))"/>
		<!--ϫⲟⲉⲓⲥ-->
		<mark id="sTok162" xlink:href="#xpointer(string-range(//body,'',517,5))"/>
		<!--ⲧⲏⲣ-->
		<mark id="sTok163" xlink:href="#xpointer(string-range(//body,'',523,3))"/>
		<!--ⲛ-->
		<mark id="sTok164" xlink:href="#xpointer(string-range(//body,'',527,1))"/>
		<!--ϩⲓ-->
		<mark id="sTok165" xlink:href="#xpointer(string-range(//body,'',529,2))"/>
		<!--ⲟⲩ-->
		<mark id="sTok166" xlink:href="#xpointer(string-range(//body,'',532,2))"/>
		<!--ⲥⲟⲡ-->
		<mark id="sTok167" xlink:href="#xpointer(string-range(//body,'',535,3))"/>
		<!--·-->
		<mark id="sTok168" xlink:href="#xpointer(string-range(//body,'',539,1))"/>
		<!--Ⲁ-->
		<mark id="sTok169" xlink:href="#xpointer(string-range(//body,'',541,1))"/>
		<!--ⲛⲟⲛ-->
		<mark id="sTok170" xlink:href="#xpointer(string-range(//body,'',543,3))"/>
		<!--ⲛ-->
		<mark id="sTok171" xlink:href="#xpointer(string-range(//body,'',547,1))"/>
		<!--ⲟⲩⲏⲏⲃ-->
		<mark id="sTok172" xlink:href="#xpointer(string-range(//body,'',549,5))"/>
		<!--ⲉ-->
		<mark id="sTok173" xlink:href="#xpointer(string-range(//body,'',555,1))"/>
		<!--ⲛ-->
		<mark id="sTok174" xlink:href="#xpointer(string-range(//body,'',557,1))"/>
		<!--ⲛⲁ-->
		<mark id="sTok175" xlink:href="#xpointer(string-range(//body,'',559,2))"/>
		<!--ϯ-->
		<mark id="sTok176" xlink:href="#xpointer(string-range(//body,'',562,1))"/>
		<!--ⲉⲟⲟⲩ-->
		<mark id="sTok177" xlink:href="#xpointer(string-range(//body,'',564,4))"/>
		<!--ⲛ̄-->
		<mark id="sTok178" xlink:href="#xpointer(string-range(//body,'',569,2))"/>
		<!--ⲧ-->
		<mark id="sTok179" xlink:href="#xpointer(string-range(//body,'',572,1))"/>
		<!--ⲉⲛⲧ-->
		<mark id="sTok180" xlink:href="#xpointer(string-range(//body,'',574,3))"/>
		<!--ⲁ-->
		<mark id="sTok181" xlink:href="#xpointer(string-range(//body,'',578,1))"/>
		<!--ⲥ-->
		<mark id="sTok182" xlink:href="#xpointer(string-range(//body,'',580,1))"/>
		<!--ϫ̣ⲡ̣ⲟ-->
		<mark id="sTok183" xlink:href="#xpointer(string-range(//body,'',582,5))"/>
		<!--ⲛⲁ-->
		<mark id="sTok184" xlink:href="#xpointer(string-range(//body,'',588,2))"/>
		<!--ⲛ-->
		<mark id="sTok185" xlink:href="#xpointer(string-range(//body,'',591,1))"/>
		<!--ⲙ-->
		<mark id="sTok186" xlink:href="#xpointer(string-range(//body,'',593,1))"/>
		<!--ⲡ-->
		<mark id="sTok187" xlink:href="#xpointer(string-range(//body,'',595,1))"/>
		<!--ⲟⲩⲏ-->
		<mark id="sTok188" xlink:href="#xpointer(string-range(//body,'',597,3))"/>
		<!--ⲏⲃ-->
		<mark id="sTok189" xlink:href="#xpointer(string-range(//body,'',601,2))"/>
		<!--ϣⲁ-->
		<mark id="sTok190" xlink:href="#xpointer(string-range(//body,'',604,2))"/>
		<!--ⲉⲛⲉϩ-->
		<mark id="sTok191" xlink:href="#xpointer(string-range(//body,'',607,4))"/>
		<!--ⲕⲁⲧⲁ-->
		<mark id="sTok192" xlink:href="#xpointer(string-range(//body,'',612,4))"/>
		<!--ⲧ-->
		<mark id="sTok193" xlink:href="#xpointer(string-range(//body,'',617,1))"/>
		<!--ⲇⲁⲝⲓⲥ-->
		<mark id="sTok194" xlink:href="#xpointer(string-range(//body,'',619,5))"/>
		<!--ⲙ̇-->
		<mark id="sTok195" xlink:href="#xpointer(string-range(//body,'',625,2))"/>
		<!--ⲙⲉⲗⲭⲓⲥⲉⲇⲉⲕ-->
		<mark id="sTok196" xlink:href="#xpointer(string-range(//body,'',628,10))"/>
		<!--ϩⲙ-->
		<mark id="sTok197" xlink:href="#xpointer(string-range(//body,'',639,2))"/>
		<!--ⲡ-->
		<mark id="sTok198" xlink:href="#xpointer(string-range(//body,'',642,1))"/>
		<!--ⲧⲣⲉ-->
		<mark id="sTok199" xlink:href="#xpointer(string-range(//body,'',644,3))"/>
		<!--ⲛ-->
		<mark id="sTok200" xlink:href="#xpointer(string-range(//body,'',648,1))"/>
		<!--ⲧⲃⲃⲟ-->
		<mark id="sTok201" xlink:href="#xpointer(string-range(//body,'',650,4))"/>
		<!--ⲛ-->
		<mark id="sTok202" xlink:href="#xpointer(string-range(//body,'',655,1))"/>
		<!--·-->
		<mark id="sTok203" xlink:href="#xpointer(string-range(//body,'',657,1))"/>
		<!--ⲕⲁⲧⲁ-->
		<mark id="sTok204" xlink:href="#xpointer(string-range(//body,'',659,4))"/>
		<!--ⲑ-->
		<mark id="sTok205" xlink:href="#xpointer(string-range(//body,'',664,1))"/>
		<!--ⲉ-->
		<mark id="sTok206" xlink:href="#xpointer(string-range(//body,'',666,1))"/>
		<!--ⲉⲧ-->
		<mark id="sTok207" xlink:href="#xpointer(string-range(//body,'',668,2))"/>
		<!--ⲥⲏϩ-->
		<mark id="sTok208" xlink:href="#xpointer(string-range(//body,'',671,3))"/>
		<!--ϫⲉ-->
		<mark id="sTok209" xlink:href="#xpointer(string-range(//body,'',675,2))"/>
		<!--ⲛ-->
		<mark id="sTok210" xlink:href="#xpointer(string-range(//body,'',678,1))"/>
		<!--ⲟⲩⲏⲏⲃ-->
		<mark id="sTok211" xlink:href="#xpointer(string-range(//body,'',680,5))"/>
		<!--ⲉⲧ-->
		<mark id="sTok212" xlink:href="#xpointer(string-range(//body,'',686,2))"/>
		<!--ϩⲏⲛ-->
		<mark id="sTok213" xlink:href="#xpointer(string-range(//body,'',689,3))"/>
		<!--ⲉϩⲟⲩⲛ-->
		<mark id="sTok214" xlink:href="#xpointer(string-range(//body,'',693,5))"/>
		<!--ⲉ-->
		<mark id="sTok215" xlink:href="#xpointer(string-range(//body,'',699,1))"/>
		<!--ⲡ-->
		<mark id="sTok216" xlink:href="#xpointer(string-range(//body,'',701,1))"/>
		<!--ⲛⲟⲩⲧⲉ-->
		<mark id="sTok217" xlink:href="#xpointer(string-range(//body,'',703,5))"/>
		<!--ⲙⲁ-->
		<mark id="sTok218" xlink:href="#xpointer(string-range(//body,'',709,2))"/>
		<!--ⲣ-->
		<mark id="sTok219" xlink:href="#xpointer(string-range(//body,'',712,1))"/>
		<!--ⲟⲩ-->
		<mark id="sTok220" xlink:href="#xpointer(string-range(//body,'',714,2))"/>
		<!--ⲧⲃⲃⲟ-->
		<mark id="sTok221" xlink:href="#xpointer(string-range(//body,'',717,4))"/>
		<!--ⲟⲩ-->
		<mark id="sTok222" xlink:href="#xpointer(string-range(//body,'',722,2))"/>
		<!--ⲙⲏⲡⲟⲧⲉ-->
		<mark id="sTok223" xlink:href="#xpointer(string-range(//body,'',725,6))"/>
		<!--ⲛⲧⲉ-->
		<mark id="sTok224" xlink:href="#xpointer(string-range(//body,'',732,3))"/>
		<!--ⲡ-->
		<mark id="sTok225" xlink:href="#xpointer(string-range(//body,'',736,1))"/>
		<!--ϫⲟⲉⲓⲥ-->
		<mark id="sTok226" xlink:href="#xpointer(string-range(//body,'',738,5))"/>
		<!--ⲧⲁⲕⲉ-->
		<mark id="sTok227" xlink:href="#xpointer(string-range(//body,'',744,4))"/>
		<!--ϩⲟⲓⲛⲉ-->
		<mark id="sTok228" xlink:href="#xpointer(string-range(//body,'',749,5))"/>
		<!--ⲉⲃⲟⲗ-->
		<mark id="sTok229" xlink:href="#xpointer(string-range(//body,'',755,4))"/>
		<!--ⲛϩⲏ-->
		<mark id="sTok230" xlink:href="#xpointer(string-range(//body,'',760,3))"/>
		<!--ⲧ-->
		<mark id="sTok231" xlink:href="#xpointer(string-range(//body,'',764,1))"/>
		<!--ⲟⲩ-->
		<mark id="sTok232" xlink:href="#xpointer(string-range(//body,'',766,2))"/>
		<!--·-->
		<mark id="sTok233" xlink:href="#xpointer(string-range(//body,'',769,1))"/>
		<!--Ⲉ-->
		<mark id="sTok234" xlink:href="#xpointer(string-range(//body,'',771,1))"/>
		<!--ⲛ-->
		<mark id="sTok235" xlink:href="#xpointer(string-range(//body,'',773,1))"/>
		<!--ⲣ-->
		<mark id="sTok236" xlink:href="#xpointer(string-range(//body,'',775,1))"/>
		<!--ϩⲟⲩⲉ-->
		<mark id="sTok237" xlink:href="#xpointer(string-range(//body,'',777,4))"/>
		<!--ⲣ-->
		<mark id="sTok238" xlink:href="#xpointer(string-range(//body,'',782,1))"/>
		<!--ϩⲟⲧⲉ-->
		<mark id="sTok239" xlink:href="#xpointer(string-range(//body,'',784,4))"/>
		<!--ⲟⲛ-->
		<mark id="sTok240" xlink:href="#xpointer(string-range(//body,'',789,2))"/>
		<!--·-->
		<mark id="sTok241" xlink:href="#xpointer(string-range(//body,'',792,1))"/>
		<!--ϫⲉ-->
		<mark id="sTok242" xlink:href="#xpointer(string-range(//body,'',794,2))"/>
		<!--ⲛⲛⲉ-->
		<mark id="sTok243" xlink:href="#xpointer(string-range(//body,'',797,3))"/>
		<!--ⲩ-->
		<mark id="sTok244" xlink:href="#xpointer(string-range(//body,'',801,1))"/>
		<!--ϭⲛ-->
		<mark id="sTok245" xlink:href="#xpointer(string-range(//body,'',803,2))"/>
		<!--ⲧ-->
		<mark id="sTok246" xlink:href="#xpointer(string-range(//body,'',806,1))"/>
		<!--ⲛ-->
		<mark id="sTok247" xlink:href="#xpointer(string-range(//body,'',808,1))"/>
		<!--ⲉ-->
		<mark id="sTok248" xlink:href="#xpointer(string-range(//body,'',810,1))"/>
		<!--ⲛ-->
		<mark id="sTok249" xlink:href="#xpointer(string-range(//body,'',812,1))"/>
		<!--ϩⲏⲛ-->
		<mark id="sTok250" xlink:href="#xpointer(string-range(//body,'',814,3))"/>
		<!--ⲉϩⲟⲩⲛ-->
		<mark id="sTok251" xlink:href="#xpointer(string-range(//body,'',818,5))"/>
		<!--ⲉⲣⲟ-->
		<mark id="sTok252" xlink:href="#xpointer(string-range(//body,'',824,3))"/>
		<!--ϥ-->
		<mark id="sTok253" xlink:href="#xpointer(string-range(//body,'',828,1))"/>
		<!--ⲙ̄-->
		<mark id="sTok254" xlink:href="#xpointer(string-range(//body,'',830,2))"/>
		<!--ⲡⲉⲓ-->
		<mark id="sTok255" xlink:href="#xpointer(string-range(//body,'',833,3))"/>
		<!--ⲙⲁ-->
		<mark id="sTok256" xlink:href="#xpointer(string-range(//body,'',837,2))"/>
		<!--ⲡⲁⲣⲁ-->
		<mark id="sTok257" xlink:href="#xpointer(string-range(//body,'',840,4))"/>
		<!--ⲟⲩ-->
		<mark id="sTok258" xlink:href="#xpointer(string-range(//body,'',845,2))"/>
		<!--ⲟⲛ-->
		<mark id="sTok259" xlink:href="#xpointer(string-range(//body,'',848,2))"/>
		<!--ⲛⲓⲙ-->
		<mark id="sTok260" xlink:href="#xpointer(string-range(//body,'',851,3))"/>
		<!--·-->
		<mark id="sTok261" xlink:href="#xpointer(string-range(//body,'',855,1))"/>
		<!--ⲉ-->
		<mark id="sTok262" xlink:href="#xpointer(string-range(//body,'',857,1))"/>
		<!--ⲛ-->
		<mark id="sTok263" xlink:href="#xpointer(string-range(//body,'',859,1))"/>
		<!--ⲟⲩ-->
		<mark id="sTok264" xlink:href="#xpointer(string-range(//body,'',861,2))"/>
		<!--ⲏⲩ-->
		<mark id="sTok265" xlink:href="#xpointer(string-range(//body,'',864,2))"/>
		<!--ⲇⲉ-->
		<mark id="sTok266" xlink:href="#xpointer(string-range(//body,'',867,2))"/>
		<!--ⲉⲃⲟⲗ-->
		<mark id="sTok267" xlink:href="#xpointer(string-range(//body,'',870,4))"/>
		<!--ⲙ̄-->
		<mark id="sTok268" xlink:href="#xpointer(string-range(//body,'',875,2))"/>
		<!--ⲙⲟ-->
		<mark id="sTok269" xlink:href="#xpointer(string-range(//body,'',878,2))"/>
		<!--ϥ-->
		<mark id="sTok270" xlink:href="#xpointer(string-range(//body,'',881,1))"/>
		<!--ϩⲙ-->
		<mark id="sTok271" xlink:href="#xpointer(string-range(//body,'',883,2))"/>
		<!--ⲡ-->
		<mark id="sTok272" xlink:href="#xpointer(string-range(//body,'',886,1))"/>
		<!--ⲕⲉ-->
		<mark id="sTok273" xlink:href="#xpointer(string-range(//body,'',888,2))"/>
		<!--ⲙⲁ-->
		<mark id="sTok274" xlink:href="#xpointer(string-range(//body,'',891,2))"/>
		<!--ⲡⲁⲣⲁ-->
		<mark id="sTok275" xlink:href="#xpointer(string-range(//body,'',894,4))"/>
		<!--ⲟⲩⲟⲛ-->
		<mark id="sTok276" xlink:href="#xpointer(string-range(//body,'',899,4))"/>
		<!--ⲛⲓⲙ-->
		<mark id="sTok277" xlink:href="#xpointer(string-range(//body,'',904,3))"/>
		<!--ⲉⲧⲃⲉ-->
		<mark id="sTok278" xlink:href="#xpointer(string-range(//body,'',908,4))"/>
		<!--ⲛⲉⲛ-->
		<mark id="sTok279" xlink:href="#xpointer(string-range(//body,'',913,3))"/>
		<!--ⲛⲟⲃⲉ-->
		<mark id="sTok280" xlink:href="#xpointer(string-range(//body,'',917,4))"/>
		<!--·-->
		<mark id="sTok281" xlink:href="#xpointer(string-range(//body,'',922,1))"/>
		<!--Ⲁ-->
		<mark id="sTok282" xlink:href="#xpointer(string-range(//body,'',924,1))"/>
		<!--ⲛⲟⲛ-->
		<mark id="sTok283" xlink:href="#xpointer(string-range(//body,'',926,3))"/>
		<!--ⲇⲉ-->
		<mark id="sTok284" xlink:href="#xpointer(string-range(//body,'',930,2))"/>
		<!--ⲧⲏⲣ-->
		<mark id="sTok285" xlink:href="#xpointer(string-range(//body,'',933,3))"/>
		<!--ⲛ̄-->
		<mark id="sTok286" xlink:href="#xpointer(string-range(//body,'',937,2))"/>
		<!--ϩⲓ-->
		<mark id="sTok287" xlink:href="#xpointer(string-range(//body,'',940,2))"/>
		<!--ⲟⲩⲟⲡ-->
		<mark id="sTok288" xlink:href="#xpointer(string-range(//body,'',943,4))"/>
		<!--·-->
		<mark id="sTok289" xlink:href="#xpointer(string-range(//body,'',948,1))"/>
		<!--ⲉⲓⲧⲉ-->
		<mark id="sTok290" xlink:href="#xpointer(string-range(//body,'',950,4))"/>
		<!--ⲛ-->
		<mark id="sTok291" xlink:href="#xpointer(string-range(//body,'',955,1))"/>
		<!--ⲟⲩⲏⲏⲃ-->
		<mark id="sTok292" xlink:href="#xpointer(string-range(//body,'',957,5))"/>
		<!--ⲉⲓⲧⲉ-->
		<mark id="sTok293" xlink:href="#xpointer(string-range(//body,'',963,4))"/>
		<!--ⲡ-->
		<mark id="sTok294" xlink:href="#xpointer(string-range(//body,'',968,1))"/>
		<!--ⲗⲁⲟⲥ-->
		<mark id="sTok295" xlink:href="#xpointer(string-range(//body,'',970,4))"/>
		<!--·-->
		<mark id="sTok296" xlink:href="#xpointer(string-range(//body,'',975,1))"/>
		<!--ⲙⲁⲣⲉ-->
		<mark id="sTok297" xlink:href="#xpointer(string-range(//body,'',977,4))"/>
		<!--ⲛ-->
		<mark id="sTok298" xlink:href="#xpointer(string-range(//body,'',982,1))"/>
		<!--ⲡⲁⲣⲁⲕⲁⲗⲉⲓ-->
		<mark id="sTok299" xlink:href="#xpointer(string-range(//body,'',984,9))"/>
		<!--ⲁⲩⲱ-->
		<mark id="sTok300" xlink:href="#xpointer(string-range(//body,'',994,3))"/>
		<!--ⲛ-->
		<mark id="sTok301" xlink:href="#xpointer(string-range(//body,'',998,1))"/>
		<!--ⲧⲛ-->
		<mark id="sTok302" xlink:href="#xpointer(string-range(//body,'',1000,2))"/>
		<!--ⲧⲱ-->
		<mark id="sTok303" xlink:href="#xpointer(string-range(//body,'',1003,2))"/>
		<!--ⲃϩ-->
		<mark id="sTok304" xlink:href="#xpointer(string-range(//body,'',1006,2))"/>
		<!--ϩⲙ̄-->
		<mark id="sTok305" xlink:href="#xpointer(string-range(//body,'',1009,3))"/>
		<!--ⲡⲉⲛ-->
		<mark id="sTok306" xlink:href="#xpointer(string-range(//body,'',1013,3))"/>
		<!--ϩⲏⲧ-->
		<mark id="sTok307" xlink:href="#xpointer(string-range(//body,'',1017,3))"/>
		<!--ⲧⲏⲣ-->
		<mark id="sTok308" xlink:href="#xpointer(string-range(//body,'',1021,3))"/>
		<!--ϥ̄-->
		<mark id="sTok309" xlink:href="#xpointer(string-range(//body,'',1025,2))"/>
		<!--·-->
		<mark id="sTok310" xlink:href="#xpointer(string-range(//body,'',1028,1))"/>
		<!--ⲛ-->
		<mark id="sTok311" xlink:href="#xpointer(string-range(//body,'',1030,1))"/>
		<!--ⲧ-->
		<mark id="sTok312" xlink:href="#xpointer(string-range(//body,'',1032,1))"/>
		<!--ⲉ-->
		<mark id="sTok313" xlink:href="#xpointer(string-range(//body,'',1034,1))"/>
		<!--ⲧⲉ-->
		<mark id="sTok314" xlink:href="#xpointer(string-range(//body,'',1036,2))"/>
		<!--ⲟⲩⲛ-->
		<mark id="sTok315" xlink:href="#xpointer(string-range(//body,'',1039,3))"/>
		<!--ϣ-->
		<mark id="sTok316" xlink:href="#xpointer(string-range(//body,'',1043,1))"/>
		<!--ϭⲟⲙ-->
		<mark id="sTok317" xlink:href="#xpointer(string-range(//body,'',1045,3))"/>
		<!--ⲙⲙⲟ-->
		<mark id="sTok318" xlink:href="#xpointer(string-range(//body,'',1049,3))"/>
		<!--ⲥ-->
		<mark id="sTok319" xlink:href="#xpointer(string-range(//body,'',1053,1))"/>
		<!--ⲉ-->
		<mark id="sTok320" xlink:href="#xpointer(string-range(//body,'',1055,1))"/>
		<!--ⲥⲟⲡⲥ-->
		<mark id="sTok321" xlink:href="#xpointer(string-range(//body,'',1057,4))"/>
		<!--ⲉϫⲱ-->
		<mark id="sTok322" xlink:href="#xpointer(string-range(//body,'',1062,3))"/>
		<!--ⲛ-->
		<mark id="sTok323" xlink:href="#xpointer(string-range(//body,'',1066,1))"/>
		<!--ⲛ̄ⲛⲁ-->
		<mark id="sTok324" xlink:href="#xpointer(string-range(//body,'',1068,4))"/>
		<!--ϩⲣⲙ̇-->
		<mark id="sTok325" xlink:href="#xpointer(string-range(//body,'',1073,4))"/>
		<!--ⲡ-->
		<mark id="sTok326" xlink:href="#xpointer(string-range(//body,'',1078,1))"/>
		<!--ⲛⲟⲩⲧⲉ-->
		<mark id="sTok327" xlink:href="#xpointer(string-range(//body,'',1080,5))"/>
		<!--ⲉϩⲟⲩⲉ-->
		<mark id="sTok328" xlink:href="#xpointer(string-range(//body,'',1086,5))"/>
		<!--ⲉ-->
		<mark id="sTok329" xlink:href="#xpointer(string-range(//body,'',1092,1))"/>
		<!--ⲛ-->
		<mark id="sTok330" xlink:href="#xpointer(string-range(//body,'',1094,1))"/>
		<!--ⲉⲧ-->
		<mark id="sTok331" xlink:href="#xpointer(string-range(//body,'',1096,2))"/>
		<!--ⲟⲩⲁⲁⲃ-->
		<mark id="sTok332" xlink:href="#xpointer(string-range(//body,'',1099,5))"/>
		<!--ⲧⲏⲣ-->
		<mark id="sTok333" xlink:href="#xpointer(string-range(//body,'',1105,3))"/>
		<!--ⲟⲩ-->
		<mark id="sTok334" xlink:href="#xpointer(string-range(//body,'',1109,2))"/>
		<!--ⲧⲉ-->
		<mark id="sTok335" xlink:href="#xpointer(string-range(//body,'',1112,2))"/>
		<!--ⲑⲉⲟⲇⲱⲕⲟⲥ-->
		<mark id="sTok336" xlink:href="#xpointer(string-range(//body,'',1115,8))"/>
		<!--ⲉⲧ-->
		<mark id="sTok337" xlink:href="#xpointer(string-range(//body,'',1124,2))"/>
		<!--ⲟⲩⲁⲁⲃ-->
		<mark id="sTok338" xlink:href="#xpointer(string-range(//body,'',1127,5))"/>
		<!--ⲙⲁⲣⲓⲁ-->
		<mark id="sTok339" xlink:href="#xpointer(string-range(//body,'',1133,5))"/>
		<!--ⲧ-->
		<mark id="sTok340" xlink:href="#xpointer(string-range(//body,'',1139,1))"/>
		<!--ⲉⲛⲧ-->
		<mark id="sTok341" xlink:href="#xpointer(string-range(//body,'',1141,3))"/>
		<!--ⲁ-->
		<mark id="sTok342" xlink:href="#xpointer(string-range(//body,'',1145,1))"/>
		<!--ⲡ-->
		<mark id="sTok343" xlink:href="#xpointer(string-range(//body,'',1147,1))"/>
		<!--ⲛⲟⲩ-->
		<mark id="sTok344" xlink:href="#xpointer(string-range(//body,'',1149,3))"/>
		<!--ⲧⲉ-->
		<mark id="sTok345" xlink:href="#xpointer(string-range(//body,'',1153,2))"/>
		<!--ϯ-->
		<mark id="sTok346" xlink:href="#xpointer(string-range(//body,'',1156,1))"/>
		<!--ⲉⲟⲟⲩ-->
		<mark id="sTok347" xlink:href="#xpointer(string-range(//body,'',1158,4))"/>
		<!--ⲛⲁ-->
		<mark id="sTok348" xlink:href="#xpointer(string-range(//body,'',1163,2))"/>
		<!--ⲥ-->
		<mark id="sTok349" xlink:href="#xpointer(string-range(//body,'',1166,1))"/>
		<!--ϩⲛ̄-->
		<mark id="sTok350" xlink:href="#xpointer(string-range(//body,'',1168,3))"/>
		<!--ⲧ-->
		<mark id="sTok351" xlink:href="#xpointer(string-range(//body,'',1172,1))"/>
		<!--ⲡⲉ-->
		<mark id="sTok352" xlink:href="#xpointer(string-range(//body,'',1174,2))"/>
		<!--·-->
		<mark id="sTok353" xlink:href="#xpointer(string-range(//body,'',1177,1))"/>
		<!--ⲁⲩⲱ-->
		<mark id="sTok354" xlink:href="#xpointer(string-range(//body,'',1179,3))"/>
		<!--ϩⲓ-->
		<mark id="sTok355" xlink:href="#xpointer(string-range(//body,'',1183,2))"/>
		<!--ϫⲙ-->
		<mark id="sTok356" xlink:href="#xpointer(string-range(//body,'',1186,2))"/>
		<!--ⲡ-->
		<mark id="sTok357" xlink:href="#xpointer(string-range(//body,'',1189,1))"/>
		<!--ⲕⲁϩ-->
		<mark id="sTok358" xlink:href="#xpointer(string-range(//body,'',1191,3))"/>
		<!--ⲉϩⲟⲩⲉ-->
		<mark id="sTok359" xlink:href="#xpointer(string-range(//body,'',1195,5))"/>
		<!--ⲡ-->
		<mark id="sTok360" xlink:href="#xpointer(string-range(//body,'',1201,1))"/>
		<!--ⲥⲱⲛⲧ-->
		<mark id="sTok361" xlink:href="#xpointer(string-range(//body,'',1203,4))"/>
		<!--ⲧⲏ-->
		<mark id="sTok362" xlink:href="#xpointer(string-range(//body,'',1208,2))"/>
		<!--ⲣ-->
		<mark id="sTok363" xlink:href="#xpointer(string-range(//body,'',1211,1))"/>
		<!--ϥ-->
		<mark id="sTok364" xlink:href="#xpointer(string-range(//body,'',1213,1))"/>
		<!--·-->
		<mark id="sTok365" xlink:href="#xpointer(string-range(//body,'',1215,1))"/>
		<!--ⲛ-->
		<mark id="sTok366" xlink:href="#xpointer(string-range(//body,'',1217,1))"/>
		<!--ⲉⲧ-->
		<mark id="sTok367" xlink:href="#xpointer(string-range(//body,'',1219,2))"/>
		<!--ⲛ-->
		<mark id="sTok368" xlink:href="#xpointer(string-range(//body,'',1222,1))"/>
		<!--ⲛⲁⲩ-->
		<mark id="sTok369" xlink:href="#xpointer(string-range(//body,'',1224,3))"/>
		<!--ⲉⲣⲟ-->
		<mark id="sTok370" xlink:href="#xpointer(string-range(//body,'',1228,3))"/>
		<!--ⲟⲩ-->
		<mark id="sTok371" xlink:href="#xpointer(string-range(//body,'',1232,2))"/>
		<!--·-->
		<mark id="sTok372" xlink:href="#xpointer(string-range(//body,'',1235,1))"/>
		<!--ⲙⲛ-->
		<mark id="sTok373" xlink:href="#xpointer(string-range(//body,'',1237,2))"/>
		<!--ⲛ-->
		<mark id="sTok374" xlink:href="#xpointer(string-range(//body,'',1240,1))"/>
		<!--ⲉ-->
		<mark id="sTok375" xlink:href="#xpointer(string-range(//body,'',1242,1))"/>
		<!--ⲧ-->
		<mark id="sTok376" xlink:href="#xpointer(string-range(//body,'',1244,1))"/>
		<!--ⲛ-->
		<mark id="sTok377" xlink:href="#xpointer(string-range(//body,'',1246,1))"/>
		<!--ⲛⲁⲩ-->
		<mark id="sTok378" xlink:href="#xpointer(string-range(//body,'',1248,3))"/>
		<!--ⲉⲣⲟ-->
		<mark id="sTok379" xlink:href="#xpointer(string-range(//body,'',1252,3))"/>
		<!--ⲟⲩ-->
		<mark id="sTok380" xlink:href="#xpointer(string-range(//body,'',1256,2))"/>
		<!--ⲁⲛ-->
		<mark id="sTok381" xlink:href="#xpointer(string-range(//body,'',1259,2))"/>
		<!--ϫⲉⲕⲁⲥ-->
		<mark id="sTok382" xlink:href="#xpointer(string-range(//body,'',1262,5))"/>
		<!--ⲉⲥⲉ-->
		<mark id="sTok383" xlink:href="#xpointer(string-range(//body,'',1268,3))"/>
		<!--ⲡⲣⲉⲥ-->
		<mark id="sTok384" xlink:href="#xpointer(string-range(//body,'',1272,4))"/>
		<!--ⲃⲉⲩⲉ-->
		<mark id="sTok385" xlink:href="#xpointer(string-range(//body,'',1277,4))"/>
		<!--ϩⲁⲣⲟ-->
		<mark id="sTok386" xlink:href="#xpointer(string-range(//body,'',1282,4))"/>
		<!--ⲛ-->
		<mark id="sTok387" xlink:href="#xpointer(string-range(//body,'',1287,1))"/>
		<!--ⲛ̄-->
		<mark id="sTok388" xlink:href="#xpointer(string-range(//body,'',1289,2))"/>
		<!--ⲛ̄ⲁ̇ϩⲣⲙ-->
		<mark id="sTok389" xlink:href="#xpointer(string-range(//body,'',1292,7))"/>
		<!--ⲡⲉⲥ-->
		<mark id="sTok390" xlink:href="#xpointer(string-range(//body,'',1300,3))"/>
		<!--ϣⲏ-->
		<mark id="sTok391" xlink:href="#xpointer(string-range(//body,'',1304,2))"/>
		<!--ⲣⲉ-->
		<mark id="sTok392" xlink:href="#xpointer(string-range(//body,'',1307,2))"/>
		<!--ⲡ-->
		<mark id="sTok393" xlink:href="#xpointer(string-range(//body,'',1310,1))"/>
		<!--ⲛⲟⲩⲧⲉ-->
		<mark id="sTok394" xlink:href="#xpointer(string-range(//body,'',1312,5))"/>
		<!--ⲙ-->
		<mark id="sTok395" xlink:href="#xpointer(string-range(//body,'',1318,1))"/>
		<!--ⲙⲉ-->
		<mark id="sTok396" xlink:href="#xpointer(string-range(//body,'',1320,2))"/>
		<!--·-->
		<mark id="sTok397" xlink:href="#xpointer(string-range(//body,'',1323,1))"/>
		<!--Ϫ-->
		<mark id="sTok398" xlink:href="#xpointer(string-range(//body,'',1325,1))"/>
		<!--ⲉⲕⲁⲥ-->
		<mark id="sTok399" xlink:href="#xpointer(string-range(//body,'',1327,4))"/>
		<!--ⲉϥⲉ-->
		<mark id="sTok400" xlink:href="#xpointer(string-range(//body,'',1332,3))"/>
		<!--ϩⲱⲃⲥ̄-->
		<mark id="sTok401" xlink:href="#xpointer(string-range(//body,'',1336,5))"/>
		<!--ⲉⲃⲟⲗ-->
		<mark id="sTok402" xlink:href="#xpointer(string-range(//body,'',1342,4))"/>
		<!--ⲉϫⲛ-->
		<mark id="sTok403" xlink:href="#xpointer(string-range(//body,'',1347,3))"/>
		<!--ⲛⲉⲛ-->
		<mark id="sTok404" xlink:href="#xpointer(string-range(//body,'',1351,3))"/>
		<!--ⲛⲟⲃⲉ-->
		<mark id="sTok405" xlink:href="#xpointer(string-range(//body,'',1355,4))"/>
		<!--ⲛⲧ-->
		<mark id="sTok406" xlink:href="#xpointer(string-range(//body,'',1360,2))"/>
		<!--ⲁ-->
		<mark id="sTok407" xlink:href="#xpointer(string-range(//body,'',1363,1))"/>
		<!--ⲛ-->
		<mark id="sTok408" xlink:href="#xpointer(string-range(//body,'',1365,1))"/>
		<!--ⲁ-->
		<mark id="sTok409" xlink:href="#xpointer(string-range(//body,'',1367,1))"/>
		<!--ⲁ-->
		<mark id="sTok410" xlink:href="#xpointer(string-range(//body,'',1369,1))"/>
		<!--ⲩ-->
		<mark id="sTok411" xlink:href="#xpointer(string-range(//body,'',1371,1))"/>
		<!--ϣⲁ-->
		<mark id="sTok412" xlink:href="#xpointer(string-range(//body,'',1373,2))"/>
		<!--ⲡⲉⲓ-->
		<mark id="sTok413" xlink:href="#xpointer(string-range(//body,'',1376,3))"/>
		<!--ⲙⲁ-->
		<mark id="sTok414" xlink:href="#xpointer(string-range(//body,'',1380,2))"/>
		<!--ϩⲙ-->
		<mark id="sTok415" xlink:href="#xpointer(string-range(//body,'',1383,2))"/>
		<!--ⲡ-->
		<mark id="sTok416" xlink:href="#xpointer(string-range(//body,'',1386,1))"/>
		<!--ⲛⲟϭ-->
		<mark id="sTok417" xlink:href="#xpointer(string-range(//body,'',1388,3))"/>
		<!--ⲙ-->
		<mark id="sTok418" xlink:href="#xpointer(string-range(//body,'',1392,1))"/>
		<!--ⲡⲉ-->
		<mark id="sTok419" xlink:href="#xpointer(string-range(//body,'',1394,2))"/>
		<!--ⲗⲁⲅⲟⲥ-->
		<mark id="sTok420" xlink:href="#xpointer(string-range(//body,'',1397,5))"/>
		<!--ⲛ-->
		<mark id="sTok421" xlink:href="#xpointer(string-range(//body,'',1403,1))"/>
		<!--ⲧⲉϥ-->
		<mark id="sTok422" xlink:href="#xpointer(string-range(//body,'',1405,3))"/>
		<!--ⲙⲛⲧ-->
		<mark id="sTok423" xlink:href="#xpointer(string-range(//body,'',1409,3))"/>
		<!--ⲙⲁⲓ-->
		<mark id="sTok424" xlink:href="#xpointer(string-range(//body,'',1413,3))"/>
		<!--ⲣⲱ-->
		<mark id="sTok425" xlink:href="#xpointer(string-range(//body,'',1417,2))"/>
		<!--ⲙⲉ-->
		<mark id="sTok426" xlink:href="#xpointer(string-range(//body,'',1420,2))"/>
		<!--·-->
		<mark id="sTok427" xlink:href="#xpointer(string-range(//body,'',1423,1))"/>
		<!--ⲛ-->
		<mark id="sTok428" xlink:href="#xpointer(string-range(//body,'',1425,1))"/>
		<!--ϥ-->
		<mark id="sTok429" xlink:href="#xpointer(string-range(//body,'',1427,1))"/>
		<!--ϥⲉⲓ-->
		<mark id="sTok430" xlink:href="#xpointer(string-range(//body,'',1429,3))"/>
		<!--ⲉⲃⲟⲗ-->
		<mark id="sTok431" xlink:href="#xpointer(string-range(//body,'',1433,4))"/>
		<!--ⲙⲙⲟ-->
		<mark id="sTok432" xlink:href="#xpointer(string-range(//body,'',1438,3))"/>
		<!--ⲛ-->
		<mark id="sTok433" xlink:href="#xpointer(string-range(//body,'',1442,1))"/>
		<!--ⲙ-->
		<mark id="sTok434" xlink:href="#xpointer(string-range(//body,'',1444,1))"/>
		<!--ⲡⲉⲓ-->
		<mark id="sTok435" xlink:href="#xpointer(string-range(//body,'',1446,3))"/>
		<!--ϩⲏⲧ-->
		<mark id="sTok436" xlink:href="#xpointer(string-range(//body,'',1450,3))"/>
		<!--ⲛ-->
		<mark id="sTok437" xlink:href="#xpointer(string-range(//body,'',1454,1))"/>
		<!--ⲱⲛⲉ-->
		<mark id="sTok438" xlink:href="#xpointer(string-range(//body,'',1456,3))"/></markList></paula>