<?xml version='1.0' encoding='UTF-8'?><!DOCTYPE paula SYSTEM "paula_feat.dtd">
<paula version="1.1">
	<header paula_id="scriptorium.johannes.canons.FA29-30.dep_func"/>
	<featList xmlns:xlink="http://www.w3.org/1999/xlink" type="func" xml:base="scriptorium.johannes.canons.FA29-30.dep.xml">
		<feat xlink:href="#sPointingRel1" value="appos"/>
		<feat xlink:href="#sPointingRel3" value="det"/>
		<feat xlink:href="#sPointingRel5" value="obl"/>
		<feat xlink:href="#sPointingRel7" value="det"/>
		<feat xlink:href="#sPointingRel9" value="mark"/>
		<feat xlink:href="#sPointingRel11" value="mark"/>
		<feat xlink:href="#sPointingRel13" value="case"/>
		<feat xlink:href="#sPointingRel15" value="obl"/>
		<feat xlink:href="#sPointingRel17" value="ccomp"/>
		<feat xlink:href="#sPointingRel19" value="mark"/>
		<feat xlink:href="#sPointingRel21" value="case"/>
		<feat xlink:href="#sPointingRel23" value="obl"/>
		<feat xlink:href="#sPointingRel25" value="conj"/>
		<feat xlink:href="#sPointingRel27" value="dislocated"/>
		<feat xlink:href="#sPointingRel29" value="nmod"/>
		<feat xlink:href="#sPointingRel31" value="case"/>
		<feat xlink:href="#sPointingRel33" value="case"/>
		<feat xlink:href="#sPointingRel35" value="det"/>
		<feat xlink:href="#sPointingRel37" value="nsubj"/>
		<feat xlink:href="#sPointingRel39" value="case"/>
		<feat xlink:href="#sPointingRel41" value="acl"/>
		<feat xlink:href="#sPointingRel43" value="mark"/>
		<feat xlink:href="#sPointingRel45" value="advmod"/>
		<feat xlink:href="#sPointingRel47" value="det"/>
		<feat xlink:href="#sPointingRel49" value="case"/>
		<feat xlink:href="#sPointingRel51" value="case"/>
		<feat xlink:href="#sPointingRel53" value="xcomp"/>
		<feat xlink:href="#sPointingRel55" value="acl"/>
		<feat xlink:href="#sPointingRel57" value="acl"/>
		<feat xlink:href="#sPointingRel59" value="mark"/>
		<feat xlink:href="#sPointingRel61" value="advmod"/>
		<feat xlink:href="#sPointingRel63" value="aux"/>
		<feat xlink:href="#sPointingRel65" value="nsubj"/>
		<feat xlink:href="#sPointingRel67" value="nsubj"/>
		<feat xlink:href="#sPointingRel69" value="conj"/>
		<feat xlink:href="#sPointingRel71" value="det"/>
		<feat xlink:href="#sPointingRel73" value="case"/>
		<feat xlink:href="#sPointingRel75" value="det"/>
		<feat xlink:href="#sPointingRel77" value="obj"/>
		<feat xlink:href="#sPointingRel79" value="case"/>
		<feat xlink:href="#sPointingRel81" value="nsubj"/>
		<feat xlink:href="#sPointingRel83" value="mark"/>
		<feat xlink:href="#sPointingRel85" value="xcomp"/>
		<feat xlink:href="#sPointingRel87" value="mark"/>
		<feat xlink:href="#sPointingRel89" value="case"/>
		<feat xlink:href="#sPointingRel91" value="nsubj"/>
		<feat xlink:href="#sPointingRel93" value="mark"/>
		<feat xlink:href="#sPointingRel95" value="det"/>
		<feat xlink:href="#sPointingRel97" value="nsubj"/>
		<feat xlink:href="#sPointingRel99" value="aux"/>
		<feat xlink:href="#sPointingRel101" value="obl"/>
		<feat xlink:href="#sPointingRel103" value="acl"/>
		<feat xlink:href="#sPointingRel105" value="nsubj"/>
		<feat xlink:href="#sPointingRel107" value="case"/>
		<feat xlink:href="#sPointingRel109" value="obl"/>
		<feat xlink:href="#sPointingRel111" value="nsubj"/>
		<feat xlink:href="#sPointingRel113" value="det"/>
		<feat xlink:href="#sPointingRel115" value="conj"/>
		<feat xlink:href="#sPointingRel117" value="aux"/>
		<feat xlink:href="#sPointingRel119" value="obl"/>
		<feat xlink:href="#sPointingRel121" value="mark"/>
		<feat xlink:href="#sPointingRel123" value="case"/>
		<feat xlink:href="#sPointingRel125" value="acl"/>
		<feat xlink:href="#sPointingRel127" value="mark"/>
		<feat xlink:href="#sPointingRel129" value="aux"/>
		<feat xlink:href="#sPointingRel131" value="case"/>
		<feat xlink:href="#sPointingRel133" value="obl"/>
		<feat xlink:href="#sPointingRel135" value="obl"/>
		<feat xlink:href="#sPointingRel137" value="advmod"/>
		<feat xlink:href="#sPointingRel139" value="appos"/>
		<feat xlink:href="#sPointingRel141" value="conj"/>
		<feat xlink:href="#sPointingRel143" value="aux"/>
		<feat xlink:href="#sPointingRel145" value="case"/>
		<feat xlink:href="#sPointingRel147" value="det"/>
		<feat xlink:href="#sPointingRel149" value="nsubj"/>
		<feat xlink:href="#sPointingRel151" value="mark"/>
		<feat xlink:href="#sPointingRel153" value="det"/>
		<feat xlink:href="#sPointingRel155" value="advcl"/>
		<feat xlink:href="#sPointingRel157" value="conj"/>
		<feat xlink:href="#sPointingRel159" value="nmod"/>
		<feat xlink:href="#sPointingRel161" value="obl"/>
		<feat xlink:href="#sPointingRel163" value="det"/>
		<feat xlink:href="#sPointingRel165" value="obl"/>
		<feat xlink:href="#sPointingRel167" value="case"/>
		<feat xlink:href="#sPointingRel169" value="det"/>
		<feat xlink:href="#sPointingRel171" value="mark"/>
		<feat xlink:href="#sPointingRel173" value="mark"/>
		<feat xlink:href="#sPointingRel175" value="aux"/>
		<feat xlink:href="#sPointingRel177" value="det"/>
		<feat xlink:href="#sPointingRel179" value="det"/>
		<feat xlink:href="#sPointingRel181" value="acl"/>
		<feat xlink:href="#sPointingRel183" value="aux"/>
		<feat xlink:href="#sPointingRel185" value="det"/>
		<feat xlink:href="#sPointingRel187" value="advmod"/>
		<feat xlink:href="#sPointingRel189" value="obl"/>
		<feat xlink:href="#sPointingRel191" value="det"/>
		<feat xlink:href="#sPointingRel193" value="acl"/>
		<feat xlink:href="#sPointingRel195" value="case"/>
		<feat xlink:href="#sPointingRel197" value="acl"/>
		<feat xlink:href="#sPointingRel199" value="nmod"/>
		<feat xlink:href="#sPointingRel201" value="det"/>
		<feat xlink:href="#sPointingRel203" value="mark"/>
		<feat xlink:href="#sPointingRel205" value="mark"/>
		<feat xlink:href="#sPointingRel207" value="obl"/>
		<feat xlink:href="#sPointingRel209" value="advmod"/>
		<feat xlink:href="#sPointingRel211" value="cc"/>
		<feat xlink:href="#sPointingRel213" value="case"/>
		<feat xlink:href="#sPointingRel215" value="case"/>
		<feat xlink:href="#sPointingRel217" value="nsubj"/>
		<feat xlink:href="#sPointingRel219" value="obl"/>
		<feat xlink:href="#sPointingRel221" value="case"/>
		<feat xlink:href="#sPointingRel223" value="advcl"/>
		<feat xlink:href="#sPointingRel225" value="case"/>
		<feat xlink:href="#sPointingRel227" value="acl"/>
		<feat xlink:href="#sPointingRel229" value="mark"/>
		<feat xlink:href="#sPointingRel231" value="appos"/>
		<feat xlink:href="#sPointingRel233" value="cc"/>
		<feat xlink:href="#sPointingRel235" value="case"/>
		<feat xlink:href="#sPointingRel237" value="obl"/>
		<feat xlink:href="#sPointingRel239" value="case"/>
		<feat xlink:href="#sPointingRel241" value="det"/>
		<feat xlink:href="#sPointingRel243" value="case"/>
		<feat xlink:href="#sPointingRel245" value="case"/>
		<feat xlink:href="#sPointingRel247" value="case"/>
		<feat xlink:href="#sPointingRel249" value="det"/>
		<feat xlink:href="#sPointingRel251" value="acl"/>
		<feat xlink:href="#sPointingRel253" value="acl"/>
		<feat xlink:href="#sPointingRel255" value="case"/>
		<feat xlink:href="#sPointingRel257" value="obl"/>
		<feat xlink:href="#sPointingRel259" value="nsubj"/>
		<feat xlink:href="#sPointingRel261" value="obj"/>
		<feat xlink:href="#sPointingRel263" value="case"/>
		<feat xlink:href="#sPointingRel265" value="aux"/>
		<feat xlink:href="#sPointingRel267" value="case"/>
		<feat xlink:href="#sPointingRel269" value="advmod"/>
		<feat xlink:href="#sPointingRel271" value="case"/>
		<feat xlink:href="#sPointingRel273" value="obl"/>
		<feat xlink:href="#sPointingRel275" value="det"/>
		<feat xlink:href="#sPointingRel277" value="case"/>
		<feat xlink:href="#sPointingRel279" value="obl"/>
		<feat xlink:href="#sPointingRel281" value="obl"/>
		<feat xlink:href="#sPointingRel283" value="det"/>
		<feat xlink:href="#sPointingRel285" value="det"/>
		<feat xlink:href="#sPointingRel287" value="aux"/>
		<feat xlink:href="#sPointingRel289" value="obl"/>
		<feat xlink:href="#sPointingRel291" value="appos"/>
		<feat xlink:href="#sPointingRel293" value="obl"/>
		<feat xlink:href="#sPointingRel295" value="case"/>
		<feat xlink:href="#sPointingRel297" value="nmod"/>
		<feat xlink:href="#sPointingRel299" value="det"/>
		<feat xlink:href="#sPointingRel301" value="nsubj"/>
		<feat xlink:href="#sPointingRel303" value="appos"/>
		<feat xlink:href="#sPointingRel305" value="obl"/>
		<feat xlink:href="#sPointingRel307" value="nmod"/>
		<feat xlink:href="#sPointingRel309" value="nmod"/>
		<feat xlink:href="#sPointingRel311" value="nsubj"/>
		<feat xlink:href="#sPointingRel313" value="case"/>
		<feat xlink:href="#sPointingRel315" value="obl"/>
		<feat xlink:href="#sPointingRel317" value="nmod"/>
		<feat xlink:href="#sPointingRel319" value="det"/>
		<feat xlink:href="#sPointingRel321" value="obl"/>
		<feat xlink:href="#sPointingRel323" value="nsubj"/>
		<feat xlink:href="#sPointingRel325" value="det"/>
		<feat xlink:href="#sPointingRel327" value="det"/>
		<feat xlink:href="#sPointingRel329" value="acl"/>
		<feat xlink:href="#sPointingRel331" value="det"/>
		<feat xlink:href="#sPointingRel333" value="aux"/>
		<feat xlink:href="#sPointingRel335" value="advcl"/>
		<feat xlink:href="#sPointingRel337" value="mark"/>
		<feat xlink:href="#sPointingRel339" value="acl"/>
		<feat xlink:href="#sPointingRel341" value="fixed"/>
		<feat xlink:href="#sPointingRel343" value="det"/>
		<feat xlink:href="#sPointingRel345" value="advmod"/>
		<feat xlink:href="#sPointingRel347" value="nsubj"/>
		<feat xlink:href="#sPointingRel349" value="nsubj"/>
		<feat xlink:href="#sPointingRel351" value="obl"/>
		<feat xlink:href="#sPointingRel353" value="root"/>
		<feat xlink:href="#sPointingRel355" value="obj"/>
		<feat xlink:href="#sPointingRel357" value="obl"/>
		<feat xlink:href="#sPointingRel359" value="advmod"/>
		<feat xlink:href="#sPointingRel361" value="root"/>
		<feat xlink:href="#sPointingRel363" value="ccomp"/>
		<feat xlink:href="#sPointingRel365" value="obl"/>
		<feat xlink:href="#sPointingRel367" value="aux"/>
		<feat xlink:href="#sPointingRel369" value="det"/>
		<feat xlink:href="#sPointingRel371" value="fixed"/>
		<feat xlink:href="#sPointingRel373" value="det"/>
		<feat xlink:href="#sPointingRel375" value="det"/>
		<feat xlink:href="#sPointingRel377" value="nsubj"/>
		<feat xlink:href="#sPointingRel379" value="det"/>
		<feat xlink:href="#sPointingRel381" value="cc"/>
		<feat xlink:href="#sPointingRel383" value="case"/>
		<feat xlink:href="#sPointingRel385" value="obl"/>
		<feat xlink:href="#sPointingRel387" value="case"/>
		<feat xlink:href="#sPointingRel389" value="acl"/>
		<feat xlink:href="#sPointingRel391" value="mark"/>
		<feat xlink:href="#sPointingRel393" value="nsubj"/>
		<feat xlink:href="#sPointingRel395" value="aux"/>
		<feat xlink:href="#sPointingRel397" value="obl"/>
		<feat xlink:href="#sPointingRel399" value="nmod"/>
		<feat xlink:href="#sPointingRel401" value="det"/>
		<feat xlink:href="#sPointingRel403" value="mark"/>
		<feat xlink:href="#sPointingRel405" value="aux"/>
		<feat xlink:href="#sPointingRel407" value="nmod"/>
		<feat xlink:href="#sPointingRel409" value="obl"/>
		<feat xlink:href="#sPointingRel411" value="xcomp"/>
		<feat xlink:href="#sPointingRel413" value="obl"/>
		<feat xlink:href="#sPointingRel415" value="case"/>
		<feat xlink:href="#sPointingRel417" value="nsubj"/>
		<feat xlink:href="#sPointingRel419" value="det"/>
		<feat xlink:href="#sPointingRel421" value="advmod"/>
		<feat xlink:href="#sPointingRel423" value="det"/>
		<feat xlink:href="#sPointingRel425" value="acl"/>
		<feat xlink:href="#sPointingRel427" value="case"/>
		<feat xlink:href="#sPointingRel429" value="det"/>
		<feat xlink:href="#sPointingRel431" value="case"/>
		<feat xlink:href="#sPointingRel433" value="case"/>
		<feat xlink:href="#sPointingRel435" value="xcomp"/>
		<feat xlink:href="#sPointingRel437" value="obl"/>
		<feat xlink:href="#sPointingRel439" value="mark"/>
		<feat xlink:href="#sPointingRel441" value="mark"/>
		<feat xlink:href="#sPointingRel443" value="case"/>
		<feat xlink:href="#sPointingRel445" value="acl"/>
		<feat xlink:href="#sPointingRel447" value="nmod"/>
		<feat xlink:href="#sPointingRel449" value="obj"/>
		<feat xlink:href="#sPointingRel451" value="det"/>
		<feat xlink:href="#sPointingRel453" value="nsubj"/>
		<feat xlink:href="#sPointingRel455" value="nsubj"/>
		<feat xlink:href="#sPointingRel457" value="case"/>
		<feat xlink:href="#sPointingRel459" value="mark"/>
		<feat xlink:href="#sPointingRel461" value="aux"/>
		<feat xlink:href="#sPointingRel463" value="acl"/>
		<feat xlink:href="#sPointingRel465" value="case"/>
		<feat xlink:href="#sPointingRel467" value="nmod"/>
		<feat xlink:href="#sPointingRel469" value="det"/>
		<feat xlink:href="#sPointingRel471" value="case"/>
		<feat xlink:href="#sPointingRel473" value="obl"/>
		<feat xlink:href="#sPointingRel475" value="mark"/>
		<feat xlink:href="#sPointingRel477" value="obl"/>
		<feat xlink:href="#sPointingRel479" value="nsubj"/>
		<feat xlink:href="#sPointingRel481" value="det"/>
		<feat xlink:href="#sPointingRel483" value="case"/>
		<feat xlink:href="#sPointingRel485" value="nmod"/>
		<feat xlink:href="#sPointingRel487" value="advmod"/>
		<feat xlink:href="#sPointingRel489" value="mark"/>
		<feat xlink:href="#sPointingRel491" value="case"/>
		<feat xlink:href="#sPointingRel493" value="det"/>
		<feat xlink:href="#sPointingRel495" value="parataxis"/>
		<feat xlink:href="#sPointingRel497" value="nsubj"/>
		<feat xlink:href="#sPointingRel499" value="fixed"/>
		<feat xlink:href="#sPointingRel501" value="det"/>
		<feat xlink:href="#sPointingRel503" value="advmod"/>
		<feat xlink:href="#sPointingRel505" value="nmod"/>
		<feat xlink:href="#sPointingRel507" value="case"/>
		<feat xlink:href="#sPointingRel509" value="nmod"/>
		<feat xlink:href="#sPointingRel511" value="nsubj"/>
		<feat xlink:href="#sPointingRel513" value="aux"/>
		<feat xlink:href="#sPointingRel515" value="advmod"/>
		<feat xlink:href="#sPointingRel517" value="nsubj"/>
		<feat xlink:href="#sPointingRel519" value="det"/>
		<feat xlink:href="#sPointingRel521" value="mark"/>
		<feat xlink:href="#sPointingRel523" value="case"/>
		<feat xlink:href="#sPointingRel525" value="mark"/>
		<feat xlink:href="#sPointingRel527" value="cc"/>
		<feat xlink:href="#sPointingRel529" value="fixed"/>
		<feat xlink:href="#sPointingRel531" value="conj"/>
		<feat xlink:href="#sPointingRel533" value="case"/>
		<feat xlink:href="#sPointingRel535" value="advmod"/>
		<feat xlink:href="#sPointingRel537" value="case"/>
		<feat xlink:href="#sPointingRel539" value="obl"/>
		<feat xlink:href="#sPointingRel541" value="nmod"/>
		<feat xlink:href="#sPointingRel543" value="det"/>
		<feat xlink:href="#sPointingRel545" value="aux"/>
		<feat xlink:href="#sPointingRel547" value="mark"/>
		<feat xlink:href="#sPointingRel549" value="case"/>
		<feat xlink:href="#sPointingRel551" value="case"/>
		<feat xlink:href="#sPointingRel553" value="advmod"/>
		<feat xlink:href="#sPointingRel555" value="obl"/>
		<feat xlink:href="#sPointingRel557" value="aux"/>
		<feat xlink:href="#sPointingRel559" value="conj"/>
		<feat xlink:href="#sPointingRel561" value="det"/>
		<feat xlink:href="#sPointingRel563" value="det"/>
		<feat xlink:href="#sPointingRel565" value="nmod"/>
		<feat xlink:href="#sPointingRel567" value="nsubj"/>
		<feat xlink:href="#sPointingRel569" value="nsubj"/>
		<feat xlink:href="#sPointingRel571" value="cc"/>
		<feat xlink:href="#sPointingRel573" value="nsubj"/>
		<feat xlink:href="#sPointingRel575" value="case"/>
		<feat xlink:href="#sPointingRel577" value="nsubj"/>
		<feat xlink:href="#sPointingRel579" value="nmod"/>
		<feat xlink:href="#sPointingRel581" value="obl"/>
		<feat xlink:href="#sPointingRel583" value="obl"/>
		<feat xlink:href="#sPointingRel585" value="advcl"/>
		<feat xlink:href="#sPointingRel587" value="case"/>
		<feat xlink:href="#sPointingRel589" value="obl"/>
		<feat xlink:href="#sPointingRel591" value="det"/>
		<feat xlink:href="#sPointingRel593" value="case"/>
		<feat xlink:href="#sPointingRel595" value="xcomp"/>
		<feat xlink:href="#sPointingRel597" value="obl"/>
		<feat xlink:href="#sPointingRel599" value="det"/>
		<feat xlink:href="#sPointingRel601" value="det"/>
		<feat xlink:href="#sPointingRel603" value="det"/>
		<feat xlink:href="#sPointingRel605" value="nmod"/>
		<feat xlink:href="#sPointingRel607" value="mark"/>
		<feat xlink:href="#sPointingRel609" value="acl"/>
		<feat xlink:href="#sPointingRel611" value="obl"/>
		<feat xlink:href="#sPointingRel613" value="case"/>
		<feat xlink:href="#sPointingRel615" value="acl"/>
		<feat xlink:href="#sPointingRel617" value="advmod"/>
		<feat xlink:href="#sPointingRel619" value="nsubj"/>
		<feat xlink:href="#sPointingRel621" value="acl"/>
		<feat xlink:href="#sPointingRel623" value="cc"/>
		<feat xlink:href="#sPointingRel625" value="cc"/>
		<feat xlink:href="#sPointingRel627" value="obj"/>
		<feat xlink:href="#sPointingRel629" value="det"/>
		<feat xlink:href="#sPointingRel631" value="mark"/>
		<feat xlink:href="#sPointingRel633" value="case"/>
		<feat xlink:href="#sPointingRel635" value="acl"/>
		<feat xlink:href="#sPointingRel637" value="obl"/>
		<feat xlink:href="#sPointingRel639" value="advmod"/>
		<feat xlink:href="#sPointingRel641" value="case"/>
		<feat xlink:href="#sPointingRel643" value="mark"/>
		<feat xlink:href="#sPointingRel645" value="case"/>
		<feat xlink:href="#sPointingRel647" value="det"/>
		<feat xlink:href="#sPointingRel649" value="case"/>
		<feat xlink:href="#sPointingRel651" value="mark"/>
		<feat xlink:href="#sPointingRel653" value="case"/>
		<feat xlink:href="#sPointingRel655" value="mark"/>
		<feat xlink:href="#sPointingRel657" value="case"/>
		<feat xlink:href="#sPointingRel659" value="ccomp"/>
		<feat xlink:href="#sPointingRel661" value="obl"/>
		<feat xlink:href="#sPointingRel663" value="case"/>
		<feat xlink:href="#sPointingRel665" value="obj"/>
		<feat xlink:href="#sPointingRel667" value="nsubj"/>
		<feat xlink:href="#sPointingRel669" value="obl"/>
		<feat xlink:href="#sPointingRel671" value="case"/>
		<feat xlink:href="#sPointingRel673" value="det"/>
		<feat xlink:href="#sPointingRel675" value="case"/>
		<feat xlink:href="#sPointingRel677" value="obl"/>
		<feat xlink:href="#sPointingRel679" value="case"/>
		<feat xlink:href="#sPointingRel681" value="case"/>
		<feat xlink:href="#sPointingRel683" value="case"/>
		<feat xlink:href="#sPointingRel685" value="nsubj"/>
		<feat xlink:href="#sPointingRel687" value="aux"/>
		<feat xlink:href="#sPointingRel689" value="root"/>
		<feat xlink:href="#sPointingRel691" value="case"/>
		<feat xlink:href="#sPointingRel693" value="case"/></featList></paula>