<?xml version='1.0' encoding='UTF-8'?><!DOCTYPE paula SYSTEM "paula_feat.dtd">
<paula version="1.1">
	<header paula_id="scriptorium.johannes.canons.FA29-30.mark_orig"/>
	<featList xmlns:xlink="http://www.w3.org/1999/xlink" type="orig" xml:base="scriptorium.johannes.canons.FA29-30.mark.xml">
		<feat xlink:href="#sSpan4" value="⸓"/>
		<feat xlink:href="#sSpan17" value="Ⲛ"/>
		<feat xlink:href="#sSpan22" value="ⲣⲙⲙⲁⲟ"/>
		<feat xlink:href="#sSpan25" value="ⲉ"/>
		<feat xlink:href="#sSpan29" value="ⲩ"/>
		<feat xlink:href="#sSpan31" value="ⲛⲁ"/>
		<feat xlink:href="#sSpan34" value="ϯⲉⲟⲟⲩ"/>
		<feat xlink:href="#sSpan38" value="ⲙ"/>
		<feat xlink:href="#sSpan42" value="ⲡ"/>
		<feat xlink:href="#sSpan45" value="ⲣⲙⲙⲁⲟ"/>
		<feat xlink:href="#sSpan48" value="ϩⲙ"/>
		<feat xlink:href="#sSpan53" value="ⲡ"/>
		<feat xlink:href="#sSpan55" value="ⲛⲁ"/>
		<feat xlink:href="#sSpan57" value="·"/>
		<feat xlink:href="#sSpan61" value="ϩⲙ̄"/>
		<feat xlink:href="#sSpan65" value="ⲡ"/>
		<feat xlink:href="#sSpan68" value="ⲧⲣⲉ"/>
		<feat xlink:href="#sSpan70" value="ⲩ"/>
		<feat xlink:href="#sSpan72" value="ⲥⲟⲟⲩⲧⲛ"/>
		<feat xlink:href="#sSpan75" value="ⲛ"/>
		<feat xlink:href="#sSpan79" value="ⲧⲟⲟⲧ"/>
		<feat xlink:href="#sSpan81" value="ⲟⲩ"/>
		<feat xlink:href="#sSpan84" value="ⲉⲃⲟⲗ"/>
		<feat xlink:href="#sSpan89" value="ϩⲛ"/>
		<feat xlink:href="#sSpan93" value="ⲧ"/>
		<feat xlink:href="#sSpan96" value="ⲙⲛ︦ⲧⲛⲁ"/>
		<feat xlink:href="#sSpan100" value="·"/>
		<feat xlink:href="#sSpan105" value="ⲏ̂"/>
		<feat xlink:href="#sSpan109" value="ⲛ"/>
		<feat xlink:href="#sSpan113" value="ⲉⲧ"/>
		<feat xlink:href="#sSpan115" value="ϣⲁⲁⲧ"/>
		<feat xlink:href="#sSpan118" value="ⲉⲧ"/>
		<feat xlink:href="#sSpan122" value="ⲏⲡ"/>
		<feat xlink:href="#sSpan124" value="ⲉ"/>
		<feat xlink:href="#sSpan129" value="ⲧⲉⲓ"/>
		<feat xlink:href="#sSpan132" value="ⲫⲩⲥⲓⲥ"/>
		<feat xlink:href="#sSpan134" value="ⲛ̄"/>
		<feat xlink:href="#sSpan138" value="ⲟⲩⲱⲧⲛ"/>
		<feat xlink:href="#sSpan141" value="ⲙⲙⲁⲩ"/>
		<feat xlink:href="#sSpan145" value="·"/>
		<feat xlink:href="#sSpan150" value="⸓"/>
		<feat xlink:href="#sSpan156" value="Ⲛ"/>
		<feat xlink:href="#sSpan165" value="ϩⲏⲕⲉ"/>
		<feat xlink:href="#sSpan167" value="ⲉ"/>
		<feat xlink:href="#sSpan171" value="ⲩ"/>
		<feat xlink:href="#sSpan173" value="ⲛⲁ"/>
		<feat xlink:href="#sSpan176" value="ϯⲉⲟⲟⲩ"/>
		<feat xlink:href="#sSpan180" value="ⲛ"/>
		<feat xlink:href="#sSpan184" value="ⲧ"/>
		<feat xlink:href="#sSpan186" value="ⲉⲛⲧ"/>
		<feat xlink:href="#sSpan189" value="ⲁ"/>
		<feat xlink:href="#sSpan191" value="ⲥ"/>
		<feat xlink:href="#sSpan193" value="ϫⲡⲟ"/>
		<feat xlink:href="#sSpan195" value="ⲙ̄"/>
		<feat xlink:href="#sSpan199" value="ⲡ"/>
		<feat xlink:href="#sSpan201" value="ⲉⲛⲧ"/>
		<feat xlink:href="#sSpan204" value="ⲁ"/>
		<feat xlink:href="#sSpan206" value="ϥ"/>
		<feat xlink:href="#sSpan209" value="ⲣϩⲏⲕⲉ"/>
		<feat xlink:href="#sSpan212" value="ⲉ̂"/>
		<feat xlink:href="#sSpan216" value="ϩⲛⲁ"/>
		<feat xlink:href="#sSpan219" value="ϥ"/>
		<feat xlink:href="#sSpan221" value="ⲉⲧⲃⲏⲏⲧ"/>
		<feat xlink:href="#sSpan226" value="ⲛ"/>
		<feat xlink:href="#sSpan228" value="·"/>
		<feat xlink:href="#sSpan232" value="ϫⲉⲕⲁⲥ"/>
		<feat xlink:href="#sSpan236" value="ⲉϥⲉ"/>
		<feat xlink:href="#sSpan240" value="ⲁⲁ"/>
		<feat xlink:href="#sSpan243" value="ⲛ"/>
		<feat xlink:href="#sSpan245" value="ⲛ̄"/>
		<feat xlink:href="#sSpan250" value="ⲣⲙⲙⲁⲟ"/>
		<feat xlink:href="#sSpan253" value="ϩ̇ⲛ"/>
		<feat xlink:href="#sSpan258" value="ϩⲉⲛ"/>
		<feat xlink:href="#sSpan260" value="ϩⲃⲏⲩⲉ"/>
		<feat xlink:href="#sSpan262" value="ⲛ"/>
		<feat xlink:href="#sSpan268" value="ⲇⲓⲕⲁⲓⲟⲥⲩⲛⲏ"/>
		<feat xlink:href="#sSpan270" value="·"/>
		<feat xlink:href="#sSpan275" value="⸓"/>
		<feat xlink:href="#sSpan281" value="Ⲛ"/>
		<feat xlink:href="#sSpan290" value="ϩⲙϩⲁⲗ"/>
		<feat xlink:href="#sSpan292" value="ⲉ"/>
		<feat xlink:href="#sSpan296" value="ⲩ"/>
		<feat xlink:href="#sSpan298" value="ⲛⲁ"/>
		<feat xlink:href="#sSpan301" value="ϯⲉⲟⲟⲩ"/>
		<feat xlink:href="#sSpan305" value="ⲛ"/>
		<feat xlink:href="#sSpan309" value="ⲧ"/>
		<feat xlink:href="#sSpan311" value="ⲉⲛⲧ"/>
		<feat xlink:href="#sSpan314" value="ⲁ"/>
		<feat xlink:href="#sSpan316" value="ⲥ"/>
		<feat xlink:href="#sSpan318" value="ϫⲡⲟ"/>
		<feat xlink:href="#sSpan320" value="·"/>
		<feat xlink:href="#sSpan324" value="ⲙ"/>
		<feat xlink:href="#sSpan328" value="ⲡ"/>
		<feat xlink:href="#sSpan330" value="ⲉⲛⲧ"/>
		<feat xlink:href="#sSpan333" value="ⲁ"/>
		<feat xlink:href="#sSpan335" value="ϥ"/>
		<feat xlink:href="#sSpan337" value="ⲡⲱϩⲧ̄"/>
		<feat xlink:href="#sSpan339" value="ⲙ̄ⲙⲟ"/>
		<feat xlink:href="#sSpan344" value="ϥ"/>
		<feat xlink:href="#sSpan346" value="ⲉⲃⲟⲗ"/>
		<feat xlink:href="#sSpan350" value="·"/>
		<feat xlink:href="#sSpan354" value="ⲉ"/>
		<feat xlink:href="#sSpan358" value="ⲁ"/>
		<feat xlink:href="#sSpan360" value="ϥ"/>
		<feat xlink:href="#sSpan362" value="ϫⲓ"/>
		<feat xlink:href="#sSpan365" value="ⲛ"/>
		<feat xlink:href="#sSpan369" value="ⲟⲩ"/>
		<feat xlink:href="#sSpan372" value="ⲙⲟⲣⲫⲏ"/>
		<feat xlink:href="#sSpan374" value="ⲛ"/>
		<feat xlink:href="#sSpan379" value="ϩⲙϩⲁⲗ"/>
		<feat xlink:href="#sSpan381" value="ⲉⲧⲃⲏⲏⲧ"/>
		<feat xlink:href="#sSpan387" value="ⲛ"/>
		<feat xlink:href="#sSpan389" value="·"/>
		<feat xlink:href="#sSpan393" value="ϩⲙ̄"/>
		<feat xlink:href="#sSpan397" value="ⲡ"/>
		<feat xlink:href="#sSpan400" value="ⲧⲣⲉ"/>
		<feat xlink:href="#sSpan402" value="ⲩ"/>
		<feat xlink:href="#sSpan405" value="ⲟⲩⲱⲛϩ"/>
		<feat xlink:href="#sSpan407" value="ⲉⲃⲟⲗ"/>
		<feat xlink:href="#sSpan412" value="ⲛ"/>
		<feat xlink:href="#sSpan416" value="ⲟⲩ"/>
		<feat xlink:href="#sSpan419" value="ⲙⲛ︦ⲧϩⲙϩⲁⲗ"/>
		<feat xlink:href="#sSpan423" value="ⲛ"/>
		<feat xlink:href="#sSpan428" value="ⲅⲛⲏⲥⲓⲟⲥ"/>
		<feat xlink:href="#sSpan431" value="ⲉϩⲟⲩⲛ"/>
		<feat xlink:href="#sSpan435" value="ⲉ"/>
		<feat xlink:href="#sSpan439" value="ⲛⲉⲩ"/>
		<feat xlink:href="#sSpan441" value="ϫⲓⲥⲟⲟⲩⲉ"/>
		<feat xlink:href="#sSpan445" value="ⲕⲁⲧⲁ"/>
		<feat xlink:href="#sSpan450" value="ⲥⲁⲣⲝ"/>
		<feat xlink:href="#sSpan453" value="·"/>
		<feat xlink:href="#sSpan457" value="ⲛ"/>
		<feat xlink:href="#sSpan465" value="ϩⲟⲩⲟ"/>
		<feat xlink:href="#sSpan468" value="ⲇⲉ"/>
		<feat xlink:href="#sSpan472" value="ⲉϩⲟⲩⲛ"/>
		<feat xlink:href="#sSpan477" value="ⲉ"/>
		<feat xlink:href="#sSpan481" value="ⲛ"/>
		<feat xlink:href="#sSpan484" value="ⲉⲛⲧⲟⲗⲏ"/>
		<feat xlink:href="#sSpan487" value="ⲙ"/>
		<feat xlink:href="#sSpan491" value="ⲡⲉⲛ"/>
		<feat xlink:href="#sSpan493" value="ϫⲟⲉⲓⲥ"/>
		<feat xlink:href="#sSpan495" value="ⲧⲏⲣ"/>
		<feat xlink:href="#sSpan500" value="ⲛ"/>
		<feat xlink:href="#sSpan502" value="ϩⲓ"/>
		<feat xlink:href="#sSpan506" value="ⲟⲩ"/>
		<feat xlink:href="#sSpan508" value="ⲥⲟⲡ"/>
		<feat xlink:href="#sSpan511" value="·"/>
		<feat xlink:href="#sSpan516" value="Ⲁⲛⲟⲛ"/>
		<feat xlink:href="#sSpan526" value="ⲛ"/>
		<feat xlink:href="#sSpan530" value="ⲟⲩⲏⲏⲃ"/>
		<feat xlink:href="#sSpan532" value="ⲉ"/>
		<feat xlink:href="#sSpan537" value="ⲛ"/>
		<feat xlink:href="#sSpan539" value="ⲛⲁ"/>
		<feat xlink:href="#sSpan542" value="ϯⲉⲟⲟⲩ"/>
		<feat xlink:href="#sSpan545" value="ⲛ̄"/>
		<feat xlink:href="#sSpan549" value="ⲧ"/>
		<feat xlink:href="#sSpan552" value="ⲉⲛⲧ"/>
		<feat xlink:href="#sSpan554" value="ⲁ"/>
		<feat xlink:href="#sSpan556" value="ⲥ"/>
		<feat xlink:href="#sSpan558" value="ϫ̣ⲡ̣ⲟ"/>
		<feat xlink:href="#sSpan560" value="ⲛⲁ"/>
		<feat xlink:href="#sSpan565" value="ⲛ"/>
		<feat xlink:href="#sSpan567" value="ⲙ"/>
		<feat xlink:href="#sSpan571" value="ⲡ"/>
		<feat xlink:href="#sSpan573" value="ⲟⲩⲏⲏⲃ"/>
		<feat xlink:href="#sSpan576" value="ϣⲁ"/>
		<feat xlink:href="#sSpan580" value="ⲉⲛⲉϩ"/>
		<feat xlink:href="#sSpan583" value="ⲕⲁⲧⲁ"/>
		<feat xlink:href="#sSpan588" value="ⲧ"/>
		<feat xlink:href="#sSpan591" value="ⲇⲁⲝⲓⲥ"/>
		<feat xlink:href="#sSpan593" value="ⲙ̇"/>
		<feat xlink:href="#sSpan599" value="ⲙⲉⲗⲭⲓⲥⲉⲇⲉⲕ"/>
		<feat xlink:href="#sSpan601" value="ϩⲙ"/>
		<feat xlink:href="#sSpan606" value="ⲡ"/>
		<feat xlink:href="#sSpan608" value="ⲧⲣⲉ"/>
		<feat xlink:href="#sSpan610" value="ⲛ"/>
		<feat xlink:href="#sSpan612" value="ⲧⲃⲃⲟ"/>
		<feat xlink:href="#sSpan615" value="ⲛ"/>
		<feat xlink:href="#sSpan617" value="·"/>
		<feat xlink:href="#sSpan622" value="ⲕⲁⲧⲁ"/>
		<feat xlink:href="#sSpan630" value="ⲑ"/>
		<feat xlink:href="#sSpan633" value="ⲉ"/>
		<feat xlink:href="#sSpan635" value="ⲉⲧ"/>
		<feat xlink:href="#sSpan639" value="ⲥⲏϩ"/>
		<feat xlink:href="#sSpan641" value="ϫⲉ"/>
		<feat xlink:href="#sSpan646" value="ⲛ"/>
		<feat xlink:href="#sSpan648" value="ⲟⲩⲏⲏⲃ"/>
		<feat xlink:href="#sSpan650" value="ⲉⲧ"/>
		<feat xlink:href="#sSpan655" value="ϩⲏⲛ"/>
		<feat xlink:href="#sSpan657" value="ⲉϩⲟⲩⲛ"/>
		<feat xlink:href="#sSpan661" value="ⲉ"/>
		<feat xlink:href="#sSpan666" value="ⲡ"/>
		<feat xlink:href="#sSpan668" value="ⲛⲟⲩⲧⲉ"/>
		<feat xlink:href="#sSpan670" value="ⲙⲁⲣ"/>
		<feat xlink:href="#sSpan675" value="ⲟⲩ"/>
		<feat xlink:href="#sSpan677" value="ⲧⲃⲃⲟ"/>
		<feat xlink:href="#sSpan679" value="ⲟⲩ"/>
		<feat xlink:href="#sSpan682" value="ⲙⲏⲡⲟⲧⲉ"/>
		<feat xlink:href="#sSpan687" value="ⲛⲧⲉ"/>
		<feat xlink:href="#sSpan691" value="ⲡ"/>
		<feat xlink:href="#sSpan694" value="ϫⲟⲉⲓⲥ"/>
		<feat xlink:href="#sSpan697" value="ⲧⲁⲕⲉϩⲟⲓⲛⲉ"/>
		<feat xlink:href="#sSpan705" value="ⲉⲃⲟⲗ"/>
		<feat xlink:href="#sSpan709" value="ⲛϩⲏⲧ"/>
		<feat xlink:href="#sSpan714" value="ⲟⲩ"/>
		<feat xlink:href="#sSpan716" value="·"/>
		<feat xlink:href="#sSpan721" value="Ⲉ"/>
		<feat xlink:href="#sSpan731" value="ⲛ"/>
		<feat xlink:href="#sSpan734" value="ⲣϩⲟⲩⲉ"/>
		<feat xlink:href="#sSpan738" value="ⲣϩⲟⲧⲉ"/>
		<feat xlink:href="#sSpan743" value="ⲟⲛ"/>
		<feat xlink:href="#sSpan748" value="·"/>
		<feat xlink:href="#sSpan752" value="ϫⲉ"/>
		<feat xlink:href="#sSpan756" value="ⲛⲛⲉ"/>
		<feat xlink:href="#sSpan758" value="ⲩ"/>
		<feat xlink:href="#sSpan760" value="ϭⲛⲧ"/>
		<feat xlink:href="#sSpan763" value="ⲛ"/>
		<feat xlink:href="#sSpan765" value="ⲉ"/>
		<feat xlink:href="#sSpan769" value="ⲛ"/>
		<feat xlink:href="#sSpan771" value="ϩⲏⲛ"/>
		<feat xlink:href="#sSpan773" value="ⲉϩⲟⲩⲛ"/>
		<feat xlink:href="#sSpan778" value="ⲉⲣⲟ"/>
		<feat xlink:href="#sSpan782" value="ϥ"/>
		<feat xlink:href="#sSpan784" value="ⲙ̄"/>
		<feat xlink:href="#sSpan788" value="ⲡⲉⲓ"/>
		<feat xlink:href="#sSpan791" value="ⲙⲁ"/>
		<feat xlink:href="#sSpan794" value="ⲡⲁⲣⲁ"/>
		<feat xlink:href="#sSpan799" value="ⲟⲩⲟⲛ"/>
		<feat xlink:href="#sSpan802" value="ⲛⲓⲙ"/>
		<feat xlink:href="#sSpan806" value="·"/>
		<feat xlink:href="#sSpan810" value="ⲉ"/>
		<feat xlink:href="#sSpan818" value="ⲛ"/>
		<feat xlink:href="#sSpan820" value="ⲟⲩⲏⲩ"/>
		<feat xlink:href="#sSpan824" value="ⲇⲉ"/>
		<feat xlink:href="#sSpan828" value="ⲉⲃⲟⲗ"/>
		<feat xlink:href="#sSpan832" value="ⲙ̄ⲙⲟ"/>
		<feat xlink:href="#sSpan837" value="ϥ"/>
		<feat xlink:href="#sSpan839" value="ϩⲙ"/>
		<feat xlink:href="#sSpan843" value="ⲡ"/>
		<feat xlink:href="#sSpan845" value="ⲕⲉ"/>
		<feat xlink:href="#sSpan847" value="ⲙⲁ"/>
		<feat xlink:href="#sSpan850" value="ⲡⲁⲣⲁ"/>
		<feat xlink:href="#sSpan856" value="ⲟⲩⲟⲛ"/>
		<feat xlink:href="#sSpan858" value="ⲛⲓⲙ"/>
		<feat xlink:href="#sSpan862" value="ⲉⲧⲃⲉ"/>
		<feat xlink:href="#sSpan867" value="ⲛⲉⲛ"/>
		<feat xlink:href="#sSpan869" value="ⲛⲟⲃⲉ"/>
		<feat xlink:href="#sSpan871" value="·"/>
		<feat xlink:href="#sSpan876" value="Ⲁⲛⲟⲛ"/>
		<feat xlink:href="#sSpan887" value="ⲇⲉ"/>
		<feat xlink:href="#sSpan891" value="ⲧⲏⲣ"/>
		<feat xlink:href="#sSpan895" value="ⲛ̄"/>
		<feat xlink:href="#sSpan897" value="ϩⲓ"/>
		<feat xlink:href="#sSpan902" value="ⲟⲩⲟⲡ"/>
		<feat xlink:href="#sSpan904" value="·"/>
		<feat xlink:href="#sSpan909" value="ⲉⲓⲧⲉ"/>
		<feat xlink:href="#sSpan913" value="ⲛ"/>
		<feat xlink:href="#sSpan918" value="ⲟⲩⲏⲏⲃ"/>
		<feat xlink:href="#sSpan921" value="ⲉⲓⲧⲉ"/>
		<feat xlink:href="#sSpan925" value="ⲡ"/>
		<feat xlink:href="#sSpan931" value="ⲗⲁⲟⲥ"/>
		<feat xlink:href="#sSpan933" value="·"/>
		<feat xlink:href="#sSpan937" value="ⲙⲁⲣⲉ"/>
		<feat xlink:href="#sSpan945" value="ⲛ"/>
		<feat xlink:href="#sSpan948" value="ⲡⲁⲣⲁⲕⲁⲗⲉⲓ"/>
		<feat xlink:href="#sSpan951" value="ⲁⲩⲱ"/>
		<feat xlink:href="#sSpan956" value="ⲛ"/>
		<feat xlink:href="#sSpan960" value="ⲧⲛ"/>
		<feat xlink:href="#sSpan962" value="ⲧⲱⲃϩ"/>
		<feat xlink:href="#sSpan965" value="ϩⲙ̄"/>
		<feat xlink:href="#sSpan969" value="ⲡⲉⲛ"/>
		<feat xlink:href="#sSpan971" value="ϩⲏⲧ"/>
		<feat xlink:href="#sSpan973" value="ⲧⲏⲣ"/>
		<feat xlink:href="#sSpan978" value="ϥ̄"/>
		<feat xlink:href="#sSpan980" value="·"/>
		<feat xlink:href="#sSpan984" value="ⲛ"/>
		<feat xlink:href="#sSpan988" value="ⲧ"/>
		<feat xlink:href="#sSpan990" value="ⲉⲧⲉ"/>
		<feat xlink:href="#sSpan993" value="ⲟⲩⲛ"/>
		<feat xlink:href="#sSpan996" value="ϣϭⲟⲙ"/>
		<feat xlink:href="#sSpan999" value="ⲙⲙⲟ"/>
		<feat xlink:href="#sSpan1004" value="ⲥ"/>
		<feat xlink:href="#sSpan1006" value="ⲉ"/>
		<feat xlink:href="#sSpan1010" value="ⲥⲟⲡⲥ"/>
		<feat xlink:href="#sSpan1012" value="ⲉϫⲱ"/>
		<feat xlink:href="#sSpan1017" value="ⲛ"/>
		<feat xlink:href="#sSpan1019" value="ⲛ̄ⲛⲁϩⲣⲙ̇"/>
		<feat xlink:href="#sSpan1024" value="ⲡ"/>
		<feat xlink:href="#sSpan1026" value="ⲛⲟⲩⲧⲉ"/>
		<feat xlink:href="#sSpan1028" value="ⲉϩⲟⲩⲉ"/>
		<feat xlink:href="#sSpan1033" value="ⲉ"/>
		<feat xlink:href="#sSpan1037" value="ⲛ"/>
		<feat xlink:href="#sSpan1039" value="ⲉⲧ"/>
		<feat xlink:href="#sSpan1041" value="ⲟⲩⲁⲁⲃ"/>
		<feat xlink:href="#sSpan1044" value="ⲧⲏⲣ"/>
		<feat xlink:href="#sSpan1048" value="ⲟⲩ"/>
		<feat xlink:href="#sSpan1050" value="ⲧⲉ"/>
		<feat xlink:href="#sSpan1057" value="ⲑⲉⲟⲇⲱⲕⲟⲥ"/>
		<feat xlink:href="#sSpan1059" value="ⲉⲧ"/>
		<feat xlink:href="#sSpan1064" value="ⲟⲩⲁⲁⲃ"/>
		<feat xlink:href="#sSpan1067" value="ⲙⲁⲣⲓⲁ"/>
		<feat xlink:href="#sSpan1071" value="ⲧ"/>
		<feat xlink:href="#sSpan1076" value="ⲉⲛⲧ"/>
		<feat xlink:href="#sSpan1078" value="ⲁ"/>
		<feat xlink:href="#sSpan1080" value="ⲡ"/>
		<feat xlink:href="#sSpan1082" value="ⲛⲟⲩⲧⲉ"/>
		<feat xlink:href="#sSpan1086" value="ϯⲉⲟⲟⲩ"/>
		<feat xlink:href="#sSpan1089" value="ⲛⲁ"/>
		<feat xlink:href="#sSpan1093" value="ⲥ"/>
		<feat xlink:href="#sSpan1095" value="ϩⲛ̄"/>
		<feat xlink:href="#sSpan1099" value="ⲧ"/>
		<feat xlink:href="#sSpan1102" value="ⲡⲉ"/>
		<feat xlink:href="#sSpan1104" value="·"/>
		<feat xlink:href="#sSpan1108" value="ⲁⲩⲱ"/>
		<feat xlink:href="#sSpan1112" value="ϩⲓϫⲙ"/>
		<feat xlink:href="#sSpan1117" value="ⲡ"/>
		<feat xlink:href="#sSpan1119" value="ⲕⲁϩ"/>
		<feat xlink:href="#sSpan1121" value="ⲉϩⲟⲩⲉ"/>
		<feat xlink:href="#sSpan1125" value="ⲡ"/>
		<feat xlink:href="#sSpan1130" value="ⲥⲱⲛⲧ"/>
		<feat xlink:href="#sSpan1132" value="ⲧⲏⲣ"/>
		<feat xlink:href="#sSpan1137" value="ϥ"/>
		<feat xlink:href="#sSpan1139" value="·"/>
		<feat xlink:href="#sSpan1143" value="ⲛ"/>
		<feat xlink:href="#sSpan1151" value="ⲉⲧ"/>
		<feat xlink:href="#sSpan1153" value="ⲛ"/>
		<feat xlink:href="#sSpan1155" value="ⲛⲁⲩ"/>
		<feat xlink:href="#sSpan1157" value="ⲉⲣⲟ"/>
		<feat xlink:href="#sSpan1162" value="ⲟⲩ"/>
		<feat xlink:href="#sSpan1164" value="·"/>
		<feat xlink:href="#sSpan1168" value="ⲙⲛ"/>
		<feat xlink:href="#sSpan1172" value="ⲛ"/>
		<feat xlink:href="#sSpan1174" value="ⲉⲧ"/>
		<feat xlink:href="#sSpan1177" value="ⲛ"/>
		<feat xlink:href="#sSpan1179" value="ⲛⲁⲩ"/>
		<feat xlink:href="#sSpan1181" value="ⲉⲣⲟ"/>
		<feat xlink:href="#sSpan1185" value="ⲟⲩ"/>
		<feat xlink:href="#sSpan1187" value="ⲁⲛ"/>
		<feat xlink:href="#sSpan1191" value="ϫⲉⲕⲁⲥ"/>
		<feat xlink:href="#sSpan1196" value="ⲉⲥⲉ"/>
		<feat xlink:href="#sSpan1201" value="ⲡⲣⲉⲥⲃⲉⲩⲉ"/>
		<feat xlink:href="#sSpan1204" value="ϩⲁⲣⲟ"/>
		<feat xlink:href="#sSpan1208" value="ⲛ"/>
		<feat xlink:href="#sSpan1210" value="ⲛ̄ⲛ̄ⲁ̇ϩⲣⲙ"/>
		<feat xlink:href="#sSpan1215" value="ⲡⲉⲥ"/>
		<feat xlink:href="#sSpan1217" value="ϣⲏⲣⲉ"/>
		<feat xlink:href="#sSpan1220" value="ⲡ"/>
		<feat xlink:href="#sSpan1224" value="ⲛⲟⲩⲧⲉ"/>
		<feat xlink:href="#sSpan1226" value="ⲙ"/>
		<feat xlink:href="#sSpan1231" value="ⲙⲉ"/>
		<feat xlink:href="#sSpan1233" value="·"/>
		<feat xlink:href="#sSpan1238" value="Ϫⲉⲕⲁⲥ"/>
		<feat xlink:href="#sSpan1248" value="ⲉϥⲉ"/>
		<feat xlink:href="#sSpan1252" value="ϩⲱⲃⲥ̄"/>
		<feat xlink:href="#sSpan1254" value="ⲉⲃⲟⲗ"/>
		<feat xlink:href="#sSpan1259" value="ⲉϫⲛ"/>
		<feat xlink:href="#sSpan1263" value="ⲛⲉⲛ"/>
		<feat xlink:href="#sSpan1265" value="ⲛⲟⲃⲉ"/>
		<feat xlink:href="#sSpan1268" value="ⲛⲧ"/>
		<feat xlink:href="#sSpan1272" value="ⲁ"/>
		<feat xlink:href="#sSpan1274" value="ⲛ"/>
		<feat xlink:href="#sSpan1276" value="ⲁⲁ"/>
		<feat xlink:href="#sSpan1279" value="ⲩ"/>
		<feat xlink:href="#sSpan1281" value="ϣⲁ"/>
		<feat xlink:href="#sSpan1285" value="ⲡⲉⲓ"/>
		<feat xlink:href="#sSpan1287" value="ⲙⲁ"/>
		<feat xlink:href="#sSpan1289" value="ϩⲙ"/>
		<feat xlink:href="#sSpan1294" value="ⲡ"/>
		<feat xlink:href="#sSpan1296" value="ⲛⲟϭ"/>
		<feat xlink:href="#sSpan1298" value="ⲙ"/>
		<feat xlink:href="#sSpan1303" value="ⲡⲉⲗⲁⲅⲟⲥ"/>
		<feat xlink:href="#sSpan1306" value="ⲛ"/>
		<feat xlink:href="#sSpan1310" value="ⲧⲉϥ"/>
		<feat xlink:href="#sSpan1314" value="ⲙⲛⲧⲙⲁⲓⲣⲱⲙⲉ"/>
		<feat xlink:href="#sSpan1319" value="·"/>
		<feat xlink:href="#sSpan1323" value="ⲛ"/>
		<feat xlink:href="#sSpan1331" value="ϥ"/>
		<feat xlink:href="#sSpan1333" value="ϥⲉⲓ"/>
		<feat xlink:href="#sSpan1335" value="ⲉⲃⲟⲗ"/>
		<feat xlink:href="#sSpan1339" value="ⲙⲙⲟ"/>
		<feat xlink:href="#sSpan1344" value="ⲛ"/>
		<feat xlink:href="#sSpan1346" value="ⲙ"/>
		<feat xlink:href="#sSpan1350" value="ⲡⲉⲓ"/>
		<feat xlink:href="#sSpan1352" value="ϩⲏⲧ"/>
		<feat xlink:href="#sSpan1355" value="ⲛ"/>
		<feat xlink:href="#sSpan1359" value="ⲱⲛⲉ"/></featList></paula>