<?xml version='1.0' encoding='UTF-8'?><!DOCTYPE paula SYSTEM "paula_feat.dtd">
<paula version="1.1">
	<header paula_id="scriptorium.shenoute.those.GF301-306.mark_norm_group"/>
	<featList xmlns:xlink="http://www.w3.org/1999/xlink" type="norm_group" xml:base="scriptorium.shenoute.those.GF301-306.mark.xml">
		<feat xlink:href="#sSpan3" value="........"/>
		<feat xlink:href="#sSpan13" value="........"/>
		<feat xlink:href="#sSpan19" value="ⲡⲉⲛⲧⲁϥ...."/>
		<feat xlink:href="#sSpan35" value="ⲛⲟⲩⲕⲱϩⲧ"/>
		<feat xlink:href="#sSpan45" value="ⲙⲛⲟⲩⲑⲏⲛ"/>
		<feat xlink:href="#sSpan56" value="ⲉⲃⲟⲗ"/>
		<feat xlink:href="#sSpan61" value="ϩⲛⲧⲡⲉ"/>
		<feat xlink:href="#sSpan71" value="ⲉϫⲛⲛⲣⲱⲙⲉ"/>
		<feat xlink:href="#sSpan81" value="ⲛⲥⲟⲇⲟⲙⲁ"/>
		<feat xlink:href="#sSpan89" value="·"/>
		<feat xlink:href="#sSpan93" value="ⲙⲛⲕⲟⲙⲟⲣⲣⲁ"/>
		<feat xlink:href="#sSpan102" value="·"/>
		<feat xlink:href="#sSpan106" value="ϣⲁⲛⲧⲉϥⲃⲟⲧⲟⲩ"/>
		<feat xlink:href="#sSpan117" value="ⲉⲃⲟⲗ"/>
		<feat xlink:href="#sSpan122" value="ⲉⲧⲃⲉⲛⲉⲩⲙⲛⲧⲁⲥⲉⲃⲏⲥ"/>
		<feat xlink:href="#sSpan135" value="ϣⲁⲧⲛⲗⲱⲧ"/>
		<feat xlink:href="#sSpan144" value="ⲙⲛⲛⲉϥϣⲏⲣⲉ"/>
		<feat xlink:href="#sSpan154" value="·"/>
		<feat xlink:href="#sSpan159" value="ⲡⲉⲛⲧⲁϥⲱⲙⲥ"/>
		<feat xlink:href="#sSpan173" value="ⲙⲫⲁⲣⲁⲱ"/>
		<feat xlink:href="#sSpan183" value="ⲙⲛⲡⲉϥⲙⲏⲏϣⲉ"/>
		<feat xlink:href="#sSpan193" value="ϩⲛⲧϩⲁⲗⲁⲥⲥⲁ"/>
		<feat xlink:href="#sSpan204" value="·"/>
		<feat xlink:href="#sSpan208" value="ⲉⲧⲃⲉⲧⲉϥⲙⲛⲧⲁⲧⲛⲟⲩⲧⲉ"/>
		<feat xlink:href="#sSpan220" value="·"/>
		<feat xlink:href="#sSpan225" value="ⲡⲉϫⲁⲩ"/>
		<feat xlink:href="#sSpan234" value="ⲛϭⲓⲛⲉⲛⲧⲁⲩⲙⲉⲣⲉⲡⲥⲁϩⲟⲩ"/>
		<feat xlink:href="#sSpan255" value="ϫⲉⲉϥⲉⲉⲓ"/>
		<feat xlink:href="#sSpan264" value="ⲛⲁⲩ"/>
		<feat xlink:href="#sSpan270" value="·"/>
		<feat xlink:href="#sSpan274" value="ϫⲉⲙⲛϭⲟⲙ"/>
		<feat xlink:href="#sSpan283" value="ⲙⲙⲟϥ"/>
		<feat xlink:href="#sSpan289" value="ⲉⲧⲟⲩϫⲟϥ"/>
		<feat xlink:href="#sSpan298" value="ⲉⲧⲟⲟⲧⲟⲩ"/>
		<feat xlink:href="#sSpan304" value="ⲛⲛⲉⲛⲧⲁⲩⲥⲧⲁⲩⲣⲟⲩ"/>
		<feat xlink:href="#sSpan321" value="ⲙⲙⲟϥ"/>
		<feat xlink:href="#sSpan328" value="·"/>
		<feat xlink:href="#sSpan333" value="ⲡⲉⲛ"/>
		<feat xlink:href="#sSpan341" value="…"/>
		<feat xlink:href="#sSpan349" value="…"/>
		<feat xlink:href="#sSpan356" value="…"/>
		<feat xlink:href="#sSpan363" value="…"/>
		<feat xlink:href="#sSpan370" value="…"/>
		<feat xlink:href="#sSpan375" value="ϩⲕ"/>
		<feat xlink:href="#sSpan381" value="......."/>
		<feat xlink:href="#sSpan386" value="ⲡⲉⲛⲧⲁϥⲧⲣⲉⲩϣⲱⲡⲉ"/>
		<feat xlink:href="#sSpan406" value="ⲧⲏⲣⲟⲩ"/>
		<feat xlink:href="#sSpan412" value="·"/>
		<feat xlink:href="#sSpan418" value="ⲡⲉⲛⲧⲁϥⲧⲣⲉⲡⲕⲁϩ"/>
		<feat xlink:href="#sSpan437" value="ⲟⲩⲱⲛ"/>
		<feat xlink:href="#sSpan441" value="ⲛⲣⲱϥ"/>
		<feat xlink:href="#sSpan451" value="ⲁϥⲱⲙⲕ"/>
		<feat xlink:href="#sSpan459" value="ⲛⲟⲩⲙⲏⲏϣⲉ"/>
		<feat xlink:href="#sSpan469" value="ϫⲉⲁⲩⲣⲛⲟⲃⲉ"/>
		<feat xlink:href="#sSpan483" value="ⲉⲣⲟϥ"/>
		<feat xlink:href="#sSpan489" value="ⲙⲡⲉⲓⲟⲩⲟⲉⲓϣ"/>
		<feat xlink:href="#sSpan500" value="ⲙⲛⲛⲉⲛⲧⲁϥⲃⲟⲧⲟⲩ"/>
		<feat xlink:href="#sSpan518" value="ⲉⲃⲟⲗ"/>
		<feat xlink:href="#sSpan522" value="ⲧⲏⲣⲟⲩ"/>
		<feat xlink:href="#sSpan528" value="ϩⲛⲧⲉⲣⲏⲙⲟⲥ"/>
		<feat xlink:href="#sSpan539" value="·"/>
		<feat xlink:href="#sSpan544" value="ⲡⲉϫⲁⲩ"/>
		<feat xlink:href="#sSpan554" value="ⲛϭⲓⲛⲣⲱⲙⲉ"/>
		<feat xlink:href="#sSpan564" value="ⲉⲧⲣϩⲟⲩⲉⲥϩⲟⲩⲟⲣⲧ"/>
		<feat xlink:href="#sSpan574" value="·"/>
		<feat xlink:href="#sSpan578" value="ϫⲉⲉϣϫⲉⲡⲛⲟⲩⲧⲉ"/>
		<feat xlink:href="#sSpan590" value="ⲡⲉ"/>
		<feat xlink:href="#sSpan594" value="ⲁϩⲣⲟⲟⲩ"/>
		<feat xlink:href="#sSpan601" value="ⲁⲩⲥⲧⲁⲩⲣⲟⲩ"/>
		<feat xlink:href="#sSpan610" value="ⲙⲙⲟϥ"/>
		<feat xlink:href="#sSpan617" value="·"/>
		<feat xlink:href="#sSpan622" value="ⲛⲓⲙ"/>
		<feat xlink:href="#sSpan629" value="ⲡⲉⲧⲛⲁⲉϣϫⲓⲏⲡ"/>
		<feat xlink:href="#sSpan644" value="ⲉⲛⲙⲙⲛⲧ"/>
		<feat xlink:href="#sSpan652" value="…"/>
		<feat xlink:href="#sSpan661" value="…"/>
		<feat xlink:href="#sSpan668" value="…"/>
		<feat xlink:href="#sSpan677" value="…"/>
		<feat xlink:href="#sSpan684" value="…"/>
		<feat xlink:href="#sSpan689" value="......"/>
		<feat xlink:href="#sSpan694" value="ⲗⲟⲥ"/>
		<feat xlink:href="#sSpan699" value="ⲧⲏⲣⲟⲩ"/>
		<feat xlink:href="#sSpan706" value="·"/>
		<feat xlink:href="#sSpan711" value="ⲛⲧϩⲉ"/>
		<feat xlink:href="#sSpan720" value="ⲛⲧⲁⲟⲩⲁ"/>
		<feat xlink:href="#sSpan729" value="ⲛⲟⲩⲱⲧ"/>
		<feat xlink:href="#sSpan736" value="ⲉⲓ"/>
		<feat xlink:href="#sSpan741" value="ⲉⲃⲟⲗ"/>
		<feat xlink:href="#sSpan745" value="ϩⲓⲧⲟⲟⲧϥ"/>
		<feat xlink:href="#sSpan752" value="·"/>
		<feat xlink:href="#sSpan756" value="ⲁϥⲙⲟⲩⲟⲩⲧ"/>
		<feat xlink:href="#sSpan764" value="ⲙⲙⲛⲧϣⲙⲏⲛ"/>
		<feat xlink:href="#sSpan774" value="ⲛⲧⲃⲁ"/>
		<feat xlink:href="#sSpan782" value="ⲟⲩϭⲟⲥ"/>
		<feat xlink:href="#sSpan788" value="ⲛⲣⲱⲙⲉ"/>
		<feat xlink:href="#sSpan795" value="ϩⲛⲟⲩⲟⲩϣⲏ"/>
		<feat xlink:href="#sSpan805" value="ⲉⲛⲟⲩⲱⲧ"/>
		<feat xlink:href="#sSpan813" value="·"/>
		<feat xlink:href="#sSpan817" value="ⲉⲃⲟⲗ"/>
		<feat xlink:href="#sSpan823" value="ϩⲛⲧⲡⲁⲣⲉⲙⲃⲟⲗⲏ"/>
		<feat xlink:href="#sSpan834" value="ⲛϩⲉⲛⲙⲏⲏϣⲉ"/>
		<feat xlink:href="#sSpan845" value="ⲛⲣⲱⲙⲉ"/>
		<feat xlink:href="#sSpan851" value="ⲛⲁⲧⲛⲟⲩⲧⲉ"/>
		<feat xlink:href="#sSpan860" value="·"/>
		<feat xlink:href="#sSpan865" value="ⲁⲩⲱ"/>
		<feat xlink:href="#sSpan872" value="ⲛⲧⲁⲙⲱⲩⲥⲏⲥ"/>
		<feat xlink:href="#sSpan883" value="ⲡⲉϥⲥⲱⲧⲡ"/>
		<feat xlink:href="#sSpan889" value="ⲉⲣⲛⲉⲓⲙⲟⲓϩⲉ"/>
		<feat xlink:href="#sSpan901" value="ⲧⲏⲣⲟⲩ"/>
		<feat xlink:href="#sSpan908" value="ϩⲛⲕⲏⲙⲉ"/>
		<feat xlink:href="#sSpan915" value="·"/>
		<feat xlink:href="#sSpan919" value="ⲁⲩⲱ"/>
		<feat xlink:href="#sSpan924" value="ϩⲛⲧⲉⲣⲩⲑⲣⲁ"/>
		<feat xlink:href="#sSpan936" value="ⲑⲁⲗⲁⲥⲥⲁ"/>
		<feat xlink:href="#sSpan940" value="·"/>
		<feat xlink:href="#sSpan944" value="ⲁⲩⲱ"/>
		<feat xlink:href="#sSpan950" value="ⲡϫⲁⲓⲉ"/>
		<feat xlink:href="#sSpan956" value="ⲛϩⲙⲉ"/>
		<feat xlink:href="#sSpan967" value="ⲛⲣⲟⲙⲡⲉ"/>
		<feat xlink:href="#sSpan974" value="·"/>
		<feat xlink:href="#sSpan980" value="ⲁⲩⲱ"/>
		<feat xlink:href="#sSpan985" value="ⲛⲉⲛⲧⲁϥⲁⲁⲩ"/>
		<feat xlink:href="#sSpan1001" value="ⲧⲏⲣⲟⲩ"/>
		<feat xlink:href="#sSpan1007" value="ⲉⲃⲟⲗ"/>
		<feat xlink:href="#sSpan1012" value="ϩⲓⲧⲙⲡⲉϥϩⲙϩⲁⲗ"/>
		<feat xlink:href="#sSpan1023" value="ⲓⲏⲥⲟⲩⲥ"/>
		<feat xlink:href="#sSpan1027" value="ⲡϣⲏⲣⲉ"/>
		<feat xlink:href="#sSpan1033" value="ⲛⲛⲁⲩⲏ"/>
		<feat xlink:href="#sSpan1042" value="·"/>
		<feat xlink:href="#sSpan1046" value="ⲡⲇⲩⲛⲁⲧⲟⲥ"/>
		<feat xlink:href="#sSpan1055" value="ϩⲛⲧⲉϥϭⲟⲙ"/>
		<feat xlink:href="#sSpan1065" value="·"/>
		<feat xlink:href="#sSpan1070" value="ⲁⲩⲱ"/>
		<feat xlink:href="#sSpan1077" value="ⲛⲧⲁⲡⲉϥϩⲙϩⲁⲗ"/>
		<feat xlink:href="#sSpan1090" value="ϩⲏⲗⲓⲁⲥ"/>
		<feat xlink:href="#sSpan1094" value="ⲧⲟⲩⲛⲉⲥⲛⲉⲧⲙⲟⲟⲩⲧ"/>
		<feat xlink:href="#sSpan1106" value="·"/>
		<feat xlink:href="#sSpan1112" value="ⲁⲩⲱ"/>
		<feat xlink:href="#sSpan1119" value="ⲟⲛ"/>
		<feat xlink:href="#sSpan1123" value="ⲁϥⲡⲉⲣϫⲙⲙⲟⲟⲩ"/>
		<feat xlink:href="#sSpan1137" value="ⲙⲡⲓⲟⲣⲇⲁⲛⲁⲥ"/>
		<feat xlink:href="#sSpan1148" value="·"/>
		<feat xlink:href="#sSpan1152" value="ⲁϥⲙⲟⲟϣⲉ"/>
		<feat xlink:href="#sSpan1163" value="ϩⲓϫⲙⲡⲉⲧϣⲟⲩⲱⲟⲩ"/>
		<feat xlink:href="#sSpan1175" value="·"/>
		<feat xlink:href="#sSpan1180" value="ⲉⲁϥⲥⲉϣⲧⲧⲡⲉ"/>
		<feat xlink:href="#sSpan1198" value="ⲟⲛ"/>
		<feat xlink:href="#sSpan1202" value="ⲛϣⲟⲙⲧⲉ"/>
		<feat xlink:href="#sSpan1210" value="ⲛⲣⲟⲙⲡⲉ"/>
		<feat xlink:href="#sSpan1217" value="ⲙⲛⲥⲟⲟⲩ"/>
		<feat xlink:href="#sSpan1224" value="ⲛⲉⲃⲟⲧ"/>
		<feat xlink:href="#sSpan1231" value="·"/>
		<feat xlink:href="#sSpan1236" value="ⲁⲩⲱ"/>
		<feat xlink:href="#sSpan1243" value="ⲟⲛ"/>
		<feat xlink:href="#sSpan1247" value="ⲁϥⲙⲡⲕⲱϩⲧ"/>
		<feat xlink:href="#sSpan1261" value="ⲉⲃⲟⲗ"/>
		<feat xlink:href="#sSpan1266" value="ϩⲛⲧⲡⲉ"/>
		<feat xlink:href="#sSpan1276" value="·"/>
		<feat xlink:href="#sSpan1280" value="ϩⲙⲡⲧⲣⲉϥⲉⲡⲓⲕⲁⲗⲉⲓ"/>
		<feat xlink:href="#sSpan1296" value="ⲙⲡⲣⲁⲛ"/>
		<feat xlink:href="#sSpan1305" value="ⲙⲡⲉⲧϫⲟⲥⲉ"/>
		<feat xlink:href="#sSpan1320" value="·"/>
		<feat xlink:href="#sSpan1324" value="ⲁϥⲟⲩⲱⲙ"/>
		<feat xlink:href="#sSpan1335" value="ⲛⲛϣⲛⲉ"/>
		<feat xlink:href="#sSpan1344" value="·"/>
		<feat xlink:href="#sSpan1348" value="ⲙⲛⲡⲙⲟⲟⲩ"/>
		<feat xlink:href="#sSpan1358" value="·"/>
		<feat xlink:href="#sSpan1362" value="ⲙⲛⲛϣⲉ"/>
		<feat xlink:href="#sSpan1372" value="·"/>
		<feat xlink:href="#sSpan1376" value="ⲙⲛⲙⲙⲁⲥⲉ"/>
		<feat xlink:href="#sSpan1386" value="·"/>
		<feat xlink:href="#sSpan1390" value="ⲉⲧϣⲁⲁⲧ"/>
		<feat xlink:href="#sSpan1397" value="ϩⲓϫⲱⲟⲩ"/>
		<feat xlink:href="#sSpan1404" value="·"/>
		<feat xlink:href="#sSpan1408" value="ⲡⲁⲓ"/>
		<feat xlink:href="#sSpan1412" value="ⲛⲧⲁϥⲧⲁⲙⲓⲟϥ"/>
		<feat xlink:href="#sSpan1425" value="ⲙⲡⲧⲏⲡⲟⲥ"/>
		<feat xlink:href="#sSpan1436" value="ⲛⲑⲩⲥⲓⲁ"/>
		<feat xlink:href="#sSpan1445" value="·"/>
		<feat xlink:href="#sSpan1449" value="ⲁⲩⲱ"/>
		<feat xlink:href="#sSpan1453" value="ⲡⲕⲉⲕⲁϩ"/>
		<feat xlink:href="#sSpan1463" value="ⲡⲁⲓ"/>
		<feat xlink:href="#sSpan1467" value="ⲛⲧⲁϥⲧⲁⲙⲓⲟϥ"/>
		<feat xlink:href="#sSpan1480" value="ⲙⲡⲧⲏⲡⲟⲥ"/>
		<feat xlink:href="#sSpan1491" value="ⲛⲟⲩⲑⲁⲗⲁⲥⲥⲁ"/>
		<feat xlink:href="#sSpan1502" value="·"/>
		<feat xlink:href="#sSpan1506" value="ⲙⲛⲡⲉϥⲕⲱⲧⲉ"/>
		<feat xlink:href="#sSpan1516" value="ⲧⲏⲣϥ"/>
		<feat xlink:href="#sSpan1522" value="·"/>
		<feat xlink:href="#sSpan1527" value="ⲁⲩⲱ"/>
		<feat xlink:href="#sSpan1534" value="ⲛⲧⲁϥϣⲗⲏⲗ"/>
		<feat xlink:href="#sSpan1544" value="ⲁϥϣⲟⲩⲟ"/>
		<feat xlink:href="#sSpan1553" value="ⲛϭⲓⲡⲙⲟⲩ"/>
		<feat xlink:href="#sSpan1563" value="ⲛϩⲱⲟⲩ"/>
		<feat xlink:href="#sSpan1570" value="ⲉϫⲙⲡⲕⲁϩ"/>
		<feat xlink:href="#sSpan1580" value="·"/>
		<feat xlink:href="#sSpan1584" value="ⲁϥϯⲙⲡⲉϥⲕⲁⲣⲡⲟⲥ"/>
		<feat xlink:href="#sSpan1604" value="·"/>
		<feat xlink:href="#sSpan1609" value="ⲛⲧⲉⲓϩⲉ"/>
		<feat xlink:href="#sSpan1620" value="ⲟⲛ"/>
		<feat xlink:href="#sSpan1624" value="ⲡⲉ"/>
		<feat xlink:href="#sSpan1628" value="ⲡⲉϥϩⲙϩⲁⲗ"/>
		<feat xlink:href="#sSpan1637" value="ⲉⲗⲓⲥⲥⲁⲓⲟⲥ"/>
		<feat xlink:href="#sSpan1642" value="ⲉⲁϥⲧⲟⲩⲛⲉⲥⲛⲉⲧⲙⲟⲟⲩⲧ"/>
		<feat xlink:href="#sSpan1660" value="·"/>
		<feat xlink:href="#sSpan1664" value="ⲁⲩⲱ"/>
		<feat xlink:href="#sSpan1670" value="ⲁϥⲡⲁⲧⲁⲥⲥⲉⲓ"/>
		<feat xlink:href="#sSpan1681" value="ⲙⲡⲙⲏⲏϣⲉ"/>
		<feat xlink:href="#sSpan1692" value="..."/>
		<feat xlink:href="#sSpan1696" value="ⲣⲉⲱ"/>
		<feat xlink:href="#sSpan1703" value="......"/>
		<feat xlink:href="#sSpan1707" value="ⲙ"/>
		<feat xlink:href="#sSpan1712" value="....."/>
		<feat xlink:href="#sSpan1716" value="ⲛⲕ"/>
		<feat xlink:href="#sSpan1721" value="...."/>
		<feat xlink:href="#sSpan1725" value="ⲛⲧⲁϥⲁⲁⲩ"/>
		<feat xlink:href="#sSpan1741" value="ϩⲙⲡⲣⲁⲛ"/>
		<feat xlink:href="#sSpan1751" value="ⲙⲡⲉϫⲟⲥⲉ"/>
		<feat xlink:href="#sSpan1760" value="·"/>
		<feat xlink:href="#sSpan1765" value="ⲁⲩⲱ"/>
		<feat xlink:href="#sSpan1773" value="ⲡⲉϫⲁⲩ"/>
		<feat xlink:href="#sSpan1779" value="ⲛϭⲓⲛⲣⲱⲙⲉ"/>
		<feat xlink:href="#sSpan1789" value="ⲉⲧⲥϩⲟⲩⲟⲣⲧ"/>
		<feat xlink:href="#sSpan1796" value="ϫⲉⲙⲡⲛⲟⲩⲧⲉ"/>
		<feat xlink:href="#sSpan1808" value="ⲁⲛ"/>
		<feat xlink:href="#sSpan1812" value="ⲡⲉ"/>
		<feat xlink:href="#sSpan1816" value="·"/>
		<feat xlink:href="#sSpan1822" value="ⲟⲩⲕ"/>
		<feat xlink:href="#sSpan1830" value="ⲟⲩⲛ"/>
		<feat xlink:href="#sSpan1834" value="ⲉϫⲛⲛⲁⲓ"/>
		<feat xlink:href="#sSpan1842" value="ⲙⲁⲣⲉⲛϫⲛⲉⲛⲁⲡⲓⲥⲧⲟⲥ"/>
		<feat xlink:href="#sSpan1857" value="·"/>
		<feat xlink:href="#sSpan1861" value="ⲉⲣⲉⲡⲥⲁϩⲟⲩ"/>
		<feat xlink:href="#sSpan1871" value="ⲙⲡⲛⲟⲩⲧⲉ"/>
		<feat xlink:href="#sSpan1881" value="ϩⲛⲛⲉⲩⲏⲓ"/>
		<feat xlink:href="#sSpan1890" value="·"/>
		<feat xlink:href="#sSpan1894" value="ⲁⲩⲱ"/>
		<feat xlink:href="#sSpan1899" value="ⲛⲛⲁϩⲣⲛⲙⲡⲓⲥⲧⲟⲥ"/>
		<feat xlink:href="#sSpan1910" value="ⲁⲛ"/>
		<feat xlink:href="#sSpan1914" value="ⲉⲧⲉⲣⲉⲡⲉⲥⲙⲟⲩ"/>
		<feat xlink:href="#sSpan1924" value="ⲙⲡϫⲟⲉⲓⲥ"/>
		<feat xlink:href="#sSpan1934" value="ϩⲓϫⲛⲧⲉⲩⲁⲡⲉ"/>
		<feat xlink:href="#sSpan1944" value="·"/>
		<feat xlink:href="#sSpan1949" value="ϫⲉⲙⲁⲧⲁⲙⲟⲛ"/>
		<feat xlink:href="#sSpan1962" value="ⲛⲧⲟⲟⲩⲛ"/>
		<feat xlink:href="#sSpan1967" value="ϫⲉⲛⲓⲙ"/>
		<feat xlink:href="#sSpan1973" value="ⲡⲉ"/>
		<feat xlink:href="#sSpan1979" value="ⲡⲉⲧⲛⲛⲟⲩⲧⲉ"/>
		<feat xlink:href="#sSpan1987" value="ⲱ"/>
		<feat xlink:href="#sSpan1994" value="ⲛⲣⲱⲙⲉ"/>
		<feat xlink:href="#sSpan2001" value="ⲛⲧⲁⲩ"/>
		<feat xlink:href="#sSpan2009" value="...."/>
		<feat xlink:href="#sSpan2015" value="."/>
		<feat xlink:href="#sSpan2020" value="ϩⲟⲩo"/>
		<feat xlink:href="#sSpan2026" value="ϩⲉⲓ......."/>
		<feat xlink:href="#sSpan2033" value="ⲟⲩ"/>
		<feat xlink:href="#sSpan2037" value="..........·"/>
		<feat xlink:href="#sSpan2043" value="ⲉϣϫⲉ"/>
		<feat xlink:href="#sSpan2051" value="ⲧⲉⲧⲛϫⲱ"/>
		<feat xlink:href="#sSpan2058" value="ⲙⲙⲟⲥ"/>
		<feat xlink:href="#sSpan2066" value="ϫⲉⲛⲉⲧϩⲁⲧⲡⲉ"/>
		<feat xlink:href="#sSpan2083" value="ⲛⲉ"/>
		<feat xlink:href="#sSpan2089" value="ⲛⲉⲧⲛⲛⲟⲩⲧⲉ"/>
		<feat xlink:href="#sSpan2096" value="·"/>
		<feat xlink:href="#sSpan2100" value="ⲧⲉⲧⲛⲥϩⲟⲩⲟⲣⲧ"/>
		<feat xlink:href="#sSpan2107" value="·"/>
		<feat xlink:href="#sSpan2111" value="ϫⲉⲛⲧⲁⲡⲉⲛϫⲟⲉⲓⲥ"/>
		<feat xlink:href="#sSpan2125" value="ⲁⲩⲱ"/>
		<feat xlink:href="#sSpan2131" value="ⲡⲉⲛⲛⲟⲩⲧⲉ"/>
		<feat xlink:href="#sSpan2138" value="ⲁⲛⲟⲛ"/>
		<feat xlink:href="#sSpan2143" value="ⲛⲉⲭⲣⲓⲥⲧⲓⲁⲛⲟⲥ"/>
		<feat xlink:href="#sSpan2151" value="·"/>
		<feat xlink:href="#sSpan2155" value="ⲧⲁⲙⲓⲟⲟⲩ"/>
		<feat xlink:href="#sSpan2162" value="ϫⲓⲛϣⲟⲣⲡ"/>
		<feat xlink:href="#sSpan2170" value="ⲉⲧⲣⲉⲩⲣⲟⲩⲟⲉⲓⲛ"/>
		<feat xlink:href="#sSpan2184" value="ⲉϩⲣⲁⲓ"/>
		<feat xlink:href="#sSpan2188" value="ⲉϫⲙⲡⲕⲁϩ"/>
		<feat xlink:href="#sSpan2198" value="·"/>
		<feat xlink:href="#sSpan2203" value="ⲁⲩⲱ"/>
		<feat xlink:href="#sSpan2210" value="ⲉϣϫⲉⲧⲉⲧⲛϫⲱ"/>
		<feat xlink:href="#sSpan2219" value="ⲙⲙⲟⲥ"/>
		<feat xlink:href="#sSpan2226" value="ⲉⲡⲙⲁⲍⲉ"/>
		<feat xlink:href="#sSpan2236" value="ⲁⲩⲱ"/>
		<feat xlink:href="#sSpan2241" value="ⲧⲉϩⲉ"/>
		<feat xlink:href="#sSpan2248" value="ⲙⲛⲛⲕⲉⲧⲃⲛⲟⲟⲩⲉ"/>
		<feat xlink:href="#sSpan2260" value="ⲧⲏⲣⲟⲩ"/>
		<feat xlink:href="#sSpan2266" value="ϫⲉⲛⲉⲧⲛⲛⲟⲩⲧⲉ"/>
		<feat xlink:href="#sSpan2276" value="ⲛⲉ"/>
		<feat xlink:href="#sSpan2281" value="·"/>
		<feat xlink:href="#sSpan2285" value="ⲧⲉⲧⲛⲥϩⲟⲩⲟⲣⲧ"/>
		<feat xlink:href="#sSpan2293" value="ϫⲉⲛⲧⲁⲡϫⲟⲉⲓⲥ"/>
		<feat xlink:href="#sSpan2308" value="ⲙⲡⲉⲟⲟⲩ"/>
		<feat xlink:href="#sSpan2317" value="ⲡⲉⲓⲱⲧ"/>
		<feat xlink:href="#sSpan2323" value="ⲙⲡⲉⲛϫⲟⲉⲓⲥ"/>
		<feat xlink:href="#sSpan2334" value="ⲓⲏⲥⲟⲩⲥ"/>
		<feat xlink:href="#sSpan2338" value="ⲡⲉⲭⲣⲓⲥⲧⲟⲥ"/>
		<feat xlink:href="#sSpan2346" value="ⲕⲁⲁⲩ"/>
		<feat xlink:href="#sSpan2354" value="ⲉⲧⲃⲉⲥⲉⲕⲛⲁϩⲃ"/>
		<feat xlink:href="#sSpan2364" value="·"/>
		<feat xlink:href="#sSpan2368" value="ⲁⲩⲱ"/>
		<feat xlink:href="#sSpan2372" value="ⲉϥⲓⲉⲧⲡⲱ"/>
		<feat xlink:href="#sSpan2381" value="·"/>
		<feat xlink:href="#sSpan2385" value="ⲁⲩⲱ"/>
		<feat xlink:href="#sSpan2389" value="ⲉⲟⲩⲟⲙⲟⲩ"/>
		<feat xlink:href="#sSpan2398" value="·"/>
		<feat xlink:href="#sSpan2402" value="ⲁⲩⲱ"/>
		<feat xlink:href="#sSpan2406" value="ⲉⲥⲉⲡⲉⲩⲉⲣⲱⲧⲉ"/>
		<feat xlink:href="#sSpan2418" value="·"/>
		<feat xlink:href="#sSpan2422" value="ⲁⲩⲱ"/>
		<feat xlink:href="#sSpan2427" value="ⲉϯϩⲓⲱⲱⲛ"/>
		<feat xlink:href="#sSpan2437" value="ⲙⲡⲉⲩⲥⲟⲣⲧ"/>
		<feat xlink:href="#sSpan2447" value="·"/>
		<feat xlink:href="#sSpan2452" value="ⲉϣϫⲉⲧⲉⲧⲛϫⲱ"/>
		<feat xlink:href="#sSpan2463" value="ⲙⲙⲟⲥ"/>
		<feat xlink:href="#sSpan2470" value="·"/>
		<feat xlink:href="#sSpan2474" value="ϫⲉⲛⲉⲑⲏⲣⲓⲟⲛ"/>
		<feat xlink:href="#sSpan2485" value="ⲛⲉ"/>
		<feat xlink:href="#sSpan2490" value="ⲛⲉⲧⲛⲛⲟⲩⲧⲉ"/>
		<feat xlink:href="#sSpan2497" value="·"/>
		<feat xlink:href="#sSpan2501" value="ⲧⲉⲧⲛⲥϩⲟⲩⲟⲣⲧ"/>
		<feat xlink:href="#sSpan2508" value="ⲉⲡⲉϩⲟⲩⲟ"/>
		<feat xlink:href="#sSpan2516" value="·"/>
		<feat xlink:href="#sSpan2520" value="ϫⲉⲛⲧⲁⲡϫⲟⲉⲓⲥ"/>
		<feat xlink:href="#sSpan2534" value="ⲡⲛⲟⲩⲧⲉ"/>
		<feat xlink:href="#sSpan2541" value="ϫⲟⲟⲥ"/>
		<feat xlink:href="#sSpan2547" value="ⲉⲧⲣⲉⲩϣⲱⲡⲉ"/>
		<feat xlink:href="#sSpan2558" value="ⲧⲏⲣⲟⲩ"/>
		<feat xlink:href="#sSpan2565" value="·"/>
		<feat xlink:href="#sSpan2570" value="ⲉϣϫⲉⲡⲉϩⲟⲩⲟⲟⲣ"/>
		<feat xlink:href="#sSpan2583" value="ⲇⲉ"/>
		<feat xlink:href="#sSpan2589" value="ⲟⲛ"/>
		<feat xlink:href="#sSpan2593" value="ⲡⲉ"/>
		<feat xlink:href="#sSpan2598" value="ⲡⲉⲧⲛⲛⲟⲩⲧⲉ"/>
		<feat xlink:href="#sSpan2605" value="·"/>
		<feat xlink:href="#sSpan2609" value="ⲁⲩⲱ"/>
		<feat xlink:href="#sSpan2614" value="ⲧⲉⲙⲟⲩ"/>
		<feat xlink:href="#sSpan2621" value="·"/>
		<feat xlink:href="#sSpan2625" value="ⲧⲉⲧⲛⲣϩⲟⲩⲉⲥⲁϩⲟⲩⲉⲥϩⲟⲩⲟⲣⲧ"/>
		<feat xlink:href="#sSpan2639" value="·"/>
		<feat xlink:href="#sSpan2643" value="ϫⲉⲡϫⲟⲉⲓⲥ"/>
		<feat xlink:href="#sSpan2652" value="ⲡⲛⲟⲩⲧⲉ"/>
		<feat xlink:href="#sSpan2659" value="ϫⲱ"/>
		<feat xlink:href="#sSpan2663" value="ⲙⲙⲟⲥ"/>
		<feat xlink:href="#sSpan2673" value="·"/>
		<feat xlink:href="#sSpan2677" value="ϫⲉⲁⲛⲟⲕ"/>
		<feat xlink:href="#sSpan2683" value="ⲡⲉ"/>
		<feat xlink:href="#sSpan2687" value="·"/>
		<feat xlink:href="#sSpan2691" value="ⲁⲛⲟⲕ"/>
		<feat xlink:href="#sSpan2696" value="ⲡⲉ"/>
		<feat xlink:href="#sSpan2700" value="·"/>
		<feat xlink:href="#sSpan2704" value="ⲁⲩⲱ"/>
		<feat xlink:href="#sSpan2708" value="ⲙⲙⲛⲕⲉⲟⲩⲁ"/>
		<feat xlink:href="#sSpan2718" value="ⲛⲃⲗⲗⲁⲓ"/>
		<feat xlink:href="#sSpan2725" value="·"/>
		<feat xlink:href="#sSpan2729" value="ⲛⲧⲁϥⲕⲁⲁⲩ"/>
		<feat xlink:href="#sSpan2744" value="ⲉⲧⲃⲉⲡⲉⲩϩⲱⲃ"/>
		<feat xlink:href="#sSpan2753" value="·"/>
		<feat xlink:href="#sSpan2758" value="ⲡⲁⲓ"/>
		<feat xlink:href="#sSpan2764" value="ⲙⲉⲛ"/>
		<feat xlink:href="#sSpan2768" value="ⲉⲧⲃⲉⲣⲟⲉⲓⲥ"/>
		<feat xlink:href="#sSpan2776" value="·"/>
		<feat xlink:href="#sSpan2781" value="ⲧⲉⲓⲕⲉ"/>
		<feat xlink:href="#sSpan2787" value="ⲉⲧⲃⲉⲟⲩⲱϭⲡ"/>
		<feat xlink:href="#sSpan2795" value="ⲛϩⲉⲛⲡⲓⲛ"/>
		<feat xlink:href="#sSpan2805" value="·"/>
		<feat xlink:href="#sSpan2810" value="ⲁⲩⲱ"/>
		<feat xlink:href="#sSpan2817" value="ⲉϣϫⲉⲛϣⲉ"/>
		<feat xlink:href="#sSpan2827" value="·"/>
		<feat xlink:href="#sSpan2831" value="ⲙⲛⲛⲱⲛⲉ"/>
		<feat xlink:href="#sSpan2841" value="·"/>
		<feat xlink:href="#sSpan2845" value="ⲙⲛⲛⲛⲟⲩϥ"/>
		<feat xlink:href="#sSpan2855" value="·"/>
		<feat xlink:href="#sSpan2859" value="ⲙⲛⲛϩⲁⲧ"/>
		<feat xlink:href="#sSpan2869" value="·"/>
		<feat xlink:href="#sSpan2873" value="ⲙⲛⲛϩⲟⲙⲛⲧ"/>
		<feat xlink:href="#sSpan2883" value="·"/>
		<feat xlink:href="#sSpan2887" value="ⲙⲛⲙⲃⲉⲛⲓⲡⲉ"/>
		<feat xlink:href="#sSpan2897" value="·"/>
		<feat xlink:href="#sSpan2901" value="ⲙⲛⲛⲕⲟⲟⲩⲉ"/>
		<feat xlink:href="#sSpan2911" value="ⲧⲏⲣⲟⲩ"/>
		<feat xlink:href="#sSpan2918" value="ⲉⲧⲧⲉⲧⲛⲟⲩⲱϣⲧ"/>
		<feat xlink:href="#sSpan2927" value="ⲛⲁⲩ"/>
		<feat xlink:href="#sSpan2933" value="ⲛⲉ"/>
		<feat xlink:href="#sSpan2938" value="ⲛⲉⲧⲛⲛⲟⲩⲧⲉ"/>
		<feat xlink:href="#sSpan2945" value="·"/>
		<feat xlink:href="#sSpan2951" value="ⲧⲉⲧⲛⲣϩⲟⲩⲉⲥϩⲟⲩⲟⲣⲧ"/>
		<feat xlink:href="#sSpan2963" value="ⲟⲛ"/>
		<feat xlink:href="#sSpan2967" value="ϫⲉⲛⲧⲁⲡⲇⲓⲟⲓⲕⲏⲧⲏⲥ"/>
		<feat xlink:href="#sSpan2982" value="ⲙⲡⲕⲟⲥⲙⲟⲥ"/>
		<feat xlink:href="#sSpan2993" value="ⲧⲏⲣϥ"/>
		<feat xlink:href="#sSpan3000" value="ⲕⲁⲁⲩ"/>
		<feat xlink:href="#sSpan3006" value="ⲛⲛⲣⲱⲙⲉ"/>
		<feat xlink:href="#sSpan3017" value="·"/>
		<feat xlink:href="#sSpan3021" value="ⲉϥⲥⲟⲟⲩⲛ"/>
		<feat xlink:href="#sSpan3029" value="ϫⲉⲥⲉⲛⲁϫⲓⲧⲟⲩ"/>
		<feat xlink:href="#sSpan3043" value="ⲉⲣⲟⲟⲩ"/>
		<feat xlink:href="#sSpan3051" value="."/>
		<feat xlink:href="#sSpan3055" value="..."/>
		<feat xlink:href="#sSpan3061" value="ϩⲙ...."/>
		<feat xlink:href="#sSpan3069" value="ⲙⲡⲣ...."/>
		<feat xlink:href="#sSpan3079" value="ⲧⲉ"/>
		<feat xlink:href="#sSpan3084" value="ⲉϫⲟⲟⲥ"/>
		<feat xlink:href="#sSpan3092" value="ϫⲉⲥⲉⲥϩⲟⲩⲟⲣⲧ"/>
		<feat xlink:href="#sSpan3102" value="ⲛϭⲓⲛⲉⲓⲁⲧⲛⲟⲩⲧⲉ"/>
		<feat xlink:href="#sSpan3114" value="ⲉϥⲥⲱⲧⲙ"/>
		<feat xlink:href="#sSpan3123" value="ⲉϩⲉⲛϣⲁϫⲉ"/>
		<feat xlink:href="#sSpan3133" value="ⲉⲁϩⲉⲛⲉⲓⲟⲧⲉ"/>
		<feat xlink:href="#sSpan3145" value="ⲉⲛⲁⲅⲁⲑⲟⲥ"/>
		<feat xlink:href="#sSpan3152" value="ϫⲟⲟⲩ"/>
		<feat xlink:href="#sSpan3159" value="·"/>
		<feat xlink:href="#sSpan3163" value="ϫⲉⲛⲛⲉⲕⲥϩⲟⲩⲉⲣⲗⲁⲁⲩ"/>
		<feat xlink:href="#sSpan3179" value="ⲛⲣⲱⲙⲉ"/>
		<feat xlink:href="#sSpan3185" value="·"/>
		<feat xlink:href="#sSpan3191" value="ⲟⲩⲇⲉ"/>
		<feat xlink:href="#sSpan3198" value="ⲣⲱ"/>
		<feat xlink:href="#sSpan3202" value="ⲛϩⲉⲛⲣⲱⲙⲉ"/>
		<feat xlink:href="#sSpan3212" value="ⲁⲛ"/>
		<feat xlink:href="#sSpan3216" value="ⲛⲉ"/>
		<feat xlink:href="#sSpan3220" value="·"/>
		<feat xlink:href="#sSpan3225" value="ⲉϣϫⲉϩⲉⲛⲣⲱⲙⲉ"/>
		<feat xlink:href="#sSpan3238" value="ⲇⲉ"/>
		<feat xlink:href="#sSpan3244" value="ⲟⲛ"/>
		<feat xlink:href="#sSpan3248" value="ⲛⲉ"/>
		<feat xlink:href="#sSpan3252" value="·"/>
		<feat xlink:href="#sSpan3256" value="ϩⲉⲛⲣⲱⲙⲉ"/>
		<feat xlink:href="#sSpan3264" value="ⲛⲉ"/>
		<feat xlink:href="#sSpan3269" value="ⲛϣⲟⲩⲥϩⲟⲩⲱⲣⲟⲩ"/>
		<feat xlink:href="#sSpan3280" value="·"/>
		<feat xlink:href="#sSpan3284" value="ⲉⲃⲟⲗ"/>
		<feat xlink:href="#sSpan3288" value="ϩⲓⲧⲛⲛⲉⲧϫⲱ"/>
		<feat xlink:href="#sSpan3299" value="ⲙⲙⲟⲥ"/>
		<feat xlink:href="#sSpan3306" value="·"/>
		<feat xlink:href="#sSpan3310" value="ϫⲉⲁⲛⲟⲛϩⲉⲛⲭⲣⲓⲥⲧⲓⲁⲛⲟⲥ"/>
		<feat xlink:href="#sSpan3323" value="·"/>
		<feat xlink:href="#sSpan3327" value="ϫⲉⲁⲩϩⲟⲟⲩϣ"/>
		<feat xlink:href="#sSpan3338" value="ⲉⲡⲉⲛⲧⲁϥⲧⲁⲙⲓⲟⲟⲩ"/>
		<feat xlink:href="#sSpan3359" value="·"/>
		<feat xlink:href="#sSpan3363" value="ⲁⲩⲱ"/>
		<feat xlink:href="#sSpan3367" value="ⲁⲩϫⲓⲟⲩⲁ"/>
		<feat xlink:href="#sSpan3378" value="ⲉⲡⲉⲧⲥⲁ..."/>
		<feat xlink:href="#sSpan3390" value="ⲙⲙⲟⲟⲩ"/>
		<feat xlink:href="#sSpan3396" value="·"/>
		<feat xlink:href="#sSpan3402" value="ⲉϣϫⲉⲉϣϣⲉ"/>
		<feat xlink:href="#sSpan3413" value="ⲉⲥⲁϩⲟⲩ"/>
		<feat xlink:href="#sSpan3421" value="ⲙⲡϩⲟϥ"/>
		<feat xlink:href="#sSpan3430" value="·"/>
		<feat xlink:href="#sSpan3435" value="ⲉϣϣⲉ"/>
		<feat xlink:href="#sSpan3442" value="ⲟⲛ"/>
		<feat xlink:href="#sSpan3446" value="ⲛϩⲟⲩⲟ"/>
		<feat xlink:href="#sSpan3453" value="ⲉⲥϩⲟⲩⲉⲣⲛϣⲏⲣⲉ"/>
		<feat xlink:href="#sSpan3465" value="ⲙⲡϩⲟϥ"/>
		<feat xlink:href="#sSpan3474" value="ⲉⲧⲙⲙⲁⲩ"/>
		<feat xlink:href="#sSpan3481" value="·"/>
		<feat xlink:href="#sSpan3485" value="ⲡⲁⲓ"/>
		<feat xlink:href="#sSpan3490" value="ⲛⲧⲁⲡϫⲟⲉⲓⲥ"/>
		<feat xlink:href="#sSpan3502" value="ⲥϩⲟⲩⲱⲣϥ"/>
		<feat xlink:href="#sSpan3509" value="ϫⲓⲛⲛϣⲟⲣⲡ"/>
		<feat xlink:href="#sSpan3518" value="ϫⲉⲁϥⲁⲡⲁⲧⲁ"/>
		<feat xlink:href="#sSpan3529" value="ⲛⲉⲩϩⲁ"/>
		<feat xlink:href="#sSpan3538" value="·"/>
		<feat xlink:href="#sSpan3542" value="ⲁⲩⲱ"/>
		<feat xlink:href="#sSpan3546" value="ⲁϥϯϫⲣⲟⲡ"/>
		<feat xlink:href="#sSpan3557" value="ⲉⲁⲇⲁⲙ"/>
		<feat xlink:href="#sSpan3566" value="ϩⲙⲡⲡⲁⲣⲁⲇⲉⲓⲥⲟⲥ"/>
		<feat xlink:href="#sSpan3577" value="·"/>
		<feat xlink:href="#sSpan3581" value="ⲛⲧϩⲉ"/>
		<feat xlink:href="#sSpan3589" value="ⲧⲉⲛⲟⲩ"/>
		<feat xlink:href="#sSpan3593" value="ⲉⲧⲉⲣⲉⲛⲉⲓⲣⲱⲙⲉ"/>
		<feat xlink:href="#sSpan3603" value="ⲉⲧⲥϩⲟⲩⲟⲣⲧ"/>
		<feat xlink:href="#sSpan3611" value="ϯϫⲣⲟⲡ"/>
		<feat xlink:href="#sSpan3617" value="ⲛϩⲁϩ"/>
		<feat xlink:href="#sSpan3624" value="·"/>
		<feat xlink:href="#sSpan3628" value="ⲁⲩⲱ"/>
		<feat xlink:href="#sSpan3633" value="ⲉⲩⲥⲕⲁⲛⲇⲁⲗⲓⲍⲉ"/>
		<feat xlink:href="#sSpan3643" value="ⲛⲛⲉⲧⲉⲙⲛϭⲟⲙ"/>
		<feat xlink:href="#sSpan3657" value="ⲙⲙⲟⲟⲩ"/>
		<feat xlink:href="#sSpan3664" value="ⲉⲉⲓⲣⲉⲓⲙⲉ"/>
		<feat xlink:href="#sSpan3675" value="ϫⲉⲉⲩⲏⲡ"/>
		<feat xlink:href="#sSpan3686" value="ⲉⲡⲥⲁⲧⲁⲛⲁⲥ"/>
		<feat xlink:href="#sSpan3697" value="·"/>
		<feat xlink:href="#sSpan3703" value="ⲉⲧⲃⲉⲡⲁⲓ"/>
		<feat xlink:href="#sSpan3714" value="ⲉⲣϣⲁⲛⲧⲉⲅⲣⲁⲫⲏ"/>
		<feat xlink:href="#sSpan3726" value="ϫⲟⲟⲥ"/>
		<feat xlink:href="#sSpan3733" value="ⲛⲟⲩⲙⲁ"/>
		<feat xlink:href="#sSpan3742" value="·"/>
		<feat xlink:href="#sSpan3747" value="ⲏ"/>
		<feat xlink:href="#sSpan3751" value="ⲛⲧⲟϥ"/>
		<feat xlink:href="#sSpan3756" value="ϩⲉⲛⲣⲱⲙⲉ"/>
		<feat xlink:href="#sSpan3763" value="ⲛⲧⲉⲡⲛⲟⲩⲧⲉ"/>
		<feat xlink:href="#sSpan3773" value="ϫⲉⲛⲛⲉⲕⲥϩⲟⲩⲉⲣⲗⲁⲁⲩ"/>
		<feat xlink:href="#sSpan3789" value="ⲛⲣⲱⲙⲉ"/>
		<feat xlink:href="#sSpan3796" value="·"/>
		<feat xlink:href="#sSpan3801" value="ⲉⲩϫⲱ"/>
		<feat xlink:href="#sSpan3810" value="ⲙⲙⲟⲥ"/>
		<feat xlink:href="#sSpan3816" value="ϫⲉⲛⲛⲉⲕⲥϩⲟⲩⲉⲣⲛⲉⲧⲛⲁⲥⲁϩⲟⲩ"/>
		<feat xlink:href="#sSpan3837" value="ⲙⲙⲟⲕ"/>
		<feat xlink:href="#sSpan3843" value="·"/>
		<feat xlink:href="#sSpan3849" value="ⲕⲁⲧⲁⲡⲉⲛⲧⲁⲛϣⲣⲡϫⲟⲟϥ"/>
		<feat xlink:href="#sSpan3871" value="·"/>
		<feat xlink:href="#sSpan3875" value="ⲉⲩϫⲱ"/>
		<feat xlink:href="#sSpan3886" value="ⲙⲙⲟⲥ"/>
		<feat xlink:href="#sSpan3892" value="ⲁⲛ"/>
		<feat xlink:href="#sSpan3897" value="ϫⲉⲛⲛⲉⲕⲥϩⲟⲩⲉⲣⲡⲉⲧⲥⲱϣ"/>
		<feat xlink:href="#sSpan3915" value="ⲙⲡⲉⲧϯⲉⲟⲟⲩ"/>
		<feat xlink:href="#sSpan3929" value="ⲛⲁⲕ"/>
		<feat xlink:href="#sSpan3937" value="ⲡⲉⲭⲣⲓⲥⲧⲟⲥ"/>
		<feat xlink:href="#sSpan3944" value="·"/>
		<feat xlink:href="#sSpan3950" value="ⲉϣϫⲉⲉⲩϣⲁⲛϫⲟⲟⲥ"/>
		<feat xlink:href="#sSpan3964" value="ⲇⲉ"/>
		<feat xlink:href="#sSpan3968" value="ⲛϭⲓⲛⲉⲧⲟⲩⲁⲁⲃ"/>
		<feat xlink:href="#sSpan3980" value="·"/>
		<feat xlink:href="#sSpan3984" value="ⲉⲩϣⲁϫⲉ"/>
		<feat xlink:href="#sSpan3993" value="ⲉⲧⲃⲉⲡⲗⲁⲥ"/>
		<feat xlink:href="#sSpan4002" value="ϫⲉϩⲣⲁⲓ"/>
		<feat xlink:href="#sSpan4009" value="ⲛϩⲏⲧϥ"/>
		<feat xlink:href="#sSpan4015" value="ⲧⲛⲥⲁϩⲟⲩ"/>
		<feat xlink:href="#sSpan4022" value="ⲛⲛⲣⲱⲙⲉ"/>
		<feat xlink:href="#sSpan4032" value="·"/>
		<feat xlink:href="#sSpan4036" value="ⲉⲩϫⲱ"/>
		<feat xlink:href="#sSpan4044" value="ⲙⲙⲟⲥ"/>
		<feat xlink:href="#sSpan4051" value="ϫⲉⲟⲩⲙⲛⲧⲁⲧϩⲏⲧ"/>
		<feat xlink:href="#sSpan4064" value="ⲙⲡⲣⲱⲙⲉ"/></featList></paula>