<?xml version='1.0' encoding='UTF-8'?><!DOCTYPE paula SYSTEM "paula_feat.dtd">
<paula version="1.1">
	<header paula_id="scriptorium.shenoute.those.GF301-306.mark_gap_extent"/>
	<featList xmlns:xlink="http://www.w3.org/1999/xlink" type="gap_extent" xml:base="scriptorium.shenoute.those.GF301-306.mark.xml">
		<feat xlink:href="#sSpan338" value="unknown"/>
		<feat xlink:href="#sSpan346" value="unknown"/>
		<feat xlink:href="#sSpan353" value="unknown"/>
		<feat xlink:href="#sSpan360" value="unknown"/>
		<feat xlink:href="#sSpan367" value="unknown"/>
		<feat xlink:href="#sSpan649" value="unknown"/>
		<feat xlink:href="#sSpan658" value="unknown"/>
		<feat xlink:href="#sSpan665" value="unknown"/>
		<feat xlink:href="#sSpan674" value="unknown"/>
		<feat xlink:href="#sSpan681" value="unknown"/></featList></paula>