<?xml version='1.0' encoding='UTF-8'?><!DOCTYPE paula SYSTEM "paula_feat.dtd">
<paula version="1.1">
	<header paula_id="scriptorium.johannes.canons.FA143-158.mark_translation"/>
	<featList xmlns:xlink="http://www.w3.org/1999/xlink" type="translation" xml:base="scriptorium.johannes.canons.FA143-158.mark.xml">
		<feat xlink:href="#sSpan8" value="..."/>
		<feat xlink:href="#sSpan100" value="..."/>
		<feat xlink:href="#sSpan350" value="..."/>
		<feat xlink:href="#sSpan442" value="..."/>
		<feat xlink:href="#sSpan515" value="..."/>
		<feat xlink:href="#sSpan654" value="..."/>
		<feat xlink:href="#sSpan755" value="..."/>
		<feat xlink:href="#sSpan846" value="..."/>
		<feat xlink:href="#sSpan926" value="..."/>
		<feat xlink:href="#sSpan1038" value="..."/>
		<feat xlink:href="#sSpan1119" value="..."/>
		<feat xlink:href="#sSpan1192" value="..."/>
		<feat xlink:href="#sSpan1227" value="..."/>
		<feat xlink:href="#sSpan1272" value="..."/>
		<feat xlink:href="#sSpan1379" value="..."/>
		<feat xlink:href="#sSpan1421" value="..."/>
		<feat xlink:href="#sSpan1515" value="..."/>
		<feat xlink:href="#sSpan1645" value="..."/>
		<feat xlink:href="#sSpan1717" value="..."/>
		<feat xlink:href="#sSpan1785" value="..."/>
		<feat xlink:href="#sSpan1832" value="..."/>
		<feat xlink:href="#sSpan1894" value="..."/>
		<feat xlink:href="#sSpan1922" value="..."/>
		<feat xlink:href="#sSpan1967" value="..."/>
		<feat xlink:href="#sSpan2110" value="..."/>
		<feat xlink:href="#sSpan2325" value="..."/>
		<feat xlink:href="#sSpan2466" value="..."/>
		<feat xlink:href="#sSpan2597" value="..."/>
		<feat xlink:href="#sSpan2742" value="..."/>
		<feat xlink:href="#sSpan2841" value="..."/>
		<feat xlink:href="#sSpan2889" value="..."/>
		<feat xlink:href="#sSpan2941" value="..."/>
		<feat xlink:href="#sSpan3037" value="..."/>
		<feat xlink:href="#sSpan3089" value="..."/>
		<feat xlink:href="#sSpan3140" value="..."/>
		<feat xlink:href="#sSpan3306" value="..."/>
		<feat xlink:href="#sSpan3415" value="..."/>
		<feat xlink:href="#sSpan3470" value="..."/>
		<feat xlink:href="#sSpan3543" value="..."/>
		<feat xlink:href="#sSpan3625" value="..."/>
		<feat xlink:href="#sSpan3734" value="..."/>
		<feat xlink:href="#sSpan3813" value="..."/>
		<feat xlink:href="#sSpan3843" value="..."/>
		<feat xlink:href="#sSpan3946" value="..."/>
		<feat xlink:href="#sSpan4063" value="..."/>
		<feat xlink:href="#sSpan4130" value="..."/>
		<feat xlink:href="#sSpan4195" value="..."/>
		<feat xlink:href="#sSpan4256" value="..."/>
		<feat xlink:href="#sSpan4357" value="..."/>
		<feat xlink:href="#sSpan4429" value="..."/>
		<feat xlink:href="#sSpan4469" value="..."/>
		<feat xlink:href="#sSpan4570" value="..."/>
		<feat xlink:href="#sSpan4653" value="..."/>
		<feat xlink:href="#sSpan4734" value="..."/>
		<feat xlink:href="#sSpan4858" value="..."/>
		<feat xlink:href="#sSpan4947" value="..."/>
		<feat xlink:href="#sSpan5103" value="..."/>
		<feat xlink:href="#sSpan5281" value="..."/>
		<feat xlink:href="#sSpan5322" value="..."/>
		<feat xlink:href="#sSpan5397" value="..."/>
		<feat xlink:href="#sSpan5476" value="..."/>
		<feat xlink:href="#sSpan5555" value="..."/>
		<feat xlink:href="#sSpan5601" value="..."/>
		<feat xlink:href="#sSpan5654" value="..."/>
		<feat xlink:href="#sSpan5725" value="..."/>
		<feat xlink:href="#sSpan5858" value="..."/>
		<feat xlink:href="#sSpan5988" value="..."/>
		<feat xlink:href="#sSpan6041" value="..."/>
		<feat xlink:href="#sSpan6168" value="..."/>
		<feat xlink:href="#sSpan6253" value="..."/>
		<feat xlink:href="#sSpan6420" value="..."/>
		<feat xlink:href="#sSpan6507" value="..."/>
		<feat xlink:href="#sSpan6547" value="..."/>
		<feat xlink:href="#sSpan6590" value="..."/>
		<feat xlink:href="#sSpan6659" value="..."/>
		<feat xlink:href="#sSpan6741" value="..."/>
		<feat xlink:href="#sSpan6845" value="..."/>
		<feat xlink:href="#sSpan6929" value="..."/>
		<feat xlink:href="#sSpan7041" value="..."/>
		<feat xlink:href="#sSpan7190" value="..."/>
		<feat xlink:href="#sSpan7255" value="..."/>
		<feat xlink:href="#sSpan7465" value="..."/>
		<feat xlink:href="#sSpan7522" value="..."/>
		<feat xlink:href="#sSpan7573" value="..."/>
		<feat xlink:href="#sSpan7619" value="..."/>
		<feat xlink:href="#sSpan7708" value="..."/>
		<feat xlink:href="#sSpan7774" value="..."/>
		<feat xlink:href="#sSpan7841" value="..."/>
		<feat xlink:href="#sSpan7879" value="..."/>
		<feat xlink:href="#sSpan7996" value="..."/>
		<feat xlink:href="#sSpan8236" value="..."/>
		<feat xlink:href="#sSpan8335" value="..."/>
		<feat xlink:href="#sSpan8455" value="..."/>
		<feat xlink:href="#sSpan8581" value="..."/>
		<feat xlink:href="#sSpan8657" value="..."/>
		<feat xlink:href="#sSpan8785" value="..."/>
		<feat xlink:href="#sSpan8813" value="..."/>
		<feat xlink:href="#sSpan8901" value="..."/>
		<feat xlink:href="#sSpan8964" value="..."/>
		<feat xlink:href="#sSpan9002" value="..."/>
		<feat xlink:href="#sSpan9111" value="..."/>
		<feat xlink:href="#sSpan9177" value="..."/>
		<feat xlink:href="#sSpan9216" value="..."/>
		<feat xlink:href="#sSpan9280" value="..."/>
		<feat xlink:href="#sSpan9390" value="..."/>
		<feat xlink:href="#sSpan9480" value="..."/>
		<feat xlink:href="#sSpan9606" value="..."/>
		<feat xlink:href="#sSpan9683" value="..."/>
		<feat xlink:href="#sSpan9742" value="..."/>
		<feat xlink:href="#sSpan9907" value="..."/>
		<feat xlink:href="#sSpan10005" value="..."/>
		<feat xlink:href="#sSpan10053" value="..."/>
		<feat xlink:href="#sSpan10109" value="..."/>
		<feat xlink:href="#sSpan10166" value="..."/>
		<feat xlink:href="#sSpan10237" value="..."/>
		<feat xlink:href="#sSpan10312" value="..."/>
		<feat xlink:href="#sSpan10429" value="..."/>
		<feat xlink:href="#sSpan10526" value="..."/>
		<feat xlink:href="#sSpan10796" value="..."/>
		<feat xlink:href="#sSpan10852" value="..."/>
		<feat xlink:href="#sSpan10907" value="..."/>
		<feat xlink:href="#sSpan10931" value="..."/>
		<feat xlink:href="#sSpan11185" value="..."/>
		<feat xlink:href="#sSpan11408" value="..."/>
		<feat xlink:href="#sSpan11498" value="..."/>
		<feat xlink:href="#sSpan11613" value="..."/>
		<feat xlink:href="#sSpan11724" value="..."/>
		<feat xlink:href="#sSpan11779" value="..."/>
		<feat xlink:href="#sSpan11853" value="..."/>
		<feat xlink:href="#sSpan11997" value="..."/>
		<feat xlink:href="#sSpan12155" value="..."/>
		<feat xlink:href="#sSpan12273" value="..."/>
		<feat xlink:href="#sSpan12318" value="..."/>
		<feat xlink:href="#sSpan12518" value="..."/>
		<feat xlink:href="#sSpan12599" value="..."/></featList></paula>