<?xml version='1.0' encoding='UTF-8'?><!DOCTYPE paula SYSTEM "paula_feat.dtd">
<paula version="1.1">
	<header paula_id="scriptorium.johannes.canons.FA143-158.mark_cb_n"/>
	<featList xmlns:xlink="http://www.w3.org/1999/xlink" type="cb_n" xml:base="scriptorium.johannes.canons.FA143-158.mark.xml">
		<feat xlink:href="#sSpan10" value="1"/>
		<feat xlink:href="#sSpan373" value="2"/>
		<feat xlink:href="#sSpan742" value="1"/>
		<feat xlink:href="#sSpan1096" value="2"/>
		<feat xlink:href="#sSpan1492" value="1"/>
		<feat xlink:href="#sSpan1862" value="2"/>
		<feat xlink:href="#sSpan2261" value="1"/>
		<feat xlink:href="#sSpan2620" value="2"/>
		<feat xlink:href="#sSpan2977" value="1"/>
		<feat xlink:href="#sSpan3376" value="2"/>
		<feat xlink:href="#sSpan3783" value="1"/>
		<feat xlink:href="#sSpan4189" value="2"/>
		<feat xlink:href="#sSpan4573" value="1"/>
		<feat xlink:href="#sSpan4950" value="2"/>
		<feat xlink:href="#sSpan5391" value="1"/>
		<feat xlink:href="#sSpan5831" value="2"/>
		<feat xlink:href="#sSpan6266" value="1"/>
		<feat xlink:href="#sSpan6695" value="2"/>
		<feat xlink:href="#sSpan7132" value="1"/>
		<feat xlink:href="#sSpan7571" value="2"/>
		<feat xlink:href="#sSpan7984" value="1"/>
		<feat xlink:href="#sSpan8343" value="2"/>
		<feat xlink:href="#sSpan8699" value="1"/>
		<feat xlink:href="#sSpan9128" value="2"/>
		<feat xlink:href="#sSpan9554" value="1"/>
		<feat xlink:href="#sSpan9986" value="2"/>
		<feat xlink:href="#sSpan10411" value="1"/>
		<feat xlink:href="#sSpan10787" value="2"/>
		<feat xlink:href="#sSpan11165" value="1"/>
		<feat xlink:href="#sSpan11559" value="2"/>
		<feat xlink:href="#sSpan11980" value="1"/>
		<feat xlink:href="#sSpan12366" value="2"/></featList></paula>