<?xml version='1.0' encoding='UTF-8'?><!DOCTYPE paula SYSTEM "paula_feat.dtd">
<paula version="1.1">
	<header paula_id="scriptorium.johannes.canons.FA143-158.mark_multiword"/>
	<featList xmlns:xlink="http://www.w3.org/1999/xlink" type="multiword" xml:base="scriptorium.johannes.canons.FA143-158.mark.xml">
		<feat xlink:href="#sSpan37" value="ⲙⲏⲏϣⲉ ⲛ"/>
		<feat xlink:href="#sSpan319" value="ⲉⲃⲟⲗ ϩⲛ"/>
		<feat xlink:href="#sSpan402" value="ⲉ ⲁ"/>
		<feat xlink:href="#sSpan412" value="ⲃⲱⲕ ⲉ"/>
		<feat xlink:href="#sSpan448" value="ⲙⲟⲟϣⲉ ϩⲛ"/>
		<feat xlink:href="#sSpan483" value="ⲉ ⲁ"/>
		<feat xlink:href="#sSpan1030" value="ⲉⲧⲃⲉ ⲡⲁⲓ"/>
		<feat xlink:href="#sSpan1275" value="ⲙⲟⲟϣⲉ ϩⲛ"/>
		<feat xlink:href="#sSpan1790" value="ⲙⲟⲟϣⲉ ϩⲛ"/>
		<feat xlink:href="#sSpan2950" value="ⲉⲃⲟⲗ ϩⲛ"/>
		<feat xlink:href="#sSpan3101" value="ⲉⲃⲟⲗ ϩⲛ"/>
		<feat xlink:href="#sSpan3379" value="ⲡⲱϩⲧ ⲉⲃⲟⲗ"/>
		<feat xlink:href="#sSpan4084" value="ⲙⲓϣⲉ ⲙⲛ"/>
		<feat xlink:href="#sSpan4145" value="ⲙⲓϣⲉ ⲙⲛ"/>
		<feat xlink:href="#sSpan4346" value="ⲉⲓⲥ ϩⲏⲏⲧⲉ"/>
		<feat xlink:href="#sSpan4600" value="ϩⲣⲁⲓ ϩⲛ"/>
		<feat xlink:href="#sSpan5111" value="ⲥⲣϥⲉ ⲉⲃⲟⲗ ϩⲛ"/>
		<feat xlink:href="#sSpan5292" value="ⲉⲓⲛⲉ ⲛ"/>
		<feat xlink:href="#sSpan5551" value="ⲥⲣϥⲉ ⲉⲃⲟⲗ ϩⲛ"/>
		<feat xlink:href="#sSpan5949" value="ⲙⲟⲩⲛ ⲉⲃⲟⲗ"/>
		<feat xlink:href="#sSpan6133" value="ⲛⲟⲩ ⲉ"/>
		<feat xlink:href="#sSpan6555" value="ⲉⲃⲟⲗ ϩⲛ"/>
		<feat xlink:href="#sSpan6946" value="ⲙⲟⲟϣⲉ ⲉ"/>
		<feat xlink:href="#sSpan7399" value="ⲉ ⲁ"/>
		<feat xlink:href="#sSpan7729" value="ⲉⲃⲟⲗ ϩⲛ"/>
		<feat xlink:href="#sSpan8720" value="ⲉ ⲁ"/>
		<feat xlink:href="#sSpan9901" value="ⲉ ⲁ"/>
		<feat xlink:href="#sSpan9934" value="ⲉ ⲁ"/>
		<feat xlink:href="#sSpan9943" value="ⲉⲓ ⲉϩⲣⲁⲓ"/>
		<feat xlink:href="#sSpan11105" value="ⲛⲏⲩ ⲉϩⲣⲁⲓ"/>
		<feat xlink:href="#sSpan11517" value="ⲉ ⲁ"/>
		<feat xlink:href="#sSpan11570" value="ⲉⲓ ⲉϩⲣⲁⲓ"/>
		<feat xlink:href="#sSpan11590" value="ⲉ ⲁ"/>
		<feat xlink:href="#sSpan11631" value="ⲉ ⲁ"/>
		<feat xlink:href="#sSpan11653" value="ϣⲓⲛⲉ ⲛⲥⲁ"/>
		<feat xlink:href="#sSpan11681" value="ϣⲓⲛⲉ ⲛⲥⲁ"/>
		<feat xlink:href="#sSpan11771" value="ⲃⲱⲕ ⲉϩⲣⲁⲓ"/>
		<feat xlink:href="#sSpan11866" value="ⲉⲓⲣⲉ ⲛ"/>
		<feat xlink:href="#sSpan12470" value="ϩⲉ ⲉ"/>
		<feat xlink:href="#sSpan12599" value="ⲟⲩⲟⲛ ⲛⲓⲙ"/>
		<feat xlink:href="#sSpan12644" value="ⲙⲛ ⲟⲩⲟⲛ"/></featList></paula>