<?xml version='1.0' encoding='UTF-8'?><!DOCTYPE paula SYSTEM "paula_rel.dtd">
<paula version="1.1">
	<header paula_id="scriptorium.johannes.canons.FA143-158.head"/>
	<relList xmlns:xlink="http://www.w3.org/1999/xlink" type="head">
		<rel id="sPointingRel6339" xlink:href="scriptorium.johannes.canons.FA143-158.mark.xml#sSpan11889" target="scriptorium.johannes.canons.FA143-158.mark.xml#sSpan11893"/>
		<rel id="sPointingRel6341" xlink:href="scriptorium.johannes.canons.FA143-158.mark.xml#sSpan34" target="scriptorium.johannes.canons.FA143-158.mark.xml#sSpan35"/>
		<rel id="sPointingRel6343" xlink:href="scriptorium.johannes.canons.FA143-158.mark.xml#sSpan1305" target="scriptorium.johannes.canons.FA143-158.mark.xml#sSpan1312"/>
		<rel id="sPointingRel6345" xlink:href="scriptorium.johannes.canons.FA143-158.mark.xml#sSpan8645" target="scriptorium.johannes.canons.FA143-158.mark.xml#sSpan8647"/>
		<rel id="sPointingRel6347" xlink:href="scriptorium.johannes.canons.FA143-158.mark.xml#sSpan11491" target="scriptorium.johannes.canons.FA143-158.mark.xml#sSpan11489"/>
		<rel id="sPointingRel6349" xlink:href="scriptorium.johannes.canons.FA143-158.mark.xml#sSpan8459" target="scriptorium.johannes.canons.FA143-158.mark.xml#sSpan8464"/>
		<rel id="sPointingRel6351" xlink:href="scriptorium.johannes.canons.FA143-158.mark.xml#sSpan8844" target="scriptorium.johannes.canons.FA143-158.mark.xml#sSpan8845"/>
		<rel id="sPointingRel6353" xlink:href="scriptorium.johannes.canons.FA143-158.mark.xml#sSpan11222" target="scriptorium.johannes.canons.FA143-158.mark.xml#sSpan11220"/>
		<rel id="sPointingRel6355" xlink:href="scriptorium.johannes.canons.FA143-158.mark.xml#sSpan10875" target="scriptorium.johannes.canons.FA143-158.mark.xml#sSpan10876"/>
		<rel id="sPointingRel6357" xlink:href="scriptorium.johannes.canons.FA143-158.mark.xml#sSpan4798" target="scriptorium.johannes.canons.FA143-158.mark.xml#sSpan4800"/>
		<rel id="sPointingRel6359" xlink:href="scriptorium.johannes.canons.FA143-158.mark.xml#sSpan12010" target="scriptorium.johannes.canons.FA143-158.mark.xml#sSpan12008"/>
		<rel id="sPointingRel6361" xlink:href="scriptorium.johannes.canons.FA143-158.mark.xml#sSpan3474" target="scriptorium.johannes.canons.FA143-158.mark.xml#sSpan3479"/>
		<rel id="sPointingRel6363" xlink:href="scriptorium.johannes.canons.FA143-158.mark.xml#sSpan5743" target="scriptorium.johannes.canons.FA143-158.mark.xml#sSpan5741"/>
		<rel id="sPointingRel6365" xlink:href="scriptorium.johannes.canons.FA143-158.mark.xml#sSpan7344" target="scriptorium.johannes.canons.FA143-158.mark.xml#sSpan7342"/>
		<rel id="sPointingRel6367" xlink:href="scriptorium.johannes.canons.FA143-158.mark.xml#sSpan9365" target="scriptorium.johannes.canons.FA143-158.mark.xml#sSpan9366"/>
		<rel id="sPointingRel6369" xlink:href="scriptorium.johannes.canons.FA143-158.mark.xml#sSpan11244" target="scriptorium.johannes.canons.FA143-158.mark.xml#sSpan11245"/>
		<rel id="sPointingRel6371" xlink:href="scriptorium.johannes.canons.FA143-158.mark.xml#sSpan9293" target="scriptorium.johannes.canons.FA143-158.mark.xml#sSpan9294"/>
		<rel id="sPointingRel6373" xlink:href="scriptorium.johannes.canons.FA143-158.mark.xml#sSpan7022" target="scriptorium.johannes.canons.FA143-158.mark.xml#sSpan7026"/>
		<rel id="sPointingRel6375" xlink:href="scriptorium.johannes.canons.FA143-158.mark.xml#sSpan3892" target="scriptorium.johannes.canons.FA143-158.mark.xml#sSpan3894"/>
		<rel id="sPointingRel6377" xlink:href="scriptorium.johannes.canons.FA143-158.mark.xml#sSpan7592" target="scriptorium.johannes.canons.FA143-158.mark.xml#sSpan7590"/>
		<rel id="sPointingRel6379" xlink:href="scriptorium.johannes.canons.FA143-158.mark.xml#sSpan5710" target="scriptorium.johannes.canons.FA143-158.mark.xml#sSpan5708"/>
		<rel id="sPointingRel6381" xlink:href="scriptorium.johannes.canons.FA143-158.mark.xml#sSpan11931" target="scriptorium.johannes.canons.FA143-158.mark.xml#sSpan11932"/>
		<rel id="sPointingRel6383" xlink:href="scriptorium.johannes.canons.FA143-158.mark.xml#sSpan4936" target="scriptorium.johannes.canons.FA143-158.mark.xml#sSpan4938"/>
		<rel id="sPointingRel6385" xlink:href="scriptorium.johannes.canons.FA143-158.mark.xml#sSpan12335" target="scriptorium.johannes.canons.FA143-158.mark.xml#sSpan12333"/>
		<rel id="sPointingRel6387" xlink:href="scriptorium.johannes.canons.FA143-158.mark.xml#sSpan5372" target="scriptorium.johannes.canons.FA143-158.mark.xml#sSpan5374"/>
		<rel id="sPointingRel6389" xlink:href="scriptorium.johannes.canons.FA143-158.mark.xml#sSpan6719" target="scriptorium.johannes.canons.FA143-158.mark.xml#sSpan6720"/>
		<rel id="sPointingRel6391" xlink:href="scriptorium.johannes.canons.FA143-158.mark.xml#sSpan8442" target="scriptorium.johannes.canons.FA143-158.mark.xml#sSpan8440"/>
		<rel id="sPointingRel6393" xlink:href="scriptorium.johannes.canons.FA143-158.mark.xml#sSpan3434" target="scriptorium.johannes.canons.FA143-158.mark.xml#sSpan3435"/>
		<rel id="sPointingRel6395" xlink:href="scriptorium.johannes.canons.FA143-158.mark.xml#sSpan2105" target="scriptorium.johannes.canons.FA143-158.mark.xml#sSpan2103"/>
		<rel id="sPointingRel6397" xlink:href="scriptorium.johannes.canons.FA143-158.mark.xml#sSpan3492" target="scriptorium.johannes.canons.FA143-158.mark.xml#sSpan3494"/>
		<rel id="sPointingRel6399" xlink:href="scriptorium.johannes.canons.FA143-158.mark.xml#sSpan8587" target="scriptorium.johannes.canons.FA143-158.mark.xml#sSpan8585"/>
		<rel id="sPointingRel6401" xlink:href="scriptorium.johannes.canons.FA143-158.mark.xml#sSpan7272" target="scriptorium.johannes.canons.FA143-158.mark.xml#sSpan7274"/>
		<rel id="sPointingRel6403" xlink:href="scriptorium.johannes.canons.FA143-158.mark.xml#sSpan12092" target="scriptorium.johannes.canons.FA143-158.mark.xml#sSpan12093"/>
		<rel id="sPointingRel6405" xlink:href="scriptorium.johannes.canons.FA143-158.mark.xml#sSpan10778" target="scriptorium.johannes.canons.FA143-158.mark.xml#sSpan10782"/>
		<rel id="sPointingRel6407" xlink:href="scriptorium.johannes.canons.FA143-158.mark.xml#sSpan5896" target="scriptorium.johannes.canons.FA143-158.mark.xml#sSpan5897"/>
		<rel id="sPointingRel6409" xlink:href="scriptorium.johannes.canons.FA143-158.mark.xml#sSpan10030" target="scriptorium.johannes.canons.FA143-158.mark.xml#sSpan10032"/>
		<rel id="sPointingRel6411" xlink:href="scriptorium.johannes.canons.FA143-158.mark.xml#sSpan5074" target="scriptorium.johannes.canons.FA143-158.mark.xml#sSpan5077"/>
		<rel id="sPointingRel6413" xlink:href="scriptorium.johannes.canons.FA143-158.mark.xml#sSpan4598" target="scriptorium.johannes.canons.FA143-158.mark.xml#sSpan4600"/>
		<rel id="sPointingRel6415" xlink:href="scriptorium.johannes.canons.FA143-158.mark.xml#sSpan7123" target="scriptorium.johannes.canons.FA143-158.mark.xml#sSpan7124"/>
		<rel id="sPointingRel6417" xlink:href="scriptorium.johannes.canons.FA143-158.mark.xml#sSpan3884" target="scriptorium.johannes.canons.FA143-158.mark.xml#sSpan3882"/>
		<rel id="sPointingRel6419" xlink:href="scriptorium.johannes.canons.FA143-158.mark.xml#sSpan2442" target="scriptorium.johannes.canons.FA143-158.mark.xml#sSpan2443"/>
		<rel id="sPointingRel6421" xlink:href="scriptorium.johannes.canons.FA143-158.mark.xml#sSpan1979" target="scriptorium.johannes.canons.FA143-158.mark.xml#sSpan1980"/>
		<rel id="sPointingRel6423" xlink:href="scriptorium.johannes.canons.FA143-158.mark.xml#sSpan2429" target="scriptorium.johannes.canons.FA143-158.mark.xml#sSpan2430"/>
		<rel id="sPointingRel6425" xlink:href="scriptorium.johannes.canons.FA143-158.mark.xml#sSpan8502" target="scriptorium.johannes.canons.FA143-158.mark.xml#sSpan8503"/>
		<rel id="sPointingRel6427" xlink:href="scriptorium.johannes.canons.FA143-158.mark.xml#sSpan12057" target="scriptorium.johannes.canons.FA143-158.mark.xml#sSpan12052"/>
		<rel id="sPointingRel6429" xlink:href="scriptorium.johannes.canons.FA143-158.mark.xml#sSpan10802" target="scriptorium.johannes.canons.FA143-158.mark.xml#sSpan10803"/>
		<rel id="sPointingRel6431" xlink:href="scriptorium.johannes.canons.FA143-158.mark.xml#sSpan6946" target="scriptorium.johannes.canons.FA143-158.mark.xml#sSpan6944"/>
		<rel id="sPointingRel6433" xlink:href="scriptorium.johannes.canons.FA143-158.mark.xml#sSpan3240" target="scriptorium.johannes.canons.FA143-158.mark.xml#sSpan3242"/>
		<rel id="sPointingRel6435" xlink:href="scriptorium.johannes.canons.FA143-158.mark.xml#sSpan7580" target="scriptorium.johannes.canons.FA143-158.mark.xml#sSpan7582"/>
		<rel id="sPointingRel6437" xlink:href="scriptorium.johannes.canons.FA143-158.mark.xml#sSpan2358" target="scriptorium.johannes.canons.FA143-158.mark.xml#sSpan2356"/>
		<rel id="sPointingRel6439" xlink:href="scriptorium.johannes.canons.FA143-158.mark.xml#sSpan9375" target="scriptorium.johannes.canons.FA143-158.mark.xml#sSpan9373"/>
		<rel id="sPointingRel6441" xlink:href="scriptorium.johannes.canons.FA143-158.mark.xml#sSpan7141" target="scriptorium.johannes.canons.FA143-158.mark.xml#sSpan7142"/>
		<rel id="sPointingRel6443" xlink:href="scriptorium.johannes.canons.FA143-158.mark.xml#sSpan2330" target="scriptorium.johannes.canons.FA143-158.mark.xml#sSpan2331"/>
		<rel id="sPointingRel6445" xlink:href="scriptorium.johannes.canons.FA143-158.mark.xml#sSpan6286" target="scriptorium.johannes.canons.FA143-158.mark.xml#sSpan6288"/>
		<rel id="sPointingRel6447" xlink:href="scriptorium.johannes.canons.FA143-158.mark.xml#sSpan6328" target="scriptorium.johannes.canons.FA143-158.mark.xml#sSpan6329"/>
		<rel id="sPointingRel6449" xlink:href="scriptorium.johannes.canons.FA143-158.mark.xml#sSpan6788" target="scriptorium.johannes.canons.FA143-158.mark.xml#sSpan6789"/>
		<rel id="sPointingRel6451" xlink:href="scriptorium.johannes.canons.FA143-158.mark.xml#sSpan4617" target="scriptorium.johannes.canons.FA143-158.mark.xml#sSpan4625"/>
		<rel id="sPointingRel6453" xlink:href="scriptorium.johannes.canons.FA143-158.mark.xml#sSpan8823" target="scriptorium.johannes.canons.FA143-158.mark.xml#sSpan8825"/>
		<rel id="sPointingRel6455" xlink:href="scriptorium.johannes.canons.FA143-158.mark.xml#sSpan3204" target="scriptorium.johannes.canons.FA143-158.mark.xml#sSpan3206"/>
		<rel id="sPointingRel6457" xlink:href="scriptorium.johannes.canons.FA143-158.mark.xml#sSpan11560" target="scriptorium.johannes.canons.FA143-158.mark.xml#sSpan11562"/>
		<rel id="sPointingRel6459" xlink:href="scriptorium.johannes.canons.FA143-158.mark.xml#sSpan8226" target="scriptorium.johannes.canons.FA143-158.mark.xml#sSpan8228"/>
		<rel id="sPointingRel6461" xlink:href="scriptorium.johannes.canons.FA143-158.mark.xml#sSpan3125" target="scriptorium.johannes.canons.FA143-158.mark.xml#sSpan3127"/>
		<rel id="sPointingRel6463" xlink:href="scriptorium.johannes.canons.FA143-158.mark.xml#sSpan2901" target="scriptorium.johannes.canons.FA143-158.mark.xml#sSpan2902"/>
		<rel id="sPointingRel6465" xlink:href="scriptorium.johannes.canons.FA143-158.mark.xml#sSpan247" target="scriptorium.johannes.canons.FA143-158.mark.xml#sSpan250"/>
		<rel id="sPointingRel6467" xlink:href="scriptorium.johannes.canons.FA143-158.mark.xml#sSpan6559" target="scriptorium.johannes.canons.FA143-158.mark.xml#sSpan6562"/>
		<rel id="sPointingRel6469" xlink:href="scriptorium.johannes.canons.FA143-158.mark.xml#sSpan177" target="scriptorium.johannes.canons.FA143-158.mark.xml#sSpan178"/>
		<rel id="sPointingRel6471" xlink:href="scriptorium.johannes.canons.FA143-158.mark.xml#sSpan8636" target="scriptorium.johannes.canons.FA143-158.mark.xml#sSpan8637"/>
		<rel id="sPointingRel6473" xlink:href="scriptorium.johannes.canons.FA143-158.mark.xml#sSpan12443" target="scriptorium.johannes.canons.FA143-158.mark.xml#sSpan12444"/>
		<rel id="sPointingRel6475" xlink:href="scriptorium.johannes.canons.FA143-158.mark.xml#sSpan8811" target="scriptorium.johannes.canons.FA143-158.mark.xml#sSpan8807"/>
		<rel id="sPointingRel6477" xlink:href="scriptorium.johannes.canons.FA143-158.mark.xml#sSpan10151" target="scriptorium.johannes.canons.FA143-158.mark.xml#sSpan10153"/>
		<rel id="sPointingRel6479" xlink:href="scriptorium.johannes.canons.FA143-158.mark.xml#sSpan3022" target="scriptorium.johannes.canons.FA143-158.mark.xml#sSpan3024"/>
		<rel id="sPointingRel6481" xlink:href="scriptorium.johannes.canons.FA143-158.mark.xml#sSpan9053" target="scriptorium.johannes.canons.FA143-158.mark.xml#sSpan9050"/>
		<rel id="sPointingRel6483" xlink:href="scriptorium.johannes.canons.FA143-158.mark.xml#sSpan11295" target="scriptorium.johannes.canons.FA143-158.mark.xml#sSpan11296"/>
		<rel id="sPointingRel6485" xlink:href="scriptorium.johannes.canons.FA143-158.mark.xml#sSpan6077" target="scriptorium.johannes.canons.FA143-158.mark.xml#sSpan6078"/>
		<rel id="sPointingRel6487" xlink:href="scriptorium.johannes.canons.FA143-158.mark.xml#sSpan7449" target="scriptorium.johannes.canons.FA143-158.mark.xml#sSpan7451"/>
		<rel id="sPointingRel6489" xlink:href="scriptorium.johannes.canons.FA143-158.mark.xml#sSpan2761" target="scriptorium.johannes.canons.FA143-158.mark.xml#sSpan2762"/>
		<rel id="sPointingRel6491" xlink:href="scriptorium.johannes.canons.FA143-158.mark.xml#sSpan9865" target="scriptorium.johannes.canons.FA143-158.mark.xml#sSpan9862"/>
		<rel id="sPointingRel6493" xlink:href="scriptorium.johannes.canons.FA143-158.mark.xml#sSpan1126" target="scriptorium.johannes.canons.FA143-158.mark.xml#sSpan1128"/>
		<rel id="sPointingRel6495" xlink:href="scriptorium.johannes.canons.FA143-158.mark.xml#sSpan6054" target="scriptorium.johannes.canons.FA143-158.mark.xml#sSpan6055"/>
		<rel id="sPointingRel6497" xlink:href="scriptorium.johannes.canons.FA143-158.mark.xml#sSpan10569" target="scriptorium.johannes.canons.FA143-158.mark.xml#sSpan10573"/>
		<rel id="sPointingRel6499" xlink:href="scriptorium.johannes.canons.FA143-158.mark.xml#sSpan7371" target="scriptorium.johannes.canons.FA143-158.mark.xml#sSpan7369"/>
		<rel id="sPointingRel6501" xlink:href="scriptorium.johannes.canons.FA143-158.mark.xml#sSpan8865" target="scriptorium.johannes.canons.FA143-158.mark.xml#sSpan8863"/>
		<rel id="sPointingRel6503" xlink:href="scriptorium.johannes.canons.FA143-158.mark.xml#sSpan4030" target="scriptorium.johannes.canons.FA143-158.mark.xml#sSpan4032"/>
		<rel id="sPointingRel6505" xlink:href="scriptorium.johannes.canons.FA143-158.mark.xml#sSpan5953" target="scriptorium.johannes.canons.FA143-158.mark.xml#sSpan5954"/>
		<rel id="sPointingRel6507" xlink:href="scriptorium.johannes.canons.FA143-158.mark.xml#sSpan5977" target="scriptorium.johannes.canons.FA143-158.mark.xml#sSpan5975"/>
		<rel id="sPointingRel6509" xlink:href="scriptorium.johannes.canons.FA143-158.mark.xml#sSpan1354" target="scriptorium.johannes.canons.FA143-158.mark.xml#sSpan1355"/>
		<rel id="sPointingRel6511" xlink:href="scriptorium.johannes.canons.FA143-158.mark.xml#sSpan1875" target="scriptorium.johannes.canons.FA143-158.mark.xml#sSpan1873"/>
		<rel id="sPointingRel6513" xlink:href="scriptorium.johannes.canons.FA143-158.mark.xml#sSpan6119" target="scriptorium.johannes.canons.FA143-158.mark.xml#sSpan6117"/>
		<rel id="sPointingRel6515" xlink:href="scriptorium.johannes.canons.FA143-158.mark.xml#sSpan1332" target="scriptorium.johannes.canons.FA143-158.mark.xml#sSpan1337"/>
		<rel id="sPointingRel6517" xlink:href="scriptorium.johannes.canons.FA143-158.mark.xml#sSpan12658" target="scriptorium.johannes.canons.FA143-158.mark.xml#sSpan12655"/>
		<rel id="sPointingRel6519" xlink:href="scriptorium.johannes.canons.FA143-158.mark.xml#sSpan4104" target="scriptorium.johannes.canons.FA143-158.mark.xml#sSpan4106"/>
		<rel id="sPointingRel6521" xlink:href="scriptorium.johannes.canons.FA143-158.mark.xml#sSpan1324" target="scriptorium.johannes.canons.FA143-158.mark.xml#sSpan1319"/>
		<rel id="sPointingRel6523" xlink:href="scriptorium.johannes.canons.FA143-158.mark.xml#sSpan2066" target="scriptorium.johannes.canons.FA143-158.mark.xml#sSpan2061"/>
		<rel id="sPointingRel6525" xlink:href="scriptorium.johannes.canons.FA143-158.mark.xml#sSpan11912" target="scriptorium.johannes.canons.FA143-158.mark.xml#sSpan11913"/>
		<rel id="sPointingRel6527" xlink:href="scriptorium.johannes.canons.FA143-158.mark.xml#sSpan9348" target="scriptorium.johannes.canons.FA143-158.mark.xml#sSpan9350"/>
		<rel id="sPointingRel6529" xlink:href="scriptorium.johannes.canons.FA143-158.mark.xml#sSpan8119" target="scriptorium.johannes.canons.FA143-158.mark.xml#sSpan8122"/>
		<rel id="sPointingRel6531" xlink:href="scriptorium.johannes.canons.FA143-158.mark.xml#sSpan4476" target="scriptorium.johannes.canons.FA143-158.mark.xml#sSpan4479"/>
		<rel id="sPointingRel6533" xlink:href="scriptorium.johannes.canons.FA143-158.mark.xml#sSpan6860" target="scriptorium.johannes.canons.FA143-158.mark.xml#sSpan6861"/>
		<rel id="sPointingRel6535" xlink:href="scriptorium.johannes.canons.FA143-158.mark.xml#sSpan8390" target="scriptorium.johannes.canons.FA143-158.mark.xml#sSpan8391"/>
		<rel id="sPointingRel6537" xlink:href="scriptorium.johannes.canons.FA143-158.mark.xml#sSpan5089" target="scriptorium.johannes.canons.FA143-158.mark.xml#sSpan5091"/>
		<rel id="sPointingRel6539" xlink:href="scriptorium.johannes.canons.FA143-158.mark.xml#sSpan12204" target="scriptorium.johannes.canons.FA143-158.mark.xml#sSpan12206"/>
		<rel id="sPointingRel6541" xlink:href="scriptorium.johannes.canons.FA143-158.mark.xml#sSpan9705" target="scriptorium.johannes.canons.FA143-158.mark.xml#sSpan9703"/>
		<rel id="sPointingRel6543" xlink:href="scriptorium.johannes.canons.FA143-158.mark.xml#sSpan4542" target="scriptorium.johannes.canons.FA143-158.mark.xml#sSpan4540"/>
		<rel id="sPointingRel6545" xlink:href="scriptorium.johannes.canons.FA143-158.mark.xml#sSpan6037" target="scriptorium.johannes.canons.FA143-158.mark.xml#sSpan6043"/>
		<rel id="sPointingRel6547" xlink:href="scriptorium.johannes.canons.FA143-158.mark.xml#sSpan7386" target="scriptorium.johannes.canons.FA143-158.mark.xml#sSpan7387"/>
		<rel id="sPointingRel6549" xlink:href="scriptorium.johannes.canons.FA143-158.mark.xml#sSpan2052" target="scriptorium.johannes.canons.FA143-158.mark.xml#sSpan2050"/>
		<rel id="sPointingRel6551" xlink:href="scriptorium.johannes.canons.FA143-158.mark.xml#sSpan4635" target="scriptorium.johannes.canons.FA143-158.mark.xml#sSpan4633"/>
		<rel id="sPointingRel6553" xlink:href="scriptorium.johannes.canons.FA143-158.mark.xml#sSpan12197" target="scriptorium.johannes.canons.FA143-158.mark.xml#sSpan12195"/>
		<rel id="sPointingRel6555" xlink:href="scriptorium.johannes.canons.FA143-158.mark.xml#sSpan9266" target="scriptorium.johannes.canons.FA143-158.mark.xml#sSpan9268"/>
		<rel id="sPointingRel6557" xlink:href="scriptorium.johannes.canons.FA143-158.mark.xml#sSpan10596" target="scriptorium.johannes.canons.FA143-158.mark.xml#sSpan10594"/>
		<rel id="sPointingRel6559" xlink:href="scriptorium.johannes.canons.FA143-158.mark.xml#sSpan2682" target="scriptorium.johannes.canons.FA143-158.mark.xml#sSpan2683"/>
		<rel id="sPointingRel6561" xlink:href="scriptorium.johannes.canons.FA143-158.mark.xml#sSpan4894" target="scriptorium.johannes.canons.FA143-158.mark.xml#sSpan4896"/>
		<rel id="sPointingRel6563" xlink:href="scriptorium.johannes.canons.FA143-158.mark.xml#sSpan6101" target="scriptorium.johannes.canons.FA143-158.mark.xml#sSpan6104"/>
		<rel id="sPointingRel6565" xlink:href="scriptorium.johannes.canons.FA143-158.mark.xml#sSpan5658" target="scriptorium.johannes.canons.FA143-158.mark.xml#sSpan5656"/>
		<rel id="sPointingRel6567" xlink:href="scriptorium.johannes.canons.FA143-158.mark.xml#sSpan11118" target="scriptorium.johannes.canons.FA143-158.mark.xml#sSpan11119"/>
		<rel id="sPointingRel6569" xlink:href="scriptorium.johannes.canons.FA143-158.mark.xml#sSpan8887" target="scriptorium.johannes.canons.FA143-158.mark.xml#sSpan8889"/>
		<rel id="sPointingRel6571" xlink:href="scriptorium.johannes.canons.FA143-158.mark.xml#sSpan8027" target="scriptorium.johannes.canons.FA143-158.mark.xml#sSpan8028"/>
		<rel id="sPointingRel6573" xlink:href="scriptorium.johannes.canons.FA143-158.mark.xml#sSpan12074" target="scriptorium.johannes.canons.FA143-158.mark.xml#sSpan12072"/>
		<rel id="sPointingRel6575" xlink:href="scriptorium.johannes.canons.FA143-158.mark.xml#sSpan3872" target="scriptorium.johannes.canons.FA143-158.mark.xml#sSpan3873"/>
		<rel id="sPointingRel6577" xlink:href="scriptorium.johannes.canons.FA143-158.mark.xml#sSpan11267" target="scriptorium.johannes.canons.FA143-158.mark.xml#sSpan11265"/>
		<rel id="sPointingRel6579" xlink:href="scriptorium.johannes.canons.FA143-158.mark.xml#sSpan8313" target="scriptorium.johannes.canons.FA143-158.mark.xml#sSpan8315"/>
		<rel id="sPointingRel6581" xlink:href="scriptorium.johannes.canons.FA143-158.mark.xml#sSpan10100" target="scriptorium.johannes.canons.FA143-158.mark.xml#sSpan10098"/>
		<rel id="sPointingRel6583" xlink:href="scriptorium.johannes.canons.FA143-158.mark.xml#sSpan6257" target="scriptorium.johannes.canons.FA143-158.mark.xml#sSpan6258"/>
		<rel id="sPointingRel6585" xlink:href="scriptorium.johannes.canons.FA143-158.mark.xml#sSpan3279" target="scriptorium.johannes.canons.FA143-158.mark.xml#sSpan3281"/>
		<rel id="sPointingRel6587" xlink:href="scriptorium.johannes.canons.FA143-158.mark.xml#sSpan11380" target="scriptorium.johannes.canons.FA143-158.mark.xml#sSpan11382"/>
		<rel id="sPointingRel6589" xlink:href="scriptorium.johannes.canons.FA143-158.mark.xml#sSpan8278" target="scriptorium.johannes.canons.FA143-158.mark.xml#sSpan8276"/>
		<rel id="sPointingRel6591" xlink:href="scriptorium.johannes.canons.FA143-158.mark.xml#sSpan5341" target="scriptorium.johannes.canons.FA143-158.mark.xml#sSpan5339"/>
		<rel id="sPointingRel6593" xlink:href="scriptorium.johannes.canons.FA143-158.mark.xml#sSpan772" target="scriptorium.johannes.canons.FA143-158.mark.xml#sSpan774"/>
		<rel id="sPointingRel6595" xlink:href="scriptorium.johannes.canons.FA143-158.mark.xml#sSpan7203" target="scriptorium.johannes.canons.FA143-158.mark.xml#sSpan7201"/>
		<rel id="sPointingRel6597" xlink:href="scriptorium.johannes.canons.FA143-158.mark.xml#sSpan5865" target="scriptorium.johannes.canons.FA143-158.mark.xml#sSpan5866"/>
		<rel id="sPointingRel6599" xlink:href="scriptorium.johannes.canons.FA143-158.mark.xml#sSpan216" target="scriptorium.johannes.canons.FA143-158.mark.xml#sSpan214"/>
		<rel id="sPointingRel6601" xlink:href="scriptorium.johannes.canons.FA143-158.mark.xml#sSpan4010" target="scriptorium.johannes.canons.FA143-158.mark.xml#sSpan4011"/>
		<rel id="sPointingRel6603" xlink:href="scriptorium.johannes.canons.FA143-158.mark.xml#sSpan2178" target="scriptorium.johannes.canons.FA143-158.mark.xml#sSpan2179"/>
		<rel id="sPointingRel6605" xlink:href="scriptorium.johannes.canons.FA143-158.mark.xml#sSpan5301" target="scriptorium.johannes.canons.FA143-158.mark.xml#sSpan5299"/>
		<rel id="sPointingRel6607" xlink:href="scriptorium.johannes.canons.FA143-158.mark.xml#sSpan4000" target="scriptorium.johannes.canons.FA143-158.mark.xml#sSpan4001"/>
		<rel id="sPointingRel6609" xlink:href="scriptorium.johannes.canons.FA143-158.mark.xml#sSpan5063" target="scriptorium.johannes.canons.FA143-158.mark.xml#sSpan5065"/>
		<rel id="sPointingRel6611" xlink:href="scriptorium.johannes.canons.FA143-158.mark.xml#sSpan8072" target="scriptorium.johannes.canons.FA143-158.mark.xml#sSpan8074"/>
		<rel id="sPointingRel6613" xlink:href="scriptorium.johannes.canons.FA143-158.mark.xml#sSpan3916" target="scriptorium.johannes.canons.FA143-158.mark.xml#sSpan3921"/>
		<rel id="sPointingRel6615" xlink:href="scriptorium.johannes.canons.FA143-158.mark.xml#sSpan2094" target="scriptorium.johannes.canons.FA143-158.mark.xml#sSpan2096"/>
		<rel id="sPointingRel6617" xlink:href="scriptorium.johannes.canons.FA143-158.mark.xml#sSpan3400" target="scriptorium.johannes.canons.FA143-158.mark.xml#sSpan3401"/>
		<rel id="sPointingRel6619" xlink:href="scriptorium.johannes.canons.FA143-158.mark.xml#sSpan8772" target="scriptorium.johannes.canons.FA143-158.mark.xml#sSpan8773"/>
		<rel id="sPointingRel6621" xlink:href="scriptorium.johannes.canons.FA143-158.mark.xml#sSpan12509" target="scriptorium.johannes.canons.FA143-158.mark.xml#sSpan12510"/>
		<rel id="sPointingRel6623" xlink:href="scriptorium.johannes.canons.FA143-158.mark.xml#sSpan6804" target="scriptorium.johannes.canons.FA143-158.mark.xml#sSpan6806"/>
		<rel id="sPointingRel6625" xlink:href="scriptorium.johannes.canons.FA143-158.mark.xml#sSpan10499" target="scriptorium.johannes.canons.FA143-158.mark.xml#sSpan10501"/>
		<rel id="sPointingRel6627" xlink:href="scriptorium.johannes.canons.FA143-158.mark.xml#sSpan11445" target="scriptorium.johannes.canons.FA143-158.mark.xml#sSpan11446"/>
		<rel id="sPointingRel6629" xlink:href="scriptorium.johannes.canons.FA143-158.mark.xml#sSpan829" target="scriptorium.johannes.canons.FA143-158.mark.xml#sSpan827"/>
		<rel id="sPointingRel6631" xlink:href="scriptorium.johannes.canons.FA143-158.mark.xml#sSpan8297" target="scriptorium.johannes.canons.FA143-158.mark.xml#sSpan8298"/>
		<rel id="sPointingRel6633" xlink:href="scriptorium.johannes.canons.FA143-158.mark.xml#sSpan6904" target="scriptorium.johannes.canons.FA143-158.mark.xml#sSpan6906"/>
		<rel id="sPointingRel6635" xlink:href="scriptorium.johannes.canons.FA143-158.mark.xml#sSpan7364" target="scriptorium.johannes.canons.FA143-158.mark.xml#sSpan7362"/>
		<rel id="sPointingRel6637" xlink:href="scriptorium.johannes.canons.FA143-158.mark.xml#sSpan6708" target="scriptorium.johannes.canons.FA143-158.mark.xml#sSpan6709"/>
		<rel id="sPointingRel6639" xlink:href="scriptorium.johannes.canons.FA143-158.mark.xml#sSpan8395" target="scriptorium.johannes.canons.FA143-158.mark.xml#sSpan8393"/>
		<rel id="sPointingRel6641" xlink:href="scriptorium.johannes.canons.FA143-158.mark.xml#sSpan4117" target="scriptorium.johannes.canons.FA143-158.mark.xml#sSpan4115"/>
		<rel id="sPointingRel6643" xlink:href="scriptorium.johannes.canons.FA143-158.mark.xml#sSpan8984" target="scriptorium.johannes.canons.FA143-158.mark.xml#sSpan8982"/>
		<rel id="sPointingRel6645" xlink:href="scriptorium.johannes.canons.FA143-158.mark.xml#sSpan10417" target="scriptorium.johannes.canons.FA143-158.mark.xml#sSpan10418"/>
		<rel id="sPointingRel6647" xlink:href="scriptorium.johannes.canons.FA143-158.mark.xml#sSpan4253" target="scriptorium.johannes.canons.FA143-158.mark.xml#sSpan4270"/>
		<rel id="sPointingRel6649" xlink:href="scriptorium.johannes.canons.FA143-158.mark.xml#sSpan4956" target="scriptorium.johannes.canons.FA143-158.mark.xml#sSpan4958"/>
		<rel id="sPointingRel6651" xlink:href="scriptorium.johannes.canons.FA143-158.mark.xml#sSpan726" target="scriptorium.johannes.canons.FA143-158.mark.xml#sSpan724"/>
		<rel id="sPointingRel6653" xlink:href="scriptorium.johannes.canons.FA143-158.mark.xml#sSpan12374" target="scriptorium.johannes.canons.FA143-158.mark.xml#sSpan12372"/>
		<rel id="sPointingRel6655" xlink:href="scriptorium.johannes.canons.FA143-158.mark.xml#sSpan3986" target="scriptorium.johannes.canons.FA143-158.mark.xml#sSpan3987"/>
		<rel id="sPointingRel6657" xlink:href="scriptorium.johannes.canons.FA143-158.mark.xml#sSpan7974" target="scriptorium.johannes.canons.FA143-158.mark.xml#sSpan7975"/>
		<rel id="sPointingRel6659" xlink:href="scriptorium.johannes.canons.FA143-158.mark.xml#sSpan9958" target="scriptorium.johannes.canons.FA143-158.mark.xml#sSpan9960"/>
		<rel id="sPointingRel6661" xlink:href="scriptorium.johannes.canons.FA143-158.mark.xml#sSpan12171" target="scriptorium.johannes.canons.FA143-158.mark.xml#sSpan12169"/>
		<rel id="sPointingRel6663" xlink:href="scriptorium.johannes.canons.FA143-158.mark.xml#sSpan5812" target="scriptorium.johannes.canons.FA143-158.mark.xml#sSpan5810"/>
		<rel id="sPointingRel6665" xlink:href="scriptorium.johannes.canons.FA143-158.mark.xml#sSpan109" target="scriptorium.johannes.canons.FA143-158.mark.xml#sSpan111"/>
		<rel id="sPointingRel6667" xlink:href="scriptorium.johannes.canons.FA143-158.mark.xml#sSpan501" target="scriptorium.johannes.canons.FA143-158.mark.xml#sSpan504"/>
		<rel id="sPointingRel6669" xlink:href="scriptorium.johannes.canons.FA143-158.mark.xml#sSpan3549" target="scriptorium.johannes.canons.FA143-158.mark.xml#sSpan3570"/>
		<rel id="sPointingRel6671" xlink:href="scriptorium.johannes.canons.FA143-158.mark.xml#sSpan5138" target="scriptorium.johannes.canons.FA143-158.mark.xml#sSpan5139"/>
		<rel id="sPointingRel6673" xlink:href="scriptorium.johannes.canons.FA143-158.mark.xml#sSpan9596" target="scriptorium.johannes.canons.FA143-158.mark.xml#sSpan9594"/>
		<rel id="sPointingRel6675" xlink:href="scriptorium.johannes.canons.FA143-158.mark.xml#sSpan4822" target="scriptorium.johannes.canons.FA143-158.mark.xml#sSpan4830"/>
		<rel id="sPointingRel6677" xlink:href="scriptorium.johannes.canons.FA143-158.mark.xml#sSpan659" target="scriptorium.johannes.canons.FA143-158.mark.xml#sSpan656"/>
		<rel id="sPointingRel6679" xlink:href="scriptorium.johannes.canons.FA143-158.mark.xml#sSpan3699" target="scriptorium.johannes.canons.FA143-158.mark.xml#sSpan3708"/>
		<rel id="sPointingRel6681" xlink:href="scriptorium.johannes.canons.FA143-158.mark.xml#sSpan3116" target="scriptorium.johannes.canons.FA143-158.mark.xml#sSpan3117"/>
		<rel id="sPointingRel6683" xlink:href="scriptorium.johannes.canons.FA143-158.mark.xml#sSpan6729" target="scriptorium.johannes.canons.FA143-158.mark.xml#sSpan6730"/>
		<rel id="sPointingRel6685" xlink:href="scriptorium.johannes.canons.FA143-158.mark.xml#sSpan4399" target="scriptorium.johannes.canons.FA143-158.mark.xml#sSpan4400"/>
		<rel id="sPointingRel6687" xlink:href="scriptorium.johannes.canons.FA143-158.mark.xml#sSpan7492" target="scriptorium.johannes.canons.FA143-158.mark.xml#sSpan7490"/>
		<rel id="sPointingRel6689" xlink:href="scriptorium.johannes.canons.FA143-158.mark.xml#sSpan5030" target="scriptorium.johannes.canons.FA143-158.mark.xml#sSpan5031"/>
		<rel id="sPointingRel6691" xlink:href="scriptorium.johannes.canons.FA143-158.mark.xml#sSpan4329" target="scriptorium.johannes.canons.FA143-158.mark.xml#sSpan4327"/>
		<rel id="sPointingRel6693" xlink:href="scriptorium.johannes.canons.FA143-158.mark.xml#sSpan329" target="scriptorium.johannes.canons.FA143-158.mark.xml#sSpan330"/>
		<rel id="sPointingRel6695" xlink:href="scriptorium.johannes.canons.FA143-158.mark.xml#sSpan12160" target="scriptorium.johannes.canons.FA143-158.mark.xml#sSpan12162"/>
		<rel id="sPointingRel6697" xlink:href="scriptorium.johannes.canons.FA143-158.mark.xml#sSpan9555" target="scriptorium.johannes.canons.FA143-158.mark.xml#sSpan9560"/>
		<rel id="sPointingRel6699" xlink:href="scriptorium.johannes.canons.FA143-158.mark.xml#sSpan9307" target="scriptorium.johannes.canons.FA143-158.mark.xml#sSpan9308"/>
		<rel id="sPointingRel6701" xlink:href="scriptorium.johannes.canons.FA143-158.mark.xml#sSpan10355" target="scriptorium.johannes.canons.FA143-158.mark.xml#sSpan10356"/>
		<rel id="sPointingRel6703" xlink:href="scriptorium.johannes.canons.FA143-158.mark.xml#sSpan10135" target="scriptorium.johannes.canons.FA143-158.mark.xml#sSpan10136"/>
		<rel id="sPointingRel6705" xlink:href="scriptorium.johannes.canons.FA143-158.mark.xml#sSpan4318" target="scriptorium.johannes.canons.FA143-158.mark.xml#sSpan4316"/>
		<rel id="sPointingRel6707" xlink:href="scriptorium.johannes.canons.FA143-158.mark.xml#sSpan5778" target="scriptorium.johannes.canons.FA143-158.mark.xml#sSpan5776"/>
		<rel id="sPointingRel6709" xlink:href="scriptorium.johannes.canons.FA143-158.mark.xml#sSpan6463" target="scriptorium.johannes.canons.FA143-158.mark.xml#sSpan6464"/>
		<rel id="sPointingRel6711" xlink:href="scriptorium.johannes.canons.FA143-158.mark.xml#sSpan1370" target="scriptorium.johannes.canons.FA143-158.mark.xml#sSpan1371"/>
		<rel id="sPointingRel6713" xlink:href="scriptorium.johannes.canons.FA143-158.mark.xml#sSpan10485" target="scriptorium.johannes.canons.FA143-158.mark.xml#sSpan10486"/>
		<rel id="sPointingRel6715" xlink:href="scriptorium.johannes.canons.FA143-158.mark.xml#sSpan3215" target="scriptorium.johannes.canons.FA143-158.mark.xml#sSpan3213"/>
		<rel id="sPointingRel6717" xlink:href="scriptorium.johannes.canons.FA143-158.mark.xml#sSpan2630" target="scriptorium.johannes.canons.FA143-158.mark.xml#sSpan2632"/>
		<rel id="sPointingRel6719" xlink:href="scriptorium.johannes.canons.FA143-158.mark.xml#sSpan1691" target="scriptorium.johannes.canons.FA143-158.mark.xml#sSpan1693"/>
		<rel id="sPointingRel6721" xlink:href="scriptorium.johannes.canons.FA143-158.mark.xml#sSpan8666" target="scriptorium.johannes.canons.FA143-158.mark.xml#sSpan8661"/>
		<rel id="sPointingRel6723" xlink:href="scriptorium.johannes.canons.FA143-158.mark.xml#sSpan2504" target="scriptorium.johannes.canons.FA143-158.mark.xml#sSpan2506"/>
		<rel id="sPointingRel6725" xlink:href="scriptorium.johannes.canons.FA143-158.mark.xml#sSpan11959" target="scriptorium.johannes.canons.FA143-158.mark.xml#sSpan11960"/>
		<rel id="sPointingRel6727" xlink:href="scriptorium.johannes.canons.FA143-158.mark.xml#sSpan1511" target="scriptorium.johannes.canons.FA143-158.mark.xml#sSpan1517"/>
		<rel id="sPointingRel6729" xlink:href="scriptorium.johannes.canons.FA143-158.mark.xml#sSpan1763" target="scriptorium.johannes.canons.FA143-158.mark.xml#sSpan1764"/>
		<rel id="sPointingRel6731" xlink:href="scriptorium.johannes.canons.FA143-158.mark.xml#sSpan9162" target="scriptorium.johannes.canons.FA143-158.mark.xml#sSpan9163"/>
		<rel id="sPointingRel6733" xlink:href="scriptorium.johannes.canons.FA143-158.mark.xml#sSpan1453" target="scriptorium.johannes.canons.FA143-158.mark.xml#sSpan1451"/>
		<rel id="sPointingRel6735" xlink:href="scriptorium.johannes.canons.FA143-158.mark.xml#sSpan1954" target="scriptorium.johannes.canons.FA143-158.mark.xml#sSpan1956"/>
		<rel id="sPointingRel6737" xlink:href="scriptorium.johannes.canons.FA143-158.mark.xml#sSpan2312" target="scriptorium.johannes.canons.FA143-158.mark.xml#sSpan2313"/>
		<rel id="sPointingRel6739" xlink:href="scriptorium.johannes.canons.FA143-158.mark.xml#sSpan701" target="scriptorium.johannes.canons.FA143-158.mark.xml#sSpan699"/>
		<rel id="sPointingRel6741" xlink:href="scriptorium.johannes.canons.FA143-158.mark.xml#sSpan622" target="scriptorium.johannes.canons.FA143-158.mark.xml#sSpan623"/>
		<rel id="sPointingRel6743" xlink:href="scriptorium.johannes.canons.FA143-158.mark.xml#sSpan9441" target="scriptorium.johannes.canons.FA143-158.mark.xml#sSpan9448"/>
		<rel id="sPointingRel6745" xlink:href="scriptorium.johannes.canons.FA143-158.mark.xml#sSpan2302" target="scriptorium.johannes.canons.FA143-158.mark.xml#sSpan2303"/>
		<rel id="sPointingRel6747" xlink:href="scriptorium.johannes.canons.FA143-158.mark.xml#sSpan9203" target="scriptorium.johannes.canons.FA143-158.mark.xml#sSpan9204"/>
		<rel id="sPointingRel6749" xlink:href="scriptorium.johannes.canons.FA143-158.mark.xml#sSpan5148" target="scriptorium.johannes.canons.FA143-158.mark.xml#sSpan5150"/>
		<rel id="sPointingRel6751" xlink:href="scriptorium.johannes.canons.FA143-158.mark.xml#sSpan4773" target="scriptorium.johannes.canons.FA143-158.mark.xml#sSpan4774"/>
		<rel id="sPointingRel6753" xlink:href="scriptorium.johannes.canons.FA143-158.mark.xml#sSpan1249" target="scriptorium.johannes.canons.FA143-158.mark.xml#sSpan1251"/>
		<rel id="sPointingRel6755" xlink:href="scriptorium.johannes.canons.FA143-158.mark.xml#sSpan9781" target="scriptorium.johannes.canons.FA143-158.mark.xml#sSpan9782"/>
		<rel id="sPointingRel6757" xlink:href="scriptorium.johannes.canons.FA143-158.mark.xml#sSpan10246" target="scriptorium.johannes.canons.FA143-158.mark.xml#sSpan10249"/>
		<rel id="sPointingRel6759" xlink:href="scriptorium.johannes.canons.FA143-158.mark.xml#sSpan11455" target="scriptorium.johannes.canons.FA143-158.mark.xml#sSpan11456"/>
		<rel id="sPointingRel6761" xlink:href="scriptorium.johannes.canons.FA143-158.mark.xml#sSpan12124" target="scriptorium.johannes.canons.FA143-158.mark.xml#sSpan12125"/>
		<rel id="sPointingRel6763" xlink:href="scriptorium.johannes.canons.FA143-158.mark.xml#sSpan8929" target="scriptorium.johannes.canons.FA143-158.mark.xml#sSpan8927"/>
		<rel id="sPointingRel6765" xlink:href="scriptorium.johannes.canons.FA143-158.mark.xml#sSpan164" target="scriptorium.johannes.canons.FA143-158.mark.xml#sSpan166"/>
		<rel id="sPointingRel6767" xlink:href="scriptorium.johannes.canons.FA143-158.mark.xml#sSpan1180" target="scriptorium.johannes.canons.FA143-158.mark.xml#sSpan1181"/>
		<rel id="sPointingRel6769" xlink:href="scriptorium.johannes.canons.FA143-158.mark.xml#sSpan1489" target="scriptorium.johannes.canons.FA143-158.mark.xml#sSpan1490"/>
		<rel id="sPointingRel6771" xlink:href="scriptorium.johannes.canons.FA143-158.mark.xml#sSpan2672" target="scriptorium.johannes.canons.FA143-158.mark.xml#sSpan2673"/>
		<rel id="sPointingRel6773" xlink:href="scriptorium.johannes.canons.FA143-158.mark.xml#sSpan3369" target="scriptorium.johannes.canons.FA143-158.mark.xml#sSpan3371"/>
		<rel id="sPointingRel6775" xlink:href="scriptorium.johannes.canons.FA143-158.mark.xml#sSpan10885" target="scriptorium.johannes.canons.FA143-158.mark.xml#sSpan10886"/>
		<rel id="sPointingRel6777" xlink:href="scriptorium.johannes.canons.FA143-158.mark.xml#sSpan10040" target="scriptorium.johannes.canons.FA143-158.mark.xml#sSpan10042"/>
		<rel id="sPointingRel6779" xlink:href="scriptorium.johannes.canons.FA143-158.mark.xml#sSpan7077" target="scriptorium.johannes.canons.FA143-158.mark.xml#sSpan7078"/>
		<rel id="sPointingRel6781" xlink:href="scriptorium.johannes.canons.FA143-158.mark.xml#sSpan12416" target="scriptorium.johannes.canons.FA143-158.mark.xml#sSpan12417"/>
		<rel id="sPointingRel6783" xlink:href="scriptorium.johannes.canons.FA143-158.mark.xml#sSpan1613" target="scriptorium.johannes.canons.FA143-158.mark.xml#sSpan1615"/>
		<rel id="sPointingRel6785" xlink:href="scriptorium.johannes.canons.FA143-158.mark.xml#sSpan11309" target="scriptorium.johannes.canons.FA143-158.mark.xml#sSpan11311"/>
		<rel id="sPointingRel6787" xlink:href="scriptorium.johannes.canons.FA143-158.mark.xml#sSpan3797" target="scriptorium.johannes.canons.FA143-158.mark.xml#sSpan3798"/>
		<rel id="sPointingRel6789" xlink:href="scriptorium.johannes.canons.FA143-158.mark.xml#sSpan5755" target="scriptorium.johannes.canons.FA143-158.mark.xml#sSpan5753"/>
		<rel id="sPointingRel6791" xlink:href="scriptorium.johannes.canons.FA143-158.mark.xml#sSpan1103" target="scriptorium.johannes.canons.FA143-158.mark.xml#sSpan1105"/>
		<rel id="sPointingRel6793" xlink:href="scriptorium.johannes.canons.FA143-158.mark.xml#sSpan10814" target="scriptorium.johannes.canons.FA143-158.mark.xml#sSpan10812"/>
		<rel id="sPointingRel6795" xlink:href="scriptorium.johannes.canons.FA143-158.mark.xml#sSpan6533" target="scriptorium.johannes.canons.FA143-158.mark.xml#sSpan6534"/>
		<rel id="sPointingRel6797" xlink:href="scriptorium.johannes.canons.FA143-158.mark.xml#sSpan6971" target="scriptorium.johannes.canons.FA143-158.mark.xml#sSpan6969"/>
		<rel id="sPointingRel6799" xlink:href="scriptorium.johannes.canons.FA143-158.mark.xml#sSpan12697" target="scriptorium.johannes.canons.FA143-158.mark.xml#sSpan12698"/>
		<rel id="sPointingRel6801" xlink:href="scriptorium.johannes.canons.FA143-158.mark.xml#sSpan2239" target="scriptorium.johannes.canons.FA143-158.mark.xml#sSpan2237"/>
		<rel id="sPointingRel6803" xlink:href="scriptorium.johannes.canons.FA143-158.mark.xml#sSpan7474" target="scriptorium.johannes.canons.FA143-158.mark.xml#sSpan7475"/>
		<rel id="sPointingRel6805" xlink:href="scriptorium.johannes.canons.FA143-158.mark.xml#sSpan3223" target="scriptorium.johannes.canons.FA143-158.mark.xml#sSpan3224"/>
		<rel id="sPointingRel6807" xlink:href="scriptorium.johannes.canons.FA143-158.mark.xml#sSpan1830" target="scriptorium.johannes.canons.FA143-158.mark.xml#sSpan1847"/>
		<rel id="sPointingRel6809" xlink:href="scriptorium.johannes.canons.FA143-158.mark.xml#sSpan1542" target="scriptorium.johannes.canons.FA143-158.mark.xml#sSpan1546"/>
		<rel id="sPointingRel6811" xlink:href="scriptorium.johannes.canons.FA143-158.mark.xml#sSpan5587" target="scriptorium.johannes.canons.FA143-158.mark.xml#sSpan5589"/>
		<rel id="sPointingRel6813" xlink:href="scriptorium.johannes.canons.FA143-158.mark.xml#sSpan8015" target="scriptorium.johannes.canons.FA143-158.mark.xml#sSpan8016"/>
		<rel id="sPointingRel6815" xlink:href="scriptorium.johannes.canons.FA143-158.mark.xml#sSpan4202" target="scriptorium.johannes.canons.FA143-158.mark.xml#sSpan4204"/>
		<rel id="sPointingRel6817" xlink:href="scriptorium.johannes.canons.FA143-158.mark.xml#sSpan4233" target="scriptorium.johannes.canons.FA143-158.mark.xml#sSpan4231"/>
		<rel id="sPointingRel6819" xlink:href="scriptorium.johannes.canons.FA143-158.mark.xml#sSpan5234" target="scriptorium.johannes.canons.FA143-158.mark.xml#sSpan5232"/>
		<rel id="sPointingRel6821" xlink:href="scriptorium.johannes.canons.FA143-158.mark.xml#sSpan3601" target="scriptorium.johannes.canons.FA143-158.mark.xml#sSpan3603"/>
		<rel id="sPointingRel6823" xlink:href="scriptorium.johannes.canons.FA143-158.mark.xml#sSpan5172" target="scriptorium.johannes.canons.FA143-158.mark.xml#sSpan5174"/>
		<rel id="sPointingRel6825" xlink:href="scriptorium.johannes.canons.FA143-158.mark.xml#sSpan5314" target="scriptorium.johannes.canons.FA143-158.mark.xml#sSpan5312"/>
		<rel id="sPointingRel6827" xlink:href="scriptorium.johannes.canons.FA143-158.mark.xml#sSpan430" target="scriptorium.johannes.canons.FA143-158.mark.xml#sSpan431"/>
		<rel id="sPointingRel6829" xlink:href="scriptorium.johannes.canons.FA143-158.mark.xml#sSpan2224" target="scriptorium.johannes.canons.FA143-158.mark.xml#sSpan2226"/>
		<rel id="sPointingRel6831" xlink:href="scriptorium.johannes.canons.FA143-158.mark.xml#sSpan10337" target="scriptorium.johannes.canons.FA143-158.mark.xml#sSpan10335"/>
		<rel id="sPointingRel6833" xlink:href="scriptorium.johannes.canons.FA143-158.mark.xml#sSpan8176" target="scriptorium.johannes.canons.FA143-158.mark.xml#sSpan8178"/>
		<rel id="sPointingRel6835" xlink:href="scriptorium.johannes.canons.FA143-158.mark.xml#sSpan1858" target="scriptorium.johannes.canons.FA143-158.mark.xml#sSpan1860"/>
		<rel id="sPointingRel6837" xlink:href="scriptorium.johannes.canons.FA143-158.mark.xml#sSpan8424" target="scriptorium.johannes.canons.FA143-158.mark.xml#sSpan8426"/>
		<rel id="sPointingRel6839" xlink:href="scriptorium.johannes.canons.FA143-158.mark.xml#sSpan2698" target="scriptorium.johannes.canons.FA143-158.mark.xml#sSpan2699"/>
		<rel id="sPointingRel6841" xlink:href="scriptorium.johannes.canons.FA143-158.mark.xml#sSpan10287" target="scriptorium.johannes.canons.FA143-158.mark.xml#sSpan10285"/>
		<rel id="sPointingRel6843" xlink:href="scriptorium.johannes.canons.FA143-158.mark.xml#sSpan4052" target="scriptorium.johannes.canons.FA143-158.mark.xml#sSpan4050"/>
		<rel id="sPointingRel6845" xlink:href="scriptorium.johannes.canons.FA143-158.mark.xml#sSpan7805" target="scriptorium.johannes.canons.FA143-158.mark.xml#sSpan7803"/>
		<rel id="sPointingRel6847" xlink:href="scriptorium.johannes.canons.FA143-158.mark.xml#sSpan9670" target="scriptorium.johannes.canons.FA143-158.mark.xml#sSpan9671"/>
		<rel id="sPointingRel6849" xlink:href="scriptorium.johannes.canons.FA143-158.mark.xml#sSpan8547" target="scriptorium.johannes.canons.FA143-158.mark.xml#sSpan8545"/>
		<rel id="sPointingRel6851" xlink:href="scriptorium.johannes.canons.FA143-158.mark.xml#sSpan10856" target="scriptorium.johannes.canons.FA143-158.mark.xml#sSpan10857"/>
		<rel id="sPointingRel6853" xlink:href="scriptorium.johannes.canons.FA143-158.mark.xml#sSpan5162" target="scriptorium.johannes.canons.FA143-158.mark.xml#sSpan5160"/>
		<rel id="sPointingRel6855" xlink:href="scriptorium.johannes.canons.FA143-158.mark.xml#sSpan10721" target="scriptorium.johannes.canons.FA143-158.mark.xml#sSpan10722"/>
		<rel id="sPointingRel6857" xlink:href="scriptorium.johannes.canons.FA143-158.mark.xml#sSpan8380" target="scriptorium.johannes.canons.FA143-158.mark.xml#sSpan8381"/>
		<rel id="sPointingRel6859" xlink:href="scriptorium.johannes.canons.FA143-158.mark.xml#sSpan5927" target="scriptorium.johannes.canons.FA143-158.mark.xml#sSpan5929"/>
		<rel id="sPointingRel6861" xlink:href="scriptorium.johannes.canons.FA143-158.mark.xml#sSpan10126" target="scriptorium.johannes.canons.FA143-158.mark.xml#sSpan10127"/>
		<rel id="sPointingRel6863" xlink:href="scriptorium.johannes.canons.FA143-158.mark.xml#sSpan10662" target="scriptorium.johannes.canons.FA143-158.mark.xml#sSpan10664"/>
		<rel id="sPointingRel6865" xlink:href="scriptorium.johannes.canons.FA143-158.mark.xml#sSpan1067" target="scriptorium.johannes.canons.FA143-158.mark.xml#sSpan1065"/>
		<rel id="sPointingRel6867" xlink:href="scriptorium.johannes.canons.FA143-158.mark.xml#sSpan962" target="scriptorium.johannes.canons.FA143-158.mark.xml#sSpan963"/>
		<rel id="sPointingRel6869" xlink:href="scriptorium.johannes.canons.FA143-158.mark.xml#sSpan4551" target="scriptorium.johannes.canons.FA143-158.mark.xml#sSpan4549"/>
		<rel id="sPointingRel6871" xlink:href="scriptorium.johannes.canons.FA143-158.mark.xml#sSpan1598" target="scriptorium.johannes.canons.FA143-158.mark.xml#sSpan1600"/>
		<rel id="sPointingRel6873" xlink:href="scriptorium.johannes.canons.FA143-158.mark.xml#sSpan5466" target="scriptorium.johannes.canons.FA143-158.mark.xml#sSpan5468"/>
		<rel id="sPointingRel6875" xlink:href="scriptorium.johannes.canons.FA143-158.mark.xml#sSpan11328" target="scriptorium.johannes.canons.FA143-158.mark.xml#sSpan11326"/>
		<rel id="sPointingRel6877" xlink:href="scriptorium.johannes.canons.FA143-158.mark.xml#sSpan3944" target="scriptorium.johannes.canons.FA143-158.mark.xml#sSpan3948"/>
		<rel id="sPointingRel6879" xlink:href="scriptorium.johannes.canons.FA143-158.mark.xml#sSpan3665" target="scriptorium.johannes.canons.FA143-158.mark.xml#sSpan3670"/>
		<rel id="sPointingRel6881" xlink:href="scriptorium.johannes.canons.FA143-158.mark.xml#sSpan7326" target="scriptorium.johannes.canons.FA143-158.mark.xml#sSpan7324"/>
		<rel id="sPointingRel6883" xlink:href="scriptorium.johannes.canons.FA143-158.mark.xml#sSpan11864" target="scriptorium.johannes.canons.FA143-158.mark.xml#sSpan11862"/>
		<rel id="sPointingRel6885" xlink:href="scriptorium.johannes.canons.FA143-158.mark.xml#sSpan6018" target="scriptorium.johannes.canons.FA143-158.mark.xml#sSpan6019"/>
		<rel id="sPointingRel6887" xlink:href="scriptorium.johannes.canons.FA143-158.mark.xml#sSpan468" target="scriptorium.johannes.canons.FA143-158.mark.xml#sSpan470"/>
		<rel id="sPointingRel6889" xlink:href="scriptorium.johannes.canons.FA143-158.mark.xml#sSpan4995" target="scriptorium.johannes.canons.FA143-158.mark.xml#sSpan4999"/>
		<rel id="sPointingRel6891" xlink:href="scriptorium.johannes.canons.FA143-158.mark.xml#sSpan6176" target="scriptorium.johannes.canons.FA143-158.mark.xml#sSpan6174"/>
		<rel id="sPointingRel6893" xlink:href="scriptorium.johannes.canons.FA143-158.mark.xml#sSpan5528" target="scriptorium.johannes.canons.FA143-158.mark.xml#sSpan5529"/>
		<rel id="sPointingRel6895" xlink:href="scriptorium.johannes.canons.FA143-158.mark.xml#sSpan7684" target="scriptorium.johannes.canons.FA143-158.mark.xml#sSpan7686"/>
		<rel id="sPointingRel6897" xlink:href="scriptorium.johannes.canons.FA143-158.mark.xml#sSpan1803" target="scriptorium.johannes.canons.FA143-158.mark.xml#sSpan1804"/>
		<rel id="sPointingRel6899" xlink:href="scriptorium.johannes.canons.FA143-158.mark.xml#sSpan970" target="scriptorium.johannes.canons.FA143-158.mark.xml#sSpan971"/>
		<rel id="sPointingRel6901" xlink:href="scriptorium.johannes.canons.FA143-158.mark.xml#sSpan3594" target="scriptorium.johannes.canons.FA143-158.mark.xml#sSpan3592"/>
		<rel id="sPointingRel6903" xlink:href="scriptorium.johannes.canons.FA143-158.mark.xml#sSpan9135" target="scriptorium.johannes.canons.FA143-158.mark.xml#sSpan9136"/>
		<rel id="sPointingRel6905" xlink:href="scriptorium.johannes.canons.FA143-158.mark.xml#sSpan709" target="scriptorium.johannes.canons.FA143-158.mark.xml#sSpan707"/>
		<rel id="sPointingRel6907" xlink:href="scriptorium.johannes.canons.FA143-158.mark.xml#sSpan7916" target="scriptorium.johannes.canons.FA143-158.mark.xml#sSpan7918"/>
		<rel id="sPointingRel6909" xlink:href="scriptorium.johannes.canons.FA143-158.mark.xml#sSpan4225" target="scriptorium.johannes.canons.FA143-158.mark.xml#sSpan4223"/>
		<rel id="sPointingRel6911" xlink:href="scriptorium.johannes.canons.FA143-158.mark.xml#sSpan3509" target="scriptorium.johannes.canons.FA143-158.mark.xml#sSpan3507"/>
		<rel id="sPointingRel6913" xlink:href="scriptorium.johannes.canons.FA143-158.mark.xml#sSpan574" target="scriptorium.johannes.canons.FA143-158.mark.xml#sSpan576"/>
		<rel id="sPointingRel6915" xlink:href="scriptorium.johannes.canons.FA143-158.mark.xml#sSpan11230" target="scriptorium.johannes.canons.FA143-158.mark.xml#sSpan11228"/>
		<rel id="sPointingRel6917" xlink:href="scriptorium.johannes.canons.FA143-158.mark.xml#sSpan10558" target="scriptorium.johannes.canons.FA143-158.mark.xml#sSpan10556"/>
		<rel id="sPointingRel6919" xlink:href="scriptorium.johannes.canons.FA143-158.mark.xml#sSpan2452" target="scriptorium.johannes.canons.FA143-158.mark.xml#sSpan2454"/>
		<rel id="sPointingRel6921" xlink:href="scriptorium.johannes.canons.FA143-158.mark.xml#sSpan4041" target="scriptorium.johannes.canons.FA143-158.mark.xml#sSpan4043"/>
		<rel id="sPointingRel6923" xlink:href="scriptorium.johannes.canons.FA143-158.mark.xml#sSpan6006" target="scriptorium.johannes.canons.FA143-158.mark.xml#sSpan6007"/>
		<rel id="sPointingRel6925" xlink:href="scriptorium.johannes.canons.FA143-158.mark.xml#sSpan3166" target="scriptorium.johannes.canons.FA143-158.mark.xml#sSpan3167"/>
		<rel id="sPointingRel6927" xlink:href="scriptorium.johannes.canons.FA143-158.mark.xml#sSpan11358" target="scriptorium.johannes.canons.FA143-158.mark.xml#sSpan11359"/>
		<rel id="sPointingRel6929" xlink:href="scriptorium.johannes.canons.FA143-158.mark.xml#sSpan2869" target="scriptorium.johannes.canons.FA143-158.mark.xml#sSpan2867"/>
		<rel id="sPointingRel6931" xlink:href="scriptorium.johannes.canons.FA143-158.mark.xml#sSpan4677" target="scriptorium.johannes.canons.FA143-158.mark.xml#sSpan4679"/>
		<rel id="sPointingRel6933" xlink:href="scriptorium.johannes.canons.FA143-158.mark.xml#sSpan2728" target="scriptorium.johannes.canons.FA143-158.mark.xml#sSpan2730"/>
		<rel id="sPointingRel6935" xlink:href="scriptorium.johannes.canons.FA143-158.mark.xml#sSpan2279" target="scriptorium.johannes.canons.FA143-158.mark.xml#sSpan2281"/>
		<rel id="sPointingRel6937" xlink:href="scriptorium.johannes.canons.FA143-158.mark.xml#sSpan7560" target="scriptorium.johannes.canons.FA143-158.mark.xml#sSpan7561"/>
		<rel id="sPointingRel6939" xlink:href="scriptorium.johannes.canons.FA143-158.mark.xml#sSpan6063" target="scriptorium.johannes.canons.FA143-158.mark.xml#sSpan6065"/>
		<rel id="sPointingRel6941" xlink:href="scriptorium.johannes.canons.FA143-158.mark.xml#sSpan5578" target="scriptorium.johannes.canons.FA143-158.mark.xml#sSpan5579"/>
		<rel id="sPointingRel6943" xlink:href="scriptorium.johannes.canons.FA143-158.mark.xml#sSpan4688" target="scriptorium.johannes.canons.FA143-158.mark.xml#sSpan4690"/>
		<rel id="sPointingRel6945" xlink:href="scriptorium.johannes.canons.FA143-158.mark.xml#sSpan6697" target="scriptorium.johannes.canons.FA143-158.mark.xml#sSpan6699"/>
		<rel id="sPointingRel6947" xlink:href="scriptorium.johannes.canons.FA143-158.mark.xml#sSpan7426" target="scriptorium.johannes.canons.FA143-158.mark.xml#sSpan7427"/>
		<rel id="sPointingRel6949" xlink:href="scriptorium.johannes.canons.FA143-158.mark.xml#sSpan895" target="scriptorium.johannes.canons.FA143-158.mark.xml#sSpan893"/>
		<rel id="sPointingRel6951" xlink:href="scriptorium.johannes.canons.FA143-158.mark.xml#sSpan7625" target="scriptorium.johannes.canons.FA143-158.mark.xml#sSpan7627"/>
		<rel id="sPointingRel6953" xlink:href="scriptorium.johannes.canons.FA143-158.mark.xml#sSpan12572" target="scriptorium.johannes.canons.FA143-158.mark.xml#sSpan12573"/>
		<rel id="sPointingRel6955" xlink:href="scriptorium.johannes.canons.FA143-158.mark.xml#sSpan9238" target="scriptorium.johannes.canons.FA143-158.mark.xml#sSpan9236"/>
		<rel id="sPointingRel6957" xlink:href="scriptorium.johannes.canons.FA143-158.mark.xml#sSpan6758" target="scriptorium.johannes.canons.FA143-158.mark.xml#sSpan6760"/>
		<rel id="sPointingRel6959" xlink:href="scriptorium.johannes.canons.FA143-158.mark.xml#sSpan530" target="scriptorium.johannes.canons.FA143-158.mark.xml#sSpan527"/>
		<rel id="sPointingRel6961" xlink:href="scriptorium.johannes.canons.FA143-158.mark.xml#sSpan2192" target="scriptorium.johannes.canons.FA143-158.mark.xml#sSpan2194"/>
		<rel id="sPointingRel6963" xlink:href="scriptorium.johannes.canons.FA143-158.mark.xml#sSpan9939" target="scriptorium.johannes.canons.FA143-158.mark.xml#sSpan9937"/>
		<rel id="sPointingRel6965" xlink:href="scriptorium.johannes.canons.FA143-158.mark.xml#sSpan10454" target="scriptorium.johannes.canons.FA143-158.mark.xml#sSpan10458"/>
		<rel id="sPointingRel6967" xlink:href="scriptorium.johannes.canons.FA143-158.mark.xml#sSpan1813" target="scriptorium.johannes.canons.FA143-158.mark.xml#sSpan1814"/>
		<rel id="sPointingRel6969" xlink:href="scriptorium.johannes.canons.FA143-158.mark.xml#sSpan3909" target="scriptorium.johannes.canons.FA143-158.mark.xml#sSpan3907"/>
		<rel id="sPointingRel6971" xlink:href="scriptorium.johannes.canons.FA143-158.mark.xml#sSpan3322" target="scriptorium.johannes.canons.FA143-158.mark.xml#sSpan3320"/>
		<rel id="sPointingRel6973" xlink:href="scriptorium.johannes.canons.FA143-158.mark.xml#sSpan10295" target="scriptorium.johannes.canons.FA143-158.mark.xml#sSpan10297"/>
		<rel id="sPointingRel6975" xlink:href="scriptorium.johannes.canons.FA143-158.mark.xml#sSpan5501" target="scriptorium.johannes.canons.FA143-158.mark.xml#sSpan5504"/>
		<rel id="sPointingRel6977" xlink:href="scriptorium.johannes.canons.FA143-158.mark.xml#sSpan3460" target="scriptorium.johannes.canons.FA143-158.mark.xml#sSpan3462"/>
		<rel id="sPointingRel6979" xlink:href="scriptorium.johannes.canons.FA143-158.mark.xml#sSpan12643" target="scriptorium.johannes.canons.FA143-158.mark.xml#sSpan12644"/>
		<rel id="sPointingRel6981" xlink:href="scriptorium.johannes.canons.FA143-158.mark.xml#sSpan10405" target="scriptorium.johannes.canons.FA143-158.mark.xml#sSpan10407"/>
		<rel id="sPointingRel6983" xlink:href="scriptorium.johannes.canons.FA143-158.mark.xml#sSpan8089" target="scriptorium.johannes.canons.FA143-158.mark.xml#sSpan8091"/>
		<rel id="sPointingRel6985" xlink:href="scriptorium.johannes.canons.FA143-158.mark.xml#sSpan9455" target="scriptorium.johannes.canons.FA143-158.mark.xml#sSpan9462"/>
		<rel id="sPointingRel6987" xlink:href="scriptorium.johannes.canons.FA143-158.mark.xml#sSpan8036" target="scriptorium.johannes.canons.FA143-158.mark.xml#sSpan8038"/>
		<rel id="sPointingRel6989" xlink:href="scriptorium.johannes.canons.FA143-158.mark.xml#sSpan4347" target="scriptorium.johannes.canons.FA143-158.mark.xml#sSpan4345"/>
		<rel id="sPointingRel6991" xlink:href="scriptorium.johannes.canons.FA143-158.mark.xml#sSpan8625" target="scriptorium.johannes.canons.FA143-158.mark.xml#sSpan8627"/>
		<rel id="sPointingRel6993" xlink:href="scriptorium.johannes.canons.FA143-158.mark.xml#sSpan5254" target="scriptorium.johannes.canons.FA143-158.mark.xml#sSpan5258"/>
		<rel id="sPointingRel6995" xlink:href="scriptorium.johannes.canons.FA143-158.mark.xml#sSpan1636" target="scriptorium.johannes.canons.FA143-158.mark.xml#sSpan1637"/>
		<rel id="sPointingRel6997" xlink:href="scriptorium.johannes.canons.FA143-158.mark.xml#sSpan7981" target="scriptorium.johannes.canons.FA143-158.mark.xml#sSpan7985"/>
		<rel id="sPointingRel6999" xlink:href="scriptorium.johannes.canons.FA143-158.mark.xml#sSpan2656" target="scriptorium.johannes.canons.FA143-158.mark.xml#sSpan2657"/>
		<rel id="sPointingRel7001" xlink:href="scriptorium.johannes.canons.FA143-158.mark.xml#sSpan10090" target="scriptorium.johannes.canons.FA143-158.mark.xml#sSpan10091"/>
		<rel id="sPointingRel7003" xlink:href="scriptorium.johannes.canons.FA143-158.mark.xml#sSpan6997" target="scriptorium.johannes.canons.FA143-158.mark.xml#sSpan6995"/>
		<rel id="sPointingRel7005" xlink:href="scriptorium.johannes.canons.FA143-158.mark.xml#sSpan12453" target="scriptorium.johannes.canons.FA143-158.mark.xml#sSpan12454"/>
		<rel id="sPointingRel7007" xlink:href="scriptorium.johannes.canons.FA143-158.mark.xml#sSpan3717" target="scriptorium.johannes.canons.FA143-158.mark.xml#sSpan3718"/>
		<rel id="sPointingRel7009" xlink:href="scriptorium.johannes.canons.FA143-158.mark.xml#sSpan1288" target="scriptorium.johannes.canons.FA143-158.mark.xml#sSpan1289"/>
		<rel id="sPointingRel7011" xlink:href="scriptorium.johannes.canons.FA143-158.mark.xml#sSpan3005" target="scriptorium.johannes.canons.FA143-158.mark.xml#sSpan3006"/>
		<rel id="sPointingRel7013" xlink:href="scriptorium.johannes.canons.FA143-158.mark.xml#sSpan9246" target="scriptorium.johannes.canons.FA143-158.mark.xml#sSpan9247"/>
		<rel id="sPointingRel7015" xlink:href="scriptorium.johannes.canons.FA143-158.mark.xml#sSpan4491" target="scriptorium.johannes.canons.FA143-158.mark.xml#sSpan4495"/>
		<rel id="sPointingRel7017" xlink:href="scriptorium.johannes.canons.FA143-158.mark.xml#sSpan9824" target="scriptorium.johannes.canons.FA143-158.mark.xml#sSpan9825"/>
		<rel id="sPointingRel7019" xlink:href="scriptorium.johannes.canons.FA143-158.mark.xml#sSpan9660" target="scriptorium.johannes.canons.FA143-158.mark.xml#sSpan9661"/>
		<rel id="sPointingRel7021" xlink:href="scriptorium.johannes.canons.FA143-158.mark.xml#sSpan227" target="scriptorium.johannes.canons.FA143-158.mark.xml#sSpan225"/>
		<rel id="sPointingRel7023" xlink:href="scriptorium.johannes.canons.FA143-158.mark.xml#sSpan5666" target="scriptorium.johannes.canons.FA143-158.mark.xml#sSpan5667"/>
		<rel id="sPointingRel7025" xlink:href="scriptorium.johannes.canons.FA143-158.mark.xml#sSpan7762" target="scriptorium.johannes.canons.FA143-158.mark.xml#sSpan7764"/>
		<rel id="sPointingRel7027" xlink:href="scriptorium.johannes.canons.FA143-158.mark.xml#sSpan10464" target="scriptorium.johannes.canons.FA143-158.mark.xml#sSpan10460"/>
		<rel id="sPointingRel7029" xlink:href="scriptorium.johannes.canons.FA143-158.mark.xml#sSpan9969" target="scriptorium.johannes.canons.FA143-158.mark.xml#sSpan9970"/>
		<rel id="sPointingRel7031" xlink:href="scriptorium.johannes.canons.FA143-158.mark.xml#sSpan9713" target="scriptorium.johannes.canons.FA143-158.mark.xml#sSpan9711"/>
		<rel id="sPointingRel7033" xlink:href="scriptorium.johannes.canons.FA143-158.mark.xml#sSpan4762" target="scriptorium.johannes.canons.FA143-158.mark.xml#sSpan4764"/>
		<rel id="sPointingRel7035" xlink:href="scriptorium.johannes.canons.FA143-158.mark.xml#sSpan10654" target="scriptorium.johannes.canons.FA143-158.mark.xml#sSpan10652"/>
		<rel id="sPointingRel7037" xlink:href="scriptorium.johannes.canons.FA143-158.mark.xml#sSpan1151" target="scriptorium.johannes.canons.FA143-158.mark.xml#sSpan1154"/>
		<rel id="sPointingRel7039" xlink:href="scriptorium.johannes.canons.FA143-158.mark.xml#sSpan10444" target="scriptorium.johannes.canons.FA143-158.mark.xml#sSpan10445"/>
		<rel id="sPointingRel7041" xlink:href="scriptorium.johannes.canons.FA143-158.mark.xml#sSpan5294" target="scriptorium.johannes.canons.FA143-158.mark.xml#sSpan5292"/>
		<rel id="sPointingRel7043" xlink:href="scriptorium.johannes.canons.FA143-158.mark.xml#sSpan2410" target="scriptorium.johannes.canons.FA143-158.mark.xml#sSpan2411"/>
		<rel id="sPointingRel7045" xlink:href="scriptorium.johannes.canons.FA143-158.mark.xml#sSpan2965" target="scriptorium.johannes.canons.FA143-158.mark.xml#sSpan2966"/>
		<rel id="sPointingRel7047" xlink:href="scriptorium.johannes.canons.FA143-158.mark.xml#sSpan11746" target="scriptorium.johannes.canons.FA143-158.mark.xml#sSpan11747"/>
		<rel id="sPointingRel7049" xlink:href="scriptorium.johannes.canons.FA143-158.mark.xml#sSpan6543" target="scriptorium.johannes.canons.FA143-158.mark.xml#sSpan6549"/>
		<rel id="sPointingRel7051" xlink:href="scriptorium.johannes.canons.FA143-158.mark.xml#sSpan595" target="scriptorium.johannes.canons.FA143-158.mark.xml#sSpan593"/>
		<rel id="sPointingRel7053" xlink:href="scriptorium.johannes.canons.FA143-158.mark.xml#sSpan9070" target="scriptorium.johannes.canons.FA143-158.mark.xml#sSpan9068"/>
		<rel id="sPointingRel7055" xlink:href="scriptorium.johannes.canons.FA143-158.mark.xml#sSpan8538" target="scriptorium.johannes.canons.FA143-158.mark.xml#sSpan8536"/>
		<rel id="sPointingRel7057" xlink:href="scriptorium.johannes.canons.FA143-158.mark.xml#sSpan7356" target="scriptorium.johannes.canons.FA143-158.mark.xml#sSpan7354"/>
		<rel id="sPointingRel7059" xlink:href="scriptorium.johannes.canons.FA143-158.mark.xml#sSpan12355" target="scriptorium.johannes.canons.FA143-158.mark.xml#sSpan12351"/>
		<rel id="sPointingRel7061" xlink:href="scriptorium.johannes.canons.FA143-158.mark.xml#sSpan5834" target="scriptorium.johannes.canons.FA143-158.mark.xml#sSpan5836"/>
		<rel id="sPointingRel7063" xlink:href="scriptorium.johannes.canons.FA143-158.mark.xml#sSpan6616" target="scriptorium.johannes.canons.FA143-158.mark.xml#sSpan6618"/>
		<rel id="sPointingRel7065" xlink:href="scriptorium.johannes.canons.FA143-158.mark.xml#sSpan887" target="scriptorium.johannes.canons.FA143-158.mark.xml#sSpan885"/>
		<rel id="sPointingRel7067" xlink:href="scriptorium.johannes.canons.FA143-158.mark.xml#sSpan6580" target="scriptorium.johannes.canons.FA143-158.mark.xml#sSpan6578"/>
		<rel id="sPointingRel7069" xlink:href="scriptorium.johannes.canons.FA143-158.mark.xml#sSpan2489" target="scriptorium.johannes.canons.FA143-158.mark.xml#sSpan2492"/>
		<rel id="sPointingRel7071" xlink:href="scriptorium.johannes.canons.FA143-158.mark.xml#sSpan7334" target="scriptorium.johannes.canons.FA143-158.mark.xml#sSpan7336"/>
		<rel id="sPointingRel7073" xlink:href="scriptorium.johannes.canons.FA143-158.mark.xml#sSpan7862" target="scriptorium.johannes.canons.FA143-158.mark.xml#sSpan7863"/>
		<rel id="sPointingRel7075" xlink:href="scriptorium.johannes.canons.FA143-158.mark.xml#sSpan11336" target="scriptorium.johannes.canons.FA143-158.mark.xml#sSpan11337"/>
		<rel id="sPointingRel7077" xlink:href="scriptorium.johannes.canons.FA143-158.mark.xml#sSpan10347" target="scriptorium.johannes.canons.FA143-158.mark.xml#sSpan10345"/>
		<rel id="sPointingRel7079" xlink:href="scriptorium.johannes.canons.FA143-158.mark.xml#sSpan5327" target="scriptorium.johannes.canons.FA143-158.mark.xml#sSpan5325"/>
		<rel id="sPointingRel7081" xlink:href="scriptorium.johannes.canons.FA143-158.mark.xml#sSpan5639" target="scriptorium.johannes.canons.FA143-158.mark.xml#sSpan5641"/>
		<rel id="sPointingRel7083" xlink:href="scriptorium.johannes.canons.FA143-158.mark.xml#sSpan5845" target="scriptorium.johannes.canons.FA143-158.mark.xml#sSpan5849"/>
		<rel id="sPointingRel7085" xlink:href="scriptorium.johannes.canons.FA143-158.mark.xml#sSpan11277" target="scriptorium.johannes.canons.FA143-158.mark.xml#sSpan11275"/>
		<rel id="sPointingRel7087" xlink:href="scriptorium.johannes.canons.FA143-158.mark.xml#sSpan10755" target="scriptorium.johannes.canons.FA143-158.mark.xml#sSpan10753"/>
		<rel id="sPointingRel7089" xlink:href="scriptorium.johannes.canons.FA143-158.mark.xml#sSpan7891" target="scriptorium.johannes.canons.FA143-158.mark.xml#sSpan7895"/>
		<rel id="sPointingRel7091" xlink:href="scriptorium.johannes.canons.FA143-158.mark.xml#sSpan4703" target="scriptorium.johannes.canons.FA143-158.mark.xml#sSpan4699"/>
		<rel id="sPointingRel7093" xlink:href="scriptorium.johannes.canons.FA143-158.mark.xml#sSpan12247" target="scriptorium.johannes.canons.FA143-158.mark.xml#sSpan12249"/>
		<rel id="sPointingRel7095" xlink:href="scriptorium.johannes.canons.FA143-158.mark.xml#sSpan9426" target="scriptorium.johannes.canons.FA143-158.mark.xml#sSpan9428"/>
		<rel id="sPointingRel7097" xlink:href="scriptorium.johannes.canons.FA143-158.mark.xml#sSpan5800" target="scriptorium.johannes.canons.FA143-158.mark.xml#sSpan5803"/>
		<rel id="sPointingRel7099" xlink:href="scriptorium.johannes.canons.FA143-158.mark.xml#sSpan3785" target="scriptorium.johannes.canons.FA143-158.mark.xml#sSpan3786"/>
		<rel id="sPointingRel7101" xlink:href="scriptorium.johannes.canons.FA143-158.mark.xml#sSpan12021" target="scriptorium.johannes.canons.FA143-158.mark.xml#sSpan12023"/>
		<rel id="sPointingRel7103" xlink:href="scriptorium.johannes.canons.FA143-158.mark.xml#sSpan2042" target="scriptorium.johannes.canons.FA143-158.mark.xml#sSpan2043"/>
		<rel id="sPointingRel7105" xlink:href="scriptorium.johannes.canons.FA143-158.mark.xml#sSpan2084" target="scriptorium.johannes.canons.FA143-158.mark.xml#sSpan2085"/>
		<rel id="sPointingRel7107" xlink:href="scriptorium.johannes.canons.FA143-158.mark.xml#sSpan7036" target="scriptorium.johannes.canons.FA143-158.mark.xml#sSpan7034"/>
		<rel id="sPointingRel7109" xlink:href="scriptorium.johannes.canons.FA143-158.mark.xml#sSpan8512" target="scriptorium.johannes.canons.FA143-158.mark.xml#sSpan8513"/>
		<rel id="sPointingRel7111" xlink:href="scriptorium.johannes.canons.FA143-158.mark.xml#sSpan12305" target="scriptorium.johannes.canons.FA143-158.mark.xml#sSpan12306"/>
		<rel id="sPointingRel7113" xlink:href="scriptorium.johannes.canons.FA143-158.mark.xml#sSpan7508" target="scriptorium.johannes.canons.FA143-158.mark.xml#sSpan7509"/>
		<rel id="sPointingRel7115" xlink:href="scriptorium.johannes.canons.FA143-158.mark.xml#sSpan742" target="scriptorium.johannes.canons.FA143-158.mark.xml#sSpan740"/>
		<rel id="sPointingRel7117" xlink:href="scriptorium.johannes.canons.FA143-158.mark.xml#sSpan666" target="scriptorium.johannes.canons.FA143-158.mark.xml#sSpan664"/>
		<rel id="sPointingRel7119" xlink:href="scriptorium.johannes.canons.FA143-158.mark.xml#sSpan12433" target="scriptorium.johannes.canons.FA143-158.mark.xml#sSpan12434"/>
		<rel id="sPointingRel7121" xlink:href="scriptorium.johannes.canons.FA143-158.mark.xml#sSpan9173" target="scriptorium.johannes.canons.FA143-158.mark.xml#sSpan9179"/>
		<rel id="sPointingRel7123" xlink:href="scriptorium.johannes.canons.FA143-158.mark.xml#sSpan10586" target="scriptorium.johannes.canons.FA143-158.mark.xml#sSpan10588"/>
		<rel id="sPointingRel7125" xlink:href="scriptorium.johannes.canons.FA143-158.mark.xml#sSpan3706" target="scriptorium.johannes.canons.FA143-158.mark.xml#sSpan3708"/>
		<rel id="sPointingRel7127" xlink:href="scriptorium.johannes.canons.FA143-158.mark.xml#sSpan4924" target="scriptorium.johannes.canons.FA143-158.mark.xml#sSpan4922"/>
		<rel id="sPointingRel7129" xlink:href="scriptorium.johannes.canons.FA143-158.mark.xml#sSpan3641" target="scriptorium.johannes.canons.FA143-158.mark.xml#sSpan3643"/>
		<rel id="sPointingRel7131" xlink:href="scriptorium.johannes.canons.FA143-158.mark.xml#sSpan3443" target="scriptorium.johannes.canons.FA143-158.mark.xml#sSpan3438"/>
		<rel id="sPointingRel7133" xlink:href="scriptorium.johannes.canons.FA143-158.mark.xml#sSpan1042" target="scriptorium.johannes.canons.FA143-158.mark.xml#sSpan1040"/>
		<rel id="sPointingRel7135" xlink:href="scriptorium.johannes.canons.FA143-158.mark.xml#sSpan9766" target="scriptorium.johannes.canons.FA143-158.mark.xml#sSpan9768"/>
		<rel id="sPointingRel7137" xlink:href="scriptorium.johannes.canons.FA143-158.mark.xml#sSpan4409" target="scriptorium.johannes.canons.FA143-158.mark.xml#sSpan4410"/>
		<rel id="sPointingRel7139" xlink:href="scriptorium.johannes.canons.FA143-158.mark.xml#sSpan3045" target="scriptorium.johannes.canons.FA143-158.mark.xml#sSpan3043"/>
		<rel id="sPointingRel7141" xlink:href="scriptorium.johannes.canons.FA143-158.mark.xml#sSpan4559" target="scriptorium.johannes.canons.FA143-158.mark.xml#sSpan4557"/>
		<rel id="sPointingRel7143" xlink:href="scriptorium.johannes.canons.FA143-158.mark.xml#sSpan3525" target="scriptorium.johannes.canons.FA143-158.mark.xml#sSpan3530"/>
		<rel id="sPointingRel7145" xlink:href="scriptorium.johannes.canons.FA143-158.mark.xml#sSpan4789" target="scriptorium.johannes.canons.FA143-158.mark.xml#sSpan4790"/>
		<rel id="sPointingRel7147" xlink:href="scriptorium.johannes.canons.FA143-158.mark.xml#sSpan1908" target="scriptorium.johannes.canons.FA143-158.mark.xml#sSpan1909"/>
		<rel id="sPointingRel7149" xlink:href="scriptorium.johannes.canons.FA143-158.mark.xml#sSpan11007" target="scriptorium.johannes.canons.FA143-158.mark.xml#sSpan11010"/>
		<rel id="sPointingRel7151" xlink:href="scriptorium.johannes.canons.FA143-158.mark.xml#sSpan11873" target="scriptorium.johannes.canons.FA143-158.mark.xml#sSpan11874"/>
		<rel id="sPointingRel7153" xlink:href="scriptorium.johannes.canons.FA143-158.mark.xml#sSpan9621" target="scriptorium.johannes.canons.FA143-158.mark.xml#sSpan9619"/>
		<rel id="sPointingRel7155" xlink:href="scriptorium.johannes.canons.FA143-158.mark.xml#sSpan1899" target="scriptorium.johannes.canons.FA143-158.mark.xml#sSpan1900"/>
		<rel id="sPointingRel7157" xlink:href="scriptorium.johannes.canons.FA143-158.mark.xml#sSpan5218" target="scriptorium.johannes.canons.FA143-158.mark.xml#sSpan5216"/>
		<rel id="sPointingRel7159" xlink:href="scriptorium.johannes.canons.FA143-158.mark.xml#sSpan8856" target="scriptorium.johannes.canons.FA143-158.mark.xml#sSpan8854"/>
		<rel id="sPointingRel7161" xlink:href="scriptorium.johannes.canons.FA143-158.mark.xml#sSpan11370" target="scriptorium.johannes.canons.FA143-158.mark.xml#sSpan11371"/>
		<rel id="sPointingRel7163" xlink:href="scriptorium.johannes.canons.FA143-158.mark.xml#sSpan1701" target="scriptorium.johannes.canons.FA143-158.mark.xml#sSpan1703"/>
		<rel id="sPointingRel7165" xlink:href="scriptorium.johannes.canons.FA143-158.mark.xml#sSpan5035" target="scriptorium.johannes.canons.FA143-158.mark.xml#sSpan5039"/>
		<rel id="sPointingRel7167" xlink:href="scriptorium.johannes.canons.FA143-158.mark.xml#sSpan12499" target="scriptorium.johannes.canons.FA143-158.mark.xml#sSpan12500"/>
		<rel id="sPointingRel7169" xlink:href="scriptorium.johannes.canons.FA143-158.mark.xml#sSpan1920" target="scriptorium.johannes.canons.FA143-158.mark.xml#sSpan1924"/>
		<rel id="sPointingRel7171" xlink:href="scriptorium.johannes.canons.FA143-158.mark.xml#sSpan12229" target="scriptorium.johannes.canons.FA143-158.mark.xml#sSpan12230"/>
		<rel id="sPointingRel7173" xlink:href="scriptorium.johannes.canons.FA143-158.mark.xml#sSpan1680" target="scriptorium.johannes.canons.FA143-158.mark.xml#sSpan1682"/>
		<rel id="sPointingRel7175" xlink:href="scriptorium.johannes.canons.FA143-158.mark.xml#sSpan6350" target="scriptorium.johannes.canons.FA143-158.mark.xml#sSpan6348"/>
		<rel id="sPointingRel7177" xlink:href="scriptorium.johannes.canons.FA143-158.mark.xml#sSpan5537" target="scriptorium.johannes.canons.FA143-158.mark.xml#sSpan5535"/>
		<rel id="sPointingRel7179" xlink:href="scriptorium.johannes.canons.FA143-158.mark.xml#sSpan2607" target="scriptorium.johannes.canons.FA143-158.mark.xml#sSpan2609"/>
		<rel id="sPointingRel7181" xlink:href="scriptorium.johannes.canons.FA143-158.mark.xml#sSpan5606" target="scriptorium.johannes.canons.FA143-158.mark.xml#sSpan5604"/>
		<rel id="sPointingRel7183" xlink:href="scriptorium.johannes.canons.FA143-158.mark.xml#sSpan11168" target="scriptorium.johannes.canons.FA143-158.mark.xml#sSpan11166"/>
		<rel id="sPointingRel7185" xlink:href="scriptorium.johannes.canons.FA143-158.mark.xml#sSpan10197" target="scriptorium.johannes.canons.FA143-158.mark.xml#sSpan10195"/>
		<rel id="sPointingRel7187" xlink:href="scriptorium.johannes.canons.FA143-158.mark.xml#sSpan5383" target="scriptorium.johannes.canons.FA143-158.mark.xml#sSpan5384"/>
		<rel id="sPointingRel7189" xlink:href="scriptorium.johannes.canons.FA143-158.mark.xml#sSpan12134" target="scriptorium.johannes.canons.FA143-158.mark.xml#sSpan12135"/>
		<rel id="sPointingRel7191" xlink:href="scriptorium.johannes.canons.FA143-158.mark.xml#sSpan2134" target="scriptorium.johannes.canons.FA143-158.mark.xml#sSpan2149"/>
		<rel id="sPointingRel7193" xlink:href="scriptorium.johannes.canons.FA143-158.mark.xml#sSpan792" target="scriptorium.johannes.canons.FA143-158.mark.xml#sSpan793"/>
		<rel id="sPointingRel7195" xlink:href="scriptorium.johannes.canons.FA143-158.mark.xml#sSpan8290" target="scriptorium.johannes.canons.FA143-158.mark.xml#sSpan8291"/>
		<rel id="sPointingRel7197" xlink:href="scriptorium.johannes.canons.FA143-158.mark.xml#sSpan984" target="scriptorium.johannes.canons.FA143-158.mark.xml#sSpan985"/>
		<rel id="sPointingRel7199" xlink:href="scriptorium.johannes.canons.FA143-158.mark.xml#sSpan2253" target="scriptorium.johannes.canons.FA143-158.mark.xml#sSpan2254"/>
		<rel id="sPointingRel7201" xlink:href="scriptorium.johannes.canons.FA143-158.mark.xml#sSpan7675" target="scriptorium.johannes.canons.FA143-158.mark.xml#sSpan7670"/>
		<rel id="sPointingRel7203" xlink:href="scriptorium.johannes.canons.FA143-158.mark.xml#sSpan12728" target="scriptorium.johannes.canons.FA143-158.mark.xml#sSpan12730"/>
		<rel id="sPointingRel7205" xlink:href="scriptorium.johannes.canons.FA143-158.mark.xml#sSpan537" target="scriptorium.johannes.canons.FA143-158.mark.xml#sSpan538"/>
		<rel id="sPointingRel7207" xlink:href="scriptorium.johannes.canons.FA143-158.mark.xml#sSpan1197" target="scriptorium.johannes.canons.FA143-158.mark.xml#sSpan1201"/>
		<rel id="sPointingRel7209" xlink:href="scriptorium.johannes.canons.FA143-158.mark.xml#sSpan3180" target="scriptorium.johannes.canons.FA143-158.mark.xml#sSpan3178"/>
		<rel id="sPointingRel7211" xlink:href="scriptorium.johannes.canons.FA143-158.mark.xml#sSpan1993" target="scriptorium.johannes.canons.FA143-158.mark.xml#sSpan1994"/>
		<rel id="sPointingRel7213" xlink:href="scriptorium.johannes.canons.FA143-158.mark.xml#sSpan7431" target="scriptorium.johannes.canons.FA143-158.mark.xml#sSpan7435"/>
		<rel id="sPointingRel7215" xlink:href="scriptorium.johannes.canons.FA143-158.mark.xml#sSpan261" target="scriptorium.johannes.canons.FA143-158.mark.xml#sSpan265"/>
		<rel id="sPointingRel7217" xlink:href="scriptorium.johannes.canons.FA143-158.mark.xml#sSpan11683" target="scriptorium.johannes.canons.FA143-158.mark.xml#sSpan11684"/>
		<rel id="sPointingRel7219" xlink:href="scriptorium.johannes.canons.FA143-158.mark.xml#sSpan458" target="scriptorium.johannes.canons.FA143-158.mark.xml#sSpan459"/>
		<rel id="sPointingRel7221" xlink:href="scriptorium.johannes.canons.FA143-158.mark.xml#sSpan9582" target="scriptorium.johannes.canons.FA143-158.mark.xml#sSpan9580"/>
		<rel id="sPointingRel7223" xlink:href="scriptorium.johannes.canons.FA143-158.mark.xml#sSpan6513" target="scriptorium.johannes.canons.FA143-158.mark.xml#sSpan6511"/>
		<rel id="sPointingRel7225" xlink:href="scriptorium.johannes.canons.FA143-158.mark.xml#sSpan12485" target="scriptorium.johannes.canons.FA143-158.mark.xml#sSpan12486"/>
		<rel id="sPointingRel7227" xlink:href="scriptorium.johannes.canons.FA143-158.mark.xml#sSpan861" target="scriptorium.johannes.canons.FA143-158.mark.xml#sSpan862"/>
		<rel id="sPointingRel7229" xlink:href="scriptorium.johannes.canons.FA143-158.mark.xml#sSpan2801" target="scriptorium.johannes.canons.FA143-158.mark.xml#sSpan2802"/>
		<rel id="sPointingRel7231" xlink:href="scriptorium.johannes.canons.FA143-158.mark.xml#sSpan1578" target="scriptorium.johannes.canons.FA143-158.mark.xml#sSpan1587"/>
		<rel id="sPointingRel7233" xlink:href="scriptorium.johannes.canons.FA143-158.mark.xml#sSpan8600" target="scriptorium.johannes.canons.FA143-158.mark.xml#sSpan8602"/>
		<rel id="sPointingRel7235" xlink:href="scriptorium.johannes.canons.FA143-158.mark.xml#sSpan1060" target="scriptorium.johannes.canons.FA143-158.mark.xml#sSpan1058"/>
		<rel id="sPointingRel7237" xlink:href="scriptorium.johannes.canons.FA143-158.mark.xml#sSpan2911" target="scriptorium.johannes.canons.FA143-158.mark.xml#sSpan2914"/>
		<rel id="sPointingRel7239" xlink:href="scriptorium.johannes.canons.FA143-158.mark.xml#sSpan5629" target="scriptorium.johannes.canons.FA143-158.mark.xml#sSpan5630"/>
		<rel id="sPointingRel7241" xlink:href="scriptorium.johannes.canons.FA143-158.mark.xml#sSpan9227" target="scriptorium.johannes.canons.FA143-158.mark.xml#sSpan9236"/>
		<rel id="sPointingRel7243" xlink:href="scriptorium.johannes.canons.FA143-158.mark.xml#sSpan12392" target="scriptorium.johannes.canons.FA143-158.mark.xml#sSpan12393"/>
		<rel id="sPointingRel7245" xlink:href="scriptorium.johannes.canons.FA143-158.mark.xml#sSpan6367" target="scriptorium.johannes.canons.FA143-158.mark.xml#sSpan6368"/>
		<rel id="sPointingRel7247" xlink:href="scriptorium.johannes.canons.FA143-158.mark.xml#sSpan4526" target="scriptorium.johannes.canons.FA143-158.mark.xml#sSpan4527"/>
		<rel id="sPointingRel7249" xlink:href="scriptorium.johannes.canons.FA143-158.mark.xml#sSpan4242" target="scriptorium.johannes.canons.FA143-158.mark.xml#sSpan4240"/>
		<rel id="sPointingRel7251" xlink:href="scriptorium.johannes.canons.FA143-158.mark.xml#sSpan9153" target="scriptorium.johannes.canons.FA143-158.mark.xml#sSpan9154"/>
		<rel id="sPointingRel7253" xlink:href="scriptorium.johannes.canons.FA143-158.mark.xml#sSpan11395" target="scriptorium.johannes.canons.FA143-158.mark.xml#sSpan11393"/>
		<rel id="sPointingRel7255" xlink:href="scriptorium.johannes.canons.FA143-158.mark.xml#sSpan1666" target="scriptorium.johannes.canons.FA143-158.mark.xml#sSpan1667"/>
		<rel id="sPointingRel7257" xlink:href="scriptorium.johannes.canons.FA143-158.mark.xml#sSpan3859" target="scriptorium.johannes.canons.FA143-158.mark.xml#sSpan3857"/>
		<rel id="sPointingRel7259" xlink:href="scriptorium.johannes.canons.FA143-158.mark.xml#sSpan207" target="scriptorium.johannes.canons.FA143-158.mark.xml#sSpan205"/>
		<rel id="sPointingRel7261" xlink:href="scriptorium.johannes.canons.FA143-158.mark.xml#sSpan3777" target="scriptorium.johannes.canons.FA143-158.mark.xml#sSpan3773"/>
		<rel id="sPointingRel7263" xlink:href="scriptorium.johannes.canons.FA143-158.mark.xml#sSpan4418" target="scriptorium.johannes.canons.FA143-158.mark.xml#sSpan4419"/>
		<rel id="sPointingRel7265" xlink:href="scriptorium.johannes.canons.FA143-158.mark.xml#sSpan8722" target="scriptorium.johannes.canons.FA143-158.mark.xml#sSpan8724"/>
		<rel id="sPointingRel7267" xlink:href="scriptorium.johannes.canons.FA143-158.mark.xml#sSpan9634" target="scriptorium.johannes.canons.FA143-158.mark.xml#sSpan9632"/>
		<rel id="sPointingRel7269" xlink:href="scriptorium.johannes.canons.FA143-158.mark.xml#sSpan11541" target="scriptorium.johannes.canons.FA143-158.mark.xml#sSpan11543"/>
		<rel id="sPointingRel7271" xlink:href="scriptorium.johannes.canons.FA143-158.mark.xml#sSpan6027" target="scriptorium.johannes.canons.FA143-158.mark.xml#sSpan6029"/>
		<rel id="sPointingRel7273" xlink:href="scriptorium.johannes.canons.FA143-158.mark.xml#sSpan2371" target="scriptorium.johannes.canons.FA143-158.mark.xml#sSpan2369"/>
		<rel id="sPointingRel7275" xlink:href="scriptorium.johannes.canons.FA143-158.mark.xml#sSpan11640" target="scriptorium.johannes.canons.FA143-158.mark.xml#sSpan11638"/>
		<rel id="sPointingRel7277" xlink:href="scriptorium.johannes.canons.FA143-158.mark.xml#sSpan8369" target="scriptorium.johannes.canons.FA143-158.mark.xml#sSpan8372"/>
		<rel id="sPointingRel7279" xlink:href="scriptorium.johannes.canons.FA143-158.mark.xml#sSpan62" target="scriptorium.johannes.canons.FA143-158.mark.xml#sSpan64"/>
		<rel id="sPointingRel7281" xlink:href="scriptorium.johannes.canons.FA143-158.mark.xml#sSpan6870" target="scriptorium.johannes.canons.FA143-158.mark.xml#sSpan6871"/>
		<rel id="sPointingRel7283" xlink:href="scriptorium.johannes.canons.FA143-158.mark.xml#sSpan2812" target="scriptorium.johannes.canons.FA143-158.mark.xml#sSpan2810"/>
		<rel id="sPointingRel7285" xlink:href="scriptorium.johannes.canons.FA143-158.mark.xml#sSpan9013" target="scriptorium.johannes.canons.FA143-158.mark.xml#sSpan9011"/>
		<rel id="sPointingRel7287" xlink:href="scriptorium.johannes.canons.FA143-158.mark.xml#sSpan7412" target="scriptorium.johannes.canons.FA143-158.mark.xml#sSpan7410"/>
		<rel id="sPointingRel7289" xlink:href="scriptorium.johannes.canons.FA143-158.mark.xml#sSpan11842" target="scriptorium.johannes.canons.FA143-158.mark.xml#sSpan11840"/>
		<rel id="sPointingRel7291" xlink:href="scriptorium.johannes.canons.FA143-158.mark.xml#sSpan1259" target="scriptorium.johannes.canons.FA143-158.mark.xml#sSpan1261"/>
		<rel id="sPointingRel7293" xlink:href="scriptorium.johannes.canons.FA143-158.mark.xml#sSpan613" target="scriptorium.johannes.canons.FA143-158.mark.xml#sSpan614"/>
		<rel id="sPointingRel7295" xlink:href="scriptorium.johannes.canons.FA143-158.mark.xml#sSpan2712" target="scriptorium.johannes.canons.FA143-158.mark.xml#sSpan2713"/>
		<rel id="sPointingRel7297" xlink:href="scriptorium.johannes.canons.FA143-158.mark.xml#sSpan4338" target="scriptorium.johannes.canons.FA143-158.mark.xml#sSpan4336"/>
		<rel id="sPointingRel7299" xlink:href="scriptorium.johannes.canons.FA143-158.mark.xml#sSpan6444" target="scriptorium.johannes.canons.FA143-158.mark.xml#sSpan6442"/>
		<rel id="sPointingRel7301" xlink:href="scriptorium.johannes.canons.FA143-158.mark.xml#sSpan5422" target="scriptorium.johannes.canons.FA143-158.mark.xml#sSpan5424"/>
		<rel id="sPointingRel7303" xlink:href="scriptorium.johannes.canons.FA143-158.mark.xml#sSpan4865" target="scriptorium.johannes.canons.FA143-158.mark.xml#sSpan4866"/>
		<rel id="sPointingRel7305" xlink:href="scriptorium.johannes.canons.FA143-158.mark.xml#sSpan11606" target="scriptorium.johannes.canons.FA143-158.mark.xml#sSpan11604"/>
		<rel id="sPointingRel7307" xlink:href="scriptorium.johannes.canons.FA143-158.mark.xml#sSpan393" target="scriptorium.johannes.canons.FA143-158.mark.xml#sSpan391"/>
		<rel id="sPointingRel7309" xlink:href="scriptorium.johannes.canons.FA143-158.mark.xml#sSpan10390" target="scriptorium.johannes.canons.FA143-158.mark.xml#sSpan10388"/>
		<rel id="sPointingRel7311" xlink:href="scriptorium.johannes.canons.FA143-158.mark.xml#sSpan2144" target="scriptorium.johannes.canons.FA143-158.mark.xml#sSpan2142"/>
		<rel id="sPointingRel7313" xlink:href="scriptorium.johannes.canons.FA143-158.mark.xml#sSpan2561" target="scriptorium.johannes.canons.FA143-158.mark.xml#sSpan2563"/>
		<rel id="sPointingRel7315" xlink:href="scriptorium.johannes.canons.FA143-158.mark.xml#sSpan1501" target="scriptorium.johannes.canons.FA143-158.mark.xml#sSpan1502"/>
		<rel id="sPointingRel7317" xlink:href="scriptorium.johannes.canons.FA143-158.mark.xml#sSpan10767" target="scriptorium.johannes.canons.FA143-158.mark.xml#sSpan10768"/>
		<rel id="sPointingRel7319" xlink:href="scriptorium.johannes.canons.FA143-158.mark.xml#sSpan5685" target="scriptorium.johannes.canons.FA143-158.mark.xml#sSpan5683"/>
		<rel id="sPointingRel7321" xlink:href="scriptorium.johannes.canons.FA143-158.mark.xml#sSpan11477" target="scriptorium.johannes.canons.FA143-158.mark.xml#sSpan11475"/>
		<rel id="sPointingRel7323" xlink:href="scriptorium.johannes.canons.FA143-158.mark.xml#sSpan12464" target="scriptorium.johannes.canons.FA143-158.mark.xml#sSpan12462"/>
		<rel id="sPointingRel7325" xlink:href="scriptorium.johannes.canons.FA143-158.mark.xml#sSpan11947" target="scriptorium.johannes.canons.FA143-158.mark.xml#sSpan11951"/>
		<rel id="sPointingRel7327" xlink:href="scriptorium.johannes.canons.FA143-158.mark.xml#sSpan1629" target="scriptorium.johannes.canons.FA143-158.mark.xml#sSpan1627"/>
		<rel id="sPointingRel7329" xlink:href="scriptorium.johannes.canons.FA143-158.mark.xml#sSpan8977" target="scriptorium.johannes.canons.FA143-158.mark.xml#sSpan8975"/>
		<rel id="sPointingRel7331" xlink:href="scriptorium.johannes.canons.FA143-158.mark.xml#sSpan2163" target="scriptorium.johannes.canons.FA143-158.mark.xml#sSpan2161"/>
		<rel id="sPointingRel7333" xlink:href="scriptorium.johannes.canons.FA143-158.mark.xml#sSpan3379" target="scriptorium.johannes.canons.FA143-158.mark.xml#sSpan3377"/>
		<rel id="sPointingRel7335" xlink:href="scriptorium.johannes.canons.FA143-158.mark.xml#sSpan4457" target="scriptorium.johannes.canons.FA143-158.mark.xml#sSpan4458"/>
		<rel id="sPointingRel7337" xlink:href="scriptorium.johannes.canons.FA143-158.mark.xml#sSpan74" target="scriptorium.johannes.canons.FA143-158.mark.xml#sSpan75"/>
		<rel id="sPointingRel7339" xlink:href="scriptorium.johannes.canons.FA143-158.mark.xml#sSpan10944" target="scriptorium.johannes.canons.FA143-158.mark.xml#sSpan10942"/>
		<rel id="sPointingRel7341" xlink:href="scriptorium.johannes.canons.FA143-158.mark.xml#sSpan2386" target="scriptorium.johannes.canons.FA143-158.mark.xml#sSpan2387"/>
		<rel id="sPointingRel7343" xlink:href="scriptorium.johannes.canons.FA143-158.mark.xml#sSpan10979" target="scriptorium.johannes.canons.FA143-158.mark.xml#sSpan10981"/>
		<rel id="sPointingRel7345" xlink:href="scriptorium.johannes.canons.FA143-158.mark.xml#sSpan12558" target="scriptorium.johannes.canons.FA143-158.mark.xml#sSpan12559"/>
		<rel id="sPointingRel7347" xlink:href="scriptorium.johannes.canons.FA143-158.mark.xml#sSpan2014" target="scriptorium.johannes.canons.FA143-158.mark.xml#sSpan2012"/>
		<rel id="sPointingRel7349" xlink:href="scriptorium.johannes.canons.FA143-158.mark.xml#sSpan5938" target="scriptorium.johannes.canons.FA143-158.mark.xml#sSpan5939"/>
		<rel id="sPointingRel7351" xlink:href="scriptorium.johannes.canons.FA143-158.mark.xml#sSpan12544" target="scriptorium.johannes.canons.FA143-158.mark.xml#sSpan12545"/>
		<rel id="sPointingRel7353" xlink:href="scriptorium.johannes.canons.FA143-158.mark.xml#sSpan7769" target="scriptorium.johannes.canons.FA143-158.mark.xml#sSpan7778"/>
		<rel id="sPointingRel7355" xlink:href="scriptorium.johannes.canons.FA143-158.mark.xml#sSpan7818" target="scriptorium.johannes.canons.FA143-158.mark.xml#sSpan7819"/>
		<rel id="sPointingRel7357" xlink:href="scriptorium.johannes.canons.FA143-158.mark.xml#sSpan5434" target="scriptorium.johannes.canons.FA143-158.mark.xml#sSpan5435"/>
		<rel id="sPointingRel7359" xlink:href="scriptorium.johannes.canons.FA143-158.mark.xml#sSpan7739" target="scriptorium.johannes.canons.FA143-158.mark.xml#sSpan7737"/>
		<rel id="sPointingRel7361" xlink:href="scriptorium.johannes.canons.FA143-158.mark.xml#sSpan3747" target="scriptorium.johannes.canons.FA143-158.mark.xml#sSpan3750"/>
		<rel id="sPointingRel7363" xlink:href="scriptorium.johannes.canons.FA143-158.mark.xml#sSpan7391" target="scriptorium.johannes.canons.FA143-158.mark.xml#sSpan7395"/>
		<rel id="sPointingRel7365" xlink:href="scriptorium.johannes.canons.FA143-158.mark.xml#sSpan4184" target="scriptorium.johannes.canons.FA143-158.mark.xml#sSpan4182"/>
		<rel id="sPointingRel7367" xlink:href="scriptorium.johannes.canons.FA143-158.mark.xml#sSpan11595" target="scriptorium.johannes.canons.FA143-158.mark.xml#sSpan11596"/>
		<rel id="sPointingRel7369" xlink:href="scriptorium.johannes.canons.FA143-158.mark.xml#sSpan8099" target="scriptorium.johannes.canons.FA143-158.mark.xml#sSpan8100"/>
		<rel id="sPointingRel7371" xlink:href="scriptorium.johannes.canons.FA143-158.mark.xml#sSpan5053" target="scriptorium.johannes.canons.FA143-158.mark.xml#sSpan5054"/>
		<rel id="sPointingRel7373" xlink:href="scriptorium.johannes.canons.FA143-158.mark.xml#sSpan6211" target="scriptorium.johannes.canons.FA143-158.mark.xml#sSpan6209"/>
		<rel id="sPointingRel7375" xlink:href="scriptorium.johannes.canons.FA143-158.mark.xml#sSpan12406" target="scriptorium.johannes.canons.FA143-158.mark.xml#sSpan12407"/>
		<rel id="sPointingRel7377" xlink:href="scriptorium.johannes.canons.FA143-158.mark.xml#sSpan10894" target="scriptorium.johannes.canons.FA143-158.mark.xml#sSpan10895"/>
		<rel id="sPointingRel7379" xlink:href="scriptorium.johannes.canons.FA143-158.mark.xml#sSpan11527" target="scriptorium.johannes.canons.FA143-158.mark.xml#sSpan11528"/>
		<rel id="sPointingRel7381" xlink:href="scriptorium.johannes.canons.FA143-158.mark.xml#sSpan12595" target="scriptorium.johannes.canons.FA143-158.mark.xml#sSpan12593"/>
		<rel id="sPointingRel7383" xlink:href="scriptorium.johannes.canons.FA143-158.mark.xml#sSpan7158" target="scriptorium.johannes.canons.FA143-158.mark.xml#sSpan7156"/>
		<rel id="sPointingRel7385" xlink:href="scriptorium.johannes.canons.FA143-158.mark.xml#sSpan9545" target="scriptorium.johannes.canons.FA143-158.mark.xml#sSpan9546"/>
		<rel id="sPointingRel7387" xlink:href="scriptorium.johannes.canons.FA143-158.mark.xml#sSpan10545" target="scriptorium.johannes.canons.FA143-158.mark.xml#sSpan10546"/>
		<rel id="sPointingRel7389" xlink:href="scriptorium.johannes.canons.FA143-158.mark.xml#sSpan1460" target="scriptorium.johannes.canons.FA143-158.mark.xml#sSpan1461"/>
		<rel id="sPointingRel7391" xlink:href="scriptorium.johannes.canons.FA143-158.mark.xml#sSpan7747" target="scriptorium.johannes.canons.FA143-158.mark.xml#sSpan7748"/>
		<rel id="sPointingRel7393" xlink:href="scriptorium.johannes.canons.FA143-158.mark.xml#sSpan11654" target="scriptorium.johannes.canons.FA143-158.mark.xml#sSpan11655"/>
		<rel id="sPointingRel7395" xlink:href="scriptorium.johannes.canons.FA143-158.mark.xml#sSpan1932" target="scriptorium.johannes.canons.FA143-158.mark.xml#sSpan1935"/>
		<rel id="sPointingRel7397" xlink:href="scriptorium.johannes.canons.FA143-158.mark.xml#sSpan6087" target="scriptorium.johannes.canons.FA143-158.mark.xml#sSpan6088"/>
		<rel id="sPointingRel7399" xlink:href="scriptorium.johannes.canons.FA143-158.mark.xml#sSpan2293" target="scriptorium.johannes.canons.FA143-158.mark.xml#sSpan2294"/>
		<rel id="sPointingRel7401" xlink:href="scriptorium.johannes.canons.FA143-158.mark.xml#sSpan2975" target="scriptorium.johannes.canons.FA143-158.mark.xml#sSpan2977"/>
		<rel id="sPointingRel7403" xlink:href="scriptorium.johannes.canons.FA143-158.mark.xml#sSpan10475" target="scriptorium.johannes.canons.FA143-158.mark.xml#sSpan10476"/>
		<rel id="sPointingRel7405" xlink:href="scriptorium.johannes.canons.FA143-158.mark.xml#sSpan1165" target="scriptorium.johannes.canons.FA143-158.mark.xml#sSpan1167"/>
		<rel id="sPointingRel7407" xlink:href="scriptorium.johannes.canons.FA143-158.mark.xml#sSpan2858" target="scriptorium.johannes.canons.FA143-158.mark.xml#sSpan2859"/>
		<rel id="sPointingRel7409" xlink:href="scriptorium.johannes.canons.FA143-158.mark.xml#sSpan10713" target="scriptorium.johannes.canons.FA143-158.mark.xml#sSpan10711"/>
		<rel id="sPointingRel7411" xlink:href="scriptorium.johannes.canons.FA143-158.mark.xml#sSpan8703" target="scriptorium.johannes.canons.FA143-158.mark.xml#sSpan8705"/>
		<rel id="sPointingRel7413" xlink:href="scriptorium.johannes.canons.FA143-158.mark.xml#sSpan2515" target="scriptorium.johannes.canons.FA143-158.mark.xml#sSpan2513"/>
		<rel id="sPointingRel7415" xlink:href="scriptorium.johannes.canons.FA143-158.mark.xml#sSpan2206" target="scriptorium.johannes.canons.FA143-158.mark.xml#sSpan2202"/>
		<rel id="sPointingRel7417" xlink:href="scriptorium.johannes.canons.FA143-158.mark.xml#sSpan312" target="scriptorium.johannes.canons.FA143-158.mark.xml#sSpan315"/>
		<rel id="sPointingRel7419" xlink:href="scriptorium.johannes.canons.FA143-158.mark.xml#sSpan11053" target="scriptorium.johannes.canons.FA143-158.mark.xml#sSpan11051"/>
		<rel id="sPointingRel7421" xlink:href="scriptorium.johannes.canons.FA143-158.mark.xml#sSpan4166" target="scriptorium.johannes.canons.FA143-158.mark.xml#sSpan4168"/>
		<rel id="sPointingRel7423" xlink:href="scriptorium.johannes.canons.FA143-158.mark.xml#sSpan7948" target="scriptorium.johannes.canons.FA143-158.mark.xml#sSpan7946"/>
		<rel id="sPointingRel7425" xlink:href="scriptorium.johannes.canons.FA143-158.mark.xml#sSpan8193" target="scriptorium.johannes.canons.FA143-158.mark.xml#sSpan8195"/>
		<rel id="sPointingRel7427" xlink:href="scriptorium.johannes.canons.FA143-158.mark.xml#sSpan12294" target="scriptorium.johannes.canons.FA143-158.mark.xml#sSpan12296"/>
		<rel id="sPointingRel7429" xlink:href="scriptorium.johannes.canons.FA143-158.mark.xml#sSpan4439" target="scriptorium.johannes.canons.FA143-158.mark.xml#sSpan4440"/>
		<rel id="sPointingRel7431" xlink:href="scriptorium.johannes.canons.FA143-158.mark.xml#sSpan7224" target="scriptorium.johannes.canons.FA143-158.mark.xml#sSpan7226"/>
		<rel id="sPointingRel7433" xlink:href="scriptorium.johannes.canons.FA143-158.mark.xml#sSpan4843" target="scriptorium.johannes.canons.FA143-158.mark.xml#sSpan4846"/>
		<rel id="sPointingRel7435" xlink:href="scriptorium.johannes.canons.FA143-158.mark.xml#sSpan7541" target="scriptorium.johannes.canons.FA143-158.mark.xml#sSpan7539"/>
		<rel id="sPointingRel7437" xlink:href="scriptorium.johannes.canons.FA143-158.mark.xml#sSpan3057" target="scriptorium.johannes.canons.FA143-158.mark.xml#sSpan3059"/>
		<rel id="sPointingRel7439" xlink:href="scriptorium.johannes.canons.FA143-158.mark.xml#sSpan998" target="scriptorium.johannes.canons.FA143-158.mark.xml#sSpan999"/>
		<rel id="sPointingRel7441" xlink:href="scriptorium.johannes.canons.FA143-158.mark.xml#sSpan4721" target="scriptorium.johannes.canons.FA143-158.mark.xml#sSpan4723"/>
		<rel id="sPointingRel7443" xlink:href="scriptorium.johannes.canons.FA143-158.mark.xml#sSpan5693" target="scriptorium.johannes.canons.FA143-158.mark.xml#sSpan5691"/>
		<rel id="sPointingRel7445" xlink:href="scriptorium.johannes.canons.FA143-158.mark.xml#sSpan10079" target="scriptorium.johannes.canons.FA143-158.mark.xml#sSpan10081"/>
		<rel id="sPointingRel7447" xlink:href="scriptorium.johannes.canons.FA143-158.mark.xml#sSpan8949" target="scriptorium.johannes.canons.FA143-158.mark.xml#sSpan8950"/>
		<rel id="sPointingRel7449" xlink:href="scriptorium.johannes.canons.FA143-158.mark.xml#sSpan11419" target="scriptorium.johannes.canons.FA143-158.mark.xml#sSpan11420"/>
		<rel id="sPointingRel7451" xlink:href="scriptorium.johannes.canons.FA143-158.mark.xml#sSpan9027" target="scriptorium.johannes.canons.FA143-158.mark.xml#sSpan9028"/>
		<rel id="sPointingRel7453" xlink:href="scriptorium.johannes.canons.FA143-158.mark.xml#sSpan8349" target="scriptorium.johannes.canons.FA143-158.mark.xml#sSpan8350"/>
		<rel id="sPointingRel7455" xlink:href="scriptorium.johannes.canons.FA143-158.mark.xml#sSpan7927" target="scriptorium.johannes.canons.FA143-158.mark.xml#sSpan7925"/>
		<rel id="sPointingRel7457" xlink:href="scriptorium.johannes.canons.FA143-158.mark.xml#sSpan8052" target="scriptorium.johannes.canons.FA143-158.mark.xml#sSpan8050"/>
		<rel id="sPointingRel7459" xlink:href="scriptorium.johannes.canons.FA143-158.mark.xml#sSpan5271" target="scriptorium.johannes.canons.FA143-158.mark.xml#sSpan5269"/>
		<rel id="sPointingRel7461" xlink:href="scriptorium.johannes.canons.FA143-158.mark.xml#sSpan7285" target="scriptorium.johannes.canons.FA143-158.mark.xml#sSpan7286"/>
		<rel id="sPointingRel7463" xlink:href="scriptorium.johannes.canons.FA143-158.mark.xml#sSpan6157" target="scriptorium.johannes.canons.FA143-158.mark.xml#sSpan6155"/>
		<rel id="sPointingRel7465" xlink:href="scriptorium.johannes.canons.FA143-158.mark.xml#sSpan1383" target="scriptorium.johannes.canons.FA143-158.mark.xml#sSpan1384"/>
		<rel id="sPointingRel7467" xlink:href="scriptorium.johannes.canons.FA143-158.mark.xml#sSpan7219" target="scriptorium.johannes.canons.FA143-158.mark.xml#sSpan7215"/>
		<rel id="sPointingRel7469" xlink:href="scriptorium.johannes.canons.FA143-158.mark.xml#sSpan3194" target="scriptorium.johannes.canons.FA143-158.mark.xml#sSpan3195"/>
		<rel id="sPointingRel7471" xlink:href="scriptorium.johannes.canons.FA143-158.mark.xml#sSpan12708" target="scriptorium.johannes.canons.FA143-158.mark.xml#sSpan12706"/>
		<rel id="sPointingRel7473" xlink:href="scriptorium.johannes.canons.FA143-158.mark.xml#sSpan6383" target="scriptorium.johannes.canons.FA143-158.mark.xml#sSpan6385"/>
		<rel id="sPointingRel7475" xlink:href="scriptorium.johannes.canons.FA143-158.mark.xml#sSpan8877" target="scriptorium.johannes.canons.FA143-158.mark.xml#sSpan8879"/>
		<rel id="sPointingRel7477" xlink:href="scriptorium.johannes.canons.FA143-158.mark.xml#sSpan7087" target="scriptorium.johannes.canons.FA143-158.mark.xml#sSpan7092"/>
		<rel id="sPointingRel7479" xlink:href="scriptorium.johannes.canons.FA143-158.mark.xml#sSpan10699" target="scriptorium.johannes.canons.FA143-158.mark.xml#sSpan10697"/>
		<rel id="sPointingRel7481" xlink:href="scriptorium.johannes.canons.FA143-158.mark.xml#sSpan2592" target="scriptorium.johannes.canons.FA143-158.mark.xml#sSpan2599"/>
		<rel id="sPointingRel7483" xlink:href="scriptorium.johannes.canons.FA143-158.mark.xml#sSpan3822" target="scriptorium.johannes.canons.FA143-158.mark.xml#sSpan3824"/>
		<rel id="sPointingRel7485" xlink:href="scriptorium.johannes.canons.FA143-158.mark.xml#sSpan7638" target="scriptorium.johannes.canons.FA143-158.mark.xml#sSpan7636"/>
		<rel id="sPointingRel7487" xlink:href="scriptorium.johannes.canons.FA143-158.mark.xml#sSpan9400" target="scriptorium.johannes.canons.FA143-158.mark.xml#sSpan9398"/>
		<rel id="sPointingRel7489" xlink:href="scriptorium.johannes.canons.FA143-158.mark.xml#sSpan5208" target="scriptorium.johannes.canons.FA143-158.mark.xml#sSpan5206"/>
		<rel id="sPointingRel7491" xlink:href="scriptorium.johannes.canons.FA143-158.mark.xml#sSpan5245" target="scriptorium.johannes.canons.FA143-158.mark.xml#sSpan5246"/>
		<rel id="sPointingRel7493" xlink:href="scriptorium.johannes.canons.FA143-158.mark.xml#sSpan9124" target="scriptorium.johannes.canons.FA143-158.mark.xml#sSpan9126"/>
		<rel id="sPointingRel7495" xlink:href="scriptorium.johannes.canons.FA143-158.mark.xml#sSpan4289" target="scriptorium.johannes.canons.FA143-158.mark.xml#sSpan4291"/>
		<rel id="sPointingRel7497" xlink:href="scriptorium.johannes.canons.FA143-158.mark.xml#sSpan83" target="scriptorium.johannes.canons.FA143-158.mark.xml#sSpan86"/>
		<rel id="sPointingRel7499" xlink:href="scriptorium.johannes.canons.FA143-158.mark.xml#sSpan947" target="scriptorium.johannes.canons.FA143-158.mark.xml#sSpan949"/>
		<rel id="sPointingRel7501" xlink:href="scriptorium.johannes.canons.FA143-158.mark.xml#sSpan11986" target="scriptorium.johannes.canons.FA143-158.mark.xml#sSpan11987"/>
		<rel id="sPointingRel7503" xlink:href="scriptorium.johannes.canons.FA143-158.mark.xml#sSpan9510" target="scriptorium.johannes.canons.FA143-158.mark.xml#sSpan9511"/></relList></paula>