<?xml version='1.0' encoding='UTF-8'?><!DOCTYPE paula SYSTEM "paula_feat.dtd">
<paula version="1.1">
	<header paula_id="scriptorium.AP.003.n138.blame.mark_lb_n"/>
	<featList xmlns:xlink="http://www.w3.org/1999/xlink" type="lb_n" xml:base="scriptorium.AP.003.n138.blame.mark.xml">
		<feat xlink:href="#sSpan7" value="11"/>
		<feat xlink:href="#sSpan32" value="12"/>
		<feat xlink:href="#sSpan50" value="13"/>
		<feat xlink:href="#sSpan67" value="14"/>
		<feat xlink:href="#sSpan86" value="15"/>
		<feat xlink:href="#sSpan108" value="16"/>
		<feat xlink:href="#sSpan128" value="17"/>
		<feat xlink:href="#sSpan141" value="18"/>
		<feat xlink:href="#sSpan156" value="19"/>
		<feat xlink:href="#sSpan180" value="20"/>
		<feat xlink:href="#sSpan196" value="21"/>
		<feat xlink:href="#sSpan220" value="22"/>
		<feat xlink:href="#sSpan243" value="23"/>
		<feat xlink:href="#sSpan261" value="24"/>
		<feat xlink:href="#sSpan273" value="25"/>
		<feat xlink:href="#sSpan293" value="26"/>
		<feat xlink:href="#sSpan318" value="27"/>
		<feat xlink:href="#sSpan339" value="28"/>
		<feat xlink:href="#sSpan355" value="29"/>
		<feat xlink:href="#sSpan385" value="30"/>
		<feat xlink:href="#sSpan407" value="31"/>
		<feat xlink:href="#sSpan427" value="32"/>
		<feat xlink:href="#sSpan450" value="33"/></featList></paula>