<?xml version='1.0' encoding='UTF-8'?><!DOCTYPE paula SYSTEM "paula_feat.dtd">
<paula version="1.1">
	<header paula_id="scriptorium.AP.003.n138.blame.mark_verse_n"/>
	<featList xmlns:xlink="http://www.w3.org/1999/xlink" type="verse_n" xml:base="scriptorium.AP.003.n138.blame.mark.xml">
		<feat xlink:href="#sSpan9" value="1"/>
		<feat xlink:href="#sSpan98" value="2"/>
		<feat xlink:href="#sSpan198" value="3"/>
		<feat xlink:href="#sSpan238" value="4"/>
		<feat xlink:href="#sSpan367" value="5"/>
		<feat xlink:href="#sSpan410" value="6"/></featList></paula>