<?xml version='1.0' encoding='UTF-8'?><!DOCTYPE paula SYSTEM "paula_feat.dtd">
<paula version="1.1">
	<header paula_id="scriptorium.martyrdom.victor.02.mark_func"/>
	<featList xmlns:xlink="http://www.w3.org/1999/xlink" type="func" xml:base="scriptorium.martyrdom.victor.02.mark.xml">
		<feat xlink:href="#sSpan1" value="nmod:poss"/>
		<feat xlink:href="#sSpan13" value="root"/>
		<feat xlink:href="#sSpan15" value="cop"/>
		<feat xlink:href="#sSpan19" value="det"/>
		<feat xlink:href="#sSpan24" value="nsubj"/>
		<feat xlink:href="#sSpan28" value="cc"/>
		<feat xlink:href="#sSpan32" value="det"/>
		<feat xlink:href="#sSpan35" value="conj"/>
		<feat xlink:href="#sSpan37" value="case"/>
		<feat xlink:href="#sSpan41" value="nmod"/>
		<feat xlink:href="#sSpan43" value="punct"/>
		<feat xlink:href="#sSpan47" value="det"/>
		<feat xlink:href="#sSpan57" value="dislocated"/>
		<feat xlink:href="#sSpan60" value="advmod"/>
		<feat xlink:href="#sSpan64" value="aux"/>
		<feat xlink:href="#sSpan68" value="nsubj"/>
		<feat xlink:href="#sSpan70" value="root"/>
		<feat xlink:href="#sSpan72" value="case"/>
		<feat xlink:href="#sSpan76" value="obl"/>
		<feat xlink:href="#sSpan78" value="punct"/>
		<feat xlink:href="#sSpan82" value="mark"/>
		<feat xlink:href="#sSpan86" value="nsubj"/>
		<feat xlink:href="#sSpan88" value="advcl"/>
		<feat xlink:href="#sSpan90" value="mark"/>
		<feat xlink:href="#sSpan94" value="xcomp"/>
		<feat xlink:href="#sSpan96" value="obj"/>
		<feat xlink:href="#sSpan99" value="xcomp"/>
		<feat xlink:href="#sSpan102" value="advmod"/>
		<feat xlink:href="#sSpan106" value="case"/>
		<feat xlink:href="#sSpan110" value="det"/>
		<feat xlink:href="#sSpan114" value="obl"/>
		<feat xlink:href="#sSpan116" value="punct"/>
		<feat xlink:href="#sSpan120" value="det"/>
		<feat xlink:href="#sSpan128" value="dislocated"/>
		<feat xlink:href="#sSpan131" value="advmod"/>
		<feat xlink:href="#sSpan136" value="appos"/>
		<feat xlink:href="#sSpan141" value="flat"/>
		<feat xlink:href="#sSpan146" value="aux"/>
		<feat xlink:href="#sSpan150" value="nsubj"/>
		<feat xlink:href="#sSpan152" value="root"/>
		<feat xlink:href="#sSpan154" value="cop"/>
		<feat xlink:href="#sSpan158" value="case"/>
		<feat xlink:href="#sSpan162" value="det"/>
		<feat xlink:href="#sSpan164" value="obl"/>
		<feat xlink:href="#sSpan166" value="cc"/>
		<feat xlink:href="#sSpan170" value="det"/>
		<feat xlink:href="#sSpan174" value="conj"/>
		<feat xlink:href="#sSpan176" value="cc"/>
		<feat xlink:href="#sSpan181" value="det"/>
		<feat xlink:href="#sSpan185" value="conj"/>
		<feat xlink:href="#sSpan187" value="punct"/>
		<feat xlink:href="#sSpan191" value="cc"/>
		<feat xlink:href="#sSpan197" value="aux"/>
		<feat xlink:href="#sSpan201" value="nmod:poss"/>
		<feat xlink:href="#sSpan204" value="nsubj"/>
		<feat xlink:href="#sSpan207" value="nsubj"/>
		<feat xlink:href="#sSpan211" value="root"/>
		<feat xlink:href="#sSpan216" value="mark"/>
		<feat xlink:href="#sSpan221" value="nsubj"/>
		<feat xlink:href="#sSpan223" value="advcl"/>
		<feat xlink:href="#sSpan225" value="case"/>
		<feat xlink:href="#sSpan229" value="obj"/>
		<feat xlink:href="#sSpan231" value="punct"/>
		<feat xlink:href="#sSpan235" value="mark"/>
		<feat xlink:href="#sSpan239" value="case"/>
		<feat xlink:href="#sSpan242" value="obl"/>
		<feat xlink:href="#sSpan244" value="advmod"/>
		<feat xlink:href="#sSpan248" value="nsubj"/>
		<feat xlink:href="#sSpan250" value="advcl"/>
		<feat xlink:href="#sSpan252" value="advmod"/>
		<feat xlink:href="#sSpan256" value="punct"/>
		<feat xlink:href="#sSpan261" value="cc"/>
		<feat xlink:href="#sSpan268" value="advmod"/>
		<feat xlink:href="#sSpan272" value="nsubj"/>
		<feat xlink:href="#sSpan274" value="root"/>
		<feat xlink:href="#sSpan276" value="advmod"/>
		<feat xlink:href="#sSpan280" value="punct"/>
		<feat xlink:href="#sSpan285" value="cc"/>
		<feat xlink:href="#sSpan291" value="advmod"/>
		<feat xlink:href="#sSpan295" value="nsubj"/>
		<feat xlink:href="#sSpan298" value="root"/>
		<feat xlink:href="#sSpan300" value="advmod"/>
		<feat xlink:href="#sSpan305" value="cop"/>
		<feat xlink:href="#sSpan309" value="case"/>
		<feat xlink:href="#sSpan313" value="det"/>
		<feat xlink:href="#sSpan317" value="obj"/>
		<feat xlink:href="#sSpan319" value="case"/>
		<feat xlink:href="#sSpan323" value="nmod"/>
		<feat xlink:href="#sSpan325" value="punct"/>
		<feat xlink:href="#sSpan329" value="nsubj"/>
		<feat xlink:href="#sSpan335" value="aux"/>
		<feat xlink:href="#sSpan337" value="root"/>
		<feat xlink:href="#sSpan339" value="aux"/>
		<feat xlink:href="#sSpan343" value="det"/>
		<feat xlink:href="#sSpan346" value="nsubj"/>
		<feat xlink:href="#sSpan348" value="advcl"/>
		<feat xlink:href="#sSpan352" value="case"/>
		<feat xlink:href="#sSpan357" value="nmod:poss"/>
		<feat xlink:href="#sSpan360" value="obj"/>
		<feat xlink:href="#sSpan362" value="punct"/>
		<feat xlink:href="#sSpan366" value="dislocated"/>
		<feat xlink:href="#sSpan373" value="advmod"/>
		<feat xlink:href="#sSpan377" value="aux"/>
		<feat xlink:href="#sSpan381" value="aux"/>
		<feat xlink:href="#sSpan383" value="nsubj"/>
		<feat xlink:href="#sSpan385" value="root"/>
		<feat xlink:href="#sSpan387" value="mark"/>
		<feat xlink:href="#sSpan391" value="nsubj"/>
		<feat xlink:href="#sSpan393" value="advcl"/>
		<feat xlink:href="#sSpan395" value="case"/>
		<feat xlink:href="#sSpan400" value="expl"/>
		<feat xlink:href="#sSpan402" value="punct"/>
		<feat xlink:href="#sSpan406" value="mark"/>
		<feat xlink:href="#sSpan410" value="det"/>
		<feat xlink:href="#sSpan413" value="nsubj"/>
		<feat xlink:href="#sSpan415" value="aux"/>
		<feat xlink:href="#sSpan420" value="ccomp"/>
		<feat xlink:href="#sSpan423" value="punct"/>
		<feat xlink:href="#sSpan427" value="det"/>
		<feat xlink:href="#sSpan434" value="nsubj"/>
		<feat xlink:href="#sSpan436" value="cc"/>
		<feat xlink:href="#sSpan440" value="det"/>
		<feat xlink:href="#sSpan443" value="conj"/>
		<feat xlink:href="#sSpan445" value="aux"/>
		<feat xlink:href="#sSpan450" value="root"/>
		<feat xlink:href="#sSpan452" value="obj"/>
		<feat xlink:href="#sSpan455" value="punct"/>
		<feat xlink:href="#sSpan459" value="det"/>
		<feat xlink:href="#sSpan466" value="nsubj"/>
		<feat xlink:href="#sSpan469" value="case"/>
		<feat xlink:href="#sSpan473" value="det"/>
		<feat xlink:href="#sSpan477" value="nmod"/>
		<feat xlink:href="#sSpan479" value="aux"/>
		<feat xlink:href="#sSpan484" value="root"/>
		<feat xlink:href="#sSpan487" value="case"/>
		<feat xlink:href="#sSpan491" value="det"/>
		<feat xlink:href="#sSpan495" value="obl"/>
		<feat xlink:href="#sSpan497" value="punct"/>
		<feat xlink:href="#sSpan502" value="dislocated"/>
		<feat xlink:href="#sSpan511" value="flat"/>
		<feat xlink:href="#sSpan516" value="advmod"/>
		<feat xlink:href="#sSpan520" value="aux"/>
		<feat xlink:href="#sSpan524" value="aux"/>
		<feat xlink:href="#sSpan526" value="nsubj"/>
		<feat xlink:href="#sSpan528" value="root"/>
		<feat xlink:href="#sSpan531" value="advmod"/>
		<feat xlink:href="#sSpan535" value="case"/>
		<feat xlink:href="#sSpan539" value="nmod:poss"/>
		<feat xlink:href="#sSpan543" value="obl"/>
		<feat xlink:href="#sSpan545" value="aux"/>
		<feat xlink:href="#sSpan550" value="nsubj"/>
		<feat xlink:href="#sSpan552" value="advcl"/>
		<feat xlink:href="#sSpan554" value="advmod"/>
		<feat xlink:href="#sSpan558" value="case"/>
		<feat xlink:href="#sSpan562" value="det"/>
		<feat xlink:href="#sSpan565" value="obl"/>
		<feat xlink:href="#sSpan567" value="case"/>
		<feat xlink:href="#sSpan571" value="det"/>
		<feat xlink:href="#sSpan573" value="obl"/>
		<feat xlink:href="#sSpan575" value="punct"/>
		<feat xlink:href="#sSpan579" value="mark"/>
		<feat xlink:href="#sSpan583" value="det"/>
		<feat xlink:href="#sSpan586" value="nsubj"/>
		<feat xlink:href="#sSpan588" value="advcl"/>
		<feat xlink:href="#sSpan593" value="case"/>
		<feat xlink:href="#sSpan597" value="obl"/>
		<feat xlink:href="#sSpan599" value="det"/>
		<feat xlink:href="#sSpan607" value="root"/>
		<feat xlink:href="#sSpan610" value="appos"/>
		<feat xlink:href="#sSpan614" value="det"/>
		<feat xlink:href="#sSpan619" value="appos"/>
		<feat xlink:href="#sSpan621" value="punct"/>
		<feat xlink:href="#sSpan625" value="appos"/>
		<feat xlink:href="#sSpan629" value="mark"/>
		<feat xlink:href="#sSpan633" value="acl:relcl"/>
		<feat xlink:href="#sSpan635" value="case"/>
		<feat xlink:href="#sSpan640" value="nmod:poss"/>
		<feat xlink:href="#sSpan644" value="obj"/>
		<feat xlink:href="#sSpan646" value="punct"/>
		<feat xlink:href="#sSpan650" value="mark"/>
		<feat xlink:href="#sSpan654" value="nsubj"/>
		<feat xlink:href="#sSpan656" value="ccomp"/>
		<feat xlink:href="#sSpan658" value="case"/>
		<feat xlink:href="#sSpan662" value="obj"/>
		<feat xlink:href="#sSpan664" value="case"/>
		<feat xlink:href="#sSpan668" value="obl"/>
		<feat xlink:href="#sSpan670" value="punct"/>
		<feat xlink:href="#sSpan674" value="nmod:poss"/>
		<feat xlink:href="#sSpan683" value="dislocated"/>
		<feat xlink:href="#sSpan686" value="appos"/>
		<feat xlink:href="#sSpan690" value="det"/>
		<feat xlink:href="#sSpan695" value="appos"/>
		<feat xlink:href="#sSpan697" value="punct"/>
		<feat xlink:href="#sSpan701" value="aux"/>
		<feat xlink:href="#sSpan705" value="det"/>
		<feat xlink:href="#sSpan708" value="nsubj"/>
		<feat xlink:href="#sSpan710" value="case"/>
		<feat xlink:href="#sSpan714" value="nmod"/>
		<feat xlink:href="#sSpan717" value="root"/>
		<feat xlink:href="#sSpan722" value="advmod"/>
		<feat xlink:href="#sSpan727" value="case"/>
		<feat xlink:href="#sSpan731" value="nmod:poss"/>
		<feat xlink:href="#sSpan734" value="obl"/>
		<feat xlink:href="#sSpan736" value="punct"/>
		<feat xlink:href="#sSpan741" value="mark"/>
		<feat xlink:href="#sSpan745" value="aux"/>
		<feat xlink:href="#sSpan749" value="det"/>
		<feat xlink:href="#sSpan754" value="nsubj"/>
		<feat xlink:href="#sSpan756" value="advcl"/>
		<feat xlink:href="#sSpan761" value="obj"/>
		<feat xlink:href="#sSpan764" value="case"/>
		<feat xlink:href="#sSpan768" value="nmod"/>
		<feat xlink:href="#sSpan770" value="advmod"/>
		<feat xlink:href="#sSpan774" value="case"/>
		<feat xlink:href="#sSpan778" value="nmod"/>
		<feat xlink:href="#sSpan781" value="punct"/>
		<feat xlink:href="#sSpan785" value="aux"/>
		<feat xlink:href="#sSpan789" value="nmod:poss"/>
		<feat xlink:href="#sSpan792" value="nsubj"/>
		<feat xlink:href="#sSpan794" value="conj"/>
		<feat xlink:href="#sSpan798" value="case"/>
		<feat xlink:href="#sSpan803" value="obl"/>
		<feat xlink:href="#sSpan805" value="punct"/>
		<feat xlink:href="#sSpan809" value="cc"/>
		<feat xlink:href="#sSpan813" value="dislocated"/>
		<feat xlink:href="#sSpan817" value="obl:npmod"/>
		<feat xlink:href="#sSpan821" value="nmod:poss"/>
		<feat xlink:href="#sSpan823" value="aux"/>
		<feat xlink:href="#sSpan827" value="nsubj"/>
		<feat xlink:href="#sSpan829" value="conj"/>
		<feat xlink:href="#sSpan831" value="case"/>
		<feat xlink:href="#sSpan835" value="obl"/>
		<feat xlink:href="#sSpan837" value="punct"/>
		<feat xlink:href="#sSpan841" value="aux"/>
		<feat xlink:href="#sSpan845" value="nsubj"/>
		<feat xlink:href="#sSpan847" value="advcl"/>
		<feat xlink:href="#sSpan850" value="obj"/>
		<feat xlink:href="#sSpan852" value="case"/>
		<feat xlink:href="#sSpan856" value="obl"/>
		<feat xlink:href="#sSpan858" value="case"/>
		<feat xlink:href="#sSpan862" value="det"/>
		<feat xlink:href="#sSpan865" value="obl"/>
		<feat xlink:href="#sSpan867" value="case"/>
		<feat xlink:href="#sSpan871" value="det"/>
		<feat xlink:href="#sSpan875" value="nmod"/>
		<feat xlink:href="#sSpan877" value="case"/>
		<feat xlink:href="#sSpan881" value="nmod"/>
		<feat xlink:href="#sSpan883" value="punct"/>
		<feat xlink:href="#sSpan887" value="mark"/>
		<feat xlink:href="#sSpan891" value="nsubj"/>
		<feat xlink:href="#sSpan893" value="advcl"/>
		<feat xlink:href="#sSpan896" value="case"/>
		<feat xlink:href="#sSpan900" value="nmod:poss"/>
		<feat xlink:href="#sSpan904" value="obl"/>
		<feat xlink:href="#sSpan906" value="punct"/>
		<feat xlink:href="#sSpan910" value="mark"/>
		<feat xlink:href="#sSpan914" value="advcl"/>
		<feat xlink:href="#sSpan916" value="obj"/>
		<feat xlink:href="#sSpan918" value="case"/>
		<feat xlink:href="#sSpan922" value="fixed"/>
		<feat xlink:href="#sSpan926" value="obl"/>
		<feat xlink:href="#sSpan928" value="punct"/>
		<feat xlink:href="#sSpan933" value="cc"/>
		<feat xlink:href="#sSpan939" value="aux"/>
		<feat xlink:href="#sSpan943" value="nmod:poss"/>
		<feat xlink:href="#sSpan948" value="nsubj"/>
		<feat xlink:href="#sSpan951" value="root"/>
		<feat xlink:href="#sSpan955" value="advmod"/>
		<feat xlink:href="#sSpan959" value="case"/>
		<feat xlink:href="#sSpan963" value="obl"/>
		<feat xlink:href="#sSpan965" value="aux"/>
		<feat xlink:href="#sSpan969" value="nsubj"/>
		<feat xlink:href="#sSpan971" value="advmod"/>
		<feat xlink:href="#sSpan973" value="advcl"/>
		<feat xlink:href="#sSpan975" value="case"/>
		<feat xlink:href="#sSpan980" value="obl"/>
		<feat xlink:href="#sSpan982" value="case"/>
		<feat xlink:href="#sSpan986" value="nmod"/>
		<feat xlink:href="#sSpan988" value="punct"/>
		<feat xlink:href="#sSpan992" value="det"/>
		<feat xlink:href="#sSpan999" value="root"/>
		<feat xlink:href="#sSpan1001" value="case"/>
		<feat xlink:href="#sSpan1005" value="nmod"/>
		<feat xlink:href="#sSpan1007" value="det"/>
		<feat xlink:href="#sSpan1011" value="nsubj"/>
		<feat xlink:href="#sSpan1013" value="mark"/>
		<feat xlink:href="#sSpan1017" value="case"/>
		<feat xlink:href="#sSpan1019" value="det"/>
		<feat xlink:href="#sSpan1023" value="acl:relcl"/>
		<feat xlink:href="#sSpan1025" value="punct"/>
		<feat xlink:href="#sSpan1029" value="cc"/>
		<feat xlink:href="#sSpan1034" value="det"/>
		<feat xlink:href="#sSpan1039" value="conj"/>
		<feat xlink:href="#sSpan1041" value="mark"/>
		<feat xlink:href="#sSpan1045" value="case"/>
		<feat xlink:href="#sSpan1047" value="det"/>
		<feat xlink:href="#sSpan1050" value="acl:relcl"/>
		<feat xlink:href="#sSpan1052" value="punct"/>
		<feat xlink:href="#sSpan1056" value="cc"/>
		<feat xlink:href="#sSpan1060" value="det"/>
		<feat xlink:href="#sSpan1064" value="conj"/>
		<feat xlink:href="#sSpan1066" value="mark"/>
		<feat xlink:href="#sSpan1070" value="acl:relcl"/>
		<feat xlink:href="#sSpan1072" value="punct"/>
		<feat xlink:href="#sSpan1076" value="case"/>
		<feat xlink:href="#sSpan1081" value="obl"/>
		<feat xlink:href="#sSpan1084" value="case"/>
		<feat xlink:href="#sSpan1088" value="nmod"/>
		<feat xlink:href="#sSpan1091" value="discourse"/>
		<feat xlink:href="#sSpan1095" value="punct"/>
		<feat xlink:href="#sSpan1100" value="advmod"/>
		<feat xlink:href="#sSpan1110" value="dislocated"/>
		<feat xlink:href="#sSpan1115" value="det"/>
		<feat xlink:href="#sSpan1120" value="appos"/>
		<feat xlink:href="#sSpan1122" value="root"/>
		<feat xlink:href="#sSpan1126" value="nsubj"/>
		<feat xlink:href="#sSpan1128" value="case"/>
		<feat xlink:href="#sSpan1133" value="obl"/>
		<feat xlink:href="#sSpan1137" value="flat"/>
		<feat xlink:href="#sSpan1142" value="nmod:poss"/>
		<feat xlink:href="#sSpan1146" value="appos"/>
		<feat xlink:href="#sSpan1148" value="punct"/>
		<feat xlink:href="#sSpan1152" value="mark"/>
		<feat xlink:href="#sSpan1156" value="nmod:poss"/>
		<feat xlink:href="#sSpan1159" value="vocative"/>
		<feat xlink:href="#sSpan1162" value="appos"/>
		<feat xlink:href="#sSpan1166" value="nmod:poss"/>
		<feat xlink:href="#sSpan1172" value="ccomp"/>
		<feat xlink:href="#sSpan1175" value="cop"/>
		<feat xlink:href="#sSpan1179" value="mark"/>
		<feat xlink:href="#sSpan1183" value="xcomp"/>
		<feat xlink:href="#sSpan1185" value="obj"/>
		<feat xlink:href="#sSpan1187" value="xcomp"/>
		<feat xlink:href="#sSpan1189" value="det"/>
		<feat xlink:href="#sSpan1194" value="obl"/>
		<feat xlink:href="#sSpan1196" value="case"/>
		<feat xlink:href="#sSpan1200" value="det"/>
		<feat xlink:href="#sSpan1203" value="nmod"/>
		<feat xlink:href="#sSpan1205" value="punct"/>
		<feat xlink:href="#sSpan1209" value="appos"/>
		<feat xlink:href="#sSpan1213" value="mark"/>
		<feat xlink:href="#sSpan1218" value="det"/>
		<feat xlink:href="#sSpan1222" value="nsubj"/>
		<feat xlink:href="#sSpan1224" value="obl:npmod"/>
		<feat xlink:href="#sSpan1228" value="nmod:poss"/>
		<feat xlink:href="#sSpan1231" value="acl:relcl"/>
		<feat xlink:href="#sSpan1236" value="case"/>
		<feat xlink:href="#sSpan1240" value="obl"/>
		<feat xlink:href="#sSpan1242" value="punct"/>
		<feat xlink:href="#sSpan1247" value="advmod"/>
		<feat xlink:href="#sSpan1251" value="det"/>
		<feat xlink:href="#sSpan1258" value="dislocated"/>
		<feat xlink:href="#sSpan1260" value="det"/>
		<feat xlink:href="#sSpan1264" value="appos"/>
		<feat xlink:href="#sSpan1266" value="case"/>
		<feat xlink:href="#sSpan1270" value="nmod"/>
		<feat xlink:href="#sSpan1272" value="punct"/>
		<feat xlink:href="#sSpan1277" value="dislocated"/>
		<feat xlink:href="#sSpan1285" value="flat"/>
		<feat xlink:href="#sSpan1290" value="advmod"/>
		<feat xlink:href="#sSpan1294" value="aux"/>
		<feat xlink:href="#sSpan1299" value="nsubj"/>
		<feat xlink:href="#sSpan1301" value="root"/>
		<feat xlink:href="#sSpan1304" value="advmod"/>
		<feat xlink:href="#sSpan1308" value="case"/>
		<feat xlink:href="#sSpan1312" value="det"/>
		<feat xlink:href="#sSpan1315" value="obl"/>
		<feat xlink:href="#sSpan1317" value="case"/>
		<feat xlink:href="#sSpan1321" value="nmod:poss"/>
		<feat xlink:href="#sSpan1324" value="nmod"/>
		<feat xlink:href="#sSpan1326" value="mark"/>
		<feat xlink:href="#sSpan1330" value="nsubj"/>
		<feat xlink:href="#sSpan1332" value="advcl"/>
		<feat xlink:href="#sSpan1334" value="case"/>
		<feat xlink:href="#sSpan1339" value="obj"/>
		<feat xlink:href="#sSpan1341" value="punct"/>
		<feat xlink:href="#sSpan1345" value="mark"/>
		<feat xlink:href="#sSpan1349" value="nmod:poss"/>
		<feat xlink:href="#sSpan1352" value="vocative"/>
		<feat xlink:href="#sSpan1355" value="cc"/>
		<feat xlink:href="#sSpan1359" value="det"/>
		<feat xlink:href="#sSpan1365" value="conj"/>
		<feat xlink:href="#sSpan1369" value="mark"/>
		<feat xlink:href="#sSpan1373" value="aux"/>
		<feat xlink:href="#sSpan1376" value="nsubj"/>
		<feat xlink:href="#sSpan1378" value="acl:relcl"/>
		<feat xlink:href="#sSpan1380" value="obj"/>
		<feat xlink:href="#sSpan1382" value="case"/>
		<feat xlink:href="#sSpan1386" value="det"/>
		<feat xlink:href="#sSpan1389" value="obl"/>
		<feat xlink:href="#sSpan1391" value="punct"/>
		<feat xlink:href="#sSpan1395" value="mark"/>
		<feat xlink:href="#sSpan1399" value="xcomp"/>
		<feat xlink:href="#sSpan1401" value="obj"/>
		<feat xlink:href="#sSpan1403" value="xcomp"/>
		<feat xlink:href="#sSpan1405" value="case"/>
		<feat xlink:href="#sSpan1409" value="obl"/>
		<feat xlink:href="#sSpan1411" value="case"/>
		<feat xlink:href="#sSpan1415" value="det"/>
		<feat xlink:href="#sSpan1418" value="obj"/>
		<feat xlink:href="#sSpan1420" value="case"/>
		<feat xlink:href="#sSpan1424" value="det"/>
		<feat xlink:href="#sSpan1428" value="obj"/>
		<feat xlink:href="#sSpan1430" value="punct"/>
		<feat xlink:href="#sSpan1434" value="case"/>
		<feat xlink:href="#sSpan1439" value="det"/>
		<feat xlink:href="#sSpan1442" value="obl"/>
		<feat xlink:href="#sSpan1444" value="mark"/>
		<feat xlink:href="#sSpan1448" value="nsubj"/>
		<feat xlink:href="#sSpan1450" value="acl:relcl"/>
		<feat xlink:href="#sSpan1452" value="punct"/>
		<feat xlink:href="#sSpan1456" value="nsubj"/>
		<feat xlink:href="#sSpan1462" value="root"/>
		<feat xlink:href="#sSpan1464" value="det"/>
		<feat xlink:href="#sSpan1467" value="nsubj"/>
		<feat xlink:href="#sSpan1469" value="advmod"/>
		<feat xlink:href="#sSpan1473" value="mark"/>
		<feat xlink:href="#sSpan1478" value="aux"/>
		<feat xlink:href="#sSpan1480" value="nmod:poss"/>
		<feat xlink:href="#sSpan1483" value="nsubj"/>
		<feat xlink:href="#sSpan1485" value="ccomp"/>
		<feat xlink:href="#sSpan1489" value="expl"/>
		<feat xlink:href="#sSpan1491" value="case"/>
		<feat xlink:href="#sSpan1495" value="det"/>
		<feat xlink:href="#sSpan1499" value="obl"/>
		<feat xlink:href="#sSpan1501" value="punct"/>
		<feat xlink:href="#sSpan1505" value="mark"/>
		<feat xlink:href="#sSpan1509" value="dislocated"/>
		<feat xlink:href="#sSpan1512" value="mark"/>
		<feat xlink:href="#sSpan1514" value="aux"/>
		<feat xlink:href="#sSpan1518" value="acl:relcl"/>
		<feat xlink:href="#sSpan1520" value="case"/>
		<feat xlink:href="#sSpan1524" value="obj"/>
		<feat xlink:href="#sSpan1526" value="case"/>
		<feat xlink:href="#sSpan1530" value="det"/>
		<feat xlink:href="#sSpan1533" value="obl"/>
		<feat xlink:href="#sSpan1535" value="advmod"/>
		<feat xlink:href="#sSpan1539" value="case"/>
		<feat xlink:href="#sSpan1543" value="det"/>
		<feat xlink:href="#sSpan1546" value="nmod"/>
		<feat xlink:href="#sSpan1548" value="punct"/>
		<feat xlink:href="#sSpan1552" value="nsubj"/>
		<feat xlink:href="#sSpan1556" value="aux"/>
		<feat xlink:href="#sSpan1559" value="ccomp"/>
		<feat xlink:href="#sSpan1562" value="advmod"/>
		<feat xlink:href="#sSpan1566" value="case"/>
		<feat xlink:href="#sSpan1570" value="obj"/>
		<feat xlink:href="#sSpan1572" value="case"/>
		<feat xlink:href="#sSpan1576" value="det"/>
		<feat xlink:href="#sSpan1579" value="obl"/>
		<feat xlink:href="#sSpan1581" value="advmod"/>
		<feat xlink:href="#sSpan1585" value="case"/>
		<feat xlink:href="#sSpan1589" value="nmod:poss"/>
		<feat xlink:href="#sSpan1592" value="nmod"/>
		<feat xlink:href="#sSpan1594" value="mark"/>
		<feat xlink:href="#sSpan1598" value="case"/>
		<feat xlink:href="#sSpan1601" value="det"/>
		<feat xlink:href="#sSpan1604" value="acl:relcl"/>
		<feat xlink:href="#sSpan1606" value="cc"/>
		<feat xlink:href="#sSpan1610" value="nmod:poss"/>
		<feat xlink:href="#sSpan1614" value="conj"/>
		<feat xlink:href="#sSpan1616" value="mark"/>
		<feat xlink:href="#sSpan1620" value="acl:relcl"/>
		<feat xlink:href="#sSpan1622" value="punct"/>
		<feat xlink:href="#sSpan1626" value="advmod"/>
		<feat xlink:href="#sSpan1633" value="root"/>
		<feat xlink:href="#sSpan1636" value="advmod"/>
		<feat xlink:href="#sSpan1640" value="case"/>
		<feat xlink:href="#sSpan1644" value="obj"/>
		<feat xlink:href="#sSpan1647" value="discourse"/>
		<feat xlink:href="#sSpan1651" value="nmod:poss"/>
		<feat xlink:href="#sSpan1656" value="vocative"/>
		<feat xlink:href="#sSpan1658" value="punct"/>
		<feat xlink:href="#sSpan1662" value="mark"/>
		<feat xlink:href="#sSpan1666" value="aux"/>
		<feat xlink:href="#sSpan1668" value="nsubj"/>
		<feat xlink:href="#sSpan1671" value="advcl"/>
		<feat xlink:href="#sSpan1673" value="case"/>
		<feat xlink:href="#sSpan1678" value="obj"/>
		<feat xlink:href="#sSpan1680" value="obl:npmod"/>
		<feat xlink:href="#sSpan1684" value="nmod:poss"/>
		<feat xlink:href="#sSpan1686" value="punct"/>
		<feat xlink:href="#sSpan1690" value="mark"/>
		<feat xlink:href="#sSpan1697" value="fixed"/>
		<feat xlink:href="#sSpan1701" value="aux"/>
		<feat xlink:href="#sSpan1703" value="det"/>
		<feat xlink:href="#sSpan1706" value="nsubj"/>
		<feat xlink:href="#sSpan1708" value="root"/>
		<feat xlink:href="#sSpan1712" value="case"/>
		<feat xlink:href="#sSpan1716" value="obl"/>
		<feat xlink:href="#sSpan1718" value="case"/>
		<feat xlink:href="#sSpan1725" value="obj"/>
		<feat xlink:href="#sSpan1728" value="mark"/>
		<feat xlink:href="#sSpan1732" value="nsubj"/>
		<feat xlink:href="#sSpan1734" value="advcl"/>
		<feat xlink:href="#sSpan1736" value="case"/>
		<feat xlink:href="#sSpan1740" value="expl"/>
		<feat xlink:href="#sSpan1742" value="punct"/>
		<feat xlink:href="#sSpan1746" value="mark"/>
		<feat xlink:href="#sSpan1750" value="ccomp"/>
		<feat xlink:href="#sSpan1752" value="expl"/>
		<feat xlink:href="#sSpan1754" value="case"/>
		<feat xlink:href="#sSpan1758" value="det"/>
		<feat xlink:href="#sSpan1761" value="obl"/>
		<feat xlink:href="#sSpan1763" value="case"/>
		<feat xlink:href="#sSpan1767" value="det"/>
		<feat xlink:href="#sSpan1773" value="nmod"/>
		<feat xlink:href="#sSpan1775" value="punct"/>
		<feat xlink:href="#sSpan1779" value="mark"/>
		<feat xlink:href="#sSpan1783" value="advmod"/>
		<feat xlink:href="#sSpan1785" value="ccomp"/>
		<feat xlink:href="#sSpan1787" value="mark"/>
		<feat xlink:href="#sSpan1791" value="nsubj"/>
		<feat xlink:href="#sSpan1793" value="advcl"/>
		<feat xlink:href="#sSpan1796" value="case"/>
		<feat xlink:href="#sSpan1800" value="det"/>
		<feat xlink:href="#sSpan1804" value="obj"/>
		<feat xlink:href="#sSpan1806" value="punct"/>
		<feat xlink:href="#sSpan1810" value="ccomp"/>
		<feat xlink:href="#sSpan1816" value="mark"/>
		<feat xlink:href="#sSpan1820" value="acl:relcl"/>
		<feat xlink:href="#sSpan1822" value="case"/>
		<feat xlink:href="#sSpan1826" value="det"/>
		<feat xlink:href="#sSpan1829" value="obj"/>
		<feat xlink:href="#sSpan1832" value="case"/>
		<feat xlink:href="#sSpan1836" value="obl"/>
		<feat xlink:href="#sSpan1839" value="mark"/>
		<feat xlink:href="#sSpan1841" value="aux"/>
		<feat xlink:href="#sSpan1843" value="nsubj"/>
		<feat xlink:href="#sSpan1845" value="acl:relcl"/>
		<feat xlink:href="#sSpan1847" value="cc"/>
		<feat xlink:href="#sSpan1853" value="advmod"/>
		<feat xlink:href="#sSpan1858" value="root"/>
		<feat xlink:href="#sSpan1860" value="obj"/>
		<feat xlink:href="#sSpan1863" value="nmod:poss"/>
		<feat xlink:href="#sSpan1865" value="advmod"/>
		<feat xlink:href="#sSpan1869" value="case"/>
		<feat xlink:href="#sSpan1873" value="det"/>
		<feat xlink:href="#sSpan1876" value="obl"/>
		<feat xlink:href="#sSpan1878" value="punct"/>
		<feat xlink:href="#sSpan1882" value="aux"/>
		<feat xlink:href="#sSpan1886" value="nsubj"/>
		<feat xlink:href="#sSpan1888" value="advcl"/>
		<feat xlink:href="#sSpan1890" value="case"/>
		<feat xlink:href="#sSpan1895" value="det"/>
		<feat xlink:href="#sSpan1898" value="obl"/>
		<feat xlink:href="#sSpan1900" value="cc"/>
		<feat xlink:href="#sSpan1904" value="det"/>
		<feat xlink:href="#sSpan1907" value="conj"/>
		<feat xlink:href="#sSpan1909" value="cc"/>
		<feat xlink:href="#sSpan1913" value="det"/>
		<feat xlink:href="#sSpan1915" value="det"/>
		<feat xlink:href="#sSpan1918" value="conj"/>
		<feat xlink:href="#sSpan1920" value="punct"/>
		<feat xlink:href="#sSpan1924" value="cc"/>
		<feat xlink:href="#sSpan1928" value="det"/>
		<feat xlink:href="#sSpan1931" value="conj"/>
		<feat xlink:href="#sSpan1933" value="case"/>
		<feat xlink:href="#sSpan1937" value="det"/>
		<feat xlink:href="#sSpan1941" value="nmod"/>
		<feat xlink:href="#sSpan1943" value="punct"/>
		<feat xlink:href="#sSpan1947" value="cc"/>
		<feat xlink:href="#sSpan1951" value="det"/>
		<feat xlink:href="#sSpan1956" value="dislocated"/>
		<feat xlink:href="#sSpan1958" value="case"/>
		<feat xlink:href="#sSpan1962" value="det"/>
		<feat xlink:href="#sSpan1965" value="nmod"/>
		<feat xlink:href="#sSpan1967" value="punct"/>
		<feat xlink:href="#sSpan1971" value="aux"/>
		<feat xlink:href="#sSpan1975" value="nsubj"/>
		<feat xlink:href="#sSpan1977" value="advcl"/>
		<feat xlink:href="#sSpan1979" value="case"/>
		<feat xlink:href="#sSpan1984" value="obl"/>
		<feat xlink:href="#sSpan1986" value="punct"/>
		<feat xlink:href="#sSpan1990" value="mark"/>
		<feat xlink:href="#sSpan1994" value="case"/>
		<feat xlink:href="#sSpan1996" value="det"/>
		<feat xlink:href="#sSpan1999" value="obl"/>
		<feat xlink:href="#sSpan2001" value="mark"/>
		<feat xlink:href="#sSpan2005" value="acl:relcl"/>
		<feat xlink:href="#sSpan2007" value="nsubj"/>
		<feat xlink:href="#sSpan2011" value="aux"/>
		<feat xlink:href="#sSpan2014" value="ccomp"/>
		<feat xlink:href="#sSpan2016" value="case"/>
		<feat xlink:href="#sSpan2021" value="obj"/>
		<feat xlink:href="#sSpan2023" value="parataxis"/>
		<feat xlink:href="#sSpan2027" value="det"/>
		<feat xlink:href="#sSpan2030" value="obj"/>
		<feat xlink:href="#sSpan2032" value="punct"/>
		<feat xlink:href="#sSpan2036" value="advmod"/>
		<feat xlink:href="#sSpan2042" value="advmod"/>
		<feat xlink:href="#sSpan2046" value="nmod:poss"/>
		<feat xlink:href="#sSpan2051" value="vocative"/>
		<feat xlink:href="#sSpan2053" value="advmod"/>
		<feat xlink:href="#sSpan2057" value="root"/>
		<feat xlink:href="#sSpan2061" value="case"/>
		<feat xlink:href="#sSpan2065" value="obj"/>
		<feat xlink:href="#sSpan2067" value="punct"/>
		<feat xlink:href="#sSpan2071" value="aux"/>
		<feat xlink:href="#sSpan2075" value="det"/>
		<feat xlink:href="#sSpan2078" value="nsubj"/>
		<feat xlink:href="#sSpan2081" value="advcl"/>
		<feat xlink:href="#sSpan2085" value="case"/>
		<feat xlink:href="#sSpan2089" value="obl"/>
		<feat xlink:href="#sSpan2091" value="punct"/>
		<feat xlink:href="#sSpan2095" value="case"/>
		<feat xlink:href="#sSpan2101" value="det"/>
		<feat xlink:href="#sSpan2104" value="obl"/>
		<feat xlink:href="#sSpan2106" value="case"/>
		<feat xlink:href="#sSpan2110" value="det"/>
		<feat xlink:href="#sSpan2113" value="nmod"/>
		<feat xlink:href="#sSpan2116" value="discourse"/>
		<feat xlink:href="#sSpan2120" value="nmod:poss"/>
		<feat xlink:href="#sSpan2125" value="vocative"/>
		<feat xlink:href="#sSpan2127" value="nsubj"/>
		<feat xlink:href="#sSpan2131" value="root"/>
		<feat xlink:href="#sSpan2133" value="obj"/>
		<feat xlink:href="#sSpan2135" value="nmod:poss"/>
		<feat xlink:href="#sSpan2137" value="case"/>
		<feat xlink:href="#sSpan2142" value="obl"/>
		<feat xlink:href="#sSpan2144" value="punct"/>
		<feat xlink:href="#sSpan2148" value="mark"/>
		<feat xlink:href="#sSpan2152" value="ccomp"/>
		<feat xlink:href="#sSpan2154" value="nsubj"/>
		<feat xlink:href="#sSpan2156" value="case"/>
		<feat xlink:href="#sSpan2160" value="obl"/>
		<feat xlink:href="#sSpan2162" value="mark"/>
		<feat xlink:href="#sSpan2166" value="aux"/>
		<feat xlink:href="#sSpan2168" value="nsubj"/>
		<feat xlink:href="#sSpan2170" value="advcl"/>
		<feat xlink:href="#sSpan2172" value="obj"/>
		<feat xlink:href="#sSpan2174" value="punct"/>
		<feat xlink:href="#sSpan2178" value="det"/>
		<feat xlink:href="#sSpan2182" value="obl"/>
		<feat xlink:href="#sSpan2184" value="case"/>
		<feat xlink:href="#sSpan2189" value="nmod"/>
		<feat xlink:href="#sSpan2191" value="mark"/>
		<feat xlink:href="#sSpan2196" value="aux"/>
		<feat xlink:href="#sSpan2198" value="nsubj"/>
		<feat xlink:href="#sSpan2200" value="advcl"/>
		<feat xlink:href="#sSpan2202" value="obj"/>
		<feat xlink:href="#sSpan2204" value="aux"/>
		<feat xlink:href="#sSpan2208" value="nsubj"/>
		<feat xlink:href="#sSpan2210" value="advcl"/>
		<feat xlink:href="#sSpan2212" value="aux"/>
		<feat xlink:href="#sSpan2216" value="nsubj"/>
		<feat xlink:href="#sSpan2219" value="advcl"/>
		<feat xlink:href="#sSpan2223" value="punct"/>
		<feat xlink:href="#sSpan2227" value="dislocated"/>
		<feat xlink:href="#sSpan2235" value="advmod"/>
		<feat xlink:href="#sSpan2240" value="mark"/>
		<feat xlink:href="#sSpan2244" value="nsubj"/>
		<feat xlink:href="#sSpan2246" value="root"/>
		<feat xlink:href="#sSpan2248" value="case"/>
		<feat xlink:href="#sSpan2252" value="expl"/>
		<feat xlink:href="#sSpan2254" value="case"/>
		<feat xlink:href="#sSpan2259" value="dislocated"/>
		<feat xlink:href="#sSpan2263" value="flat"/>
		<feat xlink:href="#sSpan2267" value="punct"/>
		<feat xlink:href="#sSpan2271" value="mark"/>
		<feat xlink:href="#sSpan2275" value="det"/>
		<feat xlink:href="#sSpan2279" value="nsubj"/>
		<feat xlink:href="#sSpan2282" value="ccomp"/>
		<feat xlink:href="#sSpan2286" value="case"/>
		<feat xlink:href="#sSpan2290" value="obl"/>
		<feat xlink:href="#sSpan2292" value="case"/>
		<feat xlink:href="#sSpan2296" value="nmod:poss"/>
		<feat xlink:href="#sSpan2299" value="obl"/>
		<feat xlink:href="#sSpan2301" value="punct"/>
		<feat xlink:href="#sSpan2306" value="advmod"/>
		<feat xlink:href="#sSpan2312" value="advmod"/>
		<feat xlink:href="#sSpan2316" value="root"/>
		<feat xlink:href="#sSpan2321" value="nsubj"/>
		<feat xlink:href="#sSpan2323" value="case"/>
		<feat xlink:href="#sSpan2328" value="dislocated"/>
		<feat xlink:href="#sSpan2331" value="punct"/>
		<feat xlink:href="#sSpan2335" value="mark"/>
		<feat xlink:href="#sSpan2341" value="discourse"/>
		<feat xlink:href="#sSpan2343" value="nmod:poss"/>
		<feat xlink:href="#sSpan2348" value="vocative"/>
		<feat xlink:href="#sSpan2351" value="appos"/>
		<feat xlink:href="#sSpan2356" value="punct"/>
		<feat xlink:href="#sSpan2360" value="ccomp"/>
		<feat xlink:href="#sSpan2364" value="case"/>
		<feat xlink:href="#sSpan2368" value="obl"/>
		<feat xlink:href="#sSpan2370" value="aux"/>
		<feat xlink:href="#sSpan2374" value="nsubj"/>
		<feat xlink:href="#sSpan2377" value="advcl"/>
		<feat xlink:href="#sSpan2381" value="aux"/>
		<feat xlink:href="#sSpan2385" value="nsubj"/>
		<feat xlink:href="#sSpan2387" value="advcl"/>
		<feat xlink:href="#sSpan2390" value="mark"/>
		<feat xlink:href="#sSpan2394" value="nsubj"/>
		<feat xlink:href="#sSpan2397" value="advcl"/>
		<feat xlink:href="#sSpan2400" value="case"/>
		<feat xlink:href="#sSpan2404" value="det"/>
		<feat xlink:href="#sSpan2407" value="obl"/>
		<feat xlink:href="#sSpan2409" value="punct"/>
		<feat xlink:href="#sSpan2413" value="advmod"/>
		<feat xlink:href="#sSpan2419" value="aux"/>
		<feat xlink:href="#sSpan2423" value="nsubj"/>
		<feat xlink:href="#sSpan2426" value="root"/>
		<feat xlink:href="#sSpan2428" value="case"/>
		<feat xlink:href="#sSpan2432" value="obj"/>
		<feat xlink:href="#sSpan2434" value="advmod"/>
		<feat xlink:href="#sSpan2439" value="case"/>
		<feat xlink:href="#sSpan2443" value="nmod:poss"/>
		<feat xlink:href="#sSpan2447" value="obl"/>
		<feat xlink:href="#sSpan2450" value="punct"/>
		<feat xlink:href="#sSpan2454" value="root"/>
		<feat xlink:href="#sSpan2460" value="det"/>
		<feat xlink:href="#sSpan2462" value="obj"/>
		<feat xlink:href="#sSpan2465" value="discourse"/>
		<feat xlink:href="#sSpan2469" value="nmod:poss"/>
		<feat xlink:href="#sSpan2474" value="vocative"/>
		<feat xlink:href="#sSpan2477" value="appos"/>
		<feat xlink:href="#sSpan2482" value="mark"/>
		<feat xlink:href="#sSpan2486" value="aux"/>
		<feat xlink:href="#sSpan2488" value="nsubj"/>
		<feat xlink:href="#sSpan2490" value="ccomp"/>
		<feat xlink:href="#sSpan2492" value="case"/>
		<feat xlink:href="#sSpan2496" value="obl"/>
		<feat xlink:href="#sSpan2498" value="case"/>
		<feat xlink:href="#sSpan2502" value="nmod:poss"/>
		<feat xlink:href="#sSpan2505" value="obl"/>
		<feat xlink:href="#sSpan2507" value="punct"/>
		<feat xlink:href="#sSpan2511" value="nsubj"/>
		<feat xlink:href="#sSpan2517" value="aux"/>
		<feat xlink:href="#sSpan2519" value="root"/>
		<feat xlink:href="#sSpan2523" value="obj"/>
		<feat xlink:href="#sSpan2526" value="advmod"/>
		<feat xlink:href="#sSpan2530" value="case"/>
		<feat xlink:href="#sSpan2534" value="obl"/>
		<feat xlink:href="#sSpan2536" value="case"/>
		<feat xlink:href="#sSpan2540" value="det"/>
		<feat xlink:href="#sSpan2543" value="det"/>
		<feat xlink:href="#sSpan2545" value="obl"/>
		<feat xlink:href="#sSpan2547" value="mark"/>
		<feat xlink:href="#sSpan2551" value="acl:relcl"/>
		<feat xlink:href="#sSpan2553" value="punct"/>
		<feat xlink:href="#sSpan2557" value="root"/>
		<feat xlink:href="#sSpan2564" value="nsubj"/>
		<feat xlink:href="#sSpan2568" value="flat"/>
		<feat xlink:href="#sSpan2573" value="case"/>
		<feat xlink:href="#sSpan2577" value="nmod:poss"/>
		<feat xlink:href="#sSpan2580" value="obl"/>
		<feat xlink:href="#sSpan2582" value="punct"/>
		<feat xlink:href="#sSpan2586" value="mark"/>
		<feat xlink:href="#sSpan2590" value="aux"/>
		<feat xlink:href="#sSpan2592" value="nsubj"/>
		<feat xlink:href="#sSpan2594" value="ccomp"/>
		<feat xlink:href="#sSpan2596" value="obj"/>
		<feat xlink:href="#sSpan2598" value="case"/>
		<feat xlink:href="#sSpan2602" value="obl"/>
		<feat xlink:href="#sSpan2606" value="cc"/>
		<feat xlink:href="#sSpan2612" value="conj"/>
		<feat xlink:href="#sSpan2617" value="punct"/>
		<feat xlink:href="#sSpan2622" value="cc"/>
		<feat xlink:href="#sSpan2626" value="mark"/>
		<feat xlink:href="#sSpan2630" value="nsubj"/>
		<feat xlink:href="#sSpan2633" value="conj"/>
		<feat xlink:href="#sSpan2635" value="case"/>
		<feat xlink:href="#sSpan2639" value="expl"/>
		<feat xlink:href="#sSpan2641" value="case"/>
		<feat xlink:href="#sSpan2645" value="obl"/>
		<feat xlink:href="#sSpan2647" value="mark"/>
		<feat xlink:href="#sSpan2651" value="aux"/>
		<feat xlink:href="#sSpan2654" value="nsubj"/>
		<feat xlink:href="#sSpan2657" value="ccomp"/>
		<feat xlink:href="#sSpan2659" value="case"/>
		<feat xlink:href="#sSpan2663" value="det"/>
		<feat xlink:href="#sSpan2666" value="obl"/>
		<feat xlink:href="#sSpan2668" value="punct"/>
		<feat xlink:href="#sSpan2673" value="root"/>
		<feat xlink:href="#sSpan2679" value="nmod:poss"/>
		<feat xlink:href="#sSpan2684" value="vocative"/>
		<feat xlink:href="#sSpan2686" value="case"/>
		<feat xlink:href="#sSpan2690" value="nmod"/>
		<feat xlink:href="#sSpan2692" value="punct"/>
		<feat xlink:href="#sSpan2696" value="det"/>
		<feat xlink:href="#sSpan2704" value="dislocated"/>
		<feat xlink:href="#sSpan2706" value="mark"/>
		<feat xlink:href="#sSpan2710" value="nsubj"/>
		<feat xlink:href="#sSpan2712" value="acl:relcl"/>
		<feat xlink:href="#sSpan2714" value="case"/>
		<feat xlink:href="#sSpan2718" value="obj"/>
		<feat xlink:href="#sSpan2720" value="det"/>
		<feat xlink:href="#sSpan2725" value="nsubj"/>
		<feat xlink:href="#sSpan2727" value="root"/>
		<feat xlink:href="#sSpan2731" value="case"/>
		<feat xlink:href="#sSpan2736" value="obj"/>
		<feat xlink:href="#sSpan2738" value="punct"/>
		<feat xlink:href="#sSpan2742" value="det"/>
		<feat xlink:href="#sSpan2748" value="nsubj"/>
		<feat xlink:href="#sSpan2751" value="advmod"/>
		<feat xlink:href="#sSpan2755" value="cc"/>
		<feat xlink:href="#sSpan2759" value="det"/>
		<feat xlink:href="#sSpan2762" value="conj"/>
		<feat xlink:href="#sSpan2764" value="root"/>
		<feat xlink:href="#sSpan2769" value="case"/>
		<feat xlink:href="#sSpan2773" value="fixed"/>
		<feat xlink:href="#sSpan2778" value="obl"/>
		<feat xlink:href="#sSpan2780" value="punct"/>
		<feat xlink:href="#sSpan2784" value="mark"/>
		<feat xlink:href="#sSpan2789" value="fixed"/>
		<feat xlink:href="#sSpan2793" value="aux"/>
		<feat xlink:href="#sSpan2795" value="nsubj"/>
		<feat xlink:href="#sSpan2797" value="advcl"/>
		<feat xlink:href="#sSpan2799" value="expl"/>
		<feat xlink:href="#sSpan2801" value="case"/>
		<feat xlink:href="#sSpan2807" value="dislocated"/>
		<feat xlink:href="#sSpan2810" value="punct"/>
		<feat xlink:href="#sSpan2814" value="mark"/>
		<feat xlink:href="#sSpan2818" value="nsubj"/>
		<feat xlink:href="#sSpan2821" value="mark"/>
		<feat xlink:href="#sSpan2823" value="case"/>
		<feat xlink:href="#sSpan2825" value="det"/>
		<feat xlink:href="#sSpan2830" value="acl:relcl"/>
		<feat xlink:href="#sSpan2832" value="cc"/>
		<feat xlink:href="#sSpan2836" value="conj"/>
		<feat xlink:href="#sSpan2839" value="mark"/>
		<feat xlink:href="#sSpan2841" value="acl:relcl"/>
		<feat xlink:href="#sSpan2844" value="case"/>
		<feat xlink:href="#sSpan2848" value="det"/>
		<feat xlink:href="#sSpan2852" value="obl"/>
		<feat xlink:href="#sSpan2854" value="det"/>
		<feat xlink:href="#sSpan2859" value="ccomp"/>
		<feat xlink:href="#sSpan2861" value="case"/>
		<feat xlink:href="#sSpan2865" value="nmod"/>
		<feat xlink:href="#sSpan2868" value="cop"/>
		<feat xlink:href="#sSpan2872" value="mark"/>
		<feat xlink:href="#sSpan2874" value="case"/>
		<feat xlink:href="#sSpan2876" value="acl:relcl"/>
		<feat xlink:href="#sSpan2878" value="case"/>
		<feat xlink:href="#sSpan2882" value="det"/>
		<feat xlink:href="#sSpan2885" value="nmod"/>
		<feat xlink:href="#sSpan2887" value="punct"/>
		<feat xlink:href="#sSpan2892" value="advmod"/>
		<feat xlink:href="#sSpan2898" value="nmod:poss"/>
		<feat xlink:href="#sSpan2903" value="root"/>
		<feat xlink:href="#sSpan2905" value="punct"/>
		<feat xlink:href="#sSpan2909" value="appos"/>
		<feat xlink:href="#sSpan2915" value="mark"/>
		<feat xlink:href="#sSpan2917" value="acl:relcl"/>
		<feat xlink:href="#sSpan2919" value="case"/>
		<feat xlink:href="#sSpan2923" value="det"/>
		<feat xlink:href="#sSpan2926" value="obj"/>
		<feat xlink:href="#sSpan2928" value="punct"/>
		<feat xlink:href="#sSpan2932" value="cc"/>
		<feat xlink:href="#sSpan2936" value="obl"/>
		<feat xlink:href="#sSpan2939" value="mark"/>
		<feat xlink:href="#sSpan2942" value="acl:relcl"/>
		<feat xlink:href="#sSpan2944" value="cc"/>
		<feat xlink:href="#sSpan2948" value="conj"/>
		<feat xlink:href="#sSpan2952" value="mark"/>
		<feat xlink:href="#sSpan2954" value="acl:relcl"/>
		<feat xlink:href="#sSpan2956" value="case"/>
		<feat xlink:href="#sSpan2960" value="obj"/>
		<feat xlink:href="#sSpan2962" value="punct"/>
		<feat xlink:href="#sSpan2966" value="det"/>
		<feat xlink:href="#sSpan2971" value="appos"/>
		<feat xlink:href="#sSpan2973" value="case"/>
		<feat xlink:href="#sSpan2977" value="nmod"/>
		<feat xlink:href="#sSpan2979" value="cop"/>
		<feat xlink:href="#sSpan2983" value="mark"/>
		<feat xlink:href="#sSpan2985" value="acl:relcl"/>
		<feat xlink:href="#sSpan2987" value="case"/>
		<feat xlink:href="#sSpan2992" value="obj"/>
		<feat xlink:href="#sSpan2994" value="case"/>
		<feat xlink:href="#sSpan2998" value="det"/>
		<feat xlink:href="#sSpan3001" value="obl"/>
		<feat xlink:href="#sSpan3003" value="root"/>
		<feat xlink:href="#sSpan3009" value="advmod"/>
		<feat xlink:href="#sSpan3014" value="discourse"/>
		<feat xlink:href="#sSpan3018" value="nmod:poss"/>
		<feat xlink:href="#sSpan3023" value="vocative"/>
		<feat xlink:href="#sSpan3025" value="punct"/>
		<feat xlink:href="#sSpan3029" value="root"/>
		<feat xlink:href="#sSpan3035" value="obj"/>
		<feat xlink:href="#sSpan3037" value="advmod"/>
		<feat xlink:href="#sSpan3042" value="case"/>
		<feat xlink:href="#sSpan3046" value="det"/>
		<feat xlink:href="#sSpan3049" value="obl"/>
		<feat xlink:href="#sSpan3051" value="mark"/>
		<feat xlink:href="#sSpan3055" value="acl:relcl"/>
		<feat xlink:href="#sSpan3058" value="advmod"/>
		<feat xlink:href="#sSpan3062" value="case"/>
		<feat xlink:href="#sSpan3066" value="det"/>
		<feat xlink:href="#sSpan3069" value="obl"/>
		<feat xlink:href="#sSpan3071" value="punct"/>
		<feat xlink:href="#sSpan3075" value="root"/>
		<feat xlink:href="#sSpan3081" value="case"/>
		<feat xlink:href="#sSpan3085" value="det"/>
		<feat xlink:href="#sSpan3090" value="obl"/>
		<feat xlink:href="#sSpan3092" value="case"/>
		<feat xlink:href="#sSpan3096" value="det"/>
		<feat xlink:href="#sSpan3099" value="nmod"/>
		<feat xlink:href="#sSpan3101" value="punct"/>
		<feat xlink:href="#sSpan3105" value="aux"/>
		<feat xlink:href="#sSpan3109" value="det"/>
		<feat xlink:href="#sSpan3113" value="nsubj"/>
		<feat xlink:href="#sSpan3115" value="advcl"/>
		<feat xlink:href="#sSpan3120" value="advmod"/>
		<feat xlink:href="#sSpan3124" value="mark"/>
		<feat xlink:href="#sSpan3130" value="ccomp"/>
		<feat xlink:href="#sSpan3132" value="case"/>
		<feat xlink:href="#sSpan3138" value="obj"/>
		<feat xlink:href="#sSpan3141" value="punct"/>
		<feat xlink:href="#sSpan3146" value="dislocated"/>
		<feat xlink:href="#sSpan3153" value="advmod"/>
		<feat xlink:href="#sSpan3157" value="det"/>
		<feat xlink:href="#sSpan3162" value="conj"/>
		<feat xlink:href="#sSpan3164" value="punct"/>
		<feat xlink:href="#sSpan3168" value="aux"/>
		<feat xlink:href="#sSpan3172" value="nsubj"/>
		<feat xlink:href="#sSpan3174" value="parataxis"/>
		<feat xlink:href="#sSpan3176" value="case"/>
		<feat xlink:href="#sSpan3180" value="det"/>
		<feat xlink:href="#sSpan3184" value="obj"/>
		<feat xlink:href="#sSpan3186" value="aux"/>
		<feat xlink:href="#sSpan3190" value="nsubj"/>
		<feat xlink:href="#sSpan3192" value="parataxis"/>
		<feat xlink:href="#sSpan3194" value="case"/>
		<feat xlink:href="#sSpan3198" value="nmod:poss"/>
		<feat xlink:href="#sSpan3201" value="obj"/>
		<feat xlink:href="#sSpan3203" value="punct"/>
		<feat xlink:href="#sSpan3207" value="aux"/>
		<feat xlink:href="#sSpan3213" value="nsubj"/>
		<feat xlink:href="#sSpan3215" value="root"/>
		<feat xlink:href="#sSpan3217" value="obj"/>
		<feat xlink:href="#sSpan3219" value="case"/>
		<feat xlink:href="#sSpan3224" value="obl"/>
		<feat xlink:href="#sSpan3228" value="case"/>
		<feat xlink:href="#sSpan3233" value="det"/>
		<feat xlink:href="#sSpan3236" value="obl"/>
		<feat xlink:href="#sSpan3238" value="case"/>
		<feat xlink:href="#sSpan3242" value="det"/>
		<feat xlink:href="#sSpan3246" value="nmod"/>
		<feat xlink:href="#sSpan3248" value="cc"/>
		<feat xlink:href="#sSpan3252" value="det"/>
		<feat xlink:href="#sSpan3256" value="conj"/>
		<feat xlink:href="#sSpan3258" value="punct"/>
		<feat xlink:href="#sSpan3262" value="aux"/>
		<feat xlink:href="#sSpan3268" value="nsubj"/>
		<feat xlink:href="#sSpan3270" value="root"/>
		<feat xlink:href="#sSpan3273" value="case"/>
		<feat xlink:href="#sSpan3277" value="det"/>
		<feat xlink:href="#sSpan3281" value="obl"/>
		<feat xlink:href="#sSpan3283" value="advmod"/>
		<feat xlink:href="#sSpan3287" value="case"/>
		<feat xlink:href="#sSpan3291" value="det"/>
		<feat xlink:href="#sSpan3294" value="nmod"/>
		<feat xlink:href="#sSpan3296" value="punct"/>
		<feat xlink:href="#sSpan3300" value="nmod:poss"/>
		<feat xlink:href="#sSpan3309" value="dislocated"/>
		<feat xlink:href="#sSpan3312" value="advmod"/>
		<feat xlink:href="#sSpan3316" value="aux"/>
		<feat xlink:href="#sSpan3320" value="nsubj"/>
		<feat xlink:href="#sSpan3322" value="root"/>
		<feat xlink:href="#sSpan3324" value="aux"/>
		<feat xlink:href="#sSpan3330" value="nsubj"/>
		<feat xlink:href="#sSpan3332" value="root"/>
		<feat xlink:href="#sSpan3334" value="mark"/>
		<feat xlink:href="#sSpan3338" value="nsubj"/>
		<feat xlink:href="#sSpan3340" value="advcl"/>
		<feat xlink:href="#sSpan3342" value="case"/>
		<feat xlink:href="#sSpan3346" value="expl"/>
		<feat xlink:href="#sSpan3348" value="punct"/>
		<feat xlink:href="#sSpan3352" value="mark"/>
		<feat xlink:href="#sSpan3356" value="ccomp"/>
		<feat xlink:href="#sSpan3360" value="vocative"/>
		<feat xlink:href="#sSpan3364" value="det"/>
		<feat xlink:href="#sSpan3368" value="dislocated"/>
		<feat xlink:href="#sSpan3370" value="case"/>
		<feat xlink:href="#sSpan3374" value="nmod"/>
		<feat xlink:href="#sSpan3376" value="punct"/>
		<feat xlink:href="#sSpan3380" value="nsubj"/>
		<feat xlink:href="#sSpan3384" value="aux"/>
		<feat xlink:href="#sSpan3386" value="parataxis"/>
		<feat xlink:href="#sSpan3388" value="obj"/>
		<feat xlink:href="#sSpan3390" value="case"/>
		<feat xlink:href="#sSpan3394" value="det"/>
		<feat xlink:href="#sSpan3397" value="obl"/>
		<feat xlink:href="#sSpan3399" value="aux"/>
		<feat xlink:href="#sSpan3404" value="nsubj"/>
		<feat xlink:href="#sSpan3406" value="advcl"/>
		<feat xlink:href="#sSpan3408" value="obj"/>
		<feat xlink:href="#sSpan3410" value="punct"/>
		<feat xlink:href="#sSpan3415" value="mark"/>
		<feat xlink:href="#sSpan3421" value="advmod"/>
		<feat xlink:href="#sSpan3425" value="nsubj"/>
		<feat xlink:href="#sSpan3427" value="root"/>
		<feat xlink:href="#sSpan3429" value="advmod"/>
		<feat xlink:href="#sSpan3433" value="mark"/>
		<feat xlink:href="#sSpan3437" value="aux"/>
		<feat xlink:href="#sSpan3439" value="nsubj"/>
		<feat xlink:href="#sSpan3441" value="ccomp"/>
		<feat xlink:href="#sSpan3443" value="mark"/>
		<feat xlink:href="#sSpan3447" value="nsubj"/>
		<feat xlink:href="#sSpan3449" value="advcl"/>
		<feat xlink:href="#sSpan3451" value="case"/>
		<feat xlink:href="#sSpan3456" value="obl"/>
		<feat xlink:href="#sSpan3459" value="mark"/>
		<feat xlink:href="#sSpan3461" value="nsubj"/>
		<feat xlink:href="#sSpan3463" value="case"/>
		<feat xlink:href="#sSpan3467" value="acl:relcl"/>
		<feat xlink:href="#sSpan3469" value="punct"/>
		<feat xlink:href="#sSpan3473" value="mark"/>
		<feat xlink:href="#sSpan3477" value="nsubj"/>
		<feat xlink:href="#sSpan3480" value="advcl"/>
		<feat xlink:href="#sSpan3483" value="mark"/>
		<feat xlink:href="#sSpan3488" value="xcomp"/>
		<feat xlink:href="#sSpan3492" value="case"/>
		<feat xlink:href="#sSpan3496" value="det"/>
		<feat xlink:href="#sSpan3499" value="obl"/>
		<feat xlink:href="#sSpan3501" value="mark"/>
		<feat xlink:href="#sSpan3508" value="ccomp"/>
		<feat xlink:href="#sSpan3511" value="punct"/>
		<feat xlink:href="#sSpan3515" value="advmod"/>
		<feat xlink:href="#sSpan3521" value="root"/>
		<feat xlink:href="#sSpan3523" value="advmod"/>
		<feat xlink:href="#sSpan3528" value="discourse"/>
		<feat xlink:href="#sSpan3533" value="vocative"/>
		<feat xlink:href="#sSpan3538" value="mark"/>
		<feat xlink:href="#sSpan3542" value="nsubj"/>
		<feat xlink:href="#sSpan3544" value="aux"/>
		<feat xlink:href="#sSpan3546" value="aux"/>
		<feat xlink:href="#sSpan3549" value="ccomp"/>
		<feat xlink:href="#sSpan3552" value="case"/>
		<feat xlink:href="#sSpan3557" value="obl"/>
		<feat xlink:href="#sSpan3559" value="punct"/>
		<feat xlink:href="#sSpan3563" value="det"/>
		<feat xlink:href="#sSpan3570" value="dislocated"/>
		<feat xlink:href="#sSpan3573" value="advmod"/>
		<feat xlink:href="#sSpan3577" value="case"/>
		<feat xlink:href="#sSpan3581" value="nmod:poss"/>
		<feat xlink:href="#sSpan3583" value="nmod"/>
		<feat xlink:href="#sSpan3585" value="aux"/>
		<feat xlink:href="#sSpan3589" value="nsubj"/>
		<feat xlink:href="#sSpan3591" value="root"/>
		<feat xlink:href="#sSpan3593" value="case"/>
		<feat xlink:href="#sSpan3598" value="obl"/>
		<feat xlink:href="#sSpan3600" value="punct"/>
		<feat xlink:href="#sSpan3604" value="aux"/>
		<feat xlink:href="#sSpan3610" value="nsubj"/>
		<feat xlink:href="#sSpan3613" value="root"/>
		<feat xlink:href="#sSpan3616" value="case"/>
		<feat xlink:href="#sSpan3620" value="nmod:poss"/>
		<feat xlink:href="#sSpan3624" value="obj"/>
		<feat xlink:href="#sSpan3626" value="cc"/>
		<feat xlink:href="#sSpan3630" value="nmod:poss"/>
		<feat xlink:href="#sSpan3635" value="conj"/>
		<feat xlink:href="#sSpan3637" value="punct"/>
		<feat xlink:href="#sSpan3641" value="advmod"/>
		<feat xlink:href="#sSpan3647" value="mark"/>
		<feat xlink:href="#sSpan3651" value="nsubj"/>
		<feat xlink:href="#sSpan3654" value="root"/>
		<feat xlink:href="#sSpan3656" value="punct"/>
		<feat xlink:href="#sSpan3660" value="mark"/>
		<feat xlink:href="#sSpan3664" value="aux"/>
		<feat xlink:href="#sSpan3666" value="nsubj"/>
		<feat xlink:href="#sSpan3668" value="ccomp"/>
		<feat xlink:href="#sSpan3670" value="case"/>
		<feat xlink:href="#sSpan3674" value="obl"/>
		<feat xlink:href="#sSpan3676" value="case"/>
		<feat xlink:href="#sSpan3681" value="nmod:poss"/>
		<feat xlink:href="#sSpan3684" value="obj"/>
		<feat xlink:href="#sSpan3686" value="punct"/>
		<feat xlink:href="#sSpan3690" value="aux"/>
		<feat xlink:href="#sSpan3698" value="nsubj"/>
		<feat xlink:href="#sSpan3700" value="root"/>
		<feat xlink:href="#sSpan3702" value="case"/>
		<feat xlink:href="#sSpan3707" value="dislocated"/>
		<feat xlink:href="#sSpan3711" value="flat"/>
		<feat xlink:href="#sSpan3715" value="mark"/>
		<feat xlink:href="#sSpan3719" value="nsubj"/>
		<feat xlink:href="#sSpan3721" value="advcl"/>
		<feat xlink:href="#sSpan3723" value="case"/>
		<feat xlink:href="#sSpan3727" value="expl"/>
		<feat xlink:href="#sSpan3729" value="mark"/>
		<feat xlink:href="#sSpan3733" value="nmod:poss"/>
		<feat xlink:href="#sSpan3736" value="vocative"/>
		<feat xlink:href="#sSpan3739" value="aux"/>
		<feat xlink:href="#sSpan3743" value="det"/>
		<feat xlink:href="#sSpan3747" value="nsubj"/>
		<feat xlink:href="#sSpan3749" value="case"/>
		<feat xlink:href="#sSpan3753" value="det"/>
		<feat xlink:href="#sSpan3758" value="nmod"/>
		<feat xlink:href="#sSpan3760" value="ccomp"/>
		<feat xlink:href="#sSpan3764" value="aux"/>
		<feat xlink:href="#sSpan3768" value="nsubj"/>
		<feat xlink:href="#sSpan3770" value="parataxis"/>
		<feat xlink:href="#sSpan3772" value="case"/>
		<feat xlink:href="#sSpan3777" value="obl"/>
		<feat xlink:href="#sSpan3779" value="punct"/>
		<feat xlink:href="#sSpan3784" value="dislocated"/>
		<feat xlink:href="#sSpan3792" value="advmod"/>
		<feat xlink:href="#sSpan3796" value="root"/>
		<feat xlink:href="#sSpan3800" value="nsubj"/>
		<feat xlink:href="#sSpan3802" value="case"/>
		<feat xlink:href="#sSpan3807" value="obl"/>
		<feat xlink:href="#sSpan3811" value="flat"/>
		<feat xlink:href="#sSpan3815" value="mark"/>
		<feat xlink:href="#sSpan3820" value="advmod"/>
		<feat xlink:href="#sSpan3822" value="nsubj"/>
		<feat xlink:href="#sSpan3824" value="ccomp"/>
		<feat xlink:href="#sSpan3826" value="advmod"/>
		<feat xlink:href="#sSpan3831" value="discourse"/>
		<feat xlink:href="#sSpan3835" value="det"/>
		<feat xlink:href="#sSpan3841" value="vocative"/>
		<feat xlink:href="#sSpan3843" value="punct"/>
		<feat xlink:href="#sSpan3847" value="mark"/>
		<feat xlink:href="#sSpan3851" value="aux"/>
		<feat xlink:href="#sSpan3853" value="det"/>
		<feat xlink:href="#sSpan3857" value="nsubj"/>
		<feat xlink:href="#sSpan3860" value="advcl"/>
		<feat xlink:href="#sSpan3866" value="case"/>
		<feat xlink:href="#sSpan3870" value="nmod:poss"/>
		<feat xlink:href="#sSpan3873" value="obl"/>
		<feat xlink:href="#sSpan3875" value="aux"/>
		<feat xlink:href="#sSpan3879" value="nsubj"/>
		<feat xlink:href="#sSpan3881" value="ccomp"/>
		<feat xlink:href="#sSpan3883" value="obj"/>
		<feat xlink:href="#sSpan3885" value="punct"/>
		<feat xlink:href="#sSpan3890" value="dislocated"/>
		<feat xlink:href="#sSpan3899" value="flat"/>
		<feat xlink:href="#sSpan3904" value="advmod"/>
		<feat xlink:href="#sSpan3908" value="root"/>
		<feat xlink:href="#sSpan3912" value="nsubj"/>
		<feat xlink:href="#sSpan3914" value="case"/>
		<feat xlink:href="#sSpan3918" value="nmod:poss"/>
		<feat xlink:href="#sSpan3921" value="obl"/>
		<feat xlink:href="#sSpan3923" value="punct"/>
		<feat xlink:href="#sSpan3927" value="mark"/>
		<feat xlink:href="#sSpan3931" value="det"/>
		<feat xlink:href="#sSpan3934" value="dislocated"/>
		<feat xlink:href="#sSpan3936" value="mark"/>
		<feat xlink:href="#sSpan3941" value="nsubj"/>
		<feat xlink:href="#sSpan3943" value="ccomp"/>
		<feat xlink:href="#sSpan3945" value="case"/>
		<feat xlink:href="#sSpan3949" value="det"/>
		<feat xlink:href="#sSpan3952" value="obl"/>
		<feat xlink:href="#sSpan3954" value="nsubj"/>
		<feat xlink:href="#sSpan3958" value="nmod:poss"/>
		<feat xlink:href="#sSpan3961" value="advcl"/>
		<feat xlink:href="#sSpan3963" value="punct"/>
		<feat xlink:href="#sSpan3967" value="case"/>
		<feat xlink:href="#sSpan3971" value="det"/>
		<feat xlink:href="#sSpan3974" value="nmod"/>
		<feat xlink:href="#sSpan3976" value="mark"/>
		<feat xlink:href="#sSpan3982" value="nsubj"/>
		<feat xlink:href="#sSpan3984" value="nmod:poss"/>
		<feat xlink:href="#sSpan3987" value="advcl"/>
		<feat xlink:href="#sSpan3989" value="advmod"/>
		<feat xlink:href="#sSpan3993" value="punct"/>
		<feat xlink:href="#sSpan3997" value="mark"/>
		<feat xlink:href="#sSpan4001" value="aux"/>
		<feat xlink:href="#sSpan4003" value="nsubj"/>
		<feat xlink:href="#sSpan4006" value="advcl"/>
		<feat xlink:href="#sSpan4010" value="case"/>
		<feat xlink:href="#sSpan4014" value="det"/>
		<feat xlink:href="#sSpan4018" value="obl"/>
		<feat xlink:href="#sSpan4020" value="punct"/>
		<feat xlink:href="#sSpan4024" value="aux"/>
		<feat xlink:href="#sSpan4030" value="nsubj"/>
		<feat xlink:href="#sSpan4032" value="root"/>
		<feat xlink:href="#sSpan4034" value="case"/>
		<feat xlink:href="#sSpan4038" value="det"/>
		<feat xlink:href="#sSpan4042" value="obj"/>
		<feat xlink:href="#sSpan4044" value="punct"/>
		<feat xlink:href="#sSpan4048" value="aux"/>
		<feat xlink:href="#sSpan4054" value="nsubj"/>
		<feat xlink:href="#sSpan4056" value="root"/>
		<feat xlink:href="#sSpan4058" value="mark"/>
		<feat xlink:href="#sSpan4062" value="nsubj"/>
		<feat xlink:href="#sSpan4064" value="advcl"/>
		<feat xlink:href="#sSpan4066" value="case"/>
		<feat xlink:href="#sSpan4071" value="expl"/>
		<feat xlink:href="#sSpan4073" value="case"/>
		<feat xlink:href="#sSpan4077" value="det"/>
		<feat xlink:href="#sSpan4081" value="dislocated"/>
		<feat xlink:href="#sSpan4084" value="appos"/>
		<feat xlink:href="#sSpan4088" value="punct"/>
		<feat xlink:href="#sSpan4092" value="mark"/>
		<feat xlink:href="#sSpan4096" value="det"/>
		<feat xlink:href="#sSpan4099" value="ccomp"/>
		<feat xlink:href="#sSpan4101" value="case"/>
		<feat xlink:href="#sSpan4106" value="nmod"/>
		<feat xlink:href="#sSpan4109" value="punct"/>
		<feat xlink:href="#sSpan4113" value="mark"/>
		<feat xlink:href="#sSpan4117" value="csubj"/>
		<feat xlink:href="#sSpan4119" value="obj"/>
		<feat xlink:href="#sSpan4122" value="xcomp"/>
		<feat xlink:href="#sSpan4125" value="case"/>
		<feat xlink:href="#sSpan4129" value="obl"/>
		<feat xlink:href="#sSpan4131" value="case"/>
		<feat xlink:href="#sSpan4135" value="det"/>
		<feat xlink:href="#sSpan4138" value="obl"/>
		<feat xlink:href="#sSpan4141" value="cc"/>
		<feat xlink:href="#sSpan4145" value="conj"/>
		<feat xlink:href="#sSpan4150" value="punct"/>
		<feat xlink:href="#sSpan4154" value="aux"/>
		<feat xlink:href="#sSpan4159" value="nsubj"/>
		<feat xlink:href="#sSpan4161" value="advmod"/>
		<feat xlink:href="#sSpan4163" value="advcl"/>
		<feat xlink:href="#sSpan4165" value="case"/>
		<feat xlink:href="#sSpan4169" value="obl"/>
		<feat xlink:href="#sSpan4172" value="advcl"/>
		<feat xlink:href="#sSpan4176" value="case"/>
		<feat xlink:href="#sSpan4180" value="obj"/>
		<feat xlink:href="#sSpan4182" value="punct"/>
		<feat xlink:href="#sSpan4186" value="mark"/>
		<feat xlink:href="#sSpan4190" value="nsubj"/>
		<feat xlink:href="#sSpan4192" value="advcl"/>
		<feat xlink:href="#sSpan4194" value="mark"/>
		<feat xlink:href="#sSpan4199" value="ccomp"/>
		<feat xlink:href="#sSpan4201" value="iobj"/>
		<feat xlink:href="#sSpan4204" value="nsubj"/>
		<feat xlink:href="#sSpan4209" value="case"/>
		<feat xlink:href="#sSpan4213" value="det"/>
		<feat xlink:href="#sSpan4216" value="nmod"/>
		<feat xlink:href="#sSpan4218" value="punct"/>
		<feat xlink:href="#sSpan4222" value="case"/>
		<feat xlink:href="#sSpan4229" value="obl"/>
		<feat xlink:href="#sSpan4232" value="nsubj"/>
		<feat xlink:href="#sSpan4236" value="nmod:poss"/>
		<feat xlink:href="#sSpan4240" value="root"/>
		<feat xlink:href="#sSpan4242" value="advmod"/>
		<feat xlink:href="#sSpan4246" value="punct"/>
		<feat xlink:href="#sSpan4250" value="root"/>
		<feat xlink:href="#sSpan4256" value="nsubj"/>
		<feat xlink:href="#sSpan4258" value="case"/>
		<feat xlink:href="#sSpan4262" value="obl"/>
		<feat xlink:href="#sSpan4264" value="mark"/>
		<feat xlink:href="#sSpan4268" value="ccomp"/>
		<feat xlink:href="#sSpan4270" value="case"/>
		<feat xlink:href="#sSpan4274" value="obl"/>
		<feat xlink:href="#sSpan4276" value="nmod:poss"/>
		<feat xlink:href="#sSpan4281" value="vocative"/>
		<feat xlink:href="#sSpan4284" value="appos"/>
		<feat xlink:href="#sSpan4290" value="punct"/>
		<feat xlink:href="#sSpan4294" value="advmod"/>
		<feat xlink:href="#sSpan4301" value="root"/>
		<feat xlink:href="#sSpan4304" value="case"/>
		<feat xlink:href="#sSpan4308" value="nmod:poss"/>
		<feat xlink:href="#sSpan4312" value="obl"/>
		<feat xlink:href="#sSpan4316" value="amod"/>
		<feat xlink:href="#sSpan4320" value="punct"/>
		<feat xlink:href="#sSpan4324" value="aux"/>
		<feat xlink:href="#sSpan4328" value="nsubj"/>
		<feat xlink:href="#sSpan4331" value="advcl"/>
		<feat xlink:href="#sSpan4335" value="case"/>
		<feat xlink:href="#sSpan4339" value="det"/>
		<feat xlink:href="#sSpan4342" value="obl"/>
		<feat xlink:href="#sSpan4344" value="case"/>
		<feat xlink:href="#sSpan4348" value="det"/>
		<feat xlink:href="#sSpan4352" value="nmod"/>
		<feat xlink:href="#sSpan4354" value="case"/>
		<feat xlink:href="#sSpan4358" value="det"/>
		<feat xlink:href="#sSpan4361" value="nmod"/>
		<feat xlink:href="#sSpan4363" value="punct"/>
		<feat xlink:href="#sSpan4367" value="cc"/>
		<feat xlink:href="#sSpan4371" value="nmod:poss"/>
		<feat xlink:href="#sSpan4376" value="conj"/>
		<feat xlink:href="#sSpan4378" value="obl:npmod"/>
		<feat xlink:href="#sSpan4382" value="nmod:poss"/>
		<feat xlink:href="#sSpan4384" value="punct"/>
		<feat xlink:href="#sSpan4388" value="dislocated"/>
		<feat xlink:href="#sSpan4394" value="obl:npmod"/>
		<feat xlink:href="#sSpan4398" value="aux"/>
		<feat xlink:href="#sSpan4402" value="nsubj"/>
		<feat xlink:href="#sSpan4405" value="root"/>
		<feat xlink:href="#sSpan4407" value="case"/>
		<feat xlink:href="#sSpan4412" value="obl"/>
		<feat xlink:href="#sSpan4414" value="punct"/>
		<feat xlink:href="#sSpan4418" value="cc"/>
		<feat xlink:href="#sSpan4422" value="aux"/>
		<feat xlink:href="#sSpan4426" value="nsubj"/>
		<feat xlink:href="#sSpan4429" value="conj"/>
		<feat xlink:href="#sSpan4432" value="case"/>
		<feat xlink:href="#sSpan4436" value="det"/>
		<feat xlink:href="#sSpan4439" value="obl"/>
		<feat xlink:href="#sSpan4441" value="case"/>
		<feat xlink:href="#sSpan4445" value="det"/>
		<feat xlink:href="#sSpan4448" value="nmod"/>
		<feat xlink:href="#sSpan4450" value="cc"/>
		<feat xlink:href="#sSpan4455" value="nmod:poss"/>
		<feat xlink:href="#sSpan4458" value="conj"/>
		<feat xlink:href="#sSpan4460" value="punct"/>
		<feat xlink:href="#sSpan4464" value="mark"/>
		<feat xlink:href="#sSpan4469" value="fixed"/>
		<feat xlink:href="#sSpan4473" value="aux"/>
		<feat xlink:href="#sSpan4475" value="nsubj"/>
		<feat xlink:href="#sSpan4478" value="advcl"/>
		<feat xlink:href="#sSpan4480" value="case"/>
		<feat xlink:href="#sSpan4484" value="det"/>
		<feat xlink:href="#sSpan4488" value="obj"/>
		<feat xlink:href="#sSpan4490" value="case"/>
		<feat xlink:href="#sSpan4495" value="det"/>
		<feat xlink:href="#sSpan4498" value="nmod"/>
		<feat xlink:href="#sSpan4500" value="punct"/>
		<feat xlink:href="#sSpan4504" value="cc"/>
		<feat xlink:href="#sSpan4508" value="aux"/>
		<feat xlink:href="#sSpan4512" value="nsubj"/>
		<feat xlink:href="#sSpan4515" value="conj"/>
		<feat xlink:href="#sSpan4519" value="case"/>
		<feat xlink:href="#sSpan4523" value="det"/>
		<feat xlink:href="#sSpan4526" value="obl"/>
		<feat xlink:href="#sSpan4528" value="case"/>
		<feat xlink:href="#sSpan4532" value="nmod:poss"/>
		<feat xlink:href="#sSpan4536" value="nmod"/>
		<feat xlink:href="#sSpan4538" value="punct"/>
		<feat xlink:href="#sSpan4542" value="aux"/>
		<feat xlink:href="#sSpan4546" value="nsubj"/>
		<feat xlink:href="#sSpan4548" value="advcl"/>
		<feat xlink:href="#sSpan4550" value="case"/>
		<feat xlink:href="#sSpan4554" value="obj"/>
		<feat xlink:href="#sSpan4557" value="obj"/>
		<feat xlink:href="#sSpan4561" value="case"/>
		<feat xlink:href="#sSpan4566" value="obl"/>
		<feat xlink:href="#sSpan4568" value="case"/>
		<feat xlink:href="#sSpan4572" value="obl"/>
		<feat xlink:href="#sSpan4574" value="punct"/>
		<feat xlink:href="#sSpan4578" value="cc"/>
		<feat xlink:href="#sSpan4583" value="aux"/>
		<feat xlink:href="#sSpan4587" value="det"/>
		<feat xlink:href="#sSpan4590" value="nsubj"/>
		<feat xlink:href="#sSpan4593" value="conj"/>
		<feat xlink:href="#sSpan4597" value="case"/>
		<feat xlink:href="#sSpan4601" value="obl"/>
		<feat xlink:href="#sSpan4603" value="punct"/>
		<feat xlink:href="#sSpan4608" value="cc"/>
		<feat xlink:href="#sSpan4614" value="nsubj"/>
		<feat xlink:href="#sSpan4618" value="advcl"/>
		<feat xlink:href="#sSpan4621" value="case"/>
		<feat xlink:href="#sSpan4625" value="obl"/>
		<feat xlink:href="#sSpan4627" value="punct"/>
		<feat xlink:href="#sSpan4631" value="nsubj"/>
		<feat xlink:href="#sSpan4635" value="aux"/>
		<feat xlink:href="#sSpan4638" value="root"/>
		<feat xlink:href="#sSpan4640" value="case"/>
		<feat xlink:href="#sSpan4644" value="det"/>
		<feat xlink:href="#sSpan4647" value="obj"/>
		<feat xlink:href="#sSpan4649" value="case"/>
		<feat xlink:href="#sSpan4653" value="obl"/>
		<feat xlink:href="#sSpan4655" value="punct"/>
		<feat xlink:href="#sSpan4659" value="aux"/>
		<feat xlink:href="#sSpan4664" value="nsubj"/>
		<feat xlink:href="#sSpan4666" value="advcl"/>
		<feat xlink:href="#sSpan4668" value="obj"/>
		<feat xlink:href="#sSpan4670" value="case"/>
		<feat xlink:href="#sSpan4675" value="obl"/>
		<feat xlink:href="#sSpan4678" value="punct"/>
		<feat xlink:href="#sSpan4682" value="aux"/>
		<feat xlink:href="#sSpan4686" value="nsubj"/>
		<feat xlink:href="#sSpan4688" value="advcl"/>
		<feat xlink:href="#sSpan4690" value="mark"/>
		<feat xlink:href="#sSpan4694" value="nsubj"/>
		<feat xlink:href="#sSpan4696" value="advcl"/>
		<feat xlink:href="#sSpan4698" value="case"/>
		<feat xlink:href="#sSpan4702" value="det"/>
		<feat xlink:href="#sSpan4707" value="obl"/>
		<feat xlink:href="#sSpan4709" value="case"/>
		<feat xlink:href="#sSpan4713" value="det"/>
		<feat xlink:href="#sSpan4716" value="nmod"/>
		<feat xlink:href="#sSpan4718" value="punct"/>
		<feat xlink:href="#sSpan4722" value="advmod"/>
		<feat xlink:href="#sSpan4729" value="root"/>
		<feat xlink:href="#sSpan4733" value="case"/>
		<feat xlink:href="#sSpan4737" value="obl"/>
		<feat xlink:href="#sSpan4740" value="discourse"/>
		<feat xlink:href="#sSpan4745" value="nmod:poss"/>
		<feat xlink:href="#sSpan4750" value="vocative"/>
		<feat xlink:href="#sSpan4752" value="punct"/>
		<feat xlink:href="#sSpan4757" value="cc"/>
		<feat xlink:href="#sSpan4764" value="advmod"/>
		<feat xlink:href="#sSpan4768" value="nsubj"/>
		<feat xlink:href="#sSpan4770" value="root"/>
		<feat xlink:href="#sSpan4772" value="advmod"/>
		<feat xlink:href="#sSpan4776" value="punct"/>
		<feat xlink:href="#sSpan4780" value="mark"/>
		<feat xlink:href="#sSpan4784" value="dislocated"/>
		<feat xlink:href="#sSpan4786" value="cc"/>
		<feat xlink:href="#sSpan4790" value="nmod:poss"/>
		<feat xlink:href="#sSpan4794" value="conj"/>
		<feat xlink:href="#sSpan4796" value="ccomp"/>
		<feat xlink:href="#sSpan4800" value="iobj"/>
		<feat xlink:href="#sSpan4803" value="nsubj"/>
		<feat xlink:href="#sSpan4807" value="case"/>
		<feat xlink:href="#sSpan4811" value="obl"/>
		<feat xlink:href="#sSpan4813" value="punct"/>
		<feat xlink:href="#sSpan4817" value="case"/>
		<feat xlink:href="#sSpan4823" value="det"/>
		<feat xlink:href="#sSpan4826" value="root"/>
		<feat xlink:href="#sSpan4828" value="case"/>
		<feat xlink:href="#sSpan4833" value="det"/>
		<feat xlink:href="#sSpan4838" value="nmod"/>
		<feat xlink:href="#sSpan4840" value="aux"/>
		<feat xlink:href="#sSpan4844" value="nmod:poss"/>
		<feat xlink:href="#sSpan4847" value="nsubj"/>
		<feat xlink:href="#sSpan4849" value="punct"/>
		<feat xlink:href="#sSpan4853" value="advcl"/>
		<feat xlink:href="#sSpan4857" value="mark"/>
		<feat xlink:href="#sSpan4861" value="aux"/>
		<feat xlink:href="#sSpan4863" value="nmod:poss"/>
		<feat xlink:href="#sSpan4868" value="nsubj"/>
		<feat xlink:href="#sSpan4871" value="ccomp"/>
		<feat xlink:href="#sSpan4875" value="case"/>
		<feat xlink:href="#sSpan4879" value="obl"/>
		<feat xlink:href="#sSpan4881" value="case"/>
		<feat xlink:href="#sSpan4885" value="det"/>
		<feat xlink:href="#sSpan4887" value="obl"/>
		<feat xlink:href="#sSpan4889" value="case"/>
		<feat xlink:href="#sSpan4893" value="det"/>
		<feat xlink:href="#sSpan4896" value="nmod"/>
		<feat xlink:href="#sSpan4898" value="punct"/>
		<feat xlink:href="#sSpan4902" value="aux"/>
		<feat xlink:href="#sSpan4907" value="nsubj"/>
		<feat xlink:href="#sSpan4909" value="parataxis"/>
		<feat xlink:href="#sSpan4912" value="cc"/>
		<feat xlink:href="#sSpan4916" value="aux"/>
		<feat xlink:href="#sSpan4920" value="nsubj"/>
		<feat xlink:href="#sSpan4922" value="conj"/>
		<feat xlink:href="#sSpan4924" value="punct"/>
		<feat xlink:href="#sSpan4928" value="mark"/>
		<feat xlink:href="#sSpan4932" value="nsubj"/>
		<feat xlink:href="#sSpan4935" value="advcl"/>
		<feat xlink:href="#sSpan4937" value="case"/>
		<feat xlink:href="#sSpan4941" value="obl"/>
		<feat xlink:href="#sSpan4943" value="punct"/>
		<feat xlink:href="#sSpan4947" value="case"/>
		<feat xlink:href="#sSpan4954" value="nmod:poss"/>
		<feat xlink:href="#sSpan4957" value="root"/>
		<feat xlink:href="#sSpan4960" value="discourse"/>
		<feat xlink:href="#sSpan4964" value="nmod:poss"/>
		<feat xlink:href="#sSpan4969" value="vocative"/>
		<feat xlink:href="#sSpan4972" value="appos"/>
		<feat xlink:href="#sSpan4976" value="punct"/>
		<feat xlink:href="#sSpan4980" value="case"/>
		<feat xlink:href="#sSpan4984" value="det"/>
		<feat xlink:href="#sSpan4987" value="nmod"/>
		<feat xlink:href="#sSpan4989" value="mark"/>
		<feat xlink:href="#sSpan4994" value="aux"/>
		<feat xlink:href="#sSpan4996" value="nsubj"/>
		<feat xlink:href="#sSpan4998" value="acl:relcl"/>
		<feat xlink:href="#sSpan5000" value="obj"/>
		<feat xlink:href="#sSpan5002" value="case"/>
		<feat xlink:href="#sSpan5006" value="obl"/>
		<feat xlink:href="#sSpan5008" value="punct"/>
		<feat xlink:href="#sSpan5012" value="aux"/>
		<feat xlink:href="#sSpan5016" value="nsubj"/>
		<feat xlink:href="#sSpan5019" value="parataxis"/>
		<feat xlink:href="#sSpan5021" value="case"/>
		<feat xlink:href="#sSpan5025" value="nummod"/>
		<feat xlink:href="#sSpan5028" value="case"/>
		<feat xlink:href="#sSpan5032" value="det"/>
		<feat xlink:href="#sSpan5035" value="obj"/>
		<feat xlink:href="#sSpan5038" value="case"/>
		<feat xlink:href="#sSpan5042" value="nmod"/>
		<feat xlink:href="#sSpan5045" value="case"/>
		<feat xlink:href="#sSpan5049" value="det"/>
		<feat xlink:href="#sSpan5052" value="obl"/>
		<feat xlink:href="#sSpan5054" value="case"/>
		<feat xlink:href="#sSpan5058" value="det"/>
		<feat xlink:href="#sSpan5063" value="nmod"/>
		<feat xlink:href="#sSpan5065" value="punct"/>
		<feat xlink:href="#sSpan5069" value="mark"/>
		<feat xlink:href="#sSpan5073" value="nsubj"/>
		<feat xlink:href="#sSpan5075" value="advcl"/>
		<feat xlink:href="#sSpan5077" value="mark"/>
		<feat xlink:href="#sSpan5082" value="nsubj"/>
		<feat xlink:href="#sSpan5084" value="advcl"/>
		<feat xlink:href="#sSpan5086" value="mark"/>
		<feat xlink:href="#sSpan5090" value="nsubj"/>
		<feat xlink:href="#sSpan5092" value="advcl"/>
		<feat xlink:href="#sSpan5094" value="punct"/>
		<feat xlink:href="#sSpan5098" value="nmod:poss"/>
		<feat xlink:href="#sSpan5105" value="dislocated"/>
		<feat xlink:href="#sSpan5109" value="advmod"/>
		<feat xlink:href="#sSpan5113" value="mark"/>
		<feat xlink:href="#sSpan5117" value="aux"/>
		<feat xlink:href="#sSpan5119" value="nsubj"/>
		<feat xlink:href="#sSpan5121" value="acl:relcl"/>
		<feat xlink:href="#sSpan5123" value="obj"/>
		<feat xlink:href="#sSpan5125" value="case"/>
		<feat xlink:href="#sSpan5130" value="obl"/>
		<feat xlink:href="#sSpan5132" value="punct"/>
		<feat xlink:href="#sSpan5136" value="aux"/>
		<feat xlink:href="#sSpan5140" value="nsubj"/>
		<feat xlink:href="#sSpan5142" value="root"/>
		<feat xlink:href="#sSpan5145" value="obj"/>
		<feat xlink:href="#sSpan5147" value="nmod:poss"/>
		<feat xlink:href="#sSpan5149" value="case"/>
		<feat xlink:href="#sSpan5153" value="det"/>
		<feat xlink:href="#sSpan5156" value="obj"/>
		<feat xlink:href="#sSpan5158" value="case"/>
		<feat xlink:href="#sSpan5163" value="nmod"/>
		<feat xlink:href="#sSpan5166" value="case"/>
		<feat xlink:href="#sSpan5170" value="obl"/>
		<feat xlink:href="#sSpan5172" value="case"/>
		<feat xlink:href="#sSpan5177" value="obl"/>
		<feat xlink:href="#sSpan5180" value="punct"/>
		<feat xlink:href="#sSpan5184" value="advmod"/>
		<feat xlink:href="#sSpan5190" value="advmod"/>
		<feat xlink:href="#sSpan5194" value="case"/>
		<feat xlink:href="#sSpan5198" value="nmod:poss"/>
		<feat xlink:href="#sSpan5201" value="obl"/>
		<feat xlink:href="#sSpan5204" value="discourse"/>
		<feat xlink:href="#sSpan5208" value="nmod:poss"/>
		<feat xlink:href="#sSpan5213" value="vocative"/>
		<feat xlink:href="#sSpan5216" value="appos"/>
		<feat xlink:href="#sSpan5221" value="nsubj"/>
		<feat xlink:href="#sSpan5225" value="advcl"/>
		<feat xlink:href="#sSpan5227" value="case"/>
		<feat xlink:href="#sSpan5231" value="det"/>
		<feat xlink:href="#sSpan5234" value="obl"/>
		<feat xlink:href="#sSpan5236" value="mark"/>
		<feat xlink:href="#sSpan5240" value="acl:relcl"/>
		<feat xlink:href="#sSpan5242" value="case"/>
		<feat xlink:href="#sSpan5246" value="det"/>
		<feat xlink:href="#sSpan5250" value="obl"/>
		<feat xlink:href="#sSpan5252" value="punct"/>
		<feat xlink:href="#sSpan5256" value="nsubj"/>
		<feat xlink:href="#sSpan5260" value="aux"/>
		<feat xlink:href="#sSpan5263" value="root"/>
		<feat xlink:href="#sSpan5265" value="case"/>
		<feat xlink:href="#sSpan5269" value="obl"/>
		<feat xlink:href="#sSpan5271" value="case"/>
		<feat xlink:href="#sSpan5275" value="det"/>
		<feat xlink:href="#sSpan5278" value="nummod"/>
		<feat xlink:href="#sSpan5280" value="case"/>
		<feat xlink:href="#sSpan5285" value="obj"/>
		<feat xlink:href="#sSpan5288" value="case"/>
		<feat xlink:href="#sSpan5292" value="nmod"/>
		<feat xlink:href="#sSpan5295" value="punct"/>
		<feat xlink:href="#sSpan5300" value="case"/>
		<feat xlink:href="#sSpan5304" value="obl"/>
		<feat xlink:href="#sSpan5306" value="mark"/>
		<feat xlink:href="#sSpan5308" value="aux"/>
		<feat xlink:href="#sSpan5310" value="nsubj"/>
		<feat xlink:href="#sSpan5312" value="acl:relcl"/>
		<feat xlink:href="#sSpan5314" value="obj"/>
		<feat xlink:href="#sSpan5316" value="mark"/>
		<feat xlink:href="#sSpan5320" value="xcomp"/>
		<feat xlink:href="#sSpan5322" value="obj"/>
		<feat xlink:href="#sSpan5324" value="case"/>
		<feat xlink:href="#sSpan5329" value="obl"/>
		<feat xlink:href="#sSpan5331" value="punct"/>
		<feat xlink:href="#sSpan5336" value="dislocated"/>
		<feat xlink:href="#sSpan5344" value="advmod"/>
		<feat xlink:href="#sSpan5348" value="cc"/>
		<feat xlink:href="#sSpan5353" value="conj"/>
		<feat xlink:href="#sSpan5356" value="aux"/>
		<feat xlink:href="#sSpan5360" value="nsubj"/>
		<feat xlink:href="#sSpan5362" value="root"/>
		<feat xlink:href="#sSpan5364" value="nmod:poss"/>
		<feat xlink:href="#sSpan5368" value="obj"/>
		<feat xlink:href="#sSpan5370" value="case"/>
		<feat xlink:href="#sSpan5375" value="obl"/>
		<feat xlink:href="#sSpan5380" value="flat"/>
		<feat xlink:href="#sSpan5384" value="parataxis"/>
		<feat xlink:href="#sSpan5388" value="nsubj"/>
		<feat xlink:href="#sSpan5390" value="case"/>
		<feat xlink:href="#sSpan5394" value="obl"/>
		<feat xlink:href="#sSpan5396" value="punct"/>
		<feat xlink:href="#sSpan5400" value="mark"/>
		<feat xlink:href="#sSpan5405" value="advmod"/>
		<feat xlink:href="#sSpan5407" value="nsubj"/>
		<feat xlink:href="#sSpan5412" value="ccomp"/>
		<feat xlink:href="#sSpan5416" value="case"/>
		<feat xlink:href="#sSpan5420" value="obl"/>
		<feat xlink:href="#sSpan5422" value="case"/>
		<feat xlink:href="#sSpan5426" value="obl"/>
		<feat xlink:href="#sSpan5429" value="mark"/>
		<feat xlink:href="#sSpan5433" value="nsubj"/>
		<feat xlink:href="#sSpan5439" value="advcl"/>
		<feat xlink:href="#sSpan5443" value="punct"/>
		<feat xlink:href="#sSpan5447" value="advmod"/>
		<feat xlink:href="#sSpan5454" value="advmod"/>
		<feat xlink:href="#sSpan5458" value="aux"/>
		<feat xlink:href="#sSpan5462" value="nsubj"/>
		<feat xlink:href="#sSpan5465" value="root"/>
		<feat xlink:href="#sSpan5469" value="case"/>
		<feat xlink:href="#sSpan5473" value="det"/>
		<feat xlink:href="#sSpan5476" value="obj"/>
		<feat xlink:href="#sSpan5478" value="case"/>
		<feat xlink:href="#sSpan5482" value="obl"/>
		<feat xlink:href="#sSpan5484" value="punct"/>
		<feat xlink:href="#sSpan5488" value="case"/>
		<feat xlink:href="#sSpan5495" value="obl"/>
		<feat xlink:href="#sSpan5497" value="advmod"/>
		<feat xlink:href="#sSpan5502" value="nmod:poss"/>
		<feat xlink:href="#sSpan5507" value="nsubj"/>
		<feat xlink:href="#sSpan5509" value="root"/>
		<feat xlink:href="#sSpan5513" value="advmod"/>
		<feat xlink:href="#sSpan5517" value="case"/>
		<feat xlink:href="#sSpan5521" value="det"/>
		<feat xlink:href="#sSpan5523" value="obl"/>
		<feat xlink:href="#sSpan5525" value="aux"/>
		<feat xlink:href="#sSpan5531" value="nsubj"/>
		<feat xlink:href="#sSpan5533" value="root"/>
		<feat xlink:href="#sSpan5536" value="case"/>
		<feat xlink:href="#sSpan5541" value="nmod:poss"/>
		<feat xlink:href="#sSpan5544" value="obl"/>
		<feat xlink:href="#sSpan5546" value="mark"/>
		<feat xlink:href="#sSpan5550" value="nsubj"/>
		<feat xlink:href="#sSpan5553" value="advcl"/>
		<feat xlink:href="#sSpan5555" value="case"/>
		<feat xlink:href="#sSpan5559" value="obj"/>
		<feat xlink:href="#sSpan5561" value="punct"/>
		<feat xlink:href="#sSpan5566" value="cc"/>
		<feat xlink:href="#sSpan5572" value="aux"/>
		<feat xlink:href="#sSpan5576" value="nsubj"/>
		<feat xlink:href="#sSpan5578" value="root"/>
		<feat xlink:href="#sSpan5581" value="obl:npmod"/>
		<feat xlink:href="#sSpan5586" value="nmod:poss"/>
		<feat xlink:href="#sSpan5588" value="mark"/>
		<feat xlink:href="#sSpan5592" value="nsubj"/>
		<feat xlink:href="#sSpan5595" value="advcl"/>
		<feat xlink:href="#sSpan5597" value="case"/>
		<feat xlink:href="#sSpan5601" value="obl"/>
		<feat xlink:href="#sSpan5603" value="punct"/>
		<feat xlink:href="#sSpan5607" value="aux"/>
		<feat xlink:href="#sSpan5615" value="nsubj"/>
		<feat xlink:href="#sSpan5617" value="root"/>
		<feat xlink:href="#sSpan5620" value="advmod"/>
		<feat xlink:href="#sSpan5624" value="case"/>
		<feat xlink:href="#sSpan5629" value="dislocated"/>
		<feat xlink:href="#sSpan5633" value="flat"/>
		<feat xlink:href="#sSpan5637" value="aux"/>
		<feat xlink:href="#sSpan5643" value="nsubj"/>
		<feat xlink:href="#sSpan5645" value="root"/>
		<feat xlink:href="#sSpan5648" value="advmod"/>
		<feat xlink:href="#sSpan5652" value="mark"/>
		<feat xlink:href="#sSpan5656" value="nsubj"/>
		<feat xlink:href="#sSpan5658" value="advcl"/>
		<feat xlink:href="#sSpan5660" value="case"/>
		<feat xlink:href="#sSpan5665" value="expl"/>
		<feat xlink:href="#sSpan5667" value="punct"/>
		<feat xlink:href="#sSpan5671" value="mark"/>
		<feat xlink:href="#sSpan5675" value="det"/>
		<feat xlink:href="#sSpan5678" value="vocative"/>
		<feat xlink:href="#sSpan5680" value="nmod:poss"/>
		<feat xlink:href="#sSpan5684" value="nsubj"/>
		<feat xlink:href="#sSpan5686" value="ccomp"/>
		<feat xlink:href="#sSpan5690" value="nmod:poss"/>
		<feat xlink:href="#sSpan5695" value="nsubj"/>
		<feat xlink:href="#sSpan5697" value="xcomp"/>
		<feat xlink:href="#sSpan5702" value="punct"/>
		<feat xlink:href="#sSpan5706" value="mark"/>
		<feat xlink:href="#sSpan5710" value="case"/>
		<feat xlink:href="#sSpan5712" value="det"/>
		<feat xlink:href="#sSpan5714" value="obl"/>
		<feat xlink:href="#sSpan5716" value="mark"/>
		<feat xlink:href="#sSpan5720" value="nsubj"/>
		<feat xlink:href="#sSpan5722" value="acl:relcl"/>
		<feat xlink:href="#sSpan5724" value="mark"/>
		<feat xlink:href="#sSpan5728" value="xcomp"/>
		<feat xlink:href="#sSpan5731" value="punct"/>
		<feat xlink:href="#sSpan5735" value="nsubj"/>
		<feat xlink:href="#sSpan5739" value="ccomp"/>
		<feat xlink:href="#sSpan5741" value="mark"/>
		<feat xlink:href="#sSpan5745" value="xcomp"/>
		<feat xlink:href="#sSpan5748" value="obj"/>
		<feat xlink:href="#sSpan5752" value="det"/>
		<feat xlink:href="#sSpan5756" value="xcomp"/>
		<feat xlink:href="#sSpan5760" value="case"/>
		<feat xlink:href="#sSpan5764" value="obl"/>
		<feat xlink:href="#sSpan5766" value="punct"/>
		<feat xlink:href="#sSpan5770" value="advmod"/>
		<feat xlink:href="#sSpan5776" value="nsubj"/>
		<feat xlink:href="#sSpan5778" value="root"/>
		<feat xlink:href="#sSpan5780" value="advmod"/>
		<feat xlink:href="#sSpan5784" value="punct"/>
		<feat xlink:href="#sSpan5788" value="nsubj"/>
		<feat xlink:href="#sSpan5796" value="root"/>
		<feat xlink:href="#sSpan5798" value="advmod"/>
		<feat xlink:href="#sSpan5802" value="det"/>
		<feat xlink:href="#sSpan5807" value="dislocated"/>
		<feat xlink:href="#sSpan5809" value="case"/>
		<feat xlink:href="#sSpan5813" value="nmod"/>
		<feat xlink:href="#sSpan5816" value="mark"/>
		<feat xlink:href="#sSpan5818" value="nsubj"/>
		<feat xlink:href="#sSpan5820" value="acl:relcl"/>
		<feat xlink:href="#sSpan5822" value="case"/>
		<feat xlink:href="#sSpan5826" value="obj"/>
		<feat xlink:href="#sSpan5828" value="case"/>
		<feat xlink:href="#sSpan5832" value="obl"/>
		<feat xlink:href="#sSpan5834" value="punct"/>
		<feat xlink:href="#sSpan5839" value="mark"/>
		<feat xlink:href="#sSpan5844" value="aux"/>
		<feat xlink:href="#sSpan5848" value="nsubj"/>
		<feat xlink:href="#sSpan5850" value="advcl"/>
		<feat xlink:href="#sSpan5852" value="expl"/>
		<feat xlink:href="#sSpan5854" value="case"/>
		<feat xlink:href="#sSpan5859" value="obl"/>
		<feat xlink:href="#sSpan5861" value="mark"/>
		<feat xlink:href="#sSpan5865" value="ccomp"/>
		<feat xlink:href="#sSpan5867" value="nummod"/>
		<feat xlink:href="#sSpan5870" value="case"/>
		<feat xlink:href="#sSpan5875" value="obj"/>
		<feat xlink:href="#sSpan5878" value="case"/>
		<feat xlink:href="#sSpan5882" value="nmod"/>
		<feat xlink:href="#sSpan5885" value="aux"/>
		<feat xlink:href="#sSpan5889" value="nsubj"/>
		<feat xlink:href="#sSpan5892" value="advcl"/>
		<feat xlink:href="#sSpan5894" value="case"/>
		<feat xlink:href="#sSpan5900" value="obl"/>
		<feat xlink:href="#sSpan5903" value="case"/>
		<feat xlink:href="#sSpan5907" value="det"/>
		<feat xlink:href="#sSpan5910" value="obl"/>
		<feat xlink:href="#sSpan5912" value="case"/>
		<feat xlink:href="#sSpan5916" value="det"/>
		<feat xlink:href="#sSpan5919" value="nmod"/>
		<feat xlink:href="#sSpan5922" value="punct"/>
		<feat xlink:href="#sSpan5927" value="advmod"/>
		<feat xlink:href="#sSpan5933" value="mark"/>
		<feat xlink:href="#sSpan5937" value="nsubj"/>
		<feat xlink:href="#sSpan5939" value="root"/>
		<feat xlink:href="#sSpan5941" value="mark"/>
		<feat xlink:href="#sSpan5945" value="nsubj"/>
		<feat xlink:href="#sSpan5948" value="ccomp"/>
		<feat xlink:href="#sSpan5952" value="advmod"/>
		<feat xlink:href="#sSpan5956" value="cop"/>
		<feat xlink:href="#sSpan5960" value="mark"/>
		<feat xlink:href="#sSpan5963" value="aux"/>
		<feat xlink:href="#sSpan5965" value="nsubj"/>
		<feat xlink:href="#sSpan5967" value="csubj"/>
		<feat xlink:href="#sSpan5970" value="advmod"/>
		<feat xlink:href="#sSpan5974" value="case"/>
		<feat xlink:href="#sSpan5978" value="nmod:poss"/>
		<feat xlink:href="#sSpan5981" value="obj"/>
		<feat xlink:href="#sSpan5983" value="case"/>
		<feat xlink:href="#sSpan5987" value="nummod"/>
		<feat xlink:href="#sSpan5990" value="case"/>
		<feat xlink:href="#sSpan5994" value="obl"/>
		<feat xlink:href="#sSpan5996" value="punct"/>
		<feat xlink:href="#sSpan6000" value="case"/>
		<feat xlink:href="#sSpan6005" value="obl"/>
		<feat xlink:href="#sSpan6009" value="aux"/>
		<feat xlink:href="#sSpan6013" value="nsubj"/>
		<feat xlink:href="#sSpan6016" value="parataxis"/>
		<feat xlink:href="#sSpan6018" value="case"/>
		<feat xlink:href="#sSpan6022" value="det"/>
		<feat xlink:href="#sSpan6025" value="obj"/>
		<feat xlink:href="#sSpan6027" value="case"/>
		<feat xlink:href="#sSpan6031" value="obl"/>
		<feat xlink:href="#sSpan6035" value="mark"/>
		<feat xlink:href="#sSpan6037" value="acl:relcl"/>
		<feat xlink:href="#sSpan6039" value="case"/>
		<feat xlink:href="#sSpan6043" value="obl"/>
		<feat xlink:href="#sSpan6047" value="punct"/>
		<feat xlink:href="#sSpan6051" value="case"/>
		<feat xlink:href="#sSpan6057" value="det"/>
		<feat xlink:href="#sSpan6059" value="root"/>
		<feat xlink:href="#sSpan6061" value="case"/>
		<feat xlink:href="#sSpan6065" value="nmod"/>
		<feat xlink:href="#sSpan6068" value="mark"/>
		<feat xlink:href="#sSpan6070" value="acl:relcl"/>
		<feat xlink:href="#sSpan6072" value="punct"/>
		<feat xlink:href="#sSpan6076" value="mark"/>
		<feat xlink:href="#sSpan6080" value="advmod"/>
		<feat xlink:href="#sSpan6082" value="nsubj"/>
		<feat xlink:href="#sSpan6084" value="advcl"/>
		<feat xlink:href="#sSpan6086" value="advmod"/>
		<feat xlink:href="#sSpan6091" value="case"/>
		<feat xlink:href="#sSpan6095" value="obl"/>
		<feat xlink:href="#sSpan6097" value="case"/>
		<feat xlink:href="#sSpan6101" value="det"/>
		<feat xlink:href="#sSpan6104" value="obj"/>
		<feat xlink:href="#sSpan6106" value="case"/>
		<feat xlink:href="#sSpan6110" value="det"/>
		<feat xlink:href="#sSpan6113" value="nmod"/>
		<feat xlink:href="#sSpan6115" value="punct"/>
		<feat xlink:href="#sSpan6119" value="mark"/>
		<feat xlink:href="#sSpan6123" value="nsubj"/>
		<feat xlink:href="#sSpan6126" value="advcl"/>
		<feat xlink:href="#sSpan6128" value="case"/>
		<feat xlink:href="#sSpan6133" value="obl"/>
		<feat xlink:href="#sSpan6135" value="case"/>
		<feat xlink:href="#sSpan6139" value="det"/>
		<feat xlink:href="#sSpan6143" value="obj"/>
		<feat xlink:href="#sSpan6145" value="obl:npmod"/>
		<feat xlink:href="#sSpan6149" value="nmod:poss"/>
		<feat xlink:href="#sSpan6151" value="punct"/>
		<feat xlink:href="#sSpan6155" value="cc"/>
		<feat xlink:href="#sSpan6159" value="det"/>
		<feat xlink:href="#sSpan6163" value="conj"/>
		<feat xlink:href="#sSpan6166" value="case"/>
		<feat xlink:href="#sSpan6172" value="nmod"/>
		<feat xlink:href="#sSpan6176" value="punct"/>
		<feat xlink:href="#sSpan6180" value="cc"/>
		<feat xlink:href="#sSpan6184" value="nmod:poss"/>
		<feat xlink:href="#sSpan6188" value="conj"/>
		<feat xlink:href="#sSpan6190" value="punct"/>
		<feat xlink:href="#sSpan6194" value="cc"/>
		<feat xlink:href="#sSpan6198" value="nmod:poss"/>
		<feat xlink:href="#sSpan6201" value="conj"/>
		<feat xlink:href="#sSpan6203" value="case"/>
		<feat xlink:href="#sSpan6207" value="nmod"/>
		<feat xlink:href="#sSpan6210" value="cc"/>
		<feat xlink:href="#sSpan6215" value="conj"/>
		<feat xlink:href="#sSpan6218" value="mark"/>
		<feat xlink:href="#sSpan6222" value="aux"/>
		<feat xlink:href="#sSpan6224" value="nsubj"/>
		<feat xlink:href="#sSpan6226" value="acl:relcl"/>
		<feat xlink:href="#sSpan6228" value="obj"/>
		<feat xlink:href="#sSpan6230" value="punct"/>
		<feat xlink:href="#sSpan6234" value="advmod"/>
		<feat xlink:href="#sSpan6238" value="nsubj"/>
		<feat xlink:href="#sSpan6240" value="aux"/>
		<feat xlink:href="#sSpan6243" value="ccomp"/>
		<feat xlink:href="#sSpan6245" value="advmod"/>
		<feat xlink:href="#sSpan6249" value="punct"/>
		<feat xlink:href="#sSpan6253" value="nsubj"/>
		<feat xlink:href="#sSpan6260" value="root"/>
		<feat xlink:href="#sSpan6263" value="advmod"/>
		<feat xlink:href="#sSpan6267" value="mark"/>
		<feat xlink:href="#sSpan6271" value="nsubj"/>
		<feat xlink:href="#sSpan6274" value="advcl"/>
		<feat xlink:href="#sSpan6277" value="case"/>
		<feat xlink:href="#sSpan6281" value="det"/>
		<feat xlink:href="#sSpan6285" value="obl"/>
		<feat xlink:href="#sSpan6287" value="obl:npmod"/>
		<feat xlink:href="#sSpan6291" value="nmod:poss"/>
		<feat xlink:href="#sSpan6293" value="punct"/>
		<feat xlink:href="#sSpan6297" value="aux"/>
		<feat xlink:href="#sSpan6302" value="nsubj"/>
		<feat xlink:href="#sSpan6305" value="ccomp"/>
		<feat xlink:href="#sSpan6308" value="case"/>
		<feat xlink:href="#sSpan6312" value="nmod:poss"/>
		<feat xlink:href="#sSpan6316" value="obl"/>
		<feat xlink:href="#sSpan6318" value="punct"/>
		<feat xlink:href="#sSpan6322" value="advcl"/>
		<feat xlink:href="#sSpan6326" value="cop"/>
		<feat xlink:href="#sSpan6330" value="det"/>
		<feat xlink:href="#sSpan6335" value="nsubj"/>
		<feat xlink:href="#sSpan6337" value="punct"/>
		<feat xlink:href="#sSpan6341" value="advmod"/>
		<feat xlink:href="#sSpan6347" value="advmod"/>
		<feat xlink:href="#sSpan6351" value="nsubj"/>
		<feat xlink:href="#sSpan6353" value="root"/>
		<feat xlink:href="#sSpan6356" value="advmod"/>
		<feat xlink:href="#sSpan6360" value="punct"/>
		<feat xlink:href="#sSpan6364" value="mark"/>
		<feat xlink:href="#sSpan6368" value="advmod"/>
		<feat xlink:href="#sSpan6371" value="nummod"/>
		<feat xlink:href="#sSpan6375" value="case"/>
		<feat xlink:href="#sSpan6379" value="ccomp"/>
		<feat xlink:href="#sSpan6381" value="case"/>
		<feat xlink:href="#sSpan6385" value="det"/>
		<feat xlink:href="#sSpan6388" value="obl"/>
		<feat xlink:href="#sSpan6390" value="punct"/>
		<feat xlink:href="#sSpan6394" value="mark"/>
		<feat xlink:href="#sSpan6399" value="nsubj"/>
		<feat xlink:href="#sSpan6402" value="advcl"/>
		<feat xlink:href="#sSpan6404" value="case"/>
		<feat xlink:href="#sSpan6408" value="det"/>
		<feat xlink:href="#sSpan6412" value="obl"/>
		<feat xlink:href="#sSpan6414" value="case"/>
		<feat xlink:href="#sSpan6418" value="det"/>
		<feat xlink:href="#sSpan6422" value="obl"/>
		<feat xlink:href="#sSpan6424" value="punct"/>
		<feat xlink:href="#sSpan6428" value="aux"/>
		<feat xlink:href="#sSpan6434" value="nsubj"/>
		<feat xlink:href="#sSpan6437" value="root"/>
		<feat xlink:href="#sSpan6439" value="case"/>
		<feat xlink:href="#sSpan6443" value="det"/>
		<feat xlink:href="#sSpan6446" value="obl"/>
		<feat xlink:href="#sSpan6448" value="punct"/>
		<feat xlink:href="#sSpan6452" value="dislocated"/>
		<feat xlink:href="#sSpan6462" value="advmod"/>
		<feat xlink:href="#sSpan6466" value="aux"/>
		<feat xlink:href="#sSpan6470" value="nsubj"/>
		<feat xlink:href="#sSpan6472" value="advcl"/>
		<feat xlink:href="#sSpan6474" value="case"/>
		<feat xlink:href="#sSpan6478" value="obl"/>
		<feat xlink:href="#sSpan6480" value="case"/>
		<feat xlink:href="#sSpan6485" value="dislocated"/>
		<feat xlink:href="#sSpan6488" value="case"/>
		<feat xlink:href="#sSpan6493" value="obl"/>
		<feat xlink:href="#sSpan6495" value="case"/>
		<feat xlink:href="#sSpan6499" value="nmod:poss"/>
		<feat xlink:href="#sSpan6502" value="nmod"/>
		<feat xlink:href="#sSpan6505" value="appos"/>
		<feat xlink:href="#sSpan6509" value="punct"/>
		<feat xlink:href="#sSpan6513" value="root"/>
		<feat xlink:href="#sSpan6517" value="nsubj"/>
		<feat xlink:href="#sSpan6519" value="mark"/>
		<feat xlink:href="#sSpan6523" value="nsubj"/>
		<feat xlink:href="#sSpan6525" value="det"/>
		<feat xlink:href="#sSpan6529" value="dislocated"/>
		<feat xlink:href="#sSpan6531" value="case"/>
		<feat xlink:href="#sSpan6535" value="det"/>
		<feat xlink:href="#sSpan6540" value="nmod"/>
		<feat xlink:href="#sSpan6542" value="punct"/>
		<feat xlink:href="#sSpan6546" value="nsubj"/>
		<feat xlink:href="#sSpan6550" value="aux"/>
		<feat xlink:href="#sSpan6553" value="ccomp"/>
		<feat xlink:href="#sSpan6555" value="case"/>
		<feat xlink:href="#sSpan6559" value="obj"/>
		<feat xlink:href="#sSpan6561" value="case"/>
		<feat xlink:href="#sSpan6566" value="obl"/>
		<feat xlink:href="#sSpan6568" value="case"/>
		<feat xlink:href="#sSpan6572" value="det"/>
		<feat xlink:href="#sSpan6575" value="obl"/>
		<feat xlink:href="#sSpan6577" value="aux"/>
		<feat xlink:href="#sSpan6581" value="nsubj"/>
		<feat xlink:href="#sSpan6583" value="advcl"/>
		<feat xlink:href="#sSpan6585" value="obj"/>
		<feat xlink:href="#sSpan6587" value="punct"/>
		<feat xlink:href="#sSpan6592" value="mark"/>
		<feat xlink:href="#sSpan6598" value="advmod"/>
		<feat xlink:href="#sSpan6602" value="nsubj"/>
		<feat xlink:href="#sSpan6604" value="root"/>
		<feat xlink:href="#sSpan6606" value="advmod"/>
		<feat xlink:href="#sSpan6610" value="punct"/>
		<feat xlink:href="#sSpan6614" value="mark"/>
		<feat xlink:href="#sSpan6619" value="aux"/>
		<feat xlink:href="#sSpan6621" value="nsubj"/>
		<feat xlink:href="#sSpan6623" value="ccomp"/>
		<feat xlink:href="#sSpan6625" value="mark"/>
		<feat xlink:href="#sSpan6629" value="nsubj"/>
		<feat xlink:href="#sSpan6631" value="advcl"/>
		<feat xlink:href="#sSpan6633" value="punct"/>
		<feat xlink:href="#sSpan6637" value="mark"/>
		<feat xlink:href="#sSpan6641" value="aux"/>
		<feat xlink:href="#sSpan6643" value="nsubj"/>
		<feat xlink:href="#sSpan6646" value="ccomp"/>
		<feat xlink:href="#sSpan6648" value="case"/>
		<feat xlink:href="#sSpan6652" value="det"/>
		<feat xlink:href="#sSpan6656" value="obj"/>
		<feat xlink:href="#sSpan6659" value="punct"/>
		<feat xlink:href="#sSpan6663" value="nsubj"/>
		<feat xlink:href="#sSpan6667" value="parataxis"/>
		<feat xlink:href="#sSpan6670" value="advmod"/>
		<feat xlink:href="#sSpan6674" value="mark"/>
		<feat xlink:href="#sSpan6678" value="aux"/>
		<feat xlink:href="#sSpan6680" value="det"/>
		<feat xlink:href="#sSpan6683" value="nsubj"/>
		<feat xlink:href="#sSpan6686" value="ccomp"/>
		<feat xlink:href="#sSpan6692" value="case"/>
		<feat xlink:href="#sSpan6697" value="nmod:poss"/>
		<feat xlink:href="#sSpan6700" value="obl"/>
		<feat xlink:href="#sSpan6702" value="punct"/>
		<feat xlink:href="#sSpan6706" value="nsubj"/>
		<feat xlink:href="#sSpan6710" value="ccomp"/>
		<feat xlink:href="#sSpan6712" value="case"/>
		<feat xlink:href="#sSpan6716" value="obj"/>
		<feat xlink:href="#sSpan6718" value="punct"/>
		<feat xlink:href="#sSpan6723" value="dislocated"/>
		<feat xlink:href="#sSpan6732" value="flat"/>
		<feat xlink:href="#sSpan6737" value="advmod"/>
		<feat xlink:href="#sSpan6741" value="root"/>
		<feat xlink:href="#sSpan6745" value="nsubj"/>
		<feat xlink:href="#sSpan6747" value="case"/>
		<feat xlink:href="#sSpan6751" value="nmod:poss"/>
		<feat xlink:href="#sSpan6754" value="obl"/>
		<feat xlink:href="#sSpan6756" value="punct"/>
		<feat xlink:href="#sSpan6760" value="mark"/>
		<feat xlink:href="#sSpan6764" value="advmod"/>
		<feat xlink:href="#sSpan6767" value="fixed"/>
		<feat xlink:href="#sSpan6769" value="case"/>
		<feat xlink:href="#sSpan6774" value="det"/>
		<feat xlink:href="#sSpan6777" value="obl"/>
		<feat xlink:href="#sSpan6779" value="aux"/>
		<feat xlink:href="#sSpan6783" value="nsubj"/>
		<feat xlink:href="#sSpan6785" value="ccomp"/>
		<feat xlink:href="#sSpan6787" value="advmod"/>
		<feat xlink:href="#sSpan6791" value="case"/>
		<feat xlink:href="#sSpan6795" value="dislocated"/>
		<feat xlink:href="#sSpan6798" value="mark"/>
		<feat xlink:href="#sSpan6800" value="acl:relcl"/>
		<feat xlink:href="#sSpan6802" value="punct"/>
		<feat xlink:href="#sSpan6806" value="mark"/>
		<feat xlink:href="#sSpan6810" value="aux"/>
		<feat xlink:href="#sSpan6812" value="det"/>
		<feat xlink:href="#sSpan6817" value="nsubj"/>
		<feat xlink:href="#sSpan6819" value="aux"/>
		<feat xlink:href="#sSpan6824" value="ccomp"/>
		<feat xlink:href="#sSpan6826" value="case"/>
		<feat xlink:href="#sSpan6830" value="nmod:poss"/>
		<feat xlink:href="#sSpan6833" value="obj"/>
		<feat xlink:href="#sSpan6835" value="case"/>
		<feat xlink:href="#sSpan6839" value="det"/>
		<feat xlink:href="#sSpan6842" value="obl"/>
		<feat xlink:href="#sSpan6844" value="punct"/>
		<feat xlink:href="#sSpan6848" value="nsubj"/>
		<feat xlink:href="#sSpan6856" value="advcl"/>
		<feat xlink:href="#sSpan6858" value="case"/>
		<feat xlink:href="#sSpan6862" value="obj"/>
		<feat xlink:href="#sSpan6864" value="advmod"/>
		<feat xlink:href="#sSpan6869" value="discourse"/>
		<feat xlink:href="#sSpan6873" value="nmod:poss"/>
		<feat xlink:href="#sSpan6878" value="vocative"/>
		<feat xlink:href="#sSpan6880" value="punct"/>
		<feat xlink:href="#sSpan6884" value="root"/>
		<feat xlink:href="#sSpan6888" value="iobj"/>
		<feat xlink:href="#sSpan6890" value="nsubj"/>
		<feat xlink:href="#sSpan6896" value="mark"/>
		<feat xlink:href="#sSpan6898" value="aux"/>
		<feat xlink:href="#sSpan6901" value="acl:relcl"/>
		<feat xlink:href="#sSpan6903" value="case"/>
		<feat xlink:href="#sSpan6907" value="obl"/>
		<feat xlink:href="#sSpan6909" value="punct"/>
		<feat xlink:href="#sSpan6914" value="advmod"/>
		<feat xlink:href="#sSpan6920" value="root"/>
		<feat xlink:href="#sSpan6924" value="nsubj"/>
		<feat xlink:href="#sSpan6926" value="advmod"/>
		<feat xlink:href="#sSpan6930" value="case"/>
		<feat xlink:href="#sSpan6934" value="det"/>
		<feat xlink:href="#sSpan6936" value="obl"/>
		<feat xlink:href="#sSpan6938" value="case"/>
		<feat xlink:href="#sSpan6942" value="det"/>
		<feat xlink:href="#sSpan6946" value="nmod"/>
		<feat xlink:href="#sSpan6948" value="case"/>
		<feat xlink:href="#sSpan6952" value="nmod:poss"/>
		<feat xlink:href="#sSpan6955" value="nmod"/>
		<feat xlink:href="#sSpan6957" value="punct"/>
		<feat xlink:href="#sSpan6961" value="mark"/>
		<feat xlink:href="#sSpan6967" value="det"/>
		<feat xlink:href="#sSpan6971" value="nsubj"/>
		<feat xlink:href="#sSpan6973" value="advcl"/>
		<feat xlink:href="#sSpan6977" value="obj"/>
		<feat xlink:href="#sSpan6979" value="nmod:poss"/>
		<feat xlink:href="#sSpan6981" value="case"/>
		<feat xlink:href="#sSpan6986" value="obl"/>
		<feat xlink:href="#sSpan6988" value="punct"/>
		<feat xlink:href="#sSpan6992" value="root"/>
		<feat xlink:href="#sSpan6997" value="advmod"/>
		<feat xlink:href="#sSpan7001" value="mark"/>
		<feat xlink:href="#sSpan7006" value="ccomp"/>
		<feat xlink:href="#sSpan7008" value="case"/>
		<feat xlink:href="#sSpan7012" value="obj"/>
		<feat xlink:href="#sSpan7014" value="punct"/>
		<feat xlink:href="#sSpan7018" value="cc"/>
		<feat xlink:href="#sSpan7022" value="advmod"/>
		<feat xlink:href="#sSpan7026" value="aux"/>
		<feat xlink:href="#sSpan7031" value="nsubj"/>
		<feat xlink:href="#sSpan7034" value="conj"/>
		<feat xlink:href="#sSpan7037" value="case"/>
		<feat xlink:href="#sSpan7041" value="obl"/>
		<feat xlink:href="#sSpan7043" value="cop"/>
		<feat xlink:href="#sSpan7047" value="punct"/>
		<feat xlink:href="#sSpan7051" value="dislocated"/>
		<feat xlink:href="#sSpan7056" value="advmod"/>
		<feat xlink:href="#sSpan7060" value="aux"/>
		<feat xlink:href="#sSpan7064" value="nsubj"/>
		<feat xlink:href="#sSpan7066" value="parataxis"/>
		<feat xlink:href="#sSpan7068" value="case"/>
		<feat xlink:href="#sSpan7072" value="det"/>
		<feat xlink:href="#sSpan7077" value="obj"/>
		<feat xlink:href="#sSpan7081" value="case"/>
		<feat xlink:href="#sSpan7085" value="det"/>
		<feat xlink:href="#sSpan7088" value="obl"/>
		<feat xlink:href="#sSpan7090" value="case"/>
		<feat xlink:href="#sSpan7094" value="det"/>
		<feat xlink:href="#sSpan7098" value="nmod"/>
		<feat xlink:href="#sSpan7102" value="punct"/>
		<feat xlink:href="#sSpan7107" value="cc"/>
		<feat xlink:href="#sSpan7111" value="aux"/>
		<feat xlink:href="#sSpan7115" value="nsubj"/>
		<feat xlink:href="#sSpan7117" value="conj"/>
		<feat xlink:href="#sSpan7119" value="obj"/>
		<feat xlink:href="#sSpan7122" value="nmod:poss"/>
		<feat xlink:href="#sSpan7124" value="advmod"/>
		<feat xlink:href="#sSpan7128" value="case"/>
		<feat xlink:href="#sSpan7132" value="obl"/>
		<feat xlink:href="#sSpan7134" value="punct"/>
		<feat xlink:href="#sSpan7138" value="cc"/>
		<feat xlink:href="#sSpan7144" value="advmod"/>
		<feat xlink:href="#sSpan7148" value="nsubj"/>
		<feat xlink:href="#sSpan7152" value="root"/>
		<feat xlink:href="#sSpan7154" value="case"/>
		<feat xlink:href="#sSpan7158" value="obl"/>
		<feat xlink:href="#sSpan7160" value="advmod"/>
		<feat xlink:href="#sSpan7165" value="case"/>
		<feat xlink:href="#sSpan7169" value="det"/>
		<feat xlink:href="#sSpan7172" value="obl"/>
		<feat xlink:href="#sSpan7174" value="obl:npmod"/>
		<feat xlink:href="#sSpan7178" value="nmod:poss"/>
		<feat xlink:href="#sSpan7180" value="case"/>
		<feat xlink:href="#sSpan7184" value="det"/>
		<feat xlink:href="#sSpan7187" value="nmod"/>
		<feat xlink:href="#sSpan7189" value="punct"/>
		<feat xlink:href="#sSpan7193" value="cc"/>
		<feat xlink:href="#sSpan7197" value="det"/>
		<feat xlink:href="#sSpan7200" value="conj"/>
		<feat xlink:href="#sSpan7203" value="case"/>
		<feat xlink:href="#sSpan7208" value="nmod"/>
		<feat xlink:href="#sSpan7210" value="mark"/>
		<feat xlink:href="#sSpan7215" value="acl:relcl"/>
		<feat xlink:href="#sSpan7218" value="case"/>
		<feat xlink:href="#sSpan7222" value="det"/>
		<feat xlink:href="#sSpan7226" value="obj"/>
		<feat xlink:href="#sSpan7228" value="case"/>
		<feat xlink:href="#sSpan7232" value="det"/>
		<feat xlink:href="#sSpan7235" value="obl"/>
		<feat xlink:href="#sSpan7237" value="case"/>
		<feat xlink:href="#sSpan7242" value="det"/>
		<feat xlink:href="#sSpan7246" value="nmod"/>
		<feat xlink:href="#sSpan7248" value="punct"/></featList></paula>