<?xml version='1.0' encoding='UTF-8'?><!DOCTYPE paula SYSTEM "paula_feat.dtd">
<paula version="1.1">
	<header paula_id="scriptorium.martyrdom.victor.02.mark_morph"/>
	<featList xmlns:xlink="http://www.w3.org/1999/xlink" type="morph" xml:base="scriptorium.martyrdom.victor.02.mark.xml">
		<feat xlink:href="#sSpan418" value="ⲣ"/>
		<feat xlink:href="#sSpan421" value="ϩⲟⲟⲗⲉ"/>
		<feat xlink:href="#sSpan482" value="ⲣ"/>
		<feat xlink:href="#sSpan485" value="ϭⲁⲓⲉ"/>
		<feat xlink:href="#sSpan943" value="ⲙⲛⲧ"/>
		<feat xlink:href="#sSpan946" value="ⲛⲁⲏⲧ"/>
		<feat xlink:href="#sSpan1226" value="ⲣ"/>
		<feat xlink:href="#sSpan1231" value="ϣⲁ"/>
		<feat xlink:href="#sSpan1360" value="ⲙⲛⲧ"/>
		<feat xlink:href="#sSpan1363" value="ⲁⲧ"/>
		<feat xlink:href="#sSpan1364" value="ϩⲏⲧ"/>
		<feat xlink:href="#sSpan2212" value="ⲣ"/>
		<feat xlink:href="#sSpan2215" value="ⲁⲧ"/>
		<feat xlink:href="#sSpan2216" value="ⲛⲟⲩⲧⲉ"/>
		<feat xlink:href="#sSpan2370" value="ⲣ"/>
		<feat xlink:href="#sSpan2373" value="ⲑⲩⲥⲓⲁ"/>
		<feat xlink:href="#sSpan2440" value="ⲙⲛⲧ"/>
		<feat xlink:href="#sSpan2443" value="ⲕⲟⲩⲓ"/>
		<feat xlink:href="#sSpan3214" value="ⲁⲧ"/>
		<feat xlink:href="#sSpan3218" value="ⲗⲟⲓϭⲉ"/>
		<feat xlink:href="#sSpan3469" value="ϫⲓ"/>
		<feat xlink:href="#sSpan3472" value="ⲥⲃⲱ"/>
		<feat xlink:href="#sSpan3477" value="ⲣ"/>
		<feat xlink:href="#sSpan3481" value="ⲙⲁⲅⲓⲁ"/>
		<feat xlink:href="#sSpan3601" value="ϯ"/>
		<feat xlink:href="#sSpan3604" value="ⲟⲥⲉ"/>
		<feat xlink:href="#sSpan3847" value="ⲣ"/>
		<feat xlink:href="#sSpan3852" value="ⲁⲧ"/>
		<feat xlink:href="#sSpan3853" value="ⲥⲱⲧⲙ"/>
		<feat xlink:href="#sSpan3993" value="ⲣ"/>
		<feat xlink:href="#sSpan3996" value="ⲁⲧ"/>
		<feat xlink:href="#sSpan3997" value="ⲥⲱⲧⲙ"/>
		<feat xlink:href="#sSpan4108" value="ϯ"/>
		<feat xlink:href="#sSpan4111" value="ⲥⲃⲱ"/>
		<feat xlink:href="#sSpan4287" value="ϯ"/>
		<feat xlink:href="#sSpan4290" value="ⲟⲥⲉ"/>
		<feat xlink:href="#sSpan4298" value="ⲙⲛⲧ"/>
		<feat xlink:href="#sSpan4302" value="ϣⲏⲣⲉ"/>
		<feat xlink:href="#sSpan4317" value="ϫⲓ"/>
		<feat xlink:href="#sSpan4321" value="ϣⲓⲡⲉ"/>
		<feat xlink:href="#sSpan4415" value="ϫⲓ"/>
		<feat xlink:href="#sSpan4418" value="ϣⲓⲡⲉ"/>
		<feat xlink:href="#sSpan4501" value="ⲣ"/>
		<feat xlink:href="#sSpan4504" value="ⲁⲡⲁⲓⲇⲉⲩⲧⲟⲥ"/>
		<feat xlink:href="#sSpan4715" value="ⲣ"/>
		<feat xlink:href="#sSpan4718" value="ⲁⲧ"/>
		<feat xlink:href="#sSpan4719" value="ⲥⲱⲧⲙ"/>
		<feat xlink:href="#sSpan5449" value="ⲣ"/>
		<feat xlink:href="#sSpan5452" value="ⲧ"/>
		<feat xlink:href="#sSpan5453" value="ϩⲉ"/>
		<feat xlink:href="#sSpan6145" value="ⲙⲛⲧ"/>
		<feat xlink:href="#sSpan6148" value="ⲉⲣⲟ"/>
		<feat xlink:href="#sSpan6255" value="ϯ"/>
		<feat xlink:href="#sSpan6258" value="ϩⲏⲩ"/>
		<feat xlink:href="#sSpan6286" value="ϯ"/>
		<feat xlink:href="#sSpan6289" value="ⲟⲥⲉ"/>
		<feat xlink:href="#sSpan6352" value="ⲙⲛⲧ"/>
		<feat xlink:href="#sSpan6356" value="ⲥⲛⲟⲟⲩⲥ"/>
		<feat xlink:href="#sSpan6666" value="ⲣ"/>
		<feat xlink:href="#sSpan6671" value="ⲁⲧ"/>
		<feat xlink:href="#sSpan6672" value="ⲥⲱⲧⲙ"/>
		<feat xlink:href="#sSpan7014" value="ϯ"/>
		<feat xlink:href="#sSpan7017" value="ⲁⲁⲥ"/>
		<feat xlink:href="#sSpan7057" value="ⲡ"/>
		<feat xlink:href="#sSpan7060" value="ⲉⲧ"/>
		<feat xlink:href="#sSpan7061" value="ϩⲟⲟⲩ"/>
		<feat xlink:href="#sSpan7078" value="ⲡ"/>
		<feat xlink:href="#sSpan7081" value="ⲉⲧ"/>
		<feat xlink:href="#sSpan7082" value="ϩⲟⲟⲩ"/></featList></paula>