<?xml version='1.0' encoding='UTF-8'?><!DOCTYPE paula SYSTEM "paula_feat.dtd">
<paula version="1.1">
	<header paula_id="scriptorium.martyrdom.victor.02.mark_text"/>
	<featList xmlns:xlink="http://www.w3.org/1999/xlink" type="text" xml:base="scriptorium.martyrdom.victor.02.mark.xml">
		<feat xlink:href="#sSpan3" value="ⲧⲉϥ ⲧⲣⲟⲫⲏ"/>
		<feat xlink:href="#sSpan23" value="ⲟⲩ ⲟⲉⲓⲕ"/>
		<feat xlink:href="#sSpan34" value="ⲟⲩ ϩⲙⲟⲩ"/>
		<feat xlink:href="#sSpan49" value="ⲡ ⲇⲓⲁⲃⲟⲗⲟⲥ"/>
		<feat xlink:href="#sSpan111" value="ⲟⲩ ⲡⲟⲣⲛⲉⲓⲁ"/>
		<feat xlink:href="#sSpan123" value="ⲡⲉⲓ ⲅⲉⲛⲛⲁⲓⲟⲥ ⲇⲉ ⲁⲡⲁ ⲃⲓⲕⲧⲱⲣ"/>
		<feat xlink:href="#sSpan171" value="ⲧ ⲛⲏⲥⲧⲉⲓⲁ"/>
		<feat xlink:href="#sSpan182" value="ⲧ ⲡⲟⲗⲓⲧⲉⲓⲁ"/>
		<feat xlink:href="#sSpan202" value="ⲛⲉϥ ϣⲃⲏⲣ ⲕⲟⲙⲉⲥ"/>
		<feat xlink:href="#sSpan314" value="ⲟⲩ ϩⲃⲥⲱ ⲛ ϩⲟⲉⲓⲧⲉ"/>
		<feat xlink:href="#sSpan344" value="ϩⲉⲛ ⲕⲟⲟⲩⲉ"/>
		<feat xlink:href="#sSpan358" value="ⲛⲉⲕ ⲛⲕⲁ"/>
		<feat xlink:href="#sSpan411" value="ⲛ ϩⲟⲓⲧⲉ"/>
		<feat xlink:href="#sSpan428" value="ⲡ ⲛⲟⲩⲃ"/>
		<feat xlink:href="#sSpan441" value="ⲡ ϩⲁⲧ"/>
		<feat xlink:href="#sSpan453" value="ϣⲓⲃⲉ"/>
		<feat xlink:href="#sSpan462" value="ⲡ ⲥⲁ ⲛ ⲛ ⲥⲱⲙⲁ"/>
		<feat xlink:href="#sSpan474" value="ⲛ ⲥⲱⲙⲁ"/>
		<feat xlink:href="#sSpan492" value="ⲛ ⲧⲁⲫⲟⲥ"/>
		<feat xlink:href="#sSpan505" value="ⲁⲡⲁ ⲃⲓⲕⲧⲱⲣ"/>
		<feat xlink:href="#sSpan540" value="ⲡⲉϥ ⲧⲁⲙⲉⲓⲟⲛ"/>
		<feat xlink:href="#sSpan563" value="ⲡ ⲛⲟⲩⲧⲉ"/>
		<feat xlink:href="#sSpan584" value="ⲡ ϫⲟⲉⲓⲥ"/>
		<feat xlink:href="#sSpan602" value="ⲡ ϫⲟⲉⲓⲥ ⲓⲏⲥⲟⲩⲥ ⲡⲉ ⲭⲣⲓⲥⲧⲟⲥ · ⲛⲧⲟⲕ ⲉⲧ ⲥⲟⲟⲩⲛ ⲛ ⲧⲁ ⲡⲣⲟϩⲁⲓⲣⲉⲥⲓⲥ"/>
		<feat xlink:href="#sSpan640" value="ⲧⲁ ⲡⲣⲟϩⲁⲓⲣⲉⲥⲓⲥ"/>
		<feat xlink:href="#sSpan676" value="ⲡⲁ ϫⲟⲉⲓⲥ ⲓⲏⲥⲟⲩⲥ ⲡⲉ ⲭⲣⲓⲥⲧⲟⲥ"/>
		<feat xlink:href="#sSpan704" value="ⲟⲩ ⲙⲉ ⲛ ⲥϩⲓⲙⲉ"/>
		<feat xlink:href="#sSpan713" value="ⲥϩⲓⲙⲉ"/>
		<feat xlink:href="#sSpan730" value="ⲡⲁ ϩⲏⲧ"/>
		<feat xlink:href="#sSpan748" value="ⲡ ⲥⲁⲧⲁⲛⲁⲥ"/>
		<feat xlink:href="#sSpan759" value="ⲙⲁ ⲛ ⲟⲩⲱϩ"/>
		<feat xlink:href="#sSpan776" value="ϩⲏⲧ"/>
		<feat xlink:href="#sSpan787" value="ⲛⲁ ϫⲁϫⲉ"/>
		<feat xlink:href="#sSpan860" value="ⲡⲉ ϩⲟⲟⲩ ⲙ ⲡ ϩⲁⲡ ⲙ ⲙⲉ"/>
		<feat xlink:href="#sSpan869" value="ⲡ ϩⲁⲡ ⲙ ⲙⲉ"/>
		<feat xlink:href="#sSpan898" value="ⲛⲉⲕ ϭⲓϫ"/>
		<feat xlink:href="#sSpan941" value="ⲧⲉⲕ ⲙⲛⲧⲛⲁⲏⲧ"/>
		<feat xlink:href="#sSpan992" value="ⲡ ⲉⲟⲟⲩ ⲛⲁ ⲕ ⲡ ⲉⲓⲱⲧ ⲉⲧ ϩⲙ ⲡ ϣⲏⲣⲉ"/>
		<feat xlink:href="#sSpan1017" value="ⲡ ϣⲏⲣⲉ"/>
		<feat xlink:href="#sSpan1034" value="ⲡ ϣⲏⲣⲉ ⲉⲧ ϩⲙ ⲡ ⲉⲓⲱⲧ · ⲙⲛ ⲡⲉ ⲡⲛⲉⲩⲙⲁ ⲉⲧ ⲟⲩⲁⲁⲃ"/>
		<feat xlink:href="#sSpan1045" value="ⲡ ⲉⲓⲱⲧ"/>
		<feat xlink:href="#sSpan1058" value="ⲡⲉ ⲡⲛⲉⲩⲙⲁ ⲉⲧ ⲟⲩⲁⲁⲃ"/>
		<feat xlink:href="#sSpan1079" value="ⲉⲛⲉϩ ⲛ ⲉⲛⲉϩ"/>
		<feat xlink:href="#sSpan1110" value="ϩⲣⲱⲙⲁⲛⲟⲥ ⲡⲉ ⲥⲧⲣⲁⲧⲏⲗⲁⲧⲏⲥ"/>
		<feat xlink:href="#sSpan1131" value="ⲁⲡⲁ ⲃⲓⲕⲧⲱⲣ ⲡⲉϥ ϣⲏⲣⲉ"/>
		<feat xlink:href="#sSpan1154" value="ⲡⲁ ϣⲏⲣⲉ ⲃⲓⲕⲧⲱⲣ"/>
		<feat xlink:href="#sSpan1164" value="ⲡⲉⲕ ⲟⲣⲇⲓⲛⲟⲛ"/>
		<feat xlink:href="#sSpan1189" value="ⲛ ⲛⲟⲩⲧⲉ ⲙ ⲡ ⲣⲣⲟ"/>
		<feat xlink:href="#sSpan1198" value="ⲡ ⲣⲣⲟ"/>
		<feat xlink:href="#sSpan1216" value="ⲧ ⲡⲟⲗⲓⲥ ⲧⲏⲣ ⲥ"/>
		<feat xlink:href="#sSpan1251" value="ⲡ ⲁⲡⲟⲗⲗⲟⲛ ⲡ ⲛⲟϭ ⲛ ⲛⲟⲩⲧⲉ"/>
		<feat xlink:href="#sSpan1277" value="ⲁⲡⲁ ⲃⲓⲕⲧⲱⲣ"/>
		<feat xlink:href="#sSpan1310" value="ⲡ ϩⲟ ⲙ ⲡⲉϥ ⲉⲓⲱⲧ"/>
		<feat xlink:href="#sSpan1319" value="ⲡⲉϥ ⲉⲓⲱⲧ"/>
		<feat xlink:href="#sSpan1347" value="ⲡⲁ ⲉⲓⲱⲧ"/>
		<feat xlink:href="#sSpan1359" value="ⲧⲉⲓ ⲙⲛⲧⲁⲧϩⲏⲧ ⲛⲧ ⲁ ⲥ ⲧⲁϩⲟ ⲕ ⲙ ⲡ ϩⲟⲟⲩ"/>
		<feat xlink:href="#sSpan1384" value="ⲡ ϩⲟⲟⲩ"/>
		<feat xlink:href="#sSpan1413" value="ⲡ ⲛⲟⲩⲧⲉ ⲛ ⲧ ⲡⲉ"/>
		<feat xlink:href="#sSpan1422" value="ⲧ ⲡⲉ"/>
		<feat xlink:href="#sSpan1437" value="ⲟⲩ ⲉⲟⲟⲩ ⲉ ϥ ϣⲟⲩⲉⲓⲧ"/>
		<feat xlink:href="#sSpan1462" value="ⲡ ⲙⲉⲉⲩⲉ ϭⲉ ϫⲉ ⲁ ⲡⲉⲛ ϫⲟⲉⲓⲥ ϫⲟⲟ ⲥ ϩⲙ ⲡ ⲉⲩⲁⲅⲅⲉⲗⲓⲟⲛ"/>
		<feat xlink:href="#sSpan1478" value="ⲡⲉⲛ ϫⲟⲉⲓⲥ"/>
		<feat xlink:href="#sSpan1493" value="ⲡ ⲉⲩⲁⲅⲅⲉⲗⲓⲟⲛ"/>
		<feat xlink:href="#sSpan1507" value="ⲡ ⲉⲧ ⲛⲁ ⲁⲣⲛⲁ ⲙⲙⲟ ⲓ ⲙ ⲡ ⲙⲧⲟ ⲉⲃⲟⲗ ⲛ ⲛ ⲣⲱⲙⲉ"/>
		<feat xlink:href="#sSpan1528" value="ⲡ ⲙⲧⲟ ⲉⲃⲟⲗ ⲛ ⲛ ⲣⲱⲙⲉ"/>
		<feat xlink:href="#sSpan1541" value="ⲛ ⲣⲱⲙⲉ"/>
		<feat xlink:href="#sSpan1574" value="ⲡ ⲙⲧⲟ ⲉⲃⲟⲗ ⲙ ⲡⲁ ⲉⲓⲱⲧ ⲉⲧ ϩⲛ ⲙ ⲡⲏⲩⲉ ⲙⲛ ⲛⲉϥ ⲁⲅⲅⲉⲗⲟⲥ ⲉⲧ ⲟⲩⲁⲁⲃ"/>
		<feat xlink:href="#sSpan1587" value="ⲡⲁ ⲉⲓⲱⲧ ⲉⲧ ϩⲛ ⲙ ⲡⲏⲩⲉ"/>
		<feat xlink:href="#sSpan1599" value="ⲙ ⲡⲏⲩⲉ"/>
		<feat xlink:href="#sSpan1608" value="ⲛⲉϥ ⲁⲅⲅⲉⲗⲟⲥ ⲉⲧ ⲟⲩⲁⲁⲃ"/>
		<feat xlink:href="#sSpan1649" value="ⲡⲁ ⲉⲓⲱⲧ"/>
		<feat xlink:href="#sSpan1701" value="ⲡ ϫⲟⲉⲓⲥ"/>
		<feat xlink:href="#sSpan1722" value="ⲙⲱⲩⲥⲏⲥ"/>
		<feat xlink:href="#sSpan1755" value="ⲛ ϣⲏⲣⲉ ⲙ ⲡ ⲓⲥⲣⲁⲏⲗ"/>
		<feat xlink:href="#sSpan1764" value="ⲡ ⲓⲥⲣⲁⲏⲗ"/>
		<feat xlink:href="#sSpan1796" value="ⲛ ϩⲉⲑⲛⲟⲥ"/>
		<feat xlink:href="#sSpan1808" value="ⲛⲁⲓ ⲉⲧ ϣⲙϣⲉ ⲙ ⲡ ⲥⲱⲛⲧ ⲡⲁⲣⲁ ⲡ ⲉⲛⲧ ⲁ ϥ ⲥⲱⲛⲧ"/>
		<feat xlink:href="#sSpan1822" value="ⲡ ⲥⲱⲛⲧ"/>
		<feat xlink:href="#sSpan1832" value="ⲡ ⲉⲛⲧ ⲁ ϥ ⲥⲱⲛⲧ"/>
		<feat xlink:href="#sSpan1856" value="ⲉⲓⲁⲧ ⲧⲏⲩⲧⲛ"/>
		<feat xlink:href="#sSpan1869" value="ⲧ ⲡⲉ"/>
		<feat xlink:href="#sSpan1891" value="ⲡ ⲣⲏ"/>
		<feat xlink:href="#sSpan1900" value="ⲡ ⲟⲟϩ"/>
		<feat xlink:href="#sSpan1911" value="ⲛ ⲥⲓⲟⲩ"/>
		<feat xlink:href="#sSpan1924" value="ⲛ ϩⲁⲗⲁⲁⲧⲉ ⲛ ⲧ ⲡⲉ"/>
		<feat xlink:href="#sSpan1933" value="ⲧ ⲡⲉ"/>
		<feat xlink:href="#sSpan1949" value="ⲛ ⲧⲃⲛⲟⲟⲩⲉ ⲙ ⲡ ⲕⲁϩ"/>
		<feat xlink:href="#sSpan1958" value="ⲡ ⲕⲁϩ"/>
		<feat xlink:href="#sSpan1992" value="ⲡⲉ ϩⲟⲟⲩ ⲉⲧ ⲙⲙⲁⲩ"/>
		<feat xlink:href="#sSpan2023" value="ⲡ ϫⲟⲉⲓⲥ"/>
		<feat xlink:href="#sSpan2042" value="ⲡⲁ ⲉⲓⲱⲧ"/>
		<feat xlink:href="#sSpan2070" value="ⲡ ϫⲟⲉⲓⲥ"/>
		<feat xlink:href="#sSpan2105" value="ⲡ ⲛⲟⲩⲧⲉ"/>
		<feat xlink:href="#sSpan2115" value="ⲡⲁ ⲉⲓⲱⲧ"/>
		<feat xlink:href="#sSpan2221" value="ⲛⲁⲓ"/>
		<feat xlink:href="#sSpan2253" value="ⲁⲡⲁ ⲃⲓⲕⲧⲱⲣ"/>
		<feat xlink:href="#sSpan2269" value="ⲡⲉ ⲥⲧⲣⲁⲧⲉⲩⲙⲁ"/>
		<feat xlink:href="#sSpan2290" value="ⲡⲉϥ ⲉⲓⲱⲧ"/>
		<feat xlink:href="#sSpan2322" value="ϩⲣⲱⲙⲁⲛⲟⲥ"/>
		<feat xlink:href="#sSpan2339" value="ⲡⲁ ϣⲏⲣⲉ ⲃⲓⲕⲧⲱⲣ"/>
		<feat xlink:href="#sSpan2398" value="ⲡⲉⲓ ⲙⲁ"/>
		<feat xlink:href="#sSpan2437" value="ⲧⲉⲕ ⲙⲛⲧⲕⲟⲩⲓ"/>
		<feat xlink:href="#sSpan2465" value="ⲡⲁ ϣⲏⲣⲉ ⲃⲓⲕⲧⲱⲣ"/>
		<feat xlink:href="#sSpan2496" value="ⲧⲉⲕ ϣⲉⲗⲉⲉⲧ"/>
		<feat xlink:href="#sSpan2534" value="ⲡ ⲕⲉ ⲉⲃⲟⲧ ⲉⲧ ⲛⲏⲩ"/>
		<feat xlink:href="#sSpan2558" value="ⲁⲡⲁ ⲃⲓⲕⲧⲱⲣ"/>
		<feat xlink:href="#sSpan2571" value="ⲡⲉϥ ⲉⲓⲱⲧ"/>
		<feat xlink:href="#sSpan2596" value="ϣⲉⲗⲉⲉⲧ"/>
		<feat xlink:href="#sSpan2606" value="ⲇⲱⲣⲟⲛ"/>
		<feat xlink:href="#sSpan2657" value="ⲡ ⲥⲱⲧⲏⲣ"/>
		<feat xlink:href="#sSpan2675" value="ⲡⲁ ⲉⲓⲱⲧ ⲛ ⲉⲃⲓⲏⲛ"/>
		<feat xlink:href="#sSpan2692" value="ⲛⲉ ϩⲃⲏⲩⲉ ⲉⲧ ⲕ ⲉⲓⲣⲉ ⲙⲙⲟ ⲟⲩ"/>
		<feat xlink:href="#sSpan2714" value="ⲡ ⲛⲟⲩⲧⲉ"/>
		<feat xlink:href="#sSpan2753" value="ⲡⲉ ϣⲧⲟⲣⲧⲣ"/>
		<feat xlink:href="#sSpan2800" value="ⲇⲁⲩⲉⲓⲇ"/>
		<feat xlink:href="#sSpan2811" value="ⲡ ⲉⲧ ϩⲙ ⲡ ⲡⲟⲗⲉⲙⲟⲥ"/>
		<feat xlink:href="#sSpan2818" value="ⲡ ⲡⲟⲗⲉⲙⲟⲥ"/>
		<feat xlink:href="#sSpan2829" value="ⲡ ⲉⲧ ϥⲓ ϩⲁ ⲛⲉ ⲥⲕⲉⲩⲏ"/>
		<feat xlink:href="#sSpan2841" value="ⲛⲉ ⲥⲕⲉⲩⲏ"/>
		<feat xlink:href="#sSpan2849" value="ⲡⲉⲓ ϣⲱϣ ⲛ ⲟⲩⲱⲧ"/>
		<feat xlink:href="#sSpan2875" value="ⲡⲉ ⲥⲛⲁⲩ"/>
		<feat xlink:href="#sSpan2891" value="ⲡⲁ ⲉⲓⲱⲧ"/>
		<feat xlink:href="#sSpan2904" value="ⲡ ⲉⲧ ⲉⲓⲣⲉ ⲙ ⲡ ⲛⲟⲃⲉ"/>
		<feat xlink:href="#sSpan2916" value="ⲡ ⲛⲟⲃⲉ"/>
		<feat xlink:href="#sSpan2929" value="ⲡ ⲉⲧ ⲥⲩⲛⲉⲩⲇⲟⲕⲉⲓ"/>
		<feat xlink:href="#sSpan2941" value="ⲡ ⲉⲧ ⲉⲓⲣⲉ ⲙⲙⲟ ϥ"/>
		<feat xlink:href="#sSpan2961" value="ⲡⲉⲓ ϣⲱϣ ⲛ ⲟⲩⲱⲧ"/>
		<feat xlink:href="#sSpan2991" value="ⲡⲉ ⲥⲛⲁⲩ"/>
		<feat xlink:href="#sSpan3011" value="ⲡⲁ ⲉⲓⲱⲧ"/>
		<feat xlink:href="#sSpan3039" value="ⲡⲉⲓ ⲛⲟⲃⲉ ⲉⲧ ϫⲓ ⲉϩⲟⲩⲛ ⲉ ⲡ ⲙⲟⲩ"/>
		<feat xlink:href="#sSpan3059" value="ⲡ ⲙⲟⲩ"/>
		<feat xlink:href="#sSpan3078" value="ⲡ ⲉⲩⲁⲅⲅⲉⲗⲓⲟⲛ ⲙ ⲡ ϫⲟⲉⲓⲥ"/>
		<feat xlink:href="#sSpan3089" value="ⲡ ϫⲟⲉⲓⲥ"/>
		<feat xlink:href="#sSpan3102" value="ⲛ ⲓⲟⲩⲇⲁⲓ"/>
		<feat xlink:href="#sSpan3130" value="ⲓⲏⲥⲟⲩⲥ"/>
		<feat xlink:href="#sSpan3140" value="ⲡⲓⲗⲁⲧⲟⲥ ⲇⲉ ⲡ ϩⲏⲅⲉⲙⲱⲛ"/>
		<feat xlink:href="#sSpan3171" value="ⲟⲩ ⲙⲟⲟⲩ"/>
		<feat xlink:href="#sSpan3189" value="ⲛⲉϥ ϭⲓϫ"/>
		<feat xlink:href="#sSpan3215" value="ⲁⲧⲗⲟⲓϭⲉ"/>
		<feat xlink:href="#sSpan3224" value="ⲧ ⲙⲏⲏⲧⲉ ⲛ ⲛ ⲁⲣⲭⲓⲉⲣⲉⲩⲥ"/>
		<feat xlink:href="#sSpan3233" value="ⲛ ⲁⲣⲭⲓⲉⲣⲉⲩⲥ"/>
		<feat xlink:href="#sSpan3243" value="ⲛ ⲓⲟⲩⲇⲁⲓ"/>
		<feat xlink:href="#sSpan3268" value="ⲧⲉ ⲯⲩⲭⲏ"/>
		<feat xlink:href="#sSpan3282" value="ⲡ ⲙⲟⲩ"/>
		<feat xlink:href="#sSpan3291" value="ⲡⲉϥ ⲉⲓⲱⲧ"/>
		<feat xlink:href="#sSpan3351" value="ⲁⲡⲟⲗⲗⲱⲛ ⲡ ⲛⲟϭ ⲛ ⲛⲟⲩⲧⲉ"/>
		<feat xlink:href="#sSpan3384" value="ⲡ ⲣⲣⲟ"/>
		<feat xlink:href="#sSpan3446" value="ⲛ ⲉⲧ ⲕ ⲛϩⲏⲧ ⲟⲩ"/>
		<feat xlink:href="#sSpan3478" value="ⲣⲙⲁⲅⲓⲁ"/>
		<feat xlink:href="#sSpan3486" value="ⲡⲉⲓ ⲣⲁⲛ"/>
		<feat xlink:href="#sSpan3497" value="ⲓⲏⲥⲟⲩⲥ"/>
		<feat xlink:href="#sSpan3522" value="ⲃⲓⲕⲧⲱⲣ"/>
		<feat xlink:href="#sSpan3552" value="ⲟⲩ ⲙⲏⲏϣⲉ"/>
		<feat xlink:href="#sSpan3609" value="ⲧⲉⲩ ⲡⲁⲛϩⲟⲡⲗⲓⲁ"/>
		<feat xlink:href="#sSpan3619" value="ⲛⲉⲩ ⲭⲣⲏⲙⲁ"/>
		<feat xlink:href="#sSpan3670" value="ⲧⲉⲕ ϣⲉⲗⲉⲉⲧ"/>
		<feat xlink:href="#sSpan3696" value="ⲁⲡⲁ ⲃⲓⲕⲧⲱⲣ"/>
		<feat xlink:href="#sSpan3722" value="ⲡⲁ ⲉⲓⲱⲧ"/>
		<feat xlink:href="#sSpan3732" value="ⲡ ⲕⲁⲣⲡⲟⲥ ⲙ ⲡ ⲇⲓⲁⲃⲟⲗⲟⲥ"/>
		<feat xlink:href="#sSpan3742" value="ⲡ ⲇⲓⲁⲃⲟⲗⲟⲥ"/>
		<feat xlink:href="#sSpan3772" value="ϩⲣⲱⲙⲁⲛⲟⲥ"/>
		<feat xlink:href="#sSpan3795" value="ⲁⲡⲁ ⲃⲓⲕⲧⲱⲣ"/>
		<feat xlink:href="#sSpan3823" value="ⲡ ⲧⲁⲗⲁⲓⲡⲱⲣⲟⲥ"/>
		<feat xlink:href="#sSpan3841" value="ⲟⲩ ⲣⲱⲙⲉ"/>
		<feat xlink:href="#sSpan3858" value="ⲡⲉϥ ⲉⲓⲱⲧ"/>
		<feat xlink:href="#sSpan3880" value="ⲁⲡⲁ ⲃⲓⲕⲧⲱⲣ"/>
		<feat xlink:href="#sSpan3906" value="ⲡⲉϥ ⲉⲓⲱⲧ"/>
		<feat xlink:href="#sSpan3919" value="ⲛ ⲥⲁϥ"/>
		<feat xlink:href="#sSpan3937" value="ⲡ ⲛⲟⲩⲧⲉ"/>
		<feat xlink:href="#sSpan3946" value="ⲡⲉⲕ ϣⲏⲣⲉ"/>
		<feat xlink:href="#sSpan3959" value="ⲡ ϩⲟⲟⲩ"/>
		<feat xlink:href="#sSpan3972" value="ⲡⲉⲕ ϣⲏⲣⲉ ⲁⲛ · ϫⲉ ⲁ ⲕ ⲣⲁⲧⲥⲱⲧⲙ ⲛⲥⲁ ⲡ ⲛⲟⲩⲧⲉ"/>
		<feat xlink:href="#sSpan4002" value="ⲡ ⲛⲟⲩⲧⲉ"/>
		<feat xlink:href="#sSpan4026" value="ⲛ ⲉⲓⲇⲱⲗⲟⲛ"/>
		<feat xlink:href="#sSpan4065" value="ⲡ ⲥⲁϩ ⲡⲁⲩⲗⲟⲥ"/>
		<feat xlink:href="#sSpan4083" value="ⲟⲩ ⲣⲱⲙⲉ ⲛ ϩⲁⲓⲣⲉϯⲕⲟⲥ"/>
		<feat xlink:href="#sSpan4122" value="ⲟⲩ ⲥⲟⲡ"/>
		<feat xlink:href="#sSpan4132" value="ⲥⲛⲁⲩ"/>
		<feat xlink:href="#sSpan4191" value="ⲙⲉⲣⲓⲥ"/>
		<feat xlink:href="#sSpan4200" value="ⲡ ⲛⲟⲩⲧⲉ"/>
		<feat xlink:href="#sSpan4216" value="ⲡⲁⲓ"/>
		<feat xlink:href="#sSpan4223" value="ⲡⲁ ⲉⲓⲱⲧ"/>
		<feat xlink:href="#sSpan4263" value="ⲡⲁ ϣⲏⲣⲉ"/>
		<feat xlink:href="#sSpan4271" value="ⲃⲓⲕⲧⲱⲣ"/>
		<feat xlink:href="#sSpan4295" value="ⲧⲉⲕ ⲙⲛⲧϣⲏⲣⲉ ϣⲏⲙ"/>
		<feat xlink:href="#sSpan4326" value="ⲧ ⲙⲏⲧⲉ ⲙ ⲡ ⲡⲁⲗⲗⲁϯⲟⲛ ⲙ ⲡ ⲣⲣⲟ"/>
		<feat xlink:href="#sSpan4335" value="ⲡ ⲡⲁⲗⲗⲁϯⲟⲛ ⲙ ⲡ ⲣⲣⲟ"/>
		<feat xlink:href="#sSpan4345" value="ⲡ ⲣⲣⲟ"/>
		<feat xlink:href="#sSpan4358" value="ⲡⲉϥ ⲥⲧⲣⲁⲧⲉⲩⲙⲁ ⲧⲏⲣ ϥ"/>
		<feat xlink:href="#sSpan4423" value="ⲧ ⲙⲏⲧⲉ ⲙ ⲡ ⲣⲣⲟ ⲙⲛ ⲛⲉϥ ϩⲙϩⲁⲗ"/>
		<feat xlink:href="#sSpan4432" value="ⲡ ⲣⲣⲟ"/>
		<feat xlink:href="#sSpan4442" value="ⲛⲉϥ ϩⲙϩⲁⲗ"/>
		<feat xlink:href="#sSpan4471" value="ⲡ ⲛⲟⲙⲟⲥ ⲛ ⲛ ⲣⲣⲱⲟⲩ"/>
		<feat xlink:href="#sSpan4482" value="ⲛ ⲣⲣⲱⲟⲩ"/>
		<feat xlink:href="#sSpan4510" value="ⲧ ⲙⲏⲧⲉ ⲛ ⲛⲉⲕ ϣⲃⲏⲣ"/>
		<feat xlink:href="#sSpan4519" value="ⲛⲉⲕ ϣⲃⲏⲣ"/>
		<feat xlink:href="#sSpan4541" value="ϯ ⲥⲉ ⲛ ⲁⲛⲛⲱⲛⲛⲁ"/>
		<feat xlink:href="#sSpan4574" value="ⲡ ⲣⲣⲟ"/>
		<feat xlink:href="#sSpan4631" value="ⲡ ⲣⲣⲟ"/>
		<feat xlink:href="#sSpan4662" value="ⲥⲧⲣⲁⲧⲏⲗⲁⲧⲏⲥ"/>
		<feat xlink:href="#sSpan4689" value="ⲡ ⲡⲁⲗⲗⲁϯⲟⲛ ⲙ ⲡ ⲣⲣⲟ"/>
		<feat xlink:href="#sSpan4700" value="ⲡ ⲣⲣⲟ"/>
		<feat xlink:href="#sSpan4732" value="ⲡⲁ ϣⲏⲣⲉ"/>
		<feat xlink:href="#sSpan4777" value="ⲧⲉⲕ ⲙⲁⲁⲩ"/>
		<feat xlink:href="#sSpan4787" value="ⲛ ϣⲏⲣⲉ ⲛⲥⲁⲃⲗⲗⲁ ⲕ"/>
		<feat xlink:href="#sSpan4810" value="ⲡ ⲟⲩϫⲁⲓ ⲙ ⲡ ⲁⲡⲟⲗⲗⲱⲛ"/>
		<feat xlink:href="#sSpan4820" value="ⲡ ⲁⲡⲟⲗⲗⲱⲛ"/>
		<feat xlink:href="#sSpan4830" value="ⲧⲉⲕ ⲙⲁⲁⲩ"/>
		<feat xlink:href="#sSpan4849" value="ⲡⲉⲕ ⲥⲱⲙⲁ"/>
		<feat xlink:href="#sSpan4879" value="ⲟⲩ ϩⲟⲟⲩ"/>
		<feat xlink:href="#sSpan4940" value="ⲡⲉⲕ ⲟⲩϫⲁⲓ"/>
		<feat xlink:href="#sSpan4952" value="ⲡⲁ ϣⲏⲣⲉ ⲃⲓⲕⲧⲱⲣ"/>
		<feat xlink:href="#sSpan4970" value="ⲡⲉ ϩⲟⲟⲩ ⲛⲧ ⲁ ⲩ ϫⲡⲟ ⲕ ⲛⲁ ⲓ"/>
		<feat xlink:href="#sSpan5011" value="ϫⲟⲩⲱⲧ ⲛ ⲕⲉ ⲇⲉⲛⲁⲣⲓⲟⲛ ⲛ ⲛⲟⲩⲃ"/>
		<feat xlink:href="#sSpan5028" value="ⲛⲟⲩⲃ"/>
		<feat xlink:href="#sSpan5035" value="ⲡ ⲣⲡⲉ ⲙ ⲡ ⲁⲡⲟⲗⲗⲱⲛ"/>
		<feat xlink:href="#sSpan5044" value="ⲡ ⲁⲡⲟⲗⲗⲱⲛ"/>
		<feat xlink:href="#sSpan5085" value="ⲡⲉⲕ ϣⲟⲙⲛⲧ ⲅⲁⲣ ⲛⲧ ⲁ ⲩ ϫⲡⲟ ⲕ ⲛⲁ ⲓ"/>
		<feat xlink:href="#sSpan5090" value="ϣⲟⲙⲛⲧ ⲅⲁⲣ"/>
		<feat xlink:href="#sSpan5137" value="ⲧ ϣⲉⲉⲣⲉ ⲛ ⲃⲁⲥⲓⲗⲉⲓⲧⲏⲥ"/>
		<feat xlink:href="#sSpan5147" value="ⲃⲁⲥⲓⲗⲉⲓⲧⲏⲥ"/>
		<feat xlink:href="#sSpan5161" value="ⲥϩⲓⲙⲉ"/>
		<feat xlink:href="#sSpan5182" value="ⲡⲉⲕ ⲟⲩϫⲁⲓ"/>
		<feat xlink:href="#sSpan5194" value="ⲡⲁ ϣⲏⲣⲉ ⲃⲓⲕⲧⲱⲣ"/>
		<feat xlink:href="#sSpan5215" value="ⲛ ⲛⲟⲩⲧⲉ ⲉⲧ ⲧⲁⲓⲏⲩ ⲙ ⲡ ⲣⲣⲟ"/>
		<feat xlink:href="#sSpan5230" value="ⲡ ⲣⲣⲟ"/>
		<feat xlink:href="#sSpan5259" value="ⲕⲉ ⲙⲁⲁⲃ ⲛ ⲕⲉⲛⲧⲏⲛⲁⲣⲓⲟⲛ ⲛ ⲛⲟⲩⲃ · ⲭⲱⲣⲓⲥ ⲛ ⲉⲛⲧ ⲁ ⲓ ⲧⲟϣ ⲟⲩ ⲉ ⲧⲁⲁ ⲩ ⲛⲁ ⲕ"/>
		<feat xlink:href="#sSpan5276" value="ⲛⲟⲩⲃ"/>
		<feat xlink:href="#sSpan5320" value="ⲃⲁⲥⲓⲗⲉⲓⲧⲏⲥ"/>
		<feat xlink:href="#sSpan5337" value="ⲉⲩϩⲁⲓⲟⲥ"/>
		<feat xlink:href="#sSpan5359" value="ⲁⲡⲁ ⲃⲓⲕⲧⲱⲣ"/>
		<feat xlink:href="#sSpan5419" value="ⲣⲱⲙⲉ ⲉⲗⲉⲩⲑⲉⲣⲟⲥ"/>
		<feat xlink:href="#sSpan5457" value="ⲛⲓ ϩⲙϩⲁⲗ"/>
		<feat xlink:href="#sSpan5486" value="ⲡⲉⲕ ϩⲏⲧ"/>
		<feat xlink:href="#sSpan5525" value="ⲡⲉⲕ ⲉⲓⲱⲧ"/>
		<feat xlink:href="#sSpan5565" value="ϩⲏⲧ ⲛ"/>
		<feat xlink:href="#sSpan5613" value="ⲁⲡⲁ ⲃⲓⲕⲧⲱⲣ"/>
		<feat xlink:href="#sSpan5659" value="ⲡ ⲛⲟⲩⲧⲉ ⲛⲉⲕ ⲃⲁⲗ"/>
		<feat xlink:href="#sSpan5674" value="ⲛⲉⲕ ⲙⲁⲁϫⲉ"/>
		<feat xlink:href="#sSpan5712" value="ⲱⲛϩ"/>
		<feat xlink:href="#sSpan5733" value="ⲟⲩⲟⲛ ⲛⲓⲙ"/>
		<feat xlink:href="#sSpan5788" value="ⲡ ⲛⲟⲩⲧⲉ ⲛ ⲛ ⲉⲧ ⲟⲩ ⲉⲓⲣⲉ ⲙⲙⲟ ⲟⲩ ⲛⲁ ⲓ"/>
		<feat xlink:href="#sSpan5797" value="ⲛ ⲉⲧ ⲟⲩ ⲉⲓⲣⲉ ⲙⲙⲟ ⲟⲩ ⲛⲁ ⲓ"/>
		<feat xlink:href="#sSpan5851" value="ⲙⲁⲁⲃ ⲛ ⲕⲉⲛⲧⲏⲛⲁⲣⲓⲟⲛ ⲛ ⲛⲟⲩⲃ"/>
		<feat xlink:href="#sSpan5866" value="ⲛⲟⲩⲃ"/>
		<feat xlink:href="#sSpan5883" value="ⲓⲏⲥⲟⲩⲥ"/>
		<feat xlink:href="#sSpan5890" value="ⲧ ⲙⲏⲏⲧⲉ ⲙ ⲡⲉⲓ ⲙⲏⲏϣⲉ"/>
		<feat xlink:href="#sSpan5899" value="ⲡⲉⲓ ⲙⲏⲏϣⲉ"/>
		<feat xlink:href="#sSpan5931" value="ⲓⲟⲩⲇⲁⲥ ϩⲱ ⲡ ⲉⲛⲧ ⲁ ϥ ϯ ⲉⲃⲟⲗ ⲙ ⲡⲉϥ ϫⲟⲉⲓⲥ"/>
		<feat xlink:href="#sSpan5960" value="ⲡⲉϥ ϫⲟⲉⲓⲥ"/>
		<feat xlink:href="#sSpan5969" value="ⲙⲁⲁⲃ ⲛ ϩⲁⲧ"/>
		<feat xlink:href="#sSpan5987" value="ⲡⲁⲓ"/>
		<feat xlink:href="#sSpan6004" value="ⲡ ⲕⲁⲕⲉ"/>
		<feat xlink:href="#sSpan6014" value="ⲧ ⲉⲧ ϩⲓⲃⲟⲗ"/>
		<feat xlink:href="#sSpan6025" value="ⲉⲛⲉϩ"/>
		<feat xlink:href="#sSpan6047" value="ⲛ ⲉⲧ ⲟⲩⲁⲁⲃ"/>
		<feat xlink:href="#sSpan6083" value="ⲡ ⲣⲁⲛ ⲙ ⲡ ⲛⲟⲩⲧⲉ"/>
		<feat xlink:href="#sSpan6092" value="ⲡ ⲛⲟⲩⲧⲉ"/>
		<feat xlink:href="#sSpan6121" value="ⲡ ⲕⲟⲥⲙⲟⲥ ⲧⲏⲣ ϥ"/>
		<feat xlink:href="#sSpan6141" value="ⲧ ⲙⲛⲧⲣⲣⲟ ⲛ ⲇⲓⲟⲕⲗⲏϯⲁⲛⲟⲥ"/>
		<feat xlink:href="#sSpan6153" value="ⲇⲓⲟⲕⲗⲏϯⲁⲛⲟⲥ"/>
		<feat xlink:href="#sSpan6165" value="ⲛⲉϥ ⲭⲣⲏⲙⲁ · ⲙⲛ ⲛⲉϥ ⲛⲟⲩⲧⲉ ⲛ ϩⲁⲧ ϩⲓ ⲛⲟⲩⲃ ⲛⲧ ⲁ ϥ ⲧⲁⲙⲓⲟ ⲟⲩ"/>
		<feat xlink:href="#sSpan6179" value="ⲛⲉϥ ⲛⲟⲩⲧⲉ ⲛ ϩⲁⲧ ϩⲓ ⲛⲟⲩⲃ ⲛⲧ ⲁ ϥ ⲧⲁⲙⲓⲟ ⲟⲩ"/>
		<feat xlink:href="#sSpan6188" value="ϩⲁⲧ"/>
		<feat xlink:href="#sSpan6196" value="ⲛⲟⲩⲃ"/>
		<feat xlink:href="#sSpan6262" value="ⲡ ⲕⲟⲥⲙⲟⲥ ⲧⲏⲣ ϥ"/>
		<feat xlink:href="#sSpan6293" value="ⲧⲉⲕ ⲯⲩⲭⲏ"/>
		<feat xlink:href="#sSpan6311" value="ⲡ ϩⲏⲩ"/>
		<feat xlink:href="#sSpan6352" value="ⲙⲛⲧⲥⲛⲟⲟⲩⲥ ⲛ ⲣⲟⲙⲡⲉ"/>
		<feat xlink:href="#sSpan6366" value="ⲡ ϩⲟⲟⲩ"/>
		<feat xlink:href="#sSpan6389" value="ⲡ ⲥⲁⲃⲃⲁⲧⲟⲛ"/>
		<feat xlink:href="#sSpan6399" value="ⲡ ⲥⲁⲃⲃⲁⲧⲟⲛ"/>
		<feat xlink:href="#sSpan6424" value="ⲟⲩ ⲥⲓⲟⲟⲩⲛ"/>
		<feat xlink:href="#sSpan6433" value="ⲛⲁⲓ"/>
		<feat xlink:href="#sSpan6466" value="ϩⲣⲱⲙⲁⲛⲟⲥ"/>
		<feat xlink:href="#sSpan6480" value="ⲡⲉϥ ϣⲏⲣⲉ ⲃⲓⲕⲧⲱⲣ"/>
		<feat xlink:href="#sSpan6506" value="ⲡ ⲟⲩϫⲁⲓ ⲙ ⲡ ⲁⲡⲟⲗⲗⲱⲛ"/>
		<feat xlink:href="#sSpan6516" value="ⲡ ⲁⲡⲟⲗⲗⲱⲛ"/>
		<feat xlink:href="#sSpan6552" value="ⲡ ⲣⲣⲟ"/>
		<feat xlink:href="#sSpan6632" value="ⲛ ⲛⲟⲙⲟⲥ"/>
		<feat xlink:href="#sSpan6660" value="ⲟⲩ ϣⲏⲣⲉ"/>
		<feat xlink:href="#sSpan6677" value="ⲡⲉϥ ⲉⲓⲱⲧ"/>
		<feat xlink:href="#sSpan6705" value="ⲁⲡⲁ ⲃⲓⲕⲧⲱⲣ"/>
		<feat xlink:href="#sSpan6731" value="ⲡⲉϥ ⲉⲓⲱⲧ"/>
		<feat xlink:href="#sSpan6754" value="ⲡ ϩⲟⲟⲩ"/>
		<feat xlink:href="#sSpan6775" value="ⲡ ⲉⲧ ⲥⲏϩ"/>
		<feat xlink:href="#sSpan6792" value="ⲟⲩ ⲉⲓⲱⲧ"/>
		<feat xlink:href="#sSpan6810" value="ⲛⲉϥ ϣⲏⲣⲉ"/>
		<feat xlink:href="#sSpan6819" value="ⲡ ⲙⲟⲩ"/>
		<feat xlink:href="#sSpan6853" value="ⲡⲁ ⲉⲓⲱⲧ"/>
		<feat xlink:href="#sSpan6872" value="ⲡ ⲉⲧ ⲛⲁ ⲃⲟⲏⲑⲉⲓ ⲉⲣⲟ ⲓ"/>
		<feat xlink:href="#sSpan6922" value="ⲡ ⲧⲱⲃⲉ ⲙ ⲡⲁ ϫⲟⲉⲓⲥ"/>
		<feat xlink:href="#sSpan6932" value="ⲡⲁ ϫⲟⲉⲓⲥ"/>
		<feat xlink:href="#sSpan6947" value="ⲛ ⲓⲟⲩⲇⲁⲓ"/>
		<feat xlink:href="#sSpan7052" value="ⲟⲩ ⲡⲉⲧϩⲟⲟⲩ"/>
		<feat xlink:href="#sSpan7065" value="ⲡ ⲙⲁ ⲛ ⲟⲩ ⲡⲉⲧϩⲟⲟⲩ"/>
		<feat xlink:href="#sSpan7074" value="ⲟⲩ ⲡⲉⲧϩⲟⲟⲩ"/>
		<feat xlink:href="#sSpan7149" value="ⲡⲉⲓ ⲙⲏⲏϣⲉ ⲧⲏⲣ ϥ"/>
		<feat xlink:href="#sSpan7164" value="ⲡ ϩⲟⲟⲩ"/>
		<feat xlink:href="#sSpan7177" value="ⲡⲉⲓ ⲣⲣⲟ ⲛ ⲁⲛⲟⲙⲟⲥ ⲉⲧ ⲉⲓⲣⲉ ⲛ ⲧⲉⲓ ⲡⲗⲁⲛⲏ ⲛ ⲧ ⲙⲏⲧⲉ ⲛ ⲧⲉⲓ ⲡⲟⲗⲓⲥ"/>
		<feat xlink:href="#sSpan7202" value="ⲧⲉⲓ ⲡⲗⲁⲛⲏ"/>
		<feat xlink:href="#sSpan7212" value="ⲧ ⲙⲏⲧⲉ ⲛ ⲧⲉⲓ ⲡⲟⲗⲓⲥ"/>
		<feat xlink:href="#sSpan7222" value="ⲧⲉⲓ ⲡⲟⲗⲓⲥ"/></featList></paula>