<?xml version='1.0' encoding='UTF-8'?><!DOCTYPE paula SYSTEM "paula_rel.dtd">
<paula version="1.1">
	<header paula_id="scriptorium.martyrdom.victor.06.head"/>
	<relList xmlns:xlink="http://www.w3.org/1999/xlink" type="head">
		<rel id="sPointingRel4651" xlink:href="scriptorium.martyrdom.victor.06.mark.xml#sSpan5537" target="scriptorium.martyrdom.victor.06.mark.xml#sSpan5538"/>
		<rel id="sPointingRel4653" xlink:href="scriptorium.martyrdom.victor.06.mark.xml#sSpan8616" target="scriptorium.martyrdom.victor.06.mark.xml#sSpan8617"/>
		<rel id="sPointingRel4655" xlink:href="scriptorium.martyrdom.victor.06.mark.xml#sSpan4907" target="scriptorium.martyrdom.victor.06.mark.xml#sSpan4909"/>
		<rel id="sPointingRel4657" xlink:href="scriptorium.martyrdom.victor.06.mark.xml#sSpan1479" target="scriptorium.martyrdom.victor.06.mark.xml#sSpan1481"/>
		<rel id="sPointingRel4659" xlink:href="scriptorium.martyrdom.victor.06.mark.xml#sSpan3759" target="scriptorium.martyrdom.victor.06.mark.xml#sSpan3760"/>
		<rel id="sPointingRel4661" xlink:href="scriptorium.martyrdom.victor.06.mark.xml#sSpan7934" target="scriptorium.martyrdom.victor.06.mark.xml#sSpan7941"/>
		<rel id="sPointingRel4663" xlink:href="scriptorium.martyrdom.victor.06.mark.xml#sSpan9138" target="scriptorium.martyrdom.victor.06.mark.xml#sSpan9135"/>
		<rel id="sPointingRel4665" xlink:href="scriptorium.martyrdom.victor.06.mark.xml#sSpan3648" target="scriptorium.martyrdom.victor.06.mark.xml#sSpan3649"/>
		<rel id="sPointingRel4667" xlink:href="scriptorium.martyrdom.victor.06.mark.xml#sSpan7115" target="scriptorium.martyrdom.victor.06.mark.xml#sSpan7116"/>
		<rel id="sPointingRel4669" xlink:href="scriptorium.martyrdom.victor.06.mark.xml#sSpan3243" target="scriptorium.martyrdom.victor.06.mark.xml#sSpan3246"/>
		<rel id="sPointingRel4671" xlink:href="scriptorium.martyrdom.victor.06.mark.xml#sSpan555" target="scriptorium.martyrdom.victor.06.mark.xml#sSpan553"/>
		<rel id="sPointingRel4673" xlink:href="scriptorium.martyrdom.victor.06.mark.xml#sSpan4052" target="scriptorium.martyrdom.victor.06.mark.xml#sSpan4053"/>
		<rel id="sPointingRel4675" xlink:href="scriptorium.martyrdom.victor.06.mark.xml#sSpan1947" target="scriptorium.martyrdom.victor.06.mark.xml#sSpan1948"/>
		<rel id="sPointingRel4677" xlink:href="scriptorium.martyrdom.victor.06.mark.xml#sSpan3290" target="scriptorium.martyrdom.victor.06.mark.xml#sSpan3294"/>
		<rel id="sPointingRel4679" xlink:href="scriptorium.martyrdom.victor.06.mark.xml#sSpan2774" target="scriptorium.martyrdom.victor.06.mark.xml#sSpan2775"/>
		<rel id="sPointingRel4681" xlink:href="scriptorium.martyrdom.victor.06.mark.xml#sSpan2742" target="scriptorium.martyrdom.victor.06.mark.xml#sSpan2743"/>
		<rel id="sPointingRel4683" xlink:href="scriptorium.martyrdom.victor.06.mark.xml#sSpan5199" target="scriptorium.martyrdom.victor.06.mark.xml#sSpan5202"/>
		<rel id="sPointingRel4685" xlink:href="scriptorium.martyrdom.victor.06.mark.xml#sSpan1743" target="scriptorium.martyrdom.victor.06.mark.xml#sSpan1741"/>
		<rel id="sPointingRel4687" xlink:href="scriptorium.martyrdom.victor.06.mark.xml#sSpan1732" target="scriptorium.martyrdom.victor.06.mark.xml#sSpan1734"/>
		<rel id="sPointingRel4689" xlink:href="scriptorium.martyrdom.victor.06.mark.xml#sSpan4521" target="scriptorium.martyrdom.victor.06.mark.xml#sSpan4523"/>
		<rel id="sPointingRel4691" xlink:href="scriptorium.martyrdom.victor.06.mark.xml#sSpan8495" target="scriptorium.martyrdom.victor.06.mark.xml#sSpan8497"/>
		<rel id="sPointingRel4693" xlink:href="scriptorium.martyrdom.victor.06.mark.xml#sSpan7394" target="scriptorium.martyrdom.victor.06.mark.xml#sSpan7395"/>
		<rel id="sPointingRel4695" xlink:href="scriptorium.martyrdom.victor.06.mark.xml#sSpan4751" target="scriptorium.martyrdom.victor.06.mark.xml#sSpan4752"/>
		<rel id="sPointingRel4697" xlink:href="scriptorium.martyrdom.victor.06.mark.xml#sSpan4965" target="scriptorium.martyrdom.victor.06.mark.xml#sSpan4969"/>
		<rel id="sPointingRel4699" xlink:href="scriptorium.martyrdom.victor.06.mark.xml#sSpan3446" target="scriptorium.martyrdom.victor.06.mark.xml#sSpan3447"/>
		<rel id="sPointingRel4701" xlink:href="scriptorium.martyrdom.victor.06.mark.xml#sSpan2523" target="scriptorium.martyrdom.victor.06.mark.xml#sSpan2525"/>
		<rel id="sPointingRel4703" xlink:href="scriptorium.martyrdom.victor.06.mark.xml#sSpan6649" target="scriptorium.martyrdom.victor.06.mark.xml#sSpan6647"/>
		<rel id="sPointingRel4705" xlink:href="scriptorium.martyrdom.victor.06.mark.xml#sSpan854" target="scriptorium.martyrdom.victor.06.mark.xml#sSpan855"/>
		<rel id="sPointingRel4707" xlink:href="scriptorium.martyrdom.victor.06.mark.xml#sSpan5881" target="scriptorium.martyrdom.victor.06.mark.xml#sSpan5883"/>
		<rel id="sPointingRel4709" xlink:href="scriptorium.martyrdom.victor.06.mark.xml#sSpan3089" target="scriptorium.martyrdom.victor.06.mark.xml#sSpan3087"/>
		<rel id="sPointingRel4711" xlink:href="scriptorium.martyrdom.victor.06.mark.xml#sSpan2971" target="scriptorium.martyrdom.victor.06.mark.xml#sSpan2972"/>
		<rel id="sPointingRel4713" xlink:href="scriptorium.martyrdom.victor.06.mark.xml#sSpan5583" target="scriptorium.martyrdom.victor.06.mark.xml#sSpan5581"/>
		<rel id="sPointingRel4715" xlink:href="scriptorium.martyrdom.victor.06.mark.xml#sSpan2903" target="scriptorium.martyrdom.victor.06.mark.xml#sSpan2904"/>
		<rel id="sPointingRel4717" xlink:href="scriptorium.martyrdom.victor.06.mark.xml#sSpan5546" target="scriptorium.martyrdom.victor.06.mark.xml#sSpan5547"/>
		<rel id="sPointingRel4719" xlink:href="scriptorium.martyrdom.victor.06.mark.xml#sSpan3502" target="scriptorium.martyrdom.victor.06.mark.xml#sSpan3503"/>
		<rel id="sPointingRel4721" xlink:href="scriptorium.martyrdom.victor.06.mark.xml#sSpan8890" target="scriptorium.martyrdom.victor.06.mark.xml#sSpan8896"/>
		<rel id="sPointingRel4723" xlink:href="scriptorium.martyrdom.victor.06.mark.xml#sSpan8352" target="scriptorium.martyrdom.victor.06.mark.xml#sSpan8354"/>
		<rel id="sPointingRel4725" xlink:href="scriptorium.martyrdom.victor.06.mark.xml#sSpan261" target="scriptorium.martyrdom.victor.06.mark.xml#sSpan287"/>
		<rel id="sPointingRel4727" xlink:href="scriptorium.martyrdom.victor.06.mark.xml#sSpan8996" target="scriptorium.martyrdom.victor.06.mark.xml#sSpan8998"/>
		<rel id="sPointingRel4729" xlink:href="scriptorium.martyrdom.victor.06.mark.xml#sSpan5475" target="scriptorium.martyrdom.victor.06.mark.xml#sSpan5479"/>
		<rel id="sPointingRel4731" xlink:href="scriptorium.martyrdom.victor.06.mark.xml#sSpan4119" target="scriptorium.martyrdom.victor.06.mark.xml#sSpan4121"/>
		<rel id="sPointingRel4733" xlink:href="scriptorium.martyrdom.victor.06.mark.xml#sSpan2592" target="scriptorium.martyrdom.victor.06.mark.xml#sSpan2594"/>
		<rel id="sPointingRel4735" xlink:href="scriptorium.martyrdom.victor.06.mark.xml#sSpan6679" target="scriptorium.martyrdom.victor.06.mark.xml#sSpan6681"/>
		<rel id="sPointingRel4737" xlink:href="scriptorium.martyrdom.victor.06.mark.xml#sSpan3331" target="scriptorium.martyrdom.victor.06.mark.xml#sSpan3333"/>
		<rel id="sPointingRel4739" xlink:href="scriptorium.martyrdom.victor.06.mark.xml#sSpan32" target="scriptorium.martyrdom.victor.06.mark.xml#sSpan30"/>
		<rel id="sPointingRel4741" xlink:href="scriptorium.martyrdom.victor.06.mark.xml#sSpan5697" target="scriptorium.martyrdom.victor.06.mark.xml#sSpan5706"/>
		<rel id="sPointingRel4743" xlink:href="scriptorium.martyrdom.victor.06.mark.xml#sSpan8266" target="scriptorium.martyrdom.victor.06.mark.xml#sSpan8267"/>
		<rel id="sPointingRel4745" xlink:href="scriptorium.martyrdom.victor.06.mark.xml#sSpan2060" target="scriptorium.martyrdom.victor.06.mark.xml#sSpan2061"/>
		<rel id="sPointingRel4747" xlink:href="scriptorium.martyrdom.victor.06.mark.xml#sSpan788" target="scriptorium.martyrdom.victor.06.mark.xml#sSpan790"/>
		<rel id="sPointingRel4749" xlink:href="scriptorium.martyrdom.victor.06.mark.xml#sSpan1548" target="scriptorium.martyrdom.victor.06.mark.xml#sSpan1549"/>
		<rel id="sPointingRel4751" xlink:href="scriptorium.martyrdom.victor.06.mark.xml#sSpan6425" target="scriptorium.martyrdom.victor.06.mark.xml#sSpan6427"/>
		<rel id="sPointingRel4753" xlink:href="scriptorium.martyrdom.victor.06.mark.xml#sSpan2675" target="scriptorium.martyrdom.victor.06.mark.xml#sSpan2681"/>
		<rel id="sPointingRel4755" xlink:href="scriptorium.martyrdom.victor.06.mark.xml#sSpan4090" target="scriptorium.martyrdom.victor.06.mark.xml#sSpan4088"/>
		<rel id="sPointingRel4757" xlink:href="scriptorium.martyrdom.victor.06.mark.xml#sSpan7572" target="scriptorium.martyrdom.victor.06.mark.xml#sSpan7573"/>
		<rel id="sPointingRel4759" xlink:href="scriptorium.martyrdom.victor.06.mark.xml#sSpan7623" target="scriptorium.martyrdom.victor.06.mark.xml#sSpan7625"/>
		<rel id="sPointingRel4761" xlink:href="scriptorium.martyrdom.victor.06.mark.xml#sSpan6672" target="scriptorium.martyrdom.victor.06.mark.xml#sSpan6670"/>
		<rel id="sPointingRel4763" xlink:href="scriptorium.martyrdom.victor.06.mark.xml#sSpan6009" target="scriptorium.martyrdom.victor.06.mark.xml#sSpan6024"/>
		<rel id="sPointingRel4765" xlink:href="scriptorium.martyrdom.victor.06.mark.xml#sSpan2869" target="scriptorium.martyrdom.victor.06.mark.xml#sSpan2872"/>
		<rel id="sPointingRel4767" xlink:href="scriptorium.martyrdom.victor.06.mark.xml#sSpan759" target="scriptorium.martyrdom.victor.06.mark.xml#sSpan764"/>
		<rel id="sPointingRel4769" xlink:href="scriptorium.martyrdom.victor.06.mark.xml#sSpan5255" target="scriptorium.martyrdom.victor.06.mark.xml#sSpan5256"/>
		<rel id="sPointingRel4771" xlink:href="scriptorium.martyrdom.victor.06.mark.xml#sSpan6118" target="scriptorium.martyrdom.victor.06.mark.xml#sSpan6120"/>
		<rel id="sPointingRel4773" xlink:href="scriptorium.martyrdom.victor.06.mark.xml#sSpan4225" target="scriptorium.martyrdom.victor.06.mark.xml#sSpan4227"/>
		<rel id="sPointingRel4775" xlink:href="scriptorium.martyrdom.victor.06.mark.xml#sSpan4670" target="scriptorium.martyrdom.victor.06.mark.xml#sSpan4671"/>
		<rel id="sPointingRel4777" xlink:href="scriptorium.martyrdom.victor.06.mark.xml#sSpan3258" target="scriptorium.martyrdom.victor.06.mark.xml#sSpan3256"/>
		<rel id="sPointingRel4779" xlink:href="scriptorium.martyrdom.victor.06.mark.xml#sSpan2191" target="scriptorium.martyrdom.victor.06.mark.xml#sSpan2192"/>
		<rel id="sPointingRel4781" xlink:href="scriptorium.martyrdom.victor.06.mark.xml#sSpan6622" target="scriptorium.martyrdom.victor.06.mark.xml#sSpan6624"/>
		<rel id="sPointingRel4783" xlink:href="scriptorium.martyrdom.victor.06.mark.xml#sSpan8443" target="scriptorium.martyrdom.victor.06.mark.xml#sSpan8445"/>
		<rel id="sPointingRel4785" xlink:href="scriptorium.martyrdom.victor.06.mark.xml#sSpan2429" target="scriptorium.martyrdom.victor.06.mark.xml#sSpan2430"/>
		<rel id="sPointingRel4787" xlink:href="scriptorium.martyrdom.victor.06.mark.xml#sSpan1852" target="scriptorium.martyrdom.victor.06.mark.xml#sSpan1850"/>
		<rel id="sPointingRel4789" xlink:href="scriptorium.martyrdom.victor.06.mark.xml#sSpan3513" target="scriptorium.martyrdom.victor.06.mark.xml#sSpan3514"/>
		<rel id="sPointingRel4791" xlink:href="scriptorium.martyrdom.victor.06.mark.xml#sSpan8522" target="scriptorium.martyrdom.victor.06.mark.xml#sSpan8524"/>
		<rel id="sPointingRel4793" xlink:href="scriptorium.martyrdom.victor.06.mark.xml#sSpan129" target="scriptorium.martyrdom.victor.06.mark.xml#sSpan131"/>
		<rel id="sPointingRel4795" xlink:href="scriptorium.martyrdom.victor.06.mark.xml#sSpan9035" target="scriptorium.martyrdom.victor.06.mark.xml#sSpan9036"/>
		<rel id="sPointingRel4797" xlink:href="scriptorium.martyrdom.victor.06.mark.xml#sSpan8281" target="scriptorium.martyrdom.victor.06.mark.xml#sSpan8279"/>
		<rel id="sPointingRel4799" xlink:href="scriptorium.martyrdom.victor.06.mark.xml#sSpan1661" target="scriptorium.martyrdom.victor.06.mark.xml#sSpan1663"/>
		<rel id="sPointingRel4801" xlink:href="scriptorium.martyrdom.victor.06.mark.xml#sSpan7190" target="scriptorium.martyrdom.victor.06.mark.xml#sSpan7193"/>
		<rel id="sPointingRel4803" xlink:href="scriptorium.martyrdom.victor.06.mark.xml#sSpan5309" target="scriptorium.martyrdom.victor.06.mark.xml#sSpan5310"/>
		<rel id="sPointingRel4805" xlink:href="scriptorium.martyrdom.victor.06.mark.xml#sSpan5780" target="scriptorium.martyrdom.victor.06.mark.xml#sSpan5781"/>
		<rel id="sPointingRel4807" xlink:href="scriptorium.martyrdom.victor.06.mark.xml#sSpan720" target="scriptorium.martyrdom.victor.06.mark.xml#sSpan731"/>
		<rel id="sPointingRel4809" xlink:href="scriptorium.martyrdom.victor.06.mark.xml#sSpan3848" target="scriptorium.martyrdom.victor.06.mark.xml#sSpan3846"/>
		<rel id="sPointingRel4811" xlink:href="scriptorium.martyrdom.victor.06.mark.xml#sSpan6821" target="scriptorium.martyrdom.victor.06.mark.xml#sSpan6822"/>
		<rel id="sPointingRel4813" xlink:href="scriptorium.martyrdom.victor.06.mark.xml#sSpan661" target="scriptorium.martyrdom.victor.06.mark.xml#sSpan663"/>
		<rel id="sPointingRel4815" xlink:href="scriptorium.martyrdom.victor.06.mark.xml#sSpan5124" target="scriptorium.martyrdom.victor.06.mark.xml#sSpan5127"/>
		<rel id="sPointingRel4817" xlink:href="scriptorium.martyrdom.victor.06.mark.xml#sSpan4531" target="scriptorium.martyrdom.victor.06.mark.xml#sSpan4533"/>
		<rel id="sPointingRel4819" xlink:href="scriptorium.martyrdom.victor.06.mark.xml#sSpan3574" target="scriptorium.martyrdom.victor.06.mark.xml#sSpan3576"/>
		<rel id="sPointingRel4821" xlink:href="scriptorium.martyrdom.victor.06.mark.xml#sSpan2137" target="scriptorium.martyrdom.victor.06.mark.xml#sSpan2135"/>
		<rel id="sPointingRel4823" xlink:href="scriptorium.martyrdom.victor.06.mark.xml#sSpan41" target="scriptorium.martyrdom.victor.06.mark.xml#sSpan42"/>
		<rel id="sPointingRel4825" xlink:href="scriptorium.martyrdom.victor.06.mark.xml#sSpan2399" target="scriptorium.martyrdom.victor.06.mark.xml#sSpan2401"/>
		<rel id="sPointingRel4827" xlink:href="scriptorium.martyrdom.victor.06.mark.xml#sSpan9096" target="scriptorium.martyrdom.victor.06.mark.xml#sSpan9097"/>
		<rel id="sPointingRel4829" xlink:href="scriptorium.martyrdom.victor.06.mark.xml#sSpan7071" target="scriptorium.martyrdom.victor.06.mark.xml#sSpan7072"/>
		<rel id="sPointingRel4831" xlink:href="scriptorium.martyrdom.victor.06.mark.xml#sSpan9317" target="scriptorium.martyrdom.victor.06.mark.xml#sSpan9319"/>
		<rel id="sPointingRel4833" xlink:href="scriptorium.martyrdom.victor.06.mark.xml#sSpan6145" target="scriptorium.martyrdom.victor.06.mark.xml#sSpan6146"/>
		<rel id="sPointingRel4835" xlink:href="scriptorium.martyrdom.victor.06.mark.xml#sSpan7463" target="scriptorium.martyrdom.victor.06.mark.xml#sSpan7465"/>
		<rel id="sPointingRel4837" xlink:href="scriptorium.martyrdom.victor.06.mark.xml#sSpan7233" target="scriptorium.martyrdom.victor.06.mark.xml#sSpan7231"/>
		<rel id="sPointingRel4839" xlink:href="scriptorium.martyrdom.victor.06.mark.xml#sSpan3657" target="scriptorium.martyrdom.victor.06.mark.xml#sSpan3660"/>
		<rel id="sPointingRel4841" xlink:href="scriptorium.martyrdom.victor.06.mark.xml#sSpan7430" target="scriptorium.martyrdom.victor.06.mark.xml#sSpan7431"/>
		<rel id="sPointingRel4843" xlink:href="scriptorium.martyrdom.victor.06.mark.xml#sSpan3720" target="scriptorium.martyrdom.victor.06.mark.xml#sSpan3721"/>
		<rel id="sPointingRel4845" xlink:href="scriptorium.martyrdom.victor.06.mark.xml#sSpan2852" target="scriptorium.martyrdom.victor.06.mark.xml#sSpan2850"/>
		<rel id="sPointingRel4847" xlink:href="scriptorium.martyrdom.victor.06.mark.xml#sSpan8692" target="scriptorium.martyrdom.victor.06.mark.xml#sSpan8693"/>
		<rel id="sPointingRel4849" xlink:href="scriptorium.martyrdom.victor.06.mark.xml#sSpan7633" target="scriptorium.martyrdom.victor.06.mark.xml#sSpan7635"/>
		<rel id="sPointingRel4851" xlink:href="scriptorium.martyrdom.victor.06.mark.xml#sSpan6830" target="scriptorium.martyrdom.victor.06.mark.xml#sSpan6832"/>
		<rel id="sPointingRel4853" xlink:href="scriptorium.martyrdom.victor.06.mark.xml#sSpan8569" target="scriptorium.martyrdom.victor.06.mark.xml#sSpan8570"/>
		<rel id="sPointingRel4855" xlink:href="scriptorium.martyrdom.victor.06.mark.xml#sSpan2893" target="scriptorium.martyrdom.victor.06.mark.xml#sSpan2895"/>
		<rel id="sPointingRel4857" xlink:href="scriptorium.martyrdom.victor.06.mark.xml#sSpan6133" target="scriptorium.martyrdom.victor.06.mark.xml#sSpan6131"/>
		<rel id="sPointingRel4859" xlink:href="scriptorium.martyrdom.victor.06.mark.xml#sSpan8669" target="scriptorium.martyrdom.victor.06.mark.xml#sSpan8671"/>
		<rel id="sPointingRel4861" xlink:href="scriptorium.martyrdom.victor.06.mark.xml#sSpan710" target="scriptorium.martyrdom.victor.06.mark.xml#sSpan712"/>
		<rel id="sPointingRel4863" xlink:href="scriptorium.martyrdom.victor.06.mark.xml#sSpan3054" target="scriptorium.martyrdom.victor.06.mark.xml#sSpan3055"/>
		<rel id="sPointingRel4865" xlink:href="scriptorium.martyrdom.victor.06.mark.xml#sSpan9237" target="scriptorium.martyrdom.victor.06.mark.xml#sSpan9239"/>
		<rel id="sPointingRel4867" xlink:href="scriptorium.martyrdom.victor.06.mark.xml#sSpan7206" target="scriptorium.martyrdom.victor.06.mark.xml#sSpan7207"/>
		<rel id="sPointingRel4869" xlink:href="scriptorium.martyrdom.victor.06.mark.xml#sSpan3397" target="scriptorium.martyrdom.victor.06.mark.xml#sSpan3398"/>
		<rel id="sPointingRel4871" xlink:href="scriptorium.martyrdom.victor.06.mark.xml#sSpan1498" target="scriptorium.martyrdom.victor.06.mark.xml#sSpan1500"/>
		<rel id="sPointingRel4873" xlink:href="scriptorium.martyrdom.victor.06.mark.xml#sSpan5237" target="scriptorium.martyrdom.victor.06.mark.xml#sSpan5239"/>
		<rel id="sPointingRel4875" xlink:href="scriptorium.martyrdom.victor.06.mark.xml#sSpan5102" target="scriptorium.martyrdom.victor.06.mark.xml#sSpan5103"/>
		<rel id="sPointingRel4877" xlink:href="scriptorium.martyrdom.victor.06.mark.xml#sSpan9058" target="scriptorium.martyrdom.victor.06.mark.xml#sSpan9059"/>
		<rel id="sPointingRel4879" xlink:href="scriptorium.martyrdom.victor.06.mark.xml#sSpan1121" target="scriptorium.martyrdom.victor.06.mark.xml#sSpan1119"/>
		<rel id="sPointingRel4881" xlink:href="scriptorium.martyrdom.victor.06.mark.xml#sSpan7987" target="scriptorium.martyrdom.victor.06.mark.xml#sSpan7988"/>
		<rel id="sPointingRel4883" xlink:href="scriptorium.martyrdom.victor.06.mark.xml#sSpan2389" target="scriptorium.martyrdom.victor.06.mark.xml#sSpan2391"/>
		<rel id="sPointingRel4885" xlink:href="scriptorium.martyrdom.victor.06.mark.xml#sSpan2512" target="scriptorium.martyrdom.victor.06.mark.xml#sSpan2515"/>
		<rel id="sPointingRel4887" xlink:href="scriptorium.martyrdom.victor.06.mark.xml#sSpan2789" target="scriptorium.martyrdom.victor.06.mark.xml#sSpan2787"/>
		<rel id="sPointingRel4889" xlink:href="scriptorium.martyrdom.victor.06.mark.xml#sSpan6785" target="scriptorium.martyrdom.victor.06.mark.xml#sSpan6789"/>
		<rel id="sPointingRel4891" xlink:href="scriptorium.martyrdom.victor.06.mark.xml#sSpan1705" target="scriptorium.martyrdom.victor.06.mark.xml#sSpan1712"/>
		<rel id="sPointingRel4893" xlink:href="scriptorium.martyrdom.victor.06.mark.xml#sSpan8235" target="scriptorium.martyrdom.victor.06.mark.xml#sSpan8237"/>
		<rel id="sPointingRel4895" xlink:href="scriptorium.martyrdom.victor.06.mark.xml#sSpan6263" target="scriptorium.martyrdom.victor.06.mark.xml#sSpan6265"/>
		<rel id="sPointingRel4897" xlink:href="scriptorium.martyrdom.victor.06.mark.xml#sSpan1721" target="scriptorium.martyrdom.victor.06.mark.xml#sSpan1719"/>
		<rel id="sPointingRel4899" xlink:href="scriptorium.martyrdom.victor.06.mark.xml#sSpan6711" target="scriptorium.martyrdom.victor.06.mark.xml#sSpan6713"/>
		<rel id="sPointingRel4901" xlink:href="scriptorium.martyrdom.victor.06.mark.xml#sSpan5083" target="scriptorium.martyrdom.victor.06.mark.xml#sSpan5084"/>
		<rel id="sPointingRel4903" xlink:href="scriptorium.martyrdom.victor.06.mark.xml#sSpan1301" target="scriptorium.martyrdom.victor.06.mark.xml#sSpan1302"/>
		<rel id="sPointingRel4905" xlink:href="scriptorium.martyrdom.victor.06.mark.xml#sSpan5418" target="scriptorium.martyrdom.victor.06.mark.xml#sSpan5421"/>
		<rel id="sPointingRel4907" xlink:href="scriptorium.martyrdom.victor.06.mark.xml#sSpan3162" target="scriptorium.martyrdom.victor.06.mark.xml#sSpan3163"/>
		<rel id="sPointingRel4909" xlink:href="scriptorium.martyrdom.victor.06.mark.xml#sSpan8932" target="scriptorium.martyrdom.victor.06.mark.xml#sSpan8934"/>
		<rel id="sPointingRel4911" xlink:href="scriptorium.martyrdom.victor.06.mark.xml#sSpan7489" target="scriptorium.martyrdom.victor.06.mark.xml#sSpan7487"/>
		<rel id="sPointingRel4913" xlink:href="scriptorium.martyrdom.victor.06.mark.xml#sSpan6283" target="scriptorium.martyrdom.victor.06.mark.xml#sSpan6285"/>
		<rel id="sPointingRel4915" xlink:href="scriptorium.martyrdom.victor.06.mark.xml#sSpan5598" target="scriptorium.martyrdom.victor.06.mark.xml#sSpan5608"/>
		<rel id="sPointingRel4917" xlink:href="scriptorium.martyrdom.victor.06.mark.xml#sSpan321" target="scriptorium.martyrdom.victor.06.mark.xml#sSpan323"/>
		<rel id="sPointingRel4919" xlink:href="scriptorium.martyrdom.victor.06.mark.xml#sSpan6373" target="scriptorium.martyrdom.victor.06.mark.xml#sSpan6375"/>
		<rel id="sPointingRel4921" xlink:href="scriptorium.martyrdom.victor.06.mark.xml#sSpan4316" target="scriptorium.martyrdom.victor.06.mark.xml#sSpan4317"/>
		<rel id="sPointingRel4923" xlink:href="scriptorium.martyrdom.victor.06.mark.xml#sSpan8327" target="scriptorium.martyrdom.victor.06.mark.xml#sSpan8328"/>
		<rel id="sPointingRel4925" xlink:href="scriptorium.martyrdom.victor.06.mark.xml#sSpan5793" target="scriptorium.martyrdom.victor.06.mark.xml#sSpan5794"/>
		<rel id="sPointingRel4927" xlink:href="scriptorium.martyrdom.victor.06.mark.xml#sSpan6274" target="scriptorium.martyrdom.victor.06.mark.xml#sSpan6275"/>
		<rel id="sPointingRel4929" xlink:href="scriptorium.martyrdom.victor.06.mark.xml#sSpan4235" target="scriptorium.martyrdom.victor.06.mark.xml#sSpan4233"/>
		<rel id="sPointingRel4931" xlink:href="scriptorium.martyrdom.victor.06.mark.xml#sSpan6940" target="scriptorium.martyrdom.victor.06.mark.xml#sSpan6941"/>
		<rel id="sPointingRel4933" xlink:href="scriptorium.martyrdom.victor.06.mark.xml#sSpan1622" target="scriptorium.martyrdom.victor.06.mark.xml#sSpan1620"/>
		<rel id="sPointingRel4935" xlink:href="scriptorium.martyrdom.victor.06.mark.xml#sSpan3600" target="scriptorium.martyrdom.victor.06.mark.xml#sSpan3601"/>
		<rel id="sPointingRel4937" xlink:href="scriptorium.martyrdom.victor.06.mark.xml#sSpan1251" target="scriptorium.martyrdom.victor.06.mark.xml#sSpan1257"/>
		<rel id="sPointingRel4939" xlink:href="scriptorium.martyrdom.victor.06.mark.xml#sSpan6383" target="scriptorium.martyrdom.victor.06.mark.xml#sSpan6385"/>
		<rel id="sPointingRel4941" xlink:href="scriptorium.martyrdom.victor.06.mark.xml#sSpan5555" target="scriptorium.martyrdom.victor.06.mark.xml#sSpan5561"/>
		<rel id="sPointingRel4943" xlink:href="scriptorium.martyrdom.victor.06.mark.xml#sSpan6752" target="scriptorium.martyrdom.victor.06.mark.xml#sSpan6754"/>
		<rel id="sPointingRel4945" xlink:href="scriptorium.martyrdom.victor.06.mark.xml#sSpan1045" target="scriptorium.martyrdom.victor.06.mark.xml#sSpan1043"/>
		<rel id="sPointingRel4947" xlink:href="scriptorium.martyrdom.victor.06.mark.xml#sSpan3919" target="scriptorium.martyrdom.victor.06.mark.xml#sSpan3920"/>
		<rel id="sPointingRel4949" xlink:href="scriptorium.martyrdom.victor.06.mark.xml#sSpan5146" target="scriptorium.martyrdom.victor.06.mark.xml#sSpan5147"/>
		<rel id="sPointingRel4951" xlink:href="scriptorium.martyrdom.victor.06.mark.xml#sSpan3476" target="scriptorium.martyrdom.victor.06.mark.xml#sSpan3477"/>
		<rel id="sPointingRel4953" xlink:href="scriptorium.martyrdom.victor.06.mark.xml#sSpan1647" target="scriptorium.martyrdom.victor.06.mark.xml#sSpan1648"/>
		<rel id="sPointingRel4955" xlink:href="scriptorium.martyrdom.victor.06.mark.xml#sSpan6949" target="scriptorium.martyrdom.victor.06.mark.xml#sSpan6947"/>
		<rel id="sPointingRel4957" xlink:href="scriptorium.martyrdom.victor.06.mark.xml#sSpan6524" target="scriptorium.martyrdom.victor.06.mark.xml#sSpan6528"/>
		<rel id="sPointingRel4959" xlink:href="scriptorium.martyrdom.victor.06.mark.xml#sSpan8554" target="scriptorium.martyrdom.victor.06.mark.xml#sSpan8561"/>
		<rel id="sPointingRel4961" xlink:href="scriptorium.martyrdom.victor.06.mark.xml#sSpan1065" target="scriptorium.martyrdom.victor.06.mark.xml#sSpan1066"/>
		<rel id="sPointingRel4963" xlink:href="scriptorium.martyrdom.victor.06.mark.xml#sSpan1311" target="scriptorium.martyrdom.victor.06.mark.xml#sSpan1309"/>
		<rel id="sPointingRel4965" xlink:href="scriptorium.martyrdom.victor.06.mark.xml#sSpan7303" target="scriptorium.martyrdom.victor.06.mark.xml#sSpan7305"/>
		<rel id="sPointingRel4967" xlink:href="scriptorium.martyrdom.victor.06.mark.xml#sSpan7367" target="scriptorium.martyrdom.victor.06.mark.xml#sSpan7365"/>
		<rel id="sPointingRel4969" xlink:href="scriptorium.martyrdom.victor.06.mark.xml#sSpan9296" target="scriptorium.martyrdom.victor.06.mark.xml#sSpan9294"/>
		<rel id="sPointingRel4971" xlink:href="scriptorium.martyrdom.victor.06.mark.xml#sSpan8116" target="scriptorium.martyrdom.victor.06.mark.xml#sSpan8117"/>
		<rel id="sPointingRel4973" xlink:href="scriptorium.martyrdom.victor.06.mark.xml#sSpan7662" target="scriptorium.martyrdom.victor.06.mark.xml#sSpan7660"/>
		<rel id="sPointingRel4975" xlink:href="scriptorium.martyrdom.victor.06.mark.xml#sSpan5176" target="scriptorium.martyrdom.victor.06.mark.xml#sSpan5174"/>
		<rel id="sPointingRel4977" xlink:href="scriptorium.martyrdom.victor.06.mark.xml#sSpan7876" target="scriptorium.martyrdom.victor.06.mark.xml#sSpan7872"/>
		<rel id="sPointingRel4979" xlink:href="scriptorium.martyrdom.victor.06.mark.xml#sSpan6494" target="scriptorium.martyrdom.victor.06.mark.xml#sSpan6495"/>
		<rel id="sPointingRel4981" xlink:href="scriptorium.martyrdom.victor.06.mark.xml#sSpan5004" target="scriptorium.martyrdom.victor.06.mark.xml#sSpan5005"/>
		<rel id="sPointingRel4983" xlink:href="scriptorium.martyrdom.victor.06.mark.xml#sSpan9260" target="scriptorium.martyrdom.victor.06.mark.xml#sSpan9261"/>
		<rel id="sPointingRel4985" xlink:href="scriptorium.martyrdom.victor.06.mark.xml#sSpan5997" target="scriptorium.martyrdom.victor.06.mark.xml#sSpan5999"/>
		<rel id="sPointingRel4987" xlink:href="scriptorium.martyrdom.victor.06.mark.xml#sSpan8079" target="scriptorium.martyrdom.victor.06.mark.xml#sSpan8080"/>
		<rel id="sPointingRel4989" xlink:href="scriptorium.martyrdom.victor.06.mark.xml#sSpan1454" target="scriptorium.martyrdom.victor.06.mark.xml#sSpan1455"/>
		<rel id="sPointingRel4991" xlink:href="scriptorium.martyrdom.victor.06.mark.xml#sSpan6184" target="scriptorium.martyrdom.victor.06.mark.xml#sSpan6186"/>
		<rel id="sPointingRel4993" xlink:href="scriptorium.martyrdom.victor.06.mark.xml#sSpan5954" target="scriptorium.martyrdom.victor.06.mark.xml#sSpan5956"/>
		<rel id="sPointingRel4995" xlink:href="scriptorium.martyrdom.victor.06.mark.xml#sSpan5432" target="scriptorium.martyrdom.victor.06.mark.xml#sSpan5438"/>
		<rel id="sPointingRel4997" xlink:href="scriptorium.martyrdom.victor.06.mark.xml#sSpan7038" target="scriptorium.martyrdom.victor.06.mark.xml#sSpan7040"/>
		<rel id="sPointingRel4999" xlink:href="scriptorium.martyrdom.victor.06.mark.xml#sSpan6481" target="scriptorium.martyrdom.victor.06.mark.xml#sSpan6482"/>
		<rel id="sPointingRel5001" xlink:href="scriptorium.martyrdom.victor.06.mark.xml#sSpan5730" target="scriptorium.martyrdom.victor.06.mark.xml#sSpan5732"/>
		<rel id="sPointingRel5003" xlink:href="scriptorium.martyrdom.victor.06.mark.xml#sSpan190" target="scriptorium.martyrdom.victor.06.mark.xml#sSpan188"/>
		<rel id="sPointingRel5005" xlink:href="scriptorium.martyrdom.victor.06.mark.xml#sSpan8363" target="scriptorium.martyrdom.victor.06.mark.xml#sSpan8366"/>
		<rel id="sPointingRel5007" xlink:href="scriptorium.martyrdom.victor.06.mark.xml#sSpan3821" target="scriptorium.martyrdom.victor.06.mark.xml#sSpan3822"/>
		<rel id="sPointingRel5009" xlink:href="scriptorium.martyrdom.victor.06.mark.xml#sSpan5092" target="scriptorium.martyrdom.victor.06.mark.xml#sSpan5094"/>
		<rel id="sPointingRel5011" xlink:href="scriptorium.martyrdom.victor.06.mark.xml#sSpan6435" target="scriptorium.martyrdom.victor.06.mark.xml#sSpan6442"/>
		<rel id="sPointingRel5013" xlink:href="scriptorium.martyrdom.victor.06.mark.xml#sSpan8829" target="scriptorium.martyrdom.victor.06.mark.xml#sSpan8831"/>
		<rel id="sPointingRel5015" xlink:href="scriptorium.martyrdom.victor.06.mark.xml#sSpan2626" target="scriptorium.martyrdom.victor.06.mark.xml#sSpan2632"/>
		<rel id="sPointingRel5017" xlink:href="scriptorium.martyrdom.victor.06.mark.xml#sSpan7477" target="scriptorium.martyrdom.victor.06.mark.xml#sSpan7475"/>
		<rel id="sPointingRel5019" xlink:href="scriptorium.martyrdom.victor.06.mark.xml#sSpan172" target="scriptorium.martyrdom.victor.06.mark.xml#sSpan170"/>
		<rel id="sPointingRel5021" xlink:href="scriptorium.martyrdom.victor.06.mark.xml#sSpan8640" target="scriptorium.martyrdom.victor.06.mark.xml#sSpan8638"/>
		<rel id="sPointingRel5023" xlink:href="scriptorium.martyrdom.victor.06.mark.xml#sSpan9285" target="scriptorium.martyrdom.victor.06.mark.xml#sSpan9281"/>
		<rel id="sPointingRel5025" xlink:href="scriptorium.martyrdom.victor.06.mark.xml#sSpan8038" target="scriptorium.martyrdom.victor.06.mark.xml#sSpan8034"/>
		<rel id="sPointingRel5027" xlink:href="scriptorium.martyrdom.victor.06.mark.xml#sSpan4325" target="scriptorium.martyrdom.victor.06.mark.xml#sSpan4327"/>
		<rel id="sPointingRel5029" xlink:href="scriptorium.martyrdom.victor.06.mark.xml#sSpan1128" target="scriptorium.martyrdom.victor.06.mark.xml#sSpan1129"/>
		<rel id="sPointingRel5031" xlink:href="scriptorium.martyrdom.victor.06.mark.xml#sSpan7802" target="scriptorium.martyrdom.victor.06.mark.xml#sSpan7800"/>
		<rel id="sPointingRel5033" xlink:href="scriptorium.martyrdom.victor.06.mark.xml#sSpan1528" target="scriptorium.martyrdom.victor.06.mark.xml#sSpan1530"/>
		<rel id="sPointingRel5035" xlink:href="scriptorium.martyrdom.victor.06.mark.xml#sSpan4785" target="scriptorium.martyrdom.victor.06.mark.xml#sSpan4787"/>
		<rel id="sPointingRel5037" xlink:href="scriptorium.martyrdom.victor.06.mark.xml#sSpan8859" target="scriptorium.martyrdom.victor.06.mark.xml#sSpan8860"/>
		<rel id="sPointingRel5039" xlink:href="scriptorium.martyrdom.victor.06.mark.xml#sSpan2989" target="scriptorium.martyrdom.victor.06.mark.xml#sSpan2990"/>
		<rel id="sPointingRel5041" xlink:href="scriptorium.martyrdom.victor.06.mark.xml#sSpan7525" target="scriptorium.martyrdom.victor.06.mark.xml#sSpan7527"/>
		<rel id="sPointingRel5043" xlink:href="scriptorium.martyrdom.victor.06.mark.xml#sSpan3220" target="scriptorium.martyrdom.victor.06.mark.xml#sSpan3223"/>
		<rel id="sPointingRel5045" xlink:href="scriptorium.martyrdom.victor.06.mark.xml#sSpan4946" target="scriptorium.martyrdom.victor.06.mark.xml#sSpan4947"/>
		<rel id="sPointingRel5047" xlink:href="scriptorium.martyrdom.victor.06.mark.xml#sSpan8626" target="scriptorium.martyrdom.victor.06.mark.xml#sSpan8627"/>
		<rel id="sPointingRel5049" xlink:href="scriptorium.martyrdom.victor.06.mark.xml#sSpan1215" target="scriptorium.martyrdom.victor.06.mark.xml#sSpan1217"/>
		<rel id="sPointingRel5051" xlink:href="scriptorium.martyrdom.victor.06.mark.xml#sSpan8424" target="scriptorium.martyrdom.victor.06.mark.xml#sSpan8426"/>
		<rel id="sPointingRel5053" xlink:href="scriptorium.martyrdom.victor.06.mark.xml#sSpan2235" target="scriptorium.martyrdom.victor.06.mark.xml#sSpan2238"/>
		<rel id="sPointingRel5055" xlink:href="scriptorium.martyrdom.victor.06.mark.xml#sSpan1766" target="scriptorium.martyrdom.victor.06.mark.xml#sSpan1768"/>
		<rel id="sPointingRel5057" xlink:href="scriptorium.martyrdom.victor.06.mark.xml#sSpan3876" target="scriptorium.martyrdom.victor.06.mark.xml#sSpan3880"/>
		<rel id="sPointingRel5059" xlink:href="scriptorium.martyrdom.victor.06.mark.xml#sSpan3462" target="scriptorium.martyrdom.victor.06.mark.xml#sSpan3464"/>
		<rel id="sPointingRel5061" xlink:href="scriptorium.martyrdom.victor.06.mark.xml#sSpan3964" target="scriptorium.martyrdom.victor.06.mark.xml#sSpan3966"/>
		<rel id="sPointingRel5063" xlink:href="scriptorium.martyrdom.victor.06.mark.xml#sSpan2819" target="scriptorium.martyrdom.victor.06.mark.xml#sSpan2821"/>
		<rel id="sPointingRel5065" xlink:href="scriptorium.martyrdom.victor.06.mark.xml#sSpan8069" target="scriptorium.martyrdom.victor.06.mark.xml#sSpan8070"/>
		<rel id="sPointingRel5067" xlink:href="scriptorium.martyrdom.victor.06.mark.xml#sSpan5210" target="scriptorium.martyrdom.victor.06.mark.xml#sSpan5212"/>
		<rel id="sPointingRel5069" xlink:href="scriptorium.martyrdom.victor.06.mark.xml#sSpan646" target="scriptorium.martyrdom.victor.06.mark.xml#sSpan644"/>
		<rel id="sPointingRel5071" xlink:href="scriptorium.martyrdom.victor.06.mark.xml#sSpan167" target="scriptorium.martyrdom.victor.06.mark.xml#sSpan165"/>
		<rel id="sPointingRel5073" xlink:href="scriptorium.martyrdom.victor.06.mark.xml#sSpan5769" target="scriptorium.martyrdom.victor.06.mark.xml#sSpan5771"/>
		<rel id="sPointingRel5075" xlink:href="scriptorium.martyrdom.victor.06.mark.xml#sSpan3811" target="scriptorium.martyrdom.victor.06.mark.xml#sSpan3812"/>
		<rel id="sPointingRel5077" xlink:href="scriptorium.martyrdom.victor.06.mark.xml#sSpan1471" target="scriptorium.martyrdom.victor.06.mark.xml#sSpan1467"/>
		<rel id="sPointingRel5079" xlink:href="scriptorium.martyrdom.victor.06.mark.xml#sSpan8789" target="scriptorium.martyrdom.victor.06.mark.xml#sSpan8786"/>
		<rel id="sPointingRel5081" xlink:href="scriptorium.martyrdom.victor.06.mark.xml#sSpan2614" target="scriptorium.martyrdom.victor.06.mark.xml#sSpan2615"/>
		<rel id="sPointingRel5083" xlink:href="scriptorium.martyrdom.victor.06.mark.xml#sSpan1360" target="scriptorium.martyrdom.victor.06.mark.xml#sSpan1362"/>
		<rel id="sPointingRel5085" xlink:href="scriptorium.martyrdom.victor.06.mark.xml#sSpan4005" target="scriptorium.martyrdom.victor.06.mark.xml#sSpan4007"/>
		<rel id="sPointingRel5087" xlink:href="scriptorium.martyrdom.victor.06.mark.xml#sSpan7700" target="scriptorium.martyrdom.victor.06.mark.xml#sSpan7698"/>
		<rel id="sPointingRel5089" xlink:href="scriptorium.martyrdom.victor.06.mark.xml#sSpan9251" target="scriptorium.martyrdom.victor.06.mark.xml#sSpan9252"/>
		<rel id="sPointingRel5091" xlink:href="scriptorium.martyrdom.victor.06.mark.xml#sSpan3635" target="scriptorium.martyrdom.victor.06.mark.xml#sSpan3636"/>
		<rel id="sPointingRel5093" xlink:href="scriptorium.martyrdom.victor.06.mark.xml#sSpan8943" target="scriptorium.martyrdom.victor.06.mark.xml#sSpan8941"/>
		<rel id="sPointingRel5095" xlink:href="scriptorium.martyrdom.victor.06.mark.xml#sSpan475" target="scriptorium.martyrdom.victor.06.mark.xml#sSpan472"/>
		<rel id="sPointingRel5097" xlink:href="scriptorium.martyrdom.victor.06.mark.xml#sSpan5745" target="scriptorium.martyrdom.victor.06.mark.xml#sSpan5749"/>
		<rel id="sPointingRel5099" xlink:href="scriptorium.martyrdom.victor.06.mark.xml#sSpan5656" target="scriptorium.martyrdom.victor.06.mark.xml#sSpan5658"/>
		<rel id="sPointingRel5101" xlink:href="scriptorium.martyrdom.victor.06.mark.xml#sSpan7163" target="scriptorium.martyrdom.victor.06.mark.xml#sSpan7165"/>
		<rel id="sPointingRel5103" xlink:href="scriptorium.martyrdom.victor.06.mark.xml#sSpan3350" target="scriptorium.martyrdom.victor.06.mark.xml#sSpan3357"/>
		<rel id="sPointingRel5105" xlink:href="scriptorium.martyrdom.victor.06.mark.xml#sSpan635" target="scriptorium.martyrdom.victor.06.mark.xml#sSpan633"/>
		<rel id="sPointingRel5107" xlink:href="scriptorium.martyrdom.victor.06.mark.xml#sSpan6340" target="scriptorium.martyrdom.victor.06.mark.xml#sSpan6338"/>
		<rel id="sPointingRel5109" xlink:href="scriptorium.martyrdom.victor.06.mark.xml#sSpan8725" target="scriptorium.martyrdom.victor.06.mark.xml#sSpan8727"/>
		<rel id="sPointingRel5111" xlink:href="scriptorium.martyrdom.victor.06.mark.xml#sSpan8254" target="scriptorium.martyrdom.victor.06.mark.xml#sSpan8256"/>
		<rel id="sPointingRel5113" xlink:href="scriptorium.martyrdom.victor.06.mark.xml#sSpan4282" target="scriptorium.martyrdom.victor.06.mark.xml#sSpan4280"/>
		<rel id="sPointingRel5115" xlink:href="scriptorium.martyrdom.victor.06.mark.xml#sSpan6569" target="scriptorium.martyrdom.victor.06.mark.xml#sSpan6570"/>
		<rel id="sPointingRel5117" xlink:href="scriptorium.martyrdom.victor.06.mark.xml#sSpan2032" target="scriptorium.martyrdom.victor.06.mark.xml#sSpan2034"/>
		<rel id="sPointingRel5119" xlink:href="scriptorium.martyrdom.victor.06.mark.xml#sSpan7093" target="scriptorium.martyrdom.victor.06.mark.xml#sSpan7091"/>
		<rel id="sPointingRel5121" xlink:href="scriptorium.martyrdom.victor.06.mark.xml#sSpan3022" target="scriptorium.martyrdom.victor.06.mark.xml#sSpan3024"/>
		<rel id="sPointingRel5123" xlink:href="scriptorium.martyrdom.victor.06.mark.xml#sSpan6063" target="scriptorium.martyrdom.victor.06.mark.xml#sSpan6059"/>
		<rel id="sPointingRel5125" xlink:href="scriptorium.martyrdom.victor.06.mark.xml#sSpan606" target="scriptorium.martyrdom.victor.06.mark.xml#sSpan608"/>
		<rel id="sPointingRel5127" xlink:href="scriptorium.martyrdom.victor.06.mark.xml#sSpan4465" target="scriptorium.martyrdom.victor.06.mark.xml#sSpan4467"/>
		<rel id="sPointingRel5129" xlink:href="scriptorium.martyrdom.victor.06.mark.xml#sSpan4416" target="scriptorium.martyrdom.victor.06.mark.xml#sSpan4414"/>
		<rel id="sPointingRel5131" xlink:href="scriptorium.martyrdom.victor.06.mark.xml#sSpan8757" target="scriptorium.martyrdom.victor.06.mark.xml#sSpan8758"/>
		<rel id="sPointingRel5133" xlink:href="scriptorium.martyrdom.victor.06.mark.xml#sSpan277" target="scriptorium.martyrdom.victor.06.mark.xml#sSpan278"/>
		<rel id="sPointingRel5135" xlink:href="scriptorium.martyrdom.victor.06.mark.xml#sSpan7598" target="scriptorium.martyrdom.victor.06.mark.xml#sSpan7599"/>
		<rel id="sPointingRel5137" xlink:href="scriptorium.martyrdom.victor.06.mark.xml#sSpan3133" target="scriptorium.martyrdom.victor.06.mark.xml#sSpan3135"/>
		<rel id="sPointingRel5139" xlink:href="scriptorium.martyrdom.victor.06.mark.xml#sSpan7516" target="scriptorium.martyrdom.victor.06.mark.xml#sSpan7517"/>
		<rel id="sPointingRel5141" xlink:href="scriptorium.martyrdom.victor.06.mark.xml#sSpan7379" target="scriptorium.martyrdom.victor.06.mark.xml#sSpan7377"/>
		<rel id="sPointingRel5143" xlink:href="scriptorium.martyrdom.victor.06.mark.xml#sSpan5073" target="scriptorium.martyrdom.victor.06.mark.xml#sSpan5075"/>
		<rel id="sPointingRel5145" xlink:href="scriptorium.martyrdom.victor.06.mark.xml#sSpan813" target="scriptorium.martyrdom.victor.06.mark.xml#sSpan814"/>
		<rel id="sPointingRel5147" xlink:href="scriptorium.martyrdom.victor.06.mark.xml#sSpan5461" target="scriptorium.martyrdom.victor.06.mark.xml#sSpan5463"/>
		<rel id="sPointingRel5149" xlink:href="scriptorium.martyrdom.victor.06.mark.xml#sSpan2709" target="scriptorium.martyrdom.victor.06.mark.xml#sSpan2710"/>
		<rel id="sPointingRel5151" xlink:href="scriptorium.martyrdom.victor.06.mark.xml#sSpan502" target="scriptorium.martyrdom.victor.06.mark.xml#sSpan509"/>
		<rel id="sPointingRel5153" xlink:href="scriptorium.martyrdom.victor.06.mark.xml#sSpan7274" target="scriptorium.martyrdom.victor.06.mark.xml#sSpan7291"/>
		<rel id="sPointingRel5155" xlink:href="scriptorium.martyrdom.victor.06.mark.xml#sSpan2126" target="scriptorium.martyrdom.victor.06.mark.xml#sSpan2128"/>
		<rel id="sPointingRel5157" xlink:href="scriptorium.martyrdom.victor.06.mark.xml#sSpan4634" target="scriptorium.martyrdom.victor.06.mark.xml#sSpan4632"/>
		<rel id="sPointingRel5159" xlink:href="scriptorium.martyrdom.victor.06.mark.xml#sSpan5503" target="scriptorium.martyrdom.victor.06.mark.xml#sSpan5507"/>
		<rel id="sPointingRel5161" xlink:href="scriptorium.martyrdom.victor.06.mark.xml#sSpan2322" target="scriptorium.martyrdom.victor.06.mark.xml#sSpan2325"/>
		<rel id="sPointingRel5163" xlink:href="scriptorium.martyrdom.victor.06.mark.xml#sSpan1777" target="scriptorium.martyrdom.victor.06.mark.xml#sSpan1778"/>
		<rel id="sPointingRel5165" xlink:href="scriptorium.martyrdom.victor.06.mark.xml#sSpan363" target="scriptorium.martyrdom.victor.06.mark.xml#sSpan364"/>
		<rel id="sPointingRel5167" xlink:href="scriptorium.martyrdom.victor.06.mark.xml#sSpan899" target="scriptorium.martyrdom.victor.06.mark.xml#sSpan901"/>
		<rel id="sPointingRel5169" xlink:href="scriptorium.martyrdom.victor.06.mark.xml#sSpan8336" target="scriptorium.martyrdom.victor.06.mark.xml#sSpan8338"/>
		<rel id="sPointingRel5171" xlink:href="scriptorium.martyrdom.victor.06.mark.xml#sSpan8125" target="scriptorium.martyrdom.victor.06.mark.xml#sSpan8127"/>
		<rel id="sPointingRel5173" xlink:href="scriptorium.martyrdom.victor.06.mark.xml#sSpan4613" target="scriptorium.martyrdom.victor.06.mark.xml#sSpan4611"/>
		<rel id="sPointingRel5175" xlink:href="scriptorium.martyrdom.victor.06.mark.xml#sSpan437" target="scriptorium.martyrdom.victor.06.mark.xml#sSpan439"/>
		<rel id="sPointingRel5177" xlink:href="scriptorium.martyrdom.victor.06.mark.xml#sSpan2920" target="scriptorium.martyrdom.victor.06.mark.xml#sSpan2921"/>
		<rel id="sPointingRel5179" xlink:href="scriptorium.martyrdom.victor.06.mark.xml#sSpan8769" target="scriptorium.martyrdom.victor.06.mark.xml#sSpan8767"/>
		<rel id="sPointingRel5181" xlink:href="scriptorium.martyrdom.victor.06.mark.xml#sSpan6964" target="scriptorium.martyrdom.victor.06.mark.xml#sSpan6965"/>
		<rel id="sPointingRel5183" xlink:href="scriptorium.martyrdom.victor.06.mark.xml#sSpan6172" target="scriptorium.martyrdom.victor.06.mark.xml#sSpan6174"/>
		<rel id="sPointingRel5185" xlink:href="scriptorium.martyrdom.victor.06.mark.xml#sSpan4024" target="scriptorium.martyrdom.victor.06.mark.xml#sSpan4026"/>
		<rel id="sPointingRel5187" xlink:href="scriptorium.martyrdom.victor.06.mark.xml#sSpan373" target="scriptorium.martyrdom.victor.06.mark.xml#sSpan371"/>
		<rel id="sPointingRel5189" xlink:href="scriptorium.martyrdom.victor.06.mark.xml#sSpan3795" target="scriptorium.martyrdom.victor.06.mark.xml#sSpan3793"/>
		<rel id="sPointingRel5191" xlink:href="scriptorium.martyrdom.victor.06.mark.xml#sSpan5891" target="scriptorium.martyrdom.victor.06.mark.xml#sSpan5892"/>
		<rel id="sPointingRel5193" xlink:href="scriptorium.martyrdom.victor.06.mark.xml#sSpan697" target="scriptorium.martyrdom.victor.06.mark.xml#sSpan698"/>
		<rel id="sPointingRel5195" xlink:href="scriptorium.martyrdom.victor.06.mark.xml#sSpan4817" target="scriptorium.martyrdom.victor.06.mark.xml#sSpan4812"/>
		<rel id="sPointingRel5197" xlink:href="scriptorium.martyrdom.victor.06.mark.xml#sSpan8974" target="scriptorium.martyrdom.victor.06.mark.xml#sSpan8975"/>
		<rel id="sPointingRel5199" xlink:href="scriptorium.martyrdom.victor.06.mark.xml#sSpan3545" target="scriptorium.martyrdom.victor.06.mark.xml#sSpan3546"/>
		<rel id="sPointingRel5201" xlink:href="scriptorium.martyrdom.victor.06.mark.xml#sSpan2221" target="scriptorium.martyrdom.victor.06.mark.xml#sSpan2219"/>
		<rel id="sPointingRel5203" xlink:href="scriptorium.martyrdom.victor.06.mark.xml#sSpan912" target="scriptorium.martyrdom.victor.06.mark.xml#sSpan917"/>
		<rel id="sPointingRel5205" xlink:href="scriptorium.martyrdom.victor.06.mark.xml#sSpan2333" target="scriptorium.martyrdom.victor.06.mark.xml#sSpan2337"/>
		<rel id="sPointingRel5207" xlink:href="scriptorium.martyrdom.victor.06.mark.xml#sSpan4377" target="scriptorium.martyrdom.victor.06.mark.xml#sSpan4379"/>
		<rel id="sPointingRel5209" xlink:href="scriptorium.martyrdom.victor.06.mark.xml#sSpan6232" target="scriptorium.martyrdom.victor.06.mark.xml#sSpan6236"/>
		<rel id="sPointingRel5211" xlink:href="scriptorium.martyrdom.victor.06.mark.xml#sSpan4840" target="scriptorium.martyrdom.victor.06.mark.xml#sSpan4842"/>
		<rel id="sPointingRel5213" xlink:href="scriptorium.martyrdom.victor.06.mark.xml#sSpan8178" target="scriptorium.martyrdom.victor.06.mark.xml#sSpan8182"/>
		<rel id="sPointingRel5215" xlink:href="scriptorium.martyrdom.victor.06.mark.xml#sSpan5964" target="scriptorium.martyrdom.victor.06.mark.xml#sSpan5974"/>
		<rel id="sPointingRel5217" xlink:href="scriptorium.martyrdom.victor.06.mark.xml#sSpan62" target="scriptorium.martyrdom.victor.06.mark.xml#sSpan64"/>
		<rel id="sPointingRel5219" xlink:href="scriptorium.martyrdom.victor.06.mark.xml#sSpan8479" target="scriptorium.martyrdom.victor.06.mark.xml#sSpan8480"/>
		<rel id="sPointingRel5221" xlink:href="scriptorium.martyrdom.victor.06.mark.xml#sSpan5868" target="scriptorium.martyrdom.victor.06.mark.xml#sSpan5870"/>
		<rel id="sPointingRel5223" xlink:href="scriptorium.martyrdom.victor.06.mark.xml#sSpan964" target="scriptorium.martyrdom.victor.06.mark.xml#sSpan966"/>
		<rel id="sPointingRel5225" xlink:href="scriptorium.martyrdom.victor.06.mark.xml#sSpan1574" target="scriptorium.martyrdom.victor.06.mark.xml#sSpan1572"/>
		<rel id="sPointingRel5227" xlink:href="scriptorium.martyrdom.victor.06.mark.xml#sSpan7283" target="scriptorium.martyrdom.victor.06.mark.xml#sSpan7285"/>
		<rel id="sPointingRel5229" xlink:href="scriptorium.martyrdom.victor.06.mark.xml#sSpan5390" target="scriptorium.martyrdom.victor.06.mark.xml#sSpan5391"/>
		<rel id="sPointingRel5231" xlink:href="scriptorium.martyrdom.victor.06.mark.xml#sSpan452" target="scriptorium.martyrdom.victor.06.mark.xml#sSpan450"/>
		<rel id="sPointingRel5233" xlink:href="scriptorium.martyrdom.victor.06.mark.xml#sSpan3855" target="scriptorium.martyrdom.victor.06.mark.xml#sSpan3857"/>
		<rel id="sPointingRel5235" xlink:href="scriptorium.martyrdom.victor.06.mark.xml#sSpan6904" target="scriptorium.martyrdom.victor.06.mark.xml#sSpan6906"/>
		<rel id="sPointingRel5237" xlink:href="scriptorium.martyrdom.victor.06.mark.xml#sSpan347" target="scriptorium.martyrdom.victor.06.mark.xml#sSpan351"/>
		<rel id="sPointingRel5239" xlink:href="scriptorium.martyrdom.victor.06.mark.xml#sSpan2114" target="scriptorium.martyrdom.victor.06.mark.xml#sSpan2116"/>
		<rel id="sPointingRel5241" xlink:href="scriptorium.martyrdom.victor.06.mark.xml#sSpan6551" target="scriptorium.martyrdom.victor.06.mark.xml#sSpan6552"/>
		<rel id="sPointingRel5243" xlink:href="scriptorium.martyrdom.victor.06.mark.xml#sSpan2474" target="scriptorium.martyrdom.victor.06.mark.xml#sSpan2476"/>
		<rel id="sPointingRel5245" xlink:href="scriptorium.martyrdom.victor.06.mark.xml#sSpan7346" target="scriptorium.martyrdom.victor.06.mark.xml#sSpan7352"/>
		<rel id="sPointingRel5247" xlink:href="scriptorium.martyrdom.victor.06.mark.xml#sSpan4804" target="scriptorium.martyrdom.victor.06.mark.xml#sSpan4806"/>
		<rel id="sPointingRel5249" xlink:href="scriptorium.martyrdom.victor.06.mark.xml#sSpan4067" target="scriptorium.martyrdom.victor.06.mark.xml#sSpan4065"/>
		<rel id="sPointingRel5251" xlink:href="scriptorium.martyrdom.victor.06.mark.xml#sSpan3321" target="scriptorium.martyrdom.victor.06.mark.xml#sSpan3323"/>
		<rel id="sPointingRel5253" xlink:href="scriptorium.martyrdom.victor.06.mark.xml#sSpan7543" target="scriptorium.martyrdom.victor.06.mark.xml#sSpan7541"/>
		<rel id="sPointingRel5255" xlink:href="scriptorium.martyrdom.victor.06.mark.xml#sSpan6598" target="scriptorium.martyrdom.victor.06.mark.xml#sSpan6602"/>
		<rel id="sPointingRel5257" xlink:href="scriptorium.martyrdom.victor.06.mark.xml#sSpan9155" target="scriptorium.martyrdom.victor.06.mark.xml#sSpan9157"/>
		<rel id="sPointingRel5259" xlink:href="scriptorium.martyrdom.victor.06.mark.xml#sSpan8594" target="scriptorium.martyrdom.victor.06.mark.xml#sSpan8592"/>
		<rel id="sPointingRel5261" xlink:href="scriptorium.martyrdom.victor.06.mark.xml#sSpan2065" target="scriptorium.martyrdom.victor.06.mark.xml#sSpan2067"/>
		<rel id="sPointingRel5263" xlink:href="scriptorium.martyrdom.victor.06.mark.xml#sSpan5054" target="scriptorium.martyrdom.victor.06.mark.xml#sSpan5057"/>
		<rel id="sPointingRel5265" xlink:href="scriptorium.martyrdom.victor.06.mark.xml#sSpan9197" target="scriptorium.martyrdom.victor.06.mark.xml#sSpan9198"/>
		<rel id="sPointingRel5267" xlink:href="scriptorium.martyrdom.victor.06.mark.xml#sSpan7507" target="scriptorium.martyrdom.victor.06.mark.xml#sSpan7508"/>
		<rel id="sPointingRel5269" xlink:href="scriptorium.martyrdom.victor.06.mark.xml#sSpan8602" target="scriptorium.martyrdom.victor.06.mark.xml#sSpan8600"/>
		<rel id="sPointingRel5271" xlink:href="scriptorium.martyrdom.victor.06.mark.xml#sSpan1518" target="scriptorium.martyrdom.victor.06.mark.xml#sSpan1520"/>
		<rel id="sPointingRel5273" xlink:href="scriptorium.martyrdom.victor.06.mark.xml#sSpan1958" target="scriptorium.martyrdom.victor.06.mark.xml#sSpan1959"/>
		<rel id="sPointingRel5275" xlink:href="scriptorium.martyrdom.victor.06.mark.xml#sSpan1440" target="scriptorium.martyrdom.victor.06.mark.xml#sSpan1446"/>
		<rel id="sPointingRel5277" xlink:href="scriptorium.martyrdom.victor.06.mark.xml#sSpan6870" target="scriptorium.martyrdom.victor.06.mark.xml#sSpan6871"/>
		<rel id="sPointingRel5279" xlink:href="scriptorium.martyrdom.victor.06.mark.xml#sSpan4737" target="scriptorium.martyrdom.victor.06.mark.xml#sSpan4735"/>
		<rel id="sPointingRel5281" xlink:href="scriptorium.martyrdom.victor.06.mark.xml#sSpan2500" target="scriptorium.martyrdom.victor.06.mark.xml#sSpan2498"/>
		<rel id="sPointingRel5283" xlink:href="scriptorium.martyrdom.victor.06.mark.xml#sSpan6109" target="scriptorium.martyrdom.victor.06.mark.xml#sSpan6110"/>
		<rel id="sPointingRel5285" xlink:href="scriptorium.martyrdom.victor.06.mark.xml#sSpan823" target="scriptorium.martyrdom.victor.06.mark.xml#sSpan825"/>
		<rel id="sPointingRel5287" xlink:href="scriptorium.martyrdom.victor.06.mark.xml#sSpan201" target="scriptorium.martyrdom.victor.06.mark.xml#sSpan202"/>
		<rel id="sPointingRel5289" xlink:href="scriptorium.martyrdom.victor.06.mark.xml#sSpan2315" target="scriptorium.martyrdom.victor.06.mark.xml#sSpan2318"/>
		<rel id="sPointingRel5291" xlink:href="scriptorium.martyrdom.victor.06.mark.xml#sSpan8396" target="scriptorium.martyrdom.victor.06.mark.xml#sSpan8401"/>
		<rel id="sPointingRel5293" xlink:href="scriptorium.martyrdom.victor.06.mark.xml#sSpan5023" target="scriptorium.martyrdom.victor.06.mark.xml#sSpan5026"/>
		<rel id="sPointingRel5295" xlink:href="scriptorium.martyrdom.victor.06.mark.xml#sSpan1201" target="scriptorium.martyrdom.victor.06.mark.xml#sSpan1202"/>
		<rel id="sPointingRel5297" xlink:href="scriptorium.martyrdom.victor.06.mark.xml#sSpan6084" target="scriptorium.martyrdom.victor.06.mark.xml#sSpan6086"/>
		<rel id="sPointingRel5299" xlink:href="scriptorium.martyrdom.victor.06.mark.xml#sSpan5035" target="scriptorium.martyrdom.victor.06.mark.xml#sSpan5037"/>
		<rel id="sPointingRel5301" xlink:href="scriptorium.martyrdom.victor.06.mark.xml#sSpan2261" target="scriptorium.martyrdom.victor.06.mark.xml#sSpan2265"/>
		<rel id="sPointingRel5303" xlink:href="scriptorium.martyrdom.victor.06.mark.xml#sSpan8469" target="scriptorium.martyrdom.victor.06.mark.xml#sSpan8471"/>
		<rel id="sPointingRel5305" xlink:href="scriptorium.martyrdom.victor.06.mark.xml#sSpan3197" target="scriptorium.martyrdom.victor.06.mark.xml#sSpan3199"/>
		<rel id="sPointingRel5307" xlink:href="scriptorium.martyrdom.victor.06.mark.xml#sSpan9105" target="scriptorium.martyrdom.victor.06.mark.xml#sSpan9108"/>
		<rel id="sPointingRel5309" xlink:href="scriptorium.martyrdom.victor.06.mark.xml#sSpan9212" target="scriptorium.martyrdom.victor.06.mark.xml#sSpan9213"/>
		<rel id="sPointingRel5311" xlink:href="scriptorium.martyrdom.victor.06.mark.xml#sSpan3427" target="scriptorium.martyrdom.victor.06.mark.xml#sSpan3425"/>
		<rel id="sPointingRel5313" xlink:href="scriptorium.martyrdom.victor.06.mark.xml#sSpan3413" target="scriptorium.martyrdom.victor.06.mark.xml#sSpan3417"/>
		<rel id="sPointingRel5315" xlink:href="scriptorium.martyrdom.victor.06.mark.xml#sSpan5828" target="scriptorium.martyrdom.victor.06.mark.xml#sSpan5835"/>
		<rel id="sPointingRel5317" xlink:href="scriptorium.martyrdom.victor.06.mark.xml#sSpan7730" target="scriptorium.martyrdom.victor.06.mark.xml#sSpan7728"/>
		<rel id="sPointingRel5319" xlink:href="scriptorium.martyrdom.victor.06.mark.xml#sSpan6895" target="scriptorium.martyrdom.victor.06.mark.xml#sSpan6896"/>
		<rel id="sPointingRel5321" xlink:href="scriptorium.martyrdom.victor.06.mark.xml#sSpan2947" target="scriptorium.martyrdom.victor.06.mark.xml#sSpan2949"/>
		<rel id="sPointingRel5323" xlink:href="scriptorium.martyrdom.victor.06.mark.xml#sSpan6318" target="scriptorium.martyrdom.victor.06.mark.xml#sSpan6330"/>
		<rel id="sPointingRel5325" xlink:href="scriptorium.martyrdom.victor.06.mark.xml#sSpan4720" target="scriptorium.martyrdom.victor.06.mark.xml#sSpan4722"/>
		<rel id="sPointingRel5327" xlink:href="scriptorium.martyrdom.victor.06.mark.xml#sSpan408" target="scriptorium.martyrdom.victor.06.mark.xml#sSpan414"/>
		<rel id="sPointingRel5329" xlink:href="scriptorium.martyrdom.victor.06.mark.xml#sSpan2415" target="scriptorium.martyrdom.victor.06.mark.xml#sSpan2413"/>
		<rel id="sPointingRel5331" xlink:href="scriptorium.martyrdom.victor.06.mark.xml#sSpan4770" target="scriptorium.martyrdom.victor.06.mark.xml#sSpan4777"/>
		<rel id="sPointingRel5333" xlink:href="scriptorium.martyrdom.victor.06.mark.xml#sSpan8871" target="scriptorium.martyrdom.victor.06.mark.xml#sSpan8869"/>
		<rel id="sPointingRel5335" xlink:href="scriptorium.martyrdom.victor.06.mark.xml#sSpan2076" target="scriptorium.martyrdom.victor.06.mark.xml#sSpan2074"/>
		<rel id="sPointingRel5337" xlink:href="scriptorium.martyrdom.victor.06.mark.xml#sSpan6464" target="scriptorium.martyrdom.victor.06.mark.xml#sSpan6466"/>
		<rel id="sPointingRel5339" xlink:href="scriptorium.martyrdom.victor.06.mark.xml#sSpan2802" target="scriptorium.martyrdom.victor.06.mark.xml#sSpan2800"/>
		<rel id="sPointingRel5341" xlink:href="scriptorium.martyrdom.victor.06.mark.xml#sSpan2366" target="scriptorium.martyrdom.victor.06.mark.xml#sSpan2368"/>
		<rel id="sPointingRel5343" xlink:href="scriptorium.martyrdom.victor.06.mark.xml#sSpan2605" target="scriptorium.martyrdom.victor.06.mark.xml#sSpan2606"/>
		<rel id="sPointingRel5345" xlink:href="scriptorium.martyrdom.victor.06.mark.xml#sSpan2844" target="scriptorium.martyrdom.victor.06.mark.xml#sSpan2842"/>
		<rel id="sPointingRel5347" xlink:href="scriptorium.martyrdom.victor.06.mark.xml#sSpan3609" target="scriptorium.martyrdom.victor.06.mark.xml#sSpan3610"/>
		<rel id="sPointingRel5349" xlink:href="scriptorium.martyrdom.victor.06.mark.xml#sSpan7757" target="scriptorium.martyrdom.victor.06.mark.xml#sSpan7755"/>
		<rel id="sPointingRel5351" xlink:href="scriptorium.martyrdom.victor.06.mark.xml#sSpan2693" target="scriptorium.martyrdom.victor.06.mark.xml#sSpan2691"/>
		<rel id="sPointingRel5353" xlink:href="scriptorium.martyrdom.victor.06.mark.xml#sSpan9067" target="scriptorium.martyrdom.victor.06.mark.xml#sSpan9069"/>
		<rel id="sPointingRel5355" xlink:href="scriptorium.martyrdom.victor.06.mark.xml#sSpan5621" target="scriptorium.martyrdom.victor.06.mark.xml#sSpan5638"/>
		<rel id="sPointingRel5357" xlink:href="scriptorium.martyrdom.victor.06.mark.xml#sSpan3172" target="scriptorium.martyrdom.victor.06.mark.xml#sSpan3174"/>
		<rel id="sPointingRel5359" xlink:href="scriptorium.martyrdom.victor.06.mark.xml#sSpan7245" target="scriptorium.martyrdom.victor.06.mark.xml#sSpan7243"/>
		<rel id="sPointingRel5361" xlink:href="scriptorium.martyrdom.victor.06.mark.xml#sSpan2148" target="scriptorium.martyrdom.victor.06.mark.xml#sSpan2151"/>
		<rel id="sPointingRel5363" xlink:href="scriptorium.martyrdom.victor.06.mark.xml#sSpan1602" target="scriptorium.martyrdom.victor.06.mark.xml#sSpan1605"/>
		<rel id="sPointingRel5365" xlink:href="scriptorium.martyrdom.victor.06.mark.xml#sSpan890" target="scriptorium.martyrdom.victor.06.mark.xml#sSpan891"/>
		<rel id="sPointingRel5367" xlink:href="scriptorium.martyrdom.victor.06.mark.xml#sSpan2174" target="scriptorium.martyrdom.victor.06.mark.xml#sSpan2177"/>
		<rel id="sPointingRel5369" xlink:href="scriptorium.martyrdom.victor.06.mark.xml#sSpan1888" target="scriptorium.martyrdom.victor.06.mark.xml#sSpan1891"/>
		<rel id="sPointingRel5371" xlink:href="scriptorium.martyrdom.victor.06.mark.xml#sSpan6922" target="scriptorium.martyrdom.victor.06.mark.xml#sSpan6924"/>
		<rel id="sPointingRel5373" xlink:href="scriptorium.martyrdom.victor.06.mark.xml#sSpan3107" target="scriptorium.martyrdom.victor.06.mark.xml#sSpan3105"/>
		<rel id="sPointingRel5375" xlink:href="scriptorium.martyrdom.victor.06.mark.xml#sSpan6503" target="scriptorium.martyrdom.victor.06.mark.xml#sSpan6504"/>
		<rel id="sPointingRel5377" xlink:href="scriptorium.martyrdom.victor.06.mark.xml#sSpan6049" target="scriptorium.martyrdom.victor.06.mark.xml#sSpan6052"/>
		<rel id="sPointingRel5379" xlink:href="scriptorium.martyrdom.victor.06.mark.xml#sSpan2164" target="scriptorium.martyrdom.victor.06.mark.xml#sSpan2162"/>
		<rel id="sPointingRel5381" xlink:href="scriptorium.martyrdom.victor.06.mark.xml#sSpan4583" target="scriptorium.martyrdom.victor.06.mark.xml#sSpan4585"/>
		<rel id="sPointingRel5383" xlink:href="scriptorium.martyrdom.victor.06.mark.xml#sSpan6" target="scriptorium.martyrdom.victor.06.mark.xml#sSpan13"/>
		<rel id="sPointingRel5385" xlink:href="scriptorium.martyrdom.victor.06.mark.xml#sSpan1140" target="scriptorium.martyrdom.victor.06.mark.xml#sSpan1144"/>
		<rel id="sPointingRel5387" xlink:href="scriptorium.martyrdom.victor.06.mark.xml#sSpan210" target="scriptorium.martyrdom.victor.06.mark.xml#sSpan221"/>
		<rel id="sPointingRel5389" xlink:href="scriptorium.martyrdom.victor.06.mark.xml#sSpan9045" target="scriptorium.martyrdom.victor.06.mark.xml#sSpan9046"/>
		<rel id="sPointingRel5391" xlink:href="scriptorium.martyrdom.victor.06.mark.xml#sSpan4273" target="scriptorium.martyrdom.victor.06.mark.xml#sSpan4274"/>
		<rel id="sPointingRel5393" xlink:href="scriptorium.martyrdom.victor.06.mark.xml#sSpan7145" target="scriptorium.martyrdom.victor.06.mark.xml#sSpan7147"/>
		<rel id="sPointingRel5395" xlink:href="scriptorium.martyrdom.victor.06.mark.xml#sSpan2836" target="scriptorium.martyrdom.victor.06.mark.xml#sSpan2832"/>
		<rel id="sPointingRel5397" xlink:href="scriptorium.martyrdom.victor.06.mark.xml#sSpan8964" target="scriptorium.martyrdom.victor.06.mark.xml#sSpan8966"/>
		<rel id="sPointingRel5399" xlink:href="scriptorium.martyrdom.victor.06.mark.xml#sSpan7693" target="scriptorium.martyrdom.victor.06.mark.xml#sSpan7691"/>
		<rel id="sPointingRel5401" xlink:href="scriptorium.martyrdom.victor.06.mark.xml#sSpan9006" target="scriptorium.martyrdom.victor.06.mark.xml#sSpan9004"/>
		<rel id="sPointingRel5403" xlink:href="scriptorium.martyrdom.victor.06.mark.xml#sSpan4348" target="scriptorium.martyrdom.victor.06.mark.xml#sSpan4344"/>
		<rel id="sPointingRel5405" xlink:href="scriptorium.martyrdom.victor.06.mark.xml#sSpan1273" target="scriptorium.martyrdom.victor.06.mark.xml#sSpan1274"/>
		<rel id="sPointingRel5407" xlink:href="scriptorium.martyrdom.victor.06.mark.xml#sSpan3534" target="scriptorium.martyrdom.victor.06.mark.xml#sSpan3537"/>
		<rel id="sPointingRel5409" xlink:href="scriptorium.martyrdom.victor.06.mark.xml#sSpan5336" target="scriptorium.martyrdom.victor.06.mark.xml#sSpan5339"/>
		<rel id="sPointingRel5411" xlink:href="scriptorium.martyrdom.victor.06.mark.xml#sSpan4977" target="scriptorium.martyrdom.victor.06.mark.xml#sSpan4979"/>
		<rel id="sPointingRel5413" xlink:href="scriptorium.martyrdom.victor.06.mark.xml#sSpan4650" target="scriptorium.martyrdom.victor.06.mark.xml#sSpan4648"/>
		<rel id="sPointingRel5415" xlink:href="scriptorium.martyrdom.victor.06.mark.xml#sSpan2563" target="scriptorium.martyrdom.victor.06.mark.xml#sSpan2564"/>
		<rel id="sPointingRel5417" xlink:href="scriptorium.martyrdom.victor.06.mark.xml#sSpan6293" target="scriptorium.martyrdom.victor.06.mark.xml#sSpan6295"/>
		<rel id="sPointingRel5419" xlink:href="scriptorium.martyrdom.victor.06.mark.xml#sSpan8736" target="scriptorium.martyrdom.victor.06.mark.xml#sSpan8738"/>
		<rel id="sPointingRel5421" xlink:href="scriptorium.martyrdom.victor.06.mark.xml#sSpan8681" target="scriptorium.martyrdom.victor.06.mark.xml#sSpan8678"/></relList></paula>