<?xml version='1.0' encoding='UTF-8'?><!DOCTYPE paula SYSTEM "paula_feat.dtd">
<paula version="1.1">
	<header paula_id="scriptorium.martyrdom.victor.06.mark_orig_group"/>
	<featList xmlns:xlink="http://www.w3.org/1999/xlink" type="orig_group" xml:base="scriptorium.martyrdom.victor.06.mark.xml">
		<feat xlink:href="#sSpan5" value="Ⲁⲡⲁ"/>
		<feat xlink:href="#sSpan16" value="ⲃⲓⲕⲧⲱⲣ"/>
		<feat xlink:href="#sSpan21" value="ⲇⲉ"/>
		<feat xlink:href="#sSpan25" value="ⲁϥⲙⲉϩⲉⲓⲁⲧϥ̅"/>
		<feat xlink:href="#sSpan38" value="ϩⲙ̅ⲡⲣⲱⲙⲉ"/>
		<feat xlink:href="#sSpan47" value="ⲁϥⲥⲟⲩⲱ̅ⲛϥ̅"/>
		<feat xlink:href="#sSpan59" value="ϫⲉⲟⲩⲫⲁⲛⲧⲁⲥⲙⲁ"/>
		<feat xlink:href="#sSpan69" value="ⲡⲉ"/>
		<feat xlink:href="#sSpan73" value="·"/>
		<feat xlink:href="#sSpan77" value="ⲡⲉϫⲁϥ"/>
		<feat xlink:href="#sSpan83" value="ⲛⲁϥ"/>
		<feat xlink:href="#sSpan89" value=":—"/>
		<feat xlink:href="#sSpan93" value="ϫⲉⲥⲁϩⲱⲕ"/>
		<feat xlink:href="#sSpan104" value="ⲉⲃⲟⲗ"/>
		<feat xlink:href="#sSpan108" value="ⲙ̅ⲙⲟⲓ"/>
		<feat xlink:href="#sSpan114" value="·"/>
		<feat xlink:href="#sSpan118" value="ϫⲉⲉⲧⲃⲏⲏ̅ⲧⲕ̅"/>
		<feat xlink:href="#sSpan126" value="ⲉⲣⲉⲡⲕⲟⲥⲙⲟⲥ"/>
		<feat xlink:href="#sSpan137" value="ⲧⲏⲣϥ̅"/>
		<feat xlink:href="#sSpan143" value="ϣⲧⲣ̅ⲧⲱⲣ"/>
		<feat xlink:href="#sSpan147" value="·"/>
		<feat xlink:href="#sSpan151" value="ⲁⲩⲱ"/>
		<feat xlink:href="#sSpan155" value="ⲉⲩⲟ̅"/>
		<feat xlink:href="#sSpan163" value="ⲛ̅ⲣⲉϥϣⲙ̅ϣⲉⲉⲓⲇⲱⲗⲟⲛ"/>
		<feat xlink:href="#sSpan177" value="·"/>
		<feat xlink:href="#sSpan181" value="ⲁϥⲕⲧⲉ"/>
		<feat xlink:href="#sSpan192" value="ϩⲣⲁϥ"/>
		<feat xlink:href="#sSpan198" value="ⲉⲡⲓⲉⲃⲧ"/>
		<feat xlink:href="#sSpan207" value="ⲛ̅ϭⲓⲡⲙⲁⲕⲁⲣⲓⲟⲥ"/>
		<feat xlink:href="#sSpan218" value="ⲁⲡⲁ"/>
		<feat xlink:href="#sSpan224" value="ⲃⲓⲕⲧⲱⲣ"/>
		<feat xlink:href="#sSpan228" value="ⲡⲉϫⲁϥ"/>
		<feat xlink:href="#sSpan234" value="·"/>
		<feat xlink:href="#sSpan238" value="ϫⲉϣⲛ̅ϩⲧⲏⲕ"/>
		<feat xlink:href="#sSpan250" value="ⲉϫⲱⲓ"/>
		<feat xlink:href="#sSpan256" value="·"/>
		<feat xlink:href="#sSpan260" value="ⲡϣⲏⲣⲉ"/>
		<feat xlink:href="#sSpan268" value="ⲛ̅ⲟⲩⲱⲧ"/>
		<feat xlink:href="#sSpan275" value="ⲛ̅ⲧⲉⲡⲉϥⲉⲓⲱⲧ"/>
		<feat xlink:href="#sSpan284" value="ⲡⲁϫⲟⲉⲓ̈ⲥ"/>
		<feat xlink:href="#sSpan291" value="ⲓⲥ̅"/>
		<feat xlink:href="#sSpan295" value="ⲡⲉⲭⲣ̅ⲥ̅"/>
		<feat xlink:href="#sSpan302" value="·"/>
		<feat xlink:href="#sSpan306" value="ⲉⲕⲉⲛⲟⲩϩⲙ̅"/>
		<feat xlink:href="#sSpan313" value="ⲙ̅ⲙⲟⲓ"/>
		<feat xlink:href="#sSpan319" value="ϩⲛ̅ⲛⲁⲑⲗⲓⲯⲓⲥ"/>
		<feat xlink:href="#sSpan329" value="ⲧⲏⲣⲟⲩ"/>
		<feat xlink:href="#sSpan335" value="·"/>
		<feat xlink:href="#sSpan339" value="ⲁⲩⲱ"/>
		<feat xlink:href="#sSpan345" value="ⲛⲧⲉⲣⲉⲡⲇⲓⲁⲃⲟⲗⲟⲥ"/>
		<feat xlink:href="#sSpan358" value="ⲥⲱⲧⲙ̅"/>
		<feat xlink:href="#sSpan362" value="ⲉⲡⲣⲁⲛ"/>
		<feat xlink:href="#sSpan371" value="ⲛ̅ⲓⲥ̅"/>
		<feat xlink:href="#sSpan380" value="ⲛ̅ⲧⲉⲩⲛⲟⲩ"/>
		<feat xlink:href="#sSpan388" value="ⲁϥⲣ̅ⲁⲧⲟⲩⲱⲛϩ̅"/>
		<feat xlink:href="#sSpan401" value="ⲉⲃⲟⲗ"/>
		<feat xlink:href="#sSpan405" value="·"/>
		<feat xlink:href="#sSpan410" value="Ⲁⲡⲁ"/>
		<feat xlink:href="#sSpan420" value="ⲃⲓⲕⲧⲱⲣ"/>
		<feat xlink:href="#sSpan425" value="ⲇⲉ"/>
		<feat xlink:href="#sSpan429" value="ⲛⲉϥϣⲟⲟⲡ"/>
		<feat xlink:href="#sSpan437" value="ϩⲙ̅ⲡⲕⲁⲥⲧⲣⲟⲛ"/>
		<feat xlink:href="#sSpan447" value="·"/>
		<feat xlink:href="#sSpan451" value="ⲉⲣⲉⲓⲥ̅"/>
		<feat xlink:href="#sSpan460" value="ϣⲟⲟⲡ"/>
		<feat xlink:href="#sSpan465" value="ⲛⲙ̅ⲙⲁϥ"/>
		<feat xlink:href="#sSpan471" value="·"/>
		<feat xlink:href="#sSpan475" value="ϩⲛ̅ϩⲱⲃ"/>
		<feat xlink:href="#sSpan483" value="ⲛⲓⲙ"/>
		<feat xlink:href="#sSpan487" value="ⲉⲛⲉϥⲉⲓⲣⲉ"/>
		<feat xlink:href="#sSpan497" value="ⲙ̅ⲙⲟⲟⲩ"/>
		<feat xlink:href="#sSpan503" value="·"/>
		<feat xlink:href="#sSpan508" value="ⲡⲅⲉⲛⲛⲁⲓⲟⲥ"/>
		<feat xlink:href="#sSpan519" value="ⲇⲉ"/>
		<feat xlink:href="#sSpan523" value="ⲁϥⲙⲉⲕⲙⲟⲩⲕϥ̅"/>
		<feat xlink:href="#sSpan533" value="ϩⲣⲁⲓ"/>
		<feat xlink:href="#sSpan537" value="ⲛ̅ϩⲏⲧϥ̅"/>
		<feat xlink:href="#sSpan543" value="·"/>
		<feat xlink:href="#sSpan547" value="ϫⲉⲉⲓⲛⲁⲣ̅ⲁϣ"/>
		<feat xlink:href="#sSpan563" value="ⲛ̅ⲉⲓⲟⲡⲉ"/>
		<feat xlink:href="#sSpan569" value="ⲛ̅ⲧⲁⲱ̅ⲛϩ̅"/>
		<feat xlink:href="#sSpan577" value="ⲉⲣⲟⲥ"/>
		<feat xlink:href="#sSpan583" value="·"/>
		<feat xlink:href="#sSpan587" value="ⲛⲉⲁϥϫⲓⲥⲃⲱ"/>
		<feat xlink:href="#sSpan602" value="ⲅⲁⲣ"/>
		<feat xlink:href="#sSpan607" value="ⲉⲧⲙⲛ̅ⲧ̅ϩⲁⲙϣⲉ"/>
		<feat xlink:href="#sSpan618" value="ⲡⲉ"/>
		<feat xlink:href="#sSpan622" value="·"/>
		<feat xlink:href="#sSpan626" value="ⲁⲩⲱ"/>
		<feat xlink:href="#sSpan630" value="ⲛⲉϣⲁϥⲧⲁⲙⲓ̈ⲉⲧⲟⲟⲧⲥ̅"/>
		<feat xlink:href="#sSpan646" value="ϩⲓⲗⲩⲭⲛⲓⲁ"/>
		<feat xlink:href="#sSpan654" value="·"/>
		<feat xlink:href="#sSpan658" value="ⲛⲉϥϩⲙ̅ⲡⲕⲁⲥⲧⲣⲟⲛ"/>
		<feat xlink:href="#sSpan672" value="ⲙⲁⲩⲁⲁϥ"/>
		<feat xlink:href="#sSpan678" value="·"/>
		<feat xlink:href="#sSpan682" value="ⲁⲥϣⲱⲡⲉ"/>
		<feat xlink:href="#sSpan694" value="ⲇⲉ"/>
		<feat xlink:href="#sSpan698" value="ⲛⲟⲩϩⲟⲟⲩ"/>
		<feat xlink:href="#sSpan707" value="ⲉϥϩⲛ̅ⲧⲉⲝⲱⲣⲓⲥⲧⲉⲓⲁ"/>
		<feat xlink:href="#sSpan721" value="ⲛ̅ϭⲓⲡⲙⲁⲕⲁⲣⲓⲟⲥ"/>
		<feat xlink:href="#sSpan733" value="ⲁⲡⲁ"/>
		<feat xlink:href="#sSpan738" value="ⲃⲓⲕⲧⲱⲣ"/>
		<feat xlink:href="#sSpan742" value="·"/>
		<feat xlink:href="#sSpan746" value="ⲁϥⲉⲓ"/>
		<feat xlink:href="#sSpan754" value="ϣⲁⲣⲟϥ"/>
		<feat xlink:href="#sSpan760" value="ⲛ̅ϭⲓⲡϫⲥ̅"/>
		<feat xlink:href="#sSpan772" value="ⲓⲥ̅"/>
		<feat xlink:href="#sSpan776" value="·"/>
		<feat xlink:href="#sSpan781" value="ⲉⲁϥϣⲓⲃⲉ"/>
		<feat xlink:href="#sSpan791" value="ⲙ̅ⲡⲉϥⲥⲭⲏⲙⲁ"/>
		<feat xlink:href="#sSpan801" value="·"/>
		<feat xlink:href="#sSpan805" value="ⲁϥϫⲓ"/>
		<feat xlink:href="#sSpan815" value="ⲙ̅ⲡⲉⲓⲛⲉ"/>
		<feat xlink:href="#sSpan826" value="ⲛ̅ⲟⲩⲣⲙ̅ⲛ̅ⲥⲕⲓ̈ⲙ"/>
		<feat xlink:href="#sSpan837" value="ⲛ̅ϩⲗⲗⲟ"/>
		<feat xlink:href="#sSpan843" value="·"/>
		<feat xlink:href="#sSpan847" value="ⲛ̅ⲧⲁϥⲉⲓ"/>
		<feat xlink:href="#sSpan857" value="ϩⲛ̅ⲟⲩⲙⲁ"/>
		<feat xlink:href="#sSpan866" value="ⲉϥⲟⲩⲏⲏⲩ"/>
		<feat xlink:href="#sSpan875" value="·"/>
		<feat xlink:href="#sSpan879" value="ⲁϥⲧⲱϩⲙ̅"/>
		<feat xlink:href="#sSpan889" value="ⲉϩⲟⲩⲛ"/>
		<feat xlink:href="#sSpan893" value="ⲉⲡⲣⲟ"/>
		<feat xlink:href="#sSpan902" value="ⲙ̅ⲡⲕⲁⲥⲧⲣⲟⲛ"/>
		<feat xlink:href="#sSpan912" value="·"/>
		<feat xlink:href="#sSpan917" value="ⲁⲡⲁ"/>
		<feat xlink:href="#sSpan926" value="ⲃⲓⲕⲧⲱⲣ"/>
		<feat xlink:href="#sSpan931" value="ⲇⲉ"/>
		<feat xlink:href="#sSpan935" value="ⲁϥⲉⲓ"/>
		<feat xlink:href="#sSpan944" value="ⲉⲃⲟⲗ"/>
		<feat xlink:href="#sSpan948" value="·"/>
		<feat xlink:href="#sSpan952" value="ⲛ̅ⲧⲉⲣⲉϥⲛⲁⲩ"/>
		<feat xlink:href="#sSpan963" value="ⲇⲉ"/>
		<feat xlink:href="#sSpan967" value="ⲉⲡⲣⲱⲙⲉ"/>
		<feat xlink:href="#sSpan977" value="ⲁϥⲱ̅ⲗⲙ̅"/>
		<feat xlink:href="#sSpan985" value="ⲉϩⲟⲩⲛ"/>
		<feat xlink:href="#sSpan989" value="ⲉ̅ⲣⲟϥ"/>
		<feat xlink:href="#sSpan995" value="·"/>
		<feat xlink:href="#sSpan999" value="ⲁϥϯⲡⲓ"/>
		<feat xlink:href="#sSpan1011" value="ⲉⲣⲱϥ"/>
		<feat xlink:href="#sSpan1017" value="ⲉϥϫⲱ"/>
		<feat xlink:href="#sSpan1026" value="ⲙ̅ⲙⲟⲥ"/>
		<feat xlink:href="#sSpan1032" value="·"/>
		<feat xlink:href="#sSpan1036" value="ϫⲉⲁⲙⲟⲩ"/>
		<feat xlink:href="#sSpan1044" value="ⲉϩⲟⲩⲛ"/>
		<feat xlink:href="#sSpan1048" value="ⲡⲁϫⲥ̅"/>
		<feat xlink:href="#sSpan1055" value="ⲛ̅ⲥⲟⲛ"/>
		<feat xlink:href="#sSpan1061" value="·"/>
		<feat xlink:href="#sSpan1065" value="ⲁⲩⲱ"/>
		<feat xlink:href="#sSpan1070" value="ⲡⲣⲱⲙⲉ"/>
		<feat xlink:href="#sSpan1077" value="ⲉⲧⲛⲁⲛⲟⲩϥ"/>
		<feat xlink:href="#sSpan1085" value="·"/>
		<feat xlink:href="#sSpan1089" value="ϫⲉⲉⲓⲟ̅"/>
		<feat xlink:href="#sSpan1099" value="ⲛ̅ⲑⲉ"/>
		<feat xlink:href="#sSpan1108" value="ϩⲱⲥ"/>
		<feat xlink:href="#sSpan1112" value="ⲛ̅ⲧⲁⲓⲛⲁⲩ"/>
		<feat xlink:href="#sSpan1123" value="ⲉ̅ⲓⲥ̅"/>
		<feat xlink:href="#sSpan1132" value="ⲙ̅ⲡⲟⲟⲩ"/>
		<feat xlink:href="#sSpan1141" value="·"/>
		<feat xlink:href="#sSpan1146" value="ⲁⲡⲁ"/>
		<feat xlink:href="#sSpan1154" value="ⲃⲓⲕⲧⲱⲣ"/>
		<feat xlink:href="#sSpan1159" value="ⲇⲉ"/>
		<feat xlink:href="#sSpan1163" value="ⲛⲉϥⲥⲟⲟⲩⲛ"/>
		<feat xlink:href="#sSpan1171" value="ⲁⲛ"/>
		<feat xlink:href="#sSpan1176" value="ϫⲉⲛⲓⲙ"/>
		<feat xlink:href="#sSpan1182" value="ⲡⲉ"/>
		<feat xlink:href="#sSpan1186" value="·"/>
		<feat xlink:href="#sSpan1190" value="ⲁⲩⲙⲟⲟϣⲉ"/>
		<feat xlink:href="#sSpan1201" value="ⲇⲉ"/>
		<feat xlink:href="#sSpan1205" value="ⲙ̅ⲡⲉⲥⲛⲁⲩ"/>
		<feat xlink:href="#sSpan1214" value="ⲉϩⲣⲁⲓ"/>
		<feat xlink:href="#sSpan1218" value="ⲉⲡⲡⲩⲣⲅⲟⲥ"/>
		<feat xlink:href="#sSpan1229" value="ⲉⲛⲉϥ"/>
		<feat xlink:href="#sSpan1238" value="ⲛⲉϥϣⲟⲟⲡ"/>
		<feat xlink:href="#sSpan1246" value="ⲛ̅ϩⲏⲧϥ̅"/>
		<feat xlink:href="#sSpan1252" value=":—"/>
		<feat xlink:href="#sSpan1257" value="Ⲁⲡⲁ"/>
		<feat xlink:href="#sSpan1267" value="ⲃⲓⲕⲧⲱⲣ"/>
		<feat xlink:href="#sSpan1271" value="ⲡⲉϫⲁϥ"/>
		<feat xlink:href="#sSpan1277" value="ⲙ̅ⲡⲣⲱⲙⲉ"/>
		<feat xlink:href="#sSpan1286" value="·"/>
		<feat xlink:href="#sSpan1290" value="ⲙⲁⲣⲛ̅ϣⲗ[ⲏ]ⲗ"/>
		<feat xlink:href="#sSpan1300" value="ⲉϩⲣⲁⲓ"/>
		<feat xlink:href="#sSpan1305" value="ⲉ̅ⲡⲛⲟⲩⲧⲉ"/>
		<feat xlink:href="#sSpan1314" value="·"/>
		<feat xlink:href="#sSpan1321" value="ⲓⲥ̅"/>
		<feat xlink:href="#sSpan1328" value="ⲇⲉ"/>
		<feat xlink:href="#sSpan1332" value="ⲡⲉϫⲁϥ"/>
		<feat xlink:href="#sSpan1338" value="ⲛⲁϥ"/>
		<feat xlink:href="#sSpan1344" value="ϫⲉⲙⲁⲣⲛ̅ϣⲗⲏⲗ"/>
		<feat xlink:href="#sSpan1358" value="·"/>
		<feat xlink:href="#sSpan1362" value="ⲡⲉϫⲉⲁⲡⲁ"/>
		<feat xlink:href="#sSpan1373" value="ⲃⲓⲕⲧⲱⲣ"/>
		<feat xlink:href="#sSpan1377" value="ⲛⲁϥ"/>
		<feat xlink:href="#sSpan1383" value="ϫⲉⲧⲱⲟⲩⲛ"/>
		<feat xlink:href="#sSpan1391" value="ⲛ̅ϣⲟⲣⲡ̅"/>
		<feat xlink:href="#sSpan1398" value="·"/>
		<feat xlink:href="#sSpan1402" value="ϫⲉⲛ̅ⲧⲕ̅ⲟⲩⲛⲟϭ"/>
		<feat xlink:href="#sSpan1413" value="ⲡⲁⲣⲁⲣⲟⲓ"/>
		<feat xlink:href="#sSpan1419" value="·"/>
		<feat xlink:href="#sSpan1423" value="ⲁⲩⲱ"/>
		<feat xlink:href="#sSpan1427" value="ⲕⲟⲩⲁⲁⲃ"/>
		<feat xlink:href="#sSpan1433" value="ϫⲉⲁⲛⲟⲕ"/>
		<feat xlink:href="#sSpan1440" value="ⲉⲓ"/>
		<feat xlink:href="#sSpan1444" value="ϩⲙ̅ⲙⲛ̅[ⲧ]ⲯⲓⲥ"/>
		<feat xlink:href="#sSpan1453" value="ⲛ̅ⲣⲟⲙⲡⲉ"/>
		<feat xlink:href="#sSpan1459" value="ⲉⲡⲟⲟⲩ"/>
		<feat xlink:href="#sSpan1468" value="·"/>
		<feat xlink:href="#sSpan1472" value="ⲙ̅ⲡⲁⲧⲉ"/>
		<feat xlink:href="#sSpan1478" value="ⲙⲁⲉⲓⲛ"/>
		<feat xlink:href="#sSpan1484" value="ⲛ̅ⲧⲉⲡⲉⲓⲕⲟⲥⲙⲟⲥ"/>
		<feat xlink:href="#sSpan1494" value="ⲟⲩⲱ̅ⲛϩ̅"/>
		<feat xlink:href="#sSpan1499" value="ⲉⲃⲟⲗ"/>
		<feat xlink:href="#sSpan1503" value="ϩⲙ̅ⲡⲁⲥⲱⲙⲁ"/>
		<feat xlink:href="#sSpan1514" value="·"/>
		<feat xlink:href="#sSpan1519" value="ⲟⲩⲇⲉ"/>
		<feat xlink:href="#sSpan1523" value="ⲙ̅ⲡⲉⲕⲁⲕⲓⲁ"/>
		<feat xlink:href="#sSpan1533" value="ⲛ̅ⲧⲉⲡⲓⲁⲓⲱⲛ"/>
		<feat xlink:href="#sSpan1543" value="ⲁⲗⲉ"/>
		<feat xlink:href="#sSpan1548" value="ⲉϩⲣⲁⲓ"/>
		<feat xlink:href="#sSpan1552" value="ⲉϫⲙ̅ⲡⲁϩⲏⲧ"/>
		<feat xlink:href="#sSpan1562" value="ⲉⲡⲧⲏⲣϥ̅"/>
		<feat xlink:href="#sSpan1570" value="·"/>
		<feat xlink:href="#sSpan1574" value="ⲡⲉϫⲉⲓⲥ̅"/>
		<feat xlink:href="#sSpan1585" value="ⲛⲁϥ"/>
		<feat xlink:href="#sSpan1591" value="ϫⲉⲕⲱ"/>
		<feat xlink:href="#sSpan1599" value="ⲛⲁⲓ"/>
		<feat xlink:href="#sSpan1605" value="ⲉⲃⲟⲗ"/>
		<feat xlink:href="#sSpan1611" value="ⲡⲁⲥⲟⲛ"/>
		<feat xlink:href="#sSpan1617" value="ⲛ̅ⲧⲁⲧⲱⲟⲩⲛ"/>
		<feat xlink:href="#sSpan1625" value="·"/>
		<feat xlink:href="#sSpan1632" value="ⲓⲥ̅"/>
		<feat xlink:href="#sSpan1639" value="ⲇⲉ"/>
		<feat xlink:href="#sSpan1643" value="ⲁϥⲡⲱⲣϣ̅"/>
		<feat xlink:href="#sSpan1651" value="ⲛ̅ⲛⲉϥϭⲓϫ"/>
		<feat xlink:href="#sSpan1661" value="ⲉⲃⲟⲗ"/>
		<feat xlink:href="#sSpan1665" value="ⲙⲛ̅ⲁⲡⲁ"/>
		<feat xlink:href="#sSpan1674" value="ⲃⲓⲕⲧⲱⲣ"/>
		<feat xlink:href="#sSpan1678" value="·"/>
		<feat xlink:href="#sSpan1682" value="ⲁⲥϣⲱⲡⲉ"/>
		<feat xlink:href="#sSpan1693" value="ⲇⲉ"/>
		<feat xlink:href="#sSpan1697" value="ⲉⲩϣⲗⲏⲗ"/>
		<feat xlink:href="#sSpan1706" value="·"/>
		<feat xlink:href="#sSpan1710" value="ⲁⲡⲙⲏⲧ"/>
		<feat xlink:href="#sSpan1719" value="ⲛ̅ⲧⲏⲃⲉ"/>
		<feat xlink:href="#sSpan1725" value="ⲛ̅ⲓⲥ̅"/>
		<feat xlink:href="#sSpan1734" value="ϣⲱⲡⲉ"/>
		<feat xlink:href="#sSpan1738" value="ⲛ̅ϩⲉⲛⲗⲁⲙⲡⲁⲥ"/>
		<feat xlink:href="#sSpan1749" value="ⲛ̅ⲕⲱϩⲧ̅"/>
		<feat xlink:href="#sSpan1756" value="·"/>
		<feat xlink:href="#sSpan1760" value="ⲉⲩϫⲱⲧⲉ"/>
		<feat xlink:href="#sSpan1768" value="ⲉ̅ϩⲟⲩⲛ"/>
		<feat xlink:href="#sSpan1772" value="ϣⲁⲡⲉⲑⲣⲟⲛⲟⲥ"/>
		<feat xlink:href="#sSpan1782" value="ⲙ̅ⲡⲉⲓⲱⲧ"/>
		<feat xlink:href="#sSpan1792" value="·"/>
		<feat xlink:href="#sSpan1796" value="Ⲁⲥϣⲱⲡⲉ"/>
		<feat xlink:href="#sSpan1809" value="ⲇⲉ"/>
		<feat xlink:href="#sSpan1813" value="ⲛ̅ⲧⲉⲣⲟⲩⲱ̅"/>
		<feat xlink:href="#sSpan1821" value="ⲉⲩϣⲗⲏⲗ"/>
		<feat xlink:href="#sSpan1829" value="·"/>
		<feat xlink:href="#sSpan1833" value="ⲁϥϯⲡⲉϥⲟⲩⲟⲓ"/>
		<feat xlink:href="#sSpan1846" value="ⲁϥⲁⲥⲡⲁⲍⲉ"/>
		<feat xlink:href="#sSpan1857" value="ⲛ̅ⲓⲥ̅"/>
		<feat xlink:href="#sSpan1866" value="·"/>
		<feat xlink:href="#sSpan1870" value="ⲛⲉϥⲥⲟⲟⲩⲛ"/>
		<feat xlink:href="#sSpan1878" value="ⲁⲛ"/>
		<feat xlink:href="#sSpan1882" value="ϫⲉⲛⲓⲙ"/>
		<feat xlink:href="#sSpan1888" value="ⲡⲉ"/>
		<feat xlink:href="#sSpan1892" value="·"/>
		<feat xlink:href="#sSpan1897" value="ⲁⲡⲁ"/>
		<feat xlink:href="#sSpan1904" value="ⲃⲓⲕⲧⲱⲣ"/>
		<feat xlink:href="#sSpan1909" value="ⲇⲉ"/>
		<feat xlink:href="#sSpan1913" value="ⲡⲉϫⲁϥ"/>
		<feat xlink:href="#sSpan1919" value="ⲛⲁϥ"/>
		<feat xlink:href="#sSpan1925" value="·"/>
		<feat xlink:href="#sSpan1929" value="ϫⲉϩⲙⲟⲟⲥ"/>
		<feat xlink:href="#sSpan1937" value="ⲛⲁⲕ"/>
		<feat xlink:href="#sSpan1943" value="ⲛ̅ⲧⲁⲥⲉⲓ"/>
		<feat xlink:href="#sSpan1954" value="ⲙ̅ⲡⲉⲕϩⲟ"/>
		<feat xlink:href="#sSpan1963" value="ϫⲉⲉⲓⲥⲟⲩⲙⲏⲏϣⲉ"/>
		<feat xlink:href="#sSpan1975" value="ⲛ̅ⲟⲩⲟ̅ⲉⲓϣ"/>
		<feat xlink:href="#sSpan1981" value="ⲙ̅ⲡⲉⲓⲛⲁⲩ"/>
		<feat xlink:href="#sSpan1990" value="ⲉⲣⲱⲙⲉ"/>
		<feat xlink:href="#sSpan1996" value="·"/>
		<feat xlink:href="#sSpan2000" value="ⲁⲩⲱ"/>
		<feat xlink:href="#sSpan2004" value="ϯⲱⲣⲕ̅"/>
		<feat xlink:href="#sSpan2010" value="ⲉⲣⲟⲕ"/>
		<feat xlink:href="#sSpan2016" value="ϫⲉⲕⲁⲥ"/>
		<feat xlink:href="#sSpan2020" value="ⲉⲕⲉⲧⲁⲙⲟⲓ"/>
		<feat xlink:href="#sSpan2029" value="ϩⲛ̅ⲟⲩⲱⲣϫ̅"/>
		<feat xlink:href="#sSpan2037" value="ϫⲉⲛ̅ⲧⲕ̅ⲟⲩⲣⲙ̅ⲧⲱⲛ"/>
		<feat xlink:href="#sSpan2050" value="·"/>
		<feat xlink:href="#sSpan2054" value="ϫⲉⲕⲁⲥ"/>
		<feat xlink:href="#sSpan2059" value="ⲉⲓⲉⲉⲓⲙⲉ"/>
		<feat xlink:href="#sSpan2065" value="ϫⲉⲛ̅ⲧⲕ̅ⲟⲩⲣⲙ̅ⲧⲁⲡⲟⲗⲓⲥ"/>
		<feat xlink:href="#sSpan2082" value="·"/>
		<feat xlink:href="#sSpan2089" value="Ⲓⲥ̅"/>
		<feat xlink:href="#sSpan2098" value="ⲇⲉ"/>
		<feat xlink:href="#sSpan2102" value="ⲡⲉϫⲁϥ"/>
		<feat xlink:href="#sSpan2108" value="ⲛⲁϥ"/>
		<feat xlink:href="#sSpan2114" value="·"/>
		<feat xlink:href="#sSpan2118" value="ϫⲉⲛ̅ⲧⲕ̅ⲟⲩⲣⲙ̅ϩⲣⲱⲙⲏ"/>
		<feat xlink:href="#sSpan2134" value="ⲛ̅ⲧⲕⲩⲗⲓⲕⲓⲁ"/>
		<feat xlink:href="#sSpan2145" value="·"/>
		<feat xlink:href="#sSpan2151" value="ϩⲣⲱⲙⲁⲛⲟⲥ"/>
		<feat xlink:href="#sSpan2157" value="ⲡⲉ"/>
		<feat xlink:href="#sSpan2162" value="ⲡⲉⲕⲉⲓⲱⲧ"/>
		<feat xlink:href="#sSpan2168" value="·"/>
		<feat xlink:href="#sSpan2172" value="ⲁⲩⲱ"/>
		<feat xlink:href="#sSpan2178" value="ⲙⲁⲣⲑⲁ"/>
		<feat xlink:href="#sSpan2182" value="ⲧⲉ"/>
		<feat xlink:href="#sSpan2188" value="ⲧⲉⲕⲙⲁⲁⲩ"/>
		<feat xlink:href="#sSpan2194" value="·"/>
		<feat xlink:href="#sSpan2198" value="ⲁⲩⲱ"/>
		<feat xlink:href="#sSpan2202" value="ⲧⲉⲥϩⲓⲙⲉ"/>
		<feat xlink:href="#sSpan2209" value="ⲛ̅ⲧⲁⲩϣⲡ̅ⲧⲟⲟⲧⲥ̅"/>
		<feat xlink:href="#sSpan2223" value="ⲛⲁⲕ"/>
		<feat xlink:href="#sSpan2229" value="ⲡⲉ"/>
		<feat xlink:href="#sSpan2235" value="ⲑⲉⲟⲛⲱⲏ̅"/>
		<feat xlink:href="#sSpan2239" value="·"/>
		<feat xlink:href="#sSpan2244" value="ⲁⲗⲗⲁ"/>
		<feat xlink:href="#sSpan2249" value="ⲡⲛⲟⲩⲧⲉ"/>
		<feat xlink:href="#sSpan2255" value="ⲥⲟⲧⲡⲕ̅"/>
		<feat xlink:href="#sSpan2261" value="ⲛⲁϥ"/>
		<feat xlink:href="#sSpan2267" value="·"/>
		<feat xlink:href="#sSpan2272" value="ⲁⲡⲁ"/>
		<feat xlink:href="#sSpan2280" value="ⲃⲓⲕⲧⲱⲣ"/>
		<feat xlink:href="#sSpan2286" value="ⲇⲉ"/>
		<feat xlink:href="#sSpan2290" value="ⲁϥⲣⲓⲙⲉ"/>
		<feat xlink:href="#sSpan2298" value="ⲉϩⲟⲩⲛ"/>
		<feat xlink:href="#sSpan2302" value="ⲉϩⲣⲁϥ"/>
		<feat xlink:href="#sSpan2308" value="ⲡⲉϫⲁϥ"/>
		<feat xlink:href="#sSpan2314" value="·"/>
		<feat xlink:href="#sSpan2318" value="ϫⲉⲟ̅"/>
		<feat xlink:href="#sSpan2329" value="ⲡⲁⲥⲟⲛ"/>
		<feat xlink:href="#sSpan2336" value="ⲟⲩⲛⲟϭ"/>
		<feat xlink:href="#sSpan2342" value="ⲧⲉ"/>
		<feat xlink:href="#sSpan2347" value="ⲧⲉⲕⲡⲓⲥⲧⲓⲥ"/>
		<feat xlink:href="#sSpan2354" value="·"/>
		<feat xlink:href="#sSpan2358" value="ϯⲛⲁⲩ"/>
		<feat xlink:href="#sSpan2366" value="ⲉ̅ⲣⲟⲕ"/>
		<feat xlink:href="#sSpan2372" value="ϫⲉⲛ̅ⲧⲕ̅ⲟⲩⲡⲣⲟⲫⲏⲧⲏⲥ"/>
		<feat xlink:href="#sSpan2385" value="·"/>
		<feat xlink:href="#sSpan2390" value="ⲏ̅"/>
		<feat xlink:href="#sSpan2394" value="ⲛ̅ⲧⲟϥ"/>
		<feat xlink:href="#sSpan2398" value="ⲛ̅ⲧⲕ̅ⲟⲩⲁⲅⲅⲉⲗⲟⲥ"/>
		<feat xlink:href="#sSpan2408" value="ⲛ̅ⲧⲉⲡⲛⲟⲩⲧⲉ"/>
		<feat xlink:href="#sSpan2418" value="·"/>
		<feat xlink:href="#sSpan2422" value="ⲙⲁⲧⲁⲙⲟⲓ"/>
		<feat xlink:href="#sSpan2434" value="ⲇⲉ"/>
		<feat xlink:href="#sSpan2438" value="ⲉⲧⲃⲉⲡⲁⲏⲓ"/>
		<feat xlink:href="#sSpan2447" value="·"/>
		<feat xlink:href="#sSpan2451" value="ϫⲉⲉⲓⲥⲟⲩⲏ̅ⲏⲣ"/>
		<feat xlink:href="#sSpan2460" value="ⲛ̅ⲟⲩⲟ̅ⲉⲓϣ"/>
		<feat xlink:href="#sSpan2466" value="ϫⲓⲛⲧⲁⲓⲉⲓ"/>
		<feat xlink:href="#sSpan2479" value="ⲉⲃⲟⲗ"/>
		<feat xlink:href="#sSpan2483" value="ϩⲛ̅ⲧⲁⲭⲱⲣⲁ"/>
		<feat xlink:href="#sSpan2493" value="·"/>
		<feat xlink:href="#sSpan2497" value="ⲁϥⲟⲩⲱϣⲃ̅"/>
		<feat xlink:href="#sSpan2508" value="ⲛ̅ϭⲓⲓⲥ̅"/>
		<feat xlink:href="#sSpan2517" value="ϫⲉⲱ̅"/>
		<feat xlink:href="#sSpan2527" value="ⲡⲁⲥⲟⲛ"/>
		<feat xlink:href="#sSpan2533" value="ⲁⲣⲓⲟⲩⲙⲛ̅ⲧⲙⲁⲓ"/>
		<feat xlink:href="#sSpan2544" value="ⲣⲱⲙⲉ"/>
		<feat xlink:href="#sSpan2549" value="ⲛⲙ̅ⲙⲁⲓ"/>
		<feat xlink:href="#sSpan2555" value="·"/>
		<feat xlink:href="#sSpan2559" value="ⲛⲅ̅ϯ"/>
		<feat xlink:href="#sSpan2567" value="ⲛⲁⲓ"/>
		<feat xlink:href="#sSpan2573" value="ⲛ̅ⲟⲩⲟ̅ⲉⲓⲕ"/>
		<feat xlink:href="#sSpan2582" value="·"/>
		<feat xlink:href="#sSpan2586" value="ⲛ̅ⲧⲁⲟⲩⲟ̅ⲙϥ̅"/>
		<feat xlink:href="#sSpan2596" value="·"/>
		<feat xlink:href="#sSpan2600" value="ϫⲉⲡⲁⲙⲉϩⲥⲁϣϥ̅"/>
		<feat xlink:href="#sSpan2613" value="ⲡⲉ"/>
		<feat xlink:href="#sSpan2617" value="ⲡⲟⲟⲩ"/>
		<feat xlink:href="#sSpan2624" value="ⲙ̅ⲡⲉⲓⲟⲩⲱⲙ"/>
		<feat xlink:href="#sSpan2633" value=":—"/>
		<feat xlink:href="#sSpan2638" value="Ⲁⲡⲁ"/>
		<feat xlink:href="#sSpan2648" value="ⲃⲓⲕⲧⲱⲣ"/>
		<feat xlink:href="#sSpan2653" value="ⲇⲉ"/>
		<feat xlink:href="#sSpan2657" value="ⲡⲉϫⲁϥ"/>
		<feat xlink:href="#sSpan2663" value="·"/>
		<feat xlink:href="#sSpan2667" value="ϫⲉϩⲛ̅ⲟⲩⲙⲉ"/>
		<feat xlink:href="#sSpan2679" value="ⲡⲁⲥⲟⲛ"/>
		<feat xlink:href="#sSpan2685" value="ⲡⲁⲙⲉϩϩⲙⲉ"/>
		<feat xlink:href="#sSpan2693" value="ⲡⲟⲟⲩ"/>
		<feat xlink:href="#sSpan2699" value="·"/>
		<feat xlink:href="#sSpan2703" value="ⲙ̅ⲡⲉⲗⲁⲁⲩ"/>
		<feat xlink:href="#sSpan2710" value="ⲃⲱⲕ"/>
		<feat xlink:href="#sSpan2715" value="ⲉϩⲟⲩⲛ"/>
		<feat xlink:href="#sSpan2719" value="ⲉⲧⲁⲧⲁⲡⲣⲟ"/>
		<feat xlink:href="#sSpan2729" value="·"/>
		<feat xlink:href="#sSpan2734" value="ⲟⲩⲇⲉ"/>
		<feat xlink:href="#sSpan2738" value="ⲙ̅ⲡⲉⲓⲕⲁⲁⲧ"/>
		<feat xlink:href="#sSpan2748" value="ⲕⲁϩⲏⲩ"/>
		<feat xlink:href="#sSpan2752" value="ⲛ̅ⲛⲁϩⲟⲓⲧⲉ"/>
		<feat xlink:href="#sSpan2761" value="ⲉⲧϩⲓⲱⲱⲧ"/>
		<feat xlink:href="#sSpan2770" value="·"/>
		<feat xlink:href="#sSpan2774" value="ⲁⲩⲱ"/>
		<feat xlink:href="#sSpan2780" value="ϥⲟⲛϩ̅"/>
		<feat xlink:href="#sSpan2786" value="ⲛ̅ϭⲓⲡϫⲥ̅"/>
		<feat xlink:href="#sSpan2795" value="·"/>
		<feat xlink:href="#sSpan2799" value="ϫⲉⲙⲛ̅ⲟⲉⲓⲕ"/>
		<feat xlink:href="#sSpan2809" value="ⲟⲩⲇⲉ"/>
		<feat xlink:href="#sSpan2814" value="ⲙⲟⲟⲩ"/>
		<feat xlink:href="#sSpan2819" value="ϣⲟⲟⲡ"/>
		<feat xlink:href="#sSpan2823" value="ⲛⲁⲓ"/>
		<feat xlink:href="#sSpan2829" value="ϩⲛ̅ⲧⲉⲓⲉⲣⲏⲙⲓⲁ"/>
		<feat xlink:href="#sSpan2839" value="·"/>
		<feat xlink:href="#sSpan2844" value="ⲟⲩⲇⲉ"/>
		<feat xlink:href="#sSpan2848" value="ⲗⲁⲁⲩ"/>
		<feat xlink:href="#sSpan2853" value="ⲛ̅ⲉⲓⲇⲟⲥ"/>
		<feat xlink:href="#sSpan2862" value="ⲛ̅ⲟⲩⲱⲙ"/>
		<feat xlink:href="#sSpan2869" value="·"/>
		<feat xlink:href="#sSpan2873" value="ⲧⲉⲛⲟⲩ"/>
		<feat xlink:href="#sSpan2879" value="ϭⲉ"/>
		<feat xlink:href="#sSpan2884" value="ⲡⲁⲥⲟⲛ"/>
		<feat xlink:href="#sSpan2890" value="ⲧⲱⲟⲩⲛ"/>
		<feat xlink:href="#sSpan2894" value="ⲛⲅ̅ϫⲓ"/>
		<feat xlink:href="#sSpan2902" value="ⲛ̅ⲛⲉⲓⲗⲩⲭⲛⲓⲁ"/>
		<feat xlink:href="#sSpan2913" value="ⲙⲛ̅ⲛⲉⲓⲧⲟⲟ̅ⲧⲥ̅"/>
		<feat xlink:href="#sSpan2922" value="·"/>
		<feat xlink:href="#sSpan2926" value="ⲁⲩⲱ"/>
		<feat xlink:href="#sSpan2930" value="ⲡⲁⲕⲉⲙⲟⲩⲥ"/>
		<feat xlink:href="#sSpan2939" value="·"/>
		<feat xlink:href="#sSpan2943" value="ⲛⲅ̅ⲃⲱⲕ"/>
		<feat xlink:href="#sSpan2953" value="ⲉϩⲟⲩⲛ"/>
		<feat xlink:href="#sSpan2957" value="ⲉⲧⲉⲓⲡⲟⲗⲓⲥ"/>
		<feat xlink:href="#sSpan2967" value="ⲛⲅ̅ⲧⲁⲁⲩ"/>
		<feat xlink:href="#sSpan2977" value="ⲛⲅ̅ϫⲓⲛ̅ⲧⲉⲩⲁⲥⲟⲩ"/>
		<feat xlink:href="#sSpan2991" value="·"/>
		<feat xlink:href="#sSpan2995" value="ⲛⲅ̅ϣⲡ̅ϩⲉⲛⲟⲉⲓⲕ"/>
		<feat xlink:href="#sSpan3008" value="ⲛⲁⲛ"/>
		<feat xlink:href="#sSpan3014" value="ⲛ̅ⲧⲛ̅ⲟⲩⲱⲙ"/>
		<feat xlink:href="#sSpan3022" value="·"/>
		<feat xlink:href="#sSpan3027" value="ⲙⲏⲡⲟⲧⲉ"/>
		<feat xlink:href="#sSpan3031" value="ⲛ̅ⲧⲉⲧⲉⲕⲯⲩⲭⲏ"/>
		<feat xlink:href="#sSpan3042" value="ⲥⲱϣⲙ̅"/>
		<feat xlink:href="#sSpan3048" value="·"/>
		<feat xlink:href="#sSpan3052" value="ϫⲉⲛ̅ⲧⲁⲕⲉⲓ"/>
		<feat xlink:href="#sSpan3064" value="ϩⲛ̅ⲟⲩϩⲓⲏ"/>
		<feat xlink:href="#sSpan3073" value="ⲉⲥⲟⲩⲏⲏⲩ"/>
		<feat xlink:href="#sSpan3082" value="·"/>
		<feat xlink:href="#sSpan3086" value="Ⲁϥⲟⲩⲱ̅ϣⲃ̅"/>
		<feat xlink:href="#sSpan3098" value="ⲛ̅ϭⲓⲓⲥ̅"/>
		<feat xlink:href="#sSpan3107" value="ϫⲉϣⲁⲕϩⲉ"/>
		<feat xlink:href="#sSpan3118" value="ⲉⲣⲱⲙⲉ"/>
		<feat xlink:href="#sSpan3125" value="ⲧⲱⲛ"/>
		<feat xlink:href="#sSpan3129" value="ⲛⲅ̅ϣⲁϫⲉ"/>
		<feat xlink:href="#sSpan3137" value="ⲛⲙ̅ⲙⲁϥ"/>
		<feat xlink:href="#sSpan3144" value="ϩⲛ̅ⲧⲉⲓⲉⲣⲉⲙⲓⲁ"/>
		<feat xlink:href="#sSpan3154" value="·"/>
		<feat xlink:href="#sSpan3159" value="ⲏ̅"/>
		<feat xlink:href="#sSpan3163" value="ⲛⲓⲙ"/>
		<feat xlink:href="#sSpan3167" value="ⲡⲉϣⲁϥϥⲓⲡⲣⲟⲟⲩϣ"/>
		<feat xlink:href="#sSpan3183" value="ⲛ̅ⲧⲉⲕⲧⲣⲟⲫⲏ"/>
		<feat xlink:href="#sSpan3193" value="·"/>
		<feat xlink:href="#sSpan3197" value="ⲁϥⲟⲩⲱ̅ϣⲃ̅"/>
		<feat xlink:href="#sSpan3207" value="ⲛ̅ϭⲓⲁⲡⲁ"/>
		<feat xlink:href="#sSpan3216" value="ⲃⲓⲕⲧⲱⲣ"/>
		<feat xlink:href="#sSpan3220" value="ϫⲉⲟⲩⲟⲓ"/>
		<feat xlink:href="#sSpan3229" value="ⲛⲁⲓ"/>
		<feat xlink:href="#sSpan3236" value="ⲡⲁⲥⲟⲛ"/>
		<feat xlink:href="#sSpan3242" value="·"/>
		<feat xlink:href="#sSpan3246" value="ⲙ̅ⲡⲁⲧⲉⲓⲡⲱϩ"/>
		<feat xlink:href="#sSpan3255" value="ⲉⲡⲕⲉⲙⲁ"/>
		<feat xlink:href="#sSpan3266" value="ⲉⲧⲉⲙⲛ̅ϫⲓϩⲟ"/>
		<feat xlink:href="#sSpan3278" value="ⲛ̅ϩⲏⲧϥ̅"/>
		<feat xlink:href="#sSpan3284" value="·"/>
		<feat xlink:href="#sSpan3288" value="ⲛⲅ̅ϩⲉ"/>
		<feat xlink:href="#sSpan3296" value="ⲉⲣⲟⲥ"/>
		<feat xlink:href="#sSpan3302" value="ⲉⲣⲉⲡⲁϫⲟⲉⲓⲥ"/>
		<feat xlink:href="#sSpan3313" value="ⲓⲥ̅"/>
		<feat xlink:href="#sSpan3317" value="ⲡⲉⲭⲣⲥ̅"/>
		<feat xlink:href="#sSpan3326" value="ϩⲙⲟⲟⲥ"/>
		<feat xlink:href="#sSpan3330" value="·"/>
		<feat xlink:href="#sSpan3334" value="ⲉⲣⲉⲛⲁⲡⲟⲥⲧⲟⲗⲟⲥ"/>
		<feat xlink:href="#sSpan3344" value="ⲙⲛ̅ⲙ̅ⲡⲁⲧⲣⲓⲁⲣⲭⲏⲥ"/>
		<feat xlink:href="#sSpan3355" value="ϩⲙⲟⲟⲥ"/>
		<feat xlink:href="#sSpan3359" value="·"/>
		<feat xlink:href="#sSpan3363" value="ⲉⲣⲉϩⲉⲛϣⲟ"/>
		<feat xlink:href="#sSpan3372" value="ⲛ̅ϣⲟ"/>
		<feat xlink:href="#sSpan3378" value="ⲙⲛ̅ϩⲉⲛⲧⲃⲁ"/>
		<feat xlink:href="#sSpan3386" value="ⲛ̅ⲧⲃⲁ"/>
		<feat xlink:href="#sSpan3393" value="ⲛ̅ⲁⲅⲅⲉⲗⲟⲥ"/>
		<feat xlink:href="#sSpan3400" value="ⲁⲁϩⲉ̅ⲣⲁⲧⲟⲩ"/>
		<feat xlink:href="#sSpan3410" value="ⲙ̅ⲡⲉϥⲕⲱⲧⲉ"/>
		<feat xlink:href="#sSpan3419" value="·"/>
		<feat xlink:href="#sSpan3423" value="ⲉϣⲱⲡⲉ"/>
		<feat xlink:href="#sSpan3431" value="ⲟⲩⲣⲉϥⲣ̅ⲛⲟⲃⲉ"/>
		<feat xlink:href="#sSpan3440" value="ⲡⲉ"/>
		<feat xlink:href="#sSpan3445" value="ⲟⲩⲁ̅"/>
		<feat xlink:href="#sSpan3449" value="·"/>
		<feat xlink:href="#sSpan3453" value="ⲉϥϣⲁⲛⲡⲱϩ"/>
		<feat xlink:href="#sSpan3460" value="ⲉⲡⲙⲁ"/>
		<feat xlink:href="#sSpan3469" value="ⲉⲧⲙ̅ⲙⲁⲩ"/>
		<feat xlink:href="#sSpan3476" value="ⲙⲛ̅ⲧϥ̅ⲡⲁⲣϩⲏⲥⲓⲁ"/>
		<feat xlink:href="#sSpan3486" value="ⲙ̅ⲙⲁⲩ"/>
		<feat xlink:href="#sSpan3490" value="ⲉ̅ⲧⲃⲉⲛ̅ⲛⲟⲃⲉ"/>
		<feat xlink:href="#sSpan3499" value="ⲛ̅ⲧⲁϥⲁⲁⲩ"/>
		<feat xlink:href="#sSpan3512" value="·"/>
		<feat xlink:href="#sSpan3516" value="ⲛⲁⲡⲉϩⲟⲟⲩ"/>
		<feat xlink:href="#sSpan3525" value="ⲙⲛ̅ⲛⲁⲧⲉⲩϣⲏ"/>
		<feat xlink:href="#sSpan3536" value="·"/>
		<feat xlink:href="#sSpan3540" value="ⲁⲛⲟⲕ"/>
		<feat xlink:href="#sSpan3546" value="ⲡⲉ"/>
		<feat xlink:href="#sSpan3550" value="ⲡⲧⲁⲗⲁⲓⲡⲱⲣⲟⲥ"/>
		<feat xlink:href="#sSpan3559" value="ⲙ̅ⲡⲛⲁⲩ"/>
		<feat xlink:href="#sSpan3568" value="ⲉⲧⲙ̅ⲙⲁⲩ"/>
		<feat xlink:href="#sSpan3574" value="·"/>
		<feat xlink:href="#sSpan3578" value="ⲟⲩⲟⲓ"/>
		<feat xlink:href="#sSpan3582" value="ⲛⲁⲓ"/>
		<feat xlink:href="#sSpan3588" value="ϫⲉⲟⲩⲟⲃϣⲥ̅"/>
		<feat xlink:href="#sSpan3598" value="ⲧⲉ"/>
		<feat xlink:href="#sSpan3602" value="ⲛⲧⲁⲩⲕⲁⲁⲥ"/>
		<feat xlink:href="#sSpan3614" value="ϩⲓϫⲙ̅ⲡϩⲏⲧ"/>
		<feat xlink:href="#sSpan3623" value="ⲙ̅ⲡⲣⲱⲙⲉ"/>
		<feat xlink:href="#sSpan3632" value="·"/>
		<feat xlink:href="#sSpan3636" value="ⲉⲧⲙ̅ⲣ̅ⲡⲙⲉⲉⲩⲉ"/>
		<feat xlink:href="#sSpan3649" value="ⲙ̅ⲡⲙⲟⲩ"/>
		<feat xlink:href="#sSpan3658" value="·"/>
		<feat xlink:href="#sSpan3662" value="ϣⲁⲛⲧⲉⲧⲉⲩⲛⲟⲩ"/>
		<feat xlink:href="#sSpan3671" value="ⲙ̅ⲡⲟⲩⲁ"/>
		<feat xlink:href="#sSpan3682" value="ⲡⲟⲩⲁ̅"/>
		<feat xlink:href="#sSpan3688" value="ⲧⲁϩⲟϥ"/>
		<feat xlink:href="#sSpan3694" value="ⲙ̅ⲡⲁⲧϥⲉⲓⲙⲉ"/>
		<feat xlink:href="#sSpan3702" value=":—"/>
		<feat xlink:href="#sSpan3706" value="Ⲟⲩⲟⲓ"/>
		<feat xlink:href="#sSpan3714" value="ⲛⲁⲓ"/>
		<feat xlink:href="#sSpan3720" value="ⲁⲛⲟⲕ"/>
		<feat xlink:href="#sSpan3724" value="ϫⲉⲁⲓⲉⲡⲓⲕⲁⲗⲉ"/>
		<feat xlink:href="#sSpan3734" value="ⲙ̅ⲡⲙⲟⲩ"/>
		<feat xlink:href="#sSpan3743" value="ⲙ̅ⲡⲉⲓϩⲉ"/>
		<feat xlink:href="#sSpan3751" value="ⲉⲣⲟϥ"/>
		<feat xlink:href="#sSpan3758" value="·"/>
		<feat xlink:href="#sSpan3762" value="ⲁⲓⲁⲓⲧⲉⲓ"/>
		<feat xlink:href="#sSpan3773" value="ⲛ̅ⲟⲩϣⲱⲛⲉ"/>
		<feat xlink:href="#sSpan3782" value="ⲙ̅ⲡⲉϥⲉⲓ"/>
		<feat xlink:href="#sSpan3790" value="ⲛⲁⲓ"/>
		<feat xlink:href="#sSpan3796" value="·"/>
		<feat xlink:href="#sSpan3800" value="ⲕⲥⲟⲟⲩⲛ"/>
		<feat xlink:href="#sSpan3808" value="ⲡⲁϫⲟⲉⲓⲥ"/>
		<feat xlink:href="#sSpan3816" value="ϫⲉϯⲁⲓⲧⲉⲓ"/>
		<feat xlink:href="#sSpan3825" value="ⲙ̅ⲡⲁⲙⲟⲩ"/>
		<feat xlink:href="#sSpan3835" value="ⲡⲁⲣⲁⲡⲁⲱ̅ⲛϩ̅"/>
		<feat xlink:href="#sSpan3844" value="·"/>
		<feat xlink:href="#sSpan3848" value="ϫⲉⲁⲓⲣ̅ⲁⲧⲉⲓⲱⲧ"/>
		<feat xlink:href="#sSpan3862" value="ϩⲓⲙⲁⲁⲩ"/>
		<feat xlink:href="#sSpan3869" value="ϩⲙ̅ⲡⲓⲁⲓⲱⲛ̅"/>
		<feat xlink:href="#sSpan3879" value="ϯⲣ̅ⲙⲛ̅ⲧⲣⲉ"/>
		<feat xlink:href="#sSpan3889" value="ⲙ̅ⲡⲁϫⲥ̅"/>
		<feat xlink:href="#sSpan3901" value="ⲓⲥ̅"/>
		<feat xlink:href="#sSpan3905" value="ⲡⲉⲭⲣⲥ̅"/>
		<feat xlink:href="#sSpan3912" value="·"/>
		<feat xlink:href="#sSpan3916" value="ϫⲉⲉⲕϣⲁⲛⲃⲱⲕ"/>
		<feat xlink:href="#sSpan3925" value="ⲉⲃⲟⲗ"/>
		<feat xlink:href="#sSpan3929" value="ϩⲓⲧⲟⲟⲧ"/>
		<feat xlink:href="#sSpan3933" value="ⲙ̅ⲡⲟⲟⲩ"/>
		<feat xlink:href="#sSpan3943" value="·"/>
		<feat xlink:href="#sSpan3947" value="ⲉⲕⲉⲕⲧⲟⲕ"/>
		<feat xlink:href="#sSpan3955" value="ⲟⲛ"/>
		<feat xlink:href="#sSpan3959" value="ⲛⲅ̅ϭⲙ̅ⲡⲁϣⲓⲛⲉ"/>
		<feat xlink:href="#sSpan3971" value="·"/>
		<feat xlink:href="#sSpan3975" value="ⲁⲛⲟⲕ"/>
		<feat xlink:href="#sSpan3981" value="ⲡⲉⲓϩⲙ̅ϩⲁⲗ"/>
		<feat xlink:href="#sSpan3989" value="ⲛ̅ⲁⲧϣⲁⲩ"/>
		<feat xlink:href="#sSpan3997" value="·"/>
		<feat xlink:href="#sSpan4001" value="ⲉϣⲱⲡⲉ"/>
		<feat xlink:href="#sSpan4007" value="ⲉⲓϣⲁⲛⲙⲟⲩ"/>
		<feat xlink:href="#sSpan4013" value="ⲉⲕⲉⲧⲱⲙⲥ̅"/>
		<feat xlink:href="#sSpan4020" value="ⲙ̅ⲡⲁⲥⲱⲙⲁ"/>
		<feat xlink:href="#sSpan4030" value="·"/>
		<feat xlink:href="#sSpan4035" value="ⲙⲏⲡⲟⲧⲉ"/>
		<feat xlink:href="#sSpan4039" value="ⲛ̅ⲧⲉⲡⲁⲥⲱⲙⲁ"/>
		<feat xlink:href="#sSpan4049" value="ϭⲱ"/>
		<feat xlink:href="#sSpan4054" value="ⲉϥⲛⲏϫ"/>
		<feat xlink:href="#sSpan4063" value="ⲉⲃⲟⲗ"/>
		<feat xlink:href="#sSpan4067" value="ⲙ̅ⲡⲉⲓⲙⲁ"/>
		<feat xlink:href="#sSpan4076" value="·"/>
		<feat xlink:href="#sSpan4080" value="ⲛ̅ⲧⲉⲧⲙ̅ⲗⲁⲁⲩ"/>
		<feat xlink:href="#sSpan4089" value="ⲛ̅ⲣⲱⲙⲉ"/>
		<feat xlink:href="#sSpan4095" value="ⲣ̅ⲡⲁⲙⲉⲉⲩⲉ"/>
		<feat xlink:href="#sSpan4104" value="·"/>
		<feat xlink:href="#sSpan4111" value="ⲓⲥ̅"/>
		<feat xlink:href="#sSpan4118" value="ⲇⲉ"/>
		<feat xlink:href="#sSpan4122" value="ⲁϥϣⲛ̅ϩⲧⲏϥ"/>
		<feat xlink:href="#sSpan4134" value="ϩⲁⲁⲡⲁ"/>
		<feat xlink:href="#sSpan4143" value="ⲃⲓⲕⲧⲱⲣ"/>
		<feat xlink:href="#sSpan4147" value="ⲉϥⲛⲁⲩ"/>
		<feat xlink:href="#sSpan4156" value="ⲉⲣⲟϥ"/>
		<feat xlink:href="#sSpan4162" value="ⲉϥⲣⲓⲙⲉ"/>
		<feat xlink:href="#sSpan4170" value="·"/>
		<feat xlink:href="#sSpan4174" value="Ⲡⲉϫⲁϥ"/>
		<feat xlink:href="#sSpan4184" value="ⲛⲁϥ"/>
		<feat xlink:href="#sSpan4190" value="ϫⲉⲥⲟⲩⲱ̅ⲛⲧ̅"/>
		<feat xlink:href="#sSpan4200" value="ϫⲉⲁⲛⲅ̅"/>
		<feat xlink:href="#sSpan4206" value="ⲛⲓⲙ"/>
		<feat xlink:href="#sSpan4210" value="·"/>
		<feat xlink:href="#sSpan4214" value="ⲁⲛⲟⲕ"/>
		<feat xlink:href="#sSpan4220" value="ⲡⲉ"/>
		<feat xlink:href="#sSpan4224" value="ⲛⲧⲁⲓⲛⲟⲩϩⲙ̅"/>
		<feat xlink:href="#sSpan4235" value="ⲙ̅ⲙⲟⲕ"/>
		<feat xlink:href="#sSpan4241" value="ϩⲙ̅ⲡϩⲉⲣⲙⲉⲧⲁⲣⲓⲟⲛ"/>
		<feat xlink:href="#sSpan4251" value="ⲛ̅ⲣⲁⲕⲟⲧⲉ"/>
		<feat xlink:href="#sSpan4259" value="·"/>
		<feat xlink:href="#sSpan4263" value="ⲁⲛⲟⲕ"/>
		<feat xlink:href="#sSpan4270" value="ⲡⲉ"/>
		<feat xlink:href="#sSpan4274" value="ⲛⲧⲁⲓⲛⲟⲩϩⲙ̅"/>
		<feat xlink:href="#sSpan4284" value="ⲙ̅ⲙⲟⲕ"/>
		<feat xlink:href="#sSpan4290" value="ϩⲙ̅ⲡⲉϭⲗⲟϭ"/>
		<feat xlink:href="#sSpan4299" value="ⲙ̅ⲡⲉⲛⲓⲡⲉ"/>
		<feat xlink:href="#sSpan4307" value="·"/>
		<feat xlink:href="#sSpan4311" value="ⲁⲛⲟⲕ"/>
		<feat xlink:href="#sSpan4317" value="ⲡⲉ"/>
		<feat xlink:href="#sSpan4321" value="ⲛ̅ⲧⲁⲓⲧⲟⲩϫⲟⲕ"/>
		<feat xlink:href="#sSpan4333" value="ϩⲙ̅ⲡⲙ̅ⲧⲱⲕ"/>
		<feat xlink:href="#sSpan4342" value="ⲛ̅ⲧⲥⲓⲟⲟⲩⲛ"/>
		<feat xlink:href="#sSpan4352" value="·"/>
		<feat xlink:href="#sSpan4356" value="ⲁⲛⲟⲕ"/>
		<feat xlink:href="#sSpan4362" value="ⲡⲉ"/>
		<feat xlink:href="#sSpan4367" value="ⲓⲥ̅"/>
		<feat xlink:href="#sSpan4373" value="ⲡⲉⲭⲣⲥ̅"/>
		<feat xlink:href="#sSpan4380" value="ⲡⲉⲧⲛⲟⲩϩⲙ̅"/>
		<feat xlink:href="#sSpan4388" value="ⲙ̅ⲙⲟⲕ"/>
		<feat xlink:href="#sSpan4395" value="ϩⲛ̅ⲛⲉⲕⲑⲗⲓⲯⲓⲥ"/>
		<feat xlink:href="#sSpan4405" value="ⲧⲏⲣⲟⲩ"/>
		<feat xlink:href="#sSpan4411" value="·"/>
		<feat xlink:href="#sSpan4415" value="ⲁⲛⲟⲕ"/>
		<feat xlink:href="#sSpan4421" value="ϯϣⲟⲟⲡ"/>
		<feat xlink:href="#sSpan4427" value="ⲛⲙ̅ⲙⲁⲕ"/>
		<feat xlink:href="#sSpan4434" value="ϩⲙ̅ⲙⲁ"/>
		<feat xlink:href="#sSpan4441" value="ⲛⲓⲙ"/>
		<feat xlink:href="#sSpan4445" value="ⲉⲧⲕ̅ⲛⲁⲃⲱⲕ"/>
		<feat xlink:href="#sSpan4455" value="ⲉⲣⲟϥ"/>
		<feat xlink:href="#sSpan4461" value="·"/>
		<feat xlink:href="#sSpan4465" value="ⲙ̅ⲡⲣ̅ⲗⲩⲡⲉⲓ"/>
		<feat xlink:href="#sSpan4475" value="ϫⲉⲕϣⲟⲟⲡ"/>
		<feat xlink:href="#sSpan4483" value="ϩⲛ̅ⲧⲉⲓⲉⲣⲉⲙⲓⲁ"/>
		<feat xlink:href="#sSpan4493" value="·"/>
		<feat xlink:href="#sSpan4498" value="ϩⲁⲙⲏⲛ"/>
		<feat xlink:href="#sSpan4504" value="ϯϫⲱ"/>
		<feat xlink:href="#sSpan4510" value="ⲙ̅ⲙⲟⲥ"/>
		<feat xlink:href="#sSpan4517" value="ⲛⲁⲕ"/>
		<feat xlink:href="#sSpan4523" value="ϫⲉⲕⲛⲁϣⲱⲡⲉ"/>
		<feat xlink:href="#sSpan4533" value="ⲛⲙ̅ⲙⲁⲓ"/>
		<feat xlink:href="#sSpan4539" value="ϩⲛ̅ⲑⲓⲉⲗⲏ̅ⲙ̅"/>
		<feat xlink:href="#sSpan4550" value="ⲛ̅ⲧⲡⲉ"/>
		<feat xlink:href="#sSpan4560" value="ⲧⲁⲡⲟⲗⲓⲥ"/>
		<feat xlink:href="#sSpan4567" value="ⲙ̅ⲙⲉⲣⲓⲧ"/>
		<feat xlink:href="#sSpan4573" value="·"/>
		<feat xlink:href="#sSpan4577" value="ⲁⲩⲱ"/>
		<feat xlink:href="#sSpan4582" value="ⲕⲁⲧⲁⲑⲉ"/>
		<feat xlink:href="#sSpan4591" value="ⲉϣⲁⲓϩⲙⲟⲟⲥ"/>
		<feat xlink:href="#sSpan4602" value="ϩⲓⲡⲁⲑⲣⲟⲛⲟⲥ"/>
		<feat xlink:href="#sSpan4612" value="·"/>
		<feat xlink:href="#sSpan4616" value="ⲕⲛⲁϩⲙⲟⲟⲥ"/>
		<feat xlink:href="#sSpan4626" value="ϩⲱⲱⲕ"/>
		<feat xlink:href="#sSpan4632" value="ϩⲓϫⲙ̅ⲡⲱⲕ"/>
		<feat xlink:href="#sSpan4639" value="·"/>
		<feat xlink:href="#sSpan4643" value="ⲁⲩⲱ"/>
		<feat xlink:href="#sSpan4648" value="ϯⲛⲁⲧⲣⲉⲇⲩⲣⲁⲛⲛⲟⲥ"/>
		<feat xlink:href="#sSpan4660" value="ⲛⲓⲙ"/>
		<feat xlink:href="#sSpan4664" value="·"/>
		<feat xlink:href="#sSpan4668" value="ϩⲓⲁⲣⲭⲏ"/>
		<feat xlink:href="#sSpan4676" value="ⲛⲓⲙ"/>
		<feat xlink:href="#sSpan4680" value="·"/>
		<feat xlink:href="#sSpan4684" value="ⲥⲱⲧⲙ̅"/>
		<feat xlink:href="#sSpan4689" value="ⲉⲧⲃⲉⲡⲉⲕⲣⲁⲛ"/>
		<feat xlink:href="#sSpan4698" value="ⲛ̅ⲥⲉⲣ̅ϣⲡⲏⲣⲉ"/>
		<feat xlink:href="#sSpan4708" value="·"/>
		<feat xlink:href="#sSpan4712" value="ⲁⲩⲱ"/>
		<feat xlink:href="#sSpan4718" value="ϯⲛⲁⲧⲣⲉⲩⲉⲓ"/>
		<feat xlink:href="#sSpan4733" value="ⲉⲣⲁⲧϥ̅"/>
		<feat xlink:href="#sSpan4739" value="ⲙ̅ⲡⲉⲕⲧⲟⲡⲟⲥ"/>
		<feat xlink:href="#sSpan4749" value="·"/>
		<feat xlink:href="#sSpan4753" value="ⲛ̅ⲥⲉⲛ̅ⲇⲱⲣⲟⲛ"/>
		<feat xlink:href="#sSpan4763" value="ⲛⲁⲕ"/>
		<feat xlink:href="#sSpan4769" value="ϩⲙ̅ⲡⲁⲣⲁⲛ"/>
		<feat xlink:href="#sSpan4779" value="·"/>
		<feat xlink:href="#sSpan4783" value="ϯⲛⲁⲧⲣⲉϩⲉⲛⲛⲟϭ"/>
		<feat xlink:href="#sSpan4798" value="ⲛ̅ϣⲡⲏⲣⲉ"/>
		<feat xlink:href="#sSpan4804" value="ⲙⲛ̅ϩⲉⲛⲙⲁⲉⲓⲛ"/>
		<feat xlink:href="#sSpan4814" value="ⲟⲩⲱ̅ⲛϩ̅"/>
		<feat xlink:href="#sSpan4819" value="ⲉⲃⲟⲗ"/>
		<feat xlink:href="#sSpan4823" value="ϩⲙ̅ⲡⲉⲕⲧⲟⲡⲟⲥ"/>
		<feat xlink:href="#sSpan4833" value="·"/>
		<feat xlink:href="#sSpan4837" value="ⲟⲩⲟⲛ"/>
		<feat xlink:href="#sSpan4845" value="ⲛⲓⲙ"/>
		<feat xlink:href="#sSpan4850" value="ⲉⲧⲛⲁⲉⲓ"/>
		<feat xlink:href="#sSpan4859" value="ⲉ̅ⲡⲉⲕⲧⲟⲡⲟⲥ"/>
		<feat xlink:href="#sSpan4869" value="ⲛϥ̅ⲉⲣⲏⲧ"/>
		<feat xlink:href="#sSpan4877" value="ⲛϥ̅ⲧⲙ̅ⲧⲁⲁⲩ"/>
		<feat xlink:href="#sSpan4889" value="·"/>
		<feat xlink:href="#sSpan4893" value="ϯⲛⲁϫⲓϩⲁⲡ"/>
		<feat xlink:href="#sSpan4906" value="ⲛⲙ̅ⲙⲁϥ"/>
		<feat xlink:href="#sSpan4912" value="ϩⲁⲣⲟⲟⲩ"/>
		<feat xlink:href="#sSpan4918" value=":—"/>
		<feat xlink:href="#sSpan4922" value="ⲁⲩⲱ"/>
		<feat xlink:href="#sSpan4928" value="ⲡⲉⲓⲡⲩⲣⲅⲟⲥ"/>
		<feat xlink:href="#sSpan4936" value="ⲉⲧⲕⲟⲩⲏⲏϩ"/>
		<feat xlink:href="#sSpan4943" value="ⲛ̅ϩⲏⲧϥ̅"/>
		<feat xlink:href="#sSpan4949" value="·"/>
		<feat xlink:href="#sSpan4953" value="ⲥⲉⲛⲁⲱ̅ϫⲛ̅"/>
		<feat xlink:href="#sSpan4961" value="ⲁⲛ"/>
		<feat xlink:href="#sSpan4965" value="ⲛ̅ϭⲓⲙ̅ⲙⲏⲏϣⲉ"/>
		<feat xlink:href="#sSpan4974" value="ⲉⲧⲛⲏⲩ"/>
		<feat xlink:href="#sSpan4982" value="ⲉⲣⲁⲧⲕ̅"/>
		<feat xlink:href="#sSpan4989" value="ⲛⲉⲕⲡⲟⲗⲩϯⲁ"/>
		<feat xlink:href="#sSpan4996" value="ⲙⲛ̅ⲛⲉⲕⲙⲛ̅ⲧ̅ϫⲱⲱⲣⲉ"/>
		<feat xlink:href="#sSpan5007" value="ⲛⲁⲃⲱⲕ"/>
		<feat xlink:href="#sSpan5015" value="ϣⲁⲁⲣⲏϫϥ̅"/>
		<feat xlink:href="#sSpan5023" value="ⲙ̅ⲡⲕⲁϩ"/>
		<feat xlink:href="#sSpan5032" value="·"/>
		<feat xlink:href="#sSpan5036" value="ⲕⲛⲁⲣ̅"/>
		<feat xlink:href="#sSpan5047" value="ⲧⲉⲓⲣⲟⲙⲡⲉ"/>
		<feat xlink:href="#sSpan5053" value="ϩⲛ̅ⲧⲉⲝⲱⲣⲓ[ⲥ]ⲧⲉⲓⲁ"/>
		<feat xlink:href="#sSpan5064" value="·"/>
		<feat xlink:href="#sSpan5068" value="ϩⲣⲁⲓ"/>
		<feat xlink:href="#sSpan5073" value="ϩⲛ̅ⲧⲕⲉⲣⲟⲙⲡⲉ"/>
		<feat xlink:href="#sSpan5084" value="ⲥⲉⲛⲁϥⲓ"/>
		<feat xlink:href="#sSpan5092" value="ⲛ̅ⲧⲉⲕⲁⲡⲉ"/>
		<feat xlink:href="#sSpan5102" value="ϩⲛ̅ⲧⲙⲏⲏⲧⲉ"/>
		<feat xlink:href="#sSpan5111" value="ⲙ̅ⲡⲉⲓⲕⲁⲥⲧⲣⲟⲛ"/>
		<feat xlink:href="#sSpan5121" value="ϩⲛ̅ⲧⲥⲏϥⲉ"/>
		<feat xlink:href="#sSpan5130" value="·"/>
		<feat xlink:href="#sSpan5134" value="ⲕⲛⲁϣⲉⲡ"/>
		<feat xlink:href="#sSpan5145" value="ϩⲉⲛⲕⲉⲕⲟⲩⲓ"/>
		<feat xlink:href="#sSpan5155" value="ⲅⲁⲣ"/>
		<feat xlink:href="#sSpan5159" value="ⲛ̅ϩⲓⲥⲉ"/>
		<feat xlink:href="#sSpan5165" value="ⲉϫⲙ̅ⲡⲁⲣⲁⲛ"/>
		<feat xlink:href="#sSpan5174" value="·"/>
		<feat xlink:href="#sSpan5178" value="ϯⲛⲏⲩ"/>
		<feat xlink:href="#sSpan5187" value="ⲟⲛ"/>
		<feat xlink:href="#sSpan5191" value="ⲛ̅ⲧⲁϯϭⲟⲙ"/>
		<feat xlink:href="#sSpan5202" value="ⲛⲁⲕ"/>
		<feat xlink:href="#sSpan5208" value="ϣⲁⲛⲧⲕ̅ϯϣⲓⲡⲉ"/>
		<feat xlink:href="#sSpan5218" value="ⲙ̅ⲡⲇⲟⲩⲝ"/>
		<feat xlink:href="#sSpan5229" value="ⲙⲛ̅ⲛⲉϥⲃⲁⲍⲁⲛⲟⲥ"/>
		<feat xlink:href="#sSpan5239" value="·"/>
		<feat xlink:href="#sSpan5243" value="Ⲛ̅ⲧⲉⲩⲛⲟⲩ"/>
		<feat xlink:href="#sSpan5255" value="ⲁ̅ⲁⲡⲁ"/>
		<feat xlink:href="#sSpan5264" value="ⲃⲓⲕⲧⲱⲣ"/>
		<feat xlink:href="#sSpan5268" value="ⲡⲁϩⲧ̅ϥ̅"/>
		<feat xlink:href="#sSpan5274" value="ⲙ̅ⲡϫⲥ̅"/>
		<feat xlink:href="#sSpan5283" value="ⲉϥϫⲱ"/>
		<feat xlink:href="#sSpan5291" value="ⲙ̅ⲙⲟⲥ"/>
		<feat xlink:href="#sSpan5298" value="·"/>
		<feat xlink:href="#sSpan5302" value="ϫⲉⲁⲛⲅ̅"/>
		<feat xlink:href="#sSpan5310" value="ⲛⲓⲙ"/>
		<feat xlink:href="#sSpan5314" value="ⲁⲛⲟⲕ"/>
		<feat xlink:href="#sSpan5318" value="ϫⲉⲁⲓⲣ̅"/>
		<feat xlink:href="#sSpan5328" value="[ⲙ̅]ⲡϣⲁ"/>
		<feat xlink:href="#sSpan5337" value="ⲉⲧⲣⲕ̅ϣⲁϫⲉ"/>
		<feat xlink:href="#sSpan5348" value="ⲛⲙ̅ⲙⲁ[ⲓ]"/>
		<feat xlink:href="#sSpan5355" value="ⲱ̅"/>
		<feat xlink:href="#sSpan5360" value="ⲡⲁϫⲥ̅"/>
		<feat xlink:href="#sSpan5366" value="·"/>
		<feat xlink:href="#sSpan5370" value="ⲁⲓⲥ̅"/>
		<feat xlink:href="#sSpan5381" value="ⲁⲥⲡⲁⲍⲉ"/>
		<feat xlink:href="#sSpan5385" value="ⲙ̅ⲙⲟϥ"/>
		<feat xlink:href="#sSpan5391" value="·"/>
		<feat xlink:href="#sSpan5395" value="ⲁϥⲃⲱⲕ"/>
		<feat xlink:href="#sSpan5405" value="ⲉϩⲣⲁⲓ"/>
		<feat xlink:href="#sSpan5409" value="ⲉⲙ̅ⲡⲏⲩⲉ"/>
		<feat xlink:href="#sSpan5418" value="·"/>
		<feat xlink:href="#sSpan5422" value="ⲉⲩϩⲩⲙⲛⲉⲩⲉ̅"/>
		<feat xlink:href="#sSpan5431" value="ⲉⲣⲟϥ"/>
		<feat xlink:href="#sSpan5437" value="ⲛ̅ϭⲓⲛ̅ⲁⲅⲅⲉⲗⲟⲥ"/>
		<feat xlink:href="#sSpan5448" value="·"/>
		<feat xlink:href="#sSpan5453" value="Ⲁⲡⲁ"/>
		<feat xlink:href="#sSpan5463" value="ⲃⲓⲕⲧⲱⲣ"/>
		<feat xlink:href="#sSpan5468" value="ⲇⲉ"/>
		<feat xlink:href="#sSpan5472" value="ⲛⲉϥϣⲟⲟⲡ"/>
		<feat xlink:href="#sSpan5480" value="ϩⲙ̅ⲡⲕⲁⲥⲧⲣⲟⲛ"/>
		<feat xlink:href="#sSpan5490" value=":—"/>
		<feat xlink:href="#sSpan5494" value="ⲉⲣⲉⲡϫⲥ̅"/>
		<feat xlink:href="#sSpan5505" value="ⲓⲥ̅"/>
		<feat xlink:href="#sSpan5510" value="ϣⲟⲟⲡ"/>
		<feat xlink:href="#sSpan5514" value="ⲛⲙ̅ⲙⲁϥ"/>
		<feat xlink:href="#sSpan5520" value="·"/>
		<feat xlink:href="#sSpan5525" value="ⲁⲡⲁ"/>
		<feat xlink:href="#sSpan5533" value="ⲃⲓⲕⲧⲱⲣ"/>
		<feat xlink:href="#sSpan5538" value="ⲇⲉ"/>
		<feat xlink:href="#sSpan5542" value="ⲁϥϣⲱⲡ"/>
		<feat xlink:href="#sSpan5550" value="ⲛⲁϥ"/>
		<feat xlink:href="#sSpan5556" value="ⲛ̅ⲧⲉϥⲕⲁⲓⲥⲉ"/>
		<feat xlink:href="#sSpan5566" value="ⲙⲛ̅ⲧⲉϥⲧⲁⲓⲃⲉ"/>
		<feat xlink:href="#sSpan5575" value="·"/>
		<feat xlink:href="#sSpan5580" value="ⲡⲕⲁⲥⲧⲣⲟⲛ"/>
		<feat xlink:href="#sSpan5590" value="ⲇⲉ"/>
		<feat xlink:href="#sSpan5594" value="ⲁϥⲁϣⲁⲓ"/>
		<feat xlink:href="#sSpan5603" value="ⲙ̅ⲙⲁⲧⲟⲓ̅"/>
		<feat xlink:href="#sSpan5610" value="ⲉⲙⲁⲧⲉ"/>
		<feat xlink:href="#sSpan5614" value="·"/>
		<feat xlink:href="#sSpan5618" value="ⲉⲧⲃⲉⲡⲙⲁⲕⲁⲣⲓⲟⲥ"/>
		<feat xlink:href="#sSpan5629" value="ⲁⲡⲁ"/>
		<feat xlink:href="#sSpan5634" value="ⲃⲓⲕⲧⲱⲣ"/>
		<feat xlink:href="#sSpan5639" value="·"/>
		<feat xlink:href="#sSpan5643" value="ⲡⲙⲁⲕⲁⲣⲓⲟⲥ"/>
		<feat xlink:href="#sSpan5654" value="ⲇⲉ"/>
		<feat xlink:href="#sSpan5659" value="ⲁⲡⲁ"/>
		<feat xlink:href="#sSpan5664" value="ⲃⲓⲕⲧⲱⲣ"/>
		<feat xlink:href="#sSpan5668" value="ⲁϥⲃⲱⲕ"/>
		<feat xlink:href="#sSpan5676" value="ⲛ̅ⲛⲉϥϣⲗⲏⲗ"/>
		<feat xlink:href="#sSpan5686" value="ⲉⲧϥⲉⲓⲣⲉ"/>
		<feat xlink:href="#sSpan5694" value="ⲙ̅ⲙⲟⲟⲩ"/>
		<feat xlink:href="#sSpan5700" value="·"/>
		<feat xlink:href="#sSpan5704" value="ⲁⲩⲱ"/>
		<feat xlink:href="#sSpan5708" value="ⲛⲉϥⲉⲓⲣⲉ"/>
		<feat xlink:href="#sSpan5717" value="ⲛ̅ϩⲉⲛⲛⲟϭ"/>
		<feat xlink:href="#sSpan5727" value="ⲛ̅ⲛⲏⲥⲧⲉⲓⲁ"/>
		<feat xlink:href="#sSpan5734" value="·"/>
		<feat xlink:href="#sSpan5738" value="ⲁⲩⲱ"/>
		<feat xlink:href="#sSpan5742" value="ⲛⲉϥϩⲁⲣⲉϩ"/>
		<feat xlink:href="#sSpan5750" value="ⲉⲛⲉϥⲥⲁⲃⲃⲁⲧⲟⲛ"/>
		<feat xlink:href="#sSpan5761" value="·"/>
		<feat xlink:href="#sSpan5765" value="ⲉⲣⲉⲡϫⲥ̅"/>
		<feat xlink:href="#sSpan5776" value="ⲓⲥ̅"/>
		<feat xlink:href="#sSpan5780" value="ϣⲟⲟⲡ"/>
		<feat xlink:href="#sSpan5784" value="ⲛⲙ̅ⲙⲁϥ"/>
		<feat xlink:href="#sSpan5790" value="ϩⲛ̅ⲟⲩⲉⲓⲣⲏⲛⲏ"/>
		<feat xlink:href="#sSpan5800" value="ⲛ̅ⲧⲉⲡⲛⲟⲩⲧⲉ"/>
		<feat xlink:href="#sSpan5810" value="·"/>
		<feat xlink:href="#sSpan5814" value="ⲉⲣⲉⲛⲉϥⲥⲙⲟⲩ"/>
		<feat xlink:href="#sSpan5823" value="ⲉⲧⲟⲩⲁⲁⲃ"/>
		<feat xlink:href="#sSpan5829" value="ⲛⲁϣⲱⲡⲉ"/>
		<feat xlink:href="#sSpan5835" value="ⲛⲙ̅ⲙⲁⲛ"/>
		<feat xlink:href="#sSpan5843" value="ϩⲁⲙⲏⲛ"/>
		<feat xlink:href="#sSpan5847" value=":"/>
		<feat xlink:href="#sSpan5851" value="ⲠⲘⲈϨϤⲦⲞ"/>
		<feat xlink:href="#sSpan5865" value="·"/>
		<feat xlink:href="#sSpan5869" value="Ⲇ̅"/>
		<feat xlink:href="#sSpan5873" value="·"/>
		<feat xlink:href="#sSpan5877" value="Ⲙ̅ⲘⲀⲢⲦⲨⲢⲒⲀ"/>
		<feat xlink:href="#sSpan5884" value="·"/>
		<feat xlink:href="#sSpan5888" value="Ⲛ̅ⲀⲠⲀ"/>
		<feat xlink:href="#sSpan5897" value="ⲂⲒ̅Ⲕ̅"/>
		<feat xlink:href="#sSpan5902" value="ϨⲚ̅ⲞⲨⲈⲒⲢⲎⲚⲎ"/>
		<feat xlink:href="#sSpan5912" value="Ⲛ̅ⲦⲈⲠⲚⲞⲨⲦⲈ"/>
		<feat xlink:href="#sSpan5921" value="·"/>
		<feat xlink:href="#sSpan5925" value="ⲤⲘⲞⲨ"/>
		<feat xlink:href="#sSpan5929" value="·"/>
		<feat xlink:href="#sSpan5933" value="ⲈⲢⲞⲚ"/>
		<feat xlink:href="#sSpan5940" value="·"/>
		<feat xlink:href="#sSpan5945" value="ϨⲀⲘⲎⲚ"/>
		<feat xlink:href="#sSpan5949" value=":—"/>
		<feat xlink:href="#sSpan5954" value="—"/>
		<feat xlink:href="#sSpan5958" value="Ⲁⲥϣⲱⲡⲉ"/>
		<feat xlink:href="#sSpan5971" value="ⲇⲉ"/>
		<feat xlink:href="#sSpan5975" value="ⲙⲛ̅ⲛ̅ⲥⲁⲧⲉⲝⲱⲣⲓⲥⲧⲉⲓⲁ"/>
		<feat xlink:href="#sSpan5985" value="ⲙ̅ⲡϩⲁⲅⲓⲟⲥ"/>
		<feat xlink:href="#sSpan5996" value="ⲁⲡⲁ"/>
		<feat xlink:href="#sSpan6001" value="ⲃⲓⲕⲧⲱⲣ"/>
		<feat xlink:href="#sSpan6006" value="·"/>
		<feat xlink:href="#sSpan6010" value="ⲉϥϣⲟⲟⲡ"/>
		<feat xlink:href="#sSpan6018" value="ϩⲙ̅ⲡⲕⲁⲥⲧⲣⲟⲛ"/>
		<feat xlink:href="#sSpan6028" value="·"/>
		<feat xlink:href="#sSpan6032" value="Ⲡⲇⲟⲩⲝ"/>
		<feat xlink:href="#sSpan6046" value="ⲇⲉ"/>
		<feat xlink:href="#sSpan6051" value="ⲥⲉⲃⲁⲥϯⲁⲛⲟⲥ"/>
		<feat xlink:href="#sSpan6055" value="ⲁϥⲉⲓ"/>
		<feat xlink:href="#sSpan6064" value="ⲉϩⲣⲁⲓ"/>
		<feat xlink:href="#sSpan6068" value="ⲉⲙⲉϣⲧⲡⲕⲁⲥⲧⲣⲟⲛ"/>
		<feat xlink:href="#sSpan6081" value="·"/>
		<feat xlink:href="#sSpan6086" value="ⲁⲥⲧⲉⲣⲓⲟⲥ"/>
		<feat xlink:href="#sSpan6094" value="ⲇⲉ"/>
		<feat xlink:href="#sSpan6098" value="ⲡⲉⲡⲣⲁⲓⲧⲱⲣⲓⲟⲥ"/>
		<feat xlink:href="#sSpan6105" value="ⲙ̅ⲡⲕⲁⲥⲧⲣⲟⲛ"/>
		<feat xlink:href="#sSpan6116" value="·"/>
		<feat xlink:href="#sSpan6120" value="ⲁϥⲡⲁϩⲧ̅ϥ̅"/>
		<feat xlink:href="#sSpan6130" value="ϩⲓⲑⲏ"/>
		<feat xlink:href="#sSpan6139" value="ⲙ̅ⲡⲕⲟⲙⲉⲥ"/>
		<feat xlink:href="#sSpan6149" value="·"/>
		<feat xlink:href="#sSpan6153" value="ⲉⲣⲉⲥⲟⲧⲏⲣⲓⲭⲟⲥ"/>
		<feat xlink:href="#sSpan6162" value="ⲟ̅"/>
		<feat xlink:href="#sSpan6166" value="ⲛ̅ⲟⲩⲙⲉⲗⲁⲣⲓⲟⲥ"/>
		<feat xlink:href="#sSpan6175" value="·"/>
		<feat xlink:href="#sSpan6179" value="ⲁϥϯ"/>
		<feat xlink:href="#sSpan6187" value="ⲛⲁϥ"/>
		<feat xlink:href="#sSpan6193" value="ⲙ̅ⲡⲗⲓ̈ⲃⲉⲗⲗⲟⲥ"/>
		<feat xlink:href="#sSpan6203" value="ⲛ̅ⲁⲡⲁ"/>
		<feat xlink:href="#sSpan6213" value="ⲃⲓⲕⲧⲱⲣ"/>
		<feat xlink:href="#sSpan6217" value="·"/>
		<feat xlink:href="#sSpan6221" value="ⲉⲧⲣⲉϥⲡⲁⲣϩⲓⲥⲧⲁ"/>
		<feat xlink:href="#sSpan6232" value="ⲙ̅ⲙⲟϥ"/>
		<feat xlink:href="#sSpan6238" value="ⲛⲁϥ"/>
		<feat xlink:href="#sSpan6244" value="·"/>
		<feat xlink:href="#sSpan6249" value="Ⲧⲟⲧⲉ"/>
		<feat xlink:href="#sSpan6258" value="ⲡⲇⲟⲩⲝ"/>
		<feat xlink:href="#sSpan6265" value="ⲁϥⲕⲉⲗⲉⲩⲉ"/>
		<feat xlink:href="#sSpan6274" value="ⲉⲧⲣⲉⲩⲡⲱⲣϣ̅"/>
		<feat xlink:href="#sSpan6284" value="ⲙ̅ⲡⲃⲏⲙⲁ"/>
		<feat xlink:href="#sSpan6294" value="ⲙ̅ⲡϩⲟⲩⲛ"/>
		<feat xlink:href="#sSpan6304" value="ⲛ̅ⲧⲡⲩⲗⲏ"/>
		<feat xlink:href="#sSpan6314" value="ⲙ̅ⲡⲕⲁⲥⲧⲣⲟⲛ"/>
		<feat xlink:href="#sSpan6324" value="·"/>
		<feat xlink:href="#sSpan6328" value="ϫⲉⲕⲁⲥ"/>
		<feat xlink:href="#sSpan6332" value="ⲉϥⲉⲥⲱⲧⲙ̅"/>
		<feat xlink:href="#sSpan6339" value="ⲉⲡⲡⲉⲧⲟⲩⲁⲁⲃ"/>
		<feat xlink:href="#sSpan6352" value="ⲁⲡⲁ"/>
		<feat xlink:href="#sSpan6357" value="ⲃⲓⲕⲧⲱⲣ"/>
		<feat xlink:href="#sSpan6361" value="·"/>
		<feat xlink:href="#sSpan6366" value="ϩⲧⲟⲟⲩⲉ"/>
		<feat xlink:href="#sSpan6373" value="ⲇⲉ"/>
		<feat xlink:href="#sSpan6377" value="ⲛ̅ⲧⲉⲣⲉϥϣⲱⲡⲉ"/>
		<feat xlink:href="#sSpan6386" value="ⲁϥϩⲙⲟⲟⲥ"/>
		<feat xlink:href="#sSpan6394" value="ⲉⲡⲃⲏⲙⲁ"/>
		<feat xlink:href="#sSpan6404" value="ⲛ̅ϭⲓⲡⲇⲟⲩⲝ"/>
		<feat xlink:href="#sSpan6414" value="·"/>
		<feat xlink:href="#sSpan6418" value="ⲁϥⲟⲩⲉϩⲥⲁϩⲛⲉ"/>
		<feat xlink:href="#sSpan6429" value="ⲉⲧⲣⲉⲩⲡⲁⲣϩⲓⲥⲧⲁ"/>
		<feat xlink:href="#sSpan6440" value="ⲛⲁϥ"/>
		<feat xlink:href="#sSpan6446" value="ⲙ̅ⲡⲇⲓⲕⲁⲓⲟⲥ"/>
		<feat xlink:href="#sSpan6456" value="·"/>
		<feat xlink:href="#sSpan6461" value="ⲛ̅ⲕⲉⲥⲧⲱⲛⲁⲣⲓⲟⲥ"/>
		<feat xlink:href="#sSpan6472" value="ⲇⲉ"/>
		<feat xlink:href="#sSpan6476" value="ⲁⲩϭⲱⲡⲉ"/>
		<feat xlink:href="#sSpan6484" value="ⲛ̅ⲁⲡⲁ"/>
		<feat xlink:href="#sSpan6493" value="ⲃⲓⲕⲧⲱⲣ"/>
		<feat xlink:href="#sSpan6497" value="ⲛ̅ϩⲟⲩⲛ"/>
		<feat xlink:href="#sSpan6502" value="ⲛ̅ⲧⲉϥⲣⲓ"/>
		<feat xlink:href="#sSpan6511" value="·"/>
		<feat xlink:href="#sSpan6515" value="ⲉⲣⲉϩⲉⲛⲑⲁⲣⲙⲟⲩⲥ"/>
		<feat xlink:href="#sSpan6524" value="ϩⲛ̅ⲧⲉϥϭⲓϫ"/>
		<feat xlink:href="#sSpan6533" value="ⲉϥⲟⲩⲱⲙ"/>
		<feat xlink:href="#sSpan6542" value="·"/>
		<feat xlink:href="#sSpan6547" value="ⲁⲡⲁ"/>
		<feat xlink:href="#sSpan6555" value="ⲃⲓⲕⲧⲱⲣ"/>
		<feat xlink:href="#sSpan6560" value="ⲇⲉ"/>
		<feat xlink:href="#sSpan6564" value="ⲁϥⲛⲉϫ"/>
		<feat xlink:href="#sSpan6572" value="ⲛ̅ⲑⲁⲣⲙⲟⲩⲥ"/>
		<feat xlink:href="#sSpan6581" value="ⲉⲡⲉⲥⲏⲧ"/>
		<feat xlink:href="#sSpan6590" value="ⲉⲡϣⲟⲩϣⲧ̅"/>
		<feat xlink:href="#sSpan6599" value="ⲉϥϫⲱ"/>
		<feat xlink:href="#sSpan6607" value="ⲙ̅ⲙⲟⲥ"/>
		<feat xlink:href="#sSpan6613" value="·"/>
		<feat xlink:href="#sSpan6617" value="ϫⲉⲡⲁϫⲟⲉⲓⲥ"/>
		<feat xlink:href="#sSpan6630" value="ⲓ̅ⲥ̅"/>
		<feat xlink:href="#sSpan6635" value="ⲡⲉⲭⲣ̅ⲥ̅"/>
		<feat xlink:href="#sSpan6642" value="ⲉⲕⲉⲧⲣⲉⲛⲉⲓⲑⲁⲣⲙⲟⲩⲥ"/>
		<feat xlink:href="#sSpan6655" value="ⲣ̅ⲱ̅ⲛⲉ"/>
		<feat xlink:href="#sSpan6660" value="ⲛ̅ⲥⲉⲧⲙ̅ⲱϫⲛ̅"/>
		<feat xlink:href="#sSpan6671" value="ϣⲁⲉⲛⲉϩ"/>
		<feat xlink:href="#sSpan6678" value="·"/>
		<feat xlink:href="#sSpan6682" value="ⲁⲩⲱ"/>
		<feat xlink:href="#sSpan6686" value="ⲛ̅ⲥⲉϣⲱⲡⲉ"/>
		<feat xlink:href="#sSpan6694" value="ⲙ̅ⲙⲁⲉⲓⲛ"/>
		<feat xlink:href="#sSpan6701" value="ⲛ̅ⲛ̅ⲅⲉⲛⲉⲁ"/>
		<feat xlink:href="#sSpan6711" value="ⲧⲏⲣⲟⲩ"/>
		<feat xlink:href="#sSpan6718" value="ⲉⲧⲛⲏⲩ"/>
		<feat xlink:href="#sSpan6724" value="·"/>
		<feat xlink:href="#sSpan6729" value="ⲙⲏⲡⲟⲧⲉ"/>
		<feat xlink:href="#sSpan6733" value="ⲛ̅ⲧⲉⲛⲉⲓⲁⲥⲉⲃⲏⲥ"/>
		<feat xlink:href="#sSpan6743" value="ϩⲉ"/>
		<feat xlink:href="#sSpan6747" value="ⲉⲣⲟⲟⲩ"/>
		<feat xlink:href="#sSpan6754" value="·"/>
		<feat xlink:href="#sSpan6758" value="ⲁϥϣⲗⲏⲗ"/>
		<feat xlink:href="#sSpan6769" value="ⲇⲉ"/>
		<feat xlink:href="#sSpan6773" value="ⲛ̅ϭⲓⲁⲡⲁ"/>
		<feat xlink:href="#sSpan6782" value="ⲃⲓⲕⲧⲱⲣ"/>
		<feat xlink:href="#sSpan6786" value="ⲉϥϫⲱ̅"/>
		<feat xlink:href="#sSpan6794" value="ⲙ̅ⲙⲟⲥ"/>
		<feat xlink:href="#sSpan6801" value="·"/>
		<feat xlink:href="#sSpan6805" value="ϫⲉⲡⲁϫⲥ̅"/>
		<feat xlink:href="#sSpan6818" value="ⲓ̅ⲥ̅"/>
		<feat xlink:href="#sSpan6822" value="ⲡⲉⲭⲣ̅ⲥ̅"/>
		<feat xlink:href="#sSpan6829" value="ⲙ̅ⲡⲣ̅ϯϣⲓⲡⲉ"/>
		<feat xlink:href="#sSpan6837" value="ⲛⲁⲓ"/>
		<feat xlink:href="#sSpan6843" value="ϩⲓⲑⲏ"/>
		<feat xlink:href="#sSpan6853" value="ⲙ̅ⲡⲉⲓⲁⲛⲟⲙⲟⲥ"/>
		<feat xlink:href="#sSpan6863" value="·"/>
		<feat xlink:href="#sSpan6867" value="ⲙⲛ̅ⲛ̅ⲥⲱⲥ"/>
		<feat xlink:href="#sSpan6875" value="ⲁϥⲉⲓ"/>
		<feat xlink:href="#sSpan6884" value="ⲉⲡⲉⲥⲏⲧ"/>
		<feat xlink:href="#sSpan6892" value="ⲙⲛ̅ⲙ̅ⲙⲁⲧⲟⲓ"/>
		<feat xlink:href="#sSpan6902" value="·"/>
		<feat xlink:href="#sSpan6906" value="ⲁϥⲁⲁϩⲉⲣⲁⲧϥ̅"/>
		<feat xlink:href="#sSpan6918" value="ϩⲓⲑⲏ"/>
		<feat xlink:href="#sSpan6927" value="ⲙ̅ⲡⲇⲟⲩⲝ"/>
		<feat xlink:href="#sSpan6937" value="·"/>
		<feat xlink:href="#sSpan6941" value="Ⲡⲉϫⲉⲡⲇⲟⲩⲝ"/>
		<feat xlink:href="#sSpan6955" value="ⲛⲁϥ"/>
		<feat xlink:href="#sSpan6961" value="ϫⲉϩⲉⲛⲥϩⲁⲓ"/>
		<feat xlink:href="#sSpan6972" value="ⲛⲉ"/>
		<feat xlink:href="#sSpan6977" value="ⲛⲁⲓ"/>
		<feat xlink:href="#sSpan6981" value="·"/>
		<feat xlink:href="#sSpan6985" value="ⲛ̅ⲧⲁⲡⲣ̅ⲣⲟ"/>
		<feat xlink:href="#sSpan6996" value="ⲧⲛ̅ⲛⲟⲟⲩⲥⲟⲩ"/>
		<feat xlink:href="#sSpan7003" value="ⲉⲟϣⲟⲩ"/>
		<feat xlink:href="#sSpan7011" value="ⲉⲣⲟⲕ"/>
		<feat xlink:href="#sSpan7017" value="·"/>
		<feat xlink:href="#sSpan7021" value="ϫⲉⲉⲕⲉⲥⲱⲧⲙ̅"/>
		<feat xlink:href="#sSpan7029" value="ⲉⲣⲟⲟⲩ"/>
		<feat xlink:href="#sSpan7035" value="ⲛⲅ̅ⲑⲩⲥⲓⲁⲍⲉ"/>
		<feat xlink:href="#sSpan7046" value="·"/>
		<feat xlink:href="#sSpan7050" value="ⲁϥⲟⲩⲱ̅ϣⲃ̅"/>
		<feat xlink:href="#sSpan7060" value="ⲛ̅ϭⲓⲁⲡⲁ"/>
		<feat xlink:href="#sSpan7069" value="ⲃⲓⲕⲧⲱⲣ"/>
		<feat xlink:href="#sSpan7073" value="·"/>
		<feat xlink:href="#sSpan7077" value="ϫⲉⲁⲛⲟⲕ"/>
		<feat xlink:href="#sSpan7086" value="ⲉⲓⲟ̅"/>
		<feat xlink:href="#sSpan7094" value="ⲛ̅ⲟⲩⲣ̅ⲣⲟ"/>
		<feat xlink:href="#sSpan7103" value="ⲛ̅ⲁⲧⲙⲟⲩ"/>
		<feat xlink:href="#sSpan7111" value="·"/>
		<feat xlink:href="#sSpan7116" value="ⲉⲧⲃⲉⲡⲁⲓ"/>
		<feat xlink:href="#sSpan7123" value="ⲛ̅ϯⲛⲁϣⲙ̅ϣⲉ"/>
		<feat xlink:href="#sSpan7134" value="ⲁⲛ"/>
		<feat xlink:href="#sSpan7138" value="ⲛ̅ⲟⲩⲣ̅ⲣⲟ"/>
		<feat xlink:href="#sSpan7147" value="ⲉϣⲁϥⲙⲟⲩ"/>
		<feat xlink:href="#sSpan7157" value="·"/>
		<feat xlink:href="#sSpan7161" value="ⲉⲃⲟⲗ"/>
		<feat xlink:href="#sSpan7168" value="ϫⲉⲙ̅ⲙⲛⲧ̅ⲉⲣⲱⲟⲩ"/>
		<feat xlink:href="#sSpan7180" value="ⲧⲏⲣⲟⲩ"/>
		<feat xlink:href="#sSpan7186" value="ⲙ̅ⲡⲕⲟⲥⲙⲟⲥ"/>
		<feat xlink:href="#sSpan7196" value="ⲛⲁⲃⲱⲗ"/>
		<feat xlink:href="#sSpan7203" value="ⲉⲃⲟⲗ"/>
		<feat xlink:href="#sSpan7207" value="ⲛ̅ⲥⲉⲧⲁⲕⲟ"/>
		<feat xlink:href="#sSpan7218" value="ⲡⲉⲟⲟⲩ"/>
		<feat xlink:href="#sSpan7225" value="ⲇⲉ"/>
		<feat xlink:href="#sSpan7229" value="ⲙ̅ⲡⲛⲟⲩⲧⲉ"/>
		<feat xlink:href="#sSpan7238" value="ⲟⲩⲁⲧ"/>
		<feat xlink:href="#sSpan7242" value="ⲃⲱⲗ"/>
		<feat xlink:href="#sSpan7247" value="ⲉⲃⲟⲗ"/>
		<feat xlink:href="#sSpan7251" value="ⲡⲉ"/>
		<feat xlink:href="#sSpan7256" value="ϣⲁⲉⲛⲉϩ"/>
		<feat xlink:href="#sSpan7263" value="·"/>
		<feat xlink:href="#sSpan7268" value="ⲉⲧⲃⲉⲡⲁⲓ"/>
		<feat xlink:href="#sSpan7275" value="ⲛ̅ϯⲛⲁⲑⲩⲥⲓⲁⲍⲉ"/>
		<feat xlink:href="#sSpan7286" value="ⲁⲛ"/>
		<feat xlink:href="#sSpan7290" value="·"/>
		<feat xlink:href="#sSpan7294" value="ϫⲉⲡϣⲟⲩϣⲟⲩ"/>
		<feat xlink:href="#sSpan7306" value="ⲙ̅ⲡⲉⲓⲕⲟⲥⲙⲟⲥ"/>
		<feat xlink:href="#sSpan7316" value="ⲟⲩⲗⲁⲁⲩ"/>
		<feat xlink:href="#sSpan7322" value="ⲡⲉ"/>
		<feat xlink:href="#sSpan7326" value="ⲛ̅ⲛⲁϩⲣⲙ̅ⲡⲛⲟⲩⲧⲉ"/>
		<feat xlink:href="#sSpan7336" value="·"/>
		<feat xlink:href="#sSpan7341" value="Ⲁⲗⲏⲑⲱⲥ"/>
		<feat xlink:href="#sSpan7349" value="ϯⲥⲟⲟⲩⲛ"/>
		<feat xlink:href="#sSpan7355" value="ⲙ̅ⲙⲟⲓ"/>
		<feat xlink:href="#sSpan7361" value="ⲉⲓϫⲓ"/>
		<feat xlink:href="#sSpan7369" value="ⲛ̅ⲥⲉ"/>
		<feat xlink:href="#sSpan7376" value="ⲛ̅ⲁⲛⲛⲱⲛⲛⲁ"/>
		<feat xlink:href="#sSpan7383" value="·"/>
		<feat xlink:href="#sSpan7387" value="ⲉⲣⲉⲡⲁⲉⲓⲱⲧ"/>
		<feat xlink:href="#sSpan7397" value="ⲟ̅"/>
		<feat xlink:href="#sSpan7401" value="ⲛ̅ⲥⲧⲣⲁⲧⲏⲗⲁⲧⲏⲥ"/>
		<feat xlink:href="#sSpan7409" value="·"/>
		<feat xlink:href="#sSpan7413" value="ⲁⲩⲱ"/>
		<feat xlink:href="#sSpan7417" value="ⲉⲣⲉⲡⲛⲟⲩⲧⲉ"/>
		<feat xlink:href="#sSpan7426" value="ⲙⲟⲥⲧⲉ"/>
		<feat xlink:href="#sSpan7431" value="ⲙ̅ⲙⲟⲓ"/>
		<feat xlink:href="#sSpan7437" value="ϫⲉⲉⲓϫⲓ"/>
		<feat xlink:href="#sSpan7447" value="ⲙ̅ⲙⲟⲟⲩ"/>
		<feat xlink:href="#sSpan7453" value="ϩⲛ̅ⲟⲩϫⲓ"/>
		<feat xlink:href="#sSpan7462" value="ⲛϭⲟⲛⲥ̅"/>
		<feat xlink:href="#sSpan7468" value="·"/>
		<feat xlink:href="#sSpan7472" value="ⲧⲉⲛⲟⲩ"/>
		<feat xlink:href="#sSpan7479" value="ϭⲉ"/>
		<feat xlink:href="#sSpan7484" value="ⲱ̅"/>
		<feat xlink:href="#sSpan7488" value="ⲡⲇⲟⲩⲝ"/>
		<feat xlink:href="#sSpan7496" value="·"/>
		<feat xlink:href="#sSpan7500" value="ⲙⲛ̅ⲛⲟⲩⲃ"/>
		<feat xlink:href="#sSpan7508" value="ⲟⲩⲇⲉ"/>
		<feat xlink:href="#sSpan7512" value="ⲙⲛ̅ϩⲁⲧ"/>
		<feat xlink:href="#sSpan7519" value="ⲛ̅ⲁϣ"/>
		<feat xlink:href="#sSpan7526" value="ⲛⲉ"/>
		<feat xlink:href="#sSpan7530" value="ϩⲙ̅ⲡⲣⲱⲙⲉ"/>
		<feat xlink:href="#sSpan7539" value="ⲙ̅ⲡⲛⲁⲩ"/>
		<feat xlink:href="#sSpan7548" value="ⲛ̅ⲧⲉϥⲁⲛⲁⲅⲕⲏ"/>
		<feat xlink:href="#sSpan7558" value="·"/>
		<feat xlink:href="#sSpan7563" value="ⲉⲧⲃⲉⲡⲁⲓ"/>
		<feat xlink:href="#sSpan7573" value="ϭⲉ"/>
		<feat xlink:href="#sSpan7577" value="ⲙⲁⲣⲛ̅ⲙⲓϣⲉ"/>
		<feat xlink:href="#sSpan7585" value="ⲉⲣⲟⲛ"/>
		<feat xlink:href="#sSpan7591" value="·"/>
		<feat xlink:href="#sSpan7595" value="ϫⲉⲟⲩⲟⲃϣⲥ̅"/>
		<feat xlink:href="#sSpan7604" value="ⲧⲉ"/>
		<feat xlink:href="#sSpan7608" value="ⲛⲧⲁⲩⲕⲁⲁⲥ"/>
		<feat xlink:href="#sSpan7621" value="ϩⲓϫⲙ̅ⲡⲉⲛϩⲏⲧ"/>
		<feat xlink:href="#sSpan7630" value="·"/>
		<feat xlink:href="#sSpan7634" value="ⲉⲧⲙⲣ̅ⲡⲙⲉⲉⲩⲉ"/>
		<feat xlink:href="#sSpan7646" value="ⲙ̅ⲡⲙⲟⲩ"/>
		<feat xlink:href="#sSpan7656" value="ⲙ̅ⲡⲓⲁⲓⲱⲛ"/>
		<feat xlink:href="#sSpan7666" value="·"/>
		<feat xlink:href="#sSpan7670" value="ⲙ̅ⲙⲟⲛ"/>
		<feat xlink:href="#sSpan7676" value="ⲁⲓϫⲓ"/>
		<feat xlink:href="#sSpan7685" value="ⲉ̅ⲟ̅ⲟⲩ"/>
		<feat xlink:href="#sSpan7692" value="ϩⲱ"/>
		<feat xlink:href="#sSpan7696" value="ⲁⲩⲱ"/>
		<feat xlink:href="#sSpan7700" value="ⲁⲓϫⲓⲥⲉ"/>
		<feat xlink:href="#sSpan7709" value="·"/>
		<feat xlink:href="#sSpan7714" value="ⲉⲧⲃⲉⲡⲁⲓ"/>
		<feat xlink:href="#sSpan7723" value="ⲁⲡⲉⲧⲥⲏϩ"/>
		<feat xlink:href="#sSpan7734" value="ϫⲱⲕ"/>
		<feat xlink:href="#sSpan7738" value="ⲉⲃⲟⲗ"/>
		<feat xlink:href="#sSpan7742" value="ⲉϫⲱⲓ"/>
		<feat xlink:href="#sSpan7748" value="·"/>
		<feat xlink:href="#sSpan7752" value="ϫⲉⲡⲉⲧϫⲓⲥⲉ"/>
		<feat xlink:href="#sSpan7764" value="ⲙ̅ⲙⲟϥ"/>
		<feat xlink:href="#sSpan7770" value="ⲥⲉⲛⲁⲑⲃ̅ⲃⲓⲟϥ"/>
		<feat xlink:href="#sSpan7780" value="·"/>
		<feat xlink:href="#sSpan7785" value="ⲡⲉⲧⲑⲃ̅ⲃⲓⲟ̅"/>
		<feat xlink:href="#sSpan7794" value="ⲇⲉ"/>
		<feat xlink:href="#sSpan7798" value="ⲙ̅ⲙⲟϥ"/>
		<feat xlink:href="#sSpan7805" value="ⲥⲉⲛϫⲁⲥⲧϥ̅"/>
		<feat xlink:href="#sSpan7815" value="·"/>
		<feat xlink:href="#sSpan7820" value="Ⲧⲟⲧⲉ"/>
		<feat xlink:href="#sSpan7830" value="ⲥⲉⲃⲁⲥϯⲁⲛⲟⲥ"/>
		<feat xlink:href="#sSpan7834" value="ⲁϥϭⲱⲛⲧ̅"/>
		<feat xlink:href="#sSpan7842" value="ⲉⲙⲁⲧⲉ"/>
		<feat xlink:href="#sSpan7846" value="ⲡⲉϫⲁϥ"/>
		<feat xlink:href="#sSpan7852" value="ⲛⲁϥ"/>
		<feat xlink:href="#sSpan7858" value="ϫⲉⲑⲩⲥⲓⲁⲍⲉ"/>
		<feat xlink:href="#sSpan7866" value="·"/>
		<feat xlink:href="#sSpan7870" value="ⲁϥⲟⲩⲱϣⲃ̅"/>
		<feat xlink:href="#sSpan7880" value="ϫⲉⲛ̅ϯⲛⲁⲑⲩⲥⲓⲁⲍⲉ"/>
		<feat xlink:href="#sSpan7893" value="ⲁⲛ"/>
		<feat xlink:href="#sSpan7897" value="·"/>
		<feat xlink:href="#sSpan7901" value="ⲡⲉⲧⲉϩⲛⲁⲕ"/>
		<feat xlink:href="#sSpan7915" value="ⲧⲏⲣϥ̅"/>
		<feat xlink:href="#sSpan7921" value="ⲁⲣⲓϥ"/>
		<feat xlink:href="#sSpan7927" value="ⲛⲁⲓ"/>
		<feat xlink:href="#sSpan7933" value="·"/>
		<feat xlink:href="#sSpan7937" value="ⲉϣϫⲉ"/>
		<feat xlink:href="#sSpan7943" value="ⲁⲓϩⲉ"/>
		<feat xlink:href="#sSpan7951" value="ⲉⲧⲟⲟⲧⲟⲩ"/>
		<feat xlink:href="#sSpan7957" value="ⲛ̅ϥⲧⲟⲟⲩ"/>
		<feat xlink:href="#sSpan7965" value="ⲛ̅ⲇⲓⲕⲁⲥⲧⲏⲣⲓⲟⲛ"/>
		<feat xlink:href="#sSpan7973" value="ϣⲁⲧⲉⲛⲟⲩ"/>
		<feat xlink:href="#sSpan7979" value="·"/>
		<feat xlink:href="#sSpan7983" value="ⲁⲩⲱ"/>
		<feat xlink:href="#sSpan7987" value="ⲙ̅ⲡⲉⲓⲣ̅ϩⲟⲧⲉ"/>
		<feat xlink:href="#sSpan7998" value="ϩⲏⲧⲟⲩ"/>
		<feat xlink:href="#sSpan8004" value="·"/>
		<feat xlink:href="#sSpan8008" value="ϫⲉⲁⲡϫⲥ̅"/>
		<feat xlink:href="#sSpan8019" value="ϯϭⲟⲙ"/>
		<feat xlink:href="#sSpan8025" value="ⲛⲁⲓ"/>
		<feat xlink:href="#sSpan8031" value="ⲛ̅ϩⲏⲧⲟⲩ"/>
		<feat xlink:href="#sSpan8037" value="ⲧⲏⲣⲟⲩ"/>
		<feat xlink:href="#sSpan8043" value="·"/>
		<feat xlink:href="#sSpan8047" value="ⲧⲉⲛⲟⲩ"/>
		<feat xlink:href="#sSpan8054" value="ϭⲉ"/>
		<feat xlink:href="#sSpan8059" value="ⲱ̅"/>
		<feat xlink:href="#sSpan8063" value="ⲡⲇⲟⲩⲝ"/>
		<feat xlink:href="#sSpan8071" value="·"/>
		<feat xlink:href="#sSpan8075" value="ⲛⲧⲁⲩⲉⲝⲱⲣⲓⲍⲉ"/>
		<feat xlink:href="#sSpan8086" value="ⲙ̅ⲙⲟⲓ"/>
		<feat xlink:href="#sSpan8092" value="ⲉⲡⲉⲓⲙⲁ"/>
		<feat xlink:href="#sSpan8102" value="ⲉ̅ⲧⲃⲉⲡⲉⲓⲣⲁⲛ"/>
		<feat xlink:href="#sSpan8111" value="ϫⲉⲑⲩⲥⲓⲁⲍⲉ"/>
		<feat xlink:href="#sSpan8118" value="·"/>
		<feat xlink:href="#sSpan8122" value="ϯⲟⲩⲱϣ"/>
		<feat xlink:href="#sSpan8130" value="ϭⲉ"/>
		<feat xlink:href="#sSpan8134" value="ⲁⲛ"/>
		<feat xlink:href="#sSpan8138" value="ⲉⲧⲣⲁϭⲱ"/>
		<feat xlink:href="#sSpan8148" value="ϩⲙ̅ⲡⲉⲓⲕⲟⲥⲙⲟⲥ"/>
		<feat xlink:href="#sSpan8158" value="ⲉⲧⲛⲁⲃⲱⲗ"/>
		<feat xlink:href="#sSpan8167" value="ⲉⲃⲟⲗ"/>
		<feat xlink:href="#sSpan8171" value="ⲛϥ̅ⲧⲁⲕⲟ"/>
		<feat xlink:href="#sSpan8180" value="·"/>
		<feat xlink:href="#sSpan8184" value="ⲉⲓⲙⲉ"/>
		<feat xlink:href="#sSpan8190" value="ϭⲉ"/>
		<feat xlink:href="#sSpan8194" value="ⲛⲁⲕ"/>
		<feat xlink:href="#sSpan8201" value="ⲱ̅"/>
		<feat xlink:href="#sSpan8206" value="ⲡⲇⲟⲩⲝ"/>
		<feat xlink:href="#sSpan8213" value="·"/>
		<feat xlink:href="#sSpan8217" value="ϫⲉⲉⲕϣⲁⲛⲃⲁⲥⲁⲛⲓⲍⲉ"/>
		<feat xlink:href="#sSpan8227" value="ⲙ̅ⲙⲟⲓ"/>
		<feat xlink:href="#sSpan8233" value="ⲛ̅ⲟⲩⲙⲏⲏϣⲉ"/>
		<feat xlink:href="#sSpan8242" value="ⲛ̅ⲥⲟⲡ"/>
		<feat xlink:href="#sSpan8248" value="·"/>
		<feat xlink:href="#sSpan8252" value="ⲉⲕϯⲛ̅ⲟⲩⲙⲛ̅ⲧ̅ϫⲁⲣϩⲏⲧ"/>
		<feat xlink:href="#sSpan8271" value="ⲛ̅ϩⲟⲩⲟ̅"/>
		<feat xlink:href="#sSpan8277" value="ⲙ̅ⲡⲁⲗⲟⲅⲓⲥⲙⲟⲥ"/>
		<feat xlink:href="#sSpan8287" value="ⲉⲧϩⲙ̅ⲡⲁⲥⲁ"/>
		<feat xlink:href="#sSpan8299" value="ⲛϩⲟⲩⲛ"/>
		<feat xlink:href="#sSpan8304" value="·"/>
		<feat xlink:href="#sSpan8309" value="ϩⲟϯ"/>
		<feat xlink:href="#sSpan8318" value="ⲙⲉⲛ"/>
		<feat xlink:href="#sSpan8322" value="ϫⲉⲁⲓⲣ̅ⲙ̅ⲡϣⲁ"/>
		<feat xlink:href="#sSpan8335" value="ϩⲱⲗⲱⲥ"/>
		<feat xlink:href="#sSpan8339" value="ⲉⲧⲣⲉⲩⲥⲟϣⲧ̅"/>
		<feat xlink:href="#sSpan8350" value="ⲉ̅ϫⲙ̅ⲡⲣⲁⲛ"/>
		<feat xlink:href="#sSpan8359" value="ⲙ̅ⲡⲉⲭⲣⲥ̅"/>
		<feat xlink:href="#sSpan8369" value="·"/>
		<feat xlink:href="#sSpan8373" value="ⲡⲉϫⲉⲡⲇⲟⲩⲝ"/>
		<feat xlink:href="#sSpan8385" value="ⲛ̅ⲁⲡⲁ"/>
		<feat xlink:href="#sSpan8395" value="ⲃⲓⲕⲧⲱⲣ"/>
		<feat xlink:href="#sSpan8399" value="·"/>
		<feat xlink:href="#sSpan8403" value="ϫⲉⲁⲗⲟⲕ"/>
		<feat xlink:href="#sSpan8411" value="ⲉⲕⲟ"/>
		<feat xlink:href="#sSpan8419" value="ⲛ̅ϩⲁϩ"/>
		<feat xlink:href="#sSpan8426" value="ⲛ̅ϣⲁϫⲉ"/>
		<feat xlink:href="#sSpan8432" value="·"/>
		<feat xlink:href="#sSpan8437" value="ⲙⲏ"/>
		<feat xlink:href="#sSpan8443" value="ⲛ̅ⲧⲕ̅ⲟⲩⲇⲓⲁⲕⲟⲛ"/>
		<feat xlink:href="#sSpan8457" value="·"/>
		<feat xlink:href="#sSpan8462" value="ⲏ̅"/>
		<feat xlink:href="#sSpan8466" value="ⲛ̅ⲧⲕ̅ⲟⲩⲁⲛⲁⲅⲛⲱⲥⲧⲏⲥ"/>
		<feat xlink:href="#sSpan8476" value="·"/>
		<feat xlink:href="#sSpan8480" value="ϫⲉⲉⲕⲥⲟⲟⲩⲛ"/>
		<feat xlink:href="#sSpan8492" value="ⲛ̅ⲧⲉⲓⲥⲟⲫⲓⲁ"/>
		<feat xlink:href="#sSpan8502" value="ⲛ̅ⲧⲉⲓϭⲟⲧ"/>
		<feat xlink:href="#sSpan8511" value="·"/>
		<feat xlink:href="#sSpan8515" value="ⲡⲉϫⲉⲁⲡⲁ"/>
		<feat xlink:href="#sSpan8526" value="ⲃⲓⲕⲧⲱⲣ"/>
		<feat xlink:href="#sSpan8531" value="ϫⲉϯϣⲡ̅ϩⲙⲟⲧ"/>
		<feat xlink:href="#sSpan8543" value="ⲛ̅ⲧⲙ̅ⲡⲉⲭⲣⲥ̅"/>
		<feat xlink:href="#sSpan8555" value="·"/>
		<feat xlink:href="#sSpan8560" value="ⲁⲗⲗⲁ"/>
		<feat xlink:href="#sSpan8564" value="ⲛ̅ϯⲙ̅ⲡϣⲁ"/>
		<feat xlink:href="#sSpan8573" value="ⲁⲛ"/>
		<feat xlink:href="#sSpan8577" value="ⲙ̅ⲡⲉⲓⲛⲟϭ"/>
		<feat xlink:href="#sSpan8586" value="ⲛ̅ϩⲙⲟⲧ"/>
		<feat xlink:href="#sSpan8592" value="ⲛ̅ⲧⲉⲓϭⲟⲧ"/>
		<feat xlink:href="#sSpan8601" value="·"/>
		<feat xlink:href="#sSpan8605" value="ⲉⲧⲣⲉⲩⲁⲁⲧ"/>
		<feat xlink:href="#sSpan8616" value="ⲛ̅ⲇⲓⲁⲕⲟⲛⲟⲥ"/>
		<feat xlink:href="#sSpan8624" value="ϩⲓⲁⲛⲁⲅⲛⲱⲥⲧⲏⲥ"/>
		<feat xlink:href="#sSpan8632" value="·"/>
		<feat xlink:href="#sSpan8637" value="ⲁⲗⲗⲁ"/>
		<feat xlink:href="#sSpan8641" value="ⲡⲉϩⲙⲟⲧ"/>
		<feat xlink:href="#sSpan8649" value="ⲙ̅ⲡⲛⲟⲩⲧⲉ"/>
		<feat xlink:href="#sSpan8658" value="ϣⲏⲡ"/>
		<feat xlink:href="#sSpan8662" value="ϩⲓⲧⲛ̅ⲓ̅ⲥ̅"/>
		<feat xlink:href="#sSpan8671" value="ⲡⲉⲭⲣ̅ⲥ̅"/>
		<feat xlink:href="#sSpan8678" value="·"/>
		<feat xlink:href="#sSpan8682" value="ⲡⲁⲓ"/>
		<feat xlink:href="#sSpan8686" value="ⲉⲧϯ"/>
		<feat xlink:href="#sSpan8692" value="ⲛ̅ⲟⲩⲙⲛ̅ⲧⲥⲁⲃⲉ"/>
		<feat xlink:href="#sSpan8704" value="ⲛ̅ⲟⲩⲟⲛ"/>
		<feat xlink:href="#sSpan8712" value="ⲛⲓ̈ⲙ"/>
		<feat xlink:href="#sSpan8716" value="ⲉⲧⲉⲣⲉⲡⲉⲩϩⲏⲧ"/>
		<feat xlink:href="#sSpan8725" value="ⲥⲟⲩⲧⲱⲛ"/>
		<feat xlink:href="#sSpan8729" value="ⲉϩⲟⲩⲛ"/>
		<feat xlink:href="#sSpan8734" value="ⲉⲣⲟϥ"/>
		<feat xlink:href="#sSpan8740" value="·"/>
		<feat xlink:href="#sSpan8744" value="ⲉⲃⲟⲗ"/>
		<feat xlink:href="#sSpan8749" value="ϫⲉⲟⲩⲣⲉϥϯ"/>
		<feat xlink:href="#sSpan8760" value="ⲙⲛ̅ⲧ̅ⲣⲙ̅ⲙⲁⲟ"/>
		<feat xlink:href="#sSpan8772" value="ⲡⲉ"/>
		<feat xlink:href="#sSpan8777" value="·"/>
		<feat xlink:href="#sSpan8781" value="ⲉⲣⲉⲛⲉϥⲁϩⲱⲣ"/>
		<feat xlink:href="#sSpan8790" value="ⲙⲉϩⲛ̅ⲥⲟⲫⲓⲁ"/>
		<feat xlink:href="#sSpan8800" value="·"/>
		<feat xlink:href="#sSpan8804" value="ⲉϥϯ"/>
		<feat xlink:href="#sSpan8812" value="ⲛ̅ⲟⲩⲟⲛ"/>
		<feat xlink:href="#sSpan8820" value="ⲛⲓⲙ"/>
		<feat xlink:href="#sSpan8825" value="·"/>
		<feat xlink:href="#sSpan8829" value="ϫⲉⲉⲩⲛⲁϯϩⲏⲩ"/>
		<feat xlink:href="#sSpan8843" value="ⲛ̅ϩⲏⲧϥ̅"/>
		<feat xlink:href="#sSpan8849" value="·"/>
		<feat xlink:href="#sSpan8853" value="ⲛ̅ϩⲉⲛⲁⲅⲁⲑⲟⲛ"/>
		<feat xlink:href="#sSpan8863" value="·"/>
		<feat xlink:href="#sSpan8867" value="ⲛ̅ⲑⲉ"/>
		<feat xlink:href="#sSpan8878" value="ⲅⲁⲣ"/>
		<feat xlink:href="#sSpan8883" value="ⲛ̅ⲟⲩⲟ̅ⲉⲓ"/>
		<feat xlink:href="#sSpan8893" value="ⲉⲛⲁⲛⲟⲩⲛⲟⲩϥ"/>
		<feat xlink:href="#sSpan8902" value="·"/>
		<feat xlink:href="#sSpan8906" value="ⲉϣⲁϥϯⲙⲉϩⲣⲟ"/>
		<feat xlink:href="#sSpan8919" value="ⲛ̅ⲧⲉϥⲥⲱϣⲉ"/>
		<feat xlink:href="#sSpan8928" value="·"/>
		<feat xlink:href="#sSpan8932" value="ⲛϥ̅ϯϭⲟⲙ"/>
		<feat xlink:href="#sSpan8942" value="ⲛⲁⲥ"/>
		<feat xlink:href="#sSpan8948" value="ϣⲁⲛⲧⲉⲥϯ"/>
		<feat xlink:href="#sSpan8956" value="ⲙ̅ⲡⲉⲥⲕⲁⲣⲡⲟⲥ"/>
		<feat xlink:href="#sSpan8967" value="·"/>
		<feat xlink:href="#sSpan8972" value="ⲧⲁⲓ"/>
		<feat xlink:href="#sSpan8978" value="ⲧⲉ"/>
		<feat xlink:href="#sSpan8982" value="ⲑⲉ"/>
		<feat xlink:href="#sSpan8988" value="ⲛ̅ⲧⲥⲟⲫⲓⲁ"/>
		<feat xlink:href="#sSpan8998" value="ⲙ̅ⲡⲛⲟⲩⲧⲉ"/>
		<feat xlink:href="#sSpan9007" value=":—"/>
		<feat xlink:href="#sSpan9011" value="ϣⲁⲥϣⲱⲡⲉ"/>
		<feat xlink:href="#sSpan9019" value="ϩⲛ̅ⲧⲉⲯⲩⲭⲏ"/>
		<feat xlink:href="#sSpan9030" value="ⲙ̅ⲡⲉⲧϣⲓⲛⲉ"/>
		<feat xlink:href="#sSpan9041" value="ⲛ̅ⲥⲱⲥ"/>
		<feat xlink:href="#sSpan9047" value="·"/>
		<feat xlink:href="#sSpan9051" value="ⲙⲉⲥⲕⲁ"/>
		<feat xlink:href="#sSpan9059" value="ⲙ̅ⲡⲁϣ"/>
		<feat xlink:href="#sSpan9068" value="ⲙ̅ⲡⲙⲟⲩ"/>
		<feat xlink:href="#sSpan9078" value="·"/>
		<feat xlink:href="#sSpan9082" value="ⲙⲛ̅ⲛ̅ϭⲟⲣϭⲥ̅"/>
		<feat xlink:href="#sSpan9091" value="ⲙ̅ⲡⲇⲓⲁⲃⲟⲗⲟⲥ"/>
		<feat xlink:href="#sSpan9102" value="ⲉⲣ̅ϫⲥ̅"/>
		<feat xlink:href="#sSpan9110" value="ⲉⲣⲟⲟⲩ"/>
		<feat xlink:href="#sSpan9117" value="·"/>
		<feat xlink:href="#sSpan9121" value="ϫⲉⲟⲩϫⲱⲱⲣⲉ"/>
		<feat xlink:href="#sSpan9130" value="ⲡⲉ"/>
		<feat xlink:href="#sSpan9135" value="ⲡϫⲥ̅"/>
		<feat xlink:href="#sSpan9141" value="·"/>
		<feat xlink:href="#sSpan9145" value="ⲁⲩⲱ"/>
		<feat xlink:href="#sSpan9149" value="ⲟⲩⲛ̅ϭⲟⲙ"/>
		<feat xlink:href="#sSpan9155" value="ⲙ̅ⲙⲟϥ"/>
		<feat xlink:href="#sSpan9162" value="ⲉϩⲱⲃ"/>
		<feat xlink:href="#sSpan9170" value="ⲛⲓⲙ"/>
		<feat xlink:href="#sSpan9174" value="·"/>
		<feat xlink:href="#sSpan9178" value="ⲡⲉϫⲉⲡⲇⲟⲩⲝ"/>
		<feat xlink:href="#sSpan9190" value="ⲛⲁϥ"/>
		<feat xlink:href="#sSpan9196" value="ϫⲉϩⲱⲥⲧⲉ"/>
		<feat xlink:href="#sSpan9205" value="ⲛⲟⲩⲛ̅ⲧⲁⲕⲥⲱⲧⲡ̅"/>
		<feat xlink:href="#sSpan9216" value="ⲛⲁⲕ"/>
		<feat xlink:href="#sSpan9222" value="ⲙ̅ⲡⲙⲟⲩ"/>
		<feat xlink:href="#sSpan9231" value="ⲛ̅ϩⲟⲩⲟ̅"/>
		<feat xlink:href="#sSpan9237" value="ⲉⲡⲱⲛϩ̅"/>
		<feat xlink:href="#sSpan9246" value="·"/>
		<feat xlink:href="#sSpan9250" value="ⲁϥⲟⲩⲱϣⲃ̅"/>
		<feat xlink:href="#sSpan9261" value="ⲛ̅ϭⲓⲁⲡⲁ"/>
		<feat xlink:href="#sSpan9270" value="ⲃⲓⲕⲧⲱⲣ"/>
		<feat xlink:href="#sSpan9274" value="ϫⲉⲡⲉⲓⲙⲟⲩ"/>
		<feat xlink:href="#sSpan9285" value="ⲛ̅ⲟⲩⲙⲟⲩ"/>
		<feat xlink:href="#sSpan9294" value="ⲁⲛ"/>
		<feat xlink:href="#sSpan9299" value="ⲡⲉ"/>
		<feat xlink:href="#sSpan9303" value="·"/>
		<feat xlink:href="#sSpan9308" value="ⲁⲗⲗⲁ"/>
		<feat xlink:href="#sSpan9312" value="ⲟⲩⲱⲛϩ̅"/>
		<feat xlink:href="#sSpan9317" value="ⲡⲉ"/>
		<feat xlink:href="#sSpan9321" value="ϣⲁⲉⲛⲉϩ"/>
		<feat xlink:href="#sSpan9328" value="·"/>
		<feat xlink:href="#sSpan9332" value="ⲉⲓϣⲁⲛϩⲩⲡⲟⲙⲉⲓⲛⲉ"/>
		<feat xlink:href="#sSpan9342" value="ⲉⲛⲉⲕⲃⲁⲥⲁⲛⲟⲥ"/>
		<feat xlink:href="#sSpan9352" value="·"/></featList></paula>