<?xml version='1.0' encoding='UTF-8'?><!DOCTYPE paula SYSTEM "paula_feat.dtd">
<paula version="1.1">
	<header paula_id="scriptorium.martyrdom.victor.06.mark_ed_line_n"/>
	<featList xmlns:xlink="http://www.w3.org/1999/xlink" type="ed_line_n" xml:base="scriptorium.martyrdom.victor.06.mark.xml">
		<feat xlink:href="#sSpan7" value="27"/>
		<feat xlink:href="#sSpan52" value="28"/>
		<feat xlink:href="#sSpan94" value="29"/>
		<feat xlink:href="#sSpan133" value="30"/>
		<feat xlink:href="#sSpan173" value="31"/>
		<feat xlink:href="#sSpan219" value="32"/>
		<feat xlink:href="#sSpan269" value="33"/>
		<feat xlink:href="#sSpan309" value="34"/>
		<feat xlink:href="#sSpan350" value="1"/>
		<feat xlink:href="#sSpan397" value="2"/>
		<feat xlink:href="#sSpan412" value="3"/>
		<feat xlink:href="#sSpan461" value="4"/>
		<feat xlink:href="#sSpan509" value="5"/>
		<feat xlink:href="#sSpan550" value="6"/>
		<feat xlink:href="#sSpan603" value="7"/>
		<feat xlink:href="#sSpan640" value="8"/>
		<feat xlink:href="#sSpan683" value="9"/>
		<feat xlink:href="#sSpan725" value="10"/>
		<feat xlink:href="#sSpan765" value="11"/>
		<feat xlink:href="#sSpan818" value="12"/>
		<feat xlink:href="#sSpan867" value="13"/>
		<feat xlink:href="#sSpan921" value="14"/>
		<feat xlink:href="#sSpan971" value="15"/>
		<feat xlink:href="#sSpan1018" value="16"/>
		<feat xlink:href="#sSpan1066" value="17"/>
		<feat xlink:href="#sSpan1115" value="18"/>
		<feat xlink:href="#sSpan1172" value="19"/>
		<feat xlink:href="#sSpan1219" value="20"/>
		<feat xlink:href="#sSpan1261" value="21"/>
		<feat xlink:href="#sSpan1301" value="22"/>
		<feat xlink:href="#sSpan1353" value="23"/>
		<feat xlink:href="#sSpan1394" value="24"/>
		<feat xlink:href="#sSpan1434" value="25"/>
		<feat xlink:href="#sSpan1480" value="26"/>
		<feat xlink:href="#sSpan1510" value="27"/>
		<feat xlink:href="#sSpan1553" value="28"/>
		<feat xlink:href="#sSpan1606" value="29"/>
		<feat xlink:href="#sSpan1652" value="30"/>
		<feat xlink:href="#sSpan1698" value="31"/>
		<feat xlink:href="#sSpan1745" value="32"/>
		<feat xlink:href="#sSpan1783" value="33"/>
		<feat xlink:href="#sSpan1797" value="34"/>
		<feat xlink:href="#sSpan1847" value="1"/>
		<feat xlink:href="#sSpan1899" value="2"/>
		<feat xlink:href="#sSpan1944" value="3"/>
		<feat xlink:href="#sSpan1982" value="4"/>
		<feat xlink:href="#sSpan2021" value="5"/>
		<feat xlink:href="#sSpan2055" value="6"/>
		<feat xlink:href="#sSpan2092" value="7"/>
		<feat xlink:href="#sSpan2139" value="8"/>
		<feat xlink:href="#sSpan2183" value="9"/>
		<feat xlink:href="#sSpan2230" value="10"/>
		<feat xlink:href="#sSpan2281" value="11"/>
		<feat xlink:href="#sSpan2324" value="12"/>
		<feat xlink:href="#sSpan2375" value="13"/>
		<feat xlink:href="#sSpan2412" value="14"/>
		<feat xlink:href="#sSpan2456" value="15"/>
		<feat xlink:href="#sSpan2500" value="16"/>
		<feat xlink:href="#sSpan2545" value="17"/>
		<feat xlink:href="#sSpan2601" value="18"/>
		<feat xlink:href="#sSpan2642" value="19"/>
		<feat xlink:href="#sSpan2689" value="20"/>
		<feat xlink:href="#sSpan2725" value="21"/>
		<feat xlink:href="#sSpan2764" value="22"/>
		<feat xlink:href="#sSpan2815" value="23"/>
		<feat xlink:href="#sSpan2858" value="24"/>
		<feat xlink:href="#sSpan2903" value="25"/>
		<feat xlink:href="#sSpan2944" value="26"/>
		<feat xlink:href="#sSpan2987" value="27"/>
		<feat xlink:href="#sSpan3032" value="28"/>
		<feat xlink:href="#sSpan3074" value="29"/>
		<feat xlink:href="#sSpan3087" value="30"/>
		<feat xlink:href="#sSpan3138" value="31"/>
		<feat xlink:href="#sSpan3179" value="32"/>
		<feat xlink:href="#sSpan3221" value="33"/>
		<feat xlink:href="#sSpan3269" value="34"/>
		<feat xlink:href="#sSpan3318" value="1"/>
		<feat xlink:href="#sSpan3351" value="2"/>
		<feat xlink:href="#sSpan3387" value="3"/>
		<feat xlink:href="#sSpan3424" value="4"/>
		<feat xlink:href="#sSpan3470" value="5"/>
		<feat xlink:href="#sSpan3500" value="6"/>
		<feat xlink:href="#sSpan3552" value="7"/>
		<feat xlink:href="#sSpan3592" value="8"/>
		<feat xlink:href="#sSpan3637" value="9"/>
		<feat xlink:href="#sSpan3675" value="10"/>
		<feat xlink:href="#sSpan3707" value="11"/>
		<feat xlink:href="#sSpan3752" value="12"/>
		<feat xlink:href="#sSpan3809" value="13"/>
		<feat xlink:href="#sSpan3849" value="14"/>
		<feat xlink:href="#sSpan3890" value="15"/>
		<feat xlink:href="#sSpan3934" value="16"/>
		<feat xlink:href="#sSpan3983" value="17"/>
		<feat xlink:href="#sSpan4016" value="18"/>
		<feat xlink:href="#sSpan4055" value="19"/>
		<feat xlink:href="#sSpan4096" value="20"/>
		<feat xlink:href="#sSpan4148" value="21"/>
		<feat xlink:href="#sSpan4177" value="22"/>
		<feat xlink:href="#sSpan4227" value="23"/>
		<feat xlink:href="#sSpan4264" value="24"/>
		<feat xlink:href="#sSpan4303" value="25"/>
		<feat xlink:href="#sSpan4346" value="26"/>
		<feat xlink:href="#sSpan4389" value="27"/>
		<feat xlink:href="#sSpan4428" value="28"/>
		<feat xlink:href="#sSpan4471" value="29"/>
		<feat xlink:href="#sSpan4511" value="30"/>
		<feat xlink:href="#sSpan4554" value="31"/>
		<feat xlink:href="#sSpan4598" value="32"/>
		<feat xlink:href="#sSpan4644" value="33"/>
		<feat xlink:href="#sSpan4685" value="34"/>
		<feat xlink:href="#sSpan4723" value="1"/>
		<feat xlink:href="#sSpan4770" value="2"/>
		<feat xlink:href="#sSpan4808" value="3"/>
		<feat xlink:href="#sSpan4846" value="4"/>
		<feat xlink:href="#sSpan4894" value="5"/>
		<feat xlink:href="#sSpan4937" value="6"/>
		<feat xlink:href="#sSpan4975" value="7"/>
		<feat xlink:href="#sSpan5008" value="8"/>
		<feat xlink:href="#sSpan5054" value="9"/>
		<feat xlink:href="#sSpan5096" value="10"/>
		<feat xlink:href="#sSpan5135" value="11"/>
		<feat xlink:href="#sSpan5179" value="12"/>
		<feat xlink:href="#sSpan5222" value="13"/>
		<feat xlink:href="#sSpan5244" value="14"/>
		<feat xlink:href="#sSpan5292" value="15"/>
		<feat xlink:href="#sSpan5344" value="16"/>
		<feat xlink:href="#sSpan5396" value="17"/>
		<feat xlink:href="#sSpan5441" value="18"/>
		<feat xlink:href="#sSpan5455" value="19"/>
		<feat xlink:href="#sSpan5506" value="20"/>
		<feat xlink:href="#sSpan5557" value="21"/>
		<feat xlink:href="#sSpan5599" value="22"/>
		<feat xlink:href="#sSpan5635" value="23"/>
		<feat xlink:href="#sSpan5680" value="24"/>
		<feat xlink:href="#sSpan5721" value="25"/>
		<feat xlink:href="#sSpan5757" value="26"/>
		<feat xlink:href="#sSpan5801" value="27"/>
		<feat xlink:href="#sSpan5836" value="28"/>
		<feat xlink:href="#sSpan5853" value="1"/>
		<feat xlink:href="#sSpan5898" value="2"/>
		<feat xlink:href="#sSpan5934" value="3"/>
		<feat xlink:href="#sSpan5950" value="4"/>
		<feat xlink:href="#sSpan5959" value="5"/>
		<feat xlink:href="#sSpan6002" value="6"/>
		<feat xlink:href="#sSpan6034" value="7"/>
		<feat xlink:href="#sSpan6074" value="8"/>
		<feat xlink:href="#sSpan6112" value="9"/>
		<feat xlink:href="#sSpan6158" value="10"/>
		<feat xlink:href="#sSpan6204" value="11"/>
		<feat xlink:href="#sSpan6250" value="12"/>
		<feat xlink:href="#sSpan6295" value="13"/>
		<feat xlink:href="#sSpan6335" value="14"/>
		<feat xlink:href="#sSpan6378" value="15"/>
		<feat xlink:href="#sSpan6419" value="16"/>
		<feat xlink:href="#sSpan6462" value="17"/>
		<feat xlink:href="#sSpan6498" value="18"/>
		<feat xlink:href="#sSpan6534" value="19"/>
		<feat xlink:href="#sSpan6582" value="20"/>
		<feat xlink:href="#sSpan6631" value="21"/>
		<feat xlink:href="#sSpan6667" value="22"/>
		<feat xlink:href="#sSpan6712" value="23"/>
		<feat xlink:href="#sSpan6748" value="24"/>
		<feat xlink:href="#sSpan6795" value="25"/>
		<feat xlink:href="#sSpan6844" value="26"/>
		<feat xlink:href="#sSpan6893" value="27"/>
		<feat xlink:href="#sSpan6944" value="28"/>
		<feat xlink:href="#sSpan6997" value="29"/>
		<feat xlink:href="#sSpan7036" value="1"/>
		<feat xlink:href="#sSpan7082" value="2"/>
		<feat xlink:href="#sSpan7130" value="3"/>
		<feat xlink:href="#sSpan7175" value="4"/>
		<feat xlink:href="#sSpan7208" value="5"/>
		<feat xlink:href="#sSpan7252" value="6"/>
		<feat xlink:href="#sSpan7299" value="7"/>
		<feat xlink:href="#sSpan7330" value="8"/>
		<feat xlink:href="#sSpan7342" value="9"/>
		<feat xlink:href="#sSpan7390" value="10"/>
		<feat xlink:href="#sSpan7427" value="11"/>
		<feat xlink:href="#sSpan7473" value="12"/>
		<feat xlink:href="#sSpan7520" value="13"/>
		<feat xlink:href="#sSpan7566" value="14"/>
		<feat xlink:href="#sSpan7609" value="15"/>
		<feat xlink:href="#sSpan7650" value="16"/>
		<feat xlink:href="#sSpan7701" value="17"/>
		<feat xlink:href="#sSpan7753" value="18"/>
		<feat xlink:href="#sSpan7799" value="19"/>
		<feat xlink:href="#sSpan7821" value="20"/>
		<feat xlink:href="#sSpan7862" value="21"/>
		<feat xlink:href="#sSpan7907" value="22"/>
		<feat xlink:href="#sSpan7961" value="23"/>
		<feat xlink:href="#sSpan7994" value="24"/>
		<feat xlink:href="#sSpan8048" value="25"/>
		<feat xlink:href="#sSpan8098" value="26"/>
		<feat xlink:href="#sSpan8139" value="27"/>
		<feat xlink:href="#sSpan8172" value="28"/>
		<feat xlink:href="#sSpan8223" value="29"/>
		<feat xlink:href="#sSpan8266" value="30"/>
		<feat xlink:href="#sSpan8300" value="31"/>
		<feat xlink:href="#sSpan8344" value="32"/>
		<feat xlink:href="#sSpan8390" value="33"/>
		<feat xlink:href="#sSpan8444" value="34"/>
		<feat xlink:href="#sSpan8483" value="1"/>
		<feat xlink:href="#sSpan8527" value="2"/>
		<feat xlink:href="#sSpan8567" value="3"/>
		<feat xlink:href="#sSpan8610" value="4"/>
		<feat xlink:href="#sSpan8645" value="5"/>
		<feat xlink:href="#sSpan8693" value="6"/>
		<feat xlink:href="#sSpan8730" value="7"/>
		<feat xlink:href="#sSpan8773" value="8"/>
		<feat xlink:href="#sSpan8821" value="9"/>
		<feat xlink:href="#sSpan8879" value="10"/>
		<feat xlink:href="#sSpan8922" value="11"/>
		<feat xlink:href="#sSpan8963" value="12"/>
		<feat xlink:href="#sSpan9020" value="13"/>
		<feat xlink:href="#sSpan9069" value="14"/>
		<feat xlink:href="#sSpan9111" value="15"/>
		<feat xlink:href="#sSpan9156" value="16"/>
		<feat xlink:href="#sSpan9206" value="17"/>
		<feat xlink:href="#sSpan9253" value="18"/>
		<feat xlink:href="#sSpan9295" value="19"/>
		<feat xlink:href="#sSpan9338" value="20"/></featList></paula>