<?xml version='1.0' encoding='UTF-8'?><!DOCTYPE paula SYSTEM "paula_feat.dtd">
<paula version="1.1">
	<header paula_id="scriptorium.a22.YA309-310.dep_func"/>
	<featList xmlns:xlink="http://www.w3.org/1999/xlink" type="func" xml:base="scriptorium.a22.YA309-310.dep.xml">
		<feat xlink:href="#sPointingRel1" value="obl"/>
		<feat xlink:href="#sPointingRel3" value="mark"/>
		<feat xlink:href="#sPointingRel5" value="aux"/>
		<feat xlink:href="#sPointingRel7" value="case"/>
		<feat xlink:href="#sPointingRel9" value="obl"/>
		<feat xlink:href="#sPointingRel11" value="det"/>
		<feat xlink:href="#sPointingRel13" value="case"/>
		<feat xlink:href="#sPointingRel15" value="obj"/>
		<feat xlink:href="#sPointingRel17" value="aux"/>
		<feat xlink:href="#sPointingRel19" value="case"/>
		<feat xlink:href="#sPointingRel21" value="nsubj"/>
		<feat xlink:href="#sPointingRel23" value="xcomp"/>
		<feat xlink:href="#sPointingRel25" value="advcl"/>
		<feat xlink:href="#sPointingRel27" value="case"/>
		<feat xlink:href="#sPointingRel29" value="obl"/>
		<feat xlink:href="#sPointingRel31" value="mark"/>
		<feat xlink:href="#sPointingRel33" value="case"/>
		<feat xlink:href="#sPointingRel35" value="advmod"/>
		<feat xlink:href="#sPointingRel37" value="case"/>
		<feat xlink:href="#sPointingRel39" value="det"/>
		<feat xlink:href="#sPointingRel41" value="case"/>
		<feat xlink:href="#sPointingRel43" value="nmod"/>
		<feat xlink:href="#sPointingRel45" value="acl:relcl"/>
		<feat xlink:href="#sPointingRel47" value="obl"/>
		<feat xlink:href="#sPointingRel49" value="nsubj"/>
		<feat xlink:href="#sPointingRel51" value="case"/>
		<feat xlink:href="#sPointingRel53" value="nmod"/>
		<feat xlink:href="#sPointingRel55" value="mark"/>
		<feat xlink:href="#sPointingRel57" value="mark"/>
		<feat xlink:href="#sPointingRel59" value="obl"/>
		<feat xlink:href="#sPointingRel61" value="advmod"/>
		<feat xlink:href="#sPointingRel63" value="det"/>
		<feat xlink:href="#sPointingRel65" value="obl"/>
		<feat xlink:href="#sPointingRel67" value="mark"/>
		<feat xlink:href="#sPointingRel69" value="nmod"/>
		<feat xlink:href="#sPointingRel71" value="case"/>
		<feat xlink:href="#sPointingRel73" value="nsubj"/>
		<feat xlink:href="#sPointingRel75" value="obj"/>
		<feat xlink:href="#sPointingRel77" value="advmod"/>
		<feat xlink:href="#sPointingRel79" value="mark"/>
		<feat xlink:href="#sPointingRel81" value="obl"/>
		<feat xlink:href="#sPointingRel83" value="nsubj"/>
		<feat xlink:href="#sPointingRel85" value="mark"/>
		<feat xlink:href="#sPointingRel87" value="nsubj"/>
		<feat xlink:href="#sPointingRel89" value="obl"/>
		<feat xlink:href="#sPointingRel91" value="case"/>
		<feat xlink:href="#sPointingRel93" value="nsubj"/>
		<feat xlink:href="#sPointingRel95" value="det"/>
		<feat xlink:href="#sPointingRel97" value="case"/>
		<feat xlink:href="#sPointingRel99" value="xcomp"/>
		<feat xlink:href="#sPointingRel101" value="case"/>
		<feat xlink:href="#sPointingRel103" value="advmod"/>
		<feat xlink:href="#sPointingRel105" value="obl"/>
		<feat xlink:href="#sPointingRel107" value="aux"/>
		<feat xlink:href="#sPointingRel109" value="mark"/>
		<feat xlink:href="#sPointingRel111" value="aux"/>
		<feat xlink:href="#sPointingRel113" value="case"/>
		<feat xlink:href="#sPointingRel115" value="xcomp"/>
		<feat xlink:href="#sPointingRel117" value="nsubj"/>
		<feat xlink:href="#sPointingRel119" value="advmod"/>
		<feat xlink:href="#sPointingRel121" value="nsubj"/>
		<feat xlink:href="#sPointingRel123" value="case"/>
		<feat xlink:href="#sPointingRel125" value="obj"/>
		<feat xlink:href="#sPointingRel127" value="case"/>
		<feat xlink:href="#sPointingRel129" value="acl:relcl"/>
		<feat xlink:href="#sPointingRel131" value="det"/>
		<feat xlink:href="#sPointingRel133" value="case"/>
		<feat xlink:href="#sPointingRel135" value="det"/>
		<feat xlink:href="#sPointingRel137" value="obj"/>
		<feat xlink:href="#sPointingRel139" value="det"/>
		<feat xlink:href="#sPointingRel141" value="nsubj"/>
		<feat xlink:href="#sPointingRel143" value="cc"/>
		<feat xlink:href="#sPointingRel145" value="dislocated"/>
		<feat xlink:href="#sPointingRel147" value="obl"/>
		<feat xlink:href="#sPointingRel149" value="mark"/>
		<feat xlink:href="#sPointingRel151" value="det"/>
		<feat xlink:href="#sPointingRel153" value="case"/>
		<feat xlink:href="#sPointingRel155" value="advcl"/>
		<feat xlink:href="#sPointingRel157" value="case"/>
		<feat xlink:href="#sPointingRel159" value="advmod"/>
		<feat xlink:href="#sPointingRel161" value="obl"/>
		<feat xlink:href="#sPointingRel163" value="obl"/>
		<feat xlink:href="#sPointingRel165" value="nmod"/>
		<feat xlink:href="#sPointingRel167" value="advmod"/>
		<feat xlink:href="#sPointingRel169" value="det"/>
		<feat xlink:href="#sPointingRel171" value="case"/>
		<feat xlink:href="#sPointingRel173" value="obl"/>
		<feat xlink:href="#sPointingRel175" value="obl"/>
		<feat xlink:href="#sPointingRel177" value="det"/>
		<feat xlink:href="#sPointingRel179" value="det"/>
		<feat xlink:href="#sPointingRel181" value="acl:relcl"/>
		<feat xlink:href="#sPointingRel183" value="mark"/>
		<feat xlink:href="#sPointingRel185" value="acl:relcl"/>
		<feat xlink:href="#sPointingRel187" value="cc"/>
		<feat xlink:href="#sPointingRel189" value="acl:relcl"/>
		<feat xlink:href="#sPointingRel191" value="nsubj"/>
		<feat xlink:href="#sPointingRel193" value="det"/>
		<feat xlink:href="#sPointingRel195" value="det"/>
		<feat xlink:href="#sPointingRel197" value="obl"/>
		<feat xlink:href="#sPointingRel199" value="case"/>
		<feat xlink:href="#sPointingRel201" value="obl"/>
		<feat xlink:href="#sPointingRel203" value="case"/>
		<feat xlink:href="#sPointingRel205" value="advmod"/>
		<feat xlink:href="#sPointingRel207" value="appos"/>
		<feat xlink:href="#sPointingRel209" value="appos"/>
		<feat xlink:href="#sPointingRel211" value="case"/>
		<feat xlink:href="#sPointingRel213" value="aux"/>
		<feat xlink:href="#sPointingRel215" value="aux"/>
		<feat xlink:href="#sPointingRel217" value="case"/>
		<feat xlink:href="#sPointingRel219" value="mark"/>
		<feat xlink:href="#sPointingRel221" value="advmod"/>
		<feat xlink:href="#sPointingRel223" value="det"/>
		<feat xlink:href="#sPointingRel225" value="dislocated"/>
		<feat xlink:href="#sPointingRel227" value="mark"/>
		<feat xlink:href="#sPointingRel229" value="nsubj"/>
		<feat xlink:href="#sPointingRel231" value="advmod"/>
		<feat xlink:href="#sPointingRel233" value="case"/>
		<feat xlink:href="#sPointingRel235" value="obl"/>
		<feat xlink:href="#sPointingRel237" value="cc"/>
		<feat xlink:href="#sPointingRel239" value="det"/>
		<feat xlink:href="#sPointingRel241" value="aux"/>
		<feat xlink:href="#sPointingRel243" value="dislocated"/>
		<feat xlink:href="#sPointingRel245" value="case"/>
		<feat xlink:href="#sPointingRel247" value="case"/>
		<feat xlink:href="#sPointingRel249" value="mark"/>
		<feat xlink:href="#sPointingRel251" value="cc"/>
		<feat xlink:href="#sPointingRel253" value="case"/>
		<feat xlink:href="#sPointingRel255" value="obl"/>
		<feat xlink:href="#sPointingRel257" value="det"/>
		<feat xlink:href="#sPointingRel259" value="case"/>
		<feat xlink:href="#sPointingRel261" value="advmod"/>
		<feat xlink:href="#sPointingRel263" value="mark"/>
		<feat xlink:href="#sPointingRel265" value="advcl"/>
		<feat xlink:href="#sPointingRel267" value="flat"/>
		<feat xlink:href="#sPointingRel269" value="advmod"/>
		<feat xlink:href="#sPointingRel271" value="dislocated"/>
		<feat xlink:href="#sPointingRel273" value="det"/>
		<feat xlink:href="#sPointingRel275" value="nsubj"/>
		<feat xlink:href="#sPointingRel277" value="obl"/>
		<feat xlink:href="#sPointingRel279" value="advcl"/>
		<feat xlink:href="#sPointingRel281" value="obl"/>
		<feat xlink:href="#sPointingRel283" value="mark"/>
		<feat xlink:href="#sPointingRel285" value="advmod"/>
		<feat xlink:href="#sPointingRel287" value="obl"/>
		<feat xlink:href="#sPointingRel289" value="advmod"/>
		<feat xlink:href="#sPointingRel291" value="mark"/>
		<feat xlink:href="#sPointingRel293" value="advmod"/>
		<feat xlink:href="#sPointingRel295" value="nsubj"/>
		<feat xlink:href="#sPointingRel297" value="mark"/>
		<feat xlink:href="#sPointingRel299" value="det"/>
		<feat xlink:href="#sPointingRel301" value="advmod"/>
		<feat xlink:href="#sPointingRel303" value="nmod"/>
		<feat xlink:href="#sPointingRel305" value="advmod"/>
		<feat xlink:href="#sPointingRel307" value="det"/>
		<feat xlink:href="#sPointingRel309" value="nsubj"/>
		<feat xlink:href="#sPointingRel311" value="mark"/>
		<feat xlink:href="#sPointingRel313" value="acl:relcl"/>
		<feat xlink:href="#sPointingRel315" value="mark"/>
		<feat xlink:href="#sPointingRel317" value="obl"/>
		<feat xlink:href="#sPointingRel319" value="det"/>
		<feat xlink:href="#sPointingRel321" value="mark"/>
		<feat xlink:href="#sPointingRel323" value="mark"/>
		<feat xlink:href="#sPointingRel325" value="advcl"/>
		<feat xlink:href="#sPointingRel327" value="nsubj"/>
		<feat xlink:href="#sPointingRel329" value="case"/>
		<feat xlink:href="#sPointingRel331" value="det"/>
		<feat xlink:href="#sPointingRel333" value="obj"/>
		<feat xlink:href="#sPointingRel335" value="nsubj"/>
		<feat xlink:href="#sPointingRel337" value="advmod"/>
		<feat xlink:href="#sPointingRel339" value="acl:relcl"/>
		<feat xlink:href="#sPointingRel341" value="cc"/>
		<feat xlink:href="#sPointingRel343" value="mark"/>
		<feat xlink:href="#sPointingRel345" value="cc"/>
		<feat xlink:href="#sPointingRel347" value="aux"/>
		<feat xlink:href="#sPointingRel349" value="nsubj"/>
		<feat xlink:href="#sPointingRel351" value="nsubj"/>
		<feat xlink:href="#sPointingRel353" value="aux"/>
		<feat xlink:href="#sPointingRel355" value="mark"/>
		<feat xlink:href="#sPointingRel357" value="dislocated"/>
		<feat xlink:href="#sPointingRel359" value="det"/>
		<feat xlink:href="#sPointingRel361" value="det"/>
		<feat xlink:href="#sPointingRel363" value="advmod"/>
		<feat xlink:href="#sPointingRel365" value="case"/>
		<feat xlink:href="#sPointingRel367" value="case"/>
		<feat xlink:href="#sPointingRel369" value="det"/>
		<feat xlink:href="#sPointingRel371" value="cc"/>
		<feat xlink:href="#sPointingRel373" value="advmod"/>
		<feat xlink:href="#sPointingRel375" value="advcl"/>
		<feat xlink:href="#sPointingRel377" value="mark"/>
		<feat xlink:href="#sPointingRel379" value="case"/>
		<feat xlink:href="#sPointingRel381" value="acl:relcl"/>
		<feat xlink:href="#sPointingRel383" value="mark"/>
		<feat xlink:href="#sPointingRel385" value="aux"/>
		<feat xlink:href="#sPointingRel387" value="acl:relcl"/>
		<feat xlink:href="#sPointingRel389" value="det"/>
		<feat xlink:href="#sPointingRel391" value="nmod"/>
		<feat xlink:href="#sPointingRel393" value="acl:relcl"/>
		<feat xlink:href="#sPointingRel395" value="case"/>
		<feat xlink:href="#sPointingRel397" value="xcomp"/>
		<feat xlink:href="#sPointingRel399" value="det"/>
		<feat xlink:href="#sPointingRel401" value="advcl"/>
		<feat xlink:href="#sPointingRel403" value="obl"/>
		<feat xlink:href="#sPointingRel405" value="cc"/>
		<feat xlink:href="#sPointingRel407" value="obl"/>
		<feat xlink:href="#sPointingRel409" value="nsubj"/>
		<feat xlink:href="#sPointingRel411" value="cc"/>
		<feat xlink:href="#sPointingRel413" value="case"/>
		<feat xlink:href="#sPointingRel415" value="fixed"/>
		<feat xlink:href="#sPointingRel417" value="det"/>
		<feat xlink:href="#sPointingRel419" value="mark"/>
		<feat xlink:href="#sPointingRel421" value="det"/>
		<feat xlink:href="#sPointingRel423" value="case"/>
		<feat xlink:href="#sPointingRel425" value="det"/>
		<feat xlink:href="#sPointingRel427" value="nsubj"/>
		<feat xlink:href="#sPointingRel429" value="case"/>
		<feat xlink:href="#sPointingRel431" value="case"/>
		<feat xlink:href="#sPointingRel433" value="mark"/>
		<feat xlink:href="#sPointingRel435" value="nummod"/>
		<feat xlink:href="#sPointingRel437" value="case"/>
		<feat xlink:href="#sPointingRel439" value="advcl"/>
		<feat xlink:href="#sPointingRel441" value="xcomp"/>
		<feat xlink:href="#sPointingRel443" value="det"/>
		<feat xlink:href="#sPointingRel445" value="mark"/>
		<feat xlink:href="#sPointingRel447" value="advcl"/>
		<feat xlink:href="#sPointingRel449" value="obl"/>
		<feat xlink:href="#sPointingRel451" value="det"/>
		<feat xlink:href="#sPointingRel453" value="obl"/>
		<feat xlink:href="#sPointingRel455" value="mark"/>
		<feat xlink:href="#sPointingRel457" value="mark"/>
		<feat xlink:href="#sPointingRel459" value="cc"/>
		<feat xlink:href="#sPointingRel461" value="case"/>
		<feat xlink:href="#sPointingRel463" value="mark"/>
		<feat xlink:href="#sPointingRel465" value="cc"/>
		<feat xlink:href="#sPointingRel467" value="det"/>
		<feat xlink:href="#sPointingRel469" value="nmod"/>
		<feat xlink:href="#sPointingRel471" value="mark"/>
		<feat xlink:href="#sPointingRel473" value="case"/>
		<feat xlink:href="#sPointingRel475" value="obj"/>
		<feat xlink:href="#sPointingRel477" value="mark"/>
		<feat xlink:href="#sPointingRel479" value="aux"/>
		<feat xlink:href="#sPointingRel481" value="conj"/>
		<feat xlink:href="#sPointingRel483" value="det"/>
		<feat xlink:href="#sPointingRel485" value="obl"/>
		<feat xlink:href="#sPointingRel487" value="nmod"/>
		<feat xlink:href="#sPointingRel489" value="obl"/>
		<feat xlink:href="#sPointingRel491" value="mark"/>
		<feat xlink:href="#sPointingRel493" value="advmod"/>
		<feat xlink:href="#sPointingRel495" value="det"/>
		<feat xlink:href="#sPointingRel497" value="nsubj"/>
		<feat xlink:href="#sPointingRel499" value="case"/>
		<feat xlink:href="#sPointingRel501" value="appos"/>
		<feat xlink:href="#sPointingRel503" value="obl:npmod"/>
		<feat xlink:href="#sPointingRel505" value="nmod"/>
		<feat xlink:href="#sPointingRel507" value="case"/>
		<feat xlink:href="#sPointingRel509" value="acl:relcl"/>
		<feat xlink:href="#sPointingRel511" value="det"/>
		<feat xlink:href="#sPointingRel513" value="advmod"/>
		<feat xlink:href="#sPointingRel515" value="nsubj"/>
		<feat xlink:href="#sPointingRel517" value="acl:relcl"/>
		<feat xlink:href="#sPointingRel519" value="acl:relcl"/>
		<feat xlink:href="#sPointingRel521" value="nmod"/>
		<feat xlink:href="#sPointingRel523" value="advmod"/>
		<feat xlink:href="#sPointingRel525" value="case"/>
		<feat xlink:href="#sPointingRel527" value="aux"/>
		<feat xlink:href="#sPointingRel529" value="det"/>
		<feat xlink:href="#sPointingRel531" value="advcl"/>
		<feat xlink:href="#sPointingRel533" value="aux"/>
		<feat xlink:href="#sPointingRel535" value="det"/>
		<feat xlink:href="#sPointingRel537" value="obl"/>
		<feat xlink:href="#sPointingRel539" value="obl"/>
		<feat xlink:href="#sPointingRel541" value="obl"/>
		<feat xlink:href="#sPointingRel543" value="nsubj"/>
		<feat xlink:href="#sPointingRel545" value="case"/>
		<feat xlink:href="#sPointingRel547" value="det"/>
		<feat xlink:href="#sPointingRel549" value="case"/>
		<feat xlink:href="#sPointingRel551" value="nmod"/>
		<feat xlink:href="#sPointingRel553" value="case"/>
		<feat xlink:href="#sPointingRel555" value="acl:relcl"/>
		<feat xlink:href="#sPointingRel557" value="obl"/>
		<feat xlink:href="#sPointingRel559" value="case"/>
		<feat xlink:href="#sPointingRel561" value="obj"/>
		<feat xlink:href="#sPointingRel563" value="nsubj"/>
		<feat xlink:href="#sPointingRel565" value="obl"/>
		<feat xlink:href="#sPointingRel567" value="mark"/>
		<feat xlink:href="#sPointingRel569" value="nsubj"/>
		<feat xlink:href="#sPointingRel571" value="mark"/>
		<feat xlink:href="#sPointingRel573" value="conj"/>
		<feat xlink:href="#sPointingRel575" value="advmod"/>
		<feat xlink:href="#sPointingRel577" value="acl:relcl"/>
		<feat xlink:href="#sPointingRel579" value="nsubj"/>
		<feat xlink:href="#sPointingRel581" value="det"/>
		<feat xlink:href="#sPointingRel583" value="dislocated"/>
		<feat xlink:href="#sPointingRel585" value="mark"/>
		<feat xlink:href="#sPointingRel587" value="nmod"/>
		<feat xlink:href="#sPointingRel589" value="mark"/>
		<feat xlink:href="#sPointingRel591" value="obl"/>
		<feat xlink:href="#sPointingRel593" value="det"/>
		<feat xlink:href="#sPointingRel595" value="aux"/>
		<feat xlink:href="#sPointingRel597" value="advmod"/>
		<feat xlink:href="#sPointingRel599" value="dislocated"/>
		<feat xlink:href="#sPointingRel601" value="case"/>
		<feat xlink:href="#sPointingRel603" value="nmod"/>
		<feat xlink:href="#sPointingRel605" value="case"/>
		<feat xlink:href="#sPointingRel607" value="det"/>
		<feat xlink:href="#sPointingRel609" value="case"/>
		<feat xlink:href="#sPointingRel611" value="acl:relcl"/>
		<feat xlink:href="#sPointingRel613" value="cop"/>
		<feat xlink:href="#sPointingRel615" value="case"/>
		<feat xlink:href="#sPointingRel617" value="acl:relcl"/>
		<feat xlink:href="#sPointingRel619" value="advmod"/>
		<feat xlink:href="#sPointingRel621" value="det"/>
		<feat xlink:href="#sPointingRel623" value="obl"/>
		<feat xlink:href="#sPointingRel625" value="det"/>
		<feat xlink:href="#sPointingRel627" value="case"/>
		<feat xlink:href="#sPointingRel629" value="det"/>
		<feat xlink:href="#sPointingRel631" value="case"/>
		<feat xlink:href="#sPointingRel633" value="det"/>
		<feat xlink:href="#sPointingRel635" value="obj"/>
		<feat xlink:href="#sPointingRel637" value="advmod"/>
		<feat xlink:href="#sPointingRel639" value="mark"/>
		<feat xlink:href="#sPointingRel641" value="det"/>
		<feat xlink:href="#sPointingRel643" value="case"/>
		<feat xlink:href="#sPointingRel645" value="obl"/>
		<feat xlink:href="#sPointingRel647" value="obj"/>
		<feat xlink:href="#sPointingRel649" value="det"/>
		<feat xlink:href="#sPointingRel651" value="obl"/>
		<feat xlink:href="#sPointingRel653" value="nmod"/>
		<feat xlink:href="#sPointingRel655" value="nmod"/>
		<feat xlink:href="#sPointingRel657" value="acl:relcl"/>
		<feat xlink:href="#sPointingRel659" value="det"/>
		<feat xlink:href="#sPointingRel661" value="case"/>
		<feat xlink:href="#sPointingRel663" value="case"/>
		<feat xlink:href="#sPointingRel665" value="case"/>
		<feat xlink:href="#sPointingRel667" value="det"/>
		<feat xlink:href="#sPointingRel669" value="case"/>
		<feat xlink:href="#sPointingRel671" value="det"/>
		<feat xlink:href="#sPointingRel673" value="advcl"/>
		<feat xlink:href="#sPointingRel675" value="acl:relcl"/>
		<feat xlink:href="#sPointingRel677" value="nsubj"/>
		<feat xlink:href="#sPointingRel679" value="det"/>
		<feat xlink:href="#sPointingRel681" value="case"/>
		<feat xlink:href="#sPointingRel683" value="conj"/>
		<feat xlink:href="#sPointingRel685" value="case"/>
		<feat xlink:href="#sPointingRel687" value="det"/>
		<feat xlink:href="#sPointingRel689" value="advcl"/>
		<feat xlink:href="#sPointingRel691" value="appos"/>
		<feat xlink:href="#sPointingRel693" value="aux"/>
		<feat xlink:href="#sPointingRel695" value="mark"/>
		<feat xlink:href="#sPointingRel697" value="advmod"/>
		<feat xlink:href="#sPointingRel699" value="mark"/>
		<feat xlink:href="#sPointingRel701" value="case"/>
		<feat xlink:href="#sPointingRel703" value="appos"/>
		<feat xlink:href="#sPointingRel705" value="nsubj"/>
		<feat xlink:href="#sPointingRel707" value="case"/>
		<feat xlink:href="#sPointingRel709" value="obl"/>
		<feat xlink:href="#sPointingRel711" value="case"/>
		<feat xlink:href="#sPointingRel713" value="det"/>
		<feat xlink:href="#sPointingRel715" value="nmod"/>
		<feat xlink:href="#sPointingRel717" value="det"/>
		<feat xlink:href="#sPointingRel719" value="obj"/>
		<feat xlink:href="#sPointingRel721" value="det"/>
		<feat xlink:href="#sPointingRel723" value="nsubj"/>
		<feat xlink:href="#sPointingRel725" value="case"/>
		<feat xlink:href="#sPointingRel727" value="mark"/>
		<feat xlink:href="#sPointingRel729" value="obl"/>
		<feat xlink:href="#sPointingRel731" value="advcl"/>
		<feat xlink:href="#sPointingRel733" value="nsubj"/>
		<feat xlink:href="#sPointingRel735" value="obl"/>
		<feat xlink:href="#sPointingRel737" value="obl"/>
		<feat xlink:href="#sPointingRel739" value="case"/>
		<feat xlink:href="#sPointingRel741" value="advmod"/>
		<feat xlink:href="#sPointingRel743" value="det"/>
		<feat xlink:href="#sPointingRel745" value="nsubj"/>
		<feat xlink:href="#sPointingRel747" value="aux"/>
		<feat xlink:href="#sPointingRel749" value="case"/>
		<feat xlink:href="#sPointingRel751" value="mark"/>
		<feat xlink:href="#sPointingRel753" value="obj"/>
		<feat xlink:href="#sPointingRel755" value="case"/>
		<feat xlink:href="#sPointingRel757" value="aux"/>
		<feat xlink:href="#sPointingRel759" value="det"/>
		<feat xlink:href="#sPointingRel761" value="cop"/>
		<feat xlink:href="#sPointingRel763" value="advcl"/>
		<feat xlink:href="#sPointingRel765" value="nsubj"/>
		<feat xlink:href="#sPointingRel767" value="case"/>
		<feat xlink:href="#sPointingRel769" value="obl"/>
		<feat xlink:href="#sPointingRel771" value="case"/>
		<feat xlink:href="#sPointingRel773" value="nsubj"/>
		<feat xlink:href="#sPointingRel775" value="det"/>
		<feat xlink:href="#sPointingRel777" value="mark"/>
		<feat xlink:href="#sPointingRel779" value="advmod"/>
		<feat xlink:href="#sPointingRel781" value="aux"/>
		<feat xlink:href="#sPointingRel783" value="cop"/>
		<feat xlink:href="#sPointingRel785" value="nsubj"/>
		<feat xlink:href="#sPointingRel787" value="appos"/>
		<feat xlink:href="#sPointingRel789" value="obl"/>
		<feat xlink:href="#sPointingRel791" value="det"/>
		<feat xlink:href="#sPointingRel793" value="det"/>
		<feat xlink:href="#sPointingRel795" value="advcl"/>
		<feat xlink:href="#sPointingRel797" value="case"/>
		<feat xlink:href="#sPointingRel799" value="advmod"/>
		<feat xlink:href="#sPointingRel801" value="case"/>
		<feat xlink:href="#sPointingRel803" value="nmod"/>
		<feat xlink:href="#sPointingRel805" value="case"/>
		<feat xlink:href="#sPointingRel807" value="det"/>
		<feat xlink:href="#sPointingRel809" value="case"/></featList></paula>