<?xml version='1.0' encoding='UTF-8'?><!DOCTYPE paula SYSTEM "paula_feat.dtd">
<paula version="1.1">
	<header paula_id="scriptorium.a22.YA309-310.mark_func"/>
	<featList xmlns:xlink="http://www.w3.org/1999/xlink" type="func" xml:base="scriptorium.a22.YA309-310.mark.xml">
		<feat xlink:href="#sSpan1" value="mark"/>
		<feat xlink:href="#sSpan11" value="nsubj"/>
		<feat xlink:href="#sSpan13" value="aux"/>
		<feat xlink:href="#sSpan15" value="root"/>
		<feat xlink:href="#sSpan17" value="obj"/>
		<feat xlink:href="#sSpan20" value="case"/>
		<feat xlink:href="#sSpan25" value="obl"/>
		<feat xlink:href="#sSpan28" value="case"/>
		<feat xlink:href="#sSpan32" value="nmod"/>
		<feat xlink:href="#sSpan36" value="cc"/>
		<feat xlink:href="#sSpan40" value="mark"/>
		<feat xlink:href="#sSpan45" value="nsubj"/>
		<feat xlink:href="#sSpan47" value="case"/>
		<feat xlink:href="#sSpan49" value="det"/>
		<feat xlink:href="#sSpan52" value="advcl"/>
		<feat xlink:href="#sSpan54" value="cc"/>
		<feat xlink:href="#sSpan59" value="mark"/>
		<feat xlink:href="#sSpan63" value="nsubj"/>
		<feat xlink:href="#sSpan65" value="case"/>
		<feat xlink:href="#sSpan67" value="det"/>
		<feat xlink:href="#sSpan72" value="conj"/>
		<feat xlink:href="#sSpan75" value="cc"/>
		<feat xlink:href="#sSpan83" value="dislocated"/>
		<feat xlink:href="#sSpan89" value="det"/>
		<feat xlink:href="#sSpan93" value="case"/>
		<feat xlink:href="#sSpan98" value="case"/>
		<feat xlink:href="#sSpan102" value="nmod"/>
		<feat xlink:href="#sSpan104" value="mark"/>
		<feat xlink:href="#sSpan108" value="nsubj"/>
		<feat xlink:href="#sSpan111" value="acl:relcl"/>
		<feat xlink:href="#sSpan116" value="cc"/>
		<feat xlink:href="#sSpan120" value="mark"/>
		<feat xlink:href="#sSpan124" value="nsubj"/>
		<feat xlink:href="#sSpan126" value="aux"/>
		<feat xlink:href="#sSpan130" value="conj"/>
		<feat xlink:href="#sSpan133" value="case"/>
		<feat xlink:href="#sSpan137" value="det"/>
		<feat xlink:href="#sSpan141" value="obl"/>
		<feat xlink:href="#sSpan143" value="case"/>
		<feat xlink:href="#sSpan148" value="nmod"/>
		<feat xlink:href="#sSpan151" value="cc"/>
		<feat xlink:href="#sSpan155" value="case"/>
		<feat xlink:href="#sSpan159" value="conj"/>
		<feat xlink:href="#sSpan162" value="obl:npmod"/>
		<feat xlink:href="#sSpan167" value="cc"/>
		<feat xlink:href="#sSpan171" value="aux"/>
		<feat xlink:href="#sSpan175" value="nsubj"/>
		<feat xlink:href="#sSpan177" value="advmod"/>
		<feat xlink:href="#sSpan180" value="conj"/>
		<feat xlink:href="#sSpan182" value="det"/>
		<feat xlink:href="#sSpan185" value="obj"/>
		<feat xlink:href="#sSpan187" value="mark"/>
		<feat xlink:href="#sSpan192" value="aux"/>
		<feat xlink:href="#sSpan194" value="nsubj"/>
		<feat xlink:href="#sSpan196" value="acl:relcl"/>
		<feat xlink:href="#sSpan198" value="obj"/>
		<feat xlink:href="#sSpan200" value="nsubj"/>
		<feat xlink:href="#sSpan205" value="root"/>
		<feat xlink:href="#sSpan208" value="advmod"/>
		<feat xlink:href="#sSpan212" value="case"/>
		<feat xlink:href="#sSpan217" value="obl"/>
		<feat xlink:href="#sSpan219" value="case"/>
		<feat xlink:href="#sSpan223" value="det"/>
		<feat xlink:href="#sSpan226" value="dislocated"/>
		<feat xlink:href="#sSpan229" value="obl:npmod"/>
		<feat xlink:href="#sSpan233" value="nmod:poss"/>
		<feat xlink:href="#sSpan235" value="mark"/>
		<feat xlink:href="#sSpan240" value="aux"/>
		<feat xlink:href="#sSpan243" value="acl:relcl"/>
		<feat xlink:href="#sSpan249" value="advmod"/>
		<feat xlink:href="#sSpan254" value="advmod"/>
		<feat xlink:href="#sSpan258" value="advmod"/>
		<feat xlink:href="#sSpan262" value="case"/>
		<feat xlink:href="#sSpan267" value="det"/>
		<feat xlink:href="#sSpan270" value="obl"/>
		<feat xlink:href="#sSpan272" value="case"/>
		<feat xlink:href="#sSpan276" value="nmod"/>
		<feat xlink:href="#sSpan279" value="case"/>
		<feat xlink:href="#sSpan283" value="nmod:poss"/>
		<feat xlink:href="#sSpan286" value="nmod"/>
		<feat xlink:href="#sSpan289" value="case"/>
		<feat xlink:href="#sSpan293" value="det"/>
		<feat xlink:href="#sSpan297" value="obl"/>
		<feat xlink:href="#sSpan300" value="mark"/>
		<feat xlink:href="#sSpan305" value="nsubj"/>
		<feat xlink:href="#sSpan307" value="advcl"/>
		<feat xlink:href="#sSpan309" value="case"/>
		<feat xlink:href="#sSpan314" value="obl"/>
		<feat xlink:href="#sSpan318" value="case"/>
		<feat xlink:href="#sSpan322" value="obl"/>
		<feat xlink:href="#sSpan325" value="cc"/>
		<feat xlink:href="#sSpan330" value="dislocated"/>
		<feat xlink:href="#sSpan334" value="mark"/>
		<feat xlink:href="#sSpan338" value="nsubj"/>
		<feat xlink:href="#sSpan340" value="conj"/>
		<feat xlink:href="#sSpan343" value="case"/>
		<feat xlink:href="#sSpan348" value="obl"/>
		<feat xlink:href="#sSpan350" value="mark"/>
		<feat xlink:href="#sSpan354" value="nsubj"/>
		<feat xlink:href="#sSpan356" value="advcl"/>
		<feat xlink:href="#sSpan358" value="case"/>
		<feat xlink:href="#sSpan363" value="obl"/>
		<feat xlink:href="#sSpan368" value="case"/>
		<feat xlink:href="#sSpan374" value="obl"/>
		<feat xlink:href="#sSpan377" value="advmod"/>
		<feat xlink:href="#sSpan382" value="cc"/>
		<feat xlink:href="#sSpan390" value="dislocated"/>
		<feat xlink:href="#sSpan395" value="mark"/>
		<feat xlink:href="#sSpan397" value="aux"/>
		<feat xlink:href="#sSpan400" value="acl:relcl"/>
		<feat xlink:href="#sSpan406" value="advmod"/>
		<feat xlink:href="#sSpan410" value="case"/>
		<feat xlink:href="#sSpan414" value="det"/>
		<feat xlink:href="#sSpan417" value="obl"/>
		<feat xlink:href="#sSpan420" value="case"/>
		<feat xlink:href="#sSpan424" value="nmod"/>
		<feat xlink:href="#sSpan426" value="case"/>
		<feat xlink:href="#sSpan430" value="nmod:poss"/>
		<feat xlink:href="#sSpan434" value="nmod"/>
		<feat xlink:href="#sSpan436" value="case"/>
		<feat xlink:href="#sSpan441" value="det"/>
		<feat xlink:href="#sSpan445" value="obl"/>
		<feat xlink:href="#sSpan449" value="mark"/>
		<feat xlink:href="#sSpan454" value="case"/>
		<feat xlink:href="#sSpan458" value="fixed"/>
		<feat xlink:href="#sSpan463" value="nmod:poss"/>
		<feat xlink:href="#sSpan467" value="obl"/>
		<feat xlink:href="#sSpan470" value="det"/>
		<feat xlink:href="#sSpan474" value="appos"/>
		<feat xlink:href="#sSpan476" value="mark"/>
		<feat xlink:href="#sSpan481" value="det"/>
		<feat xlink:href="#sSpan484" value="nsubj"/>
		<feat xlink:href="#sSpan486" value="obl:npmod"/>
		<feat xlink:href="#sSpan491" value="nmod:poss"/>
		<feat xlink:href="#sSpan493" value="acl:relcl"/>
		<feat xlink:href="#sSpan497" value="case"/>
		<feat xlink:href="#sSpan502" value="obl"/>
		<feat xlink:href="#sSpan504" value="punct"/>
		<feat xlink:href="#sSpan508" value="cc"/>
		<feat xlink:href="#sSpan515" value="advmod"/>
		<feat xlink:href="#sSpan517" value="case"/>
		<feat xlink:href="#sSpan521" value="det"/>
		<feat xlink:href="#sSpan525" value="obl"/>
		<feat xlink:href="#sSpan527" value="case"/>
		<feat xlink:href="#sSpan532" value="nmod:poss"/>
		<feat xlink:href="#sSpan536" value="nmod"/>
		<feat xlink:href="#sSpan540" value="det"/>
		<feat xlink:href="#sSpan546" value="appos"/>
		<feat xlink:href="#sSpan548" value="mark"/>
		<feat xlink:href="#sSpan552" value="det"/>
		<feat xlink:href="#sSpan556" value="nsubj"/>
		<feat xlink:href="#sSpan558" value="case"/>
		<feat xlink:href="#sSpan564" value="acl:relcl"/>
		<feat xlink:href="#sSpan566" value="case"/>
		<feat xlink:href="#sSpan570" value="det"/>
		<feat xlink:href="#sSpan573" value="obl"/>
		<feat xlink:href="#sSpan576" value="nsubj"/>
		<feat xlink:href="#sSpan581" value="root"/>
		<feat xlink:href="#sSpan586" value="mark"/>
		<feat xlink:href="#sSpan591" value="nsubj"/>
		<feat xlink:href="#sSpan593" value="advcl"/>
		<feat xlink:href="#sSpan596" value="nmod:poss"/>
		<feat xlink:href="#sSpan605" value="root"/>
		<feat xlink:href="#sSpan608" value="advmod"/>
		<feat xlink:href="#sSpan612" value="cop"/>
		<feat xlink:href="#sSpan617" value="case"/>
		<feat xlink:href="#sSpan621" value="det"/>
		<feat xlink:href="#sSpan624" value="obl"/>
		<feat xlink:href="#sSpan626" value="mark"/>
		<feat xlink:href="#sSpan631" value="case"/>
		<feat xlink:href="#sSpan633" value="det"/>
		<feat xlink:href="#sSpan636" value="acl:relcl"/>
		<feat xlink:href="#sSpan638" value="case"/>
		<feat xlink:href="#sSpan643" value="det"/>
		<feat xlink:href="#sSpan647" value="nmod"/>
		<feat xlink:href="#sSpan649" value="case"/>
		<feat xlink:href="#sSpan653" value="nmod"/>
		<feat xlink:href="#sSpan656" value="case"/>
		<feat xlink:href="#sSpan660" value="det"/>
		<feat xlink:href="#sSpan662" value="nmod"/>
		<feat xlink:href="#sSpan665" value="case"/>
		<feat xlink:href="#sSpan669" value="det"/>
		<feat xlink:href="#sSpan672" value="nmod"/>
		<feat xlink:href="#sSpan674" value="mark"/>
		<feat xlink:href="#sSpan678" value="case"/>
		<feat xlink:href="#sSpan681" value="det"/>
		<feat xlink:href="#sSpan684" value="acl:relcl"/>
		<feat xlink:href="#sSpan686" value="case"/>
		<feat xlink:href="#sSpan690" value="det"/>
		<feat xlink:href="#sSpan694" value="nmod"/>
		<feat xlink:href="#sSpan696" value="case"/>
		<feat xlink:href="#sSpan700" value="nmod:poss"/>
		<feat xlink:href="#sSpan703" value="nmod"/>
		<feat xlink:href="#sSpan706" value="case"/>
		<feat xlink:href="#sSpan710" value="nmod"/>
		<feat xlink:href="#sSpan713" value="appos"/>
		<feat xlink:href="#sSpan718" value="flat"/>
		<feat xlink:href="#sSpan722" value="det"/>
		<feat xlink:href="#sSpan727" value="appos"/>
		<feat xlink:href="#sSpan729" value="mark"/>
		<feat xlink:href="#sSpan734" value="aux"/>
		<feat xlink:href="#sSpan736" value="nsubj"/>
		<feat xlink:href="#sSpan738" value="acl:relcl"/>
		<feat xlink:href="#sSpan740" value="case"/>
		<feat xlink:href="#sSpan745" value="obl"/>
		<feat xlink:href="#sSpan747" value="case"/>
		<feat xlink:href="#sSpan751" value="obl"/>
		<feat xlink:href="#sSpan754" value="case"/>
		<feat xlink:href="#sSpan758" value="det"/>
		<feat xlink:href="#sSpan761" value="obl"/>
		<feat xlink:href="#sSpan763" value="punct"/>
		<feat xlink:href="#sSpan768" value="dislocated"/>
		<feat xlink:href="#sSpan778" value="advmod"/>
		<feat xlink:href="#sSpan782" value="det"/>
		<feat xlink:href="#sSpan786" value="mark"/>
		<feat xlink:href="#sSpan791" value="aux"/>
		<feat xlink:href="#sSpan793" value="acl:relcl"/>
		<feat xlink:href="#sSpan795" value="case"/>
		<feat xlink:href="#sSpan800" value="obl"/>
		<feat xlink:href="#sSpan802" value="nsubj"/>
		<feat xlink:href="#sSpan809" value="root"/>
		<feat xlink:href="#sSpan811" value="mark"/>
		<feat xlink:href="#sSpan815" value="nsubj"/>
		<feat xlink:href="#sSpan818" value="advcl"/>
		<feat xlink:href="#sSpan820" value="advmod"/>
		<feat xlink:href="#sSpan824" value="case"/>
		<feat xlink:href="#sSpan828" value="det"/>
		<feat xlink:href="#sSpan832" value="obl"/>
		<feat xlink:href="#sSpan835" value="mark"/>
		<feat xlink:href="#sSpan839" value="acl:relcl"/>
		<feat xlink:href="#sSpan841" value="advmod"/>
		<feat xlink:href="#sSpan846" value="case"/>
		<feat xlink:href="#sSpan850" value="det"/>
		<feat xlink:href="#sSpan853" value="obl"/>
		<feat xlink:href="#sSpan855" value="obl:npmod"/>
		<feat xlink:href="#sSpan860" value="nmod:poss"/>
		<feat xlink:href="#sSpan862" value="mark"/>
		<feat xlink:href="#sSpan866" value="acl:relcl"/>
		<feat xlink:href="#sSpan869" value="advmod"/>
		<feat xlink:href="#sSpan873" value="case"/>
		<feat xlink:href="#sSpan877" value="det"/>
		<feat xlink:href="#sSpan880" value="obl"/>
		<feat xlink:href="#sSpan883" value="nummod"/>
		<feat xlink:href="#sSpan892" value="case"/>
		<feat xlink:href="#sSpan897" value="root"/>
		<feat xlink:href="#sSpan901" value="det"/>
		<feat xlink:href="#sSpan906" value="appos"/>
		<feat xlink:href="#sSpan909" value="appos"/>
		<feat xlink:href="#sSpan914" value="mark"/>
		<feat xlink:href="#sSpan918" value="aux"/>
		<feat xlink:href="#sSpan920" value="nmod:poss"/>
		<feat xlink:href="#sSpan924" value="nsubj"/>
		<feat xlink:href="#sSpan926" value="acl:relcl"/>
		<feat xlink:href="#sSpan931" value="obj"/>
		<feat xlink:href="#sSpan933" value="case"/>
		<feat xlink:href="#sSpan937" value="obl"/>
		<feat xlink:href="#sSpan939" value="advmod"/>
		<feat xlink:href="#sSpan945" value="dislocated"/>
		<feat xlink:href="#sSpan955" value="det"/>
		<feat xlink:href="#sSpan959" value="mark"/>
		<feat xlink:href="#sSpan963" value="acl:relcl"/>
		<feat xlink:href="#sSpan966" value="case"/>
		<feat xlink:href="#sSpan970" value="det"/>
		<feat xlink:href="#sSpan973" value="obl"/>
		<feat xlink:href="#sSpan976" value="case"/>
		<feat xlink:href="#sSpan980" value="nmod:poss"/>
		<feat xlink:href="#sSpan983" value="nmod"/>
		<feat xlink:href="#sSpan986" value="nsubj"/>
		<feat xlink:href="#sSpan990" value="root"/>
		<feat xlink:href="#sSpan993" value="obl:npmod"/>
		<feat xlink:href="#sSpan997" value="nmod:poss"/>
		<feat xlink:href="#sSpan999" value="advmod"/>
		<feat xlink:href="#sSpan1003" value="advmod"/>
		<feat xlink:href="#sSpan1008" value="case"/>
		<feat xlink:href="#sSpan1012" value="det"/>
		<feat xlink:href="#sSpan1015" value="obl"/>
		<feat xlink:href="#sSpan1018" value="mark"/>
		<feat xlink:href="#sSpan1022" value="xcomp"/>
		<feat xlink:href="#sSpan1024" value="obj"/>
		<feat xlink:href="#sSpan1026" value="xcomp"/>
		<feat xlink:href="#sSpan1029" value="case"/>
		<feat xlink:href="#sSpan1033" value="det"/>
		<feat xlink:href="#sSpan1035" value="obl"/>
		<feat xlink:href="#sSpan1038" value="case"/>
		<feat xlink:href="#sSpan1043" value="obl"/>
		<feat xlink:href="#sSpan1050" value="dislocated"/>
		<feat xlink:href="#sSpan1060" value="advmod"/>
		<feat xlink:href="#sSpan1064" value="det"/>
		<feat xlink:href="#sSpan1068" value="mark"/>
		<feat xlink:href="#sSpan1073" value="acl:relcl"/>
		<feat xlink:href="#sSpan1075" value="case"/>
		<feat xlink:href="#sSpan1079" value="det"/>
		<feat xlink:href="#sSpan1082" value="obl"/>
		<feat xlink:href="#sSpan1085" value="mark"/>
		<feat xlink:href="#sSpan1089" value="advmod"/>
		<feat xlink:href="#sSpan1091" value="nsubj"/>
		<feat xlink:href="#sSpan1093" value="aux"/>
		<feat xlink:href="#sSpan1095" value="root"/>
		<feat xlink:href="#sSpan1098" value="advmod"/>
		<feat xlink:href="#sSpan1102" value="mark"/>
		<feat xlink:href="#sSpan1106" value="xcomp"/>
		<feat xlink:href="#sSpan1109" value="case"/>
		<feat xlink:href="#sSpan1113" value="det"/>
		<feat xlink:href="#sSpan1116" value="obl"/>
		<feat xlink:href="#sSpan1119" value="mark"/>
		<feat xlink:href="#sSpan1123" value="aux"/>
		<feat xlink:href="#sSpan1125" value="nmod:poss"/>
		<feat xlink:href="#sSpan1128" value="nsubj"/>
		<feat xlink:href="#sSpan1131" value="acl:relcl"/>
		<feat xlink:href="#sSpan1135" value="obj"/>
		<feat xlink:href="#sSpan1137" value="case"/>
		<feat xlink:href="#sSpan1142" value="obl"/>
		<feat xlink:href="#sSpan1144" value="advmod"/>
		<feat xlink:href="#sSpan1149" value="mark"/>
		<feat xlink:href="#sSpan1157" value="mark"/>
		<feat xlink:href="#sSpan1161" value="nsubj"/>
		<feat xlink:href="#sSpan1163" value="case"/>
		<feat xlink:href="#sSpan1165" value="nmod:poss"/>
		<feat xlink:href="#sSpan1171" value="advcl"/>
		<feat xlink:href="#sSpan1174" value="mark"/>
		<feat xlink:href="#sSpan1178" value="nsubj"/>
		<feat xlink:href="#sSpan1180" value="aux"/>
		<feat xlink:href="#sSpan1182" value="root"/>
		<feat xlink:href="#sSpan1184" value="obj"/>
		<feat xlink:href="#sSpan1186" value="advmod"/>
		<feat xlink:href="#sSpan1191" value="fixed"/>
		<feat xlink:href="#sSpan1195" value="obl"/>
		<feat xlink:href="#sSpan1197" value="mark"/>
		<feat xlink:href="#sSpan1202" value="det"/>
		<feat xlink:href="#sSpan1207" value="advcl"/>
		<feat xlink:href="#sSpan1210" value="cop"/>
		<feat xlink:href="#sSpan1212" value="mark"/>
		<feat xlink:href="#sSpan1217" value="det"/>
		<feat xlink:href="#sSpan1222" value="advcl"/>
		<feat xlink:href="#sSpan1225" value="cop"/>
		<feat xlink:href="#sSpan1230" value="cc"/>
		<feat xlink:href="#sSpan1238" value="mark"/>
		<feat xlink:href="#sSpan1242" value="mark"/>
		<feat xlink:href="#sSpan1247" value="nsubj"/>
		<feat xlink:href="#sSpan1249" value="case"/>
		<feat xlink:href="#sSpan1251" value="det"/>
		<feat xlink:href="#sSpan1254" value="advcl"/>
		<feat xlink:href="#sSpan1256" value="case"/>
		<feat xlink:href="#sSpan1260" value="nmod:poss"/>
		<feat xlink:href="#sSpan1264" value="nmod"/>
		<feat xlink:href="#sSpan1266" value="mark"/>
		<feat xlink:href="#sSpan1270" value="nsubj"/>
		<feat xlink:href="#sSpan1272" value="aux"/>
		<feat xlink:href="#sSpan1274" value="root"/>
		<feat xlink:href="#sSpan1276" value="aux"/>
		<feat xlink:href="#sSpan1280" value="nsubj"/>
		<feat xlink:href="#sSpan1283" value="advcl"/>
		<feat xlink:href="#sSpan1286" value="case"/>
		<feat xlink:href="#sSpan1290" value="det"/>
		<feat xlink:href="#sSpan1293" value="obl"/>
		<feat xlink:href="#sSpan1295" value="mark"/>
		<feat xlink:href="#sSpan1300" value="nsubj"/>
		<feat xlink:href="#sSpan1302" value="case"/>
		<feat xlink:href="#sSpan1304" value="acl:relcl"/>
		<feat xlink:href="#sSpan1306" value="aux"/>
		<feat xlink:href="#sSpan1310" value="nsubj"/>
		<feat xlink:href="#sSpan1313" value="advcl"/>
		<feat xlink:href="#sSpan1315" value="obj"/>
		<feat xlink:href="#sSpan1317" value="advmod"/>
		<feat xlink:href="#sSpan1321" value="case"/>
		<feat xlink:href="#sSpan1326" value="obl"/>
		<feat xlink:href="#sSpan1329" value="mark"/>
		<feat xlink:href="#sSpan1338" value="advmod"/>
		<feat xlink:href="#sSpan1342" value="case"/>
		<feat xlink:href="#sSpan1346" value="det"/>
		<feat xlink:href="#sSpan1351" value="obl"/>
		<feat xlink:href="#sSpan1354" value="nsubj"/>
		<feat xlink:href="#sSpan1360" value="advcl"/>
		<feat xlink:href="#sSpan1363" value="advmod"/>
		<feat xlink:href="#sSpan1368" value="case"/>
		<feat xlink:href="#sSpan1372" value="obl"/>
		<feat xlink:href="#sSpan1374" value="mark"/>
		<feat xlink:href="#sSpan1379" value="nsubj"/>
		<feat xlink:href="#sSpan1381" value="aux"/>
		<feat xlink:href="#sSpan1383" value="root"/>
		<feat xlink:href="#sSpan1385" value="case"/>
		<feat xlink:href="#sSpan1389" value="det"/>
		<feat xlink:href="#sSpan1392" value="obl"/>
		<feat xlink:href="#sSpan1394" value="case"/>
		<feat xlink:href="#sSpan1398" value="det"/>
		<feat xlink:href="#sSpan1401" value="obl"/>
		<feat xlink:href="#sSpan1403" value="mark"/>
		<feat xlink:href="#sSpan1408" value="nsubj"/>
		<feat xlink:href="#sSpan1410" value="acl:relcl"/>
		<feat xlink:href="#sSpan1412" value="case"/>
		<feat xlink:href="#sSpan1417" value="obl"/>
		<feat xlink:href="#sSpan1419" value="aux"/>
		<feat xlink:href="#sSpan1423" value="nsubj"/>
		<feat xlink:href="#sSpan1425" value="advcl"/>
		<feat xlink:href="#sSpan1428" value="obj"/>
		<feat xlink:href="#sSpan1430" value="advmod"/>
		<feat xlink:href="#sSpan1434" value="advmod"/>
		<feat xlink:href="#sSpan1439" value="case"/>
		<feat xlink:href="#sSpan1443" value="det"/>
		<feat xlink:href="#sSpan1446" value="obl"/>
		<feat xlink:href="#sSpan1451" value="cc"/>
		<feat xlink:href="#sSpan1459" value="mark"/>
		<feat xlink:href="#sSpan1463" value="nsubj"/>
		<feat xlink:href="#sSpan1465" value="aux"/>
		<feat xlink:href="#sSpan1467" value="root"/>
		<feat xlink:href="#sSpan1469" value="case"/>
		<feat xlink:href="#sSpan1474" value="obl"/>
		<feat xlink:href="#sSpan1476" value="mark"/>
		<feat xlink:href="#sSpan1480" value="advmod"/>
		<feat xlink:href="#sSpan1482" value="xcomp"/>
		<feat xlink:href="#sSpan1485" value="obj"/>
		<feat xlink:href="#sSpan1487" value="xcomp"/>
		<feat xlink:href="#sSpan1489" value="case"/>
		<feat xlink:href="#sSpan1494" value="obl"/>
		<feat xlink:href="#sSpan1496" value="case"/>
		<feat xlink:href="#sSpan1501" value="det"/>
		<feat xlink:href="#sSpan1506" value="obl"/>
		<feat xlink:href="#sSpan1508" value="case"/>
		<feat xlink:href="#sSpan1513" value="nmod"/></featList></paula>