<?xml version='1.0' encoding='UTF-8'?><!DOCTYPE paula SYSTEM "paula_feat.dtd">
<paula version="1.1">
	<header paula_id="scriptorium.a22.YA309-310.mark_norm"/>
	<featList xmlns:xlink="http://www.w3.org/1999/xlink" type="norm" xml:base="scriptorium.a22.YA309-310.mark.xml">
		<feat xlink:href="#sSpan1" value="ⲉ"/>
		<feat xlink:href="#sSpan11" value="ⲩ"/>
		<feat xlink:href="#sSpan13" value="ⲛⲁ"/>
		<feat xlink:href="#sSpan15" value="ϫⲁϩⲙ"/>
		<feat xlink:href="#sSpan17" value="ⲟⲩ"/>
		<feat xlink:href="#sSpan20" value="ⲕⲁⲧⲁ"/>
		<feat xlink:href="#sSpan25" value="ⲗⲁⲁⲩ"/>
		<feat xlink:href="#sSpan28" value="ⲛ"/>
		<feat xlink:href="#sSpan32" value="ⲥⲙⲟⲧ"/>
		<feat xlink:href="#sSpan36" value="ⲉⲓⲧⲉ"/>
		<feat xlink:href="#sSpan40" value="ⲉ"/>
		<feat xlink:href="#sSpan45" value="ⲩ"/>
		<feat xlink:href="#sSpan47" value="ϩⲓ"/>
		<feat xlink:href="#sSpan49" value="ⲡ"/>
		<feat xlink:href="#sSpan52" value="ϣⲙⲙⲟ"/>
		<feat xlink:href="#sSpan54" value="ⲉⲓⲧⲉ"/>
		<feat xlink:href="#sSpan59" value="ⲉ"/>
		<feat xlink:href="#sSpan63" value="ⲩ"/>
		<feat xlink:href="#sSpan65" value="ϩⲛ"/>
		<feat xlink:href="#sSpan67" value="ⲧ"/>
		<feat xlink:href="#sSpan72" value="ⲥⲩⲛⲁⲅⲱⲅⲏ"/>
		<feat xlink:href="#sSpan75" value="ⲁⲩⲱ"/>
		<feat xlink:href="#sSpan83" value="ⲟⲩⲟⲛ"/>
		<feat xlink:href="#sSpan89" value="ⲛⲓⲙ"/>
		<feat xlink:href="#sSpan93" value="ϩⲣⲁⲓ"/>
		<feat xlink:href="#sSpan98" value="ⲛϩⲏⲧ"/>
		<feat xlink:href="#sSpan102" value="ⲛ"/>
		<feat xlink:href="#sSpan104" value="ⲉ"/>
		<feat xlink:href="#sSpan108" value="ⲩ"/>
		<feat xlink:href="#sSpan111" value="ⲣⲛⲟⲃⲉ"/>
		<feat xlink:href="#sSpan116" value="ⲏ"/>
		<feat xlink:href="#sSpan120" value="ⲉ"/>
		<feat xlink:href="#sSpan124" value="ⲩ"/>
		<feat xlink:href="#sSpan126" value="ⲛⲁ"/>
		<feat xlink:href="#sSpan130" value="ⲣⲛⲟⲃⲉ"/>
		<feat xlink:href="#sSpan133" value="ϩⲛ"/>
		<feat xlink:href="#sSpan137" value="ⲟⲩ"/>
		<feat xlink:href="#sSpan141" value="ϩⲱⲡ"/>
		<feat xlink:href="#sSpan143" value="ϩⲁϩⲧⲏ"/>
		<feat xlink:href="#sSpan148" value="ⲛ"/>
		<feat xlink:href="#sSpan151" value="ⲏ"/>
		<feat xlink:href="#sSpan155" value="ϩⲁϩⲧⲛ"/>
		<feat xlink:href="#sSpan159" value="ⲧⲏⲩⲧⲛ"/>
		<feat xlink:href="#sSpan162" value="ⲛⲧⲱⲧⲛ"/>
		<feat xlink:href="#sSpan167" value="ⲁⲩⲱ"/>
		<feat xlink:href="#sSpan171" value="ⲛ"/>
		<feat xlink:href="#sSpan175" value="ⲥⲉ"/>
		<feat xlink:href="#sSpan177" value="ⲧⲙ"/>
		<feat xlink:href="#sSpan180" value="ϫⲉ"/>
		<feat xlink:href="#sSpan182" value="ⲡ"/>
		<feat xlink:href="#sSpan185" value="ⲛⲟⲃⲉ"/>
		<feat xlink:href="#sSpan187" value="ⲛⲧ"/>
		<feat xlink:href="#sSpan192" value="ⲁ"/>
		<feat xlink:href="#sSpan194" value="ⲩ"/>
		<feat xlink:href="#sSpan196" value="ⲁⲁ"/>
		<feat xlink:href="#sSpan198" value="ϥ"/>
		<feat xlink:href="#sSpan200" value="ⲉⲩⲉ"/>
		<feat xlink:href="#sSpan205" value="ⲉⲓ"/>
		<feat xlink:href="#sSpan208" value="ⲉϩⲣⲁⲓ"/>
		<feat xlink:href="#sSpan212" value="ⲉϫⲱ"/>
		<feat xlink:href="#sSpan217" value="ⲟⲩ"/>
		<feat xlink:href="#sSpan219" value="ⲛϭⲓ"/>
		<feat xlink:href="#sSpan223" value="ⲛⲉⲓ"/>
		<feat xlink:href="#sSpan226" value="ⲥⲁϩⲟⲩ"/>
		<feat xlink:href="#sSpan229" value="ⲧⲏⲣ"/>
		<feat xlink:href="#sSpan233" value="ⲟⲩ"/>
		<feat xlink:href="#sSpan235" value="ⲉⲧ"/>
		<feat xlink:href="#sSpan240" value="ⲛⲁ"/>
		<feat xlink:href="#sSpan243" value="ⲧⲁⲗⲉⲡⲣⲟⲥⲫⲟⲣⲁ"/>
		<feat xlink:href="#sSpan249" value="ⲇⲉ"/>
		<feat xlink:href="#sSpan254" value="ⲟⲛ"/>
		<feat xlink:href="#sSpan258" value="ⲉϩⲣⲁⲓ"/>
		<feat xlink:href="#sSpan262" value="ϩⲛ"/>
		<feat xlink:href="#sSpan267" value="ϭⲉ"/>
		<feat xlink:href="#sSpan270" value="ⲗⲁⲁⲩ"/>
		<feat xlink:href="#sSpan272" value="ⲙ"/>
		<feat xlink:href="#sSpan276" value="ⲙⲁ"/>
		<feat xlink:href="#sSpan279" value="ⲙ"/>
		<feat xlink:href="#sSpan283" value="ⲡⲉⲛ"/>
		<feat xlink:href="#sSpan286" value="ⲕⲱⲧⲉ"/>
		<feat xlink:href="#sSpan289" value="ϩⲛ"/>
		<feat xlink:href="#sSpan293" value="ⲟⲩ"/>
		<feat xlink:href="#sSpan297" value="ϯⲧⲱⲛ"/>
		<feat xlink:href="#sSpan300" value="ⲉ"/>
		<feat xlink:href="#sSpan305" value="ⲩ"/>
		<feat xlink:href="#sSpan307" value="ⲟ"/>
		<feat xlink:href="#sSpan309" value="ⲛ"/>
		<feat xlink:href="#sSpan314" value="ⲕⲟⲓⲛⲱⲛⲟⲥ"/>
		<feat xlink:href="#sSpan318" value="ⲛⲙⲙⲁ"/>
		<feat xlink:href="#sSpan322" value="ⲛ"/>
		<feat xlink:href="#sSpan325" value="ⲏ"/>
		<feat xlink:href="#sSpan330" value="ⲛⲧⲟϥ"/>
		<feat xlink:href="#sSpan334" value="ⲉ"/>
		<feat xlink:href="#sSpan338" value="ⲩ"/>
		<feat xlink:href="#sSpan340" value="ⲟⲩⲏϩ"/>
		<feat xlink:href="#sSpan343" value="ϩⲓⲧⲟⲩⲱ"/>
		<feat xlink:href="#sSpan348" value="ⲛ"/>
		<feat xlink:href="#sSpan350" value="ⲉ"/>
		<feat xlink:href="#sSpan354" value="ⲩ"/>
		<feat xlink:href="#sSpan356" value="ⲟ"/>
		<feat xlink:href="#sSpan358" value="ⲛ"/>
		<feat xlink:href="#sSpan363" value="ⲕⲟⲓⲛⲱⲛⲟⲥ"/>
		<feat xlink:href="#sSpan368" value="ⲛⲙⲙⲁ"/>
		<feat xlink:href="#sSpan374" value="ⲛ"/>
		<feat xlink:href="#sSpan377" value="ⲁⲛ"/>
		<feat xlink:href="#sSpan382" value="ⲁⲩⲱ"/>
		<feat xlink:href="#sSpan390" value="ⲡ"/>
		<feat xlink:href="#sSpan395" value="ⲉⲧ"/>
		<feat xlink:href="#sSpan397" value="ⲛⲁ"/>
		<feat xlink:href="#sSpan400" value="ⲧⲁⲗⲉⲡⲣⲟⲥⲫⲟⲣⲁ"/>
		<feat xlink:href="#sSpan406" value="ⲉϩⲣⲁⲓ"/>
		<feat xlink:href="#sSpan410" value="ϩⲛ"/>
		<feat xlink:href="#sSpan414" value="ϭⲉ"/>
		<feat xlink:href="#sSpan417" value="ⲗⲁⲁⲩ"/>
		<feat xlink:href="#sSpan420" value="ⲙ"/>
		<feat xlink:href="#sSpan424" value="ⲙⲁ"/>
		<feat xlink:href="#sSpan426" value="ⲙ"/>
		<feat xlink:href="#sSpan430" value="ⲡⲉⲛ"/>
		<feat xlink:href="#sSpan434" value="ⲕⲱⲧⲉ"/>
		<feat xlink:href="#sSpan436" value="ϩⲛ"/>
		<feat xlink:href="#sSpan441" value="ⲟⲩ"/>
		<feat xlink:href="#sSpan445" value="ϯⲧⲱⲛ"/>
		<feat xlink:href="#sSpan449" value="ⲉⲓⲙⲏⲧⲓ"/>
		<feat xlink:href="#sSpan454" value="ⲉϩⲟⲩⲛ"/>
		<feat xlink:href="#sSpan458" value="ϩⲛ"/>
		<feat xlink:href="#sSpan463" value="ⲛⲉⲛ"/>
		<feat xlink:href="#sSpan467" value="ⲥⲩⲛⲁⲅⲱⲅⲏ"/>
		<feat xlink:href="#sSpan470" value="ⲡ"/>
		<feat xlink:href="#sSpan474" value="ⲙⲁ"/>
		<feat xlink:href="#sSpan476" value="ⲉⲧⲉⲣⲉ"/>
		<feat xlink:href="#sSpan481" value="ⲛⲉ"/>
		<feat xlink:href="#sSpan484" value="ⲥⲛⲏⲩ"/>
		<feat xlink:href="#sSpan486" value="ⲧⲏⲣ"/>
		<feat xlink:href="#sSpan491" value="ⲟⲩ"/>
		<feat xlink:href="#sSpan493" value="ⲥⲟⲟⲩϩ"/>
		<feat xlink:href="#sSpan497" value="ⲛϩⲏⲧ"/>
		<feat xlink:href="#sSpan502" value="ϥ"/>
		<feat xlink:href="#sSpan504" value=":"/>
		<feat xlink:href="#sSpan508" value="ⲙⲛ"/>
		<feat xlink:href="#sSpan515" value="ϩⲣⲁⲓ"/>
		<feat xlink:href="#sSpan517" value="ϩⲙ"/>
		<feat xlink:href="#sSpan521" value="ⲡ"/>
		<feat xlink:href="#sSpan525" value="ⲧⲟⲡⲟⲥ"/>
		<feat xlink:href="#sSpan527" value="ⲙ"/>
		<feat xlink:href="#sSpan532" value="ⲡⲉⲛ"/>
		<feat xlink:href="#sSpan536" value="ⲉⲓⲱⲧ"/>
		<feat xlink:href="#sSpan540" value="ⲡ"/>
		<feat xlink:href="#sSpan546" value="ⲙⲁ"/>
		<feat xlink:href="#sSpan548" value="ⲉⲧⲉⲣⲉ"/>
		<feat xlink:href="#sSpan552" value="ⲧ"/>
		<feat xlink:href="#sSpan556" value="ⲉⲕⲕⲗⲏⲥⲓⲁ"/>
		<feat xlink:href="#sSpan558" value="ⲛϩⲏⲧ"/>
		<feat xlink:href="#sSpan564" value="ϥ"/>
		<feat xlink:href="#sSpan566" value="ϩⲓ"/>
		<feat xlink:href="#sSpan570" value="ⲡ"/>
		<feat xlink:href="#sSpan573" value="ϫⲁⲓⲉ"/>
		<feat xlink:href="#sSpan576" value="ⲉⲩⲉ"/>
		<feat xlink:href="#sSpan581" value="ϣⲱⲡⲉ"/>
		<feat xlink:href="#sSpan586" value="ⲉ"/>
		<feat xlink:href="#sSpan591" value="ⲩ"/>
		<feat xlink:href="#sSpan593" value="ⲥϩⲟⲩⲟⲣⲧ"/>
		<feat xlink:href="#sSpan596" value="ⲡⲉⲛ"/>
		<feat xlink:href="#sSpan605" value="ⲕⲱⲧⲉ"/>
		<feat xlink:href="#sSpan608" value="ⲇⲉ"/>
		<feat xlink:href="#sSpan612" value="ⲡⲉ"/>
		<feat xlink:href="#sSpan617" value="ϫⲓⲛ"/>
		<feat xlink:href="#sSpan621" value="ⲡ"/>
		<feat xlink:href="#sSpan624" value="ⲉⲓⲁ"/>
		<feat xlink:href="#sSpan626" value="ⲉⲧ"/>
		<feat xlink:href="#sSpan631" value="ⲙ"/>
		<feat xlink:href="#sSpan633" value="ⲡⲉ"/>
		<feat xlink:href="#sSpan636" value="ⲙϩⲓⲧ"/>
		<feat xlink:href="#sSpan638" value="ⲛ"/>
		<feat xlink:href="#sSpan643" value="ⲧ"/>
		<feat xlink:href="#sSpan647" value="ⲕⲱⲙⲏ"/>
		<feat xlink:href="#sSpan649" value="ⲛ"/>
		<feat xlink:href="#sSpan653" value="ⲧⲣⲓⲫⲓⲟⲩ"/>
		<feat xlink:href="#sSpan656" value="ϣⲁ"/>
		<feat xlink:href="#sSpan660" value="ⲛ"/>
		<feat xlink:href="#sSpan662" value="ϩⲏⲧ"/>
		<feat xlink:href="#sSpan665" value="ⲉ"/>
		<feat xlink:href="#sSpan669" value="ⲡ"/>
		<feat xlink:href="#sSpan672" value="ⲉⲓⲁ"/>
		<feat xlink:href="#sSpan674" value="ⲉⲧ"/>
		<feat xlink:href="#sSpan678" value="ⲙ"/>
		<feat xlink:href="#sSpan681" value="ⲡ"/>
		<feat xlink:href="#sSpan684" value="ⲣⲏⲥ"/>
		<feat xlink:href="#sSpan686" value="ⲙ"/>
		<feat xlink:href="#sSpan690" value="ⲡ"/>
		<feat xlink:href="#sSpan694" value="ⲏⲓ"/>
		<feat xlink:href="#sSpan696" value="ⲙ"/>
		<feat xlink:href="#sSpan700" value="ⲡⲉⲛ"/>
		<feat xlink:href="#sSpan703" value="ⲉⲓⲱⲧ"/>
		<feat xlink:href="#sSpan706" value="ⲛ"/>
		<feat xlink:href="#sSpan710" value="ϩⲗⲗⲟ"/>
		<feat xlink:href="#sSpan713" value="ⲁⲡⲁ"/>
		<feat xlink:href="#sSpan718" value="ⲡϣⲟⲓ"/>
		<feat xlink:href="#sSpan722" value="ⲡ"/>
		<feat xlink:href="#sSpan727" value="ⲙⲁ"/>
		<feat xlink:href="#sSpan729" value="ⲉ"/>
		<feat xlink:href="#sSpan734" value="ⲛⲉ"/>
		<feat xlink:href="#sSpan736" value="ϥ"/>
		<feat xlink:href="#sSpan738" value="ϣⲟⲟⲡ"/>
		<feat xlink:href="#sSpan740" value="ⲛϩⲏⲧ"/>
		<feat xlink:href="#sSpan745" value="ϥ"/>
		<feat xlink:href="#sSpan747" value="ⲛ"/>
		<feat xlink:href="#sSpan751" value="ϣⲟⲣⲡ"/>
		<feat xlink:href="#sSpan754" value="ϩⲓ"/>
		<feat xlink:href="#sSpan758" value="ⲡ"/>
		<feat xlink:href="#sSpan761" value="ϫⲁⲓⲉ"/>
		<feat xlink:href="#sSpan763" value="."/>
		<feat xlink:href="#sSpan768" value="ⲟⲩⲟⲛ"/>
		<feat xlink:href="#sSpan778" value="ⲇⲉ"/>
		<feat xlink:href="#sSpan782" value="ⲛⲓⲙ"/>
		<feat xlink:href="#sSpan786" value="ⲉⲧ"/>
		<feat xlink:href="#sSpan791" value="ⲛⲁ"/>
		<feat xlink:href="#sSpan793" value="ⲟⲩⲱϩ"/>
		<feat xlink:href="#sSpan795" value="ϩⲓⲧⲟⲩⲱ"/>
		<feat xlink:href="#sSpan800" value="ⲛ"/>
		<feat xlink:href="#sSpan802" value="ⲉⲩⲉ"/>
		<feat xlink:href="#sSpan809" value="ϣⲱⲡⲉ"/>
		<feat xlink:href="#sSpan811" value="ⲉ"/>
		<feat xlink:href="#sSpan815" value="ⲩ"/>
		<feat xlink:href="#sSpan818" value="ⲙⲏⲣ"/>
		<feat xlink:href="#sSpan820" value="ⲉϩⲟⲩⲛ"/>
		<feat xlink:href="#sSpan824" value="ⲉ"/>
		<feat xlink:href="#sSpan828" value="ⲛ"/>
		<feat xlink:href="#sSpan832" value="ⲕⲁⲛⲱⲛ"/>
		<feat xlink:href="#sSpan835" value="ⲉⲧ"/>
		<feat xlink:href="#sSpan839" value="ⲕⲏ"/>
		<feat xlink:href="#sSpan841" value="ⲉϩⲣⲁⲓ"/>
		<feat xlink:href="#sSpan846" value="ⲛ"/>
		<feat xlink:href="#sSpan850" value="ⲛⲉ"/>
		<feat xlink:href="#sSpan853" value="ⲥⲛⲏⲩ"/>
		<feat xlink:href="#sSpan855" value="ⲧⲏⲣ"/>
		<feat xlink:href="#sSpan860" value="ⲟⲩ"/>
		<feat xlink:href="#sSpan862" value="ⲉⲧ"/>
		<feat xlink:href="#sSpan866" value="ⲥⲟⲟⲩϩ"/>
		<feat xlink:href="#sSpan869" value="ⲉϩⲟⲩⲛ"/>
		<feat xlink:href="#sSpan873" value="ϩⲓ"/>
		<feat xlink:href="#sSpan877" value="ⲟⲩ"/>
		<feat xlink:href="#sSpan880" value="ⲥⲟⲡ"/>
		<feat xlink:href="#sSpan883" value="ϥⲧⲟⲟⲩ"/>
		<feat xlink:href="#sSpan892" value="ⲛ"/>
		<feat xlink:href="#sSpan897" value="ⲥⲁⲃⲃⲁⲧⲟⲛ"/>
		<feat xlink:href="#sSpan901" value="ⲧⲉ"/>
		<feat xlink:href="#sSpan906" value="ⲣⲟⲙⲡⲉ"/>
		<feat xlink:href="#sSpan909" value="ⲛⲁⲓ"/>
		<feat xlink:href="#sSpan914" value="ⲉⲛⲧ"/>
		<feat xlink:href="#sSpan918" value="ⲁ"/>
		<feat xlink:href="#sSpan920" value="ⲡⲉⲛ"/>
		<feat xlink:href="#sSpan924" value="ⲉⲓⲱⲧ"/>
		<feat xlink:href="#sSpan926" value="ⲕⲁⲁ"/>
		<feat xlink:href="#sSpan931" value="ⲩ"/>
		<feat xlink:href="#sSpan933" value="ⲛⲁ"/>
		<feat xlink:href="#sSpan937" value="ⲛ"/>
		<feat xlink:href="#sSpan939" value="ⲉϩⲣⲁⲓ"/>
		<feat xlink:href="#sSpan945" value="ⲟⲩⲟⲛ"/>
		<feat xlink:href="#sSpan955" value="ⲛⲓⲙ"/>
		<feat xlink:href="#sSpan959" value="ⲉⲧ"/>
		<feat xlink:href="#sSpan963" value="ϣⲟⲟⲡ"/>
		<feat xlink:href="#sSpan966" value="ϩⲓ"/>
		<feat xlink:href="#sSpan970" value="ⲡ"/>
		<feat xlink:href="#sSpan973" value="ϫⲁⲓⲉ"/>
		<feat xlink:href="#sSpan976" value="ⲙ"/>
		<feat xlink:href="#sSpan980" value="ⲡⲉⲛ"/>
		<feat xlink:href="#sSpan983" value="ⲕⲱⲧⲉ"/>
		<feat xlink:href="#sSpan986" value="ⲉⲩⲉ"/>
		<feat xlink:href="#sSpan990" value="ⲥⲱⲟⲩϩ"/>
		<feat xlink:href="#sSpan993" value="ϩⲱ"/>
		<feat xlink:href="#sSpan997" value="ⲟⲩ"/>
		<feat xlink:href="#sSpan999" value="ⲟⲛ"/>
		<feat xlink:href="#sSpan1003" value="ⲉϩⲟⲩⲛ"/>
		<feat xlink:href="#sSpan1008" value="ⲙⲛ"/>
		<feat xlink:href="#sSpan1012" value="ⲛⲉ"/>
		<feat xlink:href="#sSpan1015" value="ⲥⲛⲏⲩ"/>
		<feat xlink:href="#sSpan1018" value="ⲉ"/>
		<feat xlink:href="#sSpan1022" value="ⲧⲣⲉ"/>
		<feat xlink:href="#sSpan1024" value="ⲩ"/>
		<feat xlink:href="#sSpan1026" value="ⲉⲓ"/>
		<feat xlink:href="#sSpan1029" value="ϩⲓ"/>
		<feat xlink:href="#sSpan1033" value="ⲟⲩ"/>
		<feat xlink:href="#sSpan1035" value="ⲥⲟⲡ"/>
		<feat xlink:href="#sSpan1038" value="ⲭⲱⲣⲓⲥ"/>
		<feat xlink:href="#sSpan1043" value="ϣⲱⲛⲉ"/>
		<feat xlink:href="#sSpan1050" value="ⲟⲩⲟⲛ"/>
		<feat xlink:href="#sSpan1060" value="ⲇⲉ"/>
		<feat xlink:href="#sSpan1064" value="ⲛⲓⲙ"/>
		<feat xlink:href="#sSpan1068" value="ⲉⲧ"/>
		<feat xlink:href="#sSpan1073" value="ⲟⲩⲏϩ"/>
		<feat xlink:href="#sSpan1075" value="ϩⲓ"/>
		<feat xlink:href="#sSpan1079" value="ⲡ"/>
		<feat xlink:href="#sSpan1082" value="ϫⲁⲓⲉ"/>
		<feat xlink:href="#sSpan1085" value="ⲉ"/>
		<feat xlink:href="#sSpan1089" value="ⲛ"/>
		<feat xlink:href="#sSpan1091" value="ϥ"/>
		<feat xlink:href="#sSpan1093" value="ⲛⲁ"/>
		<feat xlink:href="#sSpan1095" value="ⲟⲩⲱϣ"/>
		<feat xlink:href="#sSpan1098" value="ⲁⲛ"/>
		<feat xlink:href="#sSpan1102" value="ⲉ"/>
		<feat xlink:href="#sSpan1106" value="ⲙⲟⲟϣⲉ"/>
		<feat xlink:href="#sSpan1109" value="ⲕⲁⲧⲁ"/>
		<feat xlink:href="#sSpan1113" value="ⲛ"/>
		<feat xlink:href="#sSpan1116" value="ⲧⲱϣ"/>
		<feat xlink:href="#sSpan1119" value="ⲛⲧ"/>
		<feat xlink:href="#sSpan1123" value="ⲁ"/>
		<feat xlink:href="#sSpan1125" value="ⲛⲉⲛ"/>
		<feat xlink:href="#sSpan1128" value="ⲉⲓⲟⲧⲉ"/>
		<feat xlink:href="#sSpan1131" value="ⲕⲁⲁ"/>
		<feat xlink:href="#sSpan1135" value="ⲩ"/>
		<feat xlink:href="#sSpan1137" value="ⲛⲁ"/>
		<feat xlink:href="#sSpan1142" value="ⲛ"/>
		<feat xlink:href="#sSpan1144" value="ⲉϩⲣⲁⲓ"/>
		<feat xlink:href="#sSpan1149" value="ⲉϣⲱⲡⲉ"/>
		<feat xlink:href="#sSpan1157" value="ⲉ"/>
		<feat xlink:href="#sSpan1161" value="ϥ"/>
		<feat xlink:href="#sSpan1163" value="ϩⲛ"/>
		<feat xlink:href="#sSpan1165" value="ⲛⲉⲛ"/>
		<feat xlink:href="#sSpan1171" value="ⲥⲩⲛⲁⲅⲱⲅⲏ"/>
		<feat xlink:href="#sSpan1174" value="ⲉ"/>
		<feat xlink:href="#sSpan1178" value="ⲛ"/>
		<feat xlink:href="#sSpan1180" value="ⲛⲁ"/>
		<feat xlink:href="#sSpan1182" value="ⲛⲟϫ"/>
		<feat xlink:href="#sSpan1184" value="ϥ"/>
		<feat xlink:href="#sSpan1186" value="ⲉⲃⲟⲗ"/>
		<feat xlink:href="#sSpan1191" value="ⲛϩⲏⲧ"/>
		<feat xlink:href="#sSpan1195" value="ⲟⲩ"/>
		<feat xlink:href="#sSpan1197" value="ⲉϣⲱⲡⲉ"/>
		<feat xlink:href="#sSpan1202" value="ⲟⲩ"/>
		<feat xlink:href="#sSpan1207" value="ϩⲟⲟⲩⲧ"/>
		<feat xlink:href="#sSpan1210" value="ⲡⲉ"/>
		<feat xlink:href="#sSpan1212" value="ⲉϣⲱⲡⲉ"/>
		<feat xlink:href="#sSpan1217" value="ⲟⲩ"/>
		<feat xlink:href="#sSpan1222" value="ⲥϩⲓⲙⲉ"/>
		<feat xlink:href="#sSpan1225" value="ⲧⲉ"/>
		<feat xlink:href="#sSpan1230" value="ⲁⲩⲱ"/>
		<feat xlink:href="#sSpan1238" value="ⲉϣⲱⲡⲉ"/>
		<feat xlink:href="#sSpan1242" value="ⲉ"/>
		<feat xlink:href="#sSpan1247" value="ϥ"/>
		<feat xlink:href="#sSpan1249" value="ϩⲓ"/>
		<feat xlink:href="#sSpan1251" value="ⲡ"/>
		<feat xlink:href="#sSpan1254" value="ϫⲁⲓⲉ"/>
		<feat xlink:href="#sSpan1256" value="ⲙ"/>
		<feat xlink:href="#sSpan1260" value="ⲡⲉⲛ"/>
		<feat xlink:href="#sSpan1264" value="ⲕⲱⲧⲉ"/>
		<feat xlink:href="#sSpan1266" value="ⲉ"/>
		<feat xlink:href="#sSpan1270" value="ⲛ"/>
		<feat xlink:href="#sSpan1272" value="ⲛⲁ"/>
		<feat xlink:href="#sSpan1274" value="ⲥⲱⲟⲩϩ"/>
		<feat xlink:href="#sSpan1276" value="ⲛ"/>
		<feat xlink:href="#sSpan1280" value="ⲧⲛ"/>
		<feat xlink:href="#sSpan1283" value="ⲃⲱⲕ"/>
		<feat xlink:href="#sSpan1286" value="ⲉ"/>
		<feat xlink:href="#sSpan1290" value="ⲡ"/>
		<feat xlink:href="#sSpan1293" value="ⲙⲁ"/>
		<feat xlink:href="#sSpan1295" value="ⲉⲧ"/>
		<feat xlink:href="#sSpan1300" value="ϥ"/>
		<feat xlink:href="#sSpan1302" value="ⲛϩⲏⲧ"/>
		<feat xlink:href="#sSpan1304" value="ϥ"/>
		<feat xlink:href="#sSpan1306" value="ⲛ"/>
		<feat xlink:href="#sSpan1310" value="ⲧⲛ"/>
		<feat xlink:href="#sSpan1313" value="ⲛⲟϫ"/>
		<feat xlink:href="#sSpan1315" value="ϥ"/>
		<feat xlink:href="#sSpan1317" value="ⲉⲃⲟⲗ"/>
		<feat xlink:href="#sSpan1321" value="ϩⲓⲧⲟⲩⲱ"/>
		<feat xlink:href="#sSpan1326" value="ⲛ"/>
		<feat xlink:href="#sSpan1329" value="ⲉϣⲱⲡⲉ"/>
		<feat xlink:href="#sSpan1338" value="ⲇⲉ"/>
		<feat xlink:href="#sSpan1342" value="ϩⲛ"/>
		<feat xlink:href="#sSpan1346" value="ⲟⲩ"/>
		<feat xlink:href="#sSpan1351" value="ϯⲧⲱⲛ"/>
		<feat xlink:href="#sSpan1354" value="ⲉϥϣⲁⲛ"/>
		<feat xlink:href="#sSpan1360" value="ϯⲧⲱⲛ"/>
		<feat xlink:href="#sSpan1363" value="ⲉϩⲟⲩⲛ"/>
		<feat xlink:href="#sSpan1368" value="ⲉϩⲣⲁ"/>
		<feat xlink:href="#sSpan1372" value="ⲛ"/>
		<feat xlink:href="#sSpan1374" value="ⲉ"/>
		<feat xlink:href="#sSpan1379" value="ⲛ"/>
		<feat xlink:href="#sSpan1381" value="ⲛⲁ"/>
		<feat xlink:href="#sSpan1383" value="ⲧⲁⲩⲟ"/>
		<feat xlink:href="#sSpan1385" value="ⲉ"/>
		<feat xlink:href="#sSpan1389" value="ⲡ"/>
		<feat xlink:href="#sSpan1392" value="ⲉⲥⲏⲧ"/>
		<feat xlink:href="#sSpan1394" value="ⲙ"/>
		<feat xlink:href="#sSpan1398" value="ⲡ"/>
		<feat xlink:href="#sSpan1401" value="ⲙⲁ"/>
		<feat xlink:href="#sSpan1403" value="ⲉⲧ"/>
		<feat xlink:href="#sSpan1408" value="ϥ"/>
		<feat xlink:href="#sSpan1410" value="ⲟⲩⲏϩ"/>
		<feat xlink:href="#sSpan1412" value="ⲛϩⲏⲧ"/>
		<feat xlink:href="#sSpan1417" value="ϥ"/>
		<feat xlink:href="#sSpan1419" value="ⲛ"/>
		<feat xlink:href="#sSpan1423" value="ⲧⲛ"/>
		<feat xlink:href="#sSpan1425" value="ⲛⲟϫ"/>
		<feat xlink:href="#sSpan1428" value="ϥ"/>
		<feat xlink:href="#sSpan1430" value="ⲉⲃⲟⲗ"/>
		<feat xlink:href="#sSpan1434" value="ⲙⲙⲁⲩ"/>
		<feat xlink:href="#sSpan1439" value="ϩⲛ"/>
		<feat xlink:href="#sSpan1443" value="ⲟⲩ"/>
		<feat xlink:href="#sSpan1446" value="ϩⲧⲟⲣ"/>
		<feat xlink:href="#sSpan1451" value="ⲁⲗⲗⲁ"/>
		<feat xlink:href="#sSpan1459" value="ⲉ"/>
		<feat xlink:href="#sSpan1463" value="ⲛ"/>
		<feat xlink:href="#sSpan1465" value="ⲛⲁ"/>
		<feat xlink:href="#sSpan1467" value="ϩⲁⲣⲉϩ"/>
		<feat xlink:href="#sSpan1469" value="ⲉⲣⲟ"/>
		<feat xlink:href="#sSpan1474" value="ⲛ"/>
		<feat xlink:href="#sSpan1476" value="ⲉ"/>
		<feat xlink:href="#sSpan1480" value="ⲧⲙ"/>
		<feat xlink:href="#sSpan1482" value="ⲧⲣⲉ"/>
		<feat xlink:href="#sSpan1485" value="ⲛ"/>
		<feat xlink:href="#sSpan1487" value="ϩⲓⲟⲩⲉ"/>
		<feat xlink:href="#sSpan1489" value="ⲉⲣⲟ"/>
		<feat xlink:href="#sSpan1494" value="ϥ"/>
		<feat xlink:href="#sSpan1496" value="ⲉⲧⲃⲉ"/>
		<feat xlink:href="#sSpan1501" value="ⲟⲩ"/>
		<feat xlink:href="#sSpan1506" value="ⲁⲫⲟⲣⲙⲏ"/>
		<feat xlink:href="#sSpan1508" value="ⲙⲙⲟ"/>
		<feat xlink:href="#sSpan1513" value="ⲩ"/></featList></paula>