<?xml version='1.0' encoding='UTF-8'?><!DOCTYPE paula SYSTEM "paula_feat.dtd">
<paula version="1.1">
	<header paula_id="scriptorium.AP.004.poemen.65.mark_lb_n"/>
	<featList xmlns:xlink="http://www.w3.org/1999/xlink" type="lb_n" xml:base="scriptorium.AP.004.poemen.65.mark.xml">
		<feat xlink:href="#sSpan6" value="34"/>
		<feat xlink:href="#sSpan32" value="35"/>
		<feat xlink:href="#sSpan54" value="36"/>
		<feat xlink:href="#sSpan85" value="37"/>
		<feat xlink:href="#sSpan107" value="38"/>
		<feat xlink:href="#sSpan134" value="39"/>
		<feat xlink:href="#sSpan157" value="40"/>
		<feat xlink:href="#sSpan183" value="41"/>
		<feat xlink:href="#sSpan209" value="42"/>
		<feat xlink:href="#sSpan226" value="43"/>
		<feat xlink:href="#sSpan245" value="1"/>
		<feat xlink:href="#sSpan266" value="2"/>
		<feat xlink:href="#sSpan283" value="3"/></featList></paula>