<?xml version='1.0' encoding='UTF-8'?><!DOCTYPE paula SYSTEM "paula_feat.dtd">
<paula version="1.1">
	<header paula_id="scriptorium.AP.004.poemen.65.mark_text"/>
	<featList xmlns:xlink="http://www.w3.org/1999/xlink" type="text" xml:base="scriptorium.AP.004.poemen.65.mark.xml">
		<feat xlink:href="#sSpan27" value="ⲁⲡⲁ ⲡⲟⲓⲙⲏⲛ"/>
		<feat xlink:href="#sSpan47" value="ⲟⲩ ⲥⲟⲛ"/>
		<feat xlink:href="#sSpan64" value="ⲁⲡⲁ ⲡⲁⲏⲥⲉ"/>
		<feat xlink:href="#sSpan95" value="ⲡⲁ ϩⲏⲧ"/>
		<feat xlink:href="#sSpan143" value="ⲡ ⲛⲟⲩⲧⲉ"/>
		<feat xlink:href="#sSpan192" value="ⲩ ⲥⲟⲛ ⲉ ϥ ⲣϩⲟⲧⲉ ⲛϩⲏⲧ ϥ ⲙ ⲡ ⲛⲟⲩⲧⲉ"/>
		<feat xlink:href="#sSpan218" value="ⲡ ⲛⲟⲩⲧⲉ"/>
		<feat xlink:href="#sSpan241" value="ⲧ ⲙⲛⲧⲣⲉϥⲣϩⲟⲧⲉ ⲙ ⲡ ⲉⲧ ⲙⲙⲁⲩ"/>
		<feat xlink:href="#sSpan257" value="ⲡ ⲉⲧ ⲙⲙⲁⲩ"/>
		<feat xlink:href="#sSpan294" value="ⲡ ⲛⲟⲩⲧⲉ"/></featList></paula>