<?xml version='1.0' encoding='UTF-8'?><!DOCTYPE paula SYSTEM "paula_feat.dtd">
<paula version="1.1">
	<header paula_id="scriptorium.AP.004.poemen.65.mark_func"/>
	<featList xmlns:xlink="http://www.w3.org/1999/xlink" type="func" xml:base="scriptorium.AP.004.poemen.65.mark.xml">
		<feat xlink:href="#sSpan2" value="aux"/>
		<feat xlink:href="#sSpan13" value="nsubj"/>
		<feat xlink:href="#sSpan15" value="root"/>
		<feat xlink:href="#sSpan17" value="expl"/>
		<feat xlink:href="#sSpan19" value="case"/>
		<feat xlink:href="#sSpan24" value="dislocated"/>
		<feat xlink:href="#sSpan28" value="flat"/>
		<feat xlink:href="#sSpan34" value="punct"/>
		<feat xlink:href="#sSpan38" value="mark"/>
		<feat xlink:href="#sSpan42" value="aux"/>
		<feat xlink:href="#sSpan44" value="det"/>
		<feat xlink:href="#sSpan47" value="nsubj"/>
		<feat xlink:href="#sSpan49" value="ccomp"/>
		<feat xlink:href="#sSpan54" value="expl"/>
		<feat xlink:href="#sSpan56" value="case"/>
		<feat xlink:href="#sSpan61" value="obl"/>
		<feat xlink:href="#sSpan64" value="flat"/>
		<feat xlink:href="#sSpan69" value="punct"/>
		<feat xlink:href="#sSpan73" value="mark"/>
		<feat xlink:href="#sSpan77" value="mark"/>
		<feat xlink:href="#sSpan79" value="nsubj"/>
		<feat xlink:href="#sSpan81" value="aux"/>
		<feat xlink:href="#sSpan84" value="ccomp"/>
		<feat xlink:href="#sSpan86" value="obj"/>
		<feat xlink:href="#sSpan88" value="case"/>
		<feat xlink:href="#sSpan92" value="nmod:poss"/>
		<feat xlink:href="#sSpan95" value="obl"/>
		<feat xlink:href="#sSpan97" value="mark"/>
		<feat xlink:href="#sSpan101" value="nsubj"/>
		<feat xlink:href="#sSpan103" value="advcl"/>
		<feat xlink:href="#sSpan107" value="punct"/>
		<feat xlink:href="#sSpan111" value="advmod"/>
		<feat xlink:href="#sSpan118" value="nsubj"/>
		<feat xlink:href="#sSpan121" value="root"/>
		<feat xlink:href="#sSpan124" value="advmod"/>
		<feat xlink:href="#sSpan128" value="case"/>
		<feat xlink:href="#sSpan133" value="obl"/>
		<feat xlink:href="#sSpan135" value="case"/>
		<feat xlink:href="#sSpan139" value="det"/>
		<feat xlink:href="#sSpan142" value="obl"/>
		<feat xlink:href="#sSpan145" value="punct"/>
		<feat xlink:href="#sSpan150" value="root"/>
		<feat xlink:href="#sSpan158" value="nsubj"/>
		<feat xlink:href="#sSpan160" value="case"/>
		<feat xlink:href="#sSpan164" value="obl"/>
		<feat xlink:href="#sSpan166" value="mark"/>
		<feat xlink:href="#sSpan170" value="ccomp"/>
		<feat xlink:href="#sSpan172" value="aux"/>
		<feat xlink:href="#sSpan176" value="nsubj"/>
		<feat xlink:href="#sSpan178" value="advcl"/>
		<feat xlink:href="#sSpan181" value="obj"/>
		<feat xlink:href="#sSpan183" value="case"/>
		<feat xlink:href="#sSpan187" value="det"/>
		<feat xlink:href="#sSpan190" value="obl"/>
		<feat xlink:href="#sSpan192" value="mark"/>
		<feat xlink:href="#sSpan196" value="nsubj"/>
		<feat xlink:href="#sSpan199" value="acl:relcl"/>
		<feat xlink:href="#sSpan202" value="case"/>
		<feat xlink:href="#sSpan207" value="obl"/>
		<feat xlink:href="#sSpan209" value="case"/>
		<feat xlink:href="#sSpan213" value="det"/>
		<feat xlink:href="#sSpan216" value="obl"/>
		<feat xlink:href="#sSpan219" value="cc"/>
		<feat xlink:href="#sSpan226" value="case"/>
		<feat xlink:href="#sSpan231" value="fixed"/>
		<feat xlink:href="#sSpan235" value="det"/>
		<feat xlink:href="#sSpan239" value="obl"/>
		<feat xlink:href="#sSpan247" value="case"/>
		<feat xlink:href="#sSpan251" value="nmod"/>
		<feat xlink:href="#sSpan254" value="mark"/>
		<feat xlink:href="#sSpan257" value="acl:relcl"/>
		<feat xlink:href="#sSpan260" value="nsubj"/>
		<feat xlink:href="#sSpan265" value="aux"/>
		<feat xlink:href="#sSpan268" value="root"/>
		<feat xlink:href="#sSpan271" value="obl:npmod"/>
		<feat xlink:href="#sSpan275" value="nmod:poss"/>
		<feat xlink:href="#sSpan277" value="case"/>
		<feat xlink:href="#sSpan282" value="obl"/>
		<feat xlink:href="#sSpan284" value="case"/>
		<feat xlink:href="#sSpan288" value="det"/>
		<feat xlink:href="#sSpan291" value="obl"/>
		<feat xlink:href="#sSpan294" value="punct"/></featList></paula>