<?xml version='1.0' encoding='UTF-8'?><!DOCTYPE paula SYSTEM "paula_feat.dtd">
<paula version="1.1">
	<header paula_id="scriptorium.shenoute.crushed.FL83-86.mark_func"/>
	<featList xmlns:xlink="http://www.w3.org/1999/xlink" type="func" xml:base="scriptorium.shenoute.crushed.FL83-86.mark.xml">
		<feat xlink:href="#sSpan1" value="det"/>
		<feat xlink:href="#sSpan14" value="root"/>
		<feat xlink:href="#sSpan16" value="det"/>
		<feat xlink:href="#sSpan21" value="nsubj"/>
		<feat xlink:href="#sSpan23" value="case"/>
		<feat xlink:href="#sSpan27" value="det"/>
		<feat xlink:href="#sSpan30" value="nmod"/>
		<feat xlink:href="#sSpan32" value="det"/>
		<feat xlink:href="#sSpan37" value="conj"/>
		<feat xlink:href="#sSpan39" value="case"/>
		<feat xlink:href="#sSpan43" value="det"/>
		<feat xlink:href="#sSpan46" value="nmod"/>
		<feat xlink:href="#sSpan48" value="det"/>
		<feat xlink:href="#sSpan54" value="conj"/>
		<feat xlink:href="#sSpan56" value="cc"/>
		<feat xlink:href="#sSpan61" value="det"/>
		<feat xlink:href="#sSpan64" value="conj"/>
		<feat xlink:href="#sSpan66" value="case"/>
		<feat xlink:href="#sSpan70" value="det"/>
		<feat xlink:href="#sSpan73" value="nmod"/>
		<feat xlink:href="#sSpan75" value="cc"/>
		<feat xlink:href="#sSpan79" value="det"/>
		<feat xlink:href="#sSpan82" value="conj"/>
		<feat xlink:href="#sSpan84" value="case"/>
		<feat xlink:href="#sSpan88" value="case"/>
		<feat xlink:href="#sSpan92" value="det"/>
		<feat xlink:href="#sSpan95" value="nmod"/>
		<feat xlink:href="#sSpan97" value="case"/>
		<feat xlink:href="#sSpan101" value="nmod"/>
		<feat xlink:href="#sSpan104" value="mark"/>
		<feat xlink:href="#sSpan106" value="acl:relcl"/>
		<feat xlink:href="#sSpan109" value="cc"/>
		<feat xlink:href="#sSpan113" value="conj"/>
		<feat xlink:href="#sSpan119" value="mark"/>
		<feat xlink:href="#sSpan121" value="aux"/>
		<feat xlink:href="#sSpan123" value="acl:relcl"/>
		<feat xlink:href="#sSpan126" value="case"/>
		<feat xlink:href="#sSpan130" value="det"/>
		<feat xlink:href="#sSpan133" value="obj"/>
		<feat xlink:href="#sSpan135" value="case"/>
		<feat xlink:href="#sSpan140" value="nmod"/>
		<feat xlink:href="#sSpan142" value="advmod"/>
		<feat xlink:href="#sSpan146" value="case"/>
		<feat xlink:href="#sSpan150" value="obl"/>
		<feat xlink:href="#sSpan152" value="case"/>
		<feat xlink:href="#sSpan156" value="obl"/>
		<feat xlink:href="#sSpan159" value="det"/>
		<feat xlink:href="#sSpan163" value="case"/>
		<feat xlink:href="#sSpan169" value="det"/>
		<feat xlink:href="#sSpan171" value="root"/>
		<feat xlink:href="#sSpan173" value="advmod"/>
		<feat xlink:href="#sSpan177" value="mark"/>
		<feat xlink:href="#sSpan182" value="nsubj"/>
		<feat xlink:href="#sSpan185" value="aux"/>
		<feat xlink:href="#sSpan188" value="case"/>
		<feat xlink:href="#sSpan192" value="obl"/>
		<feat xlink:href="#sSpan195" value="case"/>
		<feat xlink:href="#sSpan197" value="det"/>
		<feat xlink:href="#sSpan202" value="acl:relcl"/>
		<feat xlink:href="#sSpan204" value="case"/>
		<feat xlink:href="#sSpan208" value="det"/>
		<feat xlink:href="#sSpan211" value="obl"/>
		<feat xlink:href="#sSpan213" value="det"/>
		<feat xlink:href="#sSpan219" value="nsubj"/>
		<feat xlink:href="#sSpan221" value="case"/>
		<feat xlink:href="#sSpan225" value="det"/>
		<feat xlink:href="#sSpan229" value="obl"/>
		<feat xlink:href="#sSpan231" value="det"/>
		<feat xlink:href="#sSpan238" value="nsubj"/>
		<feat xlink:href="#sSpan240" value="case"/>
		<feat xlink:href="#sSpan244" value="det"/>
		<feat xlink:href="#sSpan248" value="nmod"/>
		<feat xlink:href="#sSpan251" value="case"/>
		<feat xlink:href="#sSpan255" value="det"/>
		<feat xlink:href="#sSpan258" value="obl"/>
		<feat xlink:href="#sSpan260" value="case"/>
		<feat xlink:href="#sSpan264" value="nmod"/>
		<feat xlink:href="#sSpan267" value="mark"/>
		<feat xlink:href="#sSpan269" value="acl:relcl"/>
		<feat xlink:href="#sSpan272" value="cc"/>
		<feat xlink:href="#sSpan276" value="conj"/>
		<feat xlink:href="#sSpan281" value="mark"/>
		<feat xlink:href="#sSpan283" value="aux"/>
		<feat xlink:href="#sSpan285" value="acl:relcl"/>
		<feat xlink:href="#sSpan288" value="case"/>
		<feat xlink:href="#sSpan292" value="det"/>
		<feat xlink:href="#sSpan296" value="obj"/>
		<feat xlink:href="#sSpan300" value="advmod"/>
		<feat xlink:href="#sSpan304" value="case"/>
		<feat xlink:href="#sSpan308" value="obl"/>
		<feat xlink:href="#sSpan310" value="case"/>
		<feat xlink:href="#sSpan314" value="obl"/>
		<feat xlink:href="#sSpan317" value="det"/>
		<feat xlink:href="#sSpan321" value="punct"/>
		<feat xlink:href="#sSpan326" value="cc"/>
		<feat xlink:href="#sSpan332" value="root"/>
		<feat xlink:href="#sSpan337" value="case"/>
		<feat xlink:href="#sSpan341" value="det"/>
		<feat xlink:href="#sSpan344" value="obl"/>
		<feat xlink:href="#sSpan346" value="case"/>
		<feat xlink:href="#sSpan350" value="det"/>
		<feat xlink:href="#sSpan352" value="parataxis"/>
		<feat xlink:href="#sSpan356" value="cop"/>
		<feat xlink:href="#sSpan360" value="det"/>
		<feat xlink:href="#sSpan365" value="nsubj"/>
		<feat xlink:href="#sSpan368" value="mark"/>
		<feat xlink:href="#sSpan372" value="ccomp"/>
		<feat xlink:href="#sSpan375" value="cc"/>
		<feat xlink:href="#sSpan379" value="mark"/>
		<feat xlink:href="#sSpan384" value="conj"/>
		<feat xlink:href="#sSpan387" value="case"/>
		<feat xlink:href="#sSpan391" value="obl"/>
		<feat xlink:href="#sSpan396" value="case"/>
		<feat xlink:href="#sSpan400" value="nmod"/>
		<feat xlink:href="#sSpan402" value="case"/>
		<feat xlink:href="#sSpan406" value="det"/>
		<feat xlink:href="#sSpan409" value="obl"/>
		<feat xlink:href="#sSpan412" value="mark"/>
		<feat xlink:href="#sSpan416" value="aux"/>
		<feat xlink:href="#sSpan418" value="nsubj"/>
		<feat xlink:href="#sSpan420" value="advcl"/>
		<feat xlink:href="#sSpan422" value="case"/>
		<feat xlink:href="#sSpan426" value="det"/>
		<feat xlink:href="#sSpan430" value="obl"/>
		<feat xlink:href="#sSpan432" value="case"/>
		<feat xlink:href="#sSpan436" value="nmod"/>
		<feat xlink:href="#sSpan439" value="mark"/>
		<feat xlink:href="#sSpan446" value="aux"/>
		<feat xlink:href="#sSpan448" value="nsubj"/>
		<feat xlink:href="#sSpan450" value="root"/>
		<feat xlink:href="#sSpan454" value="obj"/>
		<feat xlink:href="#sSpan456" value="mark"/>
		<feat xlink:href="#sSpan460" value="nsubj"/>
		<feat xlink:href="#sSpan462" value="advcl"/>
		<feat xlink:href="#sSpan464" value="det"/>
		<feat xlink:href="#sSpan469" value="vocative"/>
		<feat xlink:href="#sSpan471" value="case"/>
		<feat xlink:href="#sSpan475" value="det"/>
		<feat xlink:href="#sSpan478" value="obl"/>
		<feat xlink:href="#sSpan480" value="mark"/>
		<feat xlink:href="#sSpan484" value="aux"/>
		<feat xlink:href="#sSpan486" value="nsubj"/>
		<feat xlink:href="#sSpan488" value="acl:relcl"/>
		<feat xlink:href="#sSpan490" value="advmod"/>
		<feat xlink:href="#sSpan495" value="case"/>
		<feat xlink:href="#sSpan499" value="det"/>
		<feat xlink:href="#sSpan502" value="obl"/>
		<feat xlink:href="#sSpan504" value="det"/>
		<feat xlink:href="#sSpan509" value="appos"/>
		<feat xlink:href="#sSpan511" value="case"/>
		<feat xlink:href="#sSpan515" value="det"/>
		<feat xlink:href="#sSpan519" value="nmod"/>
		<feat xlink:href="#sSpan521" value="mark"/>
		<feat xlink:href="#sSpan525" value="nsubj"/>
		<feat xlink:href="#sSpan527" value="advcl"/>
		<feat xlink:href="#sSpan529" value="advmod"/>
		<feat xlink:href="#sSpan533" value="case"/>
		<feat xlink:href="#sSpan537" value="det"/>
		<feat xlink:href="#sSpan541" value="obl"/>
		<feat xlink:href="#sSpan544" value="cc"/>
		<feat xlink:href="#sSpan548" value="det"/>
		<feat xlink:href="#sSpan553" value="conj"/>
		<feat xlink:href="#sSpan555" value="mark"/>
		<feat xlink:href="#sSpan562" value="mark"/>
		<feat xlink:href="#sSpan564" value="aux"/>
		<feat xlink:href="#sSpan566" value="nsubj"/>
		<feat xlink:href="#sSpan568" value="root"/>
		<feat xlink:href="#sSpan572" value="case"/>
		<feat xlink:href="#sSpan576" value="obl"/>
		<feat xlink:href="#sSpan578" value="advmod"/>
		<feat xlink:href="#sSpan582" value="case"/>
		<feat xlink:href="#sSpan586" value="det"/>
		<feat xlink:href="#sSpan589" value="obl"/>
		<feat xlink:href="#sSpan591" value="mark"/>
		<feat xlink:href="#sSpan595" value="xcomp"/>
		<feat xlink:href="#sSpan597" value="obj"/>
		<feat xlink:href="#sSpan599" value="xcomp"/>
		<feat xlink:href="#sSpan601" value="mark"/>
		<feat xlink:href="#sSpan605" value="det"/>
		<feat xlink:href="#sSpan608" value="nsubj"/>
		<feat xlink:href="#sSpan610" value="case"/>
		<feat xlink:href="#sSpan615" value="nmod"/>
		<feat xlink:href="#sSpan618" value="ccomp"/>
		<feat xlink:href="#sSpan622" value="case"/>
		<feat xlink:href="#sSpan626" value="det"/>
		<feat xlink:href="#sSpan628" value="obl"/>
		<feat xlink:href="#sSpan630" value="mark"/>
		<feat xlink:href="#sSpan634" value="aux"/>
		<feat xlink:href="#sSpan636" value="nsubj"/>
		<feat xlink:href="#sSpan638" value="acl:relcl"/>
		<feat xlink:href="#sSpan640" value="case"/>
		<feat xlink:href="#sSpan644" value="det"/>
		<feat xlink:href="#sSpan647" value="obl"/>
		<feat xlink:href="#sSpan649" value="mark"/>
		<feat xlink:href="#sSpan653" value="nsubj"/>
		<feat xlink:href="#sSpan656" value="advcl"/>
		<feat xlink:href="#sSpan659" value="case"/>
		<feat xlink:href="#sSpan663" value="det"/>
		<feat xlink:href="#sSpan665" value="obl"/>
		<feat xlink:href="#sSpan668" value="case"/>
		<feat xlink:href="#sSpan672" value="det"/>
		<feat xlink:href="#sSpan675" value="nmod"/>
		<feat xlink:href="#sSpan677" value="mark"/>
		<feat xlink:href="#sSpan682" value="aux"/>
		<feat xlink:href="#sSpan684" value="nsubj"/>
		<feat xlink:href="#sSpan686" value="acl:relcl"/>
		<feat xlink:href="#sSpan688" value="obj"/>
		<feat xlink:href="#sSpan690" value="case"/>
		<feat xlink:href="#sSpan694" value="obl"/>
		<feat xlink:href="#sSpan696" value="case"/>
		<feat xlink:href="#sSpan700" value="obl"/>
		<feat xlink:href="#sSpan702" value="mark"/>
		<feat xlink:href="#sSpan706" value="mark"/>
		<feat xlink:href="#sSpan708" value="aux"/>
		<feat xlink:href="#sSpan710" value="det"/>
		<feat xlink:href="#sSpan713" value="nsubj"/>
		<feat xlink:href="#sSpan715" value="ccomp"/>
		<feat xlink:href="#sSpan719" value="advmod"/>
		<feat xlink:href="#sSpan723" value="case"/>
		<feat xlink:href="#sSpan727" value="obl"/>
		<feat xlink:href="#sSpan729" value="mark"/>
		<feat xlink:href="#sSpan733" value="aux"/>
		<feat xlink:href="#sSpan735" value="nsubj"/>
		<feat xlink:href="#sSpan739" value="ccomp"/>
		<feat xlink:href="#sSpan743" value="advmod"/>
		<feat xlink:href="#sSpan747" value="case"/>
		<feat xlink:href="#sSpan751" value="obl"/>
		<feat xlink:href="#sSpan753" value="case"/>
		<feat xlink:href="#sSpan757" value="det"/>
		<feat xlink:href="#sSpan759" value="obl"/>
		<feat xlink:href="#sSpan761" value="mark"/>
		<feat xlink:href="#sSpan765" value="nsubj"/>
		<feat xlink:href="#sSpan767" value="acl:relcl"/>
		<feat xlink:href="#sSpan769" value="case"/>
		<feat xlink:href="#sSpan773" value="obl"/>
		<feat xlink:href="#sSpan775" value="case"/>
		<feat xlink:href="#sSpan779" value="obl"/>
		<feat xlink:href="#sSpan782" value="cc"/>
		<feat xlink:href="#sSpan788" value="mark"/>
		<feat xlink:href="#sSpan792" value="det"/>
		<feat xlink:href="#sSpan795" value="root"/>
		<feat xlink:href="#sSpan797" value="cop"/>
		<feat xlink:href="#sSpan801" value="nsubj"/>
		<feat xlink:href="#sSpan807" value="mark"/>
		<feat xlink:href="#sSpan811" value="aux"/>
		<feat xlink:href="#sSpan813" value="nsubj"/>
		<feat xlink:href="#sSpan815" value="acl:relcl"/>
		<feat xlink:href="#sSpan817" value="case"/>
		<feat xlink:href="#sSpan821" value="det"/>
		<feat xlink:href="#sSpan824" value="obj"/>
		<feat xlink:href="#sSpan826" value="obl"/>
		<feat xlink:href="#sSpan830" value="mark"/>
		<feat xlink:href="#sSpan834" value="nsubj"/>
		<feat xlink:href="#sSpan836" value="acl:relcl"/>
		<feat xlink:href="#sSpan838" value="obj"/>
		<feat xlink:href="#sSpan840" value="mark"/>
		<feat xlink:href="#sSpan844" value="xcomp"/>
		<feat xlink:href="#sSpan846" value="case"/>
		<feat xlink:href="#sSpan850" value="obl"/>
		<feat xlink:href="#sSpan852" value="advmod"/>
		<feat xlink:href="#sSpan856" value="case"/>
		<feat xlink:href="#sSpan860" value="det"/>
		<feat xlink:href="#sSpan863" value="obl"/>
		<feat xlink:href="#sSpan865" value="mark"/>
		<feat xlink:href="#sSpan870" value="aux"/>
		<feat xlink:href="#sSpan872" value="nsubj"/>
		<feat xlink:href="#sSpan874" value="acl:relcl"/>
		<feat xlink:href="#sSpan876" value="obj"/>
		<feat xlink:href="#sSpan878" value="case"/>
		<feat xlink:href="#sSpan882" value="obl"/>
		<feat xlink:href="#sSpan884" value="mark"/>
		<feat xlink:href="#sSpan888" value="ccomp"/>
		<feat xlink:href="#sSpan890" value="cop"/>
		<feat xlink:href="#sSpan894" value="cc"/>
		<feat xlink:href="#sSpan898" value="mark"/>
		<feat xlink:href="#sSpan902" value="case"/>
		<feat xlink:href="#sSpan904" value="conj"/>
		<feat xlink:href="#sSpan907" value="case"/>
		<feat xlink:href="#sSpan911" value="obl"/>
		<feat xlink:href="#sSpan913" value="det"/>
		<feat xlink:href="#sSpan918" value="nmod"/>
		<feat xlink:href="#sSpan920" value="case"/>
		<feat xlink:href="#sSpan924" value="nmod"/>
		<feat xlink:href="#sSpan927" value="case"/>
		<feat xlink:href="#sSpan931" value="det"/>
		<feat xlink:href="#sSpan935" value="obl"/>
		<feat xlink:href="#sSpan937" value="cc"/>
		<feat xlink:href="#sSpan943" value="case"/>
		<feat xlink:href="#sSpan947" value="obl"/>
		<feat xlink:href="#sSpan950" value="mark"/>
		<feat xlink:href="#sSpan954" value="aux"/>
		<feat xlink:href="#sSpan956" value="nsubj"/>
		<feat xlink:href="#sSpan958" value="acl:relcl"/>
		<feat xlink:href="#sSpan960" value="obj"/>
		<feat xlink:href="#sSpan962" value="mark"/>
		<feat xlink:href="#sSpan966" value="case"/>
		<feat xlink:href="#sSpan968" value="det"/>
		<feat xlink:href="#sSpan971" value="obl"/>
		<feat xlink:href="#sSpan973" value="mark"/>
		<feat xlink:href="#sSpan977" value="aux"/>
		<feat xlink:href="#sSpan979" value="nsubj"/>
		<feat xlink:href="#sSpan981" value="acl:relcl"/>
		<feat xlink:href="#sSpan983" value="advmod"/>
		<feat xlink:href="#sSpan987" value="case"/>
		<feat xlink:href="#sSpan991" value="obl"/>
		<feat xlink:href="#sSpan993" value="case"/>
		<feat xlink:href="#sSpan998" value="det"/>
		<feat xlink:href="#sSpan1001" value="obl"/>
		<feat xlink:href="#sSpan1004" value="cc"/>
		<feat xlink:href="#sSpan1008" value="det"/>
		<feat xlink:href="#sSpan1013" value="conj"/>
		<feat xlink:href="#sSpan1015" value="case"/>
		<feat xlink:href="#sSpan1019" value="nmod"/>
		<feat xlink:href="#sSpan1022" value="mark"/>
		<feat xlink:href="#sSpan1026" value="xcomp"/>
		<feat xlink:href="#sSpan1029" value="cc"/>
		<feat xlink:href="#sSpan1033" value="dislocated"/>
		<feat xlink:href="#sSpan1037" value="mark"/>
		<feat xlink:href="#sSpan1041" value="conj"/>
		<feat xlink:href="#sSpan1043" value="det"/>
		<feat xlink:href="#sSpan1046" value="obj"/>
		<feat xlink:href="#sSpan1048" value="case"/>
		<feat xlink:href="#sSpan1052" value="det"/>
		<feat xlink:href="#sSpan1056" value="nmod"/>
		<feat xlink:href="#sSpan1058" value="advmod"/>
		<feat xlink:href="#sSpan1062" value="nsubj"/>
		<feat xlink:href="#sSpan1064" value="case"/>
		<feat xlink:href="#sSpan1068" value="nummod"/>
		<feat xlink:href="#sSpan1071" value="case"/>
		<feat xlink:href="#sSpan1075" value="nmod"/>
		<feat xlink:href="#sSpan1077" value="advmod"/>
		<feat xlink:href="#sSpan1081" value="nsubj"/>
		<feat xlink:href="#sSpan1083" value="aux"/>
		<feat xlink:href="#sSpan1085" value="root"/>
		<feat xlink:href="#sSpan1087" value="advmod"/>
		<feat xlink:href="#sSpan1091" value="advmod"/>
		<feat xlink:href="#sSpan1095" value="advmod"/>
		<feat xlink:href="#sSpan1099" value="punct"/>
		<feat xlink:href="#sSpan1103" value="case"/>
		<feat xlink:href="#sSpan1110" value="root"/>
		<feat xlink:href="#sSpan1112" value="advmod"/>
		<feat xlink:href="#sSpan1118" value="det"/>
		<feat xlink:href="#sSpan1120" value="punct"/>
		<feat xlink:href="#sSpan1125" value="advmod"/>
		<feat xlink:href="#sSpan1131" value="case"/>
		<feat xlink:href="#sSpan1135" value="fixed"/>
		<feat xlink:href="#sSpan1139" value="mark"/>
		<feat xlink:href="#sSpan1143" value="det"/>
		<feat xlink:href="#sSpan1145" value="root"/>
		<feat xlink:href="#sSpan1147" value="case"/>
		<feat xlink:href="#sSpan1152" value="nmod"/>
		<feat xlink:href="#sSpan1154" value="mark"/>
		<feat xlink:href="#sSpan1158" value="aux"/>
		<feat xlink:href="#sSpan1160" value="det"/>
		<feat xlink:href="#sSpan1163" value="nsubj"/>
		<feat xlink:href="#sSpan1165" value="acl:relcl"/>
		<feat xlink:href="#sSpan1171" value="obj"/>
		<feat xlink:href="#sSpan1173" value="case"/>
		<feat xlink:href="#sSpan1177" value="obl"/>
		<feat xlink:href="#sSpan1180" value="case"/>
		<feat xlink:href="#sSpan1185" value="obl"/>
		<feat xlink:href="#sSpan1187" value="case"/>
		<feat xlink:href="#sSpan1191" value="obl"/>
		<feat xlink:href="#sSpan1194" value="det"/>
		<feat xlink:href="#sSpan1198" value="case"/>
		<feat xlink:href="#sSpan1202" value="det"/>
		<feat xlink:href="#sSpan1207" value="obl"/>
		<feat xlink:href="#sSpan1209" value="case"/>
		<feat xlink:href="#sSpan1214" value="nmod"/>
		<feat xlink:href="#sSpan1217" value="mark"/>
		<feat xlink:href="#sSpan1221" value="aux"/>
		<feat xlink:href="#sSpan1223" value="nsubj"/>
		<feat xlink:href="#sSpan1225" value="acl:relcl"/>
		<feat xlink:href="#sSpan1227" value="obj"/>
		<feat xlink:href="#sSpan1229" value="advmod"/>
		<feat xlink:href="#sSpan1233" value="case"/>
		<feat xlink:href="#sSpan1238" value="obl"/>
		<feat xlink:href="#sSpan1240" value="mark"/>
		<feat xlink:href="#sSpan1244" value="advmod"/>
		<feat xlink:href="#sSpan1246" value="xcomp"/>
		<feat xlink:href="#sSpan1248" value="obj"/>
		<feat xlink:href="#sSpan1250" value="case"/>
		<feat xlink:href="#sSpan1255" value="obl"/>
		<feat xlink:href="#sSpan1257" value="case"/>
		<feat xlink:href="#sSpan1261" value="obl"/>
		<feat xlink:href="#sSpan1264" value="cc"/>
		<feat xlink:href="#sSpan1268" value="conj"/>
		<feat xlink:href="#sSpan1274" value="cc"/>
		<feat xlink:href="#sSpan1278" value="conj"/>
		<feat xlink:href="#sSpan1283" value="punct"/>
		<feat xlink:href="#sSpan1287" value="case"/>
		<feat xlink:href="#sSpan1294" value="root"/>
		<feat xlink:href="#sSpan1296" value="case"/>
		<feat xlink:href="#sSpan1300" value="nmod"/>
		<feat xlink:href="#sSpan1303" value="mark"/>
		<feat xlink:href="#sSpan1308" value="det"/>
		<feat xlink:href="#sSpan1310" value="acl:relcl"/>
		<feat xlink:href="#sSpan1313" value="advmod"/>
		<feat xlink:href="#sSpan1317" value="cop"/>
		<feat xlink:href="#sSpan1321" value="det"/>
		<feat xlink:href="#sSpan1328" value="root"/>
		<feat xlink:href="#sSpan1330" value="case"/>
		<feat xlink:href="#sSpan1334" value="nmod"/>
		<feat xlink:href="#sSpan1337" value="mark"/>
		<feat xlink:href="#sSpan1341" value="det"/>
		<feat xlink:href="#sSpan1344" value="nsubj"/>
		<feat xlink:href="#sSpan1346" value="case"/>
		<feat xlink:href="#sSpan1350" value="nmod"/>
		<feat xlink:href="#sSpan1354" value="acl:relcl"/>
		<feat xlink:href="#sSpan1359" value="case"/>
		<feat xlink:href="#sSpan1363" value="obl"/>
		<feat xlink:href="#sSpan1366" value="cc"/>
		<feat xlink:href="#sSpan1371" value="mark"/>
		<feat xlink:href="#sSpan1375" value="nsubj"/>
		<feat xlink:href="#sSpan1377" value="conj"/>
		<feat xlink:href="#sSpan1379" value="case"/>
		<feat xlink:href="#sSpan1383" value="obl"/>
		<feat xlink:href="#sSpan1385" value="case"/>
		<feat xlink:href="#sSpan1389" value="det"/>
		<feat xlink:href="#sSpan1392" value="obl"/>
		<feat xlink:href="#sSpan1394" value="case"/>
		<feat xlink:href="#sSpan1398" value="det"/>
		<feat xlink:href="#sSpan1401" value="nmod"/>
		<feat xlink:href="#sSpan1403" value="mark"/>
		<feat xlink:href="#sSpan1407" value="nsubj"/>
		<feat xlink:href="#sSpan1409" value="acl:relcl"/>
		<feat xlink:href="#sSpan1411" value="mark"/>
		<feat xlink:href="#sSpan1416" value="aux"/>
		<feat xlink:href="#sSpan1418" value="nsubj"/>
		<feat xlink:href="#sSpan1420" value="advcl"/>
		<feat xlink:href="#sSpan1422" value="mark"/>
		<feat xlink:href="#sSpan1426" value="nsubj"/>
		<feat xlink:href="#sSpan1428" value="advcl"/>
		<feat xlink:href="#sSpan1430" value="mark"/>
		<feat xlink:href="#sSpan1434" value="nsubj"/>
		<feat xlink:href="#sSpan1436" value="advcl"/>
		<feat xlink:href="#sSpan1438" value="case"/>
		<feat xlink:href="#sSpan1443" value="obl"/>
		<feat xlink:href="#sSpan1445" value="parataxis"/>
		<feat xlink:href="#sSpan1450" value="advmod"/>
		<feat xlink:href="#sSpan1454" value="case"/>
		<feat xlink:href="#sSpan1458" value="det"/>
		<feat xlink:href="#sSpan1461" value="obj"/>
		<feat xlink:href="#sSpan1463" value="mark"/>
		<feat xlink:href="#sSpan1467" value="case"/>
		<feat xlink:href="#sSpan1469" value="acl:relcl"/>
		<feat xlink:href="#sSpan1471" value="case"/>
		<feat xlink:href="#sSpan1477" value="det"/>
		<feat xlink:href="#sSpan1480" value="root"/>
		<feat xlink:href="#sSpan1482" value="mark"/>
		<feat xlink:href="#sSpan1486" value="aux"/>
		<feat xlink:href="#sSpan1488" value="nsubj"/>
		<feat xlink:href="#sSpan1490" value="acl:relcl"/>
		<feat xlink:href="#sSpan1493" value="case"/>
		<feat xlink:href="#sSpan1497" value="det"/>
		<feat xlink:href="#sSpan1500" value="obj"/>
		<feat xlink:href="#sSpan1502" value="mark"/>
		<feat xlink:href="#sSpan1507" value="aux"/>
		<feat xlink:href="#sSpan1509" value="nsubj"/>
		<feat xlink:href="#sSpan1511" value="advcl"/>
		<feat xlink:href="#sSpan1513" value="case"/>
		<feat xlink:href="#sSpan1518" value="det"/>
		<feat xlink:href="#sSpan1522" value="obj"/>
		<feat xlink:href="#sSpan1524" value="case"/>
		<feat xlink:href="#sSpan1528" value="nmod"/>
		<feat xlink:href="#sSpan1531" value="mark"/>
		<feat xlink:href="#sSpan1533" value="aux"/>
		<feat xlink:href="#sSpan1535" value="nsubj"/>
		<feat xlink:href="#sSpan1538" value="acl:relcl"/>
		<feat xlink:href="#sSpan1541" value="advmod"/>
		<feat xlink:href="#sSpan1545" value="case"/>
		<feat xlink:href="#sSpan1549" value="obl"/>
		<feat xlink:href="#sSpan1551" value="case"/>
		<feat xlink:href="#sSpan1555" value="det"/>
		<feat xlink:href="#sSpan1558" value="obl"/>
		<feat xlink:href="#sSpan1560" value="case"/>
		<feat xlink:href="#sSpan1564" value="det"/>
		<feat xlink:href="#sSpan1567" value="nmod"/>
		<feat xlink:href="#sSpan1569" value="mark"/>
		<feat xlink:href="#sSpan1573" value="aux"/>
		<feat xlink:href="#sSpan1575" value="nsubj"/>
		<feat xlink:href="#sSpan1578" value="ccomp"/>
		<feat xlink:href="#sSpan1582" value="case"/>
		<feat xlink:href="#sSpan1586" value="det"/>
		<feat xlink:href="#sSpan1589" value="obl"/>
		<feat xlink:href="#sSpan1592" value="appos"/>
		<feat xlink:href="#sSpan1596" value="aux"/>
		<feat xlink:href="#sSpan1602" value="nsubj"/>
		<feat xlink:href="#sSpan1604" value="root"/>
		<feat xlink:href="#sSpan1606" value="case"/>
		<feat xlink:href="#sSpan1610" value="obl"/>
		<feat xlink:href="#sSpan1612" value="aux"/>
		<feat xlink:href="#sSpan1616" value="nsubj"/>
		<feat xlink:href="#sSpan1618" value="parataxis"/>
		<feat xlink:href="#sSpan1620" value="obj"/>
		<feat xlink:href="#sSpan1622" value="obj"/>
		<feat xlink:href="#sSpan1624" value="case"/>
		<feat xlink:href="#sSpan1628" value="fixed"/>
		<feat xlink:href="#sSpan1632" value="obl"/>
		<feat xlink:href="#sSpan1634" value="case"/>
		<feat xlink:href="#sSpan1638" value="det"/>
		<feat xlink:href="#sSpan1641" value="obl"/>
		<feat xlink:href="#sSpan1643" value="cop"/>
		<feat xlink:href="#sSpan1648" value="case"/>
		<feat xlink:href="#sSpan1652" value="det"/>
		<feat xlink:href="#sSpan1655" value="nmod"/>
		<feat xlink:href="#sSpan1657" value="cop"/>
		<feat xlink:href="#sSpan1661" value="case"/>
		<feat xlink:href="#sSpan1665" value="det"/>
		<feat xlink:href="#sSpan1669" value="acl:relcl"/>
		<feat xlink:href="#sSpan1672" value="cop"/>
		<feat xlink:href="#sSpan1676" value="aux"/>
		<feat xlink:href="#sSpan1680" value="det"/>
		<feat xlink:href="#sSpan1684" value="nmod"/>
		<feat xlink:href="#sSpan1687" value="cop"/>
		<feat xlink:href="#sSpan1691" value="case"/>
		<feat xlink:href="#sSpan1695" value="det"/>
		<feat xlink:href="#sSpan1698" value="nmod"/>
		<feat xlink:href="#sSpan1700" value="case"/>
		<feat xlink:href="#sSpan1705" value="nmod"/>
		<feat xlink:href="#sSpan1707" value="det"/>
		<feat xlink:href="#sSpan1712" value="appos"/>
		<feat xlink:href="#sSpan1714" value="det"/>
		<feat xlink:href="#sSpan1719" value="appos"/>
		<feat xlink:href="#sSpan1721" value="det"/>
		<feat xlink:href="#sSpan1727" value="appos"/>
		<feat xlink:href="#sSpan1729" value="punct"/>
		<feat xlink:href="#sSpan1734" value="discourse"/>
		<feat xlink:href="#sSpan1741" value="det"/>
		<feat xlink:href="#sSpan1746" value="vocative"/>
		<feat xlink:href="#sSpan1748" value="case"/>
		<feat xlink:href="#sSpan1752" value="nmod"/>
		<feat xlink:href="#sSpan1755" value="mark"/>
		<feat xlink:href="#sSpan1762" value="fixed"/>
		<feat xlink:href="#sSpan1766" value="mark"/>
		<feat xlink:href="#sSpan1768" value="det"/>
		<feat xlink:href="#sSpan1774" value="advcl"/>
		<feat xlink:href="#sSpan1776" value="case"/>
		<feat xlink:href="#sSpan1780" value="nmod"/>
		<feat xlink:href="#sSpan1783" value="cop"/>
		<feat xlink:href="#sSpan1787" value="mark"/>
		<feat xlink:href="#sSpan1793" value="aux"/>
		<feat xlink:href="#sSpan1795" value="det"/>
		<feat xlink:href="#sSpan1798" value="nsubj"/>
		<feat xlink:href="#sSpan1800" value="csubj"/>
		<feat xlink:href="#sSpan1805" value="advmod"/>
		<feat xlink:href="#sSpan1809" value="case"/>
		<feat xlink:href="#sSpan1813" value="det"/>
		<feat xlink:href="#sSpan1817" value="obl"/>
		<feat xlink:href="#sSpan1819" value="case"/>
		<feat xlink:href="#sSpan1824" value="obj"/>
		<feat xlink:href="#sSpan1827" value="mark"/>
		<feat xlink:href="#sSpan1829" value="aux"/>
		<feat xlink:href="#sSpan1831" value="nsubj"/>
		<feat xlink:href="#sSpan1833" value="acl:relcl"/>
		<feat xlink:href="#sSpan1835" value="obj"/>
		<feat xlink:href="#sSpan1837" value="mark"/>
		<feat xlink:href="#sSpan1841" value="nsubj"/>
		<feat xlink:href="#sSpan1843" value="advcl"/>
		<feat xlink:href="#sSpan1846" value="case"/>
		<feat xlink:href="#sSpan1850" value="det"/>
		<feat xlink:href="#sSpan1853" value="obj"/>
		<feat xlink:href="#sSpan1855" value="advmod"/>
		<feat xlink:href="#sSpan1859" value="case"/>
		<feat xlink:href="#sSpan1863" value="obl"/>
		<feat xlink:href="#sSpan1865" value="advmod"/>
		<feat xlink:href="#sSpan1869" value="nsubj"/>
		<feat xlink:href="#sSpan1871" value="aux"/>
		<feat xlink:href="#sSpan1873" value="root"/>
		<feat xlink:href="#sSpan1875" value="advmod"/>
		<feat xlink:href="#sSpan1879" value="advmod"/>
		<feat xlink:href="#sSpan1883" value="case"/>
		<feat xlink:href="#sSpan1888" value="det"/>
		<feat xlink:href="#sSpan1891" value="obj"/>
		<feat xlink:href="#sSpan1893" value="cc"/>
		<feat xlink:href="#sSpan1897" value="det"/>
		<feat xlink:href="#sSpan1900" value="conj"/>
		<feat xlink:href="#sSpan1902" value="case"/>
		<feat xlink:href="#sSpan1906" value="det"/>
		<feat xlink:href="#sSpan1909" value="obl"/>
		<feat xlink:href="#sSpan1911" value="mark"/>
		<feat xlink:href="#sSpan1915" value="aux"/>
		<feat xlink:href="#sSpan1917" value="det"/>
		<feat xlink:href="#sSpan1920" value="nsubj"/>
		<feat xlink:href="#sSpan1922" value="det"/>
		<feat xlink:href="#sSpan1926" value="obl:npmod"/>
		<feat xlink:href="#sSpan1928" value="nsubj"/>
		<feat xlink:href="#sSpan1932" value="acl:relcl"/>
		<feat xlink:href="#sSpan1934" value="case"/>
		<feat xlink:href="#sSpan1938" value="obl"/>
		<feat xlink:href="#sSpan1940" value="advmod"/>
		<feat xlink:href="#sSpan1946" value="det"/>
		<feat xlink:href="#sSpan1952" value="root"/>
		<feat xlink:href="#sSpan1954" value="case"/>
		<feat xlink:href="#sSpan1958" value="nmod"/>
		<feat xlink:href="#sSpan1961" value="case"/>
		<feat xlink:href="#sSpan1965" value="nmod"/>
		<feat xlink:href="#sSpan1967" value="cop"/>
		<feat xlink:href="#sSpan1971" value="case"/>
		<feat xlink:href="#sSpan1975" value="det"/>
		<feat xlink:href="#sSpan1978" value="obl"/>
		<feat xlink:href="#sSpan1980" value="mark"/>
		<feat xlink:href="#sSpan1984" value="nsubj"/>
		<feat xlink:href="#sSpan1986" value="aux"/>
		<feat xlink:href="#sSpan1988" value="acl:relcl"/>
		<feat xlink:href="#sSpan1990" value="advmod"/>
		<feat xlink:href="#sSpan1994" value="mark"/>
		<feat xlink:href="#sSpan1998" value="nsubj"/>
		<feat xlink:href="#sSpan2000" value="obl"/>
		<feat xlink:href="#sSpan2002" value="case"/>
		<feat xlink:href="#sSpan2006" value="obl"/>
		<feat xlink:href="#sSpan2009" value="mark"/>
		<feat xlink:href="#sSpan2011" value="aux"/>
		<feat xlink:href="#sSpan2013" value="acl:relcl"/>
		<feat xlink:href="#sSpan2016" value="case"/>
		<feat xlink:href="#sSpan2020" value="det"/>
		<feat xlink:href="#sSpan2023" value="obl"/>
		<feat xlink:href="#sSpan2025" value="case"/>
		<feat xlink:href="#sSpan2029" value="nmod"/>
		<feat xlink:href="#sSpan2031" value="mark"/>
		<feat xlink:href="#sSpan2035" value="nsubj"/>
		<feat xlink:href="#sSpan2037" value="acl:relcl"/>
		<feat xlink:href="#sSpan2039" value="case"/>
		<feat xlink:href="#sSpan2043" value="obj"/>
		<feat xlink:href="#sSpan2045" value="case"/>
		<feat xlink:href="#sSpan2049" value="obl"/>
		<feat xlink:href="#sSpan2052" value="advmod"/>
		<feat xlink:href="#sSpan2057" value="case"/>
		<feat xlink:href="#sSpan2061" value="det"/>
		<feat xlink:href="#sSpan2065" value="nmod"/>
		<feat xlink:href="#sSpan2068" value="mark"/>
		<feat xlink:href="#sSpan2072" value="nsubj"/>
		<feat xlink:href="#sSpan2074" value="advcl"/>
		<feat xlink:href="#sSpan2076" value="case"/>
		<feat xlink:href="#sSpan2080" value="obj"/>
		<feat xlink:href="#sSpan2082" value="case"/>
		<feat xlink:href="#sSpan2087" value="fixed"/>
		<feat xlink:href="#sSpan2091" value="det"/>
		<feat xlink:href="#sSpan2094" value="obl"/>
		<feat xlink:href="#sSpan2096" value="case"/>
		<feat xlink:href="#sSpan2100" value="nmod"/>
		<feat xlink:href="#sSpan2103" value="mark"/>
		<feat xlink:href="#sSpan2107" value="case"/>
		<feat xlink:href="#sSpan2109" value="det"/>
		<feat xlink:href="#sSpan2113" value="acl:relcl"/>
		<feat xlink:href="#sSpan2116" value="case"/>
		<feat xlink:href="#sSpan2120" value="det"/>
		<feat xlink:href="#sSpan2123" value="nmod"/>
		<feat xlink:href="#sSpan2125" value="case"/>
		<feat xlink:href="#sSpan2130" value="fixed"/>
		<feat xlink:href="#sSpan2134" value="det"/>
		<feat xlink:href="#sSpan2137" value="obl"/>
		<feat xlink:href="#sSpan2139" value="mark"/>
		<feat xlink:href="#sSpan2143" value="aux"/>
		<feat xlink:href="#sSpan2145" value="nsubj"/>
		<feat xlink:href="#sSpan2147" value="acl:relcl"/>
		<feat xlink:href="#sSpan2149" value="det"/>
		<feat xlink:href="#sSpan2154" value="obj"/>
		<feat xlink:href="#sSpan2156" value="mark"/>
		<feat xlink:href="#sSpan2160" value="acl:relcl"/>
		<feat xlink:href="#sSpan2162" value="nsubj"/>
		<feat xlink:href="#sSpan2165" value="mark"/>
		<feat xlink:href="#sSpan2169" value="conj"/>
		<feat xlink:href="#sSpan2171" value="nsubj"/>
		<feat xlink:href="#sSpan2174" value="case"/>
		<feat xlink:href="#sSpan2178" value="obl"/>
		<feat xlink:href="#sSpan2180" value="mark"/>
		<feat xlink:href="#sSpan2184" value="conj"/>
		<feat xlink:href="#sSpan2186" value="nsubj"/>
		<feat xlink:href="#sSpan2190" value="case"/>
		<feat xlink:href="#sSpan2194" value="nmod"/>
		<feat xlink:href="#sSpan2197" value="case"/>
		<feat xlink:href="#sSpan2201" value="obl"/>
		<feat xlink:href="#sSpan2203" value="punct"/>
		<feat xlink:href="#sSpan2207" value="root"/>
		<feat xlink:href="#sSpan2214" value="case"/>
		<feat xlink:href="#sSpan2218" value="det"/>
		<feat xlink:href="#sSpan2221" value="obl"/>
		<feat xlink:href="#sSpan2223" value="aux"/>
		<feat xlink:href="#sSpan2227" value="nsubj"/>
		<feat xlink:href="#sSpan2229" value="advcl"/>
		<feat xlink:href="#sSpan2231" value="obj"/>
		<feat xlink:href="#sSpan2233" value="case"/>
		<feat xlink:href="#sSpan2237" value="obl"/>
		<feat xlink:href="#sSpan2239" value="dislocated"/>
		<feat xlink:href="#sSpan2246" value="mark"/>
		<feat xlink:href="#sSpan2248" value="acl:relcl"/>
		<feat xlink:href="#sSpan2250" value="advmod"/>
		<feat xlink:href="#sSpan2256" value="cc"/>
		<feat xlink:href="#sSpan2260" value="conj"/>
		<feat xlink:href="#sSpan2265" value="mark"/>
		<feat xlink:href="#sSpan2267" value="aux"/>
		<feat xlink:href="#sSpan2269" value="acl:relcl"/>
		<feat xlink:href="#sSpan2271" value="advmod"/>
		<feat xlink:href="#sSpan2275" value="case"/>
		<feat xlink:href="#sSpan2279" value="obl"/>
		<feat xlink:href="#sSpan2281" value="aux"/>
		<feat xlink:href="#sSpan2285" value="nsubj"/>
		<feat xlink:href="#sSpan2287" value="aux"/>
		<feat xlink:href="#sSpan2289" value="root"/>
		<feat xlink:href="#sSpan2291" value="obj"/>
		<feat xlink:href="#sSpan2293" value="case"/>
		<feat xlink:href="#sSpan2297" value="obl"/>
		<feat xlink:href="#sSpan2299" value="advmod"/>
		<feat xlink:href="#sSpan2303" value="det"/>
		<feat xlink:href="#sSpan2305" value="mark"/>
		<feat xlink:href="#sSpan2311" value="det"/>
		<feat xlink:href="#sSpan2315" value="root"/>
		<feat xlink:href="#sSpan2318" value="cop"/>
		<feat xlink:href="#sSpan2323" value="cc"/>
		<feat xlink:href="#sSpan2327" value="mark"/>
		<feat xlink:href="#sSpan2331" value="det"/>
		<feat xlink:href="#sSpan2335" value="conj"/>
		<feat xlink:href="#sSpan2337" value="cop"/>
		<feat xlink:href="#sSpan2342" value="cc"/>
		<feat xlink:href="#sSpan2346" value="mark"/>
		<feat xlink:href="#sSpan2350" value="aux"/>
		<feat xlink:href="#sSpan2352" value="nsubj"/>
		<feat xlink:href="#sSpan2354" value="conj"/>
		<feat xlink:href="#sSpan2357" value="advmod"/>
		<feat xlink:href="#sSpan2361" value="case"/>
		<feat xlink:href="#sSpan2365" value="det"/>
		<feat xlink:href="#sSpan2368" value="obl"/>
		<feat xlink:href="#sSpan2371" value="cc"/>
		<feat xlink:href="#sSpan2375" value="mark"/>
		<feat xlink:href="#sSpan2379" value="aux"/>
		<feat xlink:href="#sSpan2382" value="nsubj"/>
		<feat xlink:href="#sSpan2384" value="conj"/>
		<feat xlink:href="#sSpan2386" value="case"/>
		<feat xlink:href="#sSpan2390" value="det"/>
		<feat xlink:href="#sSpan2393" value="obj"/>
		<feat xlink:href="#sSpan2396" value="punct"/></featList></paula>