<?xml version='1.0' encoding='UTF-8'?><!DOCTYPE paula SYSTEM "paula_feat.dtd">
<paula version="1.1">
	<header paula_id="scriptorium.1Cor_02.mark_pos"/>
	<featList xmlns:xlink="http://www.w3.org/1999/xlink" type="pos" xml:base="scriptorium.1Cor_02.mark.xml">
		<feat xlink:href="#sSpan1" value="PPERI"/>
		<feat xlink:href="#sSpan14" value="PTC"/>
		<feat xlink:href="#sSpan18" value="IMOD_PPERO"/>
		<feat xlink:href="#sSpan22" value="APREC"/>
		<feat xlink:href="#sSpan26" value="PPERS"/>
		<feat xlink:href="#sSpan28" value="V"/>
		<feat xlink:href="#sSpan30" value="PREP"/>
		<feat xlink:href="#sSpan34" value="PPERO"/>
		<feat xlink:href="#sSpan36" value="PPOS"/>
		<feat xlink:href="#sSpan41" value="N"/>
		<feat xlink:href="#sSpan43" value="CFOC"/>
		<feat xlink:href="#sSpan47" value="APST"/>
		<feat xlink:href="#sSpan49" value="PPERS"/>
		<feat xlink:href="#sSpan51" value="V"/>
		<feat xlink:href="#sSpan53" value="PREP"/>
		<feat xlink:href="#sSpan57" value="ART"/>
		<feat xlink:href="#sSpan60" value="V"/>
		<feat xlink:href="#sSpan62" value="NEG"/>
		<feat xlink:href="#sSpan66" value="PREP"/>
		<feat xlink:href="#sSpan70" value="N"/>
		<feat xlink:href="#sSpan74" value="CONJ"/>
		<feat xlink:href="#sSpan78" value="ART"/>
		<feat xlink:href="#sSpan83" value="N"/>
		<feat xlink:href="#sSpan86" value="CCIRC"/>
		<feat xlink:href="#sSpan90" value="PPERS"/>
		<feat xlink:href="#sSpan92" value="V"/>
		<feat xlink:href="#sSpan94" value="PREP"/>
		<feat xlink:href="#sSpan98" value="PPERO"/>
		<feat xlink:href="#sSpan100" value="PREP"/>
		<feat xlink:href="#sSpan104" value="ART"/>
		<feat xlink:href="#sSpan108" value="N"/>
		<feat xlink:href="#sSpan111" value="PREP"/>
		<feat xlink:href="#sSpan115" value="ART"/>
		<feat xlink:href="#sSpan118" value="N"/>
		<feat xlink:href="#sSpan120" value="PUNCT"/>
		<feat xlink:href="#sSpan124" value="ANEGPST"/>
		<feat xlink:href="#sSpan134" value="PPERS"/>
		<feat xlink:href="#sSpan136" value="V"/>
		<feat xlink:href="#sSpan139" value="PTC"/>
		<feat xlink:href="#sSpan143" value="CONJ"/>
		<feat xlink:href="#sSpan147" value="PPERS"/>
		<feat xlink:href="#sSpan149" value="V"/>
		<feat xlink:href="#sSpan151" value="PREP"/>
		<feat xlink:href="#sSpan155" value="N"/>
		<feat xlink:href="#sSpan158" value="PREP"/>
		<feat xlink:href="#sSpan162" value="PPERO"/>
		<feat xlink:href="#sSpan164" value="PREP"/>
		<feat xlink:href="#sSpan169" value="NPROP"/>
		<feat xlink:href="#sSpan172" value="ART"/>
		<feat xlink:href="#sSpan177" value="N"/>
		<feat xlink:href="#sSpan179" value="CONJ"/>
		<feat xlink:href="#sSpan183" value="PDEM"/>
		<feat xlink:href="#sSpan187" value="CCIRC"/>
		<feat xlink:href="#sSpan192" value="APST"/>
		<feat xlink:href="#sSpan194" value="PPERS"/>
		<feat xlink:href="#sSpan197" value="V"/>
		<feat xlink:href="#sSpan199" value="PREP"/>
		<feat xlink:href="#sSpan203" value="PPERO"/>
		<feat xlink:href="#sSpan205" value="PUNCT"/>
		<feat xlink:href="#sSpan209" value="PPERI"/>
		<feat xlink:href="#sSpan218" value="IMOD"/>
		<feat xlink:href="#sSpan222" value="CFOC"/>
		<feat xlink:href="#sSpan226" value="APST"/>
		<feat xlink:href="#sSpan228" value="PPERS"/>
		<feat xlink:href="#sSpan230" value="V"/>
		<feat xlink:href="#sSpan232" value="PREP"/>
		<feat xlink:href="#sSpan236" value="PPERO"/>
		<feat xlink:href="#sSpan238" value="PREP"/>
		<feat xlink:href="#sSpan243" value="ART"/>
		<feat xlink:href="#sSpan249" value="N"/>
		<feat xlink:href="#sSpan251" value="PUNCT"/>
		<feat xlink:href="#sSpan255" value="PREP"/>
		<feat xlink:href="#sSpan259" value="ART"/>
		<feat xlink:href="#sSpan262" value="N"/>
		<feat xlink:href="#sSpan264" value="PUNCT"/>
		<feat xlink:href="#sSpan268" value="PREP"/>
		<feat xlink:href="#sSpan272" value="ART"/>
		<feat xlink:href="#sSpan275" value="V"/>
		<feat xlink:href="#sSpan277" value="CREL"/>
		<feat xlink:href="#sSpan281" value="VBD"/>
		<feat xlink:href="#sSpan283" value="PPERS"/>
		<feat xlink:href="#sSpan285" value="PUNCT"/>
		<feat xlink:href="#sSpan289" value="CONJ"/>
		<feat xlink:href="#sSpan299" value="PPOS"/>
		<feat xlink:href="#sSpan304" value="N"/>
		<feat xlink:href="#sSpan306" value="PREP"/>
		<feat xlink:href="#sSpan310" value="PPOS"/>
		<feat xlink:href="#sSpan314" value="N"/>
		<feat xlink:href="#sSpan317" value="CFOC"/>
		<feat xlink:href="#sSpan321" value="APST"/>
		<feat xlink:href="#sSpan323" value="PPERS"/>
		<feat xlink:href="#sSpan325" value="V"/>
		<feat xlink:href="#sSpan327" value="NEG"/>
		<feat xlink:href="#sSpan331" value="PREP"/>
		<feat xlink:href="#sSpan335" value="ART"/>
		<feat xlink:href="#sSpan339" value="N"/>
		<feat xlink:href="#sSpan341" value="PREP"/>
		<feat xlink:href="#sSpan346" value="N"/>
		<feat xlink:href="#sSpan349" value="PREP"/>
		<feat xlink:href="#sSpan353" value="N"/>
		<feat xlink:href="#sSpan356" value="PUNCT"/>
		<feat xlink:href="#sSpan361" value="CONJ"/>
		<feat xlink:href="#sSpan365" value="PREP"/>
		<feat xlink:href="#sSpan369" value="ART"/>
		<feat xlink:href="#sSpan372" value="N"/>
		<feat xlink:href="#sSpan375" value="ADV"/>
		<feat xlink:href="#sSpan379" value="PREP"/>
		<feat xlink:href="#sSpan384" value="N"/>
		<feat xlink:href="#sSpan387" value="PREP"/>
		<feat xlink:href="#sSpan391" value="N"/>
		<feat xlink:href="#sSpan394" value="PUNCT"/>
		<feat xlink:href="#sSpan398" value="CONJ"/>
		<feat xlink:href="#sSpan407" value="ANEGOPT"/>
		<feat xlink:href="#sSpan411" value="PPOS"/>
		<feat xlink:href="#sSpan415" value="N"/>
		<feat xlink:href="#sSpan417" value="V"/>
		<feat xlink:href="#sSpan421" value="PREP"/>
		<feat xlink:href="#sSpan425" value="ART"/>
		<feat xlink:href="#sSpan429" value="N"/>
		<feat xlink:href="#sSpan431" value="PREP"/>
		<feat xlink:href="#sSpan436" value="N"/>
		<feat xlink:href="#sSpan439" value="PREP"/>
		<feat xlink:href="#sSpan443" value="N"/>
		<feat xlink:href="#sSpan446" value="CONJ"/>
		<feat xlink:href="#sSpan450" value="PREP"/>
		<feat xlink:href="#sSpan454" value="ART"/>
		<feat xlink:href="#sSpan457" value="N"/>
		<feat xlink:href="#sSpan459" value="PREP"/>
		<feat xlink:href="#sSpan463" value="ART"/>
		<feat xlink:href="#sSpan466" value="N"/>
		<feat xlink:href="#sSpan468" value="PUNCT"/>
		<feat xlink:href="#sSpan472" value="CFOC"/>
		<feat xlink:href="#sSpan481" value="PPERS"/>
		<feat xlink:href="#sSpan483" value="V"/>
		<feat xlink:href="#sSpan486" value="PTC"/>
		<feat xlink:href="#sSpan490" value="PREP"/>
		<feat xlink:href="#sSpan494" value="ART"/>
		<feat xlink:href="#sSpan498" value="N"/>
		<feat xlink:href="#sSpan500" value="PREP"/>
		<feat xlink:href="#sSpan504" value="ART"/>
		<feat xlink:href="#sSpan508" value="N"/>
		<feat xlink:href="#sSpan510" value="ART"/>
		<feat xlink:href="#sSpan516" value="N"/>
		<feat xlink:href="#sSpan519" value="PTC"/>
		<feat xlink:href="#sSpan523" value="CCIRC"/>
		<feat xlink:href="#sSpan527" value="NEG"/>
		<feat xlink:href="#sSpan529" value="PPOS"/>
		<feat xlink:href="#sSpan532" value="PDEM"/>
		<feat xlink:href="#sSpan536" value="N"/>
		<feat xlink:href="#sSpan538" value="NEG"/>
		<feat xlink:href="#sSpan542" value="COP"/>
		<feat xlink:href="#sSpan547" value="CONJ"/>
		<feat xlink:href="#sSpan551" value="NEG"/>
		<feat xlink:href="#sSpan555" value="PPOS"/>
		<feat xlink:href="#sSpan558" value="ART"/>
		<feat xlink:href="#sSpan561" value="N"/>
		<feat xlink:href="#sSpan564" value="NEG"/>
		<feat xlink:href="#sSpan568" value="COP"/>
		<feat xlink:href="#sSpan572" value="PREP"/>
		<feat xlink:href="#sSpan576" value="PDEM"/>
		<feat xlink:href="#sSpan580" value="N"/>
		<feat xlink:href="#sSpan582" value="PDEM"/>
		<feat xlink:href="#sSpan586" value="CREL"/>
		<feat xlink:href="#sSpan590" value="FUT"/>
		<feat xlink:href="#sSpan592" value="V"/>
		<feat xlink:href="#sSpan594" value="PUNCT"/>
		<feat xlink:href="#sSpan599" value="CONJ"/>
		<feat xlink:href="#sSpan609" value="CFOC"/>
		<feat xlink:href="#sSpan613" value="PPERS"/>
		<feat xlink:href="#sSpan615" value="V"/>
		<feat xlink:href="#sSpan617" value="PREP"/>
		<feat xlink:href="#sSpan621" value="ART"/>
		<feat xlink:href="#sSpan625" value="N"/>
		<feat xlink:href="#sSpan627" value="PREP"/>
		<feat xlink:href="#sSpan631" value="ART"/>
		<feat xlink:href="#sSpan634" value="N"/>
		<feat xlink:href="#sSpan636" value="PREP"/>
		<feat xlink:href="#sSpan640" value="ART"/>
		<feat xlink:href="#sSpan644" value="N"/>
		<feat xlink:href="#sSpan646" value="PUNCT"/>
		<feat xlink:href="#sSpan650" value="PDEM"/>
		<feat xlink:href="#sSpan655" value="CREL"/>
		<feat xlink:href="#sSpan659" value="VSTAT"/>
		<feat xlink:href="#sSpan661" value="ART"/>
		<feat xlink:href="#sSpan665" value="CREL"/>
		<feat xlink:href="#sSpan667" value="APST"/>
		<feat xlink:href="#sSpan669" value="ART"/>
		<feat xlink:href="#sSpan672" value="N"/>
		<feat xlink:href="#sSpan674" value="V"/>
		<feat xlink:href="#sSpan678" value="PPERO"/>
		<feat xlink:href="#sSpan680" value="ADV"/>
		<feat xlink:href="#sSpan685" value="PREP"/>
		<feat xlink:href="#sSpan689" value="ART"/>
		<feat xlink:href="#sSpan692" value="N"/>
		<feat xlink:href="#sSpan694" value="PREP"/>
		<feat xlink:href="#sSpan698" value="ART"/>
		<feat xlink:href="#sSpan702" value="N"/>
		<feat xlink:href="#sSpan704" value="PREP"/>
		<feat xlink:href="#sSpan708" value="PPOS"/>
		<feat xlink:href="#sSpan711" value="N"/>
		<feat xlink:href="#sSpan713" value="PUNCT"/>
		<feat xlink:href="#sSpan717" value="PDEM"/>
		<feat xlink:href="#sSpan727" value="CREL"/>
		<feat xlink:href="#sSpan731" value="ANEGPST"/>
		<feat xlink:href="#sSpan733" value="N"/>
		<feat xlink:href="#sSpan736" value="PREP"/>
		<feat xlink:href="#sSpan741" value="N"/>
		<feat xlink:href="#sSpan743" value="PREP"/>
		<feat xlink:href="#sSpan747" value="PDEM"/>
		<feat xlink:href="#sSpan751" value="N"/>
		<feat xlink:href="#sSpan753" value="V"/>
		<feat xlink:href="#sSpan757" value="PPERO"/>
		<feat xlink:href="#sSpan759" value="PUNCT"/>
		<feat xlink:href="#sSpan763" value="CONJ"/>
		<feat xlink:href="#sSpan767" value="CFOC"/>
		<feat xlink:href="#sSpan769" value="APST"/>
		<feat xlink:href="#sSpan771" value="PPERS"/>
		<feat xlink:href="#sSpan773" value="V"/>
		<feat xlink:href="#sSpan775" value="PPERO"/>
		<feat xlink:href="#sSpan778" value="PTC"/>
		<feat xlink:href="#sSpan782" value="CPRET"/>
		<feat xlink:href="#sSpan786" value="PPERS"/>
		<feat xlink:href="#sSpan788" value="FUT"/>
		<feat xlink:href="#sSpan791" value="V"/>
		<feat xlink:href="#sSpan793" value="NEG"/>
		<feat xlink:href="#sSpan797" value="COP"/>
		<feat xlink:href="#sSpan801" value="PREP"/>
		<feat xlink:href="#sSpan805" value="ART"/>
		<feat xlink:href="#sSpan808" value="N"/>
		<feat xlink:href="#sSpan810" value="PREP"/>
		<feat xlink:href="#sSpan814" value="ART"/>
		<feat xlink:href="#sSpan817" value="N"/>
		<feat xlink:href="#sSpan819" value="PUNCT"/>
		<feat xlink:href="#sSpan824" value="CONJ"/>
		<feat xlink:href="#sSpan835" value="PREP"/>
		<feat xlink:href="#sSpan839" value="ART"/>
		<feat xlink:href="#sSpan841" value="N"/>
		<feat xlink:href="#sSpan843" value="CREL"/>
		<feat xlink:href="#sSpan847" value="VSTAT"/>
		<feat xlink:href="#sSpan849" value="CONJ"/>
		<feat xlink:href="#sSpan853" value="ART"/>
		<feat xlink:href="#sSpan856" value="CREL"/>
		<feat xlink:href="#sSpan858" value="ANEGPST"/>
		<feat xlink:href="#sSpan860" value="N"/>
		<feat xlink:href="#sSpan863" value="V"/>
		<feat xlink:href="#sSpan867" value="PREP"/>
		<feat xlink:href="#sSpan871" value="PPERO"/>
		<feat xlink:href="#sSpan873" value="PUNCT"/>
		<feat xlink:href="#sSpan877" value="ART"/>
		<feat xlink:href="#sSpan881" value="CREL"/>
		<feat xlink:href="#sSpan883" value="ANEGPST"/>
		<feat xlink:href="#sSpan885" value="N"/>
		<feat xlink:href="#sSpan888" value="V"/>
		<feat xlink:href="#sSpan892" value="PPERO"/>
		<feat xlink:href="#sSpan894" value="PUNCT"/>
		<feat xlink:href="#sSpan898" value="ART"/>
		<feat xlink:href="#sSpan902" value="CREL"/>
		<feat xlink:href="#sSpan904" value="ANEGPST"/>
		<feat xlink:href="#sSpan906" value="PPERS"/>
		<feat xlink:href="#sSpan908" value="V"/>
		<feat xlink:href="#sSpan911" value="ADV"/>
		<feat xlink:href="#sSpan915" value="PREP"/>
		<feat xlink:href="#sSpan919" value="ART"/>
		<feat xlink:href="#sSpan922" value="N"/>
		<feat xlink:href="#sSpan924" value="PREP"/>
		<feat xlink:href="#sSpan928" value="N"/>
		<feat xlink:href="#sSpan931" value="PDEM"/>
		<feat xlink:href="#sSpan935" value="CREL"/>
		<feat xlink:href="#sSpan939" value="APST"/>
		<feat xlink:href="#sSpan941" value="ART"/>
		<feat xlink:href="#sSpan944" value="N"/>
		<feat xlink:href="#sSpan946" value="V"/>
		<feat xlink:href="#sSpan950" value="PPERO"/>
		<feat xlink:href="#sSpan952" value="PREP"/>
		<feat xlink:href="#sSpan956" value="ART"/>
		<feat xlink:href="#sSpan959" value="CREL"/>
		<feat xlink:href="#sSpan961" value="V"/>
		<feat xlink:href="#sSpan963" value="PREP"/>
		<feat xlink:href="#sSpan967" value="PPERO"/>
		<feat xlink:href="#sSpan969" value="PUNCT"/>
		<feat xlink:href="#sSpan973" value="APST"/>
		<feat xlink:href="#sSpan983" value="ART"/>
		<feat xlink:href="#sSpan986" value="N"/>
		<feat xlink:href="#sSpan989" value="PTC"/>
		<feat xlink:href="#sSpan993" value="V"/>
		<feat xlink:href="#sSpan997" value="PPERO"/>
		<feat xlink:href="#sSpan999" value="PREP"/>
		<feat xlink:href="#sSpan1003" value="PPERO"/>
		<feat xlink:href="#sSpan1005" value="ADV"/>
		<feat xlink:href="#sSpan1009" value="PREP"/>
		<feat xlink:href="#sSpan1013" value="ART"/>
		<feat xlink:href="#sSpan1017" value="N"/>
		<feat xlink:href="#sSpan1019" value="PUNCT"/>
		<feat xlink:href="#sSpan1023" value="ART"/>
		<feat xlink:href="#sSpan1029" value="N"/>
		<feat xlink:href="#sSpan1032" value="PTC"/>
		<feat xlink:href="#sSpan1036" value="V"/>
		<feat xlink:href="#sSpan1040" value="PREP"/>
		<feat xlink:href="#sSpan1044" value="N"/>
		<feat xlink:href="#sSpan1048" value="PINT"/>
		<feat xlink:href="#sSpan1052" value="CONJ"/>
		<feat xlink:href="#sSpan1056" value="ART"/>
		<feat xlink:href="#sSpan1061" value="CREL"/>
		<feat xlink:href="#sSpan1063" value="VSTAT"/>
		<feat xlink:href="#sSpan1065" value="PREP"/>
		<feat xlink:href="#sSpan1069" value="ART"/>
		<feat xlink:href="#sSpan1072" value="N"/>
		<feat xlink:href="#sSpan1074" value="PUNCT"/>
		<feat xlink:href="#sSpan1078" value="PINT"/>
		<feat xlink:href="#sSpan1090" value="PTC"/>
		<feat xlink:href="#sSpan1094" value="ART"/>
		<feat xlink:href="#sSpan1098" value="N"/>
		<feat xlink:href="#sSpan1100" value="COP"/>
		<feat xlink:href="#sSpan1104" value="CREL"/>
		<feat xlink:href="#sSpan1106" value="V"/>
		<feat xlink:href="#sSpan1108" value="PREP"/>
		<feat xlink:href="#sSpan1112" value="PPOS"/>
		<feat xlink:href="#sSpan1115" value="ART"/>
		<feat xlink:href="#sSpan1118" value="N"/>
		<feat xlink:href="#sSpan1121" value="CONJ"/>
		<feat xlink:href="#sSpan1125" value="ART"/>
		<feat xlink:href="#sSpan1131" value="N"/>
		<feat xlink:href="#sSpan1133" value="PREP"/>
		<feat xlink:href="#sSpan1137" value="ART"/>
		<feat xlink:href="#sSpan1140" value="N"/>
		<feat xlink:href="#sSpan1142" value="CREL"/>
		<feat xlink:href="#sSpan1146" value="PREP"/>
		<feat xlink:href="#sSpan1148" value="PPERO"/>
		<feat xlink:href="#sSpan1150" value="PUNCT"/>
		<feat xlink:href="#sSpan1154" value="PDEM"/>
		<feat xlink:href="#sSpan1159" value="ADV"/>
		<feat xlink:href="#sSpan1163" value="COP"/>
		<feat xlink:href="#sSpan1167" value="ART"/>
		<feat xlink:href="#sSpan1172" value="N"/>
		<feat xlink:href="#sSpan1174" value="PREP"/>
		<feat xlink:href="#sSpan1178" value="PPOS"/>
		<feat xlink:href="#sSpan1181" value="ART"/>
		<feat xlink:href="#sSpan1184" value="N"/>
		<feat xlink:href="#sSpan1186" value="ANEGPST"/>
		<feat xlink:href="#sSpan1190" value="N"/>
		<feat xlink:href="#sSpan1193" value="V"/>
		<feat xlink:href="#sSpan1197" value="PPERO"/>
		<feat xlink:href="#sSpan1199" value="PREP"/>
		<feat xlink:href="#sSpan1203" value="ART"/>
		<feat xlink:href="#sSpan1207" value="N"/>
		<feat xlink:href="#sSpan1209" value="PREP"/>
		<feat xlink:href="#sSpan1213" value="ART"/>
		<feat xlink:href="#sSpan1216" value="N"/>
		<feat xlink:href="#sSpan1218" value="PUNCT"/>
		<feat xlink:href="#sSpan1222" value="PPERI"/>
		<feat xlink:href="#sSpan1232" value="PTC"/>
		<feat xlink:href="#sSpan1236" value="CREL"/>
		<feat xlink:href="#sSpan1240" value="APST"/>
		<feat xlink:href="#sSpan1242" value="PPERS"/>
		<feat xlink:href="#sSpan1244" value="V"/>
		<feat xlink:href="#sSpan1246" value="NEG"/>
		<feat xlink:href="#sSpan1250" value="PREP"/>
		<feat xlink:href="#sSpan1254" value="ART"/>
		<feat xlink:href="#sSpan1258" value="N"/>
		<feat xlink:href="#sSpan1260" value="PREP"/>
		<feat xlink:href="#sSpan1264" value="ART"/>
		<feat xlink:href="#sSpan1268" value="N"/>
		<feat xlink:href="#sSpan1270" value="PUNCT"/>
		<feat xlink:href="#sSpan1275" value="CONJ"/>
		<feat xlink:href="#sSpan1279" value="ART"/>
		<feat xlink:href="#sSpan1285" value="N"/>
		<feat xlink:href="#sSpan1287" value="ART"/>
		<feat xlink:href="#sSpan1291" value="ADV"/>
		<feat xlink:href="#sSpan1293" value="PREP"/>
		<feat xlink:href="#sSpan1297" value="ART"/>
		<feat xlink:href="#sSpan1300" value="N"/>
		<feat xlink:href="#sSpan1302" value="PUNCT"/>
		<feat xlink:href="#sSpan1306" value="CONJ"/>
		<feat xlink:href="#sSpan1310" value="AOPT_PPERS"/>
		<feat xlink:href="#sSpan1314" value="V"/>
		<feat xlink:href="#sSpan1316" value="PREP"/>
		<feat xlink:href="#sSpan1320" value="ART"/>
		<feat xlink:href="#sSpan1323" value="CREL"/>
		<feat xlink:href="#sSpan1325" value="APST"/>
		<feat xlink:href="#sSpan1327" value="ART"/>
		<feat xlink:href="#sSpan1330" value="N"/>
		<feat xlink:href="#sSpan1333" value="V"/>
		<feat xlink:href="#sSpan1337" value="PREP"/>
		<feat xlink:href="#sSpan1341" value="PPERO"/>
		<feat xlink:href="#sSpan1343" value="PREP"/>
		<feat xlink:href="#sSpan1347" value="PPERO"/>
		<feat xlink:href="#sSpan1349" value="PUNCT"/>
		<feat xlink:href="#sSpan1353" value="CREL"/>
		<feat xlink:href="#sSpan1363" value="PDEM"/>
		<feat xlink:href="#sSpan1366" value="COP"/>
		<feat xlink:href="#sSpan1370" value="CREL"/>
		<feat xlink:href="#sSpan1372" value="PPERS"/>
		<feat xlink:href="#sSpan1374" value="V"/>
		<feat xlink:href="#sSpan1376" value="PREP"/>
		<feat xlink:href="#sSpan1380" value="PPERO"/>
		<feat xlink:href="#sSpan1382" value="PREP"/>
		<feat xlink:href="#sSpan1386" value="ART"/>
		<feat xlink:href="#sSpan1389" value="N"/>
		<feat xlink:href="#sSpan1391" value="NEG"/>
		<feat xlink:href="#sSpan1395" value="PREP"/>
		<feat xlink:href="#sSpan1400" value="V"/>
		<feat xlink:href="#sSpan1404" value="PREP"/>
		<feat xlink:href="#sSpan1409" value="N"/>
		<feat xlink:href="#sSpan1412" value="PREP"/>
		<feat xlink:href="#sSpan1416" value="N"/>
		<feat xlink:href="#sSpan1419" value="CONJ"/>
		<feat xlink:href="#sSpan1423" value="PREP"/>
		<feat xlink:href="#sSpan1427" value="ART"/>
		<feat xlink:href="#sSpan1431" value="N"/>
		<feat xlink:href="#sSpan1434" value="PREP"/>
		<feat xlink:href="#sSpan1439" value="N"/>
		<feat xlink:href="#sSpan1442" value="PREP"/>
		<feat xlink:href="#sSpan1446" value="ART"/>
		<feat xlink:href="#sSpan1449" value="N"/>
		<feat xlink:href="#sSpan1451" value="PREP"/>
		<feat xlink:href="#sSpan1455" value="ART"/>
		<feat xlink:href="#sSpan1459" value="N"/>
		<feat xlink:href="#sSpan1461" value="PREP"/>
		<feat xlink:href="#sSpan1465" value="ART"/>
		<feat xlink:href="#sSpan1469" value="N"/>
		<feat xlink:href="#sSpan1471" value="PUNCT"/>
		<feat xlink:href="#sSpan1475" value="ART"/>
		<feat xlink:href="#sSpan1486" value="N"/>
		<feat xlink:href="#sSpan1489" value="PTC"/>
		<feat xlink:href="#sSpan1493" value="ART"/>
		<feat xlink:href="#sSpan1497" value="N"/>
		<feat xlink:href="#sSpan1499" value="ANEGAOR"/>
		<feat xlink:href="#sSpan1503" value="PPERS"/>
		<feat xlink:href="#sSpan1505" value="V"/>
		<feat xlink:href="#sSpan1507" value="PREP"/>
		<feat xlink:href="#sSpan1511" value="PPERO"/>
		<feat xlink:href="#sSpan1513" value="PREP"/>
		<feat xlink:href="#sSpan1517" value="PPOS"/>
		<feat xlink:href="#sSpan1520" value="ART"/>
		<feat xlink:href="#sSpan1524" value="N"/>
		<feat xlink:href="#sSpan1526" value="PREP"/>
		<feat xlink:href="#sSpan1530" value="ART"/>
		<feat xlink:href="#sSpan1533" value="N"/>
		<feat xlink:href="#sSpan1535" value="PUNCT"/>
		<feat xlink:href="#sSpan1539" value="ART"/>
		<feat xlink:href="#sSpan1545" value="N"/>
		<feat xlink:href="#sSpan1549" value="PTC"/>
		<feat xlink:href="#sSpan1553" value="PREP"/>
		<feat xlink:href="#sSpan1557" value="PPERO"/>
		<feat xlink:href="#sSpan1559" value="COP"/>
		<feat xlink:href="#sSpan1563" value="PUNCT"/>
		<feat xlink:href="#sSpan1567" value="CONJ"/>
		<feat xlink:href="#sSpan1571" value="EXIST"/>
		<feat xlink:href="#sSpan1575" value="N"/>
		<feat xlink:href="#sSpan1578" value="PREP"/>
		<feat xlink:href="#sSpan1582" value="PPERO"/>
		<feat xlink:href="#sSpan1584" value="PREP"/>
		<feat xlink:href="#sSpan1588" value="V"/>
		<feat xlink:href="#sSpan1590" value="CONJ"/>
		<feat xlink:href="#sSpan1594" value="PPERS"/>
		<feat xlink:href="#sSpan1597" value="V"/>
		<feat xlink:href="#sSpan1599" value="PREP"/>
		<feat xlink:href="#sSpan1603" value="PPERO"/>
		<feat xlink:href="#sSpan1606" value="ADV"/>
		<feat xlink:href="#sSpan1610" value="PUNCT"/>
		<feat xlink:href="#sSpan1614" value="ART"/>
		<feat xlink:href="#sSpan1626" value="N"/>
		<feat xlink:href="#sSpan1629" value="PTC"/>
		<feat xlink:href="#sSpan1633" value="AAOR"/>
		<feat xlink:href="#sSpan1637" value="PPERS"/>
		<feat xlink:href="#sSpan1640" value="V"/>
		<feat xlink:href="#sSpan1643" value="PTC"/>
		<feat xlink:href="#sSpan1647" value="PREP"/>
		<feat xlink:href="#sSpan1651" value="N"/>
		<feat xlink:href="#sSpan1655" value="PINT"/>
		<feat xlink:href="#sSpan1659" value="PUNCT"/>
		<feat xlink:href="#sSpan1663" value="PPERI"/>
		<feat xlink:href="#sSpan1668" value="PTC"/>
		<feat xlink:href="#sSpan1672" value="ANEGAOR"/>
		<feat xlink:href="#sSpan1676" value="N"/>
		<feat xlink:href="#sSpan1680" value="V"/>
		<feat xlink:href="#sSpan1684" value="PREP"/>
		<feat xlink:href="#sSpan1688" value="PPERO"/>
		<feat xlink:href="#sSpan1690" value="PUNCT"/>
		<feat xlink:href="#sSpan1694" value="PINT"/>
		<feat xlink:href="#sSpan1704" value="PTC"/>
		<feat xlink:href="#sSpan1708" value="COP"/>
		<feat xlink:href="#sSpan1712" value="CREL"/>
		<feat xlink:href="#sSpan1714" value="APST"/>
		<feat xlink:href="#sSpan1716" value="PPERS"/>
		<feat xlink:href="#sSpan1718" value="V"/>
		<feat xlink:href="#sSpan1720" value="ART"/>
		<feat xlink:href="#sSpan1725" value="N"/>
		<feat xlink:href="#sSpan1727" value="PREP"/>
		<feat xlink:href="#sSpan1731" value="ART"/>
		<feat xlink:href="#sSpan1734" value="N"/>
		<feat xlink:href="#sSpan1736" value="PDEM"/>
		<feat xlink:href="#sSpan1741" value="CREL"/>
		<feat xlink:href="#sSpan1745" value="FUT"/>
		<feat xlink:href="#sSpan1747" value="V"/>
		<feat xlink:href="#sSpan1749" value="N"/>
		<feat xlink:href="#sSpan1752" value="PPERO"/>
		<feat xlink:href="#sSpan1754" value="ADV"/>
		<feat xlink:href="#sSpan1758" value="PUNCT"/>
		<feat xlink:href="#sSpan1762" value="PPERI"/>
		<feat xlink:href="#sSpan1767" value="PTC"/>
		<feat xlink:href="#sSpan1771" value="EXIST"/>
		<feat xlink:href="#sSpan1775" value="PPERO"/>
		<feat xlink:href="#sSpan1777" value="ADV"/>
		<feat xlink:href="#sSpan1781" value="PREP"/>
		<feat xlink:href="#sSpan1785" value="ART"/>
		<feat xlink:href="#sSpan1788" value="N"/>
		<feat xlink:href="#sSpan1790" value="PREP"/>
		<feat xlink:href="#sSpan1794" value="ART"/>
		<feat xlink:href="#sSpan1798" value="N"/>
		<feat xlink:href="#sSpan1800" value="PUNCT"/></featList></paula>