<?xml version='1.0' encoding='UTF-8'?><!DOCTYPE paula SYSTEM "paula_feat.dtd">
<paula version="1.1">
	<header paula_id="scriptorium.1Cor_02.mark_text"/>
	<featList xmlns:xlink="http://www.w3.org/1999/xlink" type="text" xml:base="scriptorium.1Cor_02.mark.xml">
		<feat xlink:href="#sSpan38" value="ⲛⲁ ⲥⲛⲏⲩ"/>
		<feat xlink:href="#sSpan59" value="ⲟⲩ ϫⲓⲥⲉ ⲁⲛ ⲛ ϣⲁϫⲉ ⲏ ⲛ ⲥⲟⲫⲓⲁ"/>
		<feat xlink:href="#sSpan72" value="ϣⲁϫⲉ"/>
		<feat xlink:href="#sSpan85" value="ⲥⲟⲫⲓⲁ"/>
		<feat xlink:href="#sSpan106" value="ⲧ ⲙⲛⲧⲙⲛⲧⲣⲉ ⲙ ⲡ ⲛⲟⲩⲧⲉ"/>
		<feat xlink:href="#sSpan117" value="ⲡ ⲛⲟⲩⲧⲉ"/>
		<feat xlink:href="#sSpan157" value="ⲗⲁⲁⲩ ⲛϩⲏⲧ ⲧⲏⲩⲧⲛ"/>
		<feat xlink:href="#sSpan171" value="ⲓⲏⲥⲟⲩⲥ ⲡⲉ ⲭⲣⲓⲥⲧⲟⲥ ⲁⲩⲱ ⲡⲁⲓ ⲉ ⲁ ⲩ ⲥⲧⲁⲩⲣⲟⲩ ⲙⲙⲟ ϥ"/>
		<feat xlink:href="#sSpan245" value="ⲟⲩ ⲙⲛⲧϭⲱⲃ"/>
		<feat xlink:href="#sSpan261" value="ⲟⲩ ϩⲟⲧⲉ"/>
		<feat xlink:href="#sSpan274" value="ⲟⲩ ⲥⲧⲱⲧ ⲉ ⲛⲁϣⲱ ϥ"/>
		<feat xlink:href="#sSpan301" value="ⲡⲁ ϣⲁϫⲉ"/>
		<feat xlink:href="#sSpan312" value="ⲡⲁ ⲧⲁϣⲉⲟⲉⲓϣ"/>
		<feat xlink:href="#sSpan337" value="ⲟⲩ ⲡⲉⲓⲑⲉ ⲛ ⲥⲟⲫⲓⲁ ⲛ ϣⲁϫⲉ"/>
		<feat xlink:href="#sSpan348" value="ⲥⲟⲫⲓⲁ ⲛ ϣⲁϫⲉ"/>
		<feat xlink:href="#sSpan355" value="ϣⲁϫⲉ"/>
		<feat xlink:href="#sSpan371" value="ⲟⲩ ⲟⲩⲱⲛϩ ⲉⲃⲟⲗ ⲙ ⲡⲛⲉⲩⲙⲁ ϩⲓ ϭⲟⲙ"/>
		<feat xlink:href="#sSpan386" value="ⲡⲛⲉⲩⲙⲁ"/>
		<feat xlink:href="#sSpan393" value="ϭⲟⲙ"/>
		<feat xlink:href="#sSpan413" value="ⲧⲉⲧⲛ ⲡⲓⲥⲧⲓⲥ"/>
		<feat xlink:href="#sSpan427" value="ⲟⲩ ⲡⲉⲓⲑⲉ ⲛ ⲥⲟⲫⲓⲁ ⲛ ⲣⲱⲙⲉ"/>
		<feat xlink:href="#sSpan438" value="ⲥⲟⲫⲓⲁ ⲛ ⲣⲱⲙⲉ"/>
		<feat xlink:href="#sSpan456" value="ⲟⲩ ϭⲟⲙ ⲛⲧⲉ ⲡ ⲛⲟⲩⲧⲉ"/>
		<feat xlink:href="#sSpan465" value="ⲡ ⲛⲟⲩⲧⲉ"/>
		<feat xlink:href="#sSpan496" value="ⲟⲩ ⲥⲟⲫⲓⲁ"/>
		<feat xlink:href="#sSpan506" value="ⲛ ⲧⲉⲗⲉⲓⲟⲥ"/>
		<feat xlink:href="#sSpan514" value="ⲟⲩ ⲥⲟⲫⲓⲁ ⲇⲉ ⲉ ⲛ ⲧⲁ ⲡⲉⲓ ⲁⲓⲱⲛ ⲁⲛ ⲧⲉ ⲟⲩⲇⲉ ⲛ ⲧⲁ ⲛ ⲁⲣⲭⲱⲛ ⲁⲛ ⲧⲉ ⲙ ⲡⲉⲓ ⲁⲓⲱⲛ ⲛⲁⲓ ⲉⲧ ⲛⲁ ⲟⲩⲱⲥϥ"/>
		<feat xlink:href="#sSpan531" value="ⲧⲁ ⲡⲉⲓ ⲁⲓⲱⲛ"/>
		<feat xlink:href="#sSpan534" value="ⲡⲉⲓ ⲁⲓⲱⲛ"/>
		<feat xlink:href="#sSpan557" value="ⲧⲁ ⲛ ⲁⲣⲭⲱⲛ ⲁⲛ ⲧⲉ ⲙ ⲡⲉⲓ ⲁⲓⲱⲛ ⲛⲁⲓ ⲉⲧ ⲛⲁ ⲟⲩⲱⲥϥ"/>
		<feat xlink:href="#sSpan563" value="ⲁⲣⲭⲱⲛ ⲁⲛ ⲧⲉ ⲙ ⲡⲉⲓ ⲁⲓⲱⲛ ⲛⲁⲓ ⲉⲧ ⲛⲁ ⲟⲩⲱⲥϥ"/>
		<feat xlink:href="#sSpan578" value="ⲡⲉⲓ ⲁⲓⲱⲛ"/>
		<feat xlink:href="#sSpan623" value="ⲟⲩ ⲥⲟⲫⲓⲁ ⲛⲧⲉ ⲡ ⲛⲟⲩⲧⲉ"/>
		<feat xlink:href="#sSpan633" value="ⲡ ⲛⲟⲩⲧⲉ"/>
		<feat xlink:href="#sSpan642" value="ⲟⲩ ⲙⲩⲥⲧⲏⲣⲓⲟⲛ"/>
		<feat xlink:href="#sSpan654" value="ⲧⲁⲓ ⲉⲧ ϩⲏⲡ ⲧ ⲉⲛⲧ ⲁ ⲡ ⲛⲟⲩⲧⲉ ⲡⲟⲣϫ ⲥ ⲉⲃⲟⲗ ϩⲁ ⲧ ϩⲏ ⲛ ⲛ ⲁⲓⲱⲛ ⲉ ⲡⲉⲛ ⲉⲟⲟⲩ"/>
		<feat xlink:href="#sSpan671" value="ⲡ ⲛⲟⲩⲧⲉ"/>
		<feat xlink:href="#sSpan691" value="ⲧ ϩⲏ ⲛ ⲛ ⲁⲓⲱⲛ"/>
		<feat xlink:href="#sSpan700" value="ⲛ ⲁⲓⲱⲛ"/>
		<feat xlink:href="#sSpan710" value="ⲡⲉⲛ ⲉⲟⲟⲩ"/>
		<feat xlink:href="#sSpan721" value="ⲧⲁⲓ ⲉⲧⲉ ⲙⲡⲉ ⲗⲁⲁⲩ ⲛ ⲁⲣⲭⲱⲛ ⲛⲧⲉ ⲡⲉⲓ ⲁⲓⲱⲛ ⲥⲟⲩⲱⲛ ⲥ"/>
		<feat xlink:href="#sSpan735" value="ⲗⲁⲁⲩ ⲛ ⲁⲣⲭⲱⲛ ⲛⲧⲉ ⲡⲉⲓ ⲁⲓⲱⲛ"/>
		<feat xlink:href="#sSpan749" value="ⲡⲉⲓ ⲁⲓⲱⲛ"/>
		<feat xlink:href="#sSpan807" value="ⲡ ϫⲟⲉⲓⲥ ⲙ ⲡ ⲉⲟⲟⲩ"/>
		<feat xlink:href="#sSpan816" value="ⲡ ⲉⲟⲟⲩ"/>
		<feat xlink:href="#sSpan855" value="ⲛ ⲉⲧⲉ ⲙⲡⲉ ⲃⲁⲗ ⲛⲁⲩ ⲉⲣⲟ ⲟⲩ . ⲛ ⲉⲧⲉ ⲙⲡⲉ ⲙⲁⲁϫⲉ ⲥⲟⲧⲙ ⲟⲩ . ⲛ ⲉⲧⲉ ⲙⲡ ⲟⲩ ⲁⲗⲉ ⲉϩⲣⲁⲓ ⲉϫⲙ ⲡ ϩⲏⲧ ⲛ ⲣⲱⲙⲉ ⲛⲁⲓ ⲉⲛⲧ ⲁ ⲡ ⲛⲟⲩⲧⲉ ⲥⲃⲧⲱⲧ ⲟⲩ ⲛ ⲛ ⲉⲧ ⲙⲉ ⲙⲙⲟ ϥ"/>
		<feat xlink:href="#sSpan862" value="ⲃⲁⲗ"/>
		<feat xlink:href="#sSpan887" value="ⲙⲁⲁϫⲉ"/>
		<feat xlink:href="#sSpan921" value="ⲡ ϩⲏⲧ ⲛ ⲣⲱⲙⲉ"/>
		<feat xlink:href="#sSpan930" value="ⲣⲱⲙⲉ"/>
		<feat xlink:href="#sSpan943" value="ⲡ ⲛⲟⲩⲧⲉ"/>
		<feat xlink:href="#sSpan958" value="ⲛ ⲉⲧ ⲙⲉ ⲙⲙⲟ ϥ"/>
		<feat xlink:href="#sSpan985" value="ⲡ ⲛⲟⲩⲧⲉ"/>
		<feat xlink:href="#sSpan1015" value="ⲡⲉ ⲡⲛⲉⲩⲙⲁ"/>
		<feat xlink:href="#sSpan1025" value="ⲡⲉ ⲡⲛⲉⲩⲙⲁ"/>
		<feat xlink:href="#sSpan1047" value="ⲛⲕⲁ ⲛⲓⲙ"/>
		<feat xlink:href="#sSpan1060" value="ⲛ ⲉⲧ ϩⲏⲡ ⲛⲧⲉ ⲡ ⲛⲟⲩⲧⲉ"/>
		<feat xlink:href="#sSpan1071" value="ⲡ ⲛⲟⲩⲧⲉ"/>
		<feat xlink:href="#sSpan1082" value="ⲛⲓⲙ ⲅⲁⲣ ⲛ ⲣⲱⲙⲉ"/>
		<feat xlink:href="#sSpan1114" value="ⲛⲁ ⲡ ⲣⲱⲙⲉ"/>
		<feat xlink:href="#sSpan1117" value="ⲡ ⲣⲱⲙⲉ"/>
		<feat xlink:href="#sSpan1129" value="ⲡⲉ ⲡⲛⲉⲩⲙⲁ ⲙ ⲡ ⲣⲱⲙⲉ ⲉⲧ ⲛϩⲏⲧ ϥ"/>
		<feat xlink:href="#sSpan1139" value="ⲡ ⲣⲱⲙⲉ"/>
		<feat xlink:href="#sSpan1156" value="ⲧⲁⲓ"/>
		<feat xlink:href="#sSpan1171" value="ⲧ ϩⲉ ⲛ ⲛⲁ ⲡ ⲛⲟⲩⲧⲉ"/>
		<feat xlink:href="#sSpan1180" value="ⲛⲁ ⲡ ⲛⲟⲩⲧⲉ"/>
		<feat xlink:href="#sSpan1183" value="ⲡ ⲛⲟⲩⲧⲉ"/>
		<feat xlink:href="#sSpan1192" value="ⲗⲁⲁⲩ"/>
		<feat xlink:href="#sSpan1205" value="ⲡⲉ ⲡⲛⲉⲩⲙⲁ ⲙ ⲡ ⲛⲟⲩⲧⲉ"/>
		<feat xlink:href="#sSpan1215" value="ⲡ ⲛⲟⲩⲧⲉ"/>
		<feat xlink:href="#sSpan1256" value="ⲡⲉ ⲡⲛⲉⲩⲙⲁ ⲙ ⲡⲉⲓ ⲕⲟⲥⲙⲟⲥ"/>
		<feat xlink:href="#sSpan1266" value="ⲡⲉⲓ ⲕⲟⲥⲙⲟⲥ"/>
		<feat xlink:href="#sSpan1283" value="ⲡⲉ ⲡⲛⲉⲩⲙⲁ ⲡ ⲉⲃⲟⲗ ⲙ ⲡ ⲛⲟⲩⲧⲉ"/>
		<feat xlink:href="#sSpan1299" value="ⲡ ⲛⲟⲩⲧⲉ"/>
		<feat xlink:href="#sSpan1322" value="ⲛ ⲉⲛⲧ ⲁ ⲡ ⲛⲟⲩⲧⲉ ⲭⲁⲣⲓⲍⲉ ⲙⲙⲟ ⲟⲩ"/>
		<feat xlink:href="#sSpan1329" value="ⲡ ⲛⲟⲩⲧⲉ"/>
		<feat xlink:href="#sSpan1365" value="ⲛⲁⲓ"/>
		<feat xlink:href="#sSpan1388" value="ϩⲉⲛ ϣⲁϫⲉ"/>
		<feat xlink:href="#sSpan1402" value="ϯⲥⲃⲱ ⲛ ⲥⲟⲫⲓⲁ ⲛ ⲣⲱⲙⲉ"/>
		<feat xlink:href="#sSpan1411" value="ⲥⲟⲫⲓⲁ ⲛ ⲣⲱⲙⲉ"/>
		<feat xlink:href="#sSpan1429" value="ϩⲉⲛ ϯⲥⲃⲱ ⲙ ⲡⲛⲉⲩⲙⲁ"/>
		<feat xlink:href="#sSpan1441" value="ⲡⲛⲉⲩⲙⲁ"/>
		<feat xlink:href="#sSpan1448" value="ⲛ ϣⲱⲛⲃ ⲛ ϩⲉⲛ ⲡⲛⲉⲩⲙⲁⲧⲓⲕⲟⲛ"/>
		<feat xlink:href="#sSpan1457" value="ϩⲉⲛ ⲡⲛⲉⲩⲙⲁⲧⲓⲕⲟⲛ"/>
		<feat xlink:href="#sSpan1467" value="ϩⲉⲛ ⲡⲛⲉⲩⲙⲁⲧⲓⲕⲟⲥ"/>
		<feat xlink:href="#sSpan1479" value="ⲟⲩ ⲯⲩⲭⲓⲕⲟⲥ ⲇⲉ ⲛ ⲣⲱⲙⲉ"/>
		<feat xlink:href="#sSpan1519" value="ⲛⲁ ⲡⲉ ⲡⲛⲉⲩⲙⲁ ⲙ ⲡ ⲛⲟⲩⲧⲉ"/>
		<feat xlink:href="#sSpan1522" value="ⲡⲉ ⲡⲛⲉⲩⲙⲁ ⲙ ⲡ ⲛⲟⲩⲧⲉ"/>
		<feat xlink:href="#sSpan1532" value="ⲡ ⲛⲟⲩⲧⲉ"/>
		<feat xlink:href="#sSpan1541" value="ⲟⲩ ⲙⲛⲧⲥⲟϭ"/>
		<feat xlink:href="#sSpan1577" value="ϭⲟⲙ"/>
		<feat xlink:href="#sSpan1616" value="ⲡⲉ ⲡⲛⲉⲩⲙⲁⲧⲓⲕⲟⲥ"/>
		<feat xlink:href="#sSpan1654" value="ⲟⲩⲟⲛ ⲛⲓⲙ"/>
		<feat xlink:href="#sSpan1678" value="ⲗⲁⲁⲩ"/>
		<feat xlink:href="#sSpan1724" value="ⲡ ϩⲏⲧ ⲙ ⲡ ϫⲟⲉⲓⲥ"/>
		<feat xlink:href="#sSpan1733" value="ⲡ ϫⲟⲉⲓⲥ"/>
		<feat xlink:href="#sSpan1740" value="ⲡⲁⲓ ⲉⲧ ⲛⲁ ⲧⲥⲉⲃⲉ ⲉⲓⲁⲧ ϥ ⲉⲃⲟⲗ"/>
		<feat xlink:href="#sSpan1751" value="ⲉⲓⲁⲧ ϥ"/>
		<feat xlink:href="#sSpan1787" value="ⲡ ⲙⲉⲉⲩⲉ ⲙ ⲡⲉ ⲭⲣⲓⲥⲧⲟⲥ"/>
		<feat xlink:href="#sSpan1796" value="ⲡⲉ ⲭⲣⲓⲥⲧⲟⲥ"/></featList></paula>