<?xml version="1.0" encoding="UTF-8" standalone="no"?>

<!DOCTYPE paula SYSTEM "paula_feat.dtd">
<paula version="1.0">

<header paula_id="Abraham.YA551-54_merge_p"/>

<featList xmlns:xlink="http://www.w3.org/1999/xlink" type="p" xml:base="Abraham.YA551-54_merge.pSeg.xml">
<feat xlink:href="#p_1" value="p"/><!-- ⲡ -->
<feat xlink:href="#p_4" value="p"/><!-- Ⲙ̄ⲡⲱⲣ` -->
<feat xlink:href="#p_73" value="p"/><!-- Ⲉⲧⲃⲉ -->
<feat xlink:href="#p_138" value="p"/><!-- Ⲛⲓⲙ -->
<feat xlink:href="#p_208" value="p"/><!-- Ⲁϣ -->
<feat xlink:href="#p_246" value="p"/><!-- Ⲉⲧⲃⲉ -->
<feat xlink:href="#p_380" value="p"/><!-- ⲛ̄ -->
<feat xlink:href="#p_430" value="p"/><!-- ⲁⲗ -->
<feat xlink:href="#p_646" value="p"/><!-- ⲧⲉ -->
<feat xlink:href="#p_952" value="p"/><!-- ⲙ︤ⲛ︦ⲛ︥ⲥⲁ -->
</featList>
</paula>
