<?xml version="1.0" encoding="UTF-8" standalone="no"?>

<!DOCTYPE paula SYSTEM "paula_mark.dtd">
<paula version="1.0">

<header paula_id="Abraham.YA551-54_merge_cbSeg"/>

<markList xmlns:xlink="http://www.w3.org/1999/xlink" type="cbSeg" xml:base="Abraham.YA551-54_merge.tok.xml">
<mark id="cb_1" xlink:href="#xpointer(id('tok_1')/range-to(id('tok_147')))"/><!-- ⲡ...ⲛⲁⲓ̈ -->
<mark id="cb_148" xlink:href="#xpointer(id('tok_148')/range-to(id('tok_285')))"/><!-- ⲉⲧ...ⲉⲃⲟⲗ -->
<mark id="cb_286" xlink:href="#xpointer(id('tok_286')/range-to(id('tok_434')))"/><!-- ⲙ̄...ⲛ̄ -->
<mark id="cb_435" xlink:href="#xpointer(id('tok_435')/range-to(id('tok_575')))"/><!-- ⲧⲟϥ...ⲙ̄ -->
<mark id="cb_576" xlink:href="#xpointer(id('tok_576')/range-to(id('tok_727')))"/><!-- ⲡ...ϫⲉ -->
<mark id="cb_728" xlink:href="#xpointer(id('tok_728')/range-to(id('tok_885')))"/><!-- ⲙ︤ⲛ︥...· -->
</markList>
</paula>
