<?xml version='1.0' encoding='UTF-8'?><!DOCTYPE paula SYSTEM "paula_feat.dtd">
<paula version="1.1">
	<header paula_id="scriptorium.psephrem.asceticon.01.mark_multiword"/>
	<featList xmlns:xlink="http://www.w3.org/1999/xlink" type="multiword" xml:base="scriptorium.psephrem.asceticon.01.mark.xml">
		<feat xlink:href="#sSpan107" value="ⲕⲁ ⲣⲱ"/>
		<feat xlink:href="#sSpan273" value="ⲕⲁ ⲣⲱ"/>
		<feat xlink:href="#sSpan309" value="ⲉⲃⲟⲗ ϩⲛ"/>
		<feat xlink:href="#sSpan527" value="ⲗⲟ ⲉ"/>
		<feat xlink:href="#sSpan665" value="ⲗⲟ ⲉ"/>
		<feat xlink:href="#sSpan772" value="ⲉⲃⲟⲗ ϫⲉ"/>
		<feat xlink:href="#sSpan1274" value="ⲡⲱⲱⲛⲉ ⲉ"/>
		<feat xlink:href="#sSpan1432" value="ϩⲏⲧ ϣⲏⲙ"/>
		<feat xlink:href="#sSpan1620" value="ⲉⲃⲟⲗ ϩⲓⲧⲟⲟⲧ"/>
		<feat xlink:href="#sSpan1657" value="ⲗⲟ ⲉ"/>
		<feat xlink:href="#sSpan1666" value="ⲙⲟⲟϣⲉ ϩⲓ"/>
		<feat xlink:href="#sSpan1693" value="ⲙⲟⲟϣⲉ ϩⲓ"/>
		<feat xlink:href="#sSpan2128" value="ϣⲓⲛⲉ ⲛⲥⲁ"/>
		<feat xlink:href="#sSpan2661" value="ⲉⲓ ⲉϩⲟⲩⲛ"/>
		<feat xlink:href="#sSpan2724" value="ⲉⲓ ⲉϩⲟⲩⲛ"/>
		<feat xlink:href="#sSpan2738" value="ϣⲓⲛⲉ ⲛⲥⲁ"/>
		<feat xlink:href="#sSpan3294" value="ⲉⲓ ⲉϩⲟⲩⲛ"/>
		<feat xlink:href="#sSpan3341" value="ϣⲓⲛⲉ ⲛⲥⲁ"/>
		<feat xlink:href="#sSpan3382" value="ⲉⲓ ⲉϩⲟⲩⲛ"/>
		<feat xlink:href="#sSpan3455" value="ⲉⲓ ⲉϩⲟⲩⲛ"/>
		<feat xlink:href="#sSpan3492" value="ϣⲓⲛⲉ ⲛⲥⲁ"/>
		<feat xlink:href="#sSpan3508" value="ϩⲱⲃ ⲛⲓⲙ"/>
		<feat xlink:href="#sSpan3532" value="ⲉⲓ ⲉϩⲟⲩⲛ"/>
		<feat xlink:href="#sSpan3800" value="ⲉⲓ ⲉϫⲛ"/>
		<feat xlink:href="#sSpan3881" value="ⲥⲱⲧⲙ ⲛ"/>
		<feat xlink:href="#sSpan4173" value="ⲉ ⲁ"/>
		<feat xlink:href="#sSpan5097" value="ⲡⲱϩⲧ ⲉⲃⲟⲗ"/>
		<feat xlink:href="#sSpan5219" value="ⲉⲃⲟⲗ ϩⲛ"/>
		<feat xlink:href="#sSpan5393" value="ⲉⲃⲟⲗ ϫⲉ"/>
		<feat xlink:href="#sSpan5507" value="ⲙⲟⲟϣⲉ ϩⲛ"/>
		<feat xlink:href="#sSpan5625" value="ⲛⲟⲩϫⲉ ⲛⲥⲁ"/>
		<feat xlink:href="#sSpan5823" value="ⲕⲱϩ ⲉ"/>
		<feat xlink:href="#sSpan5865" value="ⲉⲃⲟⲗ ϩⲛ"/>
		<feat xlink:href="#sSpan5976" value="ⲉⲓ ⲉ"/>
		<feat xlink:href="#sSpan5992" value="ϣⲓⲛⲉ ⲛⲥⲁ"/>
		<feat xlink:href="#sSpan6084" value="ϣⲓⲛⲉ ⲛⲥⲁ"/>
		<feat xlink:href="#sSpan6123" value="ⲙⲟⲟϣⲉ ϩⲛ"/>
		<feat xlink:href="#sSpan6161" value="ⲙⲟⲟϣⲉ ϩⲛ"/>
		<feat xlink:href="#sSpan6171" value="ⲃⲱⲗ ⲉⲃⲟⲗ"/>
		<feat xlink:href="#sSpan6457" value="ⲙⲟⲟϣⲉ ϩⲛ"/>
		<feat xlink:href="#sSpan6533" value="ⲛⲕⲟⲧⲕ ϩⲛ"/>
		<feat xlink:href="#sSpan6551" value="ⲛⲕⲟⲧⲕ ⲉ"/>
		<feat xlink:href="#sSpan6645" value="ⲙⲟⲩⲛ ⲉⲃⲟⲗ"/>
		<feat xlink:href="#sSpan6756" value="ϩⲱⲃ ⲛⲓⲙ"/>
		<feat xlink:href="#sSpan6878" value="ϩⲉ ⲉ"/>
		<feat xlink:href="#sSpan7053" value="ⲉⲃⲟⲗ ϩⲛ"/>
		<feat xlink:href="#sSpan7075" value="ⲙⲟⲩⲛ ⲉⲃⲟⲗ"/>
		<feat xlink:href="#sSpan7144" value="ⲉⲃⲟⲗ ϩⲛ"/>
		<feat xlink:href="#sSpan7161" value="ⲟⲩⲛ ⲟⲩⲟⲛ"/>
		<feat xlink:href="#sSpan7173" value="ⲉ ⲁ"/>
		<feat xlink:href="#sSpan7231" value="ⲉ ⲁ"/>
		<feat xlink:href="#sSpan7296" value="ⲛⲕⲟⲧⲕ ϩⲓ"/>
		<feat xlink:href="#sSpan7313" value="ⲙⲟⲟϣⲉ ϩⲛ"/>
		<feat xlink:href="#sSpan7788" value="ⲉⲃⲟⲗ ϩⲛ"/>
		<feat xlink:href="#sSpan7796" value="ϩⲱⲃ ⲛⲓⲙ"/>
		<feat xlink:href="#sSpan7816" value="ⲉⲧⲃⲉ ⲡⲁⲓ"/>
		<feat xlink:href="#sSpan7871" value="ⲟⲩⲟⲛ ⲛⲓⲙ"/>
		<feat xlink:href="#sSpan8000" value="ϩⲱⲃ ⲛⲓⲙ"/>
		<feat xlink:href="#sSpan8543" value="ⲉ ⲁ"/>
		<feat xlink:href="#sSpan8600" value="ⲙⲟⲟϣⲉ ϩⲛ"/>
		<feat xlink:href="#sSpan8834" value="ϩⲱⲃ ⲛⲓⲙ"/>
		<feat xlink:href="#sSpan8998" value="ⲉⲓ ⲉⲃⲟⲗ"/>
		<feat xlink:href="#sSpan9092" value="ϣⲓⲛⲉ ⲛⲥⲁ"/>
		<feat xlink:href="#sSpan9164" value="ⲛⲏⲩ ⲛ"/>
		<feat xlink:href="#sSpan9457" value="ⲉⲓ ⲛ"/>
		<feat xlink:href="#sSpan9797" value="ⲛⲏⲩ ⲛ"/>
		<feat xlink:href="#sSpan10706" value="ⲛⲕⲟⲧⲕ ⲛ"/>
		<feat xlink:href="#sSpan10901" value="ⲃⲱⲕ ⲉ"/>
		<feat xlink:href="#sSpan11278" value="ⲃⲱⲕ ⲉ"/>
		<feat xlink:href="#sSpan11521" value="ⲉⲃⲟⲗ ϩⲛ"/>
		<feat xlink:href="#sSpan11628" value="ϭⲱ ⲉ"/>
		<feat xlink:href="#sSpan11712" value="ⲉⲓⲣⲉ ⲛ"/>
		<feat xlink:href="#sSpan11799" value="ⲉⲃⲟⲗ ϩⲛ"/>
		<feat xlink:href="#sSpan11926" value="ⲉⲃⲟⲗ ϩⲛ"/>
		<feat xlink:href="#sSpan12245" value="ϩⲉ ⲉ"/>
		<feat xlink:href="#sSpan12375" value="ⲉⲧⲃⲉ ⲡⲁⲓ"/>
		<feat xlink:href="#sSpan12762" value="ⲉⲃⲟⲗ ϫⲉ"/>
		<feat xlink:href="#sSpan12963" value="ϩⲉ ⲉ"/>
		<feat xlink:href="#sSpan13231" value="ⲉⲃⲟⲗ ϫⲉ"/>
		<feat xlink:href="#sSpan13311" value="ⲉⲃⲟⲗ ϫⲉ"/>
		<feat xlink:href="#sSpan13320" value="ϣⲓⲛⲉ ⲛⲥⲁ"/>
		<feat xlink:href="#sSpan13376" value="ⲉⲃⲟⲗ ϫⲉ"/>
		<feat xlink:href="#sSpan13549" value="ⲉⲃⲟⲗ ϫⲉ"/>
		<feat xlink:href="#sSpan13748" value="ⲉⲃⲟⲗ ϩⲛ"/></featList></paula>