<?xml version='1.0' encoding='UTF-8'?><!DOCTYPE paula SYSTEM "paula_feat.dtd">
<paula version="1.1">
	<header paula_id="scriptorium.psephrem.asceticon.01.mark_multiword"/>
	<featList xmlns:xlink="http://www.w3.org/1999/xlink" type="multiword" xml:base="scriptorium.psephrem.asceticon.01.mark.xml">
		<feat xlink:href="#sSpan108" value="ⲕⲁ ⲣⲱ"/>
		<feat xlink:href="#sSpan274" value="ⲕⲁ ⲣⲱ"/>
		<feat xlink:href="#sSpan310" value="ⲉⲃⲟⲗ ϩⲛ"/>
		<feat xlink:href="#sSpan528" value="ⲗⲟ ⲉ"/>
		<feat xlink:href="#sSpan666" value="ⲗⲟ ⲉ"/>
		<feat xlink:href="#sSpan773" value="ⲉⲃⲟⲗ ϫⲉ"/>
		<feat xlink:href="#sSpan1275" value="ⲡⲱⲱⲛⲉ ⲉ"/>
		<feat xlink:href="#sSpan1433" value="ϩⲏⲧ ϣⲏⲙ"/>
		<feat xlink:href="#sSpan1621" value="ⲉⲃⲟⲗ ϩⲓⲧⲟⲟⲧ"/>
		<feat xlink:href="#sSpan1658" value="ⲗⲟ ⲉ"/>
		<feat xlink:href="#sSpan1667" value="ⲙⲟⲟϣⲉ ϩⲓ"/>
		<feat xlink:href="#sSpan1694" value="ⲙⲟⲟϣⲉ ϩⲓ"/>
		<feat xlink:href="#sSpan2129" value="ϣⲓⲛⲉ ⲛⲥⲁ"/>
		<feat xlink:href="#sSpan2662" value="ⲉⲓ ⲉϩⲟⲩⲛ"/>
		<feat xlink:href="#sSpan2725" value="ⲉⲓ ⲉϩⲟⲩⲛ"/>
		<feat xlink:href="#sSpan2739" value="ϣⲓⲛⲉ ⲛⲥⲁ"/>
		<feat xlink:href="#sSpan3295" value="ⲉⲓ ⲉϩⲟⲩⲛ"/>
		<feat xlink:href="#sSpan3342" value="ϣⲓⲛⲉ ⲛⲥⲁ"/>
		<feat xlink:href="#sSpan3383" value="ⲉⲓ ⲉϩⲟⲩⲛ"/>
		<feat xlink:href="#sSpan3456" value="ⲉⲓ ⲉϩⲟⲩⲛ"/>
		<feat xlink:href="#sSpan3493" value="ϣⲓⲛⲉ ⲛⲥⲁ"/>
		<feat xlink:href="#sSpan3509" value="ϩⲱⲃ ⲛⲓⲙ"/>
		<feat xlink:href="#sSpan3533" value="ⲉⲓ ⲉϩⲟⲩⲛ"/>
		<feat xlink:href="#sSpan3801" value="ⲉⲓ ⲉϫⲛ"/>
		<feat xlink:href="#sSpan3882" value="ⲥⲱⲧⲙ ⲛ"/>
		<feat xlink:href="#sSpan4174" value="ⲉ ⲁ"/>
		<feat xlink:href="#sSpan5098" value="ⲡⲱϩⲧ ⲉⲃⲟⲗ"/>
		<feat xlink:href="#sSpan5220" value="ⲉⲃⲟⲗ ϩⲛ"/>
		<feat xlink:href="#sSpan5394" value="ⲉⲃⲟⲗ ϫⲉ"/>
		<feat xlink:href="#sSpan5508" value="ⲙⲟⲟϣⲉ ϩⲛ"/>
		<feat xlink:href="#sSpan5626" value="ⲛⲟⲩϫⲉ ⲛⲥⲁ"/>
		<feat xlink:href="#sSpan5824" value="ⲕⲱϩ ⲉ"/>
		<feat xlink:href="#sSpan5866" value="ⲉⲃⲟⲗ ϩⲛ"/>
		<feat xlink:href="#sSpan5977" value="ⲉⲓ ⲉ"/>
		<feat xlink:href="#sSpan5993" value="ϣⲓⲛⲉ ⲛⲥⲁ"/>
		<feat xlink:href="#sSpan6085" value="ϣⲓⲛⲉ ⲛⲥⲁ"/>
		<feat xlink:href="#sSpan6124" value="ⲙⲟⲟϣⲉ ϩⲛ"/>
		<feat xlink:href="#sSpan6162" value="ⲙⲟⲟϣⲉ ϩⲛ"/>
		<feat xlink:href="#sSpan6172" value="ⲃⲱⲗ ⲉⲃⲟⲗ"/>
		<feat xlink:href="#sSpan6458" value="ⲙⲟⲟϣⲉ ϩⲛ"/>
		<feat xlink:href="#sSpan6534" value="ⲛⲕⲟⲧⲕ ϩⲛ"/>
		<feat xlink:href="#sSpan6552" value="ⲛⲕⲟⲧⲕ ⲉ"/>
		<feat xlink:href="#sSpan6646" value="ⲙⲟⲩⲛ ⲉⲃⲟⲗ"/>
		<feat xlink:href="#sSpan6757" value="ϩⲱⲃ ⲛⲓⲙ"/>
		<feat xlink:href="#sSpan6879" value="ϩⲉ ⲉ"/>
		<feat xlink:href="#sSpan7054" value="ⲉⲃⲟⲗ ϩⲛ"/>
		<feat xlink:href="#sSpan7076" value="ⲙⲟⲩⲛ ⲉⲃⲟⲗ"/>
		<feat xlink:href="#sSpan7145" value="ⲉⲃⲟⲗ ϩⲛ"/>
		<feat xlink:href="#sSpan7162" value="ⲟⲩⲛ ⲟⲩⲟⲛ"/>
		<feat xlink:href="#sSpan7174" value="ⲉ ⲁ"/>
		<feat xlink:href="#sSpan7232" value="ⲉ ⲁ"/>
		<feat xlink:href="#sSpan7297" value="ⲛⲕⲟⲧⲕ ϩⲓ"/>
		<feat xlink:href="#sSpan7314" value="ⲙⲟⲟϣⲉ ϩⲛ"/>
		<feat xlink:href="#sSpan7789" value="ⲉⲃⲟⲗ ϩⲛ"/>
		<feat xlink:href="#sSpan7797" value="ϩⲱⲃ ⲛⲓⲙ"/>
		<feat xlink:href="#sSpan7817" value="ⲉⲧⲃⲉ ⲡⲁⲓ"/>
		<feat xlink:href="#sSpan7872" value="ⲟⲩⲟⲛ ⲛⲓⲙ"/>
		<feat xlink:href="#sSpan8001" value="ϩⲱⲃ ⲛⲓⲙ"/>
		<feat xlink:href="#sSpan8544" value="ⲉ ⲁ"/>
		<feat xlink:href="#sSpan8601" value="ⲙⲟⲟϣⲉ ϩⲛ"/>
		<feat xlink:href="#sSpan8835" value="ϩⲱⲃ ⲛⲓⲙ"/>
		<feat xlink:href="#sSpan8999" value="ⲉⲓ ⲉⲃⲟⲗ"/>
		<feat xlink:href="#sSpan9093" value="ϣⲓⲛⲉ ⲛⲥⲁ"/>
		<feat xlink:href="#sSpan9165" value="ⲛⲏⲩ ⲛ"/>
		<feat xlink:href="#sSpan9459" value="ⲉⲓ ⲛ"/>
		<feat xlink:href="#sSpan9799" value="ⲛⲏⲩ ⲛ"/>
		<feat xlink:href="#sSpan10708" value="ⲛⲕⲟⲧⲕ ⲛ"/>
		<feat xlink:href="#sSpan10903" value="ⲃⲱⲕ ⲉ"/>
		<feat xlink:href="#sSpan11280" value="ⲃⲱⲕ ⲉ"/>
		<feat xlink:href="#sSpan11524" value="ⲉⲃⲟⲗ ϩⲛ"/>
		<feat xlink:href="#sSpan11631" value="ϭⲱ ⲉ"/>
		<feat xlink:href="#sSpan11715" value="ⲉⲓⲣⲉ ⲛ"/>
		<feat xlink:href="#sSpan11802" value="ⲉⲃⲟⲗ ϩⲛ"/>
		<feat xlink:href="#sSpan11929" value="ⲉⲃⲟⲗ ϩⲛ"/>
		<feat xlink:href="#sSpan12248" value="ϩⲉ ⲉ"/>
		<feat xlink:href="#sSpan12378" value="ⲉⲧⲃⲉ ⲡⲁⲓ"/>
		<feat xlink:href="#sSpan12766" value="ⲉⲃⲟⲗ ϫⲉ"/>
		<feat xlink:href="#sSpan12967" value="ϩⲉ ⲉ"/>
		<feat xlink:href="#sSpan13235" value="ⲉⲃⲟⲗ ϫⲉ"/>
		<feat xlink:href="#sSpan13315" value="ⲉⲃⲟⲗ ϫⲉ"/>
		<feat xlink:href="#sSpan13324" value="ϣⲓⲛⲉ ⲛⲥⲁ"/>
		<feat xlink:href="#sSpan13380" value="ⲉⲃⲟⲗ ϫⲉ"/>
		<feat xlink:href="#sSpan13553" value="ⲉⲃⲟⲗ ϫⲉ"/>
		<feat xlink:href="#sSpan13752" value="ⲉⲃⲟⲗ ϩⲛ"/></featList></paula>