<?xml version='1.0' encoding='UTF-8'?><!DOCTYPE paula SYSTEM "paula_feat.dtd">
<paula version="1.1">
	<header paula_id="scriptorium.psephrem.asceticon.01.mark_verse_n"/>
	<featList xmlns:xlink="http://www.w3.org/1999/xlink" type="verse_n" xml:base="scriptorium.psephrem.asceticon.01.mark.xml">
		<feat xlink:href="#sSpan9" value="1"/>
		<feat xlink:href="#sSpan52" value="1"/>
		<feat xlink:href="#sSpan124" value="2"/>
		<feat xlink:href="#sSpan212" value="3"/>
		<feat xlink:href="#sSpan290" value="1"/>
		<feat xlink:href="#sSpan378" value="2"/>
		<feat xlink:href="#sSpan607" value="3"/>
		<feat xlink:href="#sSpan687" value="4"/>
		<feat xlink:href="#sSpan813" value="5"/>
		<feat xlink:href="#sSpan908" value="6"/>
		<feat xlink:href="#sSpan967" value="7"/>
		<feat xlink:href="#sSpan1045" value="8"/>
		<feat xlink:href="#sSpan1091" value="9"/>
		<feat xlink:href="#sSpan1158" value="10"/>
		<feat xlink:href="#sSpan1210" value="11"/>
		<feat xlink:href="#sSpan1299" value="12"/>
		<feat xlink:href="#sSpan1376" value="13"/>
		<feat xlink:href="#sSpan1501" value="14"/>
		<feat xlink:href="#sSpan1571" value="15"/>
		<feat xlink:href="#sSpan1637" value="16"/>
		<feat xlink:href="#sSpan1734" value="17"/>
		<feat xlink:href="#sSpan1800" value="1"/>
		<feat xlink:href="#sSpan1890" value="2"/>
		<feat xlink:href="#sSpan1944" value="3"/>
		<feat xlink:href="#sSpan1994" value="4"/>
		<feat xlink:href="#sSpan2036" value="5"/>
		<feat xlink:href="#sSpan2096" value="6"/>
		<feat xlink:href="#sSpan2124" value="7"/>
		<feat xlink:href="#sSpan2245" value="8"/>
		<feat xlink:href="#sSpan2331" value="9"/>
		<feat xlink:href="#sSpan2374" value="10"/>
		<feat xlink:href="#sSpan2424" value="11"/>
		<feat xlink:href="#sSpan2462" value="12"/>
		<feat xlink:href="#sSpan2512" value="13"/>
		<feat xlink:href="#sSpan2555" value="14"/>
		<feat xlink:href="#sSpan2611" value="15"/>
		<feat xlink:href="#sSpan2650" value="16"/>
		<feat xlink:href="#sSpan2711" value="17"/>
		<feat xlink:href="#sSpan2779" value="18"/>
		<feat xlink:href="#sSpan2889" value="1"/>
		<feat xlink:href="#sSpan2971" value="2"/>
		<feat xlink:href="#sSpan3024" value="3"/>
		<feat xlink:href="#sSpan3085" value="4"/>
		<feat xlink:href="#sSpan3152" value="5"/>
		<feat xlink:href="#sSpan3250" value="6"/>
		<feat xlink:href="#sSpan3315" value="7"/>
		<feat xlink:href="#sSpan3376" value="8"/>
		<feat xlink:href="#sSpan3449" value="9"/>
		<feat xlink:href="#sSpan3524" value="1"/>
		<feat xlink:href="#sSpan3554" value="2"/>
		<feat xlink:href="#sSpan3647" value="3"/>
		<feat xlink:href="#sSpan3684" value="4"/>
		<feat xlink:href="#sSpan3732" value="5"/>
		<feat xlink:href="#sSpan3786" value="6"/>
		<feat xlink:href="#sSpan3858" value="7"/>
		<feat xlink:href="#sSpan3990" value="8"/>
		<feat xlink:href="#sSpan4031" value="1"/>
		<feat xlink:href="#sSpan4085" value="2"/>
		<feat xlink:href="#sSpan4201" value="3"/>
		<feat xlink:href="#sSpan4258" value="4"/>
		<feat xlink:href="#sSpan4302" value="5"/>
		<feat xlink:href="#sSpan4381" value="6"/>
		<feat xlink:href="#sSpan4444" value="7"/>
		<feat xlink:href="#sSpan4502" value="8"/>
		<feat xlink:href="#sSpan4570" value="1"/>
		<feat xlink:href="#sSpan4710" value="2"/>
		<feat xlink:href="#sSpan4824" value="3"/>
		<feat xlink:href="#sSpan5025" value="4"/>
		<feat xlink:href="#sSpan5093" value="5"/>
		<feat xlink:href="#sSpan5247" value="6"/>
		<feat xlink:href="#sSpan5315" value="1"/>
		<feat xlink:href="#sSpan5425" value="1"/>
		<feat xlink:href="#sSpan5568" value="2"/>
		<feat xlink:href="#sSpan5621" value="3"/>
		<feat xlink:href="#sSpan5673" value="4"/>
		<feat xlink:href="#sSpan5770" value="5"/>
		<feat xlink:href="#sSpan5818" value="1"/>
		<feat xlink:href="#sSpan5887" value="2"/>
		<feat xlink:href="#sSpan5945" value="3"/>
		<feat xlink:href="#sSpan6022" value="4"/>
		<feat xlink:href="#sSpan6121" value="5"/>
		<feat xlink:href="#sSpan6187" value="6"/>
		<feat xlink:href="#sSpan6295" value="7"/>
		<feat xlink:href="#sSpan6375" value="8"/>
		<feat xlink:href="#sSpan6495" value="9"/>
		<feat xlink:href="#sSpan6571" value="10"/>
		<feat xlink:href="#sSpan6715" value="11"/>
		<feat xlink:href="#sSpan6844" value="1"/>
		<feat xlink:href="#sSpan6946" value="2"/>
		<feat xlink:href="#sSpan7033" value="3"/>
		<feat xlink:href="#sSpan7167" value="1"/>
		<feat xlink:href="#sSpan7236" value="2"/>
		<feat xlink:href="#sSpan7386" value="3"/>
		<feat xlink:href="#sSpan7457" value="4"/>
		<feat xlink:href="#sSpan7548" value="5"/>
		<feat xlink:href="#sSpan7612" value="1"/>
		<feat xlink:href="#sSpan7692" value="2"/>
		<feat xlink:href="#sSpan7821" value="3"/>
		<feat xlink:href="#sSpan7963" value="1"/>
		<feat xlink:href="#sSpan8112" value="2"/>
		<feat xlink:href="#sSpan8148" value="3"/>
		<feat xlink:href="#sSpan8233" value="4"/>
		<feat xlink:href="#sSpan8410" value="1"/>
		<feat xlink:href="#sSpan8486" value="2"/>
		<feat xlink:href="#sSpan8596" value="3"/>
		<feat xlink:href="#sSpan8678" value="4"/>
		<feat xlink:href="#sSpan8742" value="1"/>
		<feat xlink:href="#sSpan8788" value="2"/>
		<feat xlink:href="#sSpan8880" value="3"/>
		<feat xlink:href="#sSpan9056" value="4"/>
		<feat xlink:href="#sSpan9112" value="5"/>
		<feat xlink:href="#sSpan9195" value="1"/>
		<feat xlink:href="#sSpan9292" value="2"/>
		<feat xlink:href="#sSpan9486" value="3"/>
		<feat xlink:href="#sSpan9598" value="4"/>
		<feat xlink:href="#sSpan9703" value="5"/>
		<feat xlink:href="#sSpan9781" value="1"/>
		<feat xlink:href="#sSpan9824" value="2"/>
		<feat xlink:href="#sSpan9929" value="3"/>
		<feat xlink:href="#sSpan10017" value="4"/>
		<feat xlink:href="#sSpan10050" value="5"/>
		<feat xlink:href="#sSpan10093" value="6"/>
		<feat xlink:href="#sSpan10167" value="1"/>
		<feat xlink:href="#sSpan10222" value="2"/>
		<feat xlink:href="#sSpan10280" value="3"/>
		<feat xlink:href="#sSpan10305" value="4"/>
		<feat xlink:href="#sSpan10311" value="5"/>
		<feat xlink:href="#sSpan10331" value="6"/>
		<feat xlink:href="#sSpan10395" value="7"/>
		<feat xlink:href="#sSpan10482" value="8"/>
		<feat xlink:href="#sSpan10554" value="9"/>
		<feat xlink:href="#sSpan10619" value="10"/>
		<feat xlink:href="#sSpan10703" value="11"/>
		<feat xlink:href="#sSpan10777" value="12"/>
		<feat xlink:href="#sSpan10929" value="1"/>
		<feat xlink:href="#sSpan10988" value="2"/>
		<feat xlink:href="#sSpan11093" value="3"/>
		<feat xlink:href="#sSpan11160" value="4"/>
		<feat xlink:href="#sSpan11205" value="5"/>
		<feat xlink:href="#sSpan11233" value="6"/>
		<feat xlink:href="#sSpan11268" value="7"/>
		<feat xlink:href="#sSpan11301" value="8"/>
		<feat xlink:href="#sSpan11397" value="9"/>
		<feat xlink:href="#sSpan11483" value="10"/>
		<feat xlink:href="#sSpan11597" value="1"/>
		<feat xlink:href="#sSpan11661" value="2"/>
		<feat xlink:href="#sSpan11769" value="3"/>
		<feat xlink:href="#sSpan11849" value="4"/>
		<feat xlink:href="#sSpan12018" value="5"/>
		<feat xlink:href="#sSpan12116" value="6"/>
		<feat xlink:href="#sSpan12235" value="7"/>
		<feat xlink:href="#sSpan12312" value="8"/>
		<feat xlink:href="#sSpan12382" value="9"/>
		<feat xlink:href="#sSpan12627" value="1"/>
		<feat xlink:href="#sSpan12803" value="2"/>
		<feat xlink:href="#sSpan12869" value="3"/>
		<feat xlink:href="#sSpan13023" value="4"/>
		<feat xlink:href="#sSpan13088" value="5"/>
		<feat xlink:href="#sSpan13154" value="6"/>
		<feat xlink:href="#sSpan13275" value="7"/>
		<feat xlink:href="#sSpan13341" value="8"/>
		<feat xlink:href="#sSpan13414" value="9"/>
		<feat xlink:href="#sSpan13482" value="10"/>
		<feat xlink:href="#sSpan13618" value="11"/>
		<feat xlink:href="#sSpan13721" value="12"/></featList></paula>