<?xml version="1.0" encoding="UTF-8" standalone="no"?>

<!DOCTYPE paula SYSTEM "paula_feat.dtd">
<paula version="1.0">

<header paula_id="aof.YA525-530_orig_group"/>

<featList xmlns:xlink="http://www.w3.org/1999/xlink" type="orig_group" xml:base="aof.YA525-530.orig_groupSeg.xml">
<feat xlink:href="#orig_group_1" value="Ⲉⲧⲃⲉⲡⲁⲓ̈"/><!-- Ⲉⲧⲃⲉ -->
<feat xlink:href="#orig_group_3" value="ⲟⲩⲙ︤ⲛ︦ⲧ︥ⲁⲑⲏⲧ`"/><!-- ⲟⲩ -->
<feat xlink:href="#orig_group_6" value="ⲛⲁⲛ"/><!-- ⲛⲁ -->
<feat xlink:href="#orig_group_8" value="ⲧⲉ"/><!-- ⲧⲉ -->
<feat xlink:href="#orig_group_9" value="ⲙ︤ⲛ︥ⲟⲩⲙ︤ⲛ︦ⲧ︥ⲃⲗⲗⲉ"/><!-- ⲙ︤ⲛ︥ -->
<feat xlink:href="#orig_group_13" value="·"/><!-- · -->
<feat xlink:href="#orig_group_14" value="ⲉⲣϣⲁⲛ"/><!-- ⲉⲣϣⲁⲛ -->
<feat xlink:href="#orig_group_15" value="ϩⲟⲓ̈ⲛⲉ"/><!-- ϩⲟⲓ̈ -->
<feat xlink:href="#orig_group_17" value="ϩⲣⲁⲓ̈"/><!-- ϩⲣⲁⲓ̈ -->
<feat xlink:href="#orig_group_18" value="ⲛ̄ϩⲏⲧ︤ⲛ︥"/><!-- ⲛ̄ϩⲏⲧ︤ -->
<feat xlink:href="#orig_group_20" value="ϩⲁⲧⲏⲛ`"/><!-- ϩⲁⲧⲏ -->
<feat xlink:href="#orig_group_22" value="ⲁⲑⲉⲧⲓ`"/><!-- ⲁⲑⲉⲧⲓ` -->
<feat xlink:href="#orig_group_23" value="ϩ︤ⲛ︥ⲟⲩϯⲧⲱⲛ`"/><!-- ϩ︤ⲛ︥ -->
<feat xlink:href="#orig_group_27" value="ⲙ︤ⲛ︥ⲟⲩ"/><!-- ⲙ︤ⲛ︥ -->
<feat xlink:href="#orig_group_29" value="ⲙ︤ⲛ︦ⲧ︥ⲁⲧⲥⲱⲧ︤ⲙ︥"/><!-- ⲙ︤ⲛ︦ⲧ︥ⲁⲧ -->
<feat xlink:href="#orig_group_31" value="ⲛ̄ⲥⲁ"/><!-- ⲛ̄ -->
<feat xlink:href="#orig_group_33" value="ϩⲉ⳯ϩⲃⲏⲩⲉ`"/><!-- ϩⲉ⳯ -->
<feat xlink:href="#orig_group_35" value="ⲉⲩⲛϭⲟⲙ`"/><!-- ⲉ -->
<feat xlink:href="#orig_group_38" value="ⲙ̄ⲙⲟⲟⲩ"/><!-- ⲙ̄ⲙⲟ -->
<feat xlink:href="#orig_group_40" value="ⲉϥⲓ"/><!-- ⲉϥⲓ -->
<feat xlink:href="#orig_group_41" value="·"/><!-- · -->
<feat xlink:href="#orig_group_42" value="ⲡⲉⲩⲣⲟⲟⲩϣ"/><!-- ⲡⲉⲩ -->
<feat xlink:href="#orig_group_44" value="·"/><!-- · -->
<feat xlink:href="#orig_group_45" value="ⲉⲓⲧⲉ"/><!-- ⲉⲓⲧⲉ -->
<feat xlink:href="#orig_group_46" value="ϩⲉⲛⲣⲱⲙⲉ"/><!-- ϩⲉⲛ -->
<feat xlink:href="#orig_group_49" value="ⲉⲁⲩϭⲁⲗⲱⲟⲩ"/><!-- ⲉ -->
<feat xlink:href="#orig_group_54" value="ⲉⲣⲟⲟⲩ"/><!-- ⲉⲣⲟ -->
<feat xlink:href="#orig_group_56" value="·"/><!-- · -->
<feat xlink:href="#orig_group_57" value="ⲉⲓⲧⲉ"/><!-- ⲉⲓ -->
<feat xlink:href="#orig_group_59" value="ϩⲉⲛⲇⲓⲁⲕⲟⲛⲓⲁ`"/><!-- ϩⲉⲛ -->
<feat xlink:href="#orig_group_62" value="·"/><!-- · -->
<feat xlink:href="#orig_group_63" value="ⲉⲓⲧⲉ"/><!-- ⲉⲓⲧⲉ -->
<feat xlink:href="#orig_group_64" value="ϭⲉ"/><!-- ϭⲉ -->
<feat xlink:href="#orig_group_65" value="ⲗⲁⲁⲩ"/><!-- ⲗⲁⲁⲩ -->
<feat xlink:href="#orig_group_66" value="ⲛ̄ϩⲱⲃ"/><!-- ⲛ̄ -->
<feat xlink:href="#orig_group_68" value="ⲉⲛⲁⲛⲟⲩϥ`"/><!-- ⲉ -->
<feat xlink:href="#orig_group_72" value="·"/><!-- · -->
<feat xlink:href="#orig_group_73" value="ⲉⲛⲛⲁϣⲁⲁϥ"/><!-- ⲉ -->
<feat xlink:href="#orig_group_78" value="ⲛ̄ⲛⲉⲛⲉⲣⲏⲩ`"/><!-- ⲛ̄ -->
<feat xlink:href="#orig_group_82" value="ⲉⲃⲟⲗ"/><!-- ⲉⲃⲟⲗ -->
<feat xlink:href="#orig_group_83" value="ϩⲓⲧ︤ⲙ︥ⲡⲛⲟⲩⲧⲉ"/><!-- ϩⲓⲧ︤ⲙ︥ -->
<feat xlink:href="#orig_group_86" value="ⲉⲡⲥⲱⲧⲉ`"/><!-- ⲉ -->
<feat xlink:href="#orig_group_89" value="ⲛⲛⲉ⳯ⲯⲩⲭⲏ`"/><!-- ⲛ -->
<feat xlink:href="#orig_group_92" value="·"/><!-- · -->
<feat xlink:href="#orig_group_93" value="Ⲟⲩⲙ︤ⲛ︦ⲧ︥ⲥⲟϭ"/><!-- Ⲟⲩ -->
<feat xlink:href="#orig_group_96" value="ⲇⲉ"/><!-- ⲇⲉ -->
<feat xlink:href="#orig_group_97" value="ⲟⲛ"/><!-- ⲟⲛ -->
<feat xlink:href="#orig_group_98" value="ⲧⲉ"/><!-- ⲧⲉ -->
<feat xlink:href="#orig_group_99" value="ⲉⲡⲉϩⲟⲩⲟ`"/><!-- ⲉ -->
<feat xlink:href="#orig_group_102" value="ⲙ︤ⲛ︥ⲟⲩⲧⲱⲙ`"/><!-- ⲙ︤ⲛ︥ -->
<feat xlink:href="#orig_group_105" value="ⲛ̄ϩⲏⲧ`"/><!-- ⲛ̄ -->
<feat xlink:href="#orig_group_107" value="ⲉϥϩⲟⲟⲩ"/><!-- ⲉ -->
<feat xlink:href="#orig_group_110" value="·"/><!-- · -->
<feat xlink:href="#orig_group_111" value="ⲉⲣϣⲁⲛϩⲟⲓ̈ⲛⲉ`"/><!-- ⲉⲣϣⲁⲛ -->
<feat xlink:href="#orig_group_113" value="ϩⲁⲧ︤ⲛ︥ⲧⲏⲩⲧ︤ⲛ︥"/><!-- ϩⲁⲧ︤ⲛ︥ -->
<feat xlink:href="#orig_group_115" value="ⲥⲟⲧⲡ︤"/><!-- ⲥⲟⲧⲡ︤ -->
<feat xlink:href="#orig_group_116" value="ⲥ︥"/><!-- ⲥ︥ -->
<feat xlink:href="#orig_group_117" value="ⲛⲁⲩ`"/><!-- ⲛⲁ -->
<feat xlink:href="#orig_group_119" value="ⲉⲧⲣⲉⲩϣⲱⲡⲉ`"/><!-- ⲉ -->
<feat xlink:href="#orig_group_123" value="ⲛ̄ⲁϭⲣⲏⲛ"/><!-- ⲛ̄ -->
<feat xlink:href="#orig_group_125" value="ⲉⲃⲟⲗ"/><!-- ⲉⲃⲟⲗ -->
<feat xlink:href="#orig_group_126" value="ϩⲓⲧ︤ⲙ︥ⲡⲛⲟⲩⲧⲉ"/><!-- ϩⲓ -->
<feat xlink:href="#orig_group_130" value="ⲛ̄ⲥⲉⲁⲡⲟⲧⲁⲥⲥⲉ"/><!-- ⲛ̄ -->
<feat xlink:href="#orig_group_133" value="ϩ︤ⲛ︥ⲟⲩϯⲧⲱⲛ"/><!-- ϩ︤ⲛ︥ -->
<feat xlink:href="#orig_group_137" value="·"/><!-- · -->
<feat xlink:href="#orig_group_138" value="ⲙ︤ⲛ︥ⲟⲩⲙ︤ⲛ︦ⲧ︥ⲁⲧⲥⲃⲱ̂"/><!-- ⲙ︤ⲛ︥ -->
<feat xlink:href="#orig_group_142" value="·"/><!-- · -->
<feat xlink:href="#orig_group_143" value="ⲛ̄ϩⲉⲛϩⲃⲏⲟⲩⲉ`"/><!-- ⲛ̄ -->
<feat xlink:href="#orig_group_147" value="ⲉⲩⲛ̄ϭⲟⲙ"/><!-- ⲉ -->
<feat xlink:href="#orig_group_150" value="ⲙ̄ⲙⲟⲟⲩ"/><!-- ⲙ̄ -->
<feat xlink:href="#orig_group_153" value="ⲉϥⲓⲡⲉⲩⲣⲟⲟⲩϣ`"/><!-- ⲉ -->
<feat xlink:href="#orig_group_157" value="ⲉⲓⲧⲉ"/><!-- ⲉⲓⲧⲉ -->
<feat xlink:href="#orig_group_158" value="ϩⲉⲛⲣⲱⲙⲉ"/><!-- ϩⲉⲛ -->
<feat xlink:href="#orig_group_160" value="·"/><!-- · -->
<feat xlink:href="#orig_group_161" value="ⲉⲓⲧⲉ"/><!-- ⲉⲓ -->
<feat xlink:href="#orig_group_163" value="ϩⲉⲛⲇⲓⲁⲕⲟⲛⲓⲁ`"/><!-- ϩⲉⲛ -->
<feat xlink:href="#orig_group_166" value="·"/><!-- · -->
<feat xlink:href="#orig_group_167" value="ⲉⲓⲧⲉ"/><!-- ⲉⲓⲧⲉ -->
<feat xlink:href="#orig_group_168" value="ϭⲉ"/><!-- ϭⲉ -->
<feat xlink:href="#orig_group_169" value="ⲗⲁⲁⲩ"/><!-- ⲗⲁⲁⲩ -->
<feat xlink:href="#orig_group_170" value="ⲛ̄ϩⲱⲃ`"/><!-- ⲛ̄ -->
<feat xlink:href="#orig_group_172" value="ⲉⲛⲁⲛⲟⲩϥ"/><!-- ⲉ -->
<feat xlink:href="#orig_group_176" value="·"/><!-- · -->
<feat xlink:href="#orig_group_177" value="ⲉⲧⲣⲉⲧ︤ⲛ︥ⲁⲁⲩ`"/><!-- ⲉ -->
<feat xlink:href="#orig_group_182" value="ⲛ̄ⲛⲉⲧ︤ⲛ︥ⲉⲣⲏⲩ"/><!-- ⲛ̄ -->
<feat xlink:href="#orig_group_185" value="ϩ︤ⲛ︥ⲑⲟⲧⲉ"/><!-- ϩ︤ⲛ︥ -->
<feat xlink:href="#orig_group_188" value="ⲙ̄ⲡϫⲟⲉⲓⲥ"/><!-- ⲙ̄ -->
<feat xlink:href="#orig_group_191" value="·"/><!-- · -->
<feat xlink:href="#orig_group_192" value="Ⲉϣϫⲉ"/><!-- Ⲉϣϫⲉ -->
<feat xlink:href="#orig_group_193" value="ⲧⲉⲥϩⲓⲙⲉ"/><!-- ⲧⲉ -->
<feat xlink:href="#orig_group_195" value="ⲇⲉ`"/><!-- ⲇⲉ` -->
<feat xlink:href="#orig_group_196" value="ⲉⲧⲥϩⲙⲟⲟⲥ"/><!-- ⲉⲧ -->
<feat xlink:href="#orig_group_199" value="ⲙ︤ⲛ︥ⲟⲩϩⲁⲓ̈"/><!-- ⲙ︤ⲛ︥ -->
<feat xlink:href="#orig_group_202" value="ⲕⲁⲧⲁⲥⲁⲣ︤ⲝ︥"/><!-- ⲕⲁⲧⲁ -->
<feat xlink:href="#orig_group_204" value="·"/><!-- · -->
<feat xlink:href="#orig_group_205" value="ϣⲁⲥⲣ̄ϩ︤ⲛ︥ⲁⲥ`"/><!-- ϣⲁ -->
<feat xlink:href="#orig_group_210" value="ⲉⲧⲣⲉϩⲉ⳯ϣⲏⲣⲉ"/><!-- ⲉ -->
<feat xlink:href="#orig_group_214" value="ⲙ︤ⲛ︥ϩⲉⲛϣⲉⲉⲣⲉ`"/><!-- ⲙ︤ⲛ︥ -->
<feat xlink:href="#orig_group_217" value="ϣⲱⲡⲉ"/><!-- ϣⲱⲡⲉ -->
<feat xlink:href="#orig_group_218" value="ⲛⲁⲥ"/><!-- ⲛⲁ -->
<feat xlink:href="#orig_group_220" value="·"/><!-- · -->
<feat xlink:href="#orig_group_221" value="ⲁⲩⲱ"/><!-- ⲁⲩⲱ -->
<feat xlink:href="#orig_group_222" value="Ⲉϣϫⲉ"/><!-- Ⲉϣϫⲉ -->
<feat xlink:href="#orig_group_223" value="ⲥⲁⲣⲣⲁ`"/><!-- ⲥⲁⲣⲣⲁ` -->
<feat xlink:href="#orig_group_224" value="ⲙ︤ⲛ︥ϩⲣⲉⲃⲉⲕⲕⲁ`"/><!-- ⲙ︤ⲛ︥ -->
<feat xlink:href="#orig_group_226" value="ⲙ︤ⲛ︥ϩⲣⲁⲭⲏⲗ`"/><!-- ⲙ︤ⲛ︥ -->
<feat xlink:href="#orig_group_228" value="·"/><!-- · -->
<feat xlink:href="#orig_group_229" value="ⲙ︤ⲛ︥ⲁⲛⲛⲁ`"/><!-- ⲙ︤ⲛ︥ -->
<feat xlink:href="#orig_group_232" value="·"/><!-- · -->
<feat xlink:href="#orig_group_233" value="ⲙ︤ⲛ︥ⲧⲙⲁⲁⲩ"/><!-- ⲙ︤ⲛ︥ -->
<feat xlink:href="#orig_group_237" value="ⲙ̄ⲡⲉⲡⲣⲟⲫⲏⲧⲏⲥ"/><!-- ⲙ̄ -->
<feat xlink:href="#orig_group_241" value="ⲥⲁⲙⲯⲱⲛ`"/><!-- ⲥⲁⲙ -->
<feat xlink:href="#orig_group_243" value="·"/><!-- · -->
<feat xlink:href="#orig_group_244" value="ⲙ︤ⲛ︥ⲉⲗⲓⲥⲁⲃⲉⲧ`"/><!-- ⲙ︤ⲛ︥ -->
<feat xlink:href="#orig_group_247" value="ⲧⲙⲁⲁⲩ"/><!-- ⲧ -->
<feat xlink:href="#orig_group_249" value="ⲛ̄ⲓ̈ⲱϩⲁⲛⲛⲏⲥ`"/><!-- ⲛ̄ -->
<feat xlink:href="#orig_group_251" value="ⲡⲉ⳯ⲧⲁϥⲙⲟⲩϩ`"/><!-- ⲡ -->
<feat xlink:href="#orig_group_257" value="ⲙ̄ⲡ︤ⲛ︦ⲁ︥"/><!-- ⲙ̄ -->
<feat xlink:href="#orig_group_259" value="ⲉϥⲟⲩⲁⲁⲃ`"/><!-- ⲉ -->
<feat xlink:href="#orig_group_262" value="ϫⲓⲛ"/><!-- ϫⲓⲛ -->
<feat xlink:href="#orig_group_263" value="ⲉϥⲛ̄ϩⲏⲧ︤ⲥ︥"/><!-- ⲉ -->
<feat xlink:href="#orig_group_267" value="ⲛ̄ⲧⲉϥⲙⲁⲁⲩ"/><!-- ⲛ̄ -->
<feat xlink:href="#orig_group_270" value="·"/><!-- · -->
<feat xlink:href="#orig_group_271" value="ⲉϣϫⲉ"/><!-- ⲉϣϫⲉ -->
<feat xlink:href="#orig_group_272" value="Ⲛⲁⲓ̈"/><!-- Ⲛⲁⲓ̈ -->
<feat xlink:href="#orig_group_273" value="ⲙ︤ⲛ︥ϩⲉⲛⲕⲟⲟⲩⲉ"/><!-- ⲙ︤ⲛ︥ -->
<feat xlink:href="#orig_group_277" value="ϩ︤ⲛ︥ⲛⲉϩⲓⲟⲙⲉ`"/><!-- ϩ︤ⲛ︥ -->
<feat xlink:href="#orig_group_281" value="ⲉⲧⲟⲩⲁⲁⲃ`"/><!-- ⲉⲧ -->
<feat xlink:href="#orig_group_283" value="ⲛ̄ⲁⲣⲭⲁⲓⲟⲥ`"/><!-- ⲛ̄ -->
<feat xlink:href="#orig_group_285" value="ⲛⲉⲩⲱϣ`"/><!-- ⲛⲉ -->
<feat xlink:href="#orig_group_288" value="ⲡⲉ`"/><!-- ⲡⲉ` -->
<feat xlink:href="#orig_group_289" value="ⲉϩⲣⲁⲓ̈"/><!-- ⲉϩⲣⲁⲓ̈ -->
<feat xlink:href="#orig_group_290" value="ⲉⲡϫⲟⲉⲓⲥ`"/><!-- ⲉ -->
<feat xlink:href="#orig_group_293" value="ⲉⲩⲧⲱⲃ︤ϩ︥"/><!-- ⲉ -->
<feat xlink:href="#orig_group_296" value="·"/><!-- · -->
<feat xlink:href="#orig_group_297" value="ⲁⲩⲱ"/><!-- ⲁⲩⲱ -->
<feat xlink:href="#orig_group_298" value="ⲉⲩⲡⲁⲣⲁⲕⲁⲗⲉⲓ`"/><!-- ⲉ -->
<feat xlink:href="#orig_group_301" value="ⲉⲧ︤ⲙ︥ⲧⲣⲉⲩϣⲱⲡⲉ`"/><!-- ⲉ -->
<feat xlink:href="#orig_group_307" value="ⲛ̄ⲁϭⲣⲏⲛ"/><!-- ⲛ̄ -->
<feat xlink:href="#orig_group_309" value="·"/><!-- · -->
<feat xlink:href="#orig_group_310" value="ⲉⲓ̈ⲉ"/><!-- ⲉⲓ̈ⲉ -->
<feat xlink:href="#orig_group_311" value="ⲉⲣϣⲁⲛϩⲟⲓ̈ⲛⲉ"/><!-- ⲉⲣϣⲁⲛ -->
<feat xlink:href="#orig_group_314" value="ϩⲁⲧ︤ⲛ︥ⲧⲏⲩⲧ︤ⲛ︥"/><!-- ϩⲁⲧ︤ⲛ︥ -->
<feat xlink:href="#orig_group_317" value="ⲁⲡⲟⲧⲁⲥⲥⲉ"/><!-- ⲁⲡⲟⲧⲁⲥⲥⲉ -->
<feat xlink:href="#orig_group_318" value="ⲛ̄ϩⲉⲛⲣⲱⲙⲉ`"/><!-- ⲛ̄ -->
<feat xlink:href="#orig_group_321" value="ⲉⲁⲩϭⲁⲗⲱⲟⲩ`"/><!-- ⲉ -->
<feat xlink:href="#orig_group_326" value="ⲉⲣⲟⲟⲩ`"/><!-- ⲉ -->
<feat xlink:href="#orig_group_329" value="ⲉⲃⲟⲗ"/><!-- ⲉⲃⲟⲗ -->
<feat xlink:href="#orig_group_330" value="ϩⲓⲧ︤ⲙ︥ⲡⲛⲟⲩⲧⲉ"/><!-- ϩⲓ -->
<feat xlink:href="#orig_group_334" value="·"/><!-- · -->
<feat xlink:href="#orig_group_335" value="ⲉⲩⲛⲁϣⲱⲡⲉ"/><!-- ⲉ -->
<feat xlink:href="#orig_group_339" value="ⲉⲩⲧϭⲁⲓ̈ⲏⲩ`"/><!-- ⲉ -->
<feat xlink:href="#orig_group_342" value="ⲛ̄ⲟⲩⲏⲣ"/><!-- ⲛ̄ -->
<feat xlink:href="#orig_group_345" value="·"/><!-- · -->
<feat xlink:href="#orig_group_346" value="ϫⲉⲁⲩⲥⲟⲧⲡ︤ⲥ︥"/><!-- ϫⲉ -->
<feat xlink:href="#orig_group_352" value="ⲛⲁⲩ"/><!-- ⲛⲁ -->
<feat xlink:href="#orig_group_354" value="ⲉⲧⲣⲉⲩϣⲱⲡⲉ"/><!-- ⲉ -->
<feat xlink:href="#orig_group_358" value="ⲛ̄ⲁϭⲣⲏⲛ"/><!-- ⲛ̄ -->
<feat xlink:href="#orig_group_360" value="ⲁⲩⲱ"/><!-- ⲁⲩⲱ -->
<feat xlink:href="#orig_group_361" value="ⲛ̄"/><!-- ⲛ̄ -->
<feat xlink:href="#orig_group_362" value="ⲭⲏⲣⲁ"/><!-- ⲭⲏⲣⲁ -->
<feat xlink:href="#orig_group_363" value="·"/><!-- · -->
<feat xlink:href="#orig_group_364" value="Ⲛⲁϣⲱⲟⲩ"/><!-- Ⲛⲁϣⲱ -->
<feat xlink:href="#orig_group_366" value="ⲅⲁⲣ"/><!-- ⲅⲁⲣ -->
<feat xlink:href="#orig_group_367" value="ϫⲓⲛⲛ̄ϣⲟⲣ︤ⲡ︥"/><!-- ϫⲓⲛ -->
<feat xlink:href="#orig_group_370" value="ϣⲁϩⲣⲁⲓ̈"/><!-- ϣⲁ -->
<feat xlink:href="#orig_group_372" value="ⲉⲧⲉⲛⲟⲩ`"/><!-- ⲉ -->
<feat xlink:href="#orig_group_374" value="ⲛ̄ϭⲓϩⲉⲛⲉⲓⲟⲧⲉ`"/><!-- ⲛ̄ϭⲓ -->
<feat xlink:href="#orig_group_377" value="ⲉⲁⲡⲛⲟⲩⲧⲉ`"/><!-- ⲉ -->
<feat xlink:href="#orig_group_381" value="ⲥⲟϣϥⲟⲩ"/><!-- ⲥⲟ -->
<feat xlink:href="#orig_group_384" value="·"/><!-- · -->
<feat xlink:href="#orig_group_385" value="ⲉⲓⲧⲉ"/><!-- ⲉⲓⲧⲉ -->
<feat xlink:href="#orig_group_386" value="ϩⲟⲟⲩⲧ`"/><!-- ϩⲟⲟⲩⲧ` -->
<feat xlink:href="#orig_group_387" value="·"/><!-- · -->
<feat xlink:href="#orig_group_388" value="ⲉⲓⲧⲉ"/><!-- ⲉⲓⲧⲉ -->
<feat xlink:href="#orig_group_389" value="ⲥϩⲓⲙⲉ`"/><!-- ⲥϩⲓⲙⲉ` -->
<feat xlink:href="#orig_group_390" value="·"/><!-- · -->
<feat xlink:href="#orig_group_391" value="ϫⲉⲙ̄ⲡⲟⲩⲱϣ`"/><!-- ϫⲉ -->
<feat xlink:href="#orig_group_396" value="ⲉϣ︤ⲡ︥ϩⲓⲥⲉ`"/><!-- ⲉ -->
<feat xlink:href="#orig_group_399" value="ⲙ︤ⲛ︥ϩⲉⲛⲕⲟⲟⲩⲉ`"/><!-- ⲙ︤ⲛ︥ -->
<feat xlink:href="#orig_group_402" value="ⲉⲧⲣⲉⲩϣⲱⲡⲉ"/><!-- ⲉ -->
<feat xlink:href="#orig_group_406" value="ⲛⲁⲩ"/><!-- ⲛⲁ -->
<feat xlink:href="#orig_group_408" value="ⲉϩⲉⲛϣⲏⲣⲉ`"/><!-- ⲉ -->
<feat xlink:href="#orig_group_411" value="ⲙ︤ⲛ︥ϩⲉⲛϣⲉⲉⲣⲉ`"/><!-- ⲙ︤ⲛ︥ -->
<feat xlink:href="#orig_group_414" value="·"/><!-- · -->
<feat xlink:href="#orig_group_415" value="ⲉⲃⲟⲗ"/><!-- ⲉⲃⲟⲗ -->
<feat xlink:href="#orig_group_416" value="ϩⲓⲧ︤ⲙ︥ⲡⲛⲟⲩⲧⲉ"/><!-- ϩⲓⲧ︤ⲙ︥ -->
<feat xlink:href="#orig_group_419" value="·"/><!-- · -->
<feat xlink:href="#orig_group_420" value="Ⲁⲗⲗⲁ"/><!-- Ⲁⲗⲗⲁ -->
<feat xlink:href="#orig_group_421" value="ⲉⲧⲃⲉⲡⲉⲙⲧⲟⲛ`"/><!-- ⲉⲧⲃⲉ -->
<feat xlink:href="#orig_group_425" value="ⲛ̄ⲥⲱⲙⲁ"/><!-- ⲛ̄ -->
<feat xlink:href="#orig_group_427" value="ⲙ︤ⲛ︥ⲧⲙ︤ⲛ︦ⲧ︥ϫⲁⲥⲓϩⲏⲧ`"/><!-- ⲙ︤ⲛ︥ -->
<feat xlink:href="#orig_group_431" value="·"/><!-- · -->
<feat xlink:href="#orig_group_432" value="ⲉⲁϩⲁϩ"/><!-- ⲉ -->
<feat xlink:href="#orig_group_435" value="ⲛ̄ⲣⲱⲙⲉ"/><!-- ⲛ̄ -->
<feat xlink:href="#orig_group_437" value="ⲁⲡⲟⲧⲁⲥⲥⲉ`"/><!-- ⲁⲡⲟ -->
<feat xlink:href="#orig_group_439" value="ⲉⲧ︤ⲙ︥ⲧⲣⲉⲩϣ︤ⲡ︥ϩⲓⲥⲉ"/><!-- ⲉ -->
<feat xlink:href="#orig_group_445" value="ⲙ︤ⲛ︥ϩⲉⲛⲕⲟⲟⲩⲉ`"/><!-- ⲙ︤ⲛ︥ -->
<feat xlink:href="#orig_group_448" value="ⲉⲃⲟⲗ"/><!-- ⲉⲃⲟⲗ -->
<feat xlink:href="#orig_group_449" value="ϩⲓⲧ︤ⲙ︥ⲡⲛⲟⲩⲧⲉ`"/><!-- ϩⲓⲧ︤ⲙ︥ -->
<feat xlink:href="#orig_group_455" value="ⲛ̄ⲑⲉ"/><!-- ⲛ̄ -->
<feat xlink:href="#orig_group_458" value="ⲛ̄ⲧⲁϩⲟⲓ̈ⲛⲉ"/><!-- ⲛ̄ -->
<feat xlink:href="#orig_group_461" value="ϣ︤ⲡ︥ϩⲓⲥⲉ"/><!-- ϣ︤ⲡ︥ -->
<feat xlink:href="#orig_group_464" value="ϩⲱⲟⲩ"/><!-- ϩⲱ -->
<feat xlink:href="#orig_group_466" value="ⲛ︤ⲙ︥ⲙⲁⲩ"/><!-- ⲛ︤ⲙ︥ -->
<feat xlink:href="#orig_group_469" value="·"/><!-- · -->
<feat xlink:href="#orig_group_470" value="ⲁⲩⲱ"/><!-- ⲁⲩⲱ -->
<feat xlink:href="#orig_group_471" value="ⲉⲁϩⲁϩ"/><!-- ⲉ -->
<feat xlink:href="#orig_group_474" value="ⲛ̄ⲥϩⲓⲙⲉ"/><!-- ⲛ̄ -->
<feat xlink:href="#orig_group_476" value="ⲁⲡⲟⲧⲁⲥⲥⲉ`"/><!-- ⲁ -->
<feat xlink:href="#orig_group_478" value="ⲉⲧ︤ⲙ︥ⲧⲣ̣ⲉⲩϣ̣︤ⲡ̣︥ϩⲓⲥⲉ"/><!-- ⲉ -->
<feat xlink:href="#orig_group_485" value="ⲙ︤ⲛ︥ϩⲉⲛⲕⲟⲟⲩⲉ"/><!-- ⲙ︤ⲛ︥ -->
<feat xlink:href="#orig_group_489" value="ⲉⲃⲟⲗ"/><!-- ⲉⲃⲟⲗ -->
<feat xlink:href="#orig_group_490" value="ϩⲓⲧ︤ⲙ︥ⲡⲛⲟⲩⲧⲉ"/><!-- ϩⲓⲧ︤ⲙ︥ -->
<feat xlink:href="#orig_group_493" value="·"/><!-- · -->
<feat xlink:href="#orig_group_494" value="ⲛ̄ⲑⲉ"/><!-- ⲛ̄ -->
<feat xlink:href="#orig_group_497" value="ⲛ̄ⲧⲁϩⲟⲓ̈ⲛⲉ"/><!-- ⲛ̄ⲧ -->
<feat xlink:href="#orig_group_500" value="ϣ︤ⲡ︥ϩⲓⲥⲉ"/><!-- ϣ︤ⲡ︥ -->
<feat xlink:href="#orig_group_502" value="ϩⲱⲟⲩ"/><!-- ϩⲱ -->
<feat xlink:href="#orig_group_504" value="ⲛ︤ⲙ︥ⲙⲁⲩ"/><!-- ⲛ︤ⲙ︥ⲙⲁ -->
<feat xlink:href="#orig_group_506" value="·"/><!-- · -->
<feat xlink:href="#orig_group_507" value="ⲁⲩⲱ"/><!-- ⲁⲩⲱ -->
<feat xlink:href="#orig_group_508" value="ⲉⲧⲃⲉⲧⲉⲩⲙ︤ⲛ︦ⲧ︥ϫⲁⲥⲓϩⲏⲧ`"/><!-- ⲉⲧⲃⲉ -->
<feat xlink:href="#orig_group_512" value="·"/><!-- · -->
<feat xlink:href="#orig_group_513" value="ⲙ︤ⲛ︥ⲧⲉⲩⲙ︤ⲛ︦ⲧ︥ⲙⲁⲓ̈"/><!-- ⲙ︤ⲛ︥ -->
<feat xlink:href="#orig_group_517" value="ⲡⲉⲩⲙ̄ⲧⲟⲛ"/><!-- ⲡⲉⲩ -->
<feat xlink:href="#orig_group_519" value="ⲛ̄ⲥⲱⲙⲁ`"/><!-- ⲛ̄ -->
<feat xlink:href="#orig_group_521" value="ⲁⲩⲣ̄ϩⲛⲁⲩ"/><!-- ⲁ -->
<feat xlink:href="#orig_group_525" value="ⲉⲧⲣⲉⲩϣⲱⲡⲉ"/><!-- ⲉ -->
<feat xlink:href="#orig_group_529" value="ⲉⲩⲟ"/><!-- ⲉ -->
<feat xlink:href="#orig_group_532" value="ⲛ̄ⲁϭⲣⲏⲛ"/><!-- ⲛ̄ -->
<feat xlink:href="#orig_group_534" value="·"/><!-- · -->
<feat xlink:href="#orig_group_535" value="ⲁⲩⲱ"/><!-- ⲁⲩⲱ -->
<feat xlink:href="#orig_group_536" value="ⲛ̄ⲧⲉⲡϫⲟⲉⲓⲥ`"/><!-- ⲛ̄ⲧⲉ -->
<feat xlink:href="#orig_group_540" value="ϣⲧⲁⲙ`"/><!-- ϣⲧⲁⲙ` -->
<feat xlink:href="#orig_group_541" value="ⲉⲣ︤ⲛ︥ⲧⲟⲟⲧⲉ`"/><!-- ⲉⲣ︤ⲛ︥ -->
<feat xlink:href="#orig_group_544" value="ⲛ̄ⲧⲉⲩⲯⲩⲭⲏ`"/><!-- ⲛ̄ -->
<feat xlink:href="#orig_group_547" value="ⲛ̄ⲑⲉ"/><!-- ⲛ̄ -->
<feat xlink:href="#orig_group_550" value="ⲛ̄ⲟⲩⲁϭⲣⲏⲛ"/><!-- ⲛ̄ -->
<feat xlink:href="#orig_group_553" value="·"/><!-- · -->
<feat xlink:href="#orig_group_554" value="ⲁⲩⲱ"/><!-- ⲁⲩⲱ -->
<feat xlink:href="#orig_group_555" value="ⲛ︤ϥ︥ⲧⲣⲉⲛ̄ϣⲟϫⲛⲉ"/><!-- ⲛ︤ -->
<feat xlink:href="#orig_group_561" value="ⲛ̄ⲧⲉⲥⲃⲱ̂"/><!-- ⲛ̄ -->
<feat xlink:href="#orig_group_564" value="ϣⲟⲟⲩⲉ"/><!-- ϣⲟⲟⲩ -->
<feat xlink:href="#orig_group_566" value="ⲉϩⲣⲁⲓ̈"/><!-- ⲉϩⲣⲁⲓ̈ -->
<feat xlink:href="#orig_group_567" value="ⲛ̄ϩⲏⲧ︤ⲛ︥"/><!-- ⲛ̄ -->
<feat xlink:href="#orig_group_570" value="ⲛ̄ⲑⲉ"/><!-- ⲛ̄ -->
<feat xlink:href="#orig_group_573" value="ⲛ̄ϩⲉⲛⲉⲕⲓⲃⲉ`"/><!-- ⲛ̄ -->
<feat xlink:href="#orig_group_576" value="ⲉⲩϣⲟⲩⲱⲟⲩ`"/><!-- ⲉ -->
<feat xlink:href="#orig_group_580" value="ⲉⲧ︤ⲙ︥ⲧⲣⲉⲩⲥⲱⲧ`"/><!-- ⲉ -->
<feat xlink:href="#orig_group_585" value="ⲉϯⲥⲃⲱ̂"/><!-- ⲉ -->
<feat xlink:href="#orig_group_588" value="ⲛ̄ϩⲉⲛⲕⲟⲟⲩⲉ`"/><!-- ⲛ̄ -->
<feat xlink:href="#orig_group_592" value="ϫⲓⲛⲡⲉⲓ̈ⲛⲁⲩ`"/><!-- ϫⲓⲛ -->
<feat xlink:href="#orig_group_595" value="ⲉⲃⲟⲗ"/><!-- ⲉⲃⲟⲗ -->
<feat xlink:href="#orig_group_596" value="ϩⲓⲧ︤ⲙ︥ⲡⲛⲟⲩⲧⲉ"/><!-- ϩⲓⲧ︤ⲙ︥ -->
<feat xlink:href="#orig_group_599" value="·"/><!-- · -->
<feat xlink:href="#orig_group_600" value="Ⲛⲁϣⲱⲟⲩ"/><!-- Ⲛⲁϣⲱ -->
<feat xlink:href="#orig_group_602" value="ⲇⲉ"/><!-- ⲇⲉ -->
<feat xlink:href="#orig_group_603" value="ⲟⲛ"/><!-- ⲟⲛ -->
<feat xlink:href="#orig_group_604" value="ⲛ̄ϭ[ⲓⲛⲉ]ⲛⲉⲓⲟⲧⲉ"/><!-- ⲛ̄ϭ[ⲓ -->
<feat xlink:href="#orig_group_607" value="ϫⲓⲛⲛ̄ϣⲟⲣ︤ⲡ︥"/><!-- ϫⲓⲛ -->
<feat xlink:href="#orig_group_610" value="ϣⲁϩⲣⲁⲓ̈"/><!-- ϣⲁ -->
<feat xlink:href="#orig_group_612" value="ⲉⲧⲉⲛⲟⲩ"/><!-- ⲉ -->
<feat xlink:href="#orig_group_615" value="ⲉⲁⲡϫⲟⲉⲓⲥ"/><!-- ⲉ -->
<feat xlink:href="#orig_group_620" value="ⲥⲙⲟⲩ"/><!-- ⲥⲙⲟⲩ -->
<feat xlink:href="#orig_group_621" value="ⲉⲣⲟⲟⲩ"/><!-- ⲉ -->
<feat xlink:href="#orig_group_624" value="·"/><!-- · -->
<feat xlink:href="#orig_group_625" value="ⲉⲓⲧⲉ"/><!-- ⲉⲓⲧⲉ -->
<feat xlink:href="#orig_group_626" value="ϩⲟⲟⲩⲧ"/><!-- ϩⲟⲟⲩⲧ -->
<feat xlink:href="#orig_group_627" value="·"/><!-- · -->
<feat xlink:href="#orig_group_628" value="ⲉⲓⲧⲉ"/><!-- ⲉⲓⲧⲉ -->
<feat xlink:href="#orig_group_629" value="ⲥϩⲓⲙⲉ"/><!-- ⲥϩⲓⲙⲉ -->
<feat xlink:href="#orig_group_630" value="·"/><!-- · -->
<feat xlink:href="#orig_group_631" value="ϫⲉⲁⲩⲣ̄ϩⲛⲁⲩ"/><!-- ϫⲉ -->
<feat xlink:href="#orig_group_636" value="ⲛ̄ϩⲟⲩⲟ"/><!-- ⲛ̄ -->
<feat xlink:href="#orig_group_638" value="ⲉϣ︤ⲡ︥ϩⲓⲥⲉ`"/><!-- ⲉ -->
<feat xlink:href="#orig_group_641" value="ⲙ︤ⲛ︥ϩⲉⲛⲕⲟⲟⲩⲉ`"/><!-- ⲙ︤ⲛ︥ -->
<feat xlink:href="#orig_group_644" value="ⲉⲃⲟⲗ"/><!-- ⲉ -->
<feat xlink:href="#orig_group_646" value="ϩⲓⲧ︤ⲙ︥ⲡⲛⲟⲩⲧⲉ"/><!-- ϩⲓⲧ︤ⲙ︥ -->
<feat xlink:href="#orig_group_650" value="·"/><!-- · -->
<feat xlink:href="#orig_group_651" value="ⲛ̄ⲑⲉ"/><!-- ⲛ̄ -->
<feat xlink:href="#orig_group_654" value="ⲛ̄ⲛⲉⲛⲉⲓⲟⲧⲉ"/><!-- ⲛ̄ -->
<feat xlink:href="#orig_group_657" value="ⲛ̄ⲁⲣⲭⲁⲓⲟⲥ"/><!-- ⲛ̄ -->
<feat xlink:href="#orig_group_659" value="·"/><!-- · -->
<feat xlink:href="#orig_group_660" value="ⲁⲩⲱ"/><!-- ⲁⲩⲱ -->
<feat xlink:href="#orig_group_661" value="ⲛⲉⲡⲣⲟⲫⲏⲧⲏⲥ`"/><!-- ⲛⲉ -->
<feat xlink:href="#orig_group_663" value="ⲙ︤ⲛ︥ⲛ̄ⲁⲡⲟⲥⲧⲟⲗⲟⲥ"/><!-- ⲙ︤ⲛ︥ -->
<feat xlink:href="#orig_group_667" value="ⲛⲁⲓ̈"/><!-- ⲛⲁⲓ̈ -->
<feat xlink:href="#orig_group_668" value="ⲛ̄ⲧⲁⲩϣⲱⲡⲉ`"/><!-- ⲛ̄ⲧ -->
<feat xlink:href="#orig_group_672" value="ⲛ̄ⲉⲓⲱⲧ`"/><!-- ⲛ̄ -->
<feat xlink:href="#orig_group_674" value="ⲛ̄ϩⲁϩ"/><!-- ⲛ̄ -->
<feat xlink:href="#orig_group_676" value="ⲙ̄ⲙⲏⲏϣⲉ"/><!-- ⲙ̄ -->
<feat xlink:href="#orig_group_678" value="ⲉⲃⲟⲗ"/><!-- ⲉⲃⲟⲗ -->
<feat xlink:href="#orig_group_679" value="ϩⲓⲧ︤ⲙ︥ⲡⲛⲟⲩⲧⲉ"/><!-- ϩⲓⲧ︤ⲙ︥ -->
<feat xlink:href="#orig_group_683" value="·"/><!-- · -->
<feat xlink:href="#orig_group_684" value="ⲁⲩⲱ"/><!-- ⲁⲩⲱ -->
<feat xlink:href="#orig_group_685" value="ⲛ̄Ⲑⲉ"/><!-- ⲛ̄ -->
<feat xlink:href="#orig_group_688" value="ⲛ̄ⲇⲉⲃⲃⲱⲣⲁ`"/><!-- ⲛ̄ -->
<feat xlink:href="#orig_group_690" value="ⲧⲁⲓ̈"/><!-- ⲧⲁⲓ̈ -->
<feat xlink:href="#orig_group_691" value="ⲛ̄ⲧⲁⲥϣⲱⲡⲉ`"/><!-- ⲛ̄ⲧ -->
<feat xlink:href="#orig_group_696" value="ⲛ̄ⲕⲣⲓⲧⲏⲥ"/><!-- ⲛ̄ -->
<feat xlink:href="#orig_group_698" value="·"/><!-- · -->
<feat xlink:href="#orig_group_699" value="ⲁⲩⲱ"/><!-- ⲁⲩⲱ -->
<feat xlink:href="#orig_group_700" value="ⲙ̄ⲙⲁⲁⲩ"/><!-- ⲙ̄ⲙⲁⲁⲩ -->
<feat xlink:href="#orig_group_701" value="ϩ︤ⲙ︥ⲡ︤ⲓ︦ⲏ︦ⲗ︥"/><!-- ϩ︤ⲙ︥ -->
<feat xlink:href="#orig_group_704" value="·"/><!-- · -->
<feat xlink:href="#orig_group_705" value="ⲁⲩⲱ"/><!-- ⲁⲩⲱ -->
<feat xlink:href="#orig_group_706" value="ⲛ̄ⲑⲉ"/><!-- ⲛ̄ -->
<feat xlink:href="#orig_group_709" value="ⲛⲟⲇⲟⲗⲗⲁ`"/><!-- ⲛ -->
<feat xlink:href="#orig_group_711" value="ⲧⲉⲡⲣⲟⲫⲏⲧⲏⲥ"/><!-- ⲧⲉ -->
<feat xlink:href="#orig_group_713" value="·"/><!-- · -->
<feat xlink:href="#orig_group_714" value="ⲧⲁⲓ̈"/><!-- ⲧⲁⲓ̈ -->
<feat xlink:href="#orig_group_715" value="ⲛ̄ⲧⲁⲓ̈ⲱⲥⲓⲁⲥ"/><!-- ⲛ̄ⲧ -->
<feat xlink:href="#orig_group_719" value="ⲡ︤ⲣ︥ⲣⲟ`"/><!-- ⲡ︤ -->
<feat xlink:href="#orig_group_721" value="ⲛ̄ⲇⲓⲕⲁⲓⲟⲥ"/><!-- ⲛ̄ -->
<feat xlink:href="#orig_group_724" value="[...]ⲩ̣"/><!-- [...]ⲩ̣ -->
<feat xlink:href="#orig_group_725" value="ⲉⲣⲁⲧ︤ⲥ︥"/><!-- ⲉ -->
<feat xlink:href="#orig_group_728" value="ⲉⲧⲣ̣[ⲉ.]ϣⲓⲛⲉ"/><!-- ⲉ -->
<feat xlink:href="#orig_group_732" value="ⲙ̄ⲡ̣[ϫⲟ]ⲉⲓⲥ`"/><!-- ⲙ̄ -->
<feat xlink:href="#orig_group_736" value="ⲉⲃⲟⲗ"/><!-- ⲉⲃⲟⲗ -->
<feat xlink:href="#orig_group_737" value="ϩⲓⲧⲟⲟⲧ︤ⲥ︥"/><!-- ϩⲓ -->
<feat xlink:href="#orig_group_741" value="·"/><!-- · -->
<feat xlink:href="#orig_group_742" value="ⲁⲩⲱ"/><!-- ⲁⲩⲱ -->
<feat xlink:href="#orig_group_743" value="ⲛ̄ⲑⲉ"/><!-- ⲛ̄ -->
<feat xlink:href="#orig_group_746" value="ⲛ̄ⲁⲛⲛⲁ`"/><!-- ⲛ̄ -->
<feat xlink:href="#orig_group_748" value="ⲧϣⲉⲉⲣⲉ`"/><!-- ⲧ -->
<feat xlink:href="#orig_group_751" value="ⲙ̄ⲫⲁⲛⲟⲩⲏⲗ`"/><!-- ⲙ̄ -->
<feat xlink:href="#orig_group_754" value="·"/><!-- · -->
<feat xlink:href="#orig_group_755" value="ⲙ̄ⲡⲛⲁⲩ"/><!-- ⲙ̄ -->
<feat xlink:href="#orig_group_758" value="Ⲁⲛ"/><!-- Ⲁⲛ -->
<feat xlink:href="#orig_group_759" value="ⲡⲉ"/><!-- ⲡⲉ -->
<feat xlink:href="#orig_group_760" value="ⲡⲁⲓ̈"/><!-- ⲡⲁⲓ̈ -->
<feat xlink:href="#orig_group_761" value="ⲉⲧⲣⲉⲛ̄ⲉⲓⲟⲧⲉ"/><!-- ⲉ -->
<feat xlink:href="#orig_group_765" value="ⲛ̄ϩⲉⲛϣⲏⲣⲉ`"/><!-- ⲛ̄ -->
<feat xlink:href="#orig_group_768" value="ⲙ︤ⲛ︥ϩⲉⲛϣⲉⲉⲣⲉ`"/><!-- ⲙ︤ⲛ︥ -->
<feat xlink:href="#orig_group_771" value="ⲉⲃⲟⲗ"/><!-- ⲉⲃⲟⲗ -->
<feat xlink:href="#orig_group_772" value="ϩⲓⲧ︤ⲙ︥ⲡⲛⲟⲩⲧⲉ"/><!-- ϩⲓⲧ︤ⲙ︥ -->
<feat xlink:href="#orig_group_775" value="·"/><!-- · -->
<feat xlink:href="#orig_group_776" value="ϫⲟⲟⲥ"/><!-- ϫⲟⲟ -->
<feat xlink:href="#orig_group_778" value="ϩ︤ⲛ︥ⲧⲉⲩⲙ︤ⲛ︦ⲧ︥ⲁⲧⲥⲟⲟⲩ⳯"/><!-- ϩ︤ⲛ︥ -->
<feat xlink:href="#orig_group_781" value="·"/><!-- · -->
<feat xlink:href="#orig_group_782" value="ϫⲉⲡϫⲟⲉⲓⲥ"/><!-- ϫⲉ -->
<feat xlink:href="#orig_group_785" value="ⲛⲁϯ"/><!-- ⲛⲁ -->
<feat xlink:href="#orig_group_787" value="ⲛ̄ϩⲉⲛⲥⲓⲟⲩⲣ`"/><!-- ⲛ̄ -->
<feat xlink:href="#orig_group_790" value="ⲙ︤ⲛ︥ⲙ̄ⲡⲁⲣⲑⲉⲛⲟⲥ"/><!-- ⲙ︤ⲛ︥ -->
<feat xlink:href="#orig_group_794" value="ⲛ̄ⲟⲩⲙⲁ`"/><!-- ⲛ̄ -->
<feat xlink:href="#orig_group_797" value="ⲉϥⲥⲟⲧ︤ⲡ︥`"/><!-- ⲉ -->
<feat xlink:href="#orig_group_800" value="ⲁⲩⲱ"/><!-- ⲁⲩⲱ -->
<feat xlink:href="#orig_group_801" value="ⲛ̄ⲥⲟⲉⲓⲧ`"/><!-- ⲛ̄ -->
<feat xlink:href="#orig_group_803" value="ⲉⲛⲁⲛⲟⲩϥ"/><!-- ⲉ -->
<feat xlink:href="#orig_group_807" value="ⲉϣⲏⲣⲉ`"/><!-- ⲉ -->
<feat xlink:href="#orig_group_809" value="ϩⲓϣⲉⲉⲣⲉ"/><!-- ϩⲓ -->
<feat xlink:href="#orig_group_811" value="·"/><!-- · -->
<feat xlink:href="#orig_group_812" value="Ⲛ̄ⲥⲉⲥⲟⲧⲡ︤ⲥ︥"/><!-- Ⲛ̄ -->
<feat xlink:href="#orig_group_816" value="ⲛⲁⲩ`"/><!-- ⲛⲁ -->
<feat xlink:href="#orig_group_818" value="ⲛ̄ϭⲓϩⲟⲓ̈ⲛⲉ`"/><!-- ⲛ̄ϭⲓ -->
<feat xlink:href="#orig_group_820" value="ϩⲣⲁⲓ̈"/><!-- ϩⲣⲁⲓ̈ -->
<feat xlink:href="#orig_group_821" value="ⲛ̄ϩⲏⲧ︤ⲛ︥"/><!-- ⲛ̄ϩⲏⲧ︤ -->
<feat xlink:href="#orig_group_823" value="ϩⲁⲧⲏⲛ`"/><!-- ϩⲁⲧⲏ -->
<feat xlink:href="#orig_group_825" value="ⲏ̂"/><!-- ⲏ̂ -->
<feat xlink:href="#orig_group_826" value="ϩⲁⲧ︤ⲛ︥ⲧⲏⲩⲧ︤ⲛ︥"/><!-- ϩⲁⲧ︤ⲛ︥ -->
<feat xlink:href="#orig_group_828" value="ⲛ̄ⲧⲱⲧ︤ⲛ︥"/><!-- ⲛ̄ⲧⲱⲧ︤ⲛ︥ -->
<feat xlink:href="#orig_group_829" value="·"/><!-- · -->
<feat xlink:href="#orig_group_830" value="ⲉⲧⲣⲉⲩⲁⲡⲟⲧⲁⲥⲥⲉ`"/><!-- ⲉ -->
<feat xlink:href="#orig_group_835" value="ⲛ̄ⲛⲉⲛⲧⲁⲩϭⲁⲗⲱⲟⲩ"/><!-- ⲛ̄ -->
<feat xlink:href="#orig_group_842" value="ⲉⲣⲟⲟⲩ̣"/><!-- ⲉⲣⲟ -->
<feat xlink:href="#orig_group_844" value="ⲉⲧ︤ⲙ̣︥ⲧⲣⲉⲩϥⲓ"/><!-- ⲉ -->
<feat xlink:href="#orig_group_849" value="ⲡⲉⲩⲣⲟⲟⲩϣ"/><!-- ⲡⲉⲩ -->
<feat xlink:href="#orig_group_851" value="ⲉⲩϫⲱ"/><!-- ⲉ -->
<feat xlink:href="#orig_group_854" value="ⲙ̄ⲙⲟⲥ"/><!-- ⲙ̄ⲙⲟ -->
<feat xlink:href="#orig_group_856" value="ϫⲉⲧ︤ⲛ︥ⲛⲁⲣ̄ⲁⲛⲁ[ϥ]ⲙ̄ⲡⲛⲟⲩⲧⲉ"/><!-- ϫⲉ -->
<feat xlink:href="#orig_group_865" value="·"/><!-- · -->
<feat xlink:href="#orig_group_866" value="ⲁⲩⲱ"/><!-- ⲁⲩⲱ -->
<feat xlink:href="#orig_group_867" value="ⲙ̄ⲡⲉⲛⲣⲟⲟⲩϣ`"/><!-- ⲙ̄ -->
<feat xlink:href="#orig_group_871" value="ⲁⲛ"/><!-- ⲁⲛ -->
<feat xlink:href="#orig_group_872" value="ⲡⲉ"/><!-- ⲡⲉ -->
<feat xlink:href="#orig_group_873" value="ϩⲁⲛⲁⲓ̈"/><!-- ϩⲁ -->
<feat xlink:href="#orig_group_875" value="ⲙ︤ⲛ︥ⲛⲉⲓ̈ⲕⲟⲟⲩⲉ`"/><!-- ⲙ︤ⲛ︥ -->
<feat xlink:href="#orig_group_879" value="·"/><!-- · -->
<feat xlink:href="#orig_group_880" value="ⲁⲩⲱ"/><!-- ⲁⲩⲱ -->
<feat xlink:href="#orig_group_881" value="ϩ︤ⲙ︥ⲡⲉⲩⲧⲱⲙ`"/><!-- ϩ︤ⲙ︥ -->
<feat xlink:href="#orig_group_884" value="ⲛ̄ϩⲏⲧ`"/><!-- ⲛ̄ -->
<feat xlink:href="#orig_group_886" value="ⲉⲩⲉⲓⲛⲉ"/><!-- ⲉ -->
<feat xlink:href="#orig_group_889" value="ⲉϩⲟⲩⲛ`"/><!-- ⲉϩⲟⲩⲛ` -->
<feat xlink:href="#orig_group_890" value="ⲙ̄ⲡϣⲁϫⲉ`"/><!-- ⲙ̄ -->
<feat xlink:href="#orig_group_894" value="ⲙ̄ⲡⲉⲡⲣⲟⲫⲏⲧⲏⲥ"/><!-- ⲙ̄ -->
<feat xlink:href="#orig_group_898" value="·"/><!-- · -->
<feat xlink:href="#orig_group_899" value="ⲉⲩⲃⲱⲗ`"/><!-- ⲉ -->
<feat xlink:href="#orig_group_902" value="ⲙ̄ⲙⲟϥ`"/><!-- ⲙ̄ⲙⲟ -->
<feat xlink:href="#orig_group_904" value="ⲉϫ︤ⲙ︥ⲡⲟⲩⲱϣ`"/><!-- ⲉ -->
<feat xlink:href="#orig_group_908" value="ⲙ̄ⲡⲉⲩϩⲏⲧ`"/><!-- ⲙ̄ -->
<feat xlink:href="#orig_group_911" value="·"/><!-- · -->
<feat xlink:href="#orig_group_912" value="ⲙ︤ⲛ︥ⲡⲉⲩⲙ̄ⲧⲟⲛ"/><!-- ⲙ︤ⲛ︥ -->
<feat xlink:href="#orig_group_915" value="ⲙ̄ⲙⲓⲛ`ⲙ̄ⲙⲟ"/><!-- ⲙ̄ⲙⲓⲛ`ⲙ̄ⲙⲟ -->
<feat xlink:href="#orig_group_916" value="ⲟⲩ`"/><!-- ⲟⲩ` -->
<feat xlink:href="#orig_group_917" value="ⲉⲩϫⲱ"/><!-- ⲉ -->
<feat xlink:href="#orig_group_920" value="ⲙ̄ⲙⲟⲥ"/><!-- ⲙ̄ⲙⲟ -->
<feat xlink:href="#orig_group_922" value="ϫⲉⲡϫⲟⲉⲓⲥ"/><!-- ϫⲉ -->
<feat xlink:href="#orig_group_925" value="ⲛⲁϯ"/><!-- ⲛⲁ -->
<feat xlink:href="#orig_group_927" value="ⲛ̄ⲛⲉⲥⲓⲟⲩⲣ`"/><!-- ⲛ̄ -->
<feat xlink:href="#orig_group_930" value="ⲙ︤ⲛ︥ⲙ̄ⲡⲁⲣⲑⲉⲛⲟⲥ"/><!-- ⲙ︤ⲛ︥ -->
<feat xlink:href="#orig_group_934" value="ⲛ̄ⲟⲩⲙ︤ⲛ︦ⲧ︥ⲉⲣⲟ`"/><!-- ⲛ̄ -->
<feat xlink:href="#orig_group_938" value="ⲛ̄ⲧⲉⲙ̄ⲡⲏⲩⲉ"/><!-- ⲛ̄ⲧⲉ -->
<feat xlink:href="#orig_group_941" value="·"/><!-- · -->
<feat xlink:href="#orig_group_942" value="ⲁⲩⲱ"/><!-- ⲁⲩⲱ -->
<feat xlink:href="#orig_group_943" value="Ⲛ̄ⲧⲉⲓ̈ϩⲉ"/><!-- Ⲛ̄ -->
<feat xlink:href="#orig_group_946" value="ⲛ̄ⲥⲉⲁⲡⲟⲧⲁⲥⲥⲉ"/><!-- ⲛ̄ -->
<feat xlink:href="#orig_group_950" value="ⲛ̄ϩⲉⲛⲕⲟⲟⲩⲉ`"/><!-- ⲛ̄ -->
<feat xlink:href="#orig_group_953" value="ⲉⲧ︤ⲙ︥ⲧⲣⲉⲩϥⲓ"/><!-- ⲉ -->
<feat xlink:href="#orig_group_958" value="ⲡⲉⲩⲣⲟⲟⲩϣ`"/><!-- ⲡⲉⲩ -->
<feat xlink:href="#orig_group_960" value="[ ]"/><!-- [ ] -->
<feat xlink:href="#orig_group_961" value="[ ]"/><!-- [ ] -->
<feat xlink:href="#orig_group_962" value="[ ]"/><!-- [ ] -->
<feat xlink:href="#orig_group_963" value="[.....]ⲡ̣ⲣ̣[..][....]ⲥ̣"/><!-- [.....]ⲡ̣ⲣ̣[..] -->
<feat xlink:href="#orig_group_965" value="·"/><!-- · -->
<feat xlink:href="#orig_group_966" value="ϫⲉⲙ̣[.....]ⲟⲓ"/><!-- ϫⲉ -->
<feat xlink:href="#orig_group_969" value="ⲙ̄ⲙⲟϥ"/><!-- ⲙ̄ⲙⲟ -->
<feat xlink:href="#orig_group_971" value="·"/><!-- · -->
<feat xlink:href="#orig_group_972" value="[....]ϫ̣ⲉ"/><!-- [....]ϫ̣ⲉ -->
<feat xlink:href="#orig_group_973" value="ⲙ̄ⲡⲟⲩ[..]ⲥ̣ⲃⲱ`"/><!-- ⲙ̄ⲡⲟⲩ -->
<feat xlink:href="#orig_group_975" value="ⲉⲛⲉϩ"/><!-- ⲉⲛⲉϩ -->
<feat xlink:href="#orig_group_976" value="ⲛ̣̄ⲧⲟⲟⲧ︤ϥ︥"/><!-- ⲛ̣̄ⲧⲟⲟⲧ︤ -->
<feat xlink:href="#orig_group_978" value="ⲙ̄ⲡⲁ[ⲡⲟⲥ]ⲧⲟⲗⲟⲥ"/><!-- ⲙ̄ -->
<feat xlink:href="#orig_group_982" value="ⲉϥ[..]ⲱ̣"/><!-- ⲉ -->
<feat xlink:href="#orig_group_985" value="ⲙ̄ⲙⲟⲥ"/><!-- ⲙ̄ⲙⲟ -->
<feat xlink:href="#orig_group_987" value="·"/><!-- · -->
<feat xlink:href="#orig_group_988" value="[..]ⲉ̣ⲙ̄ⲡ︤ⲣ︥ⲧⲣⲉ[..]ⲁⲩϣⲓⲛⲉ`"/><!-- [..]ⲉ̣ -->
<feat xlink:href="#orig_group_993" value="ⲛ̄[.]ⲁⲧⲉϥⲛⲟϥⲣⲉ`"/><!-- ⲛ̄ -->
<feat xlink:href="#orig_group_998" value="ⲁⲗⲗⲁ"/><!-- ⲁⲗⲗⲁ -->
<feat xlink:href="#orig_group_999" value="ⲧⲁⲕⲉⲟⲩⲁ`"/><!-- ⲧⲁ -->
<feat xlink:href="#orig_group_1002" value="ⲕⲁⲧⲁⲑⲉ"/><!-- ⲕⲁⲧⲁ -->
<feat xlink:href="#orig_group_1005" value="ϩⲱⲱϥ"/><!-- ϩⲱⲱ -->
<feat xlink:href="#orig_group_1007" value="ⲟⲛ"/><!-- ⲟⲛ -->
<feat xlink:href="#orig_group_1008" value="ⲉⲧⲉ"/><!-- ⲉ -->
<feat xlink:href="#orig_group_1010" value="ⲙ̄ⲡ︤ϥ︥ϣⲓⲛⲉ"/><!-- ⲙ̄ⲡ︤ -->
<feat xlink:href="#orig_group_1013" value="ⲛ̄ⲥⲁⲧⲉϥⲛⲟϥⲣⲉ`"/><!-- ⲛ̄ⲥⲁ -->
<feat xlink:href="#orig_group_1017" value="ⲁⲗⲗⲁ"/><!-- ⲁⲗⲗⲁ -->
<feat xlink:href="#orig_group_1018" value="ⲧⲁϩⲁϩ"/><!-- ⲧⲁ -->
<feat xlink:href="#orig_group_1020" value="ϫⲉⲉⲩⲉⲟⲩϫⲁⲓ̈"/><!-- ϫⲉ -->
<feat xlink:href="#orig_group_1024" value="·"/><!-- · -->
<feat xlink:href="#orig_group_1025" value="ⲙⲁⲗⲓⲤⲧⲁ"/><!-- ⲙⲁⲗⲓ -->
<feat xlink:href="#orig_group_1027" value="ⲇ̣ⲉ"/><!-- ⲇ̣ⲉ -->
<feat xlink:href="#orig_group_1028" value="ⲡⲉⲡⲣⲟⲫⲏⲧⲏⲥ`"/><!-- ⲡⲉ -->
<feat xlink:href="#orig_group_1031" value="ⲉⲧⲉⲣⲉⲛⲓⲁⲧⲥⲃⲱ̂"/><!-- ⲉⲧⲉ -->
<feat xlink:href="#orig_group_1035" value="ⲃⲱⲗ`"/><!-- ⲃⲱⲗ` -->
<feat xlink:href="#orig_group_1036" value="ⲙ̄ⲡⲉϥϣⲁϫⲉ`"/><!-- ⲙ̄ -->
<feat xlink:href="#orig_group_1039" value="ⲉϫ︤ⲙ︥ⲡⲉⲩⲟⲩⲱϣ`"/><!-- ⲉϫ︤ⲙ︥ -->
<feat xlink:href="#orig_group_1042" value="ⲙ̄ⲙⲓⲛⲙ̄ⲙⲟⲟⲩ"/><!-- ⲙ̄ⲙⲓⲛⲙ̄ⲙⲟ -->
<feat xlink:href="#orig_group_1044" value="·"/><!-- · -->
<feat xlink:href="#orig_group_1045" value="ϫⲉⲡϫⲟⲉⲓⲥ"/><!-- ϫⲉ -->
<feat xlink:href="#orig_group_1048" value="ⲛⲁϯ"/><!-- ⲛⲁ -->
<feat xlink:href="#orig_group_1050" value="ⲛ̄ⲛⲉⲥⲓ[....]ⲟⲩⲙⲁ"/><!-- ⲛ̄ -->
<feat xlink:href="#orig_group_1055" value="[...]ⲟⲧ︤ⲡ︥"/><!-- [...]ⲟⲧ︤ⲡ︥ -->
<feat xlink:href="#orig_group_1056" value="·"/><!-- · -->
<feat xlink:href="#orig_group_1057" value="[...]ⲛ̄ⲥⲟⲉⲓⲧ`"/><!-- [...]ⲛ̄ -->
<feat xlink:href="#orig_group_1059" value="ⲉ̣ⲛⲁⲛⲟⲩϥ̣"/><!-- ⲉ̣ -->
<feat xlink:href="#orig_group_1062" value="ⲉϣⲏⲣⲉ`"/><!-- ⲉ -->
<feat xlink:href="#orig_group_1064" value="ϩⲓϣⲉⲉⲣⲉ"/><!-- ϩⲓ -->
<feat xlink:href="#orig_group_1067" value="·"/><!-- · -->
<feat xlink:href="#orig_group_1068" value="ⲛ̄ⲧⲟϥ"/><!-- ⲛ̄ⲧⲟϥ -->
<feat xlink:href="#orig_group_1069" value="Ϩⲱⲱϥ`"/><!-- Ϩⲱⲱ -->
<feat xlink:href="#orig_group_1071" value="ⲟⲛ`"/><!-- ⲟⲛ` -->
<feat xlink:href="#orig_group_1072" value="ⲏ̂ⲥⲁⲓ̈ⲁⲥ"/><!-- ⲏ̂ⲥⲁⲓ̈ -->
<feat xlink:href="#orig_group_1074" value="ⲟⲩ"/><!-- ⲟⲩ -->
<feat xlink:href="#orig_group_1075" value="ⲙⲟⲛⲟ⳯"/><!-- ⲙⲟⲛⲟ⳯ -->
<feat xlink:href="#orig_group_1076" value="ϫⲉⲁϥϣ︤ⲡ︥"/><!-- ϫⲉ -->
<feat xlink:href="#orig_group_1080" value="ϩⲁϩ"/><!-- ϩⲁϩ -->
<feat xlink:href="#orig_group_1081" value="ⲛ̄ϩⲓⲥⲉ`"/><!-- ⲛ̄ -->
<feat xlink:href="#orig_group_1083" value="ⲉⲧⲃⲉⲡⲣⲁⲛ`"/><!-- ⲉⲧⲃⲉ -->
<feat xlink:href="#orig_group_1086" value="ⲙ̄ⲡⲛⲟⲩⲧⲉ"/><!-- ⲙ̄ -->
<feat xlink:href="#orig_group_1090" value="·"/><!-- · -->
<feat xlink:href="#orig_group_1091" value="ⲁⲗⲗⲁ"/><!-- ⲁⲗⲗⲁ -->
<feat xlink:href="#orig_group_1092" value="ⲁϥⲙⲟⲩ"/><!-- ⲁ -->
<feat xlink:href="#orig_group_1095" value="ϩⲁϩⲉⲛⲙⲏⲏϣⲉ`"/><!-- ϩⲁ -->
<feat xlink:href="#orig_group_1098" value="ⲉⲛⲁϣⲱⲟⲩ"/><!-- ⲉ -->
<feat xlink:href="#orig_group_1102" value="·"/><!-- · -->
<feat xlink:href="#orig_group_1103" value="ⲁⲩⲱ"/><!-- ⲁⲩⲱ -->
<feat xlink:href="#orig_group_1104" value="ϩⲁⲣⲟⲛ"/><!-- ϩⲁⲣⲟ -->
<feat xlink:href="#orig_group_1106" value="ⲧⲏⲣ︤ⲛ︥"/><!-- ⲧⲏⲣ︤ -->
<feat xlink:href="#orig_group_1108" value="·"/><!-- · -->
<feat xlink:href="#orig_group_1109" value="Ⲟⲩⲉⲓⲱⲧ`"/><!-- Ⲟⲩ -->
<feat xlink:href="#orig_group_1111" value="ⲏ̂"/><!-- ⲏ̂ -->
<feat xlink:href="#orig_group_1112" value="ⲟⲩⲙⲁⲁⲩ`"/><!-- ⲟⲩ -->
<feat xlink:href="#orig_group_1114" value="ⲉⲩⲛ̄ⲧⲁⲩ"/><!-- ⲉ -->
<feat xlink:href="#orig_group_1117" value="ⲙ̄ⲙⲁⲩ`"/><!-- ⲙ̄ⲙⲁⲩ` -->
<feat xlink:href="#orig_group_1118" value="ⲛ̄ϩⲉⲛϣⲏⲣⲉ`"/><!-- ⲛ̄ -->
<feat xlink:href="#orig_group_1121" value="ⲙ︤ⲛ︥ϩⲉⲛϣⲉⲉⲣⲉ"/><!-- ⲙ︤ⲛ︥ -->
<feat xlink:href="#orig_group_1124" value="·"/><!-- · -->
<feat xlink:href="#orig_group_1125" value="ⲙ︤ⲛ︥ⲛ̄ϣⲏⲣⲉ`"/><!-- ⲙ︤ⲛ︥ -->
<feat xlink:href="#orig_group_1128" value="ⲛ̄ⲛⲉⲩϣⲏⲣⲉ`"/><!-- ⲛ̄ -->
<feat xlink:href="#orig_group_1131" value="·"/><!-- · -->
<feat xlink:href="#orig_group_1132" value="ⲙ︤ⲛ︥ϩⲉ⳯ϩⲩⲡⲁⲣⲭⲟⲛⲧⲁ`"/><!-- ⲙ︤ⲛ︥ -->
<feat xlink:href="#orig_group_1135" value="ⲉⲛⲁϣⲱⲟⲩ"/><!-- ⲉ -->
<feat xlink:href="#orig_group_1138" value="·"/><!-- · -->
<feat xlink:href="#orig_group_1139" value="ⲁⲩⲱ"/><!-- ⲁⲩⲱ -->
<feat xlink:href="#orig_group_1140" value="ⲉⲩⲁⲛⲁⲅⲕⲁⲍⲉ"/><!-- ⲉ -->
<feat xlink:href="#orig_group_1144" value="ⲙ̄ⲙⲟⲟⲩ"/><!-- ⲙ̄ⲙⲟ -->
<feat xlink:href="#orig_group_1146" value="ϩⲓⲧ︤ⲛ︥ⲛⲉϩⲃⲏⲟⲩⲉ`"/><!-- ϩⲓⲧ︤ⲛ︥ -->
<feat xlink:href="#orig_group_1150" value="ⲙ̄ⲡⲃⲓⲟⲥ`"/><!-- ⲙ̄ -->
<feat xlink:href="#orig_group_1153" value="ⲉⲙ︤ⲛ︥ϣϭⲟⲙ`"/><!-- ⲉ -->
<feat xlink:href="#orig_group_1156" value="ⲙ̄ⲙⲟⲟⲩ`"/><!-- ⲙ̄ -->
<feat xlink:href="#orig_group_1159" value="ⲉⲛⲉϩ`"/><!-- ⲉⲛⲉϩ` -->
<feat xlink:href="#orig_group_1160" value="ⲉⲧⲣⲉⲩ̣[....]ⲥⲧⲁ`"/><!-- ⲉ -->
<feat xlink:href="#orig_group_1165" value="ⲉϫ[.....]ϣⲏⲣⲉ`"/><!-- ⲉϫ[.....] -->
<feat xlink:href="#orig_group_1167" value="ⲙ︤ⲛ̣︥[...]ϣⲉⲉⲣⲉ`"/><!-- ⲙ︤ⲛ̣︥ -->
<feat xlink:href="#orig_group_1170" value="ⲙ︤ⲛ︥ⲛ̣̄ⲕⲉϩⲃⲏⲩⲉ`"/><!-- ⲙ︤ⲛ︥ -->
<feat xlink:href="#orig_group_1174" value="ⲧⲏⲣⲟⲩ`"/><!-- ⲧⲏ -->
<feat xlink:href="#orig_group_1177" value="ⲛ̄ⲧⲉⲡⲓ̈ⲁⲓⲱⲛ"/><!-- ⲛ̄ⲧⲉ -->
<feat xlink:href="#orig_group_1181" value="·"/><!-- · -->
<feat xlink:href="#orig_group_1182" value="ⲁⲩⲱ"/><!-- ⲁⲩⲱ -->
<feat xlink:href="#orig_group_1183" value="ⲛ̄ⲥⲉⲡⲣⲟϩⲓⲥⲧⲁ`"/><!-- ⲛ̄ -->
<feat xlink:href="#orig_group_1186" value="ⲉϫ︤ⲛ︥ϩⲉⲛϣⲏⲣⲉ`"/><!-- ⲉϫ︤ⲛ︥ -->
<feat xlink:href="#orig_group_1189" value="ⲙ︤ⲛ︥ϩⲉⲛϣⲉⲉⲣⲉ`"/><!-- ⲙ︤ⲛ︥ -->
<feat xlink:href="#orig_group_1192" value="ⲉⲃⲟⲗ"/><!-- ⲉ -->
<feat xlink:href="#orig_group_1194" value="ϩⲓⲧ︤ⲙ︥ⲡⲛⲟⲩⲧⲉ"/><!-- ϩⲓⲧ︤ⲙ︥ -->
<feat xlink:href="#orig_group_1198" value="·"/><!-- · -->
<feat xlink:href="#orig_group_1199" value="ⲙ︤ⲛ︥ϩⲉⲛⲕⲉϩⲃⲏⲩⲉ"/><!-- ⲙ︤ⲛ︥ -->
<feat xlink:href="#orig_group_1203" value="ⲧⲏⲣⲟⲩ"/><!-- ⲧⲏⲣ -->
<feat xlink:href="#orig_group_1205" value="ⲛ̄ⲇⲓⲕⲁⲓⲟⲥⲩⲛⲏ`"/><!-- ⲛ̄ -->
<feat xlink:href="#orig_group_1207" value="Ⲙ̄ⲙ︤ⲛ︥ϣϭⲟⲙ"/><!-- Ⲙ̄ⲙ︤ⲛ︥ -->
<feat xlink:href="#orig_group_1209" value="ⲅⲁⲣ"/><!-- ⲅⲁⲣ -->
<feat xlink:href="#orig_group_1210" value="ⲉⲧⲣⲉⲛⲁⲓ̈"/><!-- ⲉ -->
<feat xlink:href="#orig_group_1213" value="ⲛ̄ⲧⲉⲓⲙⲓⲛⲉ"/><!-- ⲛ̄ -->
<feat xlink:href="#orig_group_1216" value="ⲣ̄ϩ︤ⲙ︥ϩⲁⲗ`"/><!-- ⲣ̄ -->
<feat xlink:href="#orig_group_1218" value="ⲛ̄ⲛⲉⲧϣⲟⲟⲡ"/><!-- ⲛ̄ -->
<feat xlink:href="#orig_group_1222" value="ⲛⲁⲩ"/><!-- ⲛⲁ -->
<feat xlink:href="#orig_group_1224" value="ⲕⲁⲧⲁⲥⲁⲣ︤ⲝ︥"/><!-- ⲕⲁⲧⲁ -->
<feat xlink:href="#orig_group_1227" value="·"/><!-- · -->
<feat xlink:href="#orig_group_1228" value="ⲁⲩⲱ"/><!-- ⲁⲩⲱ -->
<feat xlink:href="#orig_group_1229" value="ⲛ̄ⲥⲉⲣ̄ϩ︤ⲙ︥ϩⲁⲗ"/><!-- ⲛ̄ -->
<feat xlink:href="#orig_group_1233" value="ⲛ̄ϩⲉⲛⲕⲟⲟⲩⲉ`"/><!-- ⲛ̄ -->
<feat xlink:href="#orig_group_1236" value="ⲉⲃⲟⲗ"/><!-- ⲉⲃⲟⲗ -->
<feat xlink:href="#orig_group_1237" value="ϩⲓⲧ︤ⲙ︥ⲡⲛⲟⲩⲧⲉ"/><!-- ϩⲓⲧ︤ⲙ︥ -->
<feat xlink:href="#orig_group_1240" value="Ϩⲉⲛⲣⲱⲙⲉ"/><!-- Ϩⲉⲛ -->
<feat xlink:href="#orig_group_1242" value="ⲇⲉ"/><!-- ⲇⲉ -->
<feat xlink:href="#orig_group_1243" value="ⲛ̄ⲧⲟϥ"/><!-- ⲛ̄ -->
<feat xlink:href="#orig_group_1245" value="ⲉⲙ︤ⲛ︥ⲧⲁⲩ"/><!-- ⲉ -->
<feat xlink:href="#orig_group_1248" value="ⲙ̄ⲙⲁⲩ`"/><!-- ⲙ̄ⲙⲁⲩ` -->
<feat xlink:href="#orig_group_1249" value="ⲛ̄ϩⲉⲛϣⲏⲣⲉ`"/><!-- ⲛ̄ -->
<feat xlink:href="#orig_group_1252" value="ⲙ︤ⲛ︥ϣⲉⲉⲣⲉ`"/><!-- ⲙ︤ⲛ︥ -->
<feat xlink:href="#orig_group_1255" value="ⲕⲁⲧⲁⲥⲁⲣ︤ⲝ︥"/><!-- ⲕⲁⲧⲁ -->
<feat xlink:href="#orig_group_1257" value="·"/><!-- · -->
<feat xlink:href="#orig_group_1258" value="ⲏ̂"/><!-- ⲏ̂ -->
<feat xlink:href="#orig_group_1259" value="ⲛ̄ⲧⲟϥ"/><!-- ⲛ̄ⲧⲟϥ -->
<feat xlink:href="#orig_group_1260" value="ⲉⲩⲛ̄ⲧⲁⲩ"/><!-- ⲉ -->
<feat xlink:href="#orig_group_1264" value="·"/><!-- · -->
<feat xlink:href="#orig_group_1265" value="ⲁⲩⲱ"/><!-- ⲁⲩⲱ -->
<feat xlink:href="#orig_group_1266" value="ⲛ̄ⲥⲉⲁⲡⲟⲧⲁⲥⲥⲉ`"/><!-- ⲛ̄ -->
<feat xlink:href="#orig_group_1269" value="ⲙ̄[ ]"/><!-- ⲙ̄ -->
<feat xlink:href="#orig_group_1271" value="[ ]"/><!-- [ ] -->
<feat xlink:href="#orig_group_1272" value="[ ]"/><!-- [ ] -->
<feat xlink:href="#orig_group_1273" value="[ ]"/><!-- [ ] -->
<feat xlink:href="#orig_group_1274" value="ⲟϣⲉ̣"/><!-- ⲟ -->
<feat xlink:href="#orig_group_1276" value="ⲕⲁⲧⲁⲡⲉⲙⲡ̣ϣ̣ⲁ̣"/><!-- ⲕⲁⲧⲁ -->
<feat xlink:href="#orig_group_1280" value="ⲙ̄ⲡⲧⲱϩ︤ⲙ︥"/><!-- ⲙ̄ -->
<feat xlink:href="#orig_group_1284" value="ⲡ̣ⲉ̣ⲛ̣ⲧ̣ⲁϥⲧⲁϩⲙⲟⲩ`"/><!-- ⲡ̣ⲉ̣ -->
<feat xlink:href="#orig_group_1291" value="ⲉⲡⲉⲓⲃⲓⲟⲥ"/><!-- ⲉ -->
<feat xlink:href="#orig_group_1296" value="ⲡⲁⲓ̈"/><!-- ⲡⲁⲓ̈ -->
<feat xlink:href="#orig_group_1297" value="·"/><!-- · -->
<feat xlink:href="#orig_group_1298" value="ⲛ̣ⲁⲓ̈"/><!-- ⲛ̣ -->
<feat xlink:href="#orig_group_1300" value="ⲛⲉ"/><!-- ⲛⲉ -->
<feat xlink:href="#orig_group_1301" value="ⲛ̄ⲥⲓⲟⲩⲣ`"/><!-- ⲛ̄ -->
<feat xlink:href="#orig_group_1303" value="ⲙ̣︤ⲛ︥ⲙ̄ⲡⲁⲣⲑⲉⲛⲟⲥ"/><!-- ⲙ̣︤ -->
<feat xlink:href="#orig_group_1307" value="ⲉⲧⲉⲛ̄ⲧⲱⲧ︤ⲛ︥"/><!-- ⲉⲧⲉ -->
<feat xlink:href="#orig_group_1309" value="ⲡⲉ"/><!-- ⲡⲉ -->
<feat xlink:href="#orig_group_1310" value="ⲛⲉⲥⲛⲏⲩ̣"/><!-- ⲛⲉ -->
<feat xlink:href="#orig_group_1312" value="ⲙ︤ⲛ︥ⲟⲩⲟⲛ"/><!-- ⲙ︤ⲛ︥ -->
<feat xlink:href="#orig_group_1314" value="ⲛⲓⲙ̣"/><!-- ⲛⲓⲙ̣ -->
<feat xlink:href="#orig_group_1315" value="ⲉⲧⲉⲅⲕⲣⲁⲧⲉⲩⲉ̣"/><!-- ⲉⲧ -->
<feat xlink:href="#orig_group_1317" value="ⲙ̄ⲙⲟⲟⲩ"/><!-- ⲙ̄ⲙⲟ -->
<feat xlink:href="#orig_group_1319" value="ϩ︤ⲛ︥ⲙⲁ`"/><!-- ϩ︤ⲛ︥ -->
<feat xlink:href="#orig_group_1321" value="ⲛⲓⲙ"/><!-- ⲛⲓⲙ -->
<feat xlink:href="#orig_group_1322" value="·"/><!-- · -->
<feat xlink:href="#orig_group_1323" value="ϩ︤ⲙ︥ⲡⲕⲁϩ"/><!-- ϩ︤ⲙ︥ -->
<feat xlink:href="#orig_group_1326" value="ⲧⲏⲣ︤ϥ︥"/><!-- ⲧⲏⲣ︤ -->
<feat xlink:href="#orig_group_1328" value="·"/><!-- · -->
<feat xlink:href="#orig_group_1329" value="ⲉⲓⲧⲉ"/><!-- ⲉⲓⲧⲉ -->
<feat xlink:href="#orig_group_1330" value="ⲛⲉⲧⲉⲛ̄ⲥⲉⲥⲟⲟⲩⲛ`"/><!-- ⲛ -->
<feat xlink:href="#orig_group_1336" value="ⲁⲛ`"/><!-- ⲁⲛ` -->
<feat xlink:href="#orig_group_1337" value="ϫⲉⲟ᷍ⲩ"/><!-- ϫⲉ -->
<feat xlink:href="#orig_group_1339" value="ⲡⲉ"/><!-- ⲡⲉ -->
<feat xlink:href="#orig_group_1340" value="ⲡⲅⲁⲙⲟⲥ"/><!-- ⲡ -->
<feat xlink:href="#orig_group_1342" value="ⲉⲧⲧⲁⲓ̈ⲏⲩ"/><!-- ⲉⲧ -->
<feat xlink:href="#orig_group_1344" value="·"/><!-- · -->
<feat xlink:href="#orig_group_1345" value="ⲙ︤ⲛ︥ⲡⲙⲁ"/><!-- ⲙ︤ⲛ︥ -->
<feat xlink:href="#orig_group_1348" value="ⲛ︤ⲛ︥ⲕⲟⲧ︤ⲕ︥"/><!-- ⲛ︤ -->
<feat xlink:href="#orig_group_1350" value="ⲉⲧⲧⲃⲃⲏⲩ"/><!-- ⲉⲧ -->
<feat xlink:href="#orig_group_1353" value="·"/><!-- · -->
<feat xlink:href="#orig_group_1354" value="ⲉⲓ̈ⲧⲉ"/><!-- ⲉⲓ̈ⲧⲉ -->
<feat xlink:href="#orig_group_1355" value="ⲛⲉⲛⲧⲁⲩϫⲓϩⲓⲙⲉ"/><!-- ⲛⲉ -->
<feat xlink:href="#orig_group_1361" value="·"/><!-- · -->
<feat xlink:href="#orig_group_1362" value="ⲙ︤ⲛ︥ⲛⲉⲛⲧⲁⲩϫⲓϩⲁⲓ̈"/><!-- ⲙ︤ⲛ︥ -->
<feat xlink:href="#orig_group_1369" value="·"/><!-- · -->
<feat xlink:href="#orig_group_1370" value="ⲁⲩⲱ"/><!-- ⲁⲩⲱ -->
<feat xlink:href="#orig_group_1371" value="ⲛ̄ⲧⲉⲣⲟⲩⲣ̄ϩⲛⲁⲩ`"/><!-- ⲛ̄ⲧⲉ -->
<feat xlink:href="#orig_group_1376" value="ⲉⲃⲟⲗ"/><!-- ⲉⲃⲟⲗ -->
<feat xlink:href="#orig_group_1377" value="ϩⲓⲧ︤ⲙ︥ⲡⲛⲟⲩⲧⲉ"/><!-- ϩⲓⲧ︤ⲙ︥ -->
<feat xlink:href="#orig_group_1380" value="ϩ︤ⲙ︥ⲡϣⲟϫⲛⲉ`"/><!-- ϩ︤ⲙ︥ -->
<feat xlink:href="#orig_group_1383" value="ⲙ̄ⲡⲉⲛⲧⲁϥϫⲟⲟⲥ"/><!-- ⲙ̄ -->
</featList>
</paula>
