<?xml version="1.0" encoding="UTF-8" standalone="no"?>

<!DOCTYPE paula SYSTEM "paula_feat.dtd">
<paula version="1.0">

<header paula_id="aof.YA525-530_norm_group"/>

<featList xmlns:xlink="http://www.w3.org/1999/xlink" type="norm_group" xml:base="aof.YA525-530.norm_groupSeg.xml">
<feat xlink:href="#norm_group_1" value="ⲉⲧⲃⲉⲡⲁⲓ"/><!-- Ⲉⲧⲃⲉ -->
<feat xlink:href="#norm_group_3" value="ⲟⲩⲙⲛⲧⲁⲑⲏⲧ"/><!-- ⲟⲩ -->
<feat xlink:href="#norm_group_6" value="ⲛⲁⲛ"/><!-- ⲛⲁ -->
<feat xlink:href="#norm_group_8" value="ⲧⲉ"/><!-- ⲧⲉ -->
<feat xlink:href="#norm_group_9" value="ⲙⲛⲟⲩⲙⲛⲧⲃⲗⲗⲉ"/><!-- ⲙ︤ⲛ︥ -->
<feat xlink:href="#norm_group_13" value="·"/><!-- · -->
<feat xlink:href="#norm_group_14" value="ⲉⲣϣⲁⲛ"/><!-- ⲉⲣϣⲁⲛ -->
<feat xlink:href="#norm_group_15" value="ϩⲟⲓⲛⲉ"/><!-- ϩⲟⲓ̈ -->
<feat xlink:href="#norm_group_17" value="ϩⲣⲁⲓ"/><!-- ϩⲣⲁⲓ̈ -->
<feat xlink:href="#norm_group_18" value="ⲛϩⲏⲧⲛ"/><!-- ⲛ̄ϩⲏⲧ︤ -->
<feat xlink:href="#norm_group_20" value="ϩⲁⲧⲏⲛ"/><!-- ϩⲁⲧⲏ -->
<feat xlink:href="#norm_group_22" value="ⲁⲑⲉⲧⲓ"/><!-- ⲁⲑⲉⲧⲓ` -->
<feat xlink:href="#norm_group_23" value="ϩⲛⲟⲩϯⲧⲱⲛ"/><!-- ϩ︤ⲛ︥ -->
<feat xlink:href="#norm_group_27" value="ⲙⲛⲟⲩ"/><!-- ⲙ︤ⲛ︥ -->
<feat xlink:href="#norm_group_29" value="ⲙⲛⲧⲁⲧⲥⲱⲧⲙ"/><!-- ⲙ︤ⲛ︦ⲧ︥ⲁⲧ -->
<feat xlink:href="#norm_group_31" value="ⲛⲥⲁ"/><!-- ⲛ̄ -->
<feat xlink:href="#norm_group_33" value="ϩⲉⲛϩⲃⲏⲩⲉ"/><!-- ϩⲉ⳯ -->
<feat xlink:href="#norm_group_35" value="ⲉⲩⲛϭⲟⲙ"/><!-- ⲉ -->
<feat xlink:href="#norm_group_38" value="ⲙⲙⲟⲟⲩ"/><!-- ⲙ̄ⲙⲟ -->
<feat xlink:href="#norm_group_40" value="ⲉϥⲓ"/><!-- ⲉϥⲓ -->
<feat xlink:href="#norm_group_41" value="·"/><!-- · -->
<feat xlink:href="#norm_group_42" value="ⲡⲉⲩⲣⲟⲟⲩϣ"/><!-- ⲡⲉⲩ -->
<feat xlink:href="#norm_group_44" value="·"/><!-- · -->
<feat xlink:href="#norm_group_45" value="ⲉⲓⲧⲉ"/><!-- ⲉⲓⲧⲉ -->
<feat xlink:href="#norm_group_46" value="ϩⲉⲛⲣⲱⲙⲉ"/><!-- ϩⲉⲛ -->
<feat xlink:href="#norm_group_49" value="ⲉⲁⲩϭⲁⲗⲱⲟⲩ"/><!-- ⲉ -->
<feat xlink:href="#norm_group_54" value="ⲉⲣⲟⲟⲩ"/><!-- ⲉⲣⲟ -->
<feat xlink:href="#norm_group_56" value="·"/><!-- · -->
<feat xlink:href="#norm_group_57" value="ⲉⲓⲧⲉ"/><!-- ⲉⲓ -->
<feat xlink:href="#norm_group_59" value="ϩⲉⲛⲇⲓⲁⲕⲟⲛⲓⲁ"/><!-- ϩⲉⲛ -->
<feat xlink:href="#norm_group_62" value="·"/><!-- · -->
<feat xlink:href="#norm_group_63" value="ⲉⲓⲧⲉ"/><!-- ⲉⲓⲧⲉ -->
<feat xlink:href="#norm_group_64" value="ϭⲉ"/><!-- ϭⲉ -->
<feat xlink:href="#norm_group_65" value="ⲗⲁⲁⲩ"/><!-- ⲗⲁⲁⲩ -->
<feat xlink:href="#norm_group_66" value="ⲛϩⲱⲃ"/><!-- ⲛ̄ -->
<feat xlink:href="#norm_group_68" value="ⲉⲛⲁⲛⲟⲩϥ"/><!-- ⲉ -->
<feat xlink:href="#norm_group_72" value="·"/><!-- · -->
<feat xlink:href="#norm_group_73" value="ⲉⲛⲛⲁϣⲁⲁϥ"/><!-- ⲉ -->
<feat xlink:href="#norm_group_78" value="ⲛⲛⲉⲛⲉⲣⲏⲩ"/><!-- ⲛ̄ -->
<feat xlink:href="#norm_group_82" value="ⲉⲃⲟⲗ"/><!-- ⲉⲃⲟⲗ -->
<feat xlink:href="#norm_group_83" value="ϩⲓⲧⲙⲡⲛⲟⲩⲧⲉ"/><!-- ϩⲓⲧ︤ⲙ︥ -->
<feat xlink:href="#norm_group_86" value="ⲉⲡⲥⲱⲧⲉ"/><!-- ⲉ -->
<feat xlink:href="#norm_group_89" value="ⲛⲛⲉⲛⲯⲩⲭⲏ"/><!-- ⲛ -->
<feat xlink:href="#norm_group_92" value="·"/><!-- · -->
<feat xlink:href="#norm_group_93" value="ⲟⲩⲙⲛⲧⲥⲟϭ"/><!-- Ⲟⲩ -->
<feat xlink:href="#norm_group_96" value="ⲇⲉ"/><!-- ⲇⲉ -->
<feat xlink:href="#norm_group_97" value="ⲟⲛ"/><!-- ⲟⲛ -->
<feat xlink:href="#norm_group_98" value="ⲧⲉ"/><!-- ⲧⲉ -->
<feat xlink:href="#norm_group_99" value="ⲉⲡⲉϩⲟⲩⲟ"/><!-- ⲉ -->
<feat xlink:href="#norm_group_102" value="ⲙⲛⲟⲩⲧⲱⲙ"/><!-- ⲙ︤ⲛ︥ -->
<feat xlink:href="#norm_group_105" value="ⲛϩⲏⲧ"/><!-- ⲛ̄ -->
<feat xlink:href="#norm_group_107" value="ⲉϥϩⲟⲟⲩ"/><!-- ⲉ -->
<feat xlink:href="#norm_group_110" value="·"/><!-- · -->
<feat xlink:href="#norm_group_111" value="ⲉⲣϣⲁⲛϩⲟⲓⲛⲉ"/><!-- ⲉⲣϣⲁⲛ -->
<feat xlink:href="#norm_group_113" value="ϩⲁⲧⲛⲧⲏⲩⲧⲛ"/><!-- ϩⲁⲧ︤ⲛ︥ -->
<feat xlink:href="#norm_group_115" value="ⲥⲟⲧⲡ"/><!-- ⲥⲟⲧⲡ︤ -->
<feat xlink:href="#norm_group_116" value="ⲥ"/><!-- ⲥ︥ -->
<feat xlink:href="#norm_group_117" value="ⲛⲁⲩ"/><!-- ⲛⲁ -->
<feat xlink:href="#norm_group_119" value="ⲉⲧⲣⲉⲩϣⲱⲡⲉ"/><!-- ⲉ -->
<feat xlink:href="#norm_group_123" value="ⲛⲁϭⲣⲏⲛ"/><!-- ⲛ̄ -->
<feat xlink:href="#norm_group_125" value="ⲉⲃⲟⲗ"/><!-- ⲉⲃⲟⲗ -->
<feat xlink:href="#norm_group_126" value="ϩⲓⲧⲙⲡⲛⲟⲩⲧⲉ"/><!-- ϩⲓ -->
<feat xlink:href="#norm_group_130" value="ⲛⲥⲉⲁⲡⲟⲧⲁⲥⲥⲉ"/><!-- ⲛ̄ -->
<feat xlink:href="#norm_group_133" value="ϩⲛⲟⲩϯⲧⲱⲛ"/><!-- ϩ︤ⲛ︥ -->
<feat xlink:href="#norm_group_137" value="·"/><!-- · -->
<feat xlink:href="#norm_group_138" value="ⲙⲛⲟⲩⲙⲛⲧⲁⲧⲥⲃⲱ"/><!-- ⲙ︤ⲛ︥ -->
<feat xlink:href="#norm_group_142" value="·"/><!-- · -->
<feat xlink:href="#norm_group_143" value="ⲛϩⲉⲛϩⲃⲏⲩⲉ"/><!-- ⲛ̄ -->
<feat xlink:href="#norm_group_147" value="ⲉⲩⲛϭⲟⲙ"/><!-- ⲉ -->
<feat xlink:href="#norm_group_150" value="ⲙⲙⲟⲟⲩ"/><!-- ⲙ̄ -->
<feat xlink:href="#norm_group_153" value="ⲉϥⲓⲡⲉⲩⲣⲟⲟⲩϣ"/><!-- ⲉ -->
<feat xlink:href="#norm_group_157" value="ⲉⲓⲧⲉ"/><!-- ⲉⲓⲧⲉ -->
<feat xlink:href="#norm_group_158" value="ϩⲉⲛⲣⲱⲙⲉ"/><!-- ϩⲉⲛ -->
<feat xlink:href="#norm_group_160" value="·"/><!-- · -->
<feat xlink:href="#norm_group_161" value="ⲉⲓⲧⲉ"/><!-- ⲉⲓ -->
<feat xlink:href="#norm_group_163" value="ϩⲉⲛⲇⲓⲁⲕⲟⲛⲓⲁ"/><!-- ϩⲉⲛ -->
<feat xlink:href="#norm_group_166" value="·"/><!-- · -->
<feat xlink:href="#norm_group_167" value="ⲉⲓⲧⲉ"/><!-- ⲉⲓⲧⲉ -->
<feat xlink:href="#norm_group_168" value="ϭⲉ"/><!-- ϭⲉ -->
<feat xlink:href="#norm_group_169" value="ⲗⲁⲁⲩ"/><!-- ⲗⲁⲁⲩ -->
<feat xlink:href="#norm_group_170" value="ⲛϩⲱⲃ"/><!-- ⲛ̄ -->
<feat xlink:href="#norm_group_172" value="ⲉⲛⲁⲛⲟⲩϥ"/><!-- ⲉ -->
<feat xlink:href="#norm_group_176" value="·"/><!-- · -->
<feat xlink:href="#norm_group_177" value="ⲉⲧⲣⲉⲧⲛⲁⲁⲩ"/><!-- ⲉ -->
<feat xlink:href="#norm_group_182" value="ⲛⲛⲉⲧⲛⲉⲣⲏⲩ"/><!-- ⲛ̄ -->
<feat xlink:href="#norm_group_185" value="ϩⲛⲧϩⲟⲧⲉ"/><!-- ϩ︤ⲛ︥ -->
<feat xlink:href="#norm_group_188" value="ⲙⲡϫⲟⲉⲓⲥ"/><!-- ⲙ̄ -->
<feat xlink:href="#norm_group_191" value="·"/><!-- · -->
<feat xlink:href="#norm_group_192" value="ⲉϣϫⲉ"/><!-- Ⲉϣϫⲉ -->
<feat xlink:href="#norm_group_193" value="ⲧⲉⲥϩⲓⲙⲉ"/><!-- ⲧⲉ -->
<feat xlink:href="#norm_group_195" value="ⲇⲉ"/><!-- ⲇⲉ` -->
<feat xlink:href="#norm_group_196" value="ⲉⲧⲥϩⲙⲟⲟⲥ"/><!-- ⲉⲧ -->
<feat xlink:href="#norm_group_199" value="ⲙⲛⲟⲩϩⲁⲓ"/><!-- ⲙ︤ⲛ︥ -->
<feat xlink:href="#norm_group_202" value="ⲕⲁⲧⲁⲥⲁⲣⲝ"/><!-- ⲕⲁⲧⲁ -->
<feat xlink:href="#norm_group_204" value="·"/><!-- · -->
<feat xlink:href="#norm_group_205" value="ϣⲁⲥⲣϩⲛⲁⲥ"/><!-- ϣⲁ -->
<feat xlink:href="#norm_group_210" value="ⲉⲧⲣⲉϩⲉⲛϣⲏⲣⲉ"/><!-- ⲉ -->
<feat xlink:href="#norm_group_214" value="ⲙⲛϩⲉⲛϣⲉⲉⲣⲉ"/><!-- ⲙ︤ⲛ︥ -->
<feat xlink:href="#norm_group_217" value="ϣⲱⲡⲉ"/><!-- ϣⲱⲡⲉ -->
<feat xlink:href="#norm_group_218" value="ⲛⲁⲥ"/><!-- ⲛⲁ -->
<feat xlink:href="#norm_group_220" value="·"/><!-- · -->
<feat xlink:href="#norm_group_221" value="ⲁⲩⲱ"/><!-- ⲁⲩⲱ -->
<feat xlink:href="#norm_group_222" value="ⲉϣϫⲉ"/><!-- Ⲉϣϫⲉ -->
<feat xlink:href="#norm_group_223" value="ⲥⲁⲣⲣⲁ"/><!-- ⲥⲁⲣⲣⲁ` -->
<feat xlink:href="#norm_group_224" value="ⲙⲛϩⲣⲉⲃⲉⲕⲕⲁ"/><!-- ⲙ︤ⲛ︥ -->
<feat xlink:href="#norm_group_226" value="ⲙⲛϩⲣⲁⲭⲏⲗ"/><!-- ⲙ︤ⲛ︥ -->
<feat xlink:href="#norm_group_228" value="·"/><!-- · -->
<feat xlink:href="#norm_group_229" value="ⲙⲛⲁⲛⲛⲁ"/><!-- ⲙ︤ⲛ︥ -->
<feat xlink:href="#norm_group_232" value="·"/><!-- · -->
<feat xlink:href="#norm_group_233" value="ⲙⲛⲧⲙⲁⲁⲩ"/><!-- ⲙ︤ⲛ︥ -->
<feat xlink:href="#norm_group_237" value="ⲙⲡⲉⲡⲣⲟⲫⲏⲧⲏⲥ"/><!-- ⲙ̄ -->
<feat xlink:href="#norm_group_241" value="ⲥⲁⲙⲯⲱⲛ"/><!-- ⲥⲁⲙ -->
<feat xlink:href="#norm_group_243" value="·"/><!-- · -->
<feat xlink:href="#norm_group_244" value="ⲙⲛⲉⲗⲓⲥⲁⲃⲉⲧ"/><!-- ⲙ︤ⲛ︥ -->
<feat xlink:href="#norm_group_247" value="ⲧⲙⲁⲁⲩ"/><!-- ⲧ -->
<feat xlink:href="#norm_group_249" value="ⲛⲓⲱϩⲁⲛⲛⲏⲥ"/><!-- ⲛ̄ -->
<feat xlink:href="#norm_group_251" value="ⲡⲉⲛⲧⲁϥⲙⲟⲩϩ"/><!-- ⲡ -->
<feat xlink:href="#norm_group_257" value="ⲙⲡⲛⲉⲩⲙⲁ"/><!-- ⲙ̄ -->
<feat xlink:href="#norm_group_259" value="ⲉϥⲟⲩⲁⲁⲃ"/><!-- ⲉ -->
<feat xlink:href="#norm_group_262" value="ϫⲓⲛ"/><!-- ϫⲓⲛ -->
<feat xlink:href="#norm_group_263" value="ⲉϥⲛϩⲏⲧⲥ"/><!-- ⲉ -->
<feat xlink:href="#norm_group_267" value="ⲛⲧⲉϥⲙⲁⲁⲩ"/><!-- ⲛ̄ -->
<feat xlink:href="#norm_group_270" value="·"/><!-- · -->
<feat xlink:href="#norm_group_271" value="ⲉϣϫⲉ"/><!-- ⲉϣϫⲉ -->
<feat xlink:href="#norm_group_272" value="ⲛⲁⲓ"/><!-- Ⲛⲁⲓ̈ -->
<feat xlink:href="#norm_group_273" value="ⲙⲛϩⲉⲛⲕⲟⲟⲩⲉ"/><!-- ⲙ︤ⲛ︥ -->
<feat xlink:href="#norm_group_277" value="ϩⲛⲛⲉϩⲓⲟⲙⲉ"/><!-- ϩ︤ⲛ︥ -->
<feat xlink:href="#norm_group_281" value="ⲉⲧⲟⲩⲁⲁⲃ"/><!-- ⲉⲧ -->
<feat xlink:href="#norm_group_283" value="ⲛⲁⲣⲭⲁⲓⲟⲥ"/><!-- ⲛ̄ -->
<feat xlink:href="#norm_group_285" value="ⲛⲉⲩⲱϣ"/><!-- ⲛⲉ -->
<feat xlink:href="#norm_group_288" value="ⲡⲉ"/><!-- ⲡⲉ` -->
<feat xlink:href="#norm_group_289" value="ⲉϩⲣⲁⲓ"/><!-- ⲉϩⲣⲁⲓ̈ -->
<feat xlink:href="#norm_group_290" value="ⲉⲡϫⲟⲉⲓⲥ"/><!-- ⲉ -->
<feat xlink:href="#norm_group_293" value="ⲉⲩⲧⲱⲃϩ"/><!-- ⲉ -->
<feat xlink:href="#norm_group_296" value="·"/><!-- · -->
<feat xlink:href="#norm_group_297" value="ⲁⲩⲱ"/><!-- ⲁⲩⲱ -->
<feat xlink:href="#norm_group_298" value="ⲉⲩⲡⲁⲣⲁⲕⲁⲗⲉⲓ"/><!-- ⲉ -->
<feat xlink:href="#norm_group_301" value="ⲉⲧⲙⲧⲣⲉⲩϣⲱⲡⲉ"/><!-- ⲉ -->
<feat xlink:href="#norm_group_307" value="ⲛⲁϭⲣⲏⲛ"/><!-- ⲛ̄ -->
<feat xlink:href="#norm_group_309" value="·"/><!-- · -->
<feat xlink:href="#norm_group_310" value="ⲉⲓⲉ"/><!-- ⲉⲓ̈ⲉ -->
<feat xlink:href="#norm_group_311" value="ⲉⲣϣⲁⲛϩⲟⲓⲛⲉ"/><!-- ⲉⲣϣⲁⲛ -->
<feat xlink:href="#norm_group_314" value="ϩⲁⲧⲛⲧⲏⲩⲧⲛ"/><!-- ϩⲁⲧ︤ⲛ︥ -->
<feat xlink:href="#norm_group_317" value="ⲁⲡⲟⲧⲁⲥⲥⲉ"/><!-- ⲁⲡⲟⲧⲁⲥⲥⲉ -->
<feat xlink:href="#norm_group_318" value="ⲛϩⲉⲛⲣⲱⲙⲉ"/><!-- ⲛ̄ -->
<feat xlink:href="#norm_group_321" value="ⲉⲁⲩϭⲁⲗⲱⲟⲩ"/><!-- ⲉ -->
<feat xlink:href="#norm_group_326" value="ⲉⲣⲟⲟⲩ"/><!-- ⲉ -->
<feat xlink:href="#norm_group_329" value="ⲉⲃⲟⲗ"/><!-- ⲉⲃⲟⲗ -->
<feat xlink:href="#norm_group_330" value="ϩⲓⲧⲙⲡⲛⲟⲩⲧⲉ"/><!-- ϩⲓ -->
<feat xlink:href="#norm_group_334" value="·"/><!-- · -->
<feat xlink:href="#norm_group_335" value="ⲉⲩⲛⲁϣⲱⲡⲉ"/><!-- ⲉ -->
<feat xlink:href="#norm_group_339" value="ⲉⲩⲧϭⲁⲓⲏⲩ"/><!-- ⲉ -->
<feat xlink:href="#norm_group_342" value="ⲛⲟⲩⲏⲣ"/><!-- ⲛ̄ -->
<feat xlink:href="#norm_group_345" value="·"/><!-- · -->
<feat xlink:href="#norm_group_346" value="ϫⲉⲁⲩⲥⲟⲧⲡⲥ"/><!-- ϫⲉ -->
<feat xlink:href="#norm_group_352" value="ⲛⲁⲩ"/><!-- ⲛⲁ -->
<feat xlink:href="#norm_group_354" value="ⲉⲧⲣⲉⲩϣⲱⲡⲉ"/><!-- ⲉ -->
<feat xlink:href="#norm_group_358" value="ⲛⲁϭⲣⲏⲛ"/><!-- ⲛ̄ -->
<feat xlink:href="#norm_group_360" value="ⲁⲩⲱ"/><!-- ⲁⲩⲱ -->
<feat xlink:href="#norm_group_361" value="ⲛ"/><!-- ⲛ̄ -->
<feat xlink:href="#norm_group_362" value="ⲭⲏⲣⲁ"/><!-- ⲭⲏⲣⲁ -->
<feat xlink:href="#norm_group_363" value="·"/><!-- · -->
<feat xlink:href="#norm_group_364" value="ⲛⲁϣⲱⲟⲩ"/><!-- Ⲛⲁϣⲱ -->
<feat xlink:href="#norm_group_366" value="ⲅⲁⲣ"/><!-- ⲅⲁⲣ -->
<feat xlink:href="#norm_group_367" value="ϫⲓⲛⲛϣⲟⲣⲡ"/><!-- ϫⲓⲛ -->
<feat xlink:href="#norm_group_370" value="ϣⲁϩⲣⲁⲓ"/><!-- ϣⲁ -->
<feat xlink:href="#norm_group_372" value="ⲉⲧⲉⲛⲟⲩ"/><!-- ⲉ -->
<feat xlink:href="#norm_group_374" value="ⲛϭⲓϩⲉⲛⲉⲓⲟⲧⲉ"/><!-- ⲛ̄ϭⲓ -->
<feat xlink:href="#norm_group_377" value="ⲉⲁⲡⲛⲟⲩⲧⲉ"/><!-- ⲉ -->
<feat xlink:href="#norm_group_381" value="ⲥⲟϣϥⲟⲩ"/><!-- ⲥⲟ -->
<feat xlink:href="#norm_group_384" value="·"/><!-- · -->
<feat xlink:href="#norm_group_385" value="ⲉⲓⲧⲉ"/><!-- ⲉⲓⲧⲉ -->
<feat xlink:href="#norm_group_386" value="ϩⲟⲟⲩⲧ"/><!-- ϩⲟⲟⲩⲧ` -->
<feat xlink:href="#norm_group_387" value="·"/><!-- · -->
<feat xlink:href="#norm_group_388" value="ⲉⲓⲧⲉ"/><!-- ⲉⲓⲧⲉ -->
<feat xlink:href="#norm_group_389" value="ⲥϩⲓⲙⲉ"/><!-- ⲥϩⲓⲙⲉ` -->
<feat xlink:href="#norm_group_390" value="·"/><!-- · -->
<feat xlink:href="#norm_group_391" value="ϫⲉⲙⲡⲟⲩⲱϣ"/><!-- ϫⲉ -->
<feat xlink:href="#norm_group_396" value="ⲉϣⲡϩⲓⲥⲉ"/><!-- ⲉ -->
<feat xlink:href="#norm_group_399" value="ⲙⲛϩⲉⲛⲕⲟⲟⲩⲉ"/><!-- ⲙ︤ⲛ︥ -->
<feat xlink:href="#norm_group_402" value="ⲉⲧⲣⲉⲩϣⲱⲡⲉ"/><!-- ⲉ -->
<feat xlink:href="#norm_group_406" value="ⲛⲁⲩ"/><!-- ⲛⲁ -->
<feat xlink:href="#norm_group_408" value="ⲉϩⲉⲛϣⲏⲣⲉ"/><!-- ⲉ -->
<feat xlink:href="#norm_group_411" value="ⲙⲛϩⲉⲛϣⲉⲉⲣⲉ"/><!-- ⲙ︤ⲛ︥ -->
<feat xlink:href="#norm_group_414" value="·"/><!-- · -->
<feat xlink:href="#norm_group_415" value="ⲉⲃⲟⲗ"/><!-- ⲉⲃⲟⲗ -->
<feat xlink:href="#norm_group_416" value="ϩⲓⲧⲙⲡⲛⲟⲩⲧⲉ"/><!-- ϩⲓⲧ︤ⲙ︥ -->
<feat xlink:href="#norm_group_419" value="·"/><!-- · -->
<feat xlink:href="#norm_group_420" value="ⲁⲗⲗⲁ"/><!-- Ⲁⲗⲗⲁ -->
<feat xlink:href="#norm_group_421" value="ⲉⲧⲃⲉⲡⲉⲙⲧⲟⲛ"/><!-- ⲉⲧⲃⲉ -->
<feat xlink:href="#norm_group_425" value="ⲛⲥⲱⲙⲁ"/><!-- ⲛ̄ -->
<feat xlink:href="#norm_group_427" value="ⲙⲛⲧⲙⲛⲧϫⲁⲥⲓϩⲏⲧ"/><!-- ⲙ︤ⲛ︥ -->
<feat xlink:href="#norm_group_431" value="·"/><!-- · -->
<feat xlink:href="#norm_group_432" value="ⲉⲁϩⲁϩ"/><!-- ⲉ -->
<feat xlink:href="#norm_group_435" value="ⲛⲣⲱⲙⲉ"/><!-- ⲛ̄ -->
<feat xlink:href="#norm_group_437" value="ⲁⲡⲟⲧⲁⲥⲥⲉ"/><!-- ⲁⲡⲟ -->
<feat xlink:href="#norm_group_439" value="ⲉⲧⲙⲧⲣⲉⲩϣⲡϩⲓⲥⲉ"/><!-- ⲉ -->
<feat xlink:href="#norm_group_445" value="ⲙⲛϩⲉⲛⲕⲟⲟⲩⲉ"/><!-- ⲙ︤ⲛ︥ -->
<feat xlink:href="#norm_group_448" value="ⲉⲃⲟⲗ"/><!-- ⲉⲃⲟⲗ -->
<feat xlink:href="#norm_group_449" value="ϩⲓⲧⲙⲡⲛⲟⲩⲧⲉ"/><!-- ϩⲓⲧ︤ⲙ︥ -->
<feat xlink:href="#norm_group_455" value="ⲛⲧϩⲉ"/><!-- ⲛ̄ -->
<feat xlink:href="#norm_group_458" value="ⲛⲧⲁϩⲟⲓⲛⲉ"/><!-- ⲛ̄ -->
<feat xlink:href="#norm_group_461" value="ϣⲡϩⲓⲥⲉ"/><!-- ϣ︤ⲡ︥ -->
<feat xlink:href="#norm_group_464" value="ϩⲱⲟⲩ"/><!-- ϩⲱ -->
<feat xlink:href="#norm_group_466" value="ⲛⲙⲙⲁⲩ"/><!-- ⲛ︤ⲙ︥ -->
<feat xlink:href="#norm_group_469" value="·"/><!-- · -->
<feat xlink:href="#norm_group_470" value="ⲁⲩⲱ"/><!-- ⲁⲩⲱ -->
<feat xlink:href="#norm_group_471" value="ⲉⲁϩⲁϩ"/><!-- ⲉ -->
<feat xlink:href="#norm_group_474" value="ⲛⲥϩⲓⲙⲉ"/><!-- ⲛ̄ -->
<feat xlink:href="#norm_group_476" value="ⲁⲡⲟⲧⲁⲥⲥⲉ"/><!-- ⲁ -->
<feat xlink:href="#norm_group_478" value="ⲉⲧⲙⲧⲣⲉⲩϣⲡϩⲓⲥⲉ"/><!-- ⲉ -->
<feat xlink:href="#norm_group_485" value="ⲙⲛϩⲉⲛⲕⲟⲟⲩⲉ"/><!-- ⲙ︤ⲛ︥ -->
<feat xlink:href="#norm_group_489" value="ⲉⲃⲟⲗ"/><!-- ⲉⲃⲟⲗ -->
<feat xlink:href="#norm_group_490" value="ϩⲓⲧⲙⲡⲛⲟⲩⲧⲉ"/><!-- ϩⲓⲧ︤ⲙ︥ -->
<feat xlink:href="#norm_group_493" value="·"/><!-- · -->
<feat xlink:href="#norm_group_494" value="ⲛⲧϩⲉ"/><!-- ⲛ̄ -->
<feat xlink:href="#norm_group_497" value="ⲛⲧⲁϩⲟⲓⲛⲉ"/><!-- ⲛ̄ⲧ -->
<feat xlink:href="#norm_group_500" value="ϣⲡϩⲓⲥⲉ"/><!-- ϣ︤ⲡ︥ -->
<feat xlink:href="#norm_group_502" value="ϩⲱⲟⲩ"/><!-- ϩⲱ -->
<feat xlink:href="#norm_group_504" value="ⲛⲙⲙⲁⲩ"/><!-- ⲛ︤ⲙ︥ⲙⲁ -->
<feat xlink:href="#norm_group_506" value="·"/><!-- · -->
<feat xlink:href="#norm_group_507" value="ⲁⲩⲱ"/><!-- ⲁⲩⲱ -->
<feat xlink:href="#norm_group_508" value="ⲉⲧⲃⲉⲧⲉⲩⲙⲛⲧϫⲁⲥⲓϩⲏⲧ"/><!-- ⲉⲧⲃⲉ -->
<feat xlink:href="#norm_group_512" value="·"/><!-- · -->
<feat xlink:href="#norm_group_513" value="ⲙⲛⲧⲉⲩⲙⲛⲧⲙⲁⲓ"/><!-- ⲙ︤ⲛ︥ -->
<feat xlink:href="#norm_group_517" value="ⲡⲉⲩⲙⲧⲟⲛ"/><!-- ⲡⲉⲩ -->
<feat xlink:href="#norm_group_519" value="ⲛⲥⲱⲙⲁ"/><!-- ⲛ̄ -->
<feat xlink:href="#norm_group_521" value="ⲁⲩⲣϩⲛⲁⲩ"/><!-- ⲁ -->
<feat xlink:href="#norm_group_525" value="ⲉⲧⲣⲉⲩϣⲱⲡⲉ"/><!-- ⲉ -->
<feat xlink:href="#norm_group_529" value="ⲉⲩⲟ"/><!-- ⲉ -->
<feat xlink:href="#norm_group_532" value="ⲛⲁϭⲣⲏⲛ"/><!-- ⲛ̄ -->
<feat xlink:href="#norm_group_534" value="·"/><!-- · -->
<feat xlink:href="#norm_group_535" value="ⲁⲩⲱ"/><!-- ⲁⲩⲱ -->
<feat xlink:href="#norm_group_536" value="ⲛⲧⲉⲡϫⲟⲉⲓⲥ"/><!-- ⲛ̄ⲧⲉ -->
<feat xlink:href="#norm_group_540" value="ϣⲧⲁⲙ"/><!-- ϣⲧⲁⲙ` -->
<feat xlink:href="#norm_group_541" value="ⲉⲣⲛⲧⲟⲟⲧⲉ"/><!-- ⲉⲣ︤ⲛ︥ -->
<feat xlink:href="#norm_group_544" value="ⲛⲧⲉⲩⲯⲩⲭⲏ"/><!-- ⲛ̄ -->
<feat xlink:href="#norm_group_547" value="ⲛⲧϩⲉ"/><!-- ⲛ̄ -->
<feat xlink:href="#norm_group_550" value="ⲛⲟⲩⲁϭⲣⲏⲛ"/><!-- ⲛ̄ -->
<feat xlink:href="#norm_group_553" value="·"/><!-- · -->
<feat xlink:href="#norm_group_554" value="ⲁⲩⲱ"/><!-- ⲁⲩⲱ -->
<feat xlink:href="#norm_group_555" value="ⲛϥⲧⲣⲉⲛϣⲟϫⲛⲉ"/><!-- ⲛ︤ -->
<feat xlink:href="#norm_group_561" value="ⲛⲧⲉⲥⲃⲱ"/><!-- ⲛ̄ -->
<feat xlink:href="#norm_group_564" value="ϣⲟⲟⲩⲉ"/><!-- ϣⲟⲟⲩ -->
<feat xlink:href="#norm_group_566" value="ⲉϩⲣⲁⲓ"/><!-- ⲉϩⲣⲁⲓ̈ -->
<feat xlink:href="#norm_group_567" value="ⲛϩⲏⲧⲛ"/><!-- ⲛ̄ -->
<feat xlink:href="#norm_group_570" value="ⲛⲧϩⲉ"/><!-- ⲛ̄ -->
<feat xlink:href="#norm_group_573" value="ⲛϩⲉⲛⲉⲕⲓⲃⲉ"/><!-- ⲛ̄ -->
<feat xlink:href="#norm_group_576" value="ⲉⲩϣⲟⲩⲱⲟⲩ"/><!-- ⲉ -->
<feat xlink:href="#norm_group_580" value="ⲉⲧⲙⲧⲣⲉⲩⲥⲱⲧ"/><!-- ⲉ -->
<feat xlink:href="#norm_group_585" value="ⲉϯⲥⲃⲱ"/><!-- ⲉ -->
<feat xlink:href="#norm_group_588" value="ⲛϩⲉⲛⲕⲟⲟⲩⲉ"/><!-- ⲛ̄ -->
<feat xlink:href="#norm_group_592" value="ϫⲓⲛⲡⲉⲓⲛⲁⲩ"/><!-- ϫⲓⲛ -->
<feat xlink:href="#norm_group_595" value="ⲉⲃⲟⲗ"/><!-- ⲉⲃⲟⲗ -->
<feat xlink:href="#norm_group_596" value="ϩⲓⲧⲙⲡⲛⲟⲩⲧⲉ"/><!-- ϩⲓⲧ︤ⲙ︥ -->
<feat xlink:href="#norm_group_599" value="·"/><!-- · -->
<feat xlink:href="#norm_group_600" value="ⲛⲁϣⲱⲟⲩ"/><!-- Ⲛⲁϣⲱ -->
<feat xlink:href="#norm_group_602" value="ⲇⲉ"/><!-- ⲇⲉ -->
<feat xlink:href="#norm_group_603" value="ⲟⲛ"/><!-- ⲟⲛ -->
<feat xlink:href="#norm_group_604" value="ⲛϭⲓⲛⲉⲛⲉⲓⲟⲧⲉ"/><!-- ⲛ̄ϭ[ⲓ -->
<feat xlink:href="#norm_group_607" value="ϫⲓⲛⲛϣⲟⲣⲡ"/><!-- ϫⲓⲛ -->
<feat xlink:href="#norm_group_610" value="ϣⲁϩⲣⲁⲓ"/><!-- ϣⲁ -->
<feat xlink:href="#norm_group_612" value="ⲉⲧⲉⲛⲟⲩ"/><!-- ⲉ -->
<feat xlink:href="#norm_group_615" value="ⲉⲁⲡϫⲟⲉⲓⲥ"/><!-- ⲉ -->
<feat xlink:href="#norm_group_620" value="ⲥⲙⲟⲩ"/><!-- ⲥⲙⲟⲩ -->
<feat xlink:href="#norm_group_621" value="ⲉⲣⲟⲟⲩ"/><!-- ⲉ -->
<feat xlink:href="#norm_group_624" value="·"/><!-- · -->
<feat xlink:href="#norm_group_625" value="ⲉⲓⲧⲉ"/><!-- ⲉⲓⲧⲉ -->
<feat xlink:href="#norm_group_626" value="ϩⲟⲟⲩⲧ"/><!-- ϩⲟⲟⲩⲧ -->
<feat xlink:href="#norm_group_627" value="·"/><!-- · -->
<feat xlink:href="#norm_group_628" value="ⲉⲓⲧⲉ"/><!-- ⲉⲓⲧⲉ -->
<feat xlink:href="#norm_group_629" value="ⲥϩⲓⲙⲉ"/><!-- ⲥϩⲓⲙⲉ -->
<feat xlink:href="#norm_group_630" value="·"/><!-- · -->
<feat xlink:href="#norm_group_631" value="ϫⲉⲁⲩⲣϩⲛⲁⲩ"/><!-- ϫⲉ -->
<feat xlink:href="#norm_group_636" value="ⲛϩⲟⲩⲟ"/><!-- ⲛ̄ -->
<feat xlink:href="#norm_group_638" value="ⲉϣⲡϩⲓⲥⲉ"/><!-- ⲉ -->
<feat xlink:href="#norm_group_641" value="ⲙⲛϩⲉⲛⲕⲟⲟⲩⲉ"/><!-- ⲙ︤ⲛ︥ -->
<feat xlink:href="#norm_group_644" value="ⲉⲃⲟⲗ"/><!-- ⲉ -->
<feat xlink:href="#norm_group_646" value="ϩⲓⲧⲙⲡⲛⲟⲩⲧⲉ"/><!-- ϩⲓⲧ︤ⲙ︥ -->
<feat xlink:href="#norm_group_650" value="·"/><!-- · -->
<feat xlink:href="#norm_group_651" value="ⲛⲧϩⲉ"/><!-- ⲛ̄ -->
<feat xlink:href="#norm_group_654" value="ⲛⲛⲉⲛⲉⲓⲟⲧⲉ"/><!-- ⲛ̄ -->
<feat xlink:href="#norm_group_657" value="ⲛⲁⲣⲭⲁⲓⲟⲥ"/><!-- ⲛ̄ -->
<feat xlink:href="#norm_group_659" value="·"/><!-- · -->
<feat xlink:href="#norm_group_660" value="ⲁⲩⲱ"/><!-- ⲁⲩⲱ -->
<feat xlink:href="#norm_group_661" value="ⲛⲉⲡⲣⲟⲫⲏⲧⲏⲥ"/><!-- ⲛⲉ -->
<feat xlink:href="#norm_group_663" value="ⲙⲛⲛⲁⲡⲟⲥⲧⲟⲗⲟⲥ"/><!-- ⲙ︤ⲛ︥ -->
<feat xlink:href="#norm_group_667" value="ⲛⲁⲓ"/><!-- ⲛⲁⲓ̈ -->
<feat xlink:href="#norm_group_668" value="ⲛⲧⲁⲩϣⲱⲡⲉ"/><!-- ⲛ̄ⲧ -->
<feat xlink:href="#norm_group_672" value="ⲛⲉⲓⲱⲧ"/><!-- ⲛ̄ -->
<feat xlink:href="#norm_group_674" value="ⲛϩⲁϩ"/><!-- ⲛ̄ -->
<feat xlink:href="#norm_group_676" value="ⲙⲙⲏⲏϣⲉ"/><!-- ⲙ̄ -->
<feat xlink:href="#norm_group_678" value="ⲉⲃⲟⲗ"/><!-- ⲉⲃⲟⲗ -->
<feat xlink:href="#norm_group_679" value="ϩⲓⲧⲙⲡⲛⲟⲩⲧⲉ"/><!-- ϩⲓⲧ︤ⲙ︥ -->
<feat xlink:href="#norm_group_683" value="·"/><!-- · -->
<feat xlink:href="#norm_group_684" value="ⲁⲩⲱ"/><!-- ⲁⲩⲱ -->
<feat xlink:href="#norm_group_685" value="ⲛⲧϩⲉ"/><!-- ⲛ̄ -->
<feat xlink:href="#norm_group_688" value="ⲛⲇⲉⲃⲃⲱⲣⲁ"/><!-- ⲛ̄ -->
<feat xlink:href="#norm_group_690" value="ⲧⲁⲓ"/><!-- ⲧⲁⲓ̈ -->
<feat xlink:href="#norm_group_691" value="ⲛⲧⲁⲥϣⲱⲡⲉ"/><!-- ⲛ̄ⲧ -->
<feat xlink:href="#norm_group_696" value="ⲛⲕⲣⲓⲧⲏⲥ"/><!-- ⲛ̄ -->
<feat xlink:href="#norm_group_698" value="·"/><!-- · -->
<feat xlink:href="#norm_group_699" value="ⲁⲩⲱ"/><!-- ⲁⲩⲱ -->
<feat xlink:href="#norm_group_700" value="ⲙⲙⲁⲁⲩ"/><!-- ⲙ̄ⲙⲁⲁⲩ -->
<feat xlink:href="#norm_group_701" value="ϩⲙⲡⲓⲥⲣⲁⲏⲗ"/><!-- ϩ︤ⲙ︥ -->
<feat xlink:href="#norm_group_704" value="·"/><!-- · -->
<feat xlink:href="#norm_group_705" value="ⲁⲩⲱ"/><!-- ⲁⲩⲱ -->
<feat xlink:href="#norm_group_706" value="ⲛⲧϩⲉ"/><!-- ⲛ̄ -->
<feat xlink:href="#norm_group_709" value="ⲛⲟⲇⲟⲗⲗⲁ"/><!-- ⲛ -->
<feat xlink:href="#norm_group_711" value="ⲧⲉⲡⲣⲟⲫⲏⲧⲏⲥ"/><!-- ⲧⲉ -->
<feat xlink:href="#norm_group_713" value="·"/><!-- · -->
<feat xlink:href="#norm_group_714" value="ⲧⲁⲓ"/><!-- ⲧⲁⲓ̈ -->
<feat xlink:href="#norm_group_715" value="ⲛⲧⲁⲓⲱⲥⲓⲁⲥ"/><!-- ⲛ̄ⲧ -->
<feat xlink:href="#norm_group_719" value="ⲡⲣⲣⲟ"/><!-- ⲡ︤ -->
<feat xlink:href="#norm_group_721" value="ⲛⲇⲓⲕⲁⲓⲟⲥ"/><!-- ⲛ̄ -->
<feat xlink:href="#norm_group_724" value="[...]ⲩ"/><!-- [...]ⲩ̣ -->
<feat xlink:href="#norm_group_725" value="ⲉⲣⲁⲧⲥ"/><!-- ⲉ -->
<feat xlink:href="#norm_group_728" value="ⲉⲧⲣⲉ[.]ϣⲓⲛⲉ"/><!-- ⲉ -->
<feat xlink:href="#norm_group_732" value="ⲙⲡϫⲟⲉⲓⲥ"/><!-- ⲙ̄ -->
<feat xlink:href="#norm_group_736" value="ⲉⲃⲟⲗ"/><!-- ⲉⲃⲟⲗ -->
<feat xlink:href="#norm_group_737" value="ϩⲓⲧⲟⲟⲧⲥ"/><!-- ϩⲓ -->
<feat xlink:href="#norm_group_741" value="·"/><!-- · -->
<feat xlink:href="#norm_group_742" value="ⲁⲩⲱ"/><!-- ⲁⲩⲱ -->
<feat xlink:href="#norm_group_743" value="ⲛⲧϩⲉ"/><!-- ⲛ̄ -->
<feat xlink:href="#norm_group_746" value="ⲛⲁⲛⲛⲁ"/><!-- ⲛ̄ -->
<feat xlink:href="#norm_group_748" value="ⲧϣⲉⲉⲣⲉ"/><!-- ⲧ -->
<feat xlink:href="#norm_group_751" value="ⲙⲫⲁⲛⲟⲩⲏⲗ"/><!-- ⲙ̄ -->
<feat xlink:href="#norm_group_754" value="·"/><!-- · -->
<feat xlink:href="#norm_group_755" value="ⲙⲡⲛⲁⲩ"/><!-- ⲙ̄ -->
<feat xlink:href="#norm_group_758" value="ⲁⲛ"/><!-- Ⲁⲛ -->
<feat xlink:href="#norm_group_759" value="ⲡⲉ"/><!-- ⲡⲉ -->
<feat xlink:href="#norm_group_760" value="ⲡⲁⲓ"/><!-- ⲡⲁⲓ̈ -->
<feat xlink:href="#norm_group_761" value="ⲉⲧⲣⲉⲛⲉⲓⲟⲧⲉ"/><!-- ⲉ -->
<feat xlink:href="#norm_group_765" value="ⲛϩⲉⲛϣⲏⲣⲉ"/><!-- ⲛ̄ -->
<feat xlink:href="#norm_group_768" value="ⲙⲛϩⲉⲛϣⲉⲉⲣⲉ"/><!-- ⲙ︤ⲛ︥ -->
<feat xlink:href="#norm_group_771" value="ⲉⲃⲟⲗ"/><!-- ⲉⲃⲟⲗ -->
<feat xlink:href="#norm_group_772" value="ϩⲓⲧⲙⲡⲛⲟⲩⲧⲉ"/><!-- ϩⲓⲧ︤ⲙ︥ -->
<feat xlink:href="#norm_group_775" value="·"/><!-- · -->
<feat xlink:href="#norm_group_776" value="ϫⲟⲟⲥ"/><!-- ϫⲟⲟ -->
<feat xlink:href="#norm_group_778" value="ϩⲛⲧⲉⲩⲙⲛⲧⲁⲧⲥⲟⲟⲩⲛ"/><!-- ϩ︤ⲛ︥ -->
<feat xlink:href="#norm_group_781" value="·"/><!-- · -->
<feat xlink:href="#norm_group_782" value="ϫⲉⲡϫⲟⲉⲓⲥ"/><!-- ϫⲉ -->
<feat xlink:href="#norm_group_785" value="ⲛⲁϯ"/><!-- ⲛⲁ -->
<feat xlink:href="#norm_group_787" value="ⲛϩⲉⲛⲥⲓⲟⲩⲣ"/><!-- ⲛ̄ -->
<feat xlink:href="#norm_group_790" value="ⲙⲛⲙⲡⲁⲣⲑⲉⲛⲟⲥ"/><!-- ⲙ︤ⲛ︥ -->
<feat xlink:href="#norm_group_794" value="ⲛⲟⲩⲙⲁ"/><!-- ⲛ̄ -->
<feat xlink:href="#norm_group_797" value="ⲉϥⲥⲟⲧⲡ"/><!-- ⲉ -->
<feat xlink:href="#norm_group_800" value="ⲁⲩⲱ"/><!-- ⲁⲩⲱ -->
<feat xlink:href="#norm_group_801" value="ⲛⲥⲟⲉⲓⲧ"/><!-- ⲛ̄ -->
<feat xlink:href="#norm_group_803" value="ⲉⲛⲁⲛⲟⲩϥ"/><!-- ⲉ -->
<feat xlink:href="#norm_group_807" value="ⲉϣⲏⲣⲉ"/><!-- ⲉ -->
<feat xlink:href="#norm_group_809" value="ϩⲓϣⲉⲉⲣⲉ"/><!-- ϩⲓ -->
<feat xlink:href="#norm_group_811" value="·"/><!-- · -->
<feat xlink:href="#norm_group_812" value="ⲛⲥⲉⲥⲟⲧⲡⲥ"/><!-- Ⲛ̄ -->
<feat xlink:href="#norm_group_816" value="ⲛⲁⲩ"/><!-- ⲛⲁ -->
<feat xlink:href="#norm_group_818" value="ⲛϭⲓϩⲟⲓⲛⲉ"/><!-- ⲛ̄ϭⲓ -->
<feat xlink:href="#norm_group_820" value="ϩⲣⲁⲓ"/><!-- ϩⲣⲁⲓ̈ -->
<feat xlink:href="#norm_group_821" value="ⲛϩⲏⲧⲛ"/><!-- ⲛ̄ϩⲏⲧ︤ -->
<feat xlink:href="#norm_group_823" value="ϩⲁⲧⲏⲛ"/><!-- ϩⲁⲧⲏ -->
<feat xlink:href="#norm_group_825" value="ⲏ"/><!-- ⲏ̂ -->
<feat xlink:href="#norm_group_826" value="ϩⲁⲧⲛⲧⲏⲩⲧⲛ"/><!-- ϩⲁⲧ︤ⲛ︥ -->
<feat xlink:href="#norm_group_828" value="ⲛⲧⲱⲧⲛ"/><!-- ⲛ̄ⲧⲱⲧ︤ⲛ︥ -->
<feat xlink:href="#norm_group_829" value="·"/><!-- · -->
<feat xlink:href="#norm_group_830" value="ⲉⲧⲣⲉⲩⲁⲡⲟⲧⲁⲥⲥⲉ"/><!-- ⲉ -->
<feat xlink:href="#norm_group_835" value="ⲛⲛⲉⲛⲧⲁⲩϭⲁⲗⲱⲟⲩ"/><!-- ⲛ̄ -->
<feat xlink:href="#norm_group_842" value="ⲉⲣⲟⲟⲩ"/><!-- ⲉⲣⲟ -->
<feat xlink:href="#norm_group_844" value="ⲉⲧⲙⲧⲣⲉⲩϥⲓ"/><!-- ⲉ -->
<feat xlink:href="#norm_group_849" value="ⲡⲉⲩⲣⲟⲟⲩϣ"/><!-- ⲡⲉⲩ -->
<feat xlink:href="#norm_group_851" value="ⲉⲩϫⲱ"/><!-- ⲉ -->
<feat xlink:href="#norm_group_854" value="ⲙⲙⲟⲥ"/><!-- ⲙ̄ⲙⲟ -->
<feat xlink:href="#norm_group_856" value="ϫⲉⲧⲛⲛⲁⲣⲁⲛⲁϥⲙⲡⲛⲟⲩⲧⲉ"/><!-- ϫⲉ -->
<feat xlink:href="#norm_group_865" value="·"/><!-- · -->
<feat xlink:href="#norm_group_866" value="ⲁⲩⲱ"/><!-- ⲁⲩⲱ -->
<feat xlink:href="#norm_group_867" value="ⲙⲡⲉⲛⲣⲟⲟⲩϣ"/><!-- ⲙ̄ -->
<feat xlink:href="#norm_group_871" value="ⲁⲛ"/><!-- ⲁⲛ -->
<feat xlink:href="#norm_group_872" value="ⲡⲉ"/><!-- ⲡⲉ -->
<feat xlink:href="#norm_group_873" value="ϩⲁⲛⲁⲓ"/><!-- ϩⲁ -->
<feat xlink:href="#norm_group_875" value="ⲙⲛⲛⲉⲓⲕⲟⲟⲩⲉ"/><!-- ⲙ︤ⲛ︥ -->
<feat xlink:href="#norm_group_879" value="·"/><!-- · -->
<feat xlink:href="#norm_group_880" value="ⲁⲩⲱ"/><!-- ⲁⲩⲱ -->
<feat xlink:href="#norm_group_881" value="ϩⲙⲡⲉⲩⲧⲱⲙ"/><!-- ϩ︤ⲙ︥ -->
<feat xlink:href="#norm_group_884" value="ⲛϩⲏⲧ"/><!-- ⲛ̄ -->
<feat xlink:href="#norm_group_886" value="ⲉⲩⲉⲓⲛⲉ"/><!-- ⲉ -->
<feat xlink:href="#norm_group_889" value="ⲉϩⲟⲩⲛ"/><!-- ⲉϩⲟⲩⲛ` -->
<feat xlink:href="#norm_group_890" value="ⲙⲡϣⲁϫⲉ"/><!-- ⲙ̄ -->
<feat xlink:href="#norm_group_894" value="ⲙⲡⲉⲡⲣⲟⲫⲏⲧⲏⲥ"/><!-- ⲙ̄ -->
<feat xlink:href="#norm_group_898" value="·"/><!-- · -->
<feat xlink:href="#norm_group_899" value="ⲉⲩⲃⲱⲗ"/><!-- ⲉ -->
<feat xlink:href="#norm_group_902" value="ⲙⲙⲟϥ"/><!-- ⲙ̄ⲙⲟ -->
<feat xlink:href="#norm_group_904" value="ⲉϫⲙⲡⲟⲩⲱϣ"/><!-- ⲉ -->
<feat xlink:href="#norm_group_908" value="ⲙⲡⲉⲩϩⲏⲧ"/><!-- ⲙ̄ -->
<feat xlink:href="#norm_group_911" value="·"/><!-- · -->
<feat xlink:href="#norm_group_912" value="ⲙⲛⲡⲉⲩⲙⲧⲟⲛ"/><!-- ⲙ︤ⲛ︥ -->
<feat xlink:href="#norm_group_915" value="ⲙⲙⲓⲛⲙⲙⲟ"/><!-- ⲙ̄ⲙⲓⲛ`ⲙ̄ⲙⲟ -->
<feat xlink:href="#norm_group_916" value="ⲟⲩ"/><!-- ⲟⲩ` -->
<feat xlink:href="#norm_group_917" value="ⲉⲩϫⲱ"/><!-- ⲉ -->
<feat xlink:href="#norm_group_920" value="ⲙⲙⲟⲥ"/><!-- ⲙ̄ⲙⲟ -->
<feat xlink:href="#norm_group_922" value="ϫⲉⲡϫⲟⲉⲓⲥ"/><!-- ϫⲉ -->
<feat xlink:href="#norm_group_925" value="ⲛⲁϯ"/><!-- ⲛⲁ -->
<feat xlink:href="#norm_group_927" value="ⲛⲛⲉⲥⲓⲟⲩⲣ"/><!-- ⲛ̄ -->
<feat xlink:href="#norm_group_930" value="ⲙⲛⲙⲡⲁⲣⲑⲉⲛⲟⲥ"/><!-- ⲙ︤ⲛ︥ -->
<feat xlink:href="#norm_group_934" value="ⲛⲟⲩⲙⲛⲧⲉⲣⲟ"/><!-- ⲛ̄ -->
<feat xlink:href="#norm_group_938" value="ⲛⲧⲉⲙⲡⲏⲩⲉ"/><!-- ⲛ̄ⲧⲉ -->
<feat xlink:href="#norm_group_941" value="·"/><!-- · -->
<feat xlink:href="#norm_group_942" value="ⲁⲩⲱ"/><!-- ⲁⲩⲱ -->
<feat xlink:href="#norm_group_943" value="ⲛⲧⲉⲓϩⲉ"/><!-- Ⲛ̄ -->
<feat xlink:href="#norm_group_946" value="ⲛⲥⲉⲁⲡⲟⲧⲁⲥⲥⲉ"/><!-- ⲛ̄ -->
<feat xlink:href="#norm_group_950" value="ⲛϩⲉⲛⲕⲟⲟⲩⲉ"/><!-- ⲛ̄ -->
<feat xlink:href="#norm_group_953" value="ⲉⲧⲙⲧⲣⲉⲩϥⲓ"/><!-- ⲉ -->
<feat xlink:href="#norm_group_958" value="ⲡⲉⲩⲣⲟⲟⲩϣ"/><!-- ⲡⲉⲩ -->
<feat xlink:href="#norm_group_960" value="[ ]"/><!-- [ ] -->
<feat xlink:href="#norm_group_961" value="[ ]"/><!-- [ ] -->
<feat xlink:href="#norm_group_962" value="[ ]"/><!-- [ ] -->
<feat xlink:href="#norm_group_963" value="[.....]ⲡⲣ[..][....]ⲥ"/><!-- [.....]ⲡ̣ⲣ̣[..] -->
<feat xlink:href="#norm_group_965" value="·"/><!-- · -->
<feat xlink:href="#norm_group_966" value="ϫⲉⲙ[.....]ⲟⲓ"/><!-- ϫⲉ -->
<feat xlink:href="#norm_group_969" value="ⲙⲙⲟϥ"/><!-- ⲙ̄ⲙⲟ -->
<feat xlink:href="#norm_group_971" value="·"/><!-- · -->
<feat xlink:href="#norm_group_972" value="[....]ϫⲉ"/><!-- [....]ϫ̣ⲉ -->
<feat xlink:href="#norm_group_973" value="ⲙⲡⲟⲩ[..]ⲥⲃⲱ"/><!-- ⲙ̄ⲡⲟⲩ -->
<feat xlink:href="#norm_group_975" value="ⲉⲛⲉϩ"/><!-- ⲉⲛⲉϩ -->
<feat xlink:href="#norm_group_976" value="ⲛⲧⲟⲟⲧϥ"/><!-- ⲛ̣̄ⲧⲟⲟⲧ︤ -->
<feat xlink:href="#norm_group_978" value="ⲙⲡⲁⲡⲟⲥⲧⲟⲗⲟⲥ"/><!-- ⲙ̄ -->
<feat xlink:href="#norm_group_982" value="ⲉϥϫⲱ"/><!-- ⲉ -->
<feat xlink:href="#norm_group_985" value="ⲙⲙⲟⲥ"/><!-- ⲙ̄ⲙⲟ -->
<feat xlink:href="#norm_group_987" value="·"/><!-- · -->
<feat xlink:href="#norm_group_988" value="ϫⲉⲙⲡⲣⲧⲣⲉ[..]ⲁⲩϣⲓⲛⲉ"/><!-- [..]ⲉ̣ -->
<feat xlink:href="#norm_group_993" value="ⲛⲥⲁⲧⲉϥⲛⲟϥⲣⲉ"/><!-- ⲛ̄ -->
<feat xlink:href="#norm_group_998" value="ⲁⲗⲗⲁ"/><!-- ⲁⲗⲗⲁ -->
<feat xlink:href="#norm_group_999" value="ⲧⲁⲕⲉⲟⲩⲁ"/><!-- ⲧⲁ -->
<feat xlink:href="#norm_group_1002" value="ⲕⲁⲧⲁⲧϩⲉ"/><!-- ⲕⲁⲧⲁ -->
<feat xlink:href="#norm_group_1005" value="ϩⲱⲱϥ"/><!-- ϩⲱⲱ -->
<feat xlink:href="#norm_group_1007" value="ⲟⲛ"/><!-- ⲟⲛ -->
<feat xlink:href="#norm_group_1008" value="ⲉⲧⲉ"/><!-- ⲉ -->
<feat xlink:href="#norm_group_1010" value="ⲙⲡϥϣⲓⲛⲉ"/><!-- ⲙ̄ⲡ︤ -->
<feat xlink:href="#norm_group_1013" value="ⲛⲥⲁⲧⲉϥⲛⲟϥⲣⲉ"/><!-- ⲛ̄ⲥⲁ -->
<feat xlink:href="#norm_group_1017" value="ⲁⲗⲗⲁ"/><!-- ⲁⲗⲗⲁ -->
<feat xlink:href="#norm_group_1018" value="ⲧⲁϩⲁϩ"/><!-- ⲧⲁ -->
<feat xlink:href="#norm_group_1020" value="ϫⲉⲉⲩⲉⲟⲩϫⲁⲓ"/><!-- ϫⲉ -->
<feat xlink:href="#norm_group_1024" value="·"/><!-- · -->
<feat xlink:href="#norm_group_1025" value="ⲙⲁⲗⲓⲥⲧⲁ"/><!-- ⲙⲁⲗⲓ -->
<feat xlink:href="#norm_group_1027" value="ⲇⲉ"/><!-- ⲇ̣ⲉ -->
<feat xlink:href="#norm_group_1028" value="ⲡⲉⲡⲣⲟⲫⲏⲧⲏⲥ"/><!-- ⲡⲉ -->
<feat xlink:href="#norm_group_1031" value="ⲉⲧⲉⲣⲉⲛⲓⲁⲧⲥⲃⲱ"/><!-- ⲉⲧⲉ -->
<feat xlink:href="#norm_group_1035" value="ⲃⲱⲗ"/><!-- ⲃⲱⲗ` -->
<feat xlink:href="#norm_group_1036" value="ⲙⲡⲉϥϣⲁϫⲉ"/><!-- ⲙ̄ -->
<feat xlink:href="#norm_group_1039" value="ⲉϫⲙⲡⲉⲩⲟⲩⲱϣ"/><!-- ⲉϫ︤ⲙ︥ -->
<feat xlink:href="#norm_group_1042" value="ⲙⲙⲓⲛⲙⲙⲟⲟⲩ"/><!-- ⲙ̄ⲙⲓⲛⲙ̄ⲙⲟ -->
<feat xlink:href="#norm_group_1044" value="·"/><!-- · -->
<feat xlink:href="#norm_group_1045" value="ϫⲉⲡϫⲟⲉⲓⲥ"/><!-- ϫⲉ -->
<feat xlink:href="#norm_group_1048" value="ⲛⲁϯ"/><!-- ⲛⲁ -->
<feat xlink:href="#norm_group_1050" value="ⲛⲛⲉⲥⲓ[....]ⲟⲩⲙⲁ"/><!-- ⲛ̄ -->
<feat xlink:href="#norm_group_1055" value="[...]ⲟⲧⲡ"/><!-- [...]ⲟⲧ︤ⲡ︥ -->
<feat xlink:href="#norm_group_1056" value="·"/><!-- · -->
<feat xlink:href="#norm_group_1057" value="[...]ⲛⲥⲟⲉⲓⲧ"/><!-- [...]ⲛ̄ -->
<feat xlink:href="#norm_group_1059" value="ⲉⲛⲁⲛⲟⲩϥ"/><!-- ⲉ̣ -->
<feat xlink:href="#norm_group_1062" value="ⲉϣⲏⲣⲉ"/><!-- ⲉ -->
<feat xlink:href="#norm_group_1064" value="ϩⲓϣⲉⲉⲣⲉ"/><!-- ϩⲓ -->
<feat xlink:href="#norm_group_1067" value="·"/><!-- · -->
<feat xlink:href="#norm_group_1068" value="ⲛⲧⲟϥ"/><!-- ⲛ̄ⲧⲟϥ -->
<feat xlink:href="#norm_group_1069" value="ϩⲱⲱϥ"/><!-- Ϩⲱⲱ -->
<feat xlink:href="#norm_group_1071" value="ⲟⲛ"/><!-- ⲟⲛ` -->
<feat xlink:href="#norm_group_1072" value="ⲏⲥⲁⲓⲁⲥ"/><!-- ⲏ̂ⲥⲁⲓ̈ -->
<feat xlink:href="#norm_group_1074" value="ⲟⲩ"/><!-- ⲟⲩ -->
<feat xlink:href="#norm_group_1075" value="ⲙⲟⲛⲟⲛ"/><!-- ⲙⲟⲛⲟ⳯ -->
<feat xlink:href="#norm_group_1076" value="ϫⲉⲁϥϣⲡ"/><!-- ϫⲉ -->
<feat xlink:href="#norm_group_1080" value="ϩⲁϩ"/><!-- ϩⲁϩ -->
<feat xlink:href="#norm_group_1081" value="ⲛϩⲓⲥⲉ"/><!-- ⲛ̄ -->
<feat xlink:href="#norm_group_1083" value="ⲉⲧⲃⲉⲡⲣⲁⲛ"/><!-- ⲉⲧⲃⲉ -->
<feat xlink:href="#norm_group_1086" value="ⲙⲡⲛⲟⲩⲧⲉ"/><!-- ⲙ̄ -->
<feat xlink:href="#norm_group_1090" value="·"/><!-- · -->
<feat xlink:href="#norm_group_1091" value="ⲁⲗⲗⲁ"/><!-- ⲁⲗⲗⲁ -->
<feat xlink:href="#norm_group_1092" value="ⲁϥⲙⲟⲩ"/><!-- ⲁ -->
<feat xlink:href="#norm_group_1095" value="ϩⲁϩⲉⲛⲙⲏⲏϣⲉ"/><!-- ϩⲁ -->
<feat xlink:href="#norm_group_1098" value="ⲉⲛⲁϣⲱⲟⲩ"/><!-- ⲉ -->
<feat xlink:href="#norm_group_1102" value="·"/><!-- · -->
<feat xlink:href="#norm_group_1103" value="ⲁⲩⲱ"/><!-- ⲁⲩⲱ -->
<feat xlink:href="#norm_group_1104" value="ϩⲁⲣⲟⲛ"/><!-- ϩⲁⲣⲟ -->
<feat xlink:href="#norm_group_1106" value="ⲧⲏⲣⲛ"/><!-- ⲧⲏⲣ︤ -->
<feat xlink:href="#norm_group_1108" value="·"/><!-- · -->
<feat xlink:href="#norm_group_1109" value="ⲟⲩⲉⲓⲱⲧ"/><!-- Ⲟⲩ -->
<feat xlink:href="#norm_group_1111" value="ⲏ"/><!-- ⲏ̂ -->
<feat xlink:href="#norm_group_1112" value="ⲟⲩⲙⲁⲁⲩ"/><!-- ⲟⲩ -->
<feat xlink:href="#norm_group_1114" value="ⲉⲩⲛⲧⲁⲩ"/><!-- ⲉ -->
<feat xlink:href="#norm_group_1117" value="ⲙⲙⲁⲩ"/><!-- ⲙ̄ⲙⲁⲩ` -->
<feat xlink:href="#norm_group_1118" value="ⲛϩⲉⲛϣⲏⲣⲉ"/><!-- ⲛ̄ -->
<feat xlink:href="#norm_group_1121" value="ⲙⲛϩⲉⲛϣⲉⲉⲣⲉ"/><!-- ⲙ︤ⲛ︥ -->
<feat xlink:href="#norm_group_1124" value="·"/><!-- · -->
<feat xlink:href="#norm_group_1125" value="ⲙⲛⲛϣⲏⲣⲉ"/><!-- ⲙ︤ⲛ︥ -->
<feat xlink:href="#norm_group_1128" value="ⲛⲛⲉⲩϣⲏⲣⲉ"/><!-- ⲛ̄ -->
<feat xlink:href="#norm_group_1131" value="·"/><!-- · -->
<feat xlink:href="#norm_group_1132" value="ⲙⲛϩⲉⲛϩⲩⲡⲁⲣⲭⲟⲛⲧⲁ"/><!-- ⲙ︤ⲛ︥ -->
<feat xlink:href="#norm_group_1135" value="ⲉⲛⲁϣⲱⲟⲩ"/><!-- ⲉ -->
<feat xlink:href="#norm_group_1138" value="·"/><!-- · -->
<feat xlink:href="#norm_group_1139" value="ⲁⲩⲱ"/><!-- ⲁⲩⲱ -->
<feat xlink:href="#norm_group_1140" value="ⲉⲩⲁⲛⲁⲅⲕⲁⲍⲉ"/><!-- ⲉ -->
<feat xlink:href="#norm_group_1144" value="ⲙⲙⲟⲟⲩ"/><!-- ⲙ̄ⲙⲟ -->
<feat xlink:href="#norm_group_1146" value="ϩⲓⲧⲛⲛⲉϩⲃⲏⲩⲉ"/><!-- ϩⲓⲧ︤ⲛ︥ -->
<feat xlink:href="#norm_group_1150" value="ⲙⲡⲃⲓⲟⲥ"/><!-- ⲙ̄ -->
<feat xlink:href="#norm_group_1153" value="ⲉⲙⲛϣϭⲟⲙ"/><!-- ⲉ -->
<feat xlink:href="#norm_group_1156" value="ⲙⲙⲟⲟⲩ"/><!-- ⲙ̄ -->
<feat xlink:href="#norm_group_1159" value="ⲉⲛⲉϩ"/><!-- ⲉⲛⲉϩ` -->
<feat xlink:href="#norm_group_1160" value="ⲉⲧⲣⲉⲩ[....]ⲥⲧⲁ"/><!-- ⲉ -->
<feat xlink:href="#norm_group_1165" value="ⲉϫ[.....]ϣⲏⲣⲉ"/><!-- ⲉϫ[.....] -->
<feat xlink:href="#norm_group_1167" value="ⲙⲛ[...]ϣⲉⲉⲣⲉ"/><!-- ⲙ︤ⲛ̣︥ -->
<feat xlink:href="#norm_group_1170" value="ⲙⲛⲛⲕⲉϩⲃⲏⲩⲉ"/><!-- ⲙ︤ⲛ︥ -->
<feat xlink:href="#norm_group_1174" value="ⲧⲏⲣⲟⲩ"/><!-- ⲧⲏ -->
<feat xlink:href="#norm_group_1177" value="ⲛⲧⲉⲡⲉⲓⲁⲓⲱⲛ"/><!-- ⲛ̄ⲧⲉ -->
<feat xlink:href="#norm_group_1181" value="·"/><!-- · -->
<feat xlink:href="#norm_group_1182" value="ⲁⲩⲱ"/><!-- ⲁⲩⲱ -->
<feat xlink:href="#norm_group_1183" value="ⲛⲥⲉⲡⲣⲟϩⲓⲥⲧⲁ"/><!-- ⲛ̄ -->
<feat xlink:href="#norm_group_1186" value="ⲉϫⲛϩⲉⲛϣⲏⲣⲉ"/><!-- ⲉϫ︤ⲛ︥ -->
<feat xlink:href="#norm_group_1189" value="ⲙⲛϩⲉⲛϣⲉⲉⲣⲉ"/><!-- ⲙ︤ⲛ︥ -->
<feat xlink:href="#norm_group_1192" value="ⲉⲃⲟⲗ"/><!-- ⲉ -->
<feat xlink:href="#norm_group_1194" value="ϩⲓⲧⲙⲡⲛⲟⲩⲧⲉ"/><!-- ϩⲓⲧ︤ⲙ︥ -->
<feat xlink:href="#norm_group_1198" value="·"/><!-- · -->
<feat xlink:href="#norm_group_1199" value="ⲙⲛϩⲉⲛⲕⲉϩⲃⲏⲩⲉ"/><!-- ⲙ︤ⲛ︥ -->
<feat xlink:href="#norm_group_1203" value="ⲧⲏⲣⲟⲩ"/><!-- ⲧⲏⲣ -->
<feat xlink:href="#norm_group_1205" value="ⲛⲇⲓⲕⲁⲓⲟⲥⲩⲛⲏ"/><!-- ⲛ̄ -->
<feat xlink:href="#norm_group_1207" value="ⲙⲙⲛϣϭⲟⲙ"/><!-- Ⲙ̄ⲙ︤ⲛ︥ -->
<feat xlink:href="#norm_group_1209" value="ⲅⲁⲣ"/><!-- ⲅⲁⲣ -->
<feat xlink:href="#norm_group_1210" value="ⲉⲧⲣⲉⲛⲁⲓ"/><!-- ⲉ -->
<feat xlink:href="#norm_group_1213" value="ⲛⲧⲉⲓⲙⲓⲛⲉ"/><!-- ⲛ̄ -->
<feat xlink:href="#norm_group_1216" value="ⲣϩⲙϩⲁⲗ"/><!-- ⲣ̄ -->
<feat xlink:href="#norm_group_1218" value="ⲛⲛⲉⲧϣⲟⲟⲡ"/><!-- ⲛ̄ -->
<feat xlink:href="#norm_group_1222" value="ⲛⲁⲩ"/><!-- ⲛⲁ -->
<feat xlink:href="#norm_group_1224" value="ⲕⲁⲧⲁⲥⲁⲣⲝ"/><!-- ⲕⲁⲧⲁ -->
<feat xlink:href="#norm_group_1227" value="·"/><!-- · -->
<feat xlink:href="#norm_group_1228" value="ⲁⲩⲱ"/><!-- ⲁⲩⲱ -->
<feat xlink:href="#norm_group_1229" value="ⲛⲥⲉⲣϩⲙϩⲁⲗ"/><!-- ⲛ̄ -->
<feat xlink:href="#norm_group_1233" value="ⲛϩⲉⲛⲕⲟⲟⲩⲉ"/><!-- ⲛ̄ -->
<feat xlink:href="#norm_group_1236" value="ⲉⲃⲟⲗ"/><!-- ⲉⲃⲟⲗ -->
<feat xlink:href="#norm_group_1237" value="ϩⲓⲧⲙⲡⲛⲟⲩⲧⲉ"/><!-- ϩⲓⲧ︤ⲙ︥ -->
<feat xlink:href="#norm_group_1240" value="ϩⲉⲛⲣⲱⲙⲉ"/><!-- Ϩⲉⲛ -->
<feat xlink:href="#norm_group_1242" value="ⲇⲉ"/><!-- ⲇⲉ -->
<feat xlink:href="#norm_group_1243" value="ⲛⲧⲟϥ"/><!-- ⲛ̄ -->
<feat xlink:href="#norm_group_1245" value="ⲉⲙⲛⲧⲁⲩ"/><!-- ⲉ -->
<feat xlink:href="#norm_group_1248" value="ⲙⲙⲁⲩ"/><!-- ⲙ̄ⲙⲁⲩ` -->
<feat xlink:href="#norm_group_1249" value="ⲛϩⲉⲛϣⲏⲣⲉ"/><!-- ⲛ̄ -->
<feat xlink:href="#norm_group_1252" value="ⲙⲛϣⲉⲉⲣⲉ"/><!-- ⲙ︤ⲛ︥ -->
<feat xlink:href="#norm_group_1255" value="ⲕⲁⲧⲁⲥⲁⲣⲝ"/><!-- ⲕⲁⲧⲁ -->
<feat xlink:href="#norm_group_1257" value="·"/><!-- · -->
<feat xlink:href="#norm_group_1258" value="ⲏ"/><!-- ⲏ̂ -->
<feat xlink:href="#norm_group_1259" value="ⲛⲧⲟϥ"/><!-- ⲛ̄ⲧⲟϥ -->
<feat xlink:href="#norm_group_1260" value="ⲉⲩⲛⲧⲁⲩ"/><!-- ⲉ -->
<feat xlink:href="#norm_group_1264" value="·"/><!-- · -->
<feat xlink:href="#norm_group_1265" value="ⲁⲩⲱ"/><!-- ⲁⲩⲱ -->
<feat xlink:href="#norm_group_1266" value="ⲛⲥⲉⲁⲡⲟⲧⲁⲥⲥⲉ"/><!-- ⲛ̄ -->
<feat xlink:href="#norm_group_1269" value="ⲙ[ ]"/><!-- ⲙ̄ -->
<feat xlink:href="#norm_group_1271" value="[ ]"/><!-- [ ] -->
<feat xlink:href="#norm_group_1272" value="[ ]"/><!-- [ ] -->
<feat xlink:href="#norm_group_1273" value="[ ]"/><!-- [ ] -->
<feat xlink:href="#norm_group_1274" value="ⲟϣⲉ"/><!-- ⲟ -->
<feat xlink:href="#norm_group_1276" value="ⲕⲁⲧⲁⲡⲉⲙⲡϣⲁ"/><!-- ⲕⲁⲧⲁ -->
<feat xlink:href="#norm_group_1280" value="ⲙⲡⲧⲱϩⲙ"/><!-- ⲙ̄ -->
<feat xlink:href="#norm_group_1284" value="ⲡⲉⲛⲧⲁϥⲧⲁϩⲙⲟⲩ"/><!-- ⲡ̣ⲉ̣ -->
<feat xlink:href="#norm_group_1291" value="ⲉⲡⲉⲓⲃⲓⲟⲥ"/><!-- ⲉ -->
<feat xlink:href="#norm_group_1296" value="ⲡⲁⲓ"/><!-- ⲡⲁⲓ̈ -->
<feat xlink:href="#norm_group_1297" value="·"/><!-- · -->
<feat xlink:href="#norm_group_1298" value="ⲛⲁⲓ"/><!-- ⲛ̣ -->
<feat xlink:href="#norm_group_1300" value="ⲛⲉ"/><!-- ⲛⲉ -->
<feat xlink:href="#norm_group_1301" value="ⲛⲥⲓⲟⲩⲣ"/><!-- ⲛ̄ -->
<feat xlink:href="#norm_group_1303" value="ⲙⲛⲙⲡⲁⲣⲑⲉⲛⲟⲥ"/><!-- ⲙ̣︤ -->
<feat xlink:href="#norm_group_1307" value="ⲉⲧⲉⲛⲧⲱⲧⲛ"/><!-- ⲉⲧⲉ -->
<feat xlink:href="#norm_group_1309" value="ⲡⲉ"/><!-- ⲡⲉ -->
<feat xlink:href="#norm_group_1310" value="ⲛⲉⲥⲛⲏⲩ"/><!-- ⲛⲉ -->
<feat xlink:href="#norm_group_1312" value="ⲙⲛⲟⲩⲟⲛ"/><!-- ⲙ︤ⲛ︥ -->
<feat xlink:href="#norm_group_1314" value="ⲛⲓⲙ"/><!-- ⲛⲓⲙ̣ -->
<feat xlink:href="#norm_group_1315" value="ⲉⲧⲉⲅⲕⲣⲁⲧⲉⲩⲉ"/><!-- ⲉⲧ -->
<feat xlink:href="#norm_group_1317" value="ⲙⲙⲟⲟⲩ"/><!-- ⲙ̄ⲙⲟ -->
<feat xlink:href="#norm_group_1319" value="ϩⲛⲙⲁ"/><!-- ϩ︤ⲛ︥ -->
<feat xlink:href="#norm_group_1321" value="ⲛⲓⲙ"/><!-- ⲛⲓⲙ -->
<feat xlink:href="#norm_group_1322" value="·"/><!-- · -->
<feat xlink:href="#norm_group_1323" value="ϩⲙⲡⲕⲁϩ"/><!-- ϩ︤ⲙ︥ -->
<feat xlink:href="#norm_group_1326" value="ⲧⲏⲣϥ"/><!-- ⲧⲏⲣ︤ -->
<feat xlink:href="#norm_group_1328" value="·"/><!-- · -->
<feat xlink:href="#norm_group_1329" value="ⲉⲓⲧⲉ"/><!-- ⲉⲓⲧⲉ -->
<feat xlink:href="#norm_group_1330" value="ⲛⲉⲧⲉⲛⲥⲉⲥⲟⲟⲩⲛ"/><!-- ⲛ -->
<feat xlink:href="#norm_group_1336" value="ⲁⲛ"/><!-- ⲁⲛ` -->
<feat xlink:href="#norm_group_1337" value="ϫⲉⲟⲩ"/><!-- ϫⲉ -->
<feat xlink:href="#norm_group_1339" value="ⲡⲉ"/><!-- ⲡⲉ -->
<feat xlink:href="#norm_group_1340" value="ⲡⲅⲁⲙⲟⲥ"/><!-- ⲡ -->
<feat xlink:href="#norm_group_1342" value="ⲉⲧⲧⲁⲓⲏⲩ"/><!-- ⲉⲧ -->
<feat xlink:href="#norm_group_1344" value="·"/><!-- · -->
<feat xlink:href="#norm_group_1345" value="ⲙⲛⲡⲙⲁ"/><!-- ⲙ︤ⲛ︥ -->
<feat xlink:href="#norm_group_1348" value="ⲛⲛⲕⲟⲧⲕ"/><!-- ⲛ︤ -->
<feat xlink:href="#norm_group_1350" value="ⲉⲧⲧⲃⲃⲏⲩ"/><!-- ⲉⲧ -->
<feat xlink:href="#norm_group_1353" value="·"/><!-- · -->
<feat xlink:href="#norm_group_1354" value="ⲉⲓⲧⲉ"/><!-- ⲉⲓ̈ⲧⲉ -->
<feat xlink:href="#norm_group_1355" value="ⲛⲉⲛⲧⲁⲩϫⲓϩⲓⲙⲉ"/><!-- ⲛⲉ -->
<feat xlink:href="#norm_group_1361" value="·"/><!-- · -->
<feat xlink:href="#norm_group_1362" value="ⲙⲛⲛⲉⲛⲧⲁⲩϫⲓϩⲁⲓ"/><!-- ⲙ︤ⲛ︥ -->
<feat xlink:href="#norm_group_1369" value="·"/><!-- · -->
<feat xlink:href="#norm_group_1370" value="ⲁⲩⲱ"/><!-- ⲁⲩⲱ -->
<feat xlink:href="#norm_group_1371" value="ⲛⲧⲉⲣⲟⲩⲣϩⲛⲁⲩ"/><!-- ⲛ̄ⲧⲉ -->
<feat xlink:href="#norm_group_1376" value="ⲉⲃⲟⲗ"/><!-- ⲉⲃⲟⲗ -->
<feat xlink:href="#norm_group_1377" value="ϩⲓⲧⲙⲡⲛⲟⲩⲧⲉ"/><!-- ϩⲓⲧ︤ⲙ︥ -->
<feat xlink:href="#norm_group_1380" value="ϩⲙⲡϣⲟϫⲛⲉ"/><!-- ϩ︤ⲙ︥ -->
<feat xlink:href="#norm_group_1383" value="ⲙⲡⲉⲛⲧⲁϥϫⲟⲟⲥ"/><!-- ⲙ̄ -->
</featList>
</paula>
