<?xml version='1.0' encoding='UTF-8'?><!DOCTYPE paula SYSTEM "paula_rel.dtd">
<paula version="1.1">
	<header paula_id="scriptorium.shenoute.crushed.FL95-96.head"/>
	<relList xmlns:xlink="http://www.w3.org/1999/xlink" type="head">
		<rel id="sPointingRel677" xlink:href="scriptorium.shenoute.crushed.FL95-96.mark.xml#sSpan987" target="scriptorium.shenoute.crushed.FL95-96.mark.xml#sSpan988"/>
		<rel id="sPointingRel679" xlink:href="scriptorium.shenoute.crushed.FL95-96.mark.xml#sSpan903" target="scriptorium.shenoute.crushed.FL95-96.mark.xml#sSpan907"/>
		<rel id="sPointingRel681" xlink:href="scriptorium.shenoute.crushed.FL95-96.mark.xml#sSpan501" target="scriptorium.shenoute.crushed.FL95-96.mark.xml#sSpan499"/>
		<rel id="sPointingRel683" xlink:href="scriptorium.shenoute.crushed.FL95-96.mark.xml#sSpan92" target="scriptorium.shenoute.crushed.FL95-96.mark.xml#sSpan93"/>
		<rel id="sPointingRel685" xlink:href="scriptorium.shenoute.crushed.FL95-96.mark.xml#sSpan1138" target="scriptorium.shenoute.crushed.FL95-96.mark.xml#sSpan1136"/>
		<rel id="sPointingRel687" xlink:href="scriptorium.shenoute.crushed.FL95-96.mark.xml#sSpan313" target="scriptorium.shenoute.crushed.FL95-96.mark.xml#sSpan311"/>
		<rel id="sPointingRel689" xlink:href="scriptorium.shenoute.crushed.FL95-96.mark.xml#sSpan541" target="scriptorium.shenoute.crushed.FL95-96.mark.xml#sSpan537"/>
		<rel id="sPointingRel691" xlink:href="scriptorium.shenoute.crushed.FL95-96.mark.xml#sSpan163" target="scriptorium.shenoute.crushed.FL95-96.mark.xml#sSpan159"/>
		<rel id="sPointingRel693" xlink:href="scriptorium.shenoute.crushed.FL95-96.mark.xml#sSpan422" target="scriptorium.shenoute.crushed.FL95-96.mark.xml#sSpan420"/>
		<rel id="sPointingRel695" xlink:href="scriptorium.shenoute.crushed.FL95-96.mark.xml#sSpan619" target="scriptorium.shenoute.crushed.FL95-96.mark.xml#sSpan620"/>
		<rel id="sPointingRel697" xlink:href="scriptorium.shenoute.crushed.FL95-96.mark.xml#sSpan305" target="scriptorium.shenoute.crushed.FL95-96.mark.xml#sSpan301"/>
		<rel id="sPointingRel699" xlink:href="scriptorium.shenoute.crushed.FL95-96.mark.xml#sSpan979" target="scriptorium.shenoute.crushed.FL95-96.mark.xml#sSpan981"/>
		<rel id="sPointingRel701" xlink:href="scriptorium.shenoute.crushed.FL95-96.mark.xml#sSpan860" target="scriptorium.shenoute.crushed.FL95-96.mark.xml#sSpan865"/>
		<rel id="sPointingRel703" xlink:href="scriptorium.shenoute.crushed.FL95-96.mark.xml#sSpan111" target="scriptorium.shenoute.crushed.FL95-96.mark.xml#sSpan112"/>
		<rel id="sPointingRel705" xlink:href="scriptorium.shenoute.crushed.FL95-96.mark.xml#sSpan389" target="scriptorium.shenoute.crushed.FL95-96.mark.xml#sSpan390"/>
		<rel id="sPointingRel707" xlink:href="scriptorium.shenoute.crushed.FL95-96.mark.xml#sSpan177" target="scriptorium.shenoute.crushed.FL95-96.mark.xml#sSpan175"/>
		<rel id="sPointingRel709" xlink:href="scriptorium.shenoute.crushed.FL95-96.mark.xml#sSpan327" target="scriptorium.shenoute.crushed.FL95-96.mark.xml#sSpan325"/>
		<rel id="sPointingRel711" xlink:href="scriptorium.shenoute.crushed.FL95-96.mark.xml#sSpan878" target="scriptorium.shenoute.crushed.FL95-96.mark.xml#sSpan883"/>
		<rel id="sPointingRel713" xlink:href="scriptorium.shenoute.crushed.FL95-96.mark.xml#sSpan536" target="scriptorium.shenoute.crushed.FL95-96.mark.xml#sSpan532"/>
		<rel id="sPointingRel715" xlink:href="scriptorium.shenoute.crushed.FL95-96.mark.xml#sSpan816" target="scriptorium.shenoute.crushed.FL95-96.mark.xml#sSpan817"/>
		<rel id="sPointingRel717" xlink:href="scriptorium.shenoute.crushed.FL95-96.mark.xml#sSpan351" target="scriptorium.shenoute.crushed.FL95-96.mark.xml#sSpan348"/>
		<rel id="sPointingRel719" xlink:href="scriptorium.shenoute.crushed.FL95-96.mark.xml#sSpan666" target="scriptorium.shenoute.crushed.FL95-96.mark.xml#sSpan667"/>
		<rel id="sPointingRel721" xlink:href="scriptorium.shenoute.crushed.FL95-96.mark.xml#sSpan1099" target="scriptorium.shenoute.crushed.FL95-96.mark.xml#sSpan1097"/>
		<rel id="sPointingRel723" xlink:href="scriptorium.shenoute.crushed.FL95-96.mark.xml#sSpan628" target="scriptorium.shenoute.crushed.FL95-96.mark.xml#sSpan629"/>
		<rel id="sPointingRel725" xlink:href="scriptorium.shenoute.crushed.FL95-96.mark.xml#sSpan565" target="scriptorium.shenoute.crushed.FL95-96.mark.xml#sSpan566"/>
		<rel id="sPointingRel727" xlink:href="scriptorium.shenoute.crushed.FL95-96.mark.xml#sSpan363" target="scriptorium.shenoute.crushed.FL95-96.mark.xml#sSpan361"/>
		<rel id="sPointingRel729" xlink:href="scriptorium.shenoute.crushed.FL95-96.mark.xml#sSpan925" target="scriptorium.shenoute.crushed.FL95-96.mark.xml#sSpan922"/>
		<rel id="sPointingRel731" xlink:href="scriptorium.shenoute.crushed.FL95-96.mark.xml#sSpan704" target="scriptorium.shenoute.crushed.FL95-96.mark.xml#sSpan705"/>
		<rel id="sPointingRel733" xlink:href="scriptorium.shenoute.crushed.FL95-96.mark.xml#sSpan207" target="scriptorium.shenoute.crushed.FL95-96.mark.xml#sSpan205"/>
		<rel id="sPointingRel735" xlink:href="scriptorium.shenoute.crushed.FL95-96.mark.xml#sSpan906" target="scriptorium.shenoute.crushed.FL95-96.mark.xml#sSpan907"/>
		<rel id="sPointingRel737" xlink:href="scriptorium.shenoute.crushed.FL95-96.mark.xml#sSpan212" target="scriptorium.shenoute.crushed.FL95-96.mark.xml#sSpan214"/>
		<rel id="sPointingRel739" xlink:href="scriptorium.shenoute.crushed.FL95-96.mark.xml#sSpan243" target="scriptorium.shenoute.crushed.FL95-96.mark.xml#sSpan241"/>
		<rel id="sPointingRel741" xlink:href="scriptorium.shenoute.crushed.FL95-96.mark.xml#sSpan1090" target="scriptorium.shenoute.crushed.FL95-96.mark.xml#sSpan1091"/>
		<rel id="sPointingRel743" xlink:href="scriptorium.shenoute.crushed.FL95-96.mark.xml#sSpan1025" target="scriptorium.shenoute.crushed.FL95-96.mark.xml#sSpan1026"/>
		<rel id="sPointingRel745" xlink:href="scriptorium.shenoute.crushed.FL95-96.mark.xml#sSpan399" target="scriptorium.shenoute.crushed.FL95-96.mark.xml#sSpan396"/>
		<rel id="sPointingRel747" xlink:href="scriptorium.shenoute.crushed.FL95-96.mark.xml#sSpan5" target="scriptorium.shenoute.crushed.FL95-96.mark.xml#sSpan3"/>
		<rel id="sPointingRel749" xlink:href="scriptorium.shenoute.crushed.FL95-96.mark.xml#sSpan57" target="scriptorium.shenoute.crushed.FL95-96.mark.xml#sSpan58"/>
		<rel id="sPointingRel751" xlink:href="scriptorium.shenoute.crushed.FL95-96.mark.xml#sSpan455" target="scriptorium.shenoute.crushed.FL95-96.mark.xml#sSpan453"/>
		<rel id="sPointingRel753" xlink:href="scriptorium.shenoute.crushed.FL95-96.mark.xml#sSpan1049" target="scriptorium.shenoute.crushed.FL95-96.mark.xml#sSpan1050"/>
		<rel id="sPointingRel755" xlink:href="scriptorium.shenoute.crushed.FL95-96.mark.xml#sSpan71" target="scriptorium.shenoute.crushed.FL95-96.mark.xml#sSpan75"/>
		<rel id="sPointingRel757" xlink:href="scriptorium.shenoute.crushed.FL95-96.mark.xml#sSpan1068" target="scriptorium.shenoute.crushed.FL95-96.mark.xml#sSpan1070"/>
		<rel id="sPointingRel759" xlink:href="scriptorium.shenoute.crushed.FL95-96.mark.xml#sSpan1119" target="scriptorium.shenoute.crushed.FL95-96.mark.xml#sSpan1117"/>
		<rel id="sPointingRel761" xlink:href="scriptorium.shenoute.crushed.FL95-96.mark.xml#sSpan428" target="scriptorium.shenoute.crushed.FL95-96.mark.xml#sSpan432"/>
		<rel id="sPointingRel763" xlink:href="scriptorium.shenoute.crushed.FL95-96.mark.xml#sSpan379" target="scriptorium.shenoute.crushed.FL95-96.mark.xml#sSpan380"/>
		<rel id="sPointingRel765" xlink:href="scriptorium.shenoute.crushed.FL95-96.mark.xml#sSpan915" target="scriptorium.shenoute.crushed.FL95-96.mark.xml#sSpan916"/>
		<rel id="sPointingRel767" xlink:href="scriptorium.shenoute.crushed.FL95-96.mark.xml#sSpan686" target="scriptorium.shenoute.crushed.FL95-96.mark.xml#sSpan687"/>
		<rel id="sPointingRel769" xlink:href="scriptorium.shenoute.crushed.FL95-96.mark.xml#sSpan829" target="scriptorium.shenoute.crushed.FL95-96.mark.xml#sSpan830"/>
		<rel id="sPointingRel771" xlink:href="scriptorium.shenoute.crushed.FL95-96.mark.xml#sSpan657" target="scriptorium.shenoute.crushed.FL95-96.mark.xml#sSpan658"/>
		<rel id="sPointingRel773" xlink:href="scriptorium.shenoute.crushed.FL95-96.mark.xml#sSpan1007" target="scriptorium.shenoute.crushed.FL95-96.mark.xml#sSpan1008"/>
		<rel id="sPointingRel775" xlink:href="scriptorium.shenoute.crushed.FL95-96.mark.xml#sSpan192" target="scriptorium.shenoute.crushed.FL95-96.mark.xml#sSpan194"/>
		<rel id="sPointingRel777" xlink:href="scriptorium.shenoute.crushed.FL95-96.mark.xml#sSpan492" target="scriptorium.shenoute.crushed.FL95-96.mark.xml#sSpan493"/>
		<rel id="sPointingRel779" xlink:href="scriptorium.shenoute.crushed.FL95-96.mark.xml#sSpan134" target="scriptorium.shenoute.crushed.FL95-96.mark.xml#sSpan130"/>
		<rel id="sPointingRel781" xlink:href="scriptorium.shenoute.crushed.FL95-96.mark.xml#sSpan781" target="scriptorium.shenoute.crushed.FL95-96.mark.xml#sSpan783"/>
		<rel id="sPointingRel783" xlink:href="scriptorium.shenoute.crushed.FL95-96.mark.xml#sSpan272" target="scriptorium.shenoute.crushed.FL95-96.mark.xml#sSpan270"/>
		<rel id="sPointingRel785" xlink:href="scriptorium.shenoute.crushed.FL95-96.mark.xml#sSpan42" target="scriptorium.shenoute.crushed.FL95-96.mark.xml#sSpan43"/>
		<rel id="sPointingRel787" xlink:href="scriptorium.shenoute.crushed.FL95-96.mark.xml#sSpan728" target="scriptorium.shenoute.crushed.FL95-96.mark.xml#sSpan730"/>
		<rel id="sPointingRel789" xlink:href="scriptorium.shenoute.crushed.FL95-96.mark.xml#sSpan350" target="scriptorium.shenoute.crushed.FL95-96.mark.xml#sSpan348"/>
		<rel id="sPointingRel791" xlink:href="scriptorium.shenoute.crushed.FL95-96.mark.xml#sSpan1034" target="scriptorium.shenoute.crushed.FL95-96.mark.xml#sSpan1035"/>
		<rel id="sPointingRel793" xlink:href="scriptorium.shenoute.crushed.FL95-96.mark.xml#sSpan847" target="scriptorium.shenoute.crushed.FL95-96.mark.xml#sSpan848"/>
		<rel id="sPointingRel795" xlink:href="scriptorium.shenoute.crushed.FL95-96.mark.xml#sSpan120" target="scriptorium.shenoute.crushed.FL95-96.mark.xml#sSpan121"/></relList></paula>