<?xml version='1.0' encoding='UTF-8'?><!DOCTYPE paula SYSTEM "paula_feat.dtd">
<paula version="1.1">
	<header paula_id="scriptorium.shenoute.crushed.FL95-96.dep_func"/>
	<featList xmlns:xlink="http://www.w3.org/1999/xlink" type="func" xml:base="scriptorium.shenoute.crushed.FL95-96.dep.xml">
		<feat xlink:href="#sPointingRel1" value="nsubj"/>
		<feat xlink:href="#sPointingRel3" value="mark"/>
		<feat xlink:href="#sPointingRel5" value="obl"/>
		<feat xlink:href="#sPointingRel7" value="nsubj"/>
		<feat xlink:href="#sPointingRel9" value="det"/>
		<feat xlink:href="#sPointingRel11" value="obj"/>
		<feat xlink:href="#sPointingRel13" value="conj"/>
		<feat xlink:href="#sPointingRel15" value="aux"/>
		<feat xlink:href="#sPointingRel17" value="expl"/>
		<feat xlink:href="#sPointingRel19" value="mark"/>
		<feat xlink:href="#sPointingRel21" value="nmod:poss"/>
		<feat xlink:href="#sPointingRel23" value="case"/>
		<feat xlink:href="#sPointingRel25" value="case"/>
		<feat xlink:href="#sPointingRel27" value="det"/>
		<feat xlink:href="#sPointingRel29" value="det"/>
		<feat xlink:href="#sPointingRel31" value="det"/>
		<feat xlink:href="#sPointingRel33" value="mark"/>
		<feat xlink:href="#sPointingRel35" value="cc"/>
		<feat xlink:href="#sPointingRel37" value="case"/>
		<feat xlink:href="#sPointingRel39" value="mark"/>
		<feat xlink:href="#sPointingRel41" value="nsubj"/>
		<feat xlink:href="#sPointingRel43" value="mark"/>
		<feat xlink:href="#sPointingRel45" value="advcl"/>
		<feat xlink:href="#sPointingRel47" value="acl:relcl"/>
		<feat xlink:href="#sPointingRel49" value="det"/>
		<feat xlink:href="#sPointingRel51" value="aux"/>
		<feat xlink:href="#sPointingRel53" value="cop"/>
		<feat xlink:href="#sPointingRel55" value="nmod:poss"/>
		<feat xlink:href="#sPointingRel57" value="advmod"/>
		<feat xlink:href="#sPointingRel59" value="advmod"/>
		<feat xlink:href="#sPointingRel61" value="obl"/>
		<feat xlink:href="#sPointingRel63" value="case"/>
		<feat xlink:href="#sPointingRel65" value="cc"/>
		<feat xlink:href="#sPointingRel67" value="aux"/>
		<feat xlink:href="#sPointingRel69" value="case"/>
		<feat xlink:href="#sPointingRel71" value="obl"/>
		<feat xlink:href="#sPointingRel73" value="acl:relcl"/>
		<feat xlink:href="#sPointingRel75" value="aux"/>
		<feat xlink:href="#sPointingRel77" value="cc"/>
		<feat xlink:href="#sPointingRel79" value="nmod"/>
		<feat xlink:href="#sPointingRel81" value="nmod:poss"/>
		<feat xlink:href="#sPointingRel83" value="conj"/>
		<feat xlink:href="#sPointingRel85" value="case"/>
		<feat xlink:href="#sPointingRel87" value="mark"/>
		<feat xlink:href="#sPointingRel89" value="nsubj"/>
		<feat xlink:href="#sPointingRel91" value="det"/>
		<feat xlink:href="#sPointingRel93" value="det"/>
		<feat xlink:href="#sPointingRel95" value="fixed"/>
		<feat xlink:href="#sPointingRel97" value="case"/>
		<feat xlink:href="#sPointingRel99" value="aux"/>
		<feat xlink:href="#sPointingRel101" value="obl:npmod"/>
		<feat xlink:href="#sPointingRel103" value="obl"/>
		<feat xlink:href="#sPointingRel105" value="det"/>
		<feat xlink:href="#sPointingRel107" value="nsubj"/>
		<feat xlink:href="#sPointingRel109" value="acl:relcl"/>
		<feat xlink:href="#sPointingRel111" value="det"/>
		<feat xlink:href="#sPointingRel113" value="parataxis"/>
		<feat xlink:href="#sPointingRel115" value="acl:relcl"/>
		<feat xlink:href="#sPointingRel117" value="expl"/>
		<feat xlink:href="#sPointingRel119" value="obl"/>
		<feat xlink:href="#sPointingRel121" value="obl"/>
		<feat xlink:href="#sPointingRel123" value="nmod"/>
		<feat xlink:href="#sPointingRel125" value="advmod"/>
		<feat xlink:href="#sPointingRel127" value="mark"/>
		<feat xlink:href="#sPointingRel129" value="nsubj"/>
		<feat xlink:href="#sPointingRel131" value="acl:relcl"/>
		<feat xlink:href="#sPointingRel133" value="obl"/>
		<feat xlink:href="#sPointingRel135" value="nmod"/>
		<feat xlink:href="#sPointingRel137" value="acl:relcl"/>
		<feat xlink:href="#sPointingRel139" value="advmod"/>
		<feat xlink:href="#sPointingRel141" value="acl:relcl"/>
		<feat xlink:href="#sPointingRel143" value="fixed"/>
		<feat xlink:href="#sPointingRel145" value="case"/>
		<feat xlink:href="#sPointingRel147" value="cc"/>
		<feat xlink:href="#sPointingRel149" value="nmod"/>
		<feat xlink:href="#sPointingRel151" value="obl"/>
		<feat xlink:href="#sPointingRel153" value="aux"/>
		<feat xlink:href="#sPointingRel155" value="nsubj"/>
		<feat xlink:href="#sPointingRel157" value="xcomp"/>
		<feat xlink:href="#sPointingRel159" value="cop"/>
		<feat xlink:href="#sPointingRel161" value="advmod"/>
		<feat xlink:href="#sPointingRel163" value="nsubj"/>
		<feat xlink:href="#sPointingRel165" value="case"/>
		<feat xlink:href="#sPointingRel167" value="nsubj"/>
		<feat xlink:href="#sPointingRel169" value="conj"/>
		<feat xlink:href="#sPointingRel171" value="obj"/>
		<feat xlink:href="#sPointingRel173" value="aux"/>
		<feat xlink:href="#sPointingRel175" value="nsubj"/>
		<feat xlink:href="#sPointingRel177" value="det"/>
		<feat xlink:href="#sPointingRel179" value="obj"/>
		<feat xlink:href="#sPointingRel181" value="det"/>
		<feat xlink:href="#sPointingRel183" value="det"/>
		<feat xlink:href="#sPointingRel185" value="aux"/>
		<feat xlink:href="#sPointingRel187" value="obj"/>
		<feat xlink:href="#sPointingRel189" value="cc"/>
		<feat xlink:href="#sPointingRel191" value="nmod"/>
		<feat xlink:href="#sPointingRel193" value="nsubj"/>
		<feat xlink:href="#sPointingRel195" value="mark"/>
		<feat xlink:href="#sPointingRel197" value="obj"/>
		<feat xlink:href="#sPointingRel199" value="case"/>
		<feat xlink:href="#sPointingRel201" value="nsubj"/>
		<feat xlink:href="#sPointingRel203" value="det"/>
		<feat xlink:href="#sPointingRel205" value="nmod:poss"/>
		<feat xlink:href="#sPointingRel207" value="acl:relcl"/>
		<feat xlink:href="#sPointingRel209" value="det"/>
		<feat xlink:href="#sPointingRel211" value="case"/>
		<feat xlink:href="#sPointingRel213" value="conj"/>
		<feat xlink:href="#sPointingRel215" value="det"/>
		<feat xlink:href="#sPointingRel217" value="obj"/>
		<feat xlink:href="#sPointingRel219" value="det"/>
		<feat xlink:href="#sPointingRel221" value="case"/>
		<feat xlink:href="#sPointingRel223" value="nsubj"/>
		<feat xlink:href="#sPointingRel225" value="mark"/>
		<feat xlink:href="#sPointingRel227" value="mark"/>
		<feat xlink:href="#sPointingRel229" value="case"/>
		<feat xlink:href="#sPointingRel231" value="det"/>
		<feat xlink:href="#sPointingRel233" value="det"/>
		<feat xlink:href="#sPointingRel235" value="advmod"/>
		<feat xlink:href="#sPointingRel237" value="conj"/>
		<feat xlink:href="#sPointingRel239" value="case"/>
		<feat xlink:href="#sPointingRel241" value="det"/>
		<feat xlink:href="#sPointingRel243" value="nmod:poss"/>
		<feat xlink:href="#sPointingRel245" value="det"/>
		<feat xlink:href="#sPointingRel247" value="det"/>
		<feat xlink:href="#sPointingRel249" value="nsubj"/>
		<feat xlink:href="#sPointingRel251" value="nsubj"/>
		<feat xlink:href="#sPointingRel253" value="cc"/>
		<feat xlink:href="#sPointingRel255" value="case"/>
		<feat xlink:href="#sPointingRel257" value="acl:relcl"/>
		<feat xlink:href="#sPointingRel259" value="cc"/>
		<feat xlink:href="#sPointingRel261" value="nmod:poss"/>
		<feat xlink:href="#sPointingRel263" value="cc"/>
		<feat xlink:href="#sPointingRel265" value="case"/>
		<feat xlink:href="#sPointingRel267" value="obj"/>
		<feat xlink:href="#sPointingRel269" value="obl"/>
		<feat xlink:href="#sPointingRel271" value="acl:relcl"/>
		<feat xlink:href="#sPointingRel273" value="obj"/>
		<feat xlink:href="#sPointingRel275" value="advmod"/>
		<feat xlink:href="#sPointingRel277" value="mark"/>
		<feat xlink:href="#sPointingRel279" value="obl"/>
		<feat xlink:href="#sPointingRel281" value="acl:relcl"/>
		<feat xlink:href="#sPointingRel283" value="mark"/>
		<feat xlink:href="#sPointingRel285" value="mark"/>
		<feat xlink:href="#sPointingRel287" value="case"/>
		<feat xlink:href="#sPointingRel289" value="obl"/>
		<feat xlink:href="#sPointingRel291" value="advcl"/>
		<feat xlink:href="#sPointingRel293" value="obj"/>
		<feat xlink:href="#sPointingRel295" value="obj"/>
		<feat xlink:href="#sPointingRel297" value="obj"/>
		<feat xlink:href="#sPointingRel299" value="conj"/>
		<feat xlink:href="#sPointingRel301" value="ccomp"/>
		<feat xlink:href="#sPointingRel303" value="case"/>
		<feat xlink:href="#sPointingRel305" value="cc"/>
		<feat xlink:href="#sPointingRel307" value="advcl"/>
		<feat xlink:href="#sPointingRel309" value="case"/>
		<feat xlink:href="#sPointingRel311" value="obl"/>
		<feat xlink:href="#sPointingRel313" value="case"/>
		<feat xlink:href="#sPointingRel315" value="mark"/>
		<feat xlink:href="#sPointingRel317" value="acl:relcl"/>
		<feat xlink:href="#sPointingRel319" value="cc"/>
		<feat xlink:href="#sPointingRel321" value="mark"/>
		<feat xlink:href="#sPointingRel323" value="obj"/>
		<feat xlink:href="#sPointingRel325" value="obj"/>
		<feat xlink:href="#sPointingRel327" value="obj"/>
		<feat xlink:href="#sPointingRel329" value="case"/>
		<feat xlink:href="#sPointingRel331" value="obj"/>
		<feat xlink:href="#sPointingRel333" value="xcomp"/>
		<feat xlink:href="#sPointingRel335" value="obl"/>
		<feat xlink:href="#sPointingRel337" value="case"/>
		<feat xlink:href="#sPointingRel339" value="obj"/>
		<feat xlink:href="#sPointingRel341" value="acl:relcl"/>
		<feat xlink:href="#sPointingRel343" value="parataxis"/>
		<feat xlink:href="#sPointingRel345" value="cop"/>
		<feat xlink:href="#sPointingRel347" value="nmod"/>
		<feat xlink:href="#sPointingRel349" value="case"/>
		<feat xlink:href="#sPointingRel351" value="aux"/>
		<feat xlink:href="#sPointingRel353" value="nmod"/>
		<feat xlink:href="#sPointingRel355" value="acl:relcl"/>
		<feat xlink:href="#sPointingRel357" value="nsubj"/>
		<feat xlink:href="#sPointingRel359" value="det"/>
		<feat xlink:href="#sPointingRel361" value="case"/>
		<feat xlink:href="#sPointingRel363" value="nmod:poss"/>
		<feat xlink:href="#sPointingRel365" value="acl:relcl"/>
		<feat xlink:href="#sPointingRel367" value="case"/>
		<feat xlink:href="#sPointingRel369" value="advmod"/>
		<feat xlink:href="#sPointingRel371" value="advmod"/>
		<feat xlink:href="#sPointingRel373" value="aux"/>
		<feat xlink:href="#sPointingRel375" value="det"/>
		<feat xlink:href="#sPointingRel377" value="det"/>
		<feat xlink:href="#sPointingRel379" value="det"/>
		<feat xlink:href="#sPointingRel381" value="mark"/>
		<feat xlink:href="#sPointingRel383" value="obj"/>
		<feat xlink:href="#sPointingRel385" value="conj"/>
		<feat xlink:href="#sPointingRel387" value="nmod"/>
		<feat xlink:href="#sPointingRel389" value="advmod"/>
		<feat xlink:href="#sPointingRel391" value="dislocated"/>
		<feat xlink:href="#sPointingRel393" value="aux"/>
		<feat xlink:href="#sPointingRel395" value="conj"/>
		<feat xlink:href="#sPointingRel397" value="det"/>
		<feat xlink:href="#sPointingRel399" value="obl"/>
		<feat xlink:href="#sPointingRel401" value="case"/>
		<feat xlink:href="#sPointingRel403" value="aux"/>
		<feat xlink:href="#sPointingRel405" value="case"/>
		<feat xlink:href="#sPointingRel407" value="case"/>
		<feat xlink:href="#sPointingRel409" value="mark"/>
		<feat xlink:href="#sPointingRel411" value="mark"/>
		<feat xlink:href="#sPointingRel413" value="det"/>
		<feat xlink:href="#sPointingRel415" value="cop"/>
		<feat xlink:href="#sPointingRel417" value="aux"/>
		<feat xlink:href="#sPointingRel419" value="appos"/>
		<feat xlink:href="#sPointingRel421" value="aux"/>
		<feat xlink:href="#sPointingRel423" value="acl:relcl"/>
		<feat xlink:href="#sPointingRel425" value="conj"/>
		<feat xlink:href="#sPointingRel427" value="obl"/>
		<feat xlink:href="#sPointingRel429" value="det"/>
		<feat xlink:href="#sPointingRel431" value="nsubj"/>
		<feat xlink:href="#sPointingRel433" value="case"/>
		<feat xlink:href="#sPointingRel435" value="case"/>
		<feat xlink:href="#sPointingRel437" value="dislocated"/>
		<feat xlink:href="#sPointingRel439" value="nmod"/>
		<feat xlink:href="#sPointingRel441" value="case"/>
		<feat xlink:href="#sPointingRel443" value="parataxis"/>
		<feat xlink:href="#sPointingRel445" value="case"/>
		<feat xlink:href="#sPointingRel447" value="expl"/>
		<feat xlink:href="#sPointingRel449" value="advmod"/>
		<feat xlink:href="#sPointingRel451" value="det"/>
		<feat xlink:href="#sPointingRel453" value="det"/>
		<feat xlink:href="#sPointingRel455" value="case"/>
		<feat xlink:href="#sPointingRel457" value="nmod:poss"/>
		<feat xlink:href="#sPointingRel459" value="mark"/>
		<feat xlink:href="#sPointingRel461" value="case"/>
		<feat xlink:href="#sPointingRel463" value="nsubj"/>
		<feat xlink:href="#sPointingRel465" value="aux"/>
		<feat xlink:href="#sPointingRel467" value="nmod"/>
		<feat xlink:href="#sPointingRel469" value="obl"/>
		<feat xlink:href="#sPointingRel471" value="mark"/>
		<feat xlink:href="#sPointingRel473" value="xcomp"/>
		<feat xlink:href="#sPointingRel475" value="case"/>
		<feat xlink:href="#sPointingRel477" value="det"/>
		<feat xlink:href="#sPointingRel479" value="case"/>
		<feat xlink:href="#sPointingRel481" value="obj"/>
		<feat xlink:href="#sPointingRel483" value="acl:relcl"/>
		<feat xlink:href="#sPointingRel485" value="aux"/>
		<feat xlink:href="#sPointingRel487" value="acl:relcl"/>
		<feat xlink:href="#sPointingRel489" value="obj"/>
		<feat xlink:href="#sPointingRel491" value="mark"/>
		<feat xlink:href="#sPointingRel493" value="det"/>
		<feat xlink:href="#sPointingRel495" value="nsubj"/>
		<feat xlink:href="#sPointingRel497" value="nsubj"/>
		<feat xlink:href="#sPointingRel499" value="case"/>
		<feat xlink:href="#sPointingRel501" value="obl"/>
		<feat xlink:href="#sPointingRel503" value="cc"/>
		<feat xlink:href="#sPointingRel505" value="case"/>
		<feat xlink:href="#sPointingRel507" value="ccomp"/>
		<feat xlink:href="#sPointingRel509" value="advmod"/>
		<feat xlink:href="#sPointingRel511" value="cc"/>
		<feat xlink:href="#sPointingRel513" value="case"/>
		<feat xlink:href="#sPointingRel515" value="case"/>
		<feat xlink:href="#sPointingRel517" value="nmod:poss"/>
		<feat xlink:href="#sPointingRel519" value="det"/>
		<feat xlink:href="#sPointingRel521" value="nmod"/>
		<feat xlink:href="#sPointingRel523" value="obl"/>
		<feat xlink:href="#sPointingRel525" value="acl:relcl"/>
		<feat xlink:href="#sPointingRel527" value="obl"/>
		<feat xlink:href="#sPointingRel529" value="obl"/>
		<feat xlink:href="#sPointingRel531" value="conj"/>
		<feat xlink:href="#sPointingRel533" value="nsubj"/>
		<feat xlink:href="#sPointingRel535" value="nsubj"/>
		<feat xlink:href="#sPointingRel537" value="nsubj"/>
		<feat xlink:href="#sPointingRel539" value="obj"/>
		<feat xlink:href="#sPointingRel541" value="advmod"/>
		<feat xlink:href="#sPointingRel543" value="aux"/>
		<feat xlink:href="#sPointingRel545" value="obl"/>
		<feat xlink:href="#sPointingRel547" value="aux"/>
		<feat xlink:href="#sPointingRel549" value="nmod"/>
		<feat xlink:href="#sPointingRel551" value="case"/>
		<feat xlink:href="#sPointingRel553" value="obl"/>
		<feat xlink:href="#sPointingRel555" value="obj"/>
		<feat xlink:href="#sPointingRel557" value="det"/>
		<feat xlink:href="#sPointingRel559" value="mark"/>
		<feat xlink:href="#sPointingRel561" value="obl:npmod"/>
		<feat xlink:href="#sPointingRel563" value="ccomp"/>
		<feat xlink:href="#sPointingRel565" value="mark"/>
		<feat xlink:href="#sPointingRel567" value="obl"/>
		<feat xlink:href="#sPointingRel569" value="nsubj"/>
		<feat xlink:href="#sPointingRel571" value="nmod:poss"/>
		<feat xlink:href="#sPointingRel573" value="case"/>
		<feat xlink:href="#sPointingRel575" value="parataxis"/>
		<feat xlink:href="#sPointingRel577" value="mark"/>
		<feat xlink:href="#sPointingRel579" value="obj"/>
		<feat xlink:href="#sPointingRel581" value="case"/>
		<feat xlink:href="#sPointingRel583" value="det"/>
		<feat xlink:href="#sPointingRel585" value="mark"/>
		<feat xlink:href="#sPointingRel587" value="mark"/>
		<feat xlink:href="#sPointingRel589" value="obj"/>
		<feat xlink:href="#sPointingRel591" value="det"/>
		<feat xlink:href="#sPointingRel593" value="obl"/>
		<feat xlink:href="#sPointingRel595" value="case"/>
		<feat xlink:href="#sPointingRel597" value="mark"/>
		<feat xlink:href="#sPointingRel599" value="dislocated"/>
		<feat xlink:href="#sPointingRel601" value="conj"/>
		<feat xlink:href="#sPointingRel603" value="obl:npmod"/>
		<feat xlink:href="#sPointingRel605" value="case"/>
		<feat xlink:href="#sPointingRel607" value="nmod"/>
		<feat xlink:href="#sPointingRel609" value="case"/>
		<feat xlink:href="#sPointingRel611" value="case"/>
		<feat xlink:href="#sPointingRel613" value="mark"/>
		<feat xlink:href="#sPointingRel615" value="nsubj"/>
		<feat xlink:href="#sPointingRel617" value="nmod"/>
		<feat xlink:href="#sPointingRel619" value="cc"/>
		<feat xlink:href="#sPointingRel621" value="mark"/>
		<feat xlink:href="#sPointingRel623" value="mark"/>
		<feat xlink:href="#sPointingRel625" value="aux"/>
		<feat xlink:href="#sPointingRel627" value="advmod"/>
		<feat xlink:href="#sPointingRel629" value="xcomp"/>
		<feat xlink:href="#sPointingRel631" value="mark"/>
		<feat xlink:href="#sPointingRel633" value="advcl"/>
		<feat xlink:href="#sPointingRel635" value="det"/>
		<feat xlink:href="#sPointingRel637" value="case"/>
		<feat xlink:href="#sPointingRel639" value="dislocated"/>
		<feat xlink:href="#sPointingRel641" value="case"/>
		<feat xlink:href="#sPointingRel643" value="nsubj"/>
		<feat xlink:href="#sPointingRel645" value="conj"/>
		<feat xlink:href="#sPointingRel647" value="obl"/>
		<feat xlink:href="#sPointingRel649" value="cc"/>
		<feat xlink:href="#sPointingRel651" value="obl"/>
		<feat xlink:href="#sPointingRel653" value="advmod"/>
		<feat xlink:href="#sPointingRel655" value="acl:relcl"/>
		<feat xlink:href="#sPointingRel657" value="nsubj"/>
		<feat xlink:href="#sPointingRel659" value="advcl"/>
		<feat xlink:href="#sPointingRel661" value="case"/>
		<feat xlink:href="#sPointingRel663" value="advmod"/>
		<feat xlink:href="#sPointingRel665" value="conj"/>
		<feat xlink:href="#sPointingRel667" value="cop"/>
		<feat xlink:href="#sPointingRel669" value="case"/>
		<feat xlink:href="#sPointingRel671" value="cop"/>
		<feat xlink:href="#sPointingRel673" value="case"/></featList></paula>