<?xml version='1.0' encoding='UTF-8'?><!DOCTYPE paula SYSTEM "paula_feat.dtd">
<paula version="1.1">
	<header paula_id="scriptorium.thomas.gospel.mark_text"/>
	<featList xmlns:xlink="http://www.w3.org/1999/xlink" type="text" xml:base="scriptorium.thomas.gospel.mark.xml">
		<feat xlink:href="#sSpan3" value="ⲛⲁⲓ"/>
		<feat xlink:href="#sSpan20" value="ⲛ ϣⲁϫⲉ ⲉⲧ ϩⲏⲡ ⲉⲛⲧ ⲁ ⲓⲏⲥⲟⲩⲥ ⲉⲧ ⲟⲛϩ ϫⲟⲟ ⲩ"/>
		<feat xlink:href="#sSpan38" value="ⲓⲏⲥⲟⲩⲥ ⲉⲧ ⲟⲛϩ"/>
		<feat xlink:href="#sSpan73" value="ⲇⲓⲇⲩⲙⲟⲥ ⲓⲟⲩⲇⲁⲥ ⲑⲱⲙⲁⲥ"/>
		<feat xlink:href="#sSpan104" value="ⲡ ⲉⲧ ⲛⲁ ϩⲉ ⲉ ⲧ ϩⲉⲣⲙⲏⲛⲉⲓⲁ ⲛ ⲛⲉⲓ ϣⲁϫⲉ"/>
		<feat xlink:href="#sSpan121" value="ⲧ ϩⲉⲣⲙⲏⲛⲉⲓⲁ ⲛ ⲛⲉⲓ ϣⲁϫⲉ"/>
		<feat xlink:href="#sSpan131" value="ⲛⲉⲓ ϣⲁϫⲉ"/>
		<feat xlink:href="#sSpan155" value="ⲡ ⲙⲟⲩ"/>
		<feat xlink:href="#sSpan172" value="ⲓⲏⲥⲟⲩⲥ"/>
		<feat xlink:href="#sSpan189" value="ⲡ ⲉⲧ ϣⲓⲛⲉ"/>
		<feat xlink:href="#sSpan283" value="ⲡ ⲧⲏⲣϥ"/>
		<feat xlink:href="#sSpan298" value="ⲓⲏⲥⲟⲩⲥ"/>
		<feat xlink:href="#sSpan322" value="ⲛ ⲉⲧ ⲥⲱⲕ ϩⲏⲧ ⲧⲏⲩⲧⲛ"/>
		<feat xlink:href="#sSpan330" value="ϩⲏⲧ ⲧⲏⲩⲧⲛ"/>
		<feat xlink:href="#sSpan351" value="ⲧ ⲙⲛⲧⲣⲣⲟ ϩⲛ ⲧ ⲡⲉ"/>
		<feat xlink:href="#sSpan362" value="ⲧ ⲡⲉ"/>
		<feat xlink:href="#sSpan371" value="ⲛ ϩⲁⲗⲏⲧ"/>
		<feat xlink:href="#sSpan399" value="ⲧ ⲡⲉ"/>
		<feat xlink:href="#sSpan429" value="ⲧ ⲑⲁⲗⲁⲥⲥⲁ"/>
		<feat xlink:href="#sSpan440" value="ⲛ ⲧⲃⲧ"/>
		<feat xlink:href="#sSpan473" value="ⲧ ⲙⲛⲧⲣⲣⲟ ⲥ ⲙ ⲡⲉⲧⲛ ϩⲟⲩⲛ"/>
		<feat xlink:href="#sSpan486" value="ⲡⲉⲧⲛ ϩⲟⲩⲛ"/>
		<feat xlink:href="#sSpan502" value="ⲡⲉⲧⲛ ⲃⲟⲗ"/>
		<feat xlink:href="#sSpan568" value="ⲛ ϣⲏⲣⲉ ⲛ ⲡ ⲉⲓⲱⲧ ⲉⲧ ⲟⲛϩ"/>
		<feat xlink:href="#sSpan578" value="ⲡ ⲉⲓⲱⲧ ⲉⲧ ⲟⲛϩ"/>
		<feat xlink:href="#sSpan631" value="ⲟⲩ ⲙⲛⲧϩⲏⲕⲉ"/>
		<feat xlink:href="#sSpan651" value="ⲧ ⲙⲛⲧϩⲏⲕⲉ"/>
		<feat xlink:href="#sSpan668" value="ⲓⲏⲥⲟⲩⲥ"/>
		<feat xlink:href="#sSpan688" value="ⲡ ⲣⲱⲙⲉ ⲛ ϩⲗⲗⲟ"/>
		<feat xlink:href="#sSpan697" value="ϩⲗⲗⲟ"/>
		<feat xlink:href="#sSpan704" value="ⲛⲉϥ ϩⲟⲟⲩ"/>
		<feat xlink:href="#sSpan716" value="ⲟⲩ ⲕⲟⲩⲓ ⲛ ϣⲏⲣⲉ ϣⲏⲙ ⲉ ϥ ϩⲛ ⲥⲁϣϥ̅ ⲛ ϩⲟⲟⲩ"/>
		<feat xlink:href="#sSpan740" value="ⲥⲁϣϥ̅ ⲛ ϩⲟⲟⲩ"/>
		<feat xlink:href="#sSpan754" value="ⲡ ⲧⲟⲡⲟⲥ ⲙ ⲡ ⲱⲛϩ"/>
		<feat xlink:href="#sSpan764" value="ⲡ ⲱⲛϩ"/>
		<feat xlink:href="#sSpan819" value="ⲟⲩⲁ"/>
		<feat xlink:href="#sSpan822" value="ⲟⲩⲁ ⲟⲩⲱⲧ"/>
		<feat xlink:href="#sSpan837" value="ⲓⲏⲥⲟⲩⲥ"/>
		<feat xlink:href="#sSpan845" value="ⲡ ⲉⲧ ⲙ ⲡ ⲙⲧⲟ ⲙ ⲡⲉⲕ ϩⲟ ⲉⲃⲟⲗ"/>
		<feat xlink:href="#sSpan852" value="ⲡ ⲙⲧⲟ ⲙ ⲡⲉⲕ ϩⲟ ⲉⲃⲟⲗ"/>
		<feat xlink:href="#sSpan861" value="ⲡⲉⲕ ϩⲟ"/>
		<feat xlink:href="#sSpan879" value="ⲡ ⲉⲧ ϩⲏⲡ ⲉⲣⲟ ⲕ"/>
		<feat xlink:href="#sSpan918" value="ⲗⲁⲁⲩ ⲅⲁⲣ ⲉ ϥ ϩⲏⲡ"/>
		<feat xlink:href="#sSpan971" value="ⲛⲉϥ ⲙⲁⲑⲏⲧⲏⲥ"/>
		<feat xlink:href="#sSpan1096" value="ϭⲓⲛⲟⲩⲱⲙ"/>
		<feat xlink:href="#sSpan1108" value="ⲓⲏⲥⲟⲩⲥ"/>
		<feat xlink:href="#sSpan1129" value="ⲡ ⲉⲧ ⲉⲧⲙ ⲙⲟⲥⲧⲉ ⲙⲙⲟ ϥ"/>
		<feat xlink:href="#sSpan1176" value="ⲡⲉ ⲙⲧⲟ ⲉⲃⲟⲗ ⲛ ⲧ ⲡⲉ"/>
		<feat xlink:href="#sSpan1190" value="ⲧ ⲡⲉ"/>
		<feat xlink:href="#sSpan1201" value="ⲗⲁⲁⲩ ⲅⲁⲣ ⲉ ϥ ϩⲏⲡ"/>
		<feat xlink:href="#sSpan1251" value="ⲗⲁⲁⲩ ⲉ ϥ ϩⲟⲃⲥ"/>
		<feat xlink:href="#sSpan1291" value="ⲓⲏⲥⲟⲩⲥ"/>
		<feat xlink:href="#sSpan1294" value="ⲟⲩ ⲙⲁⲕⲁⲣⲓⲟⲥ"/>
		<feat xlink:href="#sSpan1309" value="ⲡ ⲙⲟⲩⲓ ⲡⲁⲓ ⲉⲧⲉ ⲡ ⲣⲱⲙⲉ ⲛⲁ ⲟⲩⲟⲙ ϥ"/>
		<feat xlink:href="#sSpan1322" value="ⲡ ⲣⲱⲙⲉ"/>
		<feat xlink:href="#sSpan1346" value="ⲡ ⲙⲟⲩⲓ"/>
		<feat xlink:href="#sSpan1360" value="ⲣⲱⲙⲉ"/>
		<feat xlink:href="#sSpan1381" value="ⲡ ⲣⲱⲙⲉ ⲡⲁⲓ ⲉⲧⲉ ⲡ ⲙⲟⲩⲓ ⲛⲁ ⲟⲩⲟⲙ ϥ"/>
		<feat xlink:href="#sSpan1395" value="ⲡ ⲙⲟⲩⲓ"/>
		<feat xlink:href="#sSpan1415" value="ⲡ ⲙⲟⲩⲓ"/>
		<feat xlink:href="#sSpan1432" value="ⲣⲱⲙⲉ"/>
		<feat xlink:href="#sSpan1456" value="ⲡ ⲣⲱⲙⲉ"/>
		<feat xlink:href="#sSpan1470" value="ⲩ ⲟⲩⲱϩⲉ ⲛ ⲣⲙⲛϩⲏⲧ ⲡⲁⲓ ⲛⲧ ⲁ ϥ ⲛⲟⲩϫⲉ ⲛ ⲧⲉϥ ⲁⲃⲱ ⲉ ⲧ ⲑⲁⲗⲁⲥⲥⲁ"/>
		<feat xlink:href="#sSpan1480" value="ⲣⲙⲛϩⲏⲧ"/>
		<feat xlink:href="#sSpan1503" value="ⲧⲉϥ ⲁⲃⲱ"/>
		<feat xlink:href="#sSpan1513" value="ⲧ ⲑⲁⲗⲁⲥⲥⲁ"/>
		<feat xlink:href="#sSpan1542" value="ⲧ ⲑⲁⲗⲁⲥⲥⲁ ⲉ ⲥ ⲙⲉϩ ⲛ ⲧⲃⲧ"/>
		<feat xlink:href="#sSpan1560" value="ⲧⲃⲧ"/>
		<feat xlink:href="#sSpan1599" value="ⲩ ⲛⲟϭ ⲛ ⲧⲃⲧ ⲉ ⲛⲁⲛⲟⲩ ϥ"/>
		<feat xlink:href="#sSpan1623" value="ⲡ ⲟⲩⲱϩⲉ ⲛ ⲣⲙⲛϩⲏⲧ"/>
		<feat xlink:href="#sSpan1633" value="ⲣⲙⲛϩⲏⲧ"/>
		<feat xlink:href="#sSpan1654" value="ⲛ ⲕⲟⲩⲓ ⲧⲏⲣ ⲟⲩ ⲛ ⲧⲃⲧ"/>
		<feat xlink:href="#sSpan1669" value="ⲧⲃⲧ"/>
		<feat xlink:href="#sSpan1695" value="ⲧ ⲑⲁⲗⲁⲥⲥⲁ"/>
		<feat xlink:href="#sSpan1717" value="ⲡ ⲛⲟϭ ⲛ ⲧⲃⲧ"/>
		<feat xlink:href="#sSpan1734" value="ϩⲓⲥⲉ"/>
		<feat xlink:href="#sSpan1739" value="ⲡ ⲉⲧⲉ ⲟⲩⲛ ⲙⲁⲁϫⲉ ⲙⲙⲟ ϥ ⲉ ⲥⲱⲧⲙ"/>
		<feat xlink:href="#sSpan1748" value="ⲙⲁⲁϫⲉ"/>
		<feat xlink:href="#sSpan1780" value="ⲓⲏⲥⲟⲩⲥ"/>
		<feat xlink:href="#sSpan1814" value="ⲡ ⲉⲧ ⲥⲓⲧⲉ"/>
		<feat xlink:href="#sSpan1848" value="ϩⲟⲓⲛⲉ"/>
		<feat xlink:href="#sSpan1864" value="ⲧⲉ ϩⲓⲏ"/>
		<feat xlink:href="#sSpan1882" value="ⲛ ϩⲁⲗⲁⲧⲉ"/>
		<feat xlink:href="#sSpan1898" value="ϩⲉⲛ ⲕⲟⲟⲩⲉ"/>
		<feat xlink:href="#sSpan1920" value="ⲧ ⲡⲉⲧⲣⲁ"/>
		<feat xlink:href="#sSpan1953" value="ⲡ ⲕⲁϩ"/>
		<feat xlink:href="#sSpan1981" value="ⲧ ⲡⲉ"/>
		<feat xlink:href="#sSpan1993" value="ϩⲉⲛ ⲕⲟⲟⲩⲉ"/>
		<feat xlink:href="#sSpan2012" value="ⲛ ϣⲟⲛⲧⲉ"/>
		<feat xlink:href="#sSpan2031" value="ⲡⲉ ϭⲣⲟϭ"/>
		<feat xlink:href="#sSpan2044" value="ⲡ ϥⲛⲧ"/>
		<feat xlink:href="#sSpan2067" value="ϩⲉⲛ ⲕⲟⲟⲩⲉ"/>
		<feat xlink:href="#sSpan2080" value="ⲡ ⲕⲁϩ ⲉⲧ ⲛⲁⲛⲟⲩ ϥ"/>
		<feat xlink:href="#sSpan2117" value="ⲧ ⲡⲉ ⲉ ⲛⲁⲛⲟⲩ ϥ"/>
		<feat xlink:href="#sSpan2144" value="ⲥⲉ"/>
		<feat xlink:href="#sSpan2151" value="ⲥⲟⲧⲉ"/>
		<feat xlink:href="#sSpan2160" value="ϣⲉ ϫⲟⲩⲱⲧ ⲉ ⲥⲟⲧⲉ"/>
		<feat xlink:href="#sSpan2169" value="ⲥⲟⲧⲉ"/>
		<feat xlink:href="#sSpan2181" value="ⲓⲏⲥⲟⲩⲥ"/>
		<feat xlink:href="#sSpan2199" value="ⲟⲩ ⲕⲱϩⲧ"/>
		<feat xlink:href="#sSpan2208" value="ⲡ ⲕⲟⲥⲙⲟⲥ"/>
		<feat xlink:href="#sSpan2258" value="ⲓⲏⲥⲟⲩⲥ"/>
		<feat xlink:href="#sSpan2265" value="ⲧⲉⲓ ⲡⲉ"/>
		<feat xlink:href="#sSpan2286" value="ⲧ ⲉⲧ ⲛ ⲧ ⲡⲉ ⲙⲙⲟ ⲥ"/>
		<feat xlink:href="#sSpan2293" value="ⲧ ⲡⲉ ⲙⲙⲟ ⲥ"/>
		<feat xlink:href="#sSpan2320" value="ⲛ ⲉⲧ ⲙⲟⲟⲩⲧ"/>
		<feat xlink:href="#sSpan2345" value="ⲛ ⲉⲧ ⲟⲛϩ"/>
		<feat xlink:href="#sSpan2371" value="ϩⲟⲟⲩ"/>
		<feat xlink:href="#sSpan2389" value="ⲡ ⲉⲧ ⲙⲟⲟⲩⲧ"/>
		<feat xlink:href="#sSpan2414" value="ⲡ ⲉⲧ ⲟⲛϩ"/>
		<feat xlink:href="#sSpan2439" value="ⲡ ⲟⲩⲟⲉⲓⲛ"/>
		<feat xlink:href="#sSpan2449" value="ⲡ"/>
		<feat xlink:href="#sSpan2471" value="ⲡ ϩⲟⲟⲩ ⲉⲧ ⲧⲉⲧⲛ ⲟ ⲛ ⲟⲩⲁ"/>
		<feat xlink:href="#sSpan2489" value="ⲟⲩⲁ"/>
		<feat xlink:href="#sSpan2504" value="ⲡ ⲥⲛⲁⲩ"/>
		<feat xlink:href="#sSpan2532" value="ⲥⲛⲁⲩ"/>
		<feat xlink:href="#sSpan2543" value="ⲡ"/>
		<feat xlink:href="#sSpan2571" value="ⲙ ⲙⲁⲑⲏⲧⲏⲥ"/>
		<feat xlink:href="#sSpan2582" value="ⲓⲏⲥⲟⲩⲥ"/>
		<feat xlink:href="#sSpan2648" value="ⲓⲏⲥⲟⲩⲥ"/>
		<feat xlink:href="#sSpan2662" value="ⲡ ⲙⲁ ⲛⲧ ⲁ ⲧⲉⲧⲛ ⲉⲓ ⲙⲙⲁⲩ"/>
		<feat xlink:href="#sSpan2699" value="ⲓⲁⲕⲱⲃⲟⲥ ⲡ ⲇⲓⲕⲁⲓⲟⲥ ⲡⲁⲓ ⲛⲧ ⲁ ⲧ ⲡⲉ ⲙⲛ ⲡ ⲕⲁϩ ϣⲱⲡⲉ ⲉⲧⲃⲏⲏⲧ ϥ"/>
		<feat xlink:href="#sSpan2719" value="ⲧ ⲡⲉ"/>
		<feat xlink:href="#sSpan2729" value="ⲡ ⲕⲁϩ"/>
		<feat xlink:href="#sSpan2752" value="ⲓⲏⲥⲟⲩⲥ"/>
		<feat xlink:href="#sSpan2760" value="ⲛⲉϥ ⲙⲁⲑⲏⲧⲏⲥ"/>
		<feat xlink:href="#sSpan2830" value="ⲥⲓⲙⲱⲛ ⲡⲉⲧⲣⲟⲥ"/>
		<feat xlink:href="#sSpan2853" value="ⲟⲩ ⲁⲅⲅⲉⲗⲟⲥ ⲛ ⲇⲓⲕⲁⲓⲟⲥ"/>
		<feat xlink:href="#sSpan2886" value="ⲙⲁⲑⲑⲁⲓⲟⲥ"/>
		<feat xlink:href="#sSpan2907" value="ⲟⲩ ⲣⲱⲙⲉ ⲙ ⲫⲓⲗⲟⲥⲟⲫⲟⲥ ⲛ ⲣⲙⲛϩⲏⲧ"/>
		<feat xlink:href="#sSpan2917" value="ⲫⲓⲗⲟⲥⲟⲫⲟⲥ ⲛ ⲣⲙⲛϩⲏⲧ"/>
		<feat xlink:href="#sSpan2926" value="ⲣⲙⲛϩⲏⲧ"/>
		<feat xlink:href="#sSpan2950" value="ⲑⲱⲙⲁⲥ"/>
		<feat xlink:href="#sSpan2958" value="ⲡ ⲥⲁϩ"/>
		<feat xlink:href="#sSpan2968" value="ⲧⲁ ⲧⲁⲡⲣⲟ"/>
		<feat xlink:href="#sSpan3027" value="ⲓⲏⲥⲟⲩⲥ"/>
		<feat xlink:href="#sSpan3037" value="ⲡⲉⲕ ⲥⲁϩ"/>
		<feat xlink:href="#sSpan3078" value="ⲧ ⲡⲏⲅⲏ ⲉⲧ ⲃⲣⲃⲣⲉ"/>
		<feat xlink:href="#sSpan3092" value="ⲧⲁⲓ ⲁⲛⲟⲕ ⲛⲧ ⲁ ⲓ ϣⲓⲧ ⲥ"/>
		<feat xlink:href="#sSpan3156" value="ϣⲟⲙⲧ ⲛ ϣⲁϫⲉ"/>
		<feat xlink:href="#sSpan3172" value="ⲑⲱⲙⲁⲥ"/>
		<feat xlink:href="#sSpan3190" value="ⲛⲉϥ ϣⲃⲉⲉⲣ"/>
		<feat xlink:href="#sSpan3215" value="ⲓⲏⲥⲟⲩⲥ"/>
		<feat xlink:href="#sSpan3255" value="ⲑⲱⲙⲁⲥ"/>
		<feat xlink:href="#sSpan3273" value="ⲟⲩⲁ"/>
		<feat xlink:href="#sSpan3282" value="ⲛ ϣⲁϫⲉ ⲛⲧ ⲁ ϥ ϫⲟⲟ ⲩ ⲛⲁ ⲓ"/>
		<feat xlink:href="#sSpan3315" value="ⲱⲛⲉ ⲛⲧⲉ ⲧⲛ ⲛⲟⲩϫⲉ ⲉⲣⲟ ⲓ"/>
		<feat xlink:href="#sSpan3341" value="ⲟⲩ ⲕⲱϩⲧ"/>
		<feat xlink:href="#sSpan3360" value="ⲛ ⲱⲛⲉ"/>
		<feat xlink:href="#sSpan3388" value="ⲓⲏⲥⲟⲩⲥ"/>
		<feat xlink:href="#sSpan3431" value="ⲟⲩ ⲛⲟⲃⲉ"/>
		<feat xlink:href="#sSpan3501" value="ⲟⲩ ⲕⲁⲕⲟⲛ ⲛ ⲛⲉⲧⲛ ⲡⲛⲉⲩⲙⲁ"/>
		<feat xlink:href="#sSpan3511" value="ⲛⲉⲧⲛ ⲡⲛⲉⲩⲙⲁ"/>
		<feat xlink:href="#sSpan3539" value="ⲕⲁϩ ⲛⲓⲙ"/>
		<feat xlink:href="#sSpan3564" value="ⲛ ⲭⲱⲣⲁ"/>
		<feat xlink:href="#sSpan3589" value="ⲡ ⲉⲧ ⲟⲩ ⲛⲁ ⲕⲁⲁ ϥ ϩⲁⲣⲱ ⲧⲛ"/>
		<feat xlink:href="#sSpan3616" value="ⲛ ⲉⲧ ϣⲱⲛⲉ ⲛϩⲏⲧ ⲟⲩ"/>
		<feat xlink:href="#sSpan3651" value="ⲡ ⲉⲧ ⲛⲁ ⲃⲱⲕ ⲅⲁⲣ ⲉϩⲟⲩⲛ ϩⲛ ⲧⲉⲧⲛ ⲧⲁⲡⲣⲟ"/>
		<feat xlink:href="#sSpan3675" value="ⲧⲉⲧⲛ ⲧⲁⲡⲣⲟ"/>
		<feat xlink:href="#sSpan3704" value="ⲡ ⲉⲧ ⲛⲏⲩ ⲉⲃⲟⲗ ϩⲛ ⲧⲉⲧⲛ ⲧⲁⲡⲣⲟ"/>
		<feat xlink:href="#sSpan3721" value="ⲧⲉⲧⲛ ⲧⲁⲡⲣⲟ"/>
		<feat xlink:href="#sSpan3751" value="ⲓⲏⲥⲟⲩⲥ"/>
		<feat xlink:href="#sSpan3772" value="ⲡ ⲉⲧⲉ ⲙⲡ ⲟⲩ ϫⲡⲟ ϥ ⲉⲃⲟⲗ ϩⲛ ⲧ ⲥϩⲓⲙⲉ"/>
		<feat xlink:href="#sSpan3795" value="ⲧ ⲥϩⲓⲙⲉ"/>
		<feat xlink:href="#sSpan3810" value="ⲡⲉⲧⲛ ϩⲟ"/>
		<feat xlink:href="#sSpan3830" value="ⲡ ⲉⲧ ⲙⲙⲁⲩ"/>
		<feat xlink:href="#sSpan3846" value="ⲡⲉⲧⲛ ⲉⲓⲱⲧ"/>
		<feat xlink:href="#sSpan3861" value="ⲓⲏⲥⲟⲩⲥ"/>
		<feat xlink:href="#sSpan3884" value="ⲛ ⲣⲱⲙⲉ"/>
		<feat xlink:href="#sSpan3912" value="ⲟⲩ ⲉⲓⲣⲏⲛⲏ"/>
		<feat xlink:href="#sSpan3922" value="ⲡ ⲕⲟⲥⲙⲟⲥ"/>
		<feat xlink:href="#sSpan3966" value="ϩⲉⲛ ⲡⲱⲣϫ ⲉϫⲛ ⲡ ⲕⲁϩ"/>
		<feat xlink:href="#sSpan3976" value="ⲡ ⲕⲁϩ"/>
		<feat xlink:href="#sSpan3981" value="ⲟⲩ ⲕⲱϩⲧ"/>
		<feat xlink:href="#sSpan3988" value="ⲟⲩ ⲥⲏϥⲉ"/>
		<feat xlink:href="#sSpan3995" value="ⲟⲩ ⲡⲟⲗⲉⲙⲟⲥ"/>
		<feat xlink:href="#sSpan4010" value="ϯⲟⲩ"/>
		<feat xlink:href="#sSpan4033" value="ⲟⲩ ⲏⲓ"/>
		<feat xlink:href="#sSpan4044" value="ϣⲟⲙⲧ"/>
		<feat xlink:href="#sSpan4057" value="ⲥⲛⲁⲩ"/>
		<feat xlink:href="#sSpan4067" value="ⲥⲛⲁⲩ ⲉϫⲛ ϣⲟⲙⲧ ⲡ ⲉⲓⲱⲧ ⲉϫⲙ ⲡ ϣⲏⲣⲉ"/>
		<feat xlink:href="#sSpan4087" value="ⲡ ϣⲏⲣⲉ"/>
		<feat xlink:href="#sSpan4098" value="ⲡ ϣⲏⲣⲉ ⲉϫⲙ ⲡ ⲉⲓⲱⲧ"/>
		<feat xlink:href="#sSpan4107" value="ⲡ ⲉⲓⲱⲧ"/>
		<feat xlink:href="#sSpan4151" value="ⲙⲟⲛⲁⲭⲟⲥ"/>
		<feat xlink:href="#sSpan4163" value="ⲓⲏⲥⲟⲩⲥ"/>
		<feat xlink:href="#sSpan4186" value="ⲡ ⲉⲧⲉ ⲙⲡⲉ ⲃⲁⲗ ⲛⲁⲩ ⲉⲣⲟ ϥ"/>
		<feat xlink:href="#sSpan4194" value="ⲃⲁⲗ"/>
		<feat xlink:href="#sSpan4213" value="ⲡ ⲉⲧⲉ ⲙⲡⲉ ⲙⲁⲁϫⲉ ⲥⲟⲧⲙ ⲉϥ"/>
		<feat xlink:href="#sSpan4220" value="ⲙⲁⲁϫⲉ"/>
		<feat xlink:href="#sSpan4236" value="ⲡ ⲉⲧⲉ ⲙⲡⲉ ϭⲓϫ ϭⲙϭⲱⲙ ϥ"/>
		<feat xlink:href="#sSpan4243" value="ϭⲓϫ"/>
		<feat xlink:href="#sSpan4274" value="ⲡ ϩⲏⲧ ⲛ ⲣⲱⲙⲉ"/>
		<feat xlink:href="#sSpan4279" value="ⲛ ⲣⲱⲙⲉ"/>
		<feat xlink:href="#sSpan4294" value="ⲙ ⲙⲁⲑⲏⲧⲏⲥ"/>
		<feat xlink:href="#sSpan4305" value="ⲓⲏⲥⲟⲩⲥ"/>
		<feat xlink:href="#sSpan4328" value="ⲧⲉⲛ ϩⲁⲏ"/>
		<feat xlink:href="#sSpan4363" value="ⲓⲏⲥⲟⲩⲥ"/>
		<feat xlink:href="#sSpan4388" value="ⲧ ⲁⲣⲭⲏ"/>
		<feat xlink:href="#sSpan4414" value="ⲧ ϩⲁⲏ"/>
		<feat xlink:href="#sSpan4428" value="ⲡ ⲙⲁ ⲉⲧⲉ ⲧ ⲁⲣⲭⲏ ⲙⲙⲁⲩ"/>
		<feat xlink:href="#sSpan4437" value="ⲧ ⲁⲣⲭⲏ ⲙⲙⲁⲩ"/>
		<feat xlink:href="#sSpan4453" value="ⲧ ϩⲁⲏ"/>
		<feat xlink:href="#sSpan4471" value="ⲟⲩ ⲙⲁⲕⲁⲣⲓⲟⲥ"/>
		<feat xlink:href="#sSpan4481" value="ⲡ"/>
		<feat xlink:href="#sSpan4499" value="ⲣⲁⲧ ϥ"/>
		<feat xlink:href="#sSpan4508" value="ⲧ ⲁⲣⲭⲏ"/>
		<feat xlink:href="#sSpan4529" value="ⲧ ϩⲁⲏ"/>
		<feat xlink:href="#sSpan4559" value="ⲙⲟⲩ"/>
		<feat xlink:href="#sSpan4570" value="ⲓⲏⲥⲟⲩⲥ"/>
		<feat xlink:href="#sSpan4577" value="ⲟⲩ ⲙⲁⲕⲁⲣⲓⲟⲥ"/>
		<feat xlink:href="#sSpan4583" value="ⲡ"/>
		<feat xlink:href="#sSpan4602" value="ⲧⲉ ϩⲏ"/>
		<feat xlink:href="#sSpan4632" value="ⲙ ⲙⲁⲑⲏⲧⲏⲥ"/>
		<feat xlink:href="#sSpan4653" value="ⲛⲁ ϣⲁϫⲉ ⲛⲉⲓ ⲱⲛⲉ"/>
		<feat xlink:href="#sSpan4658" value="ⲛⲉⲓ ⲱⲛⲉ"/>
		<feat xlink:href="#sSpan4704" value="ϯⲟⲩ ⲛ ϣⲏⲛ"/>
		<feat xlink:href="#sSpan4718" value="ⲡⲁⲣⲁⲇⲓⲥⲟⲥ"/>
		<feat xlink:href="#sSpan4738" value="ϣⲱⲙ ⲙ ⲡⲣⲱ"/>
		<feat xlink:href="#sSpan4745" value="ⲡⲣⲱ"/>
		<feat xlink:href="#sSpan4761" value="ⲛⲉⲩ ϭⲱⲃⲉ"/>
		<feat xlink:href="#sSpan4775" value="ⲡ ⲉⲧ ⲛⲁ ⲥⲟⲩⲱⲛ ⲟⲩ"/>
		<feat xlink:href="#sSpan4809" value="ⲙⲟⲩ"/>
		<feat xlink:href="#sSpan4820" value="ⲙ ⲙⲁⲑⲏⲧⲏⲥ"/>
		<feat xlink:href="#sSpan4831" value="ⲓⲏⲥⲟⲩⲥ"/>
		<feat xlink:href="#sSpan4853" value="ⲧ ⲙⲛⲧⲣⲣⲟ ⲛ ⲙ ⲡⲏⲩⲉ ⲉ ⲥ ⲧⲛⲧⲱⲛ ⲉ ⲛⲓⲙ"/>
		<feat xlink:href="#sSpan4864" value="ⲙ ⲡⲏⲩⲉ"/>
		<feat xlink:href="#sSpan4913" value="ⲩ ⲃⲗⲃⲓⲗⲉ ⲛ ϣⲗⲧⲁⲙ"/>
		<feat xlink:href="#sSpan4922" value="ϣⲗⲧⲁⲙ"/>
		<feat xlink:href="#sSpan4939" value="ⲛ ϭⲣⲟϭ ⲧⲏⲣ ⲟⲩ"/>
		<feat xlink:href="#sSpan4975" value="ⲡ ⲕⲁϩ ⲉⲧ ⲟⲩ ⲣϩⲱⲃ ⲉⲣⲟ ϥ"/>
		<feat xlink:href="#sSpan5014" value="ⲟⲩ ⲛⲟϭ ⲛ ⲧⲁⲣ"/>
		<feat xlink:href="#sSpan5039" value="ⲥⲕⲉⲡⲏ ⲛ ϩⲁⲗⲁⲧⲉ ⲛ ⲧ ⲡⲉ"/>
		<feat xlink:href="#sSpan5052" value="ⲧ ⲡⲉ"/>
		<feat xlink:href="#sSpan5066" value="ⲙⲁⲣⲓϩⲁⲙ"/>
		<feat xlink:href="#sSpan5074" value="ⲓⲏⲥⲟⲩⲥ"/>
		<feat xlink:href="#sSpan5084" value="ⲛⲉⲕ ⲙⲁⲑⲏⲧⲏⲥ"/>
		<feat xlink:href="#sSpan5129" value="ϩⲉⲛ ϣⲏⲣⲉ ϣⲏⲙ ⲉ ⲩ ϭⲉⲗⲓⲧ ⲉ ⲩ ⲥⲱϣⲉ ⲉ ⲧⲱ ⲟⲩ ⲁⲛ"/>
		<feat xlink:href="#sSpan5152" value="ⲩ ⲥⲱϣⲉ ⲉ ⲧⲱ ⲟⲩ ⲁⲛ"/>
		<feat xlink:href="#sSpan5191" value="ⲛ ϫⲟⲉⲓⲥ ⲛ ⲧ ⲥⲱϣⲉ"/>
		<feat xlink:href="#sSpan5201" value="ⲧ ⲥⲱϣⲉ"/>
		<feat xlink:href="#sSpan5220" value="ⲕⲉ ⲧⲉⲛ ⲥⲱϣⲉ ⲉⲃⲟⲗ ⲛⲁ ⲛ"/>
		<feat xlink:href="#sSpan5256" value="ⲡⲉⲩ ⲙⲧⲟ"/>
		<feat xlink:href="#sSpan5298" value="ⲧⲉⲩ ⲥⲱϣⲉ"/>
		<feat xlink:href="#sSpan5345" value="ⲡ ϫⲉⲥϩⲛⲏⲉⲓ"/>
		<feat xlink:href="#sSpan5362" value="ⲡ ⲣⲉϥϫⲓⲟⲩⲉ"/>
		<feat xlink:href="#sSpan5414" value="ⲡⲉϥ ⲏⲓ ⲛⲧⲉ ⲧⲉϥ ⲙⲛⲧⲣⲣⲟ"/>
		<feat xlink:href="#sSpan5423" value="ⲧⲉϥ ⲙⲛⲧⲣⲣⲟ"/>
		<feat xlink:href="#sSpan5445" value="ⲛⲉϥ ⲥⲕⲉⲩⲟⲥ"/>
		<feat xlink:href="#sSpan5471" value="ⲧⲉ ϩⲏ ⲙ ⲡ ⲕⲟⲥⲙⲟⲥ"/>
		<feat xlink:href="#sSpan5480" value="ⲡ ⲕⲟⲥⲙⲟⲥ"/>
		<feat xlink:href="#sSpan5503" value="ⲛⲉⲧⲛ ϯⲡⲉ"/>
		<feat xlink:href="#sSpan5513" value="ⲟⲩ ⲛⲟϭ ⲛ ⲇⲩⲛⲁⲙⲓⲥ ϩⲓⲛⲁ"/>
		<feat xlink:href="#sSpan5537" value="ⲛ ⲗⲏⲥⲧⲏⲥ"/>
		<feat xlink:href="#sSpan5552" value="ϩⲓⲏ"/>
		<feat xlink:href="#sSpan5572" value="ⲧⲉ ⲭⲣⲉⲓⲁ ⲉ ⲧⲉⲧⲛ ϭⲱϣⲧ ⲉⲃⲟⲗ ϩⲏⲧ ⲥ"/>
		<feat xlink:href="#sSpan5634" value="ⲧⲉⲧⲛ ⲙⲏⲧⲉ"/>
		<feat xlink:href="#sSpan5643" value="ⲟⲩ ⲣⲱⲙⲉ ⲛ ⲉⲡⲓⲥⲧⲏⲙⲱⲛ"/>
		<feat xlink:href="#sSpan5653" value="ⲉⲡⲓⲥⲧⲏⲙⲱⲛ"/>
		<feat xlink:href="#sSpan5663" value="ⲡ ⲕⲁⲣⲡⲟⲥ"/>
		<feat xlink:href="#sSpan5696" value="ⲡⲉϥ ⲁⲥϩ"/>
		<feat xlink:href="#sSpan5705" value="ⲧⲉϥ ϭⲓϫ"/>
		<feat xlink:href="#sSpan5722" value="ⲡ ⲉⲧⲉ ⲟⲩⲛ ⲙⲁⲁϫⲉ ⲙⲙⲟ ϥ ⲉ ⲥⲱⲧⲙ"/>
		<feat xlink:href="#sSpan5732" value="ⲙⲁⲁϫⲉ"/>
		<feat xlink:href="#sSpan5764" value="ⲓⲏⲥⲟⲩⲥ"/>
		<feat xlink:href="#sSpan5777" value="ϩⲉⲛ ⲕⲟⲩⲓ ⲉ ⲩ ϫⲓⲉⲣⲱⲧⲉ"/>
		<feat xlink:href="#sSpan5802" value="ⲛⲉϥ ⲙⲁⲑⲏⲧⲏⲥ"/>
		<feat xlink:href="#sSpan5813" value="ⲛⲉⲓ ⲕⲟⲩⲓ ⲉⲧ ϫⲓⲉⲣⲱⲧⲉ"/>
		<feat xlink:href="#sSpan5837" value="ⲛ ⲉⲧ ⲃⲏⲕ ⲉϩⲟⲩⲛ ⲉ ⲧ ⲙⲛⲧⲣⲣⲟ"/>
		<feat xlink:href="#sSpan5853" value="ⲧ ⲙⲛⲧⲣⲣⲟ"/>
		<feat xlink:href="#sSpan5891" value="ⲕⲟⲩⲓ"/>
		<feat xlink:href="#sSpan5912" value="ⲧ ⲙⲛⲧⲣⲣⲟ"/>
		<feat xlink:href="#sSpan5926" value="ⲓⲏⲥⲟⲩⲥ"/>
		<feat xlink:href="#sSpan5949" value="ⲡ ⲥⲛⲁⲩ"/>
		<feat xlink:href="#sSpan5954" value="ⲟⲩⲁ"/>
		<feat xlink:href="#sSpan5970" value="ⲡ ⲥⲁ"/>
		<feat xlink:href="#sSpan5992" value="ⲡ ⲥⲁ ⲛ ⲃⲟⲗ ⲁⲩⲱ ⲡ ⲥⲁ ⲛ ⲃⲟⲗ ⲛ ⲧ ϩⲉ ⲙ ⲡ ⲥⲁ ⲛϩⲟⲩⲛ ⲁⲩⲱ ⲡ ⲥⲁⲛ ⲛ ⲧ ⲡⲉ ⲛ ⲧ ϩⲉ ⲙ ⲡ ⲥⲁ ⲙ ⲡ ⲓⲧⲛ ⲁⲩⲱ ϩⲓⲛⲁ ⲉ ⲧⲉⲧⲛ ⲛⲁ ⲉⲓⲣⲉ ⲙ ⲡ ϩⲟⲟⲩⲧ ⲙⲛ ⲧ ⲥϩⲓⲙⲉ ⲙ ⲡⲓ ⲟⲩⲁ ⲟⲩⲱⲧ · ϫⲉⲕⲁⲁⲥ ⲛⲛⲉ ⲡ ϩⲟⲟⲩⲧ · ⲣϩⲟⲟⲩⲧ · ⲛⲧⲉ ⲧ ⲥϩⲓⲙⲉ ⲣⲥϩⲓⲙⲉ ϩⲟⲧⲁⲛ ⲉⲧⲉⲧⲛϣⲁⲛ ⲉⲓⲣⲉ ⲛ ϩⲉⲛ ⲃⲁⲗ ⲉ ⲡ ⲙⲁ ⲛ ⲟⲩ ⲃⲁⲗ · ⲁⲩⲱ ⲟⲩ ϭⲓϫ ⲉ ⲡ ⲙⲁ ⲛ ⲟⲩ ϭⲓϫ"/>
		<feat xlink:href="#sSpan6009" value="ⲡ ⲥⲁ"/>
		<feat xlink:href="#sSpan6021" value="ⲃⲟⲗ ⲛ ⲧ ϩⲉ ⲙ ⲡ ⲥⲁ ⲛϩⲟⲩⲛ ⲁⲩⲱ ⲡ ⲥⲁⲛ ⲛ ⲧ ⲡⲉ"/>
		<feat xlink:href="#sSpan6036" value="ⲡ ⲥⲁ"/>
		<feat xlink:href="#sSpan6037" value="ⲡ ⲥⲁ ⲛϩⲟⲩⲛ"/>
		<feat xlink:href="#sSpan6062" value="ⲧ ⲡⲉ"/>
		<feat xlink:href="#sSpan6088" value="ⲡ ⲓⲧⲛ"/>
		<feat xlink:href="#sSpan6119" value="ⲡ ϩⲟⲟⲩⲧ"/>
		<feat xlink:href="#sSpan6128" value="ⲧ ⲥϩⲓⲙⲉ ⲙ ⲡⲓ ⲟⲩⲁ ⲟⲩⲱⲧ"/>
		<feat xlink:href="#sSpan6137" value="ⲡⲓ ⲟⲩⲁ ⲟⲩⲱⲧ"/>
		<feat xlink:href="#sSpan6159" value="ⲡ ϩⲟⲟⲩⲧ"/>
		<feat xlink:href="#sSpan6180" value="ⲧ ⲥϩⲓⲙⲉ"/>
		<feat xlink:href="#sSpan6210" value="ϩⲉⲛ ⲃⲁⲗ"/>
		<feat xlink:href="#sSpan6219" value="ⲡ ⲙⲁ ⲛ ⲟⲩ ⲃⲁⲗ"/>
		<feat xlink:href="#sSpan6228" value="ⲟⲩ ⲃⲁⲗ"/>
		<feat xlink:href="#sSpan6241" value="ⲟⲩ ϭⲓϫ"/>
		<feat xlink:href="#sSpan6253" value="ⲡ ⲙⲁ"/>
		<feat xlink:href="#sSpan6262" value="ⲟⲩ ϭⲓϫ"/>
		<feat xlink:href="#sSpan6277" value="ⲟⲩ ⲟⲩⲉⲣⲏⲧⲉ ⲉ ⲡ ⲙⲁ ⲛ ⲟⲩ ⲟⲩⲉⲣⲏⲧⲉ"/>
		<feat xlink:href="#sSpan6288" value="ⲡ ⲙⲁ ⲛ ⲟⲩ ⲟⲩⲉⲣⲏⲧⲉ"/>
		<feat xlink:href="#sSpan6298" value="ⲟⲩ ⲟⲩⲉⲣⲏⲧⲉ"/>
		<feat xlink:href="#sSpan6303" value="ⲟⲩ ϩⲓⲕⲱⲛ"/>
		<feat xlink:href="#sSpan6319" value="ⲡ ⲙⲁ ⲛ ⲟⲩ ϩⲓⲕⲱⲛ"/>
		<feat xlink:href="#sSpan6328" value="ⲟⲩ ϩⲓⲕⲱⲛ"/>
		<feat xlink:href="#sSpan6363" value="ⲧ ⲙⲛⲧⲣⲣⲟ"/>
		<feat xlink:href="#sSpan6385" value="ⲓⲏⲥⲟⲩⲥ"/>
		<feat xlink:href="#sSpan6398" value="ⲧⲏⲛⲉ ⲟⲩⲁ"/>
		<feat xlink:href="#sSpan6415" value="ϣⲟ"/>
		<feat xlink:href="#sSpan6422" value="ⲥⲛⲁⲩ"/>
		<feat xlink:href="#sSpan6436" value="ⲧⲃⲁ"/>
		<feat xlink:href="#sSpan6469" value="ⲟⲩⲁ"/>
		<feat xlink:href="#sSpan6474" value="ⲟⲩⲱⲧ"/>
		<feat xlink:href="#sSpan6491" value="ⲛⲉϥ ⲙⲁⲑⲏⲧⲏⲥ"/>
		<feat xlink:href="#sSpan6511" value="ⲡ ⲧⲟⲡⲟⲥ ⲉⲧ ⲕ ⲙⲙⲁⲩ"/>
		<feat xlink:href="#sSpan6531" value="ⲧ ⲁⲛⲁⲅⲕⲏ"/>
		<feat xlink:href="#sSpan6582" value="ⲡ ⲉⲧⲉ ⲩⲛ ⲙⲁⲁϫⲉ ⲙⲙⲟ ϥ"/>
		<feat xlink:href="#sSpan6590" value="ⲙⲁⲁϫⲉ"/>
		<feat xlink:href="#sSpan6619" value="ⲟⲩⲟⲉⲓⲛ"/>
		<feat xlink:href="#sSpan6635" value="ⲡ ϩⲟⲩⲛ ⲛ ⲟⲩ ⲣⲙⲟⲩⲟⲉⲓⲛ"/>
		<feat xlink:href="#sSpan6644" value="ⲟⲩ ⲣⲙⲟⲩⲟⲉⲓⲛ"/>
		<feat xlink:href="#sSpan6670" value="ⲡ ⲕⲟⲥⲙⲟⲥ ⲧⲏⲣ ϥ"/>
		<feat xlink:href="#sSpan6695" value="ⲟⲩ ⲕⲁⲕⲉ"/>
		<feat xlink:href="#sSpan6714" value="ⲓⲏⲥⲟⲩⲥ"/>
		<feat xlink:href="#sSpan6723" value="ⲡⲉⲕ ⲥⲟⲛ"/>
		<feat xlink:href="#sSpan6741" value="ⲧⲉⲕ ⲯⲩⲭⲏ"/>
		<feat xlink:href="#sSpan6778" value="ⲧ ⲉⲗⲟⲩ ⲙ ⲡⲉⲕ ⲃⲁⲗ"/>
		<feat xlink:href="#sSpan6787" value="ⲡⲉⲕ ⲃⲁⲗ"/>
		<feat xlink:href="#sSpan6800" value="ⲓⲏⲥⲟⲩⲥ"/>
		<feat xlink:href="#sSpan6807" value="ⲡ ϫⲏ ⲉⲧ ϩⲙ ⲡ ⲃⲁⲗ ⲙ ⲡⲉⲕ ⲥⲟⲛ"/>
		<feat xlink:href="#sSpan6819" value="ⲡ ⲃⲁⲗ ⲙ ⲡⲉⲕ ⲥⲟⲛ"/>
		<feat xlink:href="#sSpan6828" value="ⲡⲉⲕ ⲥⲟⲛ"/>
		<feat xlink:href="#sSpan6847" value="ⲡ ⲥⲟⲓ ⲇⲉ ⲉⲧ ϩⲙ ⲡⲉⲕ ⲃⲁⲗ"/>
		<feat xlink:href="#sSpan6866" value="ⲡⲉⲕ ⲃⲁⲗ"/>
		<feat xlink:href="#sSpan6905" value="ⲡ ⲥⲟⲓ"/>
		<feat xlink:href="#sSpan6918" value="ⲡⲉⲕ ⲃⲁⲗ"/>
		<feat xlink:href="#sSpan6956" value="ⲡ ϫⲏ"/>
		<feat xlink:href="#sSpan6970" value="ⲡ ⲃⲁⲗ ⲙ ⲡⲉⲕ ⲥⲟⲛ"/>
		<feat xlink:href="#sSpan6979" value="ⲡⲉⲕ ⲥⲟⲛ"/>
		<feat xlink:href="#sSpan7005" value="ⲡ ⲕⲟⲥⲙⲟⲥ"/>
		<feat xlink:href="#sSpan7028" value="ⲧ ⲙⲛⲧⲣⲣⲟ"/>
		<feat xlink:href="#sSpan7052" value="ⲡ ⲥⲁⲃⲃⲁⲧⲟⲛ ⲛ ⲥⲁⲃⲃⲁⲧⲟⲛ"/>
		<feat xlink:href="#sSpan7063" value="ⲥⲁⲃⲃⲁⲧⲟⲛ"/>
		<feat xlink:href="#sSpan7084" value="ⲡ ⲉⲓⲱⲧ"/>
		<feat xlink:href="#sSpan7097" value="ⲓⲏⲥⲟⲩⲥ"/>
		<feat xlink:href="#sSpan7116" value="ⲣⲁⲧ"/>
		<feat xlink:href="#sSpan7123" value="ⲧ ⲙⲏⲧⲉ ⲙ ⲡ ⲕⲟⲥⲙⲟⲥ"/>
		<feat xlink:href="#sSpan7132" value="ⲡ ⲕⲟⲥⲙⲟⲥ"/>
		<feat xlink:href="#sSpan7169" value="ⲥⲁⲣⲝ"/>
		<feat xlink:href="#sSpan7216" value="ⲗⲁⲁⲩ ⲛϩⲏⲧ ⲟⲩ ⲉ ϥ ⲟⲃⲉ"/>
		<feat xlink:href="#sSpan7244" value="ⲧⲁ ⲯⲩⲭⲏ"/>
		<feat xlink:href="#sSpan7261" value="ⲛ ϣⲏⲣⲉ ⲛ ⲛ ⲣⲱⲙⲉ"/>
		<feat xlink:href="#sSpan7270" value="ⲛ ⲣⲱⲙⲉ"/>
		<feat xlink:href="#sSpan7279" value="ϩⲉⲛ ⲃⲗⲗⲉⲉⲩ ⲉ ⲛⲉ ϩⲙ ⲡⲉⲩ ϩⲏⲧ"/>
		<feat xlink:href="#sSpan7298" value="ⲡⲉⲩ ϩⲏⲧ"/>
		<feat xlink:href="#sSpan7340" value="ⲡ ⲕⲟⲥⲙⲟⲥ ⲉ ⲩ ϣⲟⲩⲉⲓⲧ"/>
		<feat xlink:href="#sSpan7391" value="ⲡ ⲕⲟⲥⲙⲟⲥ ⲉ ⲩ ϣⲟⲩⲉⲓⲧ"/>
		<feat xlink:href="#sSpan7439" value="ⲡⲉⲩ ⲏⲣⲡ"/>
		<feat xlink:href="#sSpan7470" value="ⲓⲏⲥⲟⲩⲥ"/>
		<feat xlink:href="#sSpan7481" value="ⲧ ⲥⲁⲣⲝ"/>
		<feat xlink:href="#sSpan7497" value="ⲡⲛⲉⲩⲙⲁ"/>
		<feat xlink:href="#sSpan7500" value="ⲟⲩ ϣⲡⲏⲣⲉ"/>
		<feat xlink:href="#sSpan7521" value="ⲡⲛⲉⲩⲙⲁ ⲇⲉ ⲉⲧⲃⲉ ⲡ ⲥⲱⲙⲁ"/>
		<feat xlink:href="#sSpan7533" value="ⲡ ⲥⲱⲙⲁ"/>
		<feat xlink:href="#sSpan7541" value="ⲟⲩ ϣⲡⲏⲣⲉ ⲛ ϣⲡⲏⲣⲉ"/>
		<feat xlink:href="#sSpan7551" value="ϣⲡⲏⲣⲉ"/>
		<feat xlink:href="#sSpan7584" value="ⲡⲁⲓ"/>
		<feat xlink:href="#sSpan7599" value="ⲧⲉⲓ ⲛⲟϭ ⲙ ⲙⲛⲧⲣⲙⲙⲁⲟ"/>
		<feat xlink:href="#sSpan7625" value="ⲧⲉⲓ ⲙⲛⲧϩⲏⲕⲉ"/>
		<feat xlink:href="#sSpan7640" value="ⲓⲏⲥⲟⲩⲥ"/>
		<feat xlink:href="#sSpan7648" value="ⲡ ⲙⲁ ⲉ ⲟⲩⲛ ϣⲟⲙⲧ ⲛ ⲛⲟⲩⲧⲉ ⲙⲙⲁⲩ"/>
		<feat xlink:href="#sSpan7659" value="ϣⲟⲙⲧ"/>
		<feat xlink:href="#sSpan7666" value="ⲛⲟⲩⲧⲉ"/>
		<feat xlink:href="#sSpan7674" value="ϩⲉⲛ ⲛⲟⲩⲧⲉ"/>
		<feat xlink:href="#sSpan7688" value="ⲡ ⲙⲁ ⲉ ⲟⲩⲛ ⲥⲛⲁⲩ ⲏ ⲟⲩⲁ"/>
		<feat xlink:href="#sSpan7701" value="ⲥⲛⲁⲩ"/>
		<feat xlink:href="#sSpan7709" value="ⲟⲩⲁ"/>
		<feat xlink:href="#sSpan7743" value="ⲓⲏⲥⲟⲩⲥ"/>
		<feat xlink:href="#sSpan7751" value="ⲡⲣⲟⲫⲏⲧⲏⲥ"/>
		<feat xlink:href="#sSpan7767" value="ⲡⲉϥ ϯⲙⲉ"/>
		<feat xlink:href="#sSpan7779" value="ⲥⲟⲓⲛ"/>
		<feat xlink:href="#sSpan7795" value="ⲛ ⲉⲧ ⲥⲟⲟⲩⲛ ⲙⲙⲟ ϥ"/>
		<feat xlink:href="#sSpan7816" value="ⲓⲏⲥⲟⲩⲥ"/>
		<feat xlink:href="#sSpan7824" value="ⲟⲩ ⲡⲟⲗⲓⲥ ⲉ ⲩ ⲕⲱⲧ ⲙⲙⲟ ⲥ ϩⲓϫⲛ ⲟⲩ ⲧⲟⲟⲩ ⲉ ϥ ϫⲟⲥⲉ ⲉ ⲥ ⲧⲁϫⲣⲏⲩ"/>
		<feat xlink:href="#sSpan7848" value="ⲟⲩ ⲧⲟⲟⲩ ⲉ ϥ ϫⲟⲥⲉ ⲉ ⲥ ⲧⲁϫⲣⲏⲩ"/>
		<feat xlink:href="#sSpan7915" value="ⲓⲏⲥⲟⲩⲥ ⲡ ⲉⲧ ⲕ ⲛⲁ ⲥⲱⲧⲙ ⲉⲣⲟ ϥ ϩⲙ ⲡⲉⲕ ⲙⲁⲁϫⲉ"/>
		<feat xlink:href="#sSpan7941" value="ⲡⲉⲕ ⲙⲁⲁϫⲉ"/>
		<feat xlink:href="#sSpan7950" value="ⲡ ⲕⲉ ⲙⲁⲁϫⲉ"/>
		<feat xlink:href="#sSpan7978" value="ⲛⲉⲧⲛ ϫⲉⲛⲉⲡⲱⲣ"/>
		<feat xlink:href="#sSpan7991" value="ⲗⲁⲁⲩ"/>
		<feat xlink:href="#sSpan8007" value="ϩⲏⲃⲥ"/>
		<feat xlink:href="#sSpan8029" value="ⲙⲁⲁϫⲉ"/>
		<feat xlink:href="#sSpan8058" value="ⲙⲁ ⲉ ϥ ϩⲏⲡ"/>
		<feat xlink:href="#sSpan8097" value="ⲧ ⲗⲩⲭⲛⲓⲁ"/>
		<feat xlink:href="#sSpan8111" value="ⲟⲩⲟⲛ ⲛⲓⲙ ⲉⲧ ⲃⲏⲕ ⲉϩⲟⲩⲛ ⲁⲩⲱ ⲉⲧ ⲛⲏⲩ ⲉⲃⲟⲗ"/>
		<feat xlink:href="#sSpan8160" value="ⲡⲉϥ ⲟⲩⲟⲉⲓⲛ"/>
		<feat xlink:href="#sSpan8174" value="ⲓⲏⲥⲟⲩⲥ"/>
		<feat xlink:href="#sSpan8181" value="ⲟⲩ ⲃⲗⲗⲉ"/>
		<feat xlink:href="#sSpan8193" value="ϩⲏⲧ ϥ"/>
		<feat xlink:href="#sSpan8206" value="ⲟⲩ ⲃⲗⲗⲉ"/>
		<feat xlink:href="#sSpan8223" value="ⲡⲉ ⲥⲛⲁⲩ"/>
		<feat xlink:href="#sSpan8249" value="ⲩ ϩⲓⲉⲓⲧ"/>
		<feat xlink:href="#sSpan8266" value="ⲓⲏⲥⲟⲩⲥ"/>
		<feat xlink:href="#sSpan8280" value="ⲟⲩⲁ"/>
		<feat xlink:href="#sSpan8296" value="ⲡ ⲏⲓ ⲙ ⲡ ϫⲱⲱⲣⲉ"/>
		<feat xlink:href="#sSpan8305" value="ⲡ ϫⲱⲱⲣⲉ"/>
		<feat xlink:href="#sSpan8325" value="ϫⲛⲁϩ"/>
		<feat xlink:href="#sSpan8346" value="ⲛⲉϥ ϭⲓϫ"/>
		<feat xlink:href="#sSpan8376" value="ⲡⲉϥ ⲏⲓ"/>
		<feat xlink:href="#sSpan8389" value="ⲓⲏⲥⲟⲩⲥ"/>
		<feat xlink:href="#sSpan8406" value="ϩⲧⲟⲟⲩⲉ"/>
		<feat xlink:href="#sSpan8414" value="ⲣⲟⲩϩⲉ"/>
		<feat xlink:href="#sSpan8425" value="ϩⲓⲣⲟⲩϩⲉ ϣⲁ ϩⲧⲟⲟⲩⲉ"/>
		<feat xlink:href="#sSpan8433" value="ϩⲧⲟⲟⲩⲉ"/>
		<feat xlink:href="#sSpan8442" value="ⲡ"/>
		<feat xlink:href="#sSpan8473" value="ⲛⲉϥ ⲙⲁⲑⲏⲧⲏⲥ"/>
		<feat xlink:href="#sSpan8483" value="ⲁϣ ⲛ ϩⲟⲟⲩ"/>
		<feat xlink:href="#sSpan8522" value="ⲁϣ ⲛ ϩⲟⲟⲩ"/>
		<feat xlink:href="#sSpan8556" value="ⲓⲏⲥⲟⲩⲥ"/>
		<feat xlink:href="#sSpan8604" value="ⲛⲉⲧⲛ ϣⲧⲏⲛ"/>
		<feat xlink:href="#sSpan8624" value="ⲡ ⲉⲥⲏⲧ"/>
		<feat xlink:href="#sSpan8637" value="ⲛⲉⲧⲛ ⲟⲩⲉⲣⲏⲧⲉ"/>
		<feat xlink:href="#sSpan8655" value="ⲛⲓ ⲕⲟⲩⲓ ⲛ ϣⲏⲣⲉ ϣⲏⲙ ⲛ ⲧⲉⲧⲛ ϩϫⲟⲡϫⲡ · ⲙⲙⲟ ⲟⲩ"/>
		<feat xlink:href="#sSpan8667" value="ϣⲏⲙ"/>
		<feat xlink:href="#sSpan8714" value="ⲡ ϣⲏⲣⲉ ⲙ ⲡ ⲉⲧ ⲟⲛϩ"/>
		<feat xlink:href="#sSpan8723" value="ⲡ ⲉⲧ ⲟⲛϩ"/>
		<feat xlink:href="#sSpan8760" value="ⲓⲏⲥⲟⲩⲥ"/>
		<feat xlink:href="#sSpan8767" value="ϩⲁϩ ⲛ ⲥⲟⲡ"/>
		<feat xlink:href="#sSpan8801" value="ⲛⲉⲓ ϣⲁϫⲉ ⲛⲁⲓ · ⲉⲧ ϯ ϫⲱ ⲙⲙⲟ ⲟⲩ ⲛⲏ ⲧⲛ"/>
		<feat xlink:href="#sSpan8849" value="ⲕⲉ ⲟⲩⲁ ⲉ ⲥⲟⲧⲙ ⲟⲩ ⲛⲧⲟⲟⲧ ϥ"/>
		<feat xlink:href="#sSpan8867" value="ϥ"/>
		<feat xlink:href="#sSpan8877" value="ϩⲉⲛ ϩⲟⲟⲩ"/>
		<feat xlink:href="#sSpan8933" value="ⲓⲏⲥⲟⲩⲥ"/>
		<feat xlink:href="#sSpan8940" value="ⲙ ⲫⲁⲣⲓⲥⲁⲓⲟⲥ"/>
		<feat xlink:href="#sSpan8951" value="ⲛ ⲅⲣⲁⲙⲙⲁⲧⲉⲩⲥ"/>
		<feat xlink:href="#sSpan8969" value="ϣⲁϣⲧ"/>
		<feat xlink:href="#sSpan8981" value="ⲧ ⲅⲛⲱⲥⲓⲥ"/>
		<feat xlink:href="#sSpan9028" value="ⲛ ⲉⲧ ⲟⲩⲱϣ ⲉ ⲃⲱⲕ ⲉϩⲟⲩⲛ"/>
		<feat xlink:href="#sSpan9077" value="ⲫⲣⲟⲛⲓⲙⲟⲥ"/>
		<feat xlink:href="#sSpan9093" value="ⲛ ϩⲟϥ"/>
		<feat xlink:href="#sSpan9102" value="ⲛ ⲁⲕⲉⲣⲁⲓⲟⲥ"/>
		<feat xlink:href="#sSpan9122" value="ⲛ ϭⲣⲟⲙⲡⲉ"/>
		<feat xlink:href="#sSpan9136" value="ⲓⲏⲥⲟⲩⲥ"/>
		<feat xlink:href="#sSpan9139" value="ⲟⲩ ⲃⲁ ⲛ ⲉⲗⲟⲟⲗⲉ"/>
		<feat xlink:href="#sSpan9148" value="ⲉⲗⲟⲟⲗⲉ"/>
		<feat xlink:href="#sSpan9166" value="ⲡ ⲥⲁ ⲛ ⲃⲟⲗ ⲙ ⲡ ⲉⲓⲱⲧ"/>
		<feat xlink:href="#sSpan9182" value="ⲡ ⲉⲓⲱⲧ"/>
		<feat xlink:href="#sSpan9220" value="ⲧⲉⲥ ⲛⲟⲩⲛⲉ"/>
		<feat xlink:href="#sSpan9242" value="ⲓⲏⲥⲟⲩⲥ"/>
		<feat xlink:href="#sSpan9249" value="ⲡ ⲉⲧⲉ ⲩⲛⲧⲁ ϥ · ϩⲛ ⲧⲉϥ ϭⲓϫ"/>
		<feat xlink:href="#sSpan9266" value="ⲧⲉϥ ϭⲓϫ"/>
		<feat xlink:href="#sSpan9294" value="ⲡ ⲉⲧⲉ ⲙⲛⲧⲁ ϥ ⲡ ⲕⲉ ϣⲏⲙ ⲉⲧⲉ ⲩⲛⲧⲁ ϥ"/>
		<feat xlink:href="#sSpan9305" value="ⲡ ⲕⲉ ϣⲏⲙ ⲉⲧⲉ ⲩⲛⲧⲁ ϥ"/>
		<feat xlink:href="#sSpan9346" value="ⲓⲏⲥⲟⲩⲥ"/>
		<feat xlink:href="#sSpan9385" value="ⲛⲉϥ ⲙⲁⲑⲏⲧⲏⲥ"/>
		<feat xlink:href="#sSpan9412" value="ⲛⲁⲓ"/>
		<feat xlink:href="#sSpan9427" value="ⲛ ⲉ ϯ ϫⲱ ⲙⲙⲟ ⲟⲩ ⲛⲏ ⲧⲛ"/>
		<feat xlink:href="#sSpan9499" value="ⲛⲓ ⲓⲟⲩⲇⲁⲓⲟⲥ"/>
		<feat xlink:href="#sSpan9518" value="ⲡ ϣⲏⲛ"/>
		<feat xlink:href="#sSpan9534" value="ⲡⲉϥ ⲕⲁⲣⲡⲟⲥ"/>
		<feat xlink:href="#sSpan9554" value="ⲡ ⲕⲁⲣⲡⲟⲥ"/>
		<feat xlink:href="#sSpan9571" value="ⲡ ϣⲏⲛ"/>
		<feat xlink:href="#sSpan9584" value="ⲓⲏⲥⲟⲩⲥ"/>
		<feat xlink:href="#sSpan9591" value="ⲡ ⲉⲧ ⲛⲁ ϫⲓⲟⲩⲁ"/>
		<feat xlink:href="#sSpan9606" value="ⲡ ⲉⲓⲱⲧ"/>
		<feat xlink:href="#sSpan9638" value="ⲡ ⲉⲧ ⲛⲁ ϫⲓⲟⲩⲁ ⲉ ⲡ ϣⲏⲣⲉ"/>
		<feat xlink:href="#sSpan9653" value="ⲡ ϣⲏⲣⲉ"/>
		<feat xlink:href="#sSpan9680" value="ⲡ ⲉⲧ ⲛⲁ ϫⲓⲟⲩⲁ ⲇⲉ ⲉ ⲡ ⲡⲛⲉⲩⲙⲁ ⲉⲧ ⲟⲩⲁⲁⲃ"/>
		<feat xlink:href="#sSpan9702" value="ⲡ ⲡⲛⲉⲩⲙⲁ ⲉⲧ ⲟⲩⲁⲁⲃ"/>
		<feat xlink:href="#sSpan9746" value="ⲡ ⲕⲁϩ"/>
		<feat xlink:href="#sSpan9761" value="ⲧ ⲡⲉ"/>
		<feat xlink:href="#sSpan9774" value="ⲓⲏⲥⲟⲩⲥ"/>
		<feat xlink:href="#sSpan9786" value="ⲉⲗⲟⲟⲗⲉ"/>
		<feat xlink:href="#sSpan9799" value="ϣⲟⲛⲧⲉ"/>
		<feat xlink:href="#sSpan9818" value="ⲕⲛⲧⲉ"/>
		<feat xlink:href="#sSpan9832" value="ⲥⲉⲣϭⲁⲙⲟⲩⲗ"/>
		<feat xlink:href="#sSpan9847" value="ⲕⲁⲣⲡⲟⲥ"/>
		<feat xlink:href="#sSpan9859" value="ⲟⲩ ⲁⲅⲁⲑⲟⲥ ⲛ ⲣⲱⲙⲉ"/>
		<feat xlink:href="#sSpan9887" value="ⲟⲩ ⲁⲅⲁⲑⲟⲛ"/>
		<feat xlink:href="#sSpan9905" value="ⲡⲉϥ ⲁϩⲟ"/>
		<feat xlink:href="#sSpan9913" value="ⲟⲩ ⲕⲁⲕⲟⲥ ⲛ ⲣⲱⲙⲉ"/>
		<feat xlink:href="#sSpan9927" value="ⲣⲱⲙⲉ"/>
		<feat xlink:href="#sSpan9944" value="ϩⲉⲛ ⲡⲟⲛⲏⲣⲟⲛ"/>
		<feat xlink:href="#sSpan9959" value="ⲡⲉϥ ⲁϩⲟ ⲉⲧ ϩⲟⲟⲩ ⲉⲧ ϩⲛ ⲡⲉϥ ϩⲏⲧ"/>
		<feat xlink:href="#sSpan9977" value="ⲡⲉϥ ϩⲏⲧ"/>
		<feat xlink:href="#sSpan10000" value="ϩⲉⲛ ⲡⲟⲛⲏⲣⲟⲛ"/>
		<feat xlink:href="#sSpan10030" value="ⲡ ϩⲏⲧ"/>
		<feat xlink:href="#sSpan10055" value="ϩⲉⲛ ⲡⲟⲛⲏⲣⲟⲛ"/>
		<feat xlink:href="#sSpan10070" value="ⲓⲏⲥⲟⲩⲥ"/>
		<feat xlink:href="#sSpan10080" value="ⲁⲇⲁⲙ"/>
		<feat xlink:href="#sSpan10088" value="ⲓⲱϩⲁⲛⲛⲏⲥ ⲡ ⲃⲁⲡⲧⲓⲥⲧⲏⲥ"/>
		<feat xlink:href="#sSpan10104" value="ⲛ ϫⲡⲟ ⲛ ⲛ ϩⲓⲟⲙⲉ ⲙⲛ ⲡ ⲉⲧ ϫⲟⲥⲉ ⲉ ⲓⲱϩⲁⲛⲛⲏⲥ ⲡ ⲃⲁⲡⲧⲓⲥⲧⲏⲥ"/>
		<feat xlink:href="#sSpan10113" value="ⲛ ϩⲓⲟⲙⲉ"/>
		<feat xlink:href="#sSpan10123" value="ⲡ ⲉⲧ ϫⲟⲥⲉ ⲉ ⲓⲱϩⲁⲛⲛⲏⲥ ⲡ ⲃⲁⲡⲧⲓⲥⲧⲏⲥ"/>
		<feat xlink:href="#sSpan10136" value="ⲓⲱϩⲁⲛⲛⲏⲥ ⲡ ⲃⲁⲡⲧⲓⲥⲧⲏⲥ"/>
		<feat xlink:href="#sSpan10171" value="ⲛⲉϥ ⲃⲁⲗ"/>
		<feat xlink:href="#sSpan10198" value="ⲡ ⲉⲧ ⲛⲁ ϣⲱⲡⲉ ϩⲛ ⲧⲏⲩⲧⲛ ⲉ ϥ ⲟ ⲛ ⲕⲟⲩⲓ"/>
		<feat xlink:href="#sSpan10226" value="ⲕⲟⲩⲓ"/>
		<feat xlink:href="#sSpan10237" value="ⲧ ⲙⲛⲧⲣⲣⲟ"/>
		<feat xlink:href="#sSpan10265" value="ⲓⲱϩⲁⲛⲛⲏⲥ"/>
		<feat xlink:href="#sSpan10276" value="ⲓⲏⲥⲟⲩⲥ"/>
		<feat xlink:href="#sSpan10292" value="ⲟⲩ ⲣⲱⲙⲉ"/>
		<feat xlink:href="#sSpan10306" value="ϩⲧⲟ ⲥⲛⲁⲩ"/>
		<feat xlink:href="#sSpan10326" value="ⲡⲓⲧⲉ ⲥⲛⲧⲉ"/>
		<feat xlink:href="#sSpan10350" value="ⲟⲩ ϩⲙϩⲁⲗ"/>
		<feat xlink:href="#sSpan10359" value="ϫⲟⲉⲓⲥ ⲥⲛⲁⲩ"/>
		<feat xlink:href="#sSpan10388" value="ⲡ ⲟⲩⲁ"/>
		<feat xlink:href="#sSpan10401" value="ⲡ ⲕⲉ ⲟⲩⲁ"/>
		<feat xlink:href="#sSpan10436" value="ⲣⲱⲙⲉ"/>
		<feat xlink:href="#sSpan10443" value="ⲏⲣⲡ"/>
		<feat xlink:href="#sSpan10446" value="ⲁⲥ"/>
		<feat xlink:href="#sSpan10479" value="ⲥⲉ ⲏⲣⲡ ⲛ ⲃⲣⲣⲉ"/>
		<feat xlink:href="#sSpan10507" value="ⲏⲣⲡ ⲛ ⲃⲣⲣⲉ"/>
		<feat xlink:href="#sSpan10521" value="ⲁⲥⲕⲟⲥ ⲛ ⲁⲥ"/>
		<feat xlink:href="#sSpan10560" value="ⲏⲣⲡ ⲛ ⲁⲥ"/>
		<feat xlink:href="#sSpan10574" value="ⲁⲥⲕⲟⲥ ⲛ ⲃⲣⲣⲉ ϩⲓⲛⲁ"/>
		<feat xlink:href="#sSpan10613" value="ⲧⲟⲉⲓⲥ ⲛ ⲁⲥ"/>
		<feat xlink:href="#sSpan10627" value="ϣⲧⲏⲛ ⲛ ϣⲁⲓ"/>
		<feat xlink:href="#sSpan10636" value="ϣⲁⲓ"/>
		<feat xlink:href="#sSpan10646" value="ⲟⲩ ⲡⲱϩ"/>
		<feat xlink:href="#sSpan10666" value="ⲓⲏⲥⲟⲩⲥ"/>
		<feat xlink:href="#sSpan10675" value="ⲥⲛⲁⲩ"/>
		<feat xlink:href="#sSpan10699" value="ⲡⲉⲓ ⲏⲓ ⲟⲩⲱⲧ"/>
		<feat xlink:href="#sSpan10704" value="ⲟⲩⲱⲧ"/>
		<feat xlink:href="#sSpan10724" value="ⲡ ⲧⲟⲟⲩ"/>
		<feat xlink:href="#sSpan10764" value="ⲓⲏⲥⲟⲩⲥ"/>
		<feat xlink:href="#sSpan10771" value="ϩⲉⲛ ⲙⲁⲕⲁⲣⲓⲟⲥ"/>
		<feat xlink:href="#sSpan10781" value="ⲛ ⲙⲟⲛⲁⲭⲟⲥ"/>
		<feat xlink:href="#sSpan10818" value="ⲧ ⲙⲛⲧⲣⲣⲟ"/>
		<feat xlink:href="#sSpan10833" value="ϩⲉⲛ ⲉⲃⲟⲗ ⲛ ϩⲏⲧ ⲥ"/>
		<feat xlink:href="#sSpan10876" value="ⲓⲏⲥⲟⲩⲥ"/>
		<feat xlink:href="#sSpan10951" value="ⲡ ⲟⲩⲟⲉⲓⲛ"/>
		<feat xlink:href="#sSpan10958" value="ⲡ ⲙⲁ ⲉⲛⲧ ⲁ ⲡ ⲟⲩⲟⲉⲓⲛ ϣⲱⲡⲉ ⲙⲙⲁⲩ ⲉⲃⲟⲗ ϩⲓⲧⲟⲟⲧ ϥ ⲟⲩⲁⲁⲧ ϥ"/>
		<feat xlink:href="#sSpan10970" value="ⲡ ⲟⲩⲟⲉⲓⲛ"/>
		<feat xlink:href="#sSpan11045" value="ⲧⲉⲩ ϩⲓⲕⲱⲛ"/>
		<feat xlink:href="#sSpan11091" value="ⲛⲉϥ ϣⲏⲣⲉ"/>
		<feat xlink:href="#sSpan11108" value="ⲛ ⲥⲱⲧⲡ ⲙ ⲡ ⲉⲓⲱⲧ ⲉⲧ ⲟⲛϩ"/>
		<feat xlink:href="#sSpan11118" value="ⲡ ⲉⲓⲱⲧ ⲉⲧ ⲟⲛϩ"/>
		<feat xlink:href="#sSpan11152" value="ⲡ ⲙⲁⲉⲓⲛ ⲙ ⲡⲉⲧⲛ ⲉⲓⲱⲧ ⲉⲧ ϩⲛ ⲧⲏⲩⲧⲛ"/>
		<feat xlink:href="#sSpan11161" value="ⲡⲉⲧⲛ ⲉⲓⲱⲧ ⲉⲧ ϩⲛ ⲧⲏⲩⲧⲛ"/>
		<feat xlink:href="#sSpan11191" value="ⲟⲩ ⲕⲓⲙ"/>
		<feat xlink:href="#sSpan11204" value="ⲟⲩ ⲁⲛⲁⲡⲁⲩⲥⲓⲥ"/>
		<feat xlink:href="#sSpan11232" value="ⲛⲉϥ ⲙⲁⲑⲏⲧⲏⲥ"/>
		<feat xlink:href="#sSpan11243" value="ⲁϣ ⲛ ϩⲟⲟⲩ"/>
		<feat xlink:href="#sSpan11257" value="ⲧ ⲁⲛⲁⲡⲁⲩⲥⲓⲥ ⲛ ⲛ ⲉⲧ ⲙⲟⲟⲩⲧ"/>
		<feat xlink:href="#sSpan11267" value="ⲛ ⲉⲧ ⲙⲟⲟⲩⲧ"/>
		<feat xlink:href="#sSpan11289" value="ⲁϣ ⲛ ϩⲟⲟⲩ"/>
		<feat xlink:href="#sSpan11304" value="ⲡ ⲕⲟⲥⲙⲟⲥ ⲃ ⲃⲣⲣⲉ"/>
		<feat xlink:href="#sSpan11338" value="ⲧⲏ ⲉⲧ ⲉⲧⲛ ϭⲱϣⲧ ⲉⲃⲟⲗ ϩⲏⲧ ⲥ"/>
		<feat xlink:href="#sSpan11416" value="ⲛⲉϥ ⲙⲁⲑⲏⲧⲏⲥ"/>
		<feat xlink:href="#sSpan11426" value="ϫⲟⲩⲧⲁϥⲧⲉ ⲙ ⲡⲣⲟⲫⲏⲧⲏⲥ"/>
		<feat xlink:href="#sSpan11449" value="ⲡ ⲓⲥⲣⲁⲏⲗ"/>
		<feat xlink:href="#sSpan11515" value="ⲡ ⲉⲧ ⲟⲛϩ"/>
		<feat xlink:href="#sSpan11526" value="ⲡⲉⲧⲛ ⲙⲧⲟ ⲉⲃⲟⲗ"/>
		<feat xlink:href="#sSpan11554" value="ⲛ ⲉⲧ ⲙⲟⲟⲩⲧ"/>
		<feat xlink:href="#sSpan11581" value="ⲛⲉϥ ⲙⲁⲑⲏⲧⲏⲥ"/>
		<feat xlink:href="#sSpan11594" value="ⲥⲃⲃⲉ"/>
		<feat xlink:href="#sSpan11647" value="ⲡⲉⲩ ⲉⲓⲱⲧ"/>
		<feat xlink:href="#sSpan11671" value="ⲧⲉⲩ ⲙⲁⲁⲩ ⲉ ⲩ ⲥⲃⲃⲏⲩ"/>
		<feat xlink:href="#sSpan11709" value="ⲡⲛⲉⲩⲙⲁ"/>
		<feat xlink:href="#sSpan11737" value="ⲓⲏⲥⲟⲩⲥ"/>
		<feat xlink:href="#sSpan11745" value="ϩⲉⲛ ⲙⲁⲕⲁⲣⲓⲟⲥ ⲛⲉ ⲛ ϩⲏⲕⲉ ϫⲉ ⲧⲱⲧⲛ"/>
		<feat xlink:href="#sSpan11755" value="ⲛ ϩⲏⲕⲉ"/>
		<feat xlink:href="#sSpan11775" value="ⲧ ⲙⲛⲧⲣⲣⲟ ⲛ ⲙ ⲡⲏⲩⲉ"/>
		<feat xlink:href="#sSpan11786" value="ⲙ ⲡⲏⲩⲉ"/>
		<feat xlink:href="#sSpan11800" value="ⲓⲏⲥⲟⲩⲥ"/>
		<feat xlink:href="#sSpan11807" value="ⲡ ⲉⲧ ⲛⲁ ⲙⲉⲥⲧⲉ ⲡⲉϥ ⲉⲓⲱⲧ ⲁⲛ"/>
		<feat xlink:href="#sSpan11817" value="ⲡⲉϥ ⲉⲓⲱⲧ"/>
		<feat xlink:href="#sSpan11831" value="ⲧⲉϥ ⲙⲁⲁⲩ"/>
		<feat xlink:href="#sSpan11875" value="ⲛⲉϥ ⲥⲛⲏⲩ"/>
		<feat xlink:href="#sSpan11888" value="ⲛⲉϥ ⲥⲱⲛⲉ"/>
		<feat xlink:href="#sSpan11906" value="ⲡⲉϥ ⲥⲧⲁⲩⲣⲟⲥ"/>
		<feat xlink:href="#sSpan11946" value="ⲁⲝⲓⲟⲥ"/>
		<feat xlink:href="#sSpan11965" value="ⲓⲏⲥⲟⲩⲥ"/>
		<feat xlink:href="#sSpan11972" value="ⲡ ⲉⲧ ⲁ ϥ ⲥⲟⲩⲱⲛ ⲡ ⲕⲟⲥⲙⲟⲥ"/>
		<feat xlink:href="#sSpan11984" value="ⲡ ⲕⲟⲥⲙⲟⲥ"/>
		<feat xlink:href="#sSpan12004" value="ⲩ ⲡⲧⲱⲙⲁ"/>
		<feat xlink:href="#sSpan12018" value="ⲡ ⲉⲛⲧ ⲁ ϥ ϩⲉ ⲉ ⲡⲧⲱⲙⲁ ⲡ ⲕⲟⲥⲙⲟⲥ"/>
		<feat xlink:href="#sSpan12039" value="ⲡⲧⲱⲙⲁ ⲡ ⲕⲟⲥⲙⲟⲥ"/>
		<feat xlink:href="#sSpan12073" value="ⲓⲏⲥⲟⲩⲥ"/>
		<feat xlink:href="#sSpan12080" value="ⲧ ⲙⲛⲧⲣⲣⲟ ⲙ ⲡ ⲉⲓⲱⲧ"/>
		<feat xlink:href="#sSpan12091" value="ⲡ ⲉⲓⲱⲧ"/>
		<feat xlink:href="#sSpan12112" value="ⲩ ⲣⲱⲙⲉ ⲉ ⲩⲛⲧⲁ ϥ ⲙⲙⲁⲩ ⲛ ⲟⲩ ϭⲣⲟϭ ⲉ ⲛⲁⲛⲟⲩ ϥ"/>
		<feat xlink:href="#sSpan12134" value="ⲟⲩ ϭⲣⲟϭ ⲉ ⲛⲁⲛⲟⲩ ϥ"/>
		<feat xlink:href="#sSpan12155" value="ⲡⲉϥ ϫⲁϫⲉ"/>
		<feat xlink:href="#sSpan12169" value="ⲧ ⲟⲩϣⲏ"/>
		<feat xlink:href="#sSpan12189" value="ⲟⲩ ⲍⲓⲍⲁⲛⲓⲟⲛ"/>
		<feat xlink:href="#sSpan12201" value="ⲡⲉ ϭⲣⲟϭ ⲉⲧ ⲛⲁⲛⲟⲩ ϥ"/>
		<feat xlink:href="#sSpan12223" value="ⲡ ⲣⲱⲙⲉ"/>
		<feat xlink:href="#sSpan12245" value="ⲡ ⲍⲓⲍⲁⲛⲓⲟⲛ"/>
		<feat xlink:href="#sSpan12299" value="ⲡ ⲍⲓⲍⲁⲛⲓⲟⲛ"/>
		<feat xlink:href="#sSpan12312" value="ϩⲱⲱⲗⲉ ⲙ ⲡ ⲥⲟⲩⲟ"/>
		<feat xlink:href="#sSpan12319" value="ⲡ ⲥⲟⲩⲟ"/>
		<feat xlink:href="#sSpan12336" value="ⲡ ϩⲟⲟⲩ ⲅⲁⲣ ⲙ ⲡ ⲱϩⲥ ⲛ ⲍⲓⲍⲁⲛⲓⲟⲛ"/>
		<feat xlink:href="#sSpan12351" value="ⲡ ⲱϩⲥ ⲛ ⲍⲓⲍⲁⲛⲓⲟⲛ"/>
		<feat xlink:href="#sSpan12361" value="ⲍⲓⲍⲁⲛⲓⲟⲛ"/>
		<feat xlink:href="#sSpan12403" value="ⲓⲏⲥⲟⲩⲥ"/>
		<feat xlink:href="#sSpan12411" value="ⲟⲩ ⲙⲁⲕⲁⲣⲓⲟⲥ"/>
		<feat xlink:href="#sSpan12423" value="ⲡ ⲣⲱⲙⲉ ⲛⲧ ⲁ ϥ ϩⲓⲥⲉ"/>
		<feat xlink:href="#sSpan12438" value="ϩⲓⲥⲉ"/>
		<feat xlink:href="#sSpan12456" value="ⲡ ⲱⲛϩ"/>
		<feat xlink:href="#sSpan12469" value="ⲓⲏⲥⲟⲩⲥ"/>
		<feat xlink:href="#sSpan12482" value="ⲡ ⲉⲧ ⲟⲛϩ"/>
		<feat xlink:href="#sSpan12589" value="ⲟⲩ ⲥⲁⲙⲁⲣⲉⲓⲧⲏⲥ ⲉ ϥ ϥⲓ ⲛ ⲟⲩ ϩⲓⲉⲓⲃ · ⲉ ϥ ⲃⲏⲕ ⲉϩⲟⲩⲛ ⲉ ⲧ ⲓⲟⲩⲇⲁⲓⲁ"/>
		<feat xlink:href="#sSpan12608" value="ⲟⲩ ϩⲓⲉⲓⲃ · ⲉ ϥ ⲃⲏⲕ ⲉϩⲟⲩⲛ ⲉ ⲧ ⲓⲟⲩⲇⲁⲓⲁ"/>
		<feat xlink:href="#sSpan12634" value="ⲧ ⲓⲟⲩⲇⲁⲓⲁ"/>
		<feat xlink:href="#sSpan12653" value="ⲛⲉϥ ⲙⲁⲑⲏⲧⲏⲥ"/>
		<feat xlink:href="#sSpan12663" value="ⲡⲏ ⲙ ⲡ ⲕⲱⲧⲉ ⲙ ⲡⲉ ϩⲓⲉⲓⲃ"/>
		<feat xlink:href="#sSpan12670" value="ⲡ ⲕⲱⲧⲉ ⲙ ⲡⲉ ϩⲓⲉⲓⲃ"/>
		<feat xlink:href="#sSpan12680" value="ⲡⲉ ϩⲓⲉⲓⲃ"/>
		<feat xlink:href="#sSpan12799" value="ⲟⲩ ⲡⲧⲱⲙⲁ"/>
		<feat xlink:href="#sSpan12818" value="ⲛ ⲕⲉ ⲥⲙⲟⲧ"/>
		<feat xlink:href="#sSpan12877" value="ⲟⲩ ⲧⲟⲡⲟⲥ"/>
		<feat xlink:href="#sSpan12898" value="ⲩ ⲁⲛⲁⲡⲁⲩⲥⲓⲥ"/>
		<feat xlink:href="#sSpan12922" value="ⲡⲧⲱⲙⲁ"/>
		<feat xlink:href="#sSpan12944" value="ⲓⲏⲥⲟⲩⲥ"/>
		<feat xlink:href="#sSpan12951" value="ⲥⲛⲁⲩ"/>
		<feat xlink:href="#sSpan12971" value="ⲟⲩ ϭⲗⲟϭ"/>
		<feat xlink:href="#sSpan12976" value="ⲡ ⲟⲩⲁ"/>
		<feat xlink:href="#sSpan12989" value="ⲡ ⲟⲩⲁ"/>
		<feat xlink:href="#sSpan13010" value="ⲥⲁⲗⲱⲙⲏ"/>
		<feat xlink:href="#sSpan13019" value="ⲡ ⲣⲱⲙⲉ"/>
		<feat xlink:href="#sSpan13043" value="ⲟⲩⲁ"/>
		<feat xlink:href="#sSpan13058" value="ⲡⲁ ϭⲗⲟϭ"/>
		<feat xlink:href="#sSpan13085" value="ⲧⲁ ⲧⲣⲁⲡⲉⲍⲁ"/>
		<feat xlink:href="#sSpan13099" value="ⲓⲏⲥⲟⲩⲥ"/>
		<feat xlink:href="#sSpan13120" value="ⲡ ⲉⲧ ϣⲟⲟⲡ ⲉⲃⲟⲗ ϩⲙ ⲡ ⲉⲧ ϣⲏϣ"/>
		<feat xlink:href="#sSpan13136" value="ⲡ ⲉⲧ ϣⲏϣ"/>
		<feat xlink:href="#sSpan13171" value="ⲡⲁ ⲉⲓⲱⲧ"/>
		<feat xlink:href="#sSpan13182" value="ⲧⲉⲕ ⲙⲁⲑⲏⲧⲏⲥ"/>
		<feat xlink:href="#sSpan13196" value="ⲡⲁⲓ"/>
		<feat xlink:href="#sSpan13242" value="ⲟⲩⲟⲉⲓⲛ"/>
		<feat xlink:href="#sSpan13285" value="ⲕⲁⲕⲉ"/>
		<feat xlink:href="#sSpan13296" value="ⲓⲏⲥⲟⲩⲥ"/>
		<feat xlink:href="#sSpan13314" value="ⲛⲁ ⲙⲩⲥⲧⲏⲣⲓⲟⲛ"/>
		<feat xlink:href="#sSpan13324" value="ⲛ ⲉⲧ ⲙⲡϣⲁ ⲛ ⲛⲁ ⲙⲩⲥⲧⲏⲣⲓⲟⲛ"/>
		<feat xlink:href="#sSpan13337" value="ⲛⲁ ⲙⲩⲥⲧⲏⲣⲓⲟⲛ"/>
		<feat xlink:href="#sSpan13348" value="ⲡ ⲉⲧⲉ ⲧⲉⲕ ⲟⲩⲛⲁⲙ ⲛⲁ ⲁⲁ ϥ"/>
		<feat xlink:href="#sSpan13356" value="ⲧⲉⲕ ⲟⲩⲛⲁⲙ"/>
		<feat xlink:href="#sSpan13378" value="ⲧⲉⲕ ϩⲃⲟⲩⲣ"/>
		<feat xlink:href="#sSpan13407" value="ⲓⲏⲥⲟⲩⲥ"/>
		<feat xlink:href="#sSpan13419" value="ⲟⲩ ⲣⲱⲙⲉ ⲙ ⲡⲗⲟⲩⲥⲓⲟⲥ ⲉ ⲩⲛⲧⲁ ϥ ⲙⲙⲁⲩ ⲛ ϩⲁϩ ⲛ ⲭⲣⲏⲙⲁ"/>
		<feat xlink:href="#sSpan13429" value="ⲡⲗⲟⲩⲥⲓⲟⲥ"/>
		<feat xlink:href="#sSpan13449" value="ϩⲁϩ ⲛ ⲭⲣⲏⲙⲁ"/>
		<feat xlink:href="#sSpan13485" value="ⲛⲁ ⲭⲣⲏⲙⲁ"/>
		<feat xlink:href="#sSpan13539" value="ⲉϩⲱⲣ"/>
		<feat xlink:href="#sSpan13547" value="ⲕⲁⲣⲡⲟⲥ ϩⲓⲛⲁ"/>
		<feat xlink:href="#sSpan13573" value="ⲗⲁⲁⲩ"/>
		<feat xlink:href="#sSpan13576" value="ⲛⲁⲓ"/>
		<feat xlink:href="#sSpan13606" value="ⲡⲉϥ ϩⲏⲧ"/>
		<feat xlink:href="#sSpan13621" value="ⲧ ⲟⲩϣⲏ ⲉⲧ ⲙⲙⲁⲩ"/>
		<feat xlink:href="#sSpan13643" value="ⲡ ⲉⲧⲉ ⲟⲩⲙ ⲙⲁϫⲉ ⲙⲙⲟ ϥ"/>
		<feat xlink:href="#sSpan13652" value="ⲙⲁϫⲉ ⲙⲙⲟ ϥ"/>
		<feat xlink:href="#sSpan13678" value="ⲓⲏⲥⲟⲩⲥ"/>
		<feat xlink:href="#sSpan13685" value="ⲟⲩ ⲣⲱⲙⲉ"/>
		<feat xlink:href="#sSpan13699" value="ϩⲉⲛ ϣⲙⲙⲟ"/>
		<feat xlink:href="#sSpan13725" value="ⲡ ⲇⲉⲓⲡⲛⲟⲛ"/>
		<feat xlink:href="#sSpan13743" value="ⲡⲉϥ ϩⲙϩⲁⲗ"/>
		<feat xlink:href="#sSpan13769" value="ⲛ ϣⲙⲙⲟⲓ"/>
		<feat xlink:href="#sSpan13788" value="ⲡ ϣⲟⲣⲡ"/>
		<feat xlink:href="#sSpan13816" value="ⲡⲁ ϫⲟⲉⲓⲥ"/>
		<feat xlink:href="#sSpan13848" value="ϩⲉⲛ ϩⲟⲙⲧ"/>
		<feat xlink:href="#sSpan13861" value="ϩⲉⲛ ⲉⲙⲡⲟⲣⲟⲥ"/>
		<feat xlink:href="#sSpan13886" value="ⲣⲟⲩϩⲉ"/>
		<feat xlink:href="#sSpan13935" value="ⲇⲉⲓⲡⲛⲟⲛ"/>
		<feat xlink:href="#sSpan13953" value="ⲕⲉ ⲟⲩⲁ"/>
		<feat xlink:href="#sSpan13979" value="ⲡⲁ ϫⲟⲉⲓⲥ"/>
		<feat xlink:href="#sSpan14019" value="ⲟⲩ ⲏⲓ"/>
		<feat xlink:href="#sSpan14051" value="ⲟⲩ ϩⲏⲙⲉⲣⲁ"/>
		<feat xlink:href="#sSpan14088" value="ⲕⲉ ⲟⲩⲁ"/>
		<feat xlink:href="#sSpan14111" value="ⲡⲁ ϫⲟⲉⲓⲥ"/>
		<feat xlink:href="#sSpan14145" value="ⲡⲁ ϣⲃⲏⲣ"/>
		<feat xlink:href="#sSpan14190" value="ϣ"/>
		<feat xlink:href="#sSpan14215" value="ⲡ ⲇⲉⲓⲡⲛⲟⲛ"/>
		<feat xlink:href="#sSpan14237" value="ⲕⲉ ⲟⲩⲁ"/>
		<feat xlink:href="#sSpan14260" value="ⲡⲁ ϫⲟⲉⲓⲥ"/>
		<feat xlink:href="#sSpan14304" value="ⲟⲩ ⲕⲱⲙⲏ ⲉ ⲓ ⲃⲏⲕ ⲉ ϫⲓ ⲛ ϣⲱⲙ"/>
		<feat xlink:href="#sSpan14326" value="ⲛ ϣⲱⲙ"/>
		<feat xlink:href="#sSpan14372" value="ⲡ ϩⲙϩⲁⲗ"/>
		<feat xlink:href="#sSpan14395" value="ⲡⲉϥ ϫⲟⲉⲓⲥ"/>
		<feat xlink:href="#sSpan14404" value="ⲛ ⲉⲛⲧ ⲁ ⲕ ⲧⲁϩⲙ ⲟⲩ ⲉ ⲡ ⲇⲉⲓⲡⲛⲟⲛ"/>
		<feat xlink:href="#sSpan14422" value="ⲡ ⲇⲉⲓⲡⲛⲟⲛ"/>
		<feat xlink:href="#sSpan14444" value="ⲡ ϫⲟⲉⲓⲥ"/>
		<feat xlink:href="#sSpan14453" value="ⲡⲉϥ ϩⲙϩⲁⲗ"/>
		<feat xlink:href="#sSpan14470" value="ⲡ ⲥⲁ ⲛ ⲃⲟⲗ"/>
		<feat xlink:href="#sSpan14487" value="ⲛ ϩⲓⲟⲟⲩⲉ"/>
		<feat xlink:href="#sSpan14495" value="ⲛ ⲉⲧ ⲕ ⲛⲁ ϩⲉ ⲉⲣⲟ ⲟⲩ"/>
		<feat xlink:href="#sSpan14543" value="ⲣⲉϥⲧⲟⲟⲩ"/>
		<feat xlink:href="#sSpan14553" value="ⲛⲉ ϣⲟⲧⲉ"/>
		<feat xlink:href="#sSpan14580" value="ⲛ ⲧⲟⲡⲟⲥ ⲙ ⲡⲁ ⲉⲓⲱⲧ"/>
		<feat xlink:href="#sSpan14590" value="ⲡⲁ ⲉⲓⲱⲧ"/>
		<feat xlink:href="#sSpan14611" value="ⲟⲩ ⲣⲱⲙⲉ ⲛ ⲭⲣⲏⲥⲧⲟⲥ"/>
		<feat xlink:href="#sSpan14622" value="ⲭⲣⲏⲥⲧⲟⲥ"/>
		<feat xlink:href="#sSpan14639" value="ⲟⲩ ⲙⲁ ⲛ ⲉⲗⲟⲟⲗⲉ"/>
		<feat xlink:href="#sSpan14665" value="ϩⲉⲛ ⲟⲩⲟⲉⲓⲉ ϩⲓⲛⲁ ⲉ ⲩ ⲛⲁ ⲣϩⲱⲃ ⲉⲣⲟ ϥ"/>
		<feat xlink:href="#sSpan14707" value="ⲡⲉϥ ⲕⲁⲣⲡⲟⲥ"/>
		<feat xlink:href="#sSpan14734" value="ⲡⲉϥ ϩⲙϩⲁⲗ"/>
		<feat xlink:href="#sSpan14749" value="ⲛ ⲟⲩⲟⲉⲓⲉ"/>
		<feat xlink:href="#sSpan14770" value="ⲡ ⲕⲁⲣⲡⲟⲥ ⲙ ⲡ ⲙⲁ ⲛ ⲉⲗⲟⲟⲗⲉ"/>
		<feat xlink:href="#sSpan14780" value="ⲡ ⲙⲁ ⲛ ⲉⲗⲟⲟⲗⲉ"/>
		<feat xlink:href="#sSpan14807" value="ⲡⲉϥ ϩⲙϩⲁⲗ"/>
		<feat xlink:href="#sSpan14833" value="ⲕⲉ ⲕⲟⲩⲓ"/>
		<feat xlink:href="#sSpan14859" value="ⲡ ϩⲙϩⲁⲗ"/>
		<feat xlink:href="#sSpan14882" value="ⲡⲉϥ ϫⲟⲉⲓⲥ"/>
		<feat xlink:href="#sSpan14894" value="ⲡⲉϥ ϫⲟⲉⲓⲥ"/>
		<feat xlink:href="#sSpan14931" value="ⲕⲉ ϩⲙϩⲁⲗ"/>
		<feat xlink:href="#sSpan14942" value="ⲛ ⲟⲩⲟⲉⲓⲉ"/>
		<feat xlink:href="#sSpan14956" value="ⲡ ⲕⲉ ⲟⲩⲁ"/>
		<feat xlink:href="#sSpan14974" value="ⲡ ϫⲟⲉⲓⲥ"/>
		<feat xlink:href="#sSpan14987" value="ⲡⲉϥ ϣⲏⲣⲉ"/>
		<feat xlink:href="#sSpan15015" value="ϩⲏⲧ ϥ"/>
		<feat xlink:href="#sSpan15027" value="ⲡⲁ ϣⲏⲣⲉ"/>
		<feat xlink:href="#sSpan15038" value="ⲛ ⲟⲩⲟⲉⲓⲉ ⲉⲧ ⲙⲙⲁⲩ"/>
		<feat xlink:href="#sSpan15071" value="ⲡⲉ ⲕⲗⲏⲣⲟⲛⲟⲙⲟⲥ ⲙ ⲡ ⲙⲁ ⲛ ⲉⲗⲟⲟⲗⲉ"/>
		<feat xlink:href="#sSpan15082" value="ⲡ ⲙⲁ ⲛ ⲉⲗⲟⲟⲗⲉ"/>
		<feat xlink:href="#sSpan15115" value="ⲡ ⲉⲧⲉ ⲩⲙ ⲙⲁⲁϫⲉ ⲙⲙⲟ ϥ"/>
		<feat xlink:href="#sSpan15125" value="ⲙⲁⲁϫⲉ ⲙⲙⲟ ϥ"/>
		<feat xlink:href="#sSpan15151" value="ⲓⲏⲥⲟⲩⲥ"/>
		<feat xlink:href="#sSpan15168" value="ⲡ ⲱⲛⲉ ⲡⲁⲓ ⲛⲧ ⲁ ⲩ ⲥⲧⲟ ϥ ⲉⲃⲟⲗ"/>
		<feat xlink:href="#sSpan15198" value="ⲛ ⲉⲧ ⲕⲱⲧ"/>
		<feat xlink:href="#sSpan15217" value="ⲡ ⲱⲛⲉ ⲛ ⲕⲱϩ"/>
		<feat xlink:href="#sSpan15227" value="ⲕⲱϩ"/>
		<feat xlink:href="#sSpan15238" value="ⲓⲏⲥⲟⲩⲥ"/>
		<feat xlink:href="#sSpan15245" value="ⲡ ⲉⲧ ⲥⲟⲟⲩⲛ ⲙ ⲡ ⲧⲏⲣϥ"/>
		<feat xlink:href="#sSpan15256" value="ⲡ ⲧⲏⲣϥ"/>
		<feat xlink:href="#sSpan15293" value="ⲡ ⲙⲁ ⲧⲏⲣ ϥ"/>
		<feat xlink:href="#sSpan15313" value="ⲓⲏⲥⲟⲩⲥ"/>
		<feat xlink:href="#sSpan15328" value="ⲙⲁⲕⲁⲣⲓⲟⲥ"/>
		<feat xlink:href="#sSpan15386" value="ⲧⲟⲡⲟⲥ ϩⲙ ⲡ ⲙⲁ ⲉⲛⲧ ⲁ ⲩ ⲇⲓⲱⲕⲉ ⲙⲙⲱ ⲧⲛ ϩⲣⲁⲓ ⲛϩⲏⲧ ϥ"/>
		<feat xlink:href="#sSpan15393" value="ⲡ ⲙⲁ ⲉⲛⲧ ⲁ ⲩ ⲇⲓⲱⲕⲉ ⲙⲙⲱ ⲧⲛ ϩⲣⲁⲓ ⲛϩⲏⲧ ϥ"/>
		<feat xlink:href="#sSpan15424" value="ϥ"/>
		<feat xlink:href="#sSpan15435" value="ⲓⲏⲥⲟⲩⲥ"/>
		<feat xlink:href="#sSpan15442" value="ϩⲉⲙ ⲙⲁⲕⲁⲣⲓⲟⲥ ⲛⲉ ⲛⲁⲓ ⲛⲧ ⲁ ⲩ ⲇⲓⲱⲕⲉ ⲙⲙⲟ ⲟⲩ ϩⲣⲁⲓ ϩⲙ ⲡⲉⲩ ϩⲏⲧ"/>
		<feat xlink:href="#sSpan15483" value="ⲡⲉⲩ ϩⲏⲧ"/>
		<feat xlink:href="#sSpan15490" value="ⲛ ⲉⲧ ⲙⲙⲁⲩ ⲛ ⲉⲛⲧ ⲁ ϥ ⲥⲟⲩⲱⲛ ⲡ ⲉⲓⲱⲧ ϩⲛ ⲟⲩ ⲙⲉ"/>
		<feat xlink:href="#sSpan15499" value="ⲛ"/>
		<feat xlink:href="#sSpan15515" value="ⲡ ⲉⲓⲱⲧ"/>
		<feat xlink:href="#sSpan15536" value="ⲙⲁⲕⲁⲣⲓⲟⲥ ⲛ ⲉⲧ ϩⲕⲁⲉⲓⲧ"/>
		<feat xlink:href="#sSpan15569" value="ⲧ ϩⲏ ⲙ ⲡ ⲉⲧ ⲟⲩⲱϣ"/>
		<feat xlink:href="#sSpan15578" value="ⲡ ⲉⲧ ⲟⲩⲱϣ"/>
		<feat xlink:href="#sSpan15593" value="ⲓⲏⲥⲟⲩⲥ"/>
		<feat xlink:href="#sSpan15608" value="ⲡⲏ"/>
		<feat xlink:href="#sSpan15619" value="ⲡⲁⲓ ⲉⲧⲉ ⲩⲛⲧⲏ ⲧⲛ ϥ"/>
		<feat xlink:href="#sSpan15658" value="ⲡⲏ ϩⲛ ⲧⲏⲩⲧⲛ"/>
		<feat xlink:href="#sSpan15671" value="ⲡⲁⲓ ⲉⲧⲉ ⲙⲛⲧⲏ ⲧⲛ ϥ ϩⲛ ⲧⲏⲛⲉ"/>
		<feat xlink:href="#sSpan15689" value="ⲧⲏⲛⲉ"/>
		<feat xlink:href="#sSpan15714" value="ⲓⲏⲥⲟⲩⲥ"/>
		<feat xlink:href="#sSpan15734" value="ⲡⲉⲓ ⲏⲓ"/>
		<feat xlink:href="#sSpan15750" value="ⲗⲁⲁⲩ"/>
		<feat xlink:href="#sSpan15784" value="ⲟⲩ ⲣⲱⲙⲉ"/>
		<feat xlink:href="#sSpan15809" value="ⲛⲁ ⲥⲛⲏⲩ ϩⲓⲛⲁ"/>
		<feat xlink:href="#sSpan15835" value="ⲛ ϩⲛⲁⲁⲩ ⲙ ⲡⲁ ⲉⲓⲱⲧ"/>
		<feat xlink:href="#sSpan15844" value="ⲡⲁ ⲉⲓⲱⲧ"/>
		<feat xlink:href="#sSpan15877" value="ⲡ ⲣⲱⲙⲉ"/>
		<feat xlink:href="#sSpan15912" value="ⲣⲉϥⲡⲱϣⲉ"/>
		<feat xlink:href="#sSpan15933" value="ⲛⲉϥ ⲙⲁⲑⲏⲧⲏⲥ"/>
		<feat xlink:href="#sSpan15973" value="ⲣⲉϥⲡⲱϣⲉ"/>
		<feat xlink:href="#sSpan15985" value="ⲓⲏⲥⲟⲩⲥ"/>
		<feat xlink:href="#sSpan15992" value="ⲡ ⲱϩⲥ"/>
		<feat xlink:href="#sSpan16009" value="ⲛ ⲉⲣⲅⲁⲧⲏⲥ"/>
		<feat xlink:href="#sSpan16044" value="ⲡ ϫⲟⲉⲓⲥ ϩⲓⲛⲁ"/>
		<feat xlink:href="#sSpan16066" value="ⲉⲣⲅⲁⲧⲏⲥ"/>
		<feat xlink:href="#sSpan16078" value="ⲡ ⲱϩⲥ"/>
		<feat xlink:href="#sSpan16096" value="ⲡ ϫⲟⲉⲓⲥ"/>
		<feat xlink:href="#sSpan16105" value="ϩⲁϩ"/>
		<feat xlink:href="#sSpan16113" value="ⲡ ⲕⲱⲧⲉ ⲛ ⲧ ϫⲱⲧⲉ"/>
		<feat xlink:href="#sSpan16122" value="ⲧ ϫⲱⲧⲉ"/>
		<feat xlink:href="#sSpan16135" value="ⲗⲁⲁⲩ"/>
		<feat xlink:href="#sSpan16147" value="ⲧ ϣⲱⲛⲉ"/>
		<feat xlink:href="#sSpan16166" value="ⲓⲏⲥⲟⲩⲥ"/>
		<feat xlink:href="#sSpan16173" value="ϩⲁϩ"/>
		<feat xlink:href="#sSpan16189" value="ⲡ ⲣⲟ"/>
		<feat xlink:href="#sSpan16201" value="ⲙ ⲙⲟⲛⲁⲭⲟⲥ"/>
		<feat xlink:href="#sSpan16209" value="ⲛ"/>
		<feat xlink:href="#sSpan16230" value="ⲡ ⲙⲁ ⲛ ϣⲉⲗⲉⲉⲧ"/>
		<feat xlink:href="#sSpan16239" value="ϣⲉⲗⲉⲉⲧ"/>
		<feat xlink:href="#sSpan16250" value="ⲓⲏⲥⲟⲩⲥ"/>
		<feat xlink:href="#sSpan16258" value="ⲧ ⲙⲛⲧⲣⲣⲟ ⲙ ⲡ ⲉⲓⲱⲧ ⲉ ⲥ ⲧⲛⲧⲱⲛ ⲉ ⲩ ⲣⲱⲙⲉ ⲛ ⲉϣⲱⲧ ⲉ ⲟⲩⲛⲧⲁ ϥ ⲙⲙⲁⲩ ⲛ ⲟⲩ ⲫⲟⲣⲧⲓⲟⲛ ⲉ ⲁ ϥ ϩⲉ ⲉ ⲩ ⲙⲁⲣⲅⲁⲣⲓⲧⲏⲥ"/>
		<feat xlink:href="#sSpan16269" value="ⲡ ⲉⲓⲱⲧ"/>
		<feat xlink:href="#sSpan16297" value="ⲉϣⲱⲧ"/>
		<feat xlink:href="#sSpan16316" value="ⲟⲩ ⲫⲟⲣⲧⲓⲟⲛ ⲉ ⲁ ϥ ϩⲉ ⲉ ⲩ ⲙⲁⲣⲅⲁⲣⲓⲧⲏⲥ"/>
		<feat xlink:href="#sSpan16347" value="ⲡ ⲉϣⲱⲧ ⲉⲧ ⲙⲙⲁⲩ"/>
		<feat xlink:href="#sSpan16361" value="ⲟⲩ ⲥⲁⲃⲉ"/>
		<feat xlink:href="#sSpan16382" value="ⲡⲉ ⲫⲟⲣⲧⲓⲟⲛ"/>
		<feat xlink:href="#sSpan16411" value="ⲡⲓ ⲙⲁⲣⲅⲁⲣⲓⲧⲏⲥ ⲟⲩⲱⲧ"/>
		<feat xlink:href="#sSpan16445" value="ⲡⲉϥ ⲁϩⲟ"/>
		<feat xlink:href="#sSpan16478" value="ⲡ ⲙⲁ ⲉ ⲙⲉⲣⲉ ϫⲟⲟⲗⲉⲥ ⲧϩⲛⲟ ⲉϩⲟⲩⲛ ⲙⲙⲁⲩ ⲉ ⲟⲩⲱⲙ"/>
		<feat xlink:href="#sSpan16490" value="ϫⲟⲟⲗⲉⲥ"/>
		<feat xlink:href="#sSpan16521" value="ⲡ ϥⲛⲧ"/>
		<feat xlink:href="#sSpan16538" value="ⲓⲏⲥⲟⲩⲥ"/>
		<feat xlink:href="#sSpan16554" value="ⲡ ⲟⲩⲟⲉⲓⲛ ⲡⲁⲓ ⲉⲧ ϩⲓϫⲱ ⲟⲩ ⲧⲏⲣ ⲟⲩ"/>
		<feat xlink:href="#sSpan16590" value="ⲡ ⲧⲏⲣϥ ⲛⲧ ⲁ ⲡ ⲧⲏⲣϥ ⲉⲓ ⲉⲃⲟⲗ ⲛ ϩⲏⲧ"/>
		<feat xlink:href="#sSpan16603" value="ⲡ ⲧⲏⲣϥ"/>
		<feat xlink:href="#sSpan16624" value="ϩⲏⲧ"/>
		<feat xlink:href="#sSpan16637" value="ⲡ ⲧⲏⲣϥ"/>
		<feat xlink:href="#sSpan16667" value="ⲟⲩ ϣⲉ"/>
		<feat xlink:href="#sSpan16693" value="ⲡ ⲱⲛⲉ"/>
		<feat xlink:href="#sSpan16734" value="ⲓⲏⲥⲟⲩⲥ"/>
		<feat xlink:href="#sSpan16764" value="ⲧ ⲥⲱϣⲉ"/>
		<feat xlink:href="#sSpan16779" value="ⲩ ⲕⲁϣ ⲉ ϥ ⲕⲓⲙ ⲉⲃⲟⲗ ϩⲓⲧⲙ ⲡ ⲧⲏⲩ"/>
		<feat xlink:href="#sSpan16802" value="ⲡ ⲧⲏⲩ"/>
		<feat xlink:href="#sSpan16822" value="ⲩ ⲣⲱⲙⲉ ⲉ ⲩⲛ ϣⲧⲏⲛ ⲉ ⲩ ϭⲏⲛ ϩⲓⲱⲱ ϥ ⲛ ⲧ ϩⲉ ⲛ ⲛⲉⲧⲛ ⲣⲣⲱⲟⲩ ⲙⲛ ⲛⲉⲧⲛ ⲙⲉⲅⲓⲥⲧⲁⲛⲟⲥ ⲛⲁⲓ ⲉ ⲛⲉ ϣⲧⲏⲛ ⲉⲧ ϭⲏⲛ ϩⲓⲱ ⲟⲩ"/>
		<feat xlink:href="#sSpan16834" value="ϣⲧⲏⲛ"/>
		<feat xlink:href="#sSpan16865" value="ⲛⲉⲧⲛ ⲣⲣⲱⲟⲩ ⲙⲛ ⲛⲉⲧⲛ ⲙⲉⲅⲓⲥⲧⲁⲛⲟⲥ ⲛⲁⲓ ⲉ ⲛⲉ ϣⲧⲏⲛ ⲉⲧ ϭⲏⲛ ϩⲓⲱ ⲟⲩ"/>
		<feat xlink:href="#sSpan16874" value="ⲛⲉⲧⲛ ⲙⲉⲅⲓⲥⲧⲁⲛⲟⲥ"/>
		<feat xlink:href="#sSpan16893" value="ⲛⲉ ϣⲧⲏⲛ ⲉⲧ ϭⲏⲛ ϩⲓⲱ ⲟⲩ"/>
		<feat xlink:href="#sSpan16930" value="ⲧ ⲙⲉ"/>
		<feat xlink:href="#sSpan16947" value="ⲟⲩ ⲥϩⲓⲙⲉ"/>
		<feat xlink:href="#sSpan16964" value="ⲡ ⲙⲏⲏϣⲉ"/>
		<feat xlink:href="#sSpan16985" value="ⲧ ϩⲏ ⲛⲧ ⲁ ⲥ ϥⲓ ϩⲁⲣⲟ ⲕ"/>
		<feat xlink:href="#sSpan17015" value="ⲛ ⲕⲓⲃⲉ ⲉⲛⲧ ⲁ ⲩ ⲥⲁⲛⲟⲩϣ ⲕ"/>
		<feat xlink:href="#sSpan17064" value="ⲛ ⲉⲛⲧ ⲁ ⲩ ⲥⲱⲧⲙ"/>
		<feat xlink:href="#sSpan17090" value="ⲡ ⲉⲓⲱⲧ"/>
		<feat xlink:href="#sSpan17125" value="ϩⲉⲛ ϩⲟⲟⲩ"/>
		<feat xlink:href="#sSpan17158" value="ⲉⲓⲁⲧ ϥ ⲛ ⲧ ϩⲏ ⲧⲁⲓ ⲉⲧⲉ ⲙⲡ ⲥ ⲱⲱ ⲁⲩⲱ ⲛ ⲕⲓⲃⲉ ⲛⲁⲓ ⲉ ⲙⲡ ⲟⲩ ϯⲉⲣⲱⲧⲉ"/>
		<feat xlink:href="#sSpan17167" value="ⲧ ϩⲏ"/>
		<feat xlink:href="#sSpan17191" value="ⲛ ⲕⲓⲃⲉ"/>
		<feat xlink:href="#sSpan17223" value="ⲓⲏⲥⲟⲩⲥ"/>
		<feat xlink:href="#sSpan17230" value="ⲡ ⲉⲛⲧ ⲁ ϥ ⲥⲟⲩⲱⲛ ⲡ ⲕⲟⲥⲙⲟⲥ"/>
		<feat xlink:href="#sSpan17243" value="ⲡ ⲕⲟⲥⲙⲟⲥ"/>
		<feat xlink:href="#sSpan17263" value="ⲡ ⲥⲱⲙⲁ"/>
		<feat xlink:href="#sSpan17271" value="ⲡ ⲉⲛⲧ ⲁ ϥ ϩⲉ ⲇⲉ ⲉ ⲡ ⲥⲱⲙⲁ ⲡ ⲕⲟⲥⲙⲟⲥ"/>
		<feat xlink:href="#sSpan17296" value="ⲡ ⲥⲱⲙⲁ ⲡ ⲕⲟⲥⲙⲟⲥ"/>
		<feat xlink:href="#sSpan17332" value="ⲓⲏⲥⲟⲩⲥ"/>
		<feat xlink:href="#sSpan17339" value="ⲡ ⲉⲛⲧ ⲁ ϥ ⲣⲣⲙⲙⲁⲟ"/>
		<feat xlink:href="#sSpan17372" value="ⲡ ⲉⲧⲉ ⲟⲩⲛⲧⲁ ϥ ⲛ ⲟⲩ ⲇⲩⲛⲁⲙⲓⲥ"/>
		<feat xlink:href="#sSpan17385" value="ⲟⲩ ⲇⲩⲛⲁⲙⲓⲥ"/>
		<feat xlink:href="#sSpan17409" value="ⲓⲏⲥⲟⲩⲥ"/>
		<feat xlink:href="#sSpan17416" value="ⲡ ⲉⲧ ϩⲏⲛ ⲉⲣⲟ ⲓ"/>
		<feat xlink:href="#sSpan17442" value="ⲧ ⲥⲁⲧⲉ"/>
		<feat xlink:href="#sSpan17455" value="ⲡ ⲉⲧ ⲟⲩⲏⲩ ⲙⲙⲟ ⲓ"/>
		<feat xlink:href="#sSpan17479" value="ⲧ ⲙⲛⲧⲣⲣⲟ"/>
		<feat xlink:href="#sSpan17494" value="ⲓⲏⲥⲟⲩⲥ"/>
		<feat xlink:href="#sSpan17502" value="ⲛ ϩⲓⲕⲱⲛ"/>
		<feat xlink:href="#sSpan17522" value="ⲡ ⲣⲱⲙⲉ"/>
		<feat xlink:href="#sSpan17536" value="ⲡ ⲟⲩⲟⲉⲓⲛ ⲉⲧ ⲛϩⲏⲧ ⲟⲩ"/>
		<feat xlink:href="#sSpan17560" value="ⲧ ϩⲓⲕⲱⲛ ⲙ ⲡ ⲟⲩⲟⲉⲓⲛ ⲙ ⲡ ⲉⲓⲱⲧ"/>
		<feat xlink:href="#sSpan17570" value="ⲡ ⲟⲩⲟⲉⲓⲛ ⲙ ⲡ ⲉⲓⲱⲧ"/>
		<feat xlink:href="#sSpan17579" value="ⲡ ⲉⲓⲱⲧ"/>
		<feat xlink:href="#sSpan17606" value="ⲧⲉϥ ϩⲓⲕⲱⲛ"/>
		<feat xlink:href="#sSpan17627" value="ⲡⲉϥ ⲟⲩⲟⲉⲓⲛ"/>
		<feat xlink:href="#sSpan17640" value="ⲓⲏⲥⲟⲩⲥ"/>
		<feat xlink:href="#sSpan17647" value="ϩⲟⲟⲩ"/>
		<feat xlink:href="#sSpan17663" value="ⲡⲉⲧⲛ ⲉⲓⲛⲉ"/>
		<feat xlink:href="#sSpan17705" value="ⲛⲉⲧⲛ ϩⲓⲕⲱⲛ ⲛⲧ ⲁ ⲩ ϣⲱⲡⲉ ϩⲓ ⲧⲉⲧⲛ ⲉϩⲏ ⲟⲩⲧⲉ ⲙⲉ ⲩ ⲙⲟⲩ ⲟⲩⲧⲉ ⲙⲉ ⲩ ⲟⲩⲱⲛϩ ⲉⲃⲟⲗ"/>
		<feat xlink:href="#sSpan17727" value="ⲧⲉⲧⲛ ⲉϩⲏ"/>
		<feat xlink:href="#sSpan17790" value="ⲓⲏⲥⲟⲩⲥ"/>
		<feat xlink:href="#sSpan17802" value="ⲁⲇⲁⲙ"/>
		<feat xlink:href="#sSpan17819" value="ⲟⲩ ⲛⲟϭ ⲛ ⲇⲩⲛⲁⲙⲓⲥ ⲙⲛ ⲟⲩ ⲛⲟϭ ⲙ ⲙⲛⲧⲣⲙⲙⲁⲟ"/>
		<feat xlink:href="#sSpan17836" value="ⲟⲩ ⲛⲟϭ ⲙ ⲙⲛⲧⲣⲙⲙⲁⲟ"/>
		<feat xlink:href="#sSpan17884" value="ⲩ ⲁⲝⲓⲟⲥ"/>
		<feat xlink:href="#sSpan17912" value="ⲧ ⲉⲓⲡⲉ ⲁⲛ ⲙ ⲡ ⲙⲟⲩ"/>
		<feat xlink:href="#sSpan17926" value="ⲡ ⲙⲟⲩ"/>
		<feat xlink:href="#sSpan17939" value="ⲓⲏⲥⲟⲩⲥ"/>
		<feat xlink:href="#sSpan17946" value="ⲛ ⲃⲁϣⲟⲣ"/>
		<feat xlink:href="#sSpan17969" value="ⲃⲏⲃ"/>
		<feat xlink:href="#sSpan17976" value="ⲛ ϩⲁⲗⲁⲧⲉ"/>
		<feat xlink:href="#sSpan17999" value="ⲡⲉⲩ ⲙⲁϩ"/>
		<feat xlink:href="#sSpan18006" value="ⲡ ϣⲏⲣⲉ ⲇⲉ ⲙ ⲡ ⲣⲱⲙⲉ"/>
		<feat xlink:href="#sSpan18040" value="ⲟⲩ ⲙⲁ"/>
		<feat xlink:href="#sSpan18055" value="ⲧⲉϥ ⲁⲡⲉ"/>
		<feat xlink:href="#sSpan18095" value="ⲓⲏⲥⲟⲩⲥ"/>
		<feat xlink:href="#sSpan18102" value="ⲟⲩ ⲧⲁⲗⲁⲓⲡⲱⲣⲟⲛ"/>
		<feat xlink:href="#sSpan18115" value="ⲡ ⲥⲱⲙⲁ ⲉⲧ ⲁϣⲉ ⲛ ⲟⲩ ⲥⲱⲙⲁ"/>
		<feat xlink:href="#sSpan18132" value="ⲟⲩ ⲥⲱⲙⲁ"/>
		<feat xlink:href="#sSpan18145" value="ⲟⲩ ⲧⲁⲗⲁⲓⲡⲱⲣⲟⲥ"/>
		<feat xlink:href="#sSpan18159" value="ⲧ ⲯⲩⲭⲏ ⲉⲧ ⲁϣⲉ ⲛ ⲛⲁⲓ ⲙ ⲡ ⲥⲛⲁⲩ"/>
		<feat xlink:href="#sSpan18177" value="ⲛⲁⲓ ⲙ ⲡ ⲥⲛⲁⲩ"/>
		<feat xlink:href="#sSpan18184" value="ⲡ ⲥⲛⲁⲩ"/>
		<feat xlink:href="#sSpan18197" value="ⲓⲏⲥⲟⲩⲥ"/>
		<feat xlink:href="#sSpan18204" value="ⲛ ⲁⲅⲅⲉⲗⲟⲥ"/>
		<feat xlink:href="#sSpan18225" value="ⲛ ⲡⲣⲟⲫⲏⲧⲏⲥ"/>
		<feat xlink:href="#sSpan18256" value="ⲛ ⲉⲧⲉ ⲩⲛⲧⲏ ⲧⲛ ⲥⲉ"/>
		<feat xlink:href="#sSpan18280" value="ϩⲱⲧ ⲧⲏⲩⲧⲛ ⲛ ⲉⲧ ⲛⲧⲟⲧ"/>
		<feat xlink:href="#sSpan18326" value="ⲁϣ ⲛ ϩⲟⲟⲩ"/>
		<feat xlink:href="#sSpan18336" value="ⲡ"/>
		<feat xlink:href="#sSpan18356" value="ⲡ ⲉⲧⲉ ⲡⲱⲟⲩ"/>
		<feat xlink:href="#sSpan18372" value="ⲓⲏⲥⲟⲩⲥ"/>
		<feat xlink:href="#sSpan18394" value="ⲡ ⲥⲁ"/>
		<feat xlink:href="#sSpan18411" value="ⲡ ⲡⲟⲧⲏⲣⲓⲟⲛ"/>
		<feat xlink:href="#sSpan18437" value="ⲡ ⲉⲛⲧ ⲁ ϥ ⲧⲁⲙⲓⲟ ⲙ ⲡ ⲥⲁ ⲛϩⲟⲩⲛ"/>
		<feat xlink:href="#sSpan18455" value="ⲡ ⲥⲁ"/>
		<feat xlink:href="#sSpan18490" value="ⲡ ⲥⲁ"/>
		<feat xlink:href="#sSpan18514" value="ⲓⲏⲥⲟⲩⲥ"/>
		<feat xlink:href="#sSpan18536" value="ⲟⲩ ⲭⲣⲏⲥⲧⲟⲥ"/>
		<feat xlink:href="#sSpan18547" value="ⲡⲁ ⲛⲁϩⲃ"/>
		<feat xlink:href="#sSpan18558" value="ⲧⲁ ⲙⲛⲧϫⲟⲉⲓⲥ"/>
		<feat xlink:href="#sSpan18567" value="ⲟⲩ ⲣⲙⲣⲁϣ"/>
		<feat xlink:href="#sSpan18602" value="ⲩ ⲁⲛⲁⲡⲁⲩⲥⲓⲥ"/>
		<feat xlink:href="#sSpan18713" value="ⲡ ϩⲟ ⲛ ⲧ ⲡⲉ"/>
		<feat xlink:href="#sSpan18722" value="ⲧ ⲡⲉ"/>
		<feat xlink:href="#sSpan18732" value="ⲡ ⲕⲁϩ"/>
		<feat xlink:href="#sSpan18745" value="ⲡ ⲉⲧ ⲛ ⲡⲉⲧⲛ ⲙⲧⲟ ⲉⲃⲟⲗ"/>
		<feat xlink:href="#sSpan18752" value="ⲡⲉⲧⲛ ⲙⲧⲟ ⲉⲃⲟⲗ"/>
		<feat xlink:href="#sSpan18778" value="ⲡⲉⲓ ⲕⲁⲓⲣⲟⲥ"/>
		<feat xlink:href="#sSpan18821" value="ⲓⲏⲥⲟⲩⲥ"/>
		<feat xlink:href="#sSpan18853" value="ⲛ ⲉⲧ ⲁ ⲧⲉⲧⲛ ϫⲛⲟⲩ ⲓ ⲉⲣⲟ ⲟⲩ ⲛ ⲛⲓ ϩⲟⲟⲩ"/>
		<feat xlink:href="#sSpan18877" value="ⲛⲓ ϩⲟⲟⲩ"/>
		<feat xlink:href="#sSpan18905" value="ⲡ ϩⲟⲟⲩ ⲉⲧ ⲙⲙⲁⲩ ⲧⲉⲛⲟⲩ ⲉ ϩⲛⲁ ⲓ ⲉ ϫⲟ ⲟⲩ"/>
		<feat xlink:href="#sSpan18970" value="ⲡⲉⲧⲟⲩⲁⲁⲃ ⲛ ⲛ ⲟⲩϩⲟⲟⲣ"/>
		<feat xlink:href="#sSpan18979" value="ⲛ ⲟⲩϩⲟⲟⲣ"/>
		<feat xlink:href="#sSpan19005" value="ⲧ ⲕⲟⲡⲣⲓⲁ"/>
		<feat xlink:href="#sSpan19024" value="ⲙ ⲙⲁⲣⲅⲁⲣⲓⲧⲏⲥ ⲛ ⲛ ⲉϣⲁⲩ"/>
		<feat xlink:href="#sSpan19035" value="ⲛ ⲉϣⲁⲩ"/>
		<feat xlink:href="#sSpan19062" value="ⲛ ⲗⲁ..."/>
		<feat xlink:href="#sSpan19080" value="ⲓⲏⲥⲟⲩⲥ"/>
		<feat xlink:href="#sSpan19083" value="ⲡ ⲉⲧ ϣⲓⲛⲉ"/>
		<feat xlink:href="#sSpan19103" value="ⲡ ⲉⲧ ⲧⲱϩⲙ ⲉϩⲟⲩⲛ"/>
		<feat xlink:href="#sSpan19141" value="ⲓⲏⲥⲟⲩⲥ"/>
		<feat xlink:href="#sSpan19156" value="ϩⲟⲙⲧ"/>
		<feat xlink:href="#sSpan19175" value="ⲧ ⲙⲏⲥⲉ"/>
		<feat xlink:href="#sSpan19202" value="ⲡ ⲉⲧ ⲉⲧⲛ ⲛⲁ ϫⲓⲧ ⲟⲩ ⲁⲛ ⲛⲧⲟⲟⲧ ϥ"/>
		<feat xlink:href="#sSpan19237" value="ⲓⲏⲥⲟⲩⲥ"/>
		<feat xlink:href="#sSpan19244" value="ⲧ ⲙⲛⲧⲣⲣⲟ ⲙ ⲡⲉⲓⲱⲧ ⲉ ⲥ ⲧⲛⲧⲱⲛ ⲉ ⲩ ⲥϩⲓⲙⲉ"/>
		<feat xlink:href="#sSpan19256" value="ⲡⲉⲓⲱⲧ ⲉ ⲥ ⲧⲛⲧⲱⲛ ⲉ ⲩ ⲥϩⲓⲙⲉ"/>
		<feat xlink:href="#sSpan19272" value="ⲩ ⲥϩⲓⲙⲉ"/>
		<feat xlink:href="#sSpan19290" value="ⲟⲩ ⲕⲟⲩⲓ ⲛ ⲥⲁⲓⲣ"/>
		<feat xlink:href="#sSpan19316" value="ⲟⲩ ϣⲱⲧⲉ"/>
		<feat xlink:href="#sSpan19337" value="ϩⲉⲛ ⲛⲟϭ ⲛ ⲛⲟⲉⲓⲕ"/>
		<feat xlink:href="#sSpan19351" value="ⲡ ⲉⲧⲉ ⲩⲙ ⲙⲁⲁϫⲉ ⲙⲙⲟ ϥ"/>
		<feat xlink:href="#sSpan19361" value="ⲙⲁⲁϫⲉ ⲙⲙⲟ ϥ"/>
		<feat xlink:href="#sSpan19388" value="ⲓⲏⲥⲟⲩⲥ"/>
		<feat xlink:href="#sSpan19395" value="ⲧ ⲙⲛⲧⲣⲣⲟ ⲙ ⲡ ⲉⲓⲱⲧ"/>
		<feat xlink:href="#sSpan19406" value="ⲡ ⲉⲓⲱⲧ"/>
		<feat xlink:href="#sSpan19426" value="ⲩ ⲥϩⲓⲙⲉ ⲉ ⲥ ϥⲓ ϩⲁ ⲟⲩ ϭⲉⲗⲙⲁⲓ ⲉ ϥ ⲙⲉϩ ⲛ ⲛⲟⲉⲓⲧ"/>
		<feat xlink:href="#sSpan19444" value="ⲟⲩ ϭⲉⲗⲙⲁⲓ ⲉ ϥ ⲙⲉϩ ⲛ ⲛⲟⲉⲓⲧ"/>
		<feat xlink:href="#sSpan19463" value="ⲛⲟⲉⲓⲧ"/>
		<feat xlink:href="#sSpan19482" value="ⲧⲉ ϩⲓⲏ · ⲉ ⲥ ⲟⲩⲏⲩ"/>
		<feat xlink:href="#sSpan19504" value="ⲡ ⲙⲁⲁϫⲉ ⲙ ⲡ ϭⲉⲗⲙⲁⲓ"/>
		<feat xlink:href="#sSpan19513" value="ⲡ ϭⲉⲗⲙⲁⲓ"/>
		<feat xlink:href="#sSpan19531" value="ⲡ ⲛⲟⲉⲓⲧ"/>
		<feat xlink:href="#sSpan19551" value="ⲧⲉ ϩⲓⲏ"/>
		<feat xlink:href="#sSpan19590" value="ϩⲓⲥⲉ"/>
		<feat xlink:href="#sSpan19611" value="ⲡⲉⲥ ⲏⲓ"/>
		<feat xlink:href="#sSpan19625" value="ⲡ ϭⲉⲗⲙⲁⲓ"/>
		<feat xlink:href="#sSpan19678" value="ⲓⲏⲥⲟⲩⲥ"/>
		<feat xlink:href="#sSpan19683" value="ⲧ ⲙⲛⲧⲣⲣⲟ ⲙ ⲡ ⲉⲓⲱⲧ"/>
		<feat xlink:href="#sSpan19694" value="ⲡ ⲉⲓⲱⲧ"/>
		<feat xlink:href="#sSpan19712" value="ⲩ ⲣⲱⲙⲉ ⲉ ϥ ⲟⲩⲱϣ ⲉ ⲙⲟⲩⲧ ⲟⲩ ⲣⲱⲙⲉ ⲙ ⲙⲉⲅⲓⲥⲧⲁⲛⲟⲥ"/>
		<feat xlink:href="#sSpan19731" value="ⲟⲩ ⲣⲱⲙⲉ ⲙ ⲙⲉⲅⲓⲥⲧⲁⲛⲟⲥ"/>
		<feat xlink:href="#sSpan19742" value="ⲙⲉⲅⲓⲥⲧⲁⲛⲟⲥ"/>
		<feat xlink:href="#sSpan19759" value="ⲧ ⲥⲏϥⲉ"/>
		<feat xlink:href="#sSpan19769" value="ⲡⲉϥ ⲏⲓ"/>
		<feat xlink:href="#sSpan19786" value="ⲧ ϫⲟ"/>
		<feat xlink:href="#sSpan19811" value="ⲧⲉϥ ϭⲓϫ"/>
		<feat xlink:href="#sSpan19847" value="ⲡ ⲙⲉⲅⲓⲥⲧⲁⲛⲟⲥ"/>
		<feat xlink:href="#sSpan19861" value="ⲙ ⲙⲁⲑⲏⲧⲏⲥ"/>
		<feat xlink:href="#sSpan19877" value="ⲛⲉⲕ · ⲥⲛⲏⲩ"/>
		<feat xlink:href="#sSpan19889" value="ⲧⲉⲕ ⲙⲁⲁⲩ"/>
		<feat xlink:href="#sSpan19908" value="ⲡ ⲥⲁ ⲛ ⲃⲟⲗ"/>
		<feat xlink:href="#sSpan19939" value="ⲛ ⲉⲧ ⲛ ⲛⲉⲓ ⲙⲁ ⲉⲧ ⲉⲓⲣⲉ ⲙ ⲡ ⲟⲩⲱϣ ⲙ ⲡⲁ ⲉⲓⲱⲧ"/>
		<feat xlink:href="#sSpan19947" value="ⲛⲉⲓ ⲙⲁ"/>
		<feat xlink:href="#sSpan19963" value="ⲡ ⲟⲩⲱϣ ⲙ ⲡⲁ ⲉⲓⲱⲧ"/>
		<feat xlink:href="#sSpan19972" value="ⲡⲁ ⲉⲓⲱⲧ"/>
		<feat xlink:href="#sSpan19977" value="ⲛⲁⲓ"/>
		<feat xlink:href="#sSpan19986" value="ⲛⲁ ⲥⲛⲏⲩ"/>
		<feat xlink:href="#sSpan19998" value="ⲧⲁ ⲙⲁⲁⲩ"/>
		<feat xlink:href="#sSpan20031" value="ⲧ ⲙⲛⲧⲣⲣⲟ ⲙ ⲡⲁ ⲉⲓⲱⲧ"/>
		<feat xlink:href="#sSpan20042" value="ⲡⲁ ⲉⲓⲱⲧ"/>
		<feat xlink:href="#sSpan20059" value="ⲓⲏⲥⲟⲩⲥ"/>
		<feat xlink:href="#sSpan20067" value="ⲩ ⲛⲟⲩⲃ"/>
		<feat xlink:href="#sSpan20093" value="ⲛ ⲉⲧ ⲏⲡ"/>
		<feat xlink:href="#sSpan20109" value="ⲕⲁⲓⲥⲁⲣ"/>
		<feat xlink:href="#sSpan20128" value="ⲛ ϣⲱⲙ"/>
		<feat xlink:href="#sSpan20154" value="ⲛⲁ ⲕⲁⲓⲥⲁⲣ"/>
		<feat xlink:href="#sSpan20158" value="ⲕⲁⲓⲥⲁⲣ"/>
		<feat xlink:href="#sSpan20167" value="ⲕⲁⲓⲥⲁⲣ"/>
		<feat xlink:href="#sSpan20174" value="ⲛⲁ ⲡ ⲛⲟⲩⲧⲉ ⲙ ⲡ ⲛⲟⲩⲧⲉ ⲁⲩⲱ ⲡ ⲉⲧⲉ ⲡⲱ ⲓ ⲡⲉ ⲙⲁ ⲧⲛ ⲛⲁ ⲓ ϥ"/>
		<feat xlink:href="#sSpan20185" value="ⲡ ⲛⲟⲩⲧⲉ"/>
		<feat xlink:href="#sSpan20197" value="ⲡ ⲉⲧⲉ ⲡⲱ ⲓ ⲡⲉ ⲙⲁ ⲧⲛ ⲛⲁ ⲓ ϥ"/>
		<feat xlink:href="#sSpan20225" value="ⲡ ⲉⲧ ⲛⲁ ⲙⲉⲥⲧⲉ ⲡⲉϥ ⲉⲓⲱⲧ ⲁⲛ ⲙⲛ ⲧⲉϥ ⲙⲁⲁⲩ"/>
		<feat xlink:href="#sSpan20238" value="ⲡⲉϥ ⲉⲓⲱⲧ"/>
		<feat xlink:href="#sSpan20252" value="ⲧⲉϥ ⲙⲁⲁⲩ"/>
		<feat xlink:href="#sSpan20302" value="ⲡ ⲉⲧ ⲛⲁ ⲙⲣⲣⲉ ⲡⲉϥ ⲉⲓⲱⲧ ⲁⲛ ⲙⲛ ⲧⲉϥ ⲙⲁⲁⲩ"/>
		<feat xlink:href="#sSpan20312" value="ⲡⲉϥ ⲉⲓⲱⲧ"/>
		<feat xlink:href="#sSpan20326" value="ⲧⲉϥ ⲙⲁⲁⲩ"/>
		<feat xlink:href="#sSpan20368" value="ⲧⲁ ⲙⲁⲁⲩ ⲅⲁⲣ ⲛⲧⲁ ⲥ........."/>
		<feat xlink:href="#sSpan20398" value="ⲧⲁ ⲙⲁⲁⲩ ⲇⲉ ⲙ ⲙⲉ"/>
		<feat xlink:href="#sSpan20434" value="ⲡ ⲱⲛϩ"/>
		<feat xlink:href="#sSpan20448" value="ⲓⲏⲥⲟⲩⲥ"/>
		<feat xlink:href="#sSpan20469" value="ⲫⲁⲣⲓⲥⲁⲓⲟⲥ"/>
		<feat xlink:href="#sSpan20490" value="ⲟⲩ ⲟⲩϩⲟⲣ ⲉ ϥ ⲛⲛⲕⲟⲧⲕ ϩⲓϫⲛ ⲡ ⲟⲩⲟⲙϥ ⲛ ϩⲉⲛ ⲉϩⲟⲟⲩ"/>
		<feat xlink:href="#sSpan20508" value="ⲡ ⲟⲩⲟⲙϥ ⲛ ϩⲉⲛ ⲉϩⲟⲟⲩ"/>
		<feat xlink:href="#sSpan20520" value="ϩⲉⲛ ⲉϩⲟⲟⲩ"/>
		<feat xlink:href="#sSpan20563" value="ⲛ ⲉϩⲟⲟⲩ"/>
		<feat xlink:href="#sSpan20583" value="ⲓⲏⲥⲟⲩⲥ"/>
		<feat xlink:href="#sSpan20591" value="ⲟⲩ ⲙⲁⲕⲁⲣⲓⲟⲥ ⲡⲉ ⲡ ⲣⲱⲙⲉ ⲡⲁⲓ ⲉⲧ ⲥⲟⲟⲩⲛ ϫⲉ ϩⲛ ⲁϣ ⲙ ⲙⲉⲣⲟⲥ ⲉ ⲛ ⲗⲏⲥⲧⲏⲥ ⲛⲏⲩ ⲉϩⲟⲩⲛ ϩⲓⲛⲁ"/>
		<feat xlink:href="#sSpan20604" value="ⲡ ⲣⲱⲙⲉ ⲡⲁⲓ ⲉⲧ ⲥⲟⲟⲩⲛ"/>
		<feat xlink:href="#sSpan20637" value="ⲙⲉⲣⲟⲥ"/>
		<feat xlink:href="#sSpan20644" value="ⲛ ⲗⲏⲥⲧⲏⲥ"/>
		<feat xlink:href="#sSpan20690" value="ⲧⲉϥ ⲙⲛⲧⲣⲣⲟ"/>
		<feat xlink:href="#sSpan20721" value="ⲧⲉϥ ϯⲡⲉ"/>
		<feat xlink:href="#sSpan20732" value="ⲧ ⲉϩⲏ"/>
		<feat xlink:href="#sSpan20768" value="ⲓⲏⲥⲟⲩⲥ"/>
		<feat xlink:href="#sSpan20789" value="ⲡ ϩⲟⲟⲩ"/>
		<feat xlink:href="#sSpan20818" value="ⲓⲏⲥⲟⲩⲥ"/>
		<feat xlink:href="#sSpan20839" value="ⲡ ⲛⲟⲃⲉ ⲛⲧ ⲁ ⲓ ⲁⲁ ϥ"/>
		<feat xlink:href="#sSpan20902" value="ⲡ ⲛⲩⲙⲫⲓⲟⲥ"/>
		<feat xlink:href="#sSpan20922" value="ⲡ ⲛⲩⲙⲫⲱⲛ"/>
		<feat xlink:href="#sSpan20967" value="ⲓⲏⲥⲟⲩⲥ"/>
		<feat xlink:href="#sSpan20974" value="ⲡ ⲉⲧ ⲛⲁ ⲥⲟⲩⲱⲛ ⲡ ⲉⲓⲱⲧ ⲙⲛ ⲧ ⲙⲁⲁⲩ"/>
		<feat xlink:href="#sSpan20984" value="ⲡ ⲉⲓⲱⲧ"/>
		<feat xlink:href="#sSpan20993" value="ⲧ ⲙⲁⲁⲩ"/>
		<feat xlink:href="#sSpan21017" value="ⲡ ϣⲏⲣⲉ ⲙ ⲡⲟⲣⲛⲏ"/>
		<feat xlink:href="#sSpan21027" value="ⲡⲟⲣⲛⲏ"/>
		<feat xlink:href="#sSpan21038" value="ⲓⲏⲥⲟⲩⲥ"/>
		<feat xlink:href="#sSpan21055" value="ⲡ ⲥⲛⲁⲩ"/>
		<feat xlink:href="#sSpan21060" value="ⲟⲩⲁ"/>
		<feat xlink:href="#sSpan21079" value="ϣⲏⲣⲉ ⲙ ⲡ ⲣⲱⲙⲉ"/>
		<feat xlink:href="#sSpan21109" value="ⲡ ⲧⲟⲟⲩ"/>
		<feat xlink:href="#sSpan21144" value="ⲓⲏⲥⲟⲩⲥ"/>
		<feat xlink:href="#sSpan21151" value="ⲧ ⲙⲛⲧⲣⲣⲟ ⲉ ⲥ ⲧⲛⲧⲱⲛ ⲉ ⲩ ⲣⲱⲙⲉ ⲛ ϣⲱⲥ ⲉ ⲩⲛⲧⲁ ϥ ⲙⲙⲁⲩ ⲛ ϣⲉ ⲛ ⲉⲥⲟⲟⲩ"/>
		<feat xlink:href="#sSpan21180" value="ϣⲱⲥ"/>
		<feat xlink:href="#sSpan21199" value="ϣⲉ ⲛ ⲉⲥⲟⲟⲩ"/>
		<feat xlink:href="#sSpan21215" value="ⲟⲩⲁ ⲛϩⲏⲧ ⲟⲩ"/>
		<feat xlink:href="#sSpan21233" value="ⲡ ⲛⲟϭ"/>
		<feat xlink:href="#sSpan21257" value="ⲡⲥⲧⲉⲯⲓⲧ"/>
		<feat xlink:href="#sSpan21273" value="ⲡⲓ ⲟⲩⲁ"/>
		<feat xlink:href="#sSpan21318" value="ⲡ ⲉⲥⲟⲟⲩ"/>
		<feat xlink:href="#sSpan21337" value="ⲡⲥⲧⲉⲯⲓⲧ⳿"/>
		<feat xlink:href="#sSpan21349" value="ⲓⲏⲥⲟⲩⲥ"/>
		<feat xlink:href="#sSpan21356" value="ⲡ ⲉⲧ ⲛⲁ ⲥⲱ ⲉⲃⲟⲗ ϩⲛ ⲧⲁ ⲧⲁⲡⲣⲟ"/>
		<feat xlink:href="#sSpan21375" value="ⲧⲁ ⲧⲁⲡⲣⲟ"/>
		<feat xlink:href="#sSpan21430" value="ⲛ ⲉⲧ ϩⲏⲡ"/>
		<feat xlink:href="#sSpan21464" value="ⲓⲏⲥⲟⲩⲥ"/>
		<feat xlink:href="#sSpan21471" value="ⲧ ⲙⲛⲧⲣⲣⲟ"/>
		<feat xlink:href="#sSpan21490" value="ⲩ ⲣⲱⲙⲉ ⲉ ⲩⲛⲧⲁ ϥ ⲙⲙⲁⲩ ϩⲛ ⲧⲉϥ ⲥⲱϣⲉ ⲛ ⲟⲩ ⲁϩⲟ ⲉ ϥ ϩⲏⲡ"/>
		<feat xlink:href="#sSpan21514" value="ⲧⲉϥ ⲥⲱϣⲉ ⲛ ⲟⲩ ⲁϩⲟ ⲉ ϥ ϩⲏⲡ"/>
		<feat xlink:href="#sSpan21524" value="ⲟⲩ ⲁϩⲟ ⲉ ϥ ϩⲏⲡ"/>
		<feat xlink:href="#sSpan21553" value="ⲁⲧⲥⲟⲟⲩⲛ ⲉⲣⲟ ϥ"/>
		<feat xlink:href="#sSpan21597" value="ⲡⲉϥ ϣⲏⲣⲉ"/>
		<feat xlink:href="#sSpan21610" value="ⲡ ϣⲏⲣⲉ"/>
		<feat xlink:href="#sSpan21633" value="ⲧ ⲥⲱϣⲉ ⲉⲧ ⲙⲙⲁⲩ"/>
		<feat xlink:href="#sSpan21668" value="ⲡ ⲉⲛⲧ ⲁ ϥ ⲧⲟⲟⲩ ⲥ"/>
		<feat xlink:href="#sSpan21718" value="ⲡ ⲁϩⲟ"/>
		<feat xlink:href="#sSpan21739" value="ϩⲟⲙⲧ"/>
		<feat xlink:href="#sSpan21746" value="ⲧ ⲙⲏⲥⲉ ⲛ ⲛ ⲉⲧ ⲟⲩⲟϣ ⲟⲩ"/>
		<feat xlink:href="#sSpan21756" value="ⲛ ⲉⲧ ⲟⲩⲟϣ ⲟⲩ"/>
		<feat xlink:href="#sSpan21774" value="ⲓⲏⲥⲟⲩⲥ"/>
		<feat xlink:href="#sSpan21781" value="ⲡ ⲉⲛⲧ ⲁ ϥ ϭⲓⲛⲉ ⲙ ⲡ ⲕⲟⲥⲙⲟⲥ"/>
		<feat xlink:href="#sSpan21799" value="ⲡ ⲕⲟⲥⲙⲟⲥ"/>
		<feat xlink:href="#sSpan21830" value="ⲡ ⲕⲟⲥⲙⲟⲥ"/>
		<feat xlink:href="#sSpan21845" value="ⲓⲏⲥⲟⲩⲥ"/>
		<feat xlink:href="#sSpan21852" value="ⲙ ⲡⲏⲩⲉ"/>
		<feat xlink:href="#sSpan21874" value="ⲡ ⲕⲁϩ ⲙ ⲡⲉⲧⲛ ⲙⲧⲟ ⲉⲃⲟⲗ"/>
		<feat xlink:href="#sSpan21884" value="ⲡⲉⲧⲛ ⲙⲧⲟ ⲉⲃⲟⲗ"/>
		<feat xlink:href="#sSpan21901" value="ⲡ ⲉⲧ ⲟⲛϩ ⲉⲃⲟⲗ ϩⲛ ⲡ ⲉⲧ ⲟⲛϩ"/>
		<feat xlink:href="#sSpan21917" value="ⲡ ⲉⲧ ⲟⲛϩ"/>
		<feat xlink:href="#sSpan21941" value="ⲙⲟⲩ"/>
		<feat xlink:href="#sSpan21961" value="ⲓⲏⲥⲟⲩⲥ"/>
		<feat xlink:href="#sSpan21981" value="ⲡ ⲉⲧ ⲛⲁ ϩⲉ ⲉⲣⲟ ϥ ⲟⲩⲁⲁ ϥ"/>
		<feat xlink:href="#sSpan22003" value="ⲡ ⲕⲟⲥⲙⲟⲥ"/>
		<feat xlink:href="#sSpan22034" value="ⲓⲏⲥⲟⲩⲥ"/>
		<feat xlink:href="#sSpan22041" value="ⲟⲩⲟⲉⲓ"/>
		<feat xlink:href="#sSpan22049" value="ⲧ ⲥⲁⲣⲝ"/>
		<feat xlink:href="#sSpan22057" value="ⲧⲁⲓ ⲉⲧ ⲟϣⲉ ⲛ ⲧ ⲯⲩⲭⲏ"/>
		<feat xlink:href="#sSpan22070" value="ⲧ ⲯⲩⲭⲏ"/>
		<feat xlink:href="#sSpan22076" value="ⲟⲩⲟⲉⲓ"/>
		<feat xlink:href="#sSpan22088" value="ⲧ ⲯⲩⲭⲏ ⲧⲁⲓ ⲉⲧ ⲟϣⲉ ⲛ ⲧ ⲥⲁⲣⲝ"/>
		<feat xlink:href="#sSpan22108" value="ⲧ ⲥⲁⲣⲝ"/>
		<feat xlink:href="#sSpan22134" value="ⲛⲉϥ ⲙⲁⲑⲏⲧⲏⲥ"/>
		<feat xlink:href="#sSpan22144" value="ⲧ ⲙⲛⲧⲣⲣⲟ"/>
		<feat xlink:href="#sSpan22167" value="ⲁϣ ⲛ ϩⲟⲟⲩ"/>
		<feat xlink:href="#sSpan22195" value="ⲟⲩ ϭⲱϣⲧ ⲉⲃⲟⲗ"/>
		<feat xlink:href="#sSpan22237" value="ⲡⲓ ⲥⲁ"/>
		<feat xlink:href="#sSpan22254" value="ⲧⲏ"/>
		<feat xlink:href="#sSpan22268" value="ⲧ ⲙⲛⲧⲣⲣⲟ ⲙ ⲡ ⲉⲓⲱⲧ ⲉ ⲥ ⲡⲟⲣϣ ⲉⲃⲟⲗ ϩⲓϫⲙ ⲡ ⲕⲁϩ"/>
		<feat xlink:href="#sSpan22280" value="ⲡ ⲉⲓⲱⲧ"/>
		<feat xlink:href="#sSpan22301" value="ⲡ ⲕⲁϩ"/>
		<feat xlink:href="#sSpan22312" value="ⲛ ⲣⲱⲙⲉ"/>
		<feat xlink:href="#sSpan22342" value="ⲥⲓⲙⲱⲛ ⲡⲉⲧⲣⲟⲥ"/>
		<feat xlink:href="#sSpan22364" value="ⲙⲁⲣⲓϩⲁⲙ"/>
		<feat xlink:href="#sSpan22387" value="ⲛ ⲥϩⲓⲟⲙⲉ"/>
		<feat xlink:href="#sSpan22405" value="ⲡ ⲱⲛϩ"/>
		<feat xlink:href="#sSpan22417" value="ⲓⲏⲥⲟⲩⲥ"/>
		<feat xlink:href="#sSpan22470" value="ϩⲟⲟⲩⲧ"/>
		<feat xlink:href="#sSpan22500" value="ⲟⲩ ⲡⲛⲉⲩⲙⲁ ⲉ ϥ ⲟⲛϩ"/>
		<feat xlink:href="#sSpan22533" value="ϩⲟⲟⲩⲧ"/>
		<feat xlink:href="#sSpan22542" value="ⲥϩⲓⲙⲉ ⲛⲓⲙ ⲉ ⲥ ⲛⲁ ⲁⲁ ⲥ ⲛ ϩⲟⲟⲩⲧ"/>
		<feat xlink:href="#sSpan22567" value="ϩⲟⲟⲩⲧ"/>
		<feat xlink:href="#sSpan22587" value="ⲧ ⲙⲛⲧⲣⲣⲟ ⲛ ⲙ ⲡⲏⲩⲉ"/>
		<feat xlink:href="#sSpan22599" value="ⲙ ⲡⲏⲩⲉ"/>
		<feat xlink:href="#sSpan22608" value="ⲡ ⲉⲩⲁⲅⲅⲉⲗⲓⲟⲛ ⲡ ⲕⲁⲧⲁ ⲑⲱⲙⲁⲥ"/>
		<feat xlink:href="#sSpan22625" value="ⲑⲱⲙⲁⲥ"/></featList></paula>