<?xml version="1.0" encoding="UTF-8" standalone="no"?>

<!DOCTYPE paula SYSTEM "paula_feat.dtd">
<paula version="1.0">

<header paula_id="Abraham.YA535-40_merge_p"/>

<featList xmlns:xlink="http://www.w3.org/1999/xlink" type="p" xml:base="Abraham.YA535-40_merge.pSeg.xml">
<feat xlink:href="#p_1" value="p"/><!-- ⲧ︤ⲙ︥ -->
<feat xlink:href="#p_86" value="p"/><!-- Ⲉ -->
<feat xlink:href="#p_481" value="p"/><!-- ⲉⲧⲃⲉ -->
<feat xlink:href="#p_570" value="p"/><!-- ⲉⲧⲃⲉ -->
<feat xlink:href="#p_904" value="p"/><!-- ⲉⲧⲃⲉ -->
<feat xlink:href="#p_1031" value="p"/><!-- Ⲉⲧⲃⲉ -->
<feat xlink:href="#p_1126" value="p"/><!-- Ⲛ̄ -->
</featList>
</paula>
