<?xml version='1.0' encoding='UTF-8'?><!DOCTYPE paula SYSTEM "paula_feat.dtd">
<paula version="1.1">
	<header paula_id="scriptorium.life.pisentius.02.mark_verse_n"/>
	<featList xmlns:xlink="http://www.w3.org/1999/xlink" type="verse_n" xml:base="scriptorium.life.pisentius.02.mark.xml">
		<feat xlink:href="#sSpan7" value="1"/>
		<feat xlink:href="#sSpan47" value="2"/>
		<feat xlink:href="#sSpan103" value="3"/>
		<feat xlink:href="#sSpan212" value="4"/>
		<feat xlink:href="#sSpan373" value="5"/>
		<feat xlink:href="#sSpan592" value="6"/>
		<feat xlink:href="#sSpan695" value="7"/>
		<feat xlink:href="#sSpan820" value="8"/>
		<feat xlink:href="#sSpan959" value="9"/>
		<feat xlink:href="#sSpan1010" value="1"/>
		<feat xlink:href="#sSpan1161" value="2"/>
		<feat xlink:href="#sSpan1442" value="3"/>
		<feat xlink:href="#sSpan1675" value="4"/>
		<feat xlink:href="#sSpan1750" value="5"/>
		<feat xlink:href="#sSpan1853" value="1"/>
		<feat xlink:href="#sSpan1934" value="2"/>
		<feat xlink:href="#sSpan2027" value="3"/>
		<feat xlink:href="#sSpan2160" value="4"/>
		<feat xlink:href="#sSpan2294" value="5"/>
		<feat xlink:href="#sSpan2371" value="6"/>
		<feat xlink:href="#sSpan2447" value="1"/>
		<feat xlink:href="#sSpan2534" value="2"/>
		<feat xlink:href="#sSpan2589" value="3"/>
		<feat xlink:href="#sSpan2630" value="4"/>
		<feat xlink:href="#sSpan2687" value="5"/>
		<feat xlink:href="#sSpan2771" value="6"/>
		<feat xlink:href="#sSpan2857" value="7"/>
		<feat xlink:href="#sSpan2964" value="8"/>
		<feat xlink:href="#sSpan3101" value="9"/>
		<feat xlink:href="#sSpan3242" value="10"/>
		<feat xlink:href="#sSpan3358" value="11"/>
		<feat xlink:href="#sSpan3490" value="12"/>
		<feat xlink:href="#sSpan3650" value="13"/>
		<feat xlink:href="#sSpan3725" value="1"/>
		<feat xlink:href="#sSpan3792" value="2"/>
		<feat xlink:href="#sSpan3920" value="3"/>
		<feat xlink:href="#sSpan3971" value="4"/>
		<feat xlink:href="#sSpan4013" value="5"/>
		<feat xlink:href="#sSpan4125" value="6"/>
		<feat xlink:href="#sSpan4214" value="7"/>
		<feat xlink:href="#sSpan4302" value="8"/>
		<feat xlink:href="#sSpan4408" value="9"/>
		<feat xlink:href="#sSpan4587" value="10"/>
		<feat xlink:href="#sSpan4777" value="1"/>
		<feat xlink:href="#sSpan5014" value="2"/>
		<feat xlink:href="#sSpan5073" value="3"/>
		<feat xlink:href="#sSpan5235" value="4"/>
		<feat xlink:href="#sSpan5314" value="5"/>
		<feat xlink:href="#sSpan5387" value="6"/>
		<feat xlink:href="#sSpan5528" value="7"/>
		<feat xlink:href="#sSpan5805" value="8"/>
		<feat xlink:href="#sSpan5839" value="9"/>
		<feat xlink:href="#sSpan6096" value="1"/>
		<feat xlink:href="#sSpan6202" value="2"/>
		<feat xlink:href="#sSpan6270" value="3"/>
		<feat xlink:href="#sSpan6393" value="4"/>
		<feat xlink:href="#sSpan6506" value="5"/>
		<feat xlink:href="#sSpan6555" value="6"/>
		<feat xlink:href="#sSpan6661" value="7"/>
		<feat xlink:href="#sSpan6708" value="8"/>
		<feat xlink:href="#sSpan6803" value="9"/>
		<feat xlink:href="#sSpan6893" value="10"/>
		<feat xlink:href="#sSpan6984" value="11"/>
		<feat xlink:href="#sSpan7088" value="12"/>
		<feat xlink:href="#sSpan7149" value="13"/>
		<feat xlink:href="#sSpan7292" value="14"/>
		<feat xlink:href="#sSpan7419" value="15"/>
		<feat xlink:href="#sSpan7557" value="16"/>
		<feat xlink:href="#sSpan7680" value="17"/>
		<feat xlink:href="#sSpan7803" value="18"/>
		<feat xlink:href="#sSpan7854" value="19"/>
		<feat xlink:href="#sSpan7917" value="20"/>
		<feat xlink:href="#sSpan8048" value="1"/>
		<feat xlink:href="#sSpan8154" value="2"/>
		<feat xlink:href="#sSpan8279" value="3"/>
		<feat xlink:href="#sSpan8309" value="4"/>
		<feat xlink:href="#sSpan8560" value="5"/>
		<feat xlink:href="#sSpan8635" value="6"/>
		<feat xlink:href="#sSpan8722" value="7"/>
		<feat xlink:href="#sSpan8834" value="8"/>
		<feat xlink:href="#sSpan8937" value="9"/>
		<feat xlink:href="#sSpan9073" value="10"/>
		<feat xlink:href="#sSpan9179" value="1"/>
		<feat xlink:href="#sSpan9381" value="2"/>
		<feat xlink:href="#sSpan9462" value="3"/>
		<feat xlink:href="#sSpan9634" value="4"/>
		<feat xlink:href="#sSpan9721" value="5"/>
		<feat xlink:href="#sSpan9798" value="6"/>
		<feat xlink:href="#sSpan9898" value="7"/>
		<feat xlink:href="#sSpan10053" value="1"/>
		<feat xlink:href="#sSpan10109" value="2"/>
		<feat xlink:href="#sSpan10241" value="3"/>
		<feat xlink:href="#sSpan10394" value="4"/>
		<feat xlink:href="#sSpan10456" value="5"/>
		<feat xlink:href="#sSpan10515" value="6"/>
		<feat xlink:href="#sSpan10588" value="7"/>
		<feat xlink:href="#sSpan10664" value="8"/>
		<feat xlink:href="#sSpan10716" value="9"/>
		<feat xlink:href="#sSpan10760" value="10"/>
		<feat xlink:href="#sSpan10839" value="11"/>
		<feat xlink:href="#sSpan10933" value="12"/>
		<feat xlink:href="#sSpan11049" value="13"/>
		<feat xlink:href="#sSpan11173" value="1"/>
		<feat xlink:href="#sSpan11268" value="2"/>
		<feat xlink:href="#sSpan11364" value="3"/>
		<feat xlink:href="#sSpan11447" value="4"/>
		<feat xlink:href="#sSpan11556" value="5"/>
		<feat xlink:href="#sSpan11592" value="1"/>
		<feat xlink:href="#sSpan11627" value="2"/>
		<feat xlink:href="#sSpan11705" value="3"/>
		<feat xlink:href="#sSpan11740" value="4"/>
		<feat xlink:href="#sSpan11832" value="5"/>
		<feat xlink:href="#sSpan11929" value="6"/>
		<feat xlink:href="#sSpan12054" value="7"/>
		<feat xlink:href="#sSpan12142" value="8"/>
		<feat xlink:href="#sSpan12277" value="9"/>
		<feat xlink:href="#sSpan12394" value="1"/>
		<feat xlink:href="#sSpan12462" value="2"/>
		<feat xlink:href="#sSpan12551" value="3"/>
		<feat xlink:href="#sSpan12657" value="4"/>
		<feat xlink:href="#sSpan12782" value="5"/>
		<feat xlink:href="#sSpan12907" value="6"/>
		<feat xlink:href="#sSpan13015" value="7"/>
		<feat xlink:href="#sSpan13103" value="8"/>
		<feat xlink:href="#sSpan13193" value="9"/>
		<feat xlink:href="#sSpan13260" value="10"/>
		<feat xlink:href="#sSpan13318" value="11"/>
		<feat xlink:href="#sSpan13383" value="12"/>
		<feat xlink:href="#sSpan13443" value="13"/>
		<feat xlink:href="#sSpan13571" value="14"/>
		<feat xlink:href="#sSpan13666" value="15"/>
		<feat xlink:href="#sSpan13769" value="16"/>
		<feat xlink:href="#sSpan13840" value="17"/>
		<feat xlink:href="#sSpan13966" value="18"/>
		<feat xlink:href="#sSpan14060" value="19"/>
		<feat xlink:href="#sSpan14152" value="20"/>
		<feat xlink:href="#sSpan14270" value="1"/>
		<feat xlink:href="#sSpan14330" value="2"/>
		<feat xlink:href="#sSpan14462" value="3"/>
		<feat xlink:href="#sSpan14580" value="4"/>
		<feat xlink:href="#sSpan14648" value="5"/>
		<feat xlink:href="#sSpan14700" value="6"/>
		<feat xlink:href="#sSpan14754" value="7"/>
		<feat xlink:href="#sSpan14821" value="8"/>
		<feat xlink:href="#sSpan14916" value="9"/>
		<feat xlink:href="#sSpan14974" value="10"/>
		<feat xlink:href="#sSpan15049" value="11"/>
		<feat xlink:href="#sSpan15150" value="1"/>
		<feat xlink:href="#sSpan15205" value="1"/>
		<feat xlink:href="#sSpan15274" value="2"/>
		<feat xlink:href="#sSpan15384" value="3"/>
		<feat xlink:href="#sSpan15486" value="4"/>
		<feat xlink:href="#sSpan15588" value="5"/>
		<feat xlink:href="#sSpan15697" value="1"/>
		<feat xlink:href="#sSpan15792" value="2"/>
		<feat xlink:href="#sSpan15872" value="3"/>
		<feat xlink:href="#sSpan15960" value="4"/>
		<feat xlink:href="#sSpan16035" value="5"/>
		<feat xlink:href="#sSpan16108" value="6"/>
		<feat xlink:href="#sSpan16212" value="7"/>
		<feat xlink:href="#sSpan16283" value="1"/>
		<feat xlink:href="#sSpan16461" value="2"/>
		<feat xlink:href="#sSpan16527" value="3"/>
		<feat xlink:href="#sSpan16616" value="4"/>
		<feat xlink:href="#sSpan16679" value="5"/>
		<feat xlink:href="#sSpan16756" value="6"/>
		<feat xlink:href="#sSpan16832" value="7"/>
		<feat xlink:href="#sSpan16927" value="1"/>
		<feat xlink:href="#sSpan16993" value="2"/>
		<feat xlink:href="#sSpan17084" value="3"/>
		<feat xlink:href="#sSpan17155" value="4"/>
		<feat xlink:href="#sSpan17234" value="5"/>
		<feat xlink:href="#sSpan17355" value="6"/>
		<feat xlink:href="#sSpan17482" value="7"/>
		<feat xlink:href="#sSpan17519" value="8"/>
		<feat xlink:href="#sSpan17688" value="9"/>
		<feat xlink:href="#sSpan17795" value="10"/>
		<feat xlink:href="#sSpan17847" value="1"/>
		<feat xlink:href="#sSpan17894" value="2"/>
		<feat xlink:href="#sSpan18095" value="3"/>
		<feat xlink:href="#sSpan18409" value="4"/>
		<feat xlink:href="#sSpan18525" value="5"/>
		<feat xlink:href="#sSpan18605" value="6"/>
		<feat xlink:href="#sSpan18706" value="7"/>
		<feat xlink:href="#sSpan18784" value="1"/>
		<feat xlink:href="#sSpan18902" value="2"/>
		<feat xlink:href="#sSpan19051" value="3"/>
		<feat xlink:href="#sSpan19191" value="4"/>
		<feat xlink:href="#sSpan19301" value="5"/>
		<feat xlink:href="#sSpan19359" value="6"/>
		<feat xlink:href="#sSpan19396" value="1"/>
		<feat xlink:href="#sSpan19452" value="2"/>
		<feat xlink:href="#sSpan19550" value="3"/>
		<feat xlink:href="#sSpan19732" value="4"/>
		<feat xlink:href="#sSpan19773" value="5"/>
		<feat xlink:href="#sSpan19890" value="1"/>
		<feat xlink:href="#sSpan19979" value="2"/>
		<feat xlink:href="#sSpan20081" value="3"/>
		<feat xlink:href="#sSpan20173" value="4"/>
		<feat xlink:href="#sSpan20288" value="5"/>
		<feat xlink:href="#sSpan20419" value="6"/>
		<feat xlink:href="#sSpan20467" value="7"/>
		<feat xlink:href="#sSpan20643" value="8"/>
		<feat xlink:href="#sSpan20758" value="9"/>
		<feat xlink:href="#sSpan20873" value="10"/>
		<feat xlink:href="#sSpan20966" value="11"/>
		<feat xlink:href="#sSpan21044" value="12"/>
		<feat xlink:href="#sSpan21124" value="13"/>
		<feat xlink:href="#sSpan21239" value="14"/>
		<feat xlink:href="#sSpan21348" value="15"/>
		<feat xlink:href="#sSpan21402" value="16"/>
		<feat xlink:href="#sSpan21469" value="17"/>
		<feat xlink:href="#sSpan21668" value="1"/>
		<feat xlink:href="#sSpan21823" value="2"/>
		<feat xlink:href="#sSpan21873" value="3"/>
		<feat xlink:href="#sSpan21921" value="4"/>
		<feat xlink:href="#sSpan22059" value="5"/>
		<feat xlink:href="#sSpan22103" value="6"/>
		<feat xlink:href="#sSpan22143" value="7"/>
		<feat xlink:href="#sSpan22252" value="8"/>
		<feat xlink:href="#sSpan22331" value="9"/>
		<feat xlink:href="#sSpan22394" value="1"/>
		<feat xlink:href="#sSpan22468" value="2"/>
		<feat xlink:href="#sSpan22509" value="3"/>
		<feat xlink:href="#sSpan22624" value="4"/>
		<feat xlink:href="#sSpan22700" value="5"/>
		<feat xlink:href="#sSpan22872" value="6"/>
		<feat xlink:href="#sSpan22928" value="7"/>
		<feat xlink:href="#sSpan23039" value="8"/>
		<feat xlink:href="#sSpan23140" value="1"/>
		<feat xlink:href="#sSpan23240" value="2"/>
		<feat xlink:href="#sSpan23353" value="3"/>
		<feat xlink:href="#sSpan23449" value="4"/>
		<feat xlink:href="#sSpan23503" value="5"/>
		<feat xlink:href="#sSpan23642" value="6"/>
		<feat xlink:href="#sSpan23678" value="7"/>
		<feat xlink:href="#sSpan23765" value="8"/>
		<feat xlink:href="#sSpan23840" value="9"/>
		<feat xlink:href="#sSpan23926" value="1"/>
		<feat xlink:href="#sSpan23977" value="2"/></featList></paula>