<?xml version='1.0' encoding='UTF-8'?><!DOCTYPE paula SYSTEM "paula_feat.dtd">
<paula version="1.1">
	<header paula_id="scriptorium.cross_michbr291-294.mark_lemma"/>
	<featList xmlns:xlink="http://www.w3.org/1999/xlink" type="lemma" xml:base="scriptorium.cross_michbr291-294.mark.xml">
		<feat xlink:href="#sSpan1" value="ⲕⲉ"/>
		<feat xlink:href="#sSpan14" value="ⲥⲟⲛ"/>
		<feat xlink:href="#sSpan16" value="."/>
		<feat xlink:href="#sSpan20" value="ⲡⲁⲓ"/>
		<feat xlink:href="#sSpan27" value="ⲉⲧⲉⲣⲉ"/>
		<feat xlink:href="#sSpan32" value="ⲁ"/>
		<feat xlink:href="#sSpan34" value="ⲡ"/>
		<feat xlink:href="#sSpan36" value="ⲕⲁϩ"/>
		<feat xlink:href="#sSpan38" value="ⲟⲩⲱⲛ"/>
		<feat xlink:href="#sSpan42" value="ⲉ"/>
		<feat xlink:href="#sSpan47" value="ⲛⲧⲟϥ"/>
		<feat xlink:href="#sSpan49" value="ⲁ"/>
		<feat xlink:href="#sSpan53" value="ⲛⲧⲟϥ"/>
		<feat xlink:href="#sSpan55" value="ⲱⲙⲕ"/>
		<feat xlink:href="#sSpan57" value="ⲟⲩ"/>
		<feat xlink:href="#sSpan59" value="ⲉⲧⲉⲣⲉ"/>
		<feat xlink:href="#sSpan65" value="ⲧⲁⲑⲁⲛ"/>
		<feat xlink:href="#sSpan67" value="ⲡⲉ"/>
		<feat xlink:href="#sSpan71" value="."/>
		<feat xlink:href="#sSpan75" value="ⲙⲛ"/>
		<feat xlink:href="#sSpan81" value="ⲁⲃⲓⲣⲱⲛ"/>
		<feat xlink:href="#sSpan83" value="."/>
		<feat xlink:href="#sSpan87" value="ⲙⲛ"/>
		<feat xlink:href="#sSpan91" value="ⲡ"/>
		<feat xlink:href="#sSpan94" value="ϣⲏⲣⲉ"/>
		<feat xlink:href="#sSpan96" value="ⲛ"/>
		<feat xlink:href="#sSpan101" value="ⲕⲟⲣⲉ"/>
		<feat xlink:href="#sSpan103" value="."/>
		<feat xlink:href="#sSpan107" value="ⲡⲁⲓ"/>
		<feat xlink:href="#sSpan112" value="ⲉⲧⲉⲣⲉ"/>
		<feat xlink:href="#sSpan116" value="ⲁ"/>
		<feat xlink:href="#sSpan118" value="ⲛⲧⲟⲟⲩ"/>
		<feat xlink:href="#sSpan120" value="ⲧⲱⲟⲩⲛ"/>
		<feat xlink:href="#sSpan122" value="ⲉϫⲛ"/>
		<feat xlink:href="#sSpan128" value="ⲙⲱⲩⲥⲏⲥ"/>
		<feat xlink:href="#sSpan130" value="ϩⲛ"/>
		<feat xlink:href="#sSpan134" value="ⲡ"/>
		<feat xlink:href="#sSpan138" value="ⲉⲣⲏⲙⲟⲥ"/>
		<feat xlink:href="#sSpan140" value="."/>
		<feat xlink:href="#sSpan144" value="ⲙⲁⲣⲉ"/>
		<feat xlink:href="#sSpan154" value="ⲁⲛⲟⲛ"/>
		<feat xlink:href="#sSpan156" value="ⲕⲧⲟ"/>
		<feat xlink:href="#sSpan158" value="ⲛ"/>
		<feat xlink:href="#sSpan160" value="ϭⲉ"/>
		<feat xlink:href="#sSpan164" value="ⲟⲛ"/>
		<feat xlink:href="#sSpan169" value="ⲉϩⲣⲁⲓ"/>
		<feat xlink:href="#sSpan173" value="ⲉϫⲛ"/>
		<feat xlink:href="#sSpan177" value="ⲡ"/>
		<feat xlink:href="#sSpan180" value="ⲙⲉⲅⲉⲑⲟⲥ"/>
		<feat xlink:href="#sSpan183" value="."/>
		<feat xlink:href="#sSpan187" value="ⲛ"/>
		<feat xlink:href="#sSpan191" value="ⲡⲉⲓ"/>
		<feat xlink:href="#sSpan194" value="ⲁϩⲟⲣⲁⲧⲟⲛ"/>
		<feat xlink:href="#sSpan198" value="ⲥⲧⲁⲩⲣⲟⲥ"/>
		<feat xlink:href="#sSpan202" value="ⲛⲧⲉ"/>
		<feat xlink:href="#sSpan206" value="ⲁⲛⲟⲛ"/>
		<feat xlink:href="#sSpan209" value="ϣⲁϫⲉ"/>
		<feat xlink:href="#sSpan211" value="ⲉ"/>
		<feat xlink:href="#sSpan215" value="ⲛⲧⲟϥ"/>
		<feat xlink:href="#sSpan217" value="."/>
		<feat xlink:href="#sSpan222" value="ⲧⲏⲛⲟⲗⲟⲧⲓⲛ"/>
		<feat xlink:href="#sSpan230" value="ⲛⲧⲉ"/>
		<feat xlink:href="#sSpan234" value="ⲁⲛⲟⲛ"/>
		<feat xlink:href="#sSpan237" value="ⲉⲓⲙⲉ"/>
		<feat xlink:href="#sSpan239" value="ⲉ"/>
		<feat xlink:href="#sSpan243" value="ⲡ"/>
		<feat xlink:href="#sSpan246" value="ⲡⲣⲟⲫⲏⲧⲉⲓⲁ"/>
		<feat xlink:href="#sSpan249" value="ⲛ"/>
		<feat xlink:href="#sSpan253" value="ⲡ"/>
		<feat xlink:href="#sSpan256" value="ⲡⲣⲟⲫⲏⲧⲏⲥ"/>
		<feat xlink:href="#sSpan259" value="."/>
		<feat xlink:href="#sSpan263" value="ⲉⲧⲉⲣⲉ"/>
		<feat xlink:href="#sSpan267" value="ⲁ"/>
		<feat xlink:href="#sSpan269" value="ⲛⲧⲟⲟⲩ"/>
		<feat xlink:href="#sSpan271" value="ϫⲟ"/>
		<feat xlink:href="#sSpan273" value="ⲛⲧⲟⲟⲩ"/>
		<feat xlink:href="#sSpan276" value="ⲉ"/>
		<feat xlink:href="#sSpan280" value="ⲛⲧⲟϥ"/>
		<feat xlink:href="#sSpan282" value="ϫⲓⲛ"/>
		<feat xlink:href="#sSpan286" value="ⲡ"/>
		<feat xlink:href="#sSpan289" value="ⲁⲣⲭⲏ"/>
		<feat xlink:href="#sSpan292" value="ϣⲁ"/>
		<feat xlink:href="#sSpan296" value="ⲡ"/>
		<feat xlink:href="#sSpan298" value="ϩⲁⲏ"/>
		<feat xlink:href="#sSpan300" value="."/>
		<feat xlink:href="#sSpan304" value="ⲛⲧⲱⲧⲛ"/>
		<feat xlink:href="#sSpan312" value="ϩⲱⲧ"/>
		<feat xlink:href="#sSpan316" value="ⲛⲧⲱⲧⲛ"/>
		<feat xlink:href="#sSpan319" value="ⲱ"/>
		<feat xlink:href="#sSpan324" value="ⲡ"/>
		<feat xlink:href="#sSpan329" value="ⲁⲕⲣⲱⲁⲧⲏⲥ"/>
		<feat xlink:href="#sSpan331" value="."/>
		<feat xlink:href="#sSpan335" value="ⲟⲩⲱϣⲥ"/>
		<feat xlink:href="#sSpan340" value="ⲉⲃⲟⲗ"/>
		<feat xlink:href="#sSpan344" value="ⲛ"/>
		<feat xlink:href="#sSpan348" value="ⲡⲉⲧⲛ"/>
		<feat xlink:href="#sSpan352" value="ⲁⲓⲥⲑⲏⲧⲏⲣⲓⲟⲛ"/>
		<feat xlink:href="#sSpan354" value="ⲛⲧⲉ"/>
		<feat xlink:href="#sSpan359" value="ⲛⲧⲱⲧⲛ"/>
		<feat xlink:href="#sSpan362" value="ϫⲓⲥⲙⲏ"/>
		<feat xlink:href="#sSpan365" value="ϩⲛ"/>
		<feat xlink:href="#sSpan369" value="ⲟⲩ"/>
		<feat xlink:href="#sSpan373" value="ϩⲏⲥⲩⲭⲓⲁ"/>
		<feat xlink:href="#sSpan375" value="."/>
		<feat xlink:href="#sSpan379" value="ⲁⲩⲉⲓ"/>
		<feat xlink:href="#sSpan386" value="ⲛⲧⲟⲥ"/>
		<feat xlink:href="#sSpan388" value="ⲛ"/>
		<feat xlink:href="#sSpan393" value="ⲁⲛⲟⲛ"/>
		<feat xlink:href="#sSpan395" value="ⲟⲩⲱⲛ"/>
		<feat xlink:href="#sSpan397" value="ⲛ"/>
		<feat xlink:href="#sSpan401" value="ⲡ"/>
		<feat xlink:href="#sSpan403" value="ⲛⲟϭ"/>
		<feat xlink:href="#sSpan406" value="ⲛ"/>
		<feat xlink:href="#sSpan411" value="ⲑⲏⲥⲁⲩⲣⲟⲥ"/>
		<feat xlink:href="#sSpan413" value="ⲉⲧⲉⲣⲉ"/>
		<feat xlink:href="#sSpan418" value="ⲟⲩⲟⲡ"/>
		<feat xlink:href="#sSpan420" value="."/>
		<feat xlink:href="#sSpan424" value="ⲛⲧⲉ"/>
		<feat xlink:href="#sSpan428" value="ⲁⲛⲟⲛ"/>
		<feat xlink:href="#sSpan430" value="ⲉⲓⲛⲉ"/>
		<feat xlink:href="#sSpan433" value="ⲉⲃⲟⲗ"/>
		<feat xlink:href="#sSpan437" value="ⲛ"/>
		<feat xlink:href="#sSpan441" value="ⲡ"/>
		<feat xlink:href="#sSpan444" value="ⲕⲟⲥⲙⲏⲥⲓⲥ"/>
		<feat xlink:href="#sSpan447" value="ⲛ"/>
		<feat xlink:href="#sSpan452" value="ⲡⲛⲉⲩⲙⲁⲧⲓⲕⲟⲛ"/>
		<feat xlink:href="#sSpan454" value="ⲛⲧⲉ"/>
		<feat xlink:href="#sSpan459" value="ⲁⲛⲟⲛ"/>
		<feat xlink:href="#sSpan462" value="ⲕⲟⲥⲙⲉⲓ"/>
		<feat xlink:href="#sSpan464" value="ⲛ"/>
		<feat xlink:href="#sSpan468" value="ⲡ"/>
		<feat xlink:href="#sSpan471" value="ⲯⲩⲭⲏ"/>
		<feat xlink:href="#sSpan474" value="ⲛ"/>
		<feat xlink:href="#sSpan478" value="ⲡⲉ"/>
		<feat xlink:href="#sSpan481" value="ⲙⲁⲓⲗⲟⲅⲟⲥ"/>
		<feat xlink:href="#sSpan487" value="."/>
		<feat xlink:href="#sSpan491" value="ⲙⲟⲩⲧⲉ"/>
		<feat xlink:href="#sSpan499" value="ⲡⲁⲓ"/>
		<feat xlink:href="#sSpan503" value="ⲉ"/>
		<feat xlink:href="#sSpan507" value="ⲡ"/>
		<feat xlink:href="#sSpan510" value="ⲙⲁⲓⲛⲟⲩⲧⲉ"/>
		<feat xlink:href="#sSpan514" value="."/>
		<feat xlink:href="#sSpan518" value="ⲁⲩⲱ"/>
		<feat xlink:href="#sSpan522" value="ⲡ"/>
		<feat xlink:href="#sSpan527" value="ⲙⲁⲓⲗⲟⲅⲟⲥ"/>
		<feat xlink:href="#sSpan532" value="."/>
		<feat xlink:href="#sSpan536" value="ⲁⲩⲱ"/>
		<feat xlink:href="#sSpan540" value="ⲡ"/>
		<feat xlink:href="#sSpan545" value="ⲣⲉϥϣⲱⲡ"/>
		<feat xlink:href="#sSpan549" value="ⲉ"/>
		<feat xlink:href="#sSpan553" value="ⲛⲧⲟϥ"/>
		<feat xlink:href="#sSpan555" value="ⲛ"/>
		<feat xlink:href="#sSpan559" value="ⲡ"/>
		<feat xlink:href="#sSpan562" value="ⲁⲅⲅⲉⲗⲟⲥ"/>
		<feat xlink:href="#sSpan565" value="."/>
		<feat xlink:href="#sSpan569" value="ⲉⲧⲉⲣⲉ"/>
		<feat xlink:href="#sSpan573" value="ⲡⲁⲓ"/>
		<feat xlink:href="#sSpan577" value="ⲡⲉ"/>
		<feat xlink:href="#sSpan583" value="ⲁⲃⲣⲁϩⲁⲙ"/>
		<feat xlink:href="#sSpan587" value="ⲡ"/>
		<feat xlink:href="#sSpan591" value="ϣⲃⲏⲣ"/>
		<feat xlink:href="#sSpan594" value="ⲛ"/>
		<feat xlink:href="#sSpan598" value="ⲡ"/>
		<feat xlink:href="#sSpan600" value="ⲛⲟⲩⲧⲉ"/>
		<feat xlink:href="#sSpan602" value="."/>
		<feat xlink:href="#sSpan606" value="ⲙⲁⲣⲉ"/>
		<feat xlink:href="#sSpan614" value="ⲛⲧⲟϥ"/>
		<feat xlink:href="#sSpan616" value="ⲉⲓ"/>
		<feat xlink:href="#sSpan618" value="ⲛⲧⲉ"/>
		<feat xlink:href="#sSpan622" value="ⲛⲧⲟϥ"/>
		<feat xlink:href="#sSpan624" value="ⲧⲁⲙⲟ"/>
		<feat xlink:href="#sSpan626" value="ⲁⲛⲟⲛ"/>
		<feat xlink:href="#sSpan628" value="ⲉ"/>
		<feat xlink:href="#sSpan633" value="ⲡ"/>
		<feat xlink:href="#sSpan636" value="ⲧⲩⲡⲟⲥ"/>
		<feat xlink:href="#sSpan638" value="ⲛ"/>
		<feat xlink:href="#sSpan642" value="ⲡⲉⲓ"/>
		<feat xlink:href="#sSpan644" value="ϣⲏⲛ"/>
		<feat xlink:href="#sSpan647" value="ϫⲉ"/>
		<feat xlink:href="#sSpan652" value="ⲥⲁⲃⲉⲕ"/>
		<feat xlink:href="#sSpan654" value="ⲉⲣⲉ"/>
		<feat xlink:href="#sSpan659" value="ⲡⲉⲓ"/>
		<feat xlink:href="#sSpan661" value="ⲟⲉⲓⲗⲉ"/>
		<feat xlink:href="#sSpan663" value="ⲙⲟⲩⲣ"/>
		<feat xlink:href="#sSpan667" value="ⲉ"/>
		<feat xlink:href="#sSpan672" value="ⲛⲧⲟϥ"/>
		<feat xlink:href="#sSpan674" value="."/>
		<feat xlink:href="#sSpan678" value="ⲡ"/>
		<feat xlink:href="#sSpan683" value="ϩⲉⲣⲙⲏⲛⲉⲓⲁ"/>
		<feat xlink:href="#sSpan686" value="ⲅⲁⲣ"/>
		<feat xlink:href="#sSpan691" value="ⲡ"/>
		<feat xlink:href="#sSpan696" value="ⲥⲁⲃⲉⲕ"/>
		<feat xlink:href="#sSpan698" value="ⲡⲉ"/>
		<feat xlink:href="#sSpan702" value="ⲡ"/>
		<feat xlink:href="#sSpan706" value="ⲙⲁ"/>
		<feat xlink:href="#sSpan709" value="ⲛ"/>
		<feat xlink:href="#sSpan713" value="ⲙⲧⲟⲛ"/>
		<feat xlink:href="#sSpan715" value="ⲛ"/>
		<feat xlink:href="#sSpan719" value="ⲡ"/>
		<feat xlink:href="#sSpan723" value="ⲣⲉϥⲥⲱⲧⲉ"/>
		<feat xlink:href="#sSpan727" value="."/>
		<feat xlink:href="#sSpan731" value="ⲉⲧⲉⲣⲉ"/>
		<feat xlink:href="#sSpan735" value="ⲡⲁⲓ"/>
		<feat xlink:href="#sSpan737" value="ⲡⲉ"/>
		<feat xlink:href="#sSpan741" value="ⲡ"/>
		<feat xlink:href="#sSpan746" value="ϣⲉ"/>
		<feat xlink:href="#sSpan748" value="ⲛ"/>
		<feat xlink:href="#sSpan752" value="ⲡ"/>
		<feat xlink:href="#sSpan755" value="ⲥⲧⲁⲩⲣⲟⲥ"/>
		<feat xlink:href="#sSpan757" value="."/>
		<feat xlink:href="#sSpan761" value="ⲉⲧⲉⲣⲉ"/>
		<feat xlink:href="#sSpan766" value="ⲁ"/>
		<feat xlink:href="#sSpan768" value="ⲡ"/>
		<feat xlink:href="#sSpan770" value="ϩⲓⲉⲓⲃ"/>
		<feat xlink:href="#sSpan772" value="ⲛ"/>
		<feat xlink:href="#sSpan776" value="ⲡ"/>
		<feat xlink:href="#sSpan778" value="ⲛⲟⲩⲧⲉ"/>
		<feat xlink:href="#sSpan781" value="ⲁⲗⲉ"/>
		<feat xlink:href="#sSpan785" value="ⲉϩⲣⲁⲓ"/>
		<feat xlink:href="#sSpan789" value="ⲉϫⲛ"/>
		<feat xlink:href="#sSpan793" value="ⲛⲧⲟϥ"/>
		<feat xlink:href="#sSpan795" value="ϩⲛ"/>
		<feat xlink:href="#sSpan800" value="ⲟⲩ"/>
		<feat xlink:href="#sSpan802" value="ⲛⲟϭ"/>
		<feat xlink:href="#sSpan804" value="ⲛ"/>
		<feat xlink:href="#sSpan809" value="ⲙⲛⲧⲗⲁⲙⲡⲣⲟⲥ"/>
		<feat xlink:href="#sSpan814" value="."/>
		<feat xlink:href="#sSpan818" value="ⲉⲣⲉ"/>
		<feat xlink:href="#sSpan822" value="ⲧⲣⲉ"/>
		<feat xlink:href="#sSpan824" value="ⲛⲧⲟϥ"/>
		<feat xlink:href="#sSpan826" value="ϫⲱⲕ"/>
		<feat xlink:href="#sSpan829" value="ⲉⲃⲟⲗ"/>
		<feat xlink:href="#sSpan833" value="ⲛ"/>
		<feat xlink:href="#sSpan837" value="ⲡ"/>
		<feat xlink:href="#sSpan840" value="ⲟⲓⲕⲟⲛⲟⲙⲓⲁ"/>
		<feat xlink:href="#sSpan843" value="ⲉⲧⲉⲣⲉ"/>
		<feat xlink:href="#sSpan847" value="ⲙⲟⲩϩ"/>
		<feat xlink:href="#sSpan849" value="ⲛ"/>
		<feat xlink:href="#sSpan854" value="ⲟⲩϫⲁⲓ"/>
		<feat xlink:href="#sSpan856" value="."/>
		<feat xlink:href="#sSpan860" value="ⲉⲣⲉ"/>
		<feat xlink:href="#sSpan867" value="ⲁ"/>
		<feat xlink:href="#sSpan869" value="ⲛⲧⲟϥ"/>
		<feat xlink:href="#sSpan871" value="ⲙⲧⲟⲛ"/>
		<feat xlink:href="#sSpan874" value="ⲛ"/>
		<feat xlink:href="#sSpan878" value="ⲛⲧⲟϥ"/>
		<feat xlink:href="#sSpan880" value="ⲉϩⲣⲁⲓ"/>
		<feat xlink:href="#sSpan884" value="ⲉϫⲛ"/>
		<feat xlink:href="#sSpan889" value="ⲛⲧⲟϥ"/>
		<feat xlink:href="#sSpan891" value="ⲛ"/>
		<feat xlink:href="#sSpan895" value="ⲡ"/>
		<feat xlink:href="#sSpan897" value="ϩⲉ"/>
		<feat xlink:href="#sSpan899" value="ⲛ"/>
		<feat xlink:href="#sSpan903" value="ⲟⲩ"/>
		<feat xlink:href="#sSpan905" value="ⲣⲱⲙⲉ"/>
		<feat xlink:href="#sSpan908" value="."/>
		<feat xlink:href="#sSpan912" value="ⲉⲣⲉ"/>
		<feat xlink:href="#sSpan916" value="ⲁ"/>
		<feat xlink:href="#sSpan918" value="ⲛⲧⲟϥ"/>
		<feat xlink:href="#sSpan920" value="ⲉⲓ"/>
		<feat xlink:href="#sSpan922" value="ⲉϩⲣⲁⲓ"/>
		<feat xlink:href="#sSpan926" value="ϩⲛ"/>
		<feat xlink:href="#sSpan930" value="ⲡⲉϥ"/>
		<feat xlink:href="#sSpan933" value="ⲥⲱϣⲉ"/>
		<feat xlink:href="#sSpan935" value="."/>
		<feat xlink:href="#sSpan939" value="ⲉⲣⲉ"/>
		<feat xlink:href="#sSpan943" value="ⲛⲧⲟϥ"/>
		<feat xlink:href="#sSpan946" value="ⲣϩⲱⲃ"/>
		<feat xlink:href="#sSpan949" value="ⲛⲧⲉ"/>
		<feat xlink:href="#sSpan954" value="ⲛⲧⲟϥ"/>
		<feat xlink:href="#sSpan956" value="ⲛⲁϫ"/>
		<feat xlink:href="#sSpan958" value="ⲛⲧⲟϥ"/>
		<feat xlink:href="#sSpan960" value="ϩⲓϫⲛ"/>
		<feat xlink:href="#sSpan964" value="ⲡⲉϥ"/>
		<feat xlink:href="#sSpan967" value="ⲙⲁ"/>
		<feat xlink:href="#sSpan969" value="ⲛ"/>
		<feat xlink:href="#sSpan973" value="ⲛⲕⲟⲧⲕ"/>
		<feat xlink:href="#sSpan975" value="ⲛⲧⲉ"/>
		<feat xlink:href="#sSpan980" value="ⲛⲧⲟϥ"/>
		<feat xlink:href="#sSpan982" value="ⲙⲧⲟⲛ"/>
		<feat xlink:href="#sSpan984" value="ⲛ"/>
		<feat xlink:href="#sSpan988" value="ⲛⲧⲟϥ"/>
		<feat xlink:href="#sSpan990" value="ϩⲛ"/>
		<feat xlink:href="#sSpan995" value="ⲡⲉϥ"/>
		<feat xlink:href="#sSpan997" value="ϩⲓⲥⲉ"/>
		<feat xlink:href="#sSpan999" value="."/>
		<feat xlink:href="#sSpan1003" value="ⲡⲁⲓ"/>
		<feat xlink:href="#sSpan1010" value="ⲡⲉ"/>
		<feat xlink:href="#sSpan1015" value="ⲡ"/>
		<feat xlink:href="#sSpan1019" value="ϩⲉ"/>
		<feat xlink:href="#sSpan1021" value="ⲛ"/>
		<feat xlink:href="#sSpan1025" value="ⲡⲁ"/>
		<feat xlink:href="#sSpan1027" value="ⲡ"/>
		<feat xlink:href="#sSpan1030" value="ⲥⲱⲧⲏⲣ"/>
		<feat xlink:href="#sSpan1032" value="ⲉⲓⲣⲉ"/>
		<feat xlink:href="#sSpan1037" value="ⲛⲧⲟⲥ"/>
		<feat xlink:href="#sSpan1039" value="."/>
		<feat xlink:href="#sSpan1043" value="ⲉⲧⲉⲣⲉ"/>
		<feat xlink:href="#sSpan1047" value="ⲁ"/>
		<feat xlink:href="#sSpan1049" value="ⲛⲧⲟϥ"/>
		<feat xlink:href="#sSpan1051" value="ⲙⲧⲟⲛ"/>
		<feat xlink:href="#sSpan1053" value="."/>
		<feat xlink:href="#sSpan1057" value="ⲛ"/>
		<feat xlink:href="#sSpan1065" value="ⲛⲧⲟϥ"/>
		<feat xlink:href="#sSpan1067" value="ϩⲓϫⲛ"/>
		<feat xlink:href="#sSpan1071" value="ⲡⲉϥ"/>
		<feat xlink:href="#sSpan1074" value="ⲙⲁⲛⲕⲟⲧⲕ"/>
		<feat xlink:href="#sSpan1078" value="ⲉⲧⲉⲣⲉ"/>
		<feat xlink:href="#sSpan1082" value="ⲡ"/>
		<feat xlink:href="#sSpan1086" value="ⲥⲧⲁⲩⲣⲟⲥ"/>
		<feat xlink:href="#sSpan1088" value="ⲛ"/>
		<feat xlink:href="#sSpan1092" value="ⲙⲉ"/>
		<feat xlink:href="#sSpan1094" value="ⲡⲉ"/>
		<feat xlink:href="#sSpan1098" value="."/>
		<feat xlink:href="#sSpan1102" value="ⲁ"/>
		<feat xlink:href="#sSpan1110" value="ⲛⲧⲟϥ"/>
		<feat xlink:href="#sSpan1113" value="ϣⲡϩⲓⲥⲉ"/>
		<feat xlink:href="#sSpan1116" value="ϩⲛ"/>
		<feat xlink:href="#sSpan1120" value="ⲛⲧⲟϥ"/>
		<feat xlink:href="#sSpan1122" value="ϣⲁⲛⲧⲉ"/>
		<feat xlink:href="#sSpan1127" value="ⲛⲧⲟϥ"/>
		<feat xlink:href="#sSpan1129" value="ⲧⲟⲩϫⲟ"/>
		<feat xlink:href="#sSpan1131" value="ⲛ"/>
		<feat xlink:href="#sSpan1136" value="ⲡ"/>
		<feat xlink:href="#sSpan1139" value="ⲙⲛⲧⲣⲱⲙⲉ"/>
		<feat xlink:href="#sSpan1142" value="ⲧⲏⲣ"/>
		<feat xlink:href="#sSpan1147" value="ⲛⲧⲟⲥ"/>
		<feat xlink:href="#sSpan1149" value="."/>
		<feat xlink:href="#sSpan1153" value="ⲛⲧⲉ"/>
		<feat xlink:href="#sSpan1162" value="ⲛⲧⲟϥ"/>
		<feat xlink:href="#sSpan1164" value="ⲥⲁϣⲙ"/>
		<feat xlink:href="#sSpan1166" value="ⲁⲛ"/>
		<feat xlink:href="#sSpan1171" value="ⲟⲩⲇⲉ"/>
		<feat xlink:href="#sSpan1176" value="ⲛⲧⲉ"/>
		<feat xlink:href="#sSpan1180" value="ⲛⲧⲟϥ"/>
		<feat xlink:href="#sSpan1182" value="ϣⲧⲟⲣⲧⲣ"/>
		<feat xlink:href="#sSpan1184" value="ⲁⲛ"/>
		<feat xlink:href="#sSpan1189" value="."/>
		<feat xlink:href="#sSpan1194" value="ⲟⲩⲇⲉ"/>
		<feat xlink:href="#sSpan1198" value="ⲛⲧⲉ"/>
		<feat xlink:href="#sSpan1202" value="ⲛⲧⲟϥ"/>
		<feat xlink:href="#sSpan1204" value="ϭⲱⲛⲧ"/>
		<feat xlink:href="#sSpan1206" value="ⲁⲛ"/>
		<feat xlink:href="#sSpan1211" value="ⲉⲣⲉ"/>
		<feat xlink:href="#sSpan1215" value="ⲛⲧⲟⲟⲩ"/>
		<feat xlink:href="#sSpan1218" value="ϯⲉⲓⲃⲧ"/>
		<feat xlink:href="#sSpan1221" value="ⲛⲁ"/>
		<feat xlink:href="#sSpan1225" value="ⲛⲧⲟϥ"/>
		<feat xlink:href="#sSpan1227" value="."/>
		<feat xlink:href="#sSpan1232" value="ⲟⲩⲇⲉ"/>
		<feat xlink:href="#sSpan1237" value="ⲛⲧⲉ"/>
		<feat xlink:href="#sSpan1241" value="ⲛⲧⲟϥ"/>
		<feat xlink:href="#sSpan1244" value="ⲁⲕⲁⲛⲁⲕⲧⲉⲓ"/>
		<feat xlink:href="#sSpan1247" value="ⲁⲛ"/>
		<feat xlink:href="#sSpan1251" value="."/>
		<feat xlink:href="#sSpan1255" value="ⲉⲣⲉ"/>
		<feat xlink:href="#sSpan1259" value="ⲛⲧⲟⲟⲩ"/>
		<feat xlink:href="#sSpan1262" value="ϯⲕⲗⲟⲙ"/>
		<feat xlink:href="#sSpan1265" value="ⲛ"/>
		<feat xlink:href="#sSpan1270" value="ϣⲟⲛⲧⲉ"/>
		<feat xlink:href="#sSpan1272" value="ⲉϫⲛ"/>
		<feat xlink:href="#sSpan1276" value="ⲛⲧⲟϥ"/>
		<feat xlink:href="#sSpan1278" value="."/>
		<feat xlink:href="#sSpan1283" value="ⲟⲩⲇⲉ"/>
		<feat xlink:href="#sSpan1291" value="ⲛⲧⲉ"/>
		<feat xlink:href="#sSpan1295" value="ⲛⲧⲟϥ"/>
		<feat xlink:href="#sSpan1297" value="ⲥⲁϩⲟⲩ"/>
		<feat xlink:href="#sSpan1299" value="ⲁⲛ"/>
		<feat xlink:href="#sSpan1303" value="ⲉⲣⲉ"/>
		<feat xlink:href="#sSpan1307" value="ⲛⲧⲟⲟⲩ"/>
		<feat xlink:href="#sSpan1309" value="ϩⲓⲟⲩⲉ"/>
		<feat xlink:href="#sSpan1312" value="ⲉϩⲟⲩⲛ"/>
		<feat xlink:href="#sSpan1316" value="ϩⲛ"/>
		<feat xlink:href="#sSpan1320" value="ⲡⲉϥ"/>
		<feat xlink:href="#sSpan1323" value="ϩⲟ"/>
		<feat xlink:href="#sSpan1325" value="."/>
		<feat xlink:href="#sSpan1330" value="ⲟⲩⲇⲉ"/>
		<feat xlink:href="#sSpan1334" value="ⲛ"/>
		<feat xlink:href="#sSpan1338" value="ⲛⲧⲟϥ"/>
		<feat xlink:href="#sSpan1341" value="ⲛⲕⲁⲕⲉⲓ"/>
		<feat xlink:href="#sSpan1346" value="ⲁⲛ"/>
		<feat xlink:href="#sSpan1350" value="ⲉⲣⲉ"/>
		<feat xlink:href="#sSpan1354" value="ⲛⲧⲟⲟⲩ"/>
		<feat xlink:href="#sSpan1356" value="ⲧⲥⲁ"/>
		<feat xlink:href="#sSpan1358" value="ⲛ"/>
		<feat xlink:href="#sSpan1363" value="ⲛⲧⲟϥ"/>
		<feat xlink:href="#sSpan1365" value="ⲛ"/>
		<feat xlink:href="#sSpan1369" value="ⲟⲩ"/>
		<feat xlink:href="#sSpan1371" value="ϩⲙϫ"/>
		<feat xlink:href="#sSpan1373" value="ⲉⲣⲉ"/>
		<feat xlink:href="#sSpan1377" value="ⲛⲧⲟϥ"/>
		<feat xlink:href="#sSpan1379" value="ⲧⲱϩ"/>
		<feat xlink:href="#sSpan1381" value="ϩⲓ"/>
		<feat xlink:href="#sSpan1386" value="ⲥⲓϣⲉ"/>
		<feat xlink:href="#sSpan1388" value="."/>
		<feat xlink:href="#sSpan1392" value="ⲛⲧⲉ"/>
		<feat xlink:href="#sSpan1399" value="ⲛⲧⲟϥ"/>
		<feat xlink:href="#sSpan1401" value="ⲙⲓϣⲉ"/>
		<feat xlink:href="#sSpan1404" value="ⲅⲁⲣ"/>
		<feat xlink:href="#sSpan1409" value="ⲁⲛ"/>
		<feat xlink:href="#sSpan1413" value="ⲙⲛ"/>
		<feat xlink:href="#sSpan1417" value="ⲡ"/>
		<feat xlink:href="#sSpan1419" value="ⲉⲧⲉⲣⲉ"/>
		<feat xlink:href="#sSpan1421" value="ⲛⲟϭⲛⲉϭ"/>
		<feat xlink:href="#sSpan1424" value="ⲛ"/>
		<feat xlink:href="#sSpan1428" value="ⲛⲧⲟϥ"/>
		<feat xlink:href="#sSpan1430" value="."/>
		<feat xlink:href="#sSpan1435" value="ⲟⲩⲇⲉ"/>
		<feat xlink:href="#sSpan1439" value="ⲛⲧⲉ"/>
		<feat xlink:href="#sSpan1444" value="ⲛⲧⲟϥ"/>
		<feat xlink:href="#sSpan1446" value="ϭⲱⲛⲧ"/>
		<feat xlink:href="#sSpan1448" value="ⲁⲛ"/>
		<feat xlink:href="#sSpan1452" value="ⲉⲣⲉ"/>
		<feat xlink:href="#sSpan1456" value="ⲛⲧⲟⲟⲩ"/>
		<feat xlink:href="#sSpan1458" value="ⲡⲱϣ"/>
		<feat xlink:href="#sSpan1460" value="ⲛ"/>
		<feat xlink:href="#sSpan1465" value="ⲡⲉϥ"/>
		<feat xlink:href="#sSpan1467" value="ϩⲟⲓⲧⲉ"/>
		<feat xlink:href="#sSpan1469" value="ⲉϫⲛ"/>
		<feat xlink:href="#sSpan1473" value="ⲛⲧⲟⲟⲩ"/>
		<feat xlink:href="#sSpan1475" value="ⲉⲣⲉ"/>
		<feat xlink:href="#sSpan1480" value="ⲛⲧⲟⲟⲩ"/>
		<feat xlink:href="#sSpan1483" value="ⲛⲉϫⲕⲗⲏⲣⲟⲥ"/>
		<feat xlink:href="#sSpan1487" value="ⲉ"/>
		<feat xlink:href="#sSpan1492" value="ⲛⲧⲟⲟⲩ"/>
		<feat xlink:href="#sSpan1494" value="."/>
		<feat xlink:href="#sSpan1498" value="ⲛⲧⲟⲕ"/>
		<feat xlink:href="#sSpan1505" value="ⲟⲩⲱϣ"/>
		<feat xlink:href="#sSpan1507" value="ⲉ"/>
		<feat xlink:href="#sSpan1511" value="ⲉⲓⲙⲉ"/>
		<feat xlink:href="#sSpan1514" value="ϫⲉ"/>
		<feat xlink:href="#sSpan1518" value="ⲡ"/>
		<feat xlink:href="#sSpan1520" value="ⲙⲉ"/>
		<feat xlink:href="#sSpan1522" value="ⲡⲉ"/>
		<feat xlink:href="#sSpan1526" value="ⲁⲛⲟⲕ"/>
		<feat xlink:href="#sSpan1530" value="ϫⲱ"/>
		<feat xlink:href="#sSpan1533" value="ⲛ"/>
		<feat xlink:href="#sSpan1537" value="ⲛⲧⲟⲥ"/>
		<feat xlink:href="#sSpan1539" value="ⲥⲱⲧⲙ"/>
		<feat xlink:href="#sSpan1543" value="ⲛⲧⲉ"/>
		<feat xlink:href="#sSpan1548" value="ⲧⲁ"/>
		<feat xlink:href="#sSpan1550" value="ⲧⲁⲙⲟ"/>
		<feat xlink:href="#sSpan1552" value="ⲛⲧⲟⲕ"/>
		<feat xlink:href="#sSpan1554" value="."/>
		<feat xlink:href="#sSpan1558" value="ⲛ"/>
		<feat xlink:href="#sSpan1565" value="ⲡ"/>
		<feat xlink:href="#sSpan1567" value="ⲛⲁⲩ"/>
		<feat xlink:href="#sSpan1570" value="ⲅⲁⲣ"/>
		<feat xlink:href="#sSpan1574" value="ⲉⲧⲉⲣⲉ"/>
		<feat xlink:href="#sSpan1578" value="ⲛⲧⲟⲟⲩ"/>
		<feat xlink:href="#sSpan1580" value="ⲉⲓⲣⲉ"/>
		<feat xlink:href="#sSpan1583" value="ⲛ"/>
		<feat xlink:href="#sSpan1587" value="ⲡⲁⲓ"/>
		<feat xlink:href="#sSpan1589" value="ⲧⲏⲣ"/>
		<feat xlink:href="#sSpan1593" value="ⲛⲧⲟⲟⲩ"/>
		<feat xlink:href="#sSpan1595" value="ⲛⲁ"/>
		<feat xlink:href="#sSpan1599" value="ⲛⲧⲟϥ"/>
		<feat xlink:href="#sSpan1601" value="."/>
		<feat xlink:href="#sSpan1605" value="ⲁ"/>
		<feat xlink:href="#sSpan1610" value="ⲛⲧⲟϥ"/>
		<feat xlink:href="#sSpan1612" value="ϥⲓ"/>
		<feat xlink:href="#sSpan1614" value="ⲛ"/>
		<feat xlink:href="#sSpan1618" value="ⲡⲉϥ"/>
		<feat xlink:href="#sSpan1620" value="ⲃⲁⲗ"/>
		<feat xlink:href="#sSpan1622" value="ⲉϩⲣⲁⲓ"/>
		<feat xlink:href="#sSpan1627" value="ϣⲁ"/>
		<feat xlink:href="#sSpan1631" value="ⲡⲉϥ"/>
		<feat xlink:href="#sSpan1633" value="ⲉⲓⲱⲧ"/>
		<feat xlink:href="#sSpan1635" value="ⲁ"/>
		<feat xlink:href="#sSpan1640" value="ⲛⲧⲟϥ"/>
		<feat xlink:href="#sSpan1643" value="ⲡⲁⲣⲁⲕⲁⲗⲉⲓ"/>
		<feat xlink:href="#sSpan1645" value="ⲛ"/>
		<feat xlink:href="#sSpan1650" value="ⲛⲧⲟϥ"/>
		<feat xlink:href="#sSpan1652" value="."/>
		<feat xlink:href="#sSpan1656" value="ϫⲉ"/>
		<feat xlink:href="#sSpan1663" value="ⲡⲁ"/>
		<feat xlink:href="#sSpan1665" value="ⲉⲓⲱⲧ"/>
		<feat xlink:href="#sSpan1667" value="ⲕⲱ"/>
		<feat xlink:href="#sSpan1672" value="ⲛⲁ"/>
		<feat xlink:href="#sSpan1676" value="ⲛⲧⲟⲟⲩ"/>
		<feat xlink:href="#sSpan1678" value="ⲉⲃⲟⲗ"/>
		<feat xlink:href="#sSpan1682" value="ϫⲉ"/>
		<feat xlink:href="#sSpan1686" value="ⲛⲧⲉ"/>
		<feat xlink:href="#sSpan1688" value="ⲛⲧⲟⲟⲩ"/>
		<feat xlink:href="#sSpan1691" value="ⲥⲟⲟⲩⲛ"/>
		<feat xlink:href="#sSpan1693" value="ⲁⲛ"/>
		<feat xlink:href="#sSpan1697" value="ⲛ"/>
		<feat xlink:href="#sSpan1701" value="ⲡ"/>
		<feat xlink:href="#sSpan1703" value="ⲉⲧⲉⲣⲉ"/>
		<feat xlink:href="#sSpan1707" value="ⲛⲧⲟⲟⲩ"/>
		<feat xlink:href="#sSpan1709" value="ⲉⲓⲣⲉ"/>
		<feat xlink:href="#sSpan1711" value="ⲛ"/>
		<feat xlink:href="#sSpan1715" value="ⲛⲧⲟϥ"/>
		<feat xlink:href="#sSpan1717" value="."/>
		<feat xlink:href="#sSpan1721" value="ϫⲉⲕⲁⲁⲥ"/>
		<feat xlink:href="#sSpan1729" value="ⲉⲕⲉ"/>
		<feat xlink:href="#sSpan1733" value="ⲉⲓⲙⲉ"/>
		<feat xlink:href="#sSpan1735" value="ϫⲉ"/>
		<feat xlink:href="#sSpan1739" value="ⲟⲩ"/>
		<feat xlink:href="#sSpan1742" value="ⲡ"/>
		<feat xlink:href="#sSpan1746" value="ⲉⲧⲉⲣⲉ"/>
		<feat xlink:href="#sSpan1748" value="ⲡ"/>
		<feat xlink:href="#sSpan1750" value="ⲉⲓⲱⲧ"/>
		<feat xlink:href="#sSpan1752" value="ⲉⲓⲣⲉ"/>
		<feat xlink:href="#sSpan1757" value="ⲛ"/>
		<feat xlink:href="#sSpan1761" value="ⲛⲧⲟϥ"/>
		<feat xlink:href="#sSpan1763" value="."/>
		<feat xlink:href="#sSpan1767" value="ⲉⲣⲉ"/>
		<feat xlink:href="#sSpan1771" value="ⲁ"/>
		<feat xlink:href="#sSpan1773" value="ⲛⲧⲟϥ"/>
		<feat xlink:href="#sSpan1775" value="ⲉⲓⲣⲉ"/>
		<feat xlink:href="#sSpan1778" value="ⲛⲧⲟϥ"/>
		<feat xlink:href="#sSpan1780" value="ⲛ"/>
		<feat xlink:href="#sSpan1784" value="ⲡ"/>
		<feat xlink:href="#sSpan1786" value="ⲛⲁⲩ"/>
		<feat xlink:href="#sSpan1788" value="ⲉⲧⲉⲣⲉ"/>
		<feat xlink:href="#sSpan1792" value="ⲙⲙⲁⲩ"/>
		<feat xlink:href="#sSpan1795" value="."/>
		<feat xlink:href="#sSpan1799" value="ⲛⲁϣⲉ"/>
		<feat xlink:href="#sSpan1806" value="ⲡⲉϥ"/>
		<feat xlink:href="#sSpan1810" value="ⲙⲛⲧϣⲁⲛϩⲧⲏϥ"/>
		<feat xlink:href="#sSpan1817" value="ⲅⲁⲣ"/>
		<feat xlink:href="#sSpan1822" value="ⲛ"/>
		<feat xlink:href="#sSpan1826" value="ⲛⲧⲉ"/>
		<feat xlink:href="#sSpan1828" value="ⲛⲧⲟϥ"/>
		<feat xlink:href="#sSpan1832" value="ⲛⲁ"/>
		<feat xlink:href="#sSpan1834" value="ⲧⲛⲛⲟⲟⲩ"/>
		<feat xlink:href="#sSpan1837" value="ⲉϩⲣⲁⲓ"/>
		<feat xlink:href="#sSpan1841" value="ⲉϫⲛ"/>
		<feat xlink:href="#sSpan1846" value="ⲛⲧⲟⲟⲩ"/>
		<feat xlink:href="#sSpan1848" value="ⲛ"/>
		<feat xlink:href="#sSpan1852" value="ⲡ"/>
		<feat xlink:href="#sSpan1855" value="ⲟⲣⲅⲏ"/>
		<feat xlink:href="#sSpan1858" value="ⲛ"/>
		<feat xlink:href="#sSpan1863" value="ⲁⲧⲧⲁⲗϭⲟ"/>
		<feat xlink:href="#sSpan1866" value="."/>
		<feat xlink:href="#sSpan1870" value="ϣⲁⲛⲧⲉ"/>
		<feat xlink:href="#sSpan1878" value="ⲡ"/>
		<feat xlink:href="#sSpan1880" value="ⲥⲙⲏ"/>
		<feat xlink:href="#sSpan1882" value="ⲛ"/>
		<feat xlink:href="#sSpan1886" value="ⲡⲉϥ"/>
		<feat xlink:href="#sSpan1889" value="ⲙⲟⲛⲟⲅⲉⲛⲏⲥ"/>
		<feat xlink:href="#sSpan1892" value="ⲧⲁϩⲟ"/>
		<feat xlink:href="#sSpan1897" value="ⲛⲧⲟϥ"/>
		<feat xlink:href="#sSpan1899" value="."/>
		<feat xlink:href="#sSpan1903" value="ⲛⲧⲉ"/>
		<feat xlink:href="#sSpan1907" value="ⲛⲧⲟϥ"/>
		<feat xlink:href="#sSpan1909" value="ⲧⲱϩⲙ"/>
		<feat xlink:href="#sSpan1911" value="ⲛ"/>
		<feat xlink:href="#sSpan1915" value="ⲡⲉϥ"/>
		<feat xlink:href="#sSpan1919" value="ⲙⲛⲧϣⲁⲛϩⲧⲏϥ"/>
		<feat xlink:href="#sSpan1926" value="."/>
		<feat xlink:href="#sSpan1930" value="ⲛⲧⲉ"/>
		<feat xlink:href="#sSpan1934" value="ⲛⲧⲟϥ"/>
		<feat xlink:href="#sSpan1936" value="ⲕⲧⲟ"/>
		<feat xlink:href="#sSpan1938" value="ⲡⲉϥ"/>
		<feat xlink:href="#sSpan1941" value="ⲟⲣⲅⲏ"/>
		<feat xlink:href="#sSpan1944" value="ⲙⲛ"/>
		<feat xlink:href="#sSpan1948" value="ⲡⲉϥ"/>
		<feat xlink:href="#sSpan1950" value="ϭⲱⲛⲧ"/>
		<feat xlink:href="#sSpan1952" value="ⲉ"/>
		<feat xlink:href="#sSpan1957" value="ⲡⲁϩⲟⲩ"/>
		<feat xlink:href="#sSpan1959" value="."/>
		<feat xlink:href="#sSpan1963" value="ⲁⲩⲱ"/>
		<feat xlink:href="#sSpan1970" value="ⲁ"/>
		<feat xlink:href="#sSpan1974" value="ⲛⲧⲟϥ"/>
		<feat xlink:href="#sSpan1976" value="ⲧⲛⲛⲟⲟⲩ"/>
		<feat xlink:href="#sSpan1979" value="ⲛ"/>
		<feat xlink:href="#sSpan1983" value="ⲟⲩ"/>
		<feat xlink:href="#sSpan1986" value="ⲁⲅⲅⲉⲗⲟⲥ"/>
		<feat xlink:href="#sSpan1989" value="ⲛ"/>
		<feat xlink:href="#sSpan1993" value="ϫⲱⲱⲣⲉ"/>
		<feat xlink:href="#sSpan1995" value="."/>
		<feat xlink:href="#sSpan1999" value="ⲁ"/>
		<feat xlink:href="#sSpan2004" value="ⲛⲧⲟϥ"/>
		<feat xlink:href="#sSpan2006" value="ⲡⲱϩ"/>
		<feat xlink:href="#sSpan2008" value="ⲛ"/>
		<feat xlink:href="#sSpan2012" value="ⲡ"/>
		<feat xlink:href="#sSpan2015" value="ⲕⲁⲧⲁⲡⲉⲧⲁⲥⲙⲁ"/>
		<feat xlink:href="#sSpan2018" value="ⲛ"/>
		<feat xlink:href="#sSpan2022" value="ⲡ"/>
		<feat xlink:href="#sSpan2024" value="ⲣⲡⲉ"/>
		<feat xlink:href="#sSpan2027" value="ⲁ"/>
		<feat xlink:href="#sSpan2031" value="ⲛⲧⲟϥ"/>
		<feat xlink:href="#sSpan2034" value="ⲣⲥⲛⲁⲩ"/>
		<feat xlink:href="#sSpan2037" value="."/>
		<feat xlink:href="#sSpan2041" value="ⲁ"/>
		<feat xlink:href="#sSpan2048" value="ⲡ"/>
		<feat xlink:href="#sSpan2050" value="ⲕⲁϩ"/>
		<feat xlink:href="#sSpan2053" value="ⲕⲓⲙ"/>
		<feat xlink:href="#sSpan2057" value="."/>
		<feat xlink:href="#sSpan2061" value="ⲁ"/>
		<feat xlink:href="#sSpan2065" value="ⲡ"/>
		<feat xlink:href="#sSpan2068" value="ⲡⲉⲧⲣⲁ"/>
		<feat xlink:href="#sSpan2071" value="ⲡⲱϩ"/>
		<feat xlink:href="#sSpan2075" value="."/>
		<feat xlink:href="#sSpan2079" value="ⲁ"/>
		<feat xlink:href="#sSpan2083" value="ⲡ"/>
		<feat xlink:href="#sSpan2085" value="ⲣⲏ"/>
		<feat xlink:href="#sSpan2088" value="ⲣⲕⲁⲕⲉ"/>
		<feat xlink:href="#sSpan2094" value="ⲡⲉⲓ"/>
		<feat xlink:href="#sSpan2098" value="ⲛⲟϭ"/>
		<feat xlink:href="#sSpan2100" value="ⲡ"/>
		<feat xlink:href="#sSpan2105" value="ⲣⲉϥⲣⲟⲩⲟⲉⲓⲛ"/>
		<feat xlink:href="#sSpan2110" value="."/>
		<feat xlink:href="#sSpan2114" value="ⲁ"/>
		<feat xlink:href="#sSpan2121" value="ⲡ"/>
		<feat xlink:href="#sSpan2123" value="ⲕⲁϩ"/>
		<feat xlink:href="#sSpan2126" value="ⲧⲏⲣ"/>
		<feat xlink:href="#sSpan2130" value="ⲛⲧⲟϥ"/>
		<feat xlink:href="#sSpan2132" value="ⲉⲣⲉ"/>
		<feat xlink:href="#sSpan2137" value="ⲣⲕⲁⲕⲉ"/>
		<feat xlink:href="#sSpan2141" value="ϫⲉⲕⲁⲁⲥ"/>
		<feat xlink:href="#sSpan2145" value="ⲉⲣⲉ_ⲛⲧⲟϥ"/>
		<feat xlink:href="#sSpan2150" value="ⲥⲕⲩⲡⲁⲍⲉ"/>
		<feat xlink:href="#sSpan2153" value="ⲛ"/>
		<feat xlink:href="#sSpan2157" value="ⲡⲉϥ"/>
		<feat xlink:href="#sSpan2160" value="ⲥⲱⲙⲁ"/>
		<feat xlink:href="#sSpan2162" value="ⲉⲧⲉⲣⲉ"/>
		<feat xlink:href="#sSpan2167" value="ⲟⲩⲟⲡ"/>
		<feat xlink:href="#sSpan2169" value="ϩⲓϫⲛ"/>
		<feat xlink:href="#sSpan2173" value="ⲡ"/>
		<feat xlink:href="#sSpan2177" value="ⲥⲧⲁⲩⲣⲟⲥ"/>
		<feat xlink:href="#sSpan2179" value="."/>
		<feat xlink:href="#sSpan2183" value="ⲉⲃⲟⲗ"/>
		<feat xlink:href="#sSpan2187" value="ϫⲉ"/>
		<feat xlink:href="#sSpan2191" value="ⲁ"/>
		<feat xlink:href="#sSpan2194" value="ⲛⲧⲟⲟⲩ"/>
		<feat xlink:href="#sSpan2196" value="ⲕⲱ"/>
		<feat xlink:href="#sSpan2198" value="ⲛⲧⲟϥ"/>
		<feat xlink:href="#sSpan2200" value="ⲁϩⲏⲩ"/>
		<feat xlink:href="#sSpan2204" value="ⲛ"/>
		<feat xlink:href="#sSpan2209" value="ⲡⲉϥ"/>
		<feat xlink:href="#sSpan2211" value="ϩⲟⲓⲧⲉ"/>
		<feat xlink:href="#sSpan2213" value="ⲁ"/>
		<feat xlink:href="#sSpan2217" value="ⲛⲧⲟⲟⲩ"/>
		<feat xlink:href="#sSpan2219" value="ⲡⲱϣ"/>
		<feat xlink:href="#sSpan2222" value="ⲛⲧⲟⲟⲩ"/>
		<feat xlink:href="#sSpan2224" value="ⲉϫⲛ"/>
		<feat xlink:href="#sSpan2228" value="ⲛⲧⲟⲟⲩ"/>
		<feat xlink:href="#sSpan2230" value="."/>
		<feat xlink:href="#sSpan2234" value="ϭⲱϣⲧ"/>
		<feat xlink:href="#sSpan2246" value="ⲱ"/>
		<feat xlink:href="#sSpan2250" value="ⲛⲁ"/>
		<feat xlink:href="#sSpan2254" value="ⲙⲉⲣⲓⲧ"/>
		<feat xlink:href="#sSpan2257" value="ⲛⲧⲉ"/>
		<feat xlink:href="#sSpan2261" value="ⲛⲧⲱⲧⲛ"/>
		<feat xlink:href="#sSpan2263" value="ⲛⲁⲩ"/>
		<feat xlink:href="#sSpan2265" value="ⲉ"/>
		<feat xlink:href="#sSpan2269" value="ⲡ"/>
		<feat xlink:href="#sSpan2273" value="ⲙⲛⲧϣⲁⲛϩⲧⲏϥ"/>
		<feat xlink:href="#sSpan2279" value="ⲛ"/>
		<feat xlink:href="#sSpan2284" value="ⲡ"/>
		<feat xlink:href="#sSpan2286" value="ⲛⲟⲩⲧⲉ"/>
		<feat xlink:href="#sSpan2288" value="."/>
		<feat xlink:href="#sSpan2292" value="ⲡ"/>
		<feat xlink:href="#sSpan2296" value="ⲉⲧⲉⲣⲉ"/>
		<feat xlink:href="#sSpan2299" value="ϯϩⲃⲥⲱ"/>
		<feat xlink:href="#sSpan2303" value="ϩⲓ"/>
		<feat xlink:href="#sSpan2307" value="ⲛⲧⲟϥ"/>
		<feat xlink:href="#sSpan2309" value="ⲛ"/>
		<feat xlink:href="#sSpan2313" value="ⲡ"/>
		<feat xlink:href="#sSpan2315" value="ⲥⲱⲛⲧ"/>
		<feat xlink:href="#sSpan2318" value="ⲧⲏⲣ"/>
		<feat xlink:href="#sSpan2322" value="ⲛⲧⲟϥ"/>
		<feat xlink:href="#sSpan2324" value="."/>
		<feat xlink:href="#sSpan2328" value="ⲁ"/>
		<feat xlink:href="#sSpan2335" value="ⲛⲧⲟⲟⲩ"/>
		<feat xlink:href="#sSpan2337" value="ⲕⲱ"/>
		<feat xlink:href="#sSpan2340" value="ⲛⲧⲟϥ"/>
		<feat xlink:href="#sSpan2342" value="ⲁϩⲏⲩ"/>
		<feat xlink:href="#sSpan2346" value="ⲛ"/>
		<feat xlink:href="#sSpan2350" value="ⲡⲉϥ"/>
		<feat xlink:href="#sSpan2352" value="ϩⲟⲓⲧⲉ"/>
		<feat xlink:href="#sSpan2355" value="ϩⲓϫⲛ"/>
		<feat xlink:href="#sSpan2359" value="ⲡ"/>
		<feat xlink:href="#sSpan2362" value="ⲥⲧⲁⲩⲣⲟⲥ"/>
		<feat xlink:href="#sSpan2365" value="ⲁⲗⲗⲁ"/>
		<feat xlink:href="#sSpan2370" value="ⲡ"/>
		<feat xlink:href="#sSpan2374" value="ⲣⲏ"/>
		<feat xlink:href="#sSpan2376" value="ϩⲱⲃⲥ"/>
		<feat xlink:href="#sSpan2380" value="ⲛ"/>
		<feat xlink:href="#sSpan2384" value="ⲡⲉϥ"/>
		<feat xlink:href="#sSpan2387" value="ϫⲟⲉⲓⲥ"/>
		<feat xlink:href="#sSpan2389" value="ϩⲓⲧⲛ"/>
		<feat xlink:href="#sSpan2393" value="ⲡ"/>
		<feat xlink:href="#sSpan2396" value="ⲕⲁⲕⲉ"/>
		<feat xlink:href="#sSpan2398" value="ⲉⲧⲉⲣⲉ"/>
		<feat xlink:href="#sSpan2402" value="ⲁ"/>
		<feat xlink:href="#sSpan2404" value="ⲛⲧⲟϥ"/>
		<feat xlink:href="#sSpan2406" value="ϣⲱⲡⲉ"/>
		<feat xlink:href="#sSpan2409" value="."/>
		<feat xlink:href="#sSpan2413" value="ϫⲉ"/>
		<feat xlink:href="#sSpan2417" value="ⲛ"/>
		<feat xlink:href="#sSpan2419" value="ⲡⲉⲩ"/>
		<feat xlink:href="#sSpan2421" value="ⲛⲟϭ"/>
		<feat xlink:href="#sSpan2423" value="ⲛ"/>
		<feat xlink:href="#sSpan2429" value="ⲙⲩⲥⲧⲏⲣⲓⲟⲛ"/>
		<feat xlink:href="#sSpan2431" value="ⲉⲧⲉⲣⲉ"/>
		<feat xlink:href="#sSpan2436" value="ⲁ"/>
		<feat xlink:href="#sSpan2438" value="ⲛⲧⲟϥ"/>
		<feat xlink:href="#sSpan2440" value="ϣⲱⲡⲉ"/>
		<feat xlink:href="#sSpan2442" value="ϩⲓϫⲛ"/>
		<feat xlink:href="#sSpan2446" value="ⲡ"/>
		<feat xlink:href="#sSpan2450" value="ⲥⲧⲁⲩⲣⲟⲥ"/>
		<feat xlink:href="#sSpan2452" value="ⲉⲃⲟⲗ"/>
		<feat xlink:href="#sSpan2456" value="ϫⲉ"/>
		<feat xlink:href="#sSpan2460" value="ⲛⲧⲉ"/>
		<feat xlink:href="#sSpan2462" value="ⲛⲧⲟⲟⲩ"/>
		<feat xlink:href="#sSpan2465" value="ⲙⲡϣⲁ"/>
		<feat xlink:href="#sSpan2467" value="ⲛ"/>
		<feat xlink:href="#sSpan2471" value="ⲛⲧⲟϥ"/>
		<feat xlink:href="#sSpan2473" value="ⲁⲛ"/>
		<feat xlink:href="#sSpan2477" value="ⲡ"/>
		<feat xlink:href="#sSpan2485" value="ⲉⲧⲉⲣⲉ"/>
		<feat xlink:href="#sSpan2487" value="ⲁ"/>
		<feat xlink:href="#sSpan2489" value="ⲛⲧⲟϥ"/>
		<feat xlink:href="#sSpan2491" value="ⲙⲡϣⲁ"/>
		<feat xlink:href="#sSpan2494" value="ⲅⲁⲣ"/>
		<feat xlink:href="#sSpan2498" value="ⲁ"/>
		<feat xlink:href="#sSpan2503" value="ⲛⲧⲟϥ"/>
		<feat xlink:href="#sSpan2506" value="ⲑⲉⲱⲣⲉⲓ"/>
		<feat xlink:href="#sSpan2508" value="ⲛ"/>
		<feat xlink:href="#sSpan2512" value="ⲡ"/>
		<feat xlink:href="#sSpan2514" value="ϫⲱⲕ"/>
		<feat xlink:href="#sSpan2516" value="ⲧⲏⲣ"/>
		<feat xlink:href="#sSpan2521" value="ⲛⲧⲟϥ"/>
		<feat xlink:href="#sSpan2523" value="ⲛ"/>
		<feat xlink:href="#sSpan2527" value="ⲡⲉϥ"/>
		<feat xlink:href="#sSpan2530" value="ⲙⲛⲧⲛⲟⲩⲧⲉ"/>
		<feat xlink:href="#sSpan2534" value="."/>
		<feat xlink:href="#sSpan2538" value="ⲛ"/>
		<feat xlink:href="#sSpan2542" value="ⲡ"/>
		<feat xlink:href="#sSpan2544" value="ⲛⲁⲩ"/>
		<feat xlink:href="#sSpan2546" value="ⲉⲧⲉⲣⲉ"/>
		<feat xlink:href="#sSpan2550" value="ⲙⲙⲁⲩ"/>
		<feat xlink:href="#sSpan2553" value="."/>
		<feat xlink:href="#sSpan2557" value="ⲛⲓⲙ"/>
		<feat xlink:href="#sSpan2566" value="ϭⲉ"/>
		<feat xlink:href="#sSpan2570" value="ⲡ"/>
		<feat xlink:href="#sSpan2574" value="ⲉⲧⲉⲣⲉ"/>
		<feat xlink:href="#sSpan2577" value="ⲁ"/>
		<feat xlink:href="#sSpan2579" value="ⲛⲧⲟϥ"/>
		<feat xlink:href="#sSpan2581" value="ⲙⲡϣⲁ"/>
		<feat xlink:href="#sSpan2583" value="ⲛ"/>
		<feat xlink:href="#sSpan2587" value="ⲡⲉⲓ"/>
		<feat xlink:href="#sSpan2589" value="ⲛⲟϭ"/>
		<feat xlink:href="#sSpan2592" value="ⲛ"/>
		<feat xlink:href="#sSpan2596" value="ⲧⲁⲓⲟ"/>
		<feat xlink:href="#sSpan2598" value="."/>
		<feat xlink:href="#sSpan2602" value="ⲙⲁⲣⲉ"/>
		<feat xlink:href="#sSpan2606" value="ⲁⲛⲟⲛ"/>
		<feat xlink:href="#sSpan2608" value="ⲉⲓⲙⲉ"/>
		<feat xlink:href="#sSpan2611" value="ⲉ"/>
		<feat xlink:href="#sSpan2615" value="ⲛⲧⲟϥ"/>
		<feat xlink:href="#sSpan2617" value="."/>
		<feat xlink:href="#sSpan2621" value="ⲡ"/>
		<feat xlink:href="#sSpan2629" value="ⲗⲏⲥⲧⲏⲥ"/>
		<feat xlink:href="#sSpan2632" value="ⲡⲉ"/>
		<feat xlink:href="#sSpan2636" value="ⲉⲣⲉ"/>
		<feat xlink:href="#sSpan2640" value="ⲛⲧⲟϥ"/>
		<feat xlink:href="#sSpan2642" value="ⲧⲁⲗⲟ"/>
		<feat xlink:href="#sSpan2644" value="ⲉ"/>
		<feat xlink:href="#sSpan2649" value="ⲡ"/>
		<feat xlink:href="#sSpan2651" value="ϫⲓⲥⲉ"/>
		<feat xlink:href="#sSpan2653" value="ⲛ"/>
		<feat xlink:href="#sSpan2657" value="ⲡ"/>
		<feat xlink:href="#sSpan2660" value="ⲥⲧⲁⲩⲣⲟⲥ"/>
		<feat xlink:href="#sSpan2662" value="ⲁ"/>
		<feat xlink:href="#sSpan2667" value="ⲛⲧⲟϥ"/>
		<feat xlink:href="#sSpan2669" value="ⲛⲁⲩ"/>
		<feat xlink:href="#sSpan2671" value="ⲉ"/>
		<feat xlink:href="#sSpan2675" value="ϩⲱⲃ"/>
		<feat xlink:href="#sSpan2677" value="ⲛⲓⲙ"/>
		<feat xlink:href="#sSpan2681" value="ⲉⲧⲉⲣⲉ"/>
		<feat xlink:href="#sSpan2686" value="ⲁ"/>
		<feat xlink:href="#sSpan2688" value="ⲛⲧⲟⲟⲩ"/>
		<feat xlink:href="#sSpan2690" value="ϣⲱⲡⲉ"/>
		<feat xlink:href="#sSpan2692" value="."/>
		<feat xlink:href="#sSpan2696" value="ⲁⲩⲱ"/>
		<feat xlink:href="#sSpan2700" value="ⲁ"/>
		<feat xlink:href="#sSpan2705" value="ⲛⲧⲟϥ"/>
		<feat xlink:href="#sSpan2707" value="ⲧⲉⲗⲏⲗ"/>
		<feat xlink:href="#sSpan2709" value="ϫⲉ"/>
		<feat xlink:href="#sSpan2713" value="ⲁ"/>
		<feat xlink:href="#sSpan2715" value="ⲛⲧⲟϥ"/>
		<feat xlink:href="#sSpan2717" value="ⲛⲁⲩ"/>
		<feat xlink:href="#sSpan2719" value="ⲉ"/>
		<feat xlink:href="#sSpan2724" value="ⲛⲧⲟⲟⲩ"/>
		<feat xlink:href="#sSpan2726" value="."/>
		<feat xlink:href="#sSpan2730" value="ⲟⲩ"/>
		<feat xlink:href="#sSpan2737" value="ⲡⲉ"/>
		<feat xlink:href="#sSpan2741" value="ⲉⲧⲉⲣⲉ"/>
		<feat xlink:href="#sSpan2745" value="ⲁ"/>
		<feat xlink:href="#sSpan2747" value="ⲛⲧⲟϥ"/>
		<feat xlink:href="#sSpan2749" value="ⲛⲁⲩ"/>
		<feat xlink:href="#sSpan2752" value="ⲉ"/>
		<feat xlink:href="#sSpan2756" value="ⲛⲧⲟϥ"/>
		<feat xlink:href="#sSpan2758" value="."/>
		<feat xlink:href="#sSpan2763" value="ⲉⲓⲙⲏⲧⲓ"/>
		<feat xlink:href="#sSpan2767" value="ⲡ"/>
		<feat xlink:href="#sSpan2773" value="ⲥⲧⲣⲁⲧⲓⲁ"/>
		<feat xlink:href="#sSpan2775" value="ⲛ"/>
		<feat xlink:href="#sSpan2779" value="ⲡ"/>
		<feat xlink:href="#sSpan2782" value="ⲁⲅⲅⲉⲗⲟⲥ"/>
		<feat xlink:href="#sSpan2785" value="ⲉⲣⲉ"/>
		<feat xlink:href="#sSpan2789" value="ⲛⲧⲟⲟⲩ"/>
		<feat xlink:href="#sSpan2791" value="ⲕⲱⲧⲉ"/>
		<feat xlink:href="#sSpan2793" value="ⲉ"/>
		<feat xlink:href="#sSpan2797" value="ⲡ"/>
		<feat xlink:href="#sSpan2800" value="ⲥⲧⲁⲩⲣⲟⲥ"/>
		<feat xlink:href="#sSpan2803" value="ⲉⲣⲉ"/>
		<feat xlink:href="#sSpan2807" value="ⲛⲧⲟⲟⲩ"/>
		<feat xlink:href="#sSpan2810" value="ϩⲩⲙⲛⲉⲩⲉ"/>
		<feat xlink:href="#sSpan2812" value="ⲉ"/>
		<feat xlink:href="#sSpan2818" value="ⲛⲧⲟϥ"/>
		<feat xlink:href="#sSpan2820" value="."/>
		<feat xlink:href="#sSpan2824" value="ⲡ"/>
		<feat xlink:href="#sSpan2831" value="ⲉⲓⲱⲧ"/>
		<feat xlink:href="#sSpan2833" value="ϭⲱϣⲧ"/>
		<feat xlink:href="#sSpan2837" value="ⲉⲃⲟⲗ"/>
		<feat xlink:href="#sSpan2842" value="ϩⲛ"/>
		<feat xlink:href="#sSpan2846" value="ⲡ"/>
		<feat xlink:href="#sSpan2848" value="ⲡⲉ"/>
		<feat xlink:href="#sSpan2850" value="."/>
		<feat xlink:href="#sSpan2854" value="ⲉⲣⲉ"/>
		<feat xlink:href="#sSpan2858" value="ⲛⲧⲟϥ"/>
		<feat xlink:href="#sSpan2861" value="ⲑⲉⲱⲣⲉⲓ"/>
		<feat xlink:href="#sSpan2864" value="ⲛ"/>
		<feat xlink:href="#sSpan2868" value="ⲡⲉϥ"/>
		<feat xlink:href="#sSpan2870" value="ϣⲏⲣⲉ"/>
		<feat xlink:href="#sSpan2872" value="ⲡⲉϥ"/>
		<feat xlink:href="#sSpan2878" value="ⲙⲟⲛⲟⲅⲉⲛⲏⲥ"/>
		<feat xlink:href="#sSpan2880" value="."/>
		<feat xlink:href="#sSpan2884" value="ⲁⲩⲱ"/>
		<feat xlink:href="#sSpan2889" value="ⲉⲣⲉ"/>
		<feat xlink:href="#sSpan2893" value="ⲛⲧⲟϥ"/>
		<feat xlink:href="#sSpan2896" value="ϯⲉⲟⲟⲩ"/>
		<feat xlink:href="#sSpan2899" value="ⲛⲁ"/>
		<feat xlink:href="#sSpan2903" value="ⲛⲧⲟϥ"/>
		<feat xlink:href="#sSpan2905" value="ⲡ"/>
		<feat xlink:href="#sSpan2914" value="ⲁⲏⲣ"/>
		<feat xlink:href="#sSpan2916" value="ⲧⲏⲣ"/>
		<feat xlink:href="#sSpan2920" value="ⲛⲧⲟϥ"/>
		<feat xlink:href="#sSpan2923" value="ⲭⲟⲣⲉⲩⲉ"/>
		<feat xlink:href="#sSpan2927" value="ⲡ"/>
		<feat xlink:href="#sSpan2932" value="ⲕⲁϩ"/>
		<feat xlink:href="#sSpan2934" value="ⲧⲏⲣ"/>
		<feat xlink:href="#sSpan2938" value="ⲛⲧⲟϥ"/>
		<feat xlink:href="#sSpan2940" value="ⲉ"/>
		<feat xlink:href="#sSpan2944" value="ϣⲗⲟⲩⲗⲁⲓ"/>
		<feat xlink:href="#sSpan2947" value="ⲉⲃⲟⲗ"/>
		<feat xlink:href="#sSpan2951" value="ϫⲉ"/>
		<feat xlink:href="#sSpan2955" value="ⲁ"/>
		<feat xlink:href="#sSpan2957" value="ⲡⲉϥ"/>
		<feat xlink:href="#sSpan2959" value="ⲣⲣⲟ"/>
		<feat xlink:href="#sSpan2962" value="ⲡⲱϩⲧ"/>
		<feat xlink:href="#sSpan2966" value="ⲛ"/>
		<feat xlink:href="#sSpan2970" value="ⲡⲉϥ"/>
		<feat xlink:href="#sSpan2972" value="ⲥⲛⲟϥ"/>
		<feat xlink:href="#sSpan2975" value="ⲉⲃⲟⲗ"/>
		<feat xlink:href="#sSpan2979" value="ϩⲓϫⲛ"/>
		<feat xlink:href="#sSpan2983" value="ⲛⲧⲟϥ"/>
		<feat xlink:href="#sSpan2985" value="."/>
		<feat xlink:href="#sSpan2989" value="ⲡ"/>
		<feat xlink:href="#sSpan2997" value="ϣⲏⲛ"/>
		<feat xlink:href="#sSpan2999" value="ⲧⲏⲣ"/>
		<feat xlink:href="#sSpan3003" value="ⲟⲩ"/>
		<feat xlink:href="#sSpan3006" value="ⲧⲁⲩⲉϩⲣⲏⲣⲉ"/>
		<feat xlink:href="#sSpan3012" value="ⲉⲃⲟⲗ"/>
		<feat xlink:href="#sSpan3016" value="."/>
		<feat xlink:href="#sSpan3020" value="ϫⲉ"/>
		<feat xlink:href="#sSpan3024" value="ⲡ"/>
		<feat xlink:href="#sSpan3026" value="ϫⲟⲉⲓⲥ"/>
		<feat xlink:href="#sSpan3029" value="ⲉⲓϣⲉ"/>
		<feat xlink:href="#sSpan3033" value="ⲉϫⲛ"/>
		<feat xlink:href="#sSpan3037" value="ⲡ"/>
		<feat xlink:href="#sSpan3039" value="ϣⲉ"/>
		<feat xlink:href="#sSpan3041" value="ⲛ"/>
		<feat xlink:href="#sSpan3046" value="ⲡ"/>
		<feat xlink:href="#sSpan3049" value="ⲥⲧⲁⲩⲣⲟⲥ"/>
		<feat xlink:href="#sSpan3051" value="."/>
		<feat xlink:href="#sSpan3055" value="ⲡ"/>
		<feat xlink:href="#sSpan3065" value="ϣⲉ"/>
		<feat xlink:href="#sSpan3067" value="ⲛ"/>
		<feat xlink:href="#sSpan3071" value="ⲡ"/>
		<feat xlink:href="#sSpan3074" value="ⲁⲫⲑⲁⲣⲥⲓⲁ"/>
		<feat xlink:href="#sSpan3076" value="."/>
		<feat xlink:href="#sSpan3080" value="ⲡ"/>
		<feat xlink:href="#sSpan3088" value="ϣⲉ"/>
		<feat xlink:href="#sSpan3090" value="ⲛ"/>
		<feat xlink:href="#sSpan3095" value="ⲕⲁⲛⲟⲃⲉ"/>
		<feat xlink:href="#sSpan3098" value="ⲉⲃⲟⲗ"/>
		<feat xlink:href="#sSpan3102" value="."/>
		<feat xlink:href="#sSpan3106" value="ⲡ"/>
		<feat xlink:href="#sSpan3114" value="ϣⲉ"/>
		<feat xlink:href="#sSpan3116" value="ⲛ"/>
		<feat xlink:href="#sSpan3121" value="ⲣⲉϥⲧⲁⲗϭⲟ"/>
		<feat xlink:href="#sSpan3124" value="."/>
		<feat xlink:href="#sSpan3128" value="ⲡ"/>
		<feat xlink:href="#sSpan3136" value="ϣⲉ"/>
		<feat xlink:href="#sSpan3138" value="ⲛ"/>
		<feat xlink:href="#sSpan3143" value="ⲣⲉϥϯⲱⲛϩ"/>
		<feat xlink:href="#sSpan3147" value="."/>
		<feat xlink:href="#sSpan3151" value="ⲡ"/>
		<feat xlink:href="#sSpan3159" value="ϣⲉ"/>
		<feat xlink:href="#sSpan3161" value="ⲛ"/>
		<feat xlink:href="#sSpan3166" value="ⲣⲉϥϯⲕⲁⲣⲡⲟⲥ"/>
		<feat xlink:href="#sSpan3171" value="."/>
		<feat xlink:href="#sSpan3175" value="ⲡ"/>
		<feat xlink:href="#sSpan3183" value="ϣⲉ"/>
		<feat xlink:href="#sSpan3185" value="ⲛ"/>
		<feat xlink:href="#sSpan3189" value="ⲡ"/>
		<feat xlink:href="#sSpan3191" value="ⲙⲧⲟⲛ"/>
		<feat xlink:href="#sSpan3193" value="."/>
		<feat xlink:href="#sSpan3197" value="ⲡ"/>
		<feat xlink:href="#sSpan3205" value="ϣⲉ"/>
		<feat xlink:href="#sSpan3207" value="ⲛ"/>
		<feat xlink:href="#sSpan3211" value="ⲡ"/>
		<feat xlink:href="#sSpan3213" value="ⲟⲩⲛⲟϥ"/>
		<feat xlink:href="#sSpan3215" value="."/>
		<feat xlink:href="#sSpan3219" value="ⲡ"/>
		<feat xlink:href="#sSpan3227" value="ϣⲉ"/>
		<feat xlink:href="#sSpan3229" value="ⲛ"/>
		<feat xlink:href="#sSpan3233" value="ⲡ"/>
		<feat xlink:href="#sSpan3235" value="ⲣⲁϣⲉ"/>
		<feat xlink:href="#sSpan3237" value="."/>
		<feat xlink:href="#sSpan3241" value="ⲡ"/>
		<feat xlink:href="#sSpan3249" value="ϣⲉ"/>
		<feat xlink:href="#sSpan3251" value="ⲛ"/>
		<feat xlink:href="#sSpan3255" value="ⲡ"/>
		<feat xlink:href="#sSpan3257" value="ⲟⲩϫⲁⲓ"/>
		<feat xlink:href="#sSpan3259" value="."/>
		<feat xlink:href="#sSpan3263" value="ⲡ"/>
		<feat xlink:href="#sSpan3271" value="ϣⲉ"/>
		<feat xlink:href="#sSpan3273" value="ⲛ"/>
		<feat xlink:href="#sSpan3277" value="ⲡ"/>
		<feat xlink:href="#sSpan3279" value="ⲥⲙⲟⲩ"/>
		<feat xlink:href="#sSpan3281" value="."/>
		<feat xlink:href="#sSpan3285" value="ⲡ"/>
		<feat xlink:href="#sSpan3293" value="ϣⲉ"/>
		<feat xlink:href="#sSpan3295" value="ⲛ"/>
		<feat xlink:href="#sSpan3299" value="ⲡ"/>
		<feat xlink:href="#sSpan3301" value="ⲱⲛϩ"/>
		<feat xlink:href="#sSpan3303" value="."/>
		<feat xlink:href="#sSpan3307" value="ⲡ"/>
		<feat xlink:href="#sSpan3315" value="ϣⲉ"/>
		<feat xlink:href="#sSpan3317" value="ⲛ"/>
		<feat xlink:href="#sSpan3321" value="ⲡ"/>
		<feat xlink:href="#sSpan3324" value="ⲭⲁⲣⲓⲥ"/>
		<feat xlink:href="#sSpan3326" value="ⲛ"/>
		<feat xlink:href="#sSpan3330" value="ⲡⲉⲛ"/>
		<feat xlink:href="#sSpan3332" value="ϫⲟⲉⲓⲥ"/>
		<feat xlink:href="#sSpan3336" value="ⲓⲏⲥⲟⲩⲥ"/>
		<feat xlink:href="#sSpan3340" value="ⲡ"/>
		<feat xlink:href="#sSpan3345" value="ⲭⲣⲓⲥⲧⲟⲥ"/>
		<feat xlink:href="#sSpan3347" value="."/>
		<feat xlink:href="#sSpan3351" value="ⲡ"/>
		<feat xlink:href="#sSpan3358" value="ⲉⲧⲉⲣⲉ"/>
		<feat xlink:href="#sSpan3360" value="ⲁ"/>
		<feat xlink:href="#sSpan3362" value="ⲛⲧⲟⲟⲩ"/>
		<feat xlink:href="#sSpan3364" value="ⲉⲓϣⲉ"/>
		<feat xlink:href="#sSpan3366" value="ⲛⲧⲟϥ"/>
		<feat xlink:href="#sSpan3368" value="ϩⲓϫⲛ"/>
		<feat xlink:href="#sSpan3373" value="ⲡ"/>
		<feat xlink:href="#sSpan3375" value="ϣⲉ"/>
		<feat xlink:href="#sSpan3377" value="ⲛ"/>
		<feat xlink:href="#sSpan3381" value="ⲡ"/>
		<feat xlink:href="#sSpan3384" value="ⲥⲧⲁⲩⲣⲟⲥ"/>
		<feat xlink:href="#sSpan3386" value="."/>
		<feat xlink:href="#sSpan3390" value="ⲁ"/>
		<feat xlink:href="#sSpan3400" value="ⲁⲛⲟⲕ"/>
		<feat xlink:href="#sSpan3402" value="ⲛⲁⲩ"/>
		<feat xlink:href="#sSpan3404" value="ⲉ"/>
		<feat xlink:href="#sSpan3408" value="ⲡ"/>
		<feat xlink:href="#sSpan3410" value="ⲥⲱⲛⲧ"/>
		<feat xlink:href="#sSpan3412" value="ⲧⲏⲣ"/>
		<feat xlink:href="#sSpan3417" value="ⲛⲧⲟϥ"/>
		<feat xlink:href="#sSpan3419" value="ⲉⲣⲉ"/>
		<feat xlink:href="#sSpan3423" value="ⲛⲧⲟϥ"/>
		<feat xlink:href="#sSpan3425" value="ⲧⲁϩⲟ"/>
		<feat xlink:href="#sSpan3427" value="ⲉⲣⲁⲧ"/>
		<feat xlink:href="#sSpan3431" value="ⲛⲧⲟϥ"/>
		<feat xlink:href="#sSpan3433" value="ⲁⲩⲱ"/>
		<feat xlink:href="#sSpan3438" value="ⲉⲣⲉ"/>
		<feat xlink:href="#sSpan3442" value="ⲛⲧⲟϥ"/>
		<feat xlink:href="#sSpan3444" value="ⲥⲙⲓⲛⲉ"/>
		<feat xlink:href="#sSpan3446" value="ϩⲛ"/>
		<feat xlink:href="#sSpan3450" value="ⲡ"/>
		<feat xlink:href="#sSpan3454" value="ⲡⲣⲟⲥⲱⲡⲟⲛ"/>
		<feat xlink:href="#sSpan3456" value="ⲛ"/>
		<feat xlink:href="#sSpan3460" value="ⲡ"/>
		<feat xlink:href="#sSpan3464" value="ⲥⲧⲁⲩⲣⲟⲥ"/>
		<feat xlink:href="#sSpan3466" value="."/>
		<feat xlink:href="#sSpan3470" value="ⲡ"/>
		<feat xlink:href="#sSpan3479" value="ⲉⲧⲉⲣⲉ"/>
		<feat xlink:href="#sSpan3481" value="ϣⲁⲣⲉ"/>
		<feat xlink:href="#sSpan3483" value="ⲛⲧⲟϥ"/>
		<feat xlink:href="#sSpan3485" value="ⲉⲓⲣⲉ"/>
		<feat xlink:href="#sSpan3488" value="ⲡ"/>
		<feat xlink:href="#sSpan3490" value="ⲣⲱⲙⲉ"/>
		<feat xlink:href="#sSpan3492" value="ⲛ"/>
		<feat xlink:href="#sSpan3496" value="ⲃⲣⲣⲉ"/>
		<feat xlink:href="#sSpan3498" value="ⲛ"/>
		<feat xlink:href="#sSpan3502" value="ⲕⲉ"/>
		<feat xlink:href="#sSpan3508" value="ⲥⲟⲡ"/>
		<feat xlink:href="#sSpan3510" value="."/>
		<feat xlink:href="#sSpan3514" value="ⲙⲛⲛⲥⲁ"/>
		<feat xlink:href="#sSpan3518" value="ⲛⲧⲉ"/>
		<feat xlink:href="#sSpan3520" value="ⲛⲧⲟⲟⲩ"/>
		<feat xlink:href="#sSpan3524" value="ⲣⲁⲥ"/>
		<feat xlink:href="#sSpan3527" value="."/>
		<feat xlink:href="#sSpan3531" value="ϣⲁⲣⲉ"/>
		<feat xlink:href="#sSpan3535" value="ⲛⲧⲟⲟⲩ"/>
		<feat xlink:href="#sSpan3538" value="ϯⲙⲁⲉⲓⲛ"/>
		<feat xlink:href="#sSpan3542" value="ⲉ"/>
		<feat xlink:href="#sSpan3546" value="ⲛⲧⲟϥ"/>
		<feat xlink:href="#sSpan3548" value="ϩⲓⲧⲛ"/>
		<feat xlink:href="#sSpan3552" value="ⲡ"/>
		<feat xlink:href="#sSpan3556" value="ⲃⲁⲡⲧⲓⲥⲙⲁ"/>
		<feat xlink:href="#sSpan3558" value="ⲉⲧⲉⲣⲉ"/>
		<feat xlink:href="#sSpan3562" value="ⲟⲩⲟⲡ"/>
		<feat xlink:href="#sSpan3565" value="."/>
		<feat xlink:href="#sSpan3569" value="ⲉⲣⲉ"/>
		<feat xlink:href="#sSpan3573" value="ϣⲁⲣⲉ"/>
		<feat xlink:href="#sSpan3575" value="ⲛⲧⲟⲟⲩ"/>
		<feat xlink:href="#sSpan3577" value="ⲉⲓⲣⲉ"/>
		<feat xlink:href="#sSpan3579" value="ⲛⲧⲟϥ"/>
		<feat xlink:href="#sSpan3581" value="ϩⲛ"/>
		<feat xlink:href="#sSpan3585" value="ⲡ"/>
		<feat xlink:href="#sSpan3588" value="ⲛⲉϩ"/>
		<feat xlink:href="#sSpan3590" value="ⲙⲛ"/>
		<feat xlink:href="#sSpan3594" value="ⲡ"/>
		<feat xlink:href="#sSpan3597" value="ⲥⲫⲣⲁⲅⲓⲥ"/>
		<feat xlink:href="#sSpan3600" value="ⲛ"/>
		<feat xlink:href="#sSpan3604" value="ⲡ"/>
		<feat xlink:href="#sSpan3607" value="ⲭⲣⲓⲥⲧⲟⲥ"/>
		<feat xlink:href="#sSpan3609" value="."/>
		<feat xlink:href="#sSpan3613" value="ⲡ"/>
		<feat xlink:href="#sSpan3622" value="ⲥⲧⲁⲩⲣⲟⲥ"/>
		<feat xlink:href="#sSpan3624" value="ⲡⲉ"/>
		<feat xlink:href="#sSpan3628" value="ϣⲁⲣⲉ"/>
		<feat xlink:href="#sSpan3632" value="ⲛⲧⲟϥ"/>
		<feat xlink:href="#sSpan3635" value="ⲕⲁⲑⲁⲣⲓⲍⲉ"/>
		<feat xlink:href="#sSpan3638" value="ⲛ"/>
		<feat xlink:href="#sSpan3642" value="ⲡ"/>
		<feat xlink:href="#sSpan3644" value="ⲣⲱⲙⲉ"/>
		<feat xlink:href="#sSpan3646" value="ⲛⲧⲉ"/>
		<feat xlink:href="#sSpan3651" value="ⲛⲧⲟϥ"/>
		<feat xlink:href="#sSpan3653" value="ⲡⲱⲧ"/>
		<feat xlink:href="#sSpan3655" value="ⲛⲥⲁ"/>
		<feat xlink:href="#sSpan3659" value="ⲡ"/>
		<feat xlink:href="#sSpan3662" value="ⲉⲛⲉⲣⲅⲉⲓⲁ"/>
		<feat xlink:href="#sSpan3665" value="ⲛⲧⲉ"/>
		<feat xlink:href="#sSpan3669" value="ⲛⲧⲟϥ"/>
		<feat xlink:href="#sSpan3671" value="ⲛⲁ"/>
		<feat xlink:href="#sSpan3673" value="ϫⲟ"/>
		<feat xlink:href="#sSpan3675" value="ⲛⲧⲟⲟⲩ"/>
		<feat xlink:href="#sSpan3677" value="ⲉⲃⲟⲗ"/>
		<feat xlink:href="#sSpan3682" value="ϩⲛ"/>
		<feat xlink:href="#sSpan3686" value="ⲛⲧⲟϥ"/>
		<feat xlink:href="#sSpan3688" value="."/>
		<feat xlink:href="#sSpan3692" value="ⲡ"/>
		<feat xlink:href="#sSpan3701" value="ⲥⲧⲁⲩⲣⲟⲥ"/>
		<feat xlink:href="#sSpan3703" value="ⲡⲉ"/>
		<feat xlink:href="#sSpan3707" value="ⲡ"/>
		<feat xlink:href="#sSpan3712" value="ⲙⲩⲥⲧⲏⲣⲓⲟⲛ"/>
		<feat xlink:href="#sSpan3715" value="ⲉⲧⲉⲣⲉ"/>
		<feat xlink:href="#sSpan3719" value="ⲟⲩⲟⲡ"/>
		<feat xlink:href="#sSpan3722" value="ϩⲟⲧⲁⲛ"/>
		<feat xlink:href="#sSpan3731" value="ⲅⲁⲣ"/>
		<feat xlink:href="#sSpan3735" value="ⲉⲣϣⲁⲛ_ⲛⲧⲟⲟⲩ"/>
		<feat xlink:href="#sSpan3740" value="ⲥⲫⲣⲁⲅⲓⲍⲉ"/>
		<feat xlink:href="#sSpan3743" value="ⲛ"/>
		<feat xlink:href="#sSpan3747" value="ⲡ"/>
		<feat xlink:href="#sSpan3749" value="ⲟⲉⲓⲕ"/>
		<feat xlink:href="#sSpan3751" value="ⲙⲛ"/>
		<feat xlink:href="#sSpan3756" value="ⲡ"/>
		<feat xlink:href="#sSpan3759" value="ⲡⲟⲧⲏⲣⲓⲟⲛ"/>
		<feat xlink:href="#sSpan3761" value="ϩⲓϫⲛ"/>
		<feat xlink:href="#sSpan3766" value="ⲡ"/>
		<feat xlink:href="#sSpan3769" value="ⲧⲣⲁⲡⲉⲍⲁ"/>
		<feat xlink:href="#sSpan3771" value="ⲉⲧⲉⲣⲉ"/>
		<feat xlink:href="#sSpan3776" value="ⲟⲩⲟⲡ"/>
		<feat xlink:href="#sSpan3778" value="."/>
		<feat xlink:href="#sSpan3782" value="ⲁⲩⲱ"/>
		<feat xlink:href="#sSpan3786" value="ⲛⲧⲉ"/>
		<feat xlink:href="#sSpan3790" value="ⲛⲧⲟⲟⲩ"/>
		<feat xlink:href="#sSpan3793" value="ⲉⲡⲓⲧⲉⲗⲉⲓ"/>
		<feat xlink:href="#sSpan3796" value="ⲉϫⲛ"/>
		<feat xlink:href="#sSpan3800" value="ⲛⲧⲟⲟⲩ"/>
		<feat xlink:href="#sSpan3803" value="ⲟⲩⲕ"/>
		<feat xlink:href="#sSpan3808" value="ⲉⲣⲉ"/>
		<feat xlink:href="#sSpan3812" value="ⲡⲉⲓ"/>
		<feat xlink:href="#sSpan3814" value="ⲛ"/>
		<feat xlink:href="#sSpan3818" value="ⲟⲩ"/>
		<feat xlink:href="#sSpan3820" value="ⲟⲉⲓⲕ"/>
		<feat xlink:href="#sSpan3822" value="ⲁⲛ"/>
		<feat xlink:href="#sSpan3827" value="ⲡⲉ"/>
		<feat xlink:href="#sSpan3831" value="."/>
		<feat xlink:href="#sSpan3835" value="ⲙⲛ"/>
		<feat xlink:href="#sSpan3839" value="ⲟⲩ"/>
		<feat xlink:href="#sSpan3841" value="ⲏⲣⲡ"/>
		<feat xlink:href="#sSpan3843" value="ⲛ"/>
		<feat xlink:href="#sSpan3848" value="ⲕⲉ"/>
		<feat xlink:href="#sSpan3850" value="ⲥⲟⲡ"/>
		<feat xlink:href="#sSpan3852" value="."/>
		<feat xlink:href="#sSpan3857" value="ⲁⲗⲗⲁ"/>
		<feat xlink:href="#sSpan3861" value="ⲟⲩ"/>
		<feat xlink:href="#sSpan3866" value="ⲥⲱⲙⲁ"/>
		<feat xlink:href="#sSpan3869" value="ⲡⲉ"/>
		<feat xlink:href="#sSpan3873" value="ⲙⲛ"/>
		<feat xlink:href="#sSpan3877" value="ⲟⲩ"/>
		<feat xlink:href="#sSpan3879" value="ⲥⲛⲟϥ"/>
		<feat xlink:href="#sSpan3882" value="ⲉⲣⲉ"/>
		<feat xlink:href="#sSpan3886" value="ⲛⲧⲟϥ"/>
		<feat xlink:href="#sSpan3888" value="ⲟⲩⲟⲡ"/>
		<feat xlink:href="#sSpan3890" value="."/>
		<feat xlink:href="#sSpan3894" value="ⲡ"/>
		<feat xlink:href="#sSpan3903" value="ⲥⲧⲁⲩⲣⲟⲥ"/>
		<feat xlink:href="#sSpan3905" value="ⲡⲉ"/>
		<feat xlink:href="#sSpan3909" value="ⲥⲟⲗⲥⲗ"/>
		<feat xlink:href="#sSpan3913" value="ⲛ"/>
		<feat xlink:href="#sSpan3918" value="ⲡ"/>
		<feat xlink:href="#sSpan3920" value="ⲉⲧⲉⲣⲉ"/>
		<feat xlink:href="#sSpan3922" value="ϩⲛ"/>
		<feat xlink:href="#sSpan3924" value="ⲟⲩ"/>
		<feat xlink:href="#sSpan3927" value="ⲗⲩⲡⲏ"/>
		<feat xlink:href="#sSpan3930" value="ⲉⲧⲃⲉ"/>
		<feat xlink:href="#sSpan3934" value="ⲡⲉⲩ"/>
		<feat xlink:href="#sSpan3936" value="ⲛⲟⲃⲉ"/>
		<feat xlink:href="#sSpan3938" value="."/>
		<feat xlink:href="#sSpan3942" value="ⲡ"/>
		<feat xlink:href="#sSpan3951" value="ⲥⲧⲁⲩⲣⲟⲥ"/>
		<feat xlink:href="#sSpan3953" value="ⲡⲉ"/>
		<feat xlink:href="#sSpan3957" value="ⲡ"/>
		<feat xlink:href="#sSpan3961" value="ϩⲓⲏ"/>
		<feat xlink:href="#sSpan3963" value="ⲉⲧⲉⲣⲉ"/>
		<feat xlink:href="#sSpan3967" value="ⲥⲟⲟⲩⲧⲛ"/>
		<feat xlink:href="#sSpan3970" value="."/>
		<feat xlink:href="#sSpan3975" value="ϩⲟⲧⲁⲛ"/>
		<feat xlink:href="#sSpan3979" value="ⲉⲣϣⲁⲛ_ⲛⲧⲟⲟⲩ"/>
		<feat xlink:href="#sSpan3985" value="ⲣϣⲙⲙⲟ"/>
		<feat xlink:href="#sSpan3988" value="ⲙⲉⲣⲉ"/>
		<feat xlink:href="#sSpan3993" value="ⲛⲧⲟⲟⲩ"/>
		<feat xlink:href="#sSpan3995" value="ⲥⲱⲣⲙ"/>
		<feat xlink:href="#sSpan3997" value="ⲛϭⲓ"/>
		<feat xlink:href="#sSpan4001" value="ⲡ"/>
		<feat xlink:href="#sSpan4003" value="ⲉⲧⲉⲣⲉ"/>
		<feat xlink:href="#sSpan4005" value="ⲙⲟⲟϣⲉ"/>
		<feat xlink:href="#sSpan4008" value="ϩⲛ"/>
		<feat xlink:href="#sSpan4012" value="ⲛⲧⲟϥ"/>
		<feat xlink:href="#sSpan4014" value="."/>
		<feat xlink:href="#sSpan4018" value="ⲡ"/>
		<feat xlink:href="#sSpan4027" value="ⲥⲧⲁⲩⲣⲟⲥ"/>
		<feat xlink:href="#sSpan4029" value="ⲡⲉ"/>
		<feat xlink:href="#sSpan4033" value="ⲡ"/>
		<feat xlink:href="#sSpan4038" value="ⲡⲩⲣⲅⲟⲥ"/>
		<feat xlink:href="#sSpan4041" value="ⲉⲣⲉ"/>
		<feat xlink:href="#sSpan4045" value="ⲛⲧⲟϥ"/>
		<feat xlink:href="#sSpan4047" value="ϫⲓⲥⲉ"/>
		<feat xlink:href="#sSpan4049" value="ⲉⲣⲉ"/>
		<feat xlink:href="#sSpan4053" value="ϣⲁⲣⲉ"/>
		<feat xlink:href="#sSpan4055" value="ⲛⲧⲟϥ"/>
		<feat xlink:href="#sSpan4057" value="ϣⲱⲡ"/>
		<feat xlink:href="#sSpan4061" value="ⲉ"/>
		<feat xlink:href="#sSpan4065" value="ⲛⲧⲟϥ"/>
		<feat xlink:href="#sSpan4067" value="ⲛ"/>
		<feat xlink:href="#sSpan4071" value="ⲡ"/>
		<feat xlink:href="#sSpan4073" value="ⲉⲧⲉⲣⲉ"/>
		<feat xlink:href="#sSpan4075" value="ⲡⲱⲧ"/>
		<feat xlink:href="#sSpan4078" value="ⲉⲣⲁⲧ"/>
		<feat xlink:href="#sSpan4082" value="ⲛⲧⲟϥ"/>
		<feat xlink:href="#sSpan4084" value="."/>
		<feat xlink:href="#sSpan4088" value="ⲡ"/>
		<feat xlink:href="#sSpan4097" value="ⲥⲧⲁⲩⲣⲟⲥ"/>
		<feat xlink:href="#sSpan4099" value="ⲡⲉ"/>
		<feat xlink:href="#sSpan4103" value="ⲡ"/>
		<feat xlink:href="#sSpan4107" value="ϭⲗⲟⲟϭⲉ"/>
		<feat xlink:href="#sSpan4109" value="ⲛ"/>
		<feat xlink:href="#sSpan4115" value="ⲣⲉϥϫⲓⲣⲱⲙⲉ"/>
		<feat xlink:href="#sSpan4119" value="ⲉϩⲣⲁⲓ"/>
		<feat xlink:href="#sSpan4124" value="ⲉ"/>
		<feat xlink:href="#sSpan4128" value="ⲡ"/>
		<feat xlink:href="#sSpan4130" value="ⲡⲉ"/>
		<feat xlink:href="#sSpan4132" value="."/>
		<feat xlink:href="#sSpan4136" value="ⲡ"/>
		<feat xlink:href="#sSpan4145" value="ⲥⲧⲁⲩⲣⲟⲥ"/>
		<feat xlink:href="#sSpan4147" value="ⲡⲉ"/>
		<feat xlink:href="#sSpan4151" value="ⲡ"/>
		<feat xlink:href="#sSpan4155" value="ϩⲃⲥⲱ"/>
		<feat xlink:href="#sSpan4157" value="ⲉⲣⲉ"/>
		<feat xlink:href="#sSpan4162" value="ϣⲁⲣⲉ"/>
		<feat xlink:href="#sSpan4164" value="ⲡ"/>
		<feat xlink:href="#sSpan4167" value="ⲭⲣⲓⲥⲧⲓⲁⲛⲟⲥ"/>
		<feat xlink:href="#sSpan4171" value="ⲫⲱⲣⲉⲓ"/>
		<feat xlink:href="#sSpan4175" value="ⲛ"/>
		<feat xlink:href="#sSpan4180" value="ⲛⲧⲟⲥ"/>
		<feat xlink:href="#sSpan4182" value="."/>
		<feat xlink:href="#sSpan4186" value="ⲡ"/>
		<feat xlink:href="#sSpan4195" value="ⲥⲧⲁⲩⲣⲟⲥ"/>
		<feat xlink:href="#sSpan4197" value="ⲡⲉ"/>
		<feat xlink:href="#sSpan4201" value="ⲡ"/>
		<feat xlink:href="#sSpan4206" value="ⲃⲟⲏⲑⲟⲥ"/>
		<feat xlink:href="#sSpan4209" value="ⲛ"/>
		<feat xlink:href="#sSpan4213" value="ⲡ"/>
		<feat xlink:href="#sSpan4215" value="ⲉⲃⲓⲏⲛ"/>
		<feat xlink:href="#sSpan4217" value="."/>
		<feat xlink:href="#sSpan4221" value="ⲁⲩⲱ"/>
		<feat xlink:href="#sSpan4226" value="ⲉ"/>
		<feat xlink:href="#sSpan4230" value="ⲡ"/>
		<feat xlink:href="#sSpan4233" value="ⲃⲟⲏⲑⲉⲓⲁ"/>
		<feat xlink:href="#sSpan4235" value="ⲉ"/>
		<feat xlink:href="#sSpan4240" value="ⲡ"/>
		<feat xlink:href="#sSpan4242" value="ⲉⲧⲉⲣⲉ"/>
		<feat xlink:href="#sSpan4244" value="ϩⲱϣ"/>
		<feat xlink:href="#sSpan4246" value="."/>
		<feat xlink:href="#sSpan4250" value="ⲡ"/>
		<feat xlink:href="#sSpan4259" value="ⲥⲧⲁⲩⲣⲟⲥ"/>
		<feat xlink:href="#sSpan4261" value="ⲡⲉ"/>
		<feat xlink:href="#sSpan4265" value="ⲉⲧⲉⲣⲉ"/>
		<feat xlink:href="#sSpan4269" value="ⲁ"/>
		<feat xlink:href="#sSpan4271" value="ⲛⲧⲟϥ"/>
		<feat xlink:href="#sSpan4273" value="ϣⲟⲣϣⲣ"/>
		<feat xlink:href="#sSpan4276" value="ⲛ"/>
		<feat xlink:href="#sSpan4280" value="ⲡ"/>
		<feat xlink:href="#sSpan4282" value="ⲣⲡⲉ"/>
		<feat xlink:href="#sSpan4284" value="ⲛ"/>
		<feat xlink:href="#sSpan4289" value="ⲡ"/>
		<feat xlink:href="#sSpan4292" value="ⲓⲟⲩⲇⲁⲓ"/>
		<feat xlink:href="#sSpan4294" value="."/>
		<feat xlink:href="#sSpan4298" value="ⲁ"/>
		<feat xlink:href="#sSpan4302" value="ⲛⲧⲟϥ"/>
		<feat xlink:href="#sSpan4304" value="ⲧⲣⲉ"/>
		<feat xlink:href="#sSpan4307" value="ⲛⲧⲟⲟⲩ"/>
		<feat xlink:href="#sSpan4309" value="ⲟⲩⲱⲛ"/>
		<feat xlink:href="#sSpan4311" value="ⲛ"/>
		<feat xlink:href="#sSpan4315" value="ⲡ"/>
		<feat xlink:href="#sSpan4318" value="ⲉⲕⲕⲗⲏⲥⲓⲁ"/>
		<feat xlink:href="#sSpan4321" value="."/>
		<feat xlink:href="#sSpan4325" value="ⲁ"/>
		<feat xlink:href="#sSpan4329" value="ⲛⲧⲟϥ"/>
		<feat xlink:href="#sSpan4332" value="ⲥⲧⲉⲫⲁⲛⲟⲩ"/>
		<feat xlink:href="#sSpan4335" value="ⲛ"/>
		<feat xlink:href="#sSpan4339" value="ⲛⲧⲟⲥ"/>
		<feat xlink:href="#sSpan4341" value="."/>
		<feat xlink:href="#sSpan4345" value="ⲡ"/>
		<feat xlink:href="#sSpan4354" value="ⲥⲧⲁⲩⲣⲟⲥ"/>
		<feat xlink:href="#sSpan4356" value="ⲁ"/>
		<feat xlink:href="#sSpan4360" value="ⲛⲧⲟϥ"/>
		<feat xlink:href="#sSpan4362" value="ϣⲟⲣϣⲣ"/>
		<feat xlink:href="#sSpan4365" value="ⲛ"/>
		<feat xlink:href="#sSpan4369" value="ⲡ"/>
		<feat xlink:href="#sSpan4372" value="ⲇⲁⲓⲙⲟⲛⲓⲟⲛ"/>
		<feat xlink:href="#sSpan4375" value="ⲁ"/>
		<feat xlink:href="#sSpan4379" value="ⲛⲧⲟϥ"/>
		<feat xlink:href="#sSpan4381" value="ⲛⲁϫ"/>
		<feat xlink:href="#sSpan4383" value="ⲛⲧⲟⲟⲩ"/>
		<feat xlink:href="#sSpan4385" value="ⲉⲃⲟⲗ"/>
		<feat xlink:href="#sSpan4389" value="ϩⲛ"/>
		<feat xlink:href="#sSpan4394" value="ⲟⲩ"/>
		<feat xlink:href="#sSpan4396" value="ϩⲟⲧⲉ"/>
		<feat xlink:href="#sSpan4398" value="."/>
		<feat xlink:href="#sSpan4402" value="ⲡ"/>
		<feat xlink:href="#sSpan4411" value="ⲥⲧⲁⲩⲣⲟⲥ"/>
		<feat xlink:href="#sSpan4413" value="ⲡⲉ"/>
		<feat xlink:href="#sSpan4417" value="ⲡⲉⲥ"/>
		<feat xlink:href="#sSpan4421" value="ⲙⲓⲛⲉ"/>
		<feat xlink:href="#sSpan4424" value="ⲛ"/>
		<feat xlink:href="#sSpan4428" value="ⲡ"/>
		<feat xlink:href="#sSpan4430" value="ϫⲟⲉⲓ"/>
		<feat xlink:href="#sSpan4432" value="ⲉⲧⲉⲣⲉ"/>
		<feat xlink:href="#sSpan4438" value="ⲣϩⲱⲧ"/>
		<feat xlink:href="#sSpan4441" value="ϩⲛ"/>
		<feat xlink:href="#sSpan4445" value="ⲟⲩ"/>
		<feat xlink:href="#sSpan4448" value="ⲙⲛⲧⲥⲁⲓⲉ"/>
		<feat xlink:href="#sSpan4452" value="."/>
		<feat xlink:href="#sSpan4456" value="ⲡ"/>
		<feat xlink:href="#sSpan4465" value="ⲥⲧⲁⲩⲣⲟⲥ"/>
		<feat xlink:href="#sSpan4467" value="ⲡⲉ"/>
		<feat xlink:href="#sSpan4471" value="ⲡⲉⲥ"/>
		<feat xlink:href="#sSpan4475" value="ⲙⲓⲛⲉ"/>
		<feat xlink:href="#sSpan4478" value="ⲛ"/>
		<feat xlink:href="#sSpan4482" value="ⲡ"/>
		<feat xlink:href="#sSpan4484" value="ⲟⲩⲏⲏⲃ"/>
		<feat xlink:href="#sSpan4486" value="ⲉⲧⲉⲣⲉ"/>
		<feat xlink:href="#sSpan4491" value="ϩⲛ"/>
		<feat xlink:href="#sSpan4493" value="ⲡ"/>
		<feat xlink:href="#sSpan4495" value="ⲏⲓ"/>
		<feat xlink:href="#sSpan4497" value="ⲛ"/>
		<feat xlink:href="#sSpan4501" value="ⲡ"/>
		<feat xlink:href="#sSpan4503" value="ⲛⲟⲩⲧⲉ"/>
		<feat xlink:href="#sSpan4506" value="ϩⲛ"/>
		<feat xlink:href="#sSpan4510" value="ⲟⲩ"/>
		<feat xlink:href="#sSpan4513" value="ⲙⲛⲧⲥⲁⲃⲉ"/>
		<feat xlink:href="#sSpan4516" value="."/>
		<feat xlink:href="#sSpan4520" value="ⲡ"/>
		<feat xlink:href="#sSpan4529" value="ⲥⲧⲁⲩⲣⲟⲥ"/>
		<feat xlink:href="#sSpan4531" value="ⲡⲉ"/>
		<feat xlink:href="#sSpan4535" value="ⲡ"/>
		<feat xlink:href="#sSpan4540" value="ⲕⲣⲓⲧⲏⲥ"/>
		<feat xlink:href="#sSpan4543" value="ⲛ"/>
		<feat xlink:href="#sSpan4547" value="ⲡ"/>
		<feat xlink:href="#sSpan4550" value="ⲁⲧⲡⲱⲱⲛⲉ"/>
		<feat xlink:href="#sSpan4554" value="ⲛ"/>
		<feat xlink:href="#sSpan4558" value="ⲡ"/>
		<feat xlink:href="#sSpan4561" value="ⲁⲡⲟⲥⲧⲟⲗⲟⲥ"/>
		<feat xlink:href="#sSpan4564" value="."/></featList></paula>