<?xml version='1.0' encoding='UTF-8'?><!DOCTYPE paula SYSTEM "paula_feat.dtd">
<paula version="1.1">
	<header paula_id="scriptorium.cross_michbr291-294.mark_orig_group"/>
	<featList xmlns:xlink="http://www.w3.org/1999/xlink" type="orig_group" xml:base="scriptorium.cross_michbr291-294.mark.xml">
		<feat xlink:href="#sSpan4" value="ⲕⲉⲥⲛⲏⲩ"/>
		<feat xlink:href="#sSpan19" value="·"/>
		<feat xlink:href="#sSpan23" value="ⲛⲁⲓ̈"/>
		<feat xlink:href="#sSpan30" value="ⲛ̄ⲧⲁⲡⲕⲁϩ"/>
		<feat xlink:href="#sSpan41" value="ⲟⲩⲱⲛ"/>
		<feat xlink:href="#sSpan45" value="ⲉ̄ⲣⲱϥ"/>
		<feat xlink:href="#sSpan52" value="ⲁϥⲟⲙⲕⲟⲩ"/>
		<feat xlink:href="#sSpan62" value="ⲉ̄ⲧⲉⲧⲁⲑⲁⲛ"/>
		<feat xlink:href="#sSpan70" value="ⲡⲉ"/>
		<feat xlink:href="#sSpan74" value="·"/>
		<feat xlink:href="#sSpan78" value="ⲙⲛⲁⲃⲓⲣⲱⲛ"/>
		<feat xlink:href="#sSpan86" value="·"/>
		<feat xlink:href="#sSpan90" value="ⲙⲛ̄ⲛϣⲏⲣⲉ"/>
		<feat xlink:href="#sSpan99" value="ⲛ̄ⲕⲟⲣⲉ"/>
		<feat xlink:href="#sSpan106" value="·"/>
		<feat xlink:href="#sSpan110" value="ⲛⲁⲓ"/>
		<feat xlink:href="#sSpan115" value="ⲛ̄ⲧⲁⲩⲧⲱⲟⲩ⳯"/>
		<feat xlink:href="#sSpan125" value="ⲉϫⲙ̄ⲙⲱⲩⲥⲏⲥ"/>
		<feat xlink:href="#sSpan133" value="ϩ︤ⲛ︥ⲧⲉⲣⲏⲙⲟⲥ"/>
		<feat xlink:href="#sSpan143" value="·"/>
		<feat xlink:href="#sSpan147" value="ⲙⲁⲣⲉⲛⲕⲧⲟⲛ"/>
		<feat xlink:href="#sSpan163" value="ϭⲉ"/>
		<feat xlink:href="#sSpan167" value="ⲟⲛ"/>
		<feat xlink:href="#sSpan172" value="ⲉϩⲣⲁⲓ̈"/>
		<feat xlink:href="#sSpan176" value="ⲉϫⲙ̄ⲡⲙⲉⲅⲉⲑⲟⲥ"/>
		<feat xlink:href="#sSpan186" value="·"/>
		<feat xlink:href="#sSpan190" value="ⲙ̄ⲡⲉⲓⲁϩⲟⲣⲁⲧⲟⲛ"/>
		<feat xlink:href="#sSpan201" value="ⲥ̄ⳁⲟ︤ⲥ︥"/>
		<feat xlink:href="#sSpan205" value="ⲛ̄ⲧⲛ̄ϣⲁϫⲉ"/>
		<feat xlink:href="#sSpan214" value="ⲉ̄ⲣⲟϥ"/>
		<feat xlink:href="#sSpan220" value="·"/>
		<feat xlink:href="#sSpan225" value="ⲧⲏⲛⲟⲗⲟⲧⲓⲛ"/>
		<feat xlink:href="#sSpan233" value="ⲛ̄ⲧⲛ̄ⲉⲓⲙⲉ"/>
		<feat xlink:href="#sSpan242" value="ⲉ̄ⲛⲉⲡⲣⲟⲫⲏⲧⲓⲁ"/>
		<feat xlink:href="#sSpan252" value="ⲛ̄ⲛⲉⲡⲣⲟⲫⲏⲧⲏⲥ"/>
		<feat xlink:href="#sSpan262" value="·"/>
		<feat xlink:href="#sSpan266" value="ⲛ̄ⲧⲁⲩϫⲟⲟⲩ"/>
		<feat xlink:href="#sSpan279" value="ⲉ̄ⲣⲟϥ"/>
		<feat xlink:href="#sSpan285" value="ϫⲓⲛ̄ⲧⲁⲣⲭⲏ"/>
		<feat xlink:href="#sSpan295" value="ϣⲁⲑⲁⲏ"/>
		<feat xlink:href="#sSpan303" value="·"/>
		<feat xlink:href="#sSpan307" value="ⲛ̄ⲧⲱⲧⲛ̄"/>
		<feat xlink:href="#sSpan315" value="ϩⲱⲧⲧⲏⲩⲧⲛ"/>
		<feat xlink:href="#sSpan322" value="ⲱ̄"/>
		<feat xlink:href="#sSpan327" value="ⲛⲁⲕⲣⲱⲁⲧⲏⲥ"/>
		<feat xlink:href="#sSpan334" value="·"/>
		<feat xlink:href="#sSpan338" value="ⲟⲩⲱϣⲥ̄"/>
		<feat xlink:href="#sSpan343" value="ⲉ̄ⲃⲟⲗ"/>
		<feat xlink:href="#sSpan347" value="ⲛ̄ⲛⲉⲧⲛⲁⲓⲥⲑⲏⲧⲏⲣⲓⲟⲛ"/>
		<feat xlink:href="#sSpan357" value="ⲛ̄ⲧⲉⲧⲛ̄ϫⲓⲥⲙⲏ"/>
		<feat xlink:href="#sSpan368" value="ϩ︤ⲛ︥ⲟⲩⲉ̄ⲍⲉⲭⲓⲁ"/>
		<feat xlink:href="#sSpan378" value="·"/>
		<feat xlink:href="#sSpan382" value="ⲁⲩⲉⲓⲥ"/>
		<feat xlink:href="#sSpan391" value="ⲛⲧⲛ̄ⲟⲩⲱⲛ"/>
		<feat xlink:href="#sSpan400" value="ⲙ̄ⲡ̄ⲛⲟϭ"/>
		<feat xlink:href="#sSpan409" value="ⲛ̄ⲑⲩⲥⲁⲩⲣⲟⲥ"/>
		<feat xlink:href="#sSpan416" value="ⲉ̄ⲧⲟⲩⲁⲁⲃ"/>
		<feat xlink:href="#sSpan423" value="·"/>
		<feat xlink:href="#sSpan427" value="ⲛ̄ⲧⲛ̄ⲉⲓⲛⲉ"/>
		<feat xlink:href="#sSpan436" value="ⲉ̄ⲃⲟⲗ"/>
		<feat xlink:href="#sSpan440" value="ⲛ︤ⲛ︥ⲕⲟⲥⲙⲏⲥⲓⲥ"/>
		<feat xlink:href="#sSpan450" value="ⲙ̄ⲡ︤ⲛ︦ⲓ︦ⲕ︦ⲟ︦ⲛ︦"/>
		<feat xlink:href="#sSpan457" value="ⲛ̄ⲧⲛ̄ⲕⲟⲥⲙⲉⲓ"/>
		<feat xlink:href="#sSpan467" value="ⲛ︤ⲛ︥ⲯⲩⲭⲟⲟⲩⲉ"/>
		<feat xlink:href="#sSpan477" value="ⲛ̄ⲛ︤ⲙ︥ⲙⲁⲓ̈ⲗⲟⲅⲟⲥ"/>
		<feat xlink:href="#sSpan490" value="·"/>
		<feat xlink:href="#sSpan494" value="ⲙⲟⲩⲧⲉ"/>
		<feat xlink:href="#sSpan502" value="ⲛⲁⲓ̈"/>
		<feat xlink:href="#sSpan506" value="ⲉⲡⲙⲁⲓ̈ⲛⲟⲩⲧⲉ"/>
		<feat xlink:href="#sSpan517" value="·"/>
		<feat xlink:href="#sSpan521" value="ⲁⲩⲱ"/>
		<feat xlink:href="#sSpan525" value="ⲡⲙⲁⲓ̈ⲗⲟⲅⲟⲥ"/>
		<feat xlink:href="#sSpan535" value="·"/>
		<feat xlink:href="#sSpan539" value="ⲁⲩⲱ"/>
		<feat xlink:href="#sSpan543" value="ⲡⲣⲉϥϣⲱⲡ"/>
		<feat xlink:href="#sSpan552" value="ⲉ̄ⲣⲟϥ"/>
		<feat xlink:href="#sSpan558" value="ⲛⲛⲁⲅⲅⲉⲗⲟⲥ"/>
		<feat xlink:href="#sSpan568" value="·"/>
		<feat xlink:href="#sSpan572" value="ⲉⲧⲉ"/>
		<feat xlink:href="#sSpan576" value="ⲡⲁⲓ̈"/>
		<feat xlink:href="#sSpan580" value="ⲡⲉ"/>
		<feat xlink:href="#sSpan586" value="ⲁⲃⲣⲁϩⲁⲙ"/>
		<feat xlink:href="#sSpan590" value="ⲡⲉϣⲃⲏⲣ"/>
		<feat xlink:href="#sSpan597" value="ⲙ̄ⲡⲛⲟⲩⲧⲉ"/>
		<feat xlink:href="#sSpan605" value="·"/>
		<feat xlink:href="#sSpan609" value="ⲙⲁⲣⲉϥⲉⲓ"/>
		<feat xlink:href="#sSpan621" value="ⲛϥⲧⲁⲙⲟ⳯"/>
		<feat xlink:href="#sSpan631" value="ⲉⲡⲧⲩⲡⲟⲥ"/>
		<feat xlink:href="#sSpan641" value="ⲙⲡⲉⲓϣⲏⲛ"/>
		<feat xlink:href="#sSpan650" value="ϫⲉⲥⲁⲃⲉⲕ"/>
		<feat xlink:href="#sSpan657" value="ⲉ̄ⲣⲉⲡⲉⲓⲟⲓ̈ⲗⲉ"/>
		<feat xlink:href="#sSpan666" value="ⲙⲏⲣ"/>
		<feat xlink:href="#sSpan670" value="ⲉ̄ⲣⲟϥ"/>
		<feat xlink:href="#sSpan677" value="·"/>
		<feat xlink:href="#sSpan681" value="ⲑⲉⲣⲙⲏⲛⲓⲁ"/>
		<feat xlink:href="#sSpan689" value="ⲅⲁⲣ"/>
		<feat xlink:href="#sSpan694" value="ⲛⲥⲁⲃⲉⲕ"/>
		<feat xlink:href="#sSpan701" value="ⲡⲉ"/>
		<feat xlink:href="#sSpan705" value="ⲡⲙⲁ"/>
		<feat xlink:href="#sSpan712" value="ⲛⲙ̄ⲧⲟⲛ"/>
		<feat xlink:href="#sSpan718" value="ⲙ̄ⲡⲣⲉϥⲥⲱⲧⲉ"/>
		<feat xlink:href="#sSpan730" value="·"/>
		<feat xlink:href="#sSpan734" value="ⲉ̄ⲧⲉⲡⲁⲓ̈"/>
		<feat xlink:href="#sSpan740" value="ⲡⲉ"/>
		<feat xlink:href="#sSpan744" value="ⲡϣⲉ"/>
		<feat xlink:href="#sSpan751" value="ⲙ̄ⲡⲉⲥ̄ⳁⲟ︤ⲥ︥"/>
		<feat xlink:href="#sSpan760" value="·"/>
		<feat xlink:href="#sSpan764" value="ⲛ̄ⲧⲁⲡⲉϩⲓⲉⲓⲃ"/>
		<feat xlink:href="#sSpan775" value="ⲙⲡⲛⲟⲩⲧⲉ"/>
		<feat xlink:href="#sSpan784" value="ⲁⲗⲉ"/>
		<feat xlink:href="#sSpan788" value="ⲉϩⲣⲁⲓ̈"/>
		<feat xlink:href="#sSpan792" value="ⲉϫⲱϥ"/>
		<feat xlink:href="#sSpan798" value="ϩⲛ̄ⲟⲩⲛⲟϭ"/>
		<feat xlink:href="#sSpan807" value="ⲙⲙ︤ⲛ︥ⲧⲗⲁⲙⲡⲣⲟⲥ"/>
		<feat xlink:href="#sSpan817" value="·"/>
		<feat xlink:href="#sSpan821" value="ⲉⲧⲣⲉϥϫⲱⲕ"/>
		<feat xlink:href="#sSpan832" value="ⲉⲃⲟⲗ"/>
		<feat xlink:href="#sSpan836" value="ⲛ̄ⲧⲟⲓⲕⲟⲛⲟⲙⲓⲁ"/>
		<feat xlink:href="#sSpan846" value="ⲉⲧⲙⲉϩ"/>
		<feat xlink:href="#sSpan852" value="ⲛⲟⲩϫⲁⲓ̈"/>
		<feat xlink:href="#sSpan859" value="·"/>
		<feat xlink:href="#sSpan863" value="ⲉⲁϥⲙ̄ⲧⲟⲛ"/>
		<feat xlink:href="#sSpan877" value="ⲙⲙⲟϥ"/>
		<feat xlink:href="#sSpan883" value="ⲉϩⲣⲁⲓ̈"/>
		<feat xlink:href="#sSpan887" value="ⲉ̄ϫⲱϥ"/>
		<feat xlink:href="#sSpan894" value="ⲛ̄ⲑⲉ"/>
		<feat xlink:href="#sSpan902" value="ⲛⲟⲩⲣⲱⲙⲉ"/>
		<feat xlink:href="#sSpan911" value="·"/>
		<feat xlink:href="#sSpan915" value="ⲉⲁϥⲉⲓ"/>
		<feat xlink:href="#sSpan925" value="ⲉϩⲣⲁⲓ"/>
		<feat xlink:href="#sSpan929" value="ϩⲛ̄ⲧⲉϥⲥⲱϣⲉ"/>
		<feat xlink:href="#sSpan938" value="·"/>
		<feat xlink:href="#sSpan942" value="ⲉϥⲣ̄ϩⲱⲃ"/>
		<feat xlink:href="#sSpan952" value="ⲛϥⲛⲁϫϥ"/>
		<feat xlink:href="#sSpan963" value="ϩⲓϫⲙⲡⲉϥⲙⲁ"/>
		<feat xlink:href="#sSpan972" value="ⲛⲉⲛⲕⲁⲧⲕ"/>
		<feat xlink:href="#sSpan978" value="ⲛϥ̄ⲙ̄ⲧⲟⲛ"/>
		<feat xlink:href="#sSpan987" value="ⲙⲙⲟϥ"/>
		<feat xlink:href="#sSpan993" value="ϩⲙ̄ⲡⲉϥϩⲓⲥⲉ"/>
		<feat xlink:href="#sSpan1002" value="·"/>
		<feat xlink:href="#sSpan1006" value="ⲧⲁⲓ̈"/>
		<feat xlink:href="#sSpan1013" value="ⲧⲉ"/>
		<feat xlink:href="#sSpan1018" value="ⲑⲉ"/>
		<feat xlink:href="#sSpan1024" value="ⲛ̄ⲧⲁⲡⲥⲱⲧⲏⲣ"/>
		<feat xlink:href="#sSpan1035" value="ⲁⲁⲥ"/>
		<feat xlink:href="#sSpan1042" value="·"/>
		<feat xlink:href="#sSpan1046" value="ⲛ̄ⲧⲁϥⲙ̄ⲧⲟⲛ"/>
		<feat xlink:href="#sSpan1056" value="·"/>
		<feat xlink:href="#sSpan1060" value="ⲙⲙⲟϥ"/>
		<feat xlink:href="#sSpan1070" value="ϩⲓϫⲙ̄ⲡⲉϥⲙⲁⲛⲕⲁⲧⲕ"/>
		<feat xlink:href="#sSpan1081" value="ⲉⲧⲉⲡⲉⲥ̄ⳁⲟ︤ⲥ︥"/>
		<feat xlink:href="#sSpan1091" value="ⲙⲙⲉ"/>
		<feat xlink:href="#sSpan1097" value="ⲡⲉ"/>
		<feat xlink:href="#sSpan1101" value="·"/>
		<feat xlink:href="#sSpan1105" value="ⲁϥϣⲡ̄ϩⲓⲥⲉ"/>
		<feat xlink:href="#sSpan1119" value="ⲛ̄ϩⲏⲧϥ"/>
		<feat xlink:href="#sSpan1126" value="ϣⲁⲛⲧⲉϥⲧⲟⲩϫⲟ"/>
		<feat xlink:href="#sSpan1134" value="ⲛⲧⲙ︤ⲛ︥ⲧⲣⲱⲙⲉ"/>
		<feat xlink:href="#sSpan1145" value="ⲧⲏⲣ︤ⲥ︥"/>
		<feat xlink:href="#sSpan1152" value="·"/>
		<feat xlink:href="#sSpan1156" value="ⲛϥ̄ⲥⲁϣⲙ̄"/>
		<feat xlink:href="#sSpan1169" value="ⲁⲛ"/>
		<feat xlink:href="#sSpan1174" value="ⲟⲩⲇⲉ"/>
		<feat xlink:href="#sSpan1179" value="ⲛϥϣⲧⲉⲣⲧⲱⲣ"/>
		<feat xlink:href="#sSpan1187" value="ⲁⲛ"/>
		<feat xlink:href="#sSpan1192" value="·"/>
		<feat xlink:href="#sSpan1197" value="ⲟⲩⲇⲉ"/>
		<feat xlink:href="#sSpan1201" value="ⲛϥ̄ϭⲟⲛⲧ"/>
		<feat xlink:href="#sSpan1209" value="ⲁⲛ"/>
		<feat xlink:href="#sSpan1214" value="ⲉⲩϯⲉⲓⲃⲧ"/>
		<feat xlink:href="#sSpan1224" value="ⲛⲁϥ"/>
		<feat xlink:href="#sSpan1230" value="·"/>
		<feat xlink:href="#sSpan1235" value="ⲟⲩⲇⲉ"/>
		<feat xlink:href="#sSpan1240" value="ⲛϥ̄ⲁⲕⲁⲛⲁⲕⲧⲉⲓ"/>
		<feat xlink:href="#sSpan1250" value="ⲁⲛ"/>
		<feat xlink:href="#sSpan1254" value="·"/>
		<feat xlink:href="#sSpan1258" value="ⲉⲩϯⲕⲗⲟⲙ"/>
		<feat xlink:href="#sSpan1268" value="ⲛ̄ϣⲟⲛⲧⲉ"/>
		<feat xlink:href="#sSpan1275" value="ⲉ̄ϫⲱϥ"/>
		<feat xlink:href="#sSpan1281" value="·"/>
		<feat xlink:href="#sSpan1286" value="ⲟⲩⲇⲉ"/>
		<feat xlink:href="#sSpan1294" value="ⲛϥ̄ⲥⲁϩⲟⲩ"/>
		<feat xlink:href="#sSpan1302" value="ⲁⲛ"/>
		<feat xlink:href="#sSpan1306" value="ⲉⲩϩⲓⲟⲩⲉ̄"/>
		<feat xlink:href="#sSpan1315" value="ⲉ̄ϩⲟⲩⲛ"/>
		<feat xlink:href="#sSpan1319" value="ϩⲙ̄ⲡⲉϥϩⲟ"/>
		<feat xlink:href="#sSpan1328" value="·"/>
		<feat xlink:href="#sSpan1333" value="ⲟⲩⲇⲉ"/>
		<feat xlink:href="#sSpan1337" value="ⲛϥ̄ⲛ̄ⲕⲁⲕⲉⲓ"/>
		<feat xlink:href="#sSpan1349" value="ⲁⲛ"/>
		<feat xlink:href="#sSpan1353" value="ⲉⲩⲧⲥⲁ"/>
		<feat xlink:href="#sSpan1361" value="ⲙ̄ⲙⲟϥ"/>
		<feat xlink:href="#sSpan1368" value="ⲛⲟⲩϩⲙ̄ϫ̄"/>
		<feat xlink:href="#sSpan1376" value="ⲉϥⲧⲉϩ"/>
		<feat xlink:href="#sSpan1384" value="ϩⲓⲥⲓϣⲉ"/>
		<feat xlink:href="#sSpan1391" value="·"/>
		<feat xlink:href="#sSpan1395" value="ⲛϥ̄ⲙⲓϣⲉ"/>
		<feat xlink:href="#sSpan1407" value="ⲅⲁⲣ"/>
		<feat xlink:href="#sSpan1412" value="ⲁⲛ"/>
		<feat xlink:href="#sSpan1416" value="ⲙ︤ⲛ︥ⲛⲉⲧⲛⲟϭⲛⲉϭ"/>
		<feat xlink:href="#sSpan1427" value="ⲙⲙⲟϥ"/>
		<feat xlink:href="#sSpan1433" value="·"/>
		<feat xlink:href="#sSpan1438" value="ⲟⲩⲇⲉ"/>
		<feat xlink:href="#sSpan1442" value="ⲛϥ̄ϭⲟⲛⲧ"/>
		<feat xlink:href="#sSpan1451" value="ⲁⲛ"/>
		<feat xlink:href="#sSpan1455" value="ⲉⲩⲡⲱϣ"/>
		<feat xlink:href="#sSpan1463" value="ⲛ̄ⲛⲉϥϩⲟⲓ̈ⲧⲉ"/>
		<feat xlink:href="#sSpan1472" value="ⲉ̄ϫⲱⲟⲩ"/>
		<feat xlink:href="#sSpan1478" value="ⲉⲩⲛⲉϫⲕⲗⲏⲣⲟⲥ"/>
		<feat xlink:href="#sSpan1490" value="ⲉ̄ⲣⲟⲟⲩ"/>
		<feat xlink:href="#sSpan1497" value="·"/>
		<feat xlink:href="#sSpan1501" value="ⲕⲟⲩⲱϣ"/>
		<feat xlink:href="#sSpan1510" value="ⲉⲉⲓⲙⲉ"/>
		<feat xlink:href="#sSpan1517" value="ϫⲉⲧⲙⲉ"/>
		<feat xlink:href="#sSpan1525" value="ⲧⲉ"/>
		<feat xlink:href="#sSpan1529" value="ϯϫⲱ"/>
		<feat xlink:href="#sSpan1536" value="ⲙⲙⲟⲥ"/>
		<feat xlink:href="#sSpan1542" value="ⲥⲱⲧⲙ̄"/>
		<feat xlink:href="#sSpan1546" value="ⲛ̄ⲧⲁⲧⲁⲙⲟⲕ"/>
		<feat xlink:href="#sSpan1557" value="·"/>
		<feat xlink:href="#sSpan1561" value="ⲙⲡⲛⲁⲩ"/>
		<feat xlink:href="#sSpan1573" value="ⲅⲁⲣ"/>
		<feat xlink:href="#sSpan1577" value="ⲉ̄ⲧⲟⲩⲉⲓⲣⲉ"/>
		<feat xlink:href="#sSpan1586" value="ⲛ̄ⲛⲁⲓ̈"/>
		<feat xlink:href="#sSpan1592" value="ⲧⲏⲣⲟⲩ"/>
		<feat xlink:href="#sSpan1598" value="ⲛⲁϥ"/>
		<feat xlink:href="#sSpan1604" value="·"/>
		<feat xlink:href="#sSpan1608" value="ⲁϥϥⲓ̈"/>
		<feat xlink:href="#sSpan1617" value="ⲛ̄ⲛⲉϥⲃⲁⲗ"/>
		<feat xlink:href="#sSpan1625" value="ⲉϩⲣⲁⲓ"/>
		<feat xlink:href="#sSpan1630" value="ϣⲁⲡⲉϥⲉⲓⲱⲧ"/>
		<feat xlink:href="#sSpan1638" value="ⲁϥⲡⲁⲣⲁⲕⲁⲗⲉⲓ"/>
		<feat xlink:href="#sSpan1648" value="ⲙⲙⲟϥ"/>
		<feat xlink:href="#sSpan1655" value="·"/>
		<feat xlink:href="#sSpan1659" value="ϫⲉⲡⲁⲉⲓⲱⲧ"/>
		<feat xlink:href="#sSpan1670" value="ⲕⲱ"/>
		<feat xlink:href="#sSpan1675" value="ⲛⲁⲩ"/>
		<feat xlink:href="#sSpan1681" value="ⲉ̄ⲃⲟⲗ"/>
		<feat xlink:href="#sSpan1685" value="ϫⲉⲛⲥⲉⲥⲟⲟⲩⲛ"/>
		<feat xlink:href="#sSpan1696" value="ⲁⲛ"/>
		<feat xlink:href="#sSpan1700" value="ⲙ̄ⲡⲉⲧⲟⲩⲉⲓⲣⲉ"/>
		<feat xlink:href="#sSpan1714" value="ⲙⲙⲟϥ"/>
		<feat xlink:href="#sSpan1720" value="·"/>
		<feat xlink:href="#sSpan1724" value="ϫⲉⲕⲁⲥ"/>
		<feat xlink:href="#sSpan1732" value="ⲉ̄ⲕⲉⲉⲓⲙⲉ"/>
		<feat xlink:href="#sSpan1738" value="ϫⲉⲟⲩ"/>
		<feat xlink:href="#sSpan1745" value="ⲡⲉⲧⲉⲣⲉⲡⲓⲱⲧ"/>
		<feat xlink:href="#sSpan1755" value="ⲉⲓⲣⲉ"/>
		<feat xlink:href="#sSpan1760" value="ⲙⲙⲟϥ"/>
		<feat xlink:href="#sSpan1766" value="·"/>
		<feat xlink:href="#sSpan1770" value="ⲉⲁϥⲁⲁϥ"/>
		<feat xlink:href="#sSpan1783" value="ⲙⲡⲛⲁⲩ"/>
		<feat xlink:href="#sSpan1791" value="ⲉ̄ⲧ︤ⲙ︥ⲙⲁⲩ"/>
		<feat xlink:href="#sSpan1798" value="·"/>
		<feat xlink:href="#sSpan1802" value="ⲛⲁϣⲉⲛⲉϥⲙⲛ̄ⲧ̄ϣⲁⲛϩⲧⲏϥ"/>
		<feat xlink:href="#sSpan1820" value="ⲅⲁⲣ"/>
		<feat xlink:href="#sSpan1825" value="ⲙⲙⲟⲛ"/>
		<feat xlink:href="#sSpan1831" value="ϥ̄ⲛⲁⲧ︤ⲛ︥ⲛⲟⲟⲩ"/>
		<feat xlink:href="#sSpan1840" value="ⲉ̄ϩⲣⲁⲓ̈"/>
		<feat xlink:href="#sSpan1844" value="ⲉ̄ϫⲱⲟⲩ"/>
		<feat xlink:href="#sSpan1851" value="ⲛⲧⲟⲣⲅⲏ"/>
		<feat xlink:href="#sSpan1861" value="ⲛⲁⲧⲧⲁⲗϭⲟ"/>
		<feat xlink:href="#sSpan1869" value="·"/>
		<feat xlink:href="#sSpan1873" value="ϣⲁ⳯ⲧⲉⲧⲉⲥⲙⲏ"/>
		<feat xlink:href="#sSpan1885" value="ⲙ̄ⲡⲉϥⲙⲟⲛⲟⲅⲉⲛⲏⲥ"/>
		<feat xlink:href="#sSpan1895" value="ⲧⲁϩⲟϥ"/>
		<feat xlink:href="#sSpan1902" value="·"/>
		<feat xlink:href="#sSpan1906" value="ⲛϥⲧⲱϩ︤ⲙ︥"/>
		<feat xlink:href="#sSpan1914" value="ⲛ̄ⲧⲉϥⲙⲛ̄ⲧϣⲁⲛϩⲧⲏϥ"/>
		<feat xlink:href="#sSpan1929" value="·"/>
		<feat xlink:href="#sSpan1933" value="ⲛϥ̄ⲕⲧⲉⲧⲉϥⲟⲣⲅⲏ"/>
		<feat xlink:href="#sSpan1947" value="ⲙⲛ̄ⲡⲉϥϭⲱⲛⲧ"/>
		<feat xlink:href="#sSpan1955" value="ⲉⲡⲁϩⲟⲩ"/>
		<feat xlink:href="#sSpan1962" value="·"/>
		<feat xlink:href="#sSpan1966" value="ⲁⲩⲱ"/>
		<feat xlink:href="#sSpan1973" value="ⲁϥⲧⲛ̄ⲛⲟⲟⲩ"/>
		<feat xlink:href="#sSpan1982" value="ⲛⲟⲩⲁⲅⲅⲉⲗⲟⲥ"/>
		<feat xlink:href="#sSpan1992" value="ⲛ̄ϫⲱⲱⲣⲉ"/>
		<feat xlink:href="#sSpan1998" value="·"/>
		<feat xlink:href="#sSpan2002" value="ⲁϥⲡⲱϩ"/>
		<feat xlink:href="#sSpan2011" value="ⲙ̄ⲡⲕⲁⲧⲁⲡⲉⲧⲁⲥⲙⲁ"/>
		<feat xlink:href="#sSpan2021" value="ⲙ̄ⲡⲣ̄ⲡⲉ"/>
		<feat xlink:href="#sSpan2030" value="ⲁϥⲣ̄ⲥ̄ⲛⲁⲩ"/>
		<feat xlink:href="#sSpan2040" value="·"/>
		<feat xlink:href="#sSpan2044" value="ⲁⲡⲕⲁϩ"/>
		<feat xlink:href="#sSpan2056" value="ⲕⲓⲙ"/>
		<feat xlink:href="#sSpan2060" value="·"/>
		<feat xlink:href="#sSpan2064" value="ⲁⲙⲡⲉⲧⲣⲁ"/>
		<feat xlink:href="#sSpan2074" value="ⲡⲱϩ"/>
		<feat xlink:href="#sSpan2078" value="·"/>
		<feat xlink:href="#sSpan2082" value="ⲁⲡⲣⲏ"/>
		<feat xlink:href="#sSpan2091" value="ⲣ̄ⲕⲁⲕⲉ"/>
		<feat xlink:href="#sSpan2097" value="ⲡⲉⲓⲛⲟϭ"/>
		<feat xlink:href="#sSpan2103" value="ⲛ̄ⲣⲉϥⲣ̄ⲟⲩⲟ̄ⲉⲓⲛ"/>
		<feat xlink:href="#sSpan2113" value="·"/>
		<feat xlink:href="#sSpan2117" value="ⲁⲡⲕⲁϩ"/>
		<feat xlink:href="#sSpan2129" value="ⲧⲏⲣ︤ϥ︥"/>
		<feat xlink:href="#sSpan2135" value="ⲉ̄ⲣⲕⲁⲕⲉ"/>
		<feat xlink:href="#sSpan2144" value="ϫⲉⲕⲁⲥ"/>
		<feat xlink:href="#sSpan2148" value="ⲉϥⲉⲥⲕⲩⲡⲁⲍⲉ"/>
		<feat xlink:href="#sSpan2156" value="ⲙ̄ⲡⲉϥⲥⲱⲙⲁ"/>
		<feat xlink:href="#sSpan2165" value="ⲉ̄ⲧⲟⲩⲁⲁⲃ"/>
		<feat xlink:href="#sSpan2172" value="ϩⲓϫⲙ̄ⲡⲉⲥ̄ⳁⲟ︤ⲥ︥"/>
		<feat xlink:href="#sSpan2182" value="·"/>
		<feat xlink:href="#sSpan2186" value="ⲉ̄ⲃⲟⲗ"/>
		<feat xlink:href="#sSpan2190" value="ϫⲉⲁⲩⲕⲁⲁϥ"/>
		<feat xlink:href="#sSpan2203" value="ⲕⲁϩⲏⲩ"/>
		<feat xlink:href="#sSpan2207" value="ⲛ̄ⲛⲉϥϩⲟⲓ̈ⲧⲉ"/>
		<feat xlink:href="#sSpan2216" value="ⲁⲩⲡⲟϣⲟⲩ"/>
		<feat xlink:href="#sSpan2227" value="ⲉ̄ϫⲱⲟⲩ"/>
		<feat xlink:href="#sSpan2233" value="·"/>
		<feat xlink:href="#sSpan2237" value="ϭⲱϣⲧ̄"/>
		<feat xlink:href="#sSpan2249" value="ⲱ"/>
		<feat xlink:href="#sSpan2253" value="ⲛⲁⲙⲉⲣⲁⲧⲉ"/>
		<feat xlink:href="#sSpan2260" value="ⲛ̄ⲧⲉⲧⲛ︤ⲛ︥ⲁⲩ"/>
		<feat xlink:href="#sSpan2268" value="ⲉⲧⲙⲛ̄ⲧϣⲁⲛϩⲧⲏϥ"/>
		<feat xlink:href="#sSpan2282" value="ⲙⲡⲛⲟⲩⲧⲉ"/>
		<feat xlink:href="#sSpan2291" value="·"/>
		<feat xlink:href="#sSpan2295" value="ⲡⲉⲧϯϩ︤ⲃ︥ⲥⲱ"/>
		<feat xlink:href="#sSpan2306" value="ϩⲓⲱⲱϥ"/>
		<feat xlink:href="#sSpan2312" value="ⲙ̄ⲡⲥⲱⲛⲧ̄"/>
		<feat xlink:href="#sSpan2321" value="ⲧⲏⲣ︤ϥ︥"/>
		<feat xlink:href="#sSpan2327" value="·"/>
		<feat xlink:href="#sSpan2331" value="ⲁⲩⲕⲁⲁϥ"/>
		<feat xlink:href="#sSpan2345" value="ⲕⲁϩⲏⲩ"/>
		<feat xlink:href="#sSpan2349" value="ⲛ̄ⲛⲉϥϩⲟⲓ̈ⲧⲉ"/>
		<feat xlink:href="#sSpan2358" value="ϩⲓ̈ϫⲙ̄ⲡⲉⲥ̄ⳁⲟ︤ⲥ︥"/>
		<feat xlink:href="#sSpan2368" value="ⲁⲗⲗⲁ"/>
		<feat xlink:href="#sSpan2373" value="ⲡⲣⲏ"/>
		<feat xlink:href="#sSpan2379" value="ϩⲱⲃⲥ̄"/>
		<feat xlink:href="#sSpan2383" value="ⲙ̄ⲡⲉϥϫⲟⲉⲓⲥ"/>
		<feat xlink:href="#sSpan2392" value="ϩⲓⲧⲙ̄ⲡⲕⲁⲕⲉ"/>
		<feat xlink:href="#sSpan2401" value="ⲛ̄ⲧⲁϥϣⲱⲡⲉ"/>
		<feat xlink:href="#sSpan2412" value="·"/>
		<feat xlink:href="#sSpan2416" value="ϫⲉⲛ̄ⲛⲉⲩⲛⲟϭ"/>
		<feat xlink:href="#sSpan2426" value="ⲙⲙⲏⲥⲧⲏⲣⲓⲟⲛ"/>
		<feat xlink:href="#sSpan2434" value="ⲛ̄ⲧⲁϥϣⲱⲡⲉ"/>
		<feat xlink:href="#sSpan2445" value="ϩⲓϫⲙ̄ⲡⲉⲥ̄ⳁⲟ︤ⲥ︥"/>
		<feat xlink:href="#sSpan2455" value="ⲉ̄ⲃⲟⲗ"/>
		<feat xlink:href="#sSpan2459" value="ϫⲉⲛ̄ⲥⲉⲙⲡϣⲁ"/>
		<feat xlink:href="#sSpan2470" value="ⲙⲙⲟϥ"/>
		<feat xlink:href="#sSpan2476" value="ⲁⲛ"/>
		<feat xlink:href="#sSpan2480" value="ⲡⲉⲛⲧⲁϥⲙⲡϣⲁ"/>
		<feat xlink:href="#sSpan2497" value="ⲅⲁⲣ"/>
		<feat xlink:href="#sSpan2501" value="ⲁϥⲑⲉⲱⲣⲉⲓ"/>
		<feat xlink:href="#sSpan2511" value="ⲙⲡϫⲱⲕ"/>
		<feat xlink:href="#sSpan2519" value="ⲧⲏⲣϥ̄"/>
		<feat xlink:href="#sSpan2526" value="ⲛ̄ⲧⲉϥⲙⲛ̄ⲧⲛⲟⲩⲧⲉ"/>
		<feat xlink:href="#sSpan2537" value="·"/>
		<feat xlink:href="#sSpan2541" value="ⲙⲡⲛⲁⲩ"/>
		<feat xlink:href="#sSpan2549" value="ⲉⲧⲙⲙⲁⲩ"/>
		<feat xlink:href="#sSpan2556" value="·"/>
		<feat xlink:href="#sSpan2560" value="ⲛⲓⲙ"/>
		<feat xlink:href="#sSpan2569" value="ϭⲉ"/>
		<feat xlink:href="#sSpan2573" value="ⲡⲉⲛⲧⲁϥⲙ̄ⲡϣⲁ"/>
		<feat xlink:href="#sSpan2586" value="ⲙ̄ⲡⲉⲓⲛⲟϭ"/>
		<feat xlink:href="#sSpan2595" value="ⲛ̄ⲧⲁⲓ̈ⲟ"/>
		<feat xlink:href="#sSpan2601" value="·"/>
		<feat xlink:href="#sSpan2605" value="ⲙⲁⲣⲉ⳯ⲉⲓⲙⲉ"/>
		<feat xlink:href="#sSpan2614" value="ⲉ̄ⲣⲟϥ"/>
		<feat xlink:href="#sSpan2620" value="·"/>
		<feat xlink:href="#sSpan2624" value="ⲡⲗⲏⲥⲧⲏⲥ"/>
		<feat xlink:href="#sSpan2635" value="ⲡⲉ"/>
		<feat xlink:href="#sSpan2639" value="ⲉϥⲧⲁⲗⲏⲩ"/>
		<feat xlink:href="#sSpan2647" value="ⲉⲡϫⲓⲥⲉ"/>
		<feat xlink:href="#sSpan2656" value="ⲙ̄ⲡⲉⲥ̄ⳁⲟ︤ⲥ︥"/>
		<feat xlink:href="#sSpan2665" value="ⲁϥⲛⲁⲩ"/>
		<feat xlink:href="#sSpan2674" value="ⲉ̄ϩⲱⲃ"/>
		<feat xlink:href="#sSpan2680" value="ⲛⲓⲙ"/>
		<feat xlink:href="#sSpan2684" value="ⲛ̄ⲧⲁⲩϣⲱⲡⲉ"/>
		<feat xlink:href="#sSpan2695" value="·"/>
		<feat xlink:href="#sSpan2699" value="ⲁⲩⲱ"/>
		<feat xlink:href="#sSpan2703" value="ⲁϥⲧⲉⲗⲏⲗ"/>
		<feat xlink:href="#sSpan2712" value="ϫⲉⲁϥⲛⲁⲩ"/>
		<feat xlink:href="#sSpan2722" value="ⲉ̄ⲣⲟⲟⲩ"/>
		<feat xlink:href="#sSpan2729" value="·"/>
		<feat xlink:href="#sSpan2733" value="ⲟⲩ"/>
		<feat xlink:href="#sSpan2740" value="ⲡⲉ"/>
		<feat xlink:href="#sSpan2744" value="ⲛⲧⲁϥⲛⲁⲩ"/>
		<feat xlink:href="#sSpan2755" value="ⲉ̄ⲣⲟϥ"/>
		<feat xlink:href="#sSpan2761" value="·"/>
		<feat xlink:href="#sSpan2766" value="ⲉⲓⲙⲏⲧⲉⲓ"/>
		<feat xlink:href="#sSpan2770" value="ⲧⲉⲥⲧⲣⲁⲧⲓⲁ"/>
		<feat xlink:href="#sSpan2778" value="ⲛ̄ⲛⲁⲅⲅⲉⲗⲟⲥ"/>
		<feat xlink:href="#sSpan2788" value="ⲉⲩⲕⲱⲧⲉ"/>
		<feat xlink:href="#sSpan2796" value="ⲉ̄ⲡⲉⲥ̄ⳁⲟ︤ⲥ︥"/>
		<feat xlink:href="#sSpan2806" value="ⲉⲩϩⲩⲙⲛⲉⲩⲉ"/>
		<feat xlink:href="#sSpan2815" value="ⲉ̄ⲣⲟϥ"/>
		<feat xlink:href="#sSpan2823" value="·"/>
		<feat xlink:href="#sSpan2827" value="ⲡⲉⲓⲱⲧ"/>
		<feat xlink:href="#sSpan2836" value="ϭⲱϣⲧ"/>
		<feat xlink:href="#sSpan2840" value="ⲉⲃⲟⲗ"/>
		<feat xlink:href="#sSpan2845" value="ϩⲛ̄ⲧⲡⲉ"/>
		<feat xlink:href="#sSpan2853" value="·"/>
		<feat xlink:href="#sSpan2857" value="ⲉϥⲑⲉⲱⲣⲉⲓ"/>
		<feat xlink:href="#sSpan2867" value="ⲙ̄ⲡⲉϥϣⲏⲣⲉ"/>
		<feat xlink:href="#sSpan2875" value="ⲡⲉϥⲙⲟⲛⲟⲅⲉⲛⲏⲥ"/>
		<feat xlink:href="#sSpan2883" value="·"/>
		<feat xlink:href="#sSpan2887" value="ⲁⲩⲱ"/>
		<feat xlink:href="#sSpan2892" value="ⲉϥϯⲉⲟⲟⲩ"/>
		<feat xlink:href="#sSpan2902" value="ⲛⲁϥ"/>
		<feat xlink:href="#sSpan2908" value="ⲡⲁⲏⲣ"/>
		<feat xlink:href="#sSpan2919" value="ⲧⲏⲣϥ"/>
		<feat xlink:href="#sSpan2926" value="ⲭⲟⲣⲉⲩⲉ"/>
		<feat xlink:href="#sSpan2930" value="ⲡⲕⲁϩ"/>
		<feat xlink:href="#sSpan2937" value="ⲧⲏⲣ︤ϥ︥"/>
		<feat xlink:href="#sSpan2943" value="ⲉϣⲗⲟⲩⲗⲁⲓ̈"/>
		<feat xlink:href="#sSpan2950" value="ⲉ̄ⲃⲟⲗ"/>
		<feat xlink:href="#sSpan2954" value="ϫⲉⲁⲡⲉϥⲣ̄ⲣⲟ"/>
		<feat xlink:href="#sSpan2965" value="ⲡⲱϩⲧ"/>
		<feat xlink:href="#sSpan2969" value="ⲙ̄ⲡⲉϥⲥ̄ⲛⲟϥ"/>
		<feat xlink:href="#sSpan2978" value="ⲉⲃⲟⲗ"/>
		<feat xlink:href="#sSpan2982" value="ϩⲓϫⲱϥ"/>
		<feat xlink:href="#sSpan2988" value="·"/>
		<feat xlink:href="#sSpan2992" value="ⲛϣⲏⲛ"/>
		<feat xlink:href="#sSpan3002" value="ⲧⲏⲣⲟⲩ"/>
		<feat xlink:href="#sSpan3009" value="ⲧⲁⲩⲉ̄ϩⲣⲏⲣⲉ"/>
		<feat xlink:href="#sSpan3015" value="ⲉ̄ⲃⲟⲗ"/>
		<feat xlink:href="#sSpan3019" value="·"/>
		<feat xlink:href="#sSpan3023" value="ϫⲉⲡϫⲟⲉⲓⲥ"/>
		<feat xlink:href="#sSpan3032" value="ⲁϣⲉ"/>
		<feat xlink:href="#sSpan3036" value="ⲉ̄ϫⲙ̄ⲡϣⲉ"/>
		<feat xlink:href="#sSpan3044" value="ⲙ̄ⲡⲉⲥ̄ⳁⲟ︤ⲥ︥"/>
		<feat xlink:href="#sSpan3054" value="·"/>
		<feat xlink:href="#sSpan3058" value="ⲡϣⲉ"/>
		<feat xlink:href="#sSpan3070" value="ⲛ̄ⲧⲁⲫⲑⲁⲣⲥⲓⲁ"/>
		<feat xlink:href="#sSpan3079" value="·"/>
		<feat xlink:href="#sSpan3083" value="ⲡϣⲉ"/>
		<feat xlink:href="#sSpan3093" value="ⲛ̄ⲕⲁⲛⲟⲃⲉ"/>
		<feat xlink:href="#sSpan3101" value="ⲉ̄ⲃⲟⲗ"/>
		<feat xlink:href="#sSpan3105" value="·"/>
		<feat xlink:href="#sSpan3109" value="ⲡϣⲉ"/>
		<feat xlink:href="#sSpan3119" value="ⲛ̄ⲣⲉϥⲧⲁⲗϭⲟ"/>
		<feat xlink:href="#sSpan3127" value="·"/>
		<feat xlink:href="#sSpan3131" value="ⲡϣⲉ"/>
		<feat xlink:href="#sSpan3141" value="ⲛ̄ⲣⲉϥϯⲱⲛ︤ϩ︥"/>
		<feat xlink:href="#sSpan3150" value="·"/>
		<feat xlink:href="#sSpan3154" value="ⲡϣⲉ"/>
		<feat xlink:href="#sSpan3164" value="ⲛ̄ⲣⲉϥϯⲕⲁⲣⲡⲟⲥ"/>
		<feat xlink:href="#sSpan3174" value="·"/>
		<feat xlink:href="#sSpan3178" value="ⲡϣⲉ"/>
		<feat xlink:href="#sSpan3188" value="ⲙ̄ⲡⲉⲙⲧⲟⲛ"/>
		<feat xlink:href="#sSpan3196" value="·"/>
		<feat xlink:href="#sSpan3200" value="ⲡϣⲉ"/>
		<feat xlink:href="#sSpan3210" value="ⲙ̄ⲡⲟⲩⲛⲟϥ"/>
		<feat xlink:href="#sSpan3218" value="·"/>
		<feat xlink:href="#sSpan3222" value="ⲡϣⲉ"/>
		<feat xlink:href="#sSpan3232" value="ⲙ̄ⲡⲣⲁϣⲉ"/>
		<feat xlink:href="#sSpan3240" value="·"/>
		<feat xlink:href="#sSpan3244" value="ⲡϣⲉ"/>
		<feat xlink:href="#sSpan3254" value="ⲙ̄ⲡⲟⲩϫⲁⲓ̈"/>
		<feat xlink:href="#sSpan3262" value="·"/>
		<feat xlink:href="#sSpan3266" value="ⲡϣⲉ"/>
		<feat xlink:href="#sSpan3276" value="ⲙ̄ⲡⲉⲥⲙⲟⲩ"/>
		<feat xlink:href="#sSpan3284" value="·"/>
		<feat xlink:href="#sSpan3288" value="ⲡϣⲉ"/>
		<feat xlink:href="#sSpan3298" value="ⲙ̄ⲡⲱⲛ︤ϩ︥"/>
		<feat xlink:href="#sSpan3306" value="·"/>
		<feat xlink:href="#sSpan3310" value="ⲡϣⲉ"/>
		<feat xlink:href="#sSpan3320" value="ⲛ̄ⲧⲉⲭⲁⲣⲓⲥ"/>
		<feat xlink:href="#sSpan3329" value="ⲙ̄ⲡⲉ⳯ϫⲟⲉⲓⲥ"/>
		<feat xlink:href="#sSpan3339" value="ⲓ︦ⲥ︦"/>
		<feat xlink:href="#sSpan3343" value="ⲡⲉⲭ︦ⲥ︦"/>
		<feat xlink:href="#sSpan3350" value="·"/>
		<feat xlink:href="#sSpan3354" value="ⲡⲉⲛⲧⲁⲩⲁϣⲧϥ̄"/>
		<feat xlink:href="#sSpan3371" value="ϩⲓ̈ϫⲙ̄ⲡϣⲉ"/>
		<feat xlink:href="#sSpan3380" value="ⲙ̄ⲡⲉⲥ̄ⳁⲟ︤ⲥ︥"/>
		<feat xlink:href="#sSpan3389" value="·"/>
		<feat xlink:href="#sSpan3393" value="ⲁⲓ̈ⲛⲁⲩ"/>
		<feat xlink:href="#sSpan3407" value="ⲉⲡⲥⲱⲛⲧ"/>
		<feat xlink:href="#sSpan3415" value="ⲧⲏⲣϥ̄"/>
		<feat xlink:href="#sSpan3422" value="ⲉϥⲧⲁϩⲏⲩ"/>
		<feat xlink:href="#sSpan3430" value="ⲉ̄ⲣⲁⲧϥ̄"/>
		<feat xlink:href="#sSpan3436" value="ⲁⲩⲱ"/>
		<feat xlink:href="#sSpan3441" value="ⲉϥⲥⲙⲟⲛⲧ̄"/>
		<feat xlink:href="#sSpan3449" value="ϩ︤ⲙ︥ⲡⲉⲡⲣⲟⲥⲱⲡⲟⲛ"/>
		<feat xlink:href="#sSpan3459" value="ⲙ̄ⲡⲉⲥ̄ⳁⲟ︤ⲥ︥"/>
		<feat xlink:href="#sSpan3469" value="·"/>
		<feat xlink:href="#sSpan3473" value="ⲡⲉⲧⲉϣⲁϥⲣⲡⲣⲱⲙⲉ"/>
		<feat xlink:href="#sSpan3495" value="ⲛ̄ⲃⲣ̄ⲣⲉ"/>
		<feat xlink:href="#sSpan3501" value="ⲛ̄ⲕⲉⲥⲟⲡ"/>
		<feat xlink:href="#sSpan3513" value="·"/>
		<feat xlink:href="#sSpan3517" value="ⲙⲛ̄ⲛⲥⲁⲛ̄ⲥⲉⲣ̄ⲁⲥ"/>
		<feat xlink:href="#sSpan3530" value="·"/>
		<feat xlink:href="#sSpan3534" value="ϣⲁⲩϯⲙⲁⲉⲓⲛ"/>
		<feat xlink:href="#sSpan3545" value="ⲉ̄ⲣⲟϥ"/>
		<feat xlink:href="#sSpan3551" value="ϩⲓⲧⲙ̄ⲡⲃⲁⲡⲧⲓⲥⲙⲁ"/>
		<feat xlink:href="#sSpan3561" value="ⲉ̄ⲧⲟⲩⲁⲁⲃ"/>
		<feat xlink:href="#sSpan3568" value="·"/>
		<feat xlink:href="#sSpan3572" value="ⲉ̄ϣⲁⲩⲁⲁϥ"/>
		<feat xlink:href="#sSpan3584" value="ϩⲙ̄ⲡⲛⲉϩ"/>
		<feat xlink:href="#sSpan3593" value="ⲙⲛ̄ⲧⲉⲥⲫⲣⲁⲅⲓⲥ"/>
		<feat xlink:href="#sSpan3603" value="ⲙ̄ⲡⲉⲭ︦ⲥ︦"/>
		<feat xlink:href="#sSpan3612" value="·"/>
		<feat xlink:href="#sSpan3616" value="ⲡⲉⲥ̄ⳁⲟ︤ⲥ︥"/>
		<feat xlink:href="#sSpan3627" value="ⲡⲉ"/>
		<feat xlink:href="#sSpan3631" value="ϣⲁϥⲕⲁⲑⲁⲣⲓⲍⲉ"/>
		<feat xlink:href="#sSpan3641" value="ⲙ̄ⲡ̄ⲣⲱⲙⲉ"/>
		<feat xlink:href="#sSpan3649" value="ⲛ︤ϥ︥ⲡⲱⲧ"/>
		<feat xlink:href="#sSpan3658" value="ⲛ̄ⲥⲁⲛⲉⲛⲉⲣⲅⲓⲁ"/>
		<feat xlink:href="#sSpan3668" value="ⲛϥ̄ⲛⲁϫⲟⲩ"/>
		<feat xlink:href="#sSpan3680" value="ⲉ̄ⲃⲟⲗ"/>
		<feat xlink:href="#sSpan3685" value="ⲛ̄ϩⲏⲧϥ̄"/>
		<feat xlink:href="#sSpan3691" value="·"/>
		<feat xlink:href="#sSpan3695" value="ⲡⲉⲥ̄ⳁⲟ︤ⲥ︥"/>
		<feat xlink:href="#sSpan3706" value="ⲡⲉ"/>
		<feat xlink:href="#sSpan3710" value="ⲡⲙⲏⲥⲧⲏⲣⲓⲟⲛ"/>
		<feat xlink:href="#sSpan3718" value="ⲉ̄ⲧⲟⲩⲁⲁⲃ"/>
		<feat xlink:href="#sSpan3725" value="ϩⲟⲧⲁⲛ"/>
		<feat xlink:href="#sSpan3734" value="ⲅⲁⲣ"/>
		<feat xlink:href="#sSpan3738" value="ⲉⲩϣⲁⲛⲥⲫⲣⲁⲅⲓⲍⲉ"/>
		<feat xlink:href="#sSpan3746" value="ⲙ̄ⲡⲟⲉⲓⲕ"/>
		<feat xlink:href="#sSpan3755" value="ⲙ︤ⲛ︥ⲡⲡⲟⲧⲏⲣⲓⲟⲛ"/>
		<feat xlink:href="#sSpan3765" value="ϩⲓϫⲛ̄ⲧⲉⲧⲣⲁⲡⲉⲍⲁ"/>
		<feat xlink:href="#sSpan3774" value="ⲉ̄ⲧⲟⲩⲁⲁⲃ"/>
		<feat xlink:href="#sSpan3781" value="·"/>
		<feat xlink:href="#sSpan3785" value="ⲁⲩⲱ"/>
		<feat xlink:href="#sSpan3789" value="ⲛ̄ⲥⲉⲉⲡⲓⲧⲉⲗⲉⲓ"/>
		<feat xlink:href="#sSpan3799" value="ⲉ̄ϫⲱⲟⲩ"/>
		<feat xlink:href="#sSpan3806" value="ⲟⲩⲕ"/>
		<feat xlink:href="#sSpan3811" value="ⲉⲧⲉⲓ"/>
		<feat xlink:href="#sSpan3817" value="ⲛⲟⲩⲟ̄ⲉⲓⲕ"/>
		<feat xlink:href="#sSpan3825" value="ⲁⲛ"/>
		<feat xlink:href="#sSpan3830" value="ⲡⲉ"/>
		<feat xlink:href="#sSpan3834" value="·"/>
		<feat xlink:href="#sSpan3838" value="ⲙ︤ⲛ︥ⲟⲩⲏⲣ︤ⲡ︥"/>
		<feat xlink:href="#sSpan3846" value="ⲛ̄ⲕⲉⲥⲟⲡ"/>
		<feat xlink:href="#sSpan3855" value="·"/>
		<feat xlink:href="#sSpan3860" value="ⲁⲗⲗⲁ"/>
		<feat xlink:href="#sSpan3864" value="ⲟⲩⲥⲱⲙⲁ"/>
		<feat xlink:href="#sSpan3872" value="ⲡⲉ"/>
		<feat xlink:href="#sSpan3876" value="ⲙⲛ̄ⲟⲩⲥ̄ⲛⲟϥ"/>
		<feat xlink:href="#sSpan3885" value="ⲉϥⲟⲩⲁⲁⲃ"/>
		<feat xlink:href="#sSpan3893" value="·"/>
		<feat xlink:href="#sSpan3897" value="ⲡⲉⲥ̄ⳁⲟ︤ⲥ︥"/>
		<feat xlink:href="#sSpan3908" value="ⲡⲉ"/>
		<feat xlink:href="#sSpan3912" value="ⲥⲟⲗⲥⲗ"/>
		<feat xlink:href="#sSpan3917" value="ⲛ̄ⲛⲉⲧϩ︤ⲛ︥ϩⲉⲛⲗⲩⲡⲏ"/>
		<feat xlink:href="#sSpan3933" value="ⲉⲧⲃⲉⲛⲉⲩⲛⲟⲃⲉ"/>
		<feat xlink:href="#sSpan3941" value="·"/>
		<feat xlink:href="#sSpan3945" value="ⲡⲉⲥ̄ⳁⲟ︤ⲥ︥"/>
		<feat xlink:href="#sSpan3956" value="ⲡⲉ"/>
		<feat xlink:href="#sSpan3960" value="ⲧⲉϩⲓⲏ̄"/>
		<feat xlink:href="#sSpan3966" value="ⲉⲧⲥⲟⲩⲧⲱⲛ"/>
		<feat xlink:href="#sSpan3973" value="·"/>
		<feat xlink:href="#sSpan3978" value="ϩⲟⲧⲁⲛ"/>
		<feat xlink:href="#sSpan3983" value="ⲉⲩϣⲁⲛⲣ̄ϣⲙⲙⲟ"/>
		<feat xlink:href="#sSpan3991" value="ⲙⲉⲩⲥⲱⲣⲙ̄"/>
		<feat xlink:href="#sSpan4000" value="ⲛ̄ϭⲓⲛⲉⲧⲙⲟⲟϣⲉ"/>
		<feat xlink:href="#sSpan4011" value="ⲛ̄ϩⲏⲧϥ"/>
		<feat xlink:href="#sSpan4017" value="·"/>
		<feat xlink:href="#sSpan4021" value="ⲡⲉⲥ̄ⳁⲟ︤ⲥ︥"/>
		<feat xlink:href="#sSpan4032" value="ⲡⲉ"/>
		<feat xlink:href="#sSpan4036" value="ⲡⲡⲩⲣⲅⲟⲥ"/>
		<feat xlink:href="#sSpan4044" value="ⲉϥϫⲟⲥⲉ"/>
		<feat xlink:href="#sSpan4052" value="ⲉϣⲁϥϣⲱⲡ"/>
		<feat xlink:href="#sSpan4064" value="ⲉ̄ⲣⲟϥ"/>
		<feat xlink:href="#sSpan4070" value="ⲛ̄ⲛⲉⲧⲡⲏⲧ"/>
		<feat xlink:href="#sSpan4081" value="ⲉ̄ⲣⲁⲧϥ"/>
		<feat xlink:href="#sSpan4087" value="·"/>
		<feat xlink:href="#sSpan4091" value="ⲡⲉⲥ̄ⳁⲟ︤ⲥ︥"/>
		<feat xlink:href="#sSpan4102" value="ⲡⲉ"/>
		<feat xlink:href="#sSpan4106" value="ⲧⲉϭⲗⲟⲟϭⲉ"/>
		<feat xlink:href="#sSpan4112" value="ⲛ̄ⲣⲉϥϫⲓⲣⲱⲙⲉ"/>
		<feat xlink:href="#sSpan4122" value="ⲉϩⲣⲁⲓ̈"/>
		<feat xlink:href="#sSpan4127" value="ⲉⲧⲡⲉ"/>
		<feat xlink:href="#sSpan4135" value="·"/>
		<feat xlink:href="#sSpan4139" value="ⲡⲉⲥ̄ⳁⲟ︤ⲥ︥"/>
		<feat xlink:href="#sSpan4150" value="ⲡⲉ"/>
		<feat xlink:href="#sSpan4154" value="ⲑⲃⲥⲱ"/>
		<feat xlink:href="#sSpan4161" value="ⲉϣⲁⲣⲉⲛⲉⲭⲣⲏⲥⲧⲓⲁⲛⲟⲥ"/>
		<feat xlink:href="#sSpan4174" value="ⲫⲱⲣⲉⲓ"/>
		<feat xlink:href="#sSpan4178" value="ⲙⲙⲟⲥ"/>
		<feat xlink:href="#sSpan4185" value="·"/>
		<feat xlink:href="#sSpan4189" value="ⲡⲉⲥ̄ⳁⲟ︤ⲥ︥"/>
		<feat xlink:href="#sSpan4200" value="ⲡⲉ"/>
		<feat xlink:href="#sSpan4204" value="ⲡⲃⲟⲏ̄ⲑⲟⲥ"/>
		<feat xlink:href="#sSpan4212" value="ⲛ̄ⲛⲉⲉ̄ⲃⲓⲏⲛ"/>
		<feat xlink:href="#sSpan4220" value="·"/>
		<feat xlink:href="#sSpan4224" value="ⲁⲩⲱ"/>
		<feat xlink:href="#sSpan4229" value="ⲉⲧⲃⲟⲏⲑⲓⲁ"/>
		<feat xlink:href="#sSpan4238" value="ⲉ̄ⲛⲉⲧϩⲏϣ"/>
		<feat xlink:href="#sSpan4249" value="·"/>
		<feat xlink:href="#sSpan4253" value="ⲡⲉⲥ̄ⳁⲟ︤ⲥ︥"/>
		<feat xlink:href="#sSpan4264" value="ⲡⲉ"/>
		<feat xlink:href="#sSpan4268" value="ⲛⲧⲁϥϣⲟⲣϣ︤ⲣ︥"/>
		<feat xlink:href="#sSpan4279" value="ⲙ̄ⲡⲣ̄ⲡⲉ"/>
		<feat xlink:href="#sSpan4287" value="ⲛ̄ⲛⲓ̈ⲟⲩⲇⲁⲓ̈"/>
		<feat xlink:href="#sSpan4297" value="·"/>
		<feat xlink:href="#sSpan4301" value="ⲁϥⲧⲣⲉⲩⲟⲩⲱⲛ"/>
		<feat xlink:href="#sSpan4314" value="ⲛ̄ⲧⲉⲕⲕⲗⲏⲥⲓⲁ"/>
		<feat xlink:href="#sSpan4324" value="·"/>
		<feat xlink:href="#sSpan4328" value="ⲁϥⲥⲧⲉⲫⲁⲛⲟⲩ"/>
		<feat xlink:href="#sSpan4338" value="ⲙⲙⲟⲥ"/>
		<feat xlink:href="#sSpan4344" value="·"/>
		<feat xlink:href="#sSpan4348" value="ⲡⲉⲥ̄ⳁⲟ︤ⲥ︥"/>
		<feat xlink:href="#sSpan4359" value="ⲁϥϣⲟⲣϣ︤ⲣ︥"/>
		<feat xlink:href="#sSpan4368" value="ⲛ̄ⲛ̄ⲇⲁⲓⲙⲟⲛⲓⲟⲛ"/>
		<feat xlink:href="#sSpan4378" value="ⲁϥⲛⲁϫⲟⲩ"/>
		<feat xlink:href="#sSpan4388" value="ⲉⲃⲟⲗ"/>
		<feat xlink:href="#sSpan4392" value="ϩⲛ̄ⲟⲩϩⲟⲧⲉ"/>
		<feat xlink:href="#sSpan4401" value="·"/>
		<feat xlink:href="#sSpan4405" value="ⲡⲉⲥ̄ⳁⲟ︤ⲥ︥"/>
		<feat xlink:href="#sSpan4416" value="ⲡⲉ"/>
		<feat xlink:href="#sSpan4420" value="ⲡⲉⲥⲙⲓ̈ⲛⲉ"/>
		<feat xlink:href="#sSpan4427" value="ⲛ̄ⲛⲉⲉϫⲏⲩ"/>
		<feat xlink:href="#sSpan4435" value="ⲉ̄ⲧⲣ̄ϩⲱⲧ"/>
		<feat xlink:href="#sSpan4444" value="ϩⲛ̄ⲟⲩⲙⲛ̄ⲧⲥⲁⲓ̈ⲉ"/>
		<feat xlink:href="#sSpan4455" value="·"/>
		<feat xlink:href="#sSpan4459" value="ⲡⲉⲥ̄ⳁⲟ︤ⲥ︥"/>
		<feat xlink:href="#sSpan4470" value="ⲡⲉ"/>
		<feat xlink:href="#sSpan4474" value="ⲡⲉⲥⲙⲓ̈ⲛⲉ"/>
		<feat xlink:href="#sSpan4481" value="ⲛⲛⲉⲟⲩⲏⲏⲃ"/>
		<feat xlink:href="#sSpan4489" value="ⲉⲧϩ︤ⲙ︥ⲡⲏⲓ̈"/>
		<feat xlink:href="#sSpan4500" value="ⲙⲡⲛⲟⲩⲧⲉ"/>
		<feat xlink:href="#sSpan4509" value="ϩⲛ̄ⲟⲩⲙ︤ⲛ︥ⲧⲥⲁⲃⲉ"/>
		<feat xlink:href="#sSpan4519" value="·"/>
		<feat xlink:href="#sSpan4523" value="ⲡⲉⲥ̄ⳁⲟ︤ⲥ︥"/>
		<feat xlink:href="#sSpan4534" value="ⲡⲉ"/>
		<feat xlink:href="#sSpan4538" value="ⲡⲉⲕⲣⲓⲧⲏⲥ"/>
		<feat xlink:href="#sSpan4546" value="ⲛ̄ⲛⲁⲧⲡⲱⲱⲛⲉ"/>
		<feat xlink:href="#sSpan4557" value="ⲛⲛⲁⲡⲟⲥⲧⲟⲗⲟⲥ"/>
		<feat xlink:href="#sSpan4567" value="·"/></featList></paula>