<?xml version='1.0' encoding='UTF-8'?><!DOCTYPE paula SYSTEM "paula_feat.dtd">
<paula version="1.1">
	<header paula_id="scriptorium.pistis.sophia_book_1_part4.mark_pb_xml_id"/>
	<featList xmlns:xlink="http://www.w3.org/1999/xlink" type="pb_xml_id" xml:base="scriptorium.pistis.sophia_book_1_part4.mark.xml">
		<feat xlink:href="#sSpan9" value="AQ89"/>
		<feat xlink:href="#sSpan155" value="AQ90"/>
		<feat xlink:href="#sSpan840" value="AQ91"/>
		<feat xlink:href="#sSpan1458" value="AQ92"/>
		<feat xlink:href="#sSpan2084" value="AQ93"/>
		<feat xlink:href="#sSpan2746" value="AQ94"/>
		<feat xlink:href="#sSpan3391" value="AQ95"/>
		<feat xlink:href="#sSpan3938" value="AQ96"/>
		<feat xlink:href="#sSpan4498" value="AQ97"/>
		<feat xlink:href="#sSpan5037" value="AQ98"/>
		<feat xlink:href="#sSpan5603" value="AQ99"/>
		<feat xlink:href="#sSpan6134" value="AQ100"/>
		<feat xlink:href="#sSpan6655" value="AQ101"/>
		<feat xlink:href="#sSpan7182" value="AQ102"/>
		<feat xlink:href="#sSpan7707" value="AQ103"/>
		<feat xlink:href="#sSpan8262" value="AQ104"/>
		<feat xlink:href="#sSpan8841" value="AQ104"/>
		<feat xlink:href="#sSpan9373" value="AQ105"/>
		<feat xlink:href="#sSpan9955" value="AQ105"/>
		<feat xlink:href="#sSpan10530" value="AQ106"/>
		<feat xlink:href="#sSpan11123" value="AQ107"/>
		<feat xlink:href="#sSpan11642" value="AQ108"/>
		<feat xlink:href="#sSpan12266" value="AQ109"/>
		<feat xlink:href="#sSpan12835" value="AQ110"/>
		<feat xlink:href="#sSpan13402" value="AQ111"/>
		<feat xlink:href="#sSpan14059" value="AQ112"/>
		<feat xlink:href="#sSpan14732" value="AQ113"/>
		<feat xlink:href="#sSpan15272" value="AQ114"/>
		<feat xlink:href="#sSpan15728" value="AQ115"/>
		<feat xlink:href="#sSpan16386" value="AQ116"/>
		<feat xlink:href="#sSpan16999" value="AQ117"/></featList></paula>