<?xml version='1.0' encoding='UTF-8'?><!DOCTYPE paula SYSTEM "paula_feat.dtd">
<paula version="1.1">
	<header paula_id="scriptorium.exhortations.mark_lang"/>
	<featList xmlns:xlink="http://www.w3.org/1999/xlink" type="lang" xml:base="scriptorium.exhortations.mark.xml">
		<feat xlink:href="#sSpan1" value="Greek"/>
		<feat xlink:href="#sSpan85" value="Greek"/>
		<feat xlink:href="#sSpan114" value="Greek"/>
		<feat xlink:href="#sSpan124" value="Greek"/>
		<feat xlink:href="#sSpan198" value="Greek"/>
		<feat xlink:href="#sSpan283" value="Greek"/>
		<feat xlink:href="#sSpan399" value="Greek"/>
		<feat xlink:href="#sSpan422" value="Greek"/>
		<feat xlink:href="#sSpan458" value="Greek"/>
		<feat xlink:href="#sSpan532" value="Greek"/>
		<feat xlink:href="#sSpan544" value="Greek"/>
		<feat xlink:href="#sSpan591" value="Greek"/>
		<feat xlink:href="#sSpan604" value="Greek"/>
		<feat xlink:href="#sSpan622" value="Hebrew"/>
		<feat xlink:href="#sSpan638" value="Hebrew"/>
		<feat xlink:href="#sSpan688" value="Greek"/>
		<feat xlink:href="#sSpan805" value="Greek"/>
		<feat xlink:href="#sSpan845" value="Greek"/>
		<feat xlink:href="#sSpan945" value="Greek"/>
		<feat xlink:href="#sSpan1018" value="Greek"/>
		<feat xlink:href="#sSpan1031" value="Greek"/>
		<feat xlink:href="#sSpan1057" value="Greek"/>
		<feat xlink:href="#sSpan1146" value="Greek"/>
		<feat xlink:href="#sSpan1213" value="Greek"/>
		<feat xlink:href="#sSpan1279" value="Greek"/>
		<feat xlink:href="#sSpan1360" value="Greek"/>
		<feat xlink:href="#sSpan1386" value="Greek"/>
		<feat xlink:href="#sSpan1425" value="Greek"/></featList></paula>