<?xml version='1.0' encoding='UTF-8'?><!DOCTYPE paula SYSTEM "paula_feat.dtd">
<paula version="1.1">
	<header paula_id="scriptorium.shenoute.dirt.GL71-74.mark_lb_n"/>
	<featList xmlns:xlink="http://www.w3.org/1999/xlink" type="lb_n" xml:base="scriptorium.shenoute.dirt.GL71-74.mark.xml">
		<feat xlink:href="#sSpan5" value="1"/>
		<feat xlink:href="#sSpan33" value="2"/>
		<feat xlink:href="#sSpan50" value="3"/>
		<feat xlink:href="#sSpan67" value="4"/>
		<feat xlink:href="#sSpan78" value="5"/>
		<feat xlink:href="#sSpan87" value="6"/>
		<feat xlink:href="#sSpan100" value="7"/>
		<feat xlink:href="#sSpan112" value="1"/>
		<feat xlink:href="#sSpan129" value="2"/>
		<feat xlink:href="#sSpan142" value="3"/>
		<feat xlink:href="#sSpan156" value="4"/>
		<feat xlink:href="#sSpan171" value="5"/>
		<feat xlink:href="#sSpan183" value="6"/>
		<feat xlink:href="#sSpan196" value="7"/>
		<feat xlink:href="#sSpan208" value="8"/>
		<feat xlink:href="#sSpan230" value="9"/>
		<feat xlink:href="#sSpan250" value="10"/>
		<feat xlink:href="#sSpan263" value="11"/>
		<feat xlink:href="#sSpan280" value="12"/>
		<feat xlink:href="#sSpan295" value="13"/>
		<feat xlink:href="#sSpan308" value="14"/>
		<feat xlink:href="#sSpan318" value="15"/>
		<feat xlink:href="#sSpan337" value="16"/>
		<feat xlink:href="#sSpan352" value="17"/>
		<feat xlink:href="#sSpan365" value="18"/>
		<feat xlink:href="#sSpan382" value="19"/>
		<feat xlink:href="#sSpan395" value="20"/>
		<feat xlink:href="#sSpan410" value="21"/>
		<feat xlink:href="#sSpan433" value="22"/>
		<feat xlink:href="#sSpan444" value="23"/>
		<feat xlink:href="#sSpan463" value="24"/>
		<feat xlink:href="#sSpan471" value="25"/>
		<feat xlink:href="#sSpan491" value="26"/>
		<feat xlink:href="#sSpan509" value="27"/>
		<feat xlink:href="#sSpan522" value="28"/>
		<feat xlink:href="#sSpan537" value="29"/>
		<feat xlink:href="#sSpan552" value="1"/>
		<feat xlink:href="#sSpan565" value="2"/>
		<feat xlink:href="#sSpan587" value="3"/>
		<feat xlink:href="#sSpan602" value="4"/>
		<feat xlink:href="#sSpan623" value="5"/>
		<feat xlink:href="#sSpan639" value="6"/>
		<feat xlink:href="#sSpan656" value="7"/>
		<feat xlink:href="#sSpan670" value="8"/>
		<feat xlink:href="#sSpan684" value="9"/>
		<feat xlink:href="#sSpan690" value="10"/>
		<feat xlink:href="#sSpan707" value="11"/>
		<feat xlink:href="#sSpan724" value="12"/>
		<feat xlink:href="#sSpan735" value="13"/>
		<feat xlink:href="#sSpan755" value="14"/>
		<feat xlink:href="#sSpan767" value="15"/>
		<feat xlink:href="#sSpan784" value="16"/>
		<feat xlink:href="#sSpan793" value="17"/>
		<feat xlink:href="#sSpan801" value="18"/>
		<feat xlink:href="#sSpan815" value="19"/>
		<feat xlink:href="#sSpan829" value="20"/>
		<feat xlink:href="#sSpan851" value="21"/>
		<feat xlink:href="#sSpan865" value="22"/>
		<feat xlink:href="#sSpan874" value="23"/>
		<feat xlink:href="#sSpan892" value="24"/>
		<feat xlink:href="#sSpan903" value="25"/>
		<feat xlink:href="#sSpan918" value="26"/>
		<feat xlink:href="#sSpan932" value="27"/>
		<feat xlink:href="#sSpan946" value="28"/>
		<feat xlink:href="#sSpan967" value="29"/>
		<feat xlink:href="#sSpan982" value="1"/>
		<feat xlink:href="#sSpan1006" value="2"/>
		<feat xlink:href="#sSpan1017" value="3"/>
		<feat xlink:href="#sSpan1030" value="4"/>
		<feat xlink:href="#sSpan1046" value="5"/>
		<feat xlink:href="#sSpan1057" value="6"/>
		<feat xlink:href="#sSpan1077" value="7"/>
		<feat xlink:href="#sSpan1095" value="8"/>
		<feat xlink:href="#sSpan1106" value="9"/>
		<feat xlink:href="#sSpan1127" value="10"/>
		<feat xlink:href="#sSpan1144" value="11"/>
		<feat xlink:href="#sSpan1161" value="12"/>
		<feat xlink:href="#sSpan1178" value="13"/>
		<feat xlink:href="#sSpan1191" value="14"/>
		<feat xlink:href="#sSpan1212" value="15"/>
		<feat xlink:href="#sSpan1225" value="16"/>
		<feat xlink:href="#sSpan1246" value="17"/>
		<feat xlink:href="#sSpan1259" value="18"/>
		<feat xlink:href="#sSpan1272" value="19"/>
		<feat xlink:href="#sSpan1288" value="20"/>
		<feat xlink:href="#sSpan1308" value="21"/>
		<feat xlink:href="#sSpan1320" value="22"/>
		<feat xlink:href="#sSpan1331" value="23"/>
		<feat xlink:href="#sSpan1346" value="24"/>
		<feat xlink:href="#sSpan1357" value="25"/>
		<feat xlink:href="#sSpan1368" value="26"/>
		<feat xlink:href="#sSpan1385" value="27"/>
		<feat xlink:href="#sSpan1398" value="28"/>
		<feat xlink:href="#sSpan1411" value="29"/>
		<feat xlink:href="#sSpan1422" value="30"/>
		<feat xlink:href="#sSpan1433" value="1"/>
		<feat xlink:href="#sSpan1453" value="2"/>
		<feat xlink:href="#sSpan1470" value="3"/>
		<feat xlink:href="#sSpan1486" value="4"/>
		<feat xlink:href="#sSpan1506" value="5"/>
		<feat xlink:href="#sSpan1523" value="6"/>
		<feat xlink:href="#sSpan1539" value="7"/>
		<feat xlink:href="#sSpan1550" value="8"/>
		<feat xlink:href="#sSpan1565" value="9"/>
		<feat xlink:href="#sSpan1579" value="10"/>
		<feat xlink:href="#sSpan1600" value="11"/>
		<feat xlink:href="#sSpan1609" value="12"/>
		<feat xlink:href="#sSpan1622" value="13"/>
		<feat xlink:href="#sSpan1633" value="14"/>
		<feat xlink:href="#sSpan1643" value="15"/>
		<feat xlink:href="#sSpan1656" value="16"/>
		<feat xlink:href="#sSpan1671" value="17"/>
		<feat xlink:href="#sSpan1681" value="18"/>
		<feat xlink:href="#sSpan1700" value="19"/>
		<feat xlink:href="#sSpan1714" value="20"/>
		<feat xlink:href="#sSpan1728" value="21"/>
		<feat xlink:href="#sSpan1743" value="22"/>
		<feat xlink:href="#sSpan1764" value="23"/>
		<feat xlink:href="#sSpan1777" value="24"/>
		<feat xlink:href="#sSpan1792" value="25"/>
		<feat xlink:href="#sSpan1807" value="26"/>
		<feat xlink:href="#sSpan1824" value="27"/>
		<feat xlink:href="#sSpan1844" value="28"/>
		<feat xlink:href="#sSpan1859" value="29"/>
		<feat xlink:href="#sSpan1872" value="30"/>
		<feat xlink:href="#sSpan1887" value="1"/>
		<feat xlink:href="#sSpan1909" value="2"/>
		<feat xlink:href="#sSpan1932" value="3"/>
		<feat xlink:href="#sSpan1940" value="4"/>
		<feat xlink:href="#sSpan1959" value="5"/>
		<feat xlink:href="#sSpan1970" value="6"/>
		<feat xlink:href="#sSpan1983" value="7"/>
		<feat xlink:href="#sSpan1996" value="8"/>
		<feat xlink:href="#sSpan2010" value="9"/>
		<feat xlink:href="#sSpan2019" value="10"/>
		<feat xlink:href="#sSpan2036" value="11"/>
		<feat xlink:href="#sSpan2056" value="12"/>
		<feat xlink:href="#sSpan2078" value="13"/>
		<feat xlink:href="#sSpan2095" value="14"/>
		<feat xlink:href="#sSpan2106" value="15"/>
		<feat xlink:href="#sSpan2121" value="16"/>
		<feat xlink:href="#sSpan2135" value="17"/>
		<feat xlink:href="#sSpan2148" value="18"/>
		<feat xlink:href="#sSpan2166" value="19"/>
		<feat xlink:href="#sSpan2182" value="20"/>
		<feat xlink:href="#sSpan2194" value="21"/>
		<feat xlink:href="#sSpan2210" value="22"/>
		<feat xlink:href="#sSpan2235" value="23"/>
		<feat xlink:href="#sSpan2249" value="24"/>
		<feat xlink:href="#sSpan2266" value="25"/>
		<feat xlink:href="#sSpan2281" value="26"/>
		<feat xlink:href="#sSpan2294" value="27"/>
		<feat xlink:href="#sSpan2308" value="28"/>
		<feat xlink:href="#sSpan2321" value="29"/>
		<feat xlink:href="#sSpan2340" value="1"/>
		<feat xlink:href="#sSpan2361" value="2"/>
		<feat xlink:href="#sSpan2382" value="3"/>
		<feat xlink:href="#sSpan2393" value="4"/>
		<feat xlink:href="#sSpan2409" value="5"/>
		<feat xlink:href="#sSpan2425" value="6"/>
		<feat xlink:href="#sSpan2439" value="7"/>
		<feat xlink:href="#sSpan2458" value="8"/>
		<feat xlink:href="#sSpan2474" value="9"/>
		<feat xlink:href="#sSpan2486" value="10"/>
		<feat xlink:href="#sSpan2501" value="11"/>
		<feat xlink:href="#sSpan2522" value="12"/>
		<feat xlink:href="#sSpan2543" value="13"/>
		<feat xlink:href="#sSpan2565" value="14"/>
		<feat xlink:href="#sSpan2574" value="15"/>
		<feat xlink:href="#sSpan2593" value="16"/>
		<feat xlink:href="#sSpan2606" value="17"/>
		<feat xlink:href="#sSpan2619" value="18"/>
		<feat xlink:href="#sSpan2633" value="19"/>
		<feat xlink:href="#sSpan2644" value="20"/>
		<feat xlink:href="#sSpan2660" value="21"/>
		<feat xlink:href="#sSpan2679" value="22"/>
		<feat xlink:href="#sSpan2690" value="23"/>
		<feat xlink:href="#sSpan2699" value="24"/>
		<feat xlink:href="#sSpan2715" value="25"/>
		<feat xlink:href="#sSpan2736" value="26"/>
		<feat xlink:href="#sSpan2751" value="27"/>
		<feat xlink:href="#sSpan2770" value="28"/>
		<feat xlink:href="#sSpan2783" value="29"/></featList></paula>