<?xml version='1.0' encoding='UTF-8'?><!DOCTYPE paula SYSTEM "paula_feat.dtd">
<paula version="1.1">
	<header paula_id="scriptorium.shenoute.dirt.GL71-74.mark_norm"/>
	<featList xmlns:xlink="http://www.w3.org/1999/xlink" type="norm" xml:base="scriptorium.shenoute.dirt.GL71-74.mark.xml">
		<feat xlink:href="#sSpan1" value="ⲟⲩ"/>
		<feat xlink:href="#sSpan14" value="ⲗⲟⲅⲟⲥ"/>
		<feat xlink:href="#sSpan16" value="·"/>
		<feat xlink:href="#sSpan20" value="ⲉ"/>
		<feat xlink:href="#sSpan24" value="ϥ"/>
		<feat xlink:href="#sSpan26" value="ⲛⲏⲩ"/>
		<feat xlink:href="#sSpan29" value="ⲙⲛⲛⲥⲁ"/>
		<feat xlink:href="#sSpan34" value="ⲡⲁⲓ"/>
		<feat xlink:href="#sSpan36" value="·"/>
		<feat xlink:href="#sSpan40" value="ⲉ"/>
		<feat xlink:href="#sSpan44" value="ⲁ"/>
		<feat xlink:href="#sSpan46" value="ϥ"/>
		<feat xlink:href="#sSpan48" value="ϫⲟⲟ"/>
		<feat xlink:href="#sSpan51" value="ϥ"/>
		<feat xlink:href="#sSpan53" value="·"/>
		<feat xlink:href="#sSpan57" value="ⲛ"/>
		<feat xlink:href="#sSpan61" value="ⲛⲁϩⲣⲛ"/>
		<feat xlink:href="#sSpan63" value="ⲛⲉⲓ"/>
		<feat xlink:href="#sSpan68" value="ⲣⲱⲙⲉ"/>
		<feat xlink:href="#sSpan70" value="ⲟⲛ"/>
		<feat xlink:href="#sSpan74" value="ⲛ"/>
		<feat xlink:href="#sSpan79" value="ⲟⲩⲱⲧ"/>
		<feat xlink:href="#sSpan81" value="ⲙⲛ"/>
		<feat xlink:href="#sSpan85" value="ⲛ"/>
		<feat xlink:href="#sSpan88" value="ⲉⲛⲧ"/>
		<feat xlink:href="#sSpan90" value="ⲁ"/>
		<feat xlink:href="#sSpan92" value="ⲩ"/>
		<feat xlink:href="#sSpan94" value="ⲟⲩⲱϩ"/>
		<feat xlink:href="#sSpan96" value="ⲉⲣⲟ"/>
		<feat xlink:href="#sSpan101" value="ⲟⲩ"/>
		<feat xlink:href="#sSpan103" value=":"/>
		<feat xlink:href="#sSpan108" value="ⲟⲩⲛ"/>
		<feat xlink:href="#sSpan119" value="ϩⲉⲛ"/>
		<feat xlink:href="#sSpan121" value="ⲙⲓⲛⲉ"/>
		<feat xlink:href="#sSpan123" value="ⲛ"/>
		<feat xlink:href="#sSpan127" value="ⲣⲱⲙⲉ"/>
		<feat xlink:href="#sSpan130" value="ⲉ"/>
		<feat xlink:href="#sSpan134" value="ⲩ"/>
		<feat xlink:href="#sSpan136" value="ϣⲟⲗϣⲗ"/>
		<feat xlink:href="#sSpan138" value="ⲛ"/>
		<feat xlink:href="#sSpan143" value="ϩⲉⲛ"/>
		<feat xlink:href="#sSpan145" value="ⲉⲥⲏⲧ"/>
		<feat xlink:href="#sSpan147" value="ϩⲛ"/>
		<feat xlink:href="#sSpan151" value="ⲛ"/>
		<feat xlink:href="#sSpan154" value="ⲕⲟⲡⲣⲓⲁ"/>
		<feat xlink:href="#sSpan157" value="·"/>
		<feat xlink:href="#sSpan161" value="ⲁⲩⲱ"/>
		<feat xlink:href="#sSpan165" value="ϩⲛ"/>
		<feat xlink:href="#sSpan169" value="ϩⲉⲛ"/>
		<feat xlink:href="#sSpan173" value="ⲧⲟⲡⲟⲥ"/>
		<feat xlink:href="#sSpan175" value="ⲉ"/>
		<feat xlink:href="#sSpan179" value="ⲩ"/>
		<feat xlink:href="#sSpan181" value="ⲕⲱⲧⲉ"/>
		<feat xlink:href="#sSpan184" value="ϩⲙ"/>
		<feat xlink:href="#sSpan188" value="ⲡ"/>
		<feat xlink:href="#sSpan190" value="ⲕⲁϩ"/>
		<feat xlink:href="#sSpan192" value="ϣⲁⲛⲧ"/>
		<feat xlink:href="#sSpan197" value="ⲟⲩ"/>
		<feat xlink:href="#sSpan199" value="ϭⲛ"/>
		<feat xlink:href="#sSpan201" value="·"/>
		<feat xlink:href="#sSpan203" value="ϩⲉⲛ"/>
		<feat xlink:href="#sSpan206" value="ⲉⲗⲁⲭⲓⲥⲧⲟⲛ"/>
		<feat xlink:href="#sSpan209" value="·"/>
		<feat xlink:href="#sSpan213" value="ⲛ"/>
		<feat xlink:href="#sSpan217" value="ⲛⲟⲩⲃ"/>
		<feat xlink:href="#sSpan219" value="ϩⲓ"/>
		<feat xlink:href="#sSpan223" value="ϩⲁⲧ"/>
		<feat xlink:href="#sSpan226" value="ⲏ"/>
		<feat xlink:href="#sSpan231" value="ϩⲉⲛ"/>
		<feat xlink:href="#sSpan235" value="ϩⲟⲙⲛⲧ"/>
		<feat xlink:href="#sSpan237" value="·"/>
		<feat xlink:href="#sSpan242" value="ⲏ"/>
		<feat xlink:href="#sSpan246" value="ⲛⲧⲟϥ"/>
		<feat xlink:href="#sSpan251" value="ⲡ"/>
		<feat xlink:href="#sSpan255" value="ⲉⲧ"/>
		<feat xlink:href="#sSpan257" value="ϭⲟϫⲃ"/>
		<feat xlink:href="#sSpan259" value="ⲉⲣⲟ"/>
		<feat xlink:href="#sSpan264" value="ⲟⲩ"/>
		<feat xlink:href="#sSpan266" value="·"/>
		<feat xlink:href="#sSpan270" value="ϣⲁϩⲣⲁⲓ"/>
		<feat xlink:href="#sSpan274" value="ⲉ"/>
		<feat xlink:href="#sSpan278" value="ϩⲉⲛ"/>
		<feat xlink:href="#sSpan281" value="ⲥⲁⲁⲧⲉ"/>
		<feat xlink:href="#sSpan283" value="·"/>
		<feat xlink:href="#sSpan287" value="ⲉ"/>
		<feat xlink:href="#sSpan291" value="ⲩ"/>
		<feat xlink:href="#sSpan293" value="ⲕⲱⲧⲉ"/>
		<feat xlink:href="#sSpan296" value="ϣⲁⲛⲧ"/>
		<feat xlink:href="#sSpan300" value="ⲟⲩ"/>
		<feat xlink:href="#sSpan302" value="ϭⲛ"/>
		<feat xlink:href="#sSpan304" value="ⲡⲉⲩ"/>
		<feat xlink:href="#sSpan306" value="ⲱⲛϩ"/>
		<feat xlink:href="#sSpan309" value="·"/>
		<feat xlink:href="#sSpan314" value="ⲁⲛⲟⲛ"/>
		<feat xlink:href="#sSpan323" value="ⲇⲉ"/>
		<feat xlink:href="#sSpan327" value="ⲡⲉⲛ"/>
		<feat xlink:href="#sSpan331" value="ⲱⲛϩ"/>
		<feat xlink:href="#sSpan333" value="ⲟⲩⲟⲛϩ"/>
		<feat xlink:href="#sSpan338" value="ⲛⲁ"/>
		<feat xlink:href="#sSpan342" value="ⲛ"/>
		<feat xlink:href="#sSpan344" value="ⲉⲃⲟⲗ"/>
		<feat xlink:href="#sSpan348" value="ϥ"/>
		<feat xlink:href="#sSpan353" value="ⲛϩⲣⲁⲓ"/>
		<feat xlink:href="#sSpan355" value="ⲛϩⲏⲧ"/>
		<feat xlink:href="#sSpan359" value="ⲛ"/>
		<feat xlink:href="#sSpan361" value="ϥ"/>
		<feat xlink:href="#sSpan366" value="ϩⲏⲛ"/>
		<feat xlink:href="#sSpan368" value="ⲉϩⲟⲩⲛ"/>
		<feat xlink:href="#sSpan372" value="ⲉⲣⲟ"/>
		<feat xlink:href="#sSpan376" value="ⲛ"/>
		<feat xlink:href="#sSpan378" value="ⲧⲛ"/>
		<feat xlink:href="#sSpan383" value="ⲥⲟⲟⲩⲛ"/>
		<feat xlink:href="#sSpan385" value="ⲙⲙⲟ"/>
		<feat xlink:href="#sSpan389" value="ϥ"/>
		<feat xlink:href="#sSpan391" value="ϥ"/>
		<feat xlink:href="#sSpan396" value="ⲙ"/>
		<feat xlink:href="#sSpan398" value="ⲡⲉⲛ"/>
		<feat xlink:href="#sSpan400" value="ⲙⲧⲟ"/>
		<feat xlink:href="#sSpan402" value="ⲉⲃⲟⲗ"/>
		<feat xlink:href="#sSpan406" value="ⲥⲉ"/>
		<feat xlink:href="#sSpan412" value="ϯⲥⲃⲱ"/>
		<feat xlink:href="#sSpan415" value="ⲛⲁ"/>
		<feat xlink:href="#sSpan419" value="ⲛ"/>
		<feat xlink:href="#sSpan421" value="·"/>
		<feat xlink:href="#sSpan425" value="ⲉ"/>
		<feat xlink:href="#sSpan430" value="ⲣⲣⲙⲙⲁⲟ"/>
		<feat xlink:href="#sSpan434" value="ⲛϩⲏⲧ"/>
		<feat xlink:href="#sSpan438" value="ϥ"/>
		<feat xlink:href="#sSpan440" value="ⲁⲩⲱ"/>
		<feat xlink:href="#sSpan445" value="ⲡⲉⲛ"/>
		<feat xlink:href="#sSpan449" value="ϩⲟⲩⲟ"/>
		<feat xlink:href="#sSpan451" value="·"/>
		<feat xlink:href="#sSpan455" value="ⲟ"/>
		<feat xlink:href="#sSpan459" value="ⲛ"/>
		<feat xlink:href="#sSpan464" value="ϩⲏⲕⲉ"/>
		<feat xlink:href="#sSpan467" value="ϩⲉⲛ"/>
		<feat xlink:href="#sSpan476" value="ⲣⲱⲙⲉ"/>
		<feat xlink:href="#sSpan478" value="ⲛ"/>
		<feat xlink:href="#sSpan482" value="ⲧⲉⲓ"/>
		<feat xlink:href="#sSpan484" value="ϩⲉ"/>
		<feat xlink:href="#sSpan487" value="ⲉ"/>
		<feat xlink:href="#sSpan492" value="ⲩ"/>
		<feat xlink:href="#sSpan494" value="ϫⲱⲛⲧ"/>
		<feat xlink:href="#sSpan496" value="·"/>
		<feat xlink:href="#sSpan500" value="ⲥⲟⲡ"/>
		<feat xlink:href="#sSpan505" value="ⲙⲉⲛ"/>
		<feat xlink:href="#sSpan510" value="ϣⲁ"/>
		<feat xlink:href="#sSpan514" value="ⲩ"/>
		<feat xlink:href="#sSpan516" value="ϭⲛ"/>
		<feat xlink:href="#sSpan518" value="ⲡ"/>
		<feat xlink:href="#sSpan520" value="ⲉⲧ"/>
		<feat xlink:href="#sSpan523" value="ⲟⲩ"/>
		<feat xlink:href="#sSpan525" value="ϣⲓⲛⲉ"/>
		<feat xlink:href="#sSpan527" value="ⲛⲥⲱ"/>
		<feat xlink:href="#sSpan531" value="ϥ"/>
		<feat xlink:href="#sSpan533" value="ⲥⲟⲡ"/>
		<feat xlink:href="#sSpan538" value="ⲙⲉ"/>
		<feat xlink:href="#sSpan542" value="ⲩ"/>
		<feat xlink:href="#sSpan544" value="ϭⲛⲧ"/>
		<feat xlink:href="#sSpan546" value="ϥ"/>
		<feat xlink:href="#sSpan548" value="ⲁⲛⲟⲛ"/>
		<feat xlink:href="#sSpan555" value="ⲇⲉ"/>
		<feat xlink:href="#sSpan559" value="ⲉⲛⲛⲁ"/>
		<feat xlink:href="#sSpan563" value="ϫⲱⲛⲧ"/>
		<feat xlink:href="#sSpan566" value="·"/>
		<feat xlink:href="#sSpan570" value="ⲁⲛ"/>
		<feat xlink:href="#sSpan574" value="·"/>
		<feat xlink:href="#sSpan578" value="ⲉ"/>
		<feat xlink:href="#sSpan582" value="ⲛ"/>
		<feat xlink:href="#sSpan585" value="ⲇⲓⲥⲧⲁⲍⲉ"/>
		<feat xlink:href="#sSpan588" value="·"/>
		<feat xlink:href="#sSpan592" value="ϫⲉ"/>
		<feat xlink:href="#sSpan596" value="ⲙⲉϣⲁⲕ"/>
		<feat xlink:href="#sSpan598" value="ⲧⲛ"/>
		<feat xlink:href="#sSpan603" value="ⲛⲁ"/>
		<feat xlink:href="#sSpan605" value="ϩⲉ"/>
		<feat xlink:href="#sSpan607" value="ⲁⲛ"/>
		<feat xlink:href="#sSpan611" value="ⲉ"/>
		<feat xlink:href="#sSpan615" value="ⲡ"/>
		<feat xlink:href="#sSpan617" value="ⲉⲧ"/>
		<feat xlink:href="#sSpan619" value="ⲛ"/>
		<feat xlink:href="#sSpan621" value="ⲕⲱⲧⲉ"/>
		<feat xlink:href="#sSpan624" value="ⲛⲥⲱ"/>
		<feat xlink:href="#sSpan628" value="ϥ"/>
		<feat xlink:href="#sSpan630" value="·"/>
		<feat xlink:href="#sSpan635" value="ⲓⲏⲥⲟⲩⲥ"/>
		<feat xlink:href="#sSpan640" value="ⲡ"/>
		<feat xlink:href="#sSpan644" value="ⲱⲛϩ"/>
		<feat xlink:href="#sSpan646" value="ⲧⲏⲣ"/>
		<feat xlink:href="#sSpan650" value="ϥ"/>
		<feat xlink:href="#sSpan652" value="ϥ"/>
		<feat xlink:href="#sSpan657" value="ⲟⲩⲏϩ"/>
		<feat xlink:href="#sSpan659" value="ⲙⲛ"/>
		<feat xlink:href="#sSpan663" value="ⲛ"/>
		<feat xlink:href="#sSpan665" value="ⲉⲧ"/>
		<feat xlink:href="#sSpan668" value="ϩⲉⲗⲡⲓⲍⲉ"/>
		<feat xlink:href="#sSpan671" value="ⲉⲣⲟ"/>
		<feat xlink:href="#sSpan675" value="ϥ"/>
		<feat xlink:href="#sSpan678" value="ⲭⲱⲣⲓⲥ"/>
		<feat xlink:href="#sSpan682" value="ϫⲛⲁⲁⲩ"/>
		<feat xlink:href="#sSpan686" value="ⲛ"/>
		<feat xlink:href="#sSpan694" value="ⲧ"/>
		<feat xlink:href="#sSpan696" value="ϩⲉ"/>
		<feat xlink:href="#sSpan698" value="ⲛⲧⲁ"/>
		<feat xlink:href="#sSpan702" value="ⲡ"/>
		<feat xlink:href="#sSpan705" value="ⲁⲡⲟⲥⲧⲟⲗⲟⲥ"/>
		<feat xlink:href="#sSpan708" value="ⲉⲧ"/>
		<feat xlink:href="#sSpan712" value="ⲟⲩⲁⲁⲃ"/>
		<feat xlink:href="#sSpan714" value="ϫⲟⲟ"/>
		<feat xlink:href="#sSpan718" value="ⲥ"/>
		<feat xlink:href="#sSpan720" value="ϫⲉ"/>
		<feat xlink:href="#sSpan725" value="ⲛ"/>
		<feat xlink:href="#sSpan727" value="ⲧⲉⲧⲛ"/>
		<feat xlink:href="#sSpan729" value="ⲉⲓⲙⲉ"/>
		<feat xlink:href="#sSpan731" value="ⲉⲣⲱ"/>
		<feat xlink:href="#sSpan736" value="ⲧⲛ"/>
		<feat xlink:href="#sSpan738" value="·"/>
		<feat xlink:href="#sSpan742" value="ⲁⲛ"/>
		<feat xlink:href="#sSpan746" value="ϫⲉ"/>
		<feat xlink:href="#sSpan750" value="ⲡⲉ"/>
		<feat xlink:href="#sSpan753" value="ⲭⲣⲓⲥⲧⲟⲥ"/>
		<feat xlink:href="#sSpan757" value="ⲓⲏⲥⲟⲩⲥ"/>
		<feat xlink:href="#sSpan761" value="ⲛϩⲏⲧ"/>
		<feat xlink:href="#sSpan765" value="ⲧⲏⲩⲧⲛ"/>
		<feat xlink:href="#sSpan768" value="·"/>
		<feat xlink:href="#sSpan773" value="ⲉⲓⲙⲏⲧⲉⲓ"/>
		<feat xlink:href="#sSpan778" value="ϫⲉ"/>
		<feat xlink:href="#sSpan782" value="ⲙⲉϣⲁⲕ"/>
		<feat xlink:href="#sSpan785" value="ⲛ"/>
		<feat xlink:href="#sSpan789" value="ⲧⲉⲧⲛ"/>
		<feat xlink:href="#sSpan791" value="ϩⲉⲛ"/>
		<feat xlink:href="#sSpan794" value="ϫⲟⲟⲩⲧ"/>
		<feat xlink:href="#sSpan797" value="ⲧⲉⲧⲛ"/>
		<feat xlink:href="#sSpan805" value="ⲛⲁⲩ"/>
		<feat xlink:href="#sSpan807" value="ϫⲉ"/>
		<feat xlink:href="#sSpan811" value="ⲉⲣⲉ"/>
		<feat xlink:href="#sSpan813" value="ⲡⲉ"/>
		<feat xlink:href="#sSpan817" value="ⲭⲣⲏⲙⲁ"/>
		<feat xlink:href="#sSpan819" value="ⲧⲏⲣ"/>
		<feat xlink:href="#sSpan823" value="ϥ"/>
		<feat xlink:href="#sSpan825" value="ⲉⲧⲉ"/>
		<feat xlink:href="#sSpan830" value="ⲡⲉ"/>
		<feat xlink:href="#sSpan833" value="ⲭⲣⲓⲥⲧⲟⲥ"/>
		<feat xlink:href="#sSpan835" value="ⲡⲉ"/>
		<feat xlink:href="#sSpan839" value="·"/>
		<feat xlink:href="#sSpan843" value="ϩⲏⲡ"/>
		<feat xlink:href="#sSpan847" value="ⲛϩⲏⲧ"/>
		<feat xlink:href="#sSpan852" value="ⲛ"/>
		<feat xlink:href="#sSpan854" value="·"/>
		<feat xlink:href="#sSpan859" value="ⲡⲁⲣⲁ"/>
		<feat xlink:href="#sSpan863" value="ⲧⲣⲉ"/>
		<feat xlink:href="#sSpan866" value="ⲛ"/>
		<feat xlink:href="#sSpan868" value="ⲕⲓⲙⲕⲓⲙ"/>
		<feat xlink:href="#sSpan870" value="ⲧⲉⲛⲟⲩ"/>
		<feat xlink:href="#sSpan875" value="ⲉⲣⲟ"/>
		<feat xlink:href="#sSpan879" value="ϥ"/>
		<feat xlink:href="#sSpan881" value="ⲡⲉ"/>
		<feat xlink:href="#sSpan885" value="·"/>
		<feat xlink:href="#sSpan890" value="ⲡⲁⲣⲁ"/>
		<feat xlink:href="#sSpan895" value="ⲧⲣⲉ"/>
		<feat xlink:href="#sSpan897" value="ⲛ"/>
		<feat xlink:href="#sSpan899" value="ϭⲉⲗⲡ"/>
		<feat xlink:href="#sSpan901" value="ϩⲓϩⲣⲁ"/>
		<feat xlink:href="#sSpan904" value="ϥ"/>
		<feat xlink:href="#sSpan906" value="ⲉⲃⲟⲗ"/>
		<feat xlink:href="#sSpan910" value="ⲧⲉⲛⲟⲩ"/>
		<feat xlink:href="#sSpan914" value="ⲡⲉ"/>
		<feat xlink:href="#sSpan920" value="ⲙⲁⲗⲓⲥⲧⲁ"/>
		<feat xlink:href="#sSpan924" value="ⲛ"/>
		<feat xlink:href="#sSpan928" value="ϥ"/>
		<feat xlink:href="#sSpan930" value="ⲟⲩⲏⲏⲩ"/>
		<feat xlink:href="#sSpan933" value="ⲉϩⲣⲁⲓ"/>
		<feat xlink:href="#sSpan937" value="ⲁⲛ"/>
		<feat xlink:href="#sSpan942" value="ⲡⲉⲓ"/>
		<feat xlink:href="#sSpan950" value="ϣⲁϫⲉ"/>
		<feat xlink:href="#sSpan952" value="ⲡⲉ"/>
		<feat xlink:href="#sSpan956" value="·"/>
		<feat xlink:href="#sSpan960" value="ϫⲉ"/>
		<feat xlink:href="#sSpan965" value="ⲡⲁⲣⲁ"/>
		<feat xlink:href="#sSpan968" value="ⲧⲣⲉ"/>
		<feat xlink:href="#sSpan970" value="ⲛ"/>
		<feat xlink:href="#sSpan972" value="ϣⲉⲡ"/>
		<feat xlink:href="#sSpan974" value="·"/>
		<feat xlink:href="#sSpan978" value="ⲟⲩ"/>
		<feat xlink:href="#sSpan985" value="ⲕⲟⲩⲓ"/>
		<feat xlink:href="#sSpan987" value="·"/>
		<feat xlink:href="#sSpan991" value="ⲛ"/>
		<feat xlink:href="#sSpan995" value="ϩⲓⲥⲉ"/>
		<feat xlink:href="#sSpan997" value="ⲡⲉ"/>
		<feat xlink:href="#sSpan1002" value="ⲡⲁⲣⲁ"/>
		<feat xlink:href="#sSpan1007" value="ⲧⲣⲉ"/>
		<feat xlink:href="#sSpan1009" value="ⲛ"/>
		<feat xlink:href="#sSpan1011" value="ⲛⲉϩⲥⲉ"/>
		<feat xlink:href="#sSpan1013" value="ⲙⲙⲟ"/>
		<feat xlink:href="#sSpan1018" value="ϥ"/>
		<feat xlink:href="#sSpan1020" value="ⲛϩⲏⲧ"/>
		<feat xlink:href="#sSpan1024" value="ⲛ"/>
		<feat xlink:href="#sSpan1026" value="ⲡⲉ"/>
		<feat xlink:href="#sSpan1031" value="·"/>
		<feat xlink:href="#sSpan1036" value="ⲡⲁⲣⲁ"/>
		<feat xlink:href="#sSpan1040" value="ⲧⲣⲉ"/>
		<feat xlink:href="#sSpan1042" value="ⲛ"/>
		<feat xlink:href="#sSpan1044" value="ϭⲉⲗⲡ"/>
		<feat xlink:href="#sSpan1047" value="·"/>
		<feat xlink:href="#sSpan1049" value="ⲡⲉⲛ"/>
		<feat xlink:href="#sSpan1051" value="ϩⲏⲧ"/>
		<feat xlink:href="#sSpan1053" value="ⲛⲁ"/>
		<feat xlink:href="#sSpan1058" value="ϥ"/>
		<feat xlink:href="#sSpan1060" value="ⲉⲃⲟⲗ"/>
		<feat xlink:href="#sSpan1064" value="ⲡⲉ"/>
		<feat xlink:href="#sSpan1068" value="·"/>
		<feat xlink:href="#sSpan1073" value="ⲟⲩⲛ"/>
		<feat xlink:href="#sSpan1082" value="ⲟⲩ"/>
		<feat xlink:href="#sSpan1085" value="ⲉⲓⲇⲟⲥ"/>
		<feat xlink:href="#sSpan1087" value="ϣⲟⲟⲡ"/>
		<feat xlink:href="#sSpan1091" value="ⲉ"/>
		<feat xlink:href="#sSpan1096" value="ϣⲁⲣⲉ"/>
		<feat xlink:href="#sSpan1098" value="ⲛ"/>
		<feat xlink:href="#sSpan1100" value="ⲣⲱⲙⲉ"/>
		<feat xlink:href="#sSpan1102" value="ⲛⲧⲁ"/>
		<feat xlink:href="#sSpan1107" value="ⲛ"/>
		<feat xlink:href="#sSpan1109" value="ϫⲟ"/>
		<feat xlink:href="#sSpan1111" value="ⲟⲩ"/>
		<feat xlink:href="#sSpan1113" value="·"/>
		<feat xlink:href="#sSpan1117" value="ⲛⲟϫ"/>
		<feat xlink:href="#sSpan1121" value="ϥ"/>
		<feat xlink:href="#sSpan1123" value="ⲉ"/>
		<feat xlink:href="#sSpan1128" value="ⲡ"/>
		<feat xlink:href="#sSpan1130" value="ⲙⲟⲟⲩ"/>
		<feat xlink:href="#sSpan1132" value="·"/>
		<feat xlink:href="#sSpan1136" value="ⲛ"/>
		<feat xlink:href="#sSpan1140" value="ϥ"/>
		<feat xlink:href="#sSpan1142" value="ϭⲗⲟⲙⲗⲙ"/>
		<feat xlink:href="#sSpan1145" value="ⲉϩⲟⲩⲛ"/>
		<feat xlink:href="#sSpan1149" value="ⲉ"/>
		<feat xlink:href="#sSpan1153" value="ⲡ"/>
		<feat xlink:href="#sSpan1155" value="ⲛⲟⲩⲃ"/>
		<feat xlink:href="#sSpan1157" value="ⲁⲩⲱ"/>
		<feat xlink:href="#sSpan1162" value="ⲉ"/>
		<feat xlink:href="#sSpan1166" value="ⲡ"/>
		<feat xlink:href="#sSpan1168" value="ϩⲁⲧ"/>
		<feat xlink:href="#sSpan1170" value="·"/>
		<feat xlink:href="#sSpan1174" value="ϣⲁⲛⲧⲉ"/>
		<feat xlink:href="#sSpan1179" value="ⲛ"/>
		<feat xlink:href="#sSpan1181" value="ⲉⲧ"/>
		<feat xlink:href="#sSpan1183" value="ⲕⲱⲧⲉ"/>
		<feat xlink:href="#sSpan1185" value="ϩⲛ"/>
		<feat xlink:href="#sSpan1189" value="ⲙ"/>
		<feat xlink:href="#sSpan1192" value="ⲙⲟⲟⲩ"/>
		<feat xlink:href="#sSpan1194" value="·"/>
		<feat xlink:href="#sSpan1198" value="ⲉⲧ"/>
		<feat xlink:href="#sSpan1202" value="ⲧⲏϩ"/>
		<feat xlink:href="#sSpan1204" value="ϩⲉ"/>
		<feat xlink:href="#sSpan1208" value="ⲉⲣⲟ"/>
		<feat xlink:href="#sSpan1213" value="ϥ"/>
		<feat xlink:href="#sSpan1215" value="·"/>
		<feat xlink:href="#sSpan1221" value="ⲛⲧⲟⲕ"/>
		<feat xlink:href="#sSpan1229" value="ϩⲱⲱ"/>
		<feat xlink:href="#sSpan1233" value="ⲕ"/>
		<feat xlink:href="#sSpan1236" value="ⲱ"/>
		<feat xlink:href="#sSpan1240" value="ⲡ"/>
		<feat xlink:href="#sSpan1244" value="ⲣⲱⲙⲉ"/>
		<feat xlink:href="#sSpan1247" value="ⲉⲧ"/>
		<feat xlink:href="#sSpan1251" value="ⲟⲩ"/>
		<feat xlink:href="#sSpan1253" value="ⲕⲱⲧⲉ"/>
		<feat xlink:href="#sSpan1255" value="ⲛⲥⲱ"/>
		<feat xlink:href="#sSpan1260" value="ϥ"/>
		<feat xlink:href="#sSpan1262" value="ⲉⲃⲟⲗ"/>
		<feat xlink:href="#sSpan1266" value="ϩⲓⲧⲛ"/>
		<feat xlink:href="#sSpan1270" value="ⲛ"/>
		<feat xlink:href="#sSpan1273" value="ⲧⲱϩⲙ"/>
		<feat xlink:href="#sSpan1275" value="·"/>
		<feat xlink:href="#sSpan1279" value="ⲛ"/>
		<feat xlink:href="#sSpan1283" value="ⲛⲉ"/>
		<feat xlink:href="#sSpan1286" value="ⲅⲣⲁⲫⲏ"/>
		<feat xlink:href="#sSpan1289" value="·"/>
		<feat xlink:href="#sSpan1293" value="ⲉ"/>
		<feat xlink:href="#sSpan1298" value="ⲙⲉⲧⲁⲛⲟⲉⲓ"/>
		<feat xlink:href="#sSpan1300" value="·"/>
		<feat xlink:href="#sSpan1304" value="ⲙⲁⲣⲉ"/>
		<feat xlink:href="#sSpan1309" value="ⲡ"/>
		<feat xlink:href="#sSpan1312" value="ⲗⲟⲅⲟⲥ"/>
		<feat xlink:href="#sSpan1314" value="ⲙ"/>
		<feat xlink:href="#sSpan1318" value="ⲡ"/>
		<feat xlink:href="#sSpan1321" value="ⲛⲟⲩⲧⲉ"/>
		<feat xlink:href="#sSpan1323" value="ϭⲗⲟⲙⲗⲙ"/>
		<feat xlink:href="#sSpan1327" value="ⲉϩⲟⲩⲛ"/>
		<feat xlink:href="#sSpan1332" value="ⲉⲣⲟ"/>
		<feat xlink:href="#sSpan1336" value="ⲕ"/>
		<feat xlink:href="#sSpan1338" value="ⲛ"/>
		<feat xlink:href="#sSpan1342" value="ϥ"/>
		<feat xlink:href="#sSpan1344" value="ⲁⲙⲁϩⲧⲉ"/>
		<feat xlink:href="#sSpan1347" value="ⲙⲙⲟ"/>
		<feat xlink:href="#sSpan1351" value="ⲕ"/>
		<feat xlink:href="#sSpan1353" value="ϣⲁⲛⲧⲉ"/>
		<feat xlink:href="#sSpan1358" value="ⲛ"/>
		<feat xlink:href="#sSpan1360" value="ⲉⲧ"/>
		<feat xlink:href="#sSpan1362" value="ϣⲓⲛⲉ"/>
		<feat xlink:href="#sSpan1364" value="ⲛⲥⲱ"/>
		<feat xlink:href="#sSpan1369" value="ⲕ"/>
		<feat xlink:href="#sSpan1371" value="·"/>
		<feat xlink:href="#sSpan1375" value="ⲧⲟⲕⲙ"/>
		<feat xlink:href="#sSpan1379" value="ⲉⲕ"/>
		<feat xlink:href="#sSpan1381" value="ⲉϩⲣⲁⲓ"/>
		<feat xlink:href="#sSpan1386" value="ϩⲛ"/>
		<feat xlink:href="#sSpan1390" value="ⲧ"/>
		<feat xlink:href="#sSpan1392" value="ⲗⲟⲓϩⲉ"/>
		<feat xlink:href="#sSpan1394" value="ⲙ"/>
		<feat xlink:href="#sSpan1399" value="ⲡ"/>
		<feat xlink:href="#sSpan1401" value="ⲛⲟⲃⲉ"/>
		<feat xlink:href="#sSpan1403" value="ⲛⲧⲉ"/>
		<feat xlink:href="#sSpan1407" value="ⲟⲩ"/>
		<feat xlink:href="#sSpan1409" value="ⲣⲁϣⲉ"/>
		<feat xlink:href="#sSpan1412" value="ϣⲱⲡⲉ"/>
		<feat xlink:href="#sSpan1416" value="ⲙ"/>
		<feat xlink:href="#sSpan1420" value="ⲡ"/>
		<feat xlink:href="#sSpan1423" value="ⲉⲧ"/>
		<feat xlink:href="#sSpan1425" value="ϣⲁϫⲉ"/>
		<feat xlink:href="#sSpan1427" value="ϩⲙ"/>
		<feat xlink:href="#sSpan1431" value="ⲡ"/>
		<feat xlink:href="#sSpan1435" value="ⲙⲁ"/>
		<feat xlink:href="#sSpan1437" value="ⲛ"/>
		<feat xlink:href="#sSpan1442" value="ϯⲥⲃⲱ"/>
		<feat xlink:href="#sSpan1445" value="·"/>
		<feat xlink:href="#sSpan1449" value="ⲛⲧⲉ"/>
		<feat xlink:href="#sSpan1454" value="ⲡ"/>
		<feat xlink:href="#sSpan1456" value="ⲉⲧ"/>
		<feat xlink:href="#sSpan1458" value="ⲥⲱⲧⲙ"/>
		<feat xlink:href="#sSpan1461" value="ⲇⲉ"/>
		<feat xlink:href="#sSpan1466" value="ⲟⲛ"/>
		<feat xlink:href="#sSpan1472" value="ϯϩⲏⲩ"/>
		<feat xlink:href="#sSpan1477" value="ⲛ"/>
		<feat xlink:href="#sSpan1481" value="ⲧⲉϥ"/>
		<feat xlink:href="#sSpan1484" value="ⲯⲩⲭⲏ"/>
		<feat xlink:href="#sSpan1487" value="·"/>
		<feat xlink:href="#sSpan1491" value="ⲁⲩⲱ"/>
		<feat xlink:href="#sSpan1495" value="ⲛ"/>
		<feat xlink:href="#sSpan1499" value="ϥ"/>
		<feat xlink:href="#sSpan1501" value="ⲧⲙ"/>
		<feat xlink:href="#sSpan1504" value="ϯⲟⲥⲉ"/>
		<feat xlink:href="#sSpan1508" value="ⲙⲙⲟ"/>
		<feat xlink:href="#sSpan1512" value="ϥ"/>
		<feat xlink:href="#sSpan1514" value="·"/>
		<feat xlink:href="#sSpan1519" value="ⲉϣϫⲉ"/>
		<feat xlink:href="#sSpan1528" value="ⲉⲧⲃⲉ"/>
		<feat xlink:href="#sSpan1531" value="ⲟⲩ"/>
		<feat xlink:href="#sSpan1533" value="ⲕⲧⲟ"/>
		<feat xlink:href="#sSpan1535" value="ⲉ"/>
		<feat xlink:href="#sSpan1540" value="ⲡⲁϩⲟⲩ"/>
		<feat xlink:href="#sSpan1542" value="ⲙⲙⲁⲧⲉ"/>
		<feat xlink:href="#sSpan1546" value="ⲁ"/>
		<feat xlink:href="#sSpan1551" value="ⲧ"/>
		<feat xlink:href="#sSpan1553" value="ϩⲓⲙⲉ"/>
		<feat xlink:href="#sSpan1555" value="ⲛ"/>
		<feat xlink:href="#sSpan1559" value="ⲗⲱⲧ"/>
		<feat xlink:href="#sSpan1561" value="ⲡⲱⲱⲛⲉ"/>
		<feat xlink:href="#sSpan1566" value="·"/>
		<feat xlink:href="#sSpan1571" value="ⲁⲛⲧⲓ"/>
		<feat xlink:href="#sSpan1575" value="ⲟⲩ"/>
		<feat xlink:href="#sSpan1577" value="ⲥϩⲓⲙⲉ"/>
		<feat xlink:href="#sSpan1580" value="·"/>
		<feat xlink:href="#sSpan1584" value="ⲁ"/>
		<feat xlink:href="#sSpan1588" value="ⲥ"/>
		<feat xlink:href="#sSpan1590" value="ⲣ"/>
		<feat xlink:href="#sSpan1592" value="ⲟⲩ"/>
		<feat xlink:href="#sSpan1594" value="ⲟⲩⲟⲉⲓⲧ"/>
		<feat xlink:href="#sSpan1596" value="ⲛ"/>
		<feat xlink:href="#sSpan1601" value="ϩⲙⲟⲩ"/>
		<feat xlink:href="#sSpan1604" value="ⲉⲧⲃⲉ"/>
		<feat xlink:href="#sSpan1613" value="ⲟⲩ"/>
		<feat xlink:href="#sSpan1616" value="ϩⲩⲡⲟⲕⲣⲓⲥⲓⲥ"/>
		<feat xlink:href="#sSpan1618" value="ϩⲱⲱ"/>
		<feat xlink:href="#sSpan1623" value="ⲕ"/>
		<feat xlink:href="#sSpan1625" value="ⲛ"/>
		<feat xlink:href="#sSpan1629" value="ⲣⲱⲙⲉ"/>
		<feat xlink:href="#sSpan1631" value="ⲙⲡⲣ"/>
		<feat xlink:href="#sSpan1636" value="ⲧⲣⲉ"/>
		<feat xlink:href="#sSpan1638" value="ⲧⲉⲕ"/>
		<feat xlink:href="#sSpan1641" value="ⲯⲩⲭⲏ"/>
		<feat xlink:href="#sSpan1644" value="ⲡⲱⲱⲛⲉ"/>
		<feat xlink:href="#sSpan1648" value="·"/>
		<feat xlink:href="#sSpan1652" value="ⲉ"/>
		<feat xlink:href="#sSpan1657" value="ⲡ"/>
		<feat xlink:href="#sSpan1659" value="ⲙⲁ"/>
		<feat xlink:href="#sSpan1661" value="ⲛ"/>
		<feat xlink:href="#sSpan1665" value="ⲛⲣϣⲁⲩ"/>
		<feat xlink:href="#sSpan1667" value="ⲛ"/>
		<feat xlink:href="#sSpan1672" value="ⲥ"/>
		<feat xlink:href="#sSpan1674" value="ⲣⲁⲧϣⲁⲩ"/>
		<feat xlink:href="#sSpan1677" value="ⲡ"/>
		<feat xlink:href="#sSpan1685" value="ϣⲱϥ"/>
		<feat xlink:href="#sSpan1687" value="ⲛ"/>
		<feat xlink:href="#sSpan1691" value="ⲧⲉ"/>
		<feat xlink:href="#sSpan1694" value="ⲯⲩⲭⲏ"/>
		<feat xlink:href="#sSpan1696" value="ⲛ"/>
		<feat xlink:href="#sSpan1701" value="ϩⲉⲛ"/>
		<feat xlink:href="#sSpan1703" value="ⲣⲱⲙⲉ"/>
		<feat xlink:href="#sSpan1705" value="ⲉ"/>
		<feat xlink:href="#sSpan1709" value="ⲩ"/>
		<feat xlink:href="#sSpan1712" value="ⲁⲣⲭⲉⲓ"/>
		<feat xlink:href="#sSpan1715" value="ⲙⲛ"/>
		<feat xlink:href="#sSpan1719" value="ⲛ"/>
		<feat xlink:href="#sSpan1721" value="ⲉⲧ"/>
		<feat xlink:href="#sSpan1723" value="ⲟⲩ"/>
		<feat xlink:href="#sSpan1726" value="ⲁⲣⲭⲉⲓ"/>
		<feat xlink:href="#sSpan1729" value="ⲉϫⲱ"/>
		<feat xlink:href="#sSpan1733" value="ⲟⲩ"/>
		<feat xlink:href="#sSpan1735" value="ⲡⲉ"/>
		<feat xlink:href="#sSpan1739" value="ϫⲟⲟ"/>
		<feat xlink:href="#sSpan1744" value="ⲥ"/>
		<feat xlink:href="#sSpan1746" value="ϫⲉ"/>
		<feat xlink:href="#sSpan1750" value="ⲡ"/>
		<feat xlink:href="#sSpan1752" value="ϩⲏⲧ"/>
		<feat xlink:href="#sSpan1754" value="·"/>
		<feat xlink:href="#sSpan1758" value="ⲙ"/>
		<feat xlink:href="#sSpan1762" value="ⲡ"/>
		<feat xlink:href="#sSpan1765" value="ⲉⲧ"/>
		<feat xlink:href="#sSpan1767" value="ϣⲟⲃⲧ"/>
		<feat xlink:href="#sSpan1769" value="ϩⲛ"/>
		<feat xlink:href="#sSpan1773" value="ⲟⲩ"/>
		<feat xlink:href="#sSpan1775" value="ϩⲱⲃ"/>
		<feat xlink:href="#sSpan1778" value="ⲛⲁ"/>
		<feat xlink:href="#sSpan1782" value="ⲙⲕⲁϩ"/>
		<feat xlink:href="#sSpan1784" value="·"/>
		<feat xlink:href="#sSpan1788" value="ⲉⲣⲟ"/>
		<feat xlink:href="#sSpan1793" value="ⲓ"/>
		<feat xlink:href="#sSpan1795" value="ⲉⲓϣⲁⲛ"/>
		<feat xlink:href="#sSpan1799" value="ϫⲡⲓⲟ"/>
		<feat xlink:href="#sSpan1801" value="ϥ"/>
		<feat xlink:href="#sSpan1803" value="ⲡ"/>
		<feat xlink:href="#sSpan1809" value="ⲁⲧϩⲏⲧ"/>
		<feat xlink:href="#sSpan1812" value="ⲛ"/>
		<feat xlink:href="#sSpan1816" value="ⲥ"/>
		<feat xlink:href="#sSpan1818" value="ⲥⲟⲧⲡ"/>
		<feat xlink:href="#sSpan1820" value="ⲁⲛ"/>
		<feat xlink:href="#sSpan1825" value="·"/>
		<feat xlink:href="#sSpan1829" value="ⲉ"/>
		<feat xlink:href="#sSpan1833" value="ⲧⲣⲉ"/>
		<feat xlink:href="#sSpan1835" value="ϩⲉⲛ"/>
		<feat xlink:href="#sSpan1837" value="ⲣⲱⲙⲉ"/>
		<feat xlink:href="#sSpan1839" value="ⲙⲕⲁϩ"/>
		<feat xlink:href="#sSpan1845" value="ⲛϩⲏⲧ"/>
		<feat xlink:href="#sSpan1849" value="ⲉⲣⲟ"/>
		<feat xlink:href="#sSpan1853" value="ⲕ"/>
		<feat xlink:href="#sSpan1855" value="ⲛ"/>
		<feat xlink:href="#sSpan1860" value="ϩⲟⲩⲟ"/>
		<feat xlink:href="#sSpan1862" value="ⲉ"/>
		<feat xlink:href="#sSpan1866" value="ⲧⲣⲉ"/>
		<feat xlink:href="#sSpan1868" value="ⲡ"/>
		<feat xlink:href="#sSpan1870" value="ⲛⲟⲩⲧⲉ"/>
		<feat xlink:href="#sSpan1873" value="ϭⲱⲛⲧ"/>
		<feat xlink:href="#sSpan1877" value="ⲉⲣⲟ"/>
		<feat xlink:href="#sSpan1881" value="ⲕ"/>
		<feat xlink:href="#sSpan1883" value="ⲛⲙⲙⲁ"/>
		<feat xlink:href="#sSpan1890" value="ⲩ"/>
		<feat xlink:href="#sSpan1892" value="ⲛ"/>
		<feat xlink:href="#sSpan1896" value="ⲁϣ"/>
		<feat xlink:href="#sSpan1898" value="ⲛ"/>
		<feat xlink:href="#sSpan1902" value="ϩⲉ"/>
		<feat xlink:href="#sSpan1905" value="ⲛ"/>
		<feat xlink:href="#sSpan1914" value="ϥ"/>
		<feat xlink:href="#sSpan1916" value="ⲛⲁ"/>
		<feat xlink:href="#sSpan1918" value="ϭⲱⲛⲧ"/>
		<feat xlink:href="#sSpan1920" value="·"/>
		<feat xlink:href="#sSpan1924" value="ⲁⲛ"/>
		<feat xlink:href="#sSpan1928" value="ⲉⲕϣⲁⲛ"/>
		<feat xlink:href="#sSpan1934" value="ⲁⲛⲉⲭⲉ"/>
		<feat xlink:href="#sSpan1936" value="ⲛ"/>
		<feat xlink:href="#sSpan1941" value="ⲛ"/>
		<feat xlink:href="#sSpan1943" value="ⲉⲧ"/>
		<feat xlink:href="#sSpan1945" value="ⲉⲓⲣⲉ"/>
		<feat xlink:href="#sSpan1947" value="·"/>
		<feat xlink:href="#sSpan1951" value="ⲛ"/>
		<feat xlink:href="#sSpan1955" value="ⲛ"/>
		<feat xlink:href="#sSpan1957" value="ⲉⲧⲉ"/>
		<feat xlink:href="#sSpan1961" value="ⲙⲉϣϣⲉ"/>
		<feat xlink:href="#sSpan1964" value="ϩⲛ"/>
		<feat xlink:href="#sSpan1968" value="ⲛⲉϥ"/>
		<feat xlink:href="#sSpan1971" value="ⲙⲁ"/>
		<feat xlink:href="#sSpan1973" value="ⲉⲧ"/>
		<feat xlink:href="#sSpan1977" value="ⲟⲩⲁⲁⲃ"/>
		<feat xlink:href="#sSpan1979" value="ⲛⲁⲓ"/>
		<feat xlink:href="#sSpan1984" value="ⲛⲧⲁ"/>
		<feat xlink:href="#sSpan1988" value="ϥ"/>
		<feat xlink:href="#sSpan1990" value="ϩⲱⲛ"/>
		<feat xlink:href="#sSpan1992" value="ⲉⲧⲃⲏⲏⲧ"/>
		<feat xlink:href="#sSpan1997" value="ⲟⲩ"/>
		<feat xlink:href="#sSpan1999" value="·"/>
		<feat xlink:href="#sSpan2003" value="ϩⲓⲧⲙ"/>
		<feat xlink:href="#sSpan2008" value="ⲙⲱⲩⲥⲏⲥ"/>
		<feat xlink:href="#sSpan2011" value="ϫⲉ"/>
		<feat xlink:href="#sSpan2015" value="ⲉ"/>
		<feat xlink:href="#sSpan2017" value="ⲧⲉⲧⲛ"/>
		<feat xlink:href="#sSpan2020" value="ⲛⲁ"/>
		<feat xlink:href="#sSpan2023" value="ⲣϩⲟⲧⲉ"/>
		<feat xlink:href="#sSpan2026" value="ϩⲏⲧ"/>
		<feat xlink:href="#sSpan2030" value="ⲟⲩ"/>
		<feat xlink:href="#sSpan2032" value="ⲛ"/>
		<feat xlink:href="#sSpan2037" value="ⲛⲁ"/>
		<feat xlink:href="#sSpan2039" value="ⲙⲁ"/>
		<feat xlink:href="#sSpan2041" value="ⲉⲧ"/>
		<feat xlink:href="#sSpan2045" value="ⲟⲩⲁⲁⲃ"/>
		<feat xlink:href="#sSpan2047" value="·"/>
		<feat xlink:href="#sSpan2052" value="ϣϣⲉ"/>
		<feat xlink:href="#sSpan2061" value="ⲅⲁⲣ"/>
		<feat xlink:href="#sSpan2065" value="·"/>
		<feat xlink:href="#sSpan2070" value="ⲁⲗⲏⲑⲱⲥ"/>
		<feat xlink:href="#sSpan2074" value="ⲉ"/>
		<feat xlink:href="#sSpan2079" value="ⲥⲧⲱⲧ"/>
		<feat xlink:href="#sSpan2081" value="·"/>
		<feat xlink:href="#sSpan2085" value="ⲁⲩⲱ"/>
		<feat xlink:href="#sSpan2089" value="ⲉ"/>
		<feat xlink:href="#sSpan2093" value="ⲛⲉϩϣⲗϥ"/>
		<feat xlink:href="#sSpan2096" value="ϩⲏⲧ"/>
		<feat xlink:href="#sSpan2100" value="ⲟⲩ"/>
		<feat xlink:href="#sSpan2102" value="ⲛ"/>
		<feat xlink:href="#sSpan2107" value="ⲙ"/>
		<feat xlink:href="#sSpan2109" value="ⲙⲁ"/>
		<feat xlink:href="#sSpan2111" value="ⲉⲧ"/>
		<feat xlink:href="#sSpan2115" value="ⲟⲩⲁⲁⲃ"/>
		<feat xlink:href="#sSpan2117" value="ⲉⲧⲉ"/>
		<feat xlink:href="#sSpan2122" value="ⲧⲁⲓ"/>
		<feat xlink:href="#sSpan2124" value="ⲧⲉ"/>
		<feat xlink:href="#sSpan2128" value="ⲧ"/>
		<feat xlink:href="#sSpan2133" value="ⲉⲕⲕⲗⲏⲥⲓⲁ"/>
		<feat xlink:href="#sSpan2136" value="·"/>
		<feat xlink:href="#sSpan2140" value="ⲙ"/>
		<feat xlink:href="#sSpan2144" value="ⲡ"/>
		<feat xlink:href="#sSpan2146" value="ⲛⲟⲩⲧⲉ"/>
		<feat xlink:href="#sSpan2149" value="·"/>
		<feat xlink:href="#sSpan2153" value="ⲧⲁⲓ"/>
		<feat xlink:href="#sSpan2157" value="ⲛⲧⲁ"/>
		<feat xlink:href="#sSpan2161" value="ⲡ"/>
		<feat xlink:href="#sSpan2164" value="ⲙⲁⲕⲁⲣⲓⲟⲥ"/>
		<feat xlink:href="#sSpan2168" value="ⲓⲁⲕⲱⲃ"/>
		<feat xlink:href="#sSpan2172" value="·"/>
		<feat xlink:href="#sSpan2177" value="ⲣϣⲣⲡⲛⲁⲩ"/>
		<feat xlink:href="#sSpan2184" value="ⲉⲣⲟ"/>
		<feat xlink:href="#sSpan2188" value="ⲥ"/>
		<feat xlink:href="#sSpan2190" value="ⲁ"/>
		<feat xlink:href="#sSpan2195" value="ϥ"/>
		<feat xlink:href="#sSpan2198" value="ⲣϩⲟⲧⲉ"/>
		<feat xlink:href="#sSpan2201" value="·"/>
		<feat xlink:href="#sSpan2206" value="ⲛ"/>
		<feat xlink:href="#sSpan2214" value="ⲧ"/>
		<feat xlink:href="#sSpan2216" value="ⲉ"/>
		<feat xlink:href="#sSpan2218" value="ⲉⲧ"/>
		<feat xlink:href="#sSpan2222" value="ⲥⲏϩ"/>
		<feat xlink:href="#sSpan2224" value="ϫⲉ"/>
		<feat xlink:href="#sSpan2228" value="ⲁ"/>
		<feat xlink:href="#sSpan2230" value="ϥ"/>
		<feat xlink:href="#sSpan2233" value="ⲧⲱⲙⲛⲧ"/>
		<feat xlink:href="#sSpan2237" value="ⲉ"/>
		<feat xlink:href="#sSpan2241" value="ⲩ"/>
		<feat xlink:href="#sSpan2243" value="ⲙⲁ"/>
		<feat xlink:href="#sSpan2245" value="ⲁ"/>
		<feat xlink:href="#sSpan2250" value="ϥ"/>
		<feat xlink:href="#sSpan2252" value="ⲛⲕⲟⲧⲕ"/>
		<feat xlink:href="#sSpan2254" value="ⲙ"/>
		<feat xlink:href="#sSpan2258" value="ⲡ"/>
		<feat xlink:href="#sSpan2260" value="ⲙⲁ"/>
		<feat xlink:href="#sSpan2262" value="ⲉⲧ"/>
		<feat xlink:href="#sSpan2267" value="ⲙⲙⲁⲩ"/>
		<feat xlink:href="#sSpan2269" value="·"/>
		<feat xlink:href="#sSpan2273" value="ⲁ"/>
		<feat xlink:href="#sSpan2277" value="ϥ"/>
		<feat xlink:href="#sSpan2279" value="ⲡⲱⲱⲣⲉ"/>
		<feat xlink:href="#sSpan2282" value="ⲛ"/>
		<feat xlink:href="#sSpan2286" value="ⲟⲩ"/>
		<feat xlink:href="#sSpan2288" value="ⲣⲁⲥⲟⲩ"/>
		<feat xlink:href="#sSpan2290" value="ⲁⲩⲱ"/>
		<feat xlink:href="#sSpan2295" value="ⲉⲓⲥ"/>
		<feat xlink:href="#sSpan2299" value="ⲟⲩ"/>
		<feat xlink:href="#sSpan2301" value="ϭⲗⲟⲟϭⲉ"/>
		<feat xlink:href="#sSpan2304" value="ⲉⲣⲉ"/>
		<feat xlink:href="#sSpan2309" value="ⲧⲉⲥ"/>
		<feat xlink:href="#sSpan2311" value="ⲁⲡⲉ"/>
		<feat xlink:href="#sSpan2313" value="ⲡⲏϩ"/>
		<feat xlink:href="#sSpan2317" value="ϣⲁϩⲣⲁⲓ"/>
		<feat xlink:href="#sSpan2322" value="ⲉ"/>
		<feat xlink:href="#sSpan2326" value="ⲧ"/>
		<feat xlink:href="#sSpan2328" value="ⲡⲉ"/>
		<feat xlink:href="#sSpan2330" value="·"/>
		<feat xlink:href="#sSpan2334" value="ⲉⲣⲉ"/>
		<feat xlink:href="#sSpan2338" value="ⲛ"/>
		<feat xlink:href="#sSpan2343" value="ⲁⲅⲅⲉⲗⲟⲥ"/>
		<feat xlink:href="#sSpan2345" value="ⲛⲁ"/>
		<feat xlink:href="#sSpan2349" value="·"/>
		<feat xlink:href="#sSpan2353" value="ⲉ"/>
		<feat xlink:href="#sSpan2357" value="ϩⲣⲁⲓ"/>
		<feat xlink:href="#sSpan2362" value="ⲉ"/>
		<feat xlink:href="#sSpan2366" value="ⲩ"/>
		<feat xlink:href="#sSpan2368" value="ⲛⲏⲩ"/>
		<feat xlink:href="#sSpan2370" value="·"/>
		<feat xlink:href="#sSpan2374" value="ⲉ"/>
		<feat xlink:href="#sSpan2378" value="ⲡ"/>
		<feat xlink:href="#sSpan2380" value="ⲉⲥⲏⲧ"/>
		<feat xlink:href="#sSpan2383" value="ϩⲓⲱⲱ"/>
		<feat xlink:href="#sSpan2387" value="ⲥ"/>
		<feat xlink:href="#sSpan2389" value="ⲡ"/>
		<feat xlink:href="#sSpan2394" value="ϫⲟⲉⲓⲥ"/>
		<feat xlink:href="#sSpan2397" value="ⲇⲉ"/>
		<feat xlink:href="#sSpan2401" value="ⲛⲉ"/>
		<feat xlink:href="#sSpan2405" value="ϥ"/>
		<feat xlink:href="#sSpan2407" value="ⲧⲁϫⲣⲏⲩ"/>
		<feat xlink:href="#sSpan2410" value="ⲉϩⲣⲁⲓ"/>
		<feat xlink:href="#sSpan2414" value="ⲉϫⲱ"/>
		<feat xlink:href="#sSpan2418" value="ⲥ"/>
		<feat xlink:href="#sSpan2421" value="ⲁⲩⲱ"/>
		<feat xlink:href="#sSpan2429" value="ⲙⲛⲛⲥⲱ"/>
		<feat xlink:href="#sSpan2433" value="ⲥ"/>
		<feat xlink:href="#sSpan2435" value="ⲡⲉϫⲁ"/>
		<feat xlink:href="#sSpan2440" value="ϥ"/>
		<feat xlink:href="#sSpan2442" value="ϫⲉ"/>
		<feat xlink:href="#sSpan2446" value="ⲁ"/>
		<feat xlink:href="#sSpan2448" value="ϥ"/>
		<feat xlink:href="#sSpan2451" value="ⲣϩⲟⲧⲉ"/>
		<feat xlink:href="#sSpan2454" value="ⲛϭⲓ"/>
		<feat xlink:href="#sSpan2460" value="ⲓⲁⲕⲱⲃ"/>
		<feat xlink:href="#sSpan2462" value="·"/>
		<feat xlink:href="#sSpan2466" value="ⲁⲩⲱ"/>
		<feat xlink:href="#sSpan2470" value="ⲁ"/>
		<feat xlink:href="#sSpan2475" value="ϥ"/>
		<feat xlink:href="#sSpan2478" value="ϩⲟⲙⲟⲗⲟⲅⲉⲓ"/>
		<feat xlink:href="#sSpan2480" value="ϫⲉ"/>
		<feat xlink:href="#sSpan2484" value="ⲡ"/>
		<feat xlink:href="#sSpan2487" value="ⲏⲓ"/>
		<feat xlink:href="#sSpan2489" value="ⲙ"/>
		<feat xlink:href="#sSpan2493" value="ⲡ"/>
		<feat xlink:href="#sSpan2495" value="ⲛⲟⲩⲧⲉ"/>
		<feat xlink:href="#sSpan2497" value="ⲡⲉ"/>
		<feat xlink:href="#sSpan2502" value="ⲡⲁⲓ"/>
		<feat xlink:href="#sSpan2506" value="·"/>
		<feat xlink:href="#sSpan2510" value="ⲁⲩⲱ"/>
		<feat xlink:href="#sSpan2514" value="ⲧⲁⲓ"/>
		<feat xlink:href="#sSpan2518" value="ⲧⲉ"/>
		<feat xlink:href="#sSpan2523" value="ⲧ"/>
		<feat xlink:href="#sSpan2528" value="ⲡⲩⲗⲏ"/>
		<feat xlink:href="#sSpan2530" value="ⲛ"/>
		<feat xlink:href="#sSpan2534" value="ⲧ"/>
		<feat xlink:href="#sSpan2536" value="ⲡⲉ"/>
		<feat xlink:href="#sSpan2539" value="ⲁϣ"/>
		<feat xlink:href="#sSpan2547" value="ϭⲉ"/>
		<feat xlink:href="#sSpan2551" value="ⲡⲉ"/>
		<feat xlink:href="#sSpan2555" value="ⲡ"/>
		<feat xlink:href="#sSpan2559" value="ⲙⲁ"/>
		<feat xlink:href="#sSpan2561" value="ⲉⲧⲉⲣⲉ"/>
		<feat xlink:href="#sSpan2566" value="ⲧⲉ"/>
		<feat xlink:href="#sSpan2568" value="ϭⲗⲟⲟϭⲉ"/>
		<feat xlink:href="#sSpan2570" value="ⲛϩⲏⲧ"/>
		<feat xlink:href="#sSpan2575" value="ϥ"/>
		<feat xlink:href="#sSpan2577" value="·"/>
		<feat xlink:href="#sSpan2581" value="ⲧⲁⲓ"/>
		<feat xlink:href="#sSpan2585" value="ⲉⲧⲉⲣⲉ"/>
		<feat xlink:href="#sSpan2589" value="ⲧⲉⲥ"/>
		<feat xlink:href="#sSpan2591" value="ⲁⲡⲉ"/>
		<feat xlink:href="#sSpan2594" value="ⲡⲏϩ"/>
		<feat xlink:href="#sSpan2598" value="ϣⲁϩⲣⲁⲓ"/>
		<feat xlink:href="#sSpan2602" value="ⲉ"/>
		<feat xlink:href="#sSpan2607" value="ⲧ"/>
		<feat xlink:href="#sSpan2609" value="ⲡⲉ"/>
		<feat xlink:href="#sSpan2611" value="ⲉⲓⲙⲏⲧⲉⲓ"/>
		<feat xlink:href="#sSpan2615" value="ⲧ"/>
		<feat xlink:href="#sSpan2621" value="ⲉⲕⲕⲗⲏⲥⲓⲁ"/>
		<feat xlink:href="#sSpan2623" value="·"/>
		<feat xlink:href="#sSpan2627" value="ⲙ"/>
		<feat xlink:href="#sSpan2631" value="ⲡ"/>
		<feat xlink:href="#sSpan2634" value="ⲛⲟⲩⲧⲉ"/>
		<feat xlink:href="#sSpan2636" value="ⲧⲁⲓ"/>
		<feat xlink:href="#sSpan2640" value="ⲉⲧⲉⲣⲉ"/>
		<feat xlink:href="#sSpan2645" value="ⲧⲉ"/>
		<feat xlink:href="#sSpan2647" value="ϩⲓⲏ"/>
		<feat xlink:href="#sSpan2649" value="ⲛ"/>
		<feat xlink:href="#sSpan2653" value="ⲃⲱⲕ"/>
		<feat xlink:href="#sSpan2656" value="ⲉϩⲣⲁⲓ"/>
		<feat xlink:href="#sSpan2661" value="ⲉ"/>
		<feat xlink:href="#sSpan2665" value="ⲧ"/>
		<feat xlink:href="#sSpan2667" value="ⲡⲉ"/>
		<feat xlink:href="#sSpan2669" value="ⲛϩⲏⲧ"/>
		<feat xlink:href="#sSpan2673" value="ⲥ"/>
		<feat xlink:href="#sSpan2675" value="ⲙⲁⲩⲁⲁ"/>
		<feat xlink:href="#sSpan2680" value="ⲥ"/>
		<feat xlink:href="#sSpan2682" value="ⲧⲁⲓ"/>
		<feat xlink:href="#sSpan2686" value="ⲉⲧⲉⲣⲉ"/>
		<feat xlink:href="#sSpan2691" value="ⲡ"/>
		<feat xlink:href="#sSpan2693" value="ⲛⲟⲩⲧⲉ"/>
		<feat xlink:href="#sSpan2695" value="ⲧⲁϫⲣⲏⲩ"/>
		<feat xlink:href="#sSpan2700" value="ⲉϩⲣⲁⲓ"/>
		<feat xlink:href="#sSpan2704" value="ⲉϫⲱ"/>
		<feat xlink:href="#sSpan2708" value="ⲥ"/>
		<feat xlink:href="#sSpan2711" value="ⲧⲁⲓ"/>
		<feat xlink:href="#sSpan2719" value="ⲟⲛ"/>
		<feat xlink:href="#sSpan2723" value="·"/>
		<feat xlink:href="#sSpan2727" value="ⲛⲧⲁ"/>
		<feat xlink:href="#sSpan2731" value="ⲡ"/>
		<feat xlink:href="#sSpan2734" value="ⲡⲁⲧⲣⲓⲁⲣⲭⲏⲥ"/>
		<feat xlink:href="#sSpan2737" value="ⲛⲁⲩ"/>
		<feat xlink:href="#sSpan2741" value="ⲉⲣⲟ"/>
		<feat xlink:href="#sSpan2745" value="ⲥ"/>
		<feat xlink:href="#sSpan2747" value="ⲁ"/>
		<feat xlink:href="#sSpan2752" value="ϥ"/>
		<feat xlink:href="#sSpan2754" value="ϫⲟⲟ"/>
		<feat xlink:href="#sSpan2756" value="ⲥ"/>
		<feat xlink:href="#sSpan2758" value="ϩⲛ"/>
		<feat xlink:href="#sSpan2762" value="ⲟⲩ"/>
		<feat xlink:href="#sSpan2764" value="ϩⲟⲧⲉ"/>
		<feat xlink:href="#sSpan2766" value="ϫⲉ"/>
		<feat xlink:href="#sSpan2771" value="ⲡ"/>
		<feat xlink:href="#sSpan2773" value="ⲏⲓ"/>
		<feat xlink:href="#sSpan2775" value="ⲙ"/>
		<feat xlink:href="#sSpan2779" value="ⲡ"/>
		<feat xlink:href="#sSpan2781" value="ⲛⲟⲩⲧⲉ"/>
		<feat xlink:href="#sSpan2784" value="ⲡⲉ"/>
		<feat xlink:href="#sSpan2788" value="ⲡⲁⲓ"/>
		<feat xlink:href="#sSpan2792" value="·"/>
		<feat xlink:href="#sSpan2799" value="ⲁⲩⲱ"/></featList></paula>