<?xml version='1.0' encoding='UTF-8'?><!DOCTYPE paula SYSTEM "paula_feat.dtd">
<paula version="1.1">
	<header paula_id="scriptorium.bohairic.1Cor_07.mark_lb_n"/>
	<featList xmlns:xlink="http://www.w3.org/1999/xlink" type="lb_n" xml:base="scriptorium.bohairic.1Cor_07.mark.xml">
		<feat xlink:href="#sSpan7" value="1"/>
		<feat xlink:href="#sSpan71" value="2"/>
		<feat xlink:href="#sSpan154" value="3"/>
		<feat xlink:href="#sSpan239" value="4"/>
		<feat xlink:href="#sSpan359" value="5"/>
		<feat xlink:href="#sSpan493" value="6"/>
		<feat xlink:href="#sSpan544" value="7"/>
		<feat xlink:href="#sSpan669" value="8"/>
		<feat xlink:href="#sSpan746" value="9"/>
		<feat xlink:href="#sSpan818" value="10"/>
		<feat xlink:href="#sSpan904" value="11"/>
		<feat xlink:href="#sSpan983" value="12"/>
		<feat xlink:href="#sSpan1123" value="13"/>
		<feat xlink:href="#sSpan1216" value="14"/>
		<feat xlink:href="#sSpan1331" value="15"/>
		<feat xlink:href="#sSpan1443" value="16"/>
		<feat xlink:href="#sSpan1542" value="17"/>
		<feat xlink:href="#sSpan1678" value="18"/>
		<feat xlink:href="#sSpan1755" value="19"/>
		<feat xlink:href="#sSpan1830" value="20"/>
		<feat xlink:href="#sSpan1889" value="21"/>
		<feat xlink:href="#sSpan1975" value="22"/>
		<feat xlink:href="#sSpan2079" value="23"/>
		<feat xlink:href="#sSpan2121" value="24"/>
		<feat xlink:href="#sSpan2192" value="25"/>
		<feat xlink:href="#sSpan2316" value="26"/>
		<feat xlink:href="#sSpan2403" value="27"/>
		<feat xlink:href="#sSpan2465" value="28"/>
		<feat xlink:href="#sSpan2594" value="29"/>
		<feat xlink:href="#sSpan2706" value="30"/>
		<feat xlink:href="#sSpan2794" value="31"/>
		<feat xlink:href="#sSpan2874" value="32"/>
		<feat xlink:href="#sSpan2971" value="33"/>
		<feat xlink:href="#sSpan3043" value="34"/>
		<feat xlink:href="#sSpan3225" value="35"/>
		<feat xlink:href="#sSpan3370" value="36"/>
		<feat xlink:href="#sSpan3500" value="37"/>
		<feat xlink:href="#sSpan3662" value="38"/>
		<feat xlink:href="#sSpan3771" value="39"/>
		<feat xlink:href="#sSpan3883" value="40"/></featList></paula>