<?xml version='1.0' encoding='UTF-8'?><!DOCTYPE paula SYSTEM "paula_feat.dtd">
<paula version="1.1">
	<header paula_id="scriptorium.bohairic.1Cor_01.mark_pos"/>
	<featList xmlns:xlink="http://www.w3.org/1999/xlink" type="pos" xml:base="scriptorium.bohairic.1Cor_01.mark.xml">
		<feat xlink:href="#sSpan2" value="NPROP"/>
		<feat xlink:href="#sSpan8" value="ART"/>
		<feat xlink:href="#sSpan13" value="N"/>
		<feat xlink:href="#sSpan15" value="CREL"/>
		<feat xlink:href="#sSpan19" value="VSTAT"/>
		<feat xlink:href="#sSpan21" value="PREP"/>
		<feat xlink:href="#sSpan26" value="NPROP"/>
		<feat xlink:href="#sSpan28" value="ART"/>
		<feat xlink:href="#sSpan33" value="N"/>
		<feat xlink:href="#sSpan35" value="ADV"/>
		<feat xlink:href="#sSpan39" value="PREP"/>
		<feat xlink:href="#sSpan43" value="ART"/>
		<feat xlink:href="#sSpan45" value="N"/>
		<feat xlink:href="#sSpan47" value="PREP"/>
		<feat xlink:href="#sSpan51" value="ART"/>
		<feat xlink:href="#sSpan53" value="N"/>
		<feat xlink:href="#sSpan55" value="PREP"/>
		<feat xlink:href="#sSpan60" value="N"/>
		<feat xlink:href="#sSpan62" value="ART"/>
		<feat xlink:href="#sSpan66" value="N"/>
		<feat xlink:href="#sSpan68" value="PREP"/>
		<feat xlink:href="#sSpan74" value="ART"/>
		<feat xlink:href="#sSpan77" value="N"/>
		<feat xlink:href="#sSpan79" value="PREP"/>
		<feat xlink:href="#sSpan83" value="ART"/>
		<feat xlink:href="#sSpan85" value="N"/>
		<feat xlink:href="#sSpan87" value="PDEM"/>
		<feat xlink:href="#sSpan91" value="CREL"/>
		<feat xlink:href="#sSpan95" value="VSTAT"/>
		<feat xlink:href="#sSpan97" value="PREP"/>
		<feat xlink:href="#sSpan102" value="NPROP"/>
		<feat xlink:href="#sSpan104" value="PDEM"/>
		<feat xlink:href="#sSpan108" value="CREL"/>
		<feat xlink:href="#sSpan112" value="APST"/>
		<feat xlink:href="#sSpan114" value="PPERS"/>
		<feat xlink:href="#sSpan116" value="V"/>
		<feat xlink:href="#sSpan118" value="PPERO"/>
		<feat xlink:href="#sSpan120" value="PREP"/>
		<feat xlink:href="#sSpan124" value="ART"/>
		<feat xlink:href="#sSpan127" value="N"/>
		<feat xlink:href="#sSpan130" value="NPROP"/>
		<feat xlink:href="#sSpan134" value="PDEM"/>
		<feat xlink:href="#sSpan138" value="CREL"/>
		<feat xlink:href="#sSpan142" value="VSTAT"/>
		<feat xlink:href="#sSpan144" value="CREL"/>
		<feat xlink:href="#sSpan148" value="VSTAT"/>
		<feat xlink:href="#sSpan150" value="PREP"/>
		<feat xlink:href="#sSpan154" value="EXIST"/>
		<feat xlink:href="#sSpan156" value="PINT"/>
		<feat xlink:href="#sSpan160" value="CREL"/>
		<feat xlink:href="#sSpan164" value="V"/>
		<feat xlink:href="#sSpan166" value="PREP"/>
		<feat xlink:href="#sSpan170" value="ART"/>
		<feat xlink:href="#sSpan172" value="N"/>
		<feat xlink:href="#sSpan174" value="PREP"/>
		<feat xlink:href="#sSpan178" value="PPOS"/>
		<feat xlink:href="#sSpan180" value="N"/>
		<feat xlink:href="#sSpan183" value="NPROP"/>
		<feat xlink:href="#sSpan187" value="ART"/>
		<feat xlink:href="#sSpan192" value="N"/>
		<feat xlink:href="#sSpan194" value="PREP"/>
		<feat xlink:href="#sSpan198" value="N"/>
		<feat xlink:href="#sSpan200" value="PINT"/>
		<feat xlink:href="#sSpan204" value="PREP"/>
		<feat xlink:href="#sSpan208" value="PPERO"/>
		<feat xlink:href="#sSpan210" value="PREP"/>
		<feat xlink:href="#sSpan214" value="PREP"/>
		<feat xlink:href="#sSpan216" value="PPERO"/>
		<feat xlink:href="#sSpan218" value="PUNCT"/>
		<feat xlink:href="#sSpan222" value="ART"/>
		<feat xlink:href="#sSpan228" value="N"/>
		<feat xlink:href="#sSpan230" value="PREP"/>
		<feat xlink:href="#sSpan234" value="PPOS"/>
		<feat xlink:href="#sSpan236" value="PREP"/>
		<feat xlink:href="#sSpan240" value="ART"/>
		<feat xlink:href="#sSpan243" value="N"/>
		<feat xlink:href="#sSpan245" value="ADV"/>
		<feat xlink:href="#sSpan249" value="PREP"/>
		<feat xlink:href="#sSpan253" value="ART"/>
		<feat xlink:href="#sSpan255" value="N"/>
		<feat xlink:href="#sSpan257" value="PPOS"/>
		<feat xlink:href="#sSpan261" value="N"/>
		<feat xlink:href="#sSpan263" value="PREP"/>
		<feat xlink:href="#sSpan267" value="PPOS"/>
		<feat xlink:href="#sSpan269" value="N"/>
		<feat xlink:href="#sSpan272" value="NPROP"/>
		<feat xlink:href="#sSpan276" value="ART"/>
		<feat xlink:href="#sSpan281" value="N"/>
		<feat xlink:href="#sSpan283" value="PUNCT"/>
		<feat xlink:href="#sSpan287" value="PPERS"/>
		<feat xlink:href="#sSpan294" value="V"/>
		<feat xlink:href="#sSpan297" value="PREP"/>
		<feat xlink:href="#sSpan301" value="PPOS"/>
		<feat xlink:href="#sSpan303" value="N"/>
		<feat xlink:href="#sSpan305" value="PREP"/>
		<feat xlink:href="#sSpan309" value="N"/>
		<feat xlink:href="#sSpan311" value="PINT"/>
		<feat xlink:href="#sSpan315" value="ADV"/>
		<feat xlink:href="#sSpan319" value="PREP"/>
		<feat xlink:href="#sSpan323" value="PPERO"/>
		<feat xlink:href="#sSpan325" value="PREP"/>
		<feat xlink:href="#sSpan329" value="PREP"/>
		<feat xlink:href="#sSpan331" value="ART"/>
		<feat xlink:href="#sSpan333" value="N"/>
		<feat xlink:href="#sSpan335" value="PREP"/>
		<feat xlink:href="#sSpan339" value="ART"/>
		<feat xlink:href="#sSpan341" value="N"/>
		<feat xlink:href="#sSpan343" value="CREL"/>
		<feat xlink:href="#sSpan347" value="APST"/>
		<feat xlink:href="#sSpan349" value="PPERS"/>
		<feat xlink:href="#sSpan351" value="V"/>
		<feat xlink:href="#sSpan353" value="PPERO"/>
		<feat xlink:href="#sSpan355" value="PREP"/>
		<feat xlink:href="#sSpan359" value="PPERO"/>
		<feat xlink:href="#sSpan361" value="PREP"/>
		<feat xlink:href="#sSpan365" value="ART"/>
		<feat xlink:href="#sSpan368" value="N"/>
		<feat xlink:href="#sSpan371" value="NPROP"/>
		<feat xlink:href="#sSpan375" value="PUNCT"/>
		<feat xlink:href="#sSpan379" value="CONJ"/>
		<feat xlink:href="#sSpan385" value="PREP"/>
		<feat xlink:href="#sSpan387" value="N"/>
		<feat xlink:href="#sSpan389" value="PINT"/>
		<feat xlink:href="#sSpan393" value="APST"/>
		<feat xlink:href="#sSpan397" value="PPERS"/>
		<feat xlink:href="#sSpan400" value="V"/>
		<feat xlink:href="#sSpan404" value="ADV"/>
		<feat xlink:href="#sSpan408" value="PREP"/>
		<feat xlink:href="#sSpan412" value="PPERO"/>
		<feat xlink:href="#sSpan414" value="PREP"/>
		<feat xlink:href="#sSpan418" value="N"/>
		<feat xlink:href="#sSpan420" value="PINT"/>
		<feat xlink:href="#sSpan424" value="PREP"/>
		<feat xlink:href="#sSpan428" value="N"/>
		<feat xlink:href="#sSpan430" value="PINT"/>
		<feat xlink:href="#sSpan435" value="PREP"/>
		<feat xlink:href="#sSpan441" value="ART"/>
		<feat xlink:href="#sSpan443" value="N"/>
		<feat xlink:href="#sSpan445" value="CREL"/>
		<feat xlink:href="#sSpan449" value="APST"/>
		<feat xlink:href="#sSpan451" value="ART"/>
		<feat xlink:href="#sSpan454" value="N"/>
		<feat xlink:href="#sSpan457" value="PREP"/>
		<feat xlink:href="#sSpan461" value="ART"/>
		<feat xlink:href="#sSpan464" value="N"/>
		<feat xlink:href="#sSpan466" value="V"/>
		<feat xlink:href="#sSpan470" value="PREP"/>
		<feat xlink:href="#sSpan474" value="PPERO"/>
		<feat xlink:href="#sSpan476" value="PUNCT"/>
		<feat xlink:href="#sSpan481" value="CONJ"/>
		<feat xlink:href="#sSpan487" value="ACONJ"/>
		<feat xlink:href="#sSpan491" value="PPERS"/>
		<feat xlink:href="#sSpan493" value="V"/>
		<feat xlink:href="#sSpan495" value="NEG"/>
		<feat xlink:href="#sSpan499" value="PPERS"/>
		<feat xlink:href="#sSpan501" value="VSTAT"/>
		<feat xlink:href="#sSpan503" value="NEG"/>
		<feat xlink:href="#sSpan507" value="PREP"/>
		<feat xlink:href="#sSpan511" value="N"/>
		<feat xlink:href="#sSpan513" value="PREP"/>
		<feat xlink:href="#sSpan517" value="N"/>
		<feat xlink:href="#sSpan519" value="CCIRC"/>
		<feat xlink:href="#sSpan523" value="PPERS"/>
		<feat xlink:href="#sSpan525" value="V"/>
		<feat xlink:href="#sSpan527" value="ADV"/>
		<feat xlink:href="#sSpan531" value="PREP"/>
		<feat xlink:href="#sSpan535" value="ART"/>
		<feat xlink:href="#sSpan537" value="N"/>
		<feat xlink:href="#sSpan539" value="PREP"/>
		<feat xlink:href="#sSpan543" value="ART"/>
		<feat xlink:href="#sSpan545" value="N"/>
		<feat xlink:href="#sSpan547" value="ADV"/>
		<feat xlink:href="#sSpan551" value="PREP"/>
		<feat xlink:href="#sSpan555" value="PPOS"/>
		<feat xlink:href="#sSpan557" value="N"/>
		<feat xlink:href="#sSpan560" value="NPROP"/>
		<feat xlink:href="#sSpan564" value="ART"/>
		<feat xlink:href="#sSpan569" value="N"/>
		<feat xlink:href="#sSpan571" value="PDEM"/>
		<feat xlink:href="#sSpan577" value="CREL"/>
		<feat xlink:href="#sSpan581" value="AOPT_PPERS"/>
		<feat xlink:href="#sSpan583" value="V"/>
		<feat xlink:href="#sSpan585" value="PPERO"/>
		<feat xlink:href="#sSpan587" value="PREP"/>
		<feat xlink:href="#sSpan591" value="ADV"/>
		<feat xlink:href="#sSpan593" value="PREP"/>
		<feat xlink:href="#sSpan598" value="N"/>
		<feat xlink:href="#sSpan601" value="PREP"/>
		<feat xlink:href="#sSpan605" value="ART"/>
		<feat xlink:href="#sSpan607" value="N"/>
		<feat xlink:href="#sSpan609" value="PREP"/>
		<feat xlink:href="#sSpan613" value="PPOS"/>
		<feat xlink:href="#sSpan615" value="N"/>
		<feat xlink:href="#sSpan618" value="NPROP"/>
		<feat xlink:href="#sSpan622" value="ART"/>
		<feat xlink:href="#sSpan627" value="N"/>
		<feat xlink:href="#sSpan629" value="PUNCT"/>
		<feat xlink:href="#sSpan633" value="PPERS"/>
		<feat xlink:href="#sSpan639" value="V"/>
		<feat xlink:href="#sSpan641" value="PTC"/>
		<feat xlink:href="#sSpan645" value="ART"/>
		<feat xlink:href="#sSpan647" value="N"/>
		<feat xlink:href="#sSpan649" value="PDEM"/>
		<feat xlink:href="#sSpan653" value="CREL"/>
		<feat xlink:href="#sSpan657" value="APST"/>
		<feat xlink:href="#sSpan659" value="PPERS"/>
		<feat xlink:href="#sSpan661" value="V"/>
		<feat xlink:href="#sSpan663" value="PPERO"/>
		<feat xlink:href="#sSpan665" value="ADV"/>
		<feat xlink:href="#sSpan669" value="PREP"/>
		<feat xlink:href="#sSpan673" value="ART"/>
		<feat xlink:href="#sSpan676" value="N"/>
		<feat xlink:href="#sSpan679" value="PREP"/>
		<feat xlink:href="#sSpan683" value="PPOS"/>
		<feat xlink:href="#sSpan685" value="N"/>
		<feat xlink:href="#sSpan688" value="NPROP"/>
		<feat xlink:href="#sSpan692" value="ART"/>
		<feat xlink:href="#sSpan697" value="N"/>
		<feat xlink:href="#sSpan699" value="PPOS"/>
		<feat xlink:href="#sSpan703" value="N"/>
		<feat xlink:href="#sSpan705" value="PUNCT"/>
		<feat xlink:href="#sSpan709" value="PPERS"/>
		<feat xlink:href="#sSpan716" value="V"/>
		<feat xlink:href="#sSpan720" value="PTC"/>
		<feat xlink:href="#sSpan724" value="PREP"/>
		<feat xlink:href="#sSpan728" value="PPERO"/>
		<feat xlink:href="#sSpan730" value="PPOS"/>
		<feat xlink:href="#sSpan734" value="N"/>
		<feat xlink:href="#sSpan736" value="ADV"/>
		<feat xlink:href="#sSpan740" value="PREP"/>
		<feat xlink:href="#sSpan744" value="ART"/>
		<feat xlink:href="#sSpan746" value="N"/>
		<feat xlink:href="#sSpan748" value="PREP"/>
		<feat xlink:href="#sSpan752" value="PPOS"/>
		<feat xlink:href="#sSpan754" value="N"/>
		<feat xlink:href="#sSpan757" value="NPROP"/>
		<feat xlink:href="#sSpan761" value="ART"/>
		<feat xlink:href="#sSpan766" value="N"/>
		<feat xlink:href="#sSpan769" value="CONJ"/>
		<feat xlink:href="#sSpan773" value="ART"/>
		<feat xlink:href="#sSpan777" value="N"/>
		<feat xlink:href="#sSpan779" value="PREP"/>
		<feat xlink:href="#sSpan783" value="N"/>
		<feat xlink:href="#sSpan785" value="CCIRC"/>
		<feat xlink:href="#sSpan789" value="PPERS"/>
		<feat xlink:href="#sSpan791" value="V"/>
		<feat xlink:href="#sSpan793" value="PREP"/>
		<feat xlink:href="#sSpan797" value="PPERO"/>
		<feat xlink:href="#sSpan799" value="IMOD"/>
		<feat xlink:href="#sSpan803" value="PPERO"/>
		<feat xlink:href="#sSpan805" value="CONJ"/>
		<feat xlink:href="#sSpan809" value="ACONJ"/>
		<feat xlink:href="#sSpan813" value="NEG"/>
		<feat xlink:href="#sSpan815" value="ART"/>
		<feat xlink:href="#sSpan817" value="N"/>
		<feat xlink:href="#sSpan819" value="V"/>
		<feat xlink:href="#sSpan823" value="PREP"/>
		<feat xlink:href="#sSpan827" value="PPERO"/>
		<feat xlink:href="#sSpan829" value="ACONJ"/>
		<feat xlink:href="#sSpan833" value="PPERS"/>
		<feat xlink:href="#sSpan835" value="V"/>
		<feat xlink:href="#sSpan838" value="PTC"/>
		<feat xlink:href="#sSpan842" value="CCIRC"/>
		<feat xlink:href="#sSpan846" value="PPERS"/>
		<feat xlink:href="#sSpan848" value="VSTAT"/>
		<feat xlink:href="#sSpan850" value="PREP"/>
		<feat xlink:href="#sSpan854" value="ART"/>
		<feat xlink:href="#sSpan856" value="N"/>
		<feat xlink:href="#sSpan858" value="PREP"/>
		<feat xlink:href="#sSpan862" value="N"/>
		<feat xlink:href="#sSpan864" value="PREP"/>
		<feat xlink:href="#sSpan868" value="ART"/>
		<feat xlink:href="#sSpan871" value="N"/>
		<feat xlink:href="#sSpan873" value="PREP"/>
		<feat xlink:href="#sSpan877" value="N"/>
		<feat xlink:href="#sSpan879" value="PUNCT"/>
		<feat xlink:href="#sSpan883" value="APST"/>
		<feat xlink:href="#sSpan889" value="PPERS"/>
		<feat xlink:href="#sSpan891" value="V"/>
		<feat xlink:href="#sSpan893" value="PPERO"/>
		<feat xlink:href="#sSpan896" value="PTC"/>
		<feat xlink:href="#sSpan900" value="PREP"/>
		<feat xlink:href="#sSpan904" value="PPERO"/>
		<feat xlink:href="#sSpan906" value="PPOS"/>
		<feat xlink:href="#sSpan910" value="N"/>
		<feat xlink:href="#sSpan912" value="ADV"/>
		<feat xlink:href="#sSpan916" value="PREP"/>
		<feat xlink:href="#sSpan920" value="PPOS"/>
		<feat xlink:href="#sSpan923" value="NPROP"/>
		<feat xlink:href="#sSpan925" value="CONJ"/>
		<feat xlink:href="#sSpan929" value="EXIST"/>
		<feat xlink:href="#sSpan931" value="ART"/>
		<feat xlink:href="#sSpan933" value="N"/>
		<feat xlink:href="#sSpan935" value="VSTAT"/>
		<feat xlink:href="#sSpan939" value="PREP"/>
		<feat xlink:href="#sSpan943" value="PPERO"/>
		<feat xlink:href="#sSpan945" value="PUNCT"/>
		<feat xlink:href="#sSpan949" value="PDEM"/>
		<feat xlink:href="#sSpan956" value="PTC"/>
		<feat xlink:href="#sSpan960" value="PPERS"/>
		<feat xlink:href="#sSpan964" value="V"/>
		<feat xlink:href="#sSpan966" value="PREP"/>
		<feat xlink:href="#sSpan970" value="PPERO"/>
		<feat xlink:href="#sSpan972" value="CONJ"/>
		<feat xlink:href="#sSpan976" value="ART"/>
		<feat xlink:href="#sSpan978" value="NUM"/>
		<feat xlink:href="#sSpan980" value="ART"/>
		<feat xlink:href="#sSpan984" value="NUM"/>
		<feat xlink:href="#sSpan986" value="PREP"/>
		<feat xlink:href="#sSpan990" value="PPERO"/>
		<feat xlink:href="#sSpan992" value="V"/>
		<feat xlink:href="#sSpan996" value="PREP"/>
		<feat xlink:href="#sSpan1000" value="PPERO"/>
		<feat xlink:href="#sSpan1002" value="CONJ"/>
		<feat xlink:href="#sSpan1006" value="PPERI"/>
		<feat xlink:href="#sSpan1009" value="PTC"/>
		<feat xlink:href="#sSpan1013" value="PPERI"/>
		<feat xlink:href="#sSpan1017" value="PPOS"/>
		<feat xlink:href="#sSpan1022" value="NPROP"/>
		<feat xlink:href="#sSpan1024" value="PPERI"/>
		<feat xlink:href="#sSpan1029" value="PTC"/>
		<feat xlink:href="#sSpan1033" value="PPERI"/>
		<feat xlink:href="#sSpan1037" value="PPOS"/>
		<feat xlink:href="#sSpan1042" value="NPROP"/>
		<feat xlink:href="#sSpan1044" value="PPERI"/>
		<feat xlink:href="#sSpan1049" value="PTC"/>
		<feat xlink:href="#sSpan1053" value="PPERI"/>
		<feat xlink:href="#sSpan1057" value="PPOS"/>
		<feat xlink:href="#sSpan1062" value="NPROP"/>
		<feat xlink:href="#sSpan1064" value="PPERI"/>
		<feat xlink:href="#sSpan1069" value="PTC"/>
		<feat xlink:href="#sSpan1073" value="PPERI"/>
		<feat xlink:href="#sSpan1077" value="PPOS"/>
		<feat xlink:href="#sSpan1081" value="ART"/>
		<feat xlink:href="#sSpan1084" value="N"/>
		<feat xlink:href="#sSpan1086" value="PUNCT"/>
		<feat xlink:href="#sSpan1090" value="APST"/>
		<feat xlink:href="#sSpan1096" value="PPERS"/>
		<feat xlink:href="#sSpan1098" value="V"/>
		<feat xlink:href="#sSpan1100" value="ART"/>
		<feat xlink:href="#sSpan1105" value="N"/>
		<feat xlink:href="#sSpan1108" value="CONJ"/>
		<feat xlink:href="#sSpan1113" value="NPROP"/>
		<feat xlink:href="#sSpan1117" value="APST"/>
		<feat xlink:href="#sSpan1121" value="PPERS"/>
		<feat xlink:href="#sSpan1123" value="V"/>
		<feat xlink:href="#sSpan1125" value="PPERO"/>
		<feat xlink:href="#sSpan1127" value="PREP"/>
		<feat xlink:href="#sSpan1131" value="PPERO"/>
		<feat xlink:href="#sSpan1133" value="CONJ"/>
		<feat xlink:href="#sSpan1137" value="PTC"/>
		<feat xlink:href="#sSpan1141" value="CFOC"/>
		<feat xlink:href="#sSpan1145" value="PPERS"/>
		<feat xlink:href="#sSpan1148" value="V"/>
		<feat xlink:href="#sSpan1151" value="PREP"/>
		<feat xlink:href="#sSpan1155" value="ART"/>
		<feat xlink:href="#sSpan1157" value="N"/>
		<feat xlink:href="#sSpan1159" value="PREP"/>
		<feat xlink:href="#sSpan1164" value="NPROP"/>
		<feat xlink:href="#sSpan1166" value="PUNCT"/>
		<feat xlink:href="#sSpan1170" value="PPERS"/>
		<feat xlink:href="#sSpan1177" value="V"/>
		<feat xlink:href="#sSpan1180" value="CONJ"/>
		<feat xlink:href="#sSpan1184" value="ANEGPST"/>
		<feat xlink:href="#sSpan1186" value="PPERS"/>
		<feat xlink:href="#sSpan1189" value="V"/>
		<feat xlink:href="#sSpan1192" value="PREP"/>
		<feat xlink:href="#sSpan1196" value="N"/>
		<feat xlink:href="#sSpan1198" value="PREP"/>
		<feat xlink:href="#sSpan1202" value="PPERO"/>
		<feat xlink:href="#sSpan1204" value="PREP"/>
		<feat xlink:href="#sSpan1209" value="PREP"/>
		<feat xlink:href="#sSpan1214" value="NPROP"/>
		<feat xlink:href="#sSpan1216" value="PREP"/>
		<feat xlink:href="#sSpan1221" value="NPROP"/>
		<feat xlink:href="#sSpan1223" value="PUNCT"/>
		<feat xlink:href="#sSpan1228" value="CONJ"/>
		<feat xlink:href="#sSpan1234" value="ACONJ"/>
		<feat xlink:href="#sSpan1238" value="NEG"/>
		<feat xlink:href="#sSpan1240" value="NUM"/>
		<feat xlink:href="#sSpan1242" value="V"/>
		<feat xlink:href="#sSpan1246" value="PPERO"/>
		<feat xlink:href="#sSpan1248" value="CONJ"/>
		<feat xlink:href="#sSpan1252" value="CFOC"/>
		<feat xlink:href="#sSpan1254" value="PPERS"/>
		<feat xlink:href="#sSpan1257" value="V"/>
		<feat xlink:href="#sSpan1260" value="PREP"/>
		<feat xlink:href="#sSpan1264" value="PPOS"/>
		<feat xlink:href="#sSpan1266" value="N"/>
		<feat xlink:href="#sSpan1268" value="PUNCT"/>
		<feat xlink:href="#sSpan1272" value="APST"/>
		<feat xlink:href="#sSpan1278" value="PPERS"/>
		<feat xlink:href="#sSpan1281" value="V"/>
		<feat xlink:href="#sSpan1285" value="PTC"/>
		<feat xlink:href="#sSpan1289" value="PREP"/>
		<feat xlink:href="#sSpan1293" value="ART"/>
		<feat xlink:href="#sSpan1295" value="ART"/>
		<feat xlink:href="#sSpan1297" value="N"/>
		<feat xlink:href="#sSpan1299" value="PREP"/>
		<feat xlink:href="#sSpan1304" value="NPROP"/>
		<feat xlink:href="#sSpan1307" value="ADV"/>
		<feat xlink:href="#sSpan1311" value="NEG"/>
		<feat xlink:href="#sSpan1315" value="PPERS"/>
		<feat xlink:href="#sSpan1317" value="V"/>
		<feat xlink:href="#sSpan1319" value="NEG"/>
		<feat xlink:href="#sSpan1323" value="CONJ"/>
		<feat xlink:href="#sSpan1328" value="PTC"/>
		<feat xlink:href="#sSpan1330" value="APST"/>
		<feat xlink:href="#sSpan1334" value="PPERS"/>
		<feat xlink:href="#sSpan1337" value="V"/>
		<feat xlink:href="#sSpan1340" value="PREP"/>
		<feat xlink:href="#sSpan1344" value="ART"/>
		<feat xlink:href="#sSpan1346" value="NUM"/>
		<feat xlink:href="#sSpan1348" value="PUNCT"/>
		<feat xlink:href="#sSpan1352" value="NEG"/>
		<feat xlink:href="#sSpan1358" value="CFOC"/>
		<feat xlink:href="#sSpan1360" value="APST"/>
		<feat xlink:href="#sSpan1362" value="PPERS"/>
		<feat xlink:href="#sSpan1364" value="V"/>
		<feat xlink:href="#sSpan1366" value="PPERO"/>
		<feat xlink:href="#sSpan1369" value="PTC"/>
		<feat xlink:href="#sSpan1373" value="NEG"/>
		<feat xlink:href="#sSpan1377" value="PTC"/>
		<feat xlink:href="#sSpan1381" value="ART"/>
		<feat xlink:href="#sSpan1384" value="N"/>
		<feat xlink:href="#sSpan1386" value="PREP"/>
		<feat xlink:href="#sSpan1391" value="V"/>
		<feat xlink:href="#sSpan1395" value="CONJ"/>
		<feat xlink:href="#sSpan1399" value="PREP"/>
		<feat xlink:href="#sSpan1404" value="V"/>
		<feat xlink:href="#sSpan1408" value="PREP"/>
		<feat xlink:href="#sSpan1412" value="ART"/>
		<feat xlink:href="#sSpan1414" value="N"/>
		<feat xlink:href="#sSpan1416" value="PREP"/>
		<feat xlink:href="#sSpan1420" value="N"/>
		<feat xlink:href="#sSpan1422" value="NEG"/>
		<feat xlink:href="#sSpan1427" value="CONJ"/>
		<feat xlink:href="#sSpan1431" value="ACONJ"/>
		<feat xlink:href="#sSpan1435" value="PPERS"/>
		<feat xlink:href="#sSpan1437" value="NEG"/>
		<feat xlink:href="#sSpan1439" value="V"/>
		<feat xlink:href="#sSpan1441" value="CCIRC"/>
		<feat xlink:href="#sSpan1445" value="PPERS"/>
		<feat xlink:href="#sSpan1447" value="VSTAT"/>
		<feat xlink:href="#sSpan1449" value="PTC"/>
		<feat xlink:href="#sSpan1453" value="ART"/>
		<feat xlink:href="#sSpan1456" value="N"/>
		<feat xlink:href="#sSpan1458" value="PREP"/>
		<feat xlink:href="#sSpan1462" value="ART"/>
		<feat xlink:href="#sSpan1465" value="N"/>
		<feat xlink:href="#sSpan1467" value="PUNCT"/>
		<feat xlink:href="#sSpan1471" value="ART"/>
		<feat xlink:href="#sSpan1477" value="N"/>
		<feat xlink:href="#sSpan1480" value="PTC"/>
		<feat xlink:href="#sSpan1484" value="PREP"/>
		<feat xlink:href="#sSpan1488" value="ART"/>
		<feat xlink:href="#sSpan1491" value="N"/>
		<feat xlink:href="#sSpan1493" value="PREP"/>
		<feat xlink:href="#sSpan1497" value="PDEM"/>
		<feat xlink:href="#sSpan1500" value="PTC"/>
		<feat xlink:href="#sSpan1504" value="CREL"/>
		<feat xlink:href="#sSpan1508" value="FUT"/>
		<feat xlink:href="#sSpan1510" value="V"/>
		<feat xlink:href="#sSpan1512" value="ART"/>
		<feat xlink:href="#sSpan1517" value="N"/>
		<feat xlink:href="#sSpan1520" value="COP"/>
		<feat xlink:href="#sSpan1524" value="PREP"/>
		<feat xlink:href="#sSpan1528" value="PPERO"/>
		<feat xlink:href="#sSpan1531" value="PTC"/>
		<feat xlink:href="#sSpan1535" value="PPERI"/>
		<feat xlink:href="#sSpan1539" value="PREP"/>
		<feat xlink:href="#sSpan1543" value="PDEM"/>
		<feat xlink:href="#sSpan1545" value="CREL"/>
		<feat xlink:href="#sSpan1549" value="FUT"/>
		<feat xlink:href="#sSpan1551" value="V"/>
		<feat xlink:href="#sSpan1553" value="ART"/>
		<feat xlink:href="#sSpan1557" value="N"/>
		<feat xlink:href="#sSpan1559" value="PREP"/>
		<feat xlink:href="#sSpan1563" value="ART"/>
		<feat xlink:href="#sSpan1565" value="N"/>
		<feat xlink:href="#sSpan1567" value="COP"/>
		<feat xlink:href="#sSpan1571" value="PUNCT"/>
		<feat xlink:href="#sSpan1575" value="PPERS"/>
		<feat xlink:href="#sSpan1581" value="VSTAT"/>
		<feat xlink:href="#sSpan1584" value="PTC"/>
		<feat xlink:href="#sSpan1588" value="CONJ"/>
		<feat xlink:href="#sSpan1592" value="PPERS"/>
		<feat xlink:href="#sSpan1594" value="FUT"/>
		<feat xlink:href="#sSpan1596" value="V"/>
		<feat xlink:href="#sSpan1598" value="PREP"/>
		<feat xlink:href="#sSpan1602" value="ART"/>
		<feat xlink:href="#sSpan1605" value="N"/>
		<feat xlink:href="#sSpan1607" value="PREP"/>
		<feat xlink:href="#sSpan1611" value="ART"/>
		<feat xlink:href="#sSpan1613" value="N"/>
		<feat xlink:href="#sSpan1615" value="CONJ"/>
		<feat xlink:href="#sSpan1619" value="ART"/>
		<feat xlink:href="#sSpan1623" value="N"/>
		<feat xlink:href="#sSpan1625" value="PREP"/>
		<feat xlink:href="#sSpan1629" value="PDEM"/>
		<feat xlink:href="#sSpan1632" value="N"/>
		<feat xlink:href="#sSpan1635" value="PPERS"/>
		<feat xlink:href="#sSpan1639" value="FUT"/>
		<feat xlink:href="#sSpan1641" value="V"/>
		<feat xlink:href="#sSpan1643" value="PPERO"/>
		<feat xlink:href="#sSpan1645" value="PUNCT"/>
		<feat xlink:href="#sSpan1649" value="CFOC"/>
		<feat xlink:href="#sSpan1655" value="PPERS"/>
		<feat xlink:href="#sSpan1657" value="PINT"/>
		<feat xlink:href="#sSpan1659" value="ART"/>
		<feat xlink:href="#sSpan1663" value="N"/>
		<feat xlink:href="#sSpan1665" value="CFOC"/>
		<feat xlink:href="#sSpan1669" value="PPERS"/>
		<feat xlink:href="#sSpan1671" value="PINT"/>
		<feat xlink:href="#sSpan1673" value="ART"/>
		<feat xlink:href="#sSpan1677" value="N"/>
		<feat xlink:href="#sSpan1679" value="CFOC"/>
		<feat xlink:href="#sSpan1683" value="PPERS"/>
		<feat xlink:href="#sSpan1685" value="PINT"/>
		<feat xlink:href="#sSpan1687" value="ART"/>
		<feat xlink:href="#sSpan1692" value="N"/>
		<feat xlink:href="#sSpan1695" value="PREP"/>
		<feat xlink:href="#sSpan1699" value="PDEM"/>
		<feat xlink:href="#sSpan1701" value="N"/>
		<feat xlink:href="#sSpan1704" value="CONJ"/>
		<feat xlink:href="#sSpan1708" value="ANEGPST"/>
		<feat xlink:href="#sSpan1712" value="ART"/>
		<feat xlink:href="#sSpan1714" value="N"/>
		<feat xlink:href="#sSpan1716" value="V"/>
		<feat xlink:href="#sSpan1720" value="ART"/>
		<feat xlink:href="#sSpan1723" value="N"/>
		<feat xlink:href="#sSpan1725" value="PREP"/>
		<feat xlink:href="#sSpan1729" value="ART"/>
		<feat xlink:href="#sSpan1732" value="N"/>
		<feat xlink:href="#sSpan1734" value="PREP"/>
		<feat xlink:href="#sSpan1738" value="N"/>
		<feat xlink:href="#sSpan1740" value="PUNCT"/>
		<feat xlink:href="#sSpan1745" value="CONJ"/>
		<feat xlink:href="#sSpan1752" value="PTC"/>
		<feat xlink:href="#sSpan1756" value="ADV"/>
		<feat xlink:href="#sSpan1760" value="PREP"/>
		<feat xlink:href="#sSpan1764" value="ART"/>
		<feat xlink:href="#sSpan1767" value="N"/>
		<feat xlink:href="#sSpan1769" value="PREP"/>
		<feat xlink:href="#sSpan1773" value="ART"/>
		<feat xlink:href="#sSpan1775" value="N"/>
		<feat xlink:href="#sSpan1777" value="ANEGPST"/>
		<feat xlink:href="#sSpan1781" value="ART"/>
		<feat xlink:href="#sSpan1784" value="N"/>
		<feat xlink:href="#sSpan1786" value="V"/>
		<feat xlink:href="#sSpan1790" value="ART"/>
		<feat xlink:href="#sSpan1794" value="N"/>
		<feat xlink:href="#sSpan1796" value="ADV"/>
		<feat xlink:href="#sSpan1800" value="PREP"/>
		<feat xlink:href="#sSpan1804" value="ART"/>
		<feat xlink:href="#sSpan1807" value="N"/>
		<feat xlink:href="#sSpan1809" value="APST"/>
		<feat xlink:href="#sSpan1813" value="PPERS"/>
		<feat xlink:href="#sSpan1816" value="V"/>
		<feat xlink:href="#sSpan1819" value="PTC"/>
		<feat xlink:href="#sSpan1823" value="ART"/>
		<feat xlink:href="#sSpan1825" value="N"/>
		<feat xlink:href="#sSpan1827" value="ADV"/>
		<feat xlink:href="#sSpan1831" value="PREP"/>
		<feat xlink:href="#sSpan1835" value="ART"/>
		<feat xlink:href="#sSpan1838" value="N"/>
		<feat xlink:href="#sSpan1841" value="PREP"/>
		<feat xlink:href="#sSpan1845" value="ART"/>
		<feat xlink:href="#sSpan1848" value="N"/>
		<feat xlink:href="#sSpan1851" value="PREP"/>
		<feat xlink:href="#sSpan1855" value="V"/>
		<feat xlink:href="#sSpan1857" value="PREP"/>
		<feat xlink:href="#sSpan1861" value="PDEM"/>
		<feat xlink:href="#sSpan1863" value="CREL"/>
		<feat xlink:href="#sSpan1867" value="V"/>
		<feat xlink:href="#sSpan1869" value="PUNCT"/>
		<feat xlink:href="#sSpan1874" value="CONJ"/>
		<feat xlink:href="#sSpan1880" value="ART"/>
		<feat xlink:href="#sSpan1885" value="NPROP"/>
		<feat xlink:href="#sSpan1887" value="PPERS"/>
		<feat xlink:href="#sSpan1892" value="V"/>
		<feat xlink:href="#sSpan1896" value="PREP"/>
		<feat xlink:href="#sSpan1900" value="ART"/>
		<feat xlink:href="#sSpan1902" value="N"/>
		<feat xlink:href="#sSpan1904" value="CONJ"/>
		<feat xlink:href="#sSpan1908" value="ART"/>
		<feat xlink:href="#sSpan1913" value="NPROP"/>
		<feat xlink:href="#sSpan1915" value="PPERS"/>
		<feat xlink:href="#sSpan1919" value="V"/>
		<feat xlink:href="#sSpan1921" value="PREP"/>
		<feat xlink:href="#sSpan1925" value="ART"/>
		<feat xlink:href="#sSpan1928" value="N"/>
		<feat xlink:href="#sSpan1930" value="PUNCT"/>
		<feat xlink:href="#sSpan1934" value="PPERI"/>
		<feat xlink:href="#sSpan1941" value="PTC"/>
		<feat xlink:href="#sSpan1945" value="PPERS"/>
		<feat xlink:href="#sSpan1950" value="V"/>
		<feat xlink:href="#sSpan1953" value="PREP"/>
		<feat xlink:href="#sSpan1957" value="ART"/>
		<feat xlink:href="#sSpan1960" value="N"/>
		<feat xlink:href="#sSpan1962" value="CCIRC"/>
		<feat xlink:href="#sSpan1967" value="APST"/>
		<feat xlink:href="#sSpan1969" value="PPERS"/>
		<feat xlink:href="#sSpan1971" value="V"/>
		<feat xlink:href="#sSpan1973" value="PPERO"/>
		<feat xlink:href="#sSpan1975" value="ART"/>
		<feat xlink:href="#sSpan1980" value="NPROP"/>
		<feat xlink:href="#sSpan1983" value="PTC"/>
		<feat xlink:href="#sSpan1987" value="ART"/>
		<feat xlink:href="#sSpan1992" value="N"/>
		<feat xlink:href="#sSpan1994" value="PREP"/>
		<feat xlink:href="#sSpan1998" value="PPERO"/>
		<feat xlink:href="#sSpan2000" value="COP"/>
		<feat xlink:href="#sSpan2004" value="ART"/>
		<feat xlink:href="#sSpan2009" value="N"/>
		<feat xlink:href="#sSpan2012" value="PTC"/>
		<feat xlink:href="#sSpan2016" value="ART"/>
		<feat xlink:href="#sSpan2021" value="N"/>
		<feat xlink:href="#sSpan2024" value="COP"/>
		<feat xlink:href="#sSpan2028" value="PUNCT"/>
		<feat xlink:href="#sSpan2032" value="PREP"/>
		<feat xlink:href="#sSpan2038" value="PPERO"/>
		<feat xlink:href="#sSpan2041" value="PTC"/>
		<feat xlink:href="#sSpan2045" value="PPERI"/>
		<feat xlink:href="#sSpan2049" value="PREP"/>
		<feat xlink:href="#sSpan2053" value="PDEM"/>
		<feat xlink:href="#sSpan2055" value="CREL"/>
		<feat xlink:href="#sSpan2059" value="FUT"/>
		<feat xlink:href="#sSpan2061" value="V"/>
		<feat xlink:href="#sSpan2063" value="ART"/>
		<feat xlink:href="#sSpan2068" value="NPROP"/>
		<feat xlink:href="#sSpan2070" value="PREP"/>
		<feat xlink:href="#sSpan2074" value="ART"/>
		<feat xlink:href="#sSpan2077" value="NPROP"/>
		<feat xlink:href="#sSpan2079" value="ART"/>
		<feat xlink:href="#sSpan2084" value="N"/>
		<feat xlink:href="#sSpan2086" value="ART"/>
		<feat xlink:href="#sSpan2090" value="N"/>
		<feat xlink:href="#sSpan2092" value="PREP"/>
		<feat xlink:href="#sSpan2096" value="ART"/>
		<feat xlink:href="#sSpan2098" value="N"/>
		<feat xlink:href="#sSpan2100" value="COP"/>
		<feat xlink:href="#sSpan2104" value="PREP"/>
		<feat xlink:href="#sSpan2108" value="ART"/>
		<feat xlink:href="#sSpan2111" value="N"/>
		<feat xlink:href="#sSpan2113" value="PREP"/>
		<feat xlink:href="#sSpan2117" value="ART"/>
		<feat xlink:href="#sSpan2119" value="N"/>
		<feat xlink:href="#sSpan2121" value="PUNCT"/>
		<feat xlink:href="#sSpan2125" value="CONJ"/>
		<feat xlink:href="#sSpan2131" value="ART"/>
		<feat xlink:href="#sSpan2134" value="V"/>
		<feat xlink:href="#sSpan2137" value="PREP"/>
		<feat xlink:href="#sSpan2141" value="ART"/>
		<feat xlink:href="#sSpan2143" value="N"/>
		<feat xlink:href="#sSpan2145" value="PPERS"/>
		<feat xlink:href="#sSpan2149" value="VSTAT"/>
		<feat xlink:href="#sSpan2151" value="PREP"/>
		<feat xlink:href="#sSpan2155" value="N"/>
		<feat xlink:href="#sSpan2157" value="PREP"/>
		<feat xlink:href="#sSpan2161" value="ART"/>
		<feat xlink:href="#sSpan2165" value="N"/>
		<feat xlink:href="#sSpan2167" value="CONJ"/>
		<feat xlink:href="#sSpan2171" value="ART"/>
		<feat xlink:href="#sSpan2176" value="V"/>
		<feat xlink:href="#sSpan2180" value="PREP"/>
		<feat xlink:href="#sSpan2184" value="ART"/>
		<feat xlink:href="#sSpan2186" value="N"/>
		<feat xlink:href="#sSpan2188" value="PPERS"/>
		<feat xlink:href="#sSpan2192" value="VSTAT"/>
		<feat xlink:href="#sSpan2194" value="PREP"/>
		<feat xlink:href="#sSpan2198" value="N"/>
		<feat xlink:href="#sSpan2200" value="PREP"/>
		<feat xlink:href="#sSpan2204" value="ART"/>
		<feat xlink:href="#sSpan2208" value="N"/>
		<feat xlink:href="#sSpan2210" value="PUNCT"/>
		<feat xlink:href="#sSpan2214" value="VIMP"/>
		<feat xlink:href="#sSpan2221" value="PTC"/>
		<feat xlink:href="#sSpan2225" value="PREP"/>
		<feat xlink:href="#sSpan2229" value="PPOS"/>
		<feat xlink:href="#sSpan2231" value="N"/>
		<feat xlink:href="#sSpan2233" value="PPOS"/>
		<feat xlink:href="#sSpan2237" value="N"/>
		<feat xlink:href="#sSpan2239" value="CONJ"/>
		<feat xlink:href="#sSpan2243" value="EXIST"/>
		<feat xlink:href="#sSpan2245" value="ART"/>
		<feat xlink:href="#sSpan2249" value="N"/>
		<feat xlink:href="#sSpan2251" value="PREP"/>
		<feat xlink:href="#sSpan2255" value="N"/>
		<feat xlink:href="#sSpan2258" value="PREP"/>
		<feat xlink:href="#sSpan2263" value="N"/>
		<feat xlink:href="#sSpan2265" value="EXIST"/>
		<feat xlink:href="#sSpan2269" value="ART"/>
		<feat xlink:href="#sSpan2273" value="N"/>
		<feat xlink:href="#sSpan2275" value="PREP"/>
		<feat xlink:href="#sSpan2279" value="N"/>
		<feat xlink:href="#sSpan2281" value="EXIST"/>
		<feat xlink:href="#sSpan2285" value="PINT"/>
		<feat xlink:href="#sSpan2289" value="N"/>
		<feat xlink:href="#sSpan2291" value="PREP"/>
		<feat xlink:href="#sSpan2296" value="N"/>
		<feat xlink:href="#sSpan2298" value="PUNCT"/>
		<feat xlink:href="#sSpan2303" value="CONJ"/>
		<feat xlink:href="#sSpan2309" value="ART"/>
		<feat xlink:href="#sSpan2313" value="N"/>
		<feat xlink:href="#sSpan2315" value="PREP"/>
		<feat xlink:href="#sSpan2319" value="ART"/>
		<feat xlink:href="#sSpan2322" value="N"/>
		<feat xlink:href="#sSpan2324" value="APST"/>
		<feat xlink:href="#sSpan2328" value="PPERS"/>
		<feat xlink:href="#sSpan2330" value="V"/>
		<feat xlink:href="#sSpan2332" value="PPERO"/>
		<feat xlink:href="#sSpan2334" value="PTC"/>
		<feat xlink:href="#sSpan2338" value="ART"/>
		<feat xlink:href="#sSpan2340" value="N"/>
		<feat xlink:href="#sSpan2343" value="CONJ"/>
		<feat xlink:href="#sSpan2347" value="ACONJ"/>
		<feat xlink:href="#sSpan2351" value="PPERS"/>
		<feat xlink:href="#sSpan2354" value="V"/>
		<feat xlink:href="#sSpan2357" value="PREP"/>
		<feat xlink:href="#sSpan2361" value="ART"/>
		<feat xlink:href="#sSpan2363" value="N"/>
		<feat xlink:href="#sSpan2365" value="CONJ"/>
		<feat xlink:href="#sSpan2369" value="ART"/>
		<feat xlink:href="#sSpan2374" value="N"/>
		<feat xlink:href="#sSpan2377" value="PREP"/>
		<feat xlink:href="#sSpan2381" value="ART"/>
		<feat xlink:href="#sSpan2384" value="N"/>
		<feat xlink:href="#sSpan2386" value="APST"/>
		<feat xlink:href="#sSpan2390" value="PPERS"/>
		<feat xlink:href="#sSpan2392" value="V"/>
		<feat xlink:href="#sSpan2394" value="PPERO"/>
		<feat xlink:href="#sSpan2396" value="PTC"/>
		<feat xlink:href="#sSpan2400" value="ART"/>
		<feat xlink:href="#sSpan2402" value="N"/>
		<feat xlink:href="#sSpan2405" value="CONJ"/>
		<feat xlink:href="#sSpan2409" value="ACONJ"/>
		<feat xlink:href="#sSpan2413" value="PPERS"/>
		<feat xlink:href="#sSpan2416" value="V"/>
		<feat xlink:href="#sSpan2419" value="PREP"/>
		<feat xlink:href="#sSpan2423" value="ART"/>
		<feat xlink:href="#sSpan2425" value="N"/>
		<feat xlink:href="#sSpan2427" value="PUNCT"/>
		<feat xlink:href="#sSpan2431" value="CONJ"/>
		<feat xlink:href="#sSpan2437" value="ART"/>
		<feat xlink:href="#sSpan2442" value="N"/>
		<feat xlink:href="#sSpan2444" value="PREP"/>
		<feat xlink:href="#sSpan2448" value="ART"/>
		<feat xlink:href="#sSpan2451" value="N"/>
		<feat xlink:href="#sSpan2453" value="PREP"/>
		<feat xlink:href="#sSpan2457" value="PDEM"/>
		<feat xlink:href="#sSpan2459" value="CREL"/>
		<feat xlink:href="#sSpan2463" value="VSTAT"/>
		<feat xlink:href="#sSpan2465" value="APST"/>
		<feat xlink:href="#sSpan2469" value="PPERS"/>
		<feat xlink:href="#sSpan2471" value="V"/>
		<feat xlink:href="#sSpan2473" value="PPERO"/>
		<feat xlink:href="#sSpan2475" value="PTC"/>
		<feat xlink:href="#sSpan2479" value="ART"/>
		<feat xlink:href="#sSpan2481" value="N"/>
		<feat xlink:href="#sSpan2483" value="PREP"/>
		<feat xlink:href="#sSpan2487" value="PDEM"/>
		<feat xlink:href="#sSpan2489" value="CREL"/>
		<feat xlink:href="#sSpan2493" value="NEG"/>
		<feat xlink:href="#sSpan2495" value="PPERS"/>
		<feat xlink:href="#sSpan2497" value="VSTAT"/>
		<feat xlink:href="#sSpan2499" value="NEG"/>
		<feat xlink:href="#sSpan2504" value="CONJ"/>
		<feat xlink:href="#sSpan2508" value="ACONJ"/>
		<feat xlink:href="#sSpan2512" value="PPERS"/>
		<feat xlink:href="#sSpan2514" value="V"/>
		<feat xlink:href="#sSpan2516" value="PREP"/>
		<feat xlink:href="#sSpan2520" value="PDEM"/>
		<feat xlink:href="#sSpan2522" value="CREL"/>
		<feat xlink:href="#sSpan2526" value="VSTAT"/>
		<feat xlink:href="#sSpan2528" value="PUNCT"/>
		<feat xlink:href="#sSpan2533" value="CONJ"/>
		<feat xlink:href="#sSpan2539" value="ACONJ"/>
		<feat xlink:href="#sSpan2543" value="NEG"/>
		<feat xlink:href="#sSpan2546" value="N"/>
		<feat xlink:href="#sSpan2548" value="PINT"/>
		<feat xlink:href="#sSpan2552" value="V"/>
		<feat xlink:href="#sSpan2556" value="PREP"/>
		<feat xlink:href="#sSpan2560" value="PPERO"/>
		<feat xlink:href="#sSpan2562" value="PREP"/>
		<feat xlink:href="#sSpan2566" value="ART"/>
		<feat xlink:href="#sSpan2568" value="N"/>
		<feat xlink:href="#sSpan2570" value="PREP"/>
		<feat xlink:href="#sSpan2574" value="ART"/>
		<feat xlink:href="#sSpan2576" value="N"/>
		<feat xlink:href="#sSpan2578" value="PUNCT"/>
		<feat xlink:href="#sSpan2582" value="PPERI"/>
		<feat xlink:href="#sSpan2588" value="ADV"/>
		<feat xlink:href="#sSpan2592" value="PREP"/>
		<feat xlink:href="#sSpan2596" value="PPERO"/>
		<feat xlink:href="#sSpan2598" value="IMOD"/>
		<feat xlink:href="#sSpan2602" value="PPERO"/>
		<feat xlink:href="#sSpan2604" value="PREP"/>
		<feat xlink:href="#sSpan2608" value="ART"/>
		<feat xlink:href="#sSpan2611" value="N"/>
		<feat xlink:href="#sSpan2614" value="NPROP"/>
		<feat xlink:href="#sSpan2618" value="PDEM"/>
		<feat xlink:href="#sSpan2622" value="CREL"/>
		<feat xlink:href="#sSpan2626" value="APST"/>
		<feat xlink:href="#sSpan2628" value="PPERS"/>
		<feat xlink:href="#sSpan2630" value="V"/>
		<feat xlink:href="#sSpan2632" value="PREP"/>
		<feat xlink:href="#sSpan2636" value="PPERO"/>
		<feat xlink:href="#sSpan2638" value="PREP"/>
		<feat xlink:href="#sSpan2642" value="ART"/>
		<feat xlink:href="#sSpan2645" value="N"/>
		<feat xlink:href="#sSpan2647" value="ADV"/>
		<feat xlink:href="#sSpan2651" value="PREP"/>
		<feat xlink:href="#sSpan2655" value="ART"/>
		<feat xlink:href="#sSpan2657" value="NUM"/>
		<feat xlink:href="#sSpan2659" value="ART"/>
		<feat xlink:href="#sSpan2664" value="N"/>
		<feat xlink:href="#sSpan2667" value="PREP"/>
		<feat xlink:href="#sSpan2671" value="ART"/>
		<feat xlink:href="#sSpan2673" value="N"/>
		<feat xlink:href="#sSpan2675" value="PREP"/>
		<feat xlink:href="#sSpan2679" value="ART"/>
		<feat xlink:href="#sSpan2681" value="N"/>
		<feat xlink:href="#sSpan2683" value="PUNCT"/>
		<feat xlink:href="#sSpan2688" value="CONJ"/>
		<feat xlink:href="#sSpan2695" value="PREP"/>
		<feat xlink:href="#sSpan2699" value="ART"/>
		<feat xlink:href="#sSpan2701" value="N"/>
		<feat xlink:href="#sSpan2703" value="CREL"/>
		<feat xlink:href="#sSpan2707" value="VSTAT"/>
		<feat xlink:href="#sSpan2709" value="CONJ"/>
		<feat xlink:href="#sSpan2713" value="ART"/>
		<feat xlink:href="#sSpan2715" value="CREL"/>
		<feat xlink:href="#sSpan2717" value="V"/>
		<feat xlink:href="#sSpan2719" value="PREP"/>
		<feat xlink:href="#sSpan2723" value="PPERO"/>
		<feat xlink:href="#sSpan2725" value="AJUS"/>
		<feat xlink:href="#sSpan2729" value="PPERS"/>
		<feat xlink:href="#sSpan2731" value="V"/>
		<feat xlink:href="#sSpan2733" value="PREP"/>
		<feat xlink:href="#sSpan2737" value="PPERO"/>
		<feat xlink:href="#sSpan2739" value="PREP"/>
		<feat xlink:href="#sSpan2743" value="ART"/>
		<feat xlink:href="#sSpan2745" value="N"/>
		<feat xlink:href="#sSpan2747" value="PUNCT"/></featList></paula>