<?xml version="1.0" encoding="UTF-8" standalone="no"?>

<!DOCTYPE paula SYSTEM "paula_feat.dtd">
<paula version="1.0">

<header paula_id="scriptorium.sahidic.ot.01_Genesis_29_norm_group"/>

<featList xmlns:xlink="http://www.w3.org/1999/xlink" type="norm_group" xml:base="scriptorium.sahidic.ot.01_Genesis_29.norm_groupSeg.xml">
<feat xlink:href="#norm_group_1" value="ⲛⲧⲁ"/><!-- ⲛⲧⲁ -->
<feat xlink:href="#norm_group_2" value="ⲇⲉ"/><!-- ⲇⲉ -->
<feat xlink:href="#norm_group_3" value="ϩⲧⲟⲟⲩⲉ"/><!-- ϩⲧⲟⲟⲩⲉ -->
<feat xlink:href="#norm_group_4" value="ϣⲱⲡⲉ"/><!-- ϣⲱⲡⲉ -->
<feat xlink:href="#norm_group_5" value="ⲉⲓⲥ"/><!-- ⲉⲓⲥ -->
<feat xlink:href="#norm_group_6" value="ϩⲏⲏⲧⲉ"/><!-- ϩⲏⲏⲧⲉ -->
<feat xlink:href="#norm_group_7" value="ⲛⲉ"/><!-- ⲛⲉ -->
<feat xlink:href="#norm_group_8" value="ⲗⲓⲁ"/><!-- ⲗⲓⲁ -->
<feat xlink:href="#norm_group_9" value="ⲧⲉ"/><!-- ⲧⲉ -->
<feat xlink:href="#norm_group_10" value="ⲡⲉϫⲉ"/><!-- ⲡⲉϫⲉ -->
<feat xlink:href="#norm_group_11" value="ⲓⲁⲕⲱⲃ"/><!-- ⲓⲁⲕⲱⲃ -->
<feat xlink:href="#norm_group_12" value="ⲇⲉ"/><!-- ⲇⲉ -->
<feat xlink:href="#norm_group_13" value="ⲛⲗⲁⲃⲁⲛ"/><!-- ⲛ...ⲗⲁⲃⲁⲛ -->
<feat xlink:href="#norm_group_15" value="ϫⲉ"/><!-- ϫⲉ -->
<feat xlink:href="#norm_group_16" value="ⲟⲩ"/><!-- ⲟⲩ -->
<feat xlink:href="#norm_group_17" value="ⲡⲉ"/><!-- ⲡⲉ -->
<feat xlink:href="#norm_group_18" value="ⲡⲁⲓ"/><!-- ⲡⲁⲓ -->
<feat xlink:href="#norm_group_19" value="ⲉⲧⲁⲕⲁⲁϥ"/><!-- ⲉⲧⲁⲕⲁⲁϥ -->
<feat xlink:href="#norm_group_20" value="ⲛⲁⲓ"/><!-- ⲛⲁⲓ -->
<feat xlink:href="#norm_group_21" value="ⲉⲓⲉ"/><!-- ⲉⲓⲉ -->
<feat xlink:href="#norm_group_22" value="ⲁⲛ"/><!-- ⲁⲛ -->
<feat xlink:href="#norm_group_23" value="ⲁⲓⲣ"/><!-- ⲁ...ⲣ -->
<feat xlink:href="#norm_group_26" value="ⲃⲱⲕ"/><!-- ⲃⲱⲕ -->
<feat xlink:href="#norm_group_27" value="ϯⲛⲁⲉⲝⲟⲙⲟⲗⲟⲅⲉⲓ"/><!-- ϯ...ⲉⲝⲟⲙⲟⲗⲟⲅⲉⲓ -->
<feat xlink:href="#norm_group_30" value="ⲙⲡⲁⲓ"/><!-- ⲙ...ⲡⲁⲓ -->
<feat xlink:href="#norm_group_32" value="ⲙⲡϫⲟⲉⲓⲥ"/><!-- ⲙ...ϫⲟⲉⲓⲥ -->
<feat xlink:href="#norm_group_35" value="ⲡⲛⲟⲩⲧⲉ"/><!-- ⲡ...ⲛⲟⲩⲧⲉ -->
<feat xlink:href="#norm_group_37" value="ⲉⲧⲃⲉ"/><!-- ⲉⲧⲃⲉ -->
<feat xlink:href="#norm_group_38" value="ⲡⲁⲓ"/><!-- ⲡⲁⲓ -->
<feat xlink:href="#norm_group_39" value="ⲁⲥⲙⲟⲩⲧⲉ"/><!-- ⲁ...ⲙⲟⲩⲧⲉ -->
<feat xlink:href="#norm_group_42" value="ⲉⲡⲉϥⲣⲁⲛ"/><!-- ⲉ...ⲣⲁⲛ -->
<feat xlink:href="#norm_group_45" value="ϫⲉ"/><!-- ϫⲉ -->
<feat xlink:href="#norm_group_46" value="ⲓⲟⲩⲇⲁⲥ"/><!-- ⲓⲟⲩⲇⲁⲥ -->
<feat xlink:href="#norm_group_47" value="ⲁⲥⲗⲟ"/><!-- ⲁ...ⲗⲟ -->
<feat xlink:href="#norm_group_50" value="ⲉⲥⲙⲓⲥⲉ"/><!-- ⲉ...ⲙⲓⲥⲉ -->
</featList>
</paula>
