<?xml version="1.0" encoding="UTF-8" standalone="no"?>

<!DOCTYPE paula SYSTEM "paula_mark.dtd">
<paula version="1.0">

<header paula_id="scriptorium.sahidic.ot.01_Genesis_29_lemmaSeg"/>

<markList xmlns:xlink="http://www.w3.org/1999/xlink" type="lemmaSeg" xml:base="scriptorium.sahidic.ot.01_Genesis_29.tok.xml">
<mark id="lemma_1" xlink:href="#tok_1"/><!-- ⲛⲧⲁ -->
<mark id="lemma_2" xlink:href="#tok_2"/><!-- ⲇⲉ -->
<mark id="lemma_3" xlink:href="#tok_3"/><!-- ϩⲧⲟⲟⲩⲉ -->
<mark id="lemma_4" xlink:href="#tok_4"/><!-- ϣⲱⲡⲉ -->
<mark id="lemma_5" xlink:href="#tok_5"/><!-- ⲉⲓⲥ -->
<mark id="lemma_6" xlink:href="#tok_6"/><!-- ϩⲏⲏⲧⲉ -->
<mark id="lemma_7" xlink:href="#tok_7"/><!-- ⲛⲉ -->
<mark id="lemma_8" xlink:href="#tok_8"/><!-- ⲗⲓⲁ -->
<mark id="lemma_9" xlink:href="#tok_9"/><!-- ⲧⲉ -->
<mark id="lemma_10" xlink:href="#tok_10"/><!-- ⲡⲉϫⲉ -->
<mark id="lemma_11" xlink:href="#tok_11"/><!-- ⲓⲁⲕⲱⲃ -->
<mark id="lemma_12" xlink:href="#tok_12"/><!-- ⲇⲉ -->
<mark id="lemma_13" xlink:href="#tok_13"/><!-- ⲛ -->
<mark id="lemma_14" xlink:href="#tok_14"/><!-- ⲗⲁⲃⲁⲛ -->
<mark id="lemma_15" xlink:href="#tok_15"/><!-- ϫⲉ -->
<mark id="lemma_16" xlink:href="#tok_16"/><!-- ⲟⲩ -->
<mark id="lemma_17" xlink:href="#tok_17"/><!-- ⲡⲉ -->
<mark id="lemma_18" xlink:href="#tok_18"/><!-- ⲡⲁⲓ -->
<mark id="lemma_19" xlink:href="#tok_19"/><!-- ⲉⲧⲁⲕⲁⲁϥ -->
<mark id="lemma_20" xlink:href="#tok_20"/><!-- ⲛⲁⲓ -->
<mark id="lemma_21" xlink:href="#tok_21"/><!-- ⲉⲓⲉ -->
<mark id="lemma_22" xlink:href="#tok_22"/><!-- ⲁⲛ -->
<mark id="lemma_23" xlink:href="#tok_23"/><!-- ⲁ -->
<mark id="lemma_24" xlink:href="#tok_24"/><!-- ⲓ -->
<mark id="lemma_25" xlink:href="#tok_25"/><!-- ⲣ -->
<mark id="lemma_26" xlink:href="#tok_26"/><!-- ⲃⲱⲕ -->
<mark id="lemma_27" xlink:href="#tok_27"/><!-- ϯ -->
<mark id="lemma_28" xlink:href="#tok_28"/><!-- ⲛⲁ -->
<mark id="lemma_29" xlink:href="#tok_29"/><!-- ⲉⲝⲟⲙⲟⲗⲟⲅⲉⲓ -->
<mark id="lemma_30" xlink:href="#tok_30"/><!-- ⲙ -->
<mark id="lemma_31" xlink:href="#tok_31"/><!-- ⲡⲁⲓ -->
<mark id="lemma_32" xlink:href="#tok_32"/><!-- ⲙ -->
<mark id="lemma_33" xlink:href="#tok_33"/><!-- ⲡ -->
<mark id="lemma_34" xlink:href="#tok_34"/><!-- ϫⲟⲉⲓⲥ -->
<mark id="lemma_35" xlink:href="#tok_35"/><!-- ⲡ -->
<mark id="lemma_36" xlink:href="#tok_36"/><!-- ⲛⲟⲩⲧⲉ -->
<mark id="lemma_37" xlink:href="#tok_37"/><!-- ⲉⲧⲃⲉ -->
<mark id="lemma_38" xlink:href="#tok_38"/><!-- ⲡⲁⲓ -->
<mark id="lemma_39" xlink:href="#tok_39"/><!-- ⲁ -->
<mark id="lemma_40" xlink:href="#tok_40"/><!-- ⲥ -->
<mark id="lemma_41" xlink:href="#tok_41"/><!-- ⲙⲟⲩⲧⲉ -->
<mark id="lemma_42" xlink:href="#tok_42"/><!-- ⲉ -->
<mark id="lemma_43" xlink:href="#tok_43"/><!-- ⲡⲉϥ -->
<mark id="lemma_44" xlink:href="#tok_44"/><!-- ⲣⲁⲛ -->
<mark id="lemma_45" xlink:href="#tok_45"/><!-- ϫⲉ -->
<mark id="lemma_46" xlink:href="#tok_46"/><!-- ⲓⲟⲩⲇⲁⲥ -->
<mark id="lemma_47" xlink:href="#tok_47"/><!-- ⲁ -->
<mark id="lemma_48" xlink:href="#tok_48"/><!-- ⲥ -->
<mark id="lemma_49" xlink:href="#tok_49"/><!-- ⲗⲟ -->
<mark id="lemma_50" xlink:href="#tok_50"/><!-- ⲉ -->
<mark id="lemma_51" xlink:href="#tok_51"/><!-- ⲥ -->
<mark id="lemma_52" xlink:href="#tok_52"/><!-- ⲙⲓⲥⲉ -->
</markList>
</paula>
