<?xml version='1.0' encoding='UTF-8'?><!DOCTYPE paula SYSTEM "paula_feat.dtd">
<paula version="1.1">
	<header paula_id="scriptorium.a22.YB307-320.mark_lb_n"/>
	<featList xmlns:xlink="http://www.w3.org/1999/xlink" type="lb_n" xml:base="scriptorium.a22.YB307-320.mark.xml">
		<feat xlink:href="#sSpan8" value="1"/>
		<feat xlink:href="#sSpan26" value="2"/>
		<feat xlink:href="#sSpan37" value="3"/>
		<feat xlink:href="#sSpan48" value="4"/>
		<feat xlink:href="#sSpan60" value="5"/>
		<feat xlink:href="#sSpan65" value="6"/>
		<feat xlink:href="#sSpan81" value="7"/>
		<feat xlink:href="#sSpan92" value="8"/>
		<feat xlink:href="#sSpan103" value="9"/>
		<feat xlink:href="#sSpan118" value="10"/>
		<feat xlink:href="#sSpan128" value="11"/>
		<feat xlink:href="#sSpan140" value="12"/>
		<feat xlink:href="#sSpan157" value="13"/>
		<feat xlink:href="#sSpan180" value="14"/>
		<feat xlink:href="#sSpan194" value="15"/>
		<feat xlink:href="#sSpan211" value="16"/>
		<feat xlink:href="#sSpan223" value="17"/>
		<feat xlink:href="#sSpan235" value="18"/>
		<feat xlink:href="#sSpan256" value="19"/>
		<feat xlink:href="#sSpan270" value="20"/>
		<feat xlink:href="#sSpan278" value="21"/>
		<feat xlink:href="#sSpan297" value="22"/>
		<feat xlink:href="#sSpan307" value="23"/>
		<feat xlink:href="#sSpan318" value="24"/>
		<feat xlink:href="#sSpan335" value="25"/>
		<feat xlink:href="#sSpan347" value="26"/>
		<feat xlink:href="#sSpan357" value="27"/>
		<feat xlink:href="#sSpan374" value="28"/>
		<feat xlink:href="#sSpan384" value="1"/>
		<feat xlink:href="#sSpan407" value="2"/>
		<feat xlink:href="#sSpan418" value="3"/>
		<feat xlink:href="#sSpan443" value="4"/>
		<feat xlink:href="#sSpan454" value="5"/>
		<feat xlink:href="#sSpan461" value="6"/>
		<feat xlink:href="#sSpan481" value="7"/>
		<feat xlink:href="#sSpan488" value="8"/>
		<feat xlink:href="#sSpan501" value="9"/>
		<feat xlink:href="#sSpan513" value="10"/>
		<feat xlink:href="#sSpan524" value="11"/>
		<feat xlink:href="#sSpan538" value="12"/>
		<feat xlink:href="#sSpan558" value="13"/>
		<feat xlink:href="#sSpan570" value="14"/>
		<feat xlink:href="#sSpan581" value="15"/>
		<feat xlink:href="#sSpan591" value="16"/>
		<feat xlink:href="#sSpan600" value="17"/>
		<feat xlink:href="#sSpan607" value="18"/>
		<feat xlink:href="#sSpan617" value="19"/>
		<feat xlink:href="#sSpan627" value="20"/>
		<feat xlink:href="#sSpan643" value="21"/>
		<feat xlink:href="#sSpan652" value="22"/>
		<feat xlink:href="#sSpan661" value="23"/>
		<feat xlink:href="#sSpan668" value="24"/>
		<feat xlink:href="#sSpan678" value="25"/>
		<feat xlink:href="#sSpan689" value="26"/>
		<feat xlink:href="#sSpan713" value="27"/>
		<feat xlink:href="#sSpan726" value="28"/>
		<feat xlink:href="#sSpan734" value="1"/>
		<feat xlink:href="#sSpan747" value="2"/>
		<feat xlink:href="#sSpan754" value="3"/>
		<feat xlink:href="#sSpan766" value="4"/>
		<feat xlink:href="#sSpan777" value="5"/>
		<feat xlink:href="#sSpan784" value="6"/>
		<feat xlink:href="#sSpan794" value="7"/>
		<feat xlink:href="#sSpan811" value="8"/>
		<feat xlink:href="#sSpan823" value="9"/>
		<feat xlink:href="#sSpan833" value="10"/>
		<feat xlink:href="#sSpan847" value="11"/>
		<feat xlink:href="#sSpan856" value="12"/>
		<feat xlink:href="#sSpan865" value="13"/>
		<feat xlink:href="#sSpan884" value="14"/>
		<feat xlink:href="#sSpan893" value="15"/>
		<feat xlink:href="#sSpan908" value="16"/>
		<feat xlink:href="#sSpan918" value="17"/>
		<feat xlink:href="#sSpan936" value="18"/>
		<feat xlink:href="#sSpan950" value="19"/>
		<feat xlink:href="#sSpan961" value="20"/>
		<feat xlink:href="#sSpan967" value="21"/>
		<feat xlink:href="#sSpan980" value="22"/>
		<feat xlink:href="#sSpan995" value="23"/>
		<feat xlink:href="#sSpan1008" value="24"/>
		<feat xlink:href="#sSpan1018" value="25"/>
		<feat xlink:href="#sSpan1027" value="26"/>
		<feat xlink:href="#sSpan1047" value="27"/>
		<feat xlink:href="#sSpan1057" value="28"/>
		<feat xlink:href="#sSpan1075" value="1"/>
		<feat xlink:href="#sSpan1089" value="2"/>
		<feat xlink:href="#sSpan1102" value="3"/>
		<feat xlink:href="#sSpan1120" value="4"/>
		<feat xlink:href="#sSpan1132" value="5"/>
		<feat xlink:href="#sSpan1146" value="6"/>
		<feat xlink:href="#sSpan1156" value="7"/>
		<feat xlink:href="#sSpan1169" value="8"/>
		<feat xlink:href="#sSpan1182" value="9"/>
		<feat xlink:href="#sSpan1204" value="10"/>
		<feat xlink:href="#sSpan1215" value="11"/>
		<feat xlink:href="#sSpan1232" value="12"/>
		<feat xlink:href="#sSpan1246" value="13"/>
		<feat xlink:href="#sSpan1267" value="14"/>
		<feat xlink:href="#sSpan1278" value="15"/>
		<feat xlink:href="#sSpan1294" value="16"/>
		<feat xlink:href="#sSpan1315" value="17"/>
		<feat xlink:href="#sSpan1333" value="18"/>
		<feat xlink:href="#sSpan1347" value="19"/>
		<feat xlink:href="#sSpan1361" value="20"/>
		<feat xlink:href="#sSpan1377" value="21"/>
		<feat xlink:href="#sSpan1387" value="22"/>
		<feat xlink:href="#sSpan1401" value="23"/>
		<feat xlink:href="#sSpan1412" value="24"/>
		<feat xlink:href="#sSpan1427" value="25"/>
		<feat xlink:href="#sSpan1442" value="26"/>
		<feat xlink:href="#sSpan1459" value="27"/>
		<feat xlink:href="#sSpan1468" value="28"/>
		<feat xlink:href="#sSpan1483" value="1"/>
		<feat xlink:href="#sSpan1490" value="2"/>
		<feat xlink:href="#sSpan1508" value="3"/>
		<feat xlink:href="#sSpan1524" value="4"/>
		<feat xlink:href="#sSpan1539" value="5"/>
		<feat xlink:href="#sSpan1555" value="6"/>
		<feat xlink:href="#sSpan1572" value="7"/>
		<feat xlink:href="#sSpan1582" value="8"/>
		<feat xlink:href="#sSpan1599" value="9"/>
		<feat xlink:href="#sSpan1615" value="10"/>
		<feat xlink:href="#sSpan1626" value="11"/>
		<feat xlink:href="#sSpan1644" value="12"/>
		<feat xlink:href="#sSpan1651" value="13"/>
		<feat xlink:href="#sSpan1665" value="14"/>
		<feat xlink:href="#sSpan1677" value="15"/>
		<feat xlink:href="#sSpan1690" value="16"/>
		<feat xlink:href="#sSpan1709" value="17"/>
		<feat xlink:href="#sSpan1729" value="18"/>
		<feat xlink:href="#sSpan1740" value="19"/>
		<feat xlink:href="#sSpan1749" value="20"/>
		<feat xlink:href="#sSpan1762" value="21"/>
		<feat xlink:href="#sSpan1774" value="22"/>
		<feat xlink:href="#sSpan1790" value="23"/>
		<feat xlink:href="#sSpan1804" value="24"/>
		<feat xlink:href="#sSpan1820" value="25"/>
		<feat xlink:href="#sSpan1831" value="26"/>
		<feat xlink:href="#sSpan1846" value="27"/>
		<feat xlink:href="#sSpan1867" value="28"/>
		<feat xlink:href="#sSpan1885" value="1"/>
		<feat xlink:href="#sSpan1900" value="2"/>
		<feat xlink:href="#sSpan1920" value="3"/>
		<feat xlink:href="#sSpan1941" value="4"/>
		<feat xlink:href="#sSpan1952" value="5"/>
		<feat xlink:href="#sSpan1967" value="6"/>
		<feat xlink:href="#sSpan1984" value="7"/>
		<feat xlink:href="#sSpan1997" value="8"/>
		<feat xlink:href="#sSpan2004" value="9"/>
		<feat xlink:href="#sSpan2022" value="10"/>
		<feat xlink:href="#sSpan2039" value="11"/>
		<feat xlink:href="#sSpan2058" value="12"/>
		<feat xlink:href="#sSpan2076" value="13"/>
		<feat xlink:href="#sSpan2095" value="14"/>
		<feat xlink:href="#sSpan2109" value="15"/>
		<feat xlink:href="#sSpan2118" value="16"/>
		<feat xlink:href="#sSpan2129" value="17"/>
		<feat xlink:href="#sSpan2137" value="18"/>
		<feat xlink:href="#sSpan2149" value="19"/>
		<feat xlink:href="#sSpan2171" value="20"/>
		<feat xlink:href="#sSpan2183" value="21"/>
		<feat xlink:href="#sSpan2193" value="22"/>
		<feat xlink:href="#sSpan2210" value="23"/>
		<feat xlink:href="#sSpan2224" value="24"/>
		<feat xlink:href="#sSpan2247" value="25"/>
		<feat xlink:href="#sSpan2262" value="26"/>
		<feat xlink:href="#sSpan2276" value="27"/>
		<feat xlink:href="#sSpan2290" value="28"/>
		<feat xlink:href="#sSpan2305" value="1"/>
		<feat xlink:href="#sSpan2322" value="2"/>
		<feat xlink:href="#sSpan2333" value="3"/>
		<feat xlink:href="#sSpan2346" value="4"/>
		<feat xlink:href="#sSpan2360" value="5"/>
		<feat xlink:href="#sSpan2382" value="6"/>
		<feat xlink:href="#sSpan2397" value="7"/>
		<feat xlink:href="#sSpan2415" value="8"/>
		<feat xlink:href="#sSpan2426" value="9"/>
		<feat xlink:href="#sSpan2435" value="10"/>
		<feat xlink:href="#sSpan2450" value="11"/>
		<feat xlink:href="#sSpan2458" value="12"/>
		<feat xlink:href="#sSpan2476" value="13"/>
		<feat xlink:href="#sSpan2492" value="14"/>
		<feat xlink:href="#sSpan2506" value="15"/>
		<feat xlink:href="#sSpan2521" value="16"/>
		<feat xlink:href="#sSpan2529" value="17"/>
		<feat xlink:href="#sSpan2542" value="18"/>
		<feat xlink:href="#sSpan2556" value="19"/>
		<feat xlink:href="#sSpan2568" value="20"/>
		<feat xlink:href="#sSpan2577" value="21"/>
		<feat xlink:href="#sSpan2597" value="22"/>
		<feat xlink:href="#sSpan2610" value="23"/>
		<feat xlink:href="#sSpan2621" value="24"/>
		<feat xlink:href="#sSpan2635" value="25"/>
		<feat xlink:href="#sSpan2646" value="26"/>
		<feat xlink:href="#sSpan2665" value="27"/>
		<feat xlink:href="#sSpan2673" value="28"/>
		<feat xlink:href="#sSpan2684" value="1"/>
		<feat xlink:href="#sSpan2696" value="2"/>
		<feat xlink:href="#sSpan2707" value="3"/>
		<feat xlink:href="#sSpan2721" value="4"/>
		<feat xlink:href="#sSpan2737" value="5"/>
		<feat xlink:href="#sSpan2744" value="6"/>
		<feat xlink:href="#sSpan2754" value="7"/>
		<feat xlink:href="#sSpan2777" value="8"/>
		<feat xlink:href="#sSpan2791" value="9"/>
		<feat xlink:href="#sSpan2809" value="10"/>
		<feat xlink:href="#sSpan2825" value="11"/>
		<feat xlink:href="#sSpan2838" value="12"/>
		<feat xlink:href="#sSpan2850" value="13"/>
		<feat xlink:href="#sSpan2861" value="14"/>
		<feat xlink:href="#sSpan2872" value="15"/>
		<feat xlink:href="#sSpan2882" value="16"/>
		<feat xlink:href="#sSpan2905" value="17"/>
		<feat xlink:href="#sSpan2917" value="18"/>
		<feat xlink:href="#sSpan2941" value="19"/>
		<feat xlink:href="#sSpan2961" value="20"/>
		<feat xlink:href="#sSpan2972" value="21"/>
		<feat xlink:href="#sSpan2986" value="22"/>
		<feat xlink:href="#sSpan2999" value="23"/>
		<feat xlink:href="#sSpan3022" value="24"/>
		<feat xlink:href="#sSpan3031" value="25"/>
		<feat xlink:href="#sSpan3045" value="26"/>
		<feat xlink:href="#sSpan3055" value="27"/>
		<feat xlink:href="#sSpan3072" value="28"/>
		<feat xlink:href="#sSpan3088" value="1"/>
		<feat xlink:href="#sSpan3106" value="2"/>
		<feat xlink:href="#sSpan3116" value="3"/>
		<feat xlink:href="#sSpan3126" value="4"/>
		<feat xlink:href="#sSpan3137" value="5"/>
		<feat xlink:href="#sSpan3148" value="6"/>
		<feat xlink:href="#sSpan3160" value="7"/>
		<feat xlink:href="#sSpan3180" value="8"/>
		<feat xlink:href="#sSpan3193" value="9"/>
		<feat xlink:href="#sSpan3204" value="10"/>
		<feat xlink:href="#sSpan3223" value="11"/>
		<feat xlink:href="#sSpan3242" value="12"/>
		<feat xlink:href="#sSpan3253" value="13"/>
		<feat xlink:href="#sSpan3269" value="14"/>
		<feat xlink:href="#sSpan3293" value="15"/>
		<feat xlink:href="#sSpan3305" value="16"/>
		<feat xlink:href="#sSpan3322" value="17"/>
		<feat xlink:href="#sSpan3341" value="18"/>
		<feat xlink:href="#sSpan3353" value="19"/>
		<feat xlink:href="#sSpan3368" value="20"/>
		<feat xlink:href="#sSpan3379" value="21"/>
		<feat xlink:href="#sSpan3392" value="22"/>
		<feat xlink:href="#sSpan3402" value="23"/>
		<feat xlink:href="#sSpan3412" value="24"/>
		<feat xlink:href="#sSpan3438" value="25"/>
		<feat xlink:href="#sSpan3449" value="26"/>
		<feat xlink:href="#sSpan3459" value="27"/>
		<feat xlink:href="#sSpan3473" value="28"/>
		<feat xlink:href="#sSpan3488" value="1"/>
		<feat xlink:href="#sSpan3501" value="2"/>
		<feat xlink:href="#sSpan3516" value="3"/>
		<feat xlink:href="#sSpan3535" value="4"/>
		<feat xlink:href="#sSpan3548" value="5"/>
		<feat xlink:href="#sSpan3560" value="6"/>
		<feat xlink:href="#sSpan3574" value="7"/>
		<feat xlink:href="#sSpan3587" value="8"/>
		<feat xlink:href="#sSpan3599" value="9"/>
		<feat xlink:href="#sSpan3614" value="10"/>
		<feat xlink:href="#sSpan3634" value="11"/>
		<feat xlink:href="#sSpan3647" value="12"/>
		<feat xlink:href="#sSpan3655" value="13"/>
		<feat xlink:href="#sSpan3669" value="14"/>
		<feat xlink:href="#sSpan3678" value="15"/>
		<feat xlink:href="#sSpan3689" value="16"/>
		<feat xlink:href="#sSpan3700" value="17"/>
		<feat xlink:href="#sSpan3710" value="18"/>
		<feat xlink:href="#sSpan3728" value="19"/>
		<feat xlink:href="#sSpan3746" value="20"/>
		<feat xlink:href="#sSpan3759" value="21"/>
		<feat xlink:href="#sSpan3771" value="22"/>
		<feat xlink:href="#sSpan3785" value="23"/>
		<feat xlink:href="#sSpan3797" value="24"/>
		<feat xlink:href="#sSpan3808" value="25"/>
		<feat xlink:href="#sSpan3820" value="26"/>
		<feat xlink:href="#sSpan3831" value="27"/>
		<feat xlink:href="#sSpan3845" value="28"/>
		<feat xlink:href="#sSpan3864" value="1"/>
		<feat xlink:href="#sSpan3882" value="2"/>
		<feat xlink:href="#sSpan3892" value="3"/>
		<feat xlink:href="#sSpan3908" value="4"/>
		<feat xlink:href="#sSpan3919" value="5"/>
		<feat xlink:href="#sSpan3940" value="6"/>
		<feat xlink:href="#sSpan3954" value="7"/>
		<feat xlink:href="#sSpan3966" value="8"/>
		<feat xlink:href="#sSpan3978" value="9"/>
		<feat xlink:href="#sSpan3993" value="10"/>
		<feat xlink:href="#sSpan4008" value="11"/>
		<feat xlink:href="#sSpan4023" value="12"/>
		<feat xlink:href="#sSpan4032" value="13"/>
		<feat xlink:href="#sSpan4048" value="14"/>
		<feat xlink:href="#sSpan4061" value="15"/>
		<feat xlink:href="#sSpan4077" value="16"/>
		<feat xlink:href="#sSpan4087" value="17"/>
		<feat xlink:href="#sSpan4104" value="18"/>
		<feat xlink:href="#sSpan4116" value="19"/>
		<feat xlink:href="#sSpan4129" value="20"/>
		<feat xlink:href="#sSpan4135" value="21"/>
		<feat xlink:href="#sSpan4161" value="22"/>
		<feat xlink:href="#sSpan4176" value="23"/>
		<feat xlink:href="#sSpan4193" value="24"/>
		<feat xlink:href="#sSpan4205" value="25"/>
		<feat xlink:href="#sSpan4221" value="26"/>
		<feat xlink:href="#sSpan4239" value="27"/>
		<feat xlink:href="#sSpan4255" value="28"/>
		<feat xlink:href="#sSpan4266" value="1"/>
		<feat xlink:href="#sSpan4278" value="2"/>
		<feat xlink:href="#sSpan4298" value="3"/>
		<feat xlink:href="#sSpan4308" value="4"/>
		<feat xlink:href="#sSpan4321" value="5"/>
		<feat xlink:href="#sSpan4333" value="6"/>
		<feat xlink:href="#sSpan4341" value="7"/>
		<feat xlink:href="#sSpan4356" value="8"/>
		<feat xlink:href="#sSpan4368" value="9"/>
		<feat xlink:href="#sSpan4380" value="10"/>
		<feat xlink:href="#sSpan4389" value="11"/>
		<feat xlink:href="#sSpan4397" value="12"/>
		<feat xlink:href="#sSpan4421" value="13"/>
		<feat xlink:href="#sSpan4435" value="14"/>
		<feat xlink:href="#sSpan4452" value="15"/>
		<feat xlink:href="#sSpan4468" value="16"/>
		<feat xlink:href="#sSpan4484" value="17"/>
		<feat xlink:href="#sSpan4504" value="18"/>
		<feat xlink:href="#sSpan4517" value="19"/>
		<feat xlink:href="#sSpan4529" value="20"/>
		<feat xlink:href="#sSpan4546" value="21"/>
		<feat xlink:href="#sSpan4562" value="22"/>
		<feat xlink:href="#sSpan4579" value="23"/>
		<feat xlink:href="#sSpan4593" value="24"/>
		<feat xlink:href="#sSpan4605" value="25"/>
		<feat xlink:href="#sSpan4614" value="26"/>
		<feat xlink:href="#sSpan4628" value="27"/>
		<feat xlink:href="#sSpan4638" value="28"/>
		<feat xlink:href="#sSpan4654" value="1"/>
		<feat xlink:href="#sSpan4669" value="2"/>
		<feat xlink:href="#sSpan4677" value="3"/>
		<feat xlink:href="#sSpan4687" value="4"/>
		<feat xlink:href="#sSpan4698" value="5"/>
		<feat xlink:href="#sSpan4708" value="6"/>
		<feat xlink:href="#sSpan4735" value="7"/>
		<feat xlink:href="#sSpan4750" value="8"/>
		<feat xlink:href="#sSpan4758" value="9"/>
		<feat xlink:href="#sSpan4768" value="10"/>
		<feat xlink:href="#sSpan4778" value="11"/>
		<feat xlink:href="#sSpan4795" value="12"/>
		<feat xlink:href="#sSpan4807" value="13"/>
		<feat xlink:href="#sSpan4815" value="14"/>
		<feat xlink:href="#sSpan4829" value="15"/>
		<feat xlink:href="#sSpan4844" value="16"/>
		<feat xlink:href="#sSpan4866" value="17"/>
		<feat xlink:href="#sSpan4882" value="18"/>
		<feat xlink:href="#sSpan4893" value="19"/>
		<feat xlink:href="#sSpan4906" value="20"/>
		<feat xlink:href="#sSpan4917" value="21"/>
		<feat xlink:href="#sSpan4934" value="22"/>
		<feat xlink:href="#sSpan4951" value="23"/>
		<feat xlink:href="#sSpan4968" value="24"/>
		<feat xlink:href="#sSpan4979" value="25"/>
		<feat xlink:href="#sSpan4992" value="26"/>
		<feat xlink:href="#sSpan5008" value="27"/>
		<feat xlink:href="#sSpan5022" value="28"/>
		<feat xlink:href="#sSpan5035" value="1"/>
		<feat xlink:href="#sSpan5065" value="2"/>
		<feat xlink:href="#sSpan5077" value="3"/>
		<feat xlink:href="#sSpan5091" value="4"/>
		<feat xlink:href="#sSpan5107" value="5"/>
		<feat xlink:href="#sSpan5121" value="6"/>
		<feat xlink:href="#sSpan5131" value="7"/>
		<feat xlink:href="#sSpan5149" value="8"/>
		<feat xlink:href="#sSpan5162" value="9"/>
		<feat xlink:href="#sSpan5175" value="10"/>
		<feat xlink:href="#sSpan5184" value="11"/>
		<feat xlink:href="#sSpan5195" value="12"/>
		<feat xlink:href="#sSpan5206" value="13"/>
		<feat xlink:href="#sSpan5221" value="14"/>
		<feat xlink:href="#sSpan5231" value="15"/>
		<feat xlink:href="#sSpan5242" value="16"/>
		<feat xlink:href="#sSpan5258" value="17"/>
		<feat xlink:href="#sSpan5270" value="18"/>
		<feat xlink:href="#sSpan5283" value="19"/>
		<feat xlink:href="#sSpan5291" value="20"/>
		<feat xlink:href="#sSpan5312" value="21"/>
		<feat xlink:href="#sSpan5330" value="22"/>
		<feat xlink:href="#sSpan5342" value="23"/>
		<feat xlink:href="#sSpan5354" value="24"/>
		<feat xlink:href="#sSpan5364" value="25"/>
		<feat xlink:href="#sSpan5379" value="26"/>
		<feat xlink:href="#sSpan5391" value="27"/>
		<feat xlink:href="#sSpan5402" value="28"/>
		<feat xlink:href="#sSpan5417" value="1"/>
		<feat xlink:href="#sSpan5433" value="2"/>
		<feat xlink:href="#sSpan5446" value="3"/>
		<feat xlink:href="#sSpan5458" value="4"/>
		<feat xlink:href="#sSpan5466" value="5"/>
		<feat xlink:href="#sSpan5484" value="6"/>
		<feat xlink:href="#sSpan5493" value="7"/>
		<feat xlink:href="#sSpan5507" value="8"/>
		<feat xlink:href="#sSpan5519" value="9"/>
		<feat xlink:href="#sSpan5528" value="10"/>
		<feat xlink:href="#sSpan5539" value="11"/>
		<feat xlink:href="#sSpan5552" value="12"/>
		<feat xlink:href="#sSpan5565" value="13"/>
		<feat xlink:href="#sSpan5574" value="14"/>
		<feat xlink:href="#sSpan5596" value="15"/>
		<feat xlink:href="#sSpan5611" value="16"/>
		<feat xlink:href="#sSpan5628" value="17"/>
		<feat xlink:href="#sSpan5642" value="18"/>
		<feat xlink:href="#sSpan5656" value="19"/>
		<feat xlink:href="#sSpan5668" value="20"/>
		<feat xlink:href="#sSpan5677" value="21"/>
		<feat xlink:href="#sSpan5688" value="22"/>
		<feat xlink:href="#sSpan5701" value="23"/>
		<feat xlink:href="#sSpan5712" value="24"/>
		<feat xlink:href="#sSpan5722" value="25"/>
		<feat xlink:href="#sSpan5738" value="26"/>
		<feat xlink:href="#sSpan5751" value="27"/>
		<feat xlink:href="#sSpan5762" value="28"/>
		<feat xlink:href="#sSpan5771" value="1"/>
		<feat xlink:href="#sSpan5783" value="2"/>
		<feat xlink:href="#sSpan5790" value="3"/>
		<feat xlink:href="#sSpan5811" value="4"/>
		<feat xlink:href="#sSpan5827" value="5"/>
		<feat xlink:href="#sSpan5844" value="6"/>
		<feat xlink:href="#sSpan5859" value="7"/>
		<feat xlink:href="#sSpan5876" value="8"/>
		<feat xlink:href="#sSpan5892" value="9"/>
		<feat xlink:href="#sSpan5905" value="10"/>
		<feat xlink:href="#sSpan5918" value="11"/>
		<feat xlink:href="#sSpan5930" value="12"/>
		<feat xlink:href="#sSpan5949" value="13"/>
		<feat xlink:href="#sSpan5959" value="14"/>
		<feat xlink:href="#sSpan5975" value="15"/>
		<feat xlink:href="#sSpan5988" value="16"/>
		<feat xlink:href="#sSpan5997" value="17"/>
		<feat xlink:href="#sSpan6010" value="18"/>
		<feat xlink:href="#sSpan6027" value="19"/>
		<feat xlink:href="#sSpan6041" value="20"/>
		<feat xlink:href="#sSpan6053" value="21"/>
		<feat xlink:href="#sSpan6065" value="22"/>
		<feat xlink:href="#sSpan6080" value="23"/>
		<feat xlink:href="#sSpan6091" value="24"/>
		<feat xlink:href="#sSpan6104" value="25"/>
		<feat xlink:href="#sSpan6117" value="26"/>
		<feat xlink:href="#sSpan6133" value="27"/>
		<feat xlink:href="#sSpan6142" value="28"/>
		<feat xlink:href="#sSpan6156" value="1"/>
		<feat xlink:href="#sSpan6178" value="2"/>
		<feat xlink:href="#sSpan6190" value="3"/>
		<feat xlink:href="#sSpan6201" value="4"/>
		<feat xlink:href="#sSpan6209" value="5"/>
		<feat xlink:href="#sSpan6230" value="6"/>
		<feat xlink:href="#sSpan6242" value="7"/>
		<feat xlink:href="#sSpan6251" value="8"/>
		<feat xlink:href="#sSpan6263" value="9"/>
		<feat xlink:href="#sSpan6289" value="10"/>
		<feat xlink:href="#sSpan6300" value="11"/>
		<feat xlink:href="#sSpan6314" value="12"/>
		<feat xlink:href="#sSpan6326" value="13"/>
		<feat xlink:href="#sSpan6340" value="14"/>
		<feat xlink:href="#sSpan6355" value="15"/>
		<feat xlink:href="#sSpan6370" value="16"/>
		<feat xlink:href="#sSpan6380" value="17"/>
		<feat xlink:href="#sSpan6398" value="18"/>
		<feat xlink:href="#sSpan6407" value="19"/>
		<feat xlink:href="#sSpan6421" value="20"/>
		<feat xlink:href="#sSpan6428" value="21"/>
		<feat xlink:href="#sSpan6447" value="22"/>
		<feat xlink:href="#sSpan6464" value="23"/>
		<feat xlink:href="#sSpan6486" value="24"/>
		<feat xlink:href="#sSpan6500" value="25"/>
		<feat xlink:href="#sSpan6513" value="26"/>
		<feat xlink:href="#sSpan6524" value="27"/>
		<feat xlink:href="#sSpan6536" value="28"/>
		<feat xlink:href="#sSpan6544" value="1"/>
		<feat xlink:href="#sSpan6552" value="2"/>
		<feat xlink:href="#sSpan6559" value="3"/>
		<feat xlink:href="#sSpan6570" value="4"/>
		<feat xlink:href="#sSpan6577" value="5"/>
		<feat xlink:href="#sSpan6596" value="6"/>
		<feat xlink:href="#sSpan6605" value="7"/>
		<feat xlink:href="#sSpan6622" value="8"/>
		<feat xlink:href="#sSpan6633" value="9"/>
		<feat xlink:href="#sSpan6647" value="10"/>
		<feat xlink:href="#sSpan6660" value="11"/>
		<feat xlink:href="#sSpan6675" value="12"/>
		<feat xlink:href="#sSpan6685" value="13"/>
		<feat xlink:href="#sSpan6694" value="14"/>
		<feat xlink:href="#sSpan6709" value="15"/>
		<feat xlink:href="#sSpan6723" value="16"/>
		<feat xlink:href="#sSpan6740" value="17"/>
		<feat xlink:href="#sSpan6749" value="18"/>
		<feat xlink:href="#sSpan6769" value="19"/>
		<feat xlink:href="#sSpan6781" value="20"/>
		<feat xlink:href="#sSpan6790" value="21"/>
		<feat xlink:href="#sSpan6800" value="22"/>
		<feat xlink:href="#sSpan6814" value="23"/>
		<feat xlink:href="#sSpan6824" value="24"/>
		<feat xlink:href="#sSpan6834" value="25"/>
		<feat xlink:href="#sSpan6845" value="26"/>
		<feat xlink:href="#sSpan6857" value="27"/>
		<feat xlink:href="#sSpan6870" value="28"/>
		<feat xlink:href="#sSpan6887" value="1"/>
		<feat xlink:href="#sSpan6898" value="2"/>
		<feat xlink:href="#sSpan6909" value="3"/>
		<feat xlink:href="#sSpan6918" value="4"/>
		<feat xlink:href="#sSpan6926" value="5"/>
		<feat xlink:href="#sSpan6938" value="6"/>
		<feat xlink:href="#sSpan6946" value="7"/>
		<feat xlink:href="#sSpan6955" value="8"/>
		<feat xlink:href="#sSpan6977" value="9"/>
		<feat xlink:href="#sSpan6993" value="10"/>
		<feat xlink:href="#sSpan7002" value="11"/>
		<feat xlink:href="#sSpan7014" value="12"/>
		<feat xlink:href="#sSpan7031" value="13"/>
		<feat xlink:href="#sSpan7044" value="14"/>
		<feat xlink:href="#sSpan7061" value="15"/>
		<feat xlink:href="#sSpan7076" value="16"/>
		<feat xlink:href="#sSpan7087" value="17"/>
		<feat xlink:href="#sSpan7097" value="18"/>
		<feat xlink:href="#sSpan7116" value="19"/>
		<feat xlink:href="#sSpan7129" value="20"/>
		<feat xlink:href="#sSpan7144" value="21"/>
		<feat xlink:href="#sSpan7157" value="22"/>
		<feat xlink:href="#sSpan7163" value="23"/>
		<feat xlink:href="#sSpan7181" value="24"/>
		<feat xlink:href="#sSpan7199" value="25"/>
		<feat xlink:href="#sSpan7209" value="26"/>
		<feat xlink:href="#sSpan7221" value="27"/>
		<feat xlink:href="#sSpan7231" value="28"/>
		<feat xlink:href="#sSpan7242" value="1"/>
		<feat xlink:href="#sSpan7263" value="2"/>
		<feat xlink:href="#sSpan7276" value="3"/>
		<feat xlink:href="#sSpan7289" value="4"/>
		<feat xlink:href="#sSpan7305" value="5"/>
		<feat xlink:href="#sSpan7315" value="6"/>
		<feat xlink:href="#sSpan7338" value="7"/>
		<feat xlink:href="#sSpan7351" value="8"/>
		<feat xlink:href="#sSpan7367" value="9"/>
		<feat xlink:href="#sSpan7388" value="10"/>
		<feat xlink:href="#sSpan7402" value="11"/>
		<feat xlink:href="#sSpan7423" value="12"/>
		<feat xlink:href="#sSpan7434" value="13"/>
		<feat xlink:href="#sSpan7446" value="14"/>
		<feat xlink:href="#sSpan7460" value="15"/>
		<feat xlink:href="#sSpan7476" value="16"/>
		<feat xlink:href="#sSpan7489" value="17"/>
		<feat xlink:href="#sSpan7498" value="18"/>
		<feat xlink:href="#sSpan7511" value="19"/>
		<feat xlink:href="#sSpan7516" value="20"/>
		<feat xlink:href="#sSpan7525" value="21"/>
		<feat xlink:href="#sSpan7545" value="22"/>
		<feat xlink:href="#sSpan7556" value="23"/>
		<feat xlink:href="#sSpan7567" value="24"/>
		<feat xlink:href="#sSpan7580" value="25"/>
		<feat xlink:href="#sSpan7599" value="26"/>
		<feat xlink:href="#sSpan7615" value="27"/>
		<feat xlink:href="#sSpan7629" value="28"/>
		<feat xlink:href="#sSpan7641" value="1"/>
		<feat xlink:href="#sSpan7653" value="2"/>
		<feat xlink:href="#sSpan7661" value="3"/>
		<feat xlink:href="#sSpan7673" value="4"/>
		<feat xlink:href="#sSpan7686" value="5"/>
		<feat xlink:href="#sSpan7710" value="6"/>
		<feat xlink:href="#sSpan7726" value="7"/>
		<feat xlink:href="#sSpan7741" value="8"/>
		<feat xlink:href="#sSpan7753" value="9"/>
		<feat xlink:href="#sSpan7766" value="10"/>
		<feat xlink:href="#sSpan7780" value="11"/>
		<feat xlink:href="#sSpan7798" value="12"/>
		<feat xlink:href="#sSpan7809" value="13"/>
		<feat xlink:href="#sSpan7833" value="14"/>
		<feat xlink:href="#sSpan7847" value="15"/>
		<feat xlink:href="#sSpan7862" value="16"/>
		<feat xlink:href="#sSpan7884" value="17"/>
		<feat xlink:href="#sSpan7898" value="18"/>
		<feat xlink:href="#sSpan7910" value="19"/>
		<feat xlink:href="#sSpan7928" value="20"/>
		<feat xlink:href="#sSpan7942" value="21"/>
		<feat xlink:href="#sSpan7952" value="22"/>
		<feat xlink:href="#sSpan7962" value="23"/>
		<feat xlink:href="#sSpan7974" value="24"/>
		<feat xlink:href="#sSpan7991" value="25"/>
		<feat xlink:href="#sSpan8000" value="26"/>
		<feat xlink:href="#sSpan8018" value="27"/>
		<feat xlink:href="#sSpan8033" value="28"/>
		<feat xlink:href="#sSpan8043" value="1"/>
		<feat xlink:href="#sSpan8057" value="2"/>
		<feat xlink:href="#sSpan8073" value="3"/>
		<feat xlink:href="#sSpan8086" value="4"/>
		<feat xlink:href="#sSpan8094" value="5"/>
		<feat xlink:href="#sSpan8115" value="6"/>
		<feat xlink:href="#sSpan8127" value="7"/>
		<feat xlink:href="#sSpan8136" value="8"/>
		<feat xlink:href="#sSpan8149" value="9"/>
		<feat xlink:href="#sSpan8158" value="10"/>
		<feat xlink:href="#sSpan8187" value="11"/>
		<feat xlink:href="#sSpan8199" value="12"/>
		<feat xlink:href="#sSpan8216" value="13"/>
		<feat xlink:href="#sSpan8226" value="14"/>
		<feat xlink:href="#sSpan8240" value="15"/>
		<feat xlink:href="#sSpan8258" value="16"/>
		<feat xlink:href="#sSpan8279" value="17"/>
		<feat xlink:href="#sSpan8293" value="18"/>
		<feat xlink:href="#sSpan8306" value="19"/>
		<feat xlink:href="#sSpan8319" value="20"/>
		<feat xlink:href="#sSpan8332" value="21"/>
		<feat xlink:href="#sSpan8344" value="22"/>
		<feat xlink:href="#sSpan8362" value="23"/>
		<feat xlink:href="#sSpan8379" value="24"/>
		<feat xlink:href="#sSpan8392" value="25"/>
		<feat xlink:href="#sSpan8407" value="26"/>
		<feat xlink:href="#sSpan8420" value="27"/>
		<feat xlink:href="#sSpan8432" value="28"/>
		<feat xlink:href="#sSpan8443" value="1"/>
		<feat xlink:href="#sSpan8455" value="2"/>
		<feat xlink:href="#sSpan8469" value="3"/>
		<feat xlink:href="#sSpan8480" value="4"/>
		<feat xlink:href="#sSpan8501" value="5"/>
		<feat xlink:href="#sSpan8514" value="6"/>
		<feat xlink:href="#sSpan8525" value="7"/>
		<feat xlink:href="#sSpan8535" value="8"/>
		<feat xlink:href="#sSpan8544" value="9"/>
		<feat xlink:href="#sSpan8554" value="10"/>
		<feat xlink:href="#sSpan8565" value="11"/>
		<feat xlink:href="#sSpan8577" value="12"/>
		<feat xlink:href="#sSpan8589" value="13"/>
		<feat xlink:href="#sSpan8602" value="14"/>
		<feat xlink:href="#sSpan8613" value="15"/>
		<feat xlink:href="#sSpan8627" value="16"/>
		<feat xlink:href="#sSpan8639" value="17"/>
		<feat xlink:href="#sSpan8647" value="18"/>
		<feat xlink:href="#sSpan8664" value="19"/>
		<feat xlink:href="#sSpan8669" value="20"/>
		<feat xlink:href="#sSpan8687" value="21"/>
		<feat xlink:href="#sSpan8704" value="22"/>
		<feat xlink:href="#sSpan8729" value="23"/>
		<feat xlink:href="#sSpan8746" value="24"/>
		<feat xlink:href="#sSpan8755" value="25"/>
		<feat xlink:href="#sSpan8772" value="26"/>
		<feat xlink:href="#sSpan8782" value="27"/>
		<feat xlink:href="#sSpan8792" value="28"/>
		<feat xlink:href="#sSpan8803" value="1"/>
		<feat xlink:href="#sSpan8817" value="2"/>
		<feat xlink:href="#sSpan8827" value="3"/>
		<feat xlink:href="#sSpan8839" value="4"/>
		<feat xlink:href="#sSpan8852" value="5"/>
		<feat xlink:href="#sSpan8863" value="6"/>
		<feat xlink:href="#sSpan8878" value="7"/>
		<feat xlink:href="#sSpan8888" value="8"/>
		<feat xlink:href="#sSpan8903" value="9"/>
		<feat xlink:href="#sSpan8916" value="10"/>
		<feat xlink:href="#sSpan8927" value="11"/>
		<feat xlink:href="#sSpan8938" value="12"/>
		<feat xlink:href="#sSpan8954" value="13"/>
		<feat xlink:href="#sSpan8964" value="14"/>
		<feat xlink:href="#sSpan8984" value="15"/>
		<feat xlink:href="#sSpan9003" value="16"/>
		<feat xlink:href="#sSpan9019" value="17"/>
		<feat xlink:href="#sSpan9033" value="18"/>
		<feat xlink:href="#sSpan9044" value="19"/>
		<feat xlink:href="#sSpan9056" value="20"/>
		<feat xlink:href="#sSpan9069" value="21"/>
		<feat xlink:href="#sSpan9084" value="22"/>
		<feat xlink:href="#sSpan9098" value="23"/>
		<feat xlink:href="#sSpan9112" value="24"/>
		<feat xlink:href="#sSpan9126" value="25"/>
		<feat xlink:href="#sSpan9143" value="26"/>
		<feat xlink:href="#sSpan9153" value="27"/>
		<feat xlink:href="#sSpan9167" value="28"/>
		<feat xlink:href="#sSpan9173" value="1"/>
		<feat xlink:href="#sSpan9190" value="2"/>
		<feat xlink:href="#sSpan9204" value="3"/>
		<feat xlink:href="#sSpan9215" value="4"/>
		<feat xlink:href="#sSpan9235" value="5"/>
		<feat xlink:href="#sSpan9252" value="6"/>
		<feat xlink:href="#sSpan9266" value="7"/>
		<feat xlink:href="#sSpan9279" value="8"/>
		<feat xlink:href="#sSpan9291" value="9"/>
		<feat xlink:href="#sSpan9298" value="10"/>
		<feat xlink:href="#sSpan9309" value="11"/>
		<feat xlink:href="#sSpan9328" value="12"/>
		<feat xlink:href="#sSpan9338" value="13"/>
		<feat xlink:href="#sSpan9362" value="14"/>
		<feat xlink:href="#sSpan9378" value="15"/>
		<feat xlink:href="#sSpan9397" value="16"/>
		<feat xlink:href="#sSpan9410" value="17"/>
		<feat xlink:href="#sSpan9423" value="18"/>
		<feat xlink:href="#sSpan9436" value="19"/>
		<feat xlink:href="#sSpan9457" value="20"/>
		<feat xlink:href="#sSpan9477" value="21"/>
		<feat xlink:href="#sSpan9490" value="22"/>
		<feat xlink:href="#sSpan9501" value="23"/>
		<feat xlink:href="#sSpan9516" value="24"/>
		<feat xlink:href="#sSpan9528" value="25"/>
		<feat xlink:href="#sSpan9536" value="26"/>
		<feat xlink:href="#sSpan9549" value="27"/>
		<feat xlink:href="#sSpan9561" value="28"/>
		<feat xlink:href="#sSpan9573" value="1"/>
		<feat xlink:href="#sSpan9593" value="2"/>
		<feat xlink:href="#sSpan9605" value="3"/>
		<feat xlink:href="#sSpan9617" value="4"/>
		<feat xlink:href="#sSpan9636" value="5"/>
		<feat xlink:href="#sSpan9647" value="6"/>
		<feat xlink:href="#sSpan9660" value="7"/>
		<feat xlink:href="#sSpan9670" value="8"/>
		<feat xlink:href="#sSpan9690" value="9"/>
		<feat xlink:href="#sSpan9704" value="10"/>
		<feat xlink:href="#sSpan9715" value="11"/>
		<feat xlink:href="#sSpan9738" value="12"/>
		<feat xlink:href="#sSpan9751" value="13"/>
		<feat xlink:href="#sSpan9762" value="14"/>
		<feat xlink:href="#sSpan9769" value="15"/>
		<feat xlink:href="#sSpan9776" value="16"/>
		<feat xlink:href="#sSpan9790" value="17"/>
		<feat xlink:href="#sSpan9810" value="18"/>
		<feat xlink:href="#sSpan9824" value="19"/>
		<feat xlink:href="#sSpan9834" value="20"/>
		<feat xlink:href="#sSpan9857" value="21"/>
		<feat xlink:href="#sSpan9866" value="22"/>
		<feat xlink:href="#sSpan9875" value="23"/>
		<feat xlink:href="#sSpan9901" value="24"/>
		<feat xlink:href="#sSpan9915" value="25"/>
		<feat xlink:href="#sSpan9936" value="26"/>
		<feat xlink:href="#sSpan9955" value="27"/>
		<feat xlink:href="#sSpan9966" value="28"/>
		<feat xlink:href="#sSpan9982" value="1"/>
		<feat xlink:href="#sSpan9999" value="2"/>
		<feat xlink:href="#sSpan10017" value="3"/>
		<feat xlink:href="#sSpan10029" value="4"/>
		<feat xlink:href="#sSpan10041" value="5"/>
		<feat xlink:href="#sSpan10052" value="6"/>
		<feat xlink:href="#sSpan10066" value="7"/>
		<feat xlink:href="#sSpan10093" value="8"/>
		<feat xlink:href="#sSpan10104" value="9"/>
		<feat xlink:href="#sSpan10115" value="10"/>
		<feat xlink:href="#sSpan10134" value="11"/>
		<feat xlink:href="#sSpan10144" value="12"/>
		<feat xlink:href="#sSpan10153" value="13"/>
		<feat xlink:href="#sSpan10169" value="14"/>
		<feat xlink:href="#sSpan10179" value="15"/>
		<feat xlink:href="#sSpan10193" value="16"/>
		<feat xlink:href="#sSpan10205" value="17"/>
		<feat xlink:href="#sSpan10214" value="18"/>
		<feat xlink:href="#sSpan10235" value="19"/>
		<feat xlink:href="#sSpan10248" value="20"/>
		<feat xlink:href="#sSpan10253" value="21"/>
		<feat xlink:href="#sSpan10265" value="22"/>
		<feat xlink:href="#sSpan10282" value="23"/>
		<feat xlink:href="#sSpan10298" value="24"/>
		<feat xlink:href="#sSpan10313" value="25"/>
		<feat xlink:href="#sSpan10329" value="26"/>
		<feat xlink:href="#sSpan10337" value="27"/>
		<feat xlink:href="#sSpan10358" value="28"/>
		<feat xlink:href="#sSpan10372" value="1"/>
		<feat xlink:href="#sSpan10387" value="2"/>
		<feat xlink:href="#sSpan10403" value="3"/>
		<feat xlink:href="#sSpan10432" value="4"/>
		<feat xlink:href="#sSpan10444" value="5"/>
		<feat xlink:href="#sSpan10456" value="6"/>
		<feat xlink:href="#sSpan10468" value="7"/>
		<feat xlink:href="#sSpan10482" value="8"/>
		<feat xlink:href="#sSpan10494" value="9"/>
		<feat xlink:href="#sSpan10521" value="10"/>
		<feat xlink:href="#sSpan10537" value="11"/>
		<feat xlink:href="#sSpan10550" value="12"/>
		<feat xlink:href="#sSpan10566" value="13"/>
		<feat xlink:href="#sSpan10579" value="14"/>
		<feat xlink:href="#sSpan10601" value="15"/>
		<feat xlink:href="#sSpan10620" value="16"/>
		<feat xlink:href="#sSpan10632" value="17"/>
		<feat xlink:href="#sSpan10653" value="18"/>
		<feat xlink:href="#sSpan10665" value="19"/>
		<feat xlink:href="#sSpan10682" value="20"/>
		<feat xlink:href="#sSpan10704" value="21"/>
		<feat xlink:href="#sSpan10716" value="22"/>
		<feat xlink:href="#sSpan10732" value="23"/>
		<feat xlink:href="#sSpan10744" value="24"/>
		<feat xlink:href="#sSpan10770" value="25"/>
		<feat xlink:href="#sSpan10782" value="26"/>
		<feat xlink:href="#sSpan10794" value="27"/>
		<feat xlink:href="#sSpan10806" value="28"/></featList></paula>