<?xml version='1.0' encoding='UTF-8'?><!DOCTYPE paula SYSTEM "paula_feat.dtd">
<paula version="1.1">
	<header paula_id="scriptorium.a22.YB307-320.mark_gap_reason"/>
	<featList xmlns:xlink="http://www.w3.org/1999/xlink" type="gap_reason" xml:base="scriptorium.a22.YB307-320.mark.xml">
		<feat xlink:href="#sSpan397" value="lost"/>
		<feat xlink:href="#sSpan410" value="lost"/>
		<feat xlink:href="#sSpan7856" value="lost"/>
		<feat xlink:href="#sSpan8166" value="lost"/>
		<feat xlink:href="#sSpan8359" value="lost"/>
		<feat xlink:href="#sSpan8378" value="lost"/>
		<feat xlink:href="#sSpan8391" value="lost"/>
		<feat xlink:href="#sSpan8703" value="lost"/>
		<feat xlink:href="#sSpan8728" value="lost"/>
		<feat xlink:href="#sSpan8746" value="lost"/>
		<feat xlink:href="#sSpan8981" value="lost"/>
		<feat xlink:href="#sSpan8992" value="lost"/>
		<feat xlink:href="#sSpan9011" value="lost"/>
		<feat xlink:href="#sSpan9027" value="lost"/>
		<feat xlink:href="#sSpan9893" value="lost"/>
		<feat xlink:href="#sSpan9902" value="lost"/>
		<feat xlink:href="#sSpan9913" value="lost"/>
		<feat xlink:href="#sSpan9933" value="lost"/>
		<feat xlink:href="#sSpan9954" value="lost"/>
		<feat xlink:href="#sSpan10288" value="illegible"/>
		<feat xlink:href="#sSpan10300" value="lost"/>
		<feat xlink:href="#sSpan10317" value="lost"/>
		<feat xlink:href="#sSpan10331" value="lost"/>
		<feat xlink:href="#sSpan10386" value="lost"/>
		<feat xlink:href="#sSpan10404" value="lost"/>
		<feat xlink:href="#sSpan10416" value="lost"/>
		<feat xlink:href="#sSpan10431" value="lost"/>
		<feat xlink:href="#sSpan10443" value="lost"/>
		<feat xlink:href="#sSpan10455" value="lost"/>
		<feat xlink:href="#sSpan10467" value="lost"/>
		<feat xlink:href="#sSpan10481" value="lost"/>
		<feat xlink:href="#sSpan10493" value="lost"/>
		<feat xlink:href="#sSpan10505" value="lost"/>
		<feat xlink:href="#sSpan10520" value="lost"/>
		<feat xlink:href="#sSpan10536" value="lost"/>
		<feat xlink:href="#sSpan10548" value="lost"/>
		<feat xlink:href="#sSpan10565" value="lost"/>
		<feat xlink:href="#sSpan10577" value="lost"/>
		<feat xlink:href="#sSpan10596" value="lost"/>
		<feat xlink:href="#sSpan10618" value="lost"/>
		<feat xlink:href="#sSpan10631" value="lost"/>
		<feat xlink:href="#sSpan10652" value="lost"/>
		<feat xlink:href="#sSpan10664" value="lost"/>
		<feat xlink:href="#sSpan10680" value="lost"/>
		<feat xlink:href="#sSpan10703" value="lost"/>
		<feat xlink:href="#sSpan10715" value="lost"/>
		<feat xlink:href="#sSpan10731" value="lost"/>
		<feat xlink:href="#sSpan10743" value="lost"/>
		<feat xlink:href="#sSpan10767" value="lost"/>
		<feat xlink:href="#sSpan10781" value="lost"/>
		<feat xlink:href="#sSpan10793" value="lost"/>
		<feat xlink:href="#sSpan10805" value="lost"/>
		<feat xlink:href="#sSpan10817" value="lost"/></featList></paula>