<?xml version='1.0' encoding='UTF-8'?><!DOCTYPE paula SYSTEM "paula_feat.dtd">
<paula version="1.1">
	<header paula_id="scriptorium.a22.YB307-320.mark_hi_rend"/>
	<featList xmlns:xlink="http://www.w3.org/1999/xlink" type="hi_rend" xml:base="scriptorium.a22.YB307-320.mark.xml">
		<feat xlink:href="#sSpan2" value="ekthetic large"/>
		<feat xlink:href="#sSpan45" value="small"/>
		<feat xlink:href="#sSpan123" value="small"/>
		<feat xlink:href="#sSpan158" value="1_space_right"/>
		<feat xlink:href="#sSpan189" value="small"/>
		<feat xlink:href="#sSpan242" value="1_space_right"/>
		<feat xlink:href="#sSpan281" value="1_space_right"/>
		<feat xlink:href="#sSpan321" value="1_space_right"/>
		<feat xlink:href="#sSpan362" value="1_space_right"/>
		<feat xlink:href="#sSpan421" value="1_space_right"/>
		<feat xlink:href="#sSpan442" value="superscript"/>
		<feat xlink:href="#sSpan462" value="3_space_right"/>
		<feat xlink:href="#sSpan477" value="ekthetic"/>
		<feat xlink:href="#sSpan541" value="1_space_right"/>
		<feat xlink:href="#sSpan569" value="small"/>
		<feat xlink:href="#sSpan571" value="1_space_right"/>
		<feat xlink:href="#sSpan592" value="1_space_right"/>
		<feat xlink:href="#sSpan692" value="1_space_right"/>
		<feat xlink:href="#sSpan707" value="ekthetic"/>
		<feat xlink:href="#sSpan866" value="1_space_right"/>
		<feat xlink:href="#sSpan994" value="small"/>
		<feat xlink:href="#sSpan1094" value="1_space_right"/>
		<feat xlink:href="#sSpan1199" value="superscript"/>
		<feat xlink:href="#sSpan1262" value="small"/>
		<feat xlink:href="#sSpan1289" value="tall"/>
		<feat xlink:href="#sSpan1309" value="ekthetic large"/>
		<feat xlink:href="#sSpan1493" value="1_space_right"/>
		<feat xlink:href="#sSpan1532" value="superscript"/>
		<feat xlink:href="#sSpan1558" value="1_space_right"/>
		<feat xlink:href="#sSpan1632" value="1_space_right"/>
		<feat xlink:href="#sSpan1700" value="small superscript"/>
		<feat xlink:href="#sSpan1787" value="subscript"/>
		<feat xlink:href="#sSpan1799" value="subscript"/>
		<feat xlink:href="#sSpan1810" value="1_space_right"/>
		<feat xlink:href="#sSpan1832" value="1_space_right"/>
		<feat xlink:href="#sSpan1847" value="1_space_right"/>
		<feat xlink:href="#sSpan1862" value="tall"/>
		<feat xlink:href="#sSpan1873" value="1_space_right"/>
		<feat xlink:href="#sSpan1901" value="2_space_right"/>
		<feat xlink:href="#sSpan1915" value="ekthetic"/>
		<feat xlink:href="#sSpan1938" value="tall"/>
		<feat xlink:href="#sSpan2005" value="1_space_right"/>
		<feat xlink:href="#sSpan2067" value="subscript"/>
		<feat xlink:href="#sSpan2090" value="superscript"/>
		<feat xlink:href="#sSpan2223" value="superscript"/>
		<feat xlink:href="#sSpan2225" value="1_space_right"/>
		<feat xlink:href="#sSpan2226" value="2_space_right"/>
		<feat xlink:href="#sSpan2246" value="ekthetic"/>
		<feat xlink:href="#sSpan2395" value="superscript"/>
		<feat xlink:href="#sSpan2396" value="subscript"/>
		<feat xlink:href="#sSpan2436" value="1_space_right"/>
		<feat xlink:href="#sSpan2471" value="tall"/>
		<feat xlink:href="#sSpan2487" value="small "/>
		<feat xlink:href="#sSpan2522" value="1_space_right"/>
		<feat xlink:href="#sSpan2578" value="2_space_right"/>
		<feat xlink:href="#sSpan2593" value="ekthetic"/>
		<feat xlink:href="#sSpan2649" value="1_space_right"/>
		<feat xlink:href="#sSpan2716" value="ekthetic large"/>
		<feat xlink:href="#sSpan2761" value="1_space_right"/>
		<feat xlink:href="#sSpan2883" value="1_space_right"/>
		<feat xlink:href="#sSpan2922" value="1_space_right"/>
		<feat xlink:href="#sSpan2936" value="ekthetic large"/>
		<feat xlink:href="#sSpan2985" value="small"/>
		<feat xlink:href="#sSpan3002" value="1_space_right"/>
		<feat xlink:href="#sSpan3054" value="small"/>
		<feat xlink:href="#sSpan3176" value="small"/>
		<feat xlink:href="#sSpan3218" value="subscript"/>
		<feat xlink:href="#sSpan3335" value="subscript"/>
		<feat xlink:href="#sSpan3356" value="1_space_right"/>
		<feat xlink:href="#sSpan3415" value="2_space_right"/>
		<feat xlink:href="#sSpan3437" value="ekthetic"/>
		<feat xlink:href="#sSpan3496" value="tall"/>
		<feat xlink:href="#sSpan3517" value="1_space_right"/>
		<feat xlink:href="#sSpan3617" value="1_space_right"/>
		<feat xlink:href="#sSpan3697" value="subscript"/>
		<feat xlink:href="#sSpan3722" value="ekthetic large"/>
		<feat xlink:href="#sSpan3920" value="2_space_right"/>
		<feat xlink:href="#sSpan3934" value="ekthetic"/>
		<feat xlink:href="#sSpan3973" value="superscript"/>
		<feat xlink:href="#sSpan4060" value="small"/>
		<feat xlink:href="#sSpan4136" value="1_space_right"/>
		<feat xlink:href="#sSpan4190" value="superscript"/>
		<feat xlink:href="#sSpan4192" value="subscript"/>
		<feat xlink:href="#sSpan4250" value="small"/>
		<feat xlink:href="#sSpan4430" value="small"/>
		<feat xlink:href="#sSpan4499" value="small"/>
		<feat xlink:href="#sSpan4574" value="ekthetic"/>
		<feat xlink:href="#sSpan4730" value="small superscript"/>
		<feat xlink:href="#sSpan4779" value="1_space_right"/>
		<feat xlink:href="#sSpan4845" value="1_space_right"/>
		<feat xlink:href="#sSpan4933" value="small"/>
		<feat xlink:href="#sSpan4935" value="1_space_right"/>
		<feat xlink:href="#sSpan5055" value="small"/>
		<feat xlink:href="#sSpan5057" value="tall"/>
		<feat xlink:href="#sSpan5062" value="small"/>
		<feat xlink:href="#sSpan5134" value="1_space_right"/>
		<feat xlink:href="#sSpan5148" value="ekthetic"/>
		<feat xlink:href="#sSpan5216" value="small subscript"/>
		<feat xlink:href="#sSpan5292" value="1_space_right"/>
		<feat xlink:href="#sSpan5324" value="ekthetic large"/>
		<feat xlink:href="#sSpan5445" value="small superscript"/>
		<feat xlink:href="#sSpan5577" value="2_space_right"/>
		<feat xlink:href="#sSpan5590" value="ekthetic"/>
		<feat xlink:href="#sSpan5641" value="small"/>
		<feat xlink:href="#sSpan5723" value="1_space_right"/>
		<feat xlink:href="#sSpan5736" value="ekthetic large"/>
		<feat xlink:href="#sSpan5822" value="superscript"/>
		<feat xlink:href="#sSpan5837" value="small"/>
		<feat xlink:href="#sSpan5870" value="small"/>
		<feat xlink:href="#sSpan5872" value="tall"/>
		<feat xlink:href="#sSpan5884" value="small"/>
		<feat xlink:href="#sSpan5886" value="tall"/>
		<feat xlink:href="#sSpan5899" value="small"/>
		<feat xlink:href="#sSpan5931" value="1_space_right"/>
		<feat xlink:href="#sSpan5945" value="ekthetic large"/>
		<feat xlink:href="#sSpan6009" value="small"/>
		<feat xlink:href="#sSpan6163" value="1_space_right"/>
		<feat xlink:href="#sSpan6177" value="ekthetic"/>
		<feat xlink:href="#sSpan6264" value="1_space_right"/>
		<feat xlink:href="#sSpan6277" value="small subscript"/>
		<feat xlink:href="#sSpan6323" value="superscript"/>
		<feat xlink:href="#sSpan6402" value="ekthetic large"/>
		<feat xlink:href="#sSpan6429" value="1_space_right"/>
		<feat xlink:href="#sSpan6494" value="subscript"/>
		<feat xlink:href="#sSpan6591" value="subscript"/>
		<feat xlink:href="#sSpan6645" value="large tall"/>
		<feat xlink:href="#sSpan6869" value="small"/>
		<feat xlink:href="#sSpan6895" value="ekthetic large"/>
		<feat xlink:href="#sSpan6914" value="tall"/>
		<feat xlink:href="#sSpan6954" value="small"/>
		<feat xlink:href="#sSpan6956" value="1_space_right"/>
		<feat xlink:href="#sSpan6972" value="ekthetic large"/>
		<feat xlink:href="#sSpan7017" value="1_space_right"/>
		<feat xlink:href="#sSpan7084" value="small"/>
		<feat xlink:href="#sSpan7100" value="1_space_right"/>
		<feat xlink:href="#sSpan7164" value="1_space_right"/>
		<feat xlink:href="#sSpan7246" value="1_space_right"/>
		<feat xlink:href="#sSpan7318" value="1_space_right"/>
		<feat xlink:href="#sSpan7364" value="small superscript"/>
		<feat xlink:href="#sSpan7366" value="small"/>
		<feat xlink:href="#sSpan7368" value="1_space_right"/>
		<feat xlink:href="#sSpan7403" value="1_space_right"/>
		<feat xlink:href="#sSpan7528" value="1_space_right"/>
		<feat xlink:href="#sSpan7581" value="1_space_right"/>
		<feat xlink:href="#sSpan7626" value="ekthetic"/>
		<feat xlink:href="#sSpan7693" value="1_space_right"/>
		<feat xlink:href="#sSpan7740" value="small"/>
		<feat xlink:href="#sSpan7790" value="tall"/>
		<feat xlink:href="#sSpan7792" value="small"/>
		<feat xlink:href="#sSpan7863" value="2_space_right"/>
		<feat xlink:href="#sSpan7880" value="ekthetic large"/>
		<feat xlink:href="#sSpan8098" value="1_space_right"/>
		<feat xlink:href="#sSpan8111" value="ekthetic"/>
		<feat xlink:href="#sSpan8206" value="2_space_right"/>
		<feat xlink:href="#sSpan8211" value="ekthetic large"/>
		<feat xlink:href="#sSpan8333" value="2_space_right"/>
		<feat xlink:href="#sSpan8339" value="ekthetic large"/>
		<feat xlink:href="#sSpan8421" value="1_space_right"/>
		<feat xlink:href="#sSpan8427" value="ekthetic large"/>
		<feat xlink:href="#sSpan8486" value="1_space_right"/>
		<feat xlink:href="#sSpan8592" value="1_space_right"/>
		<feat xlink:href="#sSpan8597" value="ekthetic large"/>
		<feat xlink:href="#sSpan8660" value="small subscript"/>
		<feat xlink:href="#sSpan8681" value="small"/>
		<feat xlink:href="#sSpan8695" value="small subscript"/>
		<feat xlink:href="#sSpan8756" value="1_space_right"/>
		<feat xlink:href="#sSpan8812" value="ekthetic large"/>
		<feat xlink:href="#sSpan9085" value="1_space_right"/>
		<feat xlink:href="#sSpan9221" value="1_space_right"/>
		<feat xlink:href="#sSpan9237" value="1_space_right"/>
		<feat xlink:href="#sSpan9255" value="3_space_right"/>
		<feat xlink:href="#sSpan9261" value="ekthetic large"/>
		<feat xlink:href="#sSpan9341" value="1_space_right"/>
		<feat xlink:href="#sSpan9392" value="ekthetic large"/>
		<feat xlink:href="#sSpan9460" value="1_space_right"/>
		<feat xlink:href="#sSpan9575" value="1_space_right"/>
		<feat xlink:href="#sSpan9590" value="small"/>
		<feat xlink:href="#sSpan9592" value="ekthetic large"/>
		<feat xlink:href="#sSpan9673" value="1_space_right"/>
		<feat xlink:href="#sSpan9687" value="tall"/>
		<feat xlink:href="#sSpan9689" value="ekthetic large"/>
		<feat xlink:href="#sSpan9714" value="small"/>
		<feat xlink:href="#sSpan9793" value="1_space_right"/>
		<feat xlink:href="#sSpan9809" value="ekthetic large"/>
		<feat xlink:href="#sSpan10000" value="1_space_right"/>
		<feat xlink:href="#sSpan10015" value="small"/>
		<feat xlink:href="#sSpan10016" value="ekthetic large"/>
		<feat xlink:href="#sSpan10164" value="ekthetic large"/>
		<feat xlink:href="#sSpan10230" value="subscript"/>
		<feat xlink:href="#sSpan10332" value="2_space_right"/>
		<feat xlink:href="#sSpan10352" value="small superscript"/>
		<feat xlink:href="#sSpan10382" value="ekthetic large"/>
		<feat xlink:href="#sSpan10596" value="ekthetic"/>
		<feat xlink:href="#sSpan10637" value="1_space_right"/>
		<feat xlink:href="#sSpan10745" value="1_space_right"/>
		<feat xlink:href="#sSpan10765" value="ekthetic large"/></featList></paula>