<?xml version='1.0' encoding='UTF-8'?><!DOCTYPE paula SYSTEM "paula_feat.dtd">
<paula version="1.1">
	<header paula_id="scriptorium.cross.michbr287-290.mark_translation"/>
	<featList xmlns:xlink="http://www.w3.org/1999/xlink" type="translation" xml:base="scriptorium.cross.michbr287-290.mark.xml">
		<feat xlink:href="#sSpan8" value="..."/>
		<feat xlink:href="#sSpan29" value="..."/>
		<feat xlink:href="#sSpan109" value="..."/>
		<feat xlink:href="#sSpan178" value="..."/>
		<feat xlink:href="#sSpan213" value="..."/>
		<feat xlink:href="#sSpan291" value="..."/>
		<feat xlink:href="#sSpan325" value="..."/>
		<feat xlink:href="#sSpan414" value="..."/>
		<feat xlink:href="#sSpan497" value="..."/>
		<feat xlink:href="#sSpan562" value="..."/>
		<feat xlink:href="#sSpan676" value="..."/>
		<feat xlink:href="#sSpan741" value="..."/>
		<feat xlink:href="#sSpan781" value="..."/>
		<feat xlink:href="#sSpan828" value="..."/>
		<feat xlink:href="#sSpan894" value="..."/>
		<feat xlink:href="#sSpan978" value="..."/>
		<feat xlink:href="#sSpan1111" value="..."/>
		<feat xlink:href="#sSpan1201" value="..."/>
		<feat xlink:href="#sSpan1275" value="..."/>
		<feat xlink:href="#sSpan1348" value="..."/>
		<feat xlink:href="#sSpan1438" value="..."/>
		<feat xlink:href="#sSpan1598" value="..."/>
		<feat xlink:href="#sSpan1690" value="..."/>
		<feat xlink:href="#sSpan1802" value="..."/>
		<feat xlink:href="#sSpan1858" value="..."/>
		<feat xlink:href="#sSpan1922" value="..."/>
		<feat xlink:href="#sSpan2047" value="..."/>
		<feat xlink:href="#sSpan2167" value="..."/>
		<feat xlink:href="#sSpan2302" value="..."/>
		<feat xlink:href="#sSpan2417" value="..."/>
		<feat xlink:href="#sSpan2574" value="..."/>
		<feat xlink:href="#sSpan2833" value="..."/>
		<feat xlink:href="#sSpan2915" value="..."/>
		<feat xlink:href="#sSpan2950" value="..."/>
		<feat xlink:href="#sSpan3038" value="..."/>
		<feat xlink:href="#sSpan3109" value="..."/>
		<feat xlink:href="#sSpan3187" value="..."/>
		<feat xlink:href="#sSpan3240" value="..."/>
		<feat xlink:href="#sSpan3312" value="..."/>
		<feat xlink:href="#sSpan3361" value="..."/>
		<feat xlink:href="#sSpan3410" value="..."/>
		<feat xlink:href="#sSpan3467" value="..."/>
		<feat xlink:href="#sSpan3550" value="..."/>
		<feat xlink:href="#sSpan3634" value="..."/>
		<feat xlink:href="#sSpan3746" value="..."/>
		<feat xlink:href="#sSpan3816" value="..."/>
		<feat xlink:href="#sSpan3877" value="..."/>
		<feat xlink:href="#sSpan3923" value="..."/>
		<feat xlink:href="#sSpan4010" value="..."/>
		<feat xlink:href="#sSpan4057" value="..."/>
		<feat xlink:href="#sSpan4133" value="..."/>
		<feat xlink:href="#sSpan4168" value="..."/>
		<feat xlink:href="#sSpan4209" value="..."/>
		<feat xlink:href="#sSpan4290" value="..."/>
		<feat xlink:href="#sSpan4359" value="..."/>
		<feat xlink:href="#sSpan4401" value="..."/>
		<feat xlink:href="#sSpan4480" value="..."/>
		<feat xlink:href="#sSpan4634" value="..."/></featList></paula>