<?xml version='1.0' encoding='UTF-8'?><!DOCTYPE paula SYSTEM "paula_feat.dtd">
<paula version="1.1">
	<header paula_id="scriptorium.cross.michbr287-290.mark_orig_group"/>
	<featList xmlns:xlink="http://www.w3.org/1999/xlink" type="orig_group" xml:base="scriptorium.cross.michbr287-290.mark.xml">
		<feat xlink:href="#sSpan4" value="ⲡⲉⲕⲟⲩⲱϣ"/>
		<feat xlink:href="#sSpan19" value="ⲛ̄ϩⲏⲧ"/>
		<feat xlink:href="#sSpan26" value="ⲁⲛⲟⲕ"/>
		<feat xlink:href="#sSpan34" value="ϩⲱ"/>
		<feat xlink:href="#sSpan38" value="ϯⲛⲁⲙⲉⲣⲓⲧⲕ"/>
		<feat xlink:href="#sSpan49" value="·"/>
		<feat xlink:href="#sSpan53" value="ⲁⲩⲱ"/>
		<feat xlink:href="#sSpan58" value="ⲛⲁⲁⲅⲅⲉⲗⲟⲥ"/>
		<feat xlink:href="#sSpan66" value="ⲛⲁϯⲁⲕⲱⲛⲉⲓ"/>
		<feat xlink:href="#sSpan74" value="ⲛⲁⲕ"/>
		<feat xlink:href="#sSpan80" value="ϩⲙⲡⲇⲓⲡⲛⲟⲛ"/>
		<feat xlink:href="#sSpan91" value="ⲛ̄ⲛⲉⲧⲟⲩⲁⲁⲃ"/>
		<feat xlink:href="#sSpan102" value="·"/>
		<feat xlink:href="#sSpan106" value="ⲛⲉⲕⲱ"/>
		<feat xlink:href="#sSpan116" value="ⲛ̄ϣⲃⲏⲣ"/>
		<feat xlink:href="#sSpan123" value="ⲛ̄ⲣⲉϥϩⲱⲧⲃ"/>
		<feat xlink:href="#sSpan133" value="ⲛ̄ϣⲟⲣ︤ⲡ︥"/>
		<feat xlink:href="#sSpan140" value="ⲉⲓⲥϩⲏⲏⲧⲉ"/>
		<feat xlink:href="#sSpan147" value="ⲁⲓ̈ⲁⲁⲕ"/>
		<feat xlink:href="#sSpan157" value="ⲛϣⲃⲏⲣ"/>
		<feat xlink:href="#sSpan165" value="ⲉⲣⲟⲓ̈"/>
		<feat xlink:href="#sSpan171" value="·"/>
		<feat xlink:href="#sSpan175" value="ⲁⲛⲟⲕ"/>
		<feat xlink:href="#sSpan183" value="ⲡⲉ"/>
		<feat xlink:href="#sSpan187" value="ⲡⲱⲛϩ̄"/>
		<feat xlink:href="#sSpan194" value="ⲛⲟⲩⲟⲛ"/>
		<feat xlink:href="#sSpan203" value="ⲛⲓⲙ"/>
		<feat xlink:href="#sSpan207" value="·"/>
		<feat xlink:href="#sSpan211" value="ⲛⲉⲕⲙⲟⲟϣⲉ"/>
		<feat xlink:href="#sSpan224" value="ⲅⲁⲣ"/>
		<feat xlink:href="#sSpan228" value="ϩⲛ̄ⲛⲉⲩϣⲟⲟⲩⲉ"/>
		<feat xlink:href="#sSpan238" value="ⲙⲛ̄ⲛ̄ϣⲏⲣⲉ"/>
		<feat xlink:href="#sSpan248" value="ⲙ̄ⲡⲕⲁⲕⲉ"/>
		<feat xlink:href="#sSpan258" value="ⲉⲓⲥϩⲏⲏⲧⲉ"/>
		<feat xlink:href="#sSpan265" value="ⲁⲓ̈ⲧⲣⲉⲕⲙⲟⲟϣⲉ"/>
		<feat xlink:href="#sSpan278" value="ⲛ︤ⲙ︥ⲙⲁⲓ̈"/>
		<feat xlink:href="#sSpan285" value="·"/>
		<feat xlink:href="#sSpan289" value="ⲁⲛⲟⲕ"/>
		<feat xlink:href="#sSpan296" value="ⲡⲉ"/>
		<feat xlink:href="#sSpan300" value="ⲡⲟⲩⲟⲉⲓⲛ"/>
		<feat xlink:href="#sSpan308" value="ⲙⲡⲕⲟⲥⲙⲟⲥ"/>
		<feat xlink:href="#sSpan319" value="·"/>
		<feat xlink:href="#sSpan323" value="ⲛⲉⲕϫⲓϣⲟϫⲛⲉ"/>
		<feat xlink:href="#sSpan337" value="ⲛ̄ϣⲟⲣⲡ"/>
		<feat xlink:href="#sSpan343" value="ⲙⲛⲛ̄ⲣⲉϥϩⲱⲧⲃ"/>
		<feat xlink:href="#sSpan355" value="·"/>
		<feat xlink:href="#sSpan359" value="ⲁⲓ̈ⲁⲁⲕ"/>
		<feat xlink:href="#sSpan369" value="ⲛ̄ϣⲃⲏⲣ"/>
		<feat xlink:href="#sSpan377" value="ⲉ̄ⲣⲟⲓ̈"/>
		<feat xlink:href="#sSpan383" value="ⲁⲛⲟⲕ"/>
		<feat xlink:href="#sSpan387" value="ⲡⲉ"/>
		<feat xlink:href="#sSpan392" value="ⲡⲣⲉϥⲧⲁⲛϩⲟ"/>
		<feat xlink:href="#sSpan401" value="ⲛⲁⲓ̈"/>
		<feat xlink:href="#sSpan406" value="ⲧⲏⲣⲟⲩ"/>
		<feat xlink:href="#sSpan412" value="ϯⲛⲁⲭⲁⲣⲓⲍⲉ"/>
		<feat xlink:href="#sSpan425" value="ⲙⲙⲟⲟⲩ"/>
		<feat xlink:href="#sSpan431" value="ⲛⲁⲕ"/>
		<feat xlink:href="#sSpan437" value="ϫⲉⲁⲕϩⲟⲙⲟⲗⲟⲅⲉⲓ"/>
		<feat xlink:href="#sSpan449" value="ⲛ̄ⲧⲁⲙⲛ̄ⲧ̄ⲛⲟⲩⲧⲉ"/>
		<feat xlink:href="#sSpan461" value="ⲙ̄ⲡⲙ̄ⲧⲟ"/>
		<feat xlink:href="#sSpan471" value="ⲉ̄ⲃⲟⲗ"/>
		<feat xlink:href="#sSpan475" value="ⲛ̄ⲛⲉⲧⲁⲣⲛⲁ"/>
		<feat xlink:href="#sSpan488" value="ⲙⲙⲟⲓ̈"/>
		<feat xlink:href="#sSpan494" value="ⲛⲧⲟⲟⲩ"/>
		<feat xlink:href="#sSpan503" value="ⲇⲉ"/>
		<feat xlink:href="#sSpan507" value="ⲁⲩⲛⲁⲩ"/>
		<feat xlink:href="#sSpan515" value="ⲉ̄ⲛⲁϭⲟⲙ"/>
		<feat xlink:href="#sSpan525" value="ⲧⲏⲣⲟⲩ"/>
		<feat xlink:href="#sSpan531" value="ⲛ̄ⲧⲁⲓ̈ⲁⲁⲩ"/>
		<feat xlink:href="#sSpan544" value="ⲙ̄ⲡⲟⲩⲡⲓⲥⲧⲉⲩⲉ̄"/>
		<feat xlink:href="#sSpan554" value="ⲉ̄ⲣⲟⲓ̈’"/>
		<feat xlink:href="#sSpan560" value="ⲛ̄ⲧⲟⲕ"/>
		<feat xlink:href="#sSpan569" value="ⲇⲉ"/>
		<feat xlink:href="#sSpan573" value="ⲛ̄ⲧ̄ⲕⲟⲩⲗⲏⲥⲧⲏⲥ"/>
		<feat xlink:href="#sSpan585" value="ⲛⲣⲉϥϩⲱⲧⲃ̄"/>
		<feat xlink:href="#sSpan594" value="ⲛ̄ⲣⲉϥϫⲓⲟⲩⲉ"/>
		<feat xlink:href="#sSpan603" value="·"/>
		<feat xlink:href="#sSpan607" value="ⲛ̄ⲣⲉϥⲃⲱϭⲉ"/>
		<feat xlink:href="#sSpan617" value="ⲛ̄ⲣⲉϥⲧⲁⲕⲟ"/>
		<feat xlink:href="#sSpan626" value="·"/>
		<feat xlink:href="#sSpan630" value="ⲁⲩⲱ"/>
		<feat xlink:href="#sSpan634" value="ⲁⲕϩⲟⲙⲟⲗⲟⲅⲉⲓ"/>
		<feat xlink:href="#sSpan644" value="ⲙⲙⲟⲓ̈"/>
		<feat xlink:href="#sSpan651" value="ϫⲉⲁⲛⲟⲕ"/>
		<feat xlink:href="#sSpan657" value="ⲡⲉ"/>
		<feat xlink:href="#sSpan662" value="ⲡⲛⲟⲩⲧⲉ"/>
		<feat xlink:href="#sSpan669" value="·"/>
		<feat xlink:href="#sSpan674" value="ⲉⲧⲃⲉⲡⲁⲓ̈"/>
		<feat xlink:href="#sSpan684" value="ⲛⲉⲕⲛⲟⲃⲉ"/>
		<feat xlink:href="#sSpan692" value="ⲉⲧⲛⲁϣⲱⲟⲩ"/>
		<feat xlink:href="#sSpan701" value="ⲕⲏ"/>
		<feat xlink:href="#sSpan705" value="ⲛⲁⲕ"/>
		<feat xlink:href="#sSpan711" value="ⲉ̄ⲃⲟⲗ"/>
		<feat xlink:href="#sSpan716" value="ϫⲉⲁⲕϩⲟⲙⲟⲗⲟⲅⲉⲓ"/>
		<feat xlink:href="#sSpan728" value="ⲙⲙⲟⲓ̈"/>
		<feat xlink:href="#sSpan735" value="·"/>
		<feat xlink:href="#sSpan739" value="ϯⲛⲁⲧⲣⲉⲕϣⲱⲡⲉ"/>
		<feat xlink:href="#sSpan755" value="ⲙⲡⲟⲗⲓⲧⲏⲥ"/>
		<feat xlink:href="#sSpan764" value="ⲙ̄ⲡ̄ⲡⲁⲣⲁⲇⲓⲥⲟⲥ"/>
		<feat xlink:href="#sSpan775" value="·"/>
		<feat xlink:href="#sSpan779" value="ϯⲛⲁⲧⲣⲉⲡⲉⲕⲥⲱⲙⲁ"/>
		<feat xlink:href="#sSpan797" value="ϣⲱⲡⲉ"/>
		<feat xlink:href="#sSpan801" value="ⲉϥϫⲏⲕ"/>
		<feat xlink:href="#sSpan810" value="ϣⲁⲛϯⲧⲟⲩⲛⲟⲥⲕ̄"/>
		<feat xlink:href="#sSpan821" value="·"/>
		<feat xlink:href="#sSpan826" value="ⲡⲁⲓ̈"/>
		<feat xlink:href="#sSpan834" value="ⲇⲉ"/>
		<feat xlink:href="#sSpan838" value="ⲛⲧⲁϥⲁⲣⲛⲁ"/>
		<feat xlink:href="#sSpan850" value="ⲙⲙⲟⲓ̈"/>
		<feat xlink:href="#sSpan856" value="ⲛⲁⲛⲁⲩ"/>
		<feat xlink:href="#sSpan863" value="ⲉ̄ⲣⲟⲕ"/>
		<feat xlink:href="#sSpan869" value="ⲉⲕϭⲟⲟⲗⲉ"/>
		<feat xlink:href="#sSpan878" value="ⲛⲟⲩⲉ̄ⲟⲟⲩ"/>
		<feat xlink:href="#sSpan887" value="·"/>
		<feat xlink:href="#sSpan891" value="ⲛⲧⲟϥ"/>
		<feat xlink:href="#sSpan900" value="ⲇⲉ"/>
		<feat xlink:href="#sSpan904" value="ⲉϥϭⲟⲟⲗⲉ"/>
		<feat xlink:href="#sSpan912" value="ⲛⲟⲩϣⲱϣ"/>
		<feat xlink:href="#sSpan921" value="·"/>
		<feat xlink:href="#sSpan925" value="ⲙⲛ̄ⲟⲩϩⲓⲥⲉ"/>
		<feat xlink:href="#sSpan935" value="·"/>
		<feat xlink:href="#sSpan939" value="ϥ̄ⲛⲁⲛⲁⲩ"/>
		<feat xlink:href="#sSpan947" value="ⲉⲣⲟⲕ"/>
		<feat xlink:href="#sSpan954" value="ⲉⲕϭⲟⲟⲗⲉ"/>
		<feat xlink:href="#sSpan962" value="ⲙ̄ⲡⲟⲩⲟ̄ⲉⲓⲛ"/>
		<feat xlink:href="#sSpan972" value="·"/>
		<feat xlink:href="#sSpan976" value="ⲛ̄ⲧⲟϥ"/>
		<feat xlink:href="#sSpan984" value="ⲇⲉ"/>
		<feat xlink:href="#sSpan989" value="ⲉϥⲁⲡⲟⲗⲁⲩⲉ"/>
		<feat xlink:href="#sSpan998" value="ⲙⲙⲟϥ"/>
		<feat xlink:href="#sSpan1005" value="ϩⲙⲡⲕⲁⲕⲉ"/>
		<feat xlink:href="#sSpan1014" value="ϥⲛⲁⲛⲁⲩ"/>
		<feat xlink:href="#sSpan1023" value="ⲉ̄ⲣⲟⲕ"/>
		<feat xlink:href="#sSpan1029" value="ⲉⲕϭⲟⲟⲗⲉ"/>
		<feat xlink:href="#sSpan1038" value="ⲙⲡⲣⲁϣⲉ"/>
		<feat xlink:href="#sSpan1048" value="ⲙⲛ̄ⲡⲟⲩⲛⲟϥ"/>
		<feat xlink:href="#sSpan1056" value="ⲛⲧⲟϥ"/>
		<feat xlink:href="#sSpan1062" value="ⲇⲉ"/>
		<feat xlink:href="#sSpan1066" value="ⲉϥⲁⲡⲟⲗⲁⲩⲉ"/>
		<feat xlink:href="#sSpan1076" value="ⲙⲙⲟϥ"/>
		<feat xlink:href="#sSpan1082" value="ϩⲛ̄ⲧⲗⲏⲡⲏ"/>
		<feat xlink:href="#sSpan1093" value="ⲙ︤ⲛ︥ⲡⲁϣⲁϩⲟⲙ"/>
		<feat xlink:href="#sSpan1105" value="·"/>
		<feat xlink:href="#sSpan1109" value="ϥⲛⲁⲛⲁⲩ"/>
		<feat xlink:href="#sSpan1121" value="ⲉ̄ⲣⲟⲕ"/>
		<feat xlink:href="#sSpan1127" value="ϩⲙ̄ⲡⲟⲩ︥ⲱϣⲥ"/>
		<feat xlink:href="#sSpan1138" value="ⲉⲃⲟⲗ"/>
		<feat xlink:href="#sSpan1142" value="ⲙ︤ⲛⲧⲉⲩⲫⲣⲟⲥⲩⲛⲏ"/>
		<feat xlink:href="#sSpan1157" value="·"/>
		<feat xlink:href="#sSpan1161" value="ⲛ̄ⲧⲟϥ"/>
		<feat xlink:href="#sSpan1166" value="ϩⲱⲱϥ"/>
		<feat xlink:href="#sSpan1172" value="ⲉϥϩⲙ̄ⲡ̄ϩⲁϫϩⲉϫ"/>
		<feat xlink:href="#sSpan1185" value="ⲙⲛ̄ⲡ̄ⲥⲁϩⲟⲩ"/>
		<feat xlink:href="#sSpan1195" value="·"/>
		<feat xlink:href="#sSpan1199" value="ϥ̄ⲛⲁⲛⲁⲩ"/>
		<feat xlink:href="#sSpan1210" value="ⲉⲣⲟⲕ"/>
		<feat xlink:href="#sSpan1217" value="ⲉⲣⲉⲛⲁⲅⲅⲉⲗⲟⲥ"/>
		<feat xlink:href="#sSpan1228" value="ⲥⲟⲗⲥⲗ"/>
		<feat xlink:href="#sSpan1232" value="ⲙⲙⲟⲕ"/>
		<feat xlink:href="#sSpan1238" value="ⲛ̄ⲧⲟϥ"/>
		<feat xlink:href="#sSpan1243" value="ϩⲱⲱϥ"/>
		<feat xlink:href="#sSpan1249" value="ⲉϥϣⲟⲟⲡ"/>
		<feat xlink:href="#sSpan1258" value="ϩⲙ̄ⲡⲧⲁⲣⲧⲁⲣⲟⲥ"/>
		<feat xlink:href="#sSpan1269" value="·"/>
		<feat xlink:href="#sSpan1273" value="ⲟⲩ"/>
		<feat xlink:href="#sSpan1281" value="ⲙⲟⲛⲟⲛ"/>
		<feat xlink:href="#sSpan1285" value="ϫⲉⲙⲡⲉϥϩⲟⲙⲟⲗⲟⲅⲉⲓ"/>
		<feat xlink:href="#sSpan1297" value="ⲙⲙⲟⲓ̈"/>
		<feat xlink:href="#sSpan1305" value="·"/>
		<feat xlink:href="#sSpan1310" value="ⲁⲗⲗⲁ"/>
		<feat xlink:href="#sSpan1314" value="ⲁϥⲁⲣⲛⲁ"/>
		<feat xlink:href="#sSpan1324" value="ⲙⲙⲟⲓ̈"/>
		<feat xlink:href="#sSpan1330" value="ⲙⲛ̄ⲧⲁⲙⲛ̄ⲧⲛⲟⲩⲧⲉ"/>
		<feat xlink:href="#sSpan1342" value="·"/>
		<feat xlink:href="#sSpan1346" value="ⲁϥϭⲱ"/>
		<feat xlink:href="#sSpan1359" value="ⲉϥⲛⲟϭⲛⲉϭ"/>
		<feat xlink:href="#sSpan1367" value="ⲁⲩⲱ"/>
		<feat xlink:href="#sSpan1372" value="ⲉϥⲥⲱϣ"/>
		<feat xlink:href="#sSpan1380" value="ⲙ̄ⲙⲟⲓ̈"/>
		<feat xlink:href="#sSpan1387" value="·"/>
		<feat xlink:href="#sSpan1392" value="ⲉⲧⲃⲉⲡⲁⲓ"/>
		<feat xlink:href="#sSpan1399" value="ⲉ̄ⲣⲉⲡⲟⲩⲁ̄"/>
		<feat xlink:href="#sSpan1410" value="ⲡⲟⲩⲁ"/>
		<feat xlink:href="#sSpan1416" value="ϫⲓ"/>
		<feat xlink:href="#sSpan1421" value="ⲕⲁⲧⲁⲛⲉϥϩ̄ⲃⲏⲩⲉ"/>
		<feat xlink:href="#sSpan1431" value="·"/>
		<feat xlink:href="#sSpan1435" value="ⲁⲓ̈ⲟⲩⲱ̄"/>
		<feat xlink:href="#sSpan1448" value="ⲅⲁⲣ"/>
		<feat xlink:href="#sSpan1452" value="ⲉⲓϫⲱ"/>
		<feat xlink:href="#sSpan1460" value="ⲙⲙⲟⲥ"/>
		<feat xlink:href="#sSpan1467" value="ⲛⲁⲩ"/>
		<feat xlink:href="#sSpan1473" value="ϩⲛ̄ⲧⲙⲏⲧⲉ"/>
		<feat xlink:href="#sSpan1483" value="ⲛⲟⲩⲟⲛ"/>
		<feat xlink:href="#sSpan1491" value="ⲛⲓⲙ"/>
		<feat xlink:href="#sSpan1496" value="ϫⲉⲡⲉⲧⲛⲁϩⲟⲙⲟⲗⲟⲅⲉⲓ"/>
		<feat xlink:href="#sSpan1511" value="ⲙⲙⲟⲓ̈"/>
		<feat xlink:href="#sSpan1517" value="ⲙ̄ⲡⲙ̄ⲧⲟ"/>
		<feat xlink:href="#sSpan1527" value="ⲉ̄ⲃⲟⲗ"/>
		<feat xlink:href="#sSpan1531" value="ⲛⲛ̄ⲣⲱⲙⲉ"/>
		<feat xlink:href="#sSpan1540" value="ϯⲛⲁϩⲟⲙⲟⲗⲟⲅⲉⲓ"/>
		<feat xlink:href="#sSpan1550" value="ⲙ̄ⲙⲟϥ"/>
		<feat xlink:href="#sSpan1557" value="ⲙ̄ⲡⲙ̄ⲧⲟ"/>
		<feat xlink:href="#sSpan1566" value="ⲉⲃⲟⲗ"/>
		<feat xlink:href="#sSpan1570" value="ⲙ̄ⲡⲁⲉⲓⲱⲧ"/>
		<feat xlink:href="#sSpan1580" value="ⲉⲧϩ︤ⲛ︥ⲛ︤ⲙ︥ⲡⲏⲩⲉ"/>
		<feat xlink:href="#sSpan1592" value="·"/>
		<feat xlink:href="#sSpan1596" value="ⲧⲉⲧⲛⲛⲁⲩ"/>
		<feat xlink:href="#sSpan1607" value="ϭⲉ"/>
		<feat xlink:href="#sSpan1612" value="ⲱ̄"/>
		<feat xlink:href="#sSpan1617" value="ⲛⲉⲥⲛⲏⲩ"/>
		<feat xlink:href="#sSpan1623" value="ϫⲉⲟⲩϩⲓⲥⲉ"/>
		<feat xlink:href="#sSpan1633" value="ⲛⲁϣ"/>
		<feat xlink:href="#sSpan1639" value="ⲛ̄ϩⲉ"/>
		<feat xlink:href="#sSpan1646" value="ⲡⲉⲧⲛⲁⲧⲁϩⲉ"/>
		<feat xlink:href="#sSpan1656" value="ⲡⲣⲱⲙⲉ"/>
		<feat xlink:href="#sSpan1664" value="ⲉⲧⲛⲁⲁⲣⲛⲁ"/>
		<feat xlink:href="#sSpan1673" value="ⲙ̄ⲡⲉϥϫⲟⲉⲓⲥ"/>
		<feat xlink:href="#sSpan1683" value="·"/>
		<feat xlink:href="#sSpan1688" value="ⲉⲧⲃⲉⲡⲁⲓ̈"/>
		<feat xlink:href="#sSpan1699" value="ⲙⲁⲣⲉⲛⲣⲟⲉⲓⲥ"/>
		<feat xlink:href="#sSpan1707" value="ⲉⲣⲟⲛ"/>
		<feat xlink:href="#sSpan1714" value="ϫⲉⲛ̄ⲛⲉⲩⲣ̄ϩⲁⲗ"/>
		<feat xlink:href="#sSpan1728" value="ⲙⲙⲟⲛ"/>
		<feat xlink:href="#sSpan1734" value="ⲛ̄ⲥⲉⲁⲁⲛ"/>
		<feat xlink:href="#sSpan1745" value="ⲛ̄ϣⲙⲙⲟ"/>
		<feat xlink:href="#sSpan1752" value="ⲉ̄ⲡⲉⲛⲧⲁϥⲧⲁⲙⲓⲟⲛ"/>
		<feat xlink:href="#sSpan1771" value="·"/>
		<feat xlink:href="#sSpan1775" value="ⲉⲧⲃⲉⲛⲉⲛⲕⲁ"/>
		<feat xlink:href="#sSpan1785" value="ⲙ̄ⲡⲉⲓⲁⲓⲱⲛ"/>
		<feat xlink:href="#sSpan1796" value="·"/>
		<feat xlink:href="#sSpan1800" value="ⲟⲩⲛ̄ϩⲟⲓ̈ⲛⲉ"/>
		<feat xlink:href="#sSpan1811" value="ϣⲟⲟⲡ"/>
		<feat xlink:href="#sSpan1815" value="ⲧⲉⲛⲟⲩ"/>
		<feat xlink:href="#sSpan1820" value="ⲉⲩⲁⲣⲛⲁ"/>
		<feat xlink:href="#sSpan1829" value="ⲙ̄ⲡⲛⲟⲩⲧⲉ"/>
		<feat xlink:href="#sSpan1839" value="ⲉⲧⲃⲉ"/>
		<feat xlink:href="#sSpan1844" value="ϩⲉ⳯ⲭⲣⲏⲙⲁ"/>
		<feat xlink:href="#sSpan1852" value="·"/>
		<feat xlink:href="#sSpan1856" value="ϣⲁⲣⲉⲧⲙ︤ⲛ︥ⲧⲙⲁⲓ̈ⲭⲣⲏⲙⲁ"/>
		<feat xlink:href="#sSpan1875" value="ⲅⲁⲣ"/>
		<feat xlink:href="#sSpan1879" value="·"/>
		<feat xlink:href="#sSpan1883" value="ⲧⲱⲙ"/>
		<feat xlink:href="#sSpan1887" value="ⲛ̄ⲛ̄ⲃⲁⲗ"/>
		<feat xlink:href="#sSpan1897" value="ⲙ̄ⲡⲉⲛⲧⲁϥⲙⲉⲣⲓⲧⲥ̄"/>
		<feat xlink:href="#sSpan1915" value="·"/>
		<feat xlink:href="#sSpan1919" value="ⲛⲧⲟϥ"/>
		<feat xlink:href="#sSpan1927" value="ϩⲱⲱϥ"/>
		<feat xlink:href="#sSpan1933" value="ⲟⲛ"/>
		<feat xlink:href="#sSpan1937" value="ϣⲁϥϫⲓ"/>
		<feat xlink:href="#sSpan1946" value="ⲛ̄ⲧⲙⲉⲣⲓⲥ"/>
		<feat xlink:href="#sSpan1956" value="ⲛⲓ̈ⲟⲩⲇⲁⲥ"/>
		<feat xlink:href="#sSpan1965" value="·"/>
		<feat xlink:href="#sSpan1970" value="ⲕⲁⲓ"/>
		<feat xlink:href="#sSpan1975" value="ⲅⲁⲣ"/>
		<feat xlink:href="#sSpan1980" value="ⲛ̄ⲧⲟϥ"/>
		<feat xlink:href="#sSpan1984" value="ϩⲱⲱϥ"/>
		<feat xlink:href="#sSpan1990" value="ⲁϥϯ"/>
		<feat xlink:href="#sSpan1999" value="ⲙ̄ⲡⲉϥϫⲟⲉⲓⲥ"/>
		<feat xlink:href="#sSpan2008" value="ⲉⲃⲟⲗ"/>
		<feat xlink:href="#sSpan2013" value="·"/>
		<feat xlink:href="#sSpan2017" value="ϩⲁⲙⲁⲁⲃⲉ"/>
		<feat xlink:href="#sSpan2024" value="ⲛⲥⲁⲧⲉⲉⲣⲉ"/>
		<feat xlink:href="#sSpan2032" value="ⲛ̄ϩⲁⲧ"/>
		<feat xlink:href="#sSpan2039" value="·"/>
		<feat xlink:href="#sSpan2043" value="ⲟⲩⲁⲅⲁⲑⲟⲛ"/>
		<feat xlink:href="#sSpan2056" value="ϭⲉ"/>
		<feat xlink:href="#sSpan2060" value="ⲛⲁⲛ"/>
		<feat xlink:href="#sSpan2067" value="ⲡⲉ"/>
		<feat xlink:href="#sSpan2072" value="·"/>
		<feat xlink:href="#sSpan2076" value="ⲉⲛϣⲁⲛⲛⲉϫⲡⲉⲛⲣⲟⲟⲩϣ"/>
		<feat xlink:href="#sSpan2088" value="ⲙⲡϫⲟⲉⲓⲥ"/>
		<feat xlink:href="#sSpan2098" value="·"/>
		<feat xlink:href="#sSpan2102" value="ⲛ̄ⲧⲟϥ"/>
		<feat xlink:href="#sSpan2107" value="ⲅⲁⲣ"/>
		<feat xlink:href="#sSpan2111" value="ⲡⲉⲧⲛⲁϥⲓⲣⲟⲟⲩϣ"/>
		<feat xlink:href="#sSpan2124" value="ϩⲁⲣⲟⲛ"/>
		<feat xlink:href="#sSpan2131" value="·"/>
		<feat xlink:href="#sSpan2136" value="ⲕⲁⲧⲁⲡϣⲁϫⲉ"/>
		<feat xlink:href="#sSpan2146" value="ⲙ̄ⲡⲉⲛⲉⲓⲱⲧ"/>
		<feat xlink:href="#sSpan2156" value="ⲡⲉⲧⲣⲟⲥ"/>
		<feat xlink:href="#sSpan2161" value="·"/>
		<feat xlink:href="#sSpan2165" value="ⲙⲁⲣⲉⲛⲕⲧⲟⲛ"/>
		<feat xlink:href="#sSpan2179" value="ϭⲉ"/>
		<feat xlink:href="#sSpan2183" value="ⲉ̄ϫⲙ̄ⲡⲉⲡⲣⲟⲕⲓⲙⲉⲛⲟⲛ"/>
		<feat xlink:href="#sSpan2194" value="ⲉⲧⲃⲉⲡⲉⲥ̄ⳁⲟ︤ⲥ︥"/>
		<feat xlink:href="#sSpan2205" value="ⲙ̄ⲡⲉⲛϫⲟⲉⲓⲥ"/>
		<feat xlink:href="#sSpan2216" value="ⲓ︦ⲥ︦"/>
		<feat xlink:href="#sSpan2220" value="ⲡⲉⲭ︦ⲥ︦"/>
		<feat xlink:href="#sSpan2228" value="·"/>
		<feat xlink:href="#sSpan2232" value="ⲙⲛ̄ⲡⲗⲏⲥⲧⲏⲥ"/>
		<feat xlink:href="#sSpan2243" value="·"/>
		<feat xlink:href="#sSpan2248" value="ⲟⲩϣⲉ"/>
		<feat xlink:href="#sSpan2255" value="ⲅⲁⲣ"/>
		<feat xlink:href="#sSpan2260" value="ⲛ̄ⲣⲉϥϯⲱⲛϩ"/>
		<feat xlink:href="#sSpan2270" value="ⲡⲉ"/>
		<feat xlink:href="#sSpan2274" value="ⲡϣⲉ"/>
		<feat xlink:href="#sSpan2285" value="ⲙ̄ⲡⲉⲥ̄ⳁⲟ︤ⲥ︥"/>
		<feat xlink:href="#sSpan2295" value="·"/>
		<feat xlink:href="#sSpan2299" value="ⲉⲣⲉⲛⲁⲅⲅⲉⲗⲟⲥ"/>
		<feat xlink:href="#sSpan2313" value="ⲃⲏⲕ"/>
		<feat xlink:href="#sSpan2317" value="ⲉϩⲣⲁⲓ̈"/>
		<feat xlink:href="#sSpan2322" value="ϣⲁⲡⲉⲓⲱⲧ"/>
		<feat xlink:href="#sSpan2331" value="ⲁⲩⲱ"/>
		<feat xlink:href="#sSpan2336" value="ⲉⲩⲛⲏⲩ"/>
		<feat xlink:href="#sSpan2345" value="ⲉⲡⲉⲥⲏⲧ"/>
		<feat xlink:href="#sSpan2354" value="ϣⲁⲡϣⲏⲣⲉ"/>
		<feat xlink:href="#sSpan2363" value="ϩⲓ̈ϫⲙ̄ⲡⲉⲥ̄ⳁⲟ︤ⲥ︥"/>
		<feat xlink:href="#sSpan2374" value="·"/>
		<feat xlink:href="#sSpan2378" value="ⲉⲩϭⲱϣⲧ"/>
		<feat xlink:href="#sSpan2387" value="ⲉⲃⲟⲗ"/>
		<feat xlink:href="#sSpan2391" value="ϩⲓⲑⲏ"/>
		<feat xlink:href="#sSpan2402" value="ⲙ̄ⲡⲉϥⲟⲩⲱϣ"/>
		<feat xlink:href="#sSpan2410" value="·"/>
		<feat xlink:href="#sSpan2414" value="ⲁⲛⲁⲩ"/>
		<feat xlink:href="#sSpan2422" value="ⲉⲧⲙⲛ̄ⲧϣⲁⲛϩⲧⲏϥ"/>
		<feat xlink:href="#sSpan2437" value="ⲙⲡⲛⲟⲩⲧⲉ"/>
		<feat xlink:href="#sSpan2446" value="ⲙⲛⲧⲉϥⲁⲛⲟⲭⲏ"/>
		<feat xlink:href="#sSpan2457" value="ⲉϥϭⲱϣⲧ"/>
		<feat xlink:href="#sSpan2466" value="ⲉ̄ⲃⲟⲗ"/>
		<feat xlink:href="#sSpan2470" value="ϩ︤ⲙ︥ⲡϫⲓⲥⲉ"/>
		<feat xlink:href="#sSpan2480" value="·"/>
		<feat xlink:href="#sSpan2484" value="ⲉϥⲛⲁⲩ"/>
		<feat xlink:href="#sSpan2492" value="ⲉ̄ⲡⲉϥⲙⲟⲛⲟⲅⲏⲛⲏⲥ"/>
		<feat xlink:href="#sSpan2503" value="ⲛ̄ϣⲏⲣⲉ"/>
		<feat xlink:href="#sSpan2511" value="ⲉϥⲟⲃⲧ"/>
		<feat xlink:href="#sSpan2519" value="ⲉ̄ϩⲟⲩⲛ"/>
		<feat xlink:href="#sSpan2524" value="ⲉ̄ⲡⲉⲥ̄ⳁⲟ︤ⲥ︥"/>
		<feat xlink:href="#sSpan2534" value="·"/>
		<feat xlink:href="#sSpan2538" value="ⲉϥϩⲟⲣ︤ϣ︥"/>
		<feat xlink:href="#sSpan2547" value="ⲛ̄ϩⲏⲧ"/>
		<feat xlink:href="#sSpan2554" value="ϩ︤ⲛ︥ⲧⲉϥⲙⲛ̄ⲧⲭⲣⲏⲥⲧⲟⲥ"/>
		<feat xlink:href="#sSpan2567" value="·"/>
		<feat xlink:href="#sSpan2571" value="ⲛ̄ⲧⲟϥ"/>
		<feat xlink:href="#sSpan2580" value="ⲇⲉ"/>
		<feat xlink:href="#sSpan2584" value="ϩⲱⲱϥ"/>
		<feat xlink:href="#sSpan2590" value="ⲡⲉⲛϫⲟⲉⲓⲥ"/>
		<feat xlink:href="#sSpan2599" value="ⲓ︦ⲥ︦"/>
		<feat xlink:href="#sSpan2603" value="ⲡⲉⲭ︦ⲥ︦"/>
		<feat xlink:href="#sSpan2611" value="·"/>
		<feat xlink:href="#sSpan2615" value="ⲉⲩϯⲉⲓⲃⲧ"/>
		<feat xlink:href="#sSpan2625" value="ⲉ̄ⲛⲉϥϭⲓϫ"/>
		<feat xlink:href="#sSpan2635" value="·"/>
		<feat xlink:href="#sSpan2639" value="ⲁⲩⲱ"/>
		<feat xlink:href="#sSpan2643" value="ⲉⲩϯⲁⲁⲥ"/>
		<feat xlink:href="#sSpan2654" value="ⲉ̄ϩⲟⲩⲛ"/>
		<feat xlink:href="#sSpan2658" value="ϩⲙⲡⲉϥϩⲟ"/>
		<feat xlink:href="#sSpan2668" value="·"/>
		<feat xlink:href="#sSpan2672" value="ⲉⲩϯⲕ̄ⲗ̄ⲯ"/>
		<feat xlink:href="#sSpan2682" value="ϩⲓϫⲛ̄ⲧⲉϥⲁⲡⲉ"/>
		<feat xlink:href="#sSpan2692" value="·"/>
		<feat xlink:href="#sSpan2696" value="ⲉⲩⲧⲥⲟ"/>
		<feat xlink:href="#sSpan2705" value="ⲙⲙⲟϥ"/>
		<feat xlink:href="#sSpan2711" value="ⲛⲟⲩϩⲙ̄ϫ"/>
		<feat xlink:href="#sSpan2721" value="·"/>
		<feat xlink:href="#sSpan2725" value="ⲙⲛ̄ⲟⲩⲥⲓϣⲉ"/>
		<feat xlink:href="#sSpan2737" value="·"/>
		<feat xlink:href="#sSpan2741" value="ⲉⲩⲡⲱϣ"/>
		<feat xlink:href="#sSpan2749" value="ⲛⲛ̄ⲉϥϩⲟⲓⲧⲉ"/>
		<feat xlink:href="#sSpan2759" value="ⲉϫⲱⲟⲩ"/>
		<feat xlink:href="#sSpan2766" value="·"/>
		<feat xlink:href="#sSpan2770" value="ⲉⲩⲛⲏϫ"/>
		<feat xlink:href="#sSpan2779" value="ⲕⲗⲏⲣⲟⲥ"/>
		<feat xlink:href="#sSpan2785" value="ⲉⲣⲟⲟⲩ"/>
		<feat xlink:href="#sSpan2793" value="ⲁⲩⲱ"/>
		<feat xlink:href="#sSpan2798" value="ⲉⲩϩⲓⲟⲩⲉ"/>
		<feat xlink:href="#sSpan2809" value="ϩⲓϫⲛⲧⲉϥⲁⲡⲉ"/>
		<feat xlink:href="#sSpan2821" value="ⲛⲟⲩⲕⲁϣ"/>
		<feat xlink:href="#sSpan2830" value="ϩⲛⲛⲁⲓ"/>
		<feat xlink:href="#sSpan2843" value="ⲧⲏⲣⲟⲩ"/>
		<feat xlink:href="#sSpan2849" value="ⲙ̄ⲡⲉϥϭⲱⲛⲧ"/>
		<feat xlink:href="#sSpan2860" value="·"/>
		<feat xlink:href="#sSpan2865" value="ⲟⲩⲇⲉ"/>
		<feat xlink:href="#sSpan2869" value="ⲙⲡⲉϥⲕⲱ"/>
		<feat xlink:href="#sSpan2879" value="ⲛⲟⲩⲕⲣⲟϥ"/>
		<feat xlink:href="#sSpan2889" value="ϩ︤ⲙ︥ⲡⲉϥϩⲏⲧ"/>
		<feat xlink:href="#sSpan2898" value="ⲉ̄ϩⲟⲩⲛ"/>
		<feat xlink:href="#sSpan2903" value="ⲉ̄ⲣⲟⲟⲩ"/>
		<feat xlink:href="#sSpan2909" value="·"/>
		<feat xlink:href="#sSpan2913" value="ⲕⲟⲩⲱϣ"/>
		<feat xlink:href="#sSpan2923" value="ⲉ̄ⲉⲓⲙⲉ"/>
		<feat xlink:href="#sSpan2929" value="ⲥⲱⲧⲙ"/>
		<feat xlink:href="#sSpan2933" value="ⲧⲁⲧⲁⲙⲟⲕ"/>
		<feat xlink:href="#sSpan2944" value="·"/>
		<feat xlink:href="#sSpan2948" value="ⲥⲱⲧⲙ"/>
		<feat xlink:href="#sSpan2955" value="ⲉ̄ⲣⲟϥ"/>
		<feat xlink:href="#sSpan2961" value="ⲉϥⲱϣ"/>
		<feat xlink:href="#sSpan2971" value="ⲉⲃⲟⲗ"/>
		<feat xlink:href="#sSpan2975" value="ϫⲉⲡⲁⲉⲓⲱⲧ"/>
		<feat xlink:href="#sSpan2985" value="ⲕⲱ"/>
		<feat xlink:href="#sSpan2989" value="ⲛⲁⲩ"/>
		<feat xlink:href="#sSpan2995" value="ⲉ̄ⲃⲟⲗ"/>
		<feat xlink:href="#sSpan3000" value="ϫⲉⲛ̄ⲥⲉⲥⲟⲟⲩⲛ"/>
		<feat xlink:href="#sSpan3011" value="ⲁⲛ"/>
		<feat xlink:href="#sSpan3015" value="ⲙ̄ⲡⲉⲧⲟⲩⲉⲓⲣⲉ"/>
		<feat xlink:href="#sSpan3029" value="ⲙⲙⲟϥ"/>
		<feat xlink:href="#sSpan3035" value="ⲁⲕⲛⲁⲩ"/>
		<feat xlink:href="#sSpan3047" value="ϭⲉ"/>
		<feat xlink:href="#sSpan3051" value="ⲉⲧⲛⲟϭ"/>
		<feat xlink:href="#sSpan3060" value="ⲛⲙⲛ̄ⲧ̄ϣⲁⲛ̄ϩⲧⲏϥ"/>
		<feat xlink:href="#sSpan3072" value="ⲙⲡⲉⲓⲱⲧ"/>
		<feat xlink:href="#sSpan3082" value="·"/>
		<feat xlink:href="#sSpan3086" value="ⲙ︤ⲛ︥ⲡⲉϥϣⲏⲣⲉ"/>
		<feat xlink:href="#sSpan3096" value="ⲉ̄ϩⲟⲩⲛ"/>
		<feat xlink:href="#sSpan3100" value="ⲉ̄ⲣⲟ⳯"/>
		<feat xlink:href="#sSpan3106" value="ⲁϥⲁⲗⲉ"/>
		<feat xlink:href="#sSpan3119" value="ⲉ̄ϫⲙ̄ⲡⲉⲥ̄ⳁⲟ︤ⲥ︥"/>
		<feat xlink:href="#sSpan3129" value="ϣⲁⲛⲧⲉϥⲥⲱⲧⲉ"/>
		<feat xlink:href="#sSpan3138" value="ⲙ̄ⲡⲥⲱⲛ̄ⲧ"/>
		<feat xlink:href="#sSpan3148" value="ⲧⲏⲣϥ̄"/>
		<feat xlink:href="#sSpan3154" value="ⲙⲡⲛⲁⲩ"/>
		<feat xlink:href="#sSpan3164" value="ⲉϥⲁϣⲉ"/>
		<feat xlink:href="#sSpan3172" value="ⲉ̄ⲡⲉⲥ̄ⳁⲟ︤ⲥ︥"/>
		<feat xlink:href="#sSpan3181" value="·"/>
		<feat xlink:href="#sSpan3185" value="ⲁϥⲧⲃ̄ⲃⲟ"/>
		<feat xlink:href="#sSpan3197" value="ⲙ̄ⲡⲥⲱⲛⲧ"/>
		<feat xlink:href="#sSpan3206" value="ⲧⲏⲣϥ̄"/>
		<feat xlink:href="#sSpan3213" value="ⲛⲁⲧⲡⲉ"/>
		<feat xlink:href="#sSpan3222" value="ⲙ︤ⲛ︥ⲛⲁⲡⲕⲁϩ"/>
		<feat xlink:href="#sSpan3234" value="·"/>
		<feat xlink:href="#sSpan3238" value="ⲁϥⲧⲃⲃⲟ"/>
		<feat xlink:href="#sSpan3250" value="ⲙ̄ⲡⲁⲏⲣ"/>
		<feat xlink:href="#sSpan3260" value="ⲧⲏⲣ︤ϥ︥"/>
		<feat xlink:href="#sSpan3266" value="ϩ︤ⲙ︥ⲡⲉϥⲥⲱⲙⲁ"/>
		<feat xlink:href="#sSpan3277" value="ⲛⲛⲟⲩⲧⲉ"/>
		<feat xlink:href="#sSpan3285" value="·"/>
		<feat xlink:href="#sSpan3289" value="ⲁϥⲕⲁⲑⲁⲣⲓⲍⲉ"/>
		<feat xlink:href="#sSpan3299" value="ⲙⲙⲟϥ"/>
		<feat xlink:href="#sSpan3305" value="·"/>
		<feat xlink:href="#sSpan3310" value="ϩⲟⲙⲟⲓⲱⲥ"/>
		<feat xlink:href="#sSpan3318" value="·"/>
		<feat xlink:href="#sSpan3322" value="ⲁⲡⲉϥⲥⲛⲟϥ"/>
		<feat xlink:href="#sSpan3331" value="ⲉⲧⲟⲩⲁⲁⲃ"/>
		<feat xlink:href="#sSpan3338" value="ⲛ̄ⲧⲁⲩⲡⲁϩⲧϥ̄"/>
		<feat xlink:href="#sSpan3351" value="ⲉ̄ⲃⲟⲗ"/>
		<feat xlink:href="#sSpan3355" value="·"/>
		<feat xlink:href="#sSpan3359" value="ⲁϥⲧⲣⲉⲡⲕⲁϩ"/>
		<feat xlink:href="#sSpan3376" value="ⲧ︤ⲃ︥ⲃⲟ"/>
		<feat xlink:href="#sSpan3380" value="ⲉⲃⲟⲗ"/>
		<feat xlink:href="#sSpan3385" value="ϩⲙ̄ⲡϫⲱϩ︤ⲙ︥"/>
		<feat xlink:href="#sSpan3394" value="ⲉⲧϩⲓϫⲱϥ"/>
		<feat xlink:href="#sSpan3403" value="·"/>
		<feat xlink:href="#sSpan3408" value="ⲁⲓⲧⲓ"/>
		<feat xlink:href="#sSpan3416" value="ⲟⲛ"/>
		<feat xlink:href="#sSpan3421" value="ⲁϥⲃⲱⲕ"/>
		<feat xlink:href="#sSpan3430" value="ⲉⲡⲉⲥⲏⲧ"/>
		<feat xlink:href="#sSpan3439" value="ⲉⲁⲙⲛ̄ⲧⲉ"/>
		<feat xlink:href="#sSpan3446" value="ⲁϥϣⲱⲗ"/>
		<feat xlink:href="#sSpan3455" value="ⲙⲙⲟϥ"/>
		<feat xlink:href="#sSpan3461" value="·"/>
		<feat xlink:href="#sSpan3465" value="ⲁϥⲃⲱⲗ"/>
		<feat xlink:href="#sSpan3481" value="ⲉ̄ⲃⲟⲗ"/>
		<feat xlink:href="#sSpan3485" value="ⲛ̄ⲛⲉⲯⲩⲭⲏ"/>
		<feat xlink:href="#sSpan3496" value="ⲉ̄ⲧⲟⲧⲡ"/>
		<feat xlink:href="#sSpan3502" value="ⲉ̄ϩⲟⲩⲛ"/>
		<feat xlink:href="#sSpan3506" value="ⲉⲛⲧⲁⲙⲓ̈ⲟⲛ"/>
		<feat xlink:href="#sSpan3517" value="ⲛ̄ⲕⲁⲕⲉ"/>
		<feat xlink:href="#sSpan3524" value="ⲁϥⲁⲁⲩ"/>
		<feat xlink:href="#sSpan3535" value="ⲛ̄ⲣⲙ̄ϩⲉ"/>
		<feat xlink:href="#sSpan3544" value="·"/>
		<feat xlink:href="#sSpan3548" value="ⲛ̄ⲧⲟϥ"/>
		<feat xlink:href="#sSpan3558" value="ⲅⲁⲣ"/>
		<feat xlink:href="#sSpan3562" value="ⲁϥⲉⲣⲏⲧ"/>
		<feat xlink:href="#sSpan3570" value="ⲛⲁⲛ"/>
		<feat xlink:href="#sSpan3577" value="ϩ︤ⲛ︥ⲧⲉϥⲧⲁⲡⲣⲟ"/>
		<feat xlink:href="#sSpan3586" value="ⲙⲙⲉ"/>
		<feat xlink:href="#sSpan3593" value="·"/>
		<feat xlink:href="#sSpan3597" value="ⲧⲁⲓ̈"/>
		<feat xlink:href="#sSpan3602" value="ⲉⲧⲙ̄ⲡⲉϭⲟⲗ"/>
		<feat xlink:href="#sSpan3612" value="ⲉⲓ"/>
		<feat xlink:href="#sSpan3617" value="ⲉ̄ⲃⲟⲗ"/>
		<feat xlink:href="#sSpan3621" value="ⲛ̄ϩⲏⲧⲥ"/>
		<feat xlink:href="#sSpan3627" value="ⲉⲛⲉϩ"/>
		<feat xlink:href="#sSpan3632" value="ϫⲉϩⲟⲧⲁⲛ"/>
		<feat xlink:href="#sSpan3642" value="ⲉⲩϣⲁⲛϫⲁⲥⲧ"/>
		<feat xlink:href="#sSpan3651" value="ⲉⲃⲟⲗ"/>
		<feat xlink:href="#sSpan3655" value="ϩⲓ̈ϫⲙⲡⲕⲁϩ"/>
		<feat xlink:href="#sSpan3665" value="ϯⲛⲁⲥⲉⲕⲟⲩⲟⲛ"/>
		<feat xlink:href="#sSpan3678" value="ⲛⲓⲙ"/>
		<feat xlink:href="#sSpan3682" value="ϣⲁⲣⲟⲓ̈"/>
		<feat xlink:href="#sSpan3688" value="ϩⲛ̄ⲧⲙⲣ̄ⲣⲉ"/>
		<feat xlink:href="#sSpan3698" value="ⲛⲧⲁⲁⲅⲁⲡⲏ"/>
		<feat xlink:href="#sSpan3709" value="·"/>
		<feat xlink:href="#sSpan3713" value="ⲁϣ"/>
		<feat xlink:href="#sSpan3717" value="ϭⲉ"/>
		<feat xlink:href="#sSpan3721" value="ⲧⲉ"/>
		<feat xlink:href="#sSpan3725" value="ⲧⲛⲟϭ"/>
		<feat xlink:href="#sSpan3732" value="ⲛⲁⲅⲁⲡⲏ"/>
		<feat xlink:href="#sSpan3740" value="·"/>
		<feat xlink:href="#sSpan3744" value="ⲛ̄ⲑⲉ"/>
		<feat xlink:href="#sSpan3755" value="ⲛ̄ⲧⲁⲓ̈"/>
		<feat xlink:href="#sSpan3762" value="ⲛ̄ⲧⲉⲣⲉϥⲁⲗⲉ"/>
		<feat xlink:href="#sSpan3771" value="ⲉ̄ϫⲛ̄ⲟⲩϣⲉ"/>
		<feat xlink:href="#sSpan3781" value="ⲛⲥ̄ⳁⲟ︤ⲥ︥"/>
		<feat xlink:href="#sSpan3789" value="·"/>
		<feat xlink:href="#sSpan3793" value="ⲛϥ̄ⲥⲟⲛϩ︤ϥ︥"/>
		<feat xlink:href="#sSpan3803" value="ⲙⲁⲩⲁⲁϥ"/>
		<feat xlink:href="#sSpan3810" value="·"/>
		<feat xlink:href="#sSpan3814" value="ⲉ̄ⲛⲉⲙⲡⲉϥⲟⲩⲱϣ"/>
		<feat xlink:href="#sSpan3830" value="ⲅⲁⲣ"/>
		<feat xlink:href="#sSpan3834" value="ⲁⲛ"/>
		<feat xlink:href="#sSpan3838" value="ⲡⲉ"/>
		<feat xlink:href="#sSpan3843" value="·"/>
		<feat xlink:href="#sSpan3847" value="ⲛⲓⲙ"/>
		<feat xlink:href="#sSpan3851" value="ⲡⲉⲧⲛⲁϣⲁⲙⲁϩⲧⲉ"/>
		<feat xlink:href="#sSpan3864" value="ⲙⲙⲟϥ"/>
		<feat xlink:href="#sSpan3870" value="·"/>
		<feat xlink:href="#sSpan3874" value="ⲛⲓⲙ"/>
		<feat xlink:href="#sSpan3883" value="ⲅⲁⲣ"/>
		<feat xlink:href="#sSpan3887" value="ⲡⲉⲧⲛⲁϣⲁⲙⲁϩⲧⲉ"/>
		<feat xlink:href="#sSpan3901" value="ⲙⲡⲛⲟⲩⲧⲉ"/>
		<feat xlink:href="#sSpan3910" value="ⲉ̄ⲧⲟⲛϩ̄"/>
		<feat xlink:href="#sSpan3917" value="·"/>
		<feat xlink:href="#sSpan3921" value="ⲙⲡⲛⲁⲩ"/>
		<feat xlink:href="#sSpan3934" value="ⲅⲁⲣ"/>
		<feat xlink:href="#sSpan3939" value="ⲛ̄ⲧⲁⲩϭⲟⲡϥ"/>
		<feat xlink:href="#sSpan3951" value="ⲛ̄ϭⲓⲛⲁⲧⲛⲟⲩⲧⲉ"/>
		<feat xlink:href="#sSpan3963" value="ⲛⲓⲟⲩⲇⲁⲓ̈"/>
		<feat xlink:href="#sSpan3971" value="ⲁϥϫⲛⲟⲩⲟⲩ"/>
		<feat xlink:href="#sSpan3982" value="ϩⲛ̄ⲟⲩⲛⲟϭ"/>
		<feat xlink:href="#sSpan3992" value="ⲙⲙⲛ̄ⲧ̄ϣⲁⲛϩⲧⲏϥ"/>
		<feat xlink:href="#sSpan4004" value="·"/>
		<feat xlink:href="#sSpan4008" value="ϫⲉⲉ̄ⲧⲉⲧⲛ̄ϣⲓⲛⲉ"/>
		<feat xlink:href="#sSpan4023" value="ⲛ̄ⲥⲁⲛⲓⲙ"/>
		<feat xlink:href="#sSpan4029" value="ⲙ︤ⲛ︥ⲛⲉⲓⲥⲏϥⲉ"/>
		<feat xlink:href="#sSpan4039" value="ⲙ︤ⲛ︥ⲛⲓϭⲉⲣⲱⲃ"/>
		<feat xlink:href="#sSpan4051" value="·"/>
		<feat xlink:href="#sSpan4055" value="ⲁⲩⲟⲩⲱϣ︤ⲃ︥"/>
		<feat xlink:href="#sSpan4067" value="ϩⲛ̄ⲧⲉⲩⲙⲛ̄ⲧⲁⲧⲥⲟⲟⲩⲛ"/>
		<feat xlink:href="#sSpan4080" value="ⲙ︤ⲛ︥ⲧⲉⲩⲙⲛ̄ⲧϫⲁⲥⲓϩⲏⲧ"/>
		<feat xlink:href="#sSpan4093" value="·"/>
		<feat xlink:href="#sSpan4098" value="ⲙⲛ̄ⲧⲉⲩⲙⲛ̄ⲧ̄ⲁⲩⲑⲁⲧⲏⲥ"/>
		<feat xlink:href="#sSpan4112" value="ⲉⲩϫⲱ"/>
		<feat xlink:href="#sSpan4120" value="ⲙ̄ⲙⲟⲥ"/>
		<feat xlink:href="#sSpan4127" value="·"/>
		<feat xlink:href="#sSpan4131" value="ϫⲉⲉⲛϣⲓⲛⲉ"/>
		<feat xlink:href="#sSpan4146" value="ⲛ̄ⲥⲁⲓ︦ⲥ︦"/>
		<feat xlink:href="#sSpan4154" value="ⲡⲛⲁⲍⲱⲣⲁⲓⲟⲥ"/>
		<feat xlink:href="#sSpan4162" value="·"/>
		<feat xlink:href="#sSpan4166" value="ⲁϥⲟⲩⲱϣⲃ̄"/>
		<feat xlink:href="#sSpan4178" value="ⲉϥϫⲱ"/>
		<feat xlink:href="#sSpan4186" value="ⲙⲙⲟⲥ"/>
		<feat xlink:href="#sSpan4192" value="ϫⲉⲁⲛⲟⲕ"/>
		<feat xlink:href="#sSpan4199" value="ⲡⲉ"/>
		<feat xlink:href="#sSpan4203" value="·"/>
		<feat xlink:href="#sSpan4207" value="ⲁⲛⲁⲕⲧⲓⲛ"/>
		<feat xlink:href="#sSpan4221" value="ⲙ̄ⲡⲟⲩⲟ̄ⲉⲓ⳯"/>
		<feat xlink:href="#sSpan4231" value="ⲛ̄ⲧⲉϥⲙ︤ⲛ︥ⲧ̄ⲛⲟⲩⲧⲉ"/>
		<feat xlink:href="#sSpan4243" value="ⲣⲱϩⲧ"/>
		<feat xlink:href="#sSpan4247" value="ⲉ̄ϩⲟⲩⲛ"/>
		<feat xlink:href="#sSpan4251" value="ϩⲙ̄ⲡⲉⲩϩⲟ"/>
		<feat xlink:href="#sSpan4261" value="·"/>
		<feat xlink:href="#sSpan4265" value="ⲁⲩϩⲉ"/>
		<feat xlink:href="#sSpan4274" value="ⲉⲡⲉⲥⲏⲧ"/>
		<feat xlink:href="#sSpan4283" value="·"/>
		<feat xlink:href="#sSpan4288" value="ϩⲟⲙⲟⲓⲱⲥ"/>
		<feat xlink:href="#sSpan4296" value="ⲟⲛ"/>
		<feat xlink:href="#sSpan4300" value="ⲁϥⲧⲟⲩⲛⲟⲥⲟⲩ"/>
		<feat xlink:href="#sSpan4311" value="ϩ︤ⲛ︥ⲧⲉϥⲛⲟϭ"/>
		<feat xlink:href="#sSpan4320" value="ⲙⲙ︤ⲛ︥ⲧϣⲁⲛ̄ϩⲧⲏϥ"/>
		<feat xlink:href="#sSpan4332" value="·"/>
		<feat xlink:href="#sSpan4336" value="ϫⲉⲁⲣⲏⲩ"/>
		<feat xlink:href="#sSpan4343" value="ⲥⲉⲛⲁⲙⲉⲧⲁⲛⲟⲓ̈"/>
		<feat xlink:href="#sSpan4353" value="·"/>
		<feat xlink:href="#sSpan4357" value="ⲁⲩⲁⲙⲁϩⲧⲉ"/>
		<feat xlink:href="#sSpan4369" value="ⲛ̄ⲛⲉϥⲙⲁⲑⲏⲧⲏⲥ"/>
		<feat xlink:href="#sSpan4380" value="ϩ︤ⲛ︥ⲟⲩⲙ︤ⲛ︥ⲧⲁⲧⲥⲟⲟⲩⲛ"/>
		<feat xlink:href="#sSpan4393" value="·"/>
		<feat xlink:href="#sSpan4397" value="ⲛⲁⲓ̈"/>
		<feat xlink:href="#sSpan4407" value="ϭⲉ"/>
		<feat xlink:href="#sSpan4411" value="ⲧⲏⲣⲟⲩ"/>
		<feat xlink:href="#sSpan4417" value="ⲉϥⲉⲓⲣⲉ"/>
		<feat xlink:href="#sSpan4426" value="ⲙⲙⲟⲟⲩ"/>
		<feat xlink:href="#sSpan4432" value="ⲛ̄ϭⲓⲡⲛⲟⲩⲧⲉ"/>
		<feat xlink:href="#sSpan4442" value="·"/>
		<feat xlink:href="#sSpan4446" value="ⲉϥⲟⲩⲱϣ"/>
		<feat xlink:href="#sSpan4455" value="ⲉⲧⲣⲉⲣⲱⲙⲉ"/>
		<feat xlink:href="#sSpan4465" value="ⲛⲓⲙ"/>
		<feat xlink:href="#sSpan4469" value="ⲟⲩϫⲁⲓ̈"/>
		<feat xlink:href="#sSpan4473" value="·"/>
		<feat xlink:href="#sSpan4477" value="ⲙⲙⲟⲛ"/>
		<feat xlink:href="#sSpan4485" value="ⲙ̄ⲡⲛⲁⲩ"/>
		<feat xlink:href="#sSpan4494" value="ⲉ̄ⲧⲙ̄ⲙⲁⲩ"/>
		<feat xlink:href="#sSpan4501" value="·"/>
		<feat xlink:href="#sSpan4505" value="ϥ̄ⲛⲁⲧⲣⲉⲡⲕⲁϩ"/>
		<feat xlink:href="#sSpan4519" value="ⲟⲩⲱⲛ"/>
		<feat xlink:href="#sSpan4526" value="ⲉ̄ⲣⲱϥ"/>
		<feat xlink:href="#sSpan4532" value="ⲛ︤ϥ︥ⲟⲙⲕⲟⲩ"/>
		<feat xlink:href="#sSpan4543" value="ⲉⲡⲉⲥⲏⲧ"/>
		<feat xlink:href="#sSpan4552" value="·"/>
		<feat xlink:href="#sSpan4556" value="ⲉ̄ⲡⲉⲭⲁⲟⲥ"/>
		<feat xlink:href="#sSpan4566" value="·"/>
		<feat xlink:href="#sSpan4570" value="ⲛ︤ϥ︥ⲧⲣⲉⲩⲃⲱⲕ"/>
		<feat xlink:href="#sSpan4586" value="ⲉⲡⲉⲥⲏⲧ"/>
		<feat xlink:href="#sSpan4598" value="ⲉⲡⲙⲁ"/>
		<feat xlink:href="#sSpan4608" value="ⲙ̄ⲡⲉⲩⲥⲟⲛ"/>
		<feat xlink:href="#sSpan4620" value="ⲛⲓⲛⲉⲩⲏ"/>
		<feat xlink:href="#sSpan4627" value="·"/>
		<feat xlink:href="#sSpan4632" value="ⲏ"/>
		<feat xlink:href="#sSpan4640" value="ⲛⲉⲩ"/></featList></paula>