<?xml version='1.0' encoding='UTF-8'?><!DOCTYPE paula SYSTEM "paula_feat.dtd">
<paula version="1.1">
	<header paula_id="scriptorium.cross.michbr287-290.mark_verse_n"/>
	<featList xmlns:xlink="http://www.w3.org/1999/xlink" type="verse_n" xml:base="scriptorium.cross.michbr287-290.mark.xml">
		<feat xlink:href="#sSpan9" value="14"/>
		<feat xlink:href="#sSpan30" value="15"/>
		<feat xlink:href="#sSpan110" value="16"/>
		<feat xlink:href="#sSpan179" value="17"/>
		<feat xlink:href="#sSpan214" value="18"/>
		<feat xlink:href="#sSpan292" value="19"/>
		<feat xlink:href="#sSpan326" value="20"/>
		<feat xlink:href="#sSpan415" value="21"/>
		<feat xlink:href="#sSpan498" value="22"/>
		<feat xlink:href="#sSpan563" value="23"/>
		<feat xlink:href="#sSpan677" value="24"/>
		<feat xlink:href="#sSpan742" value="25"/>
		<feat xlink:href="#sSpan782" value="26"/>
		<feat xlink:href="#sSpan829" value="27"/>
		<feat xlink:href="#sSpan895" value="28"/>
		<feat xlink:href="#sSpan979" value="29"/>
		<feat xlink:href="#sSpan1112" value="30"/>
		<feat xlink:href="#sSpan1202" value="31"/>
		<feat xlink:href="#sSpan1276" value="32"/>
		<feat xlink:href="#sSpan1349" value="33"/>
		<feat xlink:href="#sSpan1439" value="34"/>
		<feat xlink:href="#sSpan1599" value="1"/>
		<feat xlink:href="#sSpan1691" value="2"/>
		<feat xlink:href="#sSpan1803" value="3"/>
		<feat xlink:href="#sSpan1859" value="4"/>
		<feat xlink:href="#sSpan1923" value="5"/>
		<feat xlink:href="#sSpan2048" value="1"/>
		<feat xlink:href="#sSpan2168" value="2"/>
		<feat xlink:href="#sSpan2303" value="3"/>
		<feat xlink:href="#sSpan2418" value="4"/>
		<feat xlink:href="#sSpan2575" value="5"/>
		<feat xlink:href="#sSpan2834" value="6"/>
		<feat xlink:href="#sSpan2916" value="7"/>
		<feat xlink:href="#sSpan2951" value="8"/>
		<feat xlink:href="#sSpan3039" value="9"/>
		<feat xlink:href="#sSpan3110" value="1"/>
		<feat xlink:href="#sSpan3188" value="2"/>
		<feat xlink:href="#sSpan3241" value="3"/>
		<feat xlink:href="#sSpan3313" value="4"/>
		<feat xlink:href="#sSpan3362" value="5"/>
		<feat xlink:href="#sSpan3411" value="6"/>
		<feat xlink:href="#sSpan3468" value="7"/>
		<feat xlink:href="#sSpan3551" value="1"/>
		<feat xlink:href="#sSpan3635" value="2"/>
		<feat xlink:href="#sSpan3747" value="3"/>
		<feat xlink:href="#sSpan3817" value="4"/>
		<feat xlink:href="#sSpan3878" value="5"/>
		<feat xlink:href="#sSpan3924" value="6"/>
		<feat xlink:href="#sSpan4011" value="7"/>
		<feat xlink:href="#sSpan4058" value="8"/>
		<feat xlink:href="#sSpan4134" value="9"/>
		<feat xlink:href="#sSpan4169" value="10"/>
		<feat xlink:href="#sSpan4210" value="11"/>
		<feat xlink:href="#sSpan4291" value="12"/>
		<feat xlink:href="#sSpan4360" value="13"/>
		<feat xlink:href="#sSpan4402" value="1"/>
		<feat xlink:href="#sSpan4481" value="2"/>
		<feat xlink:href="#sSpan4635" value="3"/></featList></paula>