<?xml version='1.0' encoding='UTF-8'?><!DOCTYPE paula SYSTEM "paula_feat.dtd">
<paula version="1.1">
	<header paula_id="scriptorium.cross.michbr287-290.mark_entity"/>
	<featList xmlns:xlink="http://www.w3.org/1999/xlink" type="entity" xml:base="scriptorium.cross.michbr287-290.mark.xml">
		<feat xlink:href="#sSpan7" value="abstract"/>
		<feat xlink:href="#sSpan22" value="abstract"/>
		<feat xlink:href="#sSpan56" value="person"/>
		<feat xlink:href="#sSpan83" value="event"/>
		<feat xlink:href="#sSpan94" value="person"/>
		<feat xlink:href="#sSpan119" value="person"/>
		<feat xlink:href="#sSpan127" value="person"/>
		<feat xlink:href="#sSpan161" value="person"/>
		<feat xlink:href="#sSpan188" value="abstract"/>
		<feat xlink:href="#sSpan199" value="person"/>
		<feat xlink:href="#sSpan231" value="abstract"/>
		<feat xlink:href="#sSpan241" value="person"/>
		<feat xlink:href="#sSpan251" value="abstract"/>
		<feat xlink:href="#sSpan302" value="abstract"/>
		<feat xlink:href="#sSpan311" value="place"/>
		<feat xlink:href="#sSpan346" value="person"/>
		<feat xlink:href="#sSpan373" value="person"/>
		<feat xlink:href="#sSpan393" value="person"/>
		<feat xlink:href="#sSpan453" value="abstract"/>
		<feat xlink:href="#sSpan465" value="abstract"/>
		<feat xlink:href="#sSpan478" value="person"/>
		<feat xlink:href="#sSpan519" value="abstract"/>
		<feat xlink:href="#sSpan576" value="person"/>
		<feat xlink:href="#sSpan589" value="person"/>
		<feat xlink:href="#sSpan608" value="person"/>
		<feat xlink:href="#sSpan621" value="person"/>
		<feat xlink:href="#sSpan660" value="person"/>
		<feat xlink:href="#sSpan680" value="abstract"/>
		<feat xlink:href="#sSpan686" value="abstract"/>
		<feat xlink:href="#sSpan759" value="person"/>
		<feat xlink:href="#sSpan767" value="place"/>
		<feat xlink:href="#sSpan789" value="object"/>
		<feat xlink:href="#sSpan824" value="person"/>
		<feat xlink:href="#sSpan881" value="abstract"/>
		<feat xlink:href="#sSpan928" value="abstract"/>
		<feat xlink:href="#sSpan965" value="abstract"/>
		<feat xlink:href="#sSpan1008" value="abstract"/>
		<feat xlink:href="#sSpan1041" value="abstract"/>
		<feat xlink:href="#sSpan1085" value="abstract"/>
		<feat xlink:href="#sSpan1096" value="abstract"/>
		<feat xlink:href="#sSpan1130" value="abstract"/>
		<feat xlink:href="#sSpan1145" value="abstract"/>
		<feat xlink:href="#sSpan1188" value="abstract"/>
		<feat xlink:href="#sSpan1220" value="person"/>
		<feat xlink:href="#sSpan1261" value="place"/>
		<feat xlink:href="#sSpan1301" value="abstract"/>
		<feat xlink:href="#sSpan1333" value="abstract"/>
		<feat xlink:href="#sSpan1395" value="abstract"/>
		<feat xlink:href="#sSpan1402" value="person"/>
		<feat xlink:href="#sSpan1408" value="person"/>
		<feat xlink:href="#sSpan1425" value="abstract"/>
		<feat xlink:href="#sSpan1476" value="place"/>
		<feat xlink:href="#sSpan1487" value="person"/>
		<feat xlink:href="#sSpan1499" value="person"/>
		<feat xlink:href="#sSpan1520" value="abstract"/>
		<feat xlink:href="#sSpan1534" value="person"/>
		<feat xlink:href="#sSpan1560" value="abstract"/>
		<feat xlink:href="#sSpan1574" value="person"/>
		<feat xlink:href="#sSpan1585" value="place"/>
		<feat xlink:href="#sSpan1615" value="person"/>
		<feat xlink:href="#sSpan1627" value="abstract"/>
		<feat xlink:href="#sSpan1657" value="person"/>
		<feat xlink:href="#sSpan1677" value="person"/>
		<feat xlink:href="#sSpan1695" value="abstract"/>
		<feat xlink:href="#sSpan1746" value="person"/>
		<feat xlink:href="#sSpan1755" value="person"/>
		<feat xlink:href="#sSpan1767" value="object"/>
		<feat xlink:href="#sSpan1779" value="object"/>
		<feat xlink:href="#sSpan1788" value="time"/>
		<feat xlink:href="#sSpan1806" value="person"/>
		<feat xlink:href="#sSpan1832" value="person"/>
		<feat xlink:href="#sSpan1842" value="object"/>
		<feat xlink:href="#sSpan1863" value="abstract"/>
		<feat xlink:href="#sSpan1891" value="object"/>
		<feat xlink:href="#sSpan1900" value="person"/>
		<feat xlink:href="#sSpan1949" value="place"/>
		<feat xlink:href="#sSpan1961" value="person"/>
		<feat xlink:href="#sSpan2002" value="person"/>
		<feat xlink:href="#sSpan2020" value="object"/>
		<feat xlink:href="#sSpan2035" value="substance"/>
		<feat xlink:href="#sSpan2045" value="abstract"/>
		<feat xlink:href="#sSpan2063" value="place"/>
		<feat xlink:href="#sSpan2082" value="abstract"/>
		<feat xlink:href="#sSpan2091" value="person"/>
		<feat xlink:href="#sSpan2139" value="abstract"/>
		<feat xlink:href="#sSpan2149" value="person"/>
		<feat xlink:href="#sSpan2186" value="abstract"/>
		<feat xlink:href="#sSpan2198" value="object"/>
		<feat xlink:href="#sSpan2208" value="person"/>
		<feat xlink:href="#sSpan2235" value="person"/>
		<feat xlink:href="#sSpan2246" value="object"/>
		<feat xlink:href="#sSpan2258" value="person"/>
		<feat xlink:href="#sSpan2275" value="object"/>
		<feat xlink:href="#sSpan2288" value="object"/>
		<feat xlink:href="#sSpan2306" value="person"/>
		<feat xlink:href="#sSpan2325" value="person"/>
		<feat xlink:href="#sSpan2357" value="person"/>
		<feat xlink:href="#sSpan2367" value="object"/>
		<feat xlink:href="#sSpan2394" value="abstract"/>
		<feat xlink:href="#sSpan2425" value="abstract"/>
		<feat xlink:href="#sSpan2440" value="person"/>
		<feat xlink:href="#sSpan2450" value="abstract"/>
		<feat xlink:href="#sSpan2473" value="place"/>
		<feat xlink:href="#sSpan2496" value="person"/>
		<feat xlink:href="#sSpan2507" value="person"/>
		<feat xlink:href="#sSpan2527" value="object"/>
		<feat xlink:href="#sSpan2550" value="abstract"/>
		<feat xlink:href="#sSpan2557" value="abstract"/>
		<feat xlink:href="#sSpan2592" value="person"/>
		<feat xlink:href="#sSpan2628" value="object"/>
		<feat xlink:href="#sSpan2661" value="object"/>
		<feat xlink:href="#sSpan2686" value="object"/>
		<feat xlink:href="#sSpan2715" value="substance"/>
		<feat xlink:href="#sSpan2729" value="abstract"/>
		<feat xlink:href="#sSpan2753" value="object"/>
		<feat xlink:href="#sSpan2780" value="abstract"/>
		<feat xlink:href="#sSpan2812" value="object"/>
		<feat xlink:href="#sSpan2824" value="object"/>
		<feat xlink:href="#sSpan2839" value="abstract"/>
		<feat xlink:href="#sSpan2854" value="abstract"/>
		<feat xlink:href="#sSpan2873" value="abstract"/>
		<feat xlink:href="#sSpan2882" value="abstract"/>
		<feat xlink:href="#sSpan2892" value="abstract"/>
		<feat xlink:href="#sSpan2978" value="person"/>
		<feat xlink:href="#sSpan3019" value="person"/>
		<feat xlink:href="#sSpan3054" value="abstract"/>
		<feat xlink:href="#sSpan3076" value="person"/>
		<feat xlink:href="#sSpan3089" value="person"/>
		<feat xlink:href="#sSpan3122" value="object"/>
		<feat xlink:href="#sSpan3142" value="abstract"/>
		<feat xlink:href="#sSpan3158" value="time"/>
		<feat xlink:href="#sSpan3177" value="object"/>
		<feat xlink:href="#sSpan3200" value="abstract"/>
		<feat xlink:href="#sSpan3216" value="place"/>
		<feat xlink:href="#sSpan3228" value="place"/>
		<feat xlink:href="#sSpan3253" value="abstract"/>
		<feat xlink:href="#sSpan3270" value="object"/>
		<feat xlink:href="#sSpan3280" value="person"/>
		<feat xlink:href="#sSpan3325" value="substance"/>
		<feat xlink:href="#sSpan3370" value="place"/>
		<feat xlink:href="#sSpan3388" value="abstract"/>
		<feat xlink:href="#sSpan3442" value="place"/>
		<feat xlink:href="#sSpan3488" value="abstract"/>
		<feat xlink:href="#sSpan3510" value="abstract"/>
		<feat xlink:href="#sSpan3520" value="abstract"/>
		<feat xlink:href="#sSpan3539" value="person"/>
		<feat xlink:href="#sSpan3580" value="object"/>
		<feat xlink:href="#sSpan3598" value="abstract"/>
		<feat xlink:href="#sSpan3607" value="abstract"/>
		<feat xlink:href="#sSpan3659" value="place"/>
		<feat xlink:href="#sSpan3673" value="person"/>
		<feat xlink:href="#sSpan3692" value="abstract"/>
		<feat xlink:href="#sSpan3701" value="abstract"/>
		<feat xlink:href="#sSpan3726" value="abstract"/>
		<feat xlink:href="#sSpan3758" value="abstract"/>
		<feat xlink:href="#sSpan3774" value="object"/>
		<feat xlink:href="#sSpan3785" value="object"/>
		<feat xlink:href="#sSpan3822" value="abstract"/>
		<feat xlink:href="#sSpan3904" value="person"/>
		<feat xlink:href="#sSpan3927" value="time"/>
		<feat xlink:href="#sSpan3954" value="person"/>
		<feat xlink:href="#sSpan3967" value="person"/>
		<feat xlink:href="#sSpan3985" value="abstract"/>
		<feat xlink:href="#sSpan4032" value="object"/>
		<feat xlink:href="#sSpan4042" value="person"/>
		<feat xlink:href="#sSpan4070" value="abstract"/>
		<feat xlink:href="#sSpan4083" value="abstract"/>
		<feat xlink:href="#sSpan4102" value="abstract"/>
		<feat xlink:href="#sSpan4150" value="person"/>
		<feat xlink:href="#sSpan4213" value="abstract"/>
		<feat xlink:href="#sSpan4224" value="abstract"/>
		<feat xlink:href="#sSpan4234" value="abstract"/>
		<feat xlink:href="#sSpan4255" value="object"/>
		<feat xlink:href="#sSpan4314" value="abstract"/>
		<feat xlink:href="#sSpan4372" value="person"/>
		<feat xlink:href="#sSpan4383" value="abstract"/>
		<feat xlink:href="#sSpan4398" value="abstract"/>
		<feat xlink:href="#sSpan4436" value="person"/>
		<feat xlink:href="#sSpan4460" value="person"/>
		<feat xlink:href="#sSpan4488" value="time"/>
		<feat xlink:href="#sSpan4513" value="place"/>
		<feat xlink:href="#sSpan4559" value="abstract"/>
		<feat xlink:href="#sSpan4590" value="abstract"/>
		<feat xlink:href="#sSpan4601" value="place"/>
		<feat xlink:href="#sSpan4613" value="person"/>
		<feat xlink:href="#sSpan4638" value="abstract"/></featList></paula>