<?xml version='1.0' encoding='UTF-8'?><!DOCTYPE paula SYSTEM "paula_feat.dtd">
<paula version="1.1">
	<header paula_id="scriptorium.1Cor_01.mark_orig_group"/>
	<featList xmlns:xlink="http://www.w3.org/1999/xlink" type="orig_group" xml:base="scriptorium.1Cor_01.mark.xml">
		<feat xlink:href="#sSpan5" value="ⲡⲁⲩⲗⲟⲥ"/>
		<feat xlink:href="#sSpan18" value="ⲡⲁⲡⲟⲥⲧⲟⲗⲟⲥ"/>
		<feat xlink:href="#sSpan25" value="ⲉⲧⲧⲁϩⲙ"/>
		<feat xlink:href="#sSpan31" value="ⲙⲡⲉⲭⲣⲓⲥⲧⲟⲥ"/>
		<feat xlink:href="#sSpan42" value="ⲓⲏⲥⲟⲩⲥ"/>
		<feat xlink:href="#sSpan46" value="ϩⲓⲧⲙⲡⲟⲩⲱϣ"/>
		<feat xlink:href="#sSpan55" value="ⲙⲡⲛⲟⲩⲧⲉ"/>
		<feat xlink:href="#sSpan64" value="ⲙⲛⲥⲱⲥⲑⲉⲛⲏⲥ"/>
		<feat xlink:href="#sSpan72" value="ⲡⲥⲟⲛ"/>
		<feat xlink:href="#sSpan78" value="ⲉⲩⲥϩⲁⲓ"/>
		<feat xlink:href="#sSpan92" value="ⲛⲧⲉⲕⲕⲗⲏⲥⲓⲁ"/>
		<feat xlink:href="#sSpan102" value="ⲙⲡⲛⲟⲩⲧⲉ"/>
		<feat xlink:href="#sSpan111" value="ⲧⲁⲓ"/>
		<feat xlink:href="#sSpan115" value="ⲉⲧϣⲟⲟⲡ"/>
		<feat xlink:href="#sSpan121" value="ϩⲛⲕⲟⲣⲓⲛⲑⲟⲥ"/>
		<feat xlink:href="#sSpan129" value="."/>
		<feat xlink:href="#sSpan133" value="ⲛⲉⲧⲧⲃⲃⲏⲩ"/>
		<feat xlink:href="#sSpan142" value="ϩⲙⲡⲉⲭⲣⲓⲥⲧⲟⲥ"/>
		<feat xlink:href="#sSpan153" value="ⲓⲏⲥⲟⲩⲥ"/>
		<feat xlink:href="#sSpan157" value="ⲛⲉⲧⲧⲁϩⲙ"/>
		<feat xlink:href="#sSpan165" value="ⲉⲧⲟⲩⲁⲁⲃ"/>
		<feat xlink:href="#sSpan171" value="."/>
		<feat xlink:href="#sSpan176" value="ⲙⲛⲟⲩⲟⲛ"/>
		<feat xlink:href="#sSpan183" value="ⲛⲓⲙ"/>
		<feat xlink:href="#sSpan187" value="ⲉⲧⲉⲡⲓⲕⲁⲗⲉⲓ"/>
		<feat xlink:href="#sSpan194" value="ⲙⲡⲣⲁⲛ"/>
		<feat xlink:href="#sSpan203" value="ⲙⲡⲉⲛϫⲟⲉⲓⲥ"/>
		<feat xlink:href="#sSpan213" value="ⲓⲏⲥⲟⲩⲥ"/>
		<feat xlink:href="#sSpan217" value="ⲡⲉⲭⲣⲓⲥⲧⲟⲥ"/>
		<feat xlink:href="#sSpan224" value="ϩⲙⲙⲁ"/>
		<feat xlink:href="#sSpan231" value="ⲛⲓⲙ"/>
		<feat xlink:href="#sSpan235" value="ⲛⲧⲁⲩ"/>
		<feat xlink:href="#sSpan241" value="ⲛⲙⲙⲁⲛ"/>
		<feat xlink:href="#sSpan247" value="."/>
		<feat xlink:href="#sSpan251" value="ⲧⲉⲭⲁⲣⲓⲥ"/>
		<feat xlink:href="#sSpan264" value="ⲛⲏⲧⲛ"/>
		<feat xlink:href="#sSpan270" value="ⲙⲛⲧⲓⲣⲏⲛⲏ"/>
		<feat xlink:href="#sSpan280" value="ⲉⲃⲟⲗ"/>
		<feat xlink:href="#sSpan284" value="ϩⲓⲧⲙⲡⲛⲟⲩⲧⲉ"/>
		<feat xlink:href="#sSpan293" value="ⲡⲉⲛⲉⲓⲱⲧ"/>
		<feat xlink:href="#sSpan299" value="ⲙⲛⲡⲉⲛϫⲟⲉⲓⲥ"/>
		<feat xlink:href="#sSpan309" value="ⲓⲏⲥⲟⲩⲥ"/>
		<feat xlink:href="#sSpan313" value="ⲡⲉⲭⲣⲓⲥⲧⲟⲥ"/>
		<feat xlink:href="#sSpan320" value="."/>
		<feat xlink:href="#sSpan324" value="ϯϣⲡϩⲙⲟⲧ"/>
		<feat xlink:href="#sSpan338" value="ⲛⲧⲙⲡⲁⲛⲟⲩⲧⲉ"/>
		<feat xlink:href="#sSpan347" value="ⲛⲟⲩⲟⲉⲓϣ"/>
		<feat xlink:href="#sSpan354" value="ⲛⲓⲙ"/>
		<feat xlink:href="#sSpan358" value="ϩⲁⲣⲱⲧⲛ"/>
		<feat xlink:href="#sSpan364" value="ⲉϩⲣⲁⲓ"/>
		<feat xlink:href="#sSpan368" value="ⲉϫⲛⲧⲉⲭⲁⲣⲓⲥ"/>
		<feat xlink:href="#sSpan378" value="ⲙⲡⲛⲟⲩⲧⲉ"/>
		<feat xlink:href="#sSpan387" value="ⲧⲁⲓ"/>
		<feat xlink:href="#sSpan391" value="ⲉⲛⲧⲁⲩⲧⲁⲁⲥ"/>
		<feat xlink:href="#sSpan403" value="ⲛⲏⲧⲛ"/>
		<feat xlink:href="#sSpan409" value="ϩⲙⲡⲉⲭⲣⲓⲥⲧⲟⲥ"/>
		<feat xlink:href="#sSpan420" value="ⲓⲏⲥⲟⲩⲥ"/>
		<feat xlink:href="#sSpan424" value="."/>
		<feat xlink:href="#sSpan428" value="ϫⲉϩⲛϩⲱⲃ"/>
		<feat xlink:href="#sSpan443" value="ⲛⲓⲙ"/>
		<feat xlink:href="#sSpan447" value="ⲁⲧⲉⲧⲛⲣⲣⲙⲙⲁⲟ"/>
		<feat xlink:href="#sSpan458" value="ⲛϩⲏⲧϥ"/>
		<feat xlink:href="#sSpan464" value="."/>
		<feat xlink:href="#sSpan468" value="ϩⲛϣⲁϫⲉ"/>
		<feat xlink:href="#sSpan475" value="ⲛⲓⲙ"/>
		<feat xlink:href="#sSpan479" value="ⲙⲛⲥⲟⲟⲩⲛ"/>
		<feat xlink:href="#sSpan486" value="ⲛⲓⲙ"/>
		<feat xlink:href="#sSpan491" value="ⲕⲁⲧⲁⲧϩⲉ"/>
		<feat xlink:href="#sSpan504" value="ⲉⲛⲧⲁⲧⲙⲛⲧⲙⲛⲧⲣⲉ"/>
		<feat xlink:href="#sSpan517" value="ⲙⲡⲛⲟⲩⲧⲉ"/>
		<feat xlink:href="#sSpan526" value="ⲧⲁϫⲣⲟ"/>
		<feat xlink:href="#sSpan530" value="ⲛϩⲏⲧⲧⲏⲩⲧⲛ"/>
		<feat xlink:href="#sSpan536" value="."/>
		<feat xlink:href="#sSpan541" value="ϩⲱⲥⲧⲉ"/>
		<feat xlink:href="#sSpan550" value="ⲉⲧⲙⲧⲣⲉⲧⲛϣⲱⲱⲧ"/>
		<feat xlink:href="#sSpan562" value="ⲛⲗⲁⲁⲩ"/>
		<feat xlink:href="#sSpan569" value="ⲛϩⲙⲟⲧ"/>
		<feat xlink:href="#sSpan575" value="ⲉⲧⲉⲧⲛϭⲱϣⲧ"/>
		<feat xlink:href="#sSpan583" value="ϩⲏⲧϥ"/>
		<feat xlink:href="#sSpan589" value="ⲙⲡϭⲱⲗⲡ"/>
		<feat xlink:href="#sSpan599" value="ⲉⲃⲟⲗ"/>
		<feat xlink:href="#sSpan603" value="ⲙⲡⲉⲛϫⲟⲉⲓⲥ"/>
		<feat xlink:href="#sSpan613" value="ⲓⲏⲥⲟⲩⲥ"/>
		<feat xlink:href="#sSpan617" value="ⲡⲉⲭⲣⲓⲥⲧⲟⲥ"/>
		<feat xlink:href="#sSpan624" value="ⲡⲁⲓ"/>
		<feat xlink:href="#sSpan634" value="ⲉⲧⲛⲁⲧⲁϫⲣⲉⲧⲏⲩⲧⲛ"/>
		<feat xlink:href="#sSpan644" value="ⲉⲧⲉⲧⲛϫⲏⲕ"/>
		<feat xlink:href="#sSpan652" value="ⲉⲃⲟⲗ"/>
		<feat xlink:href="#sSpan656" value="ⲉⲙⲛⲛⲟⲃⲉ"/>
		<feat xlink:href="#sSpan665" value="ϫⲓ"/>
		<feat xlink:href="#sSpan669" value="ⲉϩⲟⲩⲛ"/>
		<feat xlink:href="#sSpan673" value="ⲉⲣⲱⲧⲛ"/>
		<feat xlink:href="#sSpan679" value="ϣⲁⲡⲉϩⲟⲟⲩ"/>
		<feat xlink:href="#sSpan688" value="ⲙⲡⲉⲛϫⲟⲉⲓⲥ"/>
		<feat xlink:href="#sSpan698" value="ⲓⲏⲥⲟⲩⲥ"/>
		<feat xlink:href="#sSpan702" value="ⲡⲉⲭⲣⲓⲥⲧⲟⲥ"/>
		<feat xlink:href="#sSpan709" value="."/>
		<feat xlink:href="#sSpan714" value="ⲟⲩⲡⲓⲥⲧⲟⲥ"/>
		<feat xlink:href="#sSpan726" value="ⲡⲉ"/>
		<feat xlink:href="#sSpan730" value="ⲡⲛⲟⲩⲧⲉ"/>
		<feat xlink:href="#sSpan737" value="ⲡⲁⲓ"/>
		<feat xlink:href="#sSpan741" value="ⲉⲛⲧⲁϥⲧⲉϩⲙⲧⲏⲩⲧⲛ"/>
		<feat xlink:href="#sSpan753" value="ⲉⲃⲟⲗ"/>
		<feat xlink:href="#sSpan758" value="ϩⲓⲧⲟⲟⲧϥ"/>
		<feat xlink:href="#sSpan764" value="ⲉⲧⲕⲟⲓⲛⲱⲛⲓⲁ"/>
		<feat xlink:href="#sSpan774" value="ⲙⲡⲉϥϣⲏⲣⲉ"/>
		<feat xlink:href="#sSpan784" value="ⲓⲏⲥⲟⲩⲥ"/>
		<feat xlink:href="#sSpan788" value="ⲡⲉⲭⲣⲓⲥⲧⲟⲥ"/>
		<feat xlink:href="#sSpan795" value="ⲡⲉⲛϫⲟⲉⲓⲥ"/>
		<feat xlink:href="#sSpan801" value="."/>
		<feat xlink:href="#sSpan805" value="ⲧⲛⲡⲁⲣⲁⲕⲁⲗⲉⲓ"/>
		<feat xlink:href="#sSpan818" value="ⲇⲉ"/>
		<feat xlink:href="#sSpan822" value="ⲙⲙⲱⲧⲛ"/>
		<feat xlink:href="#sSpan829" value="ⲛⲉⲥⲛⲏⲩ"/>
		<feat xlink:href="#sSpan835" value="ϩⲓⲧⲙⲡⲣⲁⲛ"/>
		<feat xlink:href="#sSpan844" value="ⲙⲡⲉⲛϫⲟⲉⲓⲥ"/>
		<feat xlink:href="#sSpan854" value="ⲓⲏⲥⲟⲩⲥ"/>
		<feat xlink:href="#sSpan858" value="ⲡⲉⲭⲣⲓⲥⲧⲟⲥ"/>
		<feat xlink:href="#sSpan865" value="ϫⲉⲕⲁⲁⲥ"/>
		<feat xlink:href="#sSpan869" value="ⲉⲧⲉⲧⲛⲉϫⲱ"/>
		<feat xlink:href="#sSpan875" value="ⲙⲡⲓϣⲁϫⲉ"/>
		<feat xlink:href="#sSpan884" value="ⲛⲟⲩⲱⲧ"/>
		<feat xlink:href="#sSpan890" value="ⲧⲏⲣⲧⲛ"/>
		<feat xlink:href="#sSpan896" value="."/>
		<feat xlink:href="#sSpan900" value="ⲛⲧⲉⲧⲙⲡⲱⲣϫ"/>
		<feat xlink:href="#sSpan909" value="ϣⲱⲡⲉ"/>
		<feat xlink:href="#sSpan913" value="ⲛϩⲏⲧⲧⲏⲩⲧⲛ"/>
		<feat xlink:href="#sSpan919" value="."/>
		<feat xlink:href="#sSpan923" value="ⲛⲧⲉⲧⲛϣⲱⲡⲉ"/>
		<feat xlink:href="#sSpan932" value="ⲇⲉ"/>
		<feat xlink:href="#sSpan936" value="ⲉⲧⲉⲧⲛⲥⲃⲧⲱⲧ"/>
		<feat xlink:href="#sSpan944" value="ϩⲙⲡⲓϩⲏⲧ"/>
		<feat xlink:href="#sSpan953" value="ⲛⲟⲩⲱⲧ"/>
		<feat xlink:href="#sSpan959" value="ⲙⲛϯⲅⲛⲱⲙⲏ"/>
		<feat xlink:href="#sSpan969" value="ⲛⲟⲩⲱⲧ"/>
		<feat xlink:href="#sSpan975" value="."/>
		<feat xlink:href="#sSpan979" value="ⲁⲩⲧⲁⲙⲟⲓ"/>
		<feat xlink:href="#sSpan995" value="ⲅⲁⲣ"/>
		<feat xlink:href="#sSpan999" value="ⲉⲧⲃⲉⲧⲏⲩⲧⲛ"/>
		<feat xlink:href="#sSpan1006" value="ⲛⲁⲥⲛⲏⲩ"/>
		<feat xlink:href="#sSpan1012" value="ⲉⲃⲟⲗ"/>
		<feat xlink:href="#sSpan1017" value="ϩⲓⲧⲟⲟⲩⲧⲟⲩ"/>
		<feat xlink:href="#sSpan1023" value="ⲛⲛⲁⲭⲗⲟⲏ"/>
		<feat xlink:href="#sSpan1034" value="ϫⲉⲟⲩⲛϩⲉⲛϯⲧⲱⲛ"/>
		<feat xlink:href="#sSpan1048" value="ⲛϩⲏⲧⲧⲏⲩⲧⲛ"/>
		<feat xlink:href="#sSpan1054" value="."/>
		<feat xlink:href="#sSpan1058" value="ϯϫⲱ"/>
		<feat xlink:href="#sSpan1070" value="ⲇⲉ"/>
		<feat xlink:href="#sSpan1074" value="ⲙⲡⲁⲓ"/>
		<feat xlink:href="#sSpan1081" value="ϫⲉⲡⲟⲩⲁ"/>
		<feat xlink:href="#sSpan1090" value="ⲡⲟⲩⲁ"/>
		<feat xlink:href="#sSpan1096" value="ⲙⲙⲱⲧⲛ"/>
		<feat xlink:href="#sSpan1102" value="ϫⲱ"/>
		<feat xlink:href="#sSpan1106" value="ⲙⲙⲟⲥ"/>
		<feat xlink:href="#sSpan1112" value="ϫⲉⲁⲛⲟⲕ"/>
		<feat xlink:href="#sSpan1119" value="ⲙⲉⲛ"/>
		<feat xlink:href="#sSpan1123" value="ⲁⲛⲅⲡⲁⲡⲁⲩⲗⲟⲥ"/>
		<feat xlink:href="#sSpan1134" value="ⲁⲛⲟⲕ"/>
		<feat xlink:href="#sSpan1139" value="ⲇⲉ"/>
		<feat xlink:href="#sSpan1143" value="ⲁⲛⲅⲡⲁⲁⲡⲟⲗⲗⲱ"/>
		<feat xlink:href="#sSpan1154" value="ⲁⲛⲟⲕ"/>
		<feat xlink:href="#sSpan1159" value="ⲇⲉ"/>
		<feat xlink:href="#sSpan1163" value="ⲁⲛⲅⲡⲁⲕⲏⲫⲁ"/>
		<feat xlink:href="#sSpan1174" value="ⲁⲛⲟⲕ"/>
		<feat xlink:href="#sSpan1179" value="ⲇⲉ"/>
		<feat xlink:href="#sSpan1183" value="ⲁⲛⲅⲡⲁⲡⲉⲭⲣⲓⲥⲧⲟⲥ"/>
		<feat xlink:href="#sSpan1196" value="."/>
		<feat xlink:href="#sSpan1200" value="ⲙⲏ"/>
		<feat xlink:href="#sSpan1209" value="ⲛⲧⲁⲩⲡⲱϣ"/>
		<feat xlink:href="#sSpan1219" value="ⲙⲡⲉⲭⲣⲓⲥⲧⲟⲥ"/>
		<feat xlink:href="#sSpan1229" value="."/>
		<feat xlink:href="#sSpan1233" value="ⲙⲏ"/>
		<feat xlink:href="#sSpan1237" value="ⲛⲧⲁⲩⲥⲧⲁⲩⲣⲟⲩ"/>
		<feat xlink:href="#sSpan1248" value="ⲙⲡⲁⲩⲗⲟⲥ"/>
		<feat xlink:href="#sSpan1256" value="ϩⲁⲣⲱⲧⲛ"/>
		<feat xlink:href="#sSpan1262" value="."/>
		<feat xlink:href="#sSpan1267" value="ⲏ"/>
		<feat xlink:href="#sSpan1271" value="ⲛⲧⲁⲧⲉⲧⲛϫⲓⲃⲁⲡⲧⲓⲥⲙⲁ"/>
		<feat xlink:href="#sSpan1284" value="ⲉⲡⲣⲁⲛ"/>
		<feat xlink:href="#sSpan1293" value="ⲙⲡⲁⲩⲗⲟⲥ"/>
		<feat xlink:href="#sSpan1301" value="."/>
		<feat xlink:href="#sSpan1305" value="ϯϣⲡϩⲙⲟⲧ"/>
		<feat xlink:href="#sSpan1319" value="ϫⲉⲙⲡⲓⲃⲁⲡⲧⲓⲍⲉ"/>
		<feat xlink:href="#sSpan1330" value="ⲛⲗⲁⲁⲩ"/>
		<feat xlink:href="#sSpan1337" value="ⲙⲙⲱⲧⲛ"/>
		<feat xlink:href="#sSpan1343" value="ⲛⲥⲁⲕⲣⲓⲥⲡⲟⲥ"/>
		<feat xlink:href="#sSpan1351" value="ⲙⲛⲅⲁⲓⲟⲥ"/>
		<feat xlink:href="#sSpan1359" value="."/>
		<feat xlink:href="#sSpan1363" value="ϫⲉⲕⲁⲁⲥ"/>
		<feat xlink:href="#sSpan1373" value="ⲉⲛⲛⲉⲟⲩⲁ"/>
		<feat xlink:href="#sSpan1380" value="ϫⲟⲟⲥ"/>
		<feat xlink:href="#sSpan1386" value="ϫⲉⲛⲧⲁⲧⲉⲧⲛⲃⲁⲡⲧⲓⲍⲉ"/>
		<feat xlink:href="#sSpan1399" value="ⲉⲡⲁⲣⲁⲛ"/>
		<feat xlink:href="#sSpan1408" value="."/>
		<feat xlink:href="#sSpan1412" value="ⲁⲓⲃⲁⲡⲧⲓⲍⲉ"/>
		<feat xlink:href="#sSpan1427" value="ⲇⲉ"/>
		<feat xlink:href="#sSpan1431" value="ⲙⲡⲕⲉⲏⲉⲓ"/>
		<feat xlink:href="#sSpan1442" value="ⲛⲥⲧⲉⲫⲁⲛⲁ"/>
		<feat xlink:href="#sSpan1450" value="ⲙⲛⲛⲥⲱⲥ"/>
		<feat xlink:href="#sSpan1456" value="ϭⲉ"/>
		<feat xlink:href="#sSpan1460" value="ⲛϯⲥⲟⲟⲩⲛ"/>
		<feat xlink:href="#sSpan1468" value="ⲁⲛ"/>
		<feat xlink:href="#sSpan1472" value="ϫⲉ"/>
		<feat xlink:href="#sSpan1476" value="ⲁⲓⲃⲁⲡⲧⲓⲍⲉ"/>
		<feat xlink:href="#sSpan1485" value="ⲛϭⲉ"/>
		<feat xlink:href="#sSpan1491" value="."/>
		<feat xlink:href="#sSpan1495" value="ⲛⲧⲁⲡⲉⲭⲣⲓⲥⲧⲟⲥ"/>
		<feat xlink:href="#sSpan1513" value="ⲅⲁⲣ"/>
		<feat xlink:href="#sSpan1517" value="ⲧⲛⲛⲟⲟⲩⲧ"/>
		<feat xlink:href="#sSpan1523" value="ⲁⲛ"/>
		<feat xlink:href="#sSpan1527" value="ⲉⲃⲁⲡⲧⲓⲍⲉ"/>
		<feat xlink:href="#sSpan1535" value="ⲁⲗⲗⲁ"/>
		<feat xlink:href="#sSpan1539" value="ⲉⲉⲩⲁⲅⲅⲉⲗⲓⲍⲉ"/>
		<feat xlink:href="#sSpan1546" value="ϩⲛⲟⲩⲥⲟⲫⲓⲁ"/>
		<feat xlink:href="#sSpan1556" value="ⲁⲛ"/>
		<feat xlink:href="#sSpan1560" value="ⲛϣⲁϫⲉ"/>
		<feat xlink:href="#sSpan1566" value="ϫⲉⲕⲁⲁⲥ"/>
		<feat xlink:href="#sSpan1570" value="ⲉⲛⲛⲉϥϣⲱⲡⲉ"/>
		<feat xlink:href="#sSpan1578" value="ⲉϥϣⲟⲩⲉⲓⲧ"/>
		<feat xlink:href="#sSpan1586" value="ⲛϭⲓⲡⲉⲥⲧⲁⲩⲣⲟⲥ"/>
		<feat xlink:href="#sSpan1596" value="ⲙⲡⲉⲭⲣⲓⲥⲧⲟⲥ"/>
		<feat xlink:href="#sSpan1606" value="."/>
		<feat xlink:href="#sSpan1610" value="ⲡϣⲁϫⲉ"/>
		<feat xlink:href="#sSpan1623" value="ⲅⲁⲣ"/>
		<feat xlink:href="#sSpan1627" value="ⲙⲡⲉⲥⲧⲁⲩⲣⲟⲥ"/>
		<feat xlink:href="#sSpan1638" value="ⲟⲩⲙⲛⲧⲥⲟϭ"/>
		<feat xlink:href="#sSpan1647" value="ⲙⲉⲛ"/>
		<feat xlink:href="#sSpan1651" value="ⲡⲉ"/>
		<feat xlink:href="#sSpan1655" value="ⲛⲛⲉⲧⲛⲁϩⲉ"/>
		<feat xlink:href="#sSpan1669" value="ⲉⲃⲟⲗ"/>
		<feat xlink:href="#sSpan1673" value="."/>
		<feat xlink:href="#sSpan1677" value="ⲛⲁⲛ"/>
		<feat xlink:href="#sSpan1684" value="ⲇⲉ"/>
		<feat xlink:href="#sSpan1689" value="ⲛⲉⲧⲛⲁⲟⲩϫⲁⲓ"/>
		<feat xlink:href="#sSpan1699" value="."/>
		<feat xlink:href="#sSpan1703" value="ⲟⲩϭⲟⲙ"/>
		<feat xlink:href="#sSpan1710" value="ⲛⲧⲉⲡⲛⲟⲩⲧⲉ"/>
		<feat xlink:href="#sSpan1719" value="ⲡⲉ"/>
		<feat xlink:href="#sSpan1723" value="."/>
		<feat xlink:href="#sSpan1727" value="ϥⲥⲏϩ"/>
		<feat xlink:href="#sSpan1739" value="ⲅⲁⲣ"/>
		<feat xlink:href="#sSpan1743" value="ϫⲉϯⲛⲁⲧⲁⲕⲟ"/>
		<feat xlink:href="#sSpan1753" value="ⲛⲧⲥⲟⲫⲓⲁ"/>
		<feat xlink:href="#sSpan1763" value="ⲛⲛⲥⲟⲫⲟⲥ"/>
		<feat xlink:href="#sSpan1773" value="."/>
		<feat xlink:href="#sSpan1777" value="ⲧⲁⲁⲑⲉⲧⲉⲓ"/>
		<feat xlink:href="#sSpan1784" value="ⲛⲧⲙⲛⲧⲥⲁⲃⲉ"/>
		<feat xlink:href="#sSpan1795" value="ⲛⲛⲥⲁⲃⲉⲉⲩ"/>
		<feat xlink:href="#sSpan1804" value="."/>
		<feat xlink:href="#sSpan1808" value="ⲉϥⲧⲱⲛ"/>
		<feat xlink:href="#sSpan1824" value="ⲥⲟⲫⲟⲥ"/>
		<feat xlink:href="#sSpan1828" value="ⲉϥⲧⲱⲛ"/>
		<feat xlink:href="#sSpan1838" value="ⲅⲣⲁⲙⲙⲁⲧⲉⲩⲥ"/>
		<feat xlink:href="#sSpan1842" value="ⲉϥⲧⲱⲛ"/>
		<feat xlink:href="#sSpan1851" value="ⲥⲩⲛⲍⲏⲧⲏⲧⲏⲥ"/>
		<feat xlink:href="#sSpan1856" value="ⲛⲧⲉⲡⲉⲓⲁⲓⲱⲛ"/>
		<feat xlink:href="#sSpan1866" value="ⲙⲏ"/>
		<feat xlink:href="#sSpan1870" value="ⲙⲡⲉⲡⲛⲟⲩⲧⲉ"/>
		<feat xlink:href="#sSpan1879" value="ⲉⲓⲣⲉ"/>
		<feat xlink:href="#sSpan1884" value="ⲛⲧⲥⲟⲫⲓⲁ"/>
		<feat xlink:href="#sSpan1894" value="ⲙⲡⲕⲟⲥⲙⲟⲥ"/>
		<feat xlink:href="#sSpan1904" value="ⲛⲥⲟϭ"/>
		<feat xlink:href="#sSpan1911" value="."/>
		<feat xlink:href="#sSpan1916" value="ⲉⲡⲉⲓⲇⲏ"/>
		<feat xlink:href="#sSpan1926" value="ⲅⲁⲣ"/>
		<feat xlink:href="#sSpan1930" value="ϩⲛⲧⲥⲟⲫⲓⲁ"/>
		<feat xlink:href="#sSpan1940" value="ⲙⲡⲛⲟⲩⲧⲉ"/>
		<feat xlink:href="#sSpan1949" value="ⲙⲡⲉⲡⲕⲟⲥⲙⲟⲥ"/>
		<feat xlink:href="#sSpan1959" value="ⲥⲟⲩⲛ"/>
		<feat xlink:href="#sSpan1964" value="ⲡⲛⲟⲩⲧⲉ"/>
		<feat xlink:href="#sSpan1970" value="ϩⲓⲧⲛⲧⲥⲟⲫⲓⲁ"/>
		<feat xlink:href="#sSpan1980" value="."/>
		<feat xlink:href="#sSpan1984" value="ⲁϥⲣϩⲛⲁϥ"/>
		<feat xlink:href="#sSpan1997" value="ⲇⲉ"/>
		<feat xlink:href="#sSpan2001" value="ⲛϭⲓⲡⲛⲟⲩⲧⲉ"/>
		<feat xlink:href="#sSpan2010" value="ⲉⲧⲟⲩϫⲉⲛⲉⲧⲡⲓⲥⲧⲉⲩⲉ"/>
		<feat xlink:href="#sSpan2024" value="ϩⲓⲧⲛⲧⲙⲛⲧⲥⲟϭ"/>
		<feat xlink:href="#sSpan2035" value="ⲙⲡⲧⲁϣⲉⲟⲉⲓϣ"/>
		<feat xlink:href="#sSpan2046" value="."/>
		<feat xlink:href="#sSpan2051" value="ⲉⲡⲉⲓⲇⲏ"/>
		<feat xlink:href="#sSpan2062" value="ⲛⲓⲟⲩⲇⲁⲓ"/>
		<feat xlink:href="#sSpan2070" value="ϩⲉⲛⲙⲁⲉⲓⲛ"/>
		<feat xlink:href="#sSpan2076" value="ⲛⲉⲧⲟⲩⲁⲓⲧⲓ"/>
		<feat xlink:href="#sSpan2087" value="ⲙⲙⲟⲟⲩ"/>
		<feat xlink:href="#sSpan2093" value="."/>
		<feat xlink:href="#sSpan2098" value="ⲛϩⲉⲗⲗⲏⲛ"/>
		<feat xlink:href="#sSpan2106" value="ⲇⲉ"/>
		<feat xlink:href="#sSpan2110" value="ⲉⲩϣⲓⲛⲉ"/>
		<feat xlink:href="#sSpan2119" value="ⲛⲥⲁⲟⲩⲥⲟⲫⲓⲁ"/>
		<feat xlink:href="#sSpan2129" value="."/>
		<feat xlink:href="#sSpan2133" value="ⲁⲛⲟⲛ"/>
		<feat xlink:href="#sSpan2144" value="ⲇⲉ"/>
		<feat xlink:href="#sSpan2148" value="ⲉⲛⲧⲁϣⲉⲟⲓϣ"/>
		<feat xlink:href="#sSpan2158" value="ⲙⲡⲉⲭⲣⲓⲥⲧⲟⲥ"/>
		<feat xlink:href="#sSpan2169" value="ⲉⲁⲩⲥⲧⲁⲩⲣⲟⲩ"/>
		<feat xlink:href="#sSpan2180" value="ⲙⲙⲟϥ"/>
		<feat xlink:href="#sSpan2186" value="."/>
		<feat xlink:href="#sSpan2191" value="ⲛⲓⲟⲩⲇⲁⲓ"/>
		<feat xlink:href="#sSpan2199" value="ⲙⲉⲛ"/>
		<feat xlink:href="#sSpan2203" value="ⲟⲩⲥⲕⲁⲛⲇⲁⲗⲟⲛ"/>
		<feat xlink:href="#sSpan2211" value="ⲛⲁⲩ"/>
		<feat xlink:href="#sSpan2217" value="ⲡⲉ"/>
		<feat xlink:href="#sSpan2221" value="."/>
		<feat xlink:href="#sSpan2226" value="ⲟⲩⲙⲛⲧⲥⲟϭ"/>
		<feat xlink:href="#sSpan2235" value="ⲇⲉ"/>
		<feat xlink:href="#sSpan2239" value="ⲡⲉ"/>
		<feat xlink:href="#sSpan2243" value="ⲛⲛϩⲉⲑⲛⲟⲥ"/>
		<feat xlink:href="#sSpan2253" value="."/>
		<feat xlink:href="#sSpan2257" value="ⲛⲓⲟⲩⲇⲁⲓ"/>
		<feat xlink:href="#sSpan2271" value="ⲇⲉ"/>
		<feat xlink:href="#sSpan2275" value="ⲉⲧⲧⲁϩⲙ"/>
		<feat xlink:href="#sSpan2281" value="ⲙⲛⲛϩⲉⲗⲗⲏⲛ"/>
		<feat xlink:href="#sSpan2292" value="ⲡⲉⲭⲣⲓⲥⲧⲟⲥ"/>
		<feat xlink:href="#sSpan2299" value="ⲟⲩϭⲟⲙ"/>
		<feat xlink:href="#sSpan2306" value="ⲛⲁⲩ"/>
		<feat xlink:href="#sSpan2312" value="ⲛⲧⲉⲡⲛⲟⲩⲧⲉ"/>
		<feat xlink:href="#sSpan2321" value="ⲡⲉ"/>
		<feat xlink:href="#sSpan2325" value="."/>
		<feat xlink:href="#sSpan2329" value="ⲁⲩⲱ"/>
		<feat xlink:href="#sSpan2334" value="ⲥⲟⲫⲓⲁ"/>
		<feat xlink:href="#sSpan2339" value="ⲛⲧⲉⲡⲛⲟⲩⲧⲉ"/>
		<feat xlink:href="#sSpan2348" value="ⲡⲉ"/>
		<feat xlink:href="#sSpan2352" value="."/>
		<feat xlink:href="#sSpan2356" value="ϫⲉⲧⲙⲛⲧⲥⲟϭ"/>
		<feat xlink:href="#sSpan2373" value="ⲛⲧⲉⲡⲛⲟⲩⲧⲉ"/>
		<feat xlink:href="#sSpan2383" value="ⲟⲩⲙⲛⲧⲥⲁⲃⲉ"/>
		<feat xlink:href="#sSpan2391" value="ⲧⲉ"/>
		<feat xlink:href="#sSpan2395" value="ⲛϩⲟⲩⲟ"/>
		<feat xlink:href="#sSpan2399" value="ⲉⲛⲣⲱⲙⲉ"/>
		<feat xlink:href="#sSpan2408" value="."/>
		<feat xlink:href="#sSpan2412" value="ⲁⲩⲱ"/>
		<feat xlink:href="#sSpan2416" value="ⲧⲙⲛⲧϭⲱⲃ"/>
		<feat xlink:href="#sSpan2425" value="ⲛⲧⲉⲡⲛⲟⲩⲧⲉ"/>
		<feat xlink:href="#sSpan2434" value="ⲥϫⲟⲟⲣ"/>
		<feat xlink:href="#sSpan2440" value="ⲛϩⲟⲩⲟ"/>
		<feat xlink:href="#sSpan2444" value="ⲉⲛⲣⲱⲙⲉ"/>
		<feat xlink:href="#sSpan2453" value="."/>
		<feat xlink:href="#sSpan2457" value="ⲧⲉⲧⲛϭⲱϣⲧ"/>
		<feat xlink:href="#sSpan2469" value="ⲅⲁⲣ"/>
		<feat xlink:href="#sSpan2473" value="ⲉⲡⲉⲧⲛⲧⲱϩⲙ"/>
		<feat xlink:href="#sSpan2483" value="ⲛⲁⲥⲛⲏⲩ"/>
		<feat xlink:href="#sSpan2489" value="ϫⲉⲙⲛϩⲁϩ"/>
		<feat xlink:href="#sSpan2498" value="ⲛⲥⲟⲫⲟⲥ"/>
		<feat xlink:href="#sSpan2505" value="ⲛϩⲏⲧϥ"/>
		<feat xlink:href="#sSpan2512" value="ⲕⲁⲧⲁⲥⲁⲣⲝ"/>
		<feat xlink:href="#sSpan2520" value="."/>
		<feat xlink:href="#sSpan2524" value="ⲙⲛϩⲁϩ"/>
		<feat xlink:href="#sSpan2531" value="ⲛⲇⲩⲛⲁⲧⲟⲥ"/>
		<feat xlink:href="#sSpan2538" value="."/>
		<feat xlink:href="#sSpan2542" value="ⲙⲛϩⲁϩ"/>
		<feat xlink:href="#sSpan2549" value="ⲛⲉⲩⲅⲉⲛⲏⲥ"/>
		<feat xlink:href="#sSpan2556" value="."/>
		<feat xlink:href="#sSpan2561" value="ⲁⲗⲗⲁ"/>
		<feat xlink:href="#sSpan2571" value="ⲛⲥⲟϭ"/>
		<feat xlink:href="#sSpan2578" value="ⲛⲧⲉⲡⲕⲟⲥⲙⲟⲥ"/>
		<feat xlink:href="#sSpan2588" value="ⲛⲉⲛⲧⲁⲡⲛⲟⲩⲧⲉ"/>
		<feat xlink:href="#sSpan2601" value="ⲥⲟⲧⲡⲟⲩ"/>
		<feat xlink:href="#sSpan2607" value="ϫⲉⲕⲁⲁⲥ"/>
		<feat xlink:href="#sSpan2611" value="ⲉϥⲉϯϣⲓⲡⲉ"/>
		<feat xlink:href="#sSpan2619" value="ⲛⲛⲥⲁⲃⲉⲉⲩ"/>
		<feat xlink:href="#sSpan2628" value="."/>
		<feat xlink:href="#sSpan2632" value="ⲁⲩⲱ"/>
		<feat xlink:href="#sSpan2636" value="ⲛϭⲱⲃ"/>
		<feat xlink:href="#sSpan2643" value="ⲛⲧⲉⲡⲕⲟⲥⲙⲟⲥ"/>
		<feat xlink:href="#sSpan2653" value="ⲛⲉⲛⲧⲁⲡⲛⲟⲩⲧⲉ"/>
		<feat xlink:href="#sSpan2666" value="ⲥⲟⲧⲡⲟⲩ"/>
		<feat xlink:href="#sSpan2672" value="."/>
		<feat xlink:href="#sSpan2676" value="ϫⲉⲕⲁⲁⲥ"/>
		<feat xlink:href="#sSpan2680" value="ⲉϥⲉϯϣⲓⲡⲉ"/>
		<feat xlink:href="#sSpan2688" value="ⲛⲛϫⲱⲱⲣⲉ"/>
		<feat xlink:href="#sSpan2697" value="."/>
		<feat xlink:href="#sSpan2701" value="ⲁⲩⲱ"/>
		<feat xlink:href="#sSpan2711" value="ⲛϩⲏⲕⲉ"/>
		<feat xlink:href="#sSpan2718" value="ⲛⲧⲉⲡⲕⲟⲥⲙⲟⲥ"/>
		<feat xlink:href="#sSpan2728" value="ⲙⲛⲛⲉⲧⲥⲟϣϥ"/>
		<feat xlink:href="#sSpan2739" value="ⲛⲉⲛⲧⲁⲡⲛⲟⲩⲧⲉ"/>
		<feat xlink:href="#sSpan2752" value="ⲥⲟⲧⲡⲟⲩ"/>
		<feat xlink:href="#sSpan2758" value="."/>
		<feat xlink:href="#sSpan2762" value="ⲛⲉⲧⲉⲛⲥⲉϣⲟⲟⲡ"/>
		<feat xlink:href="#sSpan2775" value="ⲁⲛ"/>
		<feat xlink:href="#sSpan2779" value="."/>
		<feat xlink:href="#sSpan2783" value="ϫⲉⲕⲁⲁⲥ"/>
		<feat xlink:href="#sSpan2787" value="ⲉϥⲉⲕⲁⲧⲁⲣⲅⲉⲓ"/>
		<feat xlink:href="#sSpan2794" value="ⲛⲛⲉⲧϣⲟⲟⲡ"/>
		<feat xlink:href="#sSpan2805" value="."/>
		<feat xlink:href="#sSpan2809" value="ϫⲉⲛⲛⲉⲗⲁⲁⲩ"/>
		<feat xlink:href="#sSpan2823" value="ⲛⲥⲁⲣⲝ"/>
		<feat xlink:href="#sSpan2830" value="ϣⲟⲩϣⲟⲩ"/>
		<feat xlink:href="#sSpan2834" value="ⲙⲙⲟϥ"/>
		<feat xlink:href="#sSpan2840" value="ⲙⲡⲉⲙⲧⲟ"/>
		<feat xlink:href="#sSpan2849" value="ⲉⲃⲟⲗ"/>
		<feat xlink:href="#sSpan2853" value="ⲙⲡⲛⲟⲩⲧⲉ"/>
		<feat xlink:href="#sSpan2862" value="."/>
		<feat xlink:href="#sSpan2866" value="ⲛⲧⲱⲧⲛ"/>
		<feat xlink:href="#sSpan2877" value="ⲇⲉ"/>
		<feat xlink:href="#sSpan2881" value="ⲛⲧⲉⲧⲛ"/>
		<feat xlink:href="#sSpan2885" value="ϩⲉⲛⲉⲃⲟⲗ"/>
		<feat xlink:href="#sSpan2892" value="ⲛϩⲏⲧϥ"/>
		<feat xlink:href="#sSpan2898" value="ϩⲙⲡⲉⲭⲣⲓⲥⲧⲟⲥ"/>
		<feat xlink:href="#sSpan2909" value="ⲓⲏⲥⲟⲩⲥ"/>
		<feat xlink:href="#sSpan2913" value="ⲡⲁⲓ"/>
		<feat xlink:href="#sSpan2917" value="ⲉⲛⲧⲁϥϣⲱⲡⲉ"/>
		<feat xlink:href="#sSpan2927" value="ⲛⲁⲛ"/>
		<feat xlink:href="#sSpan2933" value="ⲛⲥⲟⲫⲓⲁ"/>
		<feat xlink:href="#sSpan2941" value="ⲉⲃⲟⲗ"/>
		<feat xlink:href="#sSpan2945" value="ϩⲓⲧⲙⲡⲛⲟⲩⲧⲉ"/>
		<feat xlink:href="#sSpan2955" value="ⲛⲇⲓⲕⲁⲓⲟⲥⲩⲛⲏ"/>
		<feat xlink:href="#sSpan2962" value="ⲁⲩⲱ"/>
		<feat xlink:href="#sSpan2967" value="ⲛⲧⲃⲃⲟ"/>
		<feat xlink:href="#sSpan2973" value="ⲁⲩⲱ"/>
		<feat xlink:href="#sSpan2978" value="ⲛⲥⲱⲧⲉ"/>
		<feat xlink:href="#sSpan2984" value="."/>
		<feat xlink:href="#sSpan2988" value="ϫⲉⲕⲁⲁⲥ"/>
		<feat xlink:href="#sSpan2998" value="ⲕⲁⲧⲁⲧϩⲉ"/>
		<feat xlink:href="#sSpan3006" value="ⲉⲧⲥⲏϩ"/>
		<feat xlink:href="#sSpan3012" value="ϫⲉⲡⲉⲧϣⲟⲩϣⲟⲩ"/>
		<feat xlink:href="#sSpan3023" value="ⲙⲙⲟϥ"/>
		<feat xlink:href="#sSpan3029" value="ⲙⲁⲣⲉϥϣⲟⲩϣⲟⲩ"/>
		<feat xlink:href="#sSpan3037" value="ⲙⲙⲟϥ"/>
		<feat xlink:href="#sSpan3043" value="ϩⲙⲡϫⲟⲉⲓⲥ"/>
		<feat xlink:href="#sSpan3052" value="."/></featList></paula>