<?xml version='1.0' encoding='UTF-8'?><!DOCTYPE paula SYSTEM "paula_feat.dtd">
<paula version="1.1">
	<header paula_id="scriptorium.1Cor_01.mark_sbl_greek"/>
	<featList xmlns:xlink="http://www.w3.org/1999/xlink" type="sbl_greek" xml:base="scriptorium.1Cor_01.mark.xml">
		<feat xlink:href="#sSpan9" value="Παῦλος κλητὸς ἀπόστολος ⸂Χριστοῦ Ἰησοῦ⸃ διὰ θελήματος θεοῦ καὶ Σωσθένης ὁ ἀδελφὸς "/>
		<feat xlink:href="#sSpan81" value="τῇ ἐκκλησίᾳ τοῦ θεοῦ, ⸂ἡγιασμένοις ἐν Χριστῷ Ἰησοῦ, τῇ οὔσῃ ἐν Κορίνθῳ,⸃ κλητοῖς ἁγίοις, σὺν πᾶσιν τοῖς ἐπικαλουμένοις τὸ ὄνομα τοῦ κυρίου ἡμῶν Ἰησοῦ Χριστοῦ ἐν παντὶ τόπῳ ⸀αὐτῶν καὶ ἡμῶν· "/>
		<feat xlink:href="#sSpan255" value="χάρις ὑμῖν καὶ εἰρήνη ἀπὸ θεοῦ πατρὸς ἡμῶν καὶ κυρίου Ἰησοῦ Χριστοῦ. "/>
		<feat xlink:href="#sSpan327" value="Εὐχαριστῶ τῷ θεῷ ⸀μου πάντοτε περὶ ὑμῶν ἐπὶ τῇ χάριτι τοῦ θεοῦ τῇ δοθείσῃ ὑμῖν ἐν Χριστῷ Ἰησοῦ, "/>
		<feat xlink:href="#sSpan431" value="ὅτι ἐν παντὶ ἐπλουτίσθητε ἐν αὐτῷ, ἐν παντὶ λόγῳ καὶ πάσῃ γνώσει, "/>
		<feat xlink:href="#sSpan494" value="καθὼς τὸ μαρτύριον τοῦ Χριστοῦ ἐβεβαιώθη ἐν ὑμῖν, "/>
		<feat xlink:href="#sSpan544" value="ὥστε ὑμᾶς μὴ ὑστερεῖσθαι ἐν μηδενὶ χαρίσματι, ἀπεκδεχομένους τὴν ἀποκάλυψιν τοῦ κυρίου ἡμῶν Ἰησοῦ Χριστοῦ· "/>
		<feat xlink:href="#sSpan628" value="ὃς καὶ βεβαιώσει ὑμᾶς ἕως τέλους ἀνεγκλήτους ἐν τῇ ἡμέρᾳ τοῦ κυρίου ἡμῶν Ἰησοῦ Χριστοῦ. "/>
		<feat xlink:href="#sSpan717" value="πιστὸς ὁ θεὸς δι’ οὗ ἐκλήθητε εἰς κοινωνίαν τοῦ υἱοῦ αὐτοῦ Ἰησοῦ Χριστοῦ τοῦ κυρίου ἡμῶν. "/>
		<feat xlink:href="#sSpan808" value="Παρακαλῶ δὲ ὑμᾶς, ἀδελφοί, διὰ τοῦ ὀνόματος τοῦ κυρίου ἡμῶν Ἰησοῦ Χριστοῦ ἵνα τὸ αὐτὸ λέγητε πάντες, καὶ μὴ ᾖ ἐν ὑμῖν σχίσματα, ἦτε δὲ κατηρτισμένοι ἐν τῷ αὐτῷ νοῒ καὶ ἐν τῇ αὐτῇ γνώμῃ. "/>
		<feat xlink:href="#sSpan982" value="ἐδηλώθη γάρ μοι περὶ ὑμῶν, ἀδελφοί μου, ὑπὸ τῶν Χλόης ὅτι ἔριδες ἐν ὑμῖν εἰσιν. "/>
		<feat xlink:href="#sSpan1061" value="λέγω δὲ τοῦτο ὅτι ἕκαστος ὑμῶν λέγει· Ἐγὼ μέν εἰμι Παύλου, Ἐγὼ δὲ Ἀπολλῶ, Ἐγὼ δὲ Κηφᾶ, Ἐγὼ δὲ Χριστοῦ. "/>
		<feat xlink:href="#sSpan1203" value="μεμέρισται ὁ Χριστός; μὴ Παῦλος ἐσταυρώθη ὑπὲρ ὑμῶν, ἢ εἰς τὸ ὄνομα Παύλου ἐβαπτίσθητε; "/>
		<feat xlink:href="#sSpan1308" value="⸀εὐχαριστῶ ὅτι οὐδένα ὑμῶν ἐβάπτισα εἰ μὴ Κρίσπον καὶ Γάϊον, "/>
		<feat xlink:href="#sSpan1366" value="ἵνα μή τις εἴπῃ ὅτι εἰς τὸ ἐμὸν ὄνομα ⸀ἐβαπτίσθητε· "/>
		<feat xlink:href="#sSpan1415" value="ἐβάπτισα δὲ καὶ τὸν Στεφανᾶ οἶκον· λοιπὸν οὐκ οἶδα εἴ τινα ἄλλον ἐβάπτισα. "/>
		<feat xlink:href="#sSpan1498" value="οὐ γὰρ ἀπέστειλέν με Χριστὸς βαπτίζειν ἀλλὰ εὐαγγελίζεσθαι, οὐκ ἐν σοφίᾳ λόγου, ἵνα μὴ κενωθῇ ὁ σταυρὸς τοῦ Χριστοῦ. "/>
		<feat xlink:href="#sSpan1614" value="Ὁ λόγος γὰρ ὁ τοῦ σταυροῦ τοῖς μὲν ἀπολλυμένοις μωρία ἐστίν, τοῖς δὲ σῳζομένοις ἡμῖν δύναμις θεοῦ ἐστιν. "/>
		<feat xlink:href="#sSpan1730" value="γέγραπται γάρ· Ἀπολῶ τὴν σοφίαν τῶν σοφῶν, καὶ τὴν σύνεσιν τῶν συνετῶν ἀθετήσω. "/>
		<feat xlink:href="#sSpan1811" value="ποῦ σοφός; ποῦ γραμματεύς; ποῦ συζητητὴς τοῦ αἰῶνος τούτου; οὐχὶ ἐμώρανεν ὁ θεὸς τὴν σοφίαν τοῦ ⸀κόσμου; "/>
		<feat xlink:href="#sSpan1919" value="ἐπειδὴ γὰρ ἐν τῇ σοφίᾳ τοῦ θεοῦ οὐκ ἔγνω ὁ κόσμος διὰ τῆς σοφίας τὸν θεόν, εὐδόκησεν ὁ θεὸς διὰ τῆς μωρίας τοῦ κηρύγματος σῶσαι τοὺς πιστεύοντας. "/>
		<feat xlink:href="#sSpan2054" value="ἐπειδὴ καὶ Ἰουδαῖοι ⸀σημεῖα αἰτοῦσιν καὶ Ἕλληνες σοφίαν ζητοῦσιν· "/>
		<feat xlink:href="#sSpan2136" value="ἡμεῖς δὲ κηρύσσομεν Χριστὸν ἐσταυρωμένον, Ἰουδαίοις μὲν σκάνδαλον ⸀ἔθνεσιν δὲ μωρίαν, "/>
		<feat xlink:href="#sSpan2261" value="αὐτοῖς δὲ τοῖς κλητοῖς, Ἰουδαίοις τε καὶ Ἕλλησιν, Χριστὸν θεοῦ δύναμιν καὶ θεοῦ σοφίαν. "/>
		<feat xlink:href="#sSpan2359" value="ὅτι τὸ μωρὸν τοῦ θεοῦ σοφώτερον τῶν ἀνθρώπων ἐστίν, καὶ τὸ ἀσθενὲς τοῦ θεοῦ ἰσχυρότερον τῶν ⸀ἀνθρώπων. "/>
		<feat xlink:href="#sSpan2460" value="Βλέπετε γὰρ τὴν κλῆσιν ὑμῶν, ἀδελφοί, ὅτι οὐ πολλοὶ σοφοὶ κατὰ σάρκα, οὐ πολλοὶ δυνατοί, οὐ πολλοὶ εὐγενεῖς· "/>
		<feat xlink:href="#sSpan2564" value="ἀλλὰ τὰ μωρὰ τοῦ κόσμου ἐξελέξατο ὁ θεός, ἵνα ⸂καταισχύνῃ τοὺς σοφούς⸃, καὶ τὰ ἀσθενῆ τοῦ κόσμου ἐξελέξατο ὁ θεός, ἵνα καταισχύνῃ τὰ ἰσχυρά, "/>
		<feat xlink:href="#sSpan2704" value="καὶ τὰ ἀγενῆ τοῦ κόσμου καὶ τὰ ἐξουθενημένα ἐξελέξατο ὁ θεός, ⸀τὰ μὴ ὄντα, ἵνα τὰ ὄντα καταργήσῃ, "/>
		<feat xlink:href="#sSpan2812" value="ὅπως μὴ καυχήσηται πᾶσα σὰρξ ἐνώπιον τοῦ θεοῦ. "/>
		<feat xlink:href="#sSpan2869" value="ἐξ αὐτοῦ δὲ ὑμεῖς ἐστε ἐν Χριστῷ Ἰησοῦ, ὃς ἐγενήθη ⸂σοφία ἡμῖν⸃ ἀπὸ θεοῦ, δικαιοσύνη τε καὶ ἁγιασμὸς καὶ ἀπολύτρωσις, "/>
		<feat xlink:href="#sSpan2991" value="ἵνα καθὼς γέγραπται· Ὁ καυχώμενος ἐν κυρίῳ καυχάσθω. "/></featList></paula>