<?xml version='1.0' encoding='UTF-8'?><!DOCTYPE paula SYSTEM "paula_feat.dtd">
<paula version="1.1">
	<header paula_id="scriptorium.1Cor_01.mark_lang"/>
	<featList xmlns:xlink="http://www.w3.org/1999/xlink" type="lang" xml:base="scriptorium.1Cor_01.mark.xml">
		<feat xlink:href="#sSpan1" value="Greek"/>
		<feat xlink:href="#sSpan19" value="Greek"/>
		<feat xlink:href="#sSpan35" value="Greek"/>
		<feat xlink:href="#sSpan38" value="Hebrew"/>
		<feat xlink:href="#sSpan65" value="Greek"/>
		<feat xlink:href="#sSpan96" value="Greek"/>
		<feat xlink:href="#sSpan122" value="Greek"/>
		<feat xlink:href="#sSpan146" value="Greek"/>
		<feat xlink:href="#sSpan149" value="Hebrew"/>
		<feat xlink:href="#sSpan188" value="Greek"/>
		<feat xlink:href="#sSpan209" value="Hebrew"/>
		<feat xlink:href="#sSpan218" value="Greek"/>
		<feat xlink:href="#sSpan258" value="Greek"/>
		<feat xlink:href="#sSpan274" value="Greek"/>
		<feat xlink:href="#sSpan305" value="Hebrew"/>
		<feat xlink:href="#sSpan314" value="Greek"/>
		<feat xlink:href="#sSpan372" value="Greek"/>
		<feat xlink:href="#sSpan413" value="Greek"/>
		<feat xlink:href="#sSpan416" value="Hebrew"/>
		<feat xlink:href="#sSpan487" value="Greek"/>
		<feat xlink:href="#sSpan537" value="Greek"/>
		<feat xlink:href="#sSpan609" value="Hebrew"/>
		<feat xlink:href="#sSpan618" value="Greek"/>
		<feat xlink:href="#sSpan694" value="Hebrew"/>
		<feat xlink:href="#sSpan703" value="Greek"/>
		<feat xlink:href="#sSpan720" value="Greek"/>
		<feat xlink:href="#sSpan768" value="Greek"/>
		<feat xlink:href="#sSpan780" value="Hebrew"/>
		<feat xlink:href="#sSpan789" value="Greek"/>
		<feat xlink:href="#sSpan811" value="Greek"/>
		<feat xlink:href="#sSpan814" value="Greek"/>
		<feat xlink:href="#sSpan850" value="Hebrew"/>
		<feat xlink:href="#sSpan859" value="Greek"/>
		<feat xlink:href="#sSpan928" value="Greek"/>
		<feat xlink:href="#sSpan963" value="Greek"/>
		<feat xlink:href="#sSpan991" value="Greek"/>
		<feat xlink:href="#sSpan1027" value="Greek"/>
		<feat xlink:href="#sSpan1035" value="Greek"/>
		<feat xlink:href="#sSpan1066" value="Greek"/>
		<feat xlink:href="#sSpan1115" value="Greek"/>
		<feat xlink:href="#sSpan1127" value="Greek"/>
		<feat xlink:href="#sSpan1135" value="Greek"/>
		<feat xlink:href="#sSpan1147" value="Greek"/>
		<feat xlink:href="#sSpan1155" value="Greek"/>
		<feat xlink:href="#sSpan1167" value="Aramaic"/>
		<feat xlink:href="#sSpan1175" value="Greek"/>
		<feat xlink:href="#sSpan1190" value="Greek"/>
		<feat xlink:href="#sSpan1223" value="Greek"/>
		<feat xlink:href="#sSpan1242" value="Greek"/>
		<feat xlink:href="#sSpan1249" value="Greek"/>
		<feat xlink:href="#sSpan1263" value="Greek"/>
		<feat xlink:href="#sSpan1280" value="Greek"/>
		<feat xlink:href="#sSpan1294" value="Greek"/>
		<feat xlink:href="#sSpan1324" value="Greek"/>
		<feat xlink:href="#sSpan1344" value="Greek"/>
		<feat xlink:href="#sSpan1352" value="Greek"/>
		<feat xlink:href="#sSpan1393" value="Greek"/>
		<feat xlink:href="#sSpan1420" value="Greek"/>
		<feat xlink:href="#sSpan1423" value="Greek"/>
		<feat xlink:href="#sSpan1443" value="Greek"/>
		<feat xlink:href="#sSpan1479" value="Greek"/>
		<feat xlink:href="#sSpan1506" value="Greek"/>
		<feat xlink:href="#sSpan1509" value="Greek"/>
		<feat xlink:href="#sSpan1528" value="Greek"/>
		<feat xlink:href="#sSpan1531" value="Greek"/>
		<feat xlink:href="#sSpan1540" value="Greek"/>
		<feat xlink:href="#sSpan1550" value="Greek"/>
		<feat xlink:href="#sSpan1590" value="Greek"/>
		<feat xlink:href="#sSpan1600" value="Greek"/>
		<feat xlink:href="#sSpan1619" value="Greek"/>
		<feat xlink:href="#sSpan1631" value="Greek"/>
		<feat xlink:href="#sSpan1643" value="Greek"/>
		<feat xlink:href="#sSpan1680" value="Greek"/>
		<feat xlink:href="#sSpan1735" value="Greek"/>
		<feat xlink:href="#sSpan1757" value="Greek"/>
		<feat xlink:href="#sSpan1767" value="Greek"/>
		<feat xlink:href="#sSpan1778" value="Greek"/>
		<feat xlink:href="#sSpan1819" value="Greek"/>
		<feat xlink:href="#sSpan1833" value="Greek"/>
		<feat xlink:href="#sSpan1847" value="Greek"/>
		<feat xlink:href="#sSpan1860" value="Greek"/>
		<feat xlink:href="#sSpan1888" value="Greek"/>
		<feat xlink:href="#sSpan1898" value="Greek"/>
		<feat xlink:href="#sSpan1912" value="Greek"/>
		<feat xlink:href="#sSpan1922" value="Greek"/>
		<feat xlink:href="#sSpan1934" value="Greek"/>
		<feat xlink:href="#sSpan1953" value="Greek"/>
		<feat xlink:href="#sSpan1974" value="Greek"/>
		<feat xlink:href="#sSpan1993" value="Greek"/>
		<feat xlink:href="#sSpan2018" value="Greek"/>
		<feat xlink:href="#sSpan2047" value="Greek"/>
		<feat xlink:href="#sSpan2063" value="Hebrew"/>
		<feat xlink:href="#sSpan2081" value="Greek"/>
		<feat xlink:href="#sSpan2099" value="Greek"/>
		<feat xlink:href="#sSpan2102" value="Greek"/>
		<feat xlink:href="#sSpan2123" value="Greek"/>
		<feat xlink:href="#sSpan2140" value="Greek"/>
		<feat xlink:href="#sSpan2162" value="Greek"/>
		<feat xlink:href="#sSpan2174" value="Greek"/>
		<feat xlink:href="#sSpan2192" value="Hebrew"/>
		<feat xlink:href="#sSpan2195" value="Greek"/>
		<feat xlink:href="#sSpan2205" value="Greek"/>
		<feat xlink:href="#sSpan2231" value="Greek"/>
		<feat xlink:href="#sSpan2247" value="Greek"/>
		<feat xlink:href="#sSpan2264" value="Hebrew"/>
		<feat xlink:href="#sSpan2267" value="Greek"/>
		<feat xlink:href="#sSpan2285" value="Greek"/>
		<feat xlink:href="#sSpan2293" value="Greek"/>
		<feat xlink:href="#sSpan2330" value="Greek"/>
		<feat xlink:href="#sSpan2465" value="Greek"/>
		<feat xlink:href="#sSpan2499" value="Greek"/>
		<feat xlink:href="#sSpan2508" value="Greek"/>
		<feat xlink:href="#sSpan2513" value="Greek"/>
		<feat xlink:href="#sSpan2532" value="Greek"/>
		<feat xlink:href="#sSpan2550" value="Greek"/>
		<feat xlink:href="#sSpan2557" value="Greek"/>
		<feat xlink:href="#sSpan2582" value="Greek"/>
		<feat xlink:href="#sSpan2647" value="Greek"/>
		<feat xlink:href="#sSpan2722" value="Greek"/>
		<feat xlink:href="#sSpan2788" value="Greek"/>
		<feat xlink:href="#sSpan2824" value="Greek"/>
		<feat xlink:href="#sSpan2873" value="Greek"/>
		<feat xlink:href="#sSpan2902" value="Greek"/>
		<feat xlink:href="#sSpan2905" value="Hebrew"/>
		<feat xlink:href="#sSpan2934" value="Greek"/>
		<feat xlink:href="#sSpan2956" value="Greek"/>
		<feat xlink:href="#sSpan2994" value="Greek"/></featList></paula>