<?xml version='1.0' encoding='UTF-8'?><!DOCTYPE paula SYSTEM "paula_feat.dtd">
<paula version="1.1">
	<header paula_id="scriptorium.1Cor_01.mark_verse_n"/>
	<featList xmlns:xlink="http://www.w3.org/1999/xlink" type="verse_n" xml:base="scriptorium.1Cor_01.mark.xml">
		<feat xlink:href="#sSpan7" value="1"/>
		<feat xlink:href="#sSpan78" value="2"/>
		<feat xlink:href="#sSpan252" value="3"/>
		<feat xlink:href="#sSpan324" value="4"/>
		<feat xlink:href="#sSpan428" value="5"/>
		<feat xlink:href="#sSpan491" value="6"/>
		<feat xlink:href="#sSpan541" value="7"/>
		<feat xlink:href="#sSpan625" value="8"/>
		<feat xlink:href="#sSpan714" value="9"/>
		<feat xlink:href="#sSpan805" value="10"/>
		<feat xlink:href="#sSpan979" value="11"/>
		<feat xlink:href="#sSpan1060" value="12"/>
		<feat xlink:href="#sSpan1202" value="13"/>
		<feat xlink:href="#sSpan1307" value="14"/>
		<feat xlink:href="#sSpan1365" value="15"/>
		<feat xlink:href="#sSpan1414" value="16"/>
		<feat xlink:href="#sSpan1497" value="17"/>
		<feat xlink:href="#sSpan1613" value="18"/>
		<feat xlink:href="#sSpan1729" value="19"/>
		<feat xlink:href="#sSpan1810" value="20"/>
		<feat xlink:href="#sSpan1918" value="21"/>
		<feat xlink:href="#sSpan2053" value="22"/>
		<feat xlink:href="#sSpan2135" value="23"/>
		<feat xlink:href="#sSpan2259" value="24"/>
		<feat xlink:href="#sSpan2357" value="25"/>
		<feat xlink:href="#sSpan2458" value="26"/>
		<feat xlink:href="#sSpan2562" value="27"/>
		<feat xlink:href="#sSpan2702" value="28"/>
		<feat xlink:href="#sSpan2810" value="29"/>
		<feat xlink:href="#sSpan2867" value="30"/>
		<feat xlink:href="#sSpan2989" value="31"/></featList></paula>