<?xml version='1.0' encoding='UTF-8'?><!DOCTYPE paula SYSTEM "paula_feat.dtd">
<paula version="1.1">
	<header paula_id="scriptorium.1Cor_01.mark_verse_vid"/>
	<featList xmlns:xlink="http://www.w3.org/1999/xlink" type="verse_vid" xml:base="scriptorium.1Cor_01.mark.xml">
		<feat xlink:href="#sSpan8" value="46N 1:1"/>
		<feat xlink:href="#sSpan80" value="46N 1:2"/>
		<feat xlink:href="#sSpan254" value="46N 1:3"/>
		<feat xlink:href="#sSpan326" value="46N 1:4"/>
		<feat xlink:href="#sSpan430" value="46N 1:5"/>
		<feat xlink:href="#sSpan493" value="46N 1:6"/>
		<feat xlink:href="#sSpan543" value="46N 1:7"/>
		<feat xlink:href="#sSpan627" value="46N 1:8"/>
		<feat xlink:href="#sSpan716" value="46N 1:9"/>
		<feat xlink:href="#sSpan807" value="46N 1:10"/>
		<feat xlink:href="#sSpan981" value="46N 1:11"/>
		<feat xlink:href="#sSpan1060" value="46N 1:12"/>
		<feat xlink:href="#sSpan1202" value="46N 1:13"/>
		<feat xlink:href="#sSpan1307" value="46N 1:14"/>
		<feat xlink:href="#sSpan1365" value="46N 1:15"/>
		<feat xlink:href="#sSpan1414" value="46N 1:16"/>
		<feat xlink:href="#sSpan1497" value="46N 1:17"/>
		<feat xlink:href="#sSpan1613" value="46N 1:18"/>
		<feat xlink:href="#sSpan1729" value="46N 1:19"/>
		<feat xlink:href="#sSpan1810" value="46N 1:20"/>
		<feat xlink:href="#sSpan1918" value="46N 1:21"/>
		<feat xlink:href="#sSpan2053" value="46N 1:22"/>
		<feat xlink:href="#sSpan2135" value="46N 1:23"/>
		<feat xlink:href="#sSpan2260" value="46N 1:24"/>
		<feat xlink:href="#sSpan2358" value="46N 1:25"/>
		<feat xlink:href="#sSpan2459" value="46N 1:26"/>
		<feat xlink:href="#sSpan2563" value="46N 1:27"/>
		<feat xlink:href="#sSpan2703" value="46N 1:28"/>
		<feat xlink:href="#sSpan2811" value="46N 1:29"/>
		<feat xlink:href="#sSpan2868" value="46N 1:30"/>
		<feat xlink:href="#sSpan2990" value="46N 1:31"/></featList></paula>