<?xml version='1.0' encoding='UTF-8'?><!DOCTYPE paula SYSTEM "paula_feat.dtd">
<paula version="1.1">
	<header paula_id="scriptorium.1Cor_01.mark_entity"/>
	<featList xmlns:xlink="http://www.w3.org/1999/xlink" type="entity" xml:base="scriptorium.1Cor_01.mark.xml">
		<feat xlink:href="#sSpan6" value="person"/>
		<feat xlink:href="#sSpan34" value="person"/>
		<feat xlink:href="#sSpan49" value="abstract"/>
		<feat xlink:href="#sSpan58" value="person"/>
		<feat xlink:href="#sSpan68" value="person"/>
		<feat xlink:href="#sSpan95" value="organization"/>
		<feat xlink:href="#sSpan105" value="person"/>
		<feat xlink:href="#sSpan125" value="place"/>
		<feat xlink:href="#sSpan134" value="person"/>
		<feat xlink:href="#sSpan145" value="person"/>
		<feat xlink:href="#sSpan179" value="person"/>
		<feat xlink:href="#sSpan197" value="abstract"/>
		<feat xlink:href="#sSpan206" value="person"/>
		<feat xlink:href="#sSpan227" value="place"/>
		<feat xlink:href="#sSpan252" value="abstract"/>
		<feat xlink:href="#sSpan273" value="abstract"/>
		<feat xlink:href="#sSpan287" value="person"/>
		<feat xlink:href="#sSpan302" value="person"/>
		<feat xlink:href="#sSpan341" value="person"/>
		<feat xlink:href="#sSpan350" value="time"/>
		<feat xlink:href="#sSpan371" value="abstract"/>
		<feat xlink:href="#sSpan381" value="person"/>
		<feat xlink:href="#sSpan412" value="person"/>
		<feat xlink:href="#sSpan439" value="abstract"/>
		<feat xlink:href="#sSpan471" value="abstract"/>
		<feat xlink:href="#sSpan482" value="abstract"/>
		<feat xlink:href="#sSpan509" value="abstract"/>
		<feat xlink:href="#sSpan520" value="person"/>
		<feat xlink:href="#sSpan565" value="abstract"/>
		<feat xlink:href="#sSpan592" value="abstract"/>
		<feat xlink:href="#sSpan606" value="person"/>
		<feat xlink:href="#sSpan625" value="person"/>
		<feat xlink:href="#sSpan661" value="abstract"/>
		<feat xlink:href="#sSpan682" value="time"/>
		<feat xlink:href="#sSpan691" value="person"/>
		<feat xlink:href="#sSpan712" value="person"/>
		<feat xlink:href="#sSpan731" value="person"/>
		<feat xlink:href="#sSpan767" value="abstract"/>
		<feat xlink:href="#sSpan777" value="person"/>
		<feat xlink:href="#sSpan827" value="person"/>
		<feat xlink:href="#sSpan838" value="abstract"/>
		<feat xlink:href="#sSpan847" value="person"/>
		<feat xlink:href="#sSpan878" value="abstract"/>
		<feat xlink:href="#sSpan905" value="abstract"/>
		<feat xlink:href="#sSpan947" value="abstract"/>
		<feat xlink:href="#sSpan962" value="abstract"/>
		<feat xlink:href="#sSpan1004" value="person"/>
		<feat xlink:href="#sSpan1026" value="person"/>
		<feat xlink:href="#sSpan1030" value="person"/>
		<feat xlink:href="#sSpan1040" value="event"/>
		<feat xlink:href="#sSpan1077" value="abstract"/>
		<feat xlink:href="#sSpan1084" value="person"/>
		<feat xlink:href="#sSpan1126" value="person"/>
		<feat xlink:href="#sSpan1130" value="person"/>
		<feat xlink:href="#sSpan1146" value="person"/>
		<feat xlink:href="#sSpan1150" value="person"/>
		<feat xlink:href="#sSpan1166" value="person"/>
		<feat xlink:href="#sSpan1170" value="person"/>
		<feat xlink:href="#sSpan1186" value="person"/>
		<feat xlink:href="#sSpan1189" value="person"/>
		<feat xlink:href="#sSpan1222" value="person"/>
		<feat xlink:href="#sSpan1252" value="person"/>
		<feat xlink:href="#sSpan1287" value="abstract"/>
		<feat xlink:href="#sSpan1297" value="person"/>
		<feat xlink:href="#sSpan1333" value="person"/>
		<feat xlink:href="#sSpan1347" value="person"/>
		<feat xlink:href="#sSpan1355" value="person"/>
		<feat xlink:href="#sSpan1376" value="person"/>
		<feat xlink:href="#sSpan1402" value="abstract"/>
		<feat xlink:href="#sSpan1434" value="place"/>
		<feat xlink:href="#sSpan1446" value="person"/>
		<feat xlink:href="#sSpan1505" value="person"/>
		<feat xlink:href="#sSpan1549" value="abstract"/>
		<feat xlink:href="#sSpan1589" value="object"/>
		<feat xlink:href="#sSpan1599" value="person"/>
		<feat xlink:href="#sSpan1611" value="abstract"/>
		<feat xlink:href="#sSpan1630" value="object"/>
		<feat xlink:href="#sSpan1636" value="abstract"/>
		<feat xlink:href="#sSpan1656" value="person"/>
		<feat xlink:href="#sSpan1687" value="person"/>
		<feat xlink:href="#sSpan1704" value="abstract"/>
		<feat xlink:href="#sSpan1713" value="person"/>
		<feat xlink:href="#sSpan1756" value="abstract"/>
		<feat xlink:href="#sSpan1766" value="person"/>
		<feat xlink:href="#sSpan1787" value="abstract"/>
		<feat xlink:href="#sSpan1798" value="person"/>
		<feat xlink:href="#sSpan1822" value="person"/>
		<feat xlink:href="#sSpan1836" value="person"/>
		<feat xlink:href="#sSpan1852" value="person"/>
		<feat xlink:href="#sSpan1859" value="time"/>
		<feat xlink:href="#sSpan1873" value="person"/>
		<feat xlink:href="#sSpan1887" value="abstract"/>
		<feat xlink:href="#sSpan1897" value="place"/>
		<feat xlink:href="#sSpan1907" value="abstract"/>
		<feat xlink:href="#sSpan1933" value="abstract"/>
		<feat xlink:href="#sSpan1943" value="person"/>
		<feat xlink:href="#sSpan1952" value="place"/>
		<feat xlink:href="#sSpan1962" value="person"/>
		<feat xlink:href="#sSpan1973" value="abstract"/>
		<feat xlink:href="#sSpan2004" value="person"/>
		<feat xlink:href="#sSpan2015" value="person"/>
		<feat xlink:href="#sSpan2027" value="abstract"/>
		<feat xlink:href="#sSpan2038" value="abstract"/>
		<feat xlink:href="#sSpan2060" value="person"/>
		<feat xlink:href="#sSpan2068" value="abstract"/>
		<feat xlink:href="#sSpan2096" value="person"/>
		<feat xlink:href="#sSpan2122" value="abstract"/>
		<feat xlink:href="#sSpan2161" value="person"/>
		<feat xlink:href="#sSpan2189" value="person"/>
		<feat xlink:href="#sSpan2204" value="abstract"/>
		<feat xlink:href="#sSpan2224" value="abstract"/>
		<feat xlink:href="#sSpan2246" value="person"/>
		<feat xlink:href="#sSpan2258" value="person"/>
		<feat xlink:href="#sSpan2284" value="person"/>
		<feat xlink:href="#sSpan2290" value="person"/>
		<feat xlink:href="#sSpan2300" value="abstract"/>
		<feat xlink:href="#sSpan2315" value="person"/>
		<feat xlink:href="#sSpan2335" value="abstract"/>
		<feat xlink:href="#sSpan2342" value="person"/>
		<feat xlink:href="#sSpan2365" value="abstract"/>
		<feat xlink:href="#sSpan2376" value="person"/>
		<feat xlink:href="#sSpan2381" value="abstract"/>
		<feat xlink:href="#sSpan2402" value="person"/>
		<feat xlink:href="#sSpan2417" value="abstract"/>
		<feat xlink:href="#sSpan2428" value="person"/>
		<feat xlink:href="#sSpan2447" value="person"/>
		<feat xlink:href="#sSpan2476" value="abstract"/>
		<feat xlink:href="#sSpan2481" value="person"/>
		<feat xlink:href="#sSpan2494" value="person"/>
		<feat xlink:href="#sSpan2516" value="object"/>
		<feat xlink:href="#sSpan2527" value="person"/>
		<feat xlink:href="#sSpan2545" value="person"/>
		<feat xlink:href="#sSpan2572" value="abstract"/>
		<feat xlink:href="#sSpan2581" value="place"/>
		<feat xlink:href="#sSpan2595" value="person"/>
		<feat xlink:href="#sSpan2622" value="person"/>
		<feat xlink:href="#sSpan2637" value="abstract"/>
		<feat xlink:href="#sSpan2646" value="place"/>
		<feat xlink:href="#sSpan2660" value="person"/>
		<feat xlink:href="#sSpan2691" value="person"/>
		<feat xlink:href="#sSpan2712" value="person"/>
		<feat xlink:href="#sSpan2721" value="place"/>
		<feat xlink:href="#sSpan2731" value="person"/>
		<feat xlink:href="#sSpan2746" value="person"/>
		<feat xlink:href="#sSpan2763" value="abstract"/>
		<feat xlink:href="#sSpan2797" value="abstract"/>
		<feat xlink:href="#sSpan2819" value="person"/>
		<feat xlink:href="#sSpan2843" value="abstract"/>
		<feat xlink:href="#sSpan2856" value="person"/>
		<feat xlink:href="#sSpan2886" value="person"/>
		<feat xlink:href="#sSpan2901" value="person"/>
		<feat xlink:href="#sSpan2937" value="abstract"/>
		<feat xlink:href="#sSpan2948" value="person"/>
		<feat xlink:href="#sSpan2953" value="abstract"/>
		<feat xlink:href="#sSpan2965" value="abstract"/>
		<feat xlink:href="#sSpan2976" value="abstract"/>
		<feat xlink:href="#sSpan3015" value="person"/>
		<feat xlink:href="#sSpan3046" value="person"/></featList></paula>