<?xml version='1.0' encoding='UTF-8'?><!DOCTYPE paula SYSTEM "paula_feat.dtd">
<paula version="1.1">
	<header paula_id="scriptorium.thomas_gospel.mark_lb_n"/>
	<featList xmlns:xlink="http://www.w3.org/1999/xlink" type="lb_n" xml:base="scriptorium.thomas_gospel.mark.xml">
		<feat xlink:href="#sSpan6" value="1"/>
		<feat xlink:href="#sSpan50" value="2"/>
		<feat xlink:href="#sSpan80" value="3"/>
		<feat xlink:href="#sSpan108" value="4"/>
		<feat xlink:href="#sSpan143" value="5"/>
		<feat xlink:href="#sSpan182" value="6"/>
		<feat xlink:href="#sSpan211" value="7"/>
		<feat xlink:href="#sSpan237" value="8"/>
		<feat xlink:href="#sSpan261" value="9"/>
		<feat xlink:href="#sSpan276" value="10"/>
		<feat xlink:href="#sSpan307" value="11"/>
		<feat xlink:href="#sSpan339" value="12"/>
		<feat xlink:href="#sSpan374" value="13"/>
		<feat xlink:href="#sSpan400" value="14"/>
		<feat xlink:href="#sSpan433" value="15"/>
		<feat xlink:href="#sSpan466" value="16"/>
		<feat xlink:href="#sSpan497" value="17"/>
		<feat xlink:href="#sSpan519" value="18"/>
		<feat xlink:href="#sSpan538" value="1"/>
		<feat xlink:href="#sSpan570" value="2"/>
		<feat xlink:href="#sSpan603" value="3"/>
		<feat xlink:href="#sSpan625" value="4"/>
		<feat xlink:href="#sSpan649" value="5"/>
		<feat xlink:href="#sSpan686" value="6"/>
		<feat xlink:href="#sSpan716" value="7"/>
		<feat xlink:href="#sSpan746" value="8"/>
		<feat xlink:href="#sSpan778" value="9"/>
		<feat xlink:href="#sSpan805" value="10"/>
		<feat xlink:href="#sSpan843" value="11"/>
		<feat xlink:href="#sSpan873" value="12"/>
		<feat xlink:href="#sSpan908" value="13"/>
		<feat xlink:href="#sSpan948" value="14"/>
		<feat xlink:href="#sSpan980" value="15"/>
		<feat xlink:href="#sSpan1017" value="16"/>
		<feat xlink:href="#sSpan1065" value="17"/>
		<feat xlink:href="#sSpan1098" value="18"/>
		<feat xlink:href="#sSpan1131" value="19"/>
		<feat xlink:href="#sSpan1158" value="20"/>
		<feat xlink:href="#sSpan1188" value="21"/>
		<feat xlink:href="#sSpan1231" value="22"/>
		<feat xlink:href="#sSpan1269" value="23"/>
		<feat xlink:href="#sSpan1301" value="24"/>
		<feat xlink:href="#sSpan1324" value="25"/>
		<feat xlink:href="#sSpan1354" value="26"/>
		<feat xlink:href="#sSpan1385" value="27"/>
		<feat xlink:href="#sSpan1413" value="28"/>
		<feat xlink:href="#sSpan1445" value="29"/>
		<feat xlink:href="#sSpan1478" value="30"/>
		<feat xlink:href="#sSpan1507" value="31"/>
		<feat xlink:href="#sSpan1540" value="32"/>
		<feat xlink:href="#sSpan1576" value="33"/>
		<feat xlink:href="#sSpan1615" value="34"/>
		<feat xlink:href="#sSpan1648" value="35"/>
		<feat xlink:href="#sSpan1687" value="1"/>
		<feat xlink:href="#sSpan1728" value="2"/>
		<feat xlink:href="#sSpan1761" value="3"/>
		<feat xlink:href="#sSpan1792" value="4"/>
		<feat xlink:href="#sSpan1837" value="5"/>
		<feat xlink:href="#sSpan1873" value="6"/>
		<feat xlink:href="#sSpan1911" value="7"/>
		<feat xlink:href="#sSpan1944" value="8"/>
		<feat xlink:href="#sSpan1976" value="9"/>
		<feat xlink:href="#sSpan2018" value="10"/>
		<feat xlink:href="#sSpan2059" value="11"/>
		<feat xlink:href="#sSpan2097" value="12"/>
		<feat xlink:href="#sSpan2139" value="13"/>
		<feat xlink:href="#sSpan2176" value="14"/>
		<feat xlink:href="#sSpan2211" value="15"/>
		<feat xlink:href="#sSpan2245" value="16"/>
		<feat xlink:href="#sSpan2283" value="17"/>
		<feat xlink:href="#sSpan2319" value="18"/>
		<feat xlink:href="#sSpan2358" value="19"/>
		<feat xlink:href="#sSpan2388" value="20"/>
		<feat xlink:href="#sSpan2419" value="21"/>
		<feat xlink:href="#sSpan2444" value="22"/>
		<feat xlink:href="#sSpan2484" value="23"/>
		<feat xlink:href="#sSpan2525" value="24"/>
		<feat xlink:href="#sSpan2552" value="25"/>
		<feat xlink:href="#sSpan2593" value="26"/>
		<feat xlink:href="#sSpan2624" value="27"/>
		<feat xlink:href="#sSpan2661" value="28"/>
		<feat xlink:href="#sSpan2693" value="29"/>
		<feat xlink:href="#sSpan2722" value="30"/>
		<feat xlink:href="#sSpan2759" value="31"/>
		<feat xlink:href="#sSpan2782" value="32"/>
		<feat xlink:href="#sSpan2827" value="33"/>
		<feat xlink:href="#sSpan2858" value="34"/>
		<feat xlink:href="#sSpan2888" value="1"/>
		<feat xlink:href="#sSpan2920" value="2"/>
		<feat xlink:href="#sSpan2957" value="3"/>
		<feat xlink:href="#sSpan2994" value="4"/>
		<feat xlink:href="#sSpan3034" value="5"/>
		<feat xlink:href="#sSpan3073" value="6"/>
		<feat xlink:href="#sSpan3103" value="7"/>
		<feat xlink:href="#sSpan3141" value="8"/>
		<feat xlink:href="#sSpan3175" value="9"/>
		<feat xlink:href="#sSpan3211" value="10"/>
		<feat xlink:href="#sSpan3258" value="11"/>
		<feat xlink:href="#sSpan3287" value="12"/>
		<feat xlink:href="#sSpan3324" value="13"/>
		<feat xlink:href="#sSpan3355" value="14"/>
		<feat xlink:href="#sSpan3391" value="15"/>
		<feat xlink:href="#sSpan3419" value="16"/>
		<feat xlink:href="#sSpan3449" value="17"/>
		<feat xlink:href="#sSpan3478" value="18"/>
		<feat xlink:href="#sSpan3496" value="19"/>
		<feat xlink:href="#sSpan3527" value="20"/>
		<feat xlink:href="#sSpan3563" value="21"/>
		<feat xlink:href="#sSpan3584" value="22"/>
		<feat xlink:href="#sSpan3619" value="23"/>
		<feat xlink:href="#sSpan3648" value="24"/>
		<feat xlink:href="#sSpan3684" value="25"/>
		<feat xlink:href="#sSpan3712" value="26"/>
		<feat xlink:href="#sSpan3736" value="27"/>
		<feat xlink:href="#sSpan3765" value="28"/>
		<feat xlink:href="#sSpan3790" value="29"/>
		<feat xlink:href="#sSpan3813" value="30"/>
		<feat xlink:href="#sSpan3845" value="31"/>
		<feat xlink:href="#sSpan3875" value="32"/>
		<feat xlink:href="#sSpan3911" value="33"/>
		<feat xlink:href="#sSpan3938" value="34"/>
		<feat xlink:href="#sSpan3971" value="35"/>
		<feat xlink:href="#sSpan4000" value="36"/>
		<feat xlink:href="#sSpan4029" value="1"/>
		<feat xlink:href="#sSpan4060" value="2"/>
		<feat xlink:href="#sSpan4086" value="3"/>
		<feat xlink:href="#sSpan4116" value="4"/>
		<feat xlink:href="#sSpan4154" value="5"/>
		<feat xlink:href="#sSpan4193" value="6"/>
		<feat xlink:href="#sSpan4223" value="7"/>
		<feat xlink:href="#sSpan4252" value="8"/>
		<feat xlink:href="#sSpan4284" value="9"/>
		<feat xlink:href="#sSpan4316" value="10"/>
		<feat xlink:href="#sSpan4349" value="11"/>
		<feat xlink:href="#sSpan4387" value="12"/>
		<feat xlink:href="#sSpan4417" value="13"/>
		<feat xlink:href="#sSpan4454" value="14"/>
		<feat xlink:href="#sSpan4483" value="15"/>
		<feat xlink:href="#sSpan4521" value="16"/>
		<feat xlink:href="#sSpan4551" value="17"/>
		<feat xlink:href="#sSpan4585" value="18"/>
		<feat xlink:href="#sSpan4614" value="19"/>
		<feat xlink:href="#sSpan4637" value="20"/>
		<feat xlink:href="#sSpan4662" value="21"/>
		<feat xlink:href="#sSpan4692" value="22"/>
		<feat xlink:href="#sSpan4722" value="23"/>
		<feat xlink:href="#sSpan4751" value="24"/>
		<feat xlink:href="#sSpan4783" value="25"/>
		<feat xlink:href="#sSpan4813" value="26"/>
		<feat xlink:href="#sSpan4843" value="27"/>
		<feat xlink:href="#sSpan4874" value="28"/>
		<feat xlink:href="#sSpan4905" value="29"/>
		<feat xlink:href="#sSpan4939" value="30"/>
		<feat xlink:href="#sSpan4967" value="31"/>
		<feat xlink:href="#sSpan5001" value="32"/>
		<feat xlink:href="#sSpan5030" value="33"/>
		<feat xlink:href="#sSpan5061" value="34"/>
		<feat xlink:href="#sSpan5087" value="35"/>
		<feat xlink:href="#sSpan5122" value="1"/>
		<feat xlink:href="#sSpan5161" value="2"/>
		<feat xlink:href="#sSpan5198" value="3"/>
		<feat xlink:href="#sSpan5230" value="4"/>
		<feat xlink:href="#sSpan5263" value="5"/>
		<feat xlink:href="#sSpan5301" value="6"/>
		<feat xlink:href="#sSpan5338" value="7"/>
		<feat xlink:href="#sSpan5363" value="8"/>
		<feat xlink:href="#sSpan5395" value="9"/>
		<feat xlink:href="#sSpan5427" value="10"/>
		<feat xlink:href="#sSpan5460" value="11"/>
		<feat xlink:href="#sSpan5494" value="12"/>
		<feat xlink:href="#sSpan5523" value="13"/>
		<feat xlink:href="#sSpan5563" value="14"/>
		<feat xlink:href="#sSpan5588" value="15"/>
		<feat xlink:href="#sSpan5631" value="16"/>
		<feat xlink:href="#sSpan5654" value="17"/>
		<feat xlink:href="#sSpan5688" value="18"/>
		<feat xlink:href="#sSpan5727" value="19"/>
		<feat xlink:href="#sSpan5759" value="20"/>
		<feat xlink:href="#sSpan5803" value="21"/>
		<feat xlink:href="#sSpan5822" value="22"/>
		<feat xlink:href="#sSpan5857" value="23"/>
		<feat xlink:href="#sSpan5898" value="24"/>
		<feat xlink:href="#sSpan5937" value="25"/>
		<feat xlink:href="#sSpan5965" value="26"/>
		<feat xlink:href="#sSpan6006" value="27"/>
		<feat xlink:href="#sSpan6063" value="28"/>
		<feat xlink:href="#sSpan6107" value="29"/>
		<feat xlink:href="#sSpan6144" value="30"/>
		<feat xlink:href="#sSpan6181" value="31"/>
		<feat xlink:href="#sSpan6206" value="32"/>
		<feat xlink:href="#sSpan6250" value="33"/>
		<feat xlink:href="#sSpan6295" value="34"/>
		<feat xlink:href="#sSpan6338" value="35"/>
		<feat xlink:href="#sSpan6376" value="1"/>
		<feat xlink:href="#sSpan6413" value="2"/>
		<feat xlink:href="#sSpan6448" value="3"/>
		<feat xlink:href="#sSpan6489" value="4"/>
		<feat xlink:href="#sSpan6516" value="5"/>
		<feat xlink:href="#sSpan6550" value="6"/>
		<feat xlink:href="#sSpan6588" value="7"/>
		<feat xlink:href="#sSpan6621" value="8"/>
		<feat xlink:href="#sSpan6654" value="9"/>
		<feat xlink:href="#sSpan6692" value="10"/>
		<feat xlink:href="#sSpan6725" value="11"/>
		<feat xlink:href="#sSpan6768" value="12"/>
		<feat xlink:href="#sSpan6815" value="13"/>
		<feat xlink:href="#sSpan6858" value="14"/>
		<feat xlink:href="#sSpan6897" value="15"/>
		<feat xlink:href="#sSpan6922" value="16"/>
		<feat xlink:href="#sSpan6964" value="17"/>
		<feat xlink:href="#sSpan6999" value="18"/>
		<feat xlink:href="#sSpan7034" value="19"/>
		<feat xlink:href="#sSpan7065" value="20"/>
		<feat xlink:href="#sSpan7099" value="21"/>
		<feat xlink:href="#sSpan7137" value="22"/>
		<feat xlink:href="#sSpan7175" value="23"/>
		<feat xlink:href="#sSpan7218" value="24"/>
		<feat xlink:href="#sSpan7259" value="25"/>
		<feat xlink:href="#sSpan7287" value="26"/>
		<feat xlink:href="#sSpan7325" value="27"/>
		<feat xlink:href="#sSpan7365" value="28"/>
		<feat xlink:href="#sSpan7400" value="29"/>
		<feat xlink:href="#sSpan7429" value="30"/>
		<feat xlink:href="#sSpan7459" value="31"/>
		<feat xlink:href="#sSpan7489" value="32"/>
		<feat xlink:href="#sSpan7515" value="33"/>
		<feat xlink:href="#sSpan7548" value="34"/>
		<feat xlink:href="#sSpan7579" value="1"/>
		<feat xlink:href="#sSpan7611" value="2"/>
		<feat xlink:href="#sSpan7646" value="3"/>
		<feat xlink:href="#sSpan7680" value="4"/>
		<feat xlink:href="#sSpan7721" value="5"/>
		<feat xlink:href="#sSpan7753" value="6"/>
		<feat xlink:href="#sSpan7789" value="7"/>
		<feat xlink:href="#sSpan7822" value="8"/>
		<feat xlink:href="#sSpan7852" value="9"/>
		<feat xlink:href="#sSpan7890" value="10"/>
		<feat xlink:href="#sSpan7929" value="11"/>
		<feat xlink:href="#sSpan7956" value="12"/>
		<feat xlink:href="#sSpan7982" value="13"/>
		<feat xlink:href="#sSpan8017" value="14"/>
		<feat xlink:href="#sSpan8064" value="15"/>
		<feat xlink:href="#sSpan8102" value="16"/>
		<feat xlink:href="#sSpan8131" value="17"/>
		<feat xlink:href="#sSpan8164" value="18"/>
		<feat xlink:href="#sSpan8197" value="19"/>
		<feat xlink:href="#sSpan8235" value="20"/>
		<feat xlink:href="#sSpan8278" value="21"/>
		<feat xlink:href="#sSpan8309" value="22"/>
		<feat xlink:href="#sSpan8344" value="23"/>
		<feat xlink:href="#sSpan8374" value="24"/>
		<feat xlink:href="#sSpan8408" value="25"/>
		<feat xlink:href="#sSpan8431" value="26"/>
		<feat xlink:href="#sSpan8464" value="27"/>
		<feat xlink:href="#sSpan8491" value="28"/>
		<feat xlink:href="#sSpan8528" value="29"/>
		<feat xlink:href="#sSpan8565" value="30"/>
		<feat xlink:href="#sSpan8584" value="31"/>
		<feat xlink:href="#sSpan8612" value="32"/>
		<feat xlink:href="#sSpan8641" value="33"/>
		<feat xlink:href="#sSpan8677" value="34"/>
		<feat xlink:href="#sSpan8710" value="1"/>
		<feat xlink:href="#sSpan8747" value="2"/>
		<feat xlink:href="#sSpan8789" value="3"/>
		<feat xlink:href="#sSpan8818" value="4"/>
		<feat xlink:href="#sSpan8852" value="5"/>
		<feat xlink:href="#sSpan8882" value="6"/>
		<feat xlink:href="#sSpan8909" value="7"/>
		<feat xlink:href="#sSpan8946" value="8"/>
		<feat xlink:href="#sSpan8980" value="9"/>
		<feat xlink:href="#sSpan9019" value="10"/>
		<feat xlink:href="#sSpan9050" value="11"/>
		<feat xlink:href="#sSpan9084" value="12"/>
		<feat xlink:href="#sSpan9127" value="13"/>
		<feat xlink:href="#sSpan9159" value="14"/>
		<feat xlink:href="#sSpan9201" value="15"/>
		<feat xlink:href="#sSpan9233" value="16"/>
		<feat xlink:href="#sSpan9271" value="17"/>
		<feat xlink:href="#sSpan9312" value="18"/>
		<feat xlink:href="#sSpan9344" value="19"/>
		<feat xlink:href="#sSpan9369" value="20"/>
		<feat xlink:href="#sSpan9399" value="21"/>
		<feat xlink:href="#sSpan9440" value="22"/>
		<feat xlink:href="#sSpan9467" value="23"/>
		<feat xlink:href="#sSpan9502" value="24"/>
		<feat xlink:href="#sSpan9529" value="25"/>
		<feat xlink:href="#sSpan9564" value="26"/>
		<feat xlink:href="#sSpan9601" value="27"/>
		<feat xlink:href="#sSpan9641" value="28"/>
		<feat xlink:href="#sSpan9675" value="29"/>
		<feat xlink:href="#sSpan9718" value="30"/>
		<feat xlink:href="#sSpan9756" value="31"/>
		<feat xlink:href="#sSpan9789" value="32"/>
		<feat xlink:href="#sSpan9821" value="33"/>
		<feat xlink:href="#sSpan9855" value="34"/>
		<feat xlink:href="#sSpan9889" value="1"/>
		<feat xlink:href="#sSpan9925" value="2"/>
		<feat xlink:href="#sSpan9957" value="3"/>
		<feat xlink:href="#sSpan9985" value="4"/>
		<feat xlink:href="#sSpan10022" value="5"/>
		<feat xlink:href="#sSpan10060" value="6"/>
		<feat xlink:href="#sSpan10091" value="7"/>
		<feat xlink:href="#sSpan10121" value="8"/>
		<feat xlink:href="#sSpan10145" value="9"/>
		<feat xlink:href="#sSpan10179" value="10"/>
		<feat xlink:href="#sSpan10212" value="11"/>
		<feat xlink:href="#sSpan10243" value="12"/>
		<feat xlink:href="#sSpan10282" value="13"/>
		<feat xlink:href="#sSpan10312" value="14"/>
		<feat xlink:href="#sSpan10344" value="15"/>
		<feat xlink:href="#sSpan10370" value="16"/>
		<feat xlink:href="#sSpan10419" value="17"/>
		<feat xlink:href="#sSpan10454" value="18"/>
		<feat xlink:href="#sSpan10488" value="19"/>
		<feat xlink:href="#sSpan10523" value="20"/>
		<feat xlink:href="#sSpan10558" value="21"/>
		<feat xlink:href="#sSpan10593" value="22"/>
		<feat xlink:href="#sSpan10634" value="23"/>
		<feat xlink:href="#sSpan10660" value="24"/>
		<feat xlink:href="#sSpan10691" value="25"/>
		<feat xlink:href="#sSpan10722" value="26"/>
		<feat xlink:href="#sSpan10754" value="27"/>
		<feat xlink:href="#sSpan10788" value="28"/>
		<feat xlink:href="#sSpan10811" value="29"/>
		<feat xlink:href="#sSpan10841" value="30"/>
		<feat xlink:href="#sSpan10873" value="31"/>
		<feat xlink:href="#sSpan10904" value="32"/>
		<feat xlink:href="#sSpan10932" value="33"/>
		<feat xlink:href="#sSpan10966" value="34"/>
		<feat xlink:href="#sSpan10991" value="35"/>
		<feat xlink:href="#sSpan11022" value="1"/>
		<feat xlink:href="#sSpan11057" value="2"/>
		<feat xlink:href="#sSpan11088" value="3"/>
		<feat xlink:href="#sSpan11117" value="4"/>
		<feat xlink:href="#sSpan11143" value="5"/>
		<feat xlink:href="#sSpan11174" value="6"/>
		<feat xlink:href="#sSpan11207" value="7"/>
		<feat xlink:href="#sSpan11238" value="8"/>
		<feat xlink:href="#sSpan11270" value="9"/>
		<feat xlink:href="#sSpan11303" value="10"/>
		<feat xlink:href="#sSpan11341" value="11"/>
		<feat xlink:href="#sSpan11379" value="12"/>
		<feat xlink:href="#sSpan11409" value="13"/>
		<feat xlink:href="#sSpan11433" value="14"/>
		<feat xlink:href="#sSpan11459" value="15"/>
		<feat xlink:href="#sSpan11492" value="16"/>
		<feat xlink:href="#sSpan11529" value="17"/>
		<feat xlink:href="#sSpan11561" value="18"/>
		<feat xlink:href="#sSpan11591" value="19"/>
		<feat xlink:href="#sSpan11627" value="20"/>
		<feat xlink:href="#sSpan11658" value="21"/>
		<feat xlink:href="#sSpan11689" value="22"/>
		<feat xlink:href="#sSpan11726" value="23"/>
		<feat xlink:href="#sSpan11762" value="24"/>
		<feat xlink:href="#sSpan11795" value="25"/>
		<feat xlink:href="#sSpan11826" value="26"/>
		<feat xlink:href="#sSpan11860" value="27"/>
		<feat xlink:href="#sSpan11891" value="28"/>
		<feat xlink:href="#sSpan11924" value="29"/>
		<feat xlink:href="#sSpan11962" value="30"/>
		<feat xlink:href="#sSpan11998" value="31"/>
		<feat xlink:href="#sSpan12040" value="32"/>
		<feat xlink:href="#sSpan12069" value="33"/>
		<feat xlink:href="#sSpan12109" value="34"/>
		<feat xlink:href="#sSpan12141" value="35"/>
		<feat xlink:href="#sSpan12176" value="1"/>
		<feat xlink:href="#sSpan12209" value="2"/>
		<feat xlink:href="#sSpan12241" value="3"/>
		<feat xlink:href="#sSpan12273" value="4"/>
		<feat xlink:href="#sSpan12306" value="5"/>
		<feat xlink:href="#sSpan12338" value="6"/>
		<feat xlink:href="#sSpan12372" value="7"/>
		<feat xlink:href="#sSpan12407" value="8"/>
		<feat xlink:href="#sSpan12441" value="9"/>
		<feat xlink:href="#sSpan12483" value="10"/>
		<feat xlink:href="#sSpan12518" value="11"/>
		<feat xlink:href="#sSpan12557" value="12"/>
		<feat xlink:href="#sSpan12607" value="13"/>
		<feat xlink:href="#sSpan12642" value="14"/>
		<feat xlink:href="#sSpan12675" value="15"/>
		<feat xlink:href="#sSpan12710" value="16"/>
		<feat xlink:href="#sSpan12752" value="17"/>
		<feat xlink:href="#sSpan12780" value="18"/>
		<feat xlink:href="#sSpan12813" value="19"/>
		<feat xlink:href="#sSpan12855" value="20"/>
		<feat xlink:href="#sSpan12879" value="21"/>
		<feat xlink:href="#sSpan12904" value="22"/>
		<feat xlink:href="#sSpan12929" value="23"/>
		<feat xlink:href="#sSpan12956" value="24"/>
		<feat xlink:href="#sSpan12992" value="25"/>
		<feat xlink:href="#sSpan13020" value="26"/>
		<feat xlink:href="#sSpan13057" value="27"/>
		<feat xlink:href="#sSpan13087" value="28"/>
		<feat xlink:href="#sSpan13119" value="29"/>
		<feat xlink:href="#sSpan13153" value="30"/>
		<feat xlink:href="#sSpan13184" value="31"/>
		<feat xlink:href="#sSpan13214" value="32"/>
		<feat xlink:href="#sSpan13241" value="33"/>
		<feat xlink:href="#sSpan13268" value="34"/>
		<feat xlink:href="#sSpan13305" value="35"/>
		<feat xlink:href="#sSpan13336" value="1"/>
		<feat xlink:href="#sSpan13372" value="2"/>
		<feat xlink:href="#sSpan13411" value="3"/>
		<feat xlink:href="#sSpan13441" value="4"/>
		<feat xlink:href="#sSpan13485" value="5"/>
		<feat xlink:href="#sSpan13517" value="6"/>
		<feat xlink:href="#sSpan13547" value="7"/>
		<feat xlink:href="#sSpan13588" value="8"/>
		<feat xlink:href="#sSpan13621" value="9"/>
		<feat xlink:href="#sSpan13656" value="10"/>
		<feat xlink:href="#sSpan13687" value="11"/>
		<feat xlink:href="#sSpan13717" value="12"/>
		<feat xlink:href="#sSpan13750" value="13"/>
		<feat xlink:href="#sSpan13788" value="14"/>
		<feat xlink:href="#sSpan13826" value="15"/>
		<feat xlink:href="#sSpan13857" value="16"/>
		<feat xlink:href="#sSpan13892" value="17"/>
		<feat xlink:href="#sSpan13924" value="18"/>
		<feat xlink:href="#sSpan13961" value="19"/>
		<feat xlink:href="#sSpan13997" value="20"/>
		<feat xlink:href="#sSpan14035" value="21"/>
		<feat xlink:href="#sSpan14075" value="22"/>
		<feat xlink:href="#sSpan14113" value="23"/>
		<feat xlink:href="#sSpan14151" value="24"/>
		<feat xlink:href="#sSpan14184" value="25"/>
		<feat xlink:href="#sSpan14229" value="26"/>
		<feat xlink:href="#sSpan14266" value="27"/>
		<feat xlink:href="#sSpan14304" value="28"/>
		<feat xlink:href="#sSpan14344" value="29"/>
		<feat xlink:href="#sSpan14384" value="30"/>
		<feat xlink:href="#sSpan14422" value="31"/>
		<feat xlink:href="#sSpan14453" value="32"/>
		<feat xlink:href="#sSpan14489" value="33"/>
		<feat xlink:href="#sSpan14526" value="34"/>
		<feat xlink:href="#sSpan14556" value="35"/>
		<feat xlink:href="#sSpan14596" value="1"/>
		<feat xlink:href="#sSpan14636" value="2"/>
		<feat xlink:href="#sSpan14673" value="3"/>
		<feat xlink:href="#sSpan14711" value="4"/>
		<feat xlink:href="#sSpan14741" value="5"/>
		<feat xlink:href="#sSpan14781" value="6"/>
		<feat xlink:href="#sSpan14814" value="7"/>
		<feat xlink:href="#sSpan14856" value="8"/>
		<feat xlink:href="#sSpan14891" value="9"/>
		<feat xlink:href="#sSpan14912" value="10"/>
		<feat xlink:href="#sSpan14949" value="11"/>
		<feat xlink:href="#sSpan14988" value="12"/>
		<feat xlink:href="#sSpan15018" value="13"/>
		<feat xlink:href="#sSpan15054" value="14"/>
		<feat xlink:href="#sSpan15079" value="15"/>
		<feat xlink:href="#sSpan15118" value="16"/>
		<feat xlink:href="#sSpan15147" value="17"/>
		<feat xlink:href="#sSpan15185" value="18"/>
		<feat xlink:href="#sSpan15220" value="19"/>
		<feat xlink:href="#sSpan15265" value="20"/>
		<feat xlink:href="#sSpan15306" value="21"/>
		<feat xlink:href="#sSpan15339" value="22"/>
		<feat xlink:href="#sSpan15358" value="23"/>
		<feat xlink:href="#sSpan15400" value="24"/>
		<feat xlink:href="#sSpan15436" value="25"/>
		<feat xlink:href="#sSpan15469" value="26"/>
		<feat xlink:href="#sSpan15502" value="27"/>
		<feat xlink:href="#sSpan15536" value="28"/>
		<feat xlink:href="#sSpan15561" value="29"/>
		<feat xlink:href="#sSpan15598" value="30"/>
		<feat xlink:href="#sSpan15623" value="31"/>
		<feat xlink:href="#sSpan15646" value="32"/>
		<feat xlink:href="#sSpan15676" value="33"/>
		<feat xlink:href="#sSpan15705" value="34"/>
		<feat xlink:href="#sSpan15737" value="35"/>
		<feat xlink:href="#sSpan15769" value="1"/>
		<feat xlink:href="#sSpan15810" value="2"/>
		<feat xlink:href="#sSpan15844" value="3"/>
		<feat xlink:href="#sSpan15883" value="4"/>
		<feat xlink:href="#sSpan15926" value="5"/>
		<feat xlink:href="#sSpan15957" value="6"/>
		<feat xlink:href="#sSpan15992" value="7"/>
		<feat xlink:href="#sSpan16029" value="8"/>
		<feat xlink:href="#sSpan16063" value="9"/>
		<feat xlink:href="#sSpan16098" value="10"/>
		<feat xlink:href="#sSpan16139" value="11"/>
		<feat xlink:href="#sSpan16177" value="12"/>
		<feat xlink:href="#sSpan16214" value="13"/>
		<feat xlink:href="#sSpan16248" value="14"/>
		<feat xlink:href="#sSpan16284" value="15"/>
		<feat xlink:href="#sSpan16311" value="16"/>
		<feat xlink:href="#sSpan16347" value="17"/>
		<feat xlink:href="#sSpan16381" value="18"/>
		<feat xlink:href="#sSpan16410" value="19"/>
		<feat xlink:href="#sSpan16432" value="20"/>
		<feat xlink:href="#sSpan16466" value="21"/>
		<feat xlink:href="#sSpan16496" value="22"/>
		<feat xlink:href="#sSpan16528" value="23"/>
		<feat xlink:href="#sSpan16556" value="24"/>
		<feat xlink:href="#sSpan16596" value="25"/>
		<feat xlink:href="#sSpan16635" value="26"/>
		<feat xlink:href="#sSpan16667" value="27"/>
		<feat xlink:href="#sSpan16702" value="28"/>
		<feat xlink:href="#sSpan16737" value="29"/>
		<feat xlink:href="#sSpan16775" value="30"/>
		<feat xlink:href="#sSpan16808" value="31"/>
		<feat xlink:href="#sSpan16842" value="32"/>
		<feat xlink:href="#sSpan16867" value="1"/>
		<feat xlink:href="#sSpan16892" value="2"/>
		<feat xlink:href="#sSpan16918" value="3"/>
		<feat xlink:href="#sSpan16951" value="4"/>
		<feat xlink:href="#sSpan16977" value="5"/>
		<feat xlink:href="#sSpan17014" value="6"/>
		<feat xlink:href="#sSpan17039" value="7"/>
		<feat xlink:href="#sSpan17064" value="8"/>
		<feat xlink:href="#sSpan17096" value="9"/>
		<feat xlink:href="#sSpan17127" value="10"/>
		<feat xlink:href="#sSpan17162" value="11"/>
		<feat xlink:href="#sSpan17195" value="12"/>
		<feat xlink:href="#sSpan17227" value="13"/>
		<feat xlink:href="#sSpan17271" value="14"/>
		<feat xlink:href="#sSpan17303" value="15"/>
		<feat xlink:href="#sSpan17337" value="16"/>
		<feat xlink:href="#sSpan17371" value="17"/>
		<feat xlink:href="#sSpan17407" value="18"/>
		<feat xlink:href="#sSpan17446" value="19"/>
		<feat xlink:href="#sSpan17481" value="20"/>
		<feat xlink:href="#sSpan17507" value="21"/>
		<feat xlink:href="#sSpan17539" value="22"/>
		<feat xlink:href="#sSpan17575" value="23"/>
		<feat xlink:href="#sSpan17602" value="24"/>
		<feat xlink:href="#sSpan17630" value="25"/>
		<feat xlink:href="#sSpan17656" value="26"/>
		<feat xlink:href="#sSpan17684" value="27"/>
		<feat xlink:href="#sSpan17711" value="28"/>
		<feat xlink:href="#sSpan17745" value="29"/>
		<feat xlink:href="#sSpan17778" value="30"/>
		<feat xlink:href="#sSpan17807" value="31"/>
		<feat xlink:href="#sSpan17828" value="32"/>
		<feat xlink:href="#sSpan17858" value="33"/>
		<feat xlink:href="#sSpan17900" value="34"/>
		<feat xlink:href="#sSpan17935" value="1"/>
		<feat xlink:href="#sSpan17973" value="2"/>
		<feat xlink:href="#sSpan18010" value="3"/>
		<feat xlink:href="#sSpan18047" value="4"/>
		<feat xlink:href="#sSpan18086" value="5"/>
		<feat xlink:href="#sSpan18120" value="6"/>
		<feat xlink:href="#sSpan18154" value="7"/>
		<feat xlink:href="#sSpan18192" value="8"/>
		<feat xlink:href="#sSpan18221" value="9"/>
		<feat xlink:href="#sSpan18255" value="10"/>
		<feat xlink:href="#sSpan18277" value="11"/>
		<feat xlink:href="#sSpan18313" value="12"/>
		<feat xlink:href="#sSpan18345" value="13"/>
		<feat xlink:href="#sSpan18384" value="14"/>
		<feat xlink:href="#sSpan18418" value="15"/>
		<feat xlink:href="#sSpan18454" value="16"/>
		<feat xlink:href="#sSpan18498" value="17"/>
		<feat xlink:href="#sSpan18523" value="18"/>
		<feat xlink:href="#sSpan18553" value="19"/>
		<feat xlink:href="#sSpan18592" value="20"/>
		<feat xlink:href="#sSpan18629" value="21"/>
		<feat xlink:href="#sSpan18665" value="22"/>
		<feat xlink:href="#sSpan18708" value="23"/>
		<feat xlink:href="#sSpan18742" value="24"/>
		<feat xlink:href="#sSpan18769" value="25"/>
		<feat xlink:href="#sSpan18801" value="26"/>
		<feat xlink:href="#sSpan18835" value="27"/>
		<feat xlink:href="#sSpan18869" value="28"/>
		<feat xlink:href="#sSpan18903" value="29"/>
		<feat xlink:href="#sSpan18934" value="30"/>
		<feat xlink:href="#sSpan18970" value="31"/>
		<feat xlink:href="#sSpan19007" value="32"/>
		<feat xlink:href="#sSpan19044" value="33"/>
		<feat xlink:href="#sSpan19085" value="34"/>
		<feat xlink:href="#sSpan19113" value="35"/>
		<feat xlink:href="#sSpan19142" value="1"/>
		<feat xlink:href="#sSpan19188" value="2"/>
		<feat xlink:href="#sSpan19228" value="3"/>
		<feat xlink:href="#sSpan19259" value="4"/>
		<feat xlink:href="#sSpan19297" value="5"/>
		<feat xlink:href="#sSpan19334" value="6"/>
		<feat xlink:href="#sSpan19361" value="7"/>
		<feat xlink:href="#sSpan19398" value="8"/>
		<feat xlink:href="#sSpan19436" value="9"/>
		<feat xlink:href="#sSpan19473" value="10"/>
		<feat xlink:href="#sSpan19504" value="11"/>
		<feat xlink:href="#sSpan19534" value="12"/>
		<feat xlink:href="#sSpan19567" value="13"/>
		<feat xlink:href="#sSpan19598" value="14"/>
		<feat xlink:href="#sSpan19643" value="15"/>
		<feat xlink:href="#sSpan19681" value="16"/>
		<feat xlink:href="#sSpan19712" value="17"/>
		<feat xlink:href="#sSpan19740" value="18"/>
		<feat xlink:href="#sSpan19778" value="19"/>
		<feat xlink:href="#sSpan19805" value="20"/>
		<feat xlink:href="#sSpan19835" value="21"/>
		<feat xlink:href="#sSpan19866" value="22"/>
		<feat xlink:href="#sSpan19898" value="23"/>
		<feat xlink:href="#sSpan19934" value="24"/>
		<feat xlink:href="#sSpan19969" value="25"/>
		<feat xlink:href="#sSpan20000" value="26"/>
		<feat xlink:href="#sSpan20029" value="27"/>
		<feat xlink:href="#sSpan20070" value="28"/>
		<feat xlink:href="#sSpan20109" value="29"/>
		<feat xlink:href="#sSpan20143" value="30"/>
		<feat xlink:href="#sSpan20172" value="31"/>
		<feat xlink:href="#sSpan20204" value="32"/>
		<feat xlink:href="#sSpan20235" value="33"/>
		<feat xlink:href="#sSpan20275" value="34"/>
		<feat xlink:href="#sSpan20309" value="35"/>
		<feat xlink:href="#sSpan20339" value="36"/>
		<feat xlink:href="#sSpan20370" value="1"/>
		<feat xlink:href="#sSpan20422" value="2"/>
		<feat xlink:href="#sSpan20457" value="3"/>
		<feat xlink:href="#sSpan20492" value="4"/>
		<feat xlink:href="#sSpan20526" value="5"/>
		<feat xlink:href="#sSpan20569" value="6"/>
		<feat xlink:href="#sSpan20603" value="7"/>
		<feat xlink:href="#sSpan20643" value="8"/>
		<feat xlink:href="#sSpan20674" value="9"/>
		<feat xlink:href="#sSpan20704" value="10"/>
		<feat xlink:href="#sSpan20737" value="11"/>
		<feat xlink:href="#sSpan20776" value="12"/>
		<feat xlink:href="#sSpan20814" value="13"/>
		<feat xlink:href="#sSpan20861" value="14"/>
		<feat xlink:href="#sSpan20895" value="15"/>
		<feat xlink:href="#sSpan20920" value="16"/>
		<feat xlink:href="#sSpan20957" value="17"/>
		<feat xlink:href="#sSpan20984" value="18"/>
		<feat xlink:href="#sSpan21026" value="19"/>
		<feat xlink:href="#sSpan21052" value="20"/>
		<feat xlink:href="#sSpan21080" value="21"/>
		<feat xlink:href="#sSpan21113" value="22"/>
		<feat xlink:href="#sSpan21149" value="23"/>
		<feat xlink:href="#sSpan21186" value="24"/>
		<feat xlink:href="#sSpan21224" value="25"/>
		<feat xlink:href="#sSpan21264" value="26"/>
		<feat xlink:href="#sSpan21295" value="27"/>
		<feat xlink:href="#sSpan21322" value="28"/>
		<feat xlink:href="#sSpan21362" value="29"/>
		<feat xlink:href="#sSpan21397" value="30"/>
		<feat xlink:href="#sSpan21437" value="31"/>
		<feat xlink:href="#sSpan21473" value="32"/>
		<feat xlink:href="#sSpan21508" value="33"/>
		<feat xlink:href="#sSpan21545" value="34"/>
		<feat xlink:href="#sSpan21581" value="35"/>
		<feat xlink:href="#sSpan21614" value="1"/>
		<feat xlink:href="#sSpan21658" value="2"/>
		<feat xlink:href="#sSpan21711" value="3"/>
		<feat xlink:href="#sSpan21748" value="4"/>
		<feat xlink:href="#sSpan21787" value="5"/>
		<feat xlink:href="#sSpan21817" value="6"/>
		<feat xlink:href="#sSpan21860" value="7"/>
		<feat xlink:href="#sSpan21897" value="8"/>
		<feat xlink:href="#sSpan21947" value="9"/>
		<feat xlink:href="#sSpan21988" value="10"/>
		<feat xlink:href="#sSpan22025" value="11"/>
		<feat xlink:href="#sSpan22064" value="12"/>
		<feat xlink:href="#sSpan22104" value="13"/>
		<feat xlink:href="#sSpan22132" value="14"/>
		<feat xlink:href="#sSpan22176" value="15"/>
		<feat xlink:href="#sSpan22208" value="16"/>
		<feat xlink:href="#sSpan22255" value="17"/>
		<feat xlink:href="#sSpan22293" value="18"/>
		<feat xlink:href="#sSpan22330" value="19"/>
		<feat xlink:href="#sSpan22362" value="20"/>
		<feat xlink:href="#sSpan22400" value="21"/>
		<feat xlink:href="#sSpan22428" value="22"/>
		<feat xlink:href="#sSpan22465" value="23"/>
		<feat xlink:href="#sSpan22502" value="24"/>
		<feat xlink:href="#sSpan22542" value="25"/>
		<feat xlink:href="#sSpan22574" value="26"/>
		<feat xlink:href="#sSpan22584" value="27"/>
		<feat xlink:href="#sSpan22596" value="28"/></featList></paula>