<?xml version='1.0' encoding='UTF-8'?><!DOCTYPE paula SYSTEM "paula_feat.dtd">
<paula version="1.1">
	<header paula_id="scriptorium.thomas_gospel.mark_entity"/>
	<featList xmlns:xlink="http://www.w3.org/1999/xlink" type="entity" xml:base="scriptorium.thomas_gospel.mark.xml">
		<feat xlink:href="#sSpan3" value="abstract"/>
		<feat xlink:href="#sSpan21" value="abstract"/>
		<feat xlink:href="#sSpan39" value="person"/>
		<feat xlink:href="#sSpan74" value="person"/>
		<feat xlink:href="#sSpan105" value="person"/>
		<feat xlink:href="#sSpan121" value="abstract"/>
		<feat xlink:href="#sSpan131" value="abstract"/>
		<feat xlink:href="#sSpan155" value="event"/>
		<feat xlink:href="#sSpan172" value="person"/>
		<feat xlink:href="#sSpan189" value="person"/>
		<feat xlink:href="#sSpan283" value="abstract"/>
		<feat xlink:href="#sSpan298" value="person"/>
		<feat xlink:href="#sSpan322" value="person"/>
		<feat xlink:href="#sSpan330" value="abstract"/>
		<feat xlink:href="#sSpan351" value="place"/>
		<feat xlink:href="#sSpan362" value="place"/>
		<feat xlink:href="#sSpan371" value="animal"/>
		<feat xlink:href="#sSpan399" value="place"/>
		<feat xlink:href="#sSpan429" value="place"/>
		<feat xlink:href="#sSpan440" value="animal"/>
		<feat xlink:href="#sSpan473" value="place"/>
		<feat xlink:href="#sSpan486" value="abstract"/>
		<feat xlink:href="#sSpan502" value="place"/>
		<feat xlink:href="#sSpan569" value="person"/>
		<feat xlink:href="#sSpan579" value="person"/>
		<feat xlink:href="#sSpan632" value="abstract"/>
		<feat xlink:href="#sSpan652" value="abstract"/>
		<feat xlink:href="#sSpan669" value="person"/>
		<feat xlink:href="#sSpan689" value="person"/>
		<feat xlink:href="#sSpan698" value="person"/>
		<feat xlink:href="#sSpan705" value="time"/>
		<feat xlink:href="#sSpan717" value="person"/>
		<feat xlink:href="#sSpan741" value="time"/>
		<feat xlink:href="#sSpan755" value="place"/>
		<feat xlink:href="#sSpan765" value="abstract"/>
		<feat xlink:href="#sSpan820" value="abstract"/>
		<feat xlink:href="#sSpan823" value="abstract"/>
		<feat xlink:href="#sSpan838" value="person"/>
		<feat xlink:href="#sSpan846" value="abstract"/>
		<feat xlink:href="#sSpan853" value="abstract"/>
		<feat xlink:href="#sSpan862" value="object"/>
		<feat xlink:href="#sSpan880" value="person"/>
		<feat xlink:href="#sSpan919" value="person"/>
		<feat xlink:href="#sSpan972" value="person"/>
		<feat xlink:href="#sSpan1097" value="object"/>
		<feat xlink:href="#sSpan1109" value="person"/>
		<feat xlink:href="#sSpan1130" value="abstract"/>
		<feat xlink:href="#sSpan1177" value="abstract"/>
		<feat xlink:href="#sSpan1191" value="place"/>
		<feat xlink:href="#sSpan1202" value="person"/>
		<feat xlink:href="#sSpan1252" value="person"/>
		<feat xlink:href="#sSpan1292" value="person"/>
		<feat xlink:href="#sSpan1295" value="person"/>
		<feat xlink:href="#sSpan1310" value="animal"/>
		<feat xlink:href="#sSpan1323" value="person"/>
		<feat xlink:href="#sSpan1347" value="animal"/>
		<feat xlink:href="#sSpan1361" value="person"/>
		<feat xlink:href="#sSpan1382" value="person"/>
		<feat xlink:href="#sSpan1396" value="animal"/>
		<feat xlink:href="#sSpan1416" value="animal"/>
		<feat xlink:href="#sSpan1433" value="person"/>
		<feat xlink:href="#sSpan1457" value="person"/>
		<feat xlink:href="#sSpan1471" value="person"/>
		<feat xlink:href="#sSpan1481" value="person"/>
		<feat xlink:href="#sSpan1504" value="abstract"/>
		<feat xlink:href="#sSpan1514" value="place"/>
		<feat xlink:href="#sSpan1543" value="place"/>
		<feat xlink:href="#sSpan1561" value="animal"/>
		<feat xlink:href="#sSpan1600" value="animal"/>
		<feat xlink:href="#sSpan1624" value="person"/>
		<feat xlink:href="#sSpan1634" value="person"/>
		<feat xlink:href="#sSpan1655" value="abstract"/>
		<feat xlink:href="#sSpan1670" value="animal"/>
		<feat xlink:href="#sSpan1697" value="place"/>
		<feat xlink:href="#sSpan1719" value="animal"/>
		<feat xlink:href="#sSpan1736" value="abstract"/>
		<feat xlink:href="#sSpan1741" value="person"/>
		<feat xlink:href="#sSpan1750" value="object"/>
		<feat xlink:href="#sSpan1782" value="person"/>
		<feat xlink:href="#sSpan1816" value="person"/>
		<feat xlink:href="#sSpan1850" value="person"/>
		<feat xlink:href="#sSpan1866" value="abstract"/>
		<feat xlink:href="#sSpan1884" value="animal"/>
		<feat xlink:href="#sSpan1900" value="person"/>
		<feat xlink:href="#sSpan1922" value="object"/>
		<feat xlink:href="#sSpan1955" value="place"/>
		<feat xlink:href="#sSpan1983" value="place"/>
		<feat xlink:href="#sSpan1995" value="person"/>
		<feat xlink:href="#sSpan2014" value="plant"/>
		<feat xlink:href="#sSpan2033" value="plant"/>
		<feat xlink:href="#sSpan2046" value="animal"/>
		<feat xlink:href="#sSpan2069" value="person"/>
		<feat xlink:href="#sSpan2082" value="place"/>
		<feat xlink:href="#sSpan2119" value="place"/>
		<feat xlink:href="#sSpan2146" value="abstract"/>
		<feat xlink:href="#sSpan2153" value="abstract"/>
		<feat xlink:href="#sSpan2162" value="object"/>
		<feat xlink:href="#sSpan2171" value="abstract"/>
		<feat xlink:href="#sSpan2183" value="person"/>
		<feat xlink:href="#sSpan2201" value="object"/>
		<feat xlink:href="#sSpan2210" value="place"/>
		<feat xlink:href="#sSpan2260" value="person"/>
		<feat xlink:href="#sSpan2267" value="place"/>
		<feat xlink:href="#sSpan2288" value="person"/>
		<feat xlink:href="#sSpan2295" value="place"/>
		<feat xlink:href="#sSpan2322" value="person"/>
		<feat xlink:href="#sSpan2347" value="person"/>
		<feat xlink:href="#sSpan2373" value="time"/>
		<feat xlink:href="#sSpan2391" value="person"/>
		<feat xlink:href="#sSpan2416" value="person"/>
		<feat xlink:href="#sSpan2441" value="abstract"/>
		<feat xlink:href="#sSpan2451" value="abstract"/>
		<feat xlink:href="#sSpan2473" value="time"/>
		<feat xlink:href="#sSpan2491" value="person"/>
		<feat xlink:href="#sSpan2506" value="person"/>
		<feat xlink:href="#sSpan2534" value="person"/>
		<feat xlink:href="#sSpan2545" value="abstract"/>
		<feat xlink:href="#sSpan2573" value="person"/>
		<feat xlink:href="#sSpan2584" value="person"/>
		<feat xlink:href="#sSpan2650" value="person"/>
		<feat xlink:href="#sSpan2664" value="place"/>
		<feat xlink:href="#sSpan2701" value="person"/>
		<feat xlink:href="#sSpan2721" value="place"/>
		<feat xlink:href="#sSpan2731" value="object"/>
		<feat xlink:href="#sSpan2754" value="person"/>
		<feat xlink:href="#sSpan2762" value="person"/>
		<feat xlink:href="#sSpan2831" value="person"/>
		<feat xlink:href="#sSpan2854" value="person"/>
		<feat xlink:href="#sSpan2887" value="person"/>
		<feat xlink:href="#sSpan2909" value="person"/>
		<feat xlink:href="#sSpan2919" value="person"/>
		<feat xlink:href="#sSpan2928" value="person"/>
		<feat xlink:href="#sSpan2952" value="person"/>
		<feat xlink:href="#sSpan2960" value="person"/>
		<feat xlink:href="#sSpan2970" value="object"/>
		<feat xlink:href="#sSpan3029" value="person"/>
		<feat xlink:href="#sSpan3039" value="person"/>
		<feat xlink:href="#sSpan3080" value="place"/>
		<feat xlink:href="#sSpan3094" value="abstract"/>
		<feat xlink:href="#sSpan3158" value="abstract"/>
		<feat xlink:href="#sSpan3174" value="person"/>
		<feat xlink:href="#sSpan3192" value="person"/>
		<feat xlink:href="#sSpan3217" value="person"/>
		<feat xlink:href="#sSpan3257" value="person"/>
		<feat xlink:href="#sSpan3275" value="person"/>
		<feat xlink:href="#sSpan3284" value="abstract"/>
		<feat xlink:href="#sSpan3317" value="object"/>
		<feat xlink:href="#sSpan3343" value="abstract"/>
		<feat xlink:href="#sSpan3362" value="object"/>
		<feat xlink:href="#sSpan3390" value="person"/>
		<feat xlink:href="#sSpan3433" value="abstract"/>
		<feat xlink:href="#sSpan3503" value="abstract"/>
		<feat xlink:href="#sSpan3513" value="abstract"/>
		<feat xlink:href="#sSpan3541" value="place"/>
		<feat xlink:href="#sSpan3566" value="place"/>
		<feat xlink:href="#sSpan3591" value="person"/>
		<feat xlink:href="#sSpan3618" value="abstract"/>
		<feat xlink:href="#sSpan3653" value="person"/>
		<feat xlink:href="#sSpan3677" value="object"/>
		<feat xlink:href="#sSpan3706" value="abstract"/>
		<feat xlink:href="#sSpan3723" value="object"/>
		<feat xlink:href="#sSpan3753" value="person"/>
		<feat xlink:href="#sSpan3774" value="person"/>
		<feat xlink:href="#sSpan3797" value="person"/>
		<feat xlink:href="#sSpan3812" value="object"/>
		<feat xlink:href="#sSpan3832" value="person"/>
		<feat xlink:href="#sSpan3848" value="person"/>
		<feat xlink:href="#sSpan3863" value="person"/>
		<feat xlink:href="#sSpan3886" value="person"/>
		<feat xlink:href="#sSpan3914" value="abstract"/>
		<feat xlink:href="#sSpan3924" value="place"/>
		<feat xlink:href="#sSpan3968" value="abstract"/>
		<feat xlink:href="#sSpan3978" value="place"/>
		<feat xlink:href="#sSpan3983" value="object"/>
		<feat xlink:href="#sSpan3990" value="object"/>
		<feat xlink:href="#sSpan3997" value="event"/>
		<feat xlink:href="#sSpan4012" value="object"/>
		<feat xlink:href="#sSpan4035" value="place"/>
		<feat xlink:href="#sSpan4046" value="person"/>
		<feat xlink:href="#sSpan4059" value="person"/>
		<feat xlink:href="#sSpan4069" value="person"/>
		<feat xlink:href="#sSpan4089" value="person"/>
		<feat xlink:href="#sSpan4100" value="person"/>
		<feat xlink:href="#sSpan4109" value="person"/>
		<feat xlink:href="#sSpan4153" value="person"/>
		<feat xlink:href="#sSpan4165" value="person"/>
		<feat xlink:href="#sSpan4188" value="person"/>
		<feat xlink:href="#sSpan4196" value="object"/>
		<feat xlink:href="#sSpan4215" value="abstract"/>
		<feat xlink:href="#sSpan4222" value="object"/>
		<feat xlink:href="#sSpan4238" value="abstract"/>
		<feat xlink:href="#sSpan4245" value="object"/>
		<feat xlink:href="#sSpan4276" value="abstract"/>
		<feat xlink:href="#sSpan4281" value="person"/>
		<feat xlink:href="#sSpan4296" value="person"/>
		<feat xlink:href="#sSpan4307" value="person"/>
		<feat xlink:href="#sSpan4330" value="event"/>
		<feat xlink:href="#sSpan4365" value="person"/>
		<feat xlink:href="#sSpan4390" value="time"/>
		<feat xlink:href="#sSpan4416" value="time"/>
		<feat xlink:href="#sSpan4429" value="place"/>
		<feat xlink:href="#sSpan4438" value="time"/>
		<feat xlink:href="#sSpan4453" value="event"/>
		<feat xlink:href="#sSpan4470" value="person"/>
		<feat xlink:href="#sSpan4480" value="person"/>
		<feat xlink:href="#sSpan4498" value="object"/>
		<feat xlink:href="#sSpan4507" value="time"/>
		<feat xlink:href="#sSpan4528" value="time"/>
		<feat xlink:href="#sSpan4558" value="event"/>
		<feat xlink:href="#sSpan4569" value="person"/>
		<feat xlink:href="#sSpan4576" value="person"/>
		<feat xlink:href="#sSpan4582" value="person"/>
		<feat xlink:href="#sSpan4601" value="abstract"/>
		<feat xlink:href="#sSpan4631" value="person"/>
		<feat xlink:href="#sSpan4652" value="abstract"/>
		<feat xlink:href="#sSpan4657" value="object"/>
		<feat xlink:href="#sSpan4703" value="plant"/>
		<feat xlink:href="#sSpan4717" value="place"/>
		<feat xlink:href="#sSpan4737" value="time"/>
		<feat xlink:href="#sSpan4744" value="time"/>
		<feat xlink:href="#sSpan4760" value="plant"/>
		<feat xlink:href="#sSpan4774" value="person"/>
		<feat xlink:href="#sSpan4808" value="event"/>
		<feat xlink:href="#sSpan4819" value="person"/>
		<feat xlink:href="#sSpan4830" value="person"/>
		<feat xlink:href="#sSpan4852" value="place"/>
		<feat xlink:href="#sSpan4863" value="place"/>
		<feat xlink:href="#sSpan4912" value="plant"/>
		<feat xlink:href="#sSpan4921" value="abstract"/>
		<feat xlink:href="#sSpan4938" value="object"/>
		<feat xlink:href="#sSpan4974" value="place"/>
		<feat xlink:href="#sSpan5013" value="object"/>
		<feat xlink:href="#sSpan5038" value="object"/>
		<feat xlink:href="#sSpan5051" value="place"/>
		<feat xlink:href="#sSpan5065" value="person"/>
		<feat xlink:href="#sSpan5073" value="person"/>
		<feat xlink:href="#sSpan5083" value="person"/>
		<feat xlink:href="#sSpan5129" value="person"/>
		<feat xlink:href="#sSpan5152" value="place"/>
		<feat xlink:href="#sSpan5191" value="person"/>
		<feat xlink:href="#sSpan5201" value="place"/>
		<feat xlink:href="#sSpan5220" value="place"/>
		<feat xlink:href="#sSpan5256" value="abstract"/>
		<feat xlink:href="#sSpan5298" value="place"/>
		<feat xlink:href="#sSpan5345" value="abstract"/>
		<feat xlink:href="#sSpan5362" value="person"/>
		<feat xlink:href="#sSpan5414" value="place"/>
		<feat xlink:href="#sSpan5423" value="abstract"/>
		<feat xlink:href="#sSpan5445" value="object"/>
		<feat xlink:href="#sSpan5471" value="abstract"/>
		<feat xlink:href="#sSpan5480" value="place"/>
		<feat xlink:href="#sSpan5503" value="abstract"/>
		<feat xlink:href="#sSpan5513" value="abstract"/>
		<feat xlink:href="#sSpan5537" value="person"/>
		<feat xlink:href="#sSpan5552" value="abstract"/>
		<feat xlink:href="#sSpan5572" value="abstract"/>
		<feat xlink:href="#sSpan5634" value="abstract"/>
		<feat xlink:href="#sSpan5643" value="person"/>
		<feat xlink:href="#sSpan5653" value="abstract"/>
		<feat xlink:href="#sSpan5663" value="plant"/>
		<feat xlink:href="#sSpan5696" value="abstract"/>
		<feat xlink:href="#sSpan5705" value="object"/>
		<feat xlink:href="#sSpan5722" value="person"/>
		<feat xlink:href="#sSpan5732" value="object"/>
		<feat xlink:href="#sSpan5764" value="person"/>
		<feat xlink:href="#sSpan5777" value="object"/>
		<feat xlink:href="#sSpan5802" value="person"/>
		<feat xlink:href="#sSpan5813" value="person"/>
		<feat xlink:href="#sSpan5837" value="abstract"/>
		<feat xlink:href="#sSpan5853" value="place"/>
		<feat xlink:href="#sSpan5891" value="abstract"/>
		<feat xlink:href="#sSpan5912" value="place"/>
		<feat xlink:href="#sSpan5926" value="person"/>
		<feat xlink:href="#sSpan5949" value="person"/>
		<feat xlink:href="#sSpan5954" value="person"/>
		<feat xlink:href="#sSpan5970" value="place"/>
		<feat xlink:href="#sSpan5992" value="place"/>
		<feat xlink:href="#sSpan6009" value="place"/>
		<feat xlink:href="#sSpan6021" value="abstract"/>
		<feat xlink:href="#sSpan6036" value="place"/>
		<feat xlink:href="#sSpan6037" value="place"/>
		<feat xlink:href="#sSpan6062" value="place"/>
		<feat xlink:href="#sSpan6088" value="abstract"/>
		<feat xlink:href="#sSpan6119" value="person"/>
		<feat xlink:href="#sSpan6128" value="person"/>
		<feat xlink:href="#sSpan6137" value="person"/>
		<feat xlink:href="#sSpan6159" value="person"/>
		<feat xlink:href="#sSpan6180" value="person"/>
		<feat xlink:href="#sSpan6210" value="object"/>
		<feat xlink:href="#sSpan6219" value="place"/>
		<feat xlink:href="#sSpan6228" value="object"/>
		<feat xlink:href="#sSpan6241" value="object"/>
		<feat xlink:href="#sSpan6253" value="place"/>
		<feat xlink:href="#sSpan6262" value="object"/>
		<feat xlink:href="#sSpan6277" value="object"/>
		<feat xlink:href="#sSpan6288" value="place"/>
		<feat xlink:href="#sSpan6298" value="object"/>
		<feat xlink:href="#sSpan6303" value="abstract"/>
		<feat xlink:href="#sSpan6319" value="place"/>
		<feat xlink:href="#sSpan6328" value="abstract"/>
		<feat xlink:href="#sSpan6363" value="place"/>
		<feat xlink:href="#sSpan6386" value="person"/>
		<feat xlink:href="#sSpan6399" value="person"/>
		<feat xlink:href="#sSpan6416" value="person"/>
		<feat xlink:href="#sSpan6423" value="person"/>
		<feat xlink:href="#sSpan6437" value="abstract"/>
		<feat xlink:href="#sSpan6470" value="abstract"/>
		<feat xlink:href="#sSpan6475" value="abstract"/>
		<feat xlink:href="#sSpan6492" value="person"/>
		<feat xlink:href="#sSpan6512" value="place"/>
		<feat xlink:href="#sSpan6532" value="abstract"/>
		<feat xlink:href="#sSpan6583" value="person"/>
		<feat xlink:href="#sSpan6591" value="object"/>
		<feat xlink:href="#sSpan6620" value="abstract"/>
		<feat xlink:href="#sSpan6636" value="place"/>
		<feat xlink:href="#sSpan6645" value="person"/>
		<feat xlink:href="#sSpan6671" value="place"/>
		<feat xlink:href="#sSpan6696" value="abstract"/>
		<feat xlink:href="#sSpan6715" value="person"/>
		<feat xlink:href="#sSpan6724" value="person"/>
		<feat xlink:href="#sSpan6742" value="abstract"/>
		<feat xlink:href="#sSpan6779" value="abstract"/>
		<feat xlink:href="#sSpan6788" value="object"/>
		<feat xlink:href="#sSpan6801" value="person"/>
		<feat xlink:href="#sSpan6808" value="object"/>
		<feat xlink:href="#sSpan6820" value="object"/>
		<feat xlink:href="#sSpan6829" value="person"/>
		<feat xlink:href="#sSpan6848" value="object"/>
		<feat xlink:href="#sSpan6867" value="object"/>
		<feat xlink:href="#sSpan6906" value="object"/>
		<feat xlink:href="#sSpan6919" value="object"/>
		<feat xlink:href="#sSpan6957" value="object"/>
		<feat xlink:href="#sSpan6971" value="object"/>
		<feat xlink:href="#sSpan6980" value="person"/>
		<feat xlink:href="#sSpan7006" value="place"/>
		<feat xlink:href="#sSpan7029" value="place"/>
		<feat xlink:href="#sSpan7053" value="time"/>
		<feat xlink:href="#sSpan7064" value="time"/>
		<feat xlink:href="#sSpan7085" value="person"/>
		<feat xlink:href="#sSpan7098" value="person"/>
		<feat xlink:href="#sSpan7117" value="object"/>
		<feat xlink:href="#sSpan7124" value="place"/>
		<feat xlink:href="#sSpan7133" value="place"/>
		<feat xlink:href="#sSpan7170" value="object"/>
		<feat xlink:href="#sSpan7217" value="person"/>
		<feat xlink:href="#sSpan7245" value="abstract"/>
		<feat xlink:href="#sSpan7262" value="person"/>
		<feat xlink:href="#sSpan7271" value="person"/>
		<feat xlink:href="#sSpan7280" value="person"/>
		<feat xlink:href="#sSpan7299" value="abstract"/>
		<feat xlink:href="#sSpan7341" value="place"/>
		<feat xlink:href="#sSpan7392" value="place"/>
		<feat xlink:href="#sSpan7439" value="substance"/>
		<feat xlink:href="#sSpan7470" value="person"/>
		<feat xlink:href="#sSpan7481" value="object"/>
		<feat xlink:href="#sSpan7497" value="abstract"/>
		<feat xlink:href="#sSpan7500" value="abstract"/>
		<feat xlink:href="#sSpan7521" value="person"/>
		<feat xlink:href="#sSpan7533" value="object"/>
		<feat xlink:href="#sSpan7541" value="abstract"/>
		<feat xlink:href="#sSpan7551" value="event"/>
		<feat xlink:href="#sSpan7585" value="abstract"/>
		<feat xlink:href="#sSpan7600" value="abstract"/>
		<feat xlink:href="#sSpan7626" value="abstract"/>
		<feat xlink:href="#sSpan7641" value="person"/>
		<feat xlink:href="#sSpan7649" value="place"/>
		<feat xlink:href="#sSpan7660" value="person"/>
		<feat xlink:href="#sSpan7667" value="person"/>
		<feat xlink:href="#sSpan7675" value="person"/>
		<feat xlink:href="#sSpan7689" value="place"/>
		<feat xlink:href="#sSpan7702" value="person"/>
		<feat xlink:href="#sSpan7710" value="person"/>
		<feat xlink:href="#sSpan7744" value="person"/>
		<feat xlink:href="#sSpan7752" value="person"/>
		<feat xlink:href="#sSpan7768" value="place"/>
		<feat xlink:href="#sSpan7780" value="person"/>
		<feat xlink:href="#sSpan7796" value="abstract"/>
		<feat xlink:href="#sSpan7817" value="person"/>
		<feat xlink:href="#sSpan7825" value="place"/>
		<feat xlink:href="#sSpan7849" value="place"/>
		<feat xlink:href="#sSpan7916" value="person"/>
		<feat xlink:href="#sSpan7942" value="object"/>
		<feat xlink:href="#sSpan7951" value="object"/>
		<feat xlink:href="#sSpan7979" value="abstract"/>
		<feat xlink:href="#sSpan7992" value="abstract"/>
		<feat xlink:href="#sSpan8008" value="object"/>
		<feat xlink:href="#sSpan8030" value="object"/>
		<feat xlink:href="#sSpan8059" value="place"/>
		<feat xlink:href="#sSpan8098" value="object"/>
		<feat xlink:href="#sSpan8112" value="object"/>
		<feat xlink:href="#sSpan8161" value="abstract"/>
		<feat xlink:href="#sSpan8175" value="person"/>
		<feat xlink:href="#sSpan8182" value="person"/>
		<feat xlink:href="#sSpan8194" value="abstract"/>
		<feat xlink:href="#sSpan8207" value="person"/>
		<feat xlink:href="#sSpan8224" value="person"/>
		<feat xlink:href="#sSpan8250" value="place"/>
		<feat xlink:href="#sSpan8267" value="person"/>
		<feat xlink:href="#sSpan8281" value="person"/>
		<feat xlink:href="#sSpan8297" value="place"/>
		<feat xlink:href="#sSpan8306" value="person"/>
		<feat xlink:href="#sSpan8326" value="abstract"/>
		<feat xlink:href="#sSpan8347" value="object"/>
		<feat xlink:href="#sSpan8377" value="place"/>
		<feat xlink:href="#sSpan8390" value="person"/>
		<feat xlink:href="#sSpan8407" value="time"/>
		<feat xlink:href="#sSpan8415" value="time"/>
		<feat xlink:href="#sSpan8426" value="abstract"/>
		<feat xlink:href="#sSpan8434" value="time"/>
		<feat xlink:href="#sSpan8443" value="person"/>
		<feat xlink:href="#sSpan8474" value="person"/>
		<feat xlink:href="#sSpan8484" value="abstract"/>
		<feat xlink:href="#sSpan8523" value="abstract"/>
		<feat xlink:href="#sSpan8557" value="person"/>
		<feat xlink:href="#sSpan8605" value="object"/>
		<feat xlink:href="#sSpan8625" value="place"/>
		<feat xlink:href="#sSpan8638" value="object"/>
		<feat xlink:href="#sSpan8656" value="person"/>
		<feat xlink:href="#sSpan8668" value="substance"/>
		<feat xlink:href="#sSpan8716" value="person"/>
		<feat xlink:href="#sSpan8725" value="person"/>
		<feat xlink:href="#sSpan8762" value="person"/>
		<feat xlink:href="#sSpan8769" value="time"/>
		<feat xlink:href="#sSpan8803" value="abstract"/>
		<feat xlink:href="#sSpan8851" value="person"/>
		<feat xlink:href="#sSpan8869" value="person"/>
		<feat xlink:href="#sSpan8879" value="time"/>
		<feat xlink:href="#sSpan8935" value="person"/>
		<feat xlink:href="#sSpan8942" value="person"/>
		<feat xlink:href="#sSpan8953" value="person"/>
		<feat xlink:href="#sSpan8971" value="abstract"/>
		<feat xlink:href="#sSpan8983" value="abstract"/>
		<feat xlink:href="#sSpan9030" value="abstract"/>
		<feat xlink:href="#sSpan9079" value="person"/>
		<feat xlink:href="#sSpan9095" value="animal"/>
		<feat xlink:href="#sSpan9104" value="person"/>
		<feat xlink:href="#sSpan9124" value="animal"/>
		<feat xlink:href="#sSpan9138" value="person"/>
		<feat xlink:href="#sSpan9141" value="abstract"/>
		<feat xlink:href="#sSpan9150" value="object"/>
		<feat xlink:href="#sSpan9168" value="place"/>
		<feat xlink:href="#sSpan9184" value="person"/>
		<feat xlink:href="#sSpan9222" value="plant"/>
		<feat xlink:href="#sSpan9244" value="person"/>
		<feat xlink:href="#sSpan9251" value="person"/>
		<feat xlink:href="#sSpan9268" value="object"/>
		<feat xlink:href="#sSpan9296" value="person"/>
		<feat xlink:href="#sSpan9307" value="abstract"/>
		<feat xlink:href="#sSpan9348" value="person"/>
		<feat xlink:href="#sSpan9387" value="person"/>
		<feat xlink:href="#sSpan9414" value="abstract"/>
		<feat xlink:href="#sSpan9429" value="abstract"/>
		<feat xlink:href="#sSpan9501" value="person"/>
		<feat xlink:href="#sSpan9520" value="plant"/>
		<feat xlink:href="#sSpan9536" value="plant"/>
		<feat xlink:href="#sSpan9556" value="plant"/>
		<feat xlink:href="#sSpan9573" value="plant"/>
		<feat xlink:href="#sSpan9586" value="person"/>
		<feat xlink:href="#sSpan9593" value="person"/>
		<feat xlink:href="#sSpan9608" value="person"/>
		<feat xlink:href="#sSpan9640" value="abstract"/>
		<feat xlink:href="#sSpan9655" value="person"/>
		<feat xlink:href="#sSpan9682" value="person"/>
		<feat xlink:href="#sSpan9704" value="abstract"/>
		<feat xlink:href="#sSpan9748" value="place"/>
		<feat xlink:href="#sSpan9763" value="place"/>
		<feat xlink:href="#sSpan9776" value="person"/>
		<feat xlink:href="#sSpan9788" value="object"/>
		<feat xlink:href="#sSpan9801" value="plant"/>
		<feat xlink:href="#sSpan9820" value="object"/>
		<feat xlink:href="#sSpan9834" value="abstract"/>
		<feat xlink:href="#sSpan9849" value="plant"/>
		<feat xlink:href="#sSpan9861" value="person"/>
		<feat xlink:href="#sSpan9888" value="abstract"/>
		<feat xlink:href="#sSpan9906" value="abstract"/>
		<feat xlink:href="#sSpan9914" value="abstract"/>
		<feat xlink:href="#sSpan9928" value="person"/>
		<feat xlink:href="#sSpan9945" value="abstract"/>
		<feat xlink:href="#sSpan9960" value="abstract"/>
		<feat xlink:href="#sSpan9978" value="abstract"/>
		<feat xlink:href="#sSpan10001" value="abstract"/>
		<feat xlink:href="#sSpan10031" value="abstract"/>
		<feat xlink:href="#sSpan10056" value="abstract"/>
		<feat xlink:href="#sSpan10071" value="person"/>
		<feat xlink:href="#sSpan10081" value="person"/>
		<feat xlink:href="#sSpan10089" value="person"/>
		<feat xlink:href="#sSpan10105" value="person"/>
		<feat xlink:href="#sSpan10114" value="person"/>
		<feat xlink:href="#sSpan10124" value="person"/>
		<feat xlink:href="#sSpan10137" value="person"/>
		<feat xlink:href="#sSpan10172" value="object"/>
		<feat xlink:href="#sSpan10199" value="person"/>
		<feat xlink:href="#sSpan10227" value="abstract"/>
		<feat xlink:href="#sSpan10238" value="abstract"/>
		<feat xlink:href="#sSpan10266" value="person"/>
		<feat xlink:href="#sSpan10277" value="person"/>
		<feat xlink:href="#sSpan10293" value="person"/>
		<feat xlink:href="#sSpan10307" value="animal"/>
		<feat xlink:href="#sSpan10327" value="object"/>
		<feat xlink:href="#sSpan10351" value="person"/>
		<feat xlink:href="#sSpan10360" value="person"/>
		<feat xlink:href="#sSpan10389" value="person"/>
		<feat xlink:href="#sSpan10402" value="person"/>
		<feat xlink:href="#sSpan10437" value="person"/>
		<feat xlink:href="#sSpan10444" value="substance"/>
		<feat xlink:href="#sSpan10447" value="abstract"/>
		<feat xlink:href="#sSpan10480" value="substance"/>
		<feat xlink:href="#sSpan10508" value="substance"/>
		<feat xlink:href="#sSpan10522" value="abstract"/>
		<feat xlink:href="#sSpan10561" value="substance"/>
		<feat xlink:href="#sSpan10575" value="abstract"/>
		<feat xlink:href="#sSpan10614" value="object"/>
		<feat xlink:href="#sSpan10628" value="object"/>
		<feat xlink:href="#sSpan10637" value="abstract"/>
		<feat xlink:href="#sSpan10647" value="abstract"/>
		<feat xlink:href="#sSpan10667" value="person"/>
		<feat xlink:href="#sSpan10676" value="person"/>
		<feat xlink:href="#sSpan10700" value="place"/>
		<feat xlink:href="#sSpan10705" value="abstract"/>
		<feat xlink:href="#sSpan10725" value="place"/>
		<feat xlink:href="#sSpan10765" value="person"/>
		<feat xlink:href="#sSpan10772" value="person"/>
		<feat xlink:href="#sSpan10782" value="person"/>
		<feat xlink:href="#sSpan10819" value="abstract"/>
		<feat xlink:href="#sSpan10834" value="abstract"/>
		<feat xlink:href="#sSpan10877" value="person"/>
		<feat xlink:href="#sSpan10952" value="abstract"/>
		<feat xlink:href="#sSpan10959" value="place"/>
		<feat xlink:href="#sSpan10971" value="abstract"/>
		<feat xlink:href="#sSpan11047" value="abstract"/>
		<feat xlink:href="#sSpan11093" value="person"/>
		<feat xlink:href="#sSpan11110" value="object"/>
		<feat xlink:href="#sSpan11120" value="person"/>
		<feat xlink:href="#sSpan11154" value="abstract"/>
		<feat xlink:href="#sSpan11163" value="person"/>
		<feat xlink:href="#sSpan11193" value="abstract"/>
		<feat xlink:href="#sSpan11206" value="abstract"/>
		<feat xlink:href="#sSpan11234" value="person"/>
		<feat xlink:href="#sSpan11245" value="abstract"/>
		<feat xlink:href="#sSpan11259" value="event"/>
		<feat xlink:href="#sSpan11269" value="person"/>
		<feat xlink:href="#sSpan11291" value="abstract"/>
		<feat xlink:href="#sSpan11306" value="place"/>
		<feat xlink:href="#sSpan11340" value="person"/>
		<feat xlink:href="#sSpan11418" value="person"/>
		<feat xlink:href="#sSpan11428" value="person"/>
		<feat xlink:href="#sSpan11451" value="place"/>
		<feat xlink:href="#sSpan11517" value="person"/>
		<feat xlink:href="#sSpan11528" value="abstract"/>
		<feat xlink:href="#sSpan11556" value="person"/>
		<feat xlink:href="#sSpan11583" value="person"/>
		<feat xlink:href="#sSpan11596" value="abstract"/>
		<feat xlink:href="#sSpan11649" value="person"/>
		<feat xlink:href="#sSpan11673" value="person"/>
		<feat xlink:href="#sSpan11711" value="abstract"/>
		<feat xlink:href="#sSpan11739" value="person"/>
		<feat xlink:href="#sSpan11747" value="person"/>
		<feat xlink:href="#sSpan11757" value="person"/>
		<feat xlink:href="#sSpan11777" value="place"/>
		<feat xlink:href="#sSpan11788" value="place"/>
		<feat xlink:href="#sSpan11802" value="person"/>
		<feat xlink:href="#sSpan11809" value="person"/>
		<feat xlink:href="#sSpan11819" value="person"/>
		<feat xlink:href="#sSpan11833" value="person"/>
		<feat xlink:href="#sSpan11877" value="person"/>
		<feat xlink:href="#sSpan11890" value="person"/>
		<feat xlink:href="#sSpan11908" value="object"/>
		<feat xlink:href="#sSpan11948" value="abstract"/>
		<feat xlink:href="#sSpan11966" value="person"/>
		<feat xlink:href="#sSpan11973" value="person"/>
		<feat xlink:href="#sSpan11985" value="place"/>
		<feat xlink:href="#sSpan12005" value="object"/>
		<feat xlink:href="#sSpan12019" value="abstract"/>
		<feat xlink:href="#sSpan12039" value="abstract"/>
		<feat xlink:href="#sSpan12073" value="person"/>
		<feat xlink:href="#sSpan12080" value="abstract"/>
		<feat xlink:href="#sSpan12091" value="person"/>
		<feat xlink:href="#sSpan12112" value="person"/>
		<feat xlink:href="#sSpan12134" value="object"/>
		<feat xlink:href="#sSpan12155" value="person"/>
		<feat xlink:href="#sSpan12169" value="time"/>
		<feat xlink:href="#sSpan12190" value="place"/>
		<feat xlink:href="#sSpan12201" value="object"/>
		<feat xlink:href="#sSpan12222" value="person"/>
		<feat xlink:href="#sSpan12244" value="place"/>
		<feat xlink:href="#sSpan12298" value="place"/>
		<feat xlink:href="#sSpan12311" value="abstract"/>
		<feat xlink:href="#sSpan12318" value="plant"/>
		<feat xlink:href="#sSpan12335" value="time"/>
		<feat xlink:href="#sSpan12350" value="event"/>
		<feat xlink:href="#sSpan12360" value="abstract"/>
		<feat xlink:href="#sSpan12402" value="person"/>
		<feat xlink:href="#sSpan12410" value="person"/>
		<feat xlink:href="#sSpan12422" value="person"/>
		<feat xlink:href="#sSpan12436" value="abstract"/>
		<feat xlink:href="#sSpan12454" value="abstract"/>
		<feat xlink:href="#sSpan12467" value="person"/>
		<feat xlink:href="#sSpan12480" value="person"/>
		<feat xlink:href="#sSpan12587" value="person"/>
		<feat xlink:href="#sSpan12606" value="animal"/>
		<feat xlink:href="#sSpan12632" value="place"/>
		<feat xlink:href="#sSpan12651" value="person"/>
		<feat xlink:href="#sSpan12661" value="person"/>
		<feat xlink:href="#sSpan12668" value="abstract"/>
		<feat xlink:href="#sSpan12678" value="animal"/>
		<feat xlink:href="#sSpan12797" value="object"/>
		<feat xlink:href="#sSpan12816" value="abstract"/>
		<feat xlink:href="#sSpan12875" value="place"/>
		<feat xlink:href="#sSpan12896" value="event"/>
		<feat xlink:href="#sSpan12920" value="object"/>
		<feat xlink:href="#sSpan12942" value="person"/>
		<feat xlink:href="#sSpan12949" value="person"/>
		<feat xlink:href="#sSpan12969" value="object"/>
		<feat xlink:href="#sSpan12974" value="person"/>
		<feat xlink:href="#sSpan12987" value="person"/>
		<feat xlink:href="#sSpan13008" value="person"/>
		<feat xlink:href="#sSpan13017" value="person"/>
		<feat xlink:href="#sSpan13041" value="person"/>
		<feat xlink:href="#sSpan13056" value="object"/>
		<feat xlink:href="#sSpan13083" value="object"/>
		<feat xlink:href="#sSpan13097" value="person"/>
		<feat xlink:href="#sSpan13118" value="person"/>
		<feat xlink:href="#sSpan13134" value="person"/>
		<feat xlink:href="#sSpan13169" value="person"/>
		<feat xlink:href="#sSpan13180" value="person"/>
		<feat xlink:href="#sSpan13194" value="abstract"/>
		<feat xlink:href="#sSpan13240" value="abstract"/>
		<feat xlink:href="#sSpan13283" value="abstract"/>
		<feat xlink:href="#sSpan13294" value="person"/>
		<feat xlink:href="#sSpan13312" value="abstract"/>
		<feat xlink:href="#sSpan13322" value="abstract"/>
		<feat xlink:href="#sSpan13335" value="abstract"/>
		<feat xlink:href="#sSpan13347" value="person"/>
		<feat xlink:href="#sSpan13355" value="object"/>
		<feat xlink:href="#sSpan13377" value="object"/>
		<feat xlink:href="#sSpan13406" value="person"/>
		<feat xlink:href="#sSpan13418" value="person"/>
		<feat xlink:href="#sSpan13428" value="person"/>
		<feat xlink:href="#sSpan13448" value="abstract"/>
		<feat xlink:href="#sSpan13484" value="object"/>
		<feat xlink:href="#sSpan13538" value="abstract"/>
		<feat xlink:href="#sSpan13546" value="plant"/>
		<feat xlink:href="#sSpan13572" value="abstract"/>
		<feat xlink:href="#sSpan13575" value="abstract"/>
		<feat xlink:href="#sSpan13605" value="abstract"/>
		<feat xlink:href="#sSpan13620" value="time"/>
		<feat xlink:href="#sSpan13642" value="person"/>
		<feat xlink:href="#sSpan13651" value="abstract"/>
		<feat xlink:href="#sSpan13677" value="person"/>
		<feat xlink:href="#sSpan13684" value="person"/>
		<feat xlink:href="#sSpan13698" value="person"/>
		<feat xlink:href="#sSpan13724" value="event"/>
		<feat xlink:href="#sSpan13742" value="person"/>
		<feat xlink:href="#sSpan13768" value="person"/>
		<feat xlink:href="#sSpan13787" value="time"/>
		<feat xlink:href="#sSpan13815" value="person"/>
		<feat xlink:href="#sSpan13847" value="object"/>
		<feat xlink:href="#sSpan13860" value="person"/>
		<feat xlink:href="#sSpan13885" value="time"/>
		<feat xlink:href="#sSpan13934" value="object"/>
		<feat xlink:href="#sSpan13952" value="person"/>
		<feat xlink:href="#sSpan13978" value="person"/>
		<feat xlink:href="#sSpan14018" value="place"/>
		<feat xlink:href="#sSpan14050" value="object"/>
		<feat xlink:href="#sSpan14087" value="person"/>
		<feat xlink:href="#sSpan14110" value="person"/>
		<feat xlink:href="#sSpan14144" value="person"/>
		<feat xlink:href="#sSpan14189" value="abstract"/>
		<feat xlink:href="#sSpan14214" value="object"/>
		<feat xlink:href="#sSpan14236" value="person"/>
		<feat xlink:href="#sSpan14259" value="person"/>
		<feat xlink:href="#sSpan14303" value="place"/>
		<feat xlink:href="#sSpan14325" value="time"/>
		<feat xlink:href="#sSpan14371" value="person"/>
		<feat xlink:href="#sSpan14394" value="person"/>
		<feat xlink:href="#sSpan14403" value="person"/>
		<feat xlink:href="#sSpan14421" value="event"/>
		<feat xlink:href="#sSpan14443" value="person"/>
		<feat xlink:href="#sSpan14452" value="person"/>
		<feat xlink:href="#sSpan14469" value="place"/>
		<feat xlink:href="#sSpan14486" value="place"/>
		<feat xlink:href="#sSpan14494" value="person"/>
		<feat xlink:href="#sSpan14542" value="person"/>
		<feat xlink:href="#sSpan14552" value="object"/>
		<feat xlink:href="#sSpan14579" value="place"/>
		<feat xlink:href="#sSpan14589" value="person"/>
		<feat xlink:href="#sSpan14611" value="person"/>
		<feat xlink:href="#sSpan14622" value="abstract"/>
		<feat xlink:href="#sSpan14639" value="place"/>
		<feat xlink:href="#sSpan14665" value="person"/>
		<feat xlink:href="#sSpan14707" value="plant"/>
		<feat xlink:href="#sSpan14734" value="person"/>
		<feat xlink:href="#sSpan14749" value="person"/>
		<feat xlink:href="#sSpan14770" value="plant"/>
		<feat xlink:href="#sSpan14780" value="place"/>
		<feat xlink:href="#sSpan14807" value="person"/>
		<feat xlink:href="#sSpan14833" value="abstract"/>
		<feat xlink:href="#sSpan14859" value="person"/>
		<feat xlink:href="#sSpan14882" value="person"/>
		<feat xlink:href="#sSpan14894" value="person"/>
		<feat xlink:href="#sSpan14931" value="person"/>
		<feat xlink:href="#sSpan14942" value="person"/>
		<feat xlink:href="#sSpan14956" value="person"/>
		<feat xlink:href="#sSpan14974" value="person"/>
		<feat xlink:href="#sSpan14987" value="person"/>
		<feat xlink:href="#sSpan15015" value="abstract"/>
		<feat xlink:href="#sSpan15027" value="person"/>
		<feat xlink:href="#sSpan15038" value="person"/>
		<feat xlink:href="#sSpan15071" value="person"/>
		<feat xlink:href="#sSpan15082" value="place"/>
		<feat xlink:href="#sSpan15115" value="person"/>
		<feat xlink:href="#sSpan15125" value="object"/>
		<feat xlink:href="#sSpan15151" value="person"/>
		<feat xlink:href="#sSpan15168" value="object"/>
		<feat xlink:href="#sSpan15198" value="person"/>
		<feat xlink:href="#sSpan15217" value="object"/>
		<feat xlink:href="#sSpan15227" value="place"/>
		<feat xlink:href="#sSpan15238" value="person"/>
		<feat xlink:href="#sSpan15245" value="person"/>
		<feat xlink:href="#sSpan15256" value="abstract"/>
		<feat xlink:href="#sSpan15293" value="place"/>
		<feat xlink:href="#sSpan15313" value="person"/>
		<feat xlink:href="#sSpan15328" value="person"/>
		<feat xlink:href="#sSpan15386" value="place"/>
		<feat xlink:href="#sSpan15393" value="place"/>
		<feat xlink:href="#sSpan15424" value="person"/>
		<feat xlink:href="#sSpan15435" value="person"/>
		<feat xlink:href="#sSpan15442" value="person"/>
		<feat xlink:href="#sSpan15483" value="abstract"/>
		<feat xlink:href="#sSpan15490" value="person"/>
		<feat xlink:href="#sSpan15499" value="abstract"/>
		<feat xlink:href="#sSpan15514" value="person"/>
		<feat xlink:href="#sSpan15535" value="person"/>
		<feat xlink:href="#sSpan15568" value="abstract"/>
		<feat xlink:href="#sSpan15577" value="person"/>
		<feat xlink:href="#sSpan15592" value="person"/>
		<feat xlink:href="#sSpan15607" value="person"/>
		<feat xlink:href="#sSpan15618" value="person"/>
		<feat xlink:href="#sSpan15657" value="person"/>
		<feat xlink:href="#sSpan15669" value="person"/>
		<feat xlink:href="#sSpan15687" value="abstract"/>
		<feat xlink:href="#sSpan15710" value="person"/>
		<feat xlink:href="#sSpan15728" value="place"/>
		<feat xlink:href="#sSpan15744" value="person"/>
		<feat xlink:href="#sSpan15778" value="person"/>
		<feat xlink:href="#sSpan15802" value="person"/>
		<feat xlink:href="#sSpan15828" value="abstract"/>
		<feat xlink:href="#sSpan15837" value="person"/>
		<feat xlink:href="#sSpan15870" value="person"/>
		<feat xlink:href="#sSpan15904" value="person"/>
		<feat xlink:href="#sSpan15925" value="person"/>
		<feat xlink:href="#sSpan15965" value="person"/>
		<feat xlink:href="#sSpan15977" value="person"/>
		<feat xlink:href="#sSpan15984" value="event"/>
		<feat xlink:href="#sSpan16001" value="person"/>
		<feat xlink:href="#sSpan16036" value="person"/>
		<feat xlink:href="#sSpan16058" value="person"/>
		<feat xlink:href="#sSpan16070" value="event"/>
		<feat xlink:href="#sSpan16088" value="person"/>
		<feat xlink:href="#sSpan16097" value="person"/>
		<feat xlink:href="#sSpan16105" value="place"/>
		<feat xlink:href="#sSpan16114" value="place"/>
		<feat xlink:href="#sSpan16126" value="abstract"/>
		<feat xlink:href="#sSpan16138" value="abstract"/>
		<feat xlink:href="#sSpan16157" value="person"/>
		<feat xlink:href="#sSpan16164" value="person"/>
		<feat xlink:href="#sSpan16180" value="object"/>
		<feat xlink:href="#sSpan16192" value="person"/>
		<feat xlink:href="#sSpan16200" value="abstract"/>
		<feat xlink:href="#sSpan16221" value="place"/>
		<feat xlink:href="#sSpan16230" value="event"/>
		<feat xlink:href="#sSpan16241" value="person"/>
		<feat xlink:href="#sSpan16249" value="person"/>
		<feat xlink:href="#sSpan16260" value="person"/>
		<feat xlink:href="#sSpan16288" value="abstract"/>
		<feat xlink:href="#sSpan16307" value="place"/>
		<feat xlink:href="#sSpan16338" value="abstract"/>
		<feat xlink:href="#sSpan16352" value="person"/>
		<feat xlink:href="#sSpan16373" value="abstract"/>
		<feat xlink:href="#sSpan16402" value="object"/>
		<feat xlink:href="#sSpan16435" value="abstract"/>
		<feat xlink:href="#sSpan16467" value="place"/>
		<feat xlink:href="#sSpan16479" value="animal"/>
		<feat xlink:href="#sSpan16510" value="animal"/>
		<feat xlink:href="#sSpan16527" value="person"/>
		<feat xlink:href="#sSpan16543" value="abstract"/>
		<feat xlink:href="#sSpan16579" value="abstract"/>
		<feat xlink:href="#sSpan16592" value="abstract"/>
		<feat xlink:href="#sSpan16613" value="abstract"/>
		<feat xlink:href="#sSpan16626" value="abstract"/>
		<feat xlink:href="#sSpan16656" value="abstract"/>
		<feat xlink:href="#sSpan16682" value="object"/>
		<feat xlink:href="#sSpan16723" value="person"/>
		<feat xlink:href="#sSpan16753" value="place"/>
		<feat xlink:href="#sSpan16768" value="object"/>
		<feat xlink:href="#sSpan16791" value="abstract"/>
		<feat xlink:href="#sSpan16811" value="person"/>
		<feat xlink:href="#sSpan16823" value="object"/>
		<feat xlink:href="#sSpan16854" value="person"/>
		<feat xlink:href="#sSpan16863" value="person"/>
		<feat xlink:href="#sSpan16882" value="object"/>
		<feat xlink:href="#sSpan16917" value="abstract"/>
		<feat xlink:href="#sSpan16934" value="person"/>
		<feat xlink:href="#sSpan16950" value="person"/>
		<feat xlink:href="#sSpan16970" value="object"/>
		<feat xlink:href="#sSpan16999" value="object"/>
		<feat xlink:href="#sSpan17048" value="abstract"/>
		<feat xlink:href="#sSpan17074" value="person"/>
		<feat xlink:href="#sSpan17109" value="time"/>
		<feat xlink:href="#sSpan17142" value="object"/>
		<feat xlink:href="#sSpan17151" value="object"/>
		<feat xlink:href="#sSpan17175" value="object"/>
		<feat xlink:href="#sSpan17207" value="person"/>
		<feat xlink:href="#sSpan17214" value="person"/>
		<feat xlink:href="#sSpan17226" value="place"/>
		<feat xlink:href="#sSpan17246" value="object"/>
		<feat xlink:href="#sSpan17254" value="person"/>
		<feat xlink:href="#sSpan17278" value="object"/>
		<feat xlink:href="#sSpan17314" value="person"/>
		<feat xlink:href="#sSpan17321" value="person"/>
		<feat xlink:href="#sSpan17354" value="person"/>
		<feat xlink:href="#sSpan17367" value="abstract"/>
		<feat xlink:href="#sSpan17391" value="person"/>
		<feat xlink:href="#sSpan17398" value="person"/>
		<feat xlink:href="#sSpan17424" value="object"/>
		<feat xlink:href="#sSpan17437" value="person"/>
		<feat xlink:href="#sSpan17461" value="place"/>
		<feat xlink:href="#sSpan17476" value="person"/>
		<feat xlink:href="#sSpan17484" value="abstract"/>
		<feat xlink:href="#sSpan17504" value="person"/>
		<feat xlink:href="#sSpan17518" value="abstract"/>
		<feat xlink:href="#sSpan17542" value="abstract"/>
		<feat xlink:href="#sSpan17552" value="abstract"/>
		<feat xlink:href="#sSpan17561" value="person"/>
		<feat xlink:href="#sSpan17588" value="abstract"/>
		<feat xlink:href="#sSpan17609" value="abstract"/>
		<feat xlink:href="#sSpan17622" value="person"/>
		<feat xlink:href="#sSpan17629" value="time"/>
		<feat xlink:href="#sSpan17645" value="abstract"/>
		<feat xlink:href="#sSpan17687" value="object"/>
		<feat xlink:href="#sSpan17708" value="abstract"/>
		<feat xlink:href="#sSpan17771" value="person"/>
		<feat xlink:href="#sSpan17783" value="person"/>
		<feat xlink:href="#sSpan17800" value="abstract"/>
		<feat xlink:href="#sSpan17817" value="abstract"/>
		<feat xlink:href="#sSpan17865" value="person"/>
		<feat xlink:href="#sSpan17893" value="place"/>
		<feat xlink:href="#sSpan17907" value="event"/>
		<feat xlink:href="#sSpan17920" value="person"/>
		<feat xlink:href="#sSpan17927" value="animal"/>
		<feat xlink:href="#sSpan17951" value="abstract"/>
		<feat xlink:href="#sSpan17958" value="animal"/>
		<feat xlink:href="#sSpan17981" value="person"/>
		<feat xlink:href="#sSpan17988" value="person"/>
		<feat xlink:href="#sSpan18021" value="place"/>
		<feat xlink:href="#sSpan18036" value="object"/>
		<feat xlink:href="#sSpan18075" value="person"/>
		<feat xlink:href="#sSpan18082" value="abstract"/>
		<feat xlink:href="#sSpan18095" value="object"/>
		<feat xlink:href="#sSpan18112" value="object"/>
		<feat xlink:href="#sSpan18125" value="person"/>
		<feat xlink:href="#sSpan18139" value="abstract"/>
		<feat xlink:href="#sSpan18157" value="abstract"/>
		<feat xlink:href="#sSpan18164" value="person"/>
		<feat xlink:href="#sSpan18177" value="person"/>
		<feat xlink:href="#sSpan18184" value="person"/>
		<feat xlink:href="#sSpan18205" value="person"/>
		<feat xlink:href="#sSpan18236" value="person"/>
		<feat xlink:href="#sSpan18260" value="person"/>
		<feat xlink:href="#sSpan18306" value="abstract"/>
		<feat xlink:href="#sSpan18316" value="abstract"/>
		<feat xlink:href="#sSpan18336" value="person"/>
		<feat xlink:href="#sSpan18352" value="person"/>
		<feat xlink:href="#sSpan18374" value="place"/>
		<feat xlink:href="#sSpan18391" value="place"/>
		<feat xlink:href="#sSpan18417" value="person"/>
		<feat xlink:href="#sSpan18434" value="place"/>
		<feat xlink:href="#sSpan18469" value="place"/>
		<feat xlink:href="#sSpan18493" value="person"/>
		<feat xlink:href="#sSpan18515" value="abstract"/>
		<feat xlink:href="#sSpan18526" value="abstract"/>
		<feat xlink:href="#sSpan18537" value="abstract"/>
		<feat xlink:href="#sSpan18546" value="person"/>
		<feat xlink:href="#sSpan18581" value="event"/>
		<feat xlink:href="#sSpan18692" value="object"/>
		<feat xlink:href="#sSpan18701" value="place"/>
		<feat xlink:href="#sSpan18711" value="place"/>
		<feat xlink:href="#sSpan18724" value="person"/>
		<feat xlink:href="#sSpan18731" value="abstract"/>
		<feat xlink:href="#sSpan18757" value="time"/>
		<feat xlink:href="#sSpan18800" value="person"/>
		<feat xlink:href="#sSpan18832" value="person"/>
		<feat xlink:href="#sSpan18856" value="time"/>
		<feat xlink:href="#sSpan18884" value="time"/>
		<feat xlink:href="#sSpan18949" value="person"/>
		<feat xlink:href="#sSpan18958" value="animal"/>
		<feat xlink:href="#sSpan18984" value="place"/>
		<feat xlink:href="#sSpan19003" value="object"/>
		<feat xlink:href="#sSpan19014" value="animal"/>
		<feat xlink:href="#sSpan19041" value="abstract"/>
		<feat xlink:href="#sSpan19059" value="person"/>
		<feat xlink:href="#sSpan19062" value="person"/>
		<feat xlink:href="#sSpan19082" value="person"/>
		<feat xlink:href="#sSpan19120" value="person"/>
		<feat xlink:href="#sSpan19135" value="object"/>
		<feat xlink:href="#sSpan19155" value="place"/>
		<feat xlink:href="#sSpan19182" value="person"/>
		<feat xlink:href="#sSpan19217" value="person"/>
		<feat xlink:href="#sSpan19224" value="abstract"/>
		<feat xlink:href="#sSpan19236" value="abstract"/>
		<feat xlink:href="#sSpan19252" value="person"/>
		<feat xlink:href="#sSpan19270" value="person"/>
		<feat xlink:href="#sSpan19296" value="place"/>
		<feat xlink:href="#sSpan19317" value="person"/>
		<feat xlink:href="#sSpan19331" value="person"/>
		<feat xlink:href="#sSpan19341" value="object"/>
		<feat xlink:href="#sSpan19368" value="person"/>
		<feat xlink:href="#sSpan19375" value="abstract"/>
		<feat xlink:href="#sSpan19386" value="person"/>
		<feat xlink:href="#sSpan19406" value="person"/>
		<feat xlink:href="#sSpan19424" value="abstract"/>
		<feat xlink:href="#sSpan19443" value="abstract"/>
		<feat xlink:href="#sSpan19462" value="place"/>
		<feat xlink:href="#sSpan19484" value="object"/>
		<feat xlink:href="#sSpan19493" value="abstract"/>
		<feat xlink:href="#sSpan19511" value="abstract"/>
		<feat xlink:href="#sSpan19531" value="place"/>
		<feat xlink:href="#sSpan19570" value="abstract"/>
		<feat xlink:href="#sSpan19591" value="place"/>
		<feat xlink:href="#sSpan19605" value="abstract"/>
		<feat xlink:href="#sSpan19658" value="person"/>
		<feat xlink:href="#sSpan19663" value="place"/>
		<feat xlink:href="#sSpan19674" value="person"/>
		<feat xlink:href="#sSpan19692" value="person"/>
		<feat xlink:href="#sSpan19711" value="person"/>
		<feat xlink:href="#sSpan19722" value="person"/>
		<feat xlink:href="#sSpan19739" value="object"/>
		<feat xlink:href="#sSpan19749" value="place"/>
		<feat xlink:href="#sSpan19766" value="event"/>
		<feat xlink:href="#sSpan19791" value="object"/>
		<feat xlink:href="#sSpan19827" value="person"/>
		<feat xlink:href="#sSpan19841" value="person"/>
		<feat xlink:href="#sSpan19857" value="person"/>
		<feat xlink:href="#sSpan19869" value="person"/>
		<feat xlink:href="#sSpan19888" value="place"/>
		<feat xlink:href="#sSpan19919" value="person"/>
		<feat xlink:href="#sSpan19927" value="place"/>
		<feat xlink:href="#sSpan19943" value="abstract"/>
		<feat xlink:href="#sSpan19952" value="person"/>
		<feat xlink:href="#sSpan19957" value="abstract"/>
		<feat xlink:href="#sSpan19966" value="person"/>
		<feat xlink:href="#sSpan19978" value="person"/>
		<feat xlink:href="#sSpan20011" value="place"/>
		<feat xlink:href="#sSpan20022" value="person"/>
		<feat xlink:href="#sSpan20039" value="person"/>
		<feat xlink:href="#sSpan20047" value="substance"/>
		<feat xlink:href="#sSpan20073" value="person"/>
		<feat xlink:href="#sSpan20089" value="person"/>
		<feat xlink:href="#sSpan20108" value="time"/>
		<feat xlink:href="#sSpan20134" value="object"/>
		<feat xlink:href="#sSpan20138" value="person"/>
		<feat xlink:href="#sSpan20147" value="person"/>
		<feat xlink:href="#sSpan20154" value="person"/>
		<feat xlink:href="#sSpan20165" value="person"/>
		<feat xlink:href="#sSpan20177" value="person"/>
		<feat xlink:href="#sSpan20205" value="person"/>
		<feat xlink:href="#sSpan20218" value="person"/>
		<feat xlink:href="#sSpan20232" value="person"/>
		<feat xlink:href="#sSpan20282" value="person"/>
		<feat xlink:href="#sSpan20292" value="person"/>
		<feat xlink:href="#sSpan20306" value="person"/>
		<feat xlink:href="#sSpan20348" value="person"/>
		<feat xlink:href="#sSpan20379" value="person"/>
		<feat xlink:href="#sSpan20415" value="abstract"/>
		<feat xlink:href="#sSpan20429" value="person"/>
		<feat xlink:href="#sSpan20450" value="person"/>
		<feat xlink:href="#sSpan20471" value="animal"/>
		<feat xlink:href="#sSpan20489" value="object"/>
		<feat xlink:href="#sSpan20501" value="animal"/>
		<feat xlink:href="#sSpan20544" value="animal"/>
		<feat xlink:href="#sSpan20564" value="person"/>
		<feat xlink:href="#sSpan20572" value="person"/>
		<feat xlink:href="#sSpan20585" value="person"/>
		<feat xlink:href="#sSpan20617" value="abstract"/>
		<feat xlink:href="#sSpan20624" value="person"/>
		<feat xlink:href="#sSpan20670" value="abstract"/>
		<feat xlink:href="#sSpan20701" value="abstract"/>
		<feat xlink:href="#sSpan20712" value="place"/>
		<feat xlink:href="#sSpan20748" value="person"/>
		<feat xlink:href="#sSpan20769" value="time"/>
		<feat xlink:href="#sSpan20798" value="person"/>
		<feat xlink:href="#sSpan20819" value="abstract"/>
		<feat xlink:href="#sSpan20882" value="person"/>
		<feat xlink:href="#sSpan20902" value="place"/>
		<feat xlink:href="#sSpan20947" value="person"/>
		<feat xlink:href="#sSpan20954" value="person"/>
		<feat xlink:href="#sSpan20964" value="person"/>
		<feat xlink:href="#sSpan20973" value="person"/>
		<feat xlink:href="#sSpan20997" value="person"/>
		<feat xlink:href="#sSpan21007" value="person"/>
		<feat xlink:href="#sSpan21018" value="person"/>
		<feat xlink:href="#sSpan21035" value="person"/>
		<feat xlink:href="#sSpan21040" value="person"/>
		<feat xlink:href="#sSpan21059" value="person"/>
		<feat xlink:href="#sSpan21089" value="place"/>
		<feat xlink:href="#sSpan21124" value="person"/>
		<feat xlink:href="#sSpan21131" value="person"/>
		<feat xlink:href="#sSpan21160" value="person"/>
		<feat xlink:href="#sSpan21179" value="animal"/>
		<feat xlink:href="#sSpan21195" value="person"/>
		<feat xlink:href="#sSpan21213" value="person"/>
		<feat xlink:href="#sSpan21237" value="abstract"/>
		<feat xlink:href="#sSpan21253" value="person"/>
		<feat xlink:href="#sSpan21298" value="animal"/>
		<feat xlink:href="#sSpan21317" value="person"/>
		<feat xlink:href="#sSpan21329" value="person"/>
		<feat xlink:href="#sSpan21336" value="person"/>
		<feat xlink:href="#sSpan21355" value="object"/>
		<feat xlink:href="#sSpan21410" value="person"/>
		<feat xlink:href="#sSpan21444" value="person"/>
		<feat xlink:href="#sSpan21451" value="place"/>
		<feat xlink:href="#sSpan21470" value="person"/>
		<feat xlink:href="#sSpan21494" value="place"/>
		<feat xlink:href="#sSpan21504" value="abstract"/>
		<feat xlink:href="#sSpan21533" value="abstract"/>
		<feat xlink:href="#sSpan21577" value="person"/>
		<feat xlink:href="#sSpan21590" value="person"/>
		<feat xlink:href="#sSpan21613" value="place"/>
		<feat xlink:href="#sSpan21649" value="person"/>
		<feat xlink:href="#sSpan21699" value="abstract"/>
		<feat xlink:href="#sSpan21720" value="object"/>
		<feat xlink:href="#sSpan21727" value="place"/>
		<feat xlink:href="#sSpan21737" value="abstract"/>
		<feat xlink:href="#sSpan21755" value="person"/>
		<feat xlink:href="#sSpan21762" value="person"/>
		<feat xlink:href="#sSpan21779" value="place"/>
		<feat xlink:href="#sSpan21809" value="place"/>
		<feat xlink:href="#sSpan21824" value="person"/>
		<feat xlink:href="#sSpan21831" value="place"/>
		<feat xlink:href="#sSpan21853" value="place"/>
		<feat xlink:href="#sSpan21863" value="abstract"/>
		<feat xlink:href="#sSpan21880" value="person"/>
		<feat xlink:href="#sSpan21896" value="person"/>
		<feat xlink:href="#sSpan21920" value="event"/>
		<feat xlink:href="#sSpan21940" value="person"/>
		<feat xlink:href="#sSpan21960" value="person"/>
		<feat xlink:href="#sSpan21982" value="place"/>
		<feat xlink:href="#sSpan22013" value="person"/>
		<feat xlink:href="#sSpan22020" value="abstract"/>
		<feat xlink:href="#sSpan22028" value="object"/>
		<feat xlink:href="#sSpan22036" value="abstract"/>
		<feat xlink:href="#sSpan22049" value="abstract"/>
		<feat xlink:href="#sSpan22055" value="abstract"/>
		<feat xlink:href="#sSpan22067" value="abstract"/>
		<feat xlink:href="#sSpan22087" value="object"/>
		<feat xlink:href="#sSpan22113" value="person"/>
		<feat xlink:href="#sSpan22123" value="place"/>
		<feat xlink:href="#sSpan22145" value="abstract"/>
		<feat xlink:href="#sSpan22173" value="abstract"/>
		<feat xlink:href="#sSpan22215" value="place"/>
		<feat xlink:href="#sSpan22232" value="person"/>
		<feat xlink:href="#sSpan22246" value="abstract"/>
		<feat xlink:href="#sSpan22258" value="person"/>
		<feat xlink:href="#sSpan22279" value="place"/>
		<feat xlink:href="#sSpan22290" value="person"/>
		<feat xlink:href="#sSpan22320" value="person"/>
		<feat xlink:href="#sSpan22342" value="person"/>
		<feat xlink:href="#sSpan22365" value="person"/>
		<feat xlink:href="#sSpan22383" value="abstract"/>
		<feat xlink:href="#sSpan22395" value="person"/>
		<feat xlink:href="#sSpan22448" value="person"/>
		<feat xlink:href="#sSpan22478" value="abstract"/>
		<feat xlink:href="#sSpan22511" value="person"/>
		<feat xlink:href="#sSpan22520" value="person"/>
		<feat xlink:href="#sSpan22545" value="person"/>
		<feat xlink:href="#sSpan22565" value="place"/>
		<feat xlink:href="#sSpan22577" value="place"/>
		<feat xlink:href="#sSpan22586" value="abstract"/>
		<feat xlink:href="#sSpan22603" value="person"/></featList></paula>