<?xml version='1.0' encoding='UTF-8'?><!DOCTYPE paula SYSTEM "paula_feat.dtd">
<paula version="1.1">
	<header paula_id="scriptorium.thomas_gospel.mark_hi_rend"/>
	<featList xmlns:xlink="http://www.w3.org/1999/xlink" type="hi_rend" xml:base="scriptorium.thomas_gospel.mark.xml">
		<feat xlink:href="#sSpan259" value="9_space_left (vacat)"/>
		<feat xlink:href="#sSpan8876" value="Lycopolitan feature"/>
		<feat xlink:href="#sSpan12027" value="superscript"/>
		<feat xlink:href="#sSpan16436" value="superscript"/>
		<feat xlink:href="#sSpan16910" value="superscript"/>
		<feat xlink:href="#sSpan20244" value="superscript ⲉ"/>
		<feat xlink:href="#sSpan21487" value="superscript"/></featList></paula>