<?xml version='1.0' encoding='UTF-8'?><!DOCTYPE paula SYSTEM "paula_feat.dtd">
<paula version="1.1">
	<header paula_id="scriptorium.thomas_gospel.mark_lang"/>
	<featList xmlns:xlink="http://www.w3.org/1999/xlink" type="lang" xml:base="scriptorium.thomas_gospel.mark.xml">
		<feat xlink:href="#sSpan36" value="Hebrew"/>
		<feat xlink:href="#sSpan71" value="Greek"/>
		<feat xlink:href="#sSpan75" value="Hebrew"/>
		<feat xlink:href="#sSpan81" value="Aramaic"/>
		<feat xlink:href="#sSpan122" value="Greek"/>
		<feat xlink:href="#sSpan169" value="Hebrew"/>
		<feat xlink:href="#sSpan218" value="Greek"/>
		<feat xlink:href="#sSpan295" value="Hebrew"/>
		<feat xlink:href="#sSpan430" value="Greek"/>
		<feat xlink:href="#sSpan461" value="Greek"/>
		<feat xlink:href="#sSpan506" value="Greek"/>
		<feat xlink:href="#sSpan522" value="Greek"/>
		<feat xlink:href="#sSpan594" value="Greek"/>
		<feat xlink:href="#sSpan666" value="Hebrew"/>
		<feat xlink:href="#sSpan756" value="Greek"/>
		<feat xlink:href="#sSpan835" value="Hebrew"/>
		<feat xlink:href="#sSpan920" value="Greek"/>
		<feat xlink:href="#sSpan973" value="Greek"/>
		<feat xlink:href="#sSpan1010" value="Greek"/>
		<feat xlink:href="#sSpan1060" value="Greek"/>
		<feat xlink:href="#sSpan1083" value="Greek"/>
		<feat xlink:href="#sSpan1106" value="Hebrew"/>
		<feat xlink:href="#sSpan1203" value="Greek"/>
		<feat xlink:href="#sSpan1289" value="Hebrew"/>
		<feat xlink:href="#sSpan1298" value="Greek"/>
		<feat xlink:href="#sSpan1515" value="Greek"/>
		<feat xlink:href="#sSpan1544" value="Greek"/>
		<feat xlink:href="#sSpan1698" value="Greek"/>
		<feat xlink:href="#sSpan1729" value="Greek"/>
		<feat xlink:href="#sSpan1779" value="Hebrew"/>
		<feat xlink:href="#sSpan1851" value="Greek"/>
		<feat xlink:href="#sSpan1923" value="Greek"/>
		<feat xlink:href="#sSpan2108" value="Greek"/>
		<feat xlink:href="#sSpan2180" value="Hebrew"/>
		<feat xlink:href="#sSpan2212" value="Greek"/>
		<feat xlink:href="#sSpan2257" value="Hebrew"/>
		<feat xlink:href="#sSpan2278" value="Greek"/>
		<feat xlink:href="#sSpan2312" value="Greek"/>
		<feat xlink:href="#sSpan2422" value="Greek"/>
		<feat xlink:href="#sSpan2509" value="Greek"/>
		<feat xlink:href="#sSpan2516" value="Greek"/>
		<feat xlink:href="#sSpan2574" value="Greek"/>
		<feat xlink:href="#sSpan2581" value="Hebrew"/>
		<feat xlink:href="#sSpan2647" value="Hebrew"/>
		<feat xlink:href="#sSpan2698" value="Hebrew"/>
		<feat xlink:href="#sSpan2706" value="Greek"/>
		<feat xlink:href="#sSpan2751" value="Hebrew"/>
		<feat xlink:href="#sSpan2763" value="Greek"/>
		<feat xlink:href="#sSpan2828" value="Hebrew"/>
		<feat xlink:href="#sSpan2832" value="Greek"/>
		<feat xlink:href="#sSpan2855" value="Greek"/>
		<feat xlink:href="#sSpan2863" value="Greek"/>
		<feat xlink:href="#sSpan2884" value="Hebrew"/>
		<feat xlink:href="#sSpan2916" value="Greek"/>
		<feat xlink:href="#sSpan2949" value="Aramaic"/>
		<feat xlink:href="#sSpan2963" value="Greek"/>
		<feat xlink:href="#sSpan3026" value="Hebrew"/>
		<feat xlink:href="#sSpan3081" value="Greek"/>
		<feat xlink:href="#sSpan3134" value="Greek"/>
		<feat xlink:href="#sSpan3171" value="Aramaic"/>
		<feat xlink:href="#sSpan3176" value="Greek"/>
		<feat xlink:href="#sSpan3214" value="Hebrew"/>
		<feat xlink:href="#sSpan3254" value="Aramaic"/>
		<feat xlink:href="#sSpan3387" value="Hebrew"/>
		<feat xlink:href="#sSpan3406" value="Greek"/>
		<feat xlink:href="#sSpan3458" value="Greek"/>
		<feat xlink:href="#sSpan3480" value="Greek"/>
		<feat xlink:href="#sSpan3504" value="Greek"/>
		<feat xlink:href="#sSpan3514" value="Greek"/>
		<feat xlink:href="#sSpan3567" value="Greek"/>
		<feat xlink:href="#sSpan3576" value="Greek"/>
		<feat xlink:href="#sSpan3639" value="Greek"/>
		<feat xlink:href="#sSpan3662" value="Greek"/>
		<feat xlink:href="#sSpan3695" value="Greek"/>
		<feat xlink:href="#sSpan3750" value="Hebrew"/>
		<feat xlink:href="#sSpan3758" value="Greek"/>
		<feat xlink:href="#sSpan3860" value="Hebrew"/>
		<feat xlink:href="#sSpan3868" value="Greek"/>
		<feat xlink:href="#sSpan3915" value="Greek"/>
		<feat xlink:href="#sSpan3925" value="Greek"/>
		<feat xlink:href="#sSpan4001" value="Greek"/>
		<feat xlink:href="#sSpan4013" value="Greek"/>
		<feat xlink:href="#sSpan4150" value="Greek"/>
		<feat xlink:href="#sSpan4162" value="Hebrew"/>
		<feat xlink:href="#sSpan4297" value="Greek"/>
		<feat xlink:href="#sSpan4304" value="Hebrew"/>
		<feat xlink:href="#sSpan4362" value="Hebrew"/>
		<feat xlink:href="#sSpan4374" value="Greek"/>
		<feat xlink:href="#sSpan4391" value="Greek"/>
		<feat xlink:href="#sSpan4439" value="Greek"/>
		<feat xlink:href="#sSpan4475" value="Greek"/>
		<feat xlink:href="#sSpan4508" value="Greek"/>
		<feat xlink:href="#sSpan4566" value="Hebrew"/>
		<feat xlink:href="#sSpan4577" value="Greek"/>
		<feat xlink:href="#sSpan4634" value="Greek"/>
		<feat xlink:href="#sSpan4672" value="Greek"/>
		<feat xlink:href="#sSpan4687" value="Greek"/>
		<feat xlink:href="#sSpan4714" value="Greek"/>
		<feat xlink:href="#sSpan4820" value="Greek"/>
		<feat xlink:href="#sSpan4827" value="Hebrew"/>
		<feat xlink:href="#sSpan4931" value="Greek"/>
		<feat xlink:href="#sSpan4948" value="Greek"/>
		<feat xlink:href="#sSpan4955" value="Greek"/>
		<feat xlink:href="#sSpan5035" value="Greek"/>
		<feat xlink:href="#sSpan5062" value="Hebrew"/>
		<feat xlink:href="#sSpan5070" value="Hebrew"/>
		<feat xlink:href="#sSpan5084" value="Greek"/>
		<feat xlink:href="#sSpan5172" value="Greek"/>
		<feat xlink:href="#sSpan5309" value="Greek"/>
		<feat xlink:href="#sSpan5317" value="Greek"/>
		<feat xlink:href="#sSpan5446" value="Greek"/>
		<feat xlink:href="#sSpan5455" value="Greek"/>
		<feat xlink:href="#sSpan5481" value="Greek"/>
		<feat xlink:href="#sSpan5520" value="Greek"/>
		<feat xlink:href="#sSpan5524" value="Greek"/>
		<feat xlink:href="#sSpan5538" value="Greek"/>
		<feat xlink:href="#sSpan5573" value="Greek"/>
		<feat xlink:href="#sSpan5650" value="Greek"/>
		<feat xlink:href="#sSpan5664" value="Greek"/>
		<feat xlink:href="#sSpan5761" value="Hebrew"/>
		<feat xlink:href="#sSpan5804" value="Greek"/>
		<feat xlink:href="#sSpan5923" value="Hebrew"/>
		<feat xlink:href="#sSpan5938" value="Greek"/>
		<feat xlink:href="#sSpan6095" value="Greek"/>
		<feat xlink:href="#sSpan6190" value="Greek"/>
		<feat xlink:href="#sSpan6306" value="Greek"/>
		<feat xlink:href="#sSpan6329" value="Greek"/>
		<feat xlink:href="#sSpan6333" value="Greek"/>
		<feat xlink:href="#sSpan6383" value="Hebrew"/>
		<feat xlink:href="#sSpan6493" value="Greek"/>
		<feat xlink:href="#sSpan6513" value="Greek"/>
		<feat xlink:href="#sSpan6525" value="Greek"/>
		<feat xlink:href="#sSpan6533" value="Greek"/>
		<feat xlink:href="#sSpan6672" value="Greek"/>
		<feat xlink:href="#sSpan6712" value="Hebrew"/>
		<feat xlink:href="#sSpan6743" value="Greek"/>
		<feat xlink:href="#sSpan6755" value="Greek"/>
		<feat xlink:href="#sSpan6798" value="Hebrew"/>
		<feat xlink:href="#sSpan6853" value="Greek"/>
		<feat xlink:href="#sSpan6886" value="Greek"/>
		<feat xlink:href="#sSpan6927" value="Greek"/>
		<feat xlink:href="#sSpan6998" value="Greek"/>
		<feat xlink:href="#sSpan7007" value="Greek"/>
		<feat xlink:href="#sSpan7054" value="Hebrew"/>
		<feat xlink:href="#sSpan7061" value="Hebrew"/>
		<feat xlink:href="#sSpan7095" value="Hebrew"/>
		<feat xlink:href="#sSpan7134" value="Greek"/>
		<feat xlink:href="#sSpan7167" value="Greek"/>
		<feat xlink:href="#sSpan7247" value="Greek"/>
		<feat xlink:href="#sSpan7342" value="Greek"/>
		<feat xlink:href="#sSpan7393" value="Greek"/>
		<feat xlink:href="#sSpan7405" value="Greek"/>
		<feat xlink:href="#sSpan7422" value="Greek"/>
		<feat xlink:href="#sSpan7442" value="Greek"/>
		<feat xlink:href="#sSpan7458" value="Greek"/>
		<feat xlink:href="#sSpan7467" value="Hebrew"/>
		<feat xlink:href="#sSpan7482" value="Greek"/>
		<feat xlink:href="#sSpan7494" value="Greek"/>
		<feat xlink:href="#sSpan7516" value="Greek"/>
		<feat xlink:href="#sSpan7522" value="Greek"/>
		<feat xlink:href="#sSpan7534" value="Greek"/>
		<feat xlink:href="#sSpan7556" value="Greek"/>
		<feat xlink:href="#sSpan7590" value="Greek"/>
		<feat xlink:href="#sSpan7638" value="Hebrew"/>
		<feat xlink:href="#sSpan7703" value="Greek"/>
		<feat xlink:href="#sSpan7741" value="Hebrew"/>
		<feat xlink:href="#sSpan7749" value="Greek"/>
		<feat xlink:href="#sSpan7788" value="Greek"/>
		<feat xlink:href="#sSpan7814" value="Hebrew"/>
		<feat xlink:href="#sSpan7826" value="Greek"/>
		<feat xlink:href="#sSpan7883" value="Greek"/>
		<feat xlink:href="#sSpan7913" value="Hebrew"/>
		<feat xlink:href="#sSpan7997" value="Greek"/>
		<feat xlink:href="#sSpan8031" value="Greek"/>
		<feat xlink:href="#sSpan8073" value="Greek"/>
		<feat xlink:href="#sSpan8099" value="Greek"/>
		<feat xlink:href="#sSpan8172" value="Hebrew"/>
		<feat xlink:href="#sSpan8264" value="Hebrew"/>
		<feat xlink:href="#sSpan8327" value="Greek"/>
		<feat xlink:href="#sSpan8350" value="Greek"/>
		<feat xlink:href="#sSpan8387" value="Hebrew"/>
		<feat xlink:href="#sSpan8475" value="Greek"/>
		<feat xlink:href="#sSpan8554" value="Hebrew"/>
		<feat xlink:href="#sSpan8562" value="Greek"/>
		<feat xlink:href="#sSpan8691" value="Greek"/>
		<feat xlink:href="#sSpan8759" value="Hebrew"/>
		<feat xlink:href="#sSpan8786" value="Greek"/>
		<feat xlink:href="#sSpan8932" value="Hebrew"/>
		<feat xlink:href="#sSpan8943" value="Hebrew"/>
		<feat xlink:href="#sSpan8954" value="Greek"/>
		<feat xlink:href="#sSpan8984" value="Greek"/>
		<feat xlink:href="#sSpan8999" value="Greek"/>
		<feat xlink:href="#sSpan9063" value="Greek"/>
		<feat xlink:href="#sSpan9076" value="Greek"/>
		<feat xlink:href="#sSpan9107" value="Greek"/>
		<feat xlink:href="#sSpan9135" value="Hebrew"/>
		<feat xlink:href="#sSpan9241" value="Hebrew"/>
		<feat xlink:href="#sSpan9345" value="Hebrew"/>
		<feat xlink:href="#sSpan9364" value="Greek"/>
		<feat xlink:href="#sSpan9388" value="Greek"/>
		<feat xlink:href="#sSpan9468" value="Greek"/>
		<feat xlink:href="#sSpan9503" value="Hebrew"/>
		<feat xlink:href="#sSpan9537" value="Greek"/>
		<feat xlink:href="#sSpan9557" value="Greek"/>
		<feat xlink:href="#sSpan9583" value="Hebrew"/>
		<feat xlink:href="#sSpan9692" value="Greek"/>
		<feat xlink:href="#sSpan9705" value="Greek"/>
		<feat xlink:href="#sSpan9737" value="Greek"/>
		<feat xlink:href="#sSpan9751" value="Greek"/>
		<feat xlink:href="#sSpan9773" value="Hebrew"/>
		<feat xlink:href="#sSpan9802" value="Greek"/>
		<feat xlink:href="#sSpan9846" value="Greek"/>
		<feat xlink:href="#sSpan9850" value="Greek"/>
		<feat xlink:href="#sSpan9864" value="Greek"/>
		<feat xlink:href="#sSpan9893" value="Greek"/>
		<feat xlink:href="#sSpan9918" value="Greek"/>
		<feat xlink:href="#sSpan9946" value="Greek"/>
		<feat xlink:href="#sSpan10002" value="Greek"/>
		<feat xlink:href="#sSpan10011" value="Greek"/>
		<feat xlink:href="#sSpan10057" value="Greek"/>
		<feat xlink:href="#sSpan10068" value="Hebrew"/>
		<feat xlink:href="#sSpan10078" value="Hebrew"/>
		<feat xlink:href="#sSpan10086" value="Hebrew"/>
		<feat xlink:href="#sSpan10096" value="Greek"/>
		<feat xlink:href="#sSpan10134" value="Hebrew"/>
		<feat xlink:href="#sSpan10142" value="Greek"/>
		<feat xlink:href="#sSpan10146" value="Greek"/>
		<feat xlink:href="#sSpan10188" value="Greek"/>
		<feat xlink:href="#sSpan10263" value="Hebrew"/>
		<feat xlink:href="#sSpan10274" value="Hebrew"/>
		<feat xlink:href="#sSpan10365" value="Greek"/>
		<feat xlink:href="#sSpan10382" value="Greek"/>
		<feat xlink:href="#sSpan10421" value="Greek"/>
		<feat xlink:href="#sSpan10469" value="Greek"/>
		<feat xlink:href="#sSpan10519" value="Greek"/>
		<feat xlink:href="#sSpan10572" value="Greek"/>
		<feat xlink:href="#sSpan10582" value="Greek"/>
		<feat xlink:href="#sSpan10638" value="Greek"/>
		<feat xlink:href="#sSpan10664" value="Hebrew"/>
		<feat xlink:href="#sSpan10684" value="Greek"/>
		<feat xlink:href="#sSpan10762" value="Hebrew"/>
		<feat xlink:href="#sSpan10773" value="Greek"/>
		<feat xlink:href="#sSpan10785" value="Greek"/>
		<feat xlink:href="#sSpan10846" value="Greek"/>
		<feat xlink:href="#sSpan10874" value="Hebrew"/>
		<feat xlink:href="#sSpan11048" value="Greek"/>
		<feat xlink:href="#sSpan11208" value="Greek"/>
		<feat xlink:href="#sSpan11235" value="Greek"/>
		<feat xlink:href="#sSpan11260" value="Greek"/>
		<feat xlink:href="#sSpan11307" value="Greek"/>
		<feat xlink:href="#sSpan11368" value="Greek"/>
		<feat xlink:href="#sSpan11419" value="Greek"/>
		<feat xlink:href="#sSpan11434" value="Greek"/>
		<feat xlink:href="#sSpan11452" value="Hebrew"/>
		<feat xlink:href="#sSpan11584" value="Greek"/>
		<feat xlink:href="#sSpan11604" value="Greek"/>
		<feat xlink:href="#sSpan11605" value="Greek"/>
		<feat xlink:href="#sSpan11684" value="Greek"/>
		<feat xlink:href="#sSpan11708" value="Greek"/>
		<feat xlink:href="#sSpan11736" value="Hebrew"/>
		<feat xlink:href="#sSpan11748" value="Greek"/>
		<feat xlink:href="#sSpan11799" value="Hebrew"/>
		<feat xlink:href="#sSpan11849" value="Greek"/>
		<feat xlink:href="#sSpan11909" value="Greek"/>
		<feat xlink:href="#sSpan11945" value="Greek"/>
		<feat xlink:href="#sSpan11963" value="Hebrew"/>
		<feat xlink:href="#sSpan11986" value="Greek"/>
		<feat xlink:href="#sSpan12006" value="Greek"/>
		<feat xlink:href="#sSpan12036" value="Greek"/>
		<feat xlink:href="#sSpan12045" value="Greek"/>
		<feat xlink:href="#sSpan12070" value="Hebrew"/>
		<feat xlink:href="#sSpan12192" value="Greek"/>
		<feat xlink:href="#sSpan12245" value="Greek"/>
		<feat xlink:href="#sSpan12266" value="Greek"/>
		<feat xlink:href="#sSpan12299" value="Greek"/>
		<feat xlink:href="#sSpan12339" value="Greek"/>
		<feat xlink:href="#sSpan12357" value="Greek"/>
		<feat xlink:href="#sSpan12399" value="Hebrew"/>
		<feat xlink:href="#sSpan12411" value="Greek"/>
		<feat xlink:href="#sSpan12464" value="Hebrew"/>
		<feat xlink:href="#sSpan12486" value="Greek"/>
		<feat xlink:href="#sSpan12499" value="Greek"/>
		<feat xlink:href="#sSpan12588" value="Greek"/>
		<feat xlink:href="#sSpan12633" value="Hebrew"/>
		<feat xlink:href="#sSpan12652" value="Greek"/>
		<feat xlink:href="#sSpan12741" value="Greek"/>
		<feat xlink:href="#sSpan12769" value="Greek"/>
		<feat xlink:href="#sSpan12798" value="Greek"/>
		<feat xlink:href="#sSpan12876" value="Greek"/>
		<feat xlink:href="#sSpan12897" value="Greek"/>
		<feat xlink:href="#sSpan12917" value="Greek"/>
		<feat xlink:href="#sSpan12939" value="Hebrew"/>
		<feat xlink:href="#sSpan13005" value="Hebrew"/>
		<feat xlink:href="#sSpan13084" value="Greek"/>
		<feat xlink:href="#sSpan13094" value="Hebrew"/>
		<feat xlink:href="#sSpan13181" value="Greek"/>
		<feat xlink:href="#sSpan13211" value="Greek"/>
		<feat xlink:href="#sSpan13242" value="Greek"/>
		<feat xlink:href="#sSpan13249" value="Greek"/>
		<feat xlink:href="#sSpan13291" value="Hebrew"/>
		<feat xlink:href="#sSpan13313" value="Greek"/>
		<feat xlink:href="#sSpan13340" value="Greek"/>
		<feat xlink:href="#sSpan13403" value="Hebrew"/>
		<feat xlink:href="#sSpan13425" value="Greek"/>
		<feat xlink:href="#sSpan13453" value="Greek"/>
		<feat xlink:href="#sSpan13477" value="Greek"/>
		<feat xlink:href="#sSpan13486" value="Greek"/>
		<feat xlink:href="#sSpan13543" value="Greek"/>
		<feat xlink:href="#sSpan13548" value="Greek"/>
		<feat xlink:href="#sSpan13674" value="Hebrew"/>
		<feat xlink:href="#sSpan13725" value="Greek"/>
		<feat xlink:href="#sSpan13749" value="Greek"/>
		<feat xlink:href="#sSpan13861" value="Greek"/>
		<feat xlink:href="#sSpan13923" value="Greek"/>
		<feat xlink:href="#sSpan13931" value="Greek"/>
		<feat xlink:href="#sSpan14037" value="Greek"/>
		<feat xlink:href="#sSpan14051" value="Greek"/>
		<feat xlink:href="#sSpan14177" value="Greek"/>
		<feat xlink:href="#sSpan14207" value="Greek"/>
		<feat xlink:href="#sSpan14215" value="Greek"/>
		<feat xlink:href="#sSpan14305" value="Greek"/>
		<feat xlink:href="#sSpan14354" value="Greek"/>
		<feat xlink:href="#sSpan14423" value="Greek"/>
		<feat xlink:href="#sSpan14432" value="Greek"/>
		<feat xlink:href="#sSpan14534" value="Greek"/>
		<feat xlink:href="#sSpan14580" value="Greek"/>
		<feat xlink:href="#sSpan14619" value="Greek"/>
		<feat xlink:href="#sSpan14668" value="Greek"/>
		<feat xlink:href="#sSpan14708" value="Greek"/>
		<feat xlink:href="#sSpan14771" value="Greek"/>
		<feat xlink:href="#sSpan14961" value="Greek"/>
		<feat xlink:href="#sSpan15047" value="Greek"/>
		<feat xlink:href="#sSpan15072" value="Greek"/>
		<feat xlink:href="#sSpan15148" value="Hebrew"/>
		<feat xlink:href="#sSpan15235" value="Hebrew"/>
		<feat xlink:href="#sSpan15310" value="Hebrew"/>
		<feat xlink:href="#sSpan15325" value="Greek"/>
		<feat xlink:href="#sSpan15329" value="Greek"/>
		<feat xlink:href="#sSpan15353" value="Greek"/>
		<feat xlink:href="#sSpan15383" value="Greek"/>
		<feat xlink:href="#sSpan15405" value="Greek"/>
		<feat xlink:href="#sSpan15432" value="Hebrew"/>
		<feat xlink:href="#sSpan15443" value="Greek"/>
		<feat xlink:href="#sSpan15462" value="Greek"/>
		<feat xlink:href="#sSpan15532" value="Greek"/>
		<feat xlink:href="#sSpan15545" value="Greek"/>
		<feat xlink:href="#sSpan15589" value="Hebrew"/>
		<feat xlink:href="#sSpan15593" value="Greek"/>
		<feat xlink:href="#sSpan15707" value="Hebrew"/>
		<feat xlink:href="#sSpan15805" value="Greek"/>
		<feat xlink:href="#sSpan15865" value="Greek"/>
		<feat xlink:href="#sSpan15927" value="Greek"/>
		<feat xlink:href="#sSpan15946" value="Greek"/>
		<feat xlink:href="#sSpan15974" value="Hebrew"/>
		<feat xlink:href="#sSpan15987" value="Greek"/>
		<feat xlink:href="#sSpan16006" value="Greek"/>
		<feat xlink:href="#sSpan16009" value="Greek"/>
		<feat xlink:href="#sSpan16024" value="Greek"/>
		<feat xlink:href="#sSpan16039" value="Greek"/>
		<feat xlink:href="#sSpan16055" value="Greek"/>
		<feat xlink:href="#sSpan16127" value="Greek"/>
		<feat xlink:href="#sSpan16154" value="Hebrew"/>
		<feat xlink:href="#sSpan16183" value="Greek"/>
		<feat xlink:href="#sSpan16195" value="Greek"/>
		<feat xlink:href="#sSpan16238" value="Hebrew"/>
		<feat xlink:href="#sSpan16308" value="Greek"/>
		<feat xlink:href="#sSpan16331" value="Greek"/>
		<feat xlink:href="#sSpan16374" value="Greek"/>
		<feat xlink:href="#sSpan16403" value="Greek"/>
		<feat xlink:href="#sSpan16499" value="Greek"/>
		<feat xlink:href="#sSpan16524" value="Hebrew"/>
		<feat xlink:href="#sSpan16720" value="Hebrew"/>
		<feat xlink:href="#sSpan16864" value="Greek"/>
		<feat xlink:href="#sSpan17065" value="Greek"/>
		<feat xlink:href="#sSpan17112" value="Greek"/>
		<feat xlink:href="#sSpan17204" value="Hebrew"/>
		<feat xlink:href="#sSpan17228" value="Greek"/>
		<feat xlink:href="#sSpan17247" value="Greek"/>
		<feat xlink:href="#sSpan17266" value="Greek"/>
		<feat xlink:href="#sSpan17279" value="Greek"/>
		<feat xlink:href="#sSpan17286" value="Greek"/>
		<feat xlink:href="#sSpan17311" value="Hebrew"/>
		<feat xlink:href="#sSpan17368" value="Greek"/>
		<feat xlink:href="#sSpan17378" value="Greek"/>
		<feat xlink:href="#sSpan17388" value="Hebrew"/>
		<feat xlink:href="#sSpan17473" value="Hebrew"/>
		<feat xlink:href="#sSpan17485" value="Greek"/>
		<feat xlink:href="#sSpan17543" value="Greek"/>
		<feat xlink:href="#sSpan17591" value="Greek"/>
		<feat xlink:href="#sSpan17619" value="Hebrew"/>
		<feat xlink:href="#sSpan17657" value="Greek"/>
		<feat xlink:href="#sSpan17664" value="Greek"/>
		<feat xlink:href="#sSpan17688" value="Greek"/>
		<feat xlink:href="#sSpan17712" value="Greek"/>
		<feat xlink:href="#sSpan17726" value="Greek"/>
		<feat xlink:href="#sSpan17768" value="Hebrew"/>
		<feat xlink:href="#sSpan17808" value="Greek"/>
		<feat xlink:href="#sSpan17866" value="Greek"/>
		<feat xlink:href="#sSpan17869" value="Greek"/>
		<feat xlink:href="#sSpan17917" value="Hebrew"/>
		<feat xlink:href="#sSpan17993" value="Greek"/>
		<feat xlink:href="#sSpan18072" value="Hebrew"/>
		<feat xlink:href="#sSpan18083" value="Greek"/>
		<feat xlink:href="#sSpan18096" value="Greek"/>
		<feat xlink:href="#sSpan18113" value="Greek"/>
		<feat xlink:href="#sSpan18128" value="Greek"/>
		<feat xlink:href="#sSpan18140" value="Greek"/>
		<feat xlink:href="#sSpan18174" value="Hebrew"/>
		<feat xlink:href="#sSpan18185" value="Greek"/>
		<feat xlink:href="#sSpan18206" value="Greek"/>
		<feat xlink:href="#sSpan18349" value="Hebrew"/>
		<feat xlink:href="#sSpan18392" value="Greek"/>
		<feat xlink:href="#sSpan18406" value="Greek"/>
		<feat xlink:href="#sSpan18490" value="Hebrew"/>
		<feat xlink:href="#sSpan18516" value="Greek"/>
		<feat xlink:href="#sSpan18583" value="Greek"/>
		<feat xlink:href="#sSpan18632" value="Greek"/>
		<feat xlink:href="#sSpan18652" value="Greek"/>
		<feat xlink:href="#sSpan18682" value="Greek"/>
		<feat xlink:href="#sSpan18760" value="Greek"/>
		<feat xlink:href="#sSpan18783" value="Greek"/>
		<feat xlink:href="#sSpan18797" value="Hebrew"/>
		<feat xlink:href="#sSpan18821" value="Greek"/>
		<feat xlink:href="#sSpan18985" value="Greek"/>
		<feat xlink:href="#sSpan19004" value="Greek"/>
		<feat xlink:href="#sSpan19017" value="Greek"/>
		<feat xlink:href="#sSpan19056" value="Hebrew"/>
		<feat xlink:href="#sSpan19117" value="Hebrew"/>
		<feat xlink:href="#sSpan19158" value="Greek"/>
		<feat xlink:href="#sSpan19214" value="Hebrew"/>
		<feat xlink:href="#sSpan19365" value="Hebrew"/>
		<feat xlink:href="#sSpan19655" value="Hebrew"/>
		<feat xlink:href="#sSpan19719" value="Greek"/>
		<feat xlink:href="#sSpan19806" value="Greek"/>
		<feat xlink:href="#sSpan19828" value="Greek"/>
		<feat xlink:href="#sSpan19842" value="Greek"/>
		<feat xlink:href="#sSpan20086" value="Latin"/>
		<feat xlink:href="#sSpan20135" value="Latin"/>
		<feat xlink:href="#sSpan20144" value="Latin"/>
		<feat xlink:href="#sSpan20259" value="Greek"/>
		<feat xlink:href="#sSpan20328" value="Greek"/>
		<feat xlink:href="#sSpan20353" value="Greek"/>
		<feat xlink:href="#sSpan20384" value="Greek"/>
		<feat xlink:href="#sSpan20426" value="Hebrew"/>
		<feat xlink:href="#sSpan20447" value="Hebrew"/>
		<feat xlink:href="#sSpan20508" value="Greek"/>
		<feat xlink:href="#sSpan20521" value="Greek"/>
		<feat xlink:href="#sSpan20561" value="Hebrew"/>
		<feat xlink:href="#sSpan20574" value="Greek"/>
		<feat xlink:href="#sSpan20614" value="Greek"/>
		<feat xlink:href="#sSpan20625" value="Greek"/>
		<feat xlink:href="#sSpan20638" value="Greek"/>
		<feat xlink:href="#sSpan20745" value="Hebrew"/>
		<feat xlink:href="#sSpan20788" value="Greek"/>
		<feat xlink:href="#sSpan20795" value="Hebrew"/>
		<feat xlink:href="#sSpan20805" value="Greek"/>
		<feat xlink:href="#sSpan20834" value="Greek"/>
		<feat xlink:href="#sSpan20864" value="Greek"/>
		<feat xlink:href="#sSpan20871" value="Greek"/>
		<feat xlink:href="#sSpan20883" value="Greek"/>
		<feat xlink:href="#sSpan20903" value="Greek"/>
		<feat xlink:href="#sSpan20906" value="Greek"/>
		<feat xlink:href="#sSpan20917" value="Greek"/>
		<feat xlink:href="#sSpan20944" value="Hebrew"/>
		<feat xlink:href="#sSpan21004" value="Greek"/>
		<feat xlink:href="#sSpan21015" value="Hebrew"/>
		<feat xlink:href="#sSpan21023" value="Greek"/>
		<feat xlink:href="#sSpan21121" value="Hebrew"/>
		<feat xlink:href="#sSpan21310" value="Greek"/>
		<feat xlink:href="#sSpan21326" value="Hebrew"/>
		<feat xlink:href="#sSpan21441" value="Hebrew"/>
		<feat xlink:href="#sSpan21708" value="Greek"/>
		<feat xlink:href="#sSpan21752" value="Hebrew"/>
		<feat xlink:href="#sSpan21780" value="Greek"/>
		<feat xlink:href="#sSpan21800" value="Greek"/>
		<feat xlink:href="#sSpan21810" value="Greek"/>
		<feat xlink:href="#sSpan21821" value="Hebrew"/>
		<feat xlink:href="#sSpan21921" value="Greek"/>
		<feat xlink:href="#sSpan21928" value="Greek"/>
		<feat xlink:href="#sSpan21985" value="Greek"/>
		<feat xlink:href="#sSpan22010" value="Hebrew"/>
		<feat xlink:href="#sSpan22029" value="Greek"/>
		<feat xlink:href="#sSpan22050" value="Greek"/>
		<feat xlink:href="#sSpan22068" value="Greek"/>
		<feat xlink:href="#sSpan22088" value="Greek"/>
		<feat xlink:href="#sSpan22114" value="Greek"/>
		<feat xlink:href="#sSpan22218" value="Greek"/>
		<feat xlink:href="#sSpan22235" value="Greek"/>
		<feat xlink:href="#sSpan22317" value="Hebrew"/>
		<feat xlink:href="#sSpan22321" value="Greek"/>
		<feat xlink:href="#sSpan22339" value="Hebrew"/>
		<feat xlink:href="#sSpan22392" value="Hebrew"/>
		<feat xlink:href="#sSpan22449" value="Greek"/>
		<feat xlink:href="#sSpan22479" value="Greek"/>
		<feat xlink:href="#sSpan22589" value="Greek"/>
		<feat xlink:href="#sSpan22597" value="Greek"/>
		<feat xlink:href="#sSpan22600" value="Aramaic"/></featList></paula>