<?xml version='1.0' encoding='UTF-8'?><!DOCTYPE paula SYSTEM "paula_feat.dtd">
<paula version="1.1">
	<header paula_id="scriptorium.thomas_gospel.mark_pb_xml_id"/>
	<featList xmlns:xlink="http://www.w3.org/1999/xlink" type="pb_xml_id" xml:base="scriptorium.thomas_gospel.mark.xml">
		<feat xlink:href="#sSpan12" value="NHAM02.32"/>
		<feat xlink:href="#sSpan541" value="NHAM02.33"/>
		<feat xlink:href="#sSpan1690" value="NHAM02.34"/>
		<feat xlink:href="#sSpan2891" value="NHAM02.35"/>
		<feat xlink:href="#sSpan4032" value="NHAM02.36"/>
		<feat xlink:href="#sSpan5125" value="NHAM02.37"/>
		<feat xlink:href="#sSpan6382" value="NHAM02.38"/>
		<feat xlink:href="#sSpan7582" value="NHAM02.39"/>
		<feat xlink:href="#sSpan8713" value="NHAM02.40"/>
		<feat xlink:href="#sSpan9892" value="NHAM02.41"/>
		<feat xlink:href="#sSpan11025" value="NHAM02.42"/>
		<feat xlink:href="#sSpan12179" value="NHAM02.43"/>
		<feat xlink:href="#sSpan13339" value="NHAM02.44"/>
		<feat xlink:href="#sSpan14602" value="NHAM02.45"/>
		<feat xlink:href="#sSpan15775" value="NHAM02.46"/>
		<feat xlink:href="#sSpan16870" value="NHAM02.47"/>
		<feat xlink:href="#sSpan17938" value="NHAM02.48"/>
		<feat xlink:href="#sSpan19145" value="NHAM02.49"/>
		<feat xlink:href="#sSpan20373" value="NHAM02.50"/>
		<feat xlink:href="#sSpan21617" value="NHAM02.51"/></featList></paula>