<?xml version='1.0' encoding='UTF-8'?><!DOCTYPE paula SYSTEM "paula_feat.dtd">
<paula version="1.1">
	<header paula_id="scriptorium.shenoute.those.GF253-256.mark_pos"/>
	<featList xmlns:xlink="http://www.w3.org/1999/xlink" type="pos" xml:base="scriptorium.shenoute.those.GF253-256.mark.xml">
		<feat xlink:href="#sSpan2" value="ART"/>
		<feat xlink:href="#sSpan15" value="N"/>
		<feat xlink:href="#sSpan17" value="CCIRC"/>
		<feat xlink:href="#sSpan23" value="APST"/>
		<feat xlink:href="#sSpan25" value="PPERS"/>
		<feat xlink:href="#sSpan27" value="V"/>
		<feat xlink:href="#sSpan29" value="PPERO"/>
		<feat xlink:href="#sSpan31" value="PREP"/>
		<feat xlink:href="#sSpan36" value="ART"/>
		<feat xlink:href="#sSpan39" value="N"/>
		<feat xlink:href="#sSpan41" value="PREP"/>
		<feat xlink:href="#sSpan45" value="ART"/>
		<feat xlink:href="#sSpan49" value="ACAUS"/>
		<feat xlink:href="#sSpan51" value="PPERS"/>
		<feat xlink:href="#sSpan53" value="V"/>
		<feat xlink:href="#sSpan55" value="PREP"/>
		<feat xlink:href="#sSpan59" value="ART"/>
		<feat xlink:href="#sSpan62" value="N"/>
		<feat xlink:href="#sSpan65" value="CCIRC"/>
		<feat xlink:href="#sSpan69" value="PPERS"/>
		<feat xlink:href="#sSpan71" value="VSTAT"/>
		<feat xlink:href="#sSpan73" value="PREP"/>
		<feat xlink:href="#sSpan77" value="ART"/>
		<feat xlink:href="#sSpan80" value="N"/>
		<feat xlink:href="#sSpan83" value="CREL"/>
		<feat xlink:href="#sSpan87" value="V"/>
		<feat xlink:href="#sSpan89" value="PREP"/>
		<feat xlink:href="#sSpan93" value="ART"/>
		<feat xlink:href="#sSpan96" value="N"/>
		<feat xlink:href="#sSpan99" value="PUNCT"/>
		<feat xlink:href="#sSpan103" value="CCIRC"/>
		<feat xlink:href="#sSpan107" value="PPERS"/>
		<feat xlink:href="#sSpan109" value="V"/>
		<feat xlink:href="#sSpan111" value="PREP"/>
		<feat xlink:href="#sSpan115" value="ACAUS"/>
		<feat xlink:href="#sSpan118" value="PPERS"/>
		<feat xlink:href="#sSpan120" value="V"/>
		<feat xlink:href="#sSpan122" value="PPERO"/>
		<feat xlink:href="#sSpan124" value="PREP"/>
		<feat xlink:href="#sSpan128" value="ART"/>
		<feat xlink:href="#sSpan131" value="CREL"/>
		<feat xlink:href="#sSpan134" value="PPERS"/>
		<feat xlink:href="#sSpan136" value="V"/>
		<feat xlink:href="#sSpan138" value="PREP"/>
		<feat xlink:href="#sSpan142" value="PPERO"/>
		<feat xlink:href="#sSpan144" value="PUNCT"/>
		<feat xlink:href="#sSpan148" value="PREP"/>
		<feat xlink:href="#sSpan153" value="PPERO"/>
		<feat xlink:href="#sSpan155" value="PREP"/>
		<feat xlink:href="#sSpan159" value="N"/>
		<feat xlink:href="#sSpan162" value="PREP"/>
		<feat xlink:href="#sSpan165" value="N"/>
		<feat xlink:href="#sSpan167" value="PUNCT"/>
		<feat xlink:href="#sSpan171" value="CONJ"/>
		<feat xlink:href="#sSpan175" value="CCIRC"/>
		<feat xlink:href="#sSpan179" value="PPERS"/>
		<feat xlink:href="#sSpan181" value="V"/>
		<feat xlink:href="#sSpan184" value="PREP"/>
		<feat xlink:href="#sSpan188" value="ACAUS"/>
		<feat xlink:href="#sSpan190" value="PDEM"/>
		<feat xlink:href="#sSpan193" value="N"/>
		<feat xlink:href="#sSpan195" value="V"/>
		<feat xlink:href="#sSpan200" value="PREP"/>
		<feat xlink:href="#sSpan204" value="PPERO"/>
		<feat xlink:href="#sSpan206" value="PREP"/>
		<feat xlink:href="#sSpan210" value="ART"/>
		<feat xlink:href="#sSpan213" value="N"/>
		<feat xlink:href="#sSpan216" value="PREP"/>
		<feat xlink:href="#sSpan220" value="ART"/>
		<feat xlink:href="#sSpan223" value="CREL"/>
		<feat xlink:href="#sSpan225" value="ADV"/>
		<feat xlink:href="#sSpan228" value="PUNCT"/>
		<feat xlink:href="#sSpan234" value="PUNCT"/>
		<feat xlink:href="#sSpan242" value="ART"/>
		<feat xlink:href="#sSpan251" value="N"/>
		<feat xlink:href="#sSpan253" value="V"/>
		<feat xlink:href="#sSpan257" value="PREP"/>
		<feat xlink:href="#sSpan262" value="PPERO"/>
		<feat xlink:href="#sSpan264" value="PREP"/>
		<feat xlink:href="#sSpan268" value="ART"/>
		<feat xlink:href="#sSpan271" value="CREL"/>
		<feat xlink:href="#sSpan274" value="PPOS"/>
		<feat xlink:href="#sSpan276" value="PPERO"/>
		<feat xlink:href="#sSpan278" value="COP"/>
		<feat xlink:href="#sSpan282" value="PUNCT"/>
		<feat xlink:href="#sSpan286" value="CONJ"/>
		<feat xlink:href="#sSpan291" value="ANEGOPT"/>
		<feat xlink:href="#sSpan293" value="N"/>
		<feat xlink:href="#sSpan297" value="V"/>
		<feat xlink:href="#sSpan301" value="PREP"/>
		<feat xlink:href="#sSpan305" value="N"/>
		<feat xlink:href="#sSpan308" value="PUNCT"/>
		<feat xlink:href="#sSpan312" value="CONJ"/>
		<feat xlink:href="#sSpan317" value="CONJ"/>
		<feat xlink:href="#sSpan321" value="ANEGOPT"/>
		<feat xlink:href="#sSpan323" value="ART"/>
		<feat xlink:href="#sSpan326" value="N"/>
		<feat xlink:href="#sSpan329" value="V"/>
		<feat xlink:href="#sSpan334" value="N"/>
		<feat xlink:href="#sSpan339" value="PUNCT"/>
		<feat xlink:href="#sSpan343" value="ACONJ"/>
		<feat xlink:href="#sSpan347" value="ART"/>
		<feat xlink:href="#sSpan350" value="N"/>
		<feat xlink:href="#sSpan354" value="PREP"/>
		<feat xlink:href="#sSpan358" value="ART"/>
		<feat xlink:href="#sSpan361" value="N"/>
		<feat xlink:href="#sSpan363" value="V"/>
		<feat xlink:href="#sSpan368" value="PUNCT"/>
		<feat xlink:href="#sSpan373" value="PREP"/>
		<feat xlink:href="#sSpan380" value="PDEM"/>
		<feat xlink:href="#sSpan382" value="N"/>
		<feat xlink:href="#sSpan384" value="ADV"/>
		<feat xlink:href="#sSpan388" value="EXIST"/>
		<feat xlink:href="#sSpan392" value="N"/>
		<feat xlink:href="#sSpan396" value="PREP"/>
		<feat xlink:href="#sSpan401" value="N"/>
		<feat xlink:href="#sSpan404" value="FUT"/>
		<feat xlink:href="#sSpan408" value="V"/>
		<feat xlink:href="#sSpan410" value="PREP"/>
		<feat xlink:href="#sSpan414" value="ART"/>
		<feat xlink:href="#sSpan417" value="N"/>
		<feat xlink:href="#sSpan420" value="PREP"/>
		<feat xlink:href="#sSpan425" value="N"/>
		<feat xlink:href="#sSpan428" value="PUNCT"/>
		<feat xlink:href="#sSpan434" value="CONJ"/>
		<feat xlink:href="#sSpan439" value="PREP"/>
		<feat xlink:href="#sSpan444" value="N"/>
		<feat xlink:href="#sSpan449" value="PREP"/>
		<feat xlink:href="#sSpan454" value="ART"/>
		<feat xlink:href="#sSpan457" value="N"/>
		<feat xlink:href="#sSpan459" value="PREP"/>
		<feat xlink:href="#sSpan463" value="ART"/>
		<feat xlink:href="#sSpan468" value="N"/>
		<feat xlink:href="#sSpan471" value="PUNCT"/>
		<feat xlink:href="#sSpan475" value="CCIRC"/>
		<feat xlink:href="#sSpan479" value="PPERS"/>
		<feat xlink:href="#sSpan481" value="V"/>
		<feat xlink:href="#sSpan484" value="PREP"/>
		<feat xlink:href="#sSpan488" value="ART"/>
		<feat xlink:href="#sSpan491" value="N"/>
		<feat xlink:href="#sSpan494" value="PUNCT"/>
		<feat xlink:href="#sSpan498" value="PREP"/>
		<feat xlink:href="#sSpan502" value="ART"/>
		<feat xlink:href="#sSpan505" value="N"/>
		<feat xlink:href="#sSpan508" value="PUNCT"/>
		<feat xlink:href="#sSpan512" value="NEG"/>
		<feat xlink:href="#sSpan516" value="PPERS"/>
		<feat xlink:href="#sSpan518" value="FUT"/>
		<feat xlink:href="#sSpan520" value="V"/>
		<feat xlink:href="#sSpan522" value="NEG"/>
		<feat xlink:href="#sSpan526" value="PREP"/>
		<feat xlink:href="#sSpan531" value="ART"/>
		<feat xlink:href="#sSpan534" value="N"/>
		<feat xlink:href="#sSpan536" value="PUNCT"/>
		<feat xlink:href="#sSpan540" value="CCIRC"/>
		<feat xlink:href="#sSpan545" value="PPOS"/>
		<feat xlink:href="#sSpan549" value="N"/>
		<feat xlink:href="#sSpan551" value="PREP"/>
		<feat xlink:href="#sSpan556" value="ART"/>
		<feat xlink:href="#sSpan559" value="N"/>
		<feat xlink:href="#sSpan561" value="PREP"/>
		<feat xlink:href="#sSpan565" value="PPOS"/>
		<feat xlink:href="#sSpan571" value="N"/>
		<feat xlink:href="#sSpan574" value="NPROP"/>
		<feat xlink:href="#sSpan578" value="PUNCT"/>
		<feat xlink:href="#sSpan583" value="ART"/>
		<feat xlink:href="#sSpan592" value="N"/>
		<feat xlink:href="#sSpan595" value="PREP"/>
		<feat xlink:href="#sSpan599" value="ART"/>
		<feat xlink:href="#sSpan602" value="N"/>
		<feat xlink:href="#sSpan605" value="PREP"/>
		<feat xlink:href="#sSpan610" value="N"/>
		<feat xlink:href="#sSpan612" value="CONJ"/>
		<feat xlink:href="#sSpan617" value="ART"/>
		<feat xlink:href="#sSpan623" value="N"/>
		<feat xlink:href="#sSpan626" value="PREP"/>
		<feat xlink:href="#sSpan630" value="N"/>
		<feat xlink:href="#sSpan633" value="PUNCT"/>
		<feat xlink:href="#sSpan637" value="CCIRC"/>
		<feat xlink:href="#sSpan641" value="PPERS"/>
		<feat xlink:href="#sSpan643" value="FUT"/>
		<feat xlink:href="#sSpan645" value="V"/>
		<feat xlink:href="#sSpan648" value="ADV"/>
		<feat xlink:href="#sSpan652" value="PREP"/>
		<feat xlink:href="#sSpan656" value="PPERO"/>
		<feat xlink:href="#sSpan658" value="PUNCT"/>
		<feat xlink:href="#sSpan663" value="CONJ"/>
		<feat xlink:href="#sSpan668" value="ART"/>
		<feat xlink:href="#sSpan674" value="N"/>
		<feat xlink:href="#sSpan677" value="PREP"/>
		<feat xlink:href="#sSpan681" value="ART"/>
		<feat xlink:href="#sSpan684" value="N"/>
		<feat xlink:href="#sSpan686" value="PREP"/>
		<feat xlink:href="#sSpan692" value="N"/>
		<feat xlink:href="#sSpan694" value="FUT"/>
		<feat xlink:href="#sSpan698" value="V"/>
		<feat xlink:href="#sSpan701" value="ADV"/>
		<feat xlink:href="#sSpan706" value="PREP"/>
		<feat xlink:href="#sSpan710" value="PPERO"/>
		<feat xlink:href="#sSpan712" value="PUNCT"/>
		<feat xlink:href="#sSpan717" value="EXIST"/>
		<feat xlink:href="#sSpan725" value="N"/>
		<feat xlink:href="#sSpan731" value="VSTAT"/>
		<feat xlink:href="#sSpan738" value="PREP"/>
		<feat xlink:href="#sSpan742" value="ART"/>
		<feat xlink:href="#sSpan745" value="N"/>
		<feat xlink:href="#sSpan747" value="CREL"/>
		<feat xlink:href="#sSpan752" value="PPERS"/>
		<feat xlink:href="#sSpan754" value="FUT"/>
		<feat xlink:href="#sSpan756" value="V"/>
		<feat xlink:href="#sSpan758" value="PREP"/>
		<feat xlink:href="#sSpan763" value="PPERO"/>
		<feat xlink:href="#sSpan765" value="PUNCT"/>
		<feat xlink:href="#sSpan769" value="PREP"/>
		<feat xlink:href="#sSpan773" value="ART"/>
		<feat xlink:href="#sSpan776" value="CREL"/>
		<feat xlink:href="#sSpan778" value="FUT"/>
		<feat xlink:href="#sSpan780" value="V"/>
		<feat xlink:href="#sSpan783" value="PPERO"/>
		<feat xlink:href="#sSpan785" value="ADV"/>
		<feat xlink:href="#sSpan789" value="PREP"/>
		<feat xlink:href="#sSpan793" value="N"/>
		<feat xlink:href="#sSpan797" value="ADV"/>
		<feat xlink:href="#sSpan802" value="PREP"/>
		<feat xlink:href="#sSpan806" value="ART"/>
		<feat xlink:href="#sSpan810" value="N"/>
		<feat xlink:href="#sSpan814" value="PREP"/>
		<feat xlink:href="#sSpan818" value="ART"/>
		<feat xlink:href="#sSpan821" value="N"/>
		<feat xlink:href="#sSpan823" value="PUNCT"/>
		<feat xlink:href="#sSpan828" value="PREP"/>
		<feat xlink:href="#sSpan837" value="N"/>
		<feat xlink:href="#sSpan839" value="PTC"/>
		<feat xlink:href="#sSpan843" value="CCIRC"/>
		<feat xlink:href="#sSpan847" value="ART"/>
		<feat xlink:href="#sSpan850" value="NUM"/>
		<feat xlink:href="#sSpan852" value="ART"/>
		<feat xlink:href="#sSpan857" value="NUM"/>
		<feat xlink:href="#sSpan859" value="FUT"/>
		<feat xlink:href="#sSpan864" value="V"/>
		<feat xlink:href="#sSpan868" value="PREP"/>
		<feat xlink:href="#sSpan873" value="PPERO"/>
		<feat xlink:href="#sSpan875" value="PREP"/>
		<feat xlink:href="#sSpan879" value="ART"/>
		<feat xlink:href="#sSpan882" value="N"/>
		<feat xlink:href="#sSpan885" value="V"/>
		<feat xlink:href="#sSpan890" value="PREP"/>
		<feat xlink:href="#sSpan895" value="ART"/>
		<feat xlink:href="#sSpan899" value="CREL"/>
		<feat xlink:href="#sSpan901" value="VSTAT"/>
		<feat xlink:href="#sSpan903" value="PUNCT"/>
		<feat xlink:href="#sSpan907" value="CONJ"/>
		<feat xlink:href="#sSpan911" value="V"/>
		<feat xlink:href="#sSpan914" value="PPERO"/>
		<feat xlink:href="#sSpan916" value="ADV"/>
		<feat xlink:href="#sSpan920" value="PUNCT"/>
		<feat xlink:href="#sSpan924" value="V"/>
		<feat xlink:href="#sSpan929" value="PPERO"/>
		<feat xlink:href="#sSpan931" value="ADV"/>
		<feat xlink:href="#sSpan935" value="PUNCT"/>
		<feat xlink:href="#sSpan939" value="NEG"/>
		<feat xlink:href="#sSpan944" value="V"/>
		<feat xlink:href="#sSpan946" value="PREP"/>
		<feat xlink:href="#sSpan952" value="N"/>
		<feat xlink:href="#sSpan956" value="PUNCT"/>
		<feat xlink:href="#sSpan961" value="NEG"/>
		<feat xlink:href="#sSpan969" value="V"/>
		<feat xlink:href="#sSpan971" value="PREP"/>
		<feat xlink:href="#sSpan975" value="ART"/>
		<feat xlink:href="#sSpan979" value="N"/>
		<feat xlink:href="#sSpan981" value="PREP"/>
		<feat xlink:href="#sSpan985" value="ART"/>
		<feat xlink:href="#sSpan988" value="CREL"/>
		<feat xlink:href="#sSpan991" value="VSTAT"/>
		<feat xlink:href="#sSpan993" value="PREP"/>
		<feat xlink:href="#sSpan997" value="N"/>
		<feat xlink:href="#sSpan1000" value="PREP"/>
		<feat xlink:href="#sSpan1006" value="NPROP"/>
		<feat xlink:href="#sSpan1010" value="PUNCT"/>
		<feat xlink:href="#sSpan1014" value="CREL"/>
		<feat xlink:href="#sSpan1018" value="V"/>
		<feat xlink:href="#sSpan1020" value="CONJ"/>
		<feat xlink:href="#sSpan1025" value="CREL"/>
		<feat xlink:href="#sSpan1029" value="VSTAT"/>
		<feat xlink:href="#sSpan1031" value="PREP"/>
		<feat xlink:href="#sSpan1035" value="ART"/>
		<feat xlink:href="#sSpan1041" value="NPROP"/>
		<feat xlink:href="#sSpan1043" value="CCIRC"/>
		<feat xlink:href="#sSpan1047" value="V"/>
		<feat xlink:href="#sSpan1049" value="ADV"/>
		<feat xlink:href="#sSpan1054" value="PREP"/>
		<feat xlink:href="#sSpan1058" value="PPERO"/>
		<feat xlink:href="#sSpan1060" value="PUNCT"/>
		<feat xlink:href="#sSpan1064" value="ART"/>
		<feat xlink:href="#sSpan1069" value="N"/>
		<feat xlink:href="#sSpan1072" value="PREP"/>
		<feat xlink:href="#sSpan1077" value="N"/>
		<feat xlink:href="#sSpan1080" value="PUNCT"/>
		<feat xlink:href="#sSpan1084" value="CONJ"/>
		<feat xlink:href="#sSpan1089" value="ANEGOPT"/>
		<feat xlink:href="#sSpan1091" value="ART"/>
		<feat xlink:href="#sSpan1094" value="CREL"/>
		<feat xlink:href="#sSpan1096" value="V"/>
		<feat xlink:href="#sSpan1100" value="PREP"/>
		<feat xlink:href="#sSpan1104" value="ART"/>
		<feat xlink:href="#sSpan1107" value="CREL"/>
		<feat xlink:href="#sSpan1109" value="ADV"/>
		<feat xlink:href="#sSpan1113" value="NPROP"/>
		<feat xlink:href="#sSpan1119" value="V"/>
		<feat xlink:href="#sSpan1123" value="PPERO"/>
		<feat xlink:href="#sSpan1126" value="PREP"/>
		<feat xlink:href="#sSpan1130" value="PPERO"/>
		<feat xlink:href="#sSpan1132" value="PUNCT"/>
		<feat xlink:href="#sSpan1137" value="CONJ"/>
		<feat xlink:href="#sSpan1144" value="APST"/>
		<feat xlink:href="#sSpan1148" value="ART"/>
		<feat xlink:href="#sSpan1151" value="N"/>
		<feat xlink:href="#sSpan1153" value="CREL"/>
		<feat xlink:href="#sSpan1158" value="VSTAT"/>
		<feat xlink:href="#sSpan1160" value="V"/>
		<feat xlink:href="#sSpan1164" value="PPERO"/>
		<feat xlink:href="#sSpan1166" value="CONJ"/>
		<feat xlink:href="#sSpan1171" value="APST"/>
		<feat xlink:href="#sSpan1173" value="ART"/>
		<feat xlink:href="#sSpan1177" value="N"/>
		<feat xlink:href="#sSpan1179" value="V"/>
		<feat xlink:href="#sSpan1184" value="PREP"/>
		<feat xlink:href="#sSpan1190" value="NPROP"/>
		<feat xlink:href="#sSpan1193" value="PREP"/>
		<feat xlink:href="#sSpan1198" value="ACAUS"/>
		<feat xlink:href="#sSpan1200" value="PPERS"/>
		<feat xlink:href="#sSpan1202" value="V"/>
		<feat xlink:href="#sSpan1205" value="ADV"/>
		<feat xlink:href="#sSpan1209" value="PREP"/>
		<feat xlink:href="#sSpan1215" value="NPROP"/>
		<feat xlink:href="#sSpan1220" value="ADV"/>
		<feat xlink:href="#sSpan1224" value="CCIRC"/>
		<feat xlink:href="#sSpan1229" value="PPERS"/>
		<feat xlink:href="#sSpan1232" value="V"/>
		<feat xlink:href="#sSpan1235" value="PREP"/>
		<feat xlink:href="#sSpan1239" value="PPERO"/>
		<feat xlink:href="#sSpan1241" value="CONJ"/>
		<feat xlink:href="#sSpan1245" value="ANEGOPT"/>
		<feat xlink:href="#sSpan1248" value="PPERS"/>
		<feat xlink:href="#sSpan1250" value="V"/>
		<feat xlink:href="#sSpan1252" value="PREP"/>
		<feat xlink:href="#sSpan1257" value="PPERO"/>
		<feat xlink:href="#sSpan1259" value="PUNCT"/>
		<feat xlink:href="#sSpan1264" value="CCIRC"/>
		<feat xlink:href="#sSpan1271" value="PPERS"/>
		<feat xlink:href="#sSpan1273" value="V"/>
		<feat xlink:href="#sSpan1275" value="PREP"/>
		<feat xlink:href="#sSpan1279" value="PPERO"/>
		<feat xlink:href="#sSpan1281" value="PREP"/>
		<feat xlink:href="#sSpan1285" value="PPERO"/>
		<feat xlink:href="#sSpan1287" value="ADV"/>
		<feat xlink:href="#sSpan1292" value="IMOD"/>
		<feat xlink:href="#sSpan1296" value="PPERO"/>
		<feat xlink:href="#sSpan1299" value="PTC"/>
		<feat xlink:href="#sSpan1304" value="ART"/>
		<feat xlink:href="#sSpan1309" value="N"/>
		<feat xlink:href="#sSpan1311" value="ADV"/>
		<feat xlink:href="#sSpan1315" value="PREP"/>
		<feat xlink:href="#sSpan1320" value="ART"/>
		<feat xlink:href="#sSpan1324" value="N"/>
		<feat xlink:href="#sSpan1326" value="PREP"/>
		<feat xlink:href="#sSpan1331" value="ART"/>
		<feat xlink:href="#sSpan1334" value="N"/>
		<feat xlink:href="#sSpan1336" value="PUNCT"/>
		<feat xlink:href="#sSpan1340" value="CONJ"/>
		<feat xlink:href="#sSpan1344" value="ACONJ"/>
		<feat xlink:href="#sSpan1349" value="PPERS"/>
		<feat xlink:href="#sSpan1351" value="V"/>
		<feat xlink:href="#sSpan1353" value="PPERO"/>
		<feat xlink:href="#sSpan1355" value="ADV"/>
		<feat xlink:href="#sSpan1360" value="PREP"/>
		<feat xlink:href="#sSpan1364" value="PPOS"/>
		<feat xlink:href="#sSpan1367" value="N"/>
		<feat xlink:href="#sSpan1369" value="CONJ"/>
		<feat xlink:href="#sSpan1374" value="ANEGOPT"/>
		<feat xlink:href="#sSpan1376" value="PPERS"/>
		<feat xlink:href="#sSpan1378" value="V"/>
		<feat xlink:href="#sSpan1380" value="PPERO"/>
		<feat xlink:href="#sSpan1382" value="PREP"/>
		<feat xlink:href="#sSpan1386" value="PPOS"/>
		<feat xlink:href="#sSpan1389" value="N"/>
		<feat xlink:href="#sSpan1391" value="PUNCT"/>
		<feat xlink:href="#sSpan1395" value="CONJ"/>
		<feat xlink:href="#sSpan1399" value="ACONJ"/>
		<feat xlink:href="#sSpan1403" value="PPERS"/>
		<feat xlink:href="#sSpan1405" value="V"/>
		<feat xlink:href="#sSpan1408" value="PPERO"/>
		<feat xlink:href="#sSpan1410" value="ADV"/>
		<feat xlink:href="#sSpan1414" value="PREP"/>
		<feat xlink:href="#sSpan1420" value="PPERO"/>
		<feat xlink:href="#sSpan1422" value="PUNCT"/>
		<feat xlink:href="#sSpan1427" value="EXIST"/>
		<feat xlink:href="#sSpan1435" value="ART"/>
		<feat xlink:href="#sSpan1439" value="N"/>
		<feat xlink:href="#sSpan1442" value="VSTAT"/>
		<feat xlink:href="#sSpan1448" value="ADV"/>
		<feat xlink:href="#sSpan1452" value="PREP"/>
		<feat xlink:href="#sSpan1457" value="ART"/>
		<feat xlink:href="#sSpan1463" value="CREL"/>
		<feat xlink:href="#sSpan1465" value="FUT"/>
		<feat xlink:href="#sSpan1467" value="V"/>
		<feat xlink:href="#sSpan1470" value="ADV"/>
		<feat xlink:href="#sSpan1474" value="PREP"/>
		<feat xlink:href="#sSpan1479" value="PPERO"/>
		<feat xlink:href="#sSpan1481" value="CREL"/>
		<feat xlink:href="#sSpan1485" value="PDEM"/>
		<feat xlink:href="#sSpan1488" value="COP"/>
		<feat xlink:href="#sSpan1492" value="PREP"/>
		<feat xlink:href="#sSpan1497" value="ACAUS"/>
		<feat xlink:href="#sSpan1499" value="ART"/>
		<feat xlink:href="#sSpan1502" value="N"/>
		<feat xlink:href="#sSpan1504" value="PREP"/>
		<feat xlink:href="#sSpan1509" value="PPERO"/>
		<feat xlink:href="#sSpan1512" value="N"/>
		<feat xlink:href="#sSpan1514" value="CCIRC"/>
		<feat xlink:href="#sSpan1518" value="PPERS"/>
		<feat xlink:href="#sSpan1520" value="V"/>
		<feat xlink:href="#sSpan1523" value="PREP"/>
		<feat xlink:href="#sSpan1527" value="PPERO"/>
		<feat xlink:href="#sSpan1529" value="PUNCT"/>
		<feat xlink:href="#sSpan1533" value="CONJ"/>
		<feat xlink:href="#sSpan1537" value="PPERS"/>
		<feat xlink:href="#sSpan1539" value="V"/>
		<feat xlink:href="#sSpan1542" value="PREP"/>
		<feat xlink:href="#sSpan1546" value="ART"/>
		<feat xlink:href="#sSpan1549" value="CREL"/>
		<feat xlink:href="#sSpan1551" value="APST"/>
		<feat xlink:href="#sSpan1553" value="PPERS"/>
		<feat xlink:href="#sSpan1556" value="V"/>
		<feat xlink:href="#sSpan1560" value="PREP"/>
		<feat xlink:href="#sSpan1564" value="PPERO"/>
		<feat xlink:href="#sSpan1566" value="ART"/>
		<feat xlink:href="#sSpan1571" value="N"/>
		<feat xlink:href="#sSpan1576" value="PUNCT"/>
		<feat xlink:href="#sSpan1581" value="V"/>
		<feat xlink:href="#sSpan1588" value="PREP"/>
		<feat xlink:href="#sSpan1592" value="N"/>
		<feat xlink:href="#sSpan1595" value="PREP"/>
		<feat xlink:href="#sSpan1599" value="N"/>
		<feat xlink:href="#sSpan1603" value="ADV"/>
		<feat xlink:href="#sSpan1607" value="PREP"/>
		<feat xlink:href="#sSpan1612" value="PPERO"/>
		<feat xlink:href="#sSpan1614" value="PREP"/>
		<feat xlink:href="#sSpan1618" value="ART"/>
		<feat xlink:href="#sSpan1621" value="N"/>
		<feat xlink:href="#sSpan1624" value="PREP"/>
		<feat xlink:href="#sSpan1629" value="N"/>
		<feat xlink:href="#sSpan1633" value="PUNCT"/>
		<feat xlink:href="#sSpan1638" value="CONJ"/>
		<feat xlink:href="#sSpan1642" value="PPERI"/>
		<feat xlink:href="#sSpan1646" value="ACONJ"/>
		<feat xlink:href="#sSpan1651" value="PPERS"/>
		<feat xlink:href="#sSpan1653" value="V"/>
		<feat xlink:href="#sSpan1655" value="ART"/>
		<feat xlink:href="#sSpan1659" value="N"/>
		<feat xlink:href="#sSpan1661" value="PREP"/>
		<feat xlink:href="#sSpan1666" value="PPERO"/>
		<feat xlink:href="#sSpan1668" value="PUNCT"/>
		<feat xlink:href="#sSpan1672" value="PPERS"/>
		<feat xlink:href="#sSpan1676" value="V"/>
		<feat xlink:href="#sSpan1678" value="PREP"/>
		<feat xlink:href="#sSpan1682" value="PPERO"/>
		<feat xlink:href="#sSpan1684" value="PREP"/>
		<feat xlink:href="#sSpan1689" value="ART"/>
		<feat xlink:href="#sSpan1693" value="N"/>
		<feat xlink:href="#sSpan1696" value="PREP"/>
		<feat xlink:href="#sSpan1701" value="ART"/>
		<feat xlink:href="#sSpan1704" value="N"/>
		<feat xlink:href="#sSpan1706" value="PREP"/>
		<feat xlink:href="#sSpan1711" value="ART"/>
		<feat xlink:href="#sSpan1716" value="N"/>
		<feat xlink:href="#sSpan1718" value="PUNCT"/>
		<feat xlink:href="#sSpan1722" value="CFOC"/>
		<feat xlink:href="#sSpan1728" value="PPERS"/>
		<feat xlink:href="#sSpan1731" value="V"/>
		<feat xlink:href="#sSpan1735" value="ADV"/>
		<feat xlink:href="#sSpan1739" value="PREP"/>
		<feat xlink:href="#sSpan1743" value="PPOS"/>
		<feat xlink:href="#sSpan1746" value="N"/>
		<feat xlink:href="#sSpan1750" value="CONJ"/>
		<feat xlink:href="#sSpan1754" value="ART"/>
		<feat xlink:href="#sSpan1759" value="N"/>
		<feat xlink:href="#sSpan1763" value="PREP"/>
		<feat xlink:href="#sSpan1767" value="N"/>
		<feat xlink:href="#sSpan1769" value="CONJ"/>
		<feat xlink:href="#sSpan1774" value="ART"/>
		<feat xlink:href="#sSpan1778" value="N"/>
		<feat xlink:href="#sSpan1784" value="COP"/>
		<feat xlink:href="#sSpan1790" value="CCIRC"/>
		<feat xlink:href="#sSpan1794" value="PPERS"/>
		<feat xlink:href="#sSpan1796" value="V"/>
		<feat xlink:href="#sSpan1798" value="PREP"/>
		<feat xlink:href="#sSpan1803" value="ART"/>
		<feat xlink:href="#sSpan1807" value="N"/>
		<feat xlink:href="#sSpan1809" value="PREP"/>
		<feat xlink:href="#sSpan1814" value="N"/>
		<feat xlink:href="#sSpan1818" value="CONJ"/>
		<feat xlink:href="#sSpan1823" value="CCIRC"/>
		<feat xlink:href="#sSpan1827" value="PPERS"/>
		<feat xlink:href="#sSpan1829" value="V"/>
		<feat xlink:href="#sSpan1831" value="PREP"/>
		<feat xlink:href="#sSpan1836" value="PPERO"/>
		<feat xlink:href="#sSpan1838" value="PREP"/>
		<feat xlink:href="#sSpan1842" value="PPOS"/>
		<feat xlink:href="#sSpan1846" value="N"/>
		<feat xlink:href="#sSpan1851" value="PUNCT"/>
		<feat xlink:href="#sSpan1855" value="CONJ"/>
		<feat xlink:href="#sSpan1859" value="PREP"/>
		<feat xlink:href="#sSpan1862" value="ART"/>
		<feat xlink:href="#sSpan1864" value="N"/>
		<feat xlink:href="#sSpan1866" value="CREL"/>
		<feat xlink:href="#sSpan1870" value="PPERS"/>
		<feat xlink:href="#sSpan1872" value="FUT"/>
		<feat xlink:href="#sSpan1874" value="V"/>
		<feat xlink:href="#sSpan1877" value="V"/>
		<feat xlink:href="#sSpan1879" value="PPERO"/>
		<feat xlink:href="#sSpan1882" value="NEG"/>
		<feat xlink:href="#sSpan1886" value="PREP"/>
		<feat xlink:href="#sSpan1891" value="V"/>
		<feat xlink:href="#sSpan1896" value="NEG"/>
		<feat xlink:href="#sSpan1901" value="PPERS"/>
		<feat xlink:href="#sSpan1903" value="FUT"/>
		<feat xlink:href="#sSpan1905" value="V"/>
		<feat xlink:href="#sSpan1907" value="V"/>
		<feat xlink:href="#sSpan1911" value="PPERO"/>
		<feat xlink:href="#sSpan1914" value="NEG"/>
		<feat xlink:href="#sSpan1918" value="PREP"/>
		<feat xlink:href="#sSpan1924" value="V"/>
		<feat xlink:href="#sSpan1929" value="PUNCT"/>
		<feat xlink:href="#sSpan1934" value="ART"/>
		<feat xlink:href="#sSpan1943" value="CREL"/>
		<feat xlink:href="#sSpan1945" value="V"/>
		<feat xlink:href="#sSpan1948" value="PTC"/>
		<feat xlink:href="#sSpan1952" value="PREP"/>
		<feat xlink:href="#sSpan1957" value="ART"/>
		<feat xlink:href="#sSpan1960" value="N"/>
		<feat xlink:href="#sSpan1962" value="PREP"/>
		<feat xlink:href="#sSpan1968" value="N"/>
		<feat xlink:href="#sSpan1971" value="PUNCT"/>
		<feat xlink:href="#sSpan1975" value="CCIRC"/>
		<feat xlink:href="#sSpan1980" value="PPERS"/>
		<feat xlink:href="#sSpan1982" value="V"/>
		<feat xlink:href="#sSpan1984" value="PREP"/>
		<feat xlink:href="#sSpan1988" value="ART"/>
		<feat xlink:href="#sSpan1991" value="CREL"/>
		<feat xlink:href="#sSpan1994" value="VSTAT"/>
		<feat xlink:href="#sSpan1996" value="PREP"/>
		<feat xlink:href="#sSpan2000" value="PPERO"/>
		<feat xlink:href="#sSpan2002" value="ART"/>
		<feat xlink:href="#sSpan2010" value="NPROP"/>
		<feat xlink:href="#sSpan2012" value="PUNCT"/>
		<feat xlink:href="#sSpan2016" value="CONJ"/>
		<feat xlink:href="#sSpan2020" value="CFOC"/>
		<feat xlink:href="#sSpan2025" value="PPERS"/>
		<feat xlink:href="#sSpan2028" value="V"/>
		<feat xlink:href="#sSpan2031" value="PREP"/>
		<feat xlink:href="#sSpan2035" value="ART"/>
		<feat xlink:href="#sSpan2038" value="CREL"/>
		<feat xlink:href="#sSpan2041" value="PPERS"/>
		<feat xlink:href="#sSpan2043" value="V"/>
		<feat xlink:href="#sSpan2045" value="PREP"/>
		<feat xlink:href="#sSpan2050" value="PPERO"/>
		<feat xlink:href="#sSpan2052" value="ART"/>
		<feat xlink:href="#sSpan2056" value="N"/>
		<feat xlink:href="#sSpan2058" value="PUNCT"/>
		<feat xlink:href="#sSpan2063" value="ART"/>
		<feat xlink:href="#sSpan2069" value="CREL"/>
		<feat xlink:href="#sSpan2071" value="V"/>
		<feat xlink:href="#sSpan2074" value="PTC"/>
		<feat xlink:href="#sSpan2078" value="PREP"/>
		<feat xlink:href="#sSpan2083" value="ART"/>
		<feat xlink:href="#sSpan2087" value="N"/>
		<feat xlink:href="#sSpan2095" value="CCIRC"/>
		<feat xlink:href="#sSpan2099" value="PPERS"/>
		<feat xlink:href="#sSpan2101" value="V"/>
		<feat xlink:href="#sSpan2103" value="PREP"/>
		<feat xlink:href="#sSpan2107" value="ART"/>
		<feat xlink:href="#sSpan2111" value="N"/>
		<feat xlink:href="#sSpan2113" value="CREL"/>
		<feat xlink:href="#sSpan2117" value="VSTAT"/>
		<feat xlink:href="#sSpan2119" value="PREP"/>
		<feat xlink:href="#sSpan2124" value="PPERO"/>
		<feat xlink:href="#sSpan2126" value="PUNCT"/>
		<feat xlink:href="#sSpan2130" value="CONJ"/>
		<feat xlink:href="#sSpan2134" value="CCIRC"/>
		<feat xlink:href="#sSpan2139" value="PPERS"/>
		<feat xlink:href="#sSpan2142" value="V"/>
		<feat xlink:href="#sSpan2145" value="PREP"/>
		<feat xlink:href="#sSpan2149" value="ART"/>
		<feat xlink:href="#sSpan2153" value="CREL"/>
		<feat xlink:href="#sSpan2156" value="PPERS"/>
		<feat xlink:href="#sSpan2158" value="V"/>
		<feat xlink:href="#sSpan2160" value="PREP"/>
		<feat xlink:href="#sSpan2164" value="PPERO"/>
		<feat xlink:href="#sSpan2167" value="NPROP"/>
		<feat xlink:href="#sSpan2172" value="PUNCT"/>
		<feat xlink:href="#sSpan2177" value="ACOND_PPERS"/>
		<feat xlink:href="#sSpan2184" value="V"/>
		<feat xlink:href="#sSpan2186" value="PPERO"/>
		<feat xlink:href="#sSpan2188" value="CONJ"/>
		<feat xlink:href="#sSpan2192" value="ART"/>
		<feat xlink:href="#sSpan2196" value="N"/>
		<feat xlink:href="#sSpan2198" value="V"/>
		<feat xlink:href="#sSpan2204" value="N"/>
		<feat xlink:href="#sSpan2210" value="PREP"/>
		<feat xlink:href="#sSpan2214" value="PPERO"/>
		<feat xlink:href="#sSpan2216" value="CONJ"/>
		<feat xlink:href="#sSpan2221" value="PPERS"/>
		<feat xlink:href="#sSpan2225" value="V"/>
		<feat xlink:href="#sSpan2227" value="PREP"/>
		<feat xlink:href="#sSpan2232" value="PPERO"/>
		<feat xlink:href="#sSpan2234" value="PUNCT"/>
		<feat xlink:href="#sSpan2239" value="CONJ"/>
		<feat xlink:href="#sSpan2245" value="ART"/>
		<feat xlink:href="#sSpan2251" value="N"/>
		<feat xlink:href="#sSpan2254" value="PTC"/>
		<feat xlink:href="#sSpan2258" value="CCIRC"/>
		<feat xlink:href="#sSpan2263" value="V"/>
		<feat xlink:href="#sSpan2265" value="ADV"/>
		<feat xlink:href="#sSpan2270" value="CONJ"/>
		<feat xlink:href="#sSpan2274" value="PREP"/>
		<feat xlink:href="#sSpan2277" value="PINT"/>
		<feat xlink:href="#sSpan2280" value="PUNCT"/>
		<feat xlink:href="#sSpan2284" value="CONJ"/>
		<feat xlink:href="#sSpan2288" value="AOPT_PPERS"/>
		<feat xlink:href="#sSpan2291" value="V"/>
		<feat xlink:href="#sSpan2294" value="PREP"/>
		<feat xlink:href="#sSpan2298" value="PPERO"/>
		<feat xlink:href="#sSpan2300" value="PUNCT"/>
		<feat xlink:href="#sSpan2304" value="CONJ"/>
		<feat xlink:href="#sSpan2308" value="AOPT_PPERS"/>
		<feat xlink:href="#sSpan2311" value="V"/>
		<feat xlink:href="#sSpan2313" value="PREP"/>
		<feat xlink:href="#sSpan2317" value="PPERO"/>
		<feat xlink:href="#sSpan2319" value="PUNCT"/>
		<feat xlink:href="#sSpan2325" value="CONJ"/>
		<feat xlink:href="#sSpan2332" value="CFOC"/>
		<feat xlink:href="#sSpan2336" value="CPRET"/>
		<feat xlink:href="#sSpan2338" value="PPERS"/>
		<feat xlink:href="#sSpan2340" value="FUT"/>
		<feat xlink:href="#sSpan2343" value="V"/>
		<feat xlink:href="#sSpan2346" value="NEG"/>
		<feat xlink:href="#sSpan2351" value="PREP"/>
		<feat xlink:href="#sSpan2356" value="PPERO"/>
		<feat xlink:href="#sSpan2358" value="PUNCT"/>
		<feat xlink:href="#sSpan2362" value="PREP"/>
		<feat xlink:href="#sSpan2366" value="PINT"/>
		<feat xlink:href="#sSpan2369" value="PREP"/>
		<feat xlink:href="#sSpan2373" value="N"/>
		<feat xlink:href="#sSpan2375" value="PPERS"/>
		<feat xlink:href="#sSpan2379" value="FUT"/>
		<feat xlink:href="#sSpan2381" value="V"/>
		<feat xlink:href="#sSpan2383" value="PPERO"/>
		<feat xlink:href="#sSpan2385" value="CONJ"/>
		<feat xlink:href="#sSpan2390" value="CFOC"/>
		<feat xlink:href="#sSpan2392" value="APST"/>
		<feat xlink:href="#sSpan2394" value="PPERS"/>
		<feat xlink:href="#sSpan2396" value="V"/>
		<feat xlink:href="#sSpan2399" value="PREP"/>
		<feat xlink:href="#sSpan2403" value="V"/>
		<feat xlink:href="#sSpan2405" value="ART"/>
		<feat xlink:href="#sSpan2410" value="N"/>
		<feat xlink:href="#sSpan2414" value="PREP"/>
		<feat xlink:href="#sSpan2418" value="ART"/>
		<feat xlink:href="#sSpan2422" value="N"/>
		<feat xlink:href="#sSpan2425" value="PUNCT"/>
		<feat xlink:href="#sSpan2431" value="CONJ"/>
		<feat xlink:href="#sSpan2438" value="NEG"/>
		<feat xlink:href="#sSpan2442" value="PPERS"/>
		<feat xlink:href="#sSpan2444" value="V"/>
		<feat xlink:href="#sSpan2446" value="NEG"/>
		<feat xlink:href="#sSpan2451" value="PREP"/>
		<feat xlink:href="#sSpan2455" value="ART"/>
		<feat xlink:href="#sSpan2458" value="N"/>
		<feat xlink:href="#sSpan2460" value="PREP"/>
		<feat xlink:href="#sSpan2464" value="PPOS"/>
		<feat xlink:href="#sSpan2468" value="N"/>
		<feat xlink:href="#sSpan2470" value="ADV"/>
		<feat xlink:href="#sSpan2474" value="PREP"/>
		<feat xlink:href="#sSpan2480" value="ART"/>
		<feat xlink:href="#sSpan2483" value="CREL"/>
		<feat xlink:href="#sSpan2485" value="APST"/>
		<feat xlink:href="#sSpan2487" value="PPERS"/>
		<feat xlink:href="#sSpan2489" value="V"/>
		<feat xlink:href="#sSpan2491" value="PPERO"/>
		<feat xlink:href="#sSpan2494" value="CREL"/>
		<feat xlink:href="#sSpan2499" value="PDEM"/>
		<feat xlink:href="#sSpan2502" value="COP"/>
		<feat xlink:href="#sSpan2506" value="CONJ"/>
		<feat xlink:href="#sSpan2510" value="CPRET"/>
		<feat xlink:href="#sSpan2513" value="ART"/>
		<feat xlink:href="#sSpan2517" value="N"/>
		<feat xlink:href="#sSpan2520" value="PTC"/>
		<feat xlink:href="#sSpan2525" value="IMOD"/>
		<feat xlink:href="#sSpan2529" value="PPERO"/>
		<feat xlink:href="#sSpan2531" value="PREP"/>
		<feat xlink:href="#sSpan2535" value="ART"/>
		<feat xlink:href="#sSpan2540" value="N"/>
		<feat xlink:href="#sSpan2544" value="VSTAT"/>
		<feat xlink:href="#sSpan2548" value="ADV"/>
		<feat xlink:href="#sSpan2553" value="PREP"/>
		<feat xlink:href="#sSpan2557" value="PPERO"/>
		<feat xlink:href="#sSpan2559" value="PUNCT"/>
		<feat xlink:href="#sSpan2563" value="CONJ"/>
		<feat xlink:href="#sSpan2567" value="AOPT_PPERS"/>
		<feat xlink:href="#sSpan2569" value="V"/>
		<feat xlink:href="#sSpan2572" value="PREP"/>
		<feat xlink:href="#sSpan2576" value="PPERO"/>
		<feat xlink:href="#sSpan2578" value="PUNCT"/>
		<feat xlink:href="#sSpan2583" value="CONJ"/>
		<feat xlink:href="#sSpan2591" value="PTC"/>
		<feat xlink:href="#sSpan2595" value="ACOND_PPERS"/>
		<feat xlink:href="#sSpan2600" value="V"/>
		<feat xlink:href="#sSpan2602" value="ART"/>
		<feat xlink:href="#sSpan2606" value="N"/>
		<feat xlink:href="#sSpan2609" value="PUNCT"/>
		<feat xlink:href="#sSpan2613" value="ACONJ"/>
		<feat xlink:href="#sSpan2617" value="PPERS"/>
		<feat xlink:href="#sSpan2619" value="V"/>
		<feat xlink:href="#sSpan2622" value="PREP"/>
		<feat xlink:href="#sSpan2627" value="ART"/>
		<feat xlink:href="#sSpan2631" value="N"/>
		<feat xlink:href="#sSpan2633" value="PREP"/>
		<feat xlink:href="#sSpan2637" value="PPOS"/>
		<feat xlink:href="#sSpan2641" value="N"/>
		<feat xlink:href="#sSpan2643" value="PUNCT"/>
		<feat xlink:href="#sSpan2648" value="ACONJ"/>
		<feat xlink:href="#sSpan2653" value="PPERS"/>
		<feat xlink:href="#sSpan2655" value="V"/>
		<feat xlink:href="#sSpan2657" value="ADV"/>
		<feat xlink:href="#sSpan2662" value="PREP"/>
		<feat xlink:href="#sSpan2667" value="ART"/>
		<feat xlink:href="#sSpan2671" value="N"/>
		<feat xlink:href="#sSpan2673" value="CREL"/>
		<feat xlink:href="#sSpan2678" value="APST"/>
		<feat xlink:href="#sSpan2680" value="PPERS"/>
		<feat xlink:href="#sSpan2682" value="V"/>
		<feat xlink:href="#sSpan2684" value="PPERO"/>
		<feat xlink:href="#sSpan2686" value="CONJ"/>
		<feat xlink:href="#sSpan2690" value="APST"/>
		<feat xlink:href="#sSpan2692" value="PPERS"/>
		<feat xlink:href="#sSpan2694" value="V"/>
		<feat xlink:href="#sSpan2697" value="PPERO"/>
		<feat xlink:href="#sSpan2699" value="PUNCT"/>
		<feat xlink:href="#sSpan2704" value="CONJ"/>
		<feat xlink:href="#sSpan2710" value="ADV"/>
		<feat xlink:href="#sSpan2712" value="ACOND_PPERS"/>
		<feat xlink:href="#sSpan2718" value="V"/>
		<feat xlink:href="#sSpan2721" value="PPERO"/>
		<feat xlink:href="#sSpan2723" value="PREP"/>
		<feat xlink:href="#sSpan2727" value="ART"/>
		<feat xlink:href="#sSpan2731" value="N"/>
		<feat xlink:href="#sSpan2734" value="PTC"/>
		<feat xlink:href="#sSpan2738" value="ART"/>
		<feat xlink:href="#sSpan2742" value="N"/>
		<feat xlink:href="#sSpan2745" value="ACONJ"/>
		<feat xlink:href="#sSpan2749" value="PPERS"/>
		<feat xlink:href="#sSpan2751" value="V"/>
		<feat xlink:href="#sSpan2754" value="IMOD"/>
		<feat xlink:href="#sSpan2758" value="PPERO"/>
		<feat xlink:href="#sSpan2760" value="PREP"/>
		<feat xlink:href="#sSpan2765" value="PPERO"/>
		<feat xlink:href="#sSpan2767" value="PREP"/>
		<feat xlink:href="#sSpan2771" value="ART"/>
		<feat xlink:href="#sSpan2773" value="N"/>
		<feat xlink:href="#sSpan2775" value="PREP"/>
		<feat xlink:href="#sSpan2779" value="PPOS"/>
		<feat xlink:href="#sSpan2783" value="N"/>
		<feat xlink:href="#sSpan2787" value="NPROP"/>
		<feat xlink:href="#sSpan2791" value="PUNCT"/>
		<feat xlink:href="#sSpan2796" value="PPOS"/>
		<feat xlink:href="#sSpan2802" value="N"/>
		<feat xlink:href="#sSpan2804" value="V"/>
		<feat xlink:href="#sSpan2808" value="ADV"/>
		<feat xlink:href="#sSpan2813" value="PREP"/>
		<feat xlink:href="#sSpan2817" value="PPOS"/>
		<feat xlink:href="#sSpan2820" value="ART"/>
		<feat xlink:href="#sSpan2823" value="N"/></featList></paula>