<?xml version='1.0' encoding='UTF-8'?><!DOCTYPE paula SYSTEM "paula_feat.dtd">
<paula version="1.1">
	<header paula_id="scriptorium.shenoute.those.GF253-256.mark_verse_n"/>
	<featList xmlns:xlink="http://www.w3.org/1999/xlink" type="verse_n" xml:base="scriptorium.shenoute.those.GF253-256.mark.xml">
		<feat xlink:href="#sSpan9" value="1"/>
		<feat xlink:href="#sSpan247" value="1"/>
		<feat xlink:href="#sSpan377" value="2"/>
		<feat xlink:href="#sSpan587" value="3"/>
		<feat xlink:href="#sSpan720" value="4"/>
		<feat xlink:href="#sSpan831" value="1"/>
		<feat xlink:href="#sSpan964" value="2"/>
		<feat xlink:href="#sSpan1137" value="3"/>
		<feat xlink:href="#sSpan1262" value="4"/>
		<feat xlink:href="#sSpan1425" value="1"/>
		<feat xlink:href="#sSpan1719" value="2"/>
		<feat xlink:href="#sSpan1933" value="1"/>
		<feat xlink:href="#sSpan2173" value="2"/>
		<feat xlink:href="#sSpan2321" value="3"/>
		<feat xlink:href="#sSpan2427" value="4"/>
		<feat xlink:href="#sSpan2579" value="5"/>
		<feat xlink:href="#sSpan2707" value="6"/></featList></paula>