<?xml version='1.0' encoding='UTF-8'?><!DOCTYPE paula SYSTEM "paula_feat.dtd">
<paula version="1.1">
	<header paula_id="scriptorium.shenoute.those.GF253-256.mark_chapter_n"/>
	<featList xmlns:xlink="http://www.w3.org/1999/xlink" type="chapter_n" xml:base="scriptorium.shenoute.those.GF253-256.mark.xml">
		<feat xlink:href="#sSpan8" value="0"/>
		<feat xlink:href="#sSpan250" value="1"/>
		<feat xlink:href="#sSpan835" value="2"/>
		<feat xlink:href="#sSpan1434" value="3"/>
		<feat xlink:href="#sSpan1942" value="4"/></featList></paula>